time,open,high,low,close,volume,bid,ask,spread
2026-06-24 09:20:00,29735.25,29735.50,29733.00,29733.00,63,29733.00,29733.00,0.00
2026-06-24 09:20:01,29734.50,29735.25,29734.25,29734.50,26,29734.50,29734.50,0.00
2026-06-24 09:20:02,29734.50,29735.50,29733.75,29733.75,34,29733.75,29733.75,0.00
2026-06-24 09:20:03,29734.00,29734.50,29731.75,29732.75,63,29732.75,29732.75,0.00
2026-06-24 09:20:04,29732.50,29732.50,29730.25,29730.75,35,29730.75,29730.75,0.00
2026-06-24 09:20:05,29731.00,29732.00,29729.00,29729.75,116,29729.75,29729.75,0.00
2026-06-24 09:20:06,29729.75,29731.50,29729.00,29731.00,45,29731.00,29731.00,0.00
2026-06-24 09:20:07,29731.00,29731.00,29729.75,29729.75,27,29729.75,29729.75,0.00
2026-06-24 09:20:08,29730.00,29732.75,29730.00,29732.75,30,29732.75,29732.75,0.00
2026-06-24 09:20:09,29733.00,29735.00,29733.00,29734.75,23,29734.75,29734.75,0.00
2026-06-24 09:20:10,29735.25,29736.00,29735.25,29736.00,20,29736.00,29736.00,0.00
2026-06-24 09:20:11,29736.25,29736.25,29735.00,29736.25,80,29736.25,29736.25,0.00
2026-06-24 09:20:12,29736.50,29737.75,29736.00,29737.25,41,29737.25,29737.25,0.00
2026-06-24 09:20:13,29737.50,29737.75,29735.75,29736.00,61,29736.00,29736.00,0.00
2026-06-24 09:20:14,29735.75,29736.25,29735.25,29735.25,19,29735.25,29735.25,0.00
2026-06-24 09:20:15,29735.25,29736.00,29734.50,29735.75,19,29735.75,29735.75,0.00
2026-06-24 09:20:16,29735.25,29735.50,29734.75,29735.50,19,29735.50,29735.50,0.00
2026-06-24 09:20:17,29735.00,29735.00,29733.50,29733.50,28,29733.50,29733.50,0.00
2026-06-24 09:20:18,29733.75,29734.25,29731.00,29732.75,102,29732.75,29732.75,0.00
2026-06-24 09:20:19,29733.25,29734.50,29733.25,29734.25,37,29734.25,29734.25,0.00
2026-06-24 09:20:20,29733.75,29736.25,29733.50,29734.75,76,29734.75,29734.75,0.00
2026-06-24 09:20:21,29734.75,29735.50,29734.25,29734.75,18,29734.75,29734.75,0.00
2026-06-24 09:20:22,29734.75,29735.25,29733.75,29734.75,22,29734.75,29734.75,0.00
2026-06-24 09:20:23,29734.50,29735.25,29734.50,29735.00,17,29735.00,29735.00,0.00
2026-06-24 09:20:24,29735.00,29735.75,29733.50,29734.25,25,29734.25,29734.25,0.00
2026-06-24 09:20:25,29734.75,29736.25,29734.50,29736.25,27,29736.25,29736.25,0.00
2026-06-24 09:20:26,29735.50,29738.75,29735.50,29737.50,64,29737.50,29737.50,0.00
2026-06-24 09:20:27,29737.25,29738.50,29737.25,29738.25,48,29738.25,29738.25,0.00
2026-06-24 09:20:28,29738.25,29739.25,29737.75,29737.75,49,29737.75,29737.75,0.00
2026-06-24 09:20:29,29737.75,29739.50,29737.75,29739.25,24,29739.25,29739.25,0.00
2026-06-24 09:20:30,29739.25,29739.25,29737.75,29739.00,26,29739.00,29739.00,0.00
2026-06-24 09:20:31,29739.00,29739.50,29738.25,29738.50,38,29738.50,29738.50,0.00
2026-06-24 09:20:32,29738.00,29738.75,29737.25,29738.75,32,29738.75,29738.75,0.00
2026-06-24 09:20:33,29738.50,29738.50,29737.25,29737.50,25,29737.50,29737.50,0.00
2026-06-24 09:20:34,29737.25,29737.25,29734.50,29735.50,41,29735.50,29735.50,0.00
2026-06-24 09:20:35,29736.00,29737.75,29736.00,29737.75,17,29737.75,29737.75,0.00
2026-06-24 09:20:36,29737.75,29738.50,29737.25,29737.50,27,29737.50,29737.50,0.00
2026-06-24 09:20:37,29738.25,29738.25,29737.50,29737.75,12,29737.75,29737.75,0.00
2026-06-24 09:20:38,29738.00,29740.00,29737.75,29738.75,58,29738.75,29738.75,0.00
2026-06-24 09:20:39,29739.50,29742.25,29739.00,29741.75,134,29741.75,29741.75,0.00
2026-06-24 09:20:40,29741.50,29741.50,29740.50,29741.25,50,29741.25,29741.25,0.00
2026-06-24 09:20:41,29741.25,29742.50,29741.00,29742.25,32,29742.25,29742.25,0.00
2026-06-24 09:20:42,29742.25,29742.50,29741.25,29742.00,43,29742.00,29742.00,0.00
2026-06-24 09:20:43,29741.50,29743.00,29741.25,29742.50,47,29742.50,29742.50,0.00
2026-06-24 09:20:44,29742.25,29745.75,29742.25,29744.50,102,29744.50,29744.50,0.00
2026-06-24 09:20:45,29745.00,29747.25,29744.75,29747.25,62,29747.25,29747.25,0.00
2026-06-24 09:20:46,29747.00,29747.25,29746.25,29746.25,50,29746.25,29746.25,0.00
2026-06-24 09:20:47,29746.50,29747.00,29745.50,29746.50,40,29746.50,29746.50,0.00
2026-06-24 09:20:48,29746.00,29747.25,29745.75,29746.50,32,29746.50,29746.50,0.00
2026-06-24 09:20:49,29747.00,29748.00,29746.50,29747.25,61,29747.25,29747.25,0.00
2026-06-24 09:20:50,29747.50,29749.25,29747.00,29747.75,85,29747.75,29747.75,0.00
2026-06-24 09:20:51,29747.50,29748.50,29747.25,29747.25,26,29747.25,29747.25,0.00
2026-06-24 09:20:52,29747.25,29748.25,29746.50,29747.25,57,29747.25,29747.25,0.00
2026-06-24 09:20:53,29747.75,29748.00,29747.00,29747.25,22,29747.25,29747.25,0.00
2026-06-24 09:20:54,29747.25,29747.75,29746.75,29747.75,31,29747.75,29747.75,0.00
2026-06-24 09:20:55,29747.00,29748.50,29747.00,29748.00,17,29748.00,29748.00,0.00
2026-06-24 09:20:56,29749.00,29750.00,29748.50,29749.25,30,29749.25,29749.25,0.00
2026-06-24 09:20:57,29749.50,29749.75,29748.50,29749.00,47,29749.00,29749.00,0.00
2026-06-24 09:20:58,29749.25,29749.50,29749.00,29749.00,12,29749.00,29749.00,0.00
2026-06-24 09:20:59,29749.00,29751.25,29749.00,29750.25,56,29750.25,29750.25,0.00
2026-06-24 09:21:00,29750.50,29751.00,29750.25,29750.25,16,29750.25,29750.25,0.00
2026-06-24 09:21:01,29749.50,29750.00,29748.50,29749.50,39,29749.50,29749.50,0.00
2026-06-24 09:21:02,29749.50,29750.25,29748.75,29748.75,32,29748.75,29748.75,0.00
2026-06-24 09:21:03,29749.00,29752.00,29748.75,29750.00,56,29750.00,29750.00,0.00
2026-06-24 09:21:04,29750.00,29751.25,29749.50,29750.75,51,29750.75,29750.75,0.00
2026-06-24 09:21:05,29750.25,29751.00,29750.00,29750.50,16,29750.50,29750.50,0.00
2026-06-24 09:21:06,29751.00,29752.50,29751.00,29752.00,33,29752.00,29752.00,0.00
2026-06-24 09:21:07,29752.75,29752.75,29751.25,29752.00,93,29752.00,29752.00,0.00
2026-06-24 09:21:08,29751.25,29752.00,29751.00,29752.00,32,29752.00,29752.00,0.00
2026-06-24 09:21:09,29751.75,29752.00,29750.50,29750.75,19,29750.75,29750.75,0.00
2026-06-24 09:21:10,29750.25,29753.25,29750.00,29751.25,61,29751.25,29751.25,0.00
2026-06-24 09:21:11,29751.75,29752.50,29750.50,29751.00,64,29751.00,29751.00,0.00
2026-06-24 09:21:12,29750.75,29751.00,29748.75,29748.75,64,29748.75,29748.75,0.00
2026-06-24 09:21:13,29749.00,29749.25,29745.50,29746.25,94,29746.25,29746.25,0.00
2026-06-24 09:21:14,29746.00,29747.25,29745.75,29746.25,47,29746.25,29746.25,0.00
2026-06-24 09:21:15,29746.50,29747.75,29746.25,29746.75,60,29746.75,29746.75,0.00
2026-06-24 09:21:16,29747.50,29747.50,29744.50,29746.00,63,29746.00,29746.00,0.00
2026-06-24 09:21:17,29746.00,29746.00,29744.50,29745.75,67,29745.75,29745.75,0.00
2026-06-24 09:21:18,29745.75,29746.50,29745.75,29745.75,20,29745.75,29745.75,0.00
2026-06-24 09:21:19,29745.50,29746.50,29744.00,29744.75,40,29744.75,29744.75,0.00
2026-06-24 09:21:20,29745.00,29745.00,29742.50,29744.50,68,29744.50,29744.50,0.00
2026-06-24 09:21:21,29744.75,29746.50,29744.50,29745.00,74,29745.00,29745.00,0.00
2026-06-24 09:21:22,29744.75,29745.75,29744.50,29745.25,21,29745.25,29745.25,0.00
2026-06-24 09:21:23,29745.75,29746.50,29745.25,29745.50,20,29745.50,29745.50,0.00
2026-06-24 09:21:24,29745.50,29746.25,29745.00,29745.00,18,29745.00,29745.00,0.00
2026-06-24 09:21:25,29745.50,29746.50,29745.25,29746.50,30,29746.50,29746.50,0.00
2026-06-24 09:21:26,29746.50,29746.50,29743.75,29744.75,39,29744.75,29744.75,0.00
2026-06-24 09:21:27,29744.50,29744.50,29742.50,29742.75,19,29742.75,29742.75,0.00
2026-06-24 09:21:28,29742.75,29743.25,29742.25,29742.75,28,29742.75,29742.75,0.00
2026-06-24 09:21:29,29743.00,29743.00,29741.00,29742.50,45,29742.50,29742.50,0.00
2026-06-24 09:21:30,29741.75,29741.75,29739.75,29740.00,62,29740.00,29740.00,0.00
2026-06-24 09:21:31,29739.75,29740.00,29736.50,29737.75,129,29737.75,29737.75,0.00
2026-06-24 09:21:32,29737.25,29739.00,29737.00,29738.25,49,29738.25,29738.25,0.00
2026-06-24 09:21:33,29738.75,29739.50,29738.00,29738.25,34,29738.25,29738.25,0.00
2026-06-24 09:21:34,29738.25,29738.50,29737.50,29737.75,7,29737.75,29737.75,0.00
2026-06-24 09:21:35,29738.25,29739.50,29737.50,29738.75,23,29738.75,29738.75,0.00
2026-06-24 09:21:36,29738.75,29738.75,29735.25,29735.25,56,29735.25,29735.25,0.00
2026-06-24 09:21:37,29735.50,29736.25,29734.75,29735.75,56,29735.75,29735.75,0.00
2026-06-24 09:21:38,29736.00,29736.00,29733.00,29733.50,68,29733.50,29733.50,0.00
2026-06-24 09:21:39,29733.50,29734.50,29733.50,29734.25,25,29734.25,29734.25,0.00
2026-06-24 09:21:40,29734.75,29736.75,29733.50,29734.50,96,29734.50,29734.50,0.00
2026-06-24 09:21:41,29734.25,29735.00,29733.75,29734.50,15,29734.50,29734.50,0.00
2026-06-24 09:21:42,29734.50,29735.75,29734.50,29735.50,18,29735.50,29735.50,0.00
2026-06-24 09:21:43,29735.25,29735.50,29733.75,29733.75,38,29733.75,29733.75,0.00
2026-06-24 09:21:44,29733.75,29735.25,29733.50,29735.25,10,29735.25,29735.25,0.00
2026-06-24 09:21:45,29734.75,29735.00,29734.50,29734.50,10,29734.50,29734.50,0.00
2026-06-24 09:21:46,29734.50,29734.50,29733.75,29734.25,17,29734.25,29734.25,0.00
2026-06-24 09:21:47,29733.75,29734.25,29733.75,29734.25,5,29734.25,29734.25,0.00
2026-06-24 09:21:48,29734.50,29735.50,29734.00,29735.50,29,29735.50,29735.50,0.00
2026-06-24 09:21:49,29734.75,29737.00,29734.50,29736.00,60,29736.00,29736.00,0.00
2026-06-24 09:21:50,29736.25,29736.25,29735.25,29735.25,25,29735.25,29735.25,0.00
2026-06-24 09:21:51,29735.75,29735.75,29732.50,29734.75,40,29734.75,29734.75,0.00
2026-06-24 09:21:52,29735.00,29737.75,29735.00,29737.25,26,29737.25,29737.25,0.00
2026-06-24 09:21:53,29737.00,29737.50,29735.50,29736.25,26,29736.25,29736.25,0.00
2026-06-24 09:21:54,29735.75,29735.75,29731.75,29731.75,29,29731.75,29731.75,0.00
2026-06-24 09:21:55,29732.00,29732.75,29729.75,29730.00,47,29730.00,29730.00,0.00
2026-06-24 09:21:56,29729.75,29730.25,29727.75,29729.50,103,29729.50,29729.50,0.00
2026-06-24 09:21:57,29730.25,29731.00,29729.75,29730.25,19,29730.25,29730.25,0.00
2026-06-24 09:21:58,29730.25,29731.25,29730.00,29730.75,27,29730.75,29730.75,0.00
2026-06-24 09:21:59,29731.25,29731.50,29728.75,29729.75,86,29729.75,29729.75,0.00
2026-06-24 09:22:00,29729.25,29729.75,29728.75,29729.50,17,29729.50,29729.50,0.00
2026-06-24 09:22:01,29729.75,29731.25,29729.00,29730.75,33,29730.75,29730.75,0.00
2026-06-24 09:22:02,29731.00,29731.25,29730.50,29730.50,10,29730.50,29730.50,0.00
2026-06-24 09:22:03,29731.50,29731.50,29729.75,29730.00,36,29730.00,29730.00,0.00
2026-06-24 09:22:04,29729.25,29729.50,29728.50,29728.50,29,29728.50,29728.50,0.00
2026-06-24 09:22:05,29728.50,29729.50,29725.75,29727.50,190,29727.50,29727.50,0.00
2026-06-24 09:22:06,29727.75,29729.25,29727.50,29729.00,53,29729.00,29729.00,0.00
2026-06-24 09:22:07,29729.00,29729.00,29727.25,29727.25,29,29727.25,29727.25,0.00
2026-06-24 09:22:08,29728.25,29728.75,29727.75,29728.75,14,29728.75,29728.75,0.00
2026-06-24 09:22:09,29728.00,29728.25,29725.00,29727.75,107,29727.75,29727.75,0.00
2026-06-24 09:22:10,29727.25,29727.75,29726.00,29727.00,52,29727.00,29727.00,0.00
2026-06-24 09:22:11,29726.50,29728.00,29726.25,29727.75,22,29727.75,29727.75,0.00
2026-06-24 09:22:12,29727.75,29731.75,29727.75,29731.25,82,29731.25,29731.25,0.00
2026-06-24 09:22:13,29731.25,29731.25,29729.00,29729.50,39,29729.50,29729.50,0.00
2026-06-24 09:22:14,29729.25,29730.00,29728.50,29730.00,19,29730.00,29730.00,0.00
2026-06-24 09:22:15,29729.50,29730.50,29729.25,29729.25,12,29729.25,29729.25,0.00
2026-06-24 09:22:16,29729.25,29730.00,29728.25,29730.00,11,29730.00,29730.00,0.00
2026-06-24 09:22:17,29729.25,29729.75,29729.00,29729.75,20,29729.75,29729.75,0.00
2026-06-24 09:22:18,29730.00,29730.75,29730.00,29730.00,7,29730.00,29730.00,0.00
2026-06-24 09:22:19,29730.25,29730.75,29729.75,29730.50,13,29730.50,29730.50,0.00
2026-06-24 09:22:20,29730.50,29730.50,29729.50,29730.00,6,29730.00,29730.00,0.00
2026-06-24 09:22:21,29729.50,29729.50,29727.75,29727.75,8,29727.75,29727.75,0.00
2026-06-24 09:22:22,29727.75,29728.50,29727.75,29728.50,7,29728.50,29728.50,0.00
2026-06-24 09:22:23,29727.75,29727.75,29724.75,29724.75,49,29724.75,29724.75,0.00
2026-06-24 09:22:24,29724.75,29725.25,29723.00,29725.25,107,29725.25,29725.25,0.00
2026-06-24 09:22:25,29724.75,29725.75,29723.00,29723.25,37,29723.25,29723.25,0.00
2026-06-24 09:22:26,29723.50,29725.75,29721.75,29725.25,63,29725.25,29725.25,0.00
2026-06-24 09:22:27,29725.75,29726.25,29724.25,29725.25,46,29725.25,29725.25,0.00
2026-06-24 09:22:28,29725.50,29726.00,29725.25,29726.00,14,29726.00,29726.00,0.00
2026-06-24 09:22:29,29726.25,29726.50,29725.25,29725.25,11,29725.25,29725.25,0.00
2026-06-24 09:22:30,29725.75,29727.25,29725.25,29726.25,61,29726.25,29726.25,0.00
2026-06-24 09:22:31,29726.25,29726.25,29724.25,29724.50,15,29724.50,29724.50,0.00
2026-06-24 09:22:32,29723.50,29725.50,29723.00,29724.25,39,29724.25,29724.25,0.00
2026-06-24 09:22:33,29724.50,29725.75,29723.75,29724.75,16,29724.75,29724.75,0.00
2026-06-24 09:22:34,29724.75,29728.75,29724.50,29728.00,42,29728.00,29728.00,0.00
2026-06-24 09:22:35,29727.75,29728.75,29727.50,29728.75,13,29728.75,29728.75,0.00
2026-06-24 09:22:36,29729.00,29729.00,29727.75,29728.00,20,29728.00,29728.00,0.00
2026-06-24 09:22:37,29728.25,29729.50,29728.00,29728.00,33,29728.00,29728.00,0.00
2026-06-24 09:22:38,29728.00,29729.50,29727.00,29727.00,29,29727.00,29727.00,0.00
2026-06-24 09:22:39,29727.00,29727.75,29726.25,29726.25,12,29726.25,29726.25,0.00
2026-06-24 09:22:40,29726.25,29726.25,29725.25,29725.75,12,29725.75,29725.75,0.00
2026-06-24 09:22:41,29725.25,29726.50,29725.00,29725.75,16,29725.75,29725.75,0.00
2026-06-24 09:22:42,29725.75,29727.25,29724.75,29726.25,17,29726.25,29726.25,0.00
2026-06-24 09:22:43,29726.00,29727.50,29726.00,29727.25,15,29727.25,29727.25,0.00
2026-06-24 09:22:44,29727.00,29727.50,29724.75,29724.75,20,29724.75,29724.75,0.00
2026-06-24 09:22:45,29724.75,29724.75,29722.50,29724.50,41,29724.50,29724.50,0.00
2026-06-24 09:22:46,29723.75,29724.50,29723.75,29724.00,15,29724.00,29724.00,0.00
2026-06-24 09:22:47,29724.25,29724.50,29723.75,29724.25,10,29724.25,29724.25,0.00
2026-06-24 09:22:48,29724.75,29725.00,29723.50,29723.50,24,29723.50,29723.50,0.00
2026-06-24 09:22:49,29723.25,29724.00,29723.00,29724.00,24,29724.00,29724.00,0.00
2026-06-24 09:22:50,29723.75,29724.75,29723.75,29724.25,10,29724.25,29724.25,0.00
2026-06-24 09:22:51,29723.50,29724.00,29723.00,29724.00,9,29724.00,29724.00,0.00
2026-06-24 09:22:52,29723.25,29725.00,29723.25,29725.00,12,29725.00,29725.00,0.00
2026-06-24 09:22:53,29725.25,29725.25,29724.00,29724.75,11,29724.75,29724.75,0.00
2026-06-24 09:22:54,29724.50,29726.50,29724.50,29726.25,17,29726.25,29726.25,0.00
2026-06-24 09:22:55,29726.50,29729.25,29725.50,29728.50,72,29728.50,29728.50,0.00
2026-06-24 09:22:56,29730.00,29732.00,29729.50,29729.75,31,29729.75,29729.75,0.00
2026-06-24 09:22:57,29729.50,29730.25,29729.00,29729.25,45,29729.25,29729.25,0.00
2026-06-24 09:22:58,29729.25,29729.25,29727.75,29728.50,13,29728.50,29728.50,0.00
2026-06-24 09:22:59,29727.75,29729.00,29727.75,29729.00,19,29729.00,29729.00,0.00
2026-06-24 09:23:00,29728.25,29728.50,29727.75,29728.25,16,29728.25,29728.25,0.00
2026-06-24 09:23:01,29728.25,29729.00,29728.00,29728.50,27,29728.50,29728.50,0.00
2026-06-24 09:23:02,29728.50,29728.50,29727.75,29728.50,16,29728.50,29728.50,0.00
2026-06-24 09:23:03,29728.00,29728.00,29727.25,29727.50,19,29727.50,29727.50,0.00
2026-06-24 09:23:04,29728.25,29729.00,29727.50,29728.25,50,29728.25,29728.25,0.00
2026-06-24 09:23:05,29727.75,29729.00,29727.75,29729.00,9,29729.00,29729.00,0.00
2026-06-24 09:23:06,29729.50,29729.75,29728.25,29729.00,41,29729.00,29729.00,0.00
2026-06-24 09:23:07,29729.00,29729.00,29725.75,29726.50,34,29726.50,29726.50,0.00
2026-06-24 09:23:08,29726.00,29727.50,29726.00,29726.75,27,29726.75,29726.75,0.00
2026-06-24 09:23:09,29727.50,29728.00,29727.00,29727.25,28,29727.25,29727.25,0.00
2026-06-24 09:23:10,29727.25,29727.50,29726.75,29727.25,15,29727.25,29727.25,0.00
2026-06-24 09:23:11,29727.50,29729.00,29727.00,29729.00,25,29729.00,29729.00,0.00
2026-06-24 09:23:12,29729.25,29730.50,29729.25,29730.25,11,29730.25,29730.25,0.00
2026-06-24 09:23:13,29730.25,29730.75,29729.50,29729.50,13,29729.50,29729.50,0.00
2026-06-24 09:23:14,29729.00,29730.75,29728.50,29730.75,22,29730.75,29730.75,0.00
2026-06-24 09:23:15,29730.25,29731.50,29730.00,29730.00,22,29730.00,29730.00,0.00
2026-06-24 09:23:16,29729.75,29730.75,29728.00,29728.00,25,29728.00,29728.00,0.00
2026-06-24 09:23:17,29727.50,29727.50,29723.00,29723.25,43,29723.25,29723.25,0.00
2026-06-24 09:23:18,29724.75,29726.00,29724.50,29725.50,21,29725.50,29725.50,0.00
2026-06-24 09:23:19,29725.25,29726.75,29725.25,29725.75,20,29725.75,29725.75,0.00
2026-06-24 09:23:20,29725.75,29726.25,29725.00,29725.25,10,29725.25,29725.25,0.00
2026-06-24 09:23:21,29724.75,29724.75,29719.75,29720.75,132,29720.75,29720.75,0.00
2026-06-24 09:23:22,29721.00,29721.75,29720.50,29720.75,41,29720.75,29720.75,0.00
2026-06-24 09:23:23,29720.75,29722.00,29720.50,29721.50,41,29721.50,29721.50,0.00
2026-06-24 09:23:24,29721.75,29721.75,29720.50,29721.25,28,29721.25,29721.25,0.00
2026-06-24 09:23:25,29720.75,29722.75,29720.50,29722.75,26,29722.75,29722.75,0.00
2026-06-24 09:23:26,29722.75,29722.75,29721.50,29721.50,12,29721.50,29721.50,0.00
2026-06-24 09:23:27,29721.50,29721.75,29720.50,29721.00,7,29721.00,29721.00,0.00
2026-06-24 09:23:28,29720.75,29721.25,29719.50,29719.50,29,29719.50,29719.50,0.00
2026-06-24 09:23:29,29719.75,29720.25,29719.75,29719.75,10,29719.75,29719.75,0.00
2026-06-24 09:23:30,29719.75,29721.25,29715.75,29715.75,91,29715.75,29715.75,0.00
2026-06-24 09:23:31,29715.75,29717.00,29715.25,29715.75,84,29715.75,29715.75,0.00
2026-06-24 09:23:32,29715.25,29717.25,29714.75,29716.25,64,29716.25,29716.25,0.00
2026-06-24 09:23:33,29716.50,29717.75,29715.50,29716.50,50,29716.50,29716.50,0.00
2026-06-24 09:23:34,29716.75,29717.00,29714.75,29715.25,39,29715.25,29715.25,0.00
2026-06-24 09:23:35,29715.50,29715.50,29713.75,29714.00,107,29714.00,29714.00,0.00
2026-06-24 09:23:36,29714.75,29715.25,29712.75,29714.00,60,29714.00,29714.00,0.00
2026-06-24 09:23:37,29714.00,29714.75,29713.75,29714.25,27,29714.25,29714.25,0.00
2026-06-24 09:23:38,29714.25,29717.00,29714.25,29716.75,24,29716.75,29716.75,0.00
2026-06-24 09:23:39,29716.25,29718.25,29715.50,29718.25,59,29718.25,29718.25,0.00
2026-06-24 09:23:40,29718.25,29718.25,29716.50,29716.50,25,29716.50,29716.50,0.00
2026-06-24 09:23:41,29717.50,29717.75,29716.75,29716.75,29,29716.75,29716.75,0.00
2026-06-24 09:23:42,29716.75,29717.50,29716.00,29716.50,33,29716.50,29716.50,0.00
2026-06-24 09:23:43,29716.25,29717.50,29716.00,29717.50,30,29717.50,29717.50,0.00
2026-06-24 09:23:44,29717.50,29717.75,29717.00,29717.00,9,29717.00,29717.00,0.00
2026-06-24 09:23:45,29717.50,29717.75,29716.25,29716.25,20,29716.25,29716.25,0.00
2026-06-24 09:23:46,29715.75,29716.25,29714.75,29714.75,14,29714.75,29714.75,0.00
2026-06-24 09:23:47,29714.50,29715.00,29714.00,29714.25,12,29714.25,29714.25,0.00
2026-06-24 09:23:48,29714.00,29715.00,29713.75,29713.75,23,29713.75,29713.75,0.00
2026-06-24 09:23:49,29713.75,29714.75,29712.50,29714.50,55,29714.50,29714.50,0.00
2026-06-24 09:23:50,29714.50,29715.25,29714.25,29715.25,12,29715.25,29715.25,0.00
2026-06-24 09:23:51,29714.50,29715.75,29714.25,29714.50,25,29714.50,29714.50,0.00
2026-06-24 09:23:52,29715.50,29717.25,29715.50,29716.25,23,29716.25,29716.25,0.00
2026-06-24 09:23:53,29716.75,29717.50,29716.75,29716.75,10,29716.75,29716.75,0.00
2026-06-24 09:23:54,29716.50,29716.50,29716.00,29716.25,9,29716.25,29716.25,0.00
2026-06-24 09:23:55,29715.75,29716.75,29715.75,29716.75,9,29716.75,29716.75,0.00
2026-06-24 09:23:56,29716.75,29717.25,29716.75,29717.25,3,29717.25,29717.25,0.00
2026-06-24 09:23:57,29716.25,29717.00,29715.25,29716.50,36,29716.50,29716.50,0.00
2026-06-24 09:23:58,29716.50,29716.50,29715.00,29716.00,30,29716.00,29716.00,0.00
2026-06-24 09:23:59,29716.75,29716.75,29716.75,29716.75,41,29716.75,29716.75,0.00
2026-06-24 09:24:00,29716.50,29717.00,29713.00,29714.00,58,29714.00,29714.00,0.00
2026-06-24 09:24:01,29713.75,29714.50,29712.00,29712.00,26,29712.00,29712.00,0.00
2026-06-24 09:24:02,29711.75,29712.50,29709.00,29709.50,87,29709.50,29709.50,0.00
2026-06-24 09:24:03,29709.00,29709.50,29707.75,29708.25,65,29708.25,29708.25,0.00
2026-06-24 09:24:04,29708.00,29711.25,29708.00,29709.50,119,29709.50,29709.50,0.00
2026-06-24 09:24:05,29709.50,29709.75,29708.00,29708.75,24,29708.75,29708.75,0.00
2026-06-24 09:24:06,29708.50,29709.75,29706.75,29709.00,82,29709.00,29709.00,0.00
2026-06-24 09:24:07,29709.75,29710.50,29709.50,29710.00,59,29710.00,29710.00,0.00
2026-06-24 09:24:08,29709.50,29713.25,29709.50,29712.25,56,29712.25,29712.25,0.00
2026-06-24 09:24:09,29712.25,29712.75,29709.50,29710.00,82,29710.00,29710.00,0.00
2026-06-24 09:24:10,29709.75,29710.25,29709.25,29710.00,25,29710.00,29710.00,0.00
2026-06-24 09:24:11,29709.50,29710.75,29708.25,29708.25,73,29708.25,29708.25,0.00
2026-06-24 09:24:12,29708.25,29709.00,29707.00,29707.75,51,29707.75,29707.75,0.00
2026-06-24 09:24:13,29708.25,29709.00,29707.75,29708.25,29,29708.25,29708.25,0.00
2026-06-24 09:24:14,29707.75,29709.25,29707.00,29708.00,22,29708.00,29708.00,0.00
2026-06-24 09:24:15,29708.25,29709.00,29706.00,29706.75,43,29706.75,29706.75,0.00
2026-06-24 09:24:16,29706.75,29707.25,29706.25,29706.50,43,29706.50,29706.50,0.00
2026-06-24 09:24:17,29707.00,29708.00,29706.50,29708.00,18,29708.00,29708.00,0.00
2026-06-24 09:24:18,29707.25,29708.50,29707.00,29708.50,20,29708.50,29708.50,0.00
2026-06-24 09:24:19,29708.50,29709.75,29708.25,29709.50,42,29709.50,29709.50,0.00
2026-06-24 09:24:20,29708.75,29709.75,29706.00,29706.00,49,29706.00,29706.00,0.00
2026-06-24 09:24:21,29706.50,29706.75,29705.25,29705.75,28,29705.75,29705.75,0.00
2026-06-24 09:24:22,29705.25,29707.50,29705.25,29706.25,30,29706.25,29706.25,0.00
2026-06-24 09:24:23,29705.75,29705.75,29701.25,29701.25,140,29701.25,29701.25,0.00
2026-06-24 09:24:24,29701.25,29702.00,29698.75,29699.50,111,29699.50,29699.50,0.00
2026-06-24 09:24:25,29699.25,29700.75,29698.50,29699.75,67,29699.75,29699.75,0.00
2026-06-24 09:24:26,29699.25,29701.00,29699.00,29700.25,47,29700.25,29700.25,0.00
2026-06-24 09:24:27,29701.00,29701.25,29699.50,29700.25,33,29700.25,29700.25,0.00
2026-06-24 09:24:28,29699.50,29700.25,29699.00,29699.50,24,29699.50,29699.50,0.00
2026-06-24 09:24:29,29699.00,29699.50,29695.25,29697.00,190,29697.00,29697.00,0.00
2026-06-24 09:24:30,29697.25,29697.25,29692.25,29694.25,189,29694.25,29694.25,0.00
2026-06-24 09:24:31,29694.25,29695.00,29693.50,29695.00,83,29695.00,29695.00,0.00
2026-06-24 09:24:32,29694.50,29695.25,29693.25,29693.75,60,29693.75,29693.75,0.00
2026-06-24 09:24:33,29693.25,29693.50,29691.75,29692.50,92,29692.50,29692.50,0.00
2026-06-24 09:24:34,29693.25,29694.25,29693.00,29693.00,35,29693.00,29693.00,0.00
2026-06-24 09:24:35,29694.25,29698.25,29694.25,29696.75,84,29696.75,29696.75,0.00
2026-06-24 09:24:36,29697.00,29698.75,29696.50,29698.25,35,29698.25,29698.25,0.00
2026-06-24 09:24:37,29697.00,29711.00,29697.00,29708.50,605,29708.50,29708.50,0.00
2026-06-24 09:24:38,29708.25,29709.75,29705.50,29706.75,159,29706.75,29706.75,0.00
2026-06-24 09:24:39,29706.25,29711.00,29705.00,29709.75,84,29709.75,29709.75,0.00
2026-06-24 09:24:40,29710.75,29711.50,29710.00,29711.25,59,29711.25,29711.25,0.00
2026-06-24 09:24:41,29711.00,29712.25,29709.50,29711.25,110,29711.25,29711.25,0.00
2026-06-24 09:24:42,29711.25,29718.50,29711.00,29716.50,315,29716.50,29716.50,0.00
2026-06-24 09:24:43,29716.50,29717.75,29714.75,29715.75,125,29715.75,29715.75,0.00
2026-06-24 09:24:44,29715.75,29715.75,29714.00,29714.75,49,29714.75,29714.75,0.00
2026-06-24 09:24:45,29714.00,29715.75,29712.00,29715.25,115,29715.25,29715.25,0.00
2026-06-24 09:24:46,29715.75,29715.75,29711.25,29713.00,98,29713.00,29713.00,0.00
2026-06-24 09:24:47,29712.75,29715.25,29712.25,29714.00,41,29714.00,29714.00,0.00
2026-06-24 09:24:48,29713.75,29715.50,29713.00,29715.25,43,29715.25,29715.25,0.00
2026-06-24 09:24:49,29715.50,29715.75,29714.00,29714.25,22,29714.25,29714.25,0.00
2026-06-24 09:24:50,29714.00,29714.50,29711.25,29711.25,27,29711.25,29711.25,0.00
2026-06-24 09:24:51,29711.50,29711.50,29709.75,29710.50,47,29710.50,29710.50,0.00
2026-06-24 09:24:52,29710.25,29710.25,29705.50,29708.00,122,29708.00,29708.00,0.00
2026-06-24 09:24:53,29707.50,29724.00,29707.50,29716.75,569,29716.75,29716.75,0.00
2026-06-24 09:24:54,29716.50,29721.75,29715.50,29721.75,172,29721.75,29721.75,0.00
2026-06-24 09:24:55,29721.00,29741.50,29720.75,29738.50,406,29738.50,29738.50,0.00
2026-06-24 09:24:56,29739.50,29751.00,29739.25,29742.25,354,29742.25,29742.25,0.00
2026-06-24 09:24:57,29743.25,29745.50,29736.00,29737.00,201,29737.00,29737.00,0.00
2026-06-24 09:24:58,29736.25,29738.50,29735.50,29736.75,90,29736.75,29736.75,0.00
2026-06-24 09:24:59,29737.50,29739.75,29735.75,29735.75,87,29735.75,29735.75,0.00
2026-06-24 09:25:00,29736.75,29736.75,29734.00,29735.50,89,29735.50,29735.50,0.00
2026-06-24 09:25:01,29736.75,29756.00,29736.75,29745.50,396,29745.50,29745.50,0.00
2026-06-24 09:25:02,29747.25,29752.75,29746.25,29750.75,96,29750.75,29750.75,0.00
2026-06-24 09:25:03,29750.75,29752.50,29744.50,29746.75,178,29746.75,29746.75,0.00
2026-06-24 09:25:04,29747.00,29748.75,29745.50,29746.75,117,29746.75,29746.75,0.00
2026-06-24 09:25:05,29746.00,29748.25,29745.00,29747.75,76,29747.75,29747.75,0.00
2026-06-24 09:25:06,29747.00,29748.50,29745.75,29747.25,45,29747.25,29747.25,0.00
2026-06-24 09:25:07,29747.25,29747.75,29741.75,29743.00,97,29743.00,29743.00,0.00
2026-06-24 09:25:08,29743.25,29747.75,29743.00,29746.25,41,29746.25,29746.25,0.00
2026-06-24 09:25:09,29747.25,29751.50,29745.75,29749.50,70,29749.50,29749.50,0.00
2026-06-24 09:25:10,29749.50,29750.75,29747.25,29747.25,58,29747.25,29747.25,0.00
2026-06-24 09:25:11,29748.00,29748.75,29743.25,29744.50,74,29744.50,29744.50,0.00
2026-06-24 09:25:12,29743.75,29745.75,29743.50,29745.00,40,29745.00,29745.00,0.00
2026-06-24 09:25:13,29745.00,29747.00,29742.25,29743.00,54,29743.00,29743.00,0.00
2026-06-24 09:25:14,29741.25,29741.75,29740.00,29740.00,45,29740.00,29740.00,0.00
2026-06-24 09:25:15,29739.75,29740.50,29737.75,29740.00,81,29740.00,29740.00,0.00
2026-06-24 09:25:16,29740.50,29740.50,29738.75,29740.00,35,29740.00,29740.00,0.00
2026-06-24 09:25:17,29739.25,29739.75,29738.50,29739.75,29,29739.75,29739.75,0.00
2026-06-24 09:25:18,29739.00,29740.50,29738.50,29738.75,31,29738.75,29738.75,0.00
2026-06-24 09:25:19,29738.25,29739.25,29737.75,29739.00,17,29739.00,29739.00,0.00
2026-06-24 09:25:20,29738.50,29739.75,29737.50,29739.00,49,29739.00,29739.00,0.00
2026-06-24 09:25:21,29738.75,29739.75,29737.00,29738.75,30,29738.75,29738.75,0.00
2026-06-24 09:25:22,29740.50,29742.00,29739.25,29740.75,40,29740.75,29740.75,0.00
2026-06-24 09:25:23,29740.50,29741.50,29739.75,29741.50,40,29741.50,29741.50,0.00
2026-06-24 09:25:24,29740.75,29740.75,29737.25,29738.25,53,29738.25,29738.25,0.00
2026-06-24 09:25:25,29737.00,29738.25,29737.00,29737.75,75,29737.75,29737.75,0.00
2026-06-24 09:25:26,29737.75,29739.25,29737.75,29739.00,67,29739.00,29739.00,0.00
2026-06-24 09:25:27,29740.00,29741.25,29739.25,29741.25,29,29741.25,29741.25,0.00
2026-06-24 09:25:28,29740.25,29741.00,29739.50,29739.50,22,29739.50,29739.50,0.00
2026-06-24 09:25:29,29739.00,29739.00,29737.50,29737.50,18,29737.50,29737.50,0.00
2026-06-24 09:25:30,29737.00,29738.25,29737.00,29738.25,10,29738.25,29738.25,0.00
2026-06-24 09:25:31,29737.50,29738.25,29730.75,29731.75,167,29731.75,29731.75,0.00
2026-06-24 09:25:32,29731.50,29733.25,29731.00,29732.00,47,29732.00,29732.00,0.00
2026-06-24 09:25:33,29732.00,29733.75,29732.00,29733.50,32,29733.50,29733.50,0.00
2026-06-24 09:25:34,29733.75,29734.25,29732.75,29733.75,50,29733.75,29733.75,0.00
2026-06-24 09:25:35,29733.75,29736.75,29733.75,29734.75,27,29734.75,29734.75,0.00
2026-06-24 09:25:36,29734.75,29737.50,29734.75,29736.50,37,29736.50,29736.50,0.00
2026-06-24 09:25:37,29736.00,29739.75,29735.75,29739.25,20,29739.25,29739.25,0.00
2026-06-24 09:25:38,29739.00,29739.75,29738.00,29739.75,18,29739.75,29739.75,0.00
2026-06-24 09:25:39,29739.75,29739.75,29737.75,29738.75,43,29738.75,29738.75,0.00
2026-06-24 09:25:40,29739.00,29739.25,29737.75,29738.25,12,29738.25,29738.25,0.00
2026-06-24 09:25:41,29738.75,29739.50,29738.50,29738.50,11,29738.50,29738.50,0.00
2026-06-24 09:25:42,29738.75,29739.50,29737.50,29739.50,36,29739.50,29739.50,0.00
2026-06-24 09:25:43,29738.75,29741.25,29738.75,29739.25,66,29739.25,29739.25,0.00
2026-06-24 09:25:44,29738.75,29740.75,29738.50,29739.00,25,29739.00,29739.00,0.00
2026-06-24 09:25:45,29740.00,29740.25,29737.25,29737.50,39,29737.50,29737.50,0.00
2026-06-24 09:25:46,29738.25,29741.25,29738.25,29740.75,27,29740.75,29740.75,0.00
2026-06-24 09:25:47,29740.75,29740.75,29738.00,29738.25,30,29738.25,29738.25,0.00
2026-06-24 09:25:48,29737.75,29738.00,29736.50,29738.00,16,29738.00,29738.00,0.00
2026-06-24 09:25:49,29738.25,29738.75,29738.00,29738.25,14,29738.25,29738.25,0.00
2026-06-24 09:25:50,29738.00,29738.50,29737.25,29738.00,11,29738.00,29738.00,0.00
2026-06-24 09:25:51,29737.50,29740.50,29737.50,29738.25,37,29738.25,29738.25,0.00
2026-06-24 09:25:52,29739.00,29739.25,29738.25,29738.75,24,29738.75,29738.75,0.00
2026-06-24 09:25:53,29739.00,29741.25,29739.00,29740.75,15,29740.75,29740.75,0.00
2026-06-24 09:25:54,29740.50,29743.50,29740.00,29743.50,26,29743.50,29743.50,0.00
2026-06-24 09:25:55,29742.75,29743.75,29742.25,29742.50,42,29742.50,29742.50,0.00
2026-06-24 09:25:56,29743.00,29744.50,29742.50,29743.50,44,29743.50,29743.50,0.00
2026-06-24 09:25:57,29744.00,29746.00,29742.50,29745.50,127,29745.50,29745.50,0.00
2026-06-24 09:25:58,29744.50,29745.50,29743.50,29745.25,79,29745.25,29745.25,0.00
2026-06-24 09:25:59,29745.25,29746.50,29744.50,29746.50,54,29746.50,29746.50,0.00
2026-06-24 09:26:00,29745.75,29748.25,29745.75,29747.25,43,29747.25,29747.25,0.00
2026-06-24 09:26:01,29746.50,29747.50,29745.25,29746.50,51,29746.50,29746.50,0.00
2026-06-24 09:26:02,29746.75,29747.00,29745.50,29745.50,35,29745.50,29745.50,0.00
2026-06-24 09:26:03,29746.50,29746.50,29743.75,29746.50,36,29746.50,29746.50,0.00
2026-06-24 09:26:04,29747.25,29749.25,29746.00,29747.25,63,29747.25,29747.25,0.00
2026-06-24 09:26:05,29748.25,29751.00,29748.00,29750.00,69,29750.00,29750.00,0.00
2026-06-24 09:26:06,29751.50,29754.25,29751.00,29752.75,105,29752.75,29752.75,0.00
2026-06-24 09:26:07,29752.75,29753.25,29750.50,29753.00,59,29753.00,29753.00,0.00
2026-06-24 09:26:08,29753.00,29753.25,29750.75,29750.75,68,29750.75,29750.75,0.00
2026-06-24 09:26:09,29751.25,29753.50,29750.75,29751.50,50,29751.50,29751.50,0.00
2026-06-24 09:26:10,29751.75,29753.25,29749.50,29749.50,60,29749.50,29749.50,0.00
2026-06-24 09:26:11,29749.25,29750.25,29747.00,29747.75,74,29747.75,29747.75,0.00
2026-06-24 09:26:12,29747.75,29747.75,29746.50,29747.25,18,29747.25,29747.25,0.00
2026-06-24 09:26:13,29747.50,29747.75,29746.75,29747.50,23,29747.50,29747.50,0.00
2026-06-24 09:26:14,29747.00,29749.75,29747.00,29748.75,15,29748.75,29748.75,0.00
2026-06-24 09:26:15,29748.50,29749.25,29747.50,29749.25,21,29749.25,29749.25,0.00
2026-06-24 09:26:16,29749.25,29751.00,29749.25,29750.50,25,29750.50,29750.50,0.00
2026-06-24 09:26:17,29750.25,29750.50,29749.25,29749.75,10,29749.75,29749.75,0.00
2026-06-24 09:26:18,29749.25,29749.25,29747.25,29747.75,38,29747.75,29747.75,0.00
2026-06-24 09:26:19,29747.50,29748.75,29747.50,29748.75,42,29748.75,29748.75,0.00
2026-06-24 09:26:20,29748.25,29750.00,29748.25,29749.25,16,29749.25,29749.25,0.00
2026-06-24 09:26:21,29748.75,29750.25,29748.75,29749.75,24,29749.75,29749.75,0.00
2026-06-24 09:26:22,29750.00,29750.00,29748.50,29749.75,47,29749.75,29749.75,0.00
2026-06-24 09:26:23,29749.25,29750.00,29749.00,29749.75,11,29749.75,29749.75,0.00
2026-06-24 09:26:24,29748.50,29750.25,29748.25,29748.75,41,29748.75,29748.75,0.00
2026-06-24 09:26:25,29748.25,29749.00,29745.75,29747.50,47,29747.50,29747.50,0.00
2026-06-24 09:26:26,29747.50,29747.50,29744.50,29744.50,46,29744.50,29744.50,0.00
2026-06-24 09:26:27,29744.75,29745.25,29743.75,29744.25,50,29744.25,29744.25,0.00
2026-06-24 09:26:28,29744.75,29744.75,29743.00,29744.00,20,29744.00,29744.00,0.00
2026-06-24 09:26:29,29744.75,29745.25,29744.25,29744.25,6,29744.25,29744.25,0.00
2026-06-24 09:26:30,29745.25,29748.00,29745.25,29745.75,48,29745.75,29745.75,0.00
2026-06-24 09:26:31,29746.25,29746.50,29744.00,29744.00,16,29744.00,29744.00,0.00
2026-06-24 09:26:32,29744.00,29744.25,29742.75,29743.25,26,29743.25,29743.25,0.00
2026-06-24 09:26:33,29743.25,29744.75,29743.25,29744.25,21,29744.25,29744.25,0.00
2026-06-24 09:26:34,29745.25,29746.50,29744.00,29744.25,36,29744.25,29744.25,0.00
2026-06-24 09:26:35,29744.50,29744.75,29744.00,29744.00,11,29744.00,29744.00,0.00
2026-06-24 09:26:36,29743.75,29745.00,29743.50,29744.75,15,29744.75,29744.75,0.00
2026-06-24 09:26:37,29745.25,29745.25,29744.25,29744.25,2,29744.25,29744.25,0.00
2026-06-24 09:26:38,29744.50,29745.25,29743.75,29745.25,17,29745.25,29745.25,0.00
2026-06-24 09:26:39,29745.25,29745.50,29744.25,29744.25,10,29744.25,29744.25,0.00
2026-06-24 09:26:40,29744.50,29745.25,29743.50,29745.25,28,29745.25,29745.25,0.00
2026-06-24 09:26:41,29745.75,29749.25,29745.25,29748.50,51,29748.50,29748.50,0.00
2026-06-24 09:26:42,29748.25,29750.75,29748.25,29750.25,15,29750.25,29750.25,0.00
2026-06-24 09:26:43,29750.00,29751.75,29750.00,29750.75,31,29750.75,29750.75,0.00
2026-06-24 09:26:44,29750.75,29751.75,29750.25,29750.75,30,29750.75,29750.75,0.00
2026-06-24 09:26:45,29750.75,29751.00,29749.25,29749.25,25,29749.25,29749.25,0.00
2026-06-24 09:26:46,29749.75,29752.50,29749.50,29751.25,53,29751.25,29751.25,0.00
2026-06-24 09:26:47,29750.75,29751.50,29750.00,29751.25,42,29751.25,29751.25,0.00
2026-06-24 09:26:48,29751.50,29752.25,29749.25,29750.00,31,29750.00,29750.00,0.00
2026-06-24 09:26:49,29749.25,29751.00,29749.25,29750.75,45,29750.75,29750.75,0.00
2026-06-24 09:26:50,29750.25,29750.25,29748.75,29748.75,14,29748.75,29748.75,0.00
2026-06-24 09:26:51,29749.50,29750.50,29748.00,29748.75,69,29748.75,29748.75,0.00
2026-06-24 09:26:52,29749.75,29750.00,29749.50,29749.50,7,29749.50,29749.50,0.00
2026-06-24 09:26:53,29749.50,29749.50,29747.75,29747.75,22,29747.75,29747.75,0.00
2026-06-24 09:26:54,29747.75,29748.50,29746.75,29746.75,22,29746.75,29746.75,0.00
2026-06-24 09:26:55,29748.00,29749.50,29746.25,29748.00,42,29748.00,29748.00,0.00
2026-06-24 09:26:56,29747.75,29748.50,29747.25,29748.00,13,29748.00,29748.00,0.00
2026-06-24 09:26:57,29748.00,29753.00,29748.00,29752.25,71,29752.25,29752.25,0.00
2026-06-24 09:26:58,29752.00,29753.75,29752.00,29753.50,18,29753.50,29753.50,0.00
2026-06-24 09:26:59,29753.75,29754.50,29753.00,29753.00,37,29753.00,29753.00,0.00
2026-06-24 09:27:00,29753.75,29753.75,29751.00,29751.50,55,29751.50,29751.50,0.00
2026-06-24 09:27:01,29751.50,29751.75,29747.50,29748.00,70,29748.00,29748.00,0.00
2026-06-24 09:27:02,29747.00,29747.00,29743.25,29745.25,99,29745.25,29745.25,0.00
2026-06-24 09:27:03,29745.00,29745.25,29743.00,29743.75,20,29743.75,29743.75,0.00
2026-06-24 09:27:04,29743.50,29744.00,29741.50,29743.25,50,29743.25,29743.25,0.00
2026-06-24 09:27:05,29743.25,29743.25,29741.50,29741.50,15,29741.50,29741.50,0.00
2026-06-24 09:27:06,29741.75,29742.00,29740.50,29740.50,26,29740.50,29740.50,0.00
2026-06-24 09:27:07,29740.50,29740.50,29739.00,29739.00,25,29739.00,29739.00,0.00
2026-06-24 09:27:08,29738.75,29740.00,29737.00,29739.00,76,29739.00,29739.00,0.00
2026-06-24 09:27:09,29739.00,29741.25,29738.00,29739.50,109,29739.50,29739.50,0.00
2026-06-24 09:27:10,29739.75,29741.25,29739.50,29740.50,54,29740.50,29740.50,0.00
2026-06-24 09:27:11,29741.00,29741.00,29739.50,29740.00,32,29740.00,29740.00,0.00
2026-06-24 09:27:12,29740.75,29743.00,29740.50,29743.00,24,29743.00,29743.00,0.00
2026-06-24 09:27:13,29743.50,29744.00,29742.50,29743.50,20,29743.50,29743.50,0.00
2026-06-24 09:27:14,29744.00,29746.00,29743.25,29743.75,44,29743.75,29743.75,0.00
2026-06-24 09:27:15,29744.25,29744.75,29743.00,29743.00,26,29743.00,29743.00,0.00
2026-06-24 09:27:16,29744.00,29745.00,29744.00,29744.75,12,29744.75,29744.75,0.00
2026-06-24 09:27:17,29745.50,29746.00,29744.50,29744.75,21,29744.75,29744.75,0.00
2026-06-24 09:27:18,29744.00,29744.75,29743.50,29744.00,31,29744.00,29744.00,0.00
2026-06-24 09:27:19,29743.75,29744.75,29743.00,29744.25,16,29744.25,29744.25,0.00
2026-06-24 09:27:20,29745.25,29746.00,29744.00,29744.00,17,29744.00,29744.00,0.00
2026-06-24 09:27:21,29745.00,29746.50,29744.00,29744.25,29,29744.25,29744.25,0.00
2026-06-24 09:27:22,29744.25,29744.25,29743.50,29743.50,6,29743.50,29743.50,0.00
2026-06-24 09:27:23,29743.75,29744.00,29741.75,29743.75,18,29743.75,29743.75,0.00
2026-06-24 09:27:24,29744.50,29746.50,29744.50,29745.50,37,29745.50,29745.50,0.00
2026-06-24 09:27:25,29745.25,29749.25,29745.25,29748.25,35,29748.25,29748.25,0.00
2026-06-24 09:27:26,29747.50,29749.25,29747.25,29748.50,42,29748.50,29748.50,0.00
2026-06-24 09:27:27,29748.25,29749.25,29748.00,29749.00,9,29749.00,29749.00,0.00
2026-06-24 09:27:28,29749.00,29749.75,29749.00,29749.00,11,29749.00,29749.00,0.00
2026-06-24 09:27:29,29749.75,29751.75,29749.75,29751.75,41,29751.75,29751.75,0.00
2026-06-24 09:27:30,29751.75,29754.50,29751.75,29753.75,46,29753.75,29753.75,0.00
2026-06-24 09:27:31,29753.75,29755.50,29753.50,29754.25,92,29754.25,29754.25,0.00
2026-06-24 09:27:32,29754.25,29757.25,29752.50,29753.75,165,29753.75,29753.75,0.00
2026-06-24 09:27:33,29753.50,29755.25,29752.75,29753.50,73,29753.50,29753.50,0.00
2026-06-24 09:27:34,29754.25,29755.00,29754.25,29754.25,15,29754.25,29754.25,0.00
2026-06-24 09:27:35,29754.25,29755.25,29752.25,29753.50,38,29753.50,29753.50,0.00
2026-06-24 09:27:36,29753.25,29754.00,29752.25,29753.00,50,29753.00,29753.00,0.00
2026-06-24 09:27:37,29753.00,29753.00,29751.75,29751.75,24,29751.75,29751.75,0.00
2026-06-24 09:27:38,29752.50,29752.50,29749.75,29750.00,19,29750.00,29750.00,0.00
2026-06-24 09:27:39,29749.75,29751.50,29749.50,29751.50,20,29751.50,29751.50,0.00
2026-06-24 09:27:40,29751.00,29754.00,29751.00,29754.00,24,29754.00,29754.00,0.00
2026-06-24 09:27:41,29753.00,29753.50,29744.00,29744.25,302,29744.25,29744.25,0.00
2026-06-24 09:27:42,29744.50,29745.00,29743.25,29744.25,37,29744.25,29744.25,0.00
2026-06-24 09:27:43,29745.00,29745.00,29741.25,29741.25,43,29741.25,29741.25,0.00
2026-06-24 09:27:44,29741.50,29742.00,29740.75,29741.50,38,29741.50,29741.50,0.00
2026-06-24 09:27:45,29741.50,29742.50,29741.50,29742.25,10,29742.25,29742.25,0.00
2026-06-24 09:27:46,29742.00,29744.50,29740.75,29744.50,27,29744.50,29744.50,0.00
2026-06-24 09:27:47,29743.75,29744.50,29743.50,29744.00,9,29744.00,29744.00,0.00
2026-06-24 09:27:48,29744.50,29744.50,29741.75,29742.25,23,29742.25,29742.25,0.00
2026-06-24 09:27:49,29743.00,29743.50,29742.00,29743.50,10,29743.50,29743.50,0.00
2026-06-24 09:27:50,29743.50,29743.50,29742.50,29742.75,10,29742.75,29742.75,0.00
2026-06-24 09:27:51,29742.75,29746.75,29725.50,29728.00,456,29728.00,29728.00,0.00
2026-06-24 09:27:52,29728.25,29730.75,29728.25,29729.50,84,29729.50,29729.50,0.00
2026-06-24 09:27:53,29729.25,29730.50,29728.50,29730.25,32,29730.25,29730.25,0.00
2026-06-24 09:27:54,29730.00,29730.00,29728.50,29729.00,31,29729.00,29729.00,0.00
2026-06-24 09:27:55,29730.25,29731.25,29729.00,29730.25,46,29730.25,29730.25,0.00
2026-06-24 09:27:56,29730.25,29730.25,29728.00,29729.00,36,29729.00,29729.00,0.00
2026-06-24 09:27:57,29729.25,29732.50,29728.75,29732.50,57,29732.50,29732.50,0.00
2026-06-24 09:27:58,29731.75,29733.50,29731.25,29731.75,36,29731.75,29731.75,0.00
2026-06-24 09:27:59,29732.25,29732.25,29726.75,29729.00,63,29729.00,29729.00,0.00
2026-06-24 09:28:00,29729.00,29730.50,29728.50,29728.75,55,29728.75,29728.75,0.00
2026-06-24 09:28:01,29729.25,29729.25,29716.75,29719.75,472,29719.75,29719.75,0.00
2026-06-24 09:28:02,29720.50,29721.00,29716.00,29717.50,101,29717.50,29717.50,0.00
2026-06-24 09:28:03,29716.75,29718.75,29714.00,29718.75,110,29718.75,29718.75,0.00
2026-06-24 09:28:04,29718.75,29720.75,29715.25,29719.75,116,29719.75,29719.75,0.00
2026-06-24 09:28:05,29719.75,29723.50,29718.50,29721.50,135,29721.50,29721.50,0.00
2026-06-24 09:28:06,29720.50,29722.00,29716.00,29717.75,96,29717.75,29717.75,0.00
2026-06-24 09:28:07,29718.25,29720.50,29714.50,29718.50,91,29718.50,29718.50,0.00
2026-06-24 09:28:08,29718.75,29720.75,29718.00,29719.75,68,29719.75,29719.75,0.00
2026-06-24 09:28:09,29719.75,29721.50,29718.75,29721.50,46,29721.50,29721.50,0.00
2026-06-24 09:28:10,29720.00,29721.00,29719.00,29719.25,36,29719.25,29719.25,0.00
2026-06-24 09:28:11,29718.75,29719.00,29715.00,29717.00,66,29717.00,29717.00,0.00
2026-06-24 09:28:12,29716.75,29718.25,29714.50,29717.00,57,29717.00,29717.00,0.00
2026-06-24 09:28:13,29716.50,29716.50,29714.00,29714.00,52,29714.00,29714.00,0.00
2026-06-24 09:28:14,29715.50,29716.50,29712.75,29715.75,85,29715.75,29715.75,0.00
2026-06-24 09:28:15,29715.75,29716.00,29711.00,29713.75,109,29713.75,29713.75,0.00
2026-06-24 09:28:16,29714.75,29717.50,29713.50,29717.50,57,29717.50,29717.50,0.00
2026-06-24 09:28:17,29717.00,29720.00,29715.50,29716.50,94,29716.50,29716.50,0.00
2026-06-24 09:28:18,29715.75,29716.50,29712.75,29715.25,68,29715.25,29715.25,0.00
2026-06-24 09:28:19,29714.00,29714.50,29711.50,29711.75,60,29711.75,29711.75,0.00
2026-06-24 09:28:20,29711.75,29714.25,29711.75,29712.00,53,29712.00,29712.00,0.00
2026-06-24 09:28:21,29712.75,29714.00,29711.75,29714.00,63,29714.00,29714.00,0.00
2026-06-24 09:28:22,29714.50,29715.50,29713.50,29713.50,35,29713.50,29713.50,0.00
2026-06-24 09:28:23,29713.75,29714.50,29713.00,29713.00,11,29713.00,29713.00,0.00
2026-06-24 09:28:24,29713.75,29713.75,29712.75,29713.25,24,29713.25,29713.25,0.00
2026-06-24 09:28:25,29714.00,29714.25,29708.50,29709.50,106,29709.50,29709.50,0.00
2026-06-24 09:28:26,29709.75,29710.50,29708.50,29710.00,38,29710.00,29710.00,0.00
2026-06-24 09:28:27,29709.50,29709.50,29707.50,29709.25,74,29709.25,29709.25,0.00
2026-06-24 09:28:28,29708.50,29709.75,29708.25,29708.50,33,29708.50,29708.50,0.00
2026-06-24 09:28:29,29708.25,29708.50,29704.25,29705.00,150,29705.00,29705.00,0.00
2026-06-24 09:28:30,29705.00,29705.50,29704.00,29704.00,48,29704.00,29704.00,0.00
2026-06-24 09:28:31,29704.50,29706.00,29704.00,29705.25,59,29705.25,29705.25,0.00
2026-06-24 09:28:32,29706.00,29710.75,29706.00,29709.00,114,29709.00,29709.00,0.00
2026-06-24 09:28:33,29709.75,29709.75,29707.50,29708.25,22,29708.25,29708.25,0.00
2026-06-24 09:28:34,29708.00,29709.75,29707.75,29708.50,26,29708.50,29708.50,0.00
2026-06-24 09:28:35,29709.25,29710.00,29707.25,29709.00,42,29709.00,29709.00,0.00
2026-06-24 09:28:36,29709.00,29709.25,29707.00,29708.25,31,29708.25,29708.25,0.00
2026-06-24 09:28:37,29708.75,29708.75,29704.25,29704.25,62,29704.25,29704.25,0.00
2026-06-24 09:28:38,29704.25,29707.50,29703.25,29707.25,91,29707.25,29707.25,0.00
2026-06-24 09:28:39,29707.75,29707.75,29705.75,29706.75,20,29706.75,29706.75,0.00
2026-06-24 09:28:40,29707.25,29708.00,29706.00,29706.25,63,29706.25,29706.25,0.00
2026-06-24 09:28:41,29707.00,29708.50,29706.25,29707.25,34,29707.25,29707.25,0.00
2026-06-24 09:28:42,29707.50,29711.50,29706.75,29710.25,149,29710.25,29710.25,0.00
2026-06-24 09:28:43,29710.00,29711.25,29709.50,29711.25,58,29711.25,29711.25,0.00
2026-06-24 09:28:44,29711.25,29712.50,29709.75,29711.00,79,29711.00,29711.00,0.00
2026-06-24 09:28:45,29710.75,29712.00,29710.50,29712.00,45,29712.00,29712.00,0.00
2026-06-24 09:28:46,29711.50,29711.50,29708.00,29710.00,66,29710.00,29710.00,0.00
2026-06-24 09:28:47,29710.50,29711.00,29708.25,29708.25,37,29708.25,29708.25,0.00
2026-06-24 09:28:48,29708.25,29711.75,29708.25,29710.25,15,29710.25,29710.25,0.00
2026-06-24 09:28:49,29709.75,29710.50,29709.25,29709.25,15,29709.25,29709.25,0.00
2026-06-24 09:28:50,29709.00,29710.75,29708.75,29710.50,20,29710.50,29710.50,0.00
2026-06-24 09:28:51,29710.50,29713.25,29710.00,29711.00,67,29711.00,29711.00,0.00
2026-06-24 09:28:52,29710.75,29711.75,29710.50,29711.25,35,29711.25,29711.25,0.00
2026-06-24 09:28:53,29711.00,29711.25,29710.00,29710.75,25,29710.75,29710.75,0.00
2026-06-24 09:28:54,29710.25,29710.25,29709.00,29710.00,26,29710.00,29710.00,0.00
2026-06-24 09:28:55,29709.75,29709.75,29705.75,29707.00,54,29707.00,29707.00,0.00
2026-06-24 09:28:56,29707.25,29707.75,29706.50,29706.50,15,29706.50,29706.50,0.00
2026-06-24 09:28:57,29708.00,29708.00,29707.00,29707.50,5,29707.50,29707.50,0.00
2026-06-24 09:28:58,29707.25,29708.25,29707.25,29707.50,6,29707.50,29707.50,0.00
2026-06-24 09:28:59,29707.00,29708.75,29707.00,29708.00,24,29708.00,29708.00,0.00
2026-06-24 09:29:00,29708.00,29708.00,29705.50,29705.50,22,29705.50,29705.50,0.00
2026-06-24 09:29:01,29705.75,29708.25,29705.75,29707.50,39,29707.50,29707.50,0.00
2026-06-24 09:29:02,29707.00,29707.75,29706.25,29707.75,31,29707.75,29707.75,0.00
2026-06-24 09:29:03,29707.00,29711.00,29706.50,29709.50,96,29709.50,29709.50,0.00
2026-06-24 09:29:04,29709.50,29712.50,29706.75,29711.25,101,29711.25,29711.25,0.00
2026-06-24 09:29:05,29711.50,29713.00,29709.50,29709.75,59,29709.75,29709.75,0.00
2026-06-24 09:29:06,29709.25,29711.00,29708.25,29709.75,50,29709.75,29709.75,0.00
2026-06-24 09:29:07,29709.75,29709.75,29709.00,29709.75,16,29709.75,29709.75,0.00
2026-06-24 09:29:08,29709.50,29710.00,29707.75,29708.50,34,29708.50,29708.50,0.00
2026-06-24 09:29:09,29708.75,29708.75,29706.75,29708.75,52,29708.75,29708.75,0.00
2026-06-24 09:29:10,29709.00,29709.50,29707.00,29707.00,14,29707.00,29707.00,0.00
2026-06-24 09:29:11,29708.00,29708.75,29705.75,29708.75,43,29708.75,29708.75,0.00
2026-06-24 09:29:12,29708.25,29708.50,29706.50,29708.50,28,29708.50,29708.50,0.00
2026-06-24 09:29:13,29707.75,29708.50,29707.75,29708.50,16,29708.50,29708.50,0.00
2026-06-24 09:29:14,29708.75,29710.00,29708.25,29708.75,25,29708.75,29708.75,0.00
2026-06-24 09:29:15,29708.75,29708.75,29707.25,29707.75,34,29707.75,29707.75,0.00
2026-06-24 09:29:16,29707.25,29708.00,29707.00,29707.75,20,29707.75,29707.75,0.00
2026-06-24 09:29:17,29707.00,29707.75,29706.25,29706.75,12,29706.75,29706.75,0.00
2026-06-24 09:29:18,29706.50,29708.00,29706.50,29707.50,29,29707.50,29707.50,0.00
2026-06-24 09:29:19,29708.00,29709.50,29706.50,29706.75,56,29706.75,29706.75,0.00
2026-06-24 09:29:20,29707.75,29709.75,29707.75,29709.50,45,29709.50,29709.50,0.00
2026-06-24 09:29:21,29709.25,29710.75,29709.25,29709.50,26,29709.50,29709.50,0.00
2026-06-24 09:29:22,29708.75,29709.75,29707.50,29708.00,28,29708.00,29708.00,0.00
2026-06-24 09:29:23,29707.25,29707.75,29706.75,29707.50,18,29707.50,29707.50,0.00
2026-06-24 09:29:24,29708.25,29708.75,29707.00,29708.00,17,29708.00,29708.00,0.00
2026-06-24 09:29:25,29708.75,29709.50,29708.00,29709.25,28,29709.25,29709.25,0.00
2026-06-24 09:29:26,29709.25,29709.25,29706.00,29706.25,19,29706.25,29706.25,0.00
2026-06-24 09:29:27,29706.25,29708.00,29706.25,29707.75,12,29707.75,29707.75,0.00
2026-06-24 09:29:28,29707.00,29708.00,29705.75,29708.00,16,29708.00,29708.00,0.00
2026-06-24 09:29:29,29708.25,29710.00,29707.00,29709.75,23,29709.75,29709.75,0.00
2026-06-24 09:29:30,29709.50,29710.50,29709.00,29709.25,27,29709.25,29709.25,0.00
2026-06-24 09:29:31,29709.75,29709.75,29705.25,29709.50,70,29709.50,29709.50,0.00
2026-06-24 09:29:32,29708.00,29708.25,29707.25,29707.50,16,29707.50,29707.50,0.00
2026-06-24 09:29:33,29707.75,29707.75,29707.25,29707.50,9,29707.50,29707.50,0.00
2026-06-24 09:29:34,29707.50,29708.50,29707.00,29707.00,18,29707.00,29707.00,0.00
2026-06-24 09:29:35,29708.00,29714.50,29706.50,29713.75,120,29713.75,29713.75,0.00
2026-06-24 09:29:36,29713.25,29714.00,29711.50,29712.00,51,29712.00,29712.00,0.00
2026-06-24 09:29:37,29712.00,29712.00,29708.50,29708.50,44,29708.50,29708.50,0.00
2026-06-24 09:29:38,29708.50,29711.00,29707.50,29710.25,85,29710.25,29710.25,0.00
2026-06-24 09:29:39,29710.00,29710.75,29708.00,29708.75,38,29708.75,29708.75,0.00
2026-06-24 09:29:40,29708.25,29710.00,29705.25,29708.25,79,29708.25,29708.25,0.00
2026-06-24 09:29:41,29708.75,29711.00,29708.50,29710.00,34,29710.00,29710.00,0.00
2026-06-24 09:29:42,29710.00,29711.50,29710.00,29711.50,17,29711.50,29711.50,0.00
2026-06-24 09:29:43,29711.00,29711.00,29709.75,29709.75,43,29709.75,29709.75,0.00
2026-06-24 09:29:44,29710.00,29711.50,29709.50,29710.75,47,29710.75,29710.75,0.00
2026-06-24 09:29:45,29711.25,29713.00,29708.25,29709.25,94,29709.25,29709.25,0.00
2026-06-24 09:29:46,29709.50,29711.00,29708.25,29708.25,67,29708.25,29708.25,0.00
2026-06-24 09:29:47,29707.75,29708.25,29705.50,29706.50,85,29706.50,29706.50,0.00
2026-06-24 09:29:48,29706.00,29707.50,29704.50,29706.00,52,29706.00,29706.00,0.00
2026-06-24 09:29:49,29705.25,29706.50,29703.50,29706.25,90,29706.25,29706.25,0.00
2026-06-24 09:29:50,29705.50,29708.75,29705.50,29706.75,28,29706.75,29706.75,0.00
2026-06-24 09:29:51,29706.25,29710.75,29706.25,29710.25,28,29710.25,29710.25,0.00
2026-06-24 09:29:52,29709.50,29710.00,29706.75,29707.00,38,29707.00,29707.00,0.00
2026-06-24 09:29:53,29708.25,29714.00,29708.25,29713.25,132,29713.25,29713.25,0.00
2026-06-24 09:29:54,29713.00,29716.75,29707.25,29713.25,613,29713.25,29713.25,0.00
2026-06-24 09:29:55,29713.50,29717.25,29710.25,29711.50,358,29711.50,29711.50,0.00
2026-06-24 09:29:56,29712.25,29715.50,29709.50,29712.25,208,29712.25,29712.25,0.00
2026-06-24 09:29:57,29712.00,29712.00,29707.75,29710.25,183,29710.25,29710.25,0.00
2026-06-24 09:29:58,29709.75,29711.25,29708.50,29708.75,81,29708.75,29708.75,0.00
2026-06-24 09:29:59,29709.50,29712.25,29707.50,29711.00,65,29711.00,29711.00,0.00
2026-06-24 09:30:00,29710.25,29714.25,29707.25,29712.50,164,29712.50,29712.50,0.00
2026-06-24 09:30:01,29712.25,29712.25,29680.00,29684.75,1586,29684.75,29684.75,0.00
2026-06-24 09:30:02,29683.75,29683.75,29666.00,29670.25,896,29670.25,29670.25,0.00
2026-06-24 09:30:03,29670.50,29674.50,29664.25,29664.25,841,29664.25,29664.25,0.00
2026-06-24 09:30:04,29663.50,29669.50,29660.25,29661.25,504,29661.25,29661.25,0.00
2026-06-24 09:30:05,29661.00,29683.00,29656.75,29678.25,693,29678.25,29678.25,0.00
2026-06-24 09:30:06,29677.75,29692.50,29671.75,29681.75,460,29681.75,29681.75,0.00
2026-06-24 09:30:07,29684.50,29688.25,29673.00,29673.25,415,29673.25,29673.25,0.00
2026-06-24 09:30:08,29673.75,29674.50,29659.75,29666.50,320,29666.50,29666.50,0.00
2026-06-24 09:30:09,29669.25,29675.50,29665.75,29673.50,268,29673.50,29673.50,0.00
2026-06-24 09:30:10,29671.75,29683.25,29671.25,29673.50,287,29673.50,29673.50,0.00
2026-06-24 09:30:11,29672.75,29673.00,29660.50,29663.00,255,29663.00,29663.00,0.00
2026-06-24 09:30:12,29661.00,29668.25,29656.00,29656.25,252,29656.25,29656.25,0.00
2026-06-24 09:30:13,29657.50,29664.00,29650.00,29653.50,459,29653.50,29653.50,0.00
2026-06-24 09:30:14,29653.25,29660.25,29651.25,29651.25,383,29651.25,29651.25,0.00
2026-06-24 09:30:15,29651.00,29655.25,29646.25,29647.00,482,29647.00,29647.00,0.00
2026-06-24 09:30:16,29646.25,29647.00,29637.25,29637.75,462,29637.75,29637.75,0.00
2026-06-24 09:30:17,29637.25,29642.75,29635.75,29642.50,288,29642.50,29642.50,0.00
2026-06-24 09:30:18,29642.50,29663.00,29639.75,29661.00,633,29661.00,29661.00,0.00
2026-06-24 09:30:19,29661.00,29661.25,29652.75,29656.50,336,29656.50,29656.50,0.00
2026-06-24 09:30:20,29656.75,29657.75,29649.50,29652.75,254,29652.75,29652.75,0.00
2026-06-24 09:30:21,29655.00,29659.75,29650.75,29654.75,305,29654.75,29654.75,0.00
2026-06-24 09:30:22,29655.25,29656.25,29640.50,29655.25,459,29655.25,29655.25,0.00
2026-06-24 09:30:23,29654.00,29656.25,29645.50,29647.00,193,29647.00,29647.00,0.00
2026-06-24 09:30:24,29645.75,29654.00,29644.25,29649.25,234,29649.25,29649.25,0.00
2026-06-24 09:30:25,29650.50,29654.00,29646.75,29653.75,199,29653.75,29653.75,0.00
2026-06-24 09:30:26,29654.50,29658.25,29652.25,29656.25,176,29656.25,29656.25,0.00
2026-06-24 09:30:27,29656.50,29660.50,29655.00,29658.50,149,29658.50,29658.50,0.00
2026-06-24 09:30:28,29658.75,29662.50,29656.25,29656.25,161,29656.25,29656.25,0.00
2026-06-24 09:30:29,29657.25,29659.00,29651.00,29653.75,196,29653.75,29653.75,0.00
2026-06-24 09:30:30,29653.75,29661.25,29653.75,29659.75,158,29659.75,29659.75,0.00
2026-06-24 09:30:31,29660.25,29663.00,29657.00,29659.25,185,29659.25,29659.25,0.00
2026-06-24 09:30:32,29658.00,29665.00,29657.50,29659.00,146,29659.00,29659.00,0.00
2026-06-24 09:30:33,29658.75,29658.75,29646.50,29646.50,211,29646.50,29646.50,0.00
2026-06-24 09:30:34,29647.25,29655.00,29646.00,29654.25,164,29654.25,29654.25,0.00
2026-06-24 09:30:35,29654.00,29657.50,29653.25,29655.50,156,29655.50,29655.50,0.00
2026-06-24 09:30:36,29654.50,29657.50,29652.75,29655.50,73,29655.50,29655.50,0.00
2026-06-24 09:30:37,29654.50,29658.50,29651.00,29653.25,114,29653.25,29653.25,0.00
2026-06-24 09:30:38,29653.50,29654.00,29647.25,29649.75,125,29649.75,29649.75,0.00
2026-06-24 09:30:39,29649.50,29658.75,29648.75,29655.25,169,29655.25,29655.25,0.00
2026-06-24 09:30:40,29654.75,29656.00,29647.50,29648.00,106,29648.00,29648.00,0.00
2026-06-24 09:30:41,29647.25,29657.25,29646.50,29656.75,127,29656.75,29656.75,0.00
2026-06-24 09:30:42,29657.50,29671.75,29656.25,29669.00,335,29669.00,29669.00,0.00
2026-06-24 09:30:43,29669.75,29674.00,29666.25,29673.50,223,29673.50,29673.50,0.00
2026-06-24 09:30:44,29673.00,29673.50,29665.75,29669.50,184,29669.50,29669.50,0.00
2026-06-24 09:30:45,29669.25,29672.75,29662.00,29663.25,198,29663.25,29663.25,0.00
2026-06-24 09:30:46,29662.25,29664.00,29656.25,29656.25,148,29656.25,29656.25,0.00
2026-06-24 09:30:47,29656.75,29662.50,29654.25,29658.50,194,29658.50,29658.50,0.00
2026-06-24 09:30:48,29658.00,29658.25,29645.75,29646.75,149,29646.75,29646.75,0.00
2026-06-24 09:30:49,29646.50,29652.50,29645.75,29652.50,125,29652.50,29652.50,0.00
2026-06-24 09:30:50,29651.25,29655.50,29648.50,29654.00,130,29654.00,29654.00,0.00
2026-06-24 09:30:51,29653.25,29656.00,29648.75,29649.25,137,29649.25,29649.25,0.00
2026-06-24 09:30:52,29649.50,29652.00,29647.50,29649.50,164,29649.50,29649.50,0.00
2026-06-24 09:30:53,29650.00,29652.00,29645.75,29648.50,99,29648.50,29648.50,0.00
2026-06-24 09:30:54,29648.25,29655.25,29647.50,29651.00,99,29651.00,29651.00,0.00
2026-06-24 09:30:55,29651.00,29651.75,29647.00,29649.75,170,29649.75,29649.75,0.00
2026-06-24 09:30:56,29649.25,29659.50,29649.00,29659.50,157,29659.50,29659.50,0.00
2026-06-24 09:30:57,29659.25,29665.25,29658.75,29663.50,155,29663.50,29663.50,0.00
2026-06-24 09:30:58,29663.25,29664.00,29658.00,29662.50,102,29662.50,29662.50,0.00
2026-06-24 09:30:59,29662.25,29663.50,29654.50,29659.50,147,29659.50,29659.50,0.00
2026-06-24 09:31:00,29659.50,29661.75,29652.25,29653.00,203,29653.00,29653.00,0.00
2026-06-24 09:31:01,29652.75,29670.00,29651.50,29667.50,551,29667.50,29667.50,0.00
2026-06-24 09:31:02,29668.25,29679.00,29667.25,29677.75,361,29677.75,29677.75,0.00
2026-06-24 09:31:03,29678.50,29683.00,29677.25,29680.75,409,29680.75,29680.75,0.00
2026-06-24 09:31:04,29681.00,29684.50,29674.00,29676.50,337,29676.50,29676.50,0.00
2026-06-24 09:31:05,29676.75,29677.00,29661.25,29664.00,341,29664.00,29664.00,0.00
2026-06-24 09:31:06,29663.75,29674.75,29658.50,29674.75,287,29674.75,29674.75,0.00
2026-06-24 09:31:07,29674.75,29679.50,29671.75,29673.50,246,29673.50,29673.50,0.00
2026-06-24 09:31:08,29674.00,29677.25,29670.50,29677.25,160,29677.25,29677.25,0.00
2026-06-24 09:31:09,29677.25,29682.00,29677.00,29679.75,172,29679.75,29679.75,0.00
2026-06-24 09:31:10,29679.00,29681.00,29674.25,29674.25,152,29674.25,29674.25,0.00
2026-06-24 09:31:11,29675.00,29675.00,29668.25,29670.75,107,29670.75,29670.75,0.00
2026-06-24 09:31:12,29671.00,29676.50,29669.25,29674.75,131,29674.75,29674.75,0.00
2026-06-24 09:31:13,29675.50,29678.25,29670.50,29673.25,126,29673.25,29673.25,0.00
2026-06-24 09:31:14,29673.50,29674.50,29666.25,29669.25,88,29669.25,29669.25,0.00
2026-06-24 09:31:15,29669.25,29674.25,29667.25,29668.50,101,29668.50,29668.50,0.00
2026-06-24 09:31:16,29668.00,29668.25,29658.50,29660.25,151,29660.25,29660.25,0.00
2026-06-24 09:31:17,29661.00,29667.25,29660.50,29664.00,121,29664.00,29664.00,0.00
2026-06-24 09:31:18,29663.50,29666.25,29661.00,29664.75,96,29664.75,29664.75,0.00
2026-06-24 09:31:19,29664.25,29664.25,29659.75,29661.25,44,29661.25,29661.25,0.00
2026-06-24 09:31:20,29661.50,29663.25,29656.00,29656.25,83,29656.25,29656.25,0.00
2026-06-24 09:31:21,29657.00,29660.25,29652.50,29653.75,186,29653.75,29653.75,0.00
2026-06-24 09:31:22,29653.25,29655.50,29650.00,29654.25,156,29654.25,29654.25,0.00
2026-06-24 09:31:23,29652.75,29652.75,29647.00,29648.00,145,29648.00,29648.00,0.00
2026-06-24 09:31:24,29649.00,29656.25,29647.75,29656.25,174,29656.25,29656.25,0.00
2026-06-24 09:31:25,29655.50,29659.25,29652.25,29657.00,145,29657.00,29657.00,0.00
2026-06-24 09:31:26,29656.25,29661.25,29652.25,29657.50,158,29657.50,29657.50,0.00
2026-06-24 09:31:27,29657.25,29661.50,29656.25,29657.50,115,29657.50,29657.50,0.00
2026-06-24 09:31:28,29657.50,29672.00,29655.00,29671.25,358,29671.25,29671.25,0.00
2026-06-24 09:31:29,29672.00,29682.50,29670.75,29679.75,284,29679.75,29679.75,0.00
2026-06-24 09:31:30,29680.75,29689.25,29680.50,29684.25,290,29684.25,29684.25,0.00
2026-06-24 09:31:31,29684.25,29685.75,29677.50,29679.75,199,29679.75,29679.75,0.00
2026-06-24 09:31:32,29679.75,29686.00,29673.25,29675.00,259,29675.00,29675.00,0.00
2026-06-24 09:31:33,29674.00,29683.25,29670.75,29670.75,300,29670.75,29670.75,0.00
2026-06-24 09:31:34,29670.50,29671.75,29665.00,29670.75,176,29670.75,29670.75,0.00
2026-06-24 09:31:35,29670.00,29676.75,29669.50,29674.25,143,29674.25,29674.25,0.00
2026-06-24 09:31:36,29674.00,29677.75,29668.25,29668.25,110,29668.25,29668.25,0.00
2026-06-24 09:31:37,29668.00,29671.25,29666.25,29668.75,125,29668.75,29668.75,0.00
2026-06-24 09:31:38,29667.25,29668.75,29663.00,29667.25,98,29667.25,29667.25,0.00
2026-06-24 09:31:39,29667.50,29670.25,29663.75,29669.50,117,29669.50,29669.50,0.00
2026-06-24 09:31:40,29669.25,29670.25,29665.75,29669.00,82,29669.00,29669.00,0.00
2026-06-24 09:31:41,29670.25,29672.00,29667.50,29669.00,73,29669.00,29669.00,0.00
2026-06-24 09:31:42,29668.50,29679.25,29668.50,29677.25,71,29677.25,29677.25,0.00
2026-06-24 09:31:43,29676.00,29676.50,29668.75,29671.00,95,29671.00,29671.00,0.00
2026-06-24 09:31:44,29671.50,29671.50,29659.00,29661.75,135,29661.75,29661.75,0.00
2026-06-24 09:31:45,29660.75,29662.75,29658.25,29661.25,173,29661.25,29661.25,0.00
2026-06-24 09:31:46,29660.75,29665.00,29658.50,29665.00,67,29665.00,29665.00,0.00
2026-06-24 09:31:47,29665.50,29667.25,29663.25,29666.00,70,29666.00,29666.00,0.00
2026-06-24 09:31:48,29665.75,29667.00,29659.75,29662.25,60,29662.25,29662.25,0.00
2026-06-24 09:31:49,29662.75,29662.75,29658.00,29659.25,45,29659.25,29659.25,0.00
2026-06-24 09:31:50,29658.75,29661.00,29654.50,29655.75,128,29655.75,29655.75,0.00
2026-06-24 09:31:51,29655.00,29655.75,29651.75,29653.25,154,29653.25,29653.25,0.00
2026-06-24 09:31:52,29653.25,29654.50,29648.00,29649.00,137,29649.00,29649.00,0.00
2026-06-24 09:31:53,29649.25,29652.50,29648.75,29651.25,135,29651.25,29651.25,0.00
2026-06-24 09:31:54,29651.75,29655.00,29649.50,29650.00,103,29650.00,29650.00,0.00
2026-06-24 09:31:55,29651.00,29651.75,29649.25,29651.75,89,29651.75,29651.75,0.00
2026-06-24 09:31:56,29653.00,29654.25,29647.25,29649.00,108,29649.00,29649.00,0.00
2026-06-24 09:31:57,29649.50,29656.25,29648.50,29655.25,125,29655.25,29655.25,0.00
2026-06-24 09:31:58,29655.50,29661.75,29655.50,29660.00,165,29660.00,29660.00,0.00
2026-06-24 09:31:59,29660.75,29666.75,29658.75,29665.00,129,29665.00,29665.00,0.00
2026-06-24 09:32:00,29665.75,29667.75,29661.75,29666.50,160,29666.50,29666.50,0.00
2026-06-24 09:32:01,29666.00,29681.50,29665.25,29679.25,386,29679.25,29679.25,0.00
2026-06-24 09:32:02,29679.25,29679.75,29673.50,29676.50,177,29676.50,29676.50,0.00
2026-06-24 09:32:03,29675.75,29675.75,29667.00,29671.00,185,29671.00,29671.00,0.00
2026-06-24 09:32:04,29671.25,29677.75,29671.25,29673.50,128,29673.50,29673.50,0.00
2026-06-24 09:32:05,29674.00,29675.75,29669.50,29674.25,113,29674.25,29674.25,0.00
2026-06-24 09:32:06,29674.50,29679.50,29671.75,29679.50,135,29679.50,29679.50,0.00
2026-06-24 09:32:07,29677.50,29679.00,29668.75,29675.25,143,29675.25,29675.25,0.00
2026-06-24 09:32:08,29675.75,29679.50,29675.00,29677.75,111,29677.75,29677.75,0.00
2026-06-24 09:32:09,29678.25,29691.00,29677.50,29690.00,344,29690.00,29690.00,0.00
2026-06-24 09:32:10,29690.00,29698.75,29688.75,29697.25,377,29697.25,29697.25,0.00
2026-06-24 09:32:11,29696.75,29697.00,29685.00,29691.00,336,29691.00,29691.00,0.00
2026-06-24 09:32:12,29691.00,29692.25,29683.25,29685.00,180,29685.00,29685.00,0.00
2026-06-24 09:32:13,29685.75,29706.25,29683.00,29703.50,848,29703.50,29703.50,0.00
2026-06-24 09:32:14,29704.50,29706.25,29699.00,29704.75,248,29704.75,29704.75,0.00
2026-06-24 09:32:15,29705.25,29708.25,29702.50,29706.25,261,29706.25,29706.25,0.00
2026-06-24 09:32:16,29707.00,29707.25,29701.00,29703.00,145,29703.00,29703.00,0.00
2026-06-24 09:32:17,29703.50,29705.00,29699.75,29703.50,210,29703.50,29703.50,0.00
2026-06-24 09:32:18,29704.25,29704.50,29697.00,29697.75,171,29697.75,29697.75,0.00
2026-06-24 09:32:19,29698.75,29698.75,29694.75,29698.00,155,29698.00,29698.00,0.00
2026-06-24 09:32:20,29698.00,29702.50,29697.00,29697.75,138,29697.75,29697.75,0.00
2026-06-24 09:32:21,29697.00,29710.00,29697.00,29709.75,169,29709.75,29709.75,0.00
2026-06-24 09:32:22,29709.00,29711.00,29705.50,29706.00,247,29706.00,29706.00,0.00
2026-06-24 09:32:23,29706.00,29709.75,29704.75,29705.50,213,29705.50,29705.50,0.00
2026-06-24 09:32:24,29705.75,29708.00,29703.75,29707.50,143,29707.50,29707.50,0.00
2026-06-24 09:32:25,29707.00,29717.00,29704.25,29715.50,346,29715.50,29715.50,0.00
2026-06-24 09:32:26,29715.75,29717.00,29713.25,29715.00,200,29715.00,29715.00,0.00
2026-06-24 09:32:27,29714.25,29718.25,29708.75,29711.50,209,29711.50,29711.50,0.00
2026-06-24 09:32:28,29710.50,29716.75,29710.25,29713.50,134,29713.50,29713.50,0.00
2026-06-24 09:32:29,29711.00,29723.25,29710.75,29723.00,218,29723.00,29723.00,0.00
2026-06-24 09:32:30,29722.25,29723.50,29719.50,29719.50,241,29719.50,29719.50,0.00
2026-06-24 09:32:31,29720.50,29741.25,29719.75,29740.25,904,29740.25,29740.25,0.00
2026-06-24 09:32:32,29739.25,29744.00,29738.25,29742.00,463,29742.00,29742.00,0.00
2026-06-24 09:32:33,29742.50,29743.00,29737.50,29739.00,374,29739.00,29739.00,0.00
2026-06-24 09:32:34,29739.00,29748.25,29738.50,29747.50,326,29747.50,29747.50,0.00
2026-06-24 09:32:35,29747.75,29764.75,29747.25,29764.00,1095,29764.00,29764.00,0.00
2026-06-24 09:32:36,29763.25,29765.00,29752.00,29753.00,426,29753.00,29753.00,0.00
2026-06-24 09:32:37,29754.00,29777.75,29752.75,29776.50,832,29776.50,29776.50,0.00
2026-06-24 09:32:38,29776.75,29778.00,29765.25,29766.00,474,29766.00,29766.00,0.00
2026-06-24 09:32:39,29765.75,29769.75,29761.00,29764.00,297,29764.00,29764.00,0.00
2026-06-24 09:32:40,29764.00,29788.50,29764.00,29788.00,723,29788.00,29788.00,0.00
2026-06-24 09:32:41,29787.50,29796.50,29785.50,29790.00,627,29790.00,29790.00,0.00
2026-06-24 09:32:42,29788.75,29792.75,29787.00,29791.25,343,29791.25,29791.25,0.00
2026-06-24 09:32:43,29791.50,29812.25,29790.50,29809.50,977,29809.50,29809.50,0.00
2026-06-24 09:32:44,29808.50,29811.00,29804.00,29805.25,420,29805.25,29805.25,0.00
2026-06-24 09:32:45,29806.25,29808.00,29802.25,29803.75,297,29803.75,29803.75,0.00
2026-06-24 09:32:46,29802.50,29806.00,29799.50,29802.75,317,29802.75,29802.75,0.00
2026-06-24 09:32:47,29803.50,29805.25,29792.00,29799.00,352,29799.00,29799.00,0.00
2026-06-24 09:32:48,29801.25,29806.00,29797.00,29804.75,206,29804.75,29804.75,0.00
2026-06-24 09:32:49,29805.75,29805.75,29787.25,29795.25,315,29795.25,29795.25,0.00
2026-06-24 09:32:50,29795.75,29800.25,29793.25,29798.50,259,29798.50,29798.50,0.00
2026-06-24 09:32:51,29798.75,29799.75,29790.00,29797.25,192,29797.25,29797.25,0.00
2026-06-24 09:32:52,29797.50,29799.75,29795.25,29798.25,203,29798.25,29798.25,0.00
2026-06-24 09:32:53,29797.50,29799.25,29788.00,29788.75,295,29788.75,29788.75,0.00
2026-06-24 09:32:54,29789.00,29790.25,29783.25,29786.00,240,29786.00,29786.00,0.00
2026-06-24 09:32:55,29785.50,29791.50,29784.75,29785.50,209,29785.50,29785.50,0.00
2026-06-24 09:32:56,29785.25,29792.50,29781.25,29791.50,248,29791.50,29791.50,0.00
2026-06-24 09:32:57,29791.00,29791.50,29778.50,29781.75,227,29781.75,29781.75,0.00
2026-06-24 09:32:58,29781.00,29787.75,29779.75,29786.00,148,29786.00,29786.00,0.00
2026-06-24 09:32:59,29786.00,29796.75,29784.75,29793.25,173,29793.25,29793.25,0.00
2026-06-24 09:33:00,29793.50,29795.25,29791.25,29792.50,120,29792.50,29792.50,0.00
2026-06-24 09:33:01,29792.00,29795.00,29788.50,29793.00,234,29793.00,29793.00,0.00
2026-06-24 09:33:02,29794.00,29798.75,29789.50,29792.50,170,29792.50,29792.50,0.00
2026-06-24 09:33:03,29792.25,29798.25,29792.00,29795.25,194,29795.25,29795.25,0.00
2026-06-24 09:33:04,29796.25,29799.00,29792.00,29795.25,169,29795.25,29795.25,0.00
2026-06-24 09:33:05,29795.25,29804.25,29792.25,29801.25,189,29801.25,29801.25,0.00
2026-06-24 09:33:06,29800.25,29806.50,29797.00,29798.25,278,29798.25,29798.25,0.00
2026-06-24 09:33:07,29800.25,29800.25,29790.25,29792.50,194,29792.50,29792.50,0.00
2026-06-24 09:33:08,29791.50,29795.50,29787.00,29794.75,188,29794.75,29794.75,0.00
2026-06-24 09:33:09,29794.50,29802.00,29793.50,29799.50,127,29799.50,29799.50,0.00
2026-06-24 09:33:10,29799.00,29801.75,29794.75,29798.50,158,29798.50,29798.50,0.00
2026-06-24 09:33:11,29797.75,29806.25,29796.75,29805.75,151,29805.75,29805.75,0.00
2026-06-24 09:33:12,29805.00,29805.00,29793.00,29795.75,217,29795.75,29795.75,0.00
2026-06-24 09:33:13,29796.00,29798.75,29794.00,29795.25,105,29795.25,29795.25,0.00
2026-06-24 09:33:14,29794.75,29797.50,29793.00,29797.25,77,29797.25,29797.25,0.00
2026-06-24 09:33:15,29797.50,29806.00,29793.25,29801.50,194,29801.50,29801.50,0.00
2026-06-24 09:33:16,29802.50,29810.25,29801.75,29808.75,268,29808.75,29808.75,0.00
2026-06-24 09:33:17,29809.25,29817.00,29807.75,29816.25,346,29816.25,29816.25,0.00
2026-06-24 09:33:18,29817.25,29820.00,29813.75,29817.00,479,29817.00,29817.00,0.00
2026-06-24 09:33:19,29816.25,29823.75,29816.25,29817.75,338,29817.75,29817.75,0.00
2026-06-24 09:33:20,29817.75,29823.50,29815.75,29816.25,277,29816.25,29816.25,0.00
2026-06-24 09:33:21,29815.75,29822.75,29812.75,29818.00,263,29818.00,29818.00,0.00
2026-06-24 09:33:22,29819.25,29819.75,29813.50,29815.00,149,29815.00,29815.00,0.00
2026-06-24 09:33:23,29814.75,29817.75,29812.25,29814.00,186,29814.00,29814.00,0.00
2026-06-24 09:33:24,29812.50,29826.00,29811.75,29822.25,342,29822.25,29822.25,0.00
2026-06-24 09:33:25,29822.50,29823.25,29816.00,29818.75,180,29818.75,29818.75,0.00
2026-06-24 09:33:26,29819.75,29824.75,29819.25,29819.50,176,29819.50,29819.50,0.00
2026-06-24 09:33:27,29818.75,29829.00,29818.75,29827.25,218,29827.25,29827.25,0.00
2026-06-24 09:33:28,29826.50,29837.25,29825.50,29833.25,521,29833.25,29833.25,0.00
2026-06-24 09:33:29,29835.25,29837.75,29832.50,29833.50,249,29833.50,29833.50,0.00
2026-06-24 09:33:30,29834.00,29837.00,29833.00,29836.25,280,29836.25,29836.25,0.00
2026-06-24 09:33:31,29836.50,29840.00,29829.50,29838.75,314,29838.75,29838.75,0.00
2026-06-24 09:33:32,29839.00,29839.00,29833.50,29834.75,269,29834.75,29834.75,0.00
2026-06-24 09:33:33,29835.00,29837.50,29823.50,29833.50,464,29833.50,29833.50,0.00
2026-06-24 09:33:34,29834.25,29839.75,29833.50,29839.75,165,29839.75,29839.75,0.00
2026-06-24 09:33:35,29840.00,29840.00,29833.25,29835.75,146,29835.75,29835.75,0.00
2026-06-24 09:33:36,29835.75,29838.25,29828.75,29829.50,207,29829.50,29829.50,0.00
2026-06-24 09:33:37,29829.00,29832.75,29822.75,29827.00,205,29827.00,29827.00,0.00
2026-06-24 09:33:38,29826.75,29827.00,29820.00,29821.75,241,29821.75,29821.75,0.00
2026-06-24 09:33:39,29822.00,29825.75,29820.75,29822.25,236,29822.25,29822.25,0.00
2026-06-24 09:33:40,29821.75,29827.25,29820.50,29825.50,183,29825.50,29825.50,0.00
2026-06-24 09:33:41,29824.75,29827.00,29822.25,29824.25,159,29824.25,29824.25,0.00
2026-06-24 09:33:42,29824.25,29825.75,29817.50,29819.75,274,29819.75,29819.75,0.00
2026-06-24 09:33:43,29820.25,29827.75,29816.75,29827.50,225,29827.50,29827.50,0.00
2026-06-24 09:33:44,29827.00,29827.25,29817.25,29818.25,116,29818.25,29818.25,0.00
2026-06-24 09:33:45,29817.75,29823.00,29817.00,29820.25,117,29820.25,29820.25,0.00
2026-06-24 09:33:46,29819.50,29825.50,29817.50,29824.25,165,29824.25,29824.25,0.00
2026-06-24 09:33:47,29825.00,29832.75,29824.00,29828.75,247,29828.75,29828.75,0.00
2026-06-24 09:33:48,29828.50,29829.00,29819.50,29819.50,178,29819.50,29819.50,0.00
2026-06-24 09:33:49,29820.75,29825.25,29820.50,29823.25,94,29823.25,29823.25,0.00
2026-06-24 09:33:50,29823.25,29825.75,29820.75,29824.75,117,29824.75,29824.75,0.00
2026-06-24 09:33:51,29824.50,29826.50,29821.75,29823.50,126,29823.50,29823.50,0.00
2026-06-24 09:33:52,29823.00,29828.25,29821.50,29827.25,112,29827.25,29827.25,0.00
2026-06-24 09:33:53,29827.25,29828.25,29822.00,29822.00,106,29822.00,29822.00,0.00
2026-06-24 09:33:54,29821.75,29821.75,29816.75,29817.00,171,29817.00,29817.00,0.00
2026-06-24 09:33:55,29817.25,29818.25,29814.50,29816.25,169,29816.25,29816.25,0.00
2026-06-24 09:33:56,29817.00,29821.50,29816.25,29819.25,118,29819.25,29819.25,0.00
2026-06-24 09:33:57,29819.50,29823.75,29817.75,29822.50,113,29822.50,29822.50,0.00
2026-06-24 09:33:58,29822.00,29825.00,29820.25,29822.25,119,29822.25,29822.25,0.00
2026-06-24 09:33:59,29823.50,29825.75,29821.75,29823.25,101,29823.25,29823.25,0.00
2026-06-24 09:34:00,29823.50,29823.50,29818.00,29818.00,99,29818.00,29818.00,0.00
2026-06-24 09:34:01,29818.50,29819.75,29811.25,29812.50,344,29812.50,29812.50,0.00
2026-06-24 09:34:02,29812.75,29815.00,29809.00,29810.75,215,29810.75,29810.75,0.00
2026-06-24 09:34:03,29810.00,29817.00,29810.00,29812.25,229,29812.25,29812.25,0.00
2026-06-24 09:34:04,29811.50,29814.75,29804.50,29806.00,352,29806.00,29806.00,0.00
2026-06-24 09:34:05,29807.00,29810.25,29805.75,29807.25,228,29807.25,29807.25,0.00
2026-06-24 09:34:06,29807.50,29807.75,29801.25,29803.50,336,29803.50,29803.50,0.00
2026-06-24 09:34:07,29803.50,29808.00,29802.25,29803.75,189,29803.75,29803.75,0.00
2026-06-24 09:34:08,29805.25,29814.00,29805.25,29809.75,230,29809.75,29809.75,0.00
2026-06-24 09:34:09,29810.75,29816.75,29808.00,29814.00,154,29814.00,29814.00,0.00
2026-06-24 09:34:10,29814.25,29820.50,29813.50,29820.25,179,29820.25,29820.25,0.00
2026-06-24 09:34:11,29820.25,29823.50,29816.75,29822.75,237,29822.75,29822.75,0.00
2026-06-24 09:34:12,29821.25,29823.50,29817.50,29817.50,163,29817.50,29817.50,0.00
2026-06-24 09:34:13,29817.75,29819.75,29813.50,29818.00,158,29818.00,29818.00,0.00
2026-06-24 09:34:14,29817.50,29819.50,29815.75,29816.75,47,29816.75,29816.75,0.00
2026-06-24 09:34:15,29818.50,29820.00,29814.50,29817.25,116,29817.25,29817.25,0.00
2026-06-24 09:34:16,29817.25,29822.50,29816.25,29819.50,99,29819.50,29819.50,0.00
2026-06-24 09:34:17,29819.75,29823.00,29818.25,29823.00,71,29823.00,29823.00,0.00
2026-06-24 09:34:18,29823.25,29826.25,29821.75,29825.00,216,29825.00,29825.00,0.00
2026-06-24 09:34:19,29825.25,29825.50,29816.75,29818.00,139,29818.00,29818.00,0.00
2026-06-24 09:34:20,29818.25,29819.00,29812.00,29815.25,144,29815.25,29815.25,0.00
2026-06-24 09:34:21,29815.00,29820.00,29812.75,29818.75,132,29818.75,29818.75,0.00
2026-06-24 09:34:22,29819.00,29819.00,29813.00,29813.25,101,29813.25,29813.25,0.00
2026-06-24 09:34:23,29813.50,29816.75,29812.25,29812.50,109,29812.50,29812.50,0.00
2026-06-24 09:34:24,29813.00,29821.75,29812.75,29821.00,122,29821.00,29821.00,0.00
2026-06-24 09:34:25,29821.00,29821.75,29819.00,29819.00,90,29819.00,29819.00,0.00
2026-06-24 09:34:26,29818.00,29819.25,29816.75,29818.50,67,29818.50,29818.50,0.00
2026-06-24 09:34:27,29819.00,29820.75,29815.50,29817.25,76,29817.25,29817.25,0.00
2026-06-24 09:34:28,29817.00,29821.00,29813.50,29814.75,197,29814.75,29814.75,0.00
2026-06-24 09:34:29,29815.50,29818.75,29814.50,29817.75,87,29817.75,29817.75,0.00
2026-06-24 09:34:30,29817.75,29818.00,29814.00,29814.00,40,29814.00,29814.00,0.00
2026-06-24 09:34:31,29813.75,29814.00,29806.25,29809.00,168,29809.00,29809.00,0.00
2026-06-24 09:34:32,29808.75,29809.25,29800.25,29800.75,382,29800.75,29800.75,0.00
2026-06-24 09:34:33,29801.75,29805.00,29800.50,29803.00,253,29803.00,29803.00,0.00
2026-06-24 09:34:34,29802.25,29803.75,29798.50,29798.50,199,29798.50,29798.50,0.00
2026-06-24 09:34:35,29798.25,29803.75,29797.75,29801.50,235,29801.50,29801.50,0.00
2026-06-24 09:34:36,29800.75,29804.75,29798.00,29799.50,187,29799.50,29799.50,0.00
2026-06-24 09:34:37,29801.00,29802.50,29796.00,29796.50,142,29796.50,29796.50,0.00
2026-06-24 09:34:38,29797.00,29799.75,29794.00,29796.50,185,29796.50,29796.50,0.00
2026-06-24 09:34:39,29796.25,29801.00,29793.50,29799.25,194,29799.25,29799.25,0.00
2026-06-24 09:34:40,29800.00,29803.75,29798.75,29802.25,147,29802.25,29802.25,0.00
2026-06-24 09:34:41,29801.25,29804.25,29800.25,29803.50,98,29803.50,29803.50,0.00
2026-06-24 09:34:42,29804.00,29816.25,29804.00,29814.75,214,29814.75,29814.75,0.00
2026-06-24 09:34:43,29815.75,29816.75,29814.00,29816.25,104,29816.25,29816.25,0.00
2026-06-24 09:34:44,29815.50,29817.50,29810.50,29812.50,111,29812.50,29812.50,0.00
2026-06-24 09:34:45,29812.25,29812.50,29799.75,29802.50,236,29802.50,29802.50,0.00
2026-06-24 09:34:46,29801.75,29802.25,29799.25,29800.00,192,29800.00,29800.00,0.00
2026-06-24 09:34:47,29799.75,29804.00,29799.50,29801.50,121,29801.50,29801.50,0.00
2026-06-24 09:34:48,29801.75,29802.00,29797.75,29799.75,99,29799.75,29799.75,0.00
2026-06-24 09:34:49,29800.50,29800.75,29797.00,29797.50,100,29797.50,29797.50,0.00
2026-06-24 09:34:50,29798.25,29808.00,29797.25,29803.00,157,29803.00,29803.00,0.00
2026-06-24 09:34:51,29802.75,29803.75,29800.00,29803.00,117,29803.00,29803.00,0.00
2026-06-24 09:34:52,29803.25,29811.50,29802.75,29810.00,114,29810.00,29810.00,0.00
2026-06-24 09:34:53,29810.75,29811.50,29806.50,29808.00,119,29808.00,29808.00,0.00
2026-06-24 09:34:54,29807.50,29807.75,29803.25,29804.25,85,29804.25,29804.25,0.00
2026-06-24 09:34:55,29804.75,29804.75,29800.75,29802.25,94,29802.25,29802.25,0.00
2026-06-24 09:34:56,29803.50,29810.00,29801.00,29807.75,120,29807.75,29807.75,0.00
2026-06-24 09:34:57,29809.50,29810.00,29805.00,29806.00,59,29806.00,29806.00,0.00
2026-06-24 09:34:58,29807.50,29812.50,29806.25,29806.25,107,29806.25,29806.25,0.00
2026-06-24 09:34:59,29806.75,29811.00,29806.75,29808.50,76,29808.50,29808.50,0.00
2026-06-24 09:35:00,29808.00,29810.75,29808.00,29809.50,89,29809.50,29809.50,0.00
2026-06-24 09:35:01,29809.50,29809.75,29800.25,29801.75,497,29801.75,29801.75,0.00
2026-06-24 09:35:02,29802.00,29805.75,29799.25,29803.75,332,29803.75,29803.75,0.00
2026-06-24 09:35:03,29803.00,29812.75,29803.00,29809.75,288,29809.75,29809.75,0.00
2026-06-24 09:35:04,29810.25,29813.00,29806.25,29810.75,238,29810.75,29810.75,0.00
2026-06-24 09:35:05,29811.50,29815.00,29809.75,29813.75,118,29813.75,29813.75,0.00
2026-06-24 09:35:06,29814.25,29818.75,29812.25,29816.00,258,29816.00,29816.00,0.00
2026-06-24 09:35:07,29816.50,29825.50,29815.25,29823.75,293,29823.75,29823.75,0.00
2026-06-24 09:35:08,29824.75,29827.50,29820.75,29822.50,299,29822.50,29822.50,0.00
2026-06-24 09:35:09,29822.50,29826.75,29820.25,29826.00,266,29826.00,29826.00,0.00
2026-06-24 09:35:10,29826.25,29826.25,29816.00,29818.75,261,29818.75,29818.75,0.00
2026-06-24 09:35:11,29819.50,29821.25,29814.00,29821.00,140,29821.00,29821.00,0.00
2026-06-24 09:35:12,29821.75,29825.75,29820.75,29822.00,132,29822.00,29822.00,0.00
2026-06-24 09:35:13,29821.50,29828.00,29821.50,29826.50,225,29826.50,29826.50,0.00
2026-06-24 09:35:14,29825.75,29826.75,29816.75,29818.50,228,29818.50,29818.50,0.00
2026-06-24 09:35:15,29818.00,29820.50,29813.00,29819.50,211,29819.50,29819.50,0.00
2026-06-24 09:35:16,29820.00,29825.25,29815.50,29816.75,109,29816.75,29816.75,0.00
2026-06-24 09:35:17,29816.25,29817.75,29812.50,29813.50,127,29813.50,29813.50,0.00
2026-06-24 09:35:18,29814.25,29824.00,29813.25,29823.25,135,29823.25,29823.25,0.00
2026-06-24 09:35:19,29823.00,29824.75,29819.75,29821.00,141,29821.00,29821.00,0.00
2026-06-24 09:35:20,29822.00,29822.75,29814.75,29815.00,140,29815.00,29815.00,0.00
2026-06-24 09:35:21,29815.75,29818.50,29810.75,29815.25,176,29815.25,29815.25,0.00
2026-06-24 09:35:22,29815.25,29817.75,29811.50,29812.75,110,29812.75,29812.75,0.00
2026-06-24 09:35:23,29813.00,29813.25,29807.00,29810.25,177,29810.25,29810.25,0.00
2026-06-24 09:35:24,29809.75,29809.75,29798.75,29799.25,274,29799.25,29799.25,0.00
2026-06-24 09:35:25,29798.75,29803.00,29797.00,29800.00,234,29800.00,29800.00,0.00
2026-06-24 09:35:26,29800.50,29803.00,29799.50,29801.25,147,29801.25,29801.25,0.00
2026-06-24 09:35:27,29801.00,29802.25,29796.00,29797.00,228,29797.00,29797.00,0.00
2026-06-24 09:35:28,29797.00,29803.25,29796.75,29802.50,177,29802.50,29802.50,0.00
2026-06-24 09:35:29,29803.25,29804.75,29796.75,29802.75,212,29802.75,29802.75,0.00
2026-06-24 09:35:30,29803.50,29804.75,29799.75,29800.75,128,29800.75,29800.75,0.00
2026-06-24 09:35:31,29800.50,29805.75,29799.25,29805.25,163,29805.25,29805.25,0.00
2026-06-24 09:35:32,29805.50,29809.00,29805.50,29806.50,188,29806.50,29806.50,0.00
2026-06-24 09:35:33,29808.25,29815.00,29808.00,29814.00,168,29814.00,29814.00,0.00
2026-06-24 09:35:34,29814.25,29820.00,29810.50,29818.75,209,29818.75,29818.75,0.00
2026-06-24 09:35:35,29819.25,29820.00,29815.00,29817.50,160,29817.50,29817.50,0.00
2026-06-24 09:35:36,29818.00,29830.00,29817.25,29825.75,348,29825.75,29825.75,0.00
2026-06-24 09:35:37,29825.75,29826.75,29821.25,29821.75,277,29821.75,29821.75,0.00
2026-06-24 09:35:38,29822.25,29822.25,29818.25,29819.75,180,29819.75,29819.75,0.00
2026-06-24 09:35:39,29819.25,29820.50,29817.00,29817.50,100,29817.50,29817.50,0.00
2026-06-24 09:35:40,29817.25,29822.50,29816.50,29820.25,144,29820.25,29820.25,0.00
2026-06-24 09:35:41,29819.75,29819.75,29810.00,29812.50,214,29812.50,29812.50,0.00
2026-06-24 09:35:42,29813.75,29816.00,29808.25,29814.00,182,29814.00,29814.00,0.00
2026-06-24 09:35:43,29813.25,29820.25,29811.75,29820.25,165,29820.25,29820.25,0.00
2026-06-24 09:35:44,29819.00,29820.25,29814.25,29817.75,127,29817.75,29817.75,0.00
2026-06-24 09:35:45,29818.00,29823.00,29818.00,29820.25,118,29820.25,29820.25,0.00
2026-06-24 09:35:46,29820.75,29827.75,29820.25,29825.75,92,29825.75,29825.75,0.00
2026-06-24 09:35:47,29826.75,29828.75,29824.00,29824.75,161,29824.75,29824.75,0.00
2026-06-24 09:35:48,29825.50,29825.75,29819.75,29821.00,123,29821.00,29821.00,0.00
2026-06-24 09:35:49,29821.25,29832.00,29820.50,29829.25,307,29829.25,29829.25,0.00
2026-06-24 09:35:50,29829.00,29830.00,29825.50,29826.00,186,29826.00,29826.00,0.00
2026-06-24 09:35:51,29826.75,29830.00,29825.50,29828.00,143,29828.00,29828.00,0.00
2026-06-24 09:35:52,29828.25,29830.75,29827.75,29828.75,114,29828.75,29828.75,0.00
2026-06-24 09:35:53,29829.00,29829.00,29820.50,29823.25,187,29823.25,29823.25,0.00
2026-06-24 09:35:54,29823.25,29830.75,29823.25,29828.75,126,29828.75,29828.75,0.00
2026-06-24 09:35:55,29827.25,29829.00,29824.25,29825.50,96,29825.50,29825.50,0.00
2026-06-24 09:35:56,29825.25,29826.75,29823.75,29826.75,72,29826.75,29826.75,0.00
2026-06-24 09:35:57,29827.00,29827.00,29819.50,29820.50,121,29820.50,29820.50,0.00
2026-06-24 09:35:58,29821.00,29823.75,29818.25,29823.25,133,29823.25,29823.25,0.00
2026-06-24 09:35:59,29823.00,29823.00,29817.75,29818.00,144,29818.00,29818.00,0.00
2026-06-24 09:36:00,29817.50,29818.75,29816.00,29816.25,151,29816.25,29816.25,0.00
2026-06-24 09:36:01,29816.25,29818.25,29812.00,29816.00,273,29816.00,29816.00,0.00
2026-06-24 09:36:02,29817.00,29823.25,29816.00,29820.75,152,29820.75,29820.75,0.00
2026-06-24 09:36:03,29820.00,29820.50,29817.25,29818.25,152,29818.25,29818.25,0.00
2026-06-24 09:36:04,29818.75,29824.00,29818.50,29823.25,98,29823.25,29823.25,0.00
2026-06-24 09:36:05,29824.50,29832.75,29823.75,29828.50,330,29828.50,29828.50,0.00
2026-06-24 09:36:06,29828.75,29837.50,29825.75,29836.50,395,29836.50,29836.50,0.00
2026-06-24 09:36:07,29836.50,29839.50,29835.50,29838.00,397,29838.00,29838.00,0.00
2026-06-24 09:36:08,29838.75,29843.50,29837.75,29840.00,502,29840.00,29840.00,0.00
2026-06-24 09:36:09,29839.75,29839.75,29836.00,29839.25,231,29839.25,29839.25,0.00
2026-06-24 09:36:10,29838.75,29840.00,29836.50,29837.75,194,29837.75,29837.75,0.00
2026-06-24 09:36:11,29837.75,29840.75,29829.75,29829.75,250,29829.75,29829.75,0.00
2026-06-24 09:36:12,29830.00,29830.50,29821.50,29823.25,342,29823.25,29823.25,0.00
2026-06-24 09:36:13,29824.25,29825.75,29820.50,29821.25,225,29821.25,29821.25,0.00
2026-06-24 09:36:14,29822.50,29824.75,29819.75,29824.25,155,29824.25,29824.25,0.00
2026-06-24 09:36:15,29823.25,29825.50,29814.50,29816.00,234,29816.00,29816.00,0.00
2026-06-24 09:36:16,29815.50,29818.25,29814.00,29815.00,159,29815.00,29815.00,0.00
2026-06-24 09:36:17,29815.50,29818.25,29813.75,29814.25,200,29814.25,29814.25,0.00
2026-06-24 09:36:18,29813.75,29819.00,29813.75,29816.25,148,29816.25,29816.25,0.00
2026-06-24 09:36:19,29816.50,29816.75,29809.00,29810.75,264,29810.75,29810.75,0.00
2026-06-24 09:36:20,29811.50,29811.50,29802.50,29805.00,323,29805.00,29805.00,0.00
2026-06-24 09:36:21,29805.00,29806.75,29800.50,29804.00,335,29804.00,29804.00,0.00
2026-06-24 09:36:22,29804.00,29805.25,29795.75,29797.25,310,29797.25,29797.25,0.00
2026-06-24 09:36:23,29797.50,29799.25,29794.25,29799.25,271,29799.25,29799.25,0.00
2026-06-24 09:36:24,29799.25,29799.75,29793.75,29794.50,239,29794.50,29794.50,0.00
2026-06-24 09:36:25,29794.25,29794.50,29788.25,29790.00,352,29790.00,29790.00,0.00
2026-06-24 09:36:26,29789.25,29793.50,29786.00,29787.50,361,29787.50,29787.50,0.00
2026-06-24 09:36:27,29787.75,29789.25,29783.50,29785.00,381,29785.00,29785.00,0.00
2026-06-24 09:36:28,29785.00,29789.00,29784.50,29786.25,222,29786.25,29786.25,0.00
2026-06-24 09:36:29,29787.25,29790.00,29784.50,29787.50,197,29787.50,29787.50,0.00
2026-06-24 09:36:30,29787.50,29791.25,29786.25,29790.00,155,29790.00,29790.00,0.00
2026-06-24 09:36:31,29789.75,29791.00,29782.00,29784.25,200,29784.25,29784.25,0.00
2026-06-24 09:36:32,29784.00,29786.75,29782.75,29782.75,195,29782.75,29782.75,0.00
2026-06-24 09:36:33,29782.75,29787.00,29782.50,29783.25,212,29783.25,29783.25,0.00
2026-06-24 09:36:34,29783.00,29784.50,29780.50,29781.25,206,29781.25,29781.25,0.00
2026-06-24 09:36:35,29780.75,29784.75,29778.00,29781.25,381,29781.25,29781.25,0.00
2026-06-24 09:36:36,29781.25,29783.50,29776.75,29778.50,207,29778.50,29778.50,0.00
2026-06-24 09:36:37,29778.75,29782.25,29777.25,29781.25,219,29781.25,29781.25,0.00
2026-06-24 09:36:38,29781.00,29788.75,29780.00,29784.75,226,29784.75,29784.75,0.00
2026-06-24 09:36:39,29784.25,29787.75,29779.50,29781.00,144,29781.00,29781.00,0.00
2026-06-24 09:36:40,29782.00,29782.50,29774.00,29775.50,253,29775.50,29775.50,0.00
2026-06-24 09:36:41,29775.50,29780.50,29775.25,29777.75,176,29777.75,29777.75,0.00
2026-06-24 09:36:42,29777.25,29777.25,29769.00,29770.75,318,29770.75,29770.75,0.00
2026-06-24 09:36:43,29771.25,29777.75,29767.50,29767.75,431,29767.75,29767.75,0.00
2026-06-24 09:36:44,29768.00,29772.00,29766.50,29770.50,184,29770.50,29770.50,0.00
2026-06-24 09:36:45,29770.50,29770.75,29762.25,29763.50,293,29763.50,29763.50,0.00
2026-06-24 09:36:46,29763.50,29764.75,29758.25,29761.50,361,29761.50,29761.50,0.00
2026-06-24 09:36:47,29760.75,29763.50,29758.50,29760.75,255,29760.75,29760.75,0.00
2026-06-24 09:36:48,29761.00,29762.00,29757.50,29761.25,155,29761.25,29761.25,0.00
2026-06-24 09:36:49,29761.75,29761.75,29750.50,29752.25,359,29752.25,29752.25,0.00
2026-06-24 09:36:50,29752.25,29758.25,29752.00,29754.50,306,29754.50,29754.50,0.00
2026-06-24 09:36:51,29754.75,29762.75,29754.75,29760.50,279,29760.50,29760.50,0.00
2026-06-24 09:36:52,29761.25,29763.25,29757.75,29760.00,214,29760.00,29760.00,0.00
2026-06-24 09:36:53,29760.75,29768.00,29760.00,29764.50,324,29764.50,29764.50,0.00
2026-06-24 09:36:54,29763.25,29766.75,29761.75,29764.25,258,29764.25,29764.25,0.00
2026-06-24 09:36:55,29764.75,29766.25,29762.25,29763.25,206,29763.25,29763.25,0.00
2026-06-24 09:36:56,29763.75,29767.50,29762.75,29765.00,140,29765.00,29765.00,0.00
2026-06-24 09:36:57,29764.75,29767.75,29763.25,29767.50,142,29767.50,29767.50,0.00
2026-06-24 09:36:58,29768.25,29769.25,29764.25,29765.50,121,29765.50,29765.50,0.00
2026-06-24 09:36:59,29766.00,29771.75,29766.00,29769.00,257,29769.00,29769.00,0.00
2026-06-24 09:37:00,29769.25,29773.25,29769.00,29770.50,217,29770.50,29770.50,0.00
2026-06-24 09:37:01,29771.25,29775.00,29771.25,29773.50,244,29773.50,29773.50,0.00
2026-06-24 09:37:02,29773.75,29777.50,29773.75,29776.25,311,29776.25,29776.25,0.00
2026-06-24 09:37:03,29775.25,29776.00,29771.75,29773.75,149,29773.75,29773.75,0.00
2026-06-24 09:37:04,29773.50,29775.75,29772.00,29773.75,163,29773.75,29773.75,0.00
2026-06-24 09:37:05,29774.25,29781.50,29774.25,29776.00,281,29776.00,29776.00,0.00
2026-06-24 09:37:06,29776.25,29779.50,29767.25,29769.00,415,29769.00,29769.00,0.00
2026-06-24 09:37:07,29769.25,29773.75,29767.50,29768.50,236,29768.50,29768.50,0.00
2026-06-24 09:37:08,29768.25,29772.25,29767.00,29770.00,223,29770.00,29770.00,0.00
2026-06-24 09:37:09,29769.25,29771.00,29764.00,29770.75,181,29770.75,29770.75,0.00
2026-06-24 09:37:10,29771.50,29774.75,29765.75,29770.75,169,29770.75,29770.75,0.00
2026-06-24 09:37:11,29770.25,29770.75,29763.00,29763.25,130,29763.25,29763.25,0.00
2026-06-24 09:37:12,29762.75,29767.25,29761.25,29764.50,165,29764.50,29764.50,0.00
2026-06-24 09:37:13,29764.50,29767.75,29762.50,29767.50,190,29767.50,29767.50,0.00
2026-06-24 09:37:14,29767.00,29771.25,29761.25,29770.75,267,29770.75,29770.75,0.00
2026-06-24 09:37:15,29771.75,29779.25,29770.50,29777.25,166,29777.25,29777.25,0.00
2026-06-24 09:37:16,29777.50,29779.75,29775.00,29778.00,144,29778.00,29778.00,0.00
2026-06-24 09:37:17,29779.25,29782.75,29778.75,29780.00,197,29780.00,29780.00,0.00
2026-06-24 09:37:18,29780.25,29787.50,29779.00,29784.00,271,29784.00,29784.00,0.00
2026-06-24 09:37:19,29783.50,29786.75,29781.75,29786.00,236,29786.00,29786.00,0.00
2026-06-24 09:37:20,29787.00,29788.75,29784.75,29786.75,247,29786.75,29786.75,0.00
2026-06-24 09:37:21,29787.50,29788.00,29783.00,29787.25,185,29787.25,29787.25,0.00
2026-06-24 09:37:22,29787.25,29790.50,29781.00,29783.00,283,29783.00,29783.00,0.00
2026-06-24 09:37:23,29783.00,29784.50,29781.00,29784.50,130,29784.50,29784.50,0.00
2026-06-24 09:37:24,29783.75,29784.00,29776.75,29778.75,191,29778.75,29778.75,0.00
2026-06-24 09:37:25,29778.50,29780.00,29771.75,29773.00,213,29773.00,29773.00,0.00
2026-06-24 09:37:26,29773.25,29781.25,29772.25,29780.00,141,29780.00,29780.00,0.00
2026-06-24 09:37:27,29779.75,29780.50,29777.00,29780.25,100,29780.25,29780.25,0.00
2026-06-24 09:37:28,29780.50,29782.25,29777.75,29781.50,124,29781.50,29781.50,0.00
2026-06-24 09:37:29,29781.75,29781.75,29774.50,29778.50,172,29778.50,29778.50,0.00
2026-06-24 09:37:30,29778.50,29780.75,29773.50,29780.50,162,29780.50,29780.50,0.00
2026-06-24 09:37:31,29780.50,29785.75,29779.50,29784.00,170,29784.00,29784.00,0.00
2026-06-24 09:37:32,29785.00,29788.50,29784.75,29787.00,145,29787.00,29787.00,0.00
2026-06-24 09:37:33,29787.50,29787.50,29778.25,29780.00,164,29780.00,29780.00,0.00
2026-06-24 09:37:34,29780.00,29785.25,29780.00,29781.25,166,29781.25,29781.25,0.00
2026-06-24 09:37:35,29779.75,29786.00,29779.50,29785.25,123,29785.25,29785.25,0.00
2026-06-24 09:37:36,29784.00,29788.00,29782.75,29783.25,140,29783.25,29783.25,0.00
2026-06-24 09:37:37,29782.50,29785.75,29780.25,29785.25,126,29785.25,29785.25,0.00
2026-06-24 09:37:38,29785.75,29786.25,29782.50,29784.00,99,29784.00,29784.00,0.00
2026-06-24 09:37:39,29783.00,29792.50,29782.50,29789.50,288,29789.50,29789.50,0.00
2026-06-24 09:37:40,29790.00,29793.50,29786.00,29789.00,190,29789.00,29789.00,0.00
2026-06-24 09:37:41,29788.25,29790.25,29784.50,29789.75,197,29789.75,29789.75,0.00
2026-06-24 09:37:42,29789.50,29792.25,29789.00,29790.75,115,29790.75,29790.75,0.00
2026-06-24 09:37:43,29790.50,29792.50,29789.00,29791.50,174,29791.50,29791.50,0.00
2026-06-24 09:37:44,29791.25,29795.25,29789.00,29794.75,154,29794.75,29794.75,0.00
2026-06-24 09:37:45,29795.25,29799.75,29794.50,29796.00,318,29796.00,29796.00,0.00
2026-06-24 09:37:46,29797.25,29801.50,29795.25,29801.25,252,29801.25,29801.25,0.00
2026-06-24 09:37:47,29799.50,29806.00,29799.25,29803.50,354,29803.50,29803.50,0.00
2026-06-24 09:37:48,29803.25,29804.75,29801.00,29802.75,254,29802.75,29802.75,0.00
2026-06-24 09:37:49,29802.00,29803.75,29797.50,29798.75,178,29798.75,29798.75,0.00
2026-06-24 09:37:50,29799.50,29803.00,29799.25,29800.75,152,29800.75,29800.75,0.00
2026-06-24 09:37:51,29800.75,29802.25,29796.25,29797.00,213,29797.00,29797.00,0.00
2026-06-24 09:37:52,29796.75,29800.25,29793.25,29794.00,185,29794.00,29794.00,0.00
2026-06-24 09:37:53,29795.00,29797.50,29791.75,29797.00,162,29797.00,29797.00,0.00
2026-06-24 09:37:54,29796.75,29798.75,29795.75,29798.50,123,29798.50,29798.50,0.00
2026-06-24 09:37:55,29797.50,29802.25,29797.25,29802.25,103,29802.25,29802.25,0.00
2026-06-24 09:37:56,29802.25,29802.50,29796.50,29798.50,122,29798.50,29798.50,0.00
2026-06-24 09:37:57,29799.50,29806.00,29797.50,29805.00,146,29805.00,29805.00,0.00
2026-06-24 09:37:58,29804.25,29807.75,29803.75,29805.50,190,29805.50,29805.50,0.00
2026-06-24 09:37:59,29804.75,29806.50,29803.75,29804.50,143,29804.50,29804.50,0.00
2026-06-24 09:38:00,29804.25,29805.75,29803.00,29804.50,114,29804.50,29804.50,0.00
2026-06-24 09:38:01,29804.50,29804.75,29794.50,29796.25,229,29796.25,29796.25,0.00
2026-06-24 09:38:02,29796.50,29797.00,29792.75,29795.00,200,29795.00,29795.00,0.00
2026-06-24 09:38:03,29794.50,29800.25,29792.50,29800.25,229,29800.25,29800.25,0.00
2026-06-24 09:38:04,29800.00,29807.00,29798.25,29806.00,187,29806.00,29806.00,0.00
2026-06-24 09:38:05,29805.75,29807.25,29803.75,29805.75,147,29805.75,29805.75,0.00
2026-06-24 09:38:06,29805.50,29807.00,29801.25,29802.00,111,29802.00,29802.00,0.00
2026-06-24 09:38:07,29802.00,29802.75,29798.00,29798.00,133,29798.00,29798.00,0.00
2026-06-24 09:38:08,29799.00,29807.00,29799.00,29804.00,104,29804.00,29804.00,0.00
2026-06-24 09:38:09,29804.00,29804.00,29798.00,29801.75,154,29801.75,29801.75,0.00
2026-06-24 09:38:10,29801.00,29801.00,29796.25,29797.25,102,29797.25,29797.25,0.00
2026-06-24 09:38:11,29797.50,29800.75,29795.00,29799.00,143,29799.00,29799.00,0.00
2026-06-24 09:38:12,29797.50,29802.50,29796.75,29801.75,97,29801.75,29801.75,0.00
2026-06-24 09:38:13,29802.00,29806.00,29799.00,29801.75,186,29801.75,29801.75,0.00
2026-06-24 09:38:14,29802.00,29804.50,29799.00,29800.75,113,29800.75,29800.75,0.00
2026-06-24 09:38:15,29801.25,29801.25,29782.75,29784.75,508,29784.75,29784.75,0.00
2026-06-24 09:38:16,29784.25,29788.00,29783.25,29787.25,291,29787.25,29787.25,0.00
2026-06-24 09:38:17,29787.25,29790.25,29785.25,29787.75,182,29787.75,29787.75,0.00
2026-06-24 09:38:18,29786.75,29787.25,29783.25,29783.75,147,29783.75,29783.75,0.00
2026-06-24 09:38:19,29783.50,29784.50,29780.75,29782.25,197,29782.25,29782.25,0.00
2026-06-24 09:38:20,29782.50,29783.00,29774.50,29775.00,273,29775.00,29775.00,0.00
2026-06-24 09:38:21,29776.00,29777.50,29774.00,29775.25,202,29775.25,29775.25,0.00
2026-06-24 09:38:22,29775.00,29779.75,29774.00,29779.00,132,29779.00,29779.00,0.00
2026-06-24 09:38:23,29779.00,29780.75,29777.00,29780.50,176,29780.50,29780.50,0.00
2026-06-24 09:38:24,29779.50,29779.75,29775.00,29778.75,118,29778.75,29778.75,0.00
2026-06-24 09:38:25,29778.75,29779.50,29774.75,29779.50,109,29779.50,29779.50,0.00
2026-06-24 09:38:26,29778.50,29781.00,29777.50,29779.00,119,29779.00,29779.00,0.00
2026-06-24 09:38:27,29779.50,29782.50,29777.75,29781.00,127,29781.00,29781.00,0.00
2026-06-24 09:38:28,29782.00,29784.00,29779.50,29783.25,112,29783.25,29783.25,0.00
2026-06-24 09:38:29,29783.50,29784.75,29782.25,29782.50,111,29782.50,29782.50,0.00
2026-06-24 09:38:30,29781.75,29781.75,29775.75,29780.50,141,29780.50,29780.50,0.00
2026-06-24 09:38:31,29780.50,29780.50,29771.00,29772.50,234,29772.50,29772.50,0.00
2026-06-24 09:38:32,29772.25,29773.50,29770.75,29771.50,132,29771.50,29771.50,0.00
2026-06-24 09:38:33,29771.50,29775.75,29770.50,29774.00,188,29774.00,29774.00,0.00
2026-06-24 09:38:34,29773.50,29778.25,29771.75,29772.75,123,29772.75,29772.75,0.00
2026-06-24 09:38:35,29772.25,29774.75,29772.25,29774.25,95,29774.25,29774.25,0.00
2026-06-24 09:38:36,29774.25,29775.25,29766.25,29767.75,292,29767.75,29767.75,0.00
2026-06-24 09:38:37,29767.25,29770.50,29767.00,29768.25,173,29768.25,29768.25,0.00
2026-06-24 09:38:38,29767.50,29768.75,29764.25,29768.25,220,29768.25,29768.25,0.00
2026-06-24 09:38:39,29768.25,29774.50,29767.25,29774.50,171,29774.50,29774.50,0.00
2026-06-24 09:38:40,29774.50,29774.50,29765.00,29765.75,126,29765.75,29765.75,0.00
2026-06-24 09:38:41,29765.00,29765.25,29755.00,29757.25,387,29757.25,29757.25,0.00
2026-06-24 09:38:42,29757.50,29759.50,29754.25,29755.75,192,29755.75,29755.75,0.00
2026-06-24 09:38:43,29755.50,29761.50,29754.50,29756.00,377,29756.00,29756.00,0.00
2026-06-24 09:38:44,29756.75,29760.25,29755.25,29756.75,202,29756.75,29756.75,0.00
2026-06-24 09:38:45,29756.50,29758.50,29755.25,29756.50,157,29756.50,29756.50,0.00
2026-06-24 09:38:46,29756.75,29758.00,29747.75,29749.25,434,29749.25,29749.25,0.00
2026-06-24 09:38:47,29748.25,29749.75,29745.50,29746.75,347,29746.75,29746.75,0.00
2026-06-24 09:38:48,29746.50,29749.25,29744.50,29746.75,254,29746.75,29746.75,0.00
2026-06-24 09:38:49,29747.00,29750.25,29745.50,29748.25,150,29748.25,29748.25,0.00
2026-06-24 09:38:50,29748.75,29757.25,29748.00,29756.50,268,29756.50,29756.50,0.00
2026-06-24 09:38:51,29756.75,29758.75,29754.75,29754.75,213,29754.75,29754.75,0.00
2026-06-24 09:38:52,29756.25,29760.25,29755.25,29758.00,150,29758.00,29758.00,0.00
2026-06-24 09:38:53,29758.50,29766.00,29757.75,29763.50,224,29763.50,29763.50,0.00
2026-06-24 09:38:54,29763.25,29764.00,29761.00,29761.75,132,29761.75,29761.75,0.00
2026-06-24 09:38:55,29761.25,29761.50,29753.00,29753.50,283,29753.50,29753.50,0.00
2026-06-24 09:38:56,29753.25,29753.50,29749.25,29751.25,97,29751.25,29751.25,0.00
2026-06-24 09:38:57,29750.75,29754.50,29749.50,29752.50,168,29752.50,29752.50,0.00
2026-06-24 09:38:58,29751.75,29756.75,29751.50,29755.50,120,29755.50,29755.50,0.00
2026-06-24 09:38:59,29755.25,29762.25,29755.25,29762.25,160,29762.25,29762.25,0.00
2026-06-24 09:39:00,29761.75,29762.25,29759.00,29760.00,103,29760.00,29760.00,0.00
2026-06-24 09:39:01,29760.25,29763.50,29758.50,29763.50,216,29763.50,29763.50,0.00
2026-06-24 09:39:02,29763.00,29763.50,29759.50,29760.50,132,29760.50,29760.50,0.00
2026-06-24 09:39:03,29760.50,29763.25,29758.25,29759.75,157,29759.75,29759.75,0.00
2026-06-24 09:39:04,29759.00,29763.00,29755.00,29755.00,119,29755.00,29755.00,0.00
2026-06-24 09:39:05,29754.25,29754.75,29752.50,29753.00,138,29753.00,29753.00,0.00
2026-06-24 09:39:06,29752.50,29756.75,29751.75,29755.75,139,29755.75,29755.75,0.00
2026-06-24 09:39:07,29756.25,29757.50,29752.50,29753.50,108,29753.50,29753.50,0.00
2026-06-24 09:39:08,29754.00,29756.00,29752.75,29754.75,129,29754.75,29754.75,0.00
2026-06-24 09:39:09,29754.75,29758.00,29753.00,29755.75,114,29755.75,29755.75,0.00
2026-06-24 09:39:10,29756.25,29759.50,29755.25,29758.50,127,29758.50,29758.50,0.00
2026-06-24 09:39:11,29758.00,29759.50,29755.75,29757.50,70,29757.50,29757.50,0.00
2026-06-24 09:39:12,29758.75,29762.00,29755.75,29757.50,137,29757.50,29757.50,0.00
2026-06-24 09:39:13,29757.25,29763.00,29757.25,29762.25,91,29762.25,29762.25,0.00
2026-06-24 09:39:14,29761.75,29762.25,29756.75,29757.75,84,29757.75,29757.75,0.00
2026-06-24 09:39:15,29758.50,29759.25,29756.50,29758.50,68,29758.50,29758.50,0.00
2026-06-24 09:39:16,29757.75,29770.50,29757.25,29769.25,296,29769.25,29769.25,0.00
2026-06-24 09:39:17,29769.25,29769.75,29764.25,29766.75,177,29766.75,29766.75,0.00
2026-06-24 09:39:18,29767.50,29768.50,29760.00,29762.25,262,29762.25,29762.25,0.00
2026-06-24 09:39:19,29762.00,29763.75,29752.75,29754.00,154,29754.00,29754.00,0.00
2026-06-24 09:39:20,29754.50,29756.00,29750.50,29753.50,231,29753.50,29753.50,0.00
2026-06-24 09:39:21,29754.00,29757.25,29752.75,29755.75,198,29755.75,29755.75,0.00
2026-06-24 09:39:22,29755.50,29756.25,29748.00,29750.00,182,29750.00,29750.00,0.00
2026-06-24 09:39:23,29750.25,29750.50,29745.50,29745.50,165,29745.50,29745.50,0.00
2026-06-24 09:39:24,29745.75,29746.00,29735.00,29737.25,669,29737.25,29737.25,0.00
2026-06-24 09:39:25,29737.25,29737.50,29731.00,29731.75,452,29731.75,29731.75,0.00
2026-06-24 09:39:26,29731.75,29733.75,29726.00,29727.00,489,29727.00,29727.00,0.00
2026-06-24 09:39:27,29726.50,29731.50,29725.25,29729.75,523,29729.75,29729.75,0.00
2026-06-24 09:39:28,29729.25,29732.50,29727.25,29728.25,256,29728.25,29728.25,0.00
2026-06-24 09:39:29,29729.00,29734.25,29727.50,29733.00,371,29733.00,29733.00,0.00
2026-06-24 09:39:30,29733.25,29734.00,29727.75,29732.25,245,29732.25,29732.25,0.00
2026-06-24 09:39:31,29732.25,29732.75,29727.50,29730.75,270,29730.75,29730.75,0.00
2026-06-24 09:39:32,29730.50,29735.00,29728.50,29730.25,222,29730.25,29730.25,0.00
2026-06-24 09:39:33,29730.50,29731.00,29726.00,29726.50,206,29726.50,29726.50,0.00
2026-06-24 09:39:34,29726.50,29732.00,29721.75,29731.00,357,29731.00,29731.00,0.00
2026-06-24 09:39:35,29731.00,29733.75,29729.25,29732.25,238,29732.25,29732.25,0.00
2026-06-24 09:39:36,29731.25,29733.75,29727.25,29732.50,177,29732.50,29732.50,0.00
2026-06-24 09:39:37,29732.75,29742.25,29732.00,29740.25,237,29740.25,29740.25,0.00
2026-06-24 09:39:38,29741.00,29741.00,29734.00,29735.75,197,29735.75,29735.75,0.00
2026-06-24 09:39:39,29735.75,29738.25,29731.00,29732.50,176,29732.50,29732.50,0.00
2026-06-24 09:39:40,29732.75,29734.25,29727.75,29733.50,161,29733.50,29733.50,0.00
2026-06-24 09:39:41,29732.25,29737.75,29731.75,29733.25,306,29733.25,29733.25,0.00
2026-06-24 09:39:42,29733.75,29733.75,29727.50,29729.50,114,29729.50,29729.50,0.00
2026-06-24 09:39:43,29729.25,29731.75,29729.25,29730.75,91,29730.75,29730.75,0.00
2026-06-24 09:39:44,29730.25,29731.00,29724.25,29725.50,179,29725.50,29725.50,0.00
2026-06-24 09:39:45,29725.50,29728.75,29722.75,29728.25,131,29728.25,29728.25,0.00
2026-06-24 09:39:46,29727.75,29727.75,29720.50,29726.00,299,29726.00,29726.00,0.00
2026-06-24 09:39:47,29725.50,29727.25,29722.75,29725.00,102,29725.00,29725.00,0.00
2026-06-24 09:39:48,29725.00,29726.50,29723.00,29724.00,153,29724.00,29724.00,0.00
2026-06-24 09:39:49,29723.50,29729.75,29723.50,29728.00,212,29728.00,29728.00,0.00
2026-06-24 09:39:50,29728.00,29730.75,29725.25,29725.50,236,29725.50,29725.50,0.00
2026-06-24 09:39:51,29725.25,29728.75,29725.00,29726.00,132,29726.00,29726.00,0.00
2026-06-24 09:39:52,29726.25,29728.50,29724.25,29727.25,102,29727.25,29727.25,0.00
2026-06-24 09:39:53,29727.50,29737.00,29727.50,29736.50,224,29736.50,29736.50,0.00
2026-06-24 09:39:54,29736.25,29739.25,29732.75,29737.00,152,29737.00,29737.00,0.00
2026-06-24 09:39:55,29737.25,29738.50,29735.75,29737.25,170,29737.25,29737.25,0.00
2026-06-24 09:39:56,29737.75,29739.00,29732.00,29738.50,155,29738.50,29738.50,0.00
2026-06-24 09:39:57,29738.25,29739.50,29731.50,29732.50,131,29732.50,29732.50,0.00
2026-06-24 09:39:58,29732.25,29734.25,29731.75,29732.75,95,29732.75,29732.75,0.00
2026-06-24 09:39:59,29732.75,29736.50,29731.75,29736.50,92,29736.50,29736.50,0.00
2026-06-24 09:40:00,29736.00,29736.00,29727.00,29727.50,163,29727.50,29727.50,0.00
2026-06-24 09:40:01,29727.75,29740.25,29727.25,29735.75,681,29735.75,29735.75,0.00
2026-06-24 09:40:02,29737.50,29741.50,29734.25,29737.00,267,29737.00,29737.00,0.00
2026-06-24 09:40:03,29736.00,29739.50,29728.75,29730.25,243,29730.25,29730.25,0.00
2026-06-24 09:40:04,29729.00,29735.50,29719.25,29720.25,487,29720.25,29720.25,0.00
2026-06-24 09:40:05,29719.75,29721.00,29716.25,29717.25,335,29717.25,29717.25,0.00
2026-06-24 09:40:06,29718.00,29722.75,29716.25,29718.25,282,29718.25,29718.25,0.00
2026-06-24 09:40:07,29719.25,29720.25,29715.00,29719.75,212,29719.75,29719.75,0.00
2026-06-24 09:40:08,29719.00,29722.25,29714.25,29714.25,210,29714.25,29714.25,0.00
2026-06-24 09:40:09,29714.25,29719.75,29713.00,29715.00,290,29715.00,29715.00,0.00
2026-06-24 09:40:10,29715.50,29716.75,29707.75,29711.75,475,29711.75,29711.75,0.00
2026-06-24 09:40:11,29711.75,29719.75,29708.75,29719.00,343,29719.00,29719.00,0.00
2026-06-24 09:40:12,29718.25,29718.25,29713.25,29715.50,195,29715.50,29715.50,0.00
2026-06-24 09:40:13,29716.25,29718.25,29714.50,29715.75,88,29715.75,29715.75,0.00
2026-06-24 09:40:14,29716.50,29721.75,29716.00,29720.75,152,29720.75,29720.75,0.00
2026-06-24 09:40:15,29720.25,29725.75,29719.75,29721.25,226,29721.25,29721.25,0.00
2026-06-24 09:40:16,29721.25,29726.75,29721.25,29723.00,140,29723.00,29723.00,0.00
2026-06-24 09:40:17,29721.50,29722.00,29715.00,29715.00,152,29715.00,29715.00,0.00
2026-06-24 09:40:18,29716.75,29717.25,29704.75,29708.00,278,29708.00,29708.00,0.00
2026-06-24 09:40:19,29707.25,29709.50,29701.75,29703.00,218,29703.00,29703.00,0.00
2026-06-24 09:40:20,29702.75,29706.75,29702.00,29706.25,237,29706.25,29706.25,0.00
2026-06-24 09:40:21,29707.00,29712.50,29705.00,29710.50,244,29710.50,29710.50,0.00
2026-06-24 09:40:22,29709.25,29711.50,29708.00,29708.00,168,29708.00,29708.00,0.00
2026-06-24 09:40:23,29708.50,29709.25,29702.25,29704.50,112,29704.50,29704.50,0.00
2026-06-24 09:40:24,29704.00,29705.25,29701.75,29703.75,160,29703.75,29703.75,0.00
2026-06-24 09:40:25,29702.75,29703.50,29696.75,29698.00,307,29698.00,29698.00,0.00
2026-06-24 09:40:26,29698.25,29699.25,29693.75,29694.50,226,29694.50,29694.50,0.00
2026-06-24 09:40:27,29694.25,29694.75,29690.50,29692.25,296,29692.25,29692.25,0.00
2026-06-24 09:40:28,29691.50,29697.50,29690.25,29694.25,254,29694.25,29694.25,0.00
2026-06-24 09:40:29,29694.75,29696.25,29690.50,29692.75,249,29692.75,29692.75,0.00
2026-06-24 09:40:30,29692.75,29693.25,29690.50,29691.25,220,29691.25,29691.25,0.00
2026-06-24 09:40:31,29691.25,29696.50,29690.25,29692.75,209,29692.75,29692.75,0.00
2026-06-24 09:40:32,29693.00,29694.50,29684.75,29685.50,395,29685.50,29685.50,0.00
2026-06-24 09:40:33,29685.50,29689.50,29684.25,29688.50,364,29688.50,29688.50,0.00
2026-06-24 09:40:34,29688.50,29689.25,29684.00,29685.25,197,29685.25,29685.25,0.00
2026-06-24 09:40:35,29684.25,29686.00,29681.00,29685.25,193,29685.25,29685.25,0.00
2026-06-24 09:40:36,29685.25,29687.50,29683.00,29684.75,230,29684.75,29684.75,0.00
2026-06-24 09:40:37,29685.75,29687.75,29681.75,29684.50,145,29684.50,29684.50,0.00
2026-06-24 09:40:38,29684.50,29704.00,29683.50,29701.50,477,29701.50,29701.50,0.00
2026-06-24 09:40:39,29702.00,29704.50,29698.50,29700.00,255,29700.00,29700.00,0.00
2026-06-24 09:40:40,29700.00,29704.25,29696.75,29696.75,280,29696.75,29696.75,0.00
2026-06-24 09:40:41,29697.50,29701.25,29694.50,29695.00,106,29695.00,29695.00,0.00
2026-06-24 09:40:42,29694.00,29695.50,29689.75,29691.25,112,29691.25,29691.25,0.00
2026-06-24 09:40:43,29691.00,29691.25,29681.75,29683.00,208,29683.00,29683.00,0.00
2026-06-24 09:40:44,29681.75,29684.00,29680.00,29681.50,155,29681.50,29681.50,0.00
2026-06-24 09:40:45,29681.25,29681.50,29677.50,29678.75,204,29678.75,29678.75,0.00
2026-06-24 09:40:46,29678.00,29682.25,29676.00,29680.50,205,29680.50,29680.50,0.00
2026-06-24 09:40:47,29679.75,29684.25,29678.50,29682.25,170,29682.25,29682.25,0.00
2026-06-24 09:40:48,29682.25,29685.00,29680.00,29681.75,159,29681.75,29681.75,0.00
2026-06-24 09:40:49,29681.50,29686.00,29678.25,29680.00,208,29680.00,29680.00,0.00
2026-06-24 09:40:50,29678.25,29679.25,29675.00,29677.25,150,29677.25,29677.25,0.00
2026-06-24 09:40:51,29677.00,29679.00,29673.75,29674.75,161,29674.75,29674.75,0.00
2026-06-24 09:40:52,29676.00,29678.25,29673.25,29677.75,152,29677.75,29677.75,0.00
2026-06-24 09:40:53,29678.50,29678.50,29673.25,29676.25,121,29676.25,29676.25,0.00
2026-06-24 09:40:54,29676.25,29679.00,29675.25,29678.50,165,29678.50,29678.50,0.00
2026-06-24 09:40:55,29678.25,29682.50,29676.75,29681.00,132,29681.00,29681.00,0.00
2026-06-24 09:40:56,29681.75,29686.25,29680.75,29686.25,214,29686.25,29686.25,0.00
2026-06-24 09:40:57,29686.50,29687.00,29678.25,29681.00,253,29681.00,29681.00,0.00
2026-06-24 09:40:58,29681.50,29685.25,29675.00,29676.75,193,29676.75,29676.75,0.00
2026-06-24 09:40:59,29676.25,29677.50,29669.25,29670.75,240,29670.75,29670.75,0.00
2026-06-24 09:41:00,29671.25,29674.50,29667.25,29670.75,184,29670.75,29670.75,0.00
2026-06-24 09:41:01,29670.50,29680.00,29670.50,29679.00,272,29679.00,29679.00,0.00
2026-06-24 09:41:02,29679.00,29683.75,29677.00,29682.50,223,29682.50,29682.50,0.00
2026-06-24 09:41:03,29682.00,29689.25,29681.75,29686.25,346,29686.25,29686.25,0.00
2026-06-24 09:41:04,29687.00,29687.50,29679.25,29679.25,231,29679.25,29679.25,0.00
2026-06-24 09:41:05,29679.75,29680.00,29671.00,29671.75,216,29671.75,29671.75,0.00
2026-06-24 09:41:06,29671.75,29672.75,29661.75,29664.25,345,29664.25,29664.25,0.00
2026-06-24 09:41:07,29663.25,29663.75,29659.00,29662.00,537,29662.00,29662.00,0.00
2026-06-24 09:41:08,29661.75,29665.50,29659.50,29661.75,337,29661.75,29661.75,0.00
2026-06-24 09:41:09,29661.00,29669.00,29659.00,29666.25,311,29666.25,29666.25,0.00
2026-06-24 09:41:10,29666.50,29670.00,29663.25,29665.50,238,29665.50,29665.50,0.00
2026-06-24 09:41:11,29665.50,29669.00,29661.00,29662.50,226,29662.50,29662.50,0.00
2026-06-24 09:41:12,29662.00,29663.50,29655.00,29658.00,290,29658.00,29658.00,0.00
2026-06-24 09:41:13,29658.25,29663.00,29657.00,29662.25,228,29662.25,29662.25,0.00
2026-06-24 09:41:14,29662.50,29663.50,29658.00,29660.75,154,29660.75,29660.75,0.00
2026-06-24 09:41:15,29661.25,29661.50,29651.25,29653.25,302,29653.25,29653.25,0.00
2026-06-24 09:41:16,29653.50,29653.75,29645.00,29648.50,483,29648.50,29648.50,0.00
2026-06-24 09:41:17,29648.75,29650.00,29645.25,29647.00,312,29647.00,29647.00,0.00
2026-06-24 09:41:18,29647.00,29648.25,29640.00,29640.75,282,29640.75,29640.75,0.00
2026-06-24 09:41:19,29640.75,29647.00,29640.25,29645.75,310,29645.75,29645.75,0.00
2026-06-24 09:41:20,29645.75,29649.50,29645.00,29648.50,322,29648.50,29648.50,0.00
2026-06-24 09:41:21,29648.75,29652.25,29645.50,29649.75,204,29649.75,29649.75,0.00
2026-06-24 09:41:22,29649.25,29649.75,29644.25,29648.25,176,29648.25,29648.25,0.00
2026-06-24 09:41:23,29648.00,29649.50,29646.00,29648.25,122,29648.25,29648.25,0.00
2026-06-24 09:41:24,29647.75,29647.75,29640.25,29641.50,216,29641.50,29641.50,0.00
2026-06-24 09:41:25,29641.75,29643.25,29640.25,29642.50,195,29642.50,29642.50,0.00
2026-06-24 09:41:26,29642.50,29643.25,29632.75,29635.75,693,29635.75,29635.75,0.00
2026-06-24 09:41:27,29635.75,29641.00,29633.00,29638.25,449,29638.25,29638.25,0.00
2026-06-24 09:41:28,29638.00,29647.50,29636.00,29647.50,322,29647.50,29647.50,0.00
2026-06-24 09:41:29,29647.50,29651.00,29643.50,29643.50,316,29643.50,29643.50,0.00
2026-06-24 09:41:30,29642.75,29648.50,29642.00,29646.00,234,29646.00,29646.00,0.00
2026-06-24 09:41:31,29645.50,29649.25,29644.00,29649.25,192,29649.25,29649.25,0.00
2026-06-24 09:41:32,29649.25,29658.50,29646.75,29655.75,353,29655.75,29655.75,0.00
2026-06-24 09:41:33,29655.50,29656.75,29652.00,29653.50,239,29653.50,29653.50,0.00
2026-06-24 09:41:34,29653.75,29654.00,29647.75,29649.50,136,29649.50,29649.50,0.00
2026-06-24 09:41:35,29649.50,29656.75,29649.50,29654.25,179,29654.25,29654.25,0.00
2026-06-24 09:41:36,29654.75,29656.25,29649.50,29654.50,169,29654.50,29654.50,0.00
2026-06-24 09:41:37,29654.50,29656.00,29642.00,29643.00,416,29643.00,29643.00,0.00
2026-06-24 09:41:38,29642.75,29645.25,29640.50,29643.75,156,29643.75,29643.75,0.00
2026-06-24 09:41:39,29644.50,29647.00,29643.25,29646.75,116,29646.75,29646.75,0.00
2026-06-24 09:41:40,29646.25,29648.25,29643.00,29644.75,129,29644.75,29644.75,0.00
2026-06-24 09:41:41,29644.00,29651.75,29643.00,29649.00,148,29649.00,29649.00,0.00
2026-06-24 09:41:42,29648.25,29650.00,29644.50,29648.25,163,29648.25,29648.25,0.00
2026-06-24 09:41:43,29648.50,29648.75,29642.75,29644.00,107,29644.00,29644.00,0.00
2026-06-24 09:41:44,29644.00,29648.50,29641.75,29643.75,135,29643.75,29643.75,0.00
2026-06-24 09:41:45,29643.75,29649.00,29643.00,29648.25,132,29648.25,29648.25,0.00
2026-06-24 09:41:46,29648.25,29652.50,29646.75,29646.75,187,29646.75,29646.75,0.00
2026-06-24 09:41:47,29646.50,29654.00,29646.25,29646.50,152,29646.50,29646.50,0.00
2026-06-24 09:41:48,29647.00,29650.25,29646.00,29648.00,128,29648.00,29648.00,0.00
2026-06-24 09:41:49,29647.75,29650.25,29640.25,29643.50,164,29643.50,29643.50,0.00
2026-06-24 09:41:50,29642.75,29644.25,29638.00,29641.50,142,29641.50,29641.50,0.00
2026-06-24 09:41:51,29642.00,29646.25,29641.00,29644.50,142,29644.50,29644.50,0.00
2026-06-24 09:41:52,29643.50,29644.75,29640.50,29641.25,103,29641.25,29641.25,0.00
2026-06-24 09:41:53,29640.50,29645.00,29640.00,29640.00,192,29640.00,29640.00,0.00
2026-06-24 09:41:54,29640.75,29645.50,29639.00,29640.25,270,29640.25,29640.25,0.00
2026-06-24 09:41:55,29639.75,29641.00,29638.50,29638.75,134,29638.75,29638.75,0.00
2026-06-24 09:41:56,29639.50,29647.25,29638.75,29647.00,255,29647.00,29647.00,0.00
2026-06-24 09:41:57,29647.25,29649.25,29640.00,29641.75,137,29641.75,29641.75,0.00
2026-06-24 09:41:58,29640.75,29649.25,29640.75,29649.25,121,29649.25,29649.25,0.00
2026-06-24 09:41:59,29649.50,29650.00,29639.75,29640.75,134,29640.75,29640.75,0.00
2026-06-24 09:42:00,29640.50,29640.75,29628.50,29629.00,464,29629.00,29629.00,0.00
2026-06-24 09:42:01,29629.50,29632.75,29628.75,29632.75,397,29632.75,29632.75,0.00
2026-06-24 09:42:02,29631.00,29634.00,29630.25,29632.25,216,29632.25,29632.25,0.00
2026-06-24 09:42:03,29632.50,29641.50,29631.50,29639.00,379,29639.00,29639.00,0.00
2026-06-24 09:42:04,29639.25,29643.25,29636.00,29640.25,342,29640.25,29640.25,0.00
2026-06-24 09:42:05,29640.00,29641.75,29633.00,29635.75,215,29635.75,29635.75,0.00
2026-06-24 09:42:06,29635.75,29637.00,29633.00,29633.00,145,29633.00,29633.00,0.00
2026-06-24 09:42:07,29633.00,29634.50,29627.00,29629.75,227,29629.75,29629.75,0.00
2026-06-24 09:42:08,29629.75,29640.00,29629.75,29637.50,269,29637.50,29637.50,0.00
2026-06-24 09:42:09,29637.00,29642.50,29634.25,29639.50,201,29639.50,29639.50,0.00
2026-06-24 09:42:10,29639.50,29644.00,29638.50,29642.75,170,29642.75,29642.75,0.00
2026-06-24 09:42:11,29642.75,29645.00,29639.75,29640.75,172,29640.75,29640.75,0.00
2026-06-24 09:42:12,29640.75,29643.50,29637.00,29638.75,209,29638.75,29638.75,0.00
2026-06-24 09:42:13,29638.75,29644.75,29638.75,29644.25,120,29644.25,29644.25,0.00
2026-06-24 09:42:14,29644.25,29651.25,29640.50,29648.00,322,29648.00,29648.00,0.00
2026-06-24 09:42:15,29648.50,29654.00,29647.75,29652.25,236,29652.25,29652.25,0.00
2026-06-24 09:42:16,29653.00,29654.50,29649.75,29653.00,307,29653.00,29653.00,0.00
2026-06-24 09:42:17,29652.75,29656.25,29651.50,29655.50,170,29655.50,29655.50,0.00
2026-06-24 09:42:18,29656.25,29661.25,29650.25,29658.50,321,29658.50,29658.50,0.00
2026-06-24 09:42:19,29657.50,29662.75,29655.00,29662.00,255,29662.00,29662.00,0.00
2026-06-24 09:42:20,29661.25,29662.75,29654.00,29661.00,276,29661.00,29661.00,0.00
2026-06-24 09:42:21,29660.50,29662.00,29653.25,29657.25,283,29657.25,29657.25,0.00
2026-06-24 09:42:22,29658.00,29659.25,29649.75,29653.75,173,29653.75,29653.75,0.00
2026-06-24 09:42:23,29653.25,29658.50,29650.50,29650.75,155,29650.75,29650.75,0.00
2026-06-24 09:42:24,29650.50,29650.50,29643.00,29643.75,254,29643.75,29643.75,0.00
2026-06-24 09:42:25,29643.00,29644.00,29637.00,29638.75,198,29638.75,29638.75,0.00
2026-06-24 09:42:26,29638.50,29639.00,29636.00,29636.50,147,29636.50,29636.50,0.00
2026-06-24 09:42:27,29636.25,29641.00,29636.25,29638.50,141,29638.50,29638.50,0.00
2026-06-24 09:42:28,29637.25,29638.75,29632.25,29634.00,176,29634.00,29634.00,0.00
2026-06-24 09:42:29,29634.50,29638.25,29633.25,29634.25,129,29634.25,29634.25,0.00
2026-06-24 09:42:30,29634.00,29635.75,29630.75,29632.50,121,29632.50,29632.50,0.00
2026-06-24 09:42:31,29632.50,29634.75,29629.25,29630.25,225,29630.25,29630.25,0.00
2026-06-24 09:42:32,29630.25,29638.75,29628.75,29636.25,207,29636.25,29636.25,0.00
2026-06-24 09:42:33,29635.75,29645.25,29635.25,29641.50,174,29641.50,29641.50,0.00
2026-06-24 09:42:34,29642.75,29644.25,29640.50,29642.25,103,29642.25,29642.25,0.00
2026-06-24 09:42:35,29642.25,29643.75,29638.75,29639.50,105,29639.50,29639.50,0.00
2026-06-24 09:42:36,29638.75,29638.75,29632.50,29632.50,157,29632.50,29632.50,0.00
2026-06-24 09:42:37,29632.50,29632.75,29629.00,29632.00,155,29632.00,29632.00,0.00
2026-06-24 09:42:38,29631.00,29634.75,29629.50,29633.25,225,29633.25,29633.25,0.00
2026-06-24 09:42:39,29632.50,29637.75,29626.25,29627.50,201,29627.50,29627.50,0.00
2026-06-24 09:42:40,29628.00,29628.00,29622.00,29625.75,546,29625.75,29625.75,0.00
2026-06-24 09:42:41,29625.25,29632.25,29624.50,29629.50,196,29629.50,29629.50,0.00
2026-06-24 09:42:42,29629.25,29629.50,29624.25,29626.25,189,29626.25,29626.25,0.00
2026-06-24 09:42:43,29626.00,29627.25,29623.50,29626.25,169,29626.25,29626.25,0.00
2026-06-24 09:42:44,29626.00,29630.75,29623.25,29627.50,143,29627.50,29627.50,0.00
2026-06-24 09:42:45,29627.50,29628.25,29623.50,29623.50,134,29623.50,29623.50,0.00
2026-06-24 09:42:46,29623.50,29624.50,29621.00,29621.00,215,29621.00,29621.00,0.00
2026-06-24 09:42:47,29622.00,29624.25,29620.75,29623.50,167,29623.50,29623.50,0.00
2026-06-24 09:42:48,29623.25,29624.75,29622.25,29622.75,141,29622.75,29622.75,0.00
2026-06-24 09:42:49,29622.75,29624.25,29616.00,29616.50,379,29616.50,29616.50,0.00
2026-06-24 09:42:50,29616.50,29618.75,29616.00,29616.25,216,29616.25,29616.25,0.00
2026-06-24 09:42:51,29616.50,29617.00,29613.75,29617.00,348,29617.00,29617.00,0.00
2026-06-24 09:42:52,29617.00,29619.00,29615.50,29616.25,178,29616.25,29616.25,0.00
2026-06-24 09:42:53,29616.50,29618.75,29614.25,29616.25,207,29616.25,29616.25,0.00
2026-06-24 09:42:54,29617.00,29617.25,29613.25,29616.00,147,29616.00,29616.00,0.00
2026-06-24 09:42:55,29614.50,29624.25,29614.00,29620.75,344,29620.75,29620.75,0.00
2026-06-24 09:42:56,29620.75,29626.75,29619.25,29624.25,268,29624.25,29624.25,0.00
2026-06-24 09:42:57,29623.75,29625.00,29620.25,29621.50,139,29621.50,29621.50,0.00
2026-06-24 09:42:58,29621.50,29624.75,29620.75,29623.00,104,29623.00,29623.00,0.00
2026-06-24 09:42:59,29623.25,29626.25,29622.75,29623.50,106,29623.50,29623.50,0.00
2026-06-24 09:43:00,29623.50,29625.50,29616.50,29617.50,305,29617.50,29617.50,0.00
2026-06-24 09:43:01,29616.75,29622.25,29616.50,29621.75,202,29621.75,29621.75,0.00
2026-06-24 09:43:02,29622.25,29632.75,29621.50,29632.25,283,29632.25,29632.25,0.00
2026-06-24 09:43:03,29633.00,29641.75,29632.00,29640.25,467,29640.25,29640.25,0.00
2026-06-24 09:43:04,29640.50,29644.75,29638.25,29643.50,355,29643.50,29643.50,0.00
2026-06-24 09:43:05,29643.00,29643.00,29636.25,29637.00,195,29637.00,29637.00,0.00
2026-06-24 09:43:06,29638.00,29639.00,29631.00,29634.00,235,29634.00,29634.00,0.00
2026-06-24 09:43:07,29633.00,29635.25,29629.25,29629.25,198,29629.25,29629.25,0.00
2026-06-24 09:43:08,29629.00,29632.50,29627.25,29632.50,138,29632.50,29632.50,0.00
2026-06-24 09:43:09,29631.75,29634.75,29631.25,29634.50,129,29634.50,29634.50,0.00
2026-06-24 09:43:10,29634.25,29639.75,29634.25,29636.75,223,29636.75,29636.75,0.00
2026-06-24 09:43:11,29636.75,29637.50,29627.75,29629.00,191,29629.00,29629.00,0.00
2026-06-24 09:43:12,29629.50,29630.25,29622.25,29623.50,177,29623.50,29623.50,0.00
2026-06-24 09:43:13,29623.00,29627.50,29620.75,29626.25,205,29626.25,29626.25,0.00
2026-06-24 09:43:14,29626.25,29630.50,29623.50,29627.75,210,29627.75,29627.75,0.00
2026-06-24 09:43:15,29628.00,29628.00,29619.75,29620.50,171,29620.50,29620.50,0.00
2026-06-24 09:43:16,29620.25,29621.00,29615.75,29620.50,239,29620.50,29620.50,0.00
2026-06-24 09:43:17,29620.50,29623.00,29619.00,29622.00,138,29622.00,29622.00,0.00
2026-06-24 09:43:18,29622.25,29623.25,29618.50,29620.00,98,29620.00,29620.00,0.00
2026-06-24 09:43:19,29620.75,29623.75,29614.00,29616.50,318,29616.50,29616.50,0.00
2026-06-24 09:43:20,29616.75,29616.75,29611.00,29613.50,333,29613.50,29613.50,0.00
2026-06-24 09:43:21,29613.50,29613.50,29605.75,29607.50,780,29607.50,29607.50,0.00
2026-06-24 09:43:22,29606.75,29610.75,29606.50,29610.00,322,29610.00,29610.00,0.00
2026-06-24 09:43:23,29609.50,29612.00,29608.00,29610.50,221,29610.50,29610.50,0.00
2026-06-24 09:43:24,29610.50,29616.25,29609.50,29612.00,233,29612.00,29612.00,0.00
2026-06-24 09:43:25,29611.75,29617.25,29611.75,29617.00,118,29617.00,29617.00,0.00
2026-06-24 09:43:26,29616.25,29617.75,29612.50,29613.75,163,29613.75,29613.75,0.00
2026-06-24 09:43:27,29613.50,29615.50,29609.50,29610.25,195,29610.25,29610.25,0.00
2026-06-24 09:43:28,29610.50,29615.50,29610.00,29612.50,247,29612.50,29612.50,0.00
2026-06-24 09:43:29,29612.25,29614.25,29606.50,29607.25,148,29607.25,29607.25,0.00
2026-06-24 09:43:30,29607.75,29608.75,29604.00,29607.25,257,29607.25,29607.25,0.00
2026-06-24 09:43:31,29607.25,29616.00,29604.25,29613.25,312,29613.25,29613.25,0.00
2026-06-24 09:43:32,29613.00,29614.25,29609.00,29611.00,183,29611.00,29611.00,0.00
2026-06-24 09:43:33,29611.00,29612.00,29609.00,29609.75,115,29609.75,29609.75,0.00
2026-06-24 09:43:34,29608.75,29609.00,29606.00,29607.00,120,29607.00,29607.00,0.00
2026-06-24 09:43:35,29608.00,29612.25,29607.00,29609.00,119,29609.00,29609.00,0.00
2026-06-24 09:43:36,29609.50,29612.75,29608.50,29612.00,91,29612.00,29612.00,0.00
2026-06-24 09:43:37,29611.25,29611.50,29607.75,29608.50,138,29608.50,29608.50,0.00
2026-06-24 09:43:38,29608.00,29616.25,29608.00,29613.50,169,29613.50,29613.50,0.00
2026-06-24 09:43:39,29613.50,29622.00,29613.00,29620.75,265,29620.75,29620.75,0.00
2026-06-24 09:43:40,29620.50,29621.25,29611.50,29614.00,219,29614.00,29614.00,0.00
2026-06-24 09:43:41,29614.25,29619.75,29614.25,29616.00,136,29616.00,29616.00,0.00
2026-06-24 09:43:42,29615.75,29620.50,29615.75,29619.25,87,29619.25,29619.25,0.00
2026-06-24 09:43:43,29619.50,29619.50,29611.75,29613.50,155,29613.50,29613.50,0.00
2026-06-24 09:43:44,29613.25,29619.50,29613.00,29617.00,90,29617.00,29617.00,0.00
2026-06-24 09:43:45,29616.00,29623.25,29613.75,29622.75,174,29622.75,29622.75,0.00
2026-06-24 09:43:46,29622.25,29624.50,29614.50,29615.75,174,29615.75,29615.75,0.00
2026-06-24 09:43:47,29616.50,29624.25,29615.50,29622.50,190,29622.50,29622.50,0.00
2026-06-24 09:43:48,29623.00,29628.00,29623.00,29626.25,283,29626.25,29626.25,0.00
2026-06-24 09:43:49,29627.00,29630.25,29624.75,29630.00,195,29630.00,29630.00,0.00
2026-06-24 09:43:50,29629.75,29636.00,29628.75,29633.75,320,29633.75,29633.75,0.00
2026-06-24 09:43:51,29633.50,29635.25,29629.25,29630.25,267,29630.25,29630.25,0.00
2026-06-24 09:43:52,29630.00,29633.00,29628.75,29631.25,125,29631.25,29631.25,0.00
2026-06-24 09:43:53,29631.50,29636.50,29630.00,29632.25,219,29632.25,29632.25,0.00
2026-06-24 09:43:54,29631.75,29639.25,29631.00,29636.75,236,29636.75,29636.75,0.00
2026-06-24 09:43:55,29637.50,29638.00,29635.50,29638.00,157,29638.00,29638.00,0.00
2026-06-24 09:43:56,29637.25,29639.00,29632.25,29633.00,232,29633.00,29633.00,0.00
2026-06-24 09:43:57,29632.25,29635.25,29629.25,29632.50,244,29632.50,29632.50,0.00
2026-06-24 09:43:58,29632.75,29634.25,29629.75,29632.50,129,29632.50,29632.50,0.00
2026-06-24 09:43:59,29632.25,29637.75,29631.00,29636.50,138,29636.50,29636.50,0.00
2026-06-24 09:44:00,29637.25,29637.50,29632.25,29635.25,153,29635.25,29635.25,0.00
2026-06-24 09:44:01,29635.25,29639.50,29635.25,29638.50,248,29638.50,29638.50,0.00
2026-06-24 09:44:02,29638.25,29639.25,29633.25,29637.25,249,29637.25,29637.25,0.00
2026-06-24 09:44:03,29637.00,29637.25,29628.00,29630.00,220,29630.00,29630.00,0.00
2026-06-24 09:44:04,29629.75,29635.50,29629.75,29634.75,172,29634.75,29634.75,0.00
2026-06-24 09:44:05,29634.00,29641.75,29633.25,29640.50,222,29640.50,29640.50,0.00
2026-06-24 09:44:06,29640.25,29640.50,29632.75,29636.00,324,29636.00,29636.00,0.00
2026-06-24 09:44:07,29634.75,29636.00,29631.25,29635.75,193,29635.75,29635.75,0.00
2026-06-24 09:44:08,29636.00,29638.50,29631.00,29633.25,143,29633.25,29633.25,0.00
2026-06-24 09:44:09,29634.25,29639.75,29631.75,29638.50,131,29638.50,29638.50,0.00
2026-06-24 09:44:10,29637.50,29650.25,29637.50,29647.75,620,29647.75,29647.75,0.00
2026-06-24 09:44:11,29648.75,29652.25,29647.00,29650.25,498,29650.25,29650.25,0.00
2026-06-24 09:44:12,29650.00,29651.50,29643.00,29648.75,317,29648.75,29648.75,0.00
2026-06-24 09:44:13,29648.75,29649.25,29643.50,29646.50,272,29646.50,29646.50,0.00
2026-06-24 09:44:14,29646.75,29654.50,29646.75,29653.00,275,29653.00,29653.00,0.00
2026-06-24 09:44:15,29653.50,29657.00,29650.75,29653.25,470,29653.25,29653.25,0.00
2026-06-24 09:44:16,29652.75,29658.25,29652.00,29657.75,308,29657.75,29657.75,0.00
2026-06-24 09:44:17,29657.50,29666.00,29657.50,29663.50,678,29663.50,29663.50,0.00
2026-06-24 09:44:18,29663.50,29664.50,29658.50,29661.00,360,29661.00,29661.00,0.00
2026-06-24 09:44:19,29660.50,29662.00,29653.50,29657.75,432,29657.75,29657.75,0.00
2026-06-24 09:44:20,29657.25,29664.75,29653.75,29661.25,364,29661.25,29661.25,0.00
2026-06-24 09:44:21,29660.75,29665.50,29660.75,29662.25,287,29662.25,29662.25,0.00
2026-06-24 09:44:22,29662.25,29662.50,29656.50,29659.25,259,29659.25,29659.25,0.00
2026-06-24 09:44:23,29660.25,29664.25,29657.25,29662.00,204,29662.00,29662.00,0.00
2026-06-24 09:44:24,29661.25,29667.00,29658.75,29667.00,198,29667.00,29667.00,0.00
2026-06-24 09:44:25,29666.75,29667.50,29660.75,29662.50,172,29662.50,29662.50,0.00
2026-06-24 09:44:26,29662.75,29664.75,29653.50,29653.75,268,29653.75,29653.75,0.00
2026-06-24 09:44:27,29654.00,29656.75,29648.75,29652.25,304,29652.25,29652.25,0.00
2026-06-24 09:44:28,29652.25,29653.75,29648.75,29650.00,173,29650.00,29650.00,0.00
2026-06-24 09:44:29,29650.00,29652.00,29647.75,29651.50,157,29651.50,29651.50,0.00
2026-06-24 09:44:30,29651.50,29653.50,29646.75,29647.00,148,29647.00,29647.00,0.00
2026-06-24 09:44:31,29646.25,29649.75,29641.25,29648.25,273,29648.25,29648.25,0.00
2026-06-24 09:44:32,29648.50,29651.25,29646.50,29648.75,214,29648.75,29648.75,0.00
2026-06-24 09:44:33,29649.50,29652.25,29646.25,29646.25,191,29646.25,29646.25,0.00
2026-06-24 09:44:34,29646.75,29650.50,29645.50,29650.00,146,29650.00,29650.00,0.00
2026-06-24 09:44:35,29650.25,29652.75,29647.75,29648.75,110,29648.75,29648.75,0.00
2026-06-24 09:44:36,29648.50,29654.75,29646.25,29653.75,126,29653.75,29653.75,0.00
2026-06-24 09:44:37,29653.75,29658.50,29653.50,29655.75,143,29655.75,29655.75,0.00
2026-06-24 09:44:38,29656.00,29656.00,29650.25,29651.25,165,29651.25,29651.25,0.00
2026-06-24 09:44:39,29649.50,29655.00,29649.25,29653.00,125,29653.00,29653.00,0.00
2026-06-24 09:44:40,29653.25,29653.25,29642.00,29646.75,257,29646.75,29646.75,0.00
2026-06-24 09:44:41,29646.25,29648.25,29640.25,29643.25,184,29643.25,29643.25,0.00
2026-06-24 09:44:42,29643.25,29647.50,29641.75,29647.50,163,29647.50,29647.50,0.00
2026-06-24 09:44:43,29646.75,29651.25,29644.75,29647.25,123,29647.25,29647.25,0.00
2026-06-24 09:44:44,29646.00,29648.50,29644.00,29646.75,77,29646.75,29646.75,0.00
2026-06-24 09:44:45,29647.00,29647.00,29641.50,29646.25,149,29646.25,29646.25,0.00
2026-06-24 09:44:46,29646.75,29654.50,29646.25,29651.00,138,29651.00,29651.00,0.00
2026-06-24 09:44:47,29650.25,29652.25,29648.00,29650.25,117,29650.25,29650.25,0.00
2026-06-24 09:44:48,29649.50,29663.00,29648.00,29661.75,300,29661.75,29661.75,0.00
2026-06-24 09:44:49,29662.00,29663.25,29658.00,29660.25,204,29660.25,29660.25,0.00
2026-06-24 09:44:50,29661.00,29662.50,29659.00,29661.75,157,29661.75,29661.75,0.00
2026-06-24 09:44:51,29662.00,29668.00,29661.25,29665.25,262,29665.25,29665.25,0.00
2026-06-24 09:44:52,29665.75,29671.00,29663.50,29667.75,320,29667.75,29667.75,0.00
2026-06-24 09:44:53,29667.25,29667.75,29663.00,29664.50,198,29664.50,29664.50,0.00
2026-06-24 09:44:54,29665.00,29666.75,29663.00,29663.75,130,29663.75,29663.75,0.00
2026-06-24 09:44:55,29663.25,29668.75,29661.00,29668.00,245,29668.00,29668.00,0.00
2026-06-24 09:44:56,29668.50,29675.50,29667.25,29672.75,393,29672.75,29672.75,0.00
2026-06-24 09:44:57,29673.25,29675.25,29670.50,29671.75,244,29671.75,29671.75,0.00
2026-06-24 09:44:58,29672.25,29672.50,29665.50,29667.25,261,29667.25,29667.25,0.00
2026-06-24 09:44:59,29668.25,29670.75,29666.75,29667.50,242,29667.50,29667.50,0.00
2026-06-24 09:45:00,29667.75,29669.50,29661.75,29662.00,286,29662.00,29662.00,0.00
2026-06-24 09:45:01,29661.75,29666.00,29660.25,29663.75,416,29663.75,29663.75,0.00
2026-06-24 09:45:02,29664.50,29669.00,29662.25,29667.50,293,29667.50,29667.50,0.00
2026-06-24 09:45:03,29667.75,29669.25,29661.50,29665.00,278,29665.00,29665.00,0.00
2026-06-24 09:45:04,29663.50,29664.00,29653.50,29654.75,437,29654.75,29654.75,0.00
2026-06-24 09:45:05,29655.25,29656.50,29649.50,29652.25,329,29652.25,29652.25,0.00
2026-06-24 09:45:06,29652.25,29654.00,29649.50,29652.50,295,29652.50,29652.50,0.00
2026-06-24 09:45:07,29651.25,29663.75,29651.25,29659.00,245,29659.00,29659.00,0.00
2026-06-24 09:45:08,29659.75,29668.50,29659.25,29666.25,270,29666.25,29666.25,0.00
2026-06-24 09:45:09,29665.00,29671.75,29663.00,29667.00,321,29667.00,29667.00,0.00
2026-06-24 09:45:10,29667.50,29670.75,29663.00,29663.75,261,29663.75,29663.75,0.00
2026-06-24 09:45:11,29663.25,29663.25,29650.75,29650.75,270,29650.75,29650.75,0.00
2026-06-24 09:45:12,29651.00,29657.00,29651.00,29653.75,224,29653.75,29653.75,0.00
2026-06-24 09:45:13,29654.25,29661.25,29654.25,29658.25,153,29658.25,29658.25,0.00
2026-06-24 09:45:14,29659.00,29659.50,29650.50,29653.50,159,29653.50,29653.50,0.00
2026-06-24 09:45:15,29654.00,29656.00,29645.25,29647.50,291,29647.50,29647.50,0.00
2026-06-24 09:45:16,29647.50,29650.75,29638.75,29640.75,452,29640.75,29640.75,0.00
2026-06-24 09:45:17,29640.50,29644.50,29636.75,29642.75,308,29642.75,29642.75,0.00
2026-06-24 09:45:18,29642.75,29657.75,29642.50,29656.50,391,29656.50,29656.50,0.00
2026-06-24 09:45:19,29656.75,29659.75,29653.00,29657.25,207,29657.25,29657.25,0.00
2026-06-24 09:45:20,29657.50,29666.75,29657.50,29665.75,279,29665.75,29665.75,0.00
2026-06-24 09:45:21,29666.00,29671.50,29664.75,29671.00,212,29671.00,29671.00,0.00
2026-06-24 09:45:22,29670.50,29671.00,29659.25,29664.00,348,29664.00,29664.00,0.00
2026-06-24 09:45:23,29663.25,29664.25,29659.00,29659.00,113,29659.00,29659.00,0.00
2026-06-24 09:45:24,29659.00,29660.00,29650.75,29650.75,210,29650.75,29650.75,0.00
2026-06-24 09:45:25,29653.00,29662.00,29652.50,29661.75,227,29661.75,29661.75,0.00
2026-06-24 09:45:26,29661.25,29662.25,29655.25,29656.25,112,29656.25,29656.25,0.00
2026-06-24 09:45:27,29655.50,29673.00,29655.50,29672.50,276,29672.50,29672.50,0.00
2026-06-24 09:45:28,29672.75,29673.00,29659.50,29662.00,421,29662.00,29662.00,0.00
2026-06-24 09:45:29,29661.00,29665.75,29656.75,29661.25,204,29661.25,29661.25,0.00
2026-06-24 09:45:30,29661.50,29689.25,29660.75,29686.75,1315,29686.75,29686.75,0.00
2026-06-24 09:45:31,29687.50,29695.25,29682.75,29693.75,569,29693.75,29693.75,0.00
2026-06-24 09:45:32,29692.75,29705.25,29692.75,29698.50,973,29698.50,29698.50,0.00
2026-06-24 09:45:33,29698.25,29699.75,29691.75,29693.75,401,29693.75,29693.75,0.00
2026-06-24 09:45:34,29693.50,29700.00,29687.50,29690.00,349,29690.00,29690.00,0.00
2026-06-24 09:45:35,29690.50,29694.75,29687.25,29691.75,316,29691.75,29691.75,0.00
2026-06-24 09:45:36,29691.25,29696.75,29690.75,29693.25,208,29693.25,29693.25,0.00
2026-06-24 09:45:37,29693.50,29696.50,29685.25,29690.00,288,29690.00,29690.00,0.00
2026-06-24 09:45:38,29690.50,29706.75,29690.50,29706.75,275,29706.75,29706.75,0.00
2026-06-24 09:45:39,29707.00,29710.75,29703.25,29708.00,406,29708.00,29708.00,0.00
2026-06-24 09:45:40,29708.00,29713.00,29703.00,29710.50,441,29710.50,29710.50,0.00
2026-06-24 09:45:41,29709.75,29710.50,29704.25,29705.50,335,29705.50,29705.50,0.00
2026-06-24 09:45:42,29705.00,29708.75,29695.00,29697.50,362,29697.50,29697.50,0.00
2026-06-24 09:45:43,29696.50,29697.75,29691.00,29693.25,247,29693.25,29693.25,0.00
2026-06-24 09:45:44,29693.25,29693.75,29686.25,29690.25,258,29690.25,29690.25,0.00
2026-06-24 09:45:45,29691.25,29694.50,29690.25,29693.25,213,29693.25,29693.25,0.00
2026-06-24 09:45:46,29692.75,29698.75,29692.50,29694.75,165,29694.75,29694.75,0.00
2026-06-24 09:45:47,29694.75,29699.50,29692.75,29698.00,206,29698.00,29698.00,0.00
2026-06-24 09:45:48,29698.25,29702.00,29697.00,29702.00,109,29702.00,29702.00,0.00
2026-06-24 09:45:49,29701.75,29706.75,29700.50,29704.25,162,29704.25,29704.25,0.00
2026-06-24 09:45:50,29703.25,29704.50,29700.75,29701.25,189,29701.25,29701.25,0.00
2026-06-24 09:45:51,29701.50,29703.75,29696.50,29702.50,233,29702.50,29702.50,0.00
2026-06-24 09:45:52,29702.75,29707.00,29700.75,29703.50,177,29703.50,29703.50,0.00
2026-06-24 09:45:53,29703.50,29705.25,29698.50,29700.75,172,29700.75,29700.75,0.00
2026-06-24 09:45:54,29700.25,29700.25,29695.00,29697.50,207,29697.50,29697.50,0.00
2026-06-24 09:45:55,29697.50,29699.25,29692.25,29692.25,197,29692.25,29692.25,0.00
2026-06-24 09:45:56,29692.75,29695.75,29689.50,29693.50,158,29693.50,29693.50,0.00
2026-06-24 09:45:57,29693.25,29693.75,29687.50,29692.25,200,29692.25,29692.25,0.00
2026-06-24 09:45:58,29692.25,29692.25,29688.25,29689.00,117,29689.00,29689.00,0.00
2026-06-24 09:45:59,29689.25,29690.50,29681.75,29683.00,256,29683.00,29683.00,0.00
2026-06-24 09:46:00,29683.75,29685.25,29680.50,29682.50,195,29682.50,29682.50,0.00
2026-06-24 09:46:01,29683.25,29685.25,29679.50,29681.75,326,29681.75,29681.75,0.00
2026-06-24 09:46:02,29681.50,29684.75,29672.50,29673.00,332,29673.00,29673.00,0.00
2026-06-24 09:46:03,29673.00,29676.25,29658.00,29662.25,555,29662.25,29662.25,0.00
2026-06-24 09:46:04,29663.25,29669.50,29662.75,29668.75,281,29668.75,29668.75,0.00
2026-06-24 09:46:05,29668.00,29670.75,29664.75,29668.50,236,29668.50,29668.50,0.00
2026-06-24 09:46:06,29667.75,29672.50,29667.75,29668.50,191,29668.50,29668.50,0.00
2026-06-24 09:46:07,29668.75,29670.75,29655.00,29655.00,394,29655.00,29655.00,0.00
2026-06-24 09:46:08,29654.75,29656.25,29645.75,29649.00,588,29649.00,29649.00,0.00
2026-06-24 09:46:09,29649.25,29653.50,29646.25,29647.50,345,29647.50,29647.50,0.00
2026-06-24 09:46:10,29647.25,29654.50,29646.75,29650.25,288,29650.25,29650.25,0.00
2026-06-24 09:46:11,29650.25,29653.00,29647.25,29652.00,254,29652.00,29652.00,0.00
2026-06-24 09:46:12,29653.00,29656.00,29647.00,29648.50,203,29648.50,29648.50,0.00
2026-06-24 09:46:13,29647.75,29647.75,29641.00,29646.00,277,29646.00,29646.00,0.00
2026-06-24 09:46:14,29645.25,29650.00,29644.75,29650.00,260,29650.00,29650.00,0.00
2026-06-24 09:46:15,29649.75,29670.00,29649.50,29669.00,635,29669.00,29669.00,0.00
2026-06-24 09:46:16,29668.50,29687.50,29667.75,29687.25,740,29687.25,29687.25,0.00
2026-06-24 09:46:17,29686.25,29696.75,29684.50,29696.25,472,29696.25,29696.25,0.00
2026-06-24 09:46:18,29695.25,29702.00,29689.50,29690.75,523,29690.75,29690.75,0.00
2026-06-24 09:46:19,29690.75,29698.75,29689.00,29697.25,254,29697.25,29697.25,0.00
2026-06-24 09:46:20,29697.00,29699.00,29693.25,29694.75,267,29694.75,29694.75,0.00
2026-06-24 09:46:21,29695.25,29697.75,29692.00,29696.25,140,29696.25,29696.25,0.00
2026-06-24 09:46:22,29696.75,29702.75,29693.75,29694.75,330,29694.75,29694.75,0.00
2026-06-24 09:46:23,29694.50,29695.25,29689.50,29692.25,124,29692.25,29692.25,0.00
2026-06-24 09:46:24,29691.75,29702.00,29691.25,29694.75,158,29694.75,29694.75,0.00
2026-06-24 09:46:25,29694.25,29695.25,29687.75,29690.00,136,29690.00,29690.00,0.00
2026-06-24 09:46:26,29690.00,29691.50,29687.75,29688.25,91,29688.25,29688.25,0.00
2026-06-24 09:46:27,29688.75,29692.50,29685.50,29690.75,142,29690.75,29690.75,0.00
2026-06-24 09:46:28,29691.00,29696.25,29689.75,29694.50,114,29694.50,29694.50,0.00
2026-06-24 09:46:29,29694.00,29696.00,29691.75,29694.00,95,29694.00,29694.00,0.00
2026-06-24 09:46:30,29694.25,29696.00,29690.00,29690.00,190,29690.00,29690.00,0.00
2026-06-24 09:46:31,29690.75,29692.25,29686.25,29686.25,95,29686.25,29686.25,0.00
2026-06-24 09:46:32,29687.25,29691.50,29687.25,29690.00,97,29690.00,29690.00,0.00
2026-06-24 09:46:33,29690.75,29694.00,29686.25,29692.50,98,29692.50,29692.50,0.00
2026-06-24 09:46:34,29692.50,29694.25,29684.00,29688.25,138,29688.25,29688.25,0.00
2026-06-24 09:46:35,29688.50,29698.75,29686.25,29697.25,154,29697.25,29697.25,0.00
2026-06-24 09:46:36,29696.50,29702.00,29695.00,29700.25,121,29700.25,29700.25,0.00
2026-06-24 09:46:37,29699.50,29701.50,29697.25,29699.25,136,29699.25,29699.25,0.00
2026-06-24 09:46:38,29700.00,29701.25,29694.50,29696.50,149,29696.50,29696.50,0.00
2026-06-24 09:46:39,29696.00,29699.00,29694.75,29697.75,77,29697.75,29697.75,0.00
2026-06-24 09:46:40,29697.00,29701.25,29695.25,29697.00,199,29697.00,29697.00,0.00
2026-06-24 09:46:41,29697.00,29704.25,29696.25,29701.25,155,29701.25,29701.25,0.00
2026-06-24 09:46:42,29701.00,29708.75,29699.25,29707.75,237,29707.75,29707.75,0.00
2026-06-24 09:46:43,29707.75,29713.50,29706.25,29709.00,343,29709.00,29709.00,0.00
2026-06-24 09:46:44,29710.00,29715.00,29708.25,29711.50,329,29711.50,29711.50,0.00
2026-06-24 09:46:45,29711.50,29714.50,29709.00,29712.50,246,29712.50,29712.50,0.00
2026-06-24 09:46:46,29712.25,29714.50,29707.00,29712.25,185,29712.25,29712.25,0.00
2026-06-24 09:46:47,29712.25,29713.75,29704.00,29706.50,212,29706.50,29706.50,0.00
2026-06-24 09:46:48,29706.50,29709.75,29703.75,29709.75,140,29709.75,29709.75,0.00
2026-06-24 09:46:49,29709.75,29711.75,29708.50,29709.75,108,29709.75,29709.75,0.00
2026-06-24 09:46:50,29709.50,29710.25,29700.00,29700.00,248,29700.00,29700.00,0.00
2026-06-24 09:46:51,29699.50,29699.75,29689.75,29690.75,274,29690.75,29690.75,0.00
2026-06-24 09:46:52,29691.00,29699.50,29689.00,29698.25,216,29698.25,29698.25,0.00
2026-06-24 09:46:53,29699.50,29701.50,29697.50,29699.25,105,29699.25,29699.25,0.00
2026-06-24 09:46:54,29698.75,29702.50,29695.25,29700.75,127,29700.75,29700.75,0.00
2026-06-24 09:46:55,29700.75,29703.25,29699.00,29703.25,112,29703.25,29703.25,0.00
2026-06-24 09:46:56,29703.00,29704.25,29699.50,29702.50,115,29702.50,29702.50,0.00
2026-06-24 09:46:57,29703.25,29704.50,29700.00,29700.75,90,29700.75,29700.75,0.00
2026-06-24 09:46:58,29700.75,29701.00,29695.75,29696.75,101,29696.75,29696.75,0.00
2026-06-24 09:46:59,29697.00,29699.50,29692.50,29698.25,287,29698.25,29698.25,0.00
2026-06-24 09:47:00,29698.25,29704.50,29697.75,29701.25,192,29701.25,29701.25,0.00
2026-06-24 09:47:01,29701.50,29706.00,29700.75,29704.75,178,29704.75,29704.75,0.00
2026-06-24 09:47:02,29703.50,29703.50,29694.50,29695.00,147,29695.00,29695.00,0.00
2026-06-24 09:47:03,29695.50,29696.75,29691.25,29691.25,154,29691.25,29691.25,0.00
2026-06-24 09:47:04,29691.50,29699.00,29691.00,29695.75,201,29695.75,29695.75,0.00
2026-06-24 09:47:05,29695.75,29697.00,29689.25,29694.00,140,29694.00,29694.00,0.00
2026-06-24 09:47:06,29695.00,29699.50,29692.50,29698.00,124,29698.00,29698.00,0.00
2026-06-24 09:47:07,29698.00,29705.50,29695.00,29703.00,206,29703.00,29703.00,0.00
2026-06-24 09:47:08,29701.50,29707.00,29699.25,29700.75,199,29700.75,29700.75,0.00
2026-06-24 09:47:09,29699.75,29701.50,29693.75,29696.75,84,29696.75,29696.75,0.00
2026-06-24 09:47:10,29696.50,29702.00,29696.50,29698.50,130,29698.50,29698.50,0.00
2026-06-24 09:47:11,29698.50,29702.50,29697.25,29699.00,180,29699.00,29699.00,0.00
2026-06-24 09:47:12,29698.75,29699.25,29693.00,29695.75,154,29695.75,29695.75,0.00
2026-06-24 09:47:13,29697.00,29697.00,29691.50,29694.00,119,29694.00,29694.00,0.00
2026-06-24 09:47:14,29693.25,29694.00,29684.25,29685.50,211,29685.50,29685.50,0.00
2026-06-24 09:47:15,29684.75,29686.50,29680.75,29681.50,431,29681.50,29681.50,0.00
2026-06-24 09:47:16,29680.50,29682.75,29678.75,29679.50,251,29679.50,29679.50,0.00
2026-06-24 09:47:17,29679.75,29682.50,29675.75,29678.75,297,29678.75,29678.75,0.00
2026-06-24 09:47:18,29679.25,29684.25,29678.50,29683.00,176,29683.00,29683.00,0.00
2026-06-24 09:47:19,29682.25,29686.75,29677.50,29679.00,267,29679.00,29679.00,0.00
2026-06-24 09:47:20,29679.25,29680.75,29669.00,29670.00,225,29670.00,29670.00,0.00
2026-06-24 09:47:21,29669.75,29673.75,29669.25,29671.00,200,29671.00,29671.00,0.00
2026-06-24 09:47:22,29671.25,29672.25,29662.25,29665.25,395,29665.25,29665.25,0.00
2026-06-24 09:47:23,29665.00,29668.75,29663.00,29668.75,211,29668.75,29668.75,0.00
2026-06-24 09:47:24,29667.75,29672.75,29665.50,29672.25,186,29672.25,29672.25,0.00
2026-06-24 09:47:25,29671.00,29672.00,29663.50,29665.00,199,29665.00,29665.00,0.00
2026-06-24 09:47:26,29666.00,29668.00,29663.00,29665.00,195,29665.00,29665.00,0.00
2026-06-24 09:47:27,29664.50,29668.25,29663.25,29664.75,191,29664.75,29664.75,0.00
2026-06-24 09:47:28,29664.25,29665.25,29661.25,29663.75,132,29663.75,29663.75,0.00
2026-06-24 09:47:29,29664.50,29666.00,29661.50,29662.25,105,29662.25,29662.25,0.00
2026-06-24 09:47:30,29663.00,29663.00,29655.00,29656.50,288,29656.50,29656.50,0.00
2026-06-24 09:47:31,29656.75,29660.25,29655.00,29656.25,230,29656.25,29656.25,0.00
2026-06-24 09:47:32,29657.00,29659.75,29654.25,29654.50,148,29654.50,29654.50,0.00
2026-06-24 09:47:33,29654.75,29655.25,29645.25,29646.25,311,29646.25,29646.25,0.00
2026-06-24 09:47:34,29646.25,29650.50,29646.25,29646.25,268,29646.25,29646.25,0.00
2026-06-24 09:47:35,29646.50,29651.50,29646.50,29649.25,172,29649.25,29649.25,0.00
2026-06-24 09:47:36,29649.75,29657.75,29646.00,29657.50,235,29657.50,29657.50,0.00
2026-06-24 09:47:37,29657.00,29668.75,29655.25,29667.25,314,29667.25,29667.25,0.00
2026-06-24 09:47:38,29668.00,29670.00,29665.50,29668.50,163,29668.50,29668.50,0.00
2026-06-24 09:47:39,29668.50,29670.00,29663.00,29666.75,173,29666.75,29666.75,0.00
2026-06-24 09:47:40,29667.00,29670.75,29663.75,29664.25,169,29664.25,29664.25,0.00
2026-06-24 09:47:41,29665.25,29666.00,29662.00,29663.00,223,29663.00,29663.00,0.00
2026-06-24 09:47:42,29663.50,29664.00,29654.25,29654.25,213,29654.25,29654.25,0.00
2026-06-24 09:47:43,29654.25,29657.25,29651.75,29656.50,118,29656.50,29656.50,0.00
2026-06-24 09:47:44,29656.25,29657.00,29650.50,29650.50,153,29650.50,29650.50,0.00
2026-06-24 09:47:45,29651.50,29654.75,29651.00,29651.25,105,29651.25,29651.25,0.00
2026-06-24 09:47:46,29651.25,29653.75,29650.25,29651.00,96,29651.00,29651.00,0.00
2026-06-24 09:47:47,29650.75,29652.00,29646.75,29647.50,162,29647.50,29647.50,0.00
2026-06-24 09:47:48,29647.50,29650.00,29645.75,29647.75,176,29647.75,29647.75,0.00
2026-06-24 09:47:49,29648.00,29651.50,29646.25,29651.25,164,29651.25,29651.25,0.00
2026-06-24 09:47:50,29651.50,29654.00,29648.50,29653.75,234,29653.75,29653.75,0.00
2026-06-24 09:47:51,29654.00,29660.25,29654.00,29657.00,256,29657.00,29657.00,0.00
2026-06-24 09:47:52,29656.75,29662.00,29655.50,29660.75,181,29660.75,29660.75,0.00
2026-06-24 09:47:53,29661.25,29661.50,29658.00,29661.25,118,29661.25,29661.25,0.00
2026-06-24 09:47:54,29659.75,29661.00,29655.00,29656.75,104,29656.75,29656.75,0.00
2026-06-24 09:47:55,29656.50,29657.50,29650.25,29651.50,164,29651.50,29651.50,0.00
2026-06-24 09:47:56,29650.50,29652.25,29645.00,29645.50,117,29645.50,29645.50,0.00
2026-06-24 09:47:57,29646.00,29649.00,29645.00,29648.50,150,29648.50,29648.50,0.00
2026-06-24 09:47:58,29648.50,29649.75,29646.75,29649.00,104,29649.00,29649.00,0.00
2026-06-24 09:47:59,29649.25,29654.50,29649.25,29652.25,130,29652.25,29652.25,0.00
2026-06-24 09:48:00,29652.50,29652.50,29649.25,29651.50,92,29651.50,29651.50,0.00
2026-06-24 09:48:01,29652.00,29656.00,29651.50,29654.75,228,29654.75,29654.75,0.00
2026-06-24 09:48:02,29653.75,29656.50,29651.25,29654.00,132,29654.00,29654.00,0.00
2026-06-24 09:48:03,29653.75,29655.00,29646.00,29647.00,163,29647.00,29647.00,0.00
2026-06-24 09:48:04,29646.75,29649.75,29645.00,29648.25,150,29648.25,29648.25,0.00
2026-06-24 09:48:05,29649.25,29649.75,29637.50,29639.00,389,29639.00,29639.00,0.00
2026-06-24 09:48:06,29639.75,29643.00,29634.75,29642.75,444,29642.75,29642.75,0.00
2026-06-24 09:48:07,29642.75,29646.50,29639.00,29644.50,253,29644.50,29644.50,0.00
2026-06-24 09:48:08,29644.00,29647.00,29641.50,29641.75,158,29641.75,29641.75,0.00
2026-06-24 09:48:09,29642.00,29642.75,29623.75,29627.75,640,29627.75,29627.75,0.00
2026-06-24 09:48:10,29627.50,29631.50,29624.50,29625.00,343,29625.00,29625.00,0.00
2026-06-24 09:48:11,29625.50,29628.00,29624.25,29625.25,299,29625.25,29625.25,0.00
2026-06-24 09:48:12,29625.75,29626.75,29620.25,29622.00,342,29622.00,29622.00,0.00
2026-06-24 09:48:13,29621.50,29621.50,29610.00,29611.25,529,29611.25,29611.25,0.00
2026-06-24 09:48:14,29611.50,29616.50,29610.00,29613.75,414,29613.75,29613.75,0.00
2026-06-24 09:48:15,29614.00,29616.75,29612.50,29616.50,318,29616.50,29616.50,0.00
2026-06-24 09:48:16,29616.75,29618.75,29614.50,29614.50,197,29614.50,29614.50,0.00
2026-06-24 09:48:17,29614.50,29615.25,29609.25,29609.50,281,29609.50,29609.50,0.00
2026-06-24 09:48:18,29609.25,29611.00,29600.50,29600.75,632,29600.75,29600.75,0.00
2026-06-24 09:48:19,29600.25,29600.75,29595.75,29600.25,866,29600.25,29600.25,0.00
2026-06-24 09:48:20,29600.25,29602.00,29597.25,29598.50,333,29598.50,29598.50,0.00
2026-06-24 09:48:21,29597.75,29602.75,29595.50,29597.00,276,29597.00,29597.00,0.00
2026-06-24 09:48:22,29596.50,29599.75,29595.75,29598.00,277,29598.00,29598.00,0.00
2026-06-24 09:48:23,29597.25,29598.75,29591.00,29593.75,370,29593.75,29593.75,0.00
2026-06-24 09:48:24,29593.75,29595.50,29591.50,29594.00,238,29594.00,29594.00,0.00
2026-06-24 09:48:25,29594.25,29600.00,29592.00,29599.50,282,29599.50,29599.50,0.00
2026-06-24 09:48:26,29599.00,29600.25,29593.50,29597.25,269,29597.25,29597.25,0.00
2026-06-24 09:48:27,29598.00,29599.75,29597.00,29598.00,174,29598.00,29598.00,0.00
2026-06-24 09:48:28,29597.25,29598.00,29585.25,29587.75,573,29587.75,29587.75,0.00
2026-06-24 09:48:29,29588.00,29589.00,29584.00,29585.25,591,29585.25,29585.25,0.00
2026-06-24 09:48:30,29585.25,29587.25,29582.00,29583.00,404,29583.00,29583.00,0.00
2026-06-24 09:48:31,29583.25,29585.75,29582.25,29584.25,257,29584.25,29584.25,0.00
2026-06-24 09:48:32,29584.25,29585.75,29580.50,29583.50,376,29583.50,29583.50,0.00
2026-06-24 09:48:33,29583.75,29586.50,29581.00,29582.75,315,29582.75,29582.75,0.00
2026-06-24 09:48:34,29583.00,29584.00,29569.00,29570.75,1017,29570.75,29570.75,0.00
2026-06-24 09:48:35,29571.00,29572.50,29566.00,29569.50,666,29569.50,29569.50,0.00
2026-06-24 09:48:36,29570.00,29574.50,29567.50,29568.25,509,29568.25,29568.25,0.00
2026-06-24 09:48:37,29567.75,29571.50,29564.00,29569.50,565,29569.50,29569.50,0.00
2026-06-24 09:48:38,29569.00,29573.25,29567.50,29567.75,301,29567.75,29567.75,0.00
2026-06-24 09:48:39,29568.25,29578.25,29568.00,29575.50,324,29575.50,29575.50,0.00
2026-06-24 09:48:40,29575.50,29576.50,29569.75,29571.75,231,29571.75,29571.75,0.00
2026-06-24 09:48:41,29571.50,29578.25,29570.00,29575.25,267,29575.25,29575.25,0.00
2026-06-24 09:48:42,29575.00,29578.25,29573.75,29576.75,149,29576.75,29576.75,0.00
2026-06-24 09:48:43,29577.25,29585.50,29575.00,29584.00,412,29584.00,29584.00,0.00
2026-06-24 09:48:44,29584.25,29584.25,29578.25,29579.50,282,29579.50,29579.50,0.00
2026-06-24 09:48:45,29579.00,29580.75,29576.25,29577.75,266,29577.75,29577.75,0.00
2026-06-24 09:48:46,29578.00,29579.75,29572.75,29573.75,175,29573.75,29573.75,0.00
2026-06-24 09:48:47,29573.00,29574.00,29567.00,29567.75,231,29567.75,29567.75,0.00
2026-06-24 09:48:48,29567.75,29570.50,29566.75,29569.00,199,29569.00,29569.00,0.00
2026-06-24 09:48:49,29569.25,29577.50,29566.25,29575.75,240,29575.75,29575.75,0.00
2026-06-24 09:48:50,29575.75,29578.75,29574.75,29577.00,153,29577.00,29577.00,0.00
2026-06-24 09:48:51,29576.50,29576.50,29571.00,29571.25,183,29571.25,29571.25,0.00
2026-06-24 09:48:52,29571.25,29579.00,29570.00,29579.00,182,29579.00,29579.00,0.00
2026-06-24 09:48:53,29579.25,29583.25,29577.50,29583.00,198,29583.00,29583.00,0.00
2026-06-24 09:48:54,29582.75,29584.00,29579.75,29582.00,188,29582.00,29582.00,0.00
2026-06-24 09:48:55,29583.25,29585.00,29579.50,29580.50,205,29580.50,29580.50,0.00
2026-06-24 09:48:56,29580.75,29582.25,29576.00,29581.75,296,29581.75,29581.75,0.00
2026-06-24 09:48:57,29582.00,29585.25,29580.00,29581.50,180,29581.50,29581.50,0.00
2026-06-24 09:48:58,29581.25,29582.75,29579.25,29579.50,111,29579.50,29579.50,0.00
2026-06-24 09:48:59,29578.75,29582.25,29578.25,29581.75,110,29581.75,29581.75,0.00
2026-06-24 09:49:00,29582.00,29587.50,29581.75,29587.50,206,29587.50,29587.50,0.00
2026-06-24 09:49:01,29587.25,29590.75,29585.50,29589.75,333,29589.75,29589.75,0.00
2026-06-24 09:49:02,29589.50,29598.25,29588.75,29593.25,612,29593.25,29593.25,0.00
2026-06-24 09:49:03,29593.25,29599.75,29592.00,29599.50,400,29599.50,29599.50,0.00
2026-06-24 09:49:04,29599.25,29603.75,29596.25,29598.25,485,29598.25,29598.25,0.00
2026-06-24 09:49:05,29598.00,29608.25,29595.50,29606.00,361,29606.00,29606.00,0.00
2026-06-24 09:49:06,29605.50,29608.75,29604.00,29606.25,306,29606.25,29606.25,0.00
2026-06-24 09:49:07,29606.25,29611.00,29602.25,29610.75,365,29610.75,29610.75,0.00
2026-06-24 09:49:08,29610.75,29613.75,29607.00,29609.25,326,29609.25,29609.25,0.00
2026-06-24 09:49:09,29609.25,29611.75,29603.00,29603.50,315,29603.50,29603.50,0.00
2026-06-24 09:49:10,29603.75,29610.00,29603.00,29603.25,191,29603.25,29603.25,0.00
2026-06-24 09:49:11,29603.25,29605.25,29598.25,29601.75,302,29601.75,29601.75,0.00
2026-06-24 09:49:12,29601.25,29604.50,29600.00,29600.25,191,29600.25,29600.25,0.00
2026-06-24 09:49:13,29600.00,29600.00,29593.00,29594.25,224,29594.25,29594.25,0.00
2026-06-24 09:49:14,29594.00,29595.75,29590.00,29594.25,255,29594.25,29594.25,0.00
2026-06-24 09:49:15,29595.00,29596.00,29590.50,29593.50,165,29593.50,29593.50,0.00
2026-06-24 09:49:16,29594.25,29596.00,29589.75,29590.25,243,29590.25,29590.25,0.00
2026-06-24 09:49:17,29590.00,29607.25,29586.25,29606.25,843,29606.25,29606.25,0.00
2026-06-24 09:49:18,29606.00,29608.00,29603.00,29608.00,284,29608.00,29608.00,0.00
2026-06-24 09:49:19,29607.00,29629.00,29606.50,29623.75,871,29623.75,29623.75,0.00
2026-06-24 09:49:20,29623.25,29629.00,29621.50,29626.25,403,29626.25,29626.25,0.00
2026-06-24 09:49:21,29625.75,29629.75,29622.75,29624.00,455,29624.00,29624.00,0.00
2026-06-24 09:49:22,29623.75,29626.75,29617.00,29618.00,239,29618.00,29618.00,0.00
2026-06-24 09:49:23,29618.50,29626.25,29617.75,29619.00,199,29619.00,29619.00,0.00
2026-06-24 09:49:24,29620.25,29628.75,29619.25,29626.75,137,29626.75,29626.75,0.00
2026-06-24 09:49:25,29627.00,29627.00,29622.00,29624.75,143,29624.75,29624.75,0.00
2026-06-24 09:49:26,29624.25,29625.25,29620.50,29621.50,114,29621.50,29621.50,0.00
2026-06-24 09:49:27,29621.75,29626.00,29618.75,29623.00,245,29623.00,29623.00,0.00
2026-06-24 09:49:28,29623.50,29627.75,29622.75,29625.00,111,29625.00,29625.00,0.00
2026-06-24 09:49:29,29624.50,29628.50,29623.00,29625.50,134,29625.50,29625.50,0.00
2026-06-24 09:49:30,29627.00,29627.25,29618.75,29621.75,111,29621.75,29621.75,0.00
2026-06-24 09:49:31,29621.50,29625.50,29619.00,29622.25,146,29622.25,29622.25,0.00
2026-06-24 09:49:32,29621.25,29624.75,29617.00,29619.25,143,29619.25,29619.25,0.00
2026-06-24 09:49:33,29618.00,29625.00,29617.00,29623.50,159,29623.50,29623.50,0.00
2026-06-24 09:49:34,29622.50,29623.75,29619.25,29623.75,67,29623.75,29623.75,0.00
2026-06-24 09:49:35,29623.75,29626.50,29623.75,29625.00,77,29625.00,29625.00,0.00
2026-06-24 09:49:36,29625.00,29630.00,29624.25,29628.00,121,29628.00,29628.00,0.00
2026-06-24 09:49:37,29627.25,29635.50,29626.00,29631.75,357,29631.75,29631.75,0.00
2026-06-24 09:49:38,29631.50,29639.50,29629.25,29636.75,239,29636.75,29636.75,0.00
2026-06-24 09:49:39,29636.00,29643.75,29635.50,29642.25,290,29642.25,29642.25,0.00
2026-06-24 09:49:40,29643.00,29650.75,29642.75,29647.75,581,29647.75,29647.75,0.00
2026-06-24 09:49:41,29648.00,29652.50,29646.50,29651.50,298,29651.50,29651.50,0.00
2026-06-24 09:49:42,29650.75,29651.50,29643.00,29643.75,280,29643.75,29643.75,0.00
2026-06-24 09:49:43,29644.00,29644.25,29638.00,29641.50,234,29641.50,29641.50,0.00
2026-06-24 09:49:44,29642.25,29653.75,29641.50,29652.75,310,29652.75,29652.75,0.00
2026-06-24 09:49:45,29653.00,29670.00,29648.25,29667.75,1000,29667.75,29667.75,0.00
2026-06-24 09:49:46,29668.25,29675.50,29665.75,29673.75,511,29673.75,29673.75,0.00
2026-06-24 09:49:47,29673.25,29682.00,29672.50,29673.00,553,29673.00,29673.00,0.00
2026-06-24 09:49:48,29672.75,29677.75,29672.00,29674.00,442,29674.00,29674.00,0.00
2026-06-24 09:49:49,29674.25,29674.50,29666.00,29669.00,337,29669.00,29669.00,0.00
2026-06-24 09:49:50,29668.25,29670.00,29665.00,29666.00,329,29666.00,29666.00,0.00
2026-06-24 09:49:51,29665.75,29674.25,29665.50,29669.25,216,29669.25,29669.25,0.00
2026-06-24 09:49:52,29670.50,29672.50,29667.00,29667.00,216,29667.00,29667.00,0.00
2026-06-24 09:49:53,29667.00,29671.25,29664.50,29666.00,251,29666.00,29666.00,0.00
2026-06-24 09:49:54,29666.25,29670.50,29663.75,29668.75,182,29668.75,29668.75,0.00
2026-06-24 09:49:55,29667.75,29669.00,29664.25,29666.00,199,29666.00,29666.00,0.00
2026-06-24 09:49:56,29667.00,29668.75,29664.25,29667.50,97,29667.50,29667.50,0.00
2026-06-24 09:49:57,29667.25,29668.25,29664.75,29667.50,117,29667.50,29667.50,0.00
2026-06-24 09:49:58,29667.00,29668.00,29663.50,29664.00,143,29664.00,29664.00,0.00
2026-06-24 09:49:59,29663.50,29666.75,29662.00,29664.25,159,29664.25,29664.25,0.00
2026-06-24 09:50:00,29663.50,29664.25,29658.25,29660.25,198,29660.25,29660.25,0.00
2026-06-24 09:50:01,29660.50,29662.00,29657.25,29659.50,252,29659.50,29659.50,0.00
2026-06-24 09:50:02,29660.50,29662.75,29658.50,29662.25,188,29662.25,29662.25,0.00
2026-06-24 09:50:03,29662.50,29669.25,29661.75,29664.75,196,29664.75,29664.75,0.00
2026-06-24 09:50:04,29665.25,29672.25,29663.50,29670.75,253,29670.75,29670.75,0.00
2026-06-24 09:50:05,29671.50,29683.00,29670.50,29680.75,358,29680.75,29680.75,0.00
2026-06-24 09:50:06,29680.75,29684.50,29679.00,29683.50,312,29683.50,29683.50,0.00
2026-06-24 09:50:07,29683.50,29686.50,29679.75,29681.50,315,29681.50,29681.50,0.00
2026-06-24 09:50:08,29681.50,29689.00,29680.50,29685.50,254,29685.50,29685.50,0.00
2026-06-24 09:50:09,29686.75,29693.00,29686.50,29689.00,390,29689.00,29689.00,0.00
2026-06-24 09:50:10,29689.50,29691.50,29684.00,29689.50,232,29689.50,29689.50,0.00
2026-06-24 09:50:11,29690.25,29690.25,29677.75,29677.75,292,29677.75,29677.75,0.00
2026-06-24 09:50:12,29679.00,29680.00,29673.25,29676.25,242,29676.25,29676.25,0.00
2026-06-24 09:50:13,29675.25,29678.75,29674.75,29677.00,232,29677.00,29677.00,0.00
2026-06-24 09:50:14,29676.75,29691.75,29676.50,29691.75,250,29691.75,29691.75,0.00
2026-06-24 09:50:15,29691.00,29692.50,29687.75,29690.25,193,29690.25,29690.25,0.00
2026-06-24 09:50:16,29690.50,29691.50,29686.75,29686.75,178,29686.75,29686.75,0.00
2026-06-24 09:50:17,29686.50,29688.00,29683.75,29684.75,111,29684.75,29684.75,0.00
2026-06-24 09:50:18,29684.00,29692.50,29683.00,29691.50,196,29691.50,29691.50,0.00
2026-06-24 09:50:19,29691.25,29694.75,29691.00,29691.00,127,29691.00,29691.00,0.00
2026-06-24 09:50:20,29690.75,29693.75,29685.25,29686.50,197,29686.50,29686.50,0.00
2026-06-24 09:50:21,29686.00,29688.50,29682.75,29684.75,188,29684.75,29684.75,0.00
2026-06-24 09:50:22,29685.00,29687.50,29684.00,29685.50,87,29685.50,29685.50,0.00
2026-06-24 09:50:23,29685.75,29687.00,29682.75,29684.25,108,29684.25,29684.25,0.00
2026-06-24 09:50:24,29684.75,29685.50,29678.50,29684.75,172,29684.75,29684.75,0.00
2026-06-24 09:50:25,29684.75,29694.25,29683.75,29694.00,174,29694.00,29694.00,0.00
2026-06-24 09:50:26,29694.50,29707.00,29694.50,29704.25,553,29704.25,29704.25,0.00
2026-06-24 09:50:27,29703.75,29706.75,29700.75,29703.50,293,29703.50,29703.50,0.00
2026-06-24 09:50:28,29703.25,29712.00,29700.75,29711.25,295,29711.25,29711.25,0.00
2026-06-24 09:50:29,29710.75,29714.00,29708.25,29712.75,303,29712.75,29712.75,0.00
2026-06-24 09:50:30,29712.75,29719.25,29712.75,29715.75,545,29715.75,29715.75,0.00
2026-06-24 09:50:31,29715.75,29716.50,29712.50,29715.00,237,29715.00,29715.00,0.00
2026-06-24 09:50:32,29715.00,29719.00,29713.75,29718.75,184,29718.75,29718.75,0.00
2026-06-24 09:50:33,29719.50,29723.25,29714.50,29714.50,384,29714.50,29714.50,0.00
2026-06-24 09:50:34,29715.25,29716.50,29710.50,29713.25,265,29713.25,29713.25,0.00
2026-06-24 09:50:35,29713.25,29716.75,29711.25,29716.25,170,29716.25,29716.25,0.00
2026-06-24 09:50:36,29716.25,29731.75,29716.25,29729.00,458,29729.00,29729.00,0.00
2026-06-24 09:50:37,29728.25,29729.00,29724.25,29728.25,291,29728.25,29728.25,0.00
2026-06-24 09:50:38,29728.50,29728.75,29723.25,29724.00,281,29724.00,29724.00,0.00
2026-06-24 09:50:39,29724.50,29726.75,29722.25,29726.50,184,29726.50,29726.50,0.00
2026-06-24 09:50:40,29725.75,29730.00,29723.00,29728.00,228,29728.00,29728.00,0.00
2026-06-24 09:50:41,29727.50,29728.50,29722.50,29723.00,184,29723.00,29723.00,0.00
2026-06-24 09:50:42,29722.75,29727.50,29721.75,29727.50,177,29727.50,29727.50,0.00
2026-06-24 09:50:43,29727.00,29727.00,29721.00,29722.75,148,29722.75,29722.75,0.00
2026-06-24 09:50:44,29722.25,29723.75,29719.25,29721.00,253,29721.00,29721.00,0.00
2026-06-24 09:50:45,29721.00,29722.00,29715.50,29718.50,232,29718.50,29718.50,0.00
2026-06-24 09:50:46,29718.00,29721.50,29717.25,29719.75,176,29719.75,29719.75,0.00
2026-06-24 09:50:47,29720.50,29724.50,29719.25,29723.75,166,29723.75,29723.75,0.00
2026-06-24 09:50:48,29723.50,29723.50,29715.75,29716.75,159,29716.75,29716.75,0.00
2026-06-24 09:50:49,29715.75,29715.75,29709.50,29713.00,328,29713.00,29713.00,0.00
2026-06-24 09:50:50,29713.50,29713.50,29706.00,29707.25,204,29707.25,29707.25,0.00
2026-06-24 09:50:51,29707.25,29713.50,29705.25,29713.50,238,29713.50,29713.50,0.00
2026-06-24 09:50:52,29713.50,29717.00,29710.50,29711.75,142,29711.75,29711.75,0.00
2026-06-24 09:50:53,29711.75,29719.00,29710.25,29716.25,107,29716.25,29716.25,0.00
2026-06-24 09:50:54,29716.75,29716.75,29709.25,29710.25,144,29710.25,29710.25,0.00
2026-06-24 09:50:55,29710.25,29720.75,29710.00,29719.00,184,29719.00,29719.00,0.00
2026-06-24 09:50:56,29718.50,29730.00,29718.50,29728.50,231,29728.50,29728.50,0.00
2026-06-24 09:50:57,29728.25,29729.25,29724.25,29726.25,207,29726.25,29726.25,0.00
2026-06-24 09:50:58,29725.75,29727.25,29723.00,29725.75,200,29725.75,29725.75,0.00
2026-06-24 09:50:59,29725.75,29725.75,29720.00,29722.00,202,29722.00,29722.00,0.00
2026-06-24 09:51:00,29723.25,29723.75,29719.25,29722.25,154,29722.25,29722.25,0.00
2026-06-24 09:51:01,29723.00,29723.00,29719.50,29719.75,191,29719.75,29719.75,0.00
2026-06-24 09:51:02,29719.25,29720.25,29715.25,29718.00,189,29718.00,29718.00,0.00
2026-06-24 09:51:03,29718.25,29721.25,29712.25,29713.25,214,29713.25,29713.25,0.00
2026-06-24 09:51:04,29712.25,29716.75,29711.75,29714.75,135,29714.75,29714.75,0.00
2026-06-24 09:51:05,29714.75,29721.25,29713.75,29719.00,143,29719.00,29719.00,0.00
2026-06-24 09:51:06,29718.75,29726.75,29718.25,29723.75,173,29723.75,29723.75,0.00
2026-06-24 09:51:07,29725.75,29732.25,29721.50,29730.00,348,29730.00,29730.00,0.00
2026-06-24 09:51:08,29730.00,29733.25,29729.25,29730.25,194,29730.25,29730.25,0.00
2026-06-24 09:51:09,29730.50,29734.25,29727.25,29733.50,298,29733.50,29733.50,0.00
2026-06-24 09:51:10,29733.50,29741.25,29732.50,29740.00,527,29740.00,29740.00,0.00
2026-06-24 09:51:11,29740.25,29740.75,29729.00,29729.00,402,29729.00,29729.00,0.00
2026-06-24 09:51:12,29729.75,29736.25,29729.25,29736.25,218,29736.25,29736.25,0.00
2026-06-24 09:51:13,29736.75,29746.00,29736.75,29744.75,364,29744.75,29744.75,0.00
2026-06-24 09:51:14,29745.00,29747.75,29741.50,29744.50,389,29744.50,29744.50,0.00
2026-06-24 09:51:15,29744.25,29749.00,29743.75,29748.75,239,29748.75,29748.75,0.00
2026-06-24 09:51:16,29748.75,29750.50,29743.75,29749.25,388,29749.25,29749.25,0.00
2026-06-24 09:51:17,29749.75,29756.75,29748.75,29755.25,509,29755.25,29755.25,0.00
2026-06-24 09:51:18,29755.25,29756.00,29746.00,29747.00,294,29747.00,29747.00,0.00
2026-06-24 09:51:19,29746.50,29752.00,29742.25,29747.25,359,29747.25,29747.25,0.00
2026-06-24 09:51:20,29747.25,29750.00,29743.00,29747.25,185,29747.25,29747.25,0.00
2026-06-24 09:51:21,29747.25,29747.25,29739.25,29744.50,222,29744.50,29744.50,0.00
2026-06-24 09:51:22,29744.50,29746.25,29742.75,29743.25,155,29743.25,29743.25,0.00
2026-06-24 09:51:23,29744.25,29747.50,29742.25,29745.25,196,29745.25,29745.25,0.00
2026-06-24 09:51:24,29746.25,29746.25,29741.75,29744.25,166,29744.25,29744.25,0.00
2026-06-24 09:51:25,29744.25,29751.75,29744.00,29747.00,217,29747.00,29747.00,0.00
2026-06-24 09:51:26,29747.25,29751.00,29745.75,29748.50,229,29748.50,29748.50,0.00
2026-06-24 09:51:27,29748.50,29752.75,29747.25,29751.50,104,29751.50,29751.50,0.00
2026-06-24 09:51:28,29751.75,29751.75,29743.50,29743.75,187,29743.75,29743.75,0.00
2026-06-24 09:51:29,29743.75,29746.75,29735.50,29737.00,391,29737.00,29737.00,0.00
2026-06-24 09:51:30,29737.25,29738.50,29732.00,29734.00,246,29734.00,29734.00,0.00
2026-06-24 09:51:31,29734.50,29742.25,29728.75,29742.25,370,29742.25,29742.25,0.00
2026-06-24 09:51:32,29742.25,29746.50,29739.75,29746.25,151,29746.25,29746.25,0.00
2026-06-24 09:51:33,29746.50,29748.25,29742.75,29746.75,194,29746.75,29746.75,0.00
2026-06-24 09:51:34,29747.00,29750.00,29746.75,29749.00,168,29749.00,29749.00,0.00
2026-06-24 09:51:35,29748.75,29750.00,29741.75,29741.75,123,29741.75,29741.75,0.00
2026-06-24 09:51:36,29742.00,29751.75,29741.50,29751.75,198,29751.75,29751.75,0.00
2026-06-24 09:51:37,29751.50,29753.25,29746.00,29746.75,195,29746.75,29746.75,0.00
2026-06-24 09:51:38,29746.75,29748.50,29743.00,29743.50,150,29743.50,29743.50,0.00
2026-06-24 09:51:39,29743.25,29744.00,29740.50,29744.00,159,29744.00,29744.00,0.00
2026-06-24 09:51:40,29744.75,29746.00,29741.00,29744.25,107,29744.25,29744.25,0.00
2026-06-24 09:51:41,29745.75,29748.50,29744.50,29748.00,124,29748.00,29748.00,0.00
2026-06-24 09:51:42,29748.50,29749.00,29744.75,29747.25,107,29747.25,29747.25,0.00
2026-06-24 09:51:43,29747.00,29749.50,29744.00,29746.50,195,29746.50,29746.50,0.00
2026-06-24 09:51:44,29745.75,29757.25,29745.75,29756.25,241,29756.25,29756.25,0.00
2026-06-24 09:51:45,29755.25,29756.25,29752.25,29756.00,206,29756.00,29756.00,0.00
2026-06-24 09:51:46,29756.00,29756.00,29748.50,29749.00,160,29749.00,29749.00,0.00
2026-06-24 09:51:47,29749.00,29749.75,29742.75,29745.00,144,29745.00,29745.00,0.00
2026-06-24 09:51:48,29744.25,29750.50,29743.75,29750.25,146,29750.25,29750.25,0.00
2026-06-24 09:51:49,29749.75,29756.00,29749.25,29751.00,170,29751.00,29751.00,0.00
2026-06-24 09:51:50,29750.25,29750.50,29744.50,29744.50,104,29744.50,29744.50,0.00
2026-06-24 09:51:51,29745.50,29760.00,29745.50,29760.00,244,29760.00,29760.00,0.00
2026-06-24 09:51:52,29760.00,29763.00,29758.50,29760.25,323,29760.25,29760.25,0.00
2026-06-24 09:51:53,29759.50,29765.75,29759.50,29762.00,373,29762.00,29762.00,0.00
2026-06-24 09:51:54,29763.00,29768.00,29760.75,29767.00,318,29767.00,29767.00,0.00
2026-06-24 09:51:55,29767.25,29769.50,29765.00,29766.00,375,29766.00,29766.00,0.00
2026-06-24 09:51:56,29766.50,29767.75,29764.00,29764.50,170,29764.50,29764.50,0.00
2026-06-24 09:51:57,29766.00,29773.00,29764.75,29767.75,333,29767.75,29767.75,0.00
2026-06-24 09:51:58,29767.25,29768.75,29762.00,29762.75,241,29762.75,29762.75,0.00
2026-06-24 09:51:59,29762.75,29766.75,29762.25,29766.00,170,29766.00,29766.00,0.00
2026-06-24 09:52:00,29765.25,29769.25,29764.50,29767.50,164,29767.50,29767.50,0.00
2026-06-24 09:52:01,29767.00,29767.50,29759.75,29767.00,252,29767.00,29767.00,0.00
2026-06-24 09:52:02,29767.00,29767.00,29761.25,29764.25,163,29764.25,29764.25,0.00
2026-06-24 09:52:03,29763.75,29771.25,29763.50,29770.00,230,29770.00,29770.00,0.00
2026-06-24 09:52:04,29770.50,29776.75,29768.50,29775.50,299,29775.50,29775.50,0.00
2026-06-24 09:52:05,29775.50,29776.00,29771.50,29773.00,246,29773.00,29773.00,0.00
2026-06-24 09:52:06,29774.25,29778.50,29772.00,29776.25,342,29776.25,29776.25,0.00
2026-06-24 09:52:07,29776.50,29778.50,29775.00,29778.25,228,29778.25,29778.25,0.00
2026-06-24 09:52:08,29778.00,29781.25,29773.00,29773.50,293,29773.50,29773.50,0.00
2026-06-24 09:52:09,29774.00,29779.75,29774.00,29776.75,165,29776.75,29776.75,0.00
2026-06-24 09:52:10,29777.50,29780.00,29772.50,29773.50,208,29773.50,29773.50,0.00
2026-06-24 09:52:11,29772.50,29783.25,29771.00,29783.00,336,29783.00,29783.00,0.00
2026-06-24 09:52:12,29782.25,29783.50,29776.25,29777.25,222,29777.25,29777.25,0.00
2026-06-24 09:52:13,29778.25,29780.75,29771.50,29772.50,259,29772.50,29772.50,0.00
2026-06-24 09:52:14,29772.25,29775.25,29769.00,29769.00,164,29769.00,29769.00,0.00
2026-06-24 09:52:15,29768.75,29769.50,29762.25,29763.00,241,29763.00,29763.00,0.00
2026-06-24 09:52:16,29762.50,29763.00,29754.75,29757.00,323,29757.00,29757.00,0.00
2026-06-24 09:52:17,29756.75,29761.25,29755.50,29759.50,229,29759.50,29759.50,0.00
2026-06-24 09:52:18,29759.50,29761.75,29756.75,29758.75,208,29758.75,29758.75,0.00
2026-06-24 09:52:19,29757.75,29759.75,29755.00,29759.75,125,29759.75,29759.75,0.00
2026-06-24 09:52:20,29759.00,29760.75,29753.75,29756.00,146,29756.00,29756.00,0.00
2026-06-24 09:52:21,29756.50,29756.50,29742.00,29752.75,607,29752.75,29752.75,0.00
2026-06-24 09:52:22,29753.50,29758.25,29752.50,29755.00,204,29755.00,29755.00,0.00
2026-06-24 09:52:23,29755.00,29756.75,29751.50,29752.75,123,29752.75,29752.75,0.00
2026-06-24 09:52:24,29752.50,29754.75,29750.75,29752.75,190,29752.75,29752.75,0.00
2026-06-24 09:52:25,29753.25,29758.00,29750.00,29754.50,156,29754.50,29754.50,0.00
2026-06-24 09:52:26,29754.50,29761.50,29753.25,29761.50,120,29761.50,29761.50,0.00
2026-06-24 09:52:27,29761.25,29761.25,29756.50,29759.75,137,29759.75,29759.75,0.00
2026-06-24 09:52:28,29760.00,29761.00,29757.25,29758.25,122,29758.25,29758.25,0.00
2026-06-24 09:52:29,29758.25,29759.50,29754.25,29755.50,138,29755.50,29755.50,0.00
2026-06-24 09:52:30,29755.75,29761.25,29755.75,29760.50,139,29760.50,29760.50,0.00
2026-06-24 09:52:31,29760.00,29760.50,29755.00,29758.25,162,29758.25,29758.25,0.00
2026-06-24 09:52:32,29758.25,29759.00,29755.75,29757.50,98,29757.50,29757.50,0.00
2026-06-24 09:52:33,29758.50,29759.25,29754.75,29755.75,118,29755.75,29755.75,0.00
2026-06-24 09:52:34,29755.00,29755.00,29746.25,29747.75,226,29747.75,29747.75,0.00
2026-06-24 09:52:35,29747.25,29755.00,29745.50,29753.00,287,29753.00,29753.00,0.00
2026-06-24 09:52:36,29752.50,29754.75,29751.25,29752.00,140,29752.00,29752.00,0.00
2026-06-24 09:52:37,29752.50,29756.50,29750.00,29751.75,130,29751.75,29751.75,0.00
2026-06-24 09:52:38,29751.75,29755.50,29750.00,29751.00,79,29751.00,29751.00,0.00
2026-06-24 09:52:39,29750.25,29750.50,29742.75,29743.00,188,29743.00,29743.00,0.00
2026-06-24 09:52:40,29743.25,29748.00,29740.50,29746.25,220,29746.25,29746.25,0.00
2026-06-24 09:52:41,29747.00,29752.00,29744.50,29751.25,167,29751.25,29751.25,0.00
2026-06-24 09:52:42,29752.25,29759.25,29752.00,29755.75,244,29755.75,29755.75,0.00
2026-06-24 09:52:43,29756.00,29766.00,29755.50,29762.50,299,29762.50,29762.50,0.00
2026-06-24 09:52:44,29763.25,29768.50,29760.25,29766.50,247,29766.50,29766.50,0.00
2026-06-24 09:52:45,29766.75,29768.50,29760.25,29761.75,209,29761.75,29761.75,0.00
2026-06-24 09:52:46,29761.25,29764.50,29756.50,29757.50,134,29757.50,29757.50,0.00
2026-06-24 09:52:47,29757.50,29757.50,29751.00,29752.75,140,29752.75,29752.75,0.00
2026-06-24 09:52:48,29753.75,29758.00,29752.75,29758.00,90,29758.00,29758.00,0.00
2026-06-24 09:52:49,29757.50,29763.75,29755.75,29762.75,84,29762.75,29762.75,0.00
2026-06-24 09:52:50,29762.75,29762.75,29758.00,29758.00,110,29758.00,29758.00,0.00
2026-06-24 09:52:51,29758.50,29761.50,29756.75,29757.75,132,29757.75,29757.75,0.00
2026-06-24 09:52:52,29758.25,29767.25,29758.25,29766.00,138,29766.00,29766.00,0.00
2026-06-24 09:52:53,29766.75,29767.50,29764.25,29764.50,153,29764.50,29764.50,0.00
2026-06-24 09:52:54,29765.00,29765.25,29760.50,29763.25,108,29763.25,29763.25,0.00
2026-06-24 09:52:55,29762.50,29762.50,29754.50,29759.75,176,29759.75,29759.75,0.00
2026-06-24 09:52:56,29759.75,29760.50,29753.50,29754.25,105,29754.25,29754.25,0.00
2026-06-24 09:52:57,29755.50,29756.75,29752.75,29756.75,74,29756.75,29756.75,0.00
2026-06-24 09:52:58,29757.00,29758.25,29752.50,29752.50,76,29752.50,29752.50,0.00
2026-06-24 09:52:59,29753.25,29756.25,29752.75,29755.00,68,29755.00,29755.00,0.00
2026-06-24 09:53:00,29756.75,29764.50,29756.50,29761.75,157,29761.75,29761.75,0.00
2026-06-24 09:53:01,29762.00,29764.00,29760.25,29762.50,163,29762.50,29762.50,0.00
2026-06-24 09:53:02,29763.75,29770.00,29763.75,29768.00,206,29768.00,29768.00,0.00
2026-06-24 09:53:03,29768.25,29770.00,29764.00,29766.00,243,29766.00,29766.00,0.00
2026-06-24 09:53:04,29765.00,29774.50,29765.00,29771.50,237,29771.50,29771.50,0.00
2026-06-24 09:53:05,29773.50,29776.25,29771.25,29773.25,236,29773.25,29773.25,0.00
2026-06-24 09:53:06,29772.75,29775.50,29771.00,29771.75,180,29771.75,29771.75,0.00
2026-06-24 09:53:07,29771.50,29772.00,29763.75,29763.75,161,29763.75,29763.75,0.00
2026-06-24 09:53:08,29764.50,29770.25,29764.00,29766.50,142,29766.50,29766.50,0.00
2026-06-24 09:53:09,29766.50,29769.00,29765.75,29768.25,78,29768.25,29768.25,0.00
2026-06-24 09:53:10,29768.00,29768.25,29760.50,29763.50,186,29763.50,29763.50,0.00
2026-06-24 09:53:11,29763.50,29765.75,29758.25,29762.75,134,29762.75,29762.75,0.00
2026-06-24 09:53:12,29763.50,29766.25,29762.50,29765.50,131,29765.50,29765.50,0.00
2026-06-24 09:53:13,29765.25,29768.25,29763.50,29767.75,155,29767.75,29767.75,0.00
2026-06-24 09:53:14,29768.75,29770.00,29763.75,29765.50,97,29765.50,29765.50,0.00
2026-06-24 09:53:15,29765.75,29766.00,29762.00,29763.50,89,29763.50,29763.50,0.00
2026-06-24 09:53:16,29764.50,29772.00,29763.75,29770.00,189,29770.00,29770.00,0.00
2026-06-24 09:53:17,29769.75,29770.00,29763.25,29763.25,82,29763.25,29763.25,0.00
2026-06-24 09:53:18,29763.00,29768.00,29762.25,29766.25,150,29766.25,29766.25,0.00
2026-06-24 09:53:19,29766.25,29778.75,29766.25,29774.50,267,29774.50,29774.50,0.00
2026-06-24 09:53:20,29774.50,29775.00,29770.00,29771.50,122,29771.50,29771.50,0.00
2026-06-24 09:53:21,29772.00,29772.25,29766.00,29768.00,127,29768.00,29768.00,0.00
2026-06-24 09:53:22,29768.00,29768.75,29761.25,29762.00,154,29762.00,29762.00,0.00
2026-06-24 09:53:23,29761.75,29764.75,29759.75,29762.25,110,29762.25,29762.25,0.00
2026-06-24 09:53:24,29762.75,29766.75,29761.00,29761.75,68,29761.75,29761.75,0.00
2026-06-24 09:53:25,29762.00,29766.25,29761.75,29764.25,66,29764.25,29764.25,0.00
2026-06-24 09:53:26,29764.50,29766.50,29763.25,29766.25,48,29766.25,29766.25,0.00
2026-06-24 09:53:27,29765.00,29766.00,29761.25,29761.25,103,29761.25,29761.25,0.00
2026-06-24 09:53:28,29762.00,29762.75,29757.75,29760.00,131,29760.00,29760.00,0.00
2026-06-24 09:53:29,29759.25,29759.25,29752.00,29753.50,251,29753.50,29753.50,0.00
2026-06-24 09:53:30,29752.50,29754.50,29749.00,29750.00,248,29750.00,29750.00,0.00
2026-06-24 09:53:31,29750.75,29755.25,29749.25,29751.75,164,29751.75,29751.75,0.00
2026-06-24 09:53:32,29751.75,29755.25,29751.00,29754.50,129,29754.50,29754.50,0.00
2026-06-24 09:53:33,29755.25,29761.00,29753.75,29759.50,135,29759.50,29759.50,0.00
2026-06-24 09:53:34,29758.25,29761.00,29756.25,29760.50,127,29760.50,29760.50,0.00
2026-06-24 09:53:35,29760.00,29764.25,29757.25,29763.50,169,29763.50,29763.50,0.00
2026-06-24 09:53:36,29763.50,29764.00,29758.75,29762.25,105,29762.25,29762.25,0.00
2026-06-24 09:53:37,29759.75,29762.00,29756.75,29757.50,120,29757.50,29757.50,0.00
2026-06-24 09:53:38,29756.75,29757.75,29753.50,29754.00,153,29754.00,29754.00,0.00
2026-06-24 09:53:39,29753.00,29753.00,29745.00,29746.75,246,29746.75,29746.75,0.00
2026-06-24 09:53:40,29747.00,29749.75,29744.00,29746.75,238,29746.75,29746.75,0.00
2026-06-24 09:53:41,29746.25,29754.00,29746.00,29752.75,137,29752.75,29752.75,0.00
2026-06-24 09:53:42,29753.00,29753.75,29751.25,29753.00,97,29753.00,29753.00,0.00
2026-06-24 09:53:43,29752.00,29752.50,29748.50,29750.50,104,29750.50,29750.50,0.00
2026-06-24 09:53:44,29750.25,29755.00,29749.50,29752.00,186,29752.00,29752.00,0.00
2026-06-24 09:53:45,29751.50,29759.50,29750.00,29756.50,117,29756.50,29756.50,0.00
2026-06-24 09:53:46,29756.25,29757.50,29753.00,29757.50,141,29757.50,29757.50,0.00
2026-06-24 09:53:47,29755.75,29757.25,29752.75,29753.25,96,29753.25,29753.25,0.00
2026-06-24 09:53:48,29753.75,29757.50,29751.50,29752.25,124,29752.25,29752.25,0.00
2026-06-24 09:53:49,29751.75,29754.75,29746.50,29747.75,181,29747.75,29747.75,0.00
2026-06-24 09:53:50,29749.25,29754.00,29748.75,29753.25,95,29753.25,29753.25,0.00
2026-06-24 09:53:51,29753.25,29758.50,29752.50,29757.00,125,29757.00,29757.00,0.00
2026-06-24 09:53:52,29756.50,29761.75,29756.50,29761.75,131,29761.75,29761.75,0.00
2026-06-24 09:53:53,29761.75,29768.00,29760.75,29766.50,211,29766.50,29766.50,0.00
2026-06-24 09:53:54,29767.25,29767.25,29760.50,29761.50,173,29761.50,29761.50,0.00
2026-06-24 09:53:55,29761.50,29766.75,29761.50,29764.75,187,29764.75,29764.75,0.00
2026-06-24 09:53:56,29765.25,29766.25,29762.50,29762.75,97,29762.75,29762.75,0.00
2026-06-24 09:53:57,29763.00,29768.00,29762.75,29767.25,158,29767.25,29767.25,0.00
2026-06-24 09:53:58,29767.25,29771.75,29766.75,29770.50,157,29770.50,29770.50,0.00
2026-06-24 09:53:59,29770.50,29774.75,29769.75,29774.25,172,29774.25,29774.25,0.00
2026-06-24 09:54:00,29773.50,29773.50,29768.25,29770.00,154,29770.00,29770.00,0.00
2026-06-24 09:54:01,29770.00,29770.25,29766.00,29769.50,214,29769.50,29769.50,0.00
2026-06-24 09:54:02,29770.00,29772.75,29768.25,29772.75,185,29772.75,29772.75,0.00
2026-06-24 09:54:03,29772.00,29772.75,29766.25,29767.00,172,29767.00,29767.00,0.00
2026-06-24 09:54:04,29767.00,29767.75,29762.00,29763.25,152,29763.25,29763.25,0.00
2026-06-24 09:54:05,29763.75,29767.50,29763.00,29764.25,126,29764.25,29764.25,0.00
2026-06-24 09:54:06,29764.75,29766.75,29760.75,29763.00,139,29763.00,29763.00,0.00
2026-06-24 09:54:07,29763.25,29768.75,29760.75,29768.25,116,29768.25,29768.25,0.00
2026-06-24 09:54:08,29768.00,29768.75,29764.75,29767.00,108,29767.00,29767.00,0.00
2026-06-24 09:54:09,29767.25,29770.75,29766.25,29770.50,109,29770.50,29770.50,0.00
2026-06-24 09:54:10,29770.75,29773.00,29770.25,29771.00,113,29771.00,29771.00,0.00
2026-06-24 09:54:11,29773.00,29774.75,29764.25,29765.00,231,29765.00,29765.00,0.00
2026-06-24 09:54:12,29765.50,29767.00,29762.50,29763.50,112,29763.50,29763.50,0.00
2026-06-24 09:54:13,29763.75,29769.50,29763.75,29769.25,73,29769.25,29769.25,0.00
2026-06-24 09:54:14,29769.50,29773.75,29768.50,29773.50,106,29773.50,29773.50,0.00
2026-06-24 09:54:15,29773.75,29775.50,29772.00,29772.25,126,29772.25,29772.25,0.00
2026-06-24 09:54:16,29772.75,29782.00,29772.75,29779.75,310,29779.75,29779.75,0.00
2026-06-24 09:54:17,29779.25,29787.50,29778.50,29784.25,435,29784.25,29784.25,0.00
2026-06-24 09:54:18,29783.75,29790.00,29781.00,29789.00,367,29789.00,29789.00,0.00
2026-06-24 09:54:19,29789.00,29790.00,29782.25,29783.25,333,29783.25,29783.25,0.00
2026-06-24 09:54:20,29783.25,29789.75,29782.75,29787.50,216,29787.50,29787.50,0.00
2026-06-24 09:54:21,29786.25,29787.00,29781.00,29787.00,246,29787.00,29787.00,0.00
2026-06-24 09:54:22,29786.25,29787.50,29783.50,29783.75,163,29783.75,29783.75,0.00
2026-06-24 09:54:23,29783.50,29786.75,29780.50,29782.75,185,29782.75,29782.75,0.00
2026-06-24 09:54:24,29783.25,29785.25,29781.50,29785.25,128,29785.25,29785.25,0.00
2026-06-24 09:54:25,29786.00,29786.00,29779.50,29781.50,174,29781.50,29781.50,0.00
2026-06-24 09:54:26,29781.25,29782.00,29776.25,29780.50,210,29780.50,29780.50,0.00
2026-06-24 09:54:27,29779.50,29779.50,29773.50,29773.50,179,29773.50,29773.50,0.00
2026-06-24 09:54:28,29774.50,29776.25,29772.50,29773.25,130,29773.25,29773.25,0.00
2026-06-24 09:54:29,29772.75,29777.25,29771.50,29776.00,152,29776.00,29776.00,0.00
2026-06-24 09:54:30,29776.50,29782.50,29776.50,29779.50,102,29779.50,29779.50,0.00
2026-06-24 09:54:31,29779.75,29781.75,29770.75,29770.75,122,29770.75,29770.75,0.00
2026-06-24 09:54:32,29771.50,29774.50,29771.25,29774.00,105,29774.00,29774.00,0.00
2026-06-24 09:54:33,29773.75,29775.75,29770.25,29773.50,160,29773.50,29773.50,0.00
2026-06-24 09:54:34,29772.50,29772.50,29764.00,29765.25,242,29765.25,29765.25,0.00
2026-06-24 09:54:35,29764.75,29768.00,29762.50,29763.25,182,29763.25,29763.25,0.00
2026-06-24 09:54:36,29762.75,29767.75,29758.25,29759.50,259,29759.50,29759.50,0.00
2026-06-24 09:54:37,29759.50,29763.75,29758.50,29762.75,187,29762.75,29762.75,0.00
2026-06-24 09:54:38,29762.50,29771.00,29761.50,29770.25,182,29770.25,29770.25,0.00
2026-06-24 09:54:39,29770.00,29776.25,29769.50,29775.50,421,29775.50,29775.50,0.00
2026-06-24 09:54:40,29775.75,29778.25,29769.50,29771.75,171,29771.75,29771.75,0.00
2026-06-24 09:54:41,29771.50,29777.00,29771.50,29777.00,115,29777.00,29777.00,0.00
2026-06-24 09:54:42,29777.50,29779.25,29775.00,29779.00,76,29779.00,29779.00,0.00
2026-06-24 09:54:43,29779.50,29780.00,29774.75,29775.00,159,29775.00,29775.00,0.00
2026-06-24 09:54:44,29775.25,29778.75,29775.00,29776.00,89,29776.00,29776.00,0.00
2026-06-24 09:54:45,29776.25,29779.50,29772.50,29773.25,201,29773.25,29773.25,0.00
2026-06-24 09:54:46,29773.50,29779.75,29771.50,29777.50,175,29777.50,29777.50,0.00
2026-06-24 09:54:47,29777.75,29778.25,29763.50,29765.25,189,29765.25,29765.25,0.00
2026-06-24 09:54:48,29765.00,29767.50,29763.75,29766.50,147,29766.50,29766.50,0.00
2026-06-24 09:54:49,29766.00,29771.25,29765.50,29769.00,147,29769.00,29769.00,0.00
2026-06-24 09:54:50,29769.25,29769.50,29765.25,29765.25,85,29765.25,29765.25,0.00
2026-06-24 09:54:51,29765.75,29766.50,29762.25,29765.50,120,29765.50,29765.50,0.00
2026-06-24 09:54:52,29765.25,29767.25,29761.75,29762.50,106,29762.50,29762.50,0.00
2026-06-24 09:54:53,29762.25,29764.50,29759.50,29763.00,133,29763.00,29763.00,0.00
2026-06-24 09:54:54,29764.25,29776.50,29764.25,29776.00,422,29776.00,29776.00,0.00
2026-06-24 09:54:55,29776.00,29776.25,29769.50,29769.50,165,29769.50,29769.50,0.00
2026-06-24 09:54:56,29769.75,29773.00,29769.25,29769.50,112,29769.50,29769.50,0.00
2026-06-24 09:54:57,29769.50,29770.50,29768.00,29769.25,70,29769.25,29769.25,0.00
2026-06-24 09:54:58,29768.50,29768.50,29765.00,29768.00,77,29768.00,29768.00,0.00
2026-06-24 09:54:59,29767.50,29768.25,29763.00,29764.50,223,29764.50,29764.50,0.00
2026-06-24 09:55:00,29764.00,29767.50,29763.75,29767.25,117,29767.25,29767.25,0.00
2026-06-24 09:55:01,29767.50,29770.75,29764.25,29767.00,289,29767.00,29767.00,0.00
2026-06-24 09:55:02,29767.00,29768.50,29760.00,29761.25,192,29761.25,29761.25,0.00
2026-06-24 09:55:03,29762.00,29762.75,29757.25,29761.25,227,29761.25,29761.25,0.00
2026-06-24 09:55:04,29761.00,29763.00,29756.25,29757.00,202,29757.00,29757.00,0.00
2026-06-24 09:55:05,29757.00,29759.25,29752.75,29753.50,201,29753.50,29753.50,0.00
2026-06-24 09:55:06,29754.00,29754.75,29747.75,29749.00,584,29749.00,29749.00,0.00
2026-06-24 09:55:07,29748.75,29750.75,29739.50,29742.00,650,29742.00,29742.00,0.00
2026-06-24 09:55:08,29742.50,29747.00,29736.50,29742.75,499,29742.75,29742.75,0.00
2026-06-24 09:55:09,29742.75,29743.25,29738.25,29738.25,297,29738.25,29738.25,0.00
2026-06-24 09:55:10,29739.25,29745.25,29738.00,29743.75,156,29743.75,29743.75,0.00
2026-06-24 09:55:11,29744.25,29746.75,29739.50,29745.50,165,29745.50,29745.50,0.00
2026-06-24 09:55:12,29745.75,29754.75,29745.75,29754.00,246,29754.00,29754.00,0.00
2026-06-24 09:55:13,29754.25,29754.75,29749.75,29752.25,222,29752.25,29752.25,0.00
2026-06-24 09:55:14,29750.25,29750.25,29746.00,29746.00,181,29746.00,29746.00,0.00
2026-06-24 09:55:15,29746.50,29752.50,29745.75,29748.00,111,29748.00,29748.00,0.00
2026-06-24 09:55:16,29748.50,29754.00,29748.50,29751.75,120,29751.75,29751.75,0.00
2026-06-24 09:55:17,29750.75,29753.75,29748.50,29749.25,119,29749.25,29749.25,0.00
2026-06-24 09:55:18,29749.75,29751.00,29743.50,29745.25,174,29745.25,29745.25,0.00
2026-06-24 09:55:19,29745.00,29746.75,29740.50,29741.25,186,29741.25,29741.25,0.00
2026-06-24 09:55:20,29741.25,29744.25,29741.00,29741.25,111,29741.25,29741.25,0.00
2026-06-24 09:55:21,29741.50,29742.50,29738.75,29739.75,142,29739.75,29739.75,0.00
2026-06-24 09:55:22,29740.00,29741.75,29735.00,29735.50,217,29735.50,29735.50,0.00
2026-06-24 09:55:23,29736.75,29738.00,29726.25,29728.50,414,29728.50,29728.50,0.00
2026-06-24 09:55:24,29728.25,29731.00,29726.25,29730.00,285,29730.00,29730.00,0.00
2026-06-24 09:55:25,29730.00,29730.50,29725.00,29726.00,246,29726.00,29726.00,0.00
2026-06-24 09:55:26,29726.50,29729.25,29723.75,29726.00,231,29726.00,29726.00,0.00
2026-06-24 09:55:27,29725.25,29730.25,29725.00,29728.00,198,29728.00,29728.00,0.00
2026-06-24 09:55:28,29728.00,29731.50,29727.25,29729.75,206,29729.75,29729.75,0.00
2026-06-24 09:55:29,29729.50,29732.00,29725.50,29731.50,181,29731.50,29731.50,0.00
2026-06-24 09:55:30,29730.75,29733.25,29728.75,29730.25,169,29730.25,29730.25,0.00
2026-06-24 09:55:31,29730.75,29730.75,29725.25,29727.50,204,29727.50,29727.50,0.00
2026-06-24 09:55:32,29727.50,29727.50,29718.75,29720.00,305,29720.00,29720.00,0.00
2026-06-24 09:55:33,29720.25,29721.00,29713.50,29715.75,426,29715.75,29715.75,0.00
2026-06-24 09:55:34,29715.75,29716.75,29712.00,29715.25,276,29715.25,29715.25,0.00
2026-06-24 09:55:35,29715.75,29723.50,29714.00,29720.00,312,29720.00,29720.00,0.00
2026-06-24 09:55:36,29719.75,29720.50,29714.00,29714.00,230,29714.00,29714.00,0.00
2026-06-24 09:55:37,29714.25,29716.75,29710.25,29711.75,255,29711.75,29711.75,0.00
2026-06-24 09:55:38,29711.25,29712.00,29707.50,29710.75,303,29710.75,29710.75,0.00
2026-06-24 09:55:39,29709.25,29714.00,29708.00,29710.00,230,29710.00,29710.00,0.00
2026-06-24 09:55:40,29710.00,29715.00,29710.00,29711.75,218,29711.75,29711.75,0.00
2026-06-24 09:55:41,29712.00,29716.50,29710.00,29712.25,188,29712.25,29712.25,0.00
2026-06-24 09:55:42,29712.25,29713.00,29704.25,29704.50,437,29704.50,29704.50,0.00
2026-06-24 09:55:43,29704.75,29709.00,29704.75,29707.00,240,29707.00,29707.00,0.00
2026-06-24 09:55:44,29706.75,29709.00,29704.75,29706.50,190,29706.50,29706.50,0.00
2026-06-24 09:55:45,29706.50,29714.00,29705.75,29709.50,223,29709.50,29709.50,0.00
2026-06-24 09:55:46,29709.75,29713.25,29708.25,29712.75,175,29712.75,29712.75,0.00
2026-06-24 09:55:47,29713.00,29713.25,29707.50,29709.50,182,29709.50,29709.50,0.00
2026-06-24 09:55:48,29710.75,29713.75,29697.75,29699.50,535,29699.50,29699.50,0.00
2026-06-24 09:55:49,29700.00,29703.25,29697.75,29700.50,225,29700.50,29700.50,0.00
2026-06-24 09:55:50,29700.75,29701.50,29697.50,29698.25,137,29698.25,29698.25,0.00
2026-06-24 09:55:51,29697.75,29703.75,29697.00,29703.50,206,29703.50,29703.50,0.00
2026-06-24 09:55:52,29702.75,29705.50,29699.25,29701.25,250,29701.25,29701.25,0.00
2026-06-24 09:55:53,29701.00,29707.50,29700.50,29702.00,264,29702.00,29702.00,0.00
2026-06-24 09:55:54,29702.50,29703.50,29697.50,29702.50,157,29702.50,29702.50,0.00
2026-06-24 09:55:55,29702.75,29711.50,29700.50,29710.00,243,29710.00,29710.00,0.00
2026-06-24 09:55:56,29710.00,29714.50,29708.25,29714.00,259,29714.00,29714.00,0.00
2026-06-24 09:55:57,29714.25,29716.75,29713.25,29713.50,251,29713.50,29713.50,0.00
2026-06-24 09:55:58,29714.25,29719.00,29714.25,29717.50,250,29717.50,29717.50,0.00
2026-06-24 09:55:59,29717.75,29718.50,29715.50,29716.25,170,29716.25,29716.25,0.00
2026-06-24 09:56:00,29716.25,29717.00,29711.00,29715.00,167,29715.00,29715.00,0.00
2026-06-24 09:56:01,29715.25,29721.75,29715.00,29720.50,206,29720.50,29720.50,0.00
2026-06-24 09:56:02,29720.25,29725.50,29719.75,29722.25,305,29722.25,29722.25,0.00
2026-06-24 09:56:03,29722.75,29727.25,29721.50,29724.75,236,29724.75,29724.75,0.00
2026-06-24 09:56:04,29725.50,29725.50,29716.75,29718.25,290,29718.25,29718.25,0.00
2026-06-24 09:56:05,29717.75,29724.25,29717.00,29724.25,203,29724.25,29724.25,0.00
2026-06-24 09:56:06,29723.25,29723.75,29716.25,29717.00,145,29717.00,29717.00,0.00
2026-06-24 09:56:07,29717.25,29718.00,29712.50,29714.25,183,29714.25,29714.25,0.00
2026-06-24 09:56:08,29713.75,29719.50,29711.25,29715.75,265,29715.75,29715.75,0.00
2026-06-24 09:56:09,29716.25,29719.00,29714.75,29716.75,146,29716.75,29716.75,0.00
2026-06-24 09:56:10,29716.00,29720.50,29716.00,29720.50,72,29720.50,29720.50,0.00
2026-06-24 09:56:11,29721.25,29721.25,29711.00,29712.50,137,29712.50,29712.50,0.00
2026-06-24 09:56:12,29711.00,29713.50,29709.75,29711.25,215,29711.25,29711.25,0.00
2026-06-24 09:56:13,29712.25,29715.25,29703.50,29703.50,261,29703.50,29703.50,0.00
2026-06-24 09:56:14,29703.00,29704.25,29694.25,29694.25,402,29694.25,29694.25,0.00
2026-06-24 09:56:15,29694.75,29701.00,29694.25,29698.50,407,29698.50,29698.50,0.00
2026-06-24 09:56:16,29698.50,29699.00,29691.25,29691.75,289,29691.75,29691.75,0.00
2026-06-24 09:56:17,29692.00,29693.00,29685.25,29687.50,453,29687.50,29687.50,0.00
2026-06-24 09:56:18,29688.25,29690.75,29686.00,29687.50,291,29687.50,29687.50,0.00
2026-06-24 09:56:19,29688.50,29689.75,29685.25,29687.50,179,29687.50,29687.50,0.00
2026-06-24 09:56:20,29687.00,29692.75,29686.75,29691.50,200,29691.50,29691.50,0.00
2026-06-24 09:56:21,29691.75,29694.75,29689.25,29693.50,205,29693.50,29693.50,0.00
2026-06-24 09:56:22,29693.50,29696.50,29689.50,29689.50,190,29689.50,29689.50,0.00
2026-06-24 09:56:23,29689.75,29693.25,29687.50,29690.75,140,29690.75,29690.75,0.00
2026-06-24 09:56:24,29691.25,29694.00,29690.25,29692.75,155,29692.75,29692.75,0.00
2026-06-24 09:56:25,29692.25,29698.75,29692.25,29697.75,180,29697.75,29697.75,0.00
2026-06-24 09:56:26,29698.50,29700.50,29694.25,29699.50,150,29699.50,29699.50,0.00
2026-06-24 09:56:27,29699.50,29707.00,29699.00,29706.50,210,29706.50,29706.50,0.00
2026-06-24 09:56:28,29707.00,29709.25,29705.00,29709.00,211,29709.00,29709.00,0.00
2026-06-24 09:56:29,29709.25,29711.25,29704.25,29710.00,214,29710.00,29710.00,0.00
2026-06-24 09:56:30,29710.25,29710.25,29703.25,29704.50,155,29704.50,29704.50,0.00
2026-06-24 09:56:31,29704.75,29706.75,29700.00,29701.25,159,29701.25,29701.25,0.00
2026-06-24 09:56:32,29702.00,29704.00,29700.25,29703.25,86,29703.25,29703.25,0.00
2026-06-24 09:56:33,29702.00,29704.00,29698.00,29701.75,132,29701.75,29701.75,0.00
2026-06-24 09:56:34,29701.25,29701.25,29692.00,29694.50,145,29694.50,29694.50,0.00
2026-06-24 09:56:35,29695.00,29704.00,29694.50,29702.75,155,29702.75,29702.75,0.00
2026-06-24 09:56:36,29703.75,29707.75,29703.75,29706.50,275,29706.50,29706.50,0.00
2026-06-24 09:56:37,29707.00,29709.00,29703.75,29706.75,112,29706.75,29706.75,0.00
2026-06-24 09:56:38,29706.50,29712.25,29704.25,29711.50,155,29711.50,29711.50,0.00
2026-06-24 09:56:39,29711.75,29718.00,29709.25,29717.25,191,29717.25,29717.25,0.00
2026-06-24 09:56:40,29715.50,29719.50,29712.50,29717.75,263,29717.75,29717.75,0.00
2026-06-24 09:56:41,29717.75,29721.50,29713.75,29720.25,281,29720.25,29720.25,0.00
2026-06-24 09:56:42,29719.50,29720.00,29714.50,29716.25,163,29716.25,29716.25,0.00
2026-06-24 09:56:43,29716.50,29716.50,29708.25,29711.50,299,29711.50,29711.50,0.00
2026-06-24 09:56:44,29711.50,29712.00,29694.25,29694.50,286,29694.50,29694.50,0.00
2026-06-24 09:56:45,29694.75,29696.75,29693.50,29695.50,150,29695.50,29695.50,0.00
2026-06-24 09:56:46,29695.50,29700.75,29694.50,29699.00,169,29699.00,29699.00,0.00
2026-06-24 09:56:47,29698.75,29701.75,29697.25,29700.00,134,29700.00,29700.00,0.00
2026-06-24 09:56:48,29699.75,29702.00,29696.25,29697.25,119,29697.25,29697.25,0.00
2026-06-24 09:56:49,29696.75,29699.25,29690.50,29692.50,153,29692.50,29692.50,0.00
2026-06-24 09:56:50,29691.75,29693.25,29690.00,29691.25,106,29691.25,29691.25,0.00
2026-06-24 09:56:51,29691.75,29696.25,29691.50,29693.75,156,29693.75,29693.75,0.00
2026-06-24 09:56:52,29693.75,29700.50,29692.75,29698.25,146,29698.25,29698.25,0.00
2026-06-24 09:56:53,29698.25,29701.50,29696.50,29698.25,120,29698.25,29698.25,0.00
2026-06-24 09:56:54,29698.50,29698.50,29694.00,29697.25,108,29697.25,29697.25,0.00
2026-06-24 09:56:55,29697.00,29699.00,29694.25,29696.25,137,29696.25,29696.25,0.00
2026-06-24 09:56:56,29696.00,29697.75,29693.25,29694.50,103,29694.50,29694.50,0.00
2026-06-24 09:56:57,29694.50,29697.50,29690.50,29696.00,143,29696.00,29696.00,0.00
2026-06-24 09:56:58,29695.25,29695.50,29688.50,29688.75,106,29688.75,29688.75,0.00
2026-06-24 09:56:59,29688.75,29689.75,29687.25,29688.75,169,29688.75,29688.75,0.00
2026-06-24 09:57:00,29690.25,29692.00,29688.25,29691.25,132,29691.25,29691.25,0.00
2026-06-24 09:57:01,29690.75,29698.50,29690.50,29697.75,236,29697.75,29697.75,0.00
2026-06-24 09:57:02,29697.25,29703.50,29696.50,29702.00,202,29702.00,29702.00,0.00
2026-06-24 09:57:03,29701.00,29704.00,29698.25,29702.00,207,29702.00,29702.00,0.00
2026-06-24 09:57:04,29701.50,29702.50,29693.75,29697.00,199,29697.00,29697.00,0.00
2026-06-24 09:57:05,29697.00,29697.75,29691.75,29695.00,188,29695.00,29695.00,0.00
2026-06-24 09:57:06,29694.75,29700.25,29692.50,29698.50,169,29698.50,29698.50,0.00
2026-06-24 09:57:07,29697.50,29700.75,29696.00,29696.00,111,29696.00,29696.00,0.00
2026-06-24 09:57:08,29696.00,29698.25,29690.00,29692.00,114,29692.00,29692.00,0.00
2026-06-24 09:57:09,29691.50,29694.25,29690.25,29694.25,121,29694.25,29694.25,0.00
2026-06-24 09:57:10,29693.50,29699.50,29692.25,29699.25,161,29699.25,29699.25,0.00
2026-06-24 09:57:11,29700.00,29701.25,29698.50,29699.75,104,29699.75,29699.75,0.00
2026-06-24 09:57:12,29700.00,29710.00,29700.00,29707.00,290,29707.00,29707.00,0.00
2026-06-24 09:57:13,29706.50,29710.00,29706.50,29709.50,225,29709.50,29709.50,0.00
2026-06-24 09:57:14,29709.00,29712.75,29708.25,29708.25,193,29708.25,29708.25,0.00
2026-06-24 09:57:15,29708.50,29715.25,29708.50,29710.00,229,29710.00,29710.00,0.00
2026-06-24 09:57:16,29710.75,29711.25,29706.25,29710.00,229,29710.00,29710.00,0.00
2026-06-24 09:57:17,29710.00,29710.25,29704.00,29705.75,128,29705.75,29705.75,0.00
2026-06-24 09:57:18,29705.75,29709.25,29702.75,29703.25,179,29703.25,29703.25,0.00
2026-06-24 09:57:19,29703.25,29704.25,29696.50,29699.00,193,29699.00,29699.00,0.00
2026-06-24 09:57:20,29698.75,29701.00,29698.00,29698.50,111,29698.50,29698.50,0.00
2026-06-24 09:57:21,29698.25,29705.75,29696.75,29703.25,188,29703.25,29703.25,0.00
2026-06-24 09:57:22,29702.50,29706.50,29701.75,29705.00,117,29705.00,29705.00,0.00
2026-06-24 09:57:23,29706.25,29712.00,29702.00,29708.25,239,29708.25,29708.25,0.00
2026-06-24 09:57:24,29708.00,29712.25,29707.25,29708.75,196,29708.75,29708.75,0.00
2026-06-24 09:57:25,29709.00,29710.75,29707.75,29708.00,98,29708.00,29708.00,0.00
2026-06-24 09:57:26,29708.00,29714.00,29706.50,29710.50,287,29710.50,29710.50,0.00
2026-06-24 09:57:27,29709.50,29713.00,29707.50,29712.00,106,29712.00,29712.00,0.00
2026-06-24 09:57:28,29712.00,29716.75,29712.00,29712.75,235,29712.75,29712.75,0.00
2026-06-24 09:57:29,29713.50,29717.50,29712.50,29715.50,250,29715.50,29715.50,0.00
2026-06-24 09:57:30,29715.75,29718.50,29709.00,29709.75,240,29709.75,29709.75,0.00
2026-06-24 09:57:31,29710.00,29715.25,29708.75,29714.75,145,29714.75,29714.75,0.00
2026-06-24 09:57:32,29715.00,29715.50,29704.75,29706.00,209,29706.00,29706.00,0.00
2026-06-24 09:57:33,29706.50,29710.00,29701.75,29703.00,142,29703.00,29703.00,0.00
2026-06-24 09:57:34,29702.75,29707.00,29701.00,29706.50,126,29706.50,29706.50,0.00
2026-06-24 09:57:35,29706.75,29710.00,29700.50,29701.25,138,29701.25,29701.25,0.00
2026-06-24 09:57:36,29701.50,29702.25,29696.00,29696.25,251,29696.25,29696.25,0.00
2026-06-24 09:57:37,29696.50,29699.25,29694.50,29696.50,177,29696.50,29696.50,0.00
2026-06-24 09:57:38,29696.75,29699.50,29687.75,29688.50,297,29688.50,29688.50,0.00
2026-06-24 09:57:39,29688.75,29692.75,29688.00,29691.25,249,29691.25,29691.25,0.00
2026-06-24 09:57:40,29691.00,29691.00,29680.00,29681.00,505,29681.00,29681.00,0.00
2026-06-24 09:57:41,29680.75,29683.25,29680.00,29682.25,268,29682.25,29682.25,0.00
2026-06-24 09:57:42,29681.50,29684.25,29676.25,29683.75,320,29683.75,29683.75,0.00
2026-06-24 09:57:43,29684.00,29684.25,29679.25,29680.75,216,29680.75,29680.75,0.00
2026-06-24 09:57:44,29680.00,29681.50,29678.50,29679.75,152,29679.75,29679.75,0.00
2026-06-24 09:57:45,29679.50,29682.25,29673.75,29674.50,341,29674.50,29674.50,0.00
2026-06-24 09:57:46,29675.50,29680.00,29673.75,29677.00,223,29677.00,29677.00,0.00
2026-06-24 09:57:47,29677.50,29679.50,29675.00,29677.75,188,29677.75,29677.75,0.00
2026-06-24 09:57:48,29678.75,29684.00,29678.25,29682.25,198,29682.25,29682.25,0.00
2026-06-24 09:57:49,29682.25,29683.50,29680.00,29681.25,85,29681.25,29681.25,0.00
2026-06-24 09:57:50,29681.75,29681.75,29677.25,29678.25,200,29678.25,29678.25,0.00
2026-06-24 09:57:51,29678.00,29681.25,29675.50,29680.50,127,29680.50,29680.50,0.00
2026-06-24 09:57:52,29680.25,29681.50,29677.00,29677.75,70,29677.75,29677.75,0.00
2026-06-24 09:57:53,29678.00,29682.75,29676.50,29678.00,99,29678.00,29678.00,0.00
2026-06-24 09:57:54,29678.00,29687.50,29678.00,29686.50,167,29686.50,29686.50,0.00
2026-06-24 09:57:55,29686.50,29689.50,29686.50,29689.00,132,29689.00,29689.00,0.00
2026-06-24 09:57:56,29688.50,29691.00,29685.25,29685.50,140,29685.50,29685.50,0.00
2026-06-24 09:57:57,29686.00,29688.25,29684.50,29686.75,122,29686.75,29686.75,0.00
2026-06-24 09:57:58,29687.00,29689.50,29686.00,29687.75,68,29687.75,29687.75,0.00
2026-06-24 09:57:59,29688.25,29689.50,29686.75,29687.00,47,29687.00,29687.00,0.00
2026-06-24 09:58:00,29686.50,29691.50,29686.50,29690.25,85,29690.25,29690.25,0.00
2026-06-24 09:58:01,29690.00,29693.50,29688.00,29689.00,139,29689.00,29689.00,0.00
2026-06-24 09:58:02,29687.50,29691.00,29687.25,29690.00,84,29690.00,29690.00,0.00
2026-06-24 09:58:03,29689.25,29693.25,29685.50,29686.75,186,29686.75,29686.75,0.00
2026-06-24 09:58:04,29686.75,29687.75,29682.75,29683.75,113,29683.75,29683.75,0.00
2026-06-24 09:58:05,29684.25,29686.25,29681.50,29685.25,90,29685.25,29685.25,0.00
2026-06-24 09:58:06,29684.75,29684.75,29681.75,29683.00,68,29683.00,29683.00,0.00
2026-06-24 09:58:07,29684.50,29685.50,29678.00,29678.75,123,29678.75,29678.75,0.00
2026-06-24 09:58:08,29678.50,29680.75,29677.00,29677.50,119,29677.50,29677.50,0.00
2026-06-24 09:58:09,29677.75,29681.25,29677.25,29680.75,138,29680.75,29680.75,0.00
2026-06-24 09:58:10,29680.50,29683.75,29680.50,29682.00,62,29682.00,29682.00,0.00
2026-06-24 09:58:11,29682.00,29682.25,29675.25,29676.50,166,29676.50,29676.50,0.00
2026-06-24 09:58:12,29676.25,29676.75,29670.75,29673.25,365,29673.25,29673.25,0.00
2026-06-24 09:58:13,29674.50,29674.50,29671.75,29673.75,110,29673.75,29673.75,0.00
2026-06-24 09:58:14,29673.50,29676.00,29672.50,29675.25,106,29675.25,29675.25,0.00
2026-06-24 09:58:15,29674.75,29675.50,29672.75,29674.25,127,29674.25,29674.25,0.00
2026-06-24 09:58:16,29673.50,29673.50,29666.50,29670.25,314,29670.25,29670.25,0.00
2026-06-24 09:58:17,29669.50,29681.25,29669.50,29679.75,229,29679.75,29679.75,0.00
2026-06-24 09:58:18,29680.25,29681.25,29677.50,29680.50,148,29680.50,29680.50,0.00
2026-06-24 09:58:19,29681.50,29682.75,29679.75,29680.25,123,29680.25,29680.25,0.00
2026-06-24 09:58:20,29680.50,29684.50,29680.25,29684.00,95,29684.00,29684.00,0.00
2026-06-24 09:58:21,29684.50,29687.00,29684.00,29685.25,127,29685.25,29685.25,0.00
2026-06-24 09:58:22,29685.75,29689.25,29685.75,29687.75,121,29687.75,29687.75,0.00
2026-06-24 09:58:23,29687.50,29690.25,29682.75,29689.50,143,29689.50,29689.50,0.00
2026-06-24 09:58:24,29689.00,29694.25,29687.50,29691.50,154,29691.50,29691.50,0.00
2026-06-24 09:58:25,29689.75,29694.25,29687.00,29690.50,165,29690.50,29690.50,0.00
2026-06-24 09:58:26,29691.25,29692.50,29689.75,29690.75,88,29690.75,29690.75,0.00
2026-06-24 09:58:27,29690.50,29691.75,29687.00,29688.25,111,29688.25,29688.25,0.00
2026-06-24 09:58:28,29688.25,29689.25,29684.25,29687.25,76,29687.25,29687.25,0.00
2026-06-24 09:58:29,29686.75,29690.00,29685.50,29688.75,96,29688.75,29688.75,0.00
2026-06-24 09:58:30,29688.50,29689.75,29685.25,29687.00,49,29687.00,29687.00,0.00
2026-06-24 09:58:31,29686.75,29689.00,29686.00,29687.00,99,29687.00,29687.00,0.00
2026-06-24 09:58:32,29687.50,29692.75,29687.50,29692.75,50,29692.75,29692.75,0.00
2026-06-24 09:58:33,29693.00,29698.25,29693.00,29697.50,168,29697.50,29697.50,0.00
2026-06-24 09:58:34,29696.00,29699.00,29692.00,29698.75,175,29698.75,29698.75,0.00
2026-06-24 09:58:35,29698.75,29701.75,29698.75,29701.75,207,29701.75,29701.75,0.00
2026-06-24 09:58:36,29701.50,29704.00,29700.00,29702.75,196,29702.75,29702.75,0.00
2026-06-24 09:58:37,29703.50,29703.50,29698.50,29700.25,179,29700.25,29700.25,0.00
2026-06-24 09:58:38,29700.00,29700.50,29693.75,29694.75,125,29694.75,29694.75,0.00
2026-06-24 09:58:39,29694.50,29697.50,29693.75,29695.75,90,29695.75,29695.75,0.00
2026-06-24 09:58:40,29695.75,29699.50,29695.00,29696.25,94,29696.25,29696.25,0.00
2026-06-24 09:58:41,29697.25,29700.50,29697.00,29699.00,89,29699.00,29699.00,0.00
2026-06-24 09:58:42,29699.00,29703.00,29695.75,29697.00,73,29697.00,29697.00,0.00
2026-06-24 09:58:43,29696.50,29706.00,29695.25,29704.00,155,29704.00,29704.00,0.00
2026-06-24 09:58:44,29705.25,29706.25,29703.75,29705.50,84,29705.50,29705.50,0.00
2026-06-24 09:58:45,29704.50,29704.75,29700.75,29700.75,102,29700.75,29700.75,0.00
2026-06-24 09:58:46,29700.75,29702.75,29698.50,29700.50,82,29700.50,29700.50,0.00
2026-06-24 09:58:47,29700.25,29701.25,29693.50,29697.75,145,29697.75,29697.75,0.00
2026-06-24 09:58:48,29697.50,29702.75,29697.50,29700.50,46,29700.50,29700.50,0.00
2026-06-24 09:58:49,29700.50,29703.25,29700.00,29701.25,70,29701.25,29701.25,0.00
2026-06-24 09:58:50,29702.50,29706.00,29702.00,29703.75,107,29703.75,29703.75,0.00
2026-06-24 09:58:51,29705.00,29706.00,29700.25,29701.00,115,29701.00,29701.00,0.00
2026-06-24 09:58:52,29700.50,29700.50,29695.75,29697.50,79,29697.50,29697.50,0.00
2026-06-24 09:58:53,29698.00,29699.75,29697.25,29698.75,34,29698.75,29698.75,0.00
2026-06-24 09:58:54,29699.00,29706.25,29698.25,29705.25,92,29705.25,29705.25,0.00
2026-06-24 09:58:55,29704.50,29707.25,29704.50,29704.50,72,29704.50,29704.50,0.00
2026-06-24 09:58:56,29704.25,29707.00,29704.25,29706.50,66,29706.50,29706.50,0.00
2026-06-24 09:58:57,29705.50,29711.00,29705.25,29709.50,234,29709.50,29709.50,0.00
2026-06-24 09:58:58,29710.25,29711.50,29707.25,29709.00,108,29709.00,29709.00,0.00
2026-06-24 09:58:59,29709.50,29709.75,29703.50,29704.75,87,29704.75,29704.75,0.00
2026-06-24 09:59:00,29704.75,29705.25,29701.50,29703.00,59,29703.00,29703.00,0.00
2026-06-24 09:59:01,29702.00,29705.25,29701.00,29702.00,50,29702.00,29702.00,0.00
2026-06-24 09:59:02,29701.75,29713.25,29701.50,29712.50,140,29712.50,29712.50,0.00
2026-06-24 09:59:03,29712.00,29723.00,29711.25,29716.50,404,29716.50,29716.50,0.00
2026-06-24 09:59:04,29716.50,29722.00,29715.00,29717.50,247,29717.50,29717.50,0.00
2026-06-24 09:59:05,29717.25,29719.25,29713.00,29717.50,143,29717.50,29717.50,0.00
2026-06-24 09:59:06,29716.50,29718.25,29712.50,29713.75,70,29713.75,29713.75,0.00
2026-06-24 09:59:07,29713.00,29715.50,29712.00,29712.00,75,29712.00,29712.00,0.00
2026-06-24 09:59:08,29712.00,29715.00,29710.00,29714.00,90,29714.00,29714.00,0.00
2026-06-24 09:59:09,29713.75,29713.75,29710.00,29710.50,48,29710.50,29710.50,0.00
2026-06-24 09:59:10,29710.50,29715.50,29710.00,29714.50,64,29714.50,29714.50,0.00
2026-06-24 09:59:11,29715.25,29717.25,29712.75,29714.25,93,29714.25,29714.25,0.00
2026-06-24 09:59:12,29714.00,29719.00,29714.00,29714.50,102,29714.50,29714.50,0.00
2026-06-24 09:59:13,29715.25,29715.50,29709.25,29712.50,100,29712.50,29712.50,0.00
2026-06-24 09:59:14,29712.25,29714.75,29711.25,29711.75,50,29711.75,29711.75,0.00
2026-06-24 09:59:15,29712.25,29715.25,29704.25,29705.50,171,29705.50,29705.50,0.00
2026-06-24 09:59:16,29705.50,29706.50,29696.25,29696.75,215,29696.75,29696.75,0.00
2026-06-24 09:59:17,29696.50,29702.25,29694.00,29701.25,162,29701.25,29701.25,0.00
2026-06-24 09:59:18,29701.00,29702.00,29699.25,29702.00,41,29702.00,29702.00,0.00
2026-06-24 09:59:19,29703.25,29710.50,29703.25,29708.00,93,29708.00,29708.00,0.00
2026-06-24 09:59:20,29709.25,29711.25,29708.25,29709.25,52,29709.25,29709.25,0.00
2026-06-24 09:59:21,29709.25,29709.25,29706.00,29707.50,40,29707.50,29707.50,0.00
2026-06-24 09:59:22,29707.50,29707.75,29700.75,29701.25,76,29701.25,29701.25,0.00
2026-06-24 09:59:23,29700.25,29700.50,29696.50,29698.25,67,29698.25,29698.25,0.00
2026-06-24 09:59:24,29696.50,29701.75,29695.75,29700.25,82,29700.25,29700.25,0.00
2026-06-24 09:59:25,29700.00,29700.00,29693.75,29694.50,118,29694.50,29694.50,0.00
2026-06-24 09:59:26,29695.50,29696.75,29691.00,29691.25,118,29691.25,29691.25,0.00
2026-06-24 09:59:27,29691.00,29693.00,29688.00,29690.75,199,29690.75,29690.75,0.00
2026-06-24 09:59:28,29691.00,29698.00,29690.75,29698.00,104,29698.00,29698.00,0.00
2026-06-24 09:59:29,29698.25,29701.25,29696.50,29701.25,45,29701.25,29701.25,0.00
2026-06-24 09:59:30,29700.50,29700.75,29696.25,29697.75,38,29697.75,29697.75,0.00
2026-06-24 09:59:31,29698.75,29701.50,29697.00,29698.25,35,29698.25,29698.25,0.00
2026-06-24 09:59:32,29698.50,29698.50,29697.00,29698.00,32,29698.00,29698.00,0.00
2026-06-24 09:59:33,29702.25,29705.00,29693.75,29696.75,143,29696.75,29696.75,0.00
2026-06-24 09:59:34,29696.25,29696.25,29692.50,29694.25,42,29694.25,29694.25,0.00
2026-06-24 09:59:35,29694.25,29694.25,29687.00,29687.25,105,29687.25,29687.25,0.00
2026-06-24 09:59:36,29686.75,29689.00,29683.25,29687.75,155,29687.75,29687.75,0.00
2026-06-24 09:59:37,29687.75,29688.75,29682.00,29683.75,108,29683.75,29683.75,0.00
2026-06-24 09:59:38,29684.00,29684.00,29678.50,29679.50,110,29679.50,29679.50,0.00
2026-06-24 09:59:39,29680.75,29685.00,29680.75,29683.00,115,29683.00,29683.00,0.00
2026-06-24 09:59:40,29683.75,29685.75,29679.75,29681.50,98,29681.50,29681.50,0.00
2026-06-24 09:59:41,29681.50,29682.50,29677.25,29681.25,82,29681.25,29681.25,0.00
2026-06-24 09:59:42,29681.50,29686.75,29678.75,29684.25,118,29684.25,29684.25,0.00
2026-06-24 09:59:43,29683.50,29688.50,29682.75,29687.25,62,29687.25,29687.25,0.00
2026-06-24 09:59:44,29686.00,29687.25,29684.50,29685.75,46,29685.75,29685.75,0.00
2026-06-24 09:59:45,29685.25,29686.00,29680.75,29680.75,82,29680.75,29680.75,0.00
2026-06-24 09:59:46,29681.50,29687.25,29680.50,29682.75,72,29682.75,29682.75,0.00
2026-06-24 09:59:47,29684.00,29690.00,29683.50,29689.50,58,29689.50,29689.50,0.00
2026-06-24 09:59:48,29689.75,29689.75,29684.25,29686.25,55,29686.25,29686.25,0.00
2026-06-24 09:59:49,29686.25,29689.50,29685.00,29688.00,68,29688.00,29688.00,0.00
2026-06-24 09:59:50,29686.25,29691.75,29685.75,29688.50,73,29688.50,29688.50,0.00
2026-06-24 09:59:51,29686.75,29692.75,29686.75,29689.75,39,29689.75,29689.75,0.00
2026-06-24 09:59:52,29691.00,29694.50,29691.00,29693.00,75,29693.00,29693.00,0.00
2026-06-24 09:59:53,29694.00,29695.25,29691.25,29691.25,52,29691.25,29691.25,0.00
2026-06-24 09:59:54,29691.50,29696.75,29690.75,29695.00,98,29695.00,29695.00,0.00
2026-06-24 09:59:55,29693.00,29693.00,29688.75,29688.75,29,29688.75,29688.75,0.00
2026-06-24 09:59:56,29689.75,29691.75,29687.75,29690.00,52,29690.00,29690.00,0.00
2026-06-24 09:59:57,29690.25,29690.25,29685.75,29686.50,39,29686.50,29686.50,0.00
2026-06-24 09:59:58,29686.50,29687.25,29683.75,29686.75,47,29686.75,29686.75,0.00
2026-06-24 09:59:59,29684.75,29687.75,29682.00,29685.00,103,29685.00,29685.00,0.00
2026-06-24 10:00:00,29685.50,29688.50,29684.25,29686.25,56,29685.50,29687.25,1.75
2026-06-24 10:00:01,29684.50,29697.00,29684.50,29685.75,356,29681.25,29686.00,4.75
2026-06-24 10:00:02,29687.50,29687.75,29679.75,29684.50,266,29675.25,29677.25,2.00
2026-06-24 10:00:03,29681.50,29691.25,29675.00,29675.25,242,29680.25,29681.50,1.25
2026-06-24 10:00:04,29676.50,29681.75,29669.00,29680.25,232,29676.50,29678.25,1.75
2026-06-24 10:00:05,29680.25,29680.75,29671.50,29677.75,213,29673.25,29674.50,1.25
2026-06-24 10:00:06,29677.50,29680.00,29672.75,29674.25,118,29670.75,29672.00,1.25
2026-06-24 10:00:07,29673.00,29673.75,29669.00,29670.75,123,29687.75,29689.25,1.50
2026-06-24 10:00:08,29670.50,29688.75,29669.75,29686.75,211,29680.00,29681.25,1.25
2026-06-24 10:00:09,29687.75,29690.75,29680.00,29680.00,143,29677.50,29679.25,1.75
2026-06-24 10:00:10,29681.25,29685.25,29674.00,29678.50,119,29691.75,29693.00,1.25
2026-06-24 10:00:11,29677.50,29693.50,29674.00,29692.75,120,29691.50,29692.50,1.00
2026-06-24 10:00:12,29693.00,29705.25,29690.50,29691.75,437,29693.75,29694.75,1.00
2026-06-24 10:00:13,29694.00,29699.75,29690.00,29694.75,140,29696.00,29697.25,1.25
2026-06-24 10:00:14,29693.75,29697.50,29691.50,29696.50,123,29699.50,29700.75,1.25
2026-06-24 10:00:15,29697.25,29703.00,29696.50,29699.50,138,29699.00,29700.00,1.00
2026-06-24 10:00:16,29700.75,29701.25,29695.75,29699.75,121,29710.75,29711.75,1.00
2026-06-24 10:00:17,29700.00,29715.75,29700.00,29711.50,414,29710.50,29712.00,1.50
2026-06-24 10:00:18,29712.00,29718.25,29707.75,29712.00,229,29705.00,29706.00,1.00
2026-06-24 10:00:19,29709.75,29711.50,29702.50,29705.00,257,29701.00,29702.25,1.25
2026-06-24 10:00:20,29705.75,29706.75,29694.00,29700.75,188,29692.25,29693.25,1.00
2026-06-24 10:00:21,29702.25,29704.50,29690.50,29692.25,127,29693.00,29694.00,1.00
2026-06-24 10:00:22,29693.25,29694.75,29689.50,29691.75,82,29683.75,29684.25,0.50
2026-06-24 10:00:23,29693.00,29693.75,29683.75,29684.75,124,29682.25,29683.50,1.25
2026-06-24 10:00:24,29683.75,29684.75,29675.00,29683.25,193,29677.75,29678.50,0.75
2026-06-24 10:00:25,29682.25,29686.00,29677.00,29677.00,214,29681.75,29682.75,1.00
2026-06-24 10:00:26,29678.25,29683.25,29676.75,29682.00,99,29684.50,29685.50,1.00
2026-06-24 10:00:27,29681.75,29686.25,29677.00,29683.75,94,29684.75,29686.25,1.50
2026-06-24 10:00:28,29686.00,29688.00,29680.00,29685.00,91,29690.00,29691.00,1.00
2026-06-24 10:00:29,29684.75,29691.75,29681.50,29690.75,85,29698.00,29699.25,1.25
2026-06-24 10:00:30,29691.00,29701.00,29690.50,29699.25,148,29694.25,29695.25,1.00
2026-06-24 10:00:31,29699.25,29700.50,29694.25,29694.50,103,29690.00,29691.25,1.25
2026-06-24 10:00:32,29694.50,29702.75,29688.50,29691.00,142,29691.75,29693.00,1.25
2026-06-24 10:00:33,29691.25,29693.25,29689.25,29692.75,103,29681.25,29682.00,0.75
2026-06-24 10:00:34,29692.75,29692.75,29680.50,29681.00,89,29675.25,29676.25,1.00
2026-06-24 10:00:35,29682.00,29683.75,29675.00,29676.00,123,29673.00,29673.75,0.75
2026-06-24 10:00:36,29675.25,29681.75,29672.75,29673.50,138,29682.25,29683.25,1.00
2026-06-24 10:00:37,29673.75,29682.75,29672.75,29682.75,201,29691.50,29692.25,0.75
2026-06-24 10:00:38,29683.50,29692.25,29682.50,29690.25,176,29685.50,29686.50,1.00
2026-06-24 10:00:39,29690.75,29691.75,29684.00,29685.75,153,29679.75,29680.75,1.00
2026-06-24 10:00:40,29685.25,29685.25,29679.25,29680.00,68,29675.25,29676.00,0.75
2026-06-24 10:00:41,29680.00,29682.25,29672.00,29675.25,140,29671.75,29672.50,0.75
2026-06-24 10:00:42,29675.25,29676.50,29669.50,29672.50,113,29670.50,29671.25,0.75
2026-06-24 10:00:43,29672.25,29674.00,29669.50,29671.50,129,29652.50,29653.25,0.75
2026-06-24 10:00:44,29671.00,29672.75,29652.00,29653.00,911,29648.50,29649.00,0.50
2026-06-24 10:00:45,29652.25,29658.00,29648.00,29648.75,606,29654.00,29655.00,1.00
2026-06-24 10:00:46,29648.50,29654.75,29647.50,29654.75,374,29652.00,29653.00,1.00
2026-06-24 10:00:47,29654.75,29657.00,29651.25,29652.25,313,29649.50,29650.50,1.00
2026-06-24 10:00:48,29653.00,29657.00,29649.00,29650.25,232,29649.25,29650.25,1.00
2026-06-24 10:00:49,29650.50,29656.00,29647.75,29649.75,214,29653.25,29654.00,0.75
2026-06-24 10:00:50,29650.25,29656.75,29649.50,29654.25,191,29649.50,29650.50,1.00
2026-06-24 10:00:51,29653.75,29653.75,29647.00,29649.50,235,29647.75,29648.75,1.00
2026-06-24 10:00:52,29651.00,29652.75,29645.75,29647.50,261,29639.00,29640.25,1.25
2026-06-24 10:00:53,29647.75,29649.25,29638.00,29639.50,357,29645.00,29646.00,1.00
2026-06-24 10:00:54,29639.75,29646.00,29639.75,29645.00,281,29647.00,29648.00,1.00
2026-06-24 10:00:55,29646.00,29650.75,29642.75,29646.50,286,29652.50,29653.25,0.75
2026-06-24 10:00:56,29646.75,29657.00,29646.00,29654.00,330,29654.75,29655.50,0.75
2026-06-24 10:00:57,29652.50,29659.00,29652.50,29655.50,126,29655.50,29656.25,0.75
2026-06-24 10:00:58,29655.50,29657.75,29653.25,29656.25,143,29649.25,29650.00,0.75
2026-06-24 10:00:59,29655.25,29655.75,29648.50,29649.00,147,29650.25,29651.00,0.75
2026-06-24 10:01:00,29650.25,29651.50,29647.75,29650.75,110,29660.75,29661.50,0.75
2026-06-24 10:01:01,29651.50,29662.00,29651.00,29660.50,283,29660.00,29661.00,1.00
2026-06-24 10:01:02,29660.50,29663.25,29658.25,29660.50,198,29652.50,29653.25,0.75
2026-06-24 10:01:03,29660.75,29662.75,29652.25,29652.25,167,29653.25,29654.00,0.75
2026-06-24 10:01:04,29652.50,29658.00,29651.50,29653.50,133,29646.75,29647.75,1.00
2026-06-24 10:01:05,29653.50,29655.00,29646.25,29646.50,211,29658.75,29660.00,1.25
2026-06-24 10:01:06,29646.75,29659.50,29646.25,29659.25,185,29656.75,29657.25,0.50
2026-06-24 10:01:07,29658.75,29661.00,29655.00,29657.50,160,29664.25,29665.00,0.75
2026-06-24 10:01:08,29656.75,29665.50,29656.50,29664.25,192,29667.50,29668.25,0.75
2026-06-24 10:01:09,29664.25,29669.50,29662.00,29667.00,226,29667.75,29668.25,0.50
2026-06-24 10:01:10,29668.25,29673.00,29667.25,29668.50,145,29657.75,29658.75,1.00
2026-06-24 10:01:11,29668.25,29668.25,29658.00,29658.00,192,29664.00,29664.75,0.75
2026-06-24 10:01:12,29659.00,29666.00,29658.00,29665.00,144,29662.75,29663.50,0.75
2026-06-24 10:01:13,29664.75,29666.50,29659.75,29664.00,109,29668.25,29669.25,1.00
2026-06-24 10:01:14,29662.75,29672.00,29661.50,29668.50,135,29668.75,29669.25,0.50
2026-06-24 10:01:15,29669.50,29669.75,29664.25,29669.00,184,29674.00,29674.75,0.75
2026-06-24 10:01:16,29668.75,29674.00,29665.75,29674.00,89,29668.75,29669.50,0.75
2026-06-24 10:01:17,29673.75,29676.00,29668.75,29670.00,188,29667.75,29668.50,0.75
2026-06-24 10:01:18,29669.50,29672.50,29665.00,29668.75,184,29670.75,29671.50,0.75
2026-06-24 10:01:19,29668.50,29674.00,29666.25,29671.00,126,29668.25,29668.75,0.50
2026-06-24 10:01:20,29671.25,29674.25,29668.00,29668.50,116,29661.75,29662.50,0.75
2026-06-24 10:01:21,29668.25,29668.50,29659.25,29661.00,106,29663.75,29664.75,1.00
2026-06-24 10:01:22,29661.50,29665.25,29660.50,29664.25,170,29672.25,29673.25,1.00
2026-06-24 10:01:23,29664.00,29674.25,29664.00,29673.00,152,29669.75,29670.50,0.75
2026-06-24 10:01:24,29673.50,29674.75,29670.25,29670.25,75,29671.50,29672.25,0.75
2026-06-24 10:01:25,29669.75,29673.50,29666.25,29672.25,156,29672.50,29673.25,0.75
2026-06-24 10:01:26,29671.50,29674.75,29667.00,29673.50,75,29673.50,29674.25,0.75
2026-06-24 10:01:27,29672.75,29676.00,29671.50,29673.75,111,29675.50,29676.25,0.75
2026-06-24 10:01:28,29674.25,29677.75,29672.75,29676.25,146,29668.25,29669.25,1.00
2026-06-24 10:01:29,29676.50,29676.75,29666.00,29666.75,139,29667.00,29667.75,0.75
2026-06-24 10:01:30,29669.00,29669.50,29666.00,29666.75,91,29676.50,29677.50,1.00
2026-06-24 10:01:31,29668.50,29676.75,29666.75,29676.75,157,29677.00,29677.75,0.75
2026-06-24 10:01:32,29676.75,29679.25,29673.50,29677.25,122,29680.75,29681.50,0.75
2026-06-24 10:01:33,29676.25,29684.25,29676.25,29681.75,204,29679.00,29680.00,1.00
2026-06-24 10:01:34,29682.50,29684.00,29677.50,29679.50,240,29679.50,29680.50,1.00
2026-06-24 10:01:35,29679.00,29683.50,29678.50,29680.50,163,29679.00,29679.75,0.75
2026-06-24 10:01:36,29680.50,29683.00,29676.75,29678.75,119,29674.50,29675.25,0.75
2026-06-24 10:01:37,29679.00,29679.00,29672.50,29673.75,81,29677.25,29678.25,1.00
2026-06-24 10:01:38,29675.50,29679.25,29674.25,29677.25,104,29675.25,29676.00,0.75
2026-06-24 10:01:39,29678.25,29678.25,29671.00,29674.50,99,29680.50,29681.00,0.50
2026-06-24 10:01:40,29675.00,29681.75,29674.75,29681.75,92,29687.00,29687.75,0.75
2026-06-24 10:01:41,29680.25,29690.00,29678.50,29687.25,289,29689.50,29690.00,0.50
2026-06-24 10:01:42,29688.00,29690.00,29684.50,29690.00,149,29685.00,29686.00,1.00
2026-06-24 10:01:43,29689.50,29690.50,29683.50,29685.75,141,29683.75,29684.25,0.50
2026-06-24 10:01:44,29684.75,29685.50,29679.75,29683.50,174,29670.25,29671.00,0.75
2026-06-24 10:01:45,29684.25,29685.00,29670.50,29670.75,374,29673.00,29673.50,0.50
2026-06-24 10:01:46,29670.00,29677.25,29668.75,29673.50,220,29673.25,29674.00,0.75
2026-06-24 10:01:47,29673.50,29675.75,29671.75,29673.50,74,29672.75,29673.50,0.75
2026-06-24 10:01:48,29672.75,29673.25,29668.50,29673.00,115,29669.50,29670.25,0.75
2026-06-24 10:01:49,29672.75,29672.75,29669.00,29670.00,68,29669.25,29670.25,1.00
2026-06-24 10:01:50,29670.50,29671.00,29667.75,29669.50,55,29667.50,29668.25,0.75
2026-06-24 10:01:51,29669.25,29672.50,29667.50,29668.25,76,29673.50,29674.25,0.75
2026-06-24 10:01:52,29667.75,29676.50,29667.00,29674.25,109,29675.75,29676.50,0.75
2026-06-24 10:01:53,29674.75,29678.00,29673.50,29676.00,72,29674.50,29675.25,0.75
2026-06-24 10:01:54,29676.25,29678.50,29672.25,29674.50,99,29662.75,29663.50,0.75
2026-06-24 10:01:55,29674.50,29675.00,29659.25,29662.25,270,29662.75,29663.50,0.75
2026-06-24 10:01:56,29663.25,29664.00,29661.50,29663.00,86,29664.50,29665.25,0.75
2026-06-24 10:01:57,29662.50,29665.75,29660.75,29664.25,128,29661.75,29662.50,0.75
2026-06-24 10:01:58,29664.25,29665.25,29661.50,29662.75,91,29662.50,29663.25,0.75
2026-06-24 10:01:59,29662.25,29664.00,29661.50,29662.75,54,29663.25,29664.00,0.75
2026-06-24 10:02:00,29663.25,29666.25,29663.25,29664.75,75,29661.50,29662.25,0.75
2026-06-24 10:02:01,29663.25,29665.75,29660.25,29662.00,165,29653.00,29653.75,0.75
2026-06-24 10:02:02,29662.00,29662.25,29652.50,29653.00,340,29649.75,29650.50,0.75
2026-06-24 10:02:03,29653.50,29655.50,29650.00,29650.00,299,29651.00,29651.75,0.75
2026-06-24 10:02:04,29650.00,29652.75,29646.50,29651.25,227,29647.50,29648.25,0.75
2026-06-24 10:02:05,29652.00,29652.25,29646.00,29647.50,191,29647.25,29648.00,0.75
2026-06-24 10:02:06,29647.50,29649.25,29646.25,29647.75,146,29651.00,29651.75,0.75
2026-06-24 10:02:07,29648.00,29652.25,29646.25,29651.50,214,29647.75,29648.50,0.75
2026-06-24 10:02:08,29651.75,29651.75,29647.50,29648.00,125,29645.50,29646.25,0.75
2026-06-24 10:02:09,29648.50,29649.75,29643.50,29645.75,175,29640.00,29640.75,0.75
2026-06-24 10:02:10,29646.00,29647.00,29639.75,29639.75,234,29640.50,29641.25,0.75
2026-06-24 10:02:11,29641.00,29644.50,29639.00,29641.25,198,29632.75,29633.25,0.50
2026-06-24 10:02:12,29640.50,29641.25,29632.00,29632.75,393,29631.50,29632.00,0.50
2026-06-24 10:02:13,29633.25,29633.75,29626.00,29631.00,543,29628.50,29629.25,0.75
2026-06-24 10:02:14,29631.50,29632.25,29627.25,29629.00,238,29632.25,29632.75,0.50
2026-06-24 10:02:15,29628.75,29634.50,29628.00,29632.50,202,29631.50,29632.00,0.50
2026-06-24 10:02:16,29632.75,29635.00,29631.25,29631.75,170,29632.75,29633.50,0.75
2026-06-24 10:02:17,29632.00,29636.25,29630.00,29633.00,189,29632.25,29633.00,0.75
2026-06-24 10:02:18,29633.50,29634.00,29628.75,29632.50,196,29637.25,29638.00,0.75
2026-06-24 10:02:19,29632.50,29638.50,29632.50,29637.50,132,29640.25,29641.00,0.75
2026-06-24 10:02:20,29637.50,29642.25,29636.75,29640.75,192,29641.75,29642.50,0.75
2026-06-24 10:02:21,29640.25,29643.00,29637.00,29642.00,200,29637.00,29637.50,0.50
2026-06-24 10:02:22,29641.75,29642.00,29636.25,29637.25,114,29638.25,29639.00,0.75
2026-06-24 10:02:23,29636.75,29642.00,29635.00,29639.25,162,29640.25,29640.75,0.50
2026-06-24 10:02:24,29638.50,29642.75,29638.50,29640.50,126,29641.25,29642.00,0.75
2026-06-24 10:02:25,29640.75,29648.00,29639.25,29642.00,224,29634.50,29635.25,0.75
2026-06-24 10:02:26,29641.25,29641.75,29633.25,29634.75,110,29636.75,29637.50,0.75
2026-06-24 10:02:27,29634.75,29639.75,29634.50,29637.00,100,29634.50,29635.00,0.50
2026-06-24 10:02:28,29636.75,29636.75,29633.00,29634.75,86,29631.50,29632.25,0.75
2026-06-24 10:02:29,29635.00,29635.75,29630.00,29632.50,128,29636.50,29637.25,0.75
2026-06-24 10:02:30,29631.50,29638.00,29630.75,29637.50,117,29647.75,29648.50,0.75
2026-06-24 10:02:31,29637.25,29648.00,29635.00,29648.00,204,29651.75,29652.75,1.00
2026-06-24 10:02:32,29648.75,29653.25,29645.25,29652.00,183,29651.75,29652.50,0.75
2026-06-24 10:02:33,29652.75,29653.75,29650.75,29652.50,169,29653.00,29653.75,0.75
2026-06-24 10:02:34,29651.75,29657.00,29650.75,29653.25,222,29656.75,29657.75,1.00
2026-06-24 10:02:35,29653.00,29661.75,29652.25,29656.75,238,29659.50,29660.00,0.50
2026-06-24 10:02:36,29657.75,29663.00,29657.75,29660.00,181,29655.00,29655.75,0.75
2026-06-24 10:02:37,29659.50,29659.50,29652.75,29655.75,166,29657.75,29658.50,0.75
2026-06-24 10:02:38,29655.50,29658.50,29653.50,29658.50,172,29653.00,29653.75,0.75
2026-06-24 10:02:39,29658.50,29659.25,29652.50,29653.25,115,29659.00,29659.75,0.75
2026-06-24 10:02:40,29654.25,29659.50,29653.25,29659.50,118,29662.00,29662.75,0.75
2026-06-24 10:02:41,29659.75,29664.50,29659.25,29662.50,131,29658.75,29659.50,0.75
2026-06-24 10:02:42,29663.25,29665.50,29655.00,29659.25,212,29667.00,29667.50,0.50
2026-06-24 10:02:43,29659.50,29667.50,29658.00,29667.50,174,29671.75,29672.50,0.75
2026-06-24 10:02:44,29667.00,29672.50,29664.50,29672.50,333,29672.75,29673.25,0.50
2026-06-24 10:02:45,29671.75,29676.50,29666.50,29673.00,333,29669.50,29670.25,0.75
2026-06-24 10:02:46,29672.75,29674.50,29668.25,29670.00,272,29673.00,29673.75,0.75
2026-06-24 10:02:47,29669.25,29675.50,29667.75,29673.25,195,29680.25,29681.00,0.75
2026-06-24 10:02:48,29673.50,29681.25,29672.50,29680.00,232,29675.50,29676.25,0.75
2026-06-24 10:02:49,29680.25,29682.00,29674.75,29675.50,307,29673.25,29674.00,0.75
2026-06-24 10:02:50,29676.25,29678.25,29672.25,29673.50,172,29676.75,29677.50,0.75
2026-06-24 10:02:51,29674.00,29679.25,29673.00,29676.50,148,29681.75,29682.50,0.75
2026-06-24 10:02:52,29676.75,29683.00,29674.75,29681.50,156,29683.00,29683.75,0.75
2026-06-24 10:02:53,29682.25,29685.50,29680.75,29683.75,165,29682.25,29682.75,0.50
2026-06-24 10:02:54,29682.50,29683.75,29676.75,29682.25,187,29679.25,29680.00,0.75
2026-06-24 10:02:55,29683.00,29683.00,29678.00,29680.00,240,29672.00,29672.50,0.50
2026-06-24 10:02:56,29679.25,29679.25,29671.00,29672.50,182,29675.00,29675.50,0.50
2026-06-24 10:02:57,29672.25,29676.75,29671.75,29675.50,178,29669.00,29669.75,0.75
2026-06-24 10:02:58,29675.50,29675.50,29668.75,29669.75,136,29672.25,29672.75,0.50
2026-06-24 10:02:59,29669.50,29673.25,29669.50,29672.00,63,29666.75,29667.50,0.75
2026-06-24 10:03:00,29671.50,29671.75,29665.25,29667.50,88,29668.00,29668.75,0.75
2026-06-24 10:03:01,29667.25,29672.00,29667.25,29669.25,111,29670.50,29671.25,0.75
2026-06-24 10:03:02,29668.00,29674.75,29667.25,29671.50,115,29658.75,29659.75,1.00
2026-06-24 10:03:03,29670.00,29670.50,29658.00,29659.75,235,29657.75,29658.50,0.75
2026-06-24 10:03:04,29659.75,29660.00,29657.00,29657.75,159,29659.25,29660.00,0.75
2026-06-24 10:03:05,29658.00,29660.75,29657.00,29659.25,141,29658.00,29658.75,0.75
2026-06-24 10:03:06,29659.00,29661.00,29656.50,29658.00,91,29664.75,29665.50,0.75
2026-06-24 10:03:07,29658.75,29664.75,29658.75,29664.75,102,29656.50,29657.00,0.50
2026-06-24 10:03:08,29664.75,29666.75,29656.75,29656.75,168,29658.25,29659.00,0.75
2026-06-24 10:03:09,29657.00,29661.25,29655.50,29658.50,106,29658.25,29658.75,0.50
2026-06-24 10:03:10,29658.25,29660.50,29657.50,29658.25,41,29664.00,29664.75,0.75
2026-06-24 10:03:11,29657.50,29664.75,29657.00,29663.50,135,29659.50,29660.25,0.75
2026-06-24 10:03:12,29666.00,29666.50,29658.75,29658.75,113,29657.00,29658.00,1.00
2026-06-24 10:03:13,29661.00,29661.75,29655.50,29658.25,109,29654.75,29655.25,0.50
2026-06-24 10:03:14,29657.50,29657.75,29653.25,29654.25,115,29654.25,29654.75,0.50
2026-06-24 10:03:15,29655.25,29657.75,29651.75,29654.25,138,29657.25,29658.00,0.75
2026-06-24 10:03:16,29654.25,29659.25,29653.50,29657.75,116,29662.00,29662.50,0.50
2026-06-24 10:03:17,29658.00,29662.25,29657.50,29662.25,90,29659.50,29660.25,0.75
2026-06-24 10:03:18,29661.75,29662.25,29658.75,29660.00,90,29659.50,29660.25,0.75
2026-06-24 10:03:19,29660.25,29660.25,29655.75,29659.50,80,29668.75,29669.25,0.50
2026-06-24 10:03:20,29659.00,29668.75,29657.75,29668.50,178,29668.75,29669.25,0.50
2026-06-24 10:03:21,29669.00,29669.25,29662.00,29663.25,114,29656.25,29656.75,0.50
2026-06-24 10:03:22,29663.75,29664.00,29655.50,29656.75,193,29657.00,29657.50,0.50
2026-06-24 10:03:23,29656.25,29659.00,29656.00,29657.75,76,29657.00,29657.50,0.50
2026-06-24 10:03:24,29657.25,29660.75,29655.75,29660.50,54,29656.25,29657.00,0.75
2026-06-24 10:03:25,29660.25,29663.00,29656.75,29657.00,116,29662.75,29663.50,0.75
2026-06-24 10:03:26,29656.50,29666.00,29656.25,29662.75,116,29662.75,29663.50,0.75
2026-06-24 10:03:27,29663.00,29665.50,29661.50,29661.50,69,29662.00,29662.75,0.75
2026-06-24 10:03:28,29661.50,29665.00,29658.25,29660.75,105,29658.00,29658.50,0.50
2026-06-24 10:03:29,29661.00,29666.00,29657.25,29658.50,105,29653.25,29654.00,0.75
2026-06-24 10:03:30,29658.00,29660.75,29653.25,29653.50,98,29653.75,29654.50,0.75
2026-06-24 10:03:31,29653.50,29655.50,29651.75,29654.50,114,29651.50,29652.00,0.50
2026-06-24 10:03:32,29653.50,29654.25,29650.50,29652.25,110,29654.00,29654.75,0.75
2026-06-24 10:03:33,29651.50,29656.75,29651.00,29655.50,100,29657.00,29657.50,0.50
2026-06-24 10:03:34,29654.75,29659.00,29653.75,29657.00,154,29656.25,29656.75,0.50
2026-06-24 10:03:35,29656.25,29656.50,29651.25,29656.50,112,29655.50,29656.00,0.50
2026-06-24 10:03:36,29656.25,29658.00,29654.00,29655.00,130,29661.75,29662.25,0.50
2026-06-24 10:03:37,29655.75,29663.75,29655.75,29662.25,95,29655.25,29656.00,0.75
2026-06-24 10:03:38,29661.75,29662.25,29654.25,29655.50,116,29654.25,29655.00,0.75
2026-06-24 10:03:39,29656.00,29657.50,29653.75,29653.75,81,29655.50,29656.00,0.50
2026-06-24 10:03:40,29654.50,29657.50,29654.00,29656.25,35,29649.50,29650.25,0.75
2026-06-24 10:03:41,29654.75,29655.50,29647.50,29649.50,237,29649.00,29649.50,0.50
2026-06-24 10:03:42,29649.50,29653.25,29648.50,29649.00,119,29653.25,29654.00,0.75
2026-06-24 10:03:43,29649.50,29656.00,29649.50,29653.50,115,29653.25,29654.00,0.75
2026-06-24 10:03:44,29653.50,29654.00,29650.00,29653.50,111,29649.75,29650.50,0.75
2026-06-24 10:03:45,29654.00,29656.00,29649.50,29650.00,158,29649.75,29650.50,0.75
2026-06-24 10:03:46,29650.75,29654.25,29649.50,29650.00,102,29641.75,29642.50,0.75
2026-06-24 10:03:47,29649.25,29650.25,29642.25,29642.75,217,29641.75,29642.50,0.75
2026-06-24 10:03:48,29642.25,29643.00,29634.75,29638.00,331,29639.00,29639.75,0.75
2026-06-24 10:03:49,29636.75,29640.50,29636.00,29639.00,177,29637.25,29637.75,0.50
2026-06-24 10:03:50,29639.00,29639.75,29635.75,29638.00,209,29632.00,29632.75,0.75
2026-06-24 10:03:51,29637.75,29638.75,29631.25,29632.75,201,29634.50,29635.25,0.75
2026-06-24 10:03:52,29632.75,29636.25,29631.50,29634.50,167,29633.25,29633.75,0.50
2026-06-24 10:03:53,29635.25,29636.25,29632.50,29633.50,90,29633.25,29633.75,0.50
2026-06-24 10:03:54,29634.00,29638.00,29633.50,29635.75,107,29636.00,29636.50,0.50
2026-06-24 10:03:55,29636.50,29639.25,29635.75,29636.00,93,29637.50,29638.25,0.75
2026-06-24 10:03:56,29635.75,29638.25,29635.00,29638.25,109,29634.25,29635.00,0.75
2026-06-24 10:03:57,29637.25,29637.75,29634.00,29634.00,89,29634.50,29635.25,0.75
2026-06-24 10:03:58,29635.00,29637.25,29634.00,29634.50,66,29637.75,29638.50,0.75
2026-06-24 10:03:59,29635.25,29638.75,29634.00,29638.50,113,29641.25,29641.75,0.50
2026-06-24 10:04:00,29638.50,29642.00,29637.50,29642.00,112,29645.00,29645.50,0.50
2026-06-24 10:04:01,29641.75,29646.00,29641.00,29645.25,188,29641.50,29642.00,0.50
2026-06-24 10:04:02,29645.00,29645.75,29640.25,29642.00,149,29641.25,29641.75,0.50
2026-06-24 10:04:03,29641.25,29643.00,29640.00,29641.75,103,29640.25,29641.00,0.75
2026-06-24 10:04:04,29641.75,29642.50,29637.75,29641.00,108,29640.25,29641.00,0.75
2026-06-24 10:04:05,29641.00,29644.00,29638.75,29641.25,92,29635.25,29636.25,1.00
2026-06-24 10:04:06,29641.25,29642.00,29635.00,29636.25,136,29635.25,29636.25,1.00
2026-06-24 10:04:07,29635.75,29638.25,29634.25,29635.50,100,29635.50,29635.75,0.25
2026-06-24 10:04:08,29635.75,29641.50,29635.50,29641.50,81,29640.00,29640.50,0.50
2026-06-24 10:04:09,29641.00,29644.75,29639.50,29643.25,89,29641.75,29642.50,0.75
2026-06-24 10:04:10,29643.50,29645.00,29639.50,29642.75,66,29641.50,29642.00,0.50
2026-06-24 10:04:11,29642.00,29643.75,29640.25,29642.25,106,29638.00,29638.50,0.50
2026-06-24 10:04:12,29642.00,29642.25,29638.25,29638.50,108,29635.75,29636.50,0.75
2026-06-24 10:04:13,29638.00,29641.75,29635.75,29637.00,154,29644.75,29645.25,0.50
2026-06-24 10:04:14,29635.75,29646.00,29633.50,29644.75,169,29641.00,29641.50,0.50
2026-06-24 10:04:15,29644.75,29645.75,29638.25,29641.00,158,29641.00,29641.50,0.50
2026-06-24 10:04:16,29641.00,29649.00,29639.25,29648.00,188,29654.00,29654.50,0.50
2026-06-24 10:04:17,29647.75,29656.00,29646.75,29654.50,309,29657.25,29657.75,0.50
2026-06-24 10:04:18,29654.50,29660.00,29653.50,29658.00,287,29657.00,29657.75,0.75
2026-06-24 10:04:19,29657.25,29659.50,29655.75,29657.75,162,29650.25,29651.00,0.75
2026-06-24 10:04:20,29657.75,29659.75,29650.50,29651.00,233,29647.75,29648.25,0.50
2026-06-24 10:04:21,29651.25,29651.25,29647.75,29649.00,127,29647.25,29647.75,0.50
2026-06-24 10:04:22,29647.75,29649.50,29647.50,29647.50,50,29649.50,29650.00,0.50
2026-06-24 10:04:23,29647.75,29651.50,29647.75,29650.00,150,29651.50,29652.25,0.75
2026-06-24 10:04:24,29650.25,29655.25,29647.75,29652.25,97,29662.00,29662.50,0.50
2026-06-24 10:04:25,29652.00,29664.75,29651.25,29663.00,273,29662.00,29662.50,0.50
2026-06-24 10:04:26,29662.25,29668.25,29659.50,29665.00,273,29667.00,29667.75,0.75
2026-06-24 10:04:27,29664.50,29668.25,29661.75,29668.25,165,29668.50,29669.25,0.75
2026-06-24 10:04:28,29667.00,29670.00,29666.00,29668.50,172,29669.75,29670.50,0.75
2026-06-24 10:04:29,29668.25,29671.50,29665.25,29670.00,160,29673.75,29674.50,0.75
2026-06-24 10:04:30,29671.50,29675.00,29669.50,29675.00,208,29668.00,29668.50,0.50
2026-06-24 10:04:31,29674.50,29674.50,29665.50,29668.50,181,29668.00,29668.50,0.50
2026-06-24 10:04:32,29668.00,29668.00,29662.75,29665.25,178,29662.75,29663.50,0.75
2026-06-24 10:04:33,29664.50,29664.50,29659.25,29662.50,107,29662.75,29663.50,0.75
2026-06-24 10:04:34,29663.00,29668.50,29662.50,29667.75,78,29670.50,29671.00,0.50
2026-06-24 10:04:35,29667.50,29673.00,29667.25,29671.00,132,29671.75,29672.25,0.50
2026-06-24 10:04:36,29671.00,29673.50,29668.00,29672.25,201,29673.75,29674.50,0.75
2026-06-24 10:04:37,29672.25,29674.75,29667.25,29673.75,146,29673.75,29674.50,0.75
2026-06-24 10:04:38,29674.00,29675.00,29673.00,29673.00,71,29667.75,29668.50,0.75
2026-06-24 10:04:39,29673.00,29674.75,29666.25,29668.25,115,29670.25,29671.00,0.75
2026-06-24 10:04:40,29669.25,29672.25,29668.25,29670.25,72,29667.75,29668.50,0.75
2026-06-24 10:04:41,29671.00,29671.25,29668.50,29668.75,56,29667.75,29668.50,0.75
2026-06-24 10:04:42,29668.25,29681.00,29667.00,29678.50,302,29674.50,29675.25,0.75
2026-06-24 10:04:43,29678.75,29678.75,29673.50,29675.50,167,29671.25,29672.00,0.75
2026-06-24 10:04:44,29675.50,29675.50,29667.50,29672.50,222,29672.00,29672.75,0.75
2026-06-24 10:04:45,29672.25,29676.00,29671.50,29672.75,141,29674.25,29675.00,0.75
2026-06-24 10:04:46,29673.00,29677.25,29670.75,29674.75,142,29671.25,29671.75,0.50
2026-06-24 10:04:47,29674.50,29677.00,29670.00,29672.00,135,29663.25,29664.00,0.75
2026-06-24 10:04:48,29671.25,29671.25,29660.50,29663.00,208,29665.00,29665.75,0.75
2026-06-24 10:04:49,29664.25,29667.50,29662.50,29665.00,81,29670.25,29670.50,0.25
2026-06-24 10:04:50,29666.25,29673.00,29664.25,29670.50,166,29672.00,29672.50,0.50
2026-06-24 10:04:51,29670.25,29672.00,29669.50,29672.00,49,29668.25,29668.75,0.50
2026-06-24 10:04:52,29672.00,29672.00,29668.25,29668.25,46,29667.00,29667.50,0.50
2026-06-24 10:04:53,29668.25,29673.00,29666.25,29667.00,94,29665.50,29666.25,0.75
2026-06-24 10:04:54,29667.00,29667.25,29664.25,29666.25,58,29664.25,29664.75,0.50
2026-06-24 10:04:55,29665.50,29668.25,29660.50,29664.50,146,29666.25,29667.00,0.75
2026-06-24 10:04:56,29664.25,29669.00,29663.50,29668.25,117,29667.00,29667.50,0.50
2026-06-24 10:04:57,29665.75,29669.75,29665.25,29667.00,79,29668.25,29669.00,0.75
2026-06-24 10:04:58,29667.50,29669.75,29667.00,29668.50,64,29664.75,29665.50,0.75
2026-06-24 10:04:59,29669.25,29669.50,29663.00,29664.75,60,29666.00,29666.75,0.75
2026-06-24 10:05:00,29665.50,29667.00,29664.50,29666.00,48,29664.25,29665.00,0.75
2026-06-24 10:05:01,29666.00,29667.00,29663.75,29664.00,119,29669.00,29669.50,0.50
2026-06-24 10:05:02,29665.00,29670.00,29665.00,29669.00,148,29668.75,29669.50,0.75
2026-06-24 10:05:03,29669.00,29673.50,29668.25,29669.50,180,29667.25,29668.00,0.75
2026-06-24 10:05:04,29668.75,29669.25,29666.50,29667.25,61,29677.25,29677.75,0.50
2026-06-24 10:05:05,29667.75,29677.75,29666.75,29676.50,191,29680.00,29680.50,0.50
2026-06-24 10:05:06,29677.25,29681.25,29676.50,29679.50,264,29682.50,29683.00,0.50
2026-06-24 10:05:07,29681.00,29683.25,29679.00,29683.25,194,29687.50,29688.25,0.75
2026-06-24 10:05:08,29682.50,29691.00,29679.50,29688.00,510,29687.50,29688.25,0.75
2026-06-24 10:05:09,29688.00,29689.25,29683.00,29684.25,252,29683.75,29684.75,1.00
2026-06-24 10:05:10,29684.00,29686.75,29681.50,29684.25,176,29691.50,29692.25,0.75
2026-06-24 10:05:11,29684.75,29693.75,29684.00,29691.75,218,29694.00,29694.75,0.75
2026-06-24 10:05:12,29691.50,29694.75,29688.25,29693.25,225,29694.00,29694.75,0.75
2026-06-24 10:05:13,29693.50,29704.75,29693.50,29703.00,534,29707.00,29707.75,0.75
2026-06-24 10:05:14,29703.50,29708.00,29701.00,29707.00,452,29707.00,29707.75,0.75
2026-06-24 10:05:15,29707.00,29709.50,29704.25,29708.00,319,29707.00,29707.75,0.75
2026-06-24 10:05:16,29708.50,29710.00,29701.00,29702.00,318,29703.25,29704.25,1.00
2026-06-24 10:05:17,29702.50,29705.25,29698.50,29704.75,206,29701.25,29702.00,0.75
2026-06-24 10:05:18,29703.25,29706.00,29699.50,29702.00,158,29701.25,29702.00,0.75
2026-06-24 10:05:19,29701.75,29703.50,29700.75,29701.50,86,29706.25,29707.00,0.75
2026-06-24 10:05:20,29701.50,29707.75,29701.50,29707.00,117,29706.25,29707.00,0.75
2026-06-24 10:05:21,29706.75,29714.50,29706.00,29712.50,236,29712.25,29713.25,1.00
2026-06-24 10:05:22,29713.25,29715.75,29712.50,29714.75,240,29714.75,29715.75,1.00
2026-06-24 10:05:23,29714.75,29716.75,29710.75,29714.25,242,29717.75,29718.50,0.75
2026-06-24 10:05:24,29715.75,29719.50,29713.75,29718.00,336,29717.75,29718.50,0.75
2026-06-24 10:05:25,29717.75,29720.00,29713.75,29715.00,209,29708.50,29709.25,0.75
2026-06-24 10:05:26,29714.00,29714.50,29707.00,29709.00,225,29708.50,29709.25,0.75
2026-06-24 10:05:27,29708.75,29711.00,29704.50,29705.00,245,29700.25,29700.75,0.50
2026-06-24 10:05:28,29706.00,29706.50,29698.00,29701.00,171,29698.50,29699.25,0.75
2026-06-24 10:05:29,29700.25,29702.75,29698.50,29699.50,158,29698.50,29699.25,0.75
2026-06-24 10:05:30,29698.75,29699.25,29695.50,29697.25,160,29696.50,29697.00,0.50
2026-06-24 10:05:31,29697.75,29698.25,29695.25,29697.00,88,29702.00,29702.75,0.75
2026-06-24 10:05:32,29697.00,29706.00,29695.75,29702.25,111,29707.25,29708.00,0.75
2026-06-24 10:05:33,29702.75,29709.25,29702.25,29708.25,211,29702.75,29703.50,0.75
2026-06-24 10:05:34,29708.00,29709.00,29703.75,29703.75,120,29702.75,29703.50,0.75
2026-06-24 10:05:35,29703.50,29709.25,29703.25,29703.50,87,29703.50,29704.50,1.00
2026-06-24 10:05:36,29703.25,29707.75,29703.25,29707.50,86,29704.25,29705.00,0.75
2026-06-24 10:05:37,29708.00,29708.75,29701.50,29703.50,94,29704.25,29705.00,0.75
2026-06-24 10:05:38,29704.00,29708.25,29703.50,29707.50,72,29707.50,29708.25,0.75
2026-06-24 10:05:39,29708.50,29712.00,29707.25,29708.25,120,29710.25,29711.00,0.75
2026-06-24 10:05:40,29708.25,29713.00,29706.25,29710.50,151,29710.25,29711.00,0.75
2026-06-24 10:05:41,29710.25,29710.50,29697.50,29698.25,141,29697.25,29698.00,0.75
2026-06-24 10:05:42,29697.50,29704.00,29697.50,29702.50,88,29702.00,29702.75,0.75
2026-06-24 10:05:43,29702.75,29705.00,29700.00,29705.00,112,29701.00,29701.75,0.75
2026-06-24 10:05:44,29704.25,29706.00,29700.50,29700.75,61,29701.50,29702.25,0.75
2026-06-24 10:05:45,29702.50,29704.00,29699.75,29702.75,46,29706.50,29707.25,0.75
2026-06-24 10:05:46,29702.50,29707.50,29702.25,29707.00,102,29706.75,29707.50,0.75
2026-06-24 10:05:47,29706.50,29707.00,29704.50,29707.00,78,29705.25,29706.00,0.75
2026-06-24 10:05:48,29706.25,29706.25,29701.50,29704.75,132,29690.75,29691.50,0.75
2026-06-24 10:05:49,29705.00,29705.25,29688.25,29691.25,261,29690.75,29691.50,0.75
2026-06-24 10:05:50,29690.75,29693.75,29688.25,29691.00,127,29692.50,29693.25,0.75
2026-06-24 10:05:51,29690.75,29693.50,29687.25,29692.25,121,29692.50,29693.25,0.75
2026-06-24 10:05:52,29693.25,29694.25,29690.50,29692.50,83,29692.50,29693.25,0.75
2026-06-24 10:05:53,29692.75,29694.00,29688.00,29689.75,156,29692.25,29693.25,1.00
2026-06-24 10:05:54,29689.50,29693.75,29687.75,29693.00,84,29692.25,29693.25,1.00
2026-06-24 10:05:55,29693.00,29697.75,29692.25,29692.25,123,29695.25,29696.00,0.75
2026-06-24 10:05:56,29692.75,29697.75,29692.25,29695.75,99,29695.00,29695.75,0.75
2026-06-24 10:05:57,29696.00,29697.50,29693.25,29695.50,80,29689.25,29690.00,0.75
2026-06-24 10:05:58,29695.00,29695.00,29689.75,29689.75,64,29689.25,29690.00,0.75
2026-06-24 10:05:59,29689.50,29693.25,29689.25,29693.25,41,29693.75,29694.50,0.75
2026-06-24 10:06:00,29692.75,29694.50,29690.25,29694.00,110,29696.25,29697.00,0.75
2026-06-24 10:06:01,29693.75,29696.75,29692.00,29695.75,65,29696.25,29697.00,0.75
2026-06-24 10:06:02,29696.50,29700.50,29696.50,29698.25,108,29698.00,29699.00,1.00
2026-06-24 10:06:03,29699.00,29705.25,29697.75,29704.00,139,29706.50,29707.25,0.75
2026-06-24 10:06:04,29704.75,29709.00,29704.25,29707.00,111,29704.75,29705.50,0.75
2026-06-24 10:06:05,29706.25,29709.50,29704.00,29704.75,106,29704.50,29705.00,0.50
2026-06-24 10:06:06,29704.75,29707.50,29704.50,29706.00,80,29704.50,29705.00,0.50
2026-06-24 10:06:07,29705.25,29707.25,29703.00,29703.25,114,29701.25,29702.00,0.75
2026-06-24 10:06:08,29703.00,29703.00,29699.00,29702.00,111,29700.75,29701.75,1.00
2026-06-24 10:06:09,29702.00,29708.75,29701.00,29701.25,114,29705.75,29706.50,0.75
2026-06-24 10:06:10,29702.00,29708.00,29702.00,29706.75,77,29715.25,29716.00,0.75
2026-06-24 10:06:11,29706.25,29716.00,29705.25,29715.75,227,29715.25,29715.75,0.50
2026-06-24 10:06:12,29715.50,29717.00,29713.50,29715.00,168,29720.75,29721.25,0.50
2026-06-24 10:06:13,29716.00,29724.50,29715.25,29720.50,448,29718.00,29718.75,0.75
2026-06-24 10:06:14,29720.50,29722.75,29715.00,29718.25,220,29718.00,29718.75,0.75
2026-06-24 10:06:15,29718.00,29725.50,29717.50,29720.00,173,29717.00,29717.50,0.50
2026-06-24 10:06:16,29720.25,29723.50,29715.50,29717.00,126,29716.75,29717.50,0.75
2026-06-24 10:06:17,29718.25,29722.75,29716.50,29716.75,109,29713.50,29714.25,0.75
2026-06-24 10:06:18,29716.75,29717.00,29713.00,29714.25,126,29713.50,29714.25,0.75
2026-06-24 10:06:19,29714.25,29714.25,29708.75,29709.25,123,29710.00,29711.00,1.00
2026-06-24 10:06:20,29710.50,29713.75,29704.50,29705.75,190,29707.25,29708.00,0.75
2026-06-24 10:06:21,29706.25,29712.25,29706.25,29707.25,119,29707.25,29708.00,0.75
2026-06-24 10:06:22,29707.75,29708.75,29705.50,29708.00,71,29705.50,29706.25,0.75
2026-06-24 10:06:23,29706.25,29709.00,29704.25,29706.25,95,29703.50,29704.25,0.75
2026-06-24 10:06:24,29705.50,29707.25,29703.25,29704.75,155,29703.50,29704.25,0.75
2026-06-24 10:06:25,29704.00,29707.25,29702.00,29706.25,107,29702.25,29703.00,0.75
2026-06-24 10:06:26,29705.00,29706.00,29700.50,29702.25,153,29702.00,29702.75,0.75
2026-06-24 10:06:27,29703.00,29704.25,29701.25,29702.50,67,29699.50,29700.25,0.75
2026-06-24 10:06:28,29700.50,29702.25,29698.00,29700.00,74,29699.75,29700.75,1.00
2026-06-24 10:06:29,29699.75,29701.25,29697.50,29700.25,111,29699.75,29700.75,1.00
2026-06-24 10:06:30,29700.00,29700.75,29694.50,29700.25,144,29699.50,29700.25,0.75
2026-06-24 10:06:31,29701.00,29702.50,29697.50,29699.75,132,29696.25,29697.00,0.75
2026-06-24 10:06:32,29700.25,29702.25,29695.50,29696.50,98,29702.50,29703.00,0.50
2026-06-24 10:06:33,29697.00,29703.50,29696.75,29703.50,105,29702.50,29703.00,0.50
2026-06-24 10:06:34,29703.00,29703.75,29701.25,29701.75,68,29691.25,29691.75,0.50
2026-06-24 10:06:35,29700.25,29700.25,29690.50,29691.75,130,29691.00,29691.50,0.50
2026-06-24 10:06:36,29691.75,29693.00,29688.75,29691.75,148,29696.25,29696.75,0.50
2026-06-24 10:06:37,29691.25,29697.00,29690.50,29696.50,126,29691.00,29691.75,0.75
2026-06-24 10:06:38,29696.25,29696.25,29689.75,29690.75,93,29685.50,29686.75,1.25
2026-06-24 10:06:39,29691.75,29693.75,29687.00,29687.00,118,29685.50,29686.75,1.25
2026-06-24 10:06:40,29686.50,29688.50,29682.50,29687.00,319,29690.25,29691.00,0.75
2026-06-24 10:06:41,29686.25,29690.50,29682.00,29690.25,247,29683.25,29684.00,0.75
2026-06-24 10:06:42,29690.00,29692.25,29683.25,29683.25,145,29683.75,29684.50,0.75
2026-06-24 10:06:43,29684.00,29685.75,29682.50,29683.25,109,29675.00,29675.75,0.75
2026-06-24 10:06:44,29683.75,29684.50,29673.50,29675.25,319,29675.00,29675.75,0.75
2026-06-24 10:06:45,29675.25,29677.50,29673.25,29674.75,235,29674.50,29675.25,0.75
2026-06-24 10:06:46,29675.00,29676.75,29673.75,29674.75,180,29676.75,29677.50,0.75
2026-06-24 10:06:47,29674.00,29680.50,29673.25,29676.75,176,29677.50,29678.00,0.50
2026-06-24 10:06:48,29676.75,29679.25,29675.00,29677.75,91,29676.50,29677.25,0.75
2026-06-24 10:06:49,29678.00,29678.00,29672.50,29677.25,125,29676.25,29676.75,0.50
2026-06-24 10:06:50,29677.25,29677.25,29673.00,29676.25,121,29668.00,29668.75,0.75
2026-06-24 10:06:51,29676.75,29679.00,29667.25,29668.00,265,29664.00,29664.75,0.75
2026-06-24 10:06:52,29667.50,29669.25,29661.75,29664.00,256,29670.25,29671.00,0.75
2026-06-24 10:06:53,29664.00,29671.50,29662.25,29669.75,213,29672.75,29673.25,0.50
2026-06-24 10:06:54,29671.00,29674.50,29668.25,29672.50,164,29672.75,29673.50,0.75
2026-06-24 10:06:55,29672.75,29674.50,29671.50,29673.00,123,29672.50,29673.00,0.50
2026-06-24 10:06:56,29673.25,29673.25,29670.00,29672.50,92,29675.25,29676.00,0.75
2026-06-24 10:06:57,29672.75,29677.25,29672.25,29676.00,95,29675.75,29676.50,0.75
2026-06-24 10:06:58,29676.00,29677.75,29675.00,29676.25,98,29674.75,29675.75,1.00
2026-06-24 10:06:59,29676.00,29677.25,29673.50,29676.25,93,29674.75,29675.75,1.00
2026-06-24 10:07:00,29675.50,29677.50,29674.75,29676.00,64,29678.75,29679.25,0.50
2026-06-24 10:07:01,29676.75,29680.50,29674.75,29679.25,120,29681.00,29681.75,0.75
2026-06-24 10:07:02,29678.75,29682.75,29678.75,29681.25,159,29680.00,29680.75,0.75
2026-06-24 10:07:03,29681.25,29682.50,29679.00,29681.00,136,29680.00,29680.75,0.75
2026-06-24 10:07:04,29681.25,29689.00,29680.25,29687.00,274,29686.00,29686.75,0.75
2026-06-24 10:07:05,29686.50,29691.25,29685.75,29688.00,223,29684.25,29684.50,0.25
2026-06-24 10:07:06,29688.00,29690.75,29684.50,29684.75,167,29681.00,29681.75,0.75
2026-06-24 10:07:07,29684.25,29684.50,29680.00,29681.75,122,29683.00,29683.50,0.50
2026-06-24 10:07:08,29681.75,29683.25,29679.25,29683.25,90,29677.75,29678.50,0.75
2026-06-24 10:07:09,29683.00,29683.00,29675.50,29677.75,143,29684.00,29684.50,0.50
2026-06-24 10:07:10,29677.75,29684.50,29677.75,29684.25,101,29684.75,29685.25,0.50
2026-06-24 10:07:11,29684.50,29686.00,29683.25,29684.50,47,29689.50,29690.00,0.50
2026-06-24 10:07:12,29684.75,29690.00,29683.75,29689.25,88,29687.00,29687.50,0.50
2026-06-24 10:07:13,29690.00,29690.25,29686.25,29686.50,81,29693.50,29694.25,0.75
2026-06-24 10:07:14,29686.00,29694.50,29685.75,29693.50,196,29690.25,29690.75,0.50
2026-06-24 10:07:15,29693.25,29694.50,29688.50,29690.75,187,29690.75,29691.50,0.75
2026-06-24 10:07:16,29690.50,29692.25,29689.50,29691.25,101,29705.00,29705.75,0.75
2026-06-24 10:07:17,29691.50,29706.00,29691.50,29705.50,340,29705.00,29705.75,0.75
2026-06-24 10:07:18,29705.75,29710.50,29704.75,29708.75,399,29708.25,29709.00,0.75
2026-06-24 10:07:19,29708.50,29713.25,29708.00,29709.00,273,29712.25,29713.00,0.75
2026-06-24 10:07:20,29708.25,29714.75,29706.75,29712.50,201,29712.50,29713.25,0.75
2026-06-24 10:07:21,29713.00,29718.25,29711.00,29713.25,248,29715.50,29716.00,0.50
2026-06-24 10:07:22,29713.25,29716.75,29711.50,29715.50,228,29712.00,29712.50,0.50
2026-06-24 10:07:23,29715.25,29717.25,29711.00,29712.25,140,29712.00,29712.50,0.50
2026-06-24 10:07:24,29712.50,29713.50,29707.50,29713.25,159,29712.00,29712.75,0.75
2026-06-24 10:07:25,29712.50,29713.50,29709.25,29711.00,96,29714.50,29715.25,0.75
2026-06-24 10:07:26,29710.25,29716.00,29710.25,29714.75,176,29708.75,29709.75,1.00
2026-06-24 10:07:27,29715.75,29716.25,29707.50,29708.75,198,29707.00,29707.50,0.50
2026-06-24 10:07:28,29709.75,29709.75,29704.00,29707.75,105,29707.00,29707.50,0.50
2026-06-24 10:07:29,29707.25,29713.75,29706.75,29712.00,204,29711.75,29712.25,0.50
2026-06-24 10:07:30,29711.75,29713.50,29709.50,29711.75,94,29714.00,29714.75,0.75
2026-06-24 10:07:31,29711.75,29717.00,29711.75,29714.75,118,29710.25,29711.00,0.75
2026-06-24 10:07:32,29714.75,29715.50,29709.75,29711.50,216,29710.25,29711.00,0.75
2026-06-24 10:07:33,29711.00,29714.50,29707.00,29707.75,163,29709.75,29710.25,0.50
2026-06-24 10:07:34,29707.50,29710.75,29707.00,29710.50,112,29706.25,29706.50,0.25
2026-06-24 10:07:35,29710.75,29711.25,29705.00,29707.00,115,29705.50,29706.00,0.50
2026-06-24 10:07:36,29706.50,29707.50,29703.50,29705.50,132,29712.00,29712.75,0.75
2026-06-24 10:07:37,29705.50,29713.00,29704.25,29711.75,142,29706.50,29707.25,0.75
2026-06-24 10:07:38,29712.00,29712.50,29705.50,29707.00,149,29707.50,29708.00,0.50
2026-06-24 10:07:39,29706.75,29708.75,29704.50,29708.00,120,29707.25,29708.00,0.75
2026-06-24 10:07:40,29708.75,29710.00,29706.75,29708.25,54,29693.00,29693.75,0.75
2026-06-24 10:07:41,29707.25,29708.25,29693.50,29693.50,361,29689.50,29690.00,0.50
2026-06-24 10:07:42,29693.75,29693.75,29688.00,29689.75,276,29693.00,29693.50,0.50
2026-06-24 10:07:43,29690.00,29694.00,29689.25,29693.50,105,29695.25,29696.00,0.75
2026-06-24 10:07:44,29693.00,29695.25,29690.50,29695.25,99,29695.25,29696.00,0.75
2026-06-24 10:07:45,29695.50,29701.00,29695.25,29699.50,116,29694.00,29694.50,0.50
2026-06-24 10:07:46,29699.00,29699.25,29693.50,29695.00,109,29692.50,29693.25,0.75
2026-06-24 10:07:47,29694.25,29694.75,29692.25,29694.00,83,29694.00,29694.75,0.75
2026-06-24 10:07:48,29692.50,29696.00,29692.00,29694.75,35,29697.00,29697.75,0.75
2026-06-24 10:07:49,29694.75,29698.75,29693.25,29697.00,101,29700.25,29700.50,0.25
2026-06-24 10:07:50,29697.75,29699.50,29696.50,29699.25,128,29700.25,29700.50,0.25
2026-06-24 10:07:51,29699.75,29701.50,29694.25,29695.25,110,29695.75,29696.50,0.75
2026-06-24 10:07:52,29695.25,29698.00,29695.00,29696.00,84,29693.25,29693.75,0.50
2026-06-24 10:07:53,29696.50,29696.75,29692.75,29693.75,55,29692.25,29693.00,0.75
2026-06-24 10:07:54,29693.00,29695.75,29692.00,29693.50,133,29682.25,29683.00,0.75
2026-06-24 10:07:55,29692.25,29692.25,29680.50,29682.25,262,29685.50,29686.00,0.50
2026-06-24 10:07:56,29683.00,29686.75,29682.25,29685.50,147,29682.75,29683.25,0.50
2026-06-24 10:07:57,29686.00,29686.75,29682.50,29683.00,136,29682.75,29683.25,0.50
2026-06-24 10:07:58,29682.75,29684.75,29681.75,29682.50,118,29681.75,29682.00,0.25
2026-06-24 10:07:59,29682.50,29683.75,29680.50,29682.75,91,29681.75,29682.00,0.25
2026-06-24 10:08:00,29681.75,29681.75,29675.50,29676.25,203,29674.00,29674.75,0.75
2026-06-24 10:08:01,29676.00,29679.50,29673.75,29674.25,244,29673.25,29674.00,0.75
2026-06-24 10:08:02,29675.00,29676.50,29671.50,29673.75,193,29673.25,29674.00,0.75
2026-06-24 10:08:03,29673.75,29677.25,29672.50,29674.25,156,29678.50,29679.25,0.75
2026-06-24 10:08:04,29674.75,29681.75,29674.50,29679.25,131,29677.50,29678.00,0.50
2026-06-24 10:08:05,29679.00,29680.00,29677.75,29677.75,89,29671.75,29672.25,0.50
2026-06-24 10:08:06,29677.50,29677.50,29671.50,29671.75,238,29671.75,29672.50,0.75
2026-06-24 10:08:07,29672.00,29674.00,29668.00,29672.00,221,29674.50,29675.25,0.75
2026-06-24 10:08:08,29671.75,29676.50,29671.00,29674.50,128,29679.75,29680.50,0.75
2026-06-24 10:08:09,29675.00,29680.00,29674.50,29680.00,151,29680.75,29681.25,0.50
2026-06-24 10:08:10,29680.00,29682.50,29679.50,29681.00,96,29675.50,29676.25,0.75
2026-06-24 10:08:11,29681.50,29682.75,29675.25,29676.75,135,29675.50,29676.25,0.75
2026-06-24 10:08:12,29676.25,29681.25,29676.25,29678.00,78,29668.00,29668.50,0.50
2026-06-24 10:08:13,29678.50,29680.25,29667.00,29668.25,133,29668.00,29668.50,0.50
2026-06-24 10:08:14,29668.25,29669.25,29663.25,29665.75,262,29668.75,29669.50,0.75
2026-06-24 10:08:15,29665.75,29670.50,29664.75,29669.75,137,29668.75,29669.50,0.75
2026-06-24 10:08:16,29669.00,29669.00,29664.25,29666.75,121,29668.25,29668.75,0.50
2026-06-24 10:08:17,29667.25,29668.50,29666.25,29668.00,86,29668.75,29669.25,0.50
2026-06-24 10:08:18,29668.00,29673.25,29668.00,29669.75,170,29669.75,29670.25,0.50
2026-06-24 10:08:19,29668.50,29674.75,29666.75,29670.75,136,29669.75,29670.25,0.50
2026-06-24 10:08:20,29670.25,29670.25,29666.50,29668.00,97,29660.50,29661.25,0.75
2026-06-24 10:08:21,29667.75,29668.00,29660.00,29661.00,211,29660.75,29661.50,0.75
2026-06-24 10:08:22,29660.50,29666.75,29660.25,29661.25,219,29663.00,29663.75,0.75
2026-06-24 10:08:23,29661.25,29665.75,29661.00,29663.25,137,29663.00,29663.75,0.75
2026-06-24 10:08:24,29663.50,29673.75,29661.50,29673.50,252,29675.25,29675.75,0.50
2026-06-24 10:08:25,29673.25,29676.75,29673.25,29675.25,152,29677.50,29678.00,0.50
2026-06-24 10:08:26,29675.75,29682.75,29675.00,29678.00,239,29681.25,29682.00,0.75
2026-06-24 10:08:27,29677.50,29683.50,29677.00,29681.50,158,29681.25,29682.00,0.75
2026-06-24 10:08:28,29682.25,29682.75,29678.25,29681.00,136,29683.50,29684.25,0.75
2026-06-24 10:08:29,29681.75,29685.50,29680.75,29683.75,161,29683.50,29684.25,0.75
2026-06-24 10:08:30,29684.00,29686.00,29682.00,29685.25,164,29682.00,29682.75,0.75
2026-06-24 10:08:31,29685.50,29685.75,29679.00,29683.00,144,29682.00,29682.75,0.75
2026-06-24 10:08:32,29683.25,29684.50,29678.50,29680.00,146,29689.25,29690.00,0.75
2026-06-24 10:08:33,29681.75,29690.25,29681.25,29689.75,220,29697.00,29697.50,0.50
2026-06-24 10:08:34,29689.25,29697.25,29688.50,29697.00,376,29698.50,29699.25,0.75
2026-06-24 10:08:35,29697.50,29699.75,29695.25,29699.25,244,29671.75,29672.50,0.75
2026-06-24 10:08:36,29699.25,29699.25,29662.50,29671.25,1569,29671.75,29672.50,0.75
2026-06-24 10:08:37,29672.00,29680.75,29671.25,29672.50,235,29668.50,29669.50,1.00
2026-06-24 10:08:38,29670.50,29675.25,29668.25,29668.25,211,29668.50,29669.50,1.00
2026-06-24 10:08:39,29669.25,29675.00,29667.00,29672.75,148,29674.25,29675.25,1.00
2026-06-24 10:08:40,29672.00,29675.00,29671.75,29674.50,74,29675.75,29676.50,0.75
2026-06-24 10:08:41,29674.00,29676.75,29672.25,29676.25,96,29668.00,29668.75,0.75
2026-06-24 10:08:42,29675.50,29675.75,29668.00,29668.50,101,29670.75,29671.75,1.00
2026-06-24 10:08:43,29668.75,29672.75,29665.25,29671.00,114,29664.25,29665.25,1.00
2026-06-24 10:08:44,29670.75,29670.75,29663.75,29665.50,80,29670.00,29670.75,0.75
2026-06-24 10:08:45,29664.25,29671.50,29664.25,29669.50,118,29668.25,29669.25,1.00
2026-06-24 10:08:46,29670.75,29672.25,29668.00,29668.75,65,29663.00,29664.00,1.00
2026-06-24 10:08:47,29669.25,29671.50,29663.25,29664.00,122,29656.00,29657.00,1.00
2026-06-24 10:08:48,29663.00,29664.50,29653.75,29656.75,353,29656.25,29657.00,0.75
2026-06-24 10:08:49,29656.00,29658.75,29655.25,29657.00,178,29656.25,29657.00,0.75
2026-06-24 10:08:50,29656.25,29660.25,29654.75,29659.25,234,29647.25,29648.25,1.00
2026-06-24 10:08:51,29659.25,29660.25,29646.00,29647.50,347,29651.75,29652.50,0.75
2026-06-24 10:08:52,29648.25,29652.25,29646.25,29652.25,304,29651.75,29652.50,0.75
2026-06-24 10:08:53,29652.50,29652.75,29648.25,29648.50,180,29652.00,29653.00,1.00
2026-06-24 10:08:54,29648.00,29655.00,29648.00,29653.25,159,29650.25,29651.00,0.75
2026-06-24 10:08:55,29652.00,29655.75,29650.25,29650.50,105,29650.50,29651.25,0.75
2026-06-24 10:08:56,29650.25,29654.25,29648.25,29651.00,124,29649.00,29649.75,0.75
2026-06-24 10:08:57,29650.50,29652.25,29647.75,29649.50,125,29648.25,29649.25,1.00
2026-06-24 10:08:58,29649.75,29652.25,29646.25,29648.75,114,29647.00,29647.75,0.75
2026-06-24 10:08:59,29649.25,29650.50,29646.25,29647.50,121,29653.50,29654.00,0.50
2026-06-24 10:09:00,29647.00,29656.00,29646.75,29654.00,184,29657.75,29658.50,0.75
2026-06-24 10:09:01,29653.25,29658.75,29652.00,29658.75,132,29657.75,29658.50,0.75
2026-06-24 10:09:02,29658.25,29662.00,29657.50,29661.00,125,29658.75,29659.25,0.50
2026-06-24 10:09:03,29661.25,29661.25,29655.50,29658.75,145,29654.25,29654.75,0.50
2026-06-24 10:09:04,29658.25,29658.75,29652.00,29654.50,140,29654.00,29654.50,0.50
2026-06-24 10:09:05,29654.25,29660.25,29653.75,29654.75,104,29660.00,29660.75,0.75
2026-06-24 10:09:06,29654.00,29663.50,29653.75,29661.50,159,29660.00,29660.75,0.75
2026-06-24 10:09:07,29660.75,29661.50,29654.50,29656.75,101,29655.75,29656.25,0.50
2026-06-24 10:09:08,29657.00,29658.00,29652.25,29656.50,81,29655.75,29656.25,0.50
2026-06-24 10:09:09,29656.25,29656.50,29651.75,29652.75,94,29647.75,29648.25,0.50
2026-06-24 10:09:10,29652.25,29653.00,29647.50,29647.50,129,29648.00,29648.75,0.75
2026-06-24 10:09:11,29648.25,29649.75,29644.25,29648.00,278,29648.25,29649.00,0.75
2026-06-24 10:09:12,29647.75,29652.00,29647.25,29648.50,174,29653.25,29654.00,0.75
2026-06-24 10:09:13,29648.25,29659.00,29648.25,29655.50,170,29664.50,29665.25,0.75
2026-06-24 10:09:14,29653.25,29665.25,29651.75,29664.00,232,29664.25,29665.00,0.75
2026-06-24 10:09:15,29665.75,29667.75,29663.25,29664.75,171,29661.50,29662.25,0.75
2026-06-24 10:09:16,29665.50,29665.50,29660.75,29662.25,135,29663.25,29663.75,0.50
2026-06-24 10:09:17,29662.25,29664.00,29659.50,29663.50,82,29664.25,29664.75,0.50
2026-06-24 10:09:18,29664.00,29669.25,29661.75,29664.00,130,29670.25,29671.00,0.75
2026-06-24 10:09:19,29664.75,29673.75,29662.50,29671.00,223,29670.50,29671.25,0.75
2026-06-24 10:09:20,29671.00,29673.75,29670.75,29670.75,132,29673.00,29673.50,0.50
2026-06-24 10:09:21,29671.25,29676.75,29670.50,29672.75,188,29669.75,29670.50,0.75
2026-06-24 10:09:22,29673.50,29674.75,29668.50,29671.00,160,29669.75,29670.50,0.75
2026-06-24 10:09:23,29670.75,29673.75,29669.50,29671.00,90,29670.75,29671.25,0.50
2026-06-24 10:09:24,29670.75,29673.75,29667.75,29667.75,106,29674.25,29674.75,0.50
2026-06-24 10:09:25,29667.25,29678.75,29667.25,29674.25,217,29674.25,29674.75,0.50
2026-06-24 10:09:26,29674.50,29674.75,29671.00,29671.75,89,29673.50,29674.25,0.75
2026-06-24 10:09:27,29672.00,29678.25,29672.00,29674.50,75,29673.50,29674.25,0.75
2026-06-24 10:09:28,29674.00,29674.50,29667.00,29669.00,153,29669.00,29669.75,0.75
2026-06-24 10:09:29,29667.75,29671.00,29667.50,29669.50,56,29670.00,29670.75,0.75
2026-06-24 10:09:30,29669.25,29674.00,29667.00,29670.25,92,29670.50,29671.00,0.50
2026-06-24 10:09:31,29670.50,29672.75,29668.50,29671.25,86,29664.50,29665.25,0.75
2026-06-24 10:09:32,29671.00,29671.00,29664.25,29665.25,151,29665.50,29666.25,0.75
2026-06-24 10:09:33,29665.25,29667.75,29664.00,29666.00,77,29665.50,29666.25,0.75
2026-06-24 10:09:34,29666.00,29669.50,29666.00,29667.00,48,29676.00,29676.75,0.75
2026-06-24 10:09:35,29667.75,29677.25,29667.75,29676.75,137,29676.50,29677.00,0.50
2026-06-24 10:09:36,29676.50,29679.25,29675.00,29677.25,91,29677.50,29678.25,0.75
2026-06-24 10:09:37,29677.00,29679.00,29676.25,29678.25,54,29674.00,29674.50,0.50
2026-06-24 10:09:38,29677.50,29679.25,29669.00,29673.75,133,29673.00,29673.75,0.75
2026-06-24 10:09:39,29674.00,29676.50,29671.25,29673.50,107,29674.00,29674.75,0.75
2026-06-24 10:09:40,29673.50,29674.50,29671.50,29672.25,75,29677.25,29678.00,0.75
2026-06-24 10:09:41,29673.00,29678.75,29669.75,29677.75,102,29678.75,29679.25,0.50
2026-06-24 10:09:42,29677.75,29680.00,29676.75,29678.75,64,29680.75,29681.50,0.75
2026-06-24 10:09:43,29679.25,29683.50,29679.00,29680.75,168,29680.00,29680.50,0.50
2026-06-24 10:09:44,29681.00,29682.25,29679.25,29680.75,86,29676.25,29677.00,0.75
2026-06-24 10:09:45,29680.50,29682.50,29674.75,29676.50,121,29669.50,29670.25,0.75
2026-06-24 10:09:46,29676.50,29676.50,29667.50,29668.00,114,29672.50,29673.25,0.75
2026-06-24 10:09:47,29670.50,29674.75,29669.75,29673.25,69,29672.50,29673.25,0.75
2026-06-24 10:09:48,29673.00,29673.00,29668.00,29670.75,68,29673.00,29673.75,0.75
2026-06-24 10:09:49,29670.50,29673.50,29669.75,29673.50,67,29672.00,29672.75,0.75
2026-06-24 10:09:50,29672.75,29673.50,29670.50,29672.75,36,29677.00,29677.75,0.75
2026-06-24 10:09:51,29672.00,29678.75,29670.50,29677.25,133,29679.25,29680.00,0.75
2026-06-24 10:09:52,29676.50,29680.50,29676.50,29679.50,89,29679.75,29680.50,0.75
2026-06-24 10:09:53,29679.75,29680.50,29677.75,29679.75,55,29679.25,29680.00,0.75
2026-06-24 10:09:54,29680.50,29681.00,29677.50,29680.00,62,29680.75,29681.50,0.75
2026-06-24 10:09:55,29680.00,29682.75,29680.00,29681.00,86,29674.75,29675.50,0.75
2026-06-24 10:09:56,29680.25,29681.50,29675.25,29675.25,102,29674.25,29675.00,0.75
2026-06-24 10:09:57,29674.50,29676.50,29673.25,29675.00,96,29673.00,29673.75,0.75
2026-06-24 10:09:58,29674.25,29674.25,29671.00,29673.00,56,29675.75,29676.50,0.75
2026-06-24 10:09:59,29673.00,29677.25,29671.50,29676.00,57,29675.50,29676.00,0.50
2026-06-24 10:10:00,29676.00,29678.00,29675.00,29675.75,48,29674.25,29675.00,0.75
2026-06-24 10:10:01,29675.25,29680.50,29673.75,29674.00,134,29671.75,29672.50,0.75
2026-06-24 10:10:02,29674.25,29674.75,29670.50,29672.75,72,29669.25,29670.00,0.75
2026-06-24 10:10:03,29672.50,29672.50,29668.50,29669.25,160,29668.00,29668.50,0.50
2026-06-24 10:10:04,29669.50,29673.25,29666.50,29668.50,119,29659.75,29660.75,1.00
2026-06-24 10:10:05,29669.25,29670.00,29658.50,29660.50,271,29660.50,29661.25,0.75
2026-06-24 10:10:06,29660.00,29663.25,29660.00,29660.75,149,29663.75,29664.50,0.75
2026-06-24 10:10:07,29661.25,29664.50,29661.25,29664.00,76,29664.00,29664.75,0.75
2026-06-24 10:10:08,29664.25,29668.00,29664.25,29664.50,120,29668.50,29669.25,0.75
2026-06-24 10:10:09,29664.75,29671.50,29664.25,29668.00,123,29668.75,29669.25,0.50
2026-06-24 10:10:10,29669.50,29670.50,29667.75,29668.75,56,29671.50,29672.25,0.75
2026-06-24 10:10:11,29669.25,29674.75,29669.00,29671.75,159,29674.75,29675.25,0.50
2026-06-24 10:10:12,29672.75,29675.50,29672.00,29674.50,67,29674.50,29675.25,0.75
2026-06-24 10:10:13,29675.25,29675.50,29670.75,29675.25,96,29669.75,29670.50,0.75
2026-06-24 10:10:14,29675.25,29676.00,29669.75,29669.75,71,29669.75,29670.50,0.75
2026-06-24 10:10:15,29670.75,29670.75,29664.50,29669.00,140,29666.00,29666.50,0.50
2026-06-24 10:10:16,29668.50,29670.00,29665.25,29666.25,109,29675.00,29675.75,0.75
2026-06-24 10:10:17,29666.00,29675.50,29666.00,29675.00,220,29680.25,29681.00,0.75
2026-06-24 10:10:18,29675.50,29681.50,29673.75,29680.75,210,29682.75,29683.50,0.75
2026-06-24 10:10:19,29680.25,29684.75,29678.75,29683.00,238,29689.25,29689.75,0.50
2026-06-24 10:10:20,29683.00,29690.75,29683.00,29689.50,367,29689.50,29690.25,0.75
2026-06-24 10:10:21,29689.75,29691.25,29687.75,29690.25,234,29689.50,29690.25,0.75
2026-06-24 10:10:22,29689.50,29690.75,29682.25,29683.50,135,29684.75,29685.25,0.50
2026-06-24 10:10:23,29683.00,29687.75,29683.00,29684.75,125,29696.75,29697.50,0.75
2026-06-24 10:10:24,29684.75,29698.00,29684.25,29697.50,263,29703.25,29704.00,0.75
2026-06-24 10:10:25,29697.75,29704.50,29695.00,29703.25,422,29703.25,29704.00,0.75
2026-06-24 10:10:26,29704.00,29704.25,29699.75,29702.00,219,29703.50,29704.25,0.75
2026-06-24 10:10:27,29701.75,29704.75,29701.50,29704.00,234,29701.25,29702.00,0.75
2026-06-24 10:10:28,29703.50,29706.25,29696.50,29701.75,324,29701.25,29702.00,0.75
2026-06-24 10:10:29,29701.75,29711.50,29701.25,29708.75,311,29708.00,29708.50,0.50
2026-06-24 10:10:30,29708.50,29709.75,29705.25,29709.25,134,29708.25,29709.00,0.75
2026-06-24 10:10:31,29708.50,29709.25,29703.75,29703.75,154,29705.75,29706.25,0.50
2026-06-24 10:10:32,29705.25,29707.50,29702.75,29705.75,141,29703.25,29704.00,0.75
2026-06-24 10:10:33,29706.00,29706.00,29699.75,29703.25,181,29702.25,29702.75,0.50
2026-06-24 10:10:34,29702.75,29708.50,29701.75,29703.00,162,29701.75,29702.25,0.50
2026-06-24 10:10:35,29702.75,29706.50,29700.50,29702.75,112,29710.00,29710.75,0.75
2026-06-24 10:10:36,29702.25,29712.25,29702.25,29710.25,214,29714.50,29715.00,0.50
2026-06-24 10:10:37,29710.25,29714.50,29709.00,29714.50,232,29714.50,29715.00,0.50
2026-06-24 10:10:38,29714.50,29715.75,29711.00,29711.00,235,29707.50,29708.00,0.50
2026-06-24 10:10:39,29710.75,29710.75,29706.00,29707.75,153,29706.50,29707.25,0.75
2026-06-24 10:10:40,29708.25,29710.50,29705.25,29706.50,123,29706.50,29707.25,0.75
2026-06-24 10:10:41,29707.00,29709.00,29703.25,29705.00,110,29711.00,29711.75,0.75
2026-06-24 10:10:42,29705.25,29711.50,29704.25,29711.00,129,29712.25,29712.75,0.50
2026-06-24 10:10:43,29710.50,29712.50,29709.00,29712.50,97,29721.25,29721.75,0.50
2026-06-24 10:10:44,29712.25,29722.75,29712.25,29721.50,321,29719.75,29720.50,0.75
2026-06-24 10:10:45,29722.00,29722.25,29718.75,29720.75,170,29717.75,29718.50,0.75
2026-06-24 10:10:46,29720.50,29721.75,29717.75,29717.75,167,29712.75,29713.25,0.50
2026-06-24 10:10:47,29717.75,29719.50,29711.25,29712.25,191,29712.25,29712.75,0.50
2026-06-24 10:10:48,29713.25,29715.75,29712.00,29712.75,146,29712.75,29713.25,0.50
2026-06-24 10:10:49,29712.25,29713.75,29709.00,29713.50,158,29707.00,29707.50,0.50
2026-06-24 10:10:50,29713.25,29713.25,29704.75,29707.25,252,29704.50,29705.25,0.75
2026-06-24 10:10:51,29707.50,29707.75,29702.00,29704.75,168,29708.25,29708.75,0.50
2026-06-24 10:10:52,29704.25,29710.50,29703.75,29709.25,107,29704.00,29704.75,0.75
2026-06-24 10:10:53,29708.25,29708.25,29702.75,29704.25,141,29704.00,29704.75,0.75
2026-06-24 10:10:54,29704.50,29707.25,29703.75,29706.50,64,29697.00,29697.75,0.75
2026-06-24 10:10:55,29706.00,29708.75,29696.00,29697.50,290,29697.25,29697.75,0.50
2026-06-24 10:10:56,29697.25,29699.50,29695.50,29698.00,157,29697.00,29697.75,0.75
2026-06-24 10:10:57,29697.75,29701.00,29696.75,29698.00,150,29695.00,29695.50,0.50
2026-06-24 10:10:58,29696.75,29697.00,29692.75,29695.25,75,29696.25,29697.00,0.75
2026-06-24 10:10:59,29695.50,29697.75,29694.75,29696.75,121,29700.50,29701.00,0.50
2026-06-24 10:11:00,29697.25,29702.25,29697.25,29700.00,133,29700.50,29701.00,0.50
2026-06-24 10:11:01,29701.00,29701.00,29697.50,29699.25,159,29699.25,29700.00,0.75
2026-06-24 10:11:02,29699.75,29702.00,29698.50,29699.50,89,29702.50,29703.25,0.75
2026-06-24 10:11:03,29700.50,29707.00,29700.00,29703.00,154,29696.25,29696.75,0.50
2026-06-24 10:11:04,29703.00,29703.00,29695.25,29697.00,142,29691.50,29692.00,0.50
2026-06-24 10:11:05,29696.25,29698.75,29690.50,29691.75,128,29689.00,29689.50,0.50
2026-06-24 10:11:06,29691.50,29691.50,29688.25,29690.00,168,29690.50,29691.00,0.50
2026-06-24 10:11:07,29689.00,29692.50,29687.75,29691.25,104,29691.50,29692.00,0.50
2026-06-24 10:11:08,29691.00,29693.00,29690.75,29691.50,93,29687.75,29688.25,0.50
2026-06-24 10:11:09,29692.00,29692.00,29688.25,29688.25,124,29689.50,29690.00,0.50
2026-06-24 10:11:10,29687.75,29690.75,29686.50,29689.50,125,29694.25,29694.75,0.50
2026-06-24 10:11:11,29689.50,29695.75,29687.75,29694.25,123,29694.00,29694.50,0.50
2026-06-24 10:11:12,29695.00,29696.50,29693.50,29694.25,138,29696.25,29696.75,0.50
2026-06-24 10:11:13,29694.50,29696.75,29692.25,29696.25,63,29694.25,29695.00,0.75
2026-06-24 10:11:14,29696.25,29696.25,29693.50,29694.50,101,29677.75,29678.25,0.50
2026-06-24 10:11:15,29693.50,29693.50,29677.75,29677.75,357,29677.75,29678.25,0.50
2026-06-24 10:11:16,29678.25,29680.00,29676.00,29678.00,178,29678.00,29678.50,0.50
2026-06-24 10:11:17,29677.75,29681.50,29677.00,29678.50,243,29679.50,29680.25,0.75
2026-06-24 10:11:18,29678.50,29682.25,29676.75,29680.25,208,29679.75,29680.50,0.75
2026-06-24 10:11:19,29680.25,29682.50,29678.25,29680.00,162,29680.75,29681.50,0.75
2026-06-24 10:11:20,29679.75,29685.00,29678.75,29680.75,163,29682.25,29683.00,0.75
2026-06-24 10:11:21,29681.50,29684.50,29679.00,29682.50,184,29675.00,29675.75,0.75
2026-06-24 10:11:22,29682.25,29682.25,29671.75,29675.50,232,29672.50,29673.25,0.75
2026-06-24 10:11:23,29674.75,29680.00,29672.75,29672.75,183,29678.25,29678.75,0.50
2026-06-24 10:11:24,29673.25,29680.75,29673.25,29679.00,195,29676.75,29677.25,0.50
2026-06-24 10:11:25,29677.50,29679.00,29673.75,29677.25,113,29683.75,29684.50,0.75
2026-06-24 10:11:26,29677.50,29686.50,29677.50,29684.75,220,29687.00,29687.75,0.75
2026-06-24 10:11:27,29684.00,29688.50,29680.50,29687.00,106,29680.00,29680.50,0.50
2026-06-24 10:11:28,29687.00,29687.00,29680.00,29680.00,164,29675.25,29676.00,0.75
2026-06-24 10:11:29,29681.75,29682.00,29674.50,29676.00,94,29666.75,29667.50,0.75
2026-06-24 10:11:30,29676.00,29676.00,29667.00,29667.25,244,29667.50,29668.00,0.50
2026-06-24 10:11:31,29667.50,29669.75,29665.00,29667.00,149,29667.50,29668.00,0.50
2026-06-24 10:11:32,29667.50,29668.00,29662.00,29666.75,189,29665.50,29666.00,0.50
2026-06-24 10:11:33,29667.75,29667.75,29664.75,29666.00,88,29668.00,29668.75,0.75
2026-06-24 10:11:34,29665.25,29671.50,29665.25,29668.25,182,29668.00,29668.75,0.75
2026-06-24 10:11:35,29668.25,29672.75,29666.25,29669.75,200,29663.25,29663.75,0.50
2026-06-24 10:11:36,29670.00,29670.75,29663.25,29664.00,131,29663.25,29663.75,0.50
2026-06-24 10:11:37,29663.50,29665.00,29661.75,29663.25,146,29661.25,29661.75,0.50
2026-06-24 10:11:38,29663.50,29663.75,29659.50,29661.25,180,29661.25,29661.75,0.50
2026-06-24 10:11:39,29661.25,29666.50,29660.00,29665.25,149,29663.50,29664.25,0.75
2026-06-24 10:11:40,29664.00,29669.00,29661.75,29664.75,149,29669.00,29669.75,0.75
2026-06-24 10:11:41,29664.50,29671.25,29663.25,29669.75,118,29668.50,29669.25,0.75
2026-06-24 10:11:42,29669.50,29671.25,29667.50,29669.00,81,29664.50,29665.25,0.75
2026-06-24 10:11:43,29668.00,29670.00,29663.25,29666.00,143,29664.50,29665.25,0.75
2026-06-24 10:11:44,29665.50,29666.50,29656.00,29657.00,223,29656.25,29657.00,0.75
2026-06-24 10:11:45,29657.00,29659.00,29655.50,29657.50,220,29657.25,29658.00,0.75
2026-06-24 10:11:46,29657.75,29661.50,29657.50,29660.25,144,29660.50,29661.25,0.75
2026-06-24 10:11:47,29660.25,29662.50,29657.25,29661.25,91,29660.25,29661.00,0.75
2026-06-24 10:11:48,29660.50,29662.50,29659.75,29660.75,85,29660.00,29660.50,0.50
2026-06-24 10:11:49,29659.75,29663.75,29658.75,29660.00,124,29659.50,29660.00,0.50
2026-06-24 10:11:50,29660.00,29661.50,29657.75,29660.00,132,29661.00,29661.50,0.50
2026-06-24 10:11:51,29659.50,29662.25,29656.00,29660.75,137,29662.25,29662.75,0.50
2026-06-24 10:11:52,29661.00,29663.00,29660.00,29662.25,47,29663.25,29664.00,0.75
2026-06-24 10:11:53,29662.25,29666.25,29661.25,29664.25,144,29669.00,29669.25,0.25
2026-06-24 10:11:54,29664.00,29669.00,29663.00,29668.75,89,29669.25,29670.00,0.75
2026-06-24 10:11:55,29668.50,29670.25,29666.00,29669.50,88,29669.25,29670.00,0.75
2026-06-24 10:11:56,29669.50,29672.50,29668.75,29672.00,98,29670.25,29670.75,0.50
2026-06-24 10:11:57,29671.00,29673.00,29669.75,29670.25,127,29670.25,29671.00,0.75
2026-06-24 10:11:58,29670.25,29672.00,29669.75,29670.75,62,29670.25,29670.75,0.50
2026-06-24 10:11:59,29670.25,29671.75,29668.50,29670.50,63,29671.25,29671.75,0.50
2026-06-24 10:12:00,29670.00,29672.25,29669.75,29671.25,58,29665.00,29665.50,0.50
2026-06-24 10:12:01,29671.25,29672.00,29665.25,29665.50,130,29664.50,29665.00,0.50
2026-06-24 10:12:02,29665.50,29667.50,29663.75,29665.50,109,29660.75,29661.25,0.50
2026-06-24 10:12:03,29664.50,29665.50,29660.50,29660.50,122,29669.00,29669.75,0.75
2026-06-24 10:12:04,29661.25,29671.00,29661.00,29669.50,95,29670.25,29671.00,0.75
2026-06-24 10:12:05,29669.50,29671.75,29668.00,29670.75,91,29667.50,29668.00,0.50
2026-06-24 10:12:06,29670.00,29673.00,29667.25,29668.25,95,29667.50,29668.00,0.50
2026-06-24 10:12:07,29667.25,29668.50,29663.00,29664.25,122,29665.25,29665.75,0.50
2026-06-24 10:12:08,29664.75,29667.00,29664.25,29665.50,75,29665.50,29666.00,0.50
2026-06-24 10:12:09,29665.50,29667.00,29664.50,29665.50,49,29665.50,29666.00,0.50
2026-06-24 10:12:10,29665.75,29670.75,29665.50,29667.75,87,29676.50,29677.00,0.50
2026-06-24 10:12:11,29667.75,29677.00,29667.00,29677.00,131,29676.50,29677.00,0.50
2026-06-24 10:12:12,29676.75,29677.00,29671.50,29674.50,84,29667.50,29668.00,0.50
2026-06-24 10:12:13,29674.50,29674.75,29667.00,29667.00,108,29667.50,29668.00,0.50
2026-06-24 10:12:14,29667.75,29668.25,29663.50,29663.50,133,29652.00,29652.50,0.50
2026-06-24 10:12:15,29664.25,29666.00,29651.75,29653.25,308,29648.75,29649.25,0.50
2026-06-24 10:12:16,29652.00,29652.25,29646.25,29648.75,265,29649.00,29649.75,0.75
2026-06-24 10:12:17,29648.75,29650.25,29646.75,29649.00,177,29646.50,29647.00,0.50
2026-06-24 10:12:18,29649.00,29650.00,29646.00,29647.00,159,29645.50,29646.25,0.75
2026-06-24 10:12:19,29646.50,29648.00,29641.75,29646.00,464,29645.50,29646.25,0.75
2026-06-24 10:12:20,29646.25,29653.00,29645.25,29651.25,301,29650.00,29651.25,1.25
2026-06-24 10:12:21,29650.50,29653.75,29648.50,29651.00,168,29650.25,29650.75,0.50
2026-06-24 10:12:22,29650.50,29651.75,29645.00,29649.75,203,29640.00,29640.50,0.50
2026-06-24 10:12:23,29650.75,29651.50,29638.75,29640.25,217,29642.25,29642.75,0.50
2026-06-24 10:12:24,29640.00,29643.00,29638.75,29642.00,177,29641.00,29641.50,0.50
2026-06-24 10:12:25,29642.00,29643.75,29639.25,29641.25,94,29640.25,29641.00,0.75
2026-06-24 10:12:26,29641.50,29642.50,29634.00,29640.50,332,29640.25,29641.00,0.75
2026-06-24 10:12:27,29640.50,29644.50,29639.75,29643.50,174,29643.25,29643.75,0.50
2026-06-24 10:12:28,29643.75,29646.50,29642.00,29644.25,164,29643.25,29643.75,0.50
2026-06-24 10:12:29,29643.50,29657.00,29641.75,29651.50,339,29649.75,29650.25,0.50
2026-06-24 10:12:30,29652.50,29653.50,29649.25,29649.25,145,29661.50,29662.25,0.75
2026-06-24 10:12:31,29650.00,29663.25,29645.00,29662.50,561,29662.00,29663.00,1.00
2026-06-24 10:12:32,29662.50,29664.50,29659.50,29661.75,168,29670.50,29671.25,0.75
2026-06-24 10:12:33,29663.25,29672.25,29662.75,29671.25,371,29670.50,29671.25,0.75
2026-06-24 10:12:34,29671.00,29682.00,29671.00,29675.00,644,29677.25,29678.00,0.75
2026-06-24 10:12:35,29675.00,29677.00,29673.50,29676.75,183,29673.25,29674.00,0.75
2026-06-24 10:12:36,29677.00,29678.75,29671.75,29673.50,167,29673.25,29674.00,0.75
2026-06-24 10:12:37,29673.25,29678.00,29671.25,29675.00,105,29673.50,29674.25,0.75
2026-06-24 10:12:38,29675.00,29675.75,29672.50,29673.25,99,29687.00,29687.75,0.75
2026-06-24 10:12:39,29674.25,29688.75,29674.25,29687.75,477,29691.50,29692.00,0.50
2026-06-24 10:12:40,29687.75,29696.00,29687.75,29691.50,387,29690.75,29691.50,0.75
2026-06-24 10:12:41,29691.50,29696.25,29689.50,29691.50,343,29685.50,29686.00,0.50
2026-06-24 10:12:42,29690.75,29695.00,29685.50,29685.50,208,29689.50,29690.50,1.00
2026-06-24 10:12:43,29686.00,29691.25,29685.75,29690.00,119,29689.50,29690.50,1.00
2026-06-24 10:12:44,29689.75,29691.25,29687.00,29689.00,95,29684.25,29685.00,0.75
2026-06-24 10:12:45,29688.00,29691.00,29683.00,29684.75,110,29682.50,29683.25,0.75
2026-06-24 10:12:46,29684.00,29686.00,29679.25,29682.75,109,29682.25,29683.00,0.75
2026-06-24 10:12:47,29683.25,29688.75,29682.25,29682.25,92,29684.00,29684.75,0.75
2026-06-24 10:12:48,29682.75,29689.50,29680.75,29684.75,91,29687.00,29687.50,0.50
2026-06-24 10:12:49,29684.75,29687.75,29682.50,29687.00,75,29685.00,29685.75,0.75
2026-06-24 10:12:50,29687.00,29687.00,29683.00,29684.75,86,29680.75,29681.50,0.75
2026-06-24 10:12:51,29685.50,29685.50,29679.50,29681.50,109,29681.75,29682.50,0.75
2026-06-24 10:12:52,29681.00,29684.25,29679.75,29682.25,77,29683.25,29684.00,0.75
2026-06-24 10:12:53,29682.75,29684.00,29681.25,29683.25,55,29688.25,29688.75,0.50
2026-06-24 10:12:54,29684.00,29690.00,29683.75,29689.00,63,29686.25,29687.00,0.75
2026-06-24 10:12:55,29688.25,29688.75,29684.50,29686.00,86,29686.25,29687.00,0.75
2026-06-24 10:12:56,29686.50,29687.50,29685.75,29686.50,32,29685.50,29686.00,0.50
2026-06-24 10:12:57,29687.00,29688.75,29685.75,29685.75,26,29686.00,29686.75,0.75
2026-06-24 10:12:58,29686.00,29687.50,29685.25,29687.00,36,29678.75,29679.50,0.75
2026-06-24 10:12:59,29686.00,29686.00,29678.00,29678.50,156,29674.50,29675.25,0.75
2026-06-24 10:13:00,29678.75,29678.75,29673.25,29674.75,136,29672.25,29673.00,0.75
2026-06-24 10:13:01,29675.25,29676.00,29671.75,29672.75,94,29670.75,29671.25,0.50
2026-06-24 10:13:02,29673.25,29673.75,29670.00,29670.75,106,29671.75,29672.50,0.75
2026-06-24 10:13:03,29670.75,29673.25,29669.75,29671.75,118,29666.75,29667.25,0.50
2026-06-24 10:13:04,29671.75,29673.00,29666.25,29667.00,136,29665.50,29666.25,0.75
2026-06-24 10:13:05,29666.75,29667.50,29665.50,29666.25,111,29665.50,29666.25,0.75
2026-06-24 10:13:06,29666.00,29667.00,29663.50,29664.75,110,29664.50,29665.00,0.50
2026-06-24 10:13:07,29664.25,29667.50,29663.50,29664.50,107,29663.50,29664.00,0.50
2026-06-24 10:13:08,29664.50,29667.50,29662.50,29663.00,86,29663.50,29664.00,0.50
2026-06-24 10:13:09,29663.25,29664.25,29659.25,29660.00,134,29655.75,29656.50,0.75
2026-06-24 10:13:10,29659.75,29662.00,29655.75,29656.25,240,29655.75,29656.50,0.75
2026-06-24 10:13:11,29656.00,29657.50,29653.50,29656.25,165,29657.75,29658.25,0.50
2026-06-24 10:13:12,29655.25,29658.00,29654.25,29657.25,82,29653.50,29654.25,0.75
2026-06-24 10:13:13,29658.00,29658.00,29653.00,29653.50,138,29654.75,29655.25,0.50
2026-06-24 10:13:14,29653.50,29655.75,29653.50,29655.25,106,29653.75,29654.25,0.50
2026-06-24 10:13:15,29654.75,29661.00,29653.50,29653.75,197,29647.75,29648.25,0.50
2026-06-24 10:13:16,29654.00,29654.75,29647.75,29648.25,128,29647.75,29648.25,0.50
2026-06-24 10:13:17,29648.00,29649.50,29644.00,29646.25,218,29640.25,29641.00,0.75
2026-06-24 10:13:18,29646.50,29646.50,29640.25,29640.25,227,29643.50,29644.00,0.50
2026-06-24 10:13:19,29640.25,29646.00,29639.75,29643.75,222,29643.50,29644.00,0.50
2026-06-24 10:13:20,29643.50,29652.00,29640.75,29652.00,354,29651.50,29652.50,1.00
2026-06-24 10:13:21,29651.00,29656.00,29650.75,29655.25,331,29647.75,29648.25,0.50
2026-06-24 10:13:22,29654.75,29654.75,29647.75,29648.00,149,29645.25,29646.00,0.75
2026-06-24 10:13:23,29648.25,29650.75,29644.50,29646.25,91,29645.25,29646.00,0.75
2026-06-24 10:13:24,29645.50,29651.00,29642.50,29651.00,281,29652.00,29652.75,0.75
2026-06-24 10:13:25,29651.25,29652.75,29645.00,29646.00,278,29646.00,29646.50,0.50
2026-06-24 10:13:26,29646.75,29651.25,29645.50,29646.75,155,29644.25,29645.00,0.75
2026-06-24 10:13:27,29646.25,29647.25,29644.00,29645.00,74,29648.50,29649.25,0.75
2026-06-24 10:13:28,29645.00,29650.00,29643.25,29649.50,150,29644.25,29645.00,0.75
2026-06-24 10:13:29,29649.00,29649.00,29644.50,29644.75,63,29640.25,29640.75,0.50
2026-06-24 10:13:30,29645.00,29645.75,29639.50,29641.50,132,29641.00,29641.50,0.50
2026-06-24 10:13:31,29640.50,29644.50,29640.00,29641.75,116,29638.75,29639.25,0.50
2026-06-24 10:13:32,29641.50,29642.00,29637.75,29639.50,134,29638.25,29639.00,0.75
2026-06-24 10:13:33,29639.25,29642.00,29637.50,29638.75,145,29638.25,29639.00,0.75
2026-06-24 10:13:34,29638.25,29639.50,29637.00,29638.25,100,29642.00,29642.50,0.50
2026-06-24 10:13:35,29638.50,29642.75,29636.75,29642.00,110,29641.75,29642.25,0.50
2026-06-24 10:13:36,29642.25,29646.00,29641.50,29642.25,119,29644.00,29644.50,0.50
2026-06-24 10:13:37,29643.50,29644.50,29642.25,29644.50,60,29644.25,29644.75,0.50
2026-06-24 10:13:38,29644.00,29645.50,29643.00,29644.75,108,29644.25,29644.75,0.50
2026-06-24 10:13:39,29644.50,29646.50,29643.25,29645.50,83,29644.75,29645.50,0.75
2026-06-24 10:13:40,29645.75,29646.00,29641.50,29645.25,73,29646.00,29646.50,0.50
2026-06-24 10:13:41,29645.75,29649.00,29644.25,29646.00,98,29646.00,29646.50,0.50
2026-06-24 10:13:42,29646.25,29646.50,29635.75,29637.00,194,29649.50,29650.00,0.50
2026-06-24 10:13:43,29636.25,29652.50,29636.25,29649.50,426,29653.75,29654.25,0.50
2026-06-24 10:13:44,29650.00,29654.25,29646.00,29654.00,258,29653.75,29654.25,0.50
2026-06-24 10:13:45,29653.50,29655.50,29651.25,29652.50,137,29653.00,29653.75,0.75
2026-06-24 10:13:46,29652.75,29657.50,29652.75,29653.75,154,29661.00,29661.75,0.75
2026-06-24 10:13:47,29653.75,29663.50,29653.50,29662.00,205,29659.25,29660.00,0.75
2026-06-24 10:13:48,29661.75,29665.00,29659.50,29660.00,172,29654.25,29655.00,0.75
2026-06-24 10:13:49,29660.00,29660.00,29654.25,29655.75,82,29658.25,29658.75,0.50
2026-06-24 10:13:50,29656.00,29658.25,29655.00,29658.25,44,29652.75,29653.25,0.50
2026-06-24 10:13:51,29658.75,29659.00,29652.50,29653.50,103,29656.25,29656.75,0.50
2026-06-24 10:13:52,29652.50,29657.50,29652.25,29656.75,57,29654.75,29655.25,0.50
2026-06-24 10:13:53,29655.75,29656.25,29652.75,29654.00,77,29654.75,29655.25,0.50
2026-06-24 10:13:54,29654.25,29657.75,29653.00,29655.00,76,29652.50,29653.00,0.50
2026-06-24 10:13:55,29653.75,29654.00,29651.50,29653.00,42,29657.00,29657.75,0.75
2026-06-24 10:13:56,29653.75,29659.00,29653.75,29657.00,86,29655.75,29656.50,0.75
2026-06-24 10:13:57,29656.75,29657.75,29653.75,29656.00,107,29654.75,29655.50,0.75
2026-06-24 10:13:58,29656.75,29656.75,29655.25,29656.50,10,29655.00,29655.50,0.50
2026-06-24 10:13:59,29655.75,29656.25,29652.25,29654.75,41,29652.50,29653.00,0.50
2026-06-24 10:14:00,29655.00,29655.00,29652.50,29652.50,21,29655.25,29656.00,0.75
2026-06-24 10:14:01,29653.00,29657.00,29651.50,29654.75,86,29654.00,29654.75,0.75
2026-06-24 10:14:02,29654.75,29658.00,29653.25,29655.00,108,29654.50,29655.00,0.50
2026-06-24 10:14:03,29653.50,29655.00,29653.50,29653.75,25,29654.00,29654.50,0.50
2026-06-24 10:14:04,29654.75,29659.00,29654.50,29654.50,105,29653.00,29653.50,0.50
2026-06-24 10:14:05,29654.50,29655.75,29649.50,29653.25,114,29650.25,29651.00,0.75
2026-06-24 10:14:06,29653.00,29653.00,29648.00,29650.50,106,29649.75,29650.50,0.75
2026-06-24 10:14:07,29651.00,29652.25,29647.75,29649.75,68,29652.50,29653.00,0.50
2026-06-24 10:14:08,29649.75,29654.75,29649.50,29652.50,62,29647.75,29648.25,0.50
2026-06-24 10:14:09,29652.75,29653.00,29646.00,29648.25,112,29646.25,29647.00,0.75
2026-06-24 10:14:10,29647.00,29648.00,29646.25,29646.50,51,29648.00,29648.50,0.50
2026-06-24 10:14:11,29647.50,29649.00,29646.00,29649.00,68,29640.50,29641.25,0.75
2026-06-24 10:14:12,29648.50,29648.75,29641.50,29641.50,109,29640.50,29641.25,0.75
2026-06-24 10:14:13,29641.25,29643.50,29639.25,29641.25,134,29638.75,29639.50,0.75
2026-06-24 10:14:14,29641.50,29641.75,29637.00,29638.25,130,29638.50,29639.00,0.50
2026-06-24 10:14:15,29638.75,29639.50,29637.00,29638.00,102,29638.50,29639.00,0.50
2026-06-24 10:14:16,29638.25,29643.25,29637.50,29640.25,187,29647.50,29648.25,0.75
2026-06-24 10:14:17,29641.25,29649.25,29641.25,29649.25,128,29650.50,29651.00,0.50
2026-06-24 10:14:18,29648.25,29650.75,29647.50,29650.75,117,29652.75,29653.50,0.75
2026-06-24 10:14:19,29650.75,29654.25,29650.50,29653.25,96,29647.50,29648.25,0.75
2026-06-24 10:14:20,29653.50,29653.50,29647.75,29648.00,89,29653.00,29653.50,0.50
2026-06-24 10:14:21,29647.25,29654.00,29646.00,29653.00,174,29652.50,29653.00,0.50
2026-06-24 10:14:22,29653.25,29654.50,29651.75,29652.75,70,29652.75,29653.25,0.50
2026-06-24 10:14:23,29653.00,29654.50,29650.25,29653.25,95,29653.25,29653.75,0.50
2026-06-24 10:14:24,29652.25,29657.75,29650.00,29653.75,145,29649.75,29650.50,0.75
2026-06-24 10:14:25,29653.50,29658.25,29649.75,29651.00,201,29652.75,29653.00,0.25
2026-06-24 10:14:26,29650.50,29654.25,29650.25,29652.50,74,29654.75,29655.25,0.50
2026-06-24 10:14:27,29653.25,29656.25,29652.75,29655.50,60,29646.00,29646.75,0.75
2026-06-24 10:14:28,29654.75,29655.25,29646.25,29646.25,147,29646.25,29646.75,0.50
2026-06-24 10:14:29,29646.75,29649.25,29646.25,29646.50,71,29645.50,29646.00,0.50
2026-06-24 10:14:30,29646.25,29647.25,29643.00,29646.00,74,29645.50,29646.00,0.50
2026-06-24 10:14:31,29645.75,29649.75,29645.00,29649.75,83,29642.25,29642.75,0.50
2026-06-24 10:14:32,29649.50,29649.50,29642.25,29642.25,101,29646.50,29647.00,0.50
2026-06-24 10:14:33,29642.75,29646.75,29642.00,29646.75,63,29648.75,29649.25,0.50
2026-06-24 10:14:34,29647.00,29652.00,29647.00,29649.00,137,29647.50,29648.00,0.50
2026-06-24 10:14:35,29649.25,29649.25,29647.25,29648.25,45,29654.00,29654.75,0.75
2026-06-24 10:14:36,29647.75,29655.75,29647.75,29654.50,136,29651.75,29652.25,0.50
2026-06-24 10:14:37,29654.75,29656.50,29651.75,29652.00,75,29652.50,29653.25,0.75
2026-06-24 10:14:38,29652.00,29655.00,29650.25,29652.75,93,29649.75,29650.25,0.50
2026-06-24 10:14:39,29653.25,29655.00,29650.00,29650.25,87,29655.50,29656.25,0.75
2026-06-24 10:14:40,29650.00,29658.25,29650.00,29656.25,86,29658.00,29658.50,0.50
2026-06-24 10:14:41,29656.00,29658.50,29655.25,29658.00,84,29660.75,29661.25,0.50
2026-06-24 10:14:42,29657.50,29662.00,29657.50,29662.00,158,29656.00,29656.50,0.50
2026-06-24 10:14:43,29661.00,29661.00,29655.50,29656.00,139,29650.75,29651.50,0.75
2026-06-24 10:14:44,29656.00,29656.00,29650.50,29651.00,80,29649.00,29649.50,0.50
2026-06-24 10:14:45,29651.25,29653.00,29650.00,29650.50,25,29649.00,29649.50,0.50
2026-06-24 10:14:46,29649.25,29652.00,29649.25,29651.50,37,29651.25,29651.75,0.50
2026-06-24 10:14:47,29652.25,29652.50,29650.25,29650.75,34,29656.25,29656.75,0.50
2026-06-24 10:14:48,29652.00,29657.25,29651.50,29656.75,75,29656.25,29656.75,0.50
2026-06-24 10:14:49,29657.00,29657.00,29654.00,29654.50,61,29655.50,29656.25,0.75
2026-06-24 10:14:50,29655.75,29657.25,29654.50,29656.25,55,29657.00,29657.50,0.50
2026-06-24 10:14:51,29656.00,29659.50,29655.25,29657.25,69,29652.00,29652.75,0.75
2026-06-24 10:14:52,29657.00,29657.25,29652.50,29653.50,67,29652.00,29652.75,0.75
2026-06-24 10:14:53,29652.50,29657.00,29652.25,29655.75,111,29660.00,29660.75,0.75
2026-06-24 10:14:54,29653.75,29663.75,29653.75,29660.25,125,29660.50,29661.25,0.75
2026-06-24 10:14:55,29661.00,29661.50,29658.50,29661.25,105,29660.50,29661.25,0.75
2026-06-24 10:14:56,29660.75,29662.75,29659.25,29661.00,77,29664.75,29665.25,0.50
2026-06-24 10:14:57,29659.75,29666.75,29659.25,29664.50,174,29664.25,29664.75,0.50
2026-06-24 10:14:58,29664.75,29667.00,29664.00,29664.50,129,29666.75,29667.25,0.50
2026-06-24 10:14:59,29664.75,29669.00,29664.75,29667.25,91,29665.25,29666.00,0.75
2026-06-24 10:15:00,29667.50,29670.50,29665.00,29665.75,152,29659.25,29660.00,0.75
2026-06-24 10:15:01,29664.75,29667.50,29659.75,29660.00,234,29667.50,29668.00,0.50
2026-06-24 10:15:02,29659.75,29668.75,29659.75,29668.25,209,29667.50,29668.00,0.50
2026-06-24 10:15:03,29668.00,29669.00,29665.50,29667.50,100,29665.75,29666.50,0.75
2026-06-24 10:15:04,29668.00,29668.00,29662.75,29666.00,118,29664.00,29664.75,0.75
2026-06-24 10:15:05,29666.50,29666.50,29664.00,29664.75,61,29666.00,29666.50,0.50
2026-06-24 10:15:06,29663.75,29666.25,29662.50,29666.25,125,29664.25,29664.75,0.50
2026-06-24 10:15:07,29666.25,29667.50,29664.00,29664.50,60,29666.25,29667.00,0.75
2026-06-24 10:15:08,29664.75,29668.75,29664.25,29666.00,43,29672.75,29673.25,0.50
2026-06-24 10:15:09,29666.25,29675.00,29664.75,29672.25,188,29677.00,29677.75,0.75
2026-06-24 10:15:10,29673.50,29678.50,29673.00,29677.50,229,29676.00,29676.50,0.50
2026-06-24 10:15:11,29677.75,29679.00,29674.25,29676.50,174,29689.00,29689.75,0.75
2026-06-24 10:15:12,29678.00,29691.75,29677.50,29689.50,523,29689.00,29689.50,0.50
2026-06-24 10:15:13,29689.75,29694.50,29687.75,29689.50,392,29689.75,29690.50,0.75
2026-06-24 10:15:14,29689.50,29695.50,29689.50,29690.00,247,29692.75,29693.50,0.75
2026-06-24 10:15:15,29690.50,29695.00,29690.00,29694.50,178,29692.75,29693.50,0.75
2026-06-24 10:15:16,29693.75,29693.75,29688.50,29692.00,125,29691.25,29691.75,0.50
2026-06-24 10:15:17,29691.50,29695.25,29689.50,29691.25,171,29688.25,29688.75,0.50
2026-06-24 10:15:18,29691.25,29691.25,29684.75,29689.00,208,29688.25,29688.75,0.50
2026-06-24 10:15:19,29689.00,29690.50,29686.75,29688.00,92,29681.75,29682.25,0.50
2026-06-24 10:15:20,29688.25,29688.25,29680.00,29682.00,179,29685.25,29685.75,0.50
2026-06-24 10:15:21,29681.75,29687.75,29679.75,29685.75,189,29687.00,29687.75,0.75
2026-06-24 10:15:22,29685.75,29687.75,29683.75,29687.25,79,29687.00,29687.75,0.75
2026-06-24 10:15:23,29687.50,29689.00,29685.75,29687.25,75,29683.50,29684.25,0.75
2026-06-24 10:15:24,29686.75,29687.25,29682.25,29683.00,124,29683.50,29684.25,0.75
2026-06-24 10:15:25,29683.75,29683.75,29674.25,29675.00,249,29676.25,29676.75,0.50
2026-06-24 10:15:26,29676.75,29677.75,29673.00,29676.25,173,29681.00,29681.75,0.75
2026-06-24 10:15:27,29677.00,29683.75,29677.00,29681.25,120,29681.75,29682.50,0.75
2026-06-24 10:15:28,29681.50,29683.75,29680.50,29682.50,81,29684.00,29684.75,0.75
2026-06-24 10:15:29,29681.50,29685.00,29681.00,29684.25,93,29676.75,29677.25,0.50
2026-06-24 10:15:30,29683.25,29684.00,29675.50,29678.50,134,29673.75,29674.50,0.75
2026-06-24 10:15:31,29676.75,29680.25,29673.75,29674.25,73,29673.25,29673.75,0.50
2026-06-24 10:15:32,29673.75,29676.25,29671.50,29673.75,204,29669.00,29669.50,0.50
2026-06-24 10:15:33,29674.00,29674.25,29666.75,29668.50,159,29669.00,29669.50,0.50
2026-06-24 10:15:34,29669.00,29670.25,29660.75,29662.75,297,29661.00,29661.50,0.50
2026-06-24 10:15:35,29663.50,29665.00,29659.75,29661.50,173,29661.00,29661.50,0.50
2026-06-24 10:15:36,29661.00,29663.50,29657.25,29662.25,170,29655.50,29656.00,0.50
2026-06-24 10:15:37,29661.00,29663.50,29655.00,29656.00,187,29650.75,29651.25,0.50
2026-06-24 10:15:38,29656.25,29656.25,29648.75,29650.75,257,29650.75,29651.25,0.50
2026-06-24 10:15:39,29650.75,29651.00,29646.25,29647.50,190,29647.75,29648.50,0.75
2026-06-24 10:15:40,29648.75,29650.00,29645.25,29648.50,171,29648.50,29649.00,0.50
2026-06-24 10:15:41,29647.75,29650.50,29643.00,29648.75,169,29643.75,29644.25,0.50
2026-06-24 10:15:42,29647.50,29647.50,29642.00,29644.50,169,29643.75,29644.25,0.50
2026-06-24 10:15:43,29644.75,29646.25,29640.25,29642.00,154,29641.00,29641.50,0.50
2026-06-24 10:15:44,29641.00,29643.25,29639.25,29641.50,210,29641.50,29642.25,0.75
2026-06-24 10:15:45,29641.25,29642.75,29639.75,29641.75,126,29641.50,29642.25,0.75
2026-06-24 10:15:46,29641.25,29644.25,29641.00,29643.25,137,29648.50,29649.00,0.50
2026-06-24 10:15:47,29642.50,29650.50,29640.75,29649.25,218,29645.25,29646.00,0.75
2026-06-24 10:15:48,29649.50,29649.50,29644.50,29645.00,105,29643.50,29644.00,0.50
2026-06-24 10:15:49,29646.00,29646.25,29642.00,29643.50,104,29642.00,29642.50,0.50
2026-06-24 10:15:50,29643.75,29646.75,29640.25,29642.25,145,29641.75,29642.50,0.75
2026-06-24 10:15:51,29642.50,29644.50,29640.50,29641.75,76,29641.75,29642.50,0.75
2026-06-24 10:15:52,29642.00,29644.50,29639.75,29640.75,96,29641.00,29641.50,0.50
2026-06-24 10:15:53,29640.25,29643.00,29640.25,29642.00,70,29641.75,29642.25,0.50
2026-06-24 10:15:54,29641.00,29643.00,29639.75,29642.00,74,29639.00,29639.75,0.75
2026-06-24 10:15:55,29641.50,29644.25,29639.50,29640.25,136,29639.00,29639.75,0.75
2026-06-24 10:15:56,29639.25,29642.75,29636.75,29641.25,273,29638.00,29638.50,0.50
2026-06-24 10:15:57,29642.00,29642.00,29638.00,29638.75,100,29638.00,29638.50,0.50
2026-06-24 10:15:58,29638.25,29639.25,29637.00,29637.75,126,29627.75,29628.25,0.50
2026-06-24 10:15:59,29638.00,29638.00,29628.00,29628.50,500,29623.75,29624.25,0.50
2026-06-24 10:16:00,29627.75,29627.75,29620.75,29623.25,826,29623.75,29624.25,0.50
2026-06-24 10:16:01,29624.00,29632.00,29623.75,29630.25,315,29633.00,29633.50,0.50
2026-06-24 10:16:02,29630.00,29634.50,29628.75,29633.25,260,29633.00,29633.50,0.50
2026-06-24 10:16:03,29633.50,29639.25,29633.00,29638.25,240,29634.25,29634.75,0.50
2026-06-24 10:16:04,29636.75,29637.50,29633.75,29634.25,154,29624.75,29625.25,0.50
2026-06-24 10:16:05,29633.75,29636.00,29625.50,29625.50,204,29624.25,29625.00,0.75
2026-06-24 10:16:06,29624.75,29628.00,29623.00,29625.25,275,29624.25,29625.00,0.75
2026-06-24 10:16:07,29624.75,29624.75,29618.25,29618.25,365,29617.75,29618.25,0.50
2026-06-24 10:16:08,29618.25,29623.25,29617.50,29620.50,292,29618.50,29619.25,0.75
2026-06-24 10:16:09,29620.75,29623.50,29618.00,29619.00,162,29622.75,29623.50,0.75
2026-06-24 10:16:10,29618.50,29623.50,29618.50,29622.75,217,29626.25,29626.75,0.50
2026-06-24 10:16:11,29623.50,29628.00,29621.25,29626.25,162,29620.25,29620.75,0.50
2026-06-24 10:16:12,29626.25,29626.25,29618.25,29620.00,174,29620.25,29620.75,0.50
2026-06-24 10:16:13,29620.50,29621.00,29616.00,29616.50,159,29615.75,29616.00,0.25
2026-06-24 10:16:14,29616.50,29617.75,29612.50,29614.50,347,29615.75,29616.00,0.25
2026-06-24 10:16:15,29615.00,29616.75,29612.75,29615.00,227,29613.00,29613.50,0.50
2026-06-24 10:16:16,29615.50,29616.75,29612.00,29613.00,177,29613.00,29613.50,0.50
2026-06-24 10:16:17,29613.50,29620.00,29611.50,29619.75,218,29620.00,29620.50,0.50
2026-06-24 10:16:18,29619.75,29620.75,29615.00,29617.25,177,29616.50,29617.00,0.50
2026-06-24 10:16:19,29617.00,29618.00,29615.25,29616.75,131,29607.00,29607.50,0.50
2026-06-24 10:16:20,29617.00,29618.50,29607.00,29607.00,314,29602.50,29603.00,0.50
2026-06-24 10:16:21,29607.50,29608.50,29601.00,29602.75,487,29602.50,29603.00,0.50
2026-06-24 10:16:22,29602.50,29607.25,29602.25,29606.25,218,29608.25,29608.75,0.50
2026-06-24 10:16:23,29607.00,29609.00,29605.50,29607.75,212,29608.25,29608.75,0.50
2026-06-24 10:16:24,29608.50,29611.25,29606.25,29606.50,169,29606.25,29606.50,0.25
2026-06-24 10:16:25,29606.50,29612.75,29606.25,29612.25,171,29615.00,29615.50,0.50
2026-06-24 10:16:26,29612.25,29616.75,29610.75,29616.50,289,29617.50,29618.00,0.50
2026-06-24 10:16:27,29615.75,29618.75,29615.00,29618.00,176,29621.00,29621.50,0.50
2026-06-24 10:16:28,29618.00,29622.50,29614.75,29620.75,231,29621.00,29621.50,0.50
2026-06-24 10:16:29,29621.50,29622.00,29614.75,29615.00,154,29618.00,29618.50,0.50
2026-06-24 10:16:30,29616.00,29618.00,29614.50,29618.00,116,29619.25,29619.75,0.50
2026-06-24 10:16:31,29618.00,29621.25,29616.00,29619.25,172,29615.25,29615.75,0.50
2026-06-24 10:16:32,29620.00,29620.00,29615.00,29615.75,90,29615.25,29615.75,0.50
2026-06-24 10:16:33,29615.25,29615.75,29612.75,29615.75,227,29615.25,29615.75,0.50
2026-06-24 10:16:34,29615.50,29616.00,29605.50,29606.25,86,29604.50,29605.00,0.50
2026-06-24 10:16:35,29606.00,29606.75,29603.25,29604.75,137,29607.50,29608.00,0.50
2026-06-24 10:16:36,29604.50,29608.00,29604.00,29608.00,139,29608.00,29608.50,0.50
2026-06-24 10:16:37,29608.00,29609.25,29606.75,29608.00,111,29608.00,29608.75,0.75
2026-06-24 10:16:38,29608.00,29608.75,29606.50,29608.75,82,29616.00,29616.75,0.75
2026-06-24 10:16:39,29608.75,29616.50,29608.00,29615.75,182,29613.00,29613.50,0.50
2026-06-24 10:16:40,29615.75,29616.25,29611.00,29613.00,97,29609.25,29609.50,0.25
2026-06-24 10:16:41,29613.25,29613.25,29608.50,29609.00,86,29610.25,29610.75,0.50
2026-06-24 10:16:42,29609.50,29613.50,29609.50,29610.50,122,29609.25,29609.50,0.25
2026-06-24 10:16:43,29610.25,29612.00,29608.75,29609.25,86,29607.00,29607.50,0.50
2026-06-24 10:16:44,29609.25,29611.50,29606.75,29606.75,86,29607.50,29608.00,0.50
2026-06-24 10:16:45,29607.75,29608.00,29606.25,29608.00,50,29608.25,29608.75,0.50
2026-06-24 10:16:46,29608.00,29612.50,29606.75,29608.00,132,29607.25,29608.00,0.75
2026-06-24 10:16:47,29608.25,29608.75,29605.75,29608.25,112,29596.50,29597.00,0.50
2026-06-24 10:16:48,29607.25,29607.25,29595.00,29596.75,471,29597.25,29597.75,0.50
2026-06-24 10:16:49,29596.75,29599.25,29595.75,29598.25,165,29597.75,29598.25,0.50
2026-06-24 10:16:50,29597.75,29599.75,29596.50,29598.00,88,29597.75,29598.25,0.50
2026-06-24 10:16:51,29598.00,29600.75,29596.50,29598.75,121,29598.50,29599.00,0.50
2026-06-24 10:16:52,29598.75,29603.25,29598.50,29601.50,171,29605.00,29605.50,0.50
2026-06-24 10:16:53,29600.25,29606.00,29600.00,29605.00,153,29603.75,29604.25,0.50
2026-06-24 10:16:54,29605.00,29605.25,29603.00,29604.25,76,29595.75,29596.25,0.50
2026-06-24 10:16:55,29603.75,29603.75,29595.75,29596.00,145,29595.00,29595.50,0.50
2026-06-24 10:16:56,29596.25,29598.00,29595.00,29595.00,98,29595.50,29596.25,0.75
2026-06-24 10:16:57,29595.50,29597.00,29593.00,29595.75,144,29595.00,29595.50,0.50
2026-06-24 10:16:58,29595.50,29596.25,29594.00,29595.00,149,29595.25,29595.75,0.50
2026-06-24 10:16:59,29595.25,29596.75,29594.25,29595.00,112,29596.50,29596.75,0.25
2026-06-24 10:17:00,29595.50,29598.50,29595.00,29596.25,81,29598.50,29599.00,0.50
2026-06-24 10:17:01,29596.50,29603.00,29596.25,29599.50,172,29598.50,29599.00,0.50
2026-06-24 10:17:02,29599.00,29606.00,29598.75,29604.50,234,29604.25,29605.00,0.75
2026-06-24 10:17:03,29603.75,29605.75,29602.00,29604.75,137,29608.25,29609.00,0.75
2026-06-24 10:17:04,29604.75,29611.25,29604.50,29608.00,250,29612.00,29612.50,0.50
2026-06-24 10:17:05,29609.00,29613.75,29606.25,29612.25,176,29607.00,29607.25,0.25
2026-06-24 10:17:06,29612.00,29612.75,29607.50,29607.50,111,29607.00,29607.25,0.25
2026-06-24 10:17:07,29607.25,29607.75,29603.25,29604.25,129,29600.75,29601.50,0.75
2026-06-24 10:17:08,29605.00,29605.75,29601.00,29601.25,163,29599.00,29599.75,0.75
2026-06-24 10:17:09,29601.50,29606.25,29599.00,29599.75,113,29599.00,29599.50,0.50
2026-06-24 10:17:10,29599.75,29603.25,29598.00,29599.50,200,29598.50,29599.00,0.50
2026-06-24 10:17:11,29599.50,29600.50,29598.00,29599.75,105,29598.75,29599.25,0.50
2026-06-24 10:17:12,29599.25,29600.25,29596.50,29599.00,179,29600.75,29601.25,0.50
2026-06-24 10:17:13,29598.75,29603.75,29597.50,29601.50,160,29598.50,29599.00,0.50
2026-06-24 10:17:14,29600.75,29601.25,29598.75,29599.00,108,29605.50,29606.00,0.50
2026-06-24 10:17:15,29598.50,29607.25,29597.75,29605.25,155,29609.00,29609.50,0.50
2026-06-24 10:17:16,29606.50,29611.50,29606.50,29609.00,171,29609.00,29609.50,0.50
2026-06-24 10:17:17,29609.00,29610.00,29604.25,29606.25,97,29616.00,29616.50,0.50
2026-06-24 10:17:18,29605.50,29619.50,29605.50,29615.75,272,29616.25,29616.75,0.50
2026-06-24 10:17:19,29615.75,29616.75,29613.75,29616.75,242,29616.25,29616.75,0.50
2026-06-24 10:17:20,29616.50,29618.00,29610.50,29610.75,150,29611.50,29612.25,0.75
2026-06-24 10:17:21,29611.00,29612.75,29609.25,29610.25,120,29612.00,29612.50,0.50
2026-06-24 10:17:22,29609.50,29613.50,29608.50,29612.25,79,29613.75,29614.00,0.25
2026-06-24 10:17:23,29612.75,29613.75,29610.25,29613.50,64,29611.00,29611.50,0.50
2026-06-24 10:17:24,29613.75,29613.75,29611.00,29611.25,73,29607.25,29607.75,0.50
2026-06-24 10:17:25,29610.75,29612.00,29605.75,29607.50,135,29612.00,29612.50,0.50
2026-06-24 10:17:26,29607.00,29615.50,29605.75,29612.00,116,29608.25,29608.75,0.50
2026-06-24 10:17:27,29612.00,29613.00,29608.75,29608.75,76,29614.50,29615.25,0.75
2026-06-24 10:17:28,29608.25,29615.25,29607.00,29615.25,123,29614.75,29615.50,0.75
2026-06-24 10:17:29,29615.25,29615.75,29612.00,29614.25,84,29617.50,29618.00,0.50
2026-06-24 10:17:30,29614.50,29618.75,29614.00,29617.50,138,29613.00,29613.75,0.75
2026-06-24 10:17:31,29617.50,29621.50,29613.25,29614.00,234,29608.50,29609.00,0.50
2026-06-24 10:17:32,29612.50,29612.75,29607.50,29609.75,192,29608.50,29609.00,0.50
2026-06-24 10:17:33,29609.75,29610.25,29605.75,29605.75,98,29601.00,29601.75,0.75
2026-06-24 10:17:34,29606.50,29606.50,29599.75,29602.25,207,29599.50,29600.00,0.50
2026-06-24 10:17:35,29601.50,29601.75,29597.00,29599.75,176,29600.75,29601.50,0.75
2026-06-24 10:17:36,29600.00,29603.25,29596.50,29601.50,179,29602.25,29602.75,0.50
2026-06-24 10:17:37,29600.75,29603.00,29600.00,29603.00,89,29599.75,29600.25,0.50
2026-06-24 10:17:38,29603.00,29603.50,29597.75,29599.50,115,29598.25,29599.00,0.75
2026-06-24 10:17:39,29599.75,29599.75,29596.25,29598.50,80,29598.00,29598.50,0.50
2026-06-24 10:17:40,29599.00,29599.25,29594.00,29598.00,214,29594.25,29594.75,0.50
2026-06-24 10:17:41,29597.75,29598.00,29593.00,29594.50,154,29594.00,29594.50,0.50
2026-06-24 10:17:42,29594.75,29596.50,29592.00,29594.00,186,29594.00,29594.50,0.50
2026-06-24 10:17:43,29594.00,29601.75,29593.75,29597.00,281,29594.50,29595.00,0.50
2026-06-24 10:17:44,29597.25,29597.50,29593.50,29595.00,122,29594.00,29594.50,0.50
2026-06-24 10:17:45,29594.75,29597.25,29593.75,29594.00,102,29588.50,29589.00,0.50
2026-06-24 10:17:46,29594.00,29594.75,29586.25,29588.75,490,29588.50,29589.00,0.50
2026-06-24 10:17:47,29589.00,29590.00,29587.00,29587.00,164,29587.50,29588.00,0.50
2026-06-24 10:17:48,29587.25,29591.00,29586.75,29588.75,271,29589.00,29589.50,0.50
2026-06-24 10:17:49,29589.25,29589.50,29585.00,29586.50,232,29588.00,29588.50,0.50
2026-06-24 10:17:50,29586.50,29588.75,29585.50,29588.25,78,29590.25,29590.75,0.50
2026-06-24 10:17:51,29588.00,29590.50,29585.75,29589.75,128,29589.50,29590.25,0.75
2026-06-24 10:17:52,29590.50,29592.50,29588.50,29589.50,172,29589.50,29590.25,0.75
2026-06-24 10:17:53,29590.00,29591.75,29586.25,29586.25,149,29584.75,29585.25,0.50
2026-06-24 10:17:54,29586.50,29586.75,29582.75,29585.00,199,29585.00,29585.50,0.50
2026-06-24 10:17:55,29585.00,29587.25,29585.00,29585.25,99,29586.50,29587.25,0.75
2026-06-24 10:17:56,29585.50,29587.25,29584.25,29587.25,132,29586.50,29587.25,0.75
2026-06-24 10:17:57,29587.00,29588.25,29586.00,29587.75,152,29587.50,29588.00,0.50
2026-06-24 10:17:58,29588.00,29589.25,29586.75,29588.25,87,29587.50,29588.00,0.50
2026-06-24 10:17:59,29587.50,29589.00,29586.75,29587.00,92,29584.75,29585.25,0.50
2026-06-24 10:18:00,29587.00,29588.00,29584.75,29584.75,76,29588.00,29588.50,0.50
2026-06-24 10:18:01,29584.75,29589.50,29583.75,29588.00,314,29596.00,29596.50,0.50
2026-06-24 10:18:02,29587.75,29597.00,29587.25,29596.25,300,29593.75,29594.25,0.50
2026-06-24 10:18:03,29596.50,29597.00,29593.00,29594.00,177,29593.75,29594.25,0.50
2026-06-24 10:18:04,29594.25,29598.00,29593.75,29595.75,272,29599.50,29600.00,0.50
2026-06-24 10:18:05,29595.50,29600.75,29595.50,29600.00,186,29602.00,29602.75,0.75
2026-06-24 10:18:06,29599.25,29603.25,29597.75,29601.50,169,29603.50,29604.00,0.50
2026-06-24 10:18:07,29602.00,29605.50,29599.75,29604.00,199,29600.50,29601.00,0.50
2026-06-24 10:18:08,29604.00,29604.75,29600.75,29601.75,111,29598.75,29599.25,0.50
2026-06-24 10:18:09,29601.00,29601.25,29598.50,29599.50,66,29598.00,29598.50,0.50
2026-06-24 10:18:10,29598.50,29601.25,29597.00,29598.25,129,29594.75,29595.25,0.50
2026-06-24 10:18:11,29598.25,29599.75,29594.50,29594.50,132,29594.00,29594.75,0.75
2026-06-24 10:18:12,29595.25,29596.75,29593.75,29595.00,68,29595.25,29596.00,0.75
2026-06-24 10:18:13,29594.50,29596.50,29594.50,29595.75,61,29595.25,29596.00,0.75
2026-06-24 10:18:14,29595.75,29595.75,29591.25,29592.75,138,29597.50,29598.00,0.50
2026-06-24 10:18:15,29593.25,29598.00,29592.50,29598.00,113,29599.75,29600.50,0.75
2026-06-24 10:18:16,29597.50,29600.75,29596.25,29600.50,106,29601.00,29601.50,0.50
2026-06-24 10:18:17,29600.25,29601.75,29598.25,29601.75,103,29600.50,29601.00,0.50
2026-06-24 10:18:18,29601.00,29603.00,29600.00,29601.50,117,29604.00,29604.50,0.50
2026-06-24 10:18:19,29601.25,29605.00,29601.25,29604.50,127,29605.75,29606.25,0.50
2026-06-24 10:18:20,29603.75,29606.50,29602.00,29606.25,123,29602.25,29602.75,0.50
2026-06-24 10:18:21,29606.25,29606.25,29601.75,29602.50,81,29602.25,29602.75,0.50
2026-06-24 10:18:22,29602.75,29603.50,29599.00,29599.25,83,29599.75,29600.25,0.50
2026-06-24 10:18:23,29599.75,29602.00,29597.75,29600.00,67,29598.00,29598.50,0.50
2026-06-24 10:18:24,29599.50,29600.25,29598.00,29598.00,39,29601.00,29601.50,0.50
2026-06-24 10:18:25,29598.50,29601.25,29596.25,29600.75,95,29596.50,29597.00,0.50
2026-06-24 10:18:26,29602.25,29603.25,29596.25,29596.75,149,29598.00,29598.50,0.50
2026-06-24 10:18:27,29596.50,29599.00,29594.75,29598.25,72,29602.00,29602.50,0.50
2026-06-24 10:18:28,29597.75,29603.00,29597.00,29602.25,123,29607.00,29607.50,0.50
2026-06-24 10:18:29,29602.50,29609.25,29601.50,29607.00,182,29608.00,29608.50,0.50
2026-06-24 10:18:30,29607.25,29611.00,29606.75,29608.50,184,29610.50,29611.00,0.50
2026-06-24 10:18:31,29608.50,29613.00,29608.00,29610.75,212,29603.50,29604.00,0.50
2026-06-24 10:18:32,29610.50,29610.75,29603.00,29603.50,181,29603.50,29604.00,0.50
2026-06-24 10:18:33,29603.25,29606.25,29602.75,29604.75,113,29604.50,29604.75,0.25
2026-06-24 10:18:34,29604.75,29610.50,29603.75,29605.00,161,29599.00,29599.50,0.50
2026-06-24 10:18:35,29604.75,29604.75,29598.25,29599.50,270,29600.00,29600.50,0.50
2026-06-24 10:18:36,29599.75,29601.00,29598.75,29600.75,131,29595.75,29596.25,0.50
2026-06-24 10:18:37,29600.50,29601.50,29595.75,29595.75,132,29592.50,29593.00,0.50
2026-06-24 10:18:38,29595.50,29596.75,29592.50,29592.50,101,29587.75,29588.25,0.50
2026-06-24 10:18:39,29592.50,29593.50,29587.75,29588.00,205,29590.75,29591.00,0.25
2026-06-24 10:18:40,29587.50,29591.75,29587.50,29591.25,162,29590.50,29591.00,0.50
2026-06-24 10:18:41,29591.00,29593.00,29590.25,29591.00,187,29593.50,29594.00,0.50
2026-06-24 10:18:42,29591.00,29595.00,29587.75,29594.25,153,29595.25,29595.75,0.50
2026-06-24 10:18:43,29593.50,29596.75,29592.75,29595.75,87,29595.25,29595.75,0.50
2026-06-24 10:18:44,29595.00,29600.50,29595.00,29599.00,138,29601.00,29601.50,0.50
2026-06-24 10:18:45,29599.25,29604.25,29599.00,29601.25,139,29598.25,29598.75,0.50
2026-06-24 10:18:46,29601.25,29603.25,29597.25,29598.75,149,29598.25,29598.75,0.50
2026-06-24 10:18:47,29598.50,29604.25,29597.75,29604.25,70,29601.75,29602.50,0.75
2026-06-24 10:18:48,29604.50,29608.50,29601.75,29601.75,349,29601.75,29602.50,0.75
2026-06-24 10:18:49,29602.00,29606.25,29601.75,29604.50,115,29604.25,29604.75,0.50
2026-06-24 10:18:50,29604.75,29605.00,29602.50,29604.50,117,29597.50,29598.00,0.50
2026-06-24 10:18:51,29604.25,29604.50,29596.50,29598.00,96,29596.50,29597.00,0.50
2026-06-24 10:18:52,29598.00,29599.25,29595.00,29596.50,143,29598.25,29598.75,0.50
2026-06-24 10:18:53,29596.75,29599.25,29596.75,29598.25,68,29599.50,29600.25,0.75
2026-06-24 10:18:54,29598.00,29600.50,29598.00,29599.75,69,29599.50,29600.25,0.75
2026-06-24 10:18:55,29600.00,29600.25,29595.50,29595.75,118,29597.75,29598.25,0.50
2026-06-24 10:18:56,29596.75,29598.25,29596.25,29597.75,80,29598.00,29598.50,0.50
2026-06-24 10:18:57,29597.75,29601.25,29597.50,29598.50,119,29598.00,29598.50,0.50
2026-06-24 10:18:58,29598.25,29602.75,29598.00,29600.75,53,29605.00,29605.50,0.50
2026-06-24 10:18:59,29600.75,29607.75,29599.75,29605.25,136,29602.50,29603.00,0.50
2026-06-24 10:19:00,29605.50,29605.50,29602.00,29602.75,79,29601.50,29602.00,0.50
2026-06-24 10:19:01,29602.50,29604.25,29601.50,29601.50,65,29601.50,29602.00,0.50
2026-06-24 10:19:02,29602.75,29603.00,29599.50,29601.50,87,29601.25,29601.75,0.50
2026-06-24 10:19:03,29602.00,29602.75,29600.00,29602.00,85,29601.25,29601.75,0.50
2026-06-24 10:19:04,29601.50,29603.50,29601.50,29603.50,85,29604.25,29604.75,0.50
2026-06-24 10:19:05,29603.00,29605.00,29602.25,29604.25,111,29601.00,29601.50,0.50
2026-06-24 10:19:06,29604.75,29605.00,29600.25,29601.75,126,29599.50,29600.00,0.50
2026-06-24 10:19:07,29601.50,29602.00,29599.50,29600.00,61,29593.50,29594.00,0.50
2026-06-24 10:19:08,29599.50,29600.00,29593.00,29594.00,159,29591.00,29591.50,0.50
2026-06-24 10:19:09,29593.50,29594.25,29590.50,29591.25,130,29595.50,29596.00,0.50
2026-06-24 10:19:10,29591.00,29595.75,29591.00,29595.75,140,29596.00,29596.50,0.50
2026-06-24 10:19:11,29596.00,29596.75,29593.25,29596.00,90,29590.25,29590.75,0.50
2026-06-24 10:19:12,29595.50,29597.25,29590.50,29590.50,134,29590.25,29590.75,0.50
2026-06-24 10:19:13,29590.75,29591.00,29585.00,29587.00,260,29589.00,29589.50,0.50
2026-06-24 10:19:14,29587.50,29590.00,29586.25,29589.25,129,29587.00,29587.50,0.50
2026-06-24 10:19:15,29589.50,29590.50,29586.75,29587.25,129,29590.25,29590.75,0.50
2026-06-24 10:19:16,29587.50,29591.50,29586.75,29590.75,206,29590.75,29591.25,0.50
2026-06-24 10:19:17,29590.50,29591.50,29588.50,29591.00,122,29588.25,29588.75,0.50
2026-06-24 10:19:18,29590.75,29592.00,29587.50,29588.25,86,29589.00,29589.50,0.50
2026-06-24 10:19:19,29588.75,29591.50,29588.75,29589.25,96,29589.00,29589.50,0.50
2026-06-24 10:19:20,29589.25,29589.50,29587.25,29589.25,70,29583.50,29583.75,0.25
2026-06-24 10:19:21,29589.00,29589.50,29583.25,29583.50,189,29587.00,29587.50,0.50
2026-06-24 10:19:22,29583.50,29591.00,29582.25,29587.00,256,29587.00,29587.50,0.50
2026-06-24 10:19:23,29587.00,29589.00,29586.00,29587.25,114,29593.50,29594.00,0.50
2026-06-24 10:19:24,29587.25,29595.75,29587.00,29593.50,189,29590.50,29591.00,0.50
2026-06-24 10:19:25,29593.00,29595.25,29589.00,29592.25,163,29591.25,29591.75,0.50
2026-06-24 10:19:26,29590.50,29595.50,29589.75,29591.25,107,29593.00,29593.25,0.25
2026-06-24 10:19:27,29591.25,29593.25,29589.25,29593.00,153,29592.75,29593.25,0.50
2026-06-24 10:19:28,29593.25,29594.50,29591.25,29593.25,84,29592.25,29592.75,0.50
2026-06-24 10:19:29,29593.25,29595.50,29591.75,29592.25,107,29596.50,29597.00,0.50
2026-06-24 10:19:30,29593.25,29602.50,29593.25,29596.75,334,29593.25,29594.00,0.75
2026-06-24 10:19:31,29596.50,29596.50,29593.00,29593.00,81,29592.50,29593.00,0.50
2026-06-24 10:19:32,29594.00,29594.00,29590.75,29592.75,112,29591.50,29591.75,0.25
2026-06-24 10:19:33,29592.50,29593.75,29591.00,29591.50,57,29591.25,29591.50,0.25
2026-06-24 10:19:34,29591.75,29593.50,29588.25,29593.00,271,29591.25,29591.50,0.25
2026-06-24 10:19:35,29592.75,29596.75,29591.00,29593.25,166,29592.00,29592.50,0.50
2026-06-24 10:19:36,29592.50,29593.75,29588.75,29589.75,86,29588.50,29589.00,0.50
2026-06-24 10:19:37,29589.00,29589.75,29586.25,29589.00,132,29586.75,29587.25,0.50
2026-06-24 10:19:38,29589.25,29589.75,29586.50,29587.50,68,29589.00,29589.50,0.50
2026-06-24 10:19:39,29587.50,29589.50,29586.75,29589.00,72,29580.00,29580.25,0.25
2026-06-24 10:19:40,29589.50,29593.25,29578.50,29580.25,526,29583.75,29584.25,0.50
2026-06-24 10:19:41,29580.00,29585.75,29579.75,29583.75,144,29582.75,29583.25,0.50
2026-06-24 10:19:42,29583.25,29584.50,29581.75,29582.75,168,29580.50,29581.25,0.75
2026-06-24 10:19:43,29582.25,29585.00,29580.00,29581.75,118,29580.50,29581.25,0.75
2026-06-24 10:19:44,29581.00,29583.50,29580.00,29580.50,127,29580.25,29580.75,0.50
2026-06-24 10:19:45,29580.25,29582.50,29576.75,29578.00,175,29576.00,29576.50,0.50
2026-06-24 10:19:46,29579.25,29579.25,29575.50,29576.25,138,29579.00,29579.50,0.50
2026-06-24 10:19:47,29575.75,29580.50,29575.75,29579.50,159,29578.50,29579.00,0.50
2026-06-24 10:19:48,29579.00,29579.75,29576.75,29579.25,123,29581.25,29582.00,0.75
2026-06-24 10:19:49,29579.00,29583.50,29576.75,29581.50,139,29583.00,29583.75,0.75
2026-06-24 10:19:50,29582.00,29584.25,29581.25,29583.75,104,29583.75,29584.25,0.50
2026-06-24 10:19:51,29583.75,29586.75,29581.00,29584.25,155,29590.25,29590.75,0.50
2026-06-24 10:19:52,29584.25,29593.25,29584.25,29591.00,285,29588.00,29588.50,0.50
2026-06-24 10:19:53,29590.25,29591.00,29587.25,29588.25,109,29589.50,29590.00,0.50
2026-06-24 10:19:54,29588.00,29590.75,29587.75,29589.25,94,29588.75,29589.25,0.50
2026-06-24 10:19:55,29590.00,29591.00,29588.25,29588.75,83,29588.75,29589.25,0.50
2026-06-24 10:19:56,29589.00,29594.75,29589.00,29594.25,111,29590.75,29591.25,0.50
2026-06-24 10:19:57,29594.25,29594.75,29590.50,29591.00,122,29590.00,29590.50,0.50
2026-06-24 10:19:58,29591.25,29591.75,29590.00,29590.25,68,29585.75,29586.50,0.75
2026-06-24 10:19:59,29589.75,29591.25,29585.75,29586.00,88,29585.75,29586.50,0.75
2026-06-24 10:20:00,29586.25,29586.25,29582.00,29582.00,131,29581.00,29581.50,0.50
2026-06-24 10:20:01,29581.25,29583.50,29577.75,29578.50,292,29576.75,29577.25,0.50
2026-06-24 10:20:02,29577.75,29578.00,29574.50,29577.00,224,29577.25,29578.00,0.75
2026-06-24 10:20:03,29576.75,29578.50,29575.25,29577.75,171,29573.50,29574.00,0.50
2026-06-24 10:20:04,29577.25,29578.75,29572.75,29574.00,233,29573.50,29574.00,0.50
2026-06-24 10:20:05,29574.00,29575.50,29567.75,29569.75,443,29569.25,29569.75,0.50
2026-06-24 10:20:06,29570.00,29571.00,29567.50,29570.50,287,29569.75,29570.25,0.50
2026-06-24 10:20:07,29570.50,29570.50,29557.00,29560.75,1447,29560.50,29561.25,0.75
2026-06-24 10:20:08,29560.75,29563.50,29551.25,29553.50,769,29553.25,29554.00,0.75
2026-06-24 10:20:09,29553.25,29560.50,29553.25,29557.00,543,29561.50,29562.00,0.50
2026-06-24 10:20:10,29557.50,29562.25,29554.50,29562.00,301,29557.75,29558.50,0.75
2026-06-24 10:20:11,29561.50,29562.75,29556.50,29557.75,205,29557.50,29558.00,0.50
2026-06-24 10:20:12,29558.50,29558.75,29555.75,29557.50,187,29557.25,29557.75,0.50
2026-06-24 10:20:13,29558.00,29559.00,29556.00,29557.50,143,29557.25,29557.75,0.50
2026-06-24 10:20:14,29557.75,29558.25,29555.00,29555.00,85,29556.75,29557.25,0.50
2026-06-24 10:20:15,29555.75,29557.50,29554.25,29557.00,134,29556.75,29557.25,0.50
2026-06-24 10:20:16,29557.00,29557.50,29547.50,29548.50,390,29548.00,29548.50,0.50
2026-06-24 10:20:17,29548.50,29549.00,29545.25,29546.25,290,29545.25,29546.00,0.75
2026-06-24 10:20:18,29546.25,29548.00,29544.25,29545.25,228,29542.25,29542.75,0.50
2026-06-24 10:20:19,29544.25,29545.50,29541.25,29542.50,261,29542.50,29543.00,0.50
2026-06-24 10:20:20,29542.25,29543.50,29539.50,29542.75,335,29542.50,29543.00,0.50
2026-06-24 10:20:21,29542.75,29548.75,29542.75,29547.50,327,29548.75,29549.25,0.50
2026-06-24 10:20:22,29547.25,29549.50,29546.75,29549.50,219,29548.75,29549.25,0.50
2026-06-24 10:20:23,29549.25,29551.00,29545.25,29546.50,236,29546.00,29546.75,0.75
2026-06-24 10:20:24,29546.75,29547.50,29544.50,29546.25,156,29544.00,29544.50,0.50
2026-06-24 10:20:25,29547.00,29549.75,29543.75,29545.00,183,29540.75,29541.50,0.75
2026-06-24 10:20:26,29544.50,29544.50,29540.00,29541.00,204,29537.75,29538.25,0.50
2026-06-24 10:20:27,29541.50,29543.50,29535.75,29538.25,331,29537.75,29538.25,0.50
2026-06-24 10:20:28,29538.25,29538.75,29534.00,29534.75,294,29534.75,29535.50,0.75
2026-06-24 10:20:29,29534.75,29538.50,29532.75,29534.00,327,29531.00,29531.50,0.50
2026-06-24 10:20:30,29534.50,29536.50,29531.00,29531.00,240,29531.00,29531.50,0.50
2026-06-24 10:20:31,29531.25,29534.50,29531.00,29533.25,223,29534.00,29534.50,0.50
2026-06-24 10:20:32,29533.50,29536.50,29532.50,29534.75,199,29535.00,29535.50,0.50
2026-06-24 10:20:33,29534.00,29537.25,29532.00,29535.50,224,29533.50,29534.00,0.50
2026-06-24 10:20:34,29535.50,29537.25,29532.50,29534.00,212,29537.25,29537.50,0.25
2026-06-24 10:20:35,29534.00,29537.50,29533.50,29537.50,156,29533.00,29533.50,0.50
2026-06-24 10:20:36,29537.50,29539.50,29532.25,29533.50,198,29527.75,29528.25,0.50
2026-06-24 10:20:37,29533.50,29534.00,29527.75,29527.75,240,29526.75,29527.50,0.75
2026-06-24 10:20:38,29527.75,29528.25,29526.50,29527.25,255,29526.75,29527.50,0.75
2026-06-24 10:20:39,29527.25,29528.50,29526.75,29528.25,153,29528.75,29529.50,0.75
2026-06-24 10:20:40,29529.00,29529.50,29525.25,29527.75,228,29527.75,29528.25,0.50
2026-06-24 10:20:41,29528.00,29529.00,29526.50,29528.75,171,29535.00,29535.75,0.75
2026-06-24 10:20:42,29528.50,29538.25,29528.50,29535.25,354,29535.00,29535.75,0.75
2026-06-24 10:20:43,29535.50,29537.25,29534.00,29536.50,224,29536.00,29536.50,0.50
2026-06-24 10:20:44,29536.50,29540.50,29534.50,29539.75,189,29536.75,29537.25,0.50
2026-06-24 10:20:45,29539.75,29541.50,29536.75,29537.00,144,29536.00,29536.50,0.50
2026-06-24 10:20:46,29537.25,29539.75,29535.25,29536.00,128,29536.00,29536.50,0.50
2026-06-24 10:20:47,29536.25,29539.75,29536.25,29538.75,136,29539.25,29539.75,0.50
2026-06-24 10:20:48,29538.00,29541.00,29536.50,29539.00,106,29539.75,29540.25,0.50
2026-06-24 10:20:49,29539.75,29540.00,29537.75,29539.50,105,29542.75,29543.25,0.50
2026-06-24 10:20:50,29540.25,29544.25,29538.50,29543.25,181,29544.00,29544.75,0.75
2026-06-24 10:20:51,29542.00,29547.00,29541.75,29544.75,141,29544.00,29544.75,0.75
2026-06-24 10:20:52,29544.00,29546.00,29540.50,29540.50,178,29543.50,29544.00,0.50
2026-06-24 10:20:53,29540.75,29544.00,29540.75,29544.00,122,29551.50,29552.00,0.50
2026-06-24 10:20:54,29543.25,29555.00,29542.75,29551.50,447,29551.50,29552.00,0.50
2026-06-24 10:20:55,29551.25,29556.25,29550.75,29554.75,286,29556.00,29556.75,0.75
2026-06-24 10:20:56,29554.00,29558.75,29554.00,29557.00,375,29559.25,29559.75,0.50
2026-06-24 10:20:57,29556.75,29560.00,29556.00,29559.75,158,29568.25,29568.75,0.50
2026-06-24 10:20:58,29559.75,29570.25,29559.00,29568.50,416,29568.25,29568.75,0.50
2026-06-24 10:20:59,29568.75,29569.75,29566.00,29567.50,247,29566.50,29567.00,0.50
2026-06-24 10:21:00,29566.75,29572.75,29565.75,29567.00,311,29566.00,29566.75,0.75
2026-06-24 10:21:01,29566.00,29567.00,29563.25,29566.25,294,29567.00,29567.50,0.50
2026-06-24 10:21:02,29566.00,29568.00,29563.50,29566.75,175,29567.00,29567.50,0.50
2026-06-24 10:21:03,29567.00,29568.25,29564.75,29565.75,125,29564.25,29565.00,0.75
2026-06-24 10:21:04,29565.50,29568.00,29563.75,29564.75,126,29562.50,29563.00,0.50
2026-06-24 10:21:05,29565.00,29565.25,29561.75,29562.75,139,29562.50,29563.00,0.50
2026-06-24 10:21:06,29563.50,29565.00,29561.25,29562.00,95,29563.25,29564.00,0.75
2026-06-24 10:21:07,29563.00,29564.50,29561.50,29563.75,127,29563.25,29564.00,0.75
2026-06-24 10:21:08,29563.50,29565.50,29560.75,29563.00,102,29564.50,29565.50,1.00
2026-06-24 10:21:09,29564.50,29566.00,29562.75,29562.75,88,29562.50,29563.25,0.75
2026-06-24 10:21:10,29562.75,29562.75,29557.25,29557.75,135,29552.25,29552.75,0.50
2026-06-24 10:21:11,29558.75,29560.00,29551.50,29552.25,227,29552.25,29552.75,0.50
2026-06-24 10:21:12,29552.25,29556.00,29549.75,29554.50,200,29554.50,29555.00,0.50
2026-06-24 10:21:13,29554.50,29560.00,29554.00,29560.00,188,29564.25,29564.75,0.50
2026-06-24 10:21:14,29559.25,29565.25,29558.50,29564.25,130,29564.25,29564.75,0.50
2026-06-24 10:21:15,29564.25,29567.25,29562.25,29564.25,183,29569.00,29569.50,0.50
2026-06-24 10:21:16,29564.25,29571.00,29561.75,29569.25,225,29571.75,29572.25,0.50
2026-06-24 10:21:17,29568.75,29573.50,29568.00,29573.00,194,29571.75,29572.25,0.50
2026-06-24 10:21:18,29572.00,29574.50,29568.75,29573.25,282,29570.25,29571.00,0.75
2026-06-24 10:21:19,29573.00,29574.25,29570.25,29571.50,187,29569.25,29570.00,0.75
2026-06-24 10:21:20,29570.50,29574.25,29569.00,29569.50,148,29569.50,29570.00,0.50
2026-06-24 10:21:21,29569.50,29573.25,29568.75,29569.75,180,29569.50,29570.00,0.50
2026-06-24 10:21:22,29570.00,29576.00,29569.75,29575.25,192,29574.75,29575.25,0.50
2026-06-24 10:21:23,29574.75,29577.00,29573.00,29575.25,166,29570.50,29571.00,0.50
2026-06-24 10:21:24,29574.75,29575.00,29567.75,29570.00,240,29570.50,29571.00,0.50
2026-06-24 10:21:25,29570.75,29571.75,29563.25,29564.75,153,29563.25,29563.75,0.50
2026-06-24 10:21:26,29565.00,29566.25,29563.25,29563.50,72,29565.75,29566.25,0.50
2026-06-24 10:21:27,29563.25,29568.25,29562.50,29565.50,187,29570.50,29571.00,0.50
2026-06-24 10:21:28,29566.75,29572.25,29566.00,29570.75,135,29569.75,29570.50,0.75
2026-06-24 10:21:29,29570.50,29571.50,29569.00,29570.00,80,29573.25,29574.00,0.75
2026-06-24 10:21:30,29570.00,29576.75,29569.00,29573.75,178,29573.25,29574.00,0.75
2026-06-24 10:21:31,29573.50,29576.75,29571.75,29574.25,150,29580.00,29580.50,0.50
2026-06-24 10:21:32,29575.00,29580.75,29573.00,29580.50,227,29574.75,29575.25,0.50
2026-06-24 10:21:33,29580.25,29580.50,29575.00,29575.00,208,29574.75,29575.25,0.50
2026-06-24 10:21:34,29575.25,29575.25,29571.75,29573.75,223,29574.25,29575.00,0.75
2026-06-24 10:21:35,29574.00,29582.50,29572.50,29580.50,188,29584.25,29584.75,0.50
2026-06-24 10:21:36,29581.25,29584.75,29580.25,29584.50,264,29588.00,29588.50,0.50
2026-06-24 10:21:37,29584.00,29590.50,29583.00,29587.50,465,29582.75,29583.25,0.50
2026-06-24 10:21:38,29588.75,29591.75,29581.75,29583.25,318,29582.75,29583.25,0.50
2026-06-24 10:21:39,29583.00,29589.00,29582.00,29585.00,253,29584.50,29585.00,0.50
2026-06-24 10:21:40,29584.75,29593.75,29584.75,29591.50,300,29599.25,29599.75,0.50
2026-06-24 10:21:41,29591.50,29601.25,29591.50,29600.00,703,29599.25,29599.75,0.50
2026-06-24 10:21:42,29599.75,29608.25,29597.25,29607.00,546,29607.00,29607.75,0.75
2026-06-24 10:21:43,29606.25,29611.00,29605.25,29608.00,324,29616.75,29617.50,0.75
2026-06-24 10:21:44,29607.00,29621.25,29607.00,29617.00,671,29625.25,29626.00,0.75
2026-06-24 10:21:45,29617.50,29626.75,29616.00,29625.50,597,29625.25,29625.75,0.50
2026-06-24 10:21:46,29626.00,29630.00,29623.75,29625.00,506,29629.25,29630.00,0.75
2026-06-24 10:21:47,29625.75,29630.75,29625.75,29629.25,296,29626.50,29627.25,0.75
2026-06-24 10:21:48,29629.50,29631.75,29625.75,29625.75,208,29626.50,29627.25,0.75
2026-06-24 10:21:49,29627.00,29637.25,29627.00,29631.50,341,29633.50,29634.25,0.75
2026-06-24 10:21:50,29631.75,29635.25,29630.75,29633.75,207,29624.00,29624.75,0.75
2026-06-24 10:21:51,29634.25,29635.75,29624.00,29624.25,279,29624.00,29624.75,0.75
2026-06-24 10:21:52,29624.25,29626.75,29621.25,29621.75,293,29621.00,29621.75,0.75
2026-06-24 10:21:53,29621.50,29625.00,29620.25,29625.00,201,29624.50,29625.25,0.75
2026-06-24 10:21:54,29625.25,29626.00,29620.75,29621.50,164,29627.00,29627.50,0.50
2026-06-24 10:21:55,29621.25,29628.00,29620.75,29627.50,227,29628.50,29629.25,0.75
2026-06-24 10:21:56,29627.50,29629.75,29624.25,29629.00,103,29634.50,29635.25,0.75
2026-06-24 10:21:57,29628.00,29637.00,29625.75,29635.00,281,29634.50,29635.25,0.75
2026-06-24 10:21:58,29634.50,29636.75,29633.50,29636.50,161,29633.50,29634.25,0.75
2026-06-24 10:21:59,29635.75,29636.25,29632.75,29634.25,154,29626.25,29627.00,0.75
2026-06-24 10:22:00,29634.50,29635.75,29626.25,29626.75,319,29623.50,29624.00,0.50
2026-06-24 10:22:01,29626.25,29627.75,29622.00,29622.75,254,29622.00,29622.75,0.75
2026-06-24 10:22:02,29623.00,29624.75,29621.00,29622.25,156,29637.25,29637.75,0.50
2026-06-24 10:22:03,29622.50,29637.00,29622.50,29636.75,288,29637.25,29637.75,0.50
2026-06-24 10:22:04,29637.25,29646.75,29636.00,29644.50,585,29644.00,29644.75,0.75
2026-06-24 10:22:05,29644.25,29649.25,29639.00,29640.50,415,29640.25,29641.00,0.75
2026-06-24 10:22:06,29640.00,29644.25,29638.50,29639.75,243,29643.00,29643.50,0.50
2026-06-24 10:22:07,29640.00,29644.00,29639.75,29643.50,156,29643.00,29643.50,0.50
2026-06-24 10:22:08,29643.25,29644.50,29637.25,29638.00,209,29634.75,29635.50,0.75
2026-06-24 10:22:09,29637.50,29637.50,29630.75,29634.50,265,29634.75,29635.50,0.75
2026-06-24 10:22:10,29635.25,29641.75,29635.25,29641.75,185,29644.25,29645.00,0.75
2026-06-24 10:22:11,29641.25,29646.00,29640.25,29644.75,192,29642.00,29642.75,0.75
2026-06-24 10:22:12,29644.50,29645.75,29641.00,29642.75,188,29647.50,29648.00,0.50
2026-06-24 10:22:13,29642.00,29647.75,29640.75,29646.75,205,29654.75,29655.25,0.50
2026-06-24 10:22:14,29648.00,29657.50,29645.00,29655.00,507,29654.75,29655.25,0.50
2026-06-24 10:22:15,29655.00,29657.25,29650.25,29652.75,303,29652.25,29653.00,0.75
2026-06-24 10:22:16,29652.75,29654.50,29648.75,29650.25,190,29650.00,29650.50,0.50
2026-06-24 10:22:17,29650.25,29656.75,29650.00,29653.00,251,29653.50,29654.25,0.75
2026-06-24 10:22:18,29654.00,29655.00,29649.50,29650.75,234,29650.00,29650.50,0.50
2026-06-24 10:22:19,29650.75,29655.25,29648.75,29654.25,168,29647.25,29648.00,0.75
2026-06-24 10:22:20,29653.75,29654.75,29644.25,29648.00,205,29647.25,29648.00,0.75
2026-06-24 10:22:21,29647.50,29649.00,29643.25,29646.25,251,29648.50,29649.00,0.50
2026-06-24 10:22:22,29646.75,29650.00,29643.25,29648.50,171,29641.50,29642.00,0.50
2026-06-24 10:22:23,29649.00,29651.00,29641.25,29642.25,189,29644.50,29645.00,0.50
2026-06-24 10:22:24,29641.25,29647.25,29640.50,29644.00,166,29641.25,29641.75,0.50
2026-06-24 10:22:25,29644.50,29645.50,29639.50,29641.75,180,29649.00,29649.50,0.50
2026-06-24 10:22:26,29641.75,29650.00,29641.75,29648.75,135,29654.00,29654.50,0.50
2026-06-24 10:22:27,29649.00,29653.50,29646.00,29653.00,187,29654.00,29654.50,0.50
2026-06-24 10:22:28,29653.75,29656.25,29649.25,29650.25,192,29648.00,29648.50,0.50
2026-06-24 10:22:29,29650.00,29651.75,29646.75,29647.75,176,29648.00,29648.50,0.50
2026-06-24 10:22:30,29648.25,29649.25,29642.50,29644.25,136,29641.00,29641.50,0.50
2026-06-24 10:22:31,29643.75,29647.75,29642.25,29642.25,156,29641.00,29641.50,0.50
2026-06-24 10:22:32,29641.75,29642.00,29636.75,29637.75,260,29632.75,29633.25,0.50
2026-06-24 10:22:33,29638.00,29640.00,29631.25,29633.25,324,29637.25,29638.00,0.75
2026-06-24 10:22:34,29632.50,29638.75,29632.50,29638.50,210,29637.25,29638.00,0.75
2026-06-24 10:22:35,29637.50,29646.25,29635.75,29644.25,218,29645.00,29645.75,0.75
2026-06-24 10:22:36,29645.25,29647.25,29641.75,29642.25,161,29644.25,29644.75,0.50
2026-06-24 10:22:37,29643.50,29645.50,29639.50,29645.00,155,29641.25,29641.75,0.50
2026-06-24 10:22:38,29645.00,29646.50,29640.50,29641.50,83,29641.50,29642.00,0.50
2026-06-24 10:22:39,29641.75,29643.75,29641.00,29642.75,48,29641.50,29642.00,0.50
2026-06-24 10:22:40,29642.00,29642.00,29634.25,29635.25,152,29635.00,29635.50,0.50
2026-06-24 10:22:41,29635.00,29638.25,29634.00,29635.00,99,29634.00,29634.75,0.75
2026-06-24 10:22:42,29635.00,29635.50,29632.00,29634.50,143,29631.50,29632.25,0.75
2026-06-24 10:22:43,29634.75,29640.00,29631.75,29632.75,250,29631.50,29632.25,0.75
2026-06-24 10:22:44,29631.75,29632.00,29627.25,29629.75,180,29629.25,29629.75,0.50
2026-06-24 10:22:45,29629.75,29630.75,29626.50,29629.00,224,29634.50,29635.00,0.50
2026-06-24 10:22:46,29629.75,29636.00,29629.75,29635.00,163,29632.25,29633.00,0.75
2026-06-24 10:22:47,29635.00,29637.00,29630.50,29633.00,120,29635.50,29636.00,0.50
2026-06-24 10:22:48,29633.25,29635.75,29631.75,29635.50,115,29635.50,29636.00,0.50
2026-06-24 10:22:49,29635.75,29639.00,29631.00,29637.50,218,29631.50,29632.00,0.50
2026-06-24 10:22:50,29636.75,29636.75,29631.00,29632.00,116,29630.00,29630.50,0.50
2026-06-24 10:22:51,29631.75,29634.25,29629.00,29630.00,81,29630.00,29630.50,0.50
2026-06-24 10:22:52,29630.00,29634.00,29628.25,29633.50,85,29632.25,29632.75,0.50
2026-06-24 10:22:53,29634.50,29636.25,29630.75,29632.00,99,29632.25,29632.75,0.50
2026-06-24 10:22:54,29632.25,29634.00,29631.00,29631.75,77,29630.25,29631.00,0.75
2026-06-24 10:22:55,29633.75,29634.00,29630.00,29630.25,121,29635.25,29635.75,0.50
2026-06-24 10:22:56,29630.25,29638.50,29630.25,29636.75,138,29635.25,29635.75,0.50
2026-06-24 10:22:57,29635.25,29641.75,29634.75,29640.75,91,29637.75,29638.50,0.75
2026-06-24 10:22:58,29640.75,29641.75,29637.75,29638.50,97,29637.25,29638.00,0.75
2026-06-24 10:22:59,29638.00,29638.75,29636.25,29637.75,70,29637.25,29638.00,0.75
2026-06-24 10:23:00,29637.50,29638.00,29632.75,29635.00,131,29629.50,29630.00,0.50
2026-06-24 10:23:01,29636.25,29636.25,29629.50,29630.00,173,29624.25,29624.75,0.50
2026-06-24 10:23:02,29630.25,29632.00,29624.00,29624.25,260,29624.25,29624.75,0.50
2026-06-24 10:23:03,29624.25,29627.50,29620.00,29627.50,405,29628.00,29628.25,0.25
2026-06-24 10:23:04,29628.00,29630.50,29624.50,29625.75,178,29622.75,29623.25,0.50
2026-06-24 10:23:05,29626.25,29626.25,29620.50,29623.50,184,29621.75,29622.50,0.75
2026-06-24 10:23:06,29622.75,29623.25,29617.75,29621.75,202,29620.75,29621.50,0.75
2026-06-24 10:23:07,29622.50,29625.75,29620.75,29621.50,173,29620.75,29621.50,0.75
2026-06-24 10:23:08,29621.00,29629.50,29620.25,29629.00,150,29631.25,29632.00,0.75
2026-06-24 10:23:09,29628.75,29632.75,29628.50,29632.00,135,29632.50,29633.00,0.50
2026-06-24 10:23:10,29632.00,29634.00,29630.25,29632.75,121,29631.75,29632.25,0.50
2026-06-24 10:23:11,29634.00,29634.75,29630.75,29632.75,100,29634.25,29634.75,0.50
2026-06-24 10:23:12,29632.25,29634.50,29629.50,29634.50,111,29638.50,29639.25,0.75
2026-06-24 10:23:13,29634.00,29640.25,29633.00,29639.00,203,29641.50,29642.00,0.50
2026-06-24 10:23:14,29638.50,29641.75,29636.75,29641.25,272,29644.75,29645.25,0.50
2026-06-24 10:23:15,29641.50,29647.50,29641.25,29645.25,302,29655.00,29655.50,0.50
2026-06-24 10:23:16,29645.25,29655.75,29644.25,29655.25,568,29655.25,29656.00,0.75
2026-06-24 10:23:17,29655.25,29659.50,29654.00,29655.75,407,29662.75,29663.75,1.00
2026-06-24 10:23:18,29656.00,29664.00,29655.00,29662.50,490,29662.75,29663.75,1.00
2026-06-24 10:23:19,29663.50,29666.25,29659.75,29661.25,345,29660.50,29661.00,0.50
2026-06-24 10:23:20,29661.25,29664.25,29659.00,29660.50,276,29655.50,29656.00,0.50
2026-06-24 10:23:21,29661.00,29661.50,29654.25,29656.25,218,29655.50,29656.00,0.50
2026-06-24 10:23:22,29655.75,29660.25,29652.75,29654.00,201,29653.50,29654.00,0.50
2026-06-24 10:23:23,29653.75,29655.50,29652.25,29654.25,236,29656.25,29656.75,0.50
2026-06-24 10:23:24,29654.50,29657.00,29652.25,29656.50,173,29657.75,29658.25,0.50
2026-06-24 10:23:25,29656.25,29658.75,29655.00,29658.50,118,29657.75,29658.25,0.50
2026-06-24 10:23:26,29658.00,29661.75,29654.50,29654.50,160,29651.25,29652.00,0.75
2026-06-24 10:23:27,29654.50,29656.00,29651.25,29651.25,179,29655.75,29656.50,0.75
2026-06-24 10:23:28,29651.50,29656.50,29651.50,29656.00,132,29654.00,29654.75,0.75
2026-06-24 10:23:29,29655.75,29656.25,29653.25,29654.75,92,29654.00,29654.75,0.75
2026-06-24 10:23:30,29654.25,29660.50,29654.25,29657.50,157,29663.75,29664.25,0.50
2026-06-24 10:23:31,29657.75,29668.50,29657.75,29664.25,337,29663.75,29664.25,0.50
2026-06-24 10:23:32,29664.25,29667.00,29663.00,29664.25,237,29664.25,29664.75,0.50
2026-06-24 10:23:33,29663.75,29668.25,29662.50,29664.75,125,29660.75,29661.25,0.50
2026-06-24 10:23:34,29664.75,29666.25,29659.75,29661.00,191,29660.25,29660.75,0.50
2026-06-24 10:23:35,29660.75,29663.25,29660.25,29660.75,150,29665.50,29666.00,0.50
2026-06-24 10:23:36,29660.25,29667.25,29660.25,29666.00,141,29658.25,29659.00,0.75
2026-06-24 10:23:37,29665.50,29666.25,29656.75,29659.25,238,29658.25,29659.00,0.75
2026-06-24 10:23:38,29658.50,29660.25,29655.50,29656.25,191,29660.00,29660.75,0.75
2026-06-24 10:23:39,29656.00,29661.25,29656.00,29660.50,123,29654.75,29655.25,0.50
2026-06-24 10:23:40,29661.00,29661.50,29654.50,29654.50,143,29648.75,29649.25,0.50
2026-06-24 10:23:41,29654.75,29656.50,29648.50,29649.25,308,29651.00,29651.75,0.75
2026-06-24 10:23:42,29649.00,29651.25,29645.75,29651.25,163,29647.25,29647.75,0.50
2026-06-24 10:23:43,29651.00,29653.00,29647.00,29647.00,120,29645.00,29645.50,0.50
2026-06-24 10:23:44,29647.00,29649.75,29643.25,29644.75,191,29646.25,29647.00,0.75
2026-06-24 10:23:45,29644.75,29648.25,29644.25,29646.50,142,29644.25,29644.75,0.50
2026-06-24 10:23:46,29646.25,29646.50,29643.25,29645.25,135,29644.25,29644.75,0.50
2026-06-24 10:23:47,29644.50,29644.50,29637.50,29637.75,194,29636.25,29637.00,0.75
2026-06-24 10:23:48,29637.50,29638.50,29636.00,29636.50,162,29636.25,29636.75,0.50
2026-06-24 10:23:49,29636.00,29638.50,29635.25,29636.50,145,29638.50,29639.25,0.75
2026-06-24 10:23:50,29637.00,29639.00,29634.00,29638.50,191,29642.50,29643.00,0.50
2026-06-24 10:23:51,29639.50,29644.25,29637.75,29642.75,122,29642.50,29643.00,0.50
2026-06-24 10:23:52,29643.25,29645.75,29641.75,29642.75,70,29644.00,29644.75,0.75
2026-06-24 10:23:53,29642.50,29644.75,29640.25,29644.75,93,29646.50,29647.00,0.50
2026-06-24 10:23:54,29643.75,29649.00,29643.75,29646.50,81,29648.25,29648.75,0.50
2026-06-24 10:23:55,29646.75,29648.50,29643.50,29648.00,86,29645.50,29646.00,0.50
2026-06-24 10:23:56,29647.50,29648.25,29645.25,29645.50,66,29650.50,29651.25,0.75
2026-06-24 10:23:57,29646.00,29651.75,29646.00,29651.00,93,29646.00,29646.75,0.75
2026-06-24 10:23:58,29650.75,29651.00,29645.75,29646.25,110,29645.25,29645.75,0.50
2026-06-24 10:23:59,29645.50,29647.50,29644.75,29646.75,82,29647.75,29648.25,0.50
2026-06-24 10:24:00,29644.50,29649.25,29644.50,29647.00,151,29642.50,29643.00,0.50
2026-06-24 10:24:01,29647.75,29648.00,29641.25,29642.75,174,29642.50,29643.00,0.50
2026-06-24 10:24:02,29642.75,29646.25,29641.25,29645.25,123,29644.25,29644.75,0.50
2026-06-24 10:24:03,29644.75,29649.00,29643.50,29647.25,115,29646.00,29646.50,0.50
2026-06-24 10:24:04,29647.00,29648.50,29646.00,29647.00,61,29640.50,29641.00,0.50
2026-06-24 10:24:05,29646.25,29647.50,29640.00,29640.75,88,29643.50,29644.25,0.75
2026-06-24 10:24:06,29640.50,29643.50,29639.25,29643.25,119,29646.50,29647.00,0.50
2026-06-24 10:24:07,29644.50,29647.00,29642.00,29646.75,129,29657.00,29657.50,0.50
2026-06-24 10:24:08,29647.00,29659.00,29646.00,29657.50,240,29658.25,29658.75,0.50
2026-06-24 10:24:09,29657.00,29660.50,29655.25,29658.75,194,29658.75,29659.25,0.50
2026-06-24 10:24:10,29657.75,29660.00,29657.25,29659.25,136,29658.75,29659.25,0.50
2026-06-24 10:24:11,29659.00,29661.50,29657.25,29661.25,153,29660.75,29661.25,0.50
2026-06-24 10:24:12,29660.75,29662.75,29660.00,29662.75,116,29662.00,29662.50,0.50
2026-06-24 10:24:13,29662.00,29666.50,29661.25,29666.00,155,29666.50,29666.75,0.25
2026-06-24 10:24:14,29666.00,29670.75,29666.00,29669.50,311,29670.75,29671.50,0.75
2026-06-24 10:24:15,29669.00,29675.00,29668.50,29670.75,416,29672.00,29672.50,0.50
2026-06-24 10:24:16,29671.75,29675.00,29670.75,29672.50,224,29671.50,29672.25,0.75
2026-06-24 10:24:17,29672.00,29673.75,29670.75,29671.75,193,29671.50,29672.25,0.75
2026-06-24 10:24:18,29672.00,29675.00,29670.75,29674.00,159,29673.25,29673.50,0.25
2026-06-24 10:24:19,29673.75,29673.75,29670.25,29672.00,121,29666.75,29667.25,0.50
2026-06-24 10:24:20,29671.75,29672.00,29665.75,29666.75,186,29665.50,29666.00,0.50
2026-06-24 10:24:21,29667.00,29669.00,29665.25,29666.00,154,29667.00,29667.50,0.50
2026-06-24 10:24:22,29665.50,29668.50,29665.50,29666.50,146,29667.00,29667.50,0.50
2026-06-24 10:24:23,29667.00,29668.25,29665.25,29666.25,84,29665.25,29665.75,0.50
2026-06-24 10:24:24,29666.00,29668.50,29664.75,29666.25,111,29665.25,29665.75,0.50
2026-06-24 10:24:25,29665.50,29666.25,29660.00,29661.25,172,29665.50,29666.00,0.50
2026-06-24 10:24:26,29661.00,29666.50,29660.75,29665.50,205,29666.25,29666.50,0.25
2026-06-24 10:24:27,29666.00,29672.00,29666.00,29667.00,187,29673.00,29673.50,0.50
2026-06-24 10:24:28,29666.50,29675.00,29666.00,29673.25,149,29673.25,29673.75,0.50
2026-06-24 10:24:29,29674.00,29675.50,29672.25,29674.00,153,29673.25,29673.75,0.50
2026-06-24 10:24:30,29674.25,29674.75,29672.75,29674.75,89,29672.50,29673.00,0.50
2026-06-24 10:24:31,29674.25,29677.00,29672.75,29673.00,201,29673.75,29674.25,0.50
2026-06-24 10:24:32,29672.50,29676.50,29672.50,29674.00,138,29673.75,29674.25,0.50
2026-06-24 10:24:33,29673.75,29676.25,29670.00,29670.25,217,29670.25,29671.00,0.75
2026-06-24 10:24:34,29670.50,29671.00,29664.25,29666.50,235,29665.25,29665.75,0.50
2026-06-24 10:24:35,29666.75,29667.25,29664.25,29665.75,70,29661.25,29661.75,0.50
2026-06-24 10:24:36,29665.75,29665.75,29659.00,29661.75,321,29663.25,29663.75,0.50
2026-06-24 10:24:37,29661.75,29665.00,29661.25,29663.25,145,29662.00,29662.50,0.50
2026-06-24 10:24:38,29663.50,29663.50,29660.00,29661.75,84,29662.00,29662.50,0.50
2026-06-24 10:24:39,29662.00,29664.50,29659.50,29662.25,146,29663.50,29664.25,0.75
2026-06-24 10:24:40,29661.75,29665.00,29659.50,29664.00,155,29664.50,29665.00,0.50
2026-06-24 10:24:41,29664.00,29665.50,29662.75,29665.25,80,29663.50,29664.25,0.75
2026-06-24 10:24:42,29664.75,29667.00,29662.50,29664.00,118,29664.00,29664.50,0.50
2026-06-24 10:24:43,29664.25,29666.25,29663.25,29664.25,99,29665.00,29665.50,0.50
2026-06-24 10:24:44,29664.50,29665.75,29663.75,29665.50,49,29673.00,29673.50,0.50
2026-06-24 10:24:45,29665.50,29675.25,29665.50,29673.75,198,29669.25,29670.00,0.75
2026-06-24 10:24:46,29673.00,29673.75,29668.25,29669.75,168,29667.75,29668.25,0.50
2026-06-24 10:24:47,29670.00,29672.50,29667.75,29667.75,144,29660.25,29660.50,0.25
2026-06-24 10:24:48,29668.00,29668.25,29660.50,29661.00,127,29660.25,29660.50,0.25
2026-06-24 10:24:49,29660.75,29661.00,29658.75,29659.25,91,29661.75,29662.25,0.50
2026-06-24 10:24:50,29659.25,29662.50,29659.25,29661.75,118,29662.25,29662.75,0.50
2026-06-24 10:24:51,29662.25,29664.50,29660.50,29662.50,77,29662.00,29662.50,0.50
2026-06-24 10:24:52,29661.75,29665.50,29661.75,29662.25,73,29673.75,29674.25,0.50
2026-06-24 10:24:53,29662.00,29675.75,29662.00,29674.00,164,29673.75,29674.25,0.50
2026-06-24 10:24:54,29674.25,29675.25,29671.50,29672.50,121,29672.25,29672.75,0.50
2026-06-24 10:24:55,29673.00,29673.00,29671.25,29672.50,94,29672.25,29672.50,0.25
2026-06-24 10:24:56,29672.25,29673.50,29670.25,29673.00,120,29671.00,29671.50,0.50
2026-06-24 10:24:57,29672.00,29673.50,29670.75,29671.00,90,29668.25,29668.75,0.50
2026-06-24 10:24:58,29671.00,29671.00,29668.00,29669.50,109,29669.50,29670.00,0.50
2026-06-24 10:24:59,29668.25,29670.75,29668.25,29669.50,74,29664.00,29664.50,0.50
2026-06-24 10:25:00,29670.00,29670.00,29663.25,29664.50,83,29665.25,29665.75,0.50
2026-06-24 10:25:01,29665.25,29666.50,29664.00,29665.75,112,29663.50,29664.00,0.50
2026-06-24 10:25:02,29665.00,29666.00,29663.25,29664.00,114,29662.50,29663.25,0.75
2026-06-24 10:25:03,29663.00,29666.25,29661.25,29663.00,151,29658.75,29659.25,0.50
2026-06-24 10:25:04,29663.25,29664.50,29657.75,29659.25,184,29658.75,29659.25,0.50
2026-06-24 10:25:05,29660.25,29662.50,29658.75,29659.25,153,29662.00,29662.50,0.50
2026-06-24 10:25:06,29659.25,29662.50,29659.00,29662.50,92,29665.75,29666.25,0.50
2026-06-24 10:25:07,29662.00,29667.25,29662.00,29666.25,127,29666.75,29667.25,0.50
2026-06-24 10:25:08,29666.00,29668.50,29663.75,29667.75,107,29672.50,29673.00,0.50
2026-06-24 10:25:09,29667.25,29673.75,29666.50,29673.00,137,29671.25,29671.75,0.50
2026-06-24 10:25:10,29672.50,29673.25,29669.25,29670.75,154,29671.25,29671.75,0.50
2026-06-24 10:25:11,29670.75,29678.50,29670.50,29677.25,298,29683.25,29684.00,0.75
2026-06-24 10:25:12,29677.00,29684.25,29677.00,29683.50,390,29685.50,29686.00,0.50
2026-06-24 10:25:13,29683.75,29686.50,29682.75,29685.50,409,29685.00,29685.75,0.75
2026-06-24 10:25:14,29686.50,29688.50,29683.50,29685.25,241,29680.25,29680.75,0.50
2026-06-24 10:25:15,29685.50,29685.50,29678.25,29680.00,224,29685.25,29685.75,0.50
2026-06-24 10:25:16,29680.75,29686.25,29680.00,29685.25,208,29688.00,29688.50,0.50
2026-06-24 10:25:17,29685.25,29689.00,29684.75,29688.50,167,29688.25,29688.75,0.50
2026-06-24 10:25:18,29688.00,29689.00,29685.25,29687.25,157,29684.00,29684.50,0.50
2026-06-24 10:25:19,29688.25,29688.25,29681.25,29683.50,180,29684.00,29684.50,0.50
2026-06-24 10:25:20,29684.25,29691.25,29684.25,29690.25,246,29693.50,29694.00,0.50
2026-06-24 10:25:21,29690.75,29696.75,29689.00,29694.00,413,29689.75,29690.25,0.50
2026-06-24 10:25:22,29694.25,29695.75,29689.75,29689.75,241,29690.25,29690.75,0.50
2026-06-24 10:25:23,29689.25,29691.25,29686.50,29690.75,216,29694.50,29695.00,0.50
2026-06-24 10:25:24,29690.25,29695.50,29689.50,29694.25,172,29698.50,29699.00,0.50
2026-06-24 10:25:25,29694.50,29702.25,29694.00,29698.75,578,29700.50,29701.00,0.50
2026-06-24 10:25:26,29698.00,29701.25,29697.00,29701.00,185,29695.00,29695.50,0.50
2026-06-24 10:25:27,29701.00,29701.75,29694.75,29694.75,271,29693.75,29694.50,0.75
2026-06-24 10:25:28,29695.00,29696.50,29691.75,29694.75,184,29692.00,29692.75,0.75
2026-06-24 10:25:29,29693.75,29695.25,29689.75,29692.25,145,29692.00,29692.75,0.75
2026-06-24 10:25:30,29692.25,29696.00,29691.25,29694.25,112,29693.00,29693.50,0.50
2026-06-24 10:25:31,29694.50,29696.25,29693.00,29693.00,162,29687.50,29688.00,0.50
2026-06-24 10:25:32,29693.50,29693.75,29685.50,29688.25,225,29687.00,29687.50,0.50
2026-06-24 10:25:33,29688.00,29688.75,29684.25,29687.00,160,29687.00,29687.50,0.50
2026-06-24 10:25:34,29687.50,29690.75,29686.75,29690.75,141,29691.50,29692.00,0.50
2026-06-24 10:25:35,29691.50,29694.75,29688.25,29688.25,160,29678.75,29679.50,0.75
2026-06-24 10:25:36,29688.00,29688.25,29677.75,29679.25,225,29679.25,29679.75,0.50
2026-06-24 10:25:37,29678.75,29680.00,29675.75,29679.25,181,29679.25,29679.75,0.50
2026-06-24 10:25:38,29679.50,29681.75,29673.50,29674.25,275,29675.00,29675.50,0.50
2026-06-24 10:25:39,29674.00,29677.25,29672.00,29675.50,174,29672.25,29672.75,0.50
2026-06-24 10:25:40,29675.25,29677.25,29672.25,29672.25,131,29674.25,29674.75,0.50
2026-06-24 10:25:41,29672.25,29675.00,29670.25,29674.75,160,29673.25,29673.75,0.50
2026-06-24 10:25:42,29675.00,29675.50,29671.50,29673.25,125,29673.25,29673.75,0.50
2026-06-24 10:25:43,29673.50,29678.00,29673.25,29677.50,114,29675.25,29675.75,0.50
2026-06-24 10:25:44,29677.25,29678.00,29673.75,29675.75,76,29676.25,29676.75,0.50
2026-06-24 10:25:45,29676.00,29677.75,29675.25,29677.00,67,29676.25,29676.75,0.50
2026-06-24 10:25:46,29676.75,29677.25,29668.00,29669.00,222,29666.25,29667.00,0.75
2026-06-24 10:25:47,29669.50,29670.25,29663.75,29665.75,295,29667.00,29667.75,0.75
2026-06-24 10:25:48,29666.00,29669.50,29665.75,29667.75,116,29665.00,29665.50,0.50
2026-06-24 10:25:49,29667.50,29667.50,29664.25,29665.50,112,29671.75,29672.50,0.75
2026-06-24 10:25:50,29665.75,29673.75,29665.25,29673.00,242,29678.25,29679.00,0.75
2026-06-24 10:25:51,29671.75,29679.00,29671.75,29678.25,93,29679.25,29679.75,0.50
2026-06-24 10:25:52,29678.25,29680.50,29677.75,29679.50,86,29678.00,29678.50,0.50
2026-06-24 10:25:53,29679.25,29679.50,29677.50,29677.75,63,29671.25,29672.00,0.75
2026-06-24 10:25:54,29678.75,29678.75,29670.75,29671.75,139,29670.00,29670.75,0.75
2026-06-24 10:25:55,29672.00,29672.50,29668.50,29670.75,133,29669.50,29670.25,0.75
2026-06-24 10:25:56,29670.50,29671.25,29668.75,29669.75,62,29669.50,29670.25,0.75
2026-06-24 10:25:57,29669.50,29672.75,29669.50,29671.25,35,29670.00,29670.50,0.50
2026-06-24 10:25:58,29671.50,29671.75,29668.00,29669.75,70,29670.00,29670.50,0.50
2026-06-24 10:25:59,29670.00,29672.00,29669.75,29669.75,113,29677.00,29677.50,0.50
2026-06-24 10:26:00,29670.25,29677.25,29670.25,29677.00,109,29674.75,29675.50,0.75
2026-06-24 10:26:01,29677.00,29677.50,29672.00,29675.00,176,29672.75,29673.25,0.50
2026-06-24 10:26:02,29675.50,29676.00,29672.75,29672.75,71,29673.00,29673.50,0.50
2026-06-24 10:26:03,29672.75,29674.50,29672.25,29673.00,61,29672.50,29673.00,0.50
2026-06-24 10:26:04,29673.00,29674.50,29670.50,29672.75,90,29675.50,29676.00,0.50
2026-06-24 10:26:05,29673.00,29677.25,29672.50,29675.50,166,29678.25,29678.75,0.50
2026-06-24 10:26:06,29676.00,29682.00,29676.00,29678.00,173,29681.50,29682.25,0.75
2026-06-24 10:26:07,29679.25,29683.00,29678.25,29681.75,114,29682.00,29682.25,0.25
2026-06-24 10:26:08,29682.00,29683.50,29679.25,29681.75,136,29684.00,29684.50,0.50
2026-06-24 10:26:09,29682.25,29686.25,29682.00,29684.00,137,29685.25,29685.75,0.50
2026-06-24 10:26:10,29684.50,29686.50,29683.50,29685.50,131,29685.75,29686.25,0.50
2026-06-24 10:26:11,29685.25,29686.50,29684.25,29685.75,100,29688.75,29689.00,0.25
2026-06-24 10:26:12,29685.75,29690.25,29683.50,29688.75,231,29689.50,29690.00,0.50
2026-06-24 10:26:13,29688.75,29690.25,29687.75,29689.50,114,29687.50,29688.00,0.50
2026-06-24 10:26:14,29690.00,29691.00,29687.50,29687.50,95,29687.25,29687.75,0.50
2026-06-24 10:26:15,29688.25,29690.25,29685.75,29687.50,93,29694.25,29694.75,0.50
2026-06-24 10:26:16,29687.50,29694.75,29687.25,29694.75,167,29693.75,29694.50,0.75
2026-06-24 10:26:17,29695.00,29698.00,29693.25,29694.25,222,29692.00,29692.50,0.50
2026-06-24 10:26:18,29694.50,29696.00,29691.50,29691.75,156,29694.50,29695.00,0.50
2026-06-24 10:26:19,29692.50,29695.00,29689.50,29695.00,115,29689.00,29689.75,0.75
2026-06-24 10:26:20,29693.50,29694.25,29689.00,29689.50,77,29689.00,29689.75,0.75
2026-06-24 10:26:21,29689.50,29691.75,29688.25,29691.00,107,29684.50,29685.25,0.75
2026-06-24 10:26:22,29689.75,29691.25,29683.50,29684.75,81,29690.50,29691.25,0.75
2026-06-24 10:26:23,29685.25,29691.25,29685.25,29691.00,79,29695.75,29696.50,0.75
2026-06-24 10:26:24,29691.25,29696.75,29691.25,29696.00,97,29693.50,29694.00,0.50
2026-06-24 10:26:25,29696.25,29696.75,29693.00,29694.50,66,29693.50,29694.00,0.50
2026-06-24 10:26:26,29694.00,29696.00,29693.25,29694.00,89,29694.00,29694.50,0.50
2026-06-24 10:26:27,29694.25,29697.50,29692.50,29693.00,110,29692.75,29693.50,0.75
2026-06-24 10:26:28,29692.75,29693.50,29688.75,29690.00,79,29688.75,29689.50,0.75
2026-06-24 10:26:29,29690.00,29691.00,29687.00,29689.00,86,29689.25,29690.00,0.75
2026-06-24 10:26:30,29689.00,29691.50,29689.00,29689.25,32,29687.75,29688.25,0.50
2026-06-24 10:26:31,29689.50,29692.00,29686.75,29688.25,125,29687.75,29688.25,0.50
2026-06-24 10:26:32,29687.75,29687.75,29679.75,29681.75,199,29681.50,29682.25,0.75
2026-06-24 10:26:33,29681.50,29682.00,29675.75,29677.00,219,29677.25,29677.75,0.50
2026-06-24 10:26:34,29677.25,29679.00,29676.50,29679.00,87,29677.25,29677.75,0.50
2026-06-24 10:26:35,29677.50,29680.00,29676.75,29679.00,105,29672.75,29673.50,0.75
2026-06-24 10:26:36,29679.25,29679.75,29672.50,29673.50,147,29674.50,29675.00,0.50
2026-06-24 10:26:37,29673.50,29676.75,29673.00,29674.50,86,29672.00,29672.50,0.50
2026-06-24 10:26:38,29674.25,29676.00,29671.75,29672.00,138,29670.75,29671.25,0.50
2026-06-24 10:26:39,29672.75,29673.50,29670.50,29671.00,76,29670.75,29671.25,0.50
2026-06-24 10:26:40,29671.25,29671.75,29667.25,29668.50,167,29665.50,29666.25,0.75
2026-06-24 10:26:41,29668.50,29670.00,29665.50,29665.50,243,29666.00,29666.50,0.50
2026-06-24 10:26:42,29666.25,29668.00,29665.00,29666.50,146,29666.00,29666.50,0.50
2026-06-24 10:26:43,29666.50,29671.50,29665.75,29670.50,204,29669.00,29669.50,0.50
2026-06-24 10:26:44,29670.50,29670.75,29667.75,29669.50,104,29669.00,29669.50,0.50
2026-06-24 10:26:45,29669.25,29669.25,29664.25,29664.75,126,29665.75,29666.25,0.50
2026-06-24 10:26:46,29665.50,29666.50,29661.50,29665.50,177,29660.00,29660.50,0.50
2026-06-24 10:26:47,29666.25,29666.50,29660.00,29660.00,146,29660.00,29660.50,0.50
2026-06-24 10:26:48,29660.00,29664.00,29658.50,29659.00,255,29660.25,29660.50,0.25
2026-06-24 10:26:49,29659.75,29661.50,29659.00,29660.25,134,29658.75,29659.50,0.75
2026-06-24 10:26:50,29660.25,29663.75,29659.25,29659.75,109,29658.75,29659.50,0.75
2026-06-24 10:26:51,29659.25,29660.25,29655.75,29657.25,242,29656.75,29657.00,0.25
2026-06-24 10:26:52,29656.75,29657.00,29651.25,29654.75,397,29653.25,29653.75,0.50
2026-06-24 10:26:53,29654.75,29654.75,29650.75,29653.25,161,29656.00,29656.50,0.50
2026-06-24 10:26:54,29653.75,29656.75,29652.00,29656.50,173,29656.00,29656.50,0.50
2026-06-24 10:26:55,29656.50,29658.75,29654.75,29656.75,176,29656.50,29657.00,0.50
2026-06-24 10:26:56,29657.00,29660.00,29651.50,29653.50,172,29659.25,29660.00,0.75
2026-06-24 10:26:57,29652.50,29659.25,29652.25,29659.00,100,29661.25,29662.00,0.75
2026-06-24 10:26:58,29659.00,29661.75,29659.00,29661.50,129,29656.75,29657.00,0.25
2026-06-24 10:26:59,29660.75,29661.00,29656.25,29657.00,102,29658.00,29658.50,0.50
2026-06-24 10:27:00,29657.00,29658.50,29654.75,29657.75,80,29658.00,29658.50,0.50
2026-06-24 10:27:01,29658.00,29662.00,29657.25,29661.00,166,29662.00,29662.50,0.50
2026-06-24 10:27:02,29661.00,29665.00,29660.25,29662.50,138,29663.50,29664.00,0.50
2026-06-24 10:27:03,29662.00,29666.75,29662.00,29664.00,208,29665.50,29666.00,0.50
2026-06-24 10:27:04,29663.75,29666.50,29661.75,29665.75,91,29666.25,29666.75,0.50
2026-06-24 10:27:05,29665.50,29666.75,29664.75,29666.50,130,29665.25,29665.75,0.50
2026-06-24 10:27:06,29666.75,29670.00,29665.00,29665.75,167,29665.25,29665.75,0.50
2026-06-24 10:27:07,29665.50,29666.25,29663.75,29663.75,78,29661.50,29662.00,0.50
2026-06-24 10:27:08,29664.50,29665.00,29661.00,29662.00,103,29658.25,29658.75,0.50
2026-06-24 10:27:09,29661.50,29663.00,29657.25,29659.00,123,29659.25,29660.00,0.75
2026-06-24 10:27:10,29658.25,29662.00,29658.25,29658.75,109,29659.25,29660.00,0.75
2026-06-24 10:27:11,29659.50,29665.75,29659.50,29663.75,149,29664.00,29664.50,0.50
2026-06-24 10:27:12,29664.25,29675.75,29663.50,29674.25,242,29674.50,29675.00,0.50
2026-06-24 10:27:13,29675.00,29675.25,29672.50,29673.50,133,29674.00,29674.50,0.50
2026-06-24 10:27:14,29673.25,29676.00,29673.00,29674.25,156,29671.75,29672.25,0.50
2026-06-24 10:27:15,29674.75,29675.75,29670.75,29672.25,107,29667.25,29667.75,0.50
2026-06-24 10:27:16,29671.75,29673.25,29667.25,29667.25,103,29670.50,29671.00,0.50
2026-06-24 10:27:17,29667.00,29673.25,29667.00,29671.00,69,29672.75,29673.25,0.50
2026-06-24 10:27:18,29671.00,29672.50,29668.75,29672.50,70,29667.00,29667.50,0.50
2026-06-24 10:27:19,29672.75,29673.25,29664.75,29667.25,87,29667.50,29668.00,0.50
2026-06-24 10:27:20,29667.25,29669.50,29665.00,29667.50,49,29663.25,29664.00,0.75
2026-06-24 10:27:21,29667.50,29668.00,29661.50,29663.75,124,29663.25,29664.00,0.75
2026-06-24 10:27:22,29663.50,29666.00,29663.50,29664.00,58,29674.00,29674.50,0.50
2026-06-24 10:27:23,29664.25,29675.75,29663.75,29674.00,342,29675.00,29675.50,0.50
2026-06-24 10:27:24,29674.50,29675.50,29671.00,29674.75,109,29674.00,29674.50,0.50
2026-06-24 10:27:25,29675.25,29675.75,29673.25,29674.00,70,29678.25,29678.75,0.50
2026-06-24 10:27:26,29673.50,29679.00,29673.00,29678.25,97,29676.50,29677.00,0.50
2026-06-24 10:27:27,29678.25,29678.75,29676.50,29677.00,112,29676.50,29677.00,0.50
2026-06-24 10:27:28,29677.25,29679.75,29675.50,29675.75,136,29683.00,29683.50,0.50
2026-06-24 10:27:29,29676.50,29683.50,29676.50,29683.00,197,29687.25,29687.75,0.50
2026-06-24 10:27:30,29683.50,29688.00,29683.00,29687.50,518,29687.25,29687.75,0.50
2026-06-24 10:27:31,29687.50,29689.25,29685.75,29687.75,173,29688.25,29689.00,0.75
2026-06-24 10:27:32,29687.75,29690.00,29686.50,29688.50,217,29689.50,29690.00,0.50
2026-06-24 10:27:33,29688.25,29692.25,29686.25,29690.50,202,29692.75,29693.25,0.50
2026-06-24 10:27:34,29690.00,29694.00,29689.75,29692.75,178,29691.75,29692.50,0.75
2026-06-24 10:27:35,29692.75,29693.50,29690.50,29690.75,151,29691.75,29692.50,0.75
2026-06-24 10:27:36,29691.75,29692.75,29689.00,29691.00,108,29685.25,29685.75,0.50
2026-06-24 10:27:37,29691.50,29691.50,29685.25,29685.25,132,29685.50,29686.00,0.50
2026-06-24 10:27:38,29685.25,29687.75,29685.00,29686.00,84,29686.75,29687.50,0.75
2026-06-24 10:27:39,29685.50,29688.75,29684.75,29687.50,87,29686.75,29687.50,0.75
2026-06-24 10:27:40,29687.25,29688.25,29685.25,29685.50,114,29691.25,29691.75,0.50
2026-06-24 10:27:41,29685.25,29692.00,29684.25,29691.50,134,29691.50,29692.00,0.50
2026-06-24 10:27:42,29691.25,29692.75,29689.25,29691.75,59,29696.75,29697.25,0.50
2026-06-24 10:27:43,29691.50,29697.00,29689.75,29697.00,161,29699.50,29700.00,0.50
2026-06-24 10:27:44,29696.50,29700.00,29696.50,29699.50,300,29701.75,29702.00,0.25
2026-06-24 10:27:45,29700.00,29701.75,29698.00,29701.25,161,29703.25,29703.75,0.50
2026-06-24 10:27:46,29701.50,29703.75,29700.00,29703.00,270,29703.25,29703.75,0.50
2026-06-24 10:27:47,29703.50,29711.75,29703.50,29709.25,557,29709.50,29710.00,0.50
2026-06-24 10:27:48,29710.00,29711.50,29707.75,29710.75,225,29714.25,29714.75,0.50
2026-06-24 10:27:49,29711.00,29715.50,29711.00,29714.75,359,29714.25,29714.75,0.50
2026-06-24 10:27:50,29715.00,29722.50,29713.25,29718.75,589,29717.75,29718.25,0.50
2026-06-24 10:27:51,29719.00,29720.00,29715.00,29718.50,404,29713.25,29713.75,0.50
2026-06-24 10:27:52,29718.25,29719.75,29713.25,29713.75,257,29719.25,29719.75,0.50
2026-06-24 10:27:53,29713.25,29720.75,29713.25,29719.25,177,29716.50,29717.00,0.50
2026-06-24 10:27:54,29719.75,29720.75,29716.75,29716.75,150,29714.25,29715.00,0.75
2026-06-24 10:27:55,29717.00,29717.75,29714.00,29714.25,208,29714.50,29715.00,0.50
2026-06-24 10:27:56,29715.00,29715.75,29712.50,29714.50,151,29714.50,29715.00,0.50
2026-06-24 10:27:57,29714.50,29716.25,29713.25,29714.75,155,29715.00,29715.75,0.75
2026-06-24 10:27:58,29715.50,29718.00,29710.50,29712.50,191,29713.00,29713.50,0.50
2026-06-24 10:27:59,29712.75,29714.50,29712.25,29713.00,144,29713.25,29714.00,0.75
2026-06-24 10:28:00,29712.75,29716.00,29711.75,29713.25,158,29709.50,29710.00,0.50
2026-06-24 10:28:01,29713.25,29713.75,29708.50,29709.75,261,29711.00,29711.50,0.50
2026-06-24 10:28:02,29709.50,29711.50,29709.00,29711.25,142,29713.75,29714.25,0.50
2026-06-24 10:28:03,29711.50,29714.50,29711.25,29714.00,152,29713.75,29714.25,0.50
2026-06-24 10:28:04,29713.50,29718.25,29713.25,29716.75,190,29723.75,29724.25,0.50
2026-06-24 10:28:05,29716.50,29724.75,29716.50,29723.50,322,29723.75,29724.25,0.50
2026-06-24 10:28:06,29724.00,29724.00,29720.00,29720.50,221,29719.00,29719.25,0.25
2026-06-24 10:28:07,29720.50,29721.00,29717.75,29720.25,142,29717.25,29717.50,0.25
2026-06-24 10:28:08,29719.00,29719.50,29716.00,29717.75,146,29712.00,29712.50,0.50
2026-06-24 10:28:09,29717.25,29717.50,29711.50,29712.25,124,29712.25,29712.75,0.50
2026-06-24 10:28:10,29712.50,29716.00,29712.00,29712.25,159,29708.75,29709.25,0.50
2026-06-24 10:28:11,29712.25,29712.75,29708.50,29709.00,122,29710.50,29711.00,0.50
2026-06-24 10:28:12,29708.75,29712.25,29707.75,29710.75,122,29715.75,29716.25,0.50
2026-06-24 10:28:13,29711.00,29717.50,29709.50,29715.75,150,29718.75,29719.25,0.50
2026-06-24 10:28:14,29716.00,29718.75,29714.25,29718.75,91,29720.00,29720.75,0.75
2026-06-24 10:28:15,29718.75,29721.75,29718.25,29720.25,125,29718.50,29719.00,0.50
2026-06-24 10:28:16,29720.75,29721.25,29717.50,29719.25,134,29728.75,29729.25,0.50
2026-06-24 10:28:17,29718.50,29732.00,29718.50,29728.75,583,29727.25,29728.00,0.75
2026-06-24 10:28:18,29729.25,29730.00,29726.75,29728.50,218,29730.50,29731.00,0.50
2026-06-24 10:28:19,29727.25,29731.50,29726.75,29730.75,150,29725.75,29726.25,0.50
2026-06-24 10:28:20,29731.00,29731.00,29725.25,29726.00,181,29725.75,29726.25,0.50
2026-06-24 10:28:21,29726.00,29731.00,29726.00,29730.50,152,29722.25,29722.75,0.50
2026-06-24 10:28:22,29729.50,29730.00,29721.25,29722.00,241,29716.50,29717.00,0.50
2026-06-24 10:28:23,29722.25,29722.75,29715.25,29716.75,266,29717.25,29717.75,0.50
2026-06-24 10:28:24,29716.50,29718.50,29716.25,29717.75,106,29716.50,29717.00,0.50
2026-06-24 10:28:25,29717.00,29718.25,29713.75,29717.00,180,29716.50,29717.00,0.50
2026-06-24 10:28:26,29716.75,29720.00,29715.25,29719.00,149,29719.00,29719.50,0.50
2026-06-24 10:28:27,29719.50,29720.50,29715.75,29717.75,117,29719.50,29720.00,0.50
2026-06-24 10:28:28,29718.00,29720.50,29717.50,29719.75,88,29718.50,29719.00,0.50
2026-06-24 10:28:29,29720.00,29720.00,29717.50,29719.25,90,29714.75,29715.25,0.50
2026-06-24 10:28:30,29719.00,29719.00,29713.00,29715.00,198,29713.75,29714.25,0.50
2026-06-24 10:28:31,29714.75,29715.25,29712.25,29714.50,146,29713.75,29714.25,0.50
2026-06-24 10:28:32,29713.75,29716.00,29712.25,29714.00,101,29715.75,29716.25,0.50
2026-06-24 10:28:33,29713.75,29717.50,29713.50,29715.75,100,29714.50,29715.00,0.50
2026-06-24 10:28:34,29716.25,29716.50,29711.75,29714.50,111,29714.50,29715.00,0.50
2026-06-24 10:28:35,29714.50,29715.00,29713.00,29714.75,84,29716.00,29716.50,0.50
2026-06-24 10:28:36,29714.75,29718.75,29714.25,29716.75,192,29716.00,29716.50,0.50
2026-06-24 10:28:37,29716.00,29717.50,29715.75,29715.75,56,29712.75,29713.25,0.50
2026-06-24 10:28:38,29715.50,29715.50,29710.75,29712.75,129,29721.50,29722.00,0.50
2026-06-24 10:28:39,29712.75,29722.00,29712.25,29721.25,172,29719.25,29719.75,0.50
2026-06-24 10:28:40,29721.50,29723.25,29718.75,29719.75,129,29714.00,29714.75,0.75
2026-06-24 10:28:41,29719.00,29719.75,29714.25,29714.25,156,29714.00,29714.75,0.75
2026-06-24 10:28:42,29714.00,29717.00,29712.75,29716.75,117,29711.00,29711.75,0.75
2026-06-24 10:28:43,29716.00,29716.75,29710.50,29710.50,104,29715.50,29716.00,0.50
2026-06-24 10:28:44,29711.75,29717.25,29711.50,29716.00,66,29718.25,29718.75,0.50
2026-06-24 10:28:45,29716.50,29718.75,29715.75,29718.75,77,29716.25,29716.75,0.50
2026-06-24 10:28:46,29719.00,29719.50,29715.50,29717.25,54,29717.50,29718.00,0.50
2026-06-24 10:28:47,29718.00,29718.50,29716.25,29717.75,63,29718.50,29719.00,0.50
2026-06-24 10:28:48,29718.25,29720.75,29717.25,29719.25,78,29719.00,29719.50,0.50
2026-06-24 10:28:49,29718.25,29720.00,29717.75,29719.00,66,29716.75,29717.25,0.50
2026-06-24 10:28:50,29720.75,29722.00,29716.50,29716.50,87,29715.50,29716.00,0.50
2026-06-24 10:28:51,29716.75,29717.00,29714.00,29715.50,130,29712.25,29712.75,0.50
2026-06-24 10:28:52,29716.00,29716.00,29711.75,29712.50,54,29712.25,29712.75,0.50
2026-06-24 10:28:53,29712.75,29713.25,29709.00,29710.75,114,29712.00,29712.50,0.50
2026-06-24 10:28:54,29710.75,29713.50,29710.75,29712.25,124,29704.50,29705.00,0.50
2026-06-24 10:28:55,29712.50,29712.75,29704.25,29705.25,211,29703.00,29703.50,0.50
2026-06-24 10:28:56,29705.25,29706.75,29701.50,29703.50,193,29705.25,29705.75,0.50
2026-06-24 10:28:57,29703.00,29706.25,29703.00,29705.25,138,29705.75,29706.25,0.50
2026-06-24 10:28:58,29705.50,29707.50,29704.75,29706.25,104,29705.00,29705.75,0.75
2026-06-24 10:28:59,29705.75,29705.75,29703.25,29705.00,93,29705.00,29705.75,0.75
2026-06-24 10:29:00,29705.00,29706.00,29703.00,29703.50,100,29703.50,29703.75,0.25
2026-06-24 10:29:01,29703.50,29708.50,29703.25,29708.00,166,29705.50,29706.00,0.50
2026-06-24 10:29:02,29708.00,29709.75,29703.75,29705.75,140,29705.50,29706.00,0.50
2026-06-24 10:29:03,29706.00,29706.50,29704.50,29705.00,130,29702.50,29703.25,0.75
2026-06-24 10:29:04,29705.00,29706.75,29702.25,29702.25,128,29695.25,29696.00,0.75
2026-06-24 10:29:05,29703.00,29703.25,29695.00,29695.75,424,29695.25,29696.00,0.75
2026-06-24 10:29:06,29695.75,29696.75,29690.00,29692.50,393,29692.50,29693.00,0.50
2026-06-24 10:29:07,29692.75,29694.50,29689.75,29691.50,293,29691.25,29691.75,0.50
2026-06-24 10:29:08,29691.50,29692.75,29688.00,29689.75,218,29688.25,29688.75,0.50
2026-06-24 10:29:09,29689.25,29691.25,29686.75,29688.00,245,29691.75,29692.25,0.50
2026-06-24 10:29:10,29688.25,29694.50,29687.25,29691.50,149,29695.25,29696.00,0.75
2026-06-24 10:29:11,29691.75,29697.00,29691.25,29695.50,105,29692.25,29692.75,0.50
2026-06-24 10:29:12,29696.00,29696.50,29691.75,29692.25,167,29689.50,29690.00,0.50
2026-06-24 10:29:13,29692.75,29694.50,29689.00,29689.50,140,29688.25,29688.75,0.50
2026-06-24 10:29:14,29689.75,29690.00,29687.50,29688.50,107,29689.75,29690.25,0.50
2026-06-24 10:29:15,29688.00,29692.50,29688.00,29689.75,82,29694.00,29694.50,0.50
2026-06-24 10:29:16,29690.25,29696.25,29690.25,29694.00,141,29697.25,29697.75,0.50
2026-06-24 10:29:17,29694.00,29698.50,29693.00,29697.50,85,29699.25,29700.00,0.75
2026-06-24 10:29:18,29698.00,29700.50,29696.75,29700.00,92,29697.50,29698.00,0.50
2026-06-24 10:29:19,29699.50,29701.25,29696.00,29697.25,90,29700.25,29700.75,0.50
2026-06-24 10:29:20,29698.00,29701.00,29697.75,29700.50,73,29701.25,29701.75,0.50
2026-06-24 10:29:21,29700.75,29702.75,29699.00,29701.25,107,29695.25,29695.75,0.50
2026-06-24 10:29:22,29701.00,29701.50,29694.75,29695.25,117,29693.25,29693.75,0.50
2026-06-24 10:29:23,29695.50,29697.00,29693.25,29693.25,82,29693.25,29694.00,0.75
2026-06-24 10:29:24,29693.50,29694.25,29690.25,29693.50,119,29693.25,29694.00,0.75
2026-06-24 10:29:25,29693.50,29699.25,29693.00,29698.00,151,29699.25,29699.75,0.50
2026-06-24 10:29:26,29698.25,29700.00,29695.50,29700.00,88,29699.25,29699.75,0.50
2026-06-24 10:29:27,29699.50,29699.75,29695.00,29695.50,72,29692.00,29692.75,0.75
2026-06-24 10:29:28,29695.00,29695.00,29691.25,29692.50,100,29689.50,29690.00,0.50
2026-06-24 10:29:29,29690.75,29692.00,29689.00,29689.50,93,29687.75,29688.25,0.50
2026-06-24 10:29:30,29690.00,29691.50,29687.25,29688.25,75,29689.25,29689.75,0.50
2026-06-24 10:29:31,29688.25,29690.75,29687.25,29688.75,86,29688.00,29688.50,0.50
2026-06-24 10:29:32,29689.25,29691.75,29687.25,29689.00,144,29687.00,29687.50,0.50
2026-06-24 10:29:33,29688.50,29692.00,29686.50,29687.50,135,29690.25,29690.75,0.50
2026-06-24 10:29:34,29687.50,29690.50,29687.50,29690.00,87,29690.25,29690.75,0.50
2026-06-24 10:29:35,29690.50,29696.50,29690.50,29695.75,142,29695.50,29696.00,0.50
2026-06-24 10:29:36,29696.25,29699.25,29694.00,29696.00,148,29696.00,29696.50,0.50
2026-06-24 10:29:37,29695.50,29697.25,29693.75,29696.50,83,29698.25,29698.75,0.50
2026-06-24 10:29:38,29696.00,29698.75,29692.50,29698.00,118,29695.25,29695.75,0.50
2026-06-24 10:29:39,29698.00,29698.00,29693.25,29695.50,66,29702.50,29703.00,0.50
2026-06-24 10:29:40,29695.50,29704.25,29695.50,29703.00,179,29701.25,29701.75,0.50
2026-06-24 10:29:41,29702.75,29703.75,29701.00,29701.25,118,29699.00,29699.50,0.50
2026-06-24 10:29:42,29701.25,29701.50,29698.50,29699.25,90,29697.50,29697.75,0.25
2026-06-24 10:29:43,29699.00,29700.75,29696.00,29697.75,81,29692.50,29693.00,0.50
2026-06-24 10:29:44,29697.50,29698.25,29692.25,29693.25,102,29695.00,29695.50,0.50
2026-06-24 10:29:45,29692.75,29695.25,29692.00,29695.25,46,29694.00,29694.75,0.75
2026-06-24 10:29:46,29694.75,29694.75,29692.50,29694.25,71,29694.50,29695.00,0.50
2026-06-24 10:29:47,29694.25,29695.50,29691.75,29694.25,64,29692.25,29692.75,0.50
2026-06-24 10:29:48,29695.00,29697.00,29691.75,29691.75,89,29692.25,29692.75,0.50
2026-06-24 10:29:49,29692.75,29695.00,29692.50,29695.00,51,29694.25,29694.75,0.50
2026-06-24 10:29:50,29694.50,29698.00,29694.50,29697.75,55,29697.25,29697.75,0.50
2026-06-24 10:29:51,29697.25,29703.00,29695.75,29702.75,176,29704.25,29704.75,0.50
2026-06-24 10:29:52,29701.50,29705.75,29701.50,29704.75,115,29703.25,29704.00,0.75
2026-06-24 10:29:53,29704.00,29704.50,29703.25,29703.50,69,29699.75,29700.25,0.50
2026-06-24 10:29:54,29704.00,29704.75,29700.50,29700.50,116,29699.75,29700.25,0.50
2026-06-24 10:29:55,29700.00,29702.00,29697.50,29698.75,94,29702.00,29702.50,0.50
2026-06-24 10:29:56,29698.25,29704.00,29696.75,29702.50,119,29703.25,29703.75,0.50
2026-06-24 10:29:57,29702.25,29704.50,29701.25,29703.25,82,29704.00,29704.50,0.50
2026-06-24 10:29:58,29702.50,29704.25,29702.50,29703.00,49,29702.50,29703.00,0.50
2026-06-24 10:29:59,29704.00,29704.00,29701.00,29703.00,94,29706.00,29706.50,0.50
2026-06-24 10:30:00,29703.00,29707.00,29701.25,29706.50,130,29705.50,29706.00,0.50
2026-06-24 10:30:01,29706.00,29707.25,29703.25,29705.00,297,29715.50,29716.00,0.50
2026-06-24 10:30:02,29706.00,29716.50,29706.00,29715.00,549,29723.50,29724.00,0.50
2026-06-24 10:30:03,29715.75,29724.00,29715.25,29724.00,518,29723.50,29724.00,0.50
2026-06-24 10:30:04,29723.75,29726.25,29720.50,29725.50,426,29725.50,29726.00,0.50
2026-06-24 10:30:05,29725.50,29727.25,29723.25,29725.75,226,29725.50,29726.00,0.50
2026-06-24 10:30:06,29726.00,29728.00,29723.75,29725.25,220,29719.75,29720.50,0.75
2026-06-24 10:30:07,29725.25,29727.00,29718.50,29719.75,281,29722.00,29722.75,0.75
2026-06-24 10:30:08,29719.75,29723.75,29718.50,29722.75,199,29721.25,29721.75,0.50
2026-06-24 10:30:09,29722.00,29722.25,29719.00,29721.75,68,29722.00,29722.50,0.50
2026-06-24 10:30:10,29721.25,29723.75,29720.25,29723.00,108,29722.00,29722.50,0.50
2026-06-24 10:30:11,29722.50,29725.00,29721.25,29722.25,116,29718.75,29719.50,0.75
2026-06-24 10:30:12,29721.50,29722.00,29716.75,29719.25,141,29722.50,29723.25,0.75
2026-06-24 10:30:13,29718.75,29723.25,29716.75,29723.00,125,29725.00,29725.75,0.75
2026-06-24 10:30:14,29722.25,29727.00,29722.25,29727.00,101,29736.00,29736.50,0.50
2026-06-24 10:30:15,29725.25,29736.75,29725.25,29736.50,559,29731.50,29732.25,0.75
2026-06-24 10:30:16,29736.75,29736.75,29730.50,29731.50,313,29731.50,29732.25,0.75
2026-06-24 10:30:17,29731.75,29734.00,29728.75,29730.00,271,29729.75,29730.25,0.50
2026-06-24 10:30:18,29730.25,29732.75,29728.00,29731.00,145,29729.00,29729.50,0.50
2026-06-24 10:30:19,29730.25,29733.50,29728.25,29729.00,162,29729.00,29729.50,0.50
2026-06-24 10:30:20,29729.50,29734.75,29728.75,29731.75,160,29734.25,29735.00,0.75
2026-06-24 10:30:21,29731.75,29736.00,29731.50,29734.00,168,29737.75,29738.00,0.25
2026-06-24 10:30:22,29734.25,29739.00,29733.50,29738.00,258,29737.75,29738.00,0.25
2026-06-24 10:30:23,29738.25,29742.75,29737.00,29742.75,293,29740.50,29740.75,0.25
2026-06-24 10:30:24,29742.00,29743.50,29739.25,29740.50,315,29740.75,29741.25,0.50
2026-06-24 10:30:25,29740.50,29743.00,29739.00,29740.25,219,29741.50,29742.00,0.50
2026-06-24 10:30:26,29740.75,29743.25,29738.25,29741.25,234,29738.75,29739.25,0.50
2026-06-24 10:30:27,29742.00,29744.00,29738.25,29739.75,221,29742.75,29743.50,0.75
2026-06-24 10:30:28,29739.25,29744.50,29738.25,29744.50,170,29742.75,29743.50,0.75
2026-06-24 10:30:29,29743.50,29744.50,29738.50,29739.25,157,29739.75,29740.25,0.50
2026-06-24 10:30:30,29739.75,29742.50,29739.00,29739.50,130,29734.50,29735.00,0.50
2026-06-24 10:30:31,29739.75,29739.75,29732.50,29735.00,270,29736.25,29736.75,0.50
2026-06-24 10:30:32,29734.50,29738.25,29733.75,29736.50,163,29740.50,29741.00,0.50
2026-06-24 10:30:33,29737.00,29741.00,29736.25,29740.75,111,29746.75,29747.25,0.50
2026-06-24 10:30:34,29741.50,29747.00,29740.00,29746.75,249,29746.75,29747.25,0.50
2026-06-24 10:30:35,29747.00,29751.50,29746.50,29750.00,372,29752.25,29752.75,0.50
2026-06-24 10:30:36,29750.50,29753.00,29748.25,29752.75,248,29751.00,29751.50,0.50
2026-06-24 10:30:37,29753.25,29754.75,29750.25,29751.00,270,29749.25,29749.75,0.50
2026-06-24 10:30:38,29750.75,29750.75,29745.75,29749.00,294,29745.75,29746.50,0.75
2026-06-24 10:30:39,29749.75,29750.75,29745.50,29746.00,130,29745.75,29746.50,0.75
2026-06-24 10:30:40,29746.00,29749.75,29745.50,29746.50,208,29747.25,29747.75,0.50
2026-06-24 10:30:41,29747.25,29750.00,29745.75,29746.25,126,29751.50,29752.00,0.50
2026-06-24 10:30:42,29746.50,29752.75,29746.25,29752.25,143,29751.25,29751.75,0.50
2026-06-24 10:30:43,29752.00,29754.25,29749.00,29751.50,206,29750.25,29750.50,0.25
2026-06-24 10:30:44,29751.25,29752.00,29748.50,29751.00,139,29750.25,29750.50,0.25
2026-06-24 10:30:45,29751.00,29751.00,29747.00,29747.00,156,29747.00,29747.50,0.50
2026-06-24 10:30:46,29747.00,29749.75,29744.50,29749.75,179,29747.25,29747.75,0.50
2026-06-24 10:30:47,29749.75,29750.25,29746.75,29747.50,122,29744.25,29744.75,0.50
2026-06-24 10:30:48,29747.25,29747.75,29742.25,29744.00,204,29742.50,29743.25,0.75
2026-06-24 10:30:49,29744.75,29746.50,29739.75,29742.75,275,29742.50,29743.25,0.75
2026-06-24 10:30:50,29742.75,29748.00,29742.00,29747.25,138,29749.50,29750.00,0.50
2026-06-24 10:30:51,29746.50,29750.25,29745.00,29749.25,105,29749.00,29749.50,0.50
2026-06-24 10:30:52,29749.75,29751.50,29748.50,29749.25,73,29749.00,29749.50,0.50
2026-06-24 10:30:53,29749.00,29751.75,29745.75,29746.25,122,29745.00,29745.50,0.50
2026-06-24 10:30:54,29746.25,29747.00,29744.50,29745.25,121,29745.00,29745.50,0.50
2026-06-24 10:30:55,29745.00,29747.75,29744.50,29745.75,123,29747.25,29747.75,0.50
2026-06-24 10:30:56,29745.25,29748.75,29745.25,29747.75,134,29750.00,29750.50,0.50
2026-06-24 10:30:57,29746.75,29750.75,29746.50,29749.75,88,29754.75,29755.25,0.50
2026-06-24 10:30:58,29750.00,29757.00,29749.75,29754.75,200,29754.75,29755.25,0.50
2026-06-24 10:30:59,29755.00,29756.50,29753.50,29754.25,117,29753.75,29754.25,0.50
2026-06-24 10:31:00,29754.00,29756.25,29752.00,29753.75,131,29746.75,29747.25,0.50
2026-06-24 10:31:01,29754.25,29754.50,29746.50,29746.50,364,29743.75,29744.25,0.50
2026-06-24 10:31:02,29746.75,29747.50,29742.00,29743.25,205,29743.75,29744.25,0.50
2026-06-24 10:31:03,29743.75,29746.50,29742.50,29744.75,129,29744.25,29744.75,0.50
2026-06-24 10:31:04,29744.50,29749.25,29741.25,29745.50,272,29751.50,29752.00,0.50
2026-06-24 10:31:05,29745.25,29752.50,29745.00,29752.00,146,29744.00,29744.50,0.50
2026-06-24 10:31:06,29751.25,29752.00,29743.75,29743.75,227,29747.50,29748.00,0.50
2026-06-24 10:31:07,29744.00,29748.75,29743.00,29748.00,165,29746.00,29746.75,0.75
2026-06-24 10:31:08,29747.50,29748.75,29743.25,29746.50,150,29746.00,29746.75,0.75
2026-06-24 10:31:09,29746.50,29747.25,29744.50,29745.25,87,29745.50,29746.00,0.50
2026-06-24 10:31:10,29745.75,29749.00,29743.75,29748.00,118,29744.25,29744.75,0.50
2026-06-24 10:31:11,29748.00,29750.00,29744.50,29744.50,131,29751.25,29751.75,0.50
2026-06-24 10:31:12,29744.00,29751.50,29743.50,29751.50,87,29748.00,29748.50,0.50
2026-06-24 10:31:13,29751.25,29751.25,29744.75,29748.25,149,29757.25,29757.75,0.50
2026-06-24 10:31:14,29748.50,29757.75,29747.25,29757.50,198,29753.25,29753.75,0.50
2026-06-24 10:31:15,29757.00,29757.75,29753.00,29754.00,225,29753.25,29753.75,0.50
2026-06-24 10:31:16,29753.25,29754.75,29752.75,29753.25,70,29748.00,29748.50,0.50
2026-06-24 10:31:17,29753.00,29754.50,29748.00,29748.50,88,29749.50,29750.00,0.50
2026-06-24 10:31:18,29748.00,29751.50,29748.00,29750.00,74,29748.50,29748.75,0.25
2026-06-24 10:31:19,29750.00,29751.25,29749.00,29749.00,53,29748.50,29748.75,0.25
2026-06-24 10:31:20,29748.50,29756.50,29748.50,29755.50,111,29754.75,29755.25,0.50
2026-06-24 10:31:21,29755.00,29759.50,29753.75,29756.50,227,29756.25,29756.75,0.50
2026-06-24 10:31:22,29756.50,29757.00,29753.25,29757.00,175,29750.75,29751.25,0.50
2026-06-24 10:31:23,29757.00,29757.50,29749.50,29751.00,170,29751.75,29752.25,0.50
2026-06-24 10:31:24,29750.50,29753.25,29749.50,29752.25,165,29744.25,29744.75,0.50
2026-06-24 10:31:25,29751.75,29752.50,29744.50,29745.25,194,29743.25,29744.00,0.75
2026-06-24 10:31:26,29744.00,29745.75,29743.25,29743.75,137,29742.25,29742.75,0.50
2026-06-24 10:31:27,29743.25,29746.00,29739.50,29742.00,222,29742.25,29742.75,0.50
2026-06-24 10:31:28,29741.25,29744.25,29740.50,29742.50,135,29742.50,29743.00,0.50
2026-06-24 10:31:29,29742.50,29744.75,29740.75,29743.00,138,29738.25,29738.75,0.50
2026-06-24 10:31:30,29742.50,29742.50,29736.75,29738.25,252,29739.00,29739.50,0.50
2026-06-24 10:31:31,29738.25,29740.50,29736.75,29739.00,154,29742.50,29743.00,0.50
2026-06-24 10:31:32,29739.25,29744.75,29738.00,29742.50,272,29742.00,29742.50,0.50
2026-06-24 10:31:33,29743.00,29743.75,29740.25,29741.75,116,29744.75,29745.25,0.50
2026-06-24 10:31:34,29742.75,29746.75,29742.25,29744.75,136,29747.50,29748.00,0.50
2026-06-24 10:31:35,29745.50,29749.00,29744.00,29748.50,189,29752.00,29752.50,0.50
2026-06-24 10:31:36,29749.25,29752.50,29748.25,29752.50,87,29749.00,29749.50,0.50
2026-06-24 10:31:37,29752.00,29752.75,29749.25,29749.75,133,29746.25,29746.75,0.50
2026-06-24 10:31:38,29749.50,29749.50,29745.50,29746.00,159,29747.50,29748.00,0.50
2026-06-24 10:31:39,29746.75,29748.00,29746.00,29748.00,95,29747.50,29748.00,0.50
2026-06-24 10:31:40,29747.25,29750.00,29745.00,29745.50,87,29743.25,29743.75,0.50
2026-06-24 10:31:41,29745.25,29745.25,29742.50,29744.00,99,29745.25,29745.75,0.50
2026-06-24 10:31:42,29743.25,29746.75,29741.25,29745.75,130,29742.00,29742.50,0.50
2026-06-24 10:31:43,29745.25,29745.50,29741.75,29742.00,95,29746.25,29746.75,0.50
2026-06-24 10:31:44,29742.00,29746.25,29741.25,29746.25,86,29751.00,29751.50,0.50
2026-06-24 10:31:45,29746.25,29751.25,29744.50,29751.25,135,29752.00,29752.75,0.75
2026-06-24 10:31:46,29751.00,29756.75,29750.75,29752.50,152,29751.50,29752.00,0.50
2026-06-24 10:31:47,29752.75,29754.00,29750.75,29751.25,122,29751.50,29752.00,0.50
2026-06-24 10:31:48,29751.75,29752.50,29748.25,29748.25,61,29749.50,29750.00,0.50
2026-06-24 10:31:49,29748.25,29750.75,29747.75,29749.00,71,29749.00,29749.50,0.50
2026-06-24 10:31:50,29748.75,29749.50,29745.25,29747.75,91,29749.50,29750.00,0.50
2026-06-24 10:31:51,29747.75,29751.50,29747.25,29750.00,127,29749.50,29750.00,0.50
2026-06-24 10:31:52,29749.75,29754.75,29749.75,29754.00,116,29758.00,29758.50,0.50
2026-06-24 10:31:53,29753.50,29759.25,29750.75,29758.50,148,29755.50,29756.00,0.50
2026-06-24 10:31:54,29758.00,29758.50,29754.50,29755.50,113,29756.75,29757.25,0.50
2026-06-24 10:31:55,29755.50,29759.75,29755.50,29756.75,117,29763.25,29764.00,0.75
2026-06-24 10:31:56,29757.25,29765.25,29755.25,29763.50,410,29763.25,29764.00,0.75
2026-06-24 10:31:57,29764.00,29764.00,29760.50,29762.25,230,29761.75,29762.25,0.50
2026-06-24 10:31:58,29762.25,29765.25,29761.50,29762.25,193,29763.50,29764.00,0.50
2026-06-24 10:31:59,29763.00,29764.75,29762.00,29763.75,172,29763.50,29764.00,0.50
2026-06-24 10:32:00,29763.75,29765.50,29762.25,29764.00,102,29761.50,29762.00,0.50
2026-06-24 10:32:01,29763.75,29764.25,29760.25,29761.50,200,29762.50,29763.00,0.50
2026-06-24 10:32:02,29761.50,29763.25,29760.50,29762.75,149,29762.50,29763.00,0.50
2026-06-24 10:32:03,29762.50,29763.50,29759.75,29760.00,101,29762.00,29762.50,0.50
2026-06-24 10:32:04,29760.25,29763.75,29758.50,29762.25,283,29759.00,29759.50,0.50
2026-06-24 10:32:05,29761.75,29761.75,29758.50,29759.50,69,29762.50,29763.25,0.75
2026-06-24 10:32:06,29758.75,29763.25,29758.75,29762.75,97,29758.50,29759.00,0.50
2026-06-24 10:32:07,29762.25,29763.00,29758.50,29758.50,66,29757.00,29757.50,0.50
2026-06-24 10:32:08,29758.50,29759.75,29756.25,29757.50,134,29755.25,29756.00,0.75
2026-06-24 10:32:09,29757.00,29757.75,29754.50,29755.75,111,29755.25,29756.00,0.75
2026-06-24 10:32:10,29755.75,29757.25,29755.00,29756.50,99,29759.75,29760.25,0.50
2026-06-24 10:32:11,29757.00,29761.50,29756.25,29760.00,115,29750.50,29751.00,0.50
2026-06-24 10:32:12,29760.25,29760.25,29751.00,29751.00,255,29750.50,29751.00,0.50
2026-06-24 10:32:13,29751.00,29752.00,29748.50,29751.00,182,29751.00,29751.50,0.50
2026-06-24 10:32:14,29751.00,29752.75,29749.50,29751.25,96,29751.75,29752.25,0.50
2026-06-24 10:32:15,29751.00,29751.75,29748.00,29751.75,110,29752.75,29753.25,0.50
2026-06-24 10:32:16,29752.25,29753.50,29749.25,29752.50,86,29754.25,29754.75,0.50
2026-06-24 10:32:17,29753.00,29754.50,29752.00,29754.50,54,29755.50,29755.75,0.25
2026-06-24 10:32:18,29754.25,29756.00,29752.00,29754.75,60,29755.50,29755.75,0.25
2026-06-24 10:32:19,29755.50,29757.25,29755.00,29755.50,77,29757.50,29758.25,0.75
2026-06-24 10:32:20,29755.75,29759.25,29755.25,29757.00,55,29757.25,29757.75,0.50
2026-06-24 10:32:21,29757.75,29759.00,29756.00,29757.00,83,29757.25,29757.75,0.50
2026-06-24 10:32:22,29757.75,29758.50,29752.50,29753.25,94,29750.75,29751.25,0.50
2026-06-24 10:32:23,29753.75,29754.00,29751.00,29751.50,96,29759.50,29760.00,0.50
2026-06-24 10:32:24,29751.25,29761.00,29750.25,29760.25,139,29763.00,29763.75,0.75
2026-06-24 10:32:25,29760.00,29765.00,29760.00,29763.00,209,29768.00,29768.50,0.50
2026-06-24 10:32:26,29763.25,29769.75,29763.00,29768.50,364,29767.25,29767.75,0.50
2026-06-24 10:32:27,29768.00,29768.75,29765.00,29767.50,133,29767.25,29767.75,0.50
2026-06-24 10:32:28,29767.25,29769.50,29766.00,29767.00,112,29768.50,29769.00,0.50
2026-06-24 10:32:29,29767.75,29771.25,29767.00,29769.25,203,29773.75,29774.25,0.50
2026-06-24 10:32:30,29769.00,29774.50,29768.50,29774.00,264,29774.25,29774.75,0.50
2026-06-24 10:32:31,29773.75,29776.75,29771.25,29774.75,248,29770.50,29771.00,0.50
2026-06-24 10:32:32,29774.75,29775.00,29770.50,29771.25,230,29769.25,29769.75,0.50
2026-06-24 10:32:33,29770.50,29771.50,29768.75,29769.75,157,29768.50,29769.00,0.50
2026-06-24 10:32:34,29769.50,29770.75,29766.75,29768.50,147,29766.00,29766.50,0.50
2026-06-24 10:32:35,29769.00,29769.50,29765.25,29766.00,137,29763.25,29763.75,0.50
2026-06-24 10:32:36,29765.25,29766.00,29762.50,29763.25,155,29763.25,29763.75,0.50
2026-06-24 10:32:37,29763.25,29766.75,29761.75,29765.75,135,29765.50,29766.00,0.50
2026-06-24 10:32:38,29765.75,29768.50,29762.75,29763.00,125,29762.75,29763.25,0.50
2026-06-24 10:32:39,29763.00,29764.75,29762.00,29763.00,106,29760.75,29761.00,0.25
2026-06-24 10:32:40,29762.75,29763.00,29758.25,29760.75,142,29764.75,29765.50,0.75
2026-06-24 10:32:41,29761.00,29766.50,29760.25,29765.50,143,29764.75,29765.50,0.75
2026-06-24 10:32:42,29765.25,29768.75,29764.50,29767.50,99,29766.25,29767.00,0.75
2026-06-24 10:32:43,29767.50,29769.75,29765.50,29767.00,73,29764.00,29764.50,0.50
2026-06-24 10:32:44,29766.00,29766.50,29763.75,29764.25,67,29765.00,29765.50,0.50
2026-06-24 10:32:45,29764.50,29765.75,29763.50,29765.00,90,29766.25,29766.75,0.50
2026-06-24 10:32:46,29764.25,29767.75,29762.25,29766.50,138,29766.75,29767.25,0.50
2026-06-24 10:32:47,29766.50,29768.00,29766.00,29766.75,55,29762.75,29763.00,0.25
2026-06-24 10:32:48,29767.25,29768.25,29763.25,29763.25,118,29764.25,29764.50,0.25
2026-06-24 10:32:49,29762.75,29765.25,29761.00,29764.50,126,29768.75,29769.25,0.50
2026-06-24 10:32:50,29764.25,29770.50,29763.50,29769.00,119,29772.25,29772.50,0.25
2026-06-24 10:32:51,29769.00,29772.75,29767.75,29772.25,138,29769.75,29770.25,0.50
2026-06-24 10:32:52,29772.00,29772.00,29769.50,29770.00,111,29771.25,29771.50,0.25
2026-06-24 10:32:53,29771.00,29772.00,29768.25,29771.75,86,29767.25,29767.75,0.50
2026-06-24 10:32:54,29770.75,29771.00,29766.75,29767.00,56,29765.50,29766.00,0.50
2026-06-24 10:32:55,29767.25,29768.25,29765.00,29765.50,94,29764.50,29765.00,0.50
2026-06-24 10:32:56,29765.50,29766.25,29763.50,29764.50,91,29764.50,29765.00,0.50
2026-06-24 10:32:57,29764.75,29766.50,29764.00,29765.75,52,29764.00,29764.50,0.50
2026-06-24 10:32:58,29764.75,29766.00,29763.00,29764.25,112,29762.75,29763.25,0.50
2026-06-24 10:32:59,29764.25,29766.50,29762.75,29763.25,60,29759.00,29759.50,0.50
2026-06-24 10:33:00,29763.25,29763.25,29759.00,29759.00,107,29759.00,29759.50,0.50
2026-06-24 10:33:01,29759.25,29761.25,29755.75,29757.75,285,29755.50,29756.00,0.50
2026-06-24 10:33:02,29757.50,29757.75,29753.75,29755.75,225,29754.50,29755.00,0.50
2026-06-24 10:33:03,29755.50,29757.25,29751.75,29754.25,272,29751.00,29751.50,0.50
2026-06-24 10:33:04,29754.50,29754.50,29749.25,29751.50,223,29752.50,29753.00,0.50
2026-06-24 10:33:05,29751.00,29753.50,29749.75,29752.75,164,29755.00,29755.50,0.50
2026-06-24 10:33:06,29753.00,29755.25,29751.00,29755.25,163,29756.75,29757.25,0.50
2026-06-24 10:33:07,29754.75,29757.50,29754.25,29757.00,54,29756.75,29757.25,0.50
2026-06-24 10:33:08,29756.75,29757.75,29754.75,29756.50,67,29749.50,29750.00,0.50
2026-06-24 10:33:09,29757.50,29758.00,29749.50,29749.50,127,29746.25,29746.75,0.50
2026-06-24 10:33:10,29749.75,29753.50,29745.50,29746.25,250,29744.50,29745.00,0.50
2026-06-24 10:33:11,29746.25,29746.75,29743.75,29744.50,214,29745.00,29745.50,0.50
2026-06-24 10:33:12,29744.25,29745.75,29741.25,29745.50,260,29745.00,29745.50,0.50
2026-06-24 10:33:13,29745.00,29745.75,29742.25,29743.50,126,29744.00,29744.50,0.50
2026-06-24 10:33:14,29743.75,29744.00,29741.50,29743.50,96,29742.75,29743.25,0.50
2026-06-24 10:33:15,29743.00,29743.75,29740.50,29743.50,159,29738.50,29739.00,0.50
2026-06-24 10:33:16,29743.00,29743.75,29736.50,29738.50,272,29738.25,29738.75,0.50
2026-06-24 10:33:17,29739.25,29739.75,29735.25,29738.25,253,29740.50,29741.00,0.50
2026-06-24 10:33:18,29738.25,29741.50,29738.00,29741.00,137,29740.50,29741.00,0.50
2026-06-24 10:33:19,29741.00,29742.00,29738.75,29741.25,110,29741.50,29742.00,0.50
2026-06-24 10:33:20,29741.00,29743.50,29740.75,29741.00,107,29742.25,29742.75,0.50
2026-06-24 10:33:21,29741.50,29744.50,29739.50,29743.00,138,29740.25,29740.75,0.50
2026-06-24 10:33:22,29742.75,29742.75,29739.25,29740.50,62,29740.50,29741.00,0.50
2026-06-24 10:33:23,29740.75,29743.25,29739.00,29740.75,105,29742.75,29743.50,0.75
2026-06-24 10:33:24,29740.50,29743.00,29739.25,29743.00,98,29738.50,29739.00,0.50
2026-06-24 10:33:25,29742.75,29743.50,29738.25,29738.25,96,29734.50,29734.75,0.25
2026-06-24 10:33:26,29739.00,29743.00,29735.25,29735.25,147,29734.50,29734.75,0.25
2026-06-24 10:33:27,29735.00,29735.00,29732.25,29732.25,275,29732.75,29733.25,0.50
2026-06-24 10:33:28,29732.25,29733.50,29730.75,29732.50,237,29732.75,29733.25,0.50
2026-06-24 10:33:29,29732.75,29734.00,29731.00,29732.25,84,29732.75,29733.25,0.50
2026-06-24 10:33:30,29732.75,29735.00,29732.50,29733.25,177,29734.25,29734.75,0.50
2026-06-24 10:33:31,29732.75,29734.75,29729.75,29734.50,185,29732.00,29732.50,0.50
2026-06-24 10:33:32,29734.25,29735.00,29731.75,29731.75,105,29731.50,29732.00,0.50
2026-06-24 10:33:33,29732.50,29733.50,29730.25,29731.50,130,29732.00,29732.50,0.50
2026-06-24 10:33:34,29732.00,29734.00,29730.25,29732.25,99,29737.00,29737.50,0.50
2026-06-24 10:33:35,29732.00,29738.75,29731.50,29737.25,177,29740.00,29740.50,0.50
2026-06-24 10:33:36,29737.00,29740.50,29735.75,29739.50,157,29740.00,29740.50,0.50
2026-06-24 10:33:37,29740.00,29740.50,29734.50,29737.00,137,29738.50,29739.00,0.50
2026-06-24 10:33:38,29736.75,29742.00,29736.75,29739.00,165,29740.00,29740.50,0.50
2026-06-24 10:33:39,29738.75,29740.25,29737.25,29740.25,78,29748.00,29748.50,0.50
2026-06-24 10:33:40,29740.75,29749.25,29740.75,29748.50,271,29748.00,29748.50,0.50
2026-06-24 10:33:41,29748.75,29748.75,29745.50,29748.75,121,29748.00,29748.50,0.50
2026-06-24 10:33:42,29748.50,29749.75,29747.00,29748.25,105,29748.00,29748.50,0.50
2026-06-24 10:33:43,29748.25,29752.75,29744.50,29750.50,205,29751.00,29751.50,0.50
2026-06-24 10:33:44,29750.00,29752.50,29750.00,29751.25,165,29751.75,29752.25,0.50
2026-06-24 10:33:45,29751.00,29752.50,29748.50,29752.25,162,29757.50,29758.00,0.50
2026-06-24 10:33:46,29751.75,29758.75,29751.25,29758.75,245,29755.50,29756.00,0.50
2026-06-24 10:33:47,29757.50,29758.00,29753.00,29756.00,189,29752.75,29753.25,0.50
2026-06-24 10:33:48,29755.75,29756.25,29751.00,29752.75,155,29755.00,29755.75,0.75
2026-06-24 10:33:49,29753.25,29755.25,29752.00,29755.25,61,29751.25,29752.00,0.75
2026-06-24 10:33:50,29755.75,29758.00,29751.25,29751.25,133,29755.75,29756.25,0.50
2026-06-24 10:33:51,29751.75,29756.50,29751.25,29756.25,84,29752.25,29752.75,0.50
2026-06-24 10:33:52,29756.00,29756.00,29752.00,29752.50,105,29747.50,29747.75,0.25
2026-06-24 10:33:53,29752.75,29753.50,29747.50,29747.50,61,29747.00,29747.50,0.50
2026-06-24 10:33:54,29747.50,29748.25,29746.50,29747.00,67,29743.25,29743.75,0.50
2026-06-24 10:33:55,29747.50,29747.50,29743.00,29743.50,99,29743.75,29744.25,0.50
2026-06-24 10:33:56,29743.50,29744.50,29743.25,29744.25,83,29740.75,29741.25,0.50
2026-06-24 10:33:57,29744.25,29744.50,29738.75,29741.25,144,29739.25,29739.75,0.50
2026-06-24 10:33:58,29740.75,29742.00,29737.50,29739.50,101,29741.50,29742.00,0.50
2026-06-24 10:33:59,29739.25,29742.25,29739.25,29742.00,93,29741.75,29742.25,0.50
2026-06-24 10:34:00,29741.50,29742.25,29740.75,29741.75,64,29745.25,29745.75,0.50
2026-06-24 10:34:01,29742.50,29745.50,29742.00,29745.50,98,29748.00,29748.25,0.25
2026-06-24 10:34:02,29745.75,29748.75,29744.25,29748.75,150,29748.00,29748.25,0.25
2026-06-24 10:34:03,29748.25,29752.50,29746.75,29752.25,173,29754.00,29754.50,0.50
2026-06-24 10:34:04,29752.00,29755.25,29752.00,29754.50,132,29759.00,29759.50,0.50
2026-06-24 10:34:05,29754.50,29759.50,29754.50,29759.50,213,29758.00,29758.50,0.50
2026-06-24 10:34:06,29759.00,29760.75,29757.50,29758.50,159,29756.75,29757.25,0.50
2026-06-24 10:34:07,29757.75,29760.50,29756.75,29757.25,104,29755.25,29755.75,0.50
2026-06-24 10:34:08,29756.50,29757.75,29755.00,29755.50,112,29757.25,29757.75,0.50
2026-06-24 10:34:09,29755.00,29757.75,29753.50,29757.50,162,29761.75,29762.25,0.50
2026-06-24 10:34:10,29757.75,29763.00,29757.00,29762.25,162,29763.25,29763.75,0.50
2026-06-24 10:34:11,29762.25,29766.50,29761.50,29763.50,191,29760.00,29760.50,0.50
2026-06-24 10:34:12,29763.25,29763.50,29758.75,29760.00,212,29760.00,29760.50,0.50
2026-06-24 10:34:13,29760.00,29762.50,29757.25,29757.75,101,29759.75,29760.25,0.50
2026-06-24 10:34:14,29758.00,29761.25,29755.25,29760.00,149,29759.75,29760.25,0.50
2026-06-24 10:34:15,29760.25,29761.50,29756.50,29757.50,103,29764.25,29764.75,0.50
2026-06-24 10:34:16,29757.75,29764.75,29757.75,29764.25,135,29760.00,29760.50,0.50
2026-06-24 10:34:17,29764.25,29764.25,29759.75,29760.25,99,29761.25,29761.75,0.50
2026-06-24 10:34:18,29760.50,29762.00,29757.75,29761.25,79,29759.50,29760.00,0.50
2026-06-24 10:34:19,29761.75,29762.00,29759.25,29759.50,76,29760.00,29760.50,0.50
2026-06-24 10:34:20,29760.25,29761.25,29759.25,29760.00,91,29757.75,29758.25,0.50
2026-06-24 10:34:21,29759.75,29761.50,29758.25,29758.25,86,29755.50,29755.75,0.25
2026-06-24 10:34:22,29758.25,29759.50,29756.25,29756.25,76,29755.50,29755.75,0.25
2026-06-24 10:34:23,29756.00,29758.50,29753.25,29757.25,196,29754.00,29754.75,0.75
2026-06-24 10:34:24,29756.75,29756.75,29752.75,29754.25,80,29753.50,29754.00,0.50
2026-06-24 10:34:25,29754.00,29754.75,29752.75,29754.25,78,29756.75,29757.25,0.50
2026-06-24 10:34:26,29753.50,29758.00,29753.00,29756.75,80,29752.00,29752.50,0.50
2026-06-24 10:34:27,29757.00,29757.75,29750.75,29753.00,134,29753.75,29754.00,0.25
2026-06-24 10:34:28,29752.00,29755.00,29751.75,29753.50,48,29756.75,29757.25,0.50
2026-06-24 10:34:29,29753.75,29758.00,29753.00,29756.75,57,29757.50,29758.00,0.50
2026-06-24 10:34:30,29757.00,29758.25,29755.50,29758.25,62,29753.25,29753.75,0.50
2026-06-24 10:34:31,29757.25,29760.00,29753.75,29753.75,127,29757.00,29757.75,0.75
2026-06-24 10:34:32,29753.50,29757.50,29753.50,29757.50,100,29757.00,29757.50,0.50
2026-06-24 10:34:33,29757.00,29759.25,29754.50,29758.50,130,29756.25,29756.75,0.50
2026-06-24 10:34:34,29757.50,29758.25,29755.50,29756.50,59,29753.50,29754.00,0.50
2026-06-24 10:34:35,29756.50,29758.75,29752.00,29753.25,95,29753.50,29754.00,0.50
2026-06-24 10:34:36,29753.75,29757.25,29752.50,29757.25,98,29752.75,29753.25,0.50
2026-06-24 10:34:37,29757.50,29757.50,29748.75,29752.75,164,29753.75,29754.25,0.50
2026-06-24 10:34:38,29753.00,29754.25,29751.00,29754.25,62,29753.00,29753.50,0.50
2026-06-24 10:34:39,29754.25,29755.25,29752.00,29753.50,79,29751.75,29752.25,0.50
2026-06-24 10:34:40,29753.25,29754.75,29751.25,29752.00,39,29757.75,29758.25,0.50
2026-06-24 10:34:41,29752.25,29759.50,29752.25,29757.25,150,29758.50,29759.00,0.50
2026-06-24 10:34:42,29758.25,29758.75,29757.00,29758.25,74,29757.00,29757.75,0.75
2026-06-24 10:34:43,29758.25,29760.25,29756.25,29757.00,94,29761.25,29762.00,0.75
2026-06-24 10:34:44,29757.00,29763.50,29756.75,29762.00,92,29756.50,29757.00,0.50
2026-06-24 10:34:45,29761.25,29761.25,29755.50,29756.00,122,29756.50,29757.00,0.50
2026-06-24 10:34:46,29756.25,29758.25,29756.25,29757.50,61,29753.50,29754.00,0.50
2026-06-24 10:34:47,29758.00,29758.00,29752.50,29753.50,54,29756.00,29756.25,0.25
2026-06-24 10:34:48,29754.00,29756.25,29752.50,29755.50,66,29759.25,29759.75,0.50
2026-06-24 10:34:49,29756.00,29759.50,29755.25,29759.25,78,29767.50,29768.00,0.50
2026-06-24 10:34:50,29759.25,29768.75,29759.00,29767.75,212,29761.75,29762.50,0.75
2026-06-24 10:34:51,29767.50,29768.25,29762.25,29762.25,162,29761.25,29761.75,0.50
2026-06-24 10:34:52,29761.25,29762.50,29760.75,29761.75,57,29759.00,29759.75,0.75
2026-06-24 10:34:53,29761.75,29763.00,29758.25,29759.50,86,29760.00,29760.50,0.50
2026-06-24 10:34:54,29759.75,29763.50,29759.50,29760.50,63,29764.00,29764.50,0.50
2026-06-24 10:34:55,29760.50,29764.75,29760.25,29764.75,81,29761.75,29762.25,0.50
2026-06-24 10:34:56,29764.50,29764.50,29761.50,29762.00,85,29760.50,29761.00,0.50
2026-06-24 10:34:57,29762.25,29763.50,29760.00,29760.25,54,29762.00,29762.50,0.50
2026-06-24 10:34:58,29760.50,29763.75,29760.50,29762.50,86,29763.25,29763.75,0.50
2026-06-24 10:34:59,29762.50,29764.00,29759.00,29764.00,122,29762.00,29762.50,0.50
2026-06-24 10:35:00,29763.25,29763.75,29761.00,29762.00,83,29761.25,29761.75,0.50
2026-06-24 10:35:01,29762.50,29764.00,29760.50,29761.25,165,29769.75,29770.50,0.75
2026-06-24 10:35:02,29761.25,29770.75,29760.75,29770.75,284,29770.50,29771.00,0.50
2026-06-24 10:35:03,29770.00,29772.00,29768.75,29771.50,170,29772.25,29772.75,0.50
2026-06-24 10:35:04,29771.00,29774.25,29771.00,29772.25,216,29774.00,29774.75,0.75
2026-06-24 10:35:05,29772.50,29776.75,29771.50,29774.75,263,29780.25,29780.50,0.25
2026-06-24 10:35:06,29774.00,29779.75,29773.00,29779.75,332,29780.25,29780.50,0.25
2026-06-24 10:35:07,29780.00,29781.25,29776.50,29777.50,360,29779.50,29780.00,0.50
2026-06-24 10:35:08,29778.00,29779.25,29775.75,29779.25,176,29779.50,29780.00,0.50
2026-06-24 10:35:09,29779.75,29783.00,29779.50,29779.50,257,29779.25,29780.00,0.75
2026-06-24 10:35:10,29779.75,29781.75,29777.75,29780.00,229,29781.25,29781.75,0.50
2026-06-24 10:35:11,29779.75,29783.00,29779.00,29781.50,167,29776.00,29776.50,0.50
2026-06-24 10:35:12,29781.75,29782.75,29776.25,29776.50,176,29768.75,29769.25,0.50
2026-06-24 10:35:13,29776.00,29776.00,29768.25,29768.75,231,29766.00,29766.50,0.50
2026-06-24 10:35:14,29768.75,29770.75,29765.75,29766.00,133,29760.25,29760.75,0.50
2026-06-24 10:35:15,29766.50,29767.00,29757.00,29760.50,356,29761.75,29762.50,0.75
2026-06-24 10:35:16,29760.25,29762.75,29759.75,29761.75,112,29761.75,29762.50,0.75
2026-06-24 10:35:17,29762.25,29770.50,29761.50,29770.50,138,29770.00,29770.25,0.25
2026-06-24 10:35:18,29770.25,29771.00,29767.50,29768.50,126,29769.75,29770.25,0.50
2026-06-24 10:35:19,29767.75,29772.00,29766.50,29770.25,81,29769.75,29770.25,0.50
2026-06-24 10:35:20,29770.00,29771.25,29769.00,29770.75,64,29772.25,29772.75,0.50
2026-06-24 10:35:21,29770.75,29774.25,29770.25,29771.75,85,29772.25,29772.75,0.50
2026-06-24 10:35:22,29772.00,29775.00,29772.00,29773.50,101,29773.50,29774.25,0.75
2026-06-24 10:35:23,29773.75,29773.75,29770.50,29772.00,99,29772.25,29772.75,0.50
2026-06-24 10:35:24,29772.25,29774.25,29770.75,29773.00,100,29771.75,29772.25,0.50
2026-06-24 10:35:25,29772.25,29773.50,29770.75,29770.75,65,29771.75,29772.25,0.50
2026-06-24 10:35:26,29771.25,29775.75,29771.00,29774.50,137,29777.50,29778.00,0.50
2026-06-24 10:35:27,29774.75,29779.75,29774.00,29778.75,111,29777.50,29778.00,0.50
2026-06-24 10:35:28,29778.00,29779.50,29775.00,29775.00,78,29779.25,29779.50,0.25
2026-06-24 10:35:29,29775.75,29779.25,29775.25,29779.00,116,29778.50,29779.00,0.50
2026-06-24 10:35:30,29779.50,29780.00,29776.75,29778.50,72,29778.25,29778.75,0.50
2026-06-24 10:35:31,29778.25,29778.50,29774.75,29778.00,110,29778.75,29779.25,0.50
2026-06-24 10:35:32,29778.00,29779.50,29776.00,29779.00,66,29770.25,29770.75,0.50
2026-06-24 10:35:33,29778.75,29778.75,29769.50,29770.00,197,29777.25,29777.75,0.50
2026-06-24 10:35:34,29769.75,29778.75,29769.00,29778.00,149,29777.75,29778.25,0.50
2026-06-24 10:35:35,29777.25,29779.25,29775.00,29777.75,112,29779.00,29779.50,0.50
2026-06-24 10:35:36,29778.25,29781.75,29777.75,29778.75,119,29780.50,29781.00,0.50
2026-06-24 10:35:37,29779.50,29781.75,29779.25,29780.75,134,29779.00,29779.25,0.25
2026-06-24 10:35:38,29781.00,29782.25,29778.25,29778.50,104,29776.25,29776.75,0.50
2026-06-24 10:35:39,29779.25,29783.00,29776.00,29776.25,210,29778.75,29779.25,0.50
2026-06-24 10:35:40,29777.00,29780.25,29777.00,29779.00,100,29778.75,29779.25,0.50
2026-06-24 10:35:41,29779.25,29782.50,29778.50,29780.25,130,29775.75,29776.00,0.25
2026-06-24 10:35:42,29781.75,29781.75,29773.00,29776.00,137,29773.50,29774.00,0.50
2026-06-24 10:35:43,29776.00,29776.50,29772.50,29773.75,139,29774.75,29775.25,0.50
2026-06-24 10:35:44,29773.50,29775.75,29773.50,29774.25,98,29779.75,29780.25,0.50
2026-06-24 10:35:45,29775.25,29780.25,29775.25,29780.00,83,29781.75,29782.25,0.50
2026-06-24 10:35:46,29780.75,29782.75,29780.00,29781.50,74,29773.25,29774.00,0.75
2026-06-24 10:35:47,29781.75,29782.00,29773.50,29774.25,89,29773.25,29774.00,0.75
2026-06-24 10:35:48,29773.75,29773.75,29771.25,29773.25,124,29773.50,29774.00,0.50
2026-06-24 10:35:49,29773.25,29774.00,29771.00,29771.75,80,29768.25,29768.75,0.50
2026-06-24 10:35:50,29771.50,29771.50,29767.00,29768.50,171,29768.25,29768.75,0.50
2026-06-24 10:35:51,29768.25,29773.75,29768.25,29772.25,83,29772.25,29772.75,0.50
2026-06-24 10:35:52,29772.25,29775.25,29772.25,29775.00,90,29774.25,29774.75,0.50
2026-06-24 10:35:53,29774.25,29775.25,29771.75,29774.25,49,29774.25,29774.75,0.50
2026-06-24 10:35:54,29774.50,29775.25,29772.75,29774.75,78,29769.00,29769.50,0.50
2026-06-24 10:35:55,29773.50,29773.50,29769.25,29769.50,97,29768.75,29769.00,0.25
2026-06-24 10:35:56,29769.25,29770.75,29767.00,29768.25,97,29771.50,29772.00,0.50
2026-06-24 10:35:57,29769.00,29774.00,29767.75,29772.25,123,29771.00,29771.75,0.75
2026-06-24 10:35:58,29772.50,29772.75,29770.50,29772.00,61,29774.50,29775.25,0.75
2026-06-24 10:35:59,29772.75,29775.25,29772.75,29775.25,83,29775.50,29776.00,0.50
2026-06-24 10:36:00,29774.50,29776.25,29773.25,29775.75,52,29774.50,29775.25,0.75
2026-06-24 10:36:01,29775.00,29777.00,29772.50,29774.75,182,29771.50,29772.00,0.50
2026-06-24 10:36:02,29774.75,29774.75,29771.00,29771.75,118,29770.25,29770.75,0.50
2026-06-24 10:36:03,29772.00,29772.25,29768.00,29771.00,162,29774.75,29775.25,0.50
2026-06-24 10:36:04,29770.25,29775.50,29770.00,29775.00,86,29776.25,29776.75,0.50
2026-06-24 10:36:05,29774.75,29778.50,29773.50,29776.50,135,29777.00,29777.75,0.75
2026-06-24 10:36:06,29775.50,29780.50,29774.75,29778.75,220,29774.50,29775.00,0.50
2026-06-24 10:36:07,29777.00,29777.00,29773.75,29774.50,86,29775.50,29776.00,0.50
2026-06-24 10:36:08,29775.00,29777.50,29774.75,29775.50,100,29775.25,29775.75,0.50
2026-06-24 10:36:09,29776.75,29776.75,29772.25,29775.25,95,29778.00,29778.50,0.50
2026-06-24 10:36:10,29776.00,29779.75,29775.50,29778.50,99,29772.25,29772.75,0.50
2026-06-24 10:36:11,29778.25,29778.50,29771.50,29772.25,133,29776.00,29776.50,0.50
2026-06-24 10:36:12,29772.25,29776.25,29772.00,29776.00,88,29776.00,29776.50,0.50
2026-06-24 10:36:13,29776.00,29779.00,29775.75,29778.75,136,29781.50,29782.00,0.50
2026-06-24 10:36:14,29779.75,29783.75,29779.50,29781.25,183,29781.50,29782.00,0.50
2026-06-24 10:36:15,29781.25,29783.75,29780.75,29783.25,176,29779.25,29779.75,0.50
2026-06-24 10:36:16,29783.25,29783.50,29777.50,29779.25,86,29780.25,29780.50,0.25
2026-06-24 10:36:17,29779.25,29781.50,29778.50,29780.25,133,29784.50,29785.00,0.50
2026-06-24 10:36:18,29780.50,29787.00,29777.75,29784.50,271,29783.50,29784.00,0.50
2026-06-24 10:36:19,29784.50,29785.25,29783.00,29783.75,98,29783.50,29784.00,0.50
2026-06-24 10:36:20,29784.00,29785.75,29782.25,29784.75,112,29784.00,29784.50,0.50
2026-06-24 10:36:21,29784.50,29784.50,29781.00,29784.25,92,29789.50,29789.75,0.25
2026-06-24 10:36:22,29785.25,29791.25,29784.75,29790.00,404,29789.50,29789.75,0.25
2026-06-24 10:36:23,29789.75,29789.75,29784.50,29786.25,200,29778.00,29778.75,0.75
2026-06-24 10:36:24,29784.75,29785.50,29777.75,29777.75,177,29776.75,29777.25,0.50
2026-06-24 10:36:25,29778.50,29778.50,29773.75,29776.75,253,29773.50,29774.00,0.50
2026-06-24 10:36:26,29777.25,29777.50,29772.75,29773.50,84,29773.50,29774.00,0.50
2026-06-24 10:36:27,29773.75,29777.00,29773.25,29776.75,174,29773.00,29773.50,0.50
2026-06-24 10:36:28,29777.00,29778.25,29773.00,29773.00,267,29773.00,29773.50,0.50
2026-06-24 10:36:29,29773.00,29775.75,29771.50,29774.75,115,29773.25,29773.75,0.50
2026-06-24 10:36:30,29774.75,29775.00,29769.00,29773.50,187,29774.50,29775.00,0.50
2026-06-24 10:36:31,29773.75,29777.25,29772.75,29774.25,151,29775.50,29776.25,0.75
2026-06-24 10:36:32,29774.75,29775.50,29771.25,29775.50,71,29774.00,29774.50,0.50
2026-06-24 10:36:33,29775.50,29775.75,29772.00,29773.00,121,29767.00,29767.50,0.50
2026-06-24 10:36:34,29774.50,29774.50,29763.25,29767.00,288,29764.00,29764.50,0.50
2026-06-24 10:36:35,29767.00,29768.25,29762.50,29764.50,205,29764.00,29764.50,0.50
2026-06-24 10:36:36,29764.00,29767.00,29763.00,29763.25,189,29762.00,29762.50,0.50
2026-06-24 10:36:37,29763.75,29764.25,29761.25,29762.50,196,29763.75,29764.25,0.50
2026-06-24 10:36:38,29762.00,29765.75,29761.75,29764.00,95,29766.75,29767.00,0.25
2026-06-24 10:36:39,29763.25,29768.00,29763.25,29767.25,100,29764.75,29765.25,0.50
2026-06-24 10:36:40,29767.00,29767.50,29763.25,29764.75,199,29767.25,29767.75,0.50
2026-06-24 10:36:41,29765.00,29767.25,29765.00,29767.25,54,29769.25,29769.75,0.50
2026-06-24 10:36:42,29767.25,29771.25,29766.75,29769.25,95,29761.25,29761.75,0.50
2026-06-24 10:36:43,29769.25,29769.75,29761.25,29761.50,156,29762.00,29762.50,0.50
2026-06-24 10:36:44,29761.75,29762.50,29758.50,29762.00,189,29762.75,29763.25,0.50
2026-06-24 10:36:45,29762.50,29763.75,29761.50,29762.25,96,29763.25,29763.75,0.50
2026-06-24 10:36:46,29762.75,29764.25,29761.75,29763.50,61,29760.00,29760.50,0.50
2026-06-24 10:36:47,29763.00,29763.50,29755.75,29760.25,213,29760.00,29760.50,0.50
2026-06-24 10:36:48,29760.00,29763.25,29758.75,29761.00,129,29763.75,29764.25,0.50
2026-06-24 10:36:49,29761.75,29764.25,29761.75,29764.25,59,29763.75,29764.25,0.50
2026-06-24 10:36:50,29763.75,29768.75,29763.50,29768.00,152,29768.50,29769.00,0.50
2026-06-24 10:36:51,29767.75,29769.25,29766.25,29768.50,81,29769.50,29770.00,0.50
2026-06-24 10:36:52,29769.00,29770.25,29766.25,29770.25,111,29769.50,29770.00,0.50
2026-06-24 10:36:53,29770.00,29775.00,29768.00,29770.25,181,29770.50,29771.25,0.75
2026-06-24 10:36:54,29770.50,29771.00,29768.75,29771.00,39,29769.75,29770.25,0.50
2026-06-24 10:36:55,29769.75,29771.25,29769.25,29769.75,46,29774.75,29775.25,0.50
2026-06-24 10:36:56,29769.75,29776.00,29769.75,29775.00,154,29775.50,29776.00,0.50
2026-06-24 10:36:57,29775.25,29777.50,29773.25,29776.00,141,29774.25,29774.75,0.50
2026-06-24 10:36:58,29775.50,29776.75,29774.25,29774.25,84,29776.50,29777.00,0.50
2026-06-24 10:36:59,29774.25,29776.75,29772.75,29776.75,96,29774.75,29775.25,0.50
2026-06-24 10:37:00,29777.00,29777.75,29775.25,29775.25,120,29774.75,29775.25,0.50
2026-06-24 10:37:01,29775.00,29776.00,29772.75,29774.25,98,29774.75,29775.25,0.50
2026-06-24 10:37:02,29774.75,29775.75,29771.25,29772.00,77,29772.25,29772.75,0.50
2026-06-24 10:37:03,29772.00,29775.75,29772.00,29773.75,61,29772.00,29772.25,0.25
2026-06-24 10:37:04,29773.25,29774.75,29771.25,29772.00,56,29769.25,29770.00,0.75
2026-06-24 10:37:05,29772.00,29773.00,29768.75,29769.75,70,29765.25,29766.00,0.75
2026-06-24 10:37:06,29769.00,29771.00,29764.25,29765.25,96,29767.50,29768.00,0.50
2026-06-24 10:37:07,29765.25,29769.75,29765.25,29768.00,155,29767.50,29768.00,0.50
2026-06-24 10:37:08,29767.75,29771.25,29767.50,29770.75,63,29769.25,29770.00,0.75
2026-06-24 10:37:09,29770.75,29772.50,29769.50,29769.50,67,29768.75,29769.25,0.50
2026-06-24 10:37:10,29769.25,29771.75,29767.50,29770.00,88,29768.75,29769.25,0.50
2026-06-24 10:37:11,29769.75,29776.75,29768.25,29776.75,135,29769.50,29770.00,0.50
2026-06-24 10:37:12,29776.00,29776.50,29768.75,29769.00,94,29769.25,29769.75,0.50
2026-06-24 10:37:13,29769.50,29770.00,29768.00,29769.50,61,29767.50,29768.00,0.50
2026-06-24 10:37:14,29769.25,29769.25,29766.00,29767.50,63,29771.25,29771.75,0.50
2026-06-24 10:37:15,29768.00,29774.00,29768.00,29771.75,147,29772.00,29772.50,0.50
2026-06-24 10:37:16,29771.75,29772.75,29770.50,29771.75,56,29772.00,29772.50,0.50
2026-06-24 10:37:17,29772.50,29773.50,29768.25,29773.00,72,29764.50,29765.00,0.50
2026-06-24 10:37:18,29771.50,29771.75,29764.75,29765.25,101,29760.25,29760.75,0.50
2026-06-24 10:37:19,29764.75,29765.25,29760.25,29761.00,161,29760.00,29760.50,0.50
2026-06-24 10:37:20,29760.25,29761.25,29759.00,29759.75,142,29764.75,29765.25,0.50
2026-06-24 10:37:21,29760.00,29765.25,29759.75,29765.25,131,29769.25,29770.00,0.75
2026-06-24 10:37:22,29765.25,29772.00,29764.75,29770.00,200,29770.50,29771.00,0.50
2026-06-24 10:37:23,29769.75,29774.25,29767.50,29771.25,123,29770.50,29771.00,0.50
2026-06-24 10:37:24,29771.00,29780.75,29770.50,29779.00,234,29778.50,29779.00,0.50
2026-06-24 10:37:25,29779.25,29781.00,29777.50,29780.00,160,29775.75,29776.25,0.50
2026-06-24 10:37:26,29779.50,29780.25,29775.75,29776.50,114,29777.00,29777.50,0.50
2026-06-24 10:37:27,29776.25,29779.50,29775.75,29777.25,114,29779.25,29779.50,0.25
2026-06-24 10:37:28,29777.50,29780.00,29775.75,29780.00,102,29775.50,29776.25,0.75
2026-06-24 10:37:29,29780.00,29780.00,29771.50,29776.00,106,29776.75,29777.25,0.50
2026-06-24 10:37:30,29776.25,29779.50,29775.25,29777.50,91,29776.25,29776.75,0.50
2026-06-24 10:37:31,29777.25,29779.00,29776.50,29776.75,71,29776.00,29776.50,0.50
2026-06-24 10:37:32,29776.25,29776.25,29772.50,29776.00,110,29776.75,29777.25,0.50
2026-06-24 10:37:33,29777.00,29779.25,29776.50,29776.75,81,29774.50,29775.00,0.50
2026-06-24 10:37:34,29776.75,29779.00,29773.75,29774.50,74,29772.00,29772.25,0.25
2026-06-24 10:37:35,29775.00,29775.00,29771.25,29773.50,100,29772.00,29772.25,0.25
2026-06-24 10:37:36,29772.25,29774.75,29772.00,29772.50,65,29773.50,29774.00,0.50
2026-06-24 10:37:37,29772.50,29774.25,29771.75,29773.50,55,29769.00,29769.50,0.50
2026-06-24 10:37:38,29773.50,29773.50,29768.75,29769.25,114,29761.75,29762.25,0.50
2026-06-24 10:37:39,29769.00,29769.25,29761.50,29762.75,262,29762.50,29763.25,0.75
2026-06-24 10:37:40,29761.75,29763.75,29759.25,29762.25,143,29763.00,29763.75,0.75
2026-06-24 10:37:41,29763.00,29765.25,29761.50,29763.25,93,29766.00,29766.50,0.50
2026-06-24 10:37:42,29762.75,29767.00,29762.75,29766.50,78,29769.25,29769.75,0.50
2026-06-24 10:37:43,29766.25,29771.75,29766.25,29770.00,139,29769.25,29769.75,0.50
2026-06-24 10:37:44,29769.75,29772.50,29768.75,29770.50,70,29766.25,29766.75,0.50
2026-06-24 10:37:45,29770.50,29773.25,29766.25,29766.25,116,29766.25,29766.75,0.50
2026-06-24 10:37:46,29766.25,29770.50,29766.25,29768.75,57,29764.50,29765.00,0.50
2026-06-24 10:37:47,29768.00,29768.00,29764.25,29764.50,65,29766.75,29767.25,0.50
2026-06-24 10:37:48,29765.00,29769.75,29764.50,29767.25,139,29768.00,29768.50,0.50
2026-06-24 10:37:49,29767.50,29770.50,29765.50,29768.25,107,29764.00,29764.50,0.50
2026-06-24 10:37:50,29767.25,29768.50,29762.50,29764.00,92,29758.00,29758.50,0.50
2026-06-24 10:37:51,29764.00,29765.25,29757.25,29757.50,170,29758.00,29758.50,0.50
2026-06-24 10:37:52,29758.25,29760.75,29757.75,29760.75,178,29764.75,29765.25,0.50
2026-06-24 10:37:53,29761.00,29765.50,29760.75,29764.75,89,29765.50,29766.00,0.50
2026-06-24 10:37:54,29765.25,29766.75,29764.25,29766.00,115,29763.50,29764.00,0.50
2026-06-24 10:37:55,29766.00,29767.50,29763.75,29763.75,53,29765.75,29766.25,0.50
2026-06-24 10:37:56,29763.25,29766.25,29763.00,29766.25,82,29767.75,29768.25,0.50
2026-06-24 10:37:57,29766.25,29770.50,29766.25,29768.25,118,29768.50,29769.00,0.50
2026-06-24 10:37:58,29767.75,29768.50,29765.25,29768.25,59,29772.75,29773.25,0.50
2026-06-24 10:37:59,29768.25,29773.75,29768.25,29772.50,95,29771.25,29771.75,0.50
2026-06-24 10:38:00,29773.25,29773.25,29770.75,29771.25,57,29770.00,29770.50,0.50
2026-06-24 10:38:01,29771.25,29772.50,29769.25,29770.25,99,29765.75,29766.25,0.50
2026-06-24 10:38:02,29770.25,29771.50,29766.25,29766.25,152,29768.75,29769.25,0.50
2026-06-24 10:38:03,29765.75,29769.75,29765.25,29768.75,99,29771.75,29772.25,0.50
2026-06-24 10:38:04,29769.25,29772.25,29767.25,29771.75,74,29769.75,29770.25,0.50
2026-06-24 10:38:05,29772.25,29773.50,29769.25,29770.00,109,29771.00,29771.75,0.75
2026-06-24 10:38:06,29770.00,29771.00,29768.00,29770.75,56,29771.00,29771.75,0.75
2026-06-24 10:38:07,29771.50,29781.25,29771.00,29781.00,246,29780.00,29780.25,0.25
2026-06-24 10:38:08,29781.25,29782.25,29778.00,29778.75,170,29779.25,29779.75,0.50
2026-06-24 10:38:09,29779.25,29780.25,29778.00,29779.50,69,29775.00,29775.50,0.50
2026-06-24 10:38:10,29779.75,29779.75,29774.25,29775.25,124,29779.25,29779.75,0.50
2026-06-24 10:38:11,29775.50,29780.75,29775.50,29779.25,92,29786.25,29787.00,0.75
2026-06-24 10:38:12,29779.75,29787.00,29779.75,29786.75,260,29785.50,29786.00,0.50
2026-06-24 10:38:13,29787.25,29788.00,29785.50,29785.75,234,29785.50,29786.00,0.50
2026-06-24 10:38:14,29785.75,29788.00,29782.75,29784.25,161,29784.75,29785.25,0.50
2026-06-24 10:38:15,29784.75,29787.25,29783.75,29786.75,92,29785.00,29785.50,0.50
2026-06-24 10:38:16,29786.75,29787.50,29783.25,29785.50,113,29779.25,29779.75,0.50
2026-06-24 10:38:17,29785.25,29785.50,29779.00,29779.25,117,29779.25,29779.75,0.50
2026-06-24 10:38:18,29779.00,29780.50,29776.50,29776.50,116,29776.00,29776.50,0.50
2026-06-24 10:38:19,29776.25,29776.25,29773.25,29775.75,120,29771.50,29772.00,0.50
2026-06-24 10:38:20,29776.00,29778.00,29770.75,29772.25,131,29776.75,29777.00,0.25
2026-06-24 10:38:21,29771.75,29777.50,29771.75,29776.75,103,29775.00,29775.50,0.50
2026-06-24 10:38:22,29776.75,29776.75,29773.75,29775.00,58,29776.50,29777.00,0.50
2026-06-24 10:38:23,29775.75,29780.25,29775.75,29776.75,73,29771.25,29771.75,0.50
2026-06-24 10:38:24,29776.00,29777.00,29771.75,29772.00,94,29767.50,29768.00,0.50
2026-06-24 10:38:25,29771.25,29771.50,29766.75,29767.75,164,29764.25,29764.75,0.50
2026-06-24 10:38:26,29767.50,29768.00,29761.50,29764.75,204,29764.75,29765.25,0.50
2026-06-24 10:38:27,29764.50,29767.75,29763.75,29765.00,101,29766.25,29766.75,0.50
2026-06-24 10:38:28,29765.25,29767.50,29763.75,29766.00,86,29765.75,29766.25,0.50
2026-06-24 10:38:29,29767.25,29767.75,29765.50,29766.25,96,29767.00,29767.50,0.50
2026-06-24 10:38:30,29765.75,29770.50,29765.75,29767.75,124,29765.75,29766.00,0.25
2026-06-24 10:38:31,29767.00,29767.50,29763.75,29765.00,69,29768.50,29769.00,0.50
2026-06-24 10:38:32,29765.50,29771.50,29765.50,29768.25,189,29768.50,29769.00,0.50
2026-06-24 10:38:33,29768.50,29769.50,29767.50,29769.25,51,29766.00,29766.50,0.50
2026-06-24 10:38:34,29768.00,29768.25,29765.75,29766.00,71,29763.50,29764.00,0.50
2026-06-24 10:38:35,29766.50,29768.25,29763.75,29764.00,88,29762.50,29763.00,0.50
2026-06-24 10:38:36,29763.75,29765.75,29762.75,29762.75,67,29763.50,29764.25,0.75
2026-06-24 10:38:37,29762.50,29764.25,29760.25,29763.25,106,29761.75,29762.25,0.50
2026-06-24 10:38:38,29763.25,29764.50,29760.00,29761.25,141,29767.25,29767.50,0.25
2026-06-24 10:38:39,29762.25,29768.75,29761.50,29768.25,92,29767.00,29767.75,0.75
2026-06-24 10:38:40,29767.25,29768.25,29764.75,29767.00,116,29767.25,29767.75,0.50
2026-06-24 10:38:41,29767.00,29770.00,29764.00,29768.25,71,29765.50,29766.00,0.50
2026-06-24 10:38:42,29767.25,29770.00,29765.00,29766.00,61,29773.00,29773.50,0.50
2026-06-24 10:38:43,29765.50,29773.75,29765.50,29773.25,113,29773.00,29773.50,0.50
2026-06-24 10:38:44,29773.50,29776.25,29772.25,29773.25,80,29773.00,29773.50,0.50
2026-06-24 10:38:45,29773.25,29773.50,29770.50,29772.00,68,29772.75,29773.25,0.50
2026-06-24 10:38:46,29773.00,29773.25,29767.00,29773.25,118,29769.25,29769.75,0.50
2026-06-24 10:38:47,29772.75,29772.75,29769.00,29769.00,56,29770.00,29770.50,0.50
2026-06-24 10:38:48,29769.00,29770.75,29768.25,29769.75,38,29766.75,29767.50,0.75
2026-06-24 10:38:49,29770.50,29771.00,29766.25,29766.75,66,29766.75,29767.50,0.75
2026-06-24 10:38:50,29767.25,29768.25,29766.75,29766.75,71,29770.25,29770.75,0.50
2026-06-24 10:38:51,29766.50,29772.00,29766.50,29770.50,44,29766.00,29766.75,0.75
2026-06-24 10:38:52,29770.50,29771.00,29764.50,29765.50,102,29765.50,29766.25,0.75
2026-06-24 10:38:53,29766.50,29770.75,29766.25,29766.25,76,29765.50,29766.00,0.50
2026-06-24 10:38:54,29765.00,29767.00,29764.75,29765.75,45,29765.75,29766.25,0.50
2026-06-24 10:38:55,29766.00,29767.75,29762.50,29765.75,96,29764.25,29764.75,0.50
2026-06-24 10:38:56,29765.50,29765.75,29764.50,29764.75,45,29766.00,29766.50,0.50
2026-06-24 10:38:57,29764.75,29768.00,29764.75,29766.25,44,29769.25,29769.75,0.50
2026-06-24 10:38:58,29766.25,29770.50,29766.25,29769.50,97,29769.75,29770.50,0.75
2026-06-24 10:38:59,29770.00,29771.00,29768.25,29770.50,39,29767.00,29767.25,0.25
2026-06-24 10:39:00,29770.25,29770.25,29766.75,29767.25,34,29766.75,29767.25,0.50
2026-06-24 10:39:01,29767.00,29769.25,29765.75,29766.50,58,29764.75,29765.25,0.50
2026-06-24 10:39:02,29766.75,29767.75,29763.25,29764.25,98,29764.75,29765.25,0.50
2026-06-24 10:39:03,29765.00,29765.75,29761.50,29764.50,198,29763.50,29764.00,0.50
2026-06-24 10:39:04,29764.50,29766.00,29762.25,29763.25,81,29762.25,29762.75,0.50
2026-06-24 10:39:05,29763.50,29765.00,29763.00,29763.00,67,29756.50,29757.00,0.50
2026-06-24 10:39:06,29762.25,29762.50,29754.50,29756.25,337,29755.25,29755.75,0.50
2026-06-24 10:39:07,29756.25,29757.25,29754.75,29755.75,184,29753.25,29753.75,0.50
2026-06-24 10:39:08,29755.25,29756.00,29752.25,29753.25,213,29755.25,29755.75,0.50
2026-06-24 10:39:09,29753.50,29756.75,29753.00,29755.50,168,29755.25,29755.75,0.50
2026-06-24 10:39:10,29755.50,29756.25,29751.50,29752.00,123,29751.50,29752.25,0.75
2026-06-24 10:39:11,29752.00,29752.75,29748.50,29749.50,260,29749.50,29750.25,0.75
2026-06-24 10:39:12,29749.50,29752.25,29749.50,29751.50,197,29751.50,29752.00,0.50
2026-06-24 10:39:13,29751.25,29753.00,29746.25,29751.25,273,29751.50,29752.00,0.50
2026-06-24 10:39:14,29750.75,29752.25,29747.00,29749.75,145,29743.75,29744.00,0.25
2026-06-24 10:39:15,29748.75,29749.00,29743.75,29743.75,197,29743.75,29744.00,0.25
2026-06-24 10:39:16,29743.75,29745.50,29743.75,29744.25,176,29745.50,29746.00,0.50
2026-06-24 10:39:17,29744.75,29745.50,29741.75,29745.50,203,29746.25,29746.75,0.50
2026-06-24 10:39:18,29746.00,29749.00,29745.00,29746.75,188,29745.25,29745.75,0.50
2026-06-24 10:39:19,29746.75,29748.00,29743.75,29746.25,120,29746.00,29746.50,0.50
2026-06-24 10:39:20,29745.75,29750.00,29744.50,29746.75,150,29746.00,29746.50,0.50
2026-06-24 10:39:21,29746.50,29747.25,29742.50,29743.50,89,29739.50,29740.00,0.50
2026-06-24 10:39:22,29743.50,29743.75,29737.00,29739.50,350,29737.25,29737.75,0.50
2026-06-24 10:39:23,29739.50,29740.25,29735.50,29738.75,278,29739.25,29739.75,0.50
2026-06-24 10:39:24,29737.50,29740.00,29737.25,29739.50,193,29736.75,29737.25,0.50
2026-06-24 10:39:25,29739.75,29739.75,29736.00,29737.00,193,29736.75,29737.25,0.50
2026-06-24 10:39:26,29737.00,29737.00,29730.00,29733.75,428,29734.50,29735.00,0.50
2026-06-24 10:39:27,29734.00,29736.00,29734.00,29734.50,148,29735.50,29736.00,0.50
2026-06-24 10:39:28,29734.50,29736.75,29733.50,29735.75,138,29735.25,29735.75,0.50
2026-06-24 10:39:29,29735.00,29737.25,29733.50,29735.25,125,29735.25,29735.75,0.50
2026-06-24 10:39:30,29735.75,29736.50,29731.75,29735.75,130,29734.50,29735.00,0.50
2026-06-24 10:39:31,29735.75,29738.75,29734.25,29735.00,131,29740.25,29740.75,0.50
2026-06-24 10:39:32,29735.50,29741.50,29735.50,29739.75,175,29740.25,29740.75,0.50
2026-06-24 10:39:33,29740.25,29743.00,29739.00,29742.25,138,29738.25,29738.75,0.50
2026-06-24 10:39:34,29742.25,29743.75,29738.00,29738.25,203,29732.25,29732.75,0.50
2026-06-24 10:39:35,29738.25,29739.00,29731.50,29732.25,129,29734.00,29734.50,0.50
2026-06-24 10:39:36,29732.75,29735.00,29732.75,29734.25,150,29734.25,29734.75,0.50
2026-06-24 10:39:37,29734.00,29735.50,29731.25,29734.75,86,29735.75,29736.25,0.50
2026-06-24 10:39:38,29734.75,29736.75,29733.50,29735.75,101,29738.25,29738.75,0.50
2026-06-24 10:39:39,29735.75,29740.25,29735.50,29738.50,101,29735.50,29736.00,0.50
2026-06-24 10:39:40,29738.00,29738.50,29735.00,29735.75,95,29735.50,29736.00,0.50
2026-06-24 10:39:41,29735.75,29740.75,29735.75,29740.50,127,29740.00,29740.50,0.50
2026-06-24 10:39:42,29740.25,29740.25,29733.25,29735.50,168,29734.50,29734.75,0.25
2026-06-24 10:39:43,29735.25,29735.75,29732.25,29732.50,73,29735.50,29736.00,0.50
2026-06-24 10:39:44,29732.00,29736.50,29731.25,29736.25,115,29733.25,29733.75,0.50
2026-06-24 10:39:45,29735.50,29736.00,29731.75,29733.00,120,29731.00,29731.25,0.25
2026-06-24 10:39:46,29733.25,29734.25,29729.00,29731.00,209,29731.00,29731.25,0.25
2026-06-24 10:39:47,29731.25,29731.50,29726.50,29729.25,246,29730.25,29730.75,0.50
2026-06-24 10:39:48,29729.25,29732.25,29729.25,29729.75,195,29729.75,29730.25,0.50
2026-06-24 10:39:49,29730.25,29731.25,29724.00,29729.75,253,29731.25,29731.75,0.50
2026-06-24 10:39:50,29730.75,29732.50,29730.25,29731.00,75,29731.25,29731.75,0.50
2026-06-24 10:39:51,29731.50,29732.50,29730.25,29731.25,87,29731.00,29731.50,0.50
2026-06-24 10:39:52,29731.25,29733.50,29729.00,29731.25,74,29726.50,29727.25,0.75
2026-06-24 10:39:53,29730.75,29731.00,29725.25,29727.00,111,29730.25,29730.75,0.50
2026-06-24 10:39:54,29727.25,29731.00,29725.50,29730.25,123,29728.75,29729.25,0.50
2026-06-24 10:39:55,29730.75,29732.00,29729.00,29729.25,137,29728.75,29729.25,0.50
2026-06-24 10:39:56,29729.00,29730.00,29726.00,29726.00,86,29725.00,29725.50,0.50
2026-06-24 10:39:57,29726.00,29727.00,29724.00,29725.25,98,29722.00,29722.50,0.50
2026-06-24 10:39:58,29725.00,29726.00,29721.75,29722.50,195,29724.25,29724.75,0.50
2026-06-24 10:39:59,29722.50,29724.75,29720.75,29724.75,195,29725.25,29725.75,0.50
2026-06-24 10:40:00,29725.00,29726.50,29724.25,29726.00,104,29725.75,29726.25,0.50
2026-06-24 10:40:01,29725.75,29728.50,29725.25,29726.00,278,29735.75,29736.25,0.50
2026-06-24 10:40:02,29725.75,29736.25,29725.50,29736.25,271,29734.75,29735.25,0.50
2026-06-24 10:40:03,29736.25,29736.25,29732.25,29734.75,215,29730.50,29731.00,0.50
2026-06-24 10:40:04,29734.75,29735.00,29729.75,29730.50,113,29735.75,29736.25,0.50
2026-06-24 10:40:05,29731.00,29736.00,29730.50,29735.50,154,29735.75,29736.25,0.50
2026-06-24 10:40:06,29736.00,29740.75,29734.50,29737.25,213,29737.50,29737.75,0.25
2026-06-24 10:40:07,29737.75,29738.75,29736.00,29737.25,138,29744.25,29745.75,1.50
2026-06-24 10:40:08,29737.75,29744.25,29737.75,29744.25,250,29744.25,29745.75,1.50
2026-06-24 10:40:09,29744.50,29745.75,29742.00,29743.00,283,29740.25,29740.75,0.50
2026-06-24 10:40:10,29742.75,29743.75,29740.00,29740.25,173,29742.75,29743.25,0.50
2026-06-24 10:40:11,29740.75,29743.25,29740.25,29743.25,96,29737.25,29738.00,0.75
2026-06-24 10:40:12,29743.50,29744.50,29736.75,29736.75,159,29737.25,29738.00,0.75
2026-06-24 10:40:13,29737.50,29738.25,29736.00,29737.75,147,29732.25,29732.75,0.50
2026-06-24 10:40:14,29737.75,29737.75,29732.50,29732.50,109,29732.25,29732.75,0.50
2026-06-24 10:40:15,29732.75,29734.00,29731.75,29731.75,97,29727.25,29727.75,0.50
2026-06-24 10:40:16,29732.25,29735.00,29726.50,29727.50,275,29724.25,29724.75,0.50
2026-06-24 10:40:17,29727.25,29729.50,29723.25,29724.00,211,29727.00,29727.75,0.75
2026-06-24 10:40:18,29723.75,29729.00,29723.75,29727.00,159,29729.25,29729.75,0.50
2026-06-24 10:40:19,29727.75,29729.75,29725.25,29729.75,144,29729.25,29729.75,0.50
2026-06-24 10:40:20,29729.75,29730.00,29727.00,29728.00,77,29730.00,29730.50,0.50
2026-06-24 10:40:21,29729.75,29731.50,29727.00,29730.00,123,29730.75,29731.00,0.25
2026-06-24 10:40:22,29730.25,29732.25,29728.50,29730.00,62,29730.75,29731.00,0.25
2026-06-24 10:40:23,29730.75,29739.25,29730.25,29738.75,146,29734.00,29734.50,0.50
2026-06-24 10:40:24,29738.00,29738.00,29734.25,29734.25,124,29728.50,29729.00,0.50
2026-06-24 10:40:25,29734.75,29734.75,29727.75,29729.25,73,29728.75,29729.25,0.50
2026-06-24 10:40:26,29728.50,29730.00,29727.50,29728.75,68,29731.50,29732.00,0.50
2026-06-24 10:40:27,29728.75,29732.50,29728.75,29732.50,57,29735.00,29735.75,0.75
2026-06-24 10:40:28,29731.50,29735.75,29728.50,29735.75,214,29732.50,29733.00,0.50
2026-06-24 10:40:29,29734.75,29735.75,29730.25,29732.75,101,29735.25,29736.00,0.75
2026-06-24 10:40:30,29733.25,29736.00,29732.25,29735.25,44,29735.75,29736.25,0.50
2026-06-24 10:40:31,29735.25,29739.50,29735.25,29736.25,181,29735.75,29736.25,0.50
2026-06-24 10:40:32,29735.75,29736.50,29732.25,29733.25,98,29741.00,29741.50,0.50
2026-06-24 10:40:33,29732.75,29742.25,29732.25,29741.00,150,29741.00,29741.50,0.50
2026-06-24 10:40:34,29741.25,29742.25,29738.00,29738.00,83,29743.00,29743.50,0.50
2026-06-24 10:40:35,29739.50,29744.00,29739.50,29743.50,127,29742.50,29742.75,0.25
2026-06-24 10:40:36,29742.75,29745.25,29742.75,29743.25,118,29742.50,29742.75,0.25
2026-06-24 10:40:37,29742.50,29743.25,29741.00,29742.25,93,29745.50,29746.00,0.50
2026-06-24 10:40:38,29742.50,29746.50,29742.50,29745.75,130,29745.50,29746.00,0.50
2026-06-24 10:40:39,29746.00,29748.50,29743.75,29745.75,180,29745.00,29745.50,0.50
2026-06-24 10:40:40,29745.50,29746.75,29744.00,29745.00,85,29739.00,29739.50,0.50
2026-06-24 10:40:41,29745.00,29745.75,29739.25,29739.50,73,29744.25,29745.00,0.75
2026-06-24 10:40:42,29739.25,29745.50,29739.25,29745.00,95,29750.75,29751.25,0.50
2026-06-24 10:40:43,29744.50,29752.00,29744.25,29751.00,203,29749.50,29750.00,0.50
2026-06-24 10:40:44,29751.50,29752.00,29748.75,29750.00,188,29747.00,29747.50,0.50
2026-06-24 10:40:45,29749.50,29750.00,29747.25,29747.25,114,29752.50,29753.00,0.50
2026-06-24 10:40:46,29747.00,29753.25,29746.75,29752.50,165,29751.00,29751.50,0.50
2026-06-24 10:40:47,29753.25,29756.00,29750.25,29751.50,217,29749.00,29749.25,0.25
2026-06-24 10:40:48,29751.00,29751.50,29748.25,29749.25,158,29748.75,29749.25,0.50
2026-06-24 10:40:49,29748.75,29752.00,29748.75,29748.75,87,29751.75,29752.00,0.25
2026-06-24 10:40:50,29748.75,29752.00,29748.75,29750.50,103,29751.75,29752.00,0.25
2026-06-24 10:40:51,29751.75,29758.00,29751.50,29758.00,173,29757.25,29757.75,0.50
2026-06-24 10:40:52,29757.50,29758.50,29754.00,29756.00,130,29756.00,29756.75,0.75
2026-06-24 10:40:53,29756.50,29765.00,29755.25,29764.25,442,29761.75,29762.25,0.50
2026-06-24 10:40:54,29764.25,29766.00,29761.75,29762.50,180,29759.75,29760.25,0.50
2026-06-24 10:40:55,29762.25,29763.25,29758.25,29759.75,186,29759.75,29760.25,0.50
2026-06-24 10:40:56,29759.75,29760.25,29757.25,29759.00,129,29760.50,29761.00,0.50
2026-06-24 10:40:57,29759.25,29761.25,29758.75,29760.75,70,29760.50,29761.25,0.75
2026-06-24 10:40:58,29760.50,29761.75,29760.00,29761.25,45,29757.25,29757.75,0.50
2026-06-24 10:40:59,29761.00,29761.00,29756.50,29757.25,98,29757.25,29757.75,0.50
2026-06-24 10:41:00,29757.25,29758.25,29755.75,29756.00,83,29756.00,29756.75,0.75
2026-06-24 10:41:01,29756.50,29757.00,29753.25,29754.25,98,29755.25,29755.75,0.50
2026-06-24 10:41:02,29754.00,29756.50,29752.00,29755.50,153,29757.50,29758.25,0.75
2026-06-24 10:41:03,29755.25,29760.00,29755.25,29758.00,118,29757.50,29758.25,0.75
2026-06-24 10:41:04,29757.25,29758.75,29750.00,29750.50,116,29747.75,29748.25,0.50
2026-06-24 10:41:05,29751.00,29751.50,29748.00,29748.00,214,29748.25,29748.75,0.50
2026-06-24 10:41:06,29748.50,29748.50,29746.75,29748.00,79,29748.25,29748.75,0.50
2026-06-24 10:41:07,29748.50,29752.25,29748.00,29749.75,97,29749.50,29750.00,0.50
2026-06-24 10:41:08,29749.50,29753.50,29748.00,29752.00,157,29752.50,29752.75,0.25
2026-06-24 10:41:09,29752.50,29753.75,29751.75,29753.00,44,29750.00,29750.50,0.50
2026-06-24 10:41:10,29752.75,29752.75,29747.50,29750.00,143,29750.50,29751.00,0.50
2026-06-24 10:41:11,29750.00,29751.25,29749.25,29750.50,107,29753.25,29753.75,0.50
2026-06-24 10:41:12,29750.50,29753.75,29750.50,29753.50,98,29756.50,29756.75,0.25
2026-06-24 10:41:13,29753.75,29758.75,29751.75,29756.25,198,29756.50,29756.75,0.25
2026-06-24 10:41:14,29756.50,29757.50,29753.75,29757.00,107,29759.25,29759.75,0.50
2026-06-24 10:41:15,29757.50,29760.25,29755.75,29759.50,128,29758.75,29759.50,0.75
2026-06-24 10:41:16,29759.75,29760.50,29758.25,29759.50,83,29754.50,29755.25,0.75
2026-06-24 10:41:17,29759.25,29759.25,29754.25,29754.75,120,29758.00,29758.50,0.50
2026-06-24 10:41:18,29754.50,29759.00,29751.75,29758.25,113,29755.75,29756.25,0.50
2026-06-24 10:41:19,29758.00,29759.50,29756.00,29756.00,68,29752.25,29752.75,0.50
2026-06-24 10:41:20,29755.75,29756.25,29751.00,29752.75,99,29757.00,29757.50,0.50
2026-06-24 10:41:21,29753.00,29757.75,29752.75,29757.25,86,29759.50,29760.00,0.50
2026-06-24 10:41:22,29757.50,29760.00,29755.75,29759.25,87,29753.00,29753.75,0.75
2026-06-24 10:41:23,29760.00,29760.25,29752.25,29753.00,120,29751.50,29752.25,0.75
2026-06-24 10:41:24,29753.25,29754.50,29752.00,29752.00,59,29749.00,29749.50,0.50
2026-06-24 10:41:25,29752.00,29752.50,29748.75,29749.50,89,29750.50,29751.00,0.50
2026-06-24 10:41:26,29749.00,29750.00,29745.50,29749.50,218,29750.50,29751.00,0.50
2026-06-24 10:41:27,29749.75,29752.75,29748.50,29748.50,112,29745.75,29746.25,0.50
2026-06-24 10:41:28,29749.00,29749.75,29744.75,29746.00,135,29740.75,29741.25,0.50
2026-06-24 10:41:29,29745.75,29746.00,29740.25,29740.50,238,29740.75,29741.25,0.50
2026-06-24 10:41:30,29741.00,29743.00,29740.00,29741.25,96,29740.00,29740.50,0.50
2026-06-24 10:41:31,29742.25,29742.75,29738.25,29740.25,186,29742.50,29742.75,0.25
2026-06-24 10:41:32,29740.50,29744.00,29739.25,29742.75,120,29744.50,29745.00,0.50
2026-06-24 10:41:33,29742.50,29745.25,29742.50,29744.50,50,29744.75,29745.25,0.50
2026-06-24 10:41:34,29744.50,29746.50,29742.75,29745.00,70,29741.50,29741.75,0.25
2026-06-24 10:41:35,29745.25,29745.25,29741.75,29742.25,142,29741.50,29741.75,0.25
2026-06-24 10:41:36,29741.75,29743.25,29738.50,29740.75,110,29741.75,29742.25,0.50
2026-06-24 10:41:37,29741.75,29744.50,29739.25,29741.75,216,29741.75,29742.25,0.50
2026-06-24 10:41:38,29742.00,29742.75,29739.25,29742.50,76,29739.00,29739.50,0.50
2026-06-24 10:41:39,29740.00,29742.25,29739.50,29739.50,57,29741.25,29741.75,0.50
2026-06-24 10:41:40,29739.25,29741.50,29739.00,29741.25,55,29744.75,29745.25,0.50
2026-06-24 10:41:41,29741.75,29746.00,29741.50,29745.00,122,29736.75,29737.25,0.50
2026-06-24 10:41:42,29744.75,29744.75,29736.00,29737.25,180,29733.75,29734.25,0.50
2026-06-24 10:41:43,29737.00,29737.25,29732.00,29734.00,178,29727.25,29727.50,0.25
2026-06-24 10:41:44,29734.25,29735.25,29727.25,29727.75,259,29728.00,29728.75,0.75
2026-06-24 10:41:45,29727.25,29729.25,29726.00,29728.50,171,29728.00,29728.75,0.75
2026-06-24 10:41:46,29728.25,29733.00,29727.75,29732.75,138,29732.75,29733.25,0.50
2026-06-24 10:41:47,29733.50,29733.75,29730.50,29733.25,132,29733.50,29734.00,0.50
2026-06-24 10:41:48,29731.75,29734.25,29731.75,29733.25,72,29731.50,29732.00,0.50
2026-06-24 10:41:49,29734.00,29735.50,29731.25,29731.25,143,29732.25,29732.75,0.50
2026-06-24 10:41:50,29732.00,29733.00,29730.75,29732.00,89,29732.00,29732.50,0.50
2026-06-24 10:41:51,29732.00,29733.25,29731.50,29732.25,59,29733.00,29733.50,0.50
2026-06-24 10:41:52,29733.00,29733.50,29730.50,29732.25,34,29735.75,29736.25,0.50
2026-06-24 10:41:53,29733.00,29740.75,29733.00,29736.25,162,29734.75,29735.25,0.50
2026-06-24 10:41:54,29735.75,29735.75,29735.00,29735.25,59,29732.25,29732.75,0.50
2026-06-24 10:41:55,29734.75,29735.50,29732.25,29732.50,78,29735.25,29735.75,0.50
2026-06-24 10:41:56,29732.25,29735.50,29731.75,29735.25,68,29738.25,29738.75,0.50
2026-06-24 10:41:57,29735.25,29738.50,29734.75,29738.50,63,29738.25,29738.75,0.50
2026-06-24 10:41:58,29738.25,29738.50,29735.50,29738.25,80,29739.00,29739.50,0.50
2026-06-24 10:41:59,29738.50,29739.50,29736.75,29739.50,57,29738.25,29738.75,0.50
2026-06-24 10:42:00,29739.25,29741.00,29738.25,29738.75,67,29737.50,29738.00,0.50
2026-06-24 10:42:01,29738.50,29740.00,29737.25,29737.25,84,29737.50,29738.25,0.75
2026-06-24 10:42:02,29737.50,29739.25,29736.25,29737.50,73,29737.50,29738.25,0.75
2026-06-24 10:42:03,29737.00,29739.50,29732.25,29732.75,97,29729.25,29730.00,0.75
2026-06-24 10:42:04,29732.75,29734.25,29729.75,29729.75,115,29729.25,29730.00,0.75
2026-06-24 10:42:05,29729.50,29732.00,29729.25,29729.75,83,29732.00,29732.50,0.50
2026-06-24 10:42:06,29729.75,29733.25,29729.75,29732.00,93,29732.00,29732.50,0.50
2026-06-24 10:42:07,29732.00,29733.50,29730.25,29731.75,118,29730.25,29730.75,0.50
2026-06-24 10:42:08,29732.50,29733.50,29730.25,29730.50,77,29727.25,29727.75,0.50
2026-06-24 10:42:09,29730.25,29731.50,29727.25,29727.50,72,29722.50,29723.00,0.50
2026-06-24 10:42:10,29727.00,29727.00,29721.50,29723.00,277,29720.75,29721.25,0.50
2026-06-24 10:42:11,29722.75,29724.75,29718.50,29720.75,382,29722.00,29722.50,0.50
2026-06-24 10:42:12,29720.75,29723.75,29719.50,29722.00,139,29722.00,29722.50,0.50
2026-06-24 10:42:13,29722.25,29723.25,29718.75,29719.00,154,29717.25,29717.75,0.50
2026-06-24 10:42:14,29718.75,29721.00,29715.25,29717.25,239,29717.25,29717.50,0.25
2026-06-24 10:42:15,29717.75,29718.75,29716.00,29717.75,180,29717.25,29717.50,0.25
2026-06-24 10:42:16,29717.25,29718.00,29712.25,29714.00,299,29717.50,29718.00,0.50
2026-06-24 10:42:17,29713.25,29719.00,29713.25,29718.00,282,29717.00,29717.50,0.50
2026-06-24 10:42:18,29717.75,29718.50,29714.75,29717.00,175,29714.75,29715.25,0.50
2026-06-24 10:42:19,29717.50,29718.25,29713.75,29714.75,154,29712.75,29713.25,0.50
2026-06-24 10:42:20,29715.25,29717.00,29712.25,29713.25,193,29712.50,29713.00,0.50
2026-06-24 10:42:21,29712.75,29714.00,29710.00,29713.00,272,29712.75,29713.25,0.50
2026-06-24 10:42:22,29712.75,29713.75,29710.75,29713.00,110,29717.00,29717.50,0.50
2026-06-24 10:42:23,29713.25,29718.25,29713.25,29717.50,200,29714.50,29715.00,0.50
2026-06-24 10:42:24,29716.25,29716.25,29712.25,29714.75,113,29713.25,29713.75,0.50
2026-06-24 10:42:25,29714.50,29715.50,29712.50,29713.75,81,29713.75,29714.25,0.50
2026-06-24 10:42:26,29713.25,29716.75,29711.75,29714.25,147,29711.00,29711.50,0.50
2026-06-24 10:42:27,29713.75,29715.00,29710.50,29711.75,143,29711.00,29711.50,0.50
2026-06-24 10:42:28,29711.50,29717.75,29711.25,29714.75,138,29715.50,29716.00,0.50
2026-06-24 10:42:29,29714.75,29719.00,29713.75,29715.75,144,29719.75,29720.25,0.50
2026-06-24 10:42:30,29715.50,29722.50,29715.25,29720.00,219,29717.50,29718.00,0.50
2026-06-24 10:42:31,29719.75,29719.75,29718.00,29718.25,100,29712.50,29713.00,0.50
2026-06-24 10:42:32,29718.25,29718.75,29712.50,29712.50,99,29718.50,29719.00,0.50
2026-06-24 10:42:33,29713.00,29719.00,29712.75,29718.75,82,29718.75,29719.25,0.50
2026-06-24 10:42:34,29719.00,29720.50,29717.25,29719.25,84,29720.75,29721.25,0.50
2026-06-24 10:42:35,29718.75,29724.00,29716.25,29721.00,210,29719.00,29719.50,0.50
2026-06-24 10:42:36,29720.75,29720.75,29717.50,29718.50,105,29718.75,29719.25,0.50
2026-06-24 10:42:37,29719.50,29719.50,29718.00,29719.25,58,29717.50,29718.00,0.50
2026-06-24 10:42:38,29718.25,29718.75,29716.75,29717.50,88,29716.00,29716.50,0.50
2026-06-24 10:42:39,29718.00,29718.00,29715.00,29716.25,89,29711.50,29712.00,0.50
2026-06-24 10:42:40,29716.50,29722.25,29711.75,29712.00,158,29710.75,29711.25,0.50
2026-06-24 10:42:41,29712.00,29712.75,29710.25,29711.75,64,29710.75,29711.25,0.50
2026-06-24 10:42:42,29711.25,29714.25,29711.25,29713.50,99,29711.50,29712.00,0.50
2026-06-24 10:42:43,29713.25,29715.00,29712.00,29712.00,115,29714.50,29715.00,0.50
2026-06-24 10:42:44,29711.75,29715.25,29711.75,29714.50,98,29721.50,29721.75,0.25
2026-06-24 10:42:45,29715.00,29721.50,29713.50,29721.50,120,29720.25,29720.75,0.50
2026-06-24 10:42:46,29721.50,29724.75,29720.00,29720.50,208,29719.25,29719.75,0.50
2026-06-24 10:42:47,29720.25,29720.25,29717.25,29720.00,141,29722.75,29723.25,0.50
2026-06-24 10:42:48,29720.25,29723.75,29718.50,29723.75,102,29722.75,29723.25,0.50
2026-06-24 10:42:49,29723.25,29725.75,29723.00,29724.75,131,29722.75,29723.25,0.50
2026-06-24 10:42:50,29724.00,29724.50,29721.50,29723.25,111,29722.75,29723.25,0.50
2026-06-24 10:42:51,29723.25,29724.00,29718.00,29719.00,104,29721.25,29721.75,0.50
2026-06-24 10:42:52,29719.00,29722.25,29717.50,29721.00,211,29716.50,29717.00,0.50
2026-06-24 10:42:53,29721.50,29721.75,29715.75,29716.50,149,29716.50,29717.00,0.50
2026-06-24 10:42:54,29716.50,29717.75,29716.50,29717.50,48,29716.50,29717.00,0.50
2026-06-24 10:42:55,29717.00,29717.75,29715.50,29716.75,57,29716.25,29716.75,0.50
2026-06-24 10:42:56,29716.25,29717.25,29715.75,29717.25,27,29715.25,29715.75,0.50
2026-06-24 10:42:57,29716.00,29716.25,29714.75,29715.25,33,29718.50,29719.00,0.50
2026-06-24 10:42:58,29715.25,29720.75,29715.25,29718.25,137,29720.75,29721.25,0.50
2026-06-24 10:42:59,29719.00,29721.25,29718.50,29721.25,57,29720.75,29721.25,0.50
2026-06-24 10:43:00,29720.50,29722.00,29720.00,29721.50,55,29727.00,29727.50,0.50
2026-06-24 10:43:01,29721.25,29728.25,29720.75,29727.25,229,29728.25,29728.75,0.50
2026-06-24 10:43:02,29727.50,29729.25,29726.50,29728.25,128,29729.25,29729.50,0.25
2026-06-24 10:43:03,29729.00,29732.75,29728.50,29729.75,296,29725.50,29726.00,0.50
2026-06-24 10:43:04,29729.25,29729.75,29725.50,29725.50,115,29727.00,29727.25,0.25
2026-06-24 10:43:05,29725.50,29728.25,29725.50,29727.25,88,29730.00,29730.50,0.50
2026-06-24 10:43:06,29727.25,29730.00,29727.00,29730.00,75,29727.50,29728.00,0.50
2026-06-24 10:43:07,29729.50,29729.75,29725.50,29728.50,87,29723.00,29723.75,0.75
2026-06-24 10:43:08,29727.50,29728.25,29723.00,29724.00,71,29725.00,29725.50,0.50
2026-06-24 10:43:09,29724.50,29725.75,29724.00,29725.50,61,29721.00,29721.50,0.50
2026-06-24 10:43:10,29724.75,29725.75,29720.50,29721.50,115,29718.00,29718.50,0.50
2026-06-24 10:43:11,29721.50,29722.00,29718.25,29718.25,148,29719.50,29720.00,0.50
2026-06-24 10:43:12,29718.00,29720.00,29715.00,29719.50,143,29723.50,29723.75,0.25
2026-06-24 10:43:13,29719.50,29724.75,29718.25,29723.50,145,29728.00,29728.25,0.25
2026-06-24 10:43:14,29723.75,29728.25,29722.50,29727.50,121,29726.75,29727.25,0.50
2026-06-24 10:43:15,29728.00,29728.50,29725.75,29727.75,72,29726.75,29727.25,0.50
2026-06-24 10:43:16,29727.00,29727.75,29722.75,29723.25,74,29723.25,29723.75,0.50
2026-06-24 10:43:17,29723.50,29726.00,29723.00,29724.25,87,29726.00,29726.50,0.50
2026-06-24 10:43:18,29724.00,29726.75,29723.00,29726.25,80,29732.50,29733.00,0.50
2026-06-24 10:43:19,29726.50,29733.00,29726.50,29733.00,180,29729.75,29730.25,0.50
2026-06-24 10:43:20,29732.50,29734.25,29729.25,29729.50,163,29725.50,29726.25,0.75
2026-06-24 10:43:21,29730.50,29730.50,29725.75,29726.50,73,29720.00,29720.25,0.25
2026-06-24 10:43:22,29726.00,29726.75,29718.50,29719.75,118,29722.00,29722.50,0.50
2026-06-24 10:43:23,29720.00,29722.50,29719.75,29722.25,97,29724.75,29725.25,0.50
2026-06-24 10:43:24,29722.50,29725.25,29720.50,29725.00,71,29723.25,29723.75,0.50
2026-06-24 10:43:25,29725.00,29725.50,29722.25,29722.50,29,29723.00,29723.50,0.50
2026-06-24 10:43:26,29723.75,29725.75,29723.50,29723.50,46,29728.75,29729.25,0.50
2026-06-24 10:43:27,29725.00,29729.75,29725.00,29728.75,79,29727.25,29727.50,0.25
2026-06-24 10:43:28,29729.25,29729.50,29726.25,29727.00,78,29722.75,29723.25,0.50
2026-06-24 10:43:29,29726.75,29729.00,29722.75,29723.00,98,29722.75,29723.25,0.50
2026-06-24 10:43:30,29723.00,29724.50,29720.75,29723.75,80,29717.50,29718.00,0.50
2026-06-24 10:43:31,29724.00,29724.25,29717.50,29718.75,93,29718.25,29718.50,0.25
2026-06-24 10:43:32,29718.00,29720.25,29717.75,29718.25,84,29718.00,29718.50,0.50
2026-06-24 10:43:33,29718.50,29720.00,29717.25,29718.25,76,29720.00,29720.25,0.25
2026-06-24 10:43:34,29718.50,29721.75,29718.50,29720.50,56,29720.00,29720.25,0.25
2026-06-24 10:43:35,29720.50,29720.50,29717.50,29719.75,77,29719.75,29720.00,0.25
2026-06-24 10:43:36,29719.25,29720.50,29718.00,29720.25,50,29721.50,29722.00,0.50
2026-06-24 10:43:37,29720.25,29724.25,29720.00,29722.00,107,29718.00,29718.50,0.50
2026-06-24 10:43:38,29722.00,29722.75,29718.50,29718.50,59,29718.00,29718.50,0.50
2026-06-24 10:43:39,29718.00,29718.50,29714.25,29714.75,96,29715.00,29715.25,0.25
2026-06-24 10:43:40,29715.00,29716.25,29714.50,29715.00,66,29717.25,29717.75,0.50
2026-06-24 10:43:41,29715.75,29717.75,29714.25,29717.25,94,29716.50,29717.00,0.50
2026-06-24 10:43:42,29717.25,29717.75,29715.25,29716.75,60,29720.25,29720.75,0.50
2026-06-24 10:43:43,29717.25,29721.25,29715.00,29721.00,144,29720.25,29720.75,0.50
2026-06-24 10:43:44,29720.25,29721.25,29718.50,29719.75,59,29716.75,29717.25,0.50
2026-06-24 10:43:45,29720.25,29723.25,29716.50,29717.00,104,29720.00,29720.75,0.75
2026-06-24 10:43:46,29717.25,29723.00,29716.50,29720.50,80,29719.25,29719.75,0.50
2026-06-24 10:43:47,29720.00,29720.50,29717.50,29720.00,48,29718.25,29718.75,0.50
2026-06-24 10:43:48,29719.25,29721.00,29717.50,29718.25,56,29722.75,29723.50,0.75
2026-06-24 10:43:49,29718.75,29723.00,29718.25,29723.00,66,29727.75,29728.00,0.25
2026-06-24 10:43:50,29724.00,29729.50,29724.00,29728.00,115,29727.75,29728.00,0.25
2026-06-24 10:43:51,29728.00,29728.00,29725.75,29728.00,55,29728.00,29728.50,0.50
2026-06-24 10:43:52,29727.50,29729.75,29726.50,29728.50,59,29729.25,29729.75,0.50
2026-06-24 10:43:53,29728.50,29730.50,29727.50,29729.50,53,29729.00,29729.50,0.50
2026-06-24 10:43:54,29729.25,29730.00,29727.75,29728.75,103,29729.50,29730.00,0.50
2026-06-24 10:43:55,29729.00,29730.00,29726.50,29729.50,83,29729.00,29729.50,0.50
2026-06-24 10:43:56,29729.50,29731.00,29728.75,29730.00,69,29729.75,29730.00,0.25
2026-06-24 10:43:57,29729.75,29733.00,29728.75,29730.00,108,29728.75,29729.25,0.50
2026-06-24 10:43:58,29730.00,29730.75,29728.50,29729.25,81,29725.75,29726.25,0.50
2026-06-24 10:43:59,29729.00,29729.50,29725.75,29725.75,72,29731.00,29731.50,0.50
2026-06-24 10:44:00,29726.25,29732.50,29726.25,29731.50,106,29729.00,29729.50,0.50
2026-06-24 10:44:01,29731.00,29731.75,29726.75,29728.00,104,29729.00,29729.50,0.50
2026-06-24 10:44:02,29729.00,29737.75,29728.50,29735.50,295,29742.00,29742.50,0.50
2026-06-24 10:44:03,29736.25,29746.75,29736.00,29742.25,518,29742.00,29742.50,0.50
2026-06-24 10:44:04,29742.25,29746.50,29742.00,29745.50,246,29744.25,29744.75,0.50
2026-06-24 10:44:05,29745.25,29748.25,29744.25,29744.25,206,29741.75,29742.25,0.50
2026-06-24 10:44:06,29744.25,29744.75,29741.25,29742.25,187,29741.75,29742.25,0.50
2026-06-24 10:44:07,29742.50,29744.75,29742.25,29742.75,104,29749.25,29749.75,0.50
2026-06-24 10:44:08,29743.50,29751.00,29742.75,29749.25,201,29747.25,29748.00,0.75
2026-06-24 10:44:09,29749.25,29751.75,29746.50,29747.50,162,29746.75,29747.25,0.50
2026-06-24 10:44:10,29748.00,29749.50,29746.50,29747.50,120,29746.75,29747.25,0.50
2026-06-24 10:44:11,29746.75,29753.75,29746.75,29752.75,178,29762.25,29763.00,0.75
2026-06-24 10:44:12,29753.50,29763.50,29752.50,29762.25,438,29760.25,29760.50,0.25
2026-06-24 10:44:13,29762.75,29763.00,29759.00,29760.50,218,29760.25,29760.50,0.25
2026-06-24 10:44:14,29760.00,29762.75,29758.00,29762.75,160,29762.00,29762.50,0.50
2026-06-24 10:44:15,29762.25,29764.00,29760.00,29762.50,164,29761.50,29762.00,0.50
2026-06-24 10:44:16,29761.50,29763.00,29760.50,29762.00,123,29766.25,29766.75,0.50
2026-06-24 10:44:17,29762.00,29768.00,29761.50,29767.25,248,29766.25,29766.75,0.50
2026-06-24 10:44:18,29767.00,29768.00,29763.00,29764.00,226,29762.50,29763.00,0.50
2026-06-24 10:44:19,29762.50,29767.25,29762.50,29763.00,122,29762.50,29763.00,0.50
2026-06-24 10:44:20,29762.50,29766.50,29762.50,29764.50,125,29769.00,29769.75,0.75
2026-06-24 10:44:21,29764.00,29768.75,29762.00,29768.75,176,29769.00,29769.75,0.75
2026-06-24 10:44:22,29769.00,29773.75,29769.00,29771.75,371,29771.50,29772.00,0.50
2026-06-24 10:44:23,29772.25,29773.25,29770.50,29771.50,258,29771.50,29772.00,0.50
2026-06-24 10:44:24,29772.50,29772.50,29767.75,29768.75,167,29768.50,29769.00,0.50
2026-06-24 10:44:25,29768.00,29770.00,29765.75,29768.25,138,29769.00,29769.50,0.50
2026-06-24 10:44:26,29768.75,29771.00,29767.25,29769.50,99,29766.25,29766.75,0.50
2026-06-24 10:44:27,29769.00,29769.00,29765.50,29767.00,97,29766.00,29766.50,0.50
2026-06-24 10:44:28,29766.50,29769.25,29764.25,29766.25,158,29766.00,29766.50,0.50
2026-06-24 10:44:29,29766.75,29766.75,29764.50,29766.50,74,29766.00,29766.50,0.50
2026-06-24 10:44:30,29766.00,29768.00,29765.00,29767.25,77,29770.50,29771.00,0.50
2026-06-24 10:44:31,29766.25,29771.75,29766.00,29770.75,79,29774.50,29775.25,0.75
2026-06-24 10:44:32,29770.50,29776.00,29766.75,29775.50,265,29775.25,29775.75,0.50
2026-06-24 10:44:33,29775.25,29776.00,29772.75,29776.00,118,29775.25,29775.75,0.50
2026-06-24 10:44:34,29775.50,29775.75,29767.25,29767.75,180,29767.50,29768.25,0.75
2026-06-24 10:44:35,29767.75,29770.25,29766.25,29767.75,120,29768.00,29768.50,0.50
2026-06-24 10:44:36,29767.25,29768.75,29766.25,29767.75,104,29766.00,29766.50,0.50
2026-06-24 10:44:37,29768.00,29768.00,29763.00,29764.75,160,29764.75,29765.00,0.25
2026-06-24 10:44:38,29766.00,29767.00,29763.00,29764.75,156,29764.75,29765.25,0.50
2026-06-24 10:44:39,29765.75,29766.25,29763.75,29764.75,65,29769.25,29769.75,0.50
2026-06-24 10:44:40,29764.75,29770.00,29764.00,29769.25,90,29766.25,29766.75,0.50
2026-06-24 10:44:41,29769.50,29770.50,29766.00,29767.25,80,29768.25,29768.75,0.50
2026-06-24 10:44:42,29766.50,29770.25,29765.25,29768.75,125,29773.25,29773.75,0.50
2026-06-24 10:44:43,29768.25,29774.75,29768.00,29773.50,184,29775.50,29776.25,0.75
2026-06-24 10:44:44,29773.25,29777.75,29773.00,29776.25,192,29778.25,29778.75,0.50
2026-06-24 10:44:45,29775.50,29779.25,29775.25,29778.75,110,29783.00,29783.50,0.50
2026-06-24 10:44:46,29778.25,29786.00,29777.25,29783.50,469,29783.00,29783.50,0.50
2026-06-24 10:44:47,29783.25,29784.00,29781.00,29781.75,210,29780.50,29781.00,0.50
2026-06-24 10:44:48,29781.75,29782.50,29779.50,29780.25,99,29782.25,29782.75,0.50
2026-06-24 10:44:49,29780.25,29782.75,29778.75,29782.75,106,29785.75,29786.25,0.50
2026-06-24 10:44:50,29782.75,29785.50,29781.50,29785.50,109,29785.75,29786.25,0.50
2026-06-24 10:44:51,29786.00,29790.25,29783.00,29790.25,332,29789.25,29789.75,0.50
2026-06-24 10:44:52,29790.25,29794.75,29788.50,29789.75,507,29789.25,29789.75,0.50
2026-06-24 10:44:53,29789.75,29792.50,29785.50,29785.75,263,29785.75,29786.25,0.50
2026-06-24 10:44:54,29784.75,29788.75,29783.75,29786.50,142,29789.75,29790.50,0.75
2026-06-24 10:44:55,29786.00,29791.00,29785.50,29790.50,115,29787.00,29787.50,0.50
2026-06-24 10:44:56,29790.50,29790.75,29786.75,29787.00,130,29786.25,29786.75,0.50
2026-06-24 10:44:57,29787.25,29788.25,29785.25,29786.25,168,29785.75,29786.00,0.25
2026-06-24 10:44:58,29786.75,29786.75,29783.75,29785.75,89,29784.00,29784.50,0.50
2026-06-24 10:44:59,29785.75,29787.25,29784.00,29784.00,65,29786.75,29787.25,0.50
2026-06-24 10:45:00,29784.75,29787.50,29784.00,29787.25,75,29781.75,29782.25,0.50
2026-06-24 10:45:01,29787.25,29787.25,29780.75,29781.25,313,29782.00,29782.50,0.50
2026-06-24 10:45:02,29782.25,29784.75,29781.75,29782.00,118,29788.00,29788.50,0.50
2026-06-24 10:45:03,29782.00,29789.50,29781.25,29788.00,203,29792.50,29793.00,0.50
2026-06-24 10:45:04,29788.00,29793.75,29786.25,29793.00,198,29796.00,29796.50,0.50
2026-06-24 10:45:05,29792.75,29798.50,29791.50,29796.75,439,29796.00,29796.50,0.50
2026-06-24 10:45:06,29796.50,29796.50,29785.50,29789.50,374,29785.25,29785.75,0.50
2026-06-24 10:45:07,29789.00,29789.25,29784.75,29785.50,246,29782.50,29783.00,0.50
2026-06-24 10:45:08,29784.50,29785.25,29781.75,29783.50,177,29788.25,29788.75,0.50
2026-06-24 10:45:09,29783.00,29789.50,29782.50,29788.50,154,29789.75,29790.25,0.50
2026-06-24 10:45:10,29788.25,29792.25,29788.25,29789.75,120,29787.75,29788.50,0.75
2026-06-24 10:45:11,29789.50,29790.50,29784.75,29788.25,192,29787.75,29788.50,0.75
2026-06-24 10:45:12,29788.25,29789.25,29787.00,29787.50,52,29793.25,29794.00,0.75
2026-06-24 10:45:13,29789.00,29793.75,29789.00,29793.50,149,29793.50,29794.00,0.50
2026-06-24 10:45:14,29793.25,29795.00,29792.50,29793.50,128,29790.00,29790.50,0.50
2026-06-24 10:45:15,29793.75,29794.50,29788.00,29790.25,130,29792.00,29792.50,0.50
2026-06-24 10:45:16,29790.00,29794.00,29789.50,29793.00,81,29792.00,29792.50,0.50
2026-06-24 10:45:17,29793.00,29797.50,29790.50,29796.00,153,29797.75,29798.25,0.50
2026-06-24 10:45:18,29795.75,29799.00,29795.50,29798.00,141,29797.00,29797.75,0.75
2026-06-24 10:45:19,29797.75,29799.25,29796.75,29798.25,131,29797.00,29797.75,0.75
2026-06-24 10:45:20,29798.00,29798.00,29794.00,29797.00,145,29801.25,29801.75,0.50
2026-06-24 10:45:21,29796.50,29805.75,29796.50,29802.25,693,29798.25,29798.75,0.50
2026-06-24 10:45:22,29801.75,29802.75,29798.25,29799.00,213,29801.75,29802.25,0.50
2026-06-24 10:45:23,29798.25,29803.50,29797.50,29802.50,199,29801.75,29802.25,0.50
2026-06-24 10:45:24,29802.75,29802.75,29797.25,29800.25,173,29800.25,29800.75,0.50
2026-06-24 10:45:25,29800.25,29801.75,29796.00,29798.25,119,29811.50,29812.00,0.50
2026-06-24 10:45:26,29798.75,29813.50,29798.50,29813.50,455,29811.50,29812.00,0.50
2026-06-24 10:45:27,29812.25,29812.50,29806.00,29807.00,357,29808.75,29809.25,0.50
2026-06-24 10:45:28,29807.00,29811.25,29806.00,29809.25,257,29807.25,29807.75,0.50
2026-06-24 10:45:29,29809.50,29812.50,29807.00,29807.25,301,29807.25,29807.75,0.50
2026-06-24 10:45:30,29807.25,29810.25,29806.00,29808.25,239,29808.75,29809.25,0.50
2026-06-24 10:45:31,29809.00,29810.75,29806.75,29807.25,183,29807.50,29808.00,0.50
2026-06-24 10:45:32,29807.25,29808.25,29801.25,29808.00,383,29799.75,29800.00,0.25
2026-06-24 10:45:33,29807.75,29807.75,29798.50,29800.00,169,29801.50,29802.00,0.50
2026-06-24 10:45:34,29799.75,29803.00,29799.00,29802.00,171,29805.00,29805.50,0.50
2026-06-24 10:45:35,29801.50,29806.75,29801.00,29804.75,233,29803.00,29803.75,0.75
2026-06-24 10:45:36,29805.50,29806.00,29801.25,29803.25,104,29805.00,29805.50,0.50
2026-06-24 10:45:37,29803.25,29805.50,29797.50,29804.50,205,29793.25,29793.75,0.50
2026-06-24 10:45:38,29805.00,29805.00,29792.75,29793.50,228,29788.25,29788.75,0.50
2026-06-24 10:45:39,29793.25,29794.25,29788.75,29788.75,318,29788.25,29788.75,0.50
2026-06-24 10:45:40,29788.50,29792.50,29787.50,29790.50,204,29796.00,29796.50,0.50
2026-06-24 10:45:41,29790.50,29796.75,29790.50,29796.50,156,29792.00,29792.75,0.75
2026-06-24 10:45:42,29796.00,29797.25,29792.50,29792.75,121,29790.25,29791.00,0.75
2026-06-24 10:45:43,29792.25,29793.25,29790.00,29790.75,118,29793.75,29794.25,0.50
2026-06-24 10:45:44,29791.00,29794.75,29789.75,29794.50,158,29792.00,29792.50,0.50
2026-06-24 10:45:45,29794.25,29794.25,29792.00,29792.25,104,29793.50,29794.00,0.50
2026-06-24 10:45:46,29791.75,29796.25,29790.50,29794.25,117,29798.50,29799.00,0.50
2026-06-24 10:45:47,29793.50,29799.25,29793.25,29799.25,86,29791.75,29792.00,0.25
2026-06-24 10:45:48,29798.50,29799.00,29791.75,29792.00,96,29795.50,29796.00,0.50
2026-06-24 10:45:49,29792.00,29797.00,29791.50,29795.75,105,29795.50,29796.00,0.50
2026-06-24 10:45:50,29796.00,29799.00,29795.00,29798.50,108,29796.75,29797.25,0.50
2026-06-24 10:45:51,29798.25,29800.00,29796.25,29796.75,89,29792.75,29793.25,0.50
2026-06-24 10:45:52,29797.75,29797.75,29791.00,29793.50,169,29794.25,29794.75,0.50
2026-06-24 10:45:53,29792.75,29798.00,29791.50,29794.25,121,29790.50,29791.00,0.50
2026-06-24 10:45:54,29793.50,29795.00,29789.50,29790.50,92,29790.50,29791.00,0.50
2026-06-24 10:45:55,29790.75,29794.50,29790.50,29793.00,71,29791.75,29792.25,0.50
2026-06-24 10:45:56,29793.25,29794.00,29790.25,29791.50,88,29792.00,29792.50,0.50
2026-06-24 10:45:57,29791.75,29793.75,29791.25,29791.75,74,29792.25,29792.75,0.50
2026-06-24 10:45:58,29792.50,29795.25,29791.75,29793.25,147,29790.75,29791.25,0.50
2026-06-24 10:45:59,29792.50,29793.50,29791.25,29791.75,57,29791.00,29791.50,0.50
2026-06-24 10:46:00,29790.75,29792.25,29790.50,29791.75,57,29790.25,29790.75,0.50
2026-06-24 10:46:01,29791.25,29793.00,29790.25,29791.25,184,29790.25,29790.75,0.50
2026-06-24 10:46:02,29790.50,29792.00,29782.75,29783.25,333,29789.25,29789.75,0.50
2026-06-24 10:46:03,29783.50,29789.50,29782.75,29789.25,340,29796.25,29796.50,0.25
2026-06-24 10:46:04,29789.25,29796.50,29789.25,29796.00,176,29801.25,29802.00,0.75
2026-06-24 10:46:05,29796.50,29802.75,29795.50,29802.00,193,29801.25,29802.00,0.75
2026-06-24 10:46:06,29801.75,29804.75,29801.25,29804.25,187,29803.00,29803.50,0.50
2026-06-24 10:46:07,29803.25,29804.25,29801.50,29803.00,129,29803.25,29803.75,0.50
2026-06-24 10:46:08,29803.25,29807.00,29801.25,29804.25,290,29804.50,29805.00,0.50
2026-06-24 10:46:09,29803.25,29804.75,29802.25,29804.50,124,29807.25,29807.50,0.25
2026-06-24 10:46:10,29804.25,29807.75,29804.25,29807.00,96,29807.25,29807.50,0.25
2026-06-24 10:46:11,29807.00,29811.00,29807.00,29808.00,238,29807.75,29808.00,0.25
2026-06-24 10:46:12,29808.25,29808.75,29805.75,29807.25,193,29811.50,29812.00,0.50
2026-06-24 10:46:13,29807.50,29814.00,29807.50,29811.50,247,29812.75,29813.25,0.50
2026-06-24 10:46:14,29812.25,29813.75,29809.25,29813.00,152,29817.75,29818.25,0.50
2026-06-24 10:46:15,29813.25,29819.50,29812.50,29818.75,413,29817.75,29818.25,0.50
2026-06-24 10:46:16,29818.25,29823.00,29818.00,29819.75,421,29819.75,29820.50,0.75
2026-06-24 10:46:17,29819.75,29821.75,29817.25,29819.25,215,29819.25,29819.75,0.50
2026-06-24 10:46:18,29819.25,29820.25,29817.75,29818.25,123,29817.50,29818.00,0.50
2026-06-24 10:46:19,29818.25,29819.50,29816.50,29816.75,161,29817.50,29818.00,0.50
2026-06-24 10:46:20,29817.25,29824.75,29817.00,29823.25,268,29822.75,29823.00,0.25
2026-06-24 10:46:21,29822.75,29824.25,29820.75,29821.75,210,29822.50,29823.25,0.75
2026-06-24 10:46:22,29822.50,29824.25,29821.50,29822.75,146,29822.50,29823.25,0.75
2026-06-24 10:46:23,29822.50,29823.50,29820.25,29821.00,133,29822.00,29822.25,0.25
2026-06-24 10:46:24,29820.50,29824.25,29820.50,29821.50,136,29822.00,29822.25,0.25
2026-06-24 10:46:25,29821.75,29825.50,29820.00,29825.25,309,29828.75,29829.50,0.75
2026-06-24 10:46:26,29825.00,29829.50,29822.50,29828.50,428,29828.50,29829.00,0.50
2026-06-24 10:46:27,29828.75,29830.50,29827.00,29828.75,260,29828.50,29829.00,0.50
2026-06-24 10:46:28,29829.00,29829.25,29825.75,29827.00,118,29830.75,29831.25,0.50
2026-06-24 10:46:29,29827.25,29831.25,29827.25,29830.75,201,29829.00,29829.50,0.50
2026-06-24 10:46:30,29831.00,29831.25,29828.75,29829.25,159,29826.25,29826.75,0.50
2026-06-24 10:46:31,29829.00,29830.25,29826.00,29826.75,162,29826.75,29827.25,0.50
2026-06-24 10:46:32,29826.50,29828.50,29825.75,29826.50,168,29827.50,29828.00,0.50
2026-06-24 10:46:33,29827.25,29829.50,29825.50,29827.75,247,29829.00,29829.50,0.50
2026-06-24 10:46:34,29828.00,29830.25,29827.00,29830.25,186,29827.75,29828.25,0.50
2026-06-24 10:46:35,29828.75,29830.00,29827.75,29828.00,67,29828.00,29828.50,0.50
2026-06-24 10:46:36,29827.75,29829.25,29826.75,29827.75,113,29825.75,29826.25,0.50
2026-06-24 10:46:37,29828.00,29829.50,29825.00,29826.00,97,29832.50,29833.00,0.50
2026-06-24 10:46:38,29826.00,29834.00,29824.50,29833.50,459,29832.50,29833.00,0.50
2026-06-24 10:46:39,29833.25,29847.50,29831.00,29847.50,1074,29847.25,29847.75,0.50
2026-06-24 10:46:40,29847.50,29848.50,29845.00,29847.00,400,29846.50,29847.25,0.75
2026-06-24 10:46:41,29846.75,29847.50,29844.25,29845.00,261,29845.50,29846.00,0.50
2026-06-24 10:46:42,29845.25,29847.00,29844.00,29845.75,197,29846.25,29846.75,0.50
2026-06-24 10:46:43,29845.50,29847.00,29844.75,29846.25,109,29847.50,29848.00,0.50
2026-06-24 10:46:44,29846.25,29849.75,29846.00,29847.50,153,29845.25,29845.75,0.50
2026-06-24 10:46:45,29848.00,29848.50,29844.25,29845.75,132,29847.00,29847.50,0.50
2026-06-24 10:46:46,29845.75,29848.75,29845.00,29847.00,126,29846.75,29847.25,0.50
2026-06-24 10:46:47,29847.75,29849.00,29845.75,29847.25,101,29842.00,29842.50,0.50
2026-06-24 10:46:48,29846.75,29847.25,29840.75,29841.50,147,29839.75,29840.50,0.75
2026-06-24 10:46:49,29842.50,29844.00,29840.50,29840.75,141,29839.75,29840.50,0.75
2026-06-24 10:46:50,29840.25,29840.75,29836.75,29837.50,197,29839.50,29840.00,0.50
2026-06-24 10:46:51,29837.25,29841.00,29836.75,29839.75,115,29839.50,29840.00,0.50
2026-06-24 10:46:52,29839.50,29839.75,29838.50,29838.75,103,29834.25,29834.75,0.50
2026-06-24 10:46:53,29838.00,29839.75,29834.00,29834.25,230,29833.25,29834.00,0.75
2026-06-24 10:46:54,29834.75,29835.25,29831.00,29833.75,257,29834.00,29834.50,0.50
2026-06-24 10:46:55,29833.25,29835.25,29833.25,29834.00,110,29836.25,29836.75,0.50
2026-06-24 10:46:56,29834.00,29836.50,29833.50,29836.50,132,29838.75,29839.25,0.50
2026-06-24 10:46:57,29837.00,29839.50,29836.00,29838.75,167,29846.00,29846.50,0.50
2026-06-24 10:46:58,29838.50,29847.00,29838.50,29846.00,315,29844.25,29844.75,0.50
2026-06-24 10:46:59,29846.50,29847.00,29844.25,29844.75,81,29846.75,29847.25,0.50
2026-06-24 10:47:00,29844.75,29847.50,29844.75,29847.25,114,29846.00,29846.50,0.50
2026-06-24 10:47:01,29846.75,29848.75,29844.75,29846.25,238,29845.75,29846.25,0.50
2026-06-24 10:47:02,29846.75,29847.00,29845.25,29846.00,182,29841.00,29841.50,0.50
2026-06-24 10:47:03,29845.75,29845.75,29840.75,29840.75,185,29837.25,29837.75,0.50
2026-06-24 10:47:04,29841.00,29843.50,29837.00,29837.50,276,29838.75,29839.25,0.50
2026-06-24 10:47:05,29837.50,29841.50,29836.50,29838.50,195,29838.75,29839.25,0.50
2026-06-24 10:47:06,29839.25,29839.50,29837.25,29839.00,111,29839.00,29839.50,0.50
2026-06-24 10:47:07,29838.25,29839.00,29837.00,29839.00,87,29839.00,29839.50,0.50
2026-06-24 10:47:08,29839.25,29845.50,29839.25,29845.00,128,29845.75,29846.25,0.50
2026-06-24 10:47:09,29845.50,29848.25,29844.75,29846.00,178,29844.00,29844.50,0.50
2026-06-24 10:47:10,29845.75,29845.75,29843.25,29844.50,72,29845.00,29845.50,0.50
2026-06-24 10:47:11,29845.00,29847.00,29843.75,29845.50,82,29842.75,29843.25,0.50
2026-06-24 10:47:12,29844.75,29845.50,29841.75,29843.25,113,29847.25,29847.75,0.50
2026-06-24 10:47:13,29843.50,29847.75,29842.50,29847.00,175,29851.00,29851.50,0.50
2026-06-24 10:47:14,29847.25,29852.50,29845.50,29852.00,348,29851.00,29851.50,0.50
2026-06-24 10:47:15,29851.75,29852.50,29848.50,29849.50,226,29849.00,29849.50,0.50
2026-06-24 10:47:16,29849.50,29854.75,29848.00,29853.25,247,29852.50,29853.25,0.75
2026-06-24 10:47:17,29852.75,29853.50,29847.75,29848.50,129,29847.50,29848.00,0.50
2026-06-24 10:47:18,29848.75,29850.75,29845.25,29848.00,225,29853.00,29853.50,0.50
2026-06-24 10:47:19,29847.50,29853.00,29847.50,29853.00,83,29854.25,29854.75,0.50
2026-06-24 10:47:20,29853.50,29854.75,29852.00,29854.75,85,29851.75,29852.25,0.50
2026-06-24 10:47:21,29854.00,29854.50,29850.75,29851.50,87,29855.75,29856.25,0.50
2026-06-24 10:47:22,29851.75,29856.25,29851.00,29856.25,237,29855.75,29856.25,0.50
2026-06-24 10:47:23,29856.25,29858.50,29855.00,29856.00,311,29854.00,29854.50,0.50
2026-06-24 10:47:24,29856.25,29858.00,29853.50,29854.50,240,29854.00,29854.50,0.50
2026-06-24 10:47:25,29854.50,29855.50,29853.50,29854.00,122,29852.00,29852.25,0.25
2026-06-24 10:47:26,29854.00,29854.75,29852.50,29852.50,99,29852.00,29852.50,0.50
2026-06-24 10:47:27,29852.50,29853.25,29851.50,29852.25,72,29852.00,29852.50,0.50
2026-06-24 10:47:28,29852.00,29853.75,29848.25,29850.00,156,29850.75,29851.25,0.50
2026-06-24 10:47:29,29849.50,29851.50,29847.75,29851.25,116,29850.75,29851.25,0.50
2026-06-24 10:47:30,29850.75,29853.00,29849.00,29849.50,109,29851.25,29851.75,0.50
2026-06-24 10:47:31,29849.75,29852.50,29849.75,29852.00,92,29851.50,29852.00,0.50
2026-06-24 10:47:32,29851.25,29853.75,29850.00,29851.75,106,29848.25,29848.75,0.50
2026-06-24 10:47:33,29852.00,29853.25,29848.50,29848.50,109,29848.25,29848.75,0.50
2026-06-24 10:47:34,29848.75,29854.25,29845.50,29851.25,278,29850.50,29851.00,0.50
2026-06-24 10:47:35,29851.00,29855.75,29850.00,29850.75,188,29850.00,29850.50,0.50
2026-06-24 10:47:36,29850.75,29851.25,29849.75,29850.25,61,29849.25,29849.50,0.25
2026-06-24 10:47:37,29850.00,29851.75,29848.25,29849.25,92,29847.75,29848.50,0.75
2026-06-24 10:47:38,29848.75,29848.75,29846.25,29848.25,107,29847.75,29848.50,0.75
2026-06-24 10:47:39,29848.25,29849.50,29846.75,29849.00,75,29852.00,29852.50,0.50
2026-06-24 10:47:40,29848.50,29852.00,29848.50,29852.00,99,29854.25,29854.50,0.25
2026-06-24 10:47:41,29852.00,29857.75,29852.00,29854.50,123,29854.25,29854.50,0.25
2026-06-24 10:47:42,29854.25,29854.75,29851.75,29852.25,83,29852.00,29852.50,0.50
2026-06-24 10:47:43,29852.25,29853.25,29850.75,29852.00,77,29855.75,29856.25,0.50
2026-06-24 10:47:44,29852.50,29857.50,29852.50,29856.50,145,29859.25,29859.75,0.50
2026-06-24 10:47:45,29855.75,29861.75,29855.00,29859.25,302,29859.50,29860.00,0.50
2026-06-24 10:47:46,29860.00,29860.75,29858.25,29859.50,95,29860.25,29860.50,0.25
2026-06-24 10:47:47,29860.00,29860.75,29857.75,29860.25,173,29860.50,29861.00,0.50
2026-06-24 10:47:48,29860.75,29863.25,29859.50,29860.75,225,29858.75,29859.25,0.50
2026-06-24 10:47:49,29860.75,29861.00,29858.50,29859.00,112,29858.25,29858.75,0.50
2026-06-24 10:47:50,29859.25,29859.25,29857.25,29858.75,93,29856.50,29857.00,0.50
2026-06-24 10:47:51,29858.75,29859.00,29856.75,29856.75,122,29858.75,29859.50,0.75
2026-06-24 10:47:52,29857.50,29859.00,29856.25,29858.75,94,29858.25,29858.75,0.50
2026-06-24 10:47:53,29859.00,29861.00,29858.50,29859.00,83,29855.00,29855.50,0.50
2026-06-24 10:47:54,29858.75,29858.75,29855.00,29856.00,82,29859.00,29859.50,0.50
2026-06-24 10:47:55,29856.00,29860.00,29855.00,29859.50,133,29859.25,29859.75,0.50
2026-06-24 10:47:56,29859.25,29859.50,29857.75,29858.75,50,29865.75,29866.00,0.25
2026-06-24 10:47:57,29859.75,29866.50,29858.50,29866.00,216,29865.75,29866.25,0.50
2026-06-24 10:47:58,29865.75,29867.00,29865.00,29866.00,155,29863.50,29864.00,0.50
2026-06-24 10:47:59,29866.25,29866.25,29862.75,29863.75,188,29862.50,29863.25,0.75
2026-06-24 10:48:00,29863.75,29864.00,29861.25,29862.75,133,29861.75,29862.25,0.50
2026-06-24 10:48:01,29863.00,29863.25,29861.00,29862.50,145,29861.75,29862.25,0.50
2026-06-24 10:48:02,29861.75,29862.50,29858.75,29860.50,199,29860.00,29860.50,0.50
2026-06-24 10:48:03,29860.25,29861.25,29857.75,29859.00,208,29858.75,29859.25,0.50
2026-06-24 10:48:04,29858.25,29861.25,29857.75,29858.50,161,29858.75,29859.25,0.50
2026-06-24 10:48:05,29858.75,29864.75,29858.25,29863.00,138,29860.50,29861.00,0.50
2026-06-24 10:48:06,29863.25,29863.25,29859.50,29860.75,79,29860.50,29861.00,0.50
2026-06-24 10:48:07,29860.50,29861.25,29859.50,29861.00,64,29856.75,29857.25,0.50
2026-06-24 10:48:08,29861.00,29861.00,29855.00,29856.50,149,29856.75,29857.25,0.50
2026-06-24 10:48:09,29856.50,29859.25,29852.75,29854.75,182,29856.50,29857.00,0.50
2026-06-24 10:48:10,29854.25,29857.75,29854.25,29856.50,103,29858.50,29859.00,0.50
2026-06-24 10:48:11,29856.50,29860.25,29855.50,29858.75,135,29856.75,29857.00,0.25
2026-06-24 10:48:12,29859.25,29859.25,29856.25,29856.75,56,29856.25,29856.50,0.25
2026-06-24 10:48:13,29857.25,29857.75,29855.00,29856.50,64,29859.25,29859.50,0.25
2026-06-24 10:48:14,29856.25,29859.25,29856.00,29859.25,80,29858.25,29858.75,0.50
2026-06-24 10:48:15,29859.25,29860.00,29857.25,29859.00,84,29858.50,29858.75,0.25
2026-06-24 10:48:16,29858.75,29858.75,29856.00,29858.25,102,29858.50,29858.75,0.25
2026-06-24 10:48:17,29858.75,29868.50,29858.75,29866.50,302,29866.75,29867.25,0.50
2026-06-24 10:48:18,29866.25,29869.00,29865.25,29867.00,160,29866.75,29867.25,0.50
2026-06-24 10:48:19,29867.00,29870.75,29867.00,29869.75,218,29875.25,29875.75,0.50
2026-06-24 10:48:20,29869.75,29877.75,29868.75,29875.00,515,29871.50,29871.75,0.25
2026-06-24 10:48:21,29875.50,29876.50,29870.75,29871.50,256,29870.75,29871.00,0.25
2026-06-24 10:48:22,29871.50,29872.50,29868.25,29871.00,190,29870.75,29871.00,0.25
2026-06-24 10:48:23,29871.00,29871.50,29869.25,29869.75,113,29867.00,29867.50,0.50
2026-06-24 10:48:24,29870.00,29870.50,29867.25,29867.25,79,29872.00,29872.25,0.25
2026-06-24 10:48:25,29867.00,29872.00,29865.50,29872.00,179,29871.75,29872.00,0.25
2026-06-24 10:48:26,29872.25,29873.25,29871.25,29871.75,115,29874.25,29874.50,0.25
2026-06-24 10:48:27,29872.00,29874.25,29869.50,29874.00,127,29876.00,29876.50,0.50
2026-06-24 10:48:28,29874.25,29877.75,29874.00,29876.75,137,29875.00,29875.50,0.50
2026-06-24 10:48:29,29876.00,29877.25,29874.75,29875.25,100,29873.75,29874.25,0.50
2026-06-24 10:48:30,29875.75,29876.00,29873.25,29874.25,139,29871.75,29872.25,0.50
2026-06-24 10:48:31,29873.75,29873.75,29871.25,29871.50,102,29871.00,29871.25,0.25
2026-06-24 10:48:32,29871.75,29872.25,29870.25,29871.00,128,29871.00,29871.25,0.25
2026-06-24 10:48:33,29870.50,29871.75,29869.75,29871.00,128,29871.25,29871.75,0.50
2026-06-24 10:48:34,29871.25,29872.75,29869.75,29871.50,100,29866.25,29866.75,0.50
2026-06-24 10:48:35,29871.75,29871.75,29863.25,29866.50,329,29868.75,29869.25,0.50
2026-06-24 10:48:36,29866.25,29869.50,29865.50,29869.25,253,29863.75,29864.25,0.50
2026-06-24 10:48:37,29868.75,29870.00,29864.00,29864.00,138,29860.00,29860.50,0.50
2026-06-24 10:48:38,29863.75,29863.75,29859.50,29860.25,180,29861.75,29862.25,0.50
2026-06-24 10:48:39,29860.25,29862.75,29860.25,29862.00,107,29863.25,29863.75,0.50
2026-06-24 10:48:40,29862.25,29863.50,29861.50,29863.50,85,29865.25,29865.75,0.50
2026-06-24 10:48:41,29863.25,29865.75,29863.25,29865.25,57,29865.75,29866.25,0.50
2026-06-24 10:48:42,29865.50,29867.00,29864.50,29866.00,77,29864.50,29865.00,0.50
2026-06-24 10:48:43,29865.75,29865.75,29864.25,29864.50,35,29865.00,29865.50,0.50
2026-06-24 10:48:44,29865.00,29865.50,29863.25,29865.50,77,29868.00,29868.50,0.50
2026-06-24 10:48:45,29865.00,29870.25,29865.00,29868.75,141,29868.00,29868.50,0.50
2026-06-24 10:48:46,29868.25,29868.75,29866.75,29867.00,74,29865.00,29865.50,0.50
2026-06-24 10:48:47,29866.50,29866.75,29863.50,29865.25,50,29858.75,29859.25,0.50
2026-06-24 10:48:48,29865.00,29865.00,29860.00,29860.00,108,29858.75,29859.25,0.50
2026-06-24 10:48:49,29859.75,29860.00,29857.00,29858.25,205,29852.25,29852.75,0.50
2026-06-24 10:48:50,29858.25,29858.25,29851.50,29852.00,295,29852.25,29852.75,0.50
2026-06-24 10:48:51,29852.25,29853.50,29848.75,29851.25,301,29848.25,29848.75,0.50
2026-06-24 10:48:52,29851.75,29851.75,29847.50,29848.50,165,29848.25,29848.75,0.50
2026-06-24 10:48:53,29848.75,29850.75,29844.25,29845.75,258,29845.25,29845.75,0.50
2026-06-24 10:48:54,29845.25,29846.00,29844.25,29845.25,152,29845.25,29845.75,0.50
2026-06-24 10:48:55,29845.75,29846.00,29843.75,29845.50,135,29845.25,29845.75,0.50
2026-06-24 10:48:56,29845.75,29846.50,29843.25,29844.75,131,29844.00,29844.50,0.50
2026-06-24 10:48:57,29844.25,29845.50,29842.50,29844.25,142,29846.00,29846.50,0.50
2026-06-24 10:48:58,29845.00,29846.75,29842.75,29845.75,123,29845.25,29845.75,0.50
2026-06-24 10:48:59,29846.00,29846.75,29844.50,29845.75,113,29847.75,29848.25,0.50
2026-06-24 10:49:00,29844.75,29848.75,29844.75,29848.25,104,29847.50,29848.00,0.50
2026-06-24 10:49:01,29847.75,29848.75,29846.00,29847.25,81,29847.50,29848.00,0.50
2026-06-24 10:49:02,29847.25,29847.25,29843.50,29845.00,134,29844.00,29844.50,0.50
2026-06-24 10:49:03,29845.25,29847.75,29841.75,29844.00,178,29848.00,29848.50,0.50
2026-06-24 10:49:04,29844.25,29850.00,29843.50,29848.25,148,29853.00,29853.50,0.50
2026-06-24 10:49:05,29849.00,29855.00,29848.00,29853.50,202,29851.25,29851.75,0.50
2026-06-24 10:49:06,29853.00,29854.00,29850.75,29851.25,123,29849.00,29849.50,0.50
2026-06-24 10:49:07,29851.50,29851.50,29848.00,29849.50,105,29845.00,29845.50,0.50
2026-06-24 10:49:08,29848.75,29849.25,29843.75,29845.00,148,29844.00,29844.50,0.50
2026-06-24 10:49:09,29844.75,29849.00,29844.00,29844.00,143,29840.75,29841.25,0.50
2026-06-24 10:49:10,29843.75,29843.75,29836.75,29841.00,302,29840.75,29841.25,0.50
2026-06-24 10:49:11,29841.25,29843.25,29840.00,29841.00,198,29840.75,29841.25,0.50
2026-06-24 10:49:12,29840.75,29843.75,29840.75,29842.25,156,29839.50,29840.00,0.50
2026-06-24 10:49:13,29842.00,29844.50,29839.25,29839.25,130,29841.25,29841.75,0.50
2026-06-24 10:49:14,29840.00,29842.25,29839.25,29841.75,110,29841.75,29842.25,0.50
2026-06-24 10:49:15,29842.25,29847.50,29842.00,29842.25,191,29841.50,29842.00,0.50
2026-06-24 10:49:16,29841.75,29843.50,29838.75,29841.50,144,29840.25,29840.75,0.50
2026-06-24 10:49:17,29842.00,29842.75,29839.75,29841.00,99,29837.25,29837.75,0.50
2026-06-24 10:49:18,29840.25,29840.75,29835.50,29837.50,190,29837.50,29838.00,0.50
2026-06-24 10:49:19,29837.25,29839.00,29833.75,29837.75,289,29835.25,29835.75,0.50
2026-06-24 10:49:20,29837.00,29838.50,29834.00,29835.75,91,29834.00,29834.75,0.75
2026-06-24 10:49:21,29834.75,29835.75,29831.50,29835.25,182,29834.00,29834.75,0.75
2026-06-24 10:49:22,29834.50,29834.75,29829.75,29830.50,250,29830.75,29831.25,0.50
2026-06-24 10:49:23,29830.75,29832.50,29828.00,29831.25,309,29835.25,29835.75,0.50
2026-06-24 10:49:24,29830.75,29836.25,29830.50,29835.25,214,29835.25,29835.75,0.50
2026-06-24 10:49:25,29835.25,29838.25,29834.75,29837.00,159,29836.75,29837.25,0.50
2026-06-24 10:49:26,29837.50,29842.00,29836.25,29837.50,230,29837.00,29837.50,0.50
2026-06-24 10:49:27,29837.25,29838.50,29836.50,29837.50,69,29837.75,29838.25,0.50
2026-06-24 10:49:28,29837.00,29838.75,29836.00,29837.75,61,29834.25,29834.75,0.50
2026-06-24 10:49:29,29838.00,29838.00,29834.00,29834.75,96,29838.25,29838.75,0.50
2026-06-24 10:49:30,29833.75,29839.75,29833.75,29838.50,100,29835.25,29836.00,0.75
2026-06-24 10:49:31,29838.25,29838.75,29834.50,29834.75,81,29835.25,29836.00,0.75
2026-06-24 10:49:32,29835.50,29836.50,29833.00,29833.50,199,29835.75,29836.25,0.50
2026-06-24 10:49:33,29833.75,29836.50,29832.75,29835.75,59,29830.50,29831.00,0.50
2026-06-24 10:49:34,29835.75,29835.75,29830.50,29830.50,88,29832.25,29832.75,0.50
2026-06-24 10:49:35,29831.00,29835.00,29830.50,29833.00,116,29832.00,29832.50,0.50
2026-06-24 10:49:36,29832.50,29833.75,29831.25,29833.25,89,29832.00,29832.50,0.50
2026-06-24 10:49:37,29832.50,29834.75,29831.75,29834.75,105,29835.00,29835.50,0.50
2026-06-24 10:49:38,29834.75,29835.50,29832.25,29835.25,95,29835.00,29835.50,0.50
2026-06-24 10:49:39,29835.50,29836.75,29834.25,29835.00,118,29833.25,29833.75,0.50
2026-06-24 10:49:40,29834.75,29834.75,29832.50,29834.50,67,29830.25,29830.75,0.50
2026-06-24 10:49:41,29832.75,29832.75,29828.50,29830.25,168,29831.25,29831.75,0.50
2026-06-24 10:49:42,29830.25,29832.00,29830.25,29831.25,68,29830.75,29831.25,0.50
2026-06-24 10:49:43,29831.25,29832.75,29831.00,29831.75,43,29832.50,29833.00,0.50
2026-06-24 10:49:44,29830.75,29833.00,29830.75,29832.75,56,29839.75,29840.25,0.50
2026-06-24 10:49:45,29832.75,29840.75,29831.75,29840.25,196,29841.50,29842.00,0.50
2026-06-24 10:49:46,29839.75,29843.50,29835.50,29841.75,165,29841.25,29841.75,0.50
2026-06-24 10:49:47,29841.50,29841.75,29840.00,29841.50,86,29840.75,29841.25,0.50
2026-06-24 10:49:48,29840.50,29842.50,29840.50,29840.75,101,29838.75,29839.25,0.50
2026-06-24 10:49:49,29840.75,29840.75,29836.75,29838.75,79,29836.00,29836.50,0.50
2026-06-24 10:49:50,29838.75,29838.75,29835.75,29836.00,73,29831.00,29831.50,0.50
2026-06-24 10:49:51,29836.50,29836.50,29830.75,29831.00,122,29829.50,29830.00,0.50
2026-06-24 10:49:52,29831.00,29831.25,29828.75,29829.50,104,29830.75,29831.25,0.50
2026-06-24 10:49:53,29829.75,29830.75,29828.50,29830.75,68,29830.75,29831.25,0.50
2026-06-24 10:49:54,29831.25,29831.25,29828.75,29829.50,91,29827.75,29828.00,0.25
2026-06-24 10:49:55,29829.50,29829.75,29826.25,29827.75,142,29829.50,29830.00,0.50
2026-06-24 10:49:56,29827.75,29830.50,29827.25,29829.75,77,29830.00,29830.50,0.50
2026-06-24 10:49:57,29829.25,29831.25,29828.75,29830.75,102,29830.75,29831.00,0.25
2026-06-24 10:49:58,29830.50,29833.00,29830.50,29831.00,109,29830.75,29831.00,0.25
2026-06-24 10:49:59,29831.00,29832.25,29829.75,29830.50,94,29832.25,29832.75,0.50
2026-06-24 10:50:00,29830.75,29832.50,29830.50,29832.00,61,29833.75,29834.25,0.50
2026-06-24 10:50:01,29833.25,29836.75,29833.00,29833.75,231,29833.75,29834.25,0.50
2026-06-24 10:50:02,29834.50,29836.25,29833.50,29835.00,142,29836.75,29837.50,0.75
2026-06-24 10:50:03,29834.50,29837.25,29833.00,29836.75,138,29836.75,29837.50,0.75
2026-06-24 10:50:04,29837.25,29843.50,29836.50,29843.50,164,29844.25,29844.75,0.50
2026-06-24 10:50:05,29842.75,29845.25,29842.00,29844.50,257,29844.75,29845.00,0.25
2026-06-24 10:50:06,29844.25,29845.75,29843.25,29844.75,178,29843.75,29844.25,0.50
2026-06-24 10:50:07,29845.00,29846.00,29843.25,29844.25,115,29845.00,29845.50,0.50
2026-06-24 10:50:08,29844.25,29846.75,29843.25,29845.25,160,29850.00,29850.50,0.50
2026-06-24 10:50:09,29845.50,29850.50,29845.00,29849.50,214,29850.00,29850.50,0.50
2026-06-24 10:50:10,29850.50,29850.75,29847.75,29850.25,206,29850.25,29850.75,0.50
2026-06-24 10:50:11,29850.75,29851.50,29847.75,29849.50,235,29851.00,29851.50,0.50
2026-06-24 10:50:12,29849.50,29851.75,29848.50,29851.50,111,29852.00,29852.75,0.75
2026-06-24 10:50:13,29851.00,29851.75,29848.75,29851.75,171,29852.00,29852.75,0.75
2026-06-24 10:50:14,29851.75,29853.00,29850.00,29852.00,155,29853.25,29853.75,0.50
2026-06-24 10:50:15,29851.50,29854.25,29850.50,29854.00,109,29857.25,29857.50,0.25
2026-06-24 10:50:16,29853.75,29858.50,29851.50,29857.50,215,29859.50,29860.00,0.50
2026-06-24 10:50:17,29857.50,29861.00,29856.75,29859.75,222,29860.25,29860.75,0.50
2026-06-24 10:50:18,29860.00,29860.75,29857.00,29860.25,224,29860.25,29860.75,0.50
2026-06-24 10:50:19,29860.75,29862.25,29857.50,29860.50,167,29862.50,29863.00,0.50
2026-06-24 10:50:20,29861.25,29863.50,29860.50,29862.50,138,29864.50,29865.00,0.50
2026-06-24 10:50:21,29862.50,29866.50,29862.25,29865.00,205,29864.00,29864.50,0.50
2026-06-24 10:50:22,29865.00,29865.75,29863.50,29864.00,138,29861.50,29862.00,0.50
2026-06-24 10:50:23,29864.50,29866.25,29860.25,29861.50,169,29861.50,29862.00,0.50
2026-06-24 10:50:24,29861.75,29863.00,29858.50,29861.50,272,29861.25,29861.75,0.50
2026-06-24 10:50:25,29861.50,29863.50,29861.50,29863.00,123,29860.50,29861.00,0.50
2026-06-24 10:50:26,29863.25,29863.25,29860.75,29861.50,95,29860.75,29861.25,0.50
2026-06-24 10:50:27,29861.00,29862.50,29861.00,29861.00,74,29860.00,29860.50,0.50
2026-06-24 10:50:28,29861.00,29862.75,29859.75,29859.75,120,29860.50,29861.00,0.50
2026-06-24 10:50:29,29860.25,29862.00,29857.00,29860.75,260,29860.00,29860.50,0.50
2026-06-24 10:50:30,29861.00,29861.00,29859.00,29860.00,82,29860.25,29860.75,0.50
2026-06-24 10:50:31,29860.50,29861.75,29859.75,29860.50,58,29863.00,29863.50,0.50
2026-06-24 10:50:32,29860.25,29864.00,29860.25,29863.00,112,29861.00,29861.50,0.50
2026-06-24 10:50:33,29863.00,29863.25,29860.25,29861.50,78,29853.50,29854.00,0.50
2026-06-24 10:50:34,29861.25,29861.25,29853.00,29853.75,217,29855.00,29855.50,0.50
2026-06-24 10:50:35,29854.00,29856.00,29853.75,29855.25,113,29856.00,29856.50,0.50
2026-06-24 10:50:36,29855.75,29857.50,29854.25,29855.25,153,29856.00,29856.50,0.50
2026-06-24 10:50:37,29855.75,29857.50,29855.00,29857.00,79,29857.00,29857.50,0.50
2026-06-24 10:50:38,29857.50,29861.25,29857.00,29858.50,102,29858.50,29858.75,0.25
2026-06-24 10:50:39,29858.00,29859.25,29855.75,29856.50,79,29858.25,29858.75,0.50
2026-06-24 10:50:40,29856.75,29858.50,29855.50,29858.50,48,29858.25,29858.75,0.50
2026-06-24 10:50:41,29858.75,29858.75,29855.50,29855.50,88,29856.75,29857.25,0.50
2026-06-24 10:50:42,29855.25,29860.00,29855.25,29856.75,78,29857.75,29858.25,0.50
2026-06-24 10:50:43,29856.75,29858.75,29856.75,29858.25,39,29856.50,29857.00,0.50
2026-06-24 10:50:44,29858.50,29859.50,29856.25,29856.50,48,29853.00,29853.50,0.50
2026-06-24 10:50:45,29857.25,29857.25,29853.00,29853.25,106,29854.50,29855.00,0.50
2026-06-24 10:50:46,29853.00,29855.50,29853.00,29855.25,80,29853.25,29853.75,0.50
2026-06-24 10:50:47,29854.50,29854.50,29851.75,29853.25,157,29849.50,29850.00,0.50
2026-06-24 10:50:48,29853.25,29854.25,29849.00,29849.50,151,29847.00,29847.50,0.50
2026-06-24 10:50:49,29849.50,29851.00,29845.75,29847.25,167,29845.50,29845.75,0.25
2026-06-24 10:50:50,29847.25,29849.50,29844.00,29845.25,205,29845.25,29845.75,0.50
2026-06-24 10:50:51,29846.00,29846.75,29844.75,29845.00,88,29845.25,29845.75,0.50
2026-06-24 10:50:52,29845.25,29846.75,29844.25,29845.50,84,29847.00,29847.25,0.25
2026-06-24 10:50:53,29845.75,29847.75,29845.50,29847.50,58,29849.00,29849.50,0.50
2026-06-24 10:50:54,29847.00,29849.50,29845.50,29849.50,233,29849.00,29849.50,0.50
2026-06-24 10:50:55,29849.25,29849.50,29845.50,29846.00,84,29846.25,29846.75,0.50
2026-06-24 10:50:56,29846.50,29848.00,29845.75,29846.75,77,29846.75,29847.00,0.25
2026-06-24 10:50:57,29846.25,29847.50,29845.25,29846.50,50,29848.00,29848.50,0.50
2026-06-24 10:50:58,29846.75,29848.50,29845.50,29848.25,58,29846.50,29846.75,0.25
2026-06-24 10:50:59,29848.00,29848.25,29846.25,29846.25,52,29846.00,29846.50,0.50
2026-06-24 10:51:00,29846.75,29847.00,29845.00,29846.25,51,29851.00,29851.50,0.50
2026-06-24 10:51:01,29846.75,29851.25,29846.00,29851.00,137,29843.25,29843.75,0.50
2026-06-24 10:51:02,29851.00,29851.25,29843.25,29843.50,293,29842.75,29843.25,0.50
2026-06-24 10:51:03,29843.75,29844.50,29842.00,29842.50,112,29839.25,29839.50,0.25
2026-06-24 10:51:04,29843.25,29845.25,29839.50,29839.50,167,29839.25,29839.50,0.25
2026-06-24 10:51:05,29839.50,29840.00,29838.00,29838.75,188,29831.75,29832.25,0.50
2026-06-24 10:51:06,29838.75,29839.00,29830.50,29831.50,307,29831.75,29832.25,0.50
2026-06-24 10:51:07,29831.50,29833.75,29830.75,29831.00,160,29833.75,29834.25,0.50
2026-06-24 10:51:08,29831.25,29834.50,29828.50,29833.50,227,29832.00,29832.50,0.50
2026-06-24 10:51:09,29833.75,29834.00,29830.25,29832.50,138,29831.25,29831.75,0.50
2026-06-24 10:51:10,29831.75,29833.25,29830.00,29832.00,67,29835.00,29835.50,0.50
2026-06-24 10:51:11,29831.25,29835.75,29830.75,29835.00,148,29835.00,29835.50,0.50
2026-06-24 10:51:12,29835.50,29836.00,29833.25,29835.00,123,29837.75,29838.25,0.50
2026-06-24 10:51:13,29835.50,29838.25,29835.25,29837.25,69,29833.25,29833.75,0.50
2026-06-24 10:51:14,29837.50,29838.00,29833.25,29833.75,79,29831.50,29832.00,0.50
2026-06-24 10:51:15,29833.75,29834.25,29831.00,29831.25,105,29831.50,29832.00,0.50
2026-06-24 10:51:16,29831.75,29833.75,29829.75,29831.00,134,29831.00,29831.50,0.50
2026-06-24 10:51:17,29830.75,29831.75,29828.75,29831.25,133,29834.50,29835.00,0.50
2026-06-24 10:51:18,29831.00,29834.75,29830.25,29834.75,137,29839.50,29840.00,0.50
2026-06-24 10:51:19,29834.75,29841.00,29834.50,29839.75,148,29836.50,29837.00,0.50
2026-06-24 10:51:20,29840.00,29840.00,29836.75,29837.00,52,29840.25,29840.75,0.50
2026-06-24 10:51:21,29836.25,29841.00,29835.50,29840.50,121,29842.00,29842.50,0.50
2026-06-24 10:51:22,29840.25,29843.50,29839.75,29843.25,147,29844.00,29844.50,0.50
2026-06-24 10:51:23,29842.50,29847.50,29842.00,29844.00,225,29849.00,29849.50,0.50
2026-06-24 10:51:24,29844.00,29850.00,29843.00,29849.25,228,29847.25,29847.75,0.50
2026-06-24 10:51:25,29849.25,29849.25,29846.50,29847.25,142,29848.50,29849.00,0.50
2026-06-24 10:51:26,29847.25,29848.75,29846.00,29848.75,78,29848.50,29849.00,0.50
2026-06-24 10:51:27,29848.75,29849.25,29845.50,29846.25,124,29850.75,29851.25,0.50
2026-06-24 10:51:28,29846.00,29853.75,29845.50,29851.00,391,29851.50,29852.00,0.50
2026-06-24 10:51:29,29851.25,29854.25,29851.00,29852.25,168,29851.50,29852.00,0.50
2026-06-24 10:51:30,29852.00,29852.00,29846.25,29848.00,218,29848.50,29848.75,0.25
2026-06-24 10:51:31,29847.25,29849.50,29846.00,29848.50,102,29852.00,29852.50,0.50
2026-06-24 10:51:32,29848.75,29853.50,29848.75,29852.50,77,29849.00,29849.25,0.25
2026-06-24 10:51:33,29852.50,29852.75,29849.00,29849.50,90,29851.00,29851.50,0.50
2026-06-24 10:51:34,29849.25,29852.25,29848.75,29850.75,84,29852.50,29853.00,0.50
2026-06-24 10:51:35,29851.00,29853.00,29848.50,29853.00,79,29854.75,29855.00,0.25
2026-06-24 10:51:36,29853.00,29855.75,29852.25,29854.75,119,29855.75,29856.50,0.75
2026-06-24 10:51:37,29854.50,29856.25,29853.75,29856.25,123,29856.25,29856.75,0.50
2026-06-24 10:51:38,29855.75,29857.25,29854.25,29856.75,126,29852.25,29852.50,0.25
2026-06-24 10:51:39,29856.00,29858.00,29851.50,29852.00,111,29851.75,29852.25,0.50
2026-06-24 10:51:40,29852.00,29854.25,29850.75,29851.25,71,29848.00,29848.50,0.50
2026-06-24 10:51:41,29851.75,29852.75,29846.50,29848.75,67,29849.25,29849.50,0.25
2026-06-24 10:51:42,29848.50,29850.00,29847.25,29849.00,103,29849.50,29850.00,0.50
2026-06-24 10:51:43,29849.50,29849.75,29848.00,29849.75,53,29852.50,29853.00,0.50
2026-06-24 10:51:44,29849.50,29854.00,29847.75,29852.50,92,29855.50,29856.00,0.50
2026-06-24 10:51:45,29852.50,29857.00,29851.00,29857.00,90,29853.25,29853.75,0.50
2026-06-24 10:51:46,29856.00,29856.25,29853.25,29853.25,48,29853.50,29854.00,0.50
2026-06-24 10:51:47,29854.25,29854.50,29853.50,29854.00,38,29852.50,29853.00,0.50
2026-06-24 10:51:48,29854.00,29854.25,29852.75,29853.00,47,29852.50,29853.00,0.50
2026-06-24 10:51:49,29853.00,29853.25,29851.25,29853.00,67,29850.25,29850.50,0.25
2026-06-24 10:51:50,29852.75,29853.25,29848.50,29850.50,94,29850.50,29851.00,0.50
2026-06-24 10:51:51,29849.50,29852.75,29848.25,29851.25,81,29851.25,29851.75,0.50
2026-06-24 10:51:52,29850.50,29852.25,29849.00,29851.50,45,29850.25,29850.75,0.50
2026-06-24 10:51:53,29850.75,29851.75,29849.75,29850.75,48,29842.75,29843.25,0.50
2026-06-24 10:51:54,29850.25,29851.25,29841.50,29842.50,206,29842.75,29843.25,0.50
2026-06-24 10:51:55,29843.00,29843.75,29841.50,29842.50,76,29842.75,29843.25,0.50
2026-06-24 10:51:56,29843.00,29843.75,29840.25,29843.75,108,29841.25,29841.75,0.50
2026-06-24 10:51:57,29843.50,29843.75,29841.25,29842.00,88,29841.25,29841.75,0.50
2026-06-24 10:51:58,29841.50,29842.25,29839.75,29841.75,97,29840.50,29841.00,0.50
2026-06-24 10:51:59,29841.25,29843.75,29840.50,29840.75,54,29845.50,29846.00,0.50
2026-06-24 10:52:00,29841.25,29846.50,29841.00,29845.50,80,29844.00,29844.50,0.50
2026-06-24 10:52:01,29846.00,29847.25,29843.75,29844.50,81,29842.75,29843.00,0.25
2026-06-24 10:52:02,29844.50,29844.50,29841.75,29842.75,76,29840.50,29841.00,0.50
2026-06-24 10:52:03,29843.00,29844.50,29840.50,29841.25,79,29842.50,29843.00,0.50
2026-06-24 10:52:04,29840.50,29843.25,29840.25,29842.25,58,29842.00,29842.50,0.50
2026-06-24 10:52:05,29842.25,29844.25,29842.00,29842.25,73,29847.00,29847.50,0.50
2026-06-24 10:52:06,29842.75,29849.25,29842.25,29847.75,115,29847.00,29847.50,0.50
2026-06-24 10:52:07,29847.50,29848.00,29844.25,29846.50,104,29842.25,29842.75,0.50
2026-06-24 10:52:08,29845.75,29845.75,29842.00,29843.00,65,29843.50,29844.00,0.50
2026-06-24 10:52:09,29842.75,29844.75,29842.25,29843.25,51,29840.25,29840.75,0.50
2026-06-24 10:52:10,29843.50,29844.00,29840.00,29840.50,100,29840.75,29841.25,0.50
2026-06-24 10:52:11,29840.75,29843.75,29840.50,29841.75,59,29842.25,29842.75,0.50
2026-06-24 10:52:12,29841.25,29842.75,29839.00,29842.75,87,29839.00,29839.50,0.50
2026-06-24 10:52:13,29842.75,29843.00,29839.50,29839.75,36,29844.50,29845.00,0.50
2026-06-24 10:52:14,29840.25,29845.25,29840.25,29844.25,129,29845.50,29846.00,0.50
2026-06-24 10:52:15,29844.25,29846.75,29841.00,29846.75,103,29846.75,29847.25,0.50
2026-06-24 10:52:16,29845.00,29848.00,29844.75,29846.50,75,29844.00,29844.50,0.50
2026-06-24 10:52:17,29846.25,29846.50,29841.25,29844.25,107,29842.75,29843.25,0.50
2026-06-24 10:52:18,29844.00,29844.75,29842.50,29842.75,85,29842.00,29842.50,0.50
2026-06-24 10:52:19,29843.75,29844.50,29840.75,29842.75,67,29841.50,29842.00,0.50
2026-06-24 10:52:20,29842.00,29843.50,29840.25,29842.00,47,29847.75,29848.25,0.50
2026-06-24 10:52:21,29842.00,29849.75,29842.00,29848.25,125,29847.75,29848.25,0.50
2026-06-24 10:52:22,29848.00,29849.00,29846.75,29847.75,76,29851.75,29852.25,0.50
2026-06-24 10:52:23,29848.25,29854.00,29848.25,29852.25,140,29853.50,29854.00,0.50
2026-06-24 10:52:24,29851.50,29855.50,29850.75,29854.00,199,29854.50,29854.75,0.25
2026-06-24 10:52:25,29854.00,29855.25,29853.00,29854.50,68,29854.25,29854.75,0.50
2026-06-24 10:52:26,29854.75,29855.50,29853.25,29854.75,86,29852.00,29852.50,0.50
2026-06-24 10:52:27,29854.50,29854.50,29851.25,29852.50,84,29852.50,29852.75,0.25
2026-06-24 10:52:28,29852.00,29853.00,29850.75,29852.75,69,29854.00,29854.50,0.50
2026-06-24 10:52:29,29852.50,29854.25,29850.25,29854.25,71,29848.00,29848.75,0.75
2026-06-24 10:52:30,29854.25,29854.50,29848.25,29848.25,63,29848.50,29849.00,0.50
2026-06-24 10:52:31,29848.25,29849.75,29847.50,29849.25,63,29848.75,29849.25,0.50
2026-06-24 10:52:32,29848.50,29849.25,29846.25,29849.00,89,29848.75,29849.25,0.50
2026-06-24 10:52:33,29849.75,29849.75,29847.75,29848.50,50,29849.25,29849.75,0.50
2026-06-24 10:52:34,29848.75,29851.75,29847.25,29850.00,64,29852.00,29852.50,0.50
2026-06-24 10:52:35,29849.50,29852.50,29848.75,29851.75,75,29851.50,29852.00,0.50
2026-06-24 10:52:36,29852.00,29852.00,29848.25,29851.50,61,29856.75,29857.25,0.50
2026-06-24 10:52:37,29852.00,29857.50,29850.75,29857.25,99,29854.50,29855.00,0.50
2026-06-24 10:52:38,29857.00,29857.25,29855.00,29855.50,70,29858.50,29859.00,0.50
2026-06-24 10:52:39,29854.50,29859.50,29854.25,29859.00,94,29861.25,29861.75,0.50
2026-06-24 10:52:40,29858.50,29862.00,29857.75,29861.00,196,29858.75,29859.25,0.50
2026-06-24 10:52:41,29861.25,29861.25,29856.75,29859.50,168,29858.25,29858.75,0.50
2026-06-24 10:52:42,29859.50,29861.50,29858.25,29858.75,102,29864.00,29864.50,0.50
2026-06-24 10:52:43,29859.75,29865.00,29859.50,29863.75,182,29861.75,29862.25,0.50
2026-06-24 10:52:44,29863.75,29864.75,29860.75,29861.75,116,29859.25,29859.75,0.50
2026-06-24 10:52:45,29862.00,29862.25,29859.00,29860.00,80,29855.25,29855.75,0.50
2026-06-24 10:52:46,29859.75,29859.75,29854.50,29854.75,94,29856.25,29856.75,0.50
2026-06-24 10:52:47,29855.25,29857.00,29855.25,29856.25,47,29854.50,29855.00,0.50
2026-06-24 10:52:48,29856.25,29856.50,29853.75,29854.50,95,29855.25,29855.75,0.50
2026-06-24 10:52:49,29855.75,29855.75,29853.25,29855.50,40,29854.75,29855.25,0.50
2026-06-24 10:52:50,29856.00,29857.25,29854.50,29854.50,77,29857.50,29858.00,0.50
2026-06-24 10:52:51,29855.25,29858.00,29855.25,29857.50,64,29858.75,29859.00,0.25
2026-06-24 10:52:52,29858.00,29860.25,29856.75,29859.00,85,29861.25,29861.50,0.25
2026-06-24 10:52:53,29859.25,29861.50,29858.00,29861.50,57,29860.75,29861.25,0.50
2026-06-24 10:52:54,29861.25,29862.50,29860.00,29861.00,97,29860.75,29861.25,0.50
2026-06-24 10:52:55,29860.75,29861.75,29860.50,29861.25,44,29860.25,29860.75,0.50
2026-06-24 10:52:56,29861.00,29861.50,29859.25,29860.00,53,29858.50,29859.00,0.50
2026-06-24 10:52:57,29860.00,29860.50,29857.50,29858.75,85,29857.75,29858.00,0.25
2026-06-24 10:52:58,29858.75,29861.00,29858.25,29858.25,89,29857.75,29858.00,0.25
2026-06-24 10:52:59,29858.25,29858.25,29855.75,29857.25,57,29858.00,29858.50,0.50
2026-06-24 10:53:00,29857.25,29859.00,29856.50,29859.00,50,29856.50,29856.75,0.25
2026-06-24 10:53:01,29858.00,29858.50,29855.00,29856.75,115,29857.50,29858.00,0.50
2026-06-24 10:53:02,29856.75,29857.75,29854.00,29857.50,86,29861.75,29862.25,0.50
2026-06-24 10:53:03,29858.00,29864.00,29856.75,29862.75,137,29861.75,29862.25,0.50
2026-06-24 10:53:04,29862.50,29862.75,29860.75,29862.25,73,29862.00,29862.50,0.50
2026-06-24 10:53:05,29862.25,29865.00,29861.75,29862.75,152,29862.00,29862.50,0.50
2026-06-24 10:53:06,29862.50,29863.75,29861.50,29862.50,43,29859.50,29860.00,0.50
2026-06-24 10:53:07,29862.75,29863.75,29858.50,29859.75,255,29860.00,29860.50,0.50
2026-06-24 10:53:08,29860.00,29861.00,29858.25,29859.75,74,29860.00,29860.50,0.50
2026-06-24 10:53:09,29860.00,29861.00,29854.75,29856.00,109,29857.75,29858.25,0.50
2026-06-24 10:53:10,29856.00,29857.75,29854.00,29857.75,76,29858.00,29858.50,0.50
2026-06-24 10:53:11,29857.50,29858.75,29855.00,29858.00,86,29856.25,29856.50,0.25
2026-06-24 10:53:12,29858.00,29858.50,29856.00,29856.00,31,29853.50,29854.00,0.50
2026-06-24 10:53:13,29856.50,29857.50,29853.00,29854.00,86,29854.25,29854.75,0.50
2026-06-24 10:53:14,29853.50,29857.00,29853.50,29855.75,106,29853.50,29854.00,0.50
2026-06-24 10:53:15,29854.00,29855.00,29852.75,29853.75,75,29853.50,29854.00,0.50
2026-06-24 10:53:16,29853.75,29855.50,29853.00,29853.75,177,29851.25,29851.75,0.50
2026-06-24 10:53:17,29854.00,29854.50,29848.75,29851.75,167,29851.25,29851.75,0.50
2026-06-24 10:53:18,29851.75,29851.75,29848.00,29850.25,159,29851.50,29852.00,0.50
2026-06-24 10:53:19,29849.50,29852.75,29849.00,29852.25,75,29854.25,29854.75,0.50
2026-06-24 10:53:20,29851.50,29854.25,29851.50,29854.25,70,29853.25,29853.75,0.50
2026-06-24 10:53:21,29854.50,29855.00,29853.00,29853.50,56,29853.50,29853.75,0.25
2026-06-24 10:53:22,29853.75,29855.00,29853.50,29853.50,26,29848.75,29849.25,0.50
2026-06-24 10:53:23,29853.50,29853.50,29848.00,29848.25,135,29850.25,29850.75,0.50
2026-06-24 10:53:24,29849.25,29852.50,29849.25,29851.00,98,29851.75,29852.25,0.50
2026-06-24 10:53:25,29850.00,29852.00,29850.00,29851.50,28,29851.00,29851.25,0.25
2026-06-24 10:53:26,29851.50,29851.50,29849.25,29851.00,40,29855.00,29855.25,0.25
2026-06-24 10:53:27,29851.00,29858.00,29850.25,29855.00,103,29854.25,29854.75,0.50
2026-06-24 10:53:28,29855.25,29856.25,29854.00,29854.50,59,29853.00,29853.50,0.50
2026-06-24 10:53:29,29854.50,29855.75,29852.00,29853.00,49,29852.25,29852.75,0.50
2026-06-24 10:53:30,29853.00,29854.00,29852.00,29852.50,31,29854.00,29854.50,0.50
2026-06-24 10:53:31,29852.75,29854.25,29851.50,29854.00,37,29858.75,29859.25,0.50
2026-06-24 10:53:32,29854.25,29859.50,29853.50,29859.50,70,29854.75,29855.25,0.50
2026-06-24 10:53:33,29859.25,29860.50,29854.25,29855.25,114,29856.25,29856.75,0.50
2026-06-24 10:53:34,29854.50,29857.25,29854.50,29856.25,38,29856.25,29856.75,0.50
2026-06-24 10:53:35,29856.25,29856.75,29854.50,29855.75,45,29855.25,29855.75,0.50
2026-06-24 10:53:36,29855.25,29856.00,29854.00,29856.00,31,29854.25,29854.75,0.50
2026-06-24 10:53:37,29855.25,29855.75,29853.75,29854.50,41,29848.25,29848.75,0.50
2026-06-24 10:53:38,29854.50,29854.75,29847.50,29848.25,162,29850.00,29850.50,0.50
2026-06-24 10:53:39,29848.75,29850.25,29848.25,29850.25,89,29850.50,29851.00,0.50
2026-06-24 10:53:40,29850.50,29852.00,29850.00,29850.75,71,29851.50,29852.00,0.50
2026-06-24 10:53:41,29850.25,29852.50,29849.75,29851.75,79,29851.50,29852.00,0.50
2026-06-24 10:53:42,29851.75,29852.75,29851.00,29852.75,27,29854.00,29854.25,0.25
2026-06-24 10:53:43,29852.25,29855.75,29852.25,29853.75,74,29851.50,29852.00,0.50
2026-06-24 10:53:44,29853.50,29856.50,29853.25,29853.50,85,29851.50,29852.00,0.50
2026-06-24 10:53:45,29852.00,29861.50,29851.75,29859.25,137,29856.25,29856.75,0.50
2026-06-24 10:53:46,29860.00,29860.75,29855.25,29856.75,66,29856.25,29856.75,0.50
2026-06-24 10:53:47,29856.25,29856.25,29854.75,29856.00,56,29856.25,29856.75,0.50
2026-06-24 10:53:48,29856.25,29857.75,29855.25,29856.50,59,29862.25,29862.75,0.50
2026-06-24 10:53:49,29856.75,29862.50,29856.00,29862.50,128,29861.25,29861.75,0.50
2026-06-24 10:53:50,29862.50,29862.50,29859.75,29861.25,59,29861.25,29861.75,0.50
2026-06-24 10:53:51,29861.75,29862.25,29859.50,29862.00,73,29861.75,29862.25,0.50
2026-06-24 10:53:52,29861.50,29862.00,29859.75,29862.00,38,29863.00,29863.50,0.50
2026-06-24 10:53:53,29861.75,29864.25,29861.75,29863.25,67,29860.75,29861.25,0.50
2026-06-24 10:53:54,29863.00,29863.00,29860.50,29861.25,126,29860.75,29861.25,0.50
2026-06-24 10:53:55,29860.50,29861.50,29860.00,29861.50,30,29859.50,29860.00,0.50
2026-06-24 10:53:56,29859.75,29860.50,29858.75,29858.75,72,29859.25,29859.75,0.50
2026-06-24 10:53:57,29859.50,29860.00,29858.00,29859.75,43,29859.00,29859.50,0.50
2026-06-24 10:53:58,29859.50,29860.25,29858.75,29859.00,46,29857.25,29857.75,0.50
2026-06-24 10:53:59,29859.00,29859.25,29856.50,29857.25,51,29855.75,29856.25,0.50
2026-06-24 10:54:00,29857.50,29857.50,29855.25,29856.75,72,29854.00,29854.50,0.50
2026-06-24 10:54:01,29855.00,29855.75,29853.75,29854.75,118,29855.00,29855.50,0.50
2026-06-24 10:54:02,29854.00,29855.50,29853.00,29855.25,79,29856.00,29856.50,0.50
2026-06-24 10:54:03,29855.25,29857.25,29853.75,29855.75,235,29855.25,29855.75,0.50
2026-06-24 10:54:04,29856.25,29856.25,29854.00,29856.00,38,29853.50,29854.00,0.50
2026-06-24 10:54:05,29855.75,29856.00,29852.50,29853.75,67,29852.75,29853.25,0.50
2026-06-24 10:54:06,29854.25,29855.25,29852.75,29852.75,44,29849.25,29849.75,0.50
2026-06-24 10:54:07,29852.25,29854.00,29848.50,29849.50,112,29848.75,29849.00,0.25
2026-06-24 10:54:08,29849.00,29849.25,29847.75,29849.00,100,29846.50,29847.00,0.50
2026-06-24 10:54:09,29848.75,29849.00,29846.50,29846.75,96,29844.75,29845.25,0.50
2026-06-24 10:54:10,29846.75,29847.00,29844.00,29845.50,203,29845.00,29845.50,0.50
2026-06-24 10:54:11,29845.25,29847.00,29844.75,29845.75,97,29847.75,29848.25,0.50
2026-06-24 10:54:12,29845.50,29848.75,29845.50,29848.25,84,29850.75,29851.25,0.50
2026-06-24 10:54:13,29847.75,29852.00,29847.75,29850.25,75,29849.25,29849.50,0.25
2026-06-24 10:54:14,29851.25,29851.75,29849.00,29849.25,50,29849.75,29850.25,0.50
2026-06-24 10:54:15,29849.00,29851.75,29849.00,29850.25,65,29849.75,29850.25,0.50
2026-06-24 10:54:16,29850.25,29853.00,29849.25,29851.75,59,29848.25,29848.75,0.50
2026-06-24 10:54:17,29851.50,29851.50,29847.75,29848.75,56,29848.25,29848.50,0.25
2026-06-24 10:54:18,29848.25,29850.25,29847.75,29848.00,39,29842.25,29842.75,0.50
2026-06-24 10:54:19,29848.50,29848.50,29842.50,29842.50,142,29834.50,29835.00,0.50
2026-06-24 10:54:20,29842.00,29842.00,29834.25,29834.25,323,29834.50,29835.00,0.50
2026-06-24 10:54:21,29835.00,29836.25,29831.25,29834.00,266,29834.00,29834.75,0.75
2026-06-24 10:54:22,29834.50,29835.25,29832.00,29833.75,171,29833.75,29834.00,0.25
2026-06-24 10:54:23,29834.00,29835.50,29830.50,29833.50,243,29834.00,29834.50,0.50
2026-06-24 10:54:24,29833.75,29834.50,29832.00,29834.00,117,29834.00,29834.50,0.50
2026-06-24 10:54:25,29834.50,29835.50,29824.75,29829.00,394,29828.50,29829.00,0.50
2026-06-24 10:54:26,29828.75,29831.00,29827.50,29829.00,178,29828.50,29829.00,0.50
2026-06-24 10:54:27,29829.00,29831.50,29827.50,29831.50,118,29828.50,29829.00,0.50
2026-06-24 10:54:28,29830.50,29830.50,29828.25,29828.50,171,29822.25,29822.75,0.50
2026-06-24 10:54:29,29828.50,29828.75,29821.75,29822.75,336,29822.50,29822.75,0.25
2026-06-24 10:54:30,29822.50,29824.25,29820.25,29822.50,264,29822.25,29822.75,0.50
2026-06-24 10:54:31,29822.25,29823.25,29818.50,29822.75,220,29821.25,29821.75,0.50
2026-06-24 10:54:32,29822.50,29823.50,29819.25,29821.75,186,29819.00,29819.50,0.50
2026-06-24 10:54:33,29821.25,29822.50,29814.75,29819.25,408,29819.00,29819.50,0.50
2026-06-24 10:54:34,29819.00,29820.00,29817.00,29819.25,122,29819.00,29819.50,0.50
2026-06-24 10:54:35,29819.50,29821.75,29818.75,29819.75,131,29819.75,29820.50,0.75
2026-06-24 10:54:36,29819.00,29821.50,29817.00,29820.25,150,29816.25,29816.75,0.50
2026-06-24 10:54:37,29820.50,29820.50,29815.50,29817.00,175,29816.25,29816.75,0.50
2026-06-24 10:54:38,29817.00,29818.75,29816.00,29818.50,98,29815.50,29815.75,0.25
2026-06-24 10:54:39,29818.50,29818.75,29815.50,29815.50,77,29815.75,29816.25,0.50
2026-06-24 10:54:40,29815.50,29817.50,29814.75,29816.00,125,29813.50,29814.00,0.50
2026-06-24 10:54:41,29815.75,29818.25,29813.00,29814.25,198,29811.75,29812.25,0.50
2026-06-24 10:54:42,29814.00,29814.00,29810.50,29812.25,183,29816.50,29817.00,0.50
2026-06-24 10:54:43,29812.00,29817.00,29811.50,29817.00,157,29818.00,29818.50,0.50
2026-06-24 10:54:44,29816.50,29819.00,29816.25,29818.50,158,29818.25,29818.75,0.50
2026-06-24 10:54:45,29818.75,29820.00,29818.00,29818.50,126,29817.25,29817.75,0.50
2026-06-24 10:54:46,29818.75,29820.75,29817.00,29817.25,117,29816.00,29816.50,0.50
2026-06-24 10:54:47,29817.75,29820.00,29814.75,29816.25,144,29816.25,29816.75,0.50
2026-06-24 10:54:48,29816.75,29818.25,29815.25,29816.25,77,29814.50,29815.00,0.50
2026-06-24 10:54:49,29816.25,29816.25,29811.50,29814.25,152,29814.50,29815.00,0.50
2026-06-24 10:54:50,29814.50,29815.50,29812.25,29813.00,84,29811.75,29812.25,0.50
2026-06-24 10:54:51,29813.25,29815.50,29811.75,29812.25,124,29811.75,29812.25,0.50
2026-06-24 10:54:52,29812.25,29813.00,29811.00,29811.75,107,29811.50,29812.00,0.50
2026-06-24 10:54:53,29812.00,29813.50,29811.75,29812.00,80,29811.50,29812.00,0.50
2026-06-24 10:54:54,29811.75,29815.75,29811.50,29813.00,101,29812.25,29812.75,0.50
2026-06-24 10:54:55,29812.25,29815.00,29812.00,29814.75,56,29813.00,29813.50,0.50
2026-06-24 10:54:56,29815.00,29815.75,29812.75,29813.00,76,29815.25,29815.75,0.50
2026-06-24 10:54:57,29813.50,29816.50,29812.25,29815.50,109,29812.50,29812.75,0.25
2026-06-24 10:54:58,29815.50,29815.50,29812.50,29812.75,95,29812.75,29813.25,0.50
2026-06-24 10:54:59,29812.75,29813.75,29812.25,29813.00,93,29811.75,29812.25,0.50
2026-06-24 10:55:00,29812.50,29813.00,29810.75,29811.50,72,29814.00,29814.50,0.50
2026-06-24 10:55:01,29812.50,29815.25,29812.00,29814.25,205,29814.00,29814.50,0.50
2026-06-24 10:55:02,29814.25,29816.50,29813.00,29815.25,149,29815.25,29815.75,0.50
2026-06-24 10:55:03,29815.25,29820.00,29815.25,29818.25,177,29807.00,29807.25,0.25
2026-06-24 10:55:04,29818.25,29818.75,29806.50,29807.50,382,29806.50,29807.00,0.50
2026-06-24 10:55:05,29807.50,29808.25,29803.75,29806.75,363,29805.25,29805.75,0.50
2026-06-24 10:55:06,29806.00,29807.00,29804.50,29805.25,112,29805.25,29805.75,0.50
2026-06-24 10:55:07,29805.25,29806.50,29803.00,29805.25,119,29808.00,29808.50,0.50
2026-06-24 10:55:08,29804.50,29809.50,29804.00,29808.75,150,29807.00,29807.50,0.50
2026-06-24 10:55:09,29808.00,29811.25,29807.00,29807.50,128,29807.00,29807.50,0.50
2026-06-24 10:55:10,29807.25,29809.25,29807.00,29808.25,75,29807.75,29808.25,0.50
2026-06-24 10:55:11,29808.00,29808.75,29802.75,29802.75,150,29802.00,29802.75,0.75
2026-06-24 10:55:12,29802.50,29803.00,29800.25,29800.50,145,29801.25,29801.75,0.50
2026-06-24 10:55:13,29801.25,29801.75,29796.75,29797.25,366,29797.75,29798.25,0.50
2026-06-24 10:55:14,29797.75,29800.75,29796.00,29799.75,255,29799.00,29799.50,0.50
2026-06-24 10:55:15,29799.00,29801.25,29797.50,29799.50,129,29797.25,29797.50,0.25
2026-06-24 10:55:16,29799.00,29801.00,29797.25,29797.25,139,29798.00,29798.50,0.50
2026-06-24 10:55:17,29798.00,29800.00,29796.75,29798.25,146,29798.25,29798.75,0.50
2026-06-24 10:55:18,29798.25,29799.00,29796.25,29798.25,93,29802.00,29802.50,0.50
2026-06-24 10:55:19,29798.50,29802.25,29798.25,29802.25,88,29799.25,29799.75,0.50
2026-06-24 10:55:20,29801.50,29802.75,29799.25,29799.25,126,29796.50,29796.75,0.25
2026-06-24 10:55:21,29799.75,29800.75,29795.75,29796.75,135,29796.50,29796.75,0.25
2026-06-24 10:55:22,29796.75,29798.00,29795.00,29797.00,127,29792.75,29793.25,0.50
2026-06-24 10:55:23,29796.75,29796.75,29791.50,29793.00,206,29794.50,29795.00,0.50
2026-06-24 10:55:24,29793.50,29795.00,29790.25,29794.50,225,29792.25,29792.75,0.50
2026-06-24 10:55:25,29795.00,29795.00,29792.25,29792.50,111,29791.00,29791.50,0.50
2026-06-24 10:55:26,29792.75,29794.50,29791.00,29791.00,120,29791.00,29791.50,0.50
2026-06-24 10:55:27,29791.25,29795.50,29791.25,29793.00,161,29794.00,29794.50,0.50
2026-06-24 10:55:28,29793.50,29794.75,29793.00,29794.75,56,29797.00,29797.50,0.50
2026-06-24 10:55:29,29794.50,29798.00,29794.50,29797.25,139,29798.00,29798.50,0.50
2026-06-24 10:55:30,29797.50,29798.75,29794.00,29798.75,112,29798.00,29798.50,0.50
2026-06-24 10:55:31,29798.25,29798.75,29795.00,29795.25,74,29794.75,29795.00,0.25
2026-06-24 10:55:32,29795.00,29796.25,29793.00,29795.50,99,29795.25,29795.75,0.50
2026-06-24 10:55:33,29795.00,29798.25,29794.75,29795.75,74,29795.50,29796.00,0.50
2026-06-24 10:55:34,29796.00,29798.50,29795.25,29795.50,87,29801.00,29801.50,0.50
2026-06-24 10:55:35,29795.25,29803.50,29795.25,29801.75,359,29801.25,29801.75,0.50
2026-06-24 10:55:36,29801.50,29801.75,29797.75,29801.75,183,29798.50,29799.00,0.50
2026-06-24 10:55:37,29801.25,29801.75,29796.75,29798.00,150,29794.50,29795.00,0.50
2026-06-24 10:55:38,29799.00,29800.00,29794.00,29794.50,154,29793.50,29794.00,0.50
2026-06-24 10:55:39,29795.00,29795.75,29791.50,29793.50,148,29796.75,29797.25,0.50
2026-06-24 10:55:40,29793.50,29798.00,29792.25,29798.00,82,29795.75,29796.25,0.50
2026-06-24 10:55:41,29797.25,29799.25,29795.50,29796.75,114,29799.75,29800.25,0.50
2026-06-24 10:55:42,29796.25,29800.25,29796.00,29799.50,54,29802.00,29802.50,0.50
2026-06-24 10:55:43,29800.25,29805.25,29800.25,29802.50,226,29798.25,29798.75,0.50
2026-06-24 10:55:44,29802.50,29803.25,29798.25,29798.50,135,29797.00,29797.25,0.25
2026-06-24 10:55:45,29797.75,29798.75,29796.75,29797.25,81,29799.25,29799.75,0.50
2026-06-24 10:55:46,29797.25,29801.75,29797.25,29799.25,83,29799.25,29799.75,0.50
2026-06-24 10:55:47,29799.00,29800.25,29798.50,29799.75,54,29796.50,29797.00,0.50
2026-06-24 10:55:48,29799.75,29800.00,29795.50,29796.50,113,29798.75,29799.25,0.50
2026-06-24 10:55:49,29796.50,29799.00,29796.00,29799.00,78,29800.00,29800.50,0.50
2026-06-24 10:55:50,29799.25,29800.75,29797.25,29800.25,79,29799.00,29799.50,0.50
2026-06-24 10:55:51,29800.25,29800.25,29797.25,29799.50,80,29804.50,29804.75,0.25
2026-06-24 10:55:52,29798.50,29806.50,29797.25,29805.00,215,29801.75,29802.25,0.50
2026-06-24 10:55:53,29804.75,29805.25,29801.50,29802.75,121,29801.00,29801.50,0.50
2026-06-24 10:55:54,29801.25,29802.50,29801.00,29801.50,66,29801.50,29801.75,0.25
2026-06-24 10:55:55,29801.00,29802.25,29800.25,29802.00,67,29801.00,29801.50,0.50
2026-06-24 10:55:56,29802.00,29802.75,29800.75,29801.75,105,29800.75,29801.00,0.25
2026-06-24 10:55:57,29801.50,29802.50,29799.50,29800.75,61,29798.25,29798.75,0.50
2026-06-24 10:55:58,29800.75,29801.50,29797.75,29798.75,67,29801.50,29802.00,0.50
2026-06-24 10:55:59,29799.00,29802.00,29799.00,29801.75,67,29800.25,29800.75,0.50
2026-06-24 10:56:00,29802.00,29802.00,29799.50,29801.00,78,29804.25,29804.75,0.50
2026-06-24 10:56:01,29800.75,29805.25,29800.75,29803.75,144,29808.25,29808.75,0.50
2026-06-24 10:56:02,29805.00,29809.25,29805.00,29808.75,297,29810.00,29811.50,1.50
2026-06-24 10:56:03,29808.75,29814.25,29808.75,29810.25,362,29810.75,29811.25,0.50
2026-06-24 10:56:04,29810.00,29812.75,29808.50,29810.50,305,29808.50,29809.00,0.50
2026-06-24 10:56:05,29810.75,29812.50,29809.25,29809.25,99,29808.50,29809.00,0.50
2026-06-24 10:56:06,29809.25,29809.50,29807.00,29809.25,107,29810.25,29810.75,0.50
2026-06-24 10:56:07,29809.50,29811.75,29808.75,29811.50,119,29814.50,29815.00,0.50
2026-06-24 10:56:08,29810.75,29817.00,29810.25,29815.00,206,29813.25,29813.75,0.50
2026-06-24 10:56:09,29814.75,29816.00,29812.00,29813.50,185,29813.25,29813.75,0.50
2026-06-24 10:56:10,29813.50,29815.50,29810.25,29810.50,141,29814.00,29814.25,0.25
2026-06-24 10:56:11,29810.75,29814.00,29809.50,29814.00,145,29814.00,29814.25,0.25
2026-06-24 10:56:12,29814.25,29816.75,29812.25,29814.00,233,29818.25,29818.75,0.50
2026-06-24 10:56:13,29814.00,29819.00,29814.00,29818.75,228,29823.00,29823.25,0.25
2026-06-24 10:56:14,29818.75,29823.75,29818.75,29823.00,377,29822.00,29822.50,0.50
2026-06-24 10:56:15,29823.00,29823.50,29820.50,29822.50,220,29821.25,29821.75,0.50
2026-06-24 10:56:16,29822.75,29823.50,29820.25,29821.25,109,29821.25,29821.75,0.50
2026-06-24 10:56:17,29821.25,29822.75,29820.00,29821.75,88,29822.50,29823.00,0.50
2026-06-24 10:56:18,29821.75,29823.25,29820.00,29822.75,112,29822.50,29823.00,0.50
2026-06-24 10:56:19,29822.75,29822.75,29819.75,29821.00,103,29813.50,29813.75,0.25
2026-06-24 10:56:20,29820.50,29821.25,29811.00,29813.75,194,29814.00,29814.25,0.25
2026-06-24 10:56:21,29813.50,29815.00,29813.00,29813.25,103,29817.25,29817.75,0.50
2026-06-24 10:56:22,29814.00,29817.50,29813.75,29817.50,82,29817.75,29818.25,0.50
2026-06-24 10:56:23,29817.25,29819.25,29816.75,29818.25,60,29820.25,29820.75,0.50
2026-06-24 10:56:24,29818.25,29821.00,29818.00,29820.25,104,29820.75,29821.25,0.50
2026-06-24 10:56:25,29820.50,29821.75,29820.25,29821.00,82,29821.75,29822.25,0.50
2026-06-24 10:56:26,29821.00,29822.75,29819.25,29821.75,83,29817.50,29818.00,0.50
2026-06-24 10:56:27,29822.25,29822.25,29817.00,29817.25,105,29815.75,29816.25,0.50
2026-06-24 10:56:28,29817.50,29818.25,29815.50,29816.25,73,29810.00,29810.50,0.50
2026-06-24 10:56:29,29815.50,29815.75,29808.25,29809.75,158,29808.00,29808.50,0.50
2026-06-24 10:56:30,29810.25,29811.00,29807.50,29808.00,128,29809.50,29810.00,0.50
2026-06-24 10:56:31,29808.00,29811.00,29808.00,29809.75,76,29809.50,29810.00,0.50
2026-06-24 10:56:32,29809.25,29809.75,29808.50,29809.75,57,29809.50,29809.75,0.25
2026-06-24 10:56:33,29810.00,29811.25,29808.75,29808.75,66,29810.00,29810.50,0.50
2026-06-24 10:56:34,29809.75,29811.50,29808.50,29810.25,38,29812.25,29812.50,0.25
2026-06-24 10:56:35,29810.75,29813.25,29809.75,29812.75,68,29809.00,29809.50,0.50
2026-06-24 10:56:36,29810.50,29811.25,29808.00,29808.50,67,29807.25,29807.75,0.50
2026-06-24 10:56:37,29809.50,29811.00,29806.00,29807.75,78,29803.75,29804.25,0.50
2026-06-24 10:56:38,29807.25,29808.25,29803.00,29804.25,142,29799.75,29800.25,0.50
2026-06-24 10:56:39,29803.75,29804.25,29798.75,29799.75,204,29801.00,29801.50,0.50
2026-06-24 10:56:40,29800.00,29801.50,29799.00,29801.25,155,29800.50,29801.00,0.50
2026-06-24 10:56:41,29800.75,29802.50,29799.75,29800.25,120,29803.50,29804.00,0.50
2026-06-24 10:56:42,29801.25,29805.75,29800.00,29804.00,118,29806.25,29807.00,0.75
2026-06-24 10:56:43,29803.50,29808.25,29802.00,29806.50,271,29806.25,29807.00,0.75
2026-06-24 10:56:44,29806.50,29808.00,29805.00,29807.25,106,29808.00,29808.50,0.50
2026-06-24 10:56:45,29807.00,29808.50,29804.25,29807.75,56,29806.75,29807.25,0.50
2026-06-24 10:56:46,29807.75,29810.00,29805.50,29807.50,80,29805.75,29806.25,0.50
2026-06-24 10:56:47,29807.00,29807.50,29804.75,29805.75,45,29807.50,29807.75,0.25
2026-06-24 10:56:48,29806.25,29808.00,29803.75,29808.00,78,29806.75,29807.25,0.50
2026-06-24 10:56:49,29807.50,29809.50,29806.50,29807.00,52,29810.50,29811.00,0.50
2026-06-24 10:56:50,29806.75,29810.75,29806.25,29810.75,43,29807.75,29808.25,0.50
2026-06-24 10:56:51,29810.50,29810.75,29807.25,29808.00,68,29806.50,29807.00,0.50
2026-06-24 10:56:52,29808.75,29809.00,29805.75,29807.50,49,29809.50,29810.00,0.50
2026-06-24 10:56:53,29806.50,29810.75,29806.50,29810.25,104,29817.50,29818.00,0.50
2026-06-24 10:56:54,29809.75,29818.75,29809.75,29817.75,226,29816.00,29816.50,0.50
2026-06-24 10:56:55,29817.50,29818.00,29814.75,29816.00,49,29816.00,29816.50,0.50
2026-06-24 10:56:56,29816.50,29818.25,29815.25,29816.00,51,29815.25,29815.75,0.50
2026-06-24 10:56:57,29816.25,29816.50,29814.75,29815.75,41,29816.75,29817.25,0.50
2026-06-24 10:56:58,29815.25,29817.00,29814.75,29817.00,67,29816.25,29816.75,0.50
2026-06-24 10:56:59,29817.25,29817.75,29816.00,29817.75,29,29817.25,29817.75,0.50
2026-06-24 10:57:00,29817.75,29819.50,29816.25,29817.50,44,29813.75,29814.25,0.50
2026-06-24 10:57:01,29817.75,29818.00,29814.00,29814.50,153,29813.75,29814.25,0.50
2026-06-24 10:57:02,29814.00,29817.25,29813.75,29816.50,84,29819.00,29819.25,0.25
2026-06-24 10:57:03,29817.25,29821.75,29817.25,29819.25,164,29822.00,29822.50,0.50
2026-06-24 10:57:04,29819.00,29823.00,29819.00,29822.00,115,29821.50,29822.00,0.50
2026-06-24 10:57:05,29822.25,29822.75,29820.00,29822.00,96,29821.25,29821.75,0.50
2026-06-24 10:57:06,29822.00,29826.75,29821.25,29821.75,204,29816.00,29816.25,0.25
2026-06-24 10:57:07,29820.75,29823.00,29816.50,29816.50,121,29816.25,29816.75,0.50
2026-06-24 10:57:08,29816.00,29818.50,29815.25,29816.75,81,29817.25,29817.75,0.50
2026-06-24 10:57:09,29816.25,29818.25,29815.50,29817.25,48,29818.00,29818.50,0.50
2026-06-24 10:57:10,29817.25,29818.25,29816.00,29818.25,24,29818.50,29819.00,0.50
2026-06-24 10:57:11,29818.25,29819.50,29816.00,29819.00,74,29817.00,29817.50,0.50
2026-06-24 10:57:12,29818.50,29818.75,29817.00,29817.25,40,29812.75,29813.25,0.50
2026-06-24 10:57:13,29817.00,29817.50,29813.25,29813.25,72,29813.25,29813.75,0.50
2026-06-24 10:57:14,29812.75,29815.50,29812.75,29813.00,71,29815.50,29816.00,0.50
2026-06-24 10:57:15,29814.00,29816.50,29814.00,29814.75,57,29815.50,29816.00,0.50
2026-06-24 10:57:16,29815.50,29817.00,29812.75,29815.00,45,29813.50,29814.00,0.50
2026-06-24 10:57:17,29815.25,29815.50,29810.75,29813.75,108,29812.75,29813.50,0.75
2026-06-24 10:57:18,29813.25,29814.75,29812.00,29812.75,60,29807.25,29807.75,0.50
2026-06-24 10:57:19,29812.50,29813.75,29806.75,29807.75,123,29809.00,29809.50,0.50
2026-06-24 10:57:20,29807.25,29810.75,29807.25,29809.25,88,29810.50,29811.00,0.50
2026-06-24 10:57:21,29809.25,29811.00,29809.00,29810.25,86,29813.00,29813.50,0.50
2026-06-24 10:57:22,29809.50,29814.00,29808.75,29814.00,68,29813.75,29814.25,0.50
2026-06-24 10:57:23,29813.00,29815.00,29811.50,29814.00,64,29815.00,29815.50,0.50
2026-06-24 10:57:24,29814.25,29816.25,29813.50,29815.50,58,29817.00,29817.50,0.50
2026-06-24 10:57:25,29815.75,29820.00,29815.75,29817.25,99,29814.25,29814.75,0.50
2026-06-24 10:57:26,29818.00,29818.50,29814.50,29814.50,55,29814.00,29814.50,0.50
2026-06-24 10:57:27,29814.25,29816.50,29813.00,29816.00,62,29814.25,29814.75,0.50
2026-06-24 10:57:28,29814.50,29814.50,29812.25,29814.00,20,29813.25,29813.50,0.25
2026-06-24 10:57:29,29813.75,29815.50,29813.25,29813.25,39,29810.25,29810.75,0.50
2026-06-24 10:57:30,29813.25,29813.50,29810.50,29811.00,50,29811.75,29812.25,0.50
2026-06-24 10:57:31,29811.75,29815.25,29811.00,29812.25,77,29808.50,29809.00,0.50
2026-06-24 10:57:32,29811.75,29811.75,29808.00,29808.75,130,29811.00,29811.75,0.75
2026-06-24 10:57:33,29809.00,29811.00,29809.00,29811.00,102,29811.00,29811.75,0.75
2026-06-24 10:57:34,29811.25,29814.25,29810.75,29813.75,144,29813.50,29814.00,0.50
2026-06-24 10:57:35,29813.75,29814.25,29812.75,29814.25,38,29811.75,29812.25,0.50
2026-06-24 10:57:36,29814.00,29814.00,29810.75,29812.00,34,29815.25,29815.75,0.50
2026-06-24 10:57:37,29812.25,29817.00,29812.25,29815.00,49,29822.25,29822.75,0.50
2026-06-24 10:57:38,29815.75,29823.25,29815.75,29823.25,178,29822.25,29823.00,0.75
2026-06-24 10:57:39,29822.25,29824.50,29821.50,29823.00,129,29824.50,29825.00,0.50
2026-06-24 10:57:40,29822.25,29825.25,29821.75,29824.75,92,29822.25,29822.75,0.50
2026-06-24 10:57:41,29825.00,29826.50,29821.25,29822.75,93,29818.75,29819.25,0.50
2026-06-24 10:57:42,29822.00,29822.75,29818.25,29819.25,91,29820.25,29821.00,0.75
2026-06-24 10:57:43,29819.25,29820.50,29818.50,29820.50,55,29820.00,29820.75,0.75
2026-06-24 10:57:44,29821.00,29822.00,29819.50,29820.50,54,29820.00,29820.75,0.75
2026-06-24 10:57:45,29820.25,29821.25,29819.75,29821.25,51,29822.50,29822.75,0.25
2026-06-24 10:57:46,29821.50,29823.00,29821.00,29823.00,55,29827.25,29827.50,0.25
2026-06-24 10:57:47,29823.00,29829.50,29823.00,29827.25,137,29826.75,29827.25,0.50
2026-06-24 10:57:48,29827.00,29828.50,29825.25,29827.25,109,29827.25,29827.75,0.50
2026-06-24 10:57:49,29826.00,29828.00,29825.25,29827.50,103,29827.25,29827.75,0.50
2026-06-24 10:57:50,29827.25,29831.00,29826.25,29828.00,164,29833.00,29833.50,0.50
2026-06-24 10:57:51,29827.50,29833.75,29827.50,29833.25,299,29833.00,29833.50,0.50
2026-06-24 10:57:52,29833.50,29834.00,29829.75,29832.00,132,29827.75,29828.50,0.75
2026-06-24 10:57:53,29832.25,29832.50,29827.75,29828.00,114,29827.75,29828.50,0.75
2026-06-24 10:57:54,29828.50,29833.50,29827.75,29830.75,265,29831.00,29831.50,0.50
2026-06-24 10:57:55,29830.75,29832.75,29829.25,29831.50,98,29831.75,29832.25,0.50
2026-06-24 10:57:56,29831.50,29833.50,29831.25,29832.00,34,29831.50,29832.00,0.50
2026-06-24 10:57:57,29831.75,29832.75,29831.50,29831.50,32,29832.75,29833.25,0.50
2026-06-24 10:57:58,29832.00,29834.25,29831.25,29833.00,107,29836.50,29837.00,0.50
2026-06-24 10:57:59,29832.75,29839.75,29832.50,29837.25,202,29832.75,29833.50,0.75
2026-06-24 10:58:00,29837.00,29837.25,29832.25,29833.25,135,29831.00,29831.50,0.50
2026-06-24 10:58:01,29833.25,29833.50,29830.50,29831.00,120,29832.75,29833.25,0.50
2026-06-24 10:58:02,29831.25,29833.75,29831.00,29832.25,90,29838.50,29838.75,0.25
2026-06-24 10:58:03,29832.25,29838.75,29832.00,29838.50,84,29842.25,29842.75,0.50
2026-06-24 10:58:04,29838.75,29843.75,29838.75,29842.50,180,29839.25,29840.25,1.00
2026-06-24 10:58:05,29842.25,29843.00,29840.25,29840.25,137,29839.25,29840.25,1.00
2026-06-24 10:58:06,29839.75,29839.75,29836.00,29839.00,171,29838.75,29839.50,0.75
2026-06-24 10:58:07,29839.00,29840.50,29838.00,29839.00,86,29841.50,29842.00,0.50
2026-06-24 10:58:08,29839.50,29842.25,29837.75,29842.00,111,29840.50,29841.00,0.50
2026-06-24 10:58:09,29841.25,29843.00,29840.25,29840.75,57,29837.25,29837.75,0.50
2026-06-24 10:58:10,29841.00,29841.50,29837.00,29837.25,114,29837.00,29837.50,0.50
2026-06-24 10:58:11,29837.25,29839.00,29836.75,29836.75,87,29837.50,29838.00,0.50
2026-06-24 10:58:12,29837.50,29840.00,29836.25,29837.25,84,29841.00,29841.50,0.50
2026-06-24 10:58:13,29838.00,29841.50,29837.00,29841.50,57,29845.25,29845.75,0.50
2026-06-24 10:58:14,29840.75,29846.50,29840.75,29845.00,186,29845.25,29845.75,0.50
2026-06-24 10:58:15,29845.50,29846.75,29843.25,29843.25,159,29846.50,29847.00,0.50
2026-06-24 10:58:16,29843.50,29847.75,29843.25,29847.00,135,29846.50,29847.00,0.50
2026-06-24 10:58:17,29847.00,29847.25,29844.75,29845.00,62,29847.50,29848.00,0.50
2026-06-24 10:58:18,29847.00,29849.25,29846.00,29848.00,90,29847.50,29848.00,0.50
2026-06-24 10:58:19,29848.00,29848.00,29844.25,29844.50,97,29845.50,29846.00,0.50
2026-06-24 10:58:20,29845.00,29846.50,29844.75,29846.00,68,29849.50,29850.25,0.75
2026-06-24 10:58:21,29845.50,29851.50,29845.50,29850.25,164,29849.50,29850.25,0.75
2026-06-24 10:58:22,29850.00,29851.25,29847.75,29848.50,98,29849.25,29849.75,0.50
2026-06-24 10:58:23,29848.00,29849.25,29847.25,29849.25,95,29848.00,29848.50,0.50
2026-06-24 10:58:24,29849.75,29850.25,29846.50,29848.25,80,29848.50,29849.00,0.50
2026-06-24 10:58:25,29848.25,29849.25,29847.75,29848.50,52,29849.50,29850.00,0.50
2026-06-24 10:58:26,29849.00,29851.75,29848.75,29849.75,77,29849.75,29850.25,0.50
2026-06-24 10:58:27,29850.00,29850.75,29847.50,29849.50,109,29846.50,29847.00,0.50
2026-06-24 10:58:28,29850.50,29851.00,29846.00,29846.50,76,29846.50,29847.00,0.50
2026-06-24 10:58:29,29847.25,29850.00,29847.00,29847.00,40,29846.50,29847.00,0.50
2026-06-24 10:58:30,29846.50,29847.75,29845.50,29846.75,47,29846.00,29846.50,0.50
2026-06-24 10:58:31,29846.50,29848.75,29845.50,29846.50,54,29847.00,29847.50,0.50
2026-06-24 10:58:32,29846.75,29848.50,29844.25,29848.00,85,29845.25,29845.75,0.50
2026-06-24 10:58:33,29846.50,29847.00,29843.50,29845.25,131,29844.00,29844.50,0.50
2026-06-24 10:58:34,29845.75,29845.75,29844.50,29845.25,32,29844.00,29844.50,0.50
2026-06-24 10:58:35,29844.00,29854.75,29844.00,29852.25,220,29853.75,29854.25,0.50
2026-06-24 10:58:36,29852.00,29854.50,29851.00,29853.25,85,29856.00,29856.50,0.50
2026-06-24 10:58:37,29854.50,29856.50,29853.75,29856.25,122,29856.00,29856.50,0.50
2026-06-24 10:58:38,29856.50,29858.50,29856.25,29857.50,169,29854.75,29855.25,0.50
2026-06-24 10:58:39,29857.50,29858.00,29855.00,29855.25,87,29858.50,29858.75,0.25
2026-06-24 10:58:40,29854.75,29859.25,29854.50,29858.75,100,29857.00,29857.25,0.25
2026-06-24 10:58:41,29858.50,29859.00,29856.75,29857.00,79,29858.00,29858.25,0.25
2026-06-24 10:58:42,29857.25,29858.25,29856.50,29858.00,56,29858.00,29858.25,0.25
2026-06-24 10:58:43,29858.25,29866.25,29857.75,29865.25,458,29864.75,29865.00,0.25
2026-06-24 10:58:44,29865.00,29866.50,29862.50,29863.25,224,29863.00,29863.50,0.50
2026-06-24 10:58:45,29863.25,29864.75,29861.25,29862.75,150,29863.00,29863.25,0.25
2026-06-24 10:58:46,29862.50,29863.25,29861.75,29863.00,114,29868.50,29869.00,0.50
2026-06-24 10:58:47,29863.25,29870.00,29863.25,29868.75,255,29867.00,29867.25,0.25
2026-06-24 10:58:48,29869.50,29869.50,29865.75,29866.75,112,29867.00,29867.25,0.25
2026-06-24 10:58:49,29867.25,29868.25,29865.50,29866.00,96,29865.00,29865.25,0.25
2026-06-24 10:58:50,29865.25,29867.00,29863.00,29865.00,149,29862.75,29863.25,0.50
2026-06-24 10:58:51,29865.00,29866.50,29862.50,29863.25,89,29862.75,29863.25,0.50
2026-06-24 10:58:52,29863.25,29864.25,29860.75,29861.75,83,29862.75,29863.25,0.50
2026-06-24 10:58:53,29862.25,29863.00,29861.25,29863.00,66,29861.25,29861.75,0.50
2026-06-24 10:58:54,29863.00,29863.50,29857.25,29861.00,142,29859.75,29860.25,0.50
2026-06-24 10:58:55,29861.25,29861.75,29859.75,29860.25,48,29860.50,29861.00,0.50
2026-06-24 10:58:56,29860.00,29861.00,29858.00,29860.50,63,29863.75,29864.25,0.50
2026-06-24 10:58:57,29860.25,29864.00,29858.00,29864.00,107,29865.00,29865.50,0.50
2026-06-24 10:58:58,29863.75,29865.75,29863.00,29865.50,53,29860.50,29861.00,0.50
2026-06-24 10:58:59,29865.50,29865.50,29861.25,29861.25,48,29861.00,29861.50,0.50
2026-06-24 10:59:00,29861.00,29861.75,29860.75,29860.75,48,29860.25,29860.75,0.50
2026-06-24 10:59:01,29860.75,29861.75,29860.00,29860.25,73,29859.25,29859.75,0.50
2026-06-24 10:59:02,29860.25,29861.50,29859.75,29860.00,68,29863.75,29864.25,0.50
2026-06-24 10:59:03,29861.00,29864.50,29861.00,29863.50,49,29866.00,29866.50,0.50
2026-06-24 10:59:04,29863.25,29866.50,29862.75,29866.50,53,29865.50,29866.25,0.75
2026-06-24 10:59:05,29866.75,29868.00,29865.50,29865.50,119,29863.25,29863.75,0.50
2026-06-24 10:59:06,29866.00,29866.00,29862.00,29863.75,95,29861.00,29861.50,0.50
2026-06-24 10:59:07,29863.00,29863.25,29860.25,29861.25,77,29858.50,29859.00,0.50
2026-06-24 10:59:08,29861.50,29861.50,29858.75,29858.75,81,29858.50,29859.00,0.50
2026-06-24 10:59:09,29858.50,29863.25,29858.50,29862.25,89,29857.75,29858.25,0.50
2026-06-24 10:59:10,29861.50,29861.50,29858.00,29858.00,68,29857.75,29858.25,0.50
2026-06-24 10:59:11,29858.00,29858.00,29853.00,29856.75,224,29856.00,29856.50,0.50
2026-06-24 10:59:12,29857.00,29857.25,29855.00,29856.00,116,29855.25,29855.75,0.50
2026-06-24 10:59:13,29856.50,29856.50,29854.25,29855.50,78,29855.50,29856.00,0.50
2026-06-24 10:59:14,29855.75,29856.75,29854.50,29856.25,45,29855.50,29856.00,0.50
2026-06-24 10:59:15,29856.00,29858.75,29855.25,29858.50,77,29855.75,29856.25,0.50
2026-06-24 10:59:16,29858.25,29858.50,29855.50,29856.00,64,29856.25,29856.75,0.50
2026-06-24 10:59:17,29856.00,29856.75,29855.25,29856.75,35,29859.25,29859.75,0.50
2026-06-24 10:59:18,29856.50,29859.50,29856.50,29859.25,44,29860.50,29861.00,0.50
2026-06-24 10:59:19,29859.75,29862.25,29859.25,29861.25,67,29860.25,29860.75,0.50
2026-06-24 10:59:20,29861.25,29861.25,29858.25,29860.25,71,29860.50,29861.00,0.50
2026-06-24 10:59:21,29860.75,29861.75,29860.50,29861.00,35,29861.00,29861.50,0.50
2026-06-24 10:59:22,29860.75,29861.75,29860.25,29861.00,22,29862.75,29863.25,0.50
2026-06-24 10:59:23,29861.50,29865.00,29861.00,29863.25,88,29861.00,29861.50,0.50
2026-06-24 10:59:24,29863.00,29863.00,29860.25,29861.50,40,29860.25,29860.75,0.50
2026-06-24 10:59:25,29861.50,29865.75,29861.00,29861.50,76,29860.25,29860.75,0.50
2026-06-24 10:59:26,29859.75,29862.50,29859.50,29860.50,27,29863.50,29863.75,0.25
2026-06-24 10:59:27,29860.25,29864.00,29859.75,29863.75,48,29867.25,29867.75,0.50
2026-06-24 10:59:28,29864.00,29867.75,29863.50,29867.00,98,29865.75,29866.25,0.50
2026-06-24 10:59:29,29867.25,29867.75,29864.75,29865.75,61,29864.50,29865.00,0.50
2026-06-24 10:59:30,29866.25,29866.25,29863.00,29865.00,109,29862.25,29862.75,0.50
2026-06-24 10:59:31,29865.00,29866.50,29862.25,29862.25,81,29862.75,29863.25,0.50
2026-06-24 10:59:32,29863.00,29864.00,29862.50,29863.25,49,29872.00,29872.25,0.25
2026-06-24 10:59:33,29864.00,29873.00,29863.00,29872.25,286,29873.00,29873.50,0.50
2026-06-24 10:59:34,29872.25,29875.25,29872.25,29873.25,231,29874.75,29875.00,0.25
2026-06-24 10:59:35,29872.75,29874.75,29871.75,29874.75,151,29874.75,29875.25,0.50
2026-06-24 10:59:36,29875.00,29875.75,29873.50,29875.25,91,29881.25,29881.50,0.25
2026-06-24 10:59:37,29874.75,29883.75,29874.00,29881.00,549,29883.00,29883.75,0.75
2026-06-24 10:59:38,29881.50,29884.75,29880.25,29883.75,288,29891.50,29892.00,0.50
2026-06-24 10:59:39,29883.00,29892.50,29880.50,29891.50,948,29891.50,29892.00,0.50
2026-06-24 10:59:40,29891.25,29893.00,29884.25,29885.50,413,29887.00,29887.50,0.50
2026-06-24 10:59:41,29885.50,29888.75,29885.25,29887.75,301,29887.00,29887.50,0.50
2026-06-24 10:59:42,29887.50,29887.75,29885.00,29886.25,195,29885.75,29886.25,0.50
2026-06-24 10:59:43,29886.50,29887.00,29882.75,29884.50,95,29885.75,29886.25,0.50
2026-06-24 10:59:44,29884.00,29886.25,29884.00,29885.75,75,29887.50,29888.00,0.50
2026-06-24 10:59:45,29886.00,29888.50,29885.50,29888.50,92,29887.25,29887.75,0.50
2026-06-24 10:59:46,29887.50,29889.25,29885.50,29887.50,92,29888.50,29889.00,0.50
2026-06-24 10:59:47,29887.25,29890.50,29887.25,29888.75,133,29892.25,29892.75,0.50
2026-06-24 10:59:48,29889.00,29893.25,29887.25,29892.25,210,29892.25,29892.75,0.50
2026-06-24 10:59:49,29892.75,29893.00,29884.75,29885.25,315,29885.50,29886.00,0.50
2026-06-24 10:59:50,29885.50,29887.00,29884.25,29885.25,123,29885.50,29886.00,0.50
2026-06-24 10:59:51,29885.75,29886.75,29884.50,29885.25,96,29888.25,29889.00,0.75
2026-06-24 10:59:52,29885.75,29889.25,29884.25,29888.25,129,29886.50,29887.25,0.75
2026-06-24 10:59:53,29888.50,29889.25,29886.75,29887.25,56,29889.50,29890.00,0.50
2026-06-24 10:59:54,29887.00,29890.00,29886.75,29889.75,75,29887.25,29887.75,0.50
2026-06-24 10:59:55,29889.25,29889.25,29885.75,29887.00,76,29888.50,29889.25,0.75
2026-06-24 10:59:56,29887.75,29890.25,29886.75,29888.50,69,29888.50,29889.25,0.75
2026-06-24 10:59:57,29888.50,29889.75,29887.50,29889.50,75,29889.00,29889.75,0.75
2026-06-24 10:59:58,29889.50,29890.25,29889.00,29889.75,41,29889.25,29890.00,0.75
2026-06-24 10:59:59,29889.50,29891.00,29888.75,29889.00,97,29890.75,29891.25,0.50
2026-06-24 11:00:00,29890.00,29891.75,29888.50,29890.75,129,29892.00,29893.00,1.00
2026-06-24 11:00:01,29891.50,29897.00,29889.25,29893.00,603,29896.00,29896.75,0.75
2026-06-24 11:00:02,29893.00,29897.00,29891.50,29896.75,343,29896.00,29896.75,0.75
2026-06-24 11:00:03,29896.00,29898.25,29893.00,29896.75,289,29897.25,29898.00,0.75
2026-06-24 11:00:04,29896.00,29898.00,29893.75,29897.50,182,29890.25,29891.00,0.75
2026-06-24 11:00:05,29897.25,29897.25,29889.25,29890.50,271,29890.25,29891.00,0.75
2026-06-24 11:00:06,29890.50,29890.50,29885.75,29885.75,186,29887.25,29887.75,0.50
2026-06-24 11:00:07,29887.00,29890.25,29885.75,29890.00,202,29889.25,29890.00,0.75
2026-06-24 11:00:08,29890.50,29893.00,29889.00,29890.00,185,29888.00,29888.75,0.75
2026-06-24 11:00:09,29889.75,29890.50,29886.25,29888.00,95,29893.50,29894.25,0.75
2026-06-24 11:00:10,29887.75,29894.50,29886.50,29893.00,219,29893.50,29894.25,0.75
2026-06-24 11:00:11,29894.00,29895.25,29892.50,29893.50,122,29893.75,29894.50,0.75
2026-06-24 11:00:12,29894.25,29894.25,29891.00,29891.75,93,29892.75,29893.50,0.75
2026-06-24 11:00:13,29891.75,29895.25,29891.75,29893.75,89,29893.75,29894.25,0.50
2026-06-24 11:00:14,29893.50,29895.50,29891.00,29894.25,107,29893.75,29894.25,0.50
2026-06-24 11:00:15,29893.75,29902.00,29893.25,29901.00,580,29897.25,29897.75,0.50
2026-06-24 11:00:16,29901.00,29901.00,29897.00,29897.25,179,29896.25,29896.75,0.50
2026-06-24 11:00:17,29897.00,29898.25,29895.75,29896.25,91,29894.00,29894.50,0.50
2026-06-24 11:00:18,29896.75,29897.25,29894.00,29894.50,90,29893.75,29894.25,0.50
2026-06-24 11:00:19,29894.00,29897.50,29892.00,29894.75,112,29892.00,29892.50,0.50
2026-06-24 11:00:20,29893.75,29895.00,29891.50,29892.00,100,29893.25,29894.00,0.75
2026-06-24 11:00:21,29892.00,29895.25,29891.25,29893.25,120,29891.75,29892.00,0.25
2026-06-24 11:00:22,29893.75,29896.50,29891.75,29892.00,92,29891.75,29892.00,0.25
2026-06-24 11:00:23,29892.25,29893.25,29886.50,29890.00,215,29890.25,29890.75,0.50
2026-06-24 11:00:24,29890.50,29890.75,29884.75,29886.75,176,29887.75,29888.25,0.50
2026-06-24 11:00:25,29887.25,29889.75,29886.50,29887.50,194,29889.00,29889.75,0.75
2026-06-24 11:00:26,29888.25,29889.75,29887.00,29889.25,69,29888.75,29889.25,0.50
2026-06-24 11:00:27,29889.50,29891.25,29887.75,29889.25,96,29888.25,29888.75,0.50
2026-06-24 11:00:28,29888.75,29891.75,29888.50,29888.75,82,29887.75,29888.25,0.50
2026-06-24 11:00:29,29888.50,29892.25,29887.50,29888.00,90,29888.00,29888.50,0.50
2026-06-24 11:00:30,29888.50,29889.25,29886.75,29888.25,86,29887.50,29887.75,0.25
2026-06-24 11:00:31,29888.00,29889.00,29886.00,29887.25,94,29883.00,29883.50,0.50
2026-06-24 11:00:32,29887.50,29887.75,29881.50,29883.00,220,29881.75,29882.25,0.50
2026-06-24 11:00:33,29882.75,29885.25,29881.75,29882.25,121,29883.50,29884.00,0.50
2026-06-24 11:00:34,29882.00,29884.25,29880.75,29883.50,93,29883.50,29884.00,0.50
2026-06-24 11:00:35,29883.75,29887.50,29883.00,29886.75,120,29885.00,29885.50,0.50
2026-06-24 11:00:36,29886.75,29887.25,29884.75,29885.25,91,29888.25,29889.00,0.75
2026-06-24 11:00:37,29885.50,29888.50,29885.00,29887.75,58,29892.75,29893.00,0.25
2026-06-24 11:00:38,29889.00,29893.00,29888.00,29892.75,101,29893.75,29894.25,0.50
2026-06-24 11:00:39,29892.50,29895.75,29892.00,29894.25,184,29892.50,29893.00,0.50
2026-06-24 11:00:40,29894.25,29894.50,29890.50,29892.25,117,29893.00,29893.50,0.50
2026-06-24 11:00:41,29892.00,29893.00,29891.00,29892.75,48,29890.50,29891.25,0.75
2026-06-24 11:00:42,29893.75,29894.50,29885.00,29890.50,343,29890.75,29891.25,0.50
2026-06-24 11:00:43,29890.75,29892.00,29889.50,29891.50,83,29890.75,29891.50,0.75
2026-06-24 11:00:44,29890.75,29891.25,29889.75,29891.25,37,29890.50,29891.00,0.50
2026-06-24 11:00:45,29891.00,29892.50,29889.75,29891.00,65,29891.00,29891.75,0.75
2026-06-24 11:00:46,29891.25,29893.25,29890.00,29891.25,65,29887.50,29888.00,0.50
2026-06-24 11:00:47,29891.00,29891.00,29886.00,29887.25,80,29888.50,29889.00,0.50
2026-06-24 11:00:48,29887.75,29889.00,29885.50,29889.00,37,29888.00,29888.50,0.50
2026-06-24 11:00:49,29888.50,29888.50,29887.00,29887.75,26,29888.00,29888.50,0.50
2026-06-24 11:00:50,29888.50,29888.50,29886.75,29887.75,32,29884.50,29885.00,0.50
2026-06-24 11:00:51,29888.25,29888.50,29884.25,29884.75,55,29888.75,29889.25,0.50
2026-06-24 11:00:52,29884.50,29890.25,29884.50,29889.50,53,29889.00,29889.75,0.75
2026-06-24 11:00:53,29889.25,29890.75,29888.25,29889.75,52,29888.50,29888.75,0.25
2026-06-24 11:00:54,29889.00,29890.25,29887.50,29888.75,71,29889.25,29889.75,0.50
2026-06-24 11:00:55,29888.75,29889.75,29887.00,29889.50,37,29888.25,29888.75,0.50
2026-06-24 11:00:56,29889.00,29889.00,29887.00,29888.00,62,29889.00,29889.75,0.75
2026-06-24 11:00:57,29888.00,29890.00,29886.75,29889.25,52,29889.50,29890.00,0.50
2026-06-24 11:00:58,29890.00,29890.00,29888.00,29890.00,35,29884.75,29885.25,0.50
2026-06-24 11:00:59,29889.75,29889.75,29884.50,29885.00,71,29884.00,29884.50,0.50
