time,open,high,low,close,volume,bid,ask,spread
2026-06-02 09:20:00,30511.50,30511.75,30511.25,30511.50,11,30510.75,30511.00,0.25
2026-06-02 09:20:01,30511.00,30511.00,30510.25,30511.00,49,30512.25,30512.50,0.25
2026-06-02 09:20:02,30511.00,30512.00,30510.50,30511.75,36,30511.75,30512.25,0.50
2026-06-02 09:20:03,30511.75,30511.75,30511.75,30511.75,2,30511.75,30512.25,0.50
2026-06-02 09:20:04,30512.25,30512.25,30511.75,30512.25,11,30512.50,30512.75,0.25
2026-06-02 09:20:05,30512.00,30512.75,30512.00,30512.75,19,30513.50,30514.00,0.50
2026-06-02 09:20:06,30513.00,30513.75,30513.00,30513.75,17,30514.25,30514.50,0.25
2026-06-02 09:20:07,30514.00,30514.75,30514.00,30514.75,11,30514.00,30514.50,0.50
2026-06-02 09:20:08,30514.25,30514.50,30514.00,30514.00,7,30513.50,30513.75,0.25
2026-06-02 09:20:09,30514.50,30514.75,30514.00,30514.00,10,30515.25,30515.75,0.50
2026-06-02 09:20:10,30513.50,30516.00,30513.25,30515.50,35,30515.50,30516.25,0.75
2026-06-02 09:20:11,30515.75,30516.00,30515.00,30516.00,13,30515.25,30515.75,0.50
2026-06-02 09:20:12,30516.25,30516.25,30515.50,30515.50,10,30515.50,30516.00,0.50
2026-06-02 09:20:13,30515.75,30516.00,30515.75,30516.00,4,30515.25,30515.75,0.50
2026-06-02 09:20:14,30515.50,30515.75,30515.25,30515.25,7,30515.75,30516.25,0.50
2026-06-02 09:20:15,30516.00,30516.25,30515.50,30515.75,7,30516.00,30516.50,0.50
2026-06-02 09:20:16,30516.00,30516.25,30516.00,30516.00,6,30516.25,30516.75,0.50
2026-06-02 09:20:17,30516.50,30516.75,30516.00,30516.00,13,30516.50,30517.00,0.50
2026-06-02 09:20:18,30516.75,30517.00,30516.00,30516.75,41,30515.75,30516.25,0.50
2026-06-02 09:20:19,30516.25,30516.75,30516.00,30516.25,19,30516.25,30516.50,0.25
2026-06-02 09:20:20,30515.75,30516.25,30515.75,30516.00,8,30515.25,30515.75,0.50
2026-06-02 09:20:21,30516.25,30516.25,30515.00,30515.25,23,30515.75,30516.25,0.50
2026-06-02 09:20:22,30515.75,30516.25,30515.50,30515.50,37,30515.00,30515.50,0.50
2026-06-02 09:20:23,30516.25,30516.50,30515.25,30515.25,24,30516.00,30516.25,0.25
2026-06-02 09:20:24,30515.00,30516.50,30515.00,30516.50,6,30515.75,30516.25,0.50
2026-06-02 09:20:25,30516.00,30516.00,30515.75,30515.75,7,30515.75,30516.25,0.50
2026-06-02 09:20:26,30516.25,30516.25,30515.75,30516.25,13,30516.50,30517.00,0.50
2026-06-02 09:20:27,30516.25,30516.75,30516.25,30516.50,11,30516.25,30516.75,0.50
2026-06-02 09:20:28,30516.25,30516.75,30516.25,30516.75,7,30516.25,30516.75,0.50
2026-06-02 09:20:29,30516.25,30516.50,30516.00,30516.25,9,30516.75,30517.00,0.25
2026-06-02 09:20:30,30516.75,30517.25,30516.75,30517.25,11,30515.75,30516.25,0.50
2026-06-02 09:20:31,30516.75,30516.75,30515.75,30515.75,10,30515.75,30516.25,0.50
2026-06-02 09:20:32,30515.75,30516.50,30515.50,30515.75,7,30514.75,30515.25,0.50
2026-06-02 09:20:33,30515.50,30515.50,30514.50,30514.75,37,30515.00,30515.50,0.50
2026-06-02 09:20:34,30514.75,30515.25,30514.25,30515.25,11,30516.50,30517.00,0.50
2026-06-02 09:20:35,30515.00,30516.75,30515.00,30516.75,10,30517.00,30517.50,0.50
2026-06-02 09:20:36,30517.00,30517.50,30516.75,30517.50,17,30516.50,30517.00,0.50
2026-06-02 09:20:37,30517.50,30517.50,30516.75,30516.75,10,30516.75,30517.25,0.50
2026-06-02 09:20:38,30517.25,30517.25,30516.75,30517.00,7,30516.25,30516.75,0.50
2026-06-02 09:20:39,30516.75,30516.75,30515.75,30516.75,21,30517.25,30517.50,0.25
2026-06-02 09:20:40,30516.25,30517.25,30516.25,30517.25,5,30519.00,30519.25,0.25
2026-06-02 09:20:41,30517.50,30519.25,30517.50,30519.25,68,30519.00,30519.25,0.25
2026-06-02 09:20:42,30519.25,30520.00,30519.25,30519.75,56,30519.00,30519.50,0.50
2026-06-02 09:20:43,30519.50,30519.75,30518.75,30518.75,32,30519.25,30519.75,0.50
2026-06-02 09:20:44,30519.25,30520.00,30519.25,30520.00,16,30518.75,30519.25,0.50
2026-06-02 09:20:45,30519.25,30519.50,30518.75,30518.75,17,30518.25,30518.75,0.50
2026-06-02 09:20:46,30518.75,30519.25,30518.75,30518.75,25,30519.50,30520.00,0.50
2026-06-02 09:20:47,30519.00,30519.50,30518.75,30519.50,24,30519.00,30519.50,0.50
2026-06-02 09:20:48,30519.50,30520.00,30519.25,30519.50,13,30518.00,30518.50,0.50
2026-06-02 09:20:49,30519.25,30519.50,30518.25,30518.25,18,30518.50,30519.00,0.50
2026-06-02 09:20:50,30519.00,30519.25,30518.50,30519.25,14,30518.50,30519.00,0.50
2026-06-02 09:20:51,30519.25,30519.25,30518.50,30518.50,4,30519.00,30519.50,0.50
2026-06-02 09:20:52,30519.00,30520.75,30519.00,30519.75,66,30518.50,30519.00,0.50
2026-06-02 09:20:53,30519.50,30519.75,30518.75,30519.00,19,30519.25,30519.75,0.50
2026-06-02 09:20:54,30519.00,30519.50,30519.00,30519.50,10,30519.50,30520.00,0.50
2026-06-02 09:20:55,30519.75,30520.00,30519.75,30520.00,6,30519.50,30520.00,0.50
2026-06-02 09:20:56,30520.00,30520.75,30519.50,30520.00,41,30520.75,30521.00,0.25
2026-06-02 09:20:57,30520.25,30520.75,30520.00,30520.00,24,30520.25,30520.75,0.50
2026-06-02 09:20:58,30520.75,30521.00,30520.25,30520.75,26,30520.75,30521.25,0.50
2026-06-02 09:20:59,30521.00,30521.50,30520.75,30520.75,32,30519.75,30520.25,0.50
2026-06-02 09:21:00,30521.50,30521.50,30520.00,30520.50,37,30520.00,30520.50,0.50
2026-06-02 09:21:01,30520.00,30521.00,30519.75,30520.00,52,30520.00,30520.50,0.50
2026-06-02 09:21:02,30520.50,30520.50,30519.50,30520.50,17,30520.00,30520.50,0.50
2026-06-02 09:21:03,30520.00,30520.50,30519.25,30520.50,22,30519.50,30520.00,0.50
2026-06-02 09:21:04,30520.00,30520.50,30519.50,30519.75,29,30520.00,30520.50,0.50
2026-06-02 09:21:05,30519.75,30520.50,30519.50,30520.25,12,30521.50,30522.00,0.50
2026-06-02 09:21:06,30519.75,30522.00,30519.75,30522.00,36,30521.00,30521.50,0.50
2026-06-02 09:21:07,30521.50,30522.00,30521.25,30521.50,30,30521.75,30522.25,0.50
2026-06-02 09:21:08,30521.50,30523.50,30521.50,30522.25,132,30521.75,30522.25,0.50
2026-06-02 09:21:09,30521.75,30522.00,30521.00,30522.00,26,30521.25,30521.75,0.50
2026-06-02 09:21:10,30521.50,30522.25,30521.25,30521.25,21,30521.25,30521.75,0.50
2026-06-02 09:21:11,30521.25,30522.00,30521.25,30522.00,8,30521.25,30521.75,0.50
2026-06-02 09:21:12,30522.00,30522.50,30521.25,30521.50,27,30521.00,30521.50,0.50
2026-06-02 09:21:13,30521.75,30521.75,30521.00,30521.50,13,30520.50,30521.00,0.50
2026-06-02 09:21:14,30521.00,30521.25,30520.75,30520.75,18,30520.75,30521.25,0.50
2026-06-02 09:21:15,30520.50,30521.25,30520.50,30521.25,13,30520.25,30520.75,0.50
2026-06-02 09:21:16,30520.75,30520.75,30520.25,30520.75,10,30521.00,30521.50,0.50
2026-06-02 09:21:17,30520.25,30521.25,30518.75,30521.00,111,30521.00,30521.50,0.50
2026-06-02 09:21:18,30521.25,30521.75,30520.75,30521.50,20,30521.00,30521.50,0.50
2026-06-02 09:21:19,30521.50,30521.75,30521.25,30521.75,7,30521.25,30521.75,0.50
2026-06-02 09:21:20,30521.25,30521.25,30521.00,30521.25,6,30523.00,30523.25,0.25
2026-06-02 09:21:21,30521.50,30523.50,30521.50,30523.00,70,30523.25,30523.75,0.50
2026-06-02 09:21:22,30523.00,30523.50,30522.75,30523.50,14,30522.75,30523.25,0.50
2026-06-02 09:21:23,30523.75,30524.25,30523.00,30523.25,59,30523.25,30523.50,0.25
2026-06-02 09:21:24,30523.50,30523.75,30523.00,30523.25,11,30522.25,30522.50,0.25
2026-06-02 09:21:25,30523.25,30523.75,30522.25,30522.25,21,30522.25,30522.75,0.50
2026-06-02 09:21:26,30522.25,30522.75,30522.25,30522.25,5,30522.50,30523.00,0.50
2026-06-02 09:21:27,30522.25,30522.75,30522.25,30522.75,15,30522.25,30522.75,0.50
2026-06-02 09:21:28,30523.00,30523.50,30522.50,30522.50,39,30523.25,30523.75,0.50
2026-06-02 09:21:29,30522.50,30523.50,30522.50,30523.25,25,30523.00,30523.50,0.50
2026-06-02 09:21:30,30523.25,30523.25,30522.50,30522.75,22,30522.75,30523.25,0.50
2026-06-02 09:21:31,30523.00,30523.25,30522.75,30523.25,4,30522.75,30523.25,0.50
2026-06-02 09:21:32,30522.75,30523.25,30522.75,30523.00,7,30523.00,30523.50,0.50
2026-06-02 09:21:33,30522.75,30523.75,30521.25,30523.00,91,30522.25,30522.75,0.50
2026-06-02 09:21:34,30523.00,30523.00,30522.25,30522.25,15,30522.25,30522.50,0.25
2026-06-02 09:21:35,30522.25,30522.75,30521.75,30522.50,23,30522.25,30522.75,0.50
2026-06-02 09:21:36,30522.25,30522.75,30521.50,30522.75,60,30521.75,30522.25,0.50
2026-06-02 09:21:37,30522.75,30522.75,30522.00,30522.00,13,30522.75,30523.25,0.50
2026-06-02 09:21:38,30521.75,30523.00,30521.75,30522.50,15,30523.00,30523.25,0.25
2026-06-02 09:21:39,30522.75,30523.50,30522.50,30523.00,24,30522.75,30523.25,0.50
2026-06-02 09:21:40,30523.25,30523.50,30522.75,30523.00,17,30522.25,30522.75,0.50
2026-06-02 09:21:41,30522.75,30523.00,30522.25,30522.75,22,30523.00,30523.50,0.50
2026-06-02 09:21:42,30522.25,30523.50,30522.00,30523.50,38,30523.00,30523.50,0.50
2026-06-02 09:21:43,30522.75,30523.25,30522.25,30523.25,28,30524.25,30524.50,0.25
2026-06-02 09:21:44,30523.00,30524.25,30523.00,30524.25,19,30525.00,30525.25,0.25
2026-06-02 09:21:45,30524.50,30526.00,30524.00,30525.25,114,30525.00,30525.25,0.25
2026-06-02 09:21:46,30525.25,30525.75,30525.00,30525.00,29,30525.25,30525.50,0.25
2026-06-02 09:21:47,30525.50,30525.75,30525.25,30525.25,17,30525.25,30525.75,0.50
2026-06-02 09:21:48,30525.25,30525.75,30525.25,30525.25,7,30524.50,30525.00,0.50
2026-06-02 09:21:49,30525.25,30525.50,30524.50,30525.00,23,30523.75,30524.25,0.50
2026-06-02 09:21:50,30525.00,30525.00,30524.00,30524.00,17,30523.75,30524.25,0.50
2026-06-02 09:21:51,30523.75,30524.50,30523.25,30524.25,26,30523.75,30524.25,0.50
2026-06-02 09:21:52,30524.00,30524.00,30523.50,30524.00,5,30524.00,30524.50,0.50
2026-06-02 09:21:53,30523.75,30524.75,30523.75,30524.50,12,30523.75,30524.25,0.50
2026-06-02 09:21:55,30524.50,30524.75,30523.50,30524.25,14,30523.25,30523.75,0.50
2026-06-02 09:21:56,30524.25,30524.50,30523.50,30523.50,14,30522.25,30522.75,0.50
2026-06-02 09:21:57,30523.75,30524.00,30521.75,30522.25,32,30521.75,30522.00,0.25
2026-06-02 09:21:58,30522.50,30523.00,30521.75,30521.75,34,30521.25,30521.75,0.50
2026-06-02 09:21:59,30521.75,30522.00,30521.25,30521.25,31,30520.25,30520.75,0.50
2026-06-02 09:22:00,30521.25,30521.25,30520.00,30520.25,42,30521.25,30521.75,0.50
2026-06-02 09:22:01,30520.75,30521.75,30520.75,30521.50,49,30521.25,30521.75,0.50
2026-06-02 09:22:02,30521.25,30522.00,30521.25,30521.75,20,30520.00,30520.50,0.50
2026-06-02 09:22:03,30521.00,30521.00,30520.25,30520.25,28,30520.75,30521.25,0.50
2026-06-02 09:22:04,30520.50,30521.00,30520.25,30521.00,15,30518.00,30518.50,0.50
2026-06-02 09:22:05,30521.25,30521.25,30517.25,30518.00,117,30519.25,30519.75,0.50
2026-06-02 09:22:06,30518.00,30519.50,30517.75,30519.25,65,30519.00,30519.50,0.50
2026-06-02 09:22:07,30519.25,30519.50,30519.00,30519.00,25,30519.25,30519.75,0.50
2026-06-02 09:22:08,30519.00,30519.75,30519.00,30519.25,20,30519.50,30520.00,0.50
2026-06-02 09:22:09,30519.75,30519.75,30519.25,30519.50,10,30519.75,30520.25,0.50
2026-06-02 09:22:10,30519.50,30520.25,30519.50,30520.25,14,30520.25,30520.75,0.50
2026-06-02 09:22:11,30520.50,30521.00,30520.00,30520.25,11,30522.50,30523.00,0.50
2026-06-02 09:22:12,30521.00,30522.50,30520.50,30522.50,36,30524.00,30524.50,0.50
2026-06-02 09:22:13,30523.00,30524.50,30523.00,30524.50,20,30524.00,30524.25,0.25
2026-06-02 09:22:14,30524.50,30524.75,30524.25,30524.75,19,30524.25,30524.75,0.50
2026-06-02 09:22:15,30524.25,30524.50,30523.75,30524.25,18,30525.00,30525.50,0.50
2026-06-02 09:22:16,30524.25,30525.75,30524.00,30525.00,28,30525.50,30526.00,0.50
2026-06-02 09:22:17,30525.00,30525.75,30525.00,30525.50,19,30526.00,30526.50,0.50
2026-06-02 09:22:18,30526.00,30526.75,30525.50,30526.50,97,30526.25,30526.75,0.50
2026-06-02 09:22:19,30526.50,30526.75,30526.25,30526.25,16,30526.50,30527.00,0.50
2026-06-02 09:22:20,30526.50,30527.00,30526.25,30527.00,17,30527.25,30527.75,0.50
2026-06-02 09:22:21,30527.00,30527.50,30526.75,30527.25,38,30527.75,30528.25,0.50
2026-06-02 09:22:22,30527.25,30528.25,30526.50,30528.25,122,30527.75,30528.25,0.50
2026-06-02 09:22:23,30528.25,30528.75,30528.00,30528.25,86,30527.75,30528.00,0.25
2026-06-02 09:22:24,30529.00,30529.00,30527.00,30527.50,26,30528.00,30528.50,0.50
2026-06-02 09:22:25,30527.75,30528.75,30527.75,30528.00,28,30528.00,30528.50,0.50
2026-06-02 09:22:26,30528.00,30528.75,30527.75,30528.00,18,30529.00,30529.25,0.25
2026-06-02 09:22:27,30528.00,30529.25,30528.00,30529.00,43,30528.00,30528.50,0.50
2026-06-02 09:22:28,30529.25,30529.25,30527.75,30528.25,28,30527.25,30527.75,0.50
2026-06-02 09:22:29,30527.75,30528.25,30527.50,30527.75,16,30527.75,30528.25,0.50
2026-06-02 09:22:30,30528.00,30528.25,30527.75,30528.25,26,30528.00,30528.50,0.50
2026-06-02 09:22:31,30527.75,30528.50,30527.75,30528.25,15,30528.25,30528.75,0.50
2026-06-02 09:22:32,30528.00,30528.50,30528.00,30528.25,20,30527.00,30527.50,0.50
2026-06-02 09:22:33,30528.25,30528.25,30526.50,30527.25,52,30528.25,30528.50,0.25
2026-06-02 09:22:34,30527.25,30528.25,30527.25,30528.25,19,30527.75,30528.25,0.50
2026-06-02 09:22:35,30528.25,30528.25,30527.75,30528.00,14,30528.00,30528.50,0.50
2026-06-02 09:22:36,30528.25,30528.50,30528.00,30528.00,16,30528.25,30528.75,0.50
2026-06-02 09:22:37,30528.00,30528.75,30528.00,30528.50,17,30528.25,30528.75,0.50
2026-06-02 09:22:38,30528.75,30529.00,30528.25,30528.25,18,30528.50,30528.75,0.25
2026-06-02 09:22:39,30528.25,30528.75,30527.25,30528.25,48,30530.00,30530.50,0.50
2026-06-02 09:22:40,30528.75,30530.50,30528.75,30530.25,81,30530.50,30530.75,0.25
2026-06-02 09:22:41,30530.00,30530.75,30530.00,30530.25,38,30529.25,30529.75,0.50
2026-06-02 09:22:42,30530.75,30530.75,30529.00,30529.00,26,30530.25,30530.75,0.50
2026-06-02 09:22:43,30529.25,30530.50,30529.25,30530.50,43,30530.25,30530.75,0.50
2026-06-02 09:22:44,30530.75,30531.00,30530.25,30530.75,16,30530.25,30530.75,0.50
2026-06-02 09:22:45,30530.25,30531.25,30530.25,30530.25,28,30530.75,30531.25,0.50
2026-06-02 09:22:46,30531.00,30531.50,30530.75,30530.75,23,30530.50,30530.75,0.25
2026-06-02 09:22:47,30530.75,30531.50,30530.25,30531.00,67,30532.25,30532.75,0.50
2026-06-02 09:22:48,30530.75,30533.25,30530.75,30532.50,178,30534.25,30534.75,0.50
2026-06-02 09:22:49,30532.50,30535.25,30532.25,30534.50,135,30535.00,30535.25,0.25
2026-06-02 09:22:50,30534.25,30534.75,30533.75,30534.75,49,30534.00,30534.50,0.50
2026-06-02 09:22:51,30535.25,30536.00,30534.00,30534.25,114,30535.50,30536.00,0.50
2026-06-02 09:22:52,30534.75,30535.75,30534.75,30535.75,24,30535.75,30536.25,0.50
2026-06-02 09:22:53,30535.75,30536.25,30535.25,30536.25,62,30536.50,30536.75,0.25
2026-06-02 09:22:54,30536.00,30538.00,30535.50,30537.00,287,30536.00,30536.50,0.50
2026-06-02 09:22:55,30536.75,30537.00,30535.50,30536.00,70,30535.50,30536.00,0.50
2026-06-02 09:22:56,30536.00,30543.00,30534.75,30535.75,561,30535.50,30536.25,0.75
2026-06-02 09:22:57,30535.50,30538.00,30532.75,30535.75,383,30535.75,30536.25,0.50
2026-06-02 09:22:58,30535.50,30536.25,30535.50,30535.50,32,30536.25,30536.75,0.50
2026-06-02 09:22:59,30535.75,30536.75,30535.50,30536.50,32,30535.50,30536.00,0.50
2026-06-02 09:23:00,30536.25,30536.50,30535.25,30536.00,32,30536.50,30537.00,0.50
2026-06-02 09:23:01,30536.00,30537.50,30535.75,30537.00,68,30537.00,30537.50,0.50
2026-06-02 09:23:02,30536.50,30537.25,30536.25,30537.25,47,30537.00,30537.75,0.75
2026-06-02 09:23:03,30537.75,30538.00,30536.25,30537.50,53,30537.25,30537.75,0.50
2026-06-02 09:23:04,30537.75,30538.00,30536.50,30537.25,30,30536.75,30537.25,0.50
2026-06-02 09:23:05,30537.25,30537.75,30536.75,30537.25,20,30537.25,30537.75,0.50
2026-06-02 09:23:06,30537.00,30537.50,30536.75,30537.50,28,30537.00,30537.50,0.50
2026-06-02 09:23:07,30537.25,30537.50,30536.75,30537.25,12,30537.00,30537.50,0.50
2026-06-02 09:23:08,30537.50,30537.50,30537.00,30537.00,10,30535.25,30535.75,0.50
2026-06-02 09:23:09,30537.50,30537.50,30535.50,30536.00,48,30535.25,30535.75,0.50
2026-06-02 09:23:10,30535.75,30535.75,30534.25,30535.25,37,30535.25,30535.75,0.50
2026-06-02 09:23:11,30535.25,30535.75,30534.75,30535.00,36,30535.00,30535.50,0.50
2026-06-02 09:23:12,30535.25,30535.50,30534.75,30535.00,22,30536.00,30536.25,0.25
2026-06-02 09:23:13,30535.00,30536.25,30535.00,30535.75,17,30534.25,30534.75,0.50
2026-06-02 09:23:14,30536.00,30536.00,30534.25,30534.75,47,30534.75,30535.25,0.50
2026-06-02 09:23:15,30534.25,30535.25,30534.00,30534.75,43,30534.50,30535.00,0.50
2026-06-02 09:23:16,30534.50,30535.25,30534.25,30534.75,29,30534.25,30534.75,0.50
2026-06-02 09:23:17,30535.00,30535.25,30534.50,30534.75,16,30534.00,30534.50,0.50
2026-06-02 09:23:18,30534.25,30534.25,30534.00,30534.00,9,30534.00,30534.50,0.50
2026-06-02 09:23:19,30534.00,30535.00,30534.00,30534.00,13,30532.75,30533.00,0.25
2026-06-02 09:23:20,30534.75,30534.75,30533.00,30533.00,40,30531.75,30532.25,0.50
2026-06-02 09:23:21,30533.00,30533.00,30532.00,30532.25,37,30532.50,30533.00,0.50
2026-06-02 09:23:22,30532.00,30533.25,30532.00,30533.25,27,30533.25,30533.75,0.50
2026-06-02 09:23:23,30532.50,30533.50,30532.25,30533.00,32,30533.00,30533.50,0.50
2026-06-02 09:23:24,30533.50,30533.50,30533.00,30533.00,9,30533.00,30533.50,0.50
2026-06-02 09:23:25,30533.25,30534.00,30533.00,30533.25,21,30532.75,30533.25,0.50
2026-06-02 09:23:26,30533.50,30533.50,30533.00,30533.25,16,30533.00,30533.50,0.50
2026-06-02 09:23:27,30533.00,30533.75,30533.00,30533.00,9,30532.75,30533.25,0.50
2026-06-02 09:23:28,30532.75,30533.25,30532.75,30532.75,11,30532.75,30533.25,0.50
2026-06-02 09:23:29,30532.75,30533.25,30532.75,30532.75,8,30531.25,30531.75,0.50
2026-06-02 09:23:30,30532.75,30533.00,30530.75,30531.50,85,30531.75,30532.25,0.50
2026-06-02 09:23:31,30531.25,30532.50,30531.25,30531.75,28,30531.75,30532.25,0.50
2026-06-02 09:23:32,30532.00,30532.50,30531.75,30532.00,6,30530.75,30531.25,0.50
2026-06-02 09:23:33,30531.75,30531.75,30530.75,30531.00,12,30530.25,30530.75,0.50
2026-06-02 09:23:34,30531.00,30531.25,30530.00,30530.25,36,30530.75,30531.25,0.50
2026-06-02 09:23:35,30530.75,30531.75,30530.75,30531.25,32,30530.25,30530.75,0.50
2026-06-02 09:23:36,30531.00,30531.00,30530.00,30530.00,19,30531.00,30531.25,0.25
2026-06-02 09:23:37,30530.25,30531.00,30530.25,30531.00,20,30531.00,30531.50,0.50
2026-06-02 09:23:38,30531.00,30531.50,30530.75,30531.25,22,30533.00,30533.50,0.50
2026-06-02 09:23:39,30531.50,30533.25,30531.25,30533.00,47,30533.00,30533.25,0.25
2026-06-02 09:23:40,30533.00,30533.50,30532.75,30532.75,16,30531.75,30532.25,0.50
2026-06-02 09:23:41,30533.25,30534.00,30532.00,30532.25,44,30531.75,30532.00,0.25
2026-06-02 09:23:42,30532.25,30532.25,30531.75,30531.75,5,30531.75,30532.25,0.50
2026-06-02 09:23:43,30531.50,30532.00,30531.50,30532.00,9,30532.00,30532.50,0.50
2026-06-02 09:23:44,30532.00,30532.50,30532.00,30532.50,3,30531.50,30532.00,0.50
2026-06-02 09:23:45,30532.25,30532.25,30531.75,30532.00,7,30531.75,30532.00,0.25
2026-06-02 09:23:46,30532.00,30532.00,30531.50,30532.00,5,30531.50,30532.00,0.50
2026-06-02 09:23:47,30532.00,30532.00,30531.50,30531.50,19,30532.00,30532.50,0.50
2026-06-02 09:23:48,30531.50,30532.25,30531.50,30532.25,7,30532.00,30532.50,0.50
2026-06-02 09:23:49,30532.00,30532.25,30531.50,30531.50,16,30532.75,30533.25,0.50
2026-06-02 09:23:50,30532.00,30533.00,30531.75,30533.00,9,30533.00,30533.50,0.50
2026-06-02 09:23:51,30532.75,30533.25,30532.50,30533.25,13,30534.00,30534.50,0.50
2026-06-02 09:23:52,30533.00,30534.25,30533.00,30534.00,14,30535.00,30535.50,0.50
2026-06-02 09:23:53,30534.25,30535.50,30534.25,30535.50,21,30535.00,30535.50,0.50
2026-06-02 09:23:54,30535.50,30535.75,30535.25,30535.25,34,30533.25,30533.75,0.50
2026-06-02 09:23:55,30535.50,30535.75,30534.00,30534.00,33,30533.75,30534.00,0.25
2026-06-02 09:23:56,30533.75,30534.25,30533.50,30534.00,10,30533.50,30534.00,0.50
2026-06-02 09:23:57,30533.75,30534.25,30533.75,30533.75,6,30533.00,30533.50,0.50
2026-06-02 09:23:58,30533.50,30533.75,30533.00,30533.00,10,30533.00,30533.50,0.50
2026-06-02 09:23:59,30532.75,30533.75,30532.75,30533.75,7,30532.00,30532.50,0.50
2026-06-02 09:24:00,30533.50,30534.25,30532.25,30532.75,51,30533.00,30533.50,0.50
2026-06-02 09:24:01,30532.00,30533.25,30532.00,30533.25,12,30533.75,30534.25,0.50
2026-06-02 09:24:02,30533.50,30534.25,30533.00,30533.75,25,30534.75,30535.25,0.50
2026-06-02 09:24:03,30534.25,30535.50,30534.00,30535.50,48,30535.00,30535.50,0.50
2026-06-02 09:24:04,30534.75,30535.75,30534.75,30535.25,19,30534.50,30535.00,0.50
2026-06-02 09:24:05,30535.25,30535.75,30534.50,30534.50,19,30534.00,30534.50,0.50
2026-06-02 09:24:06,30534.50,30534.50,30533.75,30534.50,24,30534.75,30535.00,0.25
2026-06-02 09:24:07,30534.50,30534.75,30533.75,30534.50,18,30535.00,30535.50,0.50
2026-06-02 09:24:08,30535.00,30535.50,30534.75,30535.25,13,30534.00,30534.50,0.50
2026-06-02 09:24:09,30535.50,30535.75,30534.50,30534.50,32,30534.00,30534.50,0.50
2026-06-02 09:24:10,30534.50,30534.75,30534.00,30534.25,26,30536.50,30537.00,0.50
2026-06-02 09:24:11,30534.50,30537.00,30534.50,30536.75,50,30536.75,30537.25,0.50
2026-06-02 09:24:12,30536.75,30537.25,30536.25,30537.25,13,30538.00,30538.50,0.50
2026-06-02 09:24:13,30537.25,30538.50,30536.75,30538.25,39,30540.00,30540.50,0.50
2026-06-02 09:24:14,30538.50,30540.25,30538.00,30540.25,94,30540.00,30540.50,0.50
2026-06-02 09:24:15,30540.50,30540.50,30539.75,30540.50,34,30538.50,30539.00,0.50
2026-06-02 09:24:16,30540.50,30540.75,30538.25,30539.00,77,30538.25,30539.00,0.75
2026-06-02 09:24:17,30538.50,30539.25,30538.25,30538.75,41,30539.00,30539.50,0.50
2026-06-02 09:24:18,30538.75,30540.00,30538.00,30539.50,47,30539.25,30539.75,0.50
2026-06-02 09:24:19,30539.50,30539.75,30539.00,30539.50,12,30540.50,30541.00,0.50
2026-06-02 09:24:20,30539.25,30540.75,30539.00,30540.25,49,30540.50,30541.00,0.50
2026-06-02 09:24:21,30540.50,30541.25,30540.25,30541.00,37,30538.00,30538.50,0.50
2026-06-02 09:24:22,30541.00,30541.00,30538.00,30538.00,87,30538.25,30538.75,0.50
2026-06-02 09:24:23,30538.00,30539.00,30538.00,30538.00,9,30536.75,30537.25,0.50
2026-06-02 09:24:24,30538.75,30538.75,30537.25,30537.25,48,30537.25,30537.75,0.50
2026-06-02 09:24:25,30536.75,30537.75,30536.75,30537.25,22,30537.50,30538.00,0.50
2026-06-02 09:24:26,30537.25,30537.75,30537.00,30537.75,16,30536.75,30537.25,0.50
2026-06-02 09:24:27,30537.50,30537.75,30536.50,30537.25,18,30537.00,30537.50,0.50
2026-06-02 09:24:28,30537.00,30537.50,30537.00,30537.50,2,30536.75,30537.25,0.50
2026-06-02 09:24:29,30537.00,30537.25,30536.75,30536.75,8,30535.50,30536.00,0.50
2026-06-02 09:24:30,30536.75,30536.75,30535.50,30535.50,14,30535.25,30535.75,0.50
2026-06-02 09:24:31,30535.50,30536.50,30535.00,30535.00,49,30536.50,30537.00,0.50
2026-06-02 09:24:32,30535.25,30537.00,30535.25,30536.50,50,30537.00,30537.50,0.50
2026-06-02 09:24:33,30537.00,30537.50,30536.75,30536.75,36,30537.25,30537.75,0.50
2026-06-02 09:24:34,30537.00,30538.00,30537.00,30537.25,9,30538.00,30538.50,0.50
2026-06-02 09:24:36,30538.00,30539.25,30538.00,30539.25,22,30540.00,30540.50,0.50
2026-06-02 09:24:37,30539.25,30540.25,30539.00,30540.25,9,30541.00,30541.50,0.50
2026-06-02 09:24:38,30540.75,30541.50,30540.75,30541.25,38,30540.75,30541.25,0.50
2026-06-02 09:24:39,30541.50,30541.50,30540.50,30541.25,26,30540.75,30541.25,0.50
2026-06-02 09:24:40,30541.25,30541.50,30540.75,30541.50,7,30541.25,30541.75,0.50
2026-06-02 09:24:41,30541.50,30542.00,30541.25,30541.25,17,30541.00,30541.50,0.50
2026-06-02 09:24:42,30541.50,30541.75,30541.00,30541.50,21,30542.25,30542.75,0.50
2026-06-02 09:24:43,30541.25,30542.75,30541.25,30542.75,36,30543.50,30544.00,0.50
2026-06-02 09:24:44,30542.75,30544.50,30542.75,30543.50,156,30544.00,30544.50,0.50
2026-06-02 09:24:45,30544.00,30544.75,30544.00,30544.50,41,30543.50,30544.00,0.50
2026-06-02 09:24:46,30544.50,30544.75,30543.25,30543.25,26,30543.50,30544.00,0.50
2026-06-02 09:24:47,30543.75,30544.75,30543.75,30544.50,16,30544.00,30544.50,0.50
2026-06-02 09:24:48,30544.25,30544.50,30543.75,30544.00,13,30543.00,30543.50,0.50
2026-06-02 09:24:49,30544.25,30544.25,30542.50,30542.75,73,30542.75,30543.25,0.50
2026-06-02 09:24:50,30543.25,30543.75,30542.50,30543.00,36,30542.50,30543.00,0.50
2026-06-02 09:24:51,30542.75,30543.00,30542.25,30542.75,31,30542.75,30543.25,0.50
2026-06-02 09:24:52,30542.25,30543.00,30542.25,30542.75,13,30543.50,30544.00,0.50
2026-06-02 09:24:53,30542.75,30544.50,30542.75,30544.00,41,30544.25,30544.75,0.50
2026-06-02 09:24:54,30544.00,30544.75,30543.75,30544.75,28,30544.00,30544.50,0.50
2026-06-02 09:24:55,30544.50,30544.75,30543.75,30544.00,11,30544.75,30545.00,0.25
2026-06-02 09:24:56,30544.50,30545.25,30544.25,30545.25,56,30544.00,30544.50,0.50
2026-06-02 09:24:57,30544.75,30545.00,30544.00,30544.25,12,30544.00,30544.50,0.50
2026-06-02 09:24:58,30544.50,30544.50,30544.00,30544.25,23,30544.50,30544.75,0.25
2026-06-02 09:24:59,30544.00,30544.50,30543.75,30544.50,18,30544.50,30544.75,0.25
2026-06-02 09:25:00,30544.25,30545.25,30543.75,30543.75,37,30546.25,30546.75,0.50
2026-06-02 09:25:01,30544.50,30546.75,30541.00,30546.75,667,30547.00,30547.50,0.50
2026-06-02 09:25:02,30546.25,30547.25,30546.00,30547.25,66,30548.00,30548.50,0.50
2026-06-02 09:25:03,30547.50,30548.50,30547.00,30548.25,142,30549.00,30549.50,0.50
2026-06-02 09:25:04,30548.50,30549.25,30547.50,30549.00,117,30548.50,30549.25,0.75
2026-06-02 09:25:05,30549.00,30549.75,30548.50,30548.50,77,30548.00,30548.25,0.25
2026-06-02 09:25:06,30549.00,30549.00,30547.50,30548.25,108,30548.50,30548.75,0.25
2026-06-02 09:25:07,30548.25,30549.25,30548.00,30548.25,59,30547.75,30548.25,0.50
2026-06-02 09:25:08,30548.75,30549.00,30547.50,30548.25,27,30548.00,30548.50,0.50
2026-06-02 09:25:09,30548.00,30549.00,30547.75,30548.25,47,30548.00,30548.50,0.50
2026-06-02 09:25:10,30547.75,30548.25,30547.00,30548.00,50,30549.25,30549.75,0.50
2026-06-02 09:25:11,30548.00,30549.75,30548.00,30549.50,40,30548.75,30549.00,0.25
2026-06-02 09:25:12,30549.75,30550.00,30548.50,30548.75,84,30551.75,30552.25,0.50
2026-06-02 09:25:13,30549.00,30553.25,30549.00,30552.25,186,30550.25,30550.75,0.50
2026-06-02 09:25:14,30552.25,30552.50,30550.00,30550.75,189,30549.00,30549.50,0.50
2026-06-02 09:25:15,30550.75,30551.00,30548.75,30549.25,57,30549.00,30549.50,0.50
2026-06-02 09:25:16,30549.25,30549.25,30547.50,30547.75,47,30547.75,30548.25,0.50
2026-06-02 09:25:17,30548.25,30549.25,30547.50,30548.25,67,30548.00,30548.50,0.50
2026-06-02 09:25:18,30548.50,30550.00,30547.75,30547.75,38,30547.50,30548.00,0.50
2026-06-02 09:25:19,30548.25,30548.25,30547.50,30548.00,13,30547.50,30548.00,0.50
2026-06-02 09:25:20,30547.50,30548.25,30547.00,30548.25,58,30547.50,30548.00,0.50
2026-06-02 09:25:21,30547.75,30548.75,30547.50,30547.75,28,30547.00,30547.50,0.50
2026-06-02 09:25:22,30547.50,30547.50,30546.50,30546.50,33,30547.75,30548.25,0.50
2026-06-02 09:25:23,30546.75,30548.50,30546.75,30548.00,18,30547.75,30548.25,0.50
2026-06-02 09:25:24,30548.00,30548.50,30547.25,30548.50,15,30547.50,30548.00,0.50
2026-06-02 09:25:25,30548.25,30548.25,30547.50,30547.75,20,30548.00,30548.50,0.50
2026-06-02 09:25:26,30548.00,30548.50,30547.75,30547.75,17,30549.25,30549.75,0.50
2026-06-02 09:25:27,30548.50,30550.00,30548.50,30549.75,48,30547.75,30548.25,0.50
2026-06-02 09:25:28,30549.50,30549.50,30548.25,30548.25,36,30548.00,30548.50,0.50
2026-06-02 09:25:29,30548.00,30548.50,30547.50,30548.25,20,30547.75,30548.25,0.50
2026-06-02 09:25:30,30548.00,30548.75,30547.75,30548.25,18,30547.50,30548.00,0.50
2026-06-02 09:25:31,30548.25,30548.25,30547.25,30548.00,12,30546.75,30547.00,0.25
2026-06-02 09:25:32,30548.00,30548.25,30546.75,30547.25,27,30546.75,30547.25,0.50
2026-06-02 09:25:33,30547.00,30547.25,30546.75,30547.00,8,30547.00,30547.50,0.50
2026-06-02 09:25:34,30546.75,30547.75,30546.25,30547.00,38,30547.00,30547.50,0.50
2026-06-02 09:25:35,30547.25,30547.75,30546.75,30547.25,28,30547.00,30547.50,0.50
2026-06-02 09:25:36,30547.00,30548.25,30547.00,30548.25,28,30547.50,30548.00,0.50
2026-06-02 09:25:37,30548.50,30549.00,30547.75,30547.75,22,30548.75,30549.25,0.50
2026-06-02 09:25:38,30547.50,30549.50,30547.50,30548.75,33,30549.50,30550.00,0.50
2026-06-02 09:25:39,30549.00,30549.75,30549.00,30549.25,12,30549.00,30549.50,0.50
2026-06-02 09:25:40,30549.00,30549.50,30547.75,30549.50,58,30549.00,30549.50,0.50
2026-06-02 09:25:41,30549.00,30549.25,30548.50,30548.50,17,30549.00,30549.25,0.25
2026-06-02 09:25:42,30549.00,30549.25,30549.00,30549.25,9,30548.25,30548.75,0.50
2026-06-02 09:25:43,30549.00,30549.00,30548.50,30548.75,23,30548.50,30549.00,0.50
2026-06-02 09:25:44,30548.25,30549.00,30548.25,30548.50,15,30548.50,30549.00,0.50
2026-06-02 09:25:45,30548.50,30549.00,30548.50,30548.75,7,30548.25,30548.75,0.50
2026-06-02 09:25:46,30548.50,30549.00,30548.25,30548.25,13,30549.00,30549.50,0.50
2026-06-02 09:25:47,30548.75,30549.50,30548.75,30549.25,18,30547.00,30547.50,0.50
2026-06-02 09:25:48,30548.75,30549.25,30547.25,30547.25,17,30547.75,30548.00,0.25
2026-06-02 09:25:49,30547.00,30547.75,30546.75,30547.75,33,30546.75,30547.25,0.50
2026-06-02 09:25:50,30548.00,30548.00,30546.75,30546.75,12,30547.25,30547.75,0.50
2026-06-02 09:25:51,30547.25,30548.50,30547.25,30547.50,57,30546.75,30547.25,0.50
2026-06-02 09:25:52,30547.50,30548.00,30546.75,30546.75,41,30547.00,30547.50,0.50
2026-06-02 09:25:53,30546.75,30548.00,30546.75,30547.25,32,30547.75,30548.25,0.50
2026-06-02 09:25:54,30547.50,30548.00,30547.50,30548.00,8,30548.50,30549.00,0.50
2026-06-02 09:25:55,30547.75,30548.75,30547.75,30548.50,17,30548.75,30549.25,0.50
2026-06-02 09:25:56,30549.00,30549.75,30548.75,30549.50,14,30548.50,30549.00,0.50
2026-06-02 09:25:57,30549.25,30549.75,30548.25,30548.25,19,30548.50,30549.00,0.50
2026-06-02 09:25:58,30549.00,30549.00,30548.25,30548.25,3,30549.25,30549.75,0.50
2026-06-02 09:25:59,30548.75,30549.50,30548.50,30549.25,17,30547.50,30547.75,0.25
2026-06-02 09:26:00,30549.75,30549.75,30547.00,30547.75,34,30546.75,30547.25,0.50
2026-06-02 09:26:01,30547.50,30547.50,30546.50,30547.50,47,30546.50,30547.00,0.50
2026-06-02 09:26:02,30547.25,30547.25,30546.00,30547.25,22,30546.50,30547.00,0.50
2026-06-02 09:26:03,30546.50,30547.00,30546.25,30546.50,14,30544.00,30544.50,0.50
2026-06-02 09:26:04,30546.25,30546.75,30544.25,30544.50,65,30544.00,30544.50,0.50
2026-06-02 09:26:05,30544.50,30546.00,30543.75,30546.00,154,30546.50,30547.00,0.50
2026-06-02 09:26:06,30546.25,30547.00,30546.00,30546.50,15,30547.75,30548.25,0.50
2026-06-02 09:26:07,30546.50,30548.00,30546.50,30547.75,30,30547.25,30547.75,0.50
2026-06-02 09:26:08,30547.75,30548.25,30547.00,30547.75,31,30546.00,30546.50,0.50
2026-06-02 09:26:09,30547.75,30547.75,30547.00,30547.00,11,30546.00,30546.50,0.50
2026-06-02 09:26:10,30546.50,30546.50,30543.25,30544.50,67,30546.50,30547.00,0.50
2026-06-02 09:26:11,30544.75,30546.75,30544.75,30546.25,47,30546.25,30546.75,0.50
2026-06-02 09:26:12,30547.25,30547.25,30546.25,30546.75,23,30547.00,30547.25,0.25
2026-06-02 09:26:13,30547.00,30547.75,30546.75,30547.50,23,30546.25,30546.75,0.50
2026-06-02 09:26:14,30546.50,30547.25,30546.00,30547.00,21,30545.00,30545.50,0.50
2026-06-02 09:26:15,30546.25,30546.25,30545.00,30545.00,20,30545.25,30545.75,0.50
2026-06-02 09:26:16,30544.75,30546.00,30544.75,30545.25,28,30545.25,30545.75,0.50
2026-06-02 09:26:17,30545.75,30545.75,30545.75,30545.75,2,30546.75,30547.00,0.25
2026-06-02 09:26:18,30545.75,30546.75,30545.50,30546.75,59,30546.75,30547.25,0.50
2026-06-02 09:26:19,30547.00,30547.25,30546.25,30546.50,10,30545.75,30546.25,0.50
2026-06-02 09:26:20,30546.50,30546.50,30546.00,30546.00,15,30545.75,30546.25,0.50
2026-06-02 09:26:21,30546.50,30546.50,30545.75,30546.25,7,30544.75,30545.25,0.50
2026-06-02 09:26:22,30545.75,30545.75,30544.00,30544.75,55,30544.50,30545.00,0.50
2026-06-02 09:26:23,30545.25,30545.25,30544.50,30544.75,17,30543.25,30543.75,0.50
2026-06-02 09:26:24,30544.75,30545.00,30543.25,30543.25,19,30544.25,30544.75,0.50
2026-06-02 09:26:25,30543.75,30544.50,30543.50,30544.50,43,30544.00,30544.50,0.50
2026-06-02 09:26:26,30544.25,30544.25,30544.00,30544.25,11,30543.25,30543.75,0.50
2026-06-02 09:26:27,30544.50,30544.50,30542.50,30543.25,56,30543.50,30544.00,0.50
2026-06-02 09:26:28,30543.75,30543.75,30542.75,30543.50,7,30543.25,30543.75,0.50
2026-06-02 09:26:29,30543.50,30544.00,30543.00,30543.75,50,30542.75,30543.25,0.50
2026-06-02 09:26:30,30543.75,30543.75,30542.50,30542.50,10,30543.25,30543.75,0.50
2026-06-02 09:26:31,30543.25,30544.75,30543.25,30543.75,51,30542.50,30543.00,0.50
2026-06-02 09:26:32,30543.75,30543.75,30541.75,30542.75,36,30541.25,30541.75,0.50
2026-06-02 09:26:33,30542.50,30543.00,30541.25,30541.25,67,30541.00,30541.50,0.50
2026-06-02 09:26:34,30541.25,30541.75,30539.00,30541.00,135,30540.75,30541.25,0.50
2026-06-02 09:26:35,30541.00,30541.00,30539.75,30541.00,50,30541.25,30541.75,0.50
2026-06-02 09:26:36,30541.25,30541.75,30539.75,30541.50,75,30540.25,30540.75,0.50
2026-06-02 09:26:37,30541.25,30541.50,30540.25,30540.75,28,30538.50,30539.00,0.50
2026-06-02 09:26:38,30540.25,30540.50,30538.75,30538.75,20,30539.25,30540.00,0.75
2026-06-02 09:26:39,30538.50,30539.75,30538.50,30539.75,47,30538.75,30539.25,0.50
2026-06-02 09:26:40,30539.25,30539.75,30538.25,30538.75,82,30538.75,30539.25,0.50
2026-06-02 09:26:41,30539.25,30539.75,30538.50,30539.25,34,30538.75,30539.50,0.75
2026-06-02 09:26:42,30538.75,30539.75,30538.50,30539.50,82,30538.75,30539.25,0.50
2026-06-02 09:26:43,30538.75,30539.50,30538.50,30538.75,41,30538.50,30539.00,0.50
2026-06-02 09:26:44,30539.25,30539.50,30538.50,30538.75,18,30538.75,30539.25,0.50
2026-06-02 09:26:45,30539.00,30539.25,30538.75,30539.25,10,30539.50,30540.00,0.50
2026-06-02 09:26:46,30538.75,30540.00,30538.50,30539.75,39,30537.75,30538.25,0.50
2026-06-02 09:26:47,30539.25,30539.25,30537.50,30538.00,50,30537.75,30538.25,0.50
2026-06-02 09:26:48,30538.00,30538.50,30537.50,30537.75,42,30536.50,30537.00,0.50
2026-06-02 09:26:49,30537.75,30538.25,30536.25,30536.75,46,30537.00,30537.50,0.50
2026-06-02 09:26:50,30536.50,30537.75,30536.00,30537.00,43,30538.25,30538.75,0.50
2026-06-02 09:26:51,30537.50,30539.00,30536.75,30538.50,65,30539.75,30540.25,0.50
2026-06-02 09:26:52,30538.75,30540.50,30538.00,30539.75,74,30539.50,30540.00,0.50
2026-06-02 09:26:53,30539.75,30540.25,30539.50,30539.50,18,30539.25,30539.75,0.50
2026-06-02 09:26:54,30540.00,30540.00,30539.00,30539.25,30,30538.75,30539.25,0.50
2026-06-02 09:26:55,30539.50,30539.50,30537.75,30538.75,60,30538.75,30539.25,0.50
2026-06-02 09:26:56,30538.75,30539.25,30538.50,30539.25,10,30539.00,30539.50,0.50
2026-06-02 09:26:57,30538.75,30540.25,30538.50,30539.25,44,30539.50,30540.00,0.50
2026-06-02 09:26:58,30539.50,30539.75,30538.50,30539.75,9,30539.75,30540.25,0.50
2026-06-02 09:26:59,30539.50,30540.50,30539.50,30540.25,10,30539.75,30540.25,0.50
2026-06-02 09:27:00,30539.75,30541.00,30539.75,30540.00,41,30539.25,30539.75,0.50
2026-06-02 09:27:01,30539.75,30540.75,30539.25,30539.50,55,30539.25,30539.75,0.50
2026-06-02 09:27:02,30539.50,30539.75,30539.50,30539.75,7,30539.75,30540.25,0.50
2026-06-02 09:27:03,30539.75,30540.25,30539.00,30539.75,39,30540.25,30540.75,0.50
2026-06-02 09:27:04,30539.75,30540.50,30539.75,30540.50,17,30540.75,30541.25,0.50
2026-06-02 09:27:05,30540.75,30540.75,30540.00,30540.75,6,30540.25,30540.75,0.50
2026-06-02 09:27:06,30541.00,30541.25,30540.00,30540.00,14,30540.50,30540.75,0.25
2026-06-02 09:27:07,30540.00,30540.75,30540.00,30540.75,6,30540.00,30540.50,0.50
2026-06-02 09:27:08,30540.25,30540.75,30539.75,30540.00,24,30540.00,30540.50,0.50
2026-06-02 09:27:09,30540.50,30540.50,30540.00,30540.00,10,30539.75,30540.25,0.50
2026-06-02 09:27:10,30540.00,30540.25,30539.50,30539.75,38,30540.50,30540.75,0.25
2026-06-02 09:27:11,30540.50,30541.25,30540.50,30540.50,29,30540.25,30540.75,0.50
2026-06-02 09:27:12,30540.75,30541.25,30540.25,30540.75,13,30540.75,30541.25,0.50
2026-06-02 09:27:13,30540.75,30541.25,30540.75,30540.75,11,30541.00,30541.50,0.50
2026-06-02 09:27:14,30541.00,30541.50,30540.75,30541.50,10,30541.50,30542.00,0.50
2026-06-02 09:27:15,30541.50,30542.50,30541.50,30542.00,26,30541.50,30542.00,0.50
2026-06-02 09:27:16,30542.00,30542.00,30541.50,30542.00,21,30540.50,30541.00,0.50
2026-06-02 09:27:17,30541.50,30541.75,30540.50,30540.75,37,30540.75,30541.25,0.50
2026-06-02 09:27:18,30541.25,30543.00,30541.25,30541.25,66,30539.75,30540.25,0.50
2026-06-02 09:27:19,30540.50,30540.75,30540.00,30540.00,18,30540.00,30540.50,0.50
2026-06-02 09:27:20,30540.00,30540.75,30540.00,30540.25,18,30540.50,30541.00,0.50
2026-06-02 09:27:21,30540.25,30541.00,30540.25,30540.50,11,30539.50,30540.00,0.50
2026-06-02 09:27:22,30540.00,30540.50,30539.25,30539.75,19,30540.25,30540.75,0.50
2026-06-02 09:27:23,30540.25,30540.75,30540.00,30540.25,16,30540.50,30541.00,0.50
2026-06-02 09:27:24,30540.25,30540.25,30540.00,30540.00,7,30539.75,30540.25,0.50
2026-06-02 09:27:25,30540.50,30541.00,30539.75,30540.25,16,30539.00,30539.50,0.50
2026-06-02 09:27:26,30540.00,30540.00,30539.50,30539.50,9,30539.50,30540.00,0.50
2026-06-02 09:27:27,30539.50,30540.00,30539.25,30539.50,23,30539.75,30540.25,0.50
2026-06-02 09:27:28,30540.25,30540.50,30539.50,30540.25,14,30541.00,30541.50,0.50
2026-06-02 09:27:29,30540.00,30542.00,30540.00,30542.00,7,30540.75,30541.25,0.50
2026-06-02 09:27:30,30540.75,30540.75,30539.75,30540.75,12,30544.75,30545.25,0.50
2026-06-02 09:27:31,30540.75,30546.00,30540.75,30545.00,193,30544.75,30545.25,0.50
2026-06-02 09:27:32,30545.25,30545.75,30544.75,30545.25,24,30546.25,30546.50,0.25
2026-06-02 09:27:33,30545.25,30546.50,30544.75,30546.00,27,30547.00,30547.50,0.50
2026-06-02 09:27:34,30546.50,30547.75,30546.50,30547.75,27,30547.00,30547.50,0.50
2026-06-02 09:27:35,30547.25,30547.75,30546.50,30547.50,17,30548.50,30549.00,0.50
2026-06-02 09:27:36,30547.50,30549.00,30546.75,30548.75,43,30548.75,30549.25,0.50
2026-06-02 09:27:37,30548.75,30549.25,30548.50,30548.75,44,30549.00,30549.50,0.50
2026-06-02 09:27:38,30549.25,30549.50,30548.75,30549.50,21,30549.00,30549.50,0.50
2026-06-02 09:27:39,30549.25,30550.75,30548.25,30549.25,165,30550.25,30550.75,0.50
2026-06-02 09:27:40,30548.50,30550.50,30548.50,30550.25,46,30544.50,30545.00,0.50
2026-06-02 09:27:41,30550.00,30550.25,30543.75,30545.25,476,30547.00,30547.25,0.25
2026-06-02 09:27:42,30544.50,30547.50,30544.50,30546.75,28,30547.75,30548.25,0.50
2026-06-02 09:27:43,30546.75,30548.25,30546.75,30548.25,36,30548.00,30548.25,0.25
2026-06-02 09:27:44,30548.25,30548.75,30547.75,30548.00,10,30548.00,30548.25,0.25
2026-06-02 09:27:45,30548.00,30549.75,30547.00,30547.00,64,30547.75,30548.25,0.50
2026-06-02 09:27:46,30546.75,30548.25,30546.50,30548.25,24,30547.75,30548.25,0.50
2026-06-02 09:27:47,30548.25,30548.25,30547.50,30548.00,11,30547.75,30548.25,0.50
2026-06-02 09:27:48,30547.50,30548.00,30546.50,30548.00,27,30548.00,30548.50,0.50
2026-06-02 09:27:49,30547.75,30548.50,30547.50,30548.00,11,30548.00,30548.50,0.50
2026-06-02 09:27:50,30548.25,30548.50,30547.75,30548.00,15,30545.00,30545.50,0.50
2026-06-02 09:27:51,30547.75,30548.75,30543.50,30545.25,196,30545.00,30545.50,0.50
2026-06-02 09:27:52,30545.75,30546.25,30544.75,30545.00,30,30545.00,30545.25,0.25
2026-06-02 09:27:53,30545.00,30545.25,30545.00,30545.25,5,30543.75,30544.25,0.50
2026-06-02 09:27:54,30545.25,30545.50,30543.75,30544.25,29,30544.75,30545.25,0.50
2026-06-02 09:27:55,30543.75,30545.00,30543.50,30545.00,70,30544.75,30545.25,0.50
2026-06-02 09:27:56,30544.75,30545.25,30544.50,30544.50,11,30544.75,30545.25,0.50
2026-06-02 09:27:57,30544.25,30545.00,30544.00,30544.75,18,30545.25,30545.75,0.50
2026-06-02 09:27:58,30545.25,30545.50,30545.25,30545.25,4,30545.00,30545.50,0.50
2026-06-02 09:27:59,30545.75,30545.75,30545.00,30545.00,10,30545.00,30545.50,0.50
2026-06-02 09:28:00,30545.25,30546.25,30544.75,30546.25,47,30555.75,30556.25,0.50
2026-06-02 09:28:01,30546.25,30557.00,30546.25,30556.25,626,30557.00,30557.50,0.50
2026-06-02 09:28:02,30555.75,30558.00,30554.00,30557.25,200,30557.50,30558.00,0.50
2026-06-02 09:28:03,30557.50,30558.75,30557.00,30558.00,149,30555.50,30556.00,0.50
2026-06-02 09:28:04,30557.75,30558.50,30555.25,30555.75,78,30553.50,30554.00,0.50
2026-06-02 09:28:05,30555.25,30555.25,30552.75,30553.75,82,30553.25,30553.75,0.50
2026-06-02 09:28:06,30554.00,30554.00,30551.25,30553.75,166,30553.00,30553.50,0.50
2026-06-02 09:28:07,30554.00,30554.25,30553.00,30553.25,68,30553.25,30553.50,0.25
2026-06-02 09:28:08,30553.00,30553.25,30552.25,30553.25,44,30554.50,30555.00,0.50
2026-06-02 09:28:09,30553.75,30554.75,30553.25,30554.75,67,30555.50,30556.00,0.50
2026-06-02 09:28:10,30554.75,30556.50,30554.50,30555.25,86,30556.00,30556.50,0.50
2026-06-02 09:28:11,30556.00,30556.75,30555.75,30556.50,38,30554.75,30555.25,0.50
2026-06-02 09:28:12,30556.00,30556.00,30554.75,30554.75,45,30554.25,30554.75,0.50
2026-06-02 09:28:13,30555.00,30556.00,30554.00,30554.75,95,30555.00,30555.75,0.75
2026-06-02 09:28:14,30555.00,30555.00,30554.25,30554.50,25,30555.00,30555.75,0.75
2026-06-02 09:28:15,30555.25,30555.75,30554.00,30555.00,36,30553.25,30553.75,0.50
2026-06-02 09:28:16,30554.50,30554.75,30553.25,30553.50,79,30553.75,30554.25,0.50
2026-06-02 09:28:17,30554.00,30554.25,30553.25,30554.25,36,30553.25,30553.75,0.50
2026-06-02 09:28:18,30553.75,30554.25,30553.00,30553.50,50,30552.25,30552.75,0.50
2026-06-02 09:28:19,30553.50,30554.00,30552.50,30552.50,40,30553.25,30553.75,0.50
2026-06-02 09:28:20,30552.50,30556.50,30552.25,30553.25,147,30554.25,30554.75,0.50
2026-06-02 09:28:21,30554.00,30555.25,30554.00,30554.25,101,30555.00,30555.50,0.50
2026-06-02 09:28:22,30554.75,30555.50,30554.75,30555.00,29,30554.50,30555.00,0.50
2026-06-02 09:28:23,30555.00,30555.50,30554.25,30554.75,14,30555.00,30555.50,0.50
2026-06-02 09:28:24,30554.50,30555.75,30554.50,30555.75,16,30554.25,30554.75,0.50
2026-06-02 09:28:25,30555.50,30555.75,30554.00,30554.25,27,30553.75,30554.25,0.50
2026-06-02 09:28:26,30554.25,30554.75,30554.00,30554.00,12,30553.50,30554.00,0.50
2026-06-02 09:28:27,30553.75,30554.75,30553.50,30553.75,24,30553.50,30554.00,0.50
2026-06-02 09:28:28,30554.00,30554.25,30553.50,30554.00,9,30552.50,30553.25,0.75
2026-06-02 09:28:29,30553.50,30553.50,30552.25,30553.00,29,30553.00,30553.50,0.50
2026-06-02 09:28:30,30553.25,30553.75,30552.75,30552.75,27,30553.25,30553.75,0.50
2026-06-02 09:28:31,30553.00,30554.50,30552.50,30553.25,68,30553.25,30553.75,0.50
2026-06-02 09:28:32,30553.75,30554.00,30552.25,30552.25,20,30552.25,30552.50,0.25
2026-06-02 09:28:33,30552.75,30552.75,30552.00,30552.25,16,30551.75,30552.25,0.50
2026-06-02 09:28:34,30552.00,30552.50,30551.75,30551.75,19,30551.50,30552.00,0.50
2026-06-02 09:28:35,30551.75,30552.25,30551.75,30552.25,8,30552.00,30552.50,0.50
2026-06-02 09:28:36,30551.50,30552.25,30549.75,30552.00,148,30552.50,30553.00,0.50
2026-06-02 09:28:37,30552.00,30553.25,30551.00,30552.75,67,30551.75,30552.25,0.50
2026-06-02 09:28:38,30552.50,30553.00,30552.00,30552.25,19,30552.50,30553.00,0.50
2026-06-02 09:28:39,30552.75,30553.00,30552.25,30552.50,7,30552.00,30552.50,0.50
2026-06-02 09:28:40,30552.25,30552.75,30552.00,30552.50,21,30551.50,30552.00,0.50
2026-06-02 09:28:41,30552.00,30552.50,30551.50,30551.75,40,30551.75,30552.25,0.50
2026-06-02 09:28:42,30551.50,30552.00,30551.50,30552.00,5,30552.50,30553.00,0.50
2026-06-02 09:28:43,30551.75,30552.75,30551.75,30552.75,9,30553.25,30553.75,0.50
2026-06-02 09:28:44,30552.50,30554.50,30552.50,30553.75,19,30552.75,30553.25,0.50
2026-06-02 09:28:45,30553.00,30553.50,30553.00,30553.25,11,30553.50,30554.00,0.50
2026-06-02 09:28:46,30553.00,30554.00,30553.00,30554.00,20,30551.50,30552.00,0.50
2026-06-02 09:28:47,30553.25,30553.75,30551.75,30552.00,25,30550.75,30551.25,0.50
2026-06-02 09:28:48,30551.75,30551.75,30550.75,30551.25,17,30550.75,30551.25,0.50
2026-06-02 09:28:49,30550.75,30551.00,30550.50,30551.00,13,30550.50,30550.75,0.25
2026-06-02 09:28:50,30550.75,30550.75,30549.75,30550.50,15,30549.75,30550.00,0.25
2026-06-02 09:28:51,30550.25,30550.50,30550.00,30550.00,15,30547.50,30548.00,0.50
2026-06-02 09:28:52,30549.75,30549.75,30547.25,30547.25,84,30548.25,30548.75,0.50
2026-06-02 09:28:53,30547.50,30548.50,30547.25,30548.00,29,30548.25,30548.75,0.50
2026-06-02 09:28:54,30548.25,30548.75,30548.25,30548.50,4,30548.75,30549.25,0.50
2026-06-02 09:28:55,30548.75,30549.75,30548.50,30548.75,23,30548.75,30549.25,0.50
2026-06-02 09:28:56,30549.25,30549.50,30548.75,30549.00,13,30547.75,30548.25,0.50
2026-06-02 09:28:57,30548.25,30548.50,30547.75,30547.75,10,30547.25,30547.75,0.50
2026-06-02 09:28:58,30547.75,30548.00,30547.25,30547.25,24,30546.25,30546.75,0.50
2026-06-02 09:28:59,30547.00,30547.00,30546.25,30546.25,24,30546.00,30546.50,0.50
2026-06-02 09:29:00,30546.25,30546.50,30544.75,30545.50,77,30545.25,30545.75,0.50
2026-06-02 09:29:01,30546.25,30546.75,30545.00,30545.25,103,30545.00,30545.50,0.50
2026-06-02 09:29:02,30545.00,30546.75,30543.75,30545.25,165,30544.75,30545.25,0.50
2026-06-02 09:29:03,30545.00,30545.00,30544.00,30545.00,59,30542.25,30542.75,0.50
2026-06-02 09:29:04,30544.75,30545.75,30542.50,30542.50,61,30541.00,30541.50,0.50
2026-06-02 09:29:05,30542.75,30542.75,30541.25,30541.25,34,30541.00,30541.50,0.50
2026-06-02 09:29:06,30541.25,30541.25,30539.50,30541.25,124,30542.50,30543.00,0.50
2026-06-02 09:29:07,30540.50,30542.75,30540.50,30542.50,43,30542.00,30542.50,0.50
2026-06-02 09:29:08,30542.50,30542.50,30541.50,30542.50,31,30541.50,30542.00,0.50
2026-06-02 09:29:09,30542.25,30543.25,30541.50,30541.75,22,30541.75,30542.25,0.50
2026-06-02 09:29:10,30541.25,30542.50,30540.00,30542.00,89,30542.75,30543.25,0.50
2026-06-02 09:29:11,30542.25,30542.75,30540.00,30542.75,71,30542.25,30542.75,0.50
2026-06-02 09:29:12,30543.00,30543.25,30542.50,30543.00,37,30543.50,30544.00,0.50
2026-06-02 09:29:13,30542.50,30544.50,30542.50,30543.00,32,30543.00,30543.50,0.50
2026-06-02 09:29:14,30543.75,30544.00,30542.75,30543.00,27,30546.50,30547.00,0.50
2026-06-02 09:29:15,30543.50,30547.00,30543.25,30547.00,68,30545.00,30545.50,0.50
2026-06-02 09:29:16,30546.50,30546.50,30545.25,30545.25,19,30545.00,30545.50,0.50
2026-06-02 09:29:17,30545.75,30546.50,30545.25,30545.25,39,30545.00,30545.50,0.50
2026-06-02 09:29:18,30545.50,30545.75,30544.75,30545.25,22,30544.25,30544.75,0.50
2026-06-02 09:29:19,30544.50,30545.25,30544.25,30544.50,12,30544.50,30545.00,0.50
2026-06-02 09:29:20,30544.25,30545.25,30544.25,30544.75,15,30542.50,30543.00,0.50
2026-06-02 09:29:21,30543.00,30543.25,30542.75,30543.00,19,30542.75,30543.25,0.50
2026-06-02 09:29:22,30542.50,30542.75,30542.50,30542.75,7,30542.75,30543.25,0.50
2026-06-02 09:29:23,30543.00,30543.25,30542.75,30543.00,11,30542.25,30542.75,0.50
2026-06-02 09:29:24,30543.00,30543.25,30542.25,30542.75,17,30542.25,30542.75,0.50
2026-06-02 09:29:25,30542.75,30543.00,30542.25,30542.50,31,30542.25,30542.75,0.50
2026-06-02 09:29:26,30542.75,30546.00,30542.75,30544.75,90,30545.00,30545.50,0.50
2026-06-02 09:29:27,30544.25,30545.75,30544.25,30545.75,21,30545.25,30545.50,0.25
2026-06-02 09:29:28,30545.00,30545.25,30544.50,30545.25,15,30542.50,30543.00,0.50
2026-06-02 09:29:29,30545.25,30545.25,30542.50,30543.25,39,30543.75,30544.25,0.50
2026-06-02 09:29:30,30543.00,30544.50,30543.00,30544.00,44,30544.25,30544.75,0.50
2026-06-02 09:29:31,30544.75,30545.00,30543.50,30544.75,40,30545.50,30546.00,0.50
2026-06-02 09:29:32,30544.75,30545.75,30544.25,30545.75,26,30545.25,30545.75,0.50
2026-06-02 09:29:33,30546.00,30546.25,30545.25,30545.75,13,30546.00,30546.50,0.50
2026-06-02 09:29:34,30545.25,30546.00,30544.50,30545.50,71,30547.25,30547.75,0.50
2026-06-02 09:29:35,30546.50,30547.75,30546.25,30547.25,22,30547.75,30548.00,0.25
2026-06-02 09:29:36,30547.50,30548.75,30547.50,30548.00,69,30549.00,30549.50,0.50
2026-06-02 09:29:37,30548.00,30549.75,30547.75,30549.75,46,30550.75,30551.25,0.50
2026-06-02 09:29:38,30549.50,30551.25,30549.25,30551.25,65,30551.25,30551.75,0.50
2026-06-02 09:29:39,30551.25,30551.75,30550.50,30551.75,25,30549.50,30550.00,0.50
2026-06-02 09:29:40,30551.75,30551.75,30550.00,30550.00,44,30550.50,30551.00,0.50
2026-06-02 09:29:41,30550.50,30551.50,30550.25,30550.50,19,30551.00,30551.50,0.50
2026-06-02 09:29:42,30550.50,30551.25,30550.00,30551.00,31,30547.25,30547.75,0.50
2026-06-02 09:29:43,30550.75,30550.75,30547.25,30547.25,122,30548.75,30549.25,0.50
2026-06-02 09:29:44,30547.75,30549.00,30547.25,30549.00,80,30549.25,30549.75,0.50
2026-06-02 09:29:45,30548.75,30550.25,30548.50,30549.75,38,30552.25,30552.75,0.50
2026-06-02 09:29:46,30549.75,30553.50,30549.75,30552.50,286,30553.00,30553.50,0.50
2026-06-02 09:29:47,30552.75,30554.50,30552.25,30552.75,121,30553.00,30553.50,0.50
2026-06-02 09:29:48,30553.25,30555.75,30552.50,30553.25,198,30554.50,30555.00,0.50
2026-06-02 09:29:49,30553.25,30555.25,30552.75,30554.50,99,30553.50,30554.00,0.50
2026-06-02 09:29:50,30555.00,30555.25,30552.50,30553.50,88,30552.75,30553.25,0.50
2026-06-02 09:29:51,30554.00,30554.50,30553.00,30553.00,62,30555.25,30555.50,0.25
2026-06-02 09:29:52,30553.50,30555.75,30552.50,30555.00,67,30555.25,30555.75,0.50
2026-06-02 09:29:53,30555.00,30557.75,30553.75,30555.75,132,30554.50,30554.75,0.25
2026-06-02 09:29:54,30555.75,30556.25,30554.50,30554.75,103,30556.25,30556.75,0.50
2026-06-02 09:29:55,30554.75,30557.75,30554.75,30556.50,117,30556.00,30556.50,0.50
2026-06-02 09:29:56,30556.75,30559.25,30556.00,30556.50,240,30555.00,30555.50,0.50
2026-06-02 09:29:57,30556.50,30557.75,30555.00,30555.75,121,30556.50,30557.00,0.50
2026-06-02 09:29:58,30555.50,30558.25,30555.00,30556.25,118,30556.50,30557.00,0.50
2026-06-02 09:29:59,30556.25,30557.50,30555.00,30557.50,89,30556.75,30557.25,0.50
2026-06-02 09:30:00,30557.00,30558.50,30554.25,30556.25,315,30553.75,30554.50,0.75
2026-06-02 09:30:01,30556.00,30560.00,30554.25,30554.25,801,30553.75,30554.50,0.75
2026-06-02 09:30:02,30554.25,30567.00,30552.50,30561.25,1006,30561.50,30562.00,0.50
2026-06-02 09:30:03,30562.00,30567.50,30555.75,30564.50,816,30564.00,30565.00,1.00
2026-06-02 09:30:04,30564.50,30565.75,30554.00,30561.50,783,30561.25,30562.00,0.75
2026-06-02 09:30:05,30561.25,30567.50,30556.25,30558.50,525,30558.75,30559.50,0.75
2026-06-02 09:30:06,30559.00,30560.75,30553.75,30558.50,290,30558.75,30559.50,0.75
2026-06-02 09:30:07,30559.00,30561.75,30554.50,30559.00,401,30559.50,30560.00,0.50
2026-06-02 09:30:08,30559.50,30562.00,30548.25,30549.25,323,30559.25,30497.50,-61.75
2026-06-02 09:30:09,30548.75,30548.75,30512.25,30512.25,1873,30531.00,30532.00,1.00
2026-06-02 09:30:14,30530.25,30536.50,30530.25,30532.25,579,30528.00,30529.50,1.50
2026-06-02 09:30:15,30531.00,30533.75,30525.75,30529.00,532,30528.50,30529.50,1.00
2026-06-02 09:30:16,30528.00,30534.00,30528.00,30529.50,147,30532.25,30533.25,1.00
2026-06-02 09:30:17,30529.50,30534.00,30529.25,30532.25,124,30532.25,30533.25,1.00
2026-06-02 09:30:18,30532.25,30532.75,30525.25,30525.50,153,30525.00,30525.75,0.75
2026-06-02 09:30:19,30526.00,30526.00,30514.75,30515.75,206,30511.25,30512.00,0.75
2026-06-02 09:30:20,30516.25,30517.25,30508.00,30511.50,341,30514.25,30515.25,1.00
2026-06-02 09:30:21,30512.50,30517.50,30510.50,30514.25,348,30512.25,30513.00,0.75
2026-06-02 09:30:22,30515.25,30518.75,30512.25,30512.75,232,30507.75,30508.50,0.75
2026-06-02 09:30:23,30512.00,30514.00,30508.75,30508.75,160,30507.75,30508.50,0.75
2026-06-02 09:30:24,30508.00,30508.50,30502.25,30502.50,392,30502.25,30503.25,1.00
2026-06-02 09:30:25,30503.25,30509.25,30500.75,30508.00,304,30512.00,30512.50,0.50
2026-06-02 09:30:26,30509.50,30511.75,30508.25,30510.75,240,30512.00,30512.50,0.50
2026-06-02 09:30:27,30511.75,30514.75,30506.00,30511.50,508,30511.00,30511.75,0.75
2026-06-02 09:30:28,30511.75,30515.75,30511.25,30514.00,128,30519.25,30520.00,0.75
2026-06-02 09:30:29,30514.75,30519.25,30512.25,30519.25,208,30522.75,30523.50,0.75
2026-06-02 09:30:30,30519.25,30524.25,30519.00,30523.50,236,30522.75,30523.50,0.75
2026-06-02 09:30:31,30522.75,30524.00,30518.25,30518.25,198,30512.00,30512.75,0.75
2026-06-02 09:30:32,30518.00,30518.50,30510.00,30512.25,208,30517.00,30517.75,0.75
2026-06-02 09:30:33,30512.75,30519.25,30512.75,30517.75,169,30517.50,30518.25,0.75
2026-06-02 09:30:34,30517.00,30520.75,30516.25,30518.50,107,30519.75,30520.50,0.75
2026-06-02 09:30:35,30518.25,30522.50,30517.00,30520.25,85,30521.25,30522.00,0.75
2026-06-02 09:30:36,30521.25,30524.50,30520.00,30522.00,158,30520.25,30521.00,0.75
2026-06-02 09:30:37,30522.00,30522.75,30516.50,30521.50,97,30518.00,30518.50,0.50
2026-06-02 09:30:38,30520.25,30520.25,30515.75,30518.25,121,30523.00,30523.50,0.50
2026-06-02 09:30:39,30518.75,30524.00,30518.25,30523.00,149,30524.25,30524.75,0.50
2026-06-02 09:30:40,30523.50,30529.50,30523.50,30524.25,305,30522.50,30523.25,0.75
2026-06-02 09:30:41,30524.75,30526.75,30523.00,30523.75,125,30522.50,30523.25,0.75
2026-06-02 09:30:42,30522.75,30523.50,30521.00,30522.50,124,30522.50,30523.25,0.75
2026-06-02 09:30:43,30523.00,30523.25,30515.75,30516.75,240,30505.25,30505.75,0.50
2026-06-02 09:30:44,30516.25,30516.25,30503.25,30504.75,437,30505.25,30505.75,0.50
2026-06-02 09:30:45,30505.00,30505.75,30500.25,30501.25,342,30503.00,30503.75,0.75
2026-06-02 09:30:46,30501.25,30507.00,30499.75,30504.00,289,30503.00,30503.75,0.75
2026-06-02 09:30:47,30503.75,30505.75,30502.50,30504.25,195,30503.50,30504.25,0.75
2026-06-02 09:30:48,30504.25,30506.75,30503.25,30504.25,153,30504.50,30505.00,0.50
2026-06-02 09:30:49,30504.50,30506.25,30503.00,30504.25,128,30506.00,30506.75,0.75
2026-06-02 09:30:50,30504.25,30507.50,30504.00,30506.00,101,30509.50,30510.25,0.75
2026-06-02 09:30:51,30505.50,30511.00,30505.00,30510.50,121,30509.25,30509.75,0.50
2026-06-02 09:30:52,30510.75,30511.00,30508.25,30510.00,135,30500.75,30501.00,0.25
2026-06-02 09:30:53,30509.75,30510.00,30500.25,30500.75,200,30499.25,30500.00,0.75
2026-06-02 09:30:54,30500.75,30501.25,30497.75,30499.25,200,30499.75,30500.50,0.75
2026-06-02 09:30:55,30499.75,30500.75,30497.75,30500.50,181,30500.50,30501.25,0.75
2026-06-02 09:30:56,30499.75,30503.75,30498.25,30500.75,208,30500.00,30500.75,0.75
2026-06-02 09:30:57,30500.50,30500.50,30497.50,30500.50,140,30503.75,30504.50,0.75
2026-06-02 09:30:58,30500.50,30504.25,30497.75,30503.75,115,30503.75,30504.50,0.75
2026-06-02 09:30:59,30504.25,30507.25,30503.50,30505.00,158,30503.00,30503.50,0.50
2026-06-02 09:31:00,30505.00,30506.75,30501.50,30503.50,173,30504.50,30505.00,0.50
2026-06-02 09:31:01,30503.50,30505.50,30497.25,30505.00,492,30504.50,30505.00,0.50
2026-06-02 09:31:02,30504.25,30505.75,30495.50,30498.00,683,30497.75,30498.50,0.75
2026-06-02 09:31:03,30497.75,30500.25,30495.50,30495.50,279,30493.00,30493.75,0.75
2026-06-02 09:31:04,30495.75,30496.00,30487.75,30492.25,655,30493.00,30493.75,0.75
2026-06-02 09:31:05,30493.00,30501.75,30488.00,30497.75,430,30496.50,30497.25,0.75
2026-06-02 09:31:06,30498.50,30502.00,30496.00,30497.25,279,30506.50,30507.25,0.75
2026-06-02 09:31:07,30496.50,30507.25,30496.50,30506.75,367,30506.50,30507.25,0.75
2026-06-02 09:31:08,30507.25,30515.75,30506.50,30513.00,505,30512.25,30513.00,0.75
2026-06-02 09:31:09,30512.25,30514.50,30508.75,30509.50,326,30509.25,30510.25,1.00
2026-06-02 09:31:10,30510.00,30511.50,30508.00,30510.75,169,30509.50,30510.50,1.00
2026-06-02 09:31:11,30509.75,30512.50,30507.50,30508.25,176,30509.50,30510.50,1.00
2026-06-02 09:31:12,30510.25,30512.75,30504.50,30504.50,158,30504.25,30505.00,0.75
2026-06-02 09:31:13,30504.75,30510.50,30504.00,30510.25,194,30506.75,30507.75,1.00
2026-06-02 09:31:14,30509.25,30513.25,30507.50,30508.00,123,30507.75,30508.25,0.50
2026-06-02 09:31:15,30507.75,30510.25,30505.25,30508.00,146,30511.25,30512.00,0.75
2026-06-02 09:31:16,30507.50,30512.00,30505.75,30511.50,131,30511.75,30512.50,0.75
2026-06-02 09:31:17,30512.00,30515.00,30509.75,30512.00,160,30511.75,30512.50,0.75
2026-06-02 09:31:18,30512.25,30516.50,30511.75,30513.50,133,30513.00,30513.75,0.75
2026-06-02 09:31:19,30513.25,30514.00,30509.25,30511.00,150,30510.75,30511.25,0.50
2026-06-02 09:31:20,30511.00,30514.25,30507.50,30507.50,129,30508.50,30509.25,0.75
2026-06-02 09:31:21,30507.25,30514.00,30506.50,30508.50,118,30504.75,30505.25,0.50
2026-06-02 09:31:22,30508.75,30508.75,30504.00,30505.25,193,30501.50,30502.25,0.75
2026-06-02 09:31:23,30505.25,30506.75,30501.25,30501.75,139,30501.50,30502.25,0.75
2026-06-02 09:31:24,30501.75,30507.50,30500.75,30503.25,346,30513.25,30514.00,0.75
2026-06-02 09:31:25,30503.00,30514.00,30501.75,30513.25,136,30516.00,30516.75,0.75
2026-06-02 09:31:26,30514.25,30519.00,30513.75,30515.75,321,30518.75,30519.50,0.75
2026-06-02 09:31:27,30517.25,30523.00,30515.00,30520.00,379,30518.75,30519.50,0.75
2026-06-02 09:31:28,30519.50,30519.50,30510.75,30513.25,331,30511.75,30513.00,1.25
2026-06-02 09:31:29,30512.00,30514.25,30511.25,30512.00,124,30511.75,30513.00,1.25
2026-06-02 09:31:30,30512.00,30515.75,30511.50,30513.50,148,30514.50,30515.25,0.75
2026-06-02 09:31:31,30513.50,30517.25,30512.50,30515.00,220,30514.50,30515.25,0.75
2026-06-02 09:31:32,30515.25,30515.75,30509.50,30510.75,180,30508.25,30508.75,0.50
2026-06-02 09:31:33,30511.00,30511.00,30507.25,30508.00,153,30508.25,30508.75,0.50
2026-06-02 09:31:34,30508.50,30509.50,30505.50,30508.00,112,30507.00,30507.75,0.75
2026-06-02 09:31:35,30507.00,30509.00,30504.50,30507.50,198,30512.00,30512.50,0.50
2026-06-02 09:31:36,30506.50,30512.50,30505.25,30512.50,79,30512.00,30512.50,0.50
2026-06-02 09:31:37,30511.50,30514.50,30508.50,30508.50,134,30510.75,30511.25,0.50
2026-06-02 09:31:38,30509.00,30512.00,30508.00,30510.50,78,30511.00,30511.75,0.75
2026-06-02 09:31:39,30511.25,30513.25,30509.25,30511.50,78,30508.75,30509.50,0.75
2026-06-02 09:31:40,30511.25,30511.50,30509.00,30509.25,61,30512.25,30513.00,0.75
2026-06-02 09:31:41,30508.75,30512.50,30506.00,30512.25,170,30513.50,30514.00,0.50
2026-06-02 09:31:42,30512.50,30514.50,30509.75,30513.50,74,30512.50,30513.25,0.75
2026-06-02 09:31:43,30514.75,30516.25,30513.00,30513.25,108,30508.50,30509.00,0.50
2026-06-02 09:31:44,30513.00,30513.75,30507.25,30508.50,120,30510.50,30511.00,0.50
2026-06-02 09:31:45,30508.25,30511.00,30505.50,30510.75,108,30517.00,30517.25,0.25
2026-06-02 09:31:46,30510.50,30517.00,30509.50,30517.00,89,30517.00,30517.25,0.25
2026-06-02 09:31:47,30517.00,30518.50,30515.50,30515.50,122,30515.75,30516.25,0.50
2026-06-02 09:31:48,30515.50,30516.25,30514.25,30515.50,142,30519.25,30520.00,0.75
2026-06-02 09:31:49,30516.00,30521.25,30515.25,30520.25,160,30519.25,30520.00,0.75
2026-06-02 09:31:50,30520.00,30520.50,30515.50,30515.50,106,30515.50,30516.00,0.50
2026-06-02 09:31:51,30516.50,30520.25,30515.00,30519.25,108,30516.50,30517.00,0.50
2026-06-02 09:31:52,30519.00,30519.75,30516.25,30516.75,104,30512.75,30513.25,0.50
2026-06-02 09:31:53,30516.50,30518.00,30512.25,30513.25,149,30513.00,30513.50,0.50
2026-06-02 09:31:54,30513.25,30514.00,30510.50,30512.25,91,30511.00,30511.75,0.75
2026-06-02 09:31:55,30513.50,30514.00,30511.00,30511.75,83,30511.00,30511.75,0.75
2026-06-02 09:31:56,30511.00,30512.25,30510.25,30512.00,78,30511.50,30512.25,0.75
2026-06-02 09:31:57,30511.75,30513.00,30509.00,30510.00,79,30514.00,30514.50,0.50
2026-06-02 09:31:58,30509.50,30514.50,30509.50,30514.50,102,30513.25,30514.00,0.75
2026-06-02 09:31:59,30514.75,30516.50,30512.50,30513.75,81,30511.00,30511.75,0.75
2026-06-02 09:32:00,30513.25,30513.50,30510.00,30511.25,120,30511.00,30511.75,0.75
2026-06-02 09:32:01,30511.75,30515.25,30511.00,30514.25,156,30519.00,30519.50,0.50
2026-06-02 09:32:02,30514.50,30520.50,30513.50,30519.50,161,30523.50,30524.25,0.75
2026-06-02 09:32:03,30518.50,30524.50,30516.25,30523.25,288,30523.50,30524.25,0.75
2026-06-02 09:32:04,30524.00,30529.25,30523.50,30524.00,492,30523.75,30524.25,0.50
2026-06-02 09:32:05,30524.00,30527.50,30523.00,30525.25,258,30524.50,30525.25,0.75
2026-06-02 09:32:06,30525.00,30530.00,30524.00,30525.75,237,30519.50,30520.25,0.75
2026-06-02 09:32:07,30525.75,30528.25,30520.00,30520.00,408,30520.00,30520.50,0.50
2026-06-02 09:32:08,30519.50,30521.00,30514.25,30519.75,254,30521.00,30521.75,0.75
2026-06-02 09:32:09,30520.75,30521.25,30518.00,30521.25,116,30520.25,30521.00,0.75
2026-06-02 09:32:10,30521.00,30522.00,30518.25,30520.75,97,30517.25,30518.00,0.75
2026-06-02 09:32:11,30520.25,30523.25,30517.75,30518.00,120,30519.50,30519.75,0.25
2026-06-02 09:32:12,30518.25,30520.75,30517.00,30519.75,93,30518.50,30519.00,0.50
2026-06-02 09:32:13,30519.50,30521.25,30518.75,30519.00,65,30518.50,30519.00,0.50
2026-06-02 09:32:14,30518.75,30518.75,30511.50,30513.50,139,30516.00,30516.75,0.75
2026-06-02 09:32:15,30513.75,30517.00,30510.50,30516.50,168,30511.50,30512.25,0.75
2026-06-02 09:32:16,30517.00,30517.00,30511.50,30512.25,149,30511.00,30511.75,0.75
2026-06-02 09:32:17,30512.25,30513.00,30509.25,30510.75,253,30509.00,30509.75,0.75
2026-06-02 09:32:18,30511.00,30511.00,30507.50,30509.25,139,30513.25,30513.75,0.50
2026-06-02 09:32:19,30508.75,30513.75,30507.00,30513.25,128,30516.75,30517.50,0.75
2026-06-02 09:32:20,30513.25,30518.75,30513.00,30516.75,121,30516.75,30517.50,0.75
2026-06-02 09:32:21,30516.75,30518.25,30515.50,30516.25,84,30515.25,30515.75,0.50
2026-06-02 09:32:22,30516.25,30517.00,30513.50,30516.00,75,30513.25,30513.75,0.50
2026-06-02 09:32:23,30515.75,30517.50,30513.00,30513.25,66,30512.50,30513.25,0.75
2026-06-02 09:32:24,30513.00,30513.75,30512.25,30513.25,44,30515.00,30515.50,0.50
2026-06-02 09:32:25,30512.50,30516.00,30511.25,30516.00,97,30514.75,30515.25,0.50
2026-06-02 09:32:26,30515.00,30516.25,30514.25,30516.00,73,30512.25,30512.75,0.50
2026-06-02 09:32:27,30514.50,30514.50,30510.25,30513.25,115,30509.75,30510.25,0.50
2026-06-02 09:32:28,30512.25,30512.25,30508.75,30510.00,102,30508.75,30509.25,0.50
2026-06-02 09:32:29,30509.25,30512.00,30508.50,30509.50,98,30501.75,30502.50,0.75
2026-06-02 09:32:30,30509.00,30509.00,30502.00,30502.00,281,30504.25,30504.75,0.50
2026-06-02 09:32:31,30503.25,30504.75,30502.25,30504.75,166,30507.50,30508.25,0.75
2026-06-02 09:32:32,30504.25,30508.00,30503.25,30508.00,151,30511.50,30512.25,0.75
2026-06-02 09:32:33,30508.75,30512.50,30508.25,30512.50,107,30505.50,30506.00,0.50
2026-06-02 09:32:34,30512.25,30512.25,30505.50,30505.50,95,30505.75,30506.25,0.50
2026-06-02 09:32:35,30505.50,30507.75,30504.50,30506.50,75,30505.75,30506.25,0.50
2026-06-02 09:32:36,30506.00,30506.00,30502.75,30503.50,105,30505.25,30505.75,0.50
2026-06-02 09:32:37,30503.25,30506.75,30502.75,30505.75,99,30505.25,30505.75,0.50
2026-06-02 09:32:38,30505.75,30507.25,30502.25,30502.50,90,30503.00,30503.50,0.50
2026-06-02 09:32:39,30501.75,30505.25,30500.75,30503.00,136,30506.00,30506.50,0.50
2026-06-02 09:32:40,30503.25,30506.75,30502.75,30506.25,93,30504.25,30505.00,0.75
2026-06-02 09:32:41,30506.50,30507.00,30503.50,30504.00,86,30504.25,30504.75,0.50
2026-06-02 09:32:42,30504.75,30505.50,30502.50,30505.25,70,30503.00,30503.50,0.50
2026-06-02 09:32:43,30504.25,30505.75,30502.25,30503.00,91,30503.00,30503.50,0.50
2026-06-02 09:32:44,30503.25,30504.50,30500.00,30502.25,137,30499.50,30500.00,0.50
2026-06-02 09:32:45,30501.25,30502.00,30499.50,30499.50,160,30494.25,30494.75,0.50
2026-06-02 09:32:46,30499.50,30501.25,30493.75,30494.50,323,30490.50,30491.00,0.50
2026-06-02 09:32:47,30494.25,30495.00,30490.25,30490.75,319,30489.25,30489.75,0.50
2026-06-02 09:32:48,30490.50,30492.50,30489.25,30490.25,250,30489.25,30489.75,0.50
2026-06-02 09:32:49,30489.50,30493.25,30489.00,30490.25,212,30490.25,30491.00,0.75
2026-06-02 09:32:50,30490.75,30493.25,30489.50,30491.75,163,30491.25,30491.75,0.50
2026-06-02 09:32:51,30491.50,30496.75,30491.25,30496.00,142,30493.50,30494.00,0.50
2026-06-02 09:32:52,30495.50,30497.00,30491.75,30494.00,259,30490.50,30491.00,0.50
2026-06-02 09:32:53,30494.00,30495.00,30489.75,30491.00,128,30492.00,30492.50,0.50
2026-06-02 09:32:54,30490.50,30494.75,30490.25,30492.75,92,30489.25,30490.00,0.75
2026-06-02 09:32:55,30492.50,30492.50,30488.50,30489.75,107,30489.25,30490.00,0.75
2026-06-02 09:32:56,30490.00,30490.25,30485.75,30486.75,280,30488.00,30488.50,0.50
2026-06-02 09:32:57,30486.50,30490.00,30483.00,30488.25,545,30485.75,30486.25,0.50
2026-06-02 09:32:58,30488.50,30488.50,30484.00,30486.00,150,30489.25,30489.75,0.50
2026-06-02 09:32:59,30486.25,30490.50,30484.75,30489.25,236,30489.25,30489.75,0.50
2026-06-02 09:33:00,30489.50,30494.75,30489.50,30492.75,258,30491.25,30491.75,0.50
2026-06-02 09:33:01,30492.25,30493.75,30489.75,30491.75,201,30493.00,30493.50,0.50
2026-06-02 09:33:02,30491.50,30494.00,30489.75,30493.00,228,30493.25,30493.75,0.50
2026-06-02 09:33:03,30492.25,30493.75,30491.25,30493.75,99,30490.75,30491.50,0.75
2026-06-02 09:33:04,30493.75,30496.00,30491.00,30491.00,233,30492.25,30493.00,0.75
2026-06-02 09:33:05,30490.75,30496.50,30490.25,30493.00,165,30492.25,30493.00,0.75
2026-06-02 09:33:06,30492.50,30494.00,30490.25,30493.25,156,30496.00,30496.50,0.50
2026-06-02 09:33:07,30493.00,30496.00,30490.50,30496.00,109,30497.75,30498.50,0.75
2026-06-02 09:33:08,30496.25,30499.00,30495.50,30498.00,137,30497.75,30498.50,0.75
2026-06-02 09:33:09,30497.50,30499.75,30496.75,30498.00,160,30494.00,30494.50,0.50
2026-06-02 09:33:10,30498.00,30498.50,30493.75,30494.25,115,30495.00,30495.50,0.50
2026-06-02 09:33:11,30494.00,30496.75,30493.50,30495.00,91,30495.00,30495.50,0.50
2026-06-02 09:33:12,30495.50,30497.00,30494.00,30495.25,130,30495.25,30496.00,0.75
2026-06-02 09:33:13,30495.25,30497.00,30493.50,30495.50,95,30495.25,30496.00,0.75
2026-06-02 09:33:14,30495.50,30496.00,30492.75,30493.50,90,30493.50,30494.25,0.75
2026-06-02 09:33:15,30493.75,30495.00,30492.50,30494.25,70,30493.25,30493.50,0.25
2026-06-02 09:33:16,30492.75,30494.00,30490.75,30493.50,70,30493.25,30493.50,0.25
2026-06-02 09:33:17,30493.25,30494.00,30491.75,30493.50,90,30498.50,30499.00,0.50
2026-06-02 09:33:18,30493.75,30499.00,30493.75,30498.75,124,30498.50,30499.00,0.50
2026-06-02 09:33:19,30499.00,30506.00,30498.50,30505.00,334,30501.00,30501.50,0.50
2026-06-02 09:33:20,30505.25,30505.75,30501.00,30501.00,126,30501.00,30501.50,0.50
2026-06-02 09:33:21,30501.25,30502.75,30500.25,30500.25,96,30498.50,30499.25,0.75
2026-06-02 09:33:22,30500.00,30500.00,30497.25,30498.75,106,30492.75,30493.25,0.50
2026-06-02 09:33:23,30499.25,30499.75,30492.50,30493.75,79,30488.25,30489.00,0.75
2026-06-02 09:33:24,30493.00,30493.75,30487.75,30488.50,333,30486.75,30487.25,0.50
2026-06-02 09:33:25,30488.75,30489.25,30486.75,30487.00,132,30487.50,30488.25,0.75
2026-06-02 09:33:26,30487.25,30490.75,30486.75,30487.75,182,30487.50,30488.25,0.75
2026-06-02 09:33:27,30487.75,30489.00,30483.00,30483.75,276,30484.00,30484.50,0.50
2026-06-02 09:33:28,30484.25,30485.25,30481.25,30484.50,362,30484.50,30485.00,0.50
2026-06-02 09:33:29,30484.00,30485.25,30482.50,30484.75,198,30480.50,30481.00,0.50
2026-06-02 09:33:30,30484.50,30486.25,30477.75,30480.00,425,30480.50,30481.00,0.50
2026-06-02 09:33:31,30479.75,30485.00,30479.25,30484.00,338,30484.00,30484.50,0.50
2026-06-02 09:33:32,30484.00,30485.75,30481.25,30482.00,182,30485.25,30485.75,0.50
2026-06-02 09:33:33,30482.00,30486.25,30481.50,30485.75,154,30485.25,30485.75,0.50
2026-06-02 09:33:34,30485.50,30487.00,30482.25,30484.50,238,30482.75,30483.50,0.75
2026-06-02 09:33:35,30484.50,30484.50,30482.00,30482.75,152,30485.25,30486.00,0.75
2026-06-02 09:33:36,30483.25,30485.75,30483.00,30484.25,102,30484.75,30485.50,0.75
2026-06-02 09:33:37,30486.00,30488.50,30485.25,30485.25,247,30486.00,30486.50,0.50
2026-06-02 09:33:38,30485.50,30487.75,30485.00,30486.25,94,30483.75,30484.25,0.50
2026-06-02 09:33:39,30486.50,30486.50,30482.75,30483.50,107,30482.00,30482.50,0.50
2026-06-02 09:33:40,30483.75,30485.00,30480.25,30483.00,341,30482.50,30483.00,0.50
2026-06-02 09:33:41,30482.00,30483.75,30481.25,30482.25,101,30482.50,30483.00,0.50
2026-06-02 09:33:42,30482.50,30482.75,30480.75,30482.25,102,30482.00,30482.50,0.50
2026-06-02 09:33:43,30482.50,30484.50,30481.75,30484.00,121,30484.50,30485.00,0.50
2026-06-02 09:33:44,30483.75,30484.75,30483.00,30484.75,83,30490.00,30490.50,0.50
2026-06-02 09:33:45,30485.00,30490.75,30484.50,30490.75,144,30490.50,30491.00,0.50
2026-06-02 09:33:46,30490.00,30491.25,30488.75,30491.25,131,30493.00,30493.50,0.50
2026-06-02 09:33:47,30491.50,30496.00,30491.25,30492.75,316,30493.00,30493.50,0.50
2026-06-02 09:33:48,30492.75,30493.75,30485.25,30485.25,263,30485.25,30485.75,0.50
2026-06-02 09:33:49,30485.50,30486.50,30483.75,30485.50,90,30485.00,30485.50,0.50
2026-06-02 09:33:50,30485.75,30489.00,30485.00,30485.00,106,30489.75,30490.25,0.50
2026-06-02 09:33:51,30485.50,30489.75,30485.50,30489.75,60,30488.25,30488.75,0.50
2026-06-02 09:33:52,30489.75,30489.75,30486.00,30488.50,79,30488.25,30488.75,0.50
2026-06-02 09:33:53,30488.50,30491.75,30488.50,30489.00,76,30486.50,30487.00,0.50
2026-06-02 09:33:54,30488.75,30490.00,30487.25,30487.25,62,30486.50,30487.00,0.50
2026-06-02 09:33:55,30487.00,30488.50,30486.00,30486.75,100,30486.75,30487.25,0.50
2026-06-02 09:33:56,30487.00,30487.50,30484.00,30487.50,116,30487.25,30487.75,0.50
2026-06-02 09:33:57,30487.25,30488.50,30486.25,30487.50,100,30485.50,30486.00,0.50
2026-06-02 09:33:58,30487.75,30488.50,30485.50,30485.50,60,30487.50,30488.00,0.50
2026-06-02 09:33:59,30486.00,30487.50,30484.25,30487.50,95,30486.50,30487.25,0.75
2026-06-02 09:34:00,30487.50,30489.25,30486.25,30487.00,78,30490.00,30490.75,0.75
2026-06-02 09:34:01,30487.25,30490.50,30487.00,30490.25,132,30493.75,30494.25,0.50
2026-06-02 09:34:02,30491.00,30494.75,30489.75,30494.00,155,30482.75,30483.25,0.50
2026-06-02 09:34:03,30494.25,30494.50,30483.00,30483.00,217,30483.00,30483.50,0.50
2026-06-02 09:34:04,30483.25,30486.25,30483.25,30483.75,127,30480.75,30481.25,0.50
2026-06-02 09:34:05,30482.75,30482.75,30480.00,30481.00,171,30482.25,30482.75,0.50
2026-06-02 09:34:06,30481.00,30483.50,30479.25,30482.75,239,30484.25,30484.75,0.50
2026-06-02 09:34:07,30482.25,30486.25,30481.00,30484.75,156,30480.75,30481.25,0.50
2026-06-02 09:34:08,30484.75,30485.00,30480.00,30480.75,105,30483.00,30483.50,0.50
2026-06-02 09:34:09,30481.25,30483.75,30481.25,30483.25,105,30486.00,30486.50,0.50
2026-06-02 09:34:10,30483.00,30487.25,30481.50,30486.25,193,30486.00,30486.50,0.50
2026-06-02 09:34:11,30486.25,30486.50,30483.25,30485.00,112,30484.75,30485.25,0.50
2026-06-02 09:34:12,30485.00,30487.50,30483.00,30483.00,128,30479.50,30480.00,0.50
2026-06-02 09:34:13,30483.00,30483.25,30477.50,30479.75,229,30481.50,30482.00,0.50
2026-06-02 09:34:14,30480.00,30482.75,30480.00,30481.75,102,30483.00,30483.50,0.50
2026-06-02 09:34:15,30481.75,30484.00,30481.00,30483.50,140,30483.25,30483.75,0.50
2026-06-02 09:34:16,30483.25,30484.25,30481.25,30483.00,70,30483.25,30483.75,0.50
2026-06-02 09:34:17,30483.75,30483.75,30480.00,30480.25,99,30480.00,30480.75,0.75
2026-06-02 09:34:18,30480.25,30480.75,30475.50,30476.00,555,30475.25,30475.50,0.25
2026-06-02 09:34:19,30475.75,30475.75,30469.75,30470.75,726,30470.25,30470.75,0.50
2026-06-02 09:34:20,30471.00,30471.75,30468.25,30469.75,352,30469.50,30470.00,0.50
2026-06-02 09:34:21,30469.75,30470.25,30467.50,30470.00,491,30469.75,30470.25,0.50
2026-06-02 09:34:22,30470.00,30472.00,30468.50,30471.00,248,30467.25,30467.75,0.50
2026-06-02 09:34:23,30470.50,30470.75,30466.75,30468.00,180,30467.25,30467.75,0.50
2026-06-02 09:34:24,30467.75,30474.25,30467.75,30474.25,219,30475.50,30476.25,0.75
2026-06-02 09:34:25,30474.00,30476.50,30472.00,30475.75,263,30474.25,30474.75,0.50
2026-06-02 09:34:26,30475.50,30478.00,30474.50,30474.75,266,30474.25,30474.75,0.50
2026-06-02 09:34:27,30475.00,30477.75,30473.00,30474.25,159,30475.75,30476.25,0.50
2026-06-02 09:34:28,30474.25,30476.50,30473.75,30475.75,118,30476.50,30477.00,0.50
2026-06-02 09:34:29,30476.00,30477.00,30474.50,30477.00,106,30475.00,30475.50,0.50
2026-06-02 09:34:30,30476.50,30478.50,30474.75,30475.50,121,30473.25,30473.75,0.50
2026-06-02 09:34:31,30475.50,30475.75,30472.00,30473.50,153,30476.25,30476.50,0.25
2026-06-02 09:34:32,30473.75,30476.25,30473.75,30476.25,76,30476.25,30476.50,0.25
2026-06-02 09:34:33,30476.25,30476.25,30474.00,30476.00,68,30475.50,30476.00,0.50
2026-06-02 09:34:34,30475.50,30476.25,30474.75,30475.75,84,30479.00,30479.50,0.50
2026-06-02 09:34:35,30475.75,30479.75,30475.50,30479.75,198,30479.25,30479.75,0.50
2026-06-02 09:34:36,30479.75,30481.50,30479.25,30480.00,152,30477.50,30478.00,0.50
2026-06-02 09:34:37,30479.75,30480.00,30477.00,30477.75,111,30477.00,30477.50,0.50
2026-06-02 09:34:38,30477.75,30478.25,30475.75,30477.00,110,30477.00,30477.50,0.50
2026-06-02 09:34:39,30477.50,30479.00,30476.50,30477.75,56,30476.25,30476.75,0.50
2026-06-02 09:34:40,30478.00,30479.00,30475.25,30476.75,67,30477.50,30478.00,0.50
2026-06-02 09:34:41,30477.00,30478.25,30475.25,30477.75,75,30478.50,30479.00,0.50
2026-06-02 09:34:42,30478.00,30478.50,30476.25,30478.00,51,30481.75,30482.25,0.50
2026-06-02 09:34:43,30478.75,30483.25,30478.50,30482.25,200,30481.75,30482.25,0.50
2026-06-02 09:34:44,30482.25,30484.50,30482.00,30482.50,136,30481.75,30482.25,0.50
2026-06-02 09:34:45,30482.00,30484.25,30481.25,30481.25,83,30477.50,30478.00,0.50
2026-06-02 09:34:46,30481.50,30481.50,30477.25,30477.75,101,30478.50,30479.00,0.50
2026-06-02 09:34:47,30478.00,30480.00,30477.00,30478.50,95,30479.00,30479.50,0.50
2026-06-02 09:34:48,30479.50,30480.25,30478.50,30479.00,48,30477.75,30478.50,0.75
2026-06-02 09:34:49,30479.25,30479.50,30477.25,30478.50,73,30478.75,30479.25,0.50
2026-06-02 09:34:50,30478.50,30480.25,30478.00,30478.75,73,30479.75,30480.25,0.50
2026-06-02 09:34:51,30478.75,30481.75,30478.75,30481.75,174,30478.75,30479.25,0.50
2026-06-02 09:34:52,30479.50,30479.75,30477.25,30479.25,70,30478.50,30479.00,0.50
2026-06-02 09:34:53,30479.25,30479.25,30476.00,30478.75,92,30479.00,30479.50,0.50
2026-06-02 09:34:54,30479.75,30480.50,30478.75,30479.25,72,30480.50,30481.00,0.50
2026-06-02 09:34:55,30479.75,30481.25,30479.50,30480.25,94,30482.25,30482.50,0.25
2026-06-02 09:34:56,30481.00,30483.25,30480.50,30482.75,137,30481.25,30481.75,0.50
2026-06-02 09:34:57,30482.50,30483.25,30480.50,30481.75,97,30480.25,30480.75,0.50
2026-06-02 09:34:58,30481.50,30482.75,30480.50,30480.50,81,30479.50,30480.00,0.50
2026-06-02 09:34:59,30480.50,30480.75,30478.50,30479.75,94,30476.00,30476.50,0.50
2026-06-02 09:35:00,30479.75,30480.00,30475.75,30476.50,100,30475.50,30476.00,0.50
2026-06-02 09:35:01,30476.75,30478.75,30474.50,30475.75,481,30476.25,30476.75,0.50
2026-06-02 09:35:02,30475.75,30478.25,30474.25,30476.50,243,30477.00,30477.50,0.50
2026-06-02 09:35:03,30477.00,30478.75,30475.00,30477.75,119,30477.75,30478.25,0.50
2026-06-02 09:35:04,30477.50,30479.25,30476.75,30478.25,135,30476.00,30476.50,0.50
2026-06-02 09:35:05,30478.50,30478.75,30475.75,30476.00,121,30476.00,30476.50,0.50
2026-06-02 09:35:06,30476.00,30478.75,30475.75,30477.75,226,30476.75,30477.25,0.50
2026-06-02 09:35:07,30478.00,30478.50,30475.75,30477.25,120,30478.00,30478.50,0.50
2026-06-02 09:35:08,30477.00,30479.50,30475.00,30478.25,131,30480.25,30480.75,0.50
2026-06-02 09:35:09,30477.75,30481.25,30477.50,30480.50,122,30483.00,30483.50,0.50
2026-06-02 09:35:10,30480.50,30483.25,30480.00,30483.25,188,30483.00,30483.50,0.50
2026-06-02 09:35:11,30483.25,30484.75,30482.00,30484.25,176,30485.75,30486.00,0.25
2026-06-02 09:35:12,30483.75,30491.00,30483.75,30486.50,451,30485.75,30486.00,0.25
2026-06-02 09:35:13,30485.75,30487.50,30484.25,30484.75,246,30485.00,30485.50,0.50
2026-06-02 09:35:14,30484.25,30485.75,30483.00,30485.25,125,30486.75,30487.25,0.50
2026-06-02 09:35:15,30485.50,30487.25,30484.50,30486.75,84,30486.75,30487.25,0.50
2026-06-02 09:35:16,30487.00,30487.25,30481.50,30482.00,93,30478.00,30478.50,0.50
2026-06-02 09:35:17,30482.25,30482.25,30477.75,30477.75,166,30472.50,30473.00,0.50
2026-06-02 09:35:18,30477.75,30478.25,30471.50,30473.25,301,30472.50,30473.00,0.50
2026-06-02 09:35:19,30472.75,30473.00,30470.00,30472.75,326,30469.00,30469.50,0.50
2026-06-02 09:35:20,30472.50,30473.00,30468.25,30468.75,255,30470.25,30470.50,0.25
2026-06-02 09:35:21,30469.00,30472.00,30468.25,30470.00,151,30470.25,30470.50,0.25
2026-06-02 09:35:22,30470.00,30471.00,30464.25,30465.25,478,30464.50,30465.00,0.50
2026-06-02 09:35:23,30465.75,30465.75,30462.75,30464.75,374,30464.50,30465.00,0.50
2026-06-02 09:35:24,30464.75,30464.75,30460.25,30461.75,427,30461.75,30462.25,0.50
2026-06-02 09:35:25,30462.25,30463.50,30461.25,30462.50,253,30462.25,30462.75,0.50
2026-06-02 09:35:26,30462.00,30464.00,30460.50,30462.75,268,30463.00,30463.50,0.50
2026-06-02 09:35:27,30462.75,30464.50,30461.50,30463.50,215,30458.75,30459.25,0.50
2026-06-02 09:35:28,30463.00,30464.25,30457.50,30459.25,419,30458.75,30459.25,0.50
2026-06-02 09:35:29,30459.00,30462.75,30457.50,30462.00,268,30458.50,30459.00,0.50
2026-06-02 09:35:30,30461.00,30462.50,30457.75,30459.00,201,30458.50,30459.00,0.50
2026-06-02 09:35:31,30458.50,30459.75,30456.75,30458.75,244,30454.50,30455.00,0.50
2026-06-02 09:35:32,30458.50,30459.25,30454.75,30454.75,252,30454.50,30455.00,0.50
2026-06-02 09:35:33,30454.50,30455.75,30453.75,30455.25,257,30456.75,30457.25,0.50
2026-06-02 09:35:34,30455.25,30457.25,30453.75,30456.75,218,30456.75,30457.25,0.50
2026-06-02 09:35:35,30457.25,30459.75,30455.25,30456.00,325,30456.00,30457.00,1.00
2026-06-02 09:35:36,30456.25,30462.50,30454.75,30460.50,314,30458.75,30459.25,0.50
2026-06-02 09:35:37,30460.75,30462.50,30458.75,30459.50,226,30458.75,30459.25,0.50
2026-06-02 09:35:38,30459.00,30460.00,30457.50,30458.00,127,30458.75,30459.25,0.50
2026-06-02 09:35:39,30458.25,30461.00,30457.75,30459.50,88,30465.50,30466.00,0.50
2026-06-02 09:35:40,30459.25,30466.25,30459.00,30466.00,324,30469.75,30470.25,0.50
2026-06-02 09:35:41,30466.00,30470.75,30466.00,30470.25,343,30470.50,30471.25,0.75
2026-06-02 09:35:42,30469.75,30471.25,30469.25,30471.00,144,30467.50,30468.00,0.50
2026-06-02 09:35:43,30470.75,30472.25,30466.00,30467.50,262,30464.25,30464.75,0.50
2026-06-02 09:35:44,30468.00,30468.25,30464.75,30465.00,139,30464.25,30464.75,0.50
2026-06-02 09:35:45,30464.25,30469.75,30464.25,30469.25,127,30465.50,30466.25,0.75
2026-06-02 09:35:46,30469.00,30469.00,30466.00,30466.00,81,30464.25,30464.75,0.50
2026-06-02 09:35:47,30466.50,30466.50,30464.00,30464.50,63,30460.75,30461.25,0.50
2026-06-02 09:35:48,30464.25,30465.00,30460.50,30461.00,78,30459.50,30460.00,0.50
2026-06-02 09:35:49,30460.75,30462.25,30460.00,30460.00,87,30459.50,30460.00,0.50
2026-06-02 09:35:50,30459.75,30460.25,30457.50,30459.75,113,30457.00,30457.25,0.25
2026-06-02 09:35:51,30459.00,30460.50,30456.00,30457.00,140,30460.25,30460.75,0.50
2026-06-02 09:35:52,30457.25,30462.00,30457.00,30460.25,212,30460.25,30460.75,0.50
2026-06-02 09:35:53,30460.25,30461.75,30460.00,30460.25,99,30460.25,30460.75,0.50
2026-06-02 09:35:54,30460.75,30463.00,30460.00,30463.00,123,30462.75,30463.25,0.50
2026-06-02 09:35:55,30462.75,30464.25,30461.25,30463.25,97,30464.25,30464.75,0.50
2026-06-02 09:35:56,30463.50,30465.25,30463.25,30465.00,59,30460.00,30460.50,0.50
2026-06-02 09:35:57,30464.75,30466.75,30460.00,30461.00,129,30458.25,30458.75,0.50
2026-06-02 09:35:58,30460.00,30460.75,30458.00,30458.00,108,30458.50,30459.00,0.50
2026-06-02 09:35:59,30458.75,30459.25,30457.00,30458.25,152,30456.75,30457.25,0.50
2026-06-02 09:36:00,30458.50,30459.75,30456.50,30456.75,101,30456.50,30457.00,0.50
2026-06-02 09:36:01,30457.00,30458.00,30455.50,30456.75,209,30458.50,30459.00,0.50
2026-06-02 09:36:02,30456.50,30458.75,30456.25,30458.50,201,30459.75,30460.25,0.50
2026-06-02 09:36:03,30458.50,30463.25,30458.50,30460.25,159,30459.75,30460.25,0.50
2026-06-02 09:36:04,30460.00,30464.50,30459.50,30463.75,226,30464.25,30464.75,0.50
2026-06-02 09:36:05,30464.25,30466.75,30462.75,30464.50,257,30464.25,30464.75,0.50
2026-06-02 09:36:06,30464.75,30465.75,30463.25,30465.50,105,30464.75,30465.50,0.75
2026-06-02 09:36:07,30465.00,30465.25,30462.50,30464.50,79,30468.00,30468.50,0.50
2026-06-02 09:36:08,30464.25,30468.25,30464.00,30468.25,107,30465.25,30465.75,0.50
2026-06-02 09:36:09,30468.25,30468.25,30464.75,30466.00,133,30464.00,30464.50,0.50
2026-06-02 09:36:10,30465.50,30465.75,30462.25,30464.50,125,30457.75,30458.25,0.50
2026-06-02 09:36:11,30464.00,30464.50,30458.25,30458.25,169,30457.75,30458.25,0.50
2026-06-02 09:36:12,30458.25,30458.25,30454.75,30455.00,181,30458.25,30458.75,0.50
2026-06-02 09:36:13,30454.75,30458.75,30454.25,30458.75,129,30458.25,30458.75,0.50
2026-06-02 09:36:14,30458.25,30460.50,30458.25,30458.25,100,30457.25,30457.75,0.50
2026-06-02 09:36:15,30458.25,30459.25,30456.25,30457.50,89,30457.50,30457.75,0.25
2026-06-02 09:36:16,30457.50,30458.75,30455.25,30457.75,74,30458.25,30458.75,0.50
2026-06-02 09:36:17,30457.50,30459.25,30457.00,30458.50,91,30460.00,30460.50,0.50
2026-06-02 09:36:18,30458.50,30460.75,30458.50,30460.00,117,30459.25,30459.75,0.50
2026-06-02 09:36:19,30460.25,30460.25,30458.75,30459.25,60,30459.25,30459.75,0.50
2026-06-02 09:36:20,30459.75,30460.25,30458.25,30458.75,96,30462.75,30463.25,0.50
2026-06-02 09:36:21,30458.75,30463.50,30458.00,30463.25,94,30463.25,30463.75,0.50
2026-06-02 09:36:22,30463.00,30464.50,30462.25,30463.50,122,30464.75,30465.25,0.50
2026-06-02 09:36:23,30463.50,30466.00,30463.50,30464.75,107,30465.00,30465.50,0.50
2026-06-02 09:36:24,30465.00,30465.75,30463.50,30465.00,98,30465.00,30465.50,0.50
2026-06-02 09:36:25,30465.50,30467.25,30464.50,30465.50,68,30471.50,30472.25,0.75
2026-06-02 09:36:26,30465.25,30472.50,30465.25,30471.75,283,30473.25,30473.75,0.50
2026-06-02 09:36:27,30471.25,30474.00,30471.00,30473.75,213,30470.25,30470.75,0.50
2026-06-02 09:36:28,30473.25,30474.50,30470.00,30470.50,188,30473.25,30473.75,0.50
2026-06-02 09:36:29,30470.75,30474.25,30470.50,30473.25,159,30472.50,30473.00,0.50
2026-06-02 09:36:30,30473.25,30474.00,30472.50,30472.75,127,30473.50,30474.00,0.50
2026-06-02 09:36:31,30472.50,30476.75,30472.50,30473.00,198,30471.50,30472.00,0.50
2026-06-02 09:36:32,30474.00,30474.50,30470.50,30471.75,124,30468.75,30469.00,0.25
2026-06-02 09:36:33,30471.50,30472.50,30467.00,30469.00,170,30464.50,30465.00,0.50
2026-06-02 09:36:34,30469.00,30469.00,30464.75,30464.75,86,30465.00,30465.50,0.50
2026-06-02 09:36:35,30464.50,30467.50,30464.00,30465.25,130,30465.00,30465.50,0.50
2026-06-02 09:36:36,30465.00,30466.50,30464.25,30465.00,114,30466.50,30467.00,0.50
2026-06-02 09:36:37,30464.50,30468.00,30464.50,30466.50,51,30464.50,30465.00,0.50
2026-06-02 09:36:38,30466.50,30468.00,30463.25,30465.00,116,30465.50,30466.00,0.50
2026-06-02 09:36:39,30465.00,30466.00,30463.25,30465.50,87,30466.25,30466.75,0.50
2026-06-02 09:36:40,30465.00,30466.25,30462.75,30466.25,69,30466.25,30466.75,0.50
2026-06-02 09:36:41,30466.50,30469.25,30466.25,30467.75,92,30466.75,30467.25,0.50
2026-06-02 09:36:42,30467.50,30467.75,30465.25,30467.00,70,30466.50,30467.00,0.50
2026-06-02 09:36:43,30466.75,30468.75,30466.00,30466.25,99,30467.00,30467.50,0.50
2026-06-02 09:36:44,30467.25,30469.00,30466.50,30466.50,69,30470.25,30470.75,0.50
2026-06-02 09:36:45,30467.00,30471.75,30467.00,30470.75,125,30474.75,30475.25,0.50
2026-06-02 09:36:46,30471.25,30475.75,30471.25,30474.75,144,30476.75,30477.25,0.50
2026-06-02 09:36:47,30475.25,30478.50,30475.25,30476.50,220,30476.75,30477.25,0.50
2026-06-02 09:36:48,30477.00,30480.00,30476.25,30480.00,151,30479.25,30479.75,0.50
2026-06-02 09:36:49,30479.75,30480.50,30478.75,30479.50,197,30480.50,30481.25,0.75
2026-06-02 09:36:50,30479.50,30486.00,30479.25,30480.75,453,30480.50,30481.25,0.75
2026-06-02 09:36:51,30480.75,30482.50,30480.00,30481.00,200,30482.00,30482.50,0.50
2026-06-02 09:36:52,30481.50,30484.50,30481.50,30481.50,194,30483.00,30483.50,0.50
2026-06-02 09:36:53,30482.50,30485.50,30482.00,30483.50,171,30482.50,30483.00,0.50
2026-06-02 09:36:54,30483.25,30486.25,30481.50,30483.00,211,30481.00,30481.50,0.50
2026-06-02 09:36:55,30483.00,30483.75,30480.75,30481.25,137,30477.75,30478.25,0.50
2026-06-02 09:36:56,30481.00,30481.75,30477.25,30478.00,184,30477.50,30478.00,0.50
2026-06-02 09:36:57,30477.25,30478.75,30474.75,30477.50,168,30477.50,30478.00,0.50
2026-06-02 09:36:58,30477.75,30479.50,30477.00,30478.25,71,30476.00,30476.50,0.50
2026-06-02 09:36:59,30478.00,30478.50,30475.75,30476.50,103,30478.75,30479.25,0.50
2026-06-02 09:37:00,30476.00,30479.25,30474.50,30478.50,145,30476.00,30476.25,0.25
2026-06-02 09:37:01,30479.00,30480.25,30474.25,30476.50,188,30477.50,30478.00,0.50
2026-06-02 09:37:02,30476.00,30479.75,30474.75,30477.25,127,30474.75,30475.25,0.50
2026-06-02 09:37:03,30477.50,30478.50,30473.50,30474.75,212,30474.25,30474.50,0.25
2026-06-02 09:37:04,30474.75,30475.75,30472.25,30474.75,165,30471.25,30471.75,0.50
2026-06-02 09:37:05,30474.25,30474.75,30468.75,30471.75,262,30471.25,30471.75,0.50
2026-06-02 09:37:06,30471.25,30476.75,30471.25,30474.25,180,30468.25,30468.75,0.50
2026-06-02 09:37:07,30473.75,30474.25,30468.25,30468.75,89,30466.75,30467.00,0.25
2026-06-02 09:37:08,30469.00,30470.00,30466.75,30466.75,164,30467.25,30467.75,0.50
2026-06-02 09:37:09,30467.00,30468.75,30464.50,30467.50,183,30467.50,30468.00,0.50
2026-06-02 09:37:10,30467.25,30469.00,30465.75,30467.50,130,30467.50,30468.00,0.50
2026-06-02 09:37:11,30467.50,30469.25,30464.25,30465.25,105,30464.00,30464.50,0.50
2026-06-02 09:37:12,30464.75,30465.50,30462.25,30464.00,153,30467.50,30468.00,0.50
2026-06-02 09:37:13,30464.50,30468.00,30464.25,30467.25,200,30467.50,30468.00,0.50
2026-06-02 09:37:14,30467.50,30468.50,30464.00,30464.75,110,30466.50,30466.75,0.25
2026-06-02 09:37:15,30464.00,30467.75,30460.75,30466.50,202,30466.50,30466.75,0.25
2026-06-02 09:37:16,30466.50,30468.25,30464.00,30467.75,107,30469.75,30470.00,0.25
2026-06-02 09:37:17,30467.25,30471.75,30467.00,30469.75,225,30471.00,30471.50,0.50
2026-06-02 09:37:18,30470.00,30471.75,30468.75,30471.25,98,30475.00,30475.50,0.50
2026-06-02 09:37:19,30471.00,30476.00,30470.50,30474.75,131,30474.25,30474.50,0.25
2026-06-02 09:37:20,30474.75,30476.50,30473.75,30474.25,130,30472.75,30473.25,0.50
2026-06-02 09:37:21,30474.25,30475.75,30473.50,30473.50,92,30474.50,30475.00,0.50
2026-06-02 09:37:22,30473.50,30474.75,30471.75,30474.50,117,30470.00,30470.50,0.50
2026-06-02 09:37:23,30474.25,30474.75,30470.25,30470.25,77,30470.25,30470.75,0.50
2026-06-02 09:37:24,30470.50,30472.00,30469.25,30470.50,77,30471.00,30471.50,0.50
2026-06-02 09:37:25,30470.50,30471.75,30469.50,30471.25,39,30470.50,30471.00,0.50
2026-06-02 09:37:26,30471.00,30472.50,30470.75,30470.75,54,30470.25,30470.75,0.50
2026-06-02 09:37:27,30470.50,30472.00,30469.75,30470.00,63,30466.75,30467.25,0.50
2026-06-02 09:37:28,30470.00,30470.75,30466.75,30466.75,69,30461.25,30461.75,0.50
2026-06-02 09:37:29,30466.50,30466.75,30460.50,30461.25,232,30464.25,30464.50,0.25
2026-06-02 09:37:30,30462.00,30465.25,30460.75,30464.25,114,30465.00,30465.50,0.50
2026-06-02 09:37:31,30464.25,30465.50,30463.50,30465.00,116,30467.00,30467.50,0.50
2026-06-02 09:37:32,30465.50,30467.50,30464.50,30467.50,138,30467.75,30468.25,0.50
2026-06-02 09:37:33,30467.50,30469.00,30466.75,30468.00,56,30464.50,30464.75,0.25
2026-06-02 09:37:34,30468.00,30468.00,30464.00,30464.75,59,30460.25,30460.75,0.50
2026-06-02 09:37:35,30464.50,30464.50,30460.00,30460.25,161,30458.00,30458.25,0.25
2026-06-02 09:37:36,30460.50,30460.50,30458.00,30458.00,168,30458.00,30458.25,0.25
2026-06-02 09:37:37,30458.25,30459.25,30456.50,30459.00,178,30459.00,30459.25,0.25
2026-06-02 09:37:38,30459.25,30459.75,30457.50,30459.00,112,30460.75,30461.25,0.50
2026-06-02 09:37:39,30459.25,30463.00,30459.25,30461.00,136,30460.75,30461.25,0.50
2026-06-02 09:37:40,30460.75,30462.75,30459.25,30459.50,84,30459.00,30459.50,0.50
2026-06-02 09:37:41,30459.50,30460.75,30458.75,30459.25,67,30457.25,30457.75,0.50
2026-06-02 09:37:42,30459.00,30460.50,30457.50,30457.50,59,30458.75,30459.25,0.50
2026-06-02 09:37:43,30457.25,30459.50,30454.50,30458.75,225,30457.50,30458.00,0.50
2026-06-02 09:37:44,30458.75,30459.25,30456.75,30458.00,108,30457.50,30458.00,0.50
2026-06-02 09:37:45,30457.75,30458.50,30456.25,30458.50,119,30459.25,30459.75,0.50
2026-06-02 09:37:46,30458.75,30461.00,30457.50,30459.50,122,30459.50,30459.75,0.25
2026-06-02 09:37:47,30459.75,30460.25,30459.00,30460.25,98,30457.25,30457.75,0.50
2026-06-02 09:37:48,30460.00,30460.00,30457.00,30457.75,130,30456.75,30457.25,0.50
2026-06-02 09:37:49,30457.25,30457.25,30455.00,30457.25,114,30457.75,30458.00,0.25
2026-06-02 09:37:50,30456.75,30459.50,30455.50,30458.00,120,30459.50,30459.75,0.25
2026-06-02 09:37:51,30458.25,30460.00,30457.50,30459.25,103,30459.50,30460.00,0.50
2026-06-02 09:37:52,30460.00,30461.75,30459.00,30460.00,100,30459.50,30460.00,0.50
2026-06-02 09:37:53,30460.25,30460.25,30459.00,30459.25,91,30458.75,30459.25,0.50
2026-06-02 09:37:54,30459.00,30460.00,30457.25,30459.25,95,30464.50,30465.00,0.50
2026-06-02 09:37:55,30459.25,30465.50,30458.50,30465.25,164,30465.75,30466.25,0.50
2026-06-02 09:37:56,30465.00,30466.25,30463.50,30465.50,237,30465.75,30466.25,0.50
2026-06-02 09:37:57,30466.25,30467.00,30464.25,30465.50,139,30465.75,30466.25,0.50
2026-06-02 09:37:58,30465.50,30467.00,30465.00,30466.00,82,30464.00,30464.25,0.25
2026-06-02 09:37:59,30466.25,30466.25,30464.00,30464.75,52,30463.50,30464.00,0.50
2026-06-02 09:38:00,30464.00,30466.25,30463.25,30464.00,69,30464.50,30464.75,0.25
2026-06-02 09:38:01,30464.00,30465.00,30463.25,30464.75,90,30465.00,30465.50,0.50
2026-06-02 09:38:02,30464.50,30466.75,30462.75,30465.50,159,30469.00,30469.50,0.50
2026-06-02 09:38:03,30465.25,30469.25,30465.25,30469.25,172,30473.00,30473.25,0.25
2026-06-02 09:38:04,30469.50,30474.50,30468.50,30473.00,222,30470.50,30471.00,0.50
2026-06-02 09:38:05,30473.25,30474.50,30469.50,30470.75,153,30474.00,30474.25,0.25
2026-06-02 09:38:06,30470.75,30475.50,30470.75,30473.75,139,30476.75,30477.00,0.25
2026-06-02 09:38:07,30474.00,30476.50,30473.75,30476.50,100,30475.00,30475.50,0.50
2026-06-02 09:38:08,30476.75,30478.00,30474.75,30474.75,220,30473.75,30474.25,0.50
2026-06-02 09:38:09,30475.50,30476.50,30473.75,30474.00,70,30472.00,30472.50,0.50
2026-06-02 09:38:10,30473.75,30474.50,30471.25,30471.75,117,30465.25,30465.75,0.50
2026-06-02 09:38:11,30471.75,30472.25,30465.25,30465.50,194,30459.75,30460.00,0.25
2026-06-02 09:38:12,30465.00,30465.00,30458.50,30459.50,268,30462.25,30462.75,0.50
2026-06-02 09:38:13,30459.75,30463.00,30458.75,30462.50,131,30462.25,30462.75,0.50
2026-06-02 09:38:14,30462.50,30467.75,30462.25,30467.25,110,30471.50,30472.00,0.50
2026-06-02 09:38:15,30467.00,30471.75,30466.75,30471.75,209,30471.25,30471.50,0.25
2026-06-02 09:38:16,30472.00,30472.75,30469.50,30471.00,145,30465.00,30465.25,0.25
2026-06-02 09:38:17,30471.75,30472.00,30465.00,30465.00,127,30464.25,30464.75,0.50
2026-06-02 09:38:18,30465.00,30466.25,30463.50,30464.25,59,30462.75,30463.25,0.50
2026-06-02 09:38:19,30464.50,30465.50,30463.00,30463.50,73,30468.75,30469.00,0.25
2026-06-02 09:38:20,30463.25,30470.00,30463.25,30469.50,149,30468.25,30468.75,0.50
2026-06-02 09:38:21,30468.75,30471.25,30467.75,30468.00,152,30466.50,30467.00,0.50
2026-06-02 09:38:22,30468.75,30469.50,30466.75,30467.25,54,30464.50,30465.00,0.50
2026-06-02 09:38:23,30467.00,30468.25,30464.00,30464.00,47,30461.50,30462.00,0.50
2026-06-02 09:38:24,30465.00,30465.00,30461.25,30462.00,71,30462.00,30462.50,0.50
2026-06-02 09:38:25,30461.25,30463.25,30460.50,30463.00,88,30459.25,30459.75,0.50
2026-06-02 09:38:26,30462.50,30462.50,30458.75,30459.25,124,30459.25,30459.75,0.50
2026-06-02 09:38:27,30459.25,30463.00,30458.75,30462.50,102,30461.75,30462.00,0.25
2026-06-02 09:38:28,30462.75,30464.25,30462.00,30462.00,73,30461.75,30462.25,0.50
2026-06-02 09:38:29,30462.25,30463.25,30461.25,30462.50,52,30461.75,30462.25,0.50
2026-06-02 09:38:30,30462.00,30463.00,30461.25,30461.75,47,30461.50,30462.00,0.50
2026-06-02 09:38:31,30462.00,30462.25,30457.50,30461.75,81,30460.00,30460.50,0.50
2026-06-02 09:38:32,30461.75,30461.75,30459.50,30460.75,89,30461.50,30462.00,0.50
2026-06-02 09:38:33,30460.25,30462.75,30460.25,30461.75,55,30460.25,30460.50,0.25
2026-06-02 09:38:34,30461.75,30462.25,30459.50,30459.50,102,30456.25,30456.75,0.50
2026-06-02 09:38:35,30460.50,30460.50,30455.50,30456.25,219,30456.25,30456.75,0.50
2026-06-02 09:38:36,30456.50,30458.25,30454.50,30455.25,225,30455.25,30455.75,0.50
2026-06-02 09:38:37,30455.25,30456.00,30451.25,30456.00,835,30455.25,30455.75,0.50
2026-06-02 09:38:38,30455.50,30456.75,30453.75,30455.50,226,30456.00,30456.25,0.25
2026-06-02 09:38:39,30455.75,30458.00,30454.25,30455.75,196,30457.25,30457.75,0.50
2026-06-02 09:38:40,30456.00,30458.00,30455.75,30457.75,62,30457.50,30458.00,0.50
2026-06-02 09:38:41,30457.25,30461.25,30457.25,30458.00,98,30457.25,30457.75,0.50
2026-06-02 09:38:42,30457.50,30458.25,30456.25,30457.75,63,30457.75,30458.25,0.50
2026-06-02 09:38:43,30457.75,30458.00,30456.00,30457.50,41,30461.50,30462.00,0.50
2026-06-02 09:38:44,30458.25,30462.00,30458.25,30461.00,121,30460.75,30461.25,0.50
2026-06-02 09:38:45,30462.00,30462.50,30459.75,30461.00,50,30460.75,30461.25,0.50
2026-06-02 09:38:46,30461.00,30462.25,30459.25,30461.25,107,30460.50,30460.75,0.25
2026-06-02 09:38:47,30461.75,30461.75,30460.25,30461.00,50,30460.25,30460.75,0.50
2026-06-02 09:38:48,30460.75,30462.50,30459.75,30460.75,78,30459.00,30459.25,0.25
2026-06-02 09:38:49,30460.75,30460.75,30457.75,30460.25,84,30459.00,30459.25,0.25
2026-06-02 09:38:50,30459.25,30462.00,30457.75,30461.00,104,30464.00,30464.50,0.50
2026-06-02 09:38:51,30461.50,30465.00,30461.50,30464.00,85,30464.00,30464.50,0.50
2026-06-02 09:38:52,30464.25,30467.00,30463.00,30464.50,123,30465.25,30465.50,0.25
2026-06-02 09:38:53,30464.25,30467.00,30463.75,30465.50,86,30462.75,30463.25,0.50
2026-06-02 09:38:54,30465.50,30466.00,30462.25,30462.75,55,30466.00,30466.50,0.50
2026-06-02 09:38:55,30463.00,30466.25,30462.25,30466.25,66,30470.00,30470.50,0.50
2026-06-02 09:38:56,30467.25,30471.00,30466.50,30470.50,199,30470.00,30470.50,0.50
2026-06-02 09:38:57,30470.00,30473.50,30469.50,30473.50,159,30472.00,30472.50,0.50
2026-06-02 09:38:58,30473.75,30474.00,30471.50,30472.25,99,30472.00,30472.50,0.50
2026-06-02 09:38:59,30472.25,30472.25,30469.25,30469.50,123,30467.50,30468.00,0.50
2026-06-02 09:39:00,30469.75,30471.50,30466.50,30467.75,143,30470.75,30471.00,0.25
2026-06-02 09:39:01,30467.25,30470.75,30465.00,30470.25,134,30469.75,30470.25,0.50
2026-06-02 09:39:02,30470.75,30471.00,30469.00,30470.50,100,30469.75,30470.25,0.50
2026-06-02 09:39:03,30470.00,30470.25,30465.75,30467.50,89,30470.50,30471.00,0.50
2026-06-02 09:39:04,30468.00,30471.50,30467.00,30470.75,70,30471.50,30472.00,0.50
2026-06-02 09:39:05,30470.75,30472.75,30469.50,30472.00,83,30471.50,30471.75,0.25
2026-06-02 09:39:06,30471.50,30472.25,30471.00,30471.75,141,30471.50,30471.75,0.25
2026-06-02 09:39:07,30471.50,30476.50,30471.25,30475.75,173,30476.50,30476.75,0.25
2026-06-02 09:39:08,30475.50,30477.25,30474.50,30476.00,175,30475.00,30475.50,0.50
2026-06-02 09:39:09,30476.75,30477.25,30474.75,30475.25,163,30476.00,30476.50,0.50
2026-06-02 09:39:10,30475.25,30477.00,30473.50,30476.00,94,30474.75,30475.25,0.50
2026-06-02 09:39:11,30476.00,30478.25,30474.50,30475.00,140,30474.50,30474.75,0.25
2026-06-02 09:39:12,30474.75,30476.75,30473.00,30474.50,132,30474.00,30474.50,0.50
2026-06-02 09:39:13,30473.75,30476.00,30473.75,30475.25,59,30468.75,30469.25,0.50
2026-06-02 09:39:14,30473.75,30473.75,30468.50,30469.00,167,30471.75,30472.25,0.50
2026-06-02 09:39:15,30469.75,30471.75,30468.50,30471.75,75,30469.75,30470.25,0.50
2026-06-02 09:39:16,30471.75,30474.00,30470.00,30470.25,90,30471.00,30471.50,0.50
2026-06-02 09:39:17,30470.25,30472.00,30469.50,30471.50,59,30468.00,30468.25,0.25
2026-06-02 09:39:18,30471.00,30471.25,30466.50,30468.75,158,30468.75,30469.25,0.50
2026-06-02 09:39:19,30467.75,30470.00,30467.50,30468.50,89,30468.50,30469.00,0.50
2026-06-02 09:39:20,30469.25,30469.25,30467.50,30469.00,59,30469.25,30469.75,0.50
2026-06-02 09:39:21,30468.25,30469.75,30467.00,30468.75,65,30466.00,30466.50,0.50
2026-06-02 09:39:22,30469.25,30470.00,30465.50,30465.75,96,30464.50,30464.75,0.25
2026-06-02 09:39:23,30465.50,30465.50,30463.50,30464.50,119,30465.25,30465.75,0.50
2026-06-02 09:39:24,30464.75,30467.00,30464.25,30465.00,82,30464.50,30465.00,0.50
2026-06-02 09:39:25,30465.25,30467.00,30465.00,30465.00,51,30465.50,30466.00,0.50
2026-06-02 09:39:26,30465.00,30467.00,30464.50,30465.50,67,30469.75,30470.25,0.50
2026-06-02 09:39:27,30465.75,30470.00,30465.50,30469.50,68,30468.25,30468.75,0.50
2026-06-02 09:39:28,30469.50,30469.75,30466.50,30467.75,80,30468.25,30468.75,0.50
2026-06-02 09:39:29,30468.75,30469.75,30467.25,30467.75,46,30468.25,30468.75,0.50
2026-06-02 09:39:30,30467.75,30468.50,30466.50,30468.50,56,30467.75,30468.25,0.50
2026-06-02 09:39:31,30468.25,30469.00,30467.50,30467.50,59,30467.00,30467.50,0.50
2026-06-02 09:39:32,30467.75,30468.00,30466.50,30467.75,43,30467.00,30467.50,0.50
2026-06-02 09:39:33,30467.50,30470.75,30466.50,30470.25,72,30471.00,30471.50,0.50
2026-06-02 09:39:34,30469.75,30471.75,30469.50,30471.00,76,30469.00,30469.50,0.50
2026-06-02 09:39:35,30470.25,30470.75,30468.75,30469.25,52,30469.00,30469.50,0.50
2026-06-02 09:39:36,30469.25,30469.75,30467.50,30469.50,74,30467.50,30468.00,0.50
2026-06-02 09:39:37,30469.50,30469.75,30467.75,30468.00,45,30470.75,30471.25,0.50
2026-06-02 09:39:38,30467.50,30473.75,30467.50,30471.25,83,30471.25,30471.75,0.50
2026-06-02 09:39:39,30470.75,30472.25,30469.50,30471.75,41,30470.00,30470.25,0.25
2026-06-02 09:39:40,30472.25,30472.50,30470.00,30470.00,62,30469.00,30469.50,0.50
2026-06-02 09:39:41,30470.25,30471.25,30468.50,30468.75,87,30467.50,30467.75,0.25
2026-06-02 09:39:42,30469.50,30470.75,30467.75,30468.00,111,30467.50,30467.75,0.25
2026-06-02 09:39:43,30467.75,30469.00,30464.75,30464.75,98,30464.50,30465.00,0.50
2026-06-02 09:39:44,30465.00,30465.75,30464.00,30464.00,45,30466.50,30467.00,0.50
2026-06-02 09:39:45,30464.50,30467.00,30464.50,30467.00,110,30465.25,30465.50,0.25
2026-06-02 09:39:46,30466.75,30469.25,30465.25,30465.25,80,30464.00,30464.50,0.50
2026-06-02 09:39:47,30465.25,30466.25,30463.00,30464.00,80,30462.75,30463.25,0.50
2026-06-02 09:39:48,30464.50,30465.00,30462.25,30462.75,81,30462.75,30463.25,0.50
2026-06-02 09:39:49,30463.00,30463.75,30462.25,30463.00,56,30465.00,30465.50,0.50
2026-06-02 09:39:50,30464.00,30465.75,30463.50,30465.50,89,30463.50,30463.75,0.25
2026-06-02 09:39:51,30465.25,30466.75,30463.00,30463.00,169,30463.00,30463.50,0.50
2026-06-02 09:39:52,30463.75,30464.75,30462.25,30463.00,73,30461.50,30462.00,0.50
2026-06-02 09:39:53,30463.00,30463.75,30460.50,30461.50,141,30461.50,30462.00,0.50
2026-06-02 09:39:54,30461.50,30462.25,30460.25,30461.75,82,30464.00,30464.50,0.50
2026-06-02 09:39:55,30462.25,30465.75,30462.00,30465.25,78,30464.50,30465.00,0.50
2026-06-02 09:39:56,30464.25,30465.00,30462.75,30464.75,53,30461.75,30462.00,0.25
2026-06-02 09:39:57,30464.50,30464.75,30461.50,30462.00,88,30462.00,30462.25,0.25
2026-06-02 09:39:58,30461.75,30462.75,30461.00,30461.75,81,30461.00,30461.50,0.50
2026-06-02 09:39:59,30462.25,30462.25,30460.50,30461.50,82,30464.50,30464.75,0.25
2026-06-02 09:40:00,30461.25,30464.75,30460.25,30464.50,92,30464.50,30464.75,0.25
2026-06-02 09:40:01,30464.75,30465.25,30457.00,30459.00,501,30453.75,30454.25,0.50
2026-06-02 09:40:02,30459.00,30459.50,30453.75,30454.00,337,30448.25,30448.50,0.25
2026-06-02 09:40:03,30453.75,30454.50,30448.00,30448.75,1045,30449.50,30450.00,0.50
2026-06-02 09:40:04,30448.50,30454.50,30447.75,30449.75,378,30446.75,30447.00,0.25
2026-06-02 09:40:05,30449.25,30451.25,30446.50,30446.75,333,30442.75,30443.25,0.50
2026-06-02 09:40:06,30447.00,30447.75,30442.00,30443.25,683,30442.75,30443.25,0.50
2026-06-02 09:40:07,30442.75,30447.00,30441.75,30445.75,390,30445.00,30445.50,0.50
2026-06-02 09:40:08,30445.50,30447.00,30443.50,30445.00,325,30445.00,30445.50,0.50
2026-06-02 09:40:09,30445.25,30448.75,30444.50,30446.50,260,30445.75,30446.25,0.50
2026-06-02 09:40:10,30446.50,30449.75,30445.50,30445.75,387,30449.50,30450.00,0.50
2026-06-02 09:40:11,30445.75,30449.75,30445.75,30449.00,179,30448.50,30449.00,0.50
2026-06-02 09:40:12,30450.00,30450.25,30446.50,30448.75,213,30448.75,30449.25,0.50
2026-06-02 09:40:13,30448.50,30449.50,30446.75,30448.50,98,30449.75,30450.00,0.25
2026-06-02 09:40:14,30449.75,30451.50,30448.75,30450.00,219,30452.50,30452.75,0.25
2026-06-02 09:40:15,30449.50,30452.75,30447.75,30452.75,183,30452.50,30452.75,0.25
2026-06-02 09:40:16,30452.50,30453.50,30450.50,30453.00,201,30453.25,30453.75,0.50
2026-06-02 09:40:17,30453.50,30454.00,30450.50,30450.50,130,30450.50,30450.75,0.25
2026-06-02 09:40:18,30450.50,30451.00,30447.75,30448.75,99,30447.25,30447.75,0.50
2026-06-02 09:40:19,30448.75,30448.75,30446.00,30446.50,92,30446.50,30447.00,0.50
2026-06-02 09:40:20,30447.75,30448.25,30445.50,30447.00,141,30444.75,30445.25,0.50
2026-06-02 09:40:21,30446.50,30448.25,30443.50,30445.25,163,30444.00,30444.50,0.50
2026-06-02 09:40:22,30444.50,30447.00,30444.25,30444.25,163,30441.25,30441.50,0.25
2026-06-02 09:40:23,30443.75,30444.50,30440.00,30441.25,396,30439.50,30439.75,0.25
2026-06-02 09:40:24,30441.25,30442.25,30439.25,30439.50,283,30435.50,30435.75,0.25
2026-06-02 09:40:25,30439.75,30440.25,30435.25,30435.25,485,30438.25,30438.75,0.50
2026-06-02 09:40:26,30435.75,30440.50,30435.50,30439.00,351,30438.25,30438.50,0.25
2026-06-02 09:40:27,30438.25,30439.00,30436.75,30438.50,161,30439.25,30439.75,0.50
2026-06-02 09:40:28,30438.75,30440.25,30437.50,30440.00,222,30440.75,30441.25,0.50
2026-06-02 09:40:29,30439.75,30441.25,30438.00,30441.25,257,30439.00,30439.25,0.25
2026-06-02 09:40:30,30441.25,30441.25,30437.00,30439.25,182,30443.75,30444.25,0.50
2026-06-02 09:40:31,30439.25,30444.50,30439.00,30444.00,214,30443.75,30444.25,0.50
2026-06-02 09:40:32,30444.00,30444.25,30441.75,30442.50,196,30440.75,30441.00,0.25
2026-06-02 09:40:33,30442.25,30443.00,30440.00,30440.50,274,30439.75,30440.25,0.50
2026-06-02 09:40:34,30441.00,30441.75,30439.50,30440.25,135,30440.00,30440.25,0.25
2026-06-02 09:40:35,30439.75,30443.25,30439.50,30440.00,285,30440.00,30440.25,0.25
2026-06-02 09:40:36,30440.00,30441.00,30437.75,30439.50,99,30438.75,30439.25,0.50
2026-06-02 09:40:37,30439.00,30440.00,30438.50,30438.50,121,30438.75,30439.25,0.50
2026-06-02 09:40:38,30439.25,30439.25,30436.00,30436.50,128,30439.25,30439.50,0.25
2026-06-02 09:40:39,30436.25,30440.00,30435.75,30440.00,143,30438.00,30438.50,0.50
2026-06-02 09:40:40,30439.25,30441.50,30436.75,30439.00,139,30438.25,30438.75,0.50
2026-06-02 09:40:41,30438.50,30439.00,30436.50,30439.00,79,30438.25,30438.75,0.50
2026-06-02 09:40:42,30438.50,30441.00,30438.25,30439.00,111,30439.00,30439.50,0.50
2026-06-02 09:40:43,30439.25,30441.25,30438.50,30439.50,89,30440.75,30441.25,0.50
2026-06-02 09:40:44,30439.00,30443.25,30436.50,30441.00,252,30440.75,30441.25,0.50
2026-06-02 09:40:45,30440.75,30441.75,30440.00,30441.00,124,30438.75,30439.25,0.50
2026-06-02 09:40:46,30441.00,30442.50,30439.00,30439.25,106,30441.50,30441.75,0.25
2026-06-02 09:40:47,30439.50,30442.75,30439.50,30441.75,85,30437.25,30437.75,0.50
2026-06-02 09:40:48,30442.00,30442.00,30437.00,30437.75,119,30437.50,30438.00,0.50
2026-06-02 09:40:49,30437.25,30438.50,30436.50,30437.50,105,30437.25,30437.75,0.50
2026-06-02 09:40:50,30438.00,30438.75,30436.75,30437.25,79,30439.00,30439.50,0.50
2026-06-02 09:40:51,30437.25,30442.50,30437.25,30439.25,269,30439.00,30439.50,0.50
2026-06-02 09:40:52,30439.50,30442.00,30439.25,30442.00,71,30443.00,30443.25,0.25
2026-06-02 09:40:53,30442.75,30444.50,30442.25,30442.75,177,30442.75,30443.00,0.25
2026-06-02 09:40:54,30442.25,30444.25,30442.00,30443.00,99,30449.25,30449.75,0.50
2026-06-02 09:40:55,30442.75,30450.25,30442.50,30449.75,349,30447.25,30447.50,0.25
2026-06-02 09:40:56,30449.75,30453.50,30447.00,30447.25,328,30447.25,30447.50,0.25
2026-06-02 09:40:57,30447.25,30449.75,30446.75,30448.75,159,30449.50,30450.00,0.50
2026-06-02 09:40:58,30449.25,30450.00,30447.75,30449.50,74,30449.00,30449.25,0.25
2026-06-02 09:40:59,30450.00,30451.00,30448.25,30448.75,85,30449.00,30449.50,0.50
2026-06-02 09:41:00,30449.00,30451.00,30448.75,30449.25,186,30449.00,30449.50,0.50
2026-06-02 09:41:01,30449.50,30450.00,30447.50,30449.50,135,30449.00,30449.50,0.50
2026-06-02 09:41:02,30449.25,30452.25,30448.75,30449.75,104,30450.25,30450.75,0.50
2026-06-02 09:41:03,30448.75,30450.75,30448.25,30450.75,95,30448.25,30448.75,0.50
2026-06-02 09:41:04,30450.00,30451.50,30448.50,30448.50,174,30448.00,30448.50,0.50
2026-06-02 09:41:05,30448.75,30450.75,30447.50,30448.00,117,30448.25,30448.50,0.25
2026-06-02 09:41:06,30448.00,30450.50,30448.00,30448.50,133,30450.00,30450.50,0.50
2026-06-02 09:41:07,30448.50,30450.75,30447.25,30450.50,115,30450.75,30451.25,0.50
2026-06-02 09:41:08,30450.25,30453.00,30449.50,30451.00,105,30448.50,30449.00,0.50
2026-06-02 09:41:09,30451.25,30451.50,30446.50,30449.00,141,30448.50,30449.00,0.50
2026-06-02 09:41:10,30448.75,30450.00,30446.00,30446.50,132,30446.50,30447.00,0.50
2026-06-02 09:41:11,30446.75,30447.00,30442.50,30442.50,171,30442.25,30442.50,0.25
2026-06-02 09:41:12,30442.50,30444.25,30442.00,30442.00,121,30440.00,30440.50,0.50
2026-06-02 09:41:13,30442.25,30442.50,30438.75,30440.25,171,30441.50,30442.00,0.50
2026-06-02 09:41:14,30440.00,30442.00,30439.50,30441.75,167,30437.25,30437.75,0.50
2026-06-02 09:41:15,30441.50,30441.75,30436.25,30437.00,209,30436.00,30436.25,0.25
2026-06-02 09:41:16,30437.75,30437.75,30435.00,30435.75,189,30430.00,30430.25,0.25
2026-06-02 09:41:17,30436.00,30436.25,30430.00,30430.00,639,30428.25,30428.75,0.50
2026-06-02 09:41:18,30430.00,30430.50,30426.25,30428.00,604,30428.25,30428.75,0.50
2026-06-02 09:41:19,30428.50,30435.25,30428.25,30434.00,347,30433.25,30433.50,0.25
2026-06-02 09:41:20,30433.50,30436.50,30433.00,30434.50,250,30433.50,30434.00,0.50
2026-06-02 09:41:21,30433.75,30433.75,30428.25,30430.25,228,30424.50,30425.00,0.50
2026-06-02 09:41:22,30430.00,30430.00,30424.75,30425.50,300,30424.50,30425.00,0.50
2026-06-02 09:41:23,30425.00,30426.75,30423.75,30424.75,289,30425.75,30426.00,0.25
2026-06-02 09:41:24,30424.25,30428.00,30424.00,30425.75,249,30425.75,30426.00,0.25
2026-06-02 09:41:25,30425.75,30427.00,30424.50,30426.25,233,30430.25,30430.75,0.50
2026-06-02 09:41:26,30426.75,30431.25,30424.75,30430.75,221,30430.25,30430.75,0.50
2026-06-02 09:41:27,30430.25,30431.75,30426.75,30427.50,226,30431.00,30431.50,0.50
2026-06-02 09:41:28,30427.50,30433.25,30427.50,30431.50,223,30430.00,30430.50,0.50
2026-06-02 09:41:29,30430.75,30432.25,30429.50,30430.25,96,30435.00,30435.50,0.50
2026-06-02 09:41:30,30430.75,30435.75,30428.75,30435.25,211,30437.75,30438.00,0.25
2026-06-02 09:41:31,30435.50,30439.75,30435.00,30438.00,312,30443.25,30443.50,0.25
2026-06-02 09:41:32,30438.00,30443.25,30438.00,30443.25,259,30443.25,30443.50,0.25
2026-06-02 09:41:33,30443.25,30445.25,30443.00,30443.00,199,30444.00,30444.50,0.50
2026-06-02 09:41:34,30442.75,30444.75,30442.75,30444.25,120,30444.50,30445.00,0.50
2026-06-02 09:41:35,30444.50,30447.00,30443.00,30445.00,201,30444.50,30445.00,0.50
2026-06-02 09:41:36,30444.75,30448.00,30444.00,30448.00,169,30447.50,30448.00,0.50
2026-06-02 09:41:37,30448.00,30449.75,30446.50,30447.25,161,30447.50,30448.00,0.50
2026-06-02 09:41:38,30447.25,30449.00,30446.25,30448.00,112,30447.50,30448.00,0.50
2026-06-02 09:41:39,30448.00,30449.00,30442.75,30443.00,216,30443.75,30444.25,0.50
2026-06-02 09:41:40,30443.25,30444.00,30442.75,30444.00,105,30444.50,30445.00,0.50
2026-06-02 09:41:41,30444.25,30445.25,30441.75,30444.50,117,30446.75,30447.25,0.50
2026-06-02 09:41:42,30445.00,30447.00,30444.75,30446.50,104,30445.50,30446.00,0.50
2026-06-02 09:41:43,30447.25,30449.25,30445.50,30446.00,168,30443.50,30443.75,0.25
2026-06-02 09:41:44,30445.75,30445.75,30443.75,30443.75,96,30443.50,30444.00,0.50
2026-06-02 09:41:45,30443.50,30444.50,30442.50,30444.00,113,30446.50,30447.00,0.50
2026-06-02 09:41:46,30443.50,30446.75,30442.75,30446.25,111,30444.25,30444.75,0.50
2026-06-02 09:41:47,30446.75,30447.50,30443.75,30444.50,79,30446.00,30446.25,0.25
2026-06-02 09:41:48,30444.25,30446.75,30444.00,30446.25,101,30446.25,30446.50,0.25
2026-06-02 09:41:49,30446.75,30448.50,30445.25,30446.25,116,30446.50,30447.00,0.50
2026-06-02 09:41:50,30446.25,30447.50,30445.50,30446.50,114,30455.25,30455.50,0.25
2026-06-02 09:41:51,30446.50,30456.50,30446.00,30455.75,591,30456.75,30457.25,0.50
2026-06-02 09:41:52,30455.50,30459.00,30455.50,30457.25,489,30456.75,30457.25,0.50
2026-06-02 09:41:53,30457.25,30461.50,30456.25,30460.75,304,30460.50,30461.00,0.50
2026-06-02 09:41:54,30461.00,30463.50,30459.00,30461.50,296,30461.75,30462.25,0.50
2026-06-02 09:41:55,30462.00,30467.50,30461.75,30467.25,406,30467.25,30467.75,0.50
2026-06-02 09:41:56,30467.25,30468.75,30466.00,30467.50,244,30467.25,30467.75,0.50
2026-06-02 09:41:57,30467.50,30468.50,30465.25,30465.75,272,30465.25,30465.75,0.50
2026-06-02 09:41:58,30465.25,30466.50,30462.75,30463.00,175,30465.75,30466.25,0.50
2026-06-02 09:41:59,30463.00,30466.50,30463.00,30465.75,156,30464.75,30465.00,0.25
2026-06-02 09:42:00,30465.75,30466.75,30464.25,30464.50,156,30467.50,30467.75,0.25
2026-06-02 09:42:01,30465.50,30468.00,30463.50,30468.00,282,30466.25,30466.75,0.50
2026-06-02 09:42:02,30467.75,30468.00,30466.00,30466.50,220,30462.25,30462.75,0.50
2026-06-02 09:42:03,30466.50,30467.25,30462.25,30462.50,275,30464.00,30464.50,0.50
2026-06-02 09:42:04,30462.75,30466.75,30462.50,30464.75,221,30464.25,30464.75,0.50
2026-06-02 09:42:05,30464.50,30464.75,30461.50,30464.75,167,30463.25,30463.75,0.50
2026-06-02 09:42:06,30464.25,30464.75,30462.50,30463.75,92,30463.25,30463.75,0.50
2026-06-02 09:42:07,30463.50,30463.75,30457.00,30459.25,252,30457.50,30457.75,0.25
2026-06-02 09:42:08,30460.00,30460.50,30457.50,30457.50,204,30457.50,30457.75,0.25
2026-06-02 09:42:09,30457.50,30458.00,30456.00,30457.25,134,30455.00,30455.50,0.50
2026-06-02 09:42:10,30457.00,30457.25,30453.00,30455.25,155,30455.50,30456.00,0.50
2026-06-02 09:42:11,30455.50,30456.75,30453.25,30455.00,99,30455.50,30456.00,0.50
2026-06-02 09:42:12,30455.75,30459.50,30455.00,30459.25,91,30460.75,30461.25,0.50
2026-06-02 09:42:13,30459.50,30462.00,30458.75,30461.00,161,30459.25,30459.75,0.50
2026-06-02 09:42:14,30460.75,30462.00,30459.75,30459.75,139,30461.75,30462.25,0.50
2026-06-02 09:42:15,30459.25,30462.50,30458.25,30461.75,113,30461.50,30462.00,0.50
2026-06-02 09:42:16,30462.00,30462.25,30459.75,30461.75,101,30461.50,30462.00,0.50
2026-06-02 09:42:17,30462.50,30462.50,30461.00,30461.25,99,30463.25,30463.75,0.50
2026-06-02 09:42:18,30462.00,30464.00,30461.50,30463.25,109,30461.25,30461.75,0.50
2026-06-02 09:42:19,30463.00,30464.75,30460.50,30461.25,124,30456.75,30457.00,0.25
2026-06-02 09:42:20,30461.50,30461.75,30457.00,30457.00,132,30455.25,30455.75,0.50
2026-06-02 09:42:21,30456.75,30456.75,30452.50,30455.50,199,30456.00,30456.50,0.50
2026-06-02 09:42:22,30455.75,30458.50,30455.00,30456.00,89,30459.50,30460.00,0.50
2026-06-02 09:42:23,30456.25,30459.50,30455.50,30459.50,90,30459.50,30460.00,0.50
2026-06-02 09:42:24,30459.75,30461.00,30458.75,30459.50,69,30460.00,30460.25,0.25
2026-06-02 09:42:25,30459.75,30460.25,30458.50,30459.00,39,30460.00,30460.25,0.25
2026-06-02 09:42:26,30459.50,30461.50,30458.50,30460.50,88,30462.75,30463.00,0.25
2026-06-02 09:42:27,30460.75,30463.25,30460.75,30462.50,77,30464.00,30464.50,0.50
2026-06-02 09:42:28,30462.75,30464.75,30462.75,30464.25,67,30461.50,30462.00,0.50
2026-06-02 09:42:29,30464.50,30464.75,30460.75,30462.00,80,30466.00,30466.50,0.50
2026-06-02 09:42:30,30461.75,30467.25,30461.75,30466.50,133,30465.50,30466.00,0.50
2026-06-02 09:42:31,30466.75,30468.75,30465.25,30465.25,244,30467.25,30467.75,0.50
2026-06-02 09:42:32,30465.50,30468.00,30464.50,30468.00,169,30467.50,30468.00,0.50
2026-06-02 09:42:33,30467.25,30468.50,30466.75,30467.75,104,30468.50,30469.00,0.50
2026-06-02 09:42:34,30468.00,30470.50,30468.00,30468.75,397,30467.00,30467.50,0.50
2026-06-02 09:42:35,30468.50,30468.50,30465.25,30467.25,257,30461.00,30461.25,0.25
2026-06-02 09:42:36,30467.00,30468.50,30460.50,30461.25,258,30464.00,30464.50,0.50
2026-06-02 09:42:37,30461.25,30465.50,30461.25,30464.00,98,30463.25,30463.75,0.50
2026-06-02 09:42:38,30464.25,30465.00,30462.75,30463.50,49,30464.75,30465.25,0.50
2026-06-02 09:42:39,30463.50,30466.75,30463.50,30465.00,91,30464.25,30464.75,0.50
2026-06-02 09:42:40,30465.25,30466.50,30463.50,30464.25,66,30467.00,30467.50,0.50
2026-06-02 09:42:41,30464.25,30469.00,30463.75,30467.25,82,30465.00,30465.25,0.25
2026-06-02 09:42:42,30467.00,30468.50,30465.25,30465.25,111,30465.25,30465.75,0.50
2026-06-02 09:42:43,30465.25,30466.25,30464.25,30465.75,77,30465.25,30465.75,0.50
2026-06-02 09:42:44,30465.50,30466.25,30464.50,30464.50,63,30463.25,30463.75,0.50
2026-06-02 09:42:45,30463.75,30464.00,30462.00,30463.25,58,30467.75,30468.25,0.50
2026-06-02 09:42:46,30463.25,30468.50,30463.25,30468.00,89,30470.00,30470.50,0.50
2026-06-02 09:42:47,30468.00,30472.50,30467.75,30470.50,200,30474.75,30475.00,0.25
2026-06-02 09:42:48,30470.00,30475.50,30470.00,30474.75,390,30475.50,30476.25,0.75
2026-06-02 09:42:49,30475.00,30480.00,30474.50,30476.50,590,30475.50,30476.25,0.75
2026-06-02 09:42:50,30476.25,30477.25,30473.50,30477.25,318,30475.50,30476.00,0.50
2026-06-02 09:42:51,30477.00,30478.00,30475.50,30476.50,179,30475.50,30476.00,0.50
2026-06-02 09:42:52,30475.75,30477.25,30475.25,30475.75,159,30475.50,30476.00,0.50
2026-06-02 09:42:53,30476.00,30477.00,30474.25,30475.75,231,30475.50,30476.00,0.50
2026-06-02 09:42:54,30475.75,30477.00,30474.25,30474.75,165,30471.50,30472.00,0.50
2026-06-02 09:42:55,30475.25,30476.50,30471.25,30471.25,176,30471.50,30472.00,0.50
2026-06-02 09:42:56,30471.50,30474.50,30470.00,30473.50,223,30472.50,30473.00,0.50
2026-06-02 09:42:57,30473.75,30473.75,30471.75,30472.75,111,30476.00,30476.25,0.25
2026-06-02 09:42:58,30472.50,30476.50,30472.00,30476.25,142,30476.00,30476.25,0.25
2026-06-02 09:42:59,30476.25,30476.75,30474.75,30475.75,79,30479.25,30479.50,0.25
2026-06-02 09:43:00,30476.25,30479.50,30474.75,30479.25,212,30478.00,30478.50,0.50
2026-06-02 09:43:01,30479.50,30480.25,30477.25,30478.00,238,30479.25,30479.75,0.50
2026-06-02 09:43:02,30478.25,30480.50,30477.75,30479.75,171,30479.25,30479.75,0.50
2026-06-02 09:43:03,30479.25,30480.50,30477.50,30479.25,166,30481.00,30481.50,0.50
2026-06-02 09:43:04,30479.50,30485.00,30479.50,30481.50,470,30479.75,30480.25,0.50
2026-06-02 09:43:05,30480.50,30481.25,30478.75,30480.25,382,30479.75,30480.25,0.50
2026-06-02 09:43:06,30480.00,30482.25,30480.00,30480.50,174,30482.00,30482.50,0.50
2026-06-02 09:43:07,30481.00,30483.00,30481.00,30482.25,152,30482.00,30482.50,0.50
2026-06-02 09:43:08,30482.00,30483.25,30481.00,30482.75,118,30482.00,30482.50,0.50
2026-06-02 09:43:09,30482.50,30483.50,30481.00,30482.50,154,30480.25,30480.75,0.50
2026-06-02 09:43:10,30482.25,30483.25,30479.25,30480.25,143,30481.00,30481.50,0.50
2026-06-02 09:43:11,30480.00,30482.25,30478.00,30481.50,226,30479.75,30480.25,0.50
2026-06-02 09:43:12,30481.00,30482.25,30479.75,30479.75,95,30480.50,30481.00,0.50
2026-06-02 09:43:13,30479.75,30480.50,30478.50,30480.50,81,30478.25,30478.75,0.50
2026-06-02 09:43:14,30480.50,30481.00,30478.75,30479.00,97,30479.25,30479.75,0.50
2026-06-02 09:43:15,30478.50,30481.00,30478.50,30479.75,57,30475.00,30475.50,0.50
2026-06-02 09:43:16,30479.50,30481.00,30475.00,30475.25,214,30477.50,30478.00,0.50
2026-06-02 09:43:17,30475.50,30478.00,30474.25,30477.75,143,30477.25,30477.75,0.50
2026-06-02 09:43:18,30478.50,30480.25,30477.50,30477.75,124,30477.25,30477.75,0.50
2026-06-02 09:43:19,30477.50,30479.00,30477.25,30477.25,74,30481.00,30481.50,0.50
2026-06-02 09:43:20,30477.25,30481.25,30476.75,30481.25,95,30479.25,30479.75,0.50
2026-06-02 09:43:21,30481.25,30481.75,30478.75,30479.25,78,30479.25,30479.75,0.50
2026-06-02 09:43:22,30479.50,30480.75,30478.75,30480.50,59,30481.50,30482.00,0.50
2026-06-02 09:43:23,30480.75,30482.25,30479.75,30481.75,125,30481.50,30482.00,0.50
2026-06-02 09:43:24,30481.75,30483.50,30481.50,30482.25,99,30474.00,30474.50,0.50
2026-06-02 09:43:25,30481.50,30481.75,30473.75,30474.50,266,30475.25,30475.75,0.50
2026-06-02 09:43:26,30474.50,30476.25,30474.00,30475.50,92,30476.00,30476.50,0.50
2026-06-02 09:43:27,30475.50,30477.75,30475.50,30476.50,94,30472.50,30473.00,0.50
2026-06-02 09:43:28,30476.00,30476.75,30470.75,30473.00,225,30475.50,30476.00,0.50
2026-06-02 09:43:29,30473.00,30476.00,30472.25,30476.00,112,30472.75,30473.00,0.25
2026-06-02 09:43:30,30475.50,30475.50,30473.00,30473.00,71,30473.50,30474.00,0.50
2026-06-02 09:43:31,30472.75,30474.50,30471.75,30474.25,65,30473.50,30474.00,0.50
2026-06-02 09:43:32,30474.00,30476.00,30472.25,30475.75,70,30476.25,30476.50,0.25
2026-06-02 09:43:33,30475.75,30478.25,30475.75,30476.50,82,30477.50,30478.00,0.50
2026-06-02 09:43:34,30476.50,30478.25,30476.00,30477.75,49,30478.25,30478.50,0.25
2026-06-02 09:43:35,30477.75,30478.75,30476.50,30478.50,46,30477.25,30477.75,0.50
2026-06-02 09:43:36,30478.50,30479.25,30476.75,30477.75,45,30475.75,30476.25,0.50
2026-06-02 09:43:37,30477.00,30477.00,30475.25,30475.75,91,30479.50,30479.75,0.25
2026-06-02 09:43:38,30476.00,30479.50,30475.50,30479.50,75,30479.25,30479.75,0.50
2026-06-02 09:43:39,30479.75,30482.00,30478.75,30479.25,156,30480.75,30481.25,0.50
2026-06-02 09:43:40,30479.50,30481.50,30478.75,30481.00,78,30479.75,30480.25,0.50
2026-06-02 09:43:41,30481.00,30481.25,30480.00,30480.00,65,30480.25,30480.75,0.50
2026-06-02 09:43:42,30480.50,30481.75,30480.00,30480.75,85,30483.25,30483.75,0.50
2026-06-02 09:43:43,30480.50,30483.75,30480.25,30483.50,123,30481.50,30482.00,0.50
2026-06-02 09:43:44,30483.50,30484.00,30481.50,30482.00,76,30485.25,30485.75,0.50
2026-06-02 09:43:45,30481.50,30486.75,30481.00,30485.25,305,30483.00,30483.50,0.50
2026-06-02 09:43:46,30485.50,30485.75,30482.00,30483.75,162,30482.50,30483.00,0.50
2026-06-02 09:43:47,30483.50,30485.25,30482.75,30482.75,92,30482.50,30483.00,0.50
2026-06-02 09:43:48,30483.00,30483.25,30481.00,30482.00,69,30486.00,30486.50,0.50
2026-06-02 09:43:49,30482.00,30486.00,30481.50,30486.00,75,30486.00,30486.50,0.50
2026-06-02 09:43:50,30486.75,30487.25,30483.25,30486.25,133,30484.25,30484.75,0.50
2026-06-02 09:43:51,30486.50,30487.25,30483.25,30485.00,99,30484.25,30484.75,0.50
2026-06-02 09:43:52,30484.75,30485.75,30484.00,30484.50,68,30479.25,30479.75,0.50
2026-06-02 09:43:53,30484.50,30484.75,30478.75,30479.75,301,30483.50,30484.00,0.50
2026-06-02 09:43:54,30479.25,30484.00,30476.00,30483.75,212,30484.00,30484.25,0.25
2026-06-02 09:43:55,30483.50,30485.25,30482.75,30484.00,88,30482.50,30483.00,0.50
2026-06-02 09:43:56,30484.00,30484.00,30481.75,30482.25,55,30482.50,30483.00,0.50
2026-06-02 09:43:57,30482.75,30484.00,30480.50,30484.00,63,30483.25,30483.75,0.50
2026-06-02 09:43:58,30483.75,30483.75,30481.75,30482.25,61,30483.00,30483.50,0.50
2026-06-02 09:43:59,30482.25,30483.75,30482.25,30483.25,36,30484.25,30484.75,0.50
2026-06-02 09:44:00,30483.00,30484.75,30482.25,30484.75,83,30483.00,30483.50,0.50
2026-06-02 09:44:01,30484.75,30486.00,30482.75,30483.25,134,30478.50,30479.00,0.50
2026-06-02 09:44:02,30483.00,30484.00,30478.75,30479.25,164,30477.00,30477.50,0.50
2026-06-02 09:44:03,30478.75,30480.50,30476.50,30477.25,171,30475.00,30475.50,0.50
2026-06-02 09:44:04,30477.00,30477.75,30473.25,30475.50,199,30479.00,30479.25,0.25
2026-06-02 09:44:05,30475.25,30479.50,30473.75,30479.50,178,30479.00,30479.25,0.25
2026-06-02 09:44:06,30479.50,30479.50,30477.25,30478.25,104,30480.00,30480.25,0.25
2026-06-02 09:44:07,30478.00,30480.00,30475.75,30479.75,140,30479.50,30480.00,0.50
2026-06-02 09:44:08,30480.25,30480.75,30478.50,30480.00,55,30479.50,30480.00,0.50
2026-06-02 09:44:09,30479.75,30482.50,30478.50,30482.00,128,30480.75,30481.25,0.50
2026-06-02 09:44:10,30481.50,30482.50,30480.50,30481.00,72,30477.00,30477.50,0.50
2026-06-02 09:44:11,30480.75,30481.00,30477.00,30477.00,67,30475.25,30475.75,0.50
2026-06-02 09:44:12,30477.25,30477.50,30475.25,30475.75,59,30475.25,30475.75,0.50
2026-06-02 09:44:13,30475.50,30477.50,30474.75,30476.00,87,30476.50,30477.00,0.50
2026-06-02 09:44:14,30476.25,30478.00,30474.25,30476.25,65,30480.00,30480.50,0.50
2026-06-02 09:44:15,30476.25,30480.50,30472.50,30480.50,141,30480.00,30480.50,0.50
2026-06-02 09:44:16,30480.25,30481.00,30479.00,30479.50,53,30478.00,30478.50,0.50
2026-06-02 09:44:17,30481.00,30481.00,30476.75,30478.25,75,30478.00,30478.50,0.50
2026-06-02 09:44:18,30478.25,30480.25,30478.25,30480.25,46,30480.50,30480.75,0.25
2026-06-02 09:44:19,30480.00,30480.75,30478.50,30480.75,37,30480.00,30480.50,0.50
2026-06-02 09:44:20,30480.50,30481.00,30480.00,30480.50,34,30481.00,30481.50,0.50
2026-06-02 09:44:21,30480.00,30481.75,30480.00,30481.25,46,30480.25,30480.75,0.50
2026-06-02 09:44:22,30480.50,30481.00,30479.75,30480.75,25,30478.75,30479.25,0.50
2026-06-02 09:44:23,30480.25,30480.50,30478.50,30479.00,48,30476.50,30477.00,0.50
2026-06-02 09:44:24,30478.75,30479.00,30476.00,30476.00,64,30478.25,30478.50,0.25
2026-06-02 09:44:25,30476.50,30478.50,30476.25,30478.50,46,30479.00,30479.50,0.50
2026-06-02 09:44:26,30478.25,30480.75,30477.75,30479.25,78,30479.50,30479.75,0.25
2026-06-02 09:44:27,30479.25,30480.25,30478.75,30479.25,20,30479.50,30479.75,0.25
2026-06-02 09:44:28,30479.50,30481.00,30479.50,30480.75,47,30480.50,30481.00,0.50
2026-06-02 09:44:29,30480.75,30485.25,30480.25,30483.75,221,30478.75,30479.25,0.50
2026-06-02 09:44:30,30483.50,30483.75,30479.00,30479.00,72,30480.50,30480.75,0.25
2026-06-02 09:44:31,30479.25,30480.75,30477.50,30480.50,80,30483.00,30483.25,0.25
2026-06-02 09:44:32,30480.75,30483.00,30479.25,30483.00,79,30483.00,30483.25,0.25
2026-06-02 09:44:33,30483.00,30485.25,30482.75,30483.00,90,30483.75,30484.25,0.50
2026-06-02 09:44:34,30483.25,30485.00,30482.50,30484.25,71,30488.25,30488.75,0.50
2026-06-02 09:44:35,30484.00,30489.75,30483.75,30488.25,459,30487.50,30488.00,0.50
2026-06-02 09:44:36,30489.00,30489.00,30486.50,30487.75,184,30491.25,30491.75,0.50
2026-06-02 09:44:37,30488.00,30491.75,30487.25,30491.75,326,30489.50,30490.00,0.50
2026-06-02 09:44:38,30492.00,30492.75,30489.50,30490.00,267,30488.75,30489.25,0.50
2026-06-02 09:44:39,30490.00,30490.50,30488.25,30489.50,138,30492.25,30492.50,0.25
2026-06-02 09:44:40,30489.25,30493.50,30488.50,30492.50,245,30493.00,30493.50,0.50
2026-06-02 09:44:41,30492.00,30493.75,30492.00,30493.50,195,30493.00,30493.50,0.50
2026-06-02 09:44:42,30493.50,30494.50,30491.25,30493.25,237,30489.00,30489.50,0.50
2026-06-02 09:44:43,30493.00,30493.00,30488.00,30489.25,182,30489.75,30490.25,0.50
2026-06-02 09:44:44,30488.75,30492.00,30487.75,30489.75,190,30489.75,30490.25,0.50
2026-06-02 09:44:45,30489.75,30491.75,30489.75,30491.75,91,30490.50,30491.00,0.50
2026-06-02 09:44:46,30490.75,30493.25,30489.75,30493.00,108,30491.50,30492.00,0.50
2026-06-02 09:44:47,30493.00,30493.75,30490.25,30492.50,173,30491.50,30492.00,0.50
2026-06-02 09:44:48,30491.75,30494.25,30491.50,30492.00,110,30493.50,30494.00,0.50
2026-06-02 09:44:49,30492.00,30494.25,30492.00,30494.25,82,30492.50,30493.00,0.50
2026-06-02 09:44:50,30494.00,30494.50,30492.50,30492.75,90,30491.75,30492.00,0.25
2026-06-02 09:44:51,30492.75,30493.25,30491.25,30492.00,112,30491.75,30492.00,0.25
2026-06-02 09:44:52,30492.00,30492.00,30490.00,30490.00,125,30492.00,30492.50,0.50
2026-06-02 09:44:53,30490.50,30493.00,30490.25,30492.25,102,30492.00,30492.50,0.50
2026-06-02 09:44:54,30492.50,30493.75,30491.50,30491.50,120,30494.25,30494.75,0.50
2026-06-02 09:44:55,30492.25,30494.50,30492.25,30494.50,66,30494.25,30494.75,0.50
2026-06-02 09:44:56,30494.50,30499.00,30494.50,30498.50,389,30500.25,30500.75,0.50
2026-06-02 09:44:57,30499.00,30501.75,30498.50,30500.50,653,30502.75,30503.25,0.50
2026-06-02 09:44:58,30500.75,30505.00,30500.50,30503.00,518,30503.50,30504.00,0.50
2026-06-02 09:44:59,30503.25,30505.25,30502.50,30503.75,303,30502.75,30503.25,0.50
2026-06-02 09:45:00,30504.00,30505.75,30500.75,30502.50,297,30502.75,30503.25,0.50
2026-06-02 09:45:01,30503.00,30503.75,30500.50,30502.50,320,30498.75,30499.25,0.50
2026-06-02 09:45:02,30503.00,30503.00,30498.50,30499.00,219,30502.50,30503.00,0.50
2026-06-02 09:45:03,30499.25,30503.25,30497.75,30502.50,215,30501.50,30502.00,0.50
2026-06-02 09:45:04,30502.75,30503.00,30500.00,30501.75,221,30504.50,30505.00,0.50
2026-06-02 09:45:05,30501.50,30506.25,30500.00,30505.00,239,30505.50,30506.00,0.50
2026-06-02 09:45:06,30504.75,30508.00,30504.00,30506.00,410,30504.50,30505.00,0.50
2026-06-02 09:45:07,30505.75,30506.50,30503.50,30504.50,285,30504.50,30505.00,0.50
2026-06-02 09:45:08,30505.00,30506.25,30503.50,30505.75,206,30505.25,30505.75,0.50
2026-06-02 09:45:09,30505.75,30507.00,30503.75,30504.50,163,30504.25,30504.75,0.50
2026-06-02 09:45:10,30504.50,30505.00,30501.75,30503.75,204,30507.75,30508.25,0.50
2026-06-02 09:45:11,30503.25,30508.00,30503.25,30508.00,124,30505.75,30506.00,0.25
2026-06-02 09:45:12,30507.75,30507.75,30505.50,30506.25,112,30507.25,30507.75,0.50
2026-06-02 09:45:13,30506.00,30508.25,30505.75,30507.75,144,30506.25,30506.75,0.50
2026-06-02 09:45:14,30507.50,30508.00,30505.50,30506.50,177,30506.25,30506.75,0.50
2026-06-02 09:45:15,30506.50,30507.50,30505.50,30506.25,121,30505.00,30505.50,0.50
2026-06-02 09:45:16,30506.50,30507.00,30503.75,30505.00,182,30505.75,30506.00,0.25
2026-06-02 09:45:17,30505.25,30507.50,30504.75,30506.00,118,30506.25,30506.75,0.50
2026-06-02 09:45:18,30505.75,30506.75,30504.75,30506.00,91,30506.25,30506.75,0.50
2026-06-02 09:45:19,30506.00,30507.25,30504.25,30505.75,122,30505.25,30505.75,0.50
2026-06-02 09:45:20,30505.50,30506.00,30502.75,30503.00,145,30503.00,30503.50,0.50
2026-06-02 09:45:21,30502.75,30505.00,30502.25,30503.25,119,30503.00,30503.50,0.50
2026-06-02 09:45:22,30503.25,30506.50,30503.00,30506.25,249,30507.50,30508.00,0.50
2026-06-02 09:45:23,30506.25,30508.25,30505.50,30508.25,112,30507.50,30508.00,0.50
2026-06-02 09:45:24,30507.75,30511.75,30506.75,30510.50,358,30514.25,30514.75,0.50
2026-06-02 09:45:25,30510.50,30514.75,30510.25,30514.50,364,30515.50,30516.00,0.50
2026-06-02 09:45:26,30514.75,30516.75,30513.75,30515.75,280,30515.50,30516.00,0.50
2026-06-02 09:45:27,30516.00,30521.75,30515.50,30519.25,464,30519.25,30519.75,0.50
2026-06-02 09:45:28,30519.50,30521.50,30518.00,30519.00,356,30519.25,30519.75,0.50
2026-06-02 09:45:29,30519.00,30520.75,30518.75,30519.25,234,30514.50,30515.00,0.50
2026-06-02 09:45:30,30519.75,30519.75,30513.50,30515.00,187,30515.50,30515.75,0.25
2026-06-02 09:45:31,30515.00,30518.00,30513.75,30516.00,263,30515.50,30515.75,0.25
2026-06-02 09:45:32,30515.50,30517.75,30514.50,30516.75,190,30514.50,30514.75,0.25
2026-06-02 09:45:33,30517.00,30517.25,30513.50,30514.75,308,30514.25,30514.50,0.25
2026-06-02 09:45:34,30514.75,30516.25,30513.25,30514.25,161,30515.50,30516.00,0.50
2026-06-02 09:45:35,30515.25,30516.75,30515.00,30515.00,92,30512.25,30512.75,0.50
2026-06-02 09:45:36,30515.75,30515.75,30512.50,30512.75,127,30512.25,30512.75,0.50
2026-06-02 09:45:37,30512.50,30513.50,30510.25,30510.75,239,30510.25,30510.50,0.25
2026-06-02 09:45:38,30510.75,30511.50,30508.75,30509.75,215,30509.00,30509.25,0.25
2026-06-02 09:45:39,30510.50,30511.00,30509.25,30509.50,152,30509.25,30509.50,0.25
2026-06-02 09:45:40,30509.00,30510.00,30508.25,30509.25,93,30512.25,30512.75,0.50
2026-06-02 09:45:41,30509.25,30513.00,30509.25,30512.75,201,30513.25,30513.75,0.50
2026-06-02 09:45:42,30512.25,30513.75,30511.25,30513.25,164,30513.25,30513.75,0.50
2026-06-02 09:45:43,30513.00,30516.25,30513.00,30515.75,107,30515.75,30516.25,0.50
2026-06-02 09:45:44,30516.00,30516.75,30514.25,30514.50,94,30515.25,30515.75,0.50
2026-06-02 09:45:45,30515.00,30516.25,30513.75,30515.75,115,30516.75,30517.00,0.25
2026-06-02 09:45:46,30515.50,30516.75,30513.75,30516.75,109,30516.75,30517.00,0.25
2026-06-02 09:45:47,30517.00,30517.00,30514.75,30516.00,60,30514.75,30515.00,0.25
2026-06-02 09:45:48,30516.25,30516.50,30514.00,30514.50,77,30514.75,30515.00,0.25
2026-06-02 09:45:49,30515.00,30516.50,30514.50,30516.25,67,30514.25,30514.50,0.25
2026-06-02 09:45:50,30515.75,30515.75,30513.50,30513.75,70,30512.25,30512.75,0.50
2026-06-02 09:45:51,30514.00,30514.25,30512.25,30512.50,79,30511.25,30511.75,0.50
2026-06-02 09:45:52,30512.25,30513.25,30510.75,30511.25,181,30512.75,30513.25,0.50
2026-06-02 09:45:53,30511.75,30513.50,30511.50,30513.00,95,30510.50,30510.75,0.25
2026-06-02 09:45:54,30513.25,30513.25,30511.00,30511.00,64,30508.25,30508.50,0.25
2026-06-02 09:45:55,30510.50,30510.50,30508.00,30508.50,140,30507.75,30508.25,0.50
2026-06-02 09:45:56,30508.25,30509.75,30507.75,30507.75,161,30507.75,30508.25,0.50
2026-06-02 09:45:57,30508.25,30508.25,30505.00,30505.25,219,30501.00,30501.25,0.25
2026-06-02 09:45:58,30505.00,30505.25,30500.50,30501.25,340,30507.00,30507.25,0.25
2026-06-02 09:45:59,30501.00,30508.00,30500.50,30507.25,292,30507.00,30507.25,0.25
2026-06-02 09:46:00,30507.25,30508.75,30505.75,30508.25,129,30511.50,30511.75,0.25
2026-06-02 09:46:01,30507.75,30512.25,30507.75,30512.00,255,30511.50,30511.75,0.25
2026-06-02 09:46:02,30512.00,30512.00,30507.00,30509.00,158,30514.00,30514.50,0.50
2026-06-02 09:46:03,30508.75,30515.50,30507.75,30514.50,252,30512.50,30513.00,0.50
2026-06-02 09:46:04,30514.00,30514.50,30512.00,30512.75,158,30507.50,30508.00,0.50
2026-06-02 09:46:05,30512.50,30513.25,30507.75,30507.75,155,30507.00,30507.50,0.50
2026-06-02 09:46:06,30508.00,30508.75,30505.00,30507.25,146,30507.00,30507.25,0.25
2026-06-02 09:46:07,30507.50,30508.00,30505.00,30507.25,101,30503.50,30504.00,0.50
2026-06-02 09:46:08,30507.25,30507.50,30502.50,30503.50,139,30502.25,30502.50,0.25
2026-06-02 09:46:09,30503.75,30504.25,30501.50,30502.25,134,30504.25,30504.75,0.50
2026-06-02 09:46:10,30502.50,30505.00,30502.50,30504.50,161,30505.00,30505.50,0.50
2026-06-02 09:46:11,30504.25,30505.50,30502.00,30505.50,121,30505.50,30506.00,0.50
2026-06-02 09:46:12,30505.50,30506.25,30503.75,30505.50,97,30506.00,30506.50,0.50
2026-06-02 09:46:13,30506.25,30509.75,30506.00,30506.50,182,30505.00,30505.25,0.25
2026-06-02 09:46:14,30507.00,30507.00,30505.00,30506.00,58,30499.25,30499.50,0.25
2026-06-02 09:46:15,30505.00,30505.00,30499.25,30499.25,187,30499.50,30500.00,0.50
2026-06-02 09:46:16,30499.00,30501.50,30495.75,30500.00,445,30499.75,30500.25,0.50
2026-06-02 09:46:17,30500.00,30500.25,30497.25,30499.75,180,30501.50,30502.00,0.50
2026-06-02 09:46:18,30500.25,30503.75,30500.00,30502.00,134,30501.50,30502.00,0.50
2026-06-02 09:46:19,30501.50,30503.25,30500.25,30501.25,98,30504.00,30504.50,0.50
2026-06-02 09:46:20,30501.50,30505.50,30501.50,30504.50,145,30502.25,30502.75,0.50
2026-06-02 09:46:21,30504.00,30505.00,30502.00,30502.50,130,30503.00,30503.50,0.50
2026-06-02 09:46:22,30502.25,30503.75,30501.75,30503.00,56,30504.75,30505.25,0.50
2026-06-02 09:46:23,30503.50,30506.00,30502.75,30505.00,66,30503.50,30504.00,0.50
2026-06-02 09:46:24,30505.75,30505.75,30502.75,30503.50,76,30504.75,30505.25,0.50
2026-06-02 09:46:25,30503.50,30505.25,30503.25,30505.00,72,30504.25,30504.75,0.50
2026-06-02 09:46:26,30504.75,30505.25,30503.50,30504.75,69,30507.00,30507.50,0.50
2026-06-02 09:46:27,30504.25,30507.25,30504.25,30507.25,61,30504.75,30505.25,0.50
2026-06-02 09:46:28,30507.50,30508.00,30504.50,30505.00,84,30507.25,30507.75,0.50
2026-06-02 09:46:29,30504.75,30508.00,30504.75,30507.50,85,30507.25,30507.75,0.50
2026-06-02 09:46:30,30507.50,30510.75,30506.75,30510.75,100,30510.25,30510.75,0.50
2026-06-02 09:46:31,30510.25,30512.50,30509.00,30511.00,172,30512.25,30512.75,0.50
2026-06-02 09:46:32,30510.75,30513.25,30510.50,30512.25,144,30512.50,30512.75,0.25
2026-06-02 09:46:33,30512.25,30515.00,30512.25,30513.00,163,30512.50,30512.75,0.25
2026-06-02 09:46:34,30512.50,30515.25,30512.25,30513.50,182,30513.00,30513.25,0.25
2026-06-02 09:46:35,30513.50,30513.75,30512.25,30513.25,98,30513.00,30513.25,0.25
2026-06-02 09:46:36,30513.25,30514.00,30510.75,30513.25,85,30515.75,30516.00,0.25
2026-06-02 09:46:37,30513.50,30516.25,30512.50,30515.75,107,30516.25,30516.75,0.50
2026-06-02 09:46:38,30516.25,30516.50,30515.25,30516.25,104,30516.25,30516.50,0.25
2026-06-02 09:46:39,30516.25,30516.75,30515.00,30516.50,116,30516.25,30516.50,0.25
2026-06-02 09:46:40,30516.50,30517.75,30512.75,30513.50,173,30515.25,30515.75,0.50
2026-06-02 09:46:41,30513.50,30516.25,30512.75,30516.00,152,30514.00,30514.25,0.25
2026-06-02 09:46:42,30515.25,30516.75,30513.75,30513.75,140,30515.00,30515.50,0.50
2026-06-02 09:46:43,30514.75,30516.25,30514.00,30515.25,93,30516.00,30516.50,0.50
2026-06-02 09:46:44,30515.00,30517.75,30514.75,30516.25,96,30515.50,30515.75,0.25
2026-06-02 09:46:45,30516.00,30517.00,30515.75,30515.75,92,30516.75,30517.00,0.25
2026-06-02 09:46:46,30515.75,30518.75,30515.75,30517.00,139,30515.75,30516.00,0.25
2026-06-02 09:46:47,30516.50,30517.50,30515.25,30515.75,140,30516.25,30516.50,0.25
2026-06-02 09:46:48,30516.50,30517.00,30516.00,30516.25,56,30515.75,30516.25,0.50
2026-06-02 09:46:49,30516.00,30516.00,30514.00,30515.75,99,30519.25,30519.50,0.25
2026-06-02 09:46:50,30516.25,30519.50,30515.25,30519.25,112,30519.25,30519.50,0.25
2026-06-02 09:46:51,30519.25,30519.25,30517.50,30518.25,69,30518.50,30519.00,0.50
2026-06-02 09:46:52,30518.75,30520.00,30518.00,30519.75,93,30520.25,30520.50,0.25
2026-06-02 09:46:53,30519.00,30520.50,30518.50,30520.00,148,30520.25,30520.50,0.25
2026-06-02 09:46:54,30520.50,30520.50,30517.50,30520.00,163,30524.00,30524.25,0.25
2026-06-02 09:46:55,30519.75,30524.50,30519.50,30524.00,335,30524.00,30524.25,0.25
2026-06-02 09:46:56,30524.25,30525.50,30523.50,30525.50,289,30524.75,30525.25,0.50
2026-06-02 09:46:57,30525.00,30527.50,30524.50,30525.25,403,30523.75,30524.25,0.50
2026-06-02 09:46:58,30525.00,30525.75,30523.75,30523.75,168,30523.75,30524.25,0.50
2026-06-02 09:46:59,30523.75,30525.75,30523.75,30525.00,140,30524.25,30524.75,0.50
2026-06-02 09:47:00,30524.75,30525.50,30523.75,30524.50,99,30524.25,30524.75,0.50
2026-06-02 09:47:01,30524.50,30526.75,30524.25,30526.50,187,30527.00,30527.50,0.50
2026-06-02 09:47:02,30526.25,30527.75,30525.25,30527.25,177,30527.00,30527.50,0.50
2026-06-02 09:47:03,30527.50,30528.00,30525.50,30527.25,164,30527.50,30527.75,0.25
2026-06-02 09:47:04,30527.75,30527.75,30525.25,30527.25,130,30528.25,30528.50,0.25
2026-06-02 09:47:05,30527.50,30529.50,30527.00,30528.25,202,30524.25,30524.75,0.50
2026-06-02 09:47:06,30528.50,30528.50,30524.25,30525.00,210,30523.25,30523.75,0.50
2026-06-02 09:47:07,30524.75,30526.00,30522.25,30523.50,250,30521.25,30521.75,0.50
2026-06-02 09:47:08,30523.50,30524.00,30520.00,30521.25,237,30521.25,30521.75,0.50
2026-06-02 09:47:09,30521.50,30526.25,30521.25,30526.00,231,30525.50,30526.00,0.50
2026-06-02 09:47:10,30525.50,30526.25,30524.25,30525.50,128,30524.75,30525.00,0.25
2026-06-02 09:47:11,30525.75,30526.00,30524.00,30525.00,91,30524.75,30525.25,0.50
2026-06-02 09:47:12,30525.00,30526.25,30523.75,30524.25,89,30525.50,30526.00,0.50
2026-06-02 09:47:13,30525.00,30526.75,30525.00,30525.75,100,30525.50,30526.00,0.50
2026-06-02 09:47:14,30525.75,30527.00,30525.25,30527.00,93,30526.00,30526.50,0.50
2026-06-02 09:47:15,30527.00,30528.00,30525.75,30526.75,106,30527.50,30528.00,0.50
2026-06-02 09:47:16,30526.00,30527.75,30525.75,30527.50,87,30527.00,30527.25,0.25
2026-06-02 09:47:17,30527.50,30528.00,30524.00,30526.50,109,30526.75,30527.25,0.50
2026-06-02 09:47:18,30527.25,30528.50,30525.75,30526.75,74,30528.75,30529.25,0.50
2026-06-02 09:47:19,30526.75,30529.00,30526.75,30528.50,68,30530.50,30531.00,0.50
2026-06-02 09:47:20,30528.75,30530.75,30528.25,30530.50,208,30529.00,30529.50,0.50
2026-06-02 09:47:21,30531.00,30532.00,30528.25,30528.50,240,30525.75,30526.25,0.50
2026-06-02 09:47:22,30529.50,30530.00,30525.25,30525.50,168,30528.00,30528.50,0.50
2026-06-02 09:47:23,30526.50,30528.75,30526.50,30528.00,122,30530.00,30530.25,0.25
2026-06-02 09:47:24,30528.50,30530.25,30527.50,30530.00,102,30530.00,30530.25,0.25
2026-06-02 09:47:25,30530.25,30531.25,30529.75,30530.50,90,30531.25,30531.50,0.25
2026-06-02 09:47:26,30530.75,30532.00,30529.50,30531.00,127,30527.25,30527.75,0.50
2026-06-02 09:47:27,30531.50,30532.25,30527.25,30527.25,181,30527.50,30528.00,0.50
2026-06-02 09:47:28,30527.75,30528.50,30527.00,30527.50,77,30526.50,30526.75,0.25
2026-06-02 09:47:29,30528.00,30528.75,30526.75,30526.75,112,30526.00,30526.50,0.50
2026-06-02 09:47:30,30526.50,30527.25,30525.75,30526.75,99,30527.25,30527.75,0.50
2026-06-02 09:47:31,30526.25,30527.50,30524.50,30527.50,109,30524.00,30524.25,0.25
2026-06-02 09:47:32,30526.75,30526.75,30522.75,30524.00,162,30522.25,30522.50,0.25
2026-06-02 09:47:33,30524.25,30524.25,30521.25,30522.25,175,30522.00,30522.50,0.50
2026-06-02 09:47:34,30522.25,30523.50,30520.75,30522.50,139,30520.75,30521.00,0.25
2026-06-02 09:47:35,30522.00,30523.50,30520.75,30521.00,104,30519.25,30519.75,0.50
2026-06-02 09:47:36,30521.00,30521.00,30518.00,30519.25,387,30516.00,30516.50,0.50
2026-06-02 09:47:37,30519.25,30519.25,30514.75,30516.00,334,30516.00,30516.50,0.50
2026-06-02 09:47:38,30516.00,30517.75,30515.00,30516.00,208,30516.00,30516.50,0.50
2026-06-02 09:47:39,30516.25,30520.25,30516.00,30520.00,172,30519.75,30520.00,0.25
2026-06-02 09:47:40,30520.00,30521.75,30519.75,30520.00,93,30518.50,30518.75,0.25
2026-06-02 09:47:41,30519.75,30521.00,30518.25,30519.00,66,30520.75,30521.25,0.50
2026-06-02 09:47:42,30519.00,30521.00,30518.75,30520.75,77,30522.50,30523.00,0.50
2026-06-02 09:47:43,30520.75,30523.50,30520.25,30523.00,93,30522.00,30522.50,0.50
2026-06-02 09:47:44,30523.00,30523.00,30521.75,30522.75,67,30524.50,30524.75,0.25
2026-06-02 09:47:45,30522.25,30525.00,30522.25,30524.50,86,30523.50,30524.00,0.50
2026-06-02 09:47:46,30524.50,30525.00,30523.00,30524.00,68,30522.50,30523.00,0.50
2026-06-02 09:47:47,30523.75,30524.50,30522.00,30522.50,89,30525.50,30526.00,0.50
2026-06-02 09:47:48,30522.50,30526.25,30521.75,30525.75,142,30529.00,30529.25,0.25
2026-06-02 09:47:49,30526.25,30529.25,30525.75,30529.25,144,30529.00,30529.25,0.25
2026-06-02 09:47:50,30529.00,30533.50,30529.00,30533.00,295,30531.75,30532.25,0.50
2026-06-02 09:47:51,30532.75,30533.75,30531.50,30532.25,200,30530.25,30530.75,0.50
2026-06-02 09:47:52,30532.25,30533.25,30530.25,30530.25,223,30530.25,30530.75,0.50
2026-06-02 09:47:53,30530.25,30530.75,30527.50,30528.25,177,30529.75,30530.25,0.50
2026-06-02 09:47:54,30528.00,30530.00,30527.00,30529.75,89,30529.75,30530.25,0.50
2026-06-02 09:47:55,30529.75,30531.75,30528.75,30531.00,78,30530.50,30531.00,0.50
2026-06-02 09:47:56,30531.00,30531.25,30530.00,30530.50,59,30531.75,30532.25,0.50
2026-06-02 09:47:57,30530.50,30532.50,30530.25,30532.50,84,30532.00,30532.50,0.50
2026-06-02 09:47:58,30532.25,30533.00,30531.75,30532.25,65,30532.25,30532.50,0.25
2026-06-02 09:47:59,30532.00,30533.75,30531.75,30532.50,82,30529.50,30530.00,0.50
2026-06-02 09:48:00,30532.00,30532.00,30528.75,30530.00,81,30530.25,30530.75,0.50
2026-06-02 09:48:01,30529.25,30531.25,30529.00,30530.50,162,30531.75,30532.00,0.25
2026-06-02 09:48:02,30530.25,30533.25,30530.25,30531.75,143,30531.75,30532.00,0.25
2026-06-02 09:48:03,30532.00,30532.50,30531.00,30532.00,107,30531.00,30531.50,0.50
2026-06-02 09:48:04,30531.75,30531.75,30530.00,30531.25,90,30532.25,30532.75,0.50
2026-06-02 09:48:05,30531.50,30533.25,30530.75,30532.75,68,30532.25,30532.75,0.50
2026-06-02 09:48:06,30532.75,30532.75,30528.75,30530.25,154,30530.25,30530.75,0.50
2026-06-02 09:48:07,30530.50,30532.00,30529.75,30530.50,109,30531.25,30531.75,0.50
2026-06-02 09:48:08,30531.00,30531.50,30529.50,30530.75,69,30532.25,30532.75,0.50
2026-06-02 09:48:09,30531.25,30534.00,30531.25,30533.25,104,30532.25,30532.75,0.50
2026-06-02 09:48:10,30532.50,30534.50,30532.25,30533.25,123,30532.00,30532.50,0.50
2026-06-02 09:48:11,30532.50,30533.50,30531.75,30532.25,101,30533.75,30534.25,0.50
2026-06-02 09:48:12,30531.75,30534.25,30531.50,30534.25,86,30533.00,30533.25,0.25
2026-06-02 09:48:13,30533.75,30535.25,30532.75,30533.50,267,30532.25,30532.75,0.50
2026-06-02 09:48:14,30532.50,30533.25,30531.50,30532.50,90,30534.50,30535.00,0.50
2026-06-02 09:48:15,30532.50,30535.00,30532.50,30534.75,74,30536.75,30537.00,0.25
2026-06-02 09:48:16,30534.50,30537.50,30534.50,30537.25,275,30533.75,30534.00,0.25
2026-06-02 09:48:17,30537.00,30537.25,30533.25,30534.75,176,30532.75,30533.25,0.50
2026-06-02 09:48:18,30533.75,30534.75,30532.25,30532.50,371,30532.75,30533.25,0.50
2026-06-02 09:48:19,30533.00,30535.25,30533.00,30534.25,197,30534.25,30534.75,0.50
2026-06-02 09:48:20,30533.75,30535.50,30533.25,30534.75,95,30534.25,30534.75,0.50
2026-06-02 09:48:21,30534.50,30535.50,30533.75,30534.25,101,30533.75,30534.25,0.50
2026-06-02 09:48:22,30534.50,30534.75,30533.50,30533.50,71,30532.50,30533.00,0.50
2026-06-02 09:48:23,30533.75,30534.75,30532.50,30532.50,55,30534.25,30534.75,0.50
2026-06-02 09:48:24,30533.00,30534.50,30532.50,30534.25,126,30535.00,30535.50,0.50
2026-06-02 09:48:25,30534.25,30536.00,30534.00,30535.00,64,30536.25,30536.75,0.50
2026-06-02 09:48:26,30534.75,30537.00,30534.75,30536.00,95,30535.75,30536.25,0.50
2026-06-02 09:48:27,30536.50,30538.25,30534.75,30536.25,168,30535.00,30535.25,0.25
2026-06-02 09:48:28,30536.00,30537.00,30534.25,30535.25,231,30535.50,30536.00,0.50
2026-06-02 09:48:29,30535.25,30536.50,30534.75,30535.50,70,30534.00,30534.25,0.25
2026-06-02 09:48:30,30535.50,30535.75,30533.75,30534.00,67,30534.00,30534.50,0.50
2026-06-02 09:48:31,30534.25,30534.50,30533.50,30534.25,28,30537.75,30538.25,0.50
2026-06-02 09:48:32,30533.75,30539.00,30533.50,30538.25,136,30534.75,30535.25,0.50
2026-06-02 09:48:33,30538.00,30538.50,30535.00,30535.00,75,30538.25,30538.75,0.50
2026-06-02 09:48:34,30534.75,30539.75,30534.00,30538.50,181,30538.00,30538.25,0.25
2026-06-02 09:48:35,30538.25,30539.25,30538.00,30538.25,71,30538.00,30538.25,0.25
2026-06-02 09:48:36,30538.25,30541.75,30537.25,30541.50,356,30540.00,30540.50,0.50
2026-06-02 09:48:37,30541.75,30544.50,30539.25,30540.50,416,30539.25,30539.50,0.25
2026-06-02 09:48:38,30540.00,30540.25,30537.25,30540.00,198,30539.25,30539.50,0.25
2026-06-02 09:48:39,30539.50,30541.25,30537.50,30541.25,168,30541.75,30542.00,0.25
2026-06-02 09:48:40,30541.00,30542.00,30540.50,30541.75,79,30539.25,30539.75,0.50
2026-06-02 09:48:41,30541.75,30543.00,30537.25,30539.75,286,30538.75,30539.25,0.50
2026-06-02 09:48:42,30539.75,30540.75,30538.75,30539.00,89,30537.25,30537.75,0.50
2026-06-02 09:48:43,30539.00,30540.00,30537.25,30538.00,141,30537.25,30537.75,0.50
2026-06-02 09:48:44,30537.50,30538.25,30535.50,30536.00,144,30536.25,30536.50,0.25
2026-06-02 09:48:45,30536.00,30537.50,30535.50,30536.50,109,30535.25,30535.75,0.50
2026-06-02 09:48:46,30536.50,30537.25,30533.75,30535.50,253,30535.25,30535.75,0.50
2026-06-02 09:48:47,30536.00,30537.00,30534.00,30536.00,143,30536.25,30536.50,0.25
2026-06-02 09:48:48,30536.25,30537.75,30535.75,30536.50,102,30536.25,30536.50,0.25
2026-06-02 09:48:49,30536.25,30537.25,30535.25,30536.50,98,30536.25,30536.75,0.50
2026-06-02 09:48:50,30536.25,30536.50,30535.50,30536.50,47,30538.25,30538.50,0.25
2026-06-02 09:48:51,30536.50,30538.50,30535.50,30538.50,87,30535.00,30535.50,0.50
2026-06-02 09:48:52,30538.25,30538.25,30535.50,30535.50,63,30535.00,30535.50,0.50
2026-06-02 09:48:53,30535.25,30538.25,30535.00,30538.00,106,30537.00,30537.25,0.25
2026-06-02 09:48:54,30537.50,30537.75,30536.25,30537.25,50,30538.50,30539.00,0.50
2026-06-02 09:48:55,30537.25,30540.00,30537.25,30538.75,65,30538.00,30538.50,0.50
2026-06-02 09:48:56,30538.75,30538.75,30537.25,30538.00,43,30538.00,30538.50,0.50
2026-06-02 09:48:57,30538.00,30538.75,30537.75,30537.75,27,30538.75,30539.00,0.25
2026-06-02 09:48:58,30538.00,30539.25,30537.50,30539.00,49,30537.25,30537.75,0.50
2026-06-02 09:48:59,30538.75,30538.75,30537.00,30537.75,55,30536.75,30537.00,0.25
2026-06-02 09:49:00,30537.00,30537.00,30535.25,30536.50,103,30536.00,30536.50,0.50
2026-06-02 09:49:01,30537.00,30537.50,30534.50,30536.00,114,30534.50,30534.75,0.25
2026-06-02 09:49:02,30536.00,30536.00,30533.75,30534.50,127,30534.50,30535.00,0.50
2026-06-02 09:49:03,30534.75,30535.00,30533.50,30534.75,81,30533.25,30533.75,0.50
2026-06-02 09:49:04,30534.25,30534.50,30532.25,30533.50,132,30533.75,30534.00,0.25
2026-06-02 09:49:05,30533.25,30535.25,30532.00,30533.75,98,30533.00,30533.25,0.25
2026-06-02 09:49:06,30533.75,30534.75,30532.50,30533.25,132,30533.50,30533.75,0.25
2026-06-02 09:49:07,30533.50,30535.50,30533.25,30533.75,91,30537.50,30537.75,0.25
2026-06-02 09:49:08,30533.50,30538.00,30533.00,30538.00,116,30534.00,30534.50,0.50
2026-06-02 09:49:09,30537.75,30539.50,30534.00,30534.50,113,30530.00,30530.25,0.25
2026-06-02 09:49:10,30534.50,30534.50,30529.50,30530.00,251,30531.00,30531.50,0.50
2026-06-02 09:49:11,30530.00,30531.25,30528.25,30530.75,207,30535.25,30535.75,0.50
2026-06-02 09:49:12,30531.00,30535.25,30530.75,30535.25,198,30535.00,30535.50,0.50
2026-06-02 09:49:13,30535.25,30536.25,30534.00,30535.75,62,30536.00,30536.50,0.50
2026-06-02 09:49:14,30535.50,30536.25,30534.25,30536.25,59,30537.50,30538.00,0.50
2026-06-02 09:49:15,30536.00,30538.25,30535.75,30537.75,95,30539.75,30540.25,0.50
2026-06-02 09:49:16,30538.00,30540.75,30538.00,30539.75,136,30539.25,30539.75,0.50
2026-06-02 09:49:17,30540.25,30540.50,30539.25,30539.75,64,30538.25,30538.75,0.50
2026-06-02 09:49:18,30539.25,30539.75,30536.25,30538.25,172,30538.50,30539.00,0.50
2026-06-02 09:49:19,30538.00,30540.50,30538.00,30539.00,73,30539.00,30539.25,0.25
2026-06-02 09:49:20,30538.75,30539.75,30538.25,30539.25,40,30539.25,30539.50,0.25
2026-06-02 09:49:21,30538.75,30540.25,30537.75,30539.75,61,30539.25,30539.75,0.50
2026-06-02 09:49:22,30538.75,30540.25,30538.75,30540.00,40,30536.50,30537.00,0.50
2026-06-02 09:49:23,30539.75,30539.75,30535.00,30537.00,106,30537.00,30537.25,0.25
2026-06-02 09:49:24,30537.00,30537.25,30536.00,30537.00,64,30537.00,30537.25,0.25
2026-06-02 09:49:25,30537.00,30539.25,30536.25,30539.25,64,30537.50,30537.75,0.25
2026-06-02 09:49:26,30538.25,30538.50,30536.25,30537.50,50,30539.00,30539.50,0.50
2026-06-02 09:49:27,30537.75,30540.00,30537.25,30539.50,70,30539.00,30539.50,0.50
2026-06-02 09:49:28,30539.50,30539.50,30536.50,30536.50,126,30535.50,30535.75,0.25
2026-06-02 09:49:29,30536.75,30536.75,30535.00,30535.75,65,30534.75,30535.00,0.25
2026-06-02 09:49:30,30535.25,30536.75,30534.50,30535.00,101,30536.25,30536.75,0.50
2026-06-02 09:49:31,30535.00,30537.00,30534.75,30537.00,43,30536.25,30536.75,0.50
2026-06-02 09:49:32,30536.75,30538.75,30535.00,30538.50,59,30538.25,30538.75,0.50
2026-06-02 09:49:33,30538.25,30539.00,30537.50,30538.75,112,30538.50,30539.00,0.50
2026-06-02 09:49:34,30539.00,30539.75,30538.50,30539.00,52,30537.25,30537.75,0.50
2026-06-02 09:49:35,30539.25,30539.25,30537.00,30537.50,56,30538.75,30539.25,0.50
2026-06-02 09:49:36,30537.50,30539.25,30537.50,30539.25,61,30537.00,30537.50,0.50
2026-06-02 09:49:37,30538.75,30539.50,30536.75,30537.25,47,30537.00,30537.50,0.50
2026-06-02 09:49:38,30537.50,30537.75,30535.25,30537.25,76,30538.00,30538.50,0.50
2026-06-02 09:49:39,30538.00,30538.75,30537.25,30538.00,35,30539.00,30539.50,0.50
2026-06-02 09:49:40,30538.00,30539.25,30537.50,30539.25,24,30539.25,30539.75,0.50
2026-06-02 09:49:41,30539.25,30541.50,30539.00,30539.25,113,30539.75,30540.25,0.50
2026-06-02 09:49:42,30539.50,30540.25,30538.75,30540.25,68,30539.75,30540.25,0.50
2026-06-02 09:49:43,30539.75,30541.25,30539.50,30540.75,69,30540.25,30540.50,0.25
2026-06-02 09:49:44,30541.25,30542.25,30540.25,30541.00,96,30540.75,30541.25,0.50
2026-06-02 09:49:45,30540.50,30541.50,30539.50,30541.00,64,30539.75,30540.00,0.25
2026-06-02 09:49:46,30541.00,30541.00,30538.75,30539.75,54,30540.25,30540.50,0.25
2026-06-02 09:49:47,30540.00,30540.50,30538.50,30540.50,48,30540.00,30540.25,0.25
2026-06-02 09:49:48,30540.25,30541.00,30538.75,30540.00,52,30541.50,30542.00,0.50
2026-06-02 09:49:49,30540.25,30542.50,30540.00,30541.75,67,30542.00,30542.25,0.25
2026-06-02 09:49:50,30542.00,30543.00,30541.50,30542.25,119,30543.50,30543.75,0.25
2026-06-02 09:49:51,30542.25,30543.75,30541.50,30543.75,121,30542.75,30543.25,0.50
2026-06-02 09:49:52,30543.25,30544.25,30543.00,30543.25,69,30543.75,30544.25,0.50
2026-06-02 09:49:53,30543.25,30544.00,30542.50,30543.75,70,30543.75,30544.25,0.50
2026-06-02 09:49:54,30544.00,30546.50,30543.25,30545.50,409,30545.25,30545.75,0.50
2026-06-02 09:49:55,30545.00,30546.75,30544.25,30545.75,181,30547.00,30547.25,0.25
2026-06-02 09:49:56,30546.00,30547.50,30545.50,30547.50,125,30546.50,30546.75,0.25
2026-06-02 09:49:57,30547.25,30547.75,30546.50,30546.75,152,30547.75,30548.00,0.25
2026-06-02 09:49:58,30546.75,30548.00,30546.00,30548.00,111,30549.50,30549.75,0.25
2026-06-02 09:49:59,30548.00,30550.25,30547.75,30549.75,417,30549.75,30550.25,0.50
2026-06-02 09:50:00,30549.75,30551.00,30549.25,30550.25,196,30549.25,30549.50,0.25
2026-06-02 09:50:01,30549.75,30550.25,30548.75,30549.50,208,30548.75,30549.25,0.50
2026-06-02 09:50:02,30549.50,30549.75,30546.75,30548.75,346,30547.75,30548.25,0.50
2026-06-02 09:50:03,30548.75,30549.25,30546.50,30547.75,151,30547.75,30548.25,0.50
2026-06-02 09:50:04,30548.25,30549.00,30546.25,30547.50,175,30547.50,30548.00,0.50
2026-06-02 09:50:05,30546.75,30548.25,30546.50,30547.00,131,30545.50,30546.00,0.50
2026-06-02 09:50:06,30547.75,30550.00,30545.00,30546.00,178,30549.00,30549.50,0.50
2026-06-02 09:50:07,30546.00,30549.25,30545.50,30549.00,292,30548.50,30549.00,0.50
2026-06-02 09:50:08,30549.50,30549.75,30548.25,30548.50,128,30547.50,30547.75,0.25
2026-06-02 09:50:09,30548.75,30549.50,30547.50,30547.75,123,30547.00,30547.50,0.50
2026-06-02 09:50:10,30547.75,30548.75,30546.25,30547.25,119,30545.50,30545.75,0.25
2026-06-02 09:50:11,30547.00,30548.50,30545.00,30545.00,125,30545.25,30545.75,0.50
2026-06-02 09:50:12,30545.50,30547.00,30544.00,30545.25,136,30545.00,30545.50,0.50
2026-06-02 09:50:13,30545.50,30546.75,30543.75,30545.00,94,30545.00,30545.50,0.50
2026-06-02 09:50:14,30545.00,30545.75,30544.50,30545.25,87,30545.75,30546.25,0.50
2026-06-02 09:50:15,30545.25,30546.75,30545.25,30545.50,73,30543.00,30543.50,0.50
2026-06-02 09:50:16,30546.00,30546.25,30542.50,30543.00,105,30542.00,30542.50,0.50
2026-06-02 09:50:17,30543.00,30543.00,30541.75,30542.25,123,30545.25,30545.75,0.50
2026-06-02 09:50:18,30542.50,30545.25,30542.25,30545.25,137,30545.25,30545.75,0.50
2026-06-02 09:50:19,30545.25,30545.75,30544.50,30545.75,75,30546.50,30547.00,0.50
2026-06-02 09:50:20,30545.75,30548.25,30545.50,30547.00,146,30546.75,30547.25,0.50
2026-06-02 09:50:21,30546.50,30549.00,30545.75,30547.25,148,30549.25,30549.75,0.50
2026-06-02 09:50:22,30547.00,30550.00,30546.25,30549.25,87,30549.25,30549.75,0.50
2026-06-02 09:50:23,30549.25,30549.25,30547.25,30549.25,87,30545.50,30546.00,0.50
2026-06-02 09:50:24,30549.75,30550.00,30544.75,30545.25,148,30545.75,30546.25,0.50
2026-06-02 09:50:25,30546.00,30547.75,30545.75,30546.50,51,30543.25,30543.75,0.50
2026-06-02 09:50:26,30545.25,30545.25,30542.50,30543.25,135,30542.25,30542.75,0.50
2026-06-02 09:50:27,30543.50,30543.75,30541.75,30542.25,80,30542.25,30542.75,0.50
2026-06-02 09:50:28,30542.25,30542.50,30540.75,30541.25,77,30540.75,30541.25,0.50
2026-06-02 09:50:29,30541.25,30542.25,30540.75,30541.00,100,30540.75,30541.25,0.50
2026-06-02 09:50:30,30541.00,30541.25,30540.25,30541.00,99,30547.00,30547.50,0.50
2026-06-02 09:50:31,30541.25,30547.75,30540.75,30547.25,171,30552.00,30552.50,0.50
2026-06-02 09:50:32,30547.50,30552.25,30547.25,30552.25,248,30557.00,30557.50,0.50
2026-06-02 09:50:33,30552.50,30557.50,30552.50,30556.50,565,30557.00,30557.50,0.50
2026-06-02 09:50:34,30557.25,30557.50,30553.50,30556.25,249,30556.25,30556.50,0.25
2026-06-02 09:50:35,30556.50,30560.50,30555.00,30560.50,490,30560.00,30560.50,0.50
2026-06-02 09:50:36,30560.00,30561.50,30558.00,30560.00,342,30562.25,30562.75,0.50
2026-06-02 09:50:37,30560.25,30563.75,30560.25,30563.00,457,30562.25,30562.75,0.50
2026-06-02 09:50:38,30563.50,30564.00,30561.75,30562.75,323,30559.75,30560.25,0.50
2026-06-02 09:50:39,30563.00,30563.25,30559.75,30560.25,251,30560.25,30560.50,0.25
2026-06-02 09:50:40,30560.00,30561.50,30559.25,30560.25,143,30562.00,30562.50,0.50
2026-06-02 09:50:41,30560.25,30562.50,30559.50,30561.75,176,30561.25,30561.75,0.50
2026-06-02 09:50:42,30562.00,30563.25,30560.75,30561.50,166,30561.25,30561.75,0.50
2026-06-02 09:50:43,30561.50,30562.25,30560.00,30562.25,157,30558.50,30559.25,0.75
2026-06-02 09:50:44,30561.50,30562.50,30558.75,30558.75,227,30558.50,30559.25,0.75
2026-06-02 09:50:45,30558.75,30562.25,30558.25,30561.50,217,30560.25,30560.50,0.25
2026-06-02 09:50:46,30560.75,30561.50,30559.75,30560.25,99,30559.25,30559.75,0.50
2026-06-02 09:50:47,30560.50,30561.00,30558.75,30559.75,141,30559.25,30559.75,0.50
2026-06-02 09:50:48,30559.50,30562.25,30559.50,30562.00,111,30562.00,30562.50,0.50
2026-06-02 09:50:49,30561.25,30562.50,30561.00,30562.00,59,30557.50,30558.00,0.50
2026-06-02 09:50:50,30562.25,30562.50,30557.50,30557.50,150,30557.50,30558.00,0.50
2026-06-02 09:50:51,30558.00,30559.50,30557.50,30559.25,108,30561.25,30561.50,0.25
2026-06-02 09:50:52,30559.50,30561.50,30558.75,30561.50,92,30564.25,30564.50,0.25
2026-06-02 09:50:53,30561.50,30564.75,30560.75,30564.75,147,30558.00,30558.50,0.50
2026-06-02 09:50:54,30564.25,30564.50,30557.50,30558.50,144,30558.00,30558.50,0.50
2026-06-02 09:50:55,30558.50,30559.50,30556.75,30557.75,92,30558.75,30559.25,0.50
2026-06-02 09:50:56,30558.50,30561.50,30558.25,30559.25,182,30559.50,30560.00,0.50
2026-06-02 09:50:57,30559.50,30559.75,30558.75,30559.00,31,30560.75,30561.25,0.50
2026-06-02 09:50:58,30559.75,30561.25,30559.25,30561.00,107,30562.50,30563.00,0.50
2026-06-02 09:50:59,30561.25,30563.00,30561.25,30563.00,118,30561.50,30562.00,0.50
2026-06-02 09:51:00,30563.25,30563.25,30560.75,30561.75,123,30557.50,30557.75,0.25
2026-06-02 09:51:01,30561.50,30561.75,30557.25,30557.75,227,30557.50,30557.75,0.25
2026-06-02 09:51:02,30558.25,30558.25,30554.50,30555.25,205,30553.75,30554.25,0.50
2026-06-02 09:51:03,30556.00,30556.00,30553.25,30553.75,168,30555.50,30556.00,0.50
2026-06-02 09:51:04,30553.50,30556.25,30553.25,30555.50,160,30556.50,30557.00,0.50
2026-06-02 09:51:05,30555.50,30558.00,30554.75,30557.00,85,30559.00,30559.50,0.50
2026-06-02 09:51:06,30556.75,30560.50,30556.50,30559.50,97,30559.00,30559.50,0.50
2026-06-02 09:51:07,30559.50,30559.75,30555.00,30556.25,117,30554.25,30554.75,0.50
2026-06-02 09:51:08,30556.00,30556.00,30554.50,30554.75,53,30554.00,30554.50,0.50
2026-06-02 09:51:09,30555.00,30556.50,30553.25,30554.25,84,30551.00,30551.50,0.50
2026-06-02 09:51:10,30554.00,30554.00,30550.00,30551.00,220,30551.00,30551.50,0.50
2026-06-02 09:51:11,30551.00,30551.75,30548.50,30548.50,175,30549.00,30549.50,0.50
2026-06-02 09:51:12,30548.75,30549.75,30546.50,30548.75,209,30548.50,30549.00,0.50
2026-06-02 09:51:13,30548.25,30550.00,30547.50,30548.75,91,30546.75,30547.25,0.50
2026-06-02 09:51:14,30548.50,30549.00,30545.00,30547.00,157,30547.00,30547.50,0.50
2026-06-02 09:51:15,30546.75,30548.50,30546.00,30547.25,162,30547.00,30547.50,0.50
2026-06-02 09:51:16,30547.25,30548.75,30546.50,30548.50,97,30548.00,30548.50,0.50
2026-06-02 09:51:17,30549.00,30550.00,30548.25,30548.50,101,30552.00,30552.50,0.50
2026-06-02 09:51:18,30548.50,30552.00,30548.50,30552.00,169,30552.00,30552.50,0.50
2026-06-02 09:51:19,30552.00,30553.25,30551.50,30553.00,101,30553.50,30553.75,0.25
2026-06-02 09:51:20,30552.75,30554.00,30552.25,30554.00,77,30559.75,30560.25,0.50
2026-06-02 09:51:21,30553.25,30560.00,30553.25,30560.00,168,30558.75,30559.25,0.50
2026-06-02 09:51:22,30560.25,30560.75,30558.00,30559.25,115,30559.00,30559.50,0.50
2026-06-02 09:51:23,30559.00,30559.50,30558.25,30558.75,79,30559.00,30559.50,0.50
2026-06-02 09:51:24,30559.25,30559.25,30557.50,30558.00,44,30559.75,30560.00,0.25
2026-06-02 09:51:25,30558.25,30560.75,30558.25,30560.25,66,30560.50,30561.00,0.50
2026-06-02 09:51:26,30560.00,30561.00,30559.75,30561.00,65,30559.75,30560.00,0.25
2026-06-02 09:51:27,30560.25,30561.50,30559.50,30560.00,76,30559.50,30560.00,0.50
2026-06-02 09:51:28,30560.00,30560.75,30559.50,30559.50,72,30559.00,30559.50,0.50
2026-06-02 09:51:29,30559.25,30560.25,30558.75,30559.50,62,30559.00,30559.25,0.25
2026-06-02 09:51:30,30559.75,30560.75,30558.00,30559.00,52,30553.25,30553.50,0.25
2026-06-02 09:51:31,30559.25,30559.25,30553.00,30553.50,150,30551.75,30552.25,0.50
2026-06-02 09:51:32,30553.25,30553.50,30551.50,30551.75,118,30550.00,30550.50,0.50
2026-06-02 09:51:33,30552.00,30552.25,30549.25,30550.50,121,30548.25,30548.75,0.50
2026-06-02 09:51:34,30550.00,30550.00,30547.75,30548.25,138,30548.00,30548.50,0.50
2026-06-02 09:51:35,30548.50,30549.50,30547.25,30548.25,76,30549.50,30550.00,0.50
2026-06-02 09:51:36,30548.50,30550.25,30548.00,30549.75,80,30551.25,30551.75,0.50
2026-06-02 09:51:37,30549.50,30551.25,30548.25,30551.25,66,30552.25,30552.50,0.25
2026-06-02 09:51:38,30551.75,30553.00,30551.00,30552.50,84,30551.50,30552.00,0.50
2026-06-02 09:51:39,30552.25,30552.25,30551.25,30551.75,44,30555.00,30555.50,0.50
2026-06-02 09:51:40,30551.00,30555.00,30550.25,30555.00,87,30555.25,30555.75,0.50
2026-06-02 09:51:41,30555.75,30556.00,30554.25,30555.75,61,30557.00,30557.25,0.25
2026-06-02 09:51:42,30555.75,30557.25,30555.25,30557.00,58,30553.75,30554.00,0.25
2026-06-02 09:51:43,30557.25,30557.25,30553.25,30554.00,71,30554.25,30554.50,0.25
2026-06-02 09:51:44,30554.50,30555.50,30553.75,30554.75,39,30554.25,30554.75,0.50
2026-06-02 09:51:45,30554.50,30555.25,30553.00,30554.25,128,30553.75,30554.25,0.50
2026-06-02 09:51:46,30554.75,30554.75,30554.00,30554.00,22,30555.50,30556.00,0.50
2026-06-02 09:51:47,30553.75,30556.25,30552.00,30556.00,72,30555.75,30556.00,0.25
2026-06-02 09:51:48,30555.50,30556.00,30554.75,30556.00,21,30553.50,30554.00,0.50
2026-06-02 09:51:49,30556.00,30556.00,30553.50,30553.75,93,30554.25,30554.75,0.50
2026-06-02 09:51:50,30554.00,30555.50,30554.00,30554.50,48,30553.00,30553.25,0.25
2026-06-02 09:51:51,30554.50,30554.50,30553.25,30553.25,38,30555.50,30555.75,0.25
2026-06-02 09:51:52,30553.75,30556.75,30553.75,30555.50,39,30556.00,30556.50,0.50
2026-06-02 09:51:53,30555.50,30556.50,30554.75,30555.75,44,30556.75,30557.00,0.25
2026-06-02 09:51:54,30557.00,30557.25,30556.00,30556.75,32,30559.25,30559.50,0.25
2026-06-02 09:51:55,30557.50,30559.50,30557.50,30559.50,99,30559.50,30559.75,0.25
2026-06-02 09:51:56,30559.50,30560.00,30557.50,30559.25,79,30560.50,30560.75,0.25
2026-06-02 09:51:57,30559.50,30561.50,30558.75,30560.25,185,30560.50,30561.00,0.50
2026-06-02 09:51:58,30560.75,30561.50,30559.75,30560.75,85,30560.75,30561.25,0.50
2026-06-02 09:51:59,30560.75,30561.50,30559.25,30560.75,118,30558.25,30558.50,0.25
2026-06-02 09:52:00,30560.75,30561.50,30559.25,30559.50,110,30557.00,30557.50,0.50
2026-06-02 09:52:01,30558.75,30558.75,30557.00,30557.25,70,30557.00,30557.50,0.50
2026-06-02 09:52:02,30557.50,30558.75,30555.75,30557.50,102,30557.50,30558.00,0.50
2026-06-02 09:52:03,30557.75,30558.25,30556.25,30557.50,76,30557.75,30558.25,0.50
2026-06-02 09:52:04,30557.50,30558.25,30557.25,30557.75,57,30558.75,30559.25,0.50
2026-06-02 09:52:05,30558.00,30559.25,30557.00,30559.00,87,30561.00,30561.50,0.50
2026-06-02 09:52:06,30559.00,30561.50,30559.00,30561.25,108,30561.50,30562.00,0.50
2026-06-02 09:52:07,30561.25,30563.00,30561.00,30561.75,150,30561.50,30562.00,0.50
2026-06-02 09:52:08,30562.00,30562.00,30560.00,30562.00,117,30559.50,30559.75,0.25
2026-06-02 09:52:09,30561.75,30562.50,30559.50,30559.50,161,30559.50,30559.75,0.25
2026-06-02 09:52:10,30559.75,30560.25,30558.50,30559.25,71,30559.50,30559.75,0.25
2026-06-02 09:52:11,30559.75,30559.75,30557.00,30558.00,49,30558.00,30558.50,0.50
2026-06-02 09:52:12,30558.50,30559.00,30557.25,30558.50,73,30558.25,30558.75,0.50
2026-06-02 09:52:13,30558.00,30559.00,30557.50,30558.25,70,30558.75,30559.25,0.50
2026-06-02 09:52:14,30558.50,30559.50,30558.25,30558.25,37,30560.75,30561.25,0.50
2026-06-02 09:52:15,30559.00,30562.50,30558.75,30561.00,100,30563.25,30563.75,0.50
2026-06-02 09:52:16,30561.00,30564.00,30560.00,30563.50,124,30563.25,30563.75,0.50
2026-06-02 09:52:17,30563.50,30565.25,30562.50,30563.25,236,30564.25,30564.50,0.25
2026-06-02 09:52:18,30563.50,30564.25,30562.75,30564.25,145,30563.25,30563.75,0.50
2026-06-02 09:52:19,30564.50,30564.50,30562.50,30563.25,88,30561.50,30561.75,0.25
2026-06-02 09:52:20,30563.75,30563.75,30561.50,30561.50,71,30560.50,30561.00,0.50
2026-06-02 09:52:21,30561.75,30562.75,30561.00,30561.00,60,30562.00,30562.25,0.25
2026-06-02 09:52:22,30561.25,30562.50,30561.25,30562.25,35,30563.75,30564.25,0.50
2026-06-02 09:52:23,30562.00,30565.00,30561.75,30564.00,70,30563.75,30564.25,0.50
2026-06-02 09:52:24,30564.00,30564.50,30562.75,30564.00,59,30563.50,30564.00,0.50
2026-06-02 09:52:25,30564.25,30564.75,30563.75,30564.00,40,30560.75,30561.00,0.25
2026-06-02 09:52:26,30564.00,30564.00,30560.50,30560.75,158,30560.75,30561.00,0.25
2026-06-02 09:52:27,30560.75,30561.25,30557.75,30558.50,125,30558.25,30558.75,0.50
2026-06-02 09:52:28,30558.25,30559.25,30557.75,30559.25,77,30557.75,30558.00,0.25
2026-06-02 09:52:29,30559.00,30559.75,30558.00,30558.00,65,30555.75,30556.00,0.25
2026-06-02 09:52:30,30557.75,30559.50,30556.00,30556.00,104,30555.75,30556.00,0.25
2026-06-02 09:52:31,30556.00,30556.00,30553.75,30555.00,172,30556.25,30556.75,0.50
2026-06-02 09:52:32,30555.25,30557.25,30555.25,30556.25,127,30557.00,30557.50,0.50
2026-06-02 09:52:33,30556.75,30558.25,30555.75,30557.25,58,30557.75,30558.25,0.50
2026-06-02 09:52:34,30557.50,30558.75,30557.50,30558.00,43,30557.25,30557.75,0.50
2026-06-02 09:52:35,30557.75,30558.25,30556.75,30557.25,38,30557.50,30558.00,0.50
2026-06-02 09:52:36,30557.25,30558.25,30554.50,30557.50,231,30552.25,30552.75,0.50
2026-06-02 09:52:37,30557.50,30557.50,30552.00,30552.00,155,30552.25,30552.75,0.50
2026-06-02 09:52:38,30552.50,30556.00,30552.00,30556.00,105,30555.50,30556.00,0.50
2026-06-02 09:52:39,30555.50,30556.50,30554.50,30555.25,86,30557.00,30557.50,0.50
2026-06-02 09:52:40,30555.25,30557.25,30554.25,30557.00,56,30556.00,30556.50,0.50
2026-06-02 09:52:41,30557.25,30557.25,30555.75,30556.50,36,30553.75,30554.25,0.50
2026-06-02 09:52:42,30555.75,30556.00,30553.00,30554.00,56,30552.25,30552.50,0.25
2026-06-02 09:52:43,30554.00,30554.00,30551.00,30552.50,91,30553.75,30554.25,0.50
2026-06-02 09:52:44,30552.50,30554.25,30552.50,30554.25,95,30557.25,30557.75,0.50
2026-06-02 09:52:45,30554.00,30557.50,30553.50,30557.25,89,30557.50,30558.00,0.50
2026-06-02 09:52:46,30557.25,30558.75,30557.00,30558.00,67,30556.25,30556.75,0.50
2026-06-02 09:52:47,30557.50,30558.25,30556.25,30556.25,33,30559.00,30559.25,0.25
2026-06-02 09:52:48,30556.75,30562.00,30556.75,30559.25,299,30560.25,30560.75,0.50
2026-06-02 09:52:49,30558.75,30561.00,30558.75,30560.50,84,30559.75,30560.00,0.25
2026-06-02 09:52:50,30560.50,30560.50,30558.75,30559.50,107,30559.50,30560.00,0.50
2026-06-02 09:52:51,30560.00,30560.00,30558.75,30559.75,71,30555.75,30556.25,0.50
2026-06-02 09:52:52,30559.75,30559.75,30555.75,30555.75,88,30559.00,30559.25,0.25
2026-06-02 09:52:53,30556.00,30559.50,30556.00,30559.50,50,30559.00,30559.25,0.25
2026-06-02 09:52:54,30559.25,30560.00,30557.75,30559.25,61,30563.25,30563.50,0.25
2026-06-02 09:52:55,30559.25,30563.50,30559.25,30563.50,107,30562.00,30562.50,0.50
2026-06-02 09:52:56,30563.25,30563.50,30560.25,30562.00,126,30562.25,30562.50,0.25
2026-06-02 09:52:57,30562.00,30563.25,30562.00,30562.75,60,30560.75,30561.25,0.50
2026-06-02 09:52:58,30562.00,30562.50,30560.00,30561.50,58,30561.50,30561.75,0.25
2026-06-02 09:52:59,30561.25,30562.50,30560.50,30561.50,77,30558.50,30558.75,0.25
2026-06-02 09:53:00,30561.75,30562.75,30558.25,30559.00,102,30558.50,30558.75,0.25
2026-06-02 09:53:01,30558.75,30560.75,30558.25,30560.75,95,30559.25,30559.75,0.50
2026-06-02 09:53:02,30560.00,30561.25,30558.75,30559.50,74,30560.75,30561.00,0.25
2026-06-02 09:53:03,30559.50,30561.75,30559.00,30560.75,106,30564.00,30564.50,0.50
2026-06-02 09:53:04,30561.00,30565.00,30561.00,30564.25,113,30563.75,30564.00,0.25
2026-06-02 09:53:05,30564.50,30564.75,30561.50,30564.00,124,30563.25,30563.75,0.50
2026-06-02 09:53:06,30563.75,30564.25,30563.00,30563.00,96,30564.50,30564.75,0.25
2026-06-02 09:53:07,30563.25,30564.75,30561.75,30564.25,121,30567.75,30568.25,0.50
2026-06-02 09:53:08,30564.50,30568.50,30564.50,30568.50,594,30567.75,30568.25,0.50
2026-06-02 09:53:09,30568.50,30572.75,30567.50,30571.25,927,30572.00,30572.50,0.50
2026-06-02 09:53:10,30571.25,30572.75,30570.25,30572.25,238,30571.75,30572.25,0.50
2026-06-02 09:53:11,30572.50,30573.50,30570.50,30572.00,260,30572.50,30572.75,0.25
2026-06-02 09:53:12,30572.25,30573.25,30570.75,30572.50,162,30569.50,30569.75,0.25
2026-06-02 09:53:13,30572.75,30572.75,30568.50,30569.25,182,30569.50,30569.75,0.25
2026-06-02 09:53:14,30569.50,30570.75,30569.00,30570.75,141,30569.50,30570.00,0.50
2026-06-02 09:53:15,30570.00,30570.75,30569.50,30570.00,71,30569.50,30570.00,0.50
2026-06-02 09:53:16,30569.75,30570.25,30568.25,30568.75,133,30569.25,30569.75,0.50
2026-06-02 09:53:17,30569.00,30570.00,30568.75,30569.75,79,30569.25,30569.75,0.50
2026-06-02 09:53:18,30569.25,30571.25,30569.25,30571.00,55,30572.00,30572.50,0.50
2026-06-02 09:53:19,30571.00,30573.00,30570.25,30572.50,138,30572.00,30572.50,0.50
2026-06-02 09:53:20,30571.75,30573.00,30571.50,30572.50,109,30572.25,30572.75,0.50
2026-06-02 09:53:21,30571.75,30574.50,30571.50,30572.50,287,30570.75,30571.25,0.50
2026-06-02 09:53:22,30572.75,30573.50,30570.25,30571.00,140,30572.00,30572.50,0.50
2026-06-02 09:53:23,30571.25,30573.00,30571.25,30572.00,80,30572.75,30573.25,0.50
2026-06-02 09:53:24,30572.00,30574.00,30572.00,30573.00,94,30572.75,30573.25,0.50
2026-06-02 09:53:25,30573.00,30577.00,30572.50,30576.25,434,30577.75,30578.25,0.50
2026-06-02 09:53:26,30576.25,30579.00,30576.00,30578.00,531,30577.75,30578.25,0.50
2026-06-02 09:53:27,30578.25,30580.00,30576.50,30577.00,484,30576.75,30577.25,0.50
2026-06-02 09:53:28,30577.00,30578.25,30574.75,30577.50,342,30576.75,30577.25,0.50
2026-06-02 09:53:29,30577.00,30577.75,30575.75,30577.50,142,30576.50,30576.75,0.25
2026-06-02 09:53:30,30576.75,30577.00,30575.50,30576.25,190,30576.00,30576.50,0.50
2026-06-02 09:53:31,30576.25,30576.50,30574.75,30576.50,162,30576.00,30576.50,0.50
2026-06-02 09:53:32,30576.25,30578.50,30575.50,30576.00,108,30579.00,30579.50,0.50
2026-06-02 09:53:33,30576.50,30580.00,30576.50,30579.00,116,30578.50,30579.00,0.50
2026-06-02 09:53:34,30579.00,30579.75,30577.50,30579.00,208,30580.00,30580.25,0.25
2026-06-02 09:53:35,30579.25,30581.75,30579.00,30581.25,348,30580.00,30580.25,0.25
2026-06-02 09:53:36,30580.25,30581.75,30579.75,30581.00,201,30578.75,30579.00,0.25
2026-06-02 09:53:37,30581.50,30581.50,30578.75,30579.00,117,30579.50,30580.00,0.50
2026-06-02 09:53:38,30578.50,30580.25,30578.00,30579.75,143,30579.50,30580.00,0.50
2026-06-02 09:53:39,30579.75,30581.00,30579.00,30580.00,149,30582.75,30583.00,0.25
2026-06-02 09:53:40,30579.50,30583.50,30579.50,30583.25,261,30582.00,30582.50,0.50
2026-06-02 09:53:41,30583.00,30583.75,30581.50,30582.50,254,30581.75,30582.00,0.25
2026-06-02 09:53:42,30582.50,30583.25,30581.00,30582.00,104,30579.25,30579.50,0.25
2026-06-02 09:53:43,30582.00,30582.25,30579.50,30580.00,202,30578.25,30578.50,0.25
2026-06-02 09:53:44,30579.50,30579.50,30577.50,30578.50,189,30578.50,30579.00,0.50
2026-06-02 09:53:45,30578.25,30579.50,30577.50,30578.50,140,30578.00,30578.25,0.25
2026-06-02 09:53:46,30579.00,30580.25,30578.00,30578.75,97,30578.00,30578.25,0.25
2026-06-02 09:53:47,30578.25,30578.50,30577.00,30578.50,94,30579.75,30580.25,0.50
2026-06-02 09:53:48,30578.75,30580.25,30578.00,30580.25,117,30580.00,30580.25,0.25
2026-06-02 09:53:49,30579.75,30580.50,30578.25,30580.00,83,30580.25,30580.50,0.25
2026-06-02 09:53:50,30580.25,30581.50,30579.50,30580.50,78,30581.50,30582.00,0.50
2026-06-02 09:53:51,30580.75,30582.00,30580.25,30582.00,100,30581.25,30581.75,0.50
2026-06-02 09:53:52,30581.50,30582.00,30580.00,30581.25,192,30581.50,30582.00,0.50
2026-06-02 09:53:53,30581.75,30582.25,30580.75,30582.00,106,30578.75,30579.00,0.25
2026-06-02 09:53:54,30582.25,30582.25,30578.25,30578.25,96,30578.00,30578.50,0.50
2026-06-02 09:53:55,30579.00,30579.50,30576.75,30578.25,138,30578.00,30578.50,0.50
2026-06-02 09:53:56,30578.00,30578.50,30576.25,30578.25,150,30578.25,30578.50,0.25
2026-06-02 09:53:57,30578.50,30578.75,30577.25,30578.50,71,30575.75,30576.25,0.50
2026-06-02 09:53:58,30578.25,30578.25,30576.00,30576.25,86,30576.75,30577.25,0.50
2026-06-02 09:53:59,30576.25,30577.75,30575.50,30577.00,86,30575.00,30575.50,0.50
2026-06-02 09:54:00,30576.50,30576.50,30574.00,30575.25,257,30576.00,30576.50,0.50
2026-06-02 09:54:01,30575.00,30576.75,30574.75,30576.25,127,30575.00,30575.25,0.25
2026-06-02 09:54:02,30576.75,30576.75,30574.25,30575.00,154,30577.75,30578.00,0.25
2026-06-02 09:54:03,30575.75,30578.50,30575.75,30578.25,118,30576.00,30576.25,0.25
2026-06-02 09:54:04,30577.50,30579.25,30575.50,30576.00,129,30576.00,30576.25,0.25
2026-06-02 09:54:05,30576.00,30577.25,30571.75,30572.75,275,30572.75,30573.25,0.50
2026-06-02 09:54:06,30573.25,30574.50,30570.75,30571.25,158,30571.00,30571.50,0.50
2026-06-02 09:54:07,30571.00,30571.25,30568.75,30569.00,261,30568.25,30568.75,0.50
2026-06-02 09:54:08,30569.25,30569.75,30567.00,30568.75,238,30568.25,30568.75,0.50
2026-06-02 09:54:09,30568.50,30569.00,30567.50,30569.00,180,30568.75,30569.25,0.50
2026-06-02 09:54:10,30569.25,30571.00,30568.50,30571.00,93,30568.00,30568.50,0.50
2026-06-02 09:54:11,30571.00,30571.25,30567.75,30568.00,161,30569.50,30570.00,0.50
2026-06-02 09:54:12,30568.50,30570.25,30568.00,30569.50,107,30568.25,30568.75,0.50
2026-06-02 09:54:13,30570.00,30571.00,30568.50,30568.50,161,30566.00,30566.50,0.50
2026-06-02 09:54:14,30569.00,30569.00,30565.50,30565.75,195,30563.00,30563.25,0.25
2026-06-02 09:54:15,30567.00,30567.00,30562.75,30563.25,290,30563.00,30563.25,0.25
2026-06-02 09:54:16,30563.00,30564.25,30562.75,30563.00,156,30559.75,30560.00,0.25
2026-06-02 09:54:17,30563.50,30563.75,30559.75,30560.25,282,30559.75,30560.00,0.25
2026-06-02 09:54:18,30559.75,30561.75,30558.75,30560.25,241,30558.25,30558.75,0.50
2026-06-02 09:54:19,30561.00,30561.25,30558.50,30559.00,184,30556.00,30556.50,0.50
2026-06-02 09:54:20,30558.75,30558.75,30553.00,30556.50,551,30555.50,30555.75,0.25
2026-06-02 09:54:21,30556.00,30558.25,30554.75,30556.00,207,30555.50,30555.75,0.25
2026-06-02 09:54:22,30555.75,30558.50,30555.50,30556.50,155,30558.75,30559.25,0.50
2026-06-02 09:54:23,30556.50,30561.00,30555.50,30559.25,210,30559.75,30560.00,0.25
2026-06-02 09:54:24,30559.00,30560.00,30557.75,30559.50,105,30558.00,30558.50,0.50
2026-06-02 09:54:25,30559.75,30560.25,30557.25,30558.50,186,30559.50,30559.75,0.25
2026-06-02 09:54:26,30558.25,30560.25,30557.75,30559.50,46,30560.75,30561.00,0.25
2026-06-02 09:54:27,30560.25,30561.75,30559.75,30560.75,140,30560.00,30560.50,0.50
2026-06-02 09:54:28,30560.75,30562.75,30559.75,30559.75,100,30560.00,30560.50,0.50
2026-06-02 09:54:29,30560.50,30562.50,30559.25,30562.50,68,30563.25,30563.75,0.50
2026-06-02 09:54:30,30562.50,30564.00,30562.25,30563.75,84,30561.00,30561.50,0.50
2026-06-02 09:54:31,30563.00,30564.75,30561.25,30561.25,97,30561.00,30561.50,0.50
2026-06-02 09:54:32,30561.50,30561.50,30559.50,30560.75,137,30557.00,30557.25,0.25
2026-06-02 09:54:33,30561.25,30561.25,30556.75,30557.25,103,30555.50,30556.00,0.50
2026-06-02 09:54:34,30556.75,30557.50,30554.00,30555.75,106,30556.25,30556.75,0.50
2026-06-02 09:54:35,30555.25,30556.75,30554.75,30556.50,149,30553.25,30553.50,0.25
2026-06-02 09:54:36,30556.25,30557.75,30553.25,30553.50,190,30555.25,30555.50,0.25
2026-06-02 09:54:37,30553.75,30556.00,30553.00,30555.25,130,30555.25,30555.50,0.25
2026-06-02 09:54:38,30555.50,30556.75,30554.50,30554.50,98,30554.75,30555.00,0.25
2026-06-02 09:54:39,30555.00,30556.00,30553.75,30554.50,69,30554.00,30554.50,0.50
2026-06-02 09:54:40,30555.00,30555.25,30554.00,30554.25,76,30555.75,30556.25,0.50
2026-06-02 09:54:41,30554.25,30556.50,30554.00,30555.50,97,30556.00,30556.50,0.50
2026-06-02 09:54:42,30556.25,30556.75,30554.25,30556.00,90,30557.75,30558.25,0.50
2026-06-02 09:54:43,30556.25,30558.25,30556.25,30558.00,82,30557.75,30558.25,0.50
2026-06-02 09:54:44,30557.75,30558.25,30557.00,30558.00,74,30560.25,30560.50,0.25
2026-06-02 09:54:45,30558.00,30563.00,30558.00,30560.25,177,30558.75,30559.00,0.25
2026-06-02 09:54:46,30560.50,30561.50,30558.25,30558.75,176,30558.00,30558.25,0.25
2026-06-02 09:54:47,30559.00,30559.75,30557.75,30558.25,84,30557.75,30558.00,0.25
2026-06-02 09:54:48,30558.00,30559.25,30557.25,30558.25,94,30557.75,30558.00,0.25
2026-06-02 09:54:49,30558.25,30561.25,30558.00,30560.50,64,30561.00,30561.50,0.50
2026-06-02 09:54:50,30561.00,30561.50,30559.00,30561.50,48,30557.75,30558.00,0.25
2026-06-02 09:54:51,30561.50,30562.00,30557.50,30557.75,104,30558.00,30558.25,0.25
2026-06-02 09:54:52,30558.00,30558.25,30556.75,30558.00,62,30558.00,30558.25,0.25
2026-06-02 09:54:53,30558.50,30558.50,30557.25,30558.00,34,30556.50,30557.00,0.50
2026-06-02 09:54:54,30558.00,30558.00,30556.25,30556.75,60,30555.25,30555.50,0.25
2026-06-02 09:54:55,30556.75,30556.75,30555.00,30555.00,76,30557.00,30557.25,0.25
2026-06-02 09:54:56,30555.50,30557.00,30555.00,30557.00,76,30557.75,30558.00,0.25
2026-06-02 09:54:57,30557.25,30558.75,30556.75,30557.75,65,30558.50,30559.00,0.50
2026-06-02 09:54:58,30558.00,30559.00,30556.75,30558.50,82,30559.75,30560.25,0.50
2026-06-02 09:54:59,30559.00,30560.00,30558.75,30559.50,37,30559.00,30559.50,0.50
2026-06-02 09:55:00,30559.75,30560.25,30558.50,30559.00,41,30560.75,30561.00,0.25
2026-06-02 09:55:01,30559.25,30561.50,30559.25,30561.00,214,30561.75,30562.25,0.50
2026-06-02 09:55:02,30561.00,30562.75,30560.50,30562.00,242,30556.50,30557.00,0.50
2026-06-02 09:55:03,30562.25,30562.50,30555.75,30557.00,173,30559.25,30559.50,0.25
2026-06-02 09:55:04,30556.75,30560.75,30556.00,30560.00,110,30560.00,30560.50,0.50
2026-06-02 09:55:05,30559.00,30560.25,30559.00,30560.00,80,30560.00,30560.50,0.50
2026-06-02 09:55:06,30560.25,30562.75,30559.75,30560.75,75,30560.00,30560.50,0.50
2026-06-02 09:55:07,30560.00,30560.50,30558.75,30560.00,79,30563.00,30563.50,0.50
2026-06-02 09:55:08,30560.25,30563.75,30560.00,30563.00,128,30563.25,30563.50,0.25
2026-06-02 09:55:09,30563.50,30564.25,30563.00,30563.50,73,30560.50,30560.75,0.25
2026-06-02 09:55:10,30563.25,30563.50,30560.00,30561.00,106,30559.25,30559.75,0.50
2026-06-02 09:55:11,30561.00,30561.25,30558.75,30559.75,49,30559.50,30559.75,0.25
2026-06-02 09:55:12,30559.25,30561.00,30559.00,30559.75,49,30559.75,30560.00,0.25
2026-06-02 09:55:13,30559.75,30560.75,30558.75,30559.75,48,30561.00,30561.50,0.50
2026-06-02 09:55:14,30559.50,30562.00,30559.25,30561.00,59,30564.00,30564.25,0.25
2026-06-02 09:55:15,30561.50,30564.75,30560.75,30564.50,69,30565.00,30565.25,0.25
2026-06-02 09:55:16,30563.75,30565.75,30563.25,30565.50,167,30564.00,30564.50,0.50
2026-06-02 09:55:17,30565.50,30565.50,30563.25,30563.75,131,30562.25,30562.50,0.25
2026-06-02 09:55:18,30565.00,30565.00,30562.00,30562.50,96,30562.25,30562.50,0.25
2026-06-02 09:55:19,30562.25,30563.00,30561.25,30561.25,111,30560.75,30561.00,0.25
2026-06-02 09:55:20,30560.75,30561.50,30559.25,30560.75,82,30560.00,30560.25,0.25
2026-06-02 09:55:21,30560.50,30561.25,30558.00,30560.00,93,30560.00,30560.50,0.50
2026-06-02 09:55:22,30560.25,30561.25,30558.75,30558.75,135,30557.00,30557.50,0.50
2026-06-02 09:55:23,30560.00,30560.25,30557.00,30557.00,40,30556.25,30556.75,0.50
2026-06-02 09:55:24,30557.75,30558.00,30555.00,30555.75,102,30554.25,30554.75,0.50
2026-06-02 09:55:25,30556.00,30557.50,30554.25,30554.25,103,30552.00,30552.50,0.50
2026-06-02 09:55:26,30554.25,30555.00,30549.00,30552.00,527,30554.75,30555.25,0.50
2026-06-02 09:55:27,30552.00,30555.00,30551.75,30554.75,218,30554.75,30555.25,0.50
2026-06-02 09:55:28,30555.25,30555.25,30551.50,30552.00,80,30550.25,30550.75,0.50
2026-06-02 09:55:29,30552.00,30553.00,30550.25,30550.25,106,30551.00,30551.50,0.50
2026-06-02 09:55:30,30550.25,30552.50,30550.25,30551.00,139,30551.25,30551.75,0.50
2026-06-02 09:55:31,30550.75,30552.00,30549.25,30551.00,187,30552.25,30552.75,0.50
2026-06-02 09:55:32,30551.25,30554.25,30551.00,30552.25,146,30553.00,30553.25,0.25
2026-06-02 09:55:33,30552.00,30554.00,30551.25,30553.25,81,30554.75,30555.25,0.50
2026-06-02 09:55:34,30553.00,30555.50,30552.75,30555.00,130,30556.25,30556.50,0.25
2026-06-02 09:55:35,30554.75,30557.25,30553.75,30556.50,133,30558.25,30558.75,0.50
2026-06-02 09:55:36,30556.50,30560.75,30555.75,30558.75,248,30556.00,30556.50,0.50
2026-06-02 09:55:37,30558.25,30558.25,30555.75,30556.25,61,30555.75,30556.25,0.50
2026-06-02 09:55:38,30556.00,30556.50,30554.50,30555.75,57,30555.50,30556.00,0.50
2026-06-02 09:55:39,30555.75,30557.00,30555.00,30556.00,43,30554.25,30554.75,0.50
2026-06-02 09:55:40,30555.50,30555.75,30554.25,30554.75,153,30554.00,30554.50,0.50
2026-06-02 09:55:41,30554.25,30556.50,30554.00,30554.25,100,30552.75,30553.00,0.25
2026-06-02 09:55:42,30553.75,30554.50,30552.75,30553.00,71,30549.50,30549.75,0.25
2026-06-02 09:55:43,30553.00,30553.00,30549.50,30549.50,93,30549.50,30549.75,0.25
2026-06-02 09:55:44,30549.75,30550.00,30546.00,30546.25,325,30545.00,30545.25,0.25
2026-06-02 09:55:45,30546.50,30547.25,30543.00,30545.00,473,30545.75,30546.25,0.50
2026-06-02 09:55:46,30545.00,30548.50,30544.25,30546.00,181,30546.25,30546.75,0.50
2026-06-02 09:55:47,30546.25,30547.00,30545.00,30546.25,201,30547.00,30547.50,0.50
2026-06-02 09:55:48,30546.25,30549.50,30546.25,30547.25,126,30543.25,30543.75,0.50
2026-06-02 09:55:49,30547.50,30547.50,30542.75,30543.50,203,30542.25,30542.75,0.50
2026-06-02 09:55:50,30543.75,30545.50,30541.25,30542.25,282,30545.50,30546.00,0.50
2026-06-02 09:55:51,30542.50,30545.75,30542.50,30545.75,227,30545.00,30545.25,0.25
2026-06-02 09:55:52,30545.50,30546.25,30544.75,30545.00,160,30544.00,30544.50,0.50
2026-06-02 09:55:53,30545.00,30546.50,30543.50,30544.75,140,30547.25,30547.50,0.25
2026-06-02 09:55:54,30544.25,30547.50,30544.25,30547.25,99,30544.75,30545.25,0.50
2026-06-02 09:55:55,30547.25,30547.75,30544.00,30545.50,87,30544.50,30545.00,0.50
2026-06-02 09:55:56,30545.00,30545.75,30543.75,30544.25,76,30544.50,30545.00,0.50
2026-06-02 09:55:57,30544.50,30545.00,30539.00,30539.50,407,30539.25,30539.75,0.50
2026-06-02 09:55:58,30539.75,30540.25,30538.25,30539.75,211,30541.00,30541.25,0.25
2026-06-02 09:55:59,30539.50,30542.00,30538.75,30541.00,326,30541.00,30541.25,0.25
2026-06-02 09:56:00,30541.50,30542.25,30537.00,30537.00,417,30537.50,30538.00,0.50
2026-06-02 09:56:01,30537.50,30542.75,30537.00,30542.00,283,30540.25,30540.75,0.50
2026-06-02 09:56:02,30542.50,30542.50,30539.50,30540.50,236,30540.75,30541.00,0.25
2026-06-02 09:56:03,30540.25,30542.75,30539.00,30540.75,140,30541.00,30541.50,0.50
2026-06-02 09:56:04,30541.00,30543.25,30540.50,30540.50,132,30542.75,30543.25,0.50
2026-06-02 09:56:05,30540.50,30543.25,30540.00,30542.75,109,30542.75,30543.25,0.50
2026-06-02 09:56:06,30543.25,30545.00,30542.50,30542.50,178,30543.25,30543.75,0.50
2026-06-02 09:56:07,30543.00,30543.50,30540.75,30543.25,129,30541.00,30541.25,0.25
2026-06-02 09:56:08,30544.00,30544.75,30540.75,30541.25,95,30540.75,30541.00,0.25
2026-06-02 09:56:09,30541.00,30542.00,30539.00,30540.75,187,30542.75,30543.25,0.50
2026-06-02 09:56:10,30540.75,30544.25,30539.75,30543.50,106,30542.75,30543.25,0.50
2026-06-02 09:56:11,30543.50,30543.50,30540.50,30542.00,90,30542.00,30542.25,0.25
2026-06-02 09:56:12,30542.00,30543.00,30540.75,30542.50,57,30539.75,30540.00,0.25
2026-06-02 09:56:13,30543.00,30543.00,30539.75,30540.00,80,30539.00,30539.50,0.50
2026-06-02 09:56:14,30540.00,30540.50,30537.75,30539.25,139,30538.00,30538.50,0.50
2026-06-02 09:56:15,30539.50,30540.50,30537.50,30538.25,124,30539.00,30539.25,0.25
2026-06-02 09:56:16,30538.25,30539.25,30536.00,30538.50,186,30537.50,30538.00,0.50
2026-06-02 09:56:17,30539.00,30540.50,30537.50,30537.50,116,30536.50,30536.75,0.25
2026-06-02 09:56:18,30537.50,30539.25,30536.25,30536.50,73,30541.00,30541.25,0.25
2026-06-02 09:56:19,30536.75,30542.25,30536.50,30541.25,96,30540.25,30540.50,0.25
2026-06-02 09:56:20,30541.00,30541.75,30539.75,30540.00,107,30540.25,30540.75,0.50
2026-06-02 09:56:21,30540.25,30541.00,30539.00,30541.00,74,30541.25,30541.75,0.50
2026-06-02 09:56:22,30540.25,30543.75,30540.25,30541.25,107,30538.75,30539.25,0.50
2026-06-02 09:56:23,30541.50,30542.50,30538.75,30540.00,93,30536.50,30537.00,0.50
2026-06-02 09:56:24,30538.75,30539.00,30536.25,30537.00,98,30536.25,30536.75,0.50
2026-06-02 09:56:25,30536.75,30537.25,30534.50,30536.25,246,30536.25,30536.75,0.50
2026-06-02 09:56:26,30536.25,30538.00,30535.50,30536.00,127,30540.75,30541.25,0.50
2026-06-02 09:56:27,30537.25,30542.00,30537.25,30541.00,201,30543.75,30544.25,0.50
2026-06-02 09:56:28,30541.00,30544.50,30540.75,30544.00,108,30543.75,30544.25,0.50
2026-06-02 09:56:29,30544.00,30544.25,30542.00,30542.25,90,30546.75,30547.25,0.50
2026-06-02 09:56:30,30542.75,30549.50,30542.75,30547.25,362,30545.75,30546.25,0.50
2026-06-02 09:56:31,30546.75,30548.25,30546.00,30546.00,201,30547.00,30547.50,0.50
2026-06-02 09:56:32,30546.25,30549.25,30546.25,30546.75,138,30547.00,30547.50,0.50
2026-06-02 09:56:33,30547.25,30548.25,30546.50,30547.50,87,30549.50,30549.75,0.25
2026-06-02 09:56:34,30548.50,30550.25,30546.75,30549.50,129,30549.50,30549.75,0.25
2026-06-02 09:56:35,30549.25,30551.50,30547.00,30548.25,173,30549.75,30550.25,0.50
2026-06-02 09:56:36,30548.50,30550.50,30548.50,30550.00,88,30547.50,30548.00,0.50
2026-06-02 09:56:37,30549.75,30550.25,30546.75,30547.75,85,30547.50,30548.00,0.50
2026-06-02 09:56:38,30547.75,30549.75,30547.25,30549.25,63,30545.00,30545.50,0.50
2026-06-02 09:56:39,30549.75,30550.00,30545.00,30545.25,120,30548.25,30548.75,0.50
2026-06-02 09:56:40,30545.25,30548.50,30545.25,30548.50,56,30547.75,30548.25,0.50
2026-06-02 09:56:41,30549.00,30549.25,30546.25,30547.75,74,30549.25,30549.50,0.25
2026-06-02 09:56:42,30548.25,30550.25,30548.00,30549.75,41,30550.25,30550.75,0.50
2026-06-02 09:56:43,30549.50,30550.75,30548.00,30550.25,105,30550.25,30550.75,0.50
2026-06-02 09:56:44,30550.50,30551.00,30548.00,30549.50,74,30549.75,30550.25,0.50
2026-06-02 09:56:45,30549.75,30551.00,30549.25,30550.50,36,30551.50,30552.00,0.50
2026-06-02 09:56:46,30551.00,30552.00,30550.75,30552.00,85,30551.25,30551.75,0.50
2026-06-02 09:56:47,30551.75,30552.50,30550.75,30551.75,120,30554.25,30554.75,0.50
2026-06-02 09:56:48,30551.25,30555.25,30551.25,30554.50,266,30554.75,30555.25,0.50
2026-06-02 09:56:49,30554.75,30555.75,30553.50,30555.00,134,30554.00,30554.50,0.50
2026-06-02 09:56:50,30554.75,30555.50,30552.75,30554.50,226,30555.00,30555.50,0.50
2026-06-02 09:56:51,30554.50,30555.50,30553.75,30555.50,86,30558.75,30559.25,0.50
2026-06-02 09:56:52,30555.50,30562.00,30555.25,30559.00,394,30560.50,30561.00,0.50
2026-06-02 09:56:53,30559.25,30561.50,30557.75,30561.00,182,30559.50,30559.75,0.25
2026-06-02 09:56:54,30561.50,30562.75,30559.75,30560.00,242,30561.75,30562.25,0.50
2026-06-02 09:56:55,30559.75,30562.75,30559.75,30561.75,151,30564.00,30564.25,0.25
2026-06-02 09:56:56,30562.00,30564.00,30562.00,30564.00,217,30564.25,30564.75,0.50
2026-06-02 09:56:57,30564.00,30566.75,30563.00,30564.50,370,30566.25,30566.75,0.50
2026-06-02 09:56:58,30564.75,30567.00,30564.50,30566.25,138,30563.75,30564.25,0.50
2026-06-02 09:56:59,30566.50,30567.00,30563.75,30564.25,172,30561.00,30561.50,0.50
2026-06-02 09:57:00,30564.25,30564.25,30559.75,30561.25,303,30559.25,30559.75,0.50
2026-06-02 09:57:01,30561.00,30561.50,30558.25,30559.00,193,30557.00,30557.50,0.50
2026-06-02 09:57:02,30559.50,30559.50,30557.25,30557.25,188,30558.00,30558.50,0.50
2026-06-02 09:57:03,30557.00,30559.00,30556.75,30557.75,94,30558.25,30558.50,0.25
2026-06-02 09:57:04,30558.50,30560.00,30557.00,30558.75,139,30558.25,30558.50,0.25
2026-06-02 09:57:05,30558.25,30562.50,30558.25,30560.50,112,30560.50,30560.75,0.25
2026-06-02 09:57:06,30560.75,30561.25,30559.00,30560.25,79,30559.25,30559.75,0.50
2026-06-02 09:57:07,30560.50,30560.50,30559.00,30559.50,67,30559.75,30560.25,0.50
2026-06-02 09:57:08,30559.50,30560.50,30559.00,30559.75,37,30556.00,30556.50,0.50
2026-06-02 09:57:09,30559.50,30560.50,30554.75,30556.25,147,30556.00,30556.50,0.50
2026-06-02 09:57:10,30556.00,30558.25,30556.00,30557.00,78,30558.25,30558.75,0.50
2026-06-02 09:57:11,30557.25,30559.25,30556.50,30559.25,70,30558.50,30559.00,0.50
2026-06-02 09:57:12,30558.50,30559.25,30557.00,30557.75,68,30557.75,30558.25,0.50
2026-06-02 09:57:13,30558.25,30559.50,30557.75,30558.50,35,30558.25,30558.75,0.50
2026-06-02 09:57:14,30558.25,30559.50,30557.25,30558.50,63,30558.25,30558.75,0.50
2026-06-02 09:57:15,30558.75,30559.25,30558.00,30558.50,65,30558.50,30559.00,0.50
2026-06-02 09:57:16,30558.00,30559.50,30558.00,30558.75,23,30556.50,30557.00,0.50
2026-06-02 09:57:17,30559.00,30559.00,30556.00,30556.75,98,30556.75,30557.25,0.50
2026-06-02 09:57:18,30557.25,30557.75,30556.25,30556.75,33,30554.25,30554.50,0.25
2026-06-02 09:57:19,30556.00,30556.00,30553.50,30554.25,112,30553.75,30554.00,0.25
2026-06-02 09:57:20,30554.50,30554.75,30552.00,30553.50,164,30552.50,30553.00,0.50
2026-06-02 09:57:21,30553.75,30553.75,30552.25,30553.25,104,30552.50,30553.00,0.50
2026-06-02 09:57:22,30552.75,30552.75,30549.25,30550.00,189,30549.00,30549.50,0.50
2026-06-02 09:57:23,30550.00,30551.00,30548.25,30549.25,138,30549.25,30549.75,0.50
2026-06-02 09:57:24,30549.50,30551.00,30548.25,30549.00,75,30550.75,30551.25,0.50
2026-06-02 09:57:25,30549.50,30551.50,30549.25,30551.50,91,30553.50,30553.75,0.25
2026-06-02 09:57:26,30550.75,30554.00,30550.75,30554.00,93,30553.50,30554.00,0.50
2026-06-02 09:57:27,30553.75,30554.75,30551.75,30553.50,78,30556.00,30556.50,0.50
2026-06-02 09:57:28,30553.50,30556.50,30552.75,30556.50,51,30556.00,30556.50,0.50
2026-06-02 09:57:29,30556.25,30557.75,30554.75,30557.75,70,30556.75,30557.25,0.50
2026-06-02 09:57:30,30557.25,30558.50,30556.75,30557.50,69,30557.00,30557.50,0.50
2026-06-02 09:57:31,30557.00,30557.75,30556.75,30557.25,71,30556.50,30557.00,0.50
2026-06-02 09:57:32,30556.75,30557.25,30556.25,30556.75,44,30558.75,30559.00,0.25
2026-06-02 09:57:33,30557.00,30559.00,30556.75,30559.00,37,30558.75,30559.00,0.25
2026-06-02 09:57:34,30558.75,30562.50,30558.75,30562.25,155,30562.00,30562.25,0.25
2026-06-02 09:57:35,30562.00,30562.50,30560.75,30562.00,85,30563.25,30563.75,0.50
2026-06-02 09:57:36,30562.25,30564.75,30562.00,30563.25,127,30564.00,30564.50,0.50
2026-06-02 09:57:37,30563.75,30566.25,30563.75,30564.50,248,30563.25,30563.75,0.50
2026-06-02 09:57:38,30564.50,30564.75,30563.00,30563.75,106,30563.25,30563.75,0.50
2026-06-02 09:57:39,30563.75,30564.50,30562.25,30563.75,134,30563.00,30563.50,0.50
2026-06-02 09:57:40,30563.75,30564.50,30562.50,30563.25,40,30564.50,30565.00,0.50
2026-06-02 09:57:41,30563.50,30565.50,30563.25,30565.00,78,30566.25,30566.50,0.25
2026-06-02 09:57:42,30564.25,30566.75,30564.25,30566.25,62,30568.50,30569.00,0.50
2026-06-02 09:57:43,30566.25,30569.00,30566.25,30569.00,208,30568.50,30569.00,0.50
2026-06-02 09:57:44,30569.00,30569.75,30565.50,30566.25,172,30566.25,30566.75,0.50
2026-06-02 09:57:45,30566.50,30567.25,30565.50,30566.25,105,30567.25,30567.75,0.50
2026-06-02 09:57:46,30567.00,30568.00,30566.00,30567.75,105,30569.25,30569.75,0.50
2026-06-02 09:57:47,30567.50,30569.75,30567.25,30569.75,89,30569.25,30569.75,0.50
2026-06-02 09:57:48,30569.25,30572.00,30569.00,30570.75,297,30569.25,30569.75,0.50
2026-06-02 09:57:49,30570.25,30571.50,30568.25,30569.75,149,30568.00,30568.50,0.50
2026-06-02 09:57:50,30569.75,30569.75,30567.50,30568.25,94,30568.00,30568.50,0.50
2026-06-02 09:57:51,30568.00,30569.75,30568.00,30569.25,56,30569.50,30570.00,0.50
2026-06-02 09:57:52,30569.25,30570.75,30569.25,30569.75,63,30570.25,30570.75,0.50
2026-06-02 09:57:53,30570.25,30570.75,30569.25,30570.00,71,30572.25,30572.75,0.50
2026-06-02 09:57:54,30570.75,30573.75,30570.75,30572.75,150,30573.00,30573.50,0.50
2026-06-02 09:57:55,30572.75,30573.75,30572.25,30573.50,96,30573.25,30573.75,0.50
2026-06-02 09:57:56,30573.50,30573.75,30571.00,30573.50,124,30574.50,30575.00,0.50
2026-06-02 09:57:57,30573.50,30576.00,30573.50,30575.00,231,30575.00,30575.25,0.25
2026-06-02 09:57:58,30575.00,30575.50,30573.75,30575.50,108,30575.50,30575.75,0.25
2026-06-02 09:57:59,30575.00,30576.75,30575.00,30576.00,181,30574.50,30574.75,0.25
2026-06-02 09:58:00,30575.75,30576.25,30574.00,30574.00,116,30576.25,30576.75,0.50
2026-06-02 09:58:01,30574.50,30577.00,30574.25,30576.75,213,30576.25,30576.75,0.50
2026-06-02 09:58:02,30576.75,30577.75,30575.25,30577.00,188,30576.75,30577.25,0.50
2026-06-02 09:58:03,30577.00,30580.00,30577.00,30579.25,273,30579.25,30579.75,0.50
2026-06-02 09:58:04,30579.50,30581.00,30579.25,30580.75,367,30577.75,30578.25,0.50
2026-06-02 09:58:05,30580.25,30580.75,30576.25,30578.50,217,30577.75,30578.25,0.50
2026-06-02 09:58:06,30578.25,30580.75,30577.75,30580.00,106,30580.25,30580.50,0.25
2026-06-02 09:58:07,30580.25,30583.00,30580.00,30582.50,128,30584.25,30584.75,0.50
2026-06-02 09:58:08,30582.00,30587.00,30581.75,30584.75,1011,30576.75,30577.00,0.25
2026-06-02 09:58:09,30584.75,30585.75,30576.25,30577.00,433,30576.75,30577.00,0.25
2026-06-02 09:58:10,30577.00,30577.00,30571.25,30575.50,447,30572.25,30572.50,0.25
2026-06-02 09:58:11,30574.75,30575.75,30571.75,30572.75,213,30572.25,30572.50,0.25
2026-06-02 09:58:12,30572.25,30572.75,30569.50,30570.75,179,30571.50,30572.00,0.50
2026-06-02 09:58:13,30570.75,30571.75,30570.75,30571.75,150,30569.25,30569.50,0.25
2026-06-02 09:58:14,30571.50,30573.00,30568.75,30569.75,148,30568.75,30569.00,0.25
2026-06-02 09:58:15,30569.50,30570.75,30568.50,30568.75,91,30568.75,30569.00,0.25
2026-06-02 09:58:16,30568.50,30570.00,30564.75,30567.75,283,30566.50,30567.00,0.50
2026-06-02 09:58:17,30567.25,30567.75,30566.00,30567.00,116,30568.25,30568.75,0.50
2026-06-02 09:58:18,30567.00,30569.00,30566.25,30568.00,110,30571.75,30572.25,0.50
2026-06-02 09:58:19,30569.25,30573.50,30569.25,30571.75,128,30567.75,30568.25,0.50
2026-06-02 09:58:20,30572.00,30572.00,30567.75,30568.25,85,30566.50,30567.00,0.50
2026-06-02 09:58:21,30567.75,30568.75,30566.25,30567.00,129,30567.50,30568.00,0.50
2026-06-02 09:58:22,30566.50,30568.25,30566.50,30568.00,66,30567.25,30567.75,0.50
2026-06-02 09:58:23,30567.75,30567.75,30563.00,30567.75,220,30571.00,30571.50,0.50
2026-06-02 09:58:24,30567.25,30571.50,30567.25,30571.50,90,30573.25,30573.75,0.50
2026-06-02 09:58:25,30571.50,30574.00,30571.25,30573.00,78,30579.50,30579.75,0.25
2026-06-02 09:58:26,30573.25,30580.25,30573.25,30580.00,283,30580.50,30580.75,0.25
2026-06-02 09:58:27,30580.25,30581.25,30579.25,30580.50,106,30581.75,30582.00,0.25
2026-06-02 09:58:28,30580.75,30582.50,30580.50,30582.00,100,30581.75,30582.00,0.25
2026-06-02 09:58:29,30582.00,30585.50,30581.25,30584.00,319,30585.00,30585.50,0.50
2026-06-02 09:58:30,30583.50,30585.75,30583.50,30585.75,195,30586.25,30586.75,0.50
2026-06-02 09:58:31,30585.00,30587.00,30584.00,30586.25,202,30588.25,30588.75,0.50
2026-06-02 09:58:32,30587.00,30589.50,30586.75,30588.75,545,30588.25,30588.75,0.50
2026-06-02 09:58:33,30588.75,30590.25,30587.50,30588.25,556,30587.75,30588.25,0.50
2026-06-02 09:58:34,30588.50,30589.50,30587.25,30588.25,164,30588.00,30588.50,0.50
2026-06-02 09:58:35,30588.25,30589.50,30587.50,30588.00,174,30588.75,30589.25,0.50
2026-06-02 09:58:36,30587.75,30589.50,30587.75,30589.25,139,30587.00,30587.50,0.50
2026-06-02 09:58:37,30588.75,30589.50,30586.75,30587.50,147,30585.00,30585.50,0.50
2026-06-02 09:58:38,30587.50,30587.75,30583.50,30585.00,240,30587.50,30588.00,0.50
2026-06-02 09:58:39,30585.50,30588.00,30585.25,30587.75,114,30586.50,30587.00,0.50
2026-06-02 09:58:40,30587.25,30587.50,30585.75,30586.75,107,30588.25,30588.75,0.50
2026-06-02 09:58:41,30587.25,30589.00,30587.00,30588.75,97,30593.50,30594.00,0.50
2026-06-02 09:58:42,30588.75,30594.25,30588.50,30593.75,546,30593.50,30594.00,0.50
2026-06-02 09:58:43,30593.50,30595.25,30593.00,30595.00,295,30592.25,30592.75,0.50
2026-06-02 09:58:44,30595.00,30595.25,30592.50,30592.75,218,30588.75,30589.25,0.50
2026-06-02 09:58:45,30592.25,30593.25,30588.50,30588.75,221,30592.75,30593.25,0.50
2026-06-02 09:58:46,30589.25,30593.75,30589.25,30593.25,152,30592.00,30592.50,0.50
2026-06-02 09:58:47,30592.75,30594.00,30590.50,30592.50,119,30592.50,30593.00,0.50
2026-06-02 09:58:48,30592.75,30595.50,30592.75,30592.75,196,30594.00,30594.50,0.50
2026-06-02 09:58:49,30592.75,30595.00,30592.50,30594.00,101,30593.75,30594.25,0.50
2026-06-02 09:58:50,30594.00,30594.75,30593.25,30593.75,88,30592.75,30593.25,0.50
2026-06-02 09:58:51,30594.25,30594.75,30592.50,30592.75,129,30592.75,30593.25,0.50
2026-06-02 09:58:52,30593.25,30595.50,30593.00,30594.50,122,30594.00,30594.50,0.50
2026-06-02 09:58:53,30594.75,30596.50,30594.00,30594.00,148,30594.00,30594.50,0.50
2026-06-02 09:58:54,30594.00,30595.25,30592.50,30594.00,120,30592.75,30593.25,0.50
2026-06-02 09:58:55,30594.50,30594.50,30593.00,30593.00,73,30592.50,30593.00,0.50
2026-06-02 09:58:56,30593.25,30593.50,30592.00,30592.50,145,30591.50,30592.00,0.50
2026-06-02 09:58:57,30592.50,30593.25,30591.00,30591.50,124,30590.25,30590.75,0.50
2026-06-02 09:58:58,30591.50,30591.75,30588.75,30590.50,117,30588.25,30588.75,0.50
2026-06-02 09:58:59,30590.25,30590.25,30587.50,30588.25,109,30588.50,30589.00,0.50
2026-06-02 09:59:00,30588.25,30590.25,30588.25,30588.50,65,30590.50,30591.00,0.50
2026-06-02 09:59:01,30588.75,30591.25,30587.50,30590.75,216,30594.75,30595.25,0.50
2026-06-02 09:59:02,30590.75,30595.00,30590.25,30595.00,150,30594.75,30595.25,0.50
2026-06-02 09:59:03,30594.75,30596.25,30594.00,30594.25,158,30593.50,30594.00,0.50
2026-06-02 09:59:04,30594.75,30594.75,30591.75,30593.25,150,30593.25,30593.75,0.50
2026-06-02 09:59:05,30593.50,30594.50,30591.75,30593.75,131,30591.25,30592.00,0.75
2026-06-02 09:59:06,30593.50,30593.75,30590.75,30591.75,86,30590.00,30590.50,0.50
2026-06-02 09:59:07,30591.75,30592.75,30590.00,30590.00,66,30589.25,30589.75,0.50
2026-06-02 09:59:08,30590.75,30590.75,30586.00,30589.50,213,30593.75,30594.00,0.25
2026-06-02 09:59:09,30589.75,30593.25,30589.25,30593.25,71,30594.25,30594.75,0.50
2026-06-02 09:59:10,30593.75,30596.00,30593.50,30594.50,110,30594.25,30594.50,0.25
2026-06-02 09:59:11,30594.75,30595.00,30593.00,30594.50,96,30594.50,30595.00,0.50
2026-06-02 09:59:12,30594.25,30595.50,30594.00,30595.00,53,30592.50,30593.00,0.50
2026-06-02 09:59:13,30594.50,30595.25,30592.25,30592.25,82,30592.50,30593.00,0.50
2026-06-02 09:59:14,30592.50,30595.00,30592.50,30595.00,43,30594.75,30595.25,0.50
2026-06-02 09:59:15,30594.50,30596.00,30593.75,30595.00,85,30592.50,30593.00,0.50
2026-06-02 09:59:16,30594.75,30595.25,30591.25,30591.50,103,30588.75,30589.25,0.50
2026-06-02 09:59:17,30592.75,30592.75,30588.75,30589.25,110,30586.75,30587.25,0.50
2026-06-02 09:59:18,30588.75,30589.75,30587.00,30587.00,88,30589.25,30589.75,0.50
2026-06-02 09:59:19,30587.25,30590.00,30586.75,30589.75,144,30585.25,30585.75,0.50
2026-06-02 09:59:20,30589.50,30589.75,30585.00,30585.50,141,30586.25,30587.00,0.75
2026-06-02 09:59:21,30585.75,30587.00,30585.25,30586.50,57,30586.25,30587.00,0.75
2026-06-02 09:59:22,30586.50,30587.50,30583.25,30583.25,156,30585.25,30586.00,0.75
2026-06-02 09:59:23,30583.50,30586.25,30582.75,30585.25,177,30586.00,30586.50,0.50
2026-06-02 09:59:24,30586.00,30586.75,30585.00,30586.00,82,30587.00,30587.75,0.75
2026-06-02 09:59:25,30586.50,30588.00,30585.25,30588.00,37,30585.25,30586.00,0.75
2026-06-02 09:59:26,30588.00,30588.25,30585.75,30586.25,42,30587.75,30588.50,0.75
2026-06-02 09:59:27,30585.25,30588.75,30584.50,30587.75,72,30589.50,30590.25,0.75
2026-06-02 09:59:28,30587.75,30590.50,30587.75,30589.50,62,30589.25,30589.75,0.50
2026-06-02 09:59:29,30589.50,30590.25,30589.00,30590.25,32,30589.75,30590.25,0.50
2026-06-02 09:59:30,30589.25,30590.25,30588.75,30590.00,21,30592.00,30592.75,0.75
2026-06-02 09:59:31,30590.25,30593.25,30589.75,30592.75,58,30591.00,30591.50,0.50
2026-06-02 09:59:32,30592.00,30592.25,30590.75,30591.50,44,30591.50,30592.25,0.75
2026-06-02 09:59:33,30591.50,30592.50,30591.00,30592.25,44,30592.50,30593.00,0.50
2026-06-02 09:59:34,30592.25,30593.00,30591.25,30592.75,47,30595.00,30595.50,0.50
2026-06-02 09:59:35,30593.00,30595.75,30592.75,30595.75,90,30595.75,30596.50,0.75
2026-06-02 09:59:36,30595.50,30597.25,30595.50,30596.00,133,30594.75,30595.25,0.50
2026-06-02 09:59:37,30596.50,30596.50,30594.25,30595.25,85,30594.00,30594.50,0.50
2026-06-02 09:59:38,30594.75,30595.50,30593.50,30594.50,121,30595.25,30596.00,0.75
2026-06-02 09:59:39,30594.50,30595.75,30592.50,30595.25,71,30595.50,30596.25,0.75
2026-06-02 09:59:40,30595.50,30597.75,30594.00,30595.50,148,30595.50,30596.25,0.75
2026-06-02 09:59:41,30596.00,30596.00,30594.50,30594.75,56,30595.00,30595.50,0.50
2026-06-02 09:59:42,30595.25,30596.75,30594.50,30595.00,96,30594.50,30595.25,0.75
2026-06-02 09:59:43,30594.75,30595.75,30594.50,30595.25,27,30595.00,30595.50,0.50
2026-06-02 09:59:44,30595.25,30596.50,30594.00,30595.00,86,30595.25,30596.00,0.75
2026-06-02 09:59:45,30595.00,30595.75,30594.50,30595.75,60,30597.50,30598.00,0.50
2026-06-02 09:59:46,30595.75,30598.75,30595.25,30597.75,136,30597.75,30598.25,0.50
2026-06-02 09:59:47,30598.00,30598.50,30596.50,30597.75,96,30600.75,30601.50,0.75
2026-06-02 09:59:48,30598.25,30603.00,30598.25,30601.00,711,30600.75,30601.50,0.75
2026-06-02 09:59:49,30600.75,30603.50,30600.75,30602.75,151,30603.25,30603.75,0.50
2026-06-02 09:59:50,30602.75,30604.00,30601.50,30603.50,127,30602.75,30603.50,0.75
2026-06-02 09:59:51,30603.25,30604.00,30601.75,30603.25,136,30600.75,30601.50,0.75
2026-06-02 09:59:52,30603.50,30603.50,30600.00,30601.25,123,30601.00,30601.75,0.75
2026-06-02 09:59:53,30601.50,30602.50,30600.00,30601.00,104,30597.50,30598.00,0.50
2026-06-02 09:59:54,30601.75,30602.25,30597.00,30597.50,135,30597.25,30598.00,0.75
2026-06-02 09:59:55,30597.50,30599.00,30595.50,30597.25,238,30597.75,30598.50,0.75
2026-06-02 09:59:56,30598.25,30599.00,30595.75,30598.50,91,30598.00,30598.75,0.75
2026-06-02 09:59:57,30598.50,30599.75,30596.75,30598.00,94,30595.00,30596.00,1.00
2026-06-02 09:59:58,30598.00,30601.25,30592.75,30595.50,218,30595.75,30596.75,1.00
2026-06-02 09:59:59,30596.25,30598.25,30595.00,30596.50,145,30601.75,30604.25,2.50
2026-06-02 10:00:00,30596.75,30604.00,30596.00,30604.00,186,30608.50,30610.75,2.25
2026-06-02 10:00:01,30602.75,30611.00,30601.75,30608.25,968,30608.50,30610.75,2.25
2026-06-02 10:00:02,30608.00,30611.00,30597.75,30603.25,755,30593.25,30594.25,1.00
2026-06-02 10:00:03,30600.75,30601.75,30591.75,30594.00,498,30587.75,30588.75,1.00
2026-06-02 10:00:04,30594.25,30597.25,30586.75,30589.00,458,30587.75,30588.75,1.00
2026-06-02 10:00:05,30588.00,30589.00,30526.75,30526.75,1790,30589.75,30591.50,1.75
2026-06-02 10:00:10,30543.75,30592.50,30534.00,30591.50,1433,30592.75,30594.00,1.25
2026-06-02 10:00:11,30589.75,30598.00,30586.75,30593.50,222,30593.50,30594.00,0.50
2026-06-02 10:00:12,30593.00,30595.00,30590.25,30593.50,199,30593.50,30594.00,0.50
2026-06-02 10:00:13,30594.00,30595.75,30591.75,30593.00,234,30592.50,30593.25,0.75
2026-06-02 10:00:14,30593.00,30598.00,30592.50,30595.00,136,30594.75,30595.25,0.50
2026-06-02 10:00:15,30595.00,30597.75,30593.50,30596.25,144,30600.25,30601.00,0.75
2026-06-02 10:00:16,30597.00,30603.25,30596.25,30600.75,245,30600.25,30601.00,0.75
2026-06-02 10:00:17,30601.00,30602.50,30597.75,30598.00,152,30597.00,30597.50,0.50
2026-06-02 10:00:18,30598.50,30599.25,30595.00,30597.25,154,30597.00,30597.50,0.50
2026-06-02 10:00:19,30597.00,30598.25,30595.50,30597.25,96,30600.75,30601.50,0.75
2026-06-02 10:00:20,30596.50,30604.50,30596.25,30602.00,154,30601.00,30601.75,0.75
2026-06-02 10:00:21,30600.50,30604.00,30599.75,30602.25,135,30599.50,30600.00,0.50
2026-06-02 10:00:22,30601.00,30601.50,30598.25,30599.25,146,30599.50,30600.00,0.50
2026-06-02 10:00:23,30600.00,30600.00,30595.75,30597.25,123,30596.75,30597.50,0.75
2026-06-02 10:00:24,30597.25,30597.50,30592.75,30592.75,139,30593.00,30593.50,0.50
2026-06-02 10:00:25,30592.75,30596.00,30592.75,30594.00,153,30593.00,30593.50,0.50
2026-06-02 10:00:26,30593.25,30593.75,30587.00,30588.50,198,30589.25,30589.75,0.50
2026-06-02 10:00:27,30589.50,30590.25,30586.50,30587.75,159,30588.00,30588.75,0.75
2026-06-02 10:00:28,30588.50,30589.50,30586.25,30587.00,125,30590.75,30591.50,0.75
2026-06-02 10:00:29,30587.50,30591.75,30585.00,30591.50,194,30593.25,30593.75,0.50
2026-06-02 10:00:30,30591.50,30594.00,30591.00,30593.25,216,30588.75,30589.50,0.75
2026-06-02 10:00:31,30593.25,30593.75,30589.25,30589.25,183,30588.00,30588.50,0.50
2026-06-02 10:00:32,30589.00,30592.00,30588.00,30588.00,156,30588.00,30588.50,0.50
2026-06-02 10:00:33,30588.25,30589.00,30583.75,30585.50,228,30585.50,30586.00,0.50
2026-06-02 10:00:34,30585.25,30587.00,30584.00,30584.75,147,30588.75,30589.25,0.50
2026-06-02 10:00:35,30584.75,30589.00,30584.00,30589.00,185,30588.75,30589.25,0.50
2026-06-02 10:00:36,30588.50,30592.25,30587.75,30589.50,168,30591.50,30592.25,0.75
2026-06-02 10:00:37,30589.50,30593.25,30588.25,30591.75,118,30589.75,30590.25,0.50
2026-06-02 10:00:38,30591.50,30592.50,30588.25,30589.75,106,30590.00,30590.75,0.75
2026-06-02 10:00:39,30589.75,30592.00,30589.00,30591.00,116,30590.25,30590.75,0.50
2026-06-02 10:00:40,30590.25,30591.50,30589.00,30590.50,74,30591.75,30592.25,0.50
2026-06-02 10:00:41,30590.50,30592.25,30590.00,30591.75,58,30595.00,30595.50,0.50
2026-06-02 10:00:42,30593.00,30596.25,30592.50,30595.50,112,30594.00,30594.50,0.50
2026-06-02 10:00:43,30595.00,30596.00,30594.00,30594.75,65,30593.50,30594.25,0.75
2026-06-02 10:00:44,30594.50,30595.50,30590.75,30591.75,84,30593.75,30594.50,0.75
2026-06-02 10:00:45,30593.50,30595.25,30593.25,30594.25,39,30593.75,30594.50,0.75
2026-06-02 10:00:46,30594.25,30596.50,30593.50,30595.00,118,30594.75,30595.50,0.75
2026-06-02 10:00:47,30595.00,30595.00,30592.00,30592.75,55,30595.00,30595.50,0.50
2026-06-02 10:00:48,30593.75,30596.00,30593.75,30595.00,87,30593.50,30594.00,0.50
2026-06-02 10:00:49,30595.00,30595.00,30591.25,30592.50,58,30591.75,30592.25,0.50
2026-06-02 10:00:50,30593.50,30594.75,30591.25,30591.50,135,30591.75,30592.25,0.50
2026-06-02 10:00:51,30592.00,30593.50,30591.50,30591.75,56,30594.25,30594.75,0.50
2026-06-02 10:00:52,30591.50,30594.75,30591.25,30594.00,62,30592.75,30593.25,0.50
2026-06-02 10:00:53,30594.50,30594.50,30592.75,30592.75,31,30593.50,30594.00,0.50
2026-06-02 10:00:54,30592.75,30595.75,30592.50,30594.25,70,30595.00,30595.75,0.75
2026-06-02 10:00:55,30593.75,30595.75,30593.00,30595.75,37,30595.00,30595.75,0.75
2026-06-02 10:00:56,30595.25,30597.00,30594.25,30595.50,67,30598.50,30599.00,0.50
2026-06-02 10:00:57,30595.25,30599.00,30595.25,30599.00,133,30602.25,30602.50,0.25
2026-06-02 10:00:58,30598.25,30602.50,30598.25,30602.25,190,30603.75,30604.25,0.50
2026-06-02 10:00:59,30602.50,30606.75,30601.75,30603.50,283,30600.25,30600.75,0.50
2026-06-02 10:01:00,30603.50,30604.00,30599.75,30600.75,138,30597.25,30597.75,0.50
2026-06-02 10:01:01,30600.25,30600.75,30596.50,30597.75,187,30597.25,30597.75,0.50
2026-06-02 10:01:02,30597.25,30598.00,30593.00,30595.50,839,30599.75,30600.25,0.50
2026-06-02 10:01:03,30596.00,30600.00,30595.50,30600.00,151,30598.75,30599.25,0.50
2026-06-02 10:01:04,30600.25,30600.50,30597.25,30599.25,124,30598.75,30599.25,0.50
2026-06-02 10:01:05,30598.75,30601.00,30597.25,30599.00,109,30595.75,30596.25,0.50
2026-06-02 10:01:06,30599.25,30599.25,30595.50,30596.00,89,30597.25,30597.75,0.50
2026-06-02 10:01:07,30596.00,30599.50,30596.00,30597.50,98,30595.50,30596.00,0.50
2026-06-02 10:01:08,30597.25,30597.25,30595.25,30596.00,82,30594.75,30595.00,0.25
2026-06-02 10:01:09,30596.00,30597.75,30595.00,30595.25,79,30595.25,30595.75,0.50
2026-06-02 10:01:10,30595.00,30597.50,30594.50,30594.75,53,30594.75,30595.50,0.75
2026-06-02 10:01:11,30595.25,30595.75,30594.25,30595.00,50,30595.00,30595.50,0.50
2026-06-02 10:01:12,30595.50,30598.25,30595.00,30595.50,68,30594.25,30594.75,0.50
2026-06-02 10:01:13,30594.75,30595.25,30593.50,30594.50,45,30594.00,30594.50,0.50
2026-06-02 10:01:14,30594.25,30595.50,30592.25,30594.00,92,30594.75,30595.25,0.50
2026-06-02 10:01:15,30593.75,30595.50,30591.75,30594.75,130,30590.50,30591.00,0.50
2026-06-02 10:01:16,30595.25,30595.50,30590.25,30591.00,139,30593.00,30593.50,0.50
2026-06-02 10:01:17,30590.75,30594.00,30590.25,30594.00,148,30593.00,30593.50,0.50
2026-06-02 10:01:18,30593.00,30593.75,30589.50,30589.75,164,30589.25,30589.75,0.50
2026-06-02 10:01:19,30589.75,30590.50,30588.75,30589.50,143,30584.50,30585.50,1.00
2026-06-02 10:01:20,30589.25,30589.25,30585.50,30585.75,186,30584.50,30585.50,1.00
2026-06-02 10:01:21,30585.00,30588.25,30584.50,30587.00,195,30587.00,30587.50,0.50
2026-06-02 10:01:22,30587.00,30587.00,30583.00,30583.75,132,30586.75,30587.25,0.50
2026-06-02 10:01:23,30583.50,30587.75,30583.50,30586.75,140,30587.50,30588.00,0.50
2026-06-02 10:01:24,30587.00,30588.00,30586.00,30587.75,99,30587.00,30587.50,0.50
2026-06-02 10:01:25,30587.75,30587.75,30584.25,30587.75,94,30587.00,30587.50,0.50
2026-06-02 10:01:26,30587.00,30588.50,30586.00,30587.00,73,30590.25,30590.75,0.50
2026-06-02 10:01:27,30587.75,30590.75,30587.00,30590.50,103,30589.25,30589.75,0.50
2026-06-02 10:01:28,30591.00,30591.50,30588.25,30589.50,82,30586.00,30586.50,0.50
2026-06-02 10:01:29,30589.75,30589.75,30585.50,30586.25,57,30585.50,30586.25,0.75
2026-06-02 10:01:30,30586.50,30588.25,30585.75,30586.75,78,30587.50,30588.00,0.50
2026-06-02 10:01:31,30585.75,30588.00,30584.75,30587.50,81,30590.50,30590.75,0.25
2026-06-02 10:01:32,30588.00,30590.50,30588.00,30590.50,78,30589.50,30590.00,0.50
2026-06-02 10:01:33,30590.75,30591.50,30589.50,30590.25,89,30591.50,30592.00,0.50
2026-06-02 10:01:34,30590.00,30592.25,30589.50,30592.00,49,30592.50,30593.00,0.50
2026-06-02 10:01:35,30592.00,30593.75,30592.00,30593.00,111,30592.50,30593.00,0.50
2026-06-02 10:01:36,30592.50,30593.50,30591.75,30592.75,104,30591.75,30592.25,0.50
2026-06-02 10:01:37,30592.25,30592.50,30590.75,30592.25,54,30593.75,30594.25,0.50
2026-06-02 10:01:38,30592.25,30595.00,30591.75,30594.25,84,30593.75,30594.25,0.50
2026-06-02 10:01:39,30594.00,30595.00,30593.75,30594.75,55,30594.25,30594.75,0.50
2026-06-02 10:01:40,30594.50,30596.50,30593.00,30593.75,151,30592.50,30593.00,0.50
2026-06-02 10:01:41,30594.00,30595.50,30592.50,30592.50,64,30593.75,30594.25,0.50
2026-06-02 10:01:42,30592.50,30594.50,30592.25,30594.50,52,30593.75,30594.25,0.50
2026-06-02 10:01:43,30594.00,30594.00,30592.25,30592.75,22,30593.50,30594.00,0.50
2026-06-02 10:01:44,30593.25,30595.00,30591.75,30593.25,83,30591.50,30592.00,0.50
2026-06-02 10:01:45,30594.25,30594.25,30590.50,30591.75,65,30592.25,30592.75,0.50
2026-06-02 10:01:46,30593.00,30594.00,30591.50,30592.25,49,30592.25,30592.75,0.50
2026-06-02 10:01:47,30592.75,30593.25,30591.50,30592.75,50,30594.25,30594.75,0.50
2026-06-02 10:01:48,30592.75,30595.00,30592.50,30594.75,44,30593.75,30594.25,0.50
2026-06-02 10:01:49,30594.50,30595.50,30593.25,30594.00,43,30586.00,30586.50,0.50
2026-06-02 10:01:50,30594.25,30594.50,30585.25,30586.25,150,30585.25,30585.75,0.50
2026-06-02 10:01:51,30586.00,30586.50,30584.00,30585.75,124,30586.00,30586.25,0.25
2026-06-02 10:01:52,30585.50,30586.50,30583.50,30586.50,157,30586.75,30587.25,0.50
2026-06-02 10:01:53,30586.25,30588.00,30585.25,30586.75,88,30588.25,30588.75,0.50
2026-06-02 10:01:54,30587.00,30588.75,30585.75,30588.25,46,30587.75,30588.25,0.50
2026-06-02 10:01:55,30588.25,30589.50,30587.50,30587.50,56,30587.50,30587.75,0.25
2026-06-02 10:01:56,30587.75,30588.25,30586.50,30588.00,47,30589.50,30590.00,0.50
2026-06-02 10:01:57,30587.75,30590.25,30587.50,30589.75,42,30591.25,30591.75,0.50
2026-06-02 10:01:58,30589.50,30592.00,30589.25,30592.00,54,30590.50,30590.75,0.25
2026-06-02 10:01:59,30591.75,30591.75,30589.25,30590.25,104,30590.50,30590.75,0.25
2026-06-02 10:02:00,30590.75,30591.00,30588.50,30588.75,52,30589.75,30590.25,0.50
2026-06-02 10:02:01,30589.00,30590.00,30588.25,30589.50,63,30589.75,30590.25,0.50
2026-06-02 10:02:02,30590.00,30593.25,30589.00,30592.75,84,30593.00,30593.50,0.50
2026-06-02 10:02:03,30592.50,30594.00,30592.25,30593.50,76,30592.25,30592.75,0.50
2026-06-02 10:02:04,30593.00,30593.75,30590.75,30592.75,91,30593.75,30594.25,0.50
2026-06-02 10:02:05,30592.50,30595.00,30592.25,30593.50,90,30594.00,30594.50,0.50
2026-06-02 10:02:06,30593.50,30594.75,30592.25,30594.75,76,30593.25,30593.75,0.50
2026-06-02 10:02:07,30594.25,30595.00,30591.25,30594.00,109,30592.75,30593.00,0.25
2026-06-02 10:02:08,30593.75,30593.75,30591.50,30592.75,95,30593.00,30593.50,0.50
2026-06-02 10:02:09,30593.00,30594.25,30592.75,30593.50,44,30593.25,30593.50,0.25
2026-06-02 10:02:10,30593.75,30595.00,30593.00,30593.50,108,30590.25,30590.75,0.50
2026-06-02 10:02:11,30593.50,30593.50,30589.75,30590.75,69,30589.50,30590.00,0.50
2026-06-02 10:02:12,30590.75,30591.75,30588.25,30590.00,78,30588.75,30589.25,0.50
2026-06-02 10:02:13,30590.00,30590.50,30588.75,30588.75,64,30589.75,30590.25,0.50
2026-06-02 10:02:14,30588.75,30590.75,30587.75,30589.75,76,30587.75,30588.25,0.50
2026-06-02 10:02:15,30589.75,30590.50,30587.75,30588.25,55,30588.50,30588.75,0.25
2026-06-02 10:02:16,30588.25,30589.75,30587.25,30588.50,59,30588.50,30588.75,0.25
2026-06-02 10:02:17,30588.75,30589.75,30588.25,30589.50,56,30590.00,30590.50,0.50
2026-06-02 10:02:18,30589.75,30590.75,30589.25,30590.75,41,30594.00,30594.50,0.50
2026-06-02 10:02:19,30590.75,30595.00,30590.75,30594.50,143,30594.00,30594.50,0.50
2026-06-02 10:02:20,30594.25,30595.00,30592.25,30594.50,82,30593.50,30594.00,0.50
2026-06-02 10:02:21,30594.00,30594.00,30590.25,30593.75,139,30594.00,30594.50,0.50
2026-06-02 10:02:22,30593.50,30594.50,30590.50,30594.00,73,30594.00,30594.50,0.50
2026-06-02 10:02:23,30593.75,30597.00,30593.25,30596.75,97,30594.00,30594.50,0.50
2026-06-02 10:02:24,30596.50,30596.50,30592.50,30594.50,108,30591.25,30591.50,0.25
2026-06-02 10:02:25,30594.25,30594.25,30589.75,30591.25,53,30590.25,30590.75,0.50
2026-06-02 10:02:26,30591.25,30591.25,30589.25,30590.25,41,30589.00,30589.50,0.50
2026-06-02 10:02:27,30590.75,30590.75,30588.75,30589.25,47,30583.50,30583.75,0.25
2026-06-02 10:02:28,30589.00,30589.00,30583.75,30584.00,177,30585.50,30586.00,0.50
2026-06-02 10:02:29,30583.50,30586.25,30580.75,30586.00,298,30586.00,30586.50,0.50
2026-06-02 10:02:30,30585.25,30586.00,30584.75,30586.00,93,30585.75,30586.25,0.50
2026-06-02 10:02:31,30586.50,30586.50,30584.25,30586.25,66,30585.00,30585.50,0.50
2026-06-02 10:02:32,30586.00,30586.25,30584.25,30585.50,55,30586.25,30586.75,0.50
2026-06-02 10:02:33,30585.00,30586.75,30583.50,30586.50,84,30585.00,30585.50,0.50
2026-06-02 10:02:34,30586.00,30586.00,30584.00,30584.75,74,30583.50,30583.75,0.25
2026-06-02 10:02:35,30586.00,30586.25,30582.25,30583.75,83,30583.75,30584.00,0.25
2026-06-02 10:02:36,30583.50,30584.00,30582.50,30583.25,91,30584.25,30584.75,0.50
2026-06-02 10:02:37,30584.25,30584.50,30582.25,30584.25,140,30582.75,30583.00,0.25
2026-06-02 10:02:38,30584.50,30584.50,30582.25,30582.25,57,30586.00,30586.50,0.50
2026-06-02 10:02:39,30583.00,30586.75,30582.75,30586.25,140,30584.25,30584.75,0.50
2026-06-02 10:02:40,30585.75,30585.75,30582.75,30585.00,73,30585.75,30586.25,0.50
2026-06-02 10:02:41,30584.25,30586.25,30584.00,30585.75,47,30585.00,30585.25,0.25
2026-06-02 10:02:42,30585.75,30586.00,30584.00,30585.25,51,30588.25,30588.50,0.25
2026-06-02 10:02:43,30585.25,30590.25,30585.00,30589.00,113,30588.25,30588.50,0.25
2026-06-02 10:02:44,30588.50,30589.50,30587.75,30588.75,67,30586.25,30586.75,0.50
2026-06-02 10:02:45,30588.75,30589.25,30586.25,30587.00,64,30589.50,30590.00,0.50
2026-06-02 10:02:46,30586.75,30590.75,30586.75,30589.75,50,30588.50,30589.00,0.50
2026-06-02 10:02:47,30589.75,30591.00,30588.25,30588.25,54,30586.00,30586.50,0.50
2026-06-02 10:02:48,30588.00,30588.00,30586.00,30586.50,72,30589.25,30589.75,0.50
2026-06-02 10:02:49,30586.50,30588.75,30586.50,30588.75,40,30590.00,30590.25,0.25
2026-06-02 10:02:50,30589.50,30590.50,30588.25,30590.50,62,30590.00,30590.25,0.25
2026-06-02 10:02:51,30590.25,30590.25,30586.75,30586.75,39,30585.25,30585.75,0.50
2026-06-02 10:02:52,30587.25,30588.00,30584.75,30584.75,58,30586.75,30587.25,0.50
2026-06-02 10:02:53,30585.75,30587.50,30585.25,30587.00,46,30582.50,30583.00,0.50
2026-06-02 10:02:54,30587.25,30588.75,30582.25,30582.50,116,30576.25,30576.75,0.50
2026-06-02 10:02:55,30582.75,30582.75,30575.00,30576.50,468,30576.25,30576.75,0.50
2026-06-02 10:02:56,30576.50,30578.50,30576.00,30576.00,179,30576.25,30576.75,0.50
2026-06-02 10:02:57,30576.50,30577.50,30575.00,30575.75,162,30574.00,30574.50,0.50
2026-06-02 10:02:58,30576.25,30576.75,30570.50,30574.00,317,30575.50,30576.00,0.50
2026-06-02 10:02:59,30574.50,30576.75,30574.25,30575.75,180,30578.25,30578.75,0.50
2026-06-02 10:03:00,30575.75,30578.75,30574.50,30578.25,129,30578.25,30578.75,0.50
2026-06-02 10:03:01,30578.50,30579.00,30576.00,30577.25,151,30578.00,30578.50,0.50
2026-06-02 10:03:02,30577.25,30578.75,30576.25,30577.75,107,30577.75,30578.25,0.50
2026-06-02 10:03:03,30579.00,30579.00,30577.00,30578.25,58,30580.75,30581.25,0.50
2026-06-02 10:03:04,30577.75,30581.25,30577.50,30581.25,81,30580.50,30581.00,0.50
2026-06-02 10:03:05,30581.25,30581.50,30578.25,30580.75,107,30579.50,30580.00,0.50
2026-06-02 10:03:06,30580.75,30581.50,30579.25,30580.00,104,30579.50,30580.00,0.50
2026-06-02 10:03:07,30580.00,30580.75,30579.25,30579.50,65,30579.75,30580.25,0.50
2026-06-02 10:03:08,30580.00,30581.00,30578.75,30579.75,65,30580.50,30581.00,0.50
2026-06-02 10:03:09,30580.25,30582.00,30578.75,30581.00,97,30578.25,30578.75,0.50
2026-06-02 10:03:10,30580.50,30581.00,30577.75,30578.00,80,30577.50,30578.00,0.50
2026-06-02 10:03:11,30578.50,30579.00,30577.25,30577.75,55,30578.00,30578.50,0.50
2026-06-02 10:03:12,30578.25,30579.00,30576.75,30578.00,89,30582.00,30582.50,0.50
2026-06-02 10:03:13,30577.50,30583.25,30577.50,30582.25,95,30580.50,30581.00,0.50
2026-06-02 10:03:14,30582.25,30582.50,30580.25,30581.25,97,30579.75,30580.25,0.50
2026-06-02 10:03:15,30581.00,30581.00,30579.75,30580.00,51,30579.75,30580.25,0.50
2026-06-02 10:03:16,30580.00,30580.75,30575.25,30575.25,117,30578.75,30579.25,0.50
2026-06-02 10:03:17,30575.75,30579.50,30574.75,30579.50,71,30576.25,30576.75,0.50
2026-06-02 10:03:18,30578.50,30578.75,30577.25,30577.25,33,30576.25,30576.75,0.50
2026-06-02 10:03:19,30576.75,30578.75,30576.50,30577.25,62,30576.75,30577.25,0.50
2026-06-02 10:03:20,30577.50,30577.75,30576.25,30577.50,41,30578.00,30578.50,0.50
2026-06-02 10:03:21,30577.00,30578.25,30576.25,30578.00,45,30578.00,30578.50,0.50
2026-06-02 10:03:22,30578.00,30579.25,30576.75,30578.00,43,30576.75,30577.25,0.50
2026-06-02 10:03:23,30578.75,30578.75,30577.50,30577.75,39,30574.00,30574.50,0.50
2026-06-02 10:03:24,30578.00,30578.25,30572.50,30573.50,124,30575.50,30576.00,0.50
2026-06-02 10:03:25,30574.00,30576.50,30573.25,30575.75,96,30574.25,30574.75,0.50
2026-06-02 10:03:26,30575.75,30575.75,30573.25,30574.50,95,30573.00,30573.50,0.50
2026-06-02 10:03:27,30574.50,30575.00,30572.50,30572.75,74,30573.00,30573.50,0.50
2026-06-02 10:03:28,30572.75,30574.50,30572.50,30574.00,54,30572.50,30572.75,0.25
2026-06-02 10:03:29,30574.00,30575.25,30572.25,30572.75,94,30574.00,30574.50,0.50
2026-06-02 10:03:30,30572.50,30574.75,30571.00,30573.75,129,30571.25,30571.75,0.50
2026-06-02 10:03:31,30574.00,30574.25,30570.00,30571.25,154,30571.50,30571.75,0.25
2026-06-02 10:03:32,30571.75,30573.50,30571.25,30571.75,89,30571.50,30572.00,0.50
2026-06-02 10:03:33,30571.50,30573.25,30571.25,30572.00,62,30571.75,30572.25,0.50
2026-06-02 10:03:34,30571.50,30573.25,30571.00,30573.00,84,30571.75,30572.25,0.50
2026-06-02 10:03:35,30573.00,30573.00,30571.75,30572.25,64,30574.00,30574.50,0.50
2026-06-02 10:03:36,30572.00,30574.50,30571.50,30573.75,53,30576.50,30577.00,0.50
2026-06-02 10:03:37,30574.00,30578.75,30574.00,30576.75,333,30579.25,30579.75,0.50
2026-06-02 10:03:38,30576.50,30579.75,30576.25,30579.25,144,30579.25,30579.75,0.50
2026-06-02 10:03:39,30579.50,30581.75,30579.25,30581.00,169,30583.50,30584.00,0.50
2026-06-02 10:03:40,30581.00,30584.25,30580.50,30583.75,210,30587.50,30588.00,0.50
2026-06-02 10:03:41,30584.25,30590.00,30584.25,30588.00,350,30587.00,30587.50,0.50
2026-06-02 10:03:42,30588.00,30588.00,30585.75,30587.50,118,30585.50,30586.00,0.50
2026-06-02 10:03:43,30587.50,30588.00,30585.25,30586.00,128,30585.00,30585.50,0.50
2026-06-02 10:03:44,30586.00,30586.50,30583.25,30585.75,143,30586.00,30586.50,0.50
2026-06-02 10:03:45,30585.00,30587.25,30584.50,30586.50,81,30586.75,30587.25,0.50
2026-06-02 10:03:46,30586.50,30587.00,30584.75,30587.00,56,30586.50,30587.00,0.50
2026-06-02 10:03:47,30587.00,30587.00,30585.50,30586.75,75,30585.50,30586.00,0.50
2026-06-02 10:03:48,30586.75,30587.00,30585.25,30586.00,36,30584.25,30584.75,0.50
2026-06-02 10:03:49,30586.00,30586.50,30584.50,30584.75,70,30586.00,30586.50,0.50
2026-06-02 10:03:50,30585.25,30586.50,30584.75,30586.50,40,30585.75,30586.25,0.50
2026-06-02 10:03:51,30586.75,30589.00,30586.50,30586.50,65,30585.75,30586.25,0.50
2026-06-02 10:03:52,30586.50,30586.75,30584.75,30585.75,129,30583.75,30584.25,0.50
2026-06-02 10:03:53,30585.25,30586.00,30583.75,30584.25,45,30586.00,30586.50,0.50
2026-06-02 10:03:54,30584.00,30586.50,30583.00,30586.50,60,30586.25,30586.75,0.50
2026-06-02 10:03:55,30586.25,30587.75,30586.00,30586.25,45,30587.00,30587.50,0.50
2026-06-02 10:03:56,30586.50,30587.75,30585.25,30587.75,33,30586.25,30586.75,0.50
2026-06-02 10:03:57,30587.25,30587.75,30585.75,30586.50,29,30586.75,30587.25,0.50
2026-06-02 10:03:58,30586.75,30587.75,30586.50,30587.25,46,30588.25,30588.75,0.50
2026-06-02 10:03:59,30586.75,30588.50,30586.00,30588.25,60,30586.75,30587.25,0.50
2026-06-02 10:04:00,30588.50,30588.50,30586.25,30587.25,63,30585.75,30586.50,0.75
2026-06-02 10:04:01,30587.25,30587.25,30584.75,30587.25,90,30586.50,30587.25,0.75
2026-06-02 10:04:02,30586.25,30586.75,30585.50,30586.50,25,30586.00,30586.50,0.50
2026-06-02 10:04:03,30586.50,30587.25,30584.75,30586.00,59,30582.25,30582.75,0.50
2026-06-02 10:04:04,30586.25,30586.75,30582.25,30582.50,112,30583.75,30584.25,0.50
2026-06-02 10:04:05,30582.25,30584.25,30581.25,30583.75,78,30586.00,30586.50,0.50
2026-06-02 10:04:06,30584.25,30586.00,30584.25,30586.00,50,30585.25,30586.00,0.75
2026-06-02 10:04:07,30586.50,30587.75,30585.25,30585.75,66,30586.75,30587.25,0.50
2026-06-02 10:04:08,30586.00,30587.00,30585.75,30586.75,39,30588.50,30589.00,0.50
2026-06-02 10:04:09,30586.75,30589.25,30586.75,30589.25,60,30591.75,30592.50,0.75
2026-06-02 10:04:10,30589.00,30596.75,30589.00,30592.25,510,30591.75,30592.50,0.75
2026-06-02 10:04:11,30592.25,30594.50,30590.50,30593.50,163,30597.25,30597.75,0.50
2026-06-02 10:04:12,30592.75,30600.00,30592.00,30597.25,346,30597.25,30597.75,0.50
2026-06-02 10:04:13,30597.50,30597.75,30593.50,30594.25,187,30592.75,30593.25,0.50
2026-06-02 10:04:14,30594.75,30596.50,30592.75,30593.00,146,30592.75,30593.25,0.50
2026-06-02 10:04:15,30592.75,30593.50,30590.75,30592.50,157,30592.75,30593.00,0.25
2026-06-02 10:04:16,30593.00,30594.75,30592.00,30594.00,81,30593.50,30594.00,0.50
2026-06-02 10:04:17,30594.50,30594.75,30593.00,30593.50,100,30596.00,30596.50,0.50
2026-06-02 10:04:18,30594.00,30596.50,30593.50,30596.00,102,30597.00,30597.50,0.50
2026-06-02 10:04:19,30596.50,30597.50,30594.25,30597.50,144,30599.00,30599.25,0.25
2026-06-02 10:04:20,30597.50,30598.75,30596.00,30598.75,115,30598.25,30598.50,0.25
2026-06-02 10:04:21,30599.00,30600.00,30598.50,30599.00,168,30598.25,30598.75,0.50
2026-06-02 10:04:22,30598.75,30599.50,30597.75,30598.75,145,30597.00,30597.50,0.50
2026-06-02 10:04:23,30598.75,30600.00,30597.00,30597.00,159,30598.75,30599.25,0.50
2026-06-02 10:04:24,30597.50,30598.75,30596.75,30598.75,123,30598.75,30599.25,0.50
2026-06-02 10:04:25,30599.00,30600.00,30596.25,30596.50,99,30596.75,30597.25,0.50
2026-06-02 10:04:26,30596.50,30597.00,30594.25,30596.25,123,30595.50,30596.00,0.50
2026-06-02 10:04:27,30597.00,30597.00,30594.25,30596.00,91,30595.00,30595.25,0.25
2026-06-02 10:04:28,30595.50,30595.75,30593.25,30595.50,127,30595.00,30595.25,0.25
2026-06-02 10:04:29,30595.25,30598.00,30593.50,30597.75,181,30595.50,30595.75,0.25
2026-06-02 10:04:30,30597.00,30597.00,30594.75,30595.50,75,30599.00,30599.25,0.25
2026-06-02 10:04:31,30595.75,30599.25,30595.75,30599.25,78,30602.00,30602.50,0.50
2026-06-02 10:04:32,30599.25,30602.75,30599.00,30602.50,233,30602.00,30602.50,0.50
2026-06-02 10:04:33,30602.50,30604.50,30600.50,30601.00,265,30603.00,30603.50,0.50
2026-06-02 10:04:34,30601.00,30604.00,30600.50,30603.75,123,30600.75,30601.25,0.50
2026-06-02 10:04:35,30603.50,30603.50,30598.50,30600.75,143,30601.75,30602.25,0.50
2026-06-02 10:04:36,30601.25,30602.25,30600.25,30602.25,68,30602.75,30603.25,0.50
2026-06-02 10:04:37,30602.25,30603.75,30601.50,30602.75,55,30601.00,30601.50,0.50
2026-06-02 10:04:38,30603.25,30603.75,30601.00,30601.00,106,30598.75,30599.25,0.50
2026-06-02 10:04:39,30600.75,30601.25,30598.25,30598.25,108,30598.75,30599.25,0.50
2026-06-02 10:04:40,30598.75,30601.00,30598.25,30600.25,104,30602.50,30603.00,0.50
2026-06-02 10:04:41,30600.50,30603.50,30600.00,30602.75,94,30602.00,30602.50,0.50
2026-06-02 10:04:42,30603.00,30603.25,30601.75,30602.75,76,30599.50,30600.00,0.50
2026-06-02 10:04:43,30602.25,30603.00,30599.25,30600.00,143,30600.50,30601.00,0.50
2026-06-02 10:04:44,30600.00,30601.50,30599.00,30601.00,100,30600.00,30600.25,0.25
2026-06-02 10:04:45,30601.00,30601.00,30600.00,30600.25,85,30601.25,30601.75,0.50
2026-06-02 10:04:46,30600.25,30601.75,30599.50,30601.50,106,30601.25,30601.75,0.50
2026-06-02 10:04:47,30601.75,30606.50,30601.75,30604.75,294,30603.75,30604.25,0.50
2026-06-02 10:04:48,30604.75,30606.00,30603.50,30604.00,171,30602.00,30602.50,0.50
2026-06-02 10:04:49,30604.25,30604.25,30601.50,30602.50,113,30601.25,30601.75,0.50
2026-06-02 10:04:50,30602.75,30603.00,30600.50,30601.50,83,30602.00,30602.50,0.50
2026-06-02 10:04:51,30601.75,30602.50,30601.00,30601.75,68,30602.00,30602.50,0.50
2026-06-02 10:04:52,30602.25,30603.50,30601.75,30603.50,55,30600.75,30601.25,0.50
2026-06-02 10:04:53,30603.00,30603.25,30600.50,30601.75,87,30601.50,30602.00,0.50
2026-06-02 10:04:54,30601.25,30602.25,30600.50,30601.75,66,30601.50,30602.00,0.50
2026-06-02 10:04:55,30602.00,30603.25,30601.50,30601.75,58,30602.00,30602.50,0.50
2026-06-02 10:04:56,30602.00,30602.25,30600.00,30602.25,48,30602.00,30602.50,0.50
2026-06-02 10:04:57,30602.50,30604.25,30602.50,30604.25,54,30603.75,30604.25,0.50
2026-06-02 10:04:58,30604.00,30604.75,30603.25,30604.00,61,30603.75,30604.25,0.50
2026-06-02 10:04:59,30604.25,30605.50,30603.00,30605.50,80,30604.75,30605.25,0.50
2026-06-02 10:05:00,30605.50,30605.75,30604.00,30605.00,77,30607.75,30608.25,0.50
2026-06-02 10:05:01,30605.25,30608.50,30605.00,30608.25,223,30608.00,30608.50,0.50
2026-06-02 10:05:02,30608.25,30609.75,30606.75,30608.00,307,30608.00,30608.50,0.50
2026-06-02 10:05:03,30608.25,30610.00,30606.50,30608.25,376,30603.00,30603.50,0.50
2026-06-02 10:05:04,30608.00,30608.25,30603.25,30603.50,231,30603.00,30603.50,0.50
2026-06-02 10:05:05,30603.00,30603.25,30601.50,30603.00,223,30603.00,30603.50,0.50
2026-06-02 10:05:06,30603.00,30604.25,30602.50,30603.25,106,30602.75,30603.25,0.50
2026-06-02 10:05:07,30603.00,30604.00,30602.75,30603.00,77,30598.25,30598.75,0.50
2026-06-02 10:05:08,30603.50,30603.75,30598.25,30598.25,311,30598.25,30598.75,0.50
2026-06-02 10:05:09,30598.50,30600.00,30597.00,30599.75,209,30600.50,30600.75,0.25
2026-06-02 10:05:10,30599.50,30601.25,30598.75,30601.00,101,30600.50,30601.00,0.50
2026-06-02 10:05:11,30600.75,30601.75,30599.50,30600.75,85,30599.50,30599.75,0.25
2026-06-02 10:05:12,30600.25,30600.50,30598.25,30599.25,71,30599.25,30599.50,0.25
2026-06-02 10:05:13,30599.25,30600.50,30599.00,30599.25,53,30599.25,30599.50,0.25
2026-06-02 10:05:14,30599.50,30600.25,30597.50,30598.25,83,30599.00,30599.25,0.25
2026-06-02 10:05:15,30598.50,30599.00,30597.75,30598.75,71,30599.00,30599.25,0.25
2026-06-02 10:05:16,30599.00,30599.75,30598.00,30599.00,69,30598.00,30598.25,0.25
2026-06-02 10:05:17,30599.50,30599.50,30597.00,30597.75,70,30598.50,30599.00,0.50
2026-06-02 10:05:18,30598.25,30599.25,30597.75,30598.75,51,30598.25,30598.50,0.25
2026-06-02 10:05:19,30598.50,30599.00,30595.75,30598.75,138,30597.00,30597.50,0.50
2026-06-02 10:05:20,30598.75,30598.75,30596.25,30597.00,101,30597.50,30598.00,0.50
2026-06-02 10:05:21,30597.00,30597.75,30596.50,30597.25,56,30596.50,30596.75,0.25
2026-06-02 10:05:22,30597.25,30598.25,30596.00,30596.50,74,30595.50,30595.75,0.25
2026-06-02 10:05:23,30596.25,30596.75,30593.50,30596.00,163,30599.25,30599.75,0.50
2026-06-02 10:05:24,30595.50,30600.25,30595.50,30599.75,192,30601.00,30601.25,0.25
2026-06-02 10:05:25,30599.25,30602.25,30599.25,30601.25,104,30599.75,30600.00,0.25
2026-06-02 10:05:26,30601.25,30601.25,30599.00,30600.00,64,30601.00,30601.25,0.25
2026-06-02 10:05:27,30599.75,30601.25,30599.25,30601.00,66,30600.75,30601.25,0.50
2026-06-02 10:05:28,30601.00,30601.25,30600.25,30601.25,36,30600.50,30601.00,0.50
2026-06-02 10:05:29,30601.00,30602.00,30600.50,30600.75,93,30601.25,30601.75,0.50
2026-06-02 10:05:30,30600.50,30601.75,30598.50,30601.50,116,30601.25,30601.75,0.50
2026-06-02 10:05:31,30601.50,30601.75,30599.50,30600.25,68,30598.25,30598.50,0.25
2026-06-02 10:05:32,30600.25,30600.75,30598.25,30598.25,90,30598.25,30598.75,0.50
2026-06-02 10:05:33,30598.50,30599.25,30597.25,30598.50,87,30597.25,30597.50,0.25
2026-06-02 10:05:34,30598.50,30598.75,30596.50,30597.25,110,30597.50,30598.00,0.50
2026-06-02 10:05:35,30597.25,30598.25,30597.00,30598.00,49,30598.75,30599.25,0.50
2026-06-02 10:05:36,30597.75,30599.50,30597.25,30599.25,69,30603.25,30603.75,0.50
2026-06-02 10:05:37,30598.75,30604.00,30597.75,30603.50,180,30603.25,30603.75,0.50
2026-06-02 10:05:38,30603.25,30604.25,30603.00,30603.75,68,30602.25,30602.75,0.50
2026-06-02 10:05:39,30603.25,30603.75,30602.50,30603.00,50,30603.50,30604.00,0.50
2026-06-02 10:05:40,30602.75,30604.25,30602.25,30604.00,51,30601.75,30602.25,0.50
2026-06-02 10:05:41,30603.75,30603.75,30600.50,30602.50,111,30601.75,30602.25,0.50
2026-06-02 10:05:42,30601.75,30603.00,30601.75,30601.75,35,30599.50,30600.00,0.50
2026-06-02 10:05:43,30601.75,30601.75,30598.75,30600.00,103,30600.50,30601.00,0.50
2026-06-02 10:05:44,30599.50,30601.00,30599.50,30600.75,44,30599.25,30599.50,0.25
2026-06-02 10:05:45,30600.50,30600.75,30599.25,30599.25,30,30598.00,30598.50,0.50
2026-06-02 10:05:46,30599.00,30599.75,30597.75,30598.50,68,30600.25,30600.75,0.50
2026-06-02 10:05:47,30598.00,30600.75,30597.75,30600.50,46,30601.50,30601.75,0.25
2026-06-02 10:05:48,30600.75,30602.00,30600.75,30601.75,20,30600.75,30601.25,0.50
2026-06-02 10:05:49,30602.00,30602.00,30600.50,30600.75,49,30602.00,30602.25,0.25
2026-06-02 10:05:50,30601.25,30603.00,30601.25,30602.50,81,30604.25,30604.75,0.50
2026-06-02 10:05:51,30602.25,30604.75,30601.75,30604.50,136,30604.25,30604.50,0.25
2026-06-02 10:05:52,30604.75,30605.00,30603.25,30604.00,73,30603.50,30604.00,0.50
2026-06-02 10:05:53,30604.25,30605.00,30603.00,30603.50,59,30603.50,30604.00,0.50
2026-06-02 10:05:54,30603.75,30603.75,30601.75,30603.50,46,30605.00,30605.25,0.25
2026-06-02 10:05:55,30603.50,30606.25,30603.50,30604.75,77,30605.50,30606.00,0.50
2026-06-02 10:05:56,30605.50,30606.25,30605.00,30605.50,97,30606.50,30607.00,0.50
2026-06-02 10:05:57,30605.50,30607.50,30605.50,30607.00,96,30605.25,30605.75,0.50
2026-06-02 10:05:58,30606.50,30607.00,30604.75,30605.75,88,30604.75,30605.25,0.50
2026-06-02 10:05:59,30605.50,30605.50,30604.00,30605.25,75,30603.00,30603.50,0.50
2026-06-02 10:06:00,30605.00,30605.50,30603.25,30603.25,41,30599.50,30600.00,0.50
2026-06-02 10:06:01,30602.75,30603.00,30599.75,30599.75,152,30601.75,30602.25,0.50
2026-06-02 10:06:02,30599.50,30602.75,30598.25,30601.75,117,30601.75,30602.25,0.50
2026-06-02 10:06:03,30602.00,30602.25,30600.50,30601.75,87,30601.00,30601.50,0.50
2026-06-02 10:06:04,30602.50,30604.00,30601.00,30601.50,162,30602.25,30602.50,0.25
2026-06-02 10:06:05,30602.00,30602.50,30599.00,30601.75,104,30602.25,30602.50,0.25
2026-06-02 10:06:06,30602.50,30602.75,30600.00,30602.25,70,30603.00,30603.50,0.50
2026-06-02 10:06:07,30602.50,30605.25,30602.50,30603.00,84,30605.00,30605.25,0.25
2026-06-02 10:06:08,30603.25,30605.00,30602.25,30604.75,86,30605.25,30605.75,0.50
2026-06-02 10:06:09,30605.00,30606.00,30604.50,30606.00,43,30605.25,30605.75,0.50
2026-06-02 10:06:10,30605.25,30607.00,30605.25,30606.25,89,30606.50,30607.00,0.50
2026-06-02 10:06:11,30605.75,30606.00,30604.25,30605.75,77,30607.50,30607.75,0.25
2026-06-02 10:06:12,30607.00,30608.00,30606.25,30607.25,124,30610.00,30610.50,0.50
2026-06-02 10:06:13,30607.75,30610.50,30607.50,30610.00,268,30610.00,30610.50,0.50
2026-06-02 10:06:14,30609.75,30619.25,30609.75,30612.75,1264,30614.25,30614.75,0.50
2026-06-02 10:06:15,30612.75,30616.00,30611.75,30614.25,402,30613.50,30614.00,0.50
2026-06-02 10:06:16,30614.25,30616.00,30613.25,30614.00,238,30612.50,30613.00,0.50
2026-06-02 10:06:17,30613.75,30614.00,30611.75,30612.50,272,30612.50,30613.00,0.50
2026-06-02 10:06:18,30613.00,30616.25,30612.50,30616.25,193,30618.00,30618.50,0.50
2026-06-02 10:06:19,30615.75,30619.50,30615.75,30618.50,193,30618.00,30618.50,0.50
2026-06-02 10:06:20,30618.50,30618.75,30616.50,30617.50,262,30616.50,30617.00,0.50
2026-06-02 10:06:21,30617.50,30618.25,30615.75,30617.25,230,30615.25,30615.50,0.25
2026-06-02 10:06:22,30617.00,30617.75,30615.25,30615.50,141,30615.50,30616.00,0.50
2026-06-02 10:06:23,30615.50,30617.25,30615.00,30615.50,173,30615.00,30615.50,0.50
2026-06-02 10:06:24,30616.00,30616.50,30614.75,30615.50,109,30614.75,30615.00,0.25
2026-06-02 10:06:25,30615.25,30615.50,30613.50,30614.75,142,30614.75,30615.00,0.25
2026-06-02 10:06:26,30615.00,30615.50,30612.75,30614.50,116,30615.75,30616.00,0.25
2026-06-02 10:06:27,30614.25,30616.50,30614.25,30615.25,110,30615.75,30616.25,0.50
2026-06-02 10:06:28,30615.75,30618.75,30615.50,30616.00,130,30616.50,30616.75,0.25
2026-06-02 10:06:29,30616.25,30617.25,30615.75,30616.25,89,30617.25,30617.50,0.25
2026-06-02 10:06:30,30617.00,30618.25,30616.75,30617.50,101,30617.50,30618.00,0.50
2026-06-02 10:06:31,30617.50,30618.50,30617.25,30617.50,87,30617.50,30618.00,0.50
2026-06-02 10:06:32,30617.75,30619.50,30617.50,30618.75,192,30620.00,30620.50,0.50
2026-06-02 10:06:33,30619.25,30621.25,30619.00,30620.50,381,30620.00,30620.50,0.50
2026-06-02 10:06:34,30620.50,30621.75,30619.50,30621.50,162,30621.25,30621.75,0.50
2026-06-02 10:06:35,30621.25,30621.50,30618.75,30619.50,205,30620.25,30620.75,0.50
2026-06-02 10:06:36,30620.00,30621.50,30619.50,30620.50,156,30618.25,30618.50,0.25
2026-06-02 10:06:37,30619.75,30620.00,30617.75,30618.25,212,30619.25,30619.50,0.25
2026-06-02 10:06:38,30618.50,30620.00,30618.00,30619.25,102,30619.25,30619.50,0.25
2026-06-02 10:06:39,30619.00,30621.25,30618.00,30619.25,113,30618.00,30618.50,0.50
2026-06-02 10:06:40,30619.25,30620.50,30618.00,30618.25,75,30618.75,30619.25,0.50
2026-06-02 10:06:41,30618.25,30619.25,30618.00,30619.00,98,30616.25,30616.75,0.50
2026-06-02 10:06:42,30618.25,30619.00,30616.25,30616.25,98,30616.25,30616.75,0.50
2026-06-02 10:06:43,30616.75,30617.25,30614.00,30614.00,177,30613.50,30614.00,0.50
2026-06-02 10:06:44,30613.75,30615.75,30613.50,30615.25,120,30615.00,30615.50,0.50
2026-06-02 10:06:45,30615.25,30616.00,30613.75,30615.50,83,30617.50,30618.00,0.50
2026-06-02 10:06:46,30615.50,30618.00,30614.75,30617.50,59,30617.50,30618.00,0.50
2026-06-02 10:06:47,30617.75,30619.00,30617.50,30618.00,60,30615.50,30616.00,0.50
2026-06-02 10:06:48,30617.75,30617.75,30615.25,30615.25,113,30616.75,30617.25,0.50
2026-06-02 10:06:49,30615.50,30617.75,30615.25,30616.50,60,30616.00,30616.50,0.50
2026-06-02 10:06:50,30616.25,30616.25,30615.00,30615.50,42,30617.75,30618.25,0.50
2026-06-02 10:06:51,30616.75,30618.25,30616.50,30618.00,89,30616.50,30617.00,0.50
2026-06-02 10:06:52,30618.25,30618.25,30616.50,30616.50,42,30616.50,30617.00,0.50
2026-06-02 10:06:53,30616.25,30616.50,30615.00,30616.50,45,30617.25,30617.75,0.50
2026-06-02 10:06:54,30616.50,30618.00,30615.75,30617.25,56,30617.75,30618.00,0.25
2026-06-02 10:06:55,30617.00,30618.00,30616.50,30618.00,42,30617.25,30617.75,0.50
2026-06-02 10:06:56,30617.75,30618.25,30617.00,30617.75,63,30615.50,30615.75,0.25
2026-06-02 10:06:57,30617.75,30618.00,30615.75,30615.75,68,30617.00,30617.50,0.50
2026-06-02 10:06:58,30615.75,30617.00,30614.50,30617.00,80,30617.50,30618.00,0.50
2026-06-02 10:06:59,30617.50,30618.00,30616.75,30617.50,38,30617.00,30617.50,0.50
2026-06-02 10:07:00,30618.25,30618.25,30616.50,30617.50,67,30619.00,30619.50,0.50
2026-06-02 10:07:01,30617.50,30619.50,30617.50,30619.50,113,30621.00,30621.50,0.50
2026-06-02 10:07:02,30619.00,30621.75,30619.00,30621.25,167,30622.00,30622.25,0.25
2026-06-02 10:07:03,30621.50,30622.50,30621.25,30622.25,191,30621.50,30622.00,0.50
2026-06-02 10:07:04,30622.25,30624.25,30621.50,30621.50,341,30622.50,30623.00,0.50
2026-06-02 10:07:05,30621.25,30623.00,30620.50,30623.00,175,30622.50,30623.00,0.50
2026-06-02 10:07:06,30622.50,30622.50,30618.75,30619.25,171,30619.00,30619.50,0.50
2026-06-02 10:07:07,30619.50,30619.50,30616.00,30617.75,231,30615.25,30615.75,0.50
2026-06-02 10:07:08,30618.00,30618.25,30615.00,30615.50,162,30616.50,30617.00,0.50
2026-06-02 10:07:09,30615.00,30618.25,30615.00,30617.00,92,30616.50,30617.00,0.50
2026-06-02 10:07:10,30616.75,30618.25,30616.25,30617.00,54,30613.25,30613.50,0.25
2026-06-02 10:07:11,30617.25,30617.50,30613.00,30613.50,184,30615.00,30615.50,0.50
2026-06-02 10:07:12,30613.75,30615.50,30613.50,30615.25,109,30616.50,30617.00,0.50
2026-06-02 10:07:13,30615.00,30617.50,30614.75,30617.00,95,30616.50,30617.00,0.50
2026-06-02 10:07:14,30616.75,30617.50,30616.25,30616.50,45,30615.75,30616.00,0.25
2026-06-02 10:07:15,30616.75,30617.00,30614.75,30616.00,67,30614.50,30615.00,0.50
2026-06-02 10:07:16,30616.00,30616.25,30613.50,30615.00,70,30613.25,30613.50,0.25
2026-06-02 10:07:17,30614.50,30615.25,30612.00,30613.75,138,30612.25,30612.75,0.50
2026-06-02 10:07:18,30613.50,30613.50,30611.25,30612.50,150,30612.25,30612.75,0.50
2026-06-02 10:07:19,30612.50,30613.50,30612.00,30612.50,92,30612.50,30612.75,0.25
2026-06-02 10:07:20,30612.50,30613.75,30611.75,30613.75,62,30614.75,30615.00,0.25
2026-06-02 10:07:21,30613.75,30615.00,30613.75,30614.75,118,30614.25,30614.50,0.25
2026-06-02 10:07:22,30614.75,30615.50,30613.25,30614.25,154,30613.50,30613.75,0.25
2026-06-02 10:07:23,30614.50,30614.75,30612.50,30613.75,46,30614.75,30615.00,0.25
2026-06-02 10:07:24,30613.75,30616.50,30613.75,30614.75,110,30611.50,30612.00,0.50
2026-06-02 10:07:25,30614.75,30615.25,30610.50,30612.00,170,30608.75,30609.25,0.50
2026-06-02 10:07:26,30611.50,30612.00,30608.00,30609.25,239,30607.50,30608.00,0.50
2026-06-02 10:07:27,30609.00,30609.25,30607.00,30607.50,168,30607.50,30608.00,0.50
2026-06-02 10:07:28,30607.75,30608.75,30607.00,30608.50,100,30608.00,30608.50,0.50
2026-06-02 10:07:29,30608.25,30609.00,30607.75,30608.25,73,30609.00,30609.25,0.25
2026-06-02 10:07:30,30608.50,30610.25,30608.50,30609.00,69,30608.25,30608.75,0.50
2026-06-02 10:07:31,30609.00,30610.25,30608.25,30608.75,74,30608.50,30608.75,0.25
2026-06-02 10:07:32,30608.75,30610.00,30608.25,30608.50,48,30606.75,30607.25,0.50
2026-06-02 10:07:33,30608.75,30608.75,30605.75,30607.00,118,30606.25,30606.50,0.25
2026-06-02 10:07:34,30606.75,30607.75,30606.50,30606.50,66,30608.75,30609.25,0.50
2026-06-02 10:07:35,30606.00,30609.25,30605.75,30609.25,113,30608.25,30608.75,0.50
2026-06-02 10:07:36,30608.75,30609.50,30608.25,30608.25,48,30608.00,30608.50,0.50
2026-06-02 10:07:37,30608.25,30609.50,30607.50,30608.25,60,30608.00,30608.50,0.50
2026-06-02 10:07:38,30608.50,30608.75,30607.00,30607.25,28,30606.00,30606.25,0.25
2026-06-02 10:07:39,30606.75,30607.50,30606.00,30606.00,64,30606.00,30606.50,0.50
2026-06-02 10:07:40,30606.00,30606.75,30605.25,30606.50,108,30610.00,30610.50,0.50
2026-06-02 10:07:41,30606.75,30610.50,30606.75,30610.25,116,30610.50,30611.00,0.50
2026-06-02 10:07:42,30610.00,30611.75,30609.75,30611.00,143,30611.50,30612.00,0.50
2026-06-02 10:07:43,30610.75,30612.25,30609.75,30612.00,73,30611.50,30612.00,0.50
2026-06-02 10:07:44,30611.75,30613.75,30611.75,30613.50,85,30611.25,30611.75,0.50
2026-06-02 10:07:45,30613.75,30614.00,30611.00,30611.75,69,30611.25,30611.75,0.50
2026-06-02 10:07:46,30611.75,30613.25,30611.75,30613.00,42,30612.00,30612.50,0.50
2026-06-02 10:07:47,30612.50,30613.25,30612.00,30612.50,65,30612.00,30612.50,0.50
2026-06-02 10:07:48,30612.25,30613.25,30612.00,30612.00,29,30609.75,30610.25,0.50
2026-06-02 10:07:49,30611.50,30612.00,30609.75,30609.75,51,30611.25,30611.50,0.25
2026-06-02 10:07:50,30610.25,30612.25,30609.75,30612.25,67,30611.25,30611.50,0.25
2026-06-02 10:07:51,30611.75,30612.00,30610.00,30610.50,37,30610.00,30610.50,0.50
2026-06-02 10:07:52,30610.25,30611.50,30610.00,30610.00,29,30609.75,30610.25,0.50
2026-06-02 10:07:53,30610.50,30611.50,30609.75,30610.00,78,30610.00,30610.25,0.25
2026-06-02 10:07:54,30609.75,30611.00,30609.75,30610.25,34,30608.50,30609.00,0.50
2026-06-02 10:07:55,30610.25,30611.00,30608.25,30608.75,80,30608.25,30608.75,0.50
2026-06-02 10:07:56,30609.25,30610.25,30609.00,30609.75,40,30608.25,30608.75,0.50
2026-06-02 10:07:57,30609.50,30609.50,30607.50,30608.50,53,30608.00,30608.50,0.50
2026-06-02 10:07:58,30608.50,30609.25,30606.50,30608.75,97,30607.75,30608.25,0.50
2026-06-02 10:07:59,30608.00,30608.75,30607.75,30607.75,43,30604.25,30604.50,0.25
2026-06-02 10:08:00,30607.75,30608.25,30603.00,30604.25,260,30605.25,30605.50,0.25
2026-06-02 10:08:01,30604.25,30606.50,30603.00,30605.50,197,30607.25,30607.75,0.50
2026-06-02 10:08:02,30605.75,30608.00,30605.25,30607.50,146,30607.25,30607.75,0.50
2026-06-02 10:08:03,30607.25,30607.50,30605.00,30607.25,83,30608.25,30608.50,0.25
2026-06-02 10:08:04,30607.75,30609.25,30606.00,30608.50,120,30608.00,30608.25,0.25
2026-06-02 10:08:05,30607.75,30609.25,30606.25,30608.00,126,30607.25,30607.75,0.50
2026-06-02 10:08:06,30608.25,30608.25,30606.50,30607.50,83,30606.50,30607.00,0.50
2026-06-02 10:08:07,30608.00,30608.25,30605.75,30606.50,69,30607.00,30607.25,0.25
2026-06-02 10:08:08,30606.50,30607.25,30605.00,30607.00,91,30607.00,30607.25,0.25
2026-06-02 10:08:09,30607.00,30608.75,30606.75,30606.75,79,30609.00,30609.25,0.25
2026-06-02 10:08:10,30606.75,30609.25,30606.75,30609.00,51,30610.00,30610.50,0.50
2026-06-02 10:08:11,30609.00,30610.50,30609.00,30610.00,55,30610.00,30610.50,0.50
2026-06-02 10:08:12,30610.25,30610.50,30607.75,30608.75,69,30609.25,30609.50,0.25
2026-06-02 10:08:13,30608.75,30609.50,30607.00,30609.25,42,30610.25,30610.75,0.50
2026-06-02 10:08:14,30609.25,30610.50,30609.25,30610.50,26,30611.50,30612.00,0.50
2026-06-02 10:08:15,30610.75,30612.50,30610.75,30611.50,77,30612.00,30612.50,0.50
2026-06-02 10:08:16,30612.00,30613.00,30611.00,30612.50,75,30612.50,30612.75,0.25
2026-06-02 10:08:17,30612.25,30613.50,30611.50,30612.75,130,30612.00,30612.25,0.25
2026-06-02 10:08:18,30612.50,30613.50,30611.75,30612.00,74,30611.75,30612.25,0.50
2026-06-02 10:08:19,30611.50,30613.25,30611.50,30612.50,65,30610.75,30611.00,0.25
2026-06-02 10:08:20,30611.75,30612.00,30609.25,30611.00,90,30610.75,30611.00,0.25
2026-06-02 10:08:21,30611.00,30614.25,30611.00,30614.25,85,30613.75,30614.00,0.25
2026-06-02 10:08:22,30614.00,30615.25,30612.25,30613.00,95,30611.00,30611.25,0.25
2026-06-02 10:08:23,30612.50,30613.25,30611.25,30611.50,42,30609.00,30609.50,0.50
2026-06-02 10:08:24,30610.75,30611.75,30608.50,30609.00,79,30610.00,30610.25,0.25
2026-06-02 10:08:25,30609.25,30610.75,30608.00,30610.75,88,30614.50,30615.00,0.50
2026-06-02 10:08:26,30610.50,30615.00,30610.50,30614.75,73,30614.50,30615.00,0.50
2026-06-02 10:08:27,30615.00,30615.25,30613.25,30614.75,49,30616.75,30617.00,0.25
2026-06-02 10:08:28,30615.25,30617.25,30614.50,30617.25,138,30616.50,30617.00,0.50
2026-06-02 10:08:29,30616.75,30617.50,30616.00,30616.75,96,30616.50,30617.00,0.50
2026-06-02 10:08:30,30616.75,30617.00,30615.50,30616.25,98,30614.75,30615.00,0.25
2026-06-02 10:08:31,30616.25,30616.25,30614.50,30614.75,105,30616.25,30616.75,0.50
2026-06-02 10:08:32,30615.00,30616.75,30615.00,30616.75,61,30617.25,30617.75,0.50
2026-06-02 10:08:33,30616.75,30618.00,30615.75,30618.00,44,30617.25,30617.75,0.50
2026-06-02 10:08:34,30617.50,30617.50,30616.00,30616.75,56,30618.75,30619.25,0.50
2026-06-02 10:08:35,30617.50,30619.25,30616.75,30619.00,72,30617.50,30618.00,0.50
2026-06-02 10:08:36,30618.75,30619.50,30617.50,30618.00,59,30617.50,30618.00,0.50
2026-06-02 10:08:37,30617.75,30618.25,30617.00,30617.25,69,30617.50,30618.00,0.50
2026-06-02 10:08:38,30617.75,30619.00,30617.25,30618.50,61,30617.75,30618.25,0.50
2026-06-02 10:08:39,30618.50,30619.00,30617.75,30618.25,47,30618.75,30619.25,0.50
2026-06-02 10:08:40,30617.75,30619.50,30617.75,30619.25,96,30619.00,30619.50,0.50
2026-06-02 10:08:41,30619.25,30620.50,30618.75,30619.75,122,30617.25,30617.50,0.25
2026-06-02 10:08:42,30619.50,30620.25,30617.25,30617.50,84,30618.00,30618.50,0.50
2026-06-02 10:08:43,30617.50,30618.75,30617.50,30618.00,67,30619.50,30620.00,0.50
2026-06-02 10:08:44,30618.25,30620.25,30618.25,30619.75,43,30620.50,30621.00,0.50
2026-06-02 10:08:45,30619.50,30621.00,30619.25,30620.50,70,30619.50,30619.75,0.25
2026-06-02 10:08:46,30620.75,30621.00,30618.75,30620.00,78,30620.50,30621.00,0.50
2026-06-02 10:08:47,30619.50,30620.75,30619.50,30620.50,39,30619.50,30620.00,0.50
2026-06-02 10:08:48,30621.00,30621.50,30619.25,30620.00,91,30619.50,30620.00,0.50
2026-06-02 10:08:49,30620.00,30620.75,30619.75,30619.75,52,30620.00,30620.25,0.25
2026-06-02 10:08:50,30620.00,30620.75,30620.00,30620.25,38,30615.75,30616.25,0.50
2026-06-02 10:08:51,30620.25,30621.00,30616.00,30616.00,202,30614.25,30614.75,0.50
2026-06-02 10:08:52,30616.25,30616.50,30613.75,30614.25,122,30614.25,30614.75,0.50
2026-06-02 10:08:53,30614.75,30615.25,30613.75,30614.75,125,30613.25,30613.75,0.50
2026-06-02 10:08:54,30614.50,30615.25,30613.25,30613.50,103,30612.75,30613.25,0.50
2026-06-02 10:08:55,30613.25,30614.00,30611.75,30613.00,93,30611.75,30612.00,0.25
2026-06-02 10:08:56,30612.75,30612.75,30611.75,30612.25,34,30611.75,30612.00,0.25
2026-06-02 10:08:57,30611.50,30612.50,30611.50,30611.50,59,30612.00,30612.50,0.50
2026-06-02 10:08:58,30611.75,30612.50,30610.75,30612.25,81,30612.00,30612.50,0.50
2026-06-02 10:08:59,30612.50,30614.00,30612.00,30613.50,37,30612.50,30613.00,0.50
2026-06-02 10:09:00,30613.50,30613.75,30612.50,30612.75,47,30610.75,30611.25,0.50
2026-06-02 10:09:01,30613.25,30613.50,30609.75,30611.00,168,30611.25,30611.50,0.25
2026-06-02 10:09:02,30610.50,30611.50,30609.75,30610.50,79,30610.75,30611.25,0.50
2026-06-02 10:09:03,30611.25,30611.25,30609.25,30611.00,79,30610.75,30611.25,0.50
2026-06-02 10:09:04,30611.00,30611.50,30608.50,30610.50,79,30609.50,30609.75,0.25
2026-06-02 10:09:05,30610.25,30611.00,30608.00,30609.50,46,30609.50,30609.75,0.25
2026-06-02 10:09:06,30609.75,30610.75,30608.75,30610.00,77,30610.75,30611.25,0.50
2026-06-02 10:09:07,30609.50,30612.00,30609.50,30611.00,72,30609.75,30610.00,0.25
2026-06-02 10:09:08,30611.25,30611.25,30609.75,30609.75,43,30609.25,30609.75,0.50
2026-06-02 10:09:09,30610.00,30610.25,30608.00,30609.00,96,30609.50,30610.00,0.50
2026-06-02 10:09:10,30609.25,30609.75,30608.75,30609.75,54,30609.50,30610.00,0.50
2026-06-02 10:09:11,30609.50,30611.25,30609.25,30609.75,82,30611.75,30612.25,0.50
2026-06-02 10:09:12,30610.00,30612.00,30608.75,30612.00,76,30611.75,30612.25,0.50
2026-06-02 10:09:13,30612.25,30612.75,30610.75,30612.25,54,30611.75,30612.25,0.50
2026-06-02 10:09:14,30612.25,30612.75,30611.50,30611.50,53,30614.00,30614.25,0.25
2026-06-02 10:09:15,30612.25,30614.50,30612.25,30614.25,46,30613.50,30613.75,0.25
2026-06-02 10:09:16,30613.75,30614.50,30613.25,30613.75,67,30613.25,30613.50,0.25
2026-06-02 10:09:17,30613.75,30613.75,30612.25,30613.25,23,30613.00,30613.50,0.50
2026-06-02 10:09:18,30613.25,30613.75,30612.50,30613.25,41,30612.50,30613.00,0.50
2026-06-02 10:09:19,30613.25,30613.50,30612.25,30612.75,21,30614.00,30614.25,0.25
2026-06-02 10:09:20,30612.25,30614.00,30612.25,30614.00,44,30614.75,30615.25,0.50
2026-06-02 10:09:21,30614.25,30615.25,30614.25,30615.00,51,30614.50,30615.00,0.50
2026-06-02 10:09:22,30615.25,30616.75,30614.75,30615.00,77,30613.50,30614.00,0.50
2026-06-02 10:09:23,30614.25,30614.75,30613.25,30614.00,44,30614.00,30614.50,0.50
2026-06-02 10:09:24,30613.50,30614.25,30613.25,30614.25,17,30613.75,30614.25,0.50
2026-06-02 10:09:25,30614.50,30615.25,30613.50,30614.00,91,30615.00,30615.50,0.50
2026-06-02 10:09:26,30614.00,30616.25,30614.00,30615.00,81,30615.00,30615.50,0.50
2026-06-02 10:09:27,30615.50,30618.00,30615.25,30617.00,92,30617.25,30617.75,0.50
2026-06-02 10:09:28,30617.75,30618.25,30616.75,30617.75,100,30618.25,30618.50,0.25
2026-06-02 10:09:29,30617.50,30618.50,30616.75,30618.25,45,30618.75,30619.00,0.25
2026-06-02 10:09:30,30618.25,30619.50,30618.25,30618.50,86,30617.50,30618.00,0.50
2026-06-02 10:09:31,30618.75,30618.75,30617.00,30618.00,104,30619.25,30619.50,0.25
2026-06-02 10:09:32,30618.00,30619.25,30618.00,30619.25,58,30619.25,30619.50,0.25
2026-06-02 10:09:33,30619.25,30619.75,30619.00,30619.50,81,30618.25,30618.75,0.50
2026-06-02 10:09:34,30619.25,30619.50,30618.25,30618.50,75,30617.50,30617.75,0.25
2026-06-02 10:09:35,30618.50,30619.50,30617.25,30617.50,175,30616.50,30616.75,0.25
2026-06-02 10:09:36,30617.00,30617.00,30615.75,30616.25,66,30616.75,30617.25,0.50
2026-06-02 10:09:37,30616.50,30617.25,30615.75,30616.75,70,30616.75,30617.25,0.50
2026-06-02 10:09:38,30616.75,30617.75,30616.25,30616.75,29,30617.00,30617.25,0.25
2026-06-02 10:09:39,30617.75,30617.75,30616.50,30617.50,56,30617.00,30617.25,0.25
2026-06-02 10:09:40,30616.75,30617.25,30616.50,30617.00,27,30616.50,30616.75,0.25
2026-06-02 10:09:41,30617.00,30617.25,30615.75,30616.50,33,30615.50,30616.00,0.50
2026-06-02 10:09:42,30616.50,30616.75,30615.75,30616.00,36,30615.25,30615.50,0.25
2026-06-02 10:09:43,30615.50,30616.25,30615.50,30615.50,26,30615.25,30615.50,0.25
2026-06-02 10:09:44,30615.25,30615.75,30614.75,30615.25,78,30616.00,30616.50,0.50
2026-06-02 10:09:45,30615.50,30616.50,30615.50,30616.00,19,30616.75,30617.00,0.25
2026-06-02 10:09:46,30616.50,30617.00,30615.75,30617.00,25,30617.00,30617.50,0.50
2026-06-02 10:09:47,30616.75,30617.25,30616.50,30617.25,34,30616.50,30616.75,0.25
2026-06-02 10:09:48,30617.25,30617.75,30616.50,30617.00,31,30616.75,30617.25,0.50
2026-06-02 10:09:49,30617.00,30617.75,30616.75,30616.75,29,30616.25,30616.75,0.50
2026-06-02 10:09:50,30616.75,30617.00,30615.50,30616.50,67,30616.50,30616.75,0.25
2026-06-02 10:09:51,30616.75,30617.50,30615.75,30617.00,25,30614.75,30615.25,0.50
2026-06-02 10:09:52,30616.75,30616.75,30615.00,30615.00,39,30614.50,30615.00,0.50
2026-06-02 10:09:53,30615.25,30615.50,30614.00,30614.75,41,30614.00,30614.25,0.25
2026-06-02 10:09:54,30614.75,30615.75,30613.50,30614.50,135,30614.50,30614.75,0.25
2026-06-02 10:09:55,30614.25,30614.75,30614.00,30614.50,15,30614.25,30614.75,0.50
2026-06-02 10:09:56,30614.25,30614.50,30614.00,30614.50,19,30614.50,30614.75,0.25
2026-06-02 10:09:57,30614.75,30614.75,30614.00,30614.50,27,30614.50,30615.00,0.50
2026-06-02 10:09:58,30615.25,30616.00,30614.50,30615.00,23,30613.75,30614.25,0.50
2026-06-02 10:09:59,30615.25,30615.50,30613.50,30614.25,30,30611.50,30611.75,0.25
2026-06-02 10:10:00,30614.00,30614.00,30611.50,30612.00,96,30611.50,30611.75,0.25
2026-06-02 10:10:01,30611.75,30614.75,30611.75,30614.00,172,30614.50,30614.75,0.25
2026-06-02 10:10:02,30614.25,30616.00,30614.00,30615.25,119,30614.50,30614.75,0.25
2026-06-02 10:10:03,30614.75,30616.75,30614.50,30616.25,128,30618.75,30619.00,0.25
2026-06-02 10:10:04,30616.00,30618.75,30616.00,30618.75,57,30618.25,30618.50,0.25
2026-06-02 10:10:05,30618.75,30619.50,30618.00,30618.50,166,30618.00,30618.50,0.50
2026-06-02 10:10:06,30618.50,30618.50,30617.00,30618.50,63,30614.00,30614.25,0.25
2026-06-02 10:10:07,30617.75,30618.00,30614.00,30614.25,119,30617.25,30617.50,0.25
2026-06-02 10:10:08,30614.50,30617.50,30614.50,30617.25,53,30616.25,30616.50,0.25
2026-06-02 10:10:09,30617.00,30617.50,30615.75,30616.50,44,30615.75,30616.00,0.25
2026-06-02 10:10:10,30616.50,30617.25,30615.25,30616.00,65,30614.75,30615.25,0.50
2026-06-02 10:10:11,30615.50,30615.75,30614.50,30614.75,53,30614.00,30614.25,0.25
2026-06-02 10:10:12,30614.75,30615.25,30614.00,30614.00,78,30615.50,30615.75,0.25
2026-06-02 10:10:13,30614.25,30616.00,30614.00,30615.25,26,30613.75,30614.25,0.50
2026-06-02 10:10:14,30615.50,30615.75,30613.50,30613.75,57,30613.75,30614.25,0.50
2026-06-02 10:10:15,30614.25,30614.50,30613.50,30614.00,34,30613.50,30613.75,0.25
2026-06-02 10:10:16,30614.25,30614.25,30613.00,30613.75,60,30614.00,30614.50,0.50
2026-06-02 10:10:17,30613.50,30615.50,30613.00,30614.25,42,30616.50,30617.00,0.50
2026-06-02 10:10:18,30614.50,30617.25,30614.50,30616.75,45,30616.00,30616.25,0.25
2026-06-02 10:10:19,30617.00,30617.50,30616.00,30616.50,38,30616.25,30616.50,0.25
2026-06-02 10:10:20,30616.00,30616.50,30615.25,30616.25,29,30616.25,30616.75,0.50
2026-06-02 10:10:21,30616.25,30616.75,30615.75,30616.50,29,30617.75,30618.25,0.50
2026-06-02 10:10:22,30616.50,30618.50,30616.00,30617.50,95,30617.50,30618.00,0.50
2026-06-02 10:10:23,30618.50,30619.00,30617.75,30617.75,59,30615.25,30615.50,0.25
2026-06-02 10:10:24,30617.75,30617.75,30615.75,30615.75,62,30617.00,30617.50,0.50
2026-06-02 10:10:25,30615.50,30617.75,30614.50,30617.50,52,30615.25,30615.75,0.50
2026-06-02 10:10:26,30617.50,30617.50,30615.25,30615.50,41,30615.75,30616.25,0.50
2026-06-02 10:10:27,30615.75,30617.25,30615.75,30615.75,37,30613.50,30613.75,0.25
2026-06-02 10:10:28,30615.50,30616.25,30613.75,30613.75,30,30613.50,30614.00,0.50
2026-06-02 10:10:29,30613.75,30615.75,30613.25,30613.75,62,30614.75,30615.25,0.50
2026-06-02 10:10:30,30614.25,30616.00,30614.25,30614.75,59,30611.75,30612.25,0.50
2026-06-02 10:10:31,30615.25,30615.25,30612.00,30612.00,67,30611.75,30612.25,0.50
2026-06-02 10:10:32,30612.00,30612.25,30610.00,30611.50,124,30609.75,30610.25,0.50
2026-06-02 10:10:33,30612.00,30612.50,30609.75,30610.00,66,30611.50,30611.75,0.25
2026-06-02 10:10:34,30609.75,30611.75,30608.25,30611.50,155,30611.50,30611.75,0.25
2026-06-02 10:10:35,30611.50,30611.75,30610.00,30610.75,109,30609.50,30610.00,0.50
2026-06-02 10:10:36,30611.00,30611.50,30609.00,30609.50,63,30610.25,30610.75,0.50
2026-06-02 10:10:37,30610.00,30611.00,30609.50,30610.25,78,30612.50,30612.75,0.25
2026-06-02 10:10:38,30610.50,30613.00,30610.00,30612.50,84,30611.50,30612.00,0.50
2026-06-02 10:10:39,30612.50,30612.75,30611.25,30611.75,49,30610.50,30611.00,0.50
2026-06-02 10:10:40,30611.75,30611.75,30610.25,30610.75,27,30610.00,30610.50,0.50
2026-06-02 10:10:41,30612.00,30612.25,30610.00,30610.00,92,30610.50,30611.00,0.50
2026-06-02 10:10:42,30610.25,30612.50,30610.00,30611.00,56,30610.50,30611.00,0.50
2026-06-02 10:10:43,30610.75,30611.00,30608.75,30611.00,121,30610.50,30611.00,0.50
2026-06-02 10:10:44,30610.75,30611.50,30610.00,30610.75,36,30610.25,30610.75,0.50
2026-06-02 10:10:45,30610.75,30611.00,30610.00,30610.50,31,30610.75,30611.00,0.25
2026-06-02 10:10:46,30611.00,30613.00,30610.75,30610.75,52,30609.50,30610.00,0.50
2026-06-02 10:10:47,30611.00,30611.00,30608.75,30610.00,70,30606.25,30606.75,0.50
2026-06-02 10:10:48,30609.50,30609.50,30605.50,30606.00,243,30606.25,30606.75,0.50
2026-06-02 10:10:49,30606.00,30609.00,30606.00,30607.50,141,30608.50,30609.00,0.50
2026-06-02 10:10:50,30607.50,30609.25,30606.50,30608.75,132,30608.00,30608.25,0.25
2026-06-02 10:10:51,30608.75,30609.25,30608.25,30608.25,81,30608.00,30608.25,0.25
2026-06-02 10:10:52,30608.25,30608.50,30606.25,30608.50,146,30608.50,30609.00,0.50
2026-06-02 10:10:53,30608.50,30609.00,30608.00,30608.75,32,30608.75,30609.25,0.50
2026-06-02 10:10:54,30608.75,30609.25,30608.00,30609.25,38,30609.50,30610.00,0.50
2026-06-02 10:10:55,30608.75,30611.50,30608.75,30610.00,63,30610.50,30611.00,0.50
2026-06-02 10:10:56,30609.50,30611.75,30609.50,30610.75,38,30610.00,30610.50,0.50
2026-06-02 10:10:57,30610.50,30612.00,30610.25,30610.25,48,30609.00,30609.50,0.50
2026-06-02 10:10:58,30610.00,30610.00,30608.50,30609.25,109,30608.25,30608.75,0.50
2026-06-02 10:10:59,30609.25,30610.25,30608.75,30609.00,39,30607.25,30607.75,0.50
2026-06-02 10:11:00,30608.25,30608.50,30607.50,30607.50,43,30607.75,30608.25,0.50
2026-06-02 10:11:01,30607.75,30609.00,30607.25,30607.75,84,30605.25,30605.50,0.25
2026-06-02 10:11:02,30608.00,30608.00,30604.75,30605.25,116,30605.25,30605.50,0.25
2026-06-02 10:11:03,30605.50,30606.50,30601.25,30601.50,397,30600.25,30600.75,0.50
2026-06-02 10:11:04,30601.25,30602.00,30599.50,30600.25,430,30600.75,30601.25,0.50
2026-06-02 10:11:05,30600.00,30602.00,30596.50,30600.75,503,30600.75,30601.25,0.50
2026-06-02 10:11:06,30601.00,30602.75,30600.50,30602.25,180,30598.00,30598.50,0.50
2026-06-02 10:11:07,30601.75,30602.00,30598.00,30598.00,180,30600.25,30600.75,0.50
2026-06-02 10:11:08,30598.00,30600.25,30597.25,30600.25,127,30600.25,30600.75,0.50
2026-06-02 10:11:09,30600.25,30603.75,30600.25,30603.00,130,30603.50,30604.00,0.50
2026-06-02 10:11:10,30603.50,30604.50,30602.75,30603.50,98,30602.50,30603.00,0.50
2026-06-02 10:11:11,30604.00,30605.50,30602.25,30602.75,99,30602.00,30602.50,0.50
2026-06-02 10:11:12,30602.25,30603.50,30601.25,30602.50,119,30600.25,30600.50,0.25
2026-06-02 10:11:13,30602.00,30602.50,30600.25,30600.50,116,30601.50,30601.75,0.25
2026-06-02 10:11:14,30600.25,30602.25,30600.00,30601.50,69,30606.00,30606.25,0.25
2026-06-02 10:11:15,30602.25,30608.00,30602.25,30607.25,209,30606.00,30606.25,0.25
2026-06-02 10:11:16,30606.50,30608.75,30605.75,30608.25,70,30609.50,30610.00,0.50
2026-06-02 10:11:17,30608.25,30610.50,30607.75,30609.75,168,30611.00,30611.50,0.50
2026-06-02 10:11:18,30610.00,30613.50,30610.00,30610.50,233,30610.25,30610.75,0.50
2026-06-02 10:11:19,30611.50,30611.50,30610.25,30611.00,59,30610.25,30610.75,0.50
2026-06-02 10:11:20,30610.50,30614.00,30609.25,30613.75,115,30615.75,30616.25,0.50
2026-06-02 10:11:21,30614.25,30616.75,30614.25,30616.00,280,30614.25,30614.50,0.25
2026-06-02 10:11:22,30616.25,30617.00,30614.50,30614.50,172,30614.25,30614.50,0.25
2026-06-02 10:11:23,30614.50,30617.75,30614.50,30617.00,175,30615.75,30616.00,0.25
2026-06-02 10:11:24,30616.50,30618.00,30615.25,30616.00,136,30614.25,30614.75,0.50
2026-06-02 10:11:25,30616.00,30616.00,30614.25,30614.25,74,30615.75,30616.00,0.25
2026-06-02 10:11:26,30614.25,30616.00,30613.00,30616.00,60,30617.75,30618.00,0.25
2026-06-02 10:11:27,30616.00,30619.50,30616.00,30617.75,408,30617.75,30618.00,0.25
2026-06-02 10:11:28,30618.00,30618.75,30614.75,30614.75,156,30613.50,30614.00,0.50
2026-06-02 10:11:29,30614.75,30615.50,30612.00,30612.75,133,30612.25,30612.50,0.25
2026-06-02 10:11:30,30613.50,30614.00,30611.75,30612.50,63,30613.25,30613.50,0.25
2026-06-02 10:11:31,30612.25,30613.75,30612.25,30613.75,30,30612.00,30612.25,0.25
2026-06-02 10:11:32,30613.25,30613.25,30610.50,30612.00,93,30612.50,30613.00,0.50
2026-06-02 10:11:33,30612.00,30613.25,30611.75,30612.50,58,30610.50,30611.00,0.50
2026-06-02 10:11:34,30612.50,30613.75,30611.00,30611.00,49,30611.75,30612.00,0.25
2026-06-02 10:11:35,30611.00,30612.75,30610.75,30612.50,29,30611.75,30612.25,0.50
2026-06-02 10:11:36,30611.75,30612.75,30610.75,30612.50,45,30614.25,30614.75,0.50
2026-06-02 10:11:37,30612.25,30615.25,30612.25,30614.75,52,30613.50,30614.00,0.50
2026-06-02 10:11:38,30614.75,30615.00,30613.50,30613.75,53,30613.75,30614.25,0.50
2026-06-02 10:11:39,30613.75,30614.50,30613.25,30614.00,39,30614.75,30615.25,0.50
2026-06-02 10:11:40,30614.00,30615.25,30614.00,30615.25,20,30614.00,30614.50,0.50
2026-06-02 10:11:41,30614.75,30615.25,30613.00,30613.75,38,30615.25,30615.50,0.25
2026-06-02 10:11:42,30614.50,30615.25,30614.25,30615.00,29,30614.75,30615.00,0.25
2026-06-02 10:11:43,30615.50,30615.50,30614.50,30615.00,49,30615.25,30615.75,0.50
2026-06-02 10:11:44,30615.00,30616.25,30614.25,30616.25,52,30613.25,30613.50,0.25
2026-06-02 10:11:45,30615.25,30615.75,30612.75,30613.50,90,30613.50,30614.00,0.50
2026-06-02 10:11:46,30613.50,30614.25,30613.00,30613.50,44,30615.25,30615.75,0.50
2026-06-02 10:11:47,30613.25,30615.75,30613.25,30615.75,26,30613.75,30614.25,0.50
2026-06-02 10:11:48,30615.25,30616.25,30613.75,30614.00,34,30614.50,30615.00,0.50
2026-06-02 10:11:49,30614.25,30614.75,30614.00,30614.00,41,30614.00,30614.50,0.50
2026-06-02 10:11:50,30615.00,30615.25,30614.25,30614.25,32,30614.50,30615.00,0.50
2026-06-02 10:11:51,30613.75,30615.00,30613.75,30614.75,37,30614.50,30615.00,0.50
2026-06-02 10:11:52,30614.75,30615.00,30614.50,30615.00,11,30614.25,30614.75,0.50
2026-06-02 10:11:53,30615.00,30616.25,30614.50,30614.50,67,30615.00,30615.25,0.25
2026-06-02 10:11:54,30615.00,30615.75,30614.50,30615.50,49,30615.50,30616.00,0.50
2026-06-02 10:11:55,30615.25,30616.25,30614.25,30615.50,34,30617.00,30617.25,0.25
2026-06-02 10:11:56,30616.00,30617.50,30615.25,30616.25,97,30616.25,30616.75,0.50
2026-06-02 10:11:57,30617.25,30617.25,30614.75,30616.50,90,30617.25,30617.75,0.50
2026-06-02 10:11:58,30616.00,30617.75,30616.00,30617.75,59,30622.00,30622.50,0.50
2026-06-02 10:11:59,30618.00,30622.50,30617.75,30622.50,361,30622.50,30622.75,0.25
2026-06-02 10:12:00,30622.50,30623.25,30622.00,30622.75,158,30621.75,30622.00,0.25
2026-06-02 10:12:01,30622.50,30624.00,30621.75,30621.75,307,30621.75,30622.00,0.25
2026-06-02 10:12:02,30622.00,30622.50,30620.75,30622.00,140,30620.75,30621.25,0.50
2026-06-02 10:12:03,30622.25,30622.25,30620.50,30621.00,129,30622.50,30622.75,0.25
2026-06-02 10:12:04,30620.75,30622.50,30620.25,30622.50,131,30622.50,30622.75,0.25
2026-06-02 10:12:05,30622.75,30624.75,30622.00,30624.25,193,30626.25,30626.75,0.50
2026-06-02 10:12:06,30624.25,30628.00,30624.25,30626.75,833,30626.50,30627.00,0.50
2026-06-02 10:12:07,30626.75,30629.50,30626.00,30627.50,539,30626.25,30626.75,0.50
2026-06-02 10:12:08,30627.00,30628.50,30625.75,30626.25,264,30626.25,30626.50,0.25
2026-06-02 10:12:09,30626.75,30626.75,30625.25,30626.25,126,30624.50,30625.00,0.50
2026-06-02 10:12:10,30626.25,30626.25,30624.50,30625.00,107,30624.50,30625.00,0.50
2026-06-02 10:12:11,30625.00,30626.75,30624.50,30624.50,149,30623.25,30623.50,0.25
2026-06-02 10:12:12,30625.00,30625.00,30622.75,30623.25,134,30623.25,30623.50,0.25
2026-06-02 10:12:13,30623.25,30624.50,30623.00,30624.50,67,30626.75,30627.25,0.50
2026-06-02 10:12:14,30624.50,30627.00,30624.25,30627.00,102,30626.75,30627.25,0.50
2026-06-02 10:12:15,30626.75,30628.25,30626.75,30627.75,108,30629.25,30629.75,0.50
2026-06-02 10:12:16,30627.25,30630.50,30627.00,30629.25,319,30628.50,30629.00,0.50
2026-06-02 10:12:17,30629.75,30631.00,30628.00,30628.75,245,30630.25,30630.75,0.50
2026-06-02 10:12:18,30629.00,30630.75,30629.00,30630.50,183,30631.50,30632.00,0.50
2026-06-02 10:12:19,30630.25,30632.75,30630.00,30632.00,210,30631.25,30631.50,0.25
2026-06-02 10:12:20,30632.00,30633.00,30630.75,30631.25,233,30632.00,30632.25,0.25
2026-06-02 10:12:21,30631.75,30632.50,30631.25,30632.50,136,30633.75,30634.00,0.25
2026-06-02 10:12:22,30632.50,30634.00,30632.25,30633.75,152,30632.50,30633.00,0.50
2026-06-02 10:12:23,30634.00,30634.75,30631.50,30632.50,274,30631.50,30632.00,0.50
2026-06-02 10:12:24,30632.75,30633.50,30631.50,30631.50,149,30630.00,30630.25,0.25
2026-06-02 10:12:25,30631.50,30631.50,30630.25,30630.50,193,30633.00,30633.25,0.25
2026-06-02 10:12:26,30630.25,30633.00,30629.75,30633.00,163,30633.25,30633.75,0.50
2026-06-02 10:12:27,30633.00,30634.25,30632.75,30633.75,109,30633.25,30633.50,0.25
2026-06-02 10:12:28,30633.75,30633.75,30632.75,30633.25,110,30632.50,30632.75,0.25
2026-06-02 10:12:29,30633.50,30634.25,30632.25,30632.75,100,30633.25,30633.75,0.50
2026-06-02 10:12:30,30632.25,30634.00,30632.00,30633.50,100,30632.50,30633.00,0.50
2026-06-02 10:12:31,30633.75,30634.00,30632.50,30632.50,99,30632.50,30633.00,0.50
2026-06-02 10:12:32,30633.25,30633.75,30632.00,30632.50,73,30632.50,30633.00,0.50
2026-06-02 10:12:33,30632.50,30633.75,30632.50,30633.75,45,30632.75,30633.25,0.50
2026-06-02 10:12:34,30633.50,30633.50,30632.25,30632.75,71,30633.00,30633.50,0.50
2026-06-02 10:12:35,30633.25,30633.75,30632.75,30633.00,56,30633.75,30634.25,0.50
2026-06-02 10:12:36,30633.25,30635.50,30633.25,30634.00,143,30633.50,30633.75,0.25
2026-06-02 10:12:37,30633.50,30634.25,30632.75,30633.75,57,30632.50,30633.00,0.50
2026-06-02 10:12:38,30634.00,30634.25,30632.25,30632.25,88,30633.00,30633.50,0.50
2026-06-02 10:12:39,30632.75,30633.75,30632.25,30633.00,56,30632.50,30633.00,0.50
2026-06-02 10:12:40,30633.25,30633.50,30632.50,30632.75,42,30634.75,30635.00,0.25
2026-06-02 10:12:41,30633.00,30634.75,30633.00,30634.50,65,30635.50,30636.00,0.50
2026-06-02 10:12:42,30635.00,30636.25,30634.50,30635.50,131,30633.75,30634.00,0.25
2026-06-02 10:12:43,30636.00,30636.25,30633.75,30634.00,97,30634.25,30634.75,0.50
2026-06-02 10:12:44,30634.00,30634.75,30633.50,30634.50,75,30634.25,30634.75,0.50
2026-06-02 10:12:45,30634.25,30635.25,30634.00,30634.00,67,30635.75,30636.00,0.25
2026-06-02 10:12:46,30634.00,30636.00,30634.00,30636.00,98,30633.00,30633.50,0.50
2026-06-02 10:12:47,30636.00,30636.00,30633.25,30633.25,78,30634.25,30634.75,0.50
2026-06-02 10:12:48,30633.00,30634.75,30632.25,30634.25,138,30634.00,30634.25,0.25
2026-06-02 10:12:49,30634.50,30634.50,30633.50,30634.25,61,30634.00,30634.50,0.50
2026-06-02 10:12:50,30634.25,30634.75,30634.00,30634.50,42,30632.25,30632.75,0.50
2026-06-02 10:12:51,30634.25,30634.50,30632.25,30632.50,54,30632.00,30632.25,0.25
2026-06-02 10:12:52,30632.00,30632.50,30631.00,30632.00,151,30632.75,30633.25,0.50
2026-06-02 10:12:53,30632.00,30633.50,30631.50,30633.00,83,30634.00,30634.25,0.25
2026-06-02 10:12:54,30632.75,30634.50,30632.50,30634.00,58,30634.25,30634.75,0.50
2026-06-02 10:12:55,30634.00,30635.00,30633.75,30635.00,72,30635.00,30635.50,0.50
2026-06-02 10:12:56,30634.25,30635.50,30634.25,30635.50,75,30635.25,30635.75,0.50
2026-06-02 10:12:57,30635.50,30636.75,30635.25,30635.75,111,30637.75,30638.00,0.25
2026-06-02 10:12:58,30635.50,30638.00,30635.50,30637.75,111,30639.00,30639.25,0.25
2026-06-02 10:12:59,30637.75,30639.25,30637.50,30639.25,116,30641.75,30642.00,0.25
2026-06-02 10:13:00,30639.00,30642.00,30639.00,30641.50,441,30640.25,30640.50,0.25
2026-06-02 10:13:01,30641.75,30642.00,30640.00,30640.25,374,30641.50,30641.75,0.25
2026-06-02 10:13:02,30640.25,30641.75,30640.00,30641.25,169,30641.50,30641.75,0.25
2026-06-02 10:13:03,30641.75,30643.25,30641.50,30642.00,173,30642.00,30642.25,0.25
2026-06-02 10:13:04,30642.50,30643.75,30641.75,30642.00,214,30642.50,30643.00,0.50
2026-06-02 10:13:05,30642.00,30643.25,30641.25,30643.00,177,30644.25,30644.50,0.25
2026-06-02 10:13:06,30642.50,30645.00,30642.00,30644.50,269,30644.25,30644.50,0.25
2026-06-02 10:13:07,30644.25,30645.00,30642.50,30642.75,138,30643.25,30643.50,0.25
2026-06-02 10:13:08,30643.00,30645.00,30642.75,30643.75,141,30643.00,30643.50,0.50
2026-06-02 10:13:09,30643.25,30644.00,30642.50,30643.25,150,30641.00,30641.50,0.50
2026-06-02 10:13:10,30643.50,30643.50,30640.75,30641.25,171,30641.75,30642.00,0.25
2026-06-02 10:13:11,30641.50,30643.00,30640.50,30641.75,140,30641.75,30642.00,0.25
2026-06-02 10:13:12,30642.00,30642.50,30641.50,30642.50,71,30642.00,30642.25,0.25
2026-06-02 10:13:13,30642.25,30642.75,30641.00,30641.75,98,30640.75,30641.25,0.50
2026-06-02 10:13:14,30642.25,30642.25,30640.50,30640.75,129,30640.75,30641.25,0.50
2026-06-02 10:13:15,30640.75,30642.25,30640.50,30641.75,107,30641.75,30642.00,0.25
2026-06-02 10:13:16,30641.25,30642.75,30641.25,30641.75,113,30640.50,30641.00,0.50
2026-06-02 10:13:17,30641.75,30642.50,30640.75,30641.00,61,30640.50,30641.00,0.50
2026-06-02 10:13:18,30641.00,30641.25,30639.25,30640.50,142,30640.25,30640.75,0.50
2026-06-02 10:13:19,30640.25,30641.00,30640.00,30640.25,77,30641.00,30641.25,0.25
2026-06-02 10:13:20,30640.50,30641.25,30640.25,30641.25,85,30641.00,30641.25,0.25
2026-06-02 10:13:21,30641.00,30642.00,30640.25,30640.50,60,30641.50,30642.00,0.50
2026-06-02 10:13:22,30640.50,30641.75,30639.50,30641.50,89,30641.25,30641.50,0.25
2026-06-02 10:13:23,30641.50,30642.50,30641.00,30641.00,60,30641.50,30641.75,0.25
2026-06-02 10:13:24,30641.75,30642.25,30641.00,30641.75,60,30644.50,30645.00,0.50
2026-06-02 10:13:25,30641.50,30644.75,30641.50,30644.75,143,30643.00,30643.25,0.25
2026-06-02 10:13:26,30644.50,30645.00,30642.50,30643.25,53,30643.50,30643.75,0.25
2026-06-02 10:13:27,30643.25,30644.25,30642.75,30643.75,68,30642.50,30643.00,0.50
2026-06-02 10:13:28,30644.00,30644.25,30641.75,30643.00,107,30642.25,30642.50,0.25
2026-06-02 10:13:29,30642.50,30643.00,30641.50,30642.25,47,30641.75,30642.25,0.50
2026-06-02 10:13:30,30642.25,30642.50,30641.75,30642.25,60,30642.25,30642.75,0.50
2026-06-02 10:13:31,30642.50,30642.75,30641.75,30642.50,59,30641.75,30642.25,0.50
2026-06-02 10:13:32,30643.00,30643.00,30641.50,30642.25,60,30643.25,30643.50,0.25
2026-06-02 10:13:33,30642.25,30644.25,30642.25,30643.50,66,30646.25,30646.50,0.25
2026-06-02 10:13:34,30643.50,30646.75,30643.25,30646.75,301,30645.00,30645.25,0.25
2026-06-02 10:13:35,30646.25,30646.75,30645.25,30645.25,162,30644.25,30644.50,0.25
2026-06-02 10:13:36,30645.00,30645.25,30644.00,30644.75,61,30643.25,30643.50,0.25
2026-06-02 10:13:37,30644.25,30644.50,30643.25,30643.50,42,30643.50,30644.00,0.50
2026-06-02 10:13:38,30643.50,30643.75,30642.75,30643.50,78,30645.25,30645.75,0.50
2026-06-02 10:13:39,30644.00,30646.75,30644.00,30645.50,72,30646.00,30646.50,0.50
2026-06-02 10:13:40,30646.00,30646.75,30645.50,30646.25,63,30646.00,30646.50,0.50
2026-06-02 10:13:41,30646.25,30647.25,30645.75,30646.25,112,30644.50,30645.00,0.50
2026-06-02 10:13:42,30645.50,30646.00,30644.00,30645.00,71,30644.50,30645.00,0.50
2026-06-02 10:13:43,30645.00,30645.00,30641.75,30642.00,112,30644.75,30645.25,0.50
2026-06-02 10:13:44,30642.75,30645.25,30642.50,30644.75,108,30645.50,30645.75,0.25
2026-06-02 10:13:45,30644.75,30646.25,30644.75,30645.25,68,30645.50,30645.75,0.25
2026-06-02 10:13:46,30645.50,30646.75,30644.75,30646.25,104,30643.25,30643.50,0.25
2026-06-02 10:13:47,30646.75,30647.25,30642.75,30643.00,152,30644.25,30644.75,0.50
2026-06-02 10:13:48,30643.50,30645.00,30643.50,30644.25,57,30644.25,30644.50,0.25
2026-06-02 10:13:49,30644.75,30645.25,30644.25,30644.25,59,30642.25,30642.75,0.50
2026-06-02 10:13:50,30643.75,30643.75,30642.50,30642.50,93,30643.75,30644.00,0.25
2026-06-02 10:13:51,30642.25,30643.50,30641.75,30643.50,131,30643.75,30644.00,0.25
2026-06-02 10:13:52,30644.00,30646.00,30642.75,30645.50,86,30645.25,30645.75,0.50
2026-06-02 10:13:53,30645.00,30645.75,30645.00,30645.25,55,30645.00,30645.50,0.50
2026-06-02 10:13:54,30645.00,30645.75,30644.75,30645.50,35,30645.25,30645.75,0.50
2026-06-02 10:13:55,30645.00,30646.75,30644.75,30645.25,80,30645.00,30645.50,0.50
2026-06-02 10:13:56,30645.25,30645.75,30644.25,30645.00,143,30646.25,30646.50,0.25
2026-06-02 10:13:57,30645.50,30646.50,30645.25,30646.25,67,30646.25,30646.75,0.50
2026-06-02 10:13:58,30646.50,30647.00,30645.75,30646.50,46,30646.75,30647.00,0.25
2026-06-02 10:13:59,30646.25,30647.25,30646.00,30647.25,38,30645.25,30645.75,0.50
2026-06-02 10:14:00,30646.75,30646.75,30645.00,30645.25,64,30644.75,30645.00,0.25
2026-06-02 10:14:01,30645.00,30645.50,30644.25,30645.25,75,30643.25,30643.75,0.50
2026-06-02 10:14:02,30645.00,30645.00,30643.00,30643.50,95,30643.00,30643.25,0.25
2026-06-02 10:14:03,30643.75,30643.75,30642.00,30643.00,135,30642.25,30642.50,0.25
2026-06-02 10:14:04,30643.00,30643.25,30641.25,30642.50,133,30642.25,30642.50,0.25
2026-06-02 10:14:05,30642.25,30643.00,30641.25,30641.75,144,30641.75,30642.25,0.50
2026-06-02 10:14:06,30641.50,30642.25,30640.75,30641.50,138,30641.00,30641.50,0.50
2026-06-02 10:14:07,30641.50,30641.75,30640.25,30640.25,105,30642.00,30642.50,0.50
2026-06-02 10:14:08,30641.00,30643.25,30640.50,30642.25,95,30643.25,30643.50,0.25
2026-06-02 10:14:09,30642.50,30643.75,30641.75,30643.00,64,30642.50,30642.75,0.25
2026-06-02 10:14:10,30643.50,30644.50,30642.50,30642.75,54,30644.00,30644.50,0.50
2026-06-02 10:14:11,30642.50,30644.50,30642.50,30644.25,55,30643.00,30643.25,0.25
2026-06-02 10:14:12,30644.50,30644.75,30642.25,30643.00,65,30641.50,30642.00,0.50
2026-06-02 10:14:13,30643.00,30643.50,30641.75,30641.75,57,30641.50,30641.75,0.25
2026-06-02 10:14:14,30641.50,30642.25,30640.50,30641.25,86,30641.50,30641.75,0.25
2026-06-02 10:14:15,30641.50,30642.00,30641.00,30641.50,65,30642.75,30643.25,0.50
2026-06-02 10:14:16,30641.25,30643.25,30641.00,30643.00,63,30642.25,30642.75,0.50
2026-06-02 10:14:17,30643.25,30643.25,30642.00,30642.50,41,30642.75,30643.25,0.50
2026-06-02 10:14:18,30642.75,30643.50,30641.75,30643.00,40,30642.75,30643.25,0.50
2026-06-02 10:14:19,30642.75,30643.75,30642.00,30643.00,45,30642.00,30642.50,0.50
2026-06-02 10:14:20,30643.00,30643.25,30642.25,30642.25,37,30641.00,30641.25,0.25
2026-06-02 10:14:21,30642.00,30643.25,30641.00,30641.25,73,30640.25,30640.75,0.50
2026-06-02 10:14:22,30641.00,30641.50,30640.00,30640.25,79,30638.75,30639.00,0.25
2026-06-02 10:14:23,30640.25,30640.75,30635.50,30638.75,528,30637.50,30638.00,0.50
2026-06-02 10:14:24,30639.00,30640.25,30637.25,30637.25,93,30637.50,30638.00,0.50
2026-06-02 10:14:25,30638.00,30638.25,30637.00,30638.25,130,30637.50,30638.00,0.50
2026-06-02 10:14:26,30637.75,30638.50,30637.25,30637.75,78,30637.25,30637.50,0.25
2026-06-02 10:14:27,30638.00,30638.00,30636.75,30637.50,56,30637.50,30638.00,0.50
2026-06-02 10:14:28,30637.50,30638.50,30636.75,30637.50,80,30637.25,30637.75,0.50
2026-06-02 10:14:29,30637.75,30638.50,30637.25,30637.25,58,30639.00,30639.50,0.50
2026-06-02 10:14:30,30637.75,30639.50,30637.50,30639.00,71,30638.75,30639.25,0.50
2026-06-02 10:14:31,30639.50,30639.50,30637.25,30639.00,81,30639.50,30640.00,0.50
2026-06-02 10:14:32,30638.75,30639.75,30638.75,30639.50,34,30640.00,30640.50,0.50
2026-06-02 10:14:33,30639.50,30641.00,30639.50,30640.00,70,30642.50,30643.00,0.50
2026-06-02 10:14:34,30640.25,30644.50,30640.00,30642.50,151,30640.00,30640.50,0.50
2026-06-02 10:14:35,30643.00,30643.00,30640.00,30640.00,83,30638.50,30638.75,0.25
2026-06-02 10:14:36,30640.50,30641.00,30638.50,30638.50,44,30634.00,30634.25,0.25
2026-06-02 10:14:37,30638.25,30638.50,30634.00,30634.00,244,30632.00,30632.50,0.50
2026-06-02 10:14:38,30634.00,30634.50,30631.00,30632.00,248,30634.00,30634.50,0.50
2026-06-02 10:14:39,30632.50,30634.25,30631.00,30634.00,137,30634.00,30634.25,0.25
2026-06-02 10:14:40,30634.00,30634.75,30633.00,30634.00,91,30633.50,30634.00,0.50
2026-06-02 10:14:41,30634.25,30634.25,30632.00,30633.75,76,30634.75,30635.25,0.50
2026-06-02 10:14:42,30633.50,30635.50,30633.50,30634.75,95,30634.75,30635.25,0.50
2026-06-02 10:14:43,30634.75,30635.75,30634.50,30635.25,41,30634.75,30635.25,0.50
2026-06-02 10:14:44,30635.00,30635.50,30634.25,30635.25,63,30635.25,30635.50,0.25
2026-06-02 10:14:45,30635.75,30636.50,30635.00,30635.50,76,30635.75,30636.25,0.50
2026-06-02 10:14:46,30635.25,30636.50,30635.00,30636.25,48,30633.00,30633.25,0.25
2026-06-02 10:14:47,30636.25,30636.25,30633.75,30633.75,60,30631.50,30631.75,0.25
2026-06-02 10:14:48,30633.25,30633.25,30630.50,30631.50,115,30629.25,30629.75,0.50
2026-06-02 10:14:49,30631.50,30631.75,30628.50,30629.50,253,30631.50,30632.00,0.50
2026-06-02 10:14:50,30629.25,30631.75,30629.00,30631.50,94,30631.00,30631.50,0.50
2026-06-02 10:14:51,30631.50,30632.50,30631.00,30631.25,52,30629.50,30629.75,0.25
2026-06-02 10:14:52,30631.00,30631.50,30629.00,30629.75,77,30629.50,30629.75,0.25
2026-06-02 10:14:53,30629.50,30630.50,30629.25,30630.25,66,30629.50,30630.00,0.50
2026-06-02 10:14:54,30629.75,30630.25,30629.25,30630.00,61,30630.50,30630.75,0.25
2026-06-02 10:14:55,30630.00,30630.25,30628.50,30630.25,61,30631.25,30631.50,0.25
2026-06-02 10:14:56,30631.00,30631.25,30630.25,30631.25,72,30632.50,30632.75,0.25
2026-06-02 10:14:57,30631.00,30632.75,30630.75,30632.75,45,30635.00,30635.25,0.25
2026-06-02 10:14:58,30632.50,30635.50,30632.25,30635.25,129,30633.25,30633.50,0.25
2026-06-02 10:14:59,30635.25,30635.75,30633.25,30633.50,104,30634.00,30634.25,0.25
2026-06-02 10:15:00,30633.50,30634.00,30633.00,30633.75,62,30634.00,30634.25,0.25
2026-06-02 10:15:01,30634.00,30636.50,30634.00,30635.50,256,30633.00,30633.50,0.50
2026-06-02 10:15:02,30635.00,30636.50,30632.00,30633.50,157,30633.00,30633.50,0.50
2026-06-02 10:15:03,30633.50,30634.00,30632.25,30632.50,88,30634.50,30635.00,0.50
2026-06-02 10:15:04,30633.00,30634.75,30632.75,30634.75,69,30634.50,30635.00,0.50
2026-06-02 10:15:05,30634.75,30635.25,30634.00,30634.75,59,30634.00,30634.50,0.50
2026-06-02 10:15:06,30634.75,30635.50,30634.25,30634.50,23,30633.25,30633.75,0.50
2026-06-02 10:15:07,30634.50,30634.50,30633.00,30633.25,39,30632.25,30632.50,0.25
2026-06-02 10:15:08,30633.50,30633.50,30631.25,30631.75,92,30628.75,30629.25,0.50
2026-06-02 10:15:09,30633.00,30633.50,30629.25,30629.25,127,30628.75,30629.25,0.50
2026-06-02 10:15:10,30629.00,30629.25,30627.25,30627.75,221,30627.75,30628.00,0.25
2026-06-02 10:15:11,30627.75,30628.25,30626.75,30628.00,89,30628.75,30629.25,0.50
2026-06-02 10:15:12,30628.25,30629.50,30627.75,30629.50,107,30628.50,30629.00,0.50
2026-06-02 10:15:13,30629.25,30629.25,30627.75,30628.75,59,30629.00,30629.25,0.25
2026-06-02 10:15:14,30629.00,30630.00,30628.50,30629.25,77,30628.50,30629.00,0.50
2026-06-02 10:15:15,30629.00,30629.25,30627.50,30628.25,59,30629.50,30630.00,0.50
2026-06-02 10:15:16,30628.75,30630.25,30628.75,30630.25,60,30628.25,30628.50,0.25
2026-06-02 10:15:17,30629.50,30629.50,30628.00,30628.50,42,30628.25,30628.75,0.50
2026-06-02 10:15:18,30628.50,30629.25,30628.00,30628.50,25,30626.75,30627.00,0.25
2026-06-02 10:15:19,30628.75,30629.00,30626.00,30627.00,105,30626.75,30627.00,0.25
2026-06-02 10:15:20,30626.75,30629.75,30626.75,30628.50,58,30631.25,30631.50,0.25
2026-06-02 10:15:21,30628.25,30632.00,30628.00,30631.50,111,30632.50,30632.75,0.25
2026-06-02 10:15:22,30631.25,30633.00,30630.25,30632.50,210,30633.00,30633.50,0.50
2026-06-02 10:15:23,30632.75,30633.75,30632.25,30633.00,53,30633.50,30634.00,0.50
2026-06-02 10:15:24,30633.50,30635.00,30633.25,30634.00,82,30634.50,30634.75,0.25
2026-06-02 10:15:25,30633.50,30635.00,30633.25,30635.00,77,30634.50,30634.75,0.25
2026-06-02 10:15:26,30634.50,30636.00,30634.25,30635.00,141,30632.50,30633.00,0.50
2026-06-02 10:15:27,30635.00,30635.00,30632.25,30632.75,71,30631.75,30632.25,0.50
2026-06-02 10:15:28,30632.50,30633.25,30631.25,30631.75,52,30631.75,30632.25,0.50
2026-06-02 10:15:29,30632.00,30633.00,30631.50,30631.50,61,30631.00,30631.50,0.50
2026-06-02 10:15:30,30632.50,30632.50,30630.00,30631.00,59,30630.00,30630.50,0.50
2026-06-02 10:15:31,30631.50,30631.75,30630.25,30630.25,24,30631.00,30631.25,0.25
2026-06-02 10:15:32,30630.25,30631.25,30629.75,30631.25,35,30631.00,30631.50,0.50
2026-06-02 10:15:33,30631.25,30631.75,30630.50,30631.25,42,30633.00,30633.25,0.25
2026-06-02 10:15:34,30631.50,30633.00,30631.50,30633.00,22,30632.00,30632.50,0.50
2026-06-02 10:15:35,30633.25,30633.75,30632.00,30632.25,52,30631.25,30631.75,0.50
2026-06-02 10:15:36,30632.75,30632.75,30630.50,30632.00,32,30629.25,30629.75,0.50
2026-06-02 10:15:37,30632.00,30632.00,30627.75,30629.50,81,30630.75,30631.25,0.50
2026-06-02 10:15:38,30629.50,30631.00,30629.50,30630.75,56,30631.00,30631.25,0.25
2026-06-02 10:15:39,30630.75,30631.75,30630.50,30630.75,15,30631.50,30632.00,0.50
2026-06-02 10:15:40,30631.25,30631.75,30630.75,30631.75,28,30629.75,30630.25,0.50
2026-06-02 10:15:41,30630.75,30630.75,30628.25,30629.00,45,30629.25,30629.75,0.50
2026-06-02 10:15:42,30629.50,30630.00,30629.25,30629.50,28,30630.50,30630.75,0.25
2026-06-02 10:15:43,30629.25,30630.75,30628.75,30630.50,38,30628.75,30629.00,0.25
2026-06-02 10:15:44,30630.50,30630.50,30628.75,30629.25,28,30630.75,30631.00,0.25
2026-06-02 10:15:45,30629.25,30630.75,30629.25,30630.75,52,30630.75,30631.00,0.25
2026-06-02 10:15:46,30631.00,30631.00,30629.25,30629.75,53,30628.50,30628.75,0.25
2026-06-02 10:15:47,30629.50,30630.25,30628.50,30628.75,40,30628.50,30628.75,0.25
2026-06-02 10:15:48,30628.50,30629.00,30628.25,30628.50,25,30628.75,30629.25,0.50
2026-06-02 10:15:49,30629.00,30629.50,30629.00,30629.25,22,30627.75,30628.00,0.25
2026-06-02 10:15:50,30628.75,30629.25,30627.50,30627.75,60,30627.75,30628.00,0.25
2026-06-02 10:15:51,30627.75,30628.00,30626.25,30626.25,55,30626.00,30626.25,0.25
2026-06-02 10:15:52,30626.50,30627.75,30625.25,30625.75,92,30625.50,30625.75,0.25
2026-06-02 10:15:53,30626.25,30626.75,30625.25,30625.25,69,30626.50,30626.75,0.25
2026-06-02 10:15:54,30625.75,30626.75,30625.50,30626.75,50,30626.75,30627.00,0.25
2026-06-02 10:15:55,30626.75,30627.75,30625.75,30626.75,77,30626.25,30626.75,0.50
2026-06-02 10:15:56,30626.75,30627.25,30626.25,30626.50,50,30626.50,30626.75,0.25
2026-06-02 10:15:57,30626.25,30627.00,30625.75,30627.00,22,30626.50,30626.75,0.25
2026-06-02 10:15:58,30626.50,30627.00,30625.75,30626.50,25,30626.50,30627.00,0.50
2026-06-02 10:15:59,30626.50,30627.00,30626.00,30627.00,41,30627.00,30627.50,0.50
2026-06-02 10:16:00,30626.75,30628.50,30626.75,30627.25,124,30624.75,30625.25,0.50
2026-06-02 10:16:01,30627.50,30627.50,30624.75,30625.00,170,30622.25,30622.50,0.25
2026-06-02 10:16:02,30624.75,30624.75,30621.00,30622.25,417,30621.00,30621.50,0.50
2026-06-02 10:16:03,30622.25,30622.50,30621.00,30621.25,193,30617.75,30618.00,0.25
2026-06-02 10:16:04,30621.00,30621.25,30617.25,30618.25,483,30615.50,30616.00,0.50
2026-06-02 10:16:05,30617.75,30618.50,30615.00,30615.75,350,30615.50,30616.00,0.50
2026-06-02 10:16:06,30615.75,30618.00,30615.50,30617.50,229,30616.25,30616.50,0.25
2026-06-02 10:16:07,30617.00,30617.50,30615.75,30617.00,180,30613.75,30614.00,0.25
2026-06-02 10:16:08,30616.50,30617.50,30613.25,30614.00,249,30614.75,30615.25,0.50
2026-06-02 10:16:09,30613.75,30616.00,30612.75,30615.25,290,30616.50,30617.00,0.50
2026-06-02 10:16:10,30615.00,30618.00,30614.75,30616.75,127,30617.00,30617.25,0.25
2026-06-02 10:16:11,30616.75,30617.75,30615.75,30617.25,119,30617.50,30618.00,0.50
2026-06-02 10:16:12,30617.00,30618.25,30616.50,30617.50,108,30618.00,30618.50,0.50
2026-06-02 10:16:13,30617.50,30618.75,30617.50,30618.25,64,30619.50,30620.00,0.50
2026-06-02 10:16:14,30617.75,30620.00,30617.75,30619.75,94,30617.75,30618.25,0.50
2026-06-02 10:16:15,30620.00,30620.00,30618.00,30618.25,88,30618.50,30619.00,0.50
2026-06-02 10:16:16,30617.75,30618.75,30617.50,30618.75,78,30618.75,30619.25,0.50
2026-06-02 10:16:17,30619.00,30620.25,30618.00,30618.75,96,30618.75,30619.25,0.50
2026-06-02 10:16:18,30619.00,30620.50,30618.00,30619.00,54,30616.75,30617.25,0.50
2026-06-02 10:16:19,30619.25,30621.00,30616.50,30616.75,159,30615.50,30616.00,0.50
2026-06-02 10:16:20,30617.00,30618.00,30615.50,30616.00,127,30614.25,30614.75,0.50
2026-06-02 10:16:21,30615.50,30615.75,30614.00,30614.75,109,30614.75,30615.25,0.50
2026-06-02 10:16:22,30614.00,30615.25,30614.00,30614.75,54,30614.50,30615.00,0.50
2026-06-02 10:16:23,30614.75,30615.50,30614.00,30615.00,81,30615.25,30615.75,0.50
2026-06-02 10:16:24,30615.00,30616.25,30614.75,30615.75,94,30615.25,30615.75,0.50
2026-06-02 10:16:25,30615.50,30616.25,30615.25,30616.25,42,30613.75,30614.00,0.25
2026-06-02 10:16:26,30616.00,30616.00,30613.75,30614.00,73,30616.00,30616.50,0.50
2026-06-02 10:16:27,30614.00,30617.75,30613.50,30616.00,83,30616.00,30616.25,0.25
2026-06-02 10:16:28,30616.00,30617.00,30615.25,30616.00,62,30616.25,30616.75,0.50
2026-06-02 10:16:29,30616.00,30616.50,30615.50,30616.00,45,30616.75,30617.25,0.50
2026-06-02 10:16:30,30616.75,30618.00,30616.25,30616.75,26,30617.50,30617.75,0.25
2026-06-02 10:16:31,30617.25,30618.75,30617.00,30617.50,105,30619.75,30620.25,0.50
2026-06-02 10:16:32,30617.75,30621.00,30617.50,30620.50,123,30618.25,30618.75,0.50
2026-06-02 10:16:33,30619.75,30620.50,30617.25,30618.50,86,30618.25,30618.75,0.50
2026-06-02 10:16:34,30618.50,30618.75,30616.75,30617.25,77,30619.25,30619.50,0.25
2026-06-02 10:16:35,30618.00,30619.50,30617.50,30619.25,66,30618.00,30618.50,0.50
2026-06-02 10:16:36,30619.00,30619.75,30617.75,30618.25,57,30615.75,30616.25,0.50
2026-06-02 10:16:37,30617.75,30617.75,30615.75,30615.75,60,30616.00,30616.50,0.50
2026-06-02 10:16:38,30616.25,30616.75,30615.75,30616.25,38,30623.50,30624.25,0.75
2026-06-02 10:16:39,30616.50,30624.75,30616.25,30623.75,472,30620.75,30621.25,0.50
2026-06-02 10:16:40,30623.50,30624.00,30620.00,30621.25,277,30619.50,30620.00,0.50
2026-06-02 10:16:41,30620.75,30621.75,30618.75,30619.75,86,30618.75,30619.25,0.50
2026-06-02 10:16:42,30620.25,30620.75,30619.00,30619.25,55,30620.75,30621.25,0.50
2026-06-02 10:16:43,30618.75,30621.50,30618.25,30621.50,34,30620.50,30620.75,0.25
2026-06-02 10:16:44,30621.00,30621.75,30620.75,30621.00,74,30618.75,30619.00,0.25
2026-06-02 10:16:45,30620.75,30621.50,30618.25,30619.25,74,30619.50,30620.00,0.50
2026-06-02 10:16:46,30619.25,30619.75,30618.25,30619.75,45,30618.75,30619.00,0.25
2026-06-02 10:16:47,30620.00,30620.00,30618.00,30618.25,40,30619.25,30619.75,0.50
2026-06-02 10:16:48,30619.00,30619.50,30618.00,30618.75,99,30619.25,30619.75,0.50
2026-06-02 10:16:49,30619.25,30619.50,30618.25,30618.75,54,30623.00,30623.50,0.50
2026-06-02 10:16:50,30619.25,30623.50,30619.00,30623.50,56,30623.25,30623.75,0.50
2026-06-02 10:16:51,30623.00,30624.00,30622.50,30623.50,47,30625.25,30625.75,0.50
2026-06-02 10:16:52,30623.75,30625.50,30622.50,30625.50,127,30624.00,30624.50,0.50
2026-06-02 10:16:53,30625.25,30625.25,30623.75,30624.25,82,30623.50,30623.75,0.25
2026-06-02 10:16:54,30624.50,30625.25,30623.50,30623.50,58,30619.25,30619.75,0.50
2026-06-02 10:16:55,30623.75,30624.00,30619.25,30619.75,109,30616.25,30616.75,0.50
2026-06-02 10:16:56,30619.50,30620.00,30616.50,30616.50,126,30616.25,30616.75,0.50
2026-06-02 10:16:57,30616.50,30616.50,30614.25,30614.50,125,30611.50,30612.00,0.50
2026-06-02 10:16:58,30614.50,30615.00,30610.25,30611.50,407,30611.50,30612.00,0.50
2026-06-02 10:16:59,30611.50,30613.25,30611.25,30612.75,131,30612.00,30612.50,0.50
2026-06-02 10:17:00,30612.75,30614.50,30612.00,30612.00,142,30612.50,30612.75,0.25
2026-06-02 10:17:01,30612.00,30613.50,30610.50,30613.50,189,30612.50,30612.75,0.25
2026-06-02 10:17:02,30612.75,30614.25,30612.50,30613.50,96,30613.25,30613.75,0.50
2026-06-02 10:17:03,30613.25,30613.75,30607.75,30608.50,366,30608.75,30609.25,0.50
2026-06-02 10:17:04,30608.75,30611.25,30608.25,30608.75,216,30608.50,30609.00,0.50
2026-06-02 10:17:05,30609.25,30609.25,30608.00,30608.75,137,30606.00,30606.50,0.50
2026-06-02 10:17:06,30608.75,30608.75,30605.00,30606.25,354,30605.00,30605.25,0.25
2026-06-02 10:17:07,30606.00,30607.50,30605.00,30605.00,279,30604.75,30605.25,0.50
2026-06-02 10:17:08,30605.00,30605.75,30602.25,30604.75,344,30603.75,30604.25,0.50
2026-06-02 10:17:09,30604.75,30606.00,30602.50,30604.00,182,30604.50,30604.75,0.25
2026-06-02 10:17:10,30604.00,30606.25,30604.00,30604.75,138,30603.25,30603.75,0.50
2026-06-02 10:17:11,30604.75,30606.25,30603.25,30603.25,137,30604.75,30605.00,0.25
2026-06-02 10:17:12,30603.25,30605.00,30603.00,30605.00,73,30604.75,30605.25,0.50
2026-06-02 10:17:13,30604.75,30605.75,30604.25,30604.75,83,30604.75,30605.25,0.50
2026-06-02 10:17:14,30605.50,30605.75,30604.00,30605.25,49,30603.75,30604.00,0.25
2026-06-02 10:17:15,30604.25,30604.50,30602.75,30603.50,97,30603.75,30604.00,0.25
2026-06-02 10:17:16,30604.00,30605.50,30603.50,30604.00,92,30606.25,30606.75,0.50
2026-06-02 10:17:17,30603.50,30607.00,30603.00,30607.00,79,30605.00,30605.50,0.50
2026-06-02 10:17:18,30606.50,30606.50,30604.75,30605.00,111,30603.25,30603.75,0.50
2026-06-02 10:17:19,30605.50,30605.50,30603.25,30603.75,46,30603.25,30603.75,0.50
2026-06-02 10:17:20,30603.50,30605.50,30603.50,30605.25,61,30606.75,30607.25,0.50
2026-06-02 10:17:21,30605.25,30607.25,30604.50,30606.75,83,30606.25,30606.75,0.50
2026-06-02 10:17:22,30606.75,30607.25,30606.00,30607.00,61,30606.50,30607.00,0.50
2026-06-02 10:17:23,30607.00,30607.25,30606.00,30606.75,40,30606.50,30607.00,0.50
2026-06-02 10:17:24,30606.75,30607.25,30605.25,30606.50,94,30606.75,30607.25,0.50
2026-06-02 10:17:25,30606.50,30607.00,30605.75,30606.75,17,30606.75,30607.25,0.50
2026-06-02 10:17:26,30606.75,30607.50,30605.50,30607.25,48,30610.50,30611.00,0.50
2026-06-02 10:17:27,30607.25,30612.00,30607.00,30611.00,223,30610.50,30611.00,0.50
2026-06-02 10:17:28,30610.75,30611.00,30609.25,30610.50,89,30607.75,30608.00,0.25
2026-06-02 10:17:29,30611.00,30611.00,30607.75,30607.75,137,30607.75,30608.00,0.25
2026-06-02 10:17:30,30608.00,30609.25,30607.75,30608.50,88,30606.00,30606.50,0.50
2026-06-02 10:17:31,30608.25,30609.25,30606.00,30606.00,78,30606.50,30607.00,0.50
2026-06-02 10:17:32,30606.50,30607.00,30606.00,30606.75,32,30607.00,30607.25,0.25
2026-06-02 10:17:33,30606.50,30607.25,30605.75,30606.75,55,30609.25,30609.50,0.25
2026-06-02 10:17:34,30607.25,30609.25,30606.75,30609.25,42,30607.75,30608.25,0.50
2026-06-02 10:17:35,30609.50,30609.75,30608.00,30608.00,52,30611.00,30611.50,0.50
2026-06-02 10:17:36,30608.25,30611.50,30608.00,30611.25,97,30611.00,30611.50,0.50
2026-06-02 10:17:37,30611.50,30613.50,30610.50,30612.00,155,30610.50,30611.00,0.50
2026-06-02 10:17:38,30612.00,30613.75,30610.75,30611.00,252,30610.50,30611.00,0.50
2026-06-02 10:17:39,30610.75,30611.25,30609.25,30610.50,45,30609.75,30610.25,0.50
2026-06-02 10:17:40,30610.75,30610.75,30609.50,30609.75,36,30608.25,30608.75,0.50
2026-06-02 10:17:41,30610.00,30610.00,30607.75,30608.25,84,30608.50,30609.00,0.50
2026-06-02 10:17:42,30608.25,30610.00,30608.25,30608.50,26,30608.50,30609.00,0.50
2026-06-02 10:17:43,30608.50,30609.75,30608.00,30608.00,35,30608.50,30609.00,0.50
2026-06-02 10:17:44,30609.00,30609.75,30608.75,30608.75,26,30609.00,30609.50,0.50
2026-06-02 10:17:45,30608.50,30609.75,30608.50,30608.75,28,30607.25,30607.75,0.50
2026-06-02 10:17:46,30609.50,30609.50,30607.00,30607.00,41,30608.00,30608.50,0.50
2026-06-02 10:17:47,30607.75,30608.50,30607.50,30608.00,32,30608.50,30609.00,0.50
2026-06-02 10:17:48,30608.75,30609.00,30608.25,30608.50,53,30607.25,30607.50,0.25
2026-06-02 10:17:49,30608.50,30609.25,30607.00,30607.50,13,30607.00,30607.25,0.25
2026-06-02 10:17:50,30607.50,30608.25,30605.00,30606.75,207,30607.75,30608.25,0.50
2026-06-02 10:17:51,30607.00,30608.50,30606.00,30608.00,56,30609.50,30610.00,0.50
2026-06-02 10:17:52,30607.75,30610.25,30607.00,30609.75,55,30610.00,30610.25,0.25
2026-06-02 10:17:53,30609.75,30610.25,30609.00,30610.25,39,30608.75,30609.00,0.25
2026-06-02 10:17:54,30610.25,30611.50,30609.00,30609.25,90,30608.75,30609.00,0.25
2026-06-02 10:17:55,30608.75,30609.25,30608.25,30609.00,25,30609.50,30609.75,0.25
2026-06-02 10:17:56,30609.25,30610.00,30609.00,30609.50,36,30609.25,30609.75,0.50
2026-06-02 10:17:57,30609.75,30611.00,30609.25,30609.75,54,30609.25,30609.75,0.50
2026-06-02 10:17:58,30609.50,30610.50,30609.00,30609.50,45,30609.50,30609.75,0.25
2026-06-02 10:17:59,30609.50,30610.00,30609.00,30609.50,36,30610.50,30611.00,0.50
2026-06-02 10:18:00,30609.25,30610.25,30609.25,30610.00,25,30612.50,30612.75,0.25
2026-06-02 10:18:01,30610.50,30613.25,30610.25,30612.50,181,30611.00,30611.50,0.50
2026-06-02 10:18:02,30613.00,30613.00,30609.75,30611.25,95,30611.75,30612.00,0.25
2026-06-02 10:18:03,30611.25,30613.00,30611.25,30612.25,86,30610.00,30610.50,0.50
2026-06-02 10:18:04,30611.75,30612.00,30610.00,30610.00,177,30609.50,30610.00,0.50
2026-06-02 10:18:05,30609.75,30610.25,30608.00,30609.75,107,30610.50,30611.00,0.50
2026-06-02 10:18:06,30609.50,30611.25,30608.25,30610.75,96,30610.00,30610.50,0.50
2026-06-02 10:18:07,30611.00,30611.00,30609.25,30610.50,88,30610.25,30610.75,0.50
2026-06-02 10:18:08,30610.50,30612.25,30609.50,30610.50,76,30610.25,30610.75,0.50
2026-06-02 10:18:09,30610.50,30613.50,30610.25,30613.00,78,30613.25,30613.50,0.25
2026-06-02 10:18:10,30613.25,30615.75,30613.00,30615.00,253,30614.00,30614.50,0.50
2026-06-02 10:18:11,30615.25,30615.25,30613.25,30614.50,179,30613.25,30613.75,0.50
2026-06-02 10:18:12,30613.75,30615.00,30613.25,30613.75,73,30613.25,30613.75,0.50
2026-06-02 10:18:13,30613.50,30614.25,30612.00,30613.25,107,30616.00,30616.50,0.50
2026-06-02 10:18:14,30613.50,30617.25,30612.00,30616.50,176,30618.50,30618.75,0.25
2026-06-02 10:18:15,30616.25,30618.50,30616.00,30618.25,169,30618.50,30618.75,0.25
2026-06-02 10:18:16,30618.50,30619.00,30616.00,30616.50,329,30618.25,30618.75,0.50
2026-06-02 10:18:17,30616.50,30618.75,30616.50,30618.75,116,30618.25,30618.75,0.50
2026-06-02 10:18:18,30618.50,30618.75,30616.50,30618.25,147,30618.25,30618.75,0.50
2026-06-02 10:18:19,30618.25,30619.50,30617.75,30619.00,119,30618.25,30618.75,0.50
2026-06-02 10:18:20,30618.75,30619.00,30615.25,30616.25,189,30616.25,30616.50,0.25
2026-06-02 10:18:21,30616.25,30616.75,30615.00,30616.25,110,30617.50,30617.75,0.25
2026-06-02 10:18:22,30615.50,30618.00,30615.25,30617.75,79,30617.00,30617.50,0.50
2026-06-02 10:18:23,30617.50,30618.25,30617.00,30617.50,40,30617.25,30617.50,0.25
2026-06-02 10:18:24,30617.00,30617.50,30616.00,30617.50,68,30616.75,30617.00,0.25
2026-06-02 10:18:25,30617.25,30617.50,30616.25,30617.00,64,30617.25,30617.50,0.25
2026-06-02 10:18:26,30616.50,30617.75,30616.25,30617.50,46,30617.50,30618.00,0.50
2026-06-02 10:18:27,30617.75,30618.00,30616.75,30617.50,28,30618.75,30619.25,0.50
2026-06-02 10:18:28,30618.00,30619.00,30617.00,30619.00,91,30617.25,30617.75,0.50
2026-06-02 10:18:29,30618.75,30619.25,30617.25,30617.50,44,30617.25,30617.50,0.25
2026-06-02 10:18:30,30617.75,30618.25,30616.75,30616.75,39,30618.50,30619.00,0.50
2026-06-02 10:18:31,30617.50,30620.00,30617.25,30618.75,238,30618.00,30618.50,0.50
2026-06-02 10:18:32,30618.25,30618.25,30617.25,30618.25,58,30619.50,30619.75,0.25
2026-06-02 10:18:33,30619.25,30619.50,30618.75,30619.50,37,30621.00,30621.50,0.50
2026-06-02 10:18:34,30619.75,30621.00,30618.25,30620.75,147,30621.00,30621.50,0.50
2026-06-02 10:18:35,30621.00,30622.25,30621.00,30622.00,71,30621.50,30621.75,0.25
2026-06-02 10:18:36,30622.25,30622.75,30621.25,30621.75,117,30621.25,30621.75,0.50
2026-06-02 10:18:37,30621.75,30622.00,30620.75,30621.75,87,30621.00,30621.50,0.50
2026-06-02 10:18:38,30620.75,30622.00,30620.25,30620.75,41,30621.00,30621.50,0.50
2026-06-02 10:18:39,30621.25,30622.00,30620.50,30621.25,52,30621.50,30622.00,0.50
2026-06-02 10:18:40,30621.50,30622.25,30618.50,30618.75,107,30616.50,30617.00,0.50
2026-06-02 10:18:41,30618.50,30619.75,30616.75,30616.75,140,30615.25,30615.75,0.50
2026-06-02 10:18:42,30616.50,30617.00,30615.00,30615.25,145,30614.25,30614.50,0.25
2026-06-02 10:18:43,30615.25,30615.50,30613.50,30614.25,96,30614.50,30615.00,0.50
2026-06-02 10:18:44,30614.25,30615.50,30614.00,30614.75,45,30614.00,30614.25,0.25
2026-06-02 10:18:45,30615.00,30615.25,30614.00,30614.50,35,30614.50,30615.00,0.50
2026-06-02 10:18:46,30614.25,30615.25,30614.00,30614.25,41,30614.25,30614.50,0.25
2026-06-02 10:18:47,30614.75,30614.75,30613.00,30614.00,45,30618.50,30619.00,0.50
2026-06-02 10:18:48,30614.75,30619.25,30614.00,30618.50,82,30618.75,30619.25,0.50
2026-06-02 10:18:49,30618.75,30619.50,30618.00,30618.75,67,30620.50,30621.00,0.50
2026-06-02 10:18:50,30618.75,30621.50,30618.75,30621.00,88,30622.00,30622.25,0.25
2026-06-02 10:18:51,30620.50,30622.50,30620.50,30622.25,57,30622.75,30623.25,0.50
2026-06-02 10:18:52,30622.25,30624.25,30622.00,30623.00,161,30622.75,30623.25,0.50
2026-06-02 10:18:53,30623.25,30623.25,30621.25,30621.50,94,30620.50,30621.00,0.50
2026-06-02 10:18:54,30621.50,30621.75,30620.25,30620.25,62,30621.25,30621.50,0.25
2026-06-02 10:18:55,30621.25,30621.50,30620.25,30621.50,50,30621.00,30621.50,0.50
2026-06-02 10:18:56,30621.75,30622.00,30620.50,30621.25,34,30618.75,30619.25,0.50
2026-06-02 10:18:57,30621.00,30621.25,30618.50,30619.25,64,30618.00,30618.25,0.25
2026-06-02 10:18:58,30618.75,30619.00,30617.75,30618.00,56,30619.25,30619.50,0.25
2026-06-02 10:18:59,30618.00,30619.50,30617.75,30618.75,33,30620.25,30620.75,0.50
2026-06-02 10:19:00,30619.50,30620.50,30619.00,30620.00,39,30619.00,30619.50,0.50
2026-06-02 10:19:01,30620.75,30620.75,30619.00,30619.25,53,30619.00,30619.50,0.50
2026-06-02 10:19:02,30619.25,30622.00,30618.75,30620.75,95,30620.75,30621.25,0.50
2026-06-02 10:19:03,30621.00,30623.25,30620.50,30623.25,56,30622.50,30623.00,0.50
2026-06-02 10:19:04,30623.25,30623.50,30622.25,30622.75,55,30622.50,30623.00,0.50
2026-06-02 10:19:05,30623.00,30623.75,30622.25,30622.75,47,30624.00,30624.25,0.25
2026-06-02 10:19:06,30622.50,30624.25,30622.50,30624.25,45,30622.50,30623.00,0.50
2026-06-02 10:19:07,30624.25,30625.75,30621.75,30623.00,337,30621.00,30621.25,0.25
2026-06-02 10:19:08,30623.00,30623.00,30619.50,30621.25,172,30619.00,30619.50,0.50
2026-06-02 10:19:09,30621.25,30621.75,30618.75,30619.50,80,30620.25,30620.50,0.25
2026-06-02 10:19:10,30619.00,30620.75,30619.00,30620.50,65,30620.50,30621.00,0.50
2026-06-02 10:19:11,30620.75,30620.75,30619.25,30620.50,58,30620.00,30620.25,0.25
2026-06-02 10:19:12,30620.50,30621.00,30618.75,30620.00,51,30623.50,30623.75,0.25
2026-06-02 10:19:13,30620.00,30623.25,30619.75,30623.25,63,30623.50,30623.75,0.25
2026-06-02 10:19:14,30623.25,30627.25,30623.00,30624.50,286,30621.50,30622.00,0.50
2026-06-02 10:19:15,30623.50,30623.75,30620.75,30622.25,57,30624.25,30624.50,0.25
2026-06-02 10:19:16,30621.50,30624.25,30621.00,30623.75,46,30624.50,30624.75,0.25
2026-06-02 10:19:17,30624.50,30625.00,30623.50,30625.00,51,30624.25,30624.75,0.50
2026-06-02 10:19:18,30624.75,30625.00,30623.75,30624.75,69,30623.75,30624.25,0.50
2026-06-02 10:19:19,30624.25,30625.00,30623.50,30624.00,45,30622.00,30622.50,0.50
2026-06-02 10:19:20,30624.00,30624.00,30622.00,30622.00,42,30622.75,30623.00,0.25
2026-06-02 10:19:21,30622.50,30623.25,30622.50,30622.75,30,30621.75,30622.25,0.50
2026-06-02 10:19:22,30622.50,30623.75,30622.00,30622.00,43,30621.00,30621.25,0.25
2026-06-02 10:19:23,30621.75,30621.75,30620.25,30620.50,77,30621.75,30622.00,0.25
2026-06-02 10:19:24,30621.00,30622.25,30621.00,30622.00,30,30622.25,30622.50,0.25
2026-06-02 10:19:25,30621.50,30623.75,30621.50,30622.75,36,30622.00,30622.50,0.50
2026-06-02 10:19:26,30622.25,30623.00,30621.75,30621.75,35,30623.25,30623.50,0.25
2026-06-02 10:19:27,30622.75,30623.50,30622.25,30623.50,39,30623.50,30623.75,0.25
2026-06-02 10:19:28,30623.25,30623.75,30622.75,30623.25,38,30622.50,30622.75,0.25
2026-06-02 10:19:29,30623.00,30624.00,30622.75,30622.75,27,30621.50,30622.00,0.50
2026-06-02 10:19:30,30622.50,30622.50,30621.50,30621.50,22,30621.50,30622.00,0.50
2026-06-02 10:19:31,30621.50,30622.00,30620.75,30621.00,59,30621.00,30621.50,0.50
2026-06-02 10:19:32,30621.25,30622.00,30621.00,30621.00,20,30619.50,30619.75,0.25
2026-06-02 10:19:33,30621.50,30622.25,30619.50,30619.75,79,30620.50,30620.75,0.25
2026-06-02 10:19:34,30619.75,30620.75,30618.75,30620.25,75,30621.75,30622.00,0.25
2026-06-02 10:19:35,30620.75,30622.75,30620.25,30622.00,101,30622.25,30622.50,0.25
2026-06-02 10:19:36,30621.75,30622.50,30621.25,30622.25,32,30622.25,30622.75,0.50
2026-06-02 10:19:37,30622.50,30623.00,30622.25,30622.75,39,30624.00,30624.25,0.25
2026-06-02 10:19:38,30622.50,30624.25,30622.00,30624.00,64,30623.50,30624.00,0.50
2026-06-02 10:19:39,30624.25,30624.50,30623.25,30624.00,39,30623.50,30624.00,0.50
2026-06-02 10:19:40,30624.00,30627.25,30623.25,30627.00,245,30625.25,30625.75,0.50
2026-06-02 10:19:41,30626.75,30626.75,30624.75,30625.50,93,30625.25,30625.75,0.50
2026-06-02 10:19:42,30625.75,30626.50,30624.75,30625.50,76,30625.25,30625.75,0.50
2026-06-02 10:19:43,30625.50,30628.25,30625.25,30627.25,118,30626.75,30627.25,0.50
2026-06-02 10:19:44,30627.50,30628.25,30626.50,30627.00,161,30627.00,30627.50,0.50
2026-06-02 10:19:45,30627.00,30628.00,30626.50,30627.25,69,30626.50,30627.00,0.50
2026-06-02 10:19:46,30627.50,30629.50,30625.75,30626.75,163,30627.50,30628.00,0.50
2026-06-02 10:19:47,30627.75,30628.50,30626.50,30628.00,82,30627.75,30628.25,0.50
2026-06-02 10:19:48,30627.75,30628.50,30627.50,30628.00,30,30628.25,30628.75,0.50
2026-06-02 10:19:49,30627.75,30628.75,30627.50,30628.75,34,30628.25,30628.75,0.50
2026-06-02 10:19:50,30628.75,30628.75,30627.00,30627.75,52,30627.00,30627.50,0.50
2026-06-02 10:19:51,30627.50,30627.75,30625.75,30627.25,51,30626.50,30627.00,0.50
2026-06-02 10:19:52,30627.50,30627.50,30625.00,30626.75,81,30626.50,30627.00,0.50
2026-06-02 10:19:53,30626.50,30627.50,30625.50,30627.25,81,30626.50,30627.00,0.50
2026-06-02 10:19:54,30626.50,30627.25,30626.25,30627.00,30,30626.50,30627.00,0.50
2026-06-02 10:19:55,30627.25,30627.25,30626.25,30627.25,40,30624.00,30624.50,0.50
2026-06-02 10:19:56,30626.50,30626.75,30623.25,30624.25,118,30624.50,30625.00,0.50
2026-06-02 10:19:57,30624.50,30625.00,30624.00,30624.75,72,30624.50,30625.00,0.50
2026-06-02 10:19:58,30624.75,30625.75,30622.00,30623.75,249,30624.50,30624.75,0.25
2026-06-02 10:19:59,30624.00,30625.00,30623.75,30624.75,24,30626.00,30626.25,0.25
2026-06-02 10:20:00,30624.50,30626.50,30624.50,30626.00,133,30626.25,30626.75,0.50
2026-06-02 10:20:01,30626.25,30626.75,30625.00,30626.50,116,30623.25,30623.50,0.25
2026-06-02 10:20:02,30626.50,30626.75,30623.50,30623.50,57,30623.75,30624.00,0.25
2026-06-02 10:20:03,30623.25,30624.00,30622.50,30623.50,73,30623.75,30624.00,0.25
2026-06-02 10:20:04,30624.00,30624.50,30622.25,30623.25,55,30623.00,30623.50,0.50
2026-06-02 10:20:05,30623.25,30624.25,30622.50,30623.25,82,30622.75,30623.25,0.50
2026-06-02 10:20:06,30623.50,30624.25,30621.75,30623.50,53,30624.50,30625.00,0.50
2026-06-02 10:20:07,30623.25,30625.25,30623.25,30625.00,57,30622.50,30622.75,0.25
2026-06-02 10:20:08,30625.00,30625.00,30622.75,30623.00,40,30622.75,30623.25,0.50
2026-06-02 10:20:09,30622.75,30623.25,30621.75,30623.25,38,30624.00,30624.25,0.25
2026-06-02 10:20:10,30623.00,30625.25,30623.00,30624.25,65,30626.75,30627.00,0.25
2026-06-02 10:20:11,30624.00,30627.00,30623.25,30626.75,80,30626.75,30627.00,0.25
2026-06-02 10:20:12,30626.75,30628.50,30626.50,30628.00,79,30628.00,30628.50,0.50
2026-06-02 10:20:13,30628.75,30629.25,30627.50,30628.25,88,30630.50,30631.00,0.50
2026-06-02 10:20:14,30628.25,30631.50,30628.25,30631.00,310,30633.75,30634.25,0.50
2026-06-02 10:20:15,30631.25,30634.25,30630.50,30634.25,275,30634.75,30635.25,0.50
2026-06-02 10:20:16,30634.25,30635.50,30634.00,30635.25,305,30633.50,30634.00,0.50
2026-06-02 10:20:17,30634.75,30634.75,30632.25,30633.50,206,30634.50,30635.00,0.50
2026-06-02 10:20:18,30633.00,30634.75,30629.50,30634.75,302,30634.25,30634.50,0.25
2026-06-02 10:20:19,30634.50,30635.25,30634.25,30634.75,85,30634.50,30635.00,0.50
2026-06-02 10:20:20,30634.50,30635.50,30634.00,30635.00,77,30636.75,30637.25,0.50
2026-06-02 10:20:21,30634.50,30637.75,30634.00,30637.25,267,30636.75,30637.25,0.50
2026-06-02 10:20:22,30637.25,30637.50,30636.25,30636.25,180,30635.75,30636.25,0.50
2026-06-02 10:20:23,30636.00,30637.75,30635.75,30637.75,106,30636.75,30637.25,0.50
2026-06-02 10:20:24,30637.25,30637.75,30636.50,30636.75,108,30636.25,30636.50,0.25
2026-06-02 10:20:25,30637.25,30637.75,30636.25,30636.25,105,30636.25,30636.75,0.50
2026-06-02 10:20:26,30636.75,30640.00,30636.50,30637.00,341,30636.25,30636.75,0.50
2026-06-02 10:20:27,30636.25,30636.75,30635.00,30636.25,108,30635.25,30635.75,0.50
2026-06-02 10:20:28,30635.75,30637.00,30635.25,30635.25,78,30635.00,30635.50,0.50
2026-06-02 10:20:29,30635.25,30635.75,30633.75,30635.50,135,30635.75,30636.25,0.50
2026-06-02 10:20:30,30635.50,30637.00,30634.75,30636.00,103,30634.75,30635.25,0.50
2026-06-02 10:20:31,30636.25,30636.25,30634.50,30635.25,58,30635.25,30635.75,0.50
2026-06-02 10:20:32,30635.50,30636.25,30634.50,30636.00,58,30635.50,30636.00,0.50
2026-06-02 10:20:33,30635.25,30636.75,30635.00,30635.50,46,30635.00,30635.25,0.25
2026-06-02 10:20:34,30636.00,30637.50,30634.75,30635.25,139,30635.00,30635.25,0.25
2026-06-02 10:20:35,30635.25,30635.25,30632.75,30633.00,142,30633.75,30634.00,0.25
2026-06-02 10:20:36,30633.25,30634.00,30633.25,30633.75,40,30632.50,30633.00,0.50
2026-06-02 10:20:37,30633.75,30633.75,30630.00,30633.00,238,30633.25,30633.50,0.25
2026-06-02 10:20:38,30633.00,30633.75,30632.25,30633.75,89,30631.75,30632.25,0.50
2026-06-02 10:20:39,30633.50,30633.75,30631.50,30632.00,36,30630.75,30631.25,0.50
2026-06-02 10:20:40,30631.75,30632.25,30630.00,30630.75,102,30631.50,30631.75,0.25
2026-06-02 10:20:41,30630.75,30631.50,30630.00,30631.50,61,30633.00,30633.25,0.25
2026-06-02 10:20:42,30631.50,30633.00,30631.50,30633.00,51,30631.25,30631.75,0.50
2026-06-02 10:20:43,30632.25,30632.50,30631.00,30631.25,46,30631.50,30632.00,0.50
2026-06-02 10:20:44,30631.25,30632.75,30631.00,30632.25,24,30633.75,30634.00,0.25
2026-06-02 10:20:45,30632.00,30634.25,30631.75,30633.75,41,30633.75,30634.25,0.50
2026-06-02 10:20:46,30633.50,30634.50,30633.25,30633.50,38,30633.50,30634.00,0.50
2026-06-02 10:20:47,30634.25,30634.25,30633.50,30634.00,35,30634.00,30634.25,0.25
2026-06-02 10:20:48,30634.00,30635.50,30633.50,30634.00,149,30632.50,30632.75,0.25
2026-06-02 10:20:49,30634.00,30634.25,30632.50,30633.00,51,30630.75,30631.00,0.25
2026-06-02 10:20:50,30632.75,30632.75,30630.75,30631.00,45,30629.25,30629.50,0.25
2026-06-02 10:20:51,30630.75,30631.00,30629.25,30629.50,79,30626.00,30626.50,0.50
2026-06-02 10:20:52,30629.75,30630.00,30625.00,30626.00,248,30625.75,30626.25,0.50
2026-06-02 10:20:53,30626.50,30626.50,30623.50,30626.00,151,30625.75,30626.25,0.50
2026-06-02 10:20:54,30625.75,30627.50,30625.50,30626.00,103,30626.50,30626.75,0.25
2026-06-02 10:20:55,30625.75,30628.75,30625.00,30626.25,232,30627.00,30627.25,0.25
2026-06-02 10:20:56,30626.00,30627.00,30624.75,30626.50,124,30628.75,30629.00,0.25
2026-06-02 10:20:57,30627.75,30629.50,30627.75,30629.00,40,30626.25,30626.75,0.50
2026-06-02 10:20:58,30628.75,30628.75,30626.50,30626.75,53,30624.50,30625.00,0.50
2026-06-02 10:20:59,30626.75,30627.00,30624.25,30624.75,70,30626.25,30626.75,0.50
2026-06-02 10:21:00,30625.00,30626.75,30624.75,30626.75,77,30625.00,30625.50,0.50
2026-06-02 10:21:01,30626.00,30626.75,30624.50,30625.00,88,30626.00,30626.25,0.25
2026-06-02 10:21:02,30625.75,30626.25,30624.25,30626.25,87,30626.75,30627.00,0.25
2026-06-02 10:21:03,30626.50,30627.75,30625.50,30626.75,77,30628.50,30628.75,0.25
2026-06-02 10:21:04,30627.00,30628.75,30626.25,30628.50,85,30628.00,30628.25,0.25
2026-06-02 10:21:05,30628.50,30629.00,30628.00,30628.25,49,30627.75,30628.00,0.25
2026-06-02 10:21:06,30628.25,30628.25,30627.00,30627.75,38,30628.00,30628.25,0.25
2026-06-02 10:21:07,30628.00,30628.50,30627.75,30628.00,25,30626.25,30626.50,0.25
2026-06-02 10:21:08,30627.75,30628.00,30623.50,30626.75,112,30626.25,30626.50,0.25
2026-06-02 10:21:09,30626.25,30628.25,30626.25,30626.50,69,30624.25,30624.75,0.50
2026-06-02 10:21:10,30626.25,30626.50,30623.75,30624.25,102,30624.75,30625.25,0.50
2026-06-02 10:21:11,30624.25,30625.25,30624.00,30625.00,68,30623.75,30624.00,0.25
2026-06-02 10:21:12,30625.25,30625.50,30623.25,30623.75,65,30623.75,30624.00,0.25
2026-06-02 10:21:13,30623.75,30624.75,30622.75,30623.75,122,30623.25,30623.75,0.50
2026-06-02 10:21:14,30623.75,30624.50,30623.25,30623.50,64,30624.00,30624.50,0.50
2026-06-02 10:21:15,30623.75,30624.50,30622.75,30624.00,117,30625.00,30625.50,0.50
2026-06-02 10:21:16,30624.00,30625.75,30624.00,30625.00,80,30625.75,30626.00,0.25
2026-06-02 10:21:17,30625.25,30626.25,30624.50,30625.50,60,30623.75,30624.00,0.25
2026-06-02 10:21:18,30625.75,30626.00,30623.75,30623.75,46,30620.50,30621.00,0.50
2026-06-02 10:21:19,30623.50,30623.50,30620.00,30620.25,294,30620.00,30620.50,0.50
2026-06-02 10:21:20,30620.75,30621.50,30614.00,30620.00,695,30618.75,30619.25,0.50
2026-06-02 10:21:21,30620.00,30620.50,30618.25,30619.00,151,30618.50,30619.00,0.50
2026-06-02 10:21:22,30618.75,30621.25,30617.00,30618.50,121,30618.00,30618.50,0.50
2026-06-02 10:21:23,30618.50,30620.00,30618.00,30618.00,146,30618.50,30619.00,0.50
2026-06-02 10:21:24,30617.75,30618.75,30617.25,30618.50,95,30620.00,30620.25,0.25
2026-06-02 10:21:25,30618.50,30620.25,30618.25,30620.25,93,30620.25,30620.75,0.50
2026-06-02 10:21:26,30620.00,30622.00,30619.75,30620.50,128,30617.25,30617.75,0.50
2026-06-02 10:21:27,30620.25,30620.25,30617.00,30617.00,38,30618.00,30618.25,0.25
2026-06-02 10:21:28,30617.50,30618.25,30616.50,30618.25,54,30618.50,30619.00,0.50
2026-06-02 10:21:29,30618.00,30620.25,30618.00,30618.75,112,30618.75,30619.25,0.50
2026-06-02 10:21:30,30619.00,30620.50,30617.50,30619.00,71,30619.25,30619.75,0.50
2026-06-02 10:21:31,30618.75,30620.00,30617.25,30619.50,107,30619.50,30620.00,0.50
2026-06-02 10:21:32,30619.50,30620.75,30618.25,30620.00,61,30617.75,30618.25,0.50
2026-06-02 10:21:33,30620.25,30620.25,30618.00,30618.00,51,30617.75,30618.25,0.50
2026-06-02 10:21:34,30617.75,30618.75,30616.75,30618.25,98,30618.50,30619.00,0.50
2026-06-02 10:21:35,30618.00,30619.50,30618.00,30618.75,29,30618.50,30619.00,0.50
2026-06-02 10:21:36,30618.25,30619.25,30618.25,30619.25,35,30619.00,30619.25,0.25
2026-06-02 10:21:37,30619.00,30621.00,30619.00,30619.25,73,30618.00,30618.50,0.50
2026-06-02 10:21:38,30619.25,30619.75,30618.00,30618.25,42,30617.25,30617.75,0.50
2026-06-02 10:21:39,30618.00,30618.25,30617.00,30617.25,69,30616.75,30617.25,0.50
2026-06-02 10:21:40,30617.75,30618.00,30616.00,30617.00,48,30616.75,30617.25,0.50
2026-06-02 10:21:41,30617.00,30617.00,30612.50,30614.50,204,30618.50,30618.75,0.25
2026-06-02 10:21:42,30614.25,30620.25,30613.75,30618.75,272,30618.50,30618.75,0.25
2026-06-02 10:21:43,30618.50,30619.00,30615.75,30617.25,59,30618.50,30619.00,0.50
2026-06-02 10:21:44,30617.50,30619.25,30617.00,30618.50,51,30616.50,30617.00,0.50
2026-06-02 10:21:45,30618.50,30618.50,30616.50,30616.75,72,30616.50,30617.00,0.50
2026-06-02 10:21:46,30616.75,30619.00,30616.75,30619.00,44,30618.75,30619.00,0.25
2026-06-02 10:21:47,30618.75,30621.25,30618.75,30619.50,77,30617.75,30618.25,0.50
2026-06-02 10:21:48,30619.25,30621.25,30616.50,30618.25,246,30619.75,30620.25,0.50
2026-06-02 10:21:49,30618.00,30620.25,30618.00,30619.75,49,30618.25,30618.75,0.50
2026-06-02 10:21:50,30619.50,30619.50,30617.75,30618.25,58,30614.75,30615.25,0.50
2026-06-02 10:21:51,30618.25,30619.00,30614.25,30615.00,84,30612.75,30613.25,0.50
2026-06-02 10:21:52,30615.25,30615.25,30611.75,30613.00,245,30612.75,30613.25,0.50
2026-06-02 10:21:53,30613.00,30614.00,30611.75,30613.00,112,30612.25,30612.75,0.50
2026-06-02 10:21:54,30613.50,30613.75,30612.00,30612.25,58,30612.25,30612.75,0.50
2026-06-02 10:21:55,30613.00,30613.25,30611.75,30612.75,55,30613.75,30614.25,0.50
2026-06-02 10:21:56,30612.25,30614.00,30612.00,30614.00,88,30612.00,30612.50,0.50
2026-06-02 10:21:57,30613.75,30614.00,30610.00,30612.50,297,30610.25,30610.50,0.25
2026-06-02 10:21:58,30612.00,30613.00,30609.25,30610.25,155,30608.75,30609.25,0.50
2026-06-02 10:21:59,30610.50,30610.75,30604.75,30609.00,606,30608.50,30609.00,0.50
2026-06-02 10:22:00,30609.25,30609.25,30607.25,30608.75,161,30611.75,30612.25,0.50
2026-06-02 10:22:01,30608.50,30612.25,30608.25,30612.25,243,30612.75,30613.25,0.50
2026-06-02 10:22:02,30612.00,30614.25,30611.25,30613.00,154,30609.25,30609.50,0.25
2026-06-02 10:22:03,30613.25,30613.50,30608.50,30609.50,104,30610.00,30610.25,0.25
2026-06-02 10:22:04,30609.50,30610.75,30608.25,30610.00,158,30610.00,30610.25,0.25
2026-06-02 10:22:05,30610.00,30610.75,30607.50,30607.75,195,30606.50,30607.00,0.50
2026-06-02 10:22:06,30608.25,30608.50,30606.50,30606.50,153,30606.50,30607.00,0.50
2026-06-02 10:22:07,30606.75,30607.50,30606.50,30607.25,154,30610.00,30610.50,0.50
2026-06-02 10:22:08,30607.25,30611.00,30607.25,30610.50,202,30610.00,30610.50,0.50
2026-06-02 10:22:09,30610.00,30611.50,30609.50,30610.00,91,30610.75,30611.25,0.50
2026-06-02 10:22:10,30610.50,30611.25,30608.50,30611.25,55,30611.75,30612.00,0.25
2026-06-02 10:22:11,30611.25,30611.75,30609.75,30611.75,87,30613.75,30614.25,0.50
2026-06-02 10:22:12,30611.50,30614.50,30611.50,30614.00,92,30613.00,30613.50,0.50
2026-06-02 10:22:13,30613.75,30614.00,30612.75,30613.50,66,30613.50,30614.00,0.50
2026-06-02 10:22:14,30613.00,30614.50,30612.50,30613.75,40,30613.75,30614.25,0.50
2026-06-02 10:22:15,30613.50,30615.00,30613.25,30614.00,47,30615.75,30616.25,0.50
2026-06-02 10:22:16,30614.25,30616.50,30614.25,30616.00,111,30612.25,30612.75,0.50
2026-06-02 10:22:17,30615.75,30616.25,30612.00,30612.75,101,30612.00,30612.50,0.50
2026-06-02 10:22:18,30612.75,30614.00,30611.25,30612.50,83,30612.00,30612.50,0.50
2026-06-02 10:22:19,30612.50,30614.25,30612.25,30614.25,49,30614.75,30615.00,0.25
2026-06-02 10:22:20,30614.50,30615.25,30613.25,30614.75,57,30614.75,30615.00,0.25
2026-06-02 10:22:21,30614.75,30616.50,30614.50,30615.50,72,30613.75,30614.25,0.50
2026-06-02 10:22:22,30615.00,30615.75,30613.75,30613.75,50,30614.25,30614.50,0.25
2026-06-02 10:22:23,30614.25,30615.50,30614.00,30614.25,67,30612.25,30612.75,0.50
2026-06-02 10:22:24,30614.25,30614.75,30612.50,30612.75,62,30612.75,30613.25,0.50
2026-06-02 10:22:25,30612.75,30614.00,30612.50,30612.75,66,30612.25,30612.75,0.50
2026-06-02 10:22:26,30612.75,30613.75,30612.50,30612.50,31,30612.75,30613.00,0.25
2026-06-02 10:22:27,30612.75,30614.50,30612.25,30612.75,48,30614.00,30614.25,0.25
2026-06-02 10:22:28,30612.75,30613.75,30612.50,30613.50,29,30613.50,30614.00,0.50
2026-06-02 10:22:29,30614.00,30614.25,30613.00,30614.00,32,30613.50,30614.00,0.50
2026-06-02 10:22:30,30614.00,30616.25,30613.75,30615.50,32,30613.75,30614.00,0.25
2026-06-02 10:22:31,30613.50,30613.50,30611.50,30613.25,69,30613.50,30614.00,0.50
2026-06-02 10:22:32,30614.00,30614.50,30613.25,30613.50,62,30613.50,30614.00,0.50
2026-06-02 10:22:33,30614.00,30614.50,30613.25,30613.75,33,30609.25,30609.75,0.50
2026-06-02 10:22:34,30613.50,30613.75,30609.00,30609.50,118,30605.75,30606.25,0.50
2026-06-02 10:22:35,30609.75,30609.75,30604.00,30605.75,299,30608.00,30608.50,0.50
2026-06-02 10:22:36,30605.75,30609.50,30605.75,30608.50,178,30607.75,30608.00,0.25
2026-06-02 10:22:37,30608.00,30609.00,30606.50,30607.75,103,30605.75,30606.25,0.50
2026-06-02 10:22:38,30608.00,30608.25,30606.00,30606.00,69,30604.75,30605.00,0.25
2026-06-02 10:22:39,30606.00,30606.25,30602.50,30604.50,202,30606.25,30606.50,0.25
2026-06-02 10:22:40,30604.75,30607.25,30604.50,30606.25,153,30605.75,30606.00,0.25
2026-06-02 10:22:41,30606.25,30607.75,30605.50,30605.75,101,30605.75,30606.00,0.25
2026-06-02 10:22:42,30605.75,30606.25,30604.75,30605.25,110,30605.25,30605.75,0.50
2026-06-02 10:22:43,30605.25,30605.25,30602.75,30604.25,63,30604.00,30604.50,0.50
2026-06-02 10:22:44,30604.25,30604.50,30600.25,30603.25,405,30605.25,30605.75,0.50
2026-06-02 10:22:45,30603.25,30606.75,30603.25,30604.75,205,30605.25,30605.75,0.50
2026-06-02 10:22:46,30605.50,30605.75,30604.50,30605.00,51,30604.75,30605.00,0.25
2026-06-02 10:22:47,30604.50,30605.00,30604.00,30604.50,123,30605.25,30605.75,0.50
2026-06-02 10:22:48,30605.00,30606.50,30605.00,30605.50,79,30605.25,30605.75,0.50
2026-06-02 10:22:49,30605.50,30605.50,30603.00,30603.00,81,30603.00,30603.50,0.50
2026-06-02 10:22:50,30603.50,30604.50,30602.50,30602.50,83,30602.00,30602.25,0.25
2026-06-02 10:22:51,30603.25,30603.50,30601.50,30602.25,150,30599.50,30600.00,0.50
2026-06-02 10:22:52,30602.00,30602.00,30598.25,30599.75,331,30598.25,30598.50,0.25
2026-06-02 10:22:53,30600.00,30600.75,30597.00,30598.25,395,30593.00,30593.50,0.50
2026-06-02 10:22:54,30598.25,30598.50,30592.00,30593.25,1007,30593.00,30593.50,0.50
2026-06-02 10:22:55,30593.00,30595.75,30592.25,30594.25,316,30593.75,30594.00,0.25
2026-06-02 10:22:56,30594.25,30596.25,30593.50,30594.00,256,30593.75,30594.00,0.25
2026-06-02 10:22:57,30594.00,30596.75,30593.50,30595.50,237,30598.00,30598.25,0.25
2026-06-02 10:22:58,30595.25,30598.25,30595.25,30598.25,179,30598.25,30598.75,0.50
2026-06-02 10:22:59,30598.25,30598.75,30597.00,30598.75,128,30594.50,30595.00,0.50
2026-06-02 10:23:00,30598.25,30598.25,30594.25,30594.50,136,30596.50,30597.00,0.50
2026-06-02 10:23:01,30595.00,30598.25,30594.75,30596.75,162,30594.75,30595.25,0.50
2026-06-02 10:23:02,30597.00,30597.75,30594.50,30595.00,152,30595.75,30596.25,0.50
2026-06-02 10:23:03,30595.25,30596.50,30594.00,30595.75,151,30598.50,30598.75,0.25
2026-06-02 10:23:04,30596.00,30599.00,30596.00,30598.50,135,30598.50,30598.75,0.25
2026-06-02 10:23:05,30598.75,30598.75,30595.00,30596.25,122,30597.00,30597.50,0.50
2026-06-02 10:23:06,30596.25,30598.00,30594.25,30597.00,150,30595.25,30595.75,0.50
2026-06-02 10:23:07,30597.00,30598.25,30595.50,30595.75,199,30593.75,30594.25,0.50
2026-06-02 10:23:08,30595.25,30596.50,30593.25,30594.00,146,30593.25,30593.75,0.50
2026-06-02 10:23:09,30594.25,30595.00,30593.25,30593.25,94,30593.25,30593.50,0.25
2026-06-02 10:23:10,30593.50,30594.00,30592.50,30593.25,105,30592.75,30593.25,0.50
2026-06-02 10:23:11,30593.00,30594.25,30592.00,30593.25,142,30593.75,30594.00,0.25
2026-06-02 10:23:12,30593.50,30594.00,30592.50,30594.00,90,30593.75,30594.00,0.25
2026-06-02 10:23:13,30593.75,30596.25,30593.25,30595.75,115,30596.00,30596.50,0.50
2026-06-02 10:23:14,30595.75,30596.25,30594.50,30596.25,84,30594.25,30594.50,0.25
2026-06-02 10:23:15,30596.00,30596.25,30594.25,30594.25,70,30594.25,30594.50,0.25
2026-06-02 10:23:16,30594.25,30595.25,30593.75,30594.50,102,30594.25,30594.75,0.50
2026-06-02 10:23:17,30594.50,30595.00,30594.00,30594.25,97,30592.50,30593.00,0.50
2026-06-02 10:23:18,30594.50,30595.00,30592.50,30593.00,65,30593.00,30593.25,0.25
2026-06-02 10:23:19,30592.50,30594.50,30592.50,30593.75,52,30593.00,30593.50,0.50
2026-06-02 10:23:20,30593.00,30594.50,30592.50,30593.00,75,30586.75,30587.00,0.25
2026-06-02 10:23:21,30593.25,30593.50,30585.50,30587.00,768,30583.75,30584.00,0.25
2026-06-02 10:23:22,30587.25,30587.50,30582.75,30584.00,659,30583.75,30584.00,0.25
2026-06-02 10:23:23,30584.00,30585.25,30582.50,30584.25,316,30586.50,30586.75,0.25
2026-06-02 10:23:24,30584.25,30587.25,30584.00,30587.00,232,30585.25,30585.75,0.50
2026-06-02 10:23:25,30587.25,30587.75,30585.25,30585.25,107,30585.25,30585.75,0.50
2026-06-02 10:23:26,30585.25,30586.75,30584.25,30585.00,162,30585.00,30585.25,0.25
2026-06-02 10:23:27,30584.25,30586.50,30584.25,30585.50,123,30585.50,30586.00,0.50
2026-06-02 10:23:28,30585.25,30586.50,30584.75,30585.50,88,30585.00,30585.50,0.50
2026-06-02 10:23:29,30585.50,30586.00,30583.50,30584.75,111,30585.75,30586.25,0.50
2026-06-02 10:23:30,30585.50,30586.75,30585.25,30586.25,119,30585.75,30586.25,0.50
2026-06-02 10:23:31,30586.50,30587.00,30585.75,30585.75,94,30584.25,30584.75,0.50
2026-06-02 10:23:32,30585.75,30587.00,30584.25,30584.75,116,30585.00,30585.25,0.25
2026-06-02 10:23:33,30584.75,30587.00,30584.25,30585.25,112,30586.25,30586.75,0.50
2026-06-02 10:23:34,30585.25,30587.00,30584.75,30586.25,107,30587.25,30587.50,0.25
2026-06-02 10:23:35,30586.00,30587.75,30585.75,30587.50,111,30589.25,30589.75,0.50
2026-06-02 10:23:36,30587.50,30589.50,30587.25,30589.25,205,30589.00,30589.25,0.25
2026-06-02 10:23:37,30589.00,30589.75,30587.75,30589.00,82,30590.00,30590.25,0.25
2026-06-02 10:23:38,30589.00,30591.25,30588.25,30590.50,161,30591.75,30592.00,0.25
2026-06-02 10:23:39,30590.00,30592.75,30589.75,30592.25,136,30591.75,30592.25,0.50
2026-06-02 10:23:40,30592.00,30593.50,30591.50,30592.25,152,30592.50,30592.75,0.25
2026-06-02 10:23:41,30592.25,30593.25,30591.00,30593.25,97,30592.50,30592.75,0.25
2026-06-02 10:23:42,30592.75,30593.00,30591.50,30592.50,88,30591.75,30592.25,0.50
2026-06-02 10:23:43,30592.25,30592.75,30591.50,30592.00,68,30590.00,30590.50,0.50
2026-06-02 10:23:44,30592.25,30592.50,30590.75,30590.75,79,30590.00,30590.50,0.50
2026-06-02 10:23:45,30590.50,30592.50,30590.50,30592.50,62,30592.25,30592.50,0.25
2026-06-02 10:23:46,30592.50,30593.00,30591.25,30592.00,110,30591.50,30592.00,0.50
2026-06-02 10:23:47,30592.00,30592.25,30591.00,30592.00,34,30591.50,30592.00,0.50
2026-06-02 10:23:48,30592.25,30592.75,30591.00,30591.75,71,30591.50,30591.75,0.25
2026-06-02 10:23:49,30591.50,30592.00,30591.00,30591.50,49,30589.50,30589.75,0.25
2026-06-02 10:23:50,30592.00,30592.75,30589.50,30589.50,67,30587.50,30587.75,0.25
2026-06-02 10:23:51,30589.25,30589.25,30587.25,30587.25,76,30586.50,30586.75,0.25
2026-06-02 10:23:52,30587.75,30588.00,30585.50,30586.25,103,30586.50,30587.00,0.50
2026-06-02 10:23:53,30586.50,30588.00,30586.50,30586.50,55,30585.00,30585.25,0.25
2026-06-02 10:23:54,30586.50,30586.50,30584.50,30585.00,54,30585.00,30585.25,0.25
2026-06-02 10:23:55,30585.00,30586.25,30584.50,30585.50,70,30585.25,30585.75,0.50
2026-06-02 10:23:56,30585.50,30586.00,30584.50,30585.50,78,30584.75,30585.00,0.25
2026-06-02 10:23:57,30585.25,30585.75,30584.25,30584.75,91,30582.75,30583.00,0.25
2026-06-02 10:23:58,30585.00,30585.00,30581.75,30582.75,130,30582.75,30583.00,0.25
2026-06-02 10:23:59,30583.00,30583.75,30582.25,30583.00,86,30584.25,30584.75,0.50
2026-06-02 10:24:00,30583.00,30585.00,30582.25,30584.50,260,30584.00,30584.50,0.50
2026-06-02 10:24:01,30584.50,30585.50,30583.00,30584.50,107,30583.00,30583.50,0.50
2026-06-02 10:24:02,30584.25,30584.25,30582.25,30583.50,100,30582.25,30582.75,0.50
2026-06-02 10:24:03,30583.00,30583.75,30582.25,30582.50,102,30582.25,30582.75,0.50
2026-06-02 10:24:04,30582.75,30583.50,30582.50,30582.75,95,30581.00,30581.50,0.50
2026-06-02 10:24:05,30582.25,30583.25,30580.25,30581.25,264,30581.00,30581.50,0.50
2026-06-02 10:24:06,30581.00,30581.50,30578.75,30579.75,411,30579.75,30580.25,0.50
2026-06-02 10:24:07,30580.25,30580.50,30578.25,30580.00,237,30582.25,30582.50,0.25
2026-06-02 10:24:08,30580.50,30583.00,30580.25,30582.25,217,30582.25,30582.50,0.25
2026-06-02 10:24:09,30582.25,30584.00,30581.75,30582.75,176,30582.00,30582.50,0.50
2026-06-02 10:24:10,30582.50,30582.75,30579.75,30582.00,202,30581.50,30582.00,0.50
2026-06-02 10:24:11,30582.00,30582.50,30580.00,30581.75,91,30579.50,30579.75,0.25
2026-06-02 10:24:12,30582.00,30582.25,30579.50,30580.00,89,30580.25,30580.75,0.50
2026-06-02 10:24:13,30579.75,30582.50,30579.75,30580.50,107,30583.75,30584.25,0.50
2026-06-02 10:24:14,30581.00,30584.50,30580.75,30583.25,144,30582.25,30582.50,0.25
2026-06-02 10:24:15,30584.25,30584.50,30581.75,30582.50,85,30586.25,30586.50,0.25
2026-06-02 10:24:16,30582.25,30586.75,30582.25,30586.25,187,30584.25,30584.50,0.25
2026-06-02 10:24:17,30586.25,30586.50,30584.25,30584.25,152,30584.75,30585.00,0.25
2026-06-02 10:24:18,30584.50,30586.00,30584.25,30584.75,77,30587.50,30587.75,0.25
2026-06-02 10:24:19,30585.00,30589.25,30584.50,30587.75,187,30583.75,30584.00,0.25
2026-06-02 10:24:20,30588.00,30589.00,30584.00,30584.00,319,30583.75,30584.00,0.25
2026-06-02 10:24:21,30584.00,30584.00,30581.75,30582.50,110,30581.00,30581.50,0.50
2026-06-02 10:24:22,30582.75,30583.25,30580.75,30581.50,93,30582.50,30583.00,0.50
2026-06-02 10:24:23,30581.00,30583.50,30581.00,30582.50,93,30582.50,30582.75,0.25
2026-06-02 10:24:24,30582.50,30583.50,30581.00,30582.50,85,30582.25,30582.75,0.50
2026-06-02 10:24:25,30582.50,30583.25,30582.25,30582.50,38,30583.00,30583.50,0.50
2026-06-02 10:24:26,30582.50,30583.25,30581.25,30583.00,65,30581.75,30582.25,0.50
2026-06-02 10:24:27,30583.50,30584.25,30581.25,30582.00,158,30582.25,30582.75,0.50
2026-06-02 10:24:28,30581.75,30582.50,30580.75,30582.25,88,30582.25,30582.75,0.50
2026-06-02 10:24:29,30582.50,30582.50,30580.50,30581.25,84,30580.25,30580.50,0.25
2026-06-02 10:24:30,30581.50,30581.50,30580.50,30580.75,71,30580.50,30580.75,0.25
2026-06-02 10:24:31,30580.25,30580.75,30578.50,30580.75,130,30582.00,30582.50,0.50
2026-06-02 10:24:32,30580.50,30582.50,30580.25,30582.50,51,30580.75,30581.25,0.50
2026-06-02 10:24:33,30582.50,30582.50,30579.50,30581.25,109,30580.25,30580.75,0.50
2026-06-02 10:24:34,30580.75,30581.25,30579.50,30580.25,38,30579.00,30579.25,0.25
2026-06-02 10:24:35,30580.25,30580.75,30578.50,30578.75,74,30578.00,30578.50,0.50
2026-06-02 10:24:36,30579.25,30579.75,30577.75,30578.50,135,30579.50,30580.00,0.50
2026-06-02 10:24:37,30578.25,30580.75,30578.25,30580.00,130,30579.50,30580.00,0.50
2026-06-02 10:24:38,30579.75,30581.25,30578.50,30579.00,108,30580.00,30580.50,0.50
2026-06-02 10:24:39,30579.25,30580.75,30579.00,30580.75,61,30578.25,30578.50,0.25
2026-06-02 10:24:40,30580.00,30581.75,30578.25,30578.50,128,30578.50,30578.75,0.25
2026-06-02 10:24:41,30578.50,30579.25,30577.50,30579.00,149,30577.50,30577.75,0.25
2026-06-02 10:24:42,30578.75,30579.25,30577.75,30577.75,99,30575.00,30575.25,0.25
2026-06-02 10:24:43,30577.50,30577.50,30574.00,30575.25,460,30576.25,30576.50,0.25
2026-06-02 10:24:44,30575.00,30576.75,30575.00,30576.25,181,30576.00,30576.50,0.50
2026-06-02 10:24:45,30576.25,30576.75,30575.50,30576.50,101,30574.75,30575.00,0.25
2026-06-02 10:24:46,30576.25,30576.50,30574.50,30574.50,89,30572.25,30572.75,0.50
2026-06-02 10:24:47,30574.75,30575.75,30572.00,30572.75,283,30572.25,30572.75,0.50
2026-06-02 10:24:48,30572.75,30575.50,30572.25,30574.75,132,30574.25,30574.75,0.50
2026-06-02 10:24:49,30574.25,30577.50,30573.75,30577.00,110,30576.00,30576.50,0.50
2026-06-02 10:24:50,30577.25,30577.75,30575.25,30576.00,133,30575.75,30576.25,0.50
2026-06-02 10:24:51,30576.00,30578.50,30576.00,30576.25,66,30573.50,30573.75,0.25
2026-06-02 10:24:52,30575.50,30576.25,30573.75,30573.75,102,30574.00,30574.50,0.50
2026-06-02 10:24:53,30573.75,30574.75,30573.50,30574.50,34,30575.75,30576.00,0.25
2026-06-02 10:24:54,30574.75,30576.50,30574.75,30576.50,59,30575.75,30576.00,0.25
2026-06-02 10:24:55,30576.00,30576.50,30575.00,30575.00,70,30574.75,30575.25,0.50
2026-06-02 10:24:56,30574.75,30576.00,30574.75,30575.25,47,30576.75,30577.25,0.50
2026-06-02 10:24:57,30574.50,30577.00,30574.50,30577.00,68,30578.25,30578.75,0.50
2026-06-02 10:24:58,30577.00,30578.50,30576.25,30578.50,130,30578.25,30578.75,0.50
2026-06-02 10:24:59,30578.75,30581.75,30578.00,30579.50,294,30579.25,30579.75,0.50
2026-06-02 10:25:00,30579.25,30580.25,30578.00,30578.00,85,30578.25,30578.75,0.50
2026-06-02 10:25:01,30578.00,30578.75,30577.00,30578.75,91,30577.25,30577.50,0.25
2026-06-02 10:25:02,30578.25,30578.25,30576.50,30577.25,91,30577.25,30577.50,0.25
2026-06-02 10:25:03,30577.50,30578.50,30576.50,30576.75,66,30578.00,30578.50,0.50
2026-06-02 10:25:04,30577.25,30579.00,30577.00,30578.50,95,30575.25,30575.50,0.25
2026-06-02 10:25:05,30577.50,30577.50,30575.00,30575.50,62,30574.25,30574.75,0.50
2026-06-02 10:25:06,30576.00,30576.00,30574.25,30574.75,60,30575.50,30576.00,0.50
2026-06-02 10:25:07,30575.00,30575.50,30573.50,30575.50,105,30575.50,30576.00,0.50
2026-06-02 10:25:08,30575.75,30576.25,30574.75,30576.25,89,30574.50,30574.75,0.25
2026-06-02 10:25:09,30575.50,30576.25,30574.00,30574.75,49,30576.50,30577.00,0.50
2026-06-02 10:25:10,30574.50,30577.00,30573.00,30576.75,178,30575.50,30576.00,0.50
2026-06-02 10:25:11,30576.25,30577.00,30575.75,30575.75,69,30574.00,30574.50,0.50
2026-06-02 10:25:12,30575.00,30576.00,30573.50,30573.50,41,30571.25,30571.75,0.50
2026-06-02 10:25:13,30575.00,30575.00,30571.00,30571.75,168,30568.50,30569.00,0.50
2026-06-02 10:25:14,30571.25,30572.00,30567.50,30568.75,523,30569.75,30570.00,0.25
2026-06-02 10:25:15,30568.75,30570.50,30568.00,30569.50,179,30572.00,30572.50,0.50
2026-06-02 10:25:16,30569.50,30572.50,30569.00,30571.75,225,30572.25,30572.75,0.50
2026-06-02 10:25:17,30572.50,30573.50,30571.25,30572.50,106,30572.25,30572.75,0.50
2026-06-02 10:25:18,30572.75,30573.00,30570.00,30570.00,90,30571.50,30571.75,0.25
2026-06-02 10:25:19,30570.50,30571.50,30570.25,30571.50,63,30573.50,30573.75,0.25
2026-06-02 10:25:20,30571.50,30573.75,30571.25,30573.75,104,30572.00,30572.50,0.50
2026-06-02 10:25:21,30573.50,30573.50,30571.50,30572.50,76,30566.75,30567.00,0.25
2026-06-02 10:25:22,30572.50,30573.00,30565.25,30566.75,251,30565.75,30566.25,0.50
2026-06-02 10:25:23,30566.75,30567.00,30565.50,30566.00,111,30567.25,30567.50,0.25
2026-06-02 10:25:24,30566.00,30567.50,30565.75,30567.50,169,30568.00,30568.50,0.50
2026-06-02 10:25:25,30567.50,30568.50,30567.25,30568.50,126,30580.25,30580.75,0.50
2026-06-02 10:25:26,30568.50,30587.75,30566.50,30580.75,1554,30580.25,30580.75,0.50
2026-06-02 10:25:27,30580.50,30582.25,30576.50,30578.25,209,30573.25,30574.00,0.75
2026-06-02 10:25:28,30577.75,30580.25,30573.50,30573.50,207,30574.50,30575.25,0.75
2026-06-02 10:25:29,30574.00,30576.00,30572.00,30575.25,154,30575.50,30576.00,0.50
2026-06-02 10:25:30,30575.25,30578.00,30574.50,30576.00,108,30576.75,30577.50,0.75
2026-06-02 10:25:31,30575.50,30578.25,30575.25,30577.25,122,30575.25,30575.75,0.50
2026-06-02 10:25:32,30576.75,30577.75,30574.75,30575.50,98,30575.00,30575.50,0.50
2026-06-02 10:25:33,30575.00,30576.50,30573.75,30575.00,97,30574.50,30575.25,0.75
2026-06-02 10:25:34,30575.50,30576.25,30573.50,30575.00,166,30576.00,30576.75,0.75
2026-06-02 10:25:35,30575.25,30577.25,30574.75,30576.75,77,30574.25,30574.75,0.50
2026-06-02 10:25:36,30576.75,30577.75,30574.50,30574.50,152,30574.25,30574.75,0.50
2026-06-02 10:25:37,30574.75,30575.25,30573.75,30574.00,80,30571.50,30572.25,0.75
2026-06-02 10:25:38,30574.25,30574.50,30571.00,30572.25,96,30571.50,30572.00,0.50
2026-06-02 10:25:39,30572.25,30572.50,30570.50,30571.50,70,30572.25,30573.00,0.75
2026-06-02 10:25:40,30571.50,30573.00,30570.50,30572.50,73,30569.25,30569.75,0.50
2026-06-02 10:25:41,30572.25,30572.25,30569.25,30569.25,102,30570.00,30570.50,0.50
2026-06-02 10:25:42,30569.75,30571.00,30569.25,30570.00,142,30568.25,30568.75,0.50
2026-06-02 10:25:43,30570.50,30570.50,30568.25,30568.25,67,30569.00,30569.50,0.50
2026-06-02 10:25:44,30568.00,30569.25,30567.25,30569.25,70,30568.25,30568.75,0.50
2026-06-02 10:25:45,30569.00,30569.50,30567.75,30568.75,41,30569.50,30570.00,0.50
2026-06-02 10:25:46,30568.75,30570.00,30568.25,30570.00,94,30569.50,30570.00,0.50
2026-06-02 10:25:47,30569.50,30571.50,30569.50,30570.00,87,30570.75,30571.25,0.50
2026-06-02 10:25:48,30570.25,30572.00,30570.00,30571.00,68,30572.00,30572.50,0.50
2026-06-02 10:25:49,30571.00,30573.00,30570.75,30572.50,150,30572.00,30572.50,0.50
2026-06-02 10:25:50,30572.25,30573.75,30571.50,30573.25,86,30570.00,30570.50,0.50
2026-06-02 10:25:51,30573.00,30573.25,30570.00,30570.25,68,30570.00,30570.50,0.50
2026-06-02 10:25:52,30570.25,30571.75,30570.25,30570.50,39,30569.25,30569.75,0.50
2026-06-02 10:25:53,30570.50,30570.75,30569.25,30569.25,77,30569.25,30569.75,0.50
2026-06-02 10:25:54,30570.00,30570.25,30569.25,30569.50,44,30568.25,30568.50,0.25
2026-06-02 10:25:55,30569.50,30569.75,30567.50,30568.25,96,30566.75,30567.25,0.50
2026-06-02 10:25:56,30568.25,30568.75,30566.50,30567.25,82,30568.75,30569.25,0.50
2026-06-02 10:25:57,30566.75,30569.00,30566.25,30568.50,137,30568.75,30569.25,0.50
2026-06-02 10:25:58,30568.75,30570.25,30568.00,30568.75,58,30568.00,30568.50,0.50
2026-06-02 10:25:59,30569.25,30570.75,30568.00,30568.00,69,30567.50,30568.00,0.50
2026-06-02 10:26:00,30568.75,30570.00,30567.75,30567.75,99,30562.00,30562.50,0.50
2026-06-02 10:26:01,30568.00,30568.50,30561.75,30562.25,421,30559.00,30559.50,0.50
2026-06-02 10:26:02,30562.00,30562.75,30558.75,30558.75,501,30557.00,30557.50,0.50
2026-06-02 10:26:03,30559.00,30560.00,30556.75,30557.25,445,30555.25,30555.75,0.50
2026-06-02 10:26:04,30556.75,30557.50,30554.50,30555.25,437,30558.75,30559.25,0.50
2026-06-02 10:26:05,30555.50,30559.75,30554.00,30558.75,503,30559.50,30559.75,0.25
2026-06-02 10:26:06,30559.25,30561.00,30557.50,30560.00,201,30564.00,30564.50,0.50
2026-06-02 10:26:07,30559.50,30564.75,30559.25,30563.75,224,30564.00,30564.50,0.50
2026-06-02 10:26:08,30564.50,30566.00,30563.25,30563.50,278,30563.25,30563.75,0.50
2026-06-02 10:26:09,30563.75,30563.75,30561.25,30562.50,141,30561.00,30561.50,0.50
2026-06-02 10:26:10,30562.00,30564.00,30560.50,30561.50,116,30560.50,30561.00,0.50
2026-06-02 10:26:11,30561.00,30562.25,30560.50,30560.75,59,30561.50,30562.00,0.50
2026-06-02 10:26:12,30560.50,30561.75,30560.25,30561.25,102,30562.75,30563.00,0.25
2026-06-02 10:26:13,30561.75,30563.50,30561.25,30563.00,88,30563.75,30564.00,0.25
2026-06-02 10:26:14,30562.75,30563.50,30562.25,30563.50,98,30563.75,30564.00,0.25
2026-06-02 10:26:15,30563.75,30565.25,30563.00,30563.25,102,30562.50,30563.00,0.50
2026-06-02 10:26:16,30563.25,30563.50,30561.50,30562.25,158,30562.75,30563.25,0.50
2026-06-02 10:26:17,30562.75,30564.75,30562.75,30563.25,78,30563.00,30563.50,0.50
2026-06-02 10:26:18,30563.00,30564.50,30562.00,30563.50,85,30563.50,30564.00,0.50
2026-06-02 10:26:19,30563.00,30564.00,30562.25,30564.00,87,30563.75,30564.25,0.50
2026-06-02 10:26:20,30563.50,30564.25,30562.00,30564.00,86,30563.75,30564.25,0.50
2026-06-02 10:26:21,30564.25,30565.75,30563.25,30565.00,122,30565.50,30566.00,0.50
2026-06-02 10:26:22,30565.25,30566.25,30564.75,30565.50,159,30561.00,30561.50,0.50
2026-06-02 10:26:23,30566.00,30566.75,30561.25,30561.25,167,30561.75,30562.25,0.50
2026-06-02 10:26:24,30561.00,30562.25,30560.50,30561.25,139,30562.75,30563.25,0.50
2026-06-02 10:26:25,30562.25,30563.25,30561.50,30563.00,99,30563.25,30563.75,0.50
2026-06-02 10:26:26,30562.75,30564.25,30562.25,30564.00,68,30561.75,30562.25,0.50
2026-06-02 10:26:27,30564.00,30564.75,30562.00,30562.25,79,30562.00,30562.75,0.75
2026-06-02 10:26:28,30562.25,30562.75,30560.50,30562.25,94,30564.00,30564.50,0.50
2026-06-02 10:26:29,30563.00,30565.50,30561.25,30564.00,63,30565.50,30566.25,0.75
2026-06-02 10:26:30,30565.00,30566.50,30564.75,30566.50,51,30566.25,30567.00,0.75
2026-06-02 10:26:31,30566.25,30568.00,30566.25,30567.25,151,30566.25,30567.00,0.75
2026-06-02 10:26:32,30566.75,30567.25,30564.50,30564.50,101,30559.75,30560.50,0.75
2026-06-02 10:26:33,30565.75,30566.00,30559.50,30560.25,158,30559.00,30559.50,0.50
2026-06-02 10:26:34,30559.75,30560.25,30558.50,30559.25,121,30558.75,30559.25,0.50
2026-06-02 10:26:35,30559.50,30560.25,30558.75,30558.75,117,30556.00,30556.50,0.50
2026-06-02 10:26:36,30558.75,30559.25,30556.00,30556.25,156,30556.00,30556.50,0.50
2026-06-02 10:26:37,30556.00,30556.25,30553.00,30555.50,234,30555.25,30555.75,0.50
2026-06-02 10:26:38,30555.50,30556.50,30554.50,30555.50,111,30554.25,30554.75,0.50
2026-06-02 10:26:39,30555.25,30557.00,30554.00,30555.00,140,30553.00,30553.50,0.50
2026-06-02 10:26:40,30554.75,30554.75,30552.25,30553.00,252,30553.00,30553.50,0.50
2026-06-02 10:26:41,30553.00,30553.25,30550.00,30550.75,300,30550.75,30551.00,0.25
2026-06-02 10:26:42,30551.25,30552.00,30550.50,30551.25,190,30554.25,30554.75,0.50
2026-06-02 10:26:43,30550.75,30554.75,30550.50,30554.75,187,30558.25,30558.50,0.25
2026-06-02 10:26:44,30554.25,30559.00,30554.00,30559.00,280,30558.25,30558.50,0.25
2026-06-02 10:26:45,30558.75,30559.50,30557.00,30557.75,111,30555.25,30555.75,0.50
2026-06-02 10:26:46,30557.75,30558.00,30555.25,30555.25,148,30555.25,30555.75,0.50
2026-06-02 10:26:47,30555.75,30555.75,30552.25,30554.50,287,30554.00,30554.50,0.50
2026-06-02 10:26:48,30554.00,30556.50,30553.75,30555.00,96,30557.25,30557.75,0.50
2026-06-02 10:26:49,30554.50,30558.00,30554.50,30557.00,79,30558.00,30558.25,0.25
2026-06-02 10:26:50,30557.00,30558.50,30556.25,30558.25,82,30557.00,30557.50,0.50
2026-06-02 10:26:51,30558.50,30559.25,30557.50,30558.00,68,30556.75,30557.25,0.50
2026-06-02 10:26:52,30557.50,30558.50,30556.25,30557.00,72,30557.00,30557.50,0.50
2026-06-02 10:26:53,30556.75,30557.75,30555.75,30557.25,73,30555.00,30555.50,0.50
2026-06-02 10:26:54,30557.00,30557.25,30554.75,30555.50,78,30555.50,30556.00,0.50
2026-06-02 10:26:55,30556.00,30556.50,30555.25,30555.25,26,30556.00,30556.25,0.25
2026-06-02 10:26:56,30555.75,30556.25,30555.50,30556.00,35,30556.25,30556.75,0.50
2026-06-02 10:26:57,30556.25,30557.00,30556.25,30556.25,28,30557.00,30557.50,0.50
2026-06-02 10:26:58,30556.00,30558.25,30555.75,30557.25,138,30555.00,30555.50,0.50
2026-06-02 10:26:59,30557.00,30557.00,30555.00,30555.50,70,30555.00,30555.50,0.50
2026-06-02 10:27:00,30555.25,30555.50,30553.00,30553.25,94,30550.75,30551.25,0.50
2026-06-02 10:27:01,30553.25,30553.25,30550.00,30550.75,351,30551.00,30551.25,0.25
2026-06-02 10:27:02,30551.25,30551.50,30550.50,30551.50,74,30550.00,30550.50,0.50
2026-06-02 10:27:03,30551.00,30552.00,30549.00,30550.00,356,30550.50,30551.00,0.50
2026-06-02 10:27:04,30550.00,30551.25,30549.00,30550.75,137,30550.50,30551.00,0.50
2026-06-02 10:27:05,30550.75,30552.25,30549.75,30552.00,99,30551.50,30551.75,0.25
2026-06-02 10:27:06,30551.75,30554.75,30551.00,30551.50,339,30551.50,30552.00,0.50
2026-06-02 10:27:07,30551.50,30551.50,30548.75,30551.50,145,30548.75,30549.25,0.50
2026-06-02 10:27:08,30551.50,30552.00,30549.00,30549.00,86,30549.00,30549.50,0.50
2026-06-02 10:27:09,30549.25,30549.75,30546.50,30549.50,306,30549.50,30549.75,0.25
2026-06-02 10:27:10,30549.00,30549.75,30548.00,30549.50,148,30550.50,30551.00,0.50
2026-06-02 10:27:11,30549.75,30551.25,30549.00,30550.75,122,30549.25,30549.75,0.50
2026-06-02 10:27:12,30550.75,30552.00,30549.00,30549.25,132,30549.25,30549.75,0.50
2026-06-02 10:27:13,30549.50,30549.75,30548.00,30548.00,116,30547.50,30547.75,0.25
2026-06-02 10:27:14,30547.75,30549.25,30547.00,30547.00,137,30544.25,30544.75,0.50
2026-06-02 10:27:15,30546.75,30547.50,30544.00,30544.25,303,30544.50,30545.00,0.50
2026-06-02 10:27:16,30544.25,30545.75,30543.50,30544.75,168,30545.00,30545.50,0.50
2026-06-02 10:27:17,30544.50,30547.00,30544.00,30545.50,221,30545.50,30546.00,0.50
2026-06-02 10:27:18,30545.00,30546.50,30544.75,30545.75,125,30546.00,30546.50,0.50
2026-06-02 10:27:19,30546.00,30547.00,30545.00,30546.25,117,30544.25,30544.75,0.50
2026-06-02 10:27:20,30547.00,30547.00,30543.75,30544.25,132,30544.75,30545.25,0.50
2026-06-02 10:27:21,30544.50,30546.00,30544.00,30544.75,112,30546.50,30547.00,0.50
2026-06-02 10:27:22,30544.75,30547.00,30544.75,30546.75,123,30546.50,30547.00,0.50
2026-06-02 10:27:23,30546.50,30547.50,30545.75,30546.75,81,30546.50,30547.00,0.50
2026-06-02 10:27:24,30546.50,30548.50,30545.50,30546.75,232,30546.50,30547.00,0.50
2026-06-02 10:27:25,30546.50,30547.50,30546.00,30546.25,78,30546.75,30547.00,0.25
2026-06-02 10:27:26,30546.50,30547.50,30545.25,30546.75,156,30545.00,30545.50,0.50
2026-06-02 10:27:27,30546.00,30546.25,30545.00,30545.50,65,30544.25,30544.50,0.25
2026-06-02 10:27:28,30545.00,30545.75,30543.75,30544.50,89,30544.50,30544.75,0.25
2026-06-02 10:27:29,30544.50,30545.50,30544.25,30544.75,153,30543.25,30543.50,0.25
2026-06-02 10:27:30,30544.50,30545.25,30542.75,30542.75,133,30543.25,30543.75,0.50
2026-06-02 10:27:31,30543.75,30545.00,30542.75,30543.75,160,30542.25,30542.50,0.25
2026-06-02 10:27:32,30543.75,30544.50,30540.50,30541.75,309,30543.00,30543.25,0.25
2026-06-02 10:27:33,30542.25,30543.50,30541.75,30543.50,132,30543.00,30543.50,0.50
2026-06-02 10:27:34,30543.00,30544.00,30542.25,30543.25,129,30541.50,30542.00,0.50
2026-06-02 10:27:35,30543.50,30543.75,30541.25,30541.75,85,30543.25,30543.75,0.50
2026-06-02 10:27:36,30541.50,30543.75,30541.25,30543.75,98,30543.25,30543.75,0.50
2026-06-02 10:27:37,30543.50,30545.25,30543.25,30545.25,136,30545.25,30545.50,0.25
2026-06-02 10:27:38,30545.25,30545.75,30544.50,30545.75,88,30548.00,30548.50,0.50
2026-06-02 10:27:39,30545.50,30549.75,30545.00,30548.50,217,30550.00,30550.50,0.50
2026-06-02 10:27:40,30548.50,30550.50,30547.75,30550.25,158,30547.75,30548.00,0.25
2026-06-02 10:27:41,30550.25,30550.50,30547.00,30548.00,128,30545.50,30545.75,0.25
2026-06-02 10:27:42,30547.50,30548.75,30544.50,30545.25,130,30546.50,30546.75,0.25
2026-06-02 10:27:43,30546.00,30547.00,30545.50,30546.50,100,30543.25,30543.75,0.50
2026-06-02 10:27:44,30546.25,30546.50,30542.75,30543.50,156,30546.00,30546.50,0.50
2026-06-02 10:27:45,30543.75,30546.25,30542.50,30546.00,204,30545.25,30545.50,0.25
2026-06-02 10:27:46,30546.25,30547.00,30545.50,30545.50,88,30545.50,30545.75,0.25
2026-06-02 10:27:47,30545.00,30546.25,30544.75,30545.50,66,30544.75,30545.00,0.25
2026-06-02 10:27:48,30545.50,30545.50,30543.75,30545.00,77,30545.00,30545.50,0.50
2026-06-02 10:27:49,30544.75,30545.50,30544.50,30545.50,64,30544.50,30544.75,0.25
2026-06-02 10:27:50,30545.25,30546.50,30544.50,30544.50,60,30547.75,30548.25,0.50
2026-06-02 10:27:51,30544.75,30549.50,30544.75,30548.50,145,30546.50,30546.75,0.25
2026-06-02 10:27:52,30548.00,30549.50,30547.00,30547.25,126,30546.50,30546.75,0.25
2026-06-02 10:27:53,30546.75,30546.75,30545.50,30546.25,129,30545.25,30545.75,0.50
2026-06-02 10:27:54,30546.00,30546.00,30544.50,30544.75,54,30545.25,30545.75,0.50
2026-06-02 10:27:55,30545.50,30546.25,30545.25,30545.50,48,30545.75,30546.00,0.25
2026-06-02 10:27:56,30545.75,30546.75,30545.75,30546.00,32,30546.00,30546.50,0.50
2026-06-02 10:27:57,30546.00,30546.50,30545.75,30546.50,46,30545.25,30545.75,0.50
2026-06-02 10:27:58,30546.25,30546.75,30545.00,30545.00,53,30544.50,30545.00,0.50
2026-06-02 10:27:59,30545.00,30546.00,30543.75,30544.50,51,30545.50,30546.00,0.50
2026-06-02 10:28:00,30545.00,30545.50,30543.75,30545.50,44,30546.50,30547.00,0.50
2026-06-02 10:28:01,30545.50,30547.00,30544.75,30546.50,82,30546.50,30547.00,0.50
2026-06-02 10:28:02,30547.00,30549.00,30546.50,30547.75,86,30547.25,30548.00,0.75
2026-06-02 10:28:03,30547.50,30549.75,30547.25,30547.25,188,30546.50,30547.00,0.50
2026-06-02 10:28:04,30547.75,30548.75,30546.50,30546.50,85,30545.00,30545.50,0.50
2026-06-02 10:28:05,30546.50,30547.00,30544.75,30545.25,102,30545.00,30545.50,0.50
2026-06-02 10:28:06,30545.25,30545.50,30543.00,30543.00,116,30544.50,30545.00,0.50
2026-06-02 10:28:07,30543.50,30545.75,30542.50,30544.50,99,30544.75,30545.00,0.25
2026-06-02 10:28:08,30544.50,30545.25,30544.00,30544.75,74,30545.00,30545.25,0.25
2026-06-02 10:28:09,30545.00,30545.25,30544.25,30545.00,34,30545.75,30546.00,0.25
2026-06-02 10:28:10,30545.25,30546.00,30544.00,30546.00,88,30546.00,30546.50,0.50
2026-06-02 10:28:11,30546.00,30548.00,30545.50,30546.00,78,30546.25,30546.75,0.50
2026-06-02 10:28:12,30546.25,30547.25,30546.00,30547.00,63,30545.25,30545.75,0.50
2026-06-02 10:28:13,30547.00,30547.25,30545.25,30545.25,48,30544.25,30544.75,0.50
2026-06-02 10:28:14,30546.00,30548.25,30544.50,30544.50,55,30544.25,30544.75,0.50
2026-06-02 10:28:15,30544.75,30545.50,30543.25,30543.25,65,30545.25,30545.50,0.25
2026-06-02 10:28:16,30544.50,30546.25,30544.25,30545.25,71,30547.00,30547.50,0.50
2026-06-02 10:28:17,30545.25,30547.75,30545.25,30547.75,70,30549.75,30550.25,0.50
2026-06-02 10:28:18,30547.00,30550.75,30546.25,30550.00,126,30546.50,30546.75,0.25
2026-06-02 10:28:19,30550.25,30550.25,30546.00,30547.50,112,30549.00,30549.50,0.50
2026-06-02 10:28:20,30546.75,30549.25,30546.75,30549.25,58,30549.25,30549.75,0.50
2026-06-02 10:28:21,30549.50,30550.50,30548.25,30549.50,71,30548.50,30549.00,0.50
2026-06-02 10:28:22,30549.75,30550.50,30549.00,30549.00,54,30548.50,30549.00,0.50
2026-06-02 10:28:23,30548.75,30550.50,30548.25,30548.75,64,30545.50,30546.00,0.50
2026-06-02 10:28:24,30549.00,30549.00,30545.50,30546.75,85,30545.50,30546.00,0.50
2026-06-02 10:28:25,30545.50,30549.00,30545.50,30548.50,62,30549.75,30550.25,0.50
2026-06-02 10:28:26,30548.50,30550.75,30548.50,30550.00,39,30546.25,30546.75,0.50
2026-06-02 10:28:27,30550.00,30551.00,30546.25,30546.25,102,30545.50,30546.00,0.50
2026-06-02 10:28:28,30546.75,30546.75,30544.00,30545.75,99,30546.75,30547.25,0.50
2026-06-02 10:28:29,30545.75,30547.25,30545.50,30547.25,90,30544.50,30545.00,0.50
2026-06-02 10:28:30,30546.75,30546.75,30544.50,30545.00,51,30540.25,30540.75,0.50
2026-06-02 10:28:31,30544.25,30544.50,30539.25,30540.75,484,30540.25,30540.75,0.50
2026-06-02 10:28:32,30540.50,30540.50,30538.00,30538.75,241,30538.50,30539.00,0.50
2026-06-02 10:28:33,30538.50,30541.50,30537.25,30538.50,407,30538.25,30538.75,0.50
2026-06-02 10:28:34,30538.50,30539.75,30537.50,30538.00,178,30538.25,30538.75,0.50
2026-06-02 10:28:35,30538.50,30540.25,30538.00,30539.00,150,30538.75,30539.25,0.50
2026-06-02 10:28:36,30538.75,30540.00,30538.00,30539.00,118,30538.25,30538.75,0.50
2026-06-02 10:28:37,30538.50,30539.75,30538.25,30538.75,64,30538.25,30538.75,0.50
2026-06-02 10:28:38,30538.25,30540.00,30537.50,30539.00,100,30538.75,30539.25,0.50
2026-06-02 10:28:39,30538.50,30539.25,30538.25,30539.25,48,30542.50,30543.00,0.50
2026-06-02 10:28:40,30539.25,30543.00,30539.00,30543.00,115,30547.50,30548.00,0.50
2026-06-02 10:28:41,30542.75,30548.00,30542.50,30547.50,213,30547.50,30548.00,0.50
2026-06-02 10:28:42,30548.00,30548.50,30547.25,30548.00,79,30548.00,30548.50,0.50
2026-06-02 10:28:43,30547.75,30550.00,30546.75,30548.50,250,30549.75,30550.25,0.50
2026-06-02 10:28:44,30548.00,30550.75,30547.75,30549.75,119,30552.25,30552.50,0.25
2026-06-02 10:28:45,30550.25,30552.50,30549.50,30552.25,229,30552.25,30552.50,0.25
2026-06-02 10:28:46,30552.50,30553.00,30551.25,30551.75,140,30551.25,30551.75,0.50
2026-06-02 10:28:47,30551.50,30552.50,30550.50,30551.50,111,30551.25,30551.75,0.50
2026-06-02 10:28:48,30551.50,30552.25,30550.50,30551.75,105,30552.50,30552.75,0.25
2026-06-02 10:28:49,30552.00,30552.75,30551.50,30552.75,78,30554.50,30555.00,0.50
2026-06-02 10:28:50,30552.75,30555.50,30552.25,30555.00,231,30554.25,30554.75,0.50
2026-06-02 10:28:51,30555.00,30555.00,30552.25,30554.25,179,30555.25,30555.50,0.25
2026-06-02 10:28:52,30554.75,30556.00,30554.25,30556.00,149,30555.25,30555.50,0.25
2026-06-02 10:28:53,30555.50,30555.75,30552.75,30553.75,140,30553.25,30553.75,0.50
2026-06-02 10:28:54,30554.25,30554.25,30552.50,30553.50,101,30554.75,30555.25,0.50
2026-06-02 10:28:55,30553.25,30555.50,30552.50,30555.00,135,30553.00,30553.50,0.50
2026-06-02 10:28:56,30555.25,30556.00,30552.00,30553.75,224,30553.00,30553.50,0.50
2026-06-02 10:28:57,30553.75,30553.75,30552.75,30553.50,81,30553.00,30553.50,0.50
2026-06-02 10:28:58,30553.50,30554.50,30551.50,30551.75,97,30551.25,30551.75,0.50
2026-06-02 10:28:59,30551.50,30553.50,30551.25,30552.50,106,30552.50,30553.00,0.50
2026-06-02 10:29:00,30552.75,30553.50,30552.50,30552.75,67,30555.00,30555.50,0.50
2026-06-02 10:29:01,30553.00,30555.50,30552.25,30555.50,104,30555.00,30555.50,0.50
2026-06-02 10:29:02,30555.25,30557.50,30554.50,30556.75,252,30561.75,30562.25,0.50
2026-06-02 10:29:03,30557.25,30562.75,30557.00,30562.00,446,30561.75,30562.25,0.50
2026-06-02 10:29:04,30562.00,30562.50,30554.75,30555.00,437,30555.25,30555.75,0.50
2026-06-02 10:29:05,30555.50,30557.75,30554.00,30557.50,168,30557.75,30558.00,0.25
2026-06-02 10:29:06,30558.00,30560.75,30557.75,30560.25,121,30559.50,30560.00,0.50
2026-06-02 10:29:07,30559.75,30560.50,30558.25,30559.25,90,30558.75,30559.25,0.50
2026-06-02 10:29:08,30558.75,30561.50,30558.75,30559.00,152,30558.75,30559.25,0.50
2026-06-02 10:29:09,30559.25,30560.75,30558.75,30560.00,95,30560.25,30560.50,0.25
2026-06-02 10:29:10,30560.00,30560.75,30558.75,30560.25,114,30560.25,30560.50,0.25
2026-06-02 10:29:11,30560.25,30563.75,30560.25,30562.75,156,30562.25,30562.50,0.25
2026-06-02 10:29:12,30562.25,30563.25,30558.25,30560.00,161,30560.00,30560.25,0.25
2026-06-02 10:29:13,30560.00,30563.75,30559.25,30563.75,123,30563.25,30563.50,0.25
2026-06-02 10:29:14,30563.50,30564.75,30562.50,30563.50,184,30563.25,30563.50,0.25
2026-06-02 10:29:15,30563.50,30564.00,30562.50,30563.50,140,30562.75,30563.25,0.50
2026-06-02 10:29:16,30563.50,30564.75,30562.25,30564.50,125,30564.00,30564.50,0.50
2026-06-02 10:29:17,30564.25,30565.75,30563.75,30565.50,165,30565.50,30565.75,0.25
2026-06-02 10:29:18,30565.75,30567.25,30563.75,30567.00,171,30565.50,30565.75,0.25
2026-06-02 10:29:19,30567.25,30568.00,30565.50,30565.75,134,30565.50,30566.00,0.50
2026-06-02 10:29:20,30565.75,30567.00,30565.25,30565.75,160,30566.50,30567.00,0.50
2026-06-02 10:29:21,30565.50,30567.00,30565.25,30566.75,116,30565.25,30565.75,0.50
2026-06-02 10:29:22,30567.00,30568.75,30565.25,30565.25,160,30564.75,30565.00,0.25
2026-06-02 10:29:23,30565.50,30567.00,30564.25,30564.50,162,30563.25,30563.75,0.50
2026-06-02 10:29:24,30565.50,30565.50,30562.50,30563.25,128,30562.50,30562.75,0.25
2026-06-02 10:29:25,30563.00,30563.50,30561.50,30562.25,105,30561.25,30561.50,0.25
2026-06-02 10:29:26,30562.75,30563.50,30561.50,30561.50,69,30560.75,30561.00,0.25
2026-06-02 10:29:27,30561.50,30562.75,30560.75,30560.75,123,30553.75,30554.25,0.50
2026-06-02 10:29:28,30560.75,30561.50,30553.75,30554.00,466,30549.75,30550.25,0.50
2026-06-02 10:29:29,30554.25,30554.75,30549.00,30549.75,263,30550.50,30550.75,0.25
2026-06-02 10:29:30,30549.50,30552.25,30549.25,30550.00,167,30553.25,30553.50,0.25
2026-06-02 10:29:31,30550.50,30554.00,30550.00,30553.75,361,30555.00,30555.25,0.25
2026-06-02 10:29:32,30553.50,30555.25,30553.25,30555.25,112,30555.50,30555.75,0.25
2026-06-02 10:29:33,30555.25,30558.00,30555.00,30555.75,146,30554.50,30555.00,0.50
2026-06-02 10:29:34,30555.50,30556.50,30554.75,30554.75,82,30554.50,30554.75,0.25
2026-06-02 10:29:35,30555.00,30555.50,30554.25,30554.50,49,30554.75,30555.25,0.50
2026-06-02 10:29:36,30554.75,30555.50,30554.50,30555.50,33,30556.75,30557.25,0.50
2026-06-02 10:29:37,30555.25,30557.75,30554.50,30557.25,101,30555.00,30555.25,0.25
2026-06-02 10:29:38,30556.75,30557.25,30554.75,30555.25,57,30555.00,30555.25,0.25
2026-06-02 10:29:39,30555.00,30556.25,30554.50,30554.50,96,30556.25,30556.50,0.25
2026-06-02 10:29:40,30555.25,30556.50,30555.00,30556.25,83,30557.25,30557.50,0.25
2026-06-02 10:29:41,30556.25,30558.00,30556.00,30557.50,82,30555.50,30556.00,0.50
2026-06-02 10:29:42,30557.50,30558.00,30555.50,30555.75,84,30560.00,30560.25,0.25
2026-06-02 10:29:43,30556.00,30560.50,30556.00,30560.25,188,30562.25,30562.75,0.50
2026-06-02 10:29:44,30560.00,30563.00,30559.25,30563.00,143,30563.25,30563.75,0.50
2026-06-02 10:29:45,30563.00,30563.75,30562.50,30563.50,91,30562.75,30563.25,0.50
2026-06-02 10:29:46,30563.75,30564.00,30561.50,30562.50,125,30564.25,30564.75,0.50
2026-06-02 10:29:47,30563.25,30565.00,30563.00,30564.75,121,30565.00,30565.50,0.50
2026-06-02 10:29:48,30564.25,30565.50,30564.25,30565.50,75,30562.50,30562.75,0.25
2026-06-02 10:29:49,30565.50,30565.50,30562.75,30562.75,70,30565.00,30565.25,0.25
2026-06-02 10:29:50,30562.75,30565.50,30562.25,30565.25,118,30564.50,30565.00,0.50
2026-06-02 10:29:51,30565.25,30566.50,30564.50,30564.50,95,30565.50,30565.75,0.25
2026-06-02 10:29:52,30564.75,30566.00,30564.50,30566.00,102,30567.25,30567.75,0.50
2026-06-02 10:29:53,30565.50,30568.00,30564.50,30567.50,194,30567.00,30567.25,0.25
2026-06-02 10:29:54,30567.75,30568.75,30567.00,30567.50,143,30568.50,30569.00,0.50
2026-06-02 10:29:55,30567.25,30569.25,30566.75,30569.25,142,30565.50,30566.00,0.50
2026-06-02 10:29:56,30569.00,30569.50,30565.25,30566.00,202,30563.75,30564.00,0.25
2026-06-02 10:29:57,30566.00,30566.00,30563.50,30563.75,166,30561.75,30562.25,0.50
2026-06-02 10:29:58,30564.00,30564.25,30561.00,30562.00,176,30561.75,30562.25,0.50
2026-06-02 10:29:59,30561.75,30562.75,30561.25,30561.75,68,30559.50,30560.00,0.50
2026-06-02 10:30:00,30562.00,30562.00,30559.25,30559.50,265,30559.75,30560.25,0.50
2026-06-02 10:30:01,30560.00,30561.25,30558.25,30559.75,426,30562.25,30562.75,0.50
2026-06-02 10:30:02,30560.25,30562.50,30560.00,30562.50,109,30563.75,30564.25,0.50
2026-06-02 10:30:03,30562.75,30564.00,30561.75,30564.00,131,30565.75,30566.25,0.50
2026-06-02 10:30:04,30563.75,30567.00,30563.75,30566.25,151,30566.75,30567.25,0.50
2026-06-02 10:30:05,30566.25,30567.50,30565.75,30567.25,252,30569.75,30570.25,0.50
2026-06-02 10:30:06,30567.25,30571.25,30567.25,30570.25,384,30568.25,30568.75,0.50
2026-06-02 10:30:07,30570.25,30570.50,30567.75,30568.25,298,30567.75,30568.25,0.50
2026-06-02 10:30:08,30568.75,30569.25,30567.50,30568.50,123,30568.50,30568.75,0.25
2026-06-02 10:30:09,30568.50,30569.25,30568.00,30568.50,54,30570.00,30570.25,0.25
2026-06-02 10:30:10,30568.75,30570.75,30568.00,30570.25,144,30571.50,30572.00,0.50
2026-06-02 10:30:11,30570.25,30572.75,30570.00,30572.00,185,30570.00,30570.50,0.50
2026-06-02 10:30:12,30572.00,30572.25,30569.75,30570.00,243,30567.75,30568.00,0.25
2026-06-02 10:30:13,30570.50,30570.75,30567.00,30567.75,220,30569.00,30569.50,0.50
2026-06-02 10:30:14,30567.75,30569.25,30566.25,30569.25,109,30566.75,30567.00,0.25
2026-06-02 10:30:15,30568.75,30568.75,30566.25,30567.00,142,30568.75,30569.00,0.25
2026-06-02 10:30:16,30567.25,30569.00,30565.75,30568.25,102,30569.00,30569.50,0.50
2026-06-02 10:30:17,30568.75,30570.25,30568.75,30569.00,88,30567.25,30567.75,0.50
2026-06-02 10:30:18,30569.50,30570.00,30567.50,30567.75,74,30568.00,30568.50,0.50
2026-06-02 10:30:19,30567.25,30568.50,30566.25,30568.00,86,30567.75,30568.25,0.50
2026-06-02 10:30:20,30568.00,30568.25,30566.75,30568.00,83,30565.75,30566.25,0.50
2026-06-02 10:30:21,30568.25,30568.25,30565.50,30566.00,84,30566.50,30566.75,0.25
2026-06-02 10:30:22,30566.00,30566.50,30564.50,30566.50,116,30567.00,30567.50,0.50
2026-06-02 10:30:23,30566.75,30568.00,30565.50,30567.50,134,30566.75,30567.00,0.25
2026-06-02 10:30:24,30567.50,30567.50,30566.00,30566.75,46,30562.25,30562.50,0.25
2026-06-02 10:30:25,30566.75,30567.25,30561.25,30562.50,190,30565.50,30566.00,0.50
2026-06-02 10:30:26,30562.50,30566.00,30562.00,30565.75,112,30564.75,30565.25,0.50
2026-06-02 10:30:27,30565.75,30565.75,30564.25,30565.25,47,30565.25,30565.50,0.25
2026-06-02 10:30:28,30564.75,30565.25,30563.75,30565.25,54,30564.75,30565.25,0.50
2026-06-02 10:30:29,30565.50,30566.25,30564.50,30564.75,75,30566.00,30566.25,0.25
2026-06-02 10:30:30,30565.00,30566.50,30564.25,30566.00,70,30567.25,30567.50,0.25
2026-06-02 10:30:31,30566.25,30567.75,30566.25,30567.50,53,30567.75,30569.25,1.50
2026-06-02 10:30:32,30567.75,30570.75,30567.50,30568.00,194,30571.00,30571.25,0.25
2026-06-02 10:30:33,30567.75,30572.25,30567.00,30571.00,215,30572.00,30572.50,0.50
2026-06-02 10:30:34,30571.00,30573.50,30570.00,30572.25,172,30571.75,30572.25,0.50
2026-06-02 10:30:35,30572.00,30573.00,30571.25,30572.50,180,30571.75,30572.00,0.25
2026-06-02 10:30:36,30571.75,30572.50,30571.25,30572.00,79,30572.50,30572.75,0.25
2026-06-02 10:30:37,30571.50,30574.00,30570.75,30572.75,197,30570.75,30571.25,0.50
2026-06-02 10:30:38,30572.75,30573.00,30571.00,30571.75,95,30570.25,30570.75,0.50
2026-06-02 10:30:39,30571.25,30573.00,30570.00,30570.75,98,30570.75,30571.25,0.50
2026-06-02 10:30:40,30570.25,30572.75,30570.25,30570.75,95,30570.25,30570.75,0.50
2026-06-02 10:30:41,30571.25,30571.25,30569.00,30570.50,91,30568.25,30568.50,0.25
2026-06-02 10:30:42,30570.50,30571.75,30567.75,30568.25,118,30565.50,30566.00,0.50
2026-06-02 10:30:43,30568.50,30568.50,30564.50,30566.00,188,30564.00,30564.50,0.50
2026-06-02 10:30:44,30565.25,30565.25,30563.75,30564.00,99,30563.25,30563.75,0.50
2026-06-02 10:30:45,30564.50,30565.00,30562.25,30563.25,88,30560.25,30560.75,0.50
2026-06-02 10:30:46,30563.75,30564.25,30559.50,30560.75,190,30560.00,30560.25,0.25
2026-06-02 10:30:47,30560.75,30560.75,30558.25,30560.00,209,30559.50,30560.00,0.50
2026-06-02 10:30:48,30560.00,30564.75,30559.25,30559.75,303,30560.00,30560.25,0.25
2026-06-02 10:30:49,30560.00,30561.25,30559.25,30560.00,91,30555.00,30555.75,0.75
2026-06-02 10:30:50,30560.25,30561.75,30554.75,30555.25,352,30557.75,30558.25,0.50
2026-06-02 10:30:51,30555.00,30558.00,30555.00,30557.50,259,30557.75,30558.25,0.50
2026-06-02 10:30:52,30557.75,30558.50,30556.25,30558.25,122,30559.00,30559.50,0.50
2026-06-02 10:30:53,30557.50,30560.00,30557.50,30559.25,124,30561.00,30561.50,0.50
2026-06-02 10:30:54,30559.75,30561.50,30558.00,30561.50,97,30561.00,30561.25,0.25
2026-06-02 10:30:55,30561.75,30561.75,30559.00,30561.25,105,30558.50,30559.00,0.50
2026-06-02 10:30:56,30560.75,30561.00,30557.75,30558.75,81,30559.00,30559.50,0.50
2026-06-02 10:30:57,30558.50,30559.25,30557.25,30559.25,74,30559.50,30560.00,0.50
2026-06-02 10:30:58,30559.50,30561.00,30558.75,30560.00,66,30559.50,30560.00,0.50
2026-06-02 10:30:59,30560.00,30561.25,30558.50,30559.50,56,30560.00,30560.50,0.50
2026-06-02 10:31:00,30559.75,30561.25,30559.50,30560.25,64,30562.00,30562.25,0.25
2026-06-02 10:31:01,30560.50,30562.75,30559.00,30562.75,106,30562.00,30562.50,0.50
2026-06-02 10:31:02,30562.50,30563.50,30562.00,30562.75,78,30564.50,30564.75,0.25
2026-06-02 10:31:03,30562.50,30564.75,30560.50,30564.50,150,30566.50,30567.00,0.50
2026-06-02 10:31:04,30564.50,30569.00,30564.25,30567.00,208,30566.25,30566.50,0.25
2026-06-02 10:31:05,30567.00,30567.00,30564.75,30566.25,178,30568.00,30568.50,0.50
2026-06-02 10:31:06,30566.50,30568.50,30566.50,30567.75,97,30568.00,30568.50,0.50
2026-06-02 10:31:07,30568.50,30568.50,30566.75,30568.25,78,30567.25,30567.75,0.50
2026-06-02 10:31:08,30568.50,30568.50,30567.25,30568.25,93,30567.00,30567.25,0.25
2026-06-02 10:31:09,30567.50,30567.75,30566.25,30567.00,50,30567.50,30568.00,0.50
2026-06-02 10:31:10,30567.00,30568.25,30566.75,30567.75,72,30571.00,30571.50,0.50
2026-06-02 10:31:11,30568.00,30571.50,30567.75,30571.50,133,30571.75,30572.00,0.25
2026-06-02 10:31:12,30571.00,30572.00,30570.50,30572.00,115,30575.00,30575.25,0.25
2026-06-02 10:31:13,30572.00,30575.50,30571.00,30575.50,300,30574.75,30575.00,0.25
2026-06-02 10:31:14,30575.25,30576.75,30574.25,30575.00,312,30576.00,30576.50,0.50
2026-06-02 10:31:15,30575.00,30576.75,30574.25,30576.00,214,30577.25,30577.50,0.25
2026-06-02 10:31:16,30576.25,30577.75,30575.50,30577.75,254,30574.50,30575.00,0.50
2026-06-02 10:31:17,30577.25,30577.50,30574.50,30575.00,158,30574.25,30574.75,0.50
2026-06-02 10:31:18,30574.50,30575.50,30574.00,30574.25,137,30574.25,30574.75,0.50
2026-06-02 10:31:19,30574.25,30575.25,30573.50,30574.50,63,30574.00,30574.50,0.50
2026-06-02 10:31:20,30574.00,30575.50,30573.75,30574.25,49,30573.00,30573.50,0.50
2026-06-02 10:31:21,30574.50,30575.25,30573.25,30573.25,75,30573.00,30573.25,0.25
2026-06-02 10:31:22,30573.50,30573.75,30572.25,30573.00,84,30570.75,30571.00,0.25
2026-06-02 10:31:23,30572.50,30573.50,30569.25,30570.75,192,30570.50,30571.00,0.50
2026-06-02 10:31:24,30571.00,30571.75,30570.25,30570.75,73,30576.00,30576.50,0.50
2026-06-02 10:31:25,30570.50,30577.25,30570.50,30576.50,172,30577.75,30578.00,0.25
2026-06-02 10:31:26,30576.50,30578.00,30575.25,30577.50,123,30577.75,30578.00,0.25
2026-06-02 10:31:27,30578.00,30578.50,30577.25,30578.00,105,30577.75,30578.25,0.50
2026-06-02 10:31:28,30577.75,30579.75,30577.75,30578.00,165,30577.50,30577.75,0.25
2026-06-02 10:31:29,30577.75,30578.50,30576.75,30578.00,169,30577.75,30578.25,0.50
2026-06-02 10:31:30,30577.75,30578.25,30576.25,30578.25,72,30578.75,30579.00,0.25
2026-06-02 10:31:31,30577.75,30579.00,30577.50,30579.00,68,30580.00,30580.25,0.25
2026-06-02 10:31:32,30579.00,30581.25,30578.50,30580.25,311,30581.00,30581.25,0.25
2026-06-02 10:31:33,30580.00,30581.50,30580.00,30581.25,131,30581.50,30581.75,0.25
2026-06-02 10:31:34,30581.25,30581.50,30579.50,30581.50,148,30583.50,30584.00,0.50
2026-06-02 10:31:35,30581.75,30584.50,30581.50,30584.00,265,30582.50,30583.00,0.50
2026-06-02 10:31:36,30584.00,30584.25,30582.25,30582.50,265,30584.25,30584.75,0.50
2026-06-02 10:31:37,30582.50,30586.00,30582.50,30584.25,220,30583.00,30583.25,0.25
2026-06-02 10:31:38,30584.25,30584.50,30582.50,30583.25,137,30584.25,30584.50,0.25
2026-06-02 10:31:39,30583.00,30584.75,30582.50,30584.25,138,30583.00,30583.50,0.50
2026-06-02 10:31:40,30584.00,30584.25,30583.00,30583.25,82,30583.50,30584.00,0.50
2026-06-02 10:31:41,30583.00,30585.00,30583.00,30583.75,111,30585.00,30585.50,0.50
2026-06-02 10:31:42,30583.50,30585.50,30583.00,30585.00,76,30585.50,30586.00,0.50
2026-06-02 10:31:43,30585.00,30586.25,30585.00,30585.75,154,30586.25,30586.75,0.50
2026-06-02 10:31:44,30586.00,30587.00,30583.75,30586.25,192,30588.50,30589.00,0.50
2026-06-02 10:31:45,30586.50,30589.50,30586.00,30588.75,307,30591.50,30592.00,0.50
2026-06-02 10:31:46,30588.75,30592.00,30588.50,30592.00,380,30594.00,30594.50,0.50
2026-06-02 10:31:47,30591.75,30594.75,30591.50,30594.25,404,30594.75,30595.25,0.50
2026-06-02 10:31:48,30594.00,30595.75,30594.00,30595.25,232,30594.75,30595.00,0.25
2026-06-02 10:31:49,30594.75,30595.25,30593.25,30595.00,216,30594.75,30595.25,0.50
2026-06-02 10:31:50,30595.00,30595.50,30594.25,30595.00,192,30593.25,30593.75,0.50
2026-06-02 10:31:51,30595.00,30595.50,30592.75,30594.00,167,30592.75,30593.25,0.50
2026-06-02 10:31:52,30593.75,30594.50,30592.50,30593.25,139,30591.75,30592.25,0.50
2026-06-02 10:31:53,30593.00,30593.75,30591.50,30592.00,253,30591.75,30592.25,0.50
2026-06-02 10:31:54,30591.75,30593.00,30590.75,30592.00,224,30589.75,30590.25,0.50
2026-06-02 10:31:55,30592.25,30592.25,30588.50,30590.25,231,30589.25,30589.75,0.50
2026-06-02 10:31:56,30589.75,30590.50,30588.75,30588.75,122,30588.00,30588.25,0.25
2026-06-02 10:31:57,30589.25,30590.25,30588.00,30588.00,84,30587.00,30587.50,0.50
2026-06-02 10:31:58,30588.25,30588.75,30586.50,30587.00,108,30587.00,30587.50,0.50
2026-06-02 10:31:59,30587.50,30588.00,30586.50,30587.75,80,30587.50,30588.00,0.50
2026-06-02 10:32:00,30587.50,30588.00,30586.25,30587.50,93,30587.50,30587.75,0.25
2026-06-02 10:32:01,30588.00,30588.75,30586.75,30587.75,139,30583.00,30583.50,0.50
2026-06-02 10:32:02,30587.50,30587.50,30583.00,30583.25,252,30581.75,30582.25,0.50
2026-06-02 10:32:03,30583.25,30584.50,30580.50,30581.75,253,30580.75,30581.25,0.50
2026-06-02 10:32:04,30582.25,30582.25,30578.75,30581.25,293,30582.00,30582.50,0.50
2026-06-02 10:32:05,30580.75,30583.50,30580.25,30582.25,237,30581.75,30582.25,0.50
2026-06-02 10:32:06,30582.50,30583.25,30581.50,30582.25,154,30578.25,30578.75,0.50
2026-06-02 10:32:07,30582.25,30582.25,30577.50,30578.50,169,30579.00,30579.50,0.50
2026-06-02 10:32:08,30579.00,30579.25,30576.50,30579.00,225,30579.50,30580.00,0.50
2026-06-02 10:32:09,30579.00,30580.75,30578.75,30580.00,112,30583.75,30584.25,0.50
2026-06-02 10:32:10,30579.75,30585.00,30579.75,30583.50,94,30586.25,30586.75,0.50
2026-06-02 10:32:11,30584.25,30587.00,30583.50,30586.50,150,30586.25,30586.75,0.50
2026-06-02 10:32:12,30586.50,30587.50,30585.00,30586.75,118,30585.00,30585.25,0.25
2026-06-02 10:32:13,30586.25,30586.25,30582.50,30585.00,197,30585.75,30586.00,0.25
2026-06-02 10:32:14,30585.00,30586.50,30584.25,30586.50,120,30585.50,30586.00,0.50
2026-06-02 10:32:15,30585.75,30586.25,30584.25,30586.00,113,30586.00,30586.50,0.50
2026-06-02 10:32:16,30585.75,30587.50,30585.50,30586.50,67,30584.00,30584.50,0.50
2026-06-02 10:32:17,30586.00,30586.50,30583.25,30584.50,61,30582.75,30583.25,0.50
2026-06-02 10:32:18,30584.00,30584.00,30583.25,30583.75,43,30584.50,30585.00,0.50
2026-06-02 10:32:19,30582.50,30585.25,30582.25,30584.75,66,30582.00,30582.50,0.50
2026-06-02 10:32:20,30585.00,30585.00,30581.75,30581.75,92,30582.25,30582.75,0.50
2026-06-02 10:32:21,30581.75,30583.25,30581.75,30582.75,45,30582.25,30582.75,0.50
2026-06-02 10:32:22,30582.75,30583.50,30582.00,30582.50,49,30587.00,30587.50,0.50
2026-06-02 10:32:23,30582.25,30587.75,30582.25,30587.75,76,30587.00,30587.50,0.50
2026-06-02 10:32:24,30587.50,30587.50,30585.00,30587.50,71,30589.00,30589.25,0.25
2026-06-02 10:32:25,30587.50,30589.50,30587.50,30589.25,133,30587.25,30587.50,0.25
2026-06-02 10:32:26,30589.00,30589.00,30586.25,30587.25,147,30587.25,30587.50,0.25
2026-06-02 10:32:27,30587.00,30588.00,30586.50,30587.00,71,30587.00,30587.50,0.50
2026-06-02 10:32:28,30587.75,30587.75,30587.00,30587.25,28,30584.75,30585.00,0.25
2026-06-02 10:32:29,30587.25,30587.25,30585.00,30585.00,127,30585.75,30586.25,0.50
2026-06-02 10:32:30,30585.00,30586.25,30585.00,30585.75,49,30588.25,30588.75,0.50
2026-06-02 10:32:31,30586.25,30588.00,30586.00,30587.50,53,30588.25,30588.75,0.50
2026-06-02 10:32:32,30588.50,30589.00,30588.00,30588.75,63,30588.25,30588.75,0.50
2026-06-02 10:32:33,30588.75,30589.25,30588.00,30588.75,80,30589.25,30589.75,0.50
2026-06-02 10:32:34,30588.25,30589.50,30588.25,30589.25,66,30592.25,30592.75,0.50
2026-06-02 10:32:35,30589.75,30593.00,30589.75,30592.75,218,30591.25,30591.50,0.25
2026-06-02 10:32:36,30593.00,30593.25,30590.75,30591.00,161,30591.25,30591.50,0.25
2026-06-02 10:32:37,30591.00,30594.25,30591.00,30594.25,192,30592.75,30593.25,0.50
2026-06-02 10:32:38,30593.00,30594.50,30592.75,30593.75,107,30593.75,30594.25,0.50
2026-06-02 10:32:39,30594.00,30594.75,30593.00,30593.00,151,30593.00,30593.50,0.50
2026-06-02 10:32:40,30593.25,30594.50,30593.25,30594.50,61,30592.00,30592.50,0.50
2026-06-02 10:32:41,30594.25,30594.25,30591.75,30592.75,81,30592.25,30592.75,0.50
2026-06-02 10:32:42,30592.00,30593.50,30592.00,30592.25,115,30592.50,30593.00,0.50
2026-06-02 10:32:43,30592.50,30593.00,30591.50,30593.00,46,30591.75,30592.25,0.50
2026-06-02 10:32:44,30593.00,30593.25,30591.50,30592.25,49,30588.75,30589.25,0.50
2026-06-02 10:32:45,30592.00,30592.25,30589.00,30589.25,97,30589.25,30589.50,0.25
2026-06-02 10:32:46,30589.00,30590.50,30589.00,30589.25,63,30589.50,30589.75,0.25
2026-06-02 10:32:47,30588.75,30590.00,30588.50,30590.00,60,30589.25,30589.75,0.50
2026-06-02 10:32:48,30589.25,30590.00,30588.75,30589.00,43,30593.75,30594.00,0.25
2026-06-02 10:32:49,30589.75,30593.50,30589.75,30593.50,86,30593.75,30594.00,0.25
2026-06-02 10:32:50,30593.75,30594.00,30592.50,30593.00,84,30592.75,30593.00,0.25
2026-06-02 10:32:51,30593.25,30593.25,30592.25,30593.00,28,30592.50,30593.00,0.50
2026-06-02 10:32:52,30593.00,30593.50,30592.25,30593.00,54,30591.00,30591.25,0.25
2026-06-02 10:32:53,30593.00,30593.75,30591.00,30591.00,75,30591.50,30591.75,0.25
2026-06-02 10:32:54,30591.25,30592.00,30590.25,30591.75,63,30590.25,30590.75,0.50
2026-06-02 10:32:55,30591.50,30592.50,30590.50,30590.50,71,30592.00,30592.50,0.50
2026-06-02 10:32:56,30591.00,30592.75,30590.25,30592.75,62,30591.50,30592.00,0.50
2026-06-02 10:32:57,30592.50,30592.50,30590.75,30591.75,64,30591.50,30592.00,0.50
2026-06-02 10:32:58,30592.00,30592.50,30591.50,30591.50,39,30591.50,30592.00,0.50
2026-06-02 10:32:59,30591.75,30592.75,30591.75,30592.25,21,30593.25,30593.75,0.50
2026-06-02 10:33:00,30592.75,30594.00,30592.75,30593.50,33,30592.50,30592.75,0.25
2026-06-02 10:33:01,30593.75,30594.25,30592.25,30592.25,103,30592.25,30592.75,0.50
2026-06-02 10:33:02,30592.50,30593.00,30591.75,30592.00,89,30593.50,30593.75,0.25
2026-06-02 10:33:03,30592.75,30594.00,30592.25,30594.00,72,30594.00,30594.25,0.25
2026-06-02 10:33:04,30593.75,30594.75,30593.00,30594.00,60,30594.00,30594.25,0.25
2026-06-02 10:33:05,30594.00,30594.25,30591.50,30592.25,73,30592.50,30593.00,0.50
2026-06-02 10:33:06,30592.50,30593.00,30590.50,30592.50,130,30591.75,30592.25,0.50
2026-06-02 10:33:07,30592.50,30593.50,30591.50,30592.25,98,30591.75,30592.25,0.50
2026-06-02 10:33:08,30592.00,30592.75,30590.75,30592.00,84,30590.75,30591.25,0.50
2026-06-02 10:33:09,30592.00,30592.25,30589.25,30591.00,70,30590.75,30591.25,0.50
2026-06-02 10:33:10,30591.25,30592.25,30590.25,30590.75,82,30591.50,30591.75,0.25
2026-06-02 10:33:11,30590.75,30591.75,30590.50,30591.25,70,30590.75,30591.00,0.25
2026-06-02 10:33:12,30591.75,30592.75,30591.25,30591.75,45,30588.25,30588.75,0.50
2026-06-02 10:33:13,30591.00,30591.00,30587.25,30588.75,120,30588.00,30588.25,0.25
2026-06-02 10:33:14,30588.25,30589.00,30587.75,30588.25,95,30586.75,30587.00,0.25
2026-06-02 10:33:15,30588.00,30588.50,30585.25,30586.75,161,30586.25,30586.75,0.50
2026-06-02 10:33:16,30586.75,30586.75,30585.25,30586.50,61,30586.25,30586.75,0.50
2026-06-02 10:33:17,30586.50,30588.50,30586.00,30588.25,65,30589.50,30590.00,0.50
2026-06-02 10:33:18,30588.50,30590.25,30588.00,30589.75,54,30589.50,30590.00,0.50
2026-06-02 10:33:19,30590.00,30590.00,30586.50,30589.00,203,30590.50,30590.75,0.25
2026-06-02 10:33:20,30588.75,30592.25,30588.75,30591.00,147,30589.00,30589.25,0.25
2026-06-02 10:33:21,30590.75,30590.75,30588.50,30588.75,42,30588.25,30588.50,0.25
2026-06-02 10:33:22,30589.25,30589.75,30587.00,30588.25,62,30590.25,30590.75,0.50
2026-06-02 10:33:23,30588.75,30590.75,30588.25,30590.75,43,30593.75,30594.00,0.25
2026-06-02 10:33:24,30590.25,30594.00,30590.00,30594.00,195,30594.25,30594.50,0.25
2026-06-02 10:33:25,30594.00,30594.75,30593.00,30594.50,82,30594.25,30594.50,0.25
2026-06-02 10:33:26,30594.25,30594.75,30592.75,30593.25,71,30594.25,30594.50,0.25
2026-06-02 10:33:27,30593.00,30594.50,30592.75,30594.50,54,30596.75,30597.00,0.25
2026-06-02 10:33:28,30594.25,30598.00,30594.00,30597.25,445,30598.25,30598.50,0.25
2026-06-02 10:33:29,30596.75,30599.00,30596.50,30598.00,189,30598.25,30598.75,0.50
2026-06-02 10:33:30,30598.25,30599.50,30597.75,30598.50,283,30597.50,30597.75,0.25
2026-06-02 10:33:31,30598.25,30598.75,30596.75,30597.75,176,30599.75,30600.00,0.25
2026-06-02 10:33:32,30597.50,30600.00,30597.25,30600.00,164,30602.75,30603.25,0.50
2026-06-02 10:33:33,30600.00,30603.75,30599.50,30603.00,358,30602.75,30603.00,0.25
2026-06-02 10:33:34,30603.25,30603.50,30601.75,30603.00,241,30602.75,30603.00,0.25
2026-06-02 10:33:35,30603.00,30603.75,30602.25,30603.00,233,30602.50,30603.00,0.50
2026-06-02 10:33:36,30603.00,30603.00,30599.00,30600.25,244,30600.25,30600.50,0.25
2026-06-02 10:33:37,30600.25,30601.50,30599.50,30601.00,92,30600.00,30600.25,0.25
2026-06-02 10:33:38,30600.50,30601.50,30599.25,30600.25,107,30600.00,30600.50,0.50
2026-06-02 10:33:39,30600.00,30601.25,30599.75,30599.75,62,30600.00,30600.50,0.50
2026-06-02 10:33:40,30600.25,30600.75,30599.25,30599.75,66,30597.50,30598.00,0.50
2026-06-02 10:33:41,30600.50,30600.75,30597.00,30598.25,132,30597.50,30598.00,0.50
2026-06-02 10:33:42,30597.50,30598.25,30597.25,30597.50,47,30597.50,30597.75,0.25
2026-06-02 10:33:43,30598.00,30598.25,30596.00,30597.75,90,30599.50,30600.00,0.50
2026-06-02 10:33:44,30597.50,30599.50,30597.00,30599.50,95,30599.50,30600.00,0.50
2026-06-02 10:33:45,30599.50,30599.75,30598.75,30599.00,52,30598.75,30599.25,0.50
2026-06-02 10:33:46,30598.75,30600.50,30598.25,30600.50,156,30601.25,30601.75,0.50
2026-06-02 10:33:47,30600.50,30601.75,30600.50,30601.75,59,30602.75,30603.00,0.25
2026-06-02 10:33:48,30601.75,30603.00,30601.25,30602.75,80,30601.50,30602.00,0.50
2026-06-02 10:33:49,30602.75,30603.00,30601.50,30602.00,53,30603.00,30603.25,0.25
2026-06-02 10:33:50,30601.75,30603.00,30601.00,30603.00,89,30603.25,30603.50,0.25
2026-06-02 10:33:51,30603.25,30603.50,30601.75,30603.25,111,30602.25,30602.75,0.50
2026-06-02 10:33:52,30603.50,30603.50,30602.00,30602.75,71,30602.50,30602.75,0.25
2026-06-02 10:33:53,30603.00,30603.75,30601.75,30602.00,87,30603.00,30603.50,0.50
2026-06-02 10:33:54,30602.75,30604.00,30602.50,30603.00,106,30603.50,30603.75,0.25
2026-06-02 10:33:55,30603.50,30604.00,30602.50,30603.50,81,30602.75,30603.25,0.50
2026-06-02 10:33:56,30603.50,30604.00,30602.75,30603.25,74,30603.25,30603.75,0.50
2026-06-02 10:33:57,30603.25,30604.00,30603.00,30603.25,47,30603.50,30604.00,0.50
2026-06-02 10:33:58,30603.00,30604.50,30603.00,30603.75,64,30602.50,30603.00,0.50
2026-06-02 10:33:59,30603.50,30603.50,30602.00,30603.00,58,30603.00,30603.25,0.25
2026-06-02 10:34:00,30602.50,30604.25,30602.50,30602.75,40,30599.25,30599.50,0.25
2026-06-02 10:34:01,30603.00,30605.00,30599.00,30599.50,369,30601.00,30601.50,0.50
2026-06-02 10:34:02,30599.50,30601.75,30599.25,30601.75,105,30601.25,30601.50,0.25
2026-06-02 10:34:03,30601.00,30601.75,30600.25,30601.25,57,30603.00,30603.25,0.25
2026-06-02 10:34:04,30601.25,30602.75,30600.25,30602.75,49,30602.00,30602.50,0.50
2026-06-02 10:34:05,30603.25,30603.25,30601.50,30602.50,82,30602.75,30603.25,0.50
2026-06-02 10:34:06,30602.00,30603.25,30601.50,30603.00,80,30603.75,30604.25,0.50
2026-06-02 10:34:07,30602.75,30604.50,30602.25,30604.25,122,30604.00,30604.25,0.25
2026-06-02 10:34:08,30604.25,30604.50,30603.50,30604.25,61,30606.00,30606.25,0.25
2026-06-02 10:34:09,30604.25,30606.50,30603.50,30606.50,314,30604.50,30605.00,0.50
2026-06-02 10:34:10,30606.25,30607.00,30604.50,30604.50,202,30602.75,30603.25,0.50
2026-06-02 10:34:11,30605.00,30605.75,30602.50,30603.00,172,30601.25,30601.75,0.50
2026-06-02 10:34:12,30603.00,30603.50,30601.00,30601.50,124,30601.75,30602.00,0.25
2026-06-02 10:34:13,30601.00,30602.25,30600.50,30601.50,77,30599.25,30599.50,0.25
2026-06-02 10:34:14,30602.25,30602.75,30599.00,30599.00,99,30598.25,30598.50,0.25
2026-06-02 10:34:15,30599.50,30599.75,30597.75,30598.00,123,30598.25,30598.50,0.25
2026-06-02 10:34:16,30598.50,30599.75,30597.75,30599.50,70,30599.25,30599.50,0.25
2026-06-02 10:34:17,30599.75,30599.75,30598.25,30599.00,56,30601.50,30602.00,0.50
2026-06-02 10:34:18,30599.50,30602.00,30599.50,30602.00,62,30602.75,30603.00,0.25
2026-06-02 10:34:19,30602.25,30603.25,30602.00,30602.75,67,30601.75,30602.25,0.50
2026-06-02 10:34:20,30603.00,30603.00,30601.75,30602.00,43,30601.50,30601.75,0.25
2026-06-02 10:34:21,30602.25,30602.50,30601.25,30601.75,37,30601.50,30601.75,0.25
2026-06-02 10:34:22,30601.25,30602.00,30601.00,30601.75,61,30600.75,30601.25,0.50
2026-06-02 10:34:23,30601.50,30601.75,30600.75,30601.25,46,30599.25,30599.75,0.50
2026-06-02 10:34:24,30600.75,30601.00,30598.50,30599.00,62,30598.75,30599.25,0.50
2026-06-02 10:34:25,30600.00,30600.25,30598.75,30599.25,41,30596.00,30596.25,0.25
2026-06-02 10:34:26,30598.50,30599.25,30596.00,30596.00,119,30596.00,30596.25,0.25
2026-06-02 10:34:27,30596.00,30596.75,30594.25,30595.25,197,30594.75,30595.25,0.50
2026-06-02 10:34:28,30594.75,30595.50,30594.50,30594.75,86,30592.75,30593.25,0.50
2026-06-02 10:34:29,30595.00,30595.75,30592.25,30593.25,233,30594.00,30594.50,0.50
2026-06-02 10:34:30,30592.75,30594.50,30592.50,30594.25,109,30592.00,30592.50,0.50
2026-06-02 10:34:31,30594.00,30594.75,30591.25,30592.50,120,30593.25,30593.50,0.25
2026-06-02 10:34:32,30592.25,30593.25,30591.25,30593.25,53,30593.75,30594.00,0.25
2026-06-02 10:34:33,30593.00,30595.00,30592.75,30594.00,71,30597.00,30597.25,0.25
2026-06-02 10:34:34,30593.50,30597.25,30593.25,30597.00,71,30597.25,30597.50,0.25
2026-06-02 10:34:35,30597.25,30598.00,30596.75,30597.75,65,30597.00,30597.50,0.50
2026-06-02 10:34:36,30597.50,30597.75,30596.50,30597.25,65,30596.00,30596.50,0.50
2026-06-02 10:34:37,30597.50,30597.75,30596.00,30596.00,35,30597.50,30598.00,0.50
2026-06-02 10:34:38,30596.50,30598.00,30596.50,30597.50,42,30596.25,30596.75,0.50
2026-06-02 10:34:39,30598.00,30598.00,30596.50,30596.50,24,30596.25,30596.50,0.25
2026-06-02 10:34:40,30596.25,30597.25,30596.25,30596.25,27,30595.25,30595.75,0.50
2026-06-02 10:34:41,30596.25,30596.25,30594.75,30595.25,39,30595.50,30596.00,0.50
2026-06-02 10:34:42,30595.25,30597.00,30594.75,30595.75,95,30595.00,30595.25,0.25
2026-06-02 10:34:43,30595.50,30595.75,30594.75,30595.50,34,30597.00,30597.25,0.25
2026-06-02 10:34:44,30595.25,30598.00,30595.25,30597.00,64,30596.75,30597.25,0.50
2026-06-02 10:34:45,30597.25,30597.25,30596.25,30596.75,27,30596.50,30596.75,0.25
2026-06-02 10:34:46,30596.75,30596.75,30596.00,30596.50,16,30595.25,30595.75,0.50
2026-06-02 10:34:47,30596.50,30596.75,30595.00,30595.25,37,30593.25,30593.50,0.25
2026-06-02 10:34:48,30595.25,30595.25,30593.00,30593.00,29,30593.25,30593.50,0.25
2026-06-02 10:34:49,30593.25,30594.50,30593.25,30594.00,21,30594.00,30594.25,0.25
2026-06-02 10:34:50,30594.00,30594.50,30593.75,30594.00,17,30595.00,30595.25,0.25
2026-06-02 10:34:51,30594.25,30595.75,30594.25,30595.50,50,30595.00,30595.25,0.25
2026-06-02 10:34:52,30595.25,30596.00,30594.25,30595.00,36,30596.00,30596.25,0.25
2026-06-02 10:34:53,30595.00,30596.25,30594.25,30595.75,56,30595.25,30595.75,0.50
2026-06-02 10:34:54,30596.00,30596.25,30594.75,30595.75,42,30594.75,30595.25,0.50
2026-06-02 10:34:55,30596.00,30596.00,30594.25,30594.75,48,30594.75,30595.25,0.50
2026-06-02 10:34:56,30595.25,30595.50,30593.75,30595.25,46,30594.75,30595.25,0.50
2026-06-02 10:34:57,30595.25,30597.50,30594.25,30597.00,80,30596.50,30597.00,0.50
2026-06-02 10:34:58,30597.50,30598.00,30596.50,30597.00,56,30596.25,30596.75,0.50
2026-06-02 10:34:59,30597.00,30597.50,30596.25,30596.25,16,30595.25,30595.75,0.50
2026-06-02 10:35:00,30596.25,30596.75,30595.25,30595.75,37,30595.50,30596.00,0.50
2026-06-02 10:35:01,30594.75,30597.00,30594.25,30596.00,156,30598.00,30598.50,0.50
2026-06-02 10:35:02,30596.00,30599.00,30596.00,30598.25,129,30598.00,30598.25,0.25
2026-06-02 10:35:03,30598.25,30600.00,30597.75,30598.25,131,30597.75,30598.25,0.50
2026-06-02 10:35:04,30597.75,30599.25,30597.50,30597.75,70,30597.50,30597.75,0.25
2026-06-02 10:35:05,30597.75,30599.25,30597.75,30598.25,36,30599.50,30600.00,0.50
2026-06-02 10:35:06,30598.00,30600.50,30598.00,30600.00,71,30600.50,30601.00,0.50
2026-06-02 10:35:07,30599.50,30601.00,30599.50,30601.00,60,30599.00,30599.50,0.50
2026-06-02 10:35:08,30600.75,30600.75,30598.50,30599.50,75,30599.50,30600.00,0.50
2026-06-02 10:35:09,30599.50,30600.50,30599.25,30600.00,39,30599.50,30600.00,0.50
2026-06-02 10:35:10,30599.50,30599.75,30598.75,30599.00,53,30595.50,30596.00,0.50
2026-06-02 10:35:11,30598.75,30599.50,30595.00,30596.25,107,30597.00,30597.50,0.50
2026-06-02 10:35:12,30596.25,30597.50,30595.50,30597.50,34,30596.75,30597.25,0.50
2026-06-02 10:35:13,30597.75,30597.75,30596.00,30597.50,48,30595.50,30596.00,0.50
2026-06-02 10:35:14,30597.00,30597.25,30595.25,30595.75,117,30595.75,30596.00,0.25
2026-06-02 10:35:15,30595.75,30596.50,30595.00,30595.50,60,30596.75,30597.00,0.25
2026-06-02 10:35:16,30596.00,30597.25,30596.00,30597.00,43,30593.50,30594.00,0.50
2026-06-02 10:35:17,30596.50,30597.50,30593.75,30594.00,101,30592.25,30592.50,0.25
2026-06-02 10:35:18,30593.75,30594.00,30592.00,30592.50,114,30590.75,30591.25,0.50
2026-06-02 10:35:19,30592.50,30593.50,30590.25,30591.25,326,30592.00,30592.50,0.50
2026-06-02 10:35:20,30590.75,30593.00,30590.75,30592.00,133,30593.50,30594.00,0.50
2026-06-02 10:35:21,30592.50,30594.25,30592.00,30593.50,89,30592.50,30593.00,0.50
2026-06-02 10:35:22,30594.25,30594.50,30592.50,30592.75,75,30588.00,30588.50,0.50
2026-06-02 10:35:23,30592.75,30593.00,30587.75,30588.00,232,30588.00,30588.50,0.50
2026-06-02 10:35:24,30588.25,30588.25,30586.50,30587.00,251,30588.75,30589.25,0.50
2026-06-02 10:35:25,30587.00,30589.25,30586.25,30588.50,175,30589.00,30589.50,0.50
2026-06-02 10:35:26,30589.25,30590.00,30588.50,30589.50,82,30590.25,30590.75,0.50
2026-06-02 10:35:27,30589.25,30590.50,30588.50,30590.50,78,30590.25,30590.50,0.25
2026-06-02 10:35:28,30590.25,30591.25,30589.50,30590.00,66,30590.25,30590.50,0.25
2026-06-02 10:35:29,30590.00,30591.00,30589.00,30589.00,58,30591.00,30591.50,0.50
2026-06-02 10:35:30,30588.75,30590.75,30588.75,30590.75,63,30591.75,30592.25,0.50
2026-06-02 10:35:31,30591.50,30593.00,30591.25,30592.25,90,30591.75,30592.25,0.50
2026-06-02 10:35:32,30592.25,30593.25,30591.50,30593.00,42,30593.75,30594.00,0.25
2026-06-02 10:35:33,30593.00,30595.00,30593.00,30594.00,83,30594.25,30594.50,0.25
2026-06-02 10:35:34,30594.00,30595.25,30593.25,30594.25,57,30594.75,30595.00,0.25
2026-06-02 10:35:35,30594.50,30596.50,30593.25,30594.75,61,30595.00,30595.50,0.50
2026-06-02 10:35:36,30595.00,30595.50,30594.25,30595.00,73,30595.50,30596.00,0.50
2026-06-02 10:35:37,30595.00,30596.00,30594.75,30595.50,41,30595.50,30595.75,0.25
2026-06-02 10:35:38,30595.75,30596.25,30594.75,30595.75,69,30597.25,30597.75,0.50
2026-06-02 10:35:39,30595.50,30597.50,30594.25,30597.50,76,30596.75,30597.25,0.50
2026-06-02 10:35:40,30597.75,30598.25,30596.75,30597.25,69,30596.50,30596.75,0.25
2026-06-02 10:35:41,30597.25,30597.75,30595.75,30596.50,82,30595.50,30596.00,0.50
2026-06-02 10:35:42,30596.75,30597.00,30594.25,30596.00,42,30597.25,30597.75,0.50
2026-06-02 10:35:43,30595.75,30598.00,30595.75,30597.25,47,30597.25,30597.75,0.50
2026-06-02 10:35:44,30597.75,30597.75,30595.75,30597.25,40,30596.00,30596.50,0.50
2026-06-02 10:35:45,30597.75,30597.75,30596.25,30596.25,38,30597.25,30597.75,0.50
2026-06-02 10:35:46,30596.25,30597.75,30596.25,30597.25,21,30597.50,30598.00,0.50
2026-06-02 10:35:47,30597.00,30598.50,30597.00,30597.75,51,30598.00,30598.25,0.25
2026-06-02 10:35:48,30597.50,30598.25,30596.75,30598.00,52,30597.75,30598.25,0.50
2026-06-02 10:35:49,30597.75,30598.50,30596.25,30598.00,73,30597.25,30597.50,0.25
2026-06-02 10:35:50,30597.75,30598.00,30596.75,30597.50,34,30595.50,30596.00,0.50
2026-06-02 10:35:51,30597.00,30597.25,30595.75,30595.75,39,30595.75,30596.25,0.50
2026-06-02 10:35:52,30595.50,30596.50,30595.25,30596.00,71,30594.25,30594.75,0.50
2026-06-02 10:35:53,30595.75,30596.25,30594.00,30594.25,47,30593.00,30593.25,0.25
2026-06-02 10:35:54,30594.50,30595.00,30592.50,30593.25,152,30593.75,30594.25,0.50
2026-06-02 10:35:55,30593.00,30594.50,30593.00,30593.75,38,30594.25,30594.75,0.50
2026-06-02 10:35:56,30594.25,30594.50,30592.50,30594.00,51,30594.25,30594.75,0.50
2026-06-02 10:35:57,30594.50,30594.50,30593.50,30594.50,28,30596.25,30596.50,0.25
2026-06-02 10:35:58,30594.25,30597.00,30594.25,30596.50,73,30596.25,30596.50,0.25
2026-06-02 10:35:59,30596.00,30596.25,30595.00,30596.00,60,30596.75,30597.00,0.25
2026-06-02 10:36:00,30596.50,30597.75,30596.50,30597.00,49,30594.75,30595.00,0.25
2026-06-02 10:36:01,30597.00,30597.00,30594.75,30594.75,39,30595.50,30596.00,0.50
2026-06-02 10:36:02,30594.75,30597.25,30593.00,30596.50,94,30595.50,30596.00,0.50
2026-06-02 10:36:03,30595.50,30596.75,30595.50,30596.25,72,30592.50,30592.75,0.25
2026-06-02 10:36:04,30595.50,30596.00,30592.25,30592.25,73,30593.50,30594.00,0.50
2026-06-02 10:36:05,30593.50,30594.50,30592.25,30593.50,41,30596.25,30596.50,0.25
2026-06-02 10:36:06,30594.00,30597.00,30593.75,30596.50,63,30596.25,30596.75,0.50
2026-06-02 10:36:07,30596.50,30597.75,30595.50,30596.75,55,30595.75,30596.00,0.25
2026-06-02 10:36:08,30596.50,30596.75,30595.00,30596.00,56,30593.25,30593.75,0.50
2026-06-02 10:36:09,30596.00,30596.00,30592.50,30593.25,57,30591.00,30591.25,0.25
2026-06-02 10:36:10,30593.25,30593.25,30590.75,30591.25,65,30591.00,30591.50,0.50
2026-06-02 10:36:11,30591.25,30591.50,30590.75,30590.75,56,30587.00,30587.25,0.25
2026-06-02 10:36:12,30591.00,30591.00,30587.00,30587.25,162,30587.00,30587.25,0.25
2026-06-02 10:36:13,30587.00,30588.25,30586.50,30587.00,95,30588.25,30588.75,0.50
2026-06-02 10:36:14,30587.50,30588.75,30586.00,30588.75,139,30591.50,30591.75,0.25
2026-06-02 10:36:15,30588.25,30592.75,30588.25,30592.00,119,30592.25,30592.75,0.50
2026-06-02 10:36:16,30591.75,30592.25,30591.00,30592.25,47,30591.25,30591.75,0.50
2026-06-02 10:36:17,30592.75,30592.75,30590.50,30591.75,49,30591.25,30591.50,0.25
2026-06-02 10:36:18,30591.50,30593.75,30591.25,30591.25,81,30589.25,30589.75,0.50
2026-06-02 10:36:19,30591.50,30592.00,30589.00,30589.50,103,30592.75,30593.25,0.50
2026-06-02 10:36:20,30590.75,30592.75,30590.50,30592.50,30,30592.75,30593.25,0.50
2026-06-02 10:36:21,30592.75,30597.75,30592.75,30596.75,173,30596.50,30597.00,0.50
2026-06-02 10:36:22,30596.75,30599.25,30596.75,30598.00,124,30598.50,30599.00,0.50
2026-06-02 10:36:23,30598.25,30598.75,30597.25,30598.25,117,30601.75,30602.00,0.25
2026-06-02 10:36:24,30598.25,30602.75,30597.75,30602.00,222,30599.50,30600.00,0.50
2026-06-02 10:36:25,30602.25,30602.50,30599.75,30600.00,193,30598.75,30599.25,0.50
2026-06-02 10:36:26,30600.00,30600.25,30597.75,30598.50,120,30600.25,30600.75,0.50
2026-06-02 10:36:27,30599.25,30601.25,30599.25,30600.75,47,30599.25,30599.50,0.25
2026-06-02 10:36:28,30601.00,30601.25,30599.25,30599.50,74,30598.75,30599.00,0.25
2026-06-02 10:36:29,30599.25,30599.75,30598.00,30599.00,58,30599.25,30599.75,0.50
2026-06-02 10:36:30,30599.25,30600.50,30599.00,30599.75,118,30599.50,30599.75,0.25
2026-06-02 10:36:31,30599.75,30601.25,30599.00,30599.25,71,30597.50,30598.25,0.75
2026-06-02 10:36:32,30599.75,30601.00,30595.75,30597.75,156,30597.50,30598.25,0.75
2026-06-02 10:36:33,30597.75,30598.75,30597.75,30598.50,86,30597.50,30598.00,0.50
2026-06-02 10:36:34,30598.50,30598.75,30597.00,30597.25,45,30598.25,30598.75,0.50
2026-06-02 10:36:35,30597.75,30599.25,30597.75,30598.25,20,30598.25,30598.75,0.50
2026-06-02 10:36:36,30598.25,30598.75,30598.00,30598.25,28,30599.75,30600.00,0.25
2026-06-02 10:36:37,30598.75,30600.00,30598.25,30600.00,27,30601.50,30602.00,0.50
2026-06-02 10:36:38,30600.00,30602.50,30599.75,30602.50,48,30602.00,30602.50,0.50
2026-06-02 10:36:39,30602.00,30603.50,30601.75,30602.50,138,30602.00,30602.50,0.50
2026-06-02 10:36:40,30602.50,30603.50,30601.25,30601.75,144,30600.50,30600.75,0.25
2026-06-02 10:36:41,30601.75,30602.50,30600.25,30600.50,80,30601.50,30602.00,0.50
2026-06-02 10:36:42,30600.75,30602.25,30600.00,30601.75,105,30601.00,30601.50,0.50
2026-06-02 10:36:43,30601.50,30602.00,30600.75,30600.75,52,30600.75,30601.25,0.50
2026-06-02 10:36:44,30601.50,30601.50,30600.00,30601.25,33,30598.75,30599.25,0.50
2026-06-02 10:36:45,30600.75,30601.25,30598.75,30599.50,57,30598.25,30598.50,0.25
2026-06-02 10:36:46,30598.75,30599.25,30597.75,30598.50,59,30599.75,30600.25,0.50
2026-06-02 10:36:47,30598.50,30600.00,30598.50,30600.00,38,30601.75,30602.25,0.50
2026-06-02 10:36:48,30600.00,30602.00,30600.00,30601.75,65,30601.75,30602.25,0.50
2026-06-02 10:36:49,30602.25,30602.25,30600.50,30601.25,39,30601.50,30601.75,0.25
2026-06-02 10:36:50,30601.25,30602.00,30600.00,30602.00,69,30601.25,30601.75,0.50
2026-06-02 10:36:51,30601.50,30602.00,30601.00,30601.25,27,30602.25,30602.75,0.50
2026-06-02 10:36:52,30601.75,30603.00,30601.75,30602.75,74,30604.00,30604.50,0.50
2026-06-02 10:36:53,30602.75,30605.00,30601.75,30604.75,141,30606.50,30607.00,0.50
2026-06-02 10:36:54,30604.00,30609.75,30603.75,30607.00,629,30604.50,30604.75,0.25
2026-06-02 10:36:55,30606.50,30607.50,30603.00,30604.25,173,30606.00,30606.50,0.50
2026-06-02 10:36:56,30604.50,30606.50,30604.00,30606.50,103,30607.00,30607.50,0.50
2026-06-02 10:36:57,30606.50,30607.50,30605.50,30607.00,77,30607.00,30607.50,0.50
2026-06-02 10:36:58,30607.50,30607.75,30606.50,30607.50,88,30608.00,30608.25,0.25
2026-06-02 10:36:59,30607.75,30609.00,30606.75,30608.50,96,30606.75,30607.25,0.50
2026-06-02 10:37:00,30608.25,30608.50,30606.25,30606.75,170,30607.00,30607.50,0.50
2026-06-02 10:37:01,30607.25,30607.50,30605.50,30607.50,123,30611.00,30611.50,0.50
2026-06-02 10:37:02,30607.00,30612.25,30607.00,30611.50,428,30611.00,30611.50,0.50
2026-06-02 10:37:03,30611.25,30613.25,30610.00,30611.00,389,30610.50,30611.00,0.50
2026-06-02 10:37:04,30611.00,30612.75,30610.00,30611.00,233,30611.00,30611.50,0.50
2026-06-02 10:37:05,30611.50,30612.50,30610.25,30611.75,202,30611.25,30611.75,0.50
2026-06-02 10:37:06,30612.00,30612.50,30610.75,30611.25,67,30610.00,30610.50,0.50
2026-06-02 10:37:07,30611.50,30611.75,30610.00,30610.00,120,30610.25,30610.75,0.50
2026-06-02 10:37:08,30610.00,30611.75,30607.25,30610.25,230,30609.75,30610.25,0.50
2026-06-02 10:37:09,30610.50,30610.75,30609.50,30610.50,87,30611.75,30612.00,0.25
2026-06-02 10:37:10,30610.25,30612.00,30610.00,30612.00,61,30612.75,30613.00,0.25
2026-06-02 10:37:11,30611.75,30613.00,30610.50,30613.00,72,30613.00,30613.50,0.50
2026-06-02 10:37:12,30613.00,30613.75,30611.75,30613.25,105,30612.50,30613.00,0.50
2026-06-02 10:37:13,30613.25,30613.50,30612.00,30612.50,96,30611.25,30611.50,0.25
2026-06-02 10:37:14,30613.00,30613.25,30611.25,30611.25,86,30612.00,30612.50,0.50
2026-06-02 10:37:15,30611.75,30612.50,30610.75,30612.00,78,30612.50,30612.75,0.25
2026-06-02 10:37:16,30612.50,30612.75,30611.00,30611.00,85,30611.75,30612.00,0.25
2026-06-02 10:37:17,30612.50,30612.50,30611.25,30611.75,80,30611.25,30611.75,0.50
2026-06-02 10:37:18,30611.75,30613.00,30611.25,30611.50,75,30611.50,30611.75,0.25
2026-06-02 10:37:19,30611.50,30612.00,30611.00,30611.00,45,30612.75,30613.25,0.50
2026-06-02 10:37:20,30611.50,30613.00,30610.00,30612.75,109,30608.00,30608.25,0.25
2026-06-02 10:37:21,30612.75,30613.00,30607.75,30608.00,137,30606.75,30607.25,0.50
2026-06-02 10:37:22,30608.25,30608.75,30606.00,30606.75,180,30608.00,30608.50,0.50
2026-06-02 10:37:23,30606.75,30608.25,30606.25,30608.25,85,30607.25,30607.75,0.50
2026-06-02 10:37:24,30608.00,30608.75,30607.00,30607.50,102,30607.25,30607.75,0.50
2026-06-02 10:37:25,30607.75,30609.00,30607.50,30609.00,36,30610.00,30610.50,0.50
2026-06-02 10:37:26,30609.00,30611.00,30608.75,30610.00,51,30610.75,30611.00,0.25
2026-06-02 10:37:27,30610.50,30611.00,30610.00,30611.00,24,30605.75,30606.00,0.25
2026-06-02 10:37:28,30611.75,30612.00,30605.00,30605.50,140,30596.25,30596.50,0.25
2026-06-02 10:37:29,30606.25,30606.50,30593.25,30596.00,832,30595.25,30595.75,0.50
2026-06-02 10:37:30,30596.25,30597.50,30594.00,30595.25,173,30599.25,30599.75,0.50
2026-06-02 10:37:31,30595.75,30599.75,30595.75,30599.75,98,30599.25,30599.75,0.50
2026-06-02 10:37:32,30599.50,30600.25,30597.25,30599.00,135,30598.50,30599.00,0.50
2026-06-02 10:37:33,30598.75,30599.00,30597.25,30598.00,60,30596.00,30596.50,0.50
2026-06-02 10:37:34,30599.00,30599.00,30596.25,30596.25,67,30594.00,30594.50,0.50
2026-06-02 10:37:35,30596.00,30596.25,30594.00,30594.00,130,30594.00,30594.50,0.50
2026-06-02 10:37:36,30594.50,30595.75,30593.75,30595.50,100,30596.00,30596.50,0.50
2026-06-02 10:37:37,30594.75,30596.25,30594.00,30596.25,127,30601.00,30601.50,0.50
2026-06-02 10:37:38,30596.50,30601.75,30596.25,30601.00,96,30604.75,30605.25,0.50
2026-06-02 10:37:39,30601.50,30604.75,30601.00,30604.50,187,30606.25,30606.50,0.25
2026-06-02 10:37:40,30605.00,30607.00,30603.50,30606.00,111,30606.25,30606.50,0.25
2026-06-02 10:37:41,30606.50,30609.25,30606.50,30607.75,138,30606.25,30606.75,0.50
2026-06-02 10:37:42,30608.25,30608.25,30605.50,30606.25,117,30607.50,30607.75,0.25
2026-06-02 10:37:43,30606.25,30608.50,30605.50,30607.50,76,30608.00,30608.50,0.50
2026-06-02 10:37:44,30607.50,30608.50,30607.25,30608.50,79,30609.25,30609.50,0.25
2026-06-02 10:37:45,30608.00,30609.50,30608.00,30609.50,49,30609.00,30609.50,0.50
2026-06-02 10:37:46,30609.25,30609.25,30608.25,30609.25,85,30609.00,30609.50,0.50
2026-06-02 10:37:47,30609.00,30610.00,30608.50,30609.75,60,30608.50,30609.00,0.50
2026-06-02 10:37:48,30610.00,30610.75,30608.00,30608.75,101,30610.25,30610.75,0.50
2026-06-02 10:37:49,30608.50,30610.50,30608.50,30610.50,54,30609.00,30609.50,0.50
2026-06-02 10:37:50,30610.00,30610.00,30608.50,30609.00,45,30609.00,30609.50,0.50
2026-06-02 10:37:51,30609.25,30610.00,30608.50,30609.50,38,30609.00,30609.50,0.50
2026-06-02 10:37:52,30609.25,30609.50,30607.75,30608.00,72,30608.25,30608.75,0.50
2026-06-02 10:37:53,30608.50,30609.25,30608.00,30608.50,42,30607.00,30607.25,0.25
2026-06-02 10:37:54,30608.00,30608.75,30607.00,30607.00,101,30607.75,30608.25,0.50
2026-06-02 10:37:55,30608.00,30608.00,30606.25,30607.50,81,30607.75,30608.25,0.50
2026-06-02 10:37:56,30607.50,30608.50,30607.25,30608.00,33,30607.50,30607.75,0.25
2026-06-02 10:37:57,30608.00,30608.25,30607.00,30607.75,69,30607.50,30607.75,0.25
2026-06-02 10:37:58,30607.25,30608.00,30607.00,30607.50,36,30607.00,30607.25,0.25
2026-06-02 10:37:59,30607.25,30608.75,30606.75,30607.25,60,30606.75,30607.00,0.25
2026-06-02 10:38:00,30607.75,30608.25,30607.00,30607.00,38,30607.25,30607.50,0.25
2026-06-02 10:38:01,30606.50,30607.50,30606.00,30607.25,64,30606.50,30606.75,0.25
2026-06-02 10:38:02,30607.50,30607.50,30605.00,30606.25,115,30603.25,30603.75,0.50
2026-06-02 10:38:03,30606.75,30607.00,30602.50,30603.00,132,30601.50,30602.00,0.50
2026-06-02 10:38:04,30603.50,30604.00,30601.00,30601.50,130,30603.75,30604.25,0.50
2026-06-02 10:38:05,30601.75,30604.00,30599.50,30604.00,167,30603.75,30604.25,0.50
2026-06-02 10:38:06,30604.25,30604.25,30602.00,30602.50,45,30601.50,30602.00,0.50
2026-06-02 10:38:07,30602.00,30603.00,30601.25,30602.00,73,30601.50,30602.00,0.50
2026-06-02 10:38:08,30601.75,30602.25,30600.25,30600.75,40,30602.50,30603.00,0.50
2026-06-02 10:38:09,30600.25,30602.75,30600.25,30602.50,54,30602.50,30603.00,0.50
2026-06-02 10:38:10,30602.50,30602.75,30601.25,30601.25,33,30601.75,30602.00,0.25
2026-06-02 10:38:11,30600.75,30602.00,30600.25,30602.00,32,30602.00,30602.50,0.50
2026-06-02 10:38:12,30602.00,30603.75,30601.50,30602.00,50,30601.50,30602.00,0.50
2026-06-02 10:38:13,30602.25,30602.75,30601.50,30602.00,28,30601.25,30601.75,0.50
2026-06-02 10:38:14,30601.50,30602.00,30600.25,30601.25,50,30598.50,30599.00,0.50
2026-06-02 10:38:15,30601.00,30601.25,30598.25,30598.50,68,30598.50,30599.00,0.50
2026-06-02 10:38:16,30598.75,30599.50,30597.00,30598.25,170,30595.75,30596.00,0.25
2026-06-02 10:38:17,30598.25,30598.25,30595.75,30596.00,77,30595.75,30596.00,0.25
2026-06-02 10:38:18,30596.00,30599.50,30594.75,30599.50,106,30599.50,30600.00,0.50
2026-06-02 10:38:19,30599.25,30601.00,30598.75,30600.00,51,30601.25,30601.75,0.50
2026-06-02 10:38:20,30599.50,30602.00,30599.25,30601.75,55,30603.75,30604.25,0.50
2026-06-02 10:38:21,30601.75,30604.25,30601.75,30604.00,46,30603.50,30604.00,0.50
2026-06-02 10:38:22,30604.25,30604.75,30603.25,30603.50,95,30603.00,30603.25,0.25
2026-06-02 10:38:23,30603.25,30604.00,30602.75,30603.25,29,30601.50,30602.00,0.50
2026-06-02 10:38:24,30603.25,30604.00,30601.50,30602.00,31,30602.00,30602.50,0.50
2026-06-02 10:38:25,30601.75,30603.00,30601.50,30602.00,31,30602.50,30603.00,0.50
2026-06-02 10:38:26,30602.25,30604.00,30602.25,30603.00,37,30603.00,30603.50,0.50
2026-06-02 10:38:27,30603.00,30604.25,30602.75,30603.50,33,30603.25,30603.75,0.50
2026-06-02 10:38:28,30603.00,30604.00,30602.75,30603.75,19,30603.75,30604.00,0.25
2026-06-02 10:38:29,30603.25,30604.00,30603.25,30603.75,25,30603.75,30604.25,0.50
2026-06-02 10:38:30,30603.75,30605.00,30602.75,30603.75,63,30605.25,30605.75,0.50
2026-06-02 10:38:31,30604.00,30606.00,30603.75,30605.75,74,30605.25,30605.75,0.50
2026-06-02 10:38:32,30606.00,30606.00,30604.50,30605.75,28,30605.00,30605.25,0.25
2026-06-02 10:38:33,30605.25,30606.50,30604.75,30605.75,64,30605.00,30605.25,0.25
2026-06-02 10:38:34,30605.25,30607.25,30604.75,30607.25,51,30607.25,30607.75,0.50
2026-06-02 10:38:35,30607.50,30608.25,30606.25,30606.75,72,30607.00,30607.50,0.50
2026-06-02 10:38:36,30606.75,30607.75,30606.25,30607.25,50,30606.50,30607.00,0.50
2026-06-02 10:38:37,30607.50,30607.50,30605.75,30606.50,47,30607.75,30608.25,0.50
2026-06-02 10:38:38,30606.50,30608.25,30606.00,30608.00,51,30607.75,30608.25,0.50
2026-06-02 10:38:39,30608.00,30608.25,30606.75,30607.75,37,30608.50,30609.00,0.50
2026-06-02 10:38:40,30607.50,30609.25,30607.50,30609.00,93,30608.25,30608.75,0.50
2026-06-02 10:38:41,30609.00,30609.00,30607.25,30608.00,55,30608.00,30608.50,0.50
2026-06-02 10:38:42,30608.50,30609.50,30608.00,30608.25,66,30608.00,30608.50,0.50
2026-06-02 10:38:43,30608.75,30609.00,30606.25,30606.75,69,30608.25,30608.50,0.25
2026-06-02 10:38:44,30606.50,30608.75,30605.25,30608.75,62,30608.25,30608.50,0.25
2026-06-02 10:38:45,30608.50,30608.75,30607.00,30607.00,33,30609.00,30609.25,0.25
2026-06-02 10:38:46,30607.50,30609.25,30607.00,30609.25,46,30608.50,30609.00,0.50
2026-06-02 10:38:47,30608.25,30609.25,30608.00,30608.00,77,30607.75,30608.25,0.50
2026-06-02 10:38:48,30609.00,30609.50,30607.50,30608.25,69,30607.75,30608.25,0.50
2026-06-02 10:38:49,30607.75,30609.25,30607.75,30608.50,39,30608.75,30609.25,0.50
2026-06-02 10:38:50,30608.75,30609.50,30608.75,30609.25,19,30610.00,30610.50,0.50
2026-06-02 10:38:51,30609.00,30611.00,30608.50,30610.25,101,30609.25,30609.50,0.25
2026-06-02 10:38:52,30610.25,30610.75,30608.75,30609.00,89,30609.50,30610.00,0.50
2026-06-02 10:38:53,30609.50,30610.50,30609.00,30610.00,67,30607.75,30608.00,0.25
2026-06-02 10:38:54,30609.50,30609.75,30607.50,30608.00,108,30609.00,30609.50,0.50
2026-06-02 10:38:55,30607.75,30609.25,30607.25,30609.25,86,30608.75,30609.00,0.25
2026-06-02 10:38:56,30609.25,30609.75,30607.00,30608.50,58,30608.75,30609.00,0.25
2026-06-02 10:38:57,30608.75,30609.50,30608.50,30608.75,60,30609.50,30610.00,0.50
2026-06-02 10:38:58,30609.25,30610.75,30609.25,30610.00,62,30610.25,30610.50,0.25
2026-06-02 10:38:59,30609.50,30611.00,30609.50,30610.50,57,30609.00,30609.50,0.50
2026-06-02 10:39:00,30610.25,30610.50,30609.00,30609.25,49,30609.25,30609.75,0.50
2026-06-02 10:39:01,30609.00,30610.00,30609.00,30609.25,40,30610.75,30611.00,0.25
2026-06-02 10:39:02,30609.25,30611.00,30609.25,30611.00,103,30610.25,30610.50,0.25
2026-06-02 10:39:03,30611.00,30611.25,30610.00,30610.50,55,30609.50,30610.00,0.50
2026-06-02 10:39:04,30610.25,30610.25,30609.25,30609.50,58,30608.75,30609.00,0.25
2026-06-02 10:39:05,30609.75,30610.00,30607.50,30609.25,68,30608.75,30609.00,0.25
2026-06-02 10:39:06,30608.75,30609.25,30608.25,30608.75,70,30607.50,30608.00,0.50
2026-06-02 10:39:07,30609.00,30609.50,30607.75,30607.75,93,30606.25,30606.50,0.25
2026-06-02 10:39:08,30608.25,30608.50,30606.00,30606.25,64,30605.25,30605.75,0.50
2026-06-02 10:39:09,30606.50,30606.75,30604.50,30605.50,139,30604.00,30604.50,0.50
2026-06-02 10:39:10,30605.25,30606.50,30603.75,30604.00,88,30605.50,30606.00,0.50
2026-06-02 10:39:11,30604.75,30605.75,30604.00,30605.75,40,30606.00,30606.50,0.50
2026-06-02 10:39:12,30606.00,30606.50,30605.50,30606.00,33,30605.75,30606.25,0.50
2026-06-02 10:39:13,30606.00,30606.50,30605.50,30606.50,32,30605.00,30605.25,0.25
2026-06-02 10:39:14,30605.75,30606.50,30604.75,30605.00,20,30605.25,30605.75,0.50
2026-06-02 10:39:15,30604.75,30605.75,30604.50,30605.75,21,30604.75,30605.00,0.25
2026-06-02 10:39:16,30605.25,30605.50,30605.00,30605.00,34,30604.25,30604.75,0.50
2026-06-02 10:39:17,30604.75,30607.00,30603.50,30604.75,75,30602.50,30603.00,0.50
2026-06-02 10:39:18,30604.50,30604.50,30602.50,30603.00,76,30604.00,30604.50,0.50
2026-06-02 10:39:19,30602.50,30604.25,30601.75,30604.25,55,30604.25,30604.50,0.25
2026-06-02 10:39:20,30604.00,30604.75,30604.00,30604.25,37,30604.25,30604.50,0.25
2026-06-02 10:39:21,30604.75,30604.75,30602.50,30604.50,62,30604.25,30604.50,0.25
2026-06-02 10:39:22,30604.50,30606.25,30604.00,30605.00,38,30605.75,30606.00,0.25
2026-06-02 10:39:23,30604.75,30606.00,30604.75,30606.00,50,30604.75,30605.00,0.25
2026-06-02 10:39:24,30605.25,30605.25,30604.00,30604.75,23,30604.00,30604.50,0.50
2026-06-02 10:39:25,30605.25,30605.25,30604.00,30604.00,30,30604.75,30605.00,0.25
2026-06-02 10:39:26,30604.25,30605.25,30604.25,30604.50,13,30604.50,30605.00,0.50
2026-06-02 10:39:27,30605.50,30606.25,30605.00,30605.00,27,30604.00,30604.25,0.25
2026-06-02 10:39:28,30604.50,30605.25,30603.50,30604.25,58,30605.25,30605.50,0.25
2026-06-02 10:39:29,30604.25,30605.50,30604.25,30605.25,14,30605.75,30606.25,0.50
2026-06-02 10:39:30,30605.50,30606.25,30604.75,30606.25,17,30605.75,30606.25,0.50
2026-06-02 10:39:31,30606.00,30606.25,30605.75,30606.00,13,30604.50,30604.75,0.25
2026-06-02 10:39:32,30606.00,30606.00,30605.00,30605.00,21,30604.25,30604.75,0.50
2026-06-02 10:39:33,30604.25,30605.00,30603.75,30604.50,64,30603.00,30603.50,0.50
2026-06-02 10:39:34,30604.25,30604.25,30600.75,30602.75,98,30602.00,30602.50,0.50
2026-06-02 10:39:35,30603.25,30603.25,30602.00,30602.50,48,30599.75,30600.00,0.25
2026-06-02 10:39:36,30602.50,30602.75,30599.25,30600.00,151,30600.00,30600.50,0.50
2026-06-02 10:39:37,30600.00,30601.75,30600.00,30600.00,147,30600.75,30601.00,0.25
2026-06-02 10:39:38,30600.75,30601.50,30600.25,30600.75,27,30598.50,30599.00,0.50
2026-06-02 10:39:39,30601.00,30601.25,30598.75,30598.75,60,30598.25,30598.75,0.50
2026-06-02 10:39:40,30598.75,30600.00,30597.25,30597.75,104,30599.50,30599.75,0.25
2026-06-02 10:39:41,30598.50,30600.75,30598.25,30599.25,80,30600.75,30601.00,0.25
2026-06-02 10:39:42,30599.75,30601.75,30599.75,30600.75,40,30605.25,30605.75,0.50
2026-06-02 10:39:43,30600.75,30606.25,30600.75,30605.50,49,30605.25,30605.75,0.50
2026-06-02 10:39:44,30605.25,30606.50,30603.00,30603.00,61,30603.75,30604.00,0.25
2026-06-02 10:39:45,30604.00,30604.50,30603.00,30604.50,44,30603.75,30604.00,0.25
2026-06-02 10:39:46,30603.75,30603.75,30602.75,30603.75,14,30604.50,30605.00,0.50
2026-06-02 10:39:47,30604.50,30605.50,30604.50,30605.25,32,30604.00,30604.50,0.50
2026-06-02 10:39:48,30604.50,30604.50,30602.75,30604.00,25,30604.50,30605.00,0.50
2026-06-02 10:39:49,30604.00,30604.75,30603.75,30604.75,17,30604.25,30604.50,0.25
2026-06-02 10:39:50,30605.00,30605.25,30603.25,30604.50,41,30604.50,30604.75,0.25
2026-06-02 10:39:51,30604.25,30605.00,30604.25,30604.50,24,30604.00,30604.50,0.50
2026-06-02 10:39:52,30604.75,30604.75,30603.25,30603.75,17,30605.00,30605.50,0.50
2026-06-02 10:39:53,30604.50,30605.25,30604.25,30605.25,39,30604.75,30605.00,0.25
2026-06-02 10:39:54,30605.50,30605.50,30603.75,30604.75,28,30605.25,30605.50,0.25
2026-06-02 10:39:55,30604.75,30606.00,30603.50,30605.50,32,30604.50,30605.00,0.50
2026-06-02 10:39:56,30605.25,30605.75,30604.75,30605.00,15,30604.25,30604.75,0.50
2026-06-02 10:39:57,30605.00,30605.00,30603.75,30604.00,29,30605.75,30606.25,0.50
2026-06-02 10:39:58,30605.00,30607.00,30605.00,30605.25,66,30605.25,30605.75,0.50
2026-06-02 10:39:59,30606.25,30606.50,30605.00,30605.75,42,30605.00,30605.25,0.25
2026-06-02 10:40:00,30605.25,30605.75,30605.25,30605.25,18,30603.75,30604.25,0.50
2026-06-02 10:40:01,30605.00,30605.00,30603.75,30604.50,76,30602.75,30603.25,0.50
2026-06-02 10:40:02,30604.25,30604.75,30601.75,30602.75,90,30603.25,30603.75,0.50
2026-06-02 10:40:03,30603.25,30603.75,30602.00,30603.25,75,30604.00,30604.50,0.50
2026-06-02 10:40:04,30603.50,30606.00,30603.50,30604.25,55,30602.75,30603.25,0.50
2026-06-02 10:40:05,30604.25,30604.50,30603.25,30603.25,19,30603.75,30604.25,0.50
2026-06-02 10:40:06,30603.00,30604.25,30602.75,30603.25,36,30602.50,30603.00,0.50
2026-06-02 10:40:07,30603.50,30603.50,30602.50,30602.50,48,30601.00,30601.50,0.50
2026-06-02 10:40:08,30603.25,30604.50,30601.25,30601.25,84,30601.50,30602.00,0.50
2026-06-02 10:40:09,30601.25,30602.00,30599.00,30602.00,208,30600.75,30601.25,0.50
2026-06-02 10:40:10,30601.50,30602.25,30600.75,30601.00,78,30600.75,30601.25,0.50
2026-06-02 10:40:11,30600.75,30601.00,30597.75,30598.25,94,30593.00,30593.50,0.50
2026-06-02 10:40:12,30598.50,30598.50,30591.25,30592.75,473,30593.00,30593.50,0.50
2026-06-02 10:40:13,30593.00,30594.75,30589.00,30593.75,351,30595.75,30596.25,0.50
2026-06-02 10:40:14,30593.50,30596.50,30593.25,30596.25,114,30595.75,30596.25,0.50
2026-06-02 10:40:15,30595.75,30597.75,30593.75,30596.50,250,30595.75,30596.25,0.50
2026-06-02 10:40:16,30596.25,30597.00,30595.50,30595.75,66,30593.75,30594.25,0.50
2026-06-02 10:40:17,30595.75,30596.25,30594.25,30594.25,45,30592.00,30592.50,0.50
2026-06-02 10:40:18,30594.25,30594.25,30592.00,30592.00,95,30590.25,30590.75,0.50
2026-06-02 10:40:19,30592.00,30592.00,30589.75,30590.50,133,30587.25,30587.75,0.50
2026-06-02 10:40:20,30590.50,30590.75,30586.75,30587.75,181,30586.75,30587.25,0.50
2026-06-02 10:40:21,30587.25,30588.50,30586.75,30586.75,175,30583.50,30584.00,0.50
2026-06-02 10:40:22,30586.75,30588.00,30575.75,30584.00,1445,30584.75,30585.25,0.50
2026-06-02 10:40:23,30583.50,30585.25,30581.75,30585.00,342,30589.00,30589.50,0.50
2026-06-02 10:40:24,30585.00,30589.50,30585.00,30588.75,173,30589.00,30589.75,0.75
2026-06-02 10:40:25,30589.50,30591.00,30588.25,30590.00,194,30588.50,30589.25,0.75
2026-06-02 10:40:26,30589.00,30589.75,30587.75,30588.50,85,30588.25,30588.75,0.50
2026-06-02 10:40:27,30589.50,30590.50,30588.00,30588.75,74,30589.00,30589.50,0.50
2026-06-02 10:40:28,30588.25,30589.75,30587.75,30589.25,59,30587.75,30588.00,0.25
2026-06-02 10:40:29,30589.00,30589.50,30587.75,30588.25,65,30587.75,30588.00,0.25
2026-06-02 10:40:30,30587.75,30588.75,30586.50,30586.50,41,30587.00,30587.50,0.50
2026-06-02 10:40:31,30587.00,30587.75,30586.25,30587.50,65,30586.75,30587.00,0.25
2026-06-02 10:40:32,30587.00,30587.75,30586.50,30587.50,55,30586.75,30587.00,0.25
2026-06-02 10:40:33,30586.75,30586.75,30584.50,30586.25,66,30590.50,30590.75,0.25
2026-06-02 10:40:34,30586.75,30590.50,30586.75,30590.25,103,30589.75,30590.25,0.50
2026-06-02 10:40:35,30591.00,30592.50,30589.75,30590.00,126,30588.25,30588.75,0.50
2026-06-02 10:40:36,30589.50,30590.00,30588.75,30588.75,49,30588.50,30589.00,0.50
2026-06-02 10:40:37,30588.50,30589.00,30587.25,30589.00,53,30590.00,30590.25,0.25
2026-06-02 10:40:38,30588.50,30590.00,30588.25,30589.75,36,30591.75,30592.25,0.50
2026-06-02 10:40:39,30590.00,30592.75,30590.00,30592.00,62,30593.00,30593.25,0.25
2026-06-02 10:40:40,30592.00,30593.00,30591.25,30593.00,46,30591.50,30592.00,0.50
2026-06-02 10:40:41,30593.00,30593.50,30591.75,30591.75,116,30590.00,30590.50,0.50
2026-06-02 10:40:42,30592.00,30592.25,30589.50,30590.25,46,30590.25,30590.75,0.50
2026-06-02 10:40:43,30590.00,30590.50,30589.00,30590.50,27,30589.75,30590.25,0.50
2026-06-02 10:40:44,30590.25,30591.50,30588.75,30589.50,51,30588.50,30588.75,0.25
2026-06-02 10:40:45,30589.00,30589.00,30587.50,30587.75,55,30586.00,30586.50,0.50
2026-06-02 10:40:46,30588.50,30588.75,30585.50,30586.25,61,30588.00,30588.50,0.50
2026-06-02 10:40:47,30586.00,30588.00,30585.50,30587.75,60,30586.75,30587.25,0.50
2026-06-02 10:40:48,30588.25,30588.75,30587.25,30587.75,68,30588.50,30589.00,0.50
2026-06-02 10:40:49,30587.25,30590.25,30587.25,30588.50,43,30588.50,30589.00,0.50
2026-06-02 10:40:50,30588.75,30588.75,30585.75,30585.75,34,30585.25,30585.75,0.50
2026-06-02 10:40:51,30585.75,30585.75,30584.50,30585.50,71,30584.25,30584.75,0.50
2026-06-02 10:40:52,30586.00,30586.00,30584.25,30584.50,64,30585.50,30586.00,0.50
2026-06-02 10:40:53,30584.50,30585.75,30584.25,30585.50,61,30586.75,30587.25,0.50
2026-06-02 10:40:54,30585.50,30587.25,30585.50,30586.75,45,30585.25,30585.75,0.50
2026-06-02 10:40:55,30586.75,30587.25,30585.50,30585.50,50,30585.25,30585.75,0.50
2026-06-02 10:40:56,30585.00,30585.75,30584.00,30585.00,59,30584.00,30584.50,0.50
2026-06-02 10:40:57,30585.25,30585.25,30583.75,30584.25,56,30582.50,30583.00,0.50
2026-06-02 10:40:58,30584.25,30584.25,30582.25,30583.00,80,30583.50,30584.00,0.50
2026-06-02 10:40:59,30582.50,30583.75,30582.00,30583.50,104,30583.50,30584.00,0.50
2026-06-02 10:41:00,30583.50,30584.50,30582.75,30583.50,55,30584.00,30584.50,0.50
2026-06-02 10:41:01,30583.75,30585.50,30583.25,30584.50,82,30586.00,30586.25,0.25
2026-06-02 10:41:02,30584.50,30586.75,30584.50,30586.25,43,30586.00,30586.50,0.50
2026-06-02 10:41:03,30586.75,30586.75,30585.00,30586.00,74,30586.25,30586.50,0.25
2026-06-02 10:41:04,30586.00,30587.25,30584.75,30585.75,77,30586.25,30586.50,0.25
2026-06-02 10:41:05,30586.25,30588.00,30585.00,30586.75,125,30585.75,30586.25,0.50
2026-06-02 10:41:06,30586.75,30586.75,30585.50,30585.75,49,30582.75,30583.25,0.50
2026-06-02 10:41:07,30586.25,30586.50,30582.75,30582.75,115,30583.25,30583.75,0.50
2026-06-02 10:41:08,30582.75,30583.75,30582.50,30583.25,51,30585.00,30585.50,0.50
2026-06-02 10:41:09,30583.25,30586.25,30582.25,30585.50,86,30582.50,30583.00,0.50
2026-06-02 10:41:10,30585.00,30585.00,30582.25,30582.75,52,30582.50,30583.00,0.50
2026-06-02 10:41:11,30582.50,30583.75,30582.00,30582.75,49,30581.25,30581.50,0.25
2026-06-02 10:41:12,30582.75,30582.75,30580.00,30581.25,109,30577.75,30578.25,0.50
2026-06-02 10:41:13,30581.75,30581.75,30577.50,30577.75,180,30580.25,30580.75,0.50
2026-06-02 10:41:14,30577.75,30582.25,30577.50,30581.00,243,30584.75,30585.00,0.25
2026-06-02 10:41:15,30580.50,30585.75,30579.75,30585.00,178,30585.75,30586.25,0.50
2026-06-02 10:41:16,30584.75,30587.00,30583.75,30586.75,73,30587.00,30587.50,0.50
2026-06-02 10:41:17,30586.25,30587.50,30585.75,30587.50,51,30587.00,30587.50,0.50
2026-06-02 10:41:18,30587.50,30590.25,30586.75,30589.00,217,30589.50,30590.00,0.50
2026-06-02 10:41:19,30588.75,30591.00,30588.50,30590.00,86,30587.25,30587.75,0.50
2026-06-02 10:41:20,30589.50,30589.50,30587.25,30587.50,109,30586.75,30587.00,0.25
2026-06-02 10:41:21,30587.25,30588.00,30586.00,30587.00,49,30587.00,30587.25,0.25
2026-06-02 10:41:22,30587.25,30587.50,30586.00,30586.00,38,30586.75,30587.25,0.50
2026-06-02 10:41:23,30586.75,30587.75,30586.50,30587.00,21,30586.75,30587.25,0.50
2026-06-02 10:41:24,30587.00,30588.00,30586.50,30587.00,43,30585.75,30586.25,0.50
2026-06-02 10:41:25,30587.25,30587.25,30585.50,30586.00,37,30582.50,30583.00,0.50
2026-06-02 10:41:26,30586.25,30587.00,30582.25,30582.50,101,30582.25,30582.75,0.50
2026-06-02 10:41:27,30583.50,30583.50,30582.00,30582.50,41,30582.50,30583.00,0.50
2026-06-02 10:41:28,30582.00,30584.50,30582.00,30583.00,95,30583.75,30584.00,0.25
2026-06-02 10:41:29,30582.50,30584.00,30582.50,30584.00,38,30582.50,30583.00,0.50
2026-06-02 10:41:30,30584.00,30584.00,30582.50,30583.00,35,30581.00,30581.50,0.50
2026-06-02 10:41:31,30582.75,30583.00,30580.25,30581.25,55,30581.00,30581.50,0.50
2026-06-02 10:41:32,30581.00,30585.75,30581.00,30585.75,78,30585.25,30585.75,0.50
2026-06-02 10:41:33,30585.50,30586.75,30585.00,30585.75,38,30586.00,30586.50,0.50
2026-06-02 10:41:34,30585.25,30586.50,30585.25,30586.00,19,30585.00,30585.50,0.50
2026-06-02 10:41:35,30585.75,30586.25,30585.25,30585.25,19,30585.25,30585.50,0.25
2026-06-02 10:41:36,30585.25,30586.00,30584.50,30585.25,29,30586.00,30586.50,0.50
2026-06-02 10:41:37,30585.00,30586.75,30584.75,30586.75,18,30586.00,30586.25,0.25
2026-06-02 10:41:38,30586.50,30587.25,30586.00,30587.00,40,30586.25,30586.75,0.50
2026-06-02 10:41:39,30585.50,30586.75,30584.25,30586.75,21,30584.50,30585.00,0.50
2026-06-02 10:41:40,30585.25,30586.50,30584.25,30584.75,63,30583.75,30584.25,0.50
2026-06-02 10:41:41,30585.00,30585.00,30583.50,30583.50,27,30586.75,30587.25,0.50
2026-06-02 10:41:42,30583.75,30587.00,30583.75,30586.00,33,30587.00,30587.50,0.50
2026-06-02 10:41:43,30587.25,30588.50,30585.75,30587.25,63,30587.00,30587.50,0.50
2026-06-02 10:41:44,30587.00,30588.25,30586.50,30587.25,52,30588.75,30589.25,0.50
2026-06-02 10:41:45,30587.75,30589.25,30587.50,30588.75,32,30588.75,30589.25,0.50
2026-06-02 10:41:46,30589.00,30590.75,30588.25,30590.75,76,30590.00,30590.50,0.50
2026-06-02 10:41:47,30590.50,30591.50,30590.00,30590.75,91,30590.00,30590.50,0.50
2026-06-02 10:41:48,30590.50,30590.75,30589.00,30590.25,103,30590.00,30590.50,0.50
2026-06-02 10:41:49,30590.00,30591.00,30588.75,30590.00,44,30590.25,30590.75,0.50
2026-06-02 10:41:50,30590.25,30590.25,30589.00,30590.00,24,30590.50,30590.75,0.25
2026-06-02 10:41:51,30590.25,30591.00,30589.75,30590.50,37,30590.50,30590.75,0.25
2026-06-02 10:41:52,30590.75,30590.75,30589.75,30589.75,41,30589.75,30590.25,0.50
2026-06-02 10:41:53,30590.25,30590.50,30589.00,30590.00,30,30590.25,30590.75,0.50
2026-06-02 10:41:54,30590.25,30591.25,30589.75,30590.50,24,30591.25,30591.75,0.50
2026-06-02 10:41:55,30590.75,30591.75,30589.25,30591.75,32,30594.00,30594.25,0.25
2026-06-02 10:41:56,30591.25,30594.75,30590.50,30594.00,133,30592.75,30593.25,0.50
2026-06-02 10:41:57,30594.50,30594.75,30593.00,30593.50,102,30592.75,30593.25,0.50
2026-06-02 10:41:58,30593.25,30593.75,30592.00,30592.00,57,30591.75,30592.25,0.50
2026-06-02 10:41:59,30591.75,30592.25,30591.00,30591.75,44,30591.25,30591.50,0.25
2026-06-02 10:42:00,30592.25,30592.50,30591.00,30591.25,35,30589.00,30589.25,0.25
2026-06-02 10:42:01,30590.75,30590.75,30589.00,30589.00,61,30589.50,30590.00,0.50
2026-06-02 10:42:02,30589.00,30590.50,30589.00,30589.50,35,30589.00,30589.50,0.50
2026-06-02 10:42:03,30590.00,30590.25,30588.50,30588.75,36,30589.75,30590.25,0.50
2026-06-02 10:42:04,30589.50,30590.25,30589.00,30590.00,22,30589.00,30589.50,0.50
2026-06-02 10:42:05,30589.50,30590.00,30588.25,30589.25,36,30589.00,30589.50,0.50
2026-06-02 10:42:06,30589.00,30589.50,30588.25,30588.50,36,30589.50,30589.75,0.25
2026-06-02 10:42:07,30589.50,30590.00,30588.75,30589.25,45,30593.75,30594.25,0.50
2026-06-02 10:42:08,30590.00,30594.00,30590.00,30594.00,55,30593.50,30593.75,0.25
2026-06-02 10:42:09,30594.00,30595.00,30592.50,30593.75,130,30592.25,30592.75,0.50
2026-06-02 10:42:10,30593.75,30593.75,30591.50,30592.25,55,30593.50,30593.75,0.25
2026-06-02 10:42:11,30592.50,30593.75,30591.75,30593.75,40,30595.75,30596.00,0.25
2026-06-02 10:42:12,30594.00,30596.00,30593.25,30596.00,170,30595.50,30596.00,0.50
2026-06-02 10:42:13,30596.00,30597.75,30595.50,30595.75,270,30595.50,30596.00,0.50
2026-06-02 10:42:14,30596.00,30596.25,30595.25,30595.25,79,30595.75,30596.25,0.50
2026-06-02 10:42:15,30596.00,30596.75,30595.50,30596.25,62,30595.50,30596.00,0.50
2026-06-02 10:42:16,30596.00,30596.25,30594.75,30595.50,31,30594.25,30594.50,0.25
2026-06-02 10:42:17,30595.75,30596.25,30594.00,30594.50,60,30592.75,30593.00,0.25
2026-06-02 10:42:18,30594.00,30594.25,30592.00,30593.75,75,30592.75,30593.00,0.25
2026-06-02 10:42:19,30593.00,30595.50,30592.75,30595.50,58,30595.00,30595.50,0.50
2026-06-02 10:42:20,30595.00,30596.75,30594.50,30595.25,104,30595.50,30596.00,0.50
2026-06-02 10:42:21,30595.25,30596.25,30595.25,30595.75,34,30593.75,30594.25,0.50
2026-06-02 10:42:22,30596.00,30596.75,30592.75,30594.25,106,30594.75,30595.00,0.25
2026-06-02 10:42:23,30594.25,30595.00,30593.50,30595.00,38,30596.00,30596.50,0.50
2026-06-02 10:42:24,30595.00,30596.00,30594.75,30596.00,55,30595.25,30595.50,0.25
2026-06-02 10:42:25,30596.50,30597.75,30595.25,30595.50,131,30595.00,30595.25,0.25
2026-06-02 10:42:26,30595.50,30595.50,30594.50,30595.25,32,30595.00,30595.25,0.25
2026-06-02 10:42:27,30595.00,30595.75,30593.50,30594.25,55,30594.00,30594.50,0.50
2026-06-02 10:42:28,30594.75,30594.75,30593.75,30593.75,35,30593.75,30594.00,0.25
2026-06-02 10:42:29,30594.50,30594.50,30592.75,30594.00,58,30596.50,30596.75,0.25
2026-06-02 10:42:30,30594.00,30597.00,30594.00,30596.50,65,30596.75,30597.25,0.50
2026-06-02 10:42:31,30596.75,30597.75,30596.75,30597.25,39,30597.00,30597.50,0.50
2026-06-02 10:42:32,30596.75,30597.00,30596.50,30597.00,39,30597.00,30597.50,0.50
2026-06-02 10:42:33,30597.25,30600.75,30597.25,30600.75,200,30601.75,30602.00,0.25
2026-06-02 10:42:34,30601.00,30602.25,30600.50,30602.00,219,30601.50,30602.00,0.50
2026-06-02 10:42:35,30602.00,30603.25,30601.50,30602.25,166,30601.00,30601.25,0.25
2026-06-02 10:42:36,30602.00,30602.25,30600.50,30601.50,94,30600.50,30601.00,0.50
2026-06-02 10:42:37,30601.25,30601.25,30600.00,30600.50,53,30600.50,30601.00,0.50
2026-06-02 10:42:38,30600.50,30601.00,30600.25,30601.00,47,30601.75,30602.25,0.50
2026-06-02 10:42:39,30601.00,30603.00,30600.75,30602.00,87,30600.50,30600.75,0.25
2026-06-02 10:42:40,30602.25,30603.00,30598.25,30600.50,244,30599.75,30600.25,0.50
2026-06-02 10:42:41,30600.75,30601.00,30599.50,30599.75,99,30598.25,30598.75,0.50
2026-06-02 10:42:42,30600.00,30600.75,30598.25,30598.50,104,30597.00,30597.50,0.50
2026-06-02 10:42:43,30598.25,30599.25,30597.00,30597.25,80,30597.50,30597.75,0.25
2026-06-02 10:42:44,30597.25,30598.00,30597.00,30597.50,42,30594.25,30594.50,0.25
2026-06-02 10:42:45,30598.25,30599.50,30594.00,30594.25,156,30596.00,30596.50,0.50
2026-06-02 10:42:46,30594.50,30596.75,30594.50,30596.25,65,30596.00,30596.50,0.50
2026-06-02 10:42:47,30596.25,30597.25,30596.00,30596.50,32,30596.75,30597.25,0.50
2026-06-02 10:42:48,30597.25,30598.00,30597.00,30597.50,27,30596.75,30597.25,0.50
2026-06-02 10:42:49,30597.00,30598.25,30597.00,30598.25,22,30598.00,30598.50,0.50
2026-06-02 10:42:50,30598.50,30599.25,30598.00,30598.25,57,30598.25,30598.75,0.50
2026-06-02 10:42:51,30598.75,30599.25,30598.00,30598.75,21,30600.25,30601.25,1.00
2026-06-02 10:42:52,30598.50,30600.25,30598.25,30600.00,23,30600.25,30601.25,1.00
2026-06-02 10:42:53,30600.25,30601.25,30600.00,30601.25,127,30601.25,30601.75,0.50
2026-06-02 10:42:54,30601.50,30602.00,30600.50,30601.50,43,30601.75,30602.00,0.25
2026-06-02 10:42:55,30601.75,30602.00,30601.25,30602.00,33,30602.50,30603.00,0.50
2026-06-02 10:42:56,30602.00,30603.75,30602.00,30603.00,69,30605.00,30605.50,0.50
2026-06-02 10:42:57,30602.75,30605.75,30602.25,30605.00,133,30605.00,30605.50,0.50
2026-06-02 10:42:58,30605.50,30605.75,30604.25,30604.50,119,30603.00,30603.50,0.50
2026-06-02 10:42:59,30604.50,30604.50,30602.50,30603.25,65,30602.00,30602.50,0.50
2026-06-02 10:43:00,30603.00,30603.25,30602.25,30602.75,32,30598.50,30598.75,0.25
2026-06-02 10:43:01,30602.25,30602.25,30597.25,30598.25,160,30599.50,30599.75,0.25
2026-06-02 10:43:02,30599.25,30600.00,30598.75,30599.75,57,30600.25,30600.50,0.25
2026-06-02 10:43:03,30599.25,30600.75,30599.00,30600.50,42,30601.00,30601.50,0.50
2026-06-02 10:43:04,30600.75,30601.50,30600.00,30601.25,36,30601.75,30602.25,0.50
2026-06-02 10:43:05,30601.50,30602.50,30600.50,30601.75,42,30601.50,30602.00,0.50
2026-06-02 10:43:06,30602.00,30602.00,30600.50,30601.50,77,30602.50,30603.00,0.50
2026-06-02 10:43:07,30601.50,30603.25,30601.50,30603.25,48,30602.75,30603.25,0.50
2026-06-02 10:43:08,30603.00,30603.00,30601.00,30602.50,48,30603.50,30604.00,0.50
2026-06-02 10:43:09,30603.00,30604.75,30602.75,30604.25,75,30603.00,30603.25,0.25
2026-06-02 10:43:10,30604.00,30604.50,30603.00,30603.25,73,30604.50,30604.75,0.25
2026-06-02 10:43:11,30603.25,30605.50,30603.00,30604.75,61,30606.50,30607.00,0.50
2026-06-02 10:43:12,30604.50,30607.50,30604.00,30607.00,245,30608.75,30609.25,0.50
2026-06-02 10:43:13,30607.00,30609.25,30606.75,30609.25,160,30608.75,30609.00,0.25
2026-06-02 10:43:14,30609.00,30610.25,30608.75,30609.25,341,30608.75,30609.00,0.25
2026-06-02 10:43:15,30609.25,30610.00,30608.25,30608.50,113,30608.25,30608.75,0.50
2026-06-02 10:43:16,30608.25,30609.50,30607.25,30608.75,105,30608.50,30609.00,0.50
2026-06-02 10:43:17,30608.75,30609.25,30607.50,30608.50,55,30611.25,30611.75,0.50
2026-06-02 10:43:18,30608.75,30611.75,30608.75,30611.50,171,30611.25,30611.75,0.50
2026-06-02 10:43:19,30611.75,30613.50,30611.50,30613.50,257,30614.75,30615.00,0.25
2026-06-02 10:43:20,30613.50,30616.00,30613.00,30615.25,473,30613.50,30614.00,0.50
2026-06-02 10:43:21,30614.50,30615.50,30613.25,30613.50,214,30613.25,30613.75,0.50
2026-06-02 10:43:22,30613.75,30615.75,30613.00,30613.50,261,30612.75,30613.25,0.50
2026-06-02 10:43:23,30613.25,30614.00,30612.75,30612.75,84,30611.75,30612.25,0.50
2026-06-02 10:43:24,30612.75,30613.50,30611.75,30612.00,141,30613.25,30613.75,0.50
2026-06-02 10:43:25,30611.75,30613.50,30611.50,30613.50,108,30613.25,30613.75,0.50
2026-06-02 10:43:26,30613.50,30615.00,30613.25,30614.25,83,30614.75,30615.25,0.50
2026-06-02 10:43:27,30614.25,30615.00,30612.75,30614.75,81,30614.75,30615.25,0.50
2026-06-02 10:43:28,30615.25,30615.50,30614.75,30615.25,111,30613.00,30613.25,0.25
2026-06-02 10:43:29,30614.75,30615.50,30612.50,30613.00,100,30612.75,30613.00,0.25
2026-06-02 10:43:30,30613.00,30613.75,30612.50,30613.25,60,30613.00,30613.50,0.50
2026-06-02 10:43:31,30612.25,30613.50,30612.25,30613.25,74,30613.00,30613.50,0.50
2026-06-02 10:43:32,30613.50,30614.75,30613.00,30614.00,91,30613.25,30613.75,0.50
2026-06-02 10:43:33,30613.75,30615.00,30613.25,30613.50,77,30615.25,30615.50,0.25
2026-06-02 10:43:34,30613.75,30615.50,30613.50,30615.50,79,30614.25,30614.75,0.50
2026-06-02 10:43:35,30615.25,30615.50,30613.75,30614.50,77,30613.50,30614.00,0.50
2026-06-02 10:43:36,30615.00,30616.25,30613.50,30614.00,121,30613.50,30614.00,0.50
2026-06-02 10:43:37,30614.00,30614.50,30613.00,30614.00,112,30613.50,30614.00,0.50
2026-06-02 10:43:38,30613.50,30614.75,30613.25,30613.75,52,30614.50,30614.75,0.25
2026-06-02 10:43:39,30614.25,30615.25,30614.25,30614.75,65,30614.00,30614.50,0.50
2026-06-02 10:43:40,30614.75,30615.25,30614.25,30614.50,52,30614.00,30614.50,0.50
2026-06-02 10:43:41,30614.50,30615.75,30614.00,30614.00,55,30614.50,30615.00,0.50
2026-06-02 10:43:42,30614.50,30615.50,30614.50,30614.75,40,30613.75,30614.00,0.25
2026-06-02 10:43:43,30615.00,30615.00,30613.25,30613.75,66,30610.75,30611.25,0.50
2026-06-02 10:43:44,30614.00,30614.25,30610.00,30610.75,199,30611.00,30611.25,0.25
2026-06-02 10:43:45,30611.25,30611.75,30610.50,30611.00,71,30611.50,30612.00,0.50
2026-06-02 10:43:46,30611.00,30612.50,30610.75,30612.00,36,30611.00,30611.50,0.50
2026-06-02 10:43:47,30611.25,30611.50,30610.25,30611.00,31,30611.75,30612.00,0.25
2026-06-02 10:43:48,30611.25,30611.75,30611.00,30611.75,17,30612.00,30612.50,0.50
2026-06-02 10:43:49,30611.50,30612.75,30611.50,30612.50,22,30612.50,30612.75,0.25
2026-06-02 10:43:50,30612.50,30613.00,30612.00,30613.00,34,30612.00,30612.50,0.50
2026-06-02 10:43:51,30612.50,30612.75,30611.75,30612.25,46,30612.00,30612.50,0.50
2026-06-02 10:43:52,30612.50,30613.50,30612.00,30613.00,17,30613.25,30613.75,0.50
2026-06-02 10:43:53,30612.75,30613.75,30612.25,30613.25,25,30614.25,30614.75,0.50
2026-06-02 10:43:54,30613.75,30614.75,30612.75,30614.75,86,30615.25,30615.50,0.25
2026-06-02 10:43:55,30614.50,30615.25,30614.00,30615.25,28,30616.50,30617.00,0.50
2026-06-02 10:43:56,30615.25,30617.25,30614.50,30616.75,133,30617.50,30618.00,0.50
2026-06-02 10:43:57,30616.50,30619.00,30616.50,30618.25,231,30616.75,30617.25,0.50
2026-06-02 10:43:58,30617.75,30618.00,30616.00,30617.25,189,30616.75,30617.25,0.50
2026-06-02 10:43:59,30617.00,30617.75,30615.50,30616.00,73,30615.00,30615.50,0.50
2026-06-02 10:44:00,30615.75,30616.75,30614.50,30615.25,131,30615.25,30615.50,0.25
2026-06-02 10:44:01,30616.00,30616.00,30615.00,30615.50,69,30616.50,30616.75,0.25
2026-06-02 10:44:02,30615.25,30617.25,30615.25,30617.00,85,30617.50,30617.75,0.25
2026-06-02 10:44:03,30616.50,30618.00,30616.50,30618.00,92,30617.50,30617.75,0.25
2026-06-02 10:44:04,30617.50,30618.75,30617.25,30617.25,142,30618.00,30618.50,0.50
2026-06-02 10:44:05,30617.75,30618.75,30617.50,30618.00,50,30618.00,30618.50,0.50
2026-06-02 10:44:06,30618.00,30618.75,30617.75,30618.50,97,30618.00,30618.50,0.50
2026-06-02 10:44:07,30618.50,30618.75,30617.75,30618.50,44,30617.00,30617.50,0.50
2026-06-02 10:44:08,30618.00,30618.25,30617.00,30617.00,71,30616.75,30617.25,0.50
2026-06-02 10:44:09,30617.75,30617.75,30616.25,30617.00,78,30617.25,30617.75,0.50
2026-06-02 10:44:10,30617.50,30617.75,30616.75,30617.00,58,30617.00,30617.50,0.50
2026-06-02 10:44:11,30617.25,30617.25,30616.50,30617.00,19,30617.00,30617.50,0.50
2026-06-02 10:44:12,30617.00,30617.75,30616.75,30617.00,25,30616.00,30616.50,0.50
2026-06-02 10:44:13,30617.50,30617.75,30616.00,30616.25,48,30616.50,30616.75,0.25
2026-06-02 10:44:14,30616.00,30617.25,30615.75,30616.75,84,30616.50,30616.75,0.25
2026-06-02 10:44:15,30616.50,30617.25,30616.00,30616.50,75,30617.00,30617.25,0.25
2026-06-02 10:44:16,30616.75,30617.25,30616.00,30617.25,21,30617.50,30617.75,0.25
2026-06-02 10:44:17,30616.75,30618.50,30616.75,30617.25,47,30618.00,30618.50,0.50
2026-06-02 10:44:18,30617.50,30618.25,30617.25,30617.75,44,30618.25,30618.75,0.50
2026-06-02 10:44:19,30618.50,30618.75,30617.50,30618.75,50,30619.00,30619.50,0.50
2026-06-02 10:44:20,30618.75,30619.75,30618.50,30619.50,90,30618.50,30619.00,0.50
2026-06-02 10:44:21,30619.25,30619.25,30618.00,30618.75,88,30619.50,30620.00,0.50
2026-06-02 10:44:22,30619.00,30619.75,30618.75,30619.50,77,30619.50,30620.00,0.50
2026-06-02 10:44:23,30619.50,30621.25,30619.50,30620.00,280,30620.50,30621.00,0.50
2026-06-02 10:44:24,30620.25,30621.75,30619.75,30620.75,129,30622.25,30622.50,0.25
2026-06-02 10:44:25,30621.00,30623.25,30620.50,30622.50,193,30622.25,30622.50,0.25
2026-06-02 10:44:26,30622.25,30625.00,30622.25,30623.50,267,30621.75,30622.25,0.50
2026-06-02 10:44:27,30623.25,30623.75,30621.75,30622.00,118,30619.50,30620.00,0.50
2026-06-02 10:44:28,30622.25,30622.25,30619.25,30619.75,124,30620.25,30620.50,0.25
2026-06-02 10:44:29,30620.00,30621.25,30619.50,30620.50,156,30619.50,30619.75,0.25
2026-06-02 10:44:30,30620.50,30621.00,30619.00,30619.50,67,30617.75,30618.00,0.25
2026-06-02 10:44:31,30619.75,30619.75,30616.25,30616.25,186,30617.75,30618.00,0.25
2026-06-02 10:44:32,30616.25,30619.00,30616.25,30618.50,101,30618.75,30619.25,0.50
2026-06-02 10:44:33,30619.00,30619.25,30618.50,30618.50,71,30619.50,30620.00,0.50
2026-06-02 10:44:34,30619.00,30620.00,30618.75,30619.75,54,30620.50,30620.75,0.25
2026-06-02 10:44:35,30620.00,30621.00,30619.25,30621.00,58,30621.00,30621.25,0.25
2026-06-02 10:44:36,30620.75,30621.50,30620.50,30621.25,78,30621.00,30621.25,0.25
2026-06-02 10:44:37,30620.75,30621.75,30620.50,30621.25,52,30622.00,30622.50,0.50
2026-06-02 10:44:38,30621.00,30622.25,30620.75,30622.25,73,30622.00,30622.50,0.50
2026-06-02 10:44:39,30622.25,30622.50,30620.75,30621.25,123,30620.25,30620.75,0.50
2026-06-02 10:44:40,30621.50,30621.75,30620.00,30620.75,49,30621.00,30621.50,0.50
2026-06-02 10:44:41,30621.00,30621.25,30620.25,30621.25,45,30621.25,30621.50,0.25
2026-06-02 10:44:42,30620.75,30622.00,30620.75,30621.75,28,30621.00,30621.25,0.25
2026-06-02 10:44:43,30621.25,30621.50,30620.00,30621.50,139,30620.25,30620.75,0.50
2026-06-02 10:44:44,30620.25,30621.00,30619.50,30620.75,101,30620.50,30620.75,0.25
2026-06-02 10:44:45,30620.75,30620.75,30620.00,30620.75,28,30621.25,30621.50,0.25
2026-06-02 10:44:46,30620.75,30621.75,30620.75,30621.25,47,30620.50,30621.00,0.50
2026-06-02 10:44:47,30621.00,30621.25,30620.25,30621.00,33,30620.50,30621.00,0.50
2026-06-02 10:44:48,30621.00,30621.75,30620.00,30621.00,85,30621.00,30621.50,0.50
2026-06-02 10:44:49,30620.50,30621.50,30620.25,30621.50,30,30623.50,30624.00,0.50
2026-06-02 10:44:50,30621.50,30624.00,30621.50,30623.75,59,30623.25,30623.50,0.25
2026-06-02 10:44:51,30624.25,30624.50,30623.25,30623.75,56,30623.50,30624.00,0.50
2026-06-02 10:44:52,30623.50,30623.75,30623.00,30623.50,47,30623.50,30624.00,0.50
2026-06-02 10:44:53,30623.75,30624.00,30622.75,30624.00,79,30623.50,30624.00,0.50
2026-06-02 10:44:54,30623.75,30624.00,30622.50,30623.00,62,30623.25,30623.50,0.25
2026-06-02 10:44:55,30623.25,30623.75,30622.00,30623.00,68,30623.25,30623.75,0.50
2026-06-02 10:44:56,30623.50,30624.00,30622.75,30623.75,70,30623.75,30624.00,0.25
2026-06-02 10:44:57,30623.25,30624.25,30623.25,30624.00,74,30623.25,30623.50,0.25
2026-06-02 10:44:58,30624.50,30625.00,30624.00,30624.00,55,30623.25,30623.50,0.25
2026-06-02 10:44:59,30623.50,30624.50,30623.00,30624.25,57,30623.00,30623.25,0.25
2026-06-02 10:45:00,30624.75,30624.75,30623.25,30623.50,44,30623.00,30623.25,0.25
2026-06-02 10:45:01,30623.50,30623.75,30621.25,30622.00,195,30621.00,30621.25,0.25
2026-06-02 10:45:02,30622.00,30622.25,30620.75,30621.25,100,30621.50,30622.00,0.50
2026-06-02 10:45:03,30621.00,30621.75,30620.25,30621.50,103,30622.25,30622.50,0.25
2026-06-02 10:45:04,30621.50,30622.25,30621.25,30621.50,61,30622.00,30622.50,0.50
2026-06-02 10:45:05,30622.50,30622.75,30621.25,30622.25,47,30622.00,30622.50,0.50
2026-06-02 10:45:06,30622.25,30622.50,30620.75,30621.50,39,30621.50,30622.00,0.50
2026-06-02 10:45:07,30622.00,30622.25,30620.25,30620.25,71,30619.50,30619.75,0.25
2026-06-02 10:45:08,30620.25,30620.50,30618.00,30619.75,195,30618.00,30618.50,0.50
2026-06-02 10:45:09,30619.50,30619.50,30618.00,30618.00,69,30617.75,30618.00,0.25
2026-06-02 10:45:10,30618.25,30619.00,30617.25,30617.75,134,30617.75,30618.00,0.25
2026-06-02 10:45:11,30617.75,30619.00,30617.25,30619.00,104,30619.00,30619.50,0.50
2026-06-02 10:45:12,30618.75,30619.50,30618.50,30619.50,43,30619.00,30619.50,0.50
2026-06-02 10:45:13,30619.50,30619.75,30618.00,30618.50,46,30618.75,30619.25,0.50
2026-06-02 10:45:14,30618.50,30620.00,30618.25,30619.50,40,30618.75,30619.25,0.50
2026-06-02 10:45:15,30618.75,30619.25,30618.25,30618.75,29,30618.25,30618.75,0.50
2026-06-02 10:45:16,30619.00,30620.00,30618.50,30618.50,41,30619.00,30619.25,0.25
2026-06-02 10:45:17,30618.25,30619.50,30617.75,30619.25,45,30620.75,30621.25,0.50
2026-06-02 10:45:18,30619.00,30621.25,30619.00,30620.75,47,30620.50,30621.00,0.50
2026-06-02 10:45:19,30620.75,30621.25,30618.75,30620.75,43,30621.50,30622.00,0.50
2026-06-02 10:45:20,30620.50,30621.75,30620.00,30621.75,33,30621.50,30622.00,0.50
2026-06-02 10:45:21,30621.75,30621.75,30619.75,30620.75,94,30619.25,30619.50,0.25
2026-06-02 10:45:22,30620.75,30621.50,30619.00,30619.50,37,30619.75,30620.25,0.50
2026-06-02 10:45:23,30619.25,30620.00,30619.00,30619.75,45,30620.25,30620.75,0.50
2026-06-02 10:45:24,30620.25,30620.75,30620.25,30620.25,26,30618.50,30618.75,0.25
2026-06-02 10:45:25,30620.25,30620.50,30618.25,30618.75,70,30618.25,30618.50,0.25
2026-06-02 10:45:26,30618.25,30619.25,30617.75,30617.75,59,30618.25,30618.50,0.25
2026-06-02 10:45:27,30618.00,30618.75,30617.25,30617.50,37,30618.25,30618.75,0.50
2026-06-02 10:45:28,30618.00,30618.50,30616.75,30618.50,90,30620.25,30620.50,0.25
2026-06-02 10:45:29,30618.75,30620.25,30617.25,30620.25,158,30621.25,30621.50,0.25
2026-06-02 10:45:30,30620.50,30621.50,30619.75,30621.50,63,30620.00,30620.50,0.50
2026-06-02 10:45:31,30621.25,30621.25,30619.75,30620.25,56,30620.50,30621.00,0.50
2026-06-02 10:45:32,30620.00,30621.00,30620.00,30620.50,25,30619.75,30620.25,0.50
2026-06-02 10:45:33,30621.00,30621.00,30619.25,30619.75,20,30619.00,30619.50,0.50
2026-06-02 10:45:34,30620.00,30620.75,30618.75,30619.25,60,30620.50,30621.00,0.50
2026-06-02 10:45:35,30620.00,30620.00,30619.50,30619.75,29,30621.00,30621.25,0.25
2026-06-02 10:45:36,30620.50,30621.25,30620.25,30620.75,55,30620.50,30620.75,0.25
2026-06-02 10:45:37,30621.00,30621.00,30620.00,30620.25,29,30619.50,30619.75,0.25
2026-06-02 10:45:38,30620.00,30620.25,30619.50,30620.25,32,30619.50,30620.00,0.50
2026-06-02 10:45:39,30619.75,30620.50,30619.00,30619.50,131,30619.25,30619.75,0.50
2026-06-02 10:45:40,30620.00,30620.25,30619.25,30619.25,40,30620.00,30620.25,0.25
2026-06-02 10:45:41,30619.50,30620.25,30619.00,30620.00,27,30624.75,30625.00,0.25
2026-06-02 10:45:42,30620.25,30625.00,30619.75,30625.00,200,30623.50,30623.75,0.25
2026-06-02 10:45:43,30624.75,30624.75,30623.75,30623.75,121,30623.50,30623.75,0.25
2026-06-02 10:45:44,30623.25,30624.25,30622.50,30623.50,67,30623.50,30623.75,0.25
2026-06-02 10:45:45,30623.50,30624.50,30623.25,30623.75,50,30623.25,30623.75,0.50
2026-06-02 10:45:46,30623.75,30624.25,30622.50,30624.00,54,30622.75,30623.25,0.50
2026-06-02 10:45:47,30623.25,30624.25,30623.00,30623.00,48,30621.50,30622.00,0.50
2026-06-02 10:45:48,30623.25,30623.25,30621.00,30621.25,85,30620.50,30621.00,0.50
2026-06-02 10:45:49,30622.00,30622.00,30620.00,30621.00,42,30620.75,30621.25,0.50
2026-06-02 10:45:50,30620.50,30621.25,30620.00,30621.25,65,30622.00,30622.25,0.25
2026-06-02 10:45:51,30621.00,30622.50,30621.00,30622.50,43,30620.75,30621.25,0.50
2026-06-02 10:45:52,30622.00,30622.00,30620.00,30621.00,32,30620.75,30621.25,0.50
2026-06-02 10:45:53,30621.00,30621.25,30620.25,30620.75,41,30621.00,30621.25,0.25
2026-06-02 10:45:54,30621.00,30621.50,30621.00,30621.00,10,30620.25,30620.75,0.50
2026-06-02 10:45:55,30621.00,30621.50,30620.50,30620.75,10,30617.50,30618.00,0.50
2026-06-02 10:45:56,30620.75,30621.00,30617.50,30617.50,64,30622.25,30622.75,0.50
2026-06-02 10:45:57,30618.00,30622.75,30618.00,30622.75,68,30620.50,30620.75,0.25
2026-06-02 10:45:58,30622.50,30622.50,30620.50,30620.75,21,30620.75,30621.25,0.50
2026-06-02 10:45:59,30620.75,30621.25,30620.50,30621.25,20,30621.50,30622.00,0.50
2026-06-02 10:46:00,30621.00,30621.50,30620.50,30621.25,41,30619.50,30620.00,0.50
2026-06-02 10:46:01,30621.75,30621.75,30619.50,30619.75,46,30615.50,30616.00,0.50
2026-06-02 10:46:02,30619.50,30619.50,30615.00,30615.75,307,30616.50,30616.75,0.25
2026-06-02 10:46:03,30615.75,30618.25,30615.25,30616.50,152,30616.25,30616.50,0.25
2026-06-02 10:46:04,30616.00,30617.00,30616.00,30616.25,66,30614.00,30614.50,0.50
2026-06-02 10:46:05,30616.50,30616.50,30613.75,30614.50,162,30613.50,30614.00,0.50
2026-06-02 10:46:06,30614.00,30614.25,30613.00,30613.25,154,30614.50,30614.75,0.25
2026-06-02 10:46:07,30614.00,30614.75,30613.75,30614.50,76,30616.25,30616.75,0.50
2026-06-02 10:46:08,30614.50,30617.00,30613.50,30616.25,91,30616.75,30617.25,0.50
2026-06-02 10:46:09,30616.75,30617.00,30615.25,30616.75,71,30617.25,30617.50,0.25
2026-06-02 10:46:10,30616.50,30617.50,30615.50,30617.50,44,30617.25,30617.75,0.50
2026-06-02 10:46:11,30617.50,30617.75,30617.25,30617.75,25,30620.50,30620.75,0.25
2026-06-02 10:46:12,30618.00,30620.50,30618.00,30620.00,68,30619.25,30619.50,0.25
2026-06-02 10:46:13,30620.25,30621.50,30619.00,30619.00,54,30618.50,30619.00,0.50
2026-06-02 10:46:14,30619.75,30619.75,30617.25,30618.50,48,30619.00,30619.50,0.50
2026-06-02 10:46:15,30618.75,30619.75,30618.75,30619.25,16,30618.75,30619.00,0.25
2026-06-02 10:46:16,30618.75,30619.50,30618.75,30619.00,21,30618.25,30618.50,0.25
2026-06-02 10:46:17,30619.00,30619.75,30617.75,30618.25,81,30617.75,30618.25,0.50
2026-06-02 10:46:18,30618.75,30618.75,30617.50,30618.25,20,30616.00,30616.50,0.50
2026-06-02 10:46:19,30617.25,30617.75,30615.75,30616.50,94,30615.50,30615.75,0.25
2026-06-02 10:46:20,30616.25,30617.00,30616.25,30616.25,19,30614.00,30614.50,0.50
2026-06-02 10:46:21,30615.25,30615.25,30614.00,30614.00,43,30614.00,30614.50,0.50
2026-06-02 10:46:22,30614.00,30616.00,30614.00,30616.00,50,30615.00,30615.50,0.50
2026-06-02 10:46:23,30615.75,30615.75,30613.75,30614.50,32,30615.00,30615.50,0.50
2026-06-02 10:46:24,30615.25,30615.50,30613.25,30614.25,34,30614.50,30615.00,0.50
2026-06-02 10:46:25,30614.25,30614.75,30614.00,30614.75,29,30615.50,30615.75,0.25
2026-06-02 10:46:26,30615.00,30616.25,30615.00,30615.50,19,30616.25,30616.75,0.50
2026-06-02 10:46:27,30615.75,30617.00,30615.75,30616.75,23,30616.00,30616.25,0.25
2026-06-02 10:46:28,30616.75,30618.00,30615.75,30616.50,69,30614.75,30615.00,0.25
2026-06-02 10:46:29,30616.00,30616.00,30614.00,30615.25,81,30614.75,30615.25,0.50
2026-06-02 10:46:30,30615.00,30615.25,30613.75,30614.75,58,30614.50,30614.75,0.25
2026-06-02 10:46:31,30614.50,30614.75,30614.00,30614.75,56,30615.25,30615.75,0.50
2026-06-02 10:46:32,30614.25,30615.75,30614.25,30615.75,58,30615.75,30616.25,0.50
2026-06-02 10:46:33,30615.75,30616.00,30615.25,30615.75,50,30616.25,30616.75,0.50
2026-06-02 10:46:34,30616.25,30616.75,30616.00,30616.50,31,30615.00,30615.50,0.50
2026-06-02 10:46:35,30616.50,30616.75,30614.75,30615.00,75,30615.00,30615.50,0.50
2026-06-02 10:46:36,30615.00,30616.50,30615.00,30616.50,29,30616.50,30616.75,0.25
2026-06-02 10:46:37,30616.75,30617.25,30616.00,30616.75,80,30618.00,30618.75,0.75
2026-06-02 10:46:38,30617.00,30618.50,30616.25,30618.50,38,30616.25,30616.75,0.50
2026-06-02 10:46:39,30618.00,30618.00,30616.00,30616.50,32,30616.75,30617.50,0.75
2026-06-02 10:46:40,30617.25,30617.50,30616.25,30616.75,26,30618.00,30618.50,0.50
2026-06-02 10:46:41,30617.00,30618.75,30617.00,30618.50,32,30619.00,30619.50,0.50
2026-06-02 10:46:42,30618.00,30619.25,30617.75,30619.25,31,30619.00,30619.50,0.50
2026-06-02 10:46:43,30619.00,30619.50,30618.25,30619.50,46,30620.00,30620.50,0.50
2026-06-02 10:46:44,30619.50,30620.75,30619.50,30620.75,82,30618.50,30619.00,0.50
2026-06-02 10:46:45,30620.00,30620.25,30618.00,30618.50,43,30618.00,30618.50,0.50
2026-06-02 10:46:46,30619.00,30619.50,30618.25,30618.50,50,30618.25,30618.50,0.25
2026-06-02 10:46:47,30618.00,30619.00,30617.75,30618.25,30,30619.25,30619.50,0.25
2026-06-02 10:46:48,30618.50,30620.25,30618.25,30619.75,50,30617.25,30617.50,0.25
2026-06-02 10:46:49,30619.25,30619.25,30615.50,30617.25,155,30616.75,30617.25,0.50
2026-06-02 10:46:50,30617.25,30618.00,30617.00,30617.00,30,30615.75,30616.25,0.50
2026-06-02 10:46:51,30616.50,30616.75,30614.75,30615.75,52,30614.50,30615.00,0.50
2026-06-02 10:46:52,30616.00,30617.00,30614.75,30614.75,46,30610.50,30611.00,0.50
2026-06-02 10:46:53,30614.50,30614.50,30610.50,30610.75,244,30612.25,30612.50,0.25
2026-06-02 10:46:54,30610.50,30613.50,30610.50,30612.75,104,30612.75,30613.25,0.50
2026-06-02 10:46:55,30612.25,30613.25,30612.25,30612.75,36,30613.00,30613.50,0.50
2026-06-02 10:46:56,30612.75,30613.25,30612.25,30613.00,30,30613.00,30613.50,0.50
2026-06-02 10:46:57,30613.25,30615.25,30612.75,30614.75,36,30615.00,30615.50,0.50
2026-06-02 10:46:58,30614.75,30615.50,30613.50,30615.25,35,30612.00,30612.25,0.25
2026-06-02 10:46:59,30615.25,30615.25,30612.25,30612.25,35,30612.00,30612.25,0.25
2026-06-02 10:47:00,30612.25,30612.50,30610.75,30610.75,25,30612.25,30612.50,0.25
2026-06-02 10:47:01,30611.00,30613.50,30610.75,30612.25,75,30612.50,30613.00,0.50
2026-06-02 10:47:02,30612.50,30613.00,30611.50,30613.00,48,30613.00,30613.25,0.25
2026-06-02 10:47:03,30613.25,30613.25,30612.00,30612.75,37,30611.50,30611.75,0.25
2026-06-02 10:47:04,30613.00,30613.50,30611.25,30612.50,42,30612.50,30612.75,0.25
2026-06-02 10:47:05,30611.75,30612.75,30611.00,30612.00,41,30611.75,30612.50,0.75
2026-06-02 10:47:06,30612.75,30613.25,30611.75,30612.50,55,30611.75,30612.50,0.75
2026-06-02 10:47:07,30612.00,30612.50,30602.00,30606.75,739,30605.75,30606.50,0.75
2026-06-02 10:47:08,30606.50,30607.00,30604.75,30606.50,122,30605.75,30606.50,0.75
2026-06-02 10:47:09,30606.00,30607.00,30601.75,30604.50,339,30603.75,30604.25,0.50
2026-06-02 10:47:10,30604.00,30604.25,30601.25,30603.75,205,30603.75,30604.25,0.50
2026-06-02 10:47:11,30603.75,30605.00,30601.25,30602.25,148,30604.00,30604.50,0.50
2026-06-02 10:47:12,30602.75,30605.00,30602.75,30604.50,135,30601.75,30602.00,0.25
2026-06-02 10:47:13,30604.00,30605.00,30602.00,30602.00,79,30601.75,30602.00,0.25
2026-06-02 10:47:14,30602.00,30604.00,30602.00,30603.50,97,30602.75,30603.25,0.50
2026-06-02 10:47:15,30603.50,30603.50,30601.75,30603.25,61,30601.75,30602.00,0.25
2026-06-02 10:47:16,30603.25,30603.50,30601.25,30602.00,87,30601.75,30602.00,0.25
2026-06-02 10:47:17,30601.75,30606.50,30601.50,30604.50,136,30602.50,30603.00,0.50
2026-06-02 10:47:18,30604.25,30604.25,30602.50,30603.00,74,30602.50,30603.00,0.50
2026-06-02 10:47:19,30602.50,30603.75,30601.75,30603.50,55,30602.25,30602.75,0.50
2026-06-02 10:47:20,30602.75,30603.50,30602.00,30602.50,73,30603.50,30604.00,0.50
2026-06-02 10:47:21,30602.50,30604.50,30602.50,30604.25,90,30602.00,30602.50,0.50
2026-06-02 10:47:22,30604.00,30604.75,30602.25,30603.25,114,30603.50,30604.00,0.50
2026-06-02 10:47:23,30602.75,30604.50,30602.75,30604.00,57,30603.75,30604.25,0.50
2026-06-02 10:47:24,30603.50,30604.75,30603.00,30604.25,42,30604.25,30604.75,0.50
2026-06-02 10:47:25,30604.00,30605.00,30603.25,30604.25,45,30603.00,30603.50,0.50
2026-06-02 10:47:26,30604.25,30604.25,30603.25,30603.75,47,30605.75,30606.25,0.50
2026-06-02 10:47:27,30603.25,30606.50,30603.00,30606.00,91,30605.25,30605.50,0.25
2026-06-02 10:47:28,30605.75,30605.75,30604.75,30605.50,37,30603.75,30604.25,0.50
2026-06-02 10:47:29,30605.50,30606.50,30603.50,30604.00,120,30604.75,30605.25,0.50
2026-06-02 10:47:30,30603.75,30605.50,30603.75,30605.50,49,30604.75,30605.25,0.50
2026-06-02 10:47:31,30605.00,30605.25,30604.75,30605.25,27,30604.75,30605.25,0.50
2026-06-02 10:47:32,30604.75,30605.50,30604.00,30605.00,15,30604.00,30604.50,0.50
2026-06-02 10:47:33,30605.00,30605.25,30604.00,30604.50,42,30604.00,30604.50,0.50
2026-06-02 10:47:34,30604.50,30604.50,30603.25,30604.25,22,30604.25,30604.75,0.50
2026-06-02 10:47:35,30604.50,30605.00,30603.75,30604.50,99,30604.75,30605.25,0.50
2026-06-02 10:47:36,30604.75,30605.50,30604.25,30605.00,38,30605.00,30605.50,0.50
2026-06-02 10:47:37,30605.25,30607.50,30605.25,30607.25,39,30610.25,30610.75,0.50
2026-06-02 10:47:38,30607.25,30610.50,30606.25,30610.25,156,30611.50,30611.75,0.25
2026-06-02 10:47:39,30610.25,30612.00,30608.50,30612.00,113,30613.50,30614.00,0.50
2026-06-02 10:47:40,30612.00,30613.75,30611.25,30613.75,108,30613.50,30614.00,0.50
2026-06-02 10:47:41,30613.75,30614.50,30612.75,30614.50,130,30616.75,30617.00,0.25
2026-06-02 10:47:42,30614.25,30617.50,30614.25,30617.00,133,30616.75,30617.25,0.50
2026-06-02 10:47:43,30617.00,30618.50,30616.50,30617.00,137,30618.25,30618.75,0.50
2026-06-02 10:47:44,30617.00,30619.00,30616.75,30618.75,137,30618.25,30618.75,0.50
2026-06-02 10:47:45,30618.75,30621.75,30618.25,30621.75,277,30621.00,30621.50,0.50
2026-06-02 10:47:46,30622.00,30623.25,30621.25,30621.50,193,30619.50,30620.00,0.50
2026-06-02 10:47:47,30621.50,30622.00,30619.25,30619.50,158,30621.75,30622.25,0.50
2026-06-02 10:47:48,30620.00,30622.25,30620.00,30622.25,76,30619.50,30619.75,0.25
2026-06-02 10:47:49,30622.00,30622.25,30619.50,30620.00,95,30617.25,30617.75,0.50
2026-06-02 10:47:50,30619.75,30620.25,30617.25,30617.75,121,30618.75,30619.00,0.25
2026-06-02 10:47:51,30618.25,30620.25,30617.75,30619.00,88,30618.75,30619.00,0.25
2026-06-02 10:47:52,30618.75,30619.75,30618.25,30618.50,59,30618.25,30618.50,0.25
2026-06-02 10:47:53,30619.25,30619.50,30617.50,30618.25,77,30619.25,30619.50,0.25
2026-06-02 10:47:54,30618.75,30619.50,30618.50,30619.00,34,30619.75,30620.00,0.25
2026-06-02 10:47:55,30619.25,30620.25,30618.25,30619.75,75,30620.00,30620.25,0.25
2026-06-02 10:47:56,30620.00,30621.00,30619.25,30620.50,43,30620.00,30620.25,0.25
2026-06-02 10:47:57,30620.25,30620.50,30617.75,30617.75,63,30615.25,30615.50,0.25
2026-06-02 10:47:58,30618.25,30619.00,30615.00,30615.50,171,30612.75,30613.00,0.25
2026-06-02 10:47:59,30615.50,30615.50,30611.75,30613.25,103,30608.25,30608.50,0.25
2026-06-02 10:48:00,30612.75,30612.75,30608.50,30609.00,219,30607.25,30607.75,0.50
2026-06-02 10:48:01,30608.25,30608.75,30607.00,30607.25,158,30607.75,30608.00,0.25
2026-06-02 10:48:02,30607.75,30608.25,30605.75,30607.75,166,30604.25,30604.75,0.50
2026-06-02 10:48:03,30607.75,30607.75,30604.00,30604.25,146,30605.25,30605.50,0.25
2026-06-02 10:48:04,30604.50,30605.50,30603.50,30605.50,117,30605.25,30605.75,0.50
2026-06-02 10:48:05,30605.25,30606.50,30602.75,30605.00,107,30604.50,30604.75,0.25
2026-06-02 10:48:06,30605.75,30606.25,30603.00,30604.50,111,30602.75,30603.25,0.50
2026-06-02 10:48:07,30604.50,30605.75,30602.75,30602.75,90,30602.75,30603.25,0.50
2026-06-02 10:48:08,30602.75,30607.75,30602.75,30607.00,85,30607.25,30607.50,0.25
2026-06-02 10:48:09,30606.50,30608.00,30606.00,30607.25,61,30607.75,30608.00,0.25
2026-06-02 10:48:10,30607.50,30611.50,30607.50,30607.75,214,30607.75,30608.00,0.25
2026-06-02 10:48:11,30607.75,30608.00,30605.75,30607.00,65,30606.50,30606.75,0.25
2026-06-02 10:48:12,30606.50,30608.25,30606.25,30606.50,78,30607.25,30607.75,0.50
2026-06-02 10:48:13,30606.25,30608.00,30606.00,30607.25,39,30608.50,30609.00,0.50
2026-06-02 10:48:14,30607.75,30610.75,30607.50,30608.75,52,30608.50,30609.00,0.50
2026-06-02 10:48:15,30608.50,30609.00,30605.25,30606.25,116,30605.00,30605.75,0.75
2026-06-02 10:48:16,30605.75,30606.25,30604.50,30605.00,47,30605.75,30606.25,0.50
2026-06-02 10:48:17,30605.00,30606.50,30604.75,30605.25,53,30607.50,30608.00,0.50
2026-06-02 10:48:18,30605.75,30607.75,30605.75,30607.25,44,30610.75,30611.25,0.50
2026-06-02 10:48:19,30607.50,30611.00,30606.50,30611.00,44,30610.25,30610.75,0.50
2026-06-02 10:48:20,30610.75,30611.00,30609.25,30610.00,40,30610.75,30611.25,0.50
2026-06-02 10:48:21,30610.50,30611.50,30610.50,30611.25,28,30611.50,30612.00,0.50
2026-06-02 10:48:22,30611.00,30612.00,30610.75,30612.00,39,30612.00,30612.50,0.50
2026-06-02 10:48:23,30612.00,30612.75,30611.50,30612.25,75,30614.00,30614.50,0.50
2026-06-02 10:48:24,30612.50,30614.50,30612.00,30614.50,76,30613.75,30614.25,0.50
2026-06-02 10:48:25,30614.50,30615.00,30613.75,30614.25,93,30615.25,30615.75,0.50
2026-06-02 10:48:26,30614.25,30616.25,30614.00,30615.75,69,30617.25,30617.50,0.25
2026-06-02 10:48:27,30615.50,30617.75,30615.50,30617.75,73,30617.25,30617.75,0.50
2026-06-02 10:48:28,30617.50,30618.00,30616.00,30617.75,96,30617.50,30617.75,0.25
2026-06-02 10:48:29,30617.25,30618.25,30616.50,30617.75,56,30616.00,30616.50,0.50
2026-06-02 10:48:30,30617.25,30617.75,30616.00,30616.50,57,30618.00,30618.50,0.50
2026-06-02 10:48:31,30616.25,30619.50,30616.25,30618.50,75,30618.00,30618.50,0.50
2026-06-02 10:48:32,30618.00,30618.50,30617.00,30618.50,55,30617.00,30617.25,0.25
2026-06-02 10:48:33,30618.00,30618.25,30616.50,30617.50,66,30616.50,30617.00,0.50
2026-06-02 10:48:34,30617.00,30618.00,30616.50,30616.50,43,30616.25,30616.75,0.50
2026-06-02 10:48:35,30617.00,30617.50,30616.50,30616.50,36,30616.50,30617.00,0.50
2026-06-02 10:48:36,30616.50,30617.25,30615.75,30616.25,51,30616.75,30617.00,0.25
2026-06-02 10:48:37,30617.00,30618.25,30616.50,30617.00,48,30615.00,30615.50,0.50
2026-06-02 10:48:38,30616.75,30617.25,30614.75,30614.75,38,30613.25,30613.75,0.50
2026-06-02 10:48:39,30615.50,30616.00,30612.75,30613.50,62,30611.00,30611.50,0.50
2026-06-02 10:48:40,30613.75,30613.75,30611.50,30611.50,103,30610.75,30611.25,0.50
2026-06-02 10:48:41,30611.25,30612.75,30610.25,30611.00,96,30612.75,30613.25,0.50
2026-06-02 10:48:42,30612.00,30612.75,30611.50,30612.25,21,30612.75,30613.25,0.50
2026-06-02 10:48:43,30612.50,30613.00,30611.25,30611.50,39,30610.00,30610.50,0.50
2026-06-02 10:48:44,30611.50,30611.50,30609.75,30610.25,62,30608.75,30609.00,0.25
2026-06-02 10:48:45,30611.00,30611.00,30608.00,30608.75,105,30608.25,30608.75,0.50
2026-06-02 10:48:46,30608.75,30609.00,30607.50,30608.50,46,30610.00,30610.25,0.25
2026-06-02 10:48:47,30608.75,30610.50,30608.75,30609.75,37,30610.25,30610.75,0.50
2026-06-02 10:48:48,30610.25,30610.50,30608.75,30610.25,43,30610.00,30610.50,0.50
2026-06-02 10:48:49,30610.75,30610.75,30609.75,30610.25,22,30611.75,30612.25,0.50
2026-06-02 10:48:50,30610.25,30612.50,30610.25,30612.00,34,30610.75,30611.25,0.50
2026-06-02 10:48:51,30612.00,30612.00,30610.25,30610.75,22,30610.00,30610.25,0.25
2026-06-02 10:48:52,30611.00,30611.50,30609.50,30609.50,62,30609.25,30609.75,0.50
2026-06-02 10:48:53,30610.00,30610.50,30609.25,30609.50,21,30609.25,30609.75,0.50
2026-06-02 10:48:54,30609.75,30609.75,30608.75,30609.25,20,30609.75,30610.25,0.50
2026-06-02 10:48:55,30609.25,30610.25,30608.50,30609.75,28,30609.50,30610.00,0.50
2026-06-02 10:48:56,30610.25,30610.25,30608.75,30610.00,29,30609.75,30610.25,0.50
2026-06-02 10:48:57,30609.50,30610.25,30609.25,30609.75,25,30609.75,30610.25,0.50
2026-06-02 10:48:58,30609.75,30610.00,30607.75,30607.75,58,30607.75,30608.25,0.50
2026-06-02 10:48:59,30608.50,30608.50,30607.50,30607.75,34,30609.00,30609.50,0.50
2026-06-02 10:49:00,30608.25,30609.25,30608.00,30608.25,37,30610.25,30610.50,0.25
2026-06-02 10:49:01,30609.50,30610.75,30608.25,30610.50,51,30609.50,30610.00,0.50
2026-06-02 10:49:02,30610.50,30611.00,30609.25,30609.75,30,30608.50,30609.00,0.50
2026-06-02 10:49:03,30610.00,30612.00,30608.50,30608.75,38,30605.75,30606.00,0.25
2026-06-02 10:49:04,30608.75,30608.75,30605.00,30605.75,116,30604.25,30604.75,0.50
2026-06-02 10:49:05,30606.25,30606.50,30602.25,30604.50,211,30605.25,30605.75,0.50
2026-06-02 10:49:06,30605.00,30606.00,30604.00,30605.00,124,30605.25,30605.75,0.50
2026-06-02 10:49:07,30605.25,30607.50,30604.75,30607.25,110,30606.50,30607.00,0.50
2026-06-02 10:49:08,30607.25,30607.50,30606.50,30607.25,33,30606.50,30607.00,0.50
2026-06-02 10:49:09,30606.75,30607.75,30606.00,30606.75,42,30604.25,30604.50,0.25
2026-06-02 10:49:10,30605.75,30605.75,30604.75,30604.75,31,30604.25,30604.50,0.25
2026-06-02 10:49:11,30604.50,30606.50,30604.50,30606.00,50,30608.75,30609.25,0.50
2026-06-02 10:49:12,30606.25,30608.75,30605.00,30608.75,55,30608.75,30609.25,0.50
2026-06-02 10:49:13,30608.75,30609.25,30607.75,30609.25,65,30609.50,30609.75,0.25
2026-06-02 10:49:14,30609.00,30610.00,30608.75,30610.00,35,30609.75,30610.25,0.50
2026-06-02 10:49:15,30610.00,30611.00,30609.25,30610.25,97,30609.25,30609.50,0.25
2026-06-02 10:49:16,30609.75,30609.75,30608.75,30609.75,44,30608.25,30608.75,0.50
2026-06-02 10:49:17,30609.25,30609.50,30608.00,30608.75,25,30608.25,30608.75,0.50
2026-06-02 10:49:18,30608.25,30608.75,30607.75,30608.25,27,30608.50,30608.75,0.25
2026-06-02 10:49:19,30608.50,30608.75,30607.00,30608.75,34,30607.00,30607.25,0.25
2026-06-02 10:49:20,30608.75,30609.50,30606.75,30606.75,35,30606.75,30607.00,0.25
2026-06-02 10:49:21,30607.00,30608.50,30606.25,30606.75,26,30606.50,30607.00,0.50
2026-06-02 10:49:22,30607.00,30607.00,30606.00,30606.50,27,30609.75,30610.25,0.50
2026-06-02 10:49:23,30606.75,30609.75,30606.75,30609.75,50,30609.25,30609.50,0.25
2026-06-02 10:49:24,30610.25,30610.25,30609.25,30609.50,12,30609.25,30609.50,0.25
2026-06-02 10:49:25,30609.50,30610.50,30608.25,30608.50,24,30608.75,30609.25,0.50
2026-06-02 10:49:26,30608.00,30609.25,30607.75,30609.25,18,30609.00,30609.50,0.50
2026-06-02 10:49:27,30609.50,30609.75,30608.75,30609.25,11,30608.25,30608.75,0.50
2026-06-02 10:49:28,30609.25,30609.25,30608.00,30608.25,13,30609.25,30609.50,0.25
2026-06-02 10:49:29,30608.75,30610.00,30608.75,30609.00,15,30609.00,30609.25,0.25
2026-06-02 10:49:30,30609.50,30610.25,30608.75,30608.75,34,30608.50,30609.00,0.50
2026-06-02 10:49:31,30609.00,30610.00,30608.75,30609.25,28,30609.75,30610.00,0.25
2026-06-02 10:49:32,30609.00,30610.00,30608.50,30609.75,36,30609.75,30610.00,0.25
2026-06-02 10:49:33,30610.00,30611.25,30609.50,30611.25,40,30611.00,30611.50,0.50
2026-06-02 10:49:34,30611.25,30611.50,30610.25,30611.25,39,30612.25,30612.50,0.25
2026-06-02 10:49:35,30611.00,30612.25,30610.50,30612.25,44,30612.50,30613.00,0.50
2026-06-02 10:49:36,30612.50,30612.75,30610.75,30612.75,93,30612.00,30612.50,0.50
2026-06-02 10:49:37,30612.50,30613.00,30611.50,30612.50,31,30611.00,30611.25,0.25
2026-06-02 10:49:38,30612.25,30612.50,30610.50,30611.00,21,30610.25,30610.75,0.50
2026-06-02 10:49:39,30611.25,30611.75,30610.75,30610.75,28,30610.25,30610.50,0.25
2026-06-02 10:49:40,30610.50,30611.50,30610.25,30610.25,14,30610.75,30611.25,0.50
2026-06-02 10:49:41,30610.50,30611.25,30610.00,30610.75,38,30610.25,30610.75,0.50
2026-06-02 10:49:42,30610.75,30611.25,30610.25,30610.75,30,30608.75,30609.00,0.25
2026-06-02 10:49:43,30610.75,30610.75,30609.25,30609.25,16,30607.50,30607.75,0.25
2026-06-02 10:49:44,30608.75,30608.75,30606.75,30608.00,51,30608.50,30609.00,0.50
2026-06-02 10:49:45,30607.50,30608.50,30607.00,30608.00,40,30609.75,30610.00,0.25
2026-06-02 10:49:46,30608.25,30610.00,30608.00,30609.50,47,30610.25,30610.75,0.50
2026-06-02 10:49:47,30610.00,30610.50,30609.25,30610.50,12,30609.25,30609.50,0.25
2026-06-02 10:49:48,30610.50,30610.50,30609.25,30609.25,14,30610.50,30610.75,0.25
2026-06-02 10:49:49,30609.25,30610.50,30609.25,30610.50,14,30612.75,30613.25,0.50
2026-06-02 10:49:50,30611.00,30613.50,30611.00,30613.00,51,30613.25,30613.75,0.50
2026-06-02 10:49:51,30612.75,30613.75,30612.50,30613.00,37,30616.25,30616.50,0.25
2026-06-02 10:49:52,30613.75,30616.75,30612.75,30616.25,179,30617.75,30618.00,0.25
2026-06-02 10:49:53,30616.50,30618.25,30616.25,30618.00,130,30618.50,30619.00,0.50
2026-06-02 10:49:54,30618.00,30619.00,30618.00,30618.75,69,30619.00,30619.25,0.25
2026-06-02 10:49:55,30619.00,30619.50,30618.50,30619.25,86,30617.25,30617.50,0.25
2026-06-02 10:49:56,30618.75,30618.75,30617.25,30617.50,59,30617.75,30618.25,0.50
2026-06-02 10:49:57,30617.50,30618.50,30617.25,30618.00,48,30617.75,30618.00,0.25
2026-06-02 10:49:58,30618.00,30618.50,30617.25,30618.25,47,30618.00,30618.25,0.25
2026-06-02 10:49:59,30618.25,30618.50,30617.25,30617.75,54,30617.75,30618.25,0.50
2026-06-02 10:50:00,30618.00,30618.50,30616.50,30618.00,70,30617.25,30617.75,0.50
2026-06-02 10:50:01,30618.25,30618.25,30617.00,30617.25,100,30618.00,30618.25,0.25
2026-06-02 10:50:02,30617.75,30618.50,30616.50,30618.25,55,30616.00,30616.50,0.50
2026-06-02 10:50:03,30618.25,30618.25,30616.25,30616.50,60,30615.00,30615.50,0.50
2026-06-02 10:50:04,30616.50,30617.25,30615.00,30615.00,81,30616.75,30617.25,0.50
2026-06-02 10:50:05,30615.25,30616.75,30615.00,30616.75,46,30617.50,30617.75,0.25
2026-06-02 10:50:06,30617.25,30618.00,30616.50,30617.25,55,30616.25,30616.50,0.25
2026-06-02 10:50:07,30617.50,30617.50,30616.00,30616.25,20,30615.25,30615.50,0.25
2026-06-02 10:50:08,30616.25,30617.00,30614.25,30615.50,71,30615.25,30615.50,0.25
2026-06-02 10:50:09,30615.25,30616.25,30615.00,30615.00,43,30614.00,30614.50,0.50
2026-06-02 10:50:10,30616.00,30616.25,30614.25,30614.25,32,30612.50,30613.00,0.50
2026-06-02 10:50:11,30614.00,30614.00,30612.00,30612.75,107,30614.50,30615.00,0.50
2026-06-02 10:50:12,30612.50,30615.00,30612.25,30614.50,42,30613.00,30613.50,0.50
2026-06-02 10:50:13,30614.75,30614.75,30613.25,30613.50,27,30612.75,30613.25,0.50
2026-06-02 10:50:14,30613.00,30613.75,30612.75,30613.25,31,30614.75,30615.00,0.25
2026-06-02 10:50:15,30614.00,30616.00,30614.00,30615.25,55,30617.75,30618.25,0.50
2026-06-02 10:50:16,30615.00,30618.25,30615.00,30617.25,67,30618.75,30619.25,0.50
2026-06-02 10:50:17,30617.50,30619.50,30617.50,30619.25,91,30618.75,30619.25,0.50
2026-06-02 10:50:18,30619.25,30620.25,30618.75,30619.00,174,30618.75,30619.25,0.50
2026-06-02 10:50:19,30619.25,30620.00,30618.75,30619.00,78,30615.75,30616.25,0.50
2026-06-02 10:50:20,30619.25,30619.50,30615.25,30616.50,117,30615.25,30615.75,0.50
2026-06-02 10:50:21,30616.50,30617.00,30615.25,30615.75,23,30614.25,30614.75,0.50
2026-06-02 10:50:22,30615.25,30616.00,30614.25,30614.25,58,30616.00,30616.25,0.25
2026-06-02 10:50:23,30614.75,30616.00,30614.25,30615.75,12,30616.25,30616.75,0.50
2026-06-02 10:50:24,30616.75,30617.00,30616.25,30616.50,30,30615.25,30615.50,0.25
2026-06-02 10:50:25,30616.25,30616.25,30615.00,30615.25,30,30616.00,30616.50,0.50
2026-06-02 10:50:26,30615.50,30616.00,30615.25,30616.00,11,30616.00,30616.50,0.50
2026-06-02 10:50:27,30616.00,30616.50,30615.75,30616.50,13,30613.75,30614.25,0.50
2026-06-02 10:50:28,30615.25,30615.50,30613.25,30614.00,51,30614.75,30615.25,0.50
2026-06-02 10:50:29,30614.50,30614.75,30614.25,30614.75,18,30613.25,30613.75,0.50
2026-06-02 10:50:30,30614.50,30615.00,30612.75,30613.50,25,30613.00,30613.25,0.25
2026-06-02 10:50:31,30614.25,30614.25,30613.00,30613.00,27,30612.25,30612.50,0.25
2026-06-02 10:50:32,30613.00,30613.00,30610.50,30612.50,108,30609.75,30610.25,0.50
2026-06-02 10:50:33,30612.25,30612.25,30610.00,30610.00,48,30610.75,30611.00,0.25
2026-06-02 10:50:34,30610.25,30611.00,30610.00,30611.00,44,30614.50,30615.00,0.50
2026-06-02 10:50:35,30610.75,30614.50,30610.50,30614.50,74,30614.75,30615.00,0.25
2026-06-02 10:50:36,30614.50,30615.00,30614.25,30614.25,14,30614.75,30615.00,0.25
2026-06-02 10:50:37,30615.00,30616.00,30614.50,30615.25,58,30614.75,30615.00,0.25
2026-06-02 10:50:38,30615.50,30615.50,30614.75,30614.75,8,30614.50,30615.00,0.50
2026-06-02 10:50:39,30615.00,30615.50,30614.50,30615.50,34,30613.50,30614.00,0.50
2026-06-02 10:50:40,30614.00,30614.25,30613.00,30613.00,16,30614.50,30614.75,0.25
2026-06-02 10:50:41,30613.50,30614.75,30613.00,30614.75,50,30615.50,30616.00,0.50
2026-06-02 10:50:42,30614.50,30616.00,30613.75,30615.75,46,30613.25,30613.50,0.25
2026-06-02 10:50:43,30615.50,30615.50,30613.00,30613.25,42,30612.00,30612.50,0.50
2026-06-02 10:50:44,30613.50,30613.75,30613.25,30613.25,16,30611.50,30612.00,0.50
2026-06-02 10:50:45,30612.00,30613.00,30611.50,30612.00,26,30609.75,30610.25,0.50
2026-06-02 10:50:46,30611.75,30611.75,30609.75,30609.75,37,30610.75,30611.25,0.50
2026-06-02 10:50:47,30609.75,30611.00,30609.50,30611.00,21,30613.75,30614.25,0.50
2026-06-02 10:50:48,30611.25,30614.25,30611.25,30613.75,42,30612.50,30612.75,0.25
2026-06-02 10:50:49,30614.25,30614.75,30612.00,30612.00,48,30612.25,30612.75,0.50
2026-06-02 10:50:50,30612.75,30613.25,30612.25,30612.75,22,30613.75,30614.25,0.50
2026-06-02 10:50:51,30612.50,30614.00,30612.50,30613.50,21,30616.75,30617.25,0.50
2026-06-02 10:50:52,30614.25,30617.50,30614.25,30616.75,40,30617.50,30617.75,0.25
2026-06-02 10:50:53,30616.75,30618.00,30616.25,30617.25,31,30616.00,30616.50,0.50
2026-06-02 10:50:54,30617.50,30617.75,30615.75,30616.25,53,30615.75,30616.00,0.25
2026-06-02 10:50:55,30616.50,30617.00,30616.00,30616.25,26,30613.25,30613.50,0.25
2026-06-02 10:50:56,30615.75,30616.25,30613.50,30613.50,35,30614.00,30614.50,0.50
2026-06-02 10:50:57,30613.00,30615.50,30613.00,30615.50,8,30614.25,30614.75,0.50
2026-06-02 10:50:58,30614.00,30614.75,30613.25,30614.75,13,30615.25,30615.75,0.50
2026-06-02 10:50:59,30614.50,30615.50,30614.00,30615.50,24,30614.50,30614.75,0.25
2026-06-02 10:51:00,30615.25,30615.50,30615.00,30615.00,7,30612.75,30613.25,0.50
2026-06-02 10:51:01,30614.50,30614.50,30612.50,30612.75,72,30613.00,30613.50,0.50
2026-06-02 10:51:02,30613.00,30613.75,30612.75,30613.25,16,30613.50,30614.00,0.50
2026-06-02 10:51:03,30613.00,30615.00,30613.00,30614.25,18,30613.50,30614.00,0.50
2026-06-02 10:51:04,30614.00,30614.25,30611.50,30612.50,52,30613.00,30613.50,0.50
2026-06-02 10:51:05,30612.75,30613.25,30612.00,30613.00,49,30613.00,30613.50,0.50
2026-06-02 10:51:06,30613.00,30613.50,30612.50,30613.50,19,30614.00,30614.50,0.50
2026-06-02 10:51:07,30613.50,30615.50,30613.50,30614.25,58,30614.25,30614.75,0.50
2026-06-02 10:51:08,30614.25,30615.25,30614.25,30615.00,23,30615.25,30615.50,0.25
2026-06-02 10:51:09,30615.00,30615.50,30614.75,30615.00,15,30617.00,30617.50,0.50
2026-06-02 10:51:10,30615.50,30618.00,30615.25,30617.50,53,30618.75,30619.00,0.25
2026-06-02 10:51:11,30618.00,30619.25,30618.00,30618.75,51,30619.00,30619.50,0.50
2026-06-02 10:51:12,30619.00,30619.50,30618.75,30618.75,92,30619.25,30619.75,0.50
2026-06-02 10:51:13,30619.00,30619.50,30617.75,30618.75,57,30618.25,30618.50,0.25
2026-06-02 10:51:14,30619.50,30619.50,30617.75,30618.25,36,30617.75,30618.00,0.25
2026-06-02 10:51:15,30618.50,30618.75,30617.75,30618.00,24,30616.25,30616.75,0.50
2026-06-02 10:51:16,30617.75,30617.75,30615.75,30616.25,42,30616.25,30616.75,0.50
2026-06-02 10:51:17,30616.75,30617.50,30616.25,30616.25,38,30616.00,30616.50,0.50
2026-06-02 10:51:18,30616.25,30616.25,30615.50,30616.25,20,30614.25,30614.75,0.50
2026-06-02 10:51:19,30616.00,30616.00,30614.25,30614.25,37,30613.25,30613.75,0.50
2026-06-02 10:51:20,30614.75,30615.00,30612.50,30613.25,33,30613.00,30613.50,0.50
2026-06-02 10:51:21,30613.50,30613.50,30612.25,30613.00,27,30612.50,30613.00,0.50
2026-06-02 10:51:22,30613.00,30613.25,30612.75,30613.00,18,30612.50,30613.00,0.50
2026-06-02 10:51:23,30612.75,30613.25,30611.50,30612.75,50,30613.00,30613.25,0.25
2026-06-02 10:51:24,30612.75,30613.25,30612.50,30612.75,44,30613.00,30613.50,0.50
2026-06-02 10:51:25,30612.50,30613.50,30612.25,30613.25,10,30614.00,30614.50,0.50
2026-06-02 10:51:26,30613.50,30614.75,30613.00,30614.00,17,30615.75,30616.25,0.50
2026-06-02 10:51:27,30614.50,30616.25,30614.25,30616.25,33,30615.75,30616.25,0.50
2026-06-02 10:51:28,30616.00,30616.75,30615.75,30616.50,16,30615.50,30616.00,0.50
2026-06-02 10:51:29,30616.75,30616.75,30614.25,30615.25,29,30612.75,30613.00,0.25
2026-06-02 10:51:30,30615.25,30615.25,30612.25,30612.75,47,30614.00,30614.50,0.50
2026-06-02 10:51:31,30612.75,30614.50,30612.75,30614.50,23,30614.50,30614.75,0.25
2026-06-02 10:51:32,30614.50,30615.00,30614.00,30614.75,23,30616.75,30617.00,0.25
2026-06-02 10:51:33,30614.25,30616.75,30614.25,30616.50,24,30616.75,30617.00,0.25
2026-06-02 10:51:34,30616.75,30617.00,30616.50,30616.75,7,30616.50,30617.00,0.50
2026-06-02 10:51:35,30617.00,30617.25,30616.50,30616.50,31,30616.50,30617.00,0.50
2026-06-02 10:51:36,30616.75,30618.25,30616.25,30616.75,39,30620.00,30620.25,0.25
2026-06-02 10:51:37,30617.00,30620.50,30616.75,30620.00,111,30620.00,30620.50,0.50
2026-06-02 10:51:38,30620.00,30620.50,30619.50,30620.25,55,30618.25,30618.50,0.25
2026-06-02 10:51:39,30620.50,30620.50,30618.25,30618.25,86,30620.00,30620.50,0.50
2026-06-02 10:51:40,30618.50,30620.25,30617.50,30620.00,39,30620.25,30620.75,0.50
2026-06-02 10:51:41,30620.25,30621.25,30620.25,30620.50,94,30619.25,30619.75,0.50
2026-06-02 10:51:42,30620.25,30620.25,30619.25,30619.50,53,30617.50,30618.00,0.50
2026-06-02 10:51:43,30619.25,30619.50,30617.50,30618.00,57,30619.50,30620.00,0.50
2026-06-02 10:51:44,30617.50,30620.25,30617.25,30619.75,47,30619.75,30620.25,0.50
2026-06-02 10:51:45,30620.00,30620.75,30619.75,30620.25,33,30620.75,30621.25,0.50
2026-06-02 10:51:46,30619.75,30621.00,30619.50,30621.00,31,30620.00,30620.50,0.50
2026-06-02 10:51:47,30621.25,30621.75,30620.25,30620.25,81,30620.25,30620.75,0.50
2026-06-02 10:51:48,30620.25,30621.00,30620.25,30620.75,33,30619.75,30620.25,0.50
2026-06-02 10:51:49,30620.50,30620.75,30619.25,30620.00,33,30621.75,30622.25,0.50
2026-06-02 10:51:50,30620.25,30622.50,30619.50,30622.25,94,30621.00,30621.50,0.50
2026-06-02 10:51:51,30621.75,30622.00,30620.25,30621.00,83,30621.50,30622.00,0.50
2026-06-02 10:51:52,30621.00,30622.00,30621.00,30621.50,60,30620.00,30620.50,0.50
2026-06-02 10:51:53,30622.00,30622.00,30619.75,30620.00,61,30622.00,30622.25,0.25
2026-06-02 10:51:54,30620.50,30621.75,30620.25,30621.25,38,30622.25,30622.50,0.25
2026-06-02 10:51:55,30622.25,30622.50,30621.25,30622.00,44,30622.50,30622.75,0.25
2026-06-02 10:51:56,30622.50,30623.50,30622.00,30622.50,82,30622.25,30622.75,0.50
2026-06-02 10:51:57,30622.75,30623.25,30622.00,30622.25,43,30622.00,30622.25,0.25
2026-06-02 10:51:58,30622.25,30622.75,30621.50,30622.25,42,30622.75,30623.25,0.50
2026-06-02 10:51:59,30622.25,30623.25,30622.25,30623.25,48,30622.00,30622.25,0.25
2026-06-02 10:52:00,30622.75,30622.75,30621.50,30621.50,59,30619.50,30619.75,0.25
2026-06-02 10:52:01,30622.00,30622.25,30619.50,30619.75,107,30620.50,30621.00,0.50
2026-06-02 10:52:02,30619.00,30621.00,30618.25,30620.50,93,30620.25,30620.75,0.50
2026-06-02 10:52:03,30620.50,30621.00,30620.00,30620.75,65,30620.00,30620.50,0.50
2026-06-02 10:52:04,30621.00,30621.00,30619.75,30620.25,21,30619.25,30619.50,0.25
2026-06-02 10:52:05,30620.25,30620.25,30619.00,30619.25,19,30617.25,30617.50,0.25
2026-06-02 10:52:06,30619.00,30619.00,30616.50,30617.25,76,30616.75,30617.25,0.50
2026-06-02 10:52:07,30617.75,30618.25,30616.75,30616.75,32,30616.75,30617.00,0.25
2026-06-02 10:52:08,30618.25,30618.25,30616.00,30616.00,48,30616.75,30617.00,0.25
2026-06-02 10:52:09,30616.25,30619.00,30616.00,30618.00,50,30618.75,30619.00,0.25
2026-06-02 10:52:10,30618.75,30619.75,30618.75,30619.25,25,30619.00,30619.50,0.50
2026-06-02 10:52:11,30619.50,30620.25,30619.25,30619.50,24,30618.00,30618.50,0.50
2026-06-02 10:52:12,30619.00,30619.00,30617.75,30618.00,44,30618.50,30618.75,0.25
2026-06-02 10:52:13,30618.25,30619.25,30617.75,30618.75,22,30617.75,30618.25,0.50
2026-06-02 10:52:14,30618.50,30618.50,30617.00,30618.00,29,30617.75,30618.00,0.25
2026-06-02 10:52:15,30618.00,30618.00,30617.00,30617.50,20,30618.50,30618.75,0.25
2026-06-02 10:52:16,30617.50,30618.25,30617.50,30618.25,14,30614.50,30615.00,0.50
2026-06-02 10:52:17,30618.50,30618.50,30614.00,30614.75,108,30614.50,30615.00,0.50
2026-06-02 10:52:18,30615.00,30615.50,30614.25,30614.75,42,30615.50,30615.75,0.25
2026-06-02 10:52:19,30614.50,30615.75,30614.50,30615.25,47,30618.00,30618.50,0.50
2026-06-02 10:52:20,30615.75,30618.00,30615.25,30618.00,49,30617.75,30618.00,0.25
2026-06-02 10:52:21,30618.00,30618.25,30617.50,30617.75,16,30616.75,30617.25,0.50
2026-06-02 10:52:22,30617.75,30618.00,30616.75,30617.25,33,30616.00,30616.25,0.25
2026-06-02 10:52:23,30616.50,30616.75,30616.00,30616.00,6,30616.25,30616.75,0.50
2026-06-02 10:52:24,30615.75,30616.50,30615.25,30616.50,20,30616.25,30616.75,0.50
2026-06-02 10:52:25,30616.75,30616.75,30615.50,30615.75,26,30616.00,30616.25,0.25
2026-06-02 10:52:26,30615.75,30616.50,30615.75,30616.50,8,30615.25,30615.75,0.50
2026-06-02 10:52:27,30616.00,30616.00,30615.25,30615.50,15,30614.00,30614.25,0.25
2026-06-02 10:52:28,30615.50,30615.50,30614.00,30614.00,50,30614.75,30615.25,0.50
2026-06-02 10:52:29,30614.75,30615.00,30614.25,30615.00,14,30615.25,30615.75,0.50
2026-06-02 10:52:30,30615.00,30616.00,30614.75,30615.25,40,30616.25,30616.50,0.25
2026-06-02 10:52:31,30615.25,30616.25,30615.25,30616.25,26,30615.50,30616.00,0.50
2026-06-02 10:52:32,30616.75,30616.75,30615.50,30615.75,25,30616.25,30616.75,0.50
2026-06-02 10:52:33,30615.75,30616.75,30615.75,30616.75,19,30615.25,30615.50,0.25
2026-06-02 10:52:34,30616.50,30617.00,30615.00,30615.25,42,30616.00,30616.50,0.50
2026-06-02 10:52:35,30615.50,30616.25,30614.75,30615.75,29,30618.75,30619.00,0.25
2026-06-02 10:52:36,30615.75,30619.00,30615.75,30618.75,41,30618.50,30619.00,0.50
2026-06-02 10:52:37,30618.75,30619.50,30618.50,30619.00,45,30616.25,30616.75,0.50
2026-06-02 10:52:38,30619.00,30619.00,30616.25,30616.25,34,30620.00,30620.50,0.50
2026-06-02 10:52:39,30617.50,30620.25,30617.25,30620.00,81,30619.25,30619.75,0.50
2026-06-02 10:52:40,30620.00,30620.00,30618.75,30619.00,13,30618.75,30619.25,0.50
2026-06-02 10:52:41,30619.25,30619.50,30618.50,30618.75,11,30618.00,30618.50,0.50
2026-06-02 10:52:42,30618.75,30619.25,30617.25,30618.25,51,30619.50,30619.75,0.25
2026-06-02 10:52:43,30618.75,30620.00,30618.75,30619.50,14,30621.50,30622.00,0.50
2026-06-02 10:52:44,30620.00,30623.00,30620.00,30621.75,74,30620.25,30620.50,0.25
2026-06-02 10:52:45,30621.50,30622.00,30620.50,30620.50,46,30622.00,30622.50,0.50
2026-06-02 10:52:46,30620.25,30622.50,30620.00,30622.25,42,30622.25,30622.75,0.50
2026-06-02 10:52:47,30622.25,30623.25,30621.75,30622.50,74,30623.25,30623.50,0.25
2026-06-02 10:52:48,30622.50,30623.25,30622.50,30623.25,63,30623.25,30623.50,0.25
2026-06-02 10:52:49,30623.25,30625.50,30623.25,30625.00,353,30624.00,30624.50,0.50
2026-06-02 10:52:50,30625.00,30625.25,30623.50,30624.25,81,30621.75,30622.25,0.50
2026-06-02 10:52:51,30624.50,30624.75,30621.25,30621.75,86,30622.00,30622.50,0.50
2026-06-02 10:52:52,30621.50,30622.75,30621.50,30622.00,44,30622.25,30622.75,0.50
2026-06-02 10:52:53,30622.00,30623.25,30622.00,30623.25,37,30622.75,30623.25,0.50
2026-06-02 10:52:54,30622.25,30623.50,30621.25,30622.75,26,30622.50,30622.75,0.25
2026-06-02 10:52:55,30622.75,30623.25,30622.50,30622.75,23,30623.00,30623.50,0.50
2026-06-02 10:52:56,30622.50,30623.75,30622.25,30623.00,49,30623.75,30624.00,0.25
2026-06-02 10:52:57,30623.00,30624.00,30622.75,30623.75,27,30622.25,30622.50,0.25
2026-06-02 10:52:58,30624.00,30624.00,30622.50,30622.50,35,30622.25,30622.50,0.25
2026-06-02 10:52:59,30622.25,30622.50,30621.50,30622.00,70,30622.25,30622.50,0.25
2026-06-02 10:53:00,30622.50,30622.75,30621.75,30622.25,13,30622.25,30622.75,0.50
2026-06-02 10:53:01,30622.50,30623.50,30622.00,30622.50,88,30622.50,30622.75,0.25
2026-06-02 10:53:02,30622.00,30623.00,30621.75,30622.75,40,30622.50,30623.00,0.50
2026-06-02 10:53:03,30623.50,30624.25,30622.00,30622.75,84,30621.75,30622.25,0.50
2026-06-02 10:53:04,30622.75,30623.25,30621.75,30621.75,39,30621.50,30622.00,0.50
2026-06-02 10:53:05,30622.50,30622.75,30621.00,30622.25,34,30622.75,30623.00,0.25
2026-06-02 10:53:06,30622.00,30624.00,30622.00,30622.75,73,30624.00,30624.50,0.50
2026-06-02 10:53:07,30623.00,30624.50,30622.75,30624.50,106,30624.00,30624.25,0.25
2026-06-02 10:53:08,30624.00,30625.50,30623.25,30624.25,115,30624.00,30624.25,0.25
2026-06-02 10:53:09,30624.25,30628.25,30624.25,30628.00,359,30627.00,30627.50,0.50
2026-06-02 10:53:10,30628.00,30628.25,30626.75,30627.50,220,30626.75,30627.00,0.25
2026-06-02 10:53:11,30627.00,30628.00,30626.50,30626.50,91,30626.00,30626.50,0.50
2026-06-02 10:53:12,30627.00,30627.50,30625.75,30626.00,79,30626.00,30626.50,0.50
2026-06-02 10:53:13,30626.50,30626.50,30625.25,30625.50,58,30627.25,30627.75,0.50
2026-06-02 10:53:14,30626.00,30628.00,30626.00,30627.50,51,30627.50,30628.00,0.50
2026-06-02 10:53:15,30627.25,30628.25,30626.50,30627.75,77,30626.75,30627.25,0.50
2026-06-02 10:53:16,30627.25,30628.00,30627.00,30627.25,84,30626.50,30627.00,0.50
2026-06-02 10:53:17,30627.00,30627.00,30626.00,30626.50,42,30626.50,30626.75,0.25
2026-06-02 10:53:18,30626.50,30626.75,30624.75,30626.25,102,30628.00,30628.50,0.50
2026-06-02 10:53:19,30626.50,30628.00,30626.25,30628.00,44,30628.00,30628.50,0.50
2026-06-02 10:53:20,30628.25,30628.75,30627.75,30628.25,70,30627.00,30627.50,0.50
2026-06-02 10:53:21,30628.50,30628.50,30627.00,30627.00,73,30627.75,30628.00,0.25
2026-06-02 10:53:22,30627.00,30628.25,30627.00,30627.50,44,30627.75,30628.00,0.25
2026-06-02 10:53:23,30627.75,30628.25,30626.75,30627.75,64,30627.00,30627.50,0.50
2026-06-02 10:53:24,30627.50,30627.75,30626.75,30627.25,35,30627.00,30627.50,0.50
2026-06-02 10:53:25,30627.25,30627.50,30625.00,30626.00,60,30626.50,30626.75,0.25
2026-06-02 10:53:26,30625.25,30626.75,30624.75,30626.50,80,30627.50,30628.00,0.50
2026-06-02 10:53:27,30626.75,30628.00,30626.00,30627.50,45,30628.25,30628.75,0.50
2026-06-02 10:53:28,30627.75,30630.00,30627.50,30628.75,291,30626.50,30627.00,0.50
2026-06-02 10:53:29,30628.00,30628.75,30625.75,30626.50,136,30626.50,30626.75,0.25
2026-06-02 10:53:30,30626.50,30627.25,30626.00,30626.00,53,30627.25,30627.50,0.25
2026-06-02 10:53:31,30626.50,30627.50,30626.50,30627.50,24,30627.50,30627.75,0.25
2026-06-02 10:53:32,30627.25,30628.25,30627.25,30627.75,22,30627.75,30628.00,0.25
2026-06-02 10:53:33,30627.75,30628.25,30627.50,30627.75,33,30627.75,30628.00,0.25
2026-06-02 10:53:34,30628.00,30628.00,30627.25,30628.00,48,30629.25,30629.50,0.25
2026-06-02 10:53:35,30628.00,30629.50,30628.00,30629.25,58,30628.50,30628.75,0.25
2026-06-02 10:53:36,30629.50,30629.75,30628.50,30628.75,51,30630.00,30630.25,0.25
2026-06-02 10:53:37,30629.25,30630.50,30628.50,30630.00,127,30629.50,30630.00,0.50
2026-06-02 10:53:38,30630.25,30630.50,30629.00,30630.00,78,30629.75,30630.00,0.25
2026-06-02 10:53:39,30629.00,30629.75,30627.75,30629.50,52,30631.75,30632.25,0.50
2026-06-02 10:53:40,30630.00,30632.25,30629.75,30632.25,199,30631.75,30632.25,0.50
2026-06-02 10:53:41,30632.00,30632.75,30631.75,30632.25,106,30634.25,30634.50,0.25
2026-06-02 10:53:42,30632.25,30634.50,30632.25,30634.00,225,30633.75,30634.00,0.25
2026-06-02 10:53:43,30634.50,30634.75,30633.75,30634.25,130,30633.75,30634.25,0.50
2026-06-02 10:53:44,30633.75,30634.50,30633.25,30634.00,82,30632.25,30632.50,0.25
2026-06-02 10:53:45,30633.75,30634.75,30631.75,30632.50,208,30631.75,30632.00,0.25
2026-06-02 10:53:46,30632.25,30633.25,30631.50,30631.75,126,30628.75,30629.25,0.50
2026-06-02 10:53:47,30632.00,30632.00,30628.75,30629.00,117,30628.75,30629.25,0.50
2026-06-02 10:53:48,30629.25,30630.75,30628.50,30630.75,72,30629.75,30630.25,0.50
2026-06-02 10:53:49,30630.50,30631.00,30629.75,30630.00,66,30629.75,30630.00,0.25
2026-06-02 10:53:50,30630.00,30630.50,30629.50,30630.00,44,30630.25,30630.50,0.25
2026-06-02 10:53:51,30629.50,30630.25,30628.75,30630.25,61,30630.00,30630.50,0.50
2026-06-02 10:53:52,30630.25,30630.50,30630.00,30630.25,14,30628.25,30628.50,0.25
2026-06-02 10:53:53,30630.00,30630.50,30628.00,30628.25,68,30628.25,30628.50,0.25
2026-06-02 10:53:54,30628.25,30628.25,30626.50,30627.25,75,30626.75,30627.00,0.25
2026-06-02 10:53:55,30626.75,30627.00,30625.75,30626.25,149,30625.75,30626.00,0.25
2026-06-02 10:53:56,30626.25,30626.25,30622.75,30622.75,226,30622.75,30623.00,0.25
2026-06-02 10:53:57,30622.75,30623.50,30619.50,30623.00,292,30618.75,30619.00,0.25
2026-06-02 10:53:58,30622.75,30623.00,30618.75,30618.75,125,30622.75,30623.25,0.50
2026-06-02 10:53:59,30618.75,30623.00,30618.75,30622.75,165,30622.75,30623.25,0.50
2026-06-02 10:54:00,30623.00,30624.50,30622.50,30623.00,123,30624.00,30624.25,0.25
2026-06-02 10:54:01,30622.75,30624.50,30622.25,30624.00,59,30625.00,30625.50,0.50
2026-06-02 10:54:02,30624.25,30625.75,30624.25,30625.50,97,30626.50,30627.00,0.50
2026-06-02 10:54:03,30625.00,30627.50,30625.00,30626.75,76,30627.25,30627.75,0.50
2026-06-02 10:54:04,30626.50,30627.50,30625.75,30627.50,26,30626.50,30626.75,0.25
2026-06-02 10:54:05,30627.75,30628.00,30626.00,30626.50,55,30626.00,30626.50,0.50
2026-06-02 10:54:06,30627.00,30627.75,30626.00,30626.00,42,30626.00,30626.50,0.50
2026-06-02 10:54:07,30626.50,30627.75,30626.00,30627.75,30,30622.50,30623.00,0.50
2026-06-02 10:54:08,30627.50,30628.50,30622.50,30623.25,116,30622.25,30622.75,0.50
2026-06-02 10:54:09,30623.00,30623.75,30621.75,30622.25,98,30621.25,30621.50,0.25
2026-06-02 10:54:10,30622.25,30622.75,30621.00,30621.25,52,30622.00,30622.50,0.50
2026-06-02 10:54:11,30621.00,30623.50,30620.50,30621.75,91,30622.00,30622.50,0.50
2026-06-02 10:54:12,30621.75,30622.25,30619.75,30620.25,75,30617.25,30617.50,0.25
2026-06-02 10:54:13,30619.50,30619.50,30616.75,30617.25,205,30617.75,30618.00,0.25
2026-06-02 10:54:14,30617.25,30618.50,30617.25,30617.75,120,30617.50,30617.75,0.25
2026-06-02 10:54:15,30617.75,30618.75,30617.50,30617.75,63,30617.75,30618.25,0.50
2026-06-02 10:54:16,30617.75,30618.25,30617.00,30617.75,57,30620.25,30620.75,0.50
2026-06-02 10:54:17,30617.75,30620.75,30617.50,30620.50,54,30620.25,30620.75,0.50
2026-06-02 10:54:18,30620.25,30622.50,30620.00,30621.25,72,30621.25,30621.75,0.50
2026-06-02 10:54:19,30621.25,30621.50,30617.25,30621.25,83,30620.75,30621.00,0.25
2026-06-02 10:54:20,30621.25,30622.50,30620.75,30620.75,89,30621.00,30621.25,0.25
2026-06-02 10:54:21,30620.75,30621.50,30619.50,30621.25,35,30621.00,30621.25,0.25
2026-06-02 10:54:22,30622.00,30622.00,30620.50,30621.25,21,30621.50,30621.75,0.25
2026-06-02 10:54:23,30621.00,30622.00,30620.75,30621.75,47,30622.75,30623.00,0.25
2026-06-02 10:54:24,30621.50,30623.00,30620.50,30623.00,46,30627.25,30627.50,0.25
2026-06-02 10:54:25,30623.00,30627.25,30623.00,30627.25,96,30626.75,30627.25,0.50
2026-06-02 10:54:26,30627.50,30627.50,30626.75,30627.25,51,30627.50,30628.00,0.50
2026-06-02 10:54:27,30627.25,30628.75,30627.00,30628.00,114,30626.00,30626.25,0.25
2026-06-02 10:54:28,30628.25,30628.25,30625.50,30626.25,38,30627.00,30627.50,0.50
2026-06-02 10:54:29,30626.50,30627.75,30626.50,30627.75,33,30626.75,30627.25,0.50
2026-06-02 10:54:30,30627.25,30627.75,30626.75,30627.25,38,30626.00,30626.50,0.50
2026-06-02 10:54:31,30626.75,30627.00,30625.75,30626.25,40,30625.75,30626.25,0.50
2026-06-02 10:54:32,30626.50,30626.75,30625.75,30626.25,21,30625.50,30626.00,0.50
2026-06-02 10:54:33,30626.25,30626.25,30625.50,30625.50,20,30624.25,30624.75,0.50
2026-06-02 10:54:34,30625.75,30626.25,30624.25,30625.25,44,30622.00,30622.25,0.25
2026-06-02 10:54:35,30624.75,30624.75,30621.75,30622.25,56,30623.00,30623.50,0.50
2026-06-02 10:54:36,30622.25,30623.00,30622.00,30622.50,35,30623.00,30623.50,0.50
2026-06-02 10:54:37,30623.00,30623.50,30623.00,30623.00,20,30621.75,30622.25,0.50
2026-06-02 10:54:38,30622.75,30623.00,30621.75,30622.00,21,30622.50,30622.75,0.25
2026-06-02 10:54:39,30622.00,30622.75,30621.00,30622.50,25,30622.00,30622.50,0.50
2026-06-02 10:54:40,30622.75,30623.50,30622.00,30622.00,32,30622.50,30622.75,0.25
2026-06-02 10:54:41,30622.25,30622.75,30622.00,30622.50,32,30622.00,30622.50,0.50
2026-06-02 10:54:42,30622.50,30622.75,30621.00,30621.50,27,30622.50,30623.00,0.50
2026-06-02 10:54:43,30622.00,30623.00,30621.50,30622.75,23,30623.00,30623.50,0.50
2026-06-02 10:54:44,30623.00,30623.75,30622.25,30623.25,22,30623.25,30623.75,0.50
2026-06-02 10:54:45,30623.00,30623.50,30622.50,30622.75,14,30624.75,30625.00,0.25
2026-06-02 10:54:46,30623.50,30625.25,30623.25,30625.00,17,30626.00,30626.50,0.50
2026-06-02 10:54:47,30625.00,30626.75,30625.00,30626.50,56,30625.00,30625.50,0.50
2026-06-02 10:54:48,30625.75,30626.00,30625.25,30625.25,10,30625.75,30626.25,0.50
2026-06-02 10:54:49,30625.00,30626.00,30624.75,30626.00,13,30627.50,30627.75,0.25
2026-06-02 10:54:50,30626.25,30627.50,30625.75,30627.50,37,30627.50,30628.00,0.50
2026-06-02 10:54:51,30628.00,30629.00,30627.75,30628.00,69,30627.50,30628.00,0.50
2026-06-02 10:54:52,30628.00,30628.25,30627.50,30627.75,58,30627.75,30628.00,0.25
2026-06-02 10:54:53,30627.75,30628.25,30626.75,30627.75,36,30628.75,30629.00,0.25
2026-06-02 10:54:54,30627.75,30629.00,30627.50,30629.00,69,30628.50,30629.00,0.50
2026-06-02 10:54:55,30629.00,30629.50,30628.50,30628.50,62,30626.75,30627.00,0.25
2026-06-02 10:54:56,30628.00,30628.00,30626.50,30626.75,39,30628.00,30628.50,0.50
2026-06-02 10:54:57,30627.25,30628.75,30627.25,30628.50,67,30627.50,30628.00,0.50
2026-06-02 10:54:58,30628.00,30628.25,30627.50,30628.00,16,30628.50,30629.00,0.50
2026-06-02 10:54:59,30627.50,30628.25,30627.50,30628.00,15,30628.50,30628.75,0.25
2026-06-02 10:55:00,30628.75,30629.25,30628.00,30628.75,31,30628.75,30629.25,0.50
2026-06-02 10:55:01,30628.50,30629.50,30628.50,30628.75,51,30625.50,30626.00,0.50
2026-06-02 10:55:02,30629.25,30629.25,30624.75,30625.75,183,30625.75,30626.25,0.50
2026-06-02 10:55:03,30625.50,30626.25,30625.25,30625.75,68,30624.75,30625.25,0.50
2026-06-02 10:55:04,30625.25,30625.50,30624.25,30625.00,34,30625.25,30625.50,0.25
2026-06-02 10:55:05,30625.25,30626.00,30624.75,30625.50,72,30625.50,30626.00,0.50
2026-06-02 10:55:06,30625.25,30626.50,30625.00,30625.75,27,30626.25,30626.75,0.50
2026-06-02 10:55:07,30626.00,30626.25,30625.25,30626.25,20,30626.00,30626.50,0.50
2026-06-02 10:55:08,30626.25,30626.50,30625.75,30626.00,25,30624.25,30624.75,0.50
2026-06-02 10:55:09,30626.00,30626.25,30624.25,30624.75,33,30625.25,30625.75,0.50
2026-06-02 10:55:10,30624.75,30625.75,30624.50,30625.75,24,30626.25,30626.75,0.50
2026-06-02 10:55:11,30625.75,30626.75,30625.50,30626.75,22,30626.25,30626.50,0.25
2026-06-02 10:55:12,30626.50,30626.75,30624.50,30626.00,20,30628.00,30628.25,0.25
2026-06-02 10:55:13,30626.25,30628.50,30625.75,30628.25,40,30627.75,30628.25,0.50
2026-06-02 10:55:14,30628.00,30628.75,30627.50,30628.25,32,30626.50,30627.00,0.50
2026-06-02 10:55:15,30628.25,30628.25,30626.25,30627.00,29,30625.25,30625.75,0.50
2026-06-02 10:55:16,30627.00,30627.00,30625.00,30625.25,47,30626.25,30626.50,0.25
2026-06-02 10:55:17,30625.50,30626.75,30625.00,30626.00,17,30625.75,30626.25,0.50
2026-06-02 10:55:18,30626.50,30626.50,30625.75,30625.75,26,30626.50,30626.75,0.25
2026-06-02 10:55:19,30626.50,30627.00,30626.00,30626.75,19,30626.50,30626.75,0.25
2026-06-02 10:55:20,30626.75,30627.25,30625.50,30626.50,30,30626.75,30627.00,0.25
2026-06-02 10:55:21,30626.25,30627.25,30626.25,30626.75,18,30625.75,30626.00,0.25
2026-06-02 10:55:22,30626.50,30626.75,30625.50,30625.50,43,30625.25,30625.75,0.50
2026-06-02 10:55:23,30626.00,30626.00,30625.00,30625.25,9,30624.50,30625.00,0.50
2026-06-02 10:55:24,30626.00,30626.50,30624.75,30624.75,46,30624.50,30625.00,0.50
2026-06-02 10:55:25,30624.75,30625.00,30624.25,30625.00,16,30625.75,30626.25,0.50
2026-06-02 10:55:26,30624.50,30626.25,30624.00,30626.25,53,30623.75,30624.25,0.50
2026-06-02 10:55:27,30625.50,30625.75,30624.00,30624.00,24,30623.25,30623.50,0.25
2026-06-02 10:55:28,30624.25,30624.75,30623.50,30623.50,31,30624.25,30624.75,0.50
2026-06-02 10:55:29,30623.25,30624.50,30622.75,30624.25,50,30624.50,30625.00,0.50
2026-06-02 10:55:30,30624.00,30625.25,30624.00,30624.75,36,30626.75,30627.25,0.50
2026-06-02 10:55:31,30625.00,30627.25,30625.00,30627.00,49,30628.75,30629.25,0.50
2026-06-02 10:55:32,30627.25,30629.25,30627.25,30629.00,91,30627.00,30627.50,0.50
2026-06-02 10:55:33,30629.00,30629.25,30626.75,30626.75,54,30626.50,30627.00,0.50
2026-06-02 10:55:34,30627.00,30627.50,30626.00,30626.50,41,30627.50,30628.00,0.50
2026-06-02 10:55:35,30626.50,30627.75,30626.50,30627.75,6,30628.50,30629.00,0.50
2026-06-02 10:55:36,30628.00,30629.25,30628.00,30628.50,26,30627.75,30628.00,0.25
2026-06-02 10:55:37,30629.00,30629.25,30627.00,30627.50,25,30627.00,30627.50,0.50
2026-06-02 10:55:38,30627.75,30627.75,30626.25,30626.50,27,30627.25,30627.50,0.25
2026-06-02 10:55:39,30626.75,30627.75,30626.50,30627.75,44,30626.50,30627.00,0.50
2026-06-02 10:55:40,30626.50,30627.00,30626.50,30627.00,17,30627.50,30628.00,0.50
2026-06-02 10:55:41,30627.25,30628.00,30627.00,30627.50,12,30628.00,30628.50,0.50
2026-06-02 10:55:42,30627.50,30628.50,30626.50,30628.25,40,30629.00,30629.25,0.25
2026-06-02 10:55:43,30628.75,30629.75,30628.75,30629.25,51,30629.00,30629.25,0.25
2026-06-02 10:55:44,30629.00,30629.50,30628.75,30628.75,22,30628.50,30629.00,0.50
2026-06-02 10:55:45,30629.00,30629.25,30628.75,30628.75,15,30629.25,30629.50,0.25
2026-06-02 10:55:46,30629.25,30629.75,30629.00,30629.50,18,30629.00,30629.25,0.25
2026-06-02 10:55:47,30629.50,30630.25,30628.75,30629.25,108,30629.25,30629.50,0.25
2026-06-02 10:55:48,30629.50,30629.75,30628.50,30629.25,45,30628.25,30628.75,0.50
2026-06-02 10:55:49,30629.50,30629.50,30628.50,30628.50,25,30628.25,30628.50,0.25
2026-06-02 10:55:50,30628.25,30629.25,30627.75,30627.75,34,30624.50,30625.00,0.50
2026-06-02 10:55:51,30628.25,30628.25,30624.50,30624.50,59,30625.75,30626.25,0.50
2026-06-02 10:55:52,30625.00,30626.25,30625.00,30625.75,30,30626.25,30626.75,0.50
2026-06-02 10:55:53,30626.25,30626.75,30626.00,30626.50,20,30627.00,30627.50,0.50
2026-06-02 10:55:54,30626.25,30627.25,30625.50,30627.00,23,30627.25,30627.50,0.25
2026-06-02 10:55:55,30627.25,30627.50,30627.25,30627.50,7,30627.50,30628.00,0.50
2026-06-02 10:55:56,30627.50,30628.00,30627.50,30627.50,18,30627.00,30627.50,0.50
2026-06-02 10:55:57,30627.00,30627.50,30626.50,30627.50,35,30627.25,30627.75,0.50
2026-06-02 10:55:58,30627.25,30628.75,30627.00,30627.75,43,30626.50,30627.00,0.50
2026-06-02 10:55:59,30627.50,30628.00,30626.50,30626.50,13,30626.50,30626.75,0.25
2026-06-02 10:56:00,30626.50,30627.00,30626.25,30626.25,13,30627.25,30627.75,0.50
2026-06-02 10:56:01,30626.75,30627.50,30626.75,30627.00,51,30627.75,30628.25,0.50
2026-06-02 10:56:02,30627.75,30628.75,30627.25,30628.50,40,30630.50,30630.75,0.25
2026-06-02 10:56:03,30628.50,30630.75,30627.75,30630.25,65,30631.00,30631.25,0.25
2026-06-02 10:56:04,30630.75,30631.50,30630.75,30631.50,86,30630.25,30630.75,0.50
2026-06-02 10:56:05,30631.25,30631.75,30630.50,30631.25,62,30630.50,30631.00,0.50
2026-06-02 10:56:06,30630.50,30631.50,30630.50,30631.25,54,30628.25,30628.75,0.50
2026-06-02 10:56:07,30630.50,30630.75,30628.25,30628.25,53,30627.25,30627.75,0.50
2026-06-02 10:56:08,30628.25,30628.50,30627.25,30627.25,82,30625.75,30626.25,0.50
2026-06-02 10:56:09,30627.50,30628.00,30625.75,30626.00,61,30624.75,30625.25,0.50
2026-06-02 10:56:10,30626.00,30626.00,30624.25,30625.00,82,30625.25,30625.75,0.50
2026-06-02 10:56:11,30625.50,30626.50,30625.00,30625.50,63,30626.50,30627.00,0.50
2026-06-02 10:56:12,30625.75,30627.50,30625.50,30626.75,33,30626.50,30627.00,0.50
2026-06-02 10:56:13,30626.50,30627.25,30626.00,30626.75,34,30628.00,30628.50,0.50
2026-06-02 10:56:14,30626.75,30628.50,30626.75,30628.50,28,30627.50,30628.00,0.50
2026-06-02 10:56:15,30628.00,30629.00,30627.50,30627.50,41,30626.50,30626.75,0.25
2026-06-02 10:56:16,30627.50,30628.25,30625.50,30626.50,49,30626.25,30626.75,0.50
2026-06-02 10:56:17,30626.25,30627.25,30625.50,30627.00,25,30626.00,30626.25,0.25
2026-06-02 10:56:18,30626.25,30626.75,30626.00,30626.25,27,30626.00,30626.25,0.25
2026-06-02 10:56:19,30626.00,30627.00,30625.50,30626.25,70,30625.50,30626.00,0.50
2026-06-02 10:56:20,30625.50,30626.00,30625.25,30626.00,23,30625.50,30626.00,0.50
2026-06-02 10:56:21,30625.50,30627.00,30625.50,30625.75,48,30626.25,30626.50,0.25
2026-06-02 10:56:22,30626.00,30626.50,30625.50,30626.25,33,30627.00,30627.25,0.25
2026-06-02 10:56:23,30626.75,30626.75,30626.50,30626.75,13,30625.50,30625.75,0.25
2026-06-02 10:56:24,30626.75,30627.25,30625.00,30625.25,29,30625.75,30626.25,0.50
2026-06-02 10:56:25,30625.50,30626.00,30625.25,30626.00,24,30626.50,30627.00,0.50
2026-06-02 10:56:26,30625.75,30627.25,30625.75,30626.75,25,30628.00,30628.50,0.50
2026-06-02 10:56:27,30627.00,30628.25,30627.00,30628.00,19,30628.25,30628.75,0.50
2026-06-02 10:56:28,30628.00,30629.25,30626.75,30628.75,39,30626.50,30626.75,0.25
2026-06-02 10:56:29,30628.50,30628.50,30627.00,30627.00,30,30626.50,30626.75,0.25
2026-06-02 10:56:30,30627.00,30627.00,30625.00,30626.00,57,30626.25,30626.50,0.25
2026-06-02 10:56:31,30626.00,30627.00,30625.50,30626.75,21,30625.50,30626.00,0.50
2026-06-02 10:56:32,30626.25,30627.00,30625.50,30625.75,32,30625.25,30625.75,0.50
2026-06-02 10:56:33,30626.25,30626.25,30625.25,30625.25,15,30627.75,30628.00,0.25
2026-06-02 10:56:34,30625.50,30627.50,30625.25,30627.50,20,30629.00,30629.50,0.50
2026-06-02 10:56:35,30627.75,30629.25,30627.75,30628.75,55,30627.75,30628.25,0.50
2026-06-02 10:56:36,30628.75,30629.50,30628.75,30629.00,24,30625.25,30625.50,0.25
2026-06-02 10:56:37,30627.75,30628.50,30624.75,30625.00,107,30624.25,30624.50,0.25
2026-06-02 10:56:38,30625.50,30625.50,30624.25,30624.25,42,30623.75,30624.25,0.50
2026-06-02 10:56:39,30624.00,30625.00,30622.75,30623.75,141,30623.00,30623.50,0.50
2026-06-02 10:56:40,30624.25,30625.00,30623.00,30623.00,49,30624.00,30624.25,0.25
2026-06-02 10:56:41,30623.50,30623.50,30622.50,30623.50,34,30622.50,30623.00,0.50
2026-06-02 10:56:42,30624.00,30624.00,30622.50,30622.75,32,30622.75,30623.25,0.50
2026-06-02 10:56:43,30622.50,30623.25,30621.00,30623.00,104,30623.25,30623.50,0.25
2026-06-02 10:56:44,30623.00,30624.00,30622.75,30623.25,76,30622.75,30623.25,0.50
2026-06-02 10:56:45,30623.25,30623.50,30621.50,30622.75,54,30623.00,30623.50,0.50
2026-06-02 10:56:46,30623.25,30623.75,30622.50,30623.50,26,30623.00,30623.50,0.50
2026-06-02 10:56:47,30623.50,30623.75,30622.75,30623.50,19,30623.00,30623.50,0.50
2026-06-02 10:56:48,30623.25,30623.50,30623.00,30623.00,26,30626.25,30626.75,0.50
2026-06-02 10:56:49,30623.25,30626.00,30623.25,30626.00,58,30626.75,30627.00,0.25
2026-06-02 10:56:50,30627.00,30627.50,30626.25,30627.00,29,30626.50,30627.00,0.50
2026-06-02 10:56:51,30627.00,30628.00,30626.75,30627.00,49,30625.25,30625.75,0.50
2026-06-02 10:56:52,30627.00,30627.00,30625.25,30625.25,28,30624.50,30625.00,0.50
2026-06-02 10:56:53,30625.25,30625.25,30624.50,30624.75,13,30627.00,30627.50,0.50
2026-06-02 10:56:54,30624.50,30627.25,30624.50,30627.00,52,30627.25,30627.50,0.25
2026-06-02 10:56:55,30627.25,30628.00,30627.25,30627.50,21,30627.50,30627.75,0.25
2026-06-02 10:56:56,30627.25,30628.50,30627.25,30627.75,21,30628.75,30629.00,0.25
2026-06-02 10:56:57,30628.50,30628.50,30628.00,30628.25,24,30627.50,30628.00,0.50
2026-06-02 10:56:58,30628.75,30628.75,30627.50,30628.00,32,30627.00,30627.50,0.50
2026-06-02 10:56:59,30627.50,30628.25,30626.75,30627.00,25,30626.50,30627.00,0.50
2026-06-02 10:57:00,30626.75,30627.50,30626.50,30626.75,37,30627.00,30627.25,0.25
2026-06-02 10:57:01,30626.50,30626.75,30626.00,30626.75,19,30625.00,30625.50,0.50
2026-06-02 10:57:02,30627.00,30627.00,30624.25,30625.25,21,30626.00,30626.50,0.50
2026-06-02 10:57:03,30625.25,30626.75,30625.25,30626.50,19,30628.25,30628.75,0.50
2026-06-02 10:57:04,30626.50,30628.50,30626.50,30628.50,30,30627.25,30627.75,0.50
2026-06-02 10:57:05,30628.75,30629.00,30627.50,30627.50,27,30627.00,30627.50,0.50
2026-06-02 10:57:06,30627.50,30627.75,30627.00,30627.50,19,30627.25,30627.50,0.25
2026-06-02 10:57:07,30627.00,30628.00,30627.00,30627.25,35,30627.50,30627.75,0.25
2026-06-02 10:57:08,30627.00,30628.00,30627.00,30627.75,39,30627.00,30627.50,0.50
2026-06-02 10:57:09,30627.25,30627.75,30626.50,30627.00,22,30627.50,30627.75,0.25
2026-06-02 10:57:10,30627.25,30627.50,30625.00,30627.50,76,30626.50,30627.00,0.50
2026-06-02 10:57:11,30627.50,30627.75,30626.25,30626.50,23,30627.75,30628.25,0.50
2026-06-02 10:57:12,30627.50,30627.75,30627.00,30627.75,14,30627.25,30627.75,0.50
2026-06-02 10:57:13,30628.00,30629.00,30627.00,30627.25,14,30628.25,30628.75,0.50
2026-06-02 10:57:14,30627.50,30629.00,30627.50,30628.50,22,30629.25,30629.50,0.25
2026-06-02 10:57:15,30629.00,30630.25,30628.50,30629.00,152,30631.75,30632.00,0.25
2026-06-02 10:57:16,30629.50,30631.75,30629.50,30631.75,114,30632.50,30633.00,0.50
2026-06-02 10:57:17,30631.75,30633.00,30631.50,30633.00,135,30632.00,30632.50,0.50
2026-06-02 10:57:18,30632.75,30633.00,30632.25,30632.25,38,30631.75,30632.25,0.50
2026-06-02 10:57:19,30632.25,30633.25,30631.50,30632.00,74,30632.25,30632.50,0.25
2026-06-02 10:57:20,30631.50,30633.75,30631.50,30632.25,99,30632.00,30632.50,0.50
2026-06-02 10:57:21,30632.50,30633.00,30632.00,30632.00,28,30632.75,30633.25,0.50
2026-06-02 10:57:22,30632.50,30633.75,30632.50,30633.50,46,30634.00,30634.25,0.25
2026-06-02 10:57:23,30633.00,30634.50,30633.00,30634.50,48,30630.50,30630.75,0.25
2026-06-02 10:57:24,30634.00,30634.00,30630.50,30631.00,92,30630.50,30630.75,0.25
2026-06-02 10:57:25,30630.75,30631.75,30630.25,30631.75,38,30631.75,30632.00,0.25
2026-06-02 10:57:26,30631.75,30632.00,30631.25,30631.75,18,30629.00,30629.50,0.50
2026-06-02 10:57:27,30631.75,30631.75,30629.00,30629.00,60,30630.75,30631.00,0.25
2026-06-02 10:57:28,30629.50,30631.50,30629.50,30630.75,55,30630.75,30631.00,0.25
2026-06-02 10:57:29,30630.50,30631.75,30629.75,30630.75,47,30628.75,30629.25,0.50
2026-06-02 10:57:30,30630.25,30630.75,30628.50,30628.75,54,30629.50,30629.75,0.25
2026-06-02 10:57:31,30629.25,30630.50,30629.25,30629.50,42,30630.00,30630.25,0.25
2026-06-02 10:57:32,30629.75,30630.50,30628.50,30630.00,51,30631.50,30632.00,0.50
2026-06-02 10:57:33,30630.00,30632.25,30629.50,30631.75,57,30631.50,30632.00,0.50
2026-06-02 10:57:34,30631.75,30632.50,30631.75,30631.75,13,30631.25,30631.50,0.25
2026-06-02 10:57:35,30631.50,30631.75,30630.50,30631.50,38,30631.00,30631.25,0.25
2026-06-02 10:57:36,30631.50,30631.75,30631.00,30631.75,25,30630.50,30630.75,0.25
2026-06-02 10:57:37,30631.00,30631.50,30630.50,30630.75,46,30630.00,30630.50,0.50
2026-06-02 10:57:38,30630.50,30631.25,30629.75,30630.00,41,30629.25,30629.50,0.25
2026-06-02 10:57:39,30630.00,30630.25,30628.25,30629.50,65,30630.75,30631.25,0.50
2026-06-02 10:57:40,30629.50,30631.00,30628.50,30630.25,36,30631.25,30631.75,0.50
2026-06-02 10:57:41,30630.75,30631.75,30630.50,30631.25,18,30634.00,30634.50,0.50
2026-06-02 10:57:42,30631.75,30635.00,30631.75,30634.50,186,30634.25,30634.75,0.50
2026-06-02 10:57:43,30634.75,30635.00,30634.00,30634.75,55,30634.75,30635.00,0.25
2026-06-02 10:57:44,30634.50,30635.50,30634.00,30635.00,85,30635.50,30635.75,0.25
2026-06-02 10:57:45,30634.50,30636.00,30633.75,30635.50,127,30634.75,30635.25,0.50
2026-06-02 10:57:46,30635.75,30636.00,30634.75,30635.00,58,30634.75,30635.25,0.50
2026-06-02 10:57:47,30635.50,30636.50,30634.75,30635.00,120,30634.25,30634.75,0.50
2026-06-02 10:57:48,30634.75,30635.50,30633.50,30634.50,101,30635.00,30635.25,0.25
2026-06-02 10:57:49,30634.50,30635.25,30634.50,30635.25,18,30634.25,30634.75,0.50
2026-06-02 10:57:50,30635.00,30636.00,30634.50,30635.00,44,30634.25,30634.75,0.50
2026-06-02 10:57:51,30634.75,30635.00,30634.00,30634.25,53,30633.25,30633.50,0.25
2026-06-02 10:57:52,30634.25,30635.00,30632.50,30633.25,157,30633.50,30634.00,0.50
2026-06-02 10:57:53,30633.25,30633.75,30633.25,30633.75,26,30632.75,30633.25,0.50
2026-06-02 10:57:54,30633.25,30633.25,30632.75,30633.00,19,30632.75,30633.00,0.25
2026-06-02 10:57:55,30633.25,30633.75,30632.50,30632.50,35,30632.75,30633.00,0.25
2026-06-02 10:57:56,30632.50,30633.75,30632.50,30633.00,27,30634.25,30634.50,0.25
2026-06-02 10:57:57,30633.00,30634.75,30633.00,30634.75,45,30633.50,30633.75,0.25
2026-06-02 10:57:58,30634.25,30634.75,30633.50,30633.50,14,30633.25,30633.75,0.50
2026-06-02 10:57:59,30633.50,30634.00,30633.00,30633.50,45,30634.50,30634.75,0.25
2026-06-02 10:58:00,30633.75,30634.75,30633.75,30634.75,33,30633.75,30634.25,0.50
2026-06-02 10:58:01,30634.50,30635.50,30633.75,30633.75,63,30634.75,30635.25,0.50
2026-06-02 10:58:02,30634.25,30635.25,30634.00,30635.00,29,30635.00,30635.50,0.50
2026-06-02 10:58:03,30634.75,30635.50,30634.75,30635.25,34,30635.25,30635.75,0.50
2026-06-02 10:58:04,30635.00,30636.50,30635.00,30635.75,89,30635.25,30635.75,0.50
2026-06-02 10:58:05,30635.75,30636.00,30634.75,30635.75,37,30633.75,30634.25,0.50
2026-06-02 10:58:06,30635.25,30635.25,30633.75,30634.25,73,30634.00,30634.25,0.25
2026-06-02 10:58:07,30633.75,30635.25,30633.50,30634.50,47,30634.00,30634.25,0.25
2026-06-02 10:58:08,30634.00,30634.50,30633.00,30633.75,50,30632.75,30633.00,0.25
2026-06-02 10:58:09,30634.50,30634.50,30632.50,30632.75,30,30632.25,30632.75,0.50
2026-06-02 10:58:10,30633.00,30633.25,30632.00,30632.25,36,30632.75,30633.00,0.25
2026-06-02 10:58:11,30632.25,30633.00,30632.00,30632.25,38,30635.75,30636.25,0.50
2026-06-02 10:58:12,30633.25,30636.25,30633.25,30636.00,63,30636.25,30636.75,0.50
2026-06-02 10:58:13,30636.25,30637.00,30636.25,30636.75,49,30636.25,30636.75,0.50
2026-06-02 10:58:14,30636.50,30636.50,30635.25,30636.25,82,30635.75,30636.25,0.50
2026-06-02 10:58:15,30635.75,30637.00,30635.00,30637.00,118,30636.25,30636.50,0.25
2026-06-02 10:58:16,30636.00,30637.25,30636.00,30636.50,19,30636.25,30636.50,0.25
2026-06-02 10:58:17,30636.50,30636.75,30634.75,30636.75,39,30636.75,30637.25,0.50
2026-06-02 10:58:18,30636.50,30637.00,30635.50,30636.75,56,30636.25,30636.75,0.50
2026-06-02 10:58:19,30636.75,30636.75,30635.75,30636.50,66,30635.25,30635.75,0.50
2026-06-02 10:58:20,30636.25,30636.50,30635.25,30636.00,36,30635.50,30635.75,0.25
2026-06-02 10:58:21,30635.50,30635.75,30635.25,30635.50,15,30636.25,30636.75,0.50
2026-06-02 10:58:22,30635.50,30636.75,30635.50,30636.75,22,30636.25,30636.75,0.50
2026-06-02 10:58:23,30636.75,30636.75,30636.25,30636.75,26,30636.00,30636.25,0.25
2026-06-02 10:58:24,30636.50,30636.50,30635.25,30636.00,21,30637.50,30637.75,0.25
2026-06-02 10:58:25,30636.25,30637.75,30636.25,30637.75,58,30636.25,30636.50,0.25
2026-06-02 10:58:26,30637.50,30637.75,30635.50,30635.75,66,30635.00,30635.50,0.50
2026-06-02 10:58:27,30636.50,30636.50,30635.00,30635.50,51,30634.25,30634.50,0.25
2026-06-02 10:58:28,30635.00,30635.50,30633.75,30634.50,66,30632.50,30633.00,0.50
2026-06-02 10:58:29,30634.50,30634.50,30631.75,30633.50,162,30629.50,30629.75,0.25
2026-06-02 10:58:30,30632.75,30632.75,30629.25,30629.75,187,30627.75,30628.25,0.50
2026-06-02 10:58:31,30629.75,30630.75,30627.75,30628.25,165,30629.75,30630.00,0.25
2026-06-02 10:58:32,30627.75,30630.00,30627.25,30629.75,114,30628.75,30629.25,0.50
2026-06-02 10:58:33,30629.75,30630.00,30627.75,30628.75,48,30628.75,30629.25,0.50
2026-06-02 10:58:34,30629.00,30629.75,30628.25,30629.75,32,30628.00,30628.50,0.50
2026-06-02 10:58:35,30629.25,30629.25,30627.50,30628.50,59,30628.25,30628.75,0.50
2026-06-02 10:58:36,30628.50,30628.50,30627.25,30628.50,41,30626.75,30627.00,0.25
2026-06-02 10:58:37,30628.75,30628.75,30626.75,30627.00,54,30627.00,30627.50,0.50
2026-06-02 10:58:38,30627.00,30627.25,30626.00,30626.75,61,30627.75,30628.25,0.50
2026-06-02 10:58:39,30627.50,30628.00,30627.00,30627.75,31,30629.00,30629.25,0.25
2026-06-02 10:58:40,30628.00,30629.00,30627.75,30629.00,37,30628.75,30629.00,0.25
2026-06-02 10:58:41,30629.00,30630.00,30628.50,30628.75,39,30629.00,30629.50,0.50
2026-06-02 10:58:42,30628.75,30629.75,30628.25,30629.25,48,30629.75,30630.25,0.50
2026-06-02 10:58:43,30629.25,30630.00,30629.25,30629.75,31,30629.50,30629.75,0.25
2026-06-02 10:58:44,30629.75,30630.00,30628.75,30629.50,34,30630.75,30631.25,0.50
2026-06-02 10:58:45,30630.25,30632.25,30630.25,30631.25,47,30631.50,30632.00,0.50
2026-06-02 10:58:46,30632.00,30632.50,30631.75,30631.75,23,30631.75,30632.25,0.50
2026-06-02 10:58:47,30632.00,30632.00,30631.50,30632.00,10,30631.75,30632.25,0.50
2026-06-02 10:58:48,30632.25,30632.75,30631.75,30632.50,22,30630.75,30631.00,0.25
2026-06-02 10:58:49,30632.25,30632.25,30630.75,30630.75,19,30631.25,30631.75,0.50
2026-06-02 10:58:50,30631.25,30632.25,30631.25,30631.50,19,30631.75,30632.00,0.25
2026-06-02 10:58:51,30631.75,30632.25,30631.75,30632.00,8,30631.75,30632.00,0.25
2026-06-02 10:58:52,30632.00,30632.75,30631.25,30632.00,27,30632.50,30633.00,0.50
2026-06-02 10:58:53,30631.75,30633.00,30631.75,30632.75,61,30632.00,30632.25,0.25
2026-06-02 10:58:54,30633.00,30633.50,30631.75,30632.50,38,30632.75,30633.00,0.25
2026-06-02 10:58:55,30632.75,30633.00,30632.25,30633.00,19,30633.50,30633.75,0.25
2026-06-02 10:58:56,30633.00,30633.50,30633.00,30633.50,10,30634.00,30634.25,0.25
2026-06-02 10:58:57,30633.75,30634.25,30633.25,30634.25,30,30633.75,30634.00,0.25
2026-06-02 10:58:58,30634.00,30634.50,30633.25,30633.75,40,30633.25,30633.50,0.25
2026-06-02 10:58:59,30634.00,30634.50,30633.25,30633.25,26,30632.50,30632.75,0.25
2026-06-02 10:59:00,30633.50,30634.00,30632.25,30632.75,53,30632.00,30632.50,0.50
2026-06-02 10:59:01,30633.25,30633.25,30631.50,30632.00,22,30631.25,30631.50,0.25
2026-06-02 10:59:02,30632.00,30632.00,30631.00,30631.50,19,30632.00,30632.50,0.50
2026-06-02 10:59:03,30631.50,30632.00,30631.25,30632.00,23,30636.25,30636.75,0.50
2026-06-02 10:59:04,30632.50,30636.75,30632.50,30636.75,70,30639.25,30639.50,0.25
2026-06-02 10:59:05,30636.50,30640.00,30636.00,30639.50,305,30639.25,30639.50,0.25
2026-06-02 10:59:06,30639.50,30639.50,30638.25,30638.75,111,30638.25,30638.75,0.50
2026-06-02 10:59:07,30638.25,30639.00,30637.75,30638.25,64,30637.50,30637.75,0.25
2026-06-02 10:59:08,30638.75,30639.00,30638.00,30638.25,35,30633.75,30634.25,0.50
2026-06-02 10:59:09,30637.50,30637.50,30633.75,30634.00,76,30633.50,30634.00,0.50
2026-06-02 10:59:10,30633.75,30634.25,30633.00,30633.75,45,30634.25,30634.75,0.50
2026-06-02 10:59:11,30634.00,30634.75,30633.25,30634.75,35,30633.75,30634.00,0.25
2026-06-02 10:59:12,30634.00,30634.75,30633.50,30634.25,23,30635.50,30636.00,0.50
2026-06-02 10:59:13,30634.00,30635.75,30633.75,30635.75,58,30635.50,30636.00,0.50
2026-06-02 10:59:14,30635.50,30635.75,30634.75,30635.75,20,30637.50,30637.75,0.25
2026-06-02 10:59:15,30636.00,30638.00,30635.75,30638.00,49,30637.75,30638.00,0.25
2026-06-02 10:59:16,30638.00,30638.25,30637.25,30638.25,31,30637.25,30637.50,0.25
2026-06-02 10:59:17,30638.25,30638.50,30637.50,30638.25,26,30635.75,30636.25,0.50
2026-06-02 10:59:18,30637.25,30637.25,30635.50,30635.75,42,30637.00,30637.25,0.25
2026-06-02 10:59:19,30636.25,30637.50,30636.00,30636.75,23,30637.25,30637.50,0.25
2026-06-02 10:59:20,30637.25,30637.50,30636.75,30637.50,20,30637.50,30637.75,0.25
2026-06-02 10:59:21,30638.00,30638.25,30637.00,30637.75,86,30637.25,30637.50,0.25
2026-06-02 10:59:22,30637.50,30638.00,30637.25,30637.50,21,30637.50,30637.75,0.25
2026-06-02 10:59:23,30637.50,30638.00,30637.25,30637.25,22,30637.25,30637.50,0.25
2026-06-02 10:59:24,30637.50,30637.75,30636.75,30637.25,31,30637.00,30637.25,0.25
2026-06-02 10:59:25,30637.25,30638.25,30637.25,30637.75,32,30636.75,30637.25,0.50
2026-06-02 10:59:26,30637.25,30637.25,30636.50,30636.75,21,30636.50,30637.00,0.50
2026-06-02 10:59:27,30637.25,30637.50,30636.50,30636.75,37,30637.00,30637.50,0.50
2026-06-02 10:59:28,30636.50,30637.50,30636.50,30637.00,18,30637.50,30637.75,0.25
2026-06-02 10:59:29,30637.00,30638.00,30637.00,30637.50,26,30637.75,30638.25,0.50
2026-06-02 10:59:30,30637.75,30639.00,30637.50,30638.00,49,30637.75,30638.25,0.50
2026-06-02 10:59:31,30638.00,30639.00,30638.00,30638.25,19,30637.75,30638.25,0.50
2026-06-02 10:59:32,30638.25,30638.75,30637.75,30638.00,35,30637.75,30638.00,0.25
2026-06-02 10:59:33,30637.75,30638.00,30637.25,30638.00,24,30638.25,30638.75,0.50
2026-06-02 10:59:34,30637.25,30638.50,30636.75,30638.50,67,30639.50,30639.75,0.25
2026-06-02 10:59:35,30638.75,30639.75,30638.50,30639.00,83,30640.25,30640.50,0.25
2026-06-02 10:59:36,30639.75,30642.00,30639.50,30640.00,329,30640.25,30640.50,0.25
2026-06-02 10:59:37,30640.25,30641.00,30640.00,30640.00,102,30639.75,30640.25,0.50
2026-06-02 10:59:38,30640.50,30640.50,30639.50,30640.50,63,30639.75,30640.00,0.25
2026-06-02 10:59:39,30640.00,30640.50,30639.25,30640.00,47,30640.50,30640.75,0.25
2026-06-02 10:59:40,30640.00,30640.75,30640.00,30640.50,36,30640.00,30640.50,0.50
2026-06-02 10:59:41,30640.75,30640.75,30639.25,30640.25,53,30639.75,30640.25,0.50
2026-06-02 10:59:42,30640.00,30640.75,30639.75,30640.00,35,30641.25,30641.50,0.25
2026-06-02 10:59:43,30639.75,30641.50,30639.75,30641.25,37,30641.25,30641.50,0.25
2026-06-02 10:59:44,30641.50,30642.75,30641.00,30641.25,163,30640.25,30640.50,0.25
2026-06-02 10:59:45,30641.50,30641.50,30639.75,30640.50,59,30641.00,30641.50,0.50
2026-06-02 10:59:46,30640.75,30641.75,30640.50,30641.50,59,30641.00,30641.50,0.50
2026-06-02 10:59:47,30642.00,30642.00,30641.00,30641.50,43,30640.50,30641.00,0.50
2026-06-02 10:59:48,30641.25,30641.75,30640.25,30641.00,47,30641.00,30641.50,0.50
2026-06-02 10:59:49,30641.00,30642.25,30641.00,30641.50,35,30642.00,30642.50,0.50
2026-06-02 10:59:50,30641.50,30642.50,30641.50,30642.25,32,30642.50,30643.00,0.50
2026-06-02 10:59:51,30642.25,30643.25,30642.00,30643.00,90,30642.50,30642.75,0.25
2026-06-02 10:59:52,30643.00,30643.00,30642.00,30642.75,134,30641.75,30642.25,0.50
2026-06-02 10:59:53,30642.50,30642.75,30641.75,30642.25,61,30641.50,30641.75,0.25
2026-06-02 10:59:54,30641.75,30642.00,30640.75,30641.75,70,30641.25,30641.50,0.25
2026-06-02 10:59:55,30641.50,30641.75,30640.75,30641.25,72,30641.50,30642.00,0.50
2026-06-02 10:59:56,30641.50,30642.25,30641.25,30641.25,46,30642.00,30642.25,0.25
2026-06-02 10:59:57,30642.00,30642.50,30641.75,30642.00,26,30641.75,30642.00,0.25
2026-06-02 10:59:58,30642.00,30642.50,30641.50,30641.75,67,30642.25,30642.75,0.50
2026-06-02 10:59:59,30641.75,30642.75,30641.50,30642.75,57,30642.25,30642.75,0.50
2026-06-02 11:00:00,30642.50,30643.25,30642.25,30642.50,93,30644.25,30644.50,0.25
2026-06-02 11:00:01,30642.75,30644.75,30642.50,30644.50,354,30642.00,30642.50,0.50
2026-06-02 11:00:02,30644.25,30645.00,30642.00,30642.50,258,30643.75,30644.00,0.25
2026-06-02 11:00:03,30642.50,30644.00,30642.50,30643.75,91,30643.75,30644.00,0.25
2026-06-02 11:00:04,30644.00,30645.00,30643.50,30644.00,127,30644.25,30644.50,0.25
2026-06-02 11:00:05,30644.25,30644.75,30643.50,30644.00,119,30644.75,30645.25,0.50
2026-06-02 11:00:06,30644.25,30645.25,30644.25,30645.25,143,30644.75,30645.25,0.50
2026-06-02 11:00:07,30645.25,30645.25,30643.50,30645.00,74,30645.50,30645.75,0.25
2026-06-02 11:00:08,30644.75,30647.00,30644.75,30646.00,325,30645.50,30645.75,0.25
2026-06-02 11:00:09,30645.75,30646.75,30645.25,30646.25,190,30645.00,30645.25,0.25
2026-06-02 11:00:10,30646.50,30646.75,30644.75,30645.50,105,30644.50,30644.75,0.25
2026-06-02 11:00:11,30645.00,30645.25,30644.00,30644.50,108,30644.50,30644.75,0.25
2026-06-02 11:00:12,30644.75,30645.25,30643.75,30644.75,103,30642.00,30642.25,0.25
2026-06-02 11:00:13,30644.50,30644.75,30640.50,30642.50,289,30641.50,30642.00,0.50
2026-06-02 11:00:14,30642.25,30642.25,30640.50,30641.75,97,30641.50,30642.00,0.50
2026-06-02 11:00:15,30641.75,30641.75,30639.00,30640.25,166,30641.25,30641.50,0.25
2026-06-02 11:00:16,30640.50,30642.75,30639.75,30641.50,175,30640.00,30640.25,0.25
2026-06-02 11:00:17,30641.25,30641.75,30639.00,30640.25,126,30641.00,30641.25,0.25
2026-06-02 11:00:18,30639.75,30641.50,30639.75,30641.25,116,30642.00,30642.50,0.50
2026-06-02 11:00:19,30641.25,30642.50,30640.50,30642.50,69,30642.00,30642.50,0.50
2026-06-02 11:00:20,30641.75,30642.25,30641.25,30642.25,33,30643.75,30644.00,0.25
2026-06-02 11:00:21,30642.50,30644.50,30642.50,30644.00,92,30643.00,30643.25,0.25
2026-06-02 11:00:22,30644.00,30644.00,30642.75,30643.00,77,30643.00,30643.25,0.25
2026-06-02 11:00:23,30643.25,30643.25,30641.75,30643.00,45,30641.75,30642.00,0.25
2026-06-02 11:00:24,30642.75,30642.75,30641.75,30641.75,39,30643.00,30643.25,0.25
2026-06-02 11:00:25,30642.00,30643.75,30642.00,30643.00,54,30643.00,30643.25,0.25
2026-06-02 11:00:26,30643.00,30643.25,30642.75,30643.00,22,30642.50,30642.75,0.25
2026-06-02 11:00:27,30643.25,30643.25,30642.00,30642.50,35,30641.75,30642.00,0.25
2026-06-02 11:00:28,30642.00,30642.50,30641.25,30641.50,34,30641.75,30642.25,0.50
2026-06-02 11:00:29,30641.75,30643.00,30641.75,30641.75,58,30641.75,30642.25,0.50
2026-06-02 11:00:30,30642.00,30643.00,30642.00,30642.50,17,30641.75,30642.25,0.50
2026-06-02 11:00:31,30642.50,30643.00,30641.75,30641.75,54,30643.00,30643.25,0.25
2026-06-02 11:00:32,30642.25,30643.25,30642.00,30643.25,74,30643.00,30643.25,0.25
2026-06-02 11:00:33,30643.25,30644.00,30643.25,30644.00,33,30643.25,30643.75,0.50
2026-06-02 11:00:34,30643.75,30644.00,30643.25,30643.25,55,30643.25,30643.50,0.25
2026-06-02 11:00:35,30643.00,30643.50,30643.00,30643.50,13,30643.75,30644.25,0.50
2026-06-02 11:00:36,30643.50,30644.75,30643.25,30643.75,27,30644.00,30644.50,0.50
2026-06-02 11:00:37,30643.75,30644.25,30642.75,30644.25,45,30644.25,30644.50,0.25
2026-06-02 11:00:38,30644.25,30644.75,30643.50,30644.00,61,30644.00,30644.50,0.50
2026-06-02 11:00:39,30644.50,30645.25,30644.00,30644.50,54,30641.50,30642.00,0.50
2026-06-02 11:00:40,30644.50,30644.50,30642.00,30642.00,50,30643.25,30643.50,0.25
2026-06-02 11:00:41,30642.00,30643.50,30641.75,30643.25,33,30641.75,30642.25,0.50
2026-06-02 11:00:42,30643.25,30643.25,30641.75,30641.75,39,30641.75,30642.25,0.50
2026-06-02 11:00:43,30642.25,30642.75,30641.50,30641.50,28,30642.25,30642.75,0.50
2026-06-02 11:00:44,30642.25,30643.00,30641.75,30643.00,24,30641.25,30641.75,0.50
2026-06-02 11:00:45,30642.50,30642.50,30641.25,30641.25,35,30640.25,30640.75,0.50
2026-06-02 11:00:46,30641.75,30641.75,30639.50,30640.75,86,30639.50,30639.75,0.25
2026-06-02 11:00:47,30640.50,30640.50,30639.00,30639.75,81,30639.00,30639.25,0.25
2026-06-02 11:00:48,30639.50,30641.00,30638.25,30638.50,138,30639.00,30639.25,0.25
2026-06-02 11:00:49,30639.00,30639.50,30636.50,30637.00,229,30637.75,30638.25,0.50
2026-06-02 11:00:50,30637.25,30638.75,30637.25,30638.00,86,30634.50,30634.75,0.25
2026-06-02 11:00:51,30638.00,30638.00,30634.25,30634.50,272,30634.50,30634.75,0.25
2026-06-02 11:00:52,30634.50,30635.00,30630.00,30632.25,558,30632.00,30632.25,0.25
2026-06-02 11:00:53,30632.00,30632.25,30629.00,30629.50,278,30631.25,30631.75,0.50
2026-06-02 11:00:54,30629.25,30632.25,30629.00,30631.25,132,30633.75,30634.00,0.25
2026-06-02 11:00:55,30631.75,30634.00,30631.25,30633.50,79,30633.75,30634.00,0.25
2026-06-02 11:00:56,30633.75,30634.25,30632.50,30633.25,77,30635.75,30636.00,0.25
2026-06-02 11:00:57,30634.00,30637.00,30634.00,30636.00,115,30637.25,30637.50,0.25
2026-06-02 11:00:58,30635.75,30637.75,30635.75,30637.25,80,30636.75,30637.00,0.25
2026-06-02 11:00:59,30637.00,30637.75,30637.00,30637.00,40,30637.50,30638.00,0.50
