time,open,high,low,close,volume,bid,ask,spread
2026-06-16 09:20:00,30526.25,30526.25,30526.25,30526.25,1,30526.25,30526.25,0.00
2026-06-16 09:20:02,30526.25,30526.25,30525.00,30526.00,11,30526.00,30526.00,0.00
2026-06-16 09:20:04,30525.00,30525.50,30525.00,30525.50,4,30525.50,30525.50,0.00
2026-06-16 09:20:07,30527.25,30528.00,30527.25,30527.25,7,30527.25,30527.25,0.00
2026-06-16 09:20:09,30526.50,30526.50,30526.50,30526.50,1,30526.50,30526.50,0.00
2026-06-16 09:20:10,30527.00,30527.00,30527.00,30527.00,1,30527.00,30527.00,0.00
2026-06-16 09:20:11,30527.25,30527.25,30527.25,30527.25,2,30527.25,30527.25,0.00
2026-06-16 09:20:12,30527.25,30527.25,30526.00,30526.00,4,30526.00,30526.00,0.00
2026-06-16 09:20:13,30526.00,30526.00,30526.00,30526.00,1,30526.00,30526.00,0.00
2026-06-16 09:20:14,30527.50,30527.50,30527.50,30527.50,1,30527.50,30527.50,0.00
2026-06-16 09:20:15,30527.25,30528.75,30527.25,30528.50,10,30528.50,30528.50,0.00
2026-06-16 09:20:16,30526.75,30528.00,30526.75,30528.00,2,30528.00,30528.00,0.00
2026-06-16 09:20:17,30529.75,30529.75,30529.75,30529.75,1,30529.75,30529.75,0.00
2026-06-16 09:20:18,30530.00,30530.75,30529.25,30529.25,6,30529.25,30529.25,0.00
2026-06-16 09:20:19,30529.00,30529.75,30528.50,30528.50,12,30528.50,30528.50,0.00
2026-06-16 09:20:20,30527.75,30529.00,30527.75,30529.00,3,30529.00,30529.00,0.00
2026-06-16 09:20:22,30529.75,30529.75,30529.00,30529.00,3,30529.00,30529.00,0.00
2026-06-16 09:20:23,30529.00,30529.00,30529.00,30529.00,1,30529.00,30529.00,0.00
2026-06-16 09:20:24,30529.00,30529.25,30529.00,30529.25,2,30529.25,30529.25,0.00
2026-06-16 09:20:25,30529.50,30529.50,30529.50,30529.50,1,30529.50,30529.50,0.00
2026-06-16 09:20:27,30528.50,30528.75,30528.50,30528.75,2,30528.75,30528.75,0.00
2026-06-16 09:20:28,30528.00,30528.00,30528.00,30528.00,2,30528.00,30528.00,0.00
2026-06-16 09:20:29,30528.75,30528.75,30528.75,30528.75,1,30528.75,30528.75,0.00
2026-06-16 09:20:32,30528.50,30528.50,30528.00,30528.00,3,30528.00,30528.00,0.00
2026-06-16 09:20:36,30527.75,30528.75,30527.50,30528.50,6,30528.50,30528.50,0.00
2026-06-16 09:20:37,30527.50,30528.75,30527.25,30528.75,10,30528.75,30528.75,0.00
2026-06-16 09:20:38,30528.75,30529.00,30526.75,30527.00,9,30527.00,30527.00,0.00
2026-06-16 09:20:39,30526.25,30526.25,30526.25,30526.25,1,30526.25,30526.25,0.00
2026-06-16 09:20:40,30526.25,30526.25,30526.25,30526.25,1,30526.25,30526.25,0.00
2026-06-16 09:20:41,30526.00,30526.00,30526.00,30526.00,1,30526.00,30526.00,0.00
2026-06-16 09:20:42,30525.00,30525.25,30524.25,30524.25,10,30524.25,30524.25,0.00
2026-06-16 09:20:43,30525.00,30525.00,30525.00,30525.00,1,30525.00,30525.00,0.00
2026-06-16 09:20:44,30525.25,30525.75,30525.00,30525.75,3,30525.75,30525.75,0.00
2026-06-16 09:20:49,30526.00,30526.25,30526.00,30526.25,2,30526.25,30526.25,0.00
2026-06-16 09:20:50,30526.50,30526.50,30526.50,30526.50,1,30526.50,30526.50,0.00
2026-06-16 09:20:53,30525.50,30526.50,30525.50,30526.50,2,30526.50,30526.50,0.00
2026-06-16 09:20:54,30527.25,30527.50,30527.25,30527.50,2,30527.50,30527.50,0.00
2026-06-16 09:20:56,30527.25,30527.75,30527.00,30527.50,5,30527.50,30527.50,0.00
2026-06-16 09:20:57,30527.50,30527.50,30527.50,30527.50,1,30527.50,30527.50,0.00
2026-06-16 09:20:58,30527.25,30528.00,30527.25,30527.50,3,30527.50,30527.50,0.00
2026-06-16 09:20:59,30528.00,30529.25,30528.00,30529.25,11,30529.25,30529.25,0.00
2026-06-16 09:21:00,30529.75,30529.75,30529.75,30529.75,1,30529.75,30529.75,0.00
2026-06-16 09:21:01,30529.50,30529.75,30528.75,30528.75,4,30528.75,30528.75,0.00
2026-06-16 09:21:04,30529.50,30529.50,30529.00,30529.00,2,30529.00,30529.00,0.00
2026-06-16 09:21:08,30526.25,30526.50,30525.75,30525.75,6,30525.75,30525.75,0.00
2026-06-16 09:21:09,30525.75,30525.75,30525.75,30525.75,1,30525.75,30525.75,0.00
2026-06-16 09:21:13,30527.00,30527.00,30527.00,30527.00,1,30527.00,30527.00,0.00
2026-06-16 09:21:15,30527.00,30527.00,30527.00,30527.00,1,30527.00,30527.00,0.00
2026-06-16 09:21:16,30527.25,30527.50,30527.25,30527.50,2,30527.50,30527.50,0.00
2026-06-16 09:21:17,30528.25,30528.50,30528.25,30528.50,3,30528.50,30528.50,0.00
2026-06-16 09:21:18,30527.50,30528.25,30527.00,30528.25,10,30528.25,30528.25,0.00
2026-06-16 09:21:19,30528.75,30529.75,30528.75,30529.75,8,30529.75,30529.75,0.00
2026-06-16 09:21:21,30530.00,30530.00,30529.25,30529.25,9,30529.25,30529.25,0.00
2026-06-16 09:21:22,30530.00,30530.25,30530.00,30530.25,4,30530.25,30530.25,0.00
2026-06-16 09:21:23,30529.25,30530.25,30528.75,30528.75,5,30528.75,30528.75,0.00
2026-06-16 09:21:24,30529.00,30529.00,30529.00,30529.00,1,30529.00,30529.00,0.00
2026-06-16 09:21:25,30529.50,30529.75,30529.00,30529.75,3,30529.75,30529.75,0.00
2026-06-16 09:21:27,30530.00,30530.00,30530.00,30530.00,1,30530.00,30530.00,0.00
2026-06-16 09:21:29,30530.50,30530.75,30529.75,30530.75,3,30530.75,30530.75,0.00
2026-06-16 09:21:30,30530.00,30530.00,30530.00,30530.00,1,30530.00,30530.00,0.00
2026-06-16 09:21:32,30529.25,30529.75,30529.25,30529.75,5,30529.75,30529.75,0.00
2026-06-16 09:21:33,30529.50,30529.50,30528.50,30529.50,4,30529.50,30529.50,0.00
2026-06-16 09:21:35,30529.75,30530.00,30529.75,30530.00,4,30530.00,30530.00,0.00
2026-06-16 09:21:36,30529.25,30529.25,30529.00,30529.25,3,30529.25,30529.25,0.00
2026-06-16 09:21:37,30530.00,30530.50,30530.00,30530.50,4,30530.50,30530.50,0.00
2026-06-16 09:21:40,30530.25,30530.25,30529.00,30529.75,3,30529.75,30529.75,0.00
2026-06-16 09:21:41,30529.25,30529.25,30529.25,30529.25,1,30529.25,30529.25,0.00
2026-06-16 09:21:43,30529.25,30529.25,30529.00,30529.00,2,30529.00,30529.00,0.00
2026-06-16 09:21:45,30529.00,30531.25,30528.75,30531.25,9,30531.25,30531.25,0.00
2026-06-16 09:21:47,30532.00,30532.00,30530.75,30532.00,19,30532.00,30532.00,0.00
2026-06-16 09:21:48,30533.00,30533.75,30533.00,30533.75,6,30533.75,30533.75,0.00
2026-06-16 09:21:49,30534.00,30535.75,30534.00,30535.50,15,30535.50,30535.50,0.00
2026-06-16 09:21:50,30535.25,30535.25,30534.25,30534.75,9,30534.75,30534.75,0.00
2026-06-16 09:21:51,30534.25,30534.25,30534.25,30534.25,1,30534.25,30534.25,0.00
2026-06-16 09:21:53,30535.50,30535.75,30535.50,30535.75,3,30535.75,30535.75,0.00
2026-06-16 09:21:54,30536.00,30536.25,30535.25,30535.25,8,30535.25,30535.25,0.00
2026-06-16 09:21:55,30535.50,30535.50,30535.00,30535.50,4,30535.50,30535.50,0.00
2026-06-16 09:21:57,30536.25,30537.25,30536.25,30536.25,13,30536.25,30536.25,0.00
2026-06-16 09:21:58,30536.50,30536.75,30535.00,30535.25,26,30535.25,30535.25,0.00
2026-06-16 09:21:59,30535.25,30535.75,30534.00,30534.00,16,30534.00,30534.00,0.00
2026-06-16 09:22:00,30534.75,30534.75,30533.75,30533.75,5,30533.75,30533.75,0.00
2026-06-16 09:22:01,30534.50,30534.50,30533.50,30534.00,5,30534.00,30534.00,0.00
2026-06-16 09:22:02,30533.50,30533.50,30533.00,30533.25,4,30533.25,30533.25,0.00
2026-06-16 09:22:03,30533.50,30533.75,30531.00,30531.00,10,30531.00,30531.00,0.00
2026-06-16 09:22:04,30531.00,30531.75,30531.00,30531.75,2,30531.75,30531.75,0.00
2026-06-16 09:22:05,30531.25,30531.25,30531.25,30531.25,1,30531.25,30531.25,0.00
2026-06-16 09:22:09,30531.50,30531.75,30531.00,30531.00,3,30531.00,30531.00,0.00
2026-06-16 09:22:11,30530.50,30530.50,30530.00,30530.00,4,30530.00,30530.00,0.00
2026-06-16 09:22:12,30531.50,30532.00,30531.50,30532.00,8,30532.00,30532.00,0.00
2026-06-16 09:22:13,30532.25,30533.00,30532.25,30532.75,14,30532.75,30532.75,0.00
2026-06-16 09:22:14,30532.00,30532.25,30532.00,30532.25,5,30532.25,30532.25,0.00
2026-06-16 09:22:15,30532.75,30533.50,30532.25,30532.50,11,30532.50,30532.50,0.00
2026-06-16 09:22:16,30533.25,30533.25,30532.75,30532.75,2,30532.75,30532.75,0.00
2026-06-16 09:22:18,30533.75,30533.75,30532.25,30532.25,5,30532.25,30532.25,0.00
2026-06-16 09:22:21,30533.25,30533.25,30533.00,30533.00,2,30533.00,30533.00,0.00
2026-06-16 09:22:22,30533.00,30533.00,30533.00,30533.00,1,30533.00,30533.00,0.00
2026-06-16 09:22:23,30533.25,30533.25,30532.00,30532.00,6,30532.00,30532.00,0.00
2026-06-16 09:22:25,30532.50,30532.50,30532.25,30532.25,2,30532.25,30532.25,0.00
2026-06-16 09:22:27,30532.00,30534.00,30532.00,30534.00,5,30534.00,30534.00,0.00
2026-06-16 09:22:29,30534.25,30534.75,30534.25,30534.75,2,30534.75,30534.75,0.00
2026-06-16 09:22:30,30534.75,30534.75,30534.00,30534.00,2,30534.00,30534.00,0.00
2026-06-16 09:22:31,30534.00,30534.00,30534.00,30534.00,3,30534.00,30534.00,0.00
2026-06-16 09:22:32,30534.75,30534.75,30534.75,30534.75,1,30534.75,30534.75,0.00
2026-06-16 09:22:33,30534.00,30534.00,30533.75,30533.75,2,30533.75,30533.75,0.00
2026-06-16 09:22:34,30534.00,30534.00,30533.00,30533.00,5,30533.00,30533.00,0.00
2026-06-16 09:22:36,30532.00,30532.00,30532.00,30532.00,1,30532.00,30532.00,0.00
2026-06-16 09:22:37,30532.25,30533.00,30532.25,30533.00,3,30533.00,30533.00,0.00
2026-06-16 09:22:39,30531.00,30531.00,30530.75,30530.75,2,30530.75,30530.75,0.00
2026-06-16 09:22:42,30529.75,30529.75,30528.75,30529.00,13,30529.00,30529.00,0.00
2026-06-16 09:22:43,30529.25,30529.25,30529.25,30529.25,1,30529.25,30529.25,0.00
2026-06-16 09:22:46,30529.75,30529.75,30529.75,30529.75,1,30529.75,30529.75,0.00
2026-06-16 09:22:47,30530.00,30530.00,30529.25,30529.25,2,30529.25,30529.25,0.00
2026-06-16 09:22:48,30530.25,30530.25,30529.75,30529.75,3,30529.75,30529.75,0.00
2026-06-16 09:22:49,30529.75,30531.00,30529.50,30531.00,9,30531.00,30531.00,0.00
2026-06-16 09:22:50,30529.75,30529.75,30529.75,30529.75,3,30529.75,30529.75,0.00
2026-06-16 09:22:53,30528.75,30530.00,30528.75,30530.00,2,30530.00,30530.00,0.00
2026-06-16 09:22:54,30531.00,30531.00,30531.00,30531.00,1,30531.00,30531.00,0.00
2026-06-16 09:22:56,30529.75,30529.75,30529.00,30529.00,5,30529.00,30529.00,0.00
2026-06-16 09:22:57,30528.25,30528.25,30528.00,30528.00,6,30528.00,30528.00,0.00
2026-06-16 09:22:58,30527.50,30527.50,30525.50,30526.25,28,30526.25,30526.25,0.00
2026-06-16 09:22:59,30526.00,30526.00,30524.25,30525.25,20,30525.25,30525.25,0.00
2026-06-16 09:23:00,30526.00,30526.25,30524.00,30524.00,19,30524.00,30524.00,0.00
2026-06-16 09:23:01,30524.25,30524.50,30524.25,30524.25,6,30524.25,30524.25,0.00
2026-06-16 09:23:02,30524.75,30524.75,30524.50,30524.50,5,30524.50,30524.50,0.00
2026-06-16 09:23:03,30524.50,30525.00,30523.75,30524.75,6,30524.75,30524.75,0.00
2026-06-16 09:23:04,30524.25,30524.25,30523.75,30523.75,2,30523.75,30523.75,0.00
2026-06-16 09:23:05,30523.50,30525.50,30523.50,30525.50,9,30525.50,30525.50,0.00
2026-06-16 09:23:07,30525.75,30525.75,30523.25,30523.75,6,30523.75,30523.75,0.00
2026-06-16 09:23:08,30523.25,30525.00,30523.25,30525.00,3,30525.00,30525.00,0.00
2026-06-16 09:23:09,30524.25,30524.25,30524.00,30524.00,5,30524.00,30524.00,0.00
2026-06-16 09:23:10,30524.50,30524.75,30524.50,30524.75,2,30524.75,30524.75,0.00
2026-06-16 09:23:11,30524.25,30525.00,30524.25,30525.00,2,30525.00,30525.00,0.00
2026-06-16 09:23:12,30523.50,30524.50,30523.50,30524.50,3,30524.50,30524.50,0.00
2026-06-16 09:23:13,30524.25,30524.25,30524.25,30524.25,1,30524.25,30524.25,0.00
2026-06-16 09:23:14,30524.50,30524.50,30524.50,30524.50,1,30524.50,30524.50,0.00
2026-06-16 09:23:15,30523.75,30524.75,30523.75,30524.75,5,30524.75,30524.75,0.00
2026-06-16 09:23:16,30524.75,30524.75,30523.75,30523.75,11,30523.75,30523.75,0.00
2026-06-16 09:23:17,30524.50,30524.50,30524.50,30524.50,1,30524.50,30524.50,0.00
2026-06-16 09:23:18,30525.25,30525.25,30525.25,30525.25,1,30525.25,30525.25,0.00
2026-06-16 09:23:19,30525.00,30525.00,30525.00,30525.00,1,30525.00,30525.00,0.00
2026-06-16 09:23:20,30524.00,30525.25,30524.00,30525.25,2,30525.25,30525.25,0.00
2026-06-16 09:23:22,30524.50,30524.50,30524.50,30524.50,2,30524.50,30524.50,0.00
2026-06-16 09:23:23,30524.25,30524.25,30524.25,30524.25,1,30524.25,30524.25,0.00
2026-06-16 09:23:25,30526.00,30527.75,30526.00,30527.75,13,30527.75,30527.75,0.00
2026-06-16 09:23:26,30527.75,30528.50,30527.75,30528.50,7,30528.50,30528.50,0.00
2026-06-16 09:23:27,30527.25,30527.25,30527.25,30527.25,1,30527.25,30527.25,0.00
2026-06-16 09:23:28,30528.00,30528.25,30527.75,30527.75,3,30527.75,30527.75,0.00
2026-06-16 09:23:29,30528.25,30528.25,30528.25,30528.25,2,30528.25,30528.25,0.00
2026-06-16 09:23:30,30528.75,30530.00,30528.75,30530.00,2,30530.00,30530.00,0.00
2026-06-16 09:23:31,30530.25,30530.75,30530.25,30530.75,6,30530.75,30530.75,0.00
2026-06-16 09:23:32,30530.50,30531.75,30530.50,30530.75,11,30530.75,30530.75,0.00
2026-06-16 09:23:33,30530.50,30530.75,30529.50,30529.50,5,30529.50,30529.50,0.00
2026-06-16 09:23:36,30528.00,30528.50,30527.00,30527.50,9,30527.50,30527.50,0.00
2026-06-16 09:23:37,30527.25,30527.25,30527.25,30527.25,1,30527.25,30527.25,0.00
2026-06-16 09:23:38,30528.00,30529.75,30528.00,30529.75,24,30529.75,30529.75,0.00
2026-06-16 09:23:41,30528.00,30528.00,30527.75,30528.00,4,30528.00,30528.00,0.00
2026-06-16 09:23:43,30528.50,30528.50,30528.50,30528.50,1,30528.50,30528.50,0.00
2026-06-16 09:23:45,30528.25,30528.25,30528.25,30528.25,1,30528.25,30528.25,0.00
2026-06-16 09:23:46,30528.50,30528.50,30528.50,30528.50,1,30528.50,30528.50,0.00
2026-06-16 09:23:47,30528.25,30528.25,30528.25,30528.25,1,30528.25,30528.25,0.00
2026-06-16 09:23:49,30529.75,30530.00,30529.75,30530.00,3,30530.00,30530.00,0.00
2026-06-16 09:23:50,30529.00,30529.50,30529.00,30529.50,2,30529.50,30529.50,0.00
2026-06-16 09:23:52,30529.75,30529.75,30529.25,30529.25,2,30529.25,30529.25,0.00
2026-06-16 09:24:00,30529.25,30529.25,30528.00,30528.00,3,30528.00,30528.00,0.00
2026-06-16 09:24:01,30528.25,30528.25,30528.00,30528.00,2,30528.00,30528.00,0.00
2026-06-16 09:24:02,30528.25,30528.50,30527.50,30527.50,3,30527.50,30527.50,0.00
2026-06-16 09:24:03,30527.50,30527.75,30527.50,30527.75,2,30527.75,30527.75,0.00
2026-06-16 09:24:04,30527.25,30527.75,30527.25,30527.75,2,30527.75,30527.75,0.00
2026-06-16 09:24:06,30526.50,30526.50,30526.50,30526.50,1,30526.50,30526.50,0.00
2026-06-16 09:24:07,30525.50,30525.50,30524.00,30524.00,11,30524.00,30524.00,0.00
2026-06-16 09:24:09,30524.00,30525.25,30523.75,30524.25,5,30524.25,30524.25,0.00
2026-06-16 09:24:11,30525.50,30525.50,30525.50,30525.50,1,30525.50,30525.50,0.00
2026-06-16 09:24:12,30525.75,30525.75,30525.75,30525.75,1,30525.75,30525.75,0.00
2026-06-16 09:24:13,30526.25,30527.25,30526.25,30527.25,3,30527.25,30527.25,0.00
2026-06-16 09:24:15,30527.50,30527.50,30527.50,30527.50,2,30527.50,30527.50,0.00
2026-06-16 09:24:16,30529.25,30529.25,30529.25,30529.25,1,30529.25,30529.25,0.00
2026-06-16 09:24:17,30529.25,30529.25,30529.25,30529.25,1,30529.25,30529.25,0.00
2026-06-16 09:24:18,30529.75,30529.75,30529.75,30529.75,1,30529.75,30529.75,0.00
2026-06-16 09:24:20,30530.00,30530.00,30530.00,30530.00,1,30530.00,30530.00,0.00
2026-06-16 09:24:21,30529.25,30531.75,30529.25,30531.75,6,30531.75,30531.75,0.00
2026-06-16 09:24:25,30531.75,30532.25,30531.75,30531.75,4,30531.75,30531.75,0.00
2026-06-16 09:24:26,30532.00,30532.00,30530.75,30530.75,3,30530.75,30530.75,0.00
2026-06-16 09:24:28,30530.00,30530.00,30530.00,30530.00,1,30530.00,30530.00,0.00
2026-06-16 09:24:30,30531.50,30531.50,30530.75,30531.25,3,30531.25,30531.25,0.00
2026-06-16 09:24:32,30530.75,30531.25,30530.75,30531.00,4,30531.00,30531.00,0.00
2026-06-16 09:24:33,30532.00,30532.25,30531.75,30531.75,8,30531.75,30531.75,0.00
2026-06-16 09:24:34,30530.75,30531.25,30530.75,30531.25,7,30531.25,30531.25,0.00
2026-06-16 09:24:35,30530.75,30530.75,30530.75,30530.75,2,30530.75,30530.75,0.00
2026-06-16 09:24:36,30530.25,30530.25,30530.25,30530.25,5,30530.25,30530.25,0.00
2026-06-16 09:24:39,30530.75,30530.75,30530.25,30530.25,5,30530.25,30530.25,0.00
2026-06-16 09:24:40,30532.00,30532.00,30532.00,30532.00,1,30532.00,30532.00,0.00
2026-06-16 09:24:41,30532.25,30533.00,30532.25,30532.75,8,30532.75,30532.75,0.00
2026-06-16 09:24:42,30532.00,30532.00,30532.00,30532.00,1,30532.00,30532.00,0.00
2026-06-16 09:24:43,30531.00,30531.00,30531.00,30531.00,1,30531.00,30531.00,0.00
2026-06-16 09:24:45,30530.25,30531.25,30530.25,30531.25,2,30531.25,30531.25,0.00
2026-06-16 09:24:46,30531.25,30531.25,30531.25,30531.25,1,30531.25,30531.25,0.00
2026-06-16 09:24:49,30531.75,30532.00,30531.75,30532.00,4,30532.00,30532.00,0.00
2026-06-16 09:24:51,30532.00,30532.00,30531.75,30531.75,2,30531.75,30531.75,0.00
2026-06-16 09:24:54,30530.75,30530.75,30530.50,30530.50,3,30530.50,30530.50,0.00
2026-06-16 09:24:55,30530.75,30531.00,30530.50,30531.00,6,30531.00,30531.00,0.00
2026-06-16 09:24:56,30531.00,30531.00,30530.75,30530.75,2,30530.75,30530.75,0.00
2026-06-16 09:24:57,30531.00,30531.00,30531.00,30531.00,1,30531.00,30531.00,0.00
2026-06-16 09:24:58,30530.75,30530.75,30530.75,30530.75,1,30530.75,30530.75,0.00
2026-06-16 09:24:59,30532.00,30532.00,30532.00,30532.00,1,30532.00,30532.00,0.00
2026-06-16 09:25:00,30531.75,30531.75,30531.00,30531.00,2,30531.00,30531.00,0.00
2026-06-16 09:25:01,30532.50,30533.25,30524.00,30524.75,57,30524.75,30524.75,0.00
2026-06-16 09:25:02,30525.75,30527.25,30525.75,30526.25,9,30526.25,30526.25,0.00
2026-06-16 09:25:04,30527.00,30527.25,30526.25,30527.25,5,30527.25,30527.25,0.00
2026-06-16 09:25:05,30527.75,30528.75,30527.75,30528.75,14,30528.75,30528.75,0.00
2026-06-16 09:25:07,30527.25,30527.25,30527.25,30527.25,1,30527.25,30527.25,0.00
2026-06-16 09:25:08,30525.25,30525.75,30525.00,30525.75,7,30525.75,30525.75,0.00
2026-06-16 09:25:10,30524.75,30525.25,30524.75,30525.25,2,30525.25,30525.25,0.00
2026-06-16 09:25:11,30525.00,30527.75,30524.75,30525.00,34,30525.00,30525.00,0.00
2026-06-16 09:25:12,30526.00,30526.00,30525.00,30525.00,2,30525.00,30525.00,0.00
2026-06-16 09:25:13,30525.00,30525.00,30525.00,30525.00,1,30525.00,30525.00,0.00
2026-06-16 09:25:15,30523.00,30523.25,30523.00,30523.00,8,30523.00,30523.00,0.00
2026-06-16 09:25:16,30523.75,30523.75,30523.75,30523.75,1,30523.75,30523.75,0.00
2026-06-16 09:25:17,30524.25,30524.25,30523.75,30523.75,4,30523.75,30523.75,0.00
2026-06-16 09:25:18,30523.25,30524.25,30523.25,30524.25,2,30524.25,30524.25,0.00
2026-06-16 09:25:19,30524.25,30524.25,30524.25,30524.25,1,30524.25,30524.25,0.00
2026-06-16 09:25:20,30523.75,30523.75,30523.75,30523.75,1,30523.75,30523.75,0.00
2026-06-16 09:25:21,30523.00,30523.00,30522.75,30522.75,3,30522.75,30522.75,0.00
2026-06-16 09:25:22,30522.50,30523.25,30521.75,30523.25,12,30523.25,30523.25,0.00
2026-06-16 09:25:23,30522.00,30523.00,30522.00,30523.00,2,30523.00,30523.00,0.00
2026-06-16 09:25:24,30523.50,30523.50,30523.50,30523.50,1,30523.50,30523.50,0.00
2026-06-16 09:25:25,30524.50,30524.50,30524.00,30524.00,2,30524.00,30524.00,0.00
2026-06-16 09:25:26,30523.25,30523.25,30523.25,30523.25,1,30523.25,30523.25,0.00
2026-06-16 09:25:27,30524.25,30525.50,30522.50,30525.50,12,30525.50,30525.50,0.00
2026-06-16 09:25:29,30523.25,30523.25,30523.25,30523.25,1,30523.25,30523.25,0.00
2026-06-16 09:25:30,30521.25,30521.75,30519.75,30521.50,48,30521.50,30521.50,0.00
2026-06-16 09:25:31,30521.50,30522.25,30521.25,30522.25,5,30522.25,30522.25,0.00
2026-06-16 09:25:32,30522.25,30522.25,30522.25,30522.25,1,30522.25,30522.25,0.00
2026-06-16 09:25:33,30521.25,30521.25,30521.00,30521.00,4,30521.00,30521.00,0.00
2026-06-16 09:25:34,30521.75,30522.50,30521.75,30522.50,5,30522.50,30522.50,0.00
2026-06-16 09:25:35,30523.00,30523.00,30523.00,30523.00,1,30523.00,30523.00,0.00
2026-06-16 09:25:36,30523.50,30524.25,30523.50,30524.25,5,30524.25,30524.25,0.00
2026-06-16 09:25:37,30522.50,30523.75,30522.00,30523.75,7,30523.75,30523.75,0.00
2026-06-16 09:25:38,30524.25,30524.25,30524.25,30524.25,1,30524.25,30524.25,0.00
2026-06-16 09:25:39,30522.25,30522.25,30522.25,30522.25,1,30522.25,30522.25,0.00
2026-06-16 09:25:40,30522.25,30522.25,30522.25,30522.25,1,30522.25,30522.25,0.00
2026-06-16 09:25:41,30523.00,30523.00,30523.00,30523.00,1,30523.00,30523.00,0.00
2026-06-16 09:25:42,30523.00,30523.00,30523.00,30523.00,2,30523.00,30523.00,0.00
2026-06-16 09:25:44,30522.25,30522.25,30522.00,30522.00,5,30522.00,30522.00,0.00
2026-06-16 09:25:45,30521.75,30521.75,30521.75,30521.75,2,30521.75,30521.75,0.00
2026-06-16 09:25:46,30522.75,30522.75,30522.75,30522.75,2,30522.75,30522.75,0.00
2026-06-16 09:25:47,30523.50,30523.50,30523.50,30523.50,1,30523.50,30523.50,0.00
2026-06-16 09:25:48,30523.00,30524.50,30522.50,30523.25,14,30523.25,30523.25,0.00
2026-06-16 09:25:51,30524.25,30525.25,30524.25,30524.75,6,30524.75,30524.75,0.00
2026-06-16 09:25:52,30524.75,30524.75,30524.75,30524.75,1,30524.75,30524.75,0.00
2026-06-16 09:25:54,30524.50,30524.75,30524.50,30524.75,3,30524.75,30524.75,0.00
2026-06-16 09:25:55,30524.00,30524.00,30524.00,30524.00,1,30524.00,30524.00,0.00
2026-06-16 09:25:58,30525.00,30525.00,30525.00,30525.00,1,30525.00,30525.00,0.00
2026-06-16 09:25:59,30525.25,30525.50,30525.25,30525.50,2,30525.50,30525.50,0.00
2026-06-16 09:26:01,30525.50,30525.75,30525.50,30525.75,2,30525.75,30525.75,0.00
2026-06-16 09:26:02,30526.50,30526.75,30526.50,30526.75,4,30526.75,30526.75,0.00
2026-06-16 09:26:03,30526.00,30526.25,30524.50,30526.25,6,30526.25,30526.25,0.00
2026-06-16 09:26:05,30525.00,30525.75,30525.00,30525.75,3,30525.75,30525.75,0.00
2026-06-16 09:26:06,30525.75,30525.75,30525.25,30525.25,4,30525.25,30525.25,0.00
2026-06-16 09:26:07,30527.00,30527.00,30527.00,30527.00,1,30527.00,30527.00,0.00
2026-06-16 09:26:08,30527.75,30528.00,30527.75,30528.00,5,30528.00,30528.00,0.00
2026-06-16 09:26:09,30528.00,30528.00,30528.00,30528.00,3,30528.00,30528.00,0.00
2026-06-16 09:26:10,30527.00,30527.00,30527.00,30527.00,2,30527.00,30527.00,0.00
2026-06-16 09:26:11,30526.50,30526.50,30526.50,30526.50,1,30526.50,30526.50,0.00
2026-06-16 09:26:12,30527.50,30527.50,30524.25,30524.25,7,30524.25,30524.25,0.00
2026-06-16 09:26:13,30523.25,30523.25,30522.00,30522.25,7,30522.25,30522.25,0.00
2026-06-16 09:26:14,30523.25,30523.25,30522.75,30522.75,2,30522.75,30522.75,0.00
2026-06-16 09:26:15,30522.25,30522.25,30521.25,30521.25,2,30521.25,30521.25,0.00
2026-06-16 09:26:17,30522.25,30522.25,30522.25,30522.25,1,30522.25,30522.25,0.00
2026-06-16 09:26:19,30522.75,30523.50,30522.75,30523.50,4,30523.50,30523.50,0.00
2026-06-16 09:26:20,30523.50,30523.50,30522.75,30522.75,5,30522.75,30522.75,0.00
2026-06-16 09:26:22,30523.50,30523.50,30523.50,30523.50,1,30523.50,30523.50,0.00
2026-06-16 09:26:25,30524.75,30524.75,30524.75,30524.75,1,30524.75,30524.75,0.00
2026-06-16 09:26:26,30524.25,30524.25,30524.25,30524.25,1,30524.25,30524.25,0.00
2026-06-16 09:26:27,30525.00,30525.00,30525.00,30525.00,1,30525.00,30525.00,0.00
2026-06-16 09:26:28,30525.75,30525.75,30525.75,30525.75,1,30525.75,30525.75,0.00
2026-06-16 09:26:30,30525.75,30525.75,30525.00,30525.00,2,30525.00,30525.00,0.00
2026-06-16 09:26:32,30523.25,30523.25,30523.25,30523.25,1,30523.25,30523.25,0.00
2026-06-16 09:26:38,30525.25,30525.25,30525.25,30525.25,1,30525.25,30525.25,0.00
2026-06-16 09:26:39,30526.75,30527.50,30526.75,30527.50,4,30527.50,30527.50,0.00
2026-06-16 09:26:40,30528.00,30528.75,30527.50,30527.50,17,30527.50,30527.50,0.00
2026-06-16 09:26:45,30527.75,30528.00,30527.75,30528.00,2,30528.00,30528.00,0.00
2026-06-16 09:26:46,30527.25,30527.25,30527.25,30527.25,1,30527.25,30527.25,0.00
2026-06-16 09:26:47,30528.00,30528.00,30528.00,30528.00,1,30528.00,30528.00,0.00
2026-06-16 09:26:48,30526.50,30526.50,30526.50,30526.50,3,30526.50,30526.50,0.00
2026-06-16 09:26:49,30526.50,30526.50,30526.50,30526.50,1,30526.50,30526.50,0.00
2026-06-16 09:26:51,30526.75,30526.75,30526.75,30526.75,1,30526.75,30526.75,0.00
2026-06-16 09:26:53,30526.50,30526.50,30526.00,30526.00,5,30526.00,30526.00,0.00
2026-06-16 09:26:55,30528.25,30530.00,30528.25,30530.00,2,30530.00,30530.00,0.00
2026-06-16 09:26:56,30529.25,30529.25,30529.25,30529.25,1,30529.25,30529.25,0.00
2026-06-16 09:26:57,30529.50,30529.50,30528.75,30528.75,4,30528.75,30528.75,0.00
2026-06-16 09:27:00,30528.25,30528.25,30528.25,30528.25,1,30528.25,30528.25,0.00
2026-06-16 09:27:02,30528.00,30528.00,30528.00,30528.00,1,30528.00,30528.00,0.00
2026-06-16 09:27:03,30528.00,30528.00,30527.75,30527.75,5,30527.75,30527.75,0.00
2026-06-16 09:27:06,30527.75,30527.75,30527.75,30527.75,1,30527.75,30527.75,0.00
2026-06-16 09:27:08,30527.50,30527.75,30527.50,30527.75,2,30527.75,30527.75,0.00
2026-06-16 09:27:09,30526.25,30526.25,30525.50,30525.50,7,30525.50,30525.50,0.00
2026-06-16 09:27:11,30527.75,30529.25,30527.75,30529.25,11,30529.25,30529.25,0.00
2026-06-16 09:27:12,30528.75,30528.75,30528.75,30528.75,1,30528.75,30528.75,0.00
2026-06-16 09:27:14,30529.25,30529.25,30529.25,30529.25,1,30529.25,30529.25,0.00
2026-06-16 09:27:16,30530.00,30530.75,30530.00,30530.00,7,30530.00,30530.00,0.00
2026-06-16 09:27:17,30530.25,30530.50,30530.25,30530.50,3,30530.50,30530.50,0.00
2026-06-16 09:27:18,30530.75,30530.75,30530.75,30530.75,2,30530.75,30530.75,0.00
2026-06-16 09:27:19,30531.00,30533.00,30531.00,30531.25,31,30531.25,30531.25,0.00
2026-06-16 09:27:20,30530.75,30530.75,30530.00,30530.00,4,30530.00,30530.00,0.00
2026-06-16 09:27:23,30530.75,30531.75,30529.50,30530.00,17,30530.00,30530.00,0.00
2026-06-16 09:27:24,30531.00,30531.00,30531.00,30531.00,1,30531.00,30531.00,0.00
2026-06-16 09:27:26,30529.75,30529.75,30529.75,30529.75,1,30529.75,30529.75,0.00
2026-06-16 09:27:27,30530.00,30530.25,30527.50,30527.50,16,30527.50,30527.50,0.00
2026-06-16 09:27:28,30528.75,30528.75,30528.75,30528.75,1,30528.75,30528.75,0.00
2026-06-16 09:27:29,30528.00,30528.00,30527.50,30527.50,5,30527.50,30527.50,0.00
2026-06-16 09:27:30,30526.75,30526.75,30525.25,30525.25,8,30525.25,30525.25,0.00
2026-06-16 09:27:31,30525.75,30526.50,30525.75,30526.25,4,30526.25,30526.25,0.00
2026-06-16 09:27:33,30525.50,30525.50,30525.00,30525.00,2,30525.00,30525.00,0.00
2026-06-16 09:27:34,30524.25,30524.25,30523.50,30523.50,4,30523.50,30523.50,0.00
2026-06-16 09:27:35,30523.00,30523.00,30523.00,30523.00,1,30523.00,30523.00,0.00
2026-06-16 09:27:36,30523.75,30523.75,30523.75,30523.75,1,30523.75,30523.75,0.00
2026-06-16 09:27:37,30523.25,30523.25,30522.75,30522.75,6,30522.75,30522.75,0.00
2026-06-16 09:27:38,30522.50,30522.50,30522.50,30522.50,3,30522.50,30522.50,0.00
2026-06-16 09:27:40,30521.25,30521.25,30521.25,30521.25,2,30521.25,30521.25,0.00
2026-06-16 09:27:41,30520.75,30521.75,30514.00,30517.00,90,30517.00,30517.00,0.00
2026-06-16 09:27:42,30516.75,30516.75,30516.25,30516.25,4,30516.25,30516.25,0.00
2026-06-16 09:27:43,30517.50,30519.75,30517.50,30519.50,17,30519.50,30519.50,0.00
2026-06-16 09:27:44,30521.00,30521.50,30520.25,30521.50,6,30521.50,30521.50,0.00
2026-06-16 09:27:45,30522.50,30523.25,30522.50,30523.00,4,30523.00,30523.00,0.00
2026-06-16 09:27:46,30523.00,30523.00,30523.00,30523.00,1,30523.00,30523.00,0.00
2026-06-16 09:27:47,30523.00,30523.00,30522.50,30522.50,3,30522.50,30522.50,0.00
2026-06-16 09:27:48,30523.25,30523.25,30523.25,30523.25,1,30523.25,30523.25,0.00
2026-06-16 09:27:49,30522.50,30522.50,30522.50,30522.50,1,30522.50,30522.50,0.00
2026-06-16 09:27:51,30523.50,30523.50,30514.00,30514.75,53,30514.75,30514.75,0.00
2026-06-16 09:27:52,30514.25,30514.50,30513.75,30513.75,8,30513.75,30513.75,0.00
2026-06-16 09:27:53,30514.50,30514.50,30512.25,30512.25,9,30512.25,30512.25,0.00
2026-06-16 09:27:54,30514.25,30514.25,30512.50,30512.75,4,30512.75,30512.75,0.00
2026-06-16 09:27:55,30512.75,30514.00,30512.75,30513.75,3,30513.75,30513.75,0.00
2026-06-16 09:27:56,30513.75,30514.00,30513.50,30513.75,6,30513.75,30513.75,0.00
2026-06-16 09:27:57,30514.75,30515.00,30512.75,30512.75,14,30512.75,30512.75,0.00
2026-06-16 09:27:58,30513.25,30513.25,30513.00,30513.00,6,30513.00,30513.00,0.00
2026-06-16 09:27:59,30514.50,30515.25,30513.75,30513.75,10,30513.75,30513.75,0.00
2026-06-16 09:28:00,30514.75,30515.00,30512.50,30515.00,11,30515.00,30515.00,0.00
2026-06-16 09:28:01,30516.00,30527.25,30515.00,30523.75,95,30523.75,30523.75,0.00
2026-06-16 09:28:02,30526.25,30526.25,30525.75,30525.75,3,30525.75,30525.75,0.00
2026-06-16 09:28:03,30523.75,30523.75,30523.25,30523.25,2,30523.25,30523.25,0.00
2026-06-16 09:28:04,30523.50,30524.75,30523.50,30524.75,7,30524.75,30524.75,0.00
2026-06-16 09:28:05,30524.50,30525.25,30524.25,30525.25,7,30525.25,30525.25,0.00
2026-06-16 09:28:06,30525.25,30525.25,30524.25,30524.75,4,30524.75,30524.75,0.00
2026-06-16 09:28:07,30523.50,30523.50,30521.50,30521.50,5,30521.50,30521.50,0.00
2026-06-16 09:28:08,30522.75,30523.25,30522.75,30523.25,7,30523.25,30523.25,0.00
2026-06-16 09:28:09,30521.75,30521.75,30521.25,30521.50,5,30521.50,30521.50,0.00
2026-06-16 09:28:10,30521.50,30521.75,30521.00,30521.75,11,30521.75,30521.75,0.00
2026-06-16 09:28:11,30522.25,30522.25,30522.25,30522.25,1,30522.25,30522.25,0.00
2026-06-16 09:28:12,30523.25,30523.25,30523.00,30523.00,3,30523.00,30523.00,0.00
2026-06-16 09:28:13,30523.75,30524.00,30523.50,30523.50,4,30523.50,30523.50,0.00
2026-06-16 09:28:14,30524.75,30525.50,30524.75,30525.50,4,30525.50,30525.50,0.00
2026-06-16 09:28:17,30525.00,30525.00,30525.00,30525.00,1,30525.00,30525.00,0.00
2026-06-16 09:28:18,30526.00,30526.00,30526.00,30526.00,6,30526.00,30526.00,0.00
2026-06-16 09:28:19,30525.50,30525.50,30525.50,30525.50,1,30525.50,30525.50,0.00
2026-06-16 09:28:20,30526.00,30526.00,30526.00,30526.00,1,30526.00,30526.00,0.00
2026-06-16 09:28:21,30525.50,30526.25,30525.50,30526.25,6,30526.25,30526.25,0.00
2026-06-16 09:28:22,30527.00,30527.00,30527.00,30527.00,1,30527.00,30527.00,0.00
2026-06-16 09:28:23,30526.25,30526.25,30526.00,30526.00,2,30526.00,30526.00,0.00
2026-06-16 09:28:24,30525.50,30525.50,30524.75,30524.75,7,30524.75,30524.75,0.00
2026-06-16 09:28:25,30523.75,30523.75,30523.75,30523.75,1,30523.75,30523.75,0.00
2026-06-16 09:28:26,30521.75,30521.75,30521.75,30521.75,1,30521.75,30521.75,0.00
2026-06-16 09:28:28,30522.00,30523.75,30522.00,30523.75,3,30523.75,30523.75,0.00
2026-06-16 09:28:30,30524.75,30525.25,30524.75,30525.25,2,30525.25,30525.25,0.00
2026-06-16 09:28:31,30525.00,30525.00,30523.25,30523.25,8,30523.25,30523.25,0.00
2026-06-16 09:28:32,30522.25,30523.00,30520.00,30520.50,11,30520.50,30520.50,0.00
2026-06-16 09:28:33,30521.00,30521.00,30520.25,30520.25,6,30520.25,30520.25,0.00
2026-06-16 09:28:34,30521.00,30521.00,30521.00,30521.00,1,30521.00,30521.00,0.00
2026-06-16 09:28:35,30520.00,30521.25,30519.00,30519.00,19,30519.00,30519.00,0.00
2026-06-16 09:28:37,30517.00,30517.00,30517.00,30517.00,1,30517.00,30517.00,0.00
2026-06-16 09:28:38,30515.75,30517.00,30514.75,30516.75,13,30516.75,30516.75,0.00
2026-06-16 09:28:40,30520.25,30521.25,30520.25,30520.25,12,30520.25,30520.25,0.00
2026-06-16 09:28:41,30520.50,30521.25,30520.50,30521.25,6,30521.25,30521.25,0.00
2026-06-16 09:28:42,30520.75,30520.75,30520.75,30520.75,1,30520.75,30520.75,0.00
2026-06-16 09:28:43,30521.75,30521.75,30521.25,30521.25,3,30521.25,30521.25,0.00
2026-06-16 09:28:44,30521.00,30521.00,30521.00,30521.00,1,30521.00,30521.00,0.00
2026-06-16 09:28:45,30520.50,30520.50,30520.50,30520.50,1,30520.50,30520.50,0.00
2026-06-16 09:28:48,30520.50,30520.75,30520.50,30520.75,2,30520.75,30520.75,0.00
2026-06-16 09:28:49,30521.00,30521.50,30521.00,30521.50,6,30521.50,30521.50,0.00
2026-06-16 09:28:50,30521.25,30521.50,30521.25,30521.50,4,30521.50,30521.50,0.00
2026-06-16 09:28:51,30520.25,30520.50,30519.75,30520.50,6,30520.50,30520.50,0.00
2026-06-16 09:28:54,30520.00,30520.00,30520.00,30520.00,3,30520.00,30520.00,0.00
2026-06-16 09:28:56,30519.25,30519.25,30519.25,30519.25,1,30519.25,30519.25,0.00
2026-06-16 09:28:58,30520.00,30520.00,30520.00,30520.00,1,30520.00,30520.00,0.00
2026-06-16 09:29:00,30520.25,30521.50,30520.25,30521.50,2,30521.50,30521.50,0.00
2026-06-16 09:29:01,30522.75,30522.75,30522.75,30522.75,1,30522.75,30522.75,0.00
2026-06-16 09:29:02,30522.75,30525.00,30522.75,30524.00,20,30524.00,30524.00,0.00
2026-06-16 09:29:03,30523.00,30523.00,30523.00,30523.00,1,30523.00,30523.00,0.00
2026-06-16 09:29:05,30525.00,30525.00,30524.75,30524.75,2,30524.75,30524.75,0.00
2026-06-16 09:29:06,30523.75,30524.00,30523.50,30524.00,10,30524.00,30524.00,0.00
2026-06-16 09:29:07,30523.00,30523.75,30522.75,30523.75,4,30523.75,30523.75,0.00
2026-06-16 09:29:09,30523.00,30524.00,30523.00,30524.00,2,30524.00,30524.00,0.00
2026-06-16 09:29:11,30525.25,30526.25,30524.75,30524.75,15,30524.75,30524.75,0.00
2026-06-16 09:29:12,30524.25,30524.25,30524.25,30524.25,1,30524.25,30524.25,0.00
2026-06-16 09:29:13,30524.75,30525.00,30523.75,30523.75,5,30523.75,30523.75,0.00
2026-06-16 09:29:14,30525.75,30526.25,30525.75,30526.00,5,30526.00,30526.00,0.00
2026-06-16 09:29:15,30525.50,30525.50,30525.25,30525.25,2,30525.25,30525.25,0.00
2026-06-16 09:29:17,30524.75,30526.50,30524.75,30526.50,8,30526.50,30526.50,0.00
2026-06-16 09:29:18,30526.50,30526.50,30526.00,30526.00,3,30526.00,30526.00,0.00
2026-06-16 09:29:19,30527.00,30529.00,30527.00,30529.00,10,30529.00,30529.00,0.00
2026-06-16 09:29:20,30528.75,30528.75,30528.00,30528.50,3,30528.50,30528.50,0.00
2026-06-16 09:29:21,30528.00,30528.75,30528.00,30528.00,6,30528.00,30528.00,0.00
2026-06-16 09:29:22,30527.75,30529.25,30527.75,30529.25,5,30529.25,30529.25,0.00
2026-06-16 09:29:23,30528.25,30528.75,30528.25,30528.75,4,30528.75,30528.75,0.00
2026-06-16 09:29:24,30527.00,30527.00,30527.00,30527.00,1,30527.00,30527.00,0.00
2026-06-16 09:29:25,30526.75,30526.75,30526.75,30526.75,1,30526.75,30526.75,0.00
2026-06-16 09:29:26,30527.25,30527.50,30524.25,30524.25,21,30524.25,30524.25,0.00
2026-06-16 09:29:27,30525.00,30525.00,30525.00,30525.00,1,30525.00,30525.00,0.00
2026-06-16 09:29:28,30525.25,30525.25,30524.00,30524.25,6,30524.25,30524.25,0.00
2026-06-16 09:29:29,30523.75,30523.75,30522.25,30522.25,12,30522.25,30522.25,0.00
2026-06-16 09:29:30,30522.75,30523.25,30522.50,30523.00,6,30523.00,30523.00,0.00
2026-06-16 09:29:31,30521.50,30521.50,30517.75,30517.75,27,30517.75,30517.75,0.00
2026-06-16 09:29:32,30518.50,30518.50,30517.75,30517.75,3,30517.75,30517.75,0.00
2026-06-16 09:29:33,30516.50,30516.50,30512.00,30512.00,23,30512.00,30512.00,0.00
2026-06-16 09:29:34,30512.75,30513.25,30510.25,30510.25,31,30510.25,30510.25,0.00
2026-06-16 09:29:35,30510.75,30510.75,30508.00,30509.75,58,30509.75,30509.75,0.00
2026-06-16 09:29:36,30510.00,30510.50,30507.00,30507.50,58,30507.50,30507.50,0.00
2026-06-16 09:29:37,30507.00,30508.50,30504.00,30505.00,31,30505.00,30505.00,0.00
2026-06-16 09:29:38,30505.00,30510.50,30503.25,30505.00,172,30505.00,30505.00,0.00
2026-06-16 09:29:39,30505.50,30506.75,30504.25,30506.25,18,30506.25,30506.25,0.00
2026-06-16 09:29:40,30505.00,30508.00,30505.00,30506.00,30,30506.00,30506.00,0.00
2026-06-16 09:29:41,30505.25,30506.75,30504.75,30506.75,15,30506.75,30506.75,0.00
2026-06-16 09:29:42,30507.25,30507.50,30506.00,30507.50,12,30507.50,30507.50,0.00
2026-06-16 09:29:43,30508.00,30509.25,30506.75,30506.75,12,30506.75,30506.75,0.00
2026-06-16 09:29:44,30508.25,30509.00,30506.75,30507.50,18,30507.50,30507.50,0.00
2026-06-16 09:29:45,30507.75,30507.75,30505.00,30505.50,20,30505.50,30505.50,0.00
2026-06-16 09:29:46,30506.25,30508.25,30506.25,30507.50,17,30507.50,30507.50,0.00
2026-06-16 09:29:47,30507.50,30507.50,30506.25,30506.25,5,30506.25,30506.25,0.00
2026-06-16 09:29:48,30505.50,30506.00,30504.75,30504.75,7,30504.75,30504.75,0.00
2026-06-16 09:29:49,30505.50,30505.50,30505.00,30505.00,5,30505.00,30505.00,0.00
2026-06-16 09:29:50,30506.25,30506.75,30505.50,30505.50,6,30505.50,30505.50,0.00
2026-06-16 09:29:51,30507.00,30507.00,30505.25,30505.50,7,30505.50,30505.50,0.00
2026-06-16 09:29:52,30504.50,30506.25,30504.50,30505.75,5,30505.75,30505.75,0.00
2026-06-16 09:29:53,30505.00,30506.25,30502.25,30502.25,28,30502.25,30502.25,0.00
2026-06-16 09:29:54,30505.00,30508.00,30504.50,30505.50,50,30505.50,30505.50,0.00
2026-06-16 09:29:55,30506.50,30507.50,30505.25,30507.00,11,30507.00,30507.00,0.00
2026-06-16 09:29:56,30506.25,30507.00,30505.50,30505.75,26,30505.75,30505.75,0.00
2026-06-16 09:29:57,30505.75,30510.50,30505.25,30506.75,32,30506.75,30506.75,0.00
2026-06-16 09:29:58,30505.25,30511.00,30502.00,30509.00,207,30509.00,30509.00,0.00
2026-06-16 09:29:59,30509.00,30509.00,30504.00,30505.75,19,30505.75,30505.75,0.00
2026-06-16 09:30:00,30503.25,30505.75,30500.00,30500.00,48,30500.00,30500.00,0.00
2026-06-16 09:30:01,30503.25,30503.75,30497.00,30498.00,153,30498.00,30498.00,0.00
2026-06-16 09:30:02,30500.00,30509.25,30500.00,30505.25,114,30505.25,30505.25,0.00
2026-06-16 09:30:03,30504.50,30506.75,30495.25,30495.25,112,30495.25,30495.25,0.00
2026-06-16 09:30:04,30496.25,30500.25,30493.25,30493.25,143,30493.25,30493.25,0.00
2026-06-16 09:30:05,30493.25,30499.50,30490.25,30492.00,83,30492.00,30492.00,0.00
2026-06-16 09:30:06,30491.25,30496.00,30480.00,30486.00,278,30486.00,30486.00,0.00
2026-06-16 09:30:07,30486.00,30493.75,30482.25,30492.00,127,30492.00,30492.00,0.00
2026-06-16 09:30:08,30490.75,30490.75,30480.25,30485.50,118,30485.50,30485.50,0.00
2026-06-16 09:30:09,30486.00,30488.50,30473.75,30477.50,203,30477.50,30477.50,0.00
2026-06-16 09:30:10,30477.00,30479.50,30469.50,30474.25,252,30474.25,30474.25,0.00
2026-06-16 09:30:11,30475.75,30476.25,30467.50,30470.00,94,30470.00,30470.00,0.00
2026-06-16 09:30:12,30468.25,30475.50,30465.25,30473.50,92,30473.50,30473.50,0.00
2026-06-16 09:30:13,30473.25,30481.25,30470.00,30470.25,252,30470.25,30470.25,0.00
2026-06-16 09:30:14,30470.75,30482.00,30470.25,30481.50,181,30481.50,30481.50,0.00
2026-06-16 09:30:15,30481.75,30484.75,30475.75,30480.75,95,30480.75,30480.75,0.00
2026-06-16 09:30:16,30478.25,30481.75,30472.25,30474.50,93,30474.50,30474.50,0.00
2026-06-16 09:30:17,30472.00,30475.25,30467.25,30467.75,101,30467.75,30467.75,0.00
2026-06-16 09:30:18,30467.25,30473.00,30466.25,30471.25,64,30471.25,30471.25,0.00
2026-06-16 09:30:19,30472.00,30472.00,30466.25,30468.75,38,30468.75,30468.75,0.00
2026-06-16 09:30:20,30467.50,30469.00,30466.25,30468.00,34,30468.00,30468.00,0.00
2026-06-16 09:30:21,30468.00,30470.00,30462.75,30464.50,70,30464.50,30464.50,0.00
2026-06-16 09:30:22,30465.75,30465.75,30457.00,30457.25,108,30457.25,30457.25,0.00
2026-06-16 09:30:23,30457.75,30462.25,30457.75,30458.75,73,30458.75,30458.75,0.00
2026-06-16 09:30:24,30458.75,30466.50,30458.25,30465.50,73,30465.50,30465.50,0.00
2026-06-16 09:30:25,30465.00,30465.00,30459.50,30464.25,67,30464.25,30464.25,0.00
2026-06-16 09:30:26,30465.25,30467.25,30463.75,30465.00,37,30465.00,30465.00,0.00
2026-06-16 09:30:27,30464.75,30471.25,30463.75,30471.25,43,30471.25,30471.25,0.00
2026-06-16 09:30:28,30469.25,30473.50,30467.00,30467.00,61,30467.00,30467.00,0.00
2026-06-16 09:30:29,30468.25,30476.50,30464.50,30474.25,55,30474.25,30474.25,0.00
2026-06-16 09:30:30,30475.25,30482.00,30474.00,30480.25,94,30480.25,30480.25,0.00
2026-06-16 09:30:31,30481.25,30482.50,30476.75,30480.25,78,30480.25,30480.25,0.00
2026-06-16 09:30:32,30477.50,30483.75,30476.50,30483.25,34,30483.25,30483.25,0.00
2026-06-16 09:30:33,30483.00,30485.00,30480.75,30484.75,47,30484.75,30484.75,0.00
2026-06-16 09:30:34,30484.25,30484.50,30478.50,30481.25,50,30481.25,30481.25,0.00
2026-06-16 09:30:35,30478.50,30487.00,30475.50,30486.50,64,30486.50,30486.50,0.00
2026-06-16 09:30:36,30486.75,30486.75,30481.75,30482.25,41,30482.25,30482.25,0.00
2026-06-16 09:30:37,30481.75,30483.25,30477.75,30481.25,83,30481.25,30481.25,0.00
2026-06-16 09:30:38,30483.75,30484.25,30480.75,30480.75,21,30480.75,30480.75,0.00
2026-06-16 09:30:39,30480.50,30488.00,30479.25,30485.50,61,30485.50,30485.50,0.00
2026-06-16 09:30:40,30487.50,30497.75,30485.75,30497.25,75,30497.25,30497.25,0.00
2026-06-16 09:30:41,30497.75,30498.25,30491.50,30495.75,95,30495.75,30495.75,0.00
2026-06-16 09:30:42,30495.50,30496.25,30491.75,30496.25,46,30496.25,30496.25,0.00
2026-06-16 09:30:43,30493.75,30494.25,30489.25,30491.00,49,30491.00,30491.00,0.00
2026-06-16 09:30:44,30490.75,30493.75,30489.50,30493.75,26,30493.75,30493.75,0.00
2026-06-16 09:30:45,30494.50,30503.00,30493.50,30503.00,70,30503.00,30503.00,0.00
2026-06-16 09:30:46,30501.00,30501.00,30494.75,30495.50,119,30495.50,30495.50,0.00
2026-06-16 09:30:47,30495.75,30502.00,30495.50,30500.00,87,30500.00,30500.00,0.00
2026-06-16 09:30:48,30500.25,30501.50,30497.75,30500.50,22,30500.50,30500.50,0.00
2026-06-16 09:30:49,30500.50,30500.50,30499.50,30499.75,5,30499.75,30499.75,0.00
2026-06-16 09:30:50,30499.25,30504.50,30498.75,30499.50,92,30499.50,30499.50,0.00
2026-06-16 09:30:51,30498.50,30501.75,30497.00,30498.75,63,30498.75,30498.75,0.00
2026-06-16 09:30:52,30497.25,30498.25,30489.25,30491.75,83,30491.75,30491.75,0.00
2026-06-16 09:30:53,30491.25,30493.50,30488.25,30490.50,43,30490.50,30490.50,0.00
2026-06-16 09:30:54,30491.00,30495.75,30489.00,30495.75,30,30495.75,30495.75,0.00
2026-06-16 09:30:55,30493.50,30495.00,30490.75,30493.50,16,30493.50,30493.50,0.00
2026-06-16 09:30:56,30493.00,30493.50,30489.00,30493.50,43,30493.50,30493.50,0.00
2026-06-16 09:30:57,30493.25,30497.75,30492.00,30495.50,78,30495.50,30495.50,0.00
2026-06-16 09:30:58,30496.50,30501.00,30495.75,30500.50,36,30500.50,30500.50,0.00
2026-06-16 09:30:59,30499.50,30501.00,30495.00,30497.25,44,30497.25,30497.25,0.00
2026-06-16 09:31:00,30497.75,30501.00,30497.75,30500.00,16,30500.00,30500.00,0.00
2026-06-16 09:31:01,30498.25,30498.25,30483.75,30492.00,113,30492.00,30492.00,0.00
2026-06-16 09:31:02,30491.75,30491.75,30484.25,30486.50,81,30486.50,30486.50,0.00
2026-06-16 09:31:03,30488.00,30489.50,30486.00,30487.75,62,30487.75,30487.75,0.00
2026-06-16 09:31:04,30485.50,30485.50,30481.75,30481.75,28,30481.75,30481.75,0.00
2026-06-16 09:31:05,30482.50,30485.00,30477.50,30477.50,84,30477.50,30477.50,0.00
2026-06-16 09:31:06,30478.00,30478.25,30472.50,30478.25,134,30478.25,30478.25,0.00
2026-06-16 09:31:07,30476.75,30484.25,30475.75,30479.00,122,30479.00,30479.00,0.00
2026-06-16 09:31:08,30478.75,30478.75,30471.75,30473.75,53,30473.75,30473.75,0.00
2026-06-16 09:31:09,30473.75,30476.50,30472.00,30476.50,51,30476.50,30476.50,0.00
2026-06-16 09:31:10,30475.75,30481.25,30475.00,30479.50,50,30479.50,30479.50,0.00
2026-06-16 09:31:11,30479.00,30480.00,30471.50,30473.50,83,30473.50,30473.50,0.00
2026-06-16 09:31:12,30476.50,30478.00,30473.75,30478.00,61,30478.00,30478.00,0.00
2026-06-16 09:31:13,30477.00,30477.25,30471.75,30472.50,62,30472.50,30472.50,0.00
2026-06-16 09:31:14,30473.50,30478.50,30473.50,30477.00,38,30477.00,30477.00,0.00
2026-06-16 09:31:15,30477.75,30483.25,30477.75,30482.00,64,30482.00,30482.00,0.00
2026-06-16 09:31:16,30482.50,30482.75,30479.25,30482.25,63,30482.25,30482.25,0.00
2026-06-16 09:31:17,30481.25,30484.75,30479.50,30483.75,52,30483.75,30483.75,0.00
2026-06-16 09:31:18,30481.25,30486.00,30479.75,30484.50,46,30484.50,30484.50,0.00
2026-06-16 09:31:19,30484.75,30486.00,30483.25,30485.75,30,30485.75,30485.75,0.00
2026-06-16 09:31:20,30485.25,30490.75,30485.00,30489.25,41,30489.25,30489.25,0.00
2026-06-16 09:31:21,30489.50,30491.00,30482.25,30483.25,35,30483.25,30483.25,0.00
2026-06-16 09:31:22,30483.25,30484.00,30480.50,30481.75,37,30481.75,30481.75,0.00
2026-06-16 09:31:23,30483.75,30487.25,30483.75,30486.25,4,30486.25,30486.25,0.00
2026-06-16 09:31:24,30484.75,30485.75,30479.75,30480.50,37,30480.50,30480.50,0.00
2026-06-16 09:31:25,30482.50,30486.25,30482.00,30483.75,52,30483.75,30483.75,0.00
2026-06-16 09:31:26,30485.25,30486.00,30481.25,30484.00,30,30484.00,30484.00,0.00
2026-06-16 09:31:27,30484.75,30485.00,30481.75,30481.75,34,30481.75,30481.75,0.00
2026-06-16 09:31:28,30481.50,30484.75,30481.50,30484.75,21,30484.75,30484.75,0.00
2026-06-16 09:31:29,30482.50,30482.50,30478.50,30481.00,20,30481.00,30481.00,0.00
2026-06-16 09:31:30,30479.25,30481.25,30477.50,30478.75,42,30478.75,30478.75,0.00
2026-06-16 09:31:31,30479.25,30479.25,30471.00,30471.75,69,30471.75,30471.75,0.00
2026-06-16 09:31:32,30473.00,30477.75,30472.25,30472.75,93,30472.75,30472.75,0.00
2026-06-16 09:31:33,30473.75,30479.25,30473.50,30477.75,71,30477.75,30477.75,0.00
2026-06-16 09:31:34,30476.25,30476.75,30473.00,30476.00,29,30476.00,30476.00,0.00
2026-06-16 09:31:35,30478.00,30478.75,30476.00,30476.50,15,30476.50,30476.50,0.00
2026-06-16 09:31:36,30475.00,30477.00,30473.25,30477.00,72,30477.00,30477.00,0.00
2026-06-16 09:31:37,30476.75,30479.00,30476.50,30477.75,52,30477.75,30477.75,0.00
2026-06-16 09:31:38,30478.00,30478.25,30470.75,30471.00,43,30471.00,30471.00,0.00
2026-06-16 09:31:39,30471.25,30476.00,30470.50,30474.00,47,30474.00,30474.00,0.00
2026-06-16 09:31:40,30475.75,30475.75,30465.50,30466.75,77,30466.75,30466.75,0.00
2026-06-16 09:31:41,30467.00,30470.75,30465.50,30469.75,96,30469.75,30469.75,0.00
2026-06-16 09:31:42,30469.00,30469.00,30461.25,30462.25,80,30462.25,30462.25,0.00
2026-06-16 09:31:43,30464.25,30466.00,30458.75,30462.25,99,30462.25,30462.25,0.00
2026-06-16 09:31:44,30461.75,30463.75,30459.50,30461.50,52,30461.50,30461.50,0.00
2026-06-16 09:31:45,30461.00,30464.75,30460.75,30463.00,65,30463.00,30463.00,0.00
2026-06-16 09:31:46,30462.00,30465.00,30462.00,30465.00,44,30465.00,30465.00,0.00
2026-06-16 09:31:47,30462.25,30466.75,30462.25,30466.75,55,30466.75,30466.75,0.00
2026-06-16 09:31:48,30467.50,30469.25,30465.50,30469.25,47,30469.25,30469.25,0.00
2026-06-16 09:31:49,30469.25,30470.50,30462.75,30464.25,64,30464.25,30464.25,0.00
2026-06-16 09:31:50,30462.75,30463.25,30457.25,30458.50,124,30458.50,30458.50,0.00
2026-06-16 09:31:51,30459.50,30471.25,30458.50,30470.75,107,30470.75,30470.75,0.00
2026-06-16 09:31:52,30469.75,30472.25,30468.75,30471.75,95,30471.75,30471.75,0.00
2026-06-16 09:31:53,30470.75,30471.00,30466.50,30468.25,25,30468.25,30468.25,0.00
2026-06-16 09:31:54,30468.50,30469.75,30467.00,30469.50,17,30469.50,30469.50,0.00
2026-06-16 09:31:55,30468.50,30480.75,30468.00,30479.25,106,30479.25,30479.25,0.00
2026-06-16 09:31:56,30480.25,30484.25,30478.50,30480.00,88,30480.00,30480.00,0.00
2026-06-16 09:31:57,30479.25,30479.75,30475.25,30478.00,18,30478.00,30478.00,0.00
2026-06-16 09:31:58,30478.25,30480.25,30477.75,30479.50,16,30479.50,30479.50,0.00
2026-06-16 09:31:59,30479.50,30481.00,30478.50,30478.75,23,30478.75,30478.75,0.00
2026-06-16 09:32:00,30477.75,30481.25,30475.50,30475.75,44,30475.75,30475.75,0.00
2026-06-16 09:32:01,30476.25,30485.25,30476.00,30484.50,70,30484.50,30484.50,0.00
2026-06-16 09:32:02,30484.25,30486.50,30482.00,30484.00,69,30484.00,30484.00,0.00
2026-06-16 09:32:03,30483.50,30484.50,30478.25,30478.25,64,30478.25,30478.25,0.00
2026-06-16 09:32:04,30479.50,30481.25,30478.00,30481.25,44,30481.25,30481.25,0.00
2026-06-16 09:32:05,30481.25,30481.75,30472.50,30473.50,132,30473.50,30473.50,0.00
2026-06-16 09:32:06,30474.25,30483.25,30472.25,30482.75,83,30482.75,30482.75,0.00
2026-06-16 09:32:07,30481.25,30483.00,30479.25,30479.25,39,30479.25,30479.25,0.00
2026-06-16 09:32:08,30479.00,30481.50,30478.25,30479.50,58,30479.50,30479.50,0.00
2026-06-16 09:32:09,30479.75,30490.00,30479.50,30489.00,67,30489.00,30489.00,0.00
2026-06-16 09:32:10,30489.75,30491.00,30486.00,30488.00,66,30488.00,30488.00,0.00
2026-06-16 09:32:11,30486.25,30487.00,30481.00,30484.00,59,30484.00,30484.00,0.00
2026-06-16 09:32:12,30483.75,30486.50,30482.75,30483.00,42,30483.00,30483.00,0.00
2026-06-16 09:32:13,30483.50,30484.50,30477.75,30483.00,92,30483.00,30483.00,0.00
2026-06-16 09:32:14,30482.50,30489.50,30482.25,30489.50,31,30489.50,30489.50,0.00
2026-06-16 09:32:15,30488.50,30490.00,30487.25,30487.25,33,30487.25,30487.25,0.00
2026-06-16 09:32:16,30487.00,30489.50,30486.00,30486.00,36,30486.00,30486.00,0.00
2026-06-16 09:32:17,30488.25,30489.25,30483.75,30485.00,38,30485.00,30485.00,0.00
2026-06-16 09:32:18,30484.75,30485.00,30481.00,30481.00,17,30481.00,30481.00,0.00
2026-06-16 09:32:19,30481.00,30482.75,30479.00,30480.00,36,30480.00,30480.00,0.00
2026-06-16 09:32:20,30480.75,30486.00,30480.00,30483.00,32,30483.00,30483.00,0.00
2026-06-16 09:32:21,30483.50,30484.00,30476.75,30477.00,27,30477.00,30477.00,0.00
2026-06-16 09:32:22,30476.75,30478.25,30473.25,30474.25,65,30474.25,30474.25,0.00
2026-06-16 09:32:23,30475.50,30475.75,30472.75,30473.25,57,30473.25,30473.25,0.00
2026-06-16 09:32:24,30472.25,30473.50,30468.50,30471.75,36,30471.75,30471.75,0.00
2026-06-16 09:32:25,30471.75,30476.25,30471.75,30476.25,44,30476.25,30476.25,0.00
2026-06-16 09:32:26,30476.50,30477.00,30473.50,30474.50,34,30474.50,30474.50,0.00
2026-06-16 09:32:27,30473.00,30473.25,30471.00,30473.25,31,30473.25,30473.25,0.00
2026-06-16 09:32:28,30472.50,30476.50,30472.50,30476.50,42,30476.50,30476.50,0.00
2026-06-16 09:32:29,30476.25,30481.50,30476.25,30481.50,28,30481.50,30481.50,0.00
2026-06-16 09:32:30,30480.25,30481.50,30477.75,30481.50,27,30481.50,30481.50,0.00
2026-06-16 09:32:31,30481.75,30485.00,30481.00,30481.50,45,30481.50,30481.50,0.00
2026-06-16 09:32:32,30480.50,30480.75,30476.50,30479.00,70,30479.00,30479.00,0.00
2026-06-16 09:32:33,30479.50,30482.75,30479.00,30482.75,18,30482.75,30482.75,0.00
2026-06-16 09:32:34,30480.50,30481.50,30477.75,30478.00,76,30478.00,30478.00,0.00
2026-06-16 09:32:35,30480.25,30484.75,30480.25,30480.75,36,30480.75,30480.75,0.00
2026-06-16 09:32:36,30481.25,30481.25,30475.00,30476.00,48,30476.00,30476.00,0.00
2026-06-16 09:32:37,30475.50,30481.00,30474.75,30481.00,72,30481.00,30481.00,0.00
2026-06-16 09:32:38,30480.75,30485.50,30480.75,30484.00,47,30484.00,30484.00,0.00
2026-06-16 09:32:39,30484.00,30486.25,30482.25,30483.25,51,30483.25,30483.25,0.00
2026-06-16 09:32:40,30482.25,30485.00,30482.25,30482.50,38,30482.50,30482.50,0.00
2026-06-16 09:32:41,30482.25,30483.00,30481.00,30483.00,31,30483.00,30483.00,0.00
2026-06-16 09:32:42,30481.75,30482.50,30480.00,30482.50,37,30482.50,30482.50,0.00
2026-06-16 09:32:43,30481.00,30487.25,30480.50,30485.50,62,30485.50,30485.50,0.00
2026-06-16 09:32:44,30486.50,30489.25,30484.25,30486.75,79,30486.75,30486.75,0.00
2026-06-16 09:32:45,30487.00,30487.00,30479.75,30480.25,48,30480.25,30480.25,0.00
2026-06-16 09:32:46,30479.50,30483.00,30477.00,30483.00,62,30483.00,30483.00,0.00
2026-06-16 09:32:47,30483.25,30483.25,30475.75,30476.50,40,30476.50,30476.50,0.00
2026-06-16 09:32:48,30475.50,30479.25,30474.00,30477.25,53,30477.25,30477.25,0.00
2026-06-16 09:32:49,30478.50,30479.25,30476.50,30476.50,20,30476.50,30476.50,0.00
2026-06-16 09:32:50,30478.25,30481.50,30477.00,30479.75,31,30479.75,30479.75,0.00
2026-06-16 09:32:51,30480.75,30485.50,30480.25,30483.75,51,30483.75,30483.75,0.00
2026-06-16 09:32:52,30484.75,30484.75,30479.50,30480.50,29,30480.50,30480.50,0.00
2026-06-16 09:32:53,30480.75,30481.00,30478.00,30478.75,27,30478.75,30478.75,0.00
2026-06-16 09:32:54,30477.00,30481.50,30476.50,30478.50,34,30478.50,30478.50,0.00
2026-06-16 09:32:55,30477.75,30479.00,30475.00,30475.00,62,30475.00,30475.00,0.00
2026-06-16 09:32:56,30473.75,30475.75,30471.50,30475.50,79,30475.50,30475.50,0.00
2026-06-16 09:32:57,30473.75,30474.75,30472.25,30473.25,63,30473.25,30473.25,0.00
2026-06-16 09:32:58,30473.75,30478.25,30473.50,30478.00,39,30478.00,30478.00,0.00
2026-06-16 09:32:59,30477.50,30482.00,30477.50,30482.00,45,30482.00,30482.00,0.00
2026-06-16 09:33:00,30481.00,30484.25,30481.00,30484.25,31,30484.25,30484.25,0.00
2026-06-16 09:33:01,30482.50,30483.75,30476.50,30480.00,89,30480.00,30480.00,0.00
2026-06-16 09:33:02,30479.50,30484.75,30479.50,30483.25,47,30483.25,30483.25,0.00
2026-06-16 09:33:03,30483.75,30484.00,30480.50,30483.00,16,30483.00,30483.00,0.00
2026-06-16 09:33:04,30483.75,30485.00,30482.25,30483.50,32,30483.50,30483.50,0.00
2026-06-16 09:33:05,30483.00,30484.25,30481.00,30482.00,34,30482.00,30482.00,0.00
2026-06-16 09:33:06,30482.50,30483.75,30480.25,30481.75,54,30481.75,30481.75,0.00
2026-06-16 09:33:07,30480.50,30481.75,30480.25,30480.25,14,30480.25,30480.25,0.00
2026-06-16 09:33:08,30481.25,30485.25,30481.00,30483.50,27,30483.50,30483.50,0.00
2026-06-16 09:33:09,30483.75,30485.00,30481.75,30483.00,49,30483.00,30483.00,0.00
2026-06-16 09:33:10,30483.00,30489.50,30483.00,30487.75,59,30487.75,30487.75,0.00
2026-06-16 09:33:11,30487.50,30489.00,30484.25,30485.75,61,30485.75,30485.75,0.00
2026-06-16 09:33:12,30486.25,30489.75,30484.25,30488.50,53,30488.50,30488.50,0.00
2026-06-16 09:33:13,30487.25,30497.00,30487.25,30497.00,92,30497.00,30497.00,0.00
2026-06-16 09:33:14,30496.00,30497.00,30491.75,30492.00,79,30492.00,30492.00,0.00
2026-06-16 09:33:15,30493.00,30493.00,30482.25,30482.25,111,30482.25,30482.25,0.00
2026-06-16 09:33:16,30483.00,30491.00,30482.50,30490.00,51,30490.00,30490.00,0.00
2026-06-16 09:33:17,30491.25,30493.25,30489.50,30489.50,31,30489.50,30489.50,0.00
2026-06-16 09:33:18,30490.50,30491.00,30488.75,30488.75,8,30488.75,30488.75,0.00
2026-06-16 09:33:19,30489.00,30494.25,30487.00,30493.75,20,30493.75,30493.75,0.00
2026-06-16 09:33:20,30493.50,30495.50,30487.50,30487.50,16,30487.50,30487.50,0.00
2026-06-16 09:33:21,30489.25,30490.00,30486.75,30488.25,24,30488.25,30488.25,0.00
2026-06-16 09:33:22,30489.00,30489.50,30484.25,30484.25,19,30484.25,30484.25,0.00
2026-06-16 09:33:23,30484.50,30484.50,30479.00,30480.50,32,30480.50,30480.50,0.00
2026-06-16 09:33:24,30480.00,30480.50,30476.50,30477.50,25,30477.50,30477.50,0.00
2026-06-16 09:33:25,30478.75,30478.75,30476.25,30477.75,24,30477.75,30477.75,0.00
2026-06-16 09:33:26,30478.50,30478.75,30475.50,30475.50,19,30475.50,30475.50,0.00
2026-06-16 09:33:27,30478.50,30480.00,30476.75,30477.50,14,30477.50,30477.50,0.00
2026-06-16 09:33:28,30478.25,30478.50,30476.50,30476.75,5,30476.75,30476.75,0.00
2026-06-16 09:33:29,30475.00,30475.50,30472.50,30475.50,21,30475.50,30475.50,0.00
2026-06-16 09:33:30,30473.25,30476.00,30473.25,30474.75,18,30474.75,30474.75,0.00
2026-06-16 09:33:31,30473.00,30475.00,30472.75,30472.75,12,30472.75,30472.75,0.00
2026-06-16 09:33:32,30473.50,30473.50,30470.50,30473.25,32,30473.25,30473.25,0.00
2026-06-16 09:33:33,30471.50,30478.25,30470.00,30478.00,40,30478.00,30478.00,0.00
2026-06-16 09:33:34,30476.00,30478.50,30474.50,30478.50,21,30478.50,30478.50,0.00
2026-06-16 09:33:35,30478.50,30478.75,30477.50,30478.75,7,30478.75,30478.75,0.00
2026-06-16 09:33:36,30477.00,30478.25,30476.50,30476.75,18,30476.75,30476.75,0.00
2026-06-16 09:33:37,30477.50,30477.50,30472.00,30472.00,7,30472.00,30472.00,0.00
2026-06-16 09:33:38,30471.50,30471.50,30468.75,30470.25,20,30470.25,30470.25,0.00
2026-06-16 09:33:39,30470.00,30471.25,30463.75,30464.50,59,30464.50,30464.50,0.00
2026-06-16 09:33:40,30463.75,30466.50,30462.25,30466.50,32,30466.50,30466.50,0.00
2026-06-16 09:33:41,30465.50,30465.75,30464.50,30465.75,7,30465.75,30465.75,0.00
2026-06-16 09:33:42,30466.50,30468.50,30464.00,30464.25,33,30464.25,30464.25,0.00
2026-06-16 09:33:43,30463.00,30465.50,30463.00,30465.50,19,30465.50,30465.50,0.00
2026-06-16 09:33:44,30466.25,30467.00,30464.00,30465.50,24,30465.50,30465.50,0.00
2026-06-16 09:33:45,30466.75,30470.00,30466.50,30466.50,15,30466.50,30466.50,0.00
2026-06-16 09:33:46,30467.00,30467.00,30464.00,30466.25,16,30466.25,30466.25,0.00
2026-06-16 09:33:47,30466.00,30467.25,30464.00,30464.00,24,30464.00,30464.00,0.00
2026-06-16 09:33:48,30464.75,30465.50,30462.75,30462.75,20,30462.75,30462.75,0.00
2026-06-16 09:33:49,30464.75,30465.75,30462.50,30463.25,30,30463.25,30463.25,0.00
2026-06-16 09:33:50,30462.00,30462.50,30460.00,30461.25,39,30461.25,30461.25,0.00
2026-06-16 09:33:51,30461.50,30462.75,30460.25,30462.75,27,30462.75,30462.75,0.00
2026-06-16 09:33:52,30460.00,30465.50,30459.00,30464.75,36,30464.75,30464.75,0.00
2026-06-16 09:33:53,30464.00,30464.00,30464.00,30464.00,1,30464.00,30464.00,0.00
2026-06-16 09:33:54,30464.00,30465.00,30461.25,30462.00,30,30462.00,30462.00,0.00
2026-06-16 09:33:55,30461.50,30461.50,30458.50,30459.25,21,30459.25,30459.25,0.00
2026-06-16 09:33:56,30459.50,30459.50,30454.75,30455.75,95,30455.75,30455.75,0.00
2026-06-16 09:33:57,30456.75,30459.00,30455.00,30455.75,51,30455.75,30455.75,0.00
2026-06-16 09:33:58,30455.00,30456.75,30454.25,30456.00,50,30456.00,30456.00,0.00
2026-06-16 09:33:59,30456.00,30457.25,30455.25,30455.75,13,30455.75,30455.75,0.00
2026-06-16 09:34:00,30455.00,30456.75,30453.50,30456.75,58,30456.75,30456.75,0.00
2026-06-16 09:34:01,30456.00,30456.50,30453.50,30453.50,35,30453.50,30453.50,0.00
2026-06-16 09:34:02,30453.25,30457.50,30452.00,30453.75,83,30453.75,30453.75,0.00
2026-06-16 09:34:03,30453.00,30454.25,30453.00,30453.75,9,30453.75,30453.75,0.00
2026-06-16 09:34:04,30453.50,30454.75,30452.00,30454.25,31,30454.25,30454.25,0.00
2026-06-16 09:34:05,30452.75,30453.75,30450.00,30453.50,71,30453.50,30453.50,0.00
2026-06-16 09:34:06,30452.50,30454.25,30449.00,30449.75,154,30449.75,30449.75,0.00
2026-06-16 09:34:07,30450.25,30450.25,30446.00,30447.25,85,30447.25,30447.25,0.00
2026-06-16 09:34:08,30447.50,30453.50,30446.50,30448.50,90,30448.50,30448.50,0.00
2026-06-16 09:34:09,30448.25,30449.50,30445.25,30449.50,26,30449.50,30449.50,0.00
2026-06-16 09:34:10,30446.75,30451.00,30446.50,30449.75,56,30449.75,30449.75,0.00
2026-06-16 09:34:11,30449.00,30452.50,30448.75,30450.00,26,30450.00,30450.00,0.00
2026-06-16 09:34:12,30448.50,30450.75,30447.25,30449.75,13,30449.75,30449.75,0.00
2026-06-16 09:34:13,30450.75,30452.00,30447.25,30448.50,31,30448.50,30448.50,0.00
2026-06-16 09:34:14,30449.25,30449.25,30443.00,30443.00,33,30443.00,30443.00,0.00
2026-06-16 09:34:15,30444.50,30448.25,30443.25,30448.25,27,30448.25,30448.25,0.00
2026-06-16 09:34:16,30447.00,30449.25,30446.00,30449.25,16,30449.25,30449.25,0.00
2026-06-16 09:34:17,30448.00,30450.75,30447.00,30449.00,38,30449.00,30449.00,0.00
2026-06-16 09:34:18,30448.75,30449.00,30446.75,30447.00,17,30447.00,30447.00,0.00
2026-06-16 09:34:19,30448.25,30448.25,30444.50,30446.00,12,30446.00,30446.00,0.00
2026-06-16 09:34:20,30445.50,30446.50,30443.00,30444.50,26,30444.50,30444.50,0.00
2026-06-16 09:34:21,30444.00,30448.00,30444.00,30447.25,21,30447.25,30447.25,0.00
2026-06-16 09:34:22,30447.25,30448.50,30446.75,30447.25,20,30447.25,30447.25,0.00
2026-06-16 09:34:23,30447.25,30450.00,30445.75,30449.25,42,30449.25,30449.25,0.00
2026-06-16 09:34:24,30449.25,30455.50,30449.00,30455.50,40,30455.50,30455.50,0.00
2026-06-16 09:34:25,30453.00,30456.00,30452.00,30455.50,33,30455.50,30455.50,0.00
2026-06-16 09:34:26,30452.50,30455.25,30450.75,30452.50,19,30452.50,30452.50,0.00
2026-06-16 09:34:27,30452.75,30456.25,30452.75,30454.50,12,30454.50,30454.50,0.00
2026-06-16 09:34:28,30453.50,30456.25,30452.75,30456.25,9,30456.25,30456.25,0.00
2026-06-16 09:34:29,30456.25,30461.25,30455.75,30456.75,67,30456.75,30456.75,0.00
2026-06-16 09:34:30,30458.50,30460.75,30456.75,30458.00,20,30458.00,30458.00,0.00
2026-06-16 09:34:31,30458.50,30459.25,30457.00,30457.00,22,30457.00,30457.00,0.00
2026-06-16 09:34:32,30459.25,30460.50,30456.75,30460.00,29,30460.00,30460.00,0.00
2026-06-16 09:34:33,30461.50,30462.00,30457.25,30460.25,33,30460.25,30460.25,0.00
2026-06-16 09:34:34,30459.75,30464.50,30459.75,30464.00,45,30464.00,30464.00,0.00
2026-06-16 09:34:35,30464.00,30466.25,30462.25,30466.25,33,30466.25,30466.25,0.00
2026-06-16 09:34:36,30466.00,30466.25,30460.00,30461.75,34,30461.75,30461.75,0.00
2026-06-16 09:34:37,30462.00,30466.75,30462.00,30466.75,20,30466.75,30466.75,0.00
2026-06-16 09:34:38,30465.25,30465.75,30462.00,30464.50,41,30464.50,30464.50,0.00
2026-06-16 09:34:39,30464.00,30465.75,30462.75,30465.25,14,30465.25,30465.25,0.00
2026-06-16 09:34:40,30464.75,30473.75,30464.75,30471.75,44,30471.75,30471.75,0.00
2026-06-16 09:34:41,30470.50,30473.50,30468.50,30468.50,63,30468.50,30468.50,0.00
2026-06-16 09:34:42,30469.75,30471.25,30465.50,30469.75,26,30469.75,30469.75,0.00
2026-06-16 09:34:43,30469.00,30472.00,30468.75,30471.00,21,30471.00,30471.00,0.00
2026-06-16 09:34:44,30471.25,30472.25,30468.75,30469.00,36,30469.00,30469.00,0.00
2026-06-16 09:34:45,30469.00,30469.25,30465.75,30466.75,29,30466.75,30466.75,0.00
2026-06-16 09:34:46,30467.75,30470.25,30467.75,30469.75,11,30469.75,30469.75,0.00
2026-06-16 09:34:47,30470.00,30471.75,30469.50,30471.75,8,30471.75,30471.75,0.00
2026-06-16 09:34:48,30472.50,30475.00,30472.25,30475.00,30,30475.00,30475.00,0.00
2026-06-16 09:34:49,30473.75,30476.75,30472.25,30472.25,29,30472.25,30472.25,0.00
2026-06-16 09:34:50,30473.50,30475.75,30472.75,30474.50,12,30474.50,30474.50,0.00
2026-06-16 09:34:51,30472.50,30476.00,30472.25,30474.75,16,30474.75,30474.75,0.00
2026-06-16 09:34:52,30474.50,30479.00,30474.00,30479.00,29,30479.00,30479.00,0.00
2026-06-16 09:34:53,30478.75,30482.75,30478.50,30482.75,34,30482.75,30482.75,0.00
2026-06-16 09:34:54,30482.75,30483.75,30480.75,30480.75,70,30480.75,30480.75,0.00
2026-06-16 09:34:55,30481.00,30485.00,30480.25,30483.25,58,30483.25,30483.25,0.00
2026-06-16 09:34:56,30482.25,30482.25,30478.25,30478.75,18,30478.75,30478.75,0.00
2026-06-16 09:34:57,30479.00,30480.50,30476.75,30479.75,19,30479.75,30479.75,0.00
2026-06-16 09:34:58,30480.00,30482.75,30479.50,30479.50,12,30479.50,30479.50,0.00
2026-06-16 09:34:59,30481.00,30483.50,30480.00,30483.50,22,30483.50,30483.50,0.00
2026-06-16 09:35:00,30484.00,30487.75,30483.50,30483.50,39,30483.50,30483.50,0.00
2026-06-16 09:35:01,30484.25,30492.00,30483.75,30491.25,91,30491.25,30491.25,0.00
2026-06-16 09:35:02,30490.50,30492.00,30487.00,30488.50,39,30488.50,30488.50,0.00
2026-06-16 09:35:03,30491.00,30492.00,30489.00,30489.75,31,30489.75,30489.75,0.00
2026-06-16 09:35:04,30489.50,30493.75,30489.25,30492.25,47,30492.25,30492.25,0.00
2026-06-16 09:35:05,30491.25,30502.00,30490.25,30501.75,92,30501.75,30501.75,0.00
2026-06-16 09:35:06,30502.25,30506.25,30501.00,30504.25,84,30504.25,30504.25,0.00
2026-06-16 09:35:07,30502.00,30508.00,30501.25,30506.00,57,30506.00,30506.00,0.00
2026-06-16 09:35:08,30505.50,30512.25,30504.75,30511.25,73,30511.25,30511.25,0.00
2026-06-16 09:35:09,30510.00,30515.00,30509.50,30512.25,46,30512.25,30512.25,0.00
2026-06-16 09:35:10,30512.75,30515.50,30510.25,30512.25,37,30512.25,30512.25,0.00
2026-06-16 09:35:11,30511.25,30514.75,30511.25,30513.75,35,30513.75,30513.75,0.00
2026-06-16 09:35:12,30514.25,30518.00,30512.75,30517.75,33,30517.75,30517.75,0.00
2026-06-16 09:35:13,30519.25,30521.50,30517.00,30517.50,66,30517.50,30517.50,0.00
2026-06-16 09:35:14,30516.75,30520.75,30516.75,30520.75,59,30520.75,30520.75,0.00
2026-06-16 09:35:15,30521.50,30523.25,30519.50,30522.50,82,30522.50,30522.50,0.00
2026-06-16 09:35:16,30522.75,30522.75,30520.00,30521.50,42,30521.50,30521.50,0.00
2026-06-16 09:35:17,30521.50,30523.25,30520.50,30521.00,27,30521.00,30521.00,0.00
2026-06-16 09:35:18,30520.25,30521.25,30516.25,30521.25,52,30521.25,30521.25,0.00
2026-06-16 09:35:19,30520.75,30522.75,30515.25,30515.25,46,30515.25,30515.25,0.00
2026-06-16 09:35:20,30516.50,30517.50,30514.25,30514.50,29,30514.50,30514.50,0.00
2026-06-16 09:35:21,30514.75,30516.00,30512.50,30514.50,31,30514.50,30514.50,0.00
2026-06-16 09:35:22,30514.25,30514.25,30507.75,30508.00,35,30508.00,30508.00,0.00
2026-06-16 09:35:23,30508.00,30513.50,30507.75,30511.50,45,30511.50,30511.50,0.00
2026-06-16 09:35:24,30511.25,30511.50,30508.25,30510.00,14,30510.00,30510.00,0.00
2026-06-16 09:35:25,30509.25,30514.50,30508.75,30514.50,30,30514.50,30514.50,0.00
2026-06-16 09:35:26,30514.75,30519.00,30514.75,30518.00,45,30518.00,30518.00,0.00
2026-06-16 09:35:27,30518.00,30519.75,30516.75,30516.75,39,30516.75,30516.75,0.00
2026-06-16 09:35:28,30517.00,30519.50,30513.00,30514.00,70,30514.00,30514.00,0.00
2026-06-16 09:35:29,30514.00,30514.25,30508.25,30511.50,35,30511.50,30511.50,0.00
2026-06-16 09:35:30,30511.25,30512.00,30509.50,30509.50,6,30509.50,30509.50,0.00
2026-06-16 09:35:31,30510.75,30515.50,30510.75,30515.25,29,30515.25,30515.25,0.00
2026-06-16 09:35:32,30514.75,30518.25,30514.50,30515.00,17,30515.00,30515.00,0.00
2026-06-16 09:35:33,30514.75,30514.75,30512.00,30512.50,20,30512.50,30512.50,0.00
2026-06-16 09:35:34,30512.75,30514.75,30511.50,30513.50,19,30513.50,30513.50,0.00
2026-06-16 09:35:35,30513.50,30514.50,30512.50,30512.50,10,30512.50,30512.50,0.00
2026-06-16 09:35:36,30513.00,30513.25,30511.25,30513.00,13,30513.00,30513.00,0.00
2026-06-16 09:35:37,30511.75,30511.75,30509.00,30509.00,21,30509.00,30509.00,0.00
2026-06-16 09:35:38,30508.00,30510.25,30505.75,30510.25,31,30510.25,30510.25,0.00
2026-06-16 09:35:39,30510.25,30514.75,30509.50,30512.50,16,30512.50,30512.50,0.00
2026-06-16 09:35:40,30512.75,30513.75,30510.25,30510.25,11,30510.25,30510.25,0.00
2026-06-16 09:35:41,30510.25,30517.75,30510.25,30517.75,27,30517.75,30517.75,0.00
2026-06-16 09:35:42,30517.50,30519.25,30516.75,30519.00,16,30519.00,30519.00,0.00
2026-06-16 09:35:43,30518.00,30518.00,30514.50,30514.50,14,30514.50,30514.50,0.00
2026-06-16 09:35:44,30513.75,30514.25,30513.00,30513.25,6,30513.25,30513.25,0.00
2026-06-16 09:35:45,30512.50,30514.00,30510.00,30514.00,34,30514.00,30514.00,0.00
2026-06-16 09:35:46,30515.25,30515.25,30514.00,30514.00,16,30514.00,30514.00,0.00
2026-06-16 09:35:47,30513.75,30513.75,30511.50,30512.25,18,30512.25,30512.25,0.00
2026-06-16 09:35:48,30511.50,30514.75,30511.50,30514.50,8,30514.50,30514.50,0.00
2026-06-16 09:35:49,30513.50,30513.50,30509.50,30510.50,19,30510.50,30510.50,0.00
2026-06-16 09:35:50,30512.50,30514.25,30512.50,30514.00,9,30514.00,30514.00,0.00
2026-06-16 09:35:51,30514.75,30518.00,30514.25,30518.00,15,30518.00,30518.00,0.00
2026-06-16 09:35:52,30517.75,30518.75,30517.25,30518.25,7,30518.25,30518.25,0.00
2026-06-16 09:35:53,30517.50,30519.25,30516.75,30517.00,16,30517.00,30517.00,0.00
2026-06-16 09:35:54,30518.00,30518.00,30514.75,30514.75,16,30514.75,30514.75,0.00
2026-06-16 09:35:55,30515.25,30516.75,30514.25,30514.50,15,30514.50,30514.50,0.00
2026-06-16 09:35:56,30517.00,30520.25,30517.00,30518.50,34,30518.50,30518.50,0.00
2026-06-16 09:35:57,30519.75,30523.75,30519.75,30523.25,34,30523.25,30523.25,0.00
2026-06-16 09:35:58,30523.50,30524.50,30522.25,30523.25,59,30523.25,30523.25,0.00
2026-06-16 09:35:59,30523.25,30524.50,30521.00,30523.00,20,30523.00,30523.00,0.00
2026-06-16 09:36:00,30524.25,30525.00,30523.25,30523.75,16,30523.75,30523.75,0.00
2026-06-16 09:36:01,30524.00,30524.00,30519.00,30519.25,34,30519.25,30519.25,0.00
2026-06-16 09:36:02,30519.00,30520.25,30514.00,30514.75,46,30514.75,30514.75,0.00
2026-06-16 09:36:03,30515.50,30519.25,30515.25,30515.25,40,30515.25,30515.25,0.00
2026-06-16 09:36:04,30516.75,30517.75,30514.75,30515.50,25,30515.50,30515.50,0.00
2026-06-16 09:36:05,30516.75,30518.00,30516.00,30516.00,30,30516.00,30516.00,0.00
2026-06-16 09:36:06,30517.50,30521.50,30517.50,30520.00,17,30520.00,30520.00,0.00
2026-06-16 09:36:07,30517.75,30522.75,30517.75,30521.75,15,30521.75,30521.75,0.00
2026-06-16 09:36:08,30521.25,30522.75,30520.00,30521.75,27,30521.75,30521.75,0.00
2026-06-16 09:36:09,30520.50,30520.50,30514.75,30515.00,26,30515.00,30515.00,0.00
2026-06-16 09:36:10,30515.25,30516.75,30514.50,30514.50,16,30514.50,30514.50,0.00
2026-06-16 09:36:11,30515.00,30515.00,30508.75,30508.75,38,30508.75,30508.75,0.00
2026-06-16 09:36:12,30508.00,30508.00,30504.25,30504.25,63,30504.25,30504.25,0.00
2026-06-16 09:36:13,30505.75,30507.25,30505.00,30506.25,21,30506.25,30506.25,0.00
2026-06-16 09:36:14,30507.00,30514.75,30506.75,30514.75,31,30514.75,30514.75,0.00
2026-06-16 09:36:15,30515.25,30515.25,30509.75,30509.75,22,30509.75,30509.75,0.00
2026-06-16 09:36:16,30509.75,30515.50,30509.75,30515.25,18,30515.25,30515.25,0.00
2026-06-16 09:36:17,30514.00,30515.25,30513.75,30513.75,5,30513.75,30513.75,0.00
2026-06-16 09:36:18,30515.50,30518.00,30514.50,30514.50,19,30514.50,30514.50,0.00
2026-06-16 09:36:19,30514.75,30515.50,30513.75,30513.75,4,30513.75,30513.75,0.00
2026-06-16 09:36:20,30512.75,30513.25,30510.75,30510.75,14,30510.75,30510.75,0.00
2026-06-16 09:36:21,30512.25,30514.25,30511.25,30514.25,21,30514.25,30514.25,0.00
2026-06-16 09:36:22,30512.25,30512.75,30510.50,30512.75,26,30512.75,30512.75,0.00
2026-06-16 09:36:23,30510.50,30510.50,30503.75,30505.25,38,30505.25,30505.25,0.00
2026-06-16 09:36:24,30505.75,30506.75,30505.00,30505.25,17,30505.25,30505.25,0.00
2026-06-16 09:36:25,30504.75,30510.25,30504.75,30510.25,13,30510.25,30510.25,0.00
2026-06-16 09:36:26,30510.75,30513.50,30510.00,30512.00,19,30512.00,30512.00,0.00
2026-06-16 09:36:27,30511.25,30514.00,30510.00,30514.00,21,30514.00,30514.00,0.00
2026-06-16 09:36:28,30514.50,30515.25,30512.50,30512.75,35,30512.75,30512.75,0.00
2026-06-16 09:36:29,30512.50,30512.50,30508.50,30508.50,16,30508.50,30508.50,0.00
2026-06-16 09:36:30,30507.75,30507.75,30505.75,30507.25,10,30507.25,30507.25,0.00
2026-06-16 09:36:31,30506.00,30506.00,30501.00,30502.50,29,30502.50,30502.50,0.00
2026-06-16 09:36:32,30501.25,30504.00,30501.25,30501.50,29,30501.50,30501.50,0.00
2026-06-16 09:36:33,30502.25,30509.00,30501.75,30509.00,22,30509.00,30509.00,0.00
2026-06-16 09:36:34,30509.50,30514.50,30509.50,30514.00,22,30514.00,30514.00,0.00
2026-06-16 09:36:35,30514.75,30514.75,30510.50,30511.75,38,30511.75,30511.75,0.00
2026-06-16 09:36:36,30510.25,30511.25,30508.00,30510.25,11,30510.25,30510.25,0.00
2026-06-16 09:36:37,30508.25,30509.25,30507.25,30509.25,12,30509.25,30509.25,0.00
2026-06-16 09:36:38,30506.00,30506.25,30504.25,30506.25,7,30506.25,30506.25,0.00
2026-06-16 09:36:39,30504.50,30505.25,30504.00,30504.00,8,30504.00,30504.00,0.00
2026-06-16 09:36:40,30505.25,30506.50,30503.50,30504.75,50,30504.75,30504.75,0.00
2026-06-16 09:36:41,30505.50,30506.75,30503.25,30503.25,13,30503.25,30503.25,0.00
2026-06-16 09:36:42,30504.00,30507.50,30503.25,30504.00,26,30504.00,30504.00,0.00
2026-06-16 09:36:43,30505.25,30505.25,30503.25,30504.25,8,30504.25,30504.25,0.00
2026-06-16 09:36:44,30505.00,30507.25,30503.50,30507.25,6,30507.25,30507.25,0.00
2026-06-16 09:36:45,30506.25,30508.00,30506.25,30508.00,4,30508.00,30508.00,0.00
2026-06-16 09:36:46,30507.75,30511.25,30507.75,30510.00,14,30510.00,30510.00,0.00
2026-06-16 09:36:47,30508.00,30508.00,30496.50,30496.50,212,30496.50,30496.50,0.00
2026-06-16 09:36:48,30497.00,30499.25,30495.25,30495.75,38,30495.75,30495.75,0.00
2026-06-16 09:36:49,30496.25,30499.25,30495.25,30495.50,17,30495.50,30495.50,0.00
2026-06-16 09:36:50,30495.00,30496.50,30493.00,30496.50,31,30496.50,30496.50,0.00
2026-06-16 09:36:51,30494.50,30495.25,30493.75,30495.25,14,30495.25,30495.25,0.00
2026-06-16 09:36:52,30498.25,30500.00,30497.00,30499.00,31,30499.00,30499.00,0.00
2026-06-16 09:36:53,30497.50,30499.00,30497.50,30498.75,7,30498.75,30498.75,0.00
2026-06-16 09:36:54,30497.25,30497.25,30490.75,30493.25,61,30493.25,30493.25,0.00
2026-06-16 09:36:55,30494.25,30497.25,30493.50,30497.25,13,30497.25,30497.25,0.00
2026-06-16 09:36:56,30497.75,30498.75,30495.75,30498.00,7,30498.00,30498.00,0.00
2026-06-16 09:36:57,30500.00,30500.50,30497.50,30498.25,13,30498.25,30498.25,0.00
2026-06-16 09:36:58,30497.00,30499.00,30495.50,30497.75,29,30497.75,30497.75,0.00
2026-06-16 09:36:59,30497.25,30499.75,30496.00,30499.75,15,30499.75,30499.75,0.00
2026-06-16 09:37:00,30497.75,30499.75,30497.75,30498.75,16,30498.75,30498.75,0.00
2026-06-16 09:37:01,30500.00,30502.75,30500.00,30500.50,33,30500.50,30500.50,0.00
2026-06-16 09:37:02,30501.25,30502.50,30492.25,30493.25,77,30493.25,30493.25,0.00
2026-06-16 09:37:03,30493.75,30495.25,30491.25,30495.25,37,30495.25,30495.25,0.00
2026-06-16 09:37:04,30494.75,30498.75,30494.75,30496.50,24,30496.50,30496.50,0.00
2026-06-16 09:37:05,30498.00,30498.00,30494.25,30494.50,24,30494.50,30494.50,0.00
2026-06-16 09:37:06,30493.25,30495.00,30490.75,30493.25,31,30493.25,30493.25,0.00
2026-06-16 09:37:07,30493.75,30497.50,30489.00,30493.25,70,30493.25,30493.25,0.00
2026-06-16 09:37:08,30493.75,30494.75,30490.50,30490.50,4,30490.50,30490.50,0.00
2026-06-16 09:37:09,30491.75,30493.25,30489.25,30491.00,44,30491.00,30491.00,0.00
2026-06-16 09:37:10,30490.25,30494.75,30490.25,30494.75,11,30494.75,30494.75,0.00
2026-06-16 09:37:11,30495.50,30495.75,30485.50,30485.50,29,30485.50,30485.50,0.00
2026-06-16 09:37:12,30487.00,30491.00,30487.00,30490.50,15,30490.50,30490.50,0.00
2026-06-16 09:37:13,30490.50,30494.25,30490.50,30493.25,9,30493.25,30493.25,0.00
2026-06-16 09:37:14,30493.50,30493.50,30489.75,30489.75,7,30489.75,30489.75,0.00
2026-06-16 09:37:15,30490.00,30490.00,30485.25,30485.25,16,30485.25,30485.25,0.00
2026-06-16 09:37:16,30486.50,30490.50,30486.50,30490.50,30,30490.50,30490.50,0.00
2026-06-16 09:37:17,30490.50,30492.00,30485.25,30486.25,21,30486.25,30486.25,0.00
2026-06-16 09:37:18,30487.25,30488.75,30487.00,30488.75,13,30488.75,30488.75,0.00
2026-06-16 09:37:19,30487.25,30489.75,30487.00,30489.75,16,30489.75,30489.75,0.00
2026-06-16 09:37:20,30490.75,30493.00,30490.50,30491.25,17,30491.25,30491.25,0.00
2026-06-16 09:37:21,30492.50,30494.50,30489.50,30494.50,16,30494.50,30494.50,0.00
2026-06-16 09:37:22,30494.50,30501.50,30494.50,30500.00,40,30500.00,30500.00,0.00
2026-06-16 09:37:23,30500.50,30501.75,30499.50,30501.75,6,30501.75,30501.75,0.00
2026-06-16 09:37:24,30500.75,30501.75,30497.75,30498.50,11,30498.50,30498.50,0.00
2026-06-16 09:37:25,30498.25,30499.50,30497.25,30498.25,9,30498.25,30498.25,0.00
2026-06-16 09:37:26,30497.00,30503.00,30497.00,30503.00,10,30503.00,30503.00,0.00
2026-06-16 09:37:27,30502.75,30504.75,30500.75,30502.00,21,30502.00,30502.00,0.00
2026-06-16 09:37:28,30502.00,30505.25,30502.00,30505.25,31,30505.25,30505.25,0.00
2026-06-16 09:37:29,30505.75,30508.75,30505.25,30507.75,46,30507.75,30507.75,0.00
2026-06-16 09:37:30,30509.00,30510.75,30508.25,30510.75,26,30510.75,30510.75,0.00
2026-06-16 09:37:31,30511.00,30512.75,30509.25,30511.25,36,30511.25,30511.25,0.00
2026-06-16 09:37:32,30510.25,30510.75,30509.00,30509.00,10,30509.00,30509.00,0.00
2026-06-16 09:37:33,30511.50,30512.25,30510.00,30511.25,13,30511.25,30511.25,0.00
2026-06-16 09:37:34,30510.75,30513.75,30510.75,30513.25,27,30513.25,30513.25,0.00
2026-06-16 09:37:35,30512.25,30513.75,30508.00,30508.00,18,30508.00,30508.00,0.00
2026-06-16 09:37:36,30508.50,30511.75,30508.25,30508.25,16,30508.25,30508.25,0.00
2026-06-16 09:37:37,30508.50,30511.75,30508.50,30510.25,7,30510.25,30510.25,0.00
2026-06-16 09:37:38,30511.00,30511.00,30506.00,30509.00,12,30509.00,30509.00,0.00
2026-06-16 09:37:39,30510.25,30511.25,30508.75,30511.25,12,30511.25,30511.25,0.00
2026-06-16 09:37:40,30508.25,30509.00,30507.25,30507.25,9,30507.25,30507.25,0.00
2026-06-16 09:37:41,30509.75,30511.00,30506.50,30511.00,15,30511.00,30511.00,0.00
2026-06-16 09:37:42,30511.50,30516.50,30511.25,30516.50,44,30516.50,30516.50,0.00
2026-06-16 09:37:43,30516.00,30517.00,30514.75,30516.75,20,30516.75,30516.75,0.00
2026-06-16 09:37:44,30516.00,30518.00,30515.25,30516.00,29,30516.00,30516.00,0.00
2026-06-16 09:37:45,30517.25,30518.00,30515.75,30517.50,19,30517.50,30517.50,0.00
2026-06-16 09:37:46,30518.00,30518.00,30514.00,30516.75,16,30516.75,30516.75,0.00
2026-06-16 09:37:47,30516.75,30520.00,30516.25,30520.00,32,30520.00,30520.00,0.00
2026-06-16 09:37:48,30519.75,30522.50,30519.75,30522.25,51,30522.25,30522.25,0.00
2026-06-16 09:37:49,30522.75,30523.25,30521.75,30522.00,24,30522.00,30522.00,0.00
2026-06-16 09:37:50,30522.25,30523.25,30521.00,30523.25,32,30523.25,30523.25,0.00
2026-06-16 09:37:51,30524.00,30526.00,30523.25,30524.50,43,30524.50,30524.50,0.00
2026-06-16 09:37:52,30524.00,30529.25,30523.50,30526.75,79,30526.75,30526.75,0.00
2026-06-16 09:37:53,30527.75,30531.75,30527.50,30528.75,64,30528.75,30528.75,0.00
2026-06-16 09:37:54,30530.25,30531.25,30528.00,30528.00,24,30528.00,30528.00,0.00
2026-06-16 09:37:55,30528.00,30528.25,30521.50,30521.50,32,30521.50,30521.50,0.00
2026-06-16 09:37:56,30520.75,30520.75,30514.25,30517.50,63,30517.50,30517.50,0.00
2026-06-16 09:37:57,30518.75,30521.50,30518.75,30521.25,14,30521.25,30521.25,0.00
2026-06-16 09:37:58,30521.75,30525.50,30521.50,30522.25,40,30522.25,30522.25,0.00
2026-06-16 09:37:59,30521.50,30524.75,30521.50,30524.75,21,30524.75,30524.75,0.00
2026-06-16 09:38:00,30526.25,30526.25,30521.50,30523.50,32,30523.50,30523.50,0.00
2026-06-16 09:38:01,30523.50,30523.50,30521.25,30521.25,16,30521.25,30521.25,0.00
2026-06-16 09:38:02,30522.00,30522.25,30517.00,30517.25,38,30517.25,30517.25,0.00
2026-06-16 09:38:03,30517.75,30522.00,30517.75,30522.00,12,30522.00,30522.00,0.00
2026-06-16 09:38:04,30522.25,30523.50,30519.75,30520.25,33,30520.25,30520.25,0.00
2026-06-16 09:38:05,30520.50,30520.50,30518.25,30518.25,10,30518.25,30518.25,0.00
2026-06-16 09:38:06,30519.50,30521.25,30519.00,30519.50,21,30519.50,30519.50,0.00
2026-06-16 09:38:07,30517.75,30522.00,30517.75,30521.75,5,30521.75,30521.75,0.00
2026-06-16 09:38:08,30521.50,30525.25,30521.50,30525.00,17,30525.00,30525.00,0.00
2026-06-16 09:38:09,30525.75,30530.00,30524.75,30530.00,45,30530.00,30530.00,0.00
2026-06-16 09:38:10,30530.00,30531.25,30528.00,30530.00,48,30530.00,30530.00,0.00
2026-06-16 09:38:11,30529.00,30530.75,30526.00,30527.25,55,30527.25,30527.25,0.00
2026-06-16 09:38:12,30527.50,30528.50,30525.00,30526.75,23,30526.75,30526.75,0.00
2026-06-16 09:38:13,30527.00,30527.00,30520.50,30521.25,20,30521.25,30521.25,0.00
2026-06-16 09:38:14,30521.50,30524.50,30521.50,30523.25,13,30523.25,30523.25,0.00
2026-06-16 09:38:15,30522.50,30523.25,30522.50,30523.25,2,30523.25,30523.25,0.00
2026-06-16 09:38:16,30524.00,30525.00,30524.00,30524.75,8,30524.75,30524.75,0.00
2026-06-16 09:38:17,30524.00,30526.25,30524.00,30526.00,5,30526.00,30526.00,0.00
2026-06-16 09:38:18,30526.00,30529.00,30526.00,30527.75,14,30527.75,30527.75,0.00
2026-06-16 09:38:19,30526.25,30527.00,30524.25,30526.00,22,30526.00,30526.00,0.00
2026-06-16 09:38:20,30525.50,30525.50,30525.25,30525.25,5,30525.25,30525.25,0.00
2026-06-16 09:38:21,30526.50,30529.00,30526.25,30528.50,16,30528.50,30528.50,0.00
2026-06-16 09:38:22,30527.75,30529.25,30526.75,30528.50,20,30528.50,30528.50,0.00
2026-06-16 09:38:23,30526.50,30527.75,30522.75,30525.75,24,30525.75,30525.75,0.00
2026-06-16 09:38:24,30525.50,30526.75,30524.75,30526.75,6,30526.75,30526.75,0.00
2026-06-16 09:38:25,30525.75,30525.75,30520.50,30521.25,19,30521.25,30521.25,0.00
2026-06-16 09:38:26,30520.00,30520.00,30517.75,30520.00,19,30520.00,30520.00,0.00
2026-06-16 09:38:27,30520.50,30520.50,30517.75,30517.75,19,30517.75,30517.75,0.00
2026-06-16 09:38:28,30518.75,30519.75,30516.25,30518.25,14,30518.25,30518.25,0.00
2026-06-16 09:38:29,30517.75,30520.75,30517.75,30520.75,14,30520.75,30520.75,0.00
2026-06-16 09:38:30,30520.00,30520.00,30520.00,30520.00,1,30520.00,30520.00,0.00
2026-06-16 09:38:31,30518.00,30520.25,30518.00,30520.25,5,30520.25,30520.25,0.00
2026-06-16 09:38:32,30520.25,30521.00,30519.75,30521.00,5,30521.00,30521.00,0.00
2026-06-16 09:38:33,30523.25,30523.50,30517.75,30519.25,13,30519.25,30519.25,0.00
2026-06-16 09:38:34,30521.50,30522.50,30521.00,30522.00,6,30522.00,30522.00,0.00
2026-06-16 09:38:35,30523.00,30526.25,30523.00,30526.00,9,30526.00,30526.00,0.00
2026-06-16 09:38:36,30526.50,30526.50,30525.00,30525.75,7,30525.75,30525.75,0.00
2026-06-16 09:38:37,30523.50,30523.50,30521.00,30523.00,5,30523.00,30523.00,0.00
2026-06-16 09:38:38,30523.25,30526.25,30523.00,30525.00,9,30525.00,30525.00,0.00
2026-06-16 09:38:39,30525.50,30526.00,30522.75,30522.75,7,30522.75,30522.75,0.00
2026-06-16 09:38:40,30523.00,30524.25,30521.25,30521.25,7,30521.25,30521.25,0.00
2026-06-16 09:38:41,30522.50,30523.25,30521.75,30522.75,7,30522.75,30522.75,0.00
2026-06-16 09:38:42,30522.75,30523.25,30519.75,30519.75,12,30519.75,30519.75,0.00
2026-06-16 09:38:43,30519.25,30521.25,30518.50,30521.25,10,30521.25,30521.25,0.00
2026-06-16 09:38:44,30519.75,30520.50,30519.50,30520.25,8,30520.25,30520.25,0.00
2026-06-16 09:38:45,30521.00,30521.75,30521.00,30521.00,5,30521.00,30521.00,0.00
2026-06-16 09:38:46,30522.25,30523.75,30521.75,30523.75,8,30523.75,30523.75,0.00
2026-06-16 09:38:47,30523.75,30525.50,30523.75,30524.50,7,30524.50,30524.50,0.00
2026-06-16 09:38:48,30525.50,30526.25,30525.50,30525.50,5,30525.50,30525.50,0.00
2026-06-16 09:38:49,30526.50,30527.00,30525.50,30525.50,6,30525.50,30525.50,0.00
2026-06-16 09:38:50,30527.00,30529.50,30527.00,30528.25,19,30528.25,30528.25,0.00
2026-06-16 09:38:51,30527.50,30529.75,30527.00,30529.25,13,30529.25,30529.25,0.00
2026-06-16 09:38:52,30528.50,30530.00,30528.00,30529.00,15,30529.00,30529.00,0.00
2026-06-16 09:38:53,30528.75,30529.00,30525.75,30525.75,19,30525.75,30525.75,0.00
2026-06-16 09:38:54,30525.00,30525.00,30521.25,30522.50,15,30522.50,30522.50,0.00
2026-06-16 09:38:55,30524.25,30525.75,30523.00,30525.75,11,30525.75,30525.75,0.00
2026-06-16 09:38:56,30525.00,30526.00,30518.00,30519.25,94,30519.25,30519.25,0.00
2026-06-16 09:38:57,30519.50,30520.50,30518.75,30518.75,27,30518.75,30518.75,0.00
2026-06-16 09:38:58,30517.50,30519.25,30513.75,30515.25,30,30515.25,30515.25,0.00
2026-06-16 09:38:59,30515.50,30518.25,30514.75,30517.50,27,30517.50,30517.50,0.00
2026-06-16 09:39:00,30517.75,30522.00,30517.50,30522.00,33,30522.00,30522.00,0.00
2026-06-16 09:39:01,30519.25,30522.00,30519.25,30519.25,10,30519.25,30519.25,0.00
2026-06-16 09:39:02,30520.00,30521.50,30518.25,30518.50,31,30518.50,30518.50,0.00
2026-06-16 09:39:03,30518.50,30518.75,30517.00,30517.75,14,30517.75,30517.75,0.00
2026-06-16 09:39:04,30516.75,30517.00,30515.75,30515.75,7,30515.75,30515.75,0.00
2026-06-16 09:39:05,30516.50,30516.50,30510.75,30512.00,56,30512.00,30512.00,0.00
2026-06-16 09:39:06,30512.25,30513.25,30507.50,30507.50,54,30507.50,30507.50,0.00
2026-06-16 09:39:07,30506.25,30509.50,30506.00,30509.00,82,30509.00,30509.00,0.00
2026-06-16 09:39:08,30510.25,30510.25,30507.75,30509.25,17,30509.25,30509.25,0.00
2026-06-16 09:39:09,30508.75,30508.75,30505.00,30507.00,25,30507.00,30507.00,0.00
2026-06-16 09:39:10,30507.75,30511.50,30507.50,30507.50,10,30507.50,30507.50,0.00
2026-06-16 09:39:11,30509.00,30511.50,30507.50,30511.50,26,30511.50,30511.50,0.00
2026-06-16 09:39:12,30512.50,30513.00,30510.00,30510.00,15,30510.00,30510.00,0.00
2026-06-16 09:39:13,30512.00,30512.25,30511.75,30512.00,8,30512.00,30512.00,0.00
2026-06-16 09:39:14,30509.50,30509.50,30505.00,30506.00,23,30506.00,30506.00,0.00
2026-06-16 09:39:15,30506.00,30509.75,30504.25,30508.50,27,30508.50,30508.50,0.00
2026-06-16 09:39:16,30509.25,30511.00,30508.50,30510.50,23,30510.50,30510.50,0.00
2026-06-16 09:39:17,30509.25,30512.25,30508.75,30511.75,9,30511.75,30511.75,0.00
2026-06-16 09:39:18,30511.25,30512.25,30509.25,30509.25,33,30509.25,30509.25,0.00
2026-06-16 09:39:19,30509.75,30511.50,30508.75,30511.50,31,30511.50,30511.50,0.00
2026-06-16 09:39:20,30512.25,30517.50,30512.25,30516.25,45,30516.25,30516.25,0.00
2026-06-16 09:39:21,30514.50,30515.00,30512.00,30513.25,15,30513.25,30513.25,0.00
2026-06-16 09:39:22,30513.75,30513.75,30512.25,30512.75,9,30512.75,30512.75,0.00
2026-06-16 09:39:23,30512.50,30513.00,30512.50,30512.50,4,30512.50,30512.50,0.00
2026-06-16 09:39:24,30514.50,30516.00,30514.50,30516.00,4,30516.00,30516.00,0.00
2026-06-16 09:39:25,30513.75,30514.25,30508.25,30509.75,13,30509.75,30509.75,0.00
2026-06-16 09:39:26,30509.75,30510.00,30504.25,30504.25,13,30504.25,30504.25,0.00
2026-06-16 09:39:27,30505.25,30506.25,30505.00,30506.25,14,30506.25,30506.25,0.00
2026-06-16 09:39:28,30508.00,30511.75,30507.50,30510.50,21,30510.50,30510.50,0.00
2026-06-16 09:39:29,30510.50,30510.50,30507.00,30507.75,7,30507.75,30507.75,0.00
2026-06-16 09:39:30,30508.75,30509.00,30507.75,30509.00,5,30509.00,30509.00,0.00
2026-06-16 09:39:31,30512.25,30514.00,30511.00,30511.50,9,30511.50,30511.50,0.00
2026-06-16 09:39:32,30511.50,30511.50,30509.00,30510.75,7,30510.75,30510.75,0.00
2026-06-16 09:39:33,30511.00,30512.50,30506.75,30507.75,13,30507.75,30507.75,0.00
2026-06-16 09:39:34,30509.00,30509.00,30498.00,30500.00,99,30500.00,30500.00,0.00
2026-06-16 09:39:35,30500.00,30504.25,30499.75,30504.00,21,30504.00,30504.00,0.00
2026-06-16 09:39:36,30502.50,30505.00,30501.50,30502.75,20,30502.75,30502.75,0.00
2026-06-16 09:39:37,30502.50,30504.25,30502.00,30502.00,13,30502.00,30502.00,0.00
2026-06-16 09:39:38,30501.50,30501.50,30499.75,30501.00,9,30501.00,30501.00,0.00
2026-06-16 09:39:39,30501.25,30503.25,30501.00,30503.25,9,30503.25,30503.25,0.00
2026-06-16 09:39:40,30501.50,30502.00,30500.50,30501.75,15,30501.75,30501.75,0.00
2026-06-16 09:39:41,30502.75,30504.75,30502.50,30504.75,6,30504.75,30504.75,0.00
2026-06-16 09:39:42,30504.75,30504.75,30497.25,30497.75,25,30497.75,30497.75,0.00
2026-06-16 09:39:43,30497.75,30498.00,30494.25,30494.25,46,30494.25,30494.25,0.00
2026-06-16 09:39:44,30496.50,30498.50,30493.75,30494.50,19,30494.50,30494.50,0.00
2026-06-16 09:39:45,30493.00,30495.00,30492.75,30493.50,16,30493.50,30493.50,0.00
2026-06-16 09:39:46,30493.50,30497.25,30492.75,30497.25,15,30497.25,30497.25,0.00
2026-06-16 09:39:47,30495.75,30497.75,30494.75,30495.25,15,30495.25,30495.25,0.00
2026-06-16 09:39:48,30495.50,30496.00,30495.00,30495.00,7,30495.00,30495.00,0.00
2026-06-16 09:39:49,30494.00,30494.25,30493.50,30493.50,8,30493.50,30493.50,0.00
2026-06-16 09:39:50,30494.75,30499.75,30494.75,30498.00,11,30498.00,30498.00,0.00
2026-06-16 09:39:51,30496.25,30496.50,30490.00,30490.00,60,30490.00,30490.00,0.00
2026-06-16 09:39:52,30489.75,30492.75,30488.75,30491.25,42,30491.25,30491.25,0.00
2026-06-16 09:39:53,30492.25,30492.25,30481.25,30486.00,165,30486.00,30486.00,0.00
2026-06-16 09:39:54,30485.75,30486.50,30482.25,30484.00,90,30484.00,30484.00,0.00
2026-06-16 09:39:55,30484.00,30486.75,30482.25,30483.75,57,30483.75,30483.75,0.00
2026-06-16 09:39:56,30484.75,30485.00,30482.00,30483.75,39,30483.75,30483.75,0.00
2026-06-16 09:39:57,30483.25,30483.25,30477.25,30480.00,51,30480.00,30480.00,0.00
2026-06-16 09:39:58,30478.75,30481.25,30478.25,30479.00,44,30479.00,30479.00,0.00
2026-06-16 09:39:59,30479.50,30480.50,30472.00,30474.25,127,30474.25,30474.25,0.00
2026-06-16 09:40:00,30475.00,30475.75,30473.75,30474.75,49,30474.75,30474.75,0.00
2026-06-16 09:40:01,30474.75,30476.50,30473.00,30476.25,49,30476.25,30476.25,0.00
2026-06-16 09:40:02,30475.00,30484.25,30473.75,30482.50,88,30482.50,30482.50,0.00
2026-06-16 09:40:03,30482.00,30485.00,30478.50,30483.75,101,30483.75,30483.75,0.00
2026-06-16 09:40:04,30486.25,30487.75,30481.50,30486.00,74,30486.00,30486.00,0.00
2026-06-16 09:40:05,30485.75,30489.00,30483.50,30483.50,53,30483.50,30483.50,0.00
2026-06-16 09:40:06,30484.25,30489.75,30484.25,30489.75,48,30489.75,30489.75,0.00
2026-06-16 09:40:07,30488.75,30493.50,30488.50,30490.50,57,30490.50,30490.50,0.00
2026-06-16 09:40:08,30492.00,30492.00,30487.50,30488.75,50,30488.75,30488.75,0.00
2026-06-16 09:40:09,30488.50,30491.50,30487.75,30491.50,17,30491.50,30491.50,0.00
2026-06-16 09:40:10,30490.75,30492.00,30489.50,30491.25,24,30491.25,30491.25,0.00
2026-06-16 09:40:11,30491.75,30492.25,30490.25,30490.75,31,30490.75,30490.75,0.00
2026-06-16 09:40:12,30490.75,30490.75,30487.25,30487.50,16,30487.50,30487.50,0.00
2026-06-16 09:40:13,30488.00,30488.75,30482.50,30484.00,31,30484.00,30484.00,0.00
2026-06-16 09:40:14,30484.50,30484.50,30481.00,30483.25,16,30483.25,30483.25,0.00
2026-06-16 09:40:15,30485.00,30488.00,30485.00,30486.50,14,30486.50,30486.50,0.00
2026-06-16 09:40:16,30488.00,30488.25,30487.50,30487.50,5,30487.50,30487.50,0.00
2026-06-16 09:40:17,30488.75,30488.75,30481.75,30483.25,17,30483.25,30483.25,0.00
2026-06-16 09:40:18,30484.50,30490.75,30484.50,30490.75,42,30490.75,30490.75,0.00
2026-06-16 09:40:19,30490.75,30490.75,30488.50,30489.50,12,30489.50,30489.50,0.00
2026-06-16 09:40:20,30489.00,30489.25,30488.25,30489.25,11,30489.25,30489.25,0.00
2026-06-16 09:40:21,30490.75,30491.00,30488.75,30491.00,6,30491.00,30491.00,0.00
2026-06-16 09:40:22,30491.25,30492.75,30490.75,30492.75,8,30492.75,30492.75,0.00
2026-06-16 09:40:23,30492.25,30493.25,30489.50,30492.00,15,30492.00,30492.00,0.00
2026-06-16 09:40:24,30493.00,30495.25,30492.00,30494.00,18,30494.00,30494.00,0.00
2026-06-16 09:40:25,30492.75,30494.75,30490.50,30494.75,16,30494.75,30494.75,0.00
2026-06-16 09:40:26,30495.50,30497.00,30491.25,30491.25,33,30491.25,30491.25,0.00
2026-06-16 09:40:27,30492.25,30492.25,30488.00,30488.25,21,30488.25,30488.25,0.00
2026-06-16 09:40:28,30487.25,30488.00,30485.50,30487.00,14,30487.00,30487.00,0.00
2026-06-16 09:40:29,30487.25,30488.25,30486.50,30487.00,11,30487.00,30487.00,0.00
2026-06-16 09:40:30,30489.25,30494.00,30489.25,30494.00,4,30494.00,30494.00,0.00
2026-06-16 09:40:31,30494.00,30494.00,30494.00,30494.00,1,30494.00,30494.00,0.00
2026-06-16 09:40:32,30497.00,30499.75,30496.50,30499.75,32,30499.75,30499.75,0.00
2026-06-16 09:40:33,30498.75,30502.25,30497.25,30502.00,31,30502.00,30502.00,0.00
2026-06-16 09:40:34,30500.00,30500.50,30497.25,30499.00,18,30499.00,30499.00,0.00
2026-06-16 09:40:35,30500.25,30506.25,30499.00,30504.75,61,30504.75,30504.75,0.00
2026-06-16 09:40:36,30504.75,30504.75,30501.25,30501.25,24,30501.25,30501.25,0.00
2026-06-16 09:40:37,30502.00,30502.25,30500.75,30502.25,10,30502.25,30502.25,0.00
2026-06-16 09:40:38,30502.50,30506.75,30502.50,30506.75,14,30506.75,30506.75,0.00
2026-06-16 09:40:39,30505.50,30509.00,30505.00,30508.00,39,30508.00,30508.00,0.00
2026-06-16 09:40:40,30508.50,30509.50,30504.50,30505.00,46,30505.00,30505.00,0.00
2026-06-16 09:40:41,30507.00,30507.25,30501.00,30503.75,53,30503.75,30503.75,0.00
2026-06-16 09:40:42,30504.00,30508.75,30504.00,30508.75,9,30508.75,30508.75,0.00
2026-06-16 09:40:43,30510.00,30511.25,30508.00,30509.25,35,30509.25,30509.25,0.00
2026-06-16 09:40:44,30510.50,30510.75,30508.00,30508.00,22,30508.00,30508.00,0.00
2026-06-16 09:40:45,30510.50,30510.50,30506.50,30506.50,23,30506.50,30506.50,0.00
2026-06-16 09:40:46,30505.50,30507.50,30505.00,30507.50,11,30507.50,30507.50,0.00
2026-06-16 09:40:47,30506.25,30507.75,30506.00,30507.00,17,30507.00,30507.00,0.00
2026-06-16 09:40:48,30507.75,30513.75,30507.75,30513.75,36,30513.75,30513.75,0.00
2026-06-16 09:40:49,30513.50,30517.00,30513.50,30517.00,73,30517.00,30517.00,0.00
2026-06-16 09:40:50,30516.50,30520.25,30516.50,30519.25,84,30519.25,30519.25,0.00
2026-06-16 09:40:51,30517.75,30519.50,30515.75,30515.75,16,30515.75,30515.75,0.00
2026-06-16 09:40:52,30515.75,30516.75,30514.25,30514.75,31,30514.75,30514.75,0.00
2026-06-16 09:40:53,30513.75,30518.50,30512.50,30518.50,20,30518.50,30518.50,0.00
2026-06-16 09:40:54,30518.50,30519.00,30518.00,30518.50,9,30518.50,30518.50,0.00
2026-06-16 09:40:55,30517.75,30524.50,30517.75,30524.50,33,30524.50,30524.50,0.00
2026-06-16 09:40:56,30524.50,30526.75,30522.75,30523.75,84,30523.75,30523.75,0.00
2026-06-16 09:40:57,30523.50,30524.25,30521.25,30521.50,31,30521.50,30521.50,0.00
2026-06-16 09:40:58,30520.25,30520.25,30514.00,30515.25,40,30515.25,30515.25,0.00
2026-06-16 09:40:59,30515.25,30516.25,30514.25,30516.25,21,30516.25,30516.25,0.00
2026-06-16 09:41:00,30516.50,30516.50,30510.50,30513.00,23,30513.00,30513.00,0.00
2026-06-16 09:41:01,30512.75,30512.75,30506.75,30509.00,40,30509.00,30509.00,0.00
2026-06-16 09:41:02,30508.50,30513.00,30508.50,30511.75,38,30511.75,30511.75,0.00
2026-06-16 09:41:03,30512.00,30514.25,30510.50,30514.00,45,30514.00,30514.00,0.00
2026-06-16 09:41:04,30513.75,30517.75,30513.00,30517.50,43,30517.50,30517.50,0.00
2026-06-16 09:41:05,30517.75,30518.25,30514.00,30516.75,50,30516.75,30516.75,0.00
2026-06-16 09:41:06,30517.25,30518.50,30517.00,30517.75,6,30517.75,30517.75,0.00
2026-06-16 09:41:07,30517.50,30519.00,30515.00,30515.00,19,30515.00,30515.00,0.00
2026-06-16 09:41:08,30514.00,30515.25,30513.25,30515.00,12,30515.00,30515.00,0.00
2026-06-16 09:41:09,30516.25,30518.50,30514.25,30518.50,12,30518.50,30518.50,0.00
2026-06-16 09:41:10,30519.50,30520.75,30518.25,30520.50,13,30520.50,30520.50,0.00
2026-06-16 09:41:11,30518.00,30521.25,30517.75,30520.00,16,30520.00,30520.00,0.00
2026-06-16 09:41:12,30520.75,30521.50,30519.25,30519.25,5,30519.25,30519.25,0.00
2026-06-16 09:41:13,30518.25,30522.75,30518.25,30522.75,17,30522.75,30522.75,0.00
2026-06-16 09:41:14,30522.50,30523.25,30519.50,30521.00,30,30521.00,30521.00,0.00
2026-06-16 09:41:15,30519.75,30519.75,30515.00,30515.50,13,30515.50,30515.50,0.00
2026-06-16 09:41:16,30517.00,30518.25,30515.25,30516.00,10,30516.00,30516.00,0.00
2026-06-16 09:41:17,30518.75,30519.00,30518.75,30519.00,2,30519.00,30519.00,0.00
2026-06-16 09:41:18,30517.25,30519.50,30512.00,30512.25,9,30512.25,30512.25,0.00
2026-06-16 09:41:19,30515.00,30515.00,30510.75,30510.75,16,30510.75,30510.75,0.00
2026-06-16 09:41:20,30509.50,30510.25,30509.25,30510.25,8,30510.25,30510.25,0.00
2026-06-16 09:41:21,30510.75,30514.25,30510.75,30513.50,17,30513.50,30513.50,0.00
2026-06-16 09:41:22,30510.50,30512.00,30510.00,30510.00,6,30510.00,30510.00,0.00
2026-06-16 09:41:23,30510.25,30511.00,30508.00,30508.00,13,30508.00,30508.00,0.00
2026-06-16 09:41:24,30508.75,30510.75,30508.75,30509.25,4,30509.25,30509.25,0.00
2026-06-16 09:41:25,30511.00,30514.25,30510.50,30514.00,6,30514.00,30514.00,0.00
2026-06-16 09:41:26,30514.50,30515.50,30514.00,30515.50,7,30515.50,30515.50,0.00
2026-06-16 09:41:27,30516.75,30516.75,30512.75,30512.75,7,30512.75,30512.75,0.00
2026-06-16 09:41:28,30517.25,30518.75,30517.25,30518.75,5,30518.75,30518.75,0.00
2026-06-16 09:41:29,30518.75,30519.75,30517.50,30519.25,19,30519.25,30519.25,0.00
2026-06-16 09:41:30,30519.00,30519.00,30519.00,30519.00,1,30519.00,30519.00,0.00
2026-06-16 09:41:31,30517.00,30517.00,30515.75,30516.25,5,30516.25,30516.25,0.00
2026-06-16 09:41:32,30515.25,30516.00,30514.75,30514.75,9,30514.75,30514.75,0.00
2026-06-16 09:41:33,30515.00,30517.50,30515.00,30517.50,9,30517.50,30517.50,0.00
2026-06-16 09:41:34,30520.25,30520.50,30516.75,30516.75,14,30516.75,30516.75,0.00
2026-06-16 09:41:35,30517.50,30518.75,30514.25,30515.75,25,30515.75,30515.75,0.00
2026-06-16 09:41:36,30513.00,30513.00,30511.00,30511.75,15,30511.75,30511.75,0.00
2026-06-16 09:41:37,30512.75,30515.00,30511.50,30515.00,28,30515.00,30515.00,0.00
2026-06-16 09:41:38,30514.00,30520.00,30514.00,30519.75,21,30519.75,30519.75,0.00
2026-06-16 09:41:39,30519.75,30521.50,30518.50,30518.50,25,30518.50,30518.50,0.00
2026-06-16 09:41:40,30520.50,30522.00,30520.50,30520.50,26,30520.50,30520.50,0.00
2026-06-16 09:41:41,30521.75,30522.25,30520.75,30522.25,7,30522.25,30522.25,0.00
2026-06-16 09:41:42,30522.25,30523.50,30522.25,30523.50,7,30523.50,30523.50,0.00
2026-06-16 09:41:43,30523.50,30528.00,30522.50,30525.75,38,30525.75,30525.75,0.00
2026-06-16 09:41:44,30526.75,30526.75,30525.25,30525.75,19,30525.75,30525.75,0.00
2026-06-16 09:41:45,30525.75,30526.50,30522.75,30523.50,25,30523.50,30523.50,0.00
2026-06-16 09:41:46,30524.25,30525.00,30522.75,30524.00,18,30524.00,30524.00,0.00
2026-06-16 09:41:47,30523.25,30525.25,30523.25,30525.00,21,30525.00,30525.00,0.00
2026-06-16 09:41:48,30523.25,30523.25,30519.25,30520.00,32,30520.00,30520.00,0.00
2026-06-16 09:41:49,30521.00,30523.25,30520.25,30523.25,14,30523.25,30523.25,0.00
2026-06-16 09:41:50,30522.75,30526.00,30522.75,30526.00,12,30526.00,30526.00,0.00
2026-06-16 09:41:51,30525.50,30528.75,30525.50,30528.75,34,30528.75,30528.75,0.00
2026-06-16 09:41:52,30529.25,30531.00,30528.50,30530.75,43,30530.75,30530.75,0.00
2026-06-16 09:41:53,30529.50,30530.75,30528.50,30530.25,38,30530.25,30530.25,0.00
2026-06-16 09:41:54,30529.50,30535.75,30529.50,30535.25,64,30535.25,30535.25,0.00
2026-06-16 09:41:55,30536.00,30538.50,30535.50,30536.00,113,30536.00,30536.00,0.00
2026-06-16 09:41:56,30537.00,30537.50,30534.25,30535.75,44,30535.75,30535.75,0.00
2026-06-16 09:41:57,30536.75,30537.75,30534.50,30535.00,40,30535.00,30535.00,0.00
2026-06-16 09:41:58,30536.00,30537.25,30534.50,30535.25,25,30535.25,30535.25,0.00
2026-06-16 09:41:59,30535.50,30536.25,30532.50,30534.25,25,30534.25,30534.25,0.00
2026-06-16 09:42:00,30533.75,30533.75,30531.50,30533.25,22,30533.25,30533.25,0.00
2026-06-16 09:42:01,30532.75,30533.25,30530.50,30530.50,20,30530.50,30530.50,0.00
2026-06-16 09:42:02,30529.00,30529.00,30525.00,30526.00,70,30526.00,30526.00,0.00
2026-06-16 09:42:03,30524.50,30530.75,30521.75,30528.50,80,30528.50,30528.50,0.00
2026-06-16 09:42:04,30529.50,30530.25,30528.25,30528.50,27,30528.50,30528.50,0.00
2026-06-16 09:42:05,30527.50,30530.50,30527.00,30530.25,18,30530.25,30530.25,0.00
2026-06-16 09:42:06,30530.25,30531.00,30528.75,30531.00,31,30531.00,30531.00,0.00
2026-06-16 09:42:07,30528.50,30528.50,30524.50,30526.25,28,30526.25,30526.25,0.00
2026-06-16 09:42:08,30525.00,30527.00,30524.00,30526.50,16,30526.50,30526.50,0.00
2026-06-16 09:42:09,30525.50,30529.75,30525.00,30529.75,26,30529.75,30529.75,0.00
2026-06-16 09:42:10,30528.50,30530.25,30528.00,30530.00,34,30530.00,30530.00,0.00
2026-06-16 09:42:11,30529.00,30529.00,30526.00,30528.50,38,30528.50,30528.50,0.00
2026-06-16 09:42:12,30528.25,30529.50,30527.25,30527.75,21,30527.75,30527.75,0.00
2026-06-16 09:42:13,30529.00,30531.00,30529.00,30529.50,12,30529.50,30529.50,0.00
2026-06-16 09:42:14,30529.25,30530.25,30528.25,30530.25,23,30530.25,30530.25,0.00
2026-06-16 09:42:15,30529.75,30533.75,30529.75,30533.75,15,30533.75,30533.75,0.00
2026-06-16 09:42:16,30533.50,30533.50,30529.75,30532.50,14,30532.50,30532.50,0.00
2026-06-16 09:42:17,30531.25,30531.25,30529.50,30529.50,17,30529.50,30529.50,0.00
2026-06-16 09:42:18,30529.50,30529.50,30527.75,30528.00,20,30528.00,30528.00,0.00
2026-06-16 09:42:19,30527.50,30528.00,30524.50,30528.00,44,30528.00,30528.00,0.00
2026-06-16 09:42:20,30526.75,30532.25,30526.75,30530.75,120,30530.75,30530.75,0.00
2026-06-16 09:42:21,30530.25,30530.50,30528.25,30528.50,6,30528.50,30528.50,0.00
2026-06-16 09:42:22,30529.25,30533.25,30529.25,30533.00,13,30533.00,30533.00,0.00
2026-06-16 09:42:23,30533.00,30540.25,30533.00,30537.75,58,30537.75,30537.75,0.00
2026-06-16 09:42:24,30538.25,30540.00,30536.75,30538.25,22,30538.25,30538.25,0.00
2026-06-16 09:42:25,30538.25,30539.00,30535.75,30536.25,27,30536.25,30536.25,0.00
2026-06-16 09:42:26,30537.75,30539.25,30537.00,30538.00,14,30538.00,30538.00,0.00
2026-06-16 09:42:27,30538.50,30538.50,30535.50,30537.25,30,30537.25,30537.25,0.00
2026-06-16 09:42:28,30538.25,30542.50,30538.25,30539.75,51,30539.75,30539.75,0.00
2026-06-16 09:42:29,30540.50,30540.50,30537.75,30539.25,15,30539.25,30539.25,0.00
2026-06-16 09:42:30,30538.25,30539.75,30535.00,30539.75,29,30539.75,30539.75,0.00
2026-06-16 09:42:31,30538.75,30540.25,30538.50,30540.25,16,30540.25,30540.25,0.00
2026-06-16 09:42:32,30540.50,30541.75,30537.75,30537.75,28,30537.75,30537.75,0.00
2026-06-16 09:42:33,30536.75,30538.00,30530.25,30535.00,55,30535.00,30535.00,0.00
2026-06-16 09:42:34,30534.25,30537.50,30532.75,30536.50,22,30536.50,30536.50,0.00
2026-06-16 09:42:35,30536.25,30539.75,30535.50,30538.00,39,30538.00,30538.00,0.00
2026-06-16 09:42:36,30537.75,30540.00,30536.25,30536.25,17,30536.25,30536.25,0.00
2026-06-16 09:42:37,30537.00,30540.00,30536.25,30538.25,13,30538.25,30538.25,0.00
2026-06-16 09:42:38,30538.00,30538.00,30534.75,30537.75,26,30537.75,30537.75,0.00
2026-06-16 09:42:39,30540.25,30541.25,30538.50,30538.75,27,30538.75,30538.75,0.00
2026-06-16 09:42:40,30538.00,30540.25,30536.25,30539.00,21,30539.00,30539.00,0.00
2026-06-16 09:42:41,30539.25,30540.50,30538.00,30540.25,16,30540.25,30540.25,0.00
2026-06-16 09:42:42,30541.00,30541.50,30535.75,30535.75,27,30535.75,30535.75,0.00
2026-06-16 09:42:43,30535.50,30539.00,30535.25,30537.75,20,30537.75,30537.75,0.00
2026-06-16 09:42:44,30537.00,30539.00,30537.00,30537.75,7,30537.75,30537.75,0.00
2026-06-16 09:42:45,30538.25,30539.25,30538.00,30539.25,12,30539.25,30539.25,0.00
2026-06-16 09:42:46,30538.00,30539.75,30537.75,30539.50,11,30539.50,30539.50,0.00
2026-06-16 09:42:47,30540.00,30541.25,30539.25,30540.25,13,30540.25,30540.25,0.00
2026-06-16 09:42:48,30539.25,30540.75,30538.00,30538.50,25,30538.50,30538.50,0.00
2026-06-16 09:42:49,30541.25,30543.00,30540.50,30541.50,31,30541.50,30541.50,0.00
2026-06-16 09:42:50,30541.25,30542.50,30538.25,30539.00,28,30539.00,30539.00,0.00
2026-06-16 09:42:51,30539.00,30542.50,30538.00,30541.75,18,30541.75,30541.75,0.00
2026-06-16 09:42:52,30541.25,30541.25,30538.75,30540.50,27,30540.50,30540.50,0.00
2026-06-16 09:42:53,30540.00,30543.75,30540.00,30543.00,15,30543.00,30543.00,0.00
2026-06-16 09:42:54,30543.75,30544.75,30542.50,30543.50,40,30543.50,30543.50,0.00
2026-06-16 09:42:55,30543.00,30544.25,30542.25,30542.25,21,30542.25,30542.25,0.00
2026-06-16 09:42:56,30544.25,30546.00,30543.75,30545.75,45,30545.75,30545.75,0.00
2026-06-16 09:42:57,30544.75,30546.50,30544.50,30545.50,23,30545.50,30545.50,0.00
2026-06-16 09:42:58,30544.75,30545.75,30541.75,30543.00,39,30543.00,30543.00,0.00
2026-06-16 09:42:59,30544.75,30548.25,30544.75,30547.50,62,30547.50,30547.50,0.00
2026-06-16 09:43:00,30548.00,30548.25,30545.50,30546.50,27,30546.50,30546.50,0.00
2026-06-16 09:43:01,30545.25,30546.25,30544.00,30545.50,27,30545.50,30545.50,0.00
2026-06-16 09:43:02,30544.25,30545.25,30540.75,30541.75,54,30541.75,30541.75,0.00
2026-06-16 09:43:03,30542.75,30544.50,30541.50,30544.25,42,30544.25,30544.25,0.00
2026-06-16 09:43:04,30543.50,30545.75,30543.50,30544.00,12,30544.00,30544.00,0.00
2026-06-16 09:43:05,30543.50,30545.25,30542.25,30545.25,9,30545.25,30545.25,0.00
2026-06-16 09:43:06,30545.75,30550.00,30545.75,30550.00,62,30550.00,30550.00,0.00
2026-06-16 09:43:07,30548.75,30549.50,30546.25,30549.50,35,30549.50,30549.50,0.00
2026-06-16 09:43:08,30548.25,30550.00,30547.25,30547.75,37,30547.75,30547.75,0.00
2026-06-16 09:43:09,30548.75,30549.25,30546.50,30547.75,21,30547.75,30547.75,0.00
2026-06-16 09:43:10,30546.75,30548.25,30546.50,30547.00,56,30547.00,30547.00,0.00
2026-06-16 09:43:11,30546.50,30547.00,30544.75,30547.00,26,30547.00,30547.00,0.00
2026-06-16 09:43:12,30545.25,30545.25,30538.25,30543.25,59,30543.25,30543.25,0.00
2026-06-16 09:43:13,30542.75,30549.50,30541.50,30549.50,19,30549.50,30549.50,0.00
2026-06-16 09:43:14,30546.50,30549.00,30545.75,30547.25,17,30547.25,30547.25,0.00
2026-06-16 09:43:15,30547.75,30551.25,30547.25,30551.00,42,30551.00,30551.00,0.00
2026-06-16 09:43:16,30551.00,30552.00,30549.25,30549.25,67,30549.25,30549.25,0.00
2026-06-16 09:43:17,30549.50,30550.25,30547.25,30549.25,33,30549.25,30549.25,0.00
2026-06-16 09:43:18,30547.75,30548.75,30545.75,30546.50,15,30546.50,30546.50,0.00
2026-06-16 09:43:19,30546.75,30548.25,30543.00,30543.50,13,30543.50,30543.50,0.00
2026-06-16 09:43:20,30545.50,30547.00,30544.75,30545.25,16,30545.25,30545.25,0.00
2026-06-16 09:43:21,30545.00,30545.00,30543.75,30544.25,14,30544.25,30544.25,0.00
2026-06-16 09:43:22,30544.25,30544.50,30542.75,30542.75,18,30542.75,30542.75,0.00
2026-06-16 09:43:23,30541.25,30541.75,30539.50,30540.25,17,30540.25,30540.25,0.00
2026-06-16 09:43:24,30542.25,30545.50,30541.25,30545.50,25,30545.50,30545.50,0.00
2026-06-16 09:43:25,30545.25,30545.75,30542.75,30542.75,13,30542.75,30542.75,0.00
2026-06-16 09:43:26,30542.00,30544.00,30541.75,30543.25,7,30543.25,30543.25,0.00
2026-06-16 09:43:27,30542.00,30544.75,30541.50,30542.00,17,30542.00,30542.00,0.00
2026-06-16 09:43:28,30542.50,30542.50,30536.50,30537.00,67,30537.00,30537.00,0.00
2026-06-16 09:43:29,30537.00,30539.50,30537.00,30539.50,17,30539.50,30539.50,0.00
2026-06-16 09:43:30,30540.50,30540.50,30537.50,30537.50,47,30537.50,30537.50,0.00
2026-06-16 09:43:31,30537.25,30539.50,30536.50,30539.00,20,30539.00,30539.00,0.00
2026-06-16 09:43:32,30538.00,30540.75,30538.00,30540.75,17,30540.75,30540.75,0.00
2026-06-16 09:43:33,30541.25,30542.75,30539.25,30539.25,15,30539.25,30539.25,0.00
2026-06-16 09:43:34,30538.00,30539.25,30537.25,30538.00,12,30538.00,30538.00,0.00
2026-06-16 09:43:35,30537.25,30540.50,30537.25,30539.75,12,30539.75,30539.75,0.00
2026-06-16 09:43:36,30538.25,30541.75,30538.25,30541.75,8,30541.75,30541.75,0.00
2026-06-16 09:43:37,30542.00,30542.50,30541.25,30541.25,4,30541.25,30541.25,0.00
2026-06-16 09:43:38,30543.50,30545.25,30542.75,30545.25,8,30545.25,30545.25,0.00
2026-06-16 09:43:39,30545.25,30547.25,30544.25,30544.25,22,30544.25,30544.25,0.00
2026-06-16 09:43:40,30544.25,30544.50,30538.00,30538.00,61,30538.00,30538.00,0.00
2026-06-16 09:43:41,30539.25,30539.25,30533.50,30533.75,47,30533.75,30533.75,0.00
2026-06-16 09:43:42,30532.75,30536.50,30531.50,30535.50,45,30535.50,30535.50,0.00
2026-06-16 09:43:43,30534.50,30536.00,30532.25,30533.00,16,30533.00,30533.00,0.00
2026-06-16 09:43:44,30532.25,30534.00,30531.75,30533.25,11,30533.25,30533.25,0.00
2026-06-16 09:43:45,30534.00,30534.75,30533.00,30534.75,16,30534.75,30534.75,0.00
2026-06-16 09:43:46,30533.00,30535.75,30531.50,30535.50,15,30535.50,30535.50,0.00
2026-06-16 09:43:47,30535.25,30535.25,30528.00,30530.25,78,30530.25,30530.25,0.00
2026-06-16 09:43:48,30531.25,30535.75,30530.25,30535.75,22,30535.75,30535.75,0.00
2026-06-16 09:43:49,30535.25,30535.25,30526.75,30528.25,80,30528.25,30528.25,0.00
2026-06-16 09:43:50,30527.75,30527.75,30522.75,30526.50,75,30526.50,30526.50,0.00
2026-06-16 09:43:51,30526.50,30529.50,30526.50,30529.50,27,30529.50,30529.50,0.00
2026-06-16 09:43:52,30529.50,30533.25,30529.25,30531.50,20,30531.50,30531.50,0.00
2026-06-16 09:43:53,30531.75,30534.50,30530.75,30533.50,22,30533.50,30533.50,0.00
2026-06-16 09:43:54,30534.00,30534.00,30531.75,30531.75,13,30531.75,30531.75,0.00
2026-06-16 09:43:55,30531.50,30532.50,30530.75,30531.00,20,30531.00,30531.00,0.00
2026-06-16 09:43:56,30530.25,30534.00,30530.25,30533.50,18,30533.50,30533.50,0.00
2026-06-16 09:43:57,30533.50,30535.50,30533.25,30534.25,20,30534.25,30534.25,0.00
2026-06-16 09:43:58,30535.00,30536.50,30533.50,30534.25,13,30534.25,30534.25,0.00
2026-06-16 09:43:59,30534.50,30536.50,30534.00,30535.50,31,30535.50,30535.50,0.00
2026-06-16 09:44:00,30534.25,30537.00,30533.75,30536.25,7,30536.25,30536.25,0.00
2026-06-16 09:44:01,30537.25,30541.50,30537.25,30540.75,33,30540.75,30540.75,0.00
2026-06-16 09:44:02,30540.50,30541.00,30537.00,30539.00,19,30539.00,30539.00,0.00
2026-06-16 09:44:03,30539.00,30540.25,30539.00,30540.25,3,30540.25,30540.25,0.00
2026-06-16 09:44:04,30540.50,30540.50,30536.25,30536.25,17,30536.25,30536.25,0.00
2026-06-16 09:44:05,30536.25,30536.25,30533.00,30533.50,14,30533.50,30533.50,0.00
2026-06-16 09:44:06,30533.25,30535.50,30532.75,30535.00,26,30535.00,30535.00,0.00
2026-06-16 09:44:07,30534.50,30535.50,30533.25,30533.75,26,30533.75,30533.75,0.00
2026-06-16 09:44:08,30535.75,30536.75,30532.25,30533.00,35,30533.00,30533.00,0.00
2026-06-16 09:44:09,30534.75,30534.75,30533.50,30533.75,8,30533.75,30533.75,0.00
2026-06-16 09:44:10,30531.00,30533.25,30531.00,30532.00,18,30532.00,30532.00,0.00
2026-06-16 09:44:11,30531.00,30531.75,30529.25,30529.25,12,30529.25,30529.25,0.00
2026-06-16 09:44:12,30532.00,30532.50,30530.25,30530.25,5,30530.25,30530.25,0.00
2026-06-16 09:44:13,30530.25,30531.25,30530.00,30530.50,7,30530.50,30530.50,0.00
2026-06-16 09:44:14,30529.25,30529.25,30526.25,30526.50,24,30526.50,30526.50,0.00
2026-06-16 09:44:15,30526.50,30526.50,30524.50,30526.25,26,30526.25,30526.25,0.00
2026-06-16 09:44:16,30527.00,30527.00,30523.75,30523.75,15,30523.75,30523.75,0.00
2026-06-16 09:44:17,30524.50,30528.50,30524.50,30527.75,23,30527.75,30527.75,0.00
2026-06-16 09:44:18,30525.00,30526.75,30524.50,30526.00,19,30526.00,30526.00,0.00
2026-06-16 09:44:19,30525.25,30525.50,30518.25,30521.50,74,30521.50,30521.50,0.00
2026-06-16 09:44:20,30520.25,30520.25,30514.50,30516.50,87,30516.50,30516.50,0.00
2026-06-16 09:44:21,30516.75,30519.50,30516.25,30518.50,31,30518.50,30518.50,0.00
2026-06-16 09:44:22,30518.00,30521.00,30517.75,30517.75,21,30517.75,30517.75,0.00
2026-06-16 09:44:23,30516.25,30518.25,30515.75,30516.75,10,30516.75,30516.75,0.00
2026-06-16 09:44:24,30517.75,30518.50,30515.00,30518.25,29,30518.25,30518.25,0.00
2026-06-16 09:44:25,30518.50,30518.75,30515.25,30516.25,16,30516.25,30516.25,0.00
2026-06-16 09:44:26,30516.00,30517.50,30515.25,30516.25,8,30516.25,30516.25,0.00
2026-06-16 09:44:27,30516.00,30516.25,30512.50,30513.25,19,30513.25,30513.25,0.00
2026-06-16 09:44:28,30514.25,30515.00,30512.75,30513.00,26,30513.00,30513.00,0.00
2026-06-16 09:44:29,30512.75,30515.25,30512.50,30514.50,20,30514.50,30514.50,0.00
2026-06-16 09:44:30,30514.50,30514.50,30511.25,30512.00,25,30512.00,30512.00,0.00
2026-06-16 09:44:31,30512.00,30512.00,30508.50,30510.75,45,30510.75,30510.75,0.00
2026-06-16 09:44:32,30511.00,30519.00,30510.25,30519.00,44,30519.00,30519.00,0.00
2026-06-16 09:44:33,30518.75,30520.00,30515.25,30515.25,39,30515.25,30515.25,0.00
2026-06-16 09:44:34,30516.00,30516.25,30512.25,30512.50,24,30512.50,30512.50,0.00
2026-06-16 09:44:35,30512.00,30514.00,30510.25,30512.00,34,30512.00,30512.00,0.00
2026-06-16 09:44:36,30512.75,30516.50,30512.75,30515.75,17,30515.75,30515.75,0.00
2026-06-16 09:44:37,30515.75,30516.25,30512.50,30512.50,13,30512.50,30512.50,0.00
2026-06-16 09:44:38,30511.00,30512.00,30508.75,30509.75,17,30509.75,30509.75,0.00
2026-06-16 09:44:39,30510.75,30512.25,30506.75,30508.75,31,30508.75,30508.75,0.00
2026-06-16 09:44:40,30511.75,30512.50,30509.50,30509.50,17,30509.50,30509.50,0.00
2026-06-16 09:44:41,30509.50,30511.00,30508.50,30508.50,12,30508.50,30508.50,0.00
2026-06-16 09:44:42,30507.75,30507.75,30503.00,30504.25,50,30504.25,30504.25,0.00
2026-06-16 09:44:43,30504.00,30504.75,30502.50,30502.50,28,30502.50,30502.50,0.00
2026-06-16 09:44:44,30503.50,30504.25,30499.00,30503.25,97,30503.25,30503.25,0.00
2026-06-16 09:44:45,30503.25,30505.00,30502.25,30504.75,22,30504.75,30504.75,0.00
2026-06-16 09:44:46,30505.00,30505.75,30503.25,30504.00,19,30504.00,30504.00,0.00
2026-06-16 09:44:47,30503.75,30505.25,30502.75,30505.25,20,30505.25,30505.25,0.00
2026-06-16 09:44:48,30505.50,30507.75,30505.00,30505.00,19,30505.00,30505.00,0.00
2026-06-16 09:44:49,30503.25,30506.25,30503.25,30506.25,18,30506.25,30506.25,0.00
2026-06-16 09:44:50,30505.75,30507.50,30505.75,30506.25,15,30506.25,30506.25,0.00
2026-06-16 09:44:51,30506.25,30508.75,30505.00,30505.00,21,30505.00,30505.00,0.00
2026-06-16 09:44:52,30505.75,30507.25,30503.00,30503.25,13,30503.25,30503.25,0.00
2026-06-16 09:44:53,30503.50,30505.75,30503.50,30505.75,3,30505.75,30505.75,0.00
2026-06-16 09:44:54,30504.25,30509.25,30504.25,30507.00,18,30507.00,30507.00,0.00
2026-06-16 09:44:55,30506.75,30511.25,30506.75,30511.25,16,30511.25,30511.25,0.00
2026-06-16 09:44:56,30511.50,30513.25,30510.75,30511.50,28,30511.50,30511.50,0.00
2026-06-16 09:44:57,30511.25,30512.75,30511.00,30511.50,10,30511.50,30511.50,0.00
2026-06-16 09:44:58,30512.25,30512.50,30511.00,30511.25,15,30511.25,30511.25,0.00
2026-06-16 09:44:59,30511.25,30512.00,30509.25,30509.25,13,30509.25,30509.25,0.00
2026-06-16 09:45:00,30512.00,30512.00,30510.00,30510.00,13,30510.00,30510.00,0.00
2026-06-16 09:45:01,30510.50,30515.25,30510.50,30515.25,91,30515.25,30515.25,0.00
2026-06-16 09:45:02,30515.50,30519.00,30514.50,30516.75,57,30516.75,30516.75,0.00
2026-06-16 09:45:03,30517.75,30520.25,30516.25,30518.00,17,30518.00,30518.00,0.00
2026-06-16 09:45:04,30517.75,30518.00,30515.25,30515.50,31,30515.50,30515.50,0.00
2026-06-16 09:45:05,30515.75,30517.25,30513.75,30515.75,20,30515.75,30515.75,0.00
2026-06-16 09:45:06,30516.75,30520.75,30516.75,30520.25,36,30520.25,30520.25,0.00
2026-06-16 09:45:07,30520.00,30521.00,30517.75,30518.00,51,30518.00,30518.00,0.00
2026-06-16 09:45:08,30518.50,30519.50,30515.50,30516.25,20,30516.25,30516.25,0.00
2026-06-16 09:45:09,30516.75,30520.00,30515.75,30519.50,30,30519.50,30519.50,0.00
2026-06-16 09:45:10,30519.00,30519.50,30516.75,30516.75,16,30516.75,30516.75,0.00
2026-06-16 09:45:11,30516.75,30519.75,30515.00,30515.25,17,30515.25,30515.25,0.00
2026-06-16 09:45:12,30518.25,30518.50,30517.75,30518.50,12,30518.50,30518.50,0.00
2026-06-16 09:45:13,30517.75,30518.75,30516.50,30516.50,11,30516.50,30516.50,0.00
2026-06-16 09:45:14,30517.75,30517.75,30512.75,30514.25,25,30514.25,30514.25,0.00
2026-06-16 09:45:15,30512.75,30512.75,30508.00,30508.25,30,30508.25,30508.25,0.00
2026-06-16 09:45:16,30508.00,30511.75,30506.75,30509.50,30,30509.50,30509.50,0.00
2026-06-16 09:45:17,30510.00,30510.25,30508.25,30510.25,10,30510.25,30510.25,0.00
2026-06-16 09:45:18,30510.75,30513.50,30510.75,30513.50,11,30513.50,30513.50,0.00
2026-06-16 09:45:19,30516.00,30516.00,30514.25,30514.25,6,30514.25,30514.25,0.00
2026-06-16 09:45:20,30515.50,30519.50,30515.50,30519.50,19,30519.50,30519.50,0.00
2026-06-16 09:45:21,30518.25,30519.50,30516.50,30517.00,17,30517.00,30517.00,0.00
2026-06-16 09:45:22,30517.75,30517.75,30514.75,30515.25,8,30515.25,30515.25,0.00
2026-06-16 09:45:23,30515.25,30518.25,30515.25,30516.75,10,30516.75,30516.75,0.00
2026-06-16 09:45:24,30519.25,30522.00,30518.50,30522.00,19,30522.00,30522.00,0.00
2026-06-16 09:45:25,30522.25,30525.00,30522.25,30523.00,33,30523.00,30523.00,0.00
2026-06-16 09:45:26,30522.75,30522.75,30520.00,30520.50,8,30520.50,30520.50,0.00
2026-06-16 09:45:27,30520.00,30520.25,30518.50,30518.50,7,30518.50,30518.50,0.00
2026-06-16 09:45:28,30519.75,30523.75,30519.75,30523.75,14,30523.75,30523.75,0.00
2026-06-16 09:45:29,30522.50,30522.50,30520.50,30520.50,8,30520.50,30520.50,0.00
2026-06-16 09:45:30,30521.50,30522.25,30520.75,30521.50,15,30521.50,30521.50,0.00
2026-06-16 09:45:31,30522.00,30525.25,30521.75,30525.25,25,30525.25,30525.25,0.00
2026-06-16 09:45:32,30524.50,30525.25,30522.00,30524.00,14,30524.00,30524.00,0.00
2026-06-16 09:45:33,30525.00,30525.00,30518.00,30519.00,16,30519.00,30519.00,0.00
2026-06-16 09:45:34,30518.25,30522.25,30518.25,30522.25,7,30522.25,30522.25,0.00
2026-06-16 09:45:35,30520.75,30521.00,30520.50,30520.50,4,30520.50,30520.50,0.00
2026-06-16 09:45:36,30522.25,30525.50,30522.25,30523.75,5,30523.75,30523.75,0.00
2026-06-16 09:45:37,30522.75,30528.00,30522.50,30528.00,30,30528.00,30528.00,0.00
2026-06-16 09:45:38,30527.50,30528.75,30525.50,30527.25,20,30527.25,30527.25,0.00
2026-06-16 09:45:39,30527.00,30527.25,30524.00,30524.00,25,30524.00,30524.00,0.00
2026-06-16 09:45:40,30523.25,30527.00,30522.75,30525.50,14,30525.50,30525.50,0.00
2026-06-16 09:45:41,30526.75,30527.50,30525.75,30527.25,7,30527.25,30527.25,0.00
2026-06-16 09:45:42,30528.50,30531.50,30528.25,30530.25,32,30530.25,30530.25,0.00
2026-06-16 09:45:43,30529.50,30529.75,30525.25,30528.50,25,30528.50,30528.50,0.00
2026-06-16 09:45:44,30528.75,30529.00,30524.25,30524.25,13,30524.25,30524.25,0.00
2026-06-16 09:45:45,30526.00,30527.00,30521.50,30521.50,31,30521.50,30521.50,0.00
2026-06-16 09:45:46,30522.75,30525.00,30522.00,30525.00,18,30525.00,30525.00,0.00
2026-06-16 09:45:47,30524.00,30524.75,30522.00,30523.25,12,30523.25,30523.25,0.00
2026-06-16 09:45:48,30522.50,30522.50,30515.75,30518.50,46,30518.50,30518.50,0.00
2026-06-16 09:45:49,30518.75,30518.75,30514.00,30515.50,21,30515.50,30515.50,0.00
2026-06-16 09:45:50,30515.00,30515.50,30510.50,30511.00,24,30511.00,30511.00,0.00
2026-06-16 09:45:51,30511.75,30512.00,30509.50,30511.00,27,30511.00,30511.00,0.00
2026-06-16 09:45:52,30510.25,30510.75,30507.50,30507.50,29,30507.50,30507.50,0.00
2026-06-16 09:45:53,30507.75,30511.75,30507.50,30510.75,13,30510.75,30510.75,0.00
2026-06-16 09:45:54,30510.25,30511.50,30509.50,30511.50,7,30511.50,30511.50,0.00
2026-06-16 09:45:55,30510.75,30512.50,30509.00,30510.50,59,30510.50,30510.50,0.00
2026-06-16 09:45:56,30511.00,30511.50,30510.50,30510.50,5,30510.50,30510.50,0.00
2026-06-16 09:45:57,30511.50,30511.50,30509.00,30510.50,8,30510.50,30510.50,0.00
2026-06-16 09:45:58,30510.25,30511.00,30508.75,30508.75,17,30508.75,30508.75,0.00
2026-06-16 09:45:59,30509.25,30509.25,30504.00,30507.25,94,30507.25,30507.25,0.00
2026-06-16 09:46:00,30507.50,30509.50,30506.25,30506.25,13,30506.25,30506.25,0.00
2026-06-16 09:46:01,30507.00,30509.50,30506.75,30508.00,22,30508.00,30508.00,0.00
2026-06-16 09:46:02,30508.00,30510.25,30505.25,30510.00,31,30510.00,30510.00,0.00
2026-06-16 09:46:03,30510.00,30516.75,30509.50,30516.50,31,30516.50,30516.50,0.00
2026-06-16 09:46:04,30517.50,30522.75,30516.75,30522.50,35,30522.50,30522.50,0.00
2026-06-16 09:46:05,30522.00,30524.25,30521.25,30521.50,28,30521.50,30521.50,0.00
2026-06-16 09:46:06,30519.50,30521.75,30518.50,30519.75,26,30519.75,30519.75,0.00
2026-06-16 09:46:07,30521.00,30524.75,30521.00,30522.75,22,30522.75,30522.75,0.00
2026-06-16 09:46:08,30522.25,30524.50,30522.25,30524.50,9,30524.50,30524.50,0.00
2026-06-16 09:46:09,30524.00,30526.50,30524.00,30526.50,11,30526.50,30526.50,0.00
2026-06-16 09:46:10,30526.25,30526.75,30525.00,30526.75,14,30526.75,30526.75,0.00
2026-06-16 09:46:11,30526.50,30527.50,30526.00,30526.00,16,30526.00,30526.00,0.00
2026-06-16 09:46:12,30527.75,30529.75,30526.75,30529.25,28,30529.25,30529.25,0.00
2026-06-16 09:46:13,30531.00,30533.00,30524.75,30525.75,73,30525.75,30525.75,0.00
2026-06-16 09:46:14,30525.00,30527.75,30525.00,30525.75,23,30525.75,30525.75,0.00
2026-06-16 09:46:15,30524.50,30524.75,30523.50,30523.75,15,30523.75,30523.75,0.00
2026-06-16 09:46:16,30523.00,30531.00,30522.25,30531.00,137,30531.00,30531.00,0.00
2026-06-16 09:46:17,30528.75,30529.25,30528.00,30528.25,16,30528.25,30528.25,0.00
2026-06-16 09:46:18,30528.50,30530.50,30528.50,30530.25,8,30530.25,30530.25,0.00
2026-06-16 09:46:19,30529.25,30531.25,30528.25,30530.00,25,30530.00,30530.00,0.00
2026-06-16 09:46:20,30528.50,30531.00,30526.75,30531.00,19,30531.00,30531.00,0.00
2026-06-16 09:46:21,30529.75,30533.75,30529.50,30532.50,20,30532.50,30532.50,0.00
2026-06-16 09:46:22,30532.50,30534.25,30531.75,30534.00,13,30534.00,30534.00,0.00
2026-06-16 09:46:23,30534.25,30539.25,30534.25,30539.25,48,30539.25,30539.25,0.00
2026-06-16 09:46:24,30540.25,30546.50,30540.25,30546.50,74,30546.50,30546.50,0.00
2026-06-16 09:46:25,30543.75,30546.00,30542.25,30545.25,35,30545.25,30545.25,0.00
2026-06-16 09:46:26,30545.00,30545.00,30542.00,30542.25,14,30542.25,30542.25,0.00
2026-06-16 09:46:27,30544.25,30548.00,30542.00,30546.75,43,30546.75,30546.75,0.00
2026-06-16 09:46:28,30546.50,30549.25,30542.75,30546.50,182,30546.50,30546.50,0.00
2026-06-16 09:46:29,30547.25,30547.25,30542.50,30543.25,32,30543.25,30543.25,0.00
2026-06-16 09:46:30,30541.75,30543.75,30541.50,30543.75,21,30543.75,30543.75,0.00
2026-06-16 09:46:31,30542.75,30542.75,30538.75,30540.25,15,30540.25,30540.25,0.00
2026-06-16 09:46:32,30541.00,30545.25,30541.00,30542.50,58,30542.50,30542.50,0.00
2026-06-16 09:46:33,30541.25,30546.25,30541.25,30545.00,9,30545.00,30545.00,0.00
2026-06-16 09:46:34,30546.00,30547.00,30544.25,30544.25,20,30544.25,30544.25,0.00
2026-06-16 09:46:35,30544.00,30544.75,30542.50,30544.75,27,30544.75,30544.75,0.00
2026-06-16 09:46:36,30544.50,30545.75,30544.00,30545.00,12,30545.00,30545.00,0.00
2026-06-16 09:46:37,30545.25,30547.75,30544.25,30547.75,15,30547.75,30547.75,0.00
2026-06-16 09:46:38,30545.75,30548.00,30545.50,30545.50,13,30545.50,30545.50,0.00
2026-06-16 09:46:39,30546.00,30546.00,30544.75,30545.75,25,30545.75,30545.75,0.00
2026-06-16 09:46:40,30545.50,30546.25,30544.25,30544.25,12,30544.25,30544.25,0.00
2026-06-16 09:46:41,30546.25,30549.50,30544.00,30546.75,100,30546.75,30546.75,0.00
2026-06-16 09:46:42,30545.00,30546.75,30544.25,30545.75,13,30545.75,30545.75,0.00
2026-06-16 09:46:43,30546.75,30546.75,30544.25,30544.25,11,30544.25,30544.25,0.00
2026-06-16 09:46:44,30543.75,30543.75,30540.25,30540.50,99,30540.50,30540.50,0.00
2026-06-16 09:46:45,30541.75,30544.00,30541.75,30544.00,17,30544.00,30544.00,0.00
2026-06-16 09:46:46,30544.75,30546.50,30544.75,30545.75,14,30545.75,30545.75,0.00
2026-06-16 09:46:47,30546.75,30548.00,30546.00,30546.00,30,30546.00,30546.00,0.00
2026-06-16 09:46:48,30547.25,30551.25,30547.25,30549.50,64,30549.50,30549.50,0.00
2026-06-16 09:46:49,30549.00,30550.00,30547.25,30549.50,17,30549.50,30549.50,0.00
2026-06-16 09:46:50,30548.25,30548.25,30544.00,30544.00,18,30544.00,30544.00,0.00
2026-06-16 09:46:51,30545.00,30550.75,30545.00,30550.75,43,30550.75,30550.75,0.00
2026-06-16 09:46:52,30549.50,30551.00,30548.25,30548.25,19,30548.25,30548.25,0.00
2026-06-16 09:46:53,30548.25,30548.25,30548.25,30548.25,4,30548.25,30548.25,0.00
2026-06-16 09:46:54,30549.00,30551.25,30549.00,30551.25,8,30551.25,30551.25,0.00
2026-06-16 09:46:55,30551.00,30551.25,30550.25,30550.25,5,30550.25,30550.25,0.00
2026-06-16 09:46:56,30551.50,30553.00,30548.50,30548.50,47,30548.50,30548.50,0.00
2026-06-16 09:46:57,30549.00,30549.50,30544.75,30549.50,32,30549.50,30549.50,0.00
2026-06-16 09:46:58,30550.00,30551.25,30548.00,30551.25,19,30551.25,30551.25,0.00
2026-06-16 09:46:59,30550.50,30551.75,30549.75,30549.75,6,30549.75,30549.75,0.00
2026-06-16 09:47:00,30550.00,30553.75,30550.00,30553.25,45,30553.25,30553.25,0.00
2026-06-16 09:47:01,30553.75,30553.75,30549.00,30551.50,33,30551.50,30551.50,0.00
2026-06-16 09:47:02,30552.75,30554.50,30550.75,30551.25,47,30551.25,30551.25,0.00
2026-06-16 09:47:03,30550.75,30552.00,30550.25,30552.00,36,30552.00,30552.00,0.00
2026-06-16 09:47:04,30553.00,30554.50,30551.25,30551.25,28,30551.25,30551.25,0.00
2026-06-16 09:47:05,30552.25,30553.25,30548.00,30549.00,48,30549.00,30549.00,0.00
2026-06-16 09:47:06,30547.75,30550.50,30547.50,30550.25,15,30550.25,30550.25,0.00
2026-06-16 09:47:07,30549.25,30549.75,30546.75,30546.75,14,30546.75,30546.75,0.00
2026-06-16 09:47:08,30548.50,30548.50,30544.50,30545.75,31,30545.75,30545.75,0.00
2026-06-16 09:47:09,30545.75,30545.75,30540.75,30541.00,45,30541.00,30541.00,0.00
2026-06-16 09:47:10,30542.25,30544.50,30541.75,30543.25,26,30543.25,30543.25,0.00
2026-06-16 09:47:11,30542.75,30542.75,30538.75,30538.75,35,30538.75,30538.75,0.00
2026-06-16 09:47:12,30540.25,30541.75,30536.75,30540.00,29,30540.00,30540.00,0.00
2026-06-16 09:47:13,30540.25,30540.75,30539.00,30539.50,25,30539.50,30539.50,0.00
2026-06-16 09:47:14,30538.25,30538.25,30535.00,30537.00,22,30537.00,30537.00,0.00
2026-06-16 09:47:15,30535.00,30539.25,30533.00,30539.25,40,30539.25,30539.25,0.00
2026-06-16 09:47:16,30538.75,30541.25,30538.75,30541.25,9,30541.25,30541.25,0.00
2026-06-16 09:47:17,30542.00,30542.50,30542.00,30542.50,4,30542.50,30542.50,0.00
2026-06-16 09:47:18,30542.75,30543.75,30540.75,30543.75,22,30543.75,30543.75,0.00
2026-06-16 09:47:19,30543.50,30547.25,30543.00,30547.25,20,30547.25,30547.25,0.00
2026-06-16 09:47:20,30545.50,30545.50,30543.00,30544.75,35,30544.75,30544.75,0.00
2026-06-16 09:47:21,30545.00,30546.50,30544.25,30544.75,7,30544.75,30544.75,0.00
2026-06-16 09:47:22,30545.00,30548.75,30545.00,30547.75,10,30547.75,30547.75,0.00
2026-06-16 09:47:23,30548.25,30551.00,30547.75,30547.75,51,30547.75,30547.75,0.00
2026-06-16 09:47:24,30548.50,30552.50,30548.50,30551.00,24,30551.00,30551.00,0.00
2026-06-16 09:47:25,30551.00,30551.50,30549.25,30550.75,20,30550.75,30550.75,0.00
2026-06-16 09:47:26,30552.00,30553.00,30552.00,30552.00,12,30552.00,30552.00,0.00
2026-06-16 09:47:27,30553.25,30553.50,30551.00,30551.50,20,30551.50,30551.50,0.00
2026-06-16 09:47:28,30552.50,30553.00,30549.25,30549.75,34,30549.75,30549.75,0.00
2026-06-16 09:47:29,30549.00,30550.50,30548.25,30548.50,15,30548.50,30548.50,0.00
2026-06-16 09:47:30,30549.00,30549.50,30548.25,30548.25,6,30548.25,30548.25,0.00
2026-06-16 09:47:31,30547.75,30551.00,30547.75,30551.00,7,30551.00,30551.00,0.00
2026-06-16 09:47:32,30550.75,30551.00,30549.00,30551.00,17,30551.00,30551.00,0.00
2026-06-16 09:47:33,30551.50,30551.50,30551.50,30551.50,1,30551.50,30551.50,0.00
2026-06-16 09:47:34,30550.50,30554.25,30550.50,30554.25,15,30554.25,30554.25,0.00
2026-06-16 09:47:35,30552.75,30553.50,30552.75,30552.75,9,30552.75,30552.75,0.00
2026-06-16 09:47:36,30552.25,30558.25,30552.00,30557.75,58,30557.75,30557.75,0.00
2026-06-16 09:47:37,30557.00,30558.75,30555.50,30556.75,44,30556.75,30556.75,0.00
2026-06-16 09:47:38,30555.50,30558.25,30555.25,30557.75,29,30557.75,30557.75,0.00
2026-06-16 09:47:39,30555.50,30556.25,30554.75,30555.00,33,30555.00,30555.00,0.00
2026-06-16 09:47:40,30555.25,30555.25,30553.25,30553.25,8,30553.25,30553.25,0.00
2026-06-16 09:47:41,30553.50,30555.75,30550.00,30550.50,27,30550.50,30550.50,0.00
2026-06-16 09:47:42,30551.00,30553.25,30550.50,30552.00,21,30552.00,30552.00,0.00
2026-06-16 09:47:43,30551.50,30555.00,30551.50,30554.50,15,30554.50,30554.50,0.00
2026-06-16 09:47:44,30555.25,30555.50,30552.00,30552.00,7,30552.00,30552.00,0.00
2026-06-16 09:47:45,30550.75,30551.25,30550.00,30550.75,22,30550.75,30550.75,0.00
2026-06-16 09:47:46,30551.50,30551.75,30548.50,30551.75,15,30551.75,30551.75,0.00
2026-06-16 09:47:47,30549.25,30553.50,30549.00,30553.50,54,30553.50,30553.50,0.00
2026-06-16 09:47:48,30553.00,30555.50,30552.75,30554.50,13,30554.50,30554.50,0.00
2026-06-16 09:47:49,30555.00,30556.25,30555.00,30555.50,10,30555.50,30555.50,0.00
2026-06-16 09:47:50,30556.50,30559.25,30555.50,30557.25,38,30557.25,30557.25,0.00
2026-06-16 09:47:51,30556.50,30557.00,30555.00,30555.50,8,30555.50,30555.50,0.00
2026-06-16 09:47:52,30558.50,30558.75,30557.50,30558.00,18,30558.00,30558.00,0.00
2026-06-16 09:47:53,30557.00,30558.50,30556.25,30558.25,57,30558.25,30558.25,0.00
2026-06-16 09:47:54,30557.50,30562.75,30557.25,30561.00,102,30561.00,30561.00,0.00
2026-06-16 09:47:55,30561.25,30561.50,30557.50,30558.25,33,30558.25,30558.25,0.00
2026-06-16 09:47:56,30559.75,30562.75,30559.75,30561.75,36,30561.75,30561.75,0.00
2026-06-16 09:47:57,30561.00,30562.25,30559.25,30562.25,32,30562.25,30562.25,0.00
2026-06-16 09:47:58,30561.25,30563.25,30561.25,30562.25,24,30562.25,30562.25,0.00
2026-06-16 09:47:59,30563.25,30565.75,30563.00,30565.00,56,30565.00,30565.00,0.00
2026-06-16 09:48:00,30565.50,30566.00,30563.75,30564.00,39,30564.00,30564.00,0.00
2026-06-16 09:48:01,30565.00,30565.00,30561.50,30563.50,43,30563.50,30563.50,0.00
2026-06-16 09:48:02,30563.75,30565.00,30562.25,30562.25,27,30562.25,30562.25,0.00
2026-06-16 09:48:03,30563.25,30563.75,30561.00,30563.75,22,30563.75,30563.75,0.00
2026-06-16 09:48:04,30563.25,30563.25,30558.50,30558.50,38,30558.50,30558.50,0.00
2026-06-16 09:48:05,30558.75,30559.75,30556.25,30556.50,40,30556.50,30556.50,0.00
2026-06-16 09:48:06,30555.75,30557.25,30555.75,30556.75,12,30556.75,30556.75,0.00
2026-06-16 09:48:07,30556.75,30556.75,30554.25,30555.00,41,30555.00,30555.00,0.00
2026-06-16 09:48:08,30553.75,30556.00,30551.75,30553.00,24,30553.00,30553.00,0.00
2026-06-16 09:48:09,30553.00,30556.75,30553.00,30555.00,32,30555.00,30555.00,0.00
2026-06-16 09:48:10,30553.75,30554.75,30552.25,30554.25,20,30554.25,30554.25,0.00
2026-06-16 09:48:11,30554.00,30554.00,30546.75,30547.50,86,30547.50,30547.50,0.00
2026-06-16 09:48:12,30546.50,30548.00,30545.75,30547.50,26,30547.50,30547.50,0.00
2026-06-16 09:48:13,30546.50,30547.50,30542.50,30542.50,29,30542.50,30542.50,0.00
2026-06-16 09:48:14,30542.50,30542.50,30536.75,30539.25,85,30539.25,30539.25,0.00
2026-06-16 09:48:15,30538.25,30543.75,30538.25,30541.75,26,30541.75,30541.75,0.00
2026-06-16 09:48:16,30543.75,30546.50,30543.75,30545.50,18,30545.50,30545.50,0.00
2026-06-16 09:48:17,30545.25,30545.25,30541.50,30541.75,26,30541.75,30541.75,0.00
2026-06-16 09:48:18,30541.50,30543.25,30540.25,30542.25,25,30542.25,30542.25,0.00
2026-06-16 09:48:19,30543.00,30545.75,30543.00,30545.75,10,30545.75,30545.75,0.00
2026-06-16 09:48:20,30546.50,30547.75,30543.75,30545.50,21,30545.50,30545.50,0.00
2026-06-16 09:48:21,30546.25,30546.25,30545.75,30545.75,3,30545.75,30545.75,0.00
2026-06-16 09:48:22,30546.25,30547.75,30545.75,30547.25,10,30547.25,30547.25,0.00
2026-06-16 09:48:23,30546.25,30547.75,30541.75,30544.00,25,30544.00,30544.00,0.00
2026-06-16 09:48:24,30543.50,30543.50,30542.25,30542.75,4,30542.75,30542.75,0.00
2026-06-16 09:48:25,30541.75,30545.50,30541.75,30545.50,11,30545.50,30545.50,0.00
2026-06-16 09:48:26,30547.25,30547.50,30545.00,30545.00,11,30545.00,30545.00,0.00
2026-06-16 09:48:27,30542.25,30543.75,30540.00,30543.75,19,30543.75,30543.75,0.00
2026-06-16 09:48:28,30540.25,30542.75,30540.25,30542.75,4,30542.75,30542.75,0.00
2026-06-16 09:48:29,30544.75,30546.50,30544.75,30546.50,9,30546.50,30546.50,0.00
2026-06-16 09:48:30,30547.50,30547.50,30545.00,30545.75,12,30545.75,30545.75,0.00
2026-06-16 09:48:31,30547.75,30552.00,30547.25,30552.00,49,30552.00,30552.00,0.00
2026-06-16 09:48:32,30551.75,30552.25,30550.00,30551.50,28,30551.50,30551.50,0.00
2026-06-16 09:48:33,30552.00,30553.25,30552.00,30552.00,21,30552.00,30552.00,0.00
2026-06-16 09:48:34,30551.00,30555.75,30550.25,30555.75,16,30555.75,30555.75,0.00
2026-06-16 09:48:35,30556.25,30556.25,30554.00,30555.25,13,30555.25,30555.25,0.00
2026-06-16 09:48:36,30554.75,30556.75,30554.25,30554.50,22,30554.50,30554.50,0.00
2026-06-16 09:48:37,30555.75,30557.25,30555.25,30557.25,18,30557.25,30557.25,0.00
2026-06-16 09:48:38,30558.00,30559.75,30558.00,30559.75,9,30559.75,30559.75,0.00
2026-06-16 09:48:39,30559.25,30560.00,30557.75,30557.75,8,30557.75,30557.75,0.00
2026-06-16 09:48:40,30557.75,30559.50,30557.50,30559.50,6,30559.50,30559.50,0.00
2026-06-16 09:48:41,30560.50,30563.25,30560.50,30560.50,23,30560.50,30560.50,0.00
2026-06-16 09:48:42,30561.00,30563.50,30559.25,30562.75,30,30562.75,30562.75,0.00
2026-06-16 09:48:43,30562.00,30564.00,30560.75,30561.75,30,30561.75,30561.75,0.00
2026-06-16 09:48:44,30561.75,30562.50,30560.00,30560.00,36,30560.00,30560.00,0.00
2026-06-16 09:48:45,30560.00,30561.75,30558.75,30558.75,8,30558.75,30558.75,0.00
2026-06-16 09:48:46,30557.50,30559.00,30557.50,30558.00,12,30558.00,30558.00,0.00
2026-06-16 09:48:47,30558.50,30558.50,30555.50,30558.50,10,30558.50,30558.50,0.00
2026-06-16 09:48:48,30559.75,30560.00,30559.75,30560.00,3,30560.00,30560.00,0.00
2026-06-16 09:48:49,30558.50,30559.75,30558.00,30559.75,4,30559.75,30559.75,0.00
2026-06-16 09:48:50,30558.75,30561.25,30558.75,30560.00,5,30560.00,30560.00,0.00
2026-06-16 09:48:51,30560.25,30560.25,30557.75,30559.25,11,30559.25,30559.25,0.00
2026-06-16 09:48:52,30559.00,30560.00,30558.50,30558.50,28,30558.50,30558.50,0.00
2026-06-16 09:48:53,30558.00,30560.00,30558.00,30560.00,10,30560.00,30560.00,0.00
2026-06-16 09:48:54,30560.75,30561.50,30559.75,30560.50,7,30560.50,30560.50,0.00
2026-06-16 09:48:55,30559.75,30560.25,30558.25,30558.25,5,30558.25,30558.25,0.00
2026-06-16 09:48:56,30558.00,30558.75,30555.75,30555.75,15,30555.75,30555.75,0.00
2026-06-16 09:48:57,30558.00,30559.25,30557.50,30559.25,4,30559.25,30559.25,0.00
2026-06-16 09:48:58,30560.50,30562.50,30560.50,30562.50,10,30562.50,30562.50,0.00
2026-06-16 09:48:59,30561.50,30563.00,30560.75,30563.00,9,30563.00,30563.00,0.00
2026-06-16 09:49:00,30564.00,30565.75,30562.25,30563.75,47,30563.75,30563.75,0.00
2026-06-16 09:49:01,30564.75,30566.25,30563.50,30564.25,56,30564.25,30564.25,0.00
2026-06-16 09:49:02,30565.75,30566.25,30565.50,30566.25,9,30566.25,30566.25,0.00
2026-06-16 09:49:03,30566.50,30569.00,30565.00,30567.75,40,30567.75,30567.75,0.00
2026-06-16 09:49:04,30568.25,30569.50,30568.25,30568.25,21,30568.25,30568.25,0.00
2026-06-16 09:49:05,30567.75,30567.75,30565.25,30565.75,32,30565.75,30565.75,0.00
2026-06-16 09:49:06,30566.00,30567.25,30565.50,30566.50,8,30566.50,30566.50,0.00
2026-06-16 09:49:07,30566.25,30568.25,30566.00,30568.25,12,30568.25,30568.25,0.00
2026-06-16 09:49:08,30568.50,30569.00,30567.50,30569.00,9,30569.00,30569.00,0.00
2026-06-16 09:49:09,30568.75,30570.25,30568.00,30570.25,22,30570.25,30570.25,0.00
2026-06-16 09:49:10,30570.25,30571.25,30569.25,30571.25,16,30571.25,30571.25,0.00
2026-06-16 09:49:11,30571.25,30572.00,30570.75,30571.25,25,30571.25,30571.25,0.00
2026-06-16 09:49:12,30570.25,30572.50,30570.25,30570.25,15,30570.25,30570.25,0.00
2026-06-16 09:49:13,30571.25,30571.25,30569.75,30570.75,22,30570.75,30570.75,0.00
2026-06-16 09:49:14,30571.25,30572.75,30570.25,30572.75,26,30572.75,30572.75,0.00
2026-06-16 09:49:15,30572.50,30572.50,30571.25,30572.50,15,30572.50,30572.50,0.00
2026-06-16 09:49:16,30570.50,30574.50,30570.50,30574.50,33,30574.50,30574.50,0.00
2026-06-16 09:49:17,30574.50,30576.25,30574.00,30574.00,46,30574.00,30574.00,0.00
2026-06-16 09:49:18,30574.50,30574.50,30572.00,30574.00,35,30574.00,30574.00,0.00
2026-06-16 09:49:19,30573.50,30573.50,30572.25,30573.00,59,30573.00,30573.00,0.00
2026-06-16 09:49:20,30572.75,30573.00,30571.25,30572.50,22,30572.50,30572.50,0.00
2026-06-16 09:49:21,30572.25,30572.25,30570.75,30571.25,14,30571.25,30571.25,0.00
2026-06-16 09:49:22,30571.50,30572.75,30571.00,30571.25,16,30571.25,30571.25,0.00
2026-06-16 09:49:23,30571.75,30572.00,30570.75,30570.75,4,30570.75,30570.75,0.00
2026-06-16 09:49:24,30571.25,30571.25,30568.75,30569.50,24,30569.50,30569.50,0.00
2026-06-16 09:49:25,30570.25,30570.25,30565.75,30566.50,34,30566.50,30566.50,0.00
2026-06-16 09:49:26,30567.50,30571.25,30567.50,30570.00,54,30570.00,30570.00,0.00
2026-06-16 09:49:27,30571.00,30572.50,30569.75,30571.25,10,30571.25,30571.25,0.00
2026-06-16 09:49:28,30572.75,30572.75,30571.25,30572.50,11,30572.50,30572.50,0.00
2026-06-16 09:49:29,30573.00,30573.00,30572.00,30572.00,12,30572.00,30572.00,0.00
2026-06-16 09:49:30,30569.50,30570.50,30569.00,30569.25,14,30569.25,30569.25,0.00
2026-06-16 09:49:31,30570.25,30570.75,30569.50,30569.50,11,30569.50,30569.50,0.00
2026-06-16 09:49:32,30570.00,30571.25,30569.25,30570.50,19,30570.50,30570.50,0.00
2026-06-16 09:49:33,30570.50,30570.75,30569.25,30569.25,6,30569.25,30569.25,0.00
2026-06-16 09:49:34,30569.50,30570.50,30568.00,30569.25,20,30569.25,30569.25,0.00
2026-06-16 09:49:35,30569.25,30570.00,30567.50,30567.50,8,30567.50,30567.50,0.00
2026-06-16 09:49:36,30567.25,30569.25,30566.25,30566.75,48,30566.75,30566.75,0.00
2026-06-16 09:49:37,30566.75,30567.75,30566.50,30566.50,12,30566.50,30566.50,0.00
2026-06-16 09:49:38,30566.50,30567.00,30560.00,30560.25,55,30560.25,30560.25,0.00
2026-06-16 09:49:39,30560.75,30562.00,30558.25,30559.25,53,30559.25,30559.25,0.00
2026-06-16 09:49:40,30559.75,30561.00,30558.25,30558.50,11,30558.50,30558.50,0.00
2026-06-16 09:49:41,30559.50,30560.00,30555.50,30557.00,25,30557.00,30557.00,0.00
2026-06-16 09:49:42,30557.25,30558.50,30556.00,30556.50,29,30556.50,30556.50,0.00
2026-06-16 09:49:43,30556.75,30557.50,30553.25,30554.50,45,30554.50,30554.50,0.00
2026-06-16 09:49:44,30553.00,30553.75,30549.75,30550.75,69,30550.75,30550.75,0.00
2026-06-16 09:49:45,30550.75,30554.25,30550.75,30554.25,12,30554.25,30554.25,0.00
2026-06-16 09:49:46,30552.75,30553.50,30552.50,30553.50,9,30553.50,30553.50,0.00
2026-06-16 09:49:47,30554.00,30557.50,30553.25,30556.50,13,30556.50,30556.50,0.00
2026-06-16 09:49:48,30556.00,30556.00,30554.25,30556.00,19,30556.00,30556.00,0.00
2026-06-16 09:49:49,30554.50,30554.50,30549.25,30549.25,20,30549.25,30549.25,0.00
2026-06-16 09:49:50,30549.75,30551.50,30548.75,30551.25,14,30551.25,30551.25,0.00
2026-06-16 09:49:51,30550.50,30551.00,30550.25,30550.50,6,30550.50,30550.50,0.00
2026-06-16 09:49:52,30551.25,30551.50,30550.50,30551.50,11,30551.50,30551.50,0.00
2026-06-16 09:49:53,30551.50,30551.50,30548.25,30548.25,7,30548.25,30548.25,0.00
2026-06-16 09:49:54,30549.50,30550.25,30548.25,30548.25,20,30548.25,30548.25,0.00
2026-06-16 09:49:55,30548.25,30548.25,30547.00,30547.75,15,30547.75,30547.75,0.00
2026-06-16 09:49:56,30548.25,30548.25,30545.00,30545.75,27,30545.75,30545.75,0.00
2026-06-16 09:49:57,30547.75,30549.50,30546.25,30549.50,28,30549.50,30549.50,0.00
2026-06-16 09:49:58,30549.25,30550.50,30549.00,30550.50,13,30550.50,30550.50,0.00
2026-06-16 09:49:59,30547.75,30551.25,30547.75,30551.25,14,30551.25,30551.25,0.00
2026-06-16 09:50:00,30551.50,30553.75,30551.25,30553.75,22,30553.75,30553.75,0.00
2026-06-16 09:50:01,30553.50,30556.25,30553.50,30556.00,42,30556.00,30556.00,0.00
2026-06-16 09:50:02,30554.25,30555.25,30552.50,30553.00,17,30553.00,30553.00,0.00
2026-06-16 09:50:03,30550.75,30555.50,30550.75,30554.50,16,30554.50,30554.50,0.00
2026-06-16 09:50:04,30557.00,30557.75,30555.00,30557.50,18,30557.50,30557.50,0.00
2026-06-16 09:50:05,30557.50,30558.75,30555.25,30555.50,21,30555.50,30555.50,0.00
2026-06-16 09:50:06,30554.25,30556.75,30552.75,30556.25,32,30556.25,30556.25,0.00
2026-06-16 09:50:07,30556.25,30559.00,30555.25,30558.75,15,30558.75,30558.75,0.00
2026-06-16 09:50:08,30559.25,30562.00,30559.25,30561.75,25,30561.75,30561.75,0.00
2026-06-16 09:50:09,30560.25,30560.50,30559.25,30560.25,11,30560.25,30560.25,0.00
2026-06-16 09:50:10,30561.00,30561.00,30558.00,30559.75,10,30559.75,30559.75,0.00
2026-06-16 09:50:11,30559.50,30561.75,30559.50,30561.75,13,30561.75,30561.75,0.00
2026-06-16 09:50:12,30562.00,30562.75,30561.75,30561.75,8,30561.75,30561.75,0.00
2026-06-16 09:50:13,30562.00,30562.25,30560.00,30560.25,15,30560.25,30560.25,0.00
2026-06-16 09:50:14,30558.50,30558.50,30557.00,30558.50,9,30558.50,30558.50,0.00
2026-06-16 09:50:15,30557.00,30557.00,30554.25,30555.00,12,30555.00,30555.00,0.00
2026-06-16 09:50:16,30556.00,30556.00,30553.50,30553.50,13,30553.50,30553.50,0.00
2026-06-16 09:50:17,30554.00,30555.25,30554.00,30555.25,4,30555.25,30555.25,0.00
2026-06-16 09:50:18,30553.50,30554.75,30552.25,30554.75,11,30554.75,30554.75,0.00
2026-06-16 09:50:19,30554.75,30558.75,30554.75,30557.25,20,30557.25,30557.25,0.00
2026-06-16 09:50:20,30557.00,30560.50,30557.00,30560.50,11,30560.50,30560.50,0.00
2026-06-16 09:50:21,30560.50,30563.00,30560.50,30562.00,18,30562.00,30562.00,0.00
2026-06-16 09:50:22,30563.00,30563.50,30561.25,30563.00,11,30563.00,30563.00,0.00
2026-06-16 09:50:23,30563.25,30563.50,30561.25,30563.00,19,30563.00,30563.00,0.00
2026-06-16 09:50:24,30562.50,30564.50,30561.75,30563.75,8,30563.75,30563.75,0.00
2026-06-16 09:50:25,30562.75,30563.50,30562.00,30563.50,7,30563.50,30563.50,0.00
2026-06-16 09:50:26,30564.25,30566.00,30562.50,30562.50,18,30562.50,30562.50,0.00
2026-06-16 09:50:27,30563.75,30566.00,30562.75,30565.75,12,30565.75,30565.75,0.00
2026-06-16 09:50:28,30567.25,30568.25,30565.25,30565.25,27,30565.25,30565.25,0.00
2026-06-16 09:50:29,30564.50,30566.00,30563.50,30563.50,14,30563.50,30563.50,0.00
2026-06-16 09:50:30,30564.00,30564.00,30559.75,30559.75,14,30559.75,30559.75,0.00
2026-06-16 09:50:31,30560.00,30562.00,30560.00,30561.50,17,30561.50,30561.50,0.00
2026-06-16 09:50:32,30560.50,30560.50,30559.25,30559.50,8,30559.50,30559.50,0.00
2026-06-16 09:50:33,30559.75,30560.50,30556.75,30558.00,17,30558.00,30558.00,0.00
2026-06-16 09:50:34,30557.50,30558.25,30556.25,30558.00,10,30558.00,30558.00,0.00
2026-06-16 09:50:35,30558.75,30561.00,30558.25,30561.00,4,30561.00,30561.00,0.00
2026-06-16 09:50:36,30563.25,30564.25,30562.25,30564.00,14,30564.00,30564.00,0.00
2026-06-16 09:50:37,30564.75,30566.75,30564.50,30566.50,12,30566.50,30566.50,0.00
2026-06-16 09:50:38,30566.25,30566.25,30563.25,30563.25,5,30563.25,30563.25,0.00
2026-06-16 09:50:39,30564.25,30569.25,30564.25,30569.25,18,30569.25,30569.25,0.00
2026-06-16 09:50:40,30569.50,30570.00,30568.25,30570.00,18,30570.00,30570.00,0.00
2026-06-16 09:50:41,30570.50,30570.75,30567.00,30567.00,18,30567.00,30567.00,0.00
2026-06-16 09:50:42,30567.50,30568.25,30566.00,30568.25,14,30568.25,30568.25,0.00
2026-06-16 09:50:43,30568.25,30568.25,30563.50,30564.25,20,30564.25,30564.25,0.00
2026-06-16 09:50:44,30564.00,30564.75,30562.75,30563.75,13,30563.75,30563.75,0.00
2026-06-16 09:50:45,30564.50,30565.00,30563.75,30565.00,11,30565.00,30565.00,0.00
2026-06-16 09:50:46,30565.75,30567.00,30565.75,30567.00,6,30567.00,30567.00,0.00
2026-06-16 09:50:47,30567.25,30569.00,30567.25,30569.00,5,30569.00,30569.00,0.00
2026-06-16 09:50:48,30568.00,30571.50,30568.00,30570.75,25,30570.75,30570.75,0.00
2026-06-16 09:50:49,30571.50,30572.25,30570.25,30571.00,19,30571.00,30571.00,0.00
2026-06-16 09:50:50,30570.75,30572.00,30570.00,30570.50,10,30570.50,30570.50,0.00
2026-06-16 09:50:51,30570.50,30572.00,30570.00,30570.75,19,30570.75,30570.75,0.00
2026-06-16 09:50:52,30571.00,30572.75,30570.25,30571.75,12,30571.75,30571.75,0.00
2026-06-16 09:50:53,30572.00,30573.50,30570.00,30572.00,32,30572.00,30572.00,0.00
2026-06-16 09:50:54,30573.00,30573.75,30571.75,30573.00,16,30573.00,30573.00,0.00
2026-06-16 09:50:55,30573.75,30574.75,30572.75,30573.75,29,30573.75,30573.75,0.00
2026-06-16 09:50:56,30573.75,30574.25,30570.50,30574.00,31,30574.00,30574.00,0.00
2026-06-16 09:50:57,30574.25,30574.25,30571.50,30572.75,33,30572.75,30572.75,0.00
2026-06-16 09:50:58,30574.25,30575.00,30573.00,30573.00,13,30573.00,30573.00,0.00
2026-06-16 09:50:59,30572.75,30573.75,30572.00,30572.50,23,30572.50,30572.50,0.00
2026-06-16 09:51:00,30572.50,30574.25,30572.50,30573.50,16,30573.50,30573.50,0.00
2026-06-16 09:51:01,30573.25,30575.00,30572.50,30574.75,32,30574.75,30574.75,0.00
2026-06-16 09:51:02,30574.75,30575.00,30570.75,30571.50,21,30571.50,30571.50,0.00
2026-06-16 09:51:03,30571.50,30573.75,30571.50,30573.25,9,30573.25,30573.25,0.00
2026-06-16 09:51:04,30572.50,30572.50,30571.25,30571.50,4,30571.50,30571.50,0.00
2026-06-16 09:51:05,30572.00,30572.00,30570.50,30571.00,13,30571.00,30571.00,0.00
2026-06-16 09:51:06,30570.25,30570.75,30567.50,30567.75,19,30567.75,30567.75,0.00
2026-06-16 09:51:07,30567.50,30568.25,30565.75,30567.50,29,30567.50,30567.50,0.00
2026-06-16 09:51:08,30567.00,30571.75,30566.75,30571.25,26,30571.25,30571.25,0.00
2026-06-16 09:51:09,30570.75,30570.75,30570.75,30570.75,1,30570.75,30570.75,0.00
2026-06-16 09:51:10,30570.50,30571.25,30569.50,30571.25,9,30571.25,30571.25,0.00
2026-06-16 09:51:11,30570.75,30573.00,30570.50,30573.00,21,30573.00,30573.00,0.00
2026-06-16 09:51:12,30572.75,30572.75,30571.50,30572.00,6,30572.00,30572.00,0.00
2026-06-16 09:51:13,30571.75,30572.25,30571.75,30571.75,10,30571.75,30571.75,0.00
2026-06-16 09:51:14,30572.50,30574.75,30572.50,30574.00,14,30574.00,30574.00,0.00
2026-06-16 09:51:15,30573.50,30574.75,30572.00,30572.00,32,30572.00,30572.00,0.00
2026-06-16 09:51:16,30573.00,30574.00,30572.75,30573.25,6,30573.25,30573.25,0.00
2026-06-16 09:51:17,30573.50,30573.50,30569.75,30570.25,10,30570.25,30570.25,0.00
2026-06-16 09:51:18,30570.50,30571.25,30568.75,30568.75,16,30568.75,30568.75,0.00
2026-06-16 09:51:19,30568.25,30568.25,30564.50,30564.75,24,30564.75,30564.75,0.00
2026-06-16 09:51:20,30565.25,30565.75,30562.50,30562.50,28,30562.50,30562.50,0.00
2026-06-16 09:51:21,30562.50,30566.00,30562.50,30565.00,17,30565.00,30565.00,0.00
2026-06-16 09:51:22,30566.25,30568.25,30566.25,30568.25,7,30568.25,30568.25,0.00
2026-06-16 09:51:23,30567.00,30567.00,30566.50,30566.50,5,30566.50,30566.50,0.00
2026-06-16 09:51:24,30566.50,30569.25,30566.50,30569.25,3,30569.25,30569.25,0.00
2026-06-16 09:51:25,30569.75,30569.75,30568.50,30568.50,6,30568.50,30568.50,0.00
2026-06-16 09:51:26,30567.50,30567.50,30566.75,30567.00,8,30567.00,30567.00,0.00
2026-06-16 09:51:27,30567.75,30567.75,30567.75,30567.75,1,30567.75,30567.75,0.00
2026-06-16 09:51:28,30567.25,30569.25,30567.25,30569.25,3,30569.25,30569.25,0.00
2026-06-16 09:51:29,30569.75,30569.75,30568.75,30568.75,4,30568.75,30568.75,0.00
2026-06-16 09:51:30,30571.50,30573.25,30571.50,30572.75,23,30572.75,30572.75,0.00
2026-06-16 09:51:31,30573.50,30575.25,30573.50,30575.00,15,30575.00,30575.00,0.00
2026-06-16 09:51:32,30574.50,30574.50,30573.25,30574.25,16,30574.25,30574.25,0.00
2026-06-16 09:51:33,30574.00,30575.75,30574.00,30574.50,14,30574.50,30574.50,0.00
2026-06-16 09:51:34,30574.25,30575.75,30573.00,30573.75,13,30573.75,30573.75,0.00
2026-06-16 09:51:35,30572.25,30573.75,30571.00,30572.25,18,30572.25,30572.25,0.00
2026-06-16 09:51:36,30572.00,30573.00,30572.00,30573.00,2,30573.00,30573.00,0.00
2026-06-16 09:51:37,30572.75,30574.75,30572.75,30574.75,5,30574.75,30574.75,0.00
2026-06-16 09:51:38,30575.00,30577.00,30573.75,30575.75,32,30575.75,30575.75,0.00
2026-06-16 09:51:39,30574.75,30575.75,30573.75,30573.75,13,30573.75,30573.75,0.00
2026-06-16 09:51:40,30575.00,30575.00,30573.50,30573.50,14,30573.50,30573.50,0.00
2026-06-16 09:51:41,30571.50,30572.75,30571.50,30572.75,7,30572.75,30572.75,0.00
2026-06-16 09:51:42,30572.25,30574.25,30572.00,30573.00,10,30573.00,30573.00,0.00
2026-06-16 09:51:43,30572.75,30573.25,30572.25,30572.25,4,30572.25,30572.25,0.00
2026-06-16 09:51:44,30572.00,30574.75,30572.00,30574.75,25,30574.75,30574.75,0.00
2026-06-16 09:51:45,30573.00,30573.25,30572.00,30572.00,4,30572.00,30572.00,0.00
2026-06-16 09:51:46,30571.00,30571.00,30571.00,30571.00,1,30571.00,30571.00,0.00
2026-06-16 09:51:47,30570.50,30570.50,30569.50,30569.50,5,30569.50,30569.50,0.00
2026-06-16 09:51:48,30570.50,30570.50,30568.25,30568.25,11,30568.25,30568.25,0.00
2026-06-16 09:51:49,30568.25,30569.75,30568.00,30569.25,14,30569.25,30569.25,0.00
2026-06-16 09:51:50,30569.00,30569.75,30568.25,30569.25,6,30569.25,30569.25,0.00
2026-06-16 09:51:51,30570.50,30570.50,30569.75,30569.75,5,30569.75,30569.75,0.00
2026-06-16 09:51:52,30569.75,30569.75,30569.00,30569.00,2,30569.00,30569.00,0.00
2026-06-16 09:51:53,30568.25,30568.25,30565.50,30567.75,18,30567.75,30567.75,0.00
2026-06-16 09:51:54,30566.75,30567.50,30565.75,30565.75,10,30565.75,30565.75,0.00
2026-06-16 09:51:55,30565.50,30565.50,30560.00,30561.00,60,30561.00,30561.00,0.00
2026-06-16 09:51:56,30560.00,30561.00,30557.50,30560.25,32,30560.25,30560.25,0.00
2026-06-16 09:51:57,30559.75,30560.50,30558.75,30560.50,19,30560.50,30560.50,0.00
2026-06-16 09:51:58,30561.00,30564.00,30560.75,30564.00,14,30564.00,30564.00,0.00
2026-06-16 09:51:59,30564.25,30565.25,30564.25,30565.25,10,30565.25,30565.25,0.00
2026-06-16 09:52:00,30564.50,30564.50,30563.00,30563.25,7,30563.25,30563.25,0.00
2026-06-16 09:52:01,30565.00,30570.75,30565.00,30570.00,32,30570.00,30570.00,0.00
2026-06-16 09:52:02,30570.00,30572.00,30569.00,30569.50,32,30569.50,30569.50,0.00
2026-06-16 09:52:03,30568.50,30569.00,30567.75,30569.00,8,30569.00,30569.00,0.00
2026-06-16 09:52:04,30569.25,30572.00,30569.00,30569.00,12,30569.00,30569.00,0.00
2026-06-16 09:52:05,30568.50,30573.00,30568.00,30573.00,17,30573.00,30573.00,0.00
2026-06-16 09:52:06,30572.75,30572.75,30569.50,30570.50,9,30570.50,30570.50,0.00
2026-06-16 09:52:07,30570.75,30570.75,30567.00,30567.00,15,30567.00,30567.00,0.00
2026-06-16 09:52:08,30567.00,30568.25,30566.25,30568.25,12,30568.25,30568.25,0.00
2026-06-16 09:52:09,30567.50,30570.25,30566.25,30570.25,15,30570.25,30570.25,0.00
2026-06-16 09:52:10,30570.00,30570.00,30568.00,30568.00,3,30568.00,30568.00,0.00
2026-06-16 09:52:11,30567.00,30567.50,30566.00,30566.00,8,30566.00,30566.00,0.00
2026-06-16 09:52:12,30565.75,30567.25,30565.75,30567.25,5,30567.25,30567.25,0.00
2026-06-16 09:52:13,30567.50,30567.50,30565.50,30565.50,6,30565.50,30565.50,0.00
2026-06-16 09:52:14,30568.50,30569.50,30568.50,30568.50,9,30568.50,30568.50,0.00
2026-06-16 09:52:15,30570.00,30571.50,30570.00,30571.50,4,30571.50,30571.50,0.00
2026-06-16 09:52:16,30570.25,30570.50,30570.25,30570.50,7,30570.50,30570.50,0.00
2026-06-16 09:52:17,30570.25,30570.50,30569.50,30570.50,3,30570.50,30570.50,0.00
2026-06-16 09:52:18,30570.75,30571.50,30569.75,30571.50,7,30571.50,30571.50,0.00
2026-06-16 09:52:19,30572.00,30573.25,30572.00,30572.25,11,30572.25,30572.25,0.00
2026-06-16 09:52:20,30571.25,30573.75,30569.75,30569.75,16,30569.75,30569.75,0.00
2026-06-16 09:52:21,30570.25,30573.00,30570.25,30572.50,5,30572.50,30572.50,0.00
2026-06-16 09:52:22,30570.75,30570.75,30567.50,30567.50,9,30567.50,30567.50,0.00
2026-06-16 09:52:23,30568.00,30568.00,30567.25,30567.25,2,30567.25,30567.25,0.00
2026-06-16 09:52:24,30567.75,30568.75,30567.25,30568.75,3,30568.75,30568.75,0.00
2026-06-16 09:52:25,30568.50,30569.25,30568.50,30568.75,5,30568.75,30568.75,0.00
2026-06-16 09:52:26,30568.75,30568.75,30564.50,30565.50,20,30565.50,30565.50,0.00
2026-06-16 09:52:27,30566.25,30567.25,30566.25,30567.00,8,30567.00,30567.00,0.00
2026-06-16 09:52:28,30566.50,30566.50,30563.00,30563.00,13,30563.00,30563.00,0.00
2026-06-16 09:52:29,30562.50,30563.00,30560.25,30561.75,23,30561.75,30561.75,0.00
2026-06-16 09:52:30,30561.75,30563.00,30560.00,30561.75,20,30561.75,30561.75,0.00
2026-06-16 09:52:31,30560.00,30560.00,30555.25,30558.00,39,30558.00,30558.00,0.00
2026-06-16 09:52:32,30557.00,30557.00,30555.25,30555.25,6,30555.25,30555.25,0.00
2026-06-16 09:52:33,30555.50,30557.25,30554.75,30556.25,32,30556.25,30556.25,0.00
2026-06-16 09:52:34,30556.25,30558.25,30556.00,30556.00,13,30556.00,30556.00,0.00
2026-06-16 09:52:35,30556.75,30556.75,30555.25,30555.25,8,30555.25,30555.25,0.00
2026-06-16 09:52:36,30556.25,30557.75,30556.00,30557.75,7,30557.75,30557.75,0.00
2026-06-16 09:52:37,30557.25,30557.25,30555.00,30556.75,26,30556.75,30556.75,0.00
2026-06-16 09:52:38,30557.00,30557.50,30557.00,30557.50,4,30557.50,30557.50,0.00
2026-06-16 09:52:39,30556.75,30557.00,30552.50,30554.50,27,30554.50,30554.50,0.00
2026-06-16 09:52:40,30553.00,30553.00,30548.00,30550.75,57,30550.75,30550.75,0.00
2026-06-16 09:52:41,30550.25,30551.50,30549.25,30550.25,17,30550.25,30550.25,0.00
2026-06-16 09:52:42,30550.25,30552.50,30550.25,30551.25,8,30551.25,30551.25,0.00
2026-06-16 09:52:43,30551.00,30552.00,30549.50,30550.25,9,30550.25,30550.25,0.00
2026-06-16 09:52:44,30551.25,30552.00,30549.75,30550.00,13,30550.00,30550.00,0.00
2026-06-16 09:52:45,30550.25,30551.25,30549.50,30549.50,9,30549.50,30549.50,0.00
2026-06-16 09:52:46,30551.50,30551.50,30549.75,30549.75,9,30549.75,30549.75,0.00
2026-06-16 09:52:47,30549.75,30549.75,30548.75,30548.75,9,30548.75,30548.75,0.00
2026-06-16 09:52:48,30548.00,30552.00,30547.50,30548.50,16,30548.50,30548.50,0.00
2026-06-16 09:52:49,30548.50,30548.50,30545.00,30545.00,33,30545.00,30545.00,0.00
2026-06-16 09:52:50,30545.50,30546.00,30543.25,30545.50,37,30545.50,30545.50,0.00
2026-06-16 09:52:51,30545.50,30545.50,30543.25,30544.25,16,30544.25,30544.25,0.00
2026-06-16 09:52:52,30543.50,30545.25,30539.50,30539.50,29,30539.50,30539.50,0.00
2026-06-16 09:52:53,30539.50,30540.00,30537.50,30538.50,48,30538.50,30538.50,0.00
2026-06-16 09:52:54,30538.75,30540.75,30537.50,30540.25,34,30540.25,30540.25,0.00
2026-06-16 09:52:55,30540.25,30544.25,30540.25,30544.25,33,30544.25,30544.25,0.00
2026-06-16 09:52:56,30544.75,30548.00,30544.50,30548.00,20,30548.00,30548.00,0.00
2026-06-16 09:52:57,30548.00,30549.75,30546.50,30546.50,30,30546.50,30546.50,0.00
2026-06-16 09:52:58,30547.50,30548.00,30546.25,30546.75,16,30546.75,30546.75,0.00
2026-06-16 09:52:59,30547.00,30548.25,30545.25,30547.00,12,30547.00,30547.00,0.00
2026-06-16 09:53:00,30547.50,30548.00,30547.25,30547.25,6,30547.25,30547.25,0.00
2026-06-16 09:53:01,30548.25,30550.75,30548.00,30550.00,19,30550.00,30550.00,0.00
2026-06-16 09:53:02,30550.00,30554.50,30550.00,30551.25,41,30551.25,30551.25,0.00
2026-06-16 09:53:03,30552.75,30553.00,30551.50,30551.50,5,30551.50,30551.50,0.00
2026-06-16 09:53:04,30553.00,30553.00,30548.75,30549.50,11,30549.50,30549.50,0.00
2026-06-16 09:53:05,30549.00,30551.50,30548.75,30551.25,11,30551.25,30551.25,0.00
2026-06-16 09:53:06,30551.50,30553.00,30551.50,30553.00,4,30553.00,30553.00,0.00
2026-06-16 09:53:07,30555.00,30555.00,30551.75,30551.75,6,30551.75,30551.75,0.00
2026-06-16 09:53:08,30554.75,30555.75,30554.00,30555.75,9,30555.75,30555.75,0.00
2026-06-16 09:53:09,30553.00,30554.00,30549.25,30549.25,23,30549.25,30549.25,0.00
2026-06-16 09:53:10,30549.75,30552.50,30549.50,30551.75,9,30551.75,30551.75,0.00
2026-06-16 09:53:11,30550.50,30550.50,30550.00,30550.25,3,30550.25,30550.25,0.00
2026-06-16 09:53:12,30550.75,30553.75,30550.75,30553.75,3,30553.75,30553.75,0.00
2026-06-16 09:53:13,30553.25,30553.75,30553.25,30553.75,5,30553.75,30553.75,0.00
2026-06-16 09:53:14,30553.50,30553.75,30551.25,30551.75,13,30551.75,30551.75,0.00
2026-06-16 09:53:15,30549.75,30550.00,30549.00,30549.00,11,30549.00,30549.00,0.00
2026-06-16 09:53:16,30547.75,30547.75,30543.00,30544.50,20,30544.50,30544.50,0.00
2026-06-16 09:53:17,30544.00,30544.25,30540.75,30541.75,29,30541.75,30541.75,0.00
2026-06-16 09:53:18,30541.50,30546.50,30540.00,30545.75,47,30545.75,30545.75,0.00
2026-06-16 09:53:19,30545.75,30546.25,30543.50,30546.25,15,30546.25,30546.25,0.00
2026-06-16 09:53:20,30544.75,30544.75,30542.50,30543.50,8,30543.50,30543.50,0.00
2026-06-16 09:53:21,30543.50,30544.25,30543.00,30543.00,5,30543.00,30543.00,0.00
2026-06-16 09:53:22,30543.50,30544.50,30541.50,30544.50,25,30544.50,30544.50,0.00
2026-06-16 09:53:23,30545.50,30547.25,30544.75,30547.25,7,30547.25,30547.25,0.00
2026-06-16 09:53:24,30548.50,30551.75,30548.50,30550.50,23,30550.50,30550.50,0.00
2026-06-16 09:53:25,30551.00,30557.00,30550.50,30556.50,42,30556.50,30556.50,0.00
2026-06-16 09:53:26,30557.00,30557.25,30555.00,30555.25,28,30555.25,30555.25,0.00
2026-06-16 09:53:27,30554.00,30554.50,30551.00,30551.00,13,30551.00,30551.00,0.00
2026-06-16 09:53:28,30551.75,30555.00,30551.75,30554.00,12,30554.00,30554.00,0.00
2026-06-16 09:53:29,30553.00,30553.00,30551.50,30551.50,9,30551.50,30551.50,0.00
2026-06-16 09:53:30,30552.25,30555.25,30552.25,30555.25,22,30555.25,30555.25,0.00
2026-06-16 09:53:31,30553.75,30557.00,30553.75,30557.00,5,30557.00,30557.00,0.00
2026-06-16 09:53:32,30556.50,30557.00,30556.50,30557.00,8,30557.00,30557.00,0.00
2026-06-16 09:53:33,30556.50,30557.25,30555.25,30556.25,20,30556.25,30556.25,0.00
2026-06-16 09:53:34,30554.75,30555.75,30554.00,30555.00,10,30555.00,30555.00,0.00
2026-06-16 09:53:35,30552.75,30552.75,30552.00,30552.00,3,30552.00,30552.00,0.00
2026-06-16 09:53:36,30549.25,30549.25,30548.00,30548.00,8,30548.00,30548.00,0.00
2026-06-16 09:53:37,30549.75,30549.75,30546.50,30547.25,24,30547.25,30547.25,0.00
2026-06-16 09:53:38,30548.75,30551.00,30548.75,30550.25,9,30550.25,30550.25,0.00
2026-06-16 09:53:39,30550.75,30551.00,30550.00,30550.00,5,30550.00,30550.00,0.00
2026-06-16 09:53:40,30549.75,30549.75,30549.50,30549.75,4,30549.75,30549.75,0.00
2026-06-16 09:53:41,30547.25,30547.25,30544.25,30544.25,14,30544.25,30544.25,0.00
2026-06-16 09:53:42,30544.00,30544.50,30543.00,30543.50,31,30543.50,30543.50,0.00
2026-06-16 09:53:43,30543.75,30544.25,30542.25,30542.75,8,30542.75,30542.75,0.00
2026-06-16 09:53:44,30542.75,30543.50,30542.00,30543.50,15,30543.50,30543.50,0.00
2026-06-16 09:53:45,30542.00,30544.25,30540.00,30543.50,30,30543.50,30543.50,0.00
2026-06-16 09:53:46,30543.75,30546.75,30543.50,30546.75,15,30546.75,30546.75,0.00
2026-06-16 09:53:47,30546.75,30548.25,30545.50,30548.25,15,30548.25,30548.25,0.00
2026-06-16 09:53:48,30548.50,30549.50,30548.25,30549.50,5,30549.50,30549.50,0.00
2026-06-16 09:53:49,30551.75,30554.00,30551.75,30553.75,12,30553.75,30553.75,0.00
2026-06-16 09:53:50,30554.00,30554.25,30553.50,30554.25,9,30554.25,30554.25,0.00
2026-06-16 09:53:51,30552.75,30552.75,30551.25,30551.25,14,30551.25,30551.25,0.00
2026-06-16 09:53:53,30553.00,30553.00,30552.00,30552.00,2,30552.00,30552.00,0.00
2026-06-16 09:53:54,30553.75,30553.75,30551.25,30551.25,5,30551.25,30551.25,0.00
2026-06-16 09:53:55,30552.00,30552.00,30552.00,30552.00,1,30552.00,30552.00,0.00
2026-06-16 09:53:57,30553.75,30555.00,30553.75,30555.00,6,30555.00,30555.00,0.00
2026-06-16 09:53:58,30555.50,30555.50,30555.50,30555.50,3,30555.50,30555.50,0.00
2026-06-16 09:53:59,30554.50,30555.50,30553.50,30555.25,5,30555.25,30555.25,0.00
2026-06-16 09:54:00,30556.25,30556.25,30556.25,30556.25,1,30556.25,30556.25,0.00
2026-06-16 09:54:01,30554.75,30556.00,30554.00,30555.25,9,30555.25,30555.25,0.00
2026-06-16 09:54:02,30556.00,30556.25,30550.75,30550.75,11,30550.75,30550.75,0.00
2026-06-16 09:54:03,30550.50,30550.50,30549.25,30549.25,14,30549.25,30549.25,0.00
2026-06-16 09:54:04,30552.75,30553.00,30552.25,30553.00,5,30553.00,30553.00,0.00
2026-06-16 09:54:05,30549.25,30550.00,30548.25,30548.25,6,30548.25,30548.25,0.00
2026-06-16 09:54:06,30549.00,30549.00,30547.50,30547.50,3,30547.50,30547.50,0.00
2026-06-16 09:54:07,30547.25,30550.00,30547.25,30549.00,11,30549.00,30549.00,0.00
2026-06-16 09:54:08,30551.00,30551.75,30551.00,30551.75,3,30551.75,30551.75,0.00
2026-06-16 09:54:09,30551.75,30556.50,30551.75,30556.50,7,30556.50,30556.50,0.00
2026-06-16 09:54:10,30555.50,30556.50,30555.00,30556.00,10,30556.00,30556.00,0.00
2026-06-16 09:54:11,30556.50,30558.25,30556.25,30558.25,9,30558.25,30558.25,0.00
2026-06-16 09:54:12,30557.50,30561.00,30557.50,30560.50,47,30560.50,30560.50,0.00
2026-06-16 09:54:13,30559.75,30563.75,30559.75,30562.50,40,30562.50,30562.50,0.00
2026-06-16 09:54:14,30563.50,30564.50,30562.00,30562.75,28,30562.75,30562.75,0.00
2026-06-16 09:54:15,30563.00,30563.00,30560.50,30560.50,10,30560.50,30560.50,0.00
2026-06-16 09:54:16,30560.50,30560.50,30557.75,30558.75,19,30558.75,30558.75,0.00
2026-06-16 09:54:17,30561.75,30566.25,30561.75,30566.00,18,30566.00,30566.00,0.00
2026-06-16 09:54:18,30565.25,30568.50,30565.25,30567.75,35,30567.75,30567.75,0.00
2026-06-16 09:54:19,30567.00,30568.50,30566.00,30566.00,20,30566.00,30566.00,0.00
2026-06-16 09:54:20,30566.00,30566.75,30562.25,30564.00,12,30564.00,30564.00,0.00
2026-06-16 09:54:21,30564.00,30566.25,30563.00,30566.25,15,30566.25,30566.25,0.00
2026-06-16 09:54:22,30565.00,30566.25,30564.00,30566.25,5,30566.25,30566.25,0.00
2026-06-16 09:54:23,30565.00,30565.00,30561.50,30561.50,5,30561.50,30561.50,0.00
2026-06-16 09:54:24,30561.50,30562.00,30557.50,30557.50,20,30557.50,30557.50,0.00
2026-06-16 09:54:25,30557.75,30557.75,30554.75,30554.75,22,30554.75,30554.75,0.00
2026-06-16 09:54:26,30554.50,30554.50,30550.75,30550.75,15,30550.75,30550.75,0.00
2026-06-16 09:54:27,30551.50,30556.25,30550.25,30556.25,19,30556.25,30556.25,0.00
2026-06-16 09:54:28,30557.75,30559.25,30557.25,30558.75,23,30558.75,30558.75,0.00
2026-06-16 09:54:29,30559.25,30559.25,30558.75,30558.75,3,30558.75,30558.75,0.00
2026-06-16 09:54:30,30558.25,30558.75,30556.50,30557.50,8,30557.50,30557.50,0.00
2026-06-16 09:54:31,30556.50,30558.25,30555.75,30558.25,6,30558.25,30558.25,0.00
2026-06-16 09:54:32,30559.00,30559.75,30558.00,30559.75,8,30559.75,30559.75,0.00
2026-06-16 09:54:33,30560.75,30561.75,30560.75,30561.75,2,30561.75,30561.75,0.00
2026-06-16 09:54:34,30562.00,30563.50,30561.50,30561.50,9,30561.50,30561.50,0.00
2026-06-16 09:54:35,30562.25,30562.75,30560.50,30560.50,10,30560.50,30560.50,0.00
2026-06-16 09:54:36,30563.25,30563.25,30562.25,30562.75,6,30562.75,30562.75,0.00
2026-06-16 09:54:37,30562.25,30562.75,30561.75,30562.75,5,30562.75,30562.75,0.00
2026-06-16 09:54:38,30563.25,30563.75,30563.25,30563.75,3,30563.75,30563.75,0.00
2026-06-16 09:54:39,30563.75,30563.75,30561.75,30561.75,3,30561.75,30561.75,0.00
2026-06-16 09:54:40,30562.25,30563.50,30561.25,30561.75,25,30561.75,30561.75,0.00
2026-06-16 09:54:41,30561.50,30561.50,30561.50,30561.50,1,30561.50,30561.50,0.00
2026-06-16 09:54:42,30564.00,30566.75,30563.75,30566.75,15,30566.75,30566.75,0.00
2026-06-16 09:54:43,30566.00,30566.00,30564.25,30565.50,4,30565.50,30565.50,0.00
2026-06-16 09:54:44,30565.50,30565.50,30561.50,30561.75,7,30561.75,30561.75,0.00
2026-06-16 09:54:45,30562.25,30562.75,30561.00,30561.00,4,30561.00,30561.00,0.00
2026-06-16 09:54:46,30563.50,30563.50,30563.25,30563.25,3,30563.25,30563.25,0.00
2026-06-16 09:54:47,30562.50,30562.50,30556.75,30557.75,15,30557.75,30557.75,0.00
2026-06-16 09:54:48,30559.25,30560.00,30559.25,30559.50,5,30559.50,30559.50,0.00
2026-06-16 09:54:49,30559.00,30559.00,30559.00,30559.00,1,30559.00,30559.00,0.00
2026-06-16 09:54:50,30558.75,30559.75,30558.25,30559.00,6,30559.00,30559.00,0.00
2026-06-16 09:54:51,30560.25,30560.25,30560.25,30560.25,1,30560.25,30560.25,0.00
2026-06-16 09:54:52,30562.50,30562.75,30562.50,30562.75,4,30562.75,30562.75,0.00
2026-06-16 09:54:53,30562.75,30565.75,30562.75,30565.75,9,30565.75,30565.75,0.00
2026-06-16 09:54:54,30564.75,30564.75,30563.50,30563.50,2,30563.50,30563.50,0.00
2026-06-16 09:54:55,30563.50,30563.50,30563.00,30563.25,3,30563.25,30563.25,0.00
2026-06-16 09:54:56,30563.75,30564.00,30561.25,30561.25,3,30561.25,30561.25,0.00
2026-06-16 09:54:58,30561.25,30563.75,30561.25,30563.75,7,30563.75,30563.75,0.00
2026-06-16 09:54:59,30562.75,30562.75,30560.50,30560.50,11,30560.50,30560.50,0.00
2026-06-16 09:55:00,30561.25,30561.75,30561.25,30561.75,3,30561.75,30561.75,0.00
2026-06-16 09:55:01,30562.50,30563.25,30558.00,30558.50,24,30558.50,30558.50,0.00
2026-06-16 09:55:02,30559.50,30561.00,30559.50,30561.00,15,30561.00,30561.00,0.00
2026-06-16 09:55:04,30561.25,30561.75,30560.75,30561.50,5,30561.50,30561.50,0.00
2026-06-16 09:55:05,30560.75,30564.50,30560.00,30564.50,18,30564.50,30564.50,0.00
2026-06-16 09:55:06,30564.25,30568.25,30563.50,30568.25,39,30568.25,30568.25,0.00
2026-06-16 09:55:07,30568.50,30570.00,30565.75,30569.25,34,30569.25,30569.25,0.00
2026-06-16 09:55:08,30568.00,30570.25,30568.00,30569.50,22,30569.50,30569.50,0.00
2026-06-16 09:55:09,30569.00,30570.50,30566.75,30566.75,27,30566.75,30566.75,0.00
2026-06-16 09:55:10,30567.25,30568.00,30567.25,30568.00,2,30568.00,30568.00,0.00
2026-06-16 09:55:11,30568.75,30570.00,30567.75,30567.75,3,30567.75,30567.75,0.00
2026-06-16 09:55:12,30569.00,30571.00,30569.00,30571.00,18,30571.00,30571.00,0.00
2026-06-16 09:55:13,30571.00,30578.50,30570.75,30572.25,182,30572.25,30572.25,0.00
2026-06-16 09:55:14,30573.25,30574.00,30570.00,30571.25,56,30571.25,30571.25,0.00
2026-06-16 09:55:15,30572.50,30575.50,30572.50,30575.50,19,30575.50,30575.50,0.00
2026-06-16 09:55:16,30575.75,30576.75,30574.25,30574.25,26,30574.25,30574.25,0.00
2026-06-16 09:55:17,30574.25,30575.50,30572.00,30573.50,23,30573.50,30573.50,0.00
2026-06-16 09:55:18,30574.25,30574.25,30573.75,30573.75,7,30573.75,30573.75,0.00
2026-06-16 09:55:19,30572.25,30572.75,30566.75,30568.25,42,30568.25,30568.25,0.00
2026-06-16 09:55:20,30568.00,30572.50,30567.75,30572.50,14,30572.50,30572.50,0.00
2026-06-16 09:55:21,30571.75,30573.50,30571.75,30573.25,6,30573.25,30573.25,0.00
2026-06-16 09:55:22,30573.50,30576.50,30573.50,30576.50,7,30576.50,30576.50,0.00
2026-06-16 09:55:23,30573.00,30573.75,30571.00,30572.00,20,30572.00,30572.00,0.00
2026-06-16 09:55:24,30573.50,30573.75,30571.75,30573.75,14,30573.75,30573.75,0.00
2026-06-16 09:55:25,30572.50,30575.00,30572.50,30575.00,9,30575.00,30575.00,0.00
2026-06-16 09:55:26,30572.25,30572.50,30571.25,30572.50,13,30572.50,30572.50,0.00
2026-06-16 09:55:27,30572.00,30572.25,30571.00,30571.00,6,30571.00,30571.00,0.00
2026-06-16 09:55:28,30570.25,30573.50,30570.25,30573.00,8,30573.00,30573.00,0.00
2026-06-16 09:55:29,30573.00,30574.00,30572.50,30572.50,6,30572.50,30572.50,0.00
2026-06-16 09:55:30,30572.00,30573.25,30571.25,30572.75,6,30572.75,30572.75,0.00
2026-06-16 09:55:31,30575.00,30576.75,30574.75,30576.75,9,30576.75,30576.75,0.00
2026-06-16 09:55:32,30575.75,30580.00,30575.75,30579.50,20,30579.50,30579.50,0.00
2026-06-16 09:55:33,30578.75,30580.00,30577.75,30579.25,21,30579.25,30579.25,0.00
2026-06-16 09:55:34,30577.50,30578.00,30575.50,30576.00,25,30576.00,30576.00,0.00
2026-06-16 09:55:35,30574.75,30577.25,30574.75,30577.00,92,30577.00,30577.00,0.00
2026-06-16 09:55:36,30575.50,30576.00,30575.00,30576.00,3,30576.00,30576.00,0.00
2026-06-16 09:55:37,30577.00,30577.75,30575.50,30576.25,12,30576.25,30576.25,0.00
2026-06-16 09:55:38,30577.00,30577.00,30575.00,30576.25,7,30576.25,30576.25,0.00
2026-06-16 09:55:39,30575.75,30577.00,30575.75,30577.00,6,30577.00,30577.00,0.00
2026-06-16 09:55:40,30575.00,30576.25,30574.75,30576.25,7,30576.25,30576.25,0.00
2026-06-16 09:55:41,30575.75,30577.00,30575.75,30576.50,11,30576.50,30576.50,0.00
2026-06-16 09:55:42,30576.50,30578.00,30576.50,30576.50,10,30576.50,30576.50,0.00
2026-06-16 09:55:43,30578.25,30579.50,30578.25,30578.25,8,30578.25,30578.25,0.00
2026-06-16 09:55:44,30577.25,30579.75,30577.25,30579.25,20,30579.25,30579.25,0.00
2026-06-16 09:55:45,30577.75,30578.75,30576.75,30577.00,18,30577.00,30577.00,0.00
2026-06-16 09:55:46,30576.75,30578.50,30576.75,30578.00,3,30578.00,30578.00,0.00
2026-06-16 09:55:47,30576.75,30577.50,30576.25,30577.50,10,30577.50,30577.50,0.00
2026-06-16 09:55:48,30578.00,30578.00,30572.25,30572.25,12,30572.25,30572.25,0.00
2026-06-16 09:55:49,30571.75,30572.50,30570.50,30571.50,20,30571.50,30571.50,0.00
2026-06-16 09:55:50,30573.25,30575.75,30572.25,30574.00,23,30574.00,30574.00,0.00
2026-06-16 09:55:51,30574.75,30575.50,30573.00,30573.00,10,30573.00,30573.00,0.00
2026-06-16 09:55:52,30571.75,30573.50,30571.75,30573.00,9,30573.00,30573.00,0.00
2026-06-16 09:55:53,30571.50,30571.75,30569.00,30569.00,17,30569.00,30569.00,0.00
2026-06-16 09:55:54,30569.00,30569.75,30566.00,30566.00,31,30566.00,30566.00,0.00
2026-06-16 09:55:55,30567.25,30568.50,30565.75,30568.50,19,30568.50,30568.50,0.00
2026-06-16 09:55:56,30568.75,30572.75,30568.75,30570.50,21,30570.50,30570.50,0.00
2026-06-16 09:55:57,30570.75,30572.25,30570.75,30572.25,3,30572.25,30572.25,0.00
2026-06-16 09:55:58,30573.25,30574.25,30572.25,30574.25,23,30574.25,30574.25,0.00
2026-06-16 09:55:59,30574.25,30574.50,30572.50,30572.50,15,30572.50,30572.50,0.00
2026-06-16 09:56:00,30574.00,30574.50,30572.75,30573.75,19,30573.75,30573.75,0.00
2026-06-16 09:56:01,30574.00,30574.75,30572.50,30573.00,16,30573.00,30573.00,0.00
2026-06-16 09:56:02,30571.50,30573.25,30570.25,30573.25,10,30573.25,30573.25,0.00
2026-06-16 09:56:03,30570.50,30570.50,30568.50,30568.50,17,30568.50,30568.50,0.00
2026-06-16 09:56:04,30568.00,30568.75,30565.75,30566.75,15,30566.75,30566.75,0.00
2026-06-16 09:56:05,30566.50,30568.50,30566.00,30566.75,13,30566.75,30566.75,0.00
2026-06-16 09:56:06,30565.75,30565.75,30562.50,30562.50,27,30562.50,30562.50,0.00
2026-06-16 09:56:07,30563.00,30565.75,30562.50,30565.25,23,30565.25,30565.25,0.00
2026-06-16 09:56:08,30565.75,30566.75,30564.00,30565.25,30,30565.25,30565.25,0.00
2026-06-16 09:56:09,30565.75,30565.75,30563.25,30564.25,15,30564.25,30564.25,0.00
2026-06-16 09:56:10,30564.50,30565.00,30563.00,30565.00,9,30565.00,30565.00,0.00
2026-06-16 09:56:11,30564.25,30567.00,30564.25,30566.25,10,30566.25,30566.25,0.00
2026-06-16 09:56:12,30567.00,30568.25,30563.50,30563.50,17,30563.50,30563.50,0.00
2026-06-16 09:56:13,30564.75,30566.00,30564.75,30565.75,3,30565.75,30565.75,0.00
2026-06-16 09:56:14,30566.25,30566.25,30565.00,30565.00,2,30565.00,30565.00,0.00
2026-06-16 09:56:15,30566.50,30566.50,30566.25,30566.25,2,30566.25,30566.25,0.00
2026-06-16 09:56:16,30565.00,30565.00,30565.00,30565.00,1,30565.00,30565.00,0.00
2026-06-16 09:56:17,30564.00,30564.00,30560.50,30561.25,23,30561.25,30561.25,0.00
2026-06-16 09:56:18,30560.50,30562.50,30560.50,30562.00,21,30562.00,30562.00,0.00
2026-06-16 09:56:19,30561.75,30564.25,30560.50,30561.75,118,30561.75,30561.75,0.00
2026-06-16 09:56:20,30562.00,30562.25,30562.00,30562.00,9,30562.00,30562.00,0.00
2026-06-16 09:56:21,30561.25,30561.25,30556.00,30558.50,34,30558.50,30558.50,0.00
2026-06-16 09:56:22,30558.00,30559.00,30556.50,30557.75,12,30557.75,30557.75,0.00
2026-06-16 09:56:23,30558.00,30558.00,30557.00,30557.25,3,30557.25,30557.25,0.00
2026-06-16 09:56:24,30556.00,30556.50,30554.00,30554.50,26,30554.50,30554.50,0.00
2026-06-16 09:56:25,30554.50,30557.00,30553.25,30557.00,28,30557.00,30557.00,0.00
2026-06-16 09:56:26,30558.00,30558.00,30554.50,30554.50,20,30554.50,30554.50,0.00
2026-06-16 09:56:27,30554.50,30556.00,30554.50,30554.75,10,30554.75,30554.75,0.00
2026-06-16 09:56:28,30554.50,30555.25,30551.50,30551.75,16,30551.75,30551.75,0.00
2026-06-16 09:56:29,30551.75,30551.75,30548.00,30548.50,40,30548.50,30548.50,0.00
2026-06-16 09:56:30,30547.75,30551.25,30547.75,30550.75,36,30550.75,30550.75,0.00
2026-06-16 09:56:31,30548.50,30549.00,30544.50,30549.00,45,30549.00,30549.00,0.00
2026-06-16 09:56:32,30547.50,30556.25,30547.50,30554.50,35,30554.50,30554.50,0.00
2026-06-16 09:56:33,30554.00,30556.25,30553.50,30553.50,15,30553.50,30553.50,0.00
2026-06-16 09:56:34,30552.00,30554.25,30551.25,30551.25,7,30551.25,30551.25,0.00
2026-06-16 09:56:35,30554.00,30555.25,30554.00,30555.25,7,30555.25,30555.25,0.00
2026-06-16 09:56:36,30555.00,30556.00,30554.25,30555.00,9,30555.00,30555.00,0.00
2026-06-16 09:56:37,30555.00,30556.25,30553.50,30555.75,7,30555.75,30555.75,0.00
2026-06-16 09:56:38,30554.75,30555.50,30553.00,30553.00,10,30553.00,30553.00,0.00
2026-06-16 09:56:39,30552.00,30552.00,30550.75,30551.00,3,30551.00,30551.00,0.00
2026-06-16 09:56:40,30551.00,30552.00,30547.25,30547.25,45,30547.25,30547.25,0.00
2026-06-16 09:56:41,30548.75,30549.50,30546.00,30549.00,34,30549.00,30549.00,0.00
2026-06-16 09:56:42,30548.75,30551.00,30548.50,30549.00,13,30549.00,30549.00,0.00
2026-06-16 09:56:43,30551.00,30554.00,30550.75,30553.50,33,30553.50,30553.50,0.00
2026-06-16 09:56:44,30553.25,30555.00,30553.00,30553.00,31,30553.00,30553.00,0.00
2026-06-16 09:56:45,30553.25,30554.00,30548.25,30548.25,16,30548.25,30548.25,0.00
2026-06-16 09:56:46,30551.25,30551.75,30550.50,30551.75,4,30551.75,30551.75,0.00
2026-06-16 09:56:47,30549.75,30550.50,30548.00,30550.50,26,30550.50,30550.50,0.00
2026-06-16 09:56:48,30551.50,30552.00,30549.00,30549.00,13,30549.00,30549.00,0.00
2026-06-16 09:56:49,30549.75,30549.75,30546.75,30546.75,10,30546.75,30546.75,0.00
2026-06-16 09:56:50,30546.50,30548.25,30546.25,30547.75,8,30547.75,30547.75,0.00
2026-06-16 09:56:51,30548.25,30555.00,30548.25,30555.00,23,30555.00,30555.00,0.00
2026-06-16 09:56:52,30555.25,30555.50,30553.75,30554.50,12,30554.50,30554.50,0.00
2026-06-16 09:56:53,30554.00,30554.00,30552.75,30552.75,7,30552.75,30552.75,0.00
2026-06-16 09:56:54,30554.75,30556.75,30554.00,30556.50,10,30556.50,30556.50,0.00
2026-06-16 09:56:55,30555.50,30560.25,30555.50,30560.25,20,30560.25,30560.25,0.00
2026-06-16 09:56:56,30560.75,30561.25,30556.75,30558.25,14,30558.25,30558.25,0.00
2026-06-16 09:56:57,30557.25,30557.75,30557.00,30557.75,5,30557.75,30557.75,0.00
2026-06-16 09:56:58,30556.75,30556.75,30554.75,30555.00,14,30555.00,30555.00,0.00
2026-06-16 09:56:59,30557.00,30557.00,30556.50,30556.50,3,30556.50,30556.50,0.00
2026-06-16 09:57:00,30558.50,30558.50,30558.50,30558.50,1,30558.50,30558.50,0.00
2026-06-16 09:57:01,30555.75,30558.25,30555.75,30556.25,5,30556.25,30556.25,0.00
2026-06-16 09:57:02,30555.25,30555.25,30552.00,30553.00,15,30553.00,30553.00,0.00
2026-06-16 09:57:03,30553.75,30553.75,30550.25,30551.50,11,30551.50,30551.50,0.00
2026-06-16 09:57:04,30550.00,30550.00,30546.00,30546.00,22,30546.00,30546.00,0.00
2026-06-16 09:57:05,30546.50,30550.00,30546.50,30548.50,15,30548.50,30548.50,0.00
2026-06-16 09:57:06,30549.00,30549.25,30543.50,30544.50,30,30544.50,30544.50,0.00
2026-06-16 09:57:07,30543.50,30543.75,30542.00,30543.25,37,30543.25,30543.25,0.00
2026-06-16 09:57:08,30544.00,30544.75,30541.25,30541.25,46,30541.25,30541.25,0.00
2026-06-16 09:57:09,30541.00,30542.25,30539.25,30539.25,28,30539.25,30539.25,0.00
2026-06-16 09:57:10,30539.00,30541.50,30537.50,30541.50,69,30541.50,30541.50,0.00
2026-06-16 09:57:11,30542.00,30542.00,30532.50,30534.75,93,30534.75,30534.75,0.00
2026-06-16 09:57:12,30534.50,30535.50,30532.50,30533.00,36,30533.00,30533.00,0.00
2026-06-16 09:57:13,30533.75,30535.25,30531.00,30532.25,46,30532.25,30532.25,0.00
2026-06-16 09:57:14,30532.25,30534.25,30531.25,30533.25,42,30533.25,30533.25,0.00
2026-06-16 09:57:15,30532.25,30535.00,30532.25,30534.75,23,30534.75,30534.75,0.00
2026-06-16 09:57:16,30534.75,30535.25,30533.75,30535.25,22,30535.25,30535.25,0.00
2026-06-16 09:57:17,30537.00,30539.50,30537.00,30539.50,39,30539.50,30539.50,0.00
2026-06-16 09:57:18,30539.75,30539.75,30536.25,30539.25,19,30539.25,30539.25,0.00
2026-06-16 09:57:19,30539.50,30541.00,30537.00,30540.75,46,30540.75,30540.75,0.00
2026-06-16 09:57:20,30541.25,30541.75,30537.75,30538.50,36,30538.50,30538.50,0.00
2026-06-16 09:57:21,30539.00,30540.50,30536.50,30537.00,23,30537.00,30537.00,0.00
2026-06-16 09:57:22,30536.25,30536.25,30533.25,30536.00,18,30536.00,30536.00,0.00
2026-06-16 09:57:23,30535.00,30537.25,30534.75,30536.50,15,30536.50,30536.50,0.00
2026-06-16 09:57:24,30537.75,30537.75,30534.50,30534.75,13,30534.75,30534.75,0.00
2026-06-16 09:57:25,30533.00,30533.50,30527.00,30529.25,82,30529.25,30529.25,0.00
2026-06-16 09:57:26,30529.25,30533.25,30529.25,30533.00,54,30533.00,30533.00,0.00
2026-06-16 09:57:27,30534.00,30535.75,30533.00,30534.00,18,30534.00,30534.00,0.00
2026-06-16 09:57:28,30533.50,30534.25,30533.50,30533.50,4,30533.50,30533.50,0.00
2026-06-16 09:57:29,30535.75,30540.00,30535.75,30540.00,7,30540.00,30540.00,0.00
2026-06-16 09:57:30,30540.00,30540.00,30536.50,30536.50,13,30536.50,30536.50,0.00
2026-06-16 09:57:31,30538.00,30540.25,30536.50,30540.25,12,30540.25,30540.25,0.00
2026-06-16 09:57:32,30539.25,30539.25,30536.25,30538.25,11,30538.25,30538.25,0.00
2026-06-16 09:57:33,30538.75,30539.00,30535.75,30537.00,57,30537.00,30537.00,0.00
2026-06-16 09:57:34,30537.75,30537.75,30530.75,30531.75,34,30531.75,30531.75,0.00
2026-06-16 09:57:35,30531.50,30534.50,30531.50,30534.50,16,30534.50,30534.50,0.00
2026-06-16 09:57:36,30533.75,30537.75,30533.75,30537.75,12,30537.75,30537.75,0.00
2026-06-16 09:57:37,30540.00,30540.00,30535.75,30535.75,27,30535.75,30535.75,0.00
2026-06-16 09:57:38,30533.75,30533.75,30532.00,30532.00,5,30532.00,30532.00,0.00
2026-06-16 09:57:39,30532.25,30532.25,30530.50,30530.50,11,30530.50,30530.50,0.00
2026-06-16 09:57:40,30531.50,30532.50,30529.50,30531.00,15,30531.00,30531.00,0.00
2026-06-16 09:57:41,30529.75,30532.25,30527.00,30527.50,23,30527.50,30527.50,0.00
2026-06-16 09:57:42,30527.75,30527.75,30523.75,30525.50,73,30525.50,30525.50,0.00
2026-06-16 09:57:43,30523.25,30525.25,30520.75,30525.25,76,30525.25,30525.25,0.00
2026-06-16 09:57:44,30526.50,30528.25,30525.00,30528.00,22,30528.00,30528.00,0.00
2026-06-16 09:57:45,30528.00,30528.00,30525.25,30525.25,11,30525.25,30525.25,0.00
2026-06-16 09:57:46,30527.00,30527.25,30524.25,30525.25,13,30525.25,30525.25,0.00
2026-06-16 09:57:47,30524.75,30525.25,30524.00,30524.00,17,30524.00,30524.00,0.00
2026-06-16 09:57:48,30523.75,30526.75,30523.25,30526.75,19,30526.75,30526.75,0.00
2026-06-16 09:57:49,30527.00,30528.00,30524.25,30524.25,14,30524.25,30524.25,0.00
2026-06-16 09:57:50,30524.00,30524.25,30522.00,30523.25,13,30523.25,30523.25,0.00
2026-06-16 09:57:51,30525.00,30526.25,30523.25,30524.00,18,30524.00,30524.00,0.00
2026-06-16 09:57:52,30524.75,30525.75,30524.75,30525.00,14,30525.00,30525.00,0.00
2026-06-16 09:57:53,30523.50,30523.50,30523.50,30523.50,2,30523.50,30523.50,0.00
2026-06-16 09:57:54,30525.25,30528.00,30524.75,30526.25,21,30526.25,30526.25,0.00
2026-06-16 09:57:55,30526.75,30529.00,30526.75,30528.75,7,30528.75,30528.75,0.00
2026-06-16 09:57:56,30528.00,30529.75,30528.00,30529.50,15,30529.50,30529.50,0.00
2026-06-16 09:57:57,30528.25,30532.00,30528.25,30531.25,19,30531.25,30531.25,0.00
2026-06-16 09:57:58,30531.25,30532.00,30530.25,30532.00,11,30532.00,30532.00,0.00
2026-06-16 09:57:59,30531.75,30533.50,30531.25,30533.50,15,30533.50,30533.50,0.00
2026-06-16 09:58:00,30532.75,30532.75,30531.25,30532.25,15,30532.25,30532.25,0.00
2026-06-16 09:58:01,30532.00,30536.75,30531.25,30536.25,56,30536.25,30536.25,0.00
2026-06-16 09:58:02,30537.00,30537.50,30534.00,30535.00,26,30535.00,30535.00,0.00
2026-06-16 09:58:03,30533.50,30536.00,30533.25,30536.00,9,30536.00,30536.00,0.00
2026-06-16 09:58:04,30536.50,30538.50,30536.50,30537.50,17,30537.50,30537.50,0.00
2026-06-16 09:58:05,30538.75,30538.75,30537.25,30537.25,15,30537.25,30537.25,0.00
2026-06-16 09:58:06,30539.75,30542.00,30539.50,30542.00,17,30542.00,30542.00,0.00
2026-06-16 09:58:07,30540.75,30543.75,30540.75,30543.75,26,30543.75,30543.75,0.00
2026-06-16 09:58:08,30543.75,30545.50,30543.00,30544.00,27,30544.00,30544.00,0.00
2026-06-16 09:58:09,30544.75,30546.00,30544.75,30545.75,17,30545.75,30545.75,0.00
2026-06-16 09:58:10,30545.25,30547.75,30544.25,30547.50,29,30547.50,30547.50,0.00
2026-06-16 09:58:11,30546.50,30546.50,30543.50,30545.75,24,30545.75,30545.75,0.00
2026-06-16 09:58:12,30545.75,30549.25,30545.75,30548.50,30,30548.50,30548.50,0.00
2026-06-16 09:58:13,30548.00,30550.75,30548.00,30550.75,15,30550.75,30550.75,0.00
2026-06-16 09:58:14,30550.50,30551.75,30549.75,30550.25,15,30550.25,30550.25,0.00
2026-06-16 09:58:15,30549.00,30552.25,30549.00,30550.75,24,30550.75,30550.75,0.00
2026-06-16 09:58:16,30551.75,30552.25,30545.25,30547.00,21,30547.00,30547.00,0.00
2026-06-16 09:58:17,30545.50,30548.50,30544.25,30548.50,31,30548.50,30548.50,0.00
2026-06-16 09:58:18,30547.50,30551.50,30547.50,30550.00,18,30550.00,30550.00,0.00
2026-06-16 09:58:19,30549.00,30551.50,30549.00,30550.00,7,30550.00,30550.00,0.00
2026-06-16 09:58:20,30549.50,30549.75,30549.50,30549.75,2,30549.75,30549.75,0.00
2026-06-16 09:58:21,30549.25,30551.50,30548.75,30548.75,9,30548.75,30548.75,0.00
2026-06-16 09:58:22,30549.50,30551.50,30549.00,30550.25,17,30550.25,30550.25,0.00
2026-06-16 09:58:23,30549.25,30549.50,30546.00,30546.00,5,30546.00,30546.00,0.00
2026-06-16 09:58:24,30545.75,30547.75,30544.75,30545.00,8,30545.00,30545.00,0.00
2026-06-16 09:58:25,30545.50,30547.25,30545.50,30546.50,4,30546.50,30546.50,0.00
2026-06-16 09:58:26,30546.25,30548.25,30546.25,30548.25,14,30548.25,30548.25,0.00
2026-06-16 09:58:27,30548.00,30550.25,30547.25,30549.25,17,30549.25,30549.25,0.00
2026-06-16 09:58:28,30550.50,30553.75,30550.50,30552.50,18,30552.50,30552.50,0.00
2026-06-16 09:58:29,30552.25,30553.75,30551.50,30552.50,5,30552.50,30552.50,0.00
2026-06-16 09:58:30,30552.50,30554.75,30551.75,30553.75,17,30553.75,30553.75,0.00
2026-06-16 09:58:31,30555.00,30555.00,30551.75,30551.75,6,30551.75,30551.75,0.00
2026-06-16 09:58:32,30551.75,30553.25,30551.25,30551.25,12,30551.25,30551.25,0.00
2026-06-16 09:58:33,30552.00,30552.00,30548.50,30548.50,10,30548.50,30548.50,0.00
2026-06-16 09:58:34,30548.00,30552.50,30547.50,30552.00,11,30552.00,30552.00,0.00
2026-06-16 09:58:35,30552.75,30555.75,30552.50,30555.75,11,30555.75,30555.75,0.00
2026-06-16 09:58:36,30556.75,30558.00,30555.00,30556.25,41,30556.25,30556.25,0.00
2026-06-16 09:58:37,30557.00,30558.75,30556.25,30558.25,31,30558.25,30558.25,0.00
2026-06-16 09:58:38,30556.00,30556.00,30551.50,30551.50,23,30551.50,30551.50,0.00
2026-06-16 09:58:39,30551.75,30554.00,30551.75,30552.50,7,30552.50,30552.50,0.00
2026-06-16 09:58:40,30554.00,30554.00,30548.00,30549.00,17,30549.00,30549.00,0.00
2026-06-16 09:58:41,30547.50,30549.75,30547.50,30549.75,6,30549.75,30549.75,0.00
2026-06-16 09:58:42,30550.25,30552.00,30549.50,30552.00,12,30552.00,30552.00,0.00
2026-06-16 09:58:43,30549.25,30549.50,30548.25,30549.00,8,30549.00,30549.00,0.00
2026-06-16 09:58:44,30548.25,30548.25,30543.25,30545.00,23,30545.00,30545.00,0.00
2026-06-16 09:58:45,30541.75,30542.00,30540.75,30542.00,25,30542.00,30542.00,0.00
2026-06-16 09:58:46,30542.00,30542.50,30540.75,30541.00,16,30541.00,30541.00,0.00
2026-06-16 09:58:47,30542.75,30545.25,30542.00,30544.75,9,30544.75,30544.75,0.00
2026-06-16 09:58:48,30544.50,30546.50,30544.50,30546.50,7,30546.50,30546.50,0.00
2026-06-16 09:58:49,30548.25,30548.25,30544.75,30544.75,10,30544.75,30544.75,0.00
2026-06-16 09:58:50,30548.00,30548.00,30547.00,30547.00,3,30547.00,30547.00,0.00
2026-06-16 09:58:51,30547.75,30549.50,30547.75,30549.50,4,30549.50,30549.50,0.00
2026-06-16 09:58:52,30548.50,30548.50,30547.00,30547.25,5,30547.25,30547.25,0.00
2026-06-16 09:58:53,30548.25,30549.50,30546.00,30549.50,3,30549.50,30549.50,0.00
2026-06-16 09:58:54,30546.00,30546.00,30541.25,30541.25,21,30541.25,30541.25,0.00
2026-06-16 09:58:55,30541.50,30542.25,30540.75,30542.25,3,30542.25,30542.25,0.00
2026-06-16 09:58:56,30541.50,30541.50,30541.50,30541.50,1,30541.50,30541.50,0.00
2026-06-16 09:58:57,30542.25,30542.25,30540.75,30540.75,7,30540.75,30540.75,0.00
2026-06-16 09:58:58,30540.75,30541.50,30539.75,30541.50,6,30541.50,30541.50,0.00
2026-06-16 09:58:59,30542.75,30543.50,30541.25,30542.00,8,30542.00,30542.00,0.00
2026-06-16 09:59:00,30542.75,30542.75,30542.50,30542.50,2,30542.50,30542.50,0.00
2026-06-16 09:59:01,30543.25,30543.75,30535.50,30535.50,35,30535.50,30535.50,0.00
2026-06-16 09:59:02,30537.00,30537.75,30535.75,30535.75,31,30535.75,30535.75,0.00
2026-06-16 09:59:03,30538.75,30539.50,30538.50,30539.25,10,30539.25,30539.25,0.00
2026-06-16 09:59:04,30540.50,30542.25,30539.50,30542.25,7,30542.25,30542.25,0.00
2026-06-16 09:59:05,30541.50,30542.75,30541.00,30541.75,13,30541.75,30541.75,0.00
2026-06-16 09:59:06,30539.25,30539.25,30536.50,30536.50,7,30536.50,30536.50,0.00
2026-06-16 09:59:07,30536.75,30536.75,30535.50,30535.50,3,30535.50,30535.50,0.00
2026-06-16 09:59:08,30538.50,30538.50,30538.50,30538.50,2,30538.50,30538.50,0.00
2026-06-16 09:59:09,30537.25,30537.25,30533.75,30534.50,11,30534.50,30534.50,0.00
2026-06-16 09:59:10,30533.00,30534.25,30533.00,30533.00,6,30533.00,30533.00,0.00
2026-06-16 09:59:11,30532.75,30533.25,30528.75,30529.50,41,30529.50,30529.50,0.00
2026-06-16 09:59:12,30528.25,30533.75,30527.25,30532.00,17,30532.00,30532.00,0.00
2026-06-16 09:59:13,30532.75,30533.25,30531.25,30531.25,6,30531.25,30531.25,0.00
2026-06-16 09:59:14,30532.25,30532.25,30527.75,30528.00,8,30528.00,30528.00,0.00
2026-06-16 09:59:15,30528.25,30529.75,30527.75,30527.75,3,30527.75,30527.75,0.00
2026-06-16 09:59:16,30530.00,30531.00,30528.75,30529.25,15,30529.25,30529.25,0.00
2026-06-16 09:59:17,30531.75,30532.25,30530.50,30531.25,10,30531.25,30531.25,0.00
2026-06-16 09:59:18,30532.25,30533.00,30529.00,30531.75,16,30531.75,30531.75,0.00
2026-06-16 09:59:19,30533.50,30536.50,30533.50,30536.50,13,30536.50,30536.50,0.00
2026-06-16 09:59:20,30532.25,30533.00,30531.25,30531.50,10,30531.50,30531.50,0.00
2026-06-16 09:59:21,30533.25,30533.25,30530.25,30531.00,8,30531.00,30531.00,0.00
2026-06-16 09:59:22,30530.75,30532.00,30529.75,30529.75,10,30529.75,30529.75,0.00
2026-06-16 09:59:23,30530.25,30530.75,30529.25,30530.75,19,30530.75,30530.75,0.00
2026-06-16 09:59:24,30529.00,30529.00,30527.00,30527.00,7,30527.00,30527.00,0.00
2026-06-16 09:59:25,30526.75,30526.75,30524.50,30524.50,21,30524.50,30524.50,0.00
2026-06-16 09:59:26,30523.25,30525.25,30517.00,30520.25,119,30520.25,30520.25,0.00
2026-06-16 09:59:27,30520.25,30521.75,30519.00,30521.00,62,30521.00,30521.00,0.00
2026-06-16 09:59:28,30520.50,30520.50,30515.25,30515.25,40,30515.25,30515.25,0.00
2026-06-16 09:59:29,30518.50,30519.25,30516.50,30517.00,12,30517.00,30517.00,0.00
2026-06-16 09:59:30,30517.00,30520.50,30515.75,30519.25,29,30519.25,30519.25,0.00
2026-06-16 09:59:31,30519.75,30522.75,30518.25,30522.00,24,30522.00,30522.00,0.00
2026-06-16 09:59:32,30522.00,30524.25,30519.50,30522.50,24,30522.50,30522.50,0.00
2026-06-16 09:59:33,30522.75,30522.75,30520.75,30522.00,12,30522.00,30522.00,0.00
2026-06-16 09:59:34,30520.75,30521.25,30519.25,30520.00,20,30520.00,30520.00,0.00
2026-06-16 09:59:35,30517.75,30517.75,30514.00,30514.00,33,30514.00,30514.00,0.00
2026-06-16 09:59:36,30513.75,30514.25,30510.50,30514.00,77,30514.00,30514.00,0.00
2026-06-16 09:59:37,30515.75,30517.75,30510.75,30510.75,14,30510.75,30510.75,0.00
2026-06-16 09:59:38,30510.50,30512.75,30510.00,30512.50,42,30512.50,30512.50,0.00
2026-06-16 09:59:39,30512.00,30512.25,30504.50,30508.00,133,30508.00,30508.00,0.00
2026-06-16 09:59:40,30510.25,30511.25,30508.50,30510.00,12,30510.00,30510.00,0.00
2026-06-16 09:59:41,30509.25,30510.25,30505.50,30505.75,56,30505.75,30505.75,0.00
2026-06-16 09:59:42,30505.25,30510.00,30505.25,30509.25,28,30509.25,30509.25,0.00
2026-06-16 09:59:43,30509.00,30511.00,30507.50,30509.75,26,30509.75,30509.75,0.00
2026-06-16 09:59:44,30509.00,30509.75,30505.50,30506.50,24,30506.50,30506.50,0.00
2026-06-16 09:59:45,30507.50,30508.75,30506.00,30508.75,14,30508.75,30508.75,0.00
2026-06-16 09:59:46,30511.50,30511.50,30508.75,30509.00,47,30509.00,30509.00,0.00
2026-06-16 09:59:47,30509.25,30511.50,30507.75,30509.25,27,30509.25,30509.25,0.00
2026-06-16 09:59:48,30508.50,30508.50,30503.25,30503.25,33,30503.25,30503.25,0.00
2026-06-16 09:59:49,30504.75,30506.75,30503.75,30503.75,21,30503.75,30503.75,0.00
2026-06-16 09:59:50,30502.75,30505.25,30501.00,30504.00,54,30504.00,30504.00,0.00
2026-06-16 09:59:51,30505.00,30508.00,30505.00,30507.00,20,30507.00,30507.00,0.00
2026-06-16 09:59:52,30507.25,30510.25,30507.00,30507.25,29,30507.25,30507.25,0.00
2026-06-16 09:59:53,30505.00,30506.75,30504.75,30506.75,9,30506.75,30506.75,0.00
2026-06-16 09:59:54,30505.50,30506.50,30503.00,30503.00,20,30503.00,30503.00,0.00
2026-06-16 09:59:55,30502.75,30502.75,30495.50,30497.75,177,30497.75,30497.75,0.00
2026-06-16 09:59:56,30497.75,30501.75,30497.75,30499.50,47,30499.50,30499.50,0.00
2026-06-16 09:59:57,30501.00,30502.00,30493.75,30494.50,58,30494.50,30494.50,0.00
2026-06-16 09:59:58,30493.25,30494.25,30491.00,30491.00,61,30491.00,30491.00,0.00
2026-06-16 09:59:59,30493.00,30500.75,30493.00,30500.75,43,30500.75,30500.75,0.00
2026-06-16 10:00:00,30501.00,30501.00,30498.50,30500.50,51,30505.50,30506.50,1.00
2026-06-16 10:00:01,30500.75,30508.50,30500.50,30506.25,101,30504.25,30506.00,1.75
2026-06-16 10:00:02,30506.25,30507.00,30501.50,30504.75,30,30507.75,30509.00,1.25
2026-06-16 10:00:03,30505.50,30509.25,30504.25,30507.50,40,30512.75,30513.75,1.00
2026-06-16 10:00:04,30510.50,30513.25,30508.00,30513.25,50,30504.50,30505.75,1.25
2026-06-16 10:00:05,30513.75,30514.00,30505.50,30505.50,44,30510.50,30511.50,1.00
2026-06-16 10:00:06,30505.75,30510.25,30503.25,30510.25,41,30516.50,30517.50,1.00
2026-06-16 10:00:07,30513.25,30517.50,30512.25,30517.25,29,30520.25,30522.00,1.75
2026-06-16 10:00:08,30517.25,30522.50,30515.50,30522.50,66,30518.00,30519.25,1.25
2026-06-16 10:00:09,30520.25,30521.75,30516.25,30518.75,36,30517.25,30518.25,1.00
2026-06-16 10:00:10,30519.25,30520.50,30516.75,30516.75,22,30508.75,30510.00,1.25
2026-06-16 10:00:11,30517.50,30517.75,30508.25,30510.00,35,30510.25,30511.25,1.00
2026-06-16 10:00:12,30509.25,30512.50,30508.00,30510.00,27,30513.25,30514.00,0.75
2026-06-16 10:00:13,30510.50,30512.75,30508.00,30512.75,33,30509.25,30510.25,1.00
2026-06-16 10:00:14,30514.00,30514.75,30509.25,30510.25,34,30509.25,30510.25,1.00
2026-06-16 10:00:15,30510.25,30510.50,30505.00,30505.25,20,30505.50,30506.75,1.25
2026-06-16 10:00:16,30506.00,30507.50,30505.50,30505.75,7,30509.00,30510.00,1.00
2026-06-16 10:00:17,30507.50,30508.75,30506.75,30508.75,4,30510.50,30511.75,1.25
2026-06-16 10:00:18,30510.25,30512.75,30510.00,30510.75,18,30514.25,30515.25,1.00
2026-06-16 10:00:19,30510.50,30515.00,30510.50,30515.00,18,30512.25,30513.25,1.00
2026-06-16 10:00:20,30513.25,30514.50,30512.00,30513.50,11,30507.75,30508.75,1.00
2026-06-16 10:00:21,30511.75,30511.75,30508.75,30509.50,10,30507.75,30508.75,1.00
2026-06-16 10:00:22,30508.25,30510.00,30507.75,30509.25,14,30510.50,30511.75,1.25
2026-06-16 10:00:23,30510.50,30512.50,30509.00,30512.50,28,30509.25,30510.50,1.25
2026-06-16 10:00:24,30511.25,30512.00,30509.25,30511.00,7,30512.00,30513.00,1.00
2026-06-16 10:00:25,30509.25,30513.25,30509.25,30513.25,13,30507.00,30508.25,1.25
2026-06-16 10:00:26,30512.25,30512.75,30507.00,30507.00,18,30504.25,30505.00,0.75
2026-06-16 10:00:27,30507.25,30507.75,30503.50,30504.50,36,30498.50,30500.00,1.50
2026-06-16 10:00:28,30502.00,30502.00,30497.75,30497.75,118,30495.25,30496.25,1.00
2026-06-16 10:00:29,30498.50,30501.25,30494.75,30495.25,51,30494.00,30495.25,1.25
2026-06-16 10:00:30,30496.25,30496.25,30492.00,30494.75,62,30501.50,30502.75,1.25
2026-06-16 10:00:31,30494.50,30502.75,30494.50,30501.25,24,30499.00,30500.25,1.25
2026-06-16 10:00:32,30502.25,30502.75,30499.25,30499.25,17,30501.75,30502.75,1.00
2026-06-16 10:00:33,30500.00,30505.75,30499.25,30500.50,25,30501.50,30503.00,1.50
2026-06-16 10:00:34,30501.50,30501.50,30497.50,30500.75,21,30512.50,30513.50,1.00
2026-06-16 10:00:35,30506.75,30516.75,30506.75,30512.00,66,30512.75,30514.00,1.25
2026-06-16 10:00:36,30511.75,30514.25,30510.50,30514.25,18,30513.00,30513.75,0.75
2026-06-16 10:00:37,30515.00,30516.25,30513.50,30513.50,12,30518.00,30519.25,1.25
2026-06-16 10:00:38,30513.50,30518.50,30513.50,30518.50,44,30518.75,30520.00,1.25
2026-06-16 10:00:39,30518.50,30520.25,30515.25,30520.25,25,30517.25,30518.50,1.25
2026-06-16 10:00:40,30519.50,30520.00,30517.50,30519.25,19,30513.50,30514.75,1.25
2026-06-16 10:00:41,30518.50,30518.50,30511.75,30512.00,32,30513.25,30514.75,1.50
2026-06-16 10:00:42,30514.25,30515.50,30512.75,30515.00,28,30509.75,30511.00,1.25
2026-06-16 10:00:43,30513.75,30513.75,30509.00,30510.25,27,30512.25,30513.50,1.25
2026-06-16 10:00:44,30510.00,30513.75,30510.00,30512.25,13,30514.25,30515.75,1.50
2026-06-16 10:00:45,30512.75,30515.50,30512.50,30515.50,13,30512.25,30513.50,1.25
2026-06-16 10:00:46,30515.25,30516.25,30513.50,30513.50,22,30510.00,30510.75,0.75
2026-06-16 10:00:47,30513.75,30514.25,30510.00,30511.50,29,30503.50,30504.50,1.00
2026-06-16 10:00:48,30509.00,30509.00,30503.25,30503.75,40,30498.25,30500.00,1.75
2026-06-16 10:00:49,30503.25,30503.25,30496.75,30498.75,41,30496.25,30498.25,2.00
2026-06-16 10:00:50,30500.25,30500.25,30496.25,30496.75,28,30500.75,30502.25,1.50
2026-06-16 10:00:51,30499.00,30501.25,30497.75,30500.00,20,30497.00,30498.00,1.00
2026-06-16 10:00:52,30499.75,30499.75,30496.75,30497.50,22,30495.25,30496.50,1.25
2026-06-16 10:00:53,30496.50,30497.50,30495.00,30495.25,25,30499.00,30500.00,1.00
2026-06-16 10:00:54,30496.00,30499.00,30494.00,30499.00,13,30500.00,30501.50,1.50
2026-06-16 10:00:55,30498.50,30500.00,30497.00,30500.00,18,30503.50,30505.00,1.50
2026-06-16 10:00:56,30500.00,30505.25,30499.25,30504.75,29,30500.75,30501.75,1.00
2026-06-16 10:00:57,30503.75,30504.25,30500.25,30500.75,21,30499.25,30500.25,1.00
2026-06-16 10:00:58,30501.25,30501.50,30498.25,30498.25,13,30497.75,30499.00,1.25
2026-06-16 10:00:59,30497.75,30498.00,30497.25,30498.00,8,30502.50,30503.50,1.00
2026-06-16 10:01:00,30499.00,30501.50,30498.50,30501.50,12,30499.00,30500.25,1.25
2026-06-16 10:01:01,30503.00,30505.25,30501.50,30501.50,21,30497.75,30499.00,1.25
2026-06-16 10:01:02,30500.25,30502.00,30498.50,30498.50,9,30502.25,30503.50,1.25
2026-06-16 10:01:03,30498.75,30502.25,30498.00,30502.25,17,30506.25,30507.25,1.00
2026-06-16 10:01:04,30503.25,30506.00,30502.50,30506.00,17,30505.75,30507.00,1.25
2026-06-16 10:01:05,30506.25,30510.75,30505.75,30505.75,54,30503.00,30504.00,1.00
2026-06-16 10:01:06,30506.50,30506.50,30504.75,30504.75,12,30503.00,30504.00,1.00
2026-06-16 10:01:07,30504.00,30504.50,30501.75,30503.25,14,30509.00,30510.25,1.25
2026-06-16 10:01:08,30503.25,30507.75,30503.25,30507.75,8,30509.75,30510.75,1.00
2026-06-16 10:01:09,30509.00,30513.50,30509.00,30510.50,19,30506.75,30508.25,1.50
2026-06-16 10:01:10,30509.75,30510.50,30507.25,30507.50,15,30502.75,30503.75,1.00
2026-06-16 10:01:11,30507.00,30507.00,30502.25,30502.25,25,30507.00,30508.00,1.00
2026-06-16 10:01:12,30503.00,30505.75,30502.00,30505.75,10,30502.00,30503.25,1.25
2026-06-16 10:01:13,30508.00,30509.25,30502.75,30502.75,14,30505.25,30506.25,1.00
2026-06-16 10:01:14,30504.00,30505.75,30503.75,30505.75,5,30503.00,30504.50,1.50
2026-06-16 10:01:15,30503.75,30505.50,30503.25,30505.50,6,30503.00,30504.50,1.50
2026-06-16 10:01:16,30503.75,30505.75,30502.25,30502.25,5,30504.25,30505.25,1.00
2026-06-16 10:01:17,30502.25,30504.25,30500.50,30504.25,19,30504.25,30505.25,1.00
2026-06-16 10:01:18,30506.25,30508.25,30505.50,30505.50,10,30506.75,30507.50,0.75
2026-06-16 10:01:19,30505.25,30506.25,30505.00,30506.25,7,30512.00,30513.25,1.25
2026-06-16 10:01:20,30505.50,30513.25,30505.50,30513.25,15,30511.25,30512.00,0.75
2026-06-16 10:01:21,30512.00,30512.00,30509.50,30511.50,12,30510.50,30511.50,1.00
2026-06-16 10:01:22,30511.00,30511.25,30508.25,30510.50,16,30511.25,30512.50,1.25
2026-06-16 10:01:23,30511.25,30512.25,30511.25,30512.25,4,30507.25,30508.50,1.25
2026-06-16 10:01:24,30510.75,30511.75,30509.50,30510.00,8,30504.50,30505.25,0.75
2026-06-16 10:01:25,30507.50,30507.50,30504.75,30504.75,9,30507.50,30508.50,1.00
2026-06-16 10:01:26,30505.00,30508.50,30505.00,30507.25,7,30510.50,30511.50,1.00
2026-06-16 10:01:27,30510.75,30511.00,30510.00,30511.00,8,30508.50,30509.50,1.00
2026-06-16 10:01:28,30511.25,30511.75,30509.25,30509.25,8,30510.00,30511.00,1.00
2026-06-16 10:01:29,30509.75,30511.75,30509.75,30510.00,4,30509.75,30510.75,1.00
2026-06-16 10:01:30,30511.00,30511.25,30510.00,30510.00,5,30507.50,30508.50,1.00
2026-06-16 10:01:31,30509.25,30510.25,30506.50,30507.00,13,30505.50,30506.25,0.75
2026-06-16 10:01:32,30506.75,30507.25,30505.25,30505.25,10,30508.25,30509.25,1.00
2026-06-16 10:01:33,30505.75,30509.25,30505.75,30508.75,13,30509.00,30510.00,1.00
2026-06-16 10:01:34,30508.50,30510.25,30508.50,30509.25,7,30512.75,30513.75,1.00
2026-06-16 10:01:35,30510.00,30515.50,30509.75,30513.25,29,30511.50,30512.25,0.75
2026-06-16 10:01:36,30511.50,30512.25,30509.50,30512.25,10,30506.25,30507.25,1.00
2026-06-16 10:01:37,30510.75,30510.75,30507.25,30507.75,13,30503.25,30504.00,0.75
2026-06-16 10:01:38,30507.00,30507.00,30502.50,30502.50,25,30502.50,30503.50,1.00
2026-06-16 10:01:39,30504.00,30505.75,30502.50,30502.50,11,30507.00,30508.00,1.00
2026-06-16 10:01:40,30503.50,30507.00,30501.75,30507.00,20,30507.00,30508.00,1.00
2026-06-16 10:01:41,30508.25,30508.50,30505.25,30507.25,11,30504.25,30505.25,1.00
2026-06-16 10:01:42,30508.00,30508.00,30504.75,30505.50,6,30504.25,30505.50,1.25
2026-06-16 10:01:43,30505.00,30505.50,30505.00,30505.00,7,30503.75,30505.00,1.25
2026-06-16 10:01:44,30505.75,30507.75,30505.50,30505.50,8,30504.50,30505.50,1.00
2026-06-16 10:01:45,30503.50,30504.25,30502.75,30504.25,16,30499.75,30500.75,1.00
2026-06-16 10:01:46,30504.25,30504.25,30499.75,30499.75,18,30501.25,30502.25,1.00
2026-06-16 10:01:47,30500.00,30504.50,30500.00,30504.50,5,30506.75,30507.50,0.75
2026-06-16 10:01:48,30501.75,30507.00,30501.75,30507.00,11,30502.25,30503.25,1.00
2026-06-16 10:01:49,30506.00,30506.00,30503.25,30503.50,7,30500.50,30501.25,0.75
2026-06-16 10:01:50,30502.25,30502.25,30499.75,30500.00,6,30506.00,30507.00,1.00
2026-06-16 10:01:51,30507.50,30507.50,30506.25,30506.25,2,30512.75,30513.75,1.00
2026-06-16 10:01:52,30507.50,30513.00,30507.25,30513.00,33,30509.75,30510.50,0.75
2026-06-16 10:01:53,30511.00,30511.00,30509.25,30511.00,6,30507.75,30508.75,1.00
2026-06-16 10:01:54,30510.50,30510.75,30508.50,30508.50,20,30506.00,30507.00,1.00
2026-06-16 10:01:55,30509.75,30510.75,30509.75,30510.75,5,30506.50,30507.50,1.00
2026-06-16 10:01:56,30508.50,30508.75,30507.00,30507.00,9,30511.00,30512.25,1.25
2026-06-16 10:01:57,30508.00,30511.50,30508.00,30510.75,27,30513.00,30514.00,1.00
2026-06-16 10:01:58,30510.75,30514.50,30510.75,30514.50,6,30514.50,30515.50,1.00
2026-06-16 10:01:59,30513.75,30516.25,30513.75,30516.25,27,30512.25,30513.25,1.00
2026-06-16 10:02:00,30514.50,30515.25,30512.25,30512.25,17,30510.00,30511.00,1.00
2026-06-16 10:02:01,30512.00,30512.00,30508.75,30510.75,16,30511.75,30513.25,1.50
2026-06-16 10:02:02,30511.25,30512.75,30511.25,30511.75,11,30514.25,30515.50,1.25
2026-06-16 10:02:03,30513.50,30513.75,30513.50,30513.75,2,30516.25,30517.50,1.25
2026-06-16 10:02:04,30515.50,30518.25,30514.00,30517.75,42,30519.00,30520.00,1.00
2026-06-16 10:02:05,30517.75,30520.50,30517.75,30520.25,38,30517.25,30518.00,0.75
2026-06-16 10:02:06,30519.00,30519.25,30515.25,30517.75,23,30518.75,30519.75,1.00
2026-06-16 10:02:07,30517.75,30520.00,30517.75,30519.50,13,30521.00,30522.00,1.00
2026-06-16 10:02:08,30519.50,30522.00,30518.00,30522.00,29,30517.25,30518.25,1.00
2026-06-16 10:02:09,30522.25,30522.25,30517.00,30517.75,24,30517.50,30519.00,1.50
2026-06-16 10:02:10,30518.25,30520.75,30517.75,30519.00,17,30519.50,30520.75,1.25
2026-06-16 10:02:11,30518.50,30521.00,30518.50,30520.25,16,30515.50,30516.25,0.75
2026-06-16 10:02:12,30519.50,30519.50,30515.50,30515.50,16,30514.75,30515.75,1.00
2026-06-16 10:02:13,30515.50,30516.50,30514.00,30516.00,51,30513.50,30514.75,1.25
2026-06-16 10:02:14,30516.00,30516.50,30514.50,30516.50,9,30515.00,30516.00,1.00
2026-06-16 10:02:15,30514.75,30516.50,30514.75,30516.50,3,30518.75,30520.00,1.25
2026-06-16 10:02:16,30516.00,30519.50,30516.00,30519.00,16,30519.25,30520.50,1.25
2026-06-16 10:02:17,30520.25,30520.75,30517.25,30519.75,19,30517.00,30518.25,1.25
2026-06-16 10:02:18,30518.25,30519.25,30517.25,30518.75,10,30516.50,30517.50,1.00
2026-06-16 10:02:19,30517.00,30517.00,30514.00,30516.75,109,30513.75,30514.75,1.00
2026-06-16 10:02:20,30515.00,30515.50,30514.50,30514.50,8,30512.00,30513.00,1.00
2026-06-16 10:02:21,30513.75,30514.50,30511.25,30513.00,17,30509.75,30511.00,1.25
2026-06-16 10:02:22,30512.00,30512.00,30509.25,30509.75,7,30511.75,30513.00,1.25
2026-06-16 10:02:23,30511.25,30514.75,30511.25,30512.50,7,30515.25,30516.50,1.25
2026-06-16 10:02:24,30512.75,30516.75,30512.75,30515.75,15,30514.00,30515.00,1.00
2026-06-16 10:02:25,30514.25,30514.75,30514.25,30514.75,5,30513.50,30514.75,1.25
2026-06-16 10:02:26,30514.50,30516.25,30514.25,30515.00,7,30515.25,30516.25,1.00
2026-06-16 10:02:27,30514.50,30514.50,30514.50,30514.50,1,30511.50,30512.25,0.75
2026-06-16 10:02:28,30512.75,30512.75,30512.25,30512.25,6,30514.75,30516.00,1.25
2026-06-16 10:02:29,30512.00,30515.00,30512.00,30515.00,2,30515.25,30516.50,1.25
2026-06-16 10:02:30,30516.00,30516.00,30514.50,30514.50,5,30514.50,30515.50,1.00
2026-06-16 10:02:31,30515.75,30517.50,30515.50,30516.00,9,30512.25,30513.50,1.25
2026-06-16 10:02:32,30514.00,30514.00,30514.00,30514.00,1,30512.25,30513.25,1.00
2026-06-16 10:02:33,30516.00,30516.00,30516.00,30516.00,1,30509.00,30510.00,1.00
2026-06-16 10:02:34,30512.25,30512.75,30510.00,30510.00,18,30508.00,30508.75,0.75
2026-06-16 10:02:35,30508.75,30509.25,30506.50,30508.75,27,30507.50,30509.00,1.50
2026-06-16 10:02:36,30508.00,30510.00,30507.50,30508.50,12,30509.25,30510.50,1.25
2026-06-16 10:02:37,30507.75,30511.25,30507.25,30509.75,16,30508.50,30510.00,1.50
2026-06-16 10:02:38,30510.50,30510.75,30510.50,30510.75,2,30507.25,30508.50,1.25
2026-06-16 10:02:39,30508.25,30508.25,30504.50,30506.75,62,30505.50,30506.50,1.00
2026-06-16 10:02:40,30507.00,30507.00,30505.50,30506.25,4,30504.00,30505.00,1.00
2026-06-16 10:02:41,30505.50,30505.50,30503.00,30504.75,26,30503.00,30504.00,1.00
2026-06-16 10:02:42,30504.50,30504.50,30502.50,30503.25,16,30503.00,30504.00,1.00
2026-06-16 10:02:43,30503.75,30507.75,30502.50,30507.25,13,30504.75,30505.75,1.00
2026-06-16 10:02:44,30505.00,30505.75,30504.50,30504.75,8,30504.75,30505.75,1.00
2026-06-16 10:02:45,30505.75,30506.25,30504.50,30504.50,15,30502.75,30503.75,1.00
2026-06-16 10:02:46,30504.75,30504.75,30502.25,30502.25,8,30500.25,30501.25,1.00
2026-06-16 10:02:47,30502.75,30503.25,30500.25,30501.25,29,30503.50,30504.50,1.00
2026-06-16 10:02:48,30500.25,30504.25,30499.75,30503.75,18,30505.00,30506.25,1.25
2026-06-16 10:02:49,30504.25,30505.50,30504.00,30505.50,13,30507.75,30509.00,1.25
2026-06-16 10:02:50,30505.75,30508.50,30504.50,30508.50,5,30507.00,30508.25,1.25
2026-06-16 10:02:51,30509.25,30509.75,30508.00,30508.00,11,30506.25,30507.50,1.25
2026-06-16 10:02:52,30506.50,30506.50,30505.50,30506.00,7,30507.75,30509.00,1.25
2026-06-16 10:02:53,30507.75,30510.00,30507.50,30508.25,10,30506.25,30507.25,1.00
2026-06-16 10:02:54,30507.75,30510.00,30507.00,30507.00,7,30506.75,30507.75,1.00
2026-06-16 10:02:55,30506.25,30507.25,30505.25,30507.25,14,30504.75,30505.75,1.00
2026-06-16 10:02:56,30506.00,30506.00,30506.00,30506.00,1,30503.50,30504.50,1.00
2026-06-16 10:02:57,30504.75,30504.75,30503.50,30503.75,14,30504.50,30505.50,1.00
2026-06-16 10:02:58,30503.75,30505.00,30502.75,30505.00,15,30503.00,30504.00,1.00
2026-06-16 10:02:59,30505.25,30506.75,30503.00,30503.50,17,30500.00,30500.75,0.75
2026-06-16 10:03:00,30502.75,30503.00,30500.25,30500.25,11,30502.00,30502.75,0.75
2026-06-16 10:03:01,30500.75,30502.25,30500.50,30501.75,20,30500.25,30501.25,1.00
2026-06-16 10:03:02,30502.00,30503.50,30500.00,30502.25,15,30500.25,30501.25,1.00
2026-06-16 10:03:03,30500.75,30502.00,30499.50,30500.25,21,30502.75,30504.00,1.25
2026-06-16 10:03:04,30501.00,30503.50,30499.25,30502.75,21,30502.50,30503.75,1.25
2026-06-16 10:03:05,30502.50,30503.00,30502.50,30503.00,3,30500.75,30502.00,1.25
2026-06-16 10:03:06,30503.75,30503.75,30501.00,30501.00,7,30502.50,30503.50,1.00
2026-06-16 10:03:07,30503.50,30503.50,30501.75,30501.75,5,30500.00,30501.25,1.25
2026-06-16 10:03:08,30502.50,30502.50,30500.75,30500.75,2,30501.25,30502.50,1.25
2026-06-16 10:03:09,30501.25,30501.50,30500.75,30501.50,5,30500.25,30501.25,1.00
2026-06-16 10:03:10,30503.25,30503.25,30501.50,30501.50,15,30505.25,30506.25,1.00
2026-06-16 10:03:11,30501.25,30505.75,30500.25,30505.50,22,30508.50,30509.50,1.00
2026-06-16 10:03:12,30506.75,30510.00,30505.75,30510.00,36,30508.50,30509.25,0.75
2026-06-16 10:03:13,30508.25,30510.25,30508.00,30508.75,9,30507.00,30508.00,1.00
2026-06-16 10:03:14,30509.00,30510.00,30506.25,30506.25,9,30509.50,30510.50,1.00
2026-06-16 10:03:15,30507.25,30508.75,30507.25,30508.75,5,30512.25,30513.00,0.75
2026-06-16 10:03:16,30511.50,30512.75,30510.00,30512.25,25,30506.50,30507.50,1.00
2026-06-16 10:03:17,30512.50,30515.00,30509.00,30509.00,25,30505.00,30506.00,1.00
2026-06-16 10:03:18,30509.75,30509.75,30505.75,30506.00,9,30503.25,30504.50,1.25
2026-06-16 10:03:19,30505.50,30505.50,30503.75,30504.75,4,30504.75,30506.00,1.25
2026-06-16 10:03:20,30505.75,30506.50,30505.75,30506.25,6,30506.50,30507.75,1.25
2026-06-16 10:03:21,30505.75,30505.75,30505.75,30505.75,1,30501.75,30503.00,1.25
2026-06-16 10:03:23,30507.25,30507.25,30502.75,30502.75,14,30501.00,30502.00,1.00
2026-06-16 10:03:24,30502.50,30503.00,30501.25,30501.25,34,30507.50,30508.75,1.25
2026-06-16 10:03:25,30501.00,30508.50,30501.00,30508.00,11,30509.00,30510.25,1.25
2026-06-16 10:03:26,30509.75,30510.50,30509.75,30510.50,4,30508.25,30509.50,1.25
2026-06-16 10:03:27,30510.25,30510.25,30510.25,30510.25,1,30508.25,30509.25,1.00
2026-06-16 10:03:28,30508.75,30508.75,30507.00,30508.75,9,30507.00,30508.25,1.25
2026-06-16 10:03:29,30506.50,30507.50,30506.50,30507.50,3,30504.75,30505.75,1.00
2026-06-16 10:03:30,30506.75,30507.00,30504.75,30504.75,5,30501.25,30502.75,1.50
2026-06-16 10:03:32,30506.00,30506.00,30502.75,30502.75,5,30497.75,30498.75,1.00
2026-06-16 10:03:33,30502.50,30503.00,30497.00,30497.00,54,30496.25,30497.25,1.00
2026-06-16 10:03:34,30499.00,30499.00,30496.00,30496.25,15,30495.00,30496.00,1.00
2026-06-16 10:03:35,30497.25,30499.25,30495.00,30496.00,25,30495.50,30496.25,0.75
2026-06-16 10:03:36,30495.00,30496.00,30488.00,30496.00,131,30492.75,30493.75,1.00
2026-06-16 10:03:37,30495.00,30495.25,30492.50,30492.50,22,30491.75,30493.00,1.25
2026-06-16 10:03:38,30492.75,30494.75,30491.50,30493.25,41,30492.25,30493.25,1.00
2026-06-16 10:03:39,30491.75,30493.25,30491.25,30491.75,18,30491.25,30492.25,1.00
2026-06-16 10:03:40,30491.75,30492.75,30489.00,30491.25,27,30490.00,30491.00,1.00
2026-06-16 10:03:41,30492.00,30493.50,30491.00,30491.00,35,30490.00,30491.00,1.00
2026-06-16 10:03:42,30491.00,30492.75,30490.25,30492.25,34,30490.00,30490.75,0.75
2026-06-16 10:03:43,30491.75,30491.75,30490.00,30490.00,5,30492.50,30493.75,1.25
2026-06-16 10:03:44,30489.75,30493.50,30489.00,30493.50,11,30493.25,30494.50,1.25
2026-06-16 10:03:45,30492.25,30495.75,30492.25,30495.50,18,30490.25,30491.50,1.25
2026-06-16 10:03:46,30494.25,30494.75,30490.00,30490.00,22,30489.00,30490.00,1.00
2026-06-16 10:03:47,30490.50,30492.00,30489.50,30489.50,16,30492.75,30494.00,1.25
2026-06-16 10:03:48,30488.75,30494.25,30488.00,30494.25,23,30492.75,30493.75,1.00
2026-06-16 10:03:49,30494.00,30495.00,30492.75,30492.75,9,30490.00,30491.00,1.00
2026-06-16 10:03:50,30492.00,30492.50,30489.50,30490.50,18,30486.75,30488.75,2.00
2026-06-16 10:03:51,30488.75,30490.25,30486.75,30486.75,50,30486.75,30488.75,2.00
2026-06-16 10:03:52,30488.00,30491.00,30487.25,30487.75,80,30487.00,30488.00,1.00
2026-06-16 10:03:53,30487.50,30488.25,30486.50,30487.25,22,30486.25,30487.50,1.25
2026-06-16 10:03:54,30487.00,30488.25,30486.50,30487.00,15,30490.75,30491.50,0.75
2026-06-16 10:03:55,30488.00,30491.00,30487.25,30491.00,42,30495.75,30496.75,1.00
2026-06-16 10:03:56,30491.25,30497.00,30491.25,30497.00,43,30498.50,30499.25,0.75
2026-06-16 10:03:57,30496.75,30499.00,30495.75,30498.50,23,30499.00,30500.00,1.00
2026-06-16 10:03:58,30498.50,30500.50,30498.00,30499.00,28,30503.50,30504.50,1.00
2026-06-16 10:03:59,30499.25,30504.75,30499.00,30504.50,32,30506.00,30506.75,0.75
2026-06-16 10:04:00,30504.25,30506.75,30504.25,30506.75,41,30503.50,30504.25,0.75
2026-06-16 10:04:01,30506.75,30506.75,30504.75,30504.75,15,30501.00,30502.00,1.00
2026-06-16 10:04:02,30504.25,30504.25,30501.25,30501.25,24,30505.75,30506.75,1.00
2026-06-16 10:04:03,30504.25,30506.00,30503.25,30506.00,12,30507.25,30508.00,0.75
2026-06-16 10:04:04,30505.75,30509.25,30505.50,30508.00,46,30506.75,30507.75,1.00
2026-06-16 10:04:05,30507.50,30508.50,30505.50,30508.00,25,30506.75,30507.75,1.00
2026-06-16 10:04:06,30507.25,30509.25,30507.00,30508.75,16,30512.75,30513.50,0.75
2026-06-16 10:04:07,30508.75,30513.50,30508.50,30513.50,19,30515.50,30516.75,1.25
2026-06-16 10:04:08,30512.75,30518.25,30512.25,30516.75,45,30514.00,30515.25,1.25
2026-06-16 10:04:09,30517.25,30517.25,30513.25,30514.75,19,30515.25,30516.25,1.00
2026-06-16 10:04:10,30513.50,30515.75,30512.50,30515.50,18,30516.00,30517.00,1.00
2026-06-16 10:04:11,30514.25,30516.75,30514.25,30516.50,11,30515.25,30516.00,0.75
2026-06-16 10:04:12,30516.00,30517.25,30515.00,30516.00,14,30516.25,30517.50,1.25
2026-06-16 10:04:13,30516.00,30519.50,30515.75,30519.50,22,30513.25,30514.25,1.00
2026-06-16 10:04:14,30516.75,30518.00,30513.75,30514.00,22,30514.50,30515.50,1.00
2026-06-16 10:04:15,30514.50,30515.50,30513.00,30515.50,17,30510.25,30511.25,1.00
2026-06-16 10:04:16,30515.50,30515.50,30508.75,30510.50,28,30511.75,30512.75,1.00
2026-06-16 10:04:17,30511.25,30513.00,30511.00,30513.00,6,30516.00,30517.00,1.00
2026-06-16 10:04:18,30511.75,30516.00,30511.75,30516.00,37,30519.50,30520.50,1.00
2026-06-16 10:04:19,30517.25,30521.00,30517.25,30520.25,14,30519.25,30520.00,0.75
2026-06-16 10:04:20,30519.25,30519.75,30518.25,30519.25,19,30518.50,30519.50,1.00
2026-06-16 10:04:21,30519.00,30520.50,30518.25,30519.25,10,30514.00,30515.50,1.50
2026-06-16 10:04:22,30517.00,30518.50,30514.00,30514.00,18,30517.25,30518.25,1.00
2026-06-16 10:04:23,30514.00,30517.25,30514.00,30517.25,3,30520.00,30521.00,1.00
2026-06-16 10:04:24,30517.25,30520.75,30516.75,30520.75,15,30525.50,30526.50,1.00
2026-06-16 10:04:25,30521.00,30526.50,30521.00,30525.50,77,30524.50,30525.50,1.00
2026-06-16 10:04:26,30526.50,30526.50,30523.75,30525.00,20,30525.25,30526.50,1.25
2026-06-16 10:04:27,30525.75,30526.75,30523.75,30525.50,21,30525.25,30526.25,1.00
2026-06-16 10:04:28,30525.75,30527.00,30525.00,30525.75,10,30529.00,30529.75,0.75
2026-06-16 10:04:29,30526.50,30531.50,30526.50,30529.00,72,30525.50,30526.25,0.75
2026-06-16 10:04:30,30529.75,30529.75,30527.25,30527.50,18,30524.00,30525.00,1.00
2026-06-16 10:04:31,30526.25,30526.75,30523.25,30524.25,35,30527.25,30528.50,1.25
2026-06-16 10:04:32,30524.00,30528.25,30524.00,30528.25,24,30525.25,30526.50,1.25
2026-06-16 10:04:33,30526.75,30528.25,30526.25,30526.25,15,30525.25,30526.50,1.25
2026-06-16 10:04:34,30526.25,30526.25,30519.50,30520.75,163,30521.50,30522.50,1.00
2026-06-16 10:04:35,30522.00,30525.50,30521.00,30521.00,109,30520.25,30521.00,0.75
2026-06-16 10:04:36,30522.00,30522.00,30518.25,30520.25,23,30525.25,30526.25,1.00
2026-06-16 10:04:37,30520.25,30524.50,30520.00,30524.50,16,30523.50,30524.50,1.00
2026-06-16 10:04:38,30525.50,30526.50,30524.50,30524.50,17,30523.25,30523.75,0.50
2026-06-16 10:04:39,30522.50,30525.00,30522.00,30525.00,19,30520.50,30521.25,0.75
2026-06-16 10:04:40,30523.75,30523.75,30520.00,30520.25,10,30519.00,30520.00,1.00
2026-06-16 10:04:41,30518.25,30519.50,30518.00,30519.25,9,30518.00,30519.25,1.25
2026-06-16 10:04:42,30519.50,30519.50,30517.75,30518.00,11,30524.00,30525.00,1.00
2026-06-16 10:04:43,30517.75,30524.50,30516.25,30524.50,15,30524.50,30525.50,1.00
2026-06-16 10:04:44,30525.50,30526.75,30524.75,30525.75,17,30526.25,30527.75,1.50
2026-06-16 10:04:45,30526.00,30527.50,30524.00,30527.50,28,30525.25,30526.25,1.00
2026-06-16 10:04:46,30525.50,30527.00,30525.50,30527.00,7,30526.50,30527.75,1.25
2026-06-16 10:04:47,30526.25,30528.75,30526.25,30528.75,10,30527.50,30528.50,1.00
2026-06-16 10:04:48,30526.50,30528.75,30526.50,30528.75,10,30528.50,30529.25,0.75
2026-06-16 10:04:49,30527.50,30529.00,30526.75,30528.00,19,30527.50,30528.50,1.00
2026-06-16 10:04:50,30529.25,30529.25,30527.50,30527.50,16,30522.50,30523.75,1.25
2026-06-16 10:04:51,30527.25,30527.25,30522.00,30522.50,26,30525.50,30526.50,1.00
2026-06-16 10:04:52,30523.50,30523.75,30522.25,30522.25,8,30527.75,30528.75,1.00
2026-06-16 10:04:53,30525.25,30528.25,30525.00,30528.25,21,30523.75,30524.75,1.00
2026-06-16 10:04:54,30527.50,30527.50,30524.50,30524.50,10,30524.75,30525.75,1.00
2026-06-16 10:04:55,30524.75,30525.25,30524.00,30525.25,7,30526.75,30528.00,1.25
2026-06-16 10:04:56,30527.25,30527.25,30526.25,30527.25,5,30526.25,30527.25,1.00
2026-06-16 10:04:57,30526.75,30526.75,30524.75,30526.50,17,30525.50,30526.75,1.25
2026-06-16 10:04:58,30526.50,30527.50,30526.25,30526.75,6,30523.75,30525.00,1.25
2026-06-16 10:04:59,30526.50,30526.50,30524.50,30524.50,3,30521.50,30522.50,1.00
2026-06-16 10:05:00,30524.75,30524.75,30521.00,30521.50,12,30527.25,30528.25,1.00
2026-06-16 10:05:01,30524.50,30528.50,30524.50,30528.50,8,30528.50,30529.50,1.00
2026-06-16 10:05:02,30527.75,30529.50,30527.50,30529.50,8,30523.75,30525.00,1.25
2026-06-16 10:05:03,30528.75,30528.75,30523.50,30525.25,21,30526.75,30527.75,1.00
2026-06-16 10:05:04,30523.75,30525.75,30523.25,30525.75,13,30523.50,30524.50,1.00
2026-06-16 10:05:05,30526.00,30526.00,30523.75,30524.75,6,30526.00,30526.75,0.75
2026-06-16 10:05:06,30523.75,30525.75,30523.75,30525.75,4,30523.50,30524.75,1.25
2026-06-16 10:05:07,30525.50,30526.00,30524.50,30524.50,6,30524.00,30525.25,1.25
2026-06-16 10:05:08,30525.00,30526.75,30525.00,30526.75,4,30524.00,30525.25,1.25
2026-06-16 10:05:09,30524.25,30526.50,30524.00,30525.50,17,30519.50,30520.50,1.00
2026-06-16 10:05:10,30524.00,30524.00,30520.00,30520.00,18,30520.00,30521.00,1.00
2026-06-16 10:05:11,30519.75,30522.00,30519.50,30521.50,33,30517.50,30518.25,0.75
2026-06-16 10:05:12,30520.25,30520.25,30517.50,30517.75,16,30513.75,30514.50,0.75
2026-06-16 10:05:13,30517.50,30517.50,30512.50,30514.25,57,30517.00,30518.00,1.00
2026-06-16 10:05:14,30514.25,30518.25,30513.50,30518.25,17,30518.50,30519.50,1.00
2026-06-16 10:05:15,30518.25,30518.50,30516.50,30518.50,9,30515.00,30516.00,1.00
2026-06-16 10:05:16,30518.25,30518.25,30515.75,30517.75,12,30516.00,30517.00,1.00
2026-06-16 10:05:17,30516.00,30517.25,30516.00,30517.00,8,30515.00,30516.25,1.25
2026-06-16 10:05:18,30517.25,30518.25,30515.75,30515.75,13,30514.50,30515.50,1.00
2026-06-16 10:05:19,30514.75,30514.75,30513.75,30513.75,8,30514.25,30515.25,1.00
2026-06-16 10:05:20,30514.75,30515.75,30513.50,30513.50,5,30508.25,30509.00,0.75
2026-06-16 10:05:21,30514.75,30514.75,30508.25,30509.25,26,30513.00,30513.75,0.75
2026-06-16 10:05:22,30510.50,30512.00,30509.75,30512.00,8,30511.50,30512.50,1.00
2026-06-16 10:05:23,30513.00,30513.75,30511.75,30512.25,20,30512.00,30513.00,1.00
2026-06-16 10:05:24,30510.50,30512.25,30509.75,30512.25,13,30513.25,30514.25,1.00
2026-06-16 10:05:25,30512.50,30513.75,30512.25,30512.75,17,30509.50,30511.00,1.50
2026-06-16 10:05:26,30513.25,30513.25,30509.75,30509.75,13,30508.25,30509.00,0.75
2026-06-16 10:05:27,30510.25,30510.25,30508.50,30508.50,7,30510.25,30511.50,1.25
2026-06-16 10:05:28,30509.25,30512.25,30508.75,30510.25,16,30513.00,30514.00,1.00
2026-06-16 10:05:29,30511.50,30513.50,30511.00,30513.50,14,30509.50,30510.25,0.75
2026-06-16 10:05:30,30510.75,30510.75,30510.50,30510.50,3,30510.25,30511.25,1.00
2026-06-16 10:05:31,30509.50,30510.50,30506.75,30508.50,32,30507.50,30508.50,1.00
2026-06-16 10:05:32,30511.00,30511.25,30507.25,30508.00,13,30500.50,30501.25,0.75
2026-06-16 10:05:33,30508.50,30508.50,30500.00,30501.50,58,30501.25,30502.25,1.00
2026-06-16 10:05:34,30500.50,30503.50,30499.50,30501.50,27,30498.00,30499.00,1.00
2026-06-16 10:05:35,30501.50,30501.50,30498.25,30499.50,43,30499.50,30500.75,1.25
2026-06-16 10:05:36,30499.25,30501.75,30498.25,30499.00,21,30500.75,30502.00,1.25
2026-06-16 10:05:37,30500.25,30502.00,30499.75,30501.50,18,30498.75,30499.50,0.75
2026-06-16 10:05:38,30501.50,30502.25,30500.00,30500.00,11,30500.75,30501.75,1.00
2026-06-16 10:05:39,30499.75,30501.00,30498.25,30501.00,8,30500.75,30501.75,1.00
2026-06-16 10:05:40,30501.25,30501.25,30498.25,30499.25,30,30504.00,30505.00,1.00
2026-06-16 10:05:41,30501.00,30505.75,30501.00,30505.75,39,30503.75,30504.50,0.75
2026-06-16 10:05:42,30504.00,30504.75,30503.25,30504.25,19,30504.75,30506.00,1.25
2026-06-16 10:05:43,30504.25,30506.00,30504.25,30506.00,8,30504.75,30505.50,0.75
2026-06-16 10:05:44,30504.00,30506.50,30504.00,30506.50,7,30502.75,30503.75,1.00
2026-06-16 10:05:45,30504.75,30504.75,30503.25,30503.25,3,30501.00,30502.00,1.00
2026-06-16 10:05:46,30502.50,30502.50,30502.00,30502.00,4,30503.00,30504.00,1.00
2026-06-16 10:05:47,30501.75,30503.75,30501.75,30503.75,9,30505.25,30506.25,1.00
2026-06-16 10:05:48,30504.75,30508.00,30504.75,30507.00,12,30503.50,30504.50,1.00
2026-06-16 10:05:49,30505.75,30506.25,30503.50,30503.50,8,30503.00,30504.00,1.00
2026-06-16 10:05:50,30503.25,30504.25,30503.25,30504.25,7,30504.00,30505.00,1.00
2026-06-16 10:05:51,30504.00,30505.00,30503.25,30504.75,6,30506.25,30507.00,0.75
2026-06-16 10:05:52,30504.25,30505.00,30503.50,30504.00,4,30505.75,30506.75,1.00
2026-06-16 10:05:53,30505.75,30506.25,30505.25,30506.00,6,30500.75,30501.75,1.00
2026-06-16 10:05:54,30505.25,30505.25,30500.50,30500.50,15,30501.50,30502.50,1.00
2026-06-16 10:05:55,30501.75,30501.75,30499.50,30501.75,12,30498.50,30499.50,1.00
2026-06-16 10:05:56,30502.00,30502.00,30498.25,30499.00,14,30497.00,30498.25,1.25
2026-06-16 10:05:57,30497.25,30499.75,30495.50,30496.75,26,30498.75,30499.75,1.00
2026-06-16 10:05:58,30498.50,30499.00,30497.25,30498.75,17,30498.75,30499.75,1.00
2026-06-16 10:05:59,30499.00,30503.25,30499.00,30501.25,16,30499.50,30500.75,1.25
2026-06-16 10:06:00,30501.50,30502.25,30501.50,30502.25,2,30498.75,30499.75,1.00
2026-06-16 10:06:01,30500.75,30500.75,30497.75,30499.50,19,30503.00,30504.25,1.25
2026-06-16 10:06:02,30501.25,30505.25,30501.25,30503.25,25,30501.25,30502.25,1.00
2026-06-16 10:06:03,30503.50,30504.25,30501.00,30503.00,17,30498.50,30499.50,1.00
2026-06-16 10:06:04,30498.50,30498.50,30496.75,30496.75,13,30501.50,30502.25,0.75
2026-06-16 10:06:05,30498.50,30502.50,30497.75,30501.75,13,30506.50,30507.50,1.00
2026-06-16 10:06:06,30501.50,30507.25,30500.00,30507.25,18,30507.00,30508.00,1.00
2026-06-16 10:06:07,30506.75,30506.75,30506.75,30506.75,1,30504.75,30505.75,1.00
2026-06-16 10:06:08,30507.00,30507.25,30504.75,30505.00,6,30501.75,30502.75,1.00
2026-06-16 10:06:09,30504.75,30504.75,30501.25,30501.25,5,30499.00,30500.00,1.00
2026-06-16 10:06:10,30500.00,30500.50,30498.75,30499.50,16,30499.00,30500.00,1.00
2026-06-16 10:06:11,30500.00,30500.75,30499.25,30499.25,10,30495.50,30496.50,1.00
2026-06-16 10:06:12,30498.75,30499.50,30496.25,30496.25,13,30495.25,30496.50,1.25
2026-06-16 10:06:13,30496.25,30496.50,30494.00,30495.50,46,30498.25,30499.25,1.00
2026-06-16 10:06:14,30495.50,30498.75,30495.25,30498.00,10,30499.25,30500.25,1.00
2026-06-16 10:06:15,30499.25,30500.00,30497.25,30500.00,14,30496.50,30497.50,1.00
2026-06-16 10:06:16,30496.50,30496.50,30496.50,30496.50,1,30495.00,30496.00,1.00
2026-06-16 10:06:17,30496.00,30496.00,30495.00,30495.25,9,30495.75,30496.75,1.00
2026-06-16 10:06:18,30496.25,30496.50,30495.25,30496.25,7,30495.75,30496.75,1.00
2026-06-16 10:06:19,30496.00,30497.25,30495.75,30495.75,6,30496.00,30497.00,1.00
2026-06-16 10:06:20,30495.50,30497.25,30495.25,30495.25,21,30498.75,30499.50,0.75
2026-06-16 10:06:21,30496.00,30498.75,30496.00,30498.75,7,30502.75,30503.50,0.75
2026-06-16 10:06:22,30498.75,30503.25,30498.75,30503.25,23,30500.00,30501.00,1.00
2026-06-16 10:06:23,30503.75,30503.75,30501.25,30501.50,21,30503.50,30505.00,1.50
2026-06-16 10:06:24,30500.75,30503.25,30499.50,30503.25,6,30505.50,30506.50,1.00
2026-06-16 10:06:25,30505.50,30506.50,30504.50,30506.50,11,30504.50,30505.75,1.25
2026-06-16 10:06:26,30504.25,30505.25,30503.50,30503.50,8,30503.00,30503.75,0.75
2026-06-16 10:06:27,30505.75,30505.75,30505.25,30505.25,2,30505.25,30506.25,1.00
2026-06-16 10:06:28,30503.25,30506.75,30503.00,30506.25,12,30505.75,30507.00,1.25
2026-06-16 10:06:29,30507.50,30508.50,30507.50,30508.50,11,30505.50,30506.50,1.00
2026-06-16 10:06:30,30507.00,30508.25,30505.50,30506.25,12,30506.25,30507.00,0.75
2026-06-16 10:06:31,30506.75,30507.25,30506.50,30506.50,10,30505.75,30506.25,0.50
2026-06-16 10:06:32,30507.50,30508.00,30507.50,30508.00,2,30503.25,30504.25,1.00
2026-06-16 10:06:33,30505.75,30506.00,30504.25,30504.25,11,30510.25,30511.50,1.25
2026-06-16 10:06:35,30508.75,30511.25,30508.75,30511.25,18,30509.25,30510.25,1.00
2026-06-16 10:06:36,30510.75,30513.00,30509.50,30510.00,21,30505.00,30505.75,0.75
2026-06-16 10:06:37,30510.50,30510.50,30506.00,30506.00,6,30505.00,30505.75,0.75
2026-06-16 10:06:38,30504.50,30506.75,30504.50,30506.75,5,30506.25,30507.25,1.00
2026-06-16 10:06:39,30508.25,30508.25,30506.50,30506.50,6,30505.00,30506.00,1.00
2026-06-16 10:06:40,30506.25,30507.00,30505.00,30505.50,23,30505.50,30506.50,1.00
2026-06-16 10:06:41,30505.75,30506.25,30505.75,30506.25,3,30503.00,30504.00,1.00
2026-06-16 10:06:42,30506.25,30506.25,30501.75,30503.00,10,30503.50,30504.50,1.00
2026-06-16 10:06:43,30504.00,30504.00,30502.50,30502.50,3,30501.25,30502.25,1.00
2026-06-16 10:06:44,30504.50,30504.50,30501.00,30501.75,11,30502.50,30503.75,1.25
2026-06-16 10:06:45,30502.50,30502.75,30502.50,30502.75,3,30504.25,30505.25,1.00
2026-06-16 10:06:46,30503.75,30504.50,30503.75,30504.50,2,30503.00,30504.25,1.25
2026-06-16 10:06:47,30502.50,30504.00,30502.50,30504.00,3,30504.75,30505.75,1.00
2026-06-16 10:06:48,30503.75,30503.75,30503.50,30503.75,3,30506.75,30507.75,1.00
2026-06-16 10:06:49,30507.00,30507.25,30506.00,30507.25,6,30505.50,30506.75,1.25
2026-06-16 10:06:50,30506.75,30506.75,30506.50,30506.50,4,30508.75,30510.00,1.25
2026-06-16 10:06:51,30505.75,30508.25,30505.75,30508.25,13,30511.50,30512.25,0.75
2026-06-16 10:06:52,30510.00,30512.00,30510.00,30512.00,8,30509.00,30509.75,0.75
2026-06-16 10:06:53,30512.00,30512.00,30510.00,30511.75,5,30508.00,30508.75,0.75
2026-06-16 10:06:54,30509.75,30509.75,30507.50,30508.75,5,30508.75,30509.75,1.00
2026-06-16 10:06:55,30508.75,30508.75,30508.50,30508.50,2,30507.75,30509.25,1.50
2026-06-16 10:06:56,30508.75,30508.75,30508.50,30508.50,2,30505.75,30506.75,1.00
2026-06-16 10:06:57,30507.50,30507.50,30507.00,30507.00,5,30503.50,30504.25,0.75
2026-06-16 10:06:58,30505.75,30505.75,30504.50,30504.75,4,30504.50,30505.75,1.25
2026-06-16 10:06:59,30504.25,30505.75,30503.25,30505.75,39,30506.25,30507.25,1.00
2026-06-16 10:07:00,30505.75,30507.00,30505.50,30507.00,6,30504.50,30505.75,1.25
2026-06-16 10:07:01,30506.75,30506.75,30504.25,30505.50,8,30505.00,30506.25,1.25
2026-06-16 10:07:02,30504.50,30505.00,30504.25,30505.00,7,30504.25,30505.25,1.00
2026-06-16 10:07:03,30504.00,30505.25,30504.00,30505.25,3,30504.25,30505.25,1.00
2026-06-16 10:07:04,30505.00,30505.50,30505.00,30505.50,3,30506.50,30507.75,1.25
2026-06-16 10:07:05,30504.75,30504.75,30504.75,30504.75,1,30506.50,30507.75,1.25
2026-06-16 10:07:06,30507.50,30508.75,30507.50,30508.75,3,30509.25,30510.25,1.00
2026-06-16 10:07:07,30509.50,30511.25,30509.25,30509.75,17,30513.75,30514.50,0.75
2026-06-16 10:07:08,30509.50,30512.75,30509.25,30512.75,16,30512.50,30513.25,0.75
2026-06-16 10:07:09,30514.50,30515.00,30512.75,30513.50,14,30512.75,30513.75,1.00
2026-06-16 10:07:10,30513.75,30514.00,30509.50,30513.50,15,30513.50,30514.25,0.75
2026-06-16 10:07:11,30513.00,30514.50,30512.50,30513.25,7,30514.25,30515.00,0.75
2026-06-16 10:07:12,30513.25,30515.25,30513.25,30514.75,11,30514.50,30515.25,0.75
2026-06-16 10:07:13,30514.00,30515.75,30513.50,30515.00,17,30514.50,30515.25,0.75
2026-06-16 10:07:14,30515.00,30517.50,30514.25,30517.50,26,30515.75,30516.50,0.75
2026-06-16 10:07:15,30514.75,30516.50,30514.75,30516.25,8,30515.00,30516.00,1.00
2026-06-16 10:07:16,30515.50,30516.25,30515.00,30515.00,3,30513.50,30514.25,0.75
2026-06-16 10:07:17,30516.00,30516.00,30513.50,30513.75,9,30514.50,30515.75,1.25
2026-06-16 10:07:18,30515.00,30515.00,30514.25,30515.00,4,30511.75,30513.00,1.25
2026-06-16 10:07:19,30513.50,30514.00,30512.75,30512.75,8,30513.50,30514.50,1.00
2026-06-16 10:07:20,30511.75,30514.50,30511.50,30514.25,11,30514.25,30515.25,1.00
2026-06-16 10:07:21,30513.50,30514.75,30513.50,30514.75,2,30520.00,30520.75,0.75
2026-06-16 10:07:22,30516.75,30521.00,30516.75,30519.25,30,30520.00,30520.75,0.75
2026-06-16 10:07:23,30520.00,30520.00,30519.00,30520.00,14,30516.00,30516.75,0.75
2026-06-16 10:07:24,30520.75,30522.25,30515.75,30515.75,21,30514.50,30515.25,0.75
2026-06-16 10:07:25,30516.75,30517.75,30514.75,30514.75,23,30516.75,30517.50,0.75
2026-06-16 10:07:26,30515.25,30517.25,30515.25,30516.50,14,30515.00,30516.00,1.00
2026-06-16 10:07:27,30518.00,30518.00,30515.00,30515.00,2,30514.75,30515.50,0.75
2026-06-16 10:07:28,30515.75,30516.75,30515.75,30516.75,4,30515.00,30516.00,1.00
2026-06-16 10:07:29,30515.25,30515.50,30515.25,30515.50,2,30518.25,30519.25,1.00
2026-06-16 10:07:30,30516.25,30518.75,30516.25,30518.75,4,30517.75,30518.50,0.75
2026-06-16 10:07:31,30518.75,30519.00,30518.25,30518.25,6,30524.00,30525.00,1.00
2026-06-16 10:07:32,30518.50,30524.25,30518.50,30524.25,22,30523.00,30523.75,0.75
2026-06-16 10:07:33,30525.00,30525.25,30523.00,30523.00,13,30524.75,30525.50,0.75
2026-06-16 10:07:34,30523.00,30525.75,30522.50,30525.75,19,30524.75,30525.50,0.75
2026-06-16 10:07:35,30525.25,30531.25,30524.00,30530.75,45,30526.75,30527.50,0.75
2026-06-16 10:07:36,30530.50,30534.00,30526.25,30526.25,114,30526.00,30526.75,0.75
2026-06-16 10:07:37,30526.00,30529.00,30526.00,30526.00,18,30526.50,30527.50,1.00
2026-06-16 10:07:38,30526.75,30528.75,30525.50,30525.50,12,30530.50,30531.50,1.00
2026-06-16 10:07:39,30528.00,30531.50,30526.75,30530.50,14,30530.50,30531.50,1.00
2026-06-16 10:07:40,30531.25,30533.25,30530.00,30530.25,28,30528.75,30529.75,1.00
2026-06-16 10:07:41,30530.50,30531.50,30528.00,30530.25,25,30527.00,30527.50,0.50
2026-06-16 10:07:42,30528.75,30530.25,30525.50,30527.00,21,30527.75,30528.50,0.75
2026-06-16 10:07:43,30526.50,30528.00,30525.50,30528.00,13,30533.25,30534.00,0.75
2026-06-16 10:07:44,30528.25,30533.50,30528.25,30533.50,7,30531.00,30532.00,1.00
2026-06-16 10:07:45,30534.00,30535.00,30531.00,30531.00,26,30529.50,30530.50,1.00
2026-06-16 10:07:46,30530.75,30532.25,30529.25,30530.00,27,30528.50,30529.25,0.75
2026-06-16 10:07:47,30530.75,30531.00,30528.25,30529.00,16,30528.25,30529.00,0.75
2026-06-16 10:07:48,30527.00,30528.75,30526.00,30528.75,10,30529.25,30530.00,0.75
2026-06-16 10:07:49,30529.00,30530.00,30529.00,30529.25,11,30529.25,30530.25,1.00
2026-06-16 10:07:50,30530.50,30530.75,30528.75,30529.25,8,30526.75,30527.50,0.75
2026-06-16 10:07:51,30530.25,30530.50,30528.00,30528.00,10,30522.50,30523.25,0.75
2026-06-16 10:07:52,30526.50,30526.50,30522.25,30523.25,18,30522.00,30522.75,0.75
2026-06-16 10:07:53,30522.50,30524.25,30522.25,30523.00,18,30521.50,30522.25,0.75
2026-06-16 10:07:55,30522.00,30525.00,30522.00,30525.00,6,30526.50,30527.75,1.25
2026-06-16 10:07:56,30525.75,30527.75,30525.75,30527.75,8,30528.75,30529.75,1.00
2026-06-16 10:07:57,30528.75,30529.50,30527.25,30529.50,11,30524.75,30525.50,0.75
2026-06-16 10:07:58,30527.25,30527.50,30526.25,30526.25,6,30526.00,30526.75,0.75
2026-06-16 10:07:59,30527.25,30527.25,30526.25,30526.25,4,30529.25,30530.00,0.75
2026-06-16 10:08:00,30526.25,30527.25,30526.25,30526.75,9,30529.00,30529.75,0.75
2026-06-16 10:08:01,30530.00,30530.50,30528.75,30528.75,14,30527.00,30527.75,0.75
2026-06-16 10:08:02,30529.25,30530.00,30527.75,30528.00,7,30528.25,30529.00,0.75
2026-06-16 10:08:03,30528.25,30528.75,30528.25,30528.75,2,30528.50,30529.25,0.75
2026-06-16 10:08:04,30528.75,30529.50,30528.75,30528.75,10,30528.25,30529.25,1.00
2026-06-16 10:08:05,30528.50,30529.25,30527.00,30528.75,10,30530.00,30530.75,0.75
2026-06-16 10:08:06,30530.25,30530.75,30529.00,30529.75,14,30527.25,30528.00,0.75
2026-06-16 10:08:07,30530.00,30530.00,30527.25,30527.25,9,30526.50,30527.25,0.75
2026-06-16 10:08:08,30527.00,30527.00,30525.75,30526.00,8,30524.75,30525.75,1.00
2026-06-16 10:08:09,30527.25,30527.75,30524.50,30526.00,17,30525.00,30526.00,1.00
2026-06-16 10:08:10,30525.25,30525.75,30524.50,30524.50,3,30524.00,30525.00,1.00
2026-06-16 10:08:11,30525.00,30527.00,30524.25,30524.25,5,30522.50,30523.00,0.50
2026-06-16 10:08:12,30523.75,30523.75,30522.50,30522.50,9,30526.75,30527.50,0.75
2026-06-16 10:08:13,30525.00,30527.50,30523.25,30527.50,16,30524.50,30525.50,1.00
2026-06-16 10:08:14,30527.00,30527.00,30524.25,30524.25,22,30525.75,30526.75,1.00
2026-06-16 10:08:15,30524.50,30526.75,30524.50,30526.75,3,30524.00,30524.75,0.75
2026-06-16 10:08:16,30523.50,30524.25,30523.50,30524.25,3,30524.50,30525.25,0.75
2026-06-16 10:08:17,30525.00,30525.50,30524.50,30524.50,9,30524.75,30525.50,0.75
2026-06-16 10:08:18,30524.75,30525.75,30523.75,30525.75,5,30520.25,30521.00,0.75
2026-06-16 10:08:19,30524.50,30524.50,30522.50,30522.50,7,30522.25,30523.25,1.00
2026-06-16 10:08:20,30520.25,30523.00,30519.50,30522.25,25,30524.00,30525.00,1.00
2026-06-16 10:08:21,30523.00,30525.25,30523.00,30525.00,4,30522.50,30523.25,0.75
2026-06-16 10:08:22,30524.25,30524.50,30522.25,30522.50,7,30521.50,30522.50,1.00
2026-06-16 10:08:23,30524.50,30526.00,30522.25,30522.25,3,30522.00,30522.75,0.75
2026-06-16 10:08:24,30522.25,30523.50,30522.25,30523.50,2,30522.25,30523.25,1.00
2026-06-16 10:08:25,30522.25,30523.00,30521.50,30523.00,7,30523.75,30524.75,1.00
2026-06-16 10:08:26,30522.75,30524.50,30522.75,30524.50,12,30526.00,30526.75,0.75
2026-06-16 10:08:27,30523.25,30525.00,30523.00,30525.00,6,30530.25,30531.25,1.00
2026-06-16 10:08:28,30527.00,30530.50,30525.75,30530.50,20,30532.75,30533.75,1.00
2026-06-16 10:08:29,30531.25,30533.50,30531.00,30533.25,34,30537.00,30537.75,0.75
2026-06-16 10:08:30,30533.75,30538.00,30532.25,30536.25,109,30536.00,30536.75,0.75
2026-06-16 10:08:31,30537.75,30537.75,30534.00,30536.75,33,30536.00,30536.75,0.75
2026-06-16 10:08:32,30536.00,30537.25,30535.75,30536.50,23,30535.50,30536.50,1.00
2026-06-16 10:08:33,30535.75,30536.25,30534.75,30535.50,18,30534.50,30535.50,1.00
2026-06-16 10:08:34,30534.25,30536.00,30533.75,30535.50,22,30532.50,30533.50,1.00
2026-06-16 10:08:35,30535.75,30535.75,30532.25,30532.75,15,30530.75,30531.50,0.75
2026-06-16 10:08:36,30532.50,30532.50,30530.75,30530.75,3,30536.75,30537.50,0.75
2026-06-16 10:08:37,30530.75,30537.00,30530.75,30536.75,13,30538.50,30539.50,1.00
2026-06-16 10:08:38,30537.75,30539.75,30537.50,30538.50,23,30539.25,30540.00,0.75
2026-06-16 10:08:39,30538.50,30539.25,30537.75,30539.00,21,30542.00,30542.75,0.75
2026-06-16 10:08:40,30539.50,30544.75,30539.25,30543.00,118,30542.00,30542.75,0.75
2026-06-16 10:08:41,30542.75,30546.00,30541.50,30544.50,50,30545.50,30546.25,0.75
2026-06-16 10:08:42,30545.00,30547.25,30543.25,30547.25,63,30545.50,30546.25,0.75
2026-06-16 10:08:43,30546.25,30547.50,30542.50,30544.25,38,30542.75,30543.75,1.00
2026-06-16 10:08:44,30544.50,30545.00,30542.00,30542.00,23,30533.75,30534.75,1.00
2026-06-16 10:08:45,30542.25,30542.25,30534.25,30534.50,67,30534.75,30535.50,0.75
2026-06-16 10:08:46,30534.50,30536.25,30533.50,30536.00,34,30538.25,30539.00,0.75
2026-06-16 10:08:47,30535.50,30539.25,30535.50,30538.75,17,30540.00,30541.00,1.00
2026-06-16 10:08:48,30538.50,30540.25,30537.75,30540.25,7,30537.00,30538.00,1.00
2026-06-16 10:08:49,30540.50,30541.75,30537.50,30537.50,20,30536.50,30537.25,0.75
2026-06-16 10:08:50,30539.00,30539.50,30536.75,30537.00,19,30534.75,30535.50,0.75
2026-06-16 10:08:51,30536.50,30537.00,30535.00,30535.25,9,30536.75,30537.75,1.00
2026-06-16 10:08:52,30534.50,30536.50,30534.25,30536.50,17,30539.50,30540.50,1.00
2026-06-16 10:08:53,30536.75,30540.50,30536.25,30540.50,25,30539.00,30540.25,1.25
2026-06-16 10:08:54,30540.00,30541.00,30539.00,30539.50,20,30540.25,30541.50,1.25
2026-06-16 10:08:55,30540.00,30540.25,30540.00,30540.00,6,30539.50,30540.50,1.00
2026-06-16 10:08:56,30540.50,30541.25,30539.75,30540.25,4,30537.00,30538.00,1.00
2026-06-16 10:08:57,30540.50,30540.50,30537.75,30537.75,14,30536.25,30537.25,1.00
2026-06-16 10:08:58,30536.75,30536.75,30534.75,30536.50,19,30537.50,30538.75,1.25
2026-06-16 10:08:59,30537.50,30539.25,30537.25,30537.25,11,30539.75,30540.75,1.00
2026-06-16 10:09:00,30538.00,30540.75,30538.00,30540.75,4,30534.25,30535.00,0.75
2026-06-16 10:09:01,30538.00,30538.00,30534.50,30535.00,16,30527.25,30528.50,1.25
2026-06-16 10:09:02,30533.75,30533.75,30527.00,30527.25,72,30529.25,30530.25,1.00
2026-06-16 10:09:03,30527.75,30530.00,30526.75,30530.00,28,30529.00,30530.00,1.00
2026-06-16 10:09:04,30529.25,30529.75,30527.50,30529.50,26,30529.50,30530.25,0.75
2026-06-16 10:09:05,30528.75,30531.50,30528.25,30530.50,18,30527.50,30528.75,1.25
2026-06-16 10:09:06,30529.25,30531.25,30527.00,30527.00,15,30527.50,30528.25,0.75
2026-06-16 10:09:07,30528.25,30529.25,30528.25,30528.25,5,30525.50,30526.50,1.00
2026-06-16 10:09:08,30527.00,30528.25,30526.75,30527.00,9,30521.50,30522.50,1.00
2026-06-16 10:09:09,30525.50,30525.50,30521.25,30521.50,55,30514.25,30515.25,1.00
2026-06-16 10:09:10,30520.50,30520.50,30511.75,30512.50,107,30517.50,30518.50,1.00
2026-06-16 10:09:11,30514.25,30518.50,30514.25,30517.00,18,30517.00,30518.00,1.00
2026-06-16 10:09:12,30517.25,30517.50,30515.75,30517.00,23,30518.25,30519.50,1.25
2026-06-16 10:09:13,30518.25,30519.50,30518.00,30519.25,11,30514.75,30516.00,1.25
2026-06-16 10:09:14,30518.00,30518.00,30515.00,30515.00,9,30518.25,30519.75,1.50
2026-06-16 10:09:15,30517.00,30520.00,30517.00,30519.25,10,30520.25,30521.50,1.25
2026-06-16 10:09:16,30520.00,30523.25,30519.75,30523.25,11,30524.00,30525.00,1.00
2026-06-16 10:09:17,30521.25,30523.25,30521.25,30523.25,8,30524.00,30525.00,1.00
2026-06-16 10:09:18,30525.00,30525.00,30523.25,30525.00,7,30524.50,30525.50,1.00
2026-06-16 10:09:19,30525.00,30525.75,30523.75,30525.75,10,30522.50,30523.25,0.75
2026-06-16 10:09:20,30526.25,30527.00,30523.25,30523.25,7,30526.50,30527.75,1.25
2026-06-16 10:09:21,30523.00,30526.00,30522.75,30526.00,4,30524.75,30526.00,1.25
2026-06-16 10:09:22,30525.00,30525.75,30524.75,30525.50,4,30522.50,30523.75,1.25
2026-06-16 10:09:23,30524.25,30524.75,30524.25,30524.75,4,30526.50,30527.75,1.25
2026-06-16 10:09:24,30523.75,30527.00,30523.75,30527.00,5,30524.00,30525.00,1.00
2026-06-16 10:09:25,30527.25,30527.25,30524.25,30525.00,3,30525.25,30526.75,1.50
2026-06-16 10:09:26,30524.00,30526.25,30524.00,30526.00,4,30525.75,30527.00,1.25
2026-06-16 10:09:27,30526.50,30527.75,30526.25,30527.25,22,30525.75,30526.75,1.00
2026-06-16 10:09:28,30526.75,30527.75,30526.75,30527.75,4,30525.50,30526.75,1.25
2026-06-16 10:09:29,30525.75,30527.50,30525.50,30525.50,10,30527.00,30528.25,1.25
2026-06-16 10:09:30,30528.00,30528.00,30528.00,30528.00,1,30524.00,30525.25,1.25
2026-06-16 10:09:31,30526.75,30526.75,30523.75,30523.75,11,30523.75,30525.00,1.25
2026-06-16 10:09:32,30525.00,30526.00,30524.25,30526.00,12,30524.25,30525.25,1.00
2026-06-16 10:09:33,30523.75,30524.25,30522.25,30524.25,8,30526.50,30527.50,1.00
2026-06-16 10:09:34,30525.25,30527.75,30524.75,30526.00,13,30527.00,30528.00,1.00
2026-06-16 10:09:35,30528.00,30528.00,30527.00,30527.50,8,30526.75,30527.75,1.00
2026-06-16 10:09:36,30528.25,30529.75,30527.75,30529.75,9,30522.75,30524.00,1.25
2026-06-16 10:09:37,30526.75,30528.50,30526.75,30526.75,13,30522.00,30523.00,1.00
2026-06-16 10:09:38,30523.50,30525.00,30522.25,30523.00,11,30520.25,30521.50,1.25
2026-06-16 10:09:39,30523.00,30523.00,30520.25,30521.25,8,30526.00,30527.00,1.00
2026-06-16 10:09:40,30522.25,30525.75,30522.25,30525.75,15,30527.25,30528.25,1.00
2026-06-16 10:09:41,30526.25,30527.25,30526.25,30526.50,3,30525.75,30527.00,1.25
2026-06-16 10:09:42,30526.25,30526.25,30526.00,30526.00,3,30529.75,30530.75,1.00
2026-06-16 10:09:43,30526.00,30530.25,30525.75,30529.75,21,30530.75,30531.75,1.00
2026-06-16 10:09:44,30529.50,30532.00,30529.25,30530.50,23,30525.50,30526.75,1.25
2026-06-16 10:09:45,30531.75,30531.75,30526.75,30526.75,7,30527.50,30528.50,1.00
2026-06-16 10:09:46,30527.00,30527.00,30526.25,30526.75,3,30527.50,30528.25,0.75
2026-06-16 10:09:47,30527.50,30528.25,30527.50,30528.25,3,30528.50,30529.50,1.00
2026-06-16 10:09:48,30528.50,30529.75,30528.00,30529.75,12,30526.75,30527.75,1.00
2026-06-16 10:09:49,30529.00,30529.75,30527.25,30527.50,7,30528.50,30529.50,1.00
2026-06-16 10:09:50,30526.75,30528.75,30526.25,30528.75,6,30532.25,30533.25,1.00
2026-06-16 10:09:51,30530.25,30533.00,30528.00,30532.75,17,30535.75,30537.00,1.25
2026-06-16 10:09:52,30533.25,30536.25,30532.25,30536.25,27,30535.00,30535.75,0.75
2026-06-16 10:09:53,30537.00,30537.75,30535.50,30536.25,42,30534.75,30535.75,1.00
2026-06-16 10:09:54,30535.75,30535.75,30534.50,30535.75,6,30534.50,30535.25,0.75
2026-06-16 10:09:55,30535.00,30536.25,30534.50,30534.50,6,30534.00,30535.00,1.00
2026-06-16 10:09:56,30532.75,30534.00,30532.50,30534.00,3,30537.25,30538.00,0.75
2026-06-16 10:09:57,30534.75,30537.50,30534.75,30537.50,8,30537.50,30538.25,0.75
2026-06-16 10:09:58,30538.50,30538.75,30537.25,30538.25,7,30537.50,30538.50,1.00
2026-06-16 10:09:59,30537.25,30538.00,30537.25,30537.50,9,30542.00,30542.75,0.75
2026-06-16 10:10:00,30539.00,30542.50,30538.00,30541.50,26,30541.75,30543.00,1.25
2026-06-16 10:10:01,30542.00,30545.00,30541.50,30541.50,58,30541.25,30542.75,1.50
2026-06-16 10:10:02,30541.75,30544.25,30541.50,30542.75,21,30537.25,30538.25,1.00
2026-06-16 10:10:03,30542.75,30545.00,30537.75,30537.75,47,30535.00,30536.00,1.00
2026-06-16 10:10:04,30538.75,30539.00,30534.25,30535.25,35,30535.00,30536.00,1.00
2026-06-16 10:10:05,30535.50,30541.50,30535.50,30541.25,12,30542.50,30543.50,1.00
2026-06-16 10:10:06,30541.50,30543.50,30541.25,30543.25,8,30541.50,30542.50,1.00
2026-06-16 10:10:07,30543.50,30543.50,30541.75,30541.75,4,30538.50,30539.50,1.00
2026-06-16 10:10:08,30541.25,30542.50,30538.50,30539.00,28,30538.00,30538.75,0.75
2026-06-16 10:10:09,30537.50,30539.00,30537.50,30538.00,17,30538.50,30539.50,1.00
2026-06-16 10:10:10,30539.00,30540.00,30538.75,30539.75,20,30538.75,30539.75,1.00
2026-06-16 10:10:11,30538.50,30540.00,30538.50,30539.00,5,30537.25,30538.00,0.75
2026-06-16 10:10:12,30538.75,30538.75,30535.50,30537.25,14,30540.00,30541.00,1.00
2026-06-16 10:10:13,30539.75,30540.00,30538.00,30540.00,13,30543.50,30544.25,0.75
2026-06-16 10:10:14,30541.00,30543.50,30541.00,30543.50,13,30543.50,30544.50,1.00
2026-06-16 10:10:15,30544.25,30545.00,30542.50,30544.00,14,30542.50,30543.50,1.00
2026-06-16 10:10:16,30541.50,30543.75,30541.50,30542.25,25,30544.00,30545.00,1.00
2026-06-16 10:10:17,30543.75,30544.50,30542.75,30544.50,17,30544.00,30544.75,0.75
2026-06-16 10:10:18,30544.25,30544.50,30543.00,30543.25,14,30541.75,30542.75,1.00
2026-06-16 10:10:19,30543.75,30543.75,30541.50,30541.75,26,30541.00,30542.25,1.25
2026-06-16 10:10:20,30542.50,30544.75,30542.25,30542.50,10,30539.50,30540.25,0.75
2026-06-16 10:10:21,30541.00,30541.25,30539.50,30539.50,8,30542.25,30543.25,1.00
2026-06-16 10:10:22,30539.25,30543.00,30539.25,30543.00,2,30540.50,30541.25,0.75
2026-06-16 10:10:23,30541.50,30543.50,30541.50,30541.75,7,30544.25,30545.00,0.75
2026-06-16 10:10:24,30541.25,30543.50,30540.75,30543.25,9,30544.25,30545.00,0.75
2026-06-16 10:10:25,30545.00,30546.25,30541.50,30544.25,21,30543.00,30544.00,1.00
2026-06-16 10:10:26,30545.00,30545.25,30544.00,30544.25,12,30538.50,30539.25,0.75
2026-06-16 10:10:27,30541.75,30541.75,30539.75,30540.50,11,30537.75,30539.00,1.25
2026-06-16 10:10:28,30538.25,30539.75,30538.00,30538.00,21,30540.00,30541.00,1.00
2026-06-16 10:10:29,30539.75,30539.75,30539.75,30539.75,2,30540.25,30541.25,1.00
2026-06-16 10:10:30,30539.25,30541.00,30539.25,30541.00,5,30536.50,30537.75,1.25
2026-06-16 10:10:31,30539.25,30539.25,30536.75,30536.75,41,30536.50,30537.50,1.00
2026-06-16 10:10:32,30540.25,30540.25,30535.75,30535.75,8,30535.75,30536.75,1.00
2026-06-16 10:10:33,30536.50,30537.25,30535.75,30535.75,6,30532.50,30533.25,0.75
2026-06-16 10:10:34,30535.50,30537.50,30531.75,30532.50,31,30534.00,30535.00,1.00
2026-06-16 10:10:35,30534.00,30535.50,30533.75,30535.50,7,30536.25,30537.00,0.75
2026-06-16 10:10:36,30535.75,30537.00,30535.75,30537.00,5,30540.00,30541.00,1.00
2026-06-16 10:10:37,30536.25,30541.00,30536.00,30541.00,20,30540.00,30540.75,0.75
2026-06-16 10:10:38,30540.00,30540.75,30539.25,30540.50,16,30535.75,30537.00,1.25
2026-06-16 10:10:39,30539.50,30539.50,30535.75,30536.50,6,30532.50,30533.25,0.75
2026-06-16 10:10:40,30536.75,30536.75,30533.00,30533.00,5,30531.75,30532.50,0.75
2026-06-16 10:10:41,30533.00,30533.75,30530.75,30532.25,19,30528.75,30529.75,1.00
2026-06-16 10:10:42,30530.75,30530.75,30528.25,30529.00,20,30534.25,30535.25,1.00
2026-06-16 10:10:43,30530.75,30533.50,30530.00,30533.00,23,30533.00,30533.75,0.75
2026-06-16 10:10:44,30534.25,30534.25,30533.50,30533.50,3,30532.50,30533.50,1.00
2026-06-16 10:10:45,30534.00,30534.25,30532.75,30533.50,9,30533.25,30534.25,1.00
2026-06-16 10:10:46,30534.25,30534.25,30533.75,30533.75,2,30530.75,30531.75,1.00
2026-06-16 10:10:47,30533.25,30533.25,30529.50,30531.00,25,30529.50,30530.50,1.00
2026-06-16 10:10:48,30531.25,30531.25,30530.00,30530.75,8,30529.00,30530.00,1.00
2026-06-16 10:10:49,30530.50,30530.50,30529.00,30529.50,9,30531.75,30532.50,0.75
2026-06-16 10:10:50,30529.00,30530.00,30528.25,30530.00,5,30532.50,30533.50,1.00
2026-06-16 10:10:51,30532.50,30535.00,30532.50,30534.00,11,30530.25,30531.00,0.75
2026-06-16 10:10:52,30532.25,30532.25,30529.00,30529.50,10,30525.00,30525.75,0.75
2026-06-16 10:10:53,30528.25,30528.25,30524.50,30524.50,38,30526.75,30527.50,0.75
2026-06-16 10:10:54,30525.75,30527.25,30525.50,30527.25,14,30526.25,30527.25,1.00
2026-06-16 10:10:55,30527.75,30527.75,30525.00,30526.25,8,30526.50,30527.75,1.25
2026-06-16 10:10:56,30527.25,30527.75,30526.00,30527.25,14,30526.75,30527.75,1.00
2026-06-16 10:10:57,30527.75,30527.75,30523.25,30526.00,18,30525.50,30526.75,1.25
2026-06-16 10:10:58,30526.75,30527.50,30526.00,30526.25,15,30523.00,30523.75,0.75
2026-06-16 10:10:59,30524.75,30524.75,30523.50,30523.75,8,30522.00,30523.00,1.00
2026-06-16 10:11:00,30523.75,30525.50,30522.75,30522.75,22,30527.75,30529.00,1.25
2026-06-16 10:11:01,30522.00,30526.50,30521.75,30526.00,32,30527.75,30529.00,1.25
2026-06-16 10:11:02,30528.50,30528.75,30524.75,30528.50,45,30527.75,30528.75,1.00
2026-06-16 10:11:03,30526.75,30529.00,30526.75,30527.25,11,30526.25,30527.50,1.25
2026-06-16 10:11:04,30528.75,30529.50,30526.75,30526.75,10,30525.50,30526.75,1.25
2026-06-16 10:11:05,30526.75,30526.75,30524.75,30525.50,9,30522.00,30522.75,0.75
2026-06-16 10:11:06,30526.00,30526.50,30522.00,30522.00,15,30521.50,30522.50,1.00
2026-06-16 10:11:07,30523.50,30524.00,30522.25,30522.25,7,30520.75,30521.75,1.00
2026-06-16 10:11:08,30521.50,30522.50,30521.00,30521.00,7,30521.25,30522.25,1.00
2026-06-16 10:11:09,30520.75,30523.00,30520.25,30521.50,52,30521.75,30523.00,1.25
2026-06-16 10:11:10,30521.50,30523.00,30521.50,30523.00,5,30522.00,30523.50,1.50
2026-06-16 10:11:11,30523.75,30524.75,30523.75,30524.50,7,30522.00,30523.00,1.00
2026-06-16 10:11:12,30523.25,30523.50,30520.00,30523.50,30,30521.00,30522.00,1.00
2026-06-16 10:11:13,30521.25,30521.25,30520.25,30521.00,5,30520.00,30521.00,1.00
2026-06-16 10:11:14,30522.00,30522.25,30520.25,30521.00,13,30521.25,30522.25,1.00
2026-06-16 10:11:15,30520.75,30521.75,30520.25,30520.25,13,30523.50,30524.25,0.75
2026-06-16 10:11:16,30522.25,30524.25,30521.00,30523.25,34,30523.75,30524.50,0.75
2026-06-16 10:11:17,30524.00,30524.50,30524.00,30524.25,5,30526.00,30527.00,1.00
2026-06-16 10:11:18,30523.25,30525.25,30523.25,30525.25,11,30528.25,30529.25,1.00
2026-06-16 10:11:19,30527.00,30529.50,30527.00,30528.25,18,30527.75,30528.50,0.75
2026-06-16 10:11:20,30529.25,30529.25,30526.75,30527.25,12,30530.50,30531.50,1.00
2026-06-16 10:11:21,30528.50,30532.25,30528.50,30531.00,26,30528.00,30528.75,0.75
2026-06-16 10:11:22,30529.75,30530.50,30527.25,30527.25,18,30525.50,30526.25,0.75
2026-06-16 10:11:23,30528.50,30528.50,30525.25,30525.25,6,30530.00,30530.75,0.75
2026-06-16 10:11:24,30525.75,30530.75,30525.75,30530.50,10,30528.75,30529.50,0.75
2026-06-16 10:11:25,30529.75,30530.75,30529.25,30529.25,9,30525.25,30526.25,1.00
2026-06-16 10:11:26,30529.75,30530.75,30526.75,30526.75,8,30525.00,30526.00,1.00
2026-06-16 10:11:27,30525.25,30525.25,30524.50,30525.25,4,30526.50,30527.50,1.00
2026-06-16 10:11:28,30526.25,30526.25,30526.25,30526.25,1,30525.75,30526.75,1.00
2026-06-16 10:11:29,30528.00,30528.50,30525.50,30527.50,7,30526.25,30527.00,0.75
2026-06-16 10:11:30,30525.50,30528.25,30525.50,30526.75,29,30521.50,30522.75,1.25
2026-06-16 10:11:31,30527.00,30527.00,30522.25,30522.25,6,30522.25,30523.25,1.00
2026-06-16 10:11:32,30521.00,30522.75,30521.00,30521.50,10,30522.25,30523.25,1.00
2026-06-16 10:11:33,30523.00,30523.00,30518.25,30518.50,32,30517.50,30518.25,0.75
2026-06-16 10:11:34,30518.00,30518.75,30517.25,30517.50,20,30515.00,30516.00,1.00
2026-06-16 10:11:35,30517.00,30518.25,30514.25,30515.25,52,30513.50,30514.25,0.75
2026-06-16 10:11:36,30515.00,30516.00,30511.25,30515.00,75,30515.75,30516.50,0.75
2026-06-16 10:11:37,30514.25,30515.75,30513.50,30515.25,18,30516.00,30517.75,1.75
2026-06-16 10:11:38,30516.50,30516.50,30513.75,30515.50,10,30516.00,30517.75,1.75
2026-06-16 10:11:39,30517.50,30517.75,30514.00,30515.75,10,30517.75,30518.50,0.75
2026-06-16 10:11:40,30515.50,30519.50,30515.50,30519.50,17,30523.50,30524.25,0.75
2026-06-16 10:11:41,30519.50,30523.00,30518.75,30523.00,11,30525.25,30526.25,1.00
2026-06-16 10:11:42,30524.25,30528.00,30524.25,30526.25,43,30526.50,30527.50,1.00
2026-06-16 10:11:43,30525.25,30526.50,30525.00,30526.50,4,30525.75,30526.75,1.00
2026-06-16 10:11:44,30527.00,30528.25,30526.00,30526.00,22,30522.00,30523.00,1.00
2026-06-16 10:11:45,30525.75,30525.75,30522.25,30523.00,6,30525.25,30526.50,1.25
2026-06-16 10:11:46,30523.25,30523.25,30523.25,30523.25,1,30530.00,30531.00,1.00
2026-06-16 10:11:47,30526.50,30531.25,30526.50,30530.50,16,30529.00,30530.00,1.00
2026-06-16 10:11:48,30531.25,30531.75,30529.75,30529.75,7,30527.25,30528.50,1.25
2026-06-16 10:11:49,30528.75,30529.00,30526.75,30526.75,12,30527.25,30528.25,1.00
2026-06-16 10:11:50,30527.75,30529.25,30527.25,30527.25,10,30526.75,30527.75,1.00
2026-06-16 10:11:51,30528.75,30528.75,30527.75,30527.75,2,30529.50,30530.75,1.25
2026-06-16 10:11:54,30529.25,30529.75,30528.25,30529.50,11,30529.00,30530.00,1.00
2026-06-16 10:11:55,30530.75,30530.75,30529.75,30529.75,2,30527.50,30528.50,1.00
2026-06-16 10:11:56,30528.00,30528.00,30526.75,30528.00,4,30530.00,30531.00,1.00
2026-06-16 10:11:57,30528.50,30530.50,30528.50,30530.50,2,30532.50,30533.50,1.00
2026-06-16 10:11:58,30531.00,30532.75,30531.00,30532.75,24,30530.50,30531.50,1.00
2026-06-16 10:11:59,30532.50,30532.50,30531.00,30531.00,2,30527.75,30529.00,1.25
2026-06-16 10:12:00,30530.50,30530.75,30528.50,30528.50,11,30531.75,30532.75,1.00
2026-06-16 10:12:01,30528.75,30533.25,30528.75,30533.25,22,30531.75,30533.00,1.25
2026-06-16 10:12:02,30532.75,30533.25,30531.00,30532.50,13,30533.25,30534.50,1.25
2026-06-16 10:12:03,30533.00,30534.00,30532.50,30533.50,9,30530.75,30531.75,1.00
2026-06-16 10:12:04,30534.25,30534.25,30531.50,30531.50,8,30532.00,30533.00,1.00
2026-06-16 10:12:05,30530.75,30532.75,30530.75,30532.75,5,30529.75,30531.00,1.25
2026-06-16 10:12:06,30533.00,30533.00,30531.75,30531.75,6,30530.75,30531.75,1.00
2026-06-16 10:12:07,30530.75,30531.00,30530.75,30531.00,4,30530.00,30531.00,1.00
2026-06-16 10:12:08,30529.75,30529.75,30529.75,30529.75,1,30528.50,30529.50,1.00
2026-06-16 10:12:09,30531.00,30531.00,30529.50,30529.50,5,30527.50,30528.50,1.00
2026-06-16 10:12:10,30528.50,30528.50,30525.75,30526.50,6,30527.25,30528.25,1.00
2026-06-16 10:12:11,30527.00,30527.75,30525.25,30527.50,22,30526.00,30527.25,1.25
2026-06-16 10:12:12,30527.00,30527.75,30525.00,30525.00,9,30525.75,30526.75,1.00
2026-06-16 10:12:13,30525.75,30526.00,30524.50,30524.50,7,30527.75,30528.75,1.00
2026-06-16 10:12:14,30527.25,30527.50,30527.25,30527.25,8,30526.75,30527.75,1.00
2026-06-16 10:12:15,30528.25,30528.25,30528.25,30528.25,1,30528.75,30529.75,1.00
2026-06-16 10:12:16,30529.50,30529.50,30529.50,30529.50,1,30526.50,30527.50,1.00
2026-06-16 10:12:17,30528.50,30528.50,30528.25,30528.25,3,30527.75,30528.50,0.75
2026-06-16 10:12:18,30527.25,30527.25,30527.25,30527.25,1,30535.00,30536.00,1.00
2026-06-16 10:12:19,30528.75,30536.75,30528.75,30535.25,25,30534.00,30535.25,1.25
2026-06-16 10:12:20,30536.00,30536.50,30534.25,30534.25,9,30538.00,30538.75,0.75
2026-06-16 10:12:21,30536.25,30539.00,30536.25,30539.00,16,30536.25,30537.00,0.75
2026-06-16 10:12:22,30538.75,30539.25,30534.50,30535.50,16,30533.50,30534.50,1.00
2026-06-16 10:12:23,30537.00,30537.00,30534.25,30534.25,7,30535.50,30536.50,1.00
2026-06-16 10:12:24,30533.75,30536.00,30533.75,30536.00,6,30535.00,30536.00,1.00
2026-06-16 10:12:25,30534.75,30535.00,30534.75,30535.00,2,30535.00,30536.00,1.00
2026-06-16 10:12:26,30536.00,30536.00,30536.00,30536.00,1,30531.00,30532.25,1.25
2026-06-16 10:12:27,30535.50,30535.75,30531.75,30531.75,9,30530.75,30531.75,1.00
2026-06-16 10:12:28,30532.00,30532.75,30530.00,30530.75,16,30533.00,30534.00,1.00
2026-06-16 10:12:29,30532.50,30533.00,30532.25,30533.00,6,30532.75,30533.50,0.75
2026-06-16 10:12:30,30533.50,30534.00,30533.50,30534.00,3,30533.00,30534.00,1.00
2026-06-16 10:12:31,30533.25,30533.50,30532.50,30533.50,4,30532.25,30533.50,1.25
2026-06-16 10:12:32,30535.00,30535.00,30532.00,30533.50,8,30530.00,30531.00,1.00
2026-06-16 10:12:33,30532.50,30532.50,30530.00,30530.00,4,30532.75,30534.00,1.25
2026-06-16 10:12:34,30531.00,30531.00,30531.00,30531.00,1,30536.50,30537.50,1.00
2026-06-16 10:12:35,30534.50,30536.50,30534.50,30536.25,4,30533.75,30534.75,1.00
2026-06-16 10:12:36,30534.00,30535.00,30534.00,30534.00,3,30534.50,30535.75,1.25
2026-06-16 10:12:37,30533.50,30534.75,30533.50,30534.75,5,30538.25,30539.00,0.75
2026-06-16 10:12:38,30535.25,30538.00,30535.25,30537.25,7,30538.50,30539.25,0.75
2026-06-16 10:12:39,30538.75,30540.00,30538.25,30540.00,8,30538.50,30539.25,0.75
2026-06-16 10:12:40,30538.25,30539.00,30537.50,30538.75,16,30537.75,30538.75,1.00
2026-06-16 10:12:41,30539.25,30540.00,30539.00,30540.00,22,30537.75,30538.75,1.00
2026-06-16 10:12:42,30537.75,30539.00,30537.75,30538.25,15,30538.00,30539.00,1.00
2026-06-16 10:12:43,30537.75,30539.50,30537.00,30539.25,21,30538.25,30539.25,1.00
2026-06-16 10:12:44,30538.75,30538.75,30538.25,30538.25,2,30536.25,30537.25,1.00
2026-06-16 10:12:45,30538.75,30538.75,30538.75,30538.75,1,30536.50,30537.50,1.00
2026-06-16 10:12:46,30536.75,30536.75,30536.00,30536.00,4,30532.50,30533.75,1.25
2026-06-16 10:12:47,30536.50,30536.50,30530.50,30533.50,16,30536.00,30537.25,1.25
2026-06-16 10:12:48,30533.50,30535.00,30533.25,30534.25,11,30534.75,30535.75,1.00
2026-06-16 10:12:49,30537.25,30537.75,30536.00,30536.00,7,30535.00,30536.00,1.00
2026-06-16 10:12:50,30535.25,30535.25,30534.25,30534.25,5,30532.00,30533.00,1.00
2026-06-16 10:12:51,30535.50,30535.50,30535.50,30535.50,1,30524.50,30525.50,1.00
2026-06-16 10:12:52,30532.00,30532.00,30524.25,30524.50,32,30529.50,30530.50,1.00
2026-06-16 10:12:53,30525.75,30531.00,30524.75,30530.50,39,30530.00,30531.00,1.00
2026-06-16 10:12:54,30529.75,30530.50,30529.50,30530.50,8,30532.50,30533.50,1.00
2026-06-16 10:12:55,30531.75,30533.50,30531.50,30533.50,16,30531.00,30531.75,0.75
2026-06-16 10:12:56,30532.50,30532.50,30531.25,30531.25,7,30529.25,30530.25,1.00
2026-06-16 10:12:57,30531.00,30531.00,30529.00,30529.00,9,30522.00,30523.00,1.00
2026-06-16 10:12:58,30529.25,30529.25,30522.50,30522.50,15,30523.25,30524.00,0.75
2026-06-16 10:12:59,30523.50,30525.25,30523.00,30523.75,8,30524.25,30525.25,1.00
2026-06-16 10:13:00,30523.75,30523.75,30523.75,30523.75,2,30525.50,30526.50,1.00
2026-06-16 10:13:01,30525.25,30526.25,30523.50,30525.00,9,30523.75,30525.00,1.25
2026-06-16 10:13:02,30526.25,30526.25,30524.75,30524.75,3,30526.00,30527.25,1.25
2026-06-16 10:13:03,30525.00,30527.00,30523.75,30527.00,17,30527.25,30528.50,1.25
2026-06-16 10:13:04,30526.75,30527.50,30525.75,30527.50,8,30528.50,30529.75,1.25
2026-06-16 10:13:05,30528.75,30529.00,30528.75,30528.75,3,30528.50,30529.75,1.25
2026-06-16 10:13:06,30529.00,30529.00,30528.00,30528.00,6,30529.00,30530.25,1.25
2026-06-16 10:13:07,30529.75,30529.75,30528.75,30528.75,2,30528.75,30530.00,1.25
2026-06-16 10:13:08,30529.75,30529.75,30528.50,30528.50,2,30527.75,30529.00,1.25
2026-06-16 10:13:09,30528.75,30528.75,30528.75,30528.75,1,30527.75,30529.00,1.25
2026-06-16 10:13:10,30528.25,30528.25,30526.75,30526.75,2,30529.50,30530.75,1.25
2026-06-16 10:13:11,30528.75,30529.25,30528.50,30529.25,4,30529.25,30530.50,1.25
2026-06-16 10:13:12,30530.75,30531.25,30529.75,30529.75,6,30530.25,30531.50,1.25
2026-06-16 10:13:13,30530.50,30530.50,30530.50,30530.50,1,30530.00,30531.00,1.00
2026-06-16 10:13:14,30530.75,30530.75,30530.75,30530.75,1,30527.25,30528.25,1.00
2026-06-16 10:13:15,30530.00,30530.25,30530.00,30530.00,3,30525.25,30526.25,1.00
2026-06-16 10:13:16,30526.50,30526.50,30526.00,30526.00,2,30524.50,30525.75,1.25
2026-06-16 10:13:17,30527.25,30527.75,30527.25,30527.50,8,30525.00,30526.25,1.25
2026-06-16 10:13:19,30527.00,30527.50,30526.00,30526.00,6,30524.75,30525.75,1.00
2026-06-16 10:13:20,30528.75,30528.75,30525.50,30525.50,6,30527.25,30528.50,1.25
2026-06-16 10:13:21,30527.00,30527.00,30527.00,30527.00,2,30529.00,30530.00,1.00
2026-06-16 10:13:22,30528.50,30529.25,30528.00,30528.75,15,30526.75,30527.75,1.00
2026-06-16 10:13:24,30526.50,30526.75,30526.50,30526.50,4,30529.25,30530.50,1.25
2026-06-16 10:13:25,30529.00,30531.00,30529.00,30529.75,6,30530.00,30531.00,1.00
2026-06-16 10:13:26,30529.25,30529.75,30529.25,30529.75,3,30529.75,30530.75,1.00
2026-06-16 10:13:27,30530.00,30531.25,30529.75,30531.25,7,30530.00,30531.00,1.00
2026-06-16 10:13:28,30530.00,30530.00,30530.00,30530.00,1,30530.75,30532.00,1.25
2026-06-16 10:13:29,30530.50,30531.50,30530.50,30531.50,2,30530.25,30531.25,1.00
2026-06-16 10:13:30,30531.75,30531.75,30530.00,30530.50,4,30535.50,30536.50,1.00
2026-06-16 10:13:31,30531.75,30536.00,30531.75,30536.00,17,30535.00,30536.00,1.00
2026-06-16 10:13:32,30535.25,30537.00,30535.00,30535.75,6,30535.00,30536.00,1.00
2026-06-16 10:13:33,30536.50,30536.50,30536.00,30536.00,2,30532.75,30533.75,1.00
2026-06-16 10:13:34,30535.00,30536.00,30534.75,30534.75,5,30532.75,30534.00,1.25
2026-06-16 10:13:35,30533.25,30534.50,30533.25,30533.25,4,30532.50,30533.50,1.00
2026-06-16 10:13:36,30532.75,30533.00,30532.00,30532.00,4,30532.00,30533.00,1.00
2026-06-16 10:13:37,30533.50,30533.50,30533.50,30533.50,1,30529.00,30530.00,1.00
2026-06-16 10:13:38,30530.00,30530.00,30529.50,30530.00,3,30531.50,30532.75,1.25
2026-06-16 10:13:39,30530.00,30533.75,30530.00,30533.75,5,30533.00,30534.00,1.00
2026-06-16 10:13:40,30532.50,30533.50,30532.50,30533.50,3,30531.75,30532.75,1.00
2026-06-16 10:13:41,30533.00,30533.75,30532.50,30533.50,4,30530.00,30531.25,1.25
2026-06-16 10:13:42,30531.50,30531.50,30531.25,30531.25,3,30529.25,30530.25,1.00
2026-06-16 10:13:43,30530.50,30530.50,30530.50,30530.50,1,30525.25,30526.25,1.00
2026-06-16 10:13:44,30528.25,30528.25,30525.50,30525.50,10,30523.25,30524.25,1.00
2026-06-16 10:13:45,30526.25,30526.25,30522.25,30523.00,11,30524.00,30525.25,1.25
2026-06-16 10:13:46,30526.25,30526.25,30526.25,30526.25,1,30522.75,30523.75,1.00
2026-06-16 10:13:47,30526.25,30526.25,30523.50,30523.50,2,30521.25,30522.25,1.00
2026-06-16 10:13:48,30522.00,30522.00,30520.50,30520.50,10,30520.00,30520.75,0.75
2026-06-16 10:13:49,30520.75,30520.75,30519.50,30519.50,36,30520.00,30520.75,0.75
2026-06-16 10:13:50,30520.25,30520.50,30519.75,30520.50,6,30521.00,30522.00,1.00
2026-06-16 10:13:51,30523.50,30524.25,30523.50,30524.25,2,30519.50,30520.50,1.00
2026-06-16 10:13:52,30522.00,30522.25,30520.00,30522.25,9,30520.75,30521.50,0.75
2026-06-16 10:13:53,30521.50,30521.50,30520.75,30520.75,3,30522.25,30523.00,0.75
2026-06-16 10:13:54,30522.00,30522.75,30520.25,30522.75,9,30516.00,30517.00,1.00
2026-06-16 10:13:55,30520.75,30520.75,30515.75,30516.00,39,30510.50,30511.50,1.00
2026-06-16 10:13:56,30516.25,30516.25,30509.75,30509.75,122,30510.75,30511.75,1.00
2026-06-16 10:13:57,30511.50,30511.75,30510.50,30511.75,15,30512.25,30513.25,1.00
2026-06-16 10:13:58,30510.25,30512.50,30507.75,30512.50,39,30512.00,30513.00,1.00
2026-06-16 10:13:59,30511.25,30513.50,30511.00,30513.50,20,30511.75,30512.75,1.00
2026-06-16 10:14:00,30512.75,30512.75,30511.50,30511.50,5,30512.25,30513.50,1.25
2026-06-16 10:14:01,30512.50,30514.50,30511.75,30514.00,20,30510.50,30511.25,0.75
2026-06-16 10:14:02,30510.75,30514.25,30510.75,30513.75,16,30507.75,30508.25,0.50
2026-06-16 10:14:03,30510.50,30510.50,30508.00,30508.00,16,30511.50,30512.25,0.75
2026-06-16 10:14:04,30507.75,30511.50,30506.00,30511.50,55,30510.75,30511.50,0.75
2026-06-16 10:14:05,30511.75,30512.25,30511.00,30511.00,9,30511.75,30513.00,1.25
2026-06-16 10:14:06,30510.50,30513.75,30510.50,30512.25,7,30514.00,30515.00,1.00
2026-06-16 10:14:07,30513.00,30514.75,30513.00,30514.75,8,30513.00,30513.75,0.75
2026-06-16 10:14:08,30513.50,30513.50,30512.00,30512.75,7,30509.75,30511.00,1.25
2026-06-16 10:14:09,30514.25,30514.25,30509.25,30509.25,9,30509.25,30510.25,1.00
2026-06-16 10:14:10,30510.50,30510.75,30509.00,30510.25,10,30509.25,30510.25,1.00
2026-06-16 10:14:11,30510.00,30512.25,30510.00,30511.50,13,30508.25,30509.25,1.00
2026-06-16 10:14:12,30512.50,30512.50,30510.50,30510.50,3,30506.75,30507.75,1.00
2026-06-16 10:14:13,30507.50,30508.00,30505.00,30507.00,22,30507.25,30508.50,1.25
2026-06-16 10:14:14,30507.75,30507.75,30506.75,30506.75,4,30507.25,30508.50,1.25
2026-06-16 10:14:15,30507.75,30508.75,30506.50,30507.50,8,30505.75,30507.25,1.50
2026-06-16 10:14:16,30507.25,30507.25,30505.25,30506.75,24,30506.50,30507.50,1.00
2026-06-16 10:14:17,30507.25,30508.25,30506.50,30508.25,16,30508.75,30510.00,1.25
2026-06-16 10:14:18,30507.25,30511.00,30507.00,30510.75,21,30507.50,30508.75,1.25
2026-06-16 10:14:19,30509.50,30509.50,30509.25,30509.50,3,30507.25,30508.25,1.00
2026-06-16 10:14:20,30507.75,30509.25,30507.75,30508.25,4,30509.75,30510.75,1.00
2026-06-16 10:14:21,30507.75,30509.50,30507.75,30509.50,8,30505.50,30506.75,1.25
2026-06-16 10:14:22,30509.50,30509.50,30507.25,30507.25,4,30505.50,30506.75,1.25
2026-06-16 10:14:23,30506.00,30506.50,30504.75,30506.50,17,30503.25,30504.50,1.25
2026-06-16 10:14:24,30506.75,30507.00,30501.50,30504.00,75,30502.50,30503.75,1.25
2026-06-16 10:14:25,30505.25,30506.00,30503.00,30503.00,21,30499.25,30500.50,1.25
2026-06-16 10:14:26,30503.75,30503.75,30498.00,30498.75,75,30501.00,30501.75,0.75
2026-06-16 10:14:27,30499.25,30501.00,30498.75,30500.50,38,30504.00,30505.50,1.50
2026-06-16 10:14:28,30501.75,30506.50,30501.75,30504.25,46,30504.00,30505.50,1.50
2026-06-16 10:14:29,30505.00,30505.25,30502.75,30503.75,16,30503.75,30504.75,1.00
2026-06-16 10:14:30,30504.25,30504.75,30504.25,30504.50,5,30501.25,30502.25,1.00
2026-06-16 10:14:31,30504.25,30504.25,30501.00,30501.25,5,30500.00,30500.75,0.75
2026-06-16 10:14:32,30504.50,30504.75,30500.50,30500.50,7,30495.00,30496.00,1.00
2026-06-16 10:14:33,30500.00,30500.75,30495.25,30495.25,44,30496.75,30498.00,1.25
2026-06-16 10:14:34,30495.00,30498.00,30493.75,30498.00,38,30494.75,30495.75,1.00
2026-06-16 10:14:35,30496.00,30496.75,30496.00,30496.25,5,30495.00,30496.25,1.25
2026-06-16 10:14:36,30496.00,30496.75,30496.00,30496.75,3,30497.75,30498.50,0.75
2026-06-16 10:14:37,30496.00,30499.00,30495.50,30498.50,16,30495.75,30496.75,1.00
2026-06-16 10:14:38,30496.50,30497.25,30495.25,30496.25,18,30494.75,30495.75,1.00
2026-06-16 10:14:39,30495.75,30496.25,30494.50,30494.50,6,30493.75,30494.50,0.75
2026-06-16 10:14:40,30495.75,30495.75,30493.50,30494.00,14,30495.25,30496.25,1.00
2026-06-16 10:14:41,30493.75,30497.75,30493.25,30495.75,20,30496.50,30497.50,1.00
2026-06-16 10:14:42,30495.50,30497.25,30494.50,30497.25,12,30496.50,30497.50,1.00
2026-06-16 10:14:43,30497.50,30502.50,30497.50,30501.25,47,30502.25,30503.25,1.00
2026-06-16 10:14:44,30502.00,30504.00,30502.00,30502.25,7,30501.50,30502.75,1.25
2026-06-16 10:14:45,30503.25,30503.25,30501.00,30503.25,18,30499.75,30500.50,0.75
2026-06-16 10:14:46,30502.00,30502.25,30500.00,30502.25,15,30497.50,30498.25,0.75
2026-06-16 10:14:47,30500.00,30500.75,30498.00,30498.00,7,30501.00,30502.00,1.00
2026-06-16 10:14:48,30498.50,30502.25,30498.50,30502.25,9,30502.75,30503.75,1.00
2026-06-16 10:14:49,30501.00,30503.25,30501.00,30502.25,11,30503.25,30504.00,0.75
2026-06-16 10:14:50,30502.00,30502.50,30502.00,30502.50,2,30504.50,30505.50,1.00
2026-06-16 10:14:51,30504.00,30505.75,30504.00,30504.75,20,30506.00,30507.00,1.00
2026-06-16 10:14:52,30506.25,30507.75,30506.25,30507.50,41,30506.75,30507.75,1.00
2026-06-16 10:14:53,30506.25,30508.50,30506.25,30508.50,5,30504.25,30505.00,0.75
2026-06-16 10:14:54,30506.50,30506.50,30504.25,30504.25,4,30509.50,30510.50,1.00
2026-06-16 10:14:55,30506.00,30510.50,30506.00,30510.50,5,30509.00,30510.00,1.00
2026-06-16 10:14:56,30510.50,30511.25,30509.25,30509.75,10,30506.00,30507.00,1.00
2026-06-16 10:14:57,30510.25,30510.25,30505.50,30505.50,10,30503.50,30504.25,0.75
2026-06-16 10:14:58,30506.25,30507.00,30505.00,30505.00,9,30501.75,30502.75,1.00
2026-06-16 10:14:59,30503.50,30503.50,30501.50,30501.50,5,30507.00,30508.00,1.00
2026-06-16 10:15:00,30503.00,30507.75,30503.00,30507.75,18,30506.00,30507.00,1.00
2026-06-16 10:15:01,30508.25,30508.25,30505.25,30505.25,11,30508.25,30509.25,1.00
2026-06-16 10:15:02,30507.75,30508.00,30505.75,30507.25,11,30506.50,30507.50,1.00
2026-06-16 10:15:03,30508.25,30508.25,30506.00,30506.50,14,30506.50,30507.50,1.00
2026-06-16 10:15:04,30507.25,30510.50,30506.25,30508.75,7,30509.75,30510.75,1.00
2026-06-16 10:15:05,30508.50,30511.25,30508.25,30510.50,15,30514.00,30515.00,1.00
2026-06-16 10:15:06,30511.00,30513.50,30511.00,30513.50,30,30515.25,30516.25,1.00
2026-06-16 10:15:07,30515.00,30516.25,30514.00,30516.25,26,30513.50,30514.50,1.00
2026-06-16 10:15:08,30516.50,30516.75,30513.50,30513.50,16,30510.75,30511.75,1.00
2026-06-16 10:15:09,30514.00,30514.25,30510.50,30512.25,22,30509.25,30510.00,0.75
2026-06-16 10:15:10,30510.50,30510.50,30509.50,30510.00,10,30510.25,30511.50,1.25
2026-06-16 10:15:11,30511.25,30512.25,30510.00,30510.50,22,30513.25,30514.25,1.00
2026-06-16 10:15:12,30511.50,30514.75,30511.50,30514.75,4,30510.75,30511.50,0.75
2026-06-16 10:15:13,30512.75,30512.75,30510.25,30511.25,6,30507.75,30508.50,0.75
2026-06-16 10:15:14,30510.50,30510.50,30507.50,30508.75,9,30507.75,30508.50,0.75
2026-06-16 10:15:15,30507.75,30509.25,30506.25,30508.50,10,30504.50,30506.00,1.50
2026-06-16 10:15:16,30507.75,30509.25,30504.25,30505.00,24,30503.00,30504.00,1.00
2026-06-16 10:15:17,30504.75,30506.25,30503.00,30503.00,9,30500.50,30501.50,1.00
2026-06-16 10:15:18,30504.75,30504.75,30501.25,30501.25,14,30499.50,30500.50,1.00
2026-06-16 10:15:19,30501.25,30501.25,30498.75,30500.00,28,30499.00,30500.25,1.25
2026-06-16 10:15:20,30499.75,30502.00,30498.75,30499.50,34,30502.25,30503.00,0.75
2026-06-16 10:15:21,30500.25,30503.00,30500.25,30503.00,7,30505.00,30505.75,0.75
2026-06-16 10:15:22,30503.25,30505.00,30502.50,30503.75,16,30503.75,30504.75,1.00
2026-06-16 10:15:23,30505.00,30506.00,30503.50,30503.50,7,30501.50,30502.50,1.00
2026-06-16 10:15:24,30503.00,30503.00,30501.25,30501.25,6,30501.75,30502.75,1.00
2026-06-16 10:15:25,30501.75,30502.50,30501.25,30501.25,4,30501.75,30502.75,1.00
2026-06-16 10:15:26,30502.75,30502.75,30497.00,30497.00,23,30499.00,30500.00,1.00
2026-06-16 10:15:27,30497.50,30499.75,30496.50,30499.75,24,30498.00,30499.00,1.00
2026-06-16 10:15:28,30500.00,30500.00,30498.75,30498.75,7,30501.00,30501.75,0.75
2026-06-16 10:15:29,30499.50,30502.00,30499.50,30502.00,4,30502.25,30503.00,0.75
2026-06-16 10:15:30,30501.75,30502.75,30500.25,30501.50,19,30505.75,30507.00,1.25
2026-06-16 10:15:31,30503.25,30506.50,30503.25,30506.50,16,30500.50,30501.50,1.00
2026-06-16 10:15:32,30505.00,30505.50,30501.50,30501.50,9,30501.00,30502.00,1.00
2026-06-16 10:15:33,30501.00,30501.00,30500.00,30501.00,15,30502.50,30503.50,1.00
2026-06-16 10:15:34,30501.50,30502.50,30500.75,30502.00,11,30500.25,30501.25,1.00
2026-06-16 10:15:35,30501.25,30501.25,30501.25,30501.25,1,30498.75,30499.75,1.00
2026-06-16 10:15:36,30500.75,30500.75,30499.00,30499.75,7,30500.75,30501.75,1.00
2026-06-16 10:15:37,30499.25,30503.00,30499.25,30503.00,7,30497.75,30498.50,0.75
2026-06-16 10:15:38,30499.75,30499.75,30497.75,30498.75,9,30500.00,30501.00,1.00
2026-06-16 10:15:39,30497.75,30500.75,30497.25,30500.25,9,30501.75,30502.50,0.75
2026-06-16 10:15:40,30501.25,30501.25,30501.25,30501.25,1,30502.25,30503.00,0.75
2026-06-16 10:15:41,30501.50,30503.25,30501.50,30503.25,3,30504.25,30505.00,0.75
2026-06-16 10:15:42,30503.00,30507.00,30503.00,30504.75,14,30505.00,30506.00,1.00
2026-06-16 10:15:43,30505.25,30505.25,30505.25,30505.25,1,30506.00,30506.50,0.50
2026-06-16 10:15:44,30506.00,30506.00,30506.00,30506.00,1,30508.00,30509.00,1.00
2026-06-16 10:15:45,30505.75,30509.50,30505.75,30507.75,12,30507.75,30508.75,1.00
2026-06-16 10:15:46,30509.25,30511.00,30508.50,30509.00,15,30503.75,30504.75,1.00
2026-06-16 10:15:47,30509.00,30510.00,30507.00,30507.00,7,30501.25,30502.00,0.75
2026-06-16 10:15:48,30503.75,30503.75,30501.50,30502.25,10,30501.25,30502.00,0.75
2026-06-16 10:15:49,30501.25,30502.00,30501.25,30501.50,4,30501.50,30502.25,0.75
2026-06-16 10:15:50,30501.50,30502.50,30500.75,30502.50,4,30503.25,30504.25,1.00
2026-06-16 10:15:51,30500.75,30500.75,30500.00,30500.00,3,30503.50,30504.50,1.00
2026-06-16 10:15:52,30502.50,30504.00,30502.50,30504.00,10,30498.25,30499.00,0.75
2026-06-16 10:15:53,30502.75,30502.75,30497.25,30497.25,11,30500.75,30501.75,1.00
2026-06-16 10:15:54,30498.75,30500.75,30498.75,30500.75,5,30500.25,30501.25,1.00
2026-06-16 10:15:55,30502.00,30502.00,30500.75,30501.25,5,30501.50,30502.25,0.75
2026-06-16 10:15:56,30501.50,30502.00,30500.50,30500.50,6,30501.00,30502.00,1.00
2026-06-16 10:15:57,30501.50,30503.50,30501.50,30503.00,10,30501.75,30502.50,0.75
2026-06-16 10:15:58,30502.00,30502.00,30502.00,30502.00,1,30500.50,30501.25,0.75
2026-06-16 10:15:59,30501.25,30501.25,30501.25,30501.25,1,30503.25,30504.25,1.00
2026-06-16 10:16:00,30501.50,30504.00,30501.50,30504.00,5,30503.50,30504.25,0.75
2026-06-16 10:16:01,30503.00,30504.50,30502.50,30504.50,10,30502.50,30503.50,1.00
2026-06-16 10:16:02,30503.50,30503.75,30503.00,30503.50,8,30500.75,30501.50,0.75
2026-06-16 10:16:03,30503.50,30503.50,30500.00,30500.50,17,30499.25,30500.25,1.00
2026-06-16 10:16:04,30502.50,30503.00,30498.75,30499.50,12,30497.50,30498.50,1.00
2026-06-16 10:16:05,30499.25,30499.25,30497.25,30497.75,6,30499.00,30500.25,1.25
2026-06-16 10:16:06,30497.25,30500.00,30495.75,30500.00,20,30505.50,30506.50,1.00
2026-06-16 10:16:07,30500.25,30506.25,30500.25,30505.75,18,30505.00,30505.75,0.75
2026-06-16 10:16:08,30506.25,30507.25,30505.75,30506.50,9,30506.00,30506.75,0.75
2026-06-16 10:16:09,30506.00,30508.00,30505.50,30506.75,9,30505.50,30506.50,1.00
2026-06-16 10:16:10,30505.00,30506.75,30505.00,30506.75,11,30503.75,30504.50,0.75
2026-06-16 10:16:11,30507.75,30507.75,30502.25,30503.25,16,30501.00,30502.00,1.00
2026-06-16 10:16:12,30503.75,30504.25,30501.50,30501.50,4,30498.00,30499.00,1.00
2026-06-16 10:16:13,30501.75,30501.75,30498.75,30498.75,3,30497.75,30498.50,0.75
2026-06-16 10:16:14,30497.75,30498.75,30497.75,30497.75,6,30495.00,30495.75,0.75
2026-06-16 10:16:15,30498.00,30498.00,30494.50,30495.00,19,30497.00,30497.75,0.75
2026-06-16 10:16:16,30495.00,30497.50,30492.00,30497.00,47,30493.50,30494.25,0.75
2026-06-16 10:16:17,30497.00,30497.00,30493.75,30493.75,6,30493.00,30494.00,1.00
2026-06-16 10:16:18,30494.50,30494.75,30492.75,30493.75,5,30493.00,30494.00,1.00
2026-06-16 10:16:19,30493.25,30494.75,30493.25,30494.25,14,30495.50,30496.25,0.75
2026-06-16 10:16:20,30495.25,30497.00,30495.25,30496.25,11,30495.00,30495.75,0.75
2026-06-16 10:16:21,30495.50,30496.25,30495.25,30496.25,5,30492.25,30493.25,1.00
2026-06-16 10:16:22,30493.25,30494.25,30490.00,30493.75,47,30487.75,30488.50,0.75
2026-06-16 10:16:23,30491.25,30491.25,30487.00,30487.00,47,30491.25,30492.25,1.00
2026-06-16 10:16:24,30488.50,30493.25,30487.25,30493.25,39,30491.25,30492.50,1.25
2026-06-16 10:16:25,30491.50,30493.25,30491.50,30493.25,18,30493.75,30494.50,0.75
2026-06-16 10:16:26,30493.25,30494.50,30492.00,30494.50,33,30493.75,30494.50,0.75
2026-06-16 10:16:27,30494.50,30495.00,30493.25,30495.00,16,30493.25,30494.25,1.00
2026-06-16 10:16:28,30495.50,30496.25,30493.00,30494.00,14,30490.00,30490.75,0.75
2026-06-16 10:16:29,30493.50,30493.50,30490.75,30490.75,7,30490.75,30491.75,1.00
2026-06-16 10:16:30,30491.00,30491.25,30489.25,30491.25,10,30490.25,30491.00,0.75
2026-06-16 10:16:31,30492.00,30492.00,30491.00,30491.00,4,30492.50,30493.25,0.75
2026-06-16 10:16:32,30491.50,30492.25,30491.50,30492.25,2,30489.75,30490.75,1.00
2026-06-16 10:16:33,30493.25,30493.25,30489.25,30490.50,18,30482.75,30483.50,0.75
2026-06-16 10:16:34,30490.25,30490.25,30482.25,30483.25,118,30481.50,30482.50,1.00
2026-06-16 10:16:35,30484.00,30485.00,30481.75,30481.75,60,30481.50,30482.50,1.00
2026-06-16 10:16:36,30482.00,30483.00,30479.50,30481.75,83,30481.50,30482.25,0.75
2026-06-16 10:16:37,30482.00,30483.75,30480.00,30481.50,57,30479.75,30480.50,0.75
2026-06-16 10:16:38,30481.25,30482.50,30480.00,30482.00,24,30481.00,30482.00,1.00
2026-06-16 10:16:39,30480.75,30482.75,30480.75,30482.25,20,30485.50,30486.25,0.75
2026-06-16 10:16:40,30481.50,30486.50,30481.25,30486.50,19,30485.25,30486.00,0.75
2026-06-16 10:16:41,30486.00,30487.25,30485.00,30485.00,23,30478.00,30479.00,1.00
2026-06-16 10:16:42,30485.25,30485.25,30477.00,30478.25,70,30477.00,30478.00,1.00
2026-06-16 10:16:43,30477.50,30478.00,30476.00,30477.75,20,30473.00,30474.00,1.00
2026-06-16 10:16:44,30477.25,30479.00,30472.75,30473.50,70,30471.00,30472.00,1.00
2026-06-16 10:16:45,30473.00,30474.75,30468.25,30471.25,134,30469.75,30470.75,1.00
2026-06-16 10:16:46,30472.00,30472.25,30470.00,30470.75,36,30468.75,30469.75,1.00
2026-06-16 10:16:47,30470.00,30471.50,30468.50,30470.50,51,30471.75,30472.50,0.75
2026-06-16 10:16:48,30469.50,30472.50,30469.25,30472.50,29,30473.50,30474.00,0.50
2026-06-16 10:16:49,30472.50,30476.00,30470.75,30473.50,44,30473.25,30474.00,0.75
2026-06-16 10:16:50,30473.50,30474.00,30471.50,30473.25,47,30471.00,30472.00,1.00
2026-06-16 10:16:51,30472.00,30474.50,30471.50,30472.00,42,30475.75,30476.50,0.75
2026-06-16 10:16:52,30471.75,30476.25,30471.75,30476.25,21,30472.50,30473.50,1.00
2026-06-16 10:16:53,30476.00,30476.00,30473.50,30473.50,11,30471.50,30472.25,0.75
2026-06-16 10:16:54,30472.50,30474.25,30472.00,30472.25,14,30468.00,30468.75,0.75
2026-06-16 10:16:55,30471.50,30473.00,30468.50,30468.50,31,30468.25,30469.25,1.00
2026-06-16 10:16:56,30468.00,30468.75,30465.25,30467.50,70,30470.75,30471.75,1.00
2026-06-16 10:16:57,30468.25,30472.00,30468.25,30472.00,61,30469.00,30470.00,1.00
2026-06-16 10:16:58,30471.50,30472.00,30469.25,30470.00,6,30470.25,30471.00,0.75
2026-06-16 10:16:59,30469.00,30471.25,30468.50,30469.75,18,30467.00,30468.00,1.00
2026-06-16 10:17:00,30471.00,30471.00,30467.25,30467.25,16,30470.75,30471.75,1.00
2026-06-16 10:17:01,30468.00,30470.50,30467.50,30470.50,36,30470.75,30471.75,1.00
2026-06-16 10:17:02,30471.25,30477.50,30470.75,30477.00,91,30474.75,30475.75,1.00
2026-06-16 10:17:03,30477.75,30478.25,30473.50,30473.50,25,30474.00,30475.25,1.25
2026-06-16 10:17:04,30475.00,30476.00,30473.25,30474.00,18,30478.00,30479.00,1.00
2026-06-16 10:17:05,30474.00,30478.25,30474.00,30477.50,15,30475.50,30476.50,1.00
2026-06-16 10:17:06,30478.50,30479.50,30475.75,30476.00,29,30473.75,30474.75,1.00
2026-06-16 10:17:07,30475.50,30477.25,30473.25,30473.25,8,30474.25,30475.50,1.25
2026-06-16 10:17:08,30473.50,30475.50,30472.75,30475.50,14,30478.00,30479.25,1.25
2026-06-16 10:17:09,30474.25,30479.00,30474.00,30478.00,15,30478.00,30479.25,1.25
2026-06-16 10:17:10,30478.00,30479.50,30478.00,30478.00,7,30477.50,30478.50,1.00
2026-06-16 10:17:11,30478.00,30478.75,30476.75,30477.75,8,30479.25,30480.00,0.75
2026-06-16 10:17:12,30479.00,30479.50,30478.00,30479.00,15,30476.25,30477.25,1.00
2026-06-16 10:17:13,30480.00,30480.75,30475.00,30476.00,10,30479.00,30479.75,0.75
2026-06-16 10:17:14,30478.25,30478.25,30478.25,30478.25,1,30478.50,30479.50,1.00
2026-06-16 10:17:15,30477.75,30479.25,30476.00,30479.25,11,30477.25,30478.25,1.00
2026-06-16 10:17:16,30479.75,30480.25,30478.00,30479.00,11,30479.25,30480.00,0.75
2026-06-16 10:17:17,30478.00,30479.50,30477.75,30479.50,6,30478.50,30479.50,1.00
2026-06-16 10:17:18,30479.25,30479.25,30478.50,30478.50,9,30479.00,30480.00,1.00
2026-06-16 10:17:19,30478.00,30478.50,30477.50,30478.50,14,30479.75,30480.50,0.75
2026-06-16 10:17:20,30479.50,30480.75,30478.75,30480.25,10,30482.00,30482.75,0.75
2026-06-16 10:17:21,30480.75,30483.00,30480.75,30482.75,15,30480.75,30481.75,1.00
2026-06-16 10:17:22,30482.00,30483.00,30480.25,30481.25,16,30480.25,30481.25,1.00
2026-06-16 10:17:23,30481.25,30481.50,30481.25,30481.25,3,30481.50,30482.00,0.50
2026-06-16 10:17:24,30482.25,30483.00,30480.75,30480.75,6,30475.75,30476.50,0.75
2026-06-16 10:17:25,30482.00,30482.50,30476.25,30476.25,18,30475.00,30476.00,1.00
2026-06-16 10:17:26,30476.00,30476.50,30475.00,30475.75,17,30471.50,30472.50,1.00
2026-06-16 10:17:27,30475.25,30475.25,30472.25,30472.25,32,30473.00,30473.75,0.75
2026-06-16 10:17:28,30472.75,30473.25,30472.00,30472.75,14,30471.25,30472.00,0.75
2026-06-16 10:17:29,30472.50,30473.25,30471.00,30471.50,24,30471.50,30472.25,0.75
2026-06-16 10:17:30,30471.75,30473.50,30471.25,30473.50,13,30471.75,30472.50,0.75
2026-06-16 10:17:31,30473.00,30473.00,30471.75,30473.00,8,30471.00,30471.75,0.75
2026-06-16 10:17:32,30471.75,30472.75,30471.00,30471.00,19,30473.00,30473.75,0.75
2026-06-16 10:17:33,30471.00,30473.50,30470.50,30473.50,15,30469.75,30470.50,0.75
2026-06-16 10:17:34,30473.25,30473.75,30470.00,30470.00,13,30467.25,30468.25,1.00
2026-06-16 10:17:35,30469.75,30470.75,30467.00,30468.00,27,30467.25,30468.25,1.00
2026-06-16 10:17:36,30467.75,30469.00,30466.50,30467.50,22,30465.50,30466.25,0.75
2026-06-16 10:17:37,30467.75,30468.00,30465.50,30465.75,18,30465.00,30466.00,1.00
2026-06-16 10:17:38,30465.00,30465.50,30463.25,30464.75,39,30467.50,30468.25,0.75
2026-06-16 10:17:39,30465.50,30467.25,30464.50,30466.75,22,30469.00,30469.75,0.75
2026-06-16 10:17:40,30467.75,30470.00,30467.50,30469.50,14,30463.75,30464.50,0.75
2026-06-16 10:17:41,30469.00,30469.75,30464.25,30464.25,12,30465.50,30466.00,0.50
2026-06-16 10:17:42,30463.75,30466.00,30463.50,30464.00,10,30465.50,30466.00,0.50
2026-06-16 10:17:43,30465.50,30471.50,30465.50,30470.75,14,30470.25,30471.25,1.00
2026-06-16 10:17:44,30472.25,30474.00,30470.50,30471.50,32,30468.25,30469.00,0.75
2026-06-16 10:17:45,30471.00,30471.00,30469.25,30469.25,16,30472.25,30473.25,1.00
2026-06-16 10:17:46,30470.75,30472.75,30470.50,30472.75,9,30473.00,30473.75,0.75
2026-06-16 10:17:47,30473.25,30474.00,30471.75,30474.00,15,30471.25,30472.25,1.00
2026-06-16 10:17:48,30473.25,30473.25,30471.25,30472.00,5,30473.00,30474.00,1.00
2026-06-16 10:17:49,30471.75,30474.25,30471.00,30474.25,10,30472.00,30472.75,0.75
2026-06-16 10:17:50,30472.75,30473.25,30471.00,30471.00,29,30469.00,30469.75,0.75
2026-06-16 10:17:51,30470.75,30470.75,30470.75,30470.75,1,30469.75,30470.75,1.00
2026-06-16 10:17:52,30470.50,30471.25,30470.25,30471.25,9,30476.25,30477.25,1.00
2026-06-16 10:17:53,30473.00,30476.25,30473.00,30476.25,4,30476.25,30477.25,1.00
2026-06-16 10:17:54,30476.25,30477.00,30475.25,30475.50,9,30468.50,30469.25,0.75
2026-06-16 10:17:55,30473.75,30473.75,30469.25,30469.25,10,30469.25,30470.00,0.75
2026-06-16 10:17:56,30468.75,30469.00,30467.75,30469.00,6,30471.00,30471.75,0.75
2026-06-16 10:17:57,30470.00,30470.00,30470.00,30470.00,4,30471.25,30472.25,1.00
2026-06-16 10:17:58,30471.75,30471.75,30470.50,30471.25,3,30471.25,30472.25,1.00
2026-06-16 10:17:59,30471.00,30471.00,30471.00,30471.00,1,30469.50,30470.75,1.25
2026-06-16 10:18:00,30470.25,30470.25,30470.00,30470.00,3,30469.50,30470.75,1.25
2026-06-16 10:18:01,30470.00,30471.75,30468.75,30470.50,26,30470.75,30471.50,0.75
2026-06-16 10:18:02,30470.75,30471.50,30468.75,30471.50,8,30473.00,30473.75,0.75
2026-06-16 10:18:03,30471.50,30473.50,30471.50,30473.50,22,30473.25,30474.00,0.75
2026-06-16 10:18:04,30473.25,30475.50,30473.00,30473.25,28,30473.00,30473.75,0.75
2026-06-16 10:18:05,30474.00,30474.25,30473.25,30473.75,7,30471.25,30472.00,0.75
2026-06-16 10:18:06,30473.25,30473.25,30471.25,30471.75,6,30470.75,30471.75,1.00
2026-06-16 10:18:07,30471.50,30471.75,30470.00,30470.00,7,30469.75,30470.50,0.75
2026-06-16 10:18:09,30469.00,30471.75,30469.00,30469.75,31,30474.00,30475.25,1.25
2026-06-16 10:18:10,30471.00,30474.75,30470.75,30474.50,13,30476.50,30477.25,0.75
2026-06-16 10:18:11,30473.75,30477.00,30473.00,30476.25,12,30476.75,30477.50,0.75
2026-06-16 10:18:12,30476.25,30477.75,30475.75,30477.00,9,30478.75,30479.50,0.75
2026-06-16 10:18:13,30477.25,30479.25,30476.25,30479.25,9,30479.75,30480.50,0.75
2026-06-16 10:18:14,30479.50,30481.25,30478.00,30480.25,19,30476.25,30477.25,1.00
2026-06-16 10:18:15,30480.25,30480.25,30478.25,30478.25,7,30475.25,30476.25,1.00
2026-06-16 10:18:16,30476.25,30476.50,30475.25,30475.25,5,30475.00,30476.00,1.00
2026-06-16 10:18:17,30475.50,30477.25,30473.75,30475.75,37,30474.50,30475.25,0.75
2026-06-16 10:18:18,30474.75,30475.75,30473.50,30474.00,19,30472.00,30473.00,1.00
2026-06-16 10:18:19,30473.75,30473.75,30473.75,30473.75,1,30477.00,30478.00,1.00
2026-06-16 10:18:20,30473.00,30477.50,30473.00,30477.50,5,30478.50,30479.50,1.00
2026-06-16 10:18:21,30479.25,30480.25,30479.25,30480.25,2,30481.25,30482.00,0.75
2026-06-16 10:18:22,30479.00,30482.50,30479.00,30481.75,11,30481.75,30482.50,0.75
2026-06-16 10:18:23,30482.00,30482.50,30481.00,30481.25,15,30483.00,30483.75,0.75
2026-06-16 10:18:24,30482.50,30486.25,30481.50,30485.00,76,30486.25,30486.75,0.50
2026-06-16 10:18:25,30485.25,30486.75,30484.00,30486.75,26,30482.00,30482.75,0.75
2026-06-16 10:18:26,30486.75,30488.25,30482.75,30483.50,34,30485.00,30486.00,1.00
2026-06-16 10:18:27,30482.50,30484.75,30481.25,30484.50,30,30486.00,30486.75,0.75
2026-06-16 10:18:28,30486.00,30486.75,30485.75,30486.50,5,30486.00,30486.75,0.75
2026-06-16 10:18:29,30486.00,30487.00,30486.00,30486.75,15,30486.50,30487.75,1.25
2026-06-16 10:18:30,30487.25,30488.00,30485.75,30486.50,14,30485.25,30486.00,0.75
2026-06-16 10:18:31,30486.50,30486.75,30483.75,30486.75,12,30483.75,30484.75,1.00
2026-06-16 10:18:32,30485.25,30486.50,30485.25,30485.75,8,30485.75,30486.75,1.00
2026-06-16 10:18:33,30484.50,30486.25,30484.50,30486.25,14,30487.00,30487.75,0.75
2026-06-16 10:18:34,30487.00,30487.50,30485.50,30487.00,13,30478.75,30479.50,0.75
2026-06-16 10:18:35,30487.75,30487.75,30478.50,30478.50,20,30475.50,30476.25,0.75
2026-06-16 10:18:36,30479.00,30479.00,30474.75,30476.00,23,30475.00,30475.75,0.75
2026-06-16 10:18:37,30475.50,30476.25,30474.50,30475.50,11,30475.50,30476.50,1.00
2026-06-16 10:18:38,30475.25,30477.00,30475.25,30477.00,2,30472.50,30473.50,1.00
2026-06-16 10:18:39,30476.75,30477.25,30471.50,30473.50,59,30467.25,30468.00,0.75
2026-06-16 10:18:40,30473.50,30473.50,30467.00,30467.00,27,30469.50,30470.50,1.00
2026-06-16 10:18:41,30467.25,30470.50,30467.00,30470.25,35,30468.50,30469.50,1.00
2026-06-16 10:18:42,30469.75,30470.75,30466.00,30469.00,62,30473.75,30474.50,0.75
2026-06-16 10:18:43,30469.25,30473.00,30469.25,30473.00,30,30471.25,30472.25,1.00
2026-06-16 10:18:44,30474.00,30474.00,30472.25,30472.50,20,30470.25,30471.00,0.75
2026-06-16 10:18:45,30470.75,30471.50,30470.50,30471.00,7,30471.00,30471.75,0.75
2026-06-16 10:18:46,30470.50,30472.00,30470.00,30471.50,23,30468.75,30469.75,1.00
2026-06-16 10:18:47,30470.75,30470.75,30467.00,30469.00,17,30469.75,30470.50,0.75
2026-06-16 10:18:48,30468.50,30470.50,30468.00,30470.50,11,30468.75,30469.75,1.00
2026-06-16 10:18:49,30469.50,30469.50,30468.50,30468.50,3,30467.25,30468.25,1.00
2026-06-16 10:18:50,30468.75,30469.25,30468.50,30468.50,9,30466.75,30467.50,0.75
2026-06-16 10:18:51,30467.00,30468.00,30465.50,30468.00,23,30463.25,30464.00,0.75
2026-06-16 10:18:52,30466.00,30466.00,30462.75,30463.00,40,30463.00,30463.75,0.75
2026-06-16 10:18:53,30464.00,30464.50,30462.50,30463.25,37,30462.75,30463.75,1.00
2026-06-16 10:18:54,30463.00,30464.50,30462.25,30462.75,33,30465.25,30466.00,0.75
2026-06-16 10:18:55,30463.50,30467.50,30463.50,30467.50,20,30463.25,30464.00,0.75
2026-06-16 10:18:56,30464.75,30464.75,30462.25,30462.25,18,30465.75,30466.25,0.50
2026-06-16 10:18:57,30463.25,30466.00,30463.25,30465.75,15,30465.75,30466.50,0.75
2026-06-16 10:18:58,30466.25,30466.75,30466.00,30466.00,7,30464.75,30465.75,1.00
2026-06-16 10:18:59,30468.00,30468.75,30465.00,30465.00,16,30465.25,30466.25,1.00
2026-06-16 10:19:00,30465.75,30466.75,30465.25,30466.25,8,30464.50,30465.25,0.75
2026-06-16 10:19:01,30465.25,30467.00,30464.50,30464.50,27,30463.50,30464.25,0.75
2026-06-16 10:19:02,30464.50,30466.00,30463.50,30464.25,41,30462.25,30463.25,1.00
2026-06-16 10:19:03,30463.25,30464.25,30462.75,30464.25,39,30461.50,30462.25,0.75
2026-06-16 10:19:04,30462.25,30463.00,30461.50,30462.75,36,30464.00,30464.75,0.75
2026-06-16 10:19:05,30461.75,30465.25,30461.75,30464.25,28,30459.75,30460.50,0.75
2026-06-16 10:19:06,30463.50,30464.00,30459.75,30459.75,49,30458.50,30459.50,1.00
2026-06-16 10:19:07,30459.75,30459.75,30457.00,30458.25,57,30458.25,30459.00,0.75
2026-06-16 10:19:08,30458.50,30459.00,30456.00,30459.00,72,30463.50,30464.25,0.75
2026-06-16 10:19:09,30456.75,30463.50,30456.75,30463.50,60,30460.50,30461.50,1.00
2026-06-16 10:19:10,30463.25,30463.25,30459.75,30460.25,34,30457.75,30458.50,0.75
2026-06-16 10:19:11,30461.50,30461.50,30456.75,30456.75,15,30459.75,30460.50,0.75
2026-06-16 10:19:12,30459.00,30460.25,30456.00,30459.75,21,30458.25,30459.50,1.25
2026-06-16 10:19:13,30460.00,30460.25,30456.75,30458.00,16,30458.25,30459.50,1.25
2026-06-16 10:19:14,30458.75,30460.00,30458.25,30460.00,13,30460.75,30461.50,0.75
2026-06-16 10:19:15,30459.50,30461.50,30459.00,30460.75,25,30462.00,30462.75,0.75
2026-06-16 10:19:16,30460.75,30463.00,30460.00,30462.75,17,30461.75,30462.50,0.75
2026-06-16 10:19:17,30462.75,30463.25,30462.50,30462.50,6,30462.00,30462.75,0.75
2026-06-16 10:19:18,30462.25,30464.00,30460.75,30464.00,14,30460.75,30461.75,1.00
2026-06-16 10:19:19,30462.75,30463.50,30459.75,30462.00,22,30459.25,30459.75,0.50
2026-06-16 10:19:20,30460.75,30461.75,30459.75,30459.75,7,30462.00,30462.75,0.75
2026-06-16 10:19:21,30459.25,30462.75,30459.00,30462.75,11,30458.25,30459.25,1.00
2026-06-16 10:19:22,30461.00,30462.25,30459.75,30459.75,8,30454.25,30455.00,0.75
2026-06-16 10:19:23,30458.50,30458.50,30454.25,30454.50,34,30453.25,30454.00,0.75
2026-06-16 10:19:24,30454.00,30455.25,30453.50,30454.00,16,30452.25,30453.00,0.75
2026-06-16 10:19:25,30453.00,30454.00,30451.25,30453.00,25,30454.25,30455.25,1.00
2026-06-16 10:19:26,30452.75,30455.25,30452.25,30454.00,86,30452.25,30453.00,0.75
2026-06-16 10:19:27,30455.25,30456.00,30452.25,30452.75,24,30453.25,30454.00,0.75
2026-06-16 10:19:28,30452.50,30454.25,30450.25,30453.25,35,30453.75,30454.50,0.75
2026-06-16 10:19:29,30453.00,30455.00,30453.00,30455.00,8,30452.00,30452.75,0.75
2026-06-16 10:19:30,30454.25,30456.75,30454.25,30454.75,40,30451.75,30452.50,0.75
2026-06-16 10:19:31,30450.25,30451.75,30449.25,30451.75,23,30452.50,30453.25,0.75
2026-06-16 10:19:32,30452.50,30453.00,30452.00,30453.00,10,30450.25,30451.25,1.00
2026-06-16 10:19:33,30452.50,30453.75,30451.25,30451.25,9,30450.50,30451.25,0.75
2026-06-16 10:19:34,30451.00,30452.25,30450.75,30451.25,15,30446.75,30447.25,0.50
2026-06-16 10:19:35,30449.50,30449.75,30446.75,30447.25,45,30446.75,30447.50,0.75
2026-06-16 10:19:36,30447.25,30448.25,30446.75,30447.25,17,30445.25,30446.00,0.75
2026-06-16 10:19:37,30447.25,30447.50,30445.00,30445.50,53,30435.75,30437.25,1.50
2026-06-16 10:19:38,30445.25,30445.25,30434.25,30435.50,360,30438.25,30439.00,0.75
2026-06-16 10:19:39,30435.75,30441.25,30434.25,30438.25,74,30439.50,30440.75,1.25
2026-06-16 10:19:40,30439.00,30440.50,30438.00,30439.50,49,30439.50,30440.75,1.25
2026-06-16 10:19:41,30440.25,30440.75,30436.50,30436.50,25,30437.00,30437.75,0.75
2026-06-16 10:19:42,30437.00,30437.00,30433.25,30436.25,30,30432.25,30433.00,0.75
2026-06-16 10:19:43,30438.00,30439.75,30432.25,30432.25,104,30425.50,30426.25,0.75
2026-06-16 10:19:44,30431.50,30431.50,30425.25,30425.25,74,30423.25,30424.00,0.75
2026-06-16 10:19:45,30425.50,30427.75,30423.50,30423.75,92,30424.50,30425.50,1.00
2026-06-16 10:19:46,30424.25,30427.75,30423.25,30426.50,30,30424.25,30425.25,1.00
2026-06-16 10:19:47,30424.75,30427.25,30423.00,30424.75,42,30425.50,30426.25,0.75
2026-06-16 10:19:48,30424.00,30427.00,30423.50,30427.00,69,30426.75,30427.50,0.75
2026-06-16 10:19:49,30425.50,30427.75,30424.50,30427.00,33,30426.00,30426.75,0.75
2026-06-16 10:19:50,30427.00,30427.75,30425.25,30426.50,24,30425.75,30426.75,1.00
2026-06-16 10:19:51,30426.75,30427.00,30422.50,30426.75,48,30426.75,30427.75,1.00
2026-06-16 10:19:52,30427.25,30428.50,30424.25,30428.50,49,30430.25,30431.00,0.75
2026-06-16 10:19:53,30426.50,30431.00,30426.00,30431.00,30,30432.75,30433.50,0.75
2026-06-16 10:19:54,30430.25,30434.00,30429.50,30432.00,32,30437.00,30437.75,0.75
2026-06-16 10:19:55,30433.50,30438.25,30433.25,30438.25,51,30439.50,30440.25,0.75
2026-06-16 10:19:56,30435.75,30441.50,30435.75,30439.75,26,30436.00,30436.75,0.75
2026-06-16 10:19:57,30440.50,30440.50,30436.25,30436.25,31,30435.25,30436.25,1.00
2026-06-16 10:19:58,30436.75,30436.75,30434.00,30435.75,16,30434.25,30435.25,1.00
2026-06-16 10:19:59,30435.25,30436.00,30432.75,30434.50,19,30431.00,30432.00,1.00
2026-06-16 10:20:00,30433.75,30433.75,30431.00,30431.00,15,30433.50,30435.25,1.75
2026-06-16 10:20:01,30431.50,30435.75,30431.50,30435.75,86,30436.00,30437.00,1.00
2026-06-16 10:20:02,30434.25,30437.00,30433.75,30436.00,40,30435.00,30436.25,1.25
2026-06-16 10:20:03,30436.00,30437.25,30433.75,30436.75,58,30442.75,30443.75,1.00
2026-06-16 10:20:04,30436.25,30444.25,30436.25,30442.25,81,30444.25,30445.25,1.00
2026-06-16 10:20:05,30443.50,30445.75,30440.25,30445.25,54,30443.50,30444.75,1.25
2026-06-16 10:20:06,30444.25,30445.75,30442.50,30443.50,38,30443.50,30444.75,1.25
2026-06-16 10:20:07,30443.75,30446.75,30443.75,30446.50,29,30441.25,30442.50,1.25
2026-06-16 10:20:08,30444.50,30446.25,30441.25,30441.25,31,30442.00,30443.00,1.00
2026-06-16 10:20:09,30441.50,30444.00,30441.50,30442.25,16,30440.75,30441.75,1.00
2026-06-16 10:20:10,30442.25,30442.25,30440.00,30440.25,16,30443.25,30444.25,1.00
2026-06-16 10:20:11,30441.75,30443.75,30441.50,30443.50,7,30437.25,30438.50,1.25
2026-06-16 10:20:12,30442.75,30444.00,30437.25,30438.75,12,30437.50,30438.50,1.00
2026-06-16 10:20:13,30438.50,30439.75,30437.25,30438.00,26,30440.00,30441.00,1.00
2026-06-16 10:20:14,30440.00,30440.75,30439.75,30440.00,4,30441.25,30442.25,1.00
2026-06-16 10:20:15,30440.25,30441.50,30440.25,30441.00,6,30442.00,30443.00,1.00
2026-06-16 10:20:16,30441.50,30443.00,30441.00,30443.00,9,30445.25,30446.50,1.25
2026-06-16 10:20:17,30443.00,30446.25,30441.75,30446.25,15,30445.75,30447.00,1.25
2026-06-16 10:20:18,30446.75,30447.50,30444.25,30445.75,10,30441.25,30442.50,1.25
2026-06-16 10:20:19,30447.00,30447.50,30442.00,30442.50,15,30438.50,30439.50,1.00
2026-06-16 10:20:20,30440.50,30442.75,30439.50,30439.50,15,30439.75,30440.75,1.00
2026-06-16 10:20:21,30438.50,30439.75,30438.50,30439.75,3,30439.75,30440.75,1.00
2026-06-16 10:20:22,30439.00,30440.50,30438.75,30440.50,20,30440.00,30441.00,1.00
2026-06-16 10:20:23,30441.00,30441.00,30439.50,30440.50,6,30439.00,30440.00,1.00
2026-06-16 10:20:24,30441.75,30441.75,30439.25,30439.25,6,30440.00,30441.00,1.00
2026-06-16 10:20:25,30439.00,30443.00,30439.00,30440.75,7,30437.50,30438.50,1.00
2026-06-16 10:20:26,30438.75,30439.75,30437.50,30437.50,5,30430.25,30431.25,1.00
2026-06-16 10:20:27,30438.50,30438.50,30429.50,30429.50,28,30429.50,30430.75,1.25
2026-06-16 10:20:28,30430.50,30431.25,30428.75,30428.75,23,30432.75,30434.00,1.25
2026-06-16 10:20:29,30430.25,30434.50,30429.75,30433.75,26,30432.25,30433.50,1.25
2026-06-16 10:20:30,30432.75,30433.50,30432.75,30433.50,3,30424.75,30425.50,0.75
2026-06-16 10:20:31,30432.75,30432.75,30425.00,30425.00,16,30420.75,30421.50,0.75
2026-06-16 10:20:32,30424.75,30424.75,30420.75,30421.75,49,30420.75,30421.50,0.75
2026-06-16 10:20:33,30420.50,30421.00,30417.50,30418.25,80,30416.50,30417.25,0.75
2026-06-16 10:20:34,30418.50,30418.75,30416.75,30416.75,48,30416.00,30417.00,1.00
2026-06-16 10:20:35,30417.25,30418.50,30414.00,30415.75,102,30417.00,30417.75,0.75
2026-06-16 10:20:36,30417.50,30418.50,30414.75,30417.25,38,30420.25,30421.00,0.75
2026-06-16 10:20:37,30417.75,30421.50,30417.25,30421.00,86,30426.50,30427.50,1.00
2026-06-16 10:20:38,30421.00,30427.00,30419.75,30427.00,67,30425.50,30426.50,1.00
2026-06-16 10:20:39,30427.50,30429.50,30425.25,30426.50,75,30427.00,30427.75,0.75
2026-06-16 10:20:40,30424.75,30427.00,30424.75,30427.00,11,30428.00,30429.00,1.00
2026-06-16 10:20:41,30429.25,30430.50,30427.50,30428.75,23,30428.00,30429.00,1.00
2026-06-16 10:20:42,30428.00,30430.00,30427.50,30427.50,18,30425.50,30426.50,1.00
2026-06-16 10:20:43,30429.00,30429.00,30426.75,30427.25,28,30420.50,30421.50,1.00
2026-06-16 10:20:44,30425.75,30425.75,30420.00,30420.50,15,30417.25,30418.00,0.75
2026-06-16 10:20:45,30419.50,30420.50,30417.50,30417.50,28,30419.50,30420.50,1.00
2026-06-16 10:20:46,30417.25,30419.75,30417.00,30419.75,22,30419.25,30420.25,1.00
2026-06-16 10:20:47,30420.00,30420.25,30418.00,30420.25,21,30418.00,30419.00,1.00
2026-06-16 10:20:48,30420.50,30420.50,30417.50,30419.00,12,30418.00,30419.00,1.00
2026-06-16 10:20:49,30418.25,30422.75,30418.25,30421.25,13,30420.25,30421.25,1.00
2026-06-16 10:20:50,30420.50,30422.75,30419.75,30420.50,13,30422.50,30423.25,0.75
2026-06-16 10:20:51,30420.25,30421.00,30419.75,30421.00,4,30426.00,30426.75,0.75
2026-06-16 10:20:52,30423.25,30428.25,30423.25,30426.75,22,30425.75,30426.75,1.00
2026-06-16 10:20:53,30425.75,30427.50,30423.25,30426.50,29,30431.00,30432.00,1.00
2026-06-16 10:20:54,30429.50,30433.75,30429.00,30433.75,29,30436.75,30437.50,0.75
2026-06-16 10:20:55,30431.00,30437.75,30430.75,30437.75,40,30431.25,30432.25,1.00
2026-06-16 10:20:56,30437.00,30437.75,30432.25,30432.25,39,30434.00,30434.75,0.75
2026-06-16 10:20:57,30430.50,30435.25,30430.50,30435.25,24,30436.50,30437.75,1.25
2026-06-16 10:20:58,30434.00,30437.50,30434.00,30437.50,16,30438.75,30440.25,1.50
2026-06-16 10:20:59,30438.00,30440.00,30437.25,30440.00,45,30437.50,30438.25,0.75
2026-06-16 10:21:00,30439.75,30439.75,30437.50,30438.00,30,30446.75,30448.50,1.75
2026-06-16 10:21:01,30437.50,30448.25,30437.25,30448.25,95,30453.75,30456.00,2.25
2026-06-16 10:21:02,30447.75,30455.00,30444.75,30455.00,97,30449.75,30451.75,2.00
2026-06-16 10:21:03,30453.75,30454.00,30449.50,30451.50,72,30450.75,30453.00,2.25
2026-06-16 10:21:04,30450.75,30453.75,30450.00,30452.50,44,30449.25,30450.50,1.25
2026-06-16 10:21:05,30454.25,30456.75,30451.50,30452.50,51,30450.25,30451.25,1.00
2026-06-16 10:21:06,30450.75,30452.25,30446.75,30452.25,63,30450.75,30451.75,1.00
2026-06-16 10:21:07,30449.75,30452.00,30447.25,30452.00,22,30450.25,30451.75,1.50
2026-06-16 10:21:08,30450.50,30452.50,30450.25,30451.00,14,30450.75,30451.75,1.00
2026-06-16 10:21:09,30451.25,30452.50,30449.50,30451.00,21,30453.50,30454.50,1.00
2026-06-16 10:21:10,30453.50,30454.75,30453.50,30454.25,4,30450.75,30451.50,0.75
2026-06-16 10:21:11,30453.50,30453.50,30449.00,30450.75,14,30455.25,30456.75,1.50
2026-06-16 10:21:12,30451.25,30456.75,30450.75,30456.75,13,30461.00,30462.00,1.00
2026-06-16 10:21:13,30456.75,30463.50,30455.75,30461.25,56,30455.75,30457.25,1.50
2026-06-16 10:21:14,30461.50,30462.25,30456.50,30457.25,39,30449.75,30451.00,1.25
2026-06-16 10:21:15,30457.25,30457.25,30450.00,30450.50,43,30450.75,30451.75,1.00
2026-06-16 10:21:16,30451.75,30452.75,30449.50,30452.00,47,30450.50,30451.75,1.25
2026-06-16 10:21:17,30450.75,30450.75,30449.25,30450.25,12,30449.75,30451.00,1.25
2026-06-16 10:21:18,30450.50,30451.75,30450.00,30450.25,4,30452.75,30453.75,1.00
2026-06-16 10:21:19,30451.00,30453.50,30451.00,30453.00,12,30452.50,30453.25,0.75
2026-06-16 10:21:20,30453.00,30453.75,30452.00,30452.25,13,30450.50,30451.50,1.00
2026-06-16 10:21:21,30451.25,30452.00,30451.25,30452.00,4,30451.75,30452.75,1.00
2026-06-16 10:21:22,30451.25,30452.75,30450.25,30452.75,6,30446.00,30447.00,1.00
2026-06-16 10:21:23,30452.25,30452.25,30447.25,30448.75,17,30444.75,30446.00,1.25
2026-06-16 10:21:24,30445.00,30445.50,30445.00,30445.50,3,30436.50,30437.75,1.25
2026-06-16 10:21:25,30445.00,30445.00,30436.75,30437.50,47,30436.50,30437.75,1.25
2026-06-16 10:21:26,30436.75,30436.75,30431.50,30433.75,53,30432.50,30433.75,1.25
2026-06-16 10:21:27,30433.00,30434.25,30430.50,30433.25,42,30431.50,30432.25,0.75
2026-06-16 10:21:28,30433.25,30435.50,30431.50,30432.75,27,30431.00,30432.00,1.00
2026-06-16 10:21:29,30432.75,30432.75,30431.00,30431.00,13,30432.50,30433.50,1.00
2026-06-16 10:21:30,30431.75,30433.25,30431.00,30432.50,12,30428.00,30429.00,1.00
2026-06-16 10:21:31,30430.50,30431.00,30428.25,30428.25,12,30426.25,30427.25,1.00
2026-06-16 10:21:32,30428.00,30428.75,30426.25,30426.25,27,30425.25,30426.25,1.00
2026-06-16 10:21:33,30427.50,30427.75,30425.00,30425.50,36,30424.75,30425.75,1.00
2026-06-16 10:21:34,30424.50,30426.50,30423.75,30426.50,12,30423.50,30424.50,1.00
2026-06-16 10:21:35,30425.75,30425.75,30424.00,30424.75,6,30424.00,30425.00,1.00
2026-06-16 10:21:36,30424.50,30426.00,30422.50,30424.50,26,30422.00,30423.00,1.00
2026-06-16 10:21:37,30423.75,30424.00,30421.75,30421.75,14,30422.00,30423.00,1.00
2026-06-16 10:21:38,30422.00,30424.50,30422.00,30424.50,11,30427.75,30428.50,0.75
2026-06-16 10:21:39,30424.25,30429.75,30424.25,30429.25,43,30428.25,30429.00,0.75
2026-06-16 10:21:40,30427.00,30429.00,30426.75,30428.75,13,30426.00,30427.00,1.00
2026-06-16 10:21:41,30428.75,30428.75,30426.00,30427.00,10,30425.50,30426.50,1.00
2026-06-16 10:21:42,30426.00,30428.00,30425.50,30427.50,14,30425.50,30426.50,1.00
2026-06-16 10:21:43,30426.75,30426.75,30423.00,30423.75,18,30422.25,30423.25,1.00
2026-06-16 10:21:44,30423.00,30425.25,30421.75,30424.50,114,30424.00,30424.75,0.75
2026-06-16 10:21:45,30422.25,30424.25,30421.25,30424.25,11,30421.00,30421.75,0.75
2026-06-16 10:21:46,30424.75,30426.00,30421.00,30421.00,24,30420.75,30421.75,1.00
2026-06-16 10:21:47,30422.25,30423.00,30421.25,30421.50,12,30420.50,30421.50,1.00
2026-06-16 10:21:48,30421.00,30423.50,30420.50,30421.75,18,30418.50,30419.50,1.00
2026-06-16 10:21:49,30420.75,30421.75,30418.50,30419.50,41,30423.75,30424.75,1.00
2026-06-16 10:21:50,30421.75,30424.00,30420.25,30424.00,40,30430.00,30430.75,0.75
2026-06-16 10:21:51,30424.50,30433.25,30423.50,30429.75,56,30437.25,30438.50,1.25
2026-06-16 10:21:52,30431.00,30439.00,30429.50,30437.75,46,30434.00,30435.00,1.00
2026-06-16 10:21:53,30436.75,30436.75,30431.50,30434.25,22,30431.25,30432.00,0.75
2026-06-16 10:21:54,30434.75,30435.00,30431.75,30431.75,9,30426.75,30427.50,0.75
2026-06-16 10:21:55,30431.25,30431.50,30427.25,30427.25,24,30424.50,30425.25,0.75
2026-06-16 10:21:56,30426.75,30426.75,30423.00,30425.50,19,30426.25,30427.25,1.00
2026-06-16 10:21:57,30424.50,30426.75,30424.50,30426.75,20,30429.25,30430.00,0.75
2026-06-16 10:21:58,30427.25,30430.25,30427.25,30429.50,11,30430.75,30431.75,1.00
2026-06-16 10:21:59,30429.25,30432.00,30429.25,30432.00,17,30427.50,30428.50,1.00
2026-06-16 10:22:00,30430.50,30431.75,30427.00,30428.00,8,30427.25,30428.50,1.25
2026-06-16 10:22:01,30428.25,30430.25,30427.50,30427.75,10,30424.50,30425.50,1.00
2026-06-16 10:22:02,30427.50,30427.50,30424.25,30425.75,11,30423.00,30424.25,1.25
2026-06-16 10:22:03,30424.00,30425.50,30423.00,30423.25,19,30422.25,30423.50,1.25
2026-06-16 10:22:04,30423.00,30426.50,30423.00,30423.25,11,30418.75,30419.75,1.00
2026-06-16 10:22:05,30423.25,30423.25,30418.75,30418.75,47,30415.00,30416.25,1.25
2026-06-16 10:22:06,30418.75,30419.25,30415.25,30415.25,44,30416.75,30417.75,1.00
2026-06-16 10:22:07,30416.75,30418.75,30415.50,30416.75,16,30411.00,30412.00,1.00
2026-06-16 10:22:08,30418.50,30418.50,30411.25,30411.75,54,30413.00,30414.00,1.00
2026-06-16 10:22:09,30412.00,30415.25,30410.75,30413.00,52,30413.50,30414.50,1.00
2026-06-16 10:22:10,30413.75,30416.00,30413.75,30415.75,25,30410.50,30411.25,0.75
2026-06-16 10:22:11,30412.75,30413.75,30410.50,30410.50,29,30408.75,30409.75,1.00
2026-06-16 10:22:12,30410.00,30411.25,30407.75,30409.50,131,30406.00,30406.75,0.75
2026-06-16 10:22:13,30409.00,30409.75,30405.50,30407.25,68,30414.00,30414.75,0.75
2026-06-16 10:22:14,30407.75,30413.25,30405.75,30412.75,94,30415.50,30416.25,0.75
2026-06-16 10:22:15,30413.75,30416.25,30413.00,30416.25,33,30415.25,30416.00,0.75
2026-06-16 10:22:16,30416.25,30416.25,30412.75,30415.50,27,30410.50,30411.25,0.75
2026-06-16 10:22:17,30416.00,30416.25,30411.00,30411.25,37,30407.25,30408.25,1.00
2026-06-16 10:22:18,30410.00,30410.00,30407.00,30407.75,32,30408.50,30409.50,1.00
2026-06-16 10:22:19,30407.50,30408.75,30405.25,30408.75,42,30411.00,30412.50,1.50
2026-06-16 10:22:20,30409.75,30415.00,30409.75,30411.75,30,30409.00,30410.00,1.00
2026-06-16 10:22:21,30409.75,30409.75,30407.75,30409.50,13,30408.25,30409.50,1.25
2026-06-16 10:22:22,30410.75,30410.75,30409.25,30409.25,9,30407.75,30408.50,0.75
2026-06-16 10:22:23,30408.25,30409.00,30408.25,30408.25,12,30407.00,30408.00,1.00
2026-06-16 10:22:24,30407.75,30409.50,30406.50,30407.75,23,30410.50,30411.50,1.00
2026-06-16 10:22:25,30408.00,30410.75,30407.75,30410.75,14,30413.00,30414.25,1.25
2026-06-16 10:22:26,30410.75,30414.00,30409.25,30414.00,30,30417.25,30418.25,1.00
2026-06-16 10:22:27,30414.25,30418.00,30414.25,30418.00,25,30413.00,30414.25,1.25
2026-06-16 10:22:28,30418.25,30419.00,30414.50,30414.50,23,30413.50,30414.75,1.25
2026-06-16 10:22:29,30413.00,30414.50,30413.00,30414.50,9,30410.50,30411.75,1.25
2026-06-16 10:22:30,30413.25,30413.25,30411.25,30411.75,7,30408.50,30409.75,1.25
2026-06-16 10:22:31,30411.00,30412.25,30411.00,30411.00,3,30403.25,30404.00,0.75
2026-06-16 10:22:32,30409.00,30409.00,30403.25,30403.75,41,30402.50,30403.75,1.25
2026-06-16 10:22:33,30403.25,30404.00,30401.00,30402.50,54,30400.25,30401.25,1.00
2026-06-16 10:22:34,30403.50,30405.50,30400.75,30401.75,36,30400.25,30401.25,1.00
2026-06-16 10:22:35,30400.50,30402.25,30400.00,30400.75,63,30398.00,30398.75,0.75
2026-06-16 10:22:36,30400.00,30400.25,30396.50,30398.00,117,30395.00,30395.75,0.75
2026-06-16 10:22:37,30399.50,30399.50,30395.25,30395.25,27,30395.00,30395.75,0.75
2026-06-16 10:22:38,30395.25,30401.75,30395.25,30401.25,55,30403.75,30404.75,1.00
2026-06-16 10:22:39,30402.25,30405.00,30401.25,30404.50,128,30402.75,30404.00,1.25
2026-06-16 10:22:40,30403.75,30404.25,30400.75,30404.25,28,30403.50,30404.75,1.25
2026-06-16 10:22:41,30403.00,30405.25,30401.00,30404.00,34,30406.25,30407.00,0.75
2026-06-16 10:22:42,30404.25,30406.75,30402.50,30406.75,22,30407.25,30408.25,1.00
2026-06-16 10:22:43,30407.00,30409.75,30406.25,30406.75,30,30408.25,30409.25,1.00
2026-06-16 10:22:44,30409.25,30411.25,30408.50,30408.50,37,30407.00,30408.00,1.00
2026-06-16 10:22:45,30408.75,30409.00,30406.75,30407.50,25,30404.75,30405.75,1.00
2026-06-16 10:22:46,30406.25,30406.25,30404.50,30405.50,6,30408.50,30409.50,1.00
2026-06-16 10:22:47,30404.75,30409.00,30404.50,30409.00,11,30407.75,30408.75,1.00
2026-06-16 10:22:48,30408.75,30409.25,30407.50,30407.75,16,30412.75,30413.75,1.00
2026-06-16 10:22:49,30409.00,30413.50,30408.00,30412.75,26,30416.75,30417.75,1.00
2026-06-16 10:22:50,30413.50,30418.50,30413.50,30418.25,47,30417.75,30418.75,1.00
2026-06-16 10:22:51,30416.50,30418.75,30415.50,30417.75,19,30416.25,30417.25,1.00
2026-06-16 10:22:52,30418.75,30419.25,30416.25,30416.25,10,30413.25,30414.00,0.75
2026-06-16 10:22:53,30417.75,30417.75,30411.50,30412.25,31,30413.50,30414.50,1.00
2026-06-16 10:22:54,30415.50,30415.50,30412.50,30414.50,13,30413.75,30415.00,1.25
2026-06-16 10:22:55,30414.50,30417.50,30413.25,30415.50,15,30409.50,30410.75,1.25
2026-06-16 10:22:56,30413.50,30413.50,30412.00,30412.00,10,30409.50,30410.75,1.25
2026-06-16 10:22:57,30409.50,30411.75,30409.25,30411.00,25,30412.50,30413.50,1.00
2026-06-16 10:22:58,30409.50,30410.00,30409.25,30410.00,5,30412.75,30414.00,1.25
2026-06-16 10:22:59,30413.25,30413.25,30410.50,30411.75,7,30410.50,30411.75,1.25
2026-06-16 10:23:00,30412.25,30412.25,30410.50,30410.50,10,30404.25,30405.25,1.00
2026-06-16 10:23:01,30411.75,30411.75,30405.25,30405.25,9,30399.50,30400.50,1.00
2026-06-16 10:23:02,30404.25,30404.25,30399.50,30399.50,31,30399.25,30400.25,1.00
2026-06-16 10:23:03,30399.50,30400.00,30397.00,30398.75,59,30401.50,30402.50,1.00
2026-06-16 10:23:04,30400.00,30401.75,30398.50,30401.25,43,30401.50,30402.75,1.25
2026-06-16 10:23:05,30402.75,30405.00,30401.75,30403.75,28,30399.00,30400.25,1.25
2026-06-16 10:23:06,30399.75,30402.00,30399.25,30400.75,19,30399.00,30400.25,1.25
2026-06-16 10:23:07,30399.50,30399.50,30396.00,30399.00,35,30402.25,30403.25,1.00
2026-06-16 10:23:08,30399.00,30404.00,30399.00,30403.75,15,30397.00,30398.00,1.00
2026-06-16 10:23:09,30402.50,30402.50,30397.00,30397.00,6,30396.50,30397.75,1.25
2026-06-16 10:23:10,30397.50,30399.50,30395.00,30399.50,38,30395.00,30396.00,1.00
2026-06-16 10:23:11,30397.50,30397.50,30395.00,30396.00,34,30394.75,30395.75,1.00
2026-06-16 10:23:12,30395.00,30397.00,30394.75,30396.50,40,30400.00,30401.00,1.00
2026-06-16 10:23:13,30395.25,30401.50,30394.75,30401.50,44,30397.25,30398.00,0.75
2026-06-16 10:23:14,30401.00,30401.25,30397.50,30398.00,19,30396.25,30397.25,1.00
2026-06-16 10:23:15,30398.50,30398.50,30396.25,30396.25,21,30396.25,30397.25,1.00
2026-06-16 10:23:16,30396.25,30397.25,30395.75,30397.25,21,30395.25,30396.00,0.75
2026-06-16 10:23:17,30397.75,30397.75,30395.25,30395.50,44,30393.75,30394.50,0.75
2026-06-16 10:23:18,30394.50,30395.75,30392.50,30395.50,40,30396.25,30397.25,1.00
2026-06-16 10:23:19,30394.00,30397.75,30393.75,30397.75,40,30396.75,30398.00,1.25
2026-06-16 10:23:20,30397.75,30398.50,30395.50,30396.25,10,30395.25,30396.00,0.75
2026-06-16 10:23:21,30397.25,30397.25,30394.75,30396.25,28,30393.75,30394.50,0.75
2026-06-16 10:23:22,30395.25,30397.50,30394.75,30394.75,22,30392.75,30393.50,0.75
2026-06-16 10:23:23,30395.00,30395.00,30394.25,30394.75,4,30391.25,30391.75,0.50
2026-06-16 10:23:24,30392.75,30394.00,30391.50,30391.50,17,30391.50,30392.25,0.75
2026-06-16 10:23:25,30391.25,30392.25,30388.50,30391.50,43,30394.00,30394.75,0.75
2026-06-16 10:23:26,30391.50,30395.50,30390.75,30394.25,78,30391.75,30392.75,1.00
2026-06-16 10:23:27,30394.25,30396.50,30391.25,30392.00,22,30391.75,30392.75,1.00
2026-06-16 10:23:28,30392.50,30392.75,30391.25,30391.75,13,30389.75,30390.75,1.00
2026-06-16 10:23:29,30391.50,30392.00,30389.75,30392.00,7,30389.00,30389.75,0.75
2026-06-16 10:23:30,30389.75,30390.50,30388.00,30389.50,40,30389.75,30390.50,0.75
2026-06-16 10:23:31,30389.25,30391.00,30388.50,30389.75,20,30388.75,30389.75,1.00
2026-06-16 10:23:32,30389.50,30390.75,30387.25,30388.75,36,30387.25,30388.00,0.75
2026-06-16 10:23:33,30387.25,30389.50,30387.25,30388.25,31,30383.00,30383.75,0.75
2026-06-16 10:23:34,30386.75,30387.25,30382.50,30383.50,46,30378.25,30378.75,0.50
2026-06-16 10:23:35,30383.50,30383.50,30378.00,30379.00,72,30381.50,30382.25,0.75
2026-06-16 10:23:36,30378.75,30382.00,30378.00,30382.00,54,30384.25,30385.00,0.75
2026-06-16 10:23:37,30382.75,30386.00,30382.75,30385.00,44,30385.00,30386.00,1.00
2026-06-16 10:23:38,30384.00,30386.00,30383.00,30386.00,31,30382.00,30382.75,0.75
2026-06-16 10:23:39,30384.75,30385.50,30383.75,30384.25,12,30382.00,30383.00,1.00
2026-06-16 10:23:40,30383.75,30385.00,30382.25,30382.50,11,30375.25,30376.25,1.00
2026-06-16 10:23:41,30382.25,30382.25,30375.75,30375.75,35,30375.25,30376.00,0.75
2026-06-16 10:23:42,30375.25,30376.25,30374.25,30375.25,31,30375.50,30376.50,1.00
2026-06-16 10:23:43,30375.75,30377.00,30374.00,30376.25,27,30379.00,30379.75,0.75
2026-06-16 10:23:44,30377.25,30380.00,30377.00,30380.00,46,30380.00,30380.75,0.75
2026-06-16 10:23:45,30379.50,30381.00,30377.75,30377.75,29,30383.00,30384.25,1.25
2026-06-16 10:23:46,30380.75,30383.50,30379.50,30383.50,21,30386.00,30387.00,1.00
2026-06-16 10:23:47,30384.00,30385.25,30383.25,30385.00,26,30385.25,30386.25,1.00
2026-06-16 10:23:48,30387.25,30390.00,30384.75,30385.25,54,30382.00,30383.00,1.00
2026-06-16 10:23:49,30386.25,30387.00,30382.25,30383.00,26,30381.00,30381.75,0.75
2026-06-16 10:23:50,30382.25,30382.75,30381.00,30381.50,44,30378.00,30379.00,1.00
2026-06-16 10:23:51,30381.75,30381.75,30377.75,30377.75,9,30377.50,30378.50,1.00
2026-06-16 10:23:52,30377.75,30378.00,30375.00,30377.50,22,30373.75,30375.00,1.25
2026-06-16 10:23:53,30378.50,30378.75,30374.50,30374.50,40,30373.75,30375.00,1.25
2026-06-16 10:23:54,30374.00,30376.00,30373.75,30375.50,22,30378.00,30378.75,0.75
2026-06-16 10:23:55,30376.00,30378.75,30375.25,30378.75,24,30379.00,30380.00,1.00
2026-06-16 10:23:56,30378.50,30380.75,30377.00,30379.25,59,30378.25,30379.50,1.25
2026-06-16 10:23:57,30379.50,30380.00,30378.75,30378.75,18,30375.25,30376.00,0.75
2026-06-16 10:23:58,30379.25,30381.25,30374.75,30374.75,25,30374.75,30375.50,0.75
2026-06-16 10:23:59,30375.75,30376.00,30372.25,30375.25,48,30377.00,30378.00,1.00
2026-06-16 10:24:00,30374.50,30378.00,30374.50,30377.00,9,30379.50,30380.50,1.00
2026-06-16 10:24:01,30378.25,30380.25,30377.00,30379.50,46,30382.25,30383.00,0.75
2026-06-16 10:24:02,30378.75,30382.75,30378.25,30382.75,54,30384.00,30385.50,1.50
2026-06-16 10:24:03,30381.75,30388.25,30378.75,30386.00,105,30384.25,30385.50,1.25
2026-06-16 10:24:04,30383.00,30385.25,30381.00,30383.75,80,30379.75,30380.75,1.00
2026-06-16 10:24:05,30384.25,30385.50,30379.50,30379.50,39,30375.25,30376.00,0.75
2026-06-16 10:24:06,30380.75,30381.00,30375.75,30375.75,70,30378.00,30379.00,1.00
2026-06-16 10:24:07,30375.75,30377.50,30375.50,30377.50,22,30373.50,30374.25,0.75
2026-06-16 10:24:08,30377.00,30378.25,30373.25,30374.00,44,30372.00,30372.75,0.75
2026-06-16 10:24:09,30373.75,30375.75,30372.00,30372.50,56,30366.75,30367.50,0.75
2026-06-16 10:24:10,30372.00,30372.25,30367.00,30367.00,94,30366.00,30367.00,1.00
2026-06-16 10:24:11,30367.25,30368.00,30365.50,30366.00,46,30369.25,30370.25,1.00
2026-06-16 10:24:12,30366.50,30371.75,30366.25,30371.75,57,30368.00,30369.00,1.00
2026-06-16 10:24:13,30371.00,30371.25,30368.25,30369.00,30,30372.75,30374.00,1.25
2026-06-16 10:24:14,30368.75,30375.75,30368.75,30372.75,41,30376.50,30377.75,1.25
2026-06-16 10:24:15,30374.00,30378.00,30371.75,30378.00,15,30379.25,30380.25,1.00
2026-06-16 10:24:16,30377.25,30382.25,30376.00,30382.25,48,30381.75,30382.75,1.00
2026-06-16 10:24:17,30381.75,30385.00,30381.75,30383.25,42,30382.75,30383.75,1.00
2026-06-16 10:24:18,30383.00,30386.25,30382.25,30383.25,16,30377.75,30379.00,1.25
2026-06-16 10:24:19,30382.75,30383.75,30377.25,30377.25,55,30380.00,30381.00,1.00
2026-06-16 10:24:20,30379.50,30380.25,30377.50,30380.25,18,30381.25,30382.50,1.25
2026-06-16 10:24:21,30381.00,30382.25,30380.50,30381.75,13,30383.75,30384.75,1.00
2026-06-16 10:24:22,30381.25,30384.25,30379.50,30384.25,23,30383.25,30384.25,1.00
2026-06-16 10:24:23,30382.00,30385.25,30381.50,30383.75,16,30383.75,30384.75,1.00
2026-06-16 10:24:24,30384.00,30385.00,30382.50,30383.25,13,30384.50,30385.75,1.25
2026-06-16 10:24:25,30384.50,30387.00,30384.50,30385.00,29,30378.75,30380.00,1.25
2026-06-16 10:24:26,30386.00,30386.00,30378.25,30378.25,16,30378.50,30379.50,1.00
2026-06-16 10:24:27,30379.25,30381.50,30377.00,30379.25,32,30375.00,30376.00,1.00
2026-06-16 10:24:28,30377.75,30377.75,30373.75,30375.50,18,30375.50,30376.75,1.25
2026-06-16 10:24:29,30375.25,30378.00,30374.25,30376.25,27,30373.25,30374.25,1.00
2026-06-16 10:24:30,30375.50,30376.00,30374.00,30374.25,9,30375.00,30376.25,1.25
2026-06-16 10:24:31,30373.25,30376.25,30373.25,30374.25,14,30378.75,30380.00,1.25
2026-06-16 10:24:32,30377.50,30383.50,30376.00,30380.75,50,30376.00,30377.00,1.00
2026-06-16 10:24:33,30379.50,30379.50,30376.50,30377.00,11,30377.75,30379.00,1.25
2026-06-16 10:24:34,30376.50,30379.50,30376.25,30377.50,10,30378.00,30379.00,1.00
2026-06-16 10:24:35,30378.25,30380.75,30377.50,30377.50,6,30380.25,30381.25,1.00
2026-06-16 10:24:36,30379.00,30379.50,30379.00,30379.50,3,30382.00,30383.00,1.00
2026-06-16 10:24:37,30381.25,30382.75,30381.00,30382.75,13,30382.75,30383.50,0.75
2026-06-16 10:24:38,30382.75,30382.75,30380.75,30382.75,5,30382.75,30383.50,0.75
2026-06-16 10:24:39,30383.25,30387.25,30383.25,30387.25,24,30390.75,30391.75,1.00
2026-06-16 10:24:40,30385.75,30392.25,30385.75,30391.50,48,30394.50,30395.25,0.75
2026-06-16 10:24:41,30392.00,30397.25,30391.00,30394.50,91,30394.75,30395.75,1.00
2026-06-16 10:24:42,30394.25,30396.00,30392.75,30394.25,30,30396.75,30397.75,1.00
2026-06-16 10:24:43,30394.25,30399.00,30394.25,30397.50,20,30397.50,30398.50,1.00
2026-06-16 10:24:44,30396.25,30399.75,30396.25,30399.25,31,30399.25,30400.25,1.00
2026-06-16 10:24:45,30396.75,30401.50,30396.00,30398.25,30,30398.50,30399.50,1.00
2026-06-16 10:24:46,30400.25,30403.25,30399.00,30399.75,69,30396.75,30397.50,0.75
2026-06-16 10:24:47,30399.75,30399.75,30394.00,30396.75,50,30395.25,30396.25,1.00
2026-06-16 10:24:48,30397.00,30397.25,30395.50,30395.50,15,30397.75,30398.50,0.75
2026-06-16 10:24:49,30396.50,30399.75,30394.75,30398.25,23,30398.50,30399.50,1.00
2026-06-16 10:24:50,30398.50,30399.75,30397.25,30399.00,13,30397.25,30398.50,1.25
2026-06-16 10:24:51,30398.75,30398.75,30397.00,30398.25,9,30399.75,30400.75,1.00
2026-06-16 10:24:52,30397.25,30401.25,30396.25,30400.50,27,30398.75,30399.50,0.75
2026-06-16 10:24:53,30401.00,30402.25,30399.50,30399.75,4,30401.00,30402.00,1.00
2026-06-16 10:24:54,30400.25,30401.00,30399.25,30400.25,11,30399.25,30400.25,1.00
2026-06-16 10:24:55,30401.75,30403.25,30399.25,30399.75,15,30400.75,30401.75,1.00
2026-06-16 10:24:56,30398.75,30401.75,30398.75,30401.75,10,30409.00,30410.00,1.00
2026-06-16 10:24:57,30402.50,30409.50,30402.25,30409.00,40,30402.75,30403.75,1.00
2026-06-16 10:24:58,30410.25,30411.25,30403.25,30403.25,24,30402.50,30403.50,1.00
2026-06-16 10:24:59,30402.50,30403.50,30400.75,30403.25,28,30405.25,30406.25,1.00
2026-06-16 10:25:00,30403.75,30406.75,30402.00,30406.00,12,30408.00,30409.00,1.00
2026-06-16 10:25:01,30405.25,30408.00,30401.50,30407.75,40,30408.00,30409.00,1.00
2026-06-16 10:25:02,30408.50,30409.25,30406.50,30407.25,38,30406.75,30407.75,1.00
2026-06-16 10:25:03,30407.25,30409.00,30402.00,30409.00,83,30411.50,30412.50,1.00
2026-06-16 10:25:04,30408.00,30412.25,30408.00,30412.00,36,30411.25,30412.25,1.00
2026-06-16 10:25:05,30412.50,30415.00,30411.75,30413.00,78,30411.75,30413.00,1.25
2026-06-16 10:25:06,30412.75,30414.25,30411.50,30413.25,28,30407.75,30409.00,1.25
2026-06-16 10:25:07,30412.25,30414.75,30410.00,30411.25,26,30411.00,30412.00,1.00
2026-06-16 10:25:08,30408.25,30411.50,30407.75,30411.50,18,30412.25,30413.25,1.00
2026-06-16 10:25:09,30412.25,30414.00,30412.25,30413.75,9,30407.50,30408.50,1.00
2026-06-16 10:25:10,30412.25,30412.50,30407.75,30407.75,20,30411.50,30412.50,1.00
2026-06-16 10:25:11,30408.50,30411.75,30408.50,30411.25,19,30418.50,30419.50,1.00
2026-06-16 10:25:12,30411.50,30419.25,30411.50,30418.75,39,30418.50,30420.00,1.50
2026-06-16 10:25:13,30418.50,30421.25,30417.25,30420.75,30,30415.00,30416.00,1.00
2026-06-16 10:25:14,30418.75,30418.75,30414.50,30415.50,37,30415.00,30416.00,1.00
2026-06-16 10:25:15,30415.25,30421.00,30415.25,30420.50,71,30418.25,30419.50,1.25
2026-06-16 10:25:16,30418.50,30419.50,30417.25,30418.50,19,30418.50,30419.25,0.75
2026-06-16 10:25:17,30419.25,30419.50,30415.50,30418.25,18,30417.25,30418.25,1.00
2026-06-16 10:25:18,30418.25,30421.50,30418.00,30418.25,18,30418.75,30419.75,1.00
2026-06-16 10:25:19,30418.00,30420.25,30417.50,30418.75,13,30420.00,30421.00,1.00
2026-06-16 10:25:20,30420.00,30421.00,30417.00,30420.25,37,30424.00,30425.00,1.00
2026-06-16 10:25:21,30422.25,30425.25,30422.25,30425.25,56,30423.75,30424.75,1.00
2026-06-16 10:25:22,30424.00,30426.00,30423.25,30424.00,37,30420.75,30422.25,1.50
2026-06-16 10:25:23,30424.25,30424.25,30421.25,30422.00,33,30419.00,30420.00,1.00
2026-06-16 10:25:24,30422.25,30422.25,30419.25,30419.25,24,30421.75,30422.75,1.00
2026-06-16 10:25:25,30420.75,30422.75,30420.75,30422.00,8,30420.25,30421.50,1.25
2026-06-16 10:25:26,30421.75,30422.75,30419.25,30419.25,11,30420.75,30421.75,1.00
2026-06-16 10:25:27,30421.25,30421.75,30418.50,30420.75,19,30422.00,30423.00,1.00
2026-06-16 10:25:28,30421.75,30422.50,30421.25,30422.00,13,30421.50,30422.50,1.00
2026-06-16 10:25:29,30422.25,30423.00,30422.00,30422.00,6,30423.25,30424.25,1.00
2026-06-16 10:25:30,30423.50,30424.25,30422.00,30424.25,17,30426.25,30427.25,1.00
2026-06-16 10:25:31,30423.75,30430.75,30423.50,30427.75,182,30427.25,30428.25,1.00
2026-06-16 10:25:32,30426.25,30429.00,30425.50,30428.25,17,30426.50,30427.50,1.00
2026-06-16 10:25:33,30427.50,30428.25,30426.25,30426.25,25,30427.50,30428.50,1.00
2026-06-16 10:25:34,30426.25,30426.50,30425.00,30426.50,9,30422.50,30423.50,1.00
2026-06-16 10:25:35,30428.50,30430.50,30421.50,30423.75,47,30421.50,30422.50,1.00
2026-06-16 10:25:36,30423.75,30424.00,30421.00,30421.25,28,30423.75,30424.50,0.75
2026-06-16 10:25:37,30421.00,30424.00,30421.00,30424.00,20,30418.00,30419.25,1.25
2026-06-16 10:25:38,30423.25,30423.25,30417.75,30417.75,26,30423.00,30424.00,1.00
2026-06-16 10:25:39,30419.50,30425.00,30418.25,30422.75,17,30424.75,30425.75,1.00
2026-06-16 10:25:40,30423.75,30424.50,30422.25,30424.50,8,30427.25,30428.25,1.00
2026-06-16 10:25:41,30424.75,30427.75,30424.50,30427.75,7,30420.50,30421.50,1.00
2026-06-16 10:25:42,30427.00,30427.50,30422.00,30422.00,15,30422.00,30422.75,0.75
2026-06-16 10:25:43,30421.50,30423.75,30421.50,30423.00,7,30420.75,30421.75,1.00
2026-06-16 10:25:44,30421.50,30422.25,30420.75,30420.75,7,30416.25,30417.25,1.00
2026-06-16 10:25:45,30419.50,30419.75,30414.75,30416.00,28,30418.25,30419.25,1.00
2026-06-16 10:25:46,30416.00,30420.25,30415.75,30418.75,74,30420.50,30421.50,1.00
2026-06-16 10:25:47,30418.75,30421.50,30418.75,30421.00,20,30419.75,30420.75,1.00
2026-06-16 10:25:48,30420.00,30420.25,30418.00,30420.00,17,30420.50,30421.50,1.00
2026-06-16 10:25:49,30420.25,30420.25,30419.75,30419.75,2,30418.25,30419.00,0.75
2026-06-16 10:25:50,30420.50,30420.50,30416.75,30417.50,12,30423.75,30424.50,0.75
2026-06-16 10:25:51,30418.75,30424.75,30417.75,30424.75,25,30427.75,30428.50,0.75
2026-06-16 10:25:52,30424.50,30429.25,30424.50,30429.25,16,30424.00,30425.25,1.25
2026-06-16 10:25:53,30426.75,30428.00,30426.25,30426.25,10,30424.00,30425.25,1.25
2026-06-16 10:25:54,30424.25,30427.25,30424.25,30424.50,20,30425.75,30426.75,1.00
2026-06-16 10:25:55,30425.75,30426.50,30425.75,30426.50,3,30423.25,30424.25,1.00
2026-06-16 10:25:56,30427.00,30427.00,30423.25,30423.25,15,30425.00,30426.00,1.00
2026-06-16 10:25:57,30423.00,30426.00,30423.00,30425.25,5,30422.75,30423.50,0.75
2026-06-16 10:25:58,30425.75,30426.00,30422.75,30423.25,5,30419.50,30420.50,1.00
2026-06-16 10:25:59,30423.50,30423.75,30419.50,30419.50,23,30418.75,30419.75,1.00
2026-06-16 10:26:00,30420.75,30421.25,30417.75,30420.75,28,30419.00,30420.00,1.00
2026-06-16 10:26:01,30419.50,30422.00,30419.50,30420.25,20,30418.25,30419.25,1.00
2026-06-16 10:26:02,30417.75,30418.75,30417.75,30418.25,8,30422.50,30423.25,0.75
2026-06-16 10:26:03,30418.75,30422.50,30415.75,30422.50,43,30426.00,30427.00,1.00
2026-06-16 10:26:04,30422.50,30426.00,30422.50,30425.00,38,30428.75,30429.75,1.00
2026-06-16 10:26:05,30427.00,30432.00,30427.00,30430.75,46,30425.50,30426.25,0.75
2026-06-16 10:26:06,30428.50,30430.00,30426.00,30426.75,20,30427.75,30429.00,1.25
2026-06-16 10:26:07,30426.25,30427.50,30424.75,30427.50,5,30430.25,30431.50,1.25
2026-06-16 10:26:08,30428.50,30431.25,30428.50,30430.25,6,30427.50,30428.25,0.75
2026-06-16 10:26:09,30429.00,30430.75,30427.25,30427.50,34,30426.50,30427.50,1.00
2026-06-16 10:26:10,30427.50,30428.75,30426.75,30427.25,6,30426.25,30427.25,1.00
2026-06-16 10:26:11,30427.50,30428.25,30427.25,30428.25,3,30434.75,30435.50,0.75
2026-06-16 10:26:12,30428.75,30436.25,30428.75,30435.50,94,30435.00,30435.75,0.75
2026-06-16 10:26:13,30434.75,30437.25,30434.50,30435.25,29,30435.75,30436.75,1.00
2026-06-16 10:26:14,30435.75,30436.50,30433.75,30436.50,26,30440.00,30441.00,1.00
2026-06-16 10:26:15,30437.00,30440.75,30435.50,30440.75,64,30439.00,30440.00,1.00
2026-06-16 10:26:16,30441.00,30441.00,30436.50,30438.75,57,30440.25,30441.25,1.00
2026-06-16 10:26:17,30441.25,30442.00,30440.00,30440.00,38,30442.00,30443.00,1.00
2026-06-16 10:26:18,30441.00,30443.75,30440.75,30440.75,25,30442.00,30442.75,0.75
2026-06-16 10:26:19,30442.75,30443.50,30441.75,30442.50,16,30438.75,30439.75,1.00
2026-06-16 10:26:20,30443.00,30443.00,30439.50,30439.50,24,30437.00,30437.75,0.75
2026-06-16 10:26:21,30439.50,30439.50,30435.50,30438.25,32,30438.50,30439.25,0.75
2026-06-16 10:26:22,30437.75,30438.25,30435.75,30438.25,15,30433.50,30434.50,1.00
2026-06-16 10:26:23,30437.25,30439.75,30434.00,30434.00,30,30431.25,30432.25,1.00
2026-06-16 10:26:24,30433.50,30433.50,30430.25,30432.75,45,30436.75,30437.75,1.00
2026-06-16 10:26:25,30432.50,30438.50,30432.50,30438.50,22,30435.75,30436.75,1.00
2026-06-16 10:26:26,30437.75,30438.75,30436.00,30436.00,21,30441.25,30442.00,0.75
2026-06-16 10:26:27,30437.50,30442.00,30435.75,30442.00,12,30440.25,30441.00,0.75
2026-06-16 10:26:28,30442.00,30442.00,30439.50,30440.25,9,30440.50,30441.50,1.00
2026-06-16 10:26:29,30440.25,30442.75,30438.50,30440.00,20,30440.25,30441.25,1.00
2026-06-16 10:26:30,30441.50,30442.25,30440.50,30441.75,25,30441.75,30442.75,1.00
2026-06-16 10:26:31,30441.00,30445.00,30441.00,30441.50,29,30438.50,30439.00,0.50
2026-06-16 10:26:32,30442.75,30443.00,30438.75,30438.75,30,30439.75,30440.75,1.00
2026-06-16 10:26:33,30437.75,30440.00,30437.75,30439.00,23,30439.00,30441.00,2.00
2026-06-16 10:26:34,30440.25,30440.25,30439.00,30439.75,9,30439.00,30441.00,2.00
2026-06-16 10:26:35,30440.25,30441.75,30437.50,30438.00,102,30433.25,30434.25,1.00
2026-06-16 10:26:36,30438.50,30439.00,30433.75,30433.75,23,30430.50,30431.50,1.00
2026-06-16 10:26:37,30433.75,30435.25,30429.00,30430.75,84,30429.25,30430.50,1.25
2026-06-16 10:26:38,30428.00,30430.50,30427.00,30428.75,27,30423.00,30424.00,1.00
2026-06-16 10:26:39,30429.25,30429.75,30423.50,30423.50,66,30423.25,30424.75,1.50
2026-06-16 10:26:40,30425.00,30428.75,30425.00,30426.00,37,30420.25,30421.50,1.25
2026-06-16 10:26:41,30424.25,30424.25,30419.50,30421.00,41,30423.25,30424.25,1.00
2026-06-16 10:26:42,30423.25,30423.75,30422.25,30423.75,5,30418.00,30419.00,1.00
2026-06-16 10:26:43,30424.75,30425.00,30418.00,30418.00,20,30421.25,30422.50,1.25
2026-06-16 10:26:44,30418.50,30422.25,30416.50,30421.50,41,30423.75,30424.75,1.00
2026-06-16 10:26:45,30422.75,30425.25,30422.00,30423.75,29,30421.25,30422.25,1.00
2026-06-16 10:26:46,30423.50,30424.25,30422.25,30422.25,17,30415.25,30416.25,1.00
2026-06-16 10:26:47,30418.00,30418.50,30415.00,30415.00,7,30414.75,30415.75,1.00
2026-06-16 10:26:48,30414.75,30416.75,30414.50,30415.25,12,30413.50,30414.50,1.00
2026-06-16 10:26:49,30415.75,30415.75,30412.00,30413.25,29,30415.75,30416.75,1.00
2026-06-16 10:26:50,30414.25,30417.00,30413.50,30415.50,24,30413.00,30414.00,1.00
2026-06-16 10:26:51,30415.75,30416.75,30413.25,30413.25,8,30414.25,30415.50,1.25
2026-06-16 10:26:52,30414.75,30417.00,30414.75,30415.50,64,30412.25,30413.25,1.00
2026-06-16 10:26:53,30414.00,30414.25,30411.75,30412.25,11,30415.50,30416.75,1.25
2026-06-16 10:26:54,30413.75,30417.25,30412.50,30414.50,16,30412.75,30413.75,1.00
2026-06-16 10:26:55,30416.00,30416.00,30413.25,30413.25,30,30414.00,30415.00,1.00
2026-06-16 10:26:56,30412.75,30416.25,30412.25,30415.25,12,30415.50,30416.50,1.00
2026-06-16 10:26:57,30415.25,30416.25,30415.00,30415.25,14,30412.25,30413.25,1.00
2026-06-16 10:26:58,30415.25,30416.00,30413.50,30413.50,9,30413.50,30414.75,1.25
2026-06-16 10:26:59,30411.75,30414.75,30411.75,30414.75,5,30415.75,30417.00,1.25
2026-06-16 10:27:00,30413.50,30417.00,30413.00,30416.25,17,30415.75,30417.00,1.25
2026-06-16 10:27:01,30416.25,30417.25,30415.25,30415.25,16,30413.75,30414.75,1.00
2026-06-16 10:27:02,30416.00,30416.25,30414.00,30414.00,8,30415.00,30416.00,1.00
2026-06-16 10:27:03,30414.25,30414.25,30414.25,30414.25,1,30413.25,30414.25,1.00
2026-06-16 10:27:04,30414.00,30414.50,30414.00,30414.00,11,30408.75,30410.25,1.50
2026-06-16 10:27:05,30414.25,30415.00,30408.25,30409.00,23,30409.50,30410.50,1.00
2026-06-16 10:27:06,30410.25,30411.00,30408.00,30408.00,24,30407.75,30408.75,1.00
2026-06-16 10:27:07,30409.00,30410.00,30407.00,30407.50,30,30407.75,30408.75,1.00
2026-06-16 10:27:08,30408.50,30411.25,30405.00,30411.00,37,30411.75,30413.00,1.25
2026-06-16 10:27:09,30409.50,30414.00,30409.50,30414.00,15,30409.00,30410.50,1.50
2026-06-16 10:27:10,30412.75,30412.75,30410.50,30410.50,3,30409.00,30410.50,1.50
2026-06-16 10:27:11,30410.00,30413.00,30408.75,30408.75,10,30403.00,30404.00,1.00
2026-06-16 10:27:12,30405.50,30405.50,30401.75,30403.25,41,30400.50,30401.75,1.25
2026-06-16 10:27:13,30402.75,30403.50,30400.50,30400.50,15,30400.50,30401.75,1.25
2026-06-16 10:27:14,30401.75,30403.50,30400.50,30400.50,24,30398.00,30399.25,1.25
2026-06-16 10:27:15,30401.25,30401.75,30397.00,30398.50,55,30395.50,30396.75,1.25
2026-06-16 10:27:16,30399.25,30399.25,30393.75,30395.25,35,30396.00,30397.25,1.25
2026-06-16 10:27:17,30396.75,30398.50,30395.25,30397.00,42,30397.00,30398.00,1.00
2026-06-16 10:27:18,30395.00,30397.25,30393.75,30396.75,16,30393.75,30394.75,1.00
2026-06-16 10:27:19,30397.25,30397.50,30393.50,30394.25,38,30395.50,30396.50,1.00
2026-06-16 10:27:20,30394.50,30397.75,30394.00,30397.75,44,30394.50,30395.50,1.00
2026-06-16 10:27:21,30397.25,30400.50,30393.75,30393.75,46,30396.25,30397.25,1.00
2026-06-16 10:27:22,30394.50,30396.50,30393.75,30396.50,34,30398.00,30399.00,1.00
2026-06-16 10:27:23,30399.25,30399.75,30397.50,30399.25,14,30393.50,30394.50,1.00
2026-06-16 10:27:24,30397.50,30399.00,30392.25,30392.25,120,30393.25,30394.00,0.75
2026-06-16 10:27:25,30394.75,30394.75,30392.50,30393.00,19,30393.25,30394.25,1.00
2026-06-16 10:27:26,30394.75,30395.75,30394.75,30394.75,5,30392.50,30393.25,0.75
2026-06-16 10:27:27,30393.00,30393.75,30390.00,30392.75,64,30387.50,30388.25,0.75
2026-06-16 10:27:28,30392.50,30392.75,30387.50,30388.00,29,30390.00,30390.75,0.75
2026-06-16 10:27:29,30387.50,30390.25,30385.50,30389.75,24,30387.50,30388.75,1.25
2026-06-16 10:27:30,30390.00,30390.50,30387.25,30388.50,15,30383.00,30384.00,1.00
2026-06-16 10:27:31,30387.75,30387.75,30381.75,30382.50,44,30383.25,30384.00,0.75
2026-06-16 10:27:32,30383.25,30385.25,30383.00,30383.00,22,30380.75,30381.50,0.75
2026-06-16 10:27:33,30384.25,30385.00,30380.00,30380.50,59,30383.50,30384.50,1.00
2026-06-16 10:27:34,30381.50,30384.25,30380.50,30384.25,38,30385.00,30386.00,1.00
2026-06-16 10:27:35,30385.00,30386.25,30382.75,30384.75,32,30383.75,30384.75,1.00
2026-06-16 10:27:36,30385.00,30385.50,30384.25,30384.75,30,30382.50,30383.50,1.00
2026-06-16 10:27:37,30384.00,30386.00,30383.50,30384.00,18,30380.25,30381.25,1.00
2026-06-16 10:27:38,30382.25,30382.25,30378.75,30380.00,15,30377.25,30378.25,1.00
2026-06-16 10:27:39,30378.75,30381.00,30377.00,30378.00,45,30376.50,30377.75,1.25
2026-06-16 10:27:40,30377.00,30377.75,30374.50,30376.50,72,30378.50,30379.50,1.00
2026-06-16 10:27:41,30379.50,30380.00,30378.50,30380.00,20,30382.75,30384.00,1.25
2026-06-16 10:27:42,30380.25,30382.00,30378.00,30381.75,27,30381.50,30382.50,1.00
2026-06-16 10:27:43,30384.25,30384.50,30381.75,30381.75,33,30381.25,30382.25,1.00
2026-06-16 10:27:44,30382.25,30383.00,30380.00,30383.00,14,30381.25,30382.25,1.00
2026-06-16 10:27:45,30382.00,30382.00,30378.75,30378.75,9,30371.25,30372.25,1.00
2026-06-16 10:27:46,30376.25,30376.50,30371.75,30371.75,35,30370.50,30371.25,0.75
2026-06-16 10:27:47,30372.25,30372.50,30370.00,30371.00,42,30370.75,30372.00,1.25
2026-06-16 10:27:48,30371.50,30373.50,30370.25,30371.75,26,30370.75,30372.00,1.25
2026-06-16 10:27:49,30371.50,30372.75,30370.75,30370.75,25,30373.25,30374.25,1.00
2026-06-16 10:27:50,30372.00,30375.00,30372.00,30375.00,7,30372.25,30373.50,1.25
2026-06-16 10:27:51,30372.75,30374.00,30371.50,30373.25,23,30374.50,30376.00,1.50
2026-06-16 10:27:52,30373.75,30376.50,30373.25,30375.25,29,30372.25,30373.00,0.75
2026-06-16 10:27:53,30374.50,30375.75,30372.25,30373.25,27,30372.00,30373.00,1.00
2026-06-16 10:27:54,30373.25,30373.50,30371.75,30372.50,13,30374.00,30375.00,1.00
2026-06-16 10:27:55,30373.00,30374.50,30371.00,30374.50,22,30374.25,30375.25,1.00
2026-06-16 10:27:56,30374.50,30375.50,30373.50,30374.50,14,30378.00,30379.00,1.00
2026-06-16 10:27:57,30376.00,30379.25,30375.75,30378.00,34,30379.50,30380.50,1.00
2026-06-16 10:27:58,30378.00,30383.75,30376.50,30381.75,91,30379.75,30381.00,1.25
2026-06-16 10:27:59,30381.00,30382.00,30379.50,30382.00,15,30382.00,30383.00,1.00
2026-06-16 10:28:00,30382.25,30383.25,30381.50,30383.25,21,30378.75,30379.75,1.00
2026-06-16 10:28:01,30383.00,30383.00,30377.25,30379.25,23,30383.25,30384.25,1.00
2026-06-16 10:28:02,30380.00,30384.25,30380.00,30384.25,8,30377.00,30378.00,1.00
2026-06-16 10:28:03,30382.50,30382.50,30376.25,30378.00,11,30381.75,30383.00,1.25
2026-06-16 10:28:04,30378.25,30382.75,30378.25,30381.00,12,30385.25,30386.25,1.00
2026-06-16 10:28:05,30382.75,30386.75,30382.75,30386.75,22,30384.00,30385.00,1.00
2026-06-16 10:28:06,30387.00,30387.25,30384.75,30384.75,38,30382.50,30383.50,1.00
2026-06-16 10:28:07,30385.25,30388.00,30382.25,30382.25,21,30384.75,30385.75,1.00
2026-06-16 10:28:08,30384.25,30386.00,30384.25,30386.00,6,30387.75,30388.50,0.75
2026-06-16 10:28:09,30386.50,30387.75,30386.25,30387.75,6,30391.50,30392.75,1.25
2026-06-16 10:28:10,30387.50,30394.00,30387.50,30394.00,56,30396.50,30397.50,1.00
2026-06-16 10:28:11,30391.25,30397.50,30390.00,30396.50,71,30394.75,30396.00,1.25
2026-06-16 10:28:12,30397.00,30397.50,30395.00,30396.25,21,30394.00,30395.00,1.00
2026-06-16 10:28:13,30395.75,30395.75,30391.25,30394.00,20,30404.25,30405.25,1.00
2026-06-16 10:28:14,30395.25,30404.25,30394.25,30404.25,32,30404.25,30405.25,1.00
2026-06-16 10:28:15,30404.50,30405.25,30401.75,30405.25,21,30397.00,30398.00,1.00
2026-06-16 10:28:16,30402.50,30402.50,30397.50,30397.75,25,30396.25,30397.25,1.00
2026-06-16 10:28:17,30396.75,30397.25,30395.00,30396.25,31,30397.25,30398.25,1.00
2026-06-16 10:28:18,30396.50,30399.50,30395.75,30397.50,12,30396.00,30397.25,1.25
2026-06-16 10:28:19,30397.50,30397.50,30394.25,30395.50,16,30400.25,30401.25,1.00
2026-06-16 10:28:20,30397.75,30401.75,30397.75,30401.25,10,30402.00,30403.00,1.00
2026-06-16 10:28:21,30400.75,30403.00,30400.75,30402.75,30,30403.00,30404.50,1.50
2026-06-16 10:28:22,30401.75,30403.00,30398.75,30403.00,20,30403.00,30404.50,1.50
2026-06-16 10:28:23,30403.50,30404.75,30402.25,30402.75,23,30400.00,30401.00,1.00
2026-06-16 10:28:24,30400.25,30400.25,30398.75,30399.00,11,30400.00,30401.00,1.00
2026-06-16 10:28:25,30399.75,30403.75,30399.75,30402.75,9,30403.75,30404.75,1.00
2026-06-16 10:28:26,30403.50,30404.50,30403.50,30403.50,4,30399.25,30400.25,1.00
2026-06-16 10:28:27,30400.50,30400.50,30399.00,30399.50,16,30402.50,30403.75,1.25
2026-06-16 10:28:28,30399.75,30403.25,30399.75,30403.25,11,30405.50,30406.50,1.00
2026-06-16 10:28:29,30402.25,30405.75,30401.25,30405.75,17,30410.75,30412.00,1.25
2026-06-16 10:28:30,30406.50,30411.50,30406.00,30411.25,53,30408.75,30409.75,1.00
2026-06-16 10:28:31,30411.50,30412.25,30409.50,30409.50,39,30403.75,30404.75,1.00
2026-06-16 10:28:32,30410.00,30410.25,30402.75,30404.25,35,30401.00,30401.75,0.75
2026-06-16 10:28:33,30405.00,30405.00,30402.00,30402.00,25,30404.50,30405.50,1.00
2026-06-16 10:28:34,30402.25,30406.25,30402.25,30404.00,7,30406.75,30408.00,1.25
2026-06-16 10:28:35,30405.25,30407.75,30405.25,30406.00,3,30406.50,30407.50,1.00
2026-06-16 10:28:36,30408.00,30408.00,30406.25,30407.75,9,30403.00,30404.00,1.00
2026-06-16 10:28:37,30406.75,30406.75,30402.75,30402.75,11,30395.75,30396.50,0.75
2026-06-16 10:28:38,30403.75,30404.75,30397.50,30398.00,32,30390.75,30391.75,1.00
2026-06-16 10:28:39,30395.75,30395.75,30391.50,30391.50,27,30391.75,30392.50,0.75
2026-06-16 10:28:40,30391.50,30393.75,30389.75,30393.50,20,30392.75,30393.50,0.75
2026-06-16 10:28:41,30393.25,30395.75,30392.75,30393.25,29,30394.75,30395.75,1.00
2026-06-16 10:28:42,30392.50,30394.75,30391.50,30394.75,17,30392.25,30393.25,1.00
2026-06-16 10:28:43,30395.75,30396.25,30391.75,30392.25,18,30394.75,30395.75,1.00
2026-06-16 10:28:44,30392.75,30393.75,30392.25,30393.75,8,30394.25,30394.75,0.50
2026-06-16 10:28:45,30393.75,30396.50,30393.75,30394.50,15,30390.25,30391.25,1.00
2026-06-16 10:28:46,30394.25,30394.25,30389.75,30390.00,14,30390.75,30391.50,0.75
2026-06-16 10:28:47,30390.00,30392.50,30388.75,30391.75,28,30390.00,30390.75,0.75
2026-06-16 10:28:48,30390.25,30390.25,30390.00,30390.00,3,30392.00,30393.00,1.00
2026-06-16 10:28:49,30391.00,30392.50,30390.00,30392.50,10,30390.25,30391.25,1.00
2026-06-16 10:28:50,30394.00,30394.50,30391.50,30391.75,8,30387.75,30388.75,1.00
2026-06-16 10:28:51,30391.25,30391.25,30386.50,30387.75,39,30384.50,30385.50,1.00
2026-06-16 10:28:52,30386.75,30387.00,30384.00,30384.25,18,30386.25,30387.25,1.00
2026-06-16 10:28:53,30384.00,30388.25,30384.00,30387.25,4,30386.75,30387.75,1.00
2026-06-16 10:28:54,30386.50,30388.00,30384.50,30386.00,18,30386.75,30387.75,1.00
2026-06-16 10:28:55,30387.25,30387.75,30384.00,30384.50,15,30384.50,30385.25,0.75
2026-06-16 10:28:56,30385.75,30386.25,30384.00,30384.00,10,30381.50,30382.25,0.75
2026-06-16 10:28:57,30383.50,30383.50,30382.00,30382.00,9,30382.00,30383.00,1.00
2026-06-16 10:28:58,30383.00,30384.25,30382.25,30382.25,8,30385.75,30386.50,0.75
2026-06-16 10:28:59,30382.25,30386.25,30382.00,30386.00,15,30380.75,30381.75,1.00
2026-06-16 10:29:00,30385.50,30386.00,30382.50,30382.50,14,30381.25,30382.00,0.75
2026-06-16 10:29:01,30382.25,30383.75,30380.00,30381.75,44,30385.50,30386.25,0.75
2026-06-16 10:29:02,30385.00,30385.75,30384.00,30385.25,48,30386.25,30387.50,1.25
2026-06-16 10:29:03,30384.75,30390.00,30384.75,30387.25,55,30389.00,30390.00,1.00
2026-06-16 10:29:04,30387.50,30389.50,30385.00,30389.50,33,30388.00,30389.00,1.00
2026-06-16 10:29:05,30390.75,30391.25,30386.75,30389.25,37,30387.25,30388.25,1.00
2026-06-16 10:29:06,30388.25,30388.75,30388.00,30388.00,5,30388.25,30389.00,0.75
2026-06-16 10:29:07,30387.75,30388.50,30385.75,30387.75,47,30384.50,30385.50,1.00
2026-06-16 10:29:08,30388.25,30389.25,30384.00,30384.50,43,30383.50,30384.50,1.00
2026-06-16 10:29:09,30384.75,30385.25,30383.00,30385.25,15,30381.00,30382.00,1.00
2026-06-16 10:29:10,30382.75,30382.75,30379.75,30380.50,31,30384.00,30385.00,1.00
2026-06-16 10:29:11,30381.25,30382.75,30381.00,30382.00,5,30384.25,30386.00,1.75
2026-06-16 10:29:12,30385.00,30385.50,30383.50,30383.50,8,30384.25,30386.00,1.75
2026-06-16 10:29:13,30385.00,30389.75,30384.75,30389.75,34,30387.00,30388.00,1.00
2026-06-16 10:29:14,30387.50,30387.75,30387.50,30387.50,3,30382.25,30383.25,1.00
2026-06-16 10:29:15,30388.75,30389.00,30383.25,30383.25,8,30380.75,30381.50,0.75
2026-06-16 10:29:16,30381.75,30382.00,30380.25,30381.75,37,30380.75,30381.75,1.00
2026-06-16 10:29:17,30381.00,30381.00,30380.00,30380.00,10,30382.00,30383.00,1.00
2026-06-16 10:29:18,30381.75,30383.50,30381.75,30382.75,15,30379.25,30380.00,0.75
2026-06-16 10:29:19,30378.50,30380.25,30378.00,30379.50,20,30380.25,30381.25,1.00
2026-06-16 10:29:20,30381.00,30382.00,30380.00,30381.00,10,30378.00,30379.00,1.00
2026-06-16 10:29:21,30380.75,30380.75,30375.25,30378.50,30,30376.50,30377.75,1.25
2026-06-16 10:29:22,30378.00,30378.00,30375.00,30377.00,30,30376.00,30377.00,1.00
2026-06-16 10:29:23,30376.25,30377.75,30376.00,30376.00,23,30375.00,30376.00,1.00
2026-06-16 10:29:24,30375.75,30376.50,30375.50,30376.00,10,30374.00,30375.00,1.00
2026-06-16 10:29:25,30375.00,30375.25,30372.50,30374.75,43,30375.50,30376.25,0.75
2026-06-16 10:29:26,30375.00,30376.75,30374.50,30376.50,16,30376.50,30377.25,0.75
2026-06-16 10:29:27,30375.50,30378.25,30373.75,30377.00,61,30378.25,30379.00,0.75
2026-06-16 10:29:28,30377.50,30381.75,30377.25,30377.25,46,30377.50,30378.50,1.00
2026-06-16 10:29:29,30379.00,30381.00,30379.00,30379.50,7,30379.00,30380.00,1.00
2026-06-16 10:29:30,30379.25,30379.75,30378.75,30378.75,6,30378.25,30379.25,1.00
2026-06-16 10:29:31,30377.25,30379.25,30377.25,30379.25,4,30379.75,30380.75,1.00
2026-06-16 10:29:32,30378.25,30382.50,30378.25,30382.50,19,30381.25,30382.25,1.00
2026-06-16 10:29:33,30379.00,30383.00,30379.00,30383.00,10,30380.00,30381.25,1.25
2026-06-16 10:29:34,30380.75,30382.00,30380.50,30380.50,3,30378.50,30379.25,0.75
2026-06-16 10:29:35,30380.50,30380.50,30378.00,30378.75,9,30380.25,30381.25,1.00
2026-06-16 10:29:36,30377.75,30379.00,30376.50,30379.00,21,30383.75,30384.75,1.00
2026-06-16 10:29:37,30381.75,30385.25,30381.75,30384.25,14,30382.00,30383.00,1.00
2026-06-16 10:29:38,30384.75,30385.00,30383.00,30383.75,4,30376.50,30377.50,1.00
2026-06-16 10:29:39,30382.00,30382.00,30376.75,30376.75,12,30379.00,30380.00,1.00
2026-06-16 10:29:40,30377.50,30379.25,30377.50,30379.25,5,30379.25,30380.50,1.25
2026-06-16 10:29:41,30379.00,30379.00,30378.00,30379.00,4,30377.50,30378.50,1.00
2026-06-16 10:29:42,30380.00,30380.75,30377.75,30377.75,7,30376.75,30377.75,1.00
2026-06-16 10:29:43,30379.00,30379.00,30376.75,30376.75,2,30378.25,30379.50,1.25
2026-06-16 10:29:44,30377.75,30380.25,30377.75,30380.25,6,30376.75,30378.00,1.25
2026-06-16 10:29:45,30378.25,30379.00,30376.50,30377.00,19,30376.75,30377.75,1.00
2026-06-16 10:29:46,30376.50,30378.50,30375.25,30378.00,14,30376.75,30377.75,1.00
2026-06-16 10:29:47,30377.50,30377.50,30377.50,30377.50,1,30375.75,30377.00,1.25
2026-06-16 10:29:48,30377.75,30377.75,30375.75,30376.00,8,30378.00,30379.00,1.00
2026-06-16 10:29:49,30375.25,30376.50,30375.00,30376.50,5,30377.50,30378.50,1.00
2026-06-16 10:29:50,30380.25,30380.25,30378.75,30378.75,2,30381.00,30381.75,0.75
2026-06-16 10:29:51,30380.00,30381.50,30380.00,30381.50,3,30382.50,30383.50,1.00
2026-06-16 10:29:52,30379.75,30384.25,30379.75,30384.25,12,30381.00,30382.00,1.00
2026-06-16 10:29:53,30382.75,30385.50,30381.25,30381.25,35,30379.25,30380.25,1.00
2026-06-16 10:29:54,30382.00,30382.00,30379.25,30380.25,10,30378.50,30379.50,1.00
2026-06-16 10:29:55,30380.50,30381.25,30380.50,30380.50,3,30379.00,30380.00,1.00
2026-06-16 10:29:56,30378.50,30380.00,30377.50,30379.75,16,30379.50,30380.50,1.00
2026-06-16 10:29:57,30378.75,30381.00,30378.50,30381.00,6,30380.00,30381.00,1.00
2026-06-16 10:29:58,30381.00,30381.00,30380.00,30380.00,7,30377.75,30378.75,1.00
2026-06-16 10:29:59,30379.75,30379.75,30377.50,30378.25,19,30374.25,30375.25,1.00
2026-06-16 10:30:00,30378.00,30379.00,30374.25,30374.25,36,30369.75,30370.75,1.00
2026-06-16 10:30:01,30375.50,30375.50,30369.50,30369.50,63,30365.00,30366.00,1.00
2026-06-16 10:30:02,30371.00,30373.25,30364.50,30364.50,86,30363.75,30365.00,1.25
2026-06-16 10:30:03,30366.00,30367.25,30362.75,30363.00,79,30362.50,30363.75,1.25
2026-06-16 10:30:04,30366.00,30366.75,30361.00,30363.25,91,30363.50,30364.50,1.00
2026-06-16 10:30:05,30360.75,30366.25,30358.50,30362.00,121,30361.25,30362.25,1.00
2026-06-16 10:30:06,30364.00,30365.75,30359.75,30360.75,70,30361.25,30362.25,1.00
2026-06-16 10:30:07,30361.00,30366.00,30361.00,30362.00,42,30366.25,30367.75,1.50
2026-06-16 10:30:08,30363.75,30368.00,30361.25,30368.00,42,30366.25,30367.50,1.25
2026-06-16 10:30:09,30366.50,30367.50,30365.50,30366.75,16,30367.50,30368.50,1.00
2026-06-16 10:30:10,30367.50,30369.75,30367.00,30367.00,19,30359.50,30360.50,1.00
2026-06-16 10:30:11,30368.50,30369.50,30359.75,30359.75,24,30356.75,30357.75,1.00
2026-06-16 10:30:12,30361.00,30361.00,30355.75,30356.75,41,30357.00,30357.75,0.75
2026-06-16 10:30:13,30356.50,30358.00,30355.75,30357.25,14,30357.75,30358.75,1.00
2026-06-16 10:30:14,30357.25,30361.75,30356.50,30356.50,62,30358.25,30359.00,0.75
2026-06-16 10:30:15,30357.25,30360.25,30357.00,30358.25,21,30356.50,30357.50,1.00
2026-06-16 10:30:16,30358.25,30359.00,30355.00,30356.75,38,30355.25,30355.75,0.50
2026-06-16 10:30:17,30356.50,30357.25,30355.25,30355.25,24,30349.00,30349.75,0.75
2026-06-16 10:30:18,30355.25,30357.00,30348.50,30350.00,117,30349.00,30349.75,0.75
2026-06-16 10:30:19,30349.00,30350.75,30344.50,30345.75,60,30340.75,30341.75,1.00
2026-06-16 10:30:20,30346.25,30346.25,30339.50,30339.50,70,30345.25,30346.00,0.75
2026-06-16 10:30:21,30340.75,30346.25,30340.00,30346.25,57,30343.75,30344.75,1.00
2026-06-16 10:30:22,30346.00,30346.50,30342.50,30345.25,26,30344.50,30345.50,1.00
2026-06-16 10:30:23,30343.25,30345.75,30342.00,30345.75,48,30351.25,30352.25,1.00
2026-06-16 10:30:24,30344.25,30352.50,30344.25,30350.75,59,30352.50,30353.50,1.00
2026-06-16 10:30:25,30352.25,30354.25,30350.00,30352.75,51,30347.75,30348.50,0.75
2026-06-16 10:30:26,30352.25,30353.25,30347.25,30348.75,30,30347.25,30348.00,0.75
2026-06-16 10:30:27,30348.50,30348.75,30346.50,30347.75,16,30345.50,30346.50,1.00
2026-06-16 10:30:28,30345.75,30347.25,30345.25,30347.25,14,30352.00,30353.00,1.00
2026-06-16 10:30:29,30348.50,30353.25,30348.50,30352.00,11,30349.75,30350.75,1.00
2026-06-16 10:30:30,30352.00,30352.25,30349.50,30350.75,18,30352.25,30353.25,1.00
2026-06-16 10:30:31,30349.75,30353.75,30349.50,30353.75,18,30348.25,30349.25,1.00
2026-06-16 10:30:32,30352.75,30352.75,30348.75,30349.25,11,30347.00,30348.00,1.00
2026-06-16 10:30:33,30348.25,30348.75,30347.50,30348.25,14,30340.25,30341.25,1.00
2026-06-16 10:30:34,30347.00,30348.00,30340.75,30340.75,30,30342.00,30343.00,1.00
2026-06-16 10:30:35,30340.25,30342.50,30339.25,30342.50,46,30342.75,30343.75,1.00
2026-06-16 10:30:36,30342.50,30344.75,30340.75,30343.50,34,30344.25,30345.25,1.00
2026-06-16 10:30:37,30344.25,30346.75,30343.00,30346.00,31,30343.25,30345.00,1.75
2026-06-16 10:30:38,30346.00,30348.25,30344.50,30344.50,8,30343.25,30345.00,1.75
2026-06-16 10:30:39,30343.75,30345.50,30342.25,30342.25,27,30340.25,30341.75,1.50
2026-06-16 10:30:40,30340.75,30342.50,30339.00,30339.00,34,30339.50,30341.25,1.75
2026-06-16 10:30:41,30340.25,30342.25,30339.75,30340.00,18,30338.50,30339.50,1.00
2026-06-16 10:30:42,30338.75,30339.00,30338.25,30339.00,14,30338.50,30339.25,0.75
2026-06-16 10:30:43,30338.25,30339.25,30336.75,30338.00,37,30341.25,30342.00,0.75
2026-06-16 10:30:44,30339.25,30342.00,30339.25,30342.00,49,30342.50,30343.50,1.00
2026-06-16 10:30:45,30341.25,30344.00,30341.25,30343.25,19,30343.25,30344.75,1.50
2026-06-16 10:30:46,30343.75,30344.75,30341.75,30344.75,15,30343.00,30344.25,1.25
2026-06-16 10:30:47,30344.75,30345.50,30343.00,30343.00,17,30346.00,30347.00,1.00
2026-06-16 10:30:48,30344.25,30347.50,30344.25,30347.25,23,30347.75,30348.75,1.00
2026-06-16 10:30:49,30346.00,30350.75,30346.00,30348.50,71,30344.75,30345.75,1.00
2026-06-16 10:30:50,30347.75,30349.25,30344.25,30345.75,46,30344.50,30346.00,1.50
2026-06-16 10:30:51,30345.75,30347.75,30345.25,30346.25,17,30343.25,30344.25,1.00
2026-06-16 10:30:52,30344.00,30344.75,30342.75,30343.50,14,30342.00,30343.00,1.00
2026-06-16 10:30:53,30343.25,30343.75,30342.75,30342.75,14,30340.00,30340.50,0.50
2026-06-16 10:30:54,30343.00,30343.50,30340.25,30340.25,36,30338.50,30339.25,0.75
2026-06-16 10:30:55,30340.00,30340.00,30337.75,30338.50,19,30339.50,30340.50,1.00
2026-06-16 10:30:56,30340.00,30342.25,30339.00,30340.00,27,30339.00,30340.00,1.00
2026-06-16 10:30:57,30339.25,30339.75,30338.50,30339.75,22,30339.25,30340.25,1.00
2026-06-16 10:30:58,30339.25,30340.25,30338.50,30340.25,9,30337.25,30338.25,1.00
2026-06-16 10:30:59,30338.75,30338.75,30337.25,30338.00,10,30338.75,30339.75,1.00
2026-06-16 10:31:00,30337.25,30339.25,30337.00,30339.25,6,30343.50,30344.75,1.25
2026-06-16 10:31:01,30340.25,30346.25,30340.25,30344.75,67,30338.75,30339.75,1.00
2026-06-16 10:31:02,30343.50,30343.50,30338.00,30338.75,56,30336.50,30337.50,1.00
2026-06-16 10:31:03,30338.00,30341.50,30336.75,30337.75,33,30337.25,30338.00,0.75
2026-06-16 10:31:04,30337.50,30337.75,30335.75,30336.75,58,30340.00,30341.00,1.00
2026-06-16 10:31:05,30337.25,30341.25,30337.00,30340.75,21,30336.25,30337.25,1.00
2026-06-16 10:31:06,30339.50,30339.50,30335.75,30337.00,11,30335.50,30336.25,0.75
2026-06-16 10:31:07,30336.50,30336.50,30334.00,30335.50,26,30338.00,30339.00,1.00
2026-06-16 10:31:08,30335.50,30339.75,30335.50,30339.75,14,30346.25,30347.25,1.00
2026-06-16 10:31:09,30338.25,30348.50,30338.25,30346.50,43,30344.00,30345.25,1.25
2026-06-16 10:31:10,30346.75,30348.00,30343.50,30346.50,39,30347.50,30348.50,1.00
2026-06-16 10:31:11,30344.50,30348.00,30344.50,30348.00,36,30346.75,30348.00,1.25
2026-06-16 10:31:12,30348.50,30350.00,30347.75,30348.00,11,30347.00,30347.50,0.50
2026-06-16 10:31:13,30348.50,30349.00,30347.25,30347.75,17,30346.00,30347.00,1.00
2026-06-16 10:31:14,30347.00,30350.00,30345.25,30348.50,18,30340.50,30341.50,1.00
2026-06-16 10:31:15,30346.50,30346.75,30340.00,30342.00,35,30338.00,30339.00,1.00
2026-06-16 10:31:16,30340.25,30341.75,30338.50,30338.50,21,30338.00,30339.00,1.00
2026-06-16 10:31:17,30338.00,30341.25,30336.50,30336.50,18,30332.25,30333.25,1.00
2026-06-16 10:31:18,30336.25,30336.25,30332.25,30333.00,40,30332.25,30333.25,1.00
2026-06-16 10:31:19,30332.50,30332.50,30330.00,30331.00,90,30331.75,30332.50,0.75
2026-06-16 10:31:20,30330.25,30333.00,30330.00,30332.00,44,30331.50,30332.50,1.00
2026-06-16 10:31:21,30331.50,30334.25,30331.50,30332.75,24,30326.75,30327.75,1.00
2026-06-16 10:31:22,30331.50,30332.75,30325.00,30326.75,104,30331.75,30333.75,2.00
2026-06-16 10:31:23,30326.75,30333.50,30326.50,30333.50,63,30329.00,30330.00,1.00
2026-06-16 10:31:24,30333.50,30333.50,30329.25,30329.50,16,30326.25,30327.75,1.50
2026-06-16 10:31:25,30329.00,30330.00,30327.25,30327.25,25,30325.25,30326.00,0.75
2026-06-16 10:31:26,30327.00,30328.75,30324.75,30326.00,24,30325.00,30325.75,0.75
2026-06-16 10:31:27,30325.25,30326.75,30324.50,30325.75,25,30322.50,30323.25,0.75
2026-06-16 10:31:28,30324.00,30324.50,30322.50,30322.50,30,30320.50,30321.50,1.00
2026-06-16 10:31:29,30322.50,30323.25,30319.25,30320.75,58,30318.75,30319.75,1.00
2026-06-16 10:31:30,30320.50,30322.50,30318.75,30319.00,28,30324.25,30325.00,0.75
2026-06-16 10:31:31,30319.25,30326.00,30318.75,30325.50,51,30325.25,30326.25,1.00
2026-06-16 10:31:32,30324.00,30326.25,30324.00,30325.00,24,30329.50,30330.75,1.25
2026-06-16 10:31:33,30325.00,30330.25,30325.00,30330.25,105,30329.25,30330.25,1.00
2026-06-16 10:31:34,30329.50,30331.75,30329.00,30329.75,31,30326.00,30327.25,1.25
2026-06-16 10:31:35,30330.00,30332.25,30326.00,30327.75,35,30323.50,30324.50,1.00
2026-06-16 10:31:36,30326.25,30327.00,30323.50,30324.25,24,30323.00,30324.25,1.25
2026-06-16 10:31:37,30324.00,30325.75,30322.75,30323.50,20,30322.00,30322.75,0.75
2026-06-16 10:31:38,30322.75,30325.25,30322.50,30322.50,15,30319.50,30320.00,0.50
2026-06-16 10:31:39,30322.75,30322.75,30318.75,30319.50,48,30323.00,30324.00,1.00
2026-06-16 10:31:40,30319.75,30324.25,30319.25,30324.25,19,30321.75,30322.50,0.75
2026-06-16 10:31:41,30323.50,30324.75,30321.75,30321.75,17,30318.50,30319.50,1.00
2026-06-16 10:31:42,30323.00,30323.00,30318.75,30319.25,47,30322.00,30323.00,1.00
2026-06-16 10:31:43,30319.75,30322.50,30317.00,30322.00,49,30322.00,30323.00,1.00
2026-06-16 10:31:44,30322.75,30323.00,30319.50,30321.50,26,30321.75,30322.50,0.75
2026-06-16 10:31:45,30322.25,30322.25,30319.75,30320.00,28,30317.75,30318.50,0.75
2026-06-16 10:31:46,30322.25,30322.50,30318.00,30318.50,11,30313.00,30313.75,0.75
2026-06-16 10:31:47,30317.75,30317.75,30313.00,30313.75,38,30314.75,30315.25,0.50
2026-06-16 10:31:48,30313.00,30315.75,30312.75,30314.50,29,30316.00,30316.75,0.75
2026-06-16 10:31:49,30314.50,30317.25,30314.25,30316.75,29,30315.00,30315.75,0.75
2026-06-16 10:31:50,30315.00,30315.00,30313.00,30314.50,11,30317.50,30318.25,0.75
2026-06-16 10:31:51,30315.00,30321.00,30315.00,30317.50,57,30316.25,30317.25,1.00
2026-06-16 10:31:52,30319.50,30319.50,30317.75,30319.00,13,30317.00,30318.50,1.50
2026-06-16 10:31:53,30316.50,30318.25,30316.50,30317.75,18,30319.75,30320.50,0.75
2026-06-16 10:31:54,30317.50,30320.50,30317.50,30320.50,5,30316.50,30317.25,0.75
2026-06-16 10:31:55,30320.00,30320.00,30317.75,30318.00,29,30314.75,30315.50,0.75
2026-06-16 10:31:56,30316.75,30317.50,30314.25,30314.25,17,30311.75,30312.50,0.75
2026-06-16 10:31:57,30314.75,30314.75,30311.50,30311.50,37,30311.00,30311.75,0.75
2026-06-16 10:31:58,30311.75,30312.00,30310.00,30311.25,50,30311.50,30312.50,1.00
2026-06-16 10:31:59,30311.25,30312.75,30309.75,30311.25,36,30312.50,30313.25,0.75
2026-06-16 10:32:00,30312.50,30312.75,30309.75,30312.25,27,30314.50,30315.25,0.75
2026-06-16 10:32:01,30313.50,30315.50,30312.75,30315.00,64,30314.00,30314.75,0.75
2026-06-16 10:32:02,30315.25,30318.00,30313.75,30314.75,44,30305.75,30306.75,1.00
2026-06-16 10:32:03,30314.00,30314.75,30305.25,30306.75,107,30301.25,30302.00,0.75
2026-06-16 10:32:04,30306.75,30309.50,30301.25,30302.00,64,30301.75,30302.50,0.75
2026-06-16 10:32:05,30301.25,30303.50,30300.50,30303.00,36,30303.75,30305.00,1.25
2026-06-16 10:32:06,30302.25,30305.75,30301.00,30304.00,28,30303.75,30305.00,1.25
2026-06-16 10:32:07,30304.50,30304.50,30297.75,30297.75,67,30296.50,30297.25,0.75
2026-06-16 10:32:08,30298.75,30298.75,30295.00,30296.00,50,30298.50,30299.25,0.75
2026-06-16 10:32:09,30297.25,30300.25,30296.00,30300.25,41,30299.00,30299.75,0.75
2026-06-16 10:32:10,30298.75,30302.00,30298.75,30300.50,38,30297.25,30298.50,1.25
2026-06-16 10:32:11,30300.00,30301.25,30297.25,30298.25,19,30300.50,30302.00,1.50
2026-06-16 10:32:12,30297.25,30300.50,30296.00,30300.50,22,30301.00,30302.00,1.00
2026-06-16 10:32:13,30300.00,30308.00,30300.00,30302.00,131,30302.25,30303.50,1.25
2026-06-16 10:32:14,30301.00,30302.75,30300.00,30302.75,30,30308.25,30309.75,1.50
2026-06-16 10:32:15,30303.75,30309.50,30303.75,30309.50,30,30310.00,30311.00,1.00
2026-06-16 10:32:16,30310.00,30312.00,30308.75,30311.00,36,30306.75,30308.00,1.25
2026-06-16 10:32:17,30311.00,30312.00,30308.25,30309.00,22,30307.50,30308.50,1.00
2026-06-16 10:32:18,30307.25,30310.00,30306.25,30308.25,24,30303.50,30304.75,1.25
2026-06-16 10:32:19,30307.00,30308.00,30303.25,30304.75,19,30300.75,30301.75,1.00
2026-06-16 10:32:20,30303.50,30307.25,30301.25,30301.25,91,30302.00,30303.00,1.00
2026-06-16 10:32:21,30302.50,30303.25,30300.75,30303.00,18,30300.50,30301.50,1.00
2026-06-16 10:32:22,30302.00,30303.00,30298.50,30301.00,100,30296.25,30297.75,1.50
2026-06-16 10:32:23,30299.00,30300.00,30296.25,30296.75,25,30300.00,30301.25,1.25
2026-06-16 10:32:24,30295.50,30301.00,30294.50,30299.75,42,30310.75,30311.50,0.75
2026-06-16 10:32:25,30301.25,30311.25,30301.25,30310.75,166,30314.50,30315.75,1.25
2026-06-16 10:32:26,30311.50,30322.25,30311.50,30314.75,169,30314.50,30315.75,1.25
2026-06-16 10:32:27,30316.00,30316.00,30311.75,30311.75,49,30315.50,30317.25,1.75
2026-06-16 10:32:28,30311.75,30316.50,30311.75,30316.50,13,30315.25,30316.50,1.25
2026-06-16 10:32:29,30315.50,30316.75,30313.00,30314.50,26,30324.00,30325.75,1.75
2026-06-16 10:32:30,30316.00,30324.75,30315.25,30324.00,39,30321.25,30322.75,1.50
2026-06-16 10:32:31,30324.75,30326.75,30320.50,30323.00,53,30320.25,30321.75,1.50
2026-06-16 10:32:32,30324.50,30326.00,30318.00,30318.00,57,30319.75,30321.25,1.50
2026-06-16 10:32:33,30321.75,30322.00,30319.25,30320.50,42,30325.75,30327.50,1.75
2026-06-16 10:32:34,30322.50,30326.50,30317.75,30326.50,24,30322.50,30323.75,1.25
2026-06-16 10:32:35,30327.00,30328.25,30324.75,30324.75,23,30320.00,30321.00,1.00
2026-06-16 10:32:36,30323.75,30326.00,30321.00,30321.00,50,30322.00,30323.25,1.25
2026-06-16 10:32:37,30321.50,30323.50,30319.25,30321.25,44,30320.75,30321.75,1.00
2026-06-16 10:32:38,30322.00,30323.00,30318.50,30320.75,62,30320.25,30321.50,1.25
2026-06-16 10:32:39,30321.75,30322.50,30320.25,30321.00,25,30319.00,30320.00,1.00
2026-06-16 10:32:40,30321.25,30321.50,30317.75,30320.50,8,30315.50,30316.50,1.00
2026-06-16 10:32:41,30319.25,30319.25,30315.00,30315.25,28,30311.25,30312.00,0.75
2026-06-16 10:32:42,30317.00,30317.00,30312.00,30312.00,9,30308.25,30309.00,0.75
2026-06-16 10:32:43,30311.25,30311.25,30308.00,30308.75,23,30304.25,30305.00,0.75
2026-06-16 10:32:44,30308.25,30308.25,30304.00,30304.00,19,30303.75,30304.50,0.75
2026-06-16 10:32:45,30305.00,30307.00,30303.75,30304.75,26,30305.25,30306.25,1.00
2026-06-16 10:32:46,30302.50,30306.25,30301.50,30304.75,50,30307.50,30308.75,1.25
2026-06-16 10:32:47,30306.25,30307.00,30304.75,30306.00,10,30308.25,30309.25,1.00
2026-06-16 10:32:48,30307.00,30309.75,30305.50,30309.00,39,30311.75,30312.75,1.00
2026-06-16 10:32:49,30308.50,30313.25,30307.75,30313.25,16,30313.00,30314.00,1.00
2026-06-16 10:32:50,30313.25,30313.75,30311.00,30313.75,13,30317.25,30318.25,1.00
2026-06-16 10:32:51,30313.75,30318.75,30313.75,30318.75,17,30317.25,30318.25,1.00
2026-06-16 10:32:52,30317.25,30323.50,30316.00,30323.50,89,30322.00,30323.25,1.25
2026-06-16 10:32:53,30321.50,30323.50,30321.50,30322.25,8,30319.50,30321.00,1.50
2026-06-16 10:32:54,30322.75,30324.00,30319.75,30319.75,59,30314.00,30315.75,1.75
2026-06-16 10:32:55,30320.00,30320.25,30315.25,30315.25,37,30311.00,30312.25,1.25
2026-06-16 10:32:56,30314.75,30314.75,30310.00,30310.00,40,30312.25,30313.75,1.50
2026-06-16 10:32:57,30311.75,30312.00,30309.75,30312.00,21,30313.25,30314.50,1.25
2026-06-16 10:32:58,30313.50,30314.75,30313.25,30314.00,11,30313.50,30314.75,1.25
2026-06-16 10:32:59,30313.25,30314.25,30312.75,30314.25,6,30310.75,30312.00,1.25
2026-06-16 10:33:00,30313.25,30314.00,30312.50,30312.75,10,30311.25,30312.75,1.50
2026-06-16 10:33:01,30310.75,30313.75,30309.50,30310.50,19,30317.25,30318.50,1.25
2026-06-16 10:33:02,30313.75,30316.50,30313.25,30316.50,16,30311.75,30313.00,1.25
2026-06-16 10:33:03,30317.25,30317.25,30311.75,30311.75,17,30315.50,30316.50,1.00
2026-06-16 10:33:04,30313.00,30318.50,30313.00,30316.75,21,30312.25,30314.00,1.75
2026-06-16 10:33:05,30316.50,30318.75,30313.75,30313.75,19,30319.00,30320.25,1.25
2026-06-16 10:33:06,30313.00,30319.50,30313.00,30319.00,15,30321.00,30322.25,1.25
2026-06-16 10:33:07,30320.50,30324.00,30319.50,30323.50,23,30318.25,30319.50,1.25
2026-06-16 10:33:08,30321.25,30323.50,30320.00,30321.75,17,30316.25,30317.00,0.75
2026-06-16 10:33:09,30318.50,30319.50,30316.00,30316.00,17,30315.00,30316.00,1.00
2026-06-16 10:33:10,30317.25,30320.50,30315.25,30315.25,17,30315.25,30316.25,1.00
2026-06-16 10:33:11,30316.00,30318.50,30315.50,30315.50,15,30309.25,30310.50,1.25
2026-06-16 10:33:12,30315.00,30315.00,30309.00,30309.75,19,30304.00,30305.00,1.00
2026-06-16 10:33:13,30310.00,30310.00,30305.50,30305.50,16,30304.50,30305.50,1.00
2026-06-16 10:33:14,30304.00,30305.50,30301.50,30304.50,60,30302.00,30303.00,1.00
2026-06-16 10:33:15,30304.25,30304.25,30302.25,30303.25,5,30298.50,30299.50,1.00
2026-06-16 10:33:16,30301.00,30301.50,30298.00,30298.75,33,30298.00,30299.00,1.00
2026-06-16 10:33:17,30299.50,30300.50,30298.25,30299.75,16,30298.25,30299.00,0.75
2026-06-16 10:33:18,30299.00,30300.50,30297.25,30298.00,35,30301.25,30302.00,0.75
2026-06-16 10:33:19,30299.00,30302.50,30298.75,30301.75,12,30297.25,30298.25,1.00
2026-06-16 10:33:20,30301.75,30302.50,30298.75,30298.75,17,30299.50,30300.50,1.00
2026-06-16 10:33:21,30299.75,30300.50,30298.00,30298.50,15,30302.50,30303.75,1.25
2026-06-16 10:33:22,30300.25,30310.25,30299.75,30306.25,117,30299.00,30300.00,1.00
2026-06-16 10:33:23,30303.25,30303.25,30299.75,30299.75,21,30296.75,30297.50,0.75
2026-06-16 10:33:24,30300.00,30301.75,30296.75,30296.75,28,30302.00,30302.75,0.75
2026-06-16 10:33:25,30297.50,30302.75,30296.50,30301.75,44,30304.50,30305.50,1.00
2026-06-16 10:33:26,30303.50,30305.75,30301.75,30305.00,29,30296.25,30297.25,1.00
2026-06-16 10:33:27,30305.75,30306.75,30297.50,30299.25,29,30293.75,30294.75,1.00
2026-06-16 10:33:28,30296.75,30297.50,30292.75,30294.75,91,30294.25,30295.25,1.00
2026-06-16 10:33:29,30294.00,30297.25,30293.25,30295.50,28,30295.25,30296.25,1.00
2026-06-16 10:33:30,30295.50,30296.00,30293.75,30295.00,18,30293.75,30294.75,1.00
2026-06-16 10:33:31,30296.50,30298.25,30294.25,30295.00,60,30286.00,30287.50,1.50
2026-06-16 10:33:32,30294.75,30294.75,30286.25,30286.50,88,30285.50,30286.25,0.75
2026-06-16 10:33:33,30286.00,30287.75,30283.25,30285.50,79,30286.50,30287.50,1.00
2026-06-16 10:33:34,30286.25,30288.25,30283.75,30283.75,75,30286.75,30287.75,1.00
2026-06-16 10:33:35,30286.50,30289.00,30286.00,30286.75,32,30292.00,30293.00,1.00
2026-06-16 10:33:36,30287.75,30293.00,30287.25,30292.50,44,30290.25,30291.50,1.25
2026-06-16 10:33:37,30291.75,30293.50,30289.50,30293.50,56,30290.25,30291.50,1.25
2026-06-16 10:33:38,30290.50,30294.25,30290.50,30293.00,38,30296.00,30296.50,0.50
2026-06-16 10:33:39,30294.75,30297.75,30293.75,30297.00,85,30295.75,30296.75,1.00
2026-06-16 10:33:40,30295.00,30297.25,30295.00,30296.00,18,30299.00,30300.00,1.00
2026-06-16 10:33:41,30296.00,30301.75,30296.00,30298.75,33,30303.75,30304.75,1.00
2026-06-16 10:33:42,30300.00,30306.25,30300.00,30304.00,21,30304.00,30305.50,1.50
2026-06-16 10:33:43,30304.75,30309.00,30302.25,30305.75,82,30307.75,30308.50,0.75
2026-06-16 10:33:44,30304.50,30308.75,30303.25,30307.25,18,30308.25,30309.00,0.75
2026-06-16 10:33:45,30308.75,30309.75,30307.00,30309.75,24,30300.50,30301.25,0.75
2026-06-16 10:33:46,30308.25,30309.50,30300.50,30300.50,29,30301.25,30302.25,1.00
2026-06-16 10:33:47,30300.50,30303.50,30300.00,30301.50,23,30299.00,30299.75,0.75
2026-06-16 10:33:48,30301.75,30304.25,30298.50,30299.75,23,30294.75,30295.50,0.75
2026-06-16 10:33:49,30299.50,30299.50,30293.75,30295.50,16,30298.00,30299.00,1.00
2026-06-16 10:33:50,30296.25,30299.25,30296.25,30299.00,33,30300.25,30301.50,1.25
2026-06-16 10:33:51,30299.50,30304.25,30299.50,30303.25,18,30304.75,30305.50,0.75
2026-06-16 10:33:52,30301.75,30304.00,30301.25,30304.00,7,30305.00,30306.00,1.00
2026-06-16 10:33:53,30305.75,30306.00,30303.00,30303.00,16,30307.00,30308.00,1.00
2026-06-16 10:33:54,30305.50,30309.75,30305.00,30309.75,17,30308.25,30309.00,0.75
2026-06-16 10:33:55,30307.50,30311.50,30306.75,30307.50,27,30308.25,30309.00,0.75
2026-06-16 10:33:56,30309.00,30309.75,30307.25,30308.50,12,30310.50,30311.25,0.75
2026-06-16 10:33:57,30307.75,30312.00,30306.50,30310.75,25,30313.75,30314.75,1.00
2026-06-16 10:33:58,30311.00,30314.50,30308.25,30314.50,49,30313.50,30314.50,1.00
2026-06-16 10:33:59,30314.00,30315.25,30313.25,30314.25,24,30313.25,30314.25,1.00
2026-06-16 10:34:00,30313.00,30314.75,30312.00,30314.75,29,30315.25,30316.25,1.00
2026-06-16 10:34:01,30313.00,30315.25,30310.25,30315.25,20,30315.25,30316.25,1.00
2026-06-16 10:34:02,30315.50,30321.00,30314.75,30320.50,61,30320.50,30321.75,1.25
2026-06-16 10:34:03,30321.25,30323.75,30317.75,30319.75,40,30319.50,30320.75,1.25
2026-06-16 10:34:04,30320.50,30320.50,30317.00,30319.50,10,30319.50,30320.50,1.00
2026-06-16 10:34:05,30322.25,30324.00,30316.00,30318.00,19,30319.25,30320.50,1.25
2026-06-16 10:34:06,30319.50,30322.00,30317.75,30319.25,38,30319.00,30320.00,1.00
2026-06-16 10:34:07,30320.75,30322.50,30318.50,30320.00,40,30314.00,30315.25,1.25
2026-06-16 10:34:08,30318.75,30319.00,30313.75,30313.75,47,30307.75,30309.00,1.25
2026-06-16 10:34:09,30315.50,30315.50,30304.25,30307.50,88,30313.00,30314.25,1.25
2026-06-16 10:34:10,30307.75,30313.25,30307.00,30313.25,28,30307.50,30308.25,0.75
2026-06-16 10:34:11,30311.75,30313.50,30306.75,30308.50,16,30315.50,30316.50,1.00
2026-06-16 10:34:12,30308.00,30316.25,30308.00,30316.25,18,30317.25,30318.25,1.00
2026-06-16 10:34:13,30316.50,30320.25,30316.25,30317.75,58,30323.75,30325.00,1.25
2026-06-16 10:34:14,30317.75,30325.00,30317.75,30324.75,38,30326.25,30328.00,1.75
2026-06-16 10:34:15,30325.00,30330.00,30321.50,30327.25,70,30321.25,30322.25,1.00
2026-06-16 10:34:16,30326.75,30329.00,30321.75,30323.00,124,30319.00,30319.75,0.75
2026-06-16 10:34:17,30321.00,30322.00,30318.25,30319.00,53,30326.25,30327.25,1.00
2026-06-16 10:34:18,30321.50,30327.00,30320.00,30327.00,51,30322.75,30323.75,1.00
2026-06-16 10:34:19,30327.00,30327.00,30321.50,30321.50,33,30321.25,30322.25,1.00
2026-06-16 10:34:20,30324.00,30328.00,30320.25,30322.25,54,30324.25,30325.25,1.00
2026-06-16 10:34:21,30324.25,30326.75,30322.50,30326.00,25,30325.25,30326.25,1.00
2026-06-16 10:34:22,30324.25,30330.00,30324.25,30326.00,53,30327.75,30328.75,1.00
2026-06-16 10:34:23,30326.00,30329.50,30326.00,30329.50,19,30326.25,30327.00,0.75
2026-06-16 10:34:24,30328.00,30328.00,30325.00,30327.50,31,30327.75,30328.75,1.00
2026-06-16 10:34:25,30327.25,30330.00,30327.25,30329.25,51,30322.75,30324.00,1.25
2026-06-16 10:34:26,30327.25,30329.25,30322.00,30324.50,71,30319.50,30320.25,0.75
2026-06-16 10:34:27,30323.75,30325.00,30319.50,30319.50,26,30315.50,30316.75,1.25
2026-06-16 10:34:28,30321.00,30321.00,30314.75,30315.75,37,30320.00,30321.00,1.00
2026-06-16 10:34:29,30315.75,30321.00,30315.50,30321.00,29,30316.25,30317.25,1.00
2026-06-16 10:34:30,30319.50,30320.75,30316.75,30316.75,12,30314.25,30315.25,1.00
2026-06-16 10:34:31,30316.25,30318.00,30313.25,30316.25,37,30316.25,30317.50,1.25
2026-06-16 10:34:32,30315.50,30317.75,30313.50,30317.75,31,30314.50,30315.75,1.25
2026-06-16 10:34:33,30317.50,30318.00,30313.75,30315.25,23,30316.50,30317.50,1.00
2026-06-16 10:34:34,30316.25,30319.25,30316.25,30317.25,15,30319.00,30320.00,1.00
2026-06-16 10:34:35,30317.75,30320.75,30317.25,30320.75,7,30316.00,30317.00,1.00
2026-06-16 10:34:36,30318.25,30318.25,30315.00,30316.75,20,30318.50,30319.50,1.00
2026-06-16 10:34:37,30318.00,30319.00,30317.25,30318.50,10,30319.00,30320.00,1.00
2026-06-16 10:34:38,30319.50,30319.75,30316.75,30319.00,14,30315.75,30316.75,1.00
2026-06-16 10:34:39,30319.50,30320.00,30316.00,30316.00,6,30310.25,30311.50,1.25
2026-06-16 10:34:40,30315.75,30316.25,30309.50,30309.50,37,30310.25,30311.50,1.25
2026-06-16 10:34:41,30311.00,30316.00,30310.75,30311.50,61,30308.25,30309.25,1.00
2026-06-16 10:34:42,30309.25,30309.25,30308.25,30308.25,4,30307.25,30309.00,1.75
2026-06-16 10:34:43,30310.75,30310.75,30307.00,30307.00,16,30309.50,30310.75,1.25
2026-06-16 10:34:44,30309.25,30310.00,30308.00,30308.00,12,30308.75,30310.25,1.50
2026-06-16 10:34:45,30311.50,30311.50,30309.25,30309.25,9,30309.75,30311.00,1.25
2026-06-16 10:34:46,30310.75,30311.50,30309.00,30310.00,18,30305.75,30307.00,1.25
2026-06-16 10:34:47,30308.75,30308.75,30305.00,30305.50,17,30304.50,30305.50,1.00
2026-06-16 10:34:48,30307.00,30307.00,30303.00,30304.25,38,30306.25,30307.75,1.50
2026-06-16 10:34:49,30307.75,30310.50,30307.75,30307.75,19,30306.75,30307.75,1.00
2026-06-16 10:34:50,30307.00,30307.50,30305.25,30307.50,11,30310.25,30311.25,1.00
2026-06-16 10:34:51,30308.50,30309.00,30308.50,30308.75,4,30308.50,30309.50,1.00
2026-06-16 10:34:52,30310.00,30310.50,30309.00,30310.50,14,30309.25,30310.25,1.00
2026-06-16 10:34:53,30308.50,30309.50,30306.25,30309.50,17,30306.75,30307.75,1.00
2026-06-16 10:34:54,30310.25,30310.25,30307.25,30307.25,10,30301.75,30302.75,1.00
2026-06-16 10:34:55,30304.75,30304.75,30299.75,30302.25,61,30302.00,30303.00,1.00
2026-06-16 10:34:56,30306.00,30306.00,30302.00,30302.00,8,30304.75,30305.75,1.00
2026-06-16 10:34:57,30304.00,30306.25,30303.00,30306.25,14,30303.00,30303.75,0.75
2026-06-16 10:34:58,30305.75,30305.75,30304.50,30304.50,8,30305.50,30306.50,1.00
2026-06-16 10:34:59,30302.75,30305.25,30300.75,30305.25,109,30300.50,30301.50,1.00
2026-06-16 10:35:00,30304.00,30305.00,30300.50,30300.75,5,30302.00,30303.00,1.00
2026-06-16 10:35:01,30301.25,30304.00,30300.25,30302.50,34,30303.25,30304.25,1.00
2026-06-16 10:35:02,30303.00,30308.75,30302.75,30304.25,29,30300.75,30301.75,1.00
2026-06-16 10:35:03,30304.50,30304.50,30300.75,30300.75,16,30299.00,30300.00,1.00
2026-06-16 10:35:04,30301.75,30305.50,30301.00,30302.50,12,30301.25,30302.25,1.00
2026-06-16 10:35:05,30300.75,30301.75,30298.75,30299.25,56,30307.25,30308.50,1.25
2026-06-16 10:35:06,30303.00,30309.00,30302.00,30308.00,94,30307.75,30308.50,0.75
2026-06-16 10:35:07,30307.50,30310.50,30306.75,30308.75,36,30304.00,30305.00,1.00
2026-06-16 10:35:08,30307.75,30307.75,30303.00,30305.50,15,30311.00,30312.25,1.25
2026-06-16 10:35:09,30306.75,30312.25,30306.75,30311.50,17,30313.00,30314.00,1.00
2026-06-16 10:35:10,30311.25,30314.50,30308.00,30313.50,40,30313.75,30314.75,1.00
2026-06-16 10:35:11,30314.00,30315.75,30312.50,30315.25,60,30317.25,30318.25,1.00
2026-06-16 10:35:12,30314.75,30320.50,30314.50,30318.00,31,30321.00,30322.00,1.00
2026-06-16 10:35:13,30316.50,30322.50,30315.75,30321.75,27,30320.25,30321.50,1.25
2026-06-16 10:35:14,30321.75,30322.75,30319.00,30322.25,20,30324.25,30325.25,1.00
2026-06-16 10:35:15,30322.50,30325.00,30321.25,30325.00,37,30324.00,30325.25,1.25
2026-06-16 10:35:16,30325.00,30326.75,30322.25,30324.75,31,30330.50,30331.75,1.25
2026-06-16 10:35:17,30323.50,30331.75,30323.25,30331.00,58,30330.00,30331.00,1.00
2026-06-16 10:35:18,30331.75,30332.75,30329.00,30330.50,32,30326.25,30327.25,1.00
2026-06-16 10:35:19,30329.25,30330.50,30325.25,30326.00,34,30323.75,30324.50,0.75
2026-06-16 10:35:20,30327.50,30327.75,30323.75,30324.50,25,30322.50,30323.50,1.00
2026-06-16 10:35:21,30324.50,30325.25,30323.00,30323.00,15,30327.50,30328.50,1.00
2026-06-16 10:35:22,30323.00,30328.25,30319.50,30328.25,79,30326.00,30327.00,1.00
2026-06-16 10:35:23,30328.75,30329.00,30326.50,30327.00,22,30329.50,30330.25,0.75
2026-06-16 10:35:24,30326.25,30332.25,30326.25,30329.25,30,30332.75,30333.50,0.75
2026-06-16 10:35:25,30331.00,30334.25,30331.00,30331.50,15,30331.25,30332.50,1.25
2026-06-16 10:35:26,30333.50,30334.00,30329.75,30332.25,49,30329.25,30330.25,1.00
2026-06-16 10:35:27,30332.75,30333.00,30327.75,30329.00,16,30330.25,30331.00,0.75
2026-06-16 10:35:28,30329.25,30332.25,30327.25,30331.25,66,30332.25,30333.50,1.25
2026-06-16 10:35:29,30330.75,30333.00,30328.75,30332.75,24,30334.75,30335.75,1.00
2026-06-16 10:35:30,30333.50,30336.25,30331.25,30333.50,63,30335.25,30336.50,1.25
2026-06-16 10:35:31,30335.25,30337.25,30333.25,30337.25,43,30331.25,30332.25,1.00
2026-06-16 10:35:32,30336.50,30337.00,30331.75,30331.75,28,30325.00,30326.00,1.00
2026-06-16 10:35:33,30332.00,30332.00,30323.75,30325.50,31,30327.50,30328.50,1.00
2026-06-16 10:35:34,30324.75,30327.75,30324.50,30327.75,16,30325.75,30326.75,1.00
2026-06-16 10:35:35,30328.25,30330.00,30326.00,30326.25,22,30328.75,30329.75,1.00
2026-06-16 10:35:36,30327.50,30328.25,30326.25,30328.25,9,30326.25,30327.25,1.00
2026-06-16 10:35:37,30327.50,30329.00,30327.00,30327.25,5,30320.25,30321.50,1.25
2026-06-16 10:35:38,30326.25,30327.75,30320.25,30320.50,31,30320.00,30321.75,1.75
2026-06-16 10:35:39,30320.25,30324.25,30320.25,30320.25,33,30321.75,30322.75,1.00
2026-06-16 10:35:40,30320.00,30323.75,30319.75,30321.50,7,30313.00,30314.25,1.25
2026-06-16 10:35:41,30321.75,30322.00,30313.75,30313.75,19,30319.00,30320.25,1.25
2026-06-16 10:35:42,30314.00,30321.00,30314.00,30321.00,13,30322.00,30323.00,1.00
2026-06-16 10:35:43,30319.25,30324.75,30319.25,30322.25,15,30322.25,30323.50,1.25
2026-06-16 10:35:44,30323.50,30324.25,30322.75,30322.75,8,30315.00,30316.00,1.00
2026-06-16 10:35:45,30322.50,30322.50,30316.50,30316.50,15,30319.25,30320.50,1.25
2026-06-16 10:35:46,30317.00,30318.75,30316.75,30318.00,8,30317.00,30318.00,1.00
2026-06-16 10:35:47,30320.00,30320.00,30316.50,30317.75,53,30315.25,30316.25,1.00
2026-06-16 10:35:48,30315.75,30315.75,30314.25,30315.75,9,30313.50,30314.75,1.25
2026-06-16 10:35:49,30314.25,30315.50,30312.25,30315.25,36,30314.00,30315.00,1.00
2026-06-16 10:35:50,30314.00,30316.50,30313.50,30314.25,9,30317.75,30319.00,1.25
2026-06-16 10:35:51,30314.75,30319.00,30314.75,30319.00,7,30308.25,30309.50,1.25
2026-06-16 10:35:52,30318.00,30318.00,30308.75,30308.75,18,30309.25,30310.00,0.75
2026-06-16 10:35:53,30311.00,30312.00,30309.50,30309.50,14,30310.25,30311.25,1.00
2026-06-16 10:35:54,30310.00,30311.00,30308.25,30311.00,10,30314.00,30315.00,1.00
2026-06-16 10:35:55,30311.25,30314.00,30308.75,30314.00,22,30314.00,30315.00,1.00
2026-06-16 10:35:56,30315.25,30315.25,30312.50,30313.75,7,30313.25,30314.50,1.25
2026-06-16 10:35:57,30311.50,30314.00,30311.00,30313.75,11,30317.00,30318.25,1.25
2026-06-16 10:35:58,30315.50,30319.25,30315.50,30318.50,81,30318.00,30319.25,1.25
2026-06-16 10:35:59,30317.50,30317.75,30317.00,30317.75,7,30319.75,30321.00,1.25
2026-06-16 10:36:00,30318.75,30320.25,30318.75,30320.00,6,30316.50,30317.75,1.25
2026-06-16 10:36:01,30321.50,30324.00,30316.75,30316.75,47,30319.00,30320.25,1.25
2026-06-16 10:36:02,30316.75,30319.25,30316.25,30319.25,8,30321.25,30322.50,1.25
2026-06-16 10:36:03,30319.00,30323.00,30318.00,30322.75,38,30325.50,30326.75,1.25
2026-06-16 10:36:04,30320.00,30325.00,30320.00,30325.00,10,30329.50,30331.00,1.50
2026-06-16 10:36:05,30326.75,30330.50,30326.75,30330.50,13,30330.25,30331.75,1.50
2026-06-16 10:36:06,30328.75,30333.25,30328.75,30331.00,28,30330.75,30331.75,1.00
2026-06-16 10:36:07,30331.00,30335.50,30330.50,30330.50,51,30329.75,30331.00,1.25
2026-06-16 10:36:08,30332.50,30336.75,30331.00,30331.00,28,30330.25,30331.25,1.00
2026-06-16 10:36:09,30329.75,30334.25,30329.00,30330.75,82,30333.75,30335.00,1.25
2026-06-16 10:36:10,30330.50,30335.25,30330.50,30334.00,62,30332.75,30333.75,1.00
2026-06-16 10:36:11,30334.50,30336.00,30332.00,30334.50,37,30329.25,30330.25,1.00
2026-06-16 10:36:12,30332.75,30332.75,30327.00,30328.50,56,30335.00,30336.00,1.00
2026-06-16 10:36:13,30330.00,30334.50,30330.00,30334.00,8,30336.00,30337.25,1.25
2026-06-16 10:36:14,30335.25,30338.50,30334.25,30335.75,74,30335.00,30335.75,0.75
2026-06-16 10:36:15,30336.50,30340.00,30335.50,30335.50,72,30333.75,30335.00,1.25
2026-06-16 10:36:16,30335.00,30335.00,30332.00,30333.75,24,30334.75,30335.75,1.00
2026-06-16 10:36:17,30334.00,30337.00,30333.25,30335.75,14,30338.00,30339.00,1.00
2026-06-16 10:36:18,30335.50,30338.75,30335.25,30338.75,15,30342.25,30343.00,0.75
2026-06-16 10:36:19,30340.00,30343.00,30340.00,30342.50,55,30339.50,30340.25,0.75
2026-06-16 10:36:20,30341.75,30344.25,30339.50,30339.50,31,30339.75,30340.75,1.00
2026-06-16 10:36:21,30340.00,30342.50,30339.50,30341.75,50,30339.50,30340.25,0.75
2026-06-16 10:36:22,30341.25,30341.25,30338.25,30341.25,20,30343.50,30344.50,1.00
2026-06-16 10:36:23,30340.25,30344.25,30338.75,30344.25,11,30342.25,30343.25,1.00
2026-06-16 10:36:24,30344.50,30345.50,30342.50,30343.25,42,30335.00,30336.00,1.00
2026-06-16 10:36:25,30343.50,30344.00,30335.00,30335.00,153,30338.50,30339.50,1.00
2026-06-16 10:36:26,30336.25,30341.00,30335.25,30340.25,30,30339.50,30340.50,1.00
2026-06-16 10:36:27,30338.50,30341.25,30337.50,30341.25,13,30335.50,30336.50,1.00
2026-06-16 10:36:28,30340.50,30340.75,30336.00,30336.75,29,30335.00,30336.00,1.00
2026-06-16 10:36:29,30337.00,30337.00,30334.50,30336.00,30,30337.25,30338.25,1.00
2026-06-16 10:36:30,30336.00,30337.50,30333.75,30336.25,36,30338.25,30339.00,0.75
2026-06-16 10:36:31,30338.75,30339.25,30337.00,30338.25,68,30339.75,30340.75,1.00
2026-06-16 10:36:32,30338.25,30340.00,30335.50,30340.00,53,30336.50,30337.25,0.75
2026-06-16 10:36:33,30339.75,30341.50,30337.25,30337.25,21,30340.50,30341.50,1.00
2026-06-16 10:36:34,30336.50,30341.00,30336.50,30340.00,14,30336.00,30336.75,0.75
2026-06-16 10:36:35,30340.25,30340.25,30336.25,30337.00,13,30338.75,30339.50,0.75
2026-06-16 10:36:36,30338.75,30338.75,30335.50,30336.25,6,30341.00,30342.00,1.00
2026-06-16 10:36:37,30338.50,30342.50,30338.50,30341.00,10,30341.00,30342.00,1.00
2026-06-16 10:36:38,30341.75,30341.75,30340.00,30340.00,16,30342.00,30343.00,1.00
2026-06-16 10:36:39,30339.75,30343.00,30339.25,30343.00,13,30339.25,30340.25,1.00
2026-06-16 10:36:40,30341.75,30342.25,30340.75,30342.25,8,30340.00,30341.00,1.00
2026-06-16 10:36:41,30339.75,30340.25,30339.00,30340.00,17,30342.25,30343.00,0.75
2026-06-16 10:36:42,30342.00,30343.75,30341.50,30342.50,10,30337.75,30338.75,1.00
2026-06-16 10:36:43,30343.50,30344.50,30338.25,30338.25,33,30341.00,30342.00,1.00
2026-06-16 10:36:44,30341.00,30342.00,30340.75,30340.75,7,30336.75,30337.75,1.00
2026-06-16 10:36:45,30339.25,30339.25,30336.00,30338.25,14,30339.50,30340.25,0.75
2026-06-16 10:36:46,30339.00,30341.50,30338.25,30341.50,12,30338.00,30339.25,1.25
2026-06-16 10:36:47,30339.50,30341.25,30338.00,30338.00,11,30340.75,30341.75,1.00
2026-06-16 10:36:48,30338.50,30342.25,30338.25,30339.75,87,30338.25,30339.50,1.25
2026-06-16 10:36:49,30342.00,30342.00,30341.25,30341.25,5,30329.50,30330.75,1.25
2026-06-16 10:36:50,30338.25,30338.25,30329.00,30329.00,41,30332.50,30333.25,0.75
2026-06-16 10:36:51,30330.50,30333.00,30328.25,30333.00,18,30333.25,30334.25,1.00
2026-06-16 10:36:52,30332.50,30332.50,30330.75,30330.75,8,30332.25,30333.75,1.50
2026-06-16 10:36:53,30333.00,30334.25,30331.25,30331.25,19,30332.25,30333.75,1.50
2026-06-16 10:36:54,30333.25,30335.25,30333.25,30334.75,20,30335.00,30336.00,1.00
2026-06-16 10:36:55,30337.50,30339.75,30334.75,30336.00,51,30334.00,30335.00,1.00
2026-06-16 10:36:56,30333.75,30335.50,30333.75,30334.25,6,30336.25,30337.25,1.00
2026-06-16 10:36:57,30334.50,30337.00,30333.50,30335.75,51,30338.75,30339.50,0.75
2026-06-16 10:36:58,30337.00,30338.75,30336.50,30338.75,34,30336.00,30337.00,1.00
2026-06-16 10:36:59,30339.25,30339.50,30338.00,30339.00,12,30335.00,30336.00,1.00
2026-06-16 10:37:00,30335.50,30335.50,30335.00,30335.00,5,30333.00,30334.00,1.00
2026-06-16 10:37:01,30335.00,30336.25,30332.25,30332.25,17,30332.50,30333.50,1.00
2026-06-16 10:37:02,30333.00,30334.25,30332.25,30333.25,12,30331.00,30332.00,1.00
2026-06-16 10:37:03,30332.00,30332.00,30331.75,30331.75,2,30327.50,30328.25,0.75
2026-06-16 10:37:04,30331.50,30331.75,30327.50,30327.50,48,30320.50,30322.00,1.50
2026-06-16 10:37:05,30326.75,30326.75,30320.00,30322.50,49,30322.25,30323.25,1.00
2026-06-16 10:37:06,30320.50,30323.00,30318.00,30323.00,46,30322.25,30323.25,1.00
2026-06-16 10:37:07,30322.50,30325.25,30321.25,30321.50,18,30316.25,30317.25,1.00
2026-06-16 10:37:08,30320.75,30321.00,30316.75,30317.00,34,30315.50,30316.50,1.00
2026-06-16 10:37:09,30317.25,30317.25,30314.25,30316.50,24,30319.00,30320.25,1.25
2026-06-16 10:37:10,30316.75,30320.25,30316.75,30319.25,14,30318.00,30319.00,1.00
2026-06-16 10:37:11,30318.75,30320.00,30318.50,30318.50,6,30317.50,30318.50,1.00
2026-06-16 10:37:12,30318.50,30321.00,30318.25,30318.25,23,30318.00,30319.25,1.25
2026-06-16 10:37:13,30318.00,30320.25,30318.00,30319.75,7,30317.25,30318.25,1.00
2026-06-16 10:37:14,30319.50,30319.75,30316.25,30319.75,19,30319.25,30320.50,1.25
2026-06-16 10:37:15,30316.75,30320.25,30316.75,30320.25,8,30321.75,30323.00,1.25
2026-06-16 10:37:16,30320.25,30323.25,30319.50,30323.25,16,30321.75,30323.25,1.50
2026-06-16 10:37:17,30321.25,30324.00,30321.25,30324.00,25,30321.00,30322.00,1.00
2026-06-16 10:37:18,30322.75,30322.75,30320.00,30320.00,2,30321.25,30322.50,1.25
2026-06-16 10:37:19,30323.25,30325.00,30322.50,30322.50,9,30319.00,30320.25,1.25
2026-06-16 10:37:20,30320.50,30322.75,30320.50,30322.75,2,30316.25,30317.25,1.00
2026-06-16 10:37:21,30318.00,30318.00,30316.00,30316.50,27,30318.75,30320.25,1.50
2026-06-16 10:37:22,30317.75,30319.50,30317.50,30318.00,17,30319.50,30321.00,1.50
2026-06-16 10:37:23,30319.50,30319.50,30319.50,30319.50,1,30321.50,30322.75,1.25
2026-06-16 10:37:24,30319.25,30319.50,30319.25,30319.50,4,30333.50,30334.75,1.25
2026-06-16 10:37:25,30322.75,30335.00,30322.75,30334.00,94,30330.25,30331.25,1.00
2026-06-16 10:37:26,30333.50,30334.75,30331.00,30332.00,59,30330.25,30331.25,1.00
2026-06-16 10:37:27,30330.25,30332.75,30330.25,30331.50,6,30335.25,30336.75,1.50
2026-06-16 10:37:28,30333.50,30336.75,30333.50,30336.75,16,30333.25,30334.50,1.25
2026-06-16 10:37:29,30337.00,30337.50,30332.50,30334.25,34,30340.25,30341.50,1.25
2026-06-16 10:37:30,30335.25,30341.50,30335.25,30340.25,16,30339.50,30340.75,1.25
2026-06-16 10:37:31,30341.00,30342.75,30339.00,30340.50,11,30341.50,30342.50,1.00
2026-06-16 10:37:32,30340.75,30344.25,30340.75,30342.25,39,30340.75,30342.75,2.00
2026-06-16 10:37:33,30341.50,30344.75,30340.00,30342.75,89,30341.25,30343.25,2.00
2026-06-16 10:37:34,30341.25,30342.50,30340.00,30341.75,40,30343.25,30344.25,1.00
2026-06-16 10:37:35,30341.75,30344.25,30341.75,30342.75,14,30342.00,30343.00,1.00
2026-06-16 10:37:36,30343.25,30344.50,30342.25,30342.75,38,30350.50,30352.00,1.50
2026-06-16 10:37:37,30342.75,30352.00,30342.75,30352.00,95,30350.25,30351.25,1.00
2026-06-16 10:37:38,30351.25,30352.00,30348.25,30351.50,40,30349.00,30350.00,1.00
2026-06-16 10:37:39,30350.25,30351.75,30349.25,30349.25,25,30349.00,30350.00,1.00
2026-06-16 10:37:40,30349.25,30351.25,30349.25,30351.00,20,30350.75,30351.75,1.00
2026-06-16 10:37:41,30350.25,30351.00,30349.50,30351.00,16,30350.25,30351.00,0.75
2026-06-16 10:37:42,30350.25,30350.25,30349.00,30350.00,7,30349.75,30351.25,1.50
2026-06-16 10:37:43,30350.00,30352.00,30350.00,30351.25,5,30349.75,30351.25,1.50
2026-06-16 10:37:44,30350.50,30352.75,30350.50,30352.75,23,30354.25,30355.25,1.00
2026-06-16 10:37:45,30352.25,30356.50,30352.25,30354.50,31,30352.75,30353.75,1.00
2026-06-16 10:37:46,30355.50,30356.00,30353.00,30354.00,9,30353.00,30354.25,1.25
2026-06-16 10:37:47,30351.25,30352.25,30351.25,30351.25,28,30352.00,30353.25,1.25
2026-06-16 10:37:48,30353.25,30355.00,30353.25,30353.75,22,30352.00,30353.25,1.25
2026-06-16 10:37:49,30352.25,30352.25,30348.00,30348.25,35,30342.75,30344.25,1.50
2026-06-16 10:37:50,30347.75,30347.75,30341.50,30343.25,86,30339.25,30340.75,1.50
2026-06-16 10:37:51,30344.75,30344.75,30339.25,30339.75,25,30344.00,30345.25,1.25
2026-06-16 10:37:52,30342.50,30344.00,30342.50,30343.50,6,30345.25,30346.50,1.25
2026-06-16 10:37:53,30343.75,30346.25,30342.00,30346.25,13,30346.50,30347.50,1.00
2026-06-16 10:37:54,30345.00,30348.75,30345.00,30347.00,9,30349.75,30351.00,1.25
2026-06-16 10:37:55,30348.00,30350.75,30348.00,30350.75,4,30350.00,30351.00,1.00
2026-06-16 10:37:56,30348.75,30350.50,30348.75,30350.50,3,30346.75,30348.50,1.75
2026-06-16 10:37:57,30350.00,30350.00,30348.25,30348.25,6,30346.75,30348.50,1.75
2026-06-16 10:37:58,30347.50,30351.25,30346.75,30351.25,53,30351.00,30352.25,1.25
2026-06-16 10:37:59,30352.50,30353.25,30350.75,30351.25,36,30352.00,30353.00,1.00
2026-06-16 10:38:00,30352.00,30353.00,30350.25,30353.00,24,30351.25,30352.25,1.00
2026-06-16 10:38:01,30353.00,30353.00,30351.00,30351.00,11,30350.75,30352.00,1.25
2026-06-16 10:38:02,30350.50,30352.25,30350.25,30351.75,8,30352.00,30353.00,1.00
2026-06-16 10:38:03,30352.75,30353.00,30350.75,30352.25,13,30349.50,30350.75,1.25
2026-06-16 10:38:04,30352.75,30352.75,30349.25,30349.25,6,30351.75,30353.00,1.25
2026-06-16 10:38:05,30350.50,30352.50,30350.50,30352.25,5,30352.25,30353.50,1.25
2026-06-16 10:38:06,30353.00,30354.25,30351.25,30351.25,17,30350.25,30351.50,1.25
2026-06-16 10:38:07,30353.50,30354.50,30351.25,30351.25,15,30351.75,30352.75,1.00
2026-06-16 10:38:08,30353.00,30353.25,30352.00,30352.50,6,30357.00,30357.75,0.75
2026-06-16 10:38:09,30354.75,30358.25,30354.75,30357.75,31,30353.75,30354.75,1.00
2026-06-16 10:38:10,30356.75,30356.75,30354.50,30355.00,20,30357.00,30357.75,0.75
2026-06-16 10:38:11,30354.25,30357.50,30354.25,30357.25,12,30355.75,30357.00,1.25
2026-06-16 10:38:12,30357.25,30357.25,30354.00,30354.00,19,30354.00,30355.00,1.00
2026-06-16 10:38:13,30355.50,30355.75,30353.75,30354.75,8,30356.00,30357.00,1.00
2026-06-16 10:38:14,30355.50,30357.00,30355.00,30356.25,19,30350.50,30351.50,1.00
2026-06-16 10:38:15,30354.75,30355.00,30350.25,30350.75,18,30352.50,30353.50,1.00
2026-06-16 10:38:16,30350.00,30354.25,30350.00,30352.00,29,30354.50,30355.50,1.00
2026-06-16 10:38:17,30354.00,30356.25,30354.00,30355.00,17,30358.75,30359.75,1.00
2026-06-16 10:38:18,30355.00,30360.00,30355.00,30358.75,20,30357.50,30358.50,1.00
2026-06-16 10:38:19,30359.75,30360.50,30357.75,30359.00,27,30358.25,30359.25,1.00
2026-06-16 10:38:20,30357.75,30359.25,30357.50,30358.50,15,30357.50,30358.75,1.25
2026-06-16 10:38:21,30360.50,30362.00,30358.25,30358.25,62,30357.75,30358.75,1.00
2026-06-16 10:38:22,30358.50,30359.00,30356.00,30357.50,16,30360.25,30361.25,1.00
2026-06-16 10:38:23,30357.00,30362.25,30357.00,30362.25,16,30358.00,30359.25,1.25
2026-06-16 10:38:24,30360.25,30360.50,30357.75,30358.00,27,30358.25,30359.25,1.00
2026-06-16 10:38:25,30357.75,30359.50,30357.75,30358.50,14,30357.75,30359.00,1.25
2026-06-16 10:38:26,30357.50,30358.00,30357.00,30358.00,3,30361.25,30362.00,0.75
2026-06-16 10:38:27,30357.75,30361.00,30357.75,30361.00,11,30359.50,30360.75,1.25
2026-06-16 10:38:28,30360.00,30361.25,30359.75,30360.00,6,30356.25,30357.50,1.25
2026-06-16 10:38:29,30361.25,30361.25,30357.25,30357.25,19,30356.00,30356.75,0.75
2026-06-16 10:38:30,30356.50,30357.00,30354.75,30354.75,15,30354.50,30355.75,1.25
2026-06-16 10:38:31,30357.75,30359.25,30353.75,30355.50,34,30352.25,30353.50,1.25
2026-06-16 10:38:32,30353.50,30358.50,30352.25,30352.25,12,30355.75,30356.75,1.00
2026-06-16 10:38:33,30353.50,30356.75,30353.50,30356.75,14,30356.50,30357.50,1.00
2026-06-16 10:38:34,30354.75,30358.50,30354.75,30358.50,6,30352.75,30353.75,1.00
2026-06-16 10:38:35,30356.50,30357.50,30353.00,30353.50,20,30352.50,30353.75,1.25
2026-06-16 10:38:36,30352.75,30354.25,30351.75,30353.00,8,30355.25,30356.25,1.00
2026-06-16 10:38:37,30352.50,30355.50,30351.25,30355.25,10,30356.25,30357.50,1.25
2026-06-16 10:38:38,30355.50,30357.25,30355.25,30356.00,10,30358.75,30359.75,1.00
2026-06-16 10:38:39,30357.25,30359.75,30357.25,30359.75,5,30358.75,30359.75,1.00
2026-06-16 10:38:40,30359.00,30360.25,30359.00,30359.75,7,30355.25,30356.50,1.25
2026-06-16 10:38:41,30358.50,30358.50,30356.00,30356.00,8,30354.75,30356.00,1.25
2026-06-16 10:38:42,30356.25,30357.25,30355.25,30355.50,5,30354.50,30355.50,1.00
2026-06-16 10:38:43,30356.25,30356.25,30355.50,30356.00,6,30357.00,30358.00,1.00
2026-06-16 10:38:44,30353.75,30356.50,30353.75,30356.50,7,30354.00,30355.00,1.00
2026-06-16 10:38:45,30357.00,30357.25,30354.25,30355.25,14,30352.75,30354.00,1.25
2026-06-16 10:38:46,30354.50,30355.00,30353.25,30353.50,15,30354.75,30355.75,1.00
2026-06-16 10:38:47,30353.00,30355.75,30353.00,30355.75,5,30356.50,30357.50,1.00
2026-06-16 10:38:48,30356.00,30356.75,30356.00,30356.75,3,30359.50,30360.50,1.00
2026-06-16 10:38:49,30358.25,30360.00,30358.25,30359.00,8,30358.75,30360.00,1.25
2026-06-16 10:38:50,30360.25,30360.25,30359.75,30360.00,5,30358.75,30359.75,1.00
2026-06-16 10:38:51,30359.50,30359.50,30358.50,30358.50,5,30357.00,30358.50,1.50
2026-06-16 10:38:52,30356.75,30357.50,30356.00,30357.50,4,30359.50,30360.50,1.00
2026-06-16 10:38:53,30358.00,30359.00,30358.00,30359.00,8,30358.25,30359.25,1.00
2026-06-16 10:38:54,30359.25,30359.25,30357.75,30357.75,6,30359.50,30360.50,1.00
2026-06-16 10:38:55,30358.25,30360.75,30358.25,30360.00,11,30360.75,30361.50,0.75
2026-06-16 10:38:56,30360.00,30361.00,30359.00,30361.00,14,30359.50,30360.50,1.00
2026-06-16 10:38:57,30360.25,30360.25,30359.00,30359.50,20,30360.00,30361.00,1.00
2026-06-16 10:38:58,30360.50,30360.75,30360.00,30360.75,8,30361.00,30362.00,1.00
2026-06-16 10:38:59,30360.50,30361.50,30359.50,30361.50,5,30359.00,30359.75,0.75
2026-06-16 10:39:00,30361.00,30361.00,30359.25,30360.00,10,30356.25,30357.25,1.00
2026-06-16 10:39:01,30359.75,30362.00,30359.50,30359.50,12,30357.25,30358.50,1.25
2026-06-16 10:39:02,30354.50,30354.50,30353.75,30353.75,4,30360.00,30361.00,1.00
2026-06-16 10:39:03,30356.50,30361.50,30356.50,30361.50,16,30359.75,30360.75,1.00
2026-06-16 10:39:04,30359.75,30360.50,30359.50,30360.50,5,30359.75,30360.75,1.00
2026-06-16 10:39:05,30360.25,30360.25,30359.50,30360.25,7,30360.50,30361.50,1.00
2026-06-16 10:39:06,30360.75,30361.75,30359.75,30359.75,10,30362.75,30363.75,1.00
2026-06-16 10:39:07,30362.00,30364.50,30361.25,30363.50,27,30361.25,30363.00,1.75
2026-06-16 10:39:08,30363.50,30363.75,30362.75,30363.50,6,30361.25,30363.00,1.75
2026-06-16 10:39:09,30362.25,30362.25,30360.50,30361.00,10,30362.25,30363.25,1.00
2026-06-16 10:39:10,30361.75,30362.50,30361.00,30362.50,8,30359.00,30360.00,1.00
2026-06-16 10:39:11,30363.25,30363.25,30359.00,30359.00,48,30360.00,30361.00,1.00
2026-06-16 10:39:12,30360.50,30361.25,30359.50,30360.25,11,30356.50,30357.75,1.25
2026-06-16 10:39:13,30360.50,30360.50,30356.25,30358.00,15,30360.25,30361.50,1.25
2026-06-16 10:39:14,30358.75,30360.50,30358.25,30360.50,6,30357.00,30358.25,1.25
2026-06-16 10:39:15,30360.00,30360.00,30356.50,30358.00,18,30358.25,30359.25,1.00
2026-06-16 10:39:16,30358.00,30358.00,30358.00,30358.00,1,30356.00,30357.25,1.25
2026-06-16 10:39:17,30358.00,30359.25,30356.25,30356.25,10,30355.75,30356.75,1.00
2026-06-16 10:39:18,30355.50,30355.50,30355.25,30355.25,2,30355.75,30356.75,1.00
2026-06-16 10:39:19,30356.50,30356.75,30350.75,30350.75,20,30348.50,30350.00,1.50
2026-06-16 10:39:20,30350.25,30352.25,30347.75,30348.75,50,30349.50,30350.75,1.25
2026-06-16 10:39:21,30349.50,30352.00,30349.50,30350.00,41,30353.50,30354.75,1.25
2026-06-16 10:39:22,30349.00,30355.25,30347.75,30354.75,36,30351.50,30352.75,1.25
2026-06-16 10:39:23,30353.75,30353.75,30351.50,30352.50,8,30354.25,30355.50,1.25
2026-06-16 10:39:24,30352.25,30355.00,30352.25,30354.50,21,30352.50,30353.50,1.00
2026-06-16 10:39:25,30352.75,30355.00,30351.25,30353.00,22,30355.25,30356.25,1.00
2026-06-16 10:39:26,30355.25,30357.50,30355.00,30355.00,10,30361.25,30362.50,1.25
2026-06-16 10:39:27,30355.75,30362.50,30355.75,30362.50,21,30362.50,30363.75,1.25
2026-06-16 10:39:28,30362.50,30365.00,30362.50,30362.75,51,30362.00,30363.25,1.25
2026-06-16 10:39:29,30363.25,30365.25,30363.25,30364.75,7,30362.25,30363.25,1.00
2026-06-16 10:39:30,30361.25,30362.50,30361.25,30362.50,3,30363.75,30365.00,1.25
2026-06-16 10:39:31,30361.75,30365.50,30361.75,30364.25,19,30367.25,30368.25,1.00
2026-06-16 10:39:32,30364.25,30368.50,30363.25,30368.50,67,30364.50,30365.50,1.00
2026-06-16 10:39:33,30367.50,30368.75,30365.25,30365.25,31,30363.00,30364.25,1.25
2026-06-16 10:39:34,30365.50,30366.50,30363.50,30364.50,12,30365.50,30366.75,1.25
2026-06-16 10:39:35,30362.75,30366.25,30362.75,30366.25,7,30368.25,30368.75,0.50
2026-06-16 10:39:36,30366.00,30368.75,30366.00,30368.75,8,30368.25,30368.75,0.50
2026-06-16 10:39:37,30368.75,30369.00,30367.75,30368.75,22,30368.25,30369.50,1.25
2026-06-16 10:39:38,30368.75,30371.75,30367.75,30369.25,40,30368.25,30369.25,1.00
2026-06-16 10:39:39,30369.25,30369.50,30368.50,30368.75,11,30368.00,30369.25,1.25
2026-06-16 10:39:40,30369.25,30369.25,30368.25,30368.75,5,30368.75,30369.50,0.75
2026-06-16 10:39:41,30369.75,30370.75,30368.50,30368.50,23,30369.00,30370.00,1.00
2026-06-16 10:39:42,30370.00,30371.00,30369.00,30369.25,19,30372.50,30373.50,1.00
2026-06-16 10:39:43,30369.00,30373.00,30369.00,30373.00,18,30371.25,30372.00,0.75
2026-06-16 10:39:44,30372.25,30372.25,30370.75,30370.75,15,30371.75,30372.50,0.75
2026-06-16 10:39:45,30371.50,30372.50,30370.25,30372.50,16,30368.25,30369.25,1.00
2026-06-16 10:39:46,30370.25,30374.00,30368.00,30369.00,100,30365.00,30366.00,1.00
2026-06-16 10:39:47,30369.25,30370.00,30365.00,30365.00,26,30364.25,30365.00,0.75
2026-06-16 10:39:48,30365.75,30365.75,30362.25,30364.25,26,30361.25,30362.00,0.75
2026-06-16 10:39:49,30366.00,30366.25,30362.00,30362.00,19,30360.75,30361.75,1.00
2026-06-16 10:39:50,30361.00,30363.00,30359.50,30359.50,37,30360.50,30361.50,1.00
2026-06-16 10:39:51,30360.75,30361.50,30358.50,30360.75,31,30363.25,30364.25,1.00
2026-06-16 10:39:52,30361.50,30364.50,30360.25,30364.50,9,30360.00,30361.25,1.25
2026-06-16 10:39:53,30362.25,30362.25,30359.00,30360.00,15,30361.50,30362.50,1.00
2026-06-16 10:39:54,30361.00,30363.00,30361.00,30363.00,12,30365.50,30366.50,1.00
2026-06-16 10:39:55,30364.75,30364.75,30364.50,30364.50,2,30359.25,30360.25,1.00
2026-06-16 10:39:56,30365.50,30365.50,30358.00,30358.00,7,30359.00,30360.25,1.25
2026-06-16 10:39:57,30360.75,30361.75,30359.00,30359.00,5,30364.00,30365.25,1.25
2026-06-16 10:39:58,30360.75,30364.75,30360.50,30364.75,6,30365.75,30366.75,1.00
2026-06-16 10:39:59,30365.00,30365.50,30364.75,30364.75,4,30366.00,30367.00,1.00
2026-06-16 10:40:00,30365.50,30368.00,30365.50,30366.00,14,30361.25,30362.00,0.75
2026-06-16 10:40:01,30366.75,30366.75,30360.75,30361.00,19,30358.50,30359.50,1.00
2026-06-16 10:40:02,30362.00,30362.00,30358.75,30359.00,17,30356.50,30357.25,0.75
2026-06-16 10:40:03,30358.75,30359.00,30355.75,30356.00,21,30357.50,30358.75,1.25
2026-06-16 10:40:04,30357.25,30359.00,30356.75,30357.75,18,30354.00,30355.00,1.00
2026-06-16 10:40:05,30357.00,30357.00,30352.75,30353.50,24,30349.75,30351.00,1.25
2026-06-16 10:40:06,30355.00,30355.75,30349.25,30349.25,46,30351.50,30352.50,1.00
2026-06-16 10:40:07,30350.75,30352.75,30349.50,30351.50,16,30347.75,30349.00,1.25
2026-06-16 10:40:08,30351.75,30352.50,30347.75,30348.00,22,30355.25,30356.25,1.00
2026-06-16 10:40:09,30349.75,30356.50,30349.75,30356.50,25,30353.25,30354.00,0.75
2026-06-16 10:40:10,30354.50,30355.25,30353.50,30353.50,6,30352.00,30353.00,1.00
2026-06-16 10:40:11,30353.00,30353.50,30352.00,30353.50,16,30348.50,30349.50,1.00
2026-06-16 10:40:12,30350.50,30351.00,30348.00,30348.00,11,30350.50,30351.75,1.25
2026-06-16 10:40:13,30349.50,30351.50,30347.75,30351.50,78,30352.25,30353.00,0.75
2026-06-16 10:40:14,30352.50,30354.00,30352.50,30353.00,25,30351.50,30352.75,1.25
2026-06-16 10:40:15,30353.00,30353.25,30351.25,30351.25,3,30353.00,30353.75,0.75
2026-06-16 10:40:16,30352.75,30355.25,30351.50,30354.75,10,30355.25,30356.25,1.00
2026-06-16 10:40:17,30352.75,30356.25,30352.75,30355.25,9,30355.50,30356.50,1.00
2026-06-16 10:40:18,30354.75,30356.25,30354.75,30356.25,45,30362.00,30362.75,0.75
2026-06-16 10:40:19,30357.00,30363.75,30357.00,30362.75,77,30362.00,30362.75,0.75
2026-06-16 10:40:20,30362.25,30362.25,30360.25,30361.50,8,30365.25,30366.25,1.00
2026-06-16 10:40:21,30362.75,30367.50,30362.75,30366.00,17,30366.00,30367.25,1.25
2026-06-16 10:40:22,30366.50,30369.75,30365.75,30369.75,43,30361.25,30362.50,1.25
2026-06-16 10:40:23,30366.50,30366.50,30362.25,30362.25,14,30361.25,30362.75,1.50
2026-06-16 10:40:24,30360.75,30362.00,30360.50,30360.50,21,30361.25,30362.75,1.50
2026-06-16 10:40:25,30363.00,30364.00,30361.75,30362.25,22,30364.25,30365.25,1.00
2026-06-16 10:40:26,30362.00,30363.50,30360.75,30363.50,25,30363.25,30364.25,1.00
2026-06-16 10:40:27,30364.25,30365.75,30363.50,30363.50,14,30361.75,30363.00,1.25
2026-06-16 10:40:28,30365.00,30366.50,30363.25,30363.50,9,30361.25,30362.25,1.00
2026-06-16 10:40:29,30362.00,30362.25,30360.25,30361.75,6,30364.75,30366.00,1.25
2026-06-16 10:40:30,30362.00,30364.75,30362.00,30364.50,5,30367.25,30368.75,1.50
2026-06-16 10:40:31,30365.75,30368.75,30365.75,30368.75,6,30366.50,30367.50,1.00
2026-06-16 10:40:32,30366.25,30367.75,30366.25,30366.25,10,30366.50,30367.50,1.00
2026-06-16 10:40:33,30366.25,30369.25,30366.25,30367.00,9,30369.00,30370.50,1.50
2026-06-16 10:40:34,30367.50,30371.00,30367.25,30369.25,16,30370.50,30371.50,1.00
2026-06-16 10:40:35,30371.50,30371.75,30370.25,30370.75,10,30367.25,30369.00,1.75
2026-06-16 10:40:36,30371.50,30371.75,30367.50,30367.75,27,30369.50,30370.75,1.25
2026-06-16 10:40:37,30368.50,30369.75,30368.50,30369.25,4,30368.00,30369.50,1.50
2026-06-16 10:40:38,30369.50,30369.50,30369.50,30369.50,2,30370.75,30372.00,1.25
2026-06-16 10:40:39,30369.00,30372.00,30369.00,30370.75,8,30372.25,30373.25,1.00
2026-06-16 10:40:40,30370.50,30375.25,30370.25,30372.25,52,30379.25,30380.50,1.25
2026-06-16 10:40:41,30373.50,30381.50,30373.50,30380.00,94,30380.25,30381.25,1.00
2026-06-16 10:40:42,30380.00,30382.50,30379.25,30380.50,28,30379.00,30379.75,0.75
2026-06-16 10:40:43,30381.25,30381.50,30379.25,30379.75,31,30378.75,30380.00,1.25
2026-06-16 10:40:44,30379.00,30380.00,30378.50,30378.75,21,30380.25,30381.25,1.00
2026-06-16 10:40:45,30379.75,30381.25,30379.75,30380.00,22,30383.00,30384.00,1.00
2026-06-16 10:40:46,30381.25,30383.50,30380.00,30383.50,31,30384.00,30384.75,0.75
2026-06-16 10:40:47,30384.25,30386.00,30383.50,30385.75,47,30386.25,30387.25,1.00
2026-06-16 10:40:48,30385.25,30387.75,30384.25,30387.50,70,30388.50,30389.50,1.00
2026-06-16 10:40:49,30387.25,30389.75,30387.25,30389.25,38,30391.75,30392.50,0.75
2026-06-16 10:40:50,30388.50,30392.75,30388.50,30392.00,41,30392.00,30393.50,1.50
2026-06-16 10:40:51,30392.50,30393.50,30391.00,30393.00,51,30393.00,30394.00,1.00
2026-06-16 10:40:52,30392.50,30395.00,30391.50,30393.25,31,30395.25,30396.50,1.25
2026-06-16 10:40:53,30394.25,30397.50,30393.50,30397.50,41,30394.50,30395.25,0.75
2026-06-16 10:40:54,30396.50,30398.00,30395.50,30395.75,40,30392.00,30392.75,0.75
2026-06-16 10:40:55,30395.25,30396.00,30392.00,30392.50,34,30391.75,30392.75,1.00
2026-06-16 10:40:56,30392.75,30394.75,30391.50,30391.50,31,30392.25,30393.25,1.00
2026-06-16 10:40:57,30391.75,30393.50,30389.75,30392.50,70,30390.00,30391.25,1.25
2026-06-16 10:40:58,30391.75,30392.25,30389.75,30391.00,25,30390.50,30391.50,1.00
2026-06-16 10:40:59,30391.25,30391.50,30389.75,30390.50,21,30390.25,30391.25,1.00
2026-06-16 10:41:00,30390.25,30391.50,30390.00,30390.50,12,30389.25,30390.25,1.00
2026-06-16 10:41:01,30390.25,30391.25,30388.75,30390.00,26,30393.25,30394.00,0.75
2026-06-16 10:41:02,30389.75,30394.25,30389.00,30393.00,23,30393.00,30394.00,1.00
2026-06-16 10:41:03,30393.50,30394.25,30392.25,30393.25,10,30390.50,30392.00,1.50
2026-06-16 10:41:04,30393.25,30393.25,30392.25,30392.25,15,30393.25,30394.25,1.00
2026-06-16 10:41:05,30393.25,30394.00,30392.75,30393.00,8,30391.00,30392.00,1.00
2026-06-16 10:41:06,30393.00,30393.50,30390.75,30391.75,11,30391.25,30392.25,1.00
2026-06-16 10:41:07,30392.50,30392.75,30391.00,30392.25,13,30394.25,30395.25,1.00
2026-06-16 10:41:08,30392.50,30395.00,30391.50,30395.00,5,30395.25,30396.50,1.25
2026-06-16 10:41:09,30393.75,30396.50,30393.75,30396.50,16,30394.25,30395.50,1.25
2026-06-16 10:41:10,30396.00,30397.00,30393.25,30395.50,21,30395.75,30396.75,1.00
2026-06-16 10:41:11,30395.25,30397.50,30395.25,30395.75,14,30394.00,30395.00,1.00
2026-06-16 10:41:12,30395.75,30397.75,30393.75,30395.50,76,30394.00,30395.00,1.00
2026-06-16 10:41:13,30395.00,30395.75,30393.00,30395.00,34,30394.50,30395.50,1.00
2026-06-16 10:41:14,30394.75,30396.00,30394.75,30395.50,6,30392.00,30393.25,1.25
2026-06-16 10:41:15,30394.75,30395.00,30391.50,30392.25,17,30393.00,30394.00,1.00
2026-06-16 10:41:16,30393.25,30394.75,30392.50,30394.00,12,30395.25,30396.50,1.25
2026-06-16 10:41:17,30393.25,30396.25,30392.25,30396.25,13,30394.00,30395.00,1.00
2026-06-16 10:41:18,30395.50,30396.75,30393.50,30395.75,31,30392.50,30393.25,0.75
2026-06-16 10:41:19,30394.25,30394.75,30392.50,30392.50,11,30393.00,30394.00,1.00
2026-06-16 10:41:20,30393.75,30393.75,30392.00,30393.50,10,30394.50,30395.50,1.00
2026-06-16 10:41:21,30393.00,30395.75,30393.00,30393.75,11,30394.75,30395.75,1.00
2026-06-16 10:41:22,30394.00,30395.50,30393.25,30394.75,6,30395.00,30396.25,1.25
2026-06-16 10:41:23,30395.50,30396.50,30395.00,30395.00,10,30396.50,30397.50,1.00
2026-06-16 10:41:24,30395.00,30396.75,30394.25,30396.75,30,30398.75,30400.00,1.25
2026-06-16 10:41:25,30397.75,30400.25,30397.75,30399.25,39,30400.25,30401.00,0.75
2026-06-16 10:41:26,30399.25,30402.25,30398.75,30400.50,36,30399.50,30400.25,0.75
2026-06-16 10:41:27,30400.00,30402.00,30399.00,30400.25,16,30397.25,30398.25,1.00
2026-06-16 10:41:28,30400.00,30400.25,30397.75,30398.50,19,30397.75,30398.75,1.00
2026-06-16 10:41:29,30398.25,30399.50,30398.25,30399.00,13,30397.00,30398.00,1.00
2026-06-16 10:41:30,30398.50,30398.75,30397.50,30397.75,15,30400.50,30401.50,1.00
2026-06-16 10:41:31,30397.75,30402.25,30397.75,30401.50,19,30402.00,30403.00,1.00
2026-06-16 10:41:32,30401.25,30403.25,30401.25,30401.75,15,30404.50,30405.75,1.25
2026-06-16 10:41:33,30403.00,30406.25,30403.00,30404.75,27,30405.75,30406.50,0.75
2026-06-16 10:41:34,30404.50,30407.00,30404.25,30406.25,32,30405.50,30406.25,0.75
2026-06-16 10:41:35,30406.00,30406.25,30404.25,30405.25,15,30406.50,30407.25,0.75
2026-06-16 10:41:36,30406.50,30407.25,30405.25,30407.00,39,30401.75,30403.25,1.50
2026-06-16 10:41:37,30406.50,30406.75,30401.00,30402.25,32,30400.00,30401.00,1.00
2026-06-16 10:41:38,30401.75,30403.00,30399.75,30400.50,31,30397.50,30398.75,1.25
2026-06-16 10:41:39,30401.00,30401.00,30396.00,30397.50,89,30393.75,30395.00,1.25
2026-06-16 10:41:40,30398.00,30398.50,30393.50,30394.50,39,30392.50,30393.50,1.00
2026-06-16 10:41:41,30392.50,30394.75,30391.75,30393.50,18,30391.25,30392.25,1.00
2026-06-16 10:41:42,30393.25,30395.75,30390.75,30392.25,11,30393.25,30394.25,1.00
2026-06-16 10:41:43,30393.00,30394.75,30392.75,30394.50,19,30388.25,30389.25,1.00
2026-06-16 10:41:44,30392.50,30392.50,30388.25,30388.25,38,30390.75,30391.75,1.00
2026-06-16 10:41:45,30389.25,30391.75,30387.25,30390.75,68,30391.25,30392.50,1.25
2026-06-16 10:41:46,30390.25,30392.50,30390.25,30391.50,13,30390.25,30391.25,1.00
2026-06-16 10:41:47,30391.75,30391.75,30389.25,30390.25,17,30389.50,30390.75,1.25
2026-06-16 10:41:48,30390.50,30390.75,30389.50,30389.50,5,30385.25,30386.50,1.25
2026-06-16 10:41:49,30389.75,30389.75,30385.00,30385.00,22,30382.25,30383.25,1.00
2026-06-16 10:41:50,30386.75,30386.75,30380.00,30382.00,64,30383.50,30385.00,1.50
2026-06-16 10:41:51,30382.00,30384.25,30382.00,30383.75,8,30383.50,30385.00,1.50
2026-06-16 10:41:52,30383.75,30386.75,30383.75,30385.50,9,30383.50,30384.50,1.00
2026-06-16 10:41:53,30383.50,30389.00,30383.50,30389.00,21,30384.75,30386.00,1.25
2026-06-16 10:41:54,30388.00,30388.00,30384.50,30385.75,9,30383.50,30384.75,1.25
2026-06-16 10:41:55,30385.00,30385.00,30382.50,30382.50,6,30385.50,30386.50,1.00
2026-06-16 10:41:56,30386.25,30387.00,30385.50,30386.25,6,30385.25,30386.50,1.25
2026-06-16 10:41:57,30386.50,30386.50,30385.00,30386.25,8,30384.75,30386.00,1.25
2026-06-16 10:41:58,30386.00,30386.25,30385.00,30386.00,9,30386.75,30387.75,1.00
2026-06-16 10:41:59,30385.75,30386.50,30385.75,30386.50,2,30386.75,30387.75,1.00
2026-06-16 10:42:00,30387.75,30391.00,30387.75,30389.75,14,30389.75,30391.00,1.25
2026-06-16 10:42:01,30390.50,30392.00,30390.50,30391.50,8,30387.50,30388.75,1.25
2026-06-16 10:42:02,30387.75,30387.75,30387.00,30387.25,3,30384.75,30385.75,1.00
2026-06-16 10:42:03,30387.00,30387.00,30384.50,30384.50,9,30379.50,30380.25,0.75
2026-06-16 10:42:04,30384.50,30385.25,30379.75,30379.75,26,30377.00,30378.00,1.00
2026-06-16 10:42:05,30380.75,30380.75,30377.00,30377.00,27,30377.00,30378.00,1.00
2026-06-16 10:42:06,30377.75,30381.00,30376.00,30381.00,36,30375.50,30376.75,1.25
2026-06-16 10:42:07,30378.25,30378.50,30375.50,30377.75,18,30379.25,30380.25,1.00
2026-06-16 10:42:08,30376.50,30380.00,30375.75,30378.50,18,30378.50,30379.50,1.00
2026-06-16 10:42:09,30379.75,30381.75,30379.00,30379.00,13,30377.25,30378.50,1.25
2026-06-16 10:42:10,30379.50,30379.50,30378.25,30378.25,4,30380.50,30381.75,1.25
2026-06-16 10:42:11,30376.50,30381.50,30376.50,30381.50,11,30379.25,30380.25,1.00
2026-06-16 10:42:12,30381.00,30381.00,30378.00,30378.25,9,30379.50,30380.50,1.00
2026-06-16 10:42:13,30380.00,30380.00,30378.50,30379.00,6,30385.00,30386.25,1.25
2026-06-16 10:42:14,30380.25,30386.25,30380.25,30386.25,18,30381.75,30382.75,1.00
2026-06-16 10:42:15,30385.00,30385.75,30383.00,30383.00,27,30378.50,30379.50,1.00
2026-06-16 10:42:16,30380.25,30380.50,30377.25,30377.25,10,30379.50,30380.50,1.00
2026-06-16 10:42:17,30378.75,30380.00,30378.75,30380.00,5,30380.75,30381.75,1.00
2026-06-16 10:42:18,30380.00,30380.50,30379.50,30380.50,9,30379.50,30380.50,1.00
2026-06-16 10:42:19,30380.00,30381.25,30379.75,30381.25,9,30378.50,30380.00,1.50
2026-06-16 10:42:20,30380.50,30380.50,30377.50,30377.50,3,30380.25,30381.50,1.25
2026-06-16 10:42:21,30380.25,30380.25,30379.00,30380.00,5,30378.25,30379.75,1.50
2026-06-16 10:42:22,30380.00,30380.00,30380.00,30380.00,1,30379.25,30380.50,1.25
2026-06-16 10:42:23,30377.75,30378.25,30377.75,30378.25,2,30380.50,30382.00,1.50
2026-06-16 10:42:24,30381.50,30382.75,30380.50,30380.50,10,30379.25,30380.75,1.50
2026-06-16 10:42:25,30381.00,30382.00,30380.75,30382.00,4,30379.50,30380.50,1.00
2026-06-16 10:42:26,30380.25,30380.25,30378.50,30378.50,3,30386.50,30387.50,1.00
2026-06-16 10:42:27,30380.00,30388.50,30379.75,30387.50,27,30380.50,30381.50,1.00
2026-06-16 10:42:28,30386.50,30386.75,30382.50,30382.50,5,30377.75,30379.50,1.75
2026-06-16 10:42:29,30383.50,30383.50,30379.00,30379.00,9,30377.75,30379.50,1.75
2026-06-16 10:42:30,30378.25,30379.00,30378.25,30378.75,6,30379.00,30380.50,1.50
2026-06-16 10:42:31,30378.75,30380.50,30378.25,30380.00,6,30380.00,30381.50,1.50
2026-06-16 10:42:32,30379.50,30381.25,30379.50,30381.25,4,30380.00,30381.50,1.50
2026-06-16 10:42:33,30381.25,30381.25,30378.50,30378.50,3,30378.50,30379.50,1.00
2026-06-16 10:42:34,30377.75,30377.75,30377.75,30377.75,2,30379.00,30380.25,1.25
2026-06-16 10:42:35,30377.50,30377.75,30377.00,30377.25,10,30381.00,30382.00,1.00
2026-06-16 10:42:36,30378.75,30382.25,30378.75,30381.25,9,30380.25,30381.75,1.50
2026-06-16 10:42:37,30380.25,30380.25,30380.00,30380.00,2,30383.00,30384.50,1.50
2026-06-16 10:42:38,30380.75,30383.75,30379.25,30383.75,24,30386.50,30387.75,1.25
2026-06-16 10:42:39,30384.25,30388.00,30384.25,30386.00,39,30384.25,30385.25,1.00
2026-06-16 10:42:40,30387.00,30388.50,30385.00,30385.00,6,30386.00,30387.50,1.50
2026-06-16 10:42:41,30384.25,30387.25,30384.25,30386.00,8,30387.75,30388.75,1.00
2026-06-16 10:42:42,30385.75,30387.00,30385.75,30387.00,2,30392.00,30393.25,1.25
2026-06-16 10:42:43,30389.00,30394.25,30389.00,30392.00,40,30390.00,30391.25,1.25
2026-06-16 10:42:44,30391.75,30392.75,30390.25,30390.25,16,30393.25,30394.25,1.00
2026-06-16 10:42:45,30390.25,30394.25,30390.25,30394.00,11,30397.25,30398.25,1.00
2026-06-16 10:42:46,30394.00,30398.25,30393.25,30398.25,23,30397.00,30398.25,1.25
2026-06-16 10:42:47,30396.50,30399.00,30395.25,30397.00,23,30398.75,30399.75,1.00
2026-06-16 10:42:48,30398.25,30400.25,30397.75,30400.25,22,30400.25,30401.25,1.00
2026-06-16 10:42:49,30399.50,30399.50,30396.75,30399.50,12,30394.00,30395.25,1.25
2026-06-16 10:42:50,30399.25,30399.25,30395.25,30395.25,14,30394.00,30395.00,1.00
2026-06-16 10:42:51,30394.00,30395.25,30392.75,30394.50,30,30389.25,30390.25,1.00
2026-06-16 10:42:52,30393.25,30393.25,30389.25,30390.50,16,30388.00,30389.00,1.00
2026-06-16 10:42:53,30389.50,30389.50,30387.25,30387.75,13,30393.00,30394.50,1.50
2026-06-16 10:42:54,30388.00,30394.00,30388.00,30394.00,13,30393.50,30394.50,1.00
2026-06-16 10:42:55,30393.25,30395.00,30393.25,30394.00,10,30396.00,30396.75,0.75
2026-06-16 10:42:56,30394.75,30396.25,30394.75,30395.25,10,30397.00,30398.25,1.25
2026-06-16 10:42:57,30396.00,30397.50,30396.00,30397.50,7,30398.00,30399.00,1.00
2026-06-16 10:42:58,30397.00,30397.75,30396.75,30397.75,5,30396.75,30397.75,1.00
2026-06-16 10:42:59,30398.50,30398.75,30397.75,30398.75,8,30395.50,30396.75,1.25
2026-06-16 10:43:00,30398.00,30398.00,30395.75,30396.75,8,30395.25,30396.50,1.25
2026-06-16 10:43:01,30396.75,30398.00,30393.00,30394.50,44,30392.50,30393.75,1.25
2026-06-16 10:43:02,30396.50,30396.50,30392.25,30393.25,9,30393.25,30394.25,1.00
2026-06-16 10:43:03,30393.00,30393.25,30393.00,30393.25,2,30390.25,30391.25,1.00
2026-06-16 10:43:04,30393.25,30393.25,30390.50,30390.50,14,30389.25,30390.50,1.25
2026-06-16 10:43:05,30390.25,30391.50,30389.00,30390.50,14,30388.75,30390.00,1.25
2026-06-16 10:43:06,30388.75,30389.75,30388.00,30389.50,6,30385.75,30386.75,1.00
2026-06-16 10:43:07,30389.00,30389.00,30385.25,30388.25,16,30386.50,30387.50,1.00
2026-06-16 10:43:08,30386.50,30387.50,30386.00,30387.50,7,30385.75,30387.00,1.25
2026-06-16 10:43:09,30386.00,30386.75,30384.75,30385.25,17,30390.25,30391.50,1.25
2026-06-16 10:43:10,30388.50,30392.50,30388.50,30392.50,5,30391.00,30392.25,1.25
2026-06-16 10:43:11,30390.75,30392.50,30389.50,30392.50,10,30388.00,30389.25,1.25
2026-06-16 10:43:13,30391.00,30391.25,30387.00,30389.00,16,30384.75,30386.25,1.50
2026-06-16 10:43:14,30386.50,30386.75,30385.50,30386.75,14,30389.00,30390.00,1.00
2026-06-16 10:43:15,30389.25,30389.50,30389.25,30389.50,3,30389.00,30390.00,1.00
2026-06-16 10:43:16,30389.00,30391.50,30389.00,30391.25,7,30389.75,30391.00,1.25
2026-06-16 10:43:17,30391.75,30392.25,30390.00,30390.00,5,30384.75,30386.00,1.25
2026-06-16 10:43:18,30387.75,30388.00,30385.75,30386.25,5,30386.75,30388.00,1.25
2026-06-16 10:43:19,30385.00,30386.50,30384.75,30386.50,4,30387.25,30388.75,1.50
2026-06-16 10:43:20,30386.50,30388.75,30386.50,30387.25,12,30386.00,30387.00,1.00
2026-06-16 10:43:21,30386.25,30386.25,30386.25,30386.25,1,30387.75,30388.75,1.00
2026-06-16 10:43:22,30386.75,30388.75,30386.50,30388.75,10,30387.00,30388.25,1.25
2026-06-16 10:43:23,30388.50,30389.25,30384.75,30386.25,29,30388.25,30389.25,1.00
2026-06-16 10:43:24,30387.75,30388.50,30387.75,30388.50,3,30387.00,30388.25,1.25
2026-06-16 10:43:25,30387.50,30389.25,30386.75,30386.75,10,30385.75,30387.25,1.50
2026-06-16 10:43:27,30388.00,30389.50,30386.75,30386.75,8,30381.00,30382.25,1.25
2026-06-16 10:43:28,30387.25,30387.50,30381.75,30381.75,13,30379.75,30380.50,0.75
2026-06-16 10:43:29,30380.75,30383.00,30377.00,30379.75,54,30385.50,30386.50,1.00
2026-06-16 10:43:30,30379.25,30386.00,30379.00,30386.00,11,30386.25,30387.25,1.00
2026-06-16 10:43:31,30386.50,30386.75,30386.50,30386.75,2,30386.75,30387.50,0.75
2026-06-16 10:43:32,30387.25,30387.50,30386.00,30387.50,11,30387.75,30389.00,1.25
2026-06-16 10:43:33,30387.75,30389.50,30387.75,30388.50,8,30385.50,30386.75,1.25
2026-06-16 10:43:34,30388.25,30388.50,30386.75,30386.75,11,30384.75,30385.75,1.00
2026-06-16 10:43:35,30385.75,30385.75,30384.50,30384.50,2,30387.25,30388.50,1.25
2026-06-16 10:43:36,30385.75,30386.25,30385.75,30386.25,2,30385.75,30387.00,1.25
2026-06-16 10:43:37,30386.50,30386.50,30386.50,30386.50,1,30386.75,30388.00,1.25
2026-06-16 10:43:38,30385.75,30386.75,30385.75,30386.25,4,30388.75,30389.75,1.00
2026-06-16 10:43:40,30388.75,30388.75,30388.75,30388.75,3,30388.00,30389.25,1.25
2026-06-16 10:43:41,30390.25,30390.25,30388.50,30388.50,5,30389.75,30390.75,1.00
2026-06-16 10:43:42,30391.00,30391.00,30391.00,30391.00,2,30392.50,30393.75,1.25
2026-06-16 10:43:43,30391.50,30393.25,30391.50,30392.00,7,30392.50,30393.75,1.25
2026-06-16 10:43:44,30392.50,30393.50,30391.25,30391.25,5,30386.75,30388.00,1.25
2026-06-16 10:43:45,30391.00,30391.00,30387.00,30387.00,2,30382.75,30384.00,1.25
2026-06-16 10:43:47,30384.75,30384.75,30382.50,30382.50,4,30382.00,30383.50,1.50
2026-06-16 10:43:48,30382.00,30383.00,30382.00,30383.00,2,30380.50,30381.75,1.25
2026-06-16 10:43:49,30380.75,30380.75,30380.25,30380.25,6,30383.00,30384.25,1.25
2026-06-16 10:43:50,30382.00,30382.75,30382.00,30382.50,4,30379.75,30381.50,1.75
2026-06-16 10:43:51,30383.00,30383.00,30381.75,30381.75,3,30379.50,30380.75,1.25
2026-06-16 10:43:52,30379.75,30379.75,30379.25,30379.25,5,30381.50,30382.75,1.25
2026-06-16 10:43:53,30381.00,30382.00,30380.25,30382.00,5,30381.50,30382.75,1.25
2026-06-16 10:43:54,30381.50,30382.25,30381.25,30382.25,5,30379.00,30380.75,1.75
2026-06-16 10:43:55,30380.75,30381.50,30380.50,30381.50,10,30378.50,30380.00,1.50
2026-06-16 10:43:56,30380.25,30380.75,30380.25,30380.50,4,30381.25,30382.50,1.25
2026-06-16 10:43:57,30378.50,30379.50,30378.50,30379.00,4,30379.50,30381.00,1.50
2026-06-16 10:43:59,30380.75,30381.00,30378.25,30380.50,12,30380.00,30381.25,1.25
2026-06-16 10:44:00,30380.75,30380.75,30378.75,30378.75,2,30380.25,30381.25,1.00
2026-06-16 10:44:01,30381.25,30382.25,30380.00,30381.75,14,30380.00,30381.25,1.25
2026-06-16 10:44:02,30379.75,30381.00,30378.50,30381.00,8,30381.00,30382.00,1.00
2026-06-16 10:44:03,30381.50,30383.00,30381.50,30383.00,15,30384.75,30386.00,1.25
2026-06-16 10:44:04,30381.00,30385.50,30380.75,30385.50,17,30386.50,30387.75,1.25
2026-06-16 10:44:05,30386.50,30387.25,30386.00,30387.00,12,30383.75,30385.00,1.25
2026-06-16 10:44:06,30385.75,30386.75,30383.25,30384.75,19,30385.25,30386.50,1.25
2026-06-16 10:44:07,30384.50,30388.75,30384.50,30388.75,6,30385.00,30386.75,1.75
2026-06-16 10:44:08,30387.25,30387.50,30385.75,30386.00,6,30381.25,30382.50,1.25
2026-06-16 10:44:09,30384.50,30384.50,30381.75,30381.75,15,30381.75,30382.75,1.00
2026-06-16 10:44:10,30383.00,30383.00,30383.00,30383.00,1,30380.00,30381.25,1.25
2026-06-16 10:44:11,30381.75,30383.00,30381.00,30381.50,11,30380.50,30381.50,1.00
2026-06-16 10:44:12,30379.75,30380.50,30379.00,30380.00,6,30381.25,30382.25,1.00
2026-06-16 10:44:13,30381.25,30381.25,30381.00,30381.00,3,30379.75,30381.00,1.25
2026-06-16 10:44:14,30381.25,30381.25,30379.25,30380.00,4,30380.50,30381.50,1.00
2026-06-16 10:44:15,30379.75,30381.25,30379.00,30380.25,8,30384.00,30385.25,1.25
2026-06-16 10:44:16,30381.25,30383.00,30381.25,30382.50,15,30380.75,30381.75,1.00
2026-06-16 10:44:17,30384.75,30384.75,30381.00,30381.25,13,30379.25,30380.50,1.25
2026-06-16 10:44:18,30379.50,30380.75,30379.50,30380.75,4,30377.50,30378.50,1.00
2026-06-16 10:44:19,30378.25,30378.75,30376.75,30377.00,11,30379.00,30380.25,1.25
2026-06-16 10:44:20,30378.00,30381.50,30378.00,30379.50,18,30378.75,30379.75,1.00
2026-06-16 10:44:21,30379.00,30379.75,30378.25,30379.75,10,30378.50,30380.00,1.50
2026-06-16 10:44:22,30378.25,30378.25,30377.50,30377.50,2,30380.50,30381.75,1.25
2026-06-16 10:44:23,30381.50,30381.75,30381.50,30381.50,3,30382.00,30383.50,1.50
2026-06-16 10:44:24,30381.25,30382.25,30381.25,30381.25,5,30385.75,30387.00,1.25
2026-06-16 10:44:25,30383.75,30386.25,30383.00,30386.25,6,30383.75,30385.25,1.50
2026-06-16 10:44:26,30385.75,30385.75,30385.75,30385.75,2,30381.25,30382.50,1.25
2026-06-16 10:44:28,30384.75,30384.75,30384.75,30384.75,1,30380.25,30381.25,1.00
2026-06-16 10:44:29,30383.75,30384.00,30383.75,30384.00,2,30380.50,30381.75,1.25
2026-06-16 10:44:30,30379.50,30380.75,30379.50,30380.75,2,30382.25,30384.00,1.75
2026-06-16 10:44:31,30380.25,30382.50,30380.25,30382.50,5,30382.50,30383.50,1.00
2026-06-16 10:44:32,30384.00,30384.00,30383.00,30383.25,4,30382.50,30383.50,1.00
2026-06-16 10:44:33,30382.00,30382.00,30382.00,30382.00,1,30383.25,30384.25,1.00
2026-06-16 10:44:34,30382.00,30384.25,30382.00,30384.25,7,30375.25,30376.50,1.25
2026-06-16 10:44:35,30383.00,30383.00,30376.50,30376.50,12,30377.50,30378.75,1.25
2026-06-16 10:44:36,30375.00,30377.75,30372.75,30376.75,59,30373.75,30374.75,1.00
2026-06-16 10:44:37,30377.75,30378.75,30374.50,30374.50,5,30371.25,30372.50,1.25
2026-06-16 10:44:38,30373.75,30374.00,30371.00,30371.00,27,30372.50,30373.50,1.00
2026-06-16 10:44:39,30371.50,30372.50,30370.50,30371.50,11,30371.75,30372.75,1.00
2026-06-16 10:44:40,30373.25,30376.25,30368.50,30369.50,73,30370.75,30372.00,1.25
2026-06-16 10:44:41,30372.75,30374.75,30370.50,30371.00,23,30372.50,30373.50,1.00
2026-06-16 10:44:42,30370.25,30372.00,30370.25,30372.00,4,30370.75,30372.00,1.25
2026-06-16 10:44:43,30372.50,30372.75,30370.25,30370.50,11,30370.75,30372.00,1.25
2026-06-16 10:44:44,30370.50,30371.75,30370.25,30370.75,5,30371.25,30372.50,1.25
2026-06-16 10:44:45,30372.25,30373.75,30371.00,30372.75,23,30371.00,30372.00,1.00
2026-06-16 10:44:46,30372.50,30373.50,30370.75,30373.50,4,30370.50,30371.50,1.00
2026-06-16 10:44:47,30369.00,30371.50,30369.00,30371.50,5,30371.75,30373.00,1.25
2026-06-16 10:44:48,30371.00,30372.00,30369.50,30372.00,11,30371.75,30373.25,1.50
2026-06-16 10:44:49,30371.75,30373.50,30371.50,30373.50,17,30374.25,30376.00,1.75
2026-06-16 10:44:50,30373.75,30375.00,30373.75,30375.00,4,30374.75,30375.75,1.00
2026-06-16 10:44:51,30376.25,30379.00,30374.50,30375.00,45,30374.25,30375.25,1.00
2026-06-16 10:44:52,30374.75,30375.50,30374.75,30374.75,4,30372.75,30373.75,1.00
2026-06-16 10:44:53,30374.25,30376.25,30373.50,30376.25,21,30372.75,30373.75,1.00
2026-06-16 10:44:54,30373.25,30373.25,30371.25,30371.25,7,30374.50,30375.50,1.00
2026-06-16 10:44:55,30372.75,30378.00,30372.75,30376.00,12,30371.50,30373.00,1.50
2026-06-16 10:44:56,30374.25,30374.25,30371.75,30372.00,9,30374.25,30375.25,1.00
2026-06-16 10:44:57,30372.25,30374.25,30372.25,30374.25,8,30376.00,30377.25,1.25
2026-06-16 10:44:58,30375.25,30377.00,30374.25,30377.00,9,30374.00,30375.25,1.25
2026-06-16 10:44:59,30375.25,30377.25,30373.75,30374.00,23,30373.00,30374.00,1.00
2026-06-16 10:45:00,30373.75,30376.00,30373.50,30373.75,20,30367.25,30368.75,1.50
2026-06-16 10:45:01,30371.75,30371.75,30364.25,30367.50,86,30370.25,30371.25,1.00
2026-06-16 10:45:02,30366.00,30372.25,30365.50,30371.50,22,30368.75,30369.75,1.00
2026-06-16 10:45:03,30370.75,30372.00,30367.75,30369.00,72,30367.75,30368.75,1.00
2026-06-16 10:45:04,30369.00,30372.00,30367.25,30368.75,26,30361.25,30362.50,1.25
2026-06-16 10:45:05,30367.50,30367.50,30361.50,30361.50,26,30357.50,30359.00,1.50
2026-06-16 10:45:06,30362.75,30362.75,30356.75,30357.25,75,30356.00,30357.25,1.25
2026-06-16 10:45:07,30357.75,30357.75,30355.75,30357.75,27,30352.25,30353.75,1.50
2026-06-16 10:45:08,30357.25,30360.50,30350.25,30352.50,108,30353.00,30354.00,1.00
2026-06-16 10:45:09,30352.00,30355.75,30352.00,30352.75,17,30349.50,30350.50,1.00
2026-06-16 10:45:10,30353.00,30354.50,30349.00,30350.50,41,30351.50,30352.25,0.75
2026-06-16 10:45:11,30351.25,30353.75,30351.00,30352.25,39,30351.50,30352.25,0.75
2026-06-16 10:45:12,30351.50,30352.00,30348.00,30348.25,29,30352.75,30353.75,1.00
2026-06-16 10:45:13,30348.50,30353.25,30348.25,30352.50,31,30352.75,30353.75,1.00
2026-06-16 10:45:14,30353.25,30355.75,30352.25,30355.25,42,30351.50,30352.50,1.00
2026-06-16 10:45:15,30350.00,30351.75,30347.50,30351.50,64,30352.00,30352.75,0.75
2026-06-16 10:45:16,30351.50,30353.50,30350.75,30352.50,24,30354.25,30355.25,1.00
2026-06-16 10:45:17,30352.75,30355.25,30352.25,30355.25,23,30354.25,30355.25,1.00
2026-06-16 10:45:18,30354.50,30355.75,30352.50,30352.50,20,30352.25,30353.25,1.00
2026-06-16 10:45:19,30353.50,30353.75,30351.75,30351.75,14,30346.50,30347.75,1.25
2026-06-16 10:45:20,30353.25,30353.25,30345.75,30346.25,25,30346.00,30347.00,1.00
2026-06-16 10:45:21,30348.00,30349.00,30345.25,30345.25,42,30345.75,30347.25,1.50
2026-06-16 10:45:22,30346.25,30347.25,30345.00,30347.25,12,30345.75,30347.25,1.50
2026-06-16 10:45:23,30347.25,30347.75,30345.75,30347.75,19,30353.50,30354.75,1.25
2026-06-16 10:45:24,30349.75,30354.50,30349.50,30354.50,29,30354.50,30355.75,1.25
2026-06-16 10:45:25,30353.50,30355.50,30353.50,30355.25,11,30354.25,30355.25,1.00
2026-06-16 10:45:26,30354.75,30356.25,30353.75,30354.50,7,30361.50,30362.75,1.25
2026-06-16 10:45:27,30354.50,30366.75,30354.50,30361.25,121,30363.00,30364.25,1.25
2026-06-16 10:45:28,30361.50,30365.00,30361.50,30364.25,26,30364.50,30365.75,1.25
2026-06-16 10:45:29,30365.00,30365.50,30363.75,30365.50,14,30359.75,30360.75,1.00
2026-06-16 10:45:30,30364.50,30364.50,30359.50,30360.75,19,30357.00,30358.00,1.00
2026-06-16 10:45:31,30359.75,30361.00,30358.00,30358.50,29,30358.00,30359.00,1.00
2026-06-16 10:45:32,30357.75,30358.50,30357.50,30357.75,15,30356.75,30357.75,1.00
2026-06-16 10:45:33,30357.00,30358.25,30355.00,30355.00,27,30357.50,30358.75,1.25
2026-06-16 10:45:34,30356.50,30359.25,30355.75,30358.75,8,30356.00,30357.25,1.25
2026-06-16 10:45:35,30356.50,30356.50,30354.25,30354.25,5,30354.75,30355.75,1.00
2026-06-16 10:45:36,30357.25,30358.75,30356.75,30356.75,9,30355.25,30356.75,1.50
2026-06-16 10:45:37,30354.50,30355.50,30354.50,30355.50,2,30352.50,30353.50,1.00
2026-06-16 10:45:38,30354.75,30355.00,30353.50,30353.75,4,30350.50,30351.50,1.00
2026-06-16 10:45:39,30352.50,30352.50,30350.00,30351.00,14,30348.75,30349.75,1.00
2026-06-16 10:45:40,30350.25,30350.25,30348.00,30349.00,12,30347.75,30349.00,1.25
2026-06-16 10:45:41,30348.75,30350.25,30347.00,30347.25,18,30347.25,30348.75,1.50
2026-06-16 10:45:42,30348.50,30349.00,30345.75,30347.00,35,30347.75,30348.75,1.00
2026-06-16 10:45:43,30348.00,30352.25,30347.50,30347.50,18,30342.50,30343.50,1.00
2026-06-16 10:45:44,30347.25,30348.25,30342.25,30342.25,59,30343.25,30344.75,1.50
2026-06-16 10:45:45,30345.00,30345.25,30342.00,30343.00,22,30343.25,30344.75,1.50
2026-06-16 10:45:46,30343.50,30348.00,30343.50,30348.00,15,30349.25,30350.25,1.00
2026-06-16 10:45:47,30348.75,30350.75,30347.00,30348.75,30,30352.50,30353.50,1.00
2026-06-16 10:45:48,30350.25,30357.50,30350.00,30353.75,78,30351.00,30352.25,1.25
2026-06-16 10:45:49,30353.75,30355.50,30350.75,30352.25,18,30348.00,30349.25,1.25
2026-06-16 10:45:50,30353.50,30353.50,30348.50,30348.50,20,30348.50,30349.50,1.00
2026-06-16 10:45:51,30349.50,30350.50,30349.00,30349.00,14,30346.00,30347.00,1.00
2026-06-16 10:45:52,30348.50,30348.75,30346.00,30346.00,10,30344.50,30345.50,1.00
2026-06-16 10:45:53,30346.00,30346.00,30343.50,30345.25,11,30341.75,30343.00,1.25
2026-06-16 10:45:54,30344.50,30344.50,30340.50,30340.75,32,30344.50,30345.50,1.00
2026-06-16 10:45:55,30343.25,30345.25,30343.00,30345.25,15,30345.75,30347.00,1.25
2026-06-16 10:45:56,30344.50,30347.00,30344.25,30346.25,21,30339.50,30340.25,0.75
2026-06-16 10:45:57,30345.50,30345.50,30340.00,30340.00,19,30339.00,30340.00,1.00
2026-06-16 10:45:58,30339.25,30339.75,30336.75,30339.75,24,30337.50,30338.75,1.25
2026-06-16 10:45:59,30338.00,30339.25,30337.25,30338.00,15,30338.00,30339.00,1.00
2026-06-16 10:46:00,30338.00,30339.50,30337.50,30338.50,13,30341.00,30342.00,1.00
2026-06-16 10:46:01,30339.25,30343.00,30339.25,30340.75,42,30341.00,30342.00,1.00
2026-06-16 10:46:02,30340.75,30344.75,30340.75,30344.75,38,30343.50,30344.75,1.25
2026-06-16 10:46:03,30345.50,30348.50,30344.50,30345.25,21,30347.75,30348.75,1.00
2026-06-16 10:46:04,30345.00,30349.75,30345.00,30347.25,11,30344.50,30345.50,1.00
2026-06-16 10:46:05,30347.75,30351.25,30344.00,30345.25,38,30342.75,30343.75,1.00
2026-06-16 10:46:06,30345.50,30345.75,30342.00,30343.75,16,30341.25,30342.50,1.25
2026-06-16 10:46:07,30342.75,30343.50,30341.75,30342.00,14,30339.50,30341.00,1.50
2026-06-16 10:46:08,30341.25,30345.25,30340.50,30340.75,31,30341.75,30342.75,1.00
2026-06-16 10:46:09,30338.75,30342.50,30338.75,30342.25,11,30342.00,30343.25,1.25
2026-06-16 10:46:10,30342.00,30343.00,30341.00,30343.00,8,30340.50,30341.75,1.25
2026-06-16 10:46:11,30343.00,30343.00,30341.25,30342.50,9,30341.50,30342.75,1.25
2026-06-16 10:46:12,30342.75,30343.00,30341.00,30342.75,11,30346.25,30347.50,1.25
2026-06-16 10:46:13,30342.25,30346.75,30342.25,30346.75,12,30344.75,30345.75,1.00
2026-06-16 10:46:14,30347.50,30347.75,30344.25,30345.00,6,30345.00,30346.25,1.25
2026-06-16 10:46:15,30344.75,30345.75,30344.00,30345.25,6,30342.50,30343.75,1.25
2026-06-16 10:46:16,30344.25,30344.50,30344.25,30344.50,3,30343.25,30344.25,1.00
2026-06-16 10:46:17,30342.00,30345.25,30342.00,30345.25,7,30343.75,30345.25,1.50
2026-06-16 10:46:18,30342.50,30342.50,30342.50,30342.50,1,30351.25,30352.50,1.25
2026-06-16 10:46:19,30345.50,30352.00,30344.25,30351.25,25,30354.50,30355.75,1.25
2026-06-16 10:46:20,30352.50,30358.00,30352.50,30355.50,41,30353.25,30354.50,1.25
2026-06-16 10:46:21,30354.50,30355.00,30351.75,30353.25,11,30354.50,30355.25,0.75
2026-06-16 10:46:22,30354.00,30355.25,30354.00,30355.25,4,30349.50,30351.00,1.50
2026-06-16 10:46:23,30355.25,30356.00,30350.25,30350.25,26,30347.50,30348.50,1.00
2026-06-16 10:46:24,30351.00,30351.25,30346.25,30346.25,16,30350.00,30351.25,1.25
2026-06-16 10:46:25,30347.75,30350.00,30347.00,30349.25,21,30351.25,30352.50,1.25
2026-06-16 10:46:26,30351.75,30352.00,30350.25,30351.75,17,30352.50,30353.75,1.25
2026-06-16 10:46:27,30353.00,30354.75,30353.00,30354.75,8,30347.50,30348.25,0.75
2026-06-16 10:46:28,30355.25,30355.25,30348.00,30348.00,20,30344.25,30345.75,1.50
2026-06-16 10:46:29,30348.50,30349.00,30345.50,30345.50,7,30340.50,30341.75,1.25
2026-06-16 10:46:30,30345.25,30345.50,30341.25,30341.25,22,30340.50,30342.00,1.50
2026-06-16 10:46:31,30340.25,30341.25,30340.25,30340.50,7,30340.50,30342.25,1.75
2026-06-16 10:46:32,30341.00,30344.00,30340.50,30342.25,20,30342.25,30343.25,1.00
2026-06-16 10:46:33,30340.75,30343.25,30340.75,30342.00,9,30339.00,30340.25,1.25
2026-06-16 10:46:34,30342.25,30342.25,30337.50,30339.00,16,30337.25,30338.00,0.75
2026-06-16 10:46:35,30340.25,30340.50,30337.25,30337.25,19,30340.00,30341.00,1.00
2026-06-16 10:46:36,30338.00,30341.50,30338.00,30340.00,17,30337.00,30338.50,1.50
2026-06-16 10:46:37,30340.25,30340.25,30335.75,30338.00,27,30338.00,30339.00,1.00
2026-06-16 10:46:38,30337.50,30340.25,30337.25,30338.50,8,30340.25,30341.25,1.00
2026-06-16 10:46:39,30338.25,30341.50,30336.75,30341.50,13,30339.75,30340.75,1.00
2026-06-16 10:46:40,30340.75,30342.00,30339.50,30340.50,18,30339.75,30341.00,1.25
2026-06-16 10:46:41,30341.75,30342.50,30339.50,30340.75,15,30337.50,30338.75,1.25
2026-06-16 10:46:42,30340.25,30341.75,30336.75,30339.00,16,30331.50,30332.75,1.25
2026-06-16 10:46:43,30338.25,30338.25,30330.25,30333.00,32,30331.25,30332.25,1.00
2026-06-16 10:46:44,30332.75,30334.25,30331.00,30331.25,16,30336.00,30337.00,1.00
2026-06-16 10:46:45,30332.00,30338.00,30331.00,30337.00,35,30336.50,30337.50,1.00
2026-06-16 10:46:46,30336.25,30337.75,30334.50,30337.50,22,30340.25,30341.25,1.00
2026-06-16 10:46:47,30337.25,30340.50,30337.25,30340.25,20,30340.75,30341.75,1.00
2026-06-16 10:46:48,30341.25,30341.75,30340.25,30341.75,11,30343.25,30344.25,1.00
2026-06-16 10:46:49,30341.75,30344.00,30341.75,30344.00,12,30342.00,30343.00,1.00
2026-06-16 10:46:50,30344.75,30345.25,30343.50,30343.50,5,30346.25,30347.25,1.00
2026-06-16 10:46:51,30342.00,30347.00,30341.25,30347.00,15,30351.25,30352.50,1.25
2026-06-16 10:46:52,30347.75,30353.00,30347.75,30351.00,54,30351.25,30352.50,1.25
2026-06-16 10:46:53,30352.50,30354.50,30351.25,30353.00,17,30348.25,30349.50,1.25
2026-06-16 10:46:54,30351.50,30352.50,30349.00,30349.00,25,30351.00,30352.00,1.00
2026-06-16 10:46:55,30349.25,30352.50,30349.00,30350.75,24,30352.25,30353.25,1.00
2026-06-16 10:46:56,30351.00,30354.00,30351.00,30353.25,8,30352.75,30354.00,1.25
2026-06-16 10:46:57,30352.25,30353.25,30351.50,30352.50,10,30350.50,30351.75,1.25
2026-06-16 10:46:58,30354.00,30355.00,30351.50,30351.50,6,30354.00,30354.50,0.50
2026-06-16 10:46:59,30351.00,30354.50,30351.00,30353.75,8,30352.50,30353.50,1.00
2026-06-16 10:47:00,30354.50,30355.00,30352.25,30352.50,16,30352.25,30353.50,1.25
2026-06-16 10:47:01,30352.50,30353.75,30351.50,30353.75,8,30349.75,30350.75,1.00
2026-06-16 10:47:02,30352.25,30353.00,30350.25,30351.00,26,30350.00,30351.25,1.25
2026-06-16 10:47:03,30351.25,30351.50,30349.50,30349.50,12,30349.50,30350.75,1.25
2026-06-16 10:47:04,30350.25,30350.25,30349.50,30349.50,4,30349.25,30350.25,1.00
2026-06-16 10:47:05,30350.50,30351.00,30347.25,30351.00,15,30346.75,30348.00,1.25
2026-06-16 10:47:06,30349.00,30349.25,30346.75,30347.75,11,30347.50,30348.75,1.25
2026-06-16 10:47:07,30347.75,30347.75,30345.50,30345.50,5,30346.50,30347.75,1.25
2026-06-16 10:47:08,30348.50,30348.50,30347.50,30347.50,3,30342.25,30343.25,1.00
2026-06-16 10:47:09,30346.75,30346.75,30341.75,30341.75,5,30343.50,30344.75,1.25
2026-06-16 10:47:10,30341.75,30344.25,30338.00,30344.25,53,30344.25,30345.50,1.25
2026-06-16 10:47:11,30343.75,30345.00,30343.75,30344.00,11,30346.00,30346.75,0.75
2026-06-16 10:47:12,30346.25,30346.25,30345.75,30345.75,2,30344.00,30345.00,1.00
2026-06-16 10:47:13,30346.50,30346.50,30344.00,30345.00,10,30343.50,30344.75,1.25
2026-06-16 10:47:14,30345.25,30347.00,30345.25,30347.00,7,30343.00,30344.50,1.50
2026-06-16 10:47:15,30344.00,30345.00,30343.50,30343.75,8,30347.25,30348.75,1.50
2026-06-16 10:47:17,30347.25,30348.50,30347.25,30348.00,8,30345.50,30346.50,1.00
2026-06-16 10:47:18,30347.75,30348.25,30346.50,30346.50,3,30344.75,30346.00,1.25
2026-06-16 10:47:19,30345.25,30345.25,30343.50,30344.75,17,30348.00,30349.25,1.25
2026-06-16 10:47:20,30346.00,30348.75,30346.00,30348.75,4,30348.00,30349.25,1.25
2026-06-16 10:47:21,30348.00,30349.25,30347.25,30349.25,4,30345.75,30346.75,1.00
2026-06-16 10:47:22,30351.50,30351.50,30347.00,30347.00,4,30343.75,30344.75,1.00
2026-06-16 10:47:23,30345.75,30346.50,30344.00,30344.00,6,30340.00,30341.25,1.25
2026-06-16 10:47:24,30342.75,30343.50,30339.50,30339.50,5,30340.50,30341.75,1.25
2026-06-16 10:47:25,30341.25,30341.50,30339.00,30340.75,9,30342.00,30343.25,1.25
2026-06-16 10:47:26,30340.50,30343.25,30340.25,30343.25,7,30344.25,30345.50,1.25
2026-06-16 10:47:27,30345.50,30346.00,30345.50,30346.00,4,30344.75,30346.00,1.25
2026-06-16 10:47:28,30345.00,30345.25,30345.00,30345.25,2,30341.75,30342.75,1.00
2026-06-16 10:47:29,30344.50,30344.50,30340.25,30342.75,8,30338.25,30339.50,1.25
2026-06-16 10:47:30,30340.00,30340.00,30340.00,30340.00,1,30337.00,30338.25,1.25
2026-06-16 10:47:31,30338.00,30338.00,30337.00,30337.25,7,30341.50,30343.00,1.50
2026-06-16 10:47:32,30338.25,30340.00,30338.25,30339.25,12,30337.75,30338.75,1.00
2026-06-16 10:47:33,30341.00,30341.00,30338.00,30338.00,9,30336.25,30337.50,1.25
2026-06-16 10:47:34,30338.00,30338.00,30335.75,30337.00,14,30337.50,30338.75,1.25
2026-06-16 10:47:35,30337.25,30338.25,30337.25,30338.25,3,30333.75,30334.75,1.00
2026-06-16 10:47:36,30336.25,30336.75,30333.50,30334.75,17,30335.50,30336.50,1.00
2026-06-16 10:47:37,30333.50,30334.75,30333.50,30334.75,28,30337.75,30339.00,1.25
2026-06-16 10:47:38,30335.25,30342.25,30335.25,30338.25,61,30337.00,30338.25,1.25
2026-06-16 10:47:39,30336.50,30338.50,30336.25,30338.50,11,30339.75,30341.25,1.50
2026-06-16 10:47:40,30338.25,30341.25,30338.25,30341.25,7,30341.25,30342.75,1.50
2026-06-16 10:47:41,30341.00,30341.00,30341.00,30341.00,1,30341.00,30342.25,1.25
2026-06-16 10:47:42,30341.25,30342.00,30341.25,30342.00,2,30340.00,30341.25,1.25
2026-06-16 10:47:43,30342.00,30343.25,30342.00,30343.25,2,30337.75,30339.25,1.50
2026-06-16 10:47:44,30340.00,30340.00,30337.00,30339.25,6,30335.00,30336.25,1.25
2026-06-16 10:47:45,30338.25,30339.50,30338.25,30339.50,4,30332.00,30333.00,1.00
2026-06-16 10:47:46,30337.00,30337.00,30332.00,30333.00,23,30332.75,30333.75,1.00
2026-06-16 10:47:47,30332.75,30333.25,30331.50,30333.00,15,30333.25,30334.50,1.25
2026-06-16 10:47:48,30334.00,30336.00,30334.00,30335.00,7,30331.00,30332.25,1.25
2026-06-16 10:47:49,30334.50,30334.50,30331.75,30331.75,7,30329.50,30330.75,1.25
2026-06-16 10:47:50,30330.75,30331.50,30328.50,30329.00,42,30333.25,30334.75,1.50
2026-06-16 10:47:51,30330.75,30334.75,30330.75,30334.75,11,30335.25,30336.75,1.50
2026-06-16 10:47:52,30336.50,30337.75,30335.00,30337.75,27,30333.50,30334.75,1.25
2026-06-16 10:47:53,30336.50,30338.00,30333.75,30333.75,16,30326.25,30327.25,1.00
2026-06-16 10:47:54,30332.00,30332.00,30326.25,30326.25,45,30323.75,30325.50,1.75
2026-06-16 10:47:55,30326.25,30327.75,30324.00,30324.00,31,30323.50,30324.75,1.25
2026-06-16 10:47:56,30323.25,30324.00,30321.25,30324.00,33,30323.75,30324.75,1.00
2026-06-16 10:47:57,30322.50,30325.00,30322.50,30324.50,15,30326.00,30327.00,1.00
2026-06-16 10:47:58,30325.50,30326.25,30325.25,30326.00,14,30324.75,30326.00,1.25
2026-06-16 10:47:59,30326.75,30327.00,30324.50,30325.00,17,30324.00,30325.00,1.00
2026-06-16 10:48:00,30325.75,30325.75,30324.00,30325.00,8,30324.25,30325.25,1.00
2026-06-16 10:48:01,30324.00,30326.50,30323.75,30326.00,20,30325.50,30326.50,1.00
2026-06-16 10:48:02,30325.25,30327.50,30325.00,30325.25,12,30328.75,30330.50,1.75
2026-06-16 10:48:03,30327.00,30333.25,30326.25,30331.00,24,30326.75,30328.50,1.75
2026-06-16 10:48:04,30330.75,30332.75,30329.50,30331.25,7,30328.25,30329.25,1.00
2026-06-16 10:48:05,30329.25,30330.00,30327.75,30329.25,18,30327.75,30329.00,1.25
2026-06-16 10:48:06,30329.00,30329.00,30326.75,30327.00,4,30328.25,30329.25,1.00
2026-06-16 10:48:07,30327.75,30328.50,30324.75,30327.50,8,30325.75,30327.00,1.25
2026-06-16 10:48:08,30328.25,30328.25,30327.75,30327.75,6,30327.00,30328.25,1.25
2026-06-16 10:48:09,30327.25,30327.75,30327.00,30327.75,5,30327.75,30328.75,1.00
2026-06-16 10:48:10,30326.75,30329.25,30326.75,30327.75,5,30327.25,30328.50,1.25
2026-06-16 10:48:11,30328.25,30328.75,30328.25,30328.25,3,30326.50,30327.75,1.25
2026-06-16 10:48:12,30328.50,30328.50,30327.00,30327.00,2,30329.25,30330.25,1.00
2026-06-16 10:48:13,30326.50,30329.50,30326.50,30329.50,6,30329.75,30330.50,0.75
2026-06-16 10:48:14,30328.75,30330.50,30326.75,30330.50,55,30332.25,30333.50,1.25
2026-06-16 10:48:15,30330.75,30333.75,30330.75,30333.25,8,30329.50,30330.75,1.25
2026-06-16 10:48:16,30332.25,30332.25,30332.25,30332.25,1,30330.00,30331.50,1.50
2026-06-16 10:48:17,30331.50,30331.50,30331.25,30331.25,2,30330.00,30331.50,1.50
2026-06-16 10:48:18,30330.75,30332.50,30329.50,30332.50,9,30337.00,30338.25,1.25
2026-06-16 10:48:19,30334.75,30338.50,30334.75,30337.75,47,30337.75,30338.75,1.00
2026-06-16 10:48:20,30339.00,30340.25,30338.25,30338.50,13,30338.00,30339.25,1.25
2026-06-16 10:48:21,30338.75,30342.00,30337.25,30338.75,45,30339.25,30340.50,1.25
2026-06-16 10:48:22,30337.00,30339.50,30336.50,30339.50,7,30339.25,30340.75,1.50
2026-06-16 10:48:23,30340.50,30340.50,30338.75,30340.50,5,30342.25,30343.50,1.25
2026-06-16 10:48:24,30341.75,30344.25,30340.50,30342.25,85,30336.00,30337.00,1.00
2026-06-16 10:48:25,30343.25,30343.75,30336.00,30336.00,36,30335.75,30337.00,1.25
2026-06-16 10:48:26,30336.00,30337.75,30336.00,30337.75,7,30336.75,30338.25,1.50
2026-06-16 10:48:27,30337.50,30339.25,30336.50,30336.75,23,30337.50,30338.75,1.25
2026-06-16 10:48:28,30339.00,30339.75,30338.75,30338.75,3,30339.25,30340.50,1.25
2026-06-16 10:48:29,30339.25,30339.25,30339.25,30339.25,1,30342.25,30343.50,1.25
2026-06-16 10:48:30,30341.75,30343.00,30341.25,30342.75,24,30343.75,30345.00,1.25
2026-06-16 10:48:31,30342.75,30344.25,30342.75,30342.75,4,30341.75,30343.00,1.25
2026-06-16 10:48:32,30343.00,30343.00,30343.00,30343.00,2,30338.75,30340.00,1.25
2026-06-16 10:48:33,30342.00,30342.00,30337.00,30338.75,20,30334.25,30335.50,1.25
2026-06-16 10:48:34,30338.75,30338.75,30335.00,30335.00,9,30335.75,30336.50,0.75
2026-06-16 10:48:35,30334.00,30336.75,30334.00,30336.50,8,30337.50,30338.75,1.25
2026-06-16 10:48:36,30336.25,30338.25,30336.25,30338.25,2,30339.25,30340.75,1.50
2026-06-16 10:48:37,30341.25,30343.00,30340.00,30340.00,8,30339.00,30340.50,1.50
2026-06-16 10:48:38,30339.25,30340.00,30339.25,30340.00,3,30337.00,30338.00,1.00
2026-06-16 10:48:39,30338.00,30338.00,30336.25,30336.25,8,30337.00,30338.25,1.25
2026-06-16 10:48:40,30336.50,30337.25,30336.25,30337.25,11,30335.25,30336.50,1.25
2026-06-16 10:48:41,30337.75,30337.75,30337.25,30337.25,5,30334.50,30335.75,1.25
2026-06-16 10:48:42,30337.00,30337.00,30335.25,30335.25,8,30333.75,30335.00,1.25
2026-06-16 10:48:43,30333.75,30333.75,30332.25,30333.25,12,30327.50,30328.50,1.00
2026-06-16 10:48:44,30334.00,30334.00,30329.25,30329.50,25,30329.25,30330.50,1.25
2026-06-16 10:48:45,30327.50,30329.50,30327.00,30329.00,18,30330.75,30332.25,1.50
2026-06-16 10:48:46,30329.75,30332.00,30329.75,30332.00,3,30324.25,30325.75,1.50
2026-06-16 10:48:47,30331.50,30331.50,30325.75,30325.75,9,30324.00,30325.25,1.25
2026-06-16 10:48:48,30325.50,30326.75,30322.50,30323.50,28,30322.25,30323.00,0.75
2026-06-16 10:48:49,30324.75,30325.25,30322.75,30322.75,7,30324.25,30325.50,1.25
2026-06-16 10:48:50,30322.25,30324.00,30322.25,30324.00,10,30324.25,30325.50,1.25
2026-06-16 10:48:51,30324.25,30326.75,30324.25,30326.25,11,30323.50,30325.25,1.75
2026-06-16 10:48:52,30325.25,30329.50,30324.00,30324.00,28,30321.75,30323.25,1.50
2026-06-16 10:48:53,30323.25,30324.25,30322.00,30322.00,5,30321.25,30322.50,1.25
2026-06-16 10:48:54,30322.75,30324.50,30321.25,30321.25,6,30316.50,30317.50,1.00
2026-06-16 10:48:55,30321.25,30321.25,30316.50,30316.75,47,30319.75,30321.00,1.25
2026-06-16 10:48:56,30316.75,30320.50,30316.50,30320.25,24,30319.75,30320.75,1.00
2026-06-16 10:48:57,30320.50,30321.25,30318.50,30321.00,17,30320.25,30321.25,1.00
2026-06-16 10:48:58,30320.75,30321.50,30319.25,30319.75,21,30320.00,30321.25,1.25
2026-06-16 10:48:59,30320.75,30321.00,30320.25,30320.25,6,30320.50,30321.50,1.00
2026-06-16 10:49:00,30320.75,30320.75,30318.00,30320.50,19,30320.75,30321.75,1.00
2026-06-16 10:49:01,30321.75,30321.75,30319.50,30320.50,10,30323.25,30324.50,1.25
2026-06-16 10:49:02,30320.50,30325.25,30320.50,30324.75,20,30323.25,30324.75,1.50
2026-06-16 10:49:03,30324.25,30325.00,30323.75,30324.50,8,30320.75,30322.25,1.50
2026-06-16 10:49:04,30324.50,30324.50,30322.75,30322.75,5,30319.50,30320.50,1.00
2026-06-16 10:49:05,30320.50,30321.25,30319.25,30319.25,13,30320.25,30321.50,1.25
2026-06-16 10:49:06,30321.00,30322.75,30320.75,30320.75,3,30320.75,30322.25,1.50
2026-06-16 10:49:07,30322.50,30325.00,30321.75,30321.75,17,30322.75,30323.75,1.00
2026-06-16 10:49:08,30320.50,30324.00,30320.50,30324.00,4,30322.75,30323.75,1.00
2026-06-16 10:49:09,30325.00,30325.00,30323.75,30324.25,13,30323.00,30324.25,1.25
2026-06-16 10:49:10,30322.50,30323.25,30322.50,30323.00,4,30323.75,30324.75,1.00
2026-06-16 10:49:11,30322.50,30322.75,30321.50,30322.75,6,30328.25,30329.75,1.50
2026-06-16 10:49:12,30324.75,30330.50,30324.75,30329.00,55,30330.25,30331.50,1.25
2026-06-16 10:49:13,30328.50,30330.50,30327.75,30330.50,12,30330.00,30331.50,1.50
2026-06-16 10:49:14,30331.50,30331.75,30330.25,30331.25,15,30329.50,30331.00,1.50
2026-06-16 10:49:15,30330.50,30331.50,30329.50,30331.50,12,30330.50,30331.75,1.25
2026-06-16 10:49:16,30330.00,30333.00,30329.75,30331.75,15,30330.50,30331.75,1.25
2026-06-16 10:49:17,30330.50,30330.50,30330.50,30330.50,1,30330.00,30331.00,1.00
2026-06-16 10:49:18,30331.75,30331.75,30330.50,30331.75,4,30330.75,30332.25,1.50
2026-06-16 10:49:19,30332.50,30332.50,30331.75,30331.75,4,30329.00,30330.25,1.25
2026-06-16 10:49:20,30331.50,30331.75,30329.25,30329.75,25,30328.50,30329.75,1.25
2026-06-16 10:49:21,30330.25,30330.25,30330.25,30330.25,1,30327.50,30328.75,1.25
2026-06-16 10:49:22,30328.00,30329.25,30327.50,30328.75,7,30327.75,30328.75,1.00
2026-06-16 10:49:23,30329.00,30329.25,30327.50,30327.50,3,30330.25,30331.25,1.00
2026-06-16 10:49:24,30328.75,30331.75,30328.50,30331.75,6,30331.50,30332.75,1.25
2026-06-16 10:49:25,30333.00,30333.25,30331.75,30332.75,8,30335.00,30336.00,1.00
2026-06-16 10:49:26,30331.50,30335.00,30330.50,30335.00,15,30338.00,30339.25,1.25
2026-06-16 10:49:27,30335.00,30338.25,30335.00,30338.25,17,30338.00,30339.25,1.25
2026-06-16 10:49:28,30339.00,30339.25,30335.25,30335.25,16,30331.75,30332.75,1.00
2026-06-16 10:49:29,30335.25,30336.75,30332.50,30333.25,14,30331.00,30332.25,1.25
2026-06-16 10:49:30,30331.75,30331.75,30329.00,30330.00,27,30330.75,30331.75,1.00
2026-06-16 10:49:31,30332.25,30332.75,30332.25,30332.75,2,30331.50,30332.75,1.25
2026-06-16 10:49:32,30331.75,30333.00,30331.75,30333.00,11,30333.00,30334.00,1.00
2026-06-16 10:49:33,30333.00,30333.00,30332.25,30332.25,6,30332.50,30333.50,1.00
2026-06-16 10:49:34,30332.50,30332.50,30332.00,30332.25,3,30331.75,30333.00,1.25
2026-06-16 10:49:35,30333.25,30335.25,30332.50,30335.00,25,30325.25,30326.00,0.75
2026-06-16 10:49:36,30329.25,30329.25,30325.25,30325.25,10,30329.00,30330.00,1.00
2026-06-16 10:49:37,30326.00,30328.50,30326.00,30328.50,3,30329.25,30330.25,1.00
2026-06-16 10:49:38,30329.00,30329.00,30328.50,30328.50,4,30329.50,30330.50,1.00
2026-06-16 10:49:39,30331.25,30331.25,30331.25,30331.25,3,30327.75,30329.00,1.25
2026-06-16 10:49:40,30329.25,30329.25,30328.50,30328.50,3,30326.25,30327.25,1.00
2026-06-16 10:49:41,30329.00,30329.00,30326.25,30327.50,8,30328.00,30329.50,1.50
2026-06-16 10:49:42,30328.50,30331.00,30328.50,30331.00,17,30324.25,30325.50,1.25
2026-06-16 10:49:43,30326.00,30326.00,30324.50,30324.50,5,30325.25,30326.50,1.25
2026-06-16 10:49:44,30325.50,30327.75,30325.50,30326.00,8,30324.00,30325.25,1.25
2026-06-16 10:49:45,30326.25,30326.75,30324.25,30324.50,9,30323.50,30324.25,0.75
2026-06-16 10:49:46,30325.25,30325.25,30325.25,30325.25,1,30323.00,30324.00,1.00
2026-06-16 10:49:47,30323.75,30323.75,30322.75,30322.75,5,30323.75,30324.75,1.00
2026-06-16 10:49:48,30324.50,30324.50,30322.75,30323.00,3,30325.75,30326.75,1.00
2026-06-16 10:49:49,30324.75,30328.00,30323.75,30328.00,10,30325.75,30327.00,1.25
2026-06-16 10:49:50,30326.75,30326.75,30325.25,30325.25,6,30327.00,30328.25,1.25
2026-06-16 10:49:51,30326.25,30327.75,30326.00,30327.75,8,30323.50,30324.25,0.75
2026-06-16 10:49:52,30326.75,30326.75,30325.25,30325.25,3,30320.00,30320.75,0.75
2026-06-16 10:49:53,30323.50,30323.50,30320.00,30320.00,9,30321.75,30323.50,1.75
2026-06-16 10:49:54,30320.50,30320.50,30320.50,30320.50,1,30322.25,30323.50,1.25
2026-06-16 10:49:55,30323.00,30323.00,30322.25,30322.25,2,30322.75,30324.00,1.25
2026-06-16 10:49:56,30323.50,30323.50,30322.75,30322.75,2,30322.25,30323.50,1.25
2026-06-16 10:49:57,30324.75,30324.75,30322.50,30323.75,4,30320.25,30321.50,1.25
2026-06-16 10:49:59,30323.75,30323.75,30321.00,30321.00,10,30320.75,30322.00,1.25
2026-06-16 10:50:00,30321.50,30321.50,30321.50,30321.50,1,30325.75,30327.25,1.50
2026-06-16 10:50:01,30323.75,30327.00,30323.25,30327.00,9,30320.50,30321.75,1.25
2026-06-16 10:50:02,30320.50,30321.00,30318.00,30321.00,15,30321.50,30323.25,1.75
2026-06-16 10:50:03,30321.00,30322.25,30321.00,30322.25,2,30323.50,30324.75,1.25
2026-06-16 10:50:04,30324.00,30325.50,30321.75,30325.50,16,30322.50,30323.75,1.25
2026-06-16 10:50:05,30324.25,30324.25,30322.00,30323.25,8,30322.00,30323.50,1.50
2026-06-16 10:50:06,30321.75,30323.75,30321.00,30323.75,4,30322.50,30323.75,1.25
2026-06-16 10:50:07,30322.50,30322.75,30322.25,30322.25,3,30330.50,30332.00,1.50
2026-06-16 10:50:08,30325.25,30333.00,30325.25,30333.00,39,30331.00,30332.25,1.25
2026-06-16 10:50:09,30331.00,30332.00,30329.00,30332.00,9,30331.50,30332.75,1.25
2026-06-16 10:50:10,30331.25,30332.25,30331.00,30331.00,6,30335.50,30336.75,1.25
2026-06-16 10:50:11,30331.50,30337.00,30331.50,30336.00,14,30335.50,30337.25,1.75
2026-06-16 10:50:12,30335.50,30338.25,30334.75,30334.75,17,30337.50,30338.50,1.00
2026-06-16 10:50:13,30335.50,30338.75,30335.25,30338.75,20,30338.25,30339.50,1.25
2026-06-16 10:50:14,30338.50,30341.75,30338.50,30339.50,17,30337.00,30338.50,1.50
2026-06-16 10:50:15,30338.75,30339.25,30335.00,30337.00,22,30340.50,30341.75,1.25
2026-06-16 10:50:16,30337.00,30339.50,30337.00,30339.50,6,30343.50,30344.50,1.00
2026-06-16 10:50:17,30339.25,30345.50,30339.25,30343.50,43,30343.00,30344.00,1.00
2026-06-16 10:50:18,30344.75,30344.75,30342.50,30342.50,6,30341.50,30342.75,1.25
2026-06-16 10:50:19,30342.50,30343.75,30340.00,30340.00,16,30342.75,30343.75,1.00
2026-06-16 10:50:20,30342.25,30344.25,30341.75,30342.00,6,30340.50,30341.75,1.25
2026-06-16 10:50:21,30343.75,30345.00,30340.25,30340.25,19,30343.50,30344.50,1.00
2026-06-16 10:50:22,30340.25,30341.50,30340.00,30340.75,6,30344.00,30345.25,1.25
2026-06-16 10:50:23,30344.75,30345.75,30343.25,30344.75,18,30344.00,30345.50,1.50
2026-06-16 10:50:24,30346.25,30347.50,30342.25,30342.25,20,30343.50,30344.75,1.25
2026-06-16 10:50:25,30343.00,30344.50,30342.50,30344.50,8,30346.00,30347.00,1.00
2026-06-16 10:50:26,30343.50,30347.75,30343.50,30346.50,13,30349.25,30350.50,1.25
2026-06-16 10:50:27,30347.25,30351.50,30347.25,30351.50,26,30349.00,30350.25,1.25
2026-06-16 10:50:28,30350.25,30353.00,30349.00,30351.50,30,30351.00,30352.25,1.25
2026-06-16 10:50:29,30350.25,30351.00,30349.00,30350.75,17,30352.00,30353.25,1.25
2026-06-16 10:50:30,30353.00,30354.00,30352.00,30352.00,19,30347.00,30348.00,1.00
2026-06-16 10:50:31,30353.25,30353.75,30346.50,30347.50,32,30343.25,30345.00,1.75
2026-06-16 10:50:32,30345.50,30345.50,30341.75,30343.00,14,30342.00,30343.50,1.50
2026-06-16 10:50:33,30344.75,30345.00,30340.00,30342.75,14,30342.50,30343.75,1.25
2026-06-16 10:50:34,30342.00,30342.75,30341.75,30342.75,6,30339.00,30340.00,1.00
2026-06-16 10:50:35,30342.75,30343.25,30339.00,30339.00,18,30339.50,30340.75,1.25
2026-06-16 10:50:36,30338.50,30340.50,30337.75,30339.00,10,30339.50,30340.75,1.25
2026-06-16 10:50:37,30340.00,30341.00,30340.00,30341.00,3,30344.25,30345.75,1.50
2026-06-16 10:50:38,30342.00,30345.00,30342.00,30344.00,4,30344.75,30346.00,1.25
2026-06-16 10:50:39,30345.50,30346.25,30344.75,30346.25,5,30345.00,30346.25,1.25
2026-06-16 10:50:40,30344.75,30346.25,30344.50,30346.25,6,30343.00,30344.25,1.25
2026-06-16 10:50:41,30345.50,30346.50,30344.25,30344.25,6,30340.00,30341.00,1.00
2026-06-16 10:50:42,30343.75,30344.25,30340.25,30340.25,8,30342.50,30343.75,1.25
2026-06-16 10:50:43,30341.25,30342.50,30340.75,30342.50,5,30343.00,30344.25,1.25
2026-06-16 10:50:44,30342.75,30342.75,30342.75,30342.75,1,30345.25,30346.50,1.25
2026-06-16 10:50:45,30344.00,30347.25,30340.75,30345.75,51,30344.25,30345.50,1.25
2026-06-16 10:50:46,30344.75,30345.75,30344.75,30345.75,2,30343.00,30344.00,1.00
2026-06-16 10:50:47,30345.75,30345.75,30343.25,30343.25,3,30341.25,30342.00,0.75
2026-06-16 10:50:48,30343.50,30343.50,30339.75,30339.75,18,30339.00,30340.00,1.00
2026-06-16 10:50:49,30341.75,30341.75,30339.00,30339.00,4,30333.75,30335.50,1.75
2026-06-16 10:50:50,30339.00,30339.00,30333.75,30333.75,7,30335.25,30336.50,1.25
2026-06-16 10:50:51,30333.75,30336.75,30331.50,30335.00,31,30332.50,30333.75,1.25
2026-06-16 10:50:52,30331.50,30332.50,30331.50,30332.25,3,30332.50,30333.75,1.25
2026-06-16 10:50:53,30333.50,30334.75,30331.50,30331.50,20,30332.00,30333.50,1.50
2026-06-16 10:50:54,30331.75,30331.75,30330.75,30331.75,8,30334.50,30335.75,1.25
2026-06-16 10:50:55,30332.75,30335.25,30332.75,30334.75,6,30334.25,30335.50,1.25
2026-06-16 10:50:56,30333.50,30335.00,30333.50,30334.50,4,30338.75,30340.00,1.25
2026-06-16 10:50:57,30336.00,30340.25,30336.00,30340.25,11,30339.50,30340.75,1.25
2026-06-16 10:50:58,30340.25,30340.75,30340.25,30340.75,3,30340.75,30342.00,1.25
2026-06-16 10:50:59,30340.50,30342.50,30339.75,30342.25,11,30339.50,30340.75,1.25
2026-06-16 10:51:00,30341.50,30341.50,30341.50,30341.50,1,30337.00,30338.50,1.50
2026-06-16 10:51:01,30339.25,30339.25,30337.50,30338.75,4,30338.50,30339.75,1.25
2026-06-16 10:51:03,30340.25,30340.25,30339.00,30339.00,6,30342.25,30343.50,1.25
2026-06-16 10:51:04,30338.50,30339.75,30336.50,30336.50,8,30341.00,30342.25,1.25
2026-06-16 10:51:05,30341.50,30343.00,30341.50,30341.50,5,30342.75,30343.75,1.00
2026-06-16 10:51:06,30342.50,30343.25,30342.50,30343.25,5,30341.75,30343.00,1.25
2026-06-16 10:51:07,30341.75,30343.75,30341.25,30343.75,16,30342.25,30343.50,1.25
2026-06-16 10:51:08,30343.00,30344.75,30343.00,30343.75,9,30342.00,30343.00,1.00
2026-06-16 10:51:09,30342.00,30342.00,30341.75,30341.75,2,30344.50,30345.75,1.25
2026-06-16 10:51:10,30342.50,30345.50,30342.50,30345.50,6,30346.00,30346.75,0.75
2026-06-16 10:51:11,30346.00,30347.00,30345.50,30347.00,9,30348.00,30349.00,1.00
2026-06-16 10:51:12,30346.00,30349.00,30346.00,30349.00,10,30349.25,30350.25,1.00
2026-06-16 10:51:13,30347.50,30350.00,30347.50,30348.75,6,30348.00,30348.75,0.75
2026-06-16 10:51:14,30349.00,30349.00,30348.25,30348.25,4,30347.75,30349.00,1.25
2026-06-16 10:51:15,30348.25,30350.75,30347.25,30348.50,43,30342.50,30343.75,1.25
2026-06-16 10:51:16,30345.75,30345.75,30344.50,30344.50,9,30344.00,30345.00,1.00
2026-06-16 10:51:17,30343.50,30346.75,30342.50,30346.75,8,30346.50,30347.50,1.00
2026-06-16 10:51:18,30344.25,30348.00,30344.25,30346.50,7,30347.75,30348.75,1.00
2026-06-16 10:51:20,30347.25,30347.75,30346.00,30346.50,8,30349.75,30351.00,1.25
2026-06-16 10:51:21,30346.75,30350.25,30346.75,30350.25,4,30354.00,30355.25,1.25
2026-06-16 10:51:22,30352.75,30356.25,30352.75,30356.00,23,30356.00,30357.25,1.25
2026-06-16 10:51:23,30355.50,30358.00,30355.25,30357.75,26,30356.50,30357.75,1.25
2026-06-16 10:51:24,30357.25,30358.75,30356.25,30357.75,21,30354.25,30355.50,1.25
2026-06-16 10:51:25,30356.25,30357.00,30354.50,30355.25,18,30355.00,30356.25,1.25
2026-06-16 10:51:26,30354.00,30356.75,30353.50,30356.25,27,30351.50,30353.25,1.75
2026-06-16 10:51:27,30355.25,30356.50,30351.25,30351.25,21,30353.50,30355.00,1.50
2026-06-16 10:51:28,30353.00,30357.75,30353.00,30354.25,24,30353.00,30354.25,1.25
2026-06-16 10:51:29,30353.25,30355.00,30353.25,30353.75,9,30349.50,30350.50,1.00
2026-06-16 10:51:30,30353.00,30353.00,30349.25,30349.25,9,30350.25,30351.75,1.50
2026-06-16 10:51:31,30349.50,30349.50,30347.25,30347.25,18,30352.50,30353.75,1.25
2026-06-16 10:51:32,30350.00,30355.50,30350.00,30354.00,15,30353.25,30354.25,1.00
2026-06-16 10:51:33,30352.25,30354.50,30352.25,30353.50,7,30354.50,30355.75,1.25
2026-06-16 10:51:34,30354.25,30356.75,30354.25,30354.50,9,30354.75,30355.75,1.00
2026-06-16 10:51:35,30355.75,30355.75,30353.25,30354.00,22,30357.75,30358.75,1.00
2026-06-16 10:51:36,30355.00,30356.25,30354.00,30356.25,10,30356.75,30358.00,1.25
2026-06-16 10:51:37,30356.75,30358.50,30356.50,30357.75,7,30360.75,30362.00,1.25
2026-06-16 10:51:38,30356.75,30362.75,30356.50,30362.00,38,30360.75,30362.00,1.25
2026-06-16 10:51:39,30362.00,30364.00,30359.75,30361.75,22,30356.50,30358.00,1.50
2026-06-16 10:51:40,30363.00,30363.25,30357.00,30357.25,25,30356.50,30357.75,1.25
2026-06-16 10:51:41,30356.25,30359.25,30355.50,30356.75,23,30354.50,30356.00,1.50
2026-06-16 10:51:42,30356.00,30357.50,30355.75,30355.75,5,30355.75,30357.00,1.25
2026-06-16 10:51:43,30354.75,30356.50,30354.75,30356.50,4,30356.50,30357.50,1.00
2026-06-16 10:51:44,30356.75,30357.75,30356.50,30357.00,6,30351.25,30352.50,1.25
2026-06-16 10:51:45,30357.50,30357.50,30350.75,30350.75,24,30348.25,30349.25,1.00
2026-06-16 10:51:46,30350.75,30351.00,30348.75,30349.00,14,30343.50,30344.00,0.50
2026-06-16 10:51:47,30347.75,30348.00,30342.25,30342.25,31,30348.75,30350.25,1.50
2026-06-16 10:51:48,30344.25,30350.00,30344.25,30349.50,7,30349.25,30350.50,1.25
2026-06-16 10:51:49,30349.75,30350.00,30349.75,30350.00,3,30350.00,30351.25,1.25
2026-06-16 10:51:50,30351.50,30351.50,30350.50,30350.50,3,30347.50,30348.75,1.25
2026-06-16 10:51:51,30349.50,30349.50,30347.50,30347.50,5,30350.25,30351.50,1.25
2026-06-16 10:51:52,30349.75,30349.75,30349.75,30349.75,1,30353.50,30354.75,1.25
2026-06-16 10:51:54,30353.50,30354.25,30352.50,30354.25,4,30352.25,30353.50,1.25
2026-06-16 10:51:55,30355.25,30355.25,30354.00,30354.00,5,30350.25,30351.50,1.25
2026-06-16 10:51:56,30352.25,30354.00,30350.25,30352.00,9,30351.50,30352.75,1.25
2026-06-16 10:51:57,30352.50,30352.75,30350.00,30352.50,9,30347.00,30348.25,1.25
2026-06-16 10:51:59,30351.75,30351.75,30347.00,30347.00,7,30347.00,30348.25,1.25
2026-06-16 10:52:00,30348.00,30348.50,30347.25,30348.50,8,30347.25,30348.50,1.25
2026-06-16 10:52:01,30348.50,30348.50,30347.00,30347.50,7,30347.75,30348.75,1.00
2026-06-16 10:52:02,30346.50,30350.25,30345.75,30349.00,11,30349.00,30350.25,1.25
2026-06-16 10:52:03,30347.75,30350.75,30347.25,30350.00,7,30347.75,30349.25,1.50
2026-06-16 10:52:04,30349.50,30349.50,30349.50,30349.50,1,30343.00,30344.00,1.00
2026-06-16 10:52:05,30348.25,30348.25,30344.25,30344.25,12,30340.00,30341.50,1.50
2026-06-16 10:52:06,30344.00,30344.75,30340.25,30340.25,19,30342.25,30343.25,1.00
2026-06-16 10:52:07,30341.75,30342.75,30340.25,30342.75,5,30342.75,30343.75,1.00
2026-06-16 10:52:08,30343.50,30344.00,30342.75,30344.00,5,30338.25,30339.75,1.50
2026-06-16 10:52:09,30341.25,30341.25,30338.00,30338.25,10,30339.00,30340.25,1.25
2026-06-16 10:52:10,30339.75,30340.00,30338.75,30338.75,4,30335.25,30336.25,1.00
2026-06-16 10:52:11,30338.75,30338.75,30336.00,30336.00,14,30335.25,30336.50,1.25
2026-06-16 10:52:12,30336.50,30338.25,30334.75,30335.25,10,30339.25,30340.25,1.00
2026-06-16 10:52:13,30336.75,30340.50,30336.25,30339.25,20,30339.00,30340.25,1.25
2026-06-16 10:52:14,30339.00,30341.75,30338.75,30340.50,33,30341.25,30342.25,1.00
2026-06-16 10:52:15,30339.50,30340.00,30338.25,30340.00,7,30339.50,30340.75,1.25
2026-06-16 10:52:16,30342.75,30342.75,30339.00,30339.00,12,30338.75,30340.00,1.25
2026-06-16 10:52:17,30339.75,30341.00,30339.50,30340.00,9,30336.50,30337.50,1.00
2026-06-16 10:52:18,30337.75,30337.75,30336.25,30337.50,5,30336.00,30337.00,1.00
2026-06-16 10:52:19,30336.00,30336.50,30336.00,30336.00,8,30336.75,30338.00,1.25
2026-06-16 10:52:20,30334.25,30337.25,30333.00,30337.25,11,30336.00,30337.25,1.25
2026-06-16 10:52:21,30337.75,30338.00,30336.25,30336.25,4,30335.25,30336.50,1.25
2026-06-16 10:52:22,30335.50,30335.50,30335.50,30335.50,1,30336.00,30337.00,1.00
2026-06-16 10:52:23,30334.75,30337.75,30334.50,30337.75,10,30336.00,30337.50,1.50
2026-06-16 10:52:24,30336.50,30336.50,30336.50,30336.50,1,30336.25,30337.50,1.25
2026-06-16 10:52:25,30337.50,30338.00,30336.25,30336.25,5,30332.00,30333.25,1.25
2026-06-16 10:52:26,30335.75,30335.75,30333.00,30333.25,11,30331.75,30333.50,1.75
2026-06-16 10:52:27,30332.00,30333.25,30330.75,30331.75,14,30331.75,30333.50,1.75
2026-06-16 10:52:28,30332.00,30336.25,30331.00,30336.25,5,30331.75,30332.75,1.00
2026-06-16 10:52:29,30334.50,30337.75,30331.25,30331.25,35,30330.00,30331.25,1.25
2026-06-16 10:52:30,30331.75,30333.75,30329.25,30329.25,23,30329.75,30331.00,1.25
2026-06-16 10:52:31,30330.25,30331.50,30327.50,30329.50,17,30330.50,30332.00,1.50
2026-06-16 10:52:32,30330.75,30331.75,30328.00,30331.75,9,30331.50,30332.75,1.25
2026-06-16 10:52:33,30330.75,30334.00,30330.50,30331.50,14,30331.25,30332.25,1.00
2026-06-16 10:52:34,30332.50,30332.50,30330.25,30330.25,3,30331.25,30332.50,1.25
2026-06-16 10:52:35,30331.50,30334.25,30331.50,30332.25,7,30326.50,30327.50,1.00
2026-06-16 10:52:36,30332.25,30332.25,30327.25,30327.25,15,30327.25,30328.50,1.25
2026-06-16 10:52:37,30326.75,30328.00,30326.00,30326.75,13,30332.75,30333.75,1.00
2026-06-16 10:52:38,30329.75,30331.50,30329.50,30331.00,6,30331.50,30332.50,1.00
2026-06-16 10:52:39,30334.50,30334.50,30330.75,30331.00,7,30334.50,30336.50,2.00
2026-06-16 10:52:40,30331.50,30335.75,30331.50,30335.75,7,30333.50,30334.75,1.25
2026-06-16 10:52:41,30336.00,30336.25,30333.25,30335.25,11,30334.25,30335.50,1.25
2026-06-16 10:52:42,30333.25,30333.50,30332.75,30333.25,4,30332.75,30334.00,1.25
2026-06-16 10:52:43,30335.25,30336.00,30334.00,30334.00,9,30333.50,30334.75,1.25
2026-06-16 10:52:44,30334.00,30334.25,30333.75,30334.25,3,30337.25,30338.50,1.25
2026-06-16 10:52:45,30335.00,30339.00,30334.00,30339.00,11,30336.75,30338.00,1.25
2026-06-16 10:52:46,30338.00,30338.25,30337.50,30337.50,5,30341.50,30342.50,1.00
2026-06-16 10:52:47,30342.50,30344.25,30340.25,30342.00,16,30341.25,30342.25,1.00
2026-06-16 10:52:48,30343.25,30343.25,30341.25,30342.25,11,30347.00,30348.25,1.25
2026-06-16 10:52:49,30343.75,30348.50,30343.75,30347.00,51,30345.50,30346.75,1.25
2026-06-16 10:52:50,30348.00,30348.00,30348.00,30348.00,1,30350.25,30351.25,1.00
2026-06-16 10:52:51,30346.75,30351.00,30346.75,30350.25,10,30351.00,30352.25,1.25
2026-06-16 10:52:52,30351.50,30352.25,30348.50,30351.25,37,30351.00,30352.25,1.25
2026-06-16 10:52:53,30352.50,30352.75,30350.00,30351.25,22,30352.75,30353.50,0.75
2026-06-16 10:52:54,30352.25,30352.75,30350.75,30352.50,24,30352.50,30353.50,1.00
2026-06-16 10:52:55,30353.50,30354.00,30351.75,30352.50,13,30356.50,30357.50,1.00
2026-06-16 10:52:56,30354.25,30356.75,30353.75,30356.00,9,30356.25,30357.25,1.00
2026-06-16 10:52:57,30358.50,30359.25,30356.50,30356.50,19,30356.25,30357.50,1.25
2026-06-16 10:52:58,30357.75,30359.50,30357.50,30357.50,9,30354.75,30356.00,1.25
2026-06-16 10:52:59,30356.25,30358.25,30355.75,30356.25,31,30354.25,30355.50,1.25
2026-06-16 10:53:00,30356.00,30357.25,30354.50,30354.50,5,30354.75,30356.00,1.25
2026-06-16 10:53:01,30354.75,30355.75,30353.25,30355.75,23,30357.75,30358.75,1.00
2026-06-16 10:53:02,30355.75,30358.75,30355.50,30358.75,19,30355.00,30356.00,1.00
2026-06-16 10:53:03,30358.75,30358.75,30354.50,30356.00,31,30356.25,30358.50,2.25
2026-06-16 10:53:04,30354.75,30357.75,30351.75,30357.75,58,30356.25,30358.50,2.25
2026-06-16 10:53:05,30357.25,30357.25,30353.75,30355.75,25,30357.50,30358.50,1.00
2026-06-16 10:53:06,30356.00,30358.25,30355.25,30357.75,11,30362.25,30363.25,1.00
2026-06-16 10:53:07,30358.50,30363.25,30358.25,30362.75,48,30361.00,30362.50,1.50
2026-06-16 10:53:08,30363.50,30364.00,30360.75,30361.50,22,30361.00,30362.50,1.50
2026-06-16 10:53:09,30361.50,30364.25,30357.00,30358.25,48,30362.50,30363.75,1.25
2026-06-16 10:53:10,30360.00,30361.00,30358.75,30361.00,20,30362.75,30364.00,1.25
2026-06-16 10:53:11,30363.75,30363.75,30361.75,30363.50,12,30361.75,30362.75,1.00
2026-06-16 10:53:12,30363.75,30363.75,30362.25,30362.25,18,30361.75,30362.75,1.00
2026-06-16 10:53:13,30361.75,30363.25,30361.50,30362.00,9,30358.25,30359.50,1.25
2026-06-16 10:53:14,30362.00,30362.75,30358.25,30359.50,16,30357.00,30358.50,1.50
2026-06-16 10:53:15,30358.00,30358.75,30357.00,30358.50,7,30355.50,30356.50,1.00
2026-06-16 10:53:16,30356.75,30357.25,30354.75,30357.25,14,30351.75,30353.00,1.25
2026-06-16 10:53:17,30357.00,30357.00,30352.75,30352.75,20,30354.25,30355.25,1.00
2026-06-16 10:53:18,30351.75,30353.25,30351.75,30353.25,5,30355.50,30356.75,1.25
2026-06-16 10:53:19,30355.50,30357.00,30354.50,30356.50,9,30354.00,30355.25,1.25
2026-06-16 10:53:20,30354.75,30355.75,30354.75,30354.75,7,30355.25,30356.50,1.25
2026-06-16 10:53:21,30356.50,30356.75,30355.75,30356.50,7,30349.50,30350.75,1.25
2026-06-16 10:53:22,30353.75,30353.75,30348.75,30348.75,14,30351.25,30352.25,1.00
2026-06-16 10:53:23,30349.00,30349.50,30347.50,30349.50,5,30347.25,30348.50,1.25
2026-06-16 10:53:24,30353.00,30353.25,30349.75,30349.75,10,30345.75,30347.00,1.25
2026-06-16 10:53:25,30347.50,30348.00,30345.00,30345.50,24,30342.50,30343.50,1.00
2026-06-16 10:53:26,30345.50,30346.25,30342.75,30342.75,16,30343.75,30344.75,1.00
2026-06-16 10:53:27,30342.50,30343.75,30342.00,30343.75,16,30344.00,30345.00,1.00
2026-06-16 10:53:28,30343.75,30344.25,30342.50,30344.00,10,30342.75,30344.00,1.25
2026-06-16 10:53:29,30344.00,30344.00,30343.75,30343.75,2,30344.25,30345.25,1.00
2026-06-16 10:53:30,30345.00,30346.25,30345.00,30345.00,13,30343.00,30344.00,1.00
2026-06-16 10:53:31,30345.75,30345.75,30343.50,30343.50,2,30343.00,30344.25,1.25
2026-06-16 10:53:32,30343.25,30343.25,30343.25,30343.25,3,30347.50,30348.75,1.25
2026-06-16 10:53:33,30345.00,30348.50,30345.00,30345.75,6,30345.00,30346.00,1.00
2026-06-16 10:53:34,30348.50,30348.50,30345.50,30345.50,5,30344.25,30345.50,1.25
2026-06-16 10:53:35,30345.75,30346.25,30343.00,30343.00,10,30341.75,30343.00,1.25
2026-06-16 10:53:36,30342.25,30343.25,30342.00,30343.00,5,30337.75,30339.00,1.25
2026-06-16 10:53:37,30341.75,30341.75,30338.00,30338.00,22,30335.25,30336.00,0.75
2026-06-16 10:53:38,30338.00,30338.50,30335.50,30335.50,20,30333.50,30334.50,1.00
2026-06-16 10:53:39,30335.25,30336.50,30332.50,30332.50,30,30334.25,30335.50,1.25
2026-06-16 10:53:40,30332.75,30334.50,30332.75,30334.50,11,30335.00,30336.25,1.25
2026-06-16 10:53:41,30336.00,30336.50,30335.50,30335.50,4,30332.50,30333.75,1.25
2026-06-16 10:53:42,30335.75,30336.00,30333.00,30333.25,12,30329.00,30330.00,1.00
2026-06-16 10:53:43,30332.50,30332.50,30328.50,30329.00,25,30327.75,30329.00,1.25
2026-06-16 10:53:44,30330.25,30332.50,30330.25,30332.50,4,30328.75,30330.00,1.25
2026-06-16 10:53:45,30328.25,30331.25,30326.75,30330.25,11,30328.25,30329.50,1.25
2026-06-16 10:53:46,30328.75,30330.00,30328.00,30329.50,14,30329.25,30330.50,1.25
2026-06-16 10:53:47,30328.75,30329.75,30327.75,30329.75,8,30334.75,30335.75,1.00
2026-06-16 10:53:48,30329.25,30335.50,30329.00,30335.25,21,30331.25,30332.50,1.25
2026-06-16 10:53:49,30334.75,30334.75,30330.75,30330.75,6,30331.50,30332.75,1.25
2026-06-16 10:53:50,30332.00,30332.75,30332.00,30332.75,5,30332.00,30333.00,1.00
2026-06-16 10:53:51,30331.50,30333.00,30331.25,30333.00,5,30333.00,30334.00,1.00
2026-06-16 10:53:52,30334.50,30335.50,30333.50,30334.25,17,30331.00,30332.25,1.25
2026-06-16 10:53:53,30333.25,30333.75,30332.25,30332.25,4,30331.50,30332.75,1.25
2026-06-16 10:53:54,30331.50,30331.50,30331.50,30331.50,2,30331.25,30332.50,1.25
2026-06-16 10:53:55,30332.00,30333.25,30332.00,30333.25,4,30332.50,30333.75,1.25
2026-06-16 10:53:56,30331.00,30331.00,30331.00,30331.00,1,30334.00,30335.00,1.00
2026-06-16 10:53:57,30333.75,30336.00,30333.75,30336.00,10,30333.25,30334.50,1.25
2026-06-16 10:53:58,30334.00,30334.25,30334.00,30334.25,3,30333.75,30335.00,1.25
2026-06-16 10:53:59,30333.75,30335.00,30333.75,30335.00,4,30332.00,30333.25,1.25
2026-06-16 10:54:00,30332.50,30332.50,30331.50,30332.25,107,30335.25,30336.25,1.00
2026-06-16 10:54:01,30333.25,30336.25,30333.25,30336.25,20,30336.50,30337.50,1.00
2026-06-16 10:54:02,30334.25,30337.50,30334.25,30337.50,8,30337.50,30338.75,1.25
2026-06-16 10:54:03,30337.25,30340.00,30336.25,30337.50,23,30335.75,30336.75,1.00
2026-06-16 10:54:04,30338.50,30339.00,30336.00,30336.50,7,30334.75,30336.00,1.25
2026-06-16 10:54:05,30335.75,30336.00,30334.75,30335.25,5,30335.00,30336.25,1.25
2026-06-16 10:54:06,30334.25,30335.25,30334.25,30335.25,4,30331.00,30332.00,1.00
2026-06-16 10:54:07,30335.25,30336.50,30333.25,30333.25,17,30329.50,30330.50,1.00
2026-06-16 10:54:08,30330.50,30331.50,30330.00,30330.00,6,30331.25,30332.25,1.00
2026-06-16 10:54:09,30329.75,30331.75,30329.75,30331.75,8,30321.00,30321.75,0.75
2026-06-16 10:54:10,30332.25,30332.25,30321.00,30321.25,46,30319.50,30320.50,1.00
2026-06-16 10:54:11,30321.00,30321.00,30318.50,30319.50,29,30321.25,30322.50,1.25
2026-06-16 10:54:12,30319.50,30323.75,30319.25,30322.50,21,30320.75,30322.00,1.25
2026-06-16 10:54:13,30320.50,30321.25,30320.25,30320.50,7,30318.75,30319.75,1.00
2026-06-16 10:54:14,30320.50,30321.75,30315.50,30318.75,80,30321.75,30323.50,1.75
2026-06-16 10:54:15,30319.25,30322.75,30319.25,30322.50,26,30327.75,30329.25,1.50
2026-06-16 10:54:16,30323.75,30328.25,30323.75,30328.25,12,30324.25,30325.50,1.25
2026-06-16 10:54:17,30327.25,30328.00,30326.75,30326.75,5,30324.25,30325.50,1.25
2026-06-16 10:54:18,30325.00,30325.50,30323.75,30323.75,9,30326.00,30327.50,1.50
2026-06-16 10:54:19,30325.25,30326.75,30325.25,30326.75,2,30324.00,30325.00,1.00
2026-06-16 10:54:20,30326.00,30326.00,30324.50,30324.50,2,30325.25,30326.75,1.50
2026-06-16 10:54:21,30324.00,30325.50,30321.50,30325.25,18,30327.00,30328.25,1.25
2026-06-16 10:54:22,30327.25,30328.50,30326.75,30326.75,30,30325.25,30326.50,1.25
2026-06-16 10:54:23,30327.75,30327.75,30324.50,30324.50,3,30326.25,30327.75,1.50
2026-06-16 10:54:24,30326.75,30326.75,30326.00,30326.25,4,30326.00,30327.25,1.25
2026-06-16 10:54:25,30326.75,30326.75,30326.75,30326.75,5,30326.50,30327.75,1.25
2026-06-16 10:54:26,30327.75,30327.75,30327.75,30327.75,1,30326.25,30327.75,1.50
2026-06-16 10:54:27,30327.50,30329.50,30327.50,30328.50,6,30327.00,30328.25,1.25
2026-06-16 10:54:28,30327.75,30328.00,30324.50,30325.00,13,30324.00,30325.25,1.25
2026-06-16 10:54:29,30326.75,30327.25,30324.75,30324.75,16,30327.25,30328.50,1.25
2026-06-16 10:54:30,30325.00,30326.00,30324.25,30326.00,7,30319.25,30320.25,1.00
2026-06-16 10:54:32,30324.50,30324.50,30319.00,30319.00,11,30318.75,30319.75,1.00
2026-06-16 10:54:33,30319.00,30319.00,30319.00,30319.00,1,30324.00,30325.25,1.25
2026-06-16 10:54:34,30320.00,30324.25,30320.00,30324.25,6,30323.25,30324.50,1.25
2026-06-16 10:54:35,30325.25,30325.25,30323.25,30324.25,12,30323.75,30325.00,1.25
2026-06-16 10:54:36,30323.75,30325.00,30323.75,30325.00,2,30324.25,30325.50,1.25
2026-06-16 10:54:37,30323.75,30325.25,30323.75,30324.50,3,30323.50,30324.75,1.25
2026-06-16 10:54:38,30323.75,30324.50,30322.50,30322.75,7,30329.00,30330.00,1.00
2026-06-16 10:54:39,30328.75,30331.50,30328.25,30331.50,10,30326.50,30328.00,1.50
2026-06-16 10:54:40,30326.00,30327.75,30325.25,30327.75,5,30327.75,30329.25,1.50
2026-06-16 10:54:41,30328.25,30328.25,30327.00,30327.25,6,30330.75,30332.75,2.00
2026-06-16 10:54:42,30329.00,30331.75,30329.00,30331.75,6,30332.50,30333.75,1.25
2026-06-16 10:54:43,30331.75,30334.25,30331.00,30333.25,13,30332.75,30333.75,1.00
2026-06-16 10:54:44,30332.75,30333.00,30332.75,30333.00,5,30330.00,30331.25,1.25
2026-06-16 10:54:45,30333.00,30333.00,30331.25,30331.25,2,30330.00,30331.25,1.25
2026-06-16 10:54:46,30330.75,30330.75,30327.25,30327.50,8,30327.25,30328.75,1.50
2026-06-16 10:54:47,30326.00,30327.50,30325.75,30327.50,3,30328.25,30329.50,1.25
2026-06-16 10:54:48,30327.25,30329.25,30327.25,30328.25,8,30328.00,30329.25,1.25
2026-06-16 10:54:49,30329.50,30331.25,30329.00,30329.00,13,30320.00,30321.25,1.25
2026-06-16 10:54:50,30328.25,30328.25,30320.00,30321.25,14,30318.00,30319.00,1.00
2026-06-16 10:54:51,30321.75,30321.75,30318.25,30318.25,18,30319.75,30320.75,1.00
2026-06-16 10:54:52,30318.00,30319.75,30316.50,30319.75,9,30322.00,30323.50,1.50
2026-06-16 10:54:53,30321.75,30323.75,30321.75,30323.50,9,30323.50,30324.75,1.25
2026-06-16 10:54:54,30322.00,30326.75,30321.75,30325.25,11,30322.75,30324.00,1.25
2026-06-16 10:54:55,30324.75,30324.75,30322.75,30322.75,2,30326.75,30327.75,1.00
2026-06-16 10:54:56,30324.00,30325.25,30324.00,30325.25,2,30324.50,30325.50,1.00
2026-06-16 10:54:57,30324.50,30324.50,30324.25,30324.25,2,30325.25,30326.25,1.00
2026-06-16 10:54:58,30325.50,30326.00,30325.50,30326.00,2,30321.00,30322.00,1.00
2026-06-16 10:54:59,30323.50,30324.25,30320.00,30320.00,26,30321.50,30322.50,1.00
2026-06-16 10:55:00,30321.00,30322.25,30321.00,30322.25,4,30323.75,30324.75,1.00
2026-06-16 10:55:01,30323.50,30324.75,30323.50,30324.75,3,30321.25,30322.25,1.00
2026-06-16 10:55:02,30326.00,30326.00,30322.25,30322.25,4,30320.75,30322.00,1.25
2026-06-16 10:55:03,30321.25,30321.75,30319.50,30321.75,4,30321.25,30322.25,1.00
2026-06-16 10:55:04,30322.25,30324.75,30322.25,30322.50,11,30318.00,30319.00,1.00
2026-06-16 10:55:05,30321.00,30321.00,30318.50,30319.25,17,30318.25,30319.50,1.25
2026-06-16 10:55:06,30319.50,30321.50,30317.75,30319.00,6,30320.50,30321.75,1.25
2026-06-16 10:55:07,30319.50,30322.50,30317.25,30322.50,15,30322.50,30323.75,1.25
2026-06-16 10:55:08,30321.25,30323.50,30321.25,30323.50,7,30319.75,30320.75,1.00
2026-06-16 10:55:09,30323.75,30325.00,30320.25,30320.25,7,30318.50,30319.75,1.25
2026-06-16 10:55:10,30321.25,30321.25,30318.25,30318.25,4,30315.00,30316.00,1.00
2026-06-16 10:55:11,30319.75,30320.00,30314.00,30314.50,33,30313.00,30314.00,1.00
2026-06-16 10:55:12,30315.75,30316.00,30311.50,30313.00,91,30312.00,30313.00,1.00
2026-06-16 10:55:13,30311.75,30315.75,30311.50,30311.50,10,30311.50,30312.50,1.00
2026-06-16 10:55:14,30313.75,30313.75,30311.50,30311.50,6,30309.75,30310.50,0.75
2026-06-16 10:55:15,30311.50,30311.75,30308.50,30310.25,24,30309.00,30310.00,1.00
2026-06-16 10:55:16,30312.25,30312.75,30308.50,30308.50,28,30305.25,30306.50,1.25
2026-06-16 10:55:17,30310.00,30310.25,30304.50,30306.00,24,30302.50,30303.50,1.00
2026-06-16 10:55:18,30306.25,30306.50,30302.75,30305.75,54,30303.00,30304.25,1.25
2026-06-16 10:55:19,30303.00,30303.00,30300.00,30302.25,61,30307.25,30308.00,0.75
2026-06-16 10:55:20,30304.00,30307.75,30303.75,30307.50,65,30307.00,30307.75,0.75
2026-06-16 10:55:21,30308.00,30308.50,30306.25,30307.00,7,30300.50,30301.75,1.25
2026-06-16 10:55:22,30307.50,30308.50,30300.75,30300.75,34,30300.50,30301.75,1.25
2026-06-16 10:55:23,30301.25,30302.25,30300.00,30301.00,15,30303.00,30304.00,1.00
2026-06-16 10:55:24,30302.25,30303.75,30300.75,30303.75,39,30304.50,30305.75,1.25
2026-06-16 10:55:25,30303.00,30305.75,30303.00,30305.25,21,30304.75,30306.00,1.25
2026-06-16 10:55:26,30305.75,30306.25,30305.00,30305.50,5,30301.25,30302.25,1.00
2026-06-16 10:55:27,30304.50,30304.50,30301.75,30301.75,24,30301.75,30302.75,1.00
2026-06-16 10:55:28,30301.25,30303.25,30301.25,30301.50,5,30303.25,30304.00,0.75
2026-06-16 10:55:29,30303.00,30304.25,30302.25,30303.25,7,30301.00,30302.00,1.00
2026-06-16 10:55:30,30302.25,30302.75,30301.00,30301.00,11,30300.25,30301.25,1.00
2026-06-16 10:55:31,30301.25,30302.75,30301.25,30301.25,32,30295.00,30296.00,1.00
2026-06-16 10:55:32,30300.25,30300.25,30294.25,30295.50,83,30293.50,30294.25,0.75
2026-06-16 10:55:33,30294.75,30295.00,30292.25,30294.00,37,30289.00,30290.00,1.00
2026-06-16 10:55:34,30293.50,30294.75,30287.75,30288.25,96,30289.00,30290.00,1.00
2026-06-16 10:55:35,30289.00,30290.00,30287.00,30288.25,26,30289.25,30290.25,1.00
2026-06-16 10:55:36,30288.50,30290.75,30287.75,30289.75,16,30288.25,30289.25,1.00
2026-06-16 10:55:37,30289.00,30289.25,30287.50,30289.00,18,30292.50,30294.00,1.50
2026-06-16 10:55:38,30289.25,30294.25,30289.25,30293.75,33,30293.00,30294.00,1.00
2026-06-16 10:55:39,30294.00,30295.25,30292.50,30293.75,15,30291.00,30292.25,1.25
2026-06-16 10:55:40,30293.25,30294.25,30292.25,30292.25,12,30292.00,30293.25,1.25
2026-06-16 10:55:41,30291.00,30294.75,30288.75,30294.75,28,30293.00,30294.25,1.25
2026-06-16 10:55:42,30292.75,30294.75,30292.75,30294.75,6,30292.00,30293.25,1.25
2026-06-16 10:55:43,30294.25,30294.50,30292.75,30293.75,10,30290.75,30292.25,1.50
2026-06-16 10:55:44,30291.75,30292.75,30289.00,30290.50,21,30288.25,30289.25,1.00
2026-06-16 10:55:45,30291.00,30291.25,30287.25,30289.25,30,30290.00,30291.25,1.25
2026-06-16 10:55:46,30289.25,30291.50,30289.25,30291.50,10,30289.00,30290.00,1.00
2026-06-16 10:55:47,30291.25,30291.25,30289.25,30289.50,13,30290.50,30291.50,1.00
2026-06-16 10:55:48,30290.00,30291.50,30289.25,30290.50,19,30295.00,30296.00,1.00
2026-06-16 10:55:49,30291.00,30297.00,30290.75,30297.00,26,30295.00,30296.00,1.00
2026-06-16 10:55:50,30295.75,30297.00,30295.00,30297.00,10,30295.75,30296.75,1.00
2026-06-16 10:55:51,30297.75,30300.00,30296.75,30296.75,24,30296.00,30297.00,1.00
2026-06-16 10:55:52,30296.50,30297.75,30294.75,30295.50,28,30292.75,30293.75,1.00
2026-06-16 10:55:53,30295.75,30295.75,30292.25,30292.25,20,30291.50,30292.50,1.00
2026-06-16 10:55:54,30293.50,30293.50,30290.50,30291.75,8,30291.25,30292.50,1.25
2026-06-16 10:55:55,30291.75,30291.75,30291.00,30291.00,7,30293.25,30294.50,1.25
2026-06-16 10:55:56,30292.75,30292.75,30292.75,30292.75,2,30290.00,30291.00,1.00
2026-06-16 10:55:57,30293.25,30294.25,30290.75,30290.75,14,30291.50,30293.00,1.50
2026-06-16 10:55:58,30290.00,30292.25,30290.00,30292.25,5,30290.25,30291.25,1.00
2026-06-16 10:55:59,30292.50,30292.50,30289.75,30289.75,6,30291.75,30293.00,1.25
2026-06-16 10:56:00,30292.00,30292.00,30292.00,30292.00,2,30291.75,30293.00,1.25
2026-06-16 10:56:01,30293.75,30295.00,30292.50,30293.25,17,30291.00,30292.25,1.25
2026-06-16 10:56:02,30292.50,30292.75,30290.75,30292.00,11,30291.50,30292.75,1.25
2026-06-16 10:56:03,30292.25,30293.25,30291.75,30293.00,9,30296.75,30298.25,1.50
2026-06-16 10:56:04,30291.00,30298.00,30290.75,30298.00,19,30302.50,30303.75,1.25
2026-06-16 10:56:05,30298.25,30302.50,30298.25,30300.50,42,30300.25,30301.25,1.00
2026-06-16 10:56:06,30302.50,30304.25,30300.50,30300.50,27,30307.75,30308.75,1.00
2026-06-16 10:56:07,30301.50,30310.50,30298.25,30310.25,94,30305.75,30307.25,1.50
2026-06-16 10:56:08,30307.75,30311.75,30306.25,30306.25,38,30308.75,30310.25,1.50
2026-06-16 10:56:09,30306.50,30312.25,30306.50,30308.75,13,30312.00,30313.50,1.50
2026-06-16 10:56:10,30309.75,30313.75,30309.75,30313.75,20,30315.25,30316.25,1.00
2026-06-16 10:56:11,30312.25,30317.75,30312.25,30317.50,57,30318.00,30319.00,1.00
2026-06-16 10:56:12,30316.50,30319.25,30316.00,30318.00,20,30318.00,30319.00,1.00
2026-06-16 10:56:13,30318.25,30319.25,30315.25,30317.00,24,30310.25,30312.00,1.75
2026-06-16 10:56:14,30315.25,30316.50,30310.50,30310.50,13,30309.50,30311.00,1.50
2026-06-16 10:56:15,30312.50,30312.50,30307.00,30310.50,57,30310.75,30311.75,1.00
2026-06-16 10:56:16,30311.00,30312.75,30310.50,30311.50,7,30313.75,30315.00,1.25
2026-06-16 10:56:17,30310.75,30315.25,30310.00,30315.25,6,30313.75,30315.00,1.25
2026-06-16 10:56:18,30316.00,30319.25,30313.75,30317.75,34,30315.00,30316.00,1.00
2026-06-16 10:56:19,30317.75,30318.75,30315.00,30315.25,10,30313.75,30315.00,1.25
2026-06-16 10:56:20,30316.75,30316.75,30315.25,30315.25,5,30314.00,30315.25,1.25
2026-06-16 10:56:21,30316.25,30316.75,30314.50,30314.50,4,30314.00,30315.25,1.25
2026-06-16 10:56:22,30314.00,30316.00,30314.00,30316.00,3,30311.25,30312.25,1.00
2026-06-16 10:56:23,30314.00,30314.00,30311.75,30311.75,5,30308.25,30310.00,1.75
2026-06-16 10:56:24,30312.00,30313.25,30311.00,30311.00,13,30311.75,30313.00,1.25
2026-06-16 10:56:25,30308.00,30313.75,30307.50,30312.00,15,30309.25,30310.50,1.25
2026-06-16 10:56:26,30311.75,30312.25,30310.00,30310.25,22,30309.25,30310.50,1.25
2026-06-16 10:56:27,30310.50,30313.50,30310.50,30313.50,12,30316.50,30317.50,1.00
2026-06-16 10:56:28,30314.25,30317.00,30314.00,30317.00,9,30313.25,30314.50,1.25
2026-06-16 10:56:29,30317.75,30317.75,30311.75,30313.00,5,30311.75,30313.00,1.25
2026-06-16 10:56:30,30313.25,30313.75,30311.75,30312.25,8,30311.50,30312.75,1.25
2026-06-16 10:56:31,30313.50,30314.50,30311.50,30311.50,11,30313.25,30314.25,1.00
2026-06-16 10:56:32,30314.25,30314.25,30313.25,30313.25,3,30310.50,30311.50,1.00
2026-06-16 10:56:33,30313.25,30313.25,30311.25,30311.25,3,30310.50,30312.00,1.50
2026-06-16 10:56:34,30310.25,30312.00,30308.75,30312.00,8,30303.25,30304.25,1.00
2026-06-16 10:56:35,30310.00,30310.00,30303.00,30303.00,20,30306.50,30308.00,1.50
2026-06-16 10:56:36,30302.50,30306.00,30302.25,30306.00,12,30306.25,30307.50,1.25
2026-06-16 10:56:37,30306.75,30307.25,30306.50,30306.50,10,30304.25,30305.50,1.25
2026-06-16 10:56:38,30307.75,30308.25,30303.75,30304.50,8,30300.75,30302.25,1.50
2026-06-16 10:56:39,30304.25,30304.25,30301.25,30301.25,10,30302.00,30303.50,1.50
2026-06-16 10:56:40,30300.75,30304.00,30300.75,30301.75,13,30304.50,30306.25,1.75
2026-06-16 10:56:41,30302.75,30305.75,30302.50,30305.75,8,30304.50,30306.25,1.75
2026-06-16 10:56:42,30305.75,30308.50,30305.75,30307.75,18,30309.75,30311.00,1.25
2026-06-16 10:56:43,30309.50,30313.25,30308.00,30310.25,73,30310.00,30311.25,1.25
2026-06-16 10:56:44,30311.50,30312.25,30310.00,30310.00,17,30306.25,30307.25,1.00
2026-06-16 10:56:45,30310.75,30311.25,30308.75,30308.75,11,30300.75,30301.75,1.00
2026-06-16 10:56:46,30306.25,30307.00,30301.25,30301.25,24,30301.25,30302.50,1.25
2026-06-16 10:56:47,30300.25,30301.75,30300.25,30300.75,7,30305.25,30306.25,1.00
2026-06-16 10:56:48,30302.25,30305.25,30302.25,30304.75,9,30299.75,30300.75,1.00
2026-06-16 10:56:49,30302.50,30302.50,30299.25,30299.50,9,30298.75,30299.75,1.00
2026-06-16 10:56:50,30300.75,30300.75,30297.75,30299.25,8,30301.25,30302.25,1.00
2026-06-16 10:56:51,30299.25,30302.50,30299.25,30301.00,5,30298.75,30300.00,1.25
2026-06-16 10:56:52,30301.50,30301.75,30297.00,30297.00,19,30298.50,30299.50,1.00
2026-06-16 10:56:53,30300.00,30300.75,30299.00,30299.00,12,30297.00,30298.00,1.00
2026-06-16 10:56:54,30298.25,30299.00,30297.50,30297.50,8,30299.50,30301.00,1.50
2026-06-16 10:56:55,30297.25,30301.25,30297.25,30300.75,13,30300.00,30301.25,1.25
2026-06-16 10:56:56,30300.00,30302.00,30299.75,30300.25,13,30301.00,30302.00,1.00
2026-06-16 10:56:57,30301.75,30302.25,30300.50,30301.25,6,30303.00,30304.25,1.25
2026-06-16 10:56:58,30302.00,30303.50,30301.25,30303.50,6,30303.75,30304.75,1.00
2026-06-16 10:56:59,30304.50,30306.75,30303.75,30304.50,4,30302.50,30303.50,1.00
2026-06-16 10:57:00,30303.00,30304.25,30302.50,30302.50,6,30303.00,30304.00,1.00
2026-06-16 10:57:01,30303.75,30305.00,30303.25,30303.25,7,30300.50,30301.25,0.75
2026-06-16 10:57:02,30302.75,30303.75,30301.25,30303.25,11,30300.50,30301.75,1.25
2026-06-16 10:57:03,30300.50,30303.00,30300.00,30301.50,5,30300.75,30302.00,1.25
2026-06-16 10:57:04,30299.75,30301.25,30299.75,30300.75,10,30298.50,30299.50,1.00
2026-06-16 10:57:05,30299.50,30301.25,30299.00,30301.25,7,30301.50,30302.75,1.25
2026-06-16 10:57:07,30303.25,30303.25,30303.25,30303.25,2,30300.00,30301.25,1.25
2026-06-16 10:57:08,30301.25,30301.25,30300.00,30300.00,2,30300.00,30301.25,1.25
2026-06-16 10:57:09,30300.50,30300.75,30300.50,30300.75,4,30299.00,30300.00,1.00
2026-06-16 10:57:10,30299.75,30301.75,30298.00,30299.50,12,30302.25,30303.25,1.00
2026-06-16 10:57:11,30299.50,30302.00,30299.25,30301.75,7,30304.25,30305.50,1.25
2026-06-16 10:57:12,30303.00,30305.25,30303.00,30305.25,8,30302.75,30303.75,1.00
2026-06-16 10:57:13,30303.75,30303.75,30302.25,30302.75,3,30306.75,30307.75,1.00
2026-06-16 10:57:14,30304.50,30307.00,30304.50,30307.00,6,30308.75,30310.00,1.25
2026-06-16 10:57:15,30308.75,30309.75,30308.25,30308.25,24,30312.75,30313.75,1.00
2026-06-16 10:57:16,30310.00,30314.25,30309.25,30314.00,19,30312.50,30313.50,1.00
2026-06-16 10:57:17,30313.00,30314.25,30311.00,30314.25,14,30312.50,30313.75,1.25
2026-06-16 10:57:18,30312.25,30314.50,30312.25,30313.50,12,30312.50,30313.50,1.00
2026-06-16 10:57:19,30314.25,30314.25,30311.00,30311.50,10,30311.25,30312.25,1.00
2026-06-16 10:57:20,30313.00,30314.50,30311.25,30311.25,11,30314.00,30315.25,1.25
2026-06-16 10:57:21,30312.25,30314.00,30312.25,30314.00,3,30315.25,30316.25,1.00
2026-06-16 10:57:22,30314.00,30316.50,30313.75,30316.00,24,30316.00,30316.75,0.75
2026-06-16 10:57:23,30316.25,30317.00,30314.75,30317.00,12,30313.75,30315.00,1.25
2026-06-16 10:57:24,30313.75,30314.75,30313.50,30313.50,11,30315.25,30316.25,1.00
2026-06-16 10:57:25,30314.75,30317.25,30314.75,30316.25,6,30313.25,30314.25,1.00
2026-06-16 10:57:26,30315.50,30315.50,30312.75,30313.00,10,30314.75,30315.75,1.00
2026-06-16 10:57:27,30314.75,30314.75,30314.75,30314.75,1,30315.50,30316.75,1.25
2026-06-16 10:57:28,30316.00,30317.50,30315.25,30316.50,13,30316.50,30317.75,1.25
2026-06-16 10:57:29,30317.50,30320.50,30316.50,30316.50,57,30316.50,30317.50,1.00
2026-06-16 10:57:30,30315.25,30318.75,30315.25,30317.75,15,30315.00,30316.25,1.25
2026-06-16 10:57:31,30316.75,30317.00,30316.75,30317.00,2,30313.75,30314.75,1.00
2026-06-16 10:57:32,30315.00,30315.00,30311.25,30314.75,26,30316.50,30317.25,0.75
2026-06-16 10:57:33,30316.00,30316.00,30316.00,30316.00,2,30316.50,30317.75,1.25
2026-06-16 10:57:34,30317.25,30319.50,30317.25,30318.25,13,30322.50,30323.75,1.25
2026-06-16 10:57:35,30318.00,30324.25,30318.00,30323.75,28,30320.00,30321.00,1.00
2026-06-16 10:57:36,30324.00,30324.25,30319.75,30320.75,35,30321.00,30322.00,1.00
2026-06-16 10:57:37,30320.50,30322.75,30320.50,30321.00,15,30318.00,30319.00,1.00
2026-06-16 10:57:38,30321.75,30323.75,30317.50,30319.25,21,30317.75,30318.75,1.00
2026-06-16 10:57:39,30317.75,30318.75,30316.50,30318.75,12,30317.25,30318.25,1.00
2026-06-16 10:57:40,30317.75,30319.25,30315.25,30316.75,17,30316.75,30318.00,1.25
2026-06-16 10:57:41,30317.00,30317.00,30316.25,30316.25,4,30317.25,30318.25,1.00
2026-06-16 10:57:42,30316.75,30319.75,30316.75,30319.00,6,30318.25,30319.25,1.00
2026-06-16 10:57:43,30318.25,30319.25,30317.25,30317.50,8,30317.25,30318.25,1.00
2026-06-16 10:57:44,30316.00,30317.75,30314.75,30317.75,13,30318.00,30318.75,0.75
2026-06-16 10:57:45,30317.00,30317.75,30317.00,30317.50,3,30315.00,30316.00,1.00
2026-06-16 10:57:46,30318.75,30318.75,30314.25,30314.50,10,30316.00,30317.00,1.00
2026-06-16 10:57:47,30315.75,30316.50,30315.50,30315.50,5,30318.50,30319.50,1.00
2026-06-16 10:57:48,30316.25,30321.25,30316.25,30319.50,12,30318.00,30319.00,1.00
2026-06-16 10:57:49,30317.75,30319.75,30315.50,30319.75,21,30317.25,30318.25,1.00
2026-06-16 10:57:50,30317.50,30319.00,30317.50,30318.25,6,30319.25,30320.00,0.75
2026-06-16 10:57:51,30318.50,30319.50,30318.50,30319.50,5,30314.75,30315.75,1.00
2026-06-16 10:57:52,30319.75,30319.75,30314.75,30314.75,8,30314.75,30315.50,0.75
2026-06-16 10:57:53,30316.50,30316.50,30315.50,30315.50,2,30310.25,30311.75,1.50
2026-06-16 10:57:54,30314.75,30314.75,30309.25,30309.25,14,30311.75,30312.75,1.00
2026-06-16 10:57:55,30311.75,30312.75,30311.75,30312.25,4,30308.75,30309.50,0.75
2026-06-16 10:57:56,30311.25,30311.50,30310.25,30310.25,4,30308.00,30309.00,1.00
2026-06-16 10:57:57,30308.75,30309.25,30306.50,30307.50,9,30307.00,30308.25,1.25
2026-06-16 10:57:58,30308.25,30309.50,30308.00,30309.25,14,30308.75,30309.75,1.00
2026-06-16 10:57:59,30308.50,30308.50,30308.50,30308.50,2,30309.50,30310.50,1.00
2026-06-16 10:58:00,30309.25,30309.25,30308.75,30308.75,3,30311.75,30312.75,1.00
2026-06-16 10:58:01,30308.50,30312.50,30308.50,30311.50,8,30314.25,30315.25,1.00
2026-06-16 10:58:02,30310.75,30314.25,30310.75,30314.25,7,30318.00,30318.75,0.75
2026-06-16 10:58:03,30313.25,30317.75,30313.25,30317.75,12,30319.50,30320.25,0.75
2026-06-16 10:58:04,30319.00,30320.75,30318.75,30320.75,12,30314.75,30315.75,1.00
2026-06-16 10:58:05,30320.00,30320.50,30313.50,30316.00,69,30311.75,30313.00,1.25
2026-06-16 10:58:06,30314.75,30314.75,30312.25,30312.25,3,30313.50,30314.75,1.25
2026-06-16 10:58:07,30313.50,30314.75,30312.25,30314.50,15,30311.25,30312.25,1.00
2026-06-16 10:58:08,30313.50,30313.50,30313.50,30313.50,1,30310.00,30311.00,1.00
2026-06-16 10:58:09,30312.00,30312.00,30309.25,30309.25,16,30310.75,30311.75,1.00
2026-06-16 10:58:10,30310.25,30310.25,30308.25,30308.50,9,30308.75,30309.75,1.00
2026-06-16 10:58:11,30310.00,30310.00,30309.25,30309.25,2,30300.75,30301.50,0.75
2026-06-16 10:58:12,30307.00,30308.00,30300.25,30301.50,38,30302.75,30303.75,1.00
2026-06-16 10:58:13,30302.50,30303.25,30301.50,30303.25,15,30301.50,30302.25,0.75
2026-06-16 10:58:14,30305.00,30306.75,30301.25,30301.50,20,30299.75,30301.25,1.50
2026-06-16 10:58:15,30302.25,30302.25,30300.75,30300.75,5,30298.25,30299.00,0.75
2026-06-16 10:58:16,30299.75,30300.75,30297.25,30298.50,57,30297.00,30298.00,1.00
2026-06-16 10:58:17,30298.25,30299.25,30295.50,30296.25,17,30298.00,30299.00,1.00
2026-06-16 10:58:18,30297.25,30301.25,30296.75,30301.25,22,30296.25,30297.25,1.00
2026-06-16 10:58:19,30299.25,30299.25,30296.50,30296.75,15,30299.50,30300.75,1.25
2026-06-16 10:58:20,30295.50,30301.00,30295.00,30299.75,13,30298.00,30299.00,1.00
2026-06-16 10:58:21,30298.75,30299.00,30296.75,30298.50,11,30300.75,30301.75,1.00
2026-06-16 10:58:22,30300.25,30301.25,30300.25,30301.25,5,30301.75,30302.75,1.00
2026-06-16 10:58:23,30301.00,30302.75,30301.00,30302.75,7,30300.00,30301.00,1.00
2026-06-16 10:58:24,30302.00,30302.50,30300.75,30300.75,7,30297.75,30298.75,1.00
2026-06-16 10:58:25,30300.50,30301.00,30299.50,30299.50,7,30294.50,30295.25,0.75
2026-06-16 10:58:26,30298.75,30299.00,30295.00,30295.00,9,30293.75,30294.50,0.75
2026-06-16 10:58:27,30294.25,30295.50,30291.75,30293.75,43,30296.50,30297.50,1.00
2026-06-16 10:58:28,30294.25,30299.50,30293.50,30296.75,10,30297.50,30298.50,1.00
2026-06-16 10:58:29,30297.50,30301.25,30297.50,30299.00,13,30293.75,30295.00,1.25
2026-06-16 10:58:30,30295.25,30295.75,30294.75,30295.75,7,30292.50,30293.75,1.25
2026-06-16 10:58:31,30295.25,30295.25,30293.50,30293.75,4,30292.50,30293.75,1.25
2026-06-16 10:58:32,30293.50,30295.25,30293.50,30294.25,5,30291.00,30292.25,1.25
2026-06-16 10:58:33,30295.00,30295.25,30290.00,30291.00,19,30292.50,30293.50,1.00
2026-06-16 10:58:34,30292.25,30293.75,30291.00,30291.00,28,30289.00,30290.25,1.25
2026-06-16 10:58:35,30293.75,30293.75,30288.75,30288.75,18,30288.25,30289.75,1.50
2026-06-16 10:58:36,30288.25,30289.50,30287.00,30289.50,46,30285.75,30287.25,1.50
2026-06-16 10:58:37,30288.00,30289.25,30281.50,30286.75,239,30281.75,30282.75,1.00
2026-06-16 10:58:38,30285.00,30285.25,30280.25,30281.00,82,30288.50,30289.25,0.75
2026-06-16 10:58:39,30282.50,30289.25,30282.00,30289.25,38,30290.75,30291.50,0.75
2026-06-16 10:58:40,30288.75,30292.50,30288.75,30291.00,28,30287.50,30288.50,1.00
2026-06-16 10:58:41,30291.25,30291.50,30289.25,30289.25,11,30287.50,30288.50,1.00
2026-06-16 10:58:42,30288.50,30288.75,30285.00,30287.75,29,30285.50,30286.50,1.00
2026-06-16 10:58:43,30287.50,30288.00,30286.25,30286.75,14,30288.25,30289.00,0.75
2026-06-16 10:58:44,30287.00,30289.25,30287.00,30289.00,11,30289.00,30290.50,1.50
2026-06-16 10:58:45,30288.00,30290.25,30288.00,30290.25,26,30290.00,30291.00,1.00
2026-06-16 10:58:46,30288.25,30289.50,30288.00,30289.25,11,30287.00,30288.00,1.00
2026-06-16 10:58:47,30290.00,30290.00,30288.25,30288.25,3,30285.50,30286.50,1.00
2026-06-16 10:58:48,30286.75,30288.75,30286.25,30287.50,8,30281.75,30282.75,1.00
2026-06-16 10:58:49,30286.50,30286.50,30283.00,30283.00,10,30276.50,30277.50,1.00
2026-06-16 10:58:50,30281.50,30282.00,30276.50,30276.50,133,30275.25,30276.50,1.25
2026-06-16 10:58:51,30276.25,30278.50,30274.25,30275.75,55,30279.00,30280.25,1.25
2026-06-16 10:58:52,30277.25,30282.00,30277.25,30279.25,31,30278.25,30279.50,1.25
2026-06-16 10:58:53,30278.50,30280.00,30277.75,30280.00,10,30279.25,30280.25,1.00
2026-06-16 10:58:54,30279.00,30281.75,30277.75,30281.75,36,30275.75,30277.00,1.25
2026-06-16 10:58:55,30280.00,30280.50,30276.50,30276.50,13,30277.50,30278.50,1.00
2026-06-16 10:58:56,30276.25,30278.50,30275.25,30277.50,15,30276.00,30277.00,1.00
2026-06-16 10:58:57,30278.00,30278.00,30274.75,30277.00,17,30277.25,30278.25,1.00
2026-06-16 10:58:58,30277.00,30279.25,30275.50,30277.25,18,30275.25,30276.25,1.00
2026-06-16 10:58:59,30278.00,30278.00,30275.00,30275.25,9,30273.00,30274.25,1.25
2026-06-16 10:59:00,30276.00,30277.00,30272.50,30273.00,31,30273.25,30274.25,1.00
2026-06-16 10:59:01,30273.00,30273.75,30270.00,30273.25,72,30272.00,30273.00,1.00
2026-06-16 10:59:02,30271.75,30273.25,30271.50,30271.75,34,30269.25,30270.00,0.75
2026-06-16 10:59:03,30271.75,30271.75,30268.75,30270.00,44,30265.25,30266.25,1.00
2026-06-16 10:59:04,30270.25,30270.25,30264.25,30264.25,74,30267.50,30268.50,1.00
2026-06-16 10:59:05,30266.75,30268.75,30265.00,30267.00,63,30264.75,30265.75,1.00
2026-06-16 10:59:06,30267.75,30268.75,30265.00,30265.25,37,30262.50,30263.25,0.75
2026-06-16 10:59:07,30265.25,30265.75,30262.75,30263.25,32,30257.75,30258.25,0.50
2026-06-16 10:59:08,30262.50,30263.00,30258.00,30258.00,51,30257.00,30257.75,0.75
2026-06-16 10:59:09,30258.25,30258.50,30254.50,30257.00,64,30259.75,30260.50,0.75
2026-06-16 10:59:10,30257.50,30261.00,30257.50,30261.00,20,30260.50,30261.50,1.00
2026-06-16 10:59:11,30260.50,30264.00,30260.00,30262.00,29,30264.25,30265.25,1.00
2026-06-16 10:59:12,30263.00,30266.75,30263.00,30265.00,18,30261.50,30262.25,0.75
2026-06-16 10:59:13,30264.75,30264.75,30260.75,30261.25,27,30262.50,30263.25,0.75
2026-06-16 10:59:14,30262.50,30264.25,30261.50,30263.25,26,30259.00,30259.75,0.75
2026-06-16 10:59:15,30262.00,30262.00,30258.75,30258.75,16,30260.25,30261.25,1.00
2026-06-16 10:59:16,30259.00,30262.75,30259.00,30262.00,16,30260.50,30261.50,1.00
2026-06-16 10:59:17,30260.25,30261.50,30258.50,30261.50,8,30261.00,30261.75,0.75
2026-06-16 10:59:18,30261.75,30262.00,30260.50,30262.00,10,30260.50,30261.50,1.00
2026-06-16 10:59:19,30262.50,30262.75,30260.25,30261.50,17,30264.75,30265.75,1.00
2026-06-16 10:59:20,30261.00,30265.50,30260.25,30264.75,14,30260.00,30261.00,1.00
2026-06-16 10:59:21,30266.25,30266.25,30260.50,30261.50,20,30261.25,30262.25,1.00
2026-06-16 10:59:22,30260.00,30262.75,30260.00,30262.50,15,30259.50,30260.50,1.00
2026-06-16 10:59:23,30261.00,30261.50,30260.00,30260.00,11,30257.00,30258.00,1.00
2026-06-16 10:59:24,30260.00,30260.00,30258.25,30258.25,15,30257.00,30258.00,1.00
2026-06-16 10:59:25,30257.50,30258.00,30256.50,30258.00,14,30261.00,30262.00,1.00
2026-06-16 10:59:26,30258.25,30261.25,30257.50,30261.00,23,30263.00,30263.75,0.75
2026-06-16 10:59:27,30261.50,30262.75,30261.25,30262.50,13,30263.75,30264.75,1.00
2026-06-16 10:59:28,30263.75,30264.75,30262.75,30264.75,15,30266.00,30266.75,0.75
2026-06-16 10:59:29,30264.75,30266.50,30263.75,30265.25,34,30266.75,30267.75,1.00
2026-06-16 10:59:30,30266.75,30269.50,30266.75,30267.75,35,30271.00,30272.00,1.00
2026-06-16 10:59:31,30267.00,30271.75,30266.50,30271.75,26,30273.00,30274.00,1.00
2026-06-16 10:59:32,30270.25,30275.00,30270.25,30274.00,16,30270.50,30271.50,1.00
2026-06-16 10:59:33,30274.00,30274.00,30267.25,30270.25,15,30271.25,30272.25,1.00
2026-06-16 10:59:34,30271.00,30272.00,30270.50,30272.00,6,30271.50,30272.50,1.00
2026-06-16 10:59:35,30271.50,30274.00,30271.50,30271.50,16,30272.50,30273.75,1.25
2026-06-16 10:59:36,30270.00,30272.25,30268.25,30272.25,10,30276.50,30277.25,0.75
2026-06-16 10:59:37,30274.25,30279.25,30273.50,30277.00,34,30276.50,30277.25,0.75
2026-06-16 10:59:38,30276.50,30278.50,30274.75,30275.25,71,30273.50,30274.50,1.00
2026-06-16 10:59:39,30275.75,30276.25,30273.75,30273.75,13,30279.25,30280.25,1.00
2026-06-16 10:59:40,30276.25,30280.75,30276.25,30280.75,16,30277.25,30278.00,0.75
2026-06-16 10:59:41,30279.25,30281.25,30275.25,30276.50,67,30276.50,30277.25,0.75
2026-06-16 10:59:42,30277.00,30279.50,30277.00,30277.75,4,30277.00,30277.75,0.75
2026-06-16 10:59:43,30275.75,30277.50,30274.75,30277.50,5,30277.50,30278.50,1.00
2026-06-16 10:59:44,30277.00,30278.50,30276.75,30278.25,7,30275.00,30275.75,0.75
2026-06-16 10:59:45,30277.50,30278.25,30275.25,30276.00,9,30275.25,30276.00,0.75
2026-06-16 10:59:46,30276.00,30276.25,30275.25,30275.50,6,30278.50,30279.25,0.75
2026-06-16 10:59:47,30276.00,30280.75,30275.50,30280.50,9,30281.25,30282.00,0.75
2026-06-16 10:59:48,30279.00,30279.50,30279.00,30279.50,2,30278.50,30279.25,0.75
2026-06-16 10:59:49,30280.25,30280.25,30279.00,30279.00,3,30278.75,30279.50,0.75
2026-06-16 10:59:50,30279.00,30281.00,30278.00,30278.00,21,30284.25,30285.00,0.75
2026-06-16 10:59:51,30282.00,30286.25,30282.00,30284.25,66,30286.50,30287.50,1.00
2026-06-16 10:59:52,30284.25,30288.25,30284.25,30287.75,32,30287.50,30288.50,1.00
2026-06-16 10:59:53,30287.75,30289.75,30287.75,30288.50,23,30288.00,30288.75,0.75
2026-06-16 10:59:54,30287.75,30289.00,30287.75,30288.00,8,30291.25,30292.00,0.75
2026-06-16 10:59:55,30289.25,30291.75,30287.00,30291.75,33,30287.50,30288.50,1.00
2026-06-16 10:59:56,30292.00,30292.75,30288.00,30288.75,32,30289.75,30290.75,1.00
2026-06-16 10:59:57,30288.50,30290.75,30286.50,30290.75,31,30291.75,30292.75,1.00
2026-06-16 10:59:58,30291.25,30292.00,30289.75,30291.50,18,30290.00,30291.00,1.00
2026-06-16 10:59:59,30291.50,30291.50,30289.50,30289.50,19,30292.75,30293.75,1.00
2026-06-16 11:00:00,30291.00,30293.75,30291.00,30293.25,20,30292.00,30293.25,1.25
2026-06-16 11:00:01,30293.75,30294.50,30290.75,30292.00,40,30292.00,30293.25,1.25
2026-06-16 11:00:02,30292.50,30295.75,30291.00,30295.00,37,30296.25,30297.50,1.25
2026-06-16 11:00:03,30296.50,30303.75,30296.25,30301.25,70,30300.00,30301.50,1.50
2026-06-16 11:00:04,30301.00,30301.75,30296.50,30301.25,51,30299.25,30301.25,2.00
2026-06-16 11:00:05,30301.50,30302.50,30297.00,30299.50,22,30298.25,30299.25,1.00
2026-06-16 11:00:06,30300.00,30300.00,30294.00,30299.00,36,30299.50,30300.75,1.25
2026-06-16 11:00:07,30298.00,30302.50,30298.00,30301.75,35,30301.00,30302.25,1.25
2026-06-16 11:00:08,30302.50,30302.75,30300.00,30302.75,9,30303.00,30304.25,1.25
2026-06-16 11:00:09,30302.25,30304.00,30301.00,30304.00,32,30303.00,30304.25,1.25
2026-06-16 11:00:10,30304.00,30307.25,30303.25,30304.75,31,30302.25,30303.50,1.25
2026-06-16 11:00:11,30304.25,30305.25,30300.25,30304.00,40,30297.75,30298.50,0.75
2026-06-16 11:00:12,30302.75,30304.50,30299.00,30299.00,20,30299.50,30300.25,0.75
2026-06-16 11:00:13,30300.00,30300.00,30297.25,30299.75,12,30301.25,30302.25,1.00
2026-06-16 11:00:14,30301.00,30302.75,30301.00,30301.75,11,30301.25,30302.25,1.00
2026-06-16 11:00:15,30301.50,30301.50,30297.50,30297.50,10,30299.75,30301.00,1.25
2026-06-16 11:00:16,30296.50,30300.00,30296.25,30299.50,14,30298.75,30299.75,1.00
2026-06-16 11:00:17,30297.25,30299.25,30297.25,30298.75,11,30299.75,30301.00,1.25
2026-06-16 11:00:18,30299.75,30302.00,30297.75,30302.00,10,30299.50,30301.25,1.75
2026-06-16 11:00:19,30299.75,30299.75,30294.00,30299.25,41,30306.75,30307.75,1.00
2026-06-16 11:00:20,30300.50,30309.00,30300.25,30307.75,62,30308.00,30309.00,1.00
2026-06-16 11:00:21,30308.75,30309.00,30306.75,30308.75,16,30302.00,30303.25,1.25
2026-06-16 11:00:22,30309.00,30310.00,30302.50,30302.50,23,30302.00,30303.00,1.00
2026-06-16 11:00:23,30302.25,30304.00,30301.00,30301.00,8,30305.25,30306.25,1.00
2026-06-16 11:00:24,30303.00,30305.50,30300.75,30305.50,26,30306.25,30307.50,1.25
2026-06-16 11:00:25,30305.75,30307.25,30305.75,30306.00,11,30311.00,30312.00,1.00
2026-06-16 11:00:26,30307.50,30312.25,30307.50,30312.25,17,30308.75,30309.75,1.00
2026-06-16 11:00:27,30311.00,30312.00,30308.75,30309.75,11,30305.00,30306.00,1.00
2026-06-16 11:00:28,30309.00,30309.00,30305.25,30305.25,20,30309.50,30310.25,0.75
2026-06-16 11:00:29,30304.75,30311.25,30304.00,30311.25,10,30307.50,30308.50,1.00
2026-06-16 11:00:30,30312.25,30313.00,30308.50,30308.50,15,30305.75,30306.75,1.00
2026-06-16 11:00:31,30309.00,30310.00,30305.75,30306.50,57,30308.25,30309.25,1.00
2026-06-16 11:00:32,30307.00,30308.50,30307.00,30308.50,22,30311.75,30312.75,1.00
2026-06-16 11:00:33,30307.25,30311.75,30307.25,30311.00,11,30310.75,30312.00,1.25
2026-06-16 11:00:34,30312.25,30312.25,30310.75,30310.75,5,30311.25,30312.25,1.00
2026-06-16 11:00:35,30312.00,30312.50,30310.50,30312.50,14,30310.75,30311.75,1.00
2026-06-16 11:00:36,30313.00,30313.00,30311.25,30311.25,8,30311.25,30312.25,1.00
2026-06-16 11:00:37,30310.75,30312.50,30310.00,30312.50,16,30312.00,30313.00,1.00
2026-06-16 11:00:38,30312.50,30313.50,30310.25,30312.50,14,30307.00,30308.25,1.25
2026-06-16 11:00:39,30312.00,30312.00,30306.50,30308.25,23,30306.25,30307.25,1.00
2026-06-16 11:00:40,30307.25,30310.25,30307.25,30307.75,7,30302.50,30303.25,0.75
2026-06-16 11:00:41,30306.25,30306.50,30302.75,30303.00,17,30297.25,30298.50,1.25
2026-06-16 11:00:42,30302.50,30302.50,30297.25,30297.50,32,30301.25,30302.25,1.00
2026-06-16 11:00:43,30299.50,30303.00,30297.50,30303.00,12,30297.75,30298.75,1.00
2026-06-16 11:00:44,30301.00,30301.00,30299.00,30300.50,8,30299.75,30301.00,1.25
2026-06-16 11:00:45,30299.75,30300.75,30299.50,30300.00,7,30301.50,30302.50,1.00
2026-06-16 11:00:46,30299.75,30302.75,30299.50,30302.75,10,30298.50,30299.75,1.25
2026-06-16 11:00:47,30301.00,30301.00,30298.75,30298.75,3,30294.00,30294.75,0.75
2026-06-16 11:00:48,30298.25,30298.25,30294.25,30295.25,28,30296.00,30297.00,1.00
2026-06-16 11:00:49,30294.25,30296.25,30294.25,30295.50,11,30295.00,30296.50,1.50
2026-06-16 11:00:50,30296.25,30296.25,30294.75,30295.75,3,30299.75,30301.00,1.25
2026-06-16 11:00:51,30296.25,30301.50,30296.25,30301.50,21,30304.00,30305.50,1.50
2026-06-16 11:00:52,30302.25,30305.25,30302.25,30305.25,9,30302.50,30303.50,1.00
2026-06-16 11:00:53,30305.75,30305.75,30302.75,30303.25,7,30301.75,30302.75,1.00
2026-06-16 11:00:54,30303.75,30303.75,30303.00,30303.00,2,30299.75,30301.00,1.25
2026-06-16 11:00:55,30301.75,30301.75,30299.25,30300.50,13,30298.00,30299.25,1.25
2026-06-16 11:00:56,30299.25,30300.50,30297.75,30297.75,12,30297.25,30298.25,1.00
2026-06-16 11:00:57,30298.75,30298.75,30297.75,30297.75,2,30297.25,30298.25,1.00
2026-06-16 11:00:58,30297.25,30297.25,30297.25,30297.25,1,30298.75,30300.00,1.25
2026-06-16 11:00:59,30297.00,30299.25,30297.00,30299.25,11,30296.00,30297.00,1.00
