time,open,high,low,close,volume,bid,ask,spread
2026-06-11 09:20:00,28772.00,28772.00,28771.25,28771.25,2,28771.25,28771.25,0.00
2026-06-11 09:20:01,28770.75,28772.25,28770.75,28771.75,35,28771.75,28771.75,0.00
2026-06-11 09:20:02,28771.75,28771.75,28770.00,28770.00,32,28770.00,28770.00,0.00
2026-06-11 09:20:03,28770.75,28773.00,28770.25,28772.50,48,28772.50,28772.50,0.00
2026-06-11 09:20:04,28772.25,28773.50,28772.25,28773.50,11,28773.50,28773.50,0.00
2026-06-11 09:20:05,28774.25,28775.50,28774.00,28775.00,18,28775.00,28775.00,0.00
2026-06-11 09:20:06,28775.50,28779.25,28775.50,28778.75,47,28778.75,28778.75,0.00
2026-06-11 09:20:07,28778.75,28778.75,28778.25,28778.50,13,28778.50,28778.50,0.00
2026-06-11 09:20:08,28778.25,28780.00,28777.50,28777.50,31,28777.50,28777.50,0.00
2026-06-11 09:20:09,28777.75,28778.00,28777.50,28777.75,5,28777.75,28777.75,0.00
2026-06-11 09:20:10,28777.50,28778.00,28777.25,28777.75,5,28777.75,28777.75,0.00
2026-06-11 09:20:11,28777.75,28778.25,28777.75,28778.00,7,28778.00,28778.00,0.00
2026-06-11 09:20:12,28778.50,28780.25,28778.50,28779.50,31,28779.50,28779.50,0.00
2026-06-11 09:20:13,28779.75,28780.25,28779.50,28779.50,19,28779.50,28779.50,0.00
2026-06-11 09:20:14,28779.25,28779.75,28779.25,28779.75,2,28779.75,28779.75,0.00
2026-06-11 09:20:15,28779.25,28780.50,28779.25,28780.50,25,28780.50,28780.50,0.00
2026-06-11 09:20:16,28781.00,28781.00,28780.75,28780.75,3,28780.75,28780.75,0.00
2026-06-11 09:20:17,28781.25,28781.25,28779.50,28780.25,34,28780.25,28780.25,0.00
2026-06-11 09:20:18,28779.50,28779.50,28777.75,28777.75,13,28777.75,28777.75,0.00
2026-06-11 09:20:19,28777.75,28779.50,28777.75,28779.00,12,28779.00,28779.00,0.00
2026-06-11 09:20:20,28779.25,28780.00,28779.00,28780.00,10,28780.00,28780.00,0.00
2026-06-11 09:20:21,28779.25,28779.25,28777.00,28777.25,47,28777.25,28777.25,0.00
2026-06-11 09:20:23,28779.75,28779.75,28779.75,28779.75,6,28779.75,28779.75,0.00
2026-06-11 09:20:24,28779.75,28780.75,28779.50,28780.50,17,28780.50,28780.50,0.00
2026-06-11 09:20:25,28780.50,28780.50,28779.75,28779.75,6,28779.75,28779.75,0.00
2026-06-11 09:20:26,28779.75,28779.75,28779.50,28779.75,4,28779.75,28779.75,0.00
2026-06-11 09:20:27,28780.25,28781.50,28780.25,28781.00,26,28781.00,28781.00,0.00
2026-06-11 09:20:28,28781.50,28784.00,28781.50,28782.75,65,28782.75,28782.75,0.00
2026-06-11 09:20:29,28783.00,28783.50,28782.00,28782.00,29,28782.00,28782.00,0.00
2026-06-11 09:20:30,28781.75,28781.75,28780.75,28780.75,31,28780.75,28780.75,0.00
2026-06-11 09:20:31,28780.75,28780.75,28780.75,28780.75,1,28780.75,28780.75,0.00
2026-06-11 09:20:32,28781.00,28781.00,28778.75,28779.75,18,28779.75,28779.75,0.00
2026-06-11 09:20:33,28779.75,28782.00,28779.75,28782.00,30,28782.00,28782.00,0.00
2026-06-11 09:20:34,28781.50,28781.75,28781.00,28781.00,19,28781.00,28781.00,0.00
2026-06-11 09:20:35,28781.25,28782.25,28781.00,28781.50,18,28781.50,28781.50,0.00
2026-06-11 09:20:36,28781.50,28781.50,28780.75,28781.25,23,28781.25,28781.25,0.00
2026-06-11 09:20:37,28780.75,28781.00,28780.75,28781.00,7,28781.00,28781.00,0.00
2026-06-11 09:20:38,28781.50,28783.25,28781.50,28783.00,25,28783.00,28783.00,0.00
2026-06-11 09:20:39,28783.50,28784.00,28782.25,28782.25,21,28782.25,28782.25,0.00
2026-06-11 09:20:40,28782.00,28785.50,28782.00,28785.50,52,28785.50,28785.50,0.00
2026-06-11 09:20:41,28784.25,28784.50,28784.00,28784.50,11,28784.50,28784.50,0.00
2026-06-11 09:20:42,28784.25,28784.50,28783.75,28784.50,10,28784.50,28784.50,0.00
2026-06-11 09:20:43,28783.50,28783.50,28781.75,28781.75,17,28781.75,28781.75,0.00
2026-06-11 09:20:44,28781.75,28782.50,28781.25,28782.50,26,28782.50,28782.50,0.00
2026-06-11 09:20:45,28783.50,28783.75,28783.25,28783.75,9,28783.75,28783.75,0.00
2026-06-11 09:20:46,28783.50,28784.00,28783.25,28783.25,10,28783.25,28783.25,0.00
2026-06-11 09:20:47,28783.50,28783.50,28783.50,28783.50,1,28783.50,28783.50,0.00
2026-06-11 09:20:48,28783.75,28784.50,28783.75,28784.50,19,28784.50,28784.50,0.00
2026-06-11 09:20:49,28784.50,28784.75,28783.75,28784.75,32,28784.75,28784.75,0.00
2026-06-11 09:20:50,28784.75,28784.75,28782.50,28782.75,41,28782.75,28782.75,0.00
2026-06-11 09:20:51,28782.75,28782.75,28781.00,28781.75,15,28781.75,28781.75,0.00
2026-06-11 09:20:52,28781.25,28782.00,28781.00,28781.50,27,28781.50,28781.50,0.00
2026-06-11 09:20:53,28782.00,28782.00,28781.75,28781.75,4,28781.75,28781.75,0.00
2026-06-11 09:20:54,28781.00,28781.00,28780.00,28780.00,12,28780.00,28780.00,0.00
2026-06-11 09:20:55,28779.50,28780.00,28779.25,28780.00,26,28780.00,28780.00,0.00
2026-06-11 09:20:56,28779.25,28779.25,28778.75,28779.25,8,28779.25,28779.25,0.00
2026-06-11 09:20:57,28779.75,28779.75,28779.50,28779.50,3,28779.50,28779.50,0.00
2026-06-11 09:20:58,28779.50,28779.75,28779.25,28779.75,6,28779.75,28779.75,0.00
2026-06-11 09:20:59,28779.50,28779.50,28777.75,28779.00,50,28779.00,28779.00,0.00
2026-06-11 09:21:00,28777.25,28777.50,28775.00,28775.50,62,28775.50,28775.50,0.00
2026-06-11 09:21:01,28775.50,28776.00,28773.50,28773.50,41,28773.50,28773.50,0.00
2026-06-11 09:21:02,28773.50,28773.50,28771.50,28772.75,60,28772.75,28772.75,0.00
2026-06-11 09:21:03,28772.00,28772.75,28770.75,28772.00,21,28772.00,28772.00,0.00
2026-06-11 09:21:04,28772.25,28772.75,28772.25,28772.50,11,28772.50,28772.50,0.00
2026-06-11 09:21:05,28772.25,28774.50,28771.75,28774.25,30,28774.25,28774.25,0.00
2026-06-11 09:21:06,28775.25,28777.25,28774.50,28774.50,63,28774.50,28774.50,0.00
2026-06-11 09:21:07,28774.75,28775.25,28774.00,28774.00,21,28774.00,28774.00,0.00
2026-06-11 09:21:08,28773.75,28775.00,28773.75,28775.00,13,28775.00,28775.00,0.00
2026-06-11 09:21:09,28774.75,28774.75,28774.00,28774.25,6,28774.25,28774.25,0.00
2026-06-11 09:21:10,28775.00,28775.00,28774.50,28774.50,3,28774.50,28774.50,0.00
2026-06-11 09:21:11,28774.75,28774.75,28773.75,28774.25,19,28774.25,28774.25,0.00
2026-06-11 09:21:12,28774.50,28776.50,28774.50,28776.00,19,28776.00,28776.00,0.00
2026-06-11 09:21:13,28776.50,28776.75,28776.25,28776.75,4,28776.75,28776.75,0.00
2026-06-11 09:21:14,28776.50,28776.50,28773.00,28773.50,41,28773.50,28773.50,0.00
2026-06-11 09:21:15,28773.25,28773.50,28773.00,28773.50,12,28773.50,28773.50,0.00
2026-06-11 09:21:16,28773.00,28773.50,28773.00,28773.50,10,28773.50,28773.50,0.00
2026-06-11 09:21:17,28773.50,28774.50,28773.50,28774.50,6,28774.50,28774.50,0.00
2026-06-11 09:21:18,28774.50,28774.50,28774.50,28774.50,2,28774.50,28774.50,0.00
2026-06-11 09:21:19,28775.00,28775.00,28774.25,28774.25,5,28774.25,28774.25,0.00
2026-06-11 09:21:20,28774.00,28774.00,28774.00,28774.00,1,28774.00,28774.00,0.00
2026-06-11 09:21:21,28774.75,28776.00,28774.75,28776.00,8,28776.00,28776.00,0.00
2026-06-11 09:21:22,28774.75,28774.75,28774.75,28774.75,1,28774.75,28774.75,0.00
2026-06-11 09:21:23,28775.00,28776.00,28775.00,28776.00,19,28776.00,28776.00,0.00
2026-06-11 09:21:24,28776.00,28776.00,28775.25,28775.25,2,28775.25,28775.25,0.00
2026-06-11 09:21:25,28774.75,28775.00,28774.00,28774.50,16,28774.50,28774.50,0.00
2026-06-11 09:21:27,28774.50,28774.50,28774.50,28774.50,6,28774.50,28774.50,0.00
2026-06-11 09:21:28,28773.75,28773.75,28771.50,28771.50,75,28771.50,28771.50,0.00
2026-06-11 09:21:29,28771.50,28772.25,28768.75,28769.25,71,28769.25,28769.25,0.00
2026-06-11 09:21:30,28769.50,28773.00,28769.50,28772.00,49,28772.00,28772.00,0.00
2026-06-11 09:21:31,28772.25,28773.50,28772.25,28773.50,5,28773.50,28773.50,0.00
2026-06-11 09:21:32,28773.25,28773.75,28772.75,28773.25,15,28773.25,28773.25,0.00
2026-06-11 09:21:33,28773.50,28774.00,28773.50,28774.00,10,28774.00,28774.00,0.00
2026-06-11 09:21:34,28774.75,28775.25,28771.50,28772.25,45,28772.25,28772.25,0.00
2026-06-11 09:21:35,28771.50,28771.50,28770.75,28770.75,13,28770.75,28770.75,0.00
2026-06-11 09:21:36,28771.75,28772.50,28771.75,28772.00,21,28772.00,28772.00,0.00
2026-06-11 09:21:37,28772.75,28772.75,28772.00,28772.00,3,28772.00,28772.00,0.00
2026-06-11 09:21:38,28772.25,28773.50,28769.75,28770.25,63,28770.25,28770.25,0.00
2026-06-11 09:21:39,28770.25,28770.25,28768.75,28769.50,48,28769.50,28769.50,0.00
2026-06-11 09:21:40,28769.50,28769.50,28767.75,28768.50,40,28768.50,28768.50,0.00
2026-06-11 09:21:41,28768.50,28771.00,28768.50,28769.00,59,28769.00,28769.00,0.00
2026-06-11 09:21:42,28769.75,28770.00,28768.00,28768.25,68,28768.25,28768.25,0.00
2026-06-11 09:21:43,28768.75,28770.00,28768.75,28770.00,15,28770.00,28770.00,0.00
2026-06-11 09:21:44,28770.25,28772.75,28770.25,28772.75,22,28772.75,28772.75,0.00
2026-06-11 09:21:45,28772.00,28772.25,28771.75,28771.75,6,28771.75,28771.75,0.00
2026-06-11 09:21:46,28771.75,28772.25,28771.75,28772.00,16,28772.00,28772.00,0.00
2026-06-11 09:21:48,28772.25,28772.75,28772.25,28772.50,11,28772.50,28772.50,0.00
2026-06-11 09:21:49,28772.75,28772.75,28772.00,28772.25,17,28772.25,28772.25,0.00
2026-06-11 09:21:50,28772.50,28772.75,28772.50,28772.75,5,28772.75,28772.75,0.00
2026-06-11 09:21:51,28772.75,28773.25,28772.75,28772.75,22,28772.75,28772.75,0.00
2026-06-11 09:21:52,28773.50,28775.25,28773.50,28775.00,40,28775.00,28775.00,0.00
2026-06-11 09:21:53,28775.50,28775.50,28774.50,28774.50,18,28774.50,28774.50,0.00
2026-06-11 09:21:54,28774.25,28774.25,28771.00,28772.50,79,28772.50,28772.50,0.00
2026-06-11 09:21:55,28773.25,28775.75,28772.75,28775.25,33,28775.25,28775.25,0.00
2026-06-11 09:21:56,28776.00,28776.75,28776.00,28776.50,12,28776.50,28776.50,0.00
2026-06-11 09:21:57,28776.50,28777.50,28776.25,28777.50,17,28777.50,28777.50,0.00
2026-06-11 09:21:58,28777.50,28778.25,28777.25,28778.25,15,28778.25,28778.25,0.00
2026-06-11 09:21:59,28777.50,28778.25,28777.50,28778.25,16,28778.25,28778.25,0.00
2026-06-11 09:22:00,28777.75,28778.25,28776.75,28778.00,27,28778.00,28778.00,0.00
2026-06-11 09:22:01,28778.50,28778.75,28776.50,28777.25,52,28777.25,28777.25,0.00
2026-06-11 09:22:02,28776.50,28776.50,28775.50,28776.25,21,28776.25,28776.25,0.00
2026-06-11 09:22:03,28776.00,28779.00,28776.00,28779.00,33,28779.00,28779.00,0.00
2026-06-11 09:22:04,28779.25,28781.75,28779.25,28780.50,128,28780.50,28780.50,0.00
2026-06-11 09:22:05,28780.50,28783.25,28780.00,28781.25,87,28781.25,28781.25,0.00
2026-06-11 09:22:06,28781.25,28781.25,28779.50,28779.75,57,28779.75,28779.75,0.00
2026-06-11 09:22:07,28780.00,28780.25,28779.75,28779.75,13,28779.75,28779.75,0.00
2026-06-11 09:22:08,28780.75,28781.75,28780.50,28781.00,39,28781.00,28781.00,0.00
2026-06-11 09:22:09,28781.50,28783.00,28781.50,28783.00,18,28783.00,28783.00,0.00
2026-06-11 09:22:10,28783.00,28783.75,28782.00,28782.00,34,28782.00,28782.00,0.00
2026-06-11 09:22:11,28781.75,28781.75,28778.25,28779.50,73,28779.50,28779.50,0.00
2026-06-11 09:22:12,28779.50,28779.50,28778.00,28778.25,10,28778.25,28778.25,0.00
2026-06-11 09:22:13,28778.00,28778.00,28778.00,28778.00,2,28778.00,28778.00,0.00
2026-06-11 09:22:14,28778.00,28780.00,28778.00,28780.00,35,28780.00,28780.00,0.00
2026-06-11 09:22:16,28779.00,28779.00,28778.00,28778.25,15,28778.25,28778.25,0.00
2026-06-11 09:22:17,28778.25,28778.75,28778.25,28778.25,16,28778.25,28778.25,0.00
2026-06-11 09:22:18,28779.00,28779.00,28778.25,28778.50,8,28778.50,28778.50,0.00
2026-06-11 09:22:19,28778.50,28781.00,28778.50,28780.50,37,28780.50,28780.50,0.00
2026-06-11 09:22:20,28780.50,28781.00,28780.50,28780.50,3,28780.50,28780.50,0.00
2026-06-11 09:22:21,28780.50,28783.00,28780.50,28783.00,42,28783.00,28783.00,0.00
2026-06-11 09:22:22,28782.50,28782.75,28781.00,28781.00,9,28781.00,28781.00,0.00
2026-06-11 09:22:23,28781.25,28782.00,28781.00,28781.50,8,28781.50,28781.50,0.00
2026-06-11 09:22:24,28782.00,28782.50,28781.25,28782.00,32,28782.00,28782.00,0.00
2026-06-11 09:22:25,28782.25,28783.00,28782.25,28783.00,11,28783.00,28783.00,0.00
2026-06-11 09:22:26,28783.75,28784.50,28783.75,28784.25,35,28784.25,28784.25,0.00
2026-06-11 09:22:27,28784.50,28784.50,28783.75,28784.00,8,28784.00,28784.00,0.00
2026-06-11 09:22:28,28783.75,28785.00,28783.50,28783.75,29,28783.75,28783.75,0.00
2026-06-11 09:22:29,28783.75,28783.75,28782.75,28782.75,6,28782.75,28782.75,0.00
2026-06-11 09:22:30,28782.50,28782.50,28779.25,28781.50,69,28781.50,28781.50,0.00
2026-06-11 09:22:31,28781.75,28781.75,28781.75,28781.75,7,28781.75,28781.75,0.00
2026-06-11 09:22:32,28781.50,28781.50,28779.50,28779.50,40,28779.50,28779.50,0.00
2026-06-11 09:22:33,28779.25,28780.00,28779.25,28779.25,9,28779.25,28779.25,0.00
2026-06-11 09:22:34,28779.75,28780.00,28779.75,28780.00,2,28780.00,28780.00,0.00
2026-06-11 09:22:35,28779.75,28779.75,28778.50,28778.50,19,28778.50,28778.50,0.00
2026-06-11 09:22:36,28778.25,28779.50,28777.50,28779.50,34,28779.50,28779.50,0.00
2026-06-11 09:22:37,28779.75,28782.25,28779.75,28782.25,31,28782.25,28782.25,0.00
2026-06-11 09:22:38,28781.75,28781.75,28775.50,28777.75,121,28777.75,28777.75,0.00
2026-06-11 09:22:39,28778.00,28778.00,28777.00,28778.00,32,28778.00,28778.00,0.00
2026-06-11 09:22:40,28777.50,28778.50,28777.25,28778.50,10,28778.50,28778.50,0.00
2026-06-11 09:22:41,28778.75,28779.50,28778.75,28779.50,3,28779.50,28779.50,0.00
2026-06-11 09:22:42,28780.00,28780.00,28779.25,28779.75,10,28779.75,28779.75,0.00
2026-06-11 09:22:43,28779.25,28779.25,28779.25,28779.25,1,28779.25,28779.25,0.00
2026-06-11 09:22:44,28779.50,28780.25,28779.00,28780.00,23,28780.00,28780.00,0.00
2026-06-11 09:22:45,28780.25,28780.75,28779.50,28780.50,33,28780.50,28780.50,0.00
2026-06-11 09:22:46,28780.25,28781.25,28780.25,28781.25,7,28781.25,28781.25,0.00
2026-06-11 09:22:47,28781.00,28781.25,28781.00,28781.25,4,28781.25,28781.25,0.00
2026-06-11 09:22:48,28781.25,28781.75,28781.00,28781.75,3,28781.75,28781.75,0.00
2026-06-11 09:22:49,28782.25,28782.25,28781.75,28781.75,8,28781.75,28781.75,0.00
2026-06-11 09:22:50,28782.00,28786.00,28782.00,28784.75,83,28784.75,28784.75,0.00
2026-06-11 09:22:51,28784.75,28785.25,28783.75,28785.25,34,28785.25,28785.25,0.00
2026-06-11 09:22:52,28786.25,28786.50,28784.25,28785.00,33,28785.00,28785.00,0.00
2026-06-11 09:22:53,28785.00,28785.50,28784.25,28784.25,18,28784.25,28784.25,0.00
2026-06-11 09:22:54,28784.00,28784.50,28783.00,28784.50,18,28784.50,28784.50,0.00
2026-06-11 09:22:55,28784.00,28784.75,28783.75,28783.75,22,28783.75,28783.75,0.00
2026-06-11 09:22:56,28784.25,28784.75,28784.00,28784.00,12,28784.00,28784.00,0.00
2026-06-11 09:22:57,28784.50,28784.50,28783.25,28783.25,25,28783.25,28783.25,0.00
2026-06-11 09:22:58,28783.00,28783.75,28781.50,28781.50,91,28781.50,28781.50,0.00
2026-06-11 09:22:59,28782.00,28784.25,28781.25,28784.00,169,28784.00,28784.00,0.00
2026-06-11 09:23:00,28783.50,28784.00,28783.50,28784.00,3,28784.00,28784.00,0.00
2026-06-11 09:23:01,28784.00,28784.00,28781.25,28783.00,54,28783.00,28783.00,0.00
2026-06-11 09:23:02,28782.00,28782.00,28781.75,28782.00,10,28782.00,28782.00,0.00
2026-06-11 09:23:03,28781.75,28781.75,28781.00,28781.50,22,28781.50,28781.50,0.00
2026-06-11 09:23:04,28781.25,28781.25,28780.25,28781.25,11,28781.25,28781.25,0.00
2026-06-11 09:23:05,28781.25,28782.25,28781.25,28782.25,9,28782.25,28782.25,0.00
2026-06-11 09:23:06,28782.75,28785.25,28782.25,28785.25,72,28785.25,28785.25,0.00
2026-06-11 09:23:07,28784.75,28785.75,28784.50,28785.00,18,28785.00,28785.00,0.00
2026-06-11 09:23:08,28784.25,28784.50,28784.25,28784.50,2,28784.50,28784.50,0.00
2026-06-11 09:23:09,28784.50,28785.00,28784.50,28784.50,16,28784.50,28784.50,0.00
2026-06-11 09:23:10,28784.25,28784.25,28784.25,28784.25,2,28784.25,28784.25,0.00
2026-06-11 09:23:11,28783.00,28783.00,28781.75,28782.00,11,28782.00,28782.00,0.00
2026-06-11 09:23:12,28781.75,28782.50,28781.75,28782.50,8,28782.50,28782.50,0.00
2026-06-11 09:23:13,28782.75,28782.75,28782.25,28782.75,8,28782.75,28782.75,0.00
2026-06-11 09:23:14,28782.75,28784.50,28782.75,28784.50,6,28784.50,28784.50,0.00
2026-06-11 09:23:15,28784.00,28784.25,28783.75,28783.75,15,28783.75,28783.75,0.00
2026-06-11 09:23:16,28783.25,28783.25,28783.25,28783.25,1,28783.25,28783.25,0.00
2026-06-11 09:23:17,28783.50,28784.50,28783.50,28783.50,13,28783.50,28783.50,0.00
2026-06-11 09:23:18,28783.25,28783.75,28783.25,28783.75,4,28783.75,28783.75,0.00
2026-06-11 09:23:19,28783.25,28783.25,28782.75,28782.75,8,28782.75,28782.75,0.00
2026-06-11 09:23:20,28783.00,28783.00,28782.75,28782.75,4,28782.75,28782.75,0.00
2026-06-11 09:23:21,28783.00,28783.00,28782.75,28782.75,2,28782.75,28782.75,0.00
2026-06-11 09:23:22,28782.50,28782.50,28782.00,28782.00,6,28782.00,28782.00,0.00
2026-06-11 09:23:23,28782.75,28782.75,28782.25,28782.25,3,28782.25,28782.25,0.00
2026-06-11 09:23:24,28782.00,28783.25,28781.25,28783.25,29,28783.25,28783.25,0.00
2026-06-11 09:23:25,28783.25,28785.00,28783.25,28784.50,71,28784.50,28784.50,0.00
2026-06-11 09:23:26,28785.00,28785.50,28785.00,28785.00,5,28785.00,28785.00,0.00
2026-06-11 09:23:27,28785.50,28785.50,28784.75,28784.75,4,28784.75,28784.75,0.00
2026-06-11 09:23:28,28785.75,28788.25,28785.75,28788.25,70,28788.25,28788.25,0.00
2026-06-11 09:23:29,28786.50,28789.50,28786.50,28789.00,75,28789.00,28789.00,0.00
2026-06-11 09:23:30,28789.00,28789.00,28785.50,28785.50,29,28785.50,28785.50,0.00
2026-06-11 09:23:31,28785.00,28785.50,28784.50,28785.00,13,28785.00,28785.00,0.00
2026-06-11 09:23:32,28785.50,28785.50,28784.25,28785.50,27,28785.50,28785.50,0.00
2026-06-11 09:23:33,28786.25,28786.25,28786.25,28786.25,2,28786.25,28786.25,0.00
2026-06-11 09:23:34,28786.75,28787.25,28786.50,28787.25,10,28787.25,28787.25,0.00
2026-06-11 09:23:35,28787.75,28790.25,28787.75,28789.25,72,28789.25,28789.25,0.00
2026-06-11 09:23:36,28789.00,28789.25,28787.00,28787.00,31,28787.00,28787.00,0.00
2026-06-11 09:23:37,28787.50,28789.00,28787.25,28787.25,23,28787.25,28787.25,0.00
2026-06-11 09:23:38,28787.00,28787.25,28786.50,28787.00,20,28787.00,28787.00,0.00
2026-06-11 09:23:39,28787.25,28788.25,28787.25,28788.00,39,28788.00,28788.00,0.00
2026-06-11 09:23:40,28787.75,28788.25,28787.75,28787.75,11,28787.75,28787.75,0.00
2026-06-11 09:23:41,28788.00,28788.50,28788.00,28788.50,10,28788.50,28788.50,0.00
2026-06-11 09:23:42,28788.25,28789.50,28787.25,28789.50,44,28789.50,28789.50,0.00
2026-06-11 09:23:43,28788.75,28789.50,28788.50,28789.00,7,28789.00,28789.00,0.00
2026-06-11 09:23:44,28789.50,28790.50,28788.50,28789.50,52,28789.50,28789.50,0.00
2026-06-11 09:23:45,28789.75,28791.00,28789.75,28790.50,42,28790.50,28790.50,0.00
2026-06-11 09:23:46,28790.25,28790.75,28789.25,28790.25,34,28790.25,28790.25,0.00
2026-06-11 09:23:47,28790.25,28791.00,28789.50,28790.25,47,28790.25,28790.25,0.00
2026-06-11 09:23:48,28790.75,28791.50,28789.75,28789.75,48,28789.75,28789.75,0.00
2026-06-11 09:23:49,28789.75,28789.75,28787.50,28787.75,35,28787.75,28787.75,0.00
2026-06-11 09:23:50,28787.25,28788.50,28787.25,28788.50,6,28788.50,28788.50,0.00
2026-06-11 09:23:51,28788.00,28788.00,28787.25,28787.50,11,28787.50,28787.50,0.00
2026-06-11 09:23:52,28787.25,28787.50,28787.00,28787.00,9,28787.00,28787.00,0.00
2026-06-11 09:23:53,28786.75,28787.00,28786.75,28787.00,3,28787.00,28787.00,0.00
2026-06-11 09:23:54,28786.75,28786.75,28786.75,28786.75,1,28786.75,28786.75,0.00
2026-06-11 09:23:55,28787.00,28788.50,28786.75,28786.75,35,28786.75,28786.75,0.00
2026-06-11 09:23:56,28787.00,28787.50,28787.00,28787.25,5,28787.25,28787.25,0.00
2026-06-11 09:23:57,28787.50,28787.50,28787.00,28787.00,13,28787.00,28787.00,0.00
2026-06-11 09:23:58,28787.00,28787.00,28786.25,28786.25,6,28786.25,28786.25,0.00
2026-06-11 09:23:59,28786.75,28787.25,28786.25,28787.25,8,28787.25,28787.25,0.00
2026-06-11 09:24:00,28788.75,28789.00,28786.75,28787.00,38,28787.00,28787.00,0.00
2026-06-11 09:24:01,28786.50,28787.00,28785.75,28786.00,32,28786.00,28786.00,0.00
2026-06-11 09:24:02,28785.75,28787.25,28785.75,28787.25,28,28787.25,28787.25,0.00
2026-06-11 09:24:03,28787.75,28789.75,28787.75,28789.75,18,28789.75,28789.75,0.00
2026-06-11 09:24:04,28789.75,28790.25,28788.50,28788.75,50,28788.75,28788.75,0.00
2026-06-11 09:24:05,28788.50,28788.75,28787.50,28788.00,49,28788.00,28788.00,0.00
2026-06-11 09:24:06,28788.50,28789.75,28788.00,28789.75,19,28789.75,28789.75,0.00
2026-06-11 09:24:07,28789.25,28789.25,28787.25,28789.00,55,28789.00,28789.00,0.00
2026-06-11 09:24:08,28788.75,28792.50,28788.75,28791.50,83,28791.50,28791.50,0.00
2026-06-11 09:24:09,28791.00,28791.00,28789.50,28789.75,28,28789.75,28789.75,0.00
2026-06-11 09:24:10,28789.75,28791.00,28789.50,28790.25,26,28790.25,28790.25,0.00
2026-06-11 09:24:11,28790.75,28791.00,28790.75,28791.00,8,28791.00,28791.00,0.00
2026-06-11 09:24:12,28791.25,28791.25,28789.75,28789.75,14,28789.75,28789.75,0.00
2026-06-11 09:24:13,28790.50,28791.00,28790.00,28790.75,18,28790.75,28790.75,0.00
2026-06-11 09:24:14,28790.25,28790.50,28789.75,28789.75,6,28789.75,28789.75,0.00
2026-06-11 09:24:15,28789.50,28789.50,28788.75,28789.50,9,28789.50,28789.50,0.00
2026-06-11 09:24:16,28789.25,28789.25,28788.75,28788.75,7,28788.75,28788.75,0.00
2026-06-11 09:24:17,28789.25,28790.00,28788.75,28789.25,16,28789.25,28789.25,0.00
2026-06-11 09:24:18,28788.50,28790.00,28788.50,28789.75,4,28789.75,28789.75,0.00
2026-06-11 09:24:19,28789.00,28793.75,28788.50,28793.00,146,28793.00,28793.00,0.00
2026-06-11 09:24:20,28793.50,28794.75,28792.50,28794.50,80,28794.50,28794.50,0.00
2026-06-11 09:24:21,28794.75,28795.75,28794.25,28795.50,57,28795.50,28795.50,0.00
2026-06-11 09:24:22,28795.00,28795.75,28794.50,28794.75,23,28794.75,28794.75,0.00
2026-06-11 09:24:23,28794.75,28795.25,28792.50,28793.50,58,28793.50,28793.50,0.00
2026-06-11 09:24:24,28794.00,28794.25,28793.50,28793.75,10,28793.75,28793.75,0.00
2026-06-11 09:24:25,28793.75,28795.25,28793.50,28794.75,25,28794.75,28794.75,0.00
2026-06-11 09:24:26,28795.75,28795.75,28795.00,28795.50,21,28795.50,28795.50,0.00
2026-06-11 09:24:27,28795.25,28795.75,28794.50,28794.50,19,28794.50,28794.50,0.00
2026-06-11 09:24:28,28794.25,28794.50,28794.00,28794.00,12,28794.00,28794.00,0.00
2026-06-11 09:24:29,28794.00,28794.25,28793.50,28794.25,10,28794.25,28794.25,0.00
2026-06-11 09:24:30,28793.75,28794.75,28793.25,28794.75,27,28794.75,28794.75,0.00
2026-06-11 09:24:31,28794.75,28795.25,28794.00,28794.25,14,28794.25,28794.25,0.00
2026-06-11 09:24:32,28794.50,28794.75,28793.75,28794.00,23,28794.00,28794.00,0.00
2026-06-11 09:24:33,28794.50,28794.50,28793.25,28793.75,19,28793.75,28793.75,0.00
2026-06-11 09:24:34,28793.25,28793.50,28793.25,28793.25,8,28793.25,28793.25,0.00
2026-06-11 09:24:35,28793.00,28793.25,28793.00,28793.25,5,28793.25,28793.25,0.00
2026-06-11 09:24:36,28793.00,28793.25,28791.25,28792.25,57,28792.25,28792.25,0.00
2026-06-11 09:24:37,28792.75,28792.75,28792.25,28792.25,5,28792.25,28792.25,0.00
2026-06-11 09:24:38,28792.25,28792.75,28791.75,28792.00,45,28792.00,28792.00,0.00
2026-06-11 09:24:39,28791.75,28792.00,28790.50,28790.50,16,28790.50,28790.50,0.00
2026-06-11 09:24:40,28791.00,28791.00,28790.50,28790.75,10,28790.75,28790.75,0.00
2026-06-11 09:24:41,28790.50,28791.75,28790.50,28791.25,14,28791.25,28791.25,0.00
2026-06-11 09:24:42,28791.50,28792.00,28791.50,28792.00,5,28792.00,28792.00,0.00
2026-06-11 09:24:43,28791.50,28792.00,28790.75,28790.75,17,28790.75,28790.75,0.00
2026-06-11 09:24:44,28790.75,28791.00,28785.75,28785.75,98,28785.75,28785.75,0.00
2026-06-11 09:24:45,28785.75,28786.75,28785.50,28785.50,27,28785.50,28785.50,0.00
2026-06-11 09:24:46,28785.50,28786.25,28784.50,28786.25,66,28786.25,28786.25,0.00
2026-06-11 09:24:47,28786.50,28786.50,28785.50,28786.00,16,28786.00,28786.00,0.00
2026-06-11 09:24:48,28787.50,28787.50,28786.75,28786.75,6,28786.75,28786.75,0.00
2026-06-11 09:24:49,28786.75,28787.50,28786.75,28787.50,18,28787.50,28787.50,0.00
2026-06-11 09:24:50,28787.00,28787.50,28786.75,28787.00,14,28787.00,28787.00,0.00
2026-06-11 09:24:51,28786.50,28786.75,28786.50,28786.75,4,28786.75,28786.75,0.00
2026-06-11 09:24:52,28786.75,28787.25,28786.75,28787.25,2,28787.25,28787.25,0.00
2026-06-11 09:24:53,28787.00,28790.00,28787.00,28789.75,32,28789.75,28789.75,0.00
2026-06-11 09:24:54,28789.00,28790.25,28789.00,28789.25,36,28789.25,28789.25,0.00
2026-06-11 09:24:55,28789.50,28789.75,28789.00,28789.75,4,28789.75,28789.75,0.00
2026-06-11 09:24:56,28789.50,28790.25,28789.50,28790.25,7,28790.25,28790.25,0.00
2026-06-11 09:24:57,28789.50,28790.00,28789.50,28789.75,7,28789.75,28789.75,0.00
2026-06-11 09:24:58,28790.25,28790.25,28789.50,28789.50,6,28789.50,28789.50,0.00
2026-06-11 09:24:59,28789.25,28789.50,28788.25,28789.50,31,28789.50,28789.50,0.00
2026-06-11 09:25:00,28789.00,28789.50,28788.50,28788.50,8,28788.50,28788.50,0.00
2026-06-11 09:25:01,28788.00,28788.00,28781.50,28782.50,402,28782.50,28782.50,0.00
2026-06-11 09:25:02,28782.50,28782.75,28780.50,28781.25,86,28781.25,28781.25,0.00
2026-06-11 09:25:03,28781.25,28781.75,28780.50,28781.75,29,28781.75,28781.75,0.00
2026-06-11 09:25:04,28781.50,28781.75,28781.00,28781.75,33,28781.75,28781.75,0.00
2026-06-11 09:25:05,28781.50,28782.25,28781.50,28781.75,10,28781.75,28781.75,0.00
2026-06-11 09:25:06,28782.25,28782.25,28780.00,28780.25,27,28780.25,28780.25,0.00
2026-06-11 09:25:07,28779.50,28780.00,28777.75,28778.25,51,28778.25,28778.25,0.00
2026-06-11 09:25:08,28778.00,28779.50,28777.75,28779.00,39,28779.00,28779.00,0.00
2026-06-11 09:25:09,28778.75,28778.75,28777.00,28778.00,42,28778.00,28778.00,0.00
2026-06-11 09:25:10,28778.00,28780.25,28777.75,28780.00,36,28780.00,28780.00,0.00
2026-06-11 09:25:11,28779.50,28780.25,28779.25,28779.75,21,28779.75,28779.75,0.00
2026-06-11 09:25:12,28779.75,28781.00,28779.50,28780.25,48,28780.25,28780.25,0.00
2026-06-11 09:25:13,28781.25,28782.50,28781.25,28781.50,40,28781.50,28781.50,0.00
2026-06-11 09:25:14,28782.25,28782.25,28781.75,28781.75,7,28781.75,28781.75,0.00
2026-06-11 09:25:15,28782.25,28783.25,28782.00,28783.25,17,28783.25,28783.25,0.00
2026-06-11 09:25:16,28783.00,28783.25,28782.75,28782.75,13,28782.75,28782.75,0.00
2026-06-11 09:25:17,28783.50,28787.75,28783.25,28784.75,174,28784.75,28784.75,0.00
2026-06-11 09:25:18,28784.50,28784.75,28783.25,28783.25,17,28783.25,28783.25,0.00
2026-06-11 09:25:19,28782.75,28782.75,28779.50,28779.50,42,28779.50,28779.50,0.00
2026-06-11 09:25:20,28779.75,28780.25,28778.25,28778.75,53,28778.75,28778.75,0.00
2026-06-11 09:25:21,28778.00,28778.25,28776.75,28776.75,34,28776.75,28776.75,0.00
2026-06-11 09:25:22,28777.00,28777.00,28774.50,28775.00,61,28775.00,28775.00,0.00
2026-06-11 09:25:23,28775.75,28776.25,28775.25,28776.25,20,28776.25,28776.25,0.00
2026-06-11 09:25:24,28776.75,28776.75,28775.25,28775.75,20,28775.75,28775.75,0.00
2026-06-11 09:25:25,28776.25,28778.25,28776.25,28777.25,78,28777.25,28777.25,0.00
2026-06-11 09:25:26,28777.50,28777.50,28774.50,28774.75,41,28774.75,28774.75,0.00
2026-06-11 09:25:27,28774.75,28774.75,28774.75,28774.75,1,28774.75,28774.75,0.00
2026-06-11 09:25:28,28774.75,28775.00,28774.00,28774.00,35,28774.00,28774.00,0.00
2026-06-11 09:25:29,28774.50,28774.75,28774.00,28774.50,26,28774.50,28774.50,0.00
2026-06-11 09:25:30,28774.50,28774.50,28772.50,28773.00,37,28773.00,28773.00,0.00
2026-06-11 09:25:31,28774.00,28774.00,28773.00,28773.50,39,28773.50,28773.50,0.00
2026-06-11 09:25:32,28773.75,28774.25,28772.75,28772.75,58,28772.75,28772.75,0.00
2026-06-11 09:25:33,28773.25,28774.25,28773.00,28773.00,33,28773.00,28773.00,0.00
2026-06-11 09:25:34,28773.00,28773.75,28772.25,28773.50,26,28773.50,28773.50,0.00
2026-06-11 09:25:35,28774.00,28774.50,28773.75,28774.00,10,28774.00,28774.00,0.00
2026-06-11 09:25:36,28773.50,28773.50,28773.25,28773.25,21,28773.25,28773.25,0.00
2026-06-11 09:25:37,28773.50,28773.50,28772.25,28772.75,6,28772.75,28772.75,0.00
2026-06-11 09:25:38,28772.25,28772.50,28771.25,28772.50,27,28772.50,28772.50,0.00
2026-06-11 09:25:39,28772.50,28772.75,28772.25,28772.75,9,28772.75,28772.75,0.00
2026-06-11 09:25:40,28773.50,28773.75,28773.00,28773.75,17,28773.75,28773.75,0.00
2026-06-11 09:25:41,28773.75,28773.75,28772.00,28772.00,37,28772.00,28772.00,0.00
2026-06-11 09:25:42,28772.25,28772.50,28771.75,28772.25,22,28772.25,28772.25,0.00
2026-06-11 09:25:43,28772.00,28772.25,28771.75,28772.25,6,28772.25,28772.25,0.00
2026-06-11 09:25:44,28772.00,28772.25,28771.75,28771.75,10,28771.75,28771.75,0.00
2026-06-11 09:25:45,28771.50,28772.75,28771.50,28772.25,31,28772.25,28772.25,0.00
2026-06-11 09:25:46,28772.25,28772.25,28772.00,28772.00,5,28772.00,28772.00,0.00
2026-06-11 09:25:47,28772.00,28772.00,28772.00,28772.00,1,28772.00,28772.00,0.00
2026-06-11 09:25:48,28771.50,28771.50,28770.75,28771.25,12,28771.25,28771.25,0.00
2026-06-11 09:25:49,28771.00,28772.00,28771.00,28772.00,35,28772.00,28772.00,0.00
2026-06-11 09:25:50,28772.25,28772.25,28771.50,28771.50,7,28771.50,28771.50,0.00
2026-06-11 09:25:51,28771.50,28771.50,28769.00,28769.50,45,28769.50,28769.50,0.00
2026-06-11 09:25:52,28769.25,28769.75,28768.25,28769.25,65,28769.25,28769.25,0.00
2026-06-11 09:25:53,28768.75,28769.75,28768.75,28769.00,29,28769.00,28769.00,0.00
2026-06-11 09:25:54,28769.75,28770.25,28769.25,28769.25,15,28769.25,28769.25,0.00
2026-06-11 09:25:55,28769.50,28769.50,28768.00,28768.00,17,28768.00,28768.00,0.00
2026-06-11 09:25:56,28768.25,28769.50,28767.50,28769.50,71,28769.50,28769.50,0.00
2026-06-11 09:25:57,28769.75,28769.75,28769.25,28769.25,32,28769.25,28769.25,0.00
2026-06-11 09:25:58,28769.00,28770.25,28769.00,28769.25,32,28769.25,28769.25,0.00
2026-06-11 09:25:59,28769.50,28769.50,28767.75,28767.75,26,28767.75,28767.75,0.00
2026-06-11 09:26:00,28767.50,28767.75,28766.75,28767.00,49,28767.00,28767.00,0.00
2026-06-11 09:26:01,28766.75,28769.75,28766.75,28768.75,25,28768.75,28768.75,0.00
2026-06-11 09:26:02,28768.00,28770.75,28767.75,28770.75,50,28770.75,28770.75,0.00
2026-06-11 09:26:03,28770.75,28772.00,28770.50,28771.50,42,28771.50,28771.50,0.00
2026-06-11 09:26:04,28771.25,28771.50,28770.75,28771.25,21,28771.25,28771.25,0.00
2026-06-11 09:26:05,28771.00,28772.75,28771.00,28772.50,69,28772.50,28772.50,0.00
2026-06-11 09:26:06,28772.50,28772.50,28771.75,28772.00,11,28772.00,28772.00,0.00
2026-06-11 09:26:07,28772.00,28773.75,28772.00,28772.75,31,28772.75,28772.75,0.00
2026-06-11 09:26:08,28772.50,28772.75,28772.25,28772.50,11,28772.50,28772.50,0.00
2026-06-11 09:26:09,28772.50,28773.75,28772.50,28773.50,20,28773.50,28773.50,0.00
2026-06-11 09:26:10,28773.25,28773.50,28772.75,28773.25,11,28773.25,28773.25,0.00
2026-06-11 09:26:11,28773.25,28775.50,28773.25,28775.50,54,28775.50,28775.50,0.00
2026-06-11 09:26:12,28776.25,28776.25,28775.50,28775.50,9,28775.50,28775.50,0.00
2026-06-11 09:26:13,28774.75,28775.00,28771.75,28772.00,63,28772.00,28772.00,0.00
2026-06-11 09:26:14,28772.25,28772.75,28772.00,28772.50,16,28772.50,28772.50,0.00
2026-06-11 09:26:15,28772.75,28773.50,28772.50,28773.25,11,28773.25,28773.25,0.00
2026-06-11 09:26:16,28773.25,28773.50,28773.00,28773.50,5,28773.50,28773.50,0.00
2026-06-11 09:26:17,28773.75,28774.00,28773.75,28773.75,4,28773.75,28773.75,0.00
2026-06-11 09:26:18,28773.75,28774.75,28773.75,28774.75,10,28774.75,28774.75,0.00
2026-06-11 09:26:19,28775.25,28775.50,28772.25,28773.50,57,28773.50,28773.50,0.00
2026-06-11 09:26:20,28772.50,28772.75,28771.50,28772.50,38,28772.50,28772.50,0.00
2026-06-11 09:26:21,28772.75,28773.50,28771.75,28771.75,59,28771.75,28771.75,0.00
2026-06-11 09:26:22,28771.75,28771.75,28771.00,28771.25,9,28771.25,28771.25,0.00
2026-06-11 09:26:23,28771.25,28771.50,28770.75,28770.75,12,28770.75,28770.75,0.00
2026-06-11 09:26:24,28770.75,28772.75,28770.75,28771.25,33,28771.25,28771.25,0.00
2026-06-11 09:26:25,28771.50,28773.25,28771.50,28773.00,7,28773.00,28773.00,0.00
2026-06-11 09:26:26,28772.50,28772.75,28771.00,28771.00,28,28771.00,28771.00,0.00
2026-06-11 09:26:27,28771.50,28771.50,28770.00,28770.75,18,28770.75,28770.75,0.00
2026-06-11 09:26:28,28769.50,28771.50,28769.00,28770.00,53,28770.00,28770.00,0.00
2026-06-11 09:26:29,28769.50,28769.50,28769.50,28769.50,4,28769.50,28769.50,0.00
2026-06-11 09:26:30,28770.00,28770.25,28769.50,28769.50,12,28769.50,28769.50,0.00
2026-06-11 09:26:31,28769.25,28769.25,28766.00,28766.25,71,28766.25,28766.25,0.00
2026-06-11 09:26:32,28766.25,28766.75,28766.00,28766.75,28,28766.75,28766.75,0.00
2026-06-11 09:26:33,28766.50,28767.00,28765.50,28766.50,29,28766.50,28766.50,0.00
2026-06-11 09:26:34,28766.25,28767.00,28765.75,28765.75,13,28765.75,28765.75,0.00
2026-06-11 09:26:35,28766.25,28766.50,28766.00,28766.25,7,28766.25,28766.25,0.00
2026-06-11 09:26:36,28765.75,28766.00,28764.25,28764.50,48,28764.50,28764.50,0.00
2026-06-11 09:26:37,28764.25,28764.50,28763.50,28763.50,59,28763.50,28763.50,0.00
2026-06-11 09:26:38,28763.75,28764.00,28762.50,28763.00,48,28763.00,28763.00,0.00
2026-06-11 09:26:39,28763.50,28763.75,28762.75,28763.50,51,28763.50,28763.50,0.00
2026-06-11 09:26:40,28763.75,28764.00,28763.00,28763.75,28,28763.75,28763.75,0.00
2026-06-11 09:26:41,28764.00,28768.00,28764.00,28767.25,81,28767.25,28767.25,0.00
2026-06-11 09:26:42,28767.25,28767.25,28766.00,28766.00,14,28766.00,28766.00,0.00
2026-06-11 09:26:43,28766.00,28766.25,28765.50,28766.00,21,28766.00,28766.00,0.00
2026-06-11 09:26:44,28766.00,28767.00,28766.00,28766.75,12,28766.75,28766.75,0.00
2026-06-11 09:26:45,28766.25,28768.00,28765.75,28767.25,59,28767.25,28767.25,0.00
2026-06-11 09:26:46,28767.00,28767.00,28766.50,28766.50,5,28766.50,28766.50,0.00
2026-06-11 09:26:47,28766.75,28766.75,28766.25,28766.75,9,28766.75,28766.75,0.00
2026-06-11 09:26:48,28766.75,28768.00,28766.75,28767.75,34,28767.75,28767.75,0.00
2026-06-11 09:26:49,28767.50,28768.50,28767.50,28768.50,16,28768.50,28768.50,0.00
2026-06-11 09:26:50,28767.50,28768.50,28767.25,28768.50,14,28768.50,28768.50,0.00
2026-06-11 09:26:51,28768.25,28771.25,28768.25,28770.25,62,28770.25,28770.25,0.00
2026-06-11 09:26:52,28770.00,28770.25,28768.75,28769.75,43,28769.75,28769.75,0.00
2026-06-11 09:26:53,28769.50,28769.50,28766.00,28767.00,14,28767.00,28767.00,0.00
2026-06-11 09:26:54,28767.75,28768.00,28767.25,28767.50,7,28767.50,28767.50,0.00
2026-06-11 09:26:55,28767.75,28767.75,28767.25,28767.50,7,28767.50,28767.50,0.00
2026-06-11 09:26:56,28767.75,28768.50,28767.75,28768.00,16,28768.00,28768.00,0.00
2026-06-11 09:26:57,28767.50,28767.50,28767.50,28767.50,1,28767.50,28767.50,0.00
2026-06-11 09:26:58,28768.00,28768.00,28767.00,28767.00,8,28767.00,28767.00,0.00
2026-06-11 09:27:00,28766.00,28766.25,28765.75,28765.75,26,28765.75,28765.75,0.00
2026-06-11 09:27:01,28766.25,28766.25,28764.75,28765.75,65,28765.75,28765.75,0.00
2026-06-11 09:27:02,28765.75,28767.50,28765.50,28767.50,25,28767.50,28767.50,0.00
2026-06-11 09:27:03,28767.75,28768.50,28767.75,28768.00,8,28768.00,28768.00,0.00
2026-06-11 09:27:04,28768.00,28768.00,28764.50,28765.00,35,28765.00,28765.00,0.00
2026-06-11 09:27:05,28765.00,28765.25,28765.00,28765.25,4,28765.25,28765.25,0.00
2026-06-11 09:27:06,28765.75,28768.25,28765.25,28765.25,42,28765.25,28765.25,0.00
2026-06-11 09:27:07,28765.25,28766.50,28765.25,28766.00,40,28766.00,28766.00,0.00
2026-06-11 09:27:08,28765.00,28765.00,28761.75,28763.75,99,28763.75,28763.75,0.00
2026-06-11 09:27:09,28763.50,28764.00,28762.50,28762.50,36,28762.50,28762.50,0.00
2026-06-11 09:27:10,28762.00,28762.25,28761.25,28761.50,30,28761.50,28761.50,0.00
2026-06-11 09:27:11,28762.25,28766.50,28762.00,28766.50,130,28766.50,28766.50,0.00
2026-06-11 09:27:12,28766.75,28771.00,28766.75,28770.50,96,28770.50,28770.50,0.00
2026-06-11 09:27:13,28770.00,28770.75,28769.00,28770.50,38,28770.50,28770.50,0.00
2026-06-11 09:27:14,28770.00,28770.00,28769.00,28769.75,18,28769.75,28769.75,0.00
2026-06-11 09:27:15,28769.50,28770.00,28768.75,28769.75,12,28769.75,28769.75,0.00
2026-06-11 09:27:16,28770.50,28771.25,28770.50,28771.00,7,28771.00,28771.00,0.00
2026-06-11 09:27:17,28770.00,28771.00,28769.50,28769.75,17,28769.75,28769.75,0.00
2026-06-11 09:27:18,28769.75,28769.75,28768.25,28768.25,38,28768.25,28768.25,0.00
2026-06-11 09:27:19,28769.00,28769.75,28769.00,28769.00,8,28769.00,28769.00,0.00
2026-06-11 09:27:20,28768.75,28770.00,28768.75,28770.00,22,28770.00,28770.00,0.00
2026-06-11 09:27:21,28770.50,28771.00,28770.00,28770.50,20,28770.50,28770.50,0.00
2026-06-11 09:27:22,28770.50,28771.00,28770.50,28771.00,9,28771.00,28771.00,0.00
2026-06-11 09:27:23,28771.25,28771.50,28770.50,28771.50,11,28771.50,28771.50,0.00
2026-06-11 09:27:24,28770.75,28771.25,28770.00,28771.00,23,28771.00,28771.00,0.00
2026-06-11 09:27:25,28771.00,28771.25,28770.50,28771.25,7,28771.25,28771.25,0.00
2026-06-11 09:27:26,28770.75,28771.50,28770.75,28771.50,5,28771.50,28771.50,0.00
2026-06-11 09:27:27,28771.50,28771.75,28770.75,28770.75,17,28770.75,28770.75,0.00
2026-06-11 09:27:28,28770.75,28772.00,28770.00,28770.75,31,28770.75,28770.75,0.00
2026-06-11 09:27:29,28771.25,28771.25,28770.00,28770.00,13,28770.00,28770.00,0.00
2026-06-11 09:27:30,28770.00,28770.25,28769.25,28769.50,15,28769.50,28769.50,0.00
2026-06-11 09:27:31,28770.00,28770.50,28769.75,28770.50,9,28770.50,28770.50,0.00
2026-06-11 09:27:32,28771.00,28771.00,28768.25,28769.00,24,28769.00,28769.00,0.00
2026-06-11 09:27:33,28769.25,28770.50,28769.25,28770.50,13,28770.50,28770.50,0.00
2026-06-11 09:27:34,28769.75,28769.75,28769.00,28769.00,3,28769.00,28769.00,0.00
2026-06-11 09:27:35,28769.25,28769.75,28769.25,28769.50,7,28769.50,28769.50,0.00
2026-06-11 09:27:36,28769.00,28769.00,28762.75,28763.25,84,28763.25,28763.25,0.00
2026-06-11 09:27:37,28763.25,28764.25,28763.25,28764.00,30,28764.00,28764.00,0.00
2026-06-11 09:27:38,28764.50,28768.00,28764.50,28766.75,35,28766.75,28766.75,0.00
2026-06-11 09:27:39,28766.25,28766.50,28766.00,28766.00,7,28766.00,28766.00,0.00
2026-06-11 09:27:40,28766.25,28767.50,28766.25,28767.50,19,28767.50,28767.50,0.00
2026-06-11 09:27:41,28767.75,28770.50,28763.75,28768.75,284,28768.75,28768.75,0.00
2026-06-11 09:27:42,28768.25,28768.75,28767.25,28768.75,18,28768.75,28768.75,0.00
2026-06-11 09:27:43,28768.25,28768.25,28766.50,28766.50,14,28766.50,28766.50,0.00
2026-06-11 09:27:44,28768.00,28768.25,28766.75,28767.25,18,28767.25,28767.25,0.00
2026-06-11 09:27:45,28766.75,28768.25,28766.75,28767.25,29,28767.25,28767.25,0.00
2026-06-11 09:27:46,28767.25,28768.75,28767.00,28768.00,34,28768.00,28768.00,0.00
2026-06-11 09:27:47,28768.00,28769.25,28768.00,28768.75,25,28768.75,28768.75,0.00
2026-06-11 09:27:48,28768.75,28768.75,28768.00,28768.00,4,28768.00,28768.00,0.00
2026-06-11 09:27:49,28768.25,28768.25,28768.25,28768.25,2,28768.25,28768.25,0.00
2026-06-11 09:27:50,28767.50,28768.00,28767.50,28768.00,2,28768.00,28768.00,0.00
2026-06-11 09:27:51,28768.25,28772.75,28768.25,28770.25,121,28770.25,28770.25,0.00
2026-06-11 09:27:52,28770.25,28772.25,28770.25,28772.25,14,28772.25,28772.25,0.00
2026-06-11 09:27:53,28772.75,28773.50,28772.50,28772.50,42,28772.50,28772.50,0.00
2026-06-11 09:27:54,28772.50,28772.75,28772.00,28772.75,5,28772.75,28772.75,0.00
2026-06-11 09:27:56,28772.75,28774.00,28772.75,28773.25,22,28773.25,28773.25,0.00
2026-06-11 09:27:57,28773.00,28773.25,28772.25,28772.75,11,28772.75,28772.75,0.00
2026-06-11 09:27:58,28772.50,28773.00,28772.25,28772.25,6,28772.25,28772.25,0.00
2026-06-11 09:27:59,28773.00,28773.50,28772.75,28773.00,17,28773.00,28773.00,0.00
2026-06-11 09:28:00,28773.25,28773.50,28772.00,28773.25,22,28773.25,28773.25,0.00
2026-06-11 09:28:01,28773.50,28777.25,28767.75,28774.25,599,28774.25,28774.25,0.00
2026-06-11 09:28:02,28775.00,28775.50,28772.50,28773.25,56,28773.25,28773.25,0.00
2026-06-11 09:28:03,28773.25,28774.25,28772.50,28773.75,41,28773.75,28773.75,0.00
2026-06-11 09:28:04,28773.50,28773.50,28772.25,28772.25,10,28772.25,28772.25,0.00
2026-06-11 09:28:05,28772.25,28774.25,28771.75,28774.00,34,28774.00,28774.00,0.00
2026-06-11 09:28:06,28773.75,28776.00,28773.50,28775.25,56,28775.25,28775.25,0.00
2026-06-11 09:28:07,28776.00,28776.50,28775.00,28776.50,13,28776.50,28776.50,0.00
2026-06-11 09:28:08,28775.75,28779.00,28775.50,28777.50,65,28777.50,28777.50,0.00
2026-06-11 09:28:09,28777.50,28779.00,28776.75,28778.00,58,28778.00,28778.00,0.00
2026-06-11 09:28:10,28777.50,28778.00,28776.00,28776.00,37,28776.00,28776.00,0.00
2026-06-11 09:28:11,28776.00,28777.75,28776.00,28777.00,43,28777.00,28777.00,0.00
2026-06-11 09:28:12,28776.50,28777.00,28775.00,28776.00,26,28776.00,28776.00,0.00
2026-06-11 09:28:13,28775.50,28775.50,28774.25,28774.50,19,28774.50,28774.50,0.00
2026-06-11 09:28:14,28773.75,28774.00,28773.50,28774.00,21,28774.00,28774.00,0.00
2026-06-11 09:28:15,28773.75,28773.75,28772.00,28773.00,55,28773.00,28773.00,0.00
2026-06-11 09:28:16,28773.75,28773.75,28773.00,28773.50,21,28773.50,28773.50,0.00
2026-06-11 09:28:17,28772.50,28773.25,28772.50,28773.25,9,28773.25,28773.25,0.00
2026-06-11 09:28:18,28773.75,28774.50,28773.75,28774.00,6,28774.00,28774.00,0.00
2026-06-11 09:28:19,28773.75,28774.25,28773.75,28774.00,6,28774.00,28774.00,0.00
2026-06-11 09:28:20,28774.50,28775.25,28774.00,28774.25,24,28774.25,28774.25,0.00
2026-06-11 09:28:21,28773.75,28776.00,28773.75,28775.75,32,28775.75,28775.75,0.00
2026-06-11 09:28:22,28775.75,28776.00,28775.50,28775.75,7,28775.75,28775.75,0.00
2026-06-11 09:28:23,28775.00,28775.25,28774.75,28775.25,12,28775.25,28775.25,0.00
2026-06-11 09:28:24,28774.50,28774.75,28773.50,28773.50,11,28773.50,28773.50,0.00
2026-06-11 09:28:25,28773.25,28773.75,28772.50,28773.75,35,28773.75,28773.75,0.00
2026-06-11 09:28:26,28773.50,28775.00,28773.50,28774.50,43,28774.50,28774.50,0.00
2026-06-11 09:28:27,28774.75,28775.00,28773.50,28773.50,20,28773.50,28773.50,0.00
2026-06-11 09:28:28,28772.50,28777.00,28772.50,28776.25,40,28776.25,28776.25,0.00
2026-06-11 09:28:29,28776.00,28777.25,28776.00,28777.25,9,28777.25,28777.25,0.00
2026-06-11 09:28:30,28776.75,28776.75,28775.50,28775.50,15,28775.50,28775.50,0.00
2026-06-11 09:28:31,28777.00,28777.75,28777.00,28777.00,19,28777.00,28777.00,0.00
2026-06-11 09:28:32,28777.25,28784.00,28777.25,28780.50,189,28780.50,28780.50,0.00
2026-06-11 09:28:33,28780.50,28781.25,28778.75,28781.00,50,28781.00,28781.00,0.00
2026-06-11 09:28:34,28780.50,28780.75,28779.50,28779.75,18,28779.75,28779.75,0.00
2026-06-11 09:28:35,28779.75,28780.50,28779.00,28779.25,31,28779.25,28779.25,0.00
2026-06-11 09:28:36,28779.00,28779.00,28776.25,28778.50,16,28778.50,28778.50,0.00
2026-06-11 09:28:37,28778.25,28779.25,28778.25,28778.50,10,28778.50,28778.50,0.00
2026-06-11 09:28:38,28776.75,28777.50,28774.50,28774.50,29,28774.50,28774.50,0.00
2026-06-11 09:28:39,28775.00,28775.00,28772.75,28773.25,53,28773.25,28773.25,0.00
2026-06-11 09:28:40,28772.75,28776.50,28772.00,28775.50,68,28775.50,28775.50,0.00
2026-06-11 09:28:41,28775.50,28776.00,28775.00,28775.00,21,28775.00,28775.00,0.00
2026-06-11 09:28:42,28775.00,28775.00,28773.75,28774.25,14,28774.25,28774.25,0.00
2026-06-11 09:28:43,28774.00,28774.00,28773.50,28773.50,16,28773.50,28773.50,0.00
2026-06-11 09:28:44,28774.00,28774.75,28773.25,28773.25,7,28773.25,28773.25,0.00
2026-06-11 09:28:45,28772.75,28773.00,28772.00,28772.75,48,28772.75,28772.75,0.00
2026-06-11 09:28:46,28772.50,28772.75,28771.00,28772.75,62,28772.75,28772.75,0.00
2026-06-11 09:28:47,28772.50,28772.50,28771.25,28772.50,58,28772.50,28772.50,0.00
2026-06-11 09:28:48,28773.25,28773.25,28772.00,28772.00,21,28772.00,28772.00,0.00
2026-06-11 09:28:49,28771.75,28772.50,28770.75,28772.50,49,28772.50,28772.50,0.00
2026-06-11 09:28:50,28773.00,28774.25,28773.00,28773.25,45,28773.25,28773.25,0.00
2026-06-11 09:28:51,28773.25,28773.75,28772.75,28772.75,9,28772.75,28772.75,0.00
2026-06-11 09:28:52,28772.50,28775.00,28772.50,28775.00,32,28775.00,28775.00,0.00
2026-06-11 09:28:53,28774.50,28774.50,28772.75,28772.75,24,28772.75,28772.75,0.00
2026-06-11 09:28:54,28772.75,28773.50,28772.75,28773.00,9,28773.00,28773.00,0.00
2026-06-11 09:28:55,28772.00,28774.00,28772.00,28773.25,18,28773.25,28773.25,0.00
2026-06-11 09:28:56,28774.00,28774.00,28772.75,28772.75,26,28772.75,28772.75,0.00
2026-06-11 09:28:57,28773.00,28773.00,28772.00,28772.00,6,28772.00,28772.00,0.00
2026-06-11 09:28:58,28772.75,28773.75,28772.75,28772.75,15,28772.75,28772.75,0.00
2026-06-11 09:28:59,28772.25,28772.50,28771.75,28772.00,12,28772.00,28772.00,0.00
2026-06-11 09:29:00,28772.50,28772.75,28770.25,28770.75,73,28770.75,28770.75,0.00
2026-06-11 09:29:01,28770.50,28772.25,28770.00,28771.50,71,28771.50,28771.50,0.00
2026-06-11 09:29:02,28771.75,28774.50,28771.50,28773.00,50,28773.00,28773.00,0.00
2026-06-11 09:29:03,28774.00,28775.00,28773.50,28774.00,29,28774.00,28774.00,0.00
2026-06-11 09:29:04,28773.50,28774.25,28771.75,28771.75,31,28771.75,28771.75,0.00
2026-06-11 09:29:05,28772.50,28772.75,28772.25,28772.75,12,28772.75,28772.75,0.00
2026-06-11 09:29:06,28772.25,28772.50,28771.75,28772.50,12,28772.50,28772.50,0.00
2026-06-11 09:29:07,28772.25,28772.50,28772.25,28772.50,7,28772.50,28772.50,0.00
2026-06-11 09:29:08,28773.00,28773.00,28770.25,28770.50,49,28770.50,28770.50,0.00
2026-06-11 09:29:09,28771.00,28773.75,28770.50,28772.50,71,28772.50,28772.50,0.00
2026-06-11 09:29:10,28771.00,28771.25,28768.50,28769.50,91,28769.50,28769.50,0.00
2026-06-11 09:29:11,28769.75,28770.25,28768.50,28768.75,22,28768.75,28768.75,0.00
2026-06-11 09:29:12,28769.75,28770.00,28769.00,28770.00,47,28770.00,28770.00,0.00
2026-06-11 09:29:13,28769.75,28777.25,28769.75,28776.75,163,28776.75,28776.75,0.00
2026-06-11 09:29:14,28777.25,28777.25,28774.75,28775.25,37,28775.25,28775.25,0.00
2026-06-11 09:29:15,28774.25,28774.25,28766.50,28766.50,126,28766.50,28766.50,0.00
2026-06-11 09:29:16,28765.75,28768.25,28765.50,28767.25,36,28767.25,28767.25,0.00
2026-06-11 09:29:17,28768.25,28769.25,28767.75,28767.75,18,28767.75,28767.75,0.00
2026-06-11 09:29:18,28767.25,28767.25,28762.75,28762.75,63,28762.75,28762.75,0.00
2026-06-11 09:29:19,28762.75,28763.50,28761.50,28763.25,46,28763.25,28763.25,0.00
2026-06-11 09:29:20,28763.25,28764.75,28762.75,28764.00,42,28764.00,28764.00,0.00
2026-06-11 09:29:21,28763.75,28765.25,28763.75,28765.25,20,28765.25,28765.25,0.00
2026-06-11 09:29:22,28765.25,28766.25,28765.25,28765.25,16,28765.25,28765.25,0.00
2026-06-11 09:29:23,28765.00,28768.00,28765.00,28768.00,41,28768.00,28768.00,0.00
2026-06-11 09:29:24,28767.75,28767.75,28766.00,28766.50,66,28766.50,28766.50,0.00
2026-06-11 09:29:25,28766.50,28767.75,28765.75,28767.75,23,28767.75,28767.75,0.00
2026-06-11 09:29:26,28768.00,28768.50,28765.75,28767.00,69,28767.00,28767.00,0.00
2026-06-11 09:29:27,28767.50,28767.50,28765.25,28765.25,34,28765.25,28765.25,0.00
2026-06-11 09:29:28,28765.00,28765.75,28765.00,28765.75,13,28765.75,28765.75,0.00
2026-06-11 09:29:29,28765.50,28766.50,28765.25,28766.25,36,28766.25,28766.25,0.00
2026-06-11 09:29:30,28765.75,28768.25,28764.75,28764.75,71,28764.75,28764.75,0.00
2026-06-11 09:29:31,28764.75,28764.75,28760.25,28761.25,94,28761.25,28761.25,0.00
2026-06-11 09:29:32,28761.25,28761.25,28760.25,28760.75,37,28760.75,28760.75,0.00
2026-06-11 09:29:33,28760.50,28761.00,28757.75,28758.50,119,28758.50,28758.50,0.00
2026-06-11 09:29:34,28758.75,28761.75,28758.50,28759.50,66,28759.50,28759.50,0.00
2026-06-11 09:29:35,28759.75,28760.25,28758.00,28758.00,55,28758.00,28758.00,0.00
2026-06-11 09:29:36,28758.50,28758.50,28755.00,28757.00,132,28757.00,28757.00,0.00
2026-06-11 09:29:37,28757.25,28757.50,28756.25,28757.00,48,28757.00,28757.00,0.00
2026-06-11 09:29:38,28756.75,28756.75,28749.25,28749.50,342,28749.50,28749.50,0.00
2026-06-11 09:29:39,28750.00,28750.25,28747.00,28747.75,177,28747.75,28747.75,0.00
2026-06-11 09:29:40,28748.50,28750.00,28748.00,28749.50,110,28749.50,28749.50,0.00
2026-06-11 09:29:41,28750.00,28750.25,28747.50,28748.00,72,28748.00,28748.00,0.00
2026-06-11 09:29:42,28748.75,28750.25,28748.25,28749.75,84,28749.75,28749.75,0.00
2026-06-11 09:29:43,28749.25,28749.25,28747.50,28748.00,42,28748.00,28748.00,0.00
2026-06-11 09:29:44,28747.75,28749.75,28747.75,28749.25,80,28749.25,28749.25,0.00
2026-06-11 09:29:45,28748.50,28749.75,28747.75,28749.75,55,28749.75,28749.75,0.00
2026-06-11 09:29:46,28750.25,28753.25,28749.75,28752.50,127,28752.50,28752.50,0.00
2026-06-11 09:29:47,28752.50,28755.25,28751.75,28752.25,83,28752.25,28752.25,0.00
2026-06-11 09:29:48,28752.75,28755.75,28752.75,28754.75,142,28754.75,28754.75,0.00
2026-06-11 09:29:49,28754.25,28755.75,28749.00,28751.00,275,28751.00,28751.00,0.00
2026-06-11 09:29:50,28750.75,28751.25,28744.25,28744.50,241,28744.50,28744.50,0.00
2026-06-11 09:29:51,28744.25,28750.50,28744.25,28748.75,249,28748.75,28748.75,0.00
2026-06-11 09:29:52,28749.25,28750.75,28748.50,28750.75,112,28750.75,28750.75,0.00
2026-06-11 09:29:53,28750.75,28751.25,28748.00,28748.00,76,28748.00,28748.00,0.00
2026-06-11 09:29:54,28748.25,28751.00,28745.75,28748.00,178,28748.00,28748.00,0.00
2026-06-11 09:29:55,28748.00,28749.00,28746.25,28748.50,122,28748.50,28748.50,0.00
2026-06-11 09:29:56,28748.25,28758.25,28748.00,28758.00,555,28758.00,28758.00,0.00
2026-06-11 09:29:57,28758.00,28760.25,28755.25,28760.25,166,28760.25,28760.25,0.00
2026-06-11 09:29:58,28760.25,28761.75,28757.00,28758.00,170,28758.00,28758.00,0.00
2026-06-11 09:29:59,28757.50,28759.25,28753.75,28755.00,358,28755.00,28755.00,0.00
2026-06-11 09:30:00,28756.25,28759.25,28753.50,28753.50,289,28753.50,28753.50,0.00
2026-06-11 09:30:01,28753.50,28755.00,28734.25,28742.25,966,28742.25,28742.25,0.00
2026-06-11 09:30:06,28754.00,28754.00,28743.00,28753.50,329,28753.50,28753.50,0.00
2026-06-11 09:30:11,28775.50,28777.25,28760.50,28760.50,1105,28760.50,28760.50,0.00
2026-06-11 09:30:12,28761.00,28761.75,28732.00,28752.00,560,28752.00,28752.00,0.00
2026-06-11 09:30:13,28751.25,28757.75,28751.25,28755.75,154,28755.75,28755.75,0.00
2026-06-11 09:30:14,28755.00,28767.50,28753.75,28765.00,314,28765.00,28765.00,0.00
2026-06-11 09:30:15,28765.25,28765.50,28753.75,28755.50,454,28755.50,28755.50,0.00
2026-06-11 09:30:16,28754.00,28755.50,28742.75,28743.75,257,28743.75,28743.75,0.00
2026-06-11 09:30:17,28744.25,28744.25,28730.50,28731.75,286,28731.75,28731.75,0.00
2026-06-11 09:30:18,28731.00,28737.75,28728.00,28728.75,423,28728.75,28728.75,0.00
2026-06-11 09:30:19,28728.25,28741.25,28728.25,28734.25,333,28734.25,28734.25,0.00
2026-06-11 09:30:20,28733.75,28736.25,28725.25,28730.75,308,28730.75,28730.75,0.00
2026-06-11 09:30:21,28730.75,28740.25,28729.00,28739.00,204,28739.00,28739.00,0.00
2026-06-11 09:30:22,28738.75,28753.25,28736.25,28748.75,447,28748.75,28748.75,0.00
2026-06-11 09:30:23,28748.75,28748.75,28740.00,28740.25,215,28740.25,28740.25,0.00
2026-06-11 09:30:24,28740.25,28741.75,28738.00,28741.50,128,28741.50,28741.50,0.00
2026-06-11 09:30:25,28740.50,28742.25,28735.75,28737.75,108,28737.75,28737.75,0.00
2026-06-11 09:30:26,28737.00,28743.75,28736.50,28740.25,202,28740.25,28740.25,0.00
2026-06-11 09:30:27,28739.50,28750.00,28736.25,28744.75,218,28744.75,28744.75,0.00
2026-06-11 09:30:28,28744.50,28745.25,28738.50,28739.50,122,28739.50,28739.50,0.00
2026-06-11 09:30:29,28739.50,28744.25,28734.75,28743.75,346,28743.75,28743.75,0.00
2026-06-11 09:30:30,28743.75,28764.50,28743.75,28761.00,428,28761.00,28761.00,0.00
2026-06-11 09:30:31,28760.25,28764.50,28758.75,28760.75,231,28760.75,28760.75,0.00
2026-06-11 09:30:32,28760.75,28760.75,28752.00,28757.00,125,28757.00,28757.00,0.00
2026-06-11 09:30:33,28756.25,28761.75,28750.75,28761.25,265,28761.25,28761.25,0.00
2026-06-11 09:30:34,28762.00,28763.50,28755.50,28755.50,180,28755.50,28755.50,0.00
2026-06-11 09:30:35,28756.50,28758.25,28754.00,28757.00,143,28757.00,28757.00,0.00
2026-06-11 09:30:36,28757.50,28763.50,28755.25,28755.25,257,28755.25,28755.25,0.00
2026-06-11 09:30:37,28754.75,28756.00,28744.00,28749.75,296,28749.75,28749.75,0.00
2026-06-11 09:30:38,28749.75,28752.25,28745.50,28746.25,125,28746.25,28746.25,0.00
2026-06-11 09:30:39,28745.50,28745.75,28740.75,28743.50,129,28743.50,28743.50,0.00
2026-06-11 09:30:40,28742.75,28746.25,28742.50,28746.25,107,28746.25,28746.25,0.00
2026-06-11 09:30:41,28748.50,28754.00,28747.50,28751.75,153,28751.75,28751.75,0.00
2026-06-11 09:30:42,28751.50,28758.00,28751.25,28754.75,121,28754.75,28754.75,0.00
2026-06-11 09:30:43,28754.50,28761.25,28751.25,28751.25,142,28751.25,28751.25,0.00
2026-06-11 09:30:44,28751.00,28751.25,28745.75,28747.50,138,28747.50,28747.50,0.00
2026-06-11 09:30:45,28747.75,28759.25,28747.75,28759.25,135,28759.25,28759.25,0.00
2026-06-11 09:30:46,28759.50,28761.25,28756.25,28757.75,108,28757.75,28757.75,0.00
2026-06-11 09:30:47,28758.00,28762.50,28758.00,28761.50,113,28761.50,28761.50,0.00
2026-06-11 09:30:48,28761.50,28764.25,28760.25,28763.00,110,28763.00,28763.00,0.00
2026-06-11 09:30:49,28763.50,28767.75,28762.50,28764.25,332,28764.25,28764.25,0.00
2026-06-11 09:30:50,28764.00,28764.50,28759.75,28759.75,166,28759.75,28759.75,0.00
2026-06-11 09:30:51,28759.75,28760.50,28749.50,28751.25,231,28751.25,28751.25,0.00
2026-06-11 09:30:52,28751.25,28760.50,28749.75,28760.00,122,28760.00,28760.00,0.00
2026-06-11 09:30:53,28759.75,28762.75,28755.25,28756.25,110,28756.25,28756.25,0.00
2026-06-11 09:30:54,28756.25,28763.00,28756.25,28762.50,117,28762.50,28762.50,0.00
2026-06-11 09:30:55,28762.25,28762.75,28758.00,28759.25,60,28759.25,28759.25,0.00
2026-06-11 09:30:56,28760.25,28763.00,28759.25,28760.25,128,28760.25,28760.25,0.00
2026-06-11 09:30:57,28760.50,28762.50,28758.50,28759.50,83,28759.50,28759.50,0.00
2026-06-11 09:30:58,28761.25,28761.25,28755.50,28756.25,85,28756.25,28756.25,0.00
2026-06-11 09:30:59,28756.25,28760.25,28756.25,28760.00,83,28760.00,28760.00,0.00
2026-06-11 09:31:00,28759.50,28779.00,28759.50,28775.75,702,28775.75,28775.75,0.00
2026-06-11 09:31:01,28776.00,28783.00,28772.25,28774.25,564,28774.25,28774.25,0.00
2026-06-11 09:31:02,28774.75,28777.00,28762.00,28764.50,452,28764.50,28764.50,0.00
2026-06-11 09:31:03,28765.25,28765.75,28751.25,28752.75,368,28752.75,28752.75,0.00
2026-06-11 09:31:04,28751.75,28752.25,28747.00,28748.50,354,28748.50,28748.50,0.00
2026-06-11 09:31:05,28748.50,28752.25,28741.00,28742.75,306,28742.75,28742.75,0.00
2026-06-11 09:31:06,28742.50,28743.75,28733.00,28733.50,372,28733.50,28733.50,0.00
2026-06-11 09:31:07,28733.25,28740.50,28732.00,28738.00,397,28738.00,28738.00,0.00
2026-06-11 09:31:08,28738.00,28738.75,28733.50,28736.50,160,28736.50,28736.50,0.00
2026-06-11 09:31:09,28736.50,28739.75,28733.50,28734.25,178,28734.25,28734.25,0.00
2026-06-11 09:31:10,28734.50,28737.50,28732.25,28734.50,140,28734.50,28734.50,0.00
2026-06-11 09:31:11,28734.50,28737.25,28731.25,28732.75,224,28732.75,28732.75,0.00
2026-06-11 09:31:12,28732.75,28732.75,28725.00,28727.00,273,28727.00,28727.00,0.00
2026-06-11 09:31:13,28726.75,28732.00,28726.00,28729.25,178,28729.25,28729.25,0.00
2026-06-11 09:31:14,28729.00,28742.25,28726.50,28739.50,259,28739.50,28739.50,0.00
2026-06-11 09:31:15,28738.75,28741.25,28733.50,28735.00,126,28735.00,28735.00,0.00
2026-06-11 09:31:16,28734.75,28739.75,28733.75,28739.25,135,28739.25,28739.25,0.00
2026-06-11 09:31:17,28739.50,28739.50,28725.75,28727.75,202,28727.75,28727.75,0.00
2026-06-11 09:31:18,28729.50,28740.50,28729.50,28739.00,145,28739.00,28739.00,0.00
2026-06-11 09:31:19,28741.50,28747.25,28739.50,28742.00,179,28742.00,28742.00,0.00
2026-06-11 09:31:20,28740.00,28746.50,28736.25,28745.00,126,28745.00,28745.00,0.00
2026-06-11 09:31:21,28744.75,28744.75,28739.75,28740.75,121,28740.75,28740.75,0.00
2026-06-11 09:31:22,28740.75,28740.75,28730.50,28731.75,145,28731.75,28731.75,0.00
2026-06-11 09:31:23,28732.50,28737.75,28729.25,28731.50,160,28731.50,28731.50,0.00
2026-06-11 09:31:24,28732.00,28732.25,28724.50,28724.75,150,28724.75,28724.75,0.00
2026-06-11 09:31:25,28724.25,28729.50,28721.75,28724.50,248,28724.50,28724.50,0.00
2026-06-11 09:31:26,28724.75,28726.00,28720.75,28724.00,383,28724.00,28724.00,0.00
2026-06-11 09:31:27,28724.00,28727.50,28722.25,28726.75,198,28726.75,28726.75,0.00
2026-06-11 09:31:28,28726.50,28730.50,28721.25,28724.75,296,28724.75,28724.75,0.00
2026-06-11 09:31:29,28725.25,28725.25,28718.50,28719.00,247,28719.00,28719.00,0.00
2026-06-11 09:31:30,28718.75,28726.25,28716.00,28717.25,432,28717.25,28717.25,0.00
2026-06-11 09:31:31,28718.25,28718.50,28707.00,28708.25,455,28708.25,28708.25,0.00
2026-06-11 09:31:32,28708.00,28719.00,28706.25,28715.00,362,28715.00,28715.00,0.00
2026-06-11 09:31:33,28715.25,28721.25,28714.25,28718.00,319,28718.00,28718.00,0.00
2026-06-11 09:31:34,28718.00,28719.25,28712.25,28713.50,228,28713.50,28713.50,0.00
2026-06-11 09:31:35,28713.00,28718.50,28713.00,28714.00,144,28714.00,28714.00,0.00
2026-06-11 09:31:36,28714.25,28716.00,28710.50,28714.75,162,28714.75,28714.75,0.00
2026-06-11 09:31:37,28715.75,28717.75,28713.25,28715.00,133,28715.00,28715.00,0.00
2026-06-11 09:31:38,28714.25,28718.50,28705.00,28707.25,351,28707.25,28707.25,0.00
2026-06-11 09:31:39,28707.75,28711.25,28705.75,28706.00,363,28706.00,28706.00,0.00
2026-06-11 09:31:40,28706.25,28706.75,28696.50,28698.25,570,28698.25,28698.25,0.00
2026-06-11 09:31:41,28697.00,28699.50,28693.25,28694.50,447,28694.50,28694.50,0.00
2026-06-11 09:31:42,28694.75,28696.25,28689.50,28690.75,558,28690.75,28690.75,0.00
2026-06-11 09:31:43,28690.50,28692.50,28687.25,28690.75,334,28690.75,28690.75,0.00
2026-06-11 09:31:44,28691.25,28692.00,28683.00,28685.00,274,28685.00,28685.00,0.00
2026-06-11 09:31:45,28684.75,28688.00,28682.25,28687.50,340,28687.50,28687.50,0.00
2026-06-11 09:31:46,28687.50,28702.50,28686.75,28702.50,557,28702.50,28702.50,0.00
2026-06-11 09:31:47,28702.00,28712.50,28699.50,28711.00,452,28711.00,28711.00,0.00
2026-06-11 09:31:48,28711.25,28719.25,28710.25,28713.75,347,28713.75,28713.75,0.00
2026-06-11 09:31:49,28713.00,28714.50,28703.50,28707.00,263,28707.00,28707.00,0.00
2026-06-11 09:31:50,28707.50,28707.50,28700.50,28701.25,136,28701.25,28701.25,0.00
2026-06-11 09:31:51,28702.25,28713.25,28701.00,28705.25,172,28705.25,28705.25,0.00
2026-06-11 09:31:52,28705.25,28708.25,28703.00,28706.75,162,28706.75,28706.75,0.00
2026-06-11 09:31:53,28706.50,28709.25,28702.75,28705.00,161,28705.00,28705.00,0.00
2026-06-11 09:31:54,28703.75,28707.75,28701.75,28702.00,166,28702.00,28702.00,0.00
2026-06-11 09:31:55,28702.25,28706.75,28700.75,28703.50,105,28703.50,28703.50,0.00
2026-06-11 09:31:56,28703.50,28707.00,28702.00,28705.75,102,28705.75,28705.75,0.00
2026-06-11 09:31:57,28706.75,28709.25,28705.25,28708.25,140,28708.25,28708.25,0.00
2026-06-11 09:31:58,28707.50,28709.50,28706.25,28707.75,66,28707.75,28707.75,0.00
2026-06-11 09:31:59,28707.25,28713.75,28707.25,28711.50,123,28711.50,28711.50,0.00
2026-06-11 09:32:00,28710.75,28717.00,28710.50,28717.00,167,28717.00,28717.00,0.00
2026-06-11 09:32:01,28716.75,28717.50,28708.75,28710.75,377,28710.75,28710.75,0.00
2026-06-11 09:32:02,28711.75,28720.75,28711.75,28713.75,277,28713.75,28713.75,0.00
2026-06-11 09:32:03,28713.50,28718.00,28712.00,28715.50,201,28715.50,28715.50,0.00
2026-06-11 09:32:04,28714.75,28721.00,28713.50,28719.00,163,28719.00,28719.00,0.00
2026-06-11 09:32:05,28719.75,28732.00,28717.75,28729.50,577,28729.50,28729.50,0.00
2026-06-11 09:32:06,28730.00,28736.00,28728.50,28732.25,401,28732.25,28732.25,0.00
2026-06-11 09:32:07,28732.00,28733.75,28724.50,28727.75,293,28727.75,28727.75,0.00
2026-06-11 09:32:08,28728.50,28730.00,28723.75,28723.75,178,28723.75,28723.75,0.00
2026-06-11 09:32:09,28723.50,28726.25,28723.00,28723.25,119,28723.25,28723.25,0.00
2026-06-11 09:32:10,28723.75,28729.75,28720.25,28729.75,190,28729.75,28729.75,0.00
2026-06-11 09:32:11,28729.50,28741.00,28726.00,28735.00,411,28735.00,28735.00,0.00
2026-06-11 09:32:12,28733.50,28736.75,28729.75,28734.50,192,28734.50,28734.50,0.00
2026-06-11 09:32:13,28733.75,28734.25,28721.75,28722.00,206,28722.00,28722.00,0.00
2026-06-11 09:32:14,28720.25,28731.25,28720.00,28731.25,234,28731.25,28731.25,0.00
2026-06-11 09:32:15,28732.00,28736.50,28731.50,28732.50,183,28732.50,28732.50,0.00
2026-06-11 09:32:16,28731.75,28735.50,28731.00,28734.25,98,28734.25,28734.25,0.00
2026-06-11 09:32:17,28734.00,28737.25,28731.25,28733.50,121,28733.50,28733.50,0.00
2026-06-11 09:32:18,28732.75,28734.00,28727.25,28730.50,190,28730.50,28730.50,0.00
2026-06-11 09:32:19,28730.75,28738.25,28729.75,28731.50,177,28731.50,28731.50,0.00
2026-06-11 09:32:20,28731.25,28731.75,28723.50,28724.00,141,28724.00,28724.00,0.00
2026-06-11 09:32:21,28724.75,28724.75,28711.75,28713.75,332,28713.75,28713.75,0.00
2026-06-11 09:32:22,28713.75,28715.00,28705.25,28705.25,304,28705.25,28705.25,0.00
2026-06-11 09:32:23,28705.75,28716.75,28705.75,28716.75,298,28716.75,28716.75,0.00
2026-06-11 09:32:24,28717.00,28730.25,28714.50,28729.00,322,28729.00,28729.00,0.00
2026-06-11 09:32:25,28728.75,28733.00,28726.25,28726.25,190,28726.25,28726.25,0.00
2026-06-11 09:32:26,28726.50,28727.50,28722.50,28723.00,138,28723.00,28723.00,0.00
2026-06-11 09:32:27,28723.00,28724.00,28719.00,28720.00,91,28720.00,28720.00,0.00
2026-06-11 09:32:28,28719.50,28730.25,28719.50,28730.25,168,28730.25,28730.25,0.00
2026-06-11 09:32:29,28730.25,28732.00,28722.50,28722.75,172,28722.75,28722.75,0.00
2026-06-11 09:32:30,28724.25,28725.75,28722.00,28725.75,66,28725.75,28725.75,0.00
2026-06-11 09:32:31,28725.00,28728.25,28721.25,28721.50,113,28721.50,28721.50,0.00
2026-06-11 09:32:32,28721.25,28723.00,28716.25,28716.75,155,28716.75,28716.75,0.00
2026-06-11 09:32:33,28716.50,28721.75,28715.25,28721.50,151,28721.50,28721.50,0.00
2026-06-11 09:32:34,28721.50,28722.00,28712.75,28717.00,209,28717.00,28717.00,0.00
2026-06-11 09:32:35,28715.25,28718.75,28713.50,28713.50,98,28713.50,28713.50,0.00
2026-06-11 09:32:36,28713.75,28715.25,28711.25,28713.75,142,28713.75,28713.75,0.00
2026-06-11 09:32:37,28714.00,28716.75,28711.50,28713.75,138,28713.75,28713.75,0.00
2026-06-11 09:32:38,28714.75,28714.75,28708.50,28711.50,151,28711.50,28711.50,0.00
2026-06-11 09:32:39,28711.50,28712.00,28703.75,28706.75,225,28706.75,28706.75,0.00
2026-06-11 09:32:40,28705.75,28708.00,28704.75,28707.00,147,28707.00,28707.00,0.00
2026-06-11 09:32:41,28707.50,28707.50,28693.50,28693.75,432,28693.75,28693.75,0.00
2026-06-11 09:32:42,28693.50,28694.25,28688.25,28688.75,397,28688.75,28688.75,0.00
2026-06-11 09:32:43,28688.50,28698.00,28686.25,28697.75,338,28697.75,28697.75,0.00
2026-06-11 09:32:44,28698.00,28698.50,28694.75,28695.75,309,28695.75,28695.75,0.00
2026-06-11 09:32:45,28695.25,28695.50,28689.75,28695.25,189,28695.25,28695.25,0.00
2026-06-11 09:32:46,28696.50,28699.25,28693.25,28697.75,174,28697.75,28697.75,0.00
2026-06-11 09:32:47,28696.50,28697.25,28686.75,28688.25,199,28688.25,28688.25,0.00
2026-06-11 09:32:48,28687.50,28692.75,28686.00,28687.75,247,28687.75,28687.75,0.00
2026-06-11 09:32:49,28686.75,28703.50,28686.50,28703.25,379,28703.25,28703.25,0.00
2026-06-11 09:32:50,28702.50,28702.75,28695.00,28695.50,137,28695.50,28695.50,0.00
2026-06-11 09:32:51,28695.25,28695.25,28687.50,28688.25,150,28688.25,28688.25,0.00
2026-06-11 09:32:52,28688.25,28688.25,28680.75,28683.50,300,28683.50,28683.50,0.00
2026-06-11 09:32:53,28683.50,28693.00,28683.25,28690.75,259,28690.75,28690.75,0.00
2026-06-11 09:32:54,28692.25,28695.25,28689.75,28695.25,199,28695.25,28695.25,0.00
2026-06-11 09:32:55,28695.50,28699.50,28694.25,28694.25,226,28694.25,28694.25,0.00
2026-06-11 09:32:56,28693.50,28698.75,28693.50,28696.00,145,28696.00,28696.00,0.00
2026-06-11 09:32:57,28695.25,28696.25,28687.75,28690.75,210,28690.75,28690.75,0.00
2026-06-11 09:32:58,28691.00,28696.50,28690.00,28690.00,111,28690.00,28690.00,0.00
2026-06-11 09:32:59,28690.00,28700.00,28689.50,28698.50,225,28698.50,28698.50,0.00
2026-06-11 09:33:00,28699.25,28701.00,28696.25,28698.50,120,28698.50,28698.50,0.00
2026-06-11 09:33:01,28697.50,28705.25,28696.50,28700.50,310,28700.50,28700.50,0.00
2026-06-11 09:33:02,28700.75,28709.25,28697.00,28707.75,316,28707.75,28707.75,0.00
2026-06-11 09:33:03,28707.25,28722.75,28707.25,28720.00,497,28720.00,28720.00,0.00
2026-06-11 09:33:04,28720.25,28724.50,28718.50,28722.25,313,28722.25,28722.25,0.00
2026-06-11 09:33:05,28722.50,28722.50,28714.50,28714.50,379,28714.50,28714.50,0.00
2026-06-11 09:33:06,28715.00,28718.50,28711.50,28711.50,148,28711.50,28711.50,0.00
2026-06-11 09:33:07,28712.00,28714.50,28710.00,28710.75,171,28710.75,28710.75,0.00
2026-06-11 09:33:08,28710.50,28717.25,28710.25,28713.50,149,28713.50,28713.50,0.00
2026-06-11 09:33:09,28715.50,28721.75,28715.50,28719.50,206,28719.50,28719.50,0.00
2026-06-11 09:33:10,28719.50,28720.50,28715.75,28719.00,176,28719.00,28719.00,0.00
2026-06-11 09:33:11,28719.00,28722.50,28715.75,28718.75,156,28718.75,28718.75,0.00
2026-06-11 09:33:12,28717.75,28720.75,28715.25,28716.25,194,28716.25,28716.25,0.00
2026-06-11 09:33:13,28715.75,28722.75,28714.50,28719.75,188,28719.75,28719.75,0.00
2026-06-11 09:33:14,28719.00,28719.75,28714.75,28717.50,137,28717.50,28717.50,0.00
2026-06-11 09:33:15,28717.75,28719.50,28715.50,28717.75,124,28717.75,28717.75,0.00
2026-06-11 09:33:16,28716.00,28717.00,28705.25,28707.00,324,28707.00,28707.00,0.00
2026-06-11 09:33:17,28706.25,28706.75,28699.75,28700.75,347,28700.75,28700.75,0.00
2026-06-11 09:33:18,28701.00,28706.50,28697.25,28706.50,237,28706.50,28706.50,0.00
2026-06-11 09:33:19,28705.25,28708.50,28702.50,28708.00,143,28708.00,28708.00,0.00
2026-06-11 09:33:20,28708.25,28708.75,28704.25,28705.00,105,28705.00,28705.00,0.00
2026-06-11 09:33:21,28704.75,28704.75,28697.25,28698.00,158,28698.00,28698.00,0.00
2026-06-11 09:33:22,28697.75,28711.50,28692.25,28708.75,289,28708.75,28708.75,0.00
2026-06-11 09:33:23,28709.50,28711.00,28705.25,28706.00,160,28706.00,28706.00,0.00
2026-06-11 09:33:24,28706.75,28715.25,28706.50,28713.50,151,28713.50,28713.50,0.00
2026-06-11 09:33:25,28713.50,28719.50,28713.25,28718.50,171,28718.50,28718.50,0.00
2026-06-11 09:33:26,28718.00,28718.25,28710.50,28710.75,103,28710.75,28710.75,0.00
2026-06-11 09:33:27,28711.25,28715.50,28709.75,28714.75,117,28714.75,28714.75,0.00
2026-06-11 09:33:28,28713.50,28715.00,28711.25,28713.75,86,28713.75,28713.75,0.00
2026-06-11 09:33:29,28713.50,28724.50,28713.00,28724.25,203,28724.25,28724.25,0.00
2026-06-11 09:33:30,28722.75,28732.25,28722.25,28731.75,303,28731.75,28731.75,0.00
2026-06-11 09:33:31,28731.50,28734.50,28728.50,28732.50,291,28732.50,28732.50,0.00
2026-06-11 09:33:32,28731.50,28733.50,28725.25,28725.25,249,28725.25,28725.25,0.00
2026-06-11 09:33:33,28725.50,28726.25,28717.75,28719.00,259,28719.00,28719.00,0.00
2026-06-11 09:33:34,28718.75,28722.25,28715.75,28716.25,218,28716.25,28716.25,0.00
2026-06-11 09:33:35,28716.50,28720.25,28715.00,28720.25,181,28720.25,28720.25,0.00
2026-06-11 09:33:36,28719.50,28720.00,28706.25,28707.25,302,28707.25,28707.25,0.00
2026-06-11 09:33:37,28708.00,28717.75,28708.00,28716.75,129,28716.75,28716.75,0.00
2026-06-11 09:33:38,28714.75,28716.25,28713.00,28714.25,82,28714.25,28714.25,0.00
2026-06-11 09:33:39,28713.00,28716.50,28711.25,28714.00,94,28714.00,28714.00,0.00
2026-06-11 09:33:40,28713.00,28717.25,28712.50,28716.50,144,28716.50,28716.50,0.00
2026-06-11 09:33:41,28716.75,28719.75,28716.00,28717.50,72,28717.50,28717.50,0.00
2026-06-11 09:33:42,28718.00,28719.75,28715.75,28717.00,138,28717.00,28717.00,0.00
2026-06-11 09:33:43,28716.75,28719.50,28716.25,28717.50,97,28717.50,28717.50,0.00
2026-06-11 09:33:44,28716.75,28717.50,28713.25,28713.25,149,28713.25,28713.25,0.00
2026-06-11 09:33:45,28713.75,28714.00,28702.00,28702.50,224,28702.50,28702.50,0.00
2026-06-11 09:33:46,28702.75,28702.75,28698.75,28699.50,219,28699.50,28699.50,0.00
2026-06-11 09:33:47,28699.75,28710.25,28699.50,28709.00,226,28709.00,28709.00,0.00
2026-06-11 09:33:48,28709.25,28709.75,28706.75,28708.25,148,28708.25,28708.25,0.00
2026-06-11 09:33:49,28707.25,28711.00,28707.25,28709.75,129,28709.75,28709.75,0.00
2026-06-11 09:33:50,28708.25,28708.75,28706.25,28707.75,114,28707.75,28707.75,0.00
2026-06-11 09:33:51,28707.75,28717.75,28707.75,28714.75,220,28714.75,28714.75,0.00
2026-06-11 09:33:52,28715.00,28719.00,28713.25,28715.00,107,28715.00,28715.00,0.00
2026-06-11 09:33:53,28715.50,28715.75,28710.50,28710.75,97,28710.75,28710.75,0.00
2026-06-11 09:33:54,28710.50,28714.25,28709.50,28712.00,139,28712.00,28712.00,0.00
2026-06-11 09:33:55,28712.00,28718.00,28708.75,28713.75,411,28713.75,28713.75,0.00
2026-06-11 09:33:56,28713.75,28713.75,28707.75,28709.50,70,28709.50,28709.50,0.00
2026-06-11 09:33:57,28709.75,28710.25,28707.00,28709.00,90,28709.00,28709.00,0.00
2026-06-11 09:33:58,28708.00,28715.75,28707.00,28715.75,152,28715.75,28715.75,0.00
2026-06-11 09:33:59,28715.00,28718.25,28707.00,28708.75,283,28708.75,28708.75,0.00
2026-06-11 09:34:00,28707.75,28712.50,28707.75,28712.25,66,28712.25,28712.25,0.00
2026-06-11 09:34:01,28713.00,28715.25,28705.25,28707.50,199,28707.50,28707.50,0.00
2026-06-11 09:34:02,28708.00,28709.75,28704.50,28705.25,99,28705.25,28705.25,0.00
2026-06-11 09:34:03,28706.50,28710.00,28706.25,28708.75,46,28708.75,28708.75,0.00
2026-06-11 09:34:04,28708.75,28710.25,28707.50,28708.25,72,28708.25,28708.25,0.00
2026-06-11 09:34:05,28708.50,28708.50,28703.75,28708.25,109,28708.25,28708.25,0.00
2026-06-11 09:34:06,28707.50,28707.50,28701.25,28702.50,164,28702.50,28702.50,0.00
2026-06-11 09:34:07,28702.25,28702.25,28698.50,28699.75,157,28699.75,28699.75,0.00
2026-06-11 09:34:08,28700.00,28704.25,28699.50,28700.50,123,28700.50,28700.50,0.00
2026-06-11 09:34:09,28700.75,28700.75,28697.75,28698.75,123,28698.75,28698.75,0.00
2026-06-11 09:34:10,28698.25,28700.75,28690.50,28690.50,395,28690.50,28690.50,0.00
2026-06-11 09:34:11,28691.25,28692.75,28686.50,28687.50,378,28687.50,28687.50,0.00
2026-06-11 09:34:12,28687.00,28693.50,28686.00,28693.50,297,28693.50,28693.50,0.00
2026-06-11 09:34:13,28694.00,28694.25,28687.25,28690.00,222,28690.00,28690.00,0.00
2026-06-11 09:34:14,28690.50,28692.00,28688.25,28689.00,138,28689.00,28689.00,0.00
2026-06-11 09:34:15,28688.75,28694.25,28688.25,28694.25,163,28694.25,28694.25,0.00
2026-06-11 09:34:16,28694.25,28700.00,28694.25,28698.25,208,28698.25,28698.25,0.00
2026-06-11 09:34:17,28698.50,28701.25,28694.00,28700.00,190,28700.00,28700.00,0.00
2026-06-11 09:34:18,28699.00,28700.25,28696.00,28696.25,110,28696.25,28696.25,0.00
2026-06-11 09:34:19,28695.50,28697.75,28689.75,28692.75,220,28692.75,28692.75,0.00
2026-06-11 09:34:20,28693.00,28693.00,28683.25,28683.75,191,28683.75,28683.75,0.00
2026-06-11 09:34:21,28684.00,28686.50,28681.25,28682.75,263,28682.75,28682.75,0.00
2026-06-11 09:34:22,28682.75,28683.00,28677.75,28679.00,475,28679.00,28679.00,0.00
2026-06-11 09:34:23,28679.25,28680.25,28676.75,28679.25,350,28679.25,28679.25,0.00
2026-06-11 09:34:24,28679.50,28680.25,28673.50,28679.75,351,28679.75,28679.75,0.00
2026-06-11 09:34:25,28679.50,28688.00,28677.25,28688.00,346,28688.00,28688.00,0.00
2026-06-11 09:34:26,28687.50,28687.50,28676.50,28678.00,288,28678.00,28678.00,0.00
2026-06-11 09:34:27,28678.25,28683.00,28672.50,28673.50,288,28673.50,28673.50,0.00
2026-06-11 09:34:28,28673.50,28675.50,28673.00,28673.75,258,28673.75,28673.75,0.00
2026-06-11 09:34:29,28674.25,28677.75,28671.75,28673.00,227,28673.00,28673.00,0.00
2026-06-11 09:34:30,28673.25,28675.25,28671.00,28673.25,254,28673.25,28673.25,0.00
2026-06-11 09:34:31,28673.75,28677.50,28672.75,28676.00,157,28676.00,28676.00,0.00
2026-06-11 09:34:32,28675.75,28677.00,28672.00,28675.25,193,28675.25,28675.25,0.00
2026-06-11 09:34:33,28676.25,28687.50,28674.50,28687.50,355,28687.50,28687.50,0.00
2026-06-11 09:34:34,28687.75,28692.50,28685.25,28690.00,428,28690.00,28690.00,0.00
2026-06-11 09:34:35,28690.00,28692.25,28685.25,28686.50,225,28686.50,28686.50,0.00
2026-06-11 09:34:36,28686.50,28686.75,28681.25,28683.50,238,28683.50,28683.50,0.00
2026-06-11 09:34:37,28684.75,28687.25,28682.25,28685.25,152,28685.25,28685.25,0.00
2026-06-11 09:34:38,28685.50,28685.50,28676.50,28676.50,106,28676.50,28676.50,0.00
2026-06-11 09:34:39,28676.75,28685.00,28675.00,28684.25,230,28684.25,28684.25,0.00
2026-06-11 09:34:40,28684.75,28684.75,28681.50,28683.75,153,28683.75,28683.75,0.00
2026-06-11 09:34:41,28683.50,28691.50,28681.25,28691.00,188,28691.00,28691.00,0.00
2026-06-11 09:34:42,28691.50,28699.25,28689.00,28699.25,447,28699.25,28699.25,0.00
2026-06-11 09:34:43,28699.25,28705.25,28698.25,28703.50,366,28703.50,28703.50,0.00
2026-06-11 09:34:44,28704.00,28707.75,28703.25,28706.00,358,28706.00,28706.00,0.00
2026-06-11 09:34:45,28705.25,28706.75,28695.75,28699.25,227,28699.25,28699.25,0.00
2026-06-11 09:34:46,28698.75,28702.25,28696.75,28702.25,87,28702.25,28702.25,0.00
2026-06-11 09:34:47,28701.75,28703.75,28699.00,28701.25,87,28701.25,28701.25,0.00
2026-06-11 09:34:48,28699.50,28709.50,28699.50,28708.00,190,28708.00,28708.00,0.00
2026-06-11 09:34:49,28706.75,28708.25,28700.25,28700.25,179,28700.25,28700.25,0.00
2026-06-11 09:34:50,28700.00,28701.00,28694.00,28695.00,147,28695.00,28695.00,0.00
2026-06-11 09:34:51,28694.25,28697.00,28692.00,28695.25,153,28695.25,28695.25,0.00
2026-06-11 09:34:52,28695.25,28697.50,28694.00,28697.25,87,28697.25,28697.25,0.00
2026-06-11 09:34:53,28697.00,28706.75,28697.00,28703.50,159,28703.50,28703.50,0.00
2026-06-11 09:34:54,28703.50,28703.50,28695.75,28697.00,180,28697.00,28697.00,0.00
2026-06-11 09:34:55,28697.50,28698.50,28693.50,28694.75,89,28694.75,28694.75,0.00
2026-06-11 09:34:56,28694.25,28694.25,28688.25,28689.75,102,28689.75,28689.75,0.00
2026-06-11 09:34:57,28690.00,28694.75,28690.00,28693.75,126,28693.75,28693.75,0.00
2026-06-11 09:34:58,28692.00,28692.00,28686.00,28688.50,155,28688.50,28688.50,0.00
2026-06-11 09:34:59,28688.25,28689.50,28685.25,28687.25,177,28687.25,28687.25,0.00
2026-06-11 09:35:00,28686.75,28689.25,28685.75,28686.50,153,28686.50,28686.50,0.00
2026-06-11 09:35:01,28687.25,28687.75,28671.50,28675.00,638,28675.00,28675.00,0.00
2026-06-11 09:35:02,28674.25,28685.50,28674.25,28682.00,489,28682.00,28682.00,0.00
2026-06-11 09:35:03,28681.50,28688.25,28679.00,28685.00,261,28685.00,28685.00,0.00
2026-06-11 09:35:04,28685.50,28692.50,28685.25,28689.75,217,28689.75,28689.75,0.00
2026-06-11 09:35:05,28689.50,28694.75,28688.75,28694.00,253,28694.00,28694.00,0.00
2026-06-11 09:35:06,28694.25,28699.75,28692.50,28698.00,240,28698.00,28698.00,0.00
2026-06-11 09:35:07,28697.50,28699.75,28691.50,28691.75,162,28691.75,28691.75,0.00
2026-06-11 09:35:08,28691.50,28694.25,28689.25,28693.00,158,28693.00,28693.00,0.00
2026-06-11 09:35:09,28693.75,28695.00,28690.25,28693.50,92,28693.50,28693.50,0.00
2026-06-11 09:35:10,28693.50,28700.75,28691.75,28693.25,150,28693.25,28693.25,0.00
2026-06-11 09:35:11,28693.50,28700.00,28693.50,28700.00,164,28700.00,28700.00,0.00
2026-06-11 09:35:12,28700.00,28706.00,28698.25,28703.75,342,28703.75,28703.75,0.00
2026-06-11 09:35:13,28704.25,28706.75,28701.75,28706.50,135,28706.50,28706.50,0.00
2026-06-11 09:35:14,28707.25,28712.75,28706.75,28711.25,358,28711.25,28711.25,0.00
2026-06-11 09:35:15,28711.50,28713.50,28708.50,28712.25,298,28712.25,28712.25,0.00
2026-06-11 09:35:16,28711.75,28712.50,28701.25,28702.50,266,28702.50,28702.50,0.00
2026-06-11 09:35:17,28701.00,28703.25,28694.75,28697.00,310,28697.00,28697.00,0.00
2026-06-11 09:35:18,28696.50,28697.50,28690.50,28693.25,190,28693.25,28693.25,0.00
2026-06-11 09:35:19,28692.50,28692.75,28686.75,28689.75,181,28689.75,28689.75,0.00
2026-06-11 09:35:20,28690.50,28698.75,28690.50,28698.25,210,28698.25,28698.25,0.00
2026-06-11 09:35:21,28699.50,28700.25,28693.75,28694.25,144,28694.25,28694.25,0.00
2026-06-11 09:35:22,28694.00,28696.75,28691.25,28695.25,130,28695.25,28695.25,0.00
2026-06-11 09:35:23,28695.75,28697.75,28694.25,28695.75,137,28695.75,28695.75,0.00
2026-06-11 09:35:24,28696.75,28702.00,28695.75,28698.25,169,28698.25,28698.25,0.00
2026-06-11 09:35:25,28699.00,28707.75,28696.00,28707.25,231,28707.25,28707.25,0.00
2026-06-11 09:35:26,28707.75,28708.75,28701.25,28701.75,202,28701.75,28701.75,0.00
2026-06-11 09:35:27,28702.00,28709.75,28702.00,28708.00,212,28708.00,28708.00,0.00
2026-06-11 09:35:28,28707.75,28707.75,28699.50,28700.00,139,28700.00,28700.00,0.00
2026-06-11 09:35:29,28700.25,28704.75,28699.00,28704.75,127,28704.75,28704.75,0.00
2026-06-11 09:35:30,28705.00,28715.00,28705.00,28713.50,343,28713.50,28713.50,0.00
2026-06-11 09:35:31,28713.25,28715.00,28710.75,28711.50,227,28711.50,28711.50,0.00
2026-06-11 09:35:32,28710.25,28716.75,28708.75,28716.00,255,28716.00,28716.00,0.00
2026-06-11 09:35:33,28716.75,28717.25,28712.00,28716.25,270,28716.25,28716.25,0.00
2026-06-11 09:35:34,28715.75,28717.00,28710.50,28711.00,222,28711.00,28711.00,0.00
2026-06-11 09:35:35,28710.25,28712.00,28706.75,28706.75,200,28706.75,28706.75,0.00
2026-06-11 09:35:36,28706.75,28710.00,28699.50,28700.50,337,28700.50,28700.50,0.00
2026-06-11 09:35:37,28699.25,28703.75,28698.75,28703.00,177,28703.00,28703.00,0.00
2026-06-11 09:35:38,28704.00,28704.50,28694.75,28695.00,204,28695.00,28695.00,0.00
2026-06-11 09:35:39,28695.75,28704.50,28694.25,28704.00,139,28704.00,28704.00,0.00
2026-06-11 09:35:40,28704.50,28704.75,28698.25,28698.25,88,28698.25,28698.25,0.00
2026-06-11 09:35:41,28697.75,28697.75,28691.50,28694.25,196,28694.25,28694.25,0.00
2026-06-11 09:35:42,28694.00,28694.50,28689.75,28692.50,259,28692.50,28692.50,0.00
2026-06-11 09:35:43,28692.25,28701.50,28690.25,28700.50,377,28700.50,28700.50,0.00
2026-06-11 09:35:44,28701.25,28702.75,28698.25,28700.25,149,28700.25,28700.25,0.00
2026-06-11 09:35:45,28698.75,28698.75,28692.75,28693.50,217,28693.50,28693.50,0.00
2026-06-11 09:35:46,28693.25,28694.50,28689.00,28694.00,123,28694.00,28694.00,0.00
2026-06-11 09:35:47,28695.00,28699.25,28694.25,28697.25,142,28697.25,28697.25,0.00
2026-06-11 09:35:48,28697.50,28704.00,28696.25,28702.00,318,28702.00,28702.00,0.00
2026-06-11 09:35:49,28701.25,28702.75,28699.50,28701.25,175,28701.25,28701.25,0.00
2026-06-11 09:35:50,28701.75,28704.00,28699.75,28701.50,176,28701.50,28701.50,0.00
2026-06-11 09:35:51,28701.25,28703.75,28700.25,28702.25,162,28702.25,28702.25,0.00
2026-06-11 09:35:52,28702.50,28703.75,28699.00,28700.25,168,28700.25,28700.25,0.00
2026-06-11 09:35:53,28700.25,28702.50,28699.00,28700.75,118,28700.75,28700.75,0.00
2026-06-11 09:35:54,28700.75,28705.75,28700.25,28703.75,185,28703.75,28703.75,0.00
2026-06-11 09:35:55,28704.25,28704.25,28698.75,28702.25,124,28702.25,28702.25,0.00
2026-06-11 09:35:56,28702.00,28702.00,28696.00,28702.00,149,28702.00,28702.00,0.00
2026-06-11 09:35:57,28701.75,28709.75,28701.00,28709.50,234,28709.50,28709.50,0.00
2026-06-11 09:35:58,28708.75,28712.75,28708.75,28710.50,239,28710.50,28710.50,0.00
2026-06-11 09:35:59,28711.00,28712.25,28708.00,28712.00,102,28712.00,28712.00,0.00
2026-06-11 09:36:00,28711.25,28712.75,28710.00,28712.75,186,28712.75,28712.75,0.00
2026-06-11 09:36:01,28712.25,28723.75,28712.25,28721.75,666,28721.75,28721.75,0.00
2026-06-11 09:36:02,28721.50,28723.50,28712.75,28712.75,381,28712.75,28712.75,0.00
2026-06-11 09:36:03,28712.50,28718.25,28712.50,28718.25,196,28718.25,28718.25,0.00
2026-06-11 09:36:04,28718.25,28720.75,28716.75,28717.25,210,28717.25,28717.25,0.00
2026-06-11 09:36:05,28716.75,28717.00,28711.25,28711.75,204,28711.75,28711.75,0.00
2026-06-11 09:36:06,28711.75,28718.50,28709.75,28717.00,304,28717.00,28717.00,0.00
2026-06-11 09:36:07,28717.00,28721.25,28716.75,28719.00,139,28719.00,28719.00,0.00
2026-06-11 09:36:08,28718.75,28720.50,28715.00,28720.00,223,28720.00,28720.00,0.00
2026-06-11 09:36:09,28720.25,28720.25,28714.50,28717.75,151,28717.75,28717.75,0.00
2026-06-11 09:36:10,28717.25,28719.50,28715.50,28719.25,243,28719.25,28719.25,0.00
2026-06-11 09:36:11,28719.25,28724.75,28719.25,28721.75,227,28721.75,28721.75,0.00
2026-06-11 09:36:12,28722.25,28726.00,28714.75,28717.00,410,28717.00,28717.00,0.00
2026-06-11 09:36:13,28717.75,28717.75,28713.25,28714.75,209,28714.75,28714.75,0.00
2026-06-11 09:36:14,28714.50,28725.75,28714.00,28725.25,191,28725.25,28725.25,0.00
2026-06-11 09:36:15,28726.00,28728.50,28722.75,28723.25,324,28723.25,28723.25,0.00
2026-06-11 09:36:16,28723.25,28725.50,28719.00,28722.50,184,28722.50,28722.50,0.00
2026-06-11 09:36:17,28723.25,28733.75,28722.50,28730.75,559,28730.75,28730.75,0.00
2026-06-11 09:36:18,28730.50,28738.00,28729.00,28738.00,496,28738.00,28738.00,0.00
2026-06-11 09:36:19,28737.00,28747.75,28735.75,28743.25,734,28743.25,28743.25,0.00
2026-06-11 09:36:20,28743.00,28743.75,28737.50,28742.00,332,28742.00,28742.00,0.00
2026-06-11 09:36:21,28742.25,28749.00,28741.00,28744.50,363,28744.50,28744.50,0.00
2026-06-11 09:36:22,28745.00,28750.50,28742.00,28748.75,265,28748.75,28748.75,0.00
2026-06-11 09:36:23,28749.00,28749.25,28742.00,28742.50,396,28742.50,28742.50,0.00
2026-06-11 09:36:24,28742.25,28744.25,28737.50,28739.00,308,28739.00,28739.00,0.00
2026-06-11 09:36:25,28738.75,28740.75,28734.25,28736.75,461,28736.75,28736.75,0.00
2026-06-11 09:36:26,28737.25,28737.50,28730.75,28733.00,433,28733.00,28733.00,0.00
2026-06-11 09:36:27,28732.50,28735.50,28732.00,28734.25,161,28734.25,28734.25,0.00
2026-06-11 09:36:28,28734.25,28734.25,28726.00,28726.00,275,28726.00,28726.00,0.00
2026-06-11 09:36:29,28726.00,28737.00,28725.00,28736.75,256,28736.75,28736.75,0.00
2026-06-11 09:36:30,28735.75,28742.25,28735.50,28740.50,243,28740.50,28740.50,0.00
2026-06-11 09:36:31,28741.00,28743.50,28737.00,28737.50,250,28737.50,28737.50,0.00
2026-06-11 09:36:32,28737.75,28742.25,28736.25,28740.50,209,28740.50,28740.50,0.00
2026-06-11 09:36:33,28740.25,28745.00,28739.25,28744.00,162,28744.00,28744.00,0.00
2026-06-11 09:36:34,28745.25,28752.75,28745.25,28751.50,462,28751.50,28751.50,0.00
2026-06-11 09:36:35,28751.00,28754.00,28748.50,28752.00,441,28752.00,28752.00,0.00
2026-06-11 09:36:36,28751.75,28757.25,28750.75,28751.00,456,28751.00,28751.00,0.00
2026-06-11 09:36:37,28750.50,28752.00,28745.50,28752.00,293,28752.00,28752.00,0.00
2026-06-11 09:36:38,28752.25,28766.50,28751.50,28766.50,563,28766.50,28766.50,0.00
2026-06-11 09:36:39,28765.75,28777.25,28765.25,28773.50,542,28773.50,28773.50,0.00
2026-06-11 09:36:40,28772.75,28776.00,28768.50,28772.75,393,28772.75,28772.75,0.00
2026-06-11 09:36:41,28773.50,28783.00,28772.00,28780.50,422,28780.50,28780.50,0.00
2026-06-11 09:36:42,28780.25,28783.50,28777.75,28780.50,390,28780.50,28780.50,0.00
2026-06-11 09:36:43,28779.50,28782.75,28778.25,28778.50,311,28778.50,28778.50,0.00
2026-06-11 09:36:44,28778.50,28778.75,28769.50,28770.25,421,28770.25,28770.25,0.00
2026-06-11 09:36:45,28770.50,28773.00,28766.50,28770.25,433,28770.25,28770.25,0.00
2026-06-11 09:36:46,28770.75,28775.75,28769.50,28772.00,238,28772.00,28772.00,0.00
2026-06-11 09:36:47,28772.25,28773.75,28767.50,28773.50,231,28773.50,28773.50,0.00
2026-06-11 09:36:48,28774.00,28775.25,28769.50,28769.75,133,28769.75,28769.75,0.00
2026-06-11 09:36:49,28769.50,28771.75,28768.75,28769.25,124,28769.25,28769.25,0.00
2026-06-11 09:36:50,28769.25,28769.25,28755.00,28758.25,404,28758.25,28758.25,0.00
2026-06-11 09:36:51,28757.75,28761.75,28755.00,28756.00,238,28756.00,28756.00,0.00
2026-06-11 09:36:52,28755.50,28762.50,28755.00,28761.50,248,28761.50,28761.50,0.00
2026-06-11 09:36:53,28761.25,28766.75,28758.00,28765.50,215,28765.50,28765.50,0.00
2026-06-11 09:36:54,28765.00,28766.00,28759.75,28759.75,155,28759.75,28759.75,0.00
2026-06-11 09:36:55,28760.50,28764.00,28759.00,28763.50,189,28763.50,28763.50,0.00
2026-06-11 09:36:56,28763.25,28764.25,28760.00,28764.25,316,28764.25,28764.25,0.00
2026-06-11 09:36:57,28764.25,28766.25,28758.00,28760.00,203,28760.00,28760.00,0.00
2026-06-11 09:36:58,28760.00,28762.75,28759.75,28762.50,112,28762.50,28762.50,0.00
2026-06-11 09:36:59,28762.00,28763.00,28760.50,28761.00,90,28761.00,28761.00,0.00
2026-06-11 09:37:00,28760.75,28765.75,28759.75,28763.75,213,28763.75,28763.75,0.00
2026-06-11 09:37:01,28764.25,28765.50,28757.75,28757.75,210,28757.75,28757.75,0.00
2026-06-11 09:37:02,28759.00,28764.25,28756.25,28762.25,250,28762.25,28762.25,0.00
2026-06-11 09:37:03,28762.50,28765.50,28761.75,28765.50,166,28765.50,28765.50,0.00
2026-06-11 09:37:04,28766.00,28768.00,28761.25,28764.00,254,28764.00,28764.00,0.00
2026-06-11 09:37:05,28764.00,28769.50,28764.00,28769.50,237,28769.50,28769.50,0.00
2026-06-11 09:37:06,28769.50,28770.75,28760.25,28764.00,252,28764.00,28764.00,0.00
2026-06-11 09:37:07,28764.00,28766.00,28760.25,28762.25,186,28762.25,28762.25,0.00
2026-06-11 09:37:08,28762.50,28762.50,28756.00,28758.00,283,28758.00,28758.00,0.00
2026-06-11 09:37:09,28757.75,28759.00,28752.50,28756.75,348,28756.75,28756.75,0.00
2026-06-11 09:37:10,28757.00,28759.50,28744.50,28746.50,419,28746.50,28746.50,0.00
2026-06-11 09:37:11,28746.75,28749.75,28742.75,28745.25,474,28745.25,28745.25,0.00
2026-06-11 09:37:12,28745.25,28756.75,28745.00,28755.00,631,28755.00,28755.00,0.00
2026-06-11 09:37:13,28755.00,28758.25,28753.25,28757.25,243,28757.25,28757.25,0.00
2026-06-11 09:37:14,28756.75,28756.75,28751.25,28752.50,167,28752.50,28752.50,0.00
2026-06-11 09:37:15,28752.50,28756.00,28752.25,28753.25,188,28753.25,28753.25,0.00
2026-06-11 09:37:16,28753.50,28753.50,28750.25,28751.75,251,28751.75,28751.75,0.00
2026-06-11 09:37:17,28751.75,28754.75,28749.00,28753.75,257,28753.75,28753.75,0.00
2026-06-11 09:37:18,28754.25,28755.50,28742.75,28745.00,349,28745.00,28745.00,0.00
2026-06-11 09:37:19,28745.00,28748.00,28742.75,28746.50,232,28746.50,28746.50,0.00
2026-06-11 09:37:20,28746.75,28757.75,28746.50,28756.50,272,28756.50,28756.50,0.00
2026-06-11 09:37:21,28757.00,28757.50,28749.25,28749.25,301,28749.25,28749.25,0.00
2026-06-11 09:37:22,28749.25,28751.25,28746.50,28749.00,236,28749.00,28749.00,0.00
2026-06-11 09:37:23,28750.75,28757.25,28750.00,28753.50,248,28753.50,28753.50,0.00
2026-06-11 09:37:24,28753.25,28756.00,28750.75,28754.00,178,28754.00,28754.00,0.00
2026-06-11 09:37:25,28755.25,28756.50,28745.50,28747.75,223,28747.75,28747.75,0.00
2026-06-11 09:37:26,28748.25,28750.50,28746.75,28748.00,200,28748.00,28748.00,0.00
2026-06-11 09:37:27,28748.00,28752.25,28746.75,28749.50,288,28749.50,28749.50,0.00
2026-06-11 09:37:28,28749.50,28756.25,28749.00,28754.00,213,28754.00,28754.00,0.00
2026-06-11 09:37:29,28753.75,28756.75,28748.50,28749.75,267,28749.75,28749.75,0.00
2026-06-11 09:37:30,28749.75,28755.00,28749.75,28754.00,113,28754.00,28754.00,0.00
2026-06-11 09:37:31,28753.75,28753.75,28743.00,28746.75,294,28746.75,28746.75,0.00
2026-06-11 09:37:32,28747.00,28751.00,28746.00,28747.50,266,28747.50,28747.50,0.00
2026-06-11 09:37:33,28748.00,28750.25,28745.50,28750.25,188,28750.25,28750.25,0.00
2026-06-11 09:37:34,28751.25,28759.00,28751.25,28758.25,212,28758.25,28758.25,0.00
2026-06-11 09:37:35,28758.75,28759.75,28749.00,28749.75,236,28749.75,28749.75,0.00
2026-06-11 09:37:36,28750.25,28751.50,28746.50,28751.50,203,28751.50,28751.50,0.00
2026-06-11 09:37:37,28750.75,28752.00,28745.50,28749.25,168,28749.25,28749.25,0.00
2026-06-11 09:37:38,28749.00,28754.75,28748.75,28754.25,119,28754.25,28754.25,0.00
2026-06-11 09:37:39,28753.25,28759.00,28752.25,28758.75,140,28758.75,28758.75,0.00
2026-06-11 09:37:40,28757.75,28759.75,28756.50,28759.50,106,28759.50,28759.50,0.00
2026-06-11 09:37:41,28759.75,28761.25,28757.50,28760.75,119,28760.75,28760.75,0.00
2026-06-11 09:37:42,28761.25,28774.75,28761.25,28774.25,501,28774.25,28774.25,0.00
2026-06-11 09:37:43,28773.75,28774.25,28767.75,28771.00,349,28771.00,28771.00,0.00
2026-06-11 09:37:44,28770.25,28778.00,28770.00,28777.25,349,28777.25,28777.25,0.00
2026-06-11 09:37:45,28776.50,28776.50,28772.00,28775.00,292,28775.00,28775.00,0.00
2026-06-11 09:37:46,28774.75,28774.75,28769.00,28772.75,239,28772.75,28772.75,0.00
2026-06-11 09:37:47,28771.75,28772.50,28760.75,28764.25,249,28764.25,28764.25,0.00
2026-06-11 09:37:48,28764.75,28764.75,28759.50,28762.00,298,28762.00,28762.00,0.00
2026-06-11 09:37:49,28761.50,28761.50,28757.50,28760.50,166,28760.50,28760.50,0.00
2026-06-11 09:37:50,28759.25,28761.75,28753.75,28755.50,210,28755.50,28755.50,0.00
2026-06-11 09:37:51,28755.00,28764.00,28754.50,28763.50,175,28763.50,28763.50,0.00
2026-06-11 09:37:52,28764.00,28765.50,28758.25,28763.00,193,28763.00,28763.00,0.00
2026-06-11 09:37:53,28764.00,28764.25,28758.75,28760.00,170,28760.00,28760.00,0.00
2026-06-11 09:37:54,28760.00,28777.50,28760.00,28777.00,366,28777.00,28777.00,0.00
2026-06-11 09:37:55,28776.75,28779.50,28774.75,28777.50,280,28777.50,28777.50,0.00
2026-06-11 09:37:56,28777.75,28779.00,28773.50,28774.75,241,28774.75,28774.75,0.00
2026-06-11 09:37:57,28774.50,28776.75,28772.25,28772.25,199,28772.25,28772.25,0.00
2026-06-11 09:37:58,28772.00,28774.50,28770.00,28773.00,125,28773.00,28773.00,0.00
2026-06-11 09:37:59,28773.25,28776.50,28772.25,28776.50,127,28776.50,28776.50,0.00
2026-06-11 09:38:00,28776.25,28776.25,28770.00,28772.25,196,28772.25,28772.25,0.00
2026-06-11 09:38:01,28772.00,28772.50,28765.00,28766.50,211,28766.50,28766.50,0.00
2026-06-11 09:38:02,28766.50,28767.75,28763.75,28767.00,187,28767.00,28767.00,0.00
2026-06-11 09:38:03,28766.75,28770.50,28763.25,28770.50,176,28770.50,28770.50,0.00
2026-06-11 09:38:04,28769.75,28771.50,28765.25,28766.25,164,28766.25,28766.25,0.00
2026-06-11 09:38:05,28766.25,28767.50,28759.25,28762.50,216,28762.50,28762.50,0.00
2026-06-11 09:38:06,28762.00,28766.50,28760.75,28762.50,174,28762.50,28762.50,0.00
2026-06-11 09:38:07,28762.25,28763.00,28758.50,28760.00,145,28760.00,28760.00,0.00
2026-06-11 09:38:08,28758.75,28758.75,28745.75,28749.00,568,28749.00,28749.00,0.00
2026-06-11 09:38:09,28748.75,28760.00,28748.50,28757.25,278,28757.25,28757.25,0.00
2026-06-11 09:38:10,28757.50,28759.25,28754.00,28755.25,180,28755.25,28755.25,0.00
2026-06-11 09:38:11,28755.00,28755.50,28748.75,28753.25,262,28753.25,28753.25,0.00
2026-06-11 09:38:12,28752.50,28756.75,28751.00,28752.50,238,28752.50,28752.50,0.00
2026-06-11 09:38:13,28751.50,28754.50,28750.75,28752.00,195,28752.00,28752.00,0.00
2026-06-11 09:38:14,28751.75,28753.25,28745.50,28750.25,299,28750.25,28750.25,0.00
2026-06-11 09:38:15,28750.75,28751.50,28738.75,28740.00,573,28740.00,28740.00,0.00
2026-06-11 09:38:16,28740.50,28742.75,28736.00,28736.50,346,28736.50,28736.50,0.00
2026-06-11 09:38:17,28736.25,28743.75,28735.75,28741.25,441,28741.25,28741.25,0.00
2026-06-11 09:38:18,28741.00,28746.25,28738.75,28745.50,242,28745.50,28745.50,0.00
2026-06-11 09:38:19,28744.50,28744.50,28734.00,28734.75,286,28734.75,28734.75,0.00
2026-06-11 09:38:20,28734.25,28735.25,28727.50,28729.50,400,28729.50,28729.50,0.00
2026-06-11 09:38:21,28728.25,28731.00,28725.00,28731.00,437,28731.00,28731.00,0.00
2026-06-11 09:38:22,28730.75,28739.75,28730.75,28737.25,330,28737.25,28737.25,0.00
2026-06-11 09:38:23,28738.00,28741.00,28735.00,28740.75,238,28740.75,28740.75,0.00
2026-06-11 09:38:24,28740.50,28741.00,28734.75,28737.00,218,28737.00,28737.00,0.00
2026-06-11 09:38:25,28736.50,28736.75,28731.75,28732.25,188,28732.25,28732.25,0.00
2026-06-11 09:38:26,28732.00,28739.50,28732.00,28737.75,213,28737.75,28737.75,0.00
2026-06-11 09:38:27,28737.25,28742.25,28736.50,28738.75,352,28738.75,28738.75,0.00
2026-06-11 09:38:28,28738.00,28741.25,28732.75,28733.50,212,28733.50,28733.50,0.00
2026-06-11 09:38:29,28732.75,28735.25,28720.25,28720.25,408,28720.25,28720.25,0.00
2026-06-11 09:38:30,28720.00,28723.75,28714.25,28717.25,438,28717.25,28717.25,0.00
2026-06-11 09:38:31,28717.25,28722.50,28717.25,28720.75,294,28720.75,28720.75,0.00
2026-06-11 09:38:32,28721.00,28721.00,28711.00,28713.00,383,28713.00,28713.00,0.00
2026-06-11 09:38:33,28713.75,28714.00,28703.25,28712.25,813,28712.25,28712.25,0.00
2026-06-11 09:38:34,28712.00,28719.75,28711.75,28719.50,255,28719.50,28719.50,0.00
2026-06-11 09:38:35,28719.25,28726.00,28718.00,28725.00,307,28725.00,28725.00,0.00
2026-06-11 09:38:36,28725.00,28725.50,28720.50,28721.50,158,28721.50,28721.50,0.00
2026-06-11 09:38:37,28721.50,28722.75,28714.25,28714.25,212,28714.25,28714.25,0.00
2026-06-11 09:38:38,28713.75,28714.00,28707.00,28710.75,277,28710.75,28710.75,0.00
2026-06-11 09:38:39,28713.25,28714.00,28701.00,28701.75,332,28701.75,28701.75,0.00
2026-06-11 09:38:40,28701.75,28704.25,28700.25,28701.00,315,28701.00,28701.00,0.00
2026-06-11 09:38:41,28701.00,28705.75,28700.00,28702.75,482,28702.75,28702.75,0.00
2026-06-11 09:38:42,28703.50,28704.00,28693.75,28695.25,388,28695.25,28695.25,0.00
2026-06-11 09:38:43,28696.00,28704.75,28696.00,28704.50,324,28704.50,28704.50,0.00
2026-06-11 09:38:44,28704.00,28705.00,28692.75,28693.00,330,28693.00,28693.00,0.00
2026-06-11 09:38:45,28693.50,28694.50,28689.75,28690.75,235,28690.75,28690.75,0.00
2026-06-11 09:38:46,28690.25,28693.25,28688.25,28689.75,480,28689.75,28689.75,0.00
2026-06-11 09:38:47,28690.50,28693.25,28689.00,28689.00,220,28689.00,28689.00,0.00
2026-06-11 09:38:48,28689.00,28696.25,28688.75,28692.00,379,28692.00,28692.00,0.00
2026-06-11 09:38:49,28691.25,28692.25,28685.00,28691.00,357,28691.00,28691.00,0.00
2026-06-11 09:38:50,28690.75,28692.00,28688.25,28690.50,161,28690.50,28690.50,0.00
2026-06-11 09:38:51,28691.50,28692.25,28687.75,28689.25,137,28689.25,28689.25,0.00
2026-06-11 09:38:52,28689.50,28691.75,28685.50,28688.00,173,28688.00,28688.00,0.00
2026-06-11 09:38:53,28688.25,28691.75,28687.00,28687.25,222,28687.25,28687.25,0.00
2026-06-11 09:38:54,28686.75,28689.00,28685.25,28685.50,214,28685.50,28685.50,0.00
2026-06-11 09:38:55,28685.50,28689.50,28685.00,28685.75,245,28685.75,28685.75,0.00
2026-06-11 09:38:56,28686.50,28686.50,28682.75,28684.00,171,28684.00,28684.00,0.00
2026-06-11 09:38:57,28683.75,28685.00,28681.25,28681.50,211,28681.50,28681.50,0.00
2026-06-11 09:38:58,28681.50,28683.00,28680.25,28680.50,124,28680.50,28680.50,0.00
2026-06-11 09:38:59,28680.00,28683.00,28675.00,28678.75,524,28678.75,28678.75,0.00
2026-06-11 09:39:00,28678.75,28680.50,28674.75,28676.25,269,28676.25,28676.25,0.00
2026-06-11 09:39:01,28676.00,28679.75,28668.75,28670.25,707,28670.25,28670.25,0.00
2026-06-11 09:39:02,28670.75,28677.00,28668.00,28676.00,455,28676.00,28676.00,0.00
2026-06-11 09:39:03,28676.00,28676.50,28666.00,28666.75,509,28666.75,28666.75,0.00
2026-06-11 09:39:04,28666.00,28669.25,28663.75,28667.50,527,28667.50,28667.50,0.00
2026-06-11 09:39:05,28667.00,28668.50,28664.50,28667.75,256,28667.75,28667.75,0.00
2026-06-11 09:39:06,28667.00,28680.50,28666.25,28678.50,493,28678.50,28678.50,0.00
2026-06-11 09:39:07,28679.00,28695.25,28678.75,28691.75,744,28691.75,28691.75,0.00
2026-06-11 09:39:08,28691.75,28698.00,28690.50,28698.00,343,28698.00,28698.00,0.00
2026-06-11 09:39:09,28698.50,28699.00,28693.25,28696.00,415,28696.00,28696.00,0.00
2026-06-11 09:39:10,28695.25,28700.75,28694.25,28694.75,296,28694.75,28694.75,0.00
2026-06-11 09:39:11,28694.50,28696.00,28692.50,28692.75,199,28692.75,28692.75,0.00
2026-06-11 09:39:12,28692.50,28696.75,28689.75,28691.00,179,28691.00,28691.00,0.00
2026-06-11 09:39:13,28691.00,28693.00,28689.25,28690.75,159,28690.75,28690.75,0.00
2026-06-11 09:39:14,28690.75,28695.00,28689.25,28695.00,111,28695.00,28695.00,0.00
2026-06-11 09:39:15,28696.00,28705.50,28695.25,28704.75,366,28704.75,28704.75,0.00
2026-06-11 09:39:16,28704.75,28709.50,28703.25,28707.00,473,28707.00,28707.00,0.00
2026-06-11 09:39:17,28706.75,28707.00,28702.00,28703.50,293,28703.50,28703.50,0.00
2026-06-11 09:39:18,28703.25,28708.00,28701.75,28702.50,223,28702.50,28702.50,0.00
2026-06-11 09:39:19,28703.00,28704.25,28699.75,28703.00,148,28703.00,28703.00,0.00
2026-06-11 09:39:20,28703.75,28705.00,28701.00,28701.00,128,28701.00,28701.00,0.00
2026-06-11 09:39:21,28701.50,28702.25,28694.25,28696.25,205,28696.25,28696.25,0.00
2026-06-11 09:39:22,28696.25,28701.25,28694.25,28698.00,155,28698.00,28698.00,0.00
2026-06-11 09:39:23,28698.75,28699.00,28694.00,28698.00,281,28698.00,28698.00,0.00
2026-06-11 09:39:24,28699.00,28700.00,28689.75,28689.75,194,28689.75,28689.75,0.00
2026-06-11 09:39:25,28690.25,28694.25,28689.50,28694.25,104,28694.25,28694.25,0.00
2026-06-11 09:39:26,28694.50,28697.00,28689.75,28690.75,123,28690.75,28690.75,0.00
2026-06-11 09:39:27,28690.50,28698.75,28690.25,28698.50,133,28698.50,28698.50,0.00
2026-06-11 09:39:28,28699.00,28704.25,28697.25,28702.75,233,28702.75,28702.75,0.00
2026-06-11 09:39:29,28703.25,28706.50,28701.25,28702.75,180,28702.75,28702.75,0.00
2026-06-11 09:39:30,28702.50,28703.75,28700.50,28701.25,121,28701.25,28701.25,0.00
2026-06-11 09:39:31,28700.25,28701.50,28696.50,28698.00,141,28698.00,28698.00,0.00
2026-06-11 09:39:32,28697.50,28697.50,28689.50,28689.75,156,28689.75,28689.75,0.00
2026-06-11 09:39:33,28690.00,28690.00,28679.75,28684.75,476,28684.75,28684.75,0.00
2026-06-11 09:39:34,28684.50,28692.75,28684.50,28690.00,186,28690.00,28690.00,0.00
2026-06-11 09:39:35,28689.25,28691.75,28685.50,28686.50,215,28686.50,28686.50,0.00
2026-06-11 09:39:36,28686.00,28691.50,28685.75,28690.75,141,28690.75,28690.75,0.00
2026-06-11 09:39:37,28690.50,28698.25,28690.25,28696.25,178,28696.25,28696.25,0.00
2026-06-11 09:39:38,28696.75,28698.00,28689.25,28690.00,179,28690.00,28690.00,0.00
2026-06-11 09:39:39,28689.75,28692.25,28685.75,28686.50,295,28686.50,28686.50,0.00
2026-06-11 09:39:40,28686.75,28690.00,28685.00,28689.00,86,28689.00,28689.00,0.00
2026-06-11 09:39:41,28689.25,28698.25,28688.00,28698.25,123,28698.25,28698.25,0.00
2026-06-11 09:39:42,28698.50,28701.25,28695.25,28699.25,195,28699.25,28699.25,0.00
2026-06-11 09:39:43,28699.25,28704.25,28699.00,28702.75,266,28702.75,28702.75,0.00
2026-06-11 09:39:44,28703.50,28704.75,28693.75,28694.00,281,28694.00,28694.00,0.00
2026-06-11 09:39:45,28693.75,28698.75,28692.50,28698.75,98,28698.75,28698.75,0.00
2026-06-11 09:39:46,28696.75,28698.50,28694.75,28697.00,91,28697.00,28697.00,0.00
2026-06-11 09:39:47,28696.50,28698.25,28694.50,28695.25,98,28695.25,28695.25,0.00
2026-06-11 09:39:48,28695.75,28695.75,28688.75,28689.75,212,28689.75,28689.75,0.00
2026-06-11 09:39:49,28689.25,28691.25,28688.75,28691.25,124,28691.25,28691.25,0.00
2026-06-11 09:39:50,28691.00,28692.25,28686.00,28690.25,108,28690.25,28690.25,0.00
2026-06-11 09:39:51,28690.25,28694.25,28690.25,28694.25,125,28694.25,28694.25,0.00
2026-06-11 09:39:52,28694.25,28694.25,28688.25,28689.75,198,28689.75,28689.75,0.00
2026-06-11 09:39:53,28689.25,28694.50,28688.50,28693.00,172,28693.00,28693.00,0.00
2026-06-11 09:39:54,28693.25,28693.25,28687.50,28688.50,170,28688.50,28688.50,0.00
2026-06-11 09:39:55,28689.25,28694.50,28689.25,28694.50,112,28694.50,28694.50,0.00
2026-06-11 09:39:56,28694.25,28695.25,28690.75,28691.25,162,28691.25,28691.25,0.00
2026-06-11 09:39:57,28691.25,28695.00,28690.25,28694.00,193,28694.00,28694.00,0.00
2026-06-11 09:39:58,28693.50,28700.00,28693.50,28700.00,203,28700.00,28700.00,0.00
2026-06-11 09:39:59,28699.50,28702.50,28697.50,28699.50,137,28699.50,28699.50,0.00
2026-06-11 09:40:00,28700.00,28700.75,28696.00,28700.75,145,28700.75,28700.75,0.00
2026-06-11 09:40:01,28700.75,28700.75,28695.25,28697.00,200,28697.00,28697.00,0.00
2026-06-11 09:40:02,28695.25,28695.25,28689.50,28692.75,296,28692.75,28692.75,0.00
2026-06-11 09:40:03,28692.50,28693.00,28685.50,28688.00,280,28688.00,28688.00,0.00
2026-06-11 09:40:04,28687.75,28689.75,28682.50,28686.25,262,28686.25,28686.25,0.00
2026-06-11 09:40:05,28686.50,28691.50,28685.75,28689.50,393,28689.50,28689.50,0.00
2026-06-11 09:40:06,28688.25,28693.00,28687.75,28693.00,217,28693.00,28693.00,0.00
2026-06-11 09:40:07,28692.25,28693.25,28686.50,28686.50,127,28686.50,28686.50,0.00
2026-06-11 09:40:08,28687.00,28688.25,28683.25,28683.25,201,28683.25,28683.25,0.00
2026-06-11 09:40:09,28682.75,28683.75,28677.00,28682.75,439,28682.75,28682.75,0.00
2026-06-11 09:40:10,28682.75,28684.50,28681.00,28682.00,218,28682.00,28682.00,0.00
2026-06-11 09:40:11,28681.75,28686.25,28679.75,28680.75,198,28680.75,28680.75,0.00
2026-06-11 09:40:12,28680.50,28681.75,28673.75,28674.25,298,28674.25,28674.25,0.00
2026-06-11 09:40:13,28674.25,28680.75,28672.50,28675.00,306,28675.00,28675.00,0.00
2026-06-11 09:40:14,28676.50,28676.50,28674.00,28675.25,176,28675.25,28675.25,0.00
2026-06-11 09:40:15,28675.25,28676.00,28670.00,28672.25,293,28672.25,28672.25,0.00
2026-06-11 09:40:16,28672.25,28673.25,28669.00,28669.00,332,28669.00,28669.00,0.00
2026-06-11 09:40:17,28668.50,28669.75,28660.25,28664.75,731,28664.75,28664.75,0.00
2026-06-11 09:40:18,28664.50,28672.00,28663.50,28663.50,367,28663.50,28663.50,0.00
2026-06-11 09:40:19,28663.50,28665.75,28658.50,28659.25,298,28659.25,28659.25,0.00
2026-06-11 09:40:20,28658.75,28664.00,28656.00,28660.25,665,28660.25,28660.25,0.00
2026-06-11 09:40:21,28660.00,28665.75,28659.00,28662.00,225,28662.00,28662.00,0.00
2026-06-11 09:40:22,28662.50,28667.00,28660.25,28660.50,159,28660.50,28660.50,0.00
2026-06-11 09:40:23,28661.50,28663.50,28659.75,28663.50,135,28663.50,28663.50,0.00
2026-06-11 09:40:24,28663.00,28665.00,28659.75,28663.75,242,28663.75,28663.75,0.00
2026-06-11 09:40:25,28663.75,28664.25,28659.50,28661.00,206,28661.00,28661.00,0.00
2026-06-11 09:40:26,28660.75,28661.50,28654.50,28655.00,286,28655.00,28655.00,0.00
2026-06-11 09:40:27,28655.25,28661.25,28654.25,28661.25,344,28661.25,28661.25,0.00
2026-06-11 09:40:28,28660.75,28672.50,28659.50,28671.75,379,28671.75,28671.75,0.00
2026-06-11 09:40:29,28671.75,28674.00,28667.00,28668.00,394,28668.00,28668.00,0.00
2026-06-11 09:40:30,28667.50,28667.75,28660.50,28661.25,353,28661.25,28661.25,0.00
2026-06-11 09:40:31,28661.50,28663.25,28658.00,28659.25,164,28659.25,28659.25,0.00
2026-06-11 09:40:32,28660.00,28660.50,28654.00,28655.00,129,28655.00,28655.00,0.00
2026-06-11 09:40:33,28656.75,28660.25,28656.25,28657.50,196,28657.50,28657.50,0.00
2026-06-11 09:40:34,28658.00,28662.00,28653.00,28662.00,310,28662.00,28662.00,0.00
2026-06-11 09:40:35,28662.00,28664.75,28661.00,28662.50,190,28662.50,28662.50,0.00
2026-06-11 09:40:36,28663.00,28663.00,28657.00,28657.50,124,28657.50,28657.50,0.00
2026-06-11 09:40:37,28657.00,28658.00,28655.00,28656.00,152,28656.00,28656.00,0.00
2026-06-11 09:40:38,28656.00,28656.25,28652.50,28652.50,247,28652.50,28652.50,0.00
2026-06-11 09:40:39,28653.00,28654.50,28651.00,28653.50,287,28653.50,28653.50,0.00
2026-06-11 09:40:40,28653.25,28657.25,28653.00,28654.00,322,28654.00,28654.00,0.00
2026-06-11 09:40:41,28654.25,28659.75,28651.25,28659.25,212,28659.25,28659.25,0.00
2026-06-11 09:40:42,28659.25,28662.25,28658.00,28660.75,159,28660.75,28660.75,0.00
2026-06-11 09:40:43,28660.75,28669.25,28660.25,28667.25,278,28667.25,28667.25,0.00
2026-06-11 09:40:44,28667.50,28671.00,28664.75,28668.75,219,28668.75,28668.75,0.00
2026-06-11 09:40:45,28668.50,28678.75,28667.75,28677.50,483,28677.50,28677.50,0.00
2026-06-11 09:40:46,28677.00,28677.00,28669.00,28670.25,222,28670.25,28670.25,0.00
2026-06-11 09:40:47,28670.25,28673.25,28670.00,28670.00,110,28670.00,28670.00,0.00
2026-06-11 09:40:48,28671.50,28681.75,28670.50,28679.50,317,28679.50,28679.50,0.00
2026-06-11 09:40:49,28679.50,28679.50,28672.50,28674.25,238,28674.25,28674.25,0.00
2026-06-11 09:40:50,28675.00,28677.00,28669.50,28674.75,232,28674.75,28674.75,0.00
2026-06-11 09:40:51,28675.00,28678.25,28669.00,28670.00,187,28670.00,28670.00,0.00
2026-06-11 09:40:52,28669.50,28669.50,28662.00,28662.75,232,28662.75,28662.75,0.00
2026-06-11 09:40:53,28662.50,28663.25,28658.75,28660.75,227,28660.75,28660.75,0.00
2026-06-11 09:40:54,28661.25,28661.50,28656.50,28659.00,201,28659.00,28659.00,0.00
2026-06-11 09:40:55,28659.00,28666.25,28659.00,28664.50,204,28664.50,28664.50,0.00
2026-06-11 09:40:56,28664.75,28669.25,28664.25,28666.50,128,28666.50,28666.50,0.00
2026-06-11 09:40:57,28667.25,28667.75,28664.75,28666.25,85,28666.25,28666.25,0.00
2026-06-11 09:40:58,28666.25,28666.25,28663.25,28664.00,92,28664.00,28664.00,0.00
2026-06-11 09:40:59,28663.25,28672.75,28663.25,28671.00,109,28671.00,28671.00,0.00
2026-06-11 09:41:00,28671.25,28673.00,28669.25,28669.50,159,28669.50,28669.50,0.00
2026-06-11 09:41:01,28669.00,28671.50,28667.75,28669.00,168,28669.00,28669.00,0.00
2026-06-11 09:41:02,28668.75,28670.50,28665.25,28669.50,139,28669.50,28669.50,0.00
2026-06-11 09:41:03,28669.25,28672.25,28665.75,28666.25,242,28666.25,28666.25,0.00
2026-06-11 09:41:04,28666.25,28668.25,28662.50,28668.25,164,28668.25,28668.25,0.00
2026-06-11 09:41:05,28667.75,28678.50,28667.75,28678.25,256,28678.25,28678.25,0.00
2026-06-11 09:41:06,28678.25,28687.00,28676.25,28684.75,517,28684.75,28684.75,0.00
2026-06-11 09:41:07,28684.75,28691.75,28684.75,28691.00,469,28691.00,28691.00,0.00
2026-06-11 09:41:08,28691.25,28692.50,28689.00,28689.25,395,28689.25,28689.25,0.00
2026-06-11 09:41:09,28689.25,28691.75,28687.00,28691.75,243,28691.75,28691.75,0.00
2026-06-11 09:41:10,28691.50,28692.50,28690.00,28691.75,162,28691.75,28691.75,0.00
2026-06-11 09:41:11,28692.25,28694.75,28684.75,28687.25,255,28687.25,28687.25,0.00
2026-06-11 09:41:12,28687.75,28690.25,28686.75,28687.75,176,28687.75,28687.75,0.00
2026-06-11 09:41:13,28688.25,28688.25,28679.00,28679.00,427,28679.00,28679.00,0.00
2026-06-11 09:41:14,28679.50,28681.75,28676.25,28676.75,206,28676.75,28676.75,0.00
2026-06-11 09:41:15,28677.00,28677.25,28671.00,28673.50,229,28673.50,28673.50,0.00
2026-06-11 09:41:16,28673.75,28681.50,28673.25,28680.75,241,28680.75,28680.75,0.00
2026-06-11 09:41:17,28680.75,28683.00,28675.25,28681.25,132,28681.25,28681.25,0.00
2026-06-11 09:41:18,28681.00,28681.00,28673.50,28675.25,117,28675.25,28675.25,0.00
2026-06-11 09:41:19,28675.25,28676.75,28669.75,28670.50,182,28670.50,28670.50,0.00
2026-06-11 09:41:20,28670.50,28670.50,28665.75,28669.50,232,28669.50,28669.50,0.00
2026-06-11 09:41:21,28669.50,28676.25,28669.00,28672.00,222,28672.00,28672.00,0.00
2026-06-11 09:41:22,28672.00,28686.25,28671.25,28685.50,204,28685.50,28685.50,0.00
2026-06-11 09:41:23,28685.25,28685.25,28680.00,28684.25,215,28684.25,28684.25,0.00
2026-06-11 09:41:24,28683.75,28683.75,28677.75,28680.50,146,28680.50,28680.50,0.00
2026-06-11 09:41:25,28680.50,28685.00,28680.00,28681.25,163,28681.25,28681.25,0.00
2026-06-11 09:41:26,28682.25,28689.50,28682.25,28689.50,159,28689.50,28689.50,0.00
2026-06-11 09:41:27,28689.00,28691.25,28687.25,28690.25,203,28690.25,28690.25,0.00
2026-06-11 09:41:28,28690.25,28694.75,28690.00,28691.25,337,28691.25,28691.25,0.00
2026-06-11 09:41:29,28690.75,28702.75,28690.50,28698.50,690,28698.50,28698.50,0.00
2026-06-11 09:41:30,28698.50,28699.50,28689.00,28689.50,359,28689.50,28689.50,0.00
2026-06-11 09:41:31,28689.75,28690.75,28684.25,28687.25,175,28687.25,28687.25,0.00
2026-06-11 09:41:32,28687.50,28692.25,28687.50,28691.25,258,28691.25,28691.25,0.00
2026-06-11 09:41:33,28690.75,28691.00,28682.50,28684.25,235,28684.25,28684.25,0.00
2026-06-11 09:41:34,28684.50,28691.75,28683.25,28687.75,248,28687.75,28687.75,0.00
2026-06-11 09:41:35,28689.00,28689.00,28683.25,28686.75,185,28686.75,28686.75,0.00
2026-06-11 09:41:36,28688.25,28691.50,28687.00,28691.00,214,28691.00,28691.00,0.00
2026-06-11 09:41:37,28691.00,28691.00,28683.50,28686.75,176,28686.75,28686.75,0.00
2026-06-11 09:41:38,28686.25,28687.00,28682.75,28687.00,165,28687.00,28687.00,0.00
2026-06-11 09:41:39,28686.50,28690.75,28685.50,28686.00,207,28686.00,28686.00,0.00
2026-06-11 09:41:40,28687.00,28689.75,28682.00,28682.50,104,28682.50,28682.50,0.00
2026-06-11 09:41:41,28683.25,28685.25,28680.50,28681.00,135,28681.00,28681.00,0.00
2026-06-11 09:41:42,28681.00,28682.75,28680.50,28682.75,102,28682.75,28682.75,0.00
2026-06-11 09:41:43,28682.25,28683.25,28678.00,28681.25,143,28681.25,28681.25,0.00
2026-06-11 09:41:44,28681.25,28688.00,28681.25,28687.25,217,28687.25,28687.25,0.00
2026-06-11 09:41:45,28686.50,28687.50,28680.00,28680.50,114,28680.50,28680.50,0.00
2026-06-11 09:41:46,28680.25,28680.75,28672.25,28673.25,288,28673.25,28673.25,0.00
2026-06-11 09:41:47,28673.00,28673.50,28668.75,28669.50,275,28669.50,28669.50,0.00
2026-06-11 09:41:48,28670.00,28671.25,28667.75,28670.00,276,28670.00,28670.00,0.00
2026-06-11 09:41:49,28668.50,28668.50,28661.25,28662.00,396,28662.00,28662.00,0.00
2026-06-11 09:41:50,28661.75,28671.75,28661.25,28670.00,266,28670.00,28670.00,0.00
2026-06-11 09:41:51,28670.00,28678.00,28669.75,28676.25,190,28676.25,28676.25,0.00
2026-06-11 09:41:52,28675.75,28680.25,28673.25,28676.00,225,28676.00,28676.00,0.00
2026-06-11 09:41:53,28675.00,28675.50,28671.50,28671.50,80,28671.50,28671.50,0.00
2026-06-11 09:41:54,28670.75,28671.00,28665.25,28665.50,191,28665.50,28665.50,0.00
2026-06-11 09:41:55,28665.25,28667.00,28663.50,28666.50,185,28666.50,28666.50,0.00
2026-06-11 09:41:56,28666.50,28667.00,28662.25,28663.25,113,28663.25,28663.25,0.00
2026-06-11 09:41:57,28663.25,28669.25,28663.25,28667.50,109,28667.50,28667.50,0.00
2026-06-11 09:41:58,28667.50,28679.25,28667.50,28677.50,195,28677.50,28677.50,0.00
2026-06-11 09:41:59,28677.25,28684.25,28676.75,28684.25,241,28684.25,28684.25,0.00
2026-06-11 09:42:00,28683.25,28684.50,28680.50,28682.25,149,28682.25,28682.25,0.00
2026-06-11 09:42:01,28682.00,28683.25,28673.75,28676.00,200,28676.00,28676.00,0.00
2026-06-11 09:42:02,28675.50,28680.50,28674.00,28680.00,235,28680.00,28680.00,0.00
2026-06-11 09:42:03,28681.25,28681.75,28675.25,28675.50,130,28675.50,28675.50,0.00
2026-06-11 09:42:04,28675.50,28687.00,28675.50,28684.50,223,28684.50,28684.50,0.00
2026-06-11 09:42:05,28684.25,28684.75,28678.50,28680.00,156,28680.00,28680.00,0.00
2026-06-11 09:42:06,28680.00,28682.50,28678.25,28680.50,120,28680.50,28680.50,0.00
2026-06-11 09:42:07,28680.75,28681.25,28671.00,28671.00,181,28671.00,28671.00,0.00
2026-06-11 09:42:08,28671.00,28678.00,28671.00,28673.50,188,28673.50,28673.50,0.00
2026-06-11 09:42:09,28673.25,28673.50,28668.25,28669.00,116,28669.00,28669.00,0.00
2026-06-11 09:42:10,28669.50,28671.75,28667.75,28670.75,101,28670.75,28670.75,0.00
2026-06-11 09:42:11,28670.00,28676.00,28669.75,28675.25,269,28675.25,28675.25,0.00
2026-06-11 09:42:12,28675.25,28677.50,28672.25,28672.75,192,28672.75,28672.75,0.00
2026-06-11 09:42:13,28672.75,28674.25,28666.00,28667.75,329,28667.75,28667.75,0.00
2026-06-11 09:42:14,28667.25,28668.75,28664.00,28666.00,171,28666.00,28666.00,0.00
2026-06-11 09:42:15,28666.00,28667.50,28663.50,28664.00,168,28664.00,28664.00,0.00
2026-06-11 09:42:16,28664.75,28669.75,28663.50,28664.00,186,28664.00,28664.00,0.00
2026-06-11 09:42:17,28665.00,28665.00,28660.50,28660.50,282,28660.50,28660.50,0.00
2026-06-11 09:42:18,28660.75,28667.25,28659.00,28666.00,354,28666.00,28666.00,0.00
2026-06-11 09:42:19,28665.25,28666.25,28658.50,28659.25,162,28659.25,28659.25,0.00
2026-06-11 09:42:20,28659.25,28663.25,28658.25,28661.75,165,28661.75,28661.75,0.00
2026-06-11 09:42:21,28662.25,28670.00,28662.25,28668.75,291,28668.75,28668.75,0.00
2026-06-11 09:42:22,28668.75,28676.50,28668.75,28674.00,204,28674.00,28674.00,0.00
2026-06-11 09:42:23,28673.50,28675.25,28667.75,28667.75,190,28667.75,28667.75,0.00
2026-06-11 09:42:24,28668.00,28668.00,28665.25,28665.75,76,28665.75,28665.75,0.00
2026-06-11 09:42:25,28665.75,28666.75,28661.50,28664.00,68,28664.00,28664.00,0.00
2026-06-11 09:42:26,28663.75,28665.00,28661.00,28661.50,166,28661.50,28661.50,0.00
2026-06-11 09:42:27,28661.25,28665.00,28660.50,28661.25,122,28661.25,28661.25,0.00
2026-06-11 09:42:28,28662.25,28667.75,28662.25,28667.25,112,28667.25,28667.25,0.00
2026-06-11 09:42:29,28667.50,28671.25,28667.00,28669.50,111,28669.50,28669.50,0.00
2026-06-11 09:42:30,28668.50,28670.75,28667.00,28669.25,119,28669.25,28669.25,0.00
2026-06-11 09:42:31,28669.00,28669.50,28665.25,28666.00,126,28666.00,28666.00,0.00
2026-06-11 09:42:32,28666.25,28668.75,28664.25,28668.00,81,28668.00,28668.00,0.00
2026-06-11 09:42:33,28667.75,28670.00,28666.75,28667.00,134,28667.00,28667.00,0.00
2026-06-11 09:42:34,28666.50,28667.50,28661.75,28661.75,158,28661.75,28661.75,0.00
2026-06-11 09:42:35,28662.50,28668.25,28660.50,28667.00,128,28667.00,28667.00,0.00
2026-06-11 09:42:36,28667.25,28671.00,28667.00,28669.50,117,28669.50,28669.50,0.00
2026-06-11 09:42:37,28669.75,28670.00,28664.25,28666.00,172,28666.00,28666.00,0.00
2026-06-11 09:42:38,28666.00,28675.25,28666.00,28675.25,178,28675.25,28675.25,0.00
2026-06-11 09:42:39,28674.00,28674.00,28670.25,28671.50,115,28671.50,28671.50,0.00
2026-06-11 09:42:40,28671.75,28677.75,28671.75,28672.75,211,28672.75,28672.75,0.00
2026-06-11 09:42:41,28672.50,28679.00,28672.50,28675.75,150,28675.75,28675.75,0.00
2026-06-11 09:42:42,28676.00,28677.25,28673.00,28674.50,166,28674.50,28674.50,0.00
2026-06-11 09:42:43,28674.25,28678.75,28671.75,28676.25,168,28676.25,28676.25,0.00
2026-06-11 09:42:44,28676.00,28681.75,28676.00,28678.50,233,28678.50,28678.50,0.00
2026-06-11 09:42:45,28678.50,28688.75,28677.50,28686.75,368,28686.75,28686.75,0.00
2026-06-11 09:42:46,28687.25,28690.00,28681.75,28689.00,304,28689.00,28689.00,0.00
2026-06-11 09:42:47,28689.00,28690.00,28685.00,28688.50,184,28688.50,28688.50,0.00
2026-06-11 09:42:48,28688.00,28688.50,28682.75,28686.25,239,28686.25,28686.25,0.00
2026-06-11 09:42:49,28686.25,28689.50,28685.25,28686.75,147,28686.75,28686.75,0.00
2026-06-11 09:42:50,28685.50,28689.75,28685.50,28688.75,76,28688.75,28688.75,0.00
2026-06-11 09:42:51,28689.00,28693.00,28687.00,28690.25,317,28690.25,28690.25,0.00
2026-06-11 09:42:52,28689.75,28694.00,28689.50,28692.25,307,28692.25,28692.25,0.00
2026-06-11 09:42:53,28692.00,28715.00,28692.00,28710.00,1149,28710.00,28710.00,0.00
2026-06-11 09:42:54,28710.50,28714.75,28706.50,28711.75,517,28711.75,28711.75,0.00
2026-06-11 09:42:55,28712.25,28717.25,28710.25,28713.75,519,28713.75,28713.75,0.00
2026-06-11 09:42:56,28713.50,28714.75,28710.25,28712.25,356,28712.25,28712.25,0.00
2026-06-11 09:42:57,28712.75,28714.25,28708.75,28710.00,287,28710.00,28710.00,0.00
2026-06-11 09:42:58,28710.00,28710.25,28694.75,28695.25,392,28695.25,28695.25,0.00
2026-06-11 09:42:59,28695.50,28697.25,28693.00,28696.00,261,28696.00,28696.00,0.00
2026-06-11 09:43:00,28696.50,28702.00,28693.00,28701.75,252,28701.75,28701.75,0.00
2026-06-11 09:43:01,28702.25,28705.25,28700.50,28705.25,206,28705.25,28705.25,0.00
2026-06-11 09:43:02,28705.75,28706.50,28699.75,28703.25,193,28703.25,28703.25,0.00
2026-06-11 09:43:03,28703.50,28711.75,28703.50,28711.25,304,28711.25,28711.25,0.00
2026-06-11 09:43:04,28712.00,28713.00,28709.50,28711.50,250,28711.50,28711.50,0.00
2026-06-11 09:43:05,28711.50,28712.50,28702.00,28704.00,337,28704.00,28704.00,0.00
2026-06-11 09:43:06,28704.75,28707.25,28704.75,28706.25,186,28706.25,28706.25,0.00
2026-06-11 09:43:07,28705.75,28708.25,28704.25,28705.75,190,28705.75,28705.75,0.00
2026-06-11 09:43:08,28705.50,28707.00,28703.00,28704.00,198,28704.00,28704.00,0.00
2026-06-11 09:43:09,28704.75,28705.75,28697.75,28703.25,414,28703.25,28703.25,0.00
2026-06-11 09:43:10,28703.00,28706.75,28699.75,28700.25,180,28700.25,28700.25,0.00
2026-06-11 09:43:11,28699.00,28699.75,28695.75,28696.75,368,28696.75,28696.75,0.00
2026-06-11 09:43:12,28697.25,28703.00,28694.00,28703.00,252,28703.00,28703.00,0.00
2026-06-11 09:43:13,28702.75,28705.00,28701.50,28704.00,123,28704.00,28704.00,0.00
2026-06-11 09:43:14,28703.00,28705.25,28700.50,28701.00,142,28701.00,28701.00,0.00
2026-06-11 09:43:15,28701.00,28709.00,28701.00,28706.50,179,28706.50,28706.50,0.00
2026-06-11 09:43:16,28705.50,28712.25,28704.75,28708.75,267,28708.75,28708.75,0.00
2026-06-11 09:43:17,28708.25,28708.75,28705.00,28705.50,181,28705.50,28705.50,0.00
2026-06-11 09:43:18,28705.50,28708.75,28702.75,28705.75,150,28705.75,28705.75,0.00
2026-06-11 09:43:19,28706.25,28712.00,28705.25,28711.50,137,28711.50,28711.50,0.00
2026-06-11 09:43:20,28711.25,28714.75,28709.25,28711.25,316,28711.25,28711.25,0.00
2026-06-11 09:43:21,28712.50,28715.50,28711.00,28712.00,182,28712.00,28712.00,0.00
2026-06-11 09:43:22,28713.00,28714.50,28711.75,28713.25,150,28713.25,28713.25,0.00
2026-06-11 09:43:23,28712.00,28712.00,28708.25,28709.75,187,28709.75,28709.75,0.00
2026-06-11 09:43:24,28710.25,28714.00,28707.00,28709.25,202,28709.25,28709.25,0.00
2026-06-11 09:43:25,28709.75,28711.00,28702.50,28704.75,248,28704.75,28704.75,0.00
2026-06-11 09:43:26,28705.00,28706.50,28696.25,28697.75,271,28697.75,28697.75,0.00
2026-06-11 09:43:27,28698.25,28703.00,28698.25,28702.25,179,28702.25,28702.25,0.00
2026-06-11 09:43:28,28701.50,28701.50,28696.00,28696.75,153,28696.75,28696.75,0.00
2026-06-11 09:43:29,28696.50,28698.25,28693.25,28693.50,277,28693.50,28693.50,0.00
2026-06-11 09:43:30,28693.25,28703.00,28692.00,28696.75,258,28696.75,28696.75,0.00
2026-06-11 09:43:31,28696.50,28699.75,28696.50,28699.00,97,28699.00,28699.00,0.00
2026-06-11 09:43:32,28698.50,28700.25,28695.75,28698.75,95,28698.75,28698.75,0.00
2026-06-11 09:43:33,28699.00,28705.00,28697.00,28705.00,170,28705.00,28705.00,0.00
2026-06-11 09:43:34,28703.50,28714.00,28702.00,28713.25,237,28713.25,28713.25,0.00
2026-06-11 09:43:35,28713.00,28713.00,28707.50,28712.50,187,28712.50,28712.50,0.00
2026-06-11 09:43:36,28711.50,28717.50,28711.00,28715.25,285,28715.25,28715.25,0.00
2026-06-11 09:43:37,28714.50,28716.25,28710.00,28710.00,372,28710.00,28710.00,0.00
2026-06-11 09:43:38,28710.50,28712.00,28708.50,28709.25,159,28709.25,28709.25,0.00
2026-06-11 09:43:39,28709.50,28710.50,28706.25,28708.75,296,28708.75,28708.75,0.00
2026-06-11 09:43:40,28708.50,28710.50,28707.00,28708.75,80,28708.75,28708.75,0.00
2026-06-11 09:43:41,28708.25,28710.00,28702.75,28703.75,144,28703.75,28703.75,0.00
2026-06-11 09:43:42,28703.75,28704.25,28698.00,28701.50,245,28701.50,28701.50,0.00
2026-06-11 09:43:43,28701.50,28712.25,28701.50,28708.50,198,28708.50,28708.50,0.00
2026-06-11 09:43:44,28708.25,28708.25,28703.75,28706.50,206,28706.50,28706.50,0.00
2026-06-11 09:43:45,28706.25,28714.25,28705.75,28712.25,213,28712.25,28712.25,0.00
2026-06-11 09:43:46,28712.00,28714.50,28709.50,28714.50,158,28714.50,28714.50,0.00
2026-06-11 09:43:47,28714.00,28714.00,28708.50,28712.00,174,28712.00,28712.00,0.00
2026-06-11 09:43:48,28713.00,28728.00,28713.00,28727.00,913,28727.00,28727.00,0.00
2026-06-11 09:43:49,28726.50,28733.75,28726.00,28729.25,461,28729.25,28729.25,0.00
2026-06-11 09:43:50,28729.75,28733.50,28724.00,28724.00,454,28724.00,28724.00,0.00
2026-06-11 09:43:51,28724.25,28727.50,28723.25,28726.25,241,28726.25,28726.25,0.00
2026-06-11 09:43:52,28726.50,28742.25,28726.50,28741.50,575,28741.50,28741.50,0.00
2026-06-11 09:43:53,28741.75,28744.50,28737.75,28744.25,519,28744.25,28744.25,0.00
2026-06-11 09:43:54,28743.25,28751.25,28742.25,28748.00,656,28748.00,28748.00,0.00
2026-06-11 09:43:55,28747.75,28749.50,28745.25,28745.25,339,28745.25,28745.25,0.00
2026-06-11 09:43:56,28746.00,28757.00,28743.75,28756.00,488,28756.00,28756.00,0.00
2026-06-11 09:43:57,28757.00,28757.00,28748.50,28752.00,293,28752.00,28752.00,0.00
2026-06-11 09:43:58,28751.75,28752.25,28744.25,28744.25,282,28744.25,28744.25,0.00
2026-06-11 09:43:59,28744.25,28744.50,28738.50,28740.00,287,28740.00,28740.00,0.00
2026-06-11 09:44:00,28739.75,28746.75,28738.75,28746.75,283,28746.75,28746.75,0.00
2026-06-11 09:44:01,28747.00,28748.75,28742.00,28742.75,314,28742.75,28742.75,0.00
2026-06-11 09:44:02,28743.75,28744.00,28738.00,28739.75,415,28739.75,28739.75,0.00
2026-06-11 09:44:03,28741.00,28742.75,28736.50,28741.50,239,28741.50,28741.50,0.00
2026-06-11 09:44:04,28741.25,28743.75,28740.50,28743.25,159,28743.25,28743.25,0.00
2026-06-11 09:44:05,28742.75,28749.75,28739.75,28749.50,222,28749.50,28749.50,0.00
2026-06-11 09:44:06,28749.25,28753.50,28748.75,28749.00,340,28749.00,28749.00,0.00
2026-06-11 09:44:07,28749.25,28751.25,28746.50,28749.50,337,28749.50,28749.50,0.00
2026-06-11 09:44:08,28748.75,28750.75,28743.25,28743.25,175,28743.25,28743.25,0.00
2026-06-11 09:44:09,28743.50,28743.75,28739.75,28742.25,182,28742.25,28742.25,0.00
2026-06-11 09:44:10,28742.75,28747.00,28741.50,28741.50,136,28741.50,28741.50,0.00
2026-06-11 09:44:11,28741.50,28750.00,28740.75,28749.25,189,28749.25,28749.25,0.00
2026-06-11 09:44:12,28749.50,28757.75,28749.25,28753.25,349,28753.25,28753.25,0.00
2026-06-11 09:44:13,28753.25,28753.25,28746.00,28746.25,264,28746.25,28746.25,0.00
2026-06-11 09:44:14,28746.25,28752.25,28744.75,28751.00,206,28751.00,28751.00,0.00
2026-06-11 09:44:15,28751.75,28761.00,28750.75,28759.25,318,28759.25,28759.25,0.00
2026-06-11 09:44:16,28759.00,28766.50,28759.00,28766.50,372,28766.50,28766.50,0.00
2026-06-11 09:44:17,28766.75,28766.75,28762.25,28764.00,325,28764.00,28764.00,0.00
2026-06-11 09:44:18,28764.50,28764.50,28752.00,28754.00,329,28754.00,28754.00,0.00
2026-06-11 09:44:19,28753.75,28753.75,28746.25,28748.00,254,28748.00,28748.00,0.00
2026-06-11 09:44:20,28747.75,28750.25,28746.00,28749.25,169,28749.25,28749.25,0.00
2026-06-11 09:44:21,28748.25,28754.50,28748.00,28754.50,148,28754.50,28754.50,0.00
2026-06-11 09:44:22,28755.25,28755.25,28743.00,28745.25,216,28745.25,28745.25,0.00
2026-06-11 09:44:23,28744.75,28748.75,28743.75,28745.75,160,28745.75,28745.75,0.00
2026-06-11 09:44:24,28744.75,28748.25,28744.25,28746.75,147,28746.75,28746.75,0.00
2026-06-11 09:44:25,28746.75,28750.50,28746.75,28750.50,90,28750.50,28750.50,0.00
2026-06-11 09:44:26,28750.25,28755.75,28750.00,28752.00,154,28752.00,28752.00,0.00
2026-06-11 09:44:27,28752.25,28755.25,28750.00,28754.25,131,28754.25,28754.25,0.00
2026-06-11 09:44:28,28754.25,28757.00,28752.25,28753.25,207,28753.25,28753.25,0.00
2026-06-11 09:44:29,28752.25,28754.00,28750.00,28750.00,154,28750.00,28750.00,0.00
2026-06-11 09:44:30,28750.25,28754.50,28749.00,28751.00,149,28751.00,28751.00,0.00
2026-06-11 09:44:31,28751.50,28752.00,28745.25,28746.50,201,28746.50,28746.50,0.00
2026-06-11 09:44:32,28747.25,28754.00,28747.25,28752.00,121,28752.00,28752.00,0.00
2026-06-11 09:44:33,28752.25,28755.75,28751.75,28754.75,119,28754.75,28754.75,0.00
2026-06-11 09:44:34,28755.25,28755.25,28744.25,28746.75,246,28746.75,28746.75,0.00
2026-06-11 09:44:35,28747.75,28752.25,28747.75,28750.50,154,28750.50,28750.50,0.00
2026-06-11 09:44:36,28750.50,28752.25,28747.75,28748.75,113,28748.75,28748.75,0.00
2026-06-11 09:44:37,28749.00,28754.75,28749.00,28750.75,168,28750.75,28750.75,0.00
2026-06-11 09:44:38,28750.75,28753.50,28747.50,28750.00,146,28750.00,28750.00,0.00
2026-06-11 09:44:39,28750.75,28751.50,28749.75,28750.25,75,28750.25,28750.25,0.00
2026-06-11 09:44:40,28750.00,28752.50,28746.00,28749.75,186,28749.75,28749.75,0.00
2026-06-11 09:44:41,28749.50,28754.75,28746.50,28751.25,468,28751.25,28751.25,0.00
2026-06-11 09:44:42,28752.50,28752.50,28746.25,28747.75,197,28747.75,28747.75,0.00
2026-06-11 09:44:43,28748.75,28750.25,28745.25,28746.50,205,28746.50,28746.50,0.00
2026-06-11 09:44:44,28746.25,28747.50,28740.00,28742.50,205,28742.50,28742.50,0.00
2026-06-11 09:44:45,28742.50,28746.25,28738.00,28745.00,311,28745.00,28745.00,0.00
2026-06-11 09:44:46,28745.25,28746.50,28742.00,28743.00,163,28743.00,28743.00,0.00
2026-06-11 09:44:47,28743.25,28747.00,28741.75,28745.00,116,28745.00,28745.00,0.00
2026-06-11 09:44:48,28745.00,28749.50,28742.00,28745.75,160,28745.75,28745.75,0.00
2026-06-11 09:44:49,28745.00,28746.25,28744.75,28745.50,43,28745.50,28745.50,0.00
2026-06-11 09:44:50,28745.50,28745.75,28739.00,28740.25,132,28740.25,28740.25,0.00
2026-06-11 09:44:51,28740.75,28747.00,28740.75,28745.25,144,28745.25,28745.25,0.00
2026-06-11 09:44:52,28745.25,28746.25,28730.75,28731.50,473,28731.50,28731.50,0.00
2026-06-11 09:44:53,28731.50,28732.50,28726.00,28728.00,520,28728.00,28728.00,0.00
2026-06-11 09:44:54,28727.75,28737.50,28727.75,28735.75,263,28735.75,28735.75,0.00
2026-06-11 09:44:55,28736.50,28737.00,28733.50,28734.25,172,28734.25,28734.25,0.00
2026-06-11 09:44:56,28734.25,28736.00,28728.50,28729.25,201,28729.25,28729.25,0.00
2026-06-11 09:44:57,28729.75,28736.75,28729.25,28735.75,131,28735.75,28735.75,0.00
2026-06-11 09:44:58,28736.50,28742.00,28736.50,28740.00,193,28740.00,28740.00,0.00
2026-06-11 09:44:59,28739.25,28742.25,28738.00,28741.25,199,28741.25,28741.25,0.00
2026-06-11 09:45:00,28741.00,28742.25,28735.75,28739.00,95,28739.00,28739.00,0.00
2026-06-11 09:45:01,28737.25,28745.25,28736.50,28739.00,380,28739.00,28739.00,0.00
2026-06-11 09:45:02,28738.50,28740.00,28731.00,28731.75,309,28731.75,28731.75,0.00
2026-06-11 09:45:03,28732.25,28741.50,28732.25,28735.50,230,28735.50,28735.50,0.00
2026-06-11 09:45:04,28735.25,28737.00,28727.75,28730.75,267,28730.75,28730.75,0.00
2026-06-11 09:45:05,28730.50,28733.00,28727.00,28728.00,198,28728.00,28728.00,0.00
2026-06-11 09:45:06,28729.00,28730.00,28723.50,28724.50,294,28724.50,28724.50,0.00
2026-06-11 09:45:07,28724.75,28725.25,28720.00,28723.00,464,28723.00,28723.00,0.00
2026-06-11 09:45:08,28722.25,28727.50,28720.25,28721.75,374,28721.75,28721.75,0.00
2026-06-11 09:45:09,28721.50,28723.75,28716.00,28718.25,500,28718.25,28718.25,0.00
2026-06-11 09:45:10,28718.50,28721.50,28713.00,28714.75,364,28714.75,28714.75,0.00
2026-06-11 09:45:11,28714.75,28720.00,28714.25,28717.25,367,28717.25,28717.25,0.00
2026-06-11 09:45:12,28716.75,28723.50,28716.00,28723.00,191,28723.00,28723.00,0.00
2026-06-11 09:45:13,28724.00,28724.00,28707.25,28708.75,487,28708.75,28708.75,0.00
2026-06-11 09:45:14,28708.50,28713.75,28706.50,28711.50,359,28711.50,28711.50,0.00
2026-06-11 09:45:15,28712.00,28724.50,28710.75,28719.50,632,28719.50,28719.50,0.00
2026-06-11 09:45:16,28719.50,28724.25,28716.50,28722.00,273,28722.00,28722.00,0.00
2026-06-11 09:45:17,28722.50,28755.00,28719.75,28755.00,1518,28755.00,28755.00,0.00
2026-06-11 09:45:18,28755.25,28788.00,28754.25,28783.00,1557,28783.00,28783.00,0.00
2026-06-11 09:45:19,28782.50,28798.75,28776.50,28786.50,1006,28786.50,28786.50,0.00
2026-06-11 09:45:20,28786.25,28787.00,28771.00,28773.25,362,28773.25,28773.25,0.00
2026-06-11 09:45:21,28773.25,28777.50,28767.75,28773.50,452,28773.50,28773.50,0.00
2026-06-11 09:45:22,28772.25,28783.50,28770.75,28777.00,500,28777.00,28777.00,0.00
2026-06-11 09:45:23,28776.75,28787.00,28762.00,28764.75,554,28764.75,28764.75,0.00
2026-06-11 09:45:24,28764.75,28775.25,28761.75,28767.75,592,28767.75,28767.75,0.00
2026-06-11 09:45:25,28767.75,28767.75,28756.25,28763.00,327,28763.00,28763.00,0.00
2026-06-11 09:45:26,28763.00,28770.00,28762.25,28763.00,230,28763.00,28763.00,0.00
2026-06-11 09:45:27,28763.25,28765.50,28761.25,28762.25,223,28762.25,28762.25,0.00
2026-06-11 09:45:28,28763.25,28763.75,28754.00,28755.00,325,28755.00,28755.00,0.00
2026-06-11 09:45:29,28755.50,28757.50,28749.75,28757.50,318,28757.50,28757.50,0.00
2026-06-11 09:45:30,28755.50,28761.50,28753.00,28757.75,300,28757.75,28757.75,0.00
2026-06-11 09:45:31,28759.25,28769.00,28759.25,28766.25,217,28766.25,28766.25,0.00
2026-06-11 09:45:32,28769.00,28772.25,28762.50,28763.50,274,28763.50,28763.50,0.00
2026-06-11 09:45:33,28762.50,28771.00,28762.50,28765.25,261,28765.25,28765.25,0.00
2026-06-11 09:45:34,28765.75,28769.25,28764.00,28767.25,126,28767.25,28767.25,0.00
2026-06-11 09:45:35,28766.50,28767.50,28757.50,28759.50,171,28759.50,28759.50,0.00
2026-06-11 09:45:36,28759.25,28760.25,28756.25,28757.00,150,28757.00,28757.00,0.00
2026-06-11 09:45:37,28757.75,28762.00,28754.25,28758.75,171,28758.75,28758.75,0.00
2026-06-11 09:45:38,28758.50,28762.50,28757.75,28762.00,131,28762.00,28762.00,0.00
2026-06-11 09:45:39,28762.75,28765.75,28760.25,28765.75,143,28765.75,28765.75,0.00
2026-06-11 09:45:40,28765.75,28771.50,28764.75,28767.25,179,28767.25,28767.25,0.00
2026-06-11 09:45:41,28767.50,28791.25,28767.00,28790.00,523,28790.00,28790.00,0.00
2026-06-11 09:45:42,28790.50,28802.00,28788.50,28797.00,629,28797.00,28797.00,0.00
2026-06-11 09:45:43,28796.50,28796.75,28788.00,28791.50,481,28791.50,28791.50,0.00
2026-06-11 09:45:44,28792.25,28796.50,28789.00,28790.25,364,28790.25,28790.25,0.00
2026-06-11 09:45:45,28789.50,28792.50,28787.75,28789.75,240,28789.75,28789.75,0.00
2026-06-11 09:45:46,28789.50,28800.00,28789.00,28798.25,300,28798.25,28798.25,0.00
2026-06-11 09:45:47,28798.00,28802.50,28793.75,28794.00,307,28794.00,28794.00,0.00
2026-06-11 09:45:48,28793.50,28800.00,28792.50,28800.00,263,28800.00,28800.00,0.00
2026-06-11 09:45:49,28800.50,28804.75,28799.25,28802.00,297,28802.00,28802.00,0.00
2026-06-11 09:45:50,28801.75,28818.00,28801.75,28815.25,651,28815.25,28815.25,0.00
2026-06-11 09:45:51,28815.50,28820.00,28810.50,28814.00,578,28814.00,28814.00,0.00
2026-06-11 09:45:52,28814.75,28816.75,28805.50,28808.00,378,28808.00,28808.00,0.00
2026-06-11 09:45:53,28807.50,28810.25,28801.50,28807.50,254,28807.50,28807.50,0.00
2026-06-11 09:45:54,28807.50,28811.75,28806.25,28810.50,276,28810.50,28810.50,0.00
2026-06-11 09:45:55,28810.25,28816.25,28808.75,28809.75,348,28809.75,28809.75,0.00
2026-06-11 09:45:56,28809.25,28809.75,28805.25,28805.75,228,28805.75,28805.75,0.00
2026-06-11 09:45:57,28806.50,28811.75,28805.75,28811.50,200,28811.50,28811.50,0.00
2026-06-11 09:45:58,28810.50,28816.50,28809.00,28814.50,307,28814.50,28814.50,0.00
2026-06-11 09:45:59,28814.00,28819.25,28809.75,28818.25,315,28818.25,28818.25,0.00
2026-06-11 09:46:00,28819.00,28821.00,28816.50,28818.50,344,28818.50,28818.50,0.00
2026-06-11 09:46:01,28819.25,28820.50,28812.75,28813.50,400,28813.50,28813.50,0.00
2026-06-11 09:46:02,28812.50,28815.00,28808.50,28809.00,252,28809.00,28809.00,0.00
2026-06-11 09:46:03,28808.75,28818.75,28805.75,28817.75,392,28817.75,28817.75,0.00
2026-06-11 09:46:04,28818.50,28822.25,28810.50,28813.25,500,28813.25,28813.25,0.00
2026-06-11 09:46:05,28813.00,28813.50,28804.25,28810.50,396,28810.50,28810.50,0.00
2026-06-11 09:46:06,28811.25,28814.25,28808.50,28810.25,132,28810.25,28810.25,0.00
2026-06-11 09:46:07,28809.75,28814.00,28809.75,28812.25,174,28812.25,28812.25,0.00
2026-06-11 09:46:08,28811.75,28816.00,28809.75,28815.75,180,28815.75,28815.75,0.00
2026-06-11 09:46:09,28815.25,28818.50,28812.50,28813.75,178,28813.75,28813.75,0.00
2026-06-11 09:46:10,28814.00,28818.25,28810.00,28816.50,198,28816.50,28816.50,0.00
2026-06-11 09:46:11,28816.00,28819.50,28814.50,28816.00,178,28816.00,28816.00,0.00
2026-06-11 09:46:12,28816.75,28821.50,28813.75,28815.25,311,28815.25,28815.25,0.00
2026-06-11 09:46:13,28815.25,28819.50,28814.00,28814.50,183,28814.50,28814.50,0.00
2026-06-11 09:46:14,28814.25,28819.25,28811.75,28817.25,173,28817.25,28817.25,0.00
2026-06-11 09:46:15,28817.00,28820.00,28815.00,28818.00,186,28818.00,28818.00,0.00
2026-06-11 09:46:16,28818.75,28822.00,28817.00,28821.75,111,28821.75,28821.75,0.00
2026-06-11 09:46:17,28822.25,28824.50,28819.75,28821.25,430,28821.25,28821.25,0.00
2026-06-11 09:46:18,28821.75,28838.25,28821.75,28835.50,828,28835.50,28835.50,0.00
2026-06-11 09:46:19,28835.00,28843.75,28835.00,28843.50,604,28843.50,28843.50,0.00
2026-06-11 09:46:20,28843.50,28856.25,28842.50,28851.75,723,28851.75,28851.75,0.00
2026-06-11 09:46:21,28851.50,28853.00,28835.75,28839.00,561,28839.00,28839.00,0.00
2026-06-11 09:46:22,28839.75,28842.00,28828.50,28831.50,587,28831.50,28831.50,0.00
2026-06-11 09:46:23,28831.00,28833.00,28824.50,28824.50,339,28824.50,28824.50,0.00
2026-06-11 09:46:24,28824.50,28830.50,28822.25,28830.50,362,28830.50,28830.50,0.00
2026-06-11 09:46:25,28829.75,28838.00,28829.25,28835.75,271,28835.75,28835.75,0.00
2026-06-11 09:46:26,28836.25,28841.00,28835.00,28841.00,264,28841.00,28841.00,0.00
2026-06-11 09:46:27,28841.00,28847.50,28840.50,28847.50,318,28847.50,28847.50,0.00
2026-06-11 09:46:28,28847.25,28858.00,28846.75,28854.75,407,28854.75,28854.75,0.00
2026-06-11 09:46:29,28855.00,28866.00,28854.75,28863.50,631,28863.50,28863.50,0.00
2026-06-11 09:46:30,28864.00,28869.00,28863.25,28867.75,333,28867.75,28867.75,0.00
2026-06-11 09:46:31,28867.00,28868.75,28860.25,28861.50,349,28861.50,28861.50,0.00
2026-06-11 09:46:32,28864.50,28873.25,28861.00,28872.00,484,28872.00,28872.00,0.00
2026-06-11 09:46:33,28871.75,28876.00,28870.00,28870.00,396,28870.00,28870.00,0.00
2026-06-11 09:46:34,28869.75,28879.25,28868.75,28878.00,388,28878.00,28878.00,0.00
2026-06-11 09:46:35,28875.75,28879.50,28875.75,28878.00,334,28878.00,28878.00,0.00
2026-06-11 09:46:36,28878.25,28884.00,28877.50,28883.25,352,28883.25,28883.25,0.00
2026-06-11 09:46:37,28883.50,28887.75,28878.75,28886.50,417,28886.50,28886.50,0.00
2026-06-11 09:46:38,28885.75,28887.75,28874.25,28878.25,511,28878.25,28878.25,0.00
2026-06-11 09:46:39,28878.50,28879.50,28872.50,28872.50,296,28872.50,28872.50,0.00
2026-06-11 09:46:40,28872.25,28873.75,28868.00,28869.25,345,28869.25,28869.25,0.00
2026-06-11 09:46:41,28870.25,28870.50,28862.00,28862.00,368,28862.00,28862.00,0.00
2026-06-11 09:46:42,28862.25,28867.00,28859.25,28859.50,227,28859.50,28859.50,0.00
2026-06-11 09:46:43,28860.25,28866.25,28857.00,28866.25,284,28866.25,28866.25,0.00
2026-06-11 09:46:44,28864.75,28878.75,28864.00,28878.00,313,28878.00,28878.00,0.00
2026-06-11 09:46:45,28877.50,28880.75,28872.25,28875.75,249,28875.75,28875.75,0.00
2026-06-11 09:46:46,28875.50,28878.00,28871.50,28872.75,180,28872.75,28872.75,0.00
2026-06-11 09:46:47,28873.25,28875.75,28870.00,28875.75,121,28875.75,28875.75,0.00
2026-06-11 09:46:48,28875.00,28876.25,28872.25,28873.25,131,28873.25,28873.25,0.00
2026-06-11 09:46:49,28873.75,28876.00,28870.00,28874.50,168,28874.50,28874.50,0.00
2026-06-11 09:46:50,28874.50,28875.50,28871.75,28872.75,154,28872.75,28872.75,0.00
2026-06-11 09:46:51,28872.25,28876.50,28868.00,28875.50,237,28875.50,28875.50,0.00
2026-06-11 09:46:52,28875.75,28885.50,28874.75,28882.25,317,28882.25,28882.25,0.00
2026-06-11 09:46:53,28883.25,28887.00,28880.00,28882.50,217,28882.50,28882.50,0.00
2026-06-11 09:46:54,28881.25,28882.00,28874.00,28875.50,335,28875.50,28875.50,0.00
2026-06-11 09:46:55,28875.25,28875.75,28862.75,28863.00,342,28863.00,28863.00,0.00
2026-06-11 09:46:56,28863.75,28867.25,28860.75,28865.00,456,28865.00,28865.00,0.00
2026-06-11 09:46:57,28863.75,28867.25,28863.00,28866.75,157,28866.75,28866.75,0.00
2026-06-11 09:46:58,28867.50,28869.25,28865.75,28868.75,116,28868.75,28868.75,0.00
2026-06-11 09:46:59,28869.25,28873.25,28869.25,28872.25,117,28872.25,28872.25,0.00
2026-06-11 09:47:00,28872.75,28872.75,28867.25,28870.00,193,28870.00,28870.00,0.00
2026-06-11 09:47:01,28869.50,28874.50,28866.50,28868.00,335,28868.00,28868.00,0.00
2026-06-11 09:47:02,28867.50,28869.00,28862.50,28865.75,213,28865.75,28865.75,0.00
2026-06-11 09:47:03,28866.00,28866.00,28856.50,28861.50,426,28861.50,28861.50,0.00
2026-06-11 09:47:04,28861.25,28863.75,28855.50,28857.50,270,28857.50,28857.50,0.00
2026-06-11 09:47:05,28856.75,28861.00,28850.25,28858.50,468,28858.50,28858.50,0.00
2026-06-11 09:47:06,28858.25,28863.75,28857.00,28860.75,292,28860.75,28860.75,0.00
2026-06-11 09:47:07,28861.75,28864.25,28858.25,28858.75,182,28858.75,28858.75,0.00
2026-06-11 09:47:08,28859.00,28862.00,28856.00,28858.75,177,28858.75,28858.75,0.00
2026-06-11 09:47:09,28858.75,28863.75,28858.00,28863.25,98,28863.25,28863.25,0.00
2026-06-11 09:47:10,28863.25,28868.25,28862.25,28867.25,204,28867.25,28867.25,0.00
2026-06-11 09:47:11,28865.50,28870.00,28864.50,28867.75,128,28867.75,28867.75,0.00
2026-06-11 09:47:12,28868.75,28869.75,28864.25,28865.25,228,28865.25,28865.25,0.00
2026-06-11 09:47:13,28866.25,28873.75,28865.00,28873.50,264,28873.50,28873.50,0.00
2026-06-11 09:47:14,28873.00,28879.00,28872.00,28878.75,294,28878.75,28878.75,0.00
2026-06-11 09:47:15,28879.25,28881.75,28876.00,28879.25,253,28879.25,28879.25,0.00
2026-06-11 09:47:16,28879.25,28880.75,28873.25,28880.00,304,28880.00,28880.00,0.00
2026-06-11 09:47:17,28879.00,28880.00,28870.75,28872.00,159,28872.00,28872.00,0.00
2026-06-11 09:47:18,28872.00,28873.50,28866.75,28869.25,196,28869.25,28869.25,0.00
2026-06-11 09:47:19,28870.00,28873.00,28864.75,28866.00,181,28866.00,28866.00,0.00
2026-06-11 09:47:20,28866.00,28866.00,28856.50,28856.50,268,28856.50,28856.50,0.00
2026-06-11 09:47:21,28856.50,28863.25,28856.00,28863.25,281,28863.25,28863.25,0.00
2026-06-11 09:47:22,28862.75,28865.00,28861.00,28864.00,191,28864.00,28864.00,0.00
2026-06-11 09:47:23,28864.75,28868.50,28862.75,28868.50,129,28868.50,28868.50,0.00
2026-06-11 09:47:24,28867.00,28870.75,28865.50,28869.25,114,28869.25,28869.25,0.00
2026-06-11 09:47:25,28870.50,28873.00,28869.50,28872.00,157,28872.00,28872.00,0.00
2026-06-11 09:47:26,28871.25,28872.75,28869.25,28872.75,88,28872.75,28872.75,0.00
2026-06-11 09:47:27,28872.00,28872.00,28866.50,28870.50,144,28870.50,28870.50,0.00
2026-06-11 09:47:28,28868.75,28868.75,28860.50,28862.25,150,28862.25,28862.25,0.00
2026-06-11 09:47:29,28861.25,28866.75,28860.75,28862.25,155,28862.25,28862.25,0.00
2026-06-11 09:47:30,28862.50,28864.50,28859.00,28859.25,159,28859.25,28859.25,0.00
2026-06-11 09:47:31,28860.50,28864.75,28857.75,28862.00,142,28862.00,28862.00,0.00
2026-06-11 09:47:32,28862.50,28863.75,28858.75,28858.75,178,28858.75,28858.75,0.00
2026-06-11 09:47:33,28859.75,28864.50,28859.75,28860.75,151,28860.75,28860.75,0.00
2026-06-11 09:47:34,28861.00,28861.75,28856.25,28856.75,154,28856.75,28856.75,0.00
2026-06-11 09:47:35,28856.25,28867.00,28856.00,28867.00,163,28867.00,28867.00,0.00
2026-06-11 09:47:36,28866.00,28873.75,28864.75,28873.75,149,28873.75,28873.75,0.00
2026-06-11 09:47:37,28873.50,28880.25,28872.75,28880.00,263,28880.00,28880.00,0.00
2026-06-11 09:47:38,28880.00,28880.50,28876.00,28877.00,224,28877.00,28877.00,0.00
2026-06-11 09:47:39,28876.50,28880.75,28874.75,28875.75,167,28875.75,28875.75,0.00
2026-06-11 09:47:40,28876.50,28877.50,28872.00,28875.50,138,28875.50,28875.50,0.00
2026-06-11 09:47:41,28875.00,28876.00,28870.25,28872.00,125,28872.00,28872.00,0.00
2026-06-11 09:47:42,28872.00,28872.00,28867.50,28868.75,79,28868.75,28868.75,0.00
2026-06-11 09:47:43,28869.00,28875.75,28868.50,28875.50,189,28875.50,28875.50,0.00
2026-06-11 09:47:44,28875.75,28875.75,28868.50,28869.50,219,28869.50,28869.50,0.00
2026-06-11 09:47:45,28869.00,28872.00,28867.00,28870.25,197,28870.25,28870.25,0.00
2026-06-11 09:47:46,28870.50,28876.50,28869.50,28873.00,173,28873.00,28873.00,0.00
2026-06-11 09:47:47,28874.00,28878.25,28869.50,28877.75,135,28877.75,28877.75,0.00
2026-06-11 09:47:48,28878.25,28878.75,28874.50,28878.00,117,28878.00,28878.00,0.00
2026-06-11 09:47:49,28878.00,28881.00,28876.75,28879.00,221,28879.00,28879.00,0.00
2026-06-11 09:47:50,28879.50,28880.50,28871.25,28873.75,196,28873.75,28873.75,0.00
2026-06-11 09:47:51,28874.00,28880.25,28874.00,28876.50,155,28876.50,28876.50,0.00
2026-06-11 09:47:52,28876.75,28879.75,28874.50,28874.75,117,28874.75,28874.75,0.00
2026-06-11 09:47:53,28875.50,28881.00,28875.50,28880.75,130,28880.75,28880.75,0.00
2026-06-11 09:47:54,28880.50,28887.00,28879.75,28886.00,315,28886.00,28886.00,0.00
2026-06-11 09:47:55,28885.75,28889.75,28883.75,28889.00,385,28889.00,28889.00,0.00
2026-06-11 09:47:56,28889.25,28891.00,28887.25,28889.50,255,28889.50,28889.50,0.00
2026-06-11 09:47:57,28890.25,28890.25,28883.75,28885.00,240,28885.00,28885.00,0.00
2026-06-11 09:47:58,28884.50,28884.50,28876.25,28877.00,360,28877.00,28877.00,0.00
2026-06-11 09:47:59,28878.25,28884.00,28877.00,28884.00,193,28884.00,28884.00,0.00
2026-06-11 09:48:00,28883.00,28888.75,28881.75,28888.75,128,28888.75,28888.75,0.00
2026-06-11 09:48:01,28886.75,28887.25,28877.75,28879.50,243,28879.50,28879.50,0.00
2026-06-11 09:48:02,28879.25,28881.00,28870.75,28873.50,317,28873.50,28873.50,0.00
2026-06-11 09:48:03,28873.50,28877.00,28871.50,28871.75,192,28871.75,28871.75,0.00
2026-06-11 09:48:04,28871.50,28875.00,28869.75,28874.25,214,28874.25,28874.25,0.00
2026-06-11 09:48:05,28874.25,28875.00,28869.00,28870.50,186,28870.50,28870.50,0.00
2026-06-11 09:48:06,28870.00,28880.75,28869.00,28879.00,253,28879.00,28879.00,0.00
2026-06-11 09:48:07,28879.50,28883.25,28877.25,28882.00,204,28882.00,28882.00,0.00
2026-06-11 09:48:08,28881.75,28883.50,28879.25,28882.50,84,28882.50,28882.50,0.00
2026-06-11 09:48:09,28882.50,28886.25,28882.25,28883.50,119,28883.50,28883.50,0.00
2026-06-11 09:48:10,28883.50,28884.75,28881.00,28883.75,148,28883.75,28883.75,0.00
2026-06-11 09:48:11,28884.00,28885.50,28881.75,28883.00,118,28883.00,28883.00,0.00
2026-06-11 09:48:12,28883.25,28883.50,28873.00,28875.00,187,28875.00,28875.00,0.00
2026-06-11 09:48:13,28874.25,28877.00,28872.75,28875.50,150,28875.50,28875.50,0.00
2026-06-11 09:48:14,28874.50,28876.75,28874.25,28876.00,90,28876.00,28876.00,0.00
2026-06-11 09:48:15,28876.00,28877.00,28873.00,28875.75,98,28875.75,28875.75,0.00
2026-06-11 09:48:16,28876.25,28877.25,28871.00,28871.00,142,28871.00,28871.00,0.00
2026-06-11 09:48:17,28871.25,28873.25,28866.50,28867.00,226,28867.00,28867.00,0.00
2026-06-11 09:48:18,28867.00,28871.75,28865.00,28869.75,209,28869.75,28869.75,0.00
2026-06-11 09:48:19,28869.75,28872.25,28866.75,28867.25,133,28867.25,28867.25,0.00
2026-06-11 09:48:20,28867.00,28868.75,28865.00,28865.50,108,28865.50,28865.50,0.00
2026-06-11 09:48:21,28865.75,28867.00,28858.75,28859.75,338,28859.75,28859.75,0.00
2026-06-11 09:48:22,28859.75,28861.75,28856.25,28858.75,310,28858.75,28858.75,0.00
2026-06-11 09:48:23,28858.25,28863.50,28857.75,28862.50,170,28862.50,28862.50,0.00
2026-06-11 09:48:24,28862.00,28865.75,28862.00,28863.75,140,28863.75,28863.75,0.00
2026-06-11 09:48:25,28863.00,28865.50,28861.25,28864.25,107,28864.25,28864.25,0.00
2026-06-11 09:48:26,28863.75,28864.50,28860.25,28863.75,97,28863.75,28863.75,0.00
2026-06-11 09:48:27,28863.50,28872.00,28857.50,28871.50,314,28871.50,28871.50,0.00
2026-06-11 09:48:28,28871.50,28871.50,28866.75,28870.00,193,28870.00,28870.00,0.00
2026-06-11 09:48:29,28869.25,28869.75,28866.50,28868.75,121,28868.75,28868.75,0.00
2026-06-11 09:48:30,28868.75,28877.25,28868.00,28872.75,136,28872.75,28872.75,0.00
2026-06-11 09:48:31,28873.00,28883.00,28871.75,28881.50,214,28881.50,28881.50,0.00
2026-06-11 09:48:32,28882.50,28884.75,28880.75,28884.25,130,28884.25,28884.25,0.00
2026-06-11 09:48:33,28884.75,28885.25,28877.50,28877.50,155,28877.50,28877.50,0.00
2026-06-11 09:48:34,28878.25,28878.50,28874.50,28876.25,106,28876.25,28876.25,0.00
2026-06-11 09:48:35,28876.75,28880.00,28876.25,28877.50,94,28877.50,28877.50,0.00
2026-06-11 09:48:36,28877.75,28878.00,28867.75,28867.75,137,28867.75,28867.75,0.00
2026-06-11 09:48:37,28867.00,28869.00,28864.50,28867.00,128,28867.00,28867.00,0.00
2026-06-11 09:48:38,28867.00,28871.50,28866.00,28869.50,79,28869.50,28869.50,0.00
2026-06-11 09:48:39,28870.25,28870.25,28861.50,28861.50,147,28861.50,28861.50,0.00
2026-06-11 09:48:40,28862.00,28863.00,28860.25,28862.00,73,28862.00,28862.00,0.00
2026-06-11 09:48:41,28862.75,28866.00,28862.25,28863.00,89,28863.00,28863.00,0.00
2026-06-11 09:48:42,28863.25,28867.00,28861.50,28866.50,79,28866.50,28866.50,0.00
2026-06-11 09:48:43,28866.75,28868.50,28865.00,28866.75,73,28866.75,28866.75,0.00
2026-06-11 09:48:44,28866.25,28867.75,28859.00,28859.50,107,28859.50,28859.50,0.00
2026-06-11 09:48:45,28859.25,28861.25,28857.50,28857.50,136,28857.50,28857.50,0.00
2026-06-11 09:48:46,28859.00,28865.25,28855.25,28865.00,210,28865.00,28865.00,0.00
2026-06-11 09:48:47,28865.75,28867.25,28862.00,28862.25,145,28862.25,28862.25,0.00
2026-06-11 09:48:48,28861.75,28861.75,28857.00,28859.25,98,28859.25,28859.25,0.00
2026-06-11 09:48:49,28859.00,28861.75,28858.50,28859.00,80,28859.00,28859.00,0.00
2026-06-11 09:48:50,28858.75,28864.75,28856.75,28863.75,102,28863.75,28863.75,0.00
2026-06-11 09:48:51,28863.25,28867.50,28861.50,28866.00,81,28866.00,28866.00,0.00
2026-06-11 09:48:52,28866.25,28866.50,28860.50,28862.25,89,28862.25,28862.25,0.00
2026-06-11 09:48:53,28862.25,28871.00,28862.25,28868.25,95,28868.25,28868.25,0.00
2026-06-11 09:48:54,28868.00,28871.75,28868.00,28871.00,111,28871.00,28871.00,0.00
2026-06-11 09:48:55,28871.50,28871.75,28866.00,28866.75,86,28866.75,28866.75,0.00
2026-06-11 09:48:56,28864.75,28866.75,28862.75,28866.00,41,28866.00,28866.00,0.00
2026-06-11 09:48:57,28865.00,28865.75,28860.50,28861.25,57,28861.25,28861.25,0.00
2026-06-11 09:48:58,28862.50,28864.75,28860.25,28863.75,81,28863.75,28863.75,0.00
2026-06-11 09:48:59,28864.00,28868.00,28863.25,28866.75,60,28866.75,28866.75,0.00
2026-06-11 09:49:00,28867.25,28867.25,28860.50,28861.75,84,28861.75,28861.75,0.00
2026-06-11 09:49:01,28862.00,28864.00,28855.75,28859.00,194,28859.00,28859.00,0.00
2026-06-11 09:49:02,28859.75,28860.50,28852.50,28857.50,279,28857.50,28857.50,0.00
2026-06-11 09:49:03,28858.25,28859.00,28854.25,28855.50,157,28855.50,28855.50,0.00
2026-06-11 09:49:04,28855.50,28857.00,28847.00,28847.00,459,28847.00,28847.00,0.00
2026-06-11 09:49:05,28847.00,28848.75,28842.50,28844.00,476,28844.00,28844.00,0.00
2026-06-11 09:49:06,28843.50,28845.00,28840.50,28842.50,383,28842.50,28842.50,0.00
2026-06-11 09:49:07,28842.50,28850.25,28842.50,28849.50,260,28849.50,28849.50,0.00
2026-06-11 09:49:08,28850.00,28851.50,28845.25,28846.50,258,28846.50,28846.50,0.00
2026-06-11 09:49:09,28847.00,28848.25,28842.50,28843.00,185,28843.00,28843.00,0.00
2026-06-11 09:49:10,28843.25,28847.75,28842.25,28847.50,111,28847.50,28847.50,0.00
2026-06-11 09:49:11,28847.25,28852.00,28847.00,28850.00,165,28850.00,28850.00,0.00
2026-06-11 09:49:12,28849.75,28852.25,28849.25,28850.50,86,28850.50,28850.50,0.00
2026-06-11 09:49:13,28850.00,28861.00,28850.00,28859.00,263,28859.00,28859.00,0.00
2026-06-11 09:49:14,28859.25,28863.25,28859.00,28862.75,162,28862.75,28862.75,0.00
2026-06-11 09:49:15,28862.25,28868.75,28860.50,28863.75,245,28863.75,28863.75,0.00
2026-06-11 09:49:16,28863.50,28869.00,28860.75,28867.75,182,28867.75,28867.75,0.00
2026-06-11 09:49:17,28869.25,28869.50,28865.25,28866.50,134,28866.50,28866.50,0.00
2026-06-11 09:49:18,28865.75,28866.75,28862.25,28866.25,82,28866.25,28866.25,0.00
2026-06-11 09:49:19,28865.50,28868.25,28859.25,28863.00,124,28863.00,28863.00,0.00
2026-06-11 09:49:20,28862.25,28868.50,28861.50,28867.75,79,28867.75,28867.75,0.00
2026-06-11 09:49:21,28868.50,28868.50,28862.00,28866.00,158,28866.00,28866.00,0.00
2026-06-11 09:49:22,28866.00,28868.25,28860.25,28860.25,107,28860.25,28860.25,0.00
2026-06-11 09:49:23,28860.00,28860.00,28855.00,28855.00,117,28855.00,28855.00,0.00
2026-06-11 09:49:24,28855.50,28859.75,28855.00,28857.50,80,28857.50,28857.50,0.00
2026-06-11 09:49:25,28857.25,28858.25,28854.50,28855.75,58,28855.75,28855.75,0.00
2026-06-11 09:49:26,28856.25,28859.00,28854.50,28859.00,91,28859.00,28859.00,0.00
2026-06-11 09:49:27,28858.25,28861.75,28858.00,28858.75,132,28858.75,28858.75,0.00
2026-06-11 09:49:28,28858.75,28864.50,28858.50,28864.25,80,28864.25,28864.25,0.00
2026-06-11 09:49:29,28863.00,28865.50,28861.25,28863.00,44,28863.00,28863.00,0.00
2026-06-11 09:49:30,28863.75,28864.75,28861.50,28863.75,77,28863.75,28863.75,0.00
2026-06-11 09:49:31,28864.25,28864.25,28856.75,28858.75,194,28858.75,28858.75,0.00
2026-06-11 09:49:32,28859.75,28861.00,28858.25,28860.50,61,28860.50,28860.50,0.00
2026-06-11 09:49:33,28859.00,28865.00,28859.00,28861.25,80,28861.25,28861.25,0.00
2026-06-11 09:49:34,28861.25,28864.00,28860.75,28862.00,39,28862.00,28862.00,0.00
2026-06-11 09:49:35,28862.50,28865.00,28861.25,28862.25,76,28862.25,28862.25,0.00
2026-06-11 09:49:36,28862.50,28862.50,28846.25,28846.25,244,28846.25,28846.25,0.00
2026-06-11 09:49:37,28846.25,28848.00,28841.50,28843.75,277,28843.75,28843.75,0.00
2026-06-11 09:49:38,28844.50,28850.75,28844.25,28847.25,181,28847.25,28847.25,0.00
2026-06-11 09:49:39,28848.50,28851.00,28846.25,28849.25,93,28849.25,28849.25,0.00
2026-06-11 09:49:40,28849.50,28853.50,28846.25,28846.25,81,28846.25,28846.25,0.00
2026-06-11 09:49:41,28846.25,28849.75,28844.75,28849.75,87,28849.75,28849.75,0.00
2026-06-11 09:49:42,28848.75,28850.00,28846.50,28847.75,71,28847.75,28847.75,0.00
2026-06-11 09:49:43,28848.00,28850.25,28845.50,28846.25,121,28846.25,28846.25,0.00
2026-06-11 09:49:44,28846.50,28846.50,28837.00,28839.00,323,28839.00,28839.00,0.00
2026-06-11 09:49:45,28838.75,28839.75,28835.25,28835.25,310,28835.25,28835.25,0.00
2026-06-11 09:49:46,28835.00,28835.50,28825.75,28826.50,618,28826.50,28826.50,0.00
2026-06-11 09:49:47,28829.00,28842.00,28828.75,28836.00,444,28836.00,28836.00,0.00
2026-06-11 09:49:48,28836.50,28838.50,28833.50,28837.75,304,28837.75,28837.75,0.00
2026-06-11 09:49:49,28837.50,28837.50,28824.00,28826.75,326,28826.75,28826.75,0.00
2026-06-11 09:49:50,28826.75,28827.00,28822.00,28823.25,290,28823.25,28823.25,0.00
2026-06-11 09:49:51,28823.25,28824.00,28819.50,28822.75,399,28822.75,28822.75,0.00
2026-06-11 09:49:52,28822.25,28828.75,28822.25,28827.75,201,28827.75,28827.75,0.00
2026-06-11 09:49:53,28827.75,28828.25,28822.75,28823.75,215,28823.75,28823.75,0.00
2026-06-11 09:49:54,28823.00,28827.50,28820.50,28821.50,271,28821.50,28821.50,0.00
2026-06-11 09:49:55,28820.75,28821.75,28817.50,28821.00,262,28821.00,28821.00,0.00
2026-06-11 09:49:56,28820.00,28820.50,28811.25,28813.25,589,28813.25,28813.25,0.00
2026-06-11 09:49:57,28813.50,28818.25,28812.75,28817.75,194,28817.75,28817.75,0.00
2026-06-11 09:49:58,28817.75,28819.25,28816.00,28817.75,210,28817.75,28817.75,0.00
2026-06-11 09:49:59,28818.00,28821.50,28818.00,28819.25,140,28819.25,28819.25,0.00
2026-06-11 09:50:00,28818.75,28821.00,28815.00,28815.75,170,28815.75,28815.75,0.00
2026-06-11 09:50:01,28816.50,28830.25,28816.25,28830.25,301,28830.25,28830.25,0.00
2026-06-11 09:50:02,28830.50,28837.75,28829.00,28833.75,473,28833.75,28833.75,0.00
2026-06-11 09:50:03,28833.75,28836.25,28827.00,28831.00,361,28831.00,28831.00,0.00
2026-06-11 09:50:04,28830.75,28836.00,28830.75,28834.75,185,28834.75,28834.75,0.00
2026-06-11 09:50:05,28834.75,28836.50,28830.50,28831.25,231,28831.25,28831.25,0.00
2026-06-11 09:50:06,28831.50,28836.75,28830.75,28835.75,142,28835.75,28835.75,0.00
2026-06-11 09:50:07,28836.50,28842.75,28834.75,28840.50,373,28840.50,28840.50,0.00
2026-06-11 09:50:08,28840.25,28842.00,28834.75,28834.75,303,28834.75,28834.75,0.00
2026-06-11 09:50:09,28834.50,28841.00,28833.75,28838.75,246,28838.75,28838.75,0.00
2026-06-11 09:50:10,28839.75,28844.75,28837.75,28841.50,267,28841.50,28841.50,0.00
2026-06-11 09:50:11,28840.50,28843.25,28839.00,28842.25,112,28842.25,28842.25,0.00
2026-06-11 09:50:12,28843.25,28843.25,28838.75,28840.25,158,28840.25,28840.25,0.00
2026-06-11 09:50:13,28840.00,28842.75,28839.50,28841.50,126,28841.50,28841.50,0.00
2026-06-11 09:50:14,28841.25,28841.75,28837.75,28841.25,132,28841.25,28841.25,0.00
2026-06-11 09:50:15,28840.75,28847.00,28840.50,28845.75,229,28845.75,28845.75,0.00
2026-06-11 09:50:16,28845.75,28878.75,28843.25,28878.75,1257,28878.75,28878.75,0.00
2026-06-11 09:50:17,28870.50,28888.00,28870.50,28883.75,856,28883.75,28883.75,0.00
2026-06-11 09:50:18,28882.00,28882.00,28869.75,28871.50,344,28871.50,28871.50,0.00
2026-06-11 09:50:19,28870.50,28873.00,28863.25,28865.00,326,28865.00,28865.00,0.00
2026-06-11 09:50:20,28867.00,28868.50,28859.25,28862.25,375,28862.25,28862.25,0.00
2026-06-11 09:50:21,28861.75,28863.75,28858.00,28861.25,179,28861.25,28861.25,0.00
2026-06-11 09:50:22,28862.00,28869.50,28861.50,28866.25,167,28866.25,28866.25,0.00
2026-06-11 09:50:23,28867.00,28870.00,28864.25,28867.00,121,28867.00,28867.00,0.00
2026-06-11 09:50:24,28866.25,28876.50,28866.00,28874.25,208,28874.25,28874.25,0.00
2026-06-11 09:50:25,28874.75,28881.50,28874.50,28878.75,288,28878.75,28878.75,0.00
2026-06-11 09:50:26,28878.50,28898.75,28878.50,28896.50,671,28896.50,28896.50,0.00
2026-06-11 09:50:27,28895.50,28900.00,28890.00,28891.00,564,28891.00,28891.00,0.00
2026-06-11 09:50:28,28890.75,28896.25,28888.00,28891.75,409,28891.75,28891.75,0.00
2026-06-11 09:50:29,28892.50,28897.25,28890.50,28896.25,197,28896.25,28896.25,0.00
2026-06-11 09:50:30,28897.25,28897.25,28890.50,28891.75,249,28891.75,28891.75,0.00
2026-06-11 09:50:31,28892.00,28892.00,28881.50,28881.50,258,28881.50,28881.50,0.00
2026-06-11 09:50:32,28882.00,28889.75,28880.25,28888.25,237,28888.25,28888.25,0.00
2026-06-11 09:50:33,28887.00,28889.25,28884.50,28888.25,146,28888.25,28888.25,0.00
2026-06-11 09:50:34,28889.25,28892.00,28886.50,28892.00,130,28892.00,28892.00,0.00
2026-06-11 09:50:35,28892.00,28898.75,28891.75,28898.00,242,28898.00,28898.00,0.00
2026-06-11 09:50:36,28898.25,28906.25,28897.00,28904.00,506,28904.00,28904.00,0.00
2026-06-11 09:50:37,28904.75,28908.00,28898.75,28903.00,374,28903.00,28903.00,0.00
2026-06-11 09:50:38,28902.75,28904.25,28897.50,28899.00,315,28899.00,28899.00,0.00
2026-06-11 09:50:39,28899.00,28900.50,28895.00,28896.75,192,28896.75,28896.75,0.00
2026-06-11 09:50:40,28896.75,28899.50,28891.50,28898.75,256,28898.75,28898.75,0.00
2026-06-11 09:50:41,28897.75,28900.75,28893.25,28900.75,129,28900.75,28900.75,0.00
2026-06-11 09:50:42,28899.00,28901.75,28896.00,28897.25,124,28897.25,28897.25,0.00
2026-06-11 09:50:43,28897.75,28899.50,28892.25,28894.00,121,28894.00,28894.00,0.00
2026-06-11 09:50:44,28893.75,28893.75,28888.50,28890.25,197,28890.25,28890.25,0.00
2026-06-11 09:50:45,28890.25,28893.00,28888.25,28889.50,274,28889.50,28889.50,0.00
2026-06-11 09:50:46,28889.00,28895.00,28886.75,28893.00,188,28893.00,28893.00,0.00
2026-06-11 09:50:47,28892.75,28895.50,28891.50,28893.25,88,28893.25,28893.25,0.00
2026-06-11 09:50:48,28894.25,28894.50,28887.75,28888.75,98,28888.75,28888.75,0.00
2026-06-11 09:50:49,28888.75,28891.25,28883.25,28891.00,162,28891.00,28891.00,0.00
2026-06-11 09:50:50,28890.50,28899.50,28890.50,28899.25,132,28899.25,28899.25,0.00
2026-06-11 09:50:51,28898.75,28902.00,28897.25,28898.75,173,28898.75,28898.75,0.00
2026-06-11 09:50:52,28898.25,28901.75,28896.25,28901.75,253,28901.75,28901.75,0.00
2026-06-11 09:50:53,28902.00,28909.00,28901.75,28908.75,313,28908.75,28908.75,0.00
2026-06-11 09:50:54,28908.75,28916.50,28907.25,28916.50,591,28916.50,28916.50,0.00
2026-06-11 09:50:55,28916.75,28918.25,28914.50,28915.50,470,28915.50,28915.50,0.00
2026-06-11 09:50:56,28917.00,28917.00,28913.00,28913.50,228,28913.50,28913.50,0.00
2026-06-11 09:50:57,28913.25,28916.75,28912.00,28915.75,154,28915.75,28915.75,0.00
2026-06-11 09:50:58,28915.00,28917.25,28913.25,28916.25,194,28916.25,28916.25,0.00
2026-06-11 09:50:59,28917.50,28922.75,28917.25,28919.50,391,28919.50,28919.50,0.00
2026-06-11 09:51:00,28920.50,28926.50,28919.00,28925.25,465,28925.25,28925.25,0.00
2026-06-11 09:51:01,28924.75,28925.50,28919.50,28925.00,337,28925.00,28925.00,0.00
2026-06-11 09:51:02,28925.50,28926.75,28919.50,28925.50,264,28925.50,28925.50,0.00
2026-06-11 09:51:03,28925.25,28927.50,28921.50,28924.00,180,28924.00,28924.00,0.00
2026-06-11 09:51:04,28923.75,28924.25,28915.25,28921.50,274,28921.50,28921.50,0.00
2026-06-11 09:51:05,28921.50,28924.25,28919.50,28922.75,189,28922.75,28922.75,0.00
2026-06-11 09:51:06,28923.25,28923.75,28912.00,28912.50,206,28912.50,28912.50,0.00
2026-06-11 09:51:07,28912.25,28913.00,28908.25,28910.00,350,28910.00,28910.00,0.00
2026-06-11 09:51:08,28911.00,28916.75,28910.25,28916.75,160,28916.75,28916.75,0.00
2026-06-11 09:51:09,28916.75,28918.50,28914.25,28915.00,152,28915.00,28915.00,0.00
2026-06-11 09:51:10,28914.75,28916.00,28912.00,28915.00,101,28915.00,28915.00,0.00
2026-06-11 09:51:11,28914.75,28920.00,28914.00,28919.00,143,28919.00,28919.00,0.00
2026-06-11 09:51:12,28919.50,28921.25,28915.50,28917.25,136,28917.25,28917.25,0.00
2026-06-11 09:51:13,28917.75,28921.50,28917.00,28920.25,115,28920.25,28920.25,0.00
2026-06-11 09:51:14,28919.50,28924.25,28917.75,28917.75,174,28917.75,28917.75,0.00
2026-06-11 09:51:15,28918.00,28918.50,28910.75,28913.50,215,28913.50,28913.50,0.00
2026-06-11 09:51:16,28913.75,28917.50,28910.50,28917.50,200,28917.50,28917.50,0.00
2026-06-11 09:51:17,28916.50,28916.50,28913.50,28914.00,130,28914.00,28914.00,0.00
2026-06-11 09:51:18,28914.25,28915.00,28910.25,28912.75,82,28912.75,28912.75,0.00
2026-06-11 09:51:19,28911.25,28913.50,28910.25,28911.00,111,28911.00,28911.00,0.00
2026-06-11 09:51:20,28911.75,28912.25,28907.00,28910.25,143,28910.25,28910.25,0.00
2026-06-11 09:51:21,28910.25,28917.00,28910.25,28915.75,116,28915.75,28915.75,0.00
2026-06-11 09:51:22,28915.50,28920.50,28914.75,28919.75,170,28919.75,28919.75,0.00
2026-06-11 09:51:23,28919.50,28922.00,28917.50,28917.50,123,28917.50,28917.50,0.00
2026-06-11 09:51:24,28917.25,28918.50,28912.75,28914.00,155,28914.00,28914.00,0.00
2026-06-11 09:51:25,28914.00,28916.25,28911.50,28913.25,90,28913.25,28913.25,0.00
2026-06-11 09:51:26,28912.25,28915.75,28911.25,28915.75,79,28915.75,28915.75,0.00
2026-06-11 09:51:27,28915.50,28920.00,28913.75,28915.25,95,28915.25,28915.25,0.00
2026-06-11 09:51:28,28915.75,28916.50,28913.00,28914.75,89,28914.75,28914.75,0.00
2026-06-11 09:51:29,28914.50,28917.00,28911.25,28911.75,88,28911.75,28911.75,0.00
2026-06-11 09:51:30,28911.00,28915.25,28909.50,28914.00,197,28914.00,28914.00,0.00
2026-06-11 09:51:31,28914.00,28914.25,28909.75,28913.25,82,28913.25,28913.25,0.00
2026-06-11 09:51:32,28914.00,28919.00,28913.25,28917.25,95,28917.25,28917.25,0.00
2026-06-11 09:51:33,28918.25,28920.75,28915.50,28916.50,113,28916.50,28916.50,0.00
2026-06-11 09:51:34,28917.50,28920.75,28917.50,28920.75,69,28920.75,28920.75,0.00
2026-06-11 09:51:35,28920.75,28921.50,28917.00,28918.25,76,28918.25,28918.25,0.00
2026-06-11 09:51:36,28918.75,28921.25,28917.50,28919.00,69,28919.00,28919.00,0.00
2026-06-11 09:51:37,28918.75,28927.50,28918.75,28927.00,289,28927.00,28927.00,0.00
2026-06-11 09:51:38,28927.50,28944.00,28927.00,28939.75,1164,28939.75,28939.75,0.00
2026-06-11 09:51:39,28940.25,28944.25,28937.50,28942.00,570,28942.00,28942.00,0.00
2026-06-11 09:51:40,28942.00,28942.25,28930.50,28930.75,363,28930.75,28930.75,0.00
2026-06-11 09:51:41,28931.25,28937.50,28928.50,28929.00,254,28929.00,28929.00,0.00
2026-06-11 09:51:42,28928.25,28933.00,28928.25,28933.00,101,28933.00,28933.00,0.00
2026-06-11 09:51:43,28933.25,28936.00,28931.00,28936.00,162,28936.00,28936.00,0.00
2026-06-11 09:51:44,28935.75,28939.25,28935.75,28938.50,124,28938.50,28938.50,0.00
2026-06-11 09:51:45,28938.50,28941.50,28937.50,28940.50,135,28940.50,28940.50,0.00
2026-06-11 09:51:46,28940.25,28942.00,28936.75,28938.75,127,28938.75,28938.75,0.00
2026-06-11 09:51:47,28939.00,28940.00,28935.50,28937.75,168,28937.75,28937.75,0.00
2026-06-11 09:51:48,28938.25,28939.75,28935.50,28936.00,113,28936.00,28936.00,0.00
2026-06-11 09:51:49,28936.00,28936.25,28933.50,28935.00,99,28935.00,28935.00,0.00
2026-06-11 09:51:50,28935.50,28938.50,28934.75,28937.75,125,28937.75,28937.75,0.00
2026-06-11 09:51:51,28937.50,28941.50,28937.25,28940.50,161,28940.50,28940.50,0.00
2026-06-11 09:51:52,28940.25,28944.50,28938.50,28942.00,154,28942.00,28942.00,0.00
2026-06-11 09:51:53,28942.25,28953.25,28942.25,28949.75,678,28949.75,28949.75,0.00
2026-06-11 09:51:54,28950.75,28956.75,28950.00,28955.75,307,28955.75,28955.75,0.00
2026-06-11 09:51:55,28955.75,28960.00,28953.00,28959.25,485,28959.25,28959.25,0.00
2026-06-11 09:51:56,28958.75,28965.25,28958.00,28964.00,291,28964.00,28964.00,0.00
2026-06-11 09:51:57,28964.75,28968.00,28962.75,28965.25,356,28965.25,28965.25,0.00
2026-06-11 09:51:58,28965.75,28969.00,28965.50,28966.75,413,28966.75,28966.75,0.00
2026-06-11 09:51:59,28966.00,28966.50,28960.25,28961.50,431,28961.50,28961.50,0.00
2026-06-11 09:52:00,28960.75,28960.75,28946.25,28948.25,512,28948.25,28948.25,0.00
2026-06-11 09:52:01,28949.00,28951.25,28945.50,28950.50,385,28950.50,28950.50,0.00
2026-06-11 09:52:02,28950.00,28950.75,28940.75,28942.50,318,28942.50,28942.50,0.00
2026-06-11 09:52:03,28942.75,28947.00,28941.50,28945.25,216,28945.25,28945.25,0.00
2026-06-11 09:52:04,28945.75,28948.50,28944.00,28948.50,310,28948.50,28948.50,0.00
2026-06-11 09:52:05,28949.25,28956.75,28948.00,28955.00,199,28955.00,28955.00,0.00
2026-06-11 09:52:06,28956.00,28958.00,28953.50,28955.75,262,28955.75,28955.75,0.00
2026-06-11 09:52:07,28956.25,28957.50,28950.75,28950.75,140,28950.75,28950.75,0.00
2026-06-11 09:52:08,28951.50,28951.50,28943.25,28943.75,152,28943.75,28943.75,0.00
2026-06-11 09:52:09,28943.00,28950.00,28942.75,28947.25,159,28947.25,28947.25,0.00
2026-06-11 09:52:10,28947.75,28952.25,28947.00,28949.00,158,28949.00,28949.00,0.00
2026-06-11 09:52:11,28948.50,28950.00,28946.25,28946.50,109,28946.50,28946.50,0.00
2026-06-11 09:52:12,28946.50,28949.50,28942.25,28944.25,140,28944.25,28944.25,0.00
2026-06-11 09:52:13,28944.75,28949.75,28944.75,28949.75,164,28949.75,28949.75,0.00
2026-06-11 09:52:14,28950.00,28951.00,28946.25,28946.25,78,28946.25,28946.25,0.00
2026-06-11 09:52:15,28946.50,28946.50,28944.00,28945.25,94,28945.25,28945.25,0.00
2026-06-11 09:52:16,28945.50,28953.00,28944.25,28950.75,154,28950.75,28950.75,0.00
2026-06-11 09:52:17,28951.00,28955.00,28951.00,28951.50,129,28951.50,28951.50,0.00
2026-06-11 09:52:18,28951.75,28956.50,28950.50,28954.00,120,28954.00,28954.00,0.00
2026-06-11 09:52:19,28954.25,28956.25,28951.50,28952.00,133,28952.00,28952.00,0.00
2026-06-11 09:52:20,28950.75,28957.25,28950.00,28956.00,72,28956.00,28956.00,0.00
2026-06-11 09:52:21,28957.00,28957.25,28951.00,28952.00,96,28952.00,28952.00,0.00
2026-06-11 09:52:22,28952.00,28953.50,28950.50,28952.75,141,28952.75,28952.75,0.00
2026-06-11 09:52:23,28952.25,28957.75,28951.50,28957.25,104,28957.25,28957.25,0.00
2026-06-11 09:52:24,28957.25,28959.00,28955.00,28956.00,123,28956.00,28956.00,0.00
2026-06-11 09:52:25,28957.75,28957.75,28947.50,28950.25,187,28950.25,28950.25,0.00
2026-06-11 09:52:26,28950.50,28952.00,28949.00,28949.50,86,28949.50,28949.50,0.00
2026-06-11 09:52:27,28949.75,28950.00,28945.25,28945.25,190,28945.25,28945.25,0.00
2026-06-11 09:52:28,28946.50,28946.75,28942.50,28943.00,172,28943.00,28943.00,0.00
2026-06-11 09:52:29,28942.50,28950.75,28942.50,28949.75,198,28949.75,28949.75,0.00
2026-06-11 09:52:30,28950.00,28952.25,28946.50,28950.00,85,28950.00,28950.00,0.00
2026-06-11 09:52:31,28949.25,28954.00,28947.50,28952.50,96,28952.50,28952.50,0.00
2026-06-11 09:52:32,28951.75,28951.75,28946.50,28950.25,103,28950.25,28950.25,0.00
2026-06-11 09:52:33,28950.75,28951.00,28944.00,28944.00,87,28944.00,28944.00,0.00
2026-06-11 09:52:34,28944.00,28944.00,28934.50,28938.75,436,28938.75,28938.75,0.00
2026-06-11 09:52:35,28938.50,28940.25,28935.75,28938.25,161,28938.25,28938.25,0.00
2026-06-11 09:52:36,28938.50,28939.50,28934.50,28937.00,119,28937.00,28937.00,0.00
2026-06-11 09:52:37,28938.25,28939.75,28935.25,28936.75,78,28936.75,28936.75,0.00
2026-06-11 09:52:38,28936.25,28941.25,28934.50,28940.25,102,28940.25,28940.25,0.00
2026-06-11 09:52:39,28939.75,28944.75,28938.50,28944.75,141,28944.75,28944.75,0.00
2026-06-11 09:52:40,28945.00,28948.75,28944.75,28947.00,150,28947.00,28947.00,0.00
2026-06-11 09:52:41,28946.50,28948.00,28943.25,28948.00,96,28948.00,28948.00,0.00
2026-06-11 09:52:42,28947.00,28950.50,28946.75,28948.25,81,28948.25,28948.25,0.00
2026-06-11 09:52:43,28948.25,28954.25,28948.25,28954.25,135,28954.25,28954.25,0.00
2026-06-11 09:52:44,28955.00,28956.50,28949.25,28950.75,134,28950.75,28950.75,0.00
2026-06-11 09:52:45,28950.50,28951.50,28946.00,28948.00,123,28948.00,28948.00,0.00
2026-06-11 09:52:46,28947.75,28953.75,28946.75,28953.75,62,28953.75,28953.75,0.00
2026-06-11 09:52:47,28953.50,28964.00,28953.25,28962.50,226,28962.50,28962.50,0.00
2026-06-11 09:52:48,28963.00,28963.50,28959.25,28959.25,231,28959.25,28959.25,0.00
2026-06-11 09:52:49,28959.75,28963.75,28957.75,28963.75,173,28963.75,28963.75,0.00
2026-06-11 09:52:50,28963.25,28966.75,28959.75,28961.75,211,28961.75,28961.75,0.00
2026-06-11 09:52:51,28961.50,28965.25,28955.75,28964.50,214,28964.50,28964.50,0.00
2026-06-11 09:52:52,28964.25,28973.25,28963.75,28972.75,507,28972.75,28972.75,0.00
2026-06-11 09:52:53,28973.00,28975.25,28971.00,28972.00,322,28972.00,28972.00,0.00
2026-06-11 09:52:54,28972.75,28975.75,28971.50,28973.00,293,28973.00,28973.00,0.00
2026-06-11 09:52:55,28973.00,28974.75,28969.00,28970.25,144,28970.25,28970.25,0.00
2026-06-11 09:52:56,28969.75,28970.25,28962.50,28964.25,207,28964.25,28964.25,0.00
2026-06-11 09:52:57,28964.50,28967.75,28963.75,28966.00,132,28966.00,28966.00,0.00
2026-06-11 09:52:58,28966.00,28972.00,28965.75,28972.00,141,28972.00,28972.00,0.00
2026-06-11 09:52:59,28970.75,28973.25,28969.50,28970.75,148,28970.75,28970.75,0.00
2026-06-11 09:53:00,28970.75,28979.00,28970.25,28977.25,306,28977.25,28977.25,0.00
2026-06-11 09:53:01,28978.00,28980.00,28975.75,28976.75,415,28976.75,28976.75,0.00
2026-06-11 09:53:02,28976.75,28976.75,28961.00,28961.00,282,28961.00,28961.00,0.00
2026-06-11 09:53:03,28962.25,28964.50,28958.50,28963.25,260,28963.25,28963.25,0.00
2026-06-11 09:53:04,28963.75,28963.75,28956.00,28960.75,227,28960.75,28960.75,0.00
2026-06-11 09:53:05,28960.75,28963.00,28955.50,28958.00,153,28958.00,28958.00,0.00
2026-06-11 09:53:06,28958.25,28959.50,28952.75,28957.25,189,28957.25,28957.25,0.00
2026-06-11 09:53:07,28957.75,28958.75,28954.00,28955.75,128,28955.75,28955.75,0.00
2026-06-11 09:53:08,28955.50,28958.25,28953.75,28955.75,124,28955.75,28955.75,0.00
2026-06-11 09:53:09,28957.00,28959.25,28956.25,28957.00,102,28957.00,28957.00,0.00
2026-06-11 09:53:10,28957.25,28965.50,28957.25,28965.25,111,28965.25,28965.25,0.00
2026-06-11 09:53:11,28964.75,28969.75,28962.00,28968.25,242,28968.25,28968.25,0.00
2026-06-11 09:53:12,28968.50,28971.00,28966.75,28970.25,98,28970.25,28970.25,0.00
2026-06-11 09:53:13,28970.50,28971.00,28963.00,28963.75,119,28963.75,28963.75,0.00
2026-06-11 09:53:14,28963.00,28964.75,28960.50,28962.75,95,28962.75,28962.75,0.00
2026-06-11 09:53:15,28962.50,28962.50,28958.00,28958.00,64,28958.00,28958.00,0.00
2026-06-11 09:53:16,28957.75,28963.75,28957.50,28963.75,112,28963.75,28963.75,0.00
2026-06-11 09:53:17,28963.25,28964.25,28959.00,28959.50,135,28959.50,28959.50,0.00
2026-06-11 09:53:18,28959.00,28965.00,28958.25,28964.50,112,28964.50,28964.50,0.00
2026-06-11 09:53:19,28965.00,28969.75,28964.50,28968.75,203,28968.75,28968.75,0.00
2026-06-11 09:53:20,28967.50,28975.00,28966.25,28973.50,134,28973.50,28973.50,0.00
2026-06-11 09:53:21,28974.25,28978.25,28974.00,28975.00,126,28975.00,28975.00,0.00
2026-06-11 09:53:22,28975.25,28976.00,28972.50,28976.00,94,28976.00,28976.00,0.00
2026-06-11 09:53:23,28975.25,28977.00,28974.00,28976.25,102,28976.25,28976.25,0.00
2026-06-11 09:53:24,28975.25,28976.75,28973.00,28975.50,97,28975.50,28975.50,0.00
2026-06-11 09:53:25,28974.75,28977.75,28974.25,28976.00,68,28976.00,28976.00,0.00
2026-06-11 09:53:26,28976.75,28977.00,28973.25,28973.25,102,28973.25,28973.25,0.00
2026-06-11 09:53:27,28973.25,28978.00,28973.25,28977.25,73,28977.25,28977.25,0.00
2026-06-11 09:53:28,28976.50,28978.50,28975.50,28977.00,117,28977.00,28977.00,0.00
2026-06-11 09:53:29,28977.25,28977.25,28970.00,28970.50,136,28970.50,28970.50,0.00
2026-06-11 09:53:30,28971.25,28981.50,28970.00,28980.25,240,28980.25,28980.25,0.00
2026-06-11 09:53:31,28980.50,28983.50,28979.75,28979.75,194,28979.75,28979.75,0.00
2026-06-11 09:53:32,28980.75,28981.50,28976.00,28977.00,232,28977.00,28977.00,0.00
2026-06-11 09:53:33,28975.50,28979.75,28975.50,28977.25,93,28977.25,28977.25,0.00
2026-06-11 09:53:34,28977.50,28979.75,28976.25,28978.75,85,28978.75,28978.75,0.00
2026-06-11 09:53:35,28979.50,28986.50,28979.50,28986.25,312,28986.25,28986.25,0.00
2026-06-11 09:53:36,28986.50,28991.75,28986.00,28989.50,409,28989.50,28989.50,0.00
2026-06-11 09:53:37,28989.00,28993.75,28988.25,28992.25,194,28992.25,28992.25,0.00
2026-06-11 09:53:38,28993.75,28994.00,28989.50,28990.25,169,28990.25,28990.25,0.00
2026-06-11 09:53:39,28990.00,28991.75,28987.25,28990.75,159,28990.75,28990.75,0.00
2026-06-11 09:53:40,28991.25,28994.50,28990.50,28994.25,101,28994.25,28994.25,0.00
2026-06-11 09:53:41,28993.50,28998.00,28993.00,28997.75,313,28997.75,28997.75,0.00
2026-06-11 09:53:42,28998.00,28998.75,28991.75,28991.75,265,28991.75,28991.75,0.00
2026-06-11 09:53:43,28992.00,28993.25,28984.75,28985.25,222,28985.25,28985.25,0.00
2026-06-11 09:53:44,28984.50,28985.25,28978.00,28980.75,309,28980.75,28980.75,0.00
2026-06-11 09:53:45,28981.50,28981.50,28973.00,28973.00,308,28973.00,28973.00,0.00
2026-06-11 09:53:46,28973.00,28978.75,28970.50,28978.50,324,28978.50,28978.50,0.00
2026-06-11 09:53:47,28978.00,28981.00,28977.75,28980.25,106,28980.25,28980.25,0.00
2026-06-11 09:53:48,28980.25,28989.00,28979.50,28988.00,165,28988.00,28988.00,0.00
2026-06-11 09:53:49,28988.00,28995.75,28987.50,28993.75,195,28993.75,28993.75,0.00
2026-06-11 09:53:50,28994.50,28994.50,28989.50,28991.25,123,28991.25,28991.25,0.00
2026-06-11 09:53:51,28989.75,28992.25,28988.75,28992.25,80,28992.25,28992.25,0.00
2026-06-11 09:53:52,28992.00,28995.50,28990.25,28995.50,215,28995.50,28995.50,0.00
2026-06-11 09:53:53,28994.50,28999.00,28994.50,28995.50,202,28995.50,28995.50,0.00
2026-06-11 09:53:54,28995.25,28997.50,28992.25,28992.50,120,28992.50,28992.50,0.00
2026-06-11 09:53:55,28992.75,28997.00,28989.50,28995.50,127,28995.50,28995.50,0.00
2026-06-11 09:53:56,28994.75,28999.00,28994.25,28998.50,131,28998.50,28998.50,0.00
2026-06-11 09:53:57,28998.25,28999.25,28996.00,28997.50,152,28997.50,28997.50,0.00
2026-06-11 09:53:58,28997.25,28998.75,28994.50,28995.75,165,28995.75,28995.75,0.00
2026-06-11 09:53:59,28995.00,28996.75,28994.50,28996.00,79,28996.00,28996.00,0.00
2026-06-11 09:54:00,28995.25,28998.50,28993.00,28996.25,120,28996.25,28996.25,0.00
2026-06-11 09:54:01,28996.25,29005.00,28993.75,29005.00,641,29005.00,29005.00,0.00
2026-06-11 09:54:02,29005.50,29010.00,29004.50,29007.50,497,29007.50,29007.50,0.00
2026-06-11 09:54:03,29006.50,29014.75,29005.50,29010.25,567,29010.25,29010.25,0.00
2026-06-11 09:54:04,29010.75,29012.25,29004.75,29009.75,333,29009.75,29009.75,0.00
2026-06-11 09:54:05,29009.50,29012.25,29005.25,29006.75,370,29006.75,29006.75,0.00
2026-06-11 09:54:06,29007.00,29010.75,29006.75,29009.25,165,29009.25,29009.25,0.00
2026-06-11 09:54:07,29009.75,29011.00,29006.75,29007.75,111,29007.75,29007.75,0.00
2026-06-11 09:54:08,29007.25,29008.75,29000.25,29002.00,198,29002.00,29002.00,0.00
2026-06-11 09:54:09,29002.00,29006.75,29001.75,29006.75,177,29006.75,29006.75,0.00
2026-06-11 09:54:10,29006.50,29008.00,29003.50,29006.00,147,29006.00,29006.00,0.00
2026-06-11 09:54:11,29005.50,29006.50,29002.00,29005.50,147,29005.50,29005.50,0.00
2026-06-11 09:54:12,29006.25,29006.75,29001.50,29006.75,116,29006.75,29006.75,0.00
2026-06-11 09:54:13,29006.00,29008.25,29003.25,29005.50,156,29005.50,29005.50,0.00
2026-06-11 09:54:14,29004.25,29004.25,29000.50,29001.50,94,29001.50,29001.50,0.00
2026-06-11 09:54:15,29002.00,29002.75,28994.00,28999.50,425,28999.50,28999.50,0.00
2026-06-11 09:54:16,28999.25,29000.75,28995.75,29000.75,146,29000.75,29000.75,0.00
2026-06-11 09:54:17,28999.50,29002.00,28996.00,28996.00,249,28996.00,28996.00,0.00
2026-06-11 09:54:18,28996.25,29000.00,28994.00,28997.50,123,28997.50,28997.50,0.00
2026-06-11 09:54:19,28997.50,28999.00,28996.50,28997.50,87,28997.50,28997.50,0.00
2026-06-11 09:54:20,28998.75,29005.50,28998.75,29004.25,125,29004.25,29004.25,0.00
2026-06-11 09:54:21,29005.00,29005.00,29001.00,29003.75,73,29003.75,29003.75,0.00
2026-06-11 09:54:22,29004.25,29007.25,29003.50,29006.50,96,29006.50,29006.50,0.00
2026-06-11 09:54:23,29007.00,29007.25,29001.25,29001.25,87,29001.25,29001.25,0.00
2026-06-11 09:54:24,29000.75,29000.75,28993.75,28994.00,171,28994.00,28994.00,0.00
2026-06-11 09:54:25,28993.50,28994.00,28987.50,28990.75,360,28990.75,28990.75,0.00
2026-06-11 09:54:26,28991.00,28991.75,28984.25,28985.25,198,28985.25,28985.25,0.00
2026-06-11 09:54:27,28985.00,28988.00,28979.75,28982.75,333,28982.75,28982.75,0.00
2026-06-11 09:54:28,28982.75,28989.50,28982.75,28988.75,179,28988.75,28988.75,0.00
2026-06-11 09:54:29,28989.00,28991.25,28986.00,28988.75,158,28988.75,28988.75,0.00
2026-06-11 09:54:30,28989.50,28994.00,28989.25,28990.00,78,28990.00,28990.00,0.00
2026-06-11 09:54:31,28989.75,28996.75,28988.00,28994.25,117,28994.25,28994.25,0.00
2026-06-11 09:54:32,28995.00,28997.75,28993.50,28995.75,95,28995.75,28995.75,0.00
2026-06-11 09:54:33,28995.50,28998.50,28994.75,28997.75,72,28997.75,28997.75,0.00
2026-06-11 09:54:34,28997.25,28997.75,28990.00,28990.75,122,28990.75,28990.75,0.00
2026-06-11 09:54:35,28991.25,28993.25,28990.25,28992.75,54,28992.75,28992.75,0.00
2026-06-11 09:54:36,28992.75,28995.25,28991.50,28993.75,92,28993.75,28993.75,0.00
2026-06-11 09:54:37,28993.00,28993.00,28988.25,28991.00,88,28991.00,28991.00,0.00
2026-06-11 09:54:38,28991.25,28993.75,28987.75,28989.50,112,28989.50,28989.50,0.00
2026-06-11 09:54:39,28989.25,28989.25,28983.25,28983.75,111,28983.75,28983.75,0.00
2026-06-11 09:54:40,28984.00,28986.50,28982.75,28983.00,116,28983.00,28983.00,0.00
2026-06-11 09:54:41,28984.00,28986.50,28983.00,28983.75,71,28983.75,28983.75,0.00
2026-06-11 09:54:42,28984.00,28986.75,28981.75,28982.25,93,28982.25,28982.25,0.00
2026-06-11 09:54:43,28982.75,28988.25,28981.25,28985.25,130,28985.25,28985.25,0.00
2026-06-11 09:54:44,28986.00,28991.75,28986.00,28990.75,176,28990.75,28990.75,0.00
2026-06-11 09:54:45,28988.75,28991.25,28986.50,28991.25,101,28991.25,28991.25,0.00
2026-06-11 09:54:46,28991.75,28991.75,28983.50,28986.50,183,28986.50,28986.50,0.00
2026-06-11 09:54:47,28986.25,28990.75,28986.00,28988.50,144,28988.50,28988.50,0.00
2026-06-11 09:54:48,28989.75,28990.50,28986.50,28988.50,67,28988.50,28988.50,0.00
2026-06-11 09:54:49,28987.50,28987.75,28983.25,28984.50,92,28984.50,28984.50,0.00
2026-06-11 09:54:50,28986.00,28988.50,28985.00,28986.75,112,28986.75,28986.75,0.00
2026-06-11 09:54:51,28986.50,28988.75,28986.25,28986.75,34,28986.75,28986.75,0.00
2026-06-11 09:54:52,28985.50,28987.00,28983.75,28985.50,66,28985.50,28985.50,0.00
2026-06-11 09:54:53,28986.50,28987.25,28980.00,28986.50,339,28986.50,28986.50,0.00
2026-06-11 09:54:54,28986.25,28986.25,28977.75,28978.00,130,28978.00,28978.00,0.00
2026-06-11 09:54:55,28977.75,28979.00,28972.50,28973.50,348,28973.50,28973.50,0.00
2026-06-11 09:54:56,28973.75,28974.75,28970.50,28972.00,392,28972.00,28972.00,0.00
2026-06-11 09:54:57,28972.25,28973.50,28963.00,28967.50,417,28967.50,28967.50,0.00
2026-06-11 09:54:58,28967.50,28971.25,28964.00,28971.00,231,28971.00,28971.00,0.00
2026-06-11 09:54:59,28970.50,28972.75,28968.25,28970.00,166,28970.00,28970.00,0.00
2026-06-11 09:55:00,28970.00,28970.75,28967.75,28968.75,144,28967.50,28968.25,0.75
2026-06-11 09:55:01,28968.50,28972.75,28965.50,28968.00,360,28966.25,28967.00,0.75
2026-06-11 09:55:02,28967.50,28970.00,28963.25,28967.75,308,28966.25,28967.00,0.75
2026-06-11 09:55:03,28967.00,28976.00,28967.00,28974.25,228,28981.00,28981.50,0.50
2026-06-11 09:55:04,28974.75,28981.25,28970.50,28981.25,245,28981.00,28981.50,0.50
2026-06-11 09:55:05,28981.00,28981.75,28977.75,28981.75,245,28981.00,28981.50,0.50
2026-06-11 09:55:06,28981.50,28985.00,28980.25,28983.50,247,28984.00,28984.75,0.75
2026-06-11 09:55:07,28984.25,28988.50,28982.50,28984.75,239,28985.00,28985.75,0.75
2026-06-11 09:55:08,28984.75,28990.75,28983.00,28985.00,190,28984.75,28985.50,0.75
2026-06-11 09:55:09,28985.75,28987.25,28984.50,28985.50,116,28978.50,28979.00,0.50
2026-06-11 09:55:10,28984.25,28985.00,28977.75,28978.75,200,28973.50,28974.25,0.75
2026-06-11 09:55:11,28978.25,28978.50,28971.75,28974.25,273,28974.75,28975.50,0.75
2026-06-11 09:55:12,28973.25,28976.00,28971.75,28975.50,212,28974.75,28975.50,0.75
2026-06-11 09:55:13,28975.00,28982.25,28973.25,28981.25,160,28989.00,28989.50,0.50
2026-06-11 09:55:14,28980.75,28989.50,28980.75,28989.00,147,28986.00,28986.75,0.75
2026-06-11 09:55:15,28989.00,28990.00,28984.50,28986.75,130,28981.50,28981.75,0.25
2026-06-11 09:55:16,28985.50,28985.50,28980.50,28981.25,115,28985.75,28986.25,0.50
2026-06-11 09:55:17,28981.75,28986.50,28981.25,28986.50,83,28977.50,28978.00,0.50
2026-06-11 09:55:18,28985.75,28986.25,28977.00,28977.75,154,28975.00,28975.75,0.75
2026-06-11 09:55:19,28977.50,28977.50,28971.25,28975.25,160,28974.50,28975.00,0.50
2026-06-11 09:55:20,28975.00,28975.00,28971.00,28974.50,111,28974.50,28975.00,0.50
2026-06-11 09:55:21,28974.75,28975.00,28969.25,28972.75,206,28972.25,28973.00,0.75
2026-06-11 09:55:22,28973.00,28973.50,28970.25,28972.00,84,28972.00,28972.75,0.75
2026-06-11 09:55:23,28972.00,28972.75,28969.75,28971.00,128,28970.25,28970.50,0.25
2026-06-11 09:55:24,28970.50,28972.00,28965.25,28966.75,287,28966.75,28967.50,0.75
2026-06-11 09:55:25,28967.00,28975.25,28966.75,28973.00,174,28972.75,28973.25,0.50
2026-06-11 09:55:26,28973.00,28974.00,28971.00,28971.75,91,28971.75,28972.25,0.50
2026-06-11 09:55:27,28972.50,28973.50,28969.25,28969.25,110,28969.75,28970.25,0.50
2026-06-11 09:55:28,28969.50,28974.75,28967.25,28971.00,190,28975.50,28976.00,0.50
2026-06-11 09:55:29,28971.50,28978.75,28971.25,28976.25,133,28972.25,28972.75,0.50
2026-06-11 09:55:30,28976.00,28976.25,28972.25,28972.75,65,28976.25,28976.75,0.50
2026-06-11 09:55:31,28973.00,28976.50,28968.50,28975.50,107,28979.00,28979.50,0.50
2026-06-11 09:55:32,28976.00,28981.50,28974.75,28980.00,156,28983.25,28983.75,0.50
2026-06-11 09:55:33,28979.75,28983.25,28978.50,28983.25,119,28979.75,28980.50,0.75
2026-06-11 09:55:34,28983.75,28984.50,28980.00,28980.00,97,28979.75,28980.50,0.75
2026-06-11 09:55:35,28979.75,28981.25,28976.25,28980.50,108,28981.75,28982.00,0.25
2026-06-11 09:55:36,28981.25,28985.50,28981.00,28981.75,89,28983.00,28983.50,0.50
2026-06-11 09:55:37,28981.75,28984.00,28981.75,28983.00,48,28983.00,28983.50,0.50
2026-06-11 09:55:38,28983.25,28983.50,28975.50,28980.25,155,28983.50,28984.25,0.75
2026-06-11 09:55:39,28980.75,28985.00,28980.75,28984.25,92,28983.50,28984.25,0.75
2026-06-11 09:55:40,28983.75,28985.50,28982.75,28983.75,114,28983.00,28983.50,0.50
2026-06-11 09:55:41,28984.25,28984.25,28981.50,28983.25,73,28983.00,28983.50,0.50
2026-06-11 09:55:42,28983.25,28985.25,28981.75,28982.50,119,28983.25,28983.75,0.50
2026-06-11 09:55:43,28982.25,28986.25,28982.25,28983.75,72,28983.25,28983.75,0.50
2026-06-11 09:55:44,28983.25,28987.50,28980.75,28981.50,138,28987.00,28987.50,0.50
2026-06-11 09:55:45,28982.00,28989.50,28982.00,28987.25,309,28985.50,28986.00,0.50
2026-06-11 09:55:46,28987.50,28989.25,28983.75,28985.50,111,28994.25,28994.75,0.50
2026-06-11 09:55:47,28985.50,28996.00,28985.25,28994.75,255,28996.25,28997.00,0.75
2026-06-11 09:55:48,28994.75,28998.25,28992.25,28997.00,190,28995.00,28995.50,0.50
2026-06-11 09:55:49,28996.25,28997.25,28994.50,28995.50,145,28990.75,28991.25,0.50
2026-06-11 09:55:50,28995.50,28996.25,28990.25,28990.50,157,28987.25,28987.75,0.50
2026-06-11 09:55:51,28991.25,28992.00,28987.25,28987.25,123,28990.75,28991.50,0.75
2026-06-11 09:55:52,28987.75,28991.50,28987.25,28991.50,87,28989.25,28989.50,0.25
2026-06-11 09:55:53,28992.00,28992.50,28989.25,28989.25,60,28985.00,28985.50,0.50
2026-06-11 09:55:54,28989.25,28989.25,28983.75,28984.50,124,28985.00,28985.50,0.50
2026-06-11 09:55:55,28985.50,28992.25,28985.50,28990.75,70,28995.00,28995.50,0.50
2026-06-11 09:55:56,28990.75,28995.50,28990.75,28995.50,63,29002.75,29003.25,0.50
2026-06-11 09:55:57,28995.50,29004.50,28995.50,29003.25,405,29002.75,29003.25,0.50
2026-06-11 09:55:58,29003.25,29004.00,29000.50,29004.00,168,29003.00,29003.50,0.50
2026-06-11 09:55:59,29003.50,29005.00,29001.50,29005.00,184,29004.25,29005.00,0.75
2026-06-11 09:56:00,29005.00,29009.50,29005.00,29005.50,280,29001.00,29001.50,0.50
2026-06-11 09:56:01,29005.00,29006.75,29001.25,29001.50,302,28992.25,28993.00,0.75
2026-06-11 09:56:02,29001.50,29001.50,28990.50,28992.75,271,28990.75,28991.50,0.75
2026-06-11 09:56:03,28993.00,28993.25,28987.00,28990.50,174,28988.00,28988.75,0.75
2026-06-11 09:56:04,28990.25,28991.25,28985.75,28988.75,141,28989.75,28990.50,0.75
2026-06-11 09:56:05,28989.50,28992.00,28987.25,28990.25,211,28990.25,28990.75,0.50
2026-06-11 09:56:06,28989.75,28991.25,28989.50,28990.50,91,28993.25,28993.75,0.50
2026-06-11 09:56:07,28990.00,28995.50,28989.50,28993.75,124,28997.25,28997.75,0.50
2026-06-11 09:56:08,28994.00,28997.25,28992.25,28996.50,60,28997.25,28997.75,0.50
2026-06-11 09:56:09,28997.25,28997.50,28985.75,28987.50,97,28986.50,28987.00,0.50
2026-06-11 09:56:10,28987.75,28988.25,28984.25,28986.75,141,28986.50,28987.00,0.50
2026-06-11 09:56:11,28987.00,28988.00,28982.50,28985.25,128,28985.75,28986.25,0.50
2026-06-11 09:56:12,28984.75,28987.75,28984.75,28986.00,79,28985.75,28986.25,0.50
2026-06-11 09:56:13,28986.00,28986.00,28978.50,28979.75,229,28981.50,28982.00,0.50
2026-06-11 09:56:14,28979.75,28983.25,28978.50,28981.75,351,28982.50,28983.25,0.75
2026-06-11 09:56:15,28981.50,28982.50,28977.50,28980.75,152,28982.50,28983.25,0.75
2026-06-11 09:56:16,28982.50,28990.75,28981.75,28990.75,218,28989.00,28989.75,0.75
2026-06-11 09:56:17,28991.25,28992.25,28989.00,28989.50,75,28989.50,28990.00,0.50
2026-06-11 09:56:18,28989.00,28991.25,28988.25,28989.75,76,28986.50,28987.00,0.50
2026-06-11 09:56:19,28990.50,28990.50,28984.50,28986.25,109,28991.00,28991.50,0.50
2026-06-11 09:56:20,28986.50,28990.75,28986.50,28990.75,54,28988.25,28988.75,0.50
2026-06-11 09:56:21,28990.75,28991.25,28987.25,28989.00,72,28981.25,28981.75,0.50
2026-06-11 09:56:22,28988.50,28989.50,28980.75,28981.00,197,28981.25,28981.75,0.50
2026-06-11 09:56:23,28981.50,28984.00,28976.50,28976.75,221,28976.25,28977.00,0.75
2026-06-11 09:56:24,28976.50,28976.75,28973.50,28974.75,192,28979.25,28979.75,0.50
2026-06-11 09:56:25,28974.75,28980.50,28973.75,28980.50,137,28978.50,28979.00,0.50
2026-06-11 09:56:26,28979.25,28980.75,28977.50,28978.75,78,28973.50,28974.25,0.75
2026-06-11 09:56:27,28979.00,28979.50,28972.50,28973.75,195,28976.75,28977.25,0.50
2026-06-11 09:56:28,28974.25,28977.75,28972.75,28977.00,166,28978.00,28978.50,0.50
2026-06-11 09:56:29,28977.25,28979.25,28974.25,28978.25,89,28979.75,28980.25,0.50
2026-06-11 09:56:30,28978.50,28981.75,28977.75,28980.00,123,28980.00,28980.50,0.50
2026-06-11 09:56:31,28979.75,28981.75,28978.75,28979.75,148,28979.25,28980.00,0.75
2026-06-11 09:56:32,28980.25,28980.25,28977.00,28979.75,85,28973.00,28973.50,0.50
2026-06-11 09:56:33,28979.75,28979.75,28972.50,28973.50,75,28974.75,28975.25,0.50
2026-06-11 09:56:34,28973.50,28975.25,28971.00,28975.25,139,28976.50,28977.00,0.50
2026-06-11 09:56:35,28974.75,28976.75,28974.25,28976.50,98,28981.75,28982.25,0.50
2026-06-11 09:56:36,28977.25,28983.00,28977.25,28981.50,109,28983.25,28983.75,0.50
2026-06-11 09:56:37,28982.00,28988.25,28982.00,28983.50,153,28981.50,28982.00,0.50
2026-06-11 09:56:38,28983.75,28983.75,28978.75,28982.00,69,28985.00,28985.50,0.50
2026-06-11 09:56:39,28981.50,28985.25,28980.50,28985.25,73,28979.75,28980.00,0.25
2026-06-11 09:56:40,28985.00,28985.00,28976.50,28979.75,186,28980.25,28980.75,0.50
2026-06-11 09:56:41,28980.00,28982.75,28979.75,28980.50,61,28980.50,28980.75,0.25
2026-06-11 09:56:42,28980.50,28985.00,28980.25,28981.00,106,28974.50,28975.00,0.50
2026-06-11 09:56:43,28980.00,28980.00,28974.00,28974.25,99,28971.75,28972.50,0.75
2026-06-11 09:56:44,28974.75,28976.50,28972.00,28972.25,97,28971.50,28972.25,0.75
2026-06-11 09:56:45,28972.50,28973.50,28970.25,28971.50,124,28969.25,28969.75,0.50
2026-06-11 09:56:46,28971.50,28972.75,28967.75,28969.00,167,28970.25,28971.00,0.75
2026-06-11 09:56:47,28969.00,28972.25,28967.50,28969.75,98,28971.00,28971.50,0.50
2026-06-11 09:56:48,28971.00,28973.75,28970.25,28971.25,129,28972.25,28972.75,0.50
2026-06-11 09:56:49,28971.75,28973.50,28970.75,28972.25,60,28972.50,28973.00,0.50
2026-06-11 09:56:50,28972.75,28976.25,28972.50,28972.50,77,28976.50,28977.00,0.50
2026-06-11 09:56:51,28972.00,28979.00,28972.00,28976.50,112,28974.00,28974.50,0.50
2026-06-11 09:56:52,28977.00,28977.00,28972.25,28974.50,100,28977.75,28978.25,0.50
2026-06-11 09:56:53,28974.25,28978.50,28974.25,28977.25,77,28973.75,28974.25,0.50
2026-06-11 09:56:54,28977.75,28980.75,28971.50,28974.00,280,28973.75,28974.25,0.50
2026-06-11 09:56:55,28974.00,28978.25,28973.75,28977.50,114,28976.75,28977.50,0.75
2026-06-11 09:56:56,28977.50,28979.25,28976.75,28978.25,81,28978.75,28979.25,0.50
2026-06-11 09:56:57,28978.50,28980.00,28976.75,28979.00,84,28973.25,28973.75,0.50
2026-06-11 09:56:58,28979.75,28979.75,28973.50,28974.25,65,28970.50,28971.00,0.50
2026-06-11 09:56:59,28973.75,28974.75,28968.50,28970.25,197,28967.50,28968.00,0.50
2026-06-11 09:57:00,28970.50,28970.50,28966.75,28968.00,256,28965.00,28965.50,0.50
2026-06-11 09:57:01,28967.50,28969.50,28965.00,28965.75,286,28965.00,28965.50,0.50
2026-06-11 09:57:02,28965.50,28965.75,28957.75,28960.75,596,28959.75,28961.00,1.25
2026-06-11 09:57:03,28960.75,28961.75,28954.75,28956.75,402,28956.00,28956.75,0.75
2026-06-11 09:57:04,28956.50,28959.50,28955.50,28957.50,273,28956.00,28956.75,0.75
2026-06-11 09:57:05,28956.00,28958.50,28954.25,28955.75,193,28953.50,28954.25,0.75
2026-06-11 09:57:06,28956.00,28957.75,28952.75,28953.50,244,28952.25,28952.75,0.50
2026-06-11 09:57:07,28953.75,28955.00,28951.75,28952.25,259,28949.25,28950.00,0.75
2026-06-11 09:57:08,28952.25,28952.25,28946.25,28950.00,556,28949.25,28950.00,0.75
2026-06-11 09:57:09,28950.00,28955.00,28945.25,28954.75,348,28954.75,28955.50,0.75
2026-06-11 09:57:10,28955.25,28960.00,28952.50,28953.75,395,28953.00,28953.50,0.50
2026-06-11 09:57:11,28954.50,28956.75,28953.00,28953.75,169,28954.25,28955.00,0.75
2026-06-11 09:57:12,28953.25,28955.00,28950.75,28955.00,132,28954.25,28955.00,0.75
2026-06-11 09:57:13,28955.25,28955.25,28952.00,28954.75,97,28948.50,28949.25,0.75
2026-06-11 09:57:14,28954.75,28956.75,28948.25,28949.25,236,28946.25,28947.00,0.75
2026-06-11 09:57:15,28949.25,28952.00,28945.25,28945.75,176,28946.25,28947.00,0.75
2026-06-11 09:57:16,28946.25,28947.75,28941.75,28944.50,272,28944.50,28945.00,0.50
2026-06-11 09:57:17,28944.50,28948.50,28943.00,28947.50,180,28952.75,28953.25,0.50
2026-06-11 09:57:18,28948.00,28952.75,28947.75,28952.25,159,28952.75,28953.25,0.50
2026-06-11 09:57:19,28953.00,28954.75,28952.25,28953.50,131,28957.25,28958.00,0.75
2026-06-11 09:57:20,28954.50,28960.00,28954.50,28957.75,178,28950.50,28951.25,0.75
2026-06-11 09:57:21,28957.75,28957.75,28950.75,28951.25,100,28951.25,28952.00,0.75
2026-06-11 09:57:22,28951.25,28952.50,28949.75,28952.00,65,28951.25,28952.00,0.75
2026-06-11 09:57:23,28951.25,28956.00,28951.25,28955.50,119,28948.00,28948.75,0.75
2026-06-11 09:57:24,28955.00,28955.50,28946.50,28948.25,193,28948.00,28948.75,0.75
2026-06-11 09:57:25,28948.50,28950.25,28946.75,28948.00,77,28944.25,28945.50,1.25
2026-06-11 09:57:26,28948.00,28948.50,28945.00,28945.00,118,28944.25,28945.50,1.25
2026-06-11 09:57:27,28945.00,28946.75,28943.25,28946.00,82,28943.25,28944.00,0.75
2026-06-11 09:57:28,28946.50,28946.50,28941.75,28943.75,160,28943.00,28943.50,0.50
2026-06-11 09:57:29,28944.00,28945.00,28943.00,28943.50,83,28943.00,28943.50,0.50
2026-06-11 09:57:30,28943.00,28945.50,28941.75,28942.25,92,28943.50,28944.25,0.75
2026-06-11 09:57:31,28942.25,28946.00,28941.25,28944.25,116,28940.00,28940.25,0.25
2026-06-11 09:57:32,28944.00,28944.75,28939.00,28940.75,212,28941.50,28942.25,0.75
2026-06-11 09:57:33,28940.00,28942.00,28939.50,28941.50,129,28941.00,28941.75,0.75
2026-06-11 09:57:34,28941.75,28944.50,28939.00,28940.75,101,28942.50,28943.25,0.75
2026-06-11 09:57:35,28941.25,28942.75,28939.75,28942.75,106,28942.50,28943.25,0.75
2026-06-11 09:57:36,28942.50,28944.00,28941.25,28941.25,85,28939.25,28940.00,0.75
2026-06-11 09:57:37,28941.75,28942.25,28936.75,28940.25,274,28939.25,28940.00,0.75
2026-06-11 09:57:38,28939.50,28941.00,28936.25,28937.25,107,28936.25,28936.75,0.50
2026-06-11 09:57:39,28936.75,28936.75,28928.50,28931.25,417,28924.00,28924.75,0.75
2026-06-11 09:57:40,28931.50,28931.50,28924.25,28924.25,296,28924.00,28924.75,0.75
2026-06-11 09:57:41,28924.25,28925.00,28921.50,28922.00,267,28926.75,28927.50,0.75
2026-06-11 09:57:42,28922.00,28929.00,28921.00,28927.25,201,28929.50,28930.25,0.75
2026-06-11 09:57:43,28927.50,28930.75,28926.50,28929.75,185,28929.50,28930.25,0.75
2026-06-11 09:57:44,28930.25,28932.75,28928.25,28931.50,186,28931.25,28932.00,0.75
2026-06-11 09:57:45,28931.25,28933.75,28920.75,28920.75,288,28920.75,28921.00,0.25
2026-06-11 09:57:46,28920.75,28922.00,28915.75,28918.50,366,28913.75,28914.25,0.50
2026-06-11 09:57:47,28917.75,28917.75,28913.75,28914.00,210,28905.00,28905.50,0.50
2026-06-11 09:57:48,28914.25,28914.25,28904.25,28905.00,473,28905.00,28905.50,0.50
2026-06-11 09:57:49,28905.00,28916.75,28904.25,28916.50,292,28913.25,28913.75,0.50
2026-06-11 09:57:50,28917.25,28920.50,28913.00,28913.75,237,28914.75,28915.25,0.50
2026-06-11 09:57:51,28913.50,28915.00,28911.50,28914.50,214,28914.75,28915.25,0.50
2026-06-11 09:57:52,28914.75,28916.50,28913.00,28916.50,129,28912.75,28913.25,0.50
2026-06-11 09:57:53,28916.00,28917.00,28911.25,28913.00,141,28908.00,28908.50,0.50
2026-06-11 09:57:54,28913.50,28914.00,28907.25,28908.75,160,28904.50,28905.00,0.50
2026-06-11 09:57:55,28908.50,28910.50,28905.50,28905.75,161,28904.50,28905.00,0.50
2026-06-11 09:57:56,28905.00,28906.25,28900.25,28903.50,354,28903.00,28903.75,0.75
2026-06-11 09:57:57,28903.75,28907.25,28903.00,28906.25,171,28905.75,28906.25,0.50
2026-06-11 09:57:58,28906.25,28908.00,28905.25,28906.50,125,28906.00,28906.75,0.75
2026-06-11 09:57:59,28906.25,28909.25,28905.75,28906.75,161,28906.00,28906.75,0.75
2026-06-11 09:58:00,28906.50,28909.25,28905.50,28908.75,124,28912.25,28912.75,0.50
2026-06-11 09:58:01,28908.75,28912.75,28906.75,28912.00,166,28917.75,28918.25,0.50
2026-06-11 09:58:02,28912.75,28919.50,28910.50,28918.75,373,28917.75,28918.25,0.50
2026-06-11 09:58:03,28918.50,28922.25,28915.00,28920.75,482,28916.25,28917.00,0.75
2026-06-11 09:58:04,28921.25,28926.25,28916.25,28916.75,350,28916.25,28917.00,0.75
2026-06-11 09:58:05,28916.75,28917.25,28910.00,28911.00,218,28914.50,28915.00,0.50
2026-06-11 09:58:06,28910.50,28915.25,28910.50,28914.50,184,28916.50,28917.00,0.50
2026-06-11 09:58:07,28915.00,28917.75,28915.00,28917.25,113,28918.50,28919.50,1.00
2026-06-11 09:58:08,28916.75,28919.50,28915.00,28918.75,138,28918.25,28919.00,0.75
2026-06-11 09:58:09,28918.75,28919.25,28912.75,28918.25,145,28920.25,28920.75,0.50
2026-06-11 09:58:10,28919.75,28921.50,28917.50,28920.25,78,28919.00,28919.75,0.75
2026-06-11 09:58:11,28920.75,28921.00,28918.00,28919.50,90,28920.25,28920.75,0.50
2026-06-11 09:58:12,28920.00,28922.50,28918.00,28921.25,205,28920.00,28920.50,0.50
2026-06-11 09:58:13,28920.25,28926.25,28918.75,28920.25,213,28924.00,28924.75,0.75
2026-06-11 09:58:14,28921.00,28924.25,28918.25,28924.25,134,28923.25,28924.00,0.75
2026-06-11 09:58:15,28924.75,28924.75,28922.00,28923.25,83,28925.50,28926.00,0.50
2026-06-11 09:58:16,28923.75,28926.25,28922.75,28925.00,133,28925.50,28926.00,0.50
2026-06-11 09:58:17,28926.00,28926.00,28920.75,28921.25,137,28925.00,28925.75,0.75
2026-06-11 09:58:18,28921.75,28928.75,28921.75,28925.25,341,28926.75,28927.25,0.50
2026-06-11 09:58:19,28925.75,28928.25,28924.00,28927.00,152,28926.00,28926.75,0.75
2026-06-11 09:58:20,28927.25,28929.50,28924.50,28926.75,152,28927.25,28927.75,0.50
2026-06-11 09:58:21,28926.75,28928.00,28924.00,28927.75,149,28928.50,28929.00,0.50
2026-06-11 09:58:22,28927.50,28929.00,28925.00,28928.50,114,28928.50,28929.00,0.50
2026-06-11 09:58:23,28928.50,28931.50,28928.50,28930.50,142,28929.25,28929.75,0.50
2026-06-11 09:58:24,28929.50,28930.00,28927.25,28929.25,79,28930.50,28931.00,0.50
2026-06-11 09:58:25,28929.75,28936.25,28928.00,28930.50,258,28929.00,28929.50,0.50
2026-06-11 09:58:26,28931.00,28932.00,28928.50,28929.50,93,28920.50,28921.25,0.75
2026-06-11 09:58:27,28928.75,28928.75,28920.75,28920.75,224,28922.00,28922.75,0.75
2026-06-11 09:58:28,28921.25,28921.50,28918.25,28921.25,173,28927.75,28928.50,0.75
2026-06-11 09:58:29,28922.75,28928.50,28922.25,28928.50,93,28931.75,28932.50,0.75
2026-06-11 09:58:30,28928.50,28932.50,28927.75,28931.75,97,28929.75,28930.50,0.75
2026-06-11 09:58:31,28932.25,28935.25,28929.00,28930.00,113,28937.75,28938.25,0.50
2026-06-11 09:58:32,28930.25,28939.75,28929.00,28937.25,281,28940.50,28941.00,0.50
2026-06-11 09:58:33,28938.50,28944.50,28938.50,28941.25,321,28939.25,28939.75,0.50
2026-06-11 09:58:34,28941.00,28943.00,28938.50,28939.50,174,28931.75,28932.50,0.75
2026-06-11 09:58:35,28939.75,28939.75,28931.25,28932.00,207,28933.00,28933.50,0.50
2026-06-11 09:58:36,28932.50,28934.50,28930.50,28933.00,81,28931.25,28932.00,0.75
2026-06-11 09:58:37,28932.75,28934.00,28931.25,28931.75,91,28929.75,28930.25,0.50
2026-06-11 09:58:38,28932.00,28932.25,28929.50,28929.75,112,28930.00,28930.75,0.75
2026-06-11 09:58:39,28930.00,28931.25,28928.00,28930.50,100,28934.50,28935.25,0.75
2026-06-11 09:58:40,28930.00,28935.00,28930.00,28934.50,66,28934.50,28935.00,0.50
2026-06-11 09:58:41,28934.50,28938.75,28932.50,28934.75,135,28933.50,28934.00,0.50
2026-06-11 09:58:42,28934.50,28936.75,28933.25,28934.25,98,28934.75,28935.25,0.50
2026-06-11 09:58:43,28934.25,28935.50,28932.75,28934.75,42,28934.50,28935.00,0.50
2026-06-11 09:58:44,28935.00,28935.75,28931.50,28935.00,138,28934.50,28935.00,0.50
2026-06-11 09:58:45,28935.00,28938.25,28934.00,28938.00,97,28939.00,28939.50,0.50
2026-06-11 09:58:46,28937.00,28941.00,28937.00,28939.25,106,28939.00,28939.75,0.75
2026-06-11 09:58:47,28939.50,28942.50,28937.50,28939.00,118,28939.00,28939.75,0.75
2026-06-11 09:58:48,28939.75,28943.75,28939.50,28943.00,95,28941.25,28941.75,0.50
2026-06-11 09:58:49,28942.75,28944.00,28940.50,28941.50,87,28939.50,28940.00,0.50
2026-06-11 09:58:50,28941.25,28942.50,28938.75,28939.00,122,28941.25,28941.75,0.50
2026-06-11 09:58:51,28939.25,28941.75,28938.25,28941.50,76,28936.25,28936.75,0.50
2026-06-11 09:58:52,28941.50,28941.50,28934.25,28937.25,147,28927.50,28928.00,0.50
2026-06-11 09:58:53,28937.00,28937.00,28926.75,28927.25,189,28927.75,28928.25,0.50
2026-06-11 09:58:54,28928.50,28929.75,28926.25,28928.00,89,28937.50,28938.00,0.50
2026-06-11 09:58:55,28928.75,28938.75,28928.75,28938.00,129,28940.50,28941.00,0.50
2026-06-11 09:58:56,28938.00,28941.75,28937.50,28941.00,90,28939.75,28940.50,0.75
2026-06-11 09:58:57,28941.00,28941.50,28937.50,28940.25,141,28937.75,28938.25,0.50
2026-06-11 09:58:58,28939.75,28940.00,28936.50,28938.25,106,28938.75,28939.50,0.75
2026-06-11 09:58:59,28937.75,28939.50,28937.00,28938.75,55,28937.25,28937.75,0.50
2026-06-11 09:59:00,28938.75,28940.00,28937.75,28938.25,31,28940.25,28941.00,0.75
2026-06-11 09:59:01,28937.25,28941.50,28935.00,28940.00,134,28934.75,28935.50,0.75
2026-06-11 09:59:02,28940.75,28941.00,28934.75,28935.50,156,28933.00,28933.50,0.50
2026-06-11 09:59:03,28935.50,28937.00,28933.50,28933.50,87,28924.75,28925.25,0.50
2026-06-11 09:59:04,28932.75,28933.50,28925.25,28925.25,190,28924.75,28925.25,0.50
2026-06-11 09:59:05,28925.00,28931.25,28924.50,28930.50,195,28935.75,28936.25,0.50
2026-06-11 09:59:06,28930.50,28936.75,28929.75,28936.75,211,28935.75,28936.25,0.50
2026-06-11 09:59:07,28936.25,28938.25,28934.50,28937.75,117,28932.75,28933.50,0.75
2026-06-11 09:59:08,28938.00,28939.75,28931.50,28933.50,125,28930.50,28931.25,0.75
2026-06-11 09:59:09,28932.75,28934.00,28929.75,28930.00,123,28930.50,28931.25,0.75
2026-06-11 09:59:10,28930.75,28936.00,28929.75,28935.75,147,28938.00,28938.50,0.50
2026-06-11 09:59:11,28936.00,28938.50,28934.75,28938.25,104,28934.25,28934.75,0.50
2026-06-11 09:59:12,28937.75,28937.75,28932.00,28934.50,116,28934.75,28935.25,0.50
2026-06-11 09:59:13,28934.75,28937.75,28933.75,28934.75,99,28935.75,28936.25,0.50
2026-06-11 09:59:14,28935.00,28937.50,28934.25,28936.25,79,28933.00,28933.50,0.50
2026-06-11 09:59:15,28936.25,28936.25,28933.25,28933.50,102,28933.00,28933.50,0.50
2026-06-11 09:59:16,28933.50,28934.75,28928.75,28928.75,129,28929.25,28929.75,0.50
2026-06-11 09:59:17,28928.75,28930.50,28927.75,28929.25,65,28923.75,28924.25,0.50
2026-06-11 09:59:18,28928.50,28930.00,28922.50,28924.25,171,28924.00,28924.50,0.50
2026-06-11 09:59:19,28924.75,28925.50,28921.25,28924.00,157,28923.75,28924.25,0.50
2026-06-11 09:59:20,28924.25,28927.25,28922.00,28923.25,117,28927.00,28927.50,0.50
2026-06-11 09:59:21,28924.25,28928.00,28924.00,28927.25,70,28926.75,28927.25,0.50
2026-06-11 09:59:22,28926.75,28928.75,28925.75,28927.75,78,28918.25,28919.00,0.75
2026-06-11 09:59:23,28927.25,28927.25,28917.50,28918.25,329,28920.00,28920.50,0.50
2026-06-11 09:59:24,28918.25,28921.75,28918.25,28920.00,116,28919.00,28919.50,0.50
2026-06-11 09:59:25,28920.50,28920.50,28915.00,28919.50,222,28914.25,28914.75,0.50
2026-06-11 09:59:26,28919.00,28919.25,28911.75,28914.00,222,28914.25,28914.75,0.50
2026-06-11 09:59:27,28915.00,28918.25,28913.50,28914.00,143,28913.50,28914.25,0.75
2026-06-11 09:59:28,28914.75,28916.75,28911.75,28913.75,112,28920.75,28921.50,0.75
2026-06-11 09:59:29,28913.75,28921.75,28912.00,28920.75,150,28917.25,28918.00,0.75
2026-06-11 09:59:30,28921.25,28921.75,28916.75,28917.25,103,28915.50,28916.00,0.50
2026-06-11 09:59:31,28917.50,28918.00,28915.50,28915.75,82,28921.00,28921.50,0.50
2026-06-11 09:59:32,28916.00,28922.00,28913.25,28921.00,154,28920.00,28920.75,0.75
2026-06-11 09:59:33,28921.25,28923.00,28916.75,28921.50,163,28908.75,28909.00,0.25
2026-06-11 09:59:34,28920.75,28920.75,28908.25,28909.25,340,28908.75,28909.00,0.25
2026-06-11 09:59:35,28909.25,28913.00,28907.75,28910.25,173,28909.25,28910.00,0.75
2026-06-11 09:59:36,28911.00,28911.50,28906.75,28910.75,151,28911.50,28912.00,0.50
2026-06-11 09:59:37,28909.00,28912.25,28908.75,28912.00,113,28916.75,28917.50,0.75
2026-06-11 09:59:38,28911.50,28917.50,28910.75,28916.75,118,28919.00,28919.75,0.75
2026-06-11 09:59:39,28916.75,28921.00,28915.50,28919.50,166,28918.75,28919.25,0.50
2026-06-11 09:59:40,28919.00,28919.00,28915.75,28919.00,121,28919.50,28920.00,0.50
2026-06-11 09:59:41,28918.75,28922.50,28918.75,28919.75,140,28910.50,28911.00,0.50
2026-06-11 09:59:42,28920.75,28920.75,28910.25,28911.00,168,28907.25,28908.00,0.75
2026-06-11 09:59:43,28910.25,28911.00,28907.50,28907.50,165,28908.25,28908.75,0.50
2026-06-11 09:59:44,28908.25,28910.25,28907.00,28909.00,163,28912.50,28913.00,0.50
2026-06-11 09:59:45,28908.25,28913.75,28908.25,28913.00,89,28910.50,28911.00,0.50
2026-06-11 09:59:46,28912.25,28912.50,28911.00,28912.00,63,28910.50,28911.00,0.50
2026-06-11 09:59:47,28910.75,28911.50,28905.25,28905.75,139,28906.50,28907.00,0.50
2026-06-11 09:59:48,28905.75,28909.50,28905.25,28906.50,122,28894.00,28894.50,0.50
2026-06-11 09:59:49,28906.50,28906.50,28893.00,28893.50,648,28894.00,28894.50,0.50
2026-06-11 09:59:50,28894.25,28896.50,28888.25,28888.50,506,28885.25,28885.75,0.50
2026-06-11 09:59:51,28888.50,28890.50,28880.25,28886.00,516,28885.25,28885.75,0.50
2026-06-11 09:59:52,28885.75,28886.25,28880.00,28881.25,326,28880.50,28881.25,0.75
2026-06-11 09:59:53,28881.00,28881.50,28877.50,28877.50,319,28880.50,28881.00,0.50
2026-06-11 09:59:54,28877.50,28882.00,28877.50,28880.50,290,28880.50,28881.00,0.50
2026-06-11 09:59:55,28880.75,28883.00,28879.25,28881.75,190,28880.75,28881.25,0.50
2026-06-11 09:59:56,28881.00,28886.25,28877.75,28885.25,217,28887.25,28887.75,0.50
2026-06-11 09:59:57,28885.75,28888.00,28882.75,28887.75,198,28892.25,28893.00,0.75
2026-06-11 09:59:58,28887.25,28892.75,28886.50,28892.00,250,28892.25,28893.00,0.75
2026-06-11 09:59:59,28892.50,28899.50,28891.50,28898.50,310,28898.75,28899.00,0.25
2026-06-11 10:00:00,28898.75,28901.00,28896.50,28900.75,253,28901.50,28902.00,0.50
2026-06-11 10:00:01,28900.50,28908.50,28899.50,28902.75,753,28901.50,28902.00,0.50
2026-06-11 10:00:02,28902.25,28904.50,28894.00,28900.00,533,28904.50,28905.00,0.50
2026-06-11 10:00:03,28900.50,28905.75,28897.75,28905.00,264,28904.75,28905.25,0.50
2026-06-11 10:00:04,28904.75,28909.00,28902.25,28904.75,377,28906.25,28906.75,0.50
2026-06-11 10:00:05,28905.00,28908.00,28903.25,28906.50,226,28911.25,28911.75,0.50
2026-06-11 10:00:06,28906.25,28914.00,28906.25,28911.25,453,28904.00,28904.50,0.50
2026-06-11 10:00:07,28911.25,28911.25,28902.50,28903.75,282,28903.50,28904.00,0.50
2026-06-11 10:00:08,28904.50,28906.00,28900.50,28903.75,179,28908.00,28908.75,0.75
2026-06-11 10:00:09,28903.50,28909.50,28901.50,28908.75,171,28895.50,28896.25,0.75
2026-06-11 10:00:10,28908.00,28908.50,28894.25,28896.50,218,28900.75,28901.50,0.75
2026-06-11 10:00:11,28896.50,28903.25,28893.25,28901.50,162,28907.50,28908.25,0.75
2026-06-11 10:00:12,28900.75,28908.50,28899.75,28908.50,167,28909.25,28909.50,0.25
2026-06-11 10:00:13,28907.50,28912.25,28907.50,28910.00,147,28909.25,28909.50,0.25
2026-06-11 10:00:14,28909.50,28914.75,28907.75,28911.25,259,28910.50,28911.00,0.50
2026-06-11 10:00:15,28911.00,28911.25,28908.25,28909.75,111,28909.00,28909.75,0.75
2026-06-11 10:00:16,28909.25,28911.75,28908.00,28911.75,105,28914.50,28915.00,0.50
2026-06-11 10:00:17,28911.00,28916.50,28911.00,28915.00,191,28911.50,28912.00,0.50
2026-06-11 10:00:18,28915.50,28915.75,28911.75,28911.75,174,28911.50,28912.00,0.50
2026-06-11 10:00:19,28911.75,28915.75,28909.75,28910.75,200,28914.00,28914.50,0.50
2026-06-11 10:00:20,28910.75,28914.75,28910.75,28914.50,109,28917.75,28918.50,0.75
2026-06-11 10:00:21,28914.25,28919.75,28912.00,28918.75,191,28922.75,28923.25,0.50
2026-06-11 10:00:22,28919.00,28924.75,28917.25,28922.75,335,28929.75,28930.25,0.50
2026-06-11 10:00:23,28922.75,28934.00,28920.75,28930.00,448,28921.00,28921.75,0.75
2026-06-11 10:00:24,28930.00,28931.25,28921.50,28921.50,305,28917.75,28918.25,0.50
2026-06-11 10:00:25,28921.25,28921.50,28916.25,28918.00,292,28917.75,28918.25,0.50
2026-06-11 10:00:26,28918.00,28922.50,28917.00,28920.00,231,28918.50,28919.00,0.50
2026-06-11 10:00:27,28920.00,28922.25,28916.75,28919.25,149,28913.25,28913.75,0.50
2026-06-11 10:00:28,28919.00,28920.00,28913.25,28914.00,161,28918.75,28919.25,0.50
2026-06-11 10:00:29,28913.50,28919.00,28912.50,28918.50,177,28921.50,28922.25,0.75
2026-06-11 10:00:30,28919.25,28923.50,28917.75,28922.00,197,28923.75,28924.25,0.50
2026-06-11 10:00:31,28922.25,28924.75,28920.75,28923.25,142,28937.50,28938.25,0.75
2026-06-11 10:00:32,28924.25,28944.50,28923.50,28938.50,796,28932.25,28933.00,0.75
2026-06-11 10:00:33,28938.25,28938.50,28931.00,28933.00,327,28932.25,28933.00,0.75
2026-06-11 10:00:34,28932.50,28937.25,28929.75,28933.00,239,28932.50,28933.50,1.00
2026-06-11 10:00:35,28933.00,28935.75,28932.00,28932.50,154,28932.50,28933.50,1.00
2026-06-11 10:00:36,28932.50,28936.25,28931.00,28935.25,160,28937.75,28938.00,0.25
2026-06-11 10:00:37,28935.25,28938.00,28934.25,28937.00,146,28937.75,28938.00,0.25
2026-06-11 10:00:38,28937.50,28944.50,28937.50,28944.50,300,28943.75,28944.25,0.50
2026-06-11 10:00:39,28944.50,28944.50,28938.50,28944.25,211,28943.50,28944.25,0.75
2026-06-11 10:00:40,28944.50,28948.50,28942.50,28943.25,371,28936.00,28936.75,0.75
2026-06-11 10:00:41,28943.25,28944.00,28936.25,28936.25,307,28936.00,28936.75,0.75
2026-06-11 10:00:42,28936.75,28936.75,28931.25,28934.00,280,28936.75,28937.50,0.75
2026-06-11 10:00:43,28933.75,28939.25,28933.50,28937.50,256,28936.00,28936.75,0.75
2026-06-11 10:00:44,28937.50,28937.75,28934.00,28936.00,131,28936.00,28936.75,0.75
2026-06-11 10:00:45,28936.25,28941.00,28935.50,28940.50,157,28944.75,28945.25,0.50
2026-06-11 10:00:46,28941.00,28946.25,28941.00,28944.75,163,28945.50,28946.25,0.75
2026-06-11 10:00:47,28945.25,28947.00,28944.00,28946.25,145,28945.50,28946.25,0.75
2026-06-11 10:00:48,28946.00,28951.00,28945.50,28950.50,203,28949.25,28949.75,0.50
2026-06-11 10:00:49,28950.00,28959.75,28948.75,28957.25,433,28954.00,28954.50,0.50
2026-06-11 10:00:50,28957.25,28957.50,28951.25,28954.75,272,28959.50,28960.25,0.75
2026-06-11 10:00:51,28954.50,28960.00,28952.25,28960.00,213,28959.50,28960.25,0.75
2026-06-11 10:00:52,28960.00,28962.75,28941.25,28951.25,853,28955.50,28957.25,1.75
2026-06-11 10:00:53,28951.75,28960.75,28951.00,28955.75,451,28955.50,28957.25,1.75
2026-06-11 10:00:54,28955.75,28957.00,28950.50,28951.50,153,28954.25,28955.00,0.75
2026-06-11 10:00:55,28952.25,28955.25,28948.25,28954.50,168,28955.50,28956.50,1.00
2026-06-11 10:00:56,28954.50,28959.00,28954.00,28956.25,144,28958.25,28959.00,0.75
2026-06-11 10:00:57,28955.50,28960.00,28953.75,28958.25,133,28959.00,28959.25,0.25
2026-06-11 10:00:58,28959.00,28961.75,28956.00,28958.00,103,28959.00,28959.25,0.25
2026-06-11 10:00:59,28958.25,28966.75,28958.25,28965.75,319,28961.75,28962.50,0.75
2026-06-11 10:01:00,28966.00,28966.50,28961.00,28961.75,158,28956.25,28957.00,0.75
2026-06-11 10:01:01,28961.75,28962.00,28950.75,28956.00,402,28960.00,28961.00,1.00
2026-06-11 10:01:02,28956.25,28961.75,28954.50,28960.00,230,28968.00,28968.75,0.75
2026-06-11 10:01:03,28961.00,28978.50,28960.00,28968.75,634,28969.50,28970.50,1.00
2026-06-11 10:01:04,28968.25,28975.00,28968.25,28970.50,346,28969.50,28970.50,1.00
2026-06-11 10:01:05,28969.50,28973.25,28966.75,28971.50,247,28971.50,28972.25,0.75
2026-06-11 10:01:06,28971.50,28972.25,28968.75,28970.75,146,28970.50,28971.25,0.75
2026-06-11 10:01:07,28971.75,28973.25,28969.75,28970.50,149,28975.25,28976.00,0.75
2026-06-11 10:01:08,28971.25,28976.00,28970.25,28975.50,147,28981.25,28982.00,0.75
2026-06-11 10:01:09,28975.25,28983.00,28973.50,28981.75,245,28986.00,28986.75,0.75
2026-06-11 10:01:10,28981.50,28993.75,28980.75,28986.25,641,28986.00,28986.75,0.75
2026-06-11 10:01:11,28987.00,28992.50,28982.50,28986.50,404,28983.25,28984.00,0.75
2026-06-11 10:01:12,28986.25,28986.50,28980.00,28983.25,356,28985.00,28986.00,1.00
2026-06-11 10:01:13,28983.25,28988.50,28980.75,28986.00,156,28985.00,28986.00,1.00
2026-06-11 10:01:14,28985.50,28986.25,28977.25,28981.50,192,28980.75,28981.50,0.75
2026-06-11 10:01:15,28981.25,28982.75,28979.75,28982.25,119,28985.75,28986.50,0.75
2026-06-11 10:01:16,28982.25,28986.50,28981.50,28986.25,139,28988.25,28989.00,0.75
2026-06-11 10:01:17,28986.75,28989.75,28984.50,28988.75,138,28988.25,28989.00,0.75
2026-06-11 10:01:18,28988.50,28993.00,28987.75,28991.75,129,28994.50,28995.25,0.75
2026-06-11 10:01:19,28991.75,28995.50,28988.50,28994.50,159,28994.50,28995.25,0.75
2026-06-11 10:01:20,28994.75,28998.00,28992.00,28993.25,147,28996.50,28997.00,0.50
2026-06-11 10:01:21,28993.25,28998.00,28991.00,28996.25,200,28998.50,28999.25,0.75
2026-06-11 10:01:22,28996.50,28999.25,28996.25,28998.75,156,28997.50,28998.25,0.75
2026-06-11 10:01:23,28998.25,28999.50,28996.25,28998.00,160,29000.00,29000.75,0.75
2026-06-11 10:01:24,28997.75,29002.00,28997.25,29000.25,337,29002.50,29003.00,0.50
2026-06-11 10:01:25,29000.00,29004.50,29000.00,29002.25,164,29002.50,29003.00,0.50
2026-06-11 10:01:26,29002.75,29008.25,29002.25,29002.25,279,29002.50,29003.00,0.50
2026-06-11 10:01:27,29002.75,29005.00,29001.50,29003.75,156,28997.25,28998.00,0.75
2026-06-11 10:01:28,29004.50,29004.50,28996.25,28997.75,238,28989.00,28989.25,0.25
2026-06-11 10:01:29,28997.25,28997.50,28989.00,28989.00,295,28989.75,28990.50,0.75
2026-06-11 10:01:30,28989.00,28991.50,28987.25,28989.50,203,28993.25,28994.00,0.75
2026-06-11 10:01:31,28990.50,28994.00,28989.00,28994.00,162,28994.50,28995.25,0.75
2026-06-11 10:01:32,28994.00,28996.50,28993.00,28995.75,110,28998.50,28999.25,0.75
2026-06-11 10:01:33,28995.25,29000.50,28995.00,28999.00,218,28999.25,29000.00,0.75
2026-06-11 10:01:34,28998.25,28999.25,28995.75,28999.00,123,28999.25,29000.00,0.75
2026-06-11 10:01:35,28999.50,29001.50,28996.00,29001.00,140,28998.25,28998.75,0.50
2026-06-11 10:01:36,29000.75,29002.50,28997.50,28998.50,71,28997.75,28998.25,0.50
2026-06-11 10:01:37,28998.50,28998.75,28995.50,28997.50,107,28997.50,28998.25,0.75
2026-06-11 10:01:38,28997.75,28999.25,28996.25,28997.50,117,28997.50,28998.25,0.75
2026-06-11 10:01:39,28997.75,29002.00,28997.75,29000.75,96,29000.75,29001.50,0.75
2026-06-11 10:01:40,29001.25,29005.50,28999.25,29005.50,197,29003.50,29004.25,0.75
2026-06-11 10:01:41,29005.50,29006.25,29000.75,29004.00,143,29003.75,29004.25,0.50
2026-06-11 10:01:42,29003.75,29004.25,29000.25,29004.00,129,29001.75,29002.25,0.50
2026-06-11 10:01:43,29003.50,29005.00,28999.50,29002.00,178,28999.00,28999.50,0.50
2026-06-11 10:01:44,29001.75,29004.50,28998.50,28999.25,186,29001.00,29001.50,0.50
2026-06-11 10:01:45,28999.00,29003.00,28998.50,29001.00,88,29002.75,29003.25,0.50
2026-06-11 10:01:46,29001.00,29003.50,28999.50,29002.75,70,29006.50,29007.25,0.75
2026-06-11 10:01:47,29002.75,29009.00,29002.50,29007.00,260,29009.25,29009.75,0.50
2026-06-11 10:01:48,29006.75,29011.50,29005.75,29009.25,199,29009.25,29009.75,0.50
2026-06-11 10:01:49,29009.25,29011.50,29007.50,29009.75,123,29019.50,29020.25,0.75
2026-06-11 10:01:50,29009.00,29020.25,29008.50,29020.25,710,29016.75,29017.50,0.75
2026-06-11 10:01:51,29020.25,29021.25,29016.00,29016.75,376,29018.75,29019.50,0.75
2026-06-11 10:01:52,29017.50,29023.00,29016.50,29019.50,403,29016.25,29016.75,0.50
2026-06-11 10:01:53,29018.75,29019.50,29014.75,29016.25,230,29016.25,29016.75,0.50
2026-06-11 10:01:54,29016.75,29024.50,29014.25,29024.25,427,29028.50,29029.00,0.50
2026-06-11 10:01:55,29024.50,29029.25,29023.50,29028.25,327,29032.00,29032.75,0.75
2026-06-11 10:01:56,29029.00,29033.75,29028.25,29032.50,481,29036.50,29037.25,0.75
2026-06-11 10:01:57,29032.75,29037.25,29032.75,29037.25,431,29034.25,29034.75,0.50
2026-06-11 10:01:58,29036.75,29038.00,29033.75,29034.00,276,29040.25,29040.75,0.50
2026-06-11 10:01:59,29034.75,29042.25,29033.25,29040.75,527,29040.25,29040.75,0.50
2026-06-11 10:02:00,29040.50,29045.00,29039.00,29042.00,381,29032.75,29033.50,0.75
2026-06-11 10:02:01,29042.50,29043.50,29032.00,29032.75,394,29025.50,29026.00,0.50
2026-06-11 10:02:02,29032.75,29034.00,29024.25,29025.50,477,29033.25,29034.00,0.75
2026-06-11 10:02:03,29025.50,29035.00,29025.00,29033.25,364,29033.25,29034.00,0.75
2026-06-11 10:02:04,29033.75,29035.00,29029.50,29032.00,161,29026.75,29027.25,0.50
2026-06-11 10:02:05,29032.25,29033.50,29026.50,29027.25,175,29025.75,29026.25,0.50
2026-06-11 10:02:06,29027.25,29029.75,29025.25,29026.50,121,29019.50,29020.25,0.75
2026-06-11 10:02:07,29025.00,29025.25,29018.75,29020.25,307,29014.50,29015.25,0.75
2026-06-11 10:02:08,29020.25,29020.50,29013.50,29014.50,267,29017.00,29017.75,0.75
2026-06-11 10:02:09,29014.50,29020.00,29013.75,29017.75,174,29016.25,29016.75,0.50
2026-06-11 10:02:10,29017.50,29018.00,29013.75,29016.50,203,29017.50,29018.25,0.75
2026-06-11 10:02:11,29016.25,29019.25,29014.25,29018.00,179,29017.50,29018.25,0.75
2026-06-11 10:02:12,29018.50,29022.00,29017.25,29021.00,186,29024.25,29024.75,0.50
2026-06-11 10:02:13,29021.50,29026.00,29021.00,29024.50,203,29022.00,29022.75,0.75
2026-06-11 10:02:14,29024.75,29026.50,29021.00,29022.25,164,29021.50,29022.25,0.75
2026-06-11 10:02:15,29022.75,29024.50,29021.00,29022.00,209,29020.75,29021.25,0.50
2026-06-11 10:02:16,29022.25,29022.25,29018.00,29021.25,121,29022.75,29023.50,0.75
2026-06-11 10:02:17,29020.75,29023.00,29020.50,29022.75,64,29018.50,29019.25,0.75
2026-06-11 10:02:18,29023.50,29024.00,29017.00,29018.25,140,29024.25,29024.75,0.50
2026-06-11 10:02:19,29019.50,29025.50,29019.50,29024.25,110,29022.50,29023.25,0.75
2026-06-11 10:02:20,29024.25,29026.00,29022.50,29024.00,101,29019.00,29019.75,0.75
2026-06-11 10:02:21,29022.50,29025.50,29019.00,29019.00,156,29014.00,29014.50,0.50
2026-06-11 10:02:22,29019.00,29019.50,29012.75,29014.00,189,29013.50,29014.25,0.75
2026-06-11 10:02:23,29014.50,29014.50,29011.25,29014.25,121,29008.25,29008.75,0.50
2026-06-11 10:02:24,29013.50,29014.25,29008.25,29008.50,195,29008.50,29009.00,0.50
2026-06-11 10:02:25,29008.75,29010.00,29002.75,29008.25,453,29008.50,29009.00,0.50
2026-06-11 10:02:26,29009.00,29019.00,29008.25,29019.00,173,29017.50,29018.00,0.50
2026-06-11 10:02:27,29018.75,29019.00,29016.25,29017.75,95,29017.50,29018.00,0.50
2026-06-11 10:02:28,29017.75,29020.50,29017.25,29018.75,102,29022.00,29022.50,0.50
2026-06-11 10:02:29,29019.00,29025.75,29019.00,29022.25,136,29022.00,29022.50,0.50
2026-06-11 10:02:30,29022.50,29023.50,29020.25,29022.50,149,29024.75,29025.25,0.50
2026-06-11 10:02:31,29022.00,29026.00,29021.50,29025.25,122,29025.00,29025.50,0.50
2026-06-11 10:02:32,29025.00,29026.25,29022.75,29025.50,86,29025.00,29025.50,0.50
2026-06-11 10:02:33,29025.00,29026.25,29022.75,29025.25,71,29023.75,29024.25,0.50
2026-06-11 10:02:34,29025.75,29026.75,29023.25,29023.75,72,29023.00,29023.75,0.75
2026-06-11 10:02:35,29024.00,29028.25,29023.25,29023.75,104,29023.75,29024.50,0.75
2026-06-11 10:02:36,29023.50,29026.00,29023.50,29024.00,98,29024.25,29024.75,0.50
2026-06-11 10:02:37,29023.75,29025.50,29022.75,29024.00,54,29026.00,29026.50,0.50
2026-06-11 10:02:38,29024.25,29026.50,29023.75,29026.50,60,29026.25,29027.00,0.75
2026-06-11 10:02:39,29025.75,29027.25,29022.50,29027.00,88,29020.75,29021.50,0.75
2026-06-11 10:02:40,29026.50,29027.50,29020.75,29021.25,76,29017.75,29018.50,0.75
2026-06-11 10:02:41,29020.75,29020.75,29016.75,29017.75,141,29015.50,29016.00,0.50
2026-06-11 10:02:42,29018.50,29018.75,29014.75,29015.50,71,29021.00,29021.50,0.50
2026-06-11 10:02:43,29016.00,29023.00,29015.00,29020.75,71,29022.25,29022.75,0.50
2026-06-11 10:02:44,29021.25,29024.50,29021.25,29022.25,50,29016.75,29017.25,0.50
2026-06-11 10:02:45,29021.75,29021.75,29016.50,29017.25,53,29017.25,29017.75,0.50
2026-06-11 10:02:46,29017.00,29019.25,29016.50,29017.50,52,29016.00,29016.50,0.50
2026-06-11 10:02:47,29017.75,29018.50,29014.25,29015.75,96,29019.50,29020.00,0.50
2026-06-11 10:02:48,29016.25,29021.00,29015.75,29019.75,92,29016.75,29017.25,0.50
2026-06-11 10:02:49,29019.50,29020.00,29016.50,29017.25,46,29018.50,29019.25,0.75
2026-06-11 10:02:50,29017.75,29020.75,29016.50,29019.00,77,29017.75,29018.25,0.50
2026-06-11 10:02:51,29018.75,29019.00,29015.50,29017.25,82,29021.50,29022.00,0.50
2026-06-11 10:02:52,29018.25,29022.00,29017.00,29021.50,70,29023.00,29023.50,0.50
2026-06-11 10:02:53,29022.00,29024.25,29021.75,29023.50,103,29026.50,29027.25,0.75
2026-06-11 10:02:54,29023.00,29029.00,29023.00,29027.25,120,29026.50,29027.25,0.75
2026-06-11 10:02:55,29026.75,29027.50,29025.00,29026.25,68,29022.00,29022.50,0.50
2026-06-11 10:02:56,29026.25,29026.25,29021.25,29022.25,111,29024.75,29025.50,0.75
2026-06-11 10:02:57,29023.25,29027.00,29022.75,29025.25,164,29023.50,29024.00,0.50
2026-06-11 10:02:58,29025.50,29026.50,29023.25,29023.50,91,29019.50,29020.00,0.50
2026-06-11 10:02:59,29023.75,29024.25,29019.50,29019.75,103,29014.75,29015.50,0.75
2026-06-11 10:03:00,29019.75,29019.75,29014.00,29015.00,105,29015.75,29016.25,0.50
2026-06-11 10:03:01,29015.00,29018.00,29014.25,29016.00,151,29016.50,29017.25,0.75
2026-06-11 10:03:02,29015.75,29019.00,29013.25,29016.50,249,29016.50,29017.25,0.75
2026-06-11 10:03:03,29016.50,29024.75,29016.50,29024.50,263,29024.50,29025.00,0.50
2026-06-11 10:03:04,29024.00,29027.50,29023.75,29025.25,181,29026.00,29026.50,0.50
2026-06-11 10:03:05,29025.00,29027.25,29025.00,29026.25,132,29022.50,29023.00,0.50
2026-06-11 10:03:06,29026.50,29027.00,29020.00,29022.75,118,29021.50,29022.00,0.50
2026-06-11 10:03:07,29023.25,29026.50,29021.25,29021.25,117,29012.25,29013.00,0.75
2026-06-11 10:03:08,29021.50,29021.50,29012.50,29013.00,137,29012.25,29013.00,0.75
2026-06-11 10:03:09,29012.75,29013.00,29009.50,29010.75,200,29007.25,29007.75,0.50
2026-06-11 10:03:10,29010.25,29013.50,29006.50,29008.50,227,29007.25,29007.75,0.50
2026-06-11 10:03:11,29007.75,29009.00,29003.50,29008.00,237,29008.50,29009.00,0.50
2026-06-11 10:03:12,29007.75,29013.25,29006.00,29008.25,441,29008.50,29009.00,0.50
2026-06-11 10:03:13,29008.25,29014.00,29008.25,29012.00,104,29013.75,29014.50,0.75
2026-06-11 10:03:14,29011.50,29014.75,29009.75,29014.25,109,29012.75,29013.50,0.75
2026-06-11 10:03:15,29013.75,29015.25,29011.25,29012.50,79,29014.25,29014.75,0.50
2026-06-11 10:03:16,29012.25,29014.25,29011.75,29014.25,72,29016.00,29016.75,0.75
2026-06-11 10:03:17,29014.25,29016.25,29013.00,29016.25,61,29016.00,29016.75,0.75
2026-06-11 10:03:18,29016.50,29019.50,29008.50,29008.50,137,29011.75,29012.50,0.75
2026-06-11 10:03:19,29009.75,29012.75,29008.50,29011.75,84,29011.00,29011.75,0.75
2026-06-11 10:03:20,29011.75,29013.50,29010.50,29011.50,76,29010.25,29010.75,0.50
2026-06-11 10:03:21,29011.00,29011.50,29008.50,29010.25,77,29013.00,29013.75,0.75
2026-06-11 10:03:22,29009.75,29015.50,29008.50,29014.25,113,29015.00,29015.50,0.50
2026-06-11 10:03:23,29013.75,29016.25,29009.50,29015.50,111,29015.25,29015.75,0.50
2026-06-11 10:03:24,29016.50,29018.00,29014.25,29015.50,90,29019.75,29020.50,0.75
2026-06-11 10:03:25,29015.75,29020.50,29014.00,29020.25,113,29014.25,29014.75,0.50
2026-06-11 10:03:26,29019.75,29019.75,29013.75,29015.00,82,29006.00,29007.00,1.00
2026-06-11 10:03:27,29014.75,29016.00,29007.00,29007.00,153,29006.00,29007.00,1.00
2026-06-11 10:03:28,29006.75,29010.00,29006.00,29007.50,126,29009.75,29010.50,0.75
2026-06-11 10:03:29,29007.75,29010.75,29004.75,29010.25,120,29015.25,29015.75,0.50
2026-06-11 10:03:30,29010.75,29017.75,29010.75,29015.75,153,29016.25,29016.75,0.50
2026-06-11 10:03:31,29015.75,29017.25,29012.50,29016.50,65,29017.00,29017.50,0.50
2026-06-11 10:03:32,29016.75,29018.75,29015.75,29017.50,38,29017.75,29018.50,0.75
2026-06-11 10:03:33,29017.00,29019.50,29015.50,29017.75,44,29023.75,29024.25,0.50
2026-06-11 10:03:34,29018.50,29024.50,29018.50,29024.25,179,29020.75,29021.50,0.75
2026-06-11 10:03:35,29024.00,29024.00,29017.75,29020.25,151,29020.75,29021.50,0.75
2026-06-11 10:03:36,29020.50,29025.00,29020.50,29023.25,91,29027.00,29027.50,0.50
2026-06-11 10:03:37,29023.25,29027.75,29022.00,29027.75,113,29024.00,29024.50,0.50
2026-06-11 10:03:38,29027.50,29029.00,29023.75,29024.50,130,29024.00,29024.50,0.50
2026-06-11 10:03:39,29024.50,29027.25,29017.00,29017.75,179,29021.00,29021.50,0.50
2026-06-11 10:03:40,29018.00,29021.25,29017.75,29020.75,82,29020.00,29020.75,0.75
2026-06-11 10:03:41,29020.75,29021.75,29019.00,29020.50,62,29022.00,29022.50,0.50
2026-06-11 10:03:42,29021.25,29022.50,29020.50,29022.50,27,29020.75,29021.25,0.50
2026-06-11 10:03:43,29022.75,29023.25,29020.75,29021.00,80,29017.50,29018.00,0.50
2026-06-11 10:03:44,29020.25,29021.00,29016.00,29017.75,73,29017.25,29018.00,0.75
2026-06-11 10:03:45,29017.50,29018.50,29015.25,29018.00,113,29014.25,29014.75,0.50
2026-06-11 10:03:46,29017.50,29017.50,29011.50,29014.75,108,29011.75,29012.25,0.50
2026-06-11 10:03:47,29014.75,29016.75,29011.25,29011.75,119,29007.50,29008.00,0.50
2026-06-11 10:03:48,29011.75,29011.75,29006.75,29008.00,193,29007.50,29008.00,0.50
2026-06-11 10:03:49,29007.50,29007.50,29000.00,29003.25,543,29003.50,29004.00,0.50
2026-06-11 10:03:50,29003.25,29007.00,29003.25,29003.50,126,29006.75,29007.25,0.50
2026-06-11 10:03:51,29003.75,29007.25,29000.25,29007.00,109,29009.25,29009.75,0.50
2026-06-11 10:03:52,29006.75,29012.00,29006.75,29009.00,108,29012.75,29013.25,0.50
2026-06-11 10:03:53,29009.75,29016.00,29006.25,29012.50,103,29012.75,29013.50,0.75
2026-06-11 10:03:54,29012.75,29013.75,29009.50,29012.75,70,29015.50,29016.25,0.75
2026-06-11 10:03:55,29012.75,29016.25,29011.75,29016.00,75,29014.00,29014.50,0.50
2026-06-11 10:03:56,29016.25,29018.25,29012.25,29014.00,128,29016.25,29017.25,1.00
2026-06-11 10:03:57,29014.50,29016.50,29013.00,29016.25,94,29016.25,29017.25,1.00
2026-06-11 10:03:58,29016.50,29018.50,29016.25,29017.50,58,29017.50,29018.00,0.50
2026-06-11 10:03:59,29017.50,29022.25,29017.50,29021.50,105,29020.50,29021.00,0.50
2026-06-11 10:04:00,29021.50,29021.50,29017.50,29019.50,92,29017.50,29018.25,0.75
2026-06-11 10:04:01,29018.75,29020.50,29015.50,29017.50,101,29021.00,29021.75,0.75
2026-06-11 10:04:02,29017.75,29022.25,29017.25,29021.25,122,29022.00,29022.50,0.50
2026-06-11 10:04:03,29021.75,29022.75,29017.25,29022.50,173,29016.00,29016.50,0.50
2026-06-11 10:04:04,29022.00,29022.00,29016.00,29016.00,117,29018.25,29018.75,0.50
2026-06-11 10:04:05,29016.75,29019.25,29014.25,29018.50,86,29017.75,29018.25,0.50
2026-06-11 10:04:06,29018.75,29021.00,29017.25,29018.00,56,29013.00,29013.50,0.50
2026-06-11 10:04:07,29017.00,29018.00,29013.50,29013.50,76,29013.00,29013.50,0.50
2026-06-11 10:04:08,29013.25,29013.25,29008.00,29009.50,166,29009.25,29009.75,0.50
2026-06-11 10:04:09,29010.00,29011.50,29007.00,29009.25,114,29017.75,29018.00,0.25
2026-06-11 10:04:10,29009.25,29018.50,29009.25,29018.00,100,29013.50,29014.00,0.50
2026-06-11 10:04:11,29018.00,29019.75,29012.50,29013.25,114,29013.50,29014.00,0.50
2026-06-11 10:04:12,29013.50,29014.25,29010.75,29012.25,51,29012.00,29012.50,0.50
2026-06-11 10:04:13,29010.75,29014.00,29010.25,29012.25,65,29012.00,29012.50,0.50
2026-06-11 10:04:14,29012.25,29013.75,29009.50,29009.50,74,29009.50,29010.00,0.50
2026-06-11 10:04:15,29009.75,29011.50,29007.25,29010.50,126,29012.25,29012.75,0.50
2026-06-11 10:04:16,29010.25,29015.25,29010.00,29012.75,125,29013.50,29014.00,0.50
2026-06-11 10:04:17,29012.00,29014.00,29010.50,29014.00,62,29017.50,29018.25,0.75
2026-06-11 10:04:18,29014.00,29018.75,29013.75,29018.50,117,29017.50,29018.25,0.75
2026-06-11 10:04:19,29018.00,29023.50,29017.75,29022.25,197,29020.00,29020.50,0.50
2026-06-11 10:04:20,29022.50,29023.75,29020.00,29020.50,118,29017.25,29017.75,0.50
2026-06-11 10:04:21,29020.00,29022.50,29017.00,29017.50,139,29015.25,29015.75,0.50
2026-06-11 10:04:22,29017.75,29018.25,29015.50,29015.50,53,29015.25,29015.75,0.50
2026-06-11 10:04:23,29015.75,29018.75,29014.25,29014.75,94,29012.75,29013.00,0.25
2026-06-11 10:04:24,29015.00,29015.00,29009.75,29013.50,117,29012.75,29013.00,0.25
2026-06-11 10:04:25,29013.00,29016.25,29011.25,29015.75,59,29023.25,29023.75,0.50
2026-06-11 10:04:26,29016.00,29025.00,29013.25,29024.50,203,29021.00,29021.50,0.50
2026-06-11 10:04:27,29022.75,29025.00,29021.00,29021.50,113,29017.00,29017.50,0.50
2026-06-11 10:04:28,29021.25,29021.25,29016.00,29017.75,126,29013.25,29013.75,0.50
2026-06-11 10:04:29,29017.25,29017.75,29012.75,29013.25,70,29016.75,29017.25,0.50
2026-06-11 10:04:30,29013.75,29017.50,29011.75,29016.50,88,29016.75,29017.25,0.50
2026-06-11 10:04:31,29017.00,29019.25,29013.75,29018.50,80,29019.00,29019.50,0.50
2026-06-11 10:04:32,29019.00,29020.25,29016.00,29019.50,93,29021.00,29021.50,0.50
2026-06-11 10:04:33,29018.75,29021.50,29018.50,29021.25,77,29023.25,29023.75,0.50
2026-06-11 10:04:34,29020.75,29024.25,29020.00,29023.75,102,29019.75,29020.25,0.50
2026-06-11 10:04:35,29023.75,29026.50,29019.50,29019.75,179,29019.75,29020.25,0.50
2026-06-11 10:04:36,29019.75,29022.25,29019.00,29021.50,123,29022.75,29023.25,0.50
2026-06-11 10:04:37,29021.00,29023.75,29019.00,29022.75,137,29026.50,29027.00,0.50
2026-06-11 10:04:38,29022.75,29027.00,29022.50,29027.00,106,29026.50,29027.00,0.50
2026-06-11 10:04:39,29026.75,29033.00,29026.50,29032.50,258,29032.00,29032.50,0.50
2026-06-11 10:04:40,29032.25,29034.00,29028.75,29031.50,340,29031.25,29031.50,0.25
2026-06-11 10:04:41,29031.50,29037.25,29030.50,29036.50,299,29033.75,29034.25,0.50
2026-06-11 10:04:42,29036.50,29037.75,29033.25,29034.25,214,29028.50,29029.25,0.75
2026-06-11 10:04:43,29033.75,29034.75,29026.50,29029.00,174,29028.75,29029.25,0.50
2026-06-11 10:04:44,29028.50,29029.75,29026.25,29029.00,113,29028.75,29029.25,0.50
2026-06-11 10:04:45,29029.00,29030.25,29027.50,29028.75,114,29026.75,29027.25,0.50
2026-06-11 10:04:46,29028.75,29029.25,29026.00,29027.25,75,29029.50,29030.00,0.50
2026-06-11 10:04:47,29026.50,29030.25,29026.00,29029.75,47,29033.25,29033.50,0.25
2026-06-11 10:04:48,29030.25,29033.00,29029.50,29032.75,54,29034.00,29034.50,0.50
2026-06-11 10:04:49,29033.50,29035.75,29031.25,29034.25,77,29036.75,29037.25,0.50
2026-06-11 10:04:50,29034.25,29037.75,29034.00,29037.00,130,29039.00,29039.50,0.50
2026-06-11 10:04:51,29037.00,29039.75,29035.25,29039.75,156,29041.75,29042.00,0.25
2026-06-11 10:04:52,29039.50,29043.75,29037.75,29042.25,410,29041.75,29042.00,0.25
2026-06-11 10:04:53,29042.25,29048.75,29042.00,29048.00,608,29046.25,29047.00,0.75
2026-06-11 10:04:54,29048.00,29048.75,29045.75,29046.25,305,29047.25,29047.50,0.25
2026-06-11 10:04:55,29046.75,29048.75,29043.75,29047.00,215,29047.25,29047.50,0.25
2026-06-11 10:04:56,29047.00,29048.50,29044.75,29045.50,121,29045.00,29045.50,0.50
2026-06-11 10:04:57,29045.50,29047.50,29045.25,29046.75,105,29046.50,29047.00,0.50
2026-06-11 10:04:58,29047.50,29048.25,29045.25,29047.25,112,29046.50,29047.00,0.50
2026-06-11 10:04:59,29047.25,29048.75,29043.75,29045.50,113,29038.25,29038.75,0.50
2026-06-11 10:05:00,29045.75,29047.75,29038.00,29038.00,289,29027.25,29028.00,0.75
2026-06-11 10:05:01,29038.75,29039.50,29026.00,29028.25,653,29031.75,29032.25,0.50
2026-06-11 10:05:02,29027.75,29032.50,29024.25,29031.75,304,29025.25,29026.00,0.75
2026-06-11 10:05:03,29031.75,29033.75,29022.25,29025.25,287,29025.25,29026.00,0.75
2026-06-11 10:05:04,29026.00,29026.00,29019.50,29021.00,248,29018.75,29019.25,0.50
2026-06-11 10:05:05,29021.75,29022.25,29014.75,29018.75,298,29017.00,29017.75,0.75
2026-06-11 10:05:06,29019.00,29019.75,29014.00,29017.00,204,29020.00,29020.75,0.75
2026-06-11 10:05:07,29017.00,29020.50,29015.00,29020.00,152,29020.00,29020.75,0.75
2026-06-11 10:05:08,29020.50,29025.25,29018.00,29024.75,124,29023.50,29024.00,0.50
2026-06-11 10:05:09,29025.25,29026.00,29021.50,29024.00,131,29020.50,29021.00,0.50
2026-06-11 10:05:10,29024.00,29025.00,29018.25,29020.25,160,29021.75,29022.25,0.50
2026-06-11 10:05:11,29021.25,29024.25,29021.00,29021.75,102,29026.00,29026.75,0.75
2026-06-11 10:05:12,29022.25,29026.50,29020.25,29026.50,118,29026.25,29026.75,0.50
2026-06-11 10:05:13,29026.25,29027.75,29024.25,29026.50,55,29021.75,29023.00,1.25
2026-06-11 10:05:14,29027.00,29029.00,29022.25,29022.25,121,29021.75,29023.00,1.25
2026-06-11 10:05:15,29022.25,29024.00,29017.75,29018.75,181,29017.50,29017.75,0.25
2026-06-11 10:05:16,29017.75,29017.75,29008.00,29012.25,366,29010.50,29011.25,0.75
2026-06-11 10:05:17,29011.50,29013.50,29006.50,29010.75,400,29014.00,29014.50,0.50
2026-06-11 10:05:18,29010.75,29017.00,29010.75,29014.50,188,29009.25,29009.75,0.50
2026-06-11 10:05:19,29013.75,29013.75,29009.00,29009.75,107,28998.25,28998.75,0.50
2026-06-11 10:05:20,29009.50,29010.50,28996.25,28998.00,638,28998.25,28998.75,0.50
2026-06-11 10:05:21,28998.25,29000.25,28993.00,28996.00,702,28996.25,28997.25,1.00
2026-06-11 10:05:22,28996.25,29003.50,28995.75,29003.00,290,28999.00,28999.75,0.75
2026-06-11 10:05:23,29002.50,29004.75,28999.25,28999.25,141,29001.50,29002.00,0.50
2026-06-11 10:05:24,28999.50,29004.50,28996.50,29001.75,172,29001.50,29002.00,0.50
2026-06-11 10:05:25,29001.50,29006.25,29001.25,29001.75,202,29002.25,29002.75,0.50
2026-06-11 10:05:26,29001.25,29004.75,29001.25,29002.25,92,29004.25,29004.75,0.50
2026-06-11 10:05:27,29002.75,29006.75,29002.50,29004.50,143,29008.50,29009.00,0.50
2026-06-11 10:05:28,29004.75,29010.50,29003.75,29008.50,185,29008.00,29008.50,0.50
2026-06-11 10:05:29,29009.00,29010.25,29006.50,29008.00,161,29004.50,29005.00,0.50
2026-06-11 10:05:30,29007.75,29009.25,29004.25,29005.00,138,29003.00,29003.50,0.50
2026-06-11 10:05:31,29004.50,29005.00,29001.50,29003.25,269,29003.00,29003.50,0.50
2026-06-11 10:05:32,29003.25,29003.25,28995.50,28997.75,180,29000.00,29000.50,0.50
2026-06-11 10:05:33,28997.75,29000.00,28996.50,28999.75,122,29004.00,29004.50,0.50
2026-06-11 10:05:34,29000.00,29005.25,28999.00,29004.00,111,29002.25,29002.75,0.50
2026-06-11 10:05:35,29004.00,29005.75,29000.00,29002.50,96,29012.50,29012.75,0.25
2026-06-11 10:05:36,29003.50,29013.00,29002.50,29012.75,263,29012.50,29012.75,0.25
2026-06-11 10:05:37,29012.25,29012.75,29004.00,29004.25,174,29005.75,29006.25,0.50
2026-06-11 10:05:38,29004.00,29008.00,29002.50,29006.25,148,29005.75,29006.25,0.50
2026-06-11 10:05:39,29006.00,29008.00,29005.75,29008.00,69,29010.75,29011.25,0.50
2026-06-11 10:05:40,29008.00,29011.00,29006.00,29010.75,109,29014.00,29014.50,0.50
2026-06-11 10:05:41,29011.50,29015.25,29011.25,29014.25,158,29006.25,29006.75,0.50
2026-06-11 10:05:42,29014.00,29014.00,29005.00,29006.50,148,29006.25,29006.75,0.50
2026-06-11 10:05:43,29006.25,29006.25,29003.00,29004.75,154,29004.50,29005.00,0.50
2026-06-11 10:05:44,29004.75,29004.75,28997.25,28997.25,148,28993.00,28993.50,0.50
2026-06-11 10:05:45,28997.00,28997.50,28992.00,28993.50,198,28993.25,28993.75,0.50
2026-06-11 10:05:46,28993.75,28997.00,28992.50,28993.50,159,28993.25,28993.75,0.50
2026-06-11 10:05:47,28993.25,28994.75,28988.00,28990.50,475,28991.25,28991.75,0.50
2026-06-11 10:05:48,28991.50,28994.25,28990.75,28992.00,211,28984.50,28985.00,0.50
2026-06-11 10:05:49,28992.50,28992.75,28983.25,28984.50,357,28983.25,28984.00,0.75
2026-06-11 10:05:50,28984.50,28986.25,28979.75,28984.00,417,28990.25,28990.75,0.50
2026-06-11 10:05:51,28984.00,28991.25,28983.25,28990.75,252,28990.25,28990.75,0.50
2026-06-11 10:05:52,28990.50,28991.50,28983.00,28986.00,243,28975.50,28976.00,0.50
2026-06-11 10:05:53,28986.00,28986.00,28975.00,28975.75,303,28975.50,28976.00,0.50
2026-06-11 10:05:54,28975.50,28980.00,28975.50,28977.00,223,28977.75,28978.25,0.50
2026-06-11 10:05:55,28977.75,28979.00,28973.50,28978.25,152,28978.25,28978.75,0.50
2026-06-11 10:05:56,28978.00,28985.00,28978.00,28984.50,192,28984.25,28985.00,0.75
2026-06-11 10:05:57,28984.00,28990.50,28983.75,28985.00,319,28985.25,28985.75,0.50
2026-06-11 10:05:58,28985.50,28988.75,28984.50,28985.50,179,28987.25,28987.75,0.50
2026-06-11 10:05:59,28986.25,28987.75,28984.00,28987.50,149,28986.75,28987.25,0.50
2026-06-11 10:06:00,28987.75,28991.25,28984.75,28987.00,179,28989.50,28990.25,0.75
2026-06-11 10:06:01,28986.75,28991.00,28984.50,28989.75,206,28993.75,28994.25,0.50
2026-06-11 10:06:02,28989.25,28995.50,28988.00,28994.00,223,28989.50,28990.00,0.50
2026-06-11 10:06:03,28994.00,28994.00,28989.25,28990.25,152,28987.00,28987.75,0.75
2026-06-11 10:06:04,28990.00,28990.00,28982.00,28986.25,260,28987.00,28987.75,0.75
2026-06-11 10:06:05,28986.75,28994.50,28986.75,28993.75,128,28992.00,28992.50,0.50
2026-06-11 10:06:06,28993.75,28994.75,28992.00,28992.00,109,28989.25,28989.75,0.50
2026-06-11 10:06:07,28991.75,28994.75,28989.50,28989.75,122,28990.75,28991.25,0.50
2026-06-11 10:06:08,28989.75,28992.25,28989.00,28991.50,115,28984.50,28985.00,0.50
2026-06-11 10:06:09,28990.75,28991.00,28984.50,28984.50,166,28989.00,28989.50,0.50
2026-06-11 10:06:10,28984.25,28989.50,28982.50,28989.25,135,28993.75,28994.25,0.50
2026-06-11 10:06:11,28989.25,28995.75,28988.00,28993.75,194,28993.75,28994.25,0.50
2026-06-11 10:06:12,28994.00,28995.00,28986.75,28994.50,191,28994.50,28995.00,0.50
2026-06-11 10:06:13,28994.50,28995.25,28991.25,28994.75,120,28993.50,28994.00,0.50
2026-06-11 10:06:14,28994.75,28999.50,28993.25,28993.25,356,28993.25,28993.75,0.50
2026-06-11 10:06:15,28993.50,28995.75,28991.50,28993.75,278,28995.50,28996.00,0.50
2026-06-11 10:06:16,28993.50,28996.50,28992.75,28995.75,90,28991.25,28991.75,0.50
2026-06-11 10:06:17,28994.25,28995.25,28991.25,28991.25,119,28991.25,28991.75,0.50
2026-06-11 10:06:18,28991.25,28992.50,28987.00,28992.50,89,28991.00,28991.25,0.25
2026-06-11 10:06:19,28991.25,28992.00,28989.75,28989.75,103,28998.75,28999.25,0.50
2026-06-11 10:06:20,28989.75,29002.50,28989.75,28999.50,389,28998.75,28999.25,0.50
2026-06-11 10:06:21,28999.00,28999.75,28995.00,28997.00,204,28997.00,28997.50,0.50
2026-06-11 10:06:22,28997.50,29003.75,28997.50,29003.00,190,29007.50,29008.00,0.50
2026-06-11 10:06:23,29003.00,29008.50,29003.00,29008.25,275,29002.25,29003.00,0.75
2026-06-11 10:06:24,29007.75,29008.50,28999.75,29002.50,260,29002.25,29003.00,0.75
2026-06-11 10:06:25,29002.00,29007.00,29002.00,29003.75,185,29006.25,29006.75,0.50
2026-06-11 10:06:26,29003.00,29007.25,29002.25,29006.50,120,29005.25,29005.75,0.50
2026-06-11 10:06:27,29006.25,29007.25,29003.25,29005.25,128,29002.50,29003.00,0.50
2026-06-11 10:06:28,29005.75,29008.25,29002.75,29002.75,137,29002.25,29002.50,0.25
2026-06-11 10:06:29,29002.75,29004.00,29000.75,29002.75,117,29004.25,29004.50,0.25
2026-06-11 10:06:30,29002.50,29006.25,29000.00,29003.75,165,29002.00,29002.50,0.50
2026-06-11 10:06:31,29004.50,29004.50,28999.75,29002.00,116,29009.00,29009.50,0.50
2026-06-11 10:06:32,29003.25,29010.75,29002.50,29008.75,174,29009.75,29010.25,0.50
2026-06-11 10:06:33,29009.00,29013.00,29008.25,29010.50,281,29009.00,29009.50,0.50
2026-06-11 10:06:34,29010.50,29010.50,29007.00,29009.50,129,29005.75,29006.00,0.25
2026-06-11 10:06:35,29009.50,29010.25,29005.50,29005.50,139,29012.75,29013.50,0.75
2026-06-11 10:06:36,29006.00,29014.25,29006.00,29012.25,131,29015.25,29015.75,0.50
2026-06-11 10:06:37,29013.75,29016.50,29012.75,29015.50,226,29015.50,29015.75,0.25
2026-06-11 10:06:38,29016.00,29018.75,29015.50,29016.50,188,29015.50,29015.75,0.25
2026-06-11 10:06:39,29015.75,29015.75,29006.75,29006.75,226,29000.75,29001.50,0.75
2026-06-11 10:06:40,29007.00,29009.50,29001.25,29001.75,198,29000.75,29001.50,0.75
2026-06-11 10:06:41,29001.25,29003.25,28999.50,28999.75,180,29000.50,29001.00,0.50
2026-06-11 10:06:42,29000.00,29001.00,28996.75,29000.00,159,29001.25,29001.50,0.25
2026-06-11 10:06:43,29001.00,29003.25,28999.00,29001.00,105,29008.75,29009.25,0.50
2026-06-11 10:06:44,29001.25,29009.50,29000.25,29009.50,180,29005.75,29006.25,0.50
2026-06-11 10:06:45,29009.75,29011.00,29005.25,29006.00,133,29008.00,29008.50,0.50
2026-06-11 10:06:46,29004.25,29010.25,29004.25,29008.75,141,29007.25,29007.75,0.50
2026-06-11 10:06:47,29009.00,29010.75,29007.25,29007.25,94,29002.25,29002.75,0.50
2026-06-11 10:06:48,29007.75,29008.25,29002.75,29002.75,122,29002.25,29002.75,0.50
2026-06-11 10:06:49,29002.25,29004.50,29001.00,29004.50,204,29007.75,29008.25,0.50
2026-06-11 10:06:50,29004.50,29010.50,29004.50,29008.50,214,29006.00,29006.50,0.50
2026-06-11 10:06:51,29007.25,29007.25,29003.75,29006.25,118,29005.50,29006.00,0.50
2026-06-11 10:06:52,29006.50,29006.50,29005.00,29005.50,29,29006.00,29006.50,0.50
2026-06-11 10:06:53,29005.75,29008.50,29004.25,29006.50,90,29005.75,29006.25,0.50
2026-06-11 10:06:54,29006.75,29007.50,29005.25,29006.25,70,29006.25,29006.75,0.50
2026-06-11 10:06:55,29006.25,29010.00,29006.25,29006.50,168,29008.00,29008.50,0.50
2026-06-11 10:06:56,29006.75,29008.50,29006.25,29008.50,77,29008.00,29008.50,0.50
2026-06-11 10:06:57,29008.50,29010.00,29006.50,29007.75,66,29013.50,29014.00,0.50
2026-06-11 10:06:58,29008.50,29015.50,29007.75,29014.00,156,29011.25,29011.75,0.50
2026-06-11 10:06:59,29013.25,29014.25,29011.25,29011.75,66,29011.75,29012.25,0.50
2026-06-11 10:07:00,29010.75,29012.75,29009.25,29012.00,78,29005.50,29006.00,0.50
2026-06-11 10:07:01,29012.25,29012.75,29006.00,29007.25,183,29004.75,29005.25,0.50
2026-06-11 10:07:02,29006.00,29007.75,29004.75,29005.25,149,29012.50,29013.00,0.50
2026-06-11 10:07:03,29005.25,29013.50,29004.50,29012.50,206,29011.00,29011.50,0.50
2026-06-11 10:07:04,29013.00,29015.00,29009.50,29010.50,150,29005.00,29005.50,0.50
2026-06-11 10:07:05,29011.25,29011.25,29005.00,29005.50,75,29005.75,29006.25,0.50
2026-06-11 10:07:06,29004.75,29007.00,29003.25,29005.50,172,29006.25,29006.75,0.50
2026-06-11 10:07:07,29005.75,29007.25,29004.75,29006.50,127,29008.50,29009.00,0.50
2026-06-11 10:07:08,29006.25,29010.00,29005.75,29009.00,112,29008.00,29008.50,0.50
2026-06-11 10:07:09,29009.25,29010.25,29005.75,29008.50,87,29007.75,29008.25,0.50
2026-06-11 10:07:10,29007.50,29009.00,29006.50,29008.25,73,29007.25,29007.75,0.50
2026-06-11 10:07:11,29008.00,29009.50,29006.75,29006.75,78,29006.50,29007.00,0.50
2026-06-11 10:07:12,29008.00,29009.00,29004.50,29007.00,128,29006.50,29007.00,0.50
2026-06-11 10:07:13,29007.00,29007.00,29005.50,29006.50,92,29005.50,29005.75,0.25
2026-06-11 10:07:14,29007.00,29009.25,29005.00,29005.00,73,29005.50,29005.75,0.25
2026-06-11 10:07:15,29005.25,29008.25,29004.25,29007.25,111,29003.75,29004.25,0.50
2026-06-11 10:07:16,29007.50,29009.00,29003.50,29003.75,105,29002.25,29002.75,0.50
2026-06-11 10:07:17,29003.50,29005.75,29001.25,29002.75,208,28995.00,28995.25,0.25
2026-06-11 10:07:18,29002.50,29002.50,28993.75,28995.00,486,28997.75,28998.25,0.50
2026-06-11 10:07:19,28995.00,28999.25,28995.00,28998.00,197,28993.75,28994.25,0.50
2026-06-11 10:07:20,28997.75,28997.75,28993.75,28993.75,114,28991.25,28991.75,0.50
2026-06-11 10:07:21,28993.75,28995.25,28989.25,28991.25,317,28993.25,28993.75,0.50
2026-06-11 10:07:22,28991.50,28994.25,28989.75,28994.00,302,28991.25,28991.75,0.50
2026-06-11 10:07:23,28994.00,28994.25,28990.50,28991.25,114,28989.25,28989.50,0.25
2026-06-11 10:07:24,28991.25,28991.75,28987.25,28989.50,210,28992.75,28993.25,0.50
2026-06-11 10:07:25,28989.25,28993.00,28987.50,28993.00,136,28993.25,28993.75,0.50
2026-06-11 10:07:26,28993.25,28995.75,28992.00,28993.75,194,28990.50,28991.00,0.50
2026-06-11 10:07:27,28993.75,28995.25,28988.25,28990.50,205,28982.50,28983.00,0.50
2026-06-11 10:07:28,28990.75,28990.75,28981.50,28982.75,201,28982.50,28983.00,0.50
2026-06-11 10:07:29,28982.50,28986.00,28982.25,28984.75,167,28984.75,28985.25,0.50
2026-06-11 10:07:30,28985.25,28988.50,28983.50,28983.50,123,28981.25,28981.75,0.50
2026-06-11 10:07:31,28983.25,28983.25,28979.75,28982.00,195,28980.25,28980.75,0.50
2026-06-11 10:07:32,28981.25,28981.50,28979.25,28980.25,140,28981.75,28982.25,0.50
2026-06-11 10:07:33,28981.00,28983.25,28980.50,28982.50,126,28984.75,28985.00,0.25
2026-06-11 10:07:34,28981.75,28986.00,28980.75,28985.00,157,28995.75,28996.25,0.50
2026-06-11 10:07:35,28984.75,28997.75,28981.75,28995.75,361,28999.75,29000.00,0.25
2026-06-11 10:07:36,28995.50,29003.50,28993.25,29000.50,313,28999.75,29000.00,0.25
2026-06-11 10:07:37,29000.25,29008.75,28997.50,29004.50,329,29004.00,29004.50,0.50
2026-06-11 10:07:38,29004.50,29006.25,29003.50,29005.25,192,29002.75,29003.25,0.50
2026-06-11 10:07:39,29005.25,29006.00,29002.50,29002.50,127,29005.00,29005.75,0.75
2026-06-11 10:07:40,29002.50,29006.00,29000.50,29005.25,126,29014.75,29015.25,0.50
2026-06-11 10:07:41,29006.25,29015.75,29006.25,29015.00,318,29014.75,29015.25,0.50
2026-06-11 10:07:42,29014.75,29014.75,29010.25,29013.75,193,29016.25,29016.75,0.50
2026-06-11 10:07:43,29013.75,29017.00,29012.50,29017.00,168,29011.25,29012.00,0.75
2026-06-11 10:07:44,29016.75,29016.75,29008.75,29011.75,234,29000.25,29000.75,0.50
2026-06-11 10:07:45,29012.50,29012.50,28999.25,29000.25,153,29002.50,29003.25,0.75
2026-06-11 10:07:46,29000.75,29003.50,28999.50,29003.00,125,29006.75,29007.25,0.50
2026-06-11 10:07:47,29002.75,29006.75,29001.50,29006.75,67,29007.50,29008.25,0.75
2026-06-11 10:07:48,29007.25,29008.25,29006.75,29008.00,65,29011.50,29012.00,0.50
2026-06-11 10:07:49,29007.25,29014.25,29007.25,29012.75,135,29011.50,29012.00,0.50
2026-06-11 10:07:50,29012.00,29017.25,29011.75,29016.25,280,29016.00,29016.50,0.50
2026-06-11 10:07:51,29016.50,29017.50,29014.00,29014.75,184,29009.50,29010.25,0.75
2026-06-11 10:07:52,29014.75,29014.75,29009.25,29009.75,295,29011.00,29011.75,0.75
2026-06-11 10:07:53,29009.75,29011.50,29004.00,29011.50,145,29016.50,29017.00,0.50
2026-06-11 10:07:54,29011.00,29017.25,29010.75,29017.00,171,29015.75,29016.00,0.25
2026-06-11 10:07:55,29017.00,29018.50,29013.75,29016.00,177,29015.50,29015.75,0.25
2026-06-11 10:07:56,29016.50,29017.00,29013.25,29015.00,125,29018.75,29019.25,0.50
2026-06-11 10:07:57,29015.50,29019.50,29013.00,29018.50,162,29019.25,29019.75,0.50
2026-06-11 10:07:58,29019.25,29022.25,29015.75,29019.00,424,29022.25,29022.75,0.50
2026-06-11 10:07:59,29019.25,29022.75,29017.50,29022.50,133,29023.00,29023.50,0.50
2026-06-11 10:08:00,29022.25,29024.25,29020.75,29023.50,189,29023.00,29023.50,0.50
2026-06-11 10:08:01,29023.50,29023.75,29016.75,29019.75,289,29019.25,29019.75,0.50
2026-06-11 10:08:02,29019.50,29019.50,29013.00,29014.25,196,29013.00,29013.75,0.75
2026-06-11 10:08:03,29014.00,29019.50,29011.75,29017.25,176,29012.25,29012.75,0.50
2026-06-11 10:08:04,29017.50,29018.00,29011.75,29012.50,97,29005.25,29005.75,0.50
2026-06-11 10:08:05,29012.75,29012.75,29005.00,29005.25,222,29000.00,29000.75,0.75
2026-06-11 10:08:06,29004.75,29005.50,28998.25,29000.00,254,29002.50,29003.00,0.50
2026-06-11 10:08:07,29001.25,29004.25,29000.25,29003.00,293,29003.25,29003.75,0.50
2026-06-11 10:08:08,29003.00,29004.50,29002.00,29003.50,90,29007.50,29008.00,0.50
2026-06-11 10:08:09,29004.00,29008.50,29004.00,29008.00,80,29011.00,29011.50,0.50
2026-06-11 10:08:10,29008.00,29011.25,29006.75,29010.50,120,29009.25,29009.75,0.50
2026-06-11 10:08:11,29011.25,29011.75,29008.75,29009.75,52,29010.50,29011.00,0.50
2026-06-11 10:08:12,29009.75,29013.50,29009.75,29011.00,92,29010.25,29010.75,0.50
2026-06-11 10:08:13,29011.25,29012.50,29008.00,29010.25,129,29008.25,29008.75,0.50
2026-06-11 10:08:14,29010.50,29012.25,29007.50,29008.25,86,29005.75,29006.25,0.50
2026-06-11 10:08:15,29008.25,29008.75,29004.50,29006.25,79,29006.00,29006.25,0.25
2026-06-11 10:08:16,29006.00,29006.25,29004.00,29005.75,62,29002.50,29003.00,0.50
2026-06-11 10:08:17,29005.75,29006.25,29002.25,29002.50,67,28998.75,28999.25,0.50
2026-06-11 10:08:18,29002.50,29004.25,28999.25,28999.25,115,29004.25,29004.75,0.50
2026-06-11 10:08:19,28999.25,29006.25,28998.50,29004.75,180,29004.25,29004.75,0.50
2026-06-11 10:08:20,29004.25,29008.75,29004.25,29007.50,92,29004.25,29004.75,0.50
2026-06-11 10:08:21,29008.00,29008.25,29001.25,29004.50,210,29004.75,29005.25,0.50
2026-06-11 10:08:22,29004.25,29006.75,29002.75,29004.25,93,29004.75,29005.25,0.50
2026-06-11 10:08:23,29004.75,29005.50,29000.50,29000.75,80,29003.50,29004.25,0.75
2026-06-11 10:08:24,29000.75,29005.00,29000.75,29003.75,98,29003.50,29004.25,0.75
2026-06-11 10:08:25,29003.75,29006.00,29003.25,29003.75,58,29005.00,29005.50,0.50
2026-06-11 10:08:26,29003.50,29005.50,29001.50,29005.50,79,29008.25,29008.75,0.50
2026-06-11 10:08:27,29004.50,29011.50,29004.50,29008.50,96,29004.00,29004.50,0.50
2026-06-11 10:08:28,29008.00,29008.00,29004.25,29004.25,74,29000.75,29001.25,0.50
2026-06-11 10:08:29,29003.75,29003.75,28995.75,29001.00,280,29004.25,29005.00,0.75
2026-06-11 10:08:30,29001.50,29005.50,28999.75,29004.75,131,29009.00,29009.50,0.50
2026-06-11 10:08:31,29005.50,29009.75,29003.25,29009.25,114,29012.25,29012.75,0.50
2026-06-11 10:08:32,29009.25,29012.75,29009.25,29012.50,144,29005.75,29006.25,0.50
2026-06-11 10:08:33,29012.50,29012.50,29004.75,29005.50,103,29005.75,29006.25,0.50
2026-06-11 10:08:34,29005.50,29007.00,29004.50,29006.25,50,29007.75,29008.25,0.50
2026-06-11 10:08:35,29006.50,29009.75,29005.75,29008.25,87,29011.25,29011.75,0.50
2026-06-11 10:08:36,29008.25,29012.25,29008.00,29012.00,135,29011.25,29011.75,0.50
2026-06-11 10:08:37,29012.25,29013.75,29010.00,29011.50,125,29012.50,29013.00,0.50
2026-06-11 10:08:38,29011.50,29016.00,29011.00,29012.50,137,29010.25,29010.75,0.50
2026-06-11 10:08:39,29012.50,29012.50,29010.25,29011.25,36,29009.00,29009.50,0.50
2026-06-11 10:08:40,29010.00,29011.50,29008.25,29009.25,60,29008.00,29008.50,0.50
2026-06-11 10:08:41,29009.25,29009.50,29005.00,29009.25,67,29002.00,29002.50,0.50
2026-06-11 10:08:42,29008.50,29010.00,29002.75,29002.75,74,29002.75,29003.25,0.50
2026-06-11 10:08:43,29002.00,29003.25,28996.25,29002.25,252,28993.75,28994.25,0.50
2026-06-11 10:08:44,29003.00,29003.00,28994.50,28994.50,148,28993.75,28994.25,0.50
2026-06-11 10:08:45,28994.25,29000.50,28991.25,28997.75,228,29001.75,29002.25,0.50
2026-06-11 10:08:46,28998.50,29002.75,28996.25,29002.75,172,29001.75,29002.25,0.50
2026-06-11 10:08:47,29002.00,29003.00,28999.50,29002.75,156,29001.75,29002.25,0.50
2026-06-11 10:08:48,29001.75,29005.75,29001.75,29002.75,104,29000.50,29001.00,0.50
2026-06-11 10:08:49,29002.75,29003.50,29000.00,29001.25,66,29000.25,29000.75,0.50
2026-06-11 10:08:50,29000.75,29001.75,28997.00,29000.50,164,29000.75,29001.25,0.50
2026-06-11 10:08:51,29000.25,29001.75,28998.50,29000.50,76,28999.25,28999.75,0.50
2026-06-11 10:08:52,29000.75,29004.00,28999.25,28999.25,82,28997.25,28997.75,0.50
2026-06-11 10:08:53,28999.50,28999.50,28995.50,28996.50,71,29000.00,29000.50,0.50
2026-06-11 10:08:54,28997.75,29001.50,28997.75,29000.50,52,28997.25,28997.75,0.50
2026-06-11 10:08:55,29000.00,29002.00,28996.75,28997.00,65,28997.25,28997.75,0.50
2026-06-11 10:08:56,28997.25,29000.50,28997.00,29000.50,48,29002.50,29003.00,0.50
2026-06-11 10:08:57,29000.50,29007.50,29000.00,29002.75,381,28999.75,29000.25,0.50
2026-06-11 10:08:58,29002.75,29002.75,28998.50,28999.50,221,29002.25,29002.75,0.50
2026-06-11 10:08:59,29000.00,29003.00,28998.75,29002.50,129,29005.25,29005.75,0.50
2026-06-11 10:09:00,29002.00,29007.00,29001.50,29005.75,120,29001.75,29002.50,0.75
2026-06-11 10:09:01,29005.75,29008.00,29002.00,29002.50,268,29002.75,29003.25,0.50
2026-06-11 10:09:02,29002.50,29003.75,29000.00,29003.25,121,29001.75,29002.25,0.50
2026-06-11 10:09:03,29003.50,29003.75,29001.25,29002.00,64,29000.25,29000.75,0.50
2026-06-11 10:09:04,29002.25,29002.50,28999.75,29000.25,53,28998.50,28999.00,0.50
2026-06-11 10:09:05,29000.75,29000.75,28996.25,28998.75,102,28994.50,28995.00,0.50
2026-06-11 10:09:06,28998.50,28998.50,28994.00,28994.25,176,28994.50,28995.00,0.50
2026-06-11 10:09:07,28994.75,29001.75,28994.75,29001.75,91,28989.75,28990.25,0.50
2026-06-11 10:09:08,29000.50,29000.50,28988.25,28989.75,266,28989.75,28990.25,0.50
2026-06-11 10:09:09,28990.25,28990.75,28984.00,28986.50,329,28993.25,28993.50,0.25
2026-06-11 10:09:10,28986.50,28995.50,28986.50,28993.75,302,28993.25,28993.50,0.25
2026-06-11 10:09:11,28993.25,28993.25,28985.75,28987.75,182,28987.25,28987.75,0.50
2026-06-11 10:09:12,28988.25,28990.25,28984.50,28987.75,224,28985.50,28986.00,0.50
2026-06-11 10:09:13,28987.75,28988.75,28985.25,28985.25,153,28980.50,28981.00,0.50
2026-06-11 10:09:14,28985.50,28985.50,28980.25,28981.25,203,28984.50,28985.00,0.50
2026-06-11 10:09:15,28981.50,28986.75,28980.25,28984.75,268,28977.75,28978.25,0.50
2026-06-11 10:09:16,28984.25,28984.75,28977.00,28979.50,294,28977.75,28978.25,0.50
2026-06-11 10:09:17,28978.00,28983.75,28977.25,28980.00,191,28979.50,28980.00,0.50
2026-06-11 10:09:18,28979.50,28981.75,28979.25,28979.75,175,28969.75,28970.25,0.50
2026-06-11 10:09:19,28980.25,28980.25,28969.50,28970.00,585,28967.50,28968.00,0.50
2026-06-11 10:09:20,28969.75,28972.25,28963.50,28967.75,515,28967.00,28967.50,0.50
2026-06-11 10:09:21,28967.75,28969.25,28964.50,28967.50,422,28971.50,28972.00,0.50
2026-06-11 10:09:22,28967.00,28972.50,28966.25,28972.50,273,28975.50,28976.25,0.75
2026-06-11 10:09:23,28972.25,28977.25,28971.00,28976.00,248,28979.75,28980.25,0.50
2026-06-11 10:09:24,28976.25,28981.00,28976.00,28980.00,156,28984.00,28984.50,0.50
2026-06-11 10:09:25,28980.25,28984.75,28979.50,28984.50,196,28982.25,28982.75,0.50
2026-06-11 10:09:26,28984.00,28985.75,28981.50,28982.25,220,28974.75,28975.00,0.25
2026-06-11 10:09:27,28982.00,28982.00,28974.50,28974.75,130,28967.50,28968.00,0.50
2026-06-11 10:09:28,28975.00,28975.00,28967.75,28967.75,149,28968.00,28968.25,0.25
2026-06-11 10:09:29,28967.75,28971.25,28967.50,28968.50,118,28972.75,28973.25,0.50
2026-06-11 10:09:30,28968.00,28973.00,28966.75,28971.50,145,28974.50,28975.00,0.50
2026-06-11 10:09:31,28972.75,28976.25,28971.75,28974.75,148,28975.00,28975.25,0.25
2026-06-11 10:09:32,28975.00,28976.75,28974.00,28975.00,73,28974.25,28974.75,0.50
2026-06-11 10:09:33,28975.25,28975.50,28971.75,28974.50,135,28971.00,28971.50,0.50
2026-06-11 10:09:34,28973.50,28975.50,28971.25,28971.25,93,28971.75,28972.25,0.50
2026-06-11 10:09:35,28972.00,28973.75,28968.00,28972.00,117,28969.50,28970.00,0.50
2026-06-11 10:09:36,28971.75,28973.75,28968.75,28969.50,111,28964.75,28965.25,0.50
2026-06-11 10:09:37,28969.50,28969.50,28963.25,28964.75,129,28958.75,28959.25,0.50
2026-06-11 10:09:38,28965.00,28965.00,28956.75,28958.50,406,28958.25,28958.75,0.50
2026-06-11 10:09:39,28958.75,28960.00,28957.00,28958.00,303,28958.25,28958.75,0.50
2026-06-11 10:09:40,28958.00,28961.00,28954.50,28955.00,220,28955.75,28956.25,0.50
2026-06-11 10:09:41,28954.50,28957.75,28950.50,28956.25,488,28962.25,28962.75,0.50
2026-06-11 10:09:42,28955.75,28963.25,28952.75,28962.50,277,28962.25,28962.75,0.50
2026-06-11 10:09:43,28962.75,28964.25,28960.25,28962.50,161,28965.00,28965.50,0.50
2026-06-11 10:09:44,28962.25,28966.50,28961.25,28965.50,96,28965.00,28965.50,0.50
2026-06-11 10:09:45,28965.00,28972.50,28964.50,28972.50,231,28970.75,28971.50,0.75
2026-06-11 10:09:46,28972.25,28975.25,28970.00,28972.50,161,28971.50,28972.00,0.50
2026-06-11 10:09:47,28972.50,28973.00,28970.25,28973.00,90,28968.25,28968.75,0.50
2026-06-11 10:09:48,28972.75,28973.25,28967.00,28968.75,123,28971.00,28971.50,0.50
2026-06-11 10:09:49,28968.75,28972.75,28968.75,28970.75,123,28968.00,28968.50,0.50
2026-06-11 10:09:50,28971.50,28971.50,28966.50,28968.50,111,28966.50,28967.00,0.50
2026-06-11 10:09:51,28967.50,28968.75,28966.50,28966.75,66,28965.00,28965.50,0.50
2026-06-11 10:09:52,28967.25,28967.75,28964.50,28965.50,59,28965.00,28965.50,0.50
2026-06-11 10:09:53,28965.00,28967.25,28962.75,28963.25,75,28961.75,28962.25,0.50
2026-06-11 10:09:54,28964.00,28964.25,28961.00,28962.25,78,28961.00,28961.50,0.50
2026-06-11 10:09:55,28962.25,28963.00,28959.75,28961.75,132,28959.00,28959.50,0.50
2026-06-11 10:09:56,28960.75,28962.00,28958.75,28958.75,71,28962.75,28963.25,0.50
2026-06-11 10:09:57,28959.50,28963.25,28958.50,28962.75,116,28966.00,28966.50,0.50
2026-06-11 10:09:58,28962.75,28967.50,28962.50,28966.75,180,28971.25,28971.50,0.25
2026-06-11 10:09:59,28966.50,28971.50,28965.00,28971.25,184,28968.25,28968.75,0.50
2026-06-11 10:10:00,28971.00,28971.25,28967.75,28968.25,72,28973.75,28974.25,0.50
2026-06-11 10:10:01,28968.25,28974.75,28967.25,28974.50,217,28973.75,28974.25,0.50
2026-06-11 10:10:02,28973.50,28975.00,28971.50,28974.25,227,28974.50,28974.75,0.25
2026-06-11 10:10:03,28973.75,28978.25,28973.50,28974.75,261,28974.75,28975.25,0.50
2026-06-11 10:10:04,28974.50,28976.50,28973.75,28975.00,131,28969.50,28970.00,0.50
2026-06-11 10:10:05,28974.50,28978.75,28969.50,28970.00,210,28966.25,28966.50,0.25
2026-06-11 10:10:06,28970.00,28970.75,28966.00,28966.00,182,28968.50,28969.00,0.50
2026-06-11 10:10:07,28966.00,28969.75,28964.25,28968.50,120,28969.00,28969.50,0.50
2026-06-11 10:10:08,28968.50,28971.75,28968.25,28969.75,108,28965.75,28966.25,0.50
2026-06-11 10:10:09,28969.00,28970.75,28965.25,28966.75,156,28965.50,28966.00,0.50
2026-06-11 10:10:10,28966.50,28968.00,28965.00,28965.75,97,28968.25,28968.75,0.50
2026-06-11 10:10:11,28965.50,28968.75,28965.50,28968.25,147,28963.00,28963.50,0.50
2026-06-11 10:10:12,28968.75,28969.00,28962.50,28964.25,304,28963.00,28963.50,0.50
2026-06-11 10:10:13,28963.50,28968.25,28960.75,28966.25,246,28969.50,28970.00,0.50
2026-06-11 10:10:14,28967.00,28970.50,28964.50,28969.50,86,28969.50,28970.00,0.50
2026-06-11 10:10:15,28969.50,28972.00,28967.75,28970.00,243,28964.00,28964.25,0.25
2026-06-11 10:10:16,28969.75,28969.75,28961.50,28964.00,166,28961.75,28962.25,0.50
2026-06-11 10:10:17,28964.00,28964.25,28960.50,28961.50,78,28962.75,28963.00,0.25
2026-06-11 10:10:18,28961.75,28965.75,28961.75,28963.00,99,28962.50,28963.00,0.50
2026-06-11 10:10:19,28962.75,28964.00,28961.25,28962.25,80,28962.00,28962.50,0.50
2026-06-11 10:10:20,28962.50,28963.50,28960.75,28963.00,85,28961.75,28962.25,0.50
2026-06-11 10:10:21,28962.50,28964.25,28959.50,28962.25,138,28958.25,28958.50,0.25
2026-06-11 10:10:22,28962.00,28963.00,28957.25,28958.25,206,28949.00,28949.50,0.50
2026-06-11 10:10:23,28958.50,28958.50,28948.50,28949.25,432,28954.25,28954.75,0.50
2026-06-11 10:10:24,28949.75,28954.25,28948.75,28953.75,431,28947.75,28948.50,0.75
2026-06-11 10:10:25,28954.00,28954.50,28947.75,28947.75,270,28952.25,28952.75,0.50
2026-06-11 10:10:26,28947.50,28952.00,28944.25,28952.00,459,28952.25,28952.75,0.50
2026-06-11 10:10:27,28952.50,28953.50,28950.50,28953.25,152,28953.25,28954.00,0.75
2026-06-11 10:10:28,28953.75,28956.00,28947.75,28949.75,270,28950.25,28950.50,0.25
2026-06-11 10:10:29,28950.00,28951.00,28937.75,28938.75,505,28939.25,28939.75,0.50
2026-06-11 10:10:30,28939.25,28943.50,28937.50,28941.75,228,28940.75,28941.25,0.50
2026-06-11 10:10:31,28942.50,28944.50,28940.00,28940.50,186,28941.00,28941.50,0.50
2026-06-11 10:10:32,28940.75,28943.75,28939.50,28940.25,232,28941.00,28941.50,0.50
2026-06-11 10:10:33,28941.00,28950.25,28940.75,28950.25,240,28949.25,28949.75,0.50
2026-06-11 10:10:34,28950.00,28953.00,28949.25,28950.75,207,28949.25,28949.75,0.50
2026-06-11 10:10:35,28950.25,28950.25,28934.75,28935.00,368,28938.75,28939.25,0.50
2026-06-11 10:10:36,28935.50,28942.25,28935.25,28939.50,175,28938.75,28939.25,0.50
2026-06-11 10:10:37,28939.00,28939.50,28930.75,28931.50,282,28935.00,28935.50,0.50
2026-06-11 10:10:38,28932.25,28935.25,28930.25,28935.25,149,28934.50,28935.00,0.50
2026-06-11 10:10:39,28934.75,28936.50,28931.50,28935.00,395,28934.50,28935.00,0.50
2026-06-11 10:10:40,28934.50,28942.00,28934.25,28940.00,207,28935.75,28936.25,0.50
2026-06-11 10:10:41,28939.75,28940.25,28935.00,28935.75,200,28935.75,28936.25,0.50
2026-06-11 10:10:42,28936.00,28936.50,28932.00,28933.00,138,28927.25,28927.75,0.50
2026-06-11 10:10:43,28933.25,28933.25,28926.25,28927.00,269,28923.00,28923.50,0.50
2026-06-11 10:10:44,28927.50,28928.75,28923.00,28923.50,218,28920.50,28921.00,0.50
2026-06-11 10:10:45,28923.50,28923.50,28916.50,28920.50,617,28924.25,28924.75,0.50
2026-06-11 10:10:46,28921.00,28929.25,28920.75,28925.75,284,28917.75,28918.25,0.50
2026-06-11 10:10:47,28924.75,28924.75,28917.25,28918.00,144,28918.50,28919.00,0.50
2026-06-11 10:10:48,28917.75,28921.00,28917.25,28919.25,138,28918.50,28919.00,0.50
2026-06-11 10:10:49,28919.00,28919.00,28911.50,28915.00,416,28917.00,28917.75,0.75
2026-06-11 10:10:50,28914.25,28918.00,28912.25,28917.25,127,28917.00,28917.75,0.75
2026-06-11 10:10:51,28917.75,28921.00,28916.25,28921.00,173,28911.75,28912.25,0.50
2026-06-11 10:10:52,28921.00,28922.00,28910.25,28912.75,241,28911.75,28912.25,0.50
2026-06-11 10:10:53,28912.00,28913.75,28907.00,28908.00,231,28909.75,28910.25,0.50
2026-06-11 10:10:54,28908.25,28911.25,28908.00,28910.00,151,28906.50,28907.00,0.50
2026-06-11 10:10:55,28909.75,28912.75,28906.25,28906.75,207,28906.50,28907.00,0.50
2026-06-11 10:10:56,28906.75,28908.50,28902.00,28902.75,308,28903.00,28903.75,0.75
2026-06-11 10:10:57,28902.75,28904.75,28901.00,28903.25,221,28898.50,28899.00,0.50
2026-06-11 10:10:58,28903.50,28904.00,28898.00,28898.75,427,28898.50,28899.00,0.50
2026-06-11 10:10:59,28899.25,28900.00,28895.25,28895.50,232,28895.00,28895.75,0.75
2026-06-11 10:11:00,28895.50,28896.75,28891.00,28894.50,412,28893.50,28893.75,0.25
2026-06-11 10:11:01,28895.75,28897.75,28890.00,28893.75,325,28896.00,28896.50,0.50
2026-06-11 10:11:02,28893.75,28900.25,28891.75,28896.25,320,28893.25,28894.00,0.75
2026-06-11 10:11:03,28896.50,28897.25,28890.00,28893.25,317,28893.25,28894.00,0.75
2026-06-11 10:11:04,28893.75,28893.75,28890.00,28892.00,207,28889.75,28890.50,0.75
2026-06-11 10:11:05,28891.75,28892.00,28886.75,28890.50,175,28886.00,28887.50,1.50
2026-06-11 10:11:06,28890.25,28893.00,28886.00,28886.00,226,28893.25,28893.75,0.50
2026-06-11 10:11:07,28886.50,28893.75,28885.75,28893.25,178,28893.25,28893.75,0.50
2026-06-11 10:11:08,28892.75,28901.00,28892.75,28896.75,324,28895.75,28896.50,0.75
2026-06-11 10:11:09,28897.00,28898.75,28893.25,28896.50,177,28892.25,28892.75,0.50
2026-06-11 10:11:10,28896.50,28897.00,28891.50,28892.75,158,28886.75,28887.50,0.75
2026-06-11 10:11:11,28892.75,28893.50,28884.50,28886.50,256,28886.75,28887.50,0.75
2026-06-11 10:11:12,28886.50,28887.25,28875.00,28876.00,506,28878.00,28878.75,0.75
2026-06-11 10:11:13,28876.75,28882.00,28872.00,28878.75,642,28878.25,28878.75,0.50
2026-06-11 10:11:14,28878.00,28879.75,28874.00,28878.00,261,28882.00,28882.75,0.75
2026-06-11 10:11:15,28878.75,28883.00,28873.00,28881.75,188,28873.50,28874.00,0.50
2026-06-11 10:11:16,28881.75,28883.00,28872.50,28874.25,160,28872.00,28872.75,0.75
2026-06-11 10:11:17,28873.50,28876.00,28870.00,28872.00,297,28872.00,28872.75,0.75
2026-06-11 10:11:18,28872.50,28874.75,28868.75,28872.25,250,28863.50,28864.25,0.75
2026-06-11 10:11:19,28872.00,28872.00,28861.75,28864.50,419,28863.50,28864.25,0.75
2026-06-11 10:11:20,28863.75,28875.00,28862.50,28874.75,301,28867.75,28868.25,0.50
2026-06-11 10:11:21,28874.75,28875.75,28867.75,28868.50,317,28859.50,28860.25,0.75
2026-06-11 10:11:22,28868.25,28869.25,28860.00,28860.00,248,28859.50,28860.25,0.75
2026-06-11 10:11:23,28859.75,28860.75,28853.25,28853.75,326,28852.50,28853.50,1.00
2026-06-11 10:11:24,28853.25,28858.00,28849.75,28854.50,484,28853.75,28854.75,1.00
2026-06-11 10:11:25,28854.25,28859.50,28853.75,28859.00,238,28866.00,28866.75,0.75
2026-06-11 10:11:26,28858.75,28868.25,28858.50,28866.00,231,28870.75,28871.75,1.00
2026-06-11 10:11:27,28866.50,28875.50,28865.50,28870.75,473,28869.50,28870.25,0.75
2026-06-11 10:11:28,28871.75,28872.75,28868.00,28870.25,162,28862.50,28863.25,0.75
2026-06-11 10:11:29,28870.50,28870.50,28863.50,28863.50,200,28862.50,28863.25,0.75
2026-06-11 10:11:30,28863.00,28863.50,28856.75,28857.00,208,28866.50,28867.50,1.00
2026-06-11 10:11:31,28857.00,28868.00,28857.00,28865.75,157,28867.50,28868.25,0.75
2026-06-11 10:11:32,28866.50,28872.00,28866.25,28868.25,145,28868.75,28869.75,1.00
2026-06-11 10:11:33,28868.25,28869.50,28865.75,28869.25,93,28878.00,28879.00,1.00
2026-06-11 10:11:34,28869.75,28883.00,28869.75,28879.00,282,28882.75,28883.50,0.75
2026-06-11 10:11:35,28879.00,28883.00,28876.25,28883.00,240,28879.75,28880.50,0.75
2026-06-11 10:11:36,28882.75,28888.50,28878.50,28880.25,529,28892.25,28893.25,1.00
2026-06-11 10:11:37,28880.50,28897.00,28880.25,28892.75,376,28888.25,28889.00,0.75
2026-06-11 10:11:38,28892.50,28896.50,28887.75,28888.50,227,28888.00,28889.00,1.00
2026-06-11 10:11:39,28889.00,28889.25,28883.00,28887.50,265,28888.00,28888.75,0.75
2026-06-11 10:11:40,28888.75,28892.50,28883.75,28887.50,219,28889.25,28890.25,1.00
2026-06-11 10:11:41,28888.00,28893.00,28885.00,28889.50,222,28887.75,28888.50,0.75
2026-06-11 10:11:42,28890.50,28892.75,28883.00,28888.50,170,28883.75,28884.50,0.75
2026-06-11 10:11:43,28888.50,28888.75,28884.50,28884.50,130,28883.75,28884.50,0.75
2026-06-11 10:11:44,28884.00,28891.50,28882.50,28890.25,122,28896.00,28896.75,0.75
2026-06-11 10:11:45,28889.25,28896.75,28887.50,28896.25,157,28890.50,28891.50,1.00
2026-06-11 10:11:46,28896.25,28897.50,28889.25,28890.50,190,28892.00,28892.75,0.75
2026-06-11 10:11:47,28890.75,28893.25,28885.25,28893.00,144,28892.00,28892.75,0.75
2026-06-11 10:11:48,28892.25,28893.00,28888.25,28888.75,132,28889.25,28890.25,1.00
2026-06-11 10:11:49,28889.25,28893.00,28889.25,28891.75,139,28890.25,28891.00,0.75
2026-06-11 10:11:50,28892.25,28894.25,28890.50,28890.50,133,28890.50,28891.50,1.00
2026-06-11 10:11:51,28890.25,28893.00,28888.75,28890.50,91,28890.50,28891.50,1.00
2026-06-11 10:11:52,28891.25,28891.50,28885.75,28886.00,103,28896.75,28897.50,0.75
2026-06-11 10:11:53,28887.00,28898.75,28886.25,28896.75,269,28898.00,28898.75,0.75
2026-06-11 10:11:54,28897.50,28901.25,28896.25,28898.50,228,28901.25,28902.00,0.75
2026-06-11 10:11:55,28899.00,28901.75,28896.00,28901.75,210,28901.25,28902.00,0.75
2026-06-11 10:11:56,28901.25,28902.75,28899.25,28901.50,222,28900.50,28901.25,0.75
2026-06-11 10:11:57,28900.50,28901.50,28896.50,28901.50,192,28902.25,28902.75,0.50
2026-06-11 10:11:58,28900.50,28903.75,28900.00,28902.00,197,28900.50,28901.25,0.75
2026-06-11 10:11:59,28901.50,28903.75,28899.50,28901.75,174,28903.00,28903.75,0.75
2026-06-11 10:12:00,28901.00,28903.50,28900.00,28903.00,122,28900.50,28901.00,0.50
2026-06-11 10:12:01,28902.50,28905.75,28900.00,28900.75,227,28907.00,28908.00,1.00
2026-06-11 10:12:02,28901.25,28908.25,28900.25,28907.50,188,28907.00,28908.00,1.00
2026-06-11 10:12:03,28907.75,28910.50,28904.75,28906.75,248,28906.25,28907.00,0.75
2026-06-11 10:12:04,28906.75,28908.25,28901.75,28905.75,235,28905.00,28905.75,0.75
2026-06-11 10:12:05,28906.50,28908.00,28901.50,28905.00,152,28908.50,28909.25,0.75
2026-06-11 10:12:06,28904.25,28912.00,28903.75,28909.50,182,28903.50,28904.25,0.75
2026-06-11 10:12:07,28907.50,28907.50,28902.25,28903.50,163,28901.00,28901.75,0.75
2026-06-11 10:12:08,28902.75,28904.75,28901.25,28901.25,151,28900.50,28901.25,0.75
2026-06-11 10:12:09,28901.25,28902.75,28897.00,28900.50,141,28899.00,28899.50,0.50
2026-06-11 10:12:10,28900.25,28903.25,28898.50,28899.00,180,28899.00,28899.50,0.50
2026-06-11 10:12:11,28899.00,28899.00,28894.00,28895.50,262,28898.00,28898.50,0.50
2026-06-11 10:12:12,28895.75,28899.50,28893.50,28898.50,137,28898.00,28898.50,0.50
2026-06-11 10:12:13,28898.50,28899.50,28896.25,28898.25,108,28896.00,28896.50,0.50
2026-06-11 10:12:14,28898.00,28900.25,28894.50,28896.50,133,28895.00,28895.50,0.50
2026-06-11 10:12:15,28896.50,28897.50,28894.75,28895.00,132,28893.00,28893.50,0.50
2026-06-11 10:12:16,28895.00,28895.25,28891.50,28893.25,104,28896.00,28896.50,0.50
2026-06-11 10:12:17,28893.00,28899.75,28890.75,28895.75,213,28900.25,28901.00,0.75
2026-06-11 10:12:18,28897.50,28902.50,28896.00,28899.75,146,28912.50,28913.25,0.75
2026-06-11 10:12:19,28901.00,28914.50,28900.75,28914.50,355,28918.75,28919.25,0.50
2026-06-11 10:12:20,28913.25,28922.75,28910.25,28919.50,629,28919.00,28919.75,0.75
2026-06-11 10:12:21,28919.25,28924.00,28917.75,28919.50,405,28916.50,28917.00,0.50
2026-06-11 10:12:22,28919.75,28921.75,28912.25,28916.50,348,28916.50,28917.00,0.50
2026-06-11 10:12:23,28916.75,28917.75,28912.50,28913.25,179,28913.50,28914.00,0.50
2026-06-11 10:12:24,28914.00,28917.00,28912.50,28914.00,195,28914.50,28915.25,0.75
2026-06-11 10:12:25,28914.00,28915.75,28913.25,28914.50,107,28906.00,28906.75,0.75
2026-06-11 10:12:26,28915.25,28915.25,28905.50,28905.75,233,28907.25,28907.75,0.50
2026-06-11 10:12:27,28906.00,28910.50,28906.00,28908.00,115,28907.25,28907.75,0.50
2026-06-11 10:12:28,28907.75,28912.50,28907.00,28908.75,144,28904.75,28905.50,0.75
2026-06-11 10:12:29,28908.25,28908.50,28904.25,28905.00,116,28904.75,28905.50,0.75
2026-06-11 10:12:30,28905.00,28906.50,28900.50,28901.50,265,28896.75,28897.25,0.50
2026-06-11 10:12:31,28901.75,28905.00,28895.50,28897.25,233,28894.75,28895.25,0.50
2026-06-11 10:12:32,28897.25,28898.00,28892.25,28895.00,239,28902.00,28902.50,0.50
2026-06-11 10:12:33,28895.00,28904.00,28893.75,28901.75,239,28894.00,28894.50,0.50
2026-06-11 10:12:34,28901.25,28901.25,28893.25,28894.75,149,28893.50,28894.00,0.50
2026-06-11 10:12:35,28894.00,28896.00,28893.50,28894.00,91,28892.25,28892.50,0.25
2026-06-11 10:12:36,28894.00,28894.00,28891.00,28892.25,133,28891.25,28891.75,0.50
2026-06-11 10:12:37,28893.25,28894.75,28891.25,28891.50,89,28881.25,28883.25,2.00
2026-06-11 10:12:38,28891.75,28891.75,28882.75,28883.50,430,28881.25,28883.25,2.00
2026-06-11 10:12:39,28883.00,28884.50,28873.75,28883.75,468,28873.75,28874.25,0.50
2026-06-11 10:12:40,28882.25,28882.50,28873.00,28874.00,396,28872.25,28872.75,0.50
2026-06-11 10:12:41,28873.50,28874.75,28868.25,28873.00,367,28872.25,28872.75,0.50
2026-06-11 10:12:42,28872.75,28876.75,28870.75,28871.50,327,28874.00,28874.75,0.75
2026-06-11 10:12:43,28871.75,28874.50,28869.50,28874.50,172,28874.00,28874.75,0.75
2026-06-11 10:12:44,28874.75,28877.25,28872.25,28875.25,164,28875.50,28876.00,0.50
2026-06-11 10:12:45,28876.00,28876.50,28872.00,28876.50,183,28872.25,28873.00,0.75
2026-06-11 10:12:46,28875.50,28876.25,28872.00,28873.00,190,28868.75,28869.50,0.75
2026-06-11 10:12:47,28872.00,28873.00,28868.00,28869.00,288,28863.25,28863.75,0.50
2026-06-11 10:12:48,28868.75,28871.25,28863.00,28863.25,250,28866.25,28866.75,0.50
2026-06-11 10:12:49,28863.75,28868.75,28863.00,28866.50,165,28873.00,28873.75,0.75
2026-06-11 10:12:50,28866.00,28873.75,28865.25,28873.75,228,28873.00,28873.75,0.75
2026-06-11 10:12:51,28873.50,28877.00,28872.75,28875.75,179,28868.75,28869.25,0.50
2026-06-11 10:12:52,28876.00,28876.25,28868.00,28869.00,251,28869.75,28870.50,0.75
2026-06-11 10:12:53,28869.50,28871.50,28868.00,28870.25,148,28869.75,28870.50,0.75
2026-06-11 10:12:54,28870.25,28876.75,28868.75,28873.25,138,28873.00,28873.25,0.25
2026-06-11 10:12:55,28873.25,28874.00,28870.25,28870.50,81,28870.75,28871.50,0.75
2026-06-11 10:12:56,28870.75,28873.50,28865.75,28866.00,156,28866.25,28866.75,0.50
2026-06-11 10:12:57,28866.50,28871.00,28866.00,28869.75,149,28869.75,28870.25,0.50
2026-06-11 10:12:58,28869.25,28871.50,28867.75,28869.25,105,28871.50,28872.25,0.75
2026-06-11 10:12:59,28870.25,28873.00,28870.25,28871.50,92,28869.25,28869.75,0.50
2026-06-11 10:13:00,28872.25,28872.25,28867.50,28869.75,118,28867.25,28867.50,0.25
2026-06-11 10:13:01,28869.75,28871.75,28867.00,28867.00,148,28864.50,28865.00,0.50
2026-06-11 10:13:02,28867.50,28869.50,28862.00,28864.25,203,28869.00,28869.50,0.50
2026-06-11 10:13:03,28864.50,28869.50,28863.25,28868.75,188,28864.50,28865.00,0.50
2026-06-11 10:13:04,28869.50,28872.25,28862.25,28865.00,203,28856.75,28857.50,0.75
2026-06-11 10:13:05,28865.25,28865.75,28856.00,28857.50,317,28856.75,28857.50,0.75
2026-06-11 10:13:06,28857.00,28861.25,28855.50,28856.25,282,28863.50,28865.75,2.25
2026-06-11 10:13:07,28856.50,28867.50,28855.25,28864.75,325,28863.50,28865.75,2.25
2026-06-11 10:13:08,28864.50,28865.75,28862.00,28862.50,197,28858.25,28859.00,0.75
2026-06-11 10:13:09,28862.50,28862.50,28857.25,28859.00,170,28864.50,28865.00,0.50
2026-06-11 10:13:10,28858.25,28865.75,28858.25,28865.00,165,28863.50,28864.25,0.75
2026-06-11 10:13:11,28864.00,28865.00,28861.75,28863.25,101,28861.00,28861.75,0.75
2026-06-11 10:13:12,28864.00,28865.00,28860.00,28860.75,124,28854.75,28855.50,0.75
2026-06-11 10:13:13,28862.00,28862.25,28855.25,28855.25,147,28854.75,28855.50,0.75
2026-06-11 10:13:14,28855.50,28860.50,28854.00,28860.00,189,28865.75,28866.25,0.50
2026-06-11 10:13:15,28860.50,28868.50,28859.50,28866.00,212,28861.50,28862.25,0.75
2026-06-11 10:13:16,28866.25,28870.00,28861.00,28862.00,191,28862.25,28863.00,0.75
2026-06-11 10:13:17,28862.50,28863.00,28858.25,28862.75,153,28858.25,28859.00,0.75
2026-06-11 10:13:18,28862.50,28863.75,28855.50,28858.25,167,28863.25,28864.00,0.75
2026-06-11 10:13:19,28858.25,28865.50,28857.25,28863.50,162,28866.00,28866.75,0.75
2026-06-11 10:13:20,28864.00,28867.25,28863.50,28866.75,217,28866.00,28866.75,0.75
2026-06-11 10:13:21,28866.25,28874.75,28866.00,28867.75,353,28871.25,28871.75,0.50
2026-06-11 10:13:22,28867.00,28875.25,28864.50,28871.50,300,28873.25,28873.75,0.50
2026-06-11 10:13:23,28872.25,28873.50,28869.25,28873.50,203,28873.25,28873.75,0.50
2026-06-11 10:13:24,28873.50,28873.50,28868.75,28871.75,134,28872.75,28873.50,0.75
2026-06-11 10:13:25,28871.25,28874.50,28871.25,28872.50,134,28876.25,28877.00,0.75
2026-06-11 10:13:26,28872.75,28881.50,28872.75,28876.75,387,28876.25,28877.00,0.75
2026-06-11 10:13:27,28876.25,28877.25,28874.00,28877.00,190,28874.00,28874.75,0.75
2026-06-11 10:13:28,28876.50,28877.00,28872.00,28873.75,93,28874.50,28875.25,0.75
2026-06-11 10:13:29,28874.00,28876.50,28871.00,28875.00,126,28875.50,28876.25,0.75
2026-06-11 10:13:30,28874.50,28879.25,28873.00,28876.75,181,28880.00,28880.50,0.50
2026-06-11 10:13:31,28876.25,28881.25,28875.75,28880.50,113,28872.50,28873.00,0.50
2026-06-11 10:13:32,28880.50,28883.25,28872.75,28873.00,206,28875.50,28875.75,0.25
2026-06-11 10:13:33,28873.00,28878.25,28871.25,28876.25,118,28876.50,28877.00,0.50
2026-06-11 10:13:34,28875.75,28878.00,28874.75,28877.00,117,28886.00,28886.75,0.75
2026-06-11 10:13:35,28877.50,28890.00,28877.50,28886.00,334,28886.00,28886.75,0.75
2026-06-11 10:13:36,28886.00,28889.75,28882.50,28884.50,183,28881.50,28882.25,0.75
2026-06-11 10:13:37,28885.00,28886.25,28881.75,28882.25,135,28882.25,28883.00,0.75
2026-06-11 10:13:38,28881.00,28884.25,28877.75,28882.75,135,28882.25,28883.00,0.75
2026-06-11 10:13:39,28883.00,28886.00,28881.25,28882.50,69,28882.25,28883.00,0.75
2026-06-11 10:13:40,28882.50,28883.00,28876.25,28877.25,105,28877.00,28877.50,0.50
2026-06-11 10:13:41,28877.00,28877.50,28870.75,28872.00,150,28871.50,28872.00,0.50
2026-06-11 10:13:42,28871.75,28874.00,28871.25,28873.00,105,28869.50,28870.25,0.75
2026-06-11 10:13:43,28874.00,28874.25,28868.00,28869.25,169,28858.00,28858.75,0.75
2026-06-11 10:13:44,28869.50,28870.25,28855.50,28858.00,326,28859.00,28859.75,0.75
2026-06-11 10:13:45,28858.00,28860.25,28855.25,28859.00,242,28865.75,28866.50,0.75
2026-06-11 10:13:46,28859.50,28867.25,28859.25,28866.00,201,28869.00,28869.75,0.75
2026-06-11 10:13:47,28865.75,28870.00,28865.00,28869.75,93,28869.00,28869.75,0.75
2026-06-11 10:13:48,28869.00,28875.25,28869.00,28875.00,94,28876.00,28876.75,0.75
2026-06-11 10:13:49,28875.50,28878.25,28875.00,28876.75,143,28869.75,28870.25,0.50
2026-06-11 10:13:50,28876.75,28878.00,28868.50,28868.50,126,28870.25,28871.00,0.75
2026-06-11 10:13:51,28870.75,28871.50,28866.75,28870.25,84,28866.25,28866.75,0.50
2026-06-11 10:13:52,28870.25,28870.25,28866.00,28867.00,67,28864.75,28865.25,0.50
2026-06-11 10:13:53,28866.25,28868.50,28865.00,28865.00,54,28863.50,28864.25,0.75
2026-06-11 10:13:54,28864.75,28867.50,28861.00,28863.50,169,28867.00,28867.75,0.75
2026-06-11 10:13:55,28863.50,28868.00,28863.50,28867.50,93,28865.50,28866.25,0.75
2026-06-11 10:13:56,28867.75,28869.00,28865.25,28866.00,73,28862.50,28863.25,0.75
2026-06-11 10:13:57,28865.50,28865.50,28860.25,28862.50,61,28862.75,28863.50,0.75
2026-06-11 10:13:58,28862.75,28863.50,28862.00,28863.00,33,28862.25,28862.75,0.50
2026-06-11 10:13:59,28863.50,28865.00,28861.00,28863.00,89,28862.25,28862.75,0.50
2026-06-11 10:14:00,28862.25,28862.75,28853.00,28855.50,176,28855.00,28855.75,0.75
2026-06-11 10:14:01,28855.00,28856.50,28848.00,28850.00,442,28849.75,28850.50,0.75
2026-06-11 10:14:02,28849.50,28852.25,28843.75,28846.25,538,28847.25,28847.75,0.50
2026-06-11 10:14:03,28846.75,28848.75,28844.25,28847.25,357,28847.25,28847.75,0.50
2026-06-11 10:14:04,28847.25,28857.50,28847.00,28855.75,279,28855.50,28856.25,0.75
2026-06-11 10:14:05,28855.50,28857.50,28846.25,28847.50,229,28847.25,28847.75,0.50
2026-06-11 10:14:06,28847.50,28848.00,28840.75,28844.00,336,28844.00,28845.00,1.00
2026-06-11 10:14:07,28844.25,28849.75,28843.75,28846.50,254,28839.25,28839.75,0.50
2026-06-11 10:14:08,28846.75,28847.75,28839.00,28840.25,338,28840.50,28841.25,0.75
2026-06-11 10:14:09,28839.75,28843.50,28839.00,28841.25,223,28840.50,28841.25,0.75
2026-06-11 10:14:10,28840.50,28848.50,28840.25,28847.00,227,28841.50,28842.25,0.75
2026-06-11 10:14:11,28846.75,28851.25,28842.75,28842.75,210,28841.50,28842.25,0.75
2026-06-11 10:14:12,28841.75,28847.00,28840.50,28844.00,171,28847.25,28848.00,0.75
2026-06-11 10:14:13,28843.75,28849.25,28839.25,28847.25,224,28850.00,28850.75,0.75
2026-06-11 10:14:14,28848.75,28850.50,28846.50,28850.00,181,28844.50,28845.00,0.50
2026-06-11 10:14:15,28850.00,28850.25,28840.00,28845.00,187,28843.25,28844.00,0.75
2026-06-11 10:14:16,28845.00,28845.75,28841.75,28844.00,97,28841.25,28842.00,0.75
2026-06-11 10:14:17,28843.50,28843.50,28840.00,28841.00,84,28841.25,28842.00,0.75
2026-06-11 10:14:18,28841.75,28844.00,28840.50,28844.00,158,28843.75,28844.50,0.75
2026-06-11 10:14:19,28844.25,28845.25,28840.75,28841.75,203,28843.50,28844.25,0.75
2026-06-11 10:14:20,28843.00,28845.50,28842.00,28843.50,76,28835.75,28836.25,0.50
2026-06-11 10:14:21,28843.50,28845.25,28834.75,28835.75,415,28834.75,28835.50,0.75
2026-06-11 10:14:22,28835.75,28837.50,28835.25,28835.75,120,28834.75,28835.50,0.75
2026-06-11 10:14:23,28835.50,28837.25,28832.25,28835.25,299,28835.00,28836.00,1.00
2026-06-11 10:14:24,28835.00,28840.50,28831.50,28839.25,279,28846.75,28847.25,0.50
2026-06-11 10:14:25,28839.25,28849.75,28838.50,28847.00,322,28846.75,28847.25,0.50
2026-06-11 10:14:26,28847.00,28852.00,28844.25,28848.25,258,28859.25,28860.25,1.00
2026-06-11 10:14:27,28848.25,28860.75,28848.25,28859.00,331,28856.50,28857.25,0.75
2026-06-11 10:14:28,28860.00,28862.00,28855.00,28857.25,219,28860.25,28861.00,0.75
2026-06-11 10:14:29,28857.25,28862.00,28856.00,28861.00,181,28860.25,28861.00,0.75
2026-06-11 10:14:30,28860.75,28860.75,28853.50,28854.50,152,28854.75,28855.50,0.75
2026-06-11 10:14:31,28855.00,28856.25,28853.00,28854.50,116,28855.25,28856.00,0.75
2026-06-11 10:14:32,28854.75,28860.25,28852.50,28857.00,137,28844.50,28845.25,0.75
2026-06-11 10:14:33,28855.00,28855.75,28845.00,28845.00,218,28844.50,28845.25,0.75
2026-06-11 10:14:34,28845.25,28850.75,28844.00,28849.00,141,28848.75,28849.50,0.75
2026-06-11 10:14:35,28848.75,28850.25,28847.25,28847.50,75,28846.50,28847.25,0.75
2026-06-11 10:14:36,28847.00,28848.75,28846.25,28847.25,64,28843.75,28844.25,0.50
2026-06-11 10:14:37,28846.25,28846.50,28843.50,28843.50,53,28835.75,28836.50,0.75
2026-06-11 10:14:38,28844.25,28844.25,28835.50,28835.50,143,28831.50,28832.25,0.75
2026-06-11 10:14:39,28836.00,28837.75,28831.00,28832.00,213,28831.50,28832.25,0.75
2026-06-11 10:14:40,28832.25,28834.25,28827.75,28831.75,302,28833.50,28834.25,0.75
2026-06-11 10:14:41,28831.25,28835.00,28829.50,28833.50,145,28833.50,28834.25,0.75
2026-06-11 10:14:42,28833.50,28835.75,28830.50,28835.25,154,28835.50,28836.25,0.75
2026-06-11 10:14:43,28835.75,28839.00,28835.50,28835.75,109,28834.00,28834.50,0.50
2026-06-11 10:14:44,28835.00,28835.25,28830.75,28833.00,167,28834.00,28834.50,0.50
2026-06-11 10:14:45,28833.25,28834.75,28831.50,28831.50,87,28841.25,28841.75,0.50
2026-06-11 10:14:46,28831.75,28842.75,28831.25,28841.25,202,28841.25,28842.00,0.75
2026-06-11 10:14:47,28840.00,28842.50,28839.75,28841.00,143,28851.75,28852.25,0.50
2026-06-11 10:14:48,28842.50,28853.50,28842.50,28851.50,333,28854.00,28854.75,0.75
2026-06-11 10:14:49,28852.25,28857.75,28851.25,28854.50,185,28852.75,28853.50,0.75
2026-06-11 10:14:50,28854.00,28855.00,28851.50,28853.00,182,28853.25,28854.00,0.75
2026-06-11 10:14:51,28852.75,28854.75,28852.25,28854.50,66,28848.00,28848.75,0.75
2026-06-11 10:14:52,28853.25,28853.25,28848.00,28848.50,171,28842.50,28842.75,0.25
2026-06-11 10:14:53,28848.75,28848.75,28842.50,28843.00,124,28847.00,28847.75,0.75
2026-06-11 10:14:54,28842.50,28848.25,28842.25,28847.75,79,28842.25,28842.75,0.50
2026-06-11 10:14:55,28847.00,28848.00,28841.25,28841.75,111,28846.25,28846.75,0.50
2026-06-11 10:14:56,28842.75,28846.00,28842.00,28845.75,75,28838.50,28839.00,0.50
2026-06-11 10:14:57,28845.25,28845.25,28837.50,28838.50,102,28837.75,28838.50,0.75
2026-06-11 10:14:58,28838.00,28838.00,28836.00,28838.00,79,28838.75,28839.25,0.50
2026-06-11 10:14:59,28837.75,28840.25,28837.75,28838.25,70,28841.75,28842.50,0.75
2026-06-11 10:15:00,28839.25,28843.00,28839.25,28843.00,111,28837.50,28838.25,0.75
2026-06-11 10:15:01,28841.75,28844.25,28836.00,28838.00,247,28837.50,28838.25,0.75
2026-06-11 10:15:02,28837.50,28849.00,28837.25,28838.00,286,28837.00,28837.75,0.75
2026-06-11 10:15:03,28838.00,28841.25,28835.50,28836.75,185,28837.00,28837.75,0.75
2026-06-11 10:15:04,28837.00,28838.25,28835.50,28837.25,153,28835.25,28836.00,0.75
2026-06-11 10:15:05,28836.50,28837.75,28832.25,28835.25,142,28839.00,28839.75,0.75
2026-06-11 10:15:06,28835.00,28840.00,28834.25,28839.00,133,28841.00,28841.75,0.75
2026-06-11 10:15:07,28839.75,28843.75,28837.50,28841.50,142,28839.00,28839.75,0.75
2026-06-11 10:15:08,28841.00,28843.50,28839.25,28840.25,62,28844.25,28845.00,0.75
2026-06-11 10:15:09,28839.00,28846.25,28838.75,28843.75,108,28844.75,28845.50,0.75
2026-06-11 10:15:10,28844.25,28849.00,28844.00,28845.00,129,28845.75,28846.50,0.75
2026-06-11 10:15:11,28846.25,28848.75,28843.00,28846.00,167,28845.75,28846.50,0.75
2026-06-11 10:15:12,28845.50,28848.25,28843.50,28846.00,140,28848.75,28849.50,0.75
2026-06-11 10:15:13,28846.50,28850.25,28844.25,28849.25,144,28852.00,28852.75,0.75
2026-06-11 10:15:14,28848.75,28853.75,28848.75,28852.00,222,28852.00,28852.75,0.75
2026-06-11 10:15:15,28852.00,28862.00,28851.50,28852.25,508,28845.00,28845.50,0.50
2026-06-11 10:15:16,28852.00,28854.50,28845.00,28845.50,231,28836.00,28836.75,0.75
2026-06-11 10:15:17,28845.75,28845.75,28836.00,28836.50,182,28839.75,28840.50,0.75
2026-06-11 10:15:18,28836.00,28841.50,28833.75,28840.25,192,28844.75,28845.50,0.75
2026-06-11 10:15:19,28839.75,28846.75,28839.25,28844.50,93,28843.25,28844.00,0.75
2026-06-11 10:15:20,28845.25,28845.25,28842.50,28843.75,50,28850.00,28850.75,0.75
2026-06-11 10:15:21,28844.00,28850.00,28843.00,28849.50,168,28850.00,28850.50,0.50
2026-06-11 10:15:22,28850.00,28852.75,28849.25,28850.25,76,28848.50,28849.00,0.50
2026-06-11 10:15:23,28849.75,28850.25,28847.00,28848.75,112,28852.25,28852.50,0.25
2026-06-11 10:15:24,28849.00,28852.50,28847.75,28852.50,88,28854.75,28855.50,0.75
2026-06-11 10:15:25,28852.50,28856.75,28852.50,28855.00,169,28856.00,28856.75,0.75
2026-06-11 10:15:26,28855.75,28859.75,28854.75,28856.25,163,28860.00,28860.75,0.75
2026-06-11 10:15:27,28856.75,28863.25,28853.25,28860.00,223,28861.75,28862.50,0.75
2026-06-11 10:15:28,28860.00,28866.25,28860.00,28861.75,308,28864.00,28864.75,0.75
2026-06-11 10:15:29,28862.25,28867.25,28861.50,28865.00,256,28864.25,28865.00,0.75
2026-06-11 10:15:30,28864.75,28864.75,28856.75,28864.50,238,28855.25,28856.00,0.75
2026-06-11 10:15:31,28864.25,28867.00,28855.00,28855.50,286,28855.25,28856.00,0.75
2026-06-11 10:15:32,28855.25,28858.75,28855.25,28858.50,139,28858.25,28859.00,0.75
2026-06-11 10:15:33,28858.75,28862.25,28857.75,28858.25,167,28860.75,28861.50,0.75
2026-06-11 10:15:34,28858.25,28866.75,28855.00,28861.50,200,28860.50,28861.25,0.75
2026-06-11 10:15:35,28862.25,28862.50,28859.25,28860.50,84,28855.75,28856.50,0.75
2026-06-11 10:15:36,28861.75,28862.00,28854.25,28856.75,116,28860.00,28860.50,0.50
2026-06-11 10:15:37,28856.75,28862.00,28856.50,28860.50,74,28862.50,28863.00,0.50
2026-06-11 10:15:38,28860.00,28864.00,28859.75,28862.75,110,28853.25,28853.75,0.50
2026-06-11 10:15:39,28862.00,28862.75,28854.00,28854.00,145,28853.25,28853.75,0.50
2026-06-11 10:15:40,28853.75,28858.75,28853.25,28858.25,89,28858.50,28859.25,0.75
2026-06-11 10:15:41,28859.00,28864.75,28858.50,28863.00,102,28871.75,28872.25,0.50
2026-06-11 10:15:42,28862.00,28872.00,28861.75,28872.00,305,28877.50,28878.25,0.75
2026-06-11 10:15:43,28872.25,28880.00,28870.00,28878.25,434,28877.00,28877.75,0.75
2026-06-11 10:15:44,28877.50,28880.75,28872.75,28877.50,362,28877.00,28877.75,0.75
2026-06-11 10:15:45,28877.50,28882.25,28875.25,28878.75,248,28874.00,28874.50,0.50
2026-06-11 10:15:46,28878.75,28878.75,28874.25,28875.00,213,28873.75,28874.50,0.75
2026-06-11 10:15:47,28874.00,28874.50,28870.25,28874.25,187,28871.75,28872.50,0.75
2026-06-11 10:15:48,28873.75,28878.50,28871.25,28872.50,144,28865.75,28866.50,0.75
2026-06-11 10:15:49,28872.50,28872.50,28865.00,28866.50,356,28861.50,28862.00,0.50
2026-06-11 10:15:50,28865.75,28865.75,28857.50,28861.75,263,28857.00,28857.75,0.75
2026-06-11 10:15:51,28861.50,28862.75,28857.25,28857.75,213,28854.25,28854.75,0.50
2026-06-11 10:15:52,28857.75,28858.25,28854.25,28854.75,141,28854.25,28854.75,0.50
2026-06-11 10:15:53,28854.75,28855.00,28846.25,28846.75,331,28845.75,28846.25,0.50
2026-06-11 10:15:54,28845.75,28855.00,28845.50,28853.50,137,28858.75,28859.25,0.50
2026-06-11 10:15:55,28853.00,28859.50,28850.50,28859.00,164,28863.25,28863.75,0.50
2026-06-11 10:15:56,28858.50,28865.00,28858.25,28863.75,150,28864.50,28865.00,0.50
2026-06-11 10:15:57,28863.75,28864.75,28863.00,28864.25,113,28860.25,28860.75,0.50
2026-06-11 10:15:58,28865.00,28867.25,28860.00,28860.00,123,28851.00,28851.50,0.50
2026-06-11 10:15:59,28860.00,28860.00,28851.00,28851.00,111,28853.00,28853.75,0.75
2026-06-11 10:16:00,28851.50,28853.75,28850.00,28852.50,116,28853.00,28853.75,0.75
2026-06-11 10:16:01,28853.25,28856.00,28852.75,28855.50,117,28855.00,28855.50,0.50
2026-06-11 10:16:02,28855.50,28857.00,28850.00,28855.25,182,28859.50,28860.25,0.75
2026-06-11 10:16:03,28855.50,28860.75,28855.25,28859.25,126,28866.00,28866.75,0.75
2026-06-11 10:16:04,28860.00,28866.00,28859.75,28866.00,198,28866.00,28866.75,0.75
2026-06-11 10:16:05,28866.50,28869.00,28860.00,28860.50,397,28858.25,28859.00,0.75
2026-06-11 10:16:06,28860.75,28862.50,28856.50,28858.00,159,28858.25,28859.00,0.75
2026-06-11 10:16:07,28858.75,28860.00,28853.00,28855.50,159,28859.75,28860.50,0.75
2026-06-11 10:16:08,28854.75,28860.25,28852.50,28859.50,111,28859.25,28860.00,0.75
2026-06-11 10:16:09,28861.00,28862.00,28858.50,28859.75,83,28857.00,28857.50,0.50
2026-06-11 10:16:10,28859.75,28860.00,28855.75,28857.25,100,28853.50,28854.25,0.75
2026-06-11 10:16:11,28858.50,28860.50,28852.50,28854.00,194,28856.25,28856.75,0.50
2026-06-11 10:16:12,28853.50,28857.75,28851.25,28856.00,141,28856.25,28856.75,0.50
2026-06-11 10:16:13,28856.75,28856.75,28850.00,28853.00,85,28848.75,28849.50,0.75
2026-06-11 10:16:14,28853.25,28854.25,28848.75,28849.25,131,28847.50,28848.25,0.75
2026-06-11 10:16:15,28848.75,28850.50,28847.00,28848.00,93,28840.50,28841.00,0.50
2026-06-11 10:16:16,28848.00,28849.25,28840.00,28840.75,347,28840.50,28841.00,0.50
2026-06-11 10:16:17,28840.50,28853.75,28840.25,28852.00,269,28847.75,28848.50,0.75
2026-06-11 10:16:18,28852.00,28852.25,28845.50,28848.00,146,28847.75,28848.50,0.75
2026-06-11 10:16:19,28848.25,28850.00,28845.00,28845.50,73,28844.50,28845.00,0.50
2026-06-11 10:16:20,28845.25,28853.25,28843.00,28845.00,150,28844.50,28845.00,0.50
2026-06-11 10:16:21,28844.50,28847.00,28828.25,28830.75,645,28831.00,28831.25,0.25
2026-06-11 10:16:22,28831.00,28838.75,28829.75,28837.50,348,28837.00,28837.75,0.75
2026-06-11 10:16:23,28837.75,28840.00,28820.50,28820.50,556,28823.25,28824.00,0.75
2026-06-11 10:16:24,28823.25,28829.50,28820.50,28823.75,478,28823.25,28824.00,0.75
2026-06-11 10:16:25,28823.25,28832.50,28822.50,28826.50,417,28817.50,28818.00,0.50
2026-06-11 10:16:26,28824.50,28826.75,28817.25,28817.50,384,28817.50,28818.00,0.50
2026-06-11 10:16:27,28818.00,28821.75,28815.00,28816.50,590,28821.00,28821.50,0.50
2026-06-11 10:16:28,28817.25,28822.75,28817.00,28821.50,322,28821.00,28821.50,0.50
2026-06-11 10:16:29,28821.25,28828.75,28821.00,28825.75,336,28829.00,28829.75,0.75
2026-06-11 10:16:30,28825.00,28830.75,28824.50,28830.75,244,28822.25,28823.00,0.75
2026-06-11 10:16:31,28829.75,28831.00,28821.00,28822.25,163,28813.25,28814.00,0.75
2026-06-11 10:16:32,28822.00,28823.25,28812.25,28813.50,297,28803.25,28805.25,2.00
2026-06-11 10:16:33,28813.50,28814.25,28801.25,28801.75,794,28803.25,28805.25,2.00
2026-06-11 10:16:34,28805.00,28808.25,28801.00,28801.00,480,28811.25,28811.75,0.50
2026-06-11 10:16:35,28802.00,28811.75,28800.00,28811.25,491,28816.75,28817.50,0.75
2026-06-11 10:16:36,28811.25,28819.00,28809.25,28817.75,449,28816.25,28817.00,0.75
2026-06-11 10:16:37,28816.75,28820.50,28815.00,28816.75,191,28816.25,28817.00,0.75
2026-06-11 10:16:38,28816.75,28818.50,28813.75,28813.75,189,28815.75,28816.50,0.75
2026-06-11 10:16:39,28813.75,28818.75,28813.00,28816.25,143,28808.00,28808.75,0.75
2026-06-11 10:16:40,28815.75,28820.00,28807.75,28808.50,286,28808.00,28808.75,0.75
2026-06-11 10:16:41,28808.75,28809.00,28804.75,28805.75,176,28809.00,28809.50,0.50
2026-06-11 10:16:42,28807.00,28811.50,28807.00,28809.25,185,28813.00,28813.75,0.75
2026-06-11 10:16:43,28809.75,28813.75,28808.50,28813.75,143,28813.00,28813.75,0.75
2026-06-11 10:16:44,28813.00,28816.75,28811.50,28815.25,227,28814.50,28815.00,0.50
2026-06-11 10:16:45,28815.00,28816.00,28804.50,28806.00,186,28807.50,28808.25,0.75
2026-06-11 10:16:46,28805.75,28807.75,28805.50,28807.00,81,28804.25,28805.00,0.75
2026-06-11 10:16:47,28807.50,28808.75,28804.25,28805.00,151,28804.75,28805.25,0.50
2026-06-11 10:16:48,28804.25,28806.25,28801.75,28805.00,125,28802.75,28803.50,0.75
2026-06-11 10:16:49,28804.25,28806.00,28801.50,28803.50,161,28801.50,28802.00,0.50
2026-06-11 10:16:50,28802.75,28806.75,28801.25,28802.50,135,28803.00,28803.75,0.75
2026-06-11 10:16:51,28802.00,28806.25,28802.00,28802.75,124,28803.00,28803.75,0.75
2026-06-11 10:16:52,28803.00,28808.75,28802.75,28808.50,111,28805.50,28806.25,0.75
2026-06-11 10:16:53,28808.00,28808.00,28804.25,28805.75,105,28804.00,28804.75,0.75
2026-06-11 10:16:54,28805.50,28806.00,28803.25,28804.00,86,28801.25,28802.00,0.75
2026-06-11 10:16:55,28803.75,28804.50,28800.25,28801.00,142,28794.75,28795.50,0.75
2026-06-11 10:16:56,28801.25,28803.75,28795.00,28795.00,395,28798.50,28799.25,0.75
2026-06-11 10:16:57,28795.50,28799.25,28793.50,28798.50,249,28798.50,28799.25,0.75
2026-06-11 10:16:58,28798.50,28799.25,28793.25,28793.50,241,28792.75,28793.50,0.75
2026-06-11 10:16:59,28793.75,28793.75,28781.25,28782.25,655,28780.75,28781.25,0.50
2026-06-11 10:17:00,28781.25,28783.75,28775.25,28781.00,649,28782.75,28783.50,0.75
2026-06-11 10:17:01,28780.50,28784.50,28779.50,28783.50,342,28782.75,28783.50,0.75
2026-06-11 10:17:02,28782.75,28791.00,28780.25,28789.00,401,28783.00,28783.50,0.50
2026-06-11 10:17:03,28789.50,28790.00,28781.75,28783.75,265,28785.00,28785.75,0.75
2026-06-11 10:17:04,28782.75,28786.00,28779.50,28785.25,186,28788.00,28788.75,0.75
2026-06-11 10:17:05,28785.00,28788.25,28782.50,28788.25,135,28792.25,28793.25,1.00
2026-06-11 10:17:06,28788.50,28793.50,28785.50,28792.75,197,28792.25,28793.25,1.00
2026-06-11 10:17:07,28793.00,28803.50,28792.50,28798.25,406,28797.50,28798.25,0.75
2026-06-11 10:17:08,28798.25,28801.00,28796.50,28798.50,257,28799.50,28800.25,0.75
2026-06-11 10:17:09,28797.75,28802.00,28797.50,28800.50,210,28807.00,28807.50,0.50
2026-06-11 10:17:10,28799.50,28807.25,28799.00,28807.25,210,28803.50,28804.00,0.50
2026-06-11 10:17:11,28807.50,28809.75,28803.25,28804.00,261,28804.25,28805.00,0.75
2026-06-11 10:17:12,28804.00,28806.75,28801.75,28805.00,204,28811.50,28812.25,0.75
2026-06-11 10:17:13,28803.75,28812.75,28802.50,28811.00,246,28812.75,28813.50,0.75
2026-06-11 10:17:14,28812.25,28813.75,28810.25,28812.75,181,28811.00,28811.75,0.75
2026-06-11 10:17:15,28813.25,28814.25,28808.75,28811.75,186,28805.25,28806.00,0.75
2026-06-11 10:17:16,28811.00,28814.75,28804.75,28805.25,261,28800.00,28800.75,0.75
2026-06-11 10:17:17,28805.75,28806.50,28799.25,28800.50,219,28800.00,28800.75,0.75
2026-06-11 10:17:18,28800.25,28805.50,28797.75,28805.25,136,28808.25,28809.00,0.75
2026-06-11 10:17:19,28805.75,28810.50,28805.50,28809.50,111,28808.25,28809.00,0.75
2026-06-11 10:17:20,28808.25,28816.00,28808.25,28813.75,318,28811.00,28811.75,0.75
2026-06-11 10:17:21,28814.50,28816.00,28811.25,28811.50,146,28816.25,28817.00,0.75
2026-06-11 10:17:22,28813.00,28817.25,28811.25,28816.50,132,28815.25,28816.00,0.75
2026-06-11 10:17:23,28816.25,28819.75,28814.50,28815.75,128,28815.00,28815.50,0.50
2026-06-11 10:17:24,28816.00,28817.75,28814.50,28814.75,133,28809.25,28809.75,0.50
2026-06-11 10:17:25,28815.50,28815.50,28807.50,28809.50,177,28808.00,28808.50,0.50
2026-06-11 10:17:26,28809.25,28810.25,28807.75,28808.25,132,28808.00,28808.50,0.50
2026-06-11 10:17:27,28808.25,28809.00,28804.75,28804.75,124,28804.25,28804.75,0.50
2026-06-11 10:17:28,28804.50,28810.25,28801.75,28809.25,131,28807.50,28808.00,0.50
2026-06-11 10:17:29,28809.75,28812.25,28807.25,28807.75,92,28811.25,28812.00,0.75
2026-06-11 10:17:30,28808.00,28813.25,28806.25,28811.25,106,28811.25,28812.00,0.75
2026-06-11 10:17:31,28811.25,28813.50,28807.25,28808.75,90,28811.50,28812.00,0.50
2026-06-11 10:17:32,28810.50,28811.75,28806.50,28811.50,61,28812.75,28813.25,0.50
2026-06-11 10:17:33,28811.50,28815.50,28810.00,28814.50,150,28820.50,28821.50,1.00
2026-06-11 10:17:34,28813.25,28824.25,28813.25,28821.25,705,28823.50,28824.25,0.75
2026-06-11 10:17:35,28821.75,28827.50,28818.50,28824.25,252,28826.25,28826.75,0.50
2026-06-11 10:17:36,28823.75,28828.75,28823.75,28826.75,194,28827.75,28828.50,0.75
2026-06-11 10:17:37,28826.75,28828.25,28823.25,28827.50,198,28827.75,28828.50,0.75
2026-06-11 10:17:38,28827.75,28842.50,28827.75,28829.50,642,28829.50,28830.25,0.75
2026-06-11 10:17:39,28830.25,28839.50,28827.75,28836.75,234,28839.00,28839.75,0.75
2026-06-11 10:17:40,28837.00,28841.25,28835.50,28838.75,232,28841.50,28842.00,0.50
2026-06-11 10:17:41,28839.75,28842.50,28839.00,28841.50,218,28837.75,28838.50,0.75
2026-06-11 10:17:42,28841.50,28843.75,28835.25,28838.75,250,28837.75,28838.50,0.75
2026-06-11 10:17:43,28838.00,28838.50,28834.50,28836.75,133,28836.50,28837.00,0.50
2026-06-11 10:17:44,28836.75,28837.50,28831.25,28831.25,158,28834.50,28835.25,0.75
2026-06-11 10:17:45,28831.25,28835.75,28830.25,28835.00,126,28824.50,28825.25,0.75
2026-06-11 10:17:46,28834.50,28835.00,28823.25,28824.75,274,28824.50,28825.25,0.75
2026-06-11 10:17:47,28824.75,28826.50,28822.25,28824.00,164,28823.50,28823.75,0.25
2026-06-11 10:17:48,28824.00,28825.00,28821.75,28823.25,95,28818.75,28819.50,0.75
2026-06-11 10:17:49,28823.25,28826.00,28818.50,28819.00,259,28811.50,28812.00,0.50
2026-06-11 10:17:50,28819.00,28819.00,28808.50,28812.00,650,28808.25,28809.00,0.75
2026-06-11 10:17:51,28812.00,28812.00,28808.25,28808.50,130,28806.25,28807.00,0.75
2026-06-11 10:17:52,28808.25,28811.25,28805.50,28806.25,352,28806.25,28807.00,0.75
2026-06-11 10:17:53,28806.25,28807.50,28801.50,28806.50,241,28813.50,28813.75,0.25
2026-06-11 10:17:54,28805.50,28813.50,28805.50,28812.25,199,28812.00,28812.50,0.50
2026-06-11 10:17:55,28813.50,28813.75,28810.00,28813.00,83,28810.00,28810.75,0.75
2026-06-11 10:17:56,28811.50,28812.75,28808.00,28810.75,101,28816.50,28817.00,0.50
2026-06-11 10:17:57,28810.75,28817.25,28810.00,28817.00,93,28813.25,28813.75,0.50
2026-06-11 10:17:58,28816.50,28817.25,28812.50,28814.00,126,28812.50,28813.00,0.50
2026-06-11 10:17:59,28813.50,28814.50,28810.50,28813.25,105,28819.25,28819.75,0.50
2026-06-11 10:18:00,28814.00,28820.00,28812.50,28820.00,96,28819.25,28819.75,0.50
2026-06-11 10:18:01,28819.50,28820.25,28816.00,28816.75,139,28819.75,28820.25,0.50
2026-06-11 10:18:02,28817.00,28819.25,28815.75,28819.00,94,28819.75,28820.25,0.50
2026-06-11 10:18:03,28819.75,28821.00,28811.25,28816.75,204,28801.00,28801.75,0.75
2026-06-11 10:18:04,28816.25,28817.50,28800.25,28800.75,255,28801.00,28801.75,0.75
2026-06-11 10:18:05,28800.75,28809.75,28800.75,28807.25,203,28804.50,28805.25,0.75
2026-06-11 10:18:06,28807.75,28809.75,28803.75,28804.75,175,28804.50,28805.25,0.75
2026-06-11 10:18:07,28805.00,28810.50,28803.25,28809.00,144,28802.50,28803.00,0.50
2026-06-11 10:18:08,28808.75,28808.75,28801.25,28802.25,134,28805.25,28805.75,0.50
2026-06-11 10:18:09,28800.75,28807.50,28799.75,28805.25,149,28800.75,28801.00,0.25
2026-06-11 10:18:10,28805.75,28806.75,28800.50,28800.50,128,28800.75,28801.00,0.25
2026-06-11 10:18:11,28800.75,28803.75,28798.75,28803.75,117,28796.75,28797.50,0.75
2026-06-11 10:18:12,28803.50,28803.50,28795.75,28796.50,162,28796.75,28797.50,0.75
2026-06-11 10:18:13,28797.75,28802.00,28796.25,28799.00,130,28796.75,28797.25,0.50
2026-06-11 10:18:14,28798.50,28799.25,28795.50,28796.75,81,28800.00,28800.50,0.50
2026-06-11 10:18:15,28797.25,28802.50,28794.25,28801.00,253,28802.25,28802.75,0.50
2026-06-11 10:18:16,28800.00,28806.00,28798.50,28802.25,169,28805.00,28805.75,0.75
2026-06-11 10:18:17,28802.25,28805.00,28799.25,28804.75,180,28799.75,28800.50,0.75
2026-06-11 10:18:18,28805.75,28807.50,28796.75,28799.75,123,28799.75,28800.50,0.75
2026-06-11 10:18:19,28800.00,28800.00,28794.75,28795.75,113,28795.50,28796.25,0.75
2026-06-11 10:18:20,28796.00,28797.25,28791.75,28792.25,108,28790.25,28790.75,0.50
2026-06-11 10:18:21,28791.50,28795.75,28789.00,28790.50,188,28788.25,28788.50,0.25
2026-06-11 10:18:22,28790.50,28791.75,28787.00,28788.00,222,28788.25,28788.50,0.25
2026-06-11 10:18:23,28788.25,28789.25,28777.50,28778.50,362,28778.00,28778.25,0.25
2026-06-11 10:18:24,28777.75,28778.00,28771.00,28771.25,435,28782.00,28783.00,1.00
2026-06-11 10:18:25,28771.50,28783.50,28769.50,28783.50,510,28782.00,28783.00,1.00
2026-06-11 10:18:26,28782.25,28786.75,28781.25,28784.50,218,28784.75,28785.25,0.50
2026-06-11 10:18:27,28785.25,28785.25,28780.75,28783.75,159,28785.75,28786.50,0.75
2026-06-11 10:18:28,28784.00,28787.75,28781.25,28785.75,159,28791.00,28791.75,0.75
2026-06-11 10:18:29,28786.50,28792.00,28786.50,28791.75,185,28791.00,28791.75,0.75
2026-06-11 10:18:30,28791.25,28791.75,28780.00,28780.75,235,28785.25,28785.75,0.50
2026-06-11 10:18:31,28780.50,28785.75,28780.25,28785.25,178,28787.75,28788.50,0.75
2026-06-11 10:18:32,28785.25,28788.75,28784.25,28788.25,147,28784.25,28784.75,0.50
2026-06-11 10:18:33,28788.50,28791.25,28782.75,28784.25,211,28785.00,28785.50,0.50
2026-06-11 10:18:34,28784.75,28787.50,28784.00,28785.25,112,28791.75,28792.25,0.50
2026-06-11 10:18:35,28785.50,28791.25,28785.25,28791.00,106,28791.75,28792.25,0.50
2026-06-11 10:18:36,28791.25,28794.25,28790.00,28794.00,163,28784.50,28785.25,0.75
2026-06-11 10:18:37,28793.75,28794.00,28783.25,28784.00,244,28775.75,28776.50,0.75
2026-06-11 10:18:38,28785.25,28786.00,28776.00,28776.00,184,28770.00,28770.50,0.50
2026-06-11 10:18:39,28776.25,28776.50,28769.75,28770.50,267,28772.25,28773.00,0.75
2026-06-11 10:18:40,28770.00,28774.25,28768.75,28772.50,224,28771.25,28772.00,0.75
2026-06-11 10:18:41,28773.00,28776.75,28771.25,28771.50,295,28771.25,28772.00,0.75
2026-06-11 10:18:42,28771.50,28774.50,28771.00,28773.50,128,28775.25,28776.00,0.75
2026-06-11 10:18:43,28773.50,28776.00,28771.50,28776.00,91,28780.50,28781.25,0.75
2026-06-11 10:18:44,28775.50,28783.25,28775.50,28780.75,185,28783.00,28783.75,0.75
2026-06-11 10:18:45,28781.25,28788.50,28781.25,28783.25,194,28779.25,28780.00,0.75
2026-06-11 10:18:46,28782.50,28785.25,28778.00,28778.25,177,28785.50,28786.25,0.75
2026-06-11 10:18:47,28779.25,28787.75,28778.75,28785.50,144,28784.50,28785.25,0.75
2026-06-11 10:18:48,28786.25,28787.00,28783.00,28784.75,170,28786.75,28787.50,0.75
2026-06-11 10:18:49,28785.25,28788.25,28784.25,28787.00,77,28785.25,28785.75,0.50
2026-06-11 10:18:50,28787.50,28788.50,28785.00,28785.75,95,28785.25,28785.75,0.50
2026-06-11 10:18:51,28785.25,28786.25,28778.75,28780.00,150,28775.75,28776.50,0.75
2026-06-11 10:18:52,28781.00,28781.50,28776.00,28776.25,124,28773.25,28774.00,0.75
2026-06-11 10:18:53,28776.50,28777.25,28772.00,28773.25,126,28773.25,28774.00,0.75
2026-06-11 10:18:54,28773.75,28776.00,28772.00,28772.50,131,28764.25,28764.75,0.50
2026-06-11 10:18:55,28772.00,28773.50,28762.50,28764.75,370,28763.00,28763.50,0.50
2026-06-11 10:18:56,28764.50,28766.25,28762.00,28763.50,182,28762.75,28763.50,0.75
2026-06-11 10:18:57,28763.50,28765.75,28761.00,28763.00,285,28762.75,28763.50,0.75
2026-06-11 10:18:58,28763.50,28764.50,28756.25,28758.00,270,28757.50,28758.25,0.75
2026-06-11 10:18:59,28757.75,28759.50,28755.00,28759.00,306,28760.50,28761.25,0.75
2026-06-11 10:19:00,28759.00,28761.75,28758.00,28760.50,151,28769.00,28769.50,0.50
2026-06-11 10:19:01,28761.00,28769.50,28760.50,28769.25,355,28768.25,28768.75,0.50
2026-06-11 10:19:02,28769.50,28772.50,28765.75,28769.00,250,28777.50,28778.00,0.50
2026-06-11 10:19:03,28768.75,28777.25,28768.00,28777.25,257,28777.50,28778.00,0.50
2026-06-11 10:19:04,28777.50,28780.00,28772.75,28774.50,222,28768.75,28769.50,0.75
2026-06-11 10:19:05,28773.00,28775.00,28768.25,28769.00,143,28768.75,28769.50,0.75
2026-06-11 10:19:06,28768.75,28770.50,28768.00,28769.25,65,28768.75,28769.50,0.75
2026-06-11 10:19:07,28769.00,28770.50,28766.50,28766.75,136,28767.75,28768.50,0.75
2026-06-11 10:19:08,28766.50,28767.25,28762.50,28766.75,126,28773.50,28774.00,0.50
2026-06-11 10:19:09,28767.75,28775.25,28767.00,28773.50,170,28771.75,28772.50,0.75
2026-06-11 10:19:10,28774.00,28774.75,28770.00,28771.25,70,28771.25,28771.75,0.50
2026-06-11 10:19:11,28772.50,28775.00,28770.50,28771.75,125,28768.75,28769.25,0.50
2026-06-11 10:19:12,28771.00,28771.75,28766.50,28768.75,118,28769.50,28770.00,0.50
2026-06-11 10:19:13,28769.00,28771.00,28766.00,28769.25,69,28767.75,28768.25,0.50
2026-06-11 10:19:14,28769.25,28769.75,28766.25,28768.50,75,28768.50,28769.00,0.50
2026-06-11 10:19:15,28767.75,28770.00,28763.75,28769.00,141,28768.50,28769.00,0.50
2026-06-11 10:19:16,28768.75,28769.50,28766.50,28769.00,92,28767.75,28768.25,0.50
2026-06-11 10:19:17,28768.00,28768.00,28763.00,28763.75,84,28765.25,28766.00,0.75
2026-06-11 10:19:18,28765.00,28766.25,28763.75,28765.75,60,28766.50,28767.25,0.75
2026-06-11 10:19:19,28765.25,28769.75,28763.00,28767.75,125,28766.75,28767.50,0.75
2026-06-11 10:19:20,28766.50,28769.00,28764.75,28767.50,172,28768.00,28768.75,0.75
2026-06-11 10:19:21,28768.00,28769.00,28766.00,28768.75,44,28767.00,28767.50,0.50
2026-06-11 10:19:22,28769.00,28769.00,28762.75,28767.75,100,28762.75,28763.25,0.50
2026-06-11 10:19:23,28767.50,28768.25,28762.75,28763.00,61,28761.00,28761.50,0.50
2026-06-11 10:19:24,28763.00,28763.00,28760.25,28760.25,124,28759.25,28759.75,0.50
2026-06-11 10:19:25,28761.00,28761.75,28758.25,28760.00,155,28771.00,28771.50,0.50
2026-06-11 10:19:26,28759.25,28771.50,28758.50,28771.00,290,28771.00,28771.50,0.50
2026-06-11 10:19:27,28771.25,28775.75,28770.50,28775.00,192,28770.75,28771.50,0.75
2026-06-11 10:19:28,28775.25,28778.75,28771.50,28771.50,172,28768.50,28769.00,0.50
2026-06-11 10:19:29,28771.50,28773.25,28766.75,28768.50,178,28773.00,28773.50,0.50
2026-06-11 10:19:30,28768.25,28774.75,28768.25,28774.25,94,28770.75,28771.25,0.50
2026-06-11 10:19:31,28773.00,28773.00,28770.75,28770.75,71,28776.00,28776.75,0.75
2026-06-11 10:19:32,28771.25,28776.25,28770.00,28776.00,240,28776.00,28776.75,0.75
2026-06-11 10:19:33,28776.25,28784.75,28776.00,28781.75,475,28781.50,28782.25,0.75
2026-06-11 10:19:34,28782.75,28786.50,28780.50,28781.75,326,28781.50,28782.25,0.75
2026-06-11 10:19:35,28782.00,28784.00,28780.00,28782.00,132,28778.00,28778.75,0.75
2026-06-11 10:19:36,28782.00,28784.00,28776.00,28778.25,120,28776.75,28777.25,0.50
2026-06-11 10:19:37,28777.75,28777.75,28772.00,28776.00,116,28776.75,28777.25,0.50
2026-06-11 10:19:38,28776.75,28779.00,28770.75,28772.50,123,28774.50,28775.25,0.75
2026-06-11 10:19:39,28773.00,28778.50,28772.75,28774.25,118,28777.75,28778.50,0.75
2026-06-11 10:19:40,28775.25,28779.75,28774.25,28778.00,100,28776.50,28777.25,0.75
2026-06-11 10:19:41,28777.75,28779.00,28774.75,28778.00,55,28776.50,28777.25,0.75
2026-06-11 10:19:42,28776.75,28783.00,28776.00,28780.25,163,28779.50,28780.00,0.50
2026-06-11 10:19:43,28779.75,28780.00,28776.75,28779.00,110,28781.00,28781.50,0.50
2026-06-11 10:19:44,28779.25,28782.25,28778.25,28781.00,106,28779.00,28779.75,0.75
2026-06-11 10:19:45,28781.25,28781.25,28779.25,28779.75,44,28779.00,28779.75,0.75
2026-06-11 10:19:46,28779.25,28791.75,28779.25,28790.50,244,28787.75,28788.75,1.00
2026-06-11 10:19:47,28787.50,28789.25,28784.00,28784.50,202,28780.25,28781.00,0.75
2026-06-11 10:19:48,28784.75,28785.00,28779.25,28781.00,183,28778.75,28779.25,0.50
2026-06-11 10:19:49,28780.25,28781.50,28774.50,28778.50,168,28779.50,28780.25,0.75
2026-06-11 10:19:50,28778.75,28781.00,28778.50,28779.75,61,28778.25,28779.00,0.75
2026-06-11 10:19:51,28780.25,28780.25,28777.75,28779.00,48,28763.50,28764.00,0.50
2026-06-11 10:19:52,28778.50,28778.50,28763.50,28764.00,189,28762.75,28763.25,0.50
2026-06-11 10:19:53,28764.25,28764.75,28759.75,28763.25,245,28762.75,28763.25,0.50
2026-06-11 10:19:54,28763.25,28766.50,28761.75,28762.75,143,28765.00,28765.50,0.50
2026-06-11 10:19:55,28762.75,28765.00,28760.75,28765.00,120,28759.75,28760.50,0.75
2026-06-11 10:19:56,28764.75,28764.75,28759.50,28760.00,95,28756.00,28756.50,0.50
2026-06-11 10:19:57,28759.75,28760.00,28754.75,28756.75,268,28756.75,28757.50,0.75
2026-06-11 10:19:58,28756.00,28758.50,28751.50,28757.25,420,28759.50,28760.00,0.50
2026-06-11 10:19:59,28758.00,28762.25,28756.00,28759.50,252,28760.75,28761.25,0.50
2026-06-11 10:20:00,28759.50,28762.75,28759.25,28760.75,122,28761.25,28761.75,0.50
2026-06-11 10:20:01,28761.25,28762.00,28757.00,28761.00,241,28763.50,28764.00,0.50
2026-06-11 10:20:02,28761.75,28764.25,28753.75,28763.75,211,28760.25,28761.00,0.75
2026-06-11 10:20:03,28763.50,28764.25,28757.50,28761.00,197,28763.25,28763.75,0.50
2026-06-11 10:20:04,28761.00,28765.25,28759.50,28763.75,172,28763.25,28763.75,0.50
2026-06-11 10:20:05,28763.75,28771.75,28763.00,28770.75,308,28770.50,28771.25,0.75
2026-06-11 10:20:06,28771.00,28774.25,28770.00,28774.00,329,28771.25,28772.00,0.75
2026-06-11 10:20:07,28772.75,28773.75,28769.75,28771.75,143,28772.50,28773.50,1.00
2026-06-11 10:20:08,28772.00,28776.75,28769.00,28773.25,161,28772.50,28773.50,1.00
2026-06-11 10:20:09,28774.25,28779.50,28769.00,28774.25,209,28776.75,28777.25,0.50
2026-06-11 10:20:10,28774.75,28778.75,28774.00,28777.75,171,28781.00,28781.75,0.75
2026-06-11 10:20:11,28777.50,28781.25,28776.75,28781.25,291,28781.00,28781.75,0.75
2026-06-11 10:20:12,28781.25,28784.00,28778.50,28778.50,190,28779.25,28779.75,0.50
2026-06-11 10:20:13,28779.25,28780.00,28773.00,28774.25,148,28773.75,28774.25,0.50
2026-06-11 10:20:14,28774.50,28775.25,28772.75,28773.50,83,28768.75,28769.25,0.50
2026-06-11 10:20:15,28773.75,28775.00,28765.75,28768.25,261,28768.75,28769.25,0.50
2026-06-11 10:20:16,28769.25,28769.50,28760.25,28761.00,237,28761.00,28761.50,0.50
2026-06-11 10:20:17,28761.75,28764.50,28759.75,28761.50,157,28767.50,28768.00,0.50
2026-06-11 10:20:18,28760.75,28769.25,28760.25,28767.25,134,28767.50,28768.00,0.50
2026-06-11 10:20:19,28767.75,28768.75,28765.50,28766.00,81,28763.50,28764.25,0.75
2026-06-11 10:20:20,28766.75,28768.25,28764.00,28764.00,49,28761.25,28761.75,0.50
2026-06-11 10:20:21,28764.25,28764.50,28759.25,28761.25,114,28760.75,28761.50,0.75
2026-06-11 10:20:22,28762.25,28763.25,28759.25,28760.75,150,28764.00,28764.50,0.50
2026-06-11 10:20:23,28761.25,28764.50,28758.50,28763.25,162,28769.50,28770.25,0.75
2026-06-11 10:20:24,28764.00,28770.50,28764.00,28770.00,125,28773.50,28774.00,0.50
2026-06-11 10:20:25,28770.25,28776.25,28770.25,28774.00,184,28771.25,28771.75,0.50
2026-06-11 10:20:26,28774.25,28775.50,28771.00,28771.00,91,28772.50,28773.25,0.75
2026-06-11 10:20:27,28771.75,28772.75,28769.75,28772.75,64,28773.00,28773.75,0.75
2026-06-11 10:20:28,28773.50,28775.00,28771.25,28774.00,33,28775.75,28776.25,0.50
2026-06-11 10:20:29,28773.75,28776.75,28773.75,28776.75,58,28775.75,28776.25,0.50
2026-06-11 10:20:30,28776.25,28780.00,28774.75,28776.00,212,28783.25,28784.00,0.75
2026-06-11 10:20:31,28776.00,28783.75,28774.75,28783.25,174,28779.75,28780.50,0.75
2026-06-11 10:20:32,28783.75,28787.50,28778.75,28780.50,216,28779.75,28780.50,0.75
2026-06-11 10:20:33,28780.50,28783.25,28778.50,28780.25,203,28785.50,28786.00,0.50
2026-06-11 10:20:34,28779.75,28787.50,28777.50,28786.00,242,28788.75,28789.25,0.50
2026-06-11 10:20:35,28786.50,28791.25,28783.50,28789.25,216,28786.50,28787.00,0.50
2026-06-11 10:20:36,28789.50,28798.25,28786.50,28786.75,508,28785.00,28785.75,0.75
2026-06-11 10:20:37,28787.00,28789.25,28784.50,28786.50,195,28792.25,28793.00,0.75
2026-06-11 10:20:38,28785.50,28792.25,28785.50,28792.00,122,28789.25,28789.75,0.50
2026-06-11 10:20:39,28792.25,28793.25,28788.50,28789.25,116,28787.75,28788.25,0.50
2026-06-11 10:20:40,28789.75,28792.50,28786.25,28787.50,140,28788.50,28789.25,0.75
2026-06-11 10:20:41,28786.75,28791.25,28785.50,28789.25,127,28796.25,28796.75,0.50
2026-06-11 10:20:42,28788.50,28797.50,28788.50,28797.00,205,28807.25,28808.00,0.75
2026-06-11 10:20:43,28796.75,28811.50,28796.00,28807.50,598,28807.25,28808.00,0.75
2026-06-11 10:20:44,28807.25,28809.50,28802.00,28805.75,397,28807.50,28808.25,0.75
2026-06-11 10:20:45,28805.50,28809.25,28803.25,28808.25,209,28808.50,28809.25,0.75
2026-06-11 10:20:46,28807.75,28812.25,28807.00,28809.75,165,28808.50,28809.25,0.75
2026-06-11 10:20:47,28808.75,28812.50,28806.50,28808.00,170,28798.00,28798.75,0.75
2026-06-11 10:20:48,28808.00,28808.00,28797.50,28798.50,152,28798.00,28798.75,0.75
2026-06-11 10:20:49,28798.75,28806.25,28798.25,28804.75,132,28802.75,28803.50,0.75
2026-06-11 10:20:50,28804.00,28807.50,28802.50,28803.25,157,28799.00,28799.50,0.50
2026-06-11 10:20:51,28803.00,28803.75,28797.75,28799.50,140,28795.75,28796.50,0.75
2026-06-11 10:20:52,28798.25,28800.75,28794.00,28795.75,129,28803.50,28804.25,0.75
2026-06-11 10:20:53,28796.25,28803.75,28796.25,28803.25,103,28804.75,28805.50,0.75
2026-06-11 10:20:54,28803.50,28806.25,28803.50,28805.25,77,28809.75,28810.50,0.75
2026-06-11 10:20:55,28804.75,28811.25,28802.00,28811.25,138,28808.50,28809.00,0.50
2026-06-11 10:20:56,28809.75,28812.75,28808.75,28810.00,135,28808.50,28809.00,0.50
2026-06-11 10:20:57,28808.00,28811.75,28807.75,28811.75,151,28809.00,28809.75,0.75
2026-06-11 10:20:58,28810.25,28811.00,28808.50,28809.75,56,28808.75,28809.25,0.50
2026-06-11 10:20:59,28809.00,28811.75,28808.75,28809.75,116,28804.50,28805.00,0.50
2026-06-11 10:21:00,28809.25,28810.75,28803.50,28804.50,109,28798.00,28798.50,0.50
2026-06-11 10:21:01,28805.25,28805.25,28797.75,28798.00,172,28806.25,28807.00,0.75
2026-06-11 10:21:02,28798.75,28811.50,28798.25,28807.00,446,28806.25,28807.00,0.75
2026-06-11 10:21:03,28806.50,28815.50,28806.25,28814.50,199,28813.00,28813.75,0.75
2026-06-11 10:21:04,28814.25,28818.00,28812.75,28813.50,269,28813.00,28813.75,0.75
2026-06-11 10:21:05,28813.50,28823.00,28812.75,28820.25,326,28820.75,28821.50,0.75
2026-06-11 10:21:06,28821.50,28822.25,28809.75,28811.50,308,28818.00,28818.75,0.75
2026-06-11 10:21:07,28811.25,28819.75,28811.00,28818.50,194,28816.25,28817.00,0.75
2026-06-11 10:21:08,28818.75,28818.75,28810.75,28816.00,137,28816.25,28817.00,0.75
2026-06-11 10:21:09,28817.00,28817.50,28813.50,28815.50,105,28812.75,28813.50,0.75
2026-06-11 10:21:10,28816.00,28816.25,28811.25,28813.25,86,28804.00,28804.75,0.75
2026-06-11 10:21:11,28812.75,28814.25,28804.25,28804.25,136,28804.00,28804.75,0.75
2026-06-11 10:21:12,28804.50,28807.50,28803.00,28805.00,209,28806.00,28806.75,0.75
2026-06-11 10:21:13,28806.00,28810.50,28806.00,28807.50,89,28805.50,28806.25,0.75
2026-06-11 10:21:14,28805.75,28809.00,28800.50,28805.75,183,28806.75,28807.50,0.75
2026-06-11 10:21:15,28806.50,28809.00,28805.00,28807.50,87,28807.50,28808.25,0.75
2026-06-11 10:21:16,28807.75,28808.25,28803.75,28808.25,122,28802.25,28803.00,0.75
2026-06-11 10:21:17,28807.50,28808.50,28802.25,28802.75,84,28810.50,28811.25,0.75
2026-06-11 10:21:18,28803.00,28815.25,28802.00,28810.25,161,28810.50,28811.25,0.75
2026-06-11 10:21:19,28810.50,28813.00,28804.50,28804.75,99,28799.50,28800.25,0.75
2026-06-11 10:21:20,28804.25,28804.50,28790.75,28800.00,415,28799.50,28800.25,0.75
2026-06-11 10:21:21,28800.25,28801.00,28797.00,28800.50,120,28800.50,28801.50,1.00
2026-06-11 10:21:22,28801.00,28803.00,28794.75,28801.25,181,28794.00,28795.00,1.00
2026-06-11 10:21:23,28801.25,28804.75,28789.75,28793.75,227,28787.25,28788.00,0.75
2026-06-11 10:21:24,28795.25,28795.50,28784.00,28788.00,459,28798.00,28799.00,1.00
2026-06-11 10:21:25,28787.25,28799.25,28783.25,28797.00,364,28797.75,28798.50,0.75
2026-06-11 10:21:26,28798.00,28798.50,28795.25,28797.25,85,28797.75,28798.50,0.75
2026-06-11 10:21:27,28798.25,28801.00,28795.00,28797.50,71,28799.00,28800.00,1.00
2026-06-11 10:21:28,28797.75,28802.00,28796.25,28799.50,72,28803.50,28804.50,1.00
2026-06-11 10:21:29,28800.00,28804.50,28798.75,28803.75,88,28807.25,28807.75,0.50
2026-06-11 10:21:30,28803.25,28807.75,28802.50,28807.75,168,28803.75,28804.50,0.75
2026-06-11 10:21:31,28807.75,28808.25,28803.00,28803.75,104,28803.25,28804.00,0.75
2026-06-11 10:21:32,28803.75,28805.50,28801.75,28803.75,113,28804.00,28804.50,0.50
2026-06-11 10:21:33,28804.25,28805.50,28802.75,28805.00,30,28802.75,28803.50,0.75
2026-06-11 10:21:34,28804.50,28808.25,28802.25,28804.00,117,28802.75,28803.50,0.75
2026-06-11 10:21:35,28804.25,28806.75,28803.00,28803.00,91,28795.50,28796.25,0.75
2026-06-11 10:21:36,28802.75,28802.75,28796.25,28796.25,88,28795.50,28796.25,0.75
2026-06-11 10:21:37,28796.00,28797.00,28792.75,28796.75,126,28798.75,28799.50,0.75
2026-06-11 10:21:38,28797.00,28800.50,28795.50,28798.50,89,28805.25,28806.00,0.75
2026-06-11 10:21:39,28799.50,28807.25,28799.50,28804.75,149,28797.50,28798.25,0.75
2026-06-11 10:21:40,28806.25,28806.25,28796.00,28797.75,88,28797.25,28798.00,0.75
2026-06-11 10:21:41,28798.50,28801.50,28795.75,28797.75,62,28798.00,28798.75,0.75
2026-06-11 10:21:42,28796.00,28798.75,28791.50,28798.75,142,28795.00,28795.75,0.75
2026-06-11 10:21:43,28797.25,28798.25,28793.50,28795.75,36,28799.75,28800.50,0.75
2026-06-11 10:21:44,28795.50,28801.00,28794.75,28800.25,70,28801.00,28801.50,0.50
2026-06-11 10:21:45,28801.00,28805.50,28800.50,28801.50,82,28799.00,28799.75,0.75
2026-06-11 10:21:46,28801.50,28801.50,28798.00,28799.00,58,28799.00,28799.75,0.75
2026-06-11 10:21:47,28799.25,28801.00,28797.75,28800.00,51,28799.00,28799.50,0.50
2026-06-11 10:21:48,28800.25,28801.00,28799.00,28799.00,30,28797.25,28798.00,0.75
2026-06-11 10:21:49,28799.00,28799.50,28795.75,28798.00,57,28802.50,28803.25,0.75
2026-06-11 10:21:50,28797.00,28804.25,28797.00,28803.25,72,28806.50,28807.25,0.75
2026-06-11 10:21:51,28803.25,28808.00,28800.00,28806.75,296,28805.25,28806.25,1.00
2026-06-11 10:21:52,28807.25,28809.00,28804.25,28806.25,152,28803.00,28803.75,0.75
2026-06-11 10:21:53,28805.75,28808.75,28801.75,28802.75,128,28804.50,28805.25,0.75
2026-06-11 10:21:54,28803.00,28806.00,28800.75,28805.00,51,28813.75,28814.75,1.00
2026-06-11 10:21:55,28804.50,28815.50,28803.75,28814.25,201,28813.75,28814.75,1.00
2026-06-11 10:21:56,28814.50,28818.00,28810.25,28812.50,227,28815.50,28816.25,0.75
2026-06-11 10:21:57,28812.00,28817.50,28812.00,28816.25,182,28816.00,28817.00,1.00
2026-06-11 10:21:58,28815.25,28818.50,28813.50,28817.00,144,28819.50,28820.25,0.75
2026-06-11 10:21:59,28816.00,28821.50,28816.00,28820.25,150,28819.50,28820.50,1.00
2026-06-11 10:22:00,28820.00,28821.00,28818.50,28820.00,101,28819.50,28820.50,1.00
2026-06-11 10:22:01,28820.50,28821.75,28813.00,28815.50,305,28815.25,28816.25,1.00
2026-06-11 10:22:02,28816.00,28816.25,28807.50,28811.00,189,28806.50,28807.25,0.75
2026-06-11 10:22:03,28809.25,28813.75,28803.50,28806.50,189,28801.50,28802.25,0.75
2026-06-11 10:22:04,28805.00,28805.00,28798.50,28802.75,155,28803.25,28804.00,0.75
2026-06-11 10:22:05,28801.75,28804.00,28798.00,28803.00,146,28803.25,28804.00,0.75
2026-06-11 10:22:06,28803.75,28809.50,28803.75,28806.00,75,28805.75,28806.50,0.75
2026-06-11 10:22:07,28805.75,28810.75,28805.75,28810.50,62,28818.75,28819.50,0.75
2026-06-11 10:22:08,28810.00,28819.75,28809.00,28819.25,133,28828.25,28829.00,0.75
2026-06-11 10:22:09,28819.50,28830.00,28818.25,28828.75,504,28822.25,28823.25,1.00
2026-06-11 10:22:10,28828.00,28829.25,28823.00,28823.75,205,28822.25,28823.25,1.00
2026-06-11 10:22:11,28823.00,28831.25,28820.75,28829.75,212,28830.00,28830.75,0.75
2026-06-11 10:22:12,28830.25,28832.25,28828.50,28832.25,257,28834.50,28835.25,0.75
2026-06-11 10:22:13,28831.25,28840.25,28829.25,28834.75,658,28826.75,28827.75,1.00
2026-06-11 10:22:14,28835.00,28835.00,28826.75,28828.00,293,28826.75,28827.75,1.00
2026-06-11 10:22:15,28827.75,28831.00,28823.25,28827.50,196,28827.00,28827.75,0.75
2026-06-11 10:22:16,28826.75,28830.00,28825.25,28827.00,83,28829.75,28830.50,0.75
2026-06-11 10:22:17,28827.75,28830.00,28826.00,28829.75,97,28829.75,28830.50,0.75
2026-06-11 10:22:18,28830.25,28832.75,28827.25,28832.50,82,28831.50,28832.00,0.50
2026-06-11 10:22:19,28831.75,28833.75,28828.00,28828.25,154,28827.50,28828.25,0.75
2026-06-11 10:22:20,28827.50,28833.75,28827.25,28832.75,70,28823.00,28823.75,0.75
2026-06-11 10:22:21,28832.50,28833.50,28822.25,28823.50,120,28826.50,28827.25,0.75
2026-06-11 10:22:22,28823.25,28829.00,28823.25,28827.00,117,28826.50,28827.25,0.75
2026-06-11 10:22:23,28827.00,28827.50,28818.50,28821.25,268,28821.75,28822.25,0.50
2026-06-11 10:22:24,28821.25,28822.75,28814.50,28822.75,206,28821.75,28822.25,0.50
2026-06-11 10:22:25,28822.25,28823.50,28807.75,28809.00,242,28821.25,28822.25,1.00
2026-06-11 10:22:26,28810.00,28822.50,28809.50,28822.25,199,28822.00,28822.75,0.75
2026-06-11 10:22:27,28822.50,28823.75,28820.00,28821.50,138,28821.25,28822.00,0.75
2026-06-11 10:22:28,28822.00,28824.75,28820.50,28821.00,48,28825.75,28826.25,0.50
2026-06-11 10:22:29,28821.25,28825.75,28818.00,28824.75,104,28825.25,28825.75,0.50
2026-06-11 10:22:30,28826.25,28829.25,28825.00,28825.50,95,28815.00,28815.75,0.75
2026-06-11 10:22:31,28825.25,28826.25,28814.25,28815.00,161,28818.00,28818.50,0.50
2026-06-11 10:22:32,28815.50,28819.75,28815.00,28818.75,102,28816.00,28816.75,0.75
2026-06-11 10:22:33,28818.75,28820.75,28816.50,28816.50,58,28812.00,28812.75,0.75
2026-06-11 10:22:34,28816.50,28819.25,28812.00,28812.50,121,28814.50,28815.00,0.50
2026-06-11 10:22:35,28812.75,28817.00,28812.25,28814.75,108,28817.75,28818.50,0.75
2026-06-11 10:22:36,28814.50,28818.50,28813.50,28818.50,65,28829.00,28829.50,0.50
2026-06-11 10:22:37,28818.50,28831.50,28818.50,28828.75,194,28827.75,28828.50,0.75
2026-06-11 10:22:38,28829.50,28831.00,28824.25,28828.25,109,28831.25,28832.00,0.75
2026-06-11 10:22:39,28828.00,28832.75,28828.00,28832.75,89,28841.75,28842.50,0.75
2026-06-11 10:22:40,28831.50,28843.25,28831.50,28843.25,356,28835.25,28835.75,0.50
2026-06-11 10:22:41,28841.75,28844.50,28833.00,28836.00,287,28835.25,28835.75,0.50
2026-06-11 10:22:42,28835.75,28836.00,28831.00,28831.75,123,28833.75,28834.50,0.75
2026-06-11 10:22:43,28831.75,28836.25,28828.50,28834.00,140,28837.00,28837.75,0.75
2026-06-11 10:22:44,28833.75,28837.75,28833.25,28837.50,73,28839.75,28840.50,0.75
2026-06-11 10:22:45,28837.00,28842.50,28836.25,28839.75,102,28839.75,28840.50,0.75
2026-06-11 10:22:46,28840.25,28842.25,28837.75,28838.00,116,28838.25,28839.00,0.75
2026-06-11 10:22:47,28837.25,28840.00,28836.25,28839.75,119,28839.00,28839.75,0.75
2026-06-11 10:22:48,28839.00,28839.75,28836.75,28838.75,98,28839.00,28839.75,0.75
2026-06-11 10:22:49,28838.75,28841.50,28838.25,28839.75,51,28840.25,28841.00,0.75
2026-06-11 10:22:50,28840.75,28842.75,28839.00,28839.00,105,28841.25,28841.75,0.50
2026-06-11 10:22:51,28841.00,28843.50,28840.00,28841.50,122,28845.75,28846.25,0.50
2026-06-11 10:22:52,28841.25,28847.25,28841.25,28846.25,167,28852.00,28852.75,0.75
2026-06-11 10:22:53,28845.75,28852.75,28845.50,28852.25,529,28852.00,28852.75,0.75
2026-06-11 10:22:54,28852.50,28858.00,28851.75,28854.00,392,28853.00,28853.50,0.50
2026-06-11 10:22:55,28853.75,28865.75,28853.25,28865.25,408,28873.50,28874.50,1.00
2026-06-11 10:22:56,28865.75,28875.50,28865.25,28874.25,694,28873.50,28874.50,1.00
2026-06-11 10:22:57,28873.50,28875.00,28868.75,28873.50,471,28871.50,28872.50,1.00
2026-06-11 10:22:58,28872.00,28874.00,28866.50,28869.50,226,28870.00,28870.50,0.50
2026-06-11 10:22:59,28870.25,28871.75,28868.00,28869.00,178,28866.00,28866.75,0.75
2026-06-11 10:23:00,28868.50,28870.75,28864.00,28867.00,209,28866.00,28866.75,0.75
2026-06-11 10:23:01,28867.00,28870.00,28864.00,28865.75,192,28863.75,28864.25,0.50
2026-06-11 10:23:02,28866.25,28869.75,28861.75,28864.25,173,28862.50,28863.25,0.75
2026-06-11 10:23:03,28864.50,28865.25,28856.50,28863.50,324,28862.50,28863.25,0.75
2026-06-11 10:23:04,28864.50,28870.25,28861.75,28869.00,174,28866.75,28867.50,0.75
2026-06-11 10:23:05,28868.75,28869.75,28865.50,28867.00,147,28866.25,28866.75,0.50
2026-06-11 10:23:06,28867.00,28870.25,28863.25,28866.50,266,28863.75,28864.25,0.50
2026-06-11 10:23:07,28866.75,28868.50,28863.75,28864.00,113,28864.75,28865.50,0.75
2026-06-11 10:23:08,28864.00,28867.00,28860.25,28864.25,203,28867.75,28868.50,0.75
2026-06-11 10:23:09,28864.50,28870.00,28864.50,28867.75,115,28876.00,28876.50,0.50
2026-06-11 10:23:10,28868.75,28877.00,28868.75,28876.50,214,28878.25,28879.25,1.00
2026-06-11 10:23:11,28876.50,28881.25,28873.50,28878.75,387,28879.75,28880.50,0.75
2026-06-11 10:23:12,28879.25,28885.50,28878.00,28880.50,604,28879.75,28880.50,0.75
2026-06-11 10:23:13,28879.75,28891.00,28878.00,28891.00,440,28895.50,28896.25,0.75
2026-06-11 10:23:14,28891.00,28898.50,28889.50,28896.50,438,28898.75,28899.50,0.75
2026-06-11 10:23:15,28896.25,28900.00,28896.25,28899.00,381,28898.00,28899.00,1.00
2026-06-11 10:23:16,28900.00,28905.00,28892.75,28898.75,467,28904.00,28904.50,0.50
2026-06-11 10:23:17,28898.00,28907.25,28898.00,28904.00,302,28907.00,28907.75,0.75
2026-06-11 10:23:18,28904.00,28911.25,28903.00,28907.75,308,28918.75,28919.75,1.00
2026-06-11 10:23:19,28908.00,28920.25,28908.00,28919.50,452,28918.75,28919.75,1.00
2026-06-11 10:23:20,28919.50,28921.00,28913.50,28919.00,469,28912.75,28913.75,1.00
2026-06-11 10:23:21,28918.50,28920.75,28913.25,28913.25,264,28907.75,28908.75,1.00
2026-06-11 10:23:22,28913.50,28914.25,28908.00,28908.00,238,28903.00,28904.00,1.00
2026-06-11 10:23:23,28908.25,28908.25,28898.75,28903.75,374,28912.25,28913.00,0.75
2026-06-11 10:23:24,28904.00,28915.75,28903.75,28912.50,273,28910.50,28911.50,1.00
2026-06-11 10:23:25,28913.00,28914.50,28909.25,28911.25,170,28910.50,28911.50,1.00
2026-06-11 10:23:26,28911.00,28911.25,28906.75,28906.75,152,28899.00,28899.75,0.75
2026-06-11 10:23:27,28907.25,28907.25,28898.25,28899.75,172,28898.50,28899.25,0.75
2026-06-11 10:23:28,28899.00,28901.00,28897.00,28898.25,186,28907.25,28908.25,1.00
2026-06-11 10:23:29,28899.00,28907.25,28898.00,28907.25,167,28907.25,28908.25,1.00
2026-06-11 10:23:30,28908.00,28908.00,28902.75,28903.50,133,28904.00,28904.75,0.75
2026-06-11 10:23:31,28903.75,28905.75,28902.50,28904.50,98,28905.75,28906.50,0.75
2026-06-11 10:23:32,28904.75,28907.25,28903.00,28907.25,78,28904.25,28905.00,0.75
2026-06-11 10:23:33,28906.25,28907.75,28903.50,28904.75,81,28903.00,28903.75,0.75
2026-06-11 10:23:34,28904.50,28906.50,28902.75,28903.75,95,28903.00,28903.75,0.75
2026-06-11 10:23:35,28903.75,28905.75,28899.25,28899.75,112,28899.75,28900.50,0.75
2026-06-11 10:23:36,28899.75,28902.00,28887.25,28892.00,293,28897.00,28897.50,0.50
2026-06-11 10:23:37,28891.75,28899.00,28891.50,28897.00,193,28899.00,28899.75,0.75
2026-06-11 10:23:38,28897.25,28900.50,28895.75,28899.50,138,28903.25,28903.75,0.50
2026-06-11 10:23:39,28900.00,28905.75,28899.00,28904.00,130,28901.75,28902.50,0.75
2026-06-11 10:23:40,28903.75,28907.25,28901.75,28902.00,124,28902.50,28903.00,0.50
2026-06-11 10:23:41,28902.50,28903.00,28899.25,28903.00,132,28910.75,28911.25,0.50
2026-06-11 10:23:42,28903.00,28911.25,28901.75,28911.00,168,28909.25,28909.75,0.50
2026-06-11 10:23:43,28911.25,28913.50,28908.00,28909.25,167,28914.00,28914.75,0.75
2026-06-11 10:23:44,28909.75,28914.50,28907.50,28914.50,89,28914.00,28914.75,0.75
2026-06-11 10:23:45,28914.00,28915.00,28906.50,28909.00,156,28908.00,28908.50,0.50
2026-06-11 10:23:46,28909.50,28910.00,28907.50,28908.75,109,28911.25,28912.00,0.75
2026-06-11 10:23:47,28908.50,28913.50,28907.00,28912.00,101,28907.50,28908.50,1.00
2026-06-11 10:23:48,28912.00,28912.00,28903.00,28908.00,176,28907.50,28908.50,1.00
2026-06-11 10:23:49,28907.75,28913.50,28904.00,28913.50,328,28911.00,28911.50,0.50
2026-06-11 10:23:50,28913.00,28914.25,28910.75,28911.00,108,28907.50,28908.25,0.75
2026-06-11 10:23:51,28911.50,28913.75,28907.50,28907.50,87,28908.75,28909.50,0.75
2026-06-11 10:23:52,28908.25,28910.00,28906.25,28908.75,93,28913.00,28913.75,0.75
2026-06-11 10:23:53,28909.50,28915.00,28909.00,28913.00,98,28912.00,28912.50,0.50
2026-06-11 10:23:54,28913.50,28914.75,28912.25,28913.00,47,28907.25,28908.00,0.75
2026-06-11 10:23:55,28911.25,28912.00,28907.25,28908.00,112,28907.25,28908.00,0.75
2026-06-11 10:23:56,28907.50,28910.50,28905.25,28909.50,87,28908.50,28909.25,0.75
2026-06-11 10:23:57,28909.00,28910.50,28908.25,28908.50,53,28908.50,28909.25,0.75
2026-06-11 10:23:58,28908.50,28908.75,28906.75,28907.75,49,28908.75,28909.25,0.50
2026-06-11 10:23:59,28908.75,28909.50,28905.50,28909.50,74,28908.50,28909.25,0.75
2026-06-11 10:24:00,28908.75,28911.50,28907.75,28909.25,74,28900.50,28901.25,0.75
2026-06-11 10:24:01,28908.25,28908.25,28901.00,28901.25,189,28906.75,28907.50,0.75
2026-06-11 10:24:02,28901.50,28906.75,28900.00,28906.75,202,28906.75,28907.50,0.75
2026-06-11 10:24:03,28907.00,28907.00,28900.00,28900.75,108,28891.00,28891.50,0.50
2026-06-11 10:24:04,28900.75,28901.75,28890.25,28890.25,514,28891.00,28891.50,0.50
2026-06-11 10:24:05,28891.25,28893.50,28888.50,28889.25,249,28889.75,28890.50,0.75
2026-06-11 10:24:06,28890.00,28898.25,28888.50,28896.25,211,28895.25,28896.00,0.75
2026-06-11 10:24:07,28895.75,28901.25,28895.00,28898.75,198,28901.25,28902.00,0.75
2026-06-11 10:24:08,28900.00,28902.50,28897.50,28901.25,68,28904.50,28905.00,0.50
2026-06-11 10:24:09,28901.50,28905.50,28901.50,28904.50,98,28901.50,28902.25,0.75
2026-06-11 10:24:10,28905.25,28907.25,28900.25,28901.50,225,28907.75,28908.50,0.75
2026-06-11 10:24:11,28902.25,28909.00,28902.25,28908.00,151,28906.25,28907.00,0.75
2026-06-11 10:24:12,28908.50,28908.75,28905.50,28906.25,103,28905.75,28906.25,0.50
2026-06-11 10:24:13,28907.25,28910.00,28905.50,28906.25,83,28901.75,28902.50,0.75
2026-06-11 10:24:14,28905.50,28906.75,28901.25,28901.75,163,28908.00,28908.50,0.50
2026-06-11 10:24:15,28901.75,28909.25,28901.75,28908.00,109,28906.75,28907.50,0.75
2026-06-11 10:24:16,28908.25,28909.50,28903.00,28907.00,91,28907.50,28908.25,0.75
2026-06-11 10:24:17,28906.75,28909.00,28906.75,28908.50,71,28907.50,28908.25,0.75
2026-06-11 10:24:18,28908.25,28908.50,28900.25,28901.50,103,28889.00,28889.50,0.50
2026-06-11 10:24:19,28901.00,28901.00,28889.00,28889.25,246,28888.75,28889.25,0.50
2026-06-11 10:24:20,28889.00,28889.00,28883.25,28889.00,347,28888.75,28889.50,0.75
2026-06-11 10:24:21,28888.25,28891.75,28888.00,28889.00,133,28892.75,28893.25,0.50
2026-06-11 10:24:22,28889.50,28893.50,28889.00,28892.25,87,28895.25,28895.75,0.50
2026-06-11 10:24:23,28892.25,28899.00,28892.25,28895.75,168,28894.25,28894.75,0.50
2026-06-11 10:24:24,28895.75,28896.00,28892.75,28895.00,128,28886.50,28887.00,0.50
2026-06-11 10:24:25,28894.00,28894.00,28884.25,28886.00,195,28889.00,28889.75,0.75
2026-06-11 10:24:26,28887.00,28890.75,28881.25,28889.25,229,28889.75,28890.50,0.75
2026-06-11 10:24:27,28889.50,28891.75,28889.00,28890.50,103,28884.50,28885.25,0.75
2026-06-11 10:24:28,28891.25,28893.25,28884.25,28885.00,113,28878.50,28879.25,0.75
2026-06-11 10:24:29,28884.50,28885.75,28876.75,28879.00,215,28878.50,28879.25,0.75
2026-06-11 10:24:30,28878.75,28885.25,28878.50,28882.25,187,28878.25,28878.75,0.50
2026-06-11 10:24:31,28883.00,28884.50,28877.50,28878.00,164,28877.50,28878.00,0.50
2026-06-11 10:24:32,28878.75,28880.00,28874.50,28877.50,290,28883.75,28884.25,0.50
2026-06-11 10:24:33,28877.50,28886.00,28877.25,28884.50,178,28890.25,28890.75,0.50
2026-06-11 10:24:34,28884.00,28891.50,28884.00,28891.50,145,28890.25,28890.75,0.50
2026-06-11 10:24:35,28891.00,28891.00,28884.50,28886.50,91,28882.25,28883.00,0.75
2026-06-11 10:24:36,28887.25,28888.25,28880.75,28882.25,129,28901.00,28901.75,0.75
2026-06-11 10:24:37,28883.00,28902.75,28881.50,28901.00,488,28894.25,28895.00,0.75
2026-06-11 10:24:38,28901.75,28902.25,28894.25,28894.75,153,28899.75,28900.25,0.50
2026-06-11 10:24:39,28894.50,28899.75,28893.50,28899.50,173,28899.75,28900.25,0.50
2026-06-11 10:24:40,28899.50,28900.75,28891.00,28894.50,119,28897.25,28898.00,0.75
2026-06-11 10:24:41,28896.00,28898.25,28893.25,28898.00,123,28895.25,28896.00,0.75
2026-06-11 10:24:42,28897.25,28897.50,28894.00,28895.75,76,28895.75,28896.25,0.50
2026-06-11 10:24:43,28896.25,28897.75,28894.75,28896.25,61,28895.75,28896.25,0.50
2026-06-11 10:24:44,28896.25,28900.25,28894.00,28894.00,90,28892.25,28892.75,0.50
2026-06-11 10:24:45,28893.75,28894.25,28892.25,28892.25,46,28897.25,28898.00,0.75
2026-06-11 10:24:46,28891.75,28897.25,28891.00,28897.25,90,28896.25,28897.00,0.75
2026-06-11 10:24:47,28897.25,28898.50,28893.25,28897.00,61,28896.25,28897.00,0.75
2026-06-11 10:24:48,28896.50,28901.00,28896.25,28898.75,94,28898.00,28898.75,0.75
2026-06-11 10:24:49,28899.00,28901.25,28898.25,28898.25,51,28895.25,28896.00,0.75
2026-06-11 10:24:50,28898.75,28903.50,28894.25,28895.50,206,28899.50,28900.00,0.50
2026-06-11 10:24:51,28895.75,28899.50,28892.00,28899.00,94,28899.00,28899.75,0.75
2026-06-11 10:24:52,28900.25,28901.50,28896.75,28899.25,58,28899.00,28899.75,0.75
2026-06-11 10:24:53,28899.25,28900.00,28897.00,28898.00,45,28896.75,28897.50,0.75
2026-06-11 10:24:54,28898.75,28899.75,28894.75,28896.75,79,28896.50,28897.00,0.50
2026-06-11 10:24:55,28897.50,28899.00,28894.75,28895.50,60,28895.00,28895.75,0.75
2026-06-11 10:24:56,28896.25,28896.25,28894.50,28895.75,26,28896.25,28896.75,0.50
2026-06-11 10:24:57,28895.75,28897.25,28893.50,28897.00,46,28896.25,28896.75,0.50
2026-06-11 10:24:58,28895.75,28897.25,28894.00,28896.50,38,28891.75,28892.25,0.50
2026-06-11 10:24:59,28896.25,28897.00,28891.00,28892.25,180,28885.00,28885.50,0.50
2026-06-11 10:25:00,28891.75,28893.50,28885.00,28885.25,172,28886.25,28887.25,1.00
2026-06-11 10:25:01,28885.00,28887.25,28879.75,28887.25,166,28888.00,28888.75,0.75
2026-06-11 10:25:02,28887.00,28889.25,28882.00,28888.00,217,28888.00,28888.75,0.75
2026-06-11 10:25:03,28888.75,28890.75,28885.25,28886.75,87,28885.75,28886.50,0.75
2026-06-11 10:25:04,28886.00,28886.75,28882.50,28886.75,120,28885.75,28886.50,0.75
2026-06-11 10:25:05,28886.75,28892.50,28886.75,28888.75,79,28891.75,28892.50,0.75
2026-06-11 10:25:06,28888.25,28897.50,28888.25,28892.00,256,28895.25,28896.25,1.00
2026-06-11 10:25:07,28892.50,28897.50,28890.00,28895.00,182,28902.75,28903.50,0.75
2026-06-11 10:25:08,28896.00,28905.25,28896.00,28903.50,217,28898.75,28899.25,0.50
2026-06-11 10:25:09,28902.75,28903.25,28897.25,28898.75,169,28900.75,28901.25,0.50
2026-06-11 10:25:10,28900.25,28904.50,28900.25,28903.00,101,28900.75,28901.25,0.50
2026-06-11 10:25:11,28901.00,28904.25,28900.50,28902.25,138,28897.25,28898.00,0.75
2026-06-11 10:25:12,28901.75,28902.25,28894.00,28897.50,142,28897.25,28898.00,0.75
2026-06-11 10:25:13,28897.50,28899.75,28894.00,28895.25,72,28902.00,28902.75,0.75
2026-06-11 10:25:14,28894.75,28902.75,28894.75,28902.25,105,28903.75,28904.50,0.75
2026-06-11 10:25:15,28901.25,28905.00,28901.00,28904.25,161,28909.00,28910.00,1.00
2026-06-11 10:25:16,28903.00,28911.50,28903.00,28908.75,236,28909.00,28910.00,1.00
2026-06-11 10:25:17,28909.75,28910.50,28905.75,28908.25,177,28907.50,28908.25,0.75
2026-06-11 10:25:18,28907.75,28910.25,28904.00,28905.50,113,28906.50,28907.25,0.75
2026-06-11 10:25:19,28905.25,28906.75,28903.75,28906.00,109,28901.75,28902.50,0.75
2026-06-11 10:25:20,28907.25,28907.25,28899.75,28900.25,178,28901.75,28902.50,0.75
2026-06-11 10:25:21,28901.25,28906.75,28899.25,28906.50,77,28906.75,28907.50,0.75
2026-06-11 10:25:22,28907.50,28908.75,28904.50,28907.00,76,28914.00,28914.50,0.50
2026-06-11 10:25:23,28906.50,28914.25,28906.50,28914.25,172,28913.75,28914.50,0.75
2026-06-11 10:25:24,28914.25,28915.75,28911.00,28914.00,178,28911.25,28912.00,0.75
2026-06-11 10:25:25,28914.25,28916.00,28910.75,28911.75,158,28914.75,28915.50,0.75
2026-06-11 10:25:26,28910.75,28916.75,28910.00,28915.25,139,28916.25,28917.00,0.75
2026-06-11 10:25:27,28914.75,28919.50,28913.50,28917.00,154,28915.50,28916.00,0.50
2026-06-11 10:25:28,28916.75,28917.50,28911.75,28916.00,183,28908.75,28909.50,0.75
2026-06-11 10:25:29,28915.75,28916.25,28907.25,28909.25,142,28908.75,28909.50,0.75
2026-06-11 10:25:30,28909.00,28914.25,28906.50,28914.25,175,28904.25,28905.00,0.75
2026-06-11 10:25:31,28912.00,28913.25,28903.50,28904.25,144,28904.25,28905.00,0.75
2026-06-11 10:25:32,28904.25,28909.25,28902.25,28909.25,190,28909.50,28910.00,0.50
2026-06-11 10:25:33,28909.75,28911.75,28907.50,28907.75,152,28909.50,28910.25,0.75
2026-06-11 10:25:34,28907.25,28910.25,28906.25,28910.25,72,28913.50,28914.50,1.00
2026-06-11 10:25:35,28910.25,28915.00,28910.25,28914.25,76,28913.50,28914.25,0.75
2026-06-11 10:25:36,28914.00,28916.00,28913.00,28913.25,75,28913.50,28914.25,0.75
2026-06-11 10:25:37,28914.00,28916.25,28911.00,28912.75,121,28915.00,28915.75,0.75
2026-06-11 10:25:38,28912.75,28916.75,28912.50,28916.00,46,28918.25,28919.25,1.00
2026-06-11 10:25:39,28914.25,28919.50,28913.75,28918.50,90,28918.25,28919.25,1.00
2026-06-11 10:25:40,28918.75,28929.25,28917.75,28919.00,612,28918.50,28919.25,0.75
2026-06-11 10:25:41,28919.25,28926.00,28917.75,28925.00,308,28922.25,28922.75,0.50
2026-06-11 10:25:42,28925.50,28925.50,28918.25,28922.50,164,28925.00,28925.75,0.75
2026-06-11 10:25:43,28923.00,28931.50,28922.00,28925.75,240,28925.00,28925.75,0.75
2026-06-11 10:25:44,28926.00,28928.00,28922.00,28925.00,278,28925.25,28926.00,0.75
2026-06-11 10:25:45,28925.50,28928.00,28923.00,28926.25,161,28925.00,28925.75,0.75
2026-06-11 10:25:46,28926.50,28927.75,28924.75,28926.00,83,28922.75,28923.25,0.50
2026-06-11 10:25:47,28924.75,28929.75,28924.00,28924.00,96,28922.75,28923.25,0.50
2026-06-11 10:25:48,28923.25,28925.00,28919.00,28921.50,170,28921.50,28922.25,0.75
2026-06-11 10:25:49,28922.00,28922.00,28915.50,28916.50,150,28916.50,28917.00,0.50
2026-06-11 10:25:50,28916.50,28917.25,28907.00,28908.25,282,28901.75,28902.50,0.75
2026-06-11 10:25:51,28907.00,28908.25,28899.00,28902.00,289,28903.00,28903.75,0.75
2026-06-11 10:25:52,28902.00,28904.50,28899.50,28903.75,200,28903.75,28904.50,0.75
2026-06-11 10:25:53,28904.00,28906.00,28903.50,28904.50,79,28906.50,28907.00,0.50
2026-06-11 10:25:54,28904.50,28907.75,28903.00,28906.50,82,28908.25,28909.00,0.75
2026-06-11 10:25:55,28907.25,28909.00,28906.25,28908.75,64,28909.50,28910.00,0.50
2026-06-11 10:25:56,28908.25,28910.50,28907.00,28909.75,66,28912.75,28913.50,0.75
2026-06-11 10:25:57,28910.00,28915.25,28909.25,28913.50,76,28912.75,28913.50,0.75
2026-06-11 10:25:58,28914.00,28914.00,28911.00,28913.00,54,28915.50,28916.50,1.00
2026-06-11 10:25:59,28914.25,28917.00,28914.00,28915.00,66,28914.00,28914.75,0.75
2026-06-11 10:26:00,28914.75,28916.00,28913.00,28914.75,62,28905.75,28906.25,0.50
2026-06-11 10:26:01,28915.75,28916.25,28905.00,28905.75,182,28902.00,28902.50,0.50
2026-06-11 10:26:02,28905.75,28906.50,28901.50,28902.50,126,28902.75,28903.50,0.75
2026-06-11 10:26:03,28902.25,28904.25,28895.50,28902.50,352,28910.75,28911.50,0.75
2026-06-11 10:26:04,28902.75,28910.25,28900.75,28910.25,247,28907.50,28908.25,0.75
2026-06-11 10:26:05,28911.50,28913.25,28907.25,28907.25,93,28910.00,28910.50,0.50
2026-06-11 10:26:06,28906.75,28911.00,28906.00,28909.75,113,28903.00,28903.75,0.75
2026-06-11 10:26:07,28910.00,28910.50,28901.75,28903.50,124,28903.00,28903.75,0.75
2026-06-11 10:26:08,28903.00,28905.75,28902.00,28903.25,60,28897.25,28897.75,0.50
2026-06-11 10:26:09,28903.50,28903.50,28897.75,28897.75,84,28900.75,28901.25,0.50
2026-06-11 10:26:10,28897.75,28900.75,28897.75,28900.75,68,28896.25,28897.00,0.75
2026-06-11 10:26:11,28899.75,28900.00,28894.00,28896.50,125,28884.75,28885.25,0.50
2026-06-11 10:26:12,28896.50,28897.00,28882.25,28885.00,402,28878.25,28879.00,0.75
2026-06-11 10:26:13,28885.25,28885.75,28874.25,28878.00,658,28878.25,28879.00,0.75
2026-06-11 10:26:14,28878.25,28883.75,28878.25,28882.00,225,28884.25,28885.00,0.75
2026-06-11 10:26:15,28881.75,28885.50,28879.25,28884.00,166,28887.25,28887.75,0.50
2026-06-11 10:26:16,28883.75,28888.75,28883.25,28888.25,147,28885.50,28886.25,0.75
2026-06-11 10:26:17,28887.25,28889.50,28882.50,28886.50,133,28887.75,28888.50,0.75
2026-06-11 10:26:18,28885.25,28888.50,28883.75,28888.00,46,28892.00,28892.75,0.75
2026-06-11 10:26:19,28888.00,28894.75,28888.00,28892.50,77,28892.75,28893.00,0.25
2026-06-11 10:26:20,28892.50,28897.25,28891.50,28892.25,82,28892.25,28893.00,0.75
2026-06-11 10:26:21,28893.00,28899.50,28891.00,28892.25,136,28892.25,28893.00,0.75
2026-06-11 10:26:22,28892.75,28898.75,28892.75,28896.00,67,28894.00,28894.75,0.75
2026-06-11 10:26:23,28897.25,28899.00,28893.75,28894.75,97,28889.75,28890.25,0.50
2026-06-11 10:26:24,28894.25,28894.75,28887.50,28890.25,145,28888.00,28888.75,0.75
2026-06-11 10:26:25,28890.50,28891.00,28887.25,28888.75,88,28890.00,28890.75,0.75
2026-06-11 10:26:26,28888.75,28891.75,28888.75,28891.50,131,28888.00,28889.00,1.00
2026-06-11 10:26:27,28890.00,28894.00,28884.75,28888.50,135,28891.75,28892.75,1.00
2026-06-11 10:26:28,28888.25,28892.75,28887.75,28892.25,53,28888.00,28888.75,0.75
2026-06-11 10:26:29,28891.75,28892.00,28885.00,28888.25,145,28879.75,28880.25,0.50
2026-06-11 10:26:30,28888.00,28888.50,28878.75,28878.75,227,28880.75,28881.50,0.75
2026-06-11 10:26:31,28880.50,28882.50,28870.25,28880.75,327,28879.00,28879.75,0.75
2026-06-11 10:26:32,28881.75,28885.25,28876.50,28879.75,196,28880.50,28881.25,0.75
2026-06-11 10:26:33,28880.00,28882.50,28879.25,28880.75,66,28884.00,28885.00,1.00
2026-06-11 10:26:34,28880.50,28885.00,28880.50,28885.00,71,28884.00,28884.75,0.75
2026-06-11 10:26:35,28884.00,28885.00,28882.00,28883.75,64,28883.25,28884.00,0.75
2026-06-11 10:26:36,28884.00,28886.00,28883.25,28883.25,52,28886.75,28887.50,0.75
2026-06-11 10:26:37,28884.00,28887.75,28883.25,28887.00,63,28886.75,28887.50,0.75
2026-06-11 10:26:38,28886.75,28889.75,28884.00,28889.75,38,28888.75,28889.50,0.75
2026-06-11 10:26:39,28889.00,28889.25,28875.50,28877.75,239,28868.25,28869.00,0.75
2026-06-11 10:26:40,28877.25,28878.00,28866.00,28868.75,305,28868.25,28869.00,0.75
2026-06-11 10:26:41,28868.50,28870.00,28856.50,28858.00,421,28856.50,28857.25,0.75
2026-06-11 10:26:42,28858.25,28860.75,28854.50,28856.25,341,28856.50,28857.25,0.75
2026-06-11 10:26:43,28857.00,28857.00,28843.00,28850.50,580,28850.00,28850.75,0.75
2026-06-11 10:26:44,28849.50,28853.00,28847.25,28850.25,262,28853.50,28854.25,0.75
2026-06-11 10:26:45,28850.75,28855.00,28850.25,28853.75,204,28850.75,28851.50,0.75
2026-06-11 10:26:46,28854.25,28856.00,28847.50,28850.50,213,28851.00,28852.00,1.00
2026-06-11 10:26:47,28852.00,28853.50,28848.25,28850.75,124,28848.25,28849.25,1.00
2026-06-11 10:26:48,28851.00,28852.50,28847.50,28848.50,111,28848.25,28849.25,1.00
2026-06-11 10:26:49,28848.25,28856.25,28846.00,28852.00,152,28851.75,28852.75,1.00
2026-06-11 10:26:50,28852.00,28858.50,28852.00,28855.50,109,28854.75,28855.75,1.00
2026-06-11 10:26:51,28855.50,28856.00,28852.00,28853.25,81,28849.00,28849.75,0.75
2026-06-11 10:26:52,28853.00,28853.25,28848.75,28848.75,110,28849.00,28849.75,0.75
2026-06-11 10:26:53,28849.50,28851.50,28838.00,28839.75,278,28839.50,28840.25,0.75
2026-06-11 10:26:54,28839.50,28847.25,28839.50,28845.50,277,28855.50,28856.50,1.00
2026-06-11 10:26:55,28845.00,28858.75,28844.75,28856.25,210,28856.75,28857.75,1.00
2026-06-11 10:26:56,28855.50,28857.50,28853.25,28857.00,104,28856.00,28856.75,0.75
2026-06-11 10:26:57,28857.00,28859.00,28855.75,28856.75,73,28852.50,28853.25,0.75
2026-06-11 10:26:58,28856.25,28856.50,28852.00,28853.25,89,28848.00,28848.75,0.75
2026-06-11 10:26:59,28853.75,28854.50,28846.25,28848.25,121,28851.25,28852.00,0.75
2026-06-11 10:27:00,28848.50,28851.75,28848.00,28851.00,67,28851.25,28852.00,0.75
2026-06-11 10:27:01,28851.75,28860.25,28851.25,28859.75,223,28860.75,28861.50,0.75
2026-06-11 10:27:02,28859.75,28863.50,28856.00,28861.25,193,28863.50,28864.00,0.50
2026-06-11 10:27:03,28861.00,28868.00,28860.25,28863.50,242,28862.75,28863.50,0.75
2026-06-11 10:27:04,28863.50,28864.00,28861.00,28863.75,113,28863.50,28864.25,0.75
2026-06-11 10:27:05,28862.25,28865.75,28859.75,28863.25,118,28863.75,28864.50,0.75
2026-06-11 10:27:06,28864.25,28864.50,28859.75,28864.50,114,28861.00,28861.75,0.75
2026-06-11 10:27:07,28864.75,28865.00,28860.50,28862.25,106,28862.00,28862.50,0.50
2026-06-11 10:27:08,28861.75,28863.25,28860.00,28863.00,53,28854.00,28854.75,0.75
2026-06-11 10:27:09,28862.00,28862.25,28851.75,28853.75,152,28854.00,28854.75,0.75
2026-06-11 10:27:10,28854.50,28860.50,28853.50,28854.00,108,28854.75,28855.50,0.75
2026-06-11 10:27:11,28855.25,28856.00,28850.00,28854.25,163,28854.00,28854.75,0.75
2026-06-11 10:27:12,28854.00,28854.75,28850.50,28851.00,124,28855.75,28856.50,0.75
2026-06-11 10:27:13,28850.75,28857.00,28846.25,28856.00,197,28854.75,28855.50,0.75
2026-06-11 10:27:14,28855.75,28858.25,28851.75,28855.00,282,28854.75,28855.50,0.75
2026-06-11 10:27:15,28855.50,28860.00,28855.00,28859.00,48,28855.25,28855.75,0.50
2026-06-11 10:27:16,28859.50,28859.50,28855.25,28855.50,66,28855.50,28856.25,0.75
2026-06-11 10:27:17,28855.25,28855.75,28851.50,28855.00,62,28853.75,28854.50,0.75
2026-06-11 10:27:18,28856.00,28856.00,28848.75,28853.75,95,28860.75,28861.50,0.75
2026-06-11 10:27:19,28854.50,28863.00,28854.00,28862.50,86,28863.00,28863.50,0.50
2026-06-11 10:27:20,28860.75,28863.75,28860.50,28861.75,77,28858.25,28859.00,0.75
2026-06-11 10:27:21,28863.50,28864.00,28858.50,28858.50,83,28859.25,28859.75,0.50
2026-06-11 10:27:22,28857.50,28860.50,28856.00,28858.25,83,28848.75,28849.50,0.75
2026-06-11 10:27:23,28859.75,28859.75,28848.75,28848.75,103,28848.75,28849.50,0.75
2026-06-11 10:27:24,28849.50,28851.75,28848.00,28850.00,57,28850.75,28851.50,0.75
2026-06-11 10:27:25,28849.00,28852.25,28848.75,28850.25,67,28850.50,28851.00,0.50
2026-06-11 10:27:26,28850.50,28853.50,28850.00,28851.50,75,28858.00,28858.75,0.75
2026-06-11 10:27:27,28850.50,28858.50,28850.50,28858.50,110,28854.50,28855.25,0.75
2026-06-11 10:27:28,28858.00,28859.75,28853.75,28854.00,77,28854.50,28855.25,0.75
2026-06-11 10:27:29,28854.25,28854.75,28848.25,28849.75,91,28853.75,28854.50,0.75
2026-06-11 10:27:30,28850.50,28855.25,28850.25,28854.75,68,28851.75,28852.50,0.75
2026-06-11 10:27:31,28853.50,28854.00,28851.75,28851.75,48,28851.75,28852.25,0.50
2026-06-11 10:27:32,28851.75,28854.25,28851.00,28852.25,32,28846.25,28847.00,0.75
2026-06-11 10:27:33,28851.75,28851.75,28846.25,28847.00,196,28841.75,28842.50,0.75
2026-06-11 10:27:34,28848.50,28850.00,28840.75,28841.75,191,28841.75,28842.50,0.75
2026-06-11 10:27:35,28842.50,28846.00,28841.75,28843.00,168,28831.75,28832.25,0.50
2026-06-11 10:27:36,28843.00,28844.75,28830.50,28831.75,426,28832.75,28833.50,0.75
2026-06-11 10:27:37,28831.75,28833.50,28826.50,28833.50,408,28837.00,28838.00,1.00
2026-06-11 10:27:38,28832.75,28838.25,28830.25,28838.25,290,28834.50,28835.50,1.00
2026-06-11 10:27:39,28838.00,28838.25,28830.25,28834.75,210,28834.50,28835.00,0.50
2026-06-11 10:27:40,28834.00,28837.25,28831.75,28834.75,121,28837.50,28838.25,0.75
2026-06-11 10:27:41,28836.50,28838.25,28833.25,28837.25,66,28840.75,28841.50,0.75
2026-06-11 10:27:42,28838.00,28842.50,28835.25,28840.50,182,28840.75,28841.50,0.75
2026-06-11 10:27:43,28841.50,28850.50,28838.50,28849.25,214,28843.75,28844.50,0.75
2026-06-11 10:27:44,28849.25,28850.50,28843.75,28843.75,143,28847.00,28847.75,0.75
2026-06-11 10:27:45,28844.25,28847.25,28843.50,28847.25,67,28842.50,28843.25,0.75
2026-06-11 10:27:46,28847.25,28847.25,28840.75,28842.25,128,28844.25,28844.75,0.50
2026-06-11 10:27:47,28842.50,28845.50,28842.50,28844.75,49,28843.50,28844.25,0.75
2026-06-11 10:27:48,28844.50,28845.50,28841.00,28843.75,67,28848.25,28849.00,0.75
2026-06-11 10:27:49,28846.50,28848.75,28845.75,28847.00,66,28852.75,28853.50,0.75
2026-06-11 10:27:50,28849.00,28855.00,28849.00,28854.00,230,28851.00,28851.75,0.75
2026-06-11 10:27:51,28853.50,28854.50,28850.50,28852.25,147,28848.00,28848.75,0.75
2026-06-11 10:27:52,28851.75,28852.00,28848.00,28848.00,64,28842.25,28843.00,0.75
2026-06-11 10:27:53,28848.75,28848.75,28841.00,28842.50,73,28842.75,28843.25,0.50
2026-06-11 10:27:54,28842.25,28844.75,28842.25,28843.00,67,28840.50,28841.25,0.75
2026-06-11 10:27:55,28842.75,28843.25,28840.25,28841.75,85,28841.25,28842.00,0.75
2026-06-11 10:27:56,28840.50,28841.75,28838.75,28841.25,80,28840.75,28841.50,0.75
2026-06-11 10:27:57,28841.25,28843.00,28840.00,28841.75,62,28842.00,28842.50,0.50
2026-06-11 10:27:58,28840.75,28843.00,28840.00,28842.50,49,28841.00,28841.75,0.75
2026-06-11 10:27:59,28842.50,28843.00,28839.75,28841.25,52,28837.00,28837.50,0.50
2026-06-11 10:28:00,28840.75,28842.25,28836.25,28837.75,86,28836.00,28836.75,0.75
2026-06-11 10:28:01,28837.00,28840.00,28834.00,28837.25,141,28838.00,28838.75,0.75
2026-06-11 10:28:02,28837.25,28840.00,28836.25,28837.75,163,28837.25,28838.00,0.75
2026-06-11 10:28:03,28839.50,28842.00,28835.25,28835.50,80,28832.50,28833.25,0.75
2026-06-11 10:28:04,28837.00,28838.50,28830.50,28832.75,149,28832.50,28833.25,0.75
2026-06-11 10:28:05,28833.00,28835.00,28830.00,28830.50,119,28825.50,28826.00,0.50
2026-06-11 10:28:06,28830.00,28831.75,28823.50,28826.00,332,28824.00,28824.50,0.50
2026-06-11 10:28:07,28825.50,28829.00,28823.00,28824.25,253,28819.25,28819.75,0.50
2026-06-11 10:28:08,28824.00,28824.75,28817.50,28820.00,338,28811.50,28812.25,0.75
2026-06-11 10:28:09,28819.50,28819.75,28809.00,28812.25,462,28811.75,28812.25,0.50
2026-06-11 10:28:10,28811.50,28812.25,28807.00,28812.25,326,28816.00,28817.00,1.00
2026-06-11 10:28:11,28811.75,28818.75,28808.50,28817.00,358,28816.00,28817.00,1.00
2026-06-11 10:28:12,28817.00,28817.00,28806.25,28808.75,204,28808.75,28809.50,0.75
2026-06-11 10:28:13,28808.75,28810.00,28801.00,28802.00,293,28801.75,28802.50,0.75
2026-06-11 10:28:14,28801.25,28804.00,28796.00,28801.00,345,28795.75,28796.75,1.00
2026-06-11 10:28:15,28801.75,28803.25,28791.25,28793.75,382,28795.75,28796.75,1.00
2026-06-11 10:28:16,28796.00,28804.75,28795.25,28801.50,267,28804.25,28804.75,0.50
2026-06-11 10:28:17,28800.75,28805.00,28798.00,28804.75,186,28799.75,28800.50,0.75
2026-06-11 10:28:18,28805.00,28806.00,28798.50,28800.50,147,28806.00,28806.75,0.75
2026-06-11 10:28:19,28799.75,28806.75,28798.00,28806.00,122,28807.50,28808.50,1.00
2026-06-11 10:28:20,28806.75,28810.25,28804.75,28808.25,157,28810.50,28811.25,0.75
2026-06-11 10:28:21,28808.50,28815.25,28808.00,28810.75,179,28810.50,28811.25,0.75
2026-06-11 10:28:22,28811.25,28813.50,28802.00,28802.25,126,28811.50,28812.25,0.75
2026-06-11 10:28:23,28802.25,28811.75,28801.50,28811.75,119,28809.00,28809.75,0.75
2026-06-11 10:28:24,28811.50,28812.75,28809.50,28809.50,75,28808.25,28809.25,1.00
2026-06-11 10:28:25,28810.25,28810.25,28807.00,28809.00,53,28805.50,28806.25,0.75
2026-06-11 10:28:26,28809.25,28810.25,28806.25,28806.75,46,28805.50,28806.25,0.75
2026-06-11 10:28:27,28806.25,28807.50,28804.75,28806.50,47,28807.25,28808.00,0.75
2026-06-11 10:28:28,28806.25,28810.00,28806.25,28808.25,44,28807.50,28808.25,0.75
2026-06-11 10:28:29,28808.50,28810.25,28806.75,28808.00,65,28809.50,28810.25,0.75
2026-06-11 10:28:30,28808.50,28810.75,28807.50,28809.75,58,28814.25,28815.25,1.00
2026-06-11 10:28:31,28808.75,28815.25,28808.50,28814.50,197,28813.25,28814.00,0.75
2026-06-11 10:28:32,28814.75,28815.00,28812.75,28814.75,51,28820.00,28820.75,0.75
2026-06-11 10:28:33,28813.25,28825.50,28812.75,28821.25,326,28821.00,28821.50,0.50
2026-06-11 10:28:34,28821.50,28824.25,28819.75,28821.00,166,28821.25,28821.75,0.50
2026-06-11 10:28:35,28821.00,28823.25,28819.75,28822.00,97,28817.00,28817.50,0.50
2026-06-11 10:28:36,28822.00,28822.00,28815.50,28817.75,147,28819.75,28820.25,0.50
2026-06-11 10:28:37,28817.50,28821.50,28816.75,28820.25,75,28821.50,28822.25,0.75
2026-06-11 10:28:38,28820.75,28823.25,28819.25,28820.25,75,28823.00,28823.75,0.75
2026-06-11 10:28:39,28822.25,28825.50,28822.25,28823.50,59,28823.00,28823.75,0.75
2026-06-11 10:28:40,28823.25,28826.50,28821.75,28825.00,77,28827.00,28827.75,0.75
2026-06-11 10:28:41,28825.25,28829.00,28825.25,28826.50,102,28829.00,28829.50,0.50
2026-06-11 10:28:42,28827.75,28835.00,28826.50,28829.50,239,28824.00,28824.75,0.75
2026-06-11 10:28:43,28829.50,28831.75,28823.75,28823.75,172,28827.25,28828.00,0.75
2026-06-11 10:28:44,28824.50,28829.00,28824.25,28827.25,73,28828.00,28828.75,0.75
2026-06-11 10:28:45,28827.00,28829.75,28827.00,28828.00,70,28827.75,28828.50,0.75
2026-06-11 10:28:46,28828.25,28830.00,28827.25,28828.00,29,28827.75,28828.50,0.75
2026-06-11 10:28:47,28828.00,28831.50,28828.00,28830.25,74,28823.50,28824.25,0.75
2026-06-11 10:28:48,28830.00,28831.25,28823.00,28823.75,66,28817.75,28818.25,0.50
2026-06-11 10:28:49,28824.25,28825.50,28817.50,28817.50,136,28820.00,28820.75,0.75
2026-06-11 10:28:50,28817.50,28824.50,28817.00,28820.50,103,28830.50,28831.25,0.75
2026-06-11 10:28:51,28820.75,28830.75,28820.25,28830.75,83,28830.50,28831.25,0.75
2026-06-11 10:28:52,28831.00,28833.75,28828.75,28829.00,116,28826.25,28827.00,0.75
2026-06-11 10:28:53,28828.50,28828.50,28825.00,28826.75,62,28828.75,28829.50,0.75
2026-06-11 10:28:54,28827.25,28829.50,28825.25,28829.25,65,28831.75,28832.25,0.50
2026-06-11 10:28:55,28830.00,28832.25,28828.75,28831.00,60,28831.50,28832.00,0.50
2026-06-11 10:28:56,28831.50,28832.50,28829.75,28831.50,54,28838.75,28839.75,1.00
2026-06-11 10:28:57,28832.25,28842.50,28832.00,28839.75,183,28844.75,28845.75,1.00
2026-06-11 10:28:58,28839.75,28850.00,28839.25,28845.50,384,28844.75,28845.75,1.00
2026-06-11 10:28:59,28845.00,28847.25,28841.50,28844.50,241,28842.75,28843.50,0.75
2026-06-11 10:29:00,28844.50,28846.25,28842.75,28843.25,113,28842.75,28843.50,0.75
2026-06-11 10:29:01,28843.50,28844.50,28838.75,28843.50,174,28846.00,28847.00,1.00
2026-06-11 10:29:02,28842.75,28847.75,28840.25,28847.50,150,28845.75,28846.75,1.00
2026-06-11 10:29:03,28847.00,28847.00,28840.25,28846.75,101,28846.00,28846.75,0.75
2026-06-11 10:29:04,28845.75,28852.00,28844.50,28846.50,145,28849.00,28850.00,1.00
2026-06-11 10:29:05,28846.75,28849.25,28846.00,28848.75,116,28851.75,28852.50,0.75
2026-06-11 10:29:06,28848.75,28853.50,28848.00,28851.75,168,28851.75,28852.50,0.75
2026-06-11 10:29:07,28851.50,28855.00,28838.75,28840.25,312,28839.00,28840.00,1.00
2026-06-11 10:29:08,28840.00,28842.50,28837.50,28839.50,166,28838.50,28839.25,0.75
2026-06-11 10:29:09,28838.50,28842.75,28837.25,28842.25,153,28833.25,28834.00,0.75
2026-06-11 10:29:10,28840.75,28841.25,28833.50,28834.75,87,28839.25,28840.00,0.75
2026-06-11 10:29:11,28834.50,28841.50,28834.50,28839.75,108,28844.50,28845.25,0.75
2026-06-11 10:29:12,28839.50,28845.50,28838.75,28845.25,81,28848.50,28849.25,0.75
2026-06-11 10:29:13,28846.00,28849.00,28845.00,28849.00,62,28852.75,28853.75,1.00
2026-06-11 10:29:14,28849.75,28854.00,28848.00,28851.75,134,28851.75,28852.50,0.75
2026-06-11 10:29:15,28853.00,28859.00,28850.50,28852.50,279,28859.75,28860.25,0.50
2026-06-11 10:29:16,28852.50,28863.25,28848.50,28863.25,269,28856.75,28857.50,0.75
2026-06-11 10:29:17,28860.25,28862.00,28855.25,28857.00,151,28856.75,28857.50,0.75
2026-06-11 10:29:18,28856.75,28867.75,28856.75,28865.25,230,28873.50,28874.00,0.50
2026-06-11 10:29:19,28865.75,28874.00,28864.00,28874.00,409,28873.25,28874.25,1.00
2026-06-11 10:29:20,28874.00,28876.00,28870.50,28874.00,409,28876.50,28877.25,0.75
2026-06-11 10:29:21,28874.25,28879.50,28872.50,28876.50,347,28878.75,28879.25,0.50
2026-06-11 10:29:22,28876.75,28880.75,28874.50,28878.75,268,28872.50,28873.50,1.00
2026-06-11 10:29:23,28879.50,28882.50,28873.50,28874.75,201,28865.25,28865.75,0.50
2026-06-11 10:29:24,28874.00,28874.50,28865.25,28865.25,215,28870.25,28871.00,0.75
2026-06-11 10:29:25,28866.50,28872.00,28866.00,28871.50,113,28873.00,28873.75,0.75
2026-06-11 10:29:26,28870.75,28873.50,28868.25,28873.50,72,28872.50,28873.25,0.75
2026-06-11 10:29:27,28873.75,28875.00,28869.00,28872.75,89,28870.25,28871.00,0.75
2026-06-11 10:29:28,28872.00,28875.50,28869.75,28871.00,99,28873.00,28873.75,0.75
2026-06-11 10:29:29,28869.75,28873.50,28869.75,28873.25,43,28873.00,28873.75,0.75
2026-06-11 10:29:30,28873.00,28876.50,28872.50,28872.75,68,28871.75,28872.50,0.75
2026-06-11 10:29:31,28872.25,28873.25,28868.50,28871.75,139,28862.75,28863.25,0.50
2026-06-11 10:29:32,28872.50,28872.75,28862.50,28862.75,178,28864.00,28864.75,0.75
2026-06-11 10:29:33,28863.25,28867.25,28860.25,28864.25,116,28867.75,28868.25,0.50
2026-06-11 10:29:34,28863.75,28868.75,28863.75,28868.00,54,28869.75,28870.50,0.75
2026-06-11 10:29:35,28867.50,28871.00,28867.25,28869.50,55,28875.00,28875.75,0.75
2026-06-11 10:29:36,28871.00,28877.25,28871.00,28875.75,133,28876.25,28877.00,0.75
2026-06-11 10:29:37,28876.00,28877.50,28873.50,28876.75,64,28876.25,28877.00,0.75
2026-06-11 10:29:38,28877.50,28877.50,28874.75,28876.50,40,28874.00,28874.75,0.75
2026-06-11 10:29:39,28877.00,28877.00,28874.25,28874.75,36,28876.50,28877.25,0.75
2026-06-11 10:29:40,28874.75,28878.00,28874.25,28877.25,76,28877.00,28877.50,0.50
2026-06-11 10:29:41,28876.50,28880.50,28875.50,28877.25,153,28875.75,28876.50,0.75
2026-06-11 10:29:42,28877.50,28878.25,28875.25,28876.00,52,28881.50,28882.00,0.50
2026-06-11 10:29:43,28876.75,28882.75,28875.50,28881.50,122,28887.00,28887.75,0.75
2026-06-11 10:29:44,28882.00,28889.50,28880.75,28887.75,433,28887.00,28887.75,0.75
2026-06-11 10:29:45,28887.75,28889.00,28884.25,28886.50,119,28886.00,28887.00,1.00
2026-06-11 10:29:46,28886.50,28887.25,28876.75,28877.00,121,28875.50,28876.25,0.75
2026-06-11 10:29:47,28878.25,28878.50,28873.75,28875.50,121,28875.50,28876.25,0.75
2026-06-11 10:29:48,28875.50,28880.25,28875.50,28879.75,60,28881.00,28881.75,0.75
2026-06-11 10:29:49,28880.25,28883.25,28880.25,28881.25,59,28881.00,28881.75,0.75
2026-06-11 10:29:50,28881.50,28883.50,28879.75,28883.00,29,28878.00,28878.75,0.75
2026-06-11 10:29:51,28883.50,28884.25,28877.75,28878.50,73,28875.25,28876.00,0.75
2026-06-11 10:29:52,28877.75,28880.00,28874.75,28875.50,64,28865.50,28866.25,0.75
2026-06-11 10:29:53,28875.75,28876.00,28865.00,28865.50,194,28865.50,28866.25,0.75
2026-06-11 10:29:54,28866.25,28868.50,28863.75,28866.25,87,28865.75,28866.50,0.75
2026-06-11 10:29:55,28866.00,28868.25,28861.50,28864.75,255,28866.50,28867.00,0.50
2026-06-11 10:29:56,28864.00,28867.25,28862.25,28866.25,100,28868.00,28868.50,0.50
2026-06-11 10:29:57,28867.00,28868.25,28866.25,28868.00,38,28868.00,28868.50,0.50
2026-06-11 10:29:58,28868.00,28870.25,28867.50,28868.00,41,28869.75,28870.50,0.75
2026-06-11 10:29:59,28868.50,28872.50,28868.50,28870.00,54,28869.75,28870.50,0.75
2026-06-11 10:30:00,28870.75,28871.50,28867.50,28870.50,63,28873.75,28874.50,0.75
2026-06-11 10:30:01,28870.75,28877.25,28870.75,28874.75,209,28873.75,28874.50,0.75
2026-06-11 10:30:02,28874.00,28876.25,28867.25,28868.00,212,28867.50,28868.25,0.75
2026-06-11 10:30:03,28868.25,28869.50,28865.75,28867.75,132,28868.00,28868.75,0.75
2026-06-11 10:30:04,28868.25,28870.25,28864.75,28868.00,167,28869.25,28870.00,0.75
2026-06-11 10:30:05,28867.75,28870.00,28866.75,28869.00,48,28873.75,28874.25,0.50
2026-06-11 10:30:06,28870.00,28874.00,28868.00,28873.00,65,28879.25,28879.75,0.50
2026-06-11 10:30:07,28874.25,28880.00,28874.25,28880.00,175,28874.25,28875.00,0.75
2026-06-11 10:30:08,28879.75,28880.25,28873.25,28874.75,112,28874.50,28875.25,0.75
2026-06-11 10:30:09,28875.50,28879.00,28874.75,28874.75,77,28881.00,28881.75,0.75
2026-06-11 10:30:10,28875.25,28881.00,28875.25,28881.00,82,28881.00,28881.75,0.75
2026-06-11 10:30:11,28881.25,28885.00,28878.50,28884.00,119,28886.50,28887.25,0.75
2026-06-11 10:30:12,28883.25,28888.00,28883.00,28886.75,171,28887.25,28887.75,0.50
2026-06-11 10:30:13,28887.25,28887.75,28882.75,28887.50,155,28887.75,28888.50,0.75
2026-06-11 10:30:14,28887.75,28889.25,28885.75,28887.75,110,28888.00,28888.50,0.50
2026-06-11 10:30:15,28888.50,28893.00,28887.75,28887.75,242,28888.75,28889.50,0.75
2026-06-11 10:30:16,28888.50,28892.00,28886.00,28889.50,233,28885.50,28886.25,0.75
2026-06-11 10:30:17,28889.50,28891.00,28883.25,28884.50,139,28885.50,28886.25,0.75
2026-06-11 10:30:18,28885.25,28891.00,28885.25,28888.50,92,28890.00,28890.75,0.75
2026-06-11 10:30:19,28888.00,28892.25,28888.00,28891.50,114,28892.25,28893.00,0.75
2026-06-11 10:30:20,28890.75,28893.50,28890.50,28893.50,82,28894.75,28895.50,0.75
2026-06-11 10:30:21,28893.00,28895.25,28892.25,28895.25,110,28896.75,28897.75,1.00
2026-06-11 10:30:22,28895.50,28901.75,28893.50,28896.25,348,28896.75,28897.75,1.00
2026-06-11 10:30:23,28897.25,28897.25,28890.00,28892.50,284,28892.00,28892.50,0.50
2026-06-11 10:30:24,28892.00,28892.50,28888.25,28891.75,205,28891.75,28892.25,0.50
2026-06-11 10:30:25,28892.00,28893.75,28890.00,28892.50,125,28893.00,28893.75,0.75
2026-06-11 10:30:26,28891.50,28895.00,28891.25,28892.25,91,28893.00,28893.75,0.75
2026-06-11 10:30:27,28893.25,28898.75,28887.25,28888.25,305,28871.00,28871.75,0.75
2026-06-11 10:30:28,28887.50,28887.50,28870.50,28871.25,359,28875.50,28876.25,0.75
2026-06-11 10:30:29,28871.25,28875.75,28867.75,28875.75,193,28868.50,28869.25,0.75
2026-06-11 10:30:30,28876.00,28877.00,28869.00,28869.00,110,28875.50,28876.25,0.75
2026-06-11 10:30:31,28869.25,28878.25,28868.75,28875.75,124,28875.75,28877.00,1.25
2026-06-11 10:30:32,28876.75,28878.25,28874.50,28877.25,76,28875.75,28877.00,1.25
2026-06-11 10:30:33,28876.25,28881.25,28876.00,28879.00,58,28887.25,28888.00,0.75
2026-06-11 10:30:34,28878.50,28886.50,28878.50,28885.75,66,28883.25,28883.75,0.50
2026-06-11 10:30:35,28887.75,28888.00,28881.25,28884.25,61,28880.00,28881.00,1.00
2026-06-11 10:30:36,28884.25,28884.25,28880.00,28881.50,69,28877.75,28878.50,0.75
2026-06-11 10:30:37,28881.00,28881.75,28875.25,28877.50,94,28874.25,28875.00,0.75
2026-06-11 10:30:38,28877.75,28877.75,28872.25,28875.00,94,28874.25,28875.00,0.75
2026-06-11 10:30:39,28874.25,28877.00,28872.75,28876.75,86,28881.25,28882.25,1.00
2026-06-11 10:30:40,28877.50,28881.75,28877.50,28881.50,53,28879.00,28879.75,0.75
2026-06-11 10:30:41,28882.25,28882.25,28877.75,28879.00,34,28871.50,28872.25,0.75
2026-06-11 10:30:42,28878.75,28879.25,28869.50,28871.75,85,28869.75,28870.50,0.75
2026-06-11 10:30:43,28872.75,28873.50,28869.75,28869.75,82,28867.00,28868.00,1.00
2026-06-11 10:30:44,28869.75,28870.25,28862.00,28867.75,239,28867.00,28868.00,1.00
2026-06-11 10:30:45,28867.75,28871.25,28861.00,28863.00,159,28866.00,28866.75,0.75
2026-06-11 10:30:46,28863.00,28867.25,28858.00,28866.00,193,28859.50,28860.25,0.75
2026-06-11 10:30:47,28866.75,28867.00,28858.75,28860.00,104,28849.75,28850.75,1.00
2026-06-11 10:30:48,28860.25,28860.75,28848.50,28850.00,308,28849.75,28850.75,1.00
2026-06-11 10:30:49,28849.75,28851.00,28843.50,28846.50,404,28847.00,28848.00,1.00
2026-06-11 10:30:50,28847.25,28851.00,28841.25,28842.25,222,28841.25,28842.00,0.75
2026-06-11 10:30:51,28841.75,28847.75,28839.00,28843.25,262,28841.25,28842.00,0.75
2026-06-11 10:30:52,28842.75,28847.00,28841.50,28841.50,191,28841.25,28842.00,0.75
2026-06-11 10:30:53,28841.75,28844.75,28838.25,28844.50,181,28844.00,28845.00,1.00
2026-06-11 10:30:54,28844.50,28849.25,28844.50,28846.75,126,28845.25,28846.00,0.75
2026-06-11 10:30:55,28845.75,28849.00,28844.50,28845.75,81,28842.50,28843.50,1.00
2026-06-11 10:30:56,28847.25,28847.50,28841.50,28843.50,80,28840.00,28840.75,0.75
2026-06-11 10:30:57,28844.75,28847.25,28841.00,28841.00,102,28828.00,28828.75,0.75
2026-06-11 10:30:58,28840.00,28840.50,28827.00,28828.25,257,28828.00,28828.75,0.75
2026-06-11 10:30:59,28828.25,28831.00,28823.75,28829.00,381,28827.00,28829.00,2.00
2026-06-11 10:31:00,28828.50,28833.50,28825.00,28831.00,276,28834.50,28835.25,0.75
2026-06-11 10:31:01,28832.50,28835.00,28825.50,28835.00,158,28834.50,28835.25,0.75
2026-06-11 10:31:02,28834.50,28841.00,28831.75,28836.25,181,28835.50,28836.50,1.00
2026-06-11 10:31:03,28837.00,28837.00,28826.25,28830.00,160,28832.00,28833.00,1.00
2026-06-11 10:31:04,28829.25,28832.75,28827.00,28832.50,138,28826.75,28827.50,0.75
2026-06-11 10:31:05,28832.00,28832.50,28825.25,28825.25,83,28825.00,28826.00,1.00
2026-06-11 10:31:06,28827.25,28827.75,28822.50,28825.00,148,28828.75,28829.75,1.00
2026-06-11 10:31:07,28824.50,28832.75,28824.50,28828.75,136,28834.00,28835.00,1.00
2026-06-11 10:31:08,28830.25,28836.50,28829.25,28834.00,106,28832.00,28833.00,1.00
2026-06-11 10:31:09,28834.75,28834.75,28831.25,28832.00,57,28831.25,28832.25,1.00
2026-06-11 10:31:10,28832.00,28835.00,28831.00,28831.25,45,28836.50,28837.25,0.75
2026-06-11 10:31:11,28831.25,28836.75,28831.00,28836.75,59,28836.50,28837.25,0.75
2026-06-11 10:31:12,28837.00,28846.75,28836.50,28843.75,213,28846.25,28847.25,1.00
2026-06-11 10:31:13,28845.00,28847.25,28843.25,28847.25,99,28838.50,28839.25,0.75
2026-06-11 10:31:14,28846.50,28847.00,28838.75,28839.00,113,28848.75,28849.50,0.75
2026-06-11 10:31:15,28839.25,28849.25,28838.50,28849.25,127,28848.75,28849.50,0.75
2026-06-11 10:31:16,28849.00,28849.50,28835.25,28835.50,127,28834.25,28835.00,0.75
2026-06-11 10:31:17,28836.00,28837.75,28831.50,28834.75,147,28831.50,28832.50,1.00
2026-06-11 10:31:18,28834.25,28835.75,28830.00,28831.25,84,28832.25,28833.25,1.00
2026-06-11 10:31:19,28831.50,28837.00,28831.25,28833.25,80,28843.25,28844.00,0.75
2026-06-11 10:31:20,28834.25,28843.75,28834.00,28843.00,121,28839.00,28839.75,0.75
2026-06-11 10:31:21,28842.75,28842.75,28839.50,28840.00,40,28840.50,28841.25,0.75
2026-06-11 10:31:22,28840.75,28844.50,28839.00,28840.75,55,28842.25,28843.25,1.00
2026-06-11 10:31:23,28841.25,28842.75,28839.75,28842.50,47,28843.50,28844.25,0.75
2026-06-11 10:31:24,28843.25,28844.75,28841.25,28844.25,32,28842.75,28843.50,0.75
2026-06-11 10:31:25,28844.50,28845.00,28842.50,28843.50,16,28837.00,28837.75,0.75
2026-06-11 10:31:26,28842.25,28843.00,28836.00,28838.50,98,28846.75,28847.50,0.75
2026-06-11 10:31:27,28837.00,28847.25,28836.00,28847.25,116,28846.75,28847.50,0.75
2026-06-11 10:31:28,28847.50,28847.50,28842.50,28842.75,38,28839.50,28840.25,0.75
2026-06-11 10:31:29,28843.00,28845.25,28839.50,28840.50,41,28838.75,28839.50,0.75
2026-06-11 10:31:30,28839.50,28840.25,28835.00,28839.25,70,28837.75,28838.50,0.75
2026-06-11 10:31:31,28838.25,28838.75,28836.50,28838.50,42,28835.00,28835.75,0.75
2026-06-11 10:31:32,28839.25,28840.50,28835.25,28835.25,48,28830.75,28831.50,0.75
2026-06-11 10:31:33,28835.75,28836.00,28830.00,28830.50,144,28831.00,28831.75,0.75
2026-06-11 10:31:34,28831.50,28833.25,28830.00,28831.75,84,28831.00,28831.75,0.75
2026-06-11 10:31:35,28831.50,28835.00,28829.75,28835.00,41,28835.00,28835.75,0.75
2026-06-11 10:31:36,28835.75,28836.25,28833.50,28835.75,34,28837.25,28838.00,0.75
2026-06-11 10:31:37,28836.25,28838.00,28834.25,28837.50,62,28838.00,28838.50,0.50
2026-06-11 10:31:38,28837.00,28842.50,28837.00,28838.25,95,28837.75,28838.50,0.75
2026-06-11 10:31:39,28838.75,28841.75,28837.75,28838.00,43,28834.00,28834.75,0.75
2026-06-11 10:31:40,28839.50,28840.00,28832.00,28834.25,43,28828.25,28829.00,0.75
2026-06-11 10:31:41,28833.75,28835.50,28828.25,28828.75,119,28828.25,28829.00,0.75
2026-06-11 10:31:42,28828.75,28837.00,28827.50,28837.00,75,28836.50,28837.25,0.75
2026-06-11 10:31:43,28837.75,28840.00,28836.00,28836.50,53,28832.50,28833.00,0.50
2026-06-11 10:31:44,28835.75,28836.50,28833.00,28833.00,47,28832.50,28833.00,0.50
2026-06-11 10:31:45,28832.75,28837.25,28832.00,28835.00,37,28833.25,28834.00,0.75
2026-06-11 10:31:46,28835.75,28836.50,28833.75,28833.75,15,28831.00,28831.75,0.75
2026-06-11 10:31:47,28834.25,28834.25,28830.00,28831.75,40,28831.75,28832.50,0.75
2026-06-11 10:31:48,28831.75,28833.75,28830.25,28832.00,34,28833.75,28834.50,0.75
2026-06-11 10:31:49,28831.50,28836.50,28831.50,28834.50,42,28831.50,28832.25,0.75
2026-06-11 10:31:50,28833.50,28833.50,28830.25,28831.25,34,28831.50,28832.25,0.75
2026-06-11 10:31:51,28831.50,28831.50,28826.50,28827.00,52,28827.25,28828.00,0.75
2026-06-11 10:31:52,28827.50,28832.25,28827.50,28829.50,85,28829.50,28830.25,0.75
2026-06-11 10:31:53,28829.50,28830.25,28825.50,28830.25,112,28828.50,28829.25,0.75
2026-06-11 10:31:54,28829.50,28831.00,28827.25,28828.75,48,28828.50,28829.25,0.75
2026-06-11 10:31:55,28828.75,28830.25,28828.25,28830.25,18,28827.00,28827.75,0.75
2026-06-11 10:31:56,28829.75,28830.25,28826.50,28826.75,49,28829.00,28829.75,0.75
2026-06-11 10:31:57,28827.75,28829.75,28825.50,28829.50,54,28833.00,28833.50,0.50
2026-06-11 10:31:58,28829.00,28837.00,28829.00,28833.50,71,28833.00,28833.50,0.50
2026-06-11 10:31:59,28833.25,28835.25,28831.75,28834.25,68,28835.25,28835.75,0.50
2026-06-11 10:32:00,28833.75,28835.75,28833.75,28835.50,23,28834.50,28835.00,0.50
2026-06-11 10:32:01,28834.25,28838.00,28833.00,28836.00,74,28830.50,28831.00,0.50
2026-06-11 10:32:02,28834.75,28835.50,28829.00,28830.75,127,28835.50,28836.25,0.75
2026-06-11 10:32:03,28829.50,28837.00,28828.25,28837.00,87,28838.75,28839.25,0.50
2026-06-11 10:32:04,28837.00,28842.50,28836.25,28839.25,120,28843.50,28844.50,1.00
2026-06-11 10:32:05,28840.25,28848.50,28838.00,28844.50,208,28836.00,28836.75,0.75
2026-06-11 10:32:06,28844.50,28846.25,28834.50,28836.75,136,28837.25,28838.00,0.75
2026-06-11 10:32:07,28836.00,28837.25,28832.25,28837.25,50,28839.75,28840.50,0.75
2026-06-11 10:32:08,28837.25,28844.00,28835.75,28839.00,127,28843.75,28844.75,1.00
2026-06-11 10:32:09,28840.50,28846.50,28840.50,28843.25,80,28846.00,28846.75,0.75
2026-06-11 10:32:10,28845.50,28846.75,28843.50,28845.25,62,28849.75,28850.50,0.75
2026-06-11 10:32:11,28847.00,28853.25,28845.25,28849.50,232,28847.00,28847.75,0.75
2026-06-11 10:32:12,28849.75,28850.75,28847.00,28847.50,109,28843.25,28844.00,0.75
2026-06-11 10:32:13,28846.50,28846.50,28843.00,28843.25,100,28843.00,28843.75,0.75
2026-06-11 10:32:14,28843.25,28843.75,28839.75,28842.50,60,28843.00,28843.75,0.75
2026-06-11 10:32:15,28843.50,28844.75,28840.50,28841.50,80,28841.25,28842.00,0.75
2026-06-11 10:32:16,28841.25,28844.75,28839.75,28841.75,30,28842.50,28843.25,0.75
2026-06-11 10:32:17,28841.75,28844.00,28841.75,28843.25,30,28838.00,28838.75,0.75
2026-06-11 10:32:18,28842.00,28843.75,28836.75,28838.25,65,28838.50,28839.25,0.75
2026-06-11 10:32:19,28839.75,28840.75,28838.50,28838.50,28,28837.00,28837.75,0.75
2026-06-11 10:32:20,28839.25,28843.00,28837.25,28837.75,37,28837.25,28838.00,0.75
2026-06-11 10:32:21,28837.75,28839.50,28835.50,28837.25,46,28836.00,28836.75,0.75
2026-06-11 10:32:22,28837.75,28838.25,28834.00,28836.50,73,28836.00,28836.75,0.75
2026-06-11 10:32:23,28836.25,28838.75,28835.75,28837.00,38,28841.25,28842.00,0.75
2026-06-11 10:32:24,28837.75,28842.25,28835.75,28841.00,118,28852.50,28853.00,0.50
2026-06-11 10:32:25,28841.25,28853.25,28841.25,28852.75,119,28850.50,28851.00,0.50
2026-06-11 10:32:26,28852.50,28855.25,28850.25,28851.00,152,28854.75,28855.50,0.75
2026-06-11 10:32:27,28851.00,28856.75,28849.00,28855.25,112,28861.50,28862.25,0.75
2026-06-11 10:32:28,28854.50,28862.50,28853.25,28861.75,330,28855.50,28856.00,0.50
2026-06-11 10:32:29,28861.25,28866.50,28856.00,28856.00,313,28855.50,28856.00,0.50
2026-06-11 10:32:30,28856.00,28859.50,28855.00,28856.25,277,28850.50,28851.25,0.75
2026-06-11 10:32:31,28855.50,28856.25,28849.25,28850.50,123,28850.50,28851.25,0.75
2026-06-11 10:32:32,28851.25,28855.25,28850.50,28851.25,95,28857.75,28858.50,0.75
2026-06-11 10:32:33,28852.25,28858.50,28851.50,28857.50,98,28858.25,28858.75,0.50
2026-06-11 10:32:34,28858.50,28861.75,28856.50,28858.75,120,28855.50,28856.25,0.75
2026-06-11 10:32:35,28858.25,28860.00,28855.75,28855.75,90,28842.00,28842.50,0.50
2026-06-11 10:32:36,28856.25,28856.25,28842.50,28842.50,198,28842.00,28842.50,0.50
2026-06-11 10:32:37,28842.25,28843.25,28839.25,28840.00,192,28839.75,28840.50,0.75
2026-06-11 10:32:38,28840.50,28841.00,28839.25,28840.50,57,28838.50,28839.00,0.50
2026-06-11 10:32:39,28840.25,28840.50,28836.50,28838.75,108,28840.25,28841.00,0.75
2026-06-11 10:32:40,28839.00,28842.25,28839.00,28840.25,79,28829.75,28830.50,0.75
2026-06-11 10:32:41,28840.50,28841.00,28829.75,28829.75,254,28829.50,28830.00,0.50
2026-06-11 10:32:42,28830.25,28831.50,28825.75,28830.25,302,28823.75,28824.50,0.75
2026-06-11 10:32:43,28829.50,28831.50,28823.50,28824.00,162,28822.50,28823.00,0.50
2026-06-11 10:32:44,28823.75,28827.25,28817.25,28822.25,448,28822.50,28823.00,0.50
2026-06-11 10:32:45,28822.50,28826.75,28818.75,28825.75,205,28827.25,28828.00,0.75
2026-06-11 10:32:46,28826.00,28829.00,28822.75,28828.00,108,28823.50,28824.25,0.75
2026-06-11 10:32:47,28828.00,28830.00,28822.75,28824.75,111,28813.75,28814.50,0.75
2026-06-11 10:32:48,28823.50,28827.75,28812.00,28814.50,316,28805.75,28806.75,1.00
2026-06-11 10:32:49,28814.50,28816.00,28805.00,28807.50,303,28805.75,28806.75,1.00
2026-06-11 10:32:50,28806.50,28812.00,28804.50,28808.75,279,28809.50,28810.50,1.00
2026-06-11 10:32:51,28809.25,28811.50,28805.75,28810.25,210,28803.50,28804.25,0.75
2026-06-11 10:32:52,28809.50,28811.75,28801.00,28804.25,219,28808.00,28809.00,1.00
2026-06-11 10:32:53,28804.25,28808.25,28802.50,28807.00,137,28813.25,28814.25,1.00
2026-06-11 10:32:54,28808.00,28814.25,28807.00,28814.25,212,28808.25,28809.25,1.00
2026-06-11 10:32:55,28813.25,28813.50,28804.75,28808.50,149,28801.25,28802.25,1.00
2026-06-11 10:32:56,28808.25,28811.50,28799.00,28802.00,219,28803.00,28804.00,1.00
2026-06-11 10:32:57,28801.25,28805.00,28801.00,28803.00,96,28803.00,28804.00,1.00
2026-06-11 10:32:58,28803.00,28804.25,28799.00,28802.00,115,28801.50,28802.25,0.75
2026-06-11 10:32:59,28802.00,28803.25,28800.75,28803.00,71,28802.75,28803.75,1.00
2026-06-11 10:33:00,28802.00,28803.25,28800.50,28802.50,106,28809.75,28810.75,1.00
2026-06-11 10:33:01,28803.75,28812.75,28803.75,28809.75,182,28818.50,28819.50,1.00
2026-06-11 10:33:02,28811.00,28819.25,28811.00,28819.25,141,28817.25,28818.00,0.75
2026-06-11 10:33:03,28819.50,28820.50,28816.00,28818.00,126,28819.75,28820.75,1.00
2026-06-11 10:33:04,28818.00,28821.75,28816.00,28820.50,140,28821.00,28822.00,1.00
2026-06-11 10:33:05,28820.75,28823.75,28820.25,28822.75,114,28821.00,28822.00,1.00
2026-06-11 10:33:06,28821.75,28826.50,28820.50,28824.25,89,28821.50,28822.25,0.75
2026-06-11 10:33:07,28826.25,28827.50,28820.00,28822.25,115,28819.25,28820.25,1.00
2026-06-11 10:33:08,28821.50,28821.75,28818.25,28819.00,66,28819.25,28820.25,1.00
2026-06-11 10:33:09,28818.75,28821.00,28818.25,28818.75,70,28818.50,28819.25,0.75
2026-06-11 10:33:10,28818.50,28819.75,28813.00,28814.00,124,28807.75,28808.75,1.00
2026-06-11 10:33:11,28813.50,28814.75,28806.00,28808.75,219,28807.75,28808.75,1.00
2026-06-11 10:33:12,28808.00,28813.50,28806.00,28809.75,115,28810.00,28810.75,0.75
2026-06-11 10:33:13,28810.50,28811.50,28808.25,28809.50,53,28810.00,28810.25,0.25
2026-06-11 10:33:14,28810.00,28811.25,28802.75,28805.75,96,28811.00,28812.00,1.00
2026-06-11 10:33:15,28805.50,28812.00,28802.25,28811.25,210,28816.75,28817.50,0.75
2026-06-11 10:33:16,28811.00,28820.00,28810.25,28816.50,194,28818.75,28819.50,0.75
2026-06-11 10:33:17,28817.75,28819.25,28816.25,28818.75,48,28818.25,28819.25,1.00
2026-06-11 10:33:18,28819.50,28821.25,28817.25,28818.25,41,28818.25,28819.25,1.00
2026-06-11 10:33:19,28819.00,28824.50,28819.00,28824.50,65,28824.25,28824.75,0.50
2026-06-11 10:33:20,28823.75,28825.00,28822.00,28823.25,75,28824.25,28824.75,0.50
2026-06-11 10:33:21,28824.25,28825.75,28822.75,28823.75,81,28817.25,28818.00,0.75
2026-06-11 10:33:22,28822.75,28823.50,28816.25,28818.50,146,28816.75,28817.75,1.00
2026-06-11 10:33:23,28817.25,28818.00,28815.75,28817.00,77,28815.50,28816.25,0.75
2026-06-11 10:33:24,28817.75,28818.00,28812.25,28817.00,65,28817.75,28818.75,1.00
2026-06-11 10:33:25,28816.25,28818.50,28815.00,28818.50,28,28813.25,28814.00,0.75
2026-06-11 10:33:26,28818.25,28818.75,28813.00,28813.00,65,28814.75,28815.50,0.75
2026-06-11 10:33:27,28813.25,28814.75,28810.75,28814.50,92,28820.25,28821.25,1.00
2026-06-11 10:33:28,28815.50,28822.00,28814.75,28820.75,75,28818.00,28818.75,0.75
2026-06-11 10:33:29,28820.25,28820.75,28817.75,28818.00,59,28822.50,28823.25,0.75
2026-06-11 10:33:30,28818.25,28822.75,28816.00,28822.75,24,28825.25,28825.75,0.50
2026-06-11 10:33:31,28823.50,28825.25,28821.75,28825.25,69,28827.50,28828.25,0.75
2026-06-11 10:33:32,28825.75,28828.00,28824.00,28827.75,103,28827.50,28828.25,0.75
2026-06-11 10:33:33,28828.00,28841.75,28828.00,28835.00,465,28837.25,28838.25,1.00
2026-06-11 10:33:34,28835.75,28838.25,28833.25,28836.75,141,28836.75,28837.25,0.50
2026-06-11 10:33:35,28838.75,28839.75,28835.50,28837.50,59,28841.25,28842.00,0.75
2026-06-11 10:33:36,28837.25,28843.75,28837.25,28842.00,115,28842.75,28843.75,1.00
2026-06-11 10:33:37,28841.75,28845.00,28841.50,28842.50,192,28841.75,28842.50,0.75
2026-06-11 10:33:38,28843.75,28845.25,28841.25,28842.00,109,28840.00,28840.75,0.75
2026-06-11 10:33:39,28841.50,28841.50,28838.00,28840.25,108,28832.00,28832.75,0.75
2026-06-11 10:33:40,28840.00,28842.75,28831.50,28832.25,147,28832.25,28833.00,0.75
2026-06-11 10:33:41,28832.00,28833.00,28830.75,28832.25,95,28833.75,28834.50,0.75
2026-06-11 10:33:42,28832.25,28837.75,28832.00,28833.25,132,28831.25,28832.00,0.75
2026-06-11 10:33:43,28832.75,28834.25,28830.75,28831.25,61,28826.25,28826.75,0.50
2026-06-11 10:33:44,28832.00,28832.50,28826.00,28826.25,99,28826.25,28826.75,0.50
2026-06-11 10:33:45,28826.50,28829.25,28826.25,28828.25,39,28827.50,28828.25,0.75
2026-06-11 10:33:46,28828.25,28829.00,28826.75,28827.50,27,28835.50,28836.25,0.75
2026-06-11 10:33:47,28828.50,28837.25,28828.00,28836.25,78,28836.75,28837.50,0.75
2026-06-11 10:33:48,28836.25,28838.25,28835.00,28836.75,69,28837.00,28837.75,0.75
2026-06-11 10:33:49,28837.00,28838.00,28836.25,28837.75,40,28844.75,28845.50,0.75
2026-06-11 10:33:50,28836.75,28846.00,28836.75,28845.00,164,28836.50,28837.25,0.75
2026-06-11 10:33:51,28845.00,28848.25,28836.50,28836.50,459,28832.75,28833.50,0.75
2026-06-11 10:33:52,28837.00,28838.50,28832.50,28833.50,91,28827.50,28828.25,0.75
2026-06-11 10:33:53,28833.75,28834.25,28828.00,28829.00,95,28829.75,28830.50,0.75
2026-06-11 10:33:54,28828.50,28831.75,28827.00,28831.00,55,28829.75,28830.50,0.75
2026-06-11 10:33:55,28830.00,28831.75,28828.25,28831.00,49,28830.25,28831.00,0.75
2026-06-11 10:33:56,28830.25,28831.25,28828.50,28829.25,18,28813.00,28813.50,0.50
2026-06-11 10:33:57,28830.25,28830.25,28813.25,28813.75,362,28813.00,28813.50,0.50
2026-06-11 10:33:58,28813.50,28818.25,28811.00,28812.75,210,28812.75,28813.50,0.75
2026-06-11 10:33:59,28812.25,28813.25,28808.75,28813.25,132,28805.50,28806.00,0.50
2026-06-11 10:34:00,28813.50,28816.75,28804.75,28806.75,153,28811.00,28811.50,0.50
2026-06-11 10:34:01,28805.00,28812.50,28804.00,28811.50,133,28814.50,28815.50,1.00
2026-06-11 10:34:02,28811.00,28815.25,28809.50,28814.50,72,28814.50,28815.50,1.00
2026-06-11 10:34:03,28815.25,28815.25,28808.00,28810.75,95,28808.25,28809.00,0.75
2026-06-11 10:34:04,28810.00,28815.00,28808.75,28808.75,124,28811.50,28812.25,0.75
2026-06-11 10:34:05,28808.25,28812.25,28808.25,28812.25,42,28813.00,28813.75,0.75
2026-06-11 10:34:06,28812.25,28818.50,28811.75,28813.50,103,28810.25,28811.00,0.75
2026-06-11 10:34:07,28813.00,28814.50,28808.25,28809.75,92,28809.50,28810.25,0.75
2026-06-11 10:34:08,28809.50,28812.25,28808.25,28810.00,71,28811.00,28812.00,1.00
2026-06-11 10:34:09,28809.75,28813.50,28808.00,28811.25,49,28811.00,28812.00,1.00
2026-06-11 10:34:10,28811.00,28818.00,28811.00,28815.75,35,28816.00,28816.75,0.75
2026-06-11 10:34:11,28815.50,28817.50,28814.50,28817.00,38,28811.25,28812.00,0.75
2026-06-11 10:34:12,28815.75,28816.25,28808.00,28811.25,98,28814.00,28814.50,0.50
2026-06-11 10:34:13,28813.25,28816.00,28811.25,28813.50,43,28815.25,28816.00,0.75
2026-06-11 10:34:14,28814.00,28816.25,28813.25,28815.25,24,28812.00,28812.50,0.50
2026-06-11 10:34:15,28816.25,28817.50,28811.50,28812.50,93,28814.75,28815.50,0.75
2026-06-11 10:34:16,28812.50,28819.25,28812.50,28814.75,72,28815.25,28816.00,0.75
2026-06-11 10:34:17,28813.75,28816.00,28812.25,28816.00,38,28815.25,28816.00,0.75
2026-06-11 10:34:18,28816.00,28820.25,28814.75,28815.25,33,28815.00,28815.75,0.75
2026-06-11 10:34:19,28816.75,28817.00,28814.25,28814.75,26,28813.50,28814.25,0.75
2026-06-11 10:34:20,28815.25,28815.25,28811.50,28813.25,40,28804.25,28805.00,0.75
2026-06-11 10:34:21,28811.50,28811.50,28800.25,28804.00,236,28804.25,28805.00,0.75
2026-06-11 10:34:22,28805.00,28807.75,28804.00,28807.25,113,28807.00,28807.50,0.50
2026-06-11 10:34:23,28807.25,28815.00,28806.50,28813.75,152,28813.50,28814.25,0.75
2026-06-11 10:34:24,28815.00,28816.25,28811.50,28814.50,56,28815.75,28816.50,0.75
2026-06-11 10:34:25,28814.50,28817.25,28811.50,28815.75,92,28822.00,28822.75,0.75
2026-06-11 10:34:26,28815.75,28828.50,28815.00,28823.00,251,28819.00,28819.50,0.50
2026-06-11 10:34:27,28821.25,28823.25,28818.75,28818.75,66,28819.00,28819.50,0.50
2026-06-11 10:34:28,28818.25,28822.00,28818.00,28821.00,51,28817.75,28818.50,0.75
2026-06-11 10:34:29,28819.00,28819.50,28816.00,28818.00,40,28817.50,28818.25,0.75
2026-06-11 10:34:30,28817.75,28820.00,28816.75,28817.50,35,28817.25,28818.00,0.75
2026-06-11 10:34:31,28817.00,28818.25,28812.50,28817.50,70,28811.25,28812.00,0.75
2026-06-11 10:34:32,28817.75,28819.25,28809.75,28811.00,61,28811.25,28812.00,0.75
2026-06-11 10:34:33,28811.50,28814.25,28809.75,28811.00,37,28813.25,28814.00,0.75
2026-06-11 10:34:34,28811.25,28815.50,28810.25,28814.00,45,28812.50,28813.25,0.75
2026-06-11 10:34:35,28814.50,28815.50,28813.00,28814.50,35,28812.50,28813.25,0.75
2026-06-11 10:34:36,28813.00,28813.00,28809.00,28809.00,31,28809.50,28810.25,0.75
2026-06-11 10:34:37,28809.25,28812.75,28807.25,28807.25,105,28805.50,28806.75,1.25
2026-06-11 10:34:38,28806.50,28806.50,28802.25,28803.50,119,28804.50,28805.25,0.75
2026-06-11 10:34:39,28804.00,28808.50,28803.75,28804.25,81,28804.50,28805.25,0.75
2026-06-11 10:34:40,28804.50,28806.25,28803.25,28803.75,64,28803.75,28804.25,0.50
2026-06-11 10:34:41,28803.50,28805.50,28803.25,28803.75,67,28811.50,28812.25,0.75
2026-06-11 10:34:42,28804.50,28812.00,28803.50,28811.50,117,28810.25,28810.75,0.50
2026-06-11 10:34:43,28811.00,28811.75,28808.00,28811.25,113,28821.75,28822.50,0.75
2026-06-11 10:34:44,28810.75,28822.75,28810.75,28822.00,126,28823.25,28823.75,0.50
2026-06-11 10:34:45,28822.75,28825.75,28821.50,28824.25,98,28831.25,28831.75,0.50
2026-06-11 10:34:46,28823.75,28834.25,28823.75,28831.75,299,28833.50,28834.00,0.50
2026-06-11 10:34:47,28831.75,28837.75,28831.75,28834.25,263,28833.50,28834.00,0.50
2026-06-11 10:34:48,28834.50,28836.25,28829.25,28831.50,117,28828.50,28829.25,0.75
2026-06-11 10:34:49,28831.00,28831.00,28825.75,28828.75,97,28826.00,28826.50,0.50
2026-06-11 10:34:50,28828.25,28829.00,28825.25,28826.00,93,28824.75,28825.50,0.75
2026-06-11 10:34:51,28826.25,28826.75,28823.75,28824.75,66,28825.75,28826.25,0.50
2026-06-11 10:34:52,28825.25,28827.75,28825.00,28826.00,107,28822.00,28822.75,0.75
2026-06-11 10:34:53,28825.75,28825.75,28822.00,28822.50,82,28821.50,28822.25,0.75
2026-06-11 10:34:54,28822.00,28822.25,28819.25,28821.50,58,28822.00,28822.75,0.75
2026-06-11 10:34:55,28821.75,28825.50,28821.75,28824.50,114,28821.25,28822.00,0.75
2026-06-11 10:34:56,28822.50,28823.50,28820.00,28820.25,21,28826.00,28826.50,0.50
2026-06-11 10:34:57,28822.50,28826.25,28821.75,28826.25,24,28826.25,28827.00,0.75
2026-06-11 10:34:58,28826.50,28827.75,28823.75,28826.25,37,28829.50,28830.25,0.75
2026-06-11 10:34:59,28827.75,28831.50,28826.00,28828.50,103,28835.50,28836.25,0.75
2026-06-11 10:35:00,28830.50,28837.00,28830.50,28835.25,86,28835.50,28836.25,0.75
2026-06-11 10:35:01,28835.75,28835.75,28828.25,28829.75,129,28824.00,28824.75,0.75
2026-06-11 10:35:02,28829.25,28830.50,28825.00,28825.50,131,28824.00,28824.75,0.75
2026-06-11 10:35:03,28824.50,28830.75,28824.00,28830.75,68,28831.00,28831.75,0.75
2026-06-11 10:35:04,28829.50,28834.00,28828.00,28830.75,33,28831.25,28832.00,0.75
2026-06-11 10:35:05,28832.00,28832.25,28830.50,28831.50,35,28828.25,28829.00,0.75
2026-06-11 10:35:06,28832.00,28833.25,28826.25,28828.50,89,28833.25,28834.00,0.75
2026-06-11 10:35:07,28829.50,28834.75,28825.25,28833.50,78,28829.50,28830.25,0.75
2026-06-11 10:35:08,28834.25,28836.50,28829.25,28830.00,122,28828.00,28828.75,0.75
2026-06-11 10:35:09,28829.25,28829.75,28826.00,28828.50,42,28830.75,28831.25,0.50
2026-06-11 10:35:10,28828.75,28830.75,28827.25,28830.25,32,28835.25,28836.00,0.75
2026-06-11 10:35:11,28830.75,28836.25,28829.25,28835.50,116,28833.00,28833.50,0.50
2026-06-11 10:35:12,28835.25,28836.00,28832.00,28833.25,71,28832.00,28832.50,0.50
2026-06-11 10:35:13,28832.75,28834.50,28832.00,28832.00,41,28839.50,28840.25,0.75
2026-06-11 10:35:14,28832.50,28840.50,28832.50,28839.25,151,28837.75,28838.50,0.75
2026-06-11 10:35:15,28840.25,28840.25,28835.50,28838.75,137,28837.75,28838.50,0.75
2026-06-11 10:35:16,28838.50,28839.25,28834.25,28835.00,104,28837.75,28838.50,0.75
2026-06-11 10:35:17,28833.75,28841.50,28833.75,28838.50,111,28842.75,28843.50,0.75
2026-06-11 10:35:18,28838.50,28849.50,28838.50,28843.50,390,28852.25,28853.00,0.75
2026-06-11 10:35:19,28843.00,28853.25,28840.50,28852.25,290,28852.25,28853.00,0.75
2026-06-11 10:35:20,28853.00,28853.25,28848.00,28849.25,225,28849.00,28849.75,0.75
2026-06-11 10:35:21,28848.25,28851.25,28848.00,28849.75,80,28848.75,28849.50,0.75
2026-06-11 10:35:22,28849.75,28851.00,28846.75,28849.75,84,28838.25,28839.00,0.75
2026-06-11 10:35:23,28849.50,28849.50,28838.25,28840.25,142,28838.25,28839.00,0.75
2026-06-11 10:35:24,28839.25,28843.75,28839.25,28843.50,74,28849.25,28850.00,0.75
2026-06-11 10:35:25,28842.75,28850.00,28842.25,28849.50,111,28851.50,28852.25,0.75
2026-06-11 10:35:26,28849.00,28853.25,28849.00,28852.25,106,28843.50,28844.25,0.75
2026-06-11 10:35:27,28851.50,28851.50,28843.00,28843.75,96,28843.50,28844.25,0.75
2026-06-11 10:35:28,28844.00,28844.50,28839.25,28843.75,73,28842.00,28842.75,0.75
2026-06-11 10:35:29,28844.50,28844.50,28841.00,28843.00,49,28844.25,28845.00,0.75
2026-06-11 10:35:30,28842.00,28844.75,28838.50,28844.75,50,28849.50,28850.00,0.50
2026-06-11 10:35:31,28845.00,28849.25,28843.50,28849.00,64,28848.75,28849.50,0.75
2026-06-11 10:35:32,28850.00,28851.50,28847.25,28849.25,76,28851.75,28852.25,0.50
2026-06-11 10:35:33,28849.50,28852.50,28848.50,28851.50,40,28851.50,28852.00,0.50
2026-06-11 10:35:34,28851.50,28852.50,28850.25,28852.00,52,28853.25,28853.75,0.50
2026-06-11 10:35:35,28852.00,28855.00,28848.25,28853.00,101,28852.00,28852.50,0.50
2026-06-11 10:35:36,28853.75,28854.00,28851.00,28852.50,55,28858.00,28858.75,0.75
2026-06-11 10:35:37,28851.50,28859.25,28850.00,28857.75,164,28859.25,28860.00,0.75
2026-06-11 10:35:38,28858.75,28864.25,28857.50,28860.75,289,28865.50,28866.00,0.50
2026-06-11 10:35:39,28859.75,28866.25,28857.75,28865.50,236,28860.50,28861.50,1.00
2026-06-11 10:35:40,28865.50,28870.00,28858.75,28862.00,283,28867.00,28867.75,0.75
2026-06-11 10:35:41,28860.75,28871.25,28860.75,28867.25,197,28869.25,28870.25,1.00
2026-06-11 10:35:42,28867.00,28871.25,28866.75,28870.00,222,28865.50,28866.25,0.75
2026-06-11 10:35:43,28869.25,28869.75,28862.25,28865.50,174,28873.00,28873.50,0.50
2026-06-11 10:35:44,28865.50,28874.25,28865.50,28873.75,199,28873.00,28873.50,0.50
2026-06-11 10:35:45,28873.25,28880.75,28872.50,28878.25,302,28882.50,28883.00,0.50
2026-06-11 10:35:46,28878.25,28884.25,28874.25,28883.25,228,28882.25,28883.00,0.75
2026-06-11 10:35:47,28882.50,28885.00,28880.25,28882.75,267,28881.50,28882.25,0.75
2026-06-11 10:35:48,28883.00,28886.50,28880.75,28882.25,150,28880.00,28880.75,0.75
2026-06-11 10:35:49,28882.25,28884.50,28879.50,28880.50,82,28883.25,28884.00,0.75
2026-06-11 10:35:50,28881.00,28883.75,28876.75,28883.50,110,28883.50,28884.25,0.75
2026-06-11 10:35:51,28883.25,28886.50,28882.00,28884.75,169,28883.50,28884.25,0.75
2026-06-11 10:35:52,28883.50,28885.25,28881.50,28882.50,140,28882.00,28882.75,0.75
2026-06-11 10:35:53,28881.75,28884.25,28880.25,28883.00,90,28883.75,28884.50,0.75
2026-06-11 10:35:54,28883.25,28885.50,28881.75,28884.50,100,28884.25,28885.00,0.75
2026-06-11 10:35:55,28884.50,28887.25,28883.25,28884.75,77,28888.00,28888.50,0.50
2026-06-11 10:35:56,28885.00,28888.25,28884.25,28888.25,97,28892.75,28893.50,0.75
2026-06-11 10:35:57,28888.50,28894.00,28887.25,28893.50,184,28890.25,28891.00,0.75
2026-06-11 10:35:58,28892.75,28896.25,28889.50,28890.75,219,28887.75,28888.50,0.75
2026-06-11 10:35:59,28891.00,28891.75,28888.00,28888.00,139,28888.75,28889.25,0.50
2026-06-11 10:36:00,28888.25,28894.25,28887.75,28889.00,104,28888.75,28889.25,0.50
2026-06-11 10:36:01,28889.00,28889.25,28885.25,28886.50,166,28886.25,28887.00,0.75
2026-06-11 10:36:02,28886.75,28894.00,28882.75,28891.00,226,28890.50,28891.25,0.75
2026-06-11 10:36:03,28891.00,28891.00,28884.00,28886.00,95,28884.75,28885.75,1.00
2026-06-11 10:36:04,28885.50,28886.75,28880.25,28883.50,121,28879.50,28880.25,0.75
2026-06-11 10:36:05,28883.75,28885.25,28879.00,28879.75,106,28876.25,28877.00,0.75
2026-06-11 10:36:06,28881.00,28881.25,28873.00,28876.50,192,28878.75,28879.25,0.50
2026-06-11 10:36:07,28876.25,28879.75,28874.00,28879.75,191,28882.25,28883.00,0.75
2026-06-11 10:36:08,28878.75,28884.75,28878.50,28883.25,102,28884.75,28885.50,0.75
2026-06-11 10:36:09,28882.25,28885.25,28881.50,28884.75,79,28881.75,28882.50,0.75
2026-06-11 10:36:10,28884.50,28886.00,28879.75,28879.75,60,28883.50,28884.25,0.75
2026-06-11 10:36:11,28881.75,28883.75,28879.50,28883.50,89,28884.50,28885.25,0.75
2026-06-11 10:36:12,28884.50,28887.25,28884.00,28885.25,76,28884.50,28885.25,0.75
2026-06-11 10:36:13,28885.25,28886.00,28883.50,28885.75,61,28883.25,28883.75,0.50
2026-06-11 10:36:14,28884.75,28885.00,28881.50,28883.00,103,28884.75,28885.25,0.50
2026-06-11 10:36:15,28883.25,28887.00,28882.75,28884.50,46,28889.25,28889.75,0.50
2026-06-11 10:36:16,28885.75,28890.75,28885.50,28889.75,136,28888.50,28889.00,0.50
2026-06-11 10:36:17,28889.25,28892.75,28888.25,28888.25,101,28903.00,28903.75,0.75
2026-06-11 10:36:18,28889.50,28905.00,28889.50,28903.25,588,28903.00,28903.75,0.75
2026-06-11 10:36:19,28903.25,28904.00,28898.25,28900.00,207,28903.25,28903.75,0.50
2026-06-11 10:36:20,28900.75,28905.75,28899.00,28903.50,310,28903.25,28903.75,0.50
2026-06-11 10:36:21,28903.50,28906.75,28900.50,28906.75,221,28904.25,28905.25,1.00
2026-06-11 10:36:22,28905.75,28908.50,28902.75,28906.75,201,28897.75,28898.50,0.75
2026-06-11 10:36:23,28906.75,28907.00,28897.00,28898.75,174,28896.75,28897.25,0.50
2026-06-11 10:36:24,28898.50,28898.75,28896.00,28897.50,112,28898.75,28899.75,1.00
2026-06-11 10:36:25,28897.25,28899.75,28894.75,28899.25,78,28896.75,28897.50,0.75
2026-06-11 10:36:26,28899.50,28901.00,28897.00,28897.75,51,28899.00,28899.50,0.50
2026-06-11 10:36:27,28897.50,28902.75,28897.50,28899.75,103,28900.25,28901.00,0.75
2026-06-11 10:36:28,28899.00,28901.75,28897.00,28900.75,74,28899.50,28900.25,0.75
2026-06-11 10:36:29,28900.25,28901.50,28898.00,28900.00,58,28900.00,28900.75,0.75
2026-06-11 10:36:30,28899.25,28900.75,28898.50,28899.75,56,28900.50,28901.00,0.50
2026-06-11 10:36:31,28900.75,28902.25,28898.50,28901.00,47,28901.25,28902.00,0.75
2026-06-11 10:36:32,28901.50,28904.50,28901.00,28901.00,102,28901.25,28902.00,0.75
2026-06-11 10:36:33,28901.25,28904.25,28899.25,28903.25,102,28903.25,28904.00,0.75
2026-06-11 10:36:34,28903.75,28904.25,28900.25,28903.25,41,28903.25,28904.00,0.75
2026-06-11 10:36:35,28904.00,28904.50,28901.75,28902.25,53,28900.00,28900.50,0.50
2026-06-11 10:36:36,28903.75,28904.25,28900.00,28900.50,72,28907.75,28908.50,0.75
2026-06-11 10:36:37,28900.50,28907.75,28900.50,28907.50,133,28907.75,28908.50,0.75
2026-06-11 10:36:38,28908.00,28915.75,28905.75,28911.50,407,28911.00,28911.75,0.75
2026-06-11 10:36:39,28911.50,28912.25,28909.00,28911.50,125,28915.75,28916.50,0.75
2026-06-11 10:36:40,28911.75,28918.00,28911.00,28916.50,159,28920.25,28921.00,0.75
2026-06-11 10:36:41,28916.50,28921.00,28914.50,28921.00,190,28918.00,28919.00,1.00
2026-06-11 10:36:42,28920.50,28922.50,28917.25,28919.00,203,28914.50,28915.25,0.75
2026-06-11 10:36:43,28918.00,28919.25,28913.25,28914.50,182,28916.00,28916.75,0.75
2026-06-11 10:36:44,28914.75,28918.00,28912.25,28916.25,127,28916.00,28916.75,0.75
2026-06-11 10:36:45,28916.00,28923.75,28914.25,28923.75,157,28923.00,28924.00,1.00
2026-06-11 10:36:46,28924.00,28927.50,28922.75,28927.25,189,28923.75,28924.50,0.75
2026-06-11 10:36:47,28926.75,28928.00,28923.00,28924.25,200,28923.75,28924.50,0.75
2026-06-11 10:36:48,28924.00,28926.50,28922.75,28925.00,228,28927.25,28928.00,0.75
2026-06-11 10:36:49,28926.00,28935.50,28924.75,28927.50,629,28928.00,28928.75,0.75
2026-06-11 10:36:50,28927.25,28929.50,28925.75,28929.00,163,28929.50,28930.25,0.75
2026-06-11 10:36:51,28928.75,28930.25,28926.25,28930.25,151,28927.00,28927.75,0.75
2026-06-11 10:36:52,28929.50,28932.00,28926.75,28927.75,175,28927.00,28927.75,0.75
2026-06-11 10:36:53,28927.75,28931.50,28926.75,28928.25,124,28927.50,28928.50,1.00
2026-06-11 10:36:54,28928.25,28928.75,28924.50,28925.25,138,28926.25,28927.00,0.75
2026-06-11 10:36:55,28925.00,28927.50,28925.00,28925.75,68,28929.50,28930.25,0.75
2026-06-11 10:36:56,28926.25,28933.00,28925.75,28930.00,112,28930.50,28931.25,0.75
2026-06-11 10:36:57,28929.75,28935.00,28928.50,28931.50,169,28938.25,28939.00,0.75
2026-06-11 10:36:58,28931.25,28939.00,28930.50,28939.00,309,28936.00,28936.75,0.75
2026-06-11 10:36:59,28938.25,28939.75,28935.75,28936.50,159,28937.75,28938.50,0.75
2026-06-11 10:37:00,28936.75,28939.75,28935.75,28939.00,150,28937.75,28938.50,0.75
2026-06-11 10:37:01,28938.25,28942.00,28936.50,28937.50,190,28937.50,28938.25,0.75
2026-06-11 10:37:02,28938.25,28938.25,28931.75,28936.00,211,28927.25,28928.00,0.75
2026-06-11 10:37:03,28935.25,28935.25,28927.50,28928.25,199,28918.25,28919.00,0.75
2026-06-11 10:37:04,28927.00,28927.00,28918.00,28919.00,313,28918.25,28919.00,0.75
2026-06-11 10:37:05,28918.75,28923.75,28917.00,28920.25,208,28923.00,28923.75,0.75
2026-06-11 10:37:06,28920.25,28924.50,28919.75,28923.75,77,28923.00,28923.75,0.75
2026-06-11 10:37:07,28923.75,28927.75,28923.00,28924.25,115,28923.00,28923.75,0.75
2026-06-11 10:37:08,28923.50,28924.25,28920.50,28921.25,80,28918.50,28919.25,0.75
2026-06-11 10:37:09,28922.50,28923.25,28918.75,28919.75,85,28920.50,28921.25,0.75
2026-06-11 10:37:10,28919.50,28921.00,28918.25,28920.75,73,28917.25,28918.00,0.75
2026-06-11 10:37:11,28921.25,28922.25,28916.75,28916.75,84,28915.25,28916.00,0.75
2026-06-11 10:37:12,28918.00,28919.75,28915.00,28916.00,120,28912.25,28913.00,0.75
2026-06-11 10:37:13,28916.25,28917.75,28910.00,28912.25,175,28909.75,28910.25,0.50
2026-06-11 10:37:14,28911.75,28912.00,28905.00,28910.75,235,28916.00,28916.50,0.50
2026-06-11 10:37:15,28909.75,28917.50,28909.75,28915.75,148,28917.75,28918.50,0.75
2026-06-11 10:37:16,28916.00,28918.75,28915.50,28918.25,53,28908.00,28908.75,0.75
2026-06-11 10:37:17,28918.50,28918.50,28908.50,28908.50,76,28910.75,28911.50,0.75
2026-06-11 10:37:18,28908.75,28912.25,28907.75,28910.75,158,28902.50,28903.25,0.75
2026-06-11 10:37:19,28910.75,28910.75,28897.50,28902.50,298,28902.75,28903.50,0.75
2026-06-11 10:37:20,28903.00,28903.75,28900.00,28903.00,118,28904.75,28905.50,0.75
2026-06-11 10:37:21,28902.75,28905.50,28900.25,28905.50,90,28909.00,28909.75,0.75
2026-06-11 10:37:22,28905.50,28909.75,28904.00,28908.50,145,28909.00,28909.75,0.75
2026-06-11 10:37:23,28909.75,28909.75,28904.75,28904.75,71,28905.00,28905.75,0.75
2026-06-11 10:37:24,28905.00,28905.50,28901.25,28902.75,74,28903.00,28903.75,0.75
2026-06-11 10:37:25,28903.50,28905.50,28902.00,28902.00,46,28899.00,28899.50,0.50
2026-06-11 10:37:26,28903.00,28904.25,28897.25,28899.25,81,28886.00,28886.75,0.75
2026-06-11 10:37:27,28899.50,28899.50,28885.00,28887.50,340,28889.50,28890.25,0.75
2026-06-11 10:37:28,28886.00,28892.50,28886.00,28890.50,214,28883.75,28884.50,0.75
2026-06-11 10:37:29,28889.75,28889.75,28880.25,28884.00,200,28881.75,28882.50,0.75
2026-06-11 10:37:30,28883.75,28884.25,28876.25,28881.75,229,28881.75,28882.50,0.75
2026-06-11 10:37:31,28881.75,28884.00,28880.00,28882.00,157,28882.50,28883.25,0.75
2026-06-11 10:37:32,28882.75,28888.50,28881.75,28887.50,102,28881.75,28882.50,0.75
2026-06-11 10:37:33,28887.25,28888.00,28880.50,28880.50,122,28882.75,28883.50,0.75
2026-06-11 10:37:34,28881.75,28885.00,28881.50,28883.25,59,28879.00,28879.50,0.50
2026-06-11 10:37:35,28883.50,28883.75,28876.50,28879.75,148,28866.50,28867.25,0.75
2026-06-11 10:37:36,28879.50,28880.75,28865.00,28868.50,405,28869.75,28870.25,0.50
2026-06-11 10:37:37,28866.50,28871.25,28866.00,28870.00,173,28873.75,28874.25,0.50
2026-06-11 10:37:38,28869.50,28875.75,28867.75,28873.25,135,28870.50,28871.25,0.75
2026-06-11 10:37:39,28873.75,28873.75,28867.75,28871.00,112,28875.75,28876.50,0.75
2026-06-11 10:37:40,28870.50,28876.25,28867.50,28875.50,193,28881.00,28881.75,0.75
2026-06-11 10:37:41,28877.00,28882.50,28876.25,28880.75,163,28882.50,28883.25,0.75
2026-06-11 10:37:42,28882.00,28883.75,28881.00,28883.25,83,28878.25,28878.75,0.50
2026-06-11 10:37:43,28883.50,28884.00,28878.25,28878.25,99,28882.00,28882.75,0.75
2026-06-11 10:37:44,28878.25,28883.75,28877.75,28881.75,76,28882.25,28882.75,0.50
2026-06-11 10:37:45,28882.00,28882.25,28879.50,28881.75,64,28881.25,28882.00,0.75
2026-06-11 10:37:46,28882.75,28882.75,28880.00,28881.00,41,28875.00,28875.75,0.75
2026-06-11 10:37:47,28881.25,28883.50,28874.00,28875.25,120,28872.00,28872.50,0.50
2026-06-11 10:37:48,28875.75,28876.75,28872.25,28872.25,63,28859.50,28860.25,0.75
2026-06-11 10:37:49,28872.00,28873.25,28858.75,28860.50,388,28853.75,28854.50,0.75
2026-06-11 10:37:50,28859.25,28859.25,28849.00,28854.25,340,28858.00,28859.00,1.00
2026-06-11 10:37:51,28853.75,28860.75,28851.25,28857.75,224,28853.00,28853.50,0.50
2026-06-11 10:37:52,28859.00,28859.50,28853.75,28853.75,177,28849.00,28849.75,0.75
2026-06-11 10:37:53,28853.00,28854.25,28849.25,28850.00,115,28852.00,28852.75,0.75
2026-06-11 10:37:54,28849.75,28852.50,28842.00,28852.25,253,28854.50,28855.25,0.75
2026-06-11 10:37:55,28851.75,28855.75,28850.50,28855.25,143,28849.50,28850.25,0.75
2026-06-11 10:37:56,28854.50,28854.50,28848.50,28849.75,101,28844.75,28845.50,0.75
2026-06-11 10:37:57,28850.25,28851.25,28842.00,28844.50,160,28846.25,28847.25,1.00
2026-06-11 10:37:58,28845.50,28847.00,28843.00,28846.25,125,28846.25,28847.25,1.00
2026-06-11 10:37:59,28846.75,28848.00,28840.25,28842.25,112,28840.75,28841.25,0.50
2026-06-11 10:38:00,28842.25,28846.00,28836.00,28841.25,331,28849.50,28850.25,0.75
2026-06-11 10:38:01,28840.75,28850.25,28838.25,28849.25,200,28851.75,28852.50,0.75
2026-06-11 10:38:02,28849.75,28855.25,28846.50,28852.25,269,28854.50,28855.25,0.75
2026-06-11 10:38:03,28852.00,28855.75,28849.50,28854.75,155,28862.75,28863.50,0.75
2026-06-11 10:38:04,28855.00,28864.00,28854.50,28863.25,252,28864.25,28865.25,1.00
2026-06-11 10:38:05,28863.50,28865.00,28861.00,28864.50,113,28863.50,28864.25,0.75
2026-06-11 10:38:06,28865.25,28869.25,28863.50,28863.75,199,28865.50,28866.25,0.75
2026-06-11 10:38:07,28863.50,28867.50,28862.25,28865.00,140,28865.50,28866.25,0.75
2026-06-11 10:38:08,28865.75,28869.50,28864.00,28869.00,118,28872.00,28872.75,0.75
2026-06-11 10:38:09,28869.00,28873.75,28868.50,28871.75,178,28870.50,28871.50,1.00
2026-06-11 10:38:10,28871.25,28875.25,28870.00,28872.25,222,28875.50,28876.25,0.75
2026-06-11 10:38:11,28870.50,28877.00,28868.75,28875.75,111,28873.00,28873.75,0.75
2026-06-11 10:38:12,28876.25,28876.50,28873.00,28873.50,121,28873.00,28873.75,0.75
2026-06-11 10:38:13,28873.25,28874.50,28871.75,28874.00,93,28870.75,28871.50,0.75
2026-06-11 10:38:14,28874.75,28875.00,28870.75,28871.50,73,28868.75,28869.50,0.75
2026-06-11 10:38:15,28871.75,28872.50,28866.00,28869.50,105,28865.50,28866.50,1.00
2026-06-11 10:38:16,28868.75,28870.00,28866.00,28866.00,61,28865.00,28865.75,0.75
2026-06-11 10:38:17,28866.50,28866.75,28862.75,28865.25,96,28863.75,28864.50,0.75
2026-06-11 10:38:18,28865.25,28868.25,28861.25,28864.25,116,28869.00,28869.75,0.75
2026-06-11 10:38:19,28865.00,28869.25,28864.50,28869.25,74,28868.50,28869.25,0.75
2026-06-11 10:38:20,28870.00,28871.00,28868.00,28869.00,53,28868.75,28869.50,0.75
2026-06-11 10:38:21,28868.75,28872.50,28868.25,28869.75,55,28867.25,28868.00,0.75
2026-06-11 10:38:22,28868.75,28869.75,28866.75,28867.50,41,28870.00,28870.75,0.75
2026-06-11 10:38:23,28868.25,28872.00,28867.50,28871.25,61,28868.75,28869.50,0.75
2026-06-11 10:38:24,28871.00,28871.25,28867.50,28868.75,99,28868.75,28869.25,0.50
2026-06-11 10:38:25,28869.25,28869.25,28866.75,28869.25,59,28870.25,28870.75,0.50
2026-06-11 10:38:26,28869.75,28873.00,28869.75,28870.75,27,28871.75,28872.25,0.50
2026-06-11 10:38:27,28870.25,28872.00,28869.25,28872.00,66,28880.00,28880.75,0.75
2026-06-11 10:38:28,28873.25,28881.00,28873.25,28880.25,140,28882.00,28882.75,0.75
2026-06-11 10:38:29,28880.00,28882.50,28878.00,28882.00,144,28886.50,28887.25,0.75
2026-06-11 10:38:30,28882.75,28887.50,28881.75,28887.00,168,28883.50,28884.25,0.75
2026-06-11 10:38:31,28887.25,28893.50,28883.50,28883.50,291,28883.50,28884.25,0.75
2026-06-11 10:38:32,28884.50,28884.75,28880.75,28880.75,200,28883.00,28883.75,0.75
2026-06-11 10:38:33,28882.75,28884.00,28880.25,28884.00,95,28880.75,28881.25,0.50
2026-06-11 10:38:34,28883.00,28883.00,28880.50,28881.25,72,28881.00,28881.50,0.50
2026-06-11 10:38:35,28881.00,28882.00,28880.00,28881.50,48,28879.75,28880.25,0.50
2026-06-11 10:38:36,28881.00,28882.00,28879.00,28880.50,48,28883.50,28884.00,0.50
2026-06-11 10:38:37,28879.75,28885.00,28876.00,28884.25,88,28883.75,28884.50,0.75
2026-06-11 10:38:38,28884.50,28885.25,28882.75,28884.75,46,28881.50,28882.25,0.75
2026-06-11 10:38:39,28884.75,28885.50,28880.75,28880.75,60,28878.75,28879.50,0.75
2026-06-11 10:38:40,28882.25,28882.50,28877.75,28879.00,72,28880.25,28881.00,0.75
2026-06-11 10:38:41,28879.50,28882.25,28875.50,28880.50,187,28884.25,28884.75,0.50
2026-06-11 10:38:42,28880.50,28884.00,28880.25,28884.00,39,28885.75,28886.50,0.75
2026-06-11 10:38:43,28883.50,28887.25,28883.00,28884.50,99,28889.00,28889.50,0.50
2026-06-11 10:38:44,28886.25,28890.00,28885.00,28888.75,86,28890.75,28891.50,0.75
2026-06-11 10:38:45,28889.50,28891.75,28888.75,28891.25,95,28893.50,28894.00,0.50
2026-06-11 10:38:46,28892.00,28898.00,28892.00,28893.75,186,28897.25,28898.00,0.75
2026-06-11 10:38:47,28894.00,28899.50,28893.50,28898.50,164,28897.25,28898.00,0.75
2026-06-11 10:38:48,28897.50,28898.75,28893.00,28897.25,158,28899.75,28900.25,0.50
2026-06-11 10:38:49,28897.25,28901.00,28897.25,28900.00,197,28899.75,28900.25,0.50
2026-06-11 10:38:50,28900.25,28902.75,28898.50,28900.50,92,28901.00,28902.00,1.00
2026-06-11 10:38:51,28901.75,28902.50,28900.75,28901.25,67,28901.00,28902.00,1.00
2026-06-11 10:38:52,28901.50,28907.25,28901.00,28906.75,145,28905.25,28905.75,0.50
2026-06-11 10:38:53,28907.25,28907.75,28904.75,28905.75,114,28904.50,28905.25,0.75
2026-06-11 10:38:54,28906.25,28906.50,28903.25,28904.75,112,28893.00,28893.50,0.50
2026-06-11 10:38:55,28905.00,28905.00,28892.75,28893.50,233,28888.00,28888.50,0.50
2026-06-11 10:38:56,28893.50,28894.25,28888.25,28888.25,172,28888.00,28888.50,0.50
2026-06-11 10:38:57,28888.25,28892.50,28886.50,28890.00,110,28890.00,28890.50,0.50
2026-06-11 10:38:58,28890.00,28891.50,28889.25,28889.25,65,28891.25,28891.75,0.50
2026-06-11 10:38:59,28889.50,28892.50,28889.50,28891.25,48,28890.50,28891.00,0.50
2026-06-11 10:39:00,28892.00,28892.25,28890.50,28891.25,28,28897.75,28898.50,0.75
2026-06-11 10:39:01,28890.75,28898.50,28890.50,28897.75,122,28898.50,28899.25,0.75
2026-06-11 10:39:02,28898.50,28899.75,28897.00,28898.00,132,28893.50,28894.25,0.75
2026-06-11 10:39:03,28898.50,28899.00,28893.00,28894.00,116,28891.50,28892.25,0.75
2026-06-11 10:39:04,28894.50,28895.00,28890.25,28891.50,60,28892.00,28892.75,0.75
2026-06-11 10:39:05,28891.25,28893.75,28889.50,28891.75,74,28887.00,28887.50,0.50
2026-06-11 10:39:06,28893.25,28894.50,28886.00,28887.25,106,28887.00,28887.50,0.50
2026-06-11 10:39:07,28887.25,28888.50,28885.00,28885.75,81,28874.25,28875.00,0.75
2026-06-11 10:39:08,28885.25,28885.25,28867.00,28874.50,381,28878.50,28879.25,0.75
2026-06-11 10:39:09,28875.25,28882.75,28874.50,28879.25,331,28876.75,28877.50,0.75
2026-06-11 10:39:10,28879.00,28879.50,28875.50,28877.25,156,28873.75,28874.25,0.50
2026-06-11 10:39:11,28877.50,28877.75,28871.25,28874.25,125,28872.75,28873.50,0.75
2026-06-11 10:39:12,28873.75,28874.75,28872.25,28873.00,104,28872.75,28873.50,0.75
2026-06-11 10:39:13,28873.25,28875.25,28871.00,28874.50,91,28874.75,28875.25,0.50
2026-06-11 10:39:14,28874.00,28876.25,28872.75,28875.50,51,28880.25,28881.00,0.75
2026-06-11 10:39:15,28874.75,28882.25,28874.75,28880.75,66,28881.25,28881.75,0.50
2026-06-11 10:39:16,28881.00,28882.00,28880.00,28882.00,45,28879.50,28880.00,0.50
2026-06-11 10:39:17,28881.00,28881.50,28879.25,28880.00,30,28871.75,28872.50,0.75
2026-06-11 10:39:18,28879.50,28879.50,28871.00,28872.00,86,28873.50,28874.00,0.50
2026-06-11 10:39:19,28872.75,28875.25,28872.25,28874.50,47,28873.50,28874.00,0.50
2026-06-11 10:39:20,28874.00,28875.25,28872.75,28873.50,40,28863.25,28864.00,0.75
2026-06-11 10:39:21,28873.00,28873.00,28863.50,28863.50,208,28863.25,28864.00,0.75
2026-06-11 10:39:22,28863.50,28864.75,28862.25,28863.25,111,28866.50,28867.25,0.75
2026-06-11 10:39:23,28863.25,28868.25,28863.00,28868.25,99,28866.50,28867.25,0.75
2026-06-11 10:39:24,28867.00,28869.50,28866.75,28869.00,91,28865.75,28866.25,0.50
2026-06-11 10:39:25,28869.00,28869.00,28865.50,28866.50,55,28867.25,28867.75,0.50
2026-06-11 10:39:26,28867.00,28868.00,28864.25,28867.25,69,28872.75,28873.50,0.75
2026-06-11 10:39:27,28867.75,28872.50,28867.50,28872.00,80,28872.75,28873.50,0.75
2026-06-11 10:39:28,28873.00,28878.50,28872.75,28878.00,121,28877.50,28878.00,0.50
2026-06-11 10:39:29,28878.00,28878.00,28874.50,28877.75,54,28876.25,28876.75,0.50
2026-06-11 10:39:30,28877.25,28879.75,28876.25,28877.00,39,28872.25,28872.75,0.50
2026-06-11 10:39:31,28876.25,28876.25,28871.75,28872.75,64,28870.75,28871.25,0.50
2026-06-11 10:39:32,28872.00,28872.00,28869.00,28870.75,47,28872.75,28873.50,0.75
2026-06-11 10:39:33,28870.75,28873.75,28870.25,28873.25,51,28878.25,28879.00,0.75
2026-06-11 10:39:34,28873.75,28879.25,28873.75,28878.75,63,28881.00,28881.75,0.75
2026-06-11 10:39:35,28878.25,28881.75,28876.50,28881.75,55,28881.00,28881.75,0.75
2026-06-11 10:39:36,28881.75,28888.25,28879.75,28886.00,233,28884.00,28884.50,0.50
2026-06-11 10:39:37,28885.50,28886.75,28885.00,28885.25,89,28877.75,28878.50,0.75
2026-06-11 10:39:38,28883.75,28885.00,28877.50,28878.50,75,28871.00,28871.75,0.75
2026-06-11 10:39:39,28877.75,28878.50,28870.75,28871.25,221,28871.00,28871.75,0.75
2026-06-11 10:39:40,28871.25,28873.00,28870.25,28872.50,40,28868.00,28868.50,0.50
2026-06-11 10:39:41,28871.50,28871.50,28867.25,28868.00,134,28868.00,28868.50,0.50
2026-06-11 10:39:42,28868.00,28869.25,28865.50,28868.50,130,28876.25,28876.75,0.50
2026-06-11 10:39:43,28869.00,28877.50,28869.00,28876.75,57,28873.00,28873.50,0.50
2026-06-11 10:39:44,28876.75,28876.75,28872.75,28873.00,25,28873.25,28873.75,0.50
2026-06-11 10:39:45,28873.25,28874.50,28872.50,28873.00,16,28872.25,28873.00,0.75
2026-06-11 10:39:46,28872.75,28873.75,28871.00,28872.50,55,28865.00,28865.75,0.75
2026-06-11 10:39:47,28873.00,28873.00,28865.00,28865.75,82,28867.00,28867.75,0.75
2026-06-11 10:39:48,28864.50,28867.50,28864.25,28867.25,52,28864.25,28865.00,0.75
2026-06-11 10:39:49,28867.25,28867.25,28863.25,28864.50,37,28865.25,28865.75,0.50
2026-06-11 10:39:50,28864.00,28865.75,28862.75,28865.75,36,28864.00,28864.50,0.50
2026-06-11 10:39:51,28865.75,28866.00,28864.25,28864.50,49,28863.50,28864.00,0.50
2026-06-11 10:39:52,28864.00,28865.25,28860.50,28863.50,103,28863.25,28863.75,0.50
2026-06-11 10:39:53,28863.75,28865.00,28863.50,28863.50,47,28867.00,28867.75,0.75
2026-06-11 10:39:54,28862.25,28866.25,28862.25,28866.25,66,28871.50,28872.00,0.50
2026-06-11 10:39:55,28866.25,28872.75,28866.25,28872.00,112,28871.50,28872.00,0.50
2026-06-11 10:39:56,28872.00,28872.00,28868.25,28869.50,45,28869.75,28870.25,0.50
2026-06-11 10:39:57,28870.25,28870.75,28869.00,28870.50,21,28869.50,28870.25,0.75
2026-06-11 10:39:58,28869.75,28871.25,28869.25,28870.50,13,28868.00,28868.75,0.75
2026-06-11 10:39:59,28869.50,28871.00,28868.00,28868.25,31,28870.25,28870.75,0.50
2026-06-11 10:40:00,28868.75,28871.00,28867.50,28871.00,33,28867.00,28867.50,0.50
2026-06-11 10:40:01,28870.50,28873.25,28866.75,28869.00,137,28870.00,28870.50,0.50
2026-06-11 10:40:02,28868.00,28870.75,28867.75,28870.25,24,28871.75,28872.25,0.50
2026-06-11 10:40:03,28870.50,28872.50,28869.00,28871.75,40,28869.00,28869.50,0.50
2026-06-11 10:40:04,28871.75,28874.75,28866.75,28868.50,103,28871.25,28872.00,0.75
2026-06-11 10:40:05,28869.50,28872.50,28869.50,28871.00,51,28876.75,28877.50,0.75
2026-06-11 10:40:06,28871.75,28878.00,28871.00,28878.00,90,28879.75,28880.25,0.50
2026-06-11 10:40:07,28877.75,28881.50,28877.25,28880.25,84,28880.25,28881.00,0.75
2026-06-11 10:40:08,28879.75,28884.00,28878.75,28880.50,86,28884.75,28885.50,0.75
2026-06-11 10:40:09,28881.00,28885.25,28878.75,28884.75,132,28884.75,28885.50,0.75
2026-06-11 10:40:10,28885.50,28890.00,28884.75,28887.75,132,28890.00,28890.50,0.50
2026-06-11 10:40:11,28888.00,28890.50,28886.00,28890.50,132,28892.25,28893.00,0.75
2026-06-11 10:40:12,28890.50,28894.75,28890.25,28892.00,181,28892.75,28893.50,0.75
2026-06-11 10:40:13,28892.25,28893.50,28891.25,28893.00,110,28891.75,28892.50,0.75
2026-06-11 10:40:14,28892.50,28893.00,28890.25,28892.25,79,28891.75,28892.50,0.75
2026-06-11 10:40:15,28891.75,28892.50,28889.00,28890.00,107,28893.00,28893.50,0.50
2026-06-11 10:40:16,28890.75,28893.50,28890.00,28892.75,61,28885.75,28886.25,0.50
2026-06-11 10:40:17,28893.00,28893.00,28885.25,28886.00,165,28890.00,28890.50,0.50
2026-06-11 10:40:18,28886.00,28891.25,28886.00,28890.50,62,28889.75,28890.25,0.50
2026-06-11 10:40:19,28890.75,28891.00,28888.50,28889.50,43,28892.50,28893.25,0.75
2026-06-11 10:40:20,28889.75,28895.00,28889.75,28893.00,62,28893.25,28893.75,0.50
2026-06-11 10:40:21,28894.00,28896.00,28893.00,28893.50,67,28893.25,28893.75,0.50
2026-06-11 10:40:22,28893.50,28894.25,28891.25,28892.25,61,28886.75,28887.25,0.50
2026-06-11 10:40:23,28892.00,28892.00,28885.75,28886.75,86,28888.25,28888.75,0.50
2026-06-11 10:40:24,28886.75,28889.25,28886.25,28888.00,33,28889.50,28890.00,0.50
2026-06-11 10:40:25,28888.25,28889.25,28887.75,28888.75,40,28882.75,28883.25,0.50
2026-06-11 10:40:26,28890.50,28890.50,28881.25,28882.75,114,28883.75,28884.25,0.50
2026-06-11 10:40:27,28882.75,28886.50,28882.75,28883.75,35,28885.75,28886.50,0.75
2026-06-11 10:40:28,28883.75,28886.25,28883.00,28886.25,25,28885.75,28886.50,0.75
2026-06-11 10:40:29,28886.25,28889.50,28878.00,28880.25,123,28879.50,28880.00,0.50
2026-06-11 10:40:30,28880.75,28882.50,28878.25,28879.75,111,28875.75,28876.25,0.50
2026-06-11 10:40:31,28879.25,28880.00,28872.00,28876.25,157,28874.50,28875.00,0.50
2026-06-11 10:40:32,28876.50,28877.25,28874.75,28874.75,59,28872.00,28872.50,0.50
2026-06-11 10:40:33,28874.00,28874.75,28872.00,28872.25,72,28876.25,28877.00,0.75
2026-06-11 10:40:34,28872.25,28878.25,28870.25,28877.25,82,28883.50,28884.25,0.75
2026-06-11 10:40:35,28877.00,28884.00,28877.00,28884.00,117,28879.25,28879.75,0.50
2026-06-11 10:40:36,28883.75,28884.50,28880.00,28880.00,43,28879.25,28879.75,0.50
2026-06-11 10:40:37,28879.50,28882.00,28879.25,28881.75,33,28889.00,28889.75,0.75
2026-06-11 10:40:38,28883.25,28889.25,28882.00,28889.25,68,28888.75,28889.25,0.50
2026-06-11 10:40:39,28889.25,28891.25,28887.75,28889.00,65,28889.75,28890.50,0.75
2026-06-11 10:40:40,28888.75,28891.25,28888.75,28891.00,43,28888.75,28889.25,0.50
2026-06-11 10:40:41,28889.75,28892.25,28888.50,28889.25,87,28889.50,28890.25,0.75
2026-06-11 10:40:42,28889.50,28891.50,28889.50,28890.25,32,28881.75,28882.25,0.50
2026-06-11 10:40:43,28889.50,28889.50,28881.00,28882.25,84,28881.50,28882.25,0.75
2026-06-11 10:40:44,28881.25,28884.25,28881.25,28881.25,66,28877.25,28877.75,0.50
2026-06-11 10:40:45,28881.50,28883.25,28877.00,28877.75,54,28877.00,28877.50,0.50
2026-06-11 10:40:46,28877.75,28878.25,28876.50,28877.00,38,28877.25,28877.75,0.50
2026-06-11 10:40:47,28877.50,28878.25,28877.00,28877.50,31,28877.50,28878.00,0.50
2026-06-11 10:40:48,28877.00,28880.50,28876.75,28877.75,32,28879.75,28880.50,0.75
2026-06-11 10:40:49,28878.00,28880.00,28877.75,28879.75,33,28877.75,28878.50,0.75
2026-06-11 10:40:50,28879.75,28881.25,28877.00,28878.50,26,28881.00,28881.75,0.75
2026-06-11 10:40:51,28877.75,28881.50,28876.50,28881.50,49,28880.50,28881.25,0.75
2026-06-11 10:40:52,28881.75,28882.00,28879.75,28881.25,29,28882.00,28882.75,0.75
2026-06-11 10:40:53,28880.75,28883.50,28879.50,28882.25,31,28884.00,28884.50,0.50
2026-06-11 10:40:54,28882.00,28884.00,28881.25,28884.00,20,28885.00,28885.75,0.75
2026-06-11 10:40:55,28884.25,28885.50,28884.00,28884.25,38,28885.00,28885.75,0.75
2026-06-11 10:40:56,28885.00,28885.75,28880.00,28882.50,45,28883.00,28883.75,0.75
2026-06-11 10:40:57,28883.75,28884.75,28883.00,28883.25,10,28883.00,28883.75,0.75
2026-06-11 10:40:58,28883.50,28885.00,28881.25,28882.50,23,28881.25,28881.75,0.50
2026-06-11 10:40:59,28881.75,28882.75,28881.00,28881.25,20,28876.75,28877.25,0.50
2026-06-11 10:41:00,28881.25,28882.00,28878.00,28878.25,35,28884.00,28884.75,0.75
2026-06-11 10:41:01,28876.25,28887.00,28875.75,28884.00,180,28883.00,28883.50,0.50
2026-06-11 10:41:02,28884.00,28884.00,28880.75,28883.50,35,28884.00,28884.50,0.50
2026-06-11 10:41:03,28884.00,28886.50,28883.50,28884.25,33,28887.75,28888.25,0.50
2026-06-11 10:41:04,28883.50,28888.50,28882.75,28887.00,101,28887.75,28888.25,0.50
2026-06-11 10:41:05,28887.75,28888.50,28885.00,28887.50,50,28887.75,28888.50,0.75
2026-06-11 10:41:06,28887.25,28889.75,28886.50,28888.00,52,28886.25,28887.00,0.75
2026-06-11 10:41:07,28888.50,28888.50,28883.00,28886.25,76,28883.25,28883.75,0.50
2026-06-11 10:41:08,28886.00,28888.00,28883.50,28884.00,38,28885.25,28886.00,0.75
2026-06-11 10:41:09,28883.50,28886.25,28881.75,28884.00,55,28885.00,28885.75,0.75
2026-06-11 10:41:10,28885.25,28887.00,28885.25,28886.50,35,28886.75,28887.50,0.75
2026-06-11 10:41:11,28885.50,28887.50,28885.50,28887.50,24,28883.25,28884.00,0.75
2026-06-11 10:41:12,28887.75,28888.25,28882.00,28884.00,67,28884.75,28885.50,0.75
2026-06-11 10:41:13,28883.50,28886.00,28882.75,28885.75,29,28885.75,28886.50,0.75
2026-06-11 10:41:14,28885.25,28889.75,28885.25,28888.00,80,28885.75,28886.50,0.75
2026-06-11 10:41:15,28886.75,28887.00,28885.25,28886.25,31,28887.00,28887.50,0.50
2026-06-11 10:41:16,28885.75,28888.50,28884.50,28888.25,43,28887.00,28887.50,0.50
2026-06-11 10:41:17,28887.50,28889.00,28887.00,28887.50,27,28887.75,28888.50,0.75
2026-06-11 10:41:18,28887.50,28892.75,28887.50,28888.75,164,28895.25,28895.75,0.50
2026-06-11 10:41:19,28888.00,28895.50,28888.00,28895.50,108,28894.00,28894.75,0.75
2026-06-11 10:41:20,28895.75,28896.25,28892.50,28894.25,87,28896.00,28896.75,0.75
2026-06-11 10:41:21,28894.50,28898.50,28894.50,28897.25,100,28903.00,28903.75,0.75
2026-06-11 10:41:22,28896.00,28903.50,28895.25,28903.25,213,28899.50,28900.25,0.75
2026-06-11 10:41:23,28903.75,28904.50,28898.00,28900.25,204,28899.75,28900.25,0.50
2026-06-11 10:41:24,28900.00,28903.00,28898.75,28900.25,145,28899.50,28900.00,0.50
2026-06-11 10:41:25,28900.25,28901.25,28898.75,28899.75,50,28899.50,28900.00,0.50
2026-06-11 10:41:26,28899.75,28901.25,28897.75,28901.25,75,28898.75,28899.50,0.75
2026-06-11 10:41:27,28900.50,28900.75,28898.75,28899.25,51,28900.25,28901.00,0.75
2026-06-11 10:41:28,28899.50,28901.50,28899.50,28900.75,37,28900.25,28901.00,0.75
2026-06-11 10:41:29,28901.00,28905.75,28900.25,28903.50,113,28905.25,28905.75,0.50
2026-06-11 10:41:30,28903.75,28908.00,28903.25,28906.00,154,28904.25,28905.00,0.75
2026-06-11 10:41:31,28905.75,28907.25,28902.75,28904.50,169,28894.50,28895.00,0.50
2026-06-11 10:41:32,28904.00,28904.00,28894.50,28894.75,137,28894.75,28895.25,0.50
2026-06-11 10:41:33,28894.75,28895.75,28892.00,28894.75,111,28888.75,28889.50,0.75
2026-06-11 10:41:34,28894.75,28895.75,28887.50,28889.25,173,28892.00,28892.75,0.75
2026-06-11 10:41:35,28889.00,28892.75,28888.00,28892.50,118,28892.75,28893.50,0.75
2026-06-11 10:41:36,28891.75,28894.00,28890.50,28894.00,54,28892.75,28893.50,0.75
2026-06-11 10:41:37,28893.25,28898.25,28892.00,28896.25,65,28894.50,28895.25,0.75
2026-06-11 10:41:38,28896.00,28897.00,28894.00,28895.00,55,28888.25,28889.00,0.75
2026-06-11 10:41:39,28893.75,28894.50,28888.00,28888.25,52,28887.75,28888.25,0.50
2026-06-11 10:41:40,28888.00,28888.50,28886.00,28887.75,70,28885.25,28885.75,0.50
2026-06-11 10:41:41,28887.75,28889.25,28879.75,28885.75,212,28880.75,28881.50,0.75
2026-06-11 10:41:42,28886.00,28886.50,28878.00,28881.75,217,28880.75,28881.50,0.75
2026-06-11 10:41:43,28881.25,28883.00,28877.50,28881.50,153,28883.50,28884.25,0.75
2026-06-11 10:41:44,28882.25,28884.75,28881.75,28884.00,65,28888.25,28889.00,0.75
2026-06-11 10:41:45,28884.25,28890.25,28884.25,28890.00,177,28884.75,28885.50,0.75
2026-06-11 10:41:46,28887.75,28887.75,28885.00,28885.25,25,28884.75,28885.50,0.75
2026-06-11 10:41:47,28885.00,28887.00,28882.75,28886.25,53,28887.00,28887.50,0.50
2026-06-11 10:41:48,28887.25,28889.00,28885.00,28888.25,24,28894.25,28894.75,0.50
2026-06-11 10:41:49,28889.25,28896.00,28888.50,28894.75,92,28894.50,28895.00,0.50
2026-06-11 10:41:50,28894.75,28895.75,28893.75,28894.25,52,28893.50,28894.00,0.50
2026-06-11 10:41:51,28895.75,28897.00,28893.50,28894.25,47,28889.00,28889.75,0.75
2026-06-11 10:41:52,28894.00,28894.25,28887.75,28889.25,68,28887.00,28887.75,0.75
2026-06-11 10:41:53,28889.75,28889.75,28886.00,28887.25,26,28882.50,28883.25,0.75
2026-06-11 10:41:54,28887.50,28887.50,28883.25,28883.75,98,28882.50,28883.25,0.75
2026-06-11 10:41:55,28882.75,28888.25,28882.50,28887.75,64,28886.00,28886.75,0.75
2026-06-11 10:41:56,28887.50,28888.25,28885.50,28885.50,18,28891.75,28892.50,0.75
2026-06-11 10:41:57,28886.00,28891.25,28886.00,28890.50,38,28890.00,28890.75,0.75
2026-06-11 10:41:58,28892.75,28893.00,28889.50,28889.75,24,28891.75,28892.50,0.75
2026-06-11 10:41:59,28890.00,28895.00,28890.00,28891.25,61,28891.50,28892.25,0.75
2026-06-11 10:42:00,28892.50,28892.75,28889.00,28892.25,28,28890.75,28891.50,0.75
2026-06-11 10:42:01,28892.25,28894.75,28890.00,28891.25,105,28889.00,28889.75,0.75
2026-06-11 10:42:02,28891.50,28892.25,28888.75,28889.75,33,28885.50,28886.25,0.75
2026-06-11 10:42:03,28889.00,28889.25,28884.00,28886.75,155,28885.75,28886.50,0.75
2026-06-11 10:42:04,28885.50,28887.50,28885.00,28886.25,44,28884.25,28884.75,0.50
2026-06-11 10:42:05,28886.50,28887.25,28881.00,28883.75,110,28876.25,28876.75,0.50
2026-06-11 10:42:06,28884.25,28885.00,28875.25,28876.75,156,28884.75,28885.50,0.75
2026-06-11 10:42:07,28876.25,28886.00,28875.75,28885.00,123,28882.75,28883.50,0.75
2026-06-11 10:42:08,28884.75,28886.75,28882.00,28883.25,86,28884.75,28885.50,0.75
2026-06-11 10:42:09,28884.50,28886.50,28883.25,28885.25,29,28890.00,28890.75,0.75
2026-06-11 10:42:10,28885.25,28890.50,28885.25,28889.75,58,28887.50,28888.00,0.50
2026-06-11 10:42:11,28890.75,28891.00,28886.25,28888.25,47,28888.00,28888.75,0.75
2026-06-11 10:42:12,28887.50,28888.25,28886.50,28888.25,28,28883.75,28884.25,0.50
2026-06-11 10:42:13,28888.00,28888.75,28884.75,28885.00,21,28883.75,28884.25,0.50
2026-06-11 10:42:14,28884.50,28893.75,28883.75,28890.50,135,28889.25,28889.75,0.50
2026-06-11 10:42:15,28891.50,28893.00,28889.25,28889.75,52,28892.00,28892.50,0.50
2026-06-11 10:42:16,28891.00,28892.50,28890.50,28891.75,19,28891.50,28892.25,0.75
2026-06-11 10:42:17,28893.00,28893.25,28891.25,28892.50,42,28893.00,28893.50,0.50
2026-06-11 10:42:18,28892.75,28894.25,28892.25,28892.50,37,28889.00,28889.75,0.75
2026-06-11 10:42:19,28893.50,28893.75,28887.75,28889.50,49,28893.75,28894.25,0.50
2026-06-11 10:42:20,28891.50,28895.25,28891.50,28894.00,33,28899.00,28899.50,0.50
2026-06-11 10:42:21,28893.50,28901.25,28892.75,28900.50,144,28899.00,28899.50,0.50
2026-06-11 10:42:22,28899.25,28899.25,28896.00,28898.00,81,28897.75,28898.25,0.50
2026-06-11 10:42:23,28897.50,28898.50,28895.00,28898.50,46,28903.00,28903.50,0.50
2026-06-11 10:42:24,28898.25,28903.50,28898.25,28903.25,87,28906.50,28907.00,0.50
2026-06-11 10:42:25,28903.25,28907.00,28902.00,28906.75,200,28900.25,28900.75,0.50
2026-06-11 10:42:26,28906.50,28908.50,28900.00,28901.00,204,28897.00,28897.50,0.50
2026-06-11 10:42:27,28899.75,28899.75,28895.50,28897.25,80,28894.00,28894.50,0.50
2026-06-11 10:42:28,28896.50,28896.50,28893.50,28894.00,63,28891.75,28892.25,0.50
2026-06-11 10:42:29,28894.50,28894.50,28890.50,28891.75,46,28893.75,28894.25,0.50
2026-06-11 10:42:30,28892.25,28894.50,28892.00,28894.25,43,28893.25,28893.75,0.50
2026-06-11 10:42:31,28894.25,28894.50,28892.75,28892.75,37,28896.75,28897.50,0.75
2026-06-11 10:42:32,28893.25,28898.50,28893.00,28896.25,48,28894.50,28895.25,0.75
2026-06-11 10:42:33,28896.50,28896.50,28891.75,28895.25,47,28896.75,28897.50,0.75
2026-06-11 10:42:34,28894.50,28898.75,28894.25,28896.50,42,28897.75,28898.50,0.75
2026-06-11 10:42:35,28897.00,28898.50,28896.50,28898.50,13,28895.00,28895.50,0.50
2026-06-11 10:42:36,28897.75,28897.75,28893.50,28895.00,24,28891.50,28892.00,0.50
2026-06-11 10:42:37,28895.50,28896.75,28891.75,28891.75,51,28881.25,28882.00,0.75
2026-06-11 10:42:38,28891.50,28892.00,28880.25,28882.00,254,28881.25,28882.00,0.75
2026-06-11 10:42:39,28881.75,28882.75,28875.25,28881.50,222,28883.25,28883.75,0.50
2026-06-11 10:42:40,28881.25,28883.50,28881.25,28882.75,64,28886.50,28887.00,0.50
2026-06-11 10:42:41,28884.25,28887.25,28883.75,28886.75,32,28892.00,28892.75,0.75
2026-06-11 10:42:42,28885.75,28892.00,28885.00,28892.00,69,28892.00,28892.75,0.75
2026-06-11 10:42:43,28892.25,28894.00,28890.00,28893.25,34,28898.75,28899.75,1.00
2026-06-11 10:42:44,28893.50,28901.00,28892.75,28898.25,158,28900.50,28901.00,0.50
2026-06-11 10:42:45,28900.25,28901.00,28898.75,28901.00,51,28894.00,28894.75,0.75
2026-06-11 10:42:46,28900.50,28900.50,28895.25,28895.25,50,28891.50,28892.00,0.50
2026-06-11 10:42:47,28894.00,28896.50,28893.00,28893.25,53,28895.00,28895.50,0.50
2026-06-11 10:42:48,28892.75,28895.50,28892.75,28895.00,26,28893.50,28894.00,0.50
2026-06-11 10:42:49,28894.25,28895.25,28893.00,28893.75,20,28898.50,28899.25,0.75
2026-06-11 10:42:50,28894.75,28899.50,28894.00,28898.75,75,28898.50,28899.00,0.50
2026-06-11 10:42:51,28898.50,28899.50,28896.75,28897.75,37,28901.50,28902.25,0.75
2026-06-11 10:42:52,28899.50,28902.25,28898.25,28901.75,47,28899.00,28899.50,0.50
2026-06-11 10:42:53,28902.25,28903.75,28898.75,28900.00,81,28899.50,28900.25,0.75
2026-06-11 10:42:54,28899.50,28901.75,28897.50,28900.50,68,28904.50,28905.00,0.50
2026-06-11 10:42:55,28901.00,28904.75,28901.00,28904.75,39,28903.25,28903.75,0.50
2026-06-11 10:42:56,28904.50,28904.50,28902.75,28904.00,26,28904.25,28905.00,0.75
2026-06-11 10:42:57,28905.00,28906.50,28903.50,28905.00,94,28900.00,28900.75,0.75
2026-06-11 10:42:58,28904.25,28904.25,28899.50,28900.00,36,28901.25,28901.75,0.50
2026-06-11 10:42:59,28900.25,28902.75,28900.25,28901.50,46,28903.25,28904.00,0.75
2026-06-11 10:43:00,28901.25,28904.25,28900.50,28903.50,38,28903.25,28903.75,0.50
2026-06-11 10:43:01,28903.50,28903.75,28901.75,28903.50,66,28900.50,28901.00,0.50
2026-06-11 10:43:02,28904.00,28904.00,28900.75,28901.00,44,28900.00,28900.50,0.50
2026-06-11 10:43:03,28900.50,28901.25,28899.00,28901.00,58,28900.00,28900.50,0.50
2026-06-11 10:43:04,28900.25,28901.50,28897.50,28901.50,94,28901.25,28901.75,0.50
2026-06-11 10:43:05,28901.25,28904.00,28900.75,28901.00,37,28901.00,28901.75,0.75
2026-06-11 10:43:06,28900.75,28903.00,28900.75,28900.75,41,28906.00,28906.50,0.50
2026-06-11 10:43:07,28902.00,28906.50,28902.00,28905.50,58,28910.00,28910.50,0.50
2026-06-11 10:43:08,28906.75,28913.00,28904.75,28910.25,297,28911.75,28912.50,0.75
2026-06-11 10:43:09,28910.50,28915.00,28910.00,28912.75,221,28912.00,28912.50,0.50
2026-06-11 10:43:10,28912.50,28917.25,28911.25,28912.25,240,28908.75,28909.50,0.75
2026-06-11 10:43:11,28912.00,28913.00,28907.75,28909.00,122,28910.00,28910.50,0.50
2026-06-11 10:43:12,28909.25,28912.50,28909.00,28910.50,74,28906.50,28907.00,0.50
2026-06-11 10:43:13,28909.75,28911.25,28906.25,28906.50,77,28905.25,28905.75,0.50
2026-06-11 10:43:14,28907.00,28910.00,28904.75,28905.50,96,28904.00,28904.75,0.75
2026-06-11 10:43:15,28905.50,28906.50,28902.75,28903.50,63,28900.50,28901.25,0.75
2026-06-11 10:43:16,28904.75,28905.25,28900.75,28900.75,84,28900.00,28900.50,0.50
2026-06-11 10:43:17,28900.50,28902.75,28898.00,28900.50,110,28897.00,28897.50,0.50
2026-06-11 10:43:18,28900.25,28900.75,28896.75,28897.00,126,28897.75,28898.25,0.50
2026-06-11 10:43:19,28897.50,28899.75,28893.25,28899.00,176,28894.00,28894.75,0.75
2026-06-11 10:43:20,28897.50,28898.75,28894.00,28894.50,87,28890.25,28890.75,0.50
2026-06-11 10:43:21,28893.25,28894.00,28888.00,28890.25,146,28890.25,28890.75,0.50
2026-06-11 10:43:22,28890.75,28891.50,28887.75,28890.25,158,28888.75,28889.25,0.50
2026-06-11 10:43:23,28890.25,28890.25,28887.75,28888.75,73,28888.75,28889.25,0.50
2026-06-11 10:43:24,28888.75,28892.50,28888.75,28890.75,65,28884.75,28885.50,0.75
2026-06-11 10:43:25,28890.50,28891.00,28883.75,28884.75,154,28887.50,28888.00,0.50
2026-06-11 10:43:26,28885.75,28887.50,28884.50,28887.50,106,28892.50,28893.00,0.50
2026-06-11 10:43:27,28888.00,28893.25,28887.50,28892.50,74,28897.25,28897.75,0.50
2026-06-11 10:43:28,28893.00,28898.50,28893.00,28897.25,109,28894.50,28895.00,0.50
2026-06-11 10:43:29,28898.00,28899.50,28893.50,28895.00,65,28888.00,28888.75,0.75
2026-06-11 10:43:30,28894.50,28895.25,28887.75,28888.25,65,28890.25,28890.75,0.50
2026-06-11 10:43:31,28888.75,28891.25,28888.75,28891.00,26,28890.00,28890.50,0.50
2026-06-11 10:43:32,28890.50,28892.25,28890.00,28891.00,21,28890.00,28890.50,0.50
2026-06-11 10:43:33,28890.00,28892.00,28889.25,28891.75,26,28888.50,28889.25,0.75
2026-06-11 10:43:34,28890.50,28890.50,28888.00,28890.50,43,28889.50,28890.25,0.75
2026-06-11 10:43:35,28889.25,28889.75,28887.25,28888.50,25,28887.25,28887.75,0.50
2026-06-11 10:43:36,28890.00,28890.00,28885.00,28887.25,55,28886.75,28887.50,0.75
2026-06-11 10:43:37,28887.75,28888.75,28886.25,28888.00,40,28888.50,28889.00,0.50
2026-06-11 10:43:38,28886.25,28889.00,28886.25,28889.00,19,28887.75,28888.25,0.50
2026-06-11 10:43:39,28889.00,28889.75,28886.25,28888.00,63,28884.75,28885.50,0.75
2026-06-11 10:43:40,28887.75,28888.50,28884.50,28885.25,48,28880.00,28880.50,0.50
2026-06-11 10:43:41,28884.75,28884.75,28879.25,28879.75,203,28874.25,28874.75,0.50
2026-06-11 10:43:42,28880.00,28880.00,28870.00,28874.25,376,28870.75,28871.25,0.50
2026-06-11 10:43:43,28874.50,28876.75,28869.00,28871.00,198,28868.00,28868.50,0.50
2026-06-11 10:43:44,28871.25,28871.25,28864.00,28868.50,245,28868.00,28868.50,0.50
2026-06-11 10:43:45,28867.75,28870.50,28860.00,28860.50,239,28863.75,28864.50,0.75
2026-06-11 10:43:46,28860.00,28865.50,28855.75,28863.50,320,28863.75,28864.50,0.75
2026-06-11 10:43:47,28864.25,28866.25,28863.00,28864.00,101,28865.00,28865.75,0.75
2026-06-11 10:43:48,28863.25,28865.50,28862.00,28865.50,58,28869.75,28870.25,0.50
2026-06-11 10:43:49,28866.00,28870.50,28863.75,28870.00,115,28867.75,28868.25,0.50
2026-06-11 10:43:50,28870.25,28873.00,28867.00,28867.75,98,28872.00,28872.50,0.50
2026-06-11 10:43:51,28868.00,28872.00,28867.25,28871.75,38,28869.50,28870.25,0.75
2026-06-11 10:43:52,28872.50,28874.75,28870.00,28870.00,53,28869.75,28870.25,0.50
2026-06-11 10:43:53,28869.25,28870.75,28866.00,28870.25,71,28871.00,28871.75,0.75
2026-06-11 10:43:54,28870.75,28874.50,28869.25,28871.00,70,28873.50,28874.25,0.75
2026-06-11 10:43:55,28871.50,28874.25,28871.25,28873.50,21,28872.25,28873.00,0.75
2026-06-11 10:43:56,28873.50,28875.50,28870.75,28873.50,64,28873.75,28874.25,0.50
2026-06-11 10:43:57,28872.25,28876.00,28871.75,28873.50,46,28874.00,28874.50,0.50
2026-06-11 10:43:58,28874.00,28874.75,28873.25,28874.00,22,28870.50,28871.00,0.50
2026-06-11 10:43:59,28875.00,28875.50,28870.50,28871.00,59,28868.00,28868.50,0.50
2026-06-11 10:44:00,28870.50,28871.00,28866.00,28868.75,136,28871.00,28871.50,0.50
2026-06-11 10:44:01,28868.75,28871.25,28868.00,28870.50,54,28875.75,28876.50,0.75
2026-06-11 10:44:02,28871.50,28876.50,28868.50,28876.50,112,28873.75,28874.50,0.75
2026-06-11 10:44:03,28875.25,28877.00,28873.75,28874.50,87,28871.00,28871.50,0.50
2026-06-11 10:44:04,28874.50,28874.75,28870.25,28870.75,74,28871.50,28872.00,0.50
2026-06-11 10:44:05,28871.25,28873.00,28868.00,28872.00,57,28874.75,28875.50,0.75
2026-06-11 10:44:06,28872.50,28874.00,28871.50,28874.00,25,28874.75,28875.50,0.75
2026-06-11 10:44:07,28874.75,28874.75,28873.25,28873.50,27,28866.50,28867.00,0.50
2026-06-11 10:44:08,28873.50,28873.75,28866.50,28866.50,65,28871.50,28872.25,0.75
2026-06-11 10:44:09,28866.00,28872.00,28866.00,28871.50,67,28868.75,28869.25,0.50
2026-06-11 10:44:10,28871.25,28871.25,28865.50,28866.75,67,28867.25,28868.00,0.75
2026-06-11 10:44:11,28868.75,28869.00,28867.25,28867.50,31,28860.50,28860.75,0.25
2026-06-11 10:44:12,28867.00,28867.00,28858.75,28860.50,221,28860.50,28860.75,0.25
2026-06-11 10:44:13,28860.75,28861.25,28850.75,28852.25,386,28847.75,28848.50,0.75
2026-06-11 10:44:14,28852.00,28852.50,28843.50,28847.75,505,28840.50,28841.00,0.50
2026-06-11 10:44:15,28848.50,28848.50,28840.75,28840.75,212,28840.50,28841.00,0.50
2026-06-11 10:44:16,28840.75,28854.75,28838.00,28854.00,493,28852.75,28853.25,0.50
2026-06-11 10:44:17,28854.25,28856.50,28852.00,28852.50,169,28854.75,28855.50,0.75
2026-06-11 10:44:18,28853.25,28856.25,28853.25,28856.00,73,28854.75,28855.50,0.75
2026-06-11 10:44:19,28855.25,28856.25,28849.00,28849.50,98,28850.00,28850.50,0.50
2026-06-11 10:44:20,28849.75,28851.00,28848.00,28850.00,57,28853.25,28854.00,0.75
2026-06-11 10:44:21,28849.75,28854.75,28849.50,28854.50,72,28853.75,28854.25,0.50
2026-06-11 10:44:22,28853.75,28855.00,28852.50,28853.00,54,28856.25,28857.00,0.75
2026-06-11 10:44:23,28853.75,28857.75,28852.50,28856.75,82,28855.50,28856.00,0.50
2026-06-11 10:44:24,28856.50,28858.00,28854.75,28855.50,121,28852.50,28853.25,0.75
2026-06-11 10:44:25,28855.50,28856.00,28851.00,28852.50,85,28852.75,28853.25,0.50
2026-06-11 10:44:26,28853.00,28854.00,28849.00,28853.75,76,28860.75,28861.25,0.50
2026-06-11 10:44:27,28852.75,28862.00,28852.75,28861.00,62,28858.75,28859.50,0.75
2026-06-11 10:44:28,28860.75,28862.25,28857.75,28859.50,121,28855.25,28856.00,0.75
2026-06-11 10:44:29,28859.25,28859.25,28853.25,28854.75,72,28855.50,28856.00,0.50
2026-06-11 10:44:30,28856.00,28859.25,28855.25,28855.25,123,28851.75,28852.25,0.50
2026-06-11 10:44:31,28855.50,28855.50,28849.50,28852.25,95,28854.00,28854.75,0.75
2026-06-11 10:44:32,28851.75,28854.25,28851.25,28853.75,34,28854.25,28854.75,0.50
2026-06-11 10:44:33,28854.00,28855.25,28852.50,28854.25,39,28861.00,28861.50,0.50
2026-06-11 10:44:34,28855.25,28862.25,28855.25,28861.50,92,28859.00,28859.25,0.25
2026-06-11 10:44:35,28861.50,28862.75,28859.75,28859.75,41,28859.00,28859.25,0.25
2026-06-11 10:44:36,28859.25,28863.50,28858.75,28862.50,53,28863.50,28864.00,0.50
2026-06-11 10:44:37,28863.00,28865.00,28860.50,28863.75,97,28863.00,28863.75,0.75
2026-06-11 10:44:38,28862.75,28863.75,28861.00,28862.75,62,28859.50,28860.25,0.75
2026-06-11 10:44:39,28863.75,28863.75,28859.25,28860.25,65,28850.50,28851.25,0.75
2026-06-11 10:44:40,28859.50,28859.50,28851.25,28851.50,119,28850.50,28851.25,0.75
2026-06-11 10:44:41,28851.00,28851.75,28846.75,28848.25,93,28848.50,28849.25,0.75
2026-06-11 10:44:42,28849.00,28850.00,28847.50,28848.25,52,28851.75,28852.25,0.50
2026-06-11 10:44:43,28849.00,28853.50,28847.75,28853.25,79,28851.75,28852.25,0.50
2026-06-11 10:44:44,28852.00,28854.00,28850.75,28852.75,104,28852.75,28853.50,0.75
2026-06-11 10:44:45,28852.50,28854.75,28851.50,28853.00,48,28851.50,28852.00,0.50
2026-06-11 10:44:46,28852.50,28852.50,28851.00,28851.00,34,28846.00,28847.00,1.00
2026-06-11 10:44:47,28851.50,28851.50,28846.75,28846.75,39,28846.00,28847.00,1.00
2026-06-11 10:44:48,28846.50,28847.00,28836.00,28837.00,223,28835.75,28836.25,0.50
2026-06-11 10:44:49,28837.00,28837.00,28829.50,28834.75,421,28840.50,28841.00,0.50
2026-06-11 10:44:50,28837.00,28843.25,28835.00,28841.00,223,28832.50,28833.25,0.75
2026-06-11 10:44:51,28841.00,28842.50,28833.00,28833.00,117,28832.50,28833.25,0.75
2026-06-11 10:44:52,28833.25,28833.50,28820.50,28822.00,401,28821.50,28822.25,0.75
2026-06-11 10:44:53,28821.50,28823.75,28820.00,28821.00,213,28820.25,28821.00,0.75
2026-06-11 10:44:54,28821.50,28822.50,28817.75,28820.25,230,28822.50,28823.25,0.75
2026-06-11 10:44:55,28821.50,28823.75,28816.50,28822.50,176,28826.25,28827.00,0.75
2026-06-11 10:44:56,28822.50,28827.50,28822.50,28826.75,101,28823.75,28824.25,0.50
2026-06-11 10:44:57,28827.75,28828.25,28824.00,28824.75,83,28820.00,28820.50,0.50
2026-06-11 10:44:58,28823.75,28823.75,28818.25,28819.75,135,28820.25,28821.00,0.75
2026-06-11 10:44:59,28820.50,28822.75,28819.75,28820.50,105,28820.25,28821.00,0.75
2026-06-11 10:45:00,28820.75,28821.75,28817.00,28818.75,105,28823.75,28824.50,0.75
2026-06-11 10:45:01,28819.25,28827.25,28819.25,28824.25,236,28821.25,28822.00,0.75
2026-06-11 10:45:02,28823.75,28826.25,28820.75,28821.75,135,28824.00,28824.50,0.50
2026-06-11 10:45:03,28821.25,28825.75,28821.00,28825.50,98,28832.25,28833.00,0.75
2026-06-11 10:45:04,28824.00,28834.50,28824.00,28832.50,244,28832.25,28833.00,0.75
2026-06-11 10:45:05,28833.00,28836.00,28830.00,28830.00,134,28826.25,28827.00,0.75
2026-06-11 10:45:06,28831.00,28832.00,28826.25,28826.50,132,28828.00,28828.75,0.75
2026-06-11 10:45:07,28827.00,28830.50,28825.00,28827.50,296,28829.50,28830.00,0.50
2026-06-11 10:45:08,28828.75,28831.25,28822.50,28829.50,139,28829.50,28830.25,0.75
2026-06-11 10:45:09,28829.75,28834.25,28829.50,28830.25,125,28829.50,28830.25,0.75
2026-06-11 10:45:10,28830.50,28840.50,28830.50,28837.50,150,28836.75,28837.25,0.50
2026-06-11 10:45:11,28838.25,28840.50,28835.75,28837.25,170,28837.25,28837.75,0.50
2026-06-11 10:45:12,28836.75,28839.50,28835.00,28837.75,140,28838.25,28839.00,0.75
2026-06-11 10:45:13,28837.25,28839.50,28835.50,28838.50,91,28842.75,28843.25,0.50
2026-06-11 10:45:14,28839.25,28844.00,28838.00,28843.50,108,28842.75,28843.25,0.50
2026-06-11 10:45:15,28843.00,28843.50,28841.00,28842.50,88,28841.25,28842.00,0.75
2026-06-11 10:45:16,28842.25,28842.50,28839.25,28841.25,91,28838.25,28839.00,0.75
2026-06-11 10:45:17,28841.50,28843.50,28838.75,28838.75,115,28838.25,28839.00,0.75
2026-06-11 10:45:18,28838.25,28840.25,28831.50,28833.25,141,28829.50,28830.00,0.50
2026-06-11 10:45:19,28833.00,28833.25,28829.50,28830.00,104,28826.25,28826.75,0.50
2026-06-11 10:45:20,28829.25,28829.25,28824.50,28826.50,174,28825.00,28825.75,0.75
2026-06-11 10:45:21,28826.25,28827.00,28823.25,28825.50,91,28830.75,28831.50,0.75
2026-06-11 10:45:22,28825.00,28832.25,28825.00,28829.75,82,28828.50,28829.25,0.75
2026-06-11 10:45:23,28830.75,28831.00,28828.00,28828.50,51,28825.00,28825.50,0.50
2026-06-11 10:45:24,28829.25,28829.50,28825.00,28825.50,65,28819.50,28820.25,0.75
2026-06-11 10:45:25,28825.00,28827.25,28819.00,28820.50,255,28824.75,28825.75,1.00
2026-06-11 10:45:26,28819.50,28826.00,28819.25,28824.50,117,28824.75,28825.75,1.00
2026-06-11 10:45:27,28825.00,28833.75,28825.00,28832.75,119,28833.00,28833.75,0.75
2026-06-11 10:45:28,28833.00,28834.75,28830.00,28834.25,90,28833.00,28833.75,0.75
2026-06-11 10:45:29,28833.50,28836.75,28832.00,28833.75,99,28830.75,28831.25,0.50
2026-06-11 10:45:30,28833.50,28834.25,28830.75,28831.00,47,28830.50,28831.25,0.75
2026-06-11 10:45:31,28830.50,28832.25,28829.25,28831.25,37,28822.75,28823.25,0.50
2026-06-11 10:45:32,28831.00,28831.25,28822.50,28822.50,116,28820.75,28821.50,0.75
2026-06-11 10:45:33,28822.75,28823.25,28818.25,28821.00,173,28822.25,28823.00,0.75
2026-06-11 10:45:34,28821.50,28823.00,28820.50,28822.00,137,28815.75,28816.50,0.75
2026-06-11 10:45:35,28823.75,28824.25,28814.50,28816.25,179,28812.00,28812.75,0.75
2026-06-11 10:45:36,28815.50,28816.25,28811.25,28812.25,230,28812.00,28812.75,0.75
2026-06-11 10:45:37,28812.25,28813.75,28808.50,28813.25,301,28816.00,28816.75,0.75
2026-06-11 10:45:38,28813.50,28818.75,28813.25,28816.25,136,28807.25,28807.75,0.50
2026-06-11 10:45:39,28816.75,28816.75,28807.00,28807.25,153,28808.50,28809.00,0.50
2026-06-11 10:45:40,28807.75,28809.75,28805.00,28808.50,241,28808.50,28809.00,0.50
2026-06-11 10:45:41,28808.50,28808.50,28804.50,28805.50,152,28804.50,28805.25,0.75
2026-06-11 10:45:42,28805.50,28809.75,28805.50,28805.50,111,28803.75,28804.25,0.50
2026-06-11 10:45:43,28805.50,28806.25,28802.75,28804.50,168,28814.00,28814.75,0.75
2026-06-11 10:45:44,28804.50,28816.00,28804.50,28814.00,248,28814.00,28814.75,0.75
2026-06-11 10:45:45,28814.00,28820.00,28813.50,28819.25,165,28820.75,28821.25,0.50
2026-06-11 10:45:46,28819.50,28823.00,28818.00,28821.25,130,28815.50,28816.25,0.75
2026-06-11 10:45:47,28821.25,28822.75,28815.75,28815.75,101,28810.00,28810.75,0.75
2026-06-11 10:45:48,28815.50,28816.25,28809.25,28810.00,96,28809.25,28809.75,0.50
2026-06-11 10:45:49,28810.25,28811.75,28808.50,28809.25,62,28809.25,28810.00,0.75
2026-06-11 10:45:50,28808.50,28810.25,28808.00,28809.50,49,28813.00,28813.50,0.50
2026-06-11 10:45:51,28808.75,28813.50,28808.75,28813.50,47,28813.25,28814.00,0.75
2026-06-11 10:45:52,28813.75,28815.25,28812.75,28814.00,46,28813.25,28814.00,0.75
2026-06-11 10:45:53,28813.50,28819.75,28813.25,28817.25,60,28818.50,28819.25,0.75
2026-06-11 10:45:54,28818.75,28819.00,28815.75,28817.75,58,28818.75,28819.50,0.75
2026-06-11 10:45:55,28817.75,28821.00,28817.75,28819.00,55,28818.25,28818.75,0.50
2026-06-11 10:45:56,28820.00,28820.25,28816.75,28818.50,50,28819.00,28819.75,0.75
2026-06-11 10:45:57,28818.75,28822.25,28818.00,28819.25,61,28818.50,28819.00,0.50
2026-06-11 10:45:58,28819.75,28820.75,28817.50,28819.00,37,28817.50,28818.25,0.75
2026-06-11 10:45:59,28819.25,28820.50,28817.50,28817.75,27,28814.75,28815.50,0.75
2026-06-11 10:46:00,28818.25,28818.25,28815.00,28815.25,53,28814.75,28815.25,0.50
2026-06-11 10:46:01,28815.50,28818.25,28814.50,28815.25,58,28814.75,28815.50,0.75
2026-06-11 10:46:02,28814.75,28819.25,28814.50,28815.00,39,28811.50,28812.25,0.75
2026-06-11 10:46:03,28814.75,28815.50,28808.25,28811.25,103,28811.00,28811.50,0.50
2026-06-11 10:46:04,28812.00,28813.50,28809.75,28811.50,69,28812.50,28813.25,0.75
2026-06-11 10:46:05,28811.50,28814.50,28811.25,28812.50,61,28814.50,28815.25,0.75
2026-06-11 10:46:06,28813.25,28817.50,28811.50,28814.25,81,28812.50,28813.25,0.75
2026-06-11 10:46:07,28813.75,28815.50,28812.00,28813.25,52,28812.50,28813.25,0.75
2026-06-11 10:46:08,28811.00,28814.50,28811.00,28813.00,44,28812.25,28813.00,0.75
2026-06-11 10:46:09,28813.25,28814.50,28812.50,28812.50,16,28817.50,28818.25,0.75
2026-06-11 10:46:10,28813.25,28819.25,28813.25,28818.50,56,28821.75,28822.25,0.50
2026-06-11 10:46:11,28817.50,28822.00,28816.50,28822.00,84,28821.75,28822.25,0.50
2026-06-11 10:46:12,28821.75,28833.50,28821.75,28833.50,342,28832.50,28833.25,0.75
2026-06-11 10:46:13,28833.50,28839.25,28832.50,28839.25,275,28837.75,28838.75,1.00
2026-06-11 10:46:14,28837.50,28842.75,28836.75,28841.00,264,28842.25,28842.75,0.50
2026-06-11 10:46:15,28840.50,28844.25,28839.25,28842.00,162,28839.75,28840.25,0.50
2026-06-11 10:46:16,28842.50,28843.25,28839.00,28840.25,169,28836.75,28837.25,0.50
2026-06-11 10:46:17,28840.00,28840.25,28835.00,28837.50,117,28831.50,28832.00,0.50
2026-06-11 10:46:18,28837.50,28839.75,28831.50,28831.50,109,28827.50,28828.25,0.75
2026-06-11 10:46:19,28832.00,28833.00,28826.50,28827.75,77,28825.50,28826.25,0.75
2026-06-11 10:46:20,28827.50,28827.50,28824.75,28825.50,42,28825.50,28826.25,0.75
2026-06-11 10:46:21,28825.50,28829.00,28824.00,28828.75,118,28824.50,28825.00,0.50
2026-06-11 10:46:22,28828.75,28828.75,28824.25,28825.00,83,28825.75,28826.50,0.75
2026-06-11 10:46:23,28824.75,28826.75,28823.75,28826.50,44,28825.75,28826.50,0.75
2026-06-11 10:46:24,28826.75,28826.75,28823.25,28825.50,61,28823.00,28823.50,0.50
2026-06-11 10:46:25,28825.50,28825.50,28820.00,28823.00,70,28822.50,28823.25,0.75
2026-06-11 10:46:26,28822.75,28824.00,28821.25,28822.00,83,28822.50,28823.25,0.75
2026-06-11 10:46:27,28822.50,28833.00,28822.50,28831.50,76,28830.25,28830.75,0.50
2026-06-11 10:46:28,28832.00,28834.00,28830.25,28830.50,73,28829.00,28829.75,0.75
2026-06-11 10:46:29,28829.75,28829.75,28828.50,28829.00,31,28828.00,28828.50,0.50
2026-06-11 10:46:30,28829.75,28830.00,28828.25,28828.50,27,28823.50,28824.00,0.50
2026-06-11 10:46:31,28828.00,28828.00,28823.25,28823.75,64,28820.25,28820.75,0.50
2026-06-11 10:46:32,28823.75,28824.75,28820.25,28820.50,137,28820.25,28820.75,0.50
2026-06-11 10:46:33,28820.75,28821.25,28819.00,28820.25,59,28818.25,28819.00,0.75
2026-06-11 10:46:34,28820.25,28821.50,28815.50,28818.25,93,28816.50,28817.00,0.50
2026-06-11 10:46:35,28818.75,28818.75,28815.25,28816.50,82,28816.50,28817.00,0.50
2026-06-11 10:46:36,28816.50,28817.25,28809.50,28817.25,247,28816.50,28817.00,0.50
2026-06-11 10:46:37,28817.50,28817.50,28811.75,28812.25,79,28807.25,28807.75,0.50
2026-06-11 10:46:38,28810.75,28810.75,28806.75,28806.75,117,28806.25,28807.00,0.75
2026-06-11 10:46:39,28807.25,28809.50,28805.50,28806.50,128,28801.00,28801.25,0.25
2026-06-11 10:46:40,28806.00,28808.00,28800.00,28800.75,276,28801.00,28801.25,0.25
2026-06-11 10:46:41,28800.75,28801.00,28792.25,28793.25,649,28796.25,28797.25,1.00
2026-06-11 10:46:42,28794.00,28799.25,28785.00,28798.00,588,28796.25,28797.25,1.00
2026-06-11 10:46:43,28796.75,28800.50,28796.50,28798.00,209,28799.00,28799.75,0.75
2026-06-11 10:46:44,28798.25,28801.00,28798.00,28800.00,112,28799.00,28799.75,0.75
2026-06-11 10:46:45,28799.75,28802.25,28795.50,28799.50,113,28799.75,28800.50,0.75
2026-06-11 10:46:46,28799.75,28801.00,28798.25,28800.25,61,28799.50,28800.25,0.75
2026-06-11 10:46:47,28801.50,28804.50,28800.25,28800.50,118,28799.50,28800.25,0.75
2026-06-11 10:46:48,28800.00,28800.00,28792.75,28793.25,90,28789.00,28789.75,0.75
2026-06-11 10:46:49,28793.25,28794.75,28788.75,28790.00,135,28789.00,28789.75,0.75
2026-06-11 10:46:50,28789.25,28797.00,28788.75,28795.25,119,28799.50,28800.25,0.75
2026-06-11 10:46:51,28796.00,28801.75,28796.00,28799.75,103,28797.25,28798.00,0.75
2026-06-11 10:46:52,28799.50,28800.75,28797.25,28797.50,79,28799.50,28800.25,0.75
2026-06-11 10:46:53,28797.50,28799.75,28796.00,28799.75,63,28796.50,28797.00,0.50
2026-06-11 10:46:54,28799.50,28799.50,28794.75,28796.75,54,28796.50,28797.00,0.50
2026-06-11 10:46:55,28796.75,28798.75,28796.25,28798.00,22,28800.75,28801.50,0.75
2026-06-11 10:46:56,28798.25,28802.00,28798.00,28801.00,57,28799.00,28799.50,0.50
2026-06-11 10:46:57,28799.75,28799.75,28796.25,28799.50,60,28799.00,28799.50,0.50
2026-06-11 10:46:58,28799.25,28804.00,28799.25,28802.00,134,28800.00,28800.75,0.75
2026-06-11 10:46:59,28801.50,28801.75,28799.75,28800.50,46,28801.00,28801.50,0.50
2026-06-11 10:47:00,28799.75,28801.00,28798.50,28801.00,73,28800.00,28800.50,0.50
2026-06-11 10:47:01,28801.00,28804.00,28799.75,28800.00,97,28807.25,28808.00,0.75
2026-06-11 10:47:02,28800.75,28808.25,28800.25,28807.50,164,28807.25,28808.00,0.75
2026-06-11 10:47:03,28807.75,28807.75,28802.50,28805.00,78,28809.75,28810.25,0.50
2026-06-11 10:47:04,28805.00,28809.75,28803.75,28809.75,85,28809.75,28810.25,0.50
2026-06-11 10:47:05,28809.50,28813.50,28807.25,28807.25,185,28805.00,28805.75,0.75
2026-06-11 10:47:06,28807.25,28809.75,28803.75,28805.50,84,28812.50,28813.25,0.75
2026-06-11 10:47:07,28806.25,28813.00,28805.75,28811.00,57,28814.50,28815.00,0.50
2026-06-11 10:47:08,28813.75,28818.50,28812.00,28814.75,237,28815.25,28815.75,0.50
2026-06-11 10:47:09,28815.00,28816.00,28813.00,28815.50,148,28814.75,28815.50,0.75
2026-06-11 10:47:10,28815.25,28816.75,28812.50,28814.75,76,28820.75,28821.50,0.75
2026-06-11 10:47:11,28815.00,28821.25,28815.00,28820.75,136,28823.00,28823.75,0.75
2026-06-11 10:47:12,28821.25,28825.75,28821.25,28823.00,176,28823.00,28823.75,0.75
2026-06-11 10:47:13,28823.50,28828.75,28820.00,28824.00,231,28823.00,28823.75,0.75
2026-06-11 10:47:14,28823.75,28827.00,28821.75,28826.50,64,28826.00,28826.75,0.75
2026-06-11 10:47:15,28826.50,28829.75,28825.25,28826.75,89,28827.25,28827.75,0.50
2026-06-11 10:47:16,28826.00,28827.75,28823.75,28827.50,82,28825.00,28825.75,0.75
2026-06-11 10:47:17,28827.00,28827.50,28823.00,28825.25,124,28818.25,28818.75,0.50
2026-06-11 10:47:18,28824.25,28824.25,28818.00,28818.00,114,28813.25,28814.00,0.75
2026-06-11 10:47:19,28819.00,28819.00,28813.75,28813.75,103,28819.50,28820.00,0.50
2026-06-11 10:47:20,28813.50,28819.50,28811.00,28819.00,117,28819.25,28819.75,0.50
2026-06-11 10:47:21,28820.00,28820.00,28817.25,28819.50,67,28824.25,28824.75,0.50
2026-06-11 10:47:22,28819.75,28825.25,28819.75,28824.50,91,28827.00,28827.50,0.50
2026-06-11 10:47:23,28824.25,28829.50,28823.75,28827.50,82,28826.00,28826.50,0.50
2026-06-11 10:47:24,28828.00,28828.00,28824.75,28826.50,53,28818.50,28819.00,0.50
2026-06-11 10:47:25,28826.00,28826.00,28818.50,28818.50,86,28818.50,28819.00,0.50
2026-06-11 10:47:26,28819.00,28819.50,28817.00,28819.00,57,28818.25,28818.75,0.50
2026-06-11 10:47:27,28818.75,28820.75,28817.25,28819.75,61,28821.25,28821.75,0.50
2026-06-11 10:47:28,28818.25,28824.00,28818.25,28821.25,43,28819.25,28820.00,0.75
2026-06-11 10:47:29,28822.25,28823.75,28819.00,28819.75,62,28819.50,28820.00,0.50
2026-06-11 10:47:30,28820.25,28821.00,28818.50,28820.00,32,28821.25,28821.75,0.50
2026-06-11 10:47:31,28819.50,28822.25,28818.25,28821.25,49,28823.25,28823.75,0.50
2026-06-11 10:47:32,28822.00,28827.50,28820.75,28822.75,170,28829.00,28829.75,0.75
2026-06-11 10:47:33,28823.75,28831.75,28823.75,28829.75,164,28826.00,28826.50,0.50
2026-06-11 10:47:34,28829.00,28829.00,28825.25,28825.50,79,28826.00,28826.50,0.50
2026-06-11 10:47:35,28826.00,28829.00,28824.50,28828.25,70,28829.25,28830.00,0.75
2026-06-11 10:47:36,28828.50,28830.75,28826.75,28829.50,40,28828.25,28828.75,0.50
2026-06-11 10:47:37,28829.25,28831.00,28828.75,28828.75,59,28827.75,28828.25,0.50
2026-06-11 10:47:38,28828.25,28829.25,28827.25,28828.00,83,28823.00,28823.75,0.75
2026-06-11 10:47:39,28827.75,28828.50,28823.25,28823.25,76,28821.75,28822.25,0.50
2026-06-11 10:47:40,28823.75,28824.00,28820.25,28821.75,85,28825.25,28826.00,0.75
2026-06-11 10:47:41,28822.00,28826.50,28821.00,28825.50,131,28825.00,28825.50,0.50
2026-06-11 10:47:42,28824.75,28826.50,28822.75,28826.25,72,28827.50,28828.00,0.50
2026-06-11 10:47:43,28825.50,28830.75,28825.50,28828.00,147,28812.50,28813.00,0.50
2026-06-11 10:47:44,28827.50,28827.50,28812.50,28813.25,136,28814.75,28815.50,0.75
2026-06-11 10:47:45,28812.25,28815.75,28809.50,28815.25,103,28814.25,28814.75,0.50
2026-06-11 10:47:46,28814.75,28815.75,28813.25,28814.00,51,28815.00,28815.50,0.50
2026-06-11 10:47:47,28814.00,28816.00,28814.00,28815.00,31,28811.25,28811.75,0.50
2026-06-11 10:47:48,28815.50,28816.25,28810.25,28811.25,74,28808.50,28809.25,0.75
2026-06-11 10:47:49,28811.25,28811.50,28806.00,28809.00,145,28808.75,28809.25,0.50
2026-06-11 10:47:50,28808.50,28809.50,28806.00,28808.25,63,28806.50,28807.00,0.50
2026-06-11 10:47:51,28808.50,28809.25,28804.75,28806.50,61,28803.00,28803.50,0.50
2026-06-11 10:47:52,28806.25,28806.75,28801.75,28803.25,93,28809.75,28810.25,0.50
2026-06-11 10:47:53,28803.00,28812.25,28802.00,28810.25,147,28808.00,28808.75,0.75
2026-06-11 10:47:54,28809.00,28810.75,28807.00,28808.25,78,28802.00,28802.50,0.50
2026-06-11 10:47:55,28807.75,28807.75,28799.50,28803.00,116,28800.00,28800.75,0.75
2026-06-11 10:47:56,28802.00,28803.75,28800.25,28800.25,66,28798.75,28799.25,0.50
2026-06-11 10:47:57,28800.00,28802.50,28798.25,28799.75,107,28798.75,28799.25,0.50
2026-06-11 10:47:58,28799.25,28802.50,28798.75,28801.00,87,28801.25,28802.00,0.75
2026-06-11 10:47:59,28801.50,28802.50,28800.50,28801.00,59,28799.75,28800.50,0.75
2026-06-11 10:48:00,28802.00,28803.25,28798.75,28800.25,91,28795.75,28796.25,0.50
2026-06-11 10:48:01,28800.00,28800.25,28795.75,28795.75,178,28794.25,28795.00,0.75
2026-06-11 10:48:02,28796.25,28798.50,28792.25,28794.75,301,28793.50,28794.25,0.75
2026-06-11 10:48:03,28794.75,28796.25,28792.75,28793.25,101,28786.00,28786.75,0.75
2026-06-11 10:48:04,28793.25,28793.75,28785.00,28786.50,258,28786.00,28786.75,0.75
2026-06-11 10:48:05,28786.75,28787.25,28781.50,28786.25,319,28779.75,28780.50,0.75
2026-06-11 10:48:06,28786.75,28786.75,28775.50,28779.25,422,28777.75,28778.50,0.75
2026-06-11 10:48:07,28779.75,28782.50,28774.25,28777.75,325,28780.75,28781.50,0.75
2026-06-11 10:48:08,28777.75,28787.50,28777.75,28780.50,271,28780.75,28781.50,0.75
2026-06-11 10:48:09,28781.25,28784.00,28778.50,28780.25,166,28782.25,28783.00,0.75
2026-06-11 10:48:10,28779.75,28783.25,28779.75,28782.00,123,28782.25,28783.00,0.75
2026-06-11 10:48:11,28781.75,28787.00,28781.75,28784.00,158,28785.00,28785.75,0.75
2026-06-11 10:48:12,28784.25,28786.75,28783.50,28784.75,90,28783.25,28784.00,0.75
2026-06-11 10:48:13,28785.75,28786.50,28783.25,28784.00,45,28781.75,28782.50,0.75
2026-06-11 10:48:14,28783.25,28783.25,28777.25,28781.25,127,28777.75,28778.50,0.75
2026-06-11 10:48:15,28782.50,28782.75,28778.75,28778.75,71,28776.75,28777.50,0.75
2026-06-11 10:48:16,28778.75,28779.50,28775.75,28777.25,76,28773.25,28773.75,0.50
2026-06-11 10:48:17,28775.75,28777.00,28773.25,28773.25,144,28775.50,28776.25,0.75
2026-06-11 10:48:18,28773.75,28777.00,28770.25,28775.25,285,28776.25,28777.00,0.75
2026-06-11 10:48:19,28775.75,28779.00,28774.25,28776.25,114,28782.25,28783.00,0.75
2026-06-11 10:48:20,28777.00,28783.25,28777.00,28782.25,142,28780.75,28781.50,0.75
2026-06-11 10:48:21,28783.00,28783.00,28779.25,28781.50,65,28784.75,28785.25,0.50
2026-06-11 10:48:22,28782.00,28786.25,28782.00,28786.25,91,28785.25,28786.00,0.75
2026-06-11 10:48:23,28785.25,28785.50,28782.25,28785.00,71,28787.50,28788.00,0.50
2026-06-11 10:48:24,28785.50,28789.00,28784.75,28787.25,135,28782.75,28783.50,0.75
2026-06-11 10:48:25,28788.00,28788.25,28781.50,28782.75,75,28780.50,28781.00,0.50
2026-06-11 10:48:26,28782.50,28782.50,28780.00,28780.50,46,28777.50,28778.25,0.75
2026-06-11 10:48:27,28780.25,28780.25,28776.75,28778.00,78,28772.00,28772.50,0.50
2026-06-11 10:48:28,28777.50,28778.00,28771.50,28772.75,66,28778.25,28779.00,0.75
2026-06-11 10:48:29,28772.50,28779.25,28772.25,28778.25,67,28776.00,28776.75,0.75
2026-06-11 10:48:30,28778.25,28778.75,28776.75,28776.75,37,28774.00,28774.50,0.50
2026-06-11 10:48:31,28775.75,28777.00,28774.00,28774.00,38,28776.50,28777.25,0.75
2026-06-11 10:48:32,28774.50,28778.00,28774.00,28776.75,73,28771.25,28771.75,0.50
2026-06-11 10:48:33,28776.25,28778.00,28770.50,28771.75,80,28770.75,28771.50,0.75
2026-06-11 10:48:34,28771.50,28772.00,28769.50,28771.75,87,28772.50,28773.25,0.75
2026-06-11 10:48:35,28770.50,28775.50,28770.50,28773.00,102,28771.50,28772.25,0.75
2026-06-11 10:48:36,28772.75,28774.00,28770.50,28772.50,67,28770.50,28771.25,0.75
2026-06-11 10:48:37,28771.50,28773.25,28770.50,28771.25,70,28766.25,28767.00,0.75
2026-06-11 10:48:38,28771.50,28771.50,28766.50,28767.25,229,28769.50,28770.25,0.75
2026-06-11 10:48:39,28766.50,28770.25,28766.25,28769.50,155,28773.00,28773.75,0.75
2026-06-11 10:48:40,28770.50,28774.25,28769.25,28773.50,93,28772.50,28773.00,0.50
2026-06-11 10:48:41,28774.00,28774.00,28771.00,28773.00,55,28770.25,28771.00,0.75
2026-06-11 10:48:42,28772.50,28772.50,28768.75,28770.25,67,28771.50,28772.25,0.75
2026-06-11 10:48:43,28771.00,28773.00,28770.50,28772.25,47,28772.50,28773.00,0.50
2026-06-11 10:48:44,28772.50,28772.75,28770.50,28772.50,36,28773.25,28774.00,0.75
2026-06-11 10:48:45,28773.00,28775.25,28770.75,28773.00,96,28775.75,28776.25,0.50
2026-06-11 10:48:46,28774.25,28776.50,28772.00,28776.25,117,28782.00,28782.50,0.50
2026-06-11 10:48:47,28775.75,28782.50,28775.75,28782.25,187,28787.50,28788.25,0.75
2026-06-11 10:48:48,28782.50,28789.75,28782.50,28788.25,245,28798.00,28798.75,0.75
2026-06-11 10:48:49,28787.50,28799.00,28786.75,28798.75,312,28798.00,28798.75,0.75
2026-06-11 10:48:50,28798.75,28802.75,28795.75,28801.75,277,28807.00,28807.75,0.75
2026-06-11 10:48:51,28801.25,28808.25,28799.50,28807.75,238,28810.50,28811.25,0.75
2026-06-11 10:48:52,28807.75,28814.25,28806.50,28811.50,219,28810.50,28811.25,0.75
2026-06-11 10:48:53,28811.25,28811.25,28805.25,28806.75,285,28798.75,28799.50,0.75
2026-06-11 10:48:54,28806.50,28806.50,28798.50,28798.50,108,28798.50,28799.25,0.75
2026-06-11 10:48:55,28798.75,28799.50,28796.50,28798.75,90,28798.50,28799.25,0.75
2026-06-11 10:48:56,28799.25,28806.50,28799.00,28804.25,72,28803.00,28803.50,0.50
2026-06-11 10:48:57,28804.75,28806.50,28803.00,28803.50,98,28799.50,28800.25,0.75
2026-06-11 10:48:58,28803.00,28803.50,28797.00,28799.50,84,28804.25,28805.00,0.75
2026-06-11 10:48:59,28799.75,28805.50,28799.00,28804.25,62,28803.75,28804.50,0.75
2026-06-11 10:49:00,28805.00,28805.00,28802.75,28804.50,34,28809.25,28809.75,0.50
2026-06-11 10:49:01,28804.00,28811.00,28802.75,28810.25,191,28809.25,28809.75,0.50
2026-06-11 10:49:02,28809.25,28818.00,28809.25,28818.00,232,28812.25,28813.00,0.75
2026-06-11 10:49:03,28818.00,28820.25,28812.25,28812.25,282,28812.25,28813.00,0.75
2026-06-11 10:49:04,28812.50,28815.75,28812.25,28815.50,153,28816.75,28817.50,0.75
2026-06-11 10:49:05,28815.75,28820.50,28815.00,28817.00,126,28817.25,28818.25,1.00
2026-06-11 10:49:06,28817.50,28818.50,28815.00,28817.50,99,28814.00,28814.75,0.75
2026-06-11 10:49:07,28818.75,28819.25,28814.75,28815.00,101,28810.75,28811.25,0.50
2026-06-11 10:49:08,28814.75,28814.75,28808.75,28810.25,109,28808.00,28808.75,0.75
2026-06-11 10:49:09,28810.75,28811.25,28807.50,28808.75,115,28808.00,28808.50,0.50
2026-06-11 10:49:10,28808.50,28809.25,28807.25,28808.00,37,28813.50,28814.25,0.75
2026-06-11 10:49:11,28808.00,28814.75,28807.75,28813.50,71,28816.75,28817.25,0.50
2026-06-11 10:49:12,28814.25,28819.25,28814.00,28817.25,111,28820.75,28821.50,0.75
2026-06-11 10:49:13,28816.75,28821.75,28815.50,28821.25,121,28822.75,28823.25,0.50
2026-06-11 10:49:14,28820.75,28825.00,28819.25,28823.50,132,28827.00,28827.50,0.50
2026-06-11 10:49:15,28823.25,28830.50,28822.25,28827.25,339,28825.75,28826.50,0.75
2026-06-11 10:49:16,28826.75,28828.00,28821.00,28825.25,198,28827.00,28827.75,0.75
2026-06-11 10:49:17,28827.50,28830.25,28826.50,28827.50,142,28822.75,28823.25,0.50
2026-06-11 10:49:18,28827.00,28827.50,28823.50,28823.75,91,28825.25,28825.75,0.50
2026-06-11 10:49:19,28824.00,28825.75,28822.25,28825.75,74,28825.25,28825.75,0.50
2026-06-11 10:49:20,28825.50,28826.75,28823.25,28823.75,62,28824.00,28824.50,0.50
2026-06-11 10:49:21,28823.75,28825.75,28823.75,28824.25,47,28819.50,28820.25,0.75
2026-06-11 10:49:22,28824.50,28824.75,28816.00,28820.25,81,28818.75,28819.25,0.50
2026-06-11 10:49:23,28819.50,28820.50,28815.75,28819.00,69,28820.25,28821.00,0.75
2026-06-11 10:49:24,28819.25,28820.75,28816.75,28820.75,55,28819.50,28820.00,0.50
2026-06-11 10:49:25,28819.75,28822.75,28816.25,28820.75,146,28824.25,28824.75,0.50
2026-06-11 10:49:26,28819.75,28825.50,28819.25,28825.25,130,28823.50,28824.25,0.75
2026-06-11 10:49:27,28825.00,28829.50,28822.25,28825.00,182,28814.00,28814.25,0.25
2026-06-11 10:49:28,28823.50,28823.50,28814.00,28814.50,158,28813.50,28814.00,0.50
2026-06-11 10:49:29,28813.75,28816.25,28809.75,28814.25,146,28813.50,28814.00,0.50
2026-06-11 10:49:30,28814.00,28816.25,28812.75,28813.00,70,28819.25,28820.00,0.75
2026-06-11 10:49:31,28813.75,28818.75,28813.75,28818.75,89,28819.25,28820.00,0.75
2026-06-11 10:49:32,28819.00,28820.75,28814.25,28815.00,93,28815.75,28816.25,0.50
2026-06-11 10:49:33,28815.00,28817.00,28814.75,28816.00,131,28817.00,28817.75,0.75
2026-06-11 10:49:34,28816.25,28817.75,28815.75,28817.00,82,28815.50,28816.00,0.50
2026-06-11 10:49:35,28817.00,28817.00,28813.75,28815.75,90,28817.00,28817.50,0.50
2026-06-11 10:49:36,28816.25,28818.75,28815.25,28817.75,42,28817.00,28817.50,0.50
2026-06-11 10:49:37,28817.50,28820.50,28817.00,28818.00,61,28818.50,28819.25,0.75
2026-06-11 10:49:38,28818.75,28821.25,28818.75,28819.25,59,28817.50,28818.25,0.75
2026-06-11 10:49:39,28819.00,28819.75,28817.75,28817.75,22,28818.00,28818.50,0.50
2026-06-11 10:49:40,28817.75,28818.25,28816.25,28818.25,62,28818.00,28818.50,0.50
2026-06-11 10:49:41,28818.00,28821.75,28813.00,28816.75,101,28811.25,28811.75,0.50
2026-06-11 10:49:42,28816.50,28816.50,28810.75,28811.25,78,28805.00,28805.75,0.75
2026-06-11 10:49:43,28811.75,28811.75,28804.75,28805.25,191,28805.25,28806.00,0.75
2026-06-11 10:49:44,28804.75,28807.25,28803.50,28803.50,95,28805.25,28806.00,0.75
2026-06-11 10:49:45,28805.75,28809.00,28804.75,28807.75,69,28801.75,28802.25,0.50
2026-06-11 10:49:46,28806.00,28808.00,28800.50,28802.00,102,28804.25,28805.00,0.75
2026-06-11 10:49:47,28802.25,28804.75,28802.25,28804.75,83,28799.00,28799.75,0.75
2026-06-11 10:49:48,28804.00,28804.25,28799.00,28799.50,119,28791.75,28792.50,0.75
2026-06-11 10:49:49,28799.25,28799.50,28790.25,28791.50,286,28793.50,28794.00,0.50
2026-06-11 10:49:50,28791.75,28793.75,28790.75,28793.50,174,28793.50,28794.00,0.50
2026-06-11 10:49:51,28793.50,28794.00,28785.00,28787.50,291,28780.75,28781.50,0.75
2026-06-11 10:49:52,28787.75,28788.25,28778.25,28781.75,282,28780.75,28781.50,0.75
2026-06-11 10:49:53,28781.25,28782.75,28779.75,28782.25,220,28789.50,28790.25,0.75
2026-06-11 10:49:54,28783.00,28791.00,28782.25,28789.50,187,28793.50,28794.25,0.75
2026-06-11 10:49:55,28789.50,28794.50,28789.50,28794.25,107,28791.25,28792.00,0.75
2026-06-11 10:49:56,28792.50,28797.25,28791.50,28792.50,97,28787.50,28788.25,0.75
2026-06-11 10:49:57,28792.00,28792.75,28788.00,28788.00,51,28788.75,28789.50,0.75
2026-06-11 10:49:58,28788.00,28788.75,28787.00,28788.50,67,28786.00,28786.75,0.75
2026-06-11 10:49:59,28788.75,28788.75,28782.00,28785.50,109,28789.75,28790.50,0.75
2026-06-11 10:50:00,28786.00,28790.75,28786.00,28790.50,76,28788.00,28788.75,0.75
2026-06-11 10:50:01,28789.50,28789.50,28785.75,28787.75,54,28782.00,28782.75,0.75
2026-06-11 10:50:02,28788.75,28789.00,28782.25,28782.25,79,28781.75,28782.50,0.75
2026-06-11 10:50:03,28783.00,28784.75,28780.50,28783.50,91,28786.00,28786.75,0.75
2026-06-11 10:50:04,28782.50,28787.00,28782.00,28786.75,93,28792.75,28793.50,0.75
2026-06-11 10:50:05,28786.00,28794.75,28783.75,28794.25,138,28792.75,28793.50,0.75
2026-06-11 10:50:06,28793.00,28795.75,28791.25,28791.25,95,28786.25,28787.00,0.75
2026-06-11 10:50:07,28791.25,28793.75,28786.75,28787.50,101,28787.25,28788.00,0.75
2026-06-11 10:50:08,28787.00,28790.50,28786.25,28787.75,151,28779.50,28780.25,0.75
2026-06-11 10:50:09,28787.00,28787.00,28779.00,28779.75,192,28779.50,28780.25,0.75
2026-06-11 10:50:10,28779.75,28780.25,28775.25,28775.25,165,28773.25,28775.50,2.25
2026-06-11 10:50:11,28775.00,28775.50,28771.25,28772.50,229,28768.00,28768.75,0.75
2026-06-11 10:50:12,28773.00,28773.00,28763.25,28767.75,406,28772.00,28772.75,0.75
2026-06-11 10:50:13,28768.00,28773.00,28768.00,28772.50,245,28777.00,28778.00,1.00
2026-06-11 10:50:14,28773.00,28778.50,28771.50,28777.25,155,28772.75,28773.75,1.00
2026-06-11 10:50:15,28777.25,28777.25,28771.00,28773.50,87,28773.50,28774.25,0.75
2026-06-11 10:50:16,28772.75,28774.25,28772.25,28774.00,72,28772.50,28773.25,0.75
2026-06-11 10:50:17,28773.50,28774.75,28770.25,28773.75,63,28771.50,28772.25,0.75
2026-06-11 10:50:18,28772.50,28773.00,28770.50,28771.75,68,28772.75,28773.50,0.75
2026-06-11 10:50:19,28772.25,28774.25,28771.25,28772.25,77,28776.00,28776.75,0.75
2026-06-11 10:50:20,28773.50,28779.50,28772.25,28776.75,84,28776.00,28776.75,0.75
2026-06-11 10:50:21,28776.75,28778.50,28772.00,28772.75,89,28766.00,28767.00,1.00
2026-06-11 10:50:22,28773.50,28778.00,28764.75,28766.00,143,28760.50,28761.00,0.50
2026-06-11 10:50:23,28766.75,28767.00,28760.00,28761.00,236,28762.75,28763.50,0.75
2026-06-11 10:50:24,28761.00,28765.75,28757.75,28762.50,319,28762.75,28763.50,0.75
2026-06-11 10:50:25,28763.00,28776.25,28762.00,28775.25,252,28777.00,28777.75,0.75
2026-06-11 10:50:26,28774.75,28779.75,28774.75,28777.75,113,28781.25,28782.00,0.75
2026-06-11 10:50:27,28777.75,28783.75,28776.75,28781.75,114,28781.25,28782.00,0.75
2026-06-11 10:50:28,28781.25,28783.50,28773.75,28774.50,131,28770.50,28771.00,0.50
2026-06-11 10:50:29,28773.50,28773.75,28769.75,28771.00,40,28767.25,28768.00,0.75
2026-06-11 10:50:30,28770.25,28772.25,28767.00,28767.50,48,28767.50,28768.25,0.75
2026-06-11 10:50:31,28769.00,28770.00,28763.75,28767.50,72,28768.00,28768.50,0.50
2026-06-11 10:50:32,28766.75,28770.00,28766.00,28768.75,61,28763.50,28764.25,0.75
2026-06-11 10:50:33,28768.00,28769.50,28764.00,28764.25,45,28761.25,28762.00,0.75
2026-06-11 10:50:34,28763.75,28763.75,28760.25,28761.50,118,28759.75,28760.50,0.75
2026-06-11 10:50:35,28761.50,28764.00,28758.75,28759.50,91,28761.50,28762.25,0.75
2026-06-11 10:50:36,28759.75,28763.25,28755.00,28761.25,187,28760.00,28760.75,0.75
2026-06-11 10:50:37,28761.50,28763.25,28759.00,28760.25,134,28762.25,28763.00,0.75
2026-06-11 10:50:38,28759.50,28764.75,28759.25,28763.00,113,28762.50,28763.00,0.50
2026-06-11 10:50:39,28763.25,28764.75,28762.00,28763.00,89,28759.75,28760.50,0.75
2026-06-11 10:50:40,28762.50,28764.00,28760.50,28761.00,67,28764.25,28765.00,0.75
2026-06-11 10:50:41,28759.75,28765.75,28759.25,28764.50,76,28765.00,28765.75,0.75
2026-06-11 10:50:42,28764.25,28768.25,28764.25,28765.50,100,28763.25,28763.75,0.50
2026-06-11 10:50:43,28765.50,28765.75,28763.50,28763.75,36,28760.50,28761.25,0.75
2026-06-11 10:50:44,28763.75,28763.75,28757.00,28759.75,99,28764.00,28764.75,0.75
2026-06-11 10:50:45,28760.25,28765.25,28758.00,28764.75,68,28770.25,28770.75,0.50
2026-06-11 10:50:46,28764.00,28771.00,28763.50,28770.25,93,28769.00,28769.50,0.50
2026-06-11 10:50:47,28770.75,28772.00,28768.25,28769.50,123,28771.00,28771.75,0.75
2026-06-11 10:50:48,28769.00,28773.25,28768.00,28771.75,135,28775.25,28776.00,0.75
2026-06-11 10:50:49,28772.25,28775.75,28770.50,28775.75,61,28783.50,28784.00,0.50
2026-06-11 10:50:50,28776.00,28785.25,28776.00,28783.75,241,28790.50,28791.25,0.75
2026-06-11 10:50:51,28783.50,28793.00,28783.25,28790.50,362,28790.50,28791.25,0.75
2026-06-11 10:50:52,28791.25,28791.25,28787.00,28790.50,233,28785.50,28786.00,0.50
2026-06-11 10:50:53,28787.50,28788.00,28783.75,28785.50,132,28782.50,28783.25,0.75
2026-06-11 10:50:54,28785.25,28785.25,28781.25,28782.50,59,28784.25,28785.00,0.75
2026-06-11 10:50:55,28783.25,28785.25,28782.50,28784.50,66,28781.00,28781.75,0.75
2026-06-11 10:50:56,28786.00,28788.75,28779.50,28781.50,95,28787.00,28787.75,0.75
2026-06-11 10:50:57,28782.75,28790.25,28781.25,28787.25,90,28785.75,28786.25,0.50
2026-06-11 10:50:58,28787.75,28790.50,28785.00,28786.50,57,28781.75,28782.50,0.75
2026-06-11 10:50:59,28785.75,28785.75,28781.50,28781.75,46,28780.25,28781.00,0.75
2026-06-11 10:51:00,28782.50,28783.75,28779.75,28780.75,34,28779.00,28779.75,0.75
2026-06-11 10:51:01,28780.25,28783.50,28778.75,28780.25,50,28778.00,28778.75,0.75
2026-06-11 10:51:02,28779.75,28783.50,28777.50,28778.75,129,28779.25,28780.00,0.75
2026-06-11 10:51:03,28778.75,28780.75,28777.00,28779.50,94,28776.00,28776.75,0.75
2026-06-11 10:51:04,28780.00,28780.00,28773.50,28775.75,114,28774.25,28775.00,0.75
2026-06-11 10:51:05,28776.50,28779.50,28774.25,28775.00,90,28775.25,28776.25,1.00
2026-06-11 10:51:06,28775.75,28780.00,28774.25,28776.25,153,28775.25,28776.25,1.00
2026-06-11 10:51:07,28776.00,28782.50,28773.75,28780.25,160,28780.00,28780.50,0.50
2026-06-11 10:51:08,28780.25,28781.25,28777.50,28780.25,78,28777.50,28778.00,0.50
2026-06-11 10:51:09,28780.25,28780.25,28775.75,28778.25,49,28780.25,28780.75,0.50
2026-06-11 10:51:10,28777.50,28782.75,28777.50,28781.00,25,28778.50,28779.00,0.50
2026-06-11 10:51:11,28780.00,28783.00,28778.00,28779.00,114,28774.75,28775.50,0.75
2026-06-11 10:51:12,28779.00,28780.25,28774.50,28775.25,100,28774.75,28775.50,0.75
2026-06-11 10:51:13,28775.50,28777.00,28773.25,28773.50,34,28773.00,28773.75,0.75
2026-06-11 10:51:14,28774.50,28775.25,28772.25,28773.00,45,28774.50,28775.25,0.75
2026-06-11 10:51:15,28772.75,28777.00,28771.00,28775.50,97,28781.50,28782.25,0.75
2026-06-11 10:51:16,28775.25,28785.00,28774.75,28782.50,140,28779.00,28779.75,0.75
2026-06-11 10:51:17,28782.25,28783.00,28779.25,28779.50,64,28774.25,28775.00,0.75
2026-06-11 10:51:18,28779.75,28780.25,28774.00,28774.00,47,28773.25,28774.00,0.75
2026-06-11 10:51:19,28774.75,28775.75,28772.75,28773.25,20,28775.25,28776.00,0.75
2026-06-11 10:51:20,28774.00,28775.50,28774.00,28775.00,22,28774.25,28775.00,0.75
2026-06-11 10:51:21,28776.00,28777.50,28772.25,28774.50,37,28766.75,28767.25,0.50
2026-06-11 10:51:22,28774.25,28774.75,28766.00,28766.75,81,28766.50,28767.25,0.75
2026-06-11 10:51:23,28766.75,28767.25,28763.50,28766.50,132,28764.00,28764.75,0.75
2026-06-11 10:51:24,28766.50,28767.00,28763.75,28764.25,119,28763.25,28763.75,0.50
2026-06-11 10:51:25,28764.00,28764.75,28759.25,28763.25,116,28763.25,28763.75,0.50
2026-06-11 10:51:26,28763.00,28764.25,28758.25,28760.50,235,28761.50,28762.25,0.75
2026-06-11 10:51:27,28760.50,28763.00,28759.00,28762.00,114,28767.50,28768.25,0.75
2026-06-11 10:51:28,28762.50,28770.75,28762.50,28767.50,140,28771.25,28771.75,0.50
2026-06-11 10:51:29,28768.50,28773.50,28768.25,28771.75,107,28779.50,28780.00,0.50
2026-06-11 10:51:30,28771.50,28779.75,28771.50,28779.75,134,28779.50,28780.00,0.50
2026-06-11 10:51:31,28780.00,28783.50,28778.75,28781.50,111,28789.75,28790.50,0.75
2026-06-11 10:51:32,28782.00,28792.00,28782.00,28790.50,211,28790.25,28791.00,0.75
2026-06-11 10:51:33,28790.50,28791.75,28787.25,28790.50,190,28790.25,28791.00,0.75
2026-06-11 10:51:34,28791.25,28794.75,28789.00,28790.00,180,28785.50,28786.00,0.50
2026-06-11 10:51:35,28791.50,28791.75,28786.00,28786.00,111,28785.50,28786.00,0.50
2026-06-11 10:51:36,28785.75,28788.25,28785.00,28785.50,91,28783.50,28784.00,0.50
2026-06-11 10:51:37,28785.25,28785.25,28782.50,28783.50,51,28784.50,28785.00,0.50
2026-06-11 10:51:38,28784.00,28784.75,28780.75,28784.75,64,28789.75,28790.25,0.50
2026-06-11 10:51:39,28784.50,28792.50,28784.50,28790.50,100,28788.00,28788.75,0.75
2026-06-11 10:51:40,28792.25,28793.25,28788.00,28788.75,48,28787.00,28787.75,0.75
2026-06-11 10:51:41,28788.25,28789.75,28785.50,28787.75,42,28784.50,28785.00,0.50
2026-06-11 10:51:42,28787.00,28789.25,28784.50,28784.50,63,28789.00,28789.75,0.75
2026-06-11 10:51:43,28784.50,28788.75,28782.00,28788.50,73,28789.00,28789.75,0.75
2026-06-11 10:51:44,28789.25,28789.25,28784.50,28785.75,62,28784.75,28785.25,0.50
2026-06-11 10:51:45,28785.75,28786.50,28785.00,28785.00,32,28782.50,28783.00,0.50
2026-06-11 10:51:46,28784.00,28784.00,28781.00,28782.75,33,28785.75,28786.25,0.50
2026-06-11 10:51:47,28782.50,28785.75,28780.00,28785.75,58,28792.75,28793.50,0.75
2026-06-11 10:51:48,28786.25,28794.50,28786.25,28793.50,118,28791.25,28792.00,0.75
2026-06-11 10:51:49,28792.75,28793.25,28791.25,28791.50,90,28799.75,28800.50,0.75
2026-06-11 10:51:50,28791.75,28802.50,28791.75,28800.50,388,28800.75,28801.50,0.75
2026-06-11 10:51:51,28800.00,28802.75,28797.50,28801.50,193,28813.00,28813.75,0.75
2026-06-11 10:51:52,28801.50,28815.75,28801.50,28814.00,532,28810.50,28811.25,0.75
2026-06-11 10:51:53,28813.00,28813.50,28808.75,28810.75,216,28806.00,28806.50,0.50
2026-06-11 10:51:54,28810.75,28810.75,28805.25,28805.75,128,28806.00,28806.50,0.50
2026-06-11 10:51:55,28806.50,28808.00,28804.25,28807.75,142,28807.25,28808.00,0.75
2026-06-11 10:51:56,28808.50,28809.75,28806.25,28807.25,154,28807.25,28808.00,0.75
2026-06-11 10:51:57,28807.50,28808.75,28804.75,28805.50,77,28803.25,28803.50,0.25
2026-06-11 10:51:58,28805.25,28805.50,28802.75,28803.25,97,28801.50,28802.00,0.50
2026-06-11 10:51:59,28803.25,28803.25,28800.75,28802.25,68,28798.75,28799.50,0.75
2026-06-11 10:52:00,28801.50,28801.75,28799.25,28800.75,32,28804.00,28804.50,0.50
2026-06-11 10:52:01,28798.50,28804.75,28798.00,28804.50,96,28803.75,28804.50,0.75
2026-06-11 10:52:02,28804.00,28807.00,28802.00,28804.50,100,28803.75,28804.50,0.75
2026-06-11 10:52:03,28804.25,28804.75,28798.50,28800.75,107,28795.00,28795.75,0.75
2026-06-11 10:52:04,28800.00,28800.00,28793.00,28795.00,98,28790.75,28791.50,0.75
2026-06-11 10:52:05,28796.50,28796.50,28789.75,28790.50,191,28794.25,28795.00,0.75
2026-06-11 10:52:06,28791.25,28795.75,28789.50,28794.25,150,28794.25,28795.00,0.75
2026-06-11 10:52:07,28794.50,28797.75,28785.75,28787.50,181,28781.75,28782.50,0.75
2026-06-11 10:52:08,28787.50,28787.50,28781.75,28782.25,176,28781.75,28782.50,0.75
2026-06-11 10:52:09,28781.75,28785.25,28781.00,28782.75,110,28785.00,28785.75,0.75
2026-06-11 10:52:10,28782.50,28787.00,28779.25,28785.25,115,28783.25,28784.00,0.75
2026-06-11 10:52:11,28785.00,28787.75,28780.25,28783.25,69,28784.50,28785.00,0.50
2026-06-11 10:52:12,28784.00,28787.25,28783.50,28785.50,86,28780.50,28781.00,0.50
2026-06-11 10:52:13,28784.25,28784.25,28779.50,28780.75,86,28779.50,28780.25,0.75
2026-06-11 10:52:14,28780.50,28780.50,28776.50,28779.50,103,28779.25,28779.75,0.50
2026-06-11 10:52:15,28780.25,28782.25,28777.25,28780.00,142,28781.75,28782.50,0.75
2026-06-11 10:52:16,28779.75,28783.50,28779.75,28782.25,72,28785.25,28785.75,0.50
2026-06-11 10:52:17,28781.75,28785.50,28781.00,28785.50,90,28783.25,28784.00,0.75
2026-06-11 10:52:18,28785.25,28785.25,28781.75,28783.25,82,28783.25,28784.00,0.75
2026-06-11 10:52:19,28782.75,28784.75,28782.00,28784.00,57,28783.75,28784.25,0.50
2026-06-11 10:52:20,28783.00,28784.25,28782.00,28783.00,21,28783.75,28784.25,0.50
2026-06-11 10:52:21,28784.25,28790.25,28782.75,28789.25,92,28792.00,28792.75,0.75
2026-06-11 10:52:22,28789.50,28793.25,28789.50,28792.50,111,28792.00,28792.75,0.75
2026-06-11 10:52:23,28792.75,28796.25,28791.25,28792.50,78,28793.00,28793.75,0.75
2026-06-11 10:52:24,28792.00,28794.75,28790.50,28792.75,65,28793.00,28793.75,0.75
2026-06-11 10:52:25,28792.50,28794.75,28792.50,28793.75,39,28792.75,28793.50,0.75
2026-06-11 10:52:26,28792.75,28793.50,28791.00,28792.50,36,28785.75,28786.25,0.50
2026-06-11 10:52:27,28792.75,28792.75,28785.25,28785.75,53,28787.00,28787.50,0.50
2026-06-11 10:52:28,28786.50,28788.75,28786.50,28787.00,42,28784.25,28785.00,0.75
2026-06-11 10:52:29,28787.00,28787.00,28784.25,28784.25,23,28784.25,28785.00,0.75
2026-06-11 10:52:30,28784.50,28785.75,28783.50,28785.75,40,28786.00,28786.75,0.75
2026-06-11 10:52:31,28785.25,28786.75,28783.75,28786.75,54,28781.75,28782.50,0.75
2026-06-11 10:52:32,28786.50,28788.00,28781.00,28781.75,108,28780.50,28781.00,0.50
2026-06-11 10:52:33,28781.25,28783.00,28780.25,28781.25,46,28774.50,28775.25,0.75
2026-06-11 10:52:34,28780.50,28780.50,28772.75,28774.25,135,28774.50,28775.25,0.75
2026-06-11 10:52:35,28775.25,28777.25,28772.25,28775.00,91,28773.50,28774.25,0.75
2026-06-11 10:52:36,28774.50,28774.75,28773.00,28773.75,36,28766.00,28766.75,0.75
2026-06-11 10:52:37,28773.25,28773.50,28764.00,28766.75,269,28767.50,28768.25,0.75
2026-06-11 10:52:38,28766.50,28768.00,28764.50,28767.50,124,28767.50,28768.25,0.75
2026-06-11 10:52:39,28767.50,28770.25,28766.75,28769.25,72,28773.75,28774.50,0.75
2026-06-11 10:52:40,28769.00,28775.25,28768.75,28773.75,86,28773.50,28774.25,0.75
2026-06-11 10:52:41,28773.75,28778.00,28773.50,28774.75,73,28773.50,28774.25,0.75
2026-06-11 10:52:42,28773.75,28775.00,28773.50,28773.50,42,28771.50,28772.25,0.75
2026-06-11 10:52:43,28773.00,28774.00,28769.25,28772.25,61,28772.00,28772.75,0.75
2026-06-11 10:52:44,28772.25,28773.75,28771.50,28772.00,30,28777.25,28778.00,0.75
2026-06-11 10:52:45,28772.00,28778.50,28772.00,28777.25,43,28781.50,28782.25,0.75
2026-06-11 10:52:46,28777.00,28783.75,28777.00,28781.25,85,28776.75,28777.50,0.75
2026-06-11 10:52:47,28782.00,28782.00,28776.25,28776.75,56,28775.50,28776.25,0.75
2026-06-11 10:52:48,28776.75,28777.50,28775.50,28775.75,30,28771.50,28772.00,0.50
2026-06-11 10:52:49,28776.00,28776.50,28771.00,28771.75,67,28771.50,28772.00,0.50
2026-06-11 10:52:50,28772.00,28772.25,28766.75,28767.75,119,28767.50,28768.00,0.50
2026-06-11 10:52:51,28768.75,28769.75,28767.75,28768.25,50,28767.50,28768.00,0.50
2026-06-11 10:52:52,28767.75,28767.75,28761.25,28761.50,133,28762.50,28763.25,0.75
2026-06-11 10:52:53,28761.50,28764.00,28760.50,28763.00,131,28764.00,28764.50,0.50
2026-06-11 10:52:54,28762.50,28764.75,28761.50,28764.00,76,28764.75,28765.50,0.75
2026-06-11 10:52:55,28764.50,28766.75,28762.50,28765.50,64,28764.00,28764.75,0.75
2026-06-11 10:52:56,28765.50,28766.75,28763.50,28765.00,97,28766.50,28767.25,0.75
2026-06-11 10:52:57,28764.00,28768.50,28763.75,28767.25,95,28766.75,28767.50,0.75
2026-06-11 10:52:58,28768.00,28768.75,28767.25,28767.25,42,28766.25,28766.75,0.50
2026-06-11 10:52:59,28767.25,28768.00,28766.00,28766.75,42,28766.00,28766.50,0.50
2026-06-11 10:53:00,28766.75,28768.25,28765.25,28766.00,52,28771.50,28772.25,0.75
2026-06-11 10:53:01,28765.75,28774.00,28763.75,28772.00,118,28773.50,28774.00,0.50
2026-06-11 10:53:02,28771.25,28779.50,28770.75,28774.00,198,28774.75,28775.50,0.75
2026-06-11 10:53:03,28774.00,28777.00,28772.50,28775.50,112,28777.75,28778.25,0.50
2026-06-11 10:53:04,28775.75,28778.25,28774.50,28778.25,54,28780.75,28781.25,0.50
2026-06-11 10:53:05,28778.25,28782.25,28777.25,28781.00,111,28789.25,28789.75,0.50
2026-06-11 10:53:06,28781.00,28792.50,28781.00,28789.75,374,28786.00,28786.75,0.75
2026-06-11 10:53:07,28789.75,28791.75,28785.50,28786.00,142,28786.00,28786.75,0.75
2026-06-11 10:53:08,28786.50,28787.75,28778.00,28778.50,99,28778.50,28779.00,0.50
2026-06-11 10:53:09,28779.00,28779.50,28775.75,28778.75,50,28783.75,28784.25,0.50
2026-06-11 10:53:10,28778.75,28784.75,28778.75,28783.75,42,28780.50,28781.25,0.75
2026-06-11 10:53:11,28783.75,28783.75,28779.75,28781.50,54,28775.25,28775.75,0.50
2026-06-11 10:53:12,28780.75,28781.50,28775.50,28775.50,55,28775.50,28776.00,0.50
2026-06-11 10:53:13,28775.25,28777.00,28774.75,28776.25,49,28775.75,28776.25,0.50
2026-06-11 10:53:14,28775.50,28776.00,28773.75,28775.25,33,28776.25,28777.00,0.75
2026-06-11 10:53:15,28776.25,28776.50,28772.50,28775.50,105,28781.25,28781.75,0.50
2026-06-11 10:53:16,28776.25,28781.50,28776.25,28781.25,47,28787.00,28787.50,0.50
2026-06-11 10:53:17,28782.00,28787.75,28782.00,28787.25,120,28787.25,28787.75,0.50
2026-06-11 10:53:18,28786.50,28788.25,28786.00,28787.75,41,28783.75,28784.25,0.50
2026-06-11 10:53:19,28787.75,28787.75,28783.50,28783.50,63,28783.75,28784.25,0.50
2026-06-11 10:53:20,28783.75,28784.25,28781.25,28784.00,56,28781.00,28781.75,0.75
2026-06-11 10:53:21,28784.25,28785.25,28778.25,28781.50,190,28781.50,28782.00,0.50
2026-06-11 10:53:22,28781.75,28782.50,28780.50,28781.50,26,28781.50,28782.00,0.50
2026-06-11 10:53:23,28781.50,28781.50,28778.25,28778.50,28,28775.00,28775.50,0.50
2026-06-11 10:53:24,28777.75,28777.75,28774.50,28775.00,66,28774.50,28775.25,0.75
2026-06-11 10:53:25,28775.00,28775.00,28772.75,28775.00,44,28771.25,28772.00,0.75
2026-06-11 10:53:26,28774.50,28775.25,28770.25,28770.75,78,28774.25,28774.75,0.50
2026-06-11 10:53:27,28772.00,28774.50,28770.75,28774.50,41,28771.50,28772.25,0.75
2026-06-11 10:53:28,28774.50,28776.00,28771.00,28771.50,39,28772.00,28772.50,0.50
2026-06-11 10:53:29,28772.25,28772.25,28770.00,28772.25,29,28775.00,28775.50,0.50
2026-06-11 10:53:30,28772.50,28777.25,28772.50,28775.50,58,28775.75,28776.25,0.50
2026-06-11 10:53:31,28775.00,28780.00,28775.00,28776.00,110,28779.25,28779.75,0.50
2026-06-11 10:53:32,28775.75,28782.00,28774.25,28779.50,88,28780.00,28780.75,0.75
2026-06-11 10:53:33,28779.75,28783.00,28778.00,28780.50,66,28780.50,28781.25,0.75
2026-06-11 10:53:34,28780.75,28781.50,28779.50,28781.25,23,28779.50,28780.25,0.75
2026-06-11 10:53:35,28780.50,28780.50,28778.25,28779.50,27,28778.50,28779.00,0.50
2026-06-11 10:53:36,28779.50,28779.75,28778.50,28778.50,13,28777.00,28777.50,0.50
2026-06-11 10:53:37,28778.75,28778.75,28777.75,28777.75,30,28777.00,28777.50,0.50
2026-06-11 10:53:38,28777.25,28780.50,28776.75,28780.50,39,28782.25,28782.75,0.50
2026-06-11 10:53:39,28779.50,28783.00,28779.50,28782.75,97,28782.00,28782.50,0.50
2026-06-11 10:53:40,28782.00,28782.75,28780.00,28782.75,56,28781.75,28782.25,0.50
2026-06-11 10:53:41,28782.50,28783.25,28781.75,28781.75,24,28774.75,28775.50,0.75
2026-06-11 10:53:42,28782.25,28782.25,28773.75,28775.25,66,28773.75,28774.50,0.75
2026-06-11 10:53:43,28776.00,28776.50,28773.50,28775.00,62,28773.75,28774.50,0.75
2026-06-11 10:53:44,28774.50,28775.50,28771.25,28772.75,44,28774.00,28774.50,0.50
2026-06-11 10:53:45,28772.50,28774.50,28772.00,28773.75,23,28774.25,28774.75,0.50
2026-06-11 10:53:46,28774.25,28775.00,28773.75,28773.75,27,28773.75,28774.25,0.50
2026-06-11 10:53:47,28773.75,28775.50,28773.25,28774.00,39,28774.75,28775.25,0.50
2026-06-11 10:53:48,28774.25,28775.75,28773.25,28775.00,40,28767.75,28768.50,0.75
2026-06-11 10:53:49,28774.50,28774.50,28767.75,28767.75,110,28764.75,28765.50,0.75
2026-06-11 10:53:50,28767.50,28768.25,28763.75,28765.50,129,28765.75,28766.50,0.75
2026-06-11 10:53:51,28764.75,28768.00,28764.25,28765.75,50,28763.50,28764.25,0.75
2026-06-11 10:53:52,28765.50,28766.00,28762.50,28763.50,83,28763.00,28763.50,0.50
2026-06-11 10:53:53,28763.00,28765.50,28761.50,28763.50,104,28759.00,28759.75,0.75
2026-06-11 10:53:54,28763.25,28763.50,28757.75,28758.50,163,28753.00,28753.75,0.75
2026-06-11 10:53:55,28759.50,28759.50,28752.75,28753.75,330,28752.00,28752.75,0.75
2026-06-11 10:53:56,28753.00,28754.00,28750.25,28752.00,355,28745.25,28745.75,0.50
2026-06-11 10:53:57,28752.00,28752.75,28743.00,28745.00,586,28745.25,28745.75,0.50
2026-06-11 10:53:58,28745.75,28754.50,28743.00,28753.00,229,28756.50,28757.25,0.75
2026-06-11 10:53:59,28753.25,28757.25,28753.25,28757.25,179,28748.50,28749.25,0.75
2026-06-11 10:54:00,28756.50,28757.25,28747.25,28748.75,103,28748.50,28749.25,0.75
2026-06-11 10:54:01,28747.75,28752.00,28747.75,28748.25,85,28748.50,28749.25,0.75
2026-06-11 10:54:02,28749.00,28753.75,28746.25,28751.50,151,28749.75,28750.50,0.75
2026-06-11 10:54:03,28750.00,28752.75,28748.00,28749.00,82,28745.50,28746.25,0.75
2026-06-11 10:54:04,28749.25,28750.75,28745.75,28745.75,115,28743.50,28744.00,0.50
2026-06-11 10:54:05,28746.25,28747.50,28742.50,28743.25,141,28751.75,28752.50,0.75
2026-06-11 10:54:06,28745.00,28752.50,28741.50,28752.50,239,28754.25,28755.00,0.75
2026-06-11 10:54:07,28751.75,28755.00,28750.75,28754.50,159,28758.50,28759.25,0.75
2026-06-11 10:54:08,28755.00,28760.75,28754.25,28759.25,257,28753.50,28754.25,0.75
2026-06-11 10:54:09,28758.50,28760.75,28753.50,28754.25,132,28758.25,28758.75,0.50
2026-06-11 10:54:10,28753.75,28758.75,28753.50,28758.25,45,28760.00,28760.75,0.75
2026-06-11 10:54:11,28760.00,28762.00,28759.00,28760.00,97,28759.50,28760.25,0.75
2026-06-11 10:54:12,28760.75,28761.50,28756.75,28760.00,131,28762.00,28762.50,0.50
2026-06-11 10:54:13,28759.50,28762.50,28759.00,28762.50,44,28763.00,28763.50,0.50
2026-06-11 10:54:14,28762.50,28764.25,28760.75,28763.00,144,28760.75,28761.50,0.75
2026-06-11 10:54:15,28763.00,28763.50,28759.00,28761.50,84,28760.75,28761.50,0.75
2026-06-11 10:54:16,28761.00,28765.00,28760.25,28763.75,75,28762.25,28762.75,0.50
2026-06-11 10:54:17,28763.50,28764.50,28761.00,28762.00,49,28757.00,28757.50,0.50
2026-06-11 10:54:18,28763.50,28764.75,28757.75,28757.75,113,28757.00,28757.50,0.50
2026-06-11 10:54:19,28757.50,28760.25,28756.50,28760.25,65,28753.25,28753.75,0.50
2026-06-11 10:54:20,28760.75,28761.00,28753.75,28753.75,77,28755.75,28756.50,0.75
2026-06-11 10:54:21,28753.25,28759.00,28751.50,28757.00,91,28752.50,28753.00,0.50
2026-06-11 10:54:22,28756.50,28756.75,28753.25,28753.25,56,28752.50,28753.00,0.50
2026-06-11 10:54:23,28753.00,28753.75,28749.50,28751.50,95,28751.50,28752.00,0.50
2026-06-11 10:54:24,28751.50,28753.25,28750.00,28751.25,77,28754.25,28755.00,0.75
2026-06-11 10:54:25,28751.50,28755.25,28750.75,28755.25,64,28760.25,28761.00,0.75
2026-06-11 10:54:26,28754.75,28761.50,28754.75,28760.25,125,28756.50,28757.00,0.50
2026-06-11 10:54:27,28760.75,28761.00,28756.00,28757.00,78,28755.75,28756.25,0.50
2026-06-11 10:54:28,28756.25,28756.75,28753.00,28756.00,87,28759.25,28760.00,0.75
2026-06-11 10:54:29,28755.75,28759.00,28755.00,28759.00,39,28761.25,28762.00,0.75
2026-06-11 10:54:30,28759.25,28762.25,28759.25,28761.50,53,28759.75,28760.50,0.75
2026-06-11 10:54:31,28761.25,28764.25,28759.25,28760.50,72,28763.50,28764.00,0.50
2026-06-11 10:54:32,28760.75,28764.75,28759.75,28764.50,66,28762.50,28763.00,0.50
2026-06-11 10:54:33,28763.50,28764.75,28761.50,28762.25,55,28764.00,28764.75,0.75
2026-06-11 10:54:34,28762.50,28765.00,28761.25,28764.75,100,28764.25,28765.00,0.75
2026-06-11 10:54:35,28764.50,28767.25,28763.00,28764.25,155,28768.25,28768.75,0.50
2026-06-11 10:54:36,28765.00,28768.50,28764.25,28768.50,78,28770.50,28771.25,0.75
2026-06-11 10:54:37,28768.75,28774.75,28768.75,28770.50,312,28768.50,28769.25,0.75
2026-06-11 10:54:38,28771.25,28774.00,28768.50,28768.75,154,28767.25,28768.00,0.75
2026-06-11 10:54:39,28769.25,28770.25,28767.50,28767.50,51,28767.25,28768.00,0.75
2026-06-11 10:54:40,28768.00,28768.25,28763.25,28764.25,66,28762.75,28763.50,0.75
2026-06-11 10:54:41,28764.25,28767.00,28761.00,28762.75,65,28762.25,28762.75,0.50
2026-06-11 10:54:42,28763.50,28765.25,28761.75,28762.50,36,28762.25,28762.75,0.50
2026-06-11 10:54:43,28762.50,28763.00,28759.50,28760.50,48,28759.50,28759.75,0.25
2026-06-11 10:54:44,28760.50,28761.50,28758.75,28759.50,79,28760.50,28761.00,0.50
2026-06-11 10:54:45,28759.75,28762.00,28759.00,28762.00,41,28760.00,28760.50,0.50
2026-06-11 10:54:46,28761.75,28762.25,28760.00,28760.50,20,28757.50,28758.00,0.50
2026-06-11 10:54:47,28760.50,28760.50,28758.00,28758.00,33,28758.25,28759.00,0.75
2026-06-11 10:54:48,28758.50,28761.75,28756.50,28758.25,59,28760.25,28760.75,0.50
2026-06-11 10:54:49,28758.25,28760.75,28757.25,28760.25,33,28765.50,28766.00,0.50
2026-06-11 10:54:50,28760.75,28764.75,28760.75,28764.75,78,28765.50,28766.00,0.50
2026-06-11 10:54:51,28765.50,28770.00,28765.50,28768.00,77,28768.25,28769.00,0.75
2026-06-11 10:54:52,28768.75,28769.00,28765.50,28768.50,102,28761.75,28762.50,0.75
2026-06-11 10:54:53,28767.75,28767.75,28762.25,28762.25,77,28763.75,28764.25,0.50
2026-06-11 10:54:54,28762.75,28764.25,28762.25,28764.25,14,28765.25,28765.75,0.50
2026-06-11 10:54:55,28764.00,28767.00,28763.50,28766.00,23,28765.00,28765.75,0.75
2026-06-11 10:54:56,28765.25,28766.00,28764.25,28765.75,28,28759.75,28760.25,0.50
2026-06-11 10:54:57,28765.25,28765.50,28759.50,28759.75,57,28760.00,28760.50,0.50
2026-06-11 10:54:58,28759.75,28761.25,28758.50,28760.00,31,28762.00,28762.50,0.50
2026-06-11 10:54:59,28760.00,28762.50,28758.75,28762.50,63,28760.00,28760.75,0.75
2026-06-11 10:55:00,28762.50,28762.50,28759.50,28760.25,50,28755.50,28756.25,0.75
2026-06-11 10:55:01,28759.50,28760.75,28755.50,28755.50,179,28749.25,28749.75,0.50
2026-06-11 10:55:02,28755.50,28756.75,28748.00,28749.50,200,28759.25,28759.75,0.50
2026-06-11 10:55:03,28749.75,28760.00,28749.75,28759.00,223,28759.25,28759.75,0.50
2026-06-11 10:55:04,28759.25,28759.50,28752.75,28754.25,122,28755.75,28756.25,0.50
2026-06-11 10:55:05,28754.25,28755.75,28750.50,28755.25,76,28753.00,28753.50,0.50
2026-06-11 10:55:06,28756.25,28756.50,28753.00,28753.25,101,28751.75,28752.25,0.50
2026-06-11 10:55:07,28752.75,28753.50,28750.75,28752.00,55,28751.50,28752.25,0.75
2026-06-11 10:55:08,28752.25,28752.75,28748.25,28751.50,81,28748.25,28748.75,0.50
2026-06-11 10:55:09,28751.75,28752.25,28747.25,28748.75,96,28753.75,28754.25,0.50
2026-06-11 10:55:10,28748.00,28754.25,28747.50,28754.00,92,28756.75,28757.25,0.50
2026-06-11 10:55:11,28754.50,28758.25,28752.25,28757.25,134,28755.25,28756.00,0.75
2026-06-11 10:55:12,28757.50,28760.00,28755.25,28755.50,46,28749.75,28750.50,0.75
2026-06-11 10:55:13,28755.25,28757.50,28750.00,28750.25,84,28749.75,28750.25,0.50
2026-06-11 10:55:14,28750.50,28751.00,28748.75,28750.75,65,28740.25,28741.00,0.75
2026-06-11 10:55:15,28749.75,28750.25,28739.75,28741.25,278,28742.75,28743.25,0.50
2026-06-11 10:55:16,28741.00,28746.00,28735.75,28743.25,446,28743.00,28743.50,0.50
2026-06-11 10:55:17,28743.50,28745.75,28740.75,28743.75,185,28741.25,28742.00,0.75
2026-06-11 10:55:18,28743.50,28744.00,28741.00,28741.75,90,28738.25,28739.00,0.75
2026-06-11 10:55:19,28740.75,28741.00,28737.00,28738.25,58,28745.00,28745.50,0.50
2026-06-11 10:55:20,28739.00,28747.25,28738.25,28745.25,148,28742.00,28742.75,0.75
2026-06-11 10:55:21,28745.50,28746.25,28740.50,28741.50,91,28746.75,28747.50,0.75
2026-06-11 10:55:22,28742.75,28749.75,28742.50,28747.00,108,28746.75,28747.50,0.75
2026-06-11 10:55:23,28747.75,28749.50,28745.75,28746.50,103,28748.00,28748.75,0.75
2026-06-11 10:55:24,28746.75,28750.00,28746.50,28748.25,59,28746.25,28747.00,0.75
2026-06-11 10:55:25,28748.00,28748.00,28744.00,28746.75,66,28739.25,28739.75,0.50
2026-06-11 10:55:26,28747.00,28747.75,28739.50,28739.50,73,28739.25,28739.75,0.50
2026-06-11 10:55:27,28739.50,28742.00,28738.50,28741.00,95,28732.25,28733.00,0.75
2026-06-11 10:55:28,28741.00,28741.00,28732.00,28733.25,227,28731.25,28732.00,0.75
2026-06-11 10:55:29,28732.50,28734.75,28730.00,28731.25,313,28730.25,28730.75,0.50
2026-06-11 10:55:30,28731.25,28731.25,28728.00,28730.75,318,28732.00,28732.75,0.75
2026-06-11 10:55:31,28730.25,28734.00,28727.25,28732.50,232,28732.00,28732.75,0.75
2026-06-11 10:55:32,28732.75,28735.25,28731.75,28732.25,148,28727.50,28728.50,1.00
2026-06-11 10:55:33,28732.25,28733.50,28728.50,28728.75,136,28727.50,28728.50,1.00
2026-06-11 10:55:34,28727.75,28729.50,28725.00,28725.00,147,28731.25,28732.00,0.75
2026-06-11 10:55:35,28725.00,28734.00,28724.25,28732.00,244,28731.25,28732.00,0.75
2026-06-11 10:55:36,28731.25,28732.00,28724.25,28725.50,258,28725.00,28725.75,0.75
2026-06-11 10:55:37,28725.50,28728.50,28723.75,28726.75,167,28727.00,28727.75,0.75
2026-06-11 10:55:38,28727.50,28727.50,28723.75,28725.00,173,28725.50,28726.25,0.75
2026-06-11 10:55:39,28724.75,28726.50,28724.50,28725.50,122,28720.00,28720.75,0.75
2026-06-11 10:55:40,28725.50,28727.00,28720.00,28720.00,199,28716.75,28717.50,0.75
2026-06-11 10:55:41,28720.75,28720.75,28715.75,28717.00,230,28708.75,28710.25,1.50
2026-06-11 10:55:42,28716.75,28717.50,28710.00,28710.00,500,28708.75,28710.25,1.50
2026-06-11 10:55:43,28709.75,28710.25,28705.25,28707.75,382,28707.50,28708.25,0.75
2026-06-11 10:55:44,28707.75,28709.75,28704.00,28707.50,346,28708.25,28708.75,0.50
2026-06-11 10:55:45,28708.75,28710.00,28705.25,28709.00,110,28707.75,28708.25,0.50
2026-06-11 10:55:46,28708.25,28711.75,28705.50,28707.00,190,28707.75,28708.25,0.50
2026-06-11 10:55:47,28708.00,28713.25,28707.50,28712.25,233,28712.25,28713.25,1.00
2026-06-11 10:55:48,28712.75,28714.75,28711.25,28711.75,170,28711.50,28712.50,1.00
2026-06-11 10:55:49,28711.75,28713.75,28709.25,28710.00,101,28703.25,28704.00,0.75
2026-06-11 10:55:50,28711.00,28711.00,28703.00,28703.25,162,28703.25,28704.00,0.75
2026-06-11 10:55:51,28704.00,28705.25,28701.75,28703.00,145,28699.25,28700.00,0.75
2026-06-11 10:55:52,28703.25,28703.25,28695.50,28699.75,407,28695.50,28696.25,0.75
2026-06-11 10:55:53,28699.25,28701.25,28695.75,28695.75,207,28690.00,28690.75,0.75
2026-06-11 10:55:54,28695.75,28696.50,28684.75,28690.50,715,28690.00,28690.75,0.75
2026-06-11 10:55:55,28690.50,28698.00,28688.50,28692.50,270,28692.50,28693.50,1.00
2026-06-11 10:55:56,28693.25,28699.25,28691.50,28695.50,249,28695.25,28696.00,0.75
2026-06-11 10:55:57,28696.00,28697.75,28691.00,28694.25,176,28693.75,28694.25,0.50
2026-06-11 10:55:58,28694.00,28696.00,28692.75,28694.25,161,28695.75,28696.50,0.75
2026-06-11 10:55:59,28694.25,28696.50,28690.50,28696.50,155,28692.50,28693.50,1.00
2026-06-11 10:56:00,28694.50,28696.25,28693.00,28694.00,92,28692.50,28693.50,1.00
2026-06-11 10:56:01,28693.75,28702.25,28690.25,28700.00,321,28699.00,28700.00,1.00
2026-06-11 10:56:02,28699.75,28702.75,28696.25,28699.25,174,28699.50,28700.00,0.50
2026-06-11 10:56:03,28699.75,28704.75,28699.00,28700.00,160,28701.50,28702.25,0.75
2026-06-11 10:56:04,28699.50,28706.00,28699.25,28702.25,231,28708.75,28709.50,0.75
2026-06-11 10:56:05,28702.50,28709.75,28700.75,28709.50,185,28708.00,28708.75,0.75
2026-06-11 10:56:06,28708.75,28709.75,28705.75,28709.00,139,28708.00,28708.75,0.75
2026-06-11 10:56:07,28708.75,28712.50,28701.50,28702.75,276,28703.25,28703.75,0.50
2026-06-11 10:56:08,28703.25,28705.00,28698.75,28702.75,200,28700.25,28701.00,0.75
2026-06-11 10:56:09,28702.50,28702.50,28698.25,28700.25,99,28700.25,28701.00,0.75
2026-06-11 10:56:10,28700.75,28705.75,28699.75,28704.75,84,28703.75,28704.25,0.50
2026-06-11 10:56:11,28704.25,28705.25,28700.75,28703.75,64,28706.00,28706.50,0.50
2026-06-11 10:56:12,28704.25,28707.75,28704.00,28706.50,80,28703.75,28704.50,0.75
2026-06-11 10:56:13,28706.50,28707.75,28703.50,28705.50,100,28701.00,28701.50,0.50
2026-06-11 10:56:14,28703.75,28703.75,28700.25,28701.00,69,28699.50,28700.50,1.00
2026-06-11 10:56:15,28701.00,28704.00,28699.75,28700.50,87,28697.50,28698.25,0.75
2026-06-11 10:56:16,28699.25,28700.25,28697.50,28697.75,81,28697.50,28698.25,0.75
2026-06-11 10:56:17,28697.50,28699.25,28695.50,28699.25,133,28697.50,28698.25,0.75
2026-06-11 10:56:18,28699.00,28707.00,28697.75,28706.00,104,28712.25,28713.00,0.75
2026-06-11 10:56:19,28707.50,28713.75,28707.50,28713.00,165,28707.50,28708.00,0.50
2026-06-11 10:56:20,28712.25,28712.75,28706.50,28708.75,134,28707.50,28708.00,0.50
2026-06-11 10:56:21,28708.00,28709.00,28706.50,28707.75,76,28712.50,28713.00,0.50
2026-06-11 10:56:22,28708.50,28714.25,28708.50,28713.00,211,28709.25,28710.00,0.75
2026-06-11 10:56:23,28713.25,28713.75,28709.25,28709.25,94,28703.75,28704.50,0.75
2026-06-11 10:56:24,28709.75,28709.75,28702.75,28704.00,79,28698.50,28699.00,0.50
2026-06-11 10:56:25,28703.50,28704.00,28697.00,28699.00,151,28699.75,28700.50,0.75
2026-06-11 10:56:26,28698.50,28702.00,28698.00,28700.75,83,28698.00,28698.50,0.50
2026-06-11 10:56:27,28700.25,28700.25,28696.50,28698.50,68,28697.75,28698.50,0.75
2026-06-11 10:56:28,28697.00,28700.25,28696.25,28698.50,109,28691.25,28691.75,0.50
2026-06-11 10:56:29,28697.50,28697.50,28690.75,28692.00,107,28692.50,28693.25,0.75
2026-06-11 10:56:30,28691.00,28695.75,28690.75,28693.00,111,28688.50,28689.00,0.50
2026-06-11 10:56:31,28692.50,28692.50,28684.50,28688.25,199,28693.00,28693.75,0.75
2026-06-11 10:56:32,28688.50,28693.00,28688.00,28692.75,181,28690.75,28691.25,0.50
2026-06-11 10:56:33,28693.00,28694.75,28689.50,28690.75,149,28686.00,28686.50,0.50
2026-06-11 10:56:34,28690.50,28691.25,28683.50,28686.50,108,28686.00,28686.50,0.50
2026-06-11 10:56:35,28686.50,28687.00,28680.00,28682.75,184,28686.00,28686.75,0.75
2026-06-11 10:56:36,28683.25,28687.25,28682.50,28686.25,208,28685.00,28685.50,0.50
2026-06-11 10:56:37,28686.00,28689.00,28680.75,28686.00,294,28679.00,28679.75,0.75
2026-06-11 10:56:38,28685.50,28685.75,28678.25,28679.50,195,28678.25,28679.00,0.75
2026-06-11 10:56:39,28679.00,28680.00,28677.00,28678.00,210,28675.25,28675.50,0.25
2026-06-11 10:56:40,28678.25,28678.25,28672.75,28675.50,307,28675.50,28676.00,0.50
2026-06-11 10:56:41,28675.25,28676.75,28668.25,28675.75,319,28666.50,28667.25,0.75
2026-06-11 10:56:42,28675.50,28676.50,28666.50,28666.75,335,28666.50,28667.25,0.75
2026-06-11 10:56:43,28666.50,28668.50,28663.75,28666.25,263,28665.00,28665.50,0.50
2026-06-11 10:56:44,28665.50,28666.00,28661.00,28662.25,307,28662.75,28663.25,0.50
2026-06-11 10:56:45,28662.50,28668.00,28662.00,28663.50,119,28662.75,28663.25,0.50
2026-06-11 10:56:46,28662.75,28670.00,28660.75,28666.00,236,28666.00,28666.75,0.75
2026-06-11 10:56:47,28665.75,28669.50,28665.75,28667.75,134,28668.25,28668.75,0.50
2026-06-11 10:56:48,28667.75,28670.25,28667.50,28668.25,117,28668.25,28669.00,0.75
2026-06-11 10:56:49,28668.75,28670.25,28666.00,28668.75,86,28667.25,28667.75,0.50
2026-06-11 10:56:50,28668.25,28669.75,28667.00,28668.25,110,28669.00,28669.75,0.75
2026-06-11 10:56:51,28667.25,28671.75,28667.00,28669.00,89,28673.25,28674.75,1.50
2026-06-11 10:56:52,28668.50,28673.25,28667.75,28672.75,100,28673.25,28674.75,1.50
2026-06-11 10:56:53,28673.75,28679.00,28673.25,28675.75,315,28673.25,28674.00,0.75
2026-06-11 10:56:54,28676.25,28676.25,28671.75,28673.25,114,28675.50,28676.25,0.75
2026-06-11 10:56:55,28673.75,28677.00,28673.25,28675.75,124,28672.75,28673.50,0.75
2026-06-11 10:56:56,28675.50,28675.50,28672.25,28673.50,91,28676.75,28677.50,0.75
2026-06-11 10:56:57,28673.50,28677.75,28672.25,28677.25,77,28678.25,28678.75,0.50
2026-06-11 10:56:58,28676.50,28680.25,28676.50,28678.75,96,28675.00,28675.50,0.50
2026-06-11 10:56:59,28678.25,28679.25,28673.25,28675.25,115,28677.00,28677.50,0.50
2026-06-11 10:57:00,28675.50,28678.25,28673.25,28676.75,96,28673.50,28674.00,0.50
2026-06-11 10:57:01,28678.00,28678.50,28672.75,28674.50,202,28671.00,28671.50,0.50
2026-06-11 10:57:02,28673.50,28674.75,28670.50,28671.00,103,28671.00,28671.50,0.50
2026-06-11 10:57:03,28671.00,28680.25,28671.00,28675.50,117,28676.75,28677.25,0.50
2026-06-11 10:57:04,28674.75,28678.25,28674.75,28676.50,133,28681.00,28681.50,0.50
2026-06-11 10:57:05,28677.25,28684.75,28675.00,28681.25,181,28678.50,28679.25,0.75
2026-06-11 10:57:06,28681.00,28681.50,28676.50,28679.00,137,28677.50,28678.25,0.75
2026-06-11 10:57:07,28679.25,28680.50,28676.25,28678.50,111,28680.75,28681.25,0.50
2026-06-11 10:57:08,28677.75,28681.75,28675.00,28681.00,96,28686.75,28687.25,0.50
2026-06-11 10:57:09,28680.75,28688.75,28680.75,28686.50,211,28683.00,28683.50,0.50
2026-06-11 10:57:10,28687.75,28688.75,28682.50,28683.50,204,28683.25,28684.00,0.75
2026-06-11 10:57:11,28684.25,28684.25,28679.75,28683.00,108,28682.00,28682.75,0.75
2026-06-11 10:57:12,28684.00,28684.75,28682.50,28683.25,101,28684.00,28684.75,0.75
2026-06-11 10:57:13,28682.00,28685.50,28681.50,28684.50,135,28683.50,28684.00,0.50
2026-06-11 10:57:14,28684.75,28685.25,28680.50,28684.00,100,28681.25,28681.75,0.50
2026-06-11 10:57:15,28683.50,28684.00,28680.00,28681.75,64,28679.00,28679.75,0.75
2026-06-11 10:57:16,28680.50,28683.25,28678.50,28680.50,101,28684.75,28685.25,0.50
2026-06-11 10:57:17,28679.00,28686.00,28678.50,28685.00,88,28681.25,28681.75,0.50
2026-06-11 10:57:18,28685.25,28685.25,28681.00,28681.75,69,28677.75,28678.50,0.75
2026-06-11 10:57:19,28681.75,28682.00,28678.25,28678.25,54,28680.25,28680.75,0.50
2026-06-11 10:57:20,28678.75,28681.50,28675.75,28680.25,109,28680.25,28680.75,0.50
2026-06-11 10:57:21,28680.00,28684.75,28675.00,28681.00,187,28680.00,28680.50,0.50
2026-06-11 10:57:22,28680.25,28680.25,28677.75,28680.00,59,28676.75,28677.25,0.50
2026-06-11 10:57:23,28679.50,28679.75,28675.25,28677.25,109,28678.25,28678.75,0.50
2026-06-11 10:57:24,28676.75,28679.75,28676.00,28678.50,93,28676.50,28677.00,0.50
2026-06-11 10:57:25,28678.75,28679.25,28674.75,28676.75,60,28675.75,28676.25,0.50
2026-06-11 10:57:26,28676.75,28677.00,28671.00,28675.75,296,28674.00,28674.25,0.25
2026-06-11 10:57:27,28675.75,28676.25,28672.25,28674.25,63,28672.75,28673.25,0.50
2026-06-11 10:57:28,28674.25,28674.75,28671.75,28672.75,64,28674.50,28675.00,0.50
2026-06-11 10:57:29,28673.00,28675.25,28672.00,28675.00,56,28673.75,28674.25,0.50
2026-06-11 10:57:30,28675.00,28676.75,28673.50,28674.00,80,28671.50,28672.00,0.50
2026-06-11 10:57:31,28674.00,28674.00,28670.00,28672.00,120,28670.50,28671.00,0.50
2026-06-11 10:57:32,28672.00,28672.50,28669.25,28671.25,72,28664.00,28664.75,0.75
2026-06-11 10:57:33,28671.50,28671.50,28663.25,28664.75,216,28660.50,28661.00,0.50
2026-06-11 10:57:34,28664.00,28664.00,28659.25,28660.75,306,28658.25,28658.75,0.50
2026-06-11 10:57:35,28661.25,28664.00,28659.00,28659.00,192,28658.25,28658.75,0.50
2026-06-11 10:57:36,28659.25,28660.75,28657.00,28657.75,167,28659.50,28660.25,0.75
2026-06-11 10:57:37,28657.50,28662.00,28656.25,28660.00,164,28659.50,28660.25,0.75
2026-06-11 10:57:38,28659.25,28660.50,28656.25,28658.25,133,28658.00,28658.75,0.75
2026-06-11 10:57:39,28658.00,28658.75,28653.50,28654.75,172,28655.00,28655.75,0.75
2026-06-11 10:57:40,28654.75,28660.50,28654.00,28658.50,227,28661.00,28661.75,0.75
2026-06-11 10:57:41,28658.25,28663.00,28656.75,28661.25,167,28661.00,28661.75,0.75
2026-06-11 10:57:42,28661.00,28663.00,28660.00,28661.50,190,28660.50,28661.25,0.75
2026-06-11 10:57:43,28661.50,28666.00,28661.25,28666.00,104,28666.50,28667.25,0.75
2026-06-11 10:57:44,28666.75,28670.50,28666.25,28669.25,203,28668.75,28669.25,0.50
2026-06-11 10:57:45,28669.00,28680.00,28668.25,28679.75,377,28680.00,28680.75,0.75
2026-06-11 10:57:46,28680.00,28683.00,28678.00,28680.50,295,28679.25,28680.00,0.75
2026-06-11 10:57:47,28679.75,28682.00,28674.50,28674.50,292,28674.50,28675.00,0.50
2026-06-11 10:57:48,28674.50,28677.50,28674.50,28676.50,175,28672.50,28673.00,0.50
2026-06-11 10:57:49,28675.00,28679.00,28672.50,28673.25,183,28672.50,28673.00,0.50
2026-06-11 10:57:50,28672.00,28672.75,28669.50,28670.75,67,28670.75,28671.50,0.75
2026-06-11 10:57:51,28671.00,28673.75,28670.75,28673.50,65,28672.50,28673.25,0.75
2026-06-11 10:57:52,28672.75,28674.50,28671.25,28674.50,62,28674.50,28675.00,0.50
2026-06-11 10:57:53,28675.00,28677.50,28673.50,28674.75,94,28674.50,28675.00,0.50
2026-06-11 10:57:54,28674.50,28677.75,28673.75,28677.75,125,28677.25,28678.00,0.75
2026-06-11 10:57:55,28677.25,28682.00,28675.75,28676.50,169,28676.75,28677.25,0.50
2026-06-11 10:57:56,28677.25,28678.25,28674.50,28674.75,59,28674.75,28675.25,0.50
2026-06-11 10:57:57,28675.00,28676.25,28673.00,28674.50,46,28675.50,28676.25,0.75
2026-06-11 10:57:58,28674.50,28678.75,28673.25,28675.75,166,28681.50,28682.00,0.50
2026-06-11 10:57:59,28675.50,28681.75,28675.50,28681.00,71,28681.50,28682.00,0.50
2026-06-11 10:58:00,28681.25,28683.00,28675.75,28676.50,80,28676.50,28677.00,0.50
2026-06-11 10:58:01,28676.50,28681.75,28675.00,28680.25,113,28679.50,28680.25,0.75
2026-06-11 10:58:02,28680.25,28680.25,28677.50,28679.50,56,28688.00,28688.50,0.50
2026-06-11 10:58:03,28679.75,28690.75,28679.50,28688.00,288,28688.00,28688.75,0.75
2026-06-11 10:58:04,28688.50,28690.50,28685.50,28688.50,324,28688.00,28688.75,0.75
2026-06-11 10:58:05,28688.25,28689.00,28678.00,28678.50,137,28678.50,28679.25,0.75
2026-06-11 10:58:06,28678.75,28682.75,28676.75,28681.75,133,28684.25,28685.00,0.75
2026-06-11 10:58:07,28681.50,28685.50,28681.50,28685.25,67,28684.25,28685.00,0.75
2026-06-11 10:58:08,28684.75,28693.00,28684.25,28692.00,133,28694.00,28694.75,0.75
2026-06-11 10:58:09,28692.00,28700.25,28691.75,28695.25,412,28694.00,28694.75,0.75
2026-06-11 10:58:10,28695.50,28698.00,28692.50,28692.50,191,28691.75,28692.50,0.75
2026-06-11 10:58:11,28692.50,28694.00,28688.75,28692.75,116,28691.75,28692.50,0.75
2026-06-11 10:58:12,28692.50,28692.50,28688.00,28690.75,86,28690.75,28691.75,1.00
2026-06-11 10:58:13,28691.50,28692.25,28689.50,28691.50,91,28694.75,28695.50,0.75
2026-06-11 10:58:14,28691.50,28697.00,28691.50,28695.75,147,28697.50,28698.00,0.50
2026-06-11 10:58:15,28694.25,28698.25,28694.25,28698.00,95,28692.50,28693.50,1.00
2026-06-11 10:58:16,28698.00,28698.75,28692.00,28693.25,100,28686.00,28686.75,0.75
2026-06-11 10:58:17,28692.50,28693.00,28686.50,28687.00,200,28686.00,28686.75,0.75
2026-06-11 10:58:18,28686.50,28686.50,28678.50,28682.25,160,28684.00,28684.75,0.75
2026-06-11 10:58:19,28682.00,28686.00,28681.25,28684.75,135,28685.50,28686.00,0.50
2026-06-11 10:58:20,28684.75,28688.50,28684.50,28686.50,96,28685.50,28686.00,0.50
2026-06-11 10:58:21,28686.50,28689.00,28684.25,28685.75,81,28678.00,28678.75,0.75
2026-06-11 10:58:22,28684.00,28685.00,28677.25,28678.25,111,28678.50,28679.25,0.75
2026-06-11 10:58:23,28678.50,28680.00,28675.00,28678.75,123,28682.50,28683.00,0.50
2026-06-11 10:58:24,28679.00,28685.00,28679.00,28683.00,97,28683.50,28684.50,1.00
2026-06-11 10:58:25,28683.25,28685.25,28681.50,28683.75,66,28681.00,28681.75,0.75
2026-06-11 10:58:26,28683.50,28684.75,28681.00,28681.25,64,28680.75,28681.50,0.75
2026-06-11 10:58:27,28681.00,28683.25,28679.75,28682.00,64,28682.50,28683.00,0.50
2026-06-11 10:58:28,28681.75,28684.50,28680.00,28682.75,55,28679.50,28680.25,0.75
2026-06-11 10:58:29,28683.25,28683.25,28677.00,28679.25,44,28680.00,28680.75,0.75
2026-06-11 10:58:30,28680.00,28680.25,28677.00,28679.50,56,28679.25,28680.00,0.75
2026-06-11 10:58:31,28680.50,28681.00,28677.25,28679.75,73,28683.50,28684.00,0.50
2026-06-11 10:58:32,28679.50,28684.75,28679.50,28683.50,86,28683.25,28683.75,0.50
2026-06-11 10:58:33,28683.50,28684.25,28682.25,28683.50,29,28685.75,28686.25,0.50
2026-06-11 10:58:34,28683.00,28688.75,28683.00,28686.25,87,28690.00,28690.75,0.75
2026-06-11 10:58:35,28686.25,28691.50,28685.25,28690.00,63,28690.25,28690.75,0.50
2026-06-11 10:58:36,28690.25,28694.25,28689.75,28690.75,100,28684.75,28685.50,0.75
2026-06-11 10:58:37,28690.75,28691.25,28685.00,28685.00,118,28686.75,28687.50,0.75
2026-06-11 10:58:38,28684.75,28687.25,28684.50,28687.25,17,28675.00,28675.75,0.75
2026-06-11 10:58:39,28686.75,28688.25,28675.50,28675.50,194,28670.25,28670.75,0.50
2026-06-11 10:58:40,28674.75,28675.50,28668.75,28670.50,216,28669.75,28670.50,0.75
2026-06-11 10:58:41,28670.75,28672.00,28665.25,28670.00,330,28670.75,28671.25,0.50
2026-06-11 10:58:42,28670.00,28672.50,28669.25,28671.75,87,28671.25,28672.00,0.75
2026-06-11 10:58:43,28671.50,28672.50,28670.00,28671.25,61,28666.00,28666.75,0.75
2026-06-11 10:58:44,28672.25,28675.00,28667.00,28667.25,151,28660.25,28660.75,0.50
2026-06-11 10:58:45,28666.50,28667.25,28660.25,28660.75,214,28657.50,28658.25,0.75
2026-06-11 10:58:46,28660.25,28660.75,28656.50,28657.50,311,28658.50,28659.00,0.50
2026-06-11 10:58:47,28658.25,28661.00,28658.00,28658.50,125,28648.25,28649.00,0.75
2026-06-11 10:58:48,28658.50,28659.00,28645.75,28648.50,830,28640.75,28641.25,0.50
2026-06-11 10:58:49,28649.25,28649.50,28640.75,28641.25,436,28632.50,28634.50,2.00
2026-06-11 10:58:50,28640.75,28641.00,28632.50,28632.50,667,28633.00,28633.75,0.75
2026-06-11 10:58:51,28632.50,28635.00,28629.00,28633.00,586,28629.25,28630.00,0.75
2026-06-11 10:58:52,28633.25,28634.50,28627.00,28629.75,434,28627.50,28628.25,0.75
2026-06-11 10:58:53,28630.00,28631.50,28626.50,28627.50,389,28627.50,28628.00,0.50
2026-06-11 10:58:54,28628.25,28629.25,28623.00,28627.50,393,28622.75,28623.50,0.75
2026-06-11 10:58:55,28627.25,28628.25,28621.00,28622.75,294,28610.00,28612.75,2.75
2026-06-11 10:58:56,28623.50,28623.75,28610.00,28610.25,528,28610.50,28611.25,0.75
2026-06-11 10:58:57,28612.75,28614.00,28608.50,28611.00,303,28613.75,28614.50,0.75
2026-06-11 10:58:58,28610.25,28616.25,28606.25,28613.75,260,28627.00,28627.50,0.50
2026-06-11 10:58:59,28614.50,28628.25,28612.25,28627.00,382,28624.25,28624.75,0.50
2026-06-11 10:59:00,28627.50,28628.50,28622.50,28624.75,350,28624.75,28625.75,1.00
2026-06-11 10:59:01,28624.75,28627.50,28623.50,28625.25,318,28636.25,28636.75,0.50
2026-06-11 10:59:02,28625.25,28638.50,28624.50,28637.50,328,28629.50,28630.25,0.75
2026-06-11 10:59:03,28636.25,28636.75,28627.25,28629.50,241,28630.50,28631.00,0.50
2026-06-11 10:59:04,28630.25,28632.50,28623.25,28630.50,237,28630.25,28631.25,1.00
2026-06-11 10:59:05,28630.75,28632.50,28628.50,28631.25,112,28628.75,28629.50,0.75
2026-06-11 10:59:06,28630.75,28632.75,28627.25,28629.25,100,28631.00,28632.00,1.00
2026-06-11 10:59:07,28629.25,28631.75,28627.75,28631.75,102,28626.75,28627.50,0.75
2026-06-11 10:59:08,28631.50,28631.75,28625.00,28627.00,112,28623.50,28624.25,0.75
2026-06-11 10:59:09,28627.25,28628.25,28624.00,28624.25,120,28620.50,28621.25,0.75
2026-06-11 10:59:10,28623.50,28624.25,28620.00,28620.50,104,28620.50,28621.25,0.75
2026-06-11 10:59:11,28621.75,28621.75,28617.50,28620.75,193,28625.00,28625.75,0.75
2026-06-11 10:59:12,28621.25,28625.75,28620.50,28624.75,93,28632.25,28632.75,0.50
2026-06-11 10:59:13,28627.00,28632.75,28627.00,28632.75,156,28633.25,28634.00,0.75
2026-06-11 10:59:14,28632.75,28634.75,28631.25,28633.25,124,28632.50,28633.25,0.75
2026-06-11 10:59:15,28633.25,28636.00,28630.00,28633.00,110,28632.50,28633.25,0.75
2026-06-11 10:59:16,28632.50,28634.75,28632.50,28633.00,39,28632.75,28633.50,0.75
2026-06-11 10:59:17,28632.00,28635.00,28631.50,28633.75,74,28634.25,28635.00,0.75
2026-06-11 10:59:18,28632.75,28636.75,28632.25,28633.75,67,28636.75,28637.25,0.50
2026-06-11 10:59:19,28634.25,28639.00,28633.25,28636.75,101,28638.50,28639.00,0.50
2026-06-11 10:59:20,28636.75,28641.00,28636.50,28638.75,112,28642.00,28643.50,1.50
2026-06-11 10:59:21,28639.25,28643.50,28638.00,28643.25,131,28644.00,28644.75,0.75
2026-06-11 10:59:22,28643.50,28645.50,28640.00,28644.25,204,28643.75,28644.50,0.75
2026-06-11 10:59:23,28644.50,28646.00,28641.25,28644.25,79,28641.50,28642.25,0.75
2026-06-11 10:59:24,28644.75,28644.75,28639.00,28642.25,181,28644.25,28645.00,0.75
2026-06-11 10:59:25,28642.00,28645.00,28641.75,28645.00,79,28643.25,28644.00,0.75
2026-06-11 10:59:26,28644.50,28645.75,28641.00,28643.50,108,28641.50,28642.25,0.75
2026-06-11 10:59:27,28643.25,28644.75,28641.00,28641.50,76,28641.50,28642.00,0.50
2026-06-11 10:59:28,28642.00,28642.50,28639.75,28642.00,62,28643.50,28644.25,0.75
2026-06-11 10:59:29,28641.75,28646.25,28641.50,28643.50,74,28645.00,28645.75,0.75
2026-06-11 10:59:30,28643.50,28648.25,28643.50,28646.00,163,28646.75,28647.50,0.75
2026-06-11 10:59:31,28645.00,28648.25,28644.75,28647.50,60,28648.25,28648.75,0.50
2026-06-11 10:59:32,28647.00,28649.75,28645.25,28648.25,92,28645.75,28646.50,0.75
2026-06-11 10:59:33,28648.25,28648.50,28645.75,28646.50,48,28652.75,28653.50,0.75
2026-06-11 10:59:34,28646.50,28654.25,28646.00,28652.75,245,28650.00,28650.75,0.75
2026-06-11 10:59:35,28652.75,28652.75,28649.75,28650.75,75,28645.50,28646.00,0.50
2026-06-11 10:59:36,28650.25,28652.25,28645.50,28645.50,194,28644.75,28645.25,0.50
2026-06-11 10:59:37,28646.25,28647.75,28643.50,28644.75,89,28643.50,28644.25,0.75
2026-06-11 10:59:38,28646.50,28646.75,28642.00,28643.75,58,28637.75,28638.50,0.75
2026-06-11 10:59:39,28643.50,28644.75,28636.50,28638.00,155,28642.00,28642.75,0.75
2026-06-11 10:59:40,28637.75,28642.75,28636.50,28642.25,71,28638.75,28639.50,0.75
2026-06-11 10:59:41,28642.00,28643.25,28639.25,28639.25,59,28642.00,28642.75,0.75
2026-06-11 10:59:42,28638.75,28642.75,28638.75,28641.50,59,28639.25,28639.75,0.50
2026-06-11 10:59:43,28642.25,28642.75,28639.25,28639.25,49,28637.00,28637.75,0.75
2026-06-11 10:59:44,28639.25,28639.25,28635.00,28636.75,86,28641.25,28642.00,0.75
2026-06-11 10:59:45,28637.25,28644.25,28637.25,28642.75,74,28639.50,28640.25,0.75
2026-06-11 10:59:46,28642.00,28643.00,28639.25,28640.25,88,28640.00,28640.50,0.50
2026-06-11 10:59:47,28640.25,28641.50,28639.50,28640.50,53,28639.50,28640.25,0.75
2026-06-11 10:59:48,28640.00,28643.00,28639.50,28639.50,125,28638.50,28639.25,0.75
2026-06-11 10:59:49,28639.50,28641.25,28637.25,28638.50,73,28637.50,28638.25,0.75
2026-06-11 10:59:50,28638.50,28639.00,28636.75,28637.50,49,28639.00,28639.75,0.75
2026-06-11 10:59:51,28637.50,28641.00,28637.25,28639.00,69,28643.75,28644.50,0.75
2026-06-11 10:59:52,28639.75,28645.00,28639.50,28644.00,135,28650.50,28651.25,0.75
2026-06-11 10:59:53,28644.50,28651.25,28643.75,28650.75,173,28651.75,28652.25,0.50
2026-06-11 10:59:54,28651.75,28652.50,28650.50,28652.00,87,28651.50,28652.00,0.50
2026-06-11 10:59:55,28652.25,28654.25,28651.25,28651.50,103,28645.25,28646.00,0.75
2026-06-11 10:59:56,28652.00,28652.25,28645.50,28645.50,94,28646.25,28647.00,0.75
2026-06-11 10:59:57,28645.75,28648.25,28645.25,28647.00,58,28647.50,28648.00,0.50
2026-06-11 10:59:58,28646.25,28648.50,28645.50,28647.50,40,28650.75,28651.50,0.75
2026-06-11 10:59:59,28647.50,28652.75,28647.25,28651.00,113,28648.75,28649.25,0.50
2026-06-11 11:00:00,28651.50,28652.50,28649.00,28649.25,78,28644.50,28645.25,0.75
2026-06-11 11:00:01,28649.00,28652.75,28644.25,28645.00,364,28633.00,28633.75,0.75
2026-06-11 11:00:02,28645.25,28648.75,28631.50,28633.50,496,28626.75,28627.50,0.75
2026-06-11 11:00:03,28632.75,28633.25,28626.25,28626.50,375,28622.75,28623.50,0.75
2026-06-11 11:00:04,28627.50,28628.75,28622.00,28622.50,231,28622.50,28623.25,0.75
2026-06-11 11:00:05,28622.75,28623.50,28619.75,28622.75,231,28616.25,28616.75,0.50
2026-06-11 11:00:06,28623.25,28626.50,28616.50,28616.50,293,28615.25,28616.00,0.75
2026-06-11 11:00:07,28616.25,28621.25,28614.00,28615.75,343,28613.25,28614.00,0.75
2026-06-11 11:00:08,28615.75,28617.50,28612.25,28613.25,204,28614.25,28615.00,0.75
2026-06-11 11:00:09,28613.50,28615.00,28611.75,28614.75,198,28622.00,28623.00,1.00
2026-06-11 11:00:10,28615.00,28623.75,28612.75,28622.75,218,28625.50,28626.25,0.75
2026-06-11 11:00:11,28622.50,28628.25,28618.75,28626.25,210,28624.50,28625.00,0.50
2026-06-11 11:00:12,28625.50,28630.75,28623.75,28624.50,123,28622.00,28622.75,0.75
2026-06-11 11:00:13,28625.00,28626.75,28620.75,28622.50,118,28622.50,28623.25,0.75
2026-06-11 11:00:14,28623.00,28623.25,28620.00,28623.25,80,28620.25,28621.00,0.75
2026-06-11 11:00:15,28622.50,28623.00,28618.75,28620.50,69,28623.75,28624.50,0.75
2026-06-11 11:00:16,28621.00,28625.25,28620.00,28624.50,169,28629.50,28632.75,3.25
2026-06-11 11:00:17,28625.00,28632.50,28624.00,28632.50,178,28626.25,28627.00,0.75
2026-06-11 11:00:18,28629.50,28632.50,28626.00,28626.50,212,28627.00,28627.75,0.75
2026-06-11 11:00:19,28627.00,28630.50,28627.00,28627.50,97,28621.00,28621.75,0.75
2026-06-11 11:00:20,28627.75,28628.50,28620.75,28621.25,85,28621.75,28622.25,0.50
2026-06-11 11:00:21,28621.00,28624.00,28621.00,28621.75,56,28608.75,28609.50,0.75
2026-06-11 11:00:22,28622.25,28622.25,28609.00,28609.00,176,28615.25,28615.75,0.50
2026-06-11 11:00:23,28609.00,28617.00,28608.75,28616.00,188,28614.75,28615.50,0.75
2026-06-11 11:00:24,28615.25,28616.50,28611.25,28614.00,126,28619.00,28620.00,1.00
2026-06-11 11:00:25,28614.75,28619.75,28612.50,28619.75,155,28622.50,28623.25,0.75
2026-06-11 11:00:26,28620.00,28624.75,28617.75,28623.50,176,28629.75,28630.50,0.75
2026-06-11 11:00:27,28623.25,28633.00,28618.25,28629.50,611,28633.50,28634.25,0.75
2026-06-11 11:00:28,28630.50,28637.50,28629.25,28634.25,259,28634.00,28635.00,1.00
2026-06-11 11:00:29,28633.75,28636.00,28631.50,28634.75,116,28632.50,28633.25,0.75
2026-06-11 11:00:30,28634.25,28636.00,28631.25,28633.00,109,28641.25,28642.25,1.00
2026-06-11 11:00:31,28633.25,28642.50,28632.00,28641.25,215,28646.00,28646.50,0.50
2026-06-11 11:00:32,28642.25,28649.00,28640.25,28646.00,418,28638.75,28639.50,0.75
2026-06-11 11:00:33,28646.00,28646.25,28636.50,28639.25,132,28639.25,28640.00,0.75
2026-06-11 11:00:34,28639.50,28641.50,28638.75,28639.00,68,28634.50,28635.00,0.50
2026-06-11 11:00:35,28639.25,28641.25,28634.00,28635.00,195,28632.75,28633.50,0.75
2026-06-11 11:00:36,28634.50,28637.00,28631.75,28633.00,110,28631.25,28631.75,0.50
2026-06-11 11:00:37,28633.50,28634.75,28630.50,28631.50,100,28635.75,28636.50,0.75
2026-06-11 11:00:38,28631.50,28636.50,28631.50,28636.25,97,28636.25,28637.00,0.75
2026-06-11 11:00:39,28636.50,28638.25,28635.00,28636.25,74,28632.75,28633.50,0.75
2026-06-11 11:00:40,28636.25,28636.50,28631.50,28633.00,104,28634.75,28635.50,0.75
2026-06-11 11:00:41,28633.00,28636.75,28632.00,28635.25,66,28634.25,28634.75,0.50
2026-06-11 11:00:42,28634.75,28636.25,28633.50,28634.75,52,28632.00,28632.75,0.75
2026-06-11 11:00:43,28635.00,28635.00,28631.25,28632.00,52,28629.25,28629.75,0.50
2026-06-11 11:00:44,28632.75,28633.00,28628.50,28629.00,86,28635.25,28636.00,0.75
2026-06-11 11:00:45,28629.00,28636.50,28628.50,28636.50,67,28636.00,28636.75,0.75
2026-06-11 11:00:46,28636.25,28637.00,28634.00,28636.75,76,28642.50,28643.25,0.75
2026-06-11 11:00:47,28636.50,28643.50,28636.50,28642.75,100,28638.50,28639.25,0.75
2026-06-11 11:00:48,28643.00,28643.00,28638.50,28640.00,120,28635.25,28635.75,0.50
2026-06-11 11:00:49,28639.25,28641.25,28635.00,28635.50,102,28640.75,28641.25,0.50
2026-06-11 11:00:50,28636.00,28642.25,28636.00,28640.50,119,28641.75,28642.50,0.75
2026-06-11 11:00:51,28641.25,28644.00,28640.00,28642.00,91,28642.00,28642.75,0.75
2026-06-11 11:00:52,28641.50,28643.00,28640.00,28643.00,84,28632.50,28633.00,0.50
2026-06-11 11:00:53,28642.25,28642.25,28632.50,28633.00,189,28626.00,28626.50,0.50
2026-06-11 11:00:54,28632.50,28634.25,28623.50,28626.25,286,28622.25,28623.00,0.75
2026-06-11 11:00:55,28626.00,28628.00,28622.00,28622.25,143,28611.75,28612.50,0.75
2026-06-11 11:00:56,28623.00,28623.50,28611.25,28611.75,328,28606.00,28606.75,0.75
2026-06-11 11:00:57,28612.75,28612.75,28605.00,28605.50,377,28609.25,28610.25,1.00
2026-06-11 11:00:58,28605.50,28610.75,28601.75,28610.00,448,28607.00,28608.00,1.00
2026-06-11 11:00:59,28609.25,28613.50,28604.50,28607.50,262,28608.00,28609.00,1.00
