time,open,high,low,close,volume,bid,ask,spread
2026-08-19 09:20:00,29714.75,29724.50,29714.25,29720.00,1129,29720.00,29720.00,0.00
2026-08-19 09:21:00,29720.00,29725.00,29714.75,29724.25,1467,29724.25,29724.25,0.00
2026-08-19 09:22:00,29724.00,29736.75,29724.00,29734.25,2065,29734.25,29734.25,0.00
2026-08-19 09:23:00,29734.25,29745.00,29733.25,29742.75,1482,29742.75,29742.75,0.00
2026-08-19 09:24:00,29742.50,29747.00,29740.50,29742.50,1120,29742.50,29742.50,0.00
2026-08-19 09:25:00,29742.50,29748.00,29741.50,29742.50,1172,29742.50,29742.50,0.00
2026-08-19 09:26:00,29742.50,29748.25,29724.00,29747.00,3184,29747.00,29747.00,0.00
2026-08-19 09:27:00,29746.50,29747.75,29739.25,29741.50,1686,29741.50,29741.50,0.00
2026-08-19 09:28:00,29742.00,29745.75,29715.50,29721.25,2812,29721.25,29721.25,0.00
2026-08-19 09:29:00,29721.00,29727.50,29713.75,29713.75,2213,29713.75,29713.75,0.00
2026-08-19 09:30:00,29715.00,29717.50,29695.25,29696.00,3167,29696.00,29696.00,0.00
2026-08-19 09:31:00,29696.25,29717.50,29648.25,29672.75,19633,29672.75,29672.75,0.00
2026-08-19 09:32:00,29672.50,29706.25,29667.50,29689.25,16951,29689.25,29689.25,0.00
2026-08-19 09:33:00,29688.75,29737.50,29686.00,29736.25,16520,29736.25,29736.25,0.00
2026-08-19 09:34:00,29736.25,29742.00,29689.25,29697.75,15096,29697.75,29697.75,0.00
2026-08-19 09:35:00,29698.00,29704.00,29666.00,29672.75,13741,29672.75,29672.75,0.00
2026-08-19 09:36:00,29673.25,29688.00,29653.50,29673.50,13805,29673.50,29673.50,0.00
2026-08-19 09:37:00,29673.25,29675.75,29625.50,29626.50,17770,29626.50,29626.50,0.00
2026-08-19 09:38:00,29626.50,29650.75,29614.25,29629.00,15784,29629.00,29629.00,0.00
2026-08-19 09:39:00,29629.75,29640.75,29610.25,29611.50,11227,29611.50,29611.50,0.00
2026-08-19 09:40:00,29611.50,29621.00,29587.75,29589.75,14276,29589.75,29589.75,0.00
2026-08-19 09:41:00,29589.75,29607.50,29577.25,29595.50,16620,29595.50,29595.50,0.00
2026-08-19 09:42:00,29596.50,29614.50,29565.75,29572.50,16138,29572.50,29572.50,0.00
2026-08-19 09:43:00,29572.25,29598.25,29560.50,29598.00,13995,29598.00,29598.00,0.00
2026-08-19 09:44:00,29597.75,29621.50,29592.75,29617.00,12622,29617.00,29617.00,0.00
2026-08-19 09:45:00,29617.00,29628.75,29602.00,29610.00,11591,29610.00,29610.00,0.00
2026-08-19 09:46:00,29609.75,29634.75,29595.75,29606.50,15134,29606.50,29606.50,0.00
2026-08-19 09:47:00,29606.75,29636.25,29590.00,29597.75,12145,29597.75,29597.75,0.00
2026-08-19 09:48:00,29597.50,29609.00,29575.25,29582.75,11919,29582.75,29582.75,0.00
2026-08-19 09:49:00,29583.25,29592.50,29514.50,29517.50,21477,29517.50,29517.50,0.00
2026-08-19 09:50:00,29517.50,29517.75,29458.75,29470.00,22847,29470.00,29470.00,0.00
2026-08-19 09:51:00,29470.00,29492.75,29455.25,29471.50,17545,29471.50,29471.50,0.00
2026-08-19 09:52:00,29472.50,29475.00,29407.75,29421.75,19606,29421.75,29421.75,0.00
2026-08-19 09:53:00,29421.75,29461.00,29415.75,29443.50,16481,29443.50,29443.50,0.00
2026-08-19 09:53:44,29486.25,29488.50,29485.75,29487.75,150,29487.75,29487.75,0.00
2026-08-19 09:53:45,29488.75,29491.00,29486.00,29488.00,194,29488.00,29488.00,0.00
2026-08-19 09:53:46,29488.00,29488.75,29486.00,29488.50,152,29488.50,29488.50,0.00
2026-08-19 09:53:47,29489.00,29489.25,29469.50,29476.50,1298,29476.50,29476.50,0.00
2026-08-19 09:53:48,29476.50,29477.75,29471.75,29475.25,351,29475.25,29475.25,0.00
2026-08-19 09:53:49,29476.00,29482.75,29474.50,29482.25,270,29482.25,29482.25,0.00
2026-08-19 09:53:50,29481.75,29482.00,29479.00,29479.75,127,29479.75,29479.75,0.00
2026-08-19 09:53:51,29479.00,29483.25,29477.75,29480.75,150,29480.75,29480.75,0.00
2026-08-19 09:53:52,29481.00,29483.00,29479.50,29481.50,171,29481.50,29481.50,0.00
2026-08-19 09:53:53,29481.00,29481.25,29477.50,29480.50,147,29480.50,29480.50,0.00
2026-08-19 09:53:54,29480.50,29481.25,29475.75,29475.75,183,29475.75,29475.75,0.00
2026-08-19 09:53:55,29475.75,29478.50,29472.75,29477.75,241,29477.75,29477.75,0.00
2026-08-19 09:53:56,29478.25,29478.75,29472.25,29473.00,113,29473.00,29473.00,0.00
2026-08-19 09:53:57,29472.50,29473.00,29470.50,29472.25,163,29472.25,29472.25,0.00
2026-08-19 09:53:58,29472.75,29477.25,29472.50,29473.75,143,29473.75,29473.75,0.00
2026-08-19 09:53:59,29473.50,29481.50,29473.50,29481.00,164,29481.00,29481.00,0.00
2026-08-19 09:54:00,29480.50,29485.75,29480.50,29485.25,129,29485.25,29485.25,0.00
2026-08-19 09:54:01,29485.25,29487.75,29479.75,29480.50,265,29480.50,29480.50,0.00
2026-08-19 09:54:02,29480.25,29481.00,29475.50,29481.00,243,29481.00,29481.00,0.00
2026-08-19 09:54:03,29480.75,29482.75,29479.50,29481.00,194,29481.00,29481.00,0.00
2026-08-19 09:54:04,29482.00,29484.50,29479.75,29482.25,170,29482.25,29482.25,0.00
2026-08-19 09:54:05,29482.25,29487.00,29480.50,29486.00,256,29486.00,29486.00,0.00
2026-08-19 09:54:06,29486.00,29486.00,29482.25,29484.00,224,29484.00,29484.00,0.00
2026-08-19 09:54:07,29484.00,29485.25,29480.75,29484.75,191,29484.75,29484.75,0.00
2026-08-19 09:54:08,29484.50,29488.00,29482.75,29485.75,163,29485.75,29485.75,0.00
2026-08-19 09:54:09,29485.25,29487.75,29482.50,29483.25,152,29483.25,29483.25,0.00
2026-08-19 09:54:10,29485.50,29488.75,29485.25,29486.75,120,29486.75,29486.75,0.00
2026-08-19 09:54:11,29486.25,29489.75,29484.75,29489.00,139,29489.00,29489.00,0.00
2026-08-19 09:54:12,29489.00,29489.25,29480.50,29481.75,149,29481.75,29481.75,0.00
2026-08-19 09:54:13,29481.50,29482.00,29477.75,29481.00,165,29481.00,29481.00,0.00
2026-08-19 09:54:14,29481.50,29484.00,29480.50,29483.25,92,29483.25,29483.25,0.00
2026-08-19 09:54:15,29482.75,29486.25,29481.50,29482.50,103,29482.50,29482.50,0.00
2026-08-19 09:54:16,29482.25,29483.25,29474.75,29475.25,226,29475.25,29475.25,0.00
2026-08-19 09:54:17,29476.00,29478.00,29473.25,29477.50,129,29477.50,29477.50,0.00
2026-08-19 09:54:18,29477.00,29477.75,29474.00,29475.50,124,29475.50,29475.50,0.00
2026-08-19 09:54:19,29475.00,29477.50,29473.50,29476.50,122,29476.50,29476.50,0.00
2026-08-19 09:54:20,29476.00,29480.25,29476.00,29478.50,155,29478.50,29478.50,0.00
2026-08-19 09:54:21,29478.00,29478.00,29472.50,29472.50,145,29472.50,29472.50,0.00
2026-08-19 09:54:22,29473.00,29474.50,29468.75,29469.50,263,29469.50,29469.50,0.00
2026-08-19 09:54:23,29470.00,29471.50,29467.75,29467.75,160,29467.75,29467.75,0.00
2026-08-19 09:54:24,29468.25,29471.00,29468.00,29468.75,228,29468.75,29468.75,0.00
2026-08-19 09:54:25,29469.00,29472.25,29466.00,29469.75,295,29469.75,29469.75,0.00
2026-08-19 09:54:26,29470.00,29473.50,29469.75,29472.25,166,29472.25,29472.25,0.00
2026-08-19 09:54:27,29471.50,29472.75,29468.00,29468.50,152,29468.50,29468.50,0.00
2026-08-19 09:54:28,29468.75,29473.00,29468.25,29472.00,186,29472.00,29472.00,0.00
2026-08-19 09:54:29,29472.75,29480.00,29472.25,29476.50,229,29476.50,29476.50,0.00
2026-08-19 09:54:30,29476.75,29476.75,29472.00,29472.50,137,29472.50,29472.50,0.00
2026-08-19 09:54:31,29472.75,29472.75,29467.75,29471.25,147,29471.25,29471.25,0.00
2026-08-19 09:54:32,29471.25,29471.75,29467.00,29471.50,92,29471.50,29471.50,0.00
2026-08-19 09:54:33,29471.25,29471.75,29469.25,29469.75,70,29469.75,29469.75,0.00
2026-08-19 09:54:34,29469.75,29473.25,29469.75,29470.00,100,29470.00,29470.00,0.00
2026-08-19 09:54:35,29470.25,29471.50,29465.75,29469.75,173,29469.75,29469.75,0.00
2026-08-19 09:54:36,29470.00,29470.25,29466.50,29469.25,122,29469.25,29469.25,0.00
2026-08-19 09:54:37,29469.75,29472.00,29467.50,29467.50,132,29467.50,29467.50,0.00
2026-08-19 09:54:38,29467.75,29474.50,29467.75,29472.75,151,29472.75,29472.75,0.00
2026-08-19 09:54:39,29472.50,29477.00,29472.25,29473.50,132,29473.50,29473.50,0.00
2026-08-19 09:54:40,29474.00,29476.50,29472.25,29472.25,122,29472.25,29472.25,0.00
2026-08-19 09:54:41,29471.75,29476.25,29470.50,29473.00,168,29473.00,29473.00,0.00
2026-08-19 09:54:42,29472.75,29473.50,29466.50,29466.75,212,29466.75,29466.75,0.00
2026-08-19 09:54:43,29467.25,29468.50,29466.75,29467.50,83,29467.50,29467.50,0.00
2026-08-19 09:54:44,29468.25,29468.50,29465.75,29466.50,78,29466.50,29466.50,0.00
2026-08-19 09:54:45,29466.00,29466.25,29458.25,29459.00,384,29459.00,29459.00,0.00
2026-08-19 09:54:46,29459.00,29461.50,29457.00,29460.50,213,29460.50,29460.50,0.00
2026-08-19 09:54:47,29460.00,29461.00,29457.00,29458.00,112,29458.00,29458.00,0.00
2026-08-19 09:54:48,29458.00,29468.50,29457.75,29467.00,222,29467.00,29467.00,0.00
2026-08-19 09:54:49,29467.25,29469.00,29463.50,29464.75,199,29464.75,29464.75,0.00
2026-08-19 09:54:50,29465.00,29467.50,29464.00,29466.75,102,29466.75,29466.75,0.00
2026-08-19 09:54:51,29466.00,29468.25,29464.75,29467.75,155,29467.75,29467.75,0.00
2026-08-19 09:54:52,29466.25,29467.50,29459.50,29460.00,163,29460.00,29460.00,0.00
2026-08-19 09:54:53,29459.75,29464.75,29459.75,29462.50,188,29462.50,29462.50,0.00
2026-08-19 09:54:54,29462.25,29464.50,29460.75,29461.75,147,29461.75,29461.75,0.00
2026-08-19 09:54:55,29461.50,29463.00,29457.75,29459.25,200,29459.25,29459.25,0.00
2026-08-19 09:54:56,29458.75,29471.00,29458.75,29471.00,355,29471.00,29471.00,0.00
2026-08-19 09:54:57,29471.00,29473.00,29466.50,29470.00,323,29470.00,29470.00,0.00
2026-08-19 09:54:58,29470.25,29472.75,29470.00,29470.75,155,29470.75,29470.75,0.00
2026-08-19 09:54:59,29470.75,29472.50,29469.50,29472.00,121,29472.00,29472.00,0.00
2026-08-19 09:55:00,29471.75,29473.75,29469.75,29471.00,167,29471.00,29471.00,0.00
2026-08-19 09:55:01,29471.75,29476.00,29469.75,29474.00,321,29474.00,29474.00,0.00
2026-08-19 09:55:02,29474.50,29475.50,29467.25,29467.75,267,29467.75,29467.75,0.00
2026-08-19 09:55:03,29469.00,29470.50,29465.25,29467.25,144,29467.25,29467.25,0.00
2026-08-19 09:55:04,29467.25,29473.50,29466.50,29472.25,200,29472.25,29472.25,0.00
2026-08-19 09:55:05,29472.25,29484.75,29472.25,29478.25,471,29478.25,29478.25,0.00
2026-08-19 09:55:06,29478.75,29479.25,29469.25,29471.50,305,29471.50,29471.50,0.00
2026-08-19 09:55:07,29471.25,29473.00,29467.75,29470.00,150,29470.00,29470.00,0.00
2026-08-19 09:55:08,29470.00,29470.00,29465.00,29465.75,218,29465.75,29465.75,0.00
2026-08-19 09:55:09,29464.75,29477.00,29464.50,29475.25,216,29475.25,29475.25,0.00
2026-08-19 09:55:10,29475.50,29480.50,29474.50,29480.50,146,29480.50,29480.50,0.00
2026-08-19 09:55:11,29480.00,29480.25,29473.25,29473.25,156,29473.25,29473.25,0.00
2026-08-19 09:55:12,29474.00,29477.25,29471.75,29474.25,200,29474.25,29474.25,0.00
2026-08-19 09:55:13,29473.75,29475.25,29469.25,29470.75,197,29470.75,29470.75,0.00
2026-08-19 09:55:14,29470.50,29470.50,29466.75,29468.25,132,29468.25,29468.25,0.00
2026-08-19 09:55:15,29467.25,29470.50,29466.25,29467.75,130,29467.75,29467.75,0.00
2026-08-19 09:55:16,29467.50,29468.75,29464.50,29465.50,113,29465.50,29465.50,0.00
2026-08-19 09:55:17,29465.00,29465.00,29460.50,29462.25,192,29462.25,29462.25,0.00
2026-08-19 09:55:18,29461.50,29470.50,29460.50,29468.25,206,29468.25,29468.25,0.00
2026-08-19 09:55:19,29468.00,29476.50,29467.00,29475.75,223,29475.75,29475.75,0.00
2026-08-19 09:55:20,29476.00,29477.50,29473.50,29474.00,176,29474.00,29474.00,0.00
2026-08-19 09:55:21,29474.75,29477.25,29474.25,29475.00,184,29475.00,29475.00,0.00
2026-08-19 09:55:22,29475.00,29477.25,29469.25,29477.25,149,29477.25,29477.25,0.00
2026-08-19 09:55:23,29476.75,29477.25,29470.00,29470.75,131,29470.75,29470.75,0.00
2026-08-19 09:55:24,29471.00,29472.50,29468.00,29468.00,121,29468.00,29468.00,0.00
2026-08-19 09:55:25,29468.75,29472.00,29468.00,29472.00,115,29472.00,29472.00,0.00
2026-08-19 09:55:26,29471.50,29476.50,29471.00,29475.00,150,29475.00,29475.00,0.00
2026-08-19 09:55:27,29476.25,29486.00,29475.75,29485.75,278,29485.75,29485.75,0.00
2026-08-19 09:55:28,29485.75,29490.00,29484.75,29490.00,456,29490.00,29490.00,0.00
2026-08-19 09:55:29,29490.00,29491.25,29487.00,29488.25,279,29488.25,29488.25,0.00
2026-08-19 09:55:30,29487.75,29490.75,29487.50,29490.75,192,29490.75,29490.75,0.00
2026-08-19 09:55:31,29490.75,29493.75,29489.75,29491.00,427,29491.00,29491.00,0.00
2026-08-19 09:55:32,29491.75,29492.75,29489.75,29491.00,259,29491.00,29491.00,0.00
2026-08-19 09:55:33,29491.00,29492.00,29484.75,29491.25,237,29491.25,29491.25,0.00
2026-08-19 09:55:34,29491.50,29498.50,29491.50,29496.50,512,29496.50,29496.50,0.00
2026-08-19 09:55:35,29496.75,29501.00,29493.00,29494.00,536,29494.00,29494.00,0.00
2026-08-19 09:55:36,29493.50,29497.75,29493.50,29497.50,288,29497.50,29497.50,0.00
2026-08-19 09:55:37,29496.75,29498.25,29494.75,29498.00,232,29498.00,29498.00,0.00
2026-08-19 09:55:38,29497.75,29500.00,29497.50,29500.00,141,29500.00,29500.00,0.00
2026-08-19 09:55:39,29500.25,29502.75,29498.00,29498.75,438,29498.75,29498.75,0.00
2026-08-19 09:55:40,29498.75,29500.25,29497.00,29499.75,218,29499.75,29499.75,0.00
2026-08-19 09:55:41,29499.00,29499.75,29495.75,29496.75,166,29496.75,29496.75,0.00
2026-08-19 09:55:42,29496.50,29499.25,29494.50,29495.75,200,29495.75,29495.75,0.00
2026-08-19 09:55:43,29495.25,29500.00,29494.00,29499.00,153,29499.00,29499.00,0.00
2026-08-19 09:55:44,29499.50,29507.50,29497.75,29506.25,397,29506.25,29506.25,0.00
2026-08-19 09:55:45,29507.00,29511.75,29504.75,29511.50,391,29511.50,29511.50,0.00
2026-08-19 09:55:46,29511.25,29516.00,29510.75,29513.00,551,29513.00,29513.00,0.00
2026-08-19 09:55:47,29513.00,29515.25,29512.50,29514.00,260,29514.00,29514.00,0.00
2026-08-19 09:55:48,29513.75,29516.25,29512.00,29516.00,215,29516.00,29516.00,0.00
2026-08-19 09:55:49,29516.00,29522.75,29515.75,29521.25,623,29521.25,29521.25,0.00
2026-08-19 09:55:50,29521.50,29523.75,29520.00,29523.00,363,29523.00,29523.00,0.00
2026-08-19 09:55:51,29523.50,29526.00,29522.75,29524.00,688,29524.00,29524.00,0.00
2026-08-19 09:55:52,29524.00,29524.75,29520.00,29521.75,320,29521.75,29521.75,0.00
2026-08-19 09:55:53,29521.25,29524.50,29519.75,29524.00,317,29524.00,29524.00,0.00
2026-08-19 09:55:54,29524.75,29524.75,29519.00,29520.25,293,29520.25,29520.25,0.00
2026-08-19 09:55:55,29519.75,29519.75,29513.75,29514.25,367,29514.25,29514.25,0.00
2026-08-19 09:55:56,29514.25,29516.25,29512.50,29514.75,324,29514.75,29514.75,0.00
2026-08-19 09:55:57,29514.50,29516.50,29513.00,29514.00,169,29514.00,29514.00,0.00
2026-08-19 09:55:58,29514.75,29515.25,29506.25,29506.50,351,29506.50,29506.50,0.00
2026-08-19 09:55:59,29507.50,29510.50,29504.00,29504.25,273,29504.25,29504.25,0.00
2026-08-19 09:56:00,29504.50,29504.75,29502.25,29502.75,293,29502.75,29502.75,0.00
2026-08-19 09:56:01,29503.00,29507.50,29502.50,29505.50,333,29505.50,29505.50,0.00
2026-08-19 09:56:02,29506.25,29507.00,29503.25,29504.50,214,29504.50,29504.50,0.00
2026-08-19 09:56:03,29504.00,29507.00,29502.00,29503.50,330,29503.50,29503.50,0.00
2026-08-19 09:56:04,29504.00,29507.00,29503.50,29505.50,197,29505.50,29505.50,0.00
2026-08-19 09:56:05,29505.25,29505.50,29502.00,29503.00,123,29503.00,29503.00,0.00
2026-08-19 09:56:06,29502.75,29504.75,29501.25,29502.75,166,29502.75,29502.75,0.00
2026-08-19 09:56:07,29501.75,29501.75,29491.00,29494.25,540,29494.25,29494.25,0.00
2026-08-19 09:56:08,29494.00,29498.50,29492.25,29497.00,388,29497.00,29497.00,0.00
2026-08-19 09:56:09,29496.50,29497.75,29494.25,29497.00,214,29497.00,29497.00,0.00
2026-08-19 09:56:10,29496.75,29498.25,29493.75,29494.75,183,29494.75,29494.75,0.00
2026-08-19 09:56:11,29494.25,29494.25,29487.50,29490.25,378,29490.25,29490.25,0.00
2026-08-19 09:56:12,29490.00,29490.50,29482.25,29484.25,399,29484.25,29484.25,0.00
2026-08-19 09:56:13,29484.25,29484.75,29478.75,29479.50,414,29479.50,29479.50,0.00
2026-08-19 09:56:14,29479.75,29480.00,29474.00,29478.50,327,29478.50,29478.50,0.00
2026-08-19 09:56:15,29478.00,29483.50,29476.75,29483.25,242,29483.25,29483.25,0.00
2026-08-19 09:56:16,29483.00,29484.00,29481.25,29482.25,156,29482.25,29482.25,0.00
2026-08-19 09:56:17,29482.50,29487.00,29481.25,29484.00,190,29484.00,29484.00,0.00
2026-08-19 09:56:18,29483.50,29484.00,29473.75,29475.00,287,29475.00,29475.00,0.00
2026-08-19 09:56:19,29474.50,29476.50,29471.50,29476.50,228,29476.50,29476.50,0.00
2026-08-19 09:56:20,29477.00,29479.50,29475.75,29479.25,126,29479.25,29479.25,0.00
2026-08-19 09:56:21,29479.50,29482.75,29478.00,29481.00,166,29481.00,29481.00,0.00
2026-08-19 09:56:22,29480.75,29484.25,29480.75,29483.75,136,29483.75,29483.75,0.00
2026-08-19 09:56:23,29483.25,29487.25,29482.75,29483.50,175,29483.50,29483.50,0.00
2026-08-19 09:56:24,29483.50,29488.00,29483.25,29485.25,112,29485.25,29485.25,0.00
2026-08-19 09:56:25,29485.50,29488.50,29481.75,29484.00,154,29484.00,29484.00,0.00
2026-08-19 09:56:26,29485.00,29491.00,29485.00,29490.00,177,29490.00,29490.00,0.00
2026-08-19 09:56:27,29490.25,29490.25,29486.75,29488.50,156,29488.50,29488.50,0.00
2026-08-19 09:56:28,29489.00,29491.25,29488.25,29491.00,111,29491.00,29491.00,0.00
2026-08-19 09:56:29,29490.75,29492.25,29483.00,29485.25,262,29485.25,29485.25,0.00
2026-08-19 09:56:30,29484.75,29487.00,29484.00,29484.50,117,29484.50,29484.50,0.00
2026-08-19 09:56:31,29485.25,29485.50,29481.50,29482.00,118,29482.00,29482.00,0.00
2026-08-19 09:56:32,29481.25,29485.00,29480.50,29481.50,163,29481.50,29481.50,0.00
2026-08-19 09:56:33,29481.00,29486.25,29481.00,29485.00,101,29485.00,29485.00,0.00
2026-08-19 09:56:34,29485.50,29489.00,29483.50,29483.75,118,29483.75,29483.75,0.00
2026-08-19 09:56:35,29484.00,29486.25,29482.50,29485.25,141,29485.25,29485.25,0.00
2026-08-19 09:56:36,29485.00,29489.50,29485.00,29486.75,143,29486.75,29486.75,0.00
2026-08-19 09:56:37,29486.50,29486.50,29480.75,29485.25,141,29485.25,29485.25,0.00
2026-08-19 09:56:38,29484.75,29485.50,29482.00,29484.50,91,29484.50,29484.50,0.00
2026-08-19 09:56:39,29484.00,29488.50,29484.00,29488.25,116,29488.25,29488.25,0.00
2026-08-19 09:56:40,29488.25,29494.00,29488.00,29493.00,149,29493.00,29493.00,0.00
2026-08-19 09:56:41,29492.50,29496.00,29492.00,29493.75,184,29493.75,29493.75,0.00
2026-08-19 09:56:42,29493.50,29502.50,29492.75,29500.75,236,29500.75,29500.75,0.00
2026-08-19 09:56:43,29500.00,29502.00,29497.50,29501.75,223,29501.75,29501.75,0.00
2026-08-19 09:56:44,29502.00,29503.75,29499.00,29503.00,181,29503.00,29503.00,0.00
2026-08-19 09:56:45,29504.00,29507.75,29503.75,29506.25,225,29506.25,29506.25,0.00
2026-08-19 09:56:46,29506.50,29510.00,29505.25,29509.25,281,29509.25,29509.25,0.00
2026-08-19 09:56:47,29509.50,29509.75,29506.50,29507.00,188,29507.00,29507.00,0.00
2026-08-19 09:56:48,29506.75,29509.25,29506.00,29507.00,175,29507.00,29507.00,0.00
2026-08-19 09:56:49,29506.50,29510.25,29505.75,29506.25,223,29506.25,29506.25,0.00
2026-08-19 09:56:50,29506.00,29508.75,29504.50,29507.00,211,29507.00,29507.00,0.00
2026-08-19 09:56:51,29507.75,29508.50,29506.00,29507.25,115,29507.25,29507.25,0.00
2026-08-19 09:56:52,29507.75,29508.75,29501.50,29504.25,186,29504.25,29504.25,0.00
2026-08-19 09:56:53,29503.50,29507.00,29503.25,29507.00,166,29507.00,29507.00,0.00
2026-08-19 09:56:54,29506.50,29510.75,29506.50,29510.00,124,29510.00,29510.00,0.00
2026-08-19 09:56:55,29510.00,29511.50,29509.00,29510.00,235,29510.00,29510.00,0.00
2026-08-19 09:56:56,29509.50,29509.75,29504.50,29507.50,170,29507.50,29507.50,0.00
2026-08-19 09:56:57,29507.75,29509.75,29506.25,29509.00,107,29509.00,29509.00,0.00
2026-08-19 09:56:58,29508.75,29510.00,29507.75,29509.00,67,29509.00,29509.00,0.00
2026-08-19 09:56:59,29509.00,29509.00,29505.50,29505.50,113,29505.50,29505.50,0.00
2026-08-19 09:57:00,29505.50,29505.50,29502.00,29503.50,158,29503.50,29503.50,0.00
2026-08-19 09:57:01,29503.00,29505.50,29502.00,29503.00,169,29503.00,29503.00,0.00
2026-08-19 09:57:02,29502.75,29504.50,29499.75,29501.50,266,29501.50,29501.50,0.00
2026-08-19 09:57:03,29501.50,29504.50,29499.00,29504.50,187,29504.50,29504.50,0.00
2026-08-19 09:57:04,29504.25,29506.75,29500.75,29502.50,249,29502.50,29502.50,0.00
2026-08-19 09:57:05,29501.75,29502.50,29497.75,29499.75,143,29499.75,29499.75,0.00
2026-08-19 09:57:06,29499.25,29503.00,29499.25,29500.00,154,29500.00,29500.00,0.00
2026-08-19 09:57:07,29500.50,29500.50,29493.00,29494.00,218,29494.00,29494.00,0.00
2026-08-19 09:57:08,29494.00,29494.75,29486.50,29490.00,356,29490.00,29490.00,0.00
2026-08-19 09:57:09,29490.50,29492.00,29485.75,29487.00,278,29487.00,29487.00,0.00
2026-08-19 09:57:10,29488.00,29491.25,29487.50,29491.00,172,29491.00,29491.00,0.00
2026-08-19 09:57:11,29491.25,29498.00,29489.75,29496.75,283,29496.75,29496.75,0.00
2026-08-19 09:57:12,29497.25,29503.75,29497.25,29503.50,220,29503.50,29503.50,0.00
2026-08-19 09:57:13,29502.25,29504.50,29497.50,29497.75,199,29497.75,29497.75,0.00
2026-08-19 09:57:14,29498.25,29500.00,29497.75,29498.50,170,29498.50,29498.50,0.00
2026-08-19 09:57:15,29498.00,29501.00,29497.00,29498.50,130,29498.50,29498.50,0.00
2026-08-19 09:57:16,29498.75,29499.75,29496.75,29497.50,109,29497.50,29497.50,0.00
2026-08-19 09:57:17,29497.50,29501.25,29495.50,29498.75,126,29498.75,29498.75,0.00
2026-08-19 09:57:18,29498.75,29498.75,29494.00,29497.50,222,29497.50,29497.50,0.00
2026-08-19 09:57:19,29497.00,29497.00,29491.50,29495.25,142,29495.25,29495.25,0.00
2026-08-19 09:57:20,29493.50,29497.25,29493.00,29495.00,114,29495.00,29495.00,0.00
2026-08-19 09:57:21,29495.00,29495.00,29488.25,29489.75,179,29489.75,29489.75,0.00
2026-08-19 09:57:22,29489.75,29493.50,29488.00,29491.50,160,29491.50,29491.50,0.00
2026-08-19 09:57:23,29491.00,29492.25,29486.50,29488.00,158,29488.00,29488.00,0.00
2026-08-19 09:57:24,29487.25,29493.75,29485.50,29492.75,148,29492.75,29492.75,0.00
2026-08-19 09:57:25,29493.75,29498.25,29493.50,29495.50,179,29495.50,29495.50,0.00
2026-08-19 09:57:26,29496.00,29496.50,29493.75,29494.00,137,29494.00,29494.00,0.00
2026-08-19 09:57:27,29494.00,29494.25,29488.25,29488.25,101,29488.25,29488.25,0.00
2026-08-19 09:57:28,29488.25,29490.50,29484.75,29487.50,214,29487.50,29487.50,0.00
2026-08-19 09:57:29,29487.75,29489.50,29487.25,29487.50,192,29487.50,29487.50,0.00
2026-08-19 09:57:30,29487.25,29490.25,29485.00,29489.75,139,29489.75,29489.75,0.00
2026-08-19 09:57:31,29489.75,29491.00,29488.00,29490.00,112,29490.00,29490.00,0.00
2026-08-19 09:57:32,29489.75,29491.75,29487.00,29490.25,109,29490.25,29490.25,0.00
2026-08-19 09:57:33,29490.25,29490.25,29483.00,29485.75,374,29485.75,29485.75,0.00
2026-08-19 09:57:34,29485.25,29486.75,29481.00,29485.00,229,29485.00,29485.00,0.00
2026-08-19 09:57:35,29485.00,29487.00,29483.25,29484.25,117,29484.25,29484.25,0.00
2026-08-19 09:57:36,29485.25,29486.25,29481.50,29483.25,102,29483.25,29483.25,0.00
2026-08-19 09:57:37,29483.00,29485.25,29483.00,29483.75,90,29483.75,29483.75,0.00
2026-08-19 09:57:38,29483.50,29486.00,29483.25,29486.00,91,29486.00,29486.00,0.00
2026-08-19 09:57:39,29486.00,29486.50,29483.25,29484.00,94,29484.00,29484.00,0.00
2026-08-19 09:57:40,29484.00,29491.25,29484.00,29490.50,124,29490.50,29490.50,0.00
2026-08-19 09:57:41,29490.50,29498.75,29489.75,29498.75,235,29498.75,29498.75,0.00
2026-08-19 09:57:42,29498.75,29502.00,29497.75,29500.75,216,29500.75,29500.75,0.00
2026-08-19 09:57:43,29501.50,29505.50,29501.50,29504.75,203,29504.75,29504.75,0.00
2026-08-19 09:57:44,29504.00,29508.50,29503.75,29507.50,236,29507.50,29507.50,0.00
2026-08-19 09:57:45,29507.50,29508.00,29502.50,29503.00,155,29503.00,29503.00,0.00
2026-08-19 09:57:46,29503.50,29506.75,29502.25,29505.25,189,29505.25,29505.25,0.00
2026-08-19 09:57:47,29504.50,29508.50,29504.50,29508.50,88,29508.50,29508.50,0.00
2026-08-19 09:57:48,29508.25,29512.00,29507.50,29510.50,260,29510.50,29510.50,0.00
2026-08-19 09:57:49,29511.00,29512.00,29507.00,29507.75,251,29507.75,29507.75,0.00
2026-08-19 09:57:50,29507.75,29507.75,29503.75,29505.75,151,29505.75,29505.75,0.00
2026-08-19 09:57:51,29505.50,29507.25,29504.50,29505.25,122,29505.25,29505.25,0.00
2026-08-19 09:57:52,29505.25,29507.50,29504.25,29504.50,123,29504.50,29504.50,0.00
2026-08-19 09:57:53,29505.00,29507.25,29504.50,29505.75,116,29505.75,29505.75,0.00
2026-08-19 09:57:54,29505.75,29507.25,29504.25,29504.75,106,29504.75,29504.75,0.00
2026-08-19 09:57:55,29505.00,29505.00,29499.50,29499.50,146,29499.50,29499.50,0.00
2026-08-19 09:57:56,29499.00,29500.50,29495.25,29495.75,150,29495.75,29495.75,0.00
2026-08-19 09:57:57,29496.25,29501.75,29494.50,29500.75,135,29500.75,29500.75,0.00
2026-08-19 09:57:58,29500.25,29500.25,29495.75,29498.25,112,29498.25,29498.25,0.00
2026-08-19 09:57:59,29497.25,29504.25,29496.00,29504.00,207,29504.00,29504.00,0.00
2026-08-19 09:58:00,29504.75,29505.50,29504.00,29504.25,131,29504.25,29504.25,0.00
2026-08-19 09:58:01,29504.25,29505.75,29503.25,29504.25,142,29504.25,29504.25,0.00
2026-08-19 09:58:02,29504.00,29504.25,29499.75,29500.75,118,29500.75,29500.75,0.00
2026-08-19 09:58:03,29500.50,29503.00,29499.75,29501.75,123,29501.75,29501.75,0.00
2026-08-19 09:58:04,29501.25,29504.75,29500.00,29502.00,214,29502.00,29502.00,0.00
2026-08-19 09:58:05,29501.00,29503.25,29499.75,29500.25,150,29500.25,29500.25,0.00
2026-08-19 09:58:06,29500.25,29501.25,29496.75,29498.00,98,29498.00,29498.00,0.00
2026-08-19 09:58:07,29499.00,29504.00,29498.50,29501.75,138,29501.75,29501.75,0.00
2026-08-19 09:58:08,29501.25,29502.00,29496.50,29498.25,135,29498.25,29498.25,0.00
2026-08-19 09:58:09,29498.00,29504.00,29498.00,29503.75,200,29503.75,29503.75,0.00
2026-08-19 09:58:10,29504.00,29507.25,29502.50,29506.75,143,29506.75,29506.75,0.00
2026-08-19 09:58:11,29506.75,29508.25,29504.50,29506.75,66,29506.75,29506.75,0.00
2026-08-19 09:58:12,29508.00,29508.25,29500.25,29502.00,204,29502.00,29502.00,0.00
2026-08-19 09:58:13,29502.75,29505.75,29501.50,29505.75,130,29505.75,29505.75,0.00
2026-08-19 09:58:14,29505.50,29509.25,29505.00,29508.75,151,29508.75,29508.75,0.00
2026-08-19 09:58:15,29509.25,29510.50,29499.75,29500.00,130,29500.00,29500.00,0.00
2026-08-19 09:58:16,29499.50,29500.00,29493.25,29493.75,232,29493.75,29493.75,0.00
2026-08-19 09:58:17,29494.00,29494.25,29488.75,29489.75,235,29489.75,29489.75,0.00
2026-08-19 09:58:18,29490.00,29493.25,29489.50,29491.50,171,29491.50,29491.50,0.00
2026-08-19 09:58:19,29491.50,29491.75,29485.00,29487.25,220,29487.25,29487.25,0.00
2026-08-19 09:58:20,29486.50,29487.50,29483.50,29485.00,195,29485.00,29485.00,0.00
2026-08-19 09:58:21,29485.50,29486.25,29478.75,29480.00,330,29480.00,29480.00,0.00
2026-08-19 09:58:22,29481.00,29482.00,29477.75,29477.75,164,29477.75,29477.75,0.00
2026-08-19 09:58:23,29478.50,29484.00,29478.25,29483.00,205,29483.00,29483.00,0.00
2026-08-19 09:58:24,29483.50,29486.00,29480.25,29481.00,185,29481.00,29481.00,0.00
2026-08-19 09:58:25,29481.25,29481.50,29478.00,29478.25,186,29478.25,29478.25,0.00
2026-08-19 09:58:26,29478.25,29478.25,29474.75,29476.25,214,29476.25,29476.25,0.00
2026-08-19 09:58:27,29476.00,29476.25,29473.00,29473.25,256,29473.25,29473.25,0.00
2026-08-19 09:58:28,29474.00,29482.50,29473.75,29480.50,351,29480.50,29480.50,0.00
2026-08-19 09:58:29,29480.25,29481.25,29479.25,29481.25,149,29481.25,29481.25,0.00
2026-08-19 09:58:30,29481.25,29482.25,29479.75,29481.50,117,29481.50,29481.50,0.00
2026-08-19 09:58:31,29481.25,29486.50,29480.75,29484.50,175,29484.50,29484.50,0.00
2026-08-19 09:58:32,29484.75,29492.00,29484.75,29491.25,278,29491.25,29491.25,0.00
2026-08-19 09:58:33,29491.25,29496.25,29491.25,29495.50,282,29495.50,29495.50,0.00
2026-08-19 09:58:34,29496.25,29497.50,29495.50,29497.50,128,29497.50,29497.50,0.00
2026-08-19 09:58:35,29497.50,29500.00,29494.75,29496.00,148,29496.00,29496.00,0.00
2026-08-19 09:58:36,29496.25,29500.50,29496.25,29498.50,127,29498.50,29498.50,0.00
2026-08-19 09:58:37,29497.50,29497.50,29492.50,29492.75,136,29492.75,29492.75,0.00
2026-08-19 09:58:38,29492.75,29497.00,29488.25,29495.25,170,29495.25,29495.25,0.00
2026-08-19 09:58:39,29495.75,29498.50,29495.75,29498.00,78,29498.00,29498.00,0.00
2026-08-19 09:58:40,29498.50,29502.25,29498.00,29501.00,135,29501.00,29501.00,0.00
2026-08-19 09:58:41,29501.25,29505.75,29500.75,29505.75,120,29505.75,29505.75,0.00
2026-08-19 09:58:42,29504.50,29506.00,29503.25,29504.50,87,29504.50,29504.50,0.00
2026-08-19 09:58:43,29505.00,29506.75,29504.50,29506.25,98,29506.25,29506.25,0.00
2026-08-19 09:58:44,29506.25,29510.00,29506.00,29508.25,243,29508.25,29508.25,0.00
2026-08-19 09:58:45,29508.75,29510.00,29506.25,29507.00,149,29507.00,29507.00,0.00
2026-08-19 09:58:46,29507.00,29510.75,29506.25,29509.00,208,29509.00,29509.00,0.00
2026-08-19 09:58:47,29510.00,29512.75,29505.00,29507.25,318,29507.25,29507.25,0.00
2026-08-19 09:58:48,29507.50,29509.25,29507.00,29508.50,109,29508.50,29508.50,0.00
2026-08-19 09:58:49,29507.75,29509.75,29507.75,29507.75,79,29507.75,29507.75,0.00
2026-08-19 09:58:50,29507.25,29511.25,29507.25,29511.00,109,29511.00,29511.00,0.00
2026-08-19 09:58:51,29510.25,29511.00,29506.00,29507.75,91,29507.75,29507.75,0.00
2026-08-19 09:58:52,29507.50,29509.50,29507.00,29507.75,126,29507.75,29507.75,0.00
2026-08-19 09:58:53,29508.00,29513.50,29508.00,29511.00,160,29511.00,29511.00,0.00
2026-08-19 09:58:54,29511.00,29515.00,29510.00,29514.00,127,29514.00,29514.00,0.00
2026-08-19 09:58:55,29514.00,29515.50,29511.75,29515.50,156,29515.50,29515.50,0.00
2026-08-19 09:58:56,29515.75,29516.75,29512.75,29515.50,205,29515.50,29515.50,0.00
2026-08-19 09:58:57,29515.00,29515.50,29512.25,29513.50,172,29513.50,29513.50,0.00
2026-08-19 09:58:58,29513.50,29517.00,29512.25,29516.75,145,29516.75,29516.75,0.00
2026-08-19 09:58:59,29517.00,29517.50,29515.50,29516.00,145,29516.00,29516.00,0.00
2026-08-19 09:59:00,29515.75,29516.50,29513.00,29513.00,175,29513.00,29513.00,0.00
2026-08-19 09:59:01,29512.75,29514.75,29511.25,29514.25,184,29514.25,29514.25,0.00
2026-08-19 09:59:02,29513.75,29517.00,29512.75,29513.50,135,29513.50,29513.50,0.00
2026-08-19 09:59:03,29513.50,29513.75,29511.75,29513.50,95,29513.50,29513.50,0.00
2026-08-19 09:59:04,29514.00,29515.50,29509.25,29513.25,187,29513.25,29513.25,0.00
2026-08-19 09:59:05,29513.75,29516.50,29511.50,29513.00,114,29513.00,29513.00,0.00
2026-08-19 09:59:06,29512.50,29513.50,29510.00,29510.50,126,29510.50,29510.50,0.00
2026-08-19 09:59:07,29510.50,29511.00,29506.00,29508.00,173,29508.00,29508.00,0.00
2026-08-19 09:59:08,29508.00,29511.00,29506.50,29509.25,149,29509.25,29509.25,0.00
2026-08-19 09:59:09,29508.00,29509.25,29504.50,29508.50,218,29508.50,29508.50,0.00
2026-08-19 09:59:10,29508.00,29508.50,29505.50,29508.50,105,29508.50,29508.50,0.00
2026-08-19 09:59:11,29507.50,29509.00,29500.75,29508.75,236,29508.75,29508.75,0.00
2026-08-19 09:59:12,29508.25,29510.00,29503.25,29503.25,134,29503.25,29503.25,0.00
2026-08-19 09:59:13,29503.50,29503.50,29498.50,29499.25,202,29499.25,29499.25,0.00
2026-08-19 09:59:14,29499.50,29500.00,29496.25,29498.25,194,29498.25,29498.25,0.00
2026-08-19 09:59:15,29498.00,29501.50,29496.75,29500.25,134,29500.25,29500.25,0.00
2026-08-19 09:59:16,29500.25,29501.25,29498.50,29499.25,102,29499.25,29499.25,0.00
2026-08-19 09:59:17,29499.25,29503.00,29498.50,29500.75,104,29500.75,29500.75,0.00
2026-08-19 09:59:18,29500.75,29503.50,29500.00,29502.75,144,29502.75,29502.75,0.00
2026-08-19 09:59:19,29503.00,29509.50,29501.50,29505.25,182,29505.25,29505.25,0.00
2026-08-19 09:59:20,29503.50,29505.75,29502.50,29504.50,93,29504.50,29504.50,0.00
2026-08-19 09:59:21,29504.00,29505.25,29502.00,29505.00,119,29505.00,29505.00,0.00
2026-08-19 09:59:22,29505.25,29507.00,29503.25,29507.00,78,29507.00,29507.00,0.00
2026-08-19 09:59:23,29505.75,29506.75,29504.75,29505.25,49,29505.25,29505.25,0.00
2026-08-19 09:59:24,29506.25,29508.75,29504.50,29506.00,105,29506.00,29506.00,0.00
2026-08-19 09:59:25,29505.00,29505.00,29499.75,29501.00,99,29501.00,29501.00,0.00
2026-08-19 09:59:26,29500.50,29503.75,29500.00,29502.00,100,29502.00,29502.00,0.00
2026-08-19 09:59:27,29501.75,29502.25,29499.25,29500.50,120,29500.50,29500.50,0.00
2026-08-19 09:59:28,29500.75,29501.00,29497.00,29497.50,138,29497.50,29497.50,0.00
2026-08-19 09:59:29,29499.00,29500.75,29498.25,29499.75,55,29499.75,29499.75,0.00
2026-08-19 09:59:30,29500.00,29501.75,29495.25,29501.25,136,29501.25,29501.25,0.00
2026-08-19 09:59:31,29501.00,29501.50,29497.00,29497.00,119,29497.00,29497.00,0.00
2026-08-19 09:59:32,29496.75,29501.00,29495.50,29500.50,68,29500.50,29500.50,0.00
2026-08-19 09:59:33,29500.50,29501.25,29499.00,29499.25,58,29499.25,29499.25,0.00
2026-08-19 09:59:34,29500.00,29505.50,29499.75,29505.00,102,29505.00,29505.00,0.00
2026-08-19 09:59:35,29505.00,29506.75,29504.50,29504.75,65,29504.75,29504.75,0.00
2026-08-19 09:59:36,29504.00,29504.25,29499.25,29501.00,88,29501.00,29501.00,0.00
2026-08-19 09:59:37,29500.75,29503.75,29499.25,29503.75,75,29503.75,29503.75,0.00
2026-08-19 09:59:38,29504.00,29504.25,29499.75,29501.00,64,29501.00,29501.00,0.00
2026-08-19 09:59:39,29500.50,29502.50,29498.00,29498.75,83,29498.75,29498.75,0.00
2026-08-19 09:59:40,29498.75,29503.00,29497.50,29502.50,73,29502.50,29502.50,0.00
2026-08-19 09:59:41,29502.25,29502.50,29499.75,29500.00,96,29500.00,29500.00,0.00
2026-08-19 09:59:42,29500.25,29502.25,29499.00,29500.75,54,29500.75,29500.75,0.00
2026-08-19 09:59:43,29500.50,29502.50,29498.00,29501.50,82,29501.50,29501.50,0.00
2026-08-19 09:59:44,29501.75,29504.00,29500.50,29503.00,72,29503.00,29503.00,0.00
2026-08-19 09:59:45,29502.50,29505.25,29501.25,29502.75,198,29502.75,29502.75,0.00
2026-08-19 09:59:46,29502.25,29503.25,29499.25,29499.75,110,29499.75,29499.75,0.00
2026-08-19 09:59:47,29500.25,29503.25,29498.75,29501.25,78,29501.25,29501.25,0.00
2026-08-19 09:59:48,29501.75,29503.00,29496.75,29496.75,79,29496.75,29496.75,0.00
2026-08-19 09:59:49,29498.00,29498.25,29494.50,29497.75,130,29497.75,29497.75,0.00
2026-08-19 09:59:50,29497.75,29503.00,29497.50,29501.50,161,29501.50,29501.50,0.00
2026-08-19 09:59:51,29500.25,29500.75,29495.50,29497.25,67,29497.25,29497.25,0.00
2026-08-19 09:59:52,29496.50,29497.50,29496.00,29497.50,53,29497.50,29497.50,0.00
2026-08-19 09:59:53,29497.75,29499.50,29497.25,29498.75,66,29498.75,29498.75,0.00
2026-08-19 09:59:54,29498.75,29500.25,29497.50,29500.25,46,29500.25,29500.25,0.00
2026-08-19 09:59:55,29499.00,29504.50,29499.00,29503.00,96,29503.00,29503.00,0.00
2026-08-19 09:59:56,29502.75,29506.50,29502.50,29506.00,114,29506.00,29506.00,0.00
2026-08-19 09:59:57,29505.50,29505.75,29503.75,29504.25,72,29504.25,29504.25,0.00
2026-08-19 09:59:58,29505.75,29506.00,29501.25,29502.75,65,29502.75,29502.75,0.00
2026-08-19 09:59:59,29502.75,29505.50,29498.75,29500.25,196,29500.25,29500.25,0.00
2026-08-19 10:00:00,29500.50,29500.75,29494.25,29496.50,174,29496.50,29496.50,0.00
2026-08-19 10:00:01,29496.50,29498.50,29489.50,29491.00,497,29491.00,29491.00,0.00
2026-08-19 10:00:02,29491.00,29492.00,29482.50,29484.50,448,29484.50,29484.50,0.00
2026-08-19 10:00:03,29484.50,29500.50,29482.25,29500.25,403,29500.25,29500.25,0.00
2026-08-19 10:00:04,29500.00,29508.00,29499.75,29506.50,571,29506.50,29506.50,0.00
2026-08-19 10:00:05,29506.75,29513.75,29506.75,29510.25,398,29510.25,29510.25,0.00
2026-08-19 10:00:06,29510.50,29512.75,29508.75,29512.25,261,29512.25,29512.25,0.00
2026-08-19 10:00:07,29512.75,29514.75,29505.00,29507.00,274,29507.00,29507.00,0.00
2026-08-19 10:00:08,29506.50,29514.00,29506.50,29512.75,139,29512.75,29512.75,0.00
2026-08-19 10:00:09,29513.00,29514.00,29506.00,29507.00,193,29507.00,29507.00,0.00
2026-08-19 10:00:10,29507.00,29507.00,29502.50,29505.00,188,29505.00,29505.00,0.00
2026-08-19 10:00:11,29504.25,29504.25,29498.25,29502.00,188,29502.00,29502.00,0.00
2026-08-19 10:00:12,29501.75,29502.50,29497.00,29500.50,187,29500.50,29500.50,0.00
2026-08-19 10:00:13,29500.25,29500.75,29491.75,29493.75,193,29493.75,29493.75,0.00
2026-08-19 10:00:14,29493.75,29494.00,29486.50,29490.25,274,29490.25,29490.25,0.00
2026-08-19 10:00:15,29490.75,29490.75,29483.75,29488.50,236,29488.50,29488.50,0.00
2026-08-19 10:00:16,29488.75,29489.00,29483.75,29485.00,186,29485.00,29485.00,0.00
2026-08-19 10:00:17,29485.00,29486.75,29483.50,29486.00,135,29486.00,29486.00,0.00
2026-08-19 10:00:18,29486.25,29486.25,29477.00,29477.00,341,29477.00,29477.00,0.00
2026-08-19 10:00:19,29476.75,29478.75,29474.50,29476.25,400,29476.25,29476.25,0.00
2026-08-19 10:00:20,29475.75,29480.50,29474.00,29479.25,313,29479.25,29479.25,0.00
2026-08-19 10:00:21,29479.00,29479.75,29476.00,29477.00,177,29477.00,29477.00,0.00
2026-08-19 10:00:22,29477.50,29480.25,29476.50,29477.00,159,29477.00,29477.00,0.00
2026-08-19 10:00:23,29476.50,29476.75,29468.00,29475.00,605,29475.00,29475.00,0.00
2026-08-19 10:00:24,29474.25,29474.25,29469.25,29470.00,188,29470.00,29470.00,0.00
2026-08-19 10:00:25,29470.50,29472.25,29468.00,29472.25,164,29472.25,29472.25,0.00
2026-08-19 10:00:26,29472.00,29473.25,29470.50,29470.75,191,29470.75,29470.75,0.00
2026-08-19 10:00:27,29470.75,29471.25,29462.00,29464.25,562,29464.25,29464.25,0.00
2026-08-19 10:00:28,29463.50,29465.00,29459.25,29459.50,433,29459.50,29459.50,0.00
2026-08-19 10:00:29,29459.75,29462.25,29459.25,29461.25,282,29461.25,29461.25,0.00
2026-08-19 10:00:30,29461.25,29467.00,29460.75,29464.50,351,29464.50,29464.50,0.00
2026-08-19 10:00:31,29464.25,29470.75,29464.00,29469.50,239,29469.50,29469.50,0.00
2026-08-19 10:00:32,29469.75,29471.50,29468.25,29469.25,217,29469.25,29469.25,0.00
2026-08-19 10:00:33,29468.75,29473.50,29468.00,29470.50,198,29470.50,29470.50,0.00
2026-08-19 10:00:34,29470.50,29471.75,29464.75,29468.00,108,29468.00,29468.00,0.00
2026-08-19 10:00:35,29468.75,29469.00,29465.25,29467.00,146,29467.00,29467.00,0.00
2026-08-19 10:00:36,29466.50,29469.00,29466.00,29469.00,95,29469.00,29469.00,0.00
2026-08-19 10:00:37,29469.00,29470.25,29466.25,29469.50,146,29469.50,29469.50,0.00
2026-08-19 10:00:38,29468.25,29473.75,29468.00,29471.75,120,29471.75,29471.75,0.00
2026-08-19 10:00:39,29471.50,29474.50,29468.25,29468.75,150,29468.75,29468.75,0.00
2026-08-19 10:00:40,29468.50,29470.25,29466.00,29467.25,174,29467.25,29467.25,0.00
2026-08-19 10:00:41,29465.75,29468.00,29464.25,29465.50,93,29465.50,29465.50,0.00
2026-08-19 10:00:42,29465.50,29466.50,29462.75,29464.00,167,29464.00,29464.00,0.00
2026-08-19 10:00:43,29464.25,29466.75,29462.50,29463.75,244,29463.75,29463.75,0.00
2026-08-19 10:00:44,29463.75,29467.50,29462.75,29466.00,112,29466.00,29466.00,0.00
2026-08-19 10:00:45,29466.00,29467.50,29464.00,29465.75,206,29465.75,29465.75,0.00
2026-08-19 10:00:46,29465.50,29468.25,29460.75,29468.25,247,29468.25,29468.25,0.00
2026-08-19 10:00:47,29467.75,29468.00,29463.75,29465.25,185,29465.25,29465.25,0.00
2026-08-19 10:00:48,29464.75,29465.50,29462.00,29465.00,105,29465.00,29465.00,0.00
2026-08-19 10:00:49,29464.75,29466.25,29462.75,29464.00,249,29464.00,29464.00,0.00
2026-08-19 10:00:50,29463.75,29465.00,29462.00,29462.75,87,29462.75,29462.75,0.00
2026-08-19 10:00:51,29462.00,29468.00,29461.50,29467.50,181,29467.50,29467.50,0.00
2026-08-19 10:00:52,29466.50,29470.00,29464.75,29470.00,139,29470.00,29470.00,0.00
2026-08-19 10:00:53,29469.75,29473.25,29469.50,29470.75,225,29470.75,29470.75,0.00
2026-08-19 10:00:54,29470.75,29474.50,29470.25,29472.75,168,29472.75,29472.75,0.00
2026-08-19 10:00:55,29472.75,29473.50,29466.75,29467.25,176,29467.25,29467.25,0.00
2026-08-19 10:00:56,29467.25,29470.25,29466.25,29469.25,85,29469.25,29469.25,0.00
2026-08-19 10:00:57,29469.50,29469.50,29465.00,29467.75,76,29467.75,29467.75,0.00
2026-08-19 10:00:58,29467.50,29468.50,29465.25,29467.00,112,29467.00,29467.00,0.00
2026-08-19 10:00:59,29466.00,29468.25,29465.75,29466.50,85,29466.50,29466.50,0.00
2026-08-19 10:01:00,29467.25,29472.75,29467.25,29471.50,91,29471.50,29471.50,0.00
2026-08-19 10:01:01,29471.00,29471.00,29465.50,29468.75,109,29468.75,29468.75,0.00
2026-08-19 10:01:02,29469.25,29472.25,29467.50,29468.50,233,29468.50,29468.50,0.00
2026-08-19 10:01:03,29468.25,29469.25,29464.00,29465.75,158,29465.75,29465.75,0.00
2026-08-19 10:01:04,29466.75,29468.75,29466.00,29467.50,72,29467.50,29467.50,0.00
2026-08-19 10:01:05,29466.75,29480.00,29466.25,29478.50,423,29478.50,29478.50,0.00
2026-08-19 10:01:06,29479.00,29480.75,29475.25,29476.25,257,29476.25,29476.25,0.00
2026-08-19 10:01:07,29475.50,29478.50,29475.50,29476.50,288,29476.50,29476.50,0.00
2026-08-19 10:01:08,29476.50,29476.75,29466.75,29473.50,348,29473.50,29473.50,0.00
2026-08-19 10:01:09,29474.50,29479.25,29473.00,29474.00,172,29474.00,29474.00,0.00
2026-08-19 10:01:10,29473.00,29473.00,29466.25,29466.75,192,29466.75,29466.75,0.00
2026-08-19 10:01:11,29468.00,29471.00,29465.75,29467.75,168,29467.75,29467.75,0.00
2026-08-19 10:01:12,29468.25,29471.00,29466.75,29470.25,153,29470.25,29470.25,0.00
2026-08-19 10:01:13,29470.25,29476.25,29469.50,29473.25,153,29473.25,29473.25,0.00
2026-08-19 10:01:14,29473.25,29473.25,29466.75,29468.75,111,29468.75,29468.75,0.00
2026-08-19 10:01:15,29469.00,29475.00,29468.75,29472.50,235,29472.50,29472.50,0.00
2026-08-19 10:01:16,29473.00,29474.50,29472.00,29473.25,107,29473.25,29473.25,0.00
2026-08-19 10:01:17,29473.75,29480.75,29472.25,29480.75,206,29480.75,29480.75,0.00
2026-08-19 10:01:18,29480.50,29486.50,29478.00,29485.25,263,29485.25,29485.25,0.00
2026-08-19 10:01:19,29485.00,29485.00,29476.25,29477.25,208,29477.25,29477.25,0.00
2026-08-19 10:01:20,29478.00,29481.00,29473.25,29473.25,155,29473.25,29473.25,0.00
2026-08-19 10:01:21,29473.50,29473.75,29467.75,29468.25,131,29468.25,29468.25,0.00
2026-08-19 10:01:22,29468.75,29471.25,29468.25,29468.50,83,29468.50,29468.50,0.00
2026-08-19 10:01:23,29468.00,29468.50,29464.00,29464.75,154,29464.75,29464.75,0.00
2026-08-19 10:01:24,29465.50,29465.50,29462.00,29462.50,181,29462.50,29462.50,0.00
2026-08-19 10:01:25,29463.25,29464.25,29459.50,29463.75,209,29463.75,29463.75,0.00
2026-08-19 10:01:26,29464.00,29468.25,29462.50,29464.75,233,29464.75,29464.75,0.00
2026-08-19 10:01:27,29465.25,29467.75,29463.75,29464.00,133,29464.00,29464.00,0.00
2026-08-19 10:01:28,29462.50,29462.50,29455.25,29456.25,355,29456.25,29456.25,0.00
2026-08-19 10:01:29,29456.50,29459.25,29456.00,29456.25,262,29456.25,29456.25,0.00
2026-08-19 10:01:30,29457.25,29463.25,29457.25,29462.25,286,29462.25,29462.25,0.00
2026-08-19 10:01:31,29462.50,29462.50,29457.75,29459.50,128,29459.50,29459.50,0.00
2026-08-19 10:01:32,29459.25,29466.00,29458.50,29464.00,218,29464.00,29464.00,0.00
2026-08-19 10:01:33,29464.25,29469.50,29464.25,29468.00,150,29468.00,29468.00,0.00
2026-08-19 10:01:34,29469.25,29472.25,29465.75,29466.25,274,29466.25,29466.25,0.00
2026-08-19 10:01:35,29467.50,29472.00,29467.00,29472.00,139,29472.00,29472.00,0.00
2026-08-19 10:01:36,29471.75,29476.50,29471.00,29474.25,155,29474.25,29474.25,0.00
2026-08-19 10:01:37,29474.50,29480.75,29470.25,29471.00,232,29471.00,29471.00,0.00
2026-08-19 10:01:38,29471.25,29471.25,29466.50,29467.25,123,29467.25,29467.25,0.00
2026-08-19 10:01:39,29468.00,29469.00,29465.50,29467.25,83,29467.25,29467.25,0.00
2026-08-19 10:01:40,29467.00,29467.25,29463.25,29465.75,171,29465.75,29465.75,0.00
2026-08-19 10:01:41,29465.50,29469.25,29463.50,29468.00,89,29468.00,29468.00,0.00
2026-08-19 10:01:42,29467.75,29472.50,29466.75,29467.00,128,29467.00,29467.00,0.00
2026-08-19 10:01:43,29466.00,29471.25,29464.50,29470.75,103,29470.75,29470.75,0.00
2026-08-19 10:01:44,29470.50,29471.00,29469.00,29471.00,115,29471.00,29471.00,0.00
2026-08-19 10:01:45,29472.25,29476.75,29472.25,29476.25,119,29476.25,29476.25,0.00
2026-08-19 10:01:46,29475.50,29482.75,29473.75,29482.00,192,29482.00,29482.00,0.00
2026-08-19 10:01:47,29482.25,29485.75,29482.00,29484.00,186,29484.00,29484.00,0.00
2026-08-19 10:01:48,29483.25,29489.25,29483.25,29486.50,251,29486.50,29486.50,0.00
2026-08-19 10:01:49,29486.25,29486.75,29483.00,29483.50,169,29483.50,29483.50,0.00
2026-08-19 10:01:50,29483.50,29486.00,29482.00,29484.50,102,29484.50,29484.50,0.00
2026-08-19 10:01:51,29484.25,29485.50,29481.00,29483.25,154,29483.25,29483.25,0.00
2026-08-19 10:01:52,29483.00,29485.00,29480.75,29484.50,109,29484.50,29484.50,0.00
2026-08-19 10:01:53,29484.25,29486.25,29480.00,29480.75,104,29480.75,29480.75,0.00
2026-08-19 10:01:54,29481.25,29483.50,29480.25,29481.25,87,29481.25,29481.25,0.00
2026-08-19 10:01:55,29480.75,29482.50,29476.25,29477.50,116,29477.50,29477.50,0.00
2026-08-19 10:01:56,29477.75,29478.25,29473.50,29477.75,132,29477.75,29477.75,0.00
2026-08-19 10:01:57,29477.75,29479.00,29475.50,29475.75,77,29475.75,29475.75,0.00
2026-08-19 10:01:58,29476.00,29477.75,29475.25,29476.00,78,29476.00,29476.00,0.00
2026-08-19 10:01:59,29475.50,29475.50,29470.75,29471.75,113,29471.75,29471.75,0.00
2026-08-19 10:02:00,29472.50,29476.00,29471.25,29474.25,134,29474.25,29474.25,0.00
2026-08-19 10:02:01,29474.25,29477.25,29474.25,29476.50,130,29476.50,29476.50,0.00
2026-08-19 10:02:02,29477.50,29479.75,29474.75,29478.75,198,29478.75,29478.75,0.00
2026-08-19 10:02:03,29478.50,29480.50,29475.50,29475.50,137,29475.50,29475.50,0.00
2026-08-19 10:02:04,29476.75,29482.00,29476.25,29477.50,202,29477.50,29477.50,0.00
2026-08-19 10:02:05,29478.00,29483.25,29474.25,29475.50,185,29475.50,29475.50,0.00
2026-08-19 10:02:06,29476.00,29477.75,29472.50,29475.50,133,29475.50,29475.50,0.00
2026-08-19 10:02:07,29475.50,29478.75,29471.50,29472.50,145,29472.50,29472.50,0.00
2026-08-19 10:02:08,29472.50,29476.25,29471.25,29474.75,144,29474.75,29474.75,0.00
2026-08-19 10:02:09,29473.75,29475.00,29470.25,29470.25,146,29470.25,29470.25,0.00
2026-08-19 10:02:10,29470.50,29472.25,29463.25,29463.75,190,29463.75,29463.75,0.00
2026-08-19 10:02:11,29464.00,29467.00,29463.50,29465.75,166,29465.75,29465.75,0.00
2026-08-19 10:02:12,29466.00,29467.50,29464.00,29467.25,139,29467.25,29467.25,0.00
2026-08-19 10:02:13,29467.25,29470.00,29465.50,29469.75,263,29469.75,29469.75,0.00
2026-08-19 10:02:14,29468.25,29470.75,29466.50,29467.00,106,29467.00,29467.00,0.00
2026-08-19 10:02:15,29467.25,29467.50,29463.50,29464.00,114,29464.00,29464.00,0.00
2026-08-19 10:02:16,29464.25,29466.00,29462.00,29465.50,98,29465.50,29465.50,0.00
2026-08-19 10:02:17,29465.25,29468.00,29464.00,29467.50,115,29467.50,29467.50,0.00
2026-08-19 10:02:18,29467.50,29471.75,29467.25,29471.00,158,29471.00,29471.00,0.00
2026-08-19 10:02:19,29472.00,29473.25,29466.50,29471.75,110,29471.75,29471.75,0.00
2026-08-19 10:02:20,29472.00,29479.25,29470.75,29478.00,145,29478.00,29478.00,0.00
2026-08-19 10:02:21,29479.00,29479.00,29476.25,29476.50,148,29476.50,29476.50,0.00
2026-08-19 10:02:22,29477.25,29477.25,29474.75,29476.25,88,29476.25,29476.25,0.00
2026-08-19 10:02:23,29476.25,29478.25,29476.25,29477.00,68,29477.00,29477.00,0.00
2026-08-19 10:02:24,29477.00,29477.00,29473.25,29475.00,110,29475.00,29475.00,0.00
2026-08-19 10:02:25,29475.25,29479.25,29475.25,29477.50,147,29477.50,29477.50,0.00
2026-08-19 10:02:26,29477.00,29477.50,29474.25,29474.25,85,29474.25,29474.25,0.00
2026-08-19 10:02:27,29474.25,29478.25,29474.00,29475.00,151,29475.00,29475.00,0.00
2026-08-19 10:02:28,29474.50,29475.25,29469.75,29470.75,129,29470.75,29470.75,0.00
2026-08-19 10:02:29,29471.25,29472.00,29469.25,29471.00,99,29471.00,29471.00,0.00
2026-08-19 10:02:30,29471.00,29472.25,29468.50,29470.00,113,29470.00,29470.00,0.00
2026-08-19 10:02:31,29469.75,29472.25,29469.00,29472.00,86,29472.00,29472.00,0.00
2026-08-19 10:02:32,29471.25,29474.50,29471.25,29472.75,94,29472.75,29472.75,0.00
2026-08-19 10:02:33,29473.00,29478.75,29472.75,29478.50,72,29478.50,29478.50,0.00
2026-08-19 10:02:34,29478.00,29478.00,29469.50,29471.50,139,29471.50,29471.50,0.00
2026-08-19 10:02:35,29471.75,29474.75,29470.75,29474.25,141,29474.25,29474.25,0.00
2026-08-19 10:02:36,29474.00,29478.25,29473.50,29477.50,61,29477.50,29477.50,0.00
2026-08-19 10:02:37,29477.25,29478.25,29475.50,29478.00,71,29478.00,29478.00,0.00
2026-08-19 10:02:38,29477.50,29479.75,29474.00,29474.00,128,29474.00,29474.00,0.00
2026-08-19 10:02:39,29473.50,29475.50,29470.25,29472.75,85,29472.75,29472.75,0.00
2026-08-19 10:02:40,29472.75,29473.00,29470.25,29471.75,84,29471.75,29471.75,0.00
2026-08-19 10:02:41,29472.00,29477.75,29472.00,29476.00,99,29476.00,29476.00,0.00
2026-08-19 10:02:42,29476.00,29476.00,29472.00,29473.00,119,29473.00,29473.00,0.00
2026-08-19 10:02:43,29474.00,29475.25,29473.50,29475.25,39,29475.25,29475.25,0.00
2026-08-19 10:02:44,29475.00,29475.25,29472.50,29473.00,41,29473.00,29473.00,0.00
2026-08-19 10:02:45,29474.00,29478.25,29473.50,29477.25,55,29477.25,29477.25,0.00
2026-08-19 10:02:46,29476.75,29477.00,29473.50,29475.00,46,29475.00,29475.00,0.00
2026-08-19 10:02:47,29474.00,29475.00,29472.50,29474.00,55,29474.00,29474.00,0.00
2026-08-19 10:02:48,29475.00,29477.00,29474.00,29474.50,48,29474.50,29474.50,0.00
2026-08-19 10:02:49,29475.25,29475.75,29471.00,29471.50,68,29471.50,29471.50,0.00
2026-08-19 10:02:50,29472.00,29476.00,29472.00,29476.00,46,29476.00,29476.00,0.00
2026-08-19 10:02:51,29475.75,29481.25,29475.75,29478.50,137,29478.50,29478.50,0.00
2026-08-19 10:02:52,29478.00,29478.50,29475.75,29477.25,57,29477.25,29477.25,0.00
2026-08-19 10:02:53,29476.50,29480.75,29476.50,29479.50,61,29479.50,29479.50,0.00
2026-08-19 10:02:54,29479.25,29479.50,29476.25,29477.50,78,29477.50,29477.50,0.00
2026-08-19 10:02:55,29477.00,29478.75,29472.25,29472.25,76,29472.25,29472.25,0.00
2026-08-19 10:02:56,29473.50,29474.00,29469.50,29470.75,129,29470.75,29470.75,0.00
2026-08-19 10:02:57,29471.25,29471.25,29468.00,29468.50,70,29468.50,29468.50,0.00
2026-08-19 10:02:58,29468.00,29469.00,29465.25,29467.75,166,29467.75,29467.75,0.00
2026-08-19 10:02:59,29467.75,29475.25,29467.50,29473.50,107,29473.50,29473.50,0.00
2026-08-19 10:03:00,29472.75,29473.00,29467.25,29469.00,105,29469.00,29469.00,0.00
2026-08-19 10:03:01,29469.50,29471.25,29468.75,29469.25,68,29469.25,29469.25,0.00
2026-08-19 10:03:02,29469.25,29471.50,29469.00,29471.25,96,29471.25,29471.25,0.00
2026-08-19 10:03:03,29469.75,29470.50,29468.25,29470.00,82,29470.00,29470.00,0.00
2026-08-19 10:03:04,29469.25,29470.50,29466.50,29468.00,88,29468.00,29468.00,0.00
2026-08-19 10:03:05,29468.25,29468.75,29461.75,29461.75,212,29461.75,29461.75,0.00
2026-08-19 10:03:06,29461.75,29466.25,29461.25,29465.75,156,29465.75,29465.75,0.00
2026-08-19 10:03:07,29465.25,29468.00,29465.25,29466.75,110,29466.75,29466.75,0.00
2026-08-19 10:03:08,29466.50,29467.75,29464.50,29465.75,89,29465.75,29465.75,0.00
2026-08-19 10:03:09,29464.00,29467.25,29463.75,29466.00,54,29466.00,29466.00,0.00
2026-08-19 10:03:10,29467.00,29470.75,29465.75,29470.25,109,29470.25,29470.25,0.00
2026-08-19 10:03:11,29470.00,29477.50,29467.50,29469.50,264,29469.50,29469.50,0.00
2026-08-19 10:03:12,29469.75,29470.00,29466.25,29469.75,87,29469.75,29469.75,0.00
2026-08-19 10:03:13,29470.00,29470.25,29467.25,29469.25,107,29469.25,29469.25,0.00
2026-08-19 10:03:14,29469.75,29470.50,29468.00,29469.25,80,29469.25,29469.25,0.00
2026-08-19 10:03:15,29469.00,29471.25,29467.00,29468.75,122,29468.75,29468.75,0.00
2026-08-19 10:03:16,29468.25,29470.00,29467.25,29469.75,78,29469.75,29469.75,0.00
2026-08-19 10:03:17,29469.50,29474.00,29469.00,29472.75,51,29472.75,29472.75,0.00
2026-08-19 10:03:18,29473.25,29474.25,29469.50,29470.25,63,29470.25,29470.25,0.00
2026-08-19 10:03:19,29470.25,29471.00,29465.50,29466.00,105,29466.00,29466.00,0.00
2026-08-19 10:03:20,29466.25,29469.75,29465.75,29469.00,79,29469.00,29469.00,0.00
2026-08-19 10:03:21,29467.50,29469.00,29463.75,29468.25,156,29468.25,29468.25,0.00
2026-08-19 10:03:22,29467.75,29470.25,29465.50,29467.00,56,29467.00,29467.00,0.00
2026-08-19 10:03:23,29466.75,29468.75,29466.50,29468.25,63,29468.25,29468.25,0.00
2026-08-19 10:03:24,29468.75,29471.25,29468.00,29470.50,53,29470.50,29470.50,0.00
2026-08-19 10:03:25,29471.50,29476.50,29471.50,29474.75,126,29474.75,29474.75,0.00
2026-08-19 10:03:26,29474.50,29481.50,29473.75,29474.75,202,29474.75,29474.75,0.00
2026-08-19 10:03:27,29473.75,29474.00,29466.00,29466.75,134,29466.75,29466.75,0.00
2026-08-19 10:03:28,29466.25,29468.75,29465.75,29466.50,59,29466.50,29466.50,0.00
2026-08-19 10:03:29,29466.25,29467.25,29461.75,29461.75,135,29461.75,29461.75,0.00
2026-08-19 10:03:30,29461.50,29466.25,29461.00,29466.25,177,29466.25,29466.25,0.00
2026-08-19 10:03:31,29466.75,29470.00,29466.50,29470.00,98,29470.00,29470.00,0.00
2026-08-19 10:03:32,29470.00,29470.00,29467.00,29469.00,52,29469.00,29469.00,0.00
2026-08-19 10:03:33,29468.50,29470.75,29465.00,29470.75,58,29470.75,29470.75,0.00
2026-08-19 10:03:34,29469.00,29469.25,29467.50,29468.50,34,29468.50,29468.50,0.00
2026-08-19 10:03:35,29468.75,29469.75,29466.00,29467.50,70,29467.50,29467.50,0.00
2026-08-19 10:03:36,29469.00,29469.00,29465.50,29467.50,39,29467.50,29467.50,0.00
2026-08-19 10:03:37,29468.00,29471.00,29468.00,29471.00,93,29471.00,29471.00,0.00
2026-08-19 10:03:38,29470.00,29472.75,29469.50,29471.50,49,29471.50,29471.50,0.00
2026-08-19 10:03:39,29471.25,29474.75,29469.00,29474.75,118,29474.75,29474.75,0.00
2026-08-19 10:03:40,29474.00,29476.25,29472.50,29474.75,104,29474.75,29474.75,0.00
2026-08-19 10:03:41,29473.50,29475.75,29473.00,29475.00,40,29475.00,29475.00,0.00
2026-08-19 10:03:42,29475.25,29475.25,29471.25,29472.75,78,29472.75,29472.75,0.00
2026-08-19 10:03:43,29473.50,29478.25,29473.25,29477.00,69,29477.00,29477.00,0.00
2026-08-19 10:03:44,29477.00,29477.25,29472.50,29473.75,98,29473.75,29473.75,0.00
2026-08-19 10:03:45,29474.00,29474.00,29463.25,29464.50,301,29464.50,29464.50,0.00
2026-08-19 10:03:46,29465.00,29466.50,29462.75,29466.50,182,29466.50,29466.50,0.00
2026-08-19 10:03:47,29466.75,29466.75,29460.00,29461.00,173,29461.00,29461.00,0.00
2026-08-19 10:03:48,29460.75,29461.75,29459.00,29461.50,128,29461.50,29461.50,0.00
2026-08-19 10:03:49,29460.50,29461.25,29457.25,29458.75,175,29458.75,29458.75,0.00
2026-08-19 10:03:50,29459.00,29462.75,29458.25,29460.75,102,29460.75,29460.75,0.00
2026-08-19 10:03:51,29460.50,29462.50,29457.25,29457.75,101,29457.75,29457.75,0.00
2026-08-19 10:03:52,29457.25,29461.00,29455.50,29460.00,128,29460.00,29460.00,0.00
2026-08-19 10:03:53,29460.50,29465.75,29460.25,29463.25,149,29463.25,29463.25,0.00
2026-08-19 10:03:54,29463.75,29467.75,29462.50,29466.75,112,29466.75,29466.75,0.00
2026-08-19 10:03:55,29467.00,29467.25,29463.75,29465.25,25,29465.25,29465.25,0.00
2026-08-19 10:03:56,29464.75,29466.25,29462.50,29462.50,36,29462.50,29462.50,0.00
2026-08-19 10:03:57,29461.75,29461.75,29458.50,29458.75,67,29458.75,29458.75,0.00
2026-08-19 10:03:58,29459.25,29459.75,29457.25,29459.25,35,29459.25,29459.25,0.00
2026-08-19 10:03:59,29459.25,29464.75,29459.00,29464.75,120,29464.75,29464.75,0.00
2026-08-19 10:04:00,29464.75,29466.25,29463.00,29464.75,91,29464.75,29464.75,0.00
2026-08-19 10:04:01,29464.00,29465.00,29462.50,29464.50,59,29464.50,29464.50,0.00
2026-08-19 10:04:02,29465.25,29465.50,29460.75,29461.75,96,29461.75,29461.75,0.00
2026-08-19 10:04:03,29462.50,29464.00,29457.25,29463.00,126,29463.00,29463.00,0.00
2026-08-19 10:04:04,29463.75,29464.50,29461.00,29461.50,132,29461.50,29461.50,0.00
2026-08-19 10:04:05,29461.25,29462.75,29459.25,29460.00,94,29460.00,29460.00,0.00
2026-08-19 10:04:06,29460.25,29462.00,29459.00,29460.00,110,29460.00,29460.00,0.00
2026-08-19 10:04:07,29459.75,29462.50,29458.75,29461.00,64,29461.00,29461.00,0.00
2026-08-19 10:04:08,29460.00,29462.50,29459.00,29462.50,49,29462.50,29462.50,0.00
2026-08-19 10:04:09,29462.75,29470.00,29462.25,29469.75,211,29469.75,29469.75,0.00
2026-08-19 10:04:10,29468.50,29470.50,29466.00,29466.00,115,29466.00,29466.00,0.00
2026-08-19 10:04:11,29466.00,29468.00,29463.75,29464.00,104,29464.00,29464.00,0.00
2026-08-19 10:04:12,29463.25,29463.75,29459.50,29463.25,115,29463.25,29463.25,0.00
2026-08-19 10:04:13,29463.25,29465.00,29462.00,29462.50,36,29462.50,29462.50,0.00
2026-08-19 10:04:14,29463.00,29464.50,29461.75,29462.50,35,29462.50,29462.50,0.00
2026-08-19 10:04:15,29461.75,29463.25,29461.00,29462.25,33,29462.25,29462.25,0.00
2026-08-19 10:04:16,29463.00,29465.75,29461.25,29465.50,83,29465.50,29465.50,0.00
2026-08-19 10:04:17,29465.75,29469.25,29465.50,29466.75,68,29466.75,29466.75,0.00
2026-08-19 10:04:18,29468.25,29474.50,29468.00,29473.50,170,29473.50,29473.50,0.00
2026-08-19 10:04:19,29474.00,29475.50,29471.50,29474.50,91,29474.50,29474.50,0.00
2026-08-19 10:04:20,29475.25,29477.25,29473.00,29475.75,112,29475.75,29475.75,0.00
2026-08-19 10:04:21,29475.50,29483.50,29474.75,29482.50,300,29482.50,29482.50,0.00
2026-08-19 10:04:22,29481.00,29481.50,29479.00,29481.50,167,29481.50,29481.50,0.00
2026-08-19 10:04:23,29481.00,29485.00,29481.00,29484.50,209,29484.50,29484.50,0.00
2026-08-19 10:04:24,29484.00,29487.50,29482.75,29487.25,183,29487.25,29487.25,0.00
2026-08-19 10:04:25,29487.25,29490.75,29486.25,29487.50,354,29487.50,29487.50,0.00
2026-08-19 10:04:26,29487.75,29488.00,29478.00,29480.50,203,29480.50,29480.50,0.00
2026-08-19 10:04:27,29479.75,29482.50,29479.00,29481.50,161,29481.50,29481.50,0.00
2026-08-19 10:04:28,29481.25,29482.75,29479.75,29481.50,103,29481.50,29481.50,0.00
2026-08-19 10:04:29,29482.25,29482.25,29479.50,29480.50,77,29480.50,29480.50,0.00
2026-08-19 10:04:30,29480.00,29481.75,29478.75,29479.75,70,29479.75,29479.75,0.00
2026-08-19 10:04:31,29479.50,29484.25,29478.50,29482.75,77,29482.75,29482.75,0.00
2026-08-19 10:04:32,29482.75,29483.25,29477.00,29478.25,95,29478.25,29478.25,0.00
2026-08-19 10:04:33,29477.75,29483.00,29477.75,29482.50,63,29482.50,29482.50,0.00
2026-08-19 10:04:34,29482.00,29486.75,29482.00,29483.50,99,29483.50,29483.50,0.00
2026-08-19 10:04:35,29483.25,29485.75,29482.25,29484.25,91,29484.25,29484.25,0.00
2026-08-19 10:04:36,29484.75,29484.75,29482.00,29482.75,68,29482.75,29482.75,0.00
2026-08-19 10:04:37,29483.00,29483.50,29476.00,29478.00,147,29478.00,29478.00,0.00
2026-08-19 10:04:38,29478.00,29478.00,29469.25,29473.25,196,29473.25,29473.25,0.00
2026-08-19 10:04:39,29473.00,29473.25,29467.50,29470.25,150,29470.25,29470.25,0.00
2026-08-19 10:04:40,29470.50,29476.00,29470.50,29472.50,111,29472.50,29472.50,0.00
2026-08-19 10:04:41,29472.75,29472.75,29470.50,29471.50,47,29471.50,29471.50,0.00
2026-08-19 10:04:42,29471.50,29471.75,29469.25,29471.25,95,29471.25,29471.25,0.00
2026-08-19 10:04:43,29471.75,29475.25,29471.50,29474.25,43,29474.25,29474.25,0.00
2026-08-19 10:04:44,29474.00,29474.00,29469.75,29470.50,61,29470.50,29470.50,0.00
2026-08-19 10:04:45,29471.00,29474.00,29471.00,29472.25,44,29472.25,29472.25,0.00
2026-08-19 10:04:46,29471.25,29471.50,29469.00,29470.75,72,29470.75,29470.75,0.00
2026-08-19 10:04:47,29471.25,29477.00,29471.25,29476.00,93,29476.00,29476.00,0.00
2026-08-19 10:04:48,29476.00,29482.00,29476.00,29481.00,124,29481.00,29481.00,0.00
2026-08-19 10:04:49,29481.75,29483.00,29480.25,29482.50,102,29482.50,29482.50,0.00
2026-08-19 10:04:50,29482.50,29484.50,29481.50,29483.50,88,29483.50,29483.50,0.00
2026-08-19 10:04:51,29483.50,29485.25,29482.25,29484.50,77,29484.50,29484.50,0.00
2026-08-19 10:04:52,29485.50,29485.75,29483.75,29485.00,207,29485.00,29485.00,0.00
2026-08-19 10:04:53,29484.75,29486.00,29482.25,29484.50,112,29484.50,29484.50,0.00
2026-08-19 10:04:54,29485.25,29485.75,29482.75,29483.00,96,29483.00,29483.00,0.00
2026-08-19 10:04:55,29483.75,29485.00,29482.50,29482.50,36,29482.50,29482.50,0.00
2026-08-19 10:04:56,29482.75,29483.25,29480.75,29483.00,97,29483.00,29483.00,0.00
2026-08-19 10:04:57,29482.00,29482.50,29477.00,29477.50,61,29477.50,29477.50,0.00
2026-08-19 10:04:58,29478.00,29479.25,29475.00,29476.00,73,29476.00,29476.00,0.00
2026-08-19 10:04:59,29476.50,29476.75,29469.25,29470.00,110,29470.00,29470.00,0.00
2026-08-19 10:05:00,29469.75,29473.00,29469.75,29473.00,74,29473.00,29473.00,0.00
2026-08-19 10:05:01,29472.25,29474.75,29470.00,29470.75,131,29470.75,29470.75,0.00
2026-08-19 10:05:02,29470.75,29472.25,29465.50,29467.75,206,29467.75,29467.75,0.00
2026-08-19 10:05:03,29467.25,29471.00,29465.25,29471.00,153,29471.00,29471.00,0.00
2026-08-19 10:05:04,29470.50,29473.75,29469.50,29472.00,153,29472.00,29472.00,0.00
2026-08-19 10:05:05,29472.50,29476.50,29472.50,29473.75,61,29473.75,29473.75,0.00
2026-08-19 10:05:06,29473.75,29475.00,29471.00,29472.25,88,29472.25,29472.25,0.00
2026-08-19 10:05:07,29473.25,29482.25,29471.75,29482.25,268,29482.25,29482.25,0.00
2026-08-19 10:05:08,29482.50,29482.75,29478.00,29480.25,125,29480.25,29480.25,0.00
2026-08-19 10:05:09,29479.50,29479.50,29476.75,29478.00,58,29478.00,29478.00,0.00
2026-08-19 10:05:10,29477.50,29481.75,29475.50,29479.75,89,29479.75,29479.75,0.00
2026-08-19 10:05:11,29479.75,29482.50,29478.00,29478.50,142,29478.50,29478.50,0.00
2026-08-19 10:05:12,29478.25,29482.25,29476.75,29481.00,107,29481.00,29481.00,0.00
2026-08-19 10:05:13,29481.25,29481.25,29478.00,29480.50,74,29480.50,29480.50,0.00
2026-08-19 10:05:14,29481.00,29488.50,29481.00,29486.00,269,29486.00,29486.00,0.00
2026-08-19 10:05:15,29485.50,29491.50,29485.50,29488.75,283,29488.75,29488.75,0.00
2026-08-19 10:05:16,29488.75,29490.50,29487.00,29489.00,161,29489.00,29489.00,0.00
2026-08-19 10:05:17,29489.00,29490.50,29486.50,29487.75,185,29487.75,29487.75,0.00
2026-08-19 10:05:18,29488.25,29496.50,29487.00,29496.00,332,29496.00,29496.00,0.00
2026-08-19 10:05:19,29496.25,29496.25,29489.25,29490.00,236,29490.00,29490.00,0.00
2026-08-19 10:05:20,29490.00,29491.50,29488.00,29488.00,111,29488.00,29488.00,0.00
2026-08-19 10:05:21,29488.50,29494.25,29485.75,29492.50,126,29492.50,29492.50,0.00
2026-08-19 10:05:22,29492.00,29492.75,29487.75,29492.50,121,29492.50,29492.50,0.00
2026-08-19 10:05:23,29492.25,29493.25,29489.25,29491.75,161,29491.75,29491.75,0.00
2026-08-19 10:05:24,29491.50,29492.75,29489.50,29489.75,100,29489.75,29489.75,0.00
2026-08-19 10:05:25,29490.50,29498.00,29490.00,29496.50,367,29496.50,29496.50,0.00
2026-08-19 10:05:26,29496.75,29499.50,29496.75,29498.25,337,29498.25,29498.25,0.00
2026-08-19 10:05:27,29497.75,29499.50,29496.25,29496.50,200,29496.50,29496.50,0.00
2026-08-19 10:05:28,29496.75,29498.00,29492.75,29494.75,186,29494.75,29494.75,0.00
2026-08-19 10:05:29,29494.25,29495.75,29492.25,29495.00,122,29495.00,29495.00,0.00
2026-08-19 10:05:30,29495.00,29498.50,29494.75,29495.25,100,29495.25,29495.25,0.00
2026-08-19 10:05:31,29494.75,29497.25,29493.00,29496.50,146,29496.50,29496.50,0.00
2026-08-19 10:05:32,29496.00,29498.25,29494.50,29497.75,78,29497.75,29497.75,0.00
2026-08-19 10:05:33,29496.25,29501.25,29496.25,29498.25,188,29498.25,29498.25,0.00
2026-08-19 10:05:34,29497.25,29501.75,29497.00,29498.75,159,29498.75,29498.75,0.00
2026-08-19 10:05:35,29499.00,29500.50,29496.50,29498.00,175,29498.00,29498.00,0.00
2026-08-19 10:05:36,29498.00,29498.00,29492.50,29494.50,104,29494.50,29494.50,0.00
2026-08-19 10:05:37,29494.00,29494.00,29491.75,29493.25,131,29493.25,29493.25,0.00
2026-08-19 10:05:38,29493.50,29496.50,29493.00,29495.25,58,29495.25,29495.25,0.00
2026-08-19 10:05:39,29495.50,29496.00,29493.25,29494.25,87,29494.25,29494.25,0.00
2026-08-19 10:05:40,29494.25,29497.75,29494.25,29496.25,41,29496.25,29496.25,0.00
2026-08-19 10:05:41,29497.00,29499.50,29495.75,29497.75,98,29497.75,29497.75,0.00
2026-08-19 10:05:42,29497.75,29504.50,29497.00,29502.25,204,29502.25,29502.25,0.00
2026-08-19 10:05:43,29502.25,29504.50,29501.25,29501.50,165,29501.50,29501.50,0.00
2026-08-19 10:05:44,29501.00,29502.00,29497.25,29501.00,148,29501.00,29501.00,0.00
2026-08-19 10:05:45,29501.00,29503.00,29500.25,29501.50,130,29501.50,29501.50,0.00
2026-08-19 10:05:46,29500.50,29500.75,29498.25,29499.50,86,29499.50,29499.50,0.00
2026-08-19 10:05:47,29500.75,29502.25,29500.00,29501.25,122,29501.25,29501.25,0.00
2026-08-19 10:05:48,29501.00,29503.00,29500.25,29500.50,71,29500.50,29500.50,0.00
2026-08-19 10:05:49,29500.00,29501.75,29500.00,29500.50,80,29500.50,29500.50,0.00
2026-08-19 10:05:50,29501.25,29503.50,29495.75,29498.50,116,29498.50,29498.50,0.00
2026-08-19 10:05:51,29498.25,29500.00,29494.75,29495.25,83,29495.25,29495.25,0.00
2026-08-19 10:05:52,29495.50,29499.25,29494.25,29498.75,162,29498.75,29498.75,0.00
2026-08-19 10:05:53,29498.75,29499.00,29496.75,29499.00,65,29499.00,29499.00,0.00
2026-08-19 10:05:54,29498.75,29500.50,29497.00,29499.00,95,29499.00,29499.00,0.00
2026-08-19 10:05:55,29498.00,29499.50,29497.50,29499.50,51,29499.50,29499.50,0.00
2026-08-19 10:05:56,29499.50,29502.00,29499.00,29501.00,83,29501.00,29501.00,0.00
2026-08-19 10:05:57,29501.25,29502.50,29500.25,29500.25,87,29500.25,29500.25,0.00
2026-08-19 10:05:58,29500.25,29501.00,29497.50,29498.00,114,29498.00,29498.00,0.00
2026-08-19 10:05:59,29498.25,29498.75,29488.50,29489.50,278,29489.50,29489.50,0.00
2026-08-19 10:06:00,29488.50,29489.75,29483.00,29485.25,387,29485.25,29485.25,0.00
2026-08-19 10:06:01,29485.50,29495.25,29485.50,29494.25,225,29494.25,29494.25,0.00
2026-08-19 10:06:02,29494.75,29495.75,29490.50,29493.75,140,29493.75,29493.75,0.00
2026-08-19 10:06:03,29494.25,29494.50,29490.75,29493.75,120,29493.75,29493.75,0.00
2026-08-19 10:06:04,29493.75,29498.00,29493.75,29497.50,153,29497.50,29497.50,0.00
2026-08-19 10:06:05,29496.75,29497.25,29493.50,29494.25,134,29494.25,29494.25,0.00
2026-08-19 10:06:06,29494.25,29497.25,29493.00,29494.25,180,29494.25,29494.25,0.00
2026-08-19 10:06:07,29494.75,29496.75,29492.50,29493.00,118,29493.00,29493.00,0.00
2026-08-19 10:06:08,29494.25,29495.25,29492.25,29492.75,75,29492.75,29492.75,0.00
2026-08-19 10:06:09,29493.75,29498.00,29493.50,29494.75,106,29494.75,29494.75,0.00
2026-08-19 10:06:10,29495.75,29500.00,29495.25,29495.50,80,29495.50,29495.50,0.00
2026-08-19 10:06:11,29496.25,29496.25,29490.50,29493.75,89,29493.75,29493.75,0.00
2026-08-19 10:06:12,29493.75,29496.75,29493.00,29495.25,73,29495.25,29495.25,0.00
2026-08-19 10:06:13,29495.75,29497.50,29494.25,29496.50,70,29496.50,29496.50,0.00
2026-08-19 10:06:14,29495.75,29497.75,29493.75,29494.75,83,29494.75,29494.75,0.00
2026-08-19 10:06:15,29495.25,29495.25,29493.00,29493.00,37,29493.00,29493.00,0.00
2026-08-19 10:06:16,29492.75,29494.00,29491.25,29493.25,62,29493.25,29493.25,0.00
2026-08-19 10:06:17,29494.25,29494.25,29488.25,29489.25,97,29489.25,29489.25,0.00
2026-08-19 10:06:18,29489.50,29492.50,29488.25,29490.50,103,29490.50,29490.50,0.00
2026-08-19 10:06:19,29489.50,29492.50,29486.00,29491.50,134,29491.50,29491.50,0.00
2026-08-19 10:06:20,29491.75,29496.50,29491.50,29496.50,171,29496.50,29496.50,0.00
2026-08-19 10:06:21,29496.00,29499.25,29494.75,29495.25,148,29495.25,29495.25,0.00
2026-08-19 10:06:22,29494.75,29496.25,29494.00,29494.00,52,29494.00,29494.00,0.00
2026-08-19 10:06:23,29494.50,29494.50,29486.75,29487.50,146,29487.50,29487.50,0.00
2026-08-19 10:06:24,29487.50,29487.50,29483.00,29484.75,155,29484.75,29484.75,0.00
2026-08-19 10:06:25,29484.75,29486.50,29483.25,29483.75,91,29483.75,29483.75,0.00
2026-08-19 10:06:26,29483.75,29483.75,29477.75,29479.50,380,29479.50,29479.50,0.00
2026-08-19 10:06:27,29480.50,29482.75,29477.50,29478.25,112,29478.25,29478.25,0.00
2026-08-19 10:06:28,29477.75,29478.75,29476.25,29477.00,143,29477.00,29477.00,0.00
2026-08-19 10:06:29,29477.00,29480.00,29476.75,29477.25,135,29477.25,29477.25,0.00
2026-08-19 10:06:30,29477.50,29479.25,29476.00,29478.00,107,29478.00,29478.00,0.00
2026-08-19 10:06:31,29478.25,29482.25,29477.25,29480.75,93,29480.75,29480.75,0.00
2026-08-19 10:06:32,29481.50,29482.00,29479.00,29479.50,70,29479.50,29479.50,0.00
2026-08-19 10:06:33,29480.50,29480.50,29470.75,29473.50,260,29473.50,29473.50,0.00
2026-08-19 10:06:34,29473.50,29474.00,29469.00,29469.25,257,29469.25,29469.25,0.00
2026-08-19 10:06:35,29470.00,29472.50,29467.50,29468.50,243,29468.50,29468.50,0.00
2026-08-19 10:06:36,29468.00,29469.00,29462.00,29467.25,403,29467.25,29467.25,0.00
2026-08-19 10:06:37,29467.25,29468.75,29466.00,29468.25,131,29468.25,29468.25,0.00
2026-08-19 10:06:38,29468.00,29470.75,29466.75,29467.50,175,29467.50,29467.50,0.00
2026-08-19 10:06:39,29467.25,29473.00,29466.50,29472.00,138,29472.00,29472.00,0.00
2026-08-19 10:06:40,29472.25,29475.75,29471.00,29475.50,144,29475.50,29475.50,0.00
2026-08-19 10:06:41,29475.75,29476.25,29472.50,29473.75,89,29473.75,29473.75,0.00
2026-08-19 10:06:42,29473.75,29479.75,29473.50,29477.50,135,29477.50,29477.50,0.00
2026-08-19 10:06:43,29477.50,29478.25,29474.75,29478.00,61,29478.00,29478.00,0.00
2026-08-19 10:06:44,29478.25,29479.50,29476.25,29476.25,104,29476.25,29476.25,0.00
2026-08-19 10:06:45,29477.25,29477.50,29471.00,29473.25,72,29473.25,29473.25,0.00
2026-08-19 10:06:46,29473.00,29475.25,29472.00,29473.75,53,29473.75,29473.75,0.00
2026-08-19 10:06:47,29473.50,29473.50,29464.00,29466.25,284,29466.25,29466.25,0.00
2026-08-19 10:06:48,29466.00,29467.25,29464.50,29466.00,96,29466.00,29466.00,0.00
2026-08-19 10:06:49,29466.00,29468.75,29464.50,29466.50,88,29466.50,29466.50,0.00
2026-08-19 10:06:50,29466.25,29466.50,29459.50,29460.50,274,29460.50,29460.50,0.00
2026-08-19 10:06:51,29460.25,29462.25,29458.75,29461.75,263,29461.75,29461.75,0.00
2026-08-19 10:06:52,29461.50,29467.25,29461.50,29467.00,215,29467.00,29467.00,0.00
2026-08-19 10:06:53,29466.75,29467.25,29461.25,29463.75,109,29463.75,29463.75,0.00
2026-08-19 10:06:54,29463.50,29465.50,29463.00,29463.50,91,29463.50,29463.50,0.00
2026-08-19 10:06:55,29464.75,29466.50,29463.75,29465.50,76,29465.50,29465.50,0.00
2026-08-19 10:06:56,29464.75,29466.50,29463.50,29465.25,77,29465.25,29465.25,0.00
2026-08-19 10:06:57,29464.75,29466.25,29464.50,29466.25,45,29466.25,29466.25,0.00
2026-08-19 10:06:58,29466.00,29466.75,29464.75,29465.00,83,29465.00,29465.00,0.00
2026-08-19 10:06:59,29465.50,29468.50,29465.00,29467.00,97,29467.00,29467.00,0.00
2026-08-19 10:07:00,29467.25,29471.25,29467.00,29470.00,217,29470.00,29470.00,0.00
2026-08-19 10:07:01,29470.75,29472.25,29469.25,29472.00,180,29472.00,29472.00,0.00
2026-08-19 10:07:02,29471.50,29477.00,29470.50,29475.25,283,29475.25,29475.25,0.00
2026-08-19 10:07:03,29475.25,29477.00,29472.00,29472.75,85,29472.75,29472.75,0.00
2026-08-19 10:07:04,29473.00,29478.00,29471.25,29477.25,142,29477.25,29477.25,0.00
2026-08-19 10:07:05,29477.00,29477.50,29469.50,29470.00,120,29470.00,29470.00,0.00
2026-08-19 10:07:06,29470.75,29473.00,29470.75,29472.25,39,29472.25,29472.25,0.00
2026-08-19 10:07:07,29472.25,29474.75,29470.75,29471.00,64,29471.00,29471.00,0.00
2026-08-19 10:07:08,29470.50,29472.25,29468.25,29469.00,87,29469.00,29469.00,0.00
2026-08-19 10:07:09,29468.25,29477.50,29467.00,29476.00,133,29476.00,29476.00,0.00
2026-08-19 10:07:10,29476.00,29477.00,29468.00,29468.25,133,29468.25,29468.25,0.00
2026-08-19 10:07:11,29468.00,29468.25,29463.50,29464.25,133,29464.25,29464.25,0.00
2026-08-19 10:07:12,29464.25,29468.00,29462.50,29466.25,111,29466.25,29466.25,0.00
2026-08-19 10:07:13,29466.75,29469.75,29466.00,29467.75,88,29467.75,29467.75,0.00
2026-08-19 10:07:14,29467.25,29469.50,29465.25,29466.00,89,29466.00,29466.00,0.00
2026-08-19 10:07:15,29466.25,29466.50,29460.75,29463.75,93,29463.75,29463.75,0.00
2026-08-19 10:07:16,29463.25,29463.75,29461.50,29463.50,109,29463.50,29463.50,0.00
2026-08-19 10:07:17,29462.50,29466.75,29462.00,29466.50,96,29466.50,29466.50,0.00
2026-08-19 10:07:18,29467.00,29469.50,29463.25,29463.25,141,29463.25,29463.25,0.00
2026-08-19 10:07:19,29463.50,29463.75,29460.00,29462.00,84,29462.00,29462.00,0.00
2026-08-19 10:07:20,29461.50,29462.00,29456.00,29457.75,247,29457.75,29457.75,0.00
2026-08-19 10:07:21,29458.25,29460.25,29457.25,29458.00,156,29458.00,29458.00,0.00
2026-08-19 10:07:22,29457.75,29459.50,29455.75,29457.75,257,29457.75,29457.75,0.00
2026-08-19 10:07:23,29458.00,29458.25,29454.50,29454.50,230,29454.50,29454.50,0.00
2026-08-19 10:07:24,29454.75,29455.50,29451.00,29455.50,580,29455.50,29455.50,0.00
2026-08-19 10:07:25,29455.75,29455.75,29451.25,29453.00,244,29453.00,29453.00,0.00
2026-08-19 10:07:26,29452.50,29452.50,29446.50,29448.25,601,29448.25,29448.25,0.00
2026-08-19 10:07:27,29447.25,29450.25,29446.75,29450.25,350,29450.25,29450.25,0.00
2026-08-19 10:07:28,29450.00,29450.00,29446.50,29448.25,257,29448.25,29448.25,0.00
2026-08-19 10:07:29,29448.00,29449.25,29447.25,29449.25,107,29449.25,29449.25,0.00
2026-08-19 10:07:30,29449.25,29451.50,29447.75,29449.50,189,29449.50,29449.50,0.00
2026-08-19 10:07:31,29449.25,29450.00,29444.50,29445.25,190,29445.25,29445.25,0.00
2026-08-19 10:07:32,29445.00,29447.25,29440.75,29447.25,597,29447.25,29447.25,0.00
2026-08-19 10:07:33,29446.75,29450.75,29446.00,29450.50,211,29450.50,29450.50,0.00
2026-08-19 10:07:34,29450.50,29452.50,29449.25,29449.25,167,29449.25,29449.25,0.00
2026-08-19 10:07:35,29448.50,29449.50,29446.50,29447.75,207,29447.75,29447.75,0.00
2026-08-19 10:07:36,29447.75,29448.25,29445.25,29447.50,108,29447.50,29447.50,0.00
2026-08-19 10:07:37,29446.75,29447.25,29442.50,29443.25,132,29443.25,29443.25,0.00
2026-08-19 10:07:38,29442.50,29446.50,29442.25,29444.00,158,29444.00,29444.00,0.00
2026-08-19 10:07:39,29444.00,29445.50,29442.25,29443.75,143,29443.75,29443.75,0.00
2026-08-19 10:07:40,29444.25,29445.75,29443.50,29444.75,120,29444.75,29444.75,0.00
2026-08-19 10:07:41,29445.00,29448.25,29445.00,29448.00,115,29448.00,29448.00,0.00
2026-08-19 10:07:42,29447.50,29450.00,29447.25,29448.25,175,29448.25,29448.25,0.00
2026-08-19 10:07:43,29448.50,29449.25,29446.50,29447.00,81,29447.00,29447.00,0.00
2026-08-19 10:07:44,29446.75,29449.00,29446.00,29448.75,105,29448.75,29448.75,0.00
2026-08-19 10:07:45,29449.00,29451.75,29448.75,29450.75,144,29450.75,29450.75,0.00
2026-08-19 10:07:46,29451.00,29453.75,29450.50,29453.25,179,29453.25,29453.25,0.00
2026-08-19 10:07:47,29453.00,29457.50,29453.00,29454.25,224,29454.25,29454.25,0.00
2026-08-19 10:07:48,29454.50,29456.50,29454.50,29455.50,112,29455.50,29455.50,0.00
2026-08-19 10:07:49,29454.75,29459.50,29454.75,29458.50,185,29458.50,29458.50,0.00
2026-08-19 10:07:50,29458.50,29463.50,29458.25,29462.25,277,29462.25,29462.25,0.00
2026-08-19 10:07:51,29462.00,29464.00,29459.25,29459.25,129,29459.25,29459.25,0.00
2026-08-19 10:07:52,29459.00,29459.50,29454.25,29457.00,221,29457.00,29457.00,0.00
2026-08-19 10:07:53,29457.00,29457.50,29453.25,29453.75,96,29453.75,29453.75,0.00
2026-08-19 10:07:54,29454.25,29460.25,29454.25,29459.75,98,29459.75,29459.75,0.00
2026-08-19 10:07:55,29460.50,29463.00,29460.25,29461.25,87,29461.25,29461.25,0.00
2026-08-19 10:07:56,29460.75,29464.00,29459.00,29464.00,111,29464.00,29464.00,0.00
2026-08-19 10:07:57,29463.75,29465.50,29462.00,29464.00,220,29464.00,29464.00,0.00
2026-08-19 10:07:58,29464.50,29464.50,29457.50,29459.50,98,29459.50,29459.50,0.00
2026-08-19 10:07:59,29459.25,29461.25,29458.75,29459.50,70,29459.50,29459.50,0.00
2026-08-19 10:08:00,29460.00,29461.50,29458.25,29461.50,65,29461.50,29461.50,0.00
2026-08-19 10:08:01,29461.75,29463.50,29460.75,29462.75,87,29462.75,29462.75,0.00
2026-08-19 10:08:02,29463.00,29463.00,29459.50,29460.25,126,29460.25,29460.25,0.00
2026-08-19 10:08:03,29460.75,29462.50,29459.25,29461.25,91,29461.25,29461.25,0.00
2026-08-19 10:08:04,29461.00,29466.50,29459.75,29459.75,238,29459.75,29459.75,0.00
2026-08-19 10:08:05,29460.00,29460.25,29452.75,29454.00,176,29454.00,29454.00,0.00
2026-08-19 10:08:06,29454.00,29457.00,29450.75,29451.25,239,29451.25,29451.25,0.00
2026-08-19 10:08:07,29452.00,29453.00,29450.25,29450.75,92,29450.75,29450.75,0.00
2026-08-19 10:08:08,29450.75,29453.25,29447.75,29450.75,165,29450.75,29450.75,0.00
2026-08-19 10:08:09,29450.75,29451.50,29447.50,29448.25,119,29448.25,29448.25,0.00
2026-08-19 10:08:10,29448.25,29449.50,29445.50,29448.25,197,29448.25,29448.25,0.00
2026-08-19 10:08:11,29447.50,29449.00,29446.50,29448.25,112,29448.25,29448.25,0.00
2026-08-19 10:08:12,29448.50,29457.50,29446.50,29457.25,179,29457.25,29457.25,0.00
2026-08-19 10:08:13,29457.00,29457.50,29455.00,29455.75,82,29455.75,29455.75,0.00
2026-08-19 10:08:14,29455.75,29457.25,29454.00,29454.00,75,29454.00,29454.00,0.00
2026-08-19 10:08:15,29455.00,29460.00,29453.00,29459.25,146,29459.25,29459.25,0.00
2026-08-19 10:08:16,29459.00,29460.00,29452.25,29452.25,177,29452.25,29452.25,0.00
2026-08-19 10:08:17,29453.25,29457.00,29452.75,29454.75,114,29454.75,29454.75,0.00
2026-08-19 10:08:18,29454.50,29456.75,29453.75,29456.75,70,29456.75,29456.75,0.00
2026-08-19 10:08:19,29455.25,29459.50,29453.50,29457.00,220,29457.00,29457.00,0.00
2026-08-19 10:08:20,29457.50,29458.00,29455.75,29456.25,119,29456.25,29456.25,0.00
2026-08-19 10:08:21,29456.25,29458.75,29456.00,29458.25,94,29458.25,29458.25,0.00
2026-08-19 10:08:22,29457.25,29458.25,29454.75,29458.25,67,29458.25,29458.25,0.00
2026-08-19 10:08:23,29458.50,29458.50,29454.50,29457.00,63,29457.00,29457.00,0.00
2026-08-19 10:08:24,29457.00,29458.00,29455.75,29457.00,73,29457.00,29457.00,0.00
2026-08-19 10:08:25,29456.25,29457.00,29451.00,29452.25,98,29452.25,29452.25,0.00
2026-08-19 10:08:26,29451.50,29454.00,29450.50,29454.00,55,29454.00,29454.00,0.00
2026-08-19 10:08:27,29453.50,29456.50,29453.50,29455.25,38,29455.25,29455.25,0.00
2026-08-19 10:08:28,29455.25,29456.50,29454.25,29456.00,40,29456.00,29456.00,0.00
2026-08-19 10:08:29,29456.75,29459.25,29456.75,29459.25,64,29459.25,29459.25,0.00
2026-08-19 10:08:30,29458.75,29458.75,29454.25,29457.25,50,29457.25,29457.25,0.00
2026-08-19 10:08:31,29457.25,29458.50,29456.50,29457.00,77,29457.00,29457.00,0.00
2026-08-19 10:08:32,29456.25,29461.00,29455.25,29458.75,92,29458.75,29458.75,0.00
2026-08-19 10:08:33,29457.75,29461.75,29457.00,29461.25,117,29461.25,29461.25,0.00
2026-08-19 10:08:34,29460.75,29468.00,29460.75,29467.50,226,29467.50,29467.50,0.00
2026-08-19 10:08:35,29467.00,29469.50,29465.50,29469.50,193,29469.50,29469.50,0.00
2026-08-19 10:08:36,29469.00,29470.75,29467.50,29469.00,278,29469.00,29469.00,0.00
2026-08-19 10:08:37,29468.50,29469.25,29465.00,29466.00,107,29466.00,29466.00,0.00
2026-08-19 10:08:38,29465.75,29469.25,29465.25,29467.00,87,29467.00,29467.00,0.00
2026-08-19 10:08:39,29466.75,29467.75,29461.25,29461.25,108,29461.25,29461.25,0.00
2026-08-19 10:08:40,29461.75,29462.75,29460.00,29462.50,68,29462.50,29462.50,0.00
2026-08-19 10:08:41,29462.00,29467.00,29461.00,29465.25,81,29465.25,29465.25,0.00
2026-08-19 10:08:42,29465.25,29466.50,29461.75,29462.00,72,29462.00,29462.00,0.00
2026-08-19 10:08:43,29461.75,29461.75,29454.50,29457.75,135,29457.75,29457.75,0.00
2026-08-19 10:08:44,29457.50,29458.00,29455.00,29456.50,46,29456.50,29456.50,0.00
2026-08-19 10:08:45,29455.25,29457.25,29452.25,29452.75,67,29452.75,29452.75,0.00
2026-08-19 10:08:46,29452.50,29454.25,29451.75,29453.75,96,29453.75,29453.75,0.00
2026-08-19 10:08:47,29454.50,29456.50,29453.50,29455.25,93,29455.25,29455.25,0.00
2026-08-19 10:08:48,29455.50,29455.75,29453.25,29454.25,64,29454.25,29454.25,0.00
2026-08-19 10:08:49,29454.25,29454.25,29446.50,29447.75,204,29447.75,29447.75,0.00
2026-08-19 10:08:50,29447.75,29452.00,29446.50,29450.75,90,29450.75,29450.75,0.00
2026-08-19 10:08:51,29451.25,29452.00,29447.25,29448.50,66,29448.50,29448.50,0.00
2026-08-19 10:08:52,29448.00,29449.25,29446.50,29447.50,79,29447.50,29447.50,0.00
2026-08-19 10:08:53,29448.25,29448.75,29446.50,29447.25,65,29447.25,29447.25,0.00
2026-08-19 10:08:54,29446.25,29447.75,29445.50,29446.00,108,29446.00,29446.00,0.00
2026-08-19 10:08:55,29446.75,29448.00,29444.75,29447.75,149,29447.75,29447.75,0.00
2026-08-19 10:08:56,29447.00,29448.50,29441.50,29441.50,273,29441.50,29441.50,0.00
2026-08-19 10:08:57,29441.75,29443.00,29439.00,29440.50,356,29440.50,29440.50,0.00
2026-08-19 10:08:58,29440.75,29443.25,29440.00,29443.25,175,29443.25,29443.25,0.00
2026-08-19 10:08:59,29442.75,29446.00,29441.75,29446.00,177,29446.00,29446.00,0.00
2026-08-19 10:09:00,29445.25,29445.25,29443.00,29444.50,125,29444.50,29444.50,0.00
2026-08-19 10:09:01,29444.50,29444.75,29441.50,29441.75,188,29441.75,29441.75,0.00
2026-08-19 10:09:02,29441.50,29442.00,29436.25,29437.50,370,29437.50,29437.50,0.00
2026-08-19 10:09:03,29438.00,29440.50,29437.25,29439.50,240,29439.50,29439.50,0.00
2026-08-19 10:09:04,29440.00,29444.00,29439.75,29441.25,173,29441.25,29441.25,0.00
2026-08-19 10:09:05,29441.25,29442.25,29437.00,29437.00,224,29437.00,29437.00,0.00
2026-08-19 10:09:06,29437.00,29440.25,29434.75,29438.50,200,29438.50,29438.50,0.00
2026-08-19 10:09:07,29437.75,29442.50,29437.25,29441.50,129,29441.50,29441.50,0.00
2026-08-19 10:09:08,29441.50,29444.00,29440.25,29442.25,119,29442.25,29442.25,0.00
2026-08-19 10:09:09,29442.00,29444.00,29440.00,29442.00,140,29442.00,29442.00,0.00
2026-08-19 10:09:10,29441.25,29443.00,29440.25,29443.00,114,29443.00,29443.00,0.00
2026-08-19 10:09:11,29442.00,29445.25,29441.50,29443.75,111,29443.75,29443.75,0.00
2026-08-19 10:09:12,29444.00,29446.00,29443.25,29443.75,107,29443.75,29443.75,0.00
2026-08-19 10:09:13,29444.00,29444.00,29440.25,29441.75,110,29441.75,29441.75,0.00
2026-08-19 10:09:14,29442.00,29443.00,29441.50,29443.00,40,29443.00,29443.00,0.00
2026-08-19 10:09:15,29442.25,29443.75,29441.75,29443.50,62,29443.50,29443.50,0.00
2026-08-19 10:09:16,29444.00,29444.75,29442.25,29443.75,140,29443.75,29443.75,0.00
2026-08-19 10:09:17,29443.75,29448.00,29443.25,29447.50,191,29447.50,29447.50,0.00
2026-08-19 10:09:18,29447.25,29450.50,29447.25,29449.75,172,29449.75,29449.75,0.00
2026-08-19 10:09:19,29450.00,29450.75,29447.00,29447.50,83,29447.50,29447.50,0.00
2026-08-19 10:09:20,29447.75,29453.25,29446.00,29452.00,184,29452.00,29452.00,0.00
2026-08-19 10:09:21,29452.50,29454.25,29446.00,29447.25,175,29447.25,29447.25,0.00
2026-08-19 10:09:22,29447.00,29447.50,29442.25,29442.75,120,29442.75,29442.75,0.00
2026-08-19 10:09:23,29443.25,29444.75,29441.50,29444.00,96,29444.00,29444.00,0.00
2026-08-19 10:09:24,29444.50,29446.75,29442.50,29444.75,95,29444.75,29444.75,0.00
2026-08-19 10:09:25,29445.25,29445.75,29443.25,29445.00,60,29445.00,29445.00,0.00
2026-08-19 10:09:26,29444.50,29445.25,29442.25,29442.25,47,29442.25,29442.25,0.00
2026-08-19 10:09:27,29443.25,29444.75,29443.25,29444.00,47,29444.00,29444.00,0.00
2026-08-19 10:09:28,29444.00,29444.00,29441.50,29443.00,51,29443.00,29443.00,0.00
2026-08-19 10:09:29,29442.50,29444.50,29442.00,29443.50,86,29443.50,29443.50,0.00
2026-08-19 10:09:30,29443.50,29444.75,29443.00,29444.50,58,29444.50,29444.50,0.00
2026-08-19 10:09:31,29444.50,29445.75,29444.25,29445.25,46,29445.25,29445.25,0.00
2026-08-19 10:09:32,29445.50,29445.75,29443.50,29444.25,41,29444.25,29444.25,0.00
2026-08-19 10:09:33,29444.50,29445.50,29442.25,29443.75,49,29443.75,29443.75,0.00
2026-08-19 10:09:34,29444.50,29445.75,29444.25,29445.00,34,29445.00,29445.00,0.00
2026-08-19 10:09:35,29445.50,29446.75,29443.00,29443.25,54,29443.25,29443.25,0.00
2026-08-19 10:09:36,29443.00,29444.50,29442.00,29442.25,61,29442.25,29442.25,0.00
2026-08-19 10:09:37,29442.25,29442.75,29433.50,29437.75,335,29437.75,29437.75,0.00
2026-08-19 10:09:38,29437.25,29438.00,29436.50,29437.50,95,29437.50,29437.50,0.00
2026-08-19 10:09:39,29437.00,29440.00,29435.25,29439.50,94,29439.50,29439.50,0.00
2026-08-19 10:09:40,29439.75,29446.50,29439.75,29443.75,223,29443.75,29443.75,0.00
2026-08-19 10:09:41,29444.25,29444.25,29441.25,29443.25,65,29443.25,29443.25,0.00
2026-08-19 10:09:42,29443.75,29445.25,29441.50,29444.50,74,29444.50,29444.50,0.00
2026-08-19 10:09:43,29444.50,29445.75,29443.25,29444.50,106,29444.50,29444.50,0.00
2026-08-19 10:09:44,29445.00,29445.25,29441.50,29445.25,46,29445.25,29445.25,0.00
2026-08-19 10:09:45,29444.25,29447.25,29444.25,29446.75,47,29446.75,29446.75,0.00
2026-08-19 10:09:46,29446.50,29451.25,29446.25,29451.25,166,29451.25,29451.25,0.00
2026-08-19 10:09:47,29450.25,29451.25,29447.50,29448.75,143,29448.75,29448.75,0.00
2026-08-19 10:09:48,29449.00,29452.25,29448.50,29451.75,111,29451.75,29451.75,0.00
2026-08-19 10:09:49,29451.00,29452.50,29450.25,29451.25,69,29451.25,29451.25,0.00
2026-08-19 10:09:50,29451.50,29452.50,29449.50,29450.25,69,29450.25,29450.25,0.00
2026-08-19 10:09:51,29450.75,29452.00,29450.50,29451.00,57,29451.00,29451.00,0.00
2026-08-19 10:09:52,29450.75,29451.50,29448.75,29449.75,71,29449.75,29449.75,0.00
2026-08-19 10:09:53,29449.50,29450.75,29448.50,29449.50,66,29449.50,29449.50,0.00
2026-08-19 10:09:54,29450.00,29451.25,29449.00,29449.75,61,29449.75,29449.75,0.00
2026-08-19 10:09:55,29449.75,29449.75,29444.75,29445.00,79,29445.00,29445.00,0.00
2026-08-19 10:09:56,29445.50,29446.00,29442.75,29443.50,96,29443.50,29443.50,0.00
2026-08-19 10:09:57,29443.50,29448.50,29442.00,29448.50,75,29448.50,29448.50,0.00
2026-08-19 10:09:58,29448.00,29450.50,29445.75,29450.00,78,29450.00,29450.00,0.00
2026-08-19 10:09:59,29450.25,29453.50,29448.75,29453.00,123,29453.00,29453.00,0.00
2026-08-19 10:10:00,29453.00,29454.00,29450.75,29451.25,97,29451.25,29451.25,0.00
2026-08-19 10:10:01,29451.50,29459.50,29451.00,29459.00,366,29459.00,29459.00,0.00
2026-08-19 10:10:02,29459.00,29459.50,29454.75,29454.75,167,29454.75,29454.75,0.00
2026-08-19 10:10:03,29455.00,29459.25,29454.25,29459.25,174,29459.25,29459.25,0.00
2026-08-19 10:10:04,29459.50,29459.50,29453.00,29455.50,160,29455.50,29455.50,0.00
2026-08-19 10:10:05,29454.25,29458.00,29454.00,29457.00,71,29457.00,29457.00,0.00
2026-08-19 10:10:06,29456.75,29461.00,29456.25,29459.50,214,29459.50,29459.50,0.00
2026-08-19 10:10:07,29459.50,29460.00,29455.25,29459.00,118,29459.00,29459.00,0.00
2026-08-19 10:10:08,29459.50,29462.25,29458.50,29459.00,178,29459.00,29459.00,0.00
2026-08-19 10:10:09,29458.75,29459.25,29446.50,29448.25,290,29448.25,29448.25,0.00
2026-08-19 10:10:10,29448.00,29449.75,29447.00,29449.50,104,29449.50,29449.50,0.00
2026-08-19 10:10:11,29448.75,29449.75,29446.50,29447.75,113,29447.75,29447.75,0.00
2026-08-19 10:10:12,29446.75,29446.75,29442.50,29445.50,146,29445.50,29445.50,0.00
2026-08-19 10:10:13,29445.50,29447.75,29445.25,29445.75,109,29445.75,29445.75,0.00
2026-08-19 10:10:14,29445.75,29447.00,29443.00,29443.50,83,29443.50,29443.50,0.00
2026-08-19 10:10:15,29443.25,29444.25,29439.00,29440.00,186,29440.00,29440.00,0.00
2026-08-19 10:10:16,29439.50,29443.50,29439.00,29443.00,169,29443.00,29443.00,0.00
2026-08-19 10:10:17,29443.50,29446.00,29443.50,29444.25,112,29444.25,29444.25,0.00
2026-08-19 10:10:18,29444.50,29446.00,29443.00,29445.00,65,29445.00,29445.00,0.00
2026-08-19 10:10:19,29444.75,29447.25,29443.50,29444.25,77,29444.25,29444.25,0.00
2026-08-19 10:10:20,29443.50,29444.50,29442.00,29444.00,72,29444.00,29444.00,0.00
2026-08-19 10:10:21,29444.25,29446.00,29443.00,29445.75,138,29445.75,29445.75,0.00
2026-08-19 10:10:22,29445.50,29445.50,29441.25,29444.75,90,29444.75,29444.75,0.00
2026-08-19 10:10:23,29444.50,29446.50,29443.75,29445.50,73,29445.50,29445.50,0.00
2026-08-19 10:10:24,29445.75,29445.75,29443.00,29445.75,50,29445.75,29445.75,0.00
2026-08-19 10:10:25,29445.50,29446.75,29444.25,29446.00,42,29446.00,29446.00,0.00
2026-08-19 10:10:26,29445.75,29447.25,29443.00,29445.25,85,29445.25,29445.25,0.00
2026-08-19 10:10:27,29443.50,29445.00,29441.75,29443.00,68,29443.00,29443.00,0.00
2026-08-19 10:10:28,29442.50,29442.50,29441.00,29442.00,63,29442.00,29442.00,0.00
2026-08-19 10:10:29,29442.25,29442.75,29438.00,29439.75,127,29439.75,29439.75,0.00
2026-08-19 10:10:30,29439.50,29441.75,29439.50,29440.50,55,29440.50,29440.50,0.00
2026-08-19 10:10:31,29440.25,29444.75,29439.25,29442.00,100,29442.00,29442.00,0.00
2026-08-19 10:10:32,29442.50,29442.50,29438.50,29439.00,96,29439.00,29439.00,0.00
2026-08-19 10:10:33,29438.50,29439.25,29435.00,29435.75,135,29435.75,29435.75,0.00
2026-08-19 10:10:34,29435.75,29435.75,29430.00,29432.50,509,29432.50,29432.50,0.00
2026-08-19 10:10:35,29432.25,29433.25,29430.00,29431.75,195,29431.75,29431.75,0.00
2026-08-19 10:10:36,29431.50,29434.00,29430.75,29433.00,146,29433.00,29433.00,0.00
2026-08-19 10:10:37,29433.00,29434.25,29431.25,29432.50,113,29432.50,29432.50,0.00
2026-08-19 10:10:38,29433.25,29433.25,29429.75,29431.00,148,29431.00,29431.00,0.00
2026-08-19 10:10:39,29431.75,29434.75,29430.75,29432.25,164,29432.25,29432.25,0.00
2026-08-19 10:10:40,29432.75,29435.25,29432.25,29434.00,103,29434.00,29434.00,0.00
2026-08-19 10:10:41,29433.75,29434.25,29431.50,29433.25,105,29433.25,29433.25,0.00
2026-08-19 10:10:42,29433.25,29434.75,29433.25,29433.50,72,29433.50,29433.50,0.00
2026-08-19 10:10:43,29433.75,29434.75,29433.00,29433.75,81,29433.75,29433.75,0.00
2026-08-19 10:10:44,29433.50,29433.50,29429.75,29430.00,76,29430.00,29430.00,0.00
2026-08-19 10:10:45,29430.00,29430.75,29427.75,29428.75,227,29428.75,29428.75,0.00
2026-08-19 10:10:46,29429.25,29431.50,29428.75,29429.75,208,29429.75,29429.75,0.00
2026-08-19 10:10:47,29429.50,29434.00,29429.25,29429.50,143,29429.50,29429.50,0.00
2026-08-19 10:10:48,29430.00,29430.25,29427.50,29428.50,116,29428.50,29428.50,0.00
2026-08-19 10:10:49,29428.25,29429.25,29427.00,29429.00,140,29429.00,29429.00,0.00
2026-08-19 10:10:50,29429.00,29430.50,29427.50,29429.00,150,29429.00,29429.00,0.00
2026-08-19 10:10:51,29429.25,29430.25,29428.75,29429.25,97,29429.25,29429.25,0.00
2026-08-19 10:10:52,29429.50,29431.00,29428.50,29429.50,140,29429.50,29429.50,0.00
2026-08-19 10:10:53,29429.25,29431.75,29428.75,29430.00,143,29430.00,29430.00,0.00
2026-08-19 10:10:54,29429.75,29431.00,29428.75,29429.50,95,29429.50,29429.50,0.00
2026-08-19 10:10:55,29429.75,29429.75,29428.00,29429.50,70,29429.50,29429.50,0.00
2026-08-19 10:10:56,29428.50,29429.00,29427.00,29428.00,98,29428.00,29428.00,0.00
2026-08-19 10:10:57,29427.50,29428.50,29426.00,29427.75,132,29427.75,29427.75,0.00
2026-08-19 10:10:58,29427.25,29427.50,29423.25,29424.75,234,29424.75,29424.75,0.00
2026-08-19 10:10:59,29424.50,29424.75,29417.25,29417.75,551,29417.75,29417.75,0.00
2026-08-19 10:11:00,29417.50,29418.50,29413.25,29413.75,510,29413.75,29413.75,0.00
2026-08-19 10:11:01,29413.25,29414.75,29411.25,29413.25,443,29413.25,29413.25,0.00
2026-08-19 10:11:02,29412.75,29415.25,29411.75,29414.50,263,29414.50,29414.50,0.00
2026-08-19 10:11:03,29414.50,29415.00,29412.75,29414.25,229,29414.25,29414.25,0.00
2026-08-19 10:11:04,29412.75,29416.00,29411.75,29415.50,166,29415.50,29415.50,0.00
2026-08-19 10:11:05,29415.25,29417.75,29414.75,29417.00,197,29417.00,29417.00,0.00
2026-08-19 10:11:06,29417.00,29420.25,29415.50,29416.00,195,29416.00,29416.00,0.00
2026-08-19 10:11:07,29415.75,29418.00,29414.25,29414.50,167,29414.50,29414.50,0.00
2026-08-19 10:11:08,29414.00,29416.25,29413.25,29413.50,135,29413.50,29413.50,0.00
2026-08-19 10:11:09,29414.00,29416.25,29411.25,29413.50,170,29413.50,29413.50,0.00
2026-08-19 10:11:10,29413.50,29415.25,29410.00,29411.25,244,29411.25,29411.25,0.00
2026-08-19 10:11:11,29410.25,29410.75,29402.25,29402.50,1276,29402.50,29402.50,0.00
2026-08-19 10:11:12,29402.75,29405.25,29396.25,29399.25,1112,29399.25,29399.25,0.00
2026-08-19 10:11:13,29398.75,29405.50,29396.75,29402.50,502,29402.50,29402.50,0.00
2026-08-19 10:11:14,29403.00,29406.25,29402.00,29402.50,348,29402.50,29402.50,0.00
2026-08-19 10:11:15,29402.50,29406.00,29400.25,29406.00,237,29406.00,29406.00,0.00
2026-08-19 10:11:16,29405.75,29406.00,29403.50,29404.50,243,29404.50,29404.50,0.00
2026-08-19 10:11:17,29404.25,29406.25,29403.75,29404.75,156,29404.75,29404.75,0.00
2026-08-19 10:11:18,29404.25,29408.25,29404.00,29405.25,209,29405.25,29405.25,0.00
2026-08-19 10:11:19,29405.00,29405.75,29401.75,29402.50,237,29402.50,29402.50,0.00
2026-08-19 10:11:20,29402.25,29404.75,29400.00,29404.00,181,29404.00,29404.00,0.00
2026-08-19 10:11:21,29404.50,29405.00,29402.25,29403.25,143,29403.25,29403.25,0.00
2026-08-19 10:11:22,29403.25,29406.25,29402.75,29405.25,110,29405.25,29405.25,0.00
2026-08-19 10:11:23,29404.00,29404.75,29400.50,29400.50,93,29400.50,29400.50,0.00
2026-08-19 10:11:24,29401.00,29402.25,29398.75,29400.50,185,29400.50,29400.50,0.00
2026-08-19 10:11:25,29400.50,29402.00,29398.50,29401.75,152,29401.75,29401.75,0.00
2026-08-19 10:11:26,29401.75,29402.25,29399.00,29400.75,125,29400.75,29400.75,0.00
2026-08-19 10:11:27,29401.00,29401.50,29397.00,29397.25,126,29397.25,29397.25,0.00
2026-08-19 10:11:28,29396.50,29399.00,29396.00,29397.25,242,29397.25,29397.25,0.00
2026-08-19 10:11:29,29397.25,29399.00,29396.75,29397.50,140,29397.50,29397.50,0.00
2026-08-19 10:11:30,29398.00,29398.25,29394.00,29395.50,326,29395.50,29395.50,0.00
2026-08-19 10:11:31,29395.00,29397.75,29394.00,29397.00,208,29397.00,29397.00,0.00
2026-08-19 10:11:32,29397.50,29400.50,29397.00,29398.75,231,29398.75,29398.75,0.00
2026-08-19 10:11:33,29398.50,29399.25,29396.75,29397.75,120,29397.75,29397.75,0.00
2026-08-19 10:11:34,29397.75,29398.25,29396.25,29397.25,113,29397.25,29397.25,0.00
2026-08-19 10:11:35,29397.00,29397.25,29387.00,29387.00,649,29387.00,29387.00,0.00
2026-08-19 10:11:36,29388.00,29391.25,29387.50,29389.50,283,29389.50,29389.50,0.00
2026-08-19 10:11:37,29389.50,29395.00,29389.50,29393.50,254,29393.50,29393.50,0.00
2026-08-19 10:11:38,29393.00,29393.00,29390.25,29391.50,326,29391.50,29391.50,0.00
2026-08-19 10:11:39,29391.75,29394.50,29391.25,29391.75,184,29391.75,29391.75,0.00
2026-08-19 10:11:40,29391.50,29393.00,29388.50,29392.25,129,29392.25,29392.25,0.00
2026-08-19 10:11:41,29392.50,29393.50,29391.25,29392.00,123,29392.00,29392.00,0.00
2026-08-19 10:11:42,29392.00,29393.50,29390.25,29392.50,82,29392.50,29392.50,0.00
2026-08-19 10:11:43,29391.75,29392.50,29390.25,29391.75,137,29391.75,29391.75,0.00
2026-08-19 10:11:44,29391.25,29392.25,29390.75,29391.00,94,29391.00,29391.00,0.00
2026-08-19 10:11:45,29391.50,29392.25,29390.25,29390.25,95,29390.25,29390.25,0.00
2026-08-19 10:11:46,29390.50,29392.25,29390.00,29391.00,80,29391.00,29391.00,0.00
2026-08-19 10:11:47,29391.00,29391.50,29388.25,29389.75,146,29389.75,29389.75,0.00
2026-08-19 10:11:48,29389.00,29391.50,29388.50,29391.25,96,29391.25,29391.25,0.00
2026-08-19 10:11:49,29391.75,29393.25,29390.50,29391.25,136,29391.25,29391.25,0.00
2026-08-19 10:11:50,29390.50,29393.25,29389.00,29392.50,196,29392.50,29392.50,0.00
2026-08-19 10:11:51,29392.50,29396.25,29392.50,29395.50,173,29395.50,29395.50,0.00
2026-08-19 10:11:52,29395.50,29398.00,29391.25,29392.00,197,29392.00,29392.00,0.00
2026-08-19 10:11:53,29391.75,29392.25,29389.50,29390.75,127,29390.75,29390.75,0.00
2026-08-19 10:11:54,29391.00,29392.25,29387.00,29387.00,147,29387.00,29387.00,0.00
2026-08-19 10:11:55,29387.50,29390.00,29387.50,29388.00,80,29388.00,29388.00,0.00
2026-08-19 10:11:56,29388.25,29390.25,29388.25,29389.00,88,29389.00,29389.00,0.00
2026-08-19 10:11:57,29388.75,29393.25,29388.75,29393.25,138,29393.25,29393.25,0.00
2026-08-19 10:11:58,29393.25,29394.00,29390.25,29391.50,140,29391.50,29391.50,0.00
2026-08-19 10:11:59,29391.25,29392.75,29389.25,29392.50,69,29392.50,29392.50,0.00
2026-08-19 10:12:00,29392.75,29393.75,29391.00,29391.75,125,29391.75,29391.75,0.00
2026-08-19 10:12:01,29390.75,29394.50,29390.75,29392.50,204,29392.50,29392.50,0.00
2026-08-19 10:12:02,29392.75,29393.00,29390.00,29391.75,274,29391.75,29391.75,0.00
2026-08-19 10:12:03,29392.25,29392.50,29388.75,29390.50,154,29390.50,29390.50,0.00
2026-08-19 10:12:04,29391.00,29394.75,29391.00,29392.50,259,29392.50,29392.50,0.00
2026-08-19 10:12:05,29392.50,29394.75,29392.25,29392.75,97,29392.75,29392.75,0.00
2026-08-19 10:12:06,29392.50,29393.00,29390.00,29392.00,178,29392.00,29392.00,0.00
2026-08-19 10:12:07,29392.50,29395.00,29390.00,29393.25,239,29393.25,29393.25,0.00
2026-08-19 10:12:08,29393.00,29393.25,29388.75,29391.00,320,29391.00,29391.00,0.00
2026-08-19 10:12:09,29390.50,29391.25,29388.00,29389.50,124,29389.50,29389.50,0.00
2026-08-19 10:12:10,29389.75,29393.25,29387.50,29389.25,187,29389.25,29389.25,0.00
2026-08-19 10:12:11,29389.50,29396.00,29388.50,29395.25,190,29395.25,29395.25,0.00
2026-08-19 10:12:12,29396.00,29399.25,29395.00,29396.25,240,29396.25,29396.25,0.00
2026-08-19 10:12:13,29395.25,29395.25,29390.25,29390.50,177,29390.50,29390.50,0.00
2026-08-19 10:12:14,29391.25,29396.00,29390.50,29394.50,95,29394.50,29394.50,0.00
2026-08-19 10:12:15,29394.75,29397.00,29394.50,29396.75,109,29396.75,29396.75,0.00
2026-08-19 10:12:16,29396.50,29398.00,29395.25,29396.25,201,29396.25,29396.25,0.00
2026-08-19 10:12:17,29396.25,29399.00,29394.75,29396.00,118,29396.00,29396.00,0.00
2026-08-19 10:12:18,29395.75,29395.75,29388.25,29390.75,185,29390.75,29390.75,0.00
2026-08-19 10:12:19,29390.50,29393.00,29388.25,29392.00,133,29392.00,29392.00,0.00
2026-08-19 10:12:20,29391.25,29395.00,29390.25,29394.25,130,29394.25,29394.25,0.00
2026-08-19 10:12:21,29394.00,29398.25,29393.75,29397.25,116,29397.25,29397.25,0.00
2026-08-19 10:12:22,29397.25,29398.25,29395.50,29397.00,132,29397.00,29397.00,0.00
2026-08-19 10:12:23,29396.50,29402.50,29396.50,29397.75,392,29397.75,29397.75,0.00
2026-08-19 10:12:24,29397.00,29397.00,29387.75,29390.00,201,29390.00,29390.00,0.00
2026-08-19 10:12:25,29389.50,29391.50,29389.25,29390.00,105,29390.00,29390.00,0.00
2026-08-19 10:12:26,29389.50,29392.00,29388.25,29391.25,120,29391.25,29391.25,0.00
2026-08-19 10:12:27,29390.50,29391.25,29384.25,29385.50,330,29385.50,29385.50,0.00
2026-08-19 10:12:28,29385.75,29387.00,29384.50,29385.50,170,29385.50,29385.50,0.00
2026-08-19 10:12:29,29386.25,29386.50,29383.50,29383.75,219,29383.75,29383.75,0.00
2026-08-19 10:12:30,29383.50,29384.25,29380.00,29382.75,520,29382.75,29382.75,0.00
2026-08-19 10:12:31,29383.25,29384.25,29381.00,29383.75,211,29383.75,29383.75,0.00
2026-08-19 10:12:32,29383.50,29383.75,29380.25,29382.00,229,29382.00,29382.00,0.00
2026-08-19 10:12:33,29381.75,29383.50,29380.50,29381.50,187,29381.50,29381.50,0.00
2026-08-19 10:12:34,29381.50,29385.25,29381.25,29383.75,147,29383.75,29383.75,0.00
2026-08-19 10:12:35,29383.75,29384.00,29381.75,29382.75,120,29382.75,29382.75,0.00
2026-08-19 10:12:36,29382.25,29386.50,29382.00,29386.00,124,29386.00,29386.00,0.00
2026-08-19 10:12:37,29386.25,29388.50,29384.75,29386.25,173,29386.25,29386.25,0.00
2026-08-19 10:12:38,29386.25,29387.00,29384.75,29385.25,125,29385.25,29385.25,0.00
2026-08-19 10:12:39,29385.25,29387.25,29385.25,29386.25,66,29386.25,29386.25,0.00
2026-08-19 10:12:40,29386.50,29386.75,29383.25,29384.50,170,29384.50,29384.50,0.00
2026-08-19 10:12:41,29384.50,29388.25,29384.50,29387.25,91,29387.25,29387.25,0.00
2026-08-19 10:12:42,29387.00,29391.25,29387.00,29391.00,152,29391.00,29391.00,0.00
2026-08-19 10:12:43,29391.25,29394.50,29391.00,29394.00,180,29394.00,29394.00,0.00
2026-08-19 10:12:44,29394.00,29398.25,29393.50,29396.00,238,29396.00,29396.00,0.00
2026-08-19 10:12:45,29396.25,29401.00,29395.75,29400.00,230,29400.00,29400.00,0.00
2026-08-19 10:12:46,29400.25,29400.75,29396.75,29400.75,208,29400.75,29400.75,0.00
2026-08-19 10:12:47,29401.00,29403.50,29398.75,29400.75,258,29400.75,29400.75,0.00
2026-08-19 10:12:48,29400.25,29401.25,29399.00,29400.25,153,29400.25,29400.25,0.00
2026-08-19 10:12:49,29399.75,29401.50,29398.25,29399.75,226,29399.75,29399.75,0.00
2026-08-19 10:12:50,29400.25,29406.00,29400.25,29401.25,352,29401.25,29401.25,0.00
2026-08-19 10:12:51,29401.50,29404.25,29401.50,29404.25,175,29404.25,29404.25,0.00
2026-08-19 10:12:52,29404.25,29404.25,29400.50,29402.75,116,29402.75,29402.75,0.00
2026-08-19 10:12:53,29402.25,29405.75,29402.00,29403.25,138,29403.25,29403.25,0.00
2026-08-19 10:12:54,29403.25,29404.25,29399.00,29399.00,189,29399.00,29399.00,0.00
2026-08-19 10:12:55,29399.50,29401.25,29397.25,29399.00,149,29399.00,29399.00,0.00
2026-08-19 10:12:56,29399.00,29404.50,29399.00,29402.00,103,29402.00,29402.00,0.00
2026-08-19 10:12:57,29401.50,29403.75,29401.25,29403.75,97,29403.75,29403.75,0.00
2026-08-19 10:12:58,29403.00,29404.50,29402.00,29403.00,72,29403.00,29403.00,0.00
2026-08-19 10:12:59,29402.75,29407.50,29402.50,29406.75,162,29406.75,29406.75,0.00
2026-08-19 10:13:00,29407.00,29408.25,29404.75,29404.75,147,29404.75,29404.75,0.00
2026-08-19 10:13:01,29405.00,29410.50,29402.00,29408.00,420,29408.00,29408.00,0.00
2026-08-19 10:13:02,29408.25,29412.00,29405.50,29406.75,208,29406.75,29406.75,0.00
2026-08-19 10:13:03,29407.25,29414.25,29405.25,29413.50,402,29413.50,29413.50,0.00
2026-08-19 10:13:04,29414.25,29415.00,29410.50,29412.00,263,29412.00,29412.00,0.00
2026-08-19 10:13:05,29412.00,29414.25,29409.25,29412.00,294,29412.00,29412.00,0.00
2026-08-19 10:13:06,29411.75,29419.00,29411.00,29416.50,366,29416.50,29416.50,0.00
2026-08-19 10:13:07,29416.50,29417.25,29411.50,29412.75,242,29412.75,29412.75,0.00
2026-08-19 10:13:08,29412.25,29415.50,29411.75,29412.00,218,29412.00,29412.00,0.00
2026-08-19 10:13:09,29411.25,29414.00,29410.50,29411.50,163,29411.50,29411.50,0.00
2026-08-19 10:13:10,29411.75,29414.00,29408.75,29409.75,146,29409.75,29409.75,0.00
2026-08-19 10:13:11,29409.75,29413.50,29409.00,29410.00,151,29410.00,29410.00,0.00
2026-08-19 10:13:12,29409.75,29411.00,29406.50,29406.75,134,29406.75,29406.75,0.00
2026-08-19 10:13:13,29406.50,29406.75,29400.50,29400.50,190,29400.50,29400.50,0.00
2026-08-19 10:13:14,29401.50,29403.25,29400.50,29401.25,135,29401.25,29401.25,0.00
2026-08-19 10:13:15,29401.50,29402.75,29399.00,29402.75,142,29402.75,29402.75,0.00
2026-08-19 10:13:16,29401.50,29401.75,29398.50,29401.25,116,29401.25,29401.25,0.00
2026-08-19 10:13:17,29400.75,29401.50,29399.25,29399.25,119,29399.25,29399.25,0.00
2026-08-19 10:13:18,29400.25,29401.00,29394.25,29396.75,286,29396.75,29396.75,0.00
2026-08-19 10:13:19,29397.00,29397.75,29393.75,29397.00,180,29397.00,29397.00,0.00
2026-08-19 10:13:20,29397.25,29399.50,29397.25,29399.00,118,29399.00,29399.00,0.00
2026-08-19 10:13:21,29399.00,29404.00,29398.25,29401.25,432,29401.25,29401.25,0.00
2026-08-19 10:13:22,29401.50,29406.25,29401.25,29405.50,282,29405.50,29405.50,0.00
2026-08-19 10:13:23,29406.00,29407.00,29401.75,29402.50,104,29402.50,29402.50,0.00
2026-08-19 10:13:24,29401.50,29404.25,29400.50,29403.75,125,29403.75,29403.75,0.00
2026-08-19 10:13:25,29403.75,29405.75,29403.25,29404.25,87,29404.25,29404.25,0.00
2026-08-19 10:13:26,29404.50,29405.75,29403.75,29404.00,97,29404.00,29404.00,0.00
2026-08-19 10:13:27,29404.00,29404.00,29400.50,29401.75,91,29401.75,29401.75,0.00
2026-08-19 10:13:28,29401.75,29406.75,29401.00,29406.50,137,29406.50,29406.50,0.00
2026-08-19 10:13:29,29405.00,29408.50,29404.50,29408.25,125,29408.25,29408.25,0.00
2026-08-19 10:13:30,29409.00,29412.50,29408.25,29412.25,152,29412.25,29412.25,0.00
2026-08-19 10:13:31,29412.25,29414.50,29408.75,29413.00,194,29413.00,29413.00,0.00
2026-08-19 10:13:32,29412.75,29413.50,29407.25,29408.25,121,29408.25,29408.25,0.00
2026-08-19 10:13:33,29408.00,29411.00,29407.00,29410.50,97,29410.50,29410.50,0.00
2026-08-19 10:13:34,29410.25,29410.25,29403.00,29405.00,580,29405.00,29405.00,0.00
2026-08-19 10:13:35,29404.75,29406.75,29403.25,29406.00,259,29406.00,29406.00,0.00
2026-08-19 10:13:36,29406.00,29406.00,29401.50,29402.25,106,29402.25,29402.25,0.00
2026-08-19 10:13:37,29403.25,29403.25,29396.50,29398.00,163,29398.00,29398.00,0.00
2026-08-19 10:13:38,29398.00,29398.50,29396.50,29398.00,127,29398.00,29398.00,0.00
2026-08-19 10:13:39,29398.50,29401.00,29397.00,29400.75,153,29400.75,29400.75,0.00
2026-08-19 10:13:40,29400.50,29403.75,29398.75,29403.25,82,29403.25,29403.25,0.00
2026-08-19 10:13:41,29403.50,29407.00,29402.00,29406.25,180,29406.25,29406.25,0.00
2026-08-19 10:13:42,29405.75,29405.75,29402.50,29404.25,92,29404.25,29404.25,0.00
2026-08-19 10:13:43,29404.50,29405.50,29403.50,29404.50,83,29404.50,29404.50,0.00
2026-08-19 10:13:44,29403.75,29407.25,29403.50,29404.75,90,29404.75,29404.75,0.00
2026-08-19 10:13:45,29405.00,29405.50,29403.75,29404.25,41,29404.25,29404.25,0.00
2026-08-19 10:13:46,29404.25,29408.25,29403.75,29407.25,140,29407.25,29407.25,0.00
2026-08-19 10:13:47,29407.50,29409.50,29407.00,29408.25,85,29408.25,29408.25,0.00
2026-08-19 10:13:48,29408.75,29411.25,29408.50,29410.00,109,29410.00,29410.00,0.00
2026-08-19 10:13:49,29410.50,29412.00,29408.75,29408.75,117,29408.75,29408.75,0.00
2026-08-19 10:13:50,29408.00,29408.50,29406.25,29408.00,71,29408.00,29408.00,0.00
2026-08-19 10:13:51,29408.25,29409.00,29407.25,29407.25,44,29407.25,29407.25,0.00
2026-08-19 10:13:52,29407.50,29408.25,29406.00,29407.25,77,29407.25,29407.25,0.00
2026-08-19 10:13:53,29407.00,29408.00,29406.00,29407.00,53,29407.00,29407.00,0.00
2026-08-19 10:13:54,29406.50,29408.50,29406.25,29407.25,70,29407.25,29407.25,0.00
2026-08-19 10:13:55,29407.50,29411.50,29406.25,29411.25,111,29411.25,29411.25,0.00
2026-08-19 10:13:56,29411.25,29417.50,29411.25,29416.50,191,29416.50,29416.50,0.00
2026-08-19 10:13:57,29416.50,29416.75,29412.00,29413.50,135,29413.50,29413.50,0.00
2026-08-19 10:13:58,29413.25,29415.00,29413.25,29414.00,98,29414.00,29414.00,0.00
2026-08-19 10:13:59,29413.75,29415.50,29412.00,29413.00,125,29413.00,29413.00,0.00
2026-08-19 10:14:00,29413.00,29413.00,29409.00,29410.00,109,29410.00,29410.00,0.00
2026-08-19 10:14:01,29409.50,29411.00,29408.50,29409.75,88,29409.75,29409.75,0.00
2026-08-19 10:14:02,29410.25,29411.00,29407.75,29408.50,137,29408.50,29408.50,0.00
2026-08-19 10:14:03,29408.75,29408.75,29403.50,29403.50,210,29403.50,29403.50,0.00
2026-08-19 10:14:04,29403.75,29404.00,29398.75,29402.00,231,29402.00,29402.00,0.00
2026-08-19 10:14:05,29401.25,29403.75,29395.00,29395.50,197,29395.50,29395.50,0.00
2026-08-19 10:14:06,29395.25,29398.75,29393.50,29393.75,187,29393.75,29393.75,0.00
2026-08-19 10:14:07,29394.00,29397.75,29393.50,29397.25,129,29397.25,29397.25,0.00
2026-08-19 10:14:08,29398.00,29400.50,29397.25,29399.25,150,29399.25,29399.25,0.00
2026-08-19 10:14:09,29399.00,29401.75,29395.50,29395.50,107,29395.50,29395.50,0.00
2026-08-19 10:14:10,29395.25,29398.00,29394.25,29396.75,80,29396.75,29396.75,0.00
2026-08-19 10:14:11,29397.75,29398.75,29397.00,29397.25,68,29397.25,29397.25,0.00
2026-08-19 10:14:12,29396.50,29399.50,29395.25,29398.25,116,29398.25,29398.25,0.00
2026-08-19 10:14:13,29397.75,29397.75,29395.00,29396.50,86,29396.50,29396.50,0.00
2026-08-19 10:14:14,29397.00,29397.25,29391.00,29391.00,203,29391.00,29391.00,0.00
2026-08-19 10:14:15,29391.00,29393.75,29390.75,29392.50,222,29392.50,29392.50,0.00
2026-08-19 10:14:16,29393.00,29394.00,29392.00,29393.25,118,29393.25,29393.25,0.00
2026-08-19 10:14:17,29393.00,29393.25,29391.25,29391.50,54,29391.50,29391.50,0.00
2026-08-19 10:14:18,29392.25,29392.75,29391.25,29391.25,99,29391.25,29391.25,0.00
2026-08-19 10:14:19,29392.00,29395.25,29391.50,29393.75,101,29393.75,29393.75,0.00
2026-08-19 10:14:20,29393.75,29398.50,29393.25,29397.50,320,29397.50,29397.50,0.00
2026-08-19 10:14:21,29397.50,29399.00,29393.50,29395.50,181,29395.50,29395.50,0.00
2026-08-19 10:14:22,29395.00,29397.00,29394.75,29396.00,84,29396.00,29396.00,0.00
2026-08-19 10:14:23,29396.25,29401.50,29396.00,29400.25,216,29400.25,29400.25,0.00
2026-08-19 10:14:24,29400.25,29400.75,29397.75,29399.25,87,29399.25,29399.25,0.00
2026-08-19 10:14:25,29399.75,29401.25,29398.75,29400.00,52,29400.00,29400.00,0.00
2026-08-19 10:14:26,29400.75,29405.00,29399.25,29405.00,177,29405.00,29405.00,0.00
2026-08-19 10:14:27,29404.25,29405.00,29402.00,29405.00,75,29405.00,29405.00,0.00
2026-08-19 10:14:28,29405.00,29406.00,29403.50,29405.50,78,29405.50,29405.50,0.00
2026-08-19 10:14:29,29405.50,29406.00,29396.00,29396.75,219,29396.75,29396.75,0.00
2026-08-19 10:14:30,29397.00,29397.00,29393.50,29396.25,133,29396.25,29396.25,0.00
2026-08-19 10:14:31,29396.75,29398.00,29395.25,29396.25,95,29396.25,29396.25,0.00
2026-08-19 10:14:32,29395.75,29395.75,29390.50,29391.25,111,29391.25,29391.25,0.00
2026-08-19 10:14:33,29391.75,29394.50,29391.00,29394.50,79,29394.50,29394.50,0.00
2026-08-19 10:14:34,29394.75,29396.25,29394.00,29395.00,94,29395.00,29395.00,0.00
2026-08-19 10:14:35,29395.00,29395.00,29393.25,29394.50,83,29394.50,29394.50,0.00
2026-08-19 10:14:36,29394.50,29394.75,29392.25,29393.25,53,29393.25,29393.25,0.00
2026-08-19 10:14:37,29392.50,29392.50,29389.00,29392.00,178,29392.00,29392.00,0.00
2026-08-19 10:14:38,29392.50,29393.00,29390.25,29390.75,146,29390.75,29390.75,0.00
2026-08-19 10:14:39,29390.75,29393.00,29390.75,29392.00,94,29392.00,29392.00,0.00
2026-08-19 10:14:40,29391.75,29393.00,29391.75,29391.75,78,29391.75,29391.75,0.00
2026-08-19 10:14:41,29392.75,29394.25,29392.75,29393.50,68,29393.50,29393.50,0.00
2026-08-19 10:14:42,29393.25,29393.25,29390.25,29391.50,80,29391.50,29391.50,0.00
2026-08-19 10:14:43,29391.00,29394.50,29391.00,29392.25,64,29392.25,29392.25,0.00
2026-08-19 10:14:44,29392.25,29393.25,29391.50,29393.25,45,29393.25,29393.25,0.00
2026-08-19 10:14:45,29392.25,29392.25,29389.00,29392.00,70,29392.00,29392.00,0.00
2026-08-19 10:14:46,29392.50,29393.25,29390.50,29391.50,42,29391.50,29391.50,0.00
2026-08-19 10:14:47,29392.50,29392.75,29389.25,29390.75,133,29390.75,29390.75,0.00
2026-08-19 10:14:48,29390.75,29390.75,29386.75,29388.50,281,29388.50,29388.50,0.00
2026-08-19 10:14:49,29388.50,29390.50,29386.25,29386.75,119,29386.75,29386.75,0.00
2026-08-19 10:14:50,29386.75,29388.00,29382.50,29383.75,349,29383.75,29383.75,0.00
2026-08-19 10:14:51,29383.25,29383.75,29381.25,29382.00,322,29382.00,29382.00,0.00
2026-08-19 10:14:52,29381.75,29382.50,29377.00,29379.25,627,29379.25,29379.25,0.00
2026-08-19 10:14:53,29379.00,29382.50,29378.50,29381.00,383,29381.00,29381.00,0.00
2026-08-19 10:14:54,29381.00,29383.00,29380.50,29381.00,169,29381.00,29381.00,0.00
2026-08-19 10:14:55,29381.25,29383.25,29381.00,29381.75,128,29381.75,29381.75,0.00
2026-08-19 10:14:56,29382.25,29382.50,29380.25,29381.25,155,29381.25,29381.25,0.00
2026-08-19 10:14:57,29380.50,29382.25,29379.50,29382.25,197,29382.25,29382.25,0.00
2026-08-19 10:14:58,29382.25,29383.00,29381.00,29382.00,130,29382.00,29382.00,0.00
2026-08-19 10:14:59,29382.50,29385.00,29381.00,29381.50,241,29381.50,29381.50,0.00
2026-08-19 10:15:00,29381.50,29383.75,29380.25,29382.75,162,29382.75,29382.75,0.00
2026-08-19 10:15:01,29382.25,29384.00,29378.25,29379.50,784,29379.50,29379.50,0.00
2026-08-19 10:15:02,29379.25,29381.25,29377.00,29378.00,260,29378.00,29378.00,0.00
2026-08-19 10:15:03,29378.50,29381.00,29375.75,29379.25,300,29379.25,29379.25,0.00
2026-08-19 10:15:04,29379.75,29384.00,29379.75,29383.50,287,29383.50,29383.50,0.00
2026-08-19 10:15:05,29382.75,29383.00,29380.00,29381.75,209,29381.75,29381.75,0.00
2026-08-19 10:15:06,29382.00,29386.00,29380.75,29385.00,143,29385.00,29385.00,0.00
2026-08-19 10:15:07,29385.00,29385.50,29382.50,29383.00,121,29383.00,29383.00,0.00
2026-08-19 10:15:08,29383.00,29383.75,29381.25,29383.25,90,29383.25,29383.25,0.00
2026-08-19 10:15:09,29383.25,29391.00,29383.25,29390.00,275,29390.00,29390.00,0.00
2026-08-19 10:15:10,29391.00,29393.25,29389.00,29390.50,392,29390.50,29390.50,0.00
2026-08-19 10:15:11,29390.50,29395.25,29389.00,29394.00,289,29394.00,29394.00,0.00
2026-08-19 10:15:12,29393.75,29395.00,29391.75,29394.00,271,29394.00,29394.00,0.00
2026-08-19 10:15:13,29395.00,29399.75,29394.50,29397.25,242,29397.25,29397.25,0.00
2026-08-19 10:15:14,29397.25,29399.50,29392.50,29394.50,182,29394.50,29394.50,0.00
2026-08-19 10:15:15,29394.50,29401.00,29393.00,29399.50,211,29399.50,29399.50,0.00
2026-08-19 10:15:16,29398.25,29400.75,29397.50,29400.75,123,29400.75,29400.75,0.00
2026-08-19 10:15:17,29401.25,29402.25,29399.00,29399.00,182,29399.00,29399.00,0.00
2026-08-19 10:15:18,29398.50,29402.25,29398.25,29401.75,177,29401.75,29401.75,0.00
2026-08-19 10:15:19,29402.25,29405.00,29401.75,29402.25,214,29402.25,29402.25,0.00
2026-08-19 10:15:20,29402.00,29404.25,29400.00,29401.25,139,29401.25,29401.25,0.00
2026-08-19 10:15:21,29401.25,29403.25,29400.00,29403.25,137,29403.25,29403.25,0.00
2026-08-19 10:15:22,29403.50,29404.00,29400.75,29401.25,80,29401.25,29401.25,0.00
2026-08-19 10:15:23,29401.25,29405.50,29399.75,29404.25,94,29404.25,29404.25,0.00
2026-08-19 10:15:24,29404.25,29406.50,29399.75,29400.00,244,29400.00,29400.00,0.00
2026-08-19 10:15:25,29400.00,29401.75,29398.25,29400.75,134,29400.75,29400.75,0.00
2026-08-19 10:15:26,29400.50,29402.25,29400.00,29400.75,128,29400.75,29400.75,0.00
2026-08-19 10:15:27,29400.75,29405.75,29399.25,29401.75,155,29401.75,29401.75,0.00
2026-08-19 10:15:28,29402.75,29402.75,29398.50,29400.50,165,29400.50,29400.50,0.00
2026-08-19 10:15:29,29400.25,29401.25,29398.75,29400.25,76,29400.25,29400.25,0.00
2026-08-19 10:15:30,29400.00,29401.00,29397.75,29400.00,123,29400.00,29400.00,0.00
2026-08-19 10:15:31,29400.25,29402.50,29398.50,29401.25,214,29401.25,29401.25,0.00
2026-08-19 10:15:32,29401.75,29404.00,29400.25,29402.25,419,29402.25,29402.25,0.00
2026-08-19 10:15:33,29402.25,29403.00,29400.25,29401.75,101,29401.75,29401.75,0.00
2026-08-19 10:15:34,29401.75,29403.50,29399.50,29403.25,130,29403.25,29403.25,0.00
2026-08-19 10:15:35,29403.25,29405.50,29399.50,29401.50,242,29401.50,29401.50,0.00
2026-08-19 10:15:36,29401.00,29403.75,29399.25,29403.50,127,29403.50,29403.50,0.00
2026-08-19 10:15:37,29403.25,29405.75,29401.50,29402.75,133,29402.75,29402.75,0.00
2026-08-19 10:15:38,29402.75,29404.25,29396.50,29398.00,148,29398.00,29398.00,0.00
2026-08-19 10:15:39,29398.25,29400.75,29395.00,29400.50,189,29400.50,29400.50,0.00
2026-08-19 10:15:40,29400.75,29404.00,29400.00,29403.25,121,29403.25,29403.25,0.00
2026-08-19 10:15:41,29404.25,29405.00,29403.00,29403.75,109,29403.75,29403.75,0.00
2026-08-19 10:15:42,29403.75,29405.25,29402.25,29402.25,86,29402.25,29402.25,0.00
2026-08-19 10:15:43,29403.25,29404.00,29402.25,29403.75,71,29403.75,29403.75,0.00
2026-08-19 10:15:44,29403.50,29407.75,29403.25,29406.50,134,29406.50,29406.50,0.00
2026-08-19 10:15:45,29406.25,29407.00,29400.25,29401.25,151,29401.25,29401.25,0.00
2026-08-19 10:15:46,29401.25,29402.75,29396.75,29397.50,133,29397.50,29397.50,0.00
2026-08-19 10:15:47,29397.50,29400.00,29396.00,29398.75,100,29398.75,29398.75,0.00
2026-08-19 10:15:48,29398.50,29398.50,29396.25,29397.25,83,29397.25,29397.25,0.00
2026-08-19 10:15:49,29396.50,29399.25,29395.75,29397.75,61,29397.75,29397.75,0.00
2026-08-19 10:15:50,29397.75,29404.50,29397.25,29404.00,114,29404.00,29404.00,0.00
2026-08-19 10:15:51,29403.75,29406.25,29403.50,29405.00,130,29405.00,29405.00,0.00
2026-08-19 10:15:52,29405.00,29406.50,29404.50,29406.25,85,29406.25,29406.25,0.00
2026-08-19 10:15:53,29406.50,29407.00,29404.25,29405.50,59,29405.50,29405.50,0.00
2026-08-19 10:15:54,29405.75,29410.50,29405.75,29410.50,231,29410.50,29410.50,0.00
2026-08-19 10:15:55,29410.50,29412.25,29408.00,29410.50,298,29410.50,29410.50,0.00
2026-08-19 10:15:56,29409.75,29411.25,29407.25,29409.50,212,29409.50,29409.50,0.00
2026-08-19 10:15:57,29409.25,29412.75,29408.75,29412.00,129,29412.00,29412.00,0.00
2026-08-19 10:15:58,29412.00,29413.00,29410.25,29410.75,128,29410.75,29410.75,0.00
2026-08-19 10:15:59,29410.25,29416.25,29409.00,29416.00,301,29416.00,29416.00,0.00
2026-08-19 10:16:00,29416.25,29422.25,29416.25,29421.25,612,29421.25,29421.25,0.00
2026-08-19 10:16:01,29421.00,29421.25,29415.50,29419.00,366,29419.00,29419.00,0.00
2026-08-19 10:16:02,29419.75,29423.50,29418.75,29421.50,461,29421.50,29421.50,0.00
2026-08-19 10:16:03,29422.00,29423.50,29420.00,29422.50,258,29422.50,29422.50,0.00
2026-08-19 10:16:04,29423.00,29423.50,29420.00,29422.75,185,29422.75,29422.75,0.00
2026-08-19 10:16:05,29423.00,29427.50,29422.50,29426.75,493,29426.75,29426.75,0.00
2026-08-19 10:16:06,29426.75,29426.75,29423.25,29425.25,233,29425.25,29425.25,0.00
2026-08-19 10:16:07,29425.25,29429.75,29424.75,29424.75,387,29424.75,29424.75,0.00
2026-08-19 10:16:08,29425.00,29428.75,29425.00,29428.25,237,29428.25,29428.25,0.00
2026-08-19 10:16:09,29427.50,29427.50,29423.50,29425.00,249,29425.00,29425.00,0.00
2026-08-19 10:16:10,29425.25,29427.00,29423.00,29423.75,243,29423.75,29423.75,0.00
2026-08-19 10:16:11,29424.00,29427.25,29422.75,29424.50,221,29424.50,29424.50,0.00
2026-08-19 10:16:12,29425.25,29426.00,29420.50,29421.00,218,29421.00,29421.00,0.00
2026-08-19 10:16:13,29421.50,29421.50,29414.50,29414.50,327,29414.50,29414.50,0.00
2026-08-19 10:16:14,29414.50,29418.00,29411.25,29413.00,339,29413.00,29413.00,0.00
2026-08-19 10:16:15,29412.75,29413.50,29408.00,29413.00,372,29413.00,29413.00,0.00
2026-08-19 10:16:16,29413.25,29416.00,29412.75,29413.75,302,29413.75,29413.75,0.00
2026-08-19 10:16:17,29413.75,29419.00,29412.50,29414.25,246,29414.25,29414.25,0.00
2026-08-19 10:16:18,29413.75,29413.75,29406.50,29407.50,194,29407.50,29407.50,0.00
2026-08-19 10:16:19,29407.50,29411.25,29407.25,29407.75,165,29407.75,29407.75,0.00
2026-08-19 10:16:20,29408.25,29409.75,29404.50,29405.50,266,29405.50,29405.50,0.00
2026-08-19 10:16:21,29405.75,29412.00,29405.75,29411.50,149,29411.50,29411.50,0.00
2026-08-19 10:16:22,29411.50,29417.75,29411.25,29415.75,172,29415.75,29415.75,0.00
2026-08-19 10:16:23,29415.75,29416.50,29413.50,29414.50,164,29414.50,29414.50,0.00
2026-08-19 10:16:24,29415.00,29418.25,29414.25,29418.25,90,29418.25,29418.25,0.00
2026-08-19 10:16:25,29417.25,29417.50,29414.75,29417.25,116,29417.25,29417.25,0.00
2026-08-19 10:16:26,29417.25,29420.50,29417.00,29420.00,153,29420.00,29420.00,0.00
2026-08-19 10:16:27,29420.00,29420.25,29416.00,29417.25,112,29417.25,29417.25,0.00
2026-08-19 10:16:28,29417.25,29420.00,29415.75,29419.75,122,29419.75,29419.75,0.00
2026-08-19 10:16:29,29419.50,29420.50,29418.50,29420.50,54,29420.50,29420.50,0.00
2026-08-19 10:16:30,29420.50,29426.25,29419.50,29425.00,234,29425.00,29425.00,0.00
2026-08-19 10:16:31,29424.75,29428.25,29424.75,29427.50,239,29427.50,29427.50,0.00
2026-08-19 10:16:32,29427.25,29431.25,29426.00,29430.25,458,29430.25,29430.25,0.00
2026-08-19 10:16:33,29430.25,29438.00,29429.75,29436.00,638,29436.00,29436.00,0.00
2026-08-19 10:16:34,29436.00,29440.75,29436.00,29439.75,469,29439.75,29439.75,0.00
2026-08-19 10:16:35,29439.50,29442.00,29437.50,29440.00,477,29440.00,29440.00,0.00
2026-08-19 10:16:36,29440.00,29440.25,29436.50,29439.75,345,29439.75,29439.75,0.00
2026-08-19 10:16:37,29439.75,29445.50,29438.75,29444.25,489,29444.25,29444.25,0.00
2026-08-19 10:16:38,29444.00,29445.50,29442.25,29445.00,334,29445.00,29445.00,0.00
2026-08-19 10:16:39,29445.25,29449.25,29444.75,29445.00,490,29445.00,29445.00,0.00
2026-08-19 10:16:40,29445.00,29448.50,29445.00,29447.00,310,29447.00,29447.00,0.00
2026-08-19 10:16:41,29447.00,29449.50,29445.50,29448.25,220,29448.25,29448.25,0.00
2026-08-19 10:16:42,29448.75,29448.75,29445.25,29447.50,226,29447.50,29447.50,0.00
2026-08-19 10:16:43,29447.75,29451.75,29447.25,29451.75,458,29451.75,29451.75,0.00
2026-08-19 10:16:44,29451.50,29453.25,29449.25,29450.00,528,29450.00,29450.00,0.00
2026-08-19 10:16:45,29450.00,29450.50,29447.00,29448.75,221,29448.75,29448.75,0.00
2026-08-19 10:16:46,29448.75,29449.50,29445.50,29447.25,207,29447.25,29447.25,0.00
2026-08-19 10:16:47,29447.75,29448.75,29445.50,29446.25,195,29446.25,29446.25,0.00
2026-08-19 10:16:48,29446.00,29449.00,29445.75,29448.25,178,29448.25,29448.25,0.00
2026-08-19 10:16:49,29448.25,29448.50,29445.00,29446.00,129,29446.00,29446.00,0.00
2026-08-19 10:16:50,29445.25,29447.00,29442.25,29446.00,238,29446.00,29446.00,0.00
2026-08-19 10:16:51,29446.50,29446.50,29444.25,29444.75,129,29444.75,29444.75,0.00
2026-08-19 10:16:52,29445.00,29447.00,29444.50,29445.00,118,29445.00,29445.00,0.00
2026-08-19 10:16:53,29444.75,29445.75,29441.50,29445.00,157,29445.00,29445.00,0.00
2026-08-19 10:16:54,29445.25,29446.00,29443.75,29445.25,106,29445.25,29445.25,0.00
2026-08-19 10:16:55,29445.25,29449.50,29445.00,29448.50,157,29448.50,29448.50,0.00
2026-08-19 10:16:56,29448.50,29451.00,29447.50,29450.00,185,29450.00,29450.00,0.00
2026-08-19 10:16:57,29450.00,29452.00,29449.25,29450.25,137,29450.25,29450.25,0.00
2026-08-19 10:16:58,29450.50,29452.75,29450.00,29452.50,101,29452.50,29452.50,0.00
2026-08-19 10:16:59,29453.00,29460.25,29452.25,29457.25,936,29457.25,29457.25,0.00
2026-08-19 10:17:00,29457.50,29460.00,29454.75,29455.00,235,29455.00,29455.00,0.00
2026-08-19 10:17:01,29454.75,29459.00,29454.75,29459.00,237,29459.00,29459.00,0.00
2026-08-19 10:17:02,29459.25,29465.00,29458.75,29462.25,646,29462.25,29462.25,0.00
2026-08-19 10:17:03,29462.00,29465.00,29459.75,29463.50,582,29463.50,29463.50,0.00
2026-08-19 10:17:04,29463.50,29471.75,29463.00,29466.75,903,29466.75,29466.75,0.00
2026-08-19 10:17:05,29467.50,29468.50,29464.00,29464.00,343,29464.00,29464.00,0.00
2026-08-19 10:17:06,29463.75,29464.25,29459.75,29461.75,294,29461.75,29461.75,0.00
2026-08-19 10:17:07,29461.75,29462.50,29459.50,29461.25,158,29461.25,29461.25,0.00
2026-08-19 10:17:08,29460.75,29462.75,29458.50,29459.75,182,29459.75,29459.75,0.00
2026-08-19 10:17:09,29459.00,29460.50,29457.25,29459.75,224,29459.75,29459.75,0.00
2026-08-19 10:17:10,29459.75,29463.25,29457.25,29461.75,155,29461.75,29461.75,0.00
2026-08-19 10:17:11,29461.50,29462.75,29458.00,29458.75,136,29458.75,29458.75,0.00
2026-08-19 10:17:12,29458.50,29459.25,29456.50,29459.00,98,29459.00,29459.00,0.00
2026-08-19 10:17:13,29458.50,29460.75,29457.75,29457.75,200,29457.75,29457.75,0.00
2026-08-19 10:17:14,29457.25,29458.25,29451.25,29452.00,284,29452.00,29452.00,0.00
2026-08-19 10:17:15,29452.00,29455.25,29450.50,29455.25,171,29455.25,29455.25,0.00
2026-08-19 10:17:16,29455.75,29462.25,29455.25,29459.50,277,29459.50,29459.50,0.00
2026-08-19 10:17:17,29459.50,29459.50,29451.75,29452.50,139,29452.50,29452.50,0.00
2026-08-19 10:17:18,29452.00,29452.75,29447.75,29451.25,257,29451.25,29451.25,0.00
2026-08-19 10:17:19,29450.75,29452.75,29449.00,29452.75,129,29452.75,29452.75,0.00
2026-08-19 10:17:20,29453.25,29453.75,29449.75,29450.00,149,29450.00,29450.00,0.00
2026-08-19 10:17:21,29449.00,29451.25,29448.25,29450.25,128,29450.25,29450.25,0.00
2026-08-19 10:17:22,29448.75,29454.00,29448.75,29451.75,142,29451.75,29451.75,0.00
2026-08-19 10:17:23,29452.50,29452.50,29449.25,29450.75,209,29450.75,29450.75,0.00
2026-08-19 10:17:24,29451.25,29457.50,29448.75,29455.00,220,29455.00,29455.00,0.00
2026-08-19 10:17:25,29454.25,29461.00,29454.00,29455.75,183,29455.75,29455.75,0.00
2026-08-19 10:17:26,29455.50,29455.50,29449.75,29451.75,119,29451.75,29451.75,0.00
2026-08-19 10:17:27,29451.75,29452.00,29448.75,29451.25,138,29451.25,29451.25,0.00
2026-08-19 10:17:28,29451.00,29451.00,29445.25,29446.75,167,29446.75,29446.75,0.00
2026-08-19 10:17:29,29446.75,29448.75,29444.50,29447.75,177,29447.75,29447.75,0.00
2026-08-19 10:17:30,29448.25,29451.75,29447.50,29451.50,125,29451.50,29451.50,0.00
2026-08-19 10:17:31,29451.00,29452.25,29448.25,29448.25,133,29448.25,29448.25,0.00
2026-08-19 10:17:32,29449.00,29450.75,29448.75,29449.25,87,29449.25,29449.25,0.00
2026-08-19 10:17:33,29449.75,29451.75,29448.00,29451.25,100,29451.25,29451.25,0.00
2026-08-19 10:17:34,29452.00,29453.25,29448.00,29449.00,92,29449.00,29449.00,0.00
2026-08-19 10:17:35,29447.75,29451.00,29446.75,29449.75,108,29449.75,29449.75,0.00
2026-08-19 10:17:36,29450.00,29450.25,29446.25,29447.50,81,29447.50,29447.50,0.00
2026-08-19 10:17:37,29447.75,29449.50,29442.25,29443.75,257,29443.75,29443.75,0.00
2026-08-19 10:17:38,29444.00,29445.00,29438.75,29440.25,283,29440.25,29440.25,0.00
2026-08-19 10:17:39,29440.50,29440.75,29436.00,29439.75,288,29439.75,29439.75,0.00
2026-08-19 10:17:40,29439.75,29440.75,29437.00,29437.50,182,29437.50,29437.50,0.00
2026-08-19 10:17:41,29438.50,29445.00,29438.00,29445.00,249,29445.00,29445.00,0.00
2026-08-19 10:17:42,29444.75,29445.25,29439.50,29440.75,165,29440.75,29440.75,0.00
2026-08-19 10:17:43,29440.00,29441.50,29439.25,29440.00,134,29440.00,29440.00,0.00
2026-08-19 10:17:44,29439.75,29440.00,29436.75,29437.50,104,29437.50,29437.50,0.00
2026-08-19 10:17:45,29438.25,29443.00,29438.25,29442.25,137,29442.25,29442.25,0.00
2026-08-19 10:17:46,29442.50,29445.75,29441.75,29443.75,197,29443.75,29443.75,0.00
2026-08-19 10:17:47,29443.50,29444.00,29441.50,29442.00,97,29442.00,29442.00,0.00
2026-08-19 10:17:48,29442.25,29443.25,29441.25,29442.75,45,29442.75,29442.75,0.00
2026-08-19 10:17:49,29442.25,29446.25,29442.25,29444.25,112,29444.25,29444.25,0.00
2026-08-19 10:17:50,29443.75,29443.75,29441.25,29443.25,94,29443.25,29443.25,0.00
2026-08-19 10:17:51,29443.50,29443.75,29441.75,29443.00,82,29443.00,29443.00,0.00
2026-08-19 10:17:52,29443.50,29444.75,29442.50,29443.00,92,29443.00,29443.00,0.00
2026-08-19 10:17:53,29443.50,29443.75,29438.00,29438.25,111,29438.25,29438.25,0.00
2026-08-19 10:17:54,29438.50,29443.50,29436.50,29443.50,90,29443.50,29443.50,0.00
2026-08-19 10:17:55,29443.25,29444.75,29441.25,29441.75,105,29441.75,29441.75,0.00
2026-08-19 10:17:56,29441.75,29442.25,29434.75,29435.50,166,29435.50,29435.50,0.00
2026-08-19 10:17:57,29435.50,29439.50,29435.50,29439.00,138,29439.00,29439.00,0.00
2026-08-19 10:17:58,29438.50,29441.25,29438.00,29439.75,107,29439.75,29439.75,0.00
2026-08-19 10:17:59,29440.50,29443.75,29439.50,29443.00,100,29443.00,29443.00,0.00
2026-08-19 10:18:00,29443.25,29450.00,29443.25,29450.00,147,29450.00,29450.00,0.00
2026-08-19 10:18:01,29449.75,29456.00,29448.75,29453.50,344,29453.50,29453.50,0.00
2026-08-19 10:18:02,29453.50,29453.50,29444.75,29445.50,208,29445.50,29445.50,0.00
2026-08-19 10:18:03,29445.50,29449.00,29445.25,29446.00,163,29446.00,29446.00,0.00
2026-08-19 10:18:04,29446.00,29446.75,29443.75,29445.50,134,29445.50,29445.50,0.00
2026-08-19 10:18:05,29445.25,29446.75,29443.25,29443.75,135,29443.75,29443.75,0.00
2026-08-19 10:18:06,29443.75,29443.75,29434.00,29436.25,270,29436.25,29436.25,0.00
2026-08-19 10:18:07,29435.25,29437.75,29434.25,29436.25,178,29436.25,29436.25,0.00
2026-08-19 10:18:08,29436.50,29443.25,29434.75,29443.00,203,29443.00,29443.00,0.00
2026-08-19 10:18:09,29442.00,29442.75,29438.25,29439.25,167,29439.25,29439.25,0.00
2026-08-19 10:18:10,29439.75,29439.75,29436.50,29436.75,114,29436.75,29436.75,0.00
2026-08-19 10:18:11,29437.25,29439.50,29434.50,29435.00,121,29435.00,29435.00,0.00
2026-08-19 10:18:12,29434.50,29439.75,29433.75,29437.75,275,29437.75,29437.75,0.00
2026-08-19 10:18:13,29437.25,29440.75,29436.75,29440.50,142,29440.50,29440.50,0.00
2026-08-19 10:18:14,29440.25,29441.50,29436.75,29439.25,106,29439.25,29439.25,0.00
2026-08-19 10:18:15,29439.25,29439.75,29434.00,29434.50,102,29434.50,29434.50,0.00
2026-08-19 10:18:16,29434.50,29434.75,29430.75,29431.00,241,29431.00,29431.00,0.00
2026-08-19 10:18:17,29431.00,29433.00,29429.50,29432.50,266,29432.50,29432.50,0.00
2026-08-19 10:18:18,29432.25,29435.75,29431.50,29435.25,183,29435.25,29435.25,0.00
2026-08-19 10:18:19,29434.75,29440.50,29434.75,29440.25,167,29440.25,29440.25,0.00
2026-08-19 10:18:20,29440.75,29444.50,29440.50,29443.50,141,29443.50,29443.50,0.00
2026-08-19 10:18:21,29444.00,29449.75,29444.00,29448.75,219,29448.75,29448.75,0.00
2026-08-19 10:18:22,29449.00,29451.50,29448.50,29449.25,273,29449.25,29449.25,0.00
2026-08-19 10:18:23,29450.25,29451.00,29448.50,29450.25,142,29450.25,29450.25,0.00
2026-08-19 10:18:24,29451.00,29451.25,29448.50,29448.75,138,29448.75,29448.75,0.00
2026-08-19 10:18:25,29449.00,29449.00,29441.50,29445.25,137,29445.25,29445.25,0.00
2026-08-19 10:18:26,29444.75,29446.75,29444.75,29445.25,105,29445.25,29445.25,0.00
2026-08-19 10:18:27,29446.00,29448.00,29443.25,29446.25,130,29446.25,29446.25,0.00
2026-08-19 10:18:28,29446.25,29446.25,29443.25,29444.00,54,29444.00,29444.00,0.00
2026-08-19 10:18:29,29443.50,29445.50,29443.50,29444.00,56,29444.00,29444.00,0.00
2026-08-19 10:18:30,29443.00,29447.00,29442.50,29447.00,115,29447.00,29447.00,0.00
2026-08-19 10:18:31,29447.00,29447.75,29445.75,29447.25,127,29447.25,29447.25,0.00
2026-08-19 10:18:32,29447.25,29450.25,29446.75,29449.75,81,29449.75,29449.75,0.00
2026-08-19 10:18:33,29450.00,29450.25,29447.00,29448.75,157,29448.75,29448.75,0.00
2026-08-19 10:18:34,29449.25,29452.25,29449.00,29450.00,80,29450.00,29450.00,0.00
2026-08-19 10:18:35,29450.75,29452.75,29448.50,29450.25,92,29450.25,29450.25,0.00
2026-08-19 10:18:36,29450.25,29450.75,29445.50,29446.50,141,29446.50,29446.50,0.00
2026-08-19 10:18:37,29447.25,29448.75,29444.50,29445.00,67,29445.00,29445.00,0.00
2026-08-19 10:18:38,29445.25,29450.50,29445.25,29447.50,100,29447.50,29447.50,0.00
2026-08-19 10:18:39,29448.00,29451.50,29447.75,29451.25,95,29451.25,29451.25,0.00
2026-08-19 10:18:40,29451.00,29453.25,29450.25,29451.00,76,29451.00,29451.00,0.00
2026-08-19 10:18:41,29451.00,29454.00,29450.50,29452.00,137,29452.00,29452.00,0.00
2026-08-19 10:18:42,29452.50,29454.50,29450.50,29454.00,106,29454.00,29454.00,0.00
2026-08-19 10:18:43,29454.25,29456.00,29451.75,29454.75,154,29454.75,29454.75,0.00
2026-08-19 10:18:44,29455.25,29457.75,29455.00,29455.00,170,29455.00,29455.00,0.00
2026-08-19 10:18:45,29455.25,29457.50,29452.00,29453.00,233,29453.00,29453.00,0.00
2026-08-19 10:18:46,29453.25,29456.00,29452.50,29454.00,88,29454.00,29454.00,0.00
2026-08-19 10:18:47,29453.75,29454.25,29451.25,29453.50,132,29453.50,29453.50,0.00
2026-08-19 10:18:48,29453.25,29453.75,29452.25,29452.75,66,29452.75,29452.75,0.00
2026-08-19 10:18:49,29453.50,29455.75,29451.75,29453.50,93,29453.50,29453.50,0.00
2026-08-19 10:18:50,29453.75,29454.50,29450.50,29450.75,105,29450.75,29450.75,0.00
2026-08-19 10:18:51,29450.50,29452.50,29450.50,29450.75,61,29450.75,29450.75,0.00
2026-08-19 10:18:52,29451.50,29452.50,29450.25,29451.00,63,29451.00,29451.00,0.00
2026-08-19 10:18:53,29451.25,29451.25,29448.50,29449.00,91,29449.00,29449.00,0.00
2026-08-19 10:18:54,29449.50,29449.75,29446.25,29446.75,99,29446.75,29446.75,0.00
2026-08-19 10:18:55,29446.00,29447.50,29445.00,29447.00,165,29447.00,29447.00,0.00
2026-08-19 10:18:56,29446.50,29450.50,29446.50,29449.25,109,29449.25,29449.25,0.00
2026-08-19 10:18:57,29449.00,29450.75,29447.75,29449.25,97,29449.25,29449.25,0.00
2026-08-19 10:18:58,29449.25,29455.00,29449.00,29454.00,127,29454.00,29454.00,0.00
2026-08-19 10:18:59,29454.50,29455.00,29448.00,29448.75,140,29448.75,29448.75,0.00
2026-08-19 10:19:00,29448.75,29450.00,29447.75,29448.50,100,29448.50,29448.50,0.00
2026-08-19 10:19:01,29448.75,29456.50,29448.50,29454.50,135,29454.50,29454.50,0.00
2026-08-19 10:19:02,29454.75,29456.75,29452.25,29452.75,131,29452.75,29452.75,0.00
2026-08-19 10:19:03,29453.00,29454.50,29450.75,29453.00,182,29453.00,29453.00,0.00
2026-08-19 10:19:04,29454.75,29455.25,29451.00,29451.50,83,29451.50,29451.50,0.00
2026-08-19 10:19:05,29451.50,29452.50,29448.75,29452.50,119,29452.50,29452.50,0.00
2026-08-19 10:19:06,29452.00,29454.25,29449.75,29452.75,104,29452.75,29452.75,0.00
2026-08-19 10:19:07,29453.00,29453.75,29447.25,29448.00,146,29448.00,29448.00,0.00
2026-08-19 10:19:08,29447.00,29448.50,29446.00,29446.25,127,29446.25,29446.25,0.00
2026-08-19 10:19:09,29446.75,29446.75,29444.00,29445.50,133,29445.50,29445.50,0.00
2026-08-19 10:19:10,29446.00,29448.75,29444.50,29447.50,151,29447.50,29447.50,0.00
2026-08-19 10:19:11,29447.00,29448.50,29446.75,29447.50,62,29447.50,29447.50,0.00
2026-08-19 10:19:12,29447.25,29448.00,29444.50,29445.75,77,29445.75,29445.75,0.00
2026-08-19 10:19:13,29445.00,29447.50,29444.25,29446.25,62,29446.25,29446.25,0.00
2026-08-19 10:19:14,29447.50,29448.50,29446.00,29448.25,47,29448.25,29448.25,0.00
2026-08-19 10:19:15,29448.00,29451.25,29448.00,29450.75,91,29450.75,29450.75,0.00
2026-08-19 10:19:16,29450.75,29452.25,29449.50,29452.00,53,29452.00,29452.00,0.00
2026-08-19 10:19:17,29451.75,29455.25,29451.00,29454.25,86,29454.25,29454.25,0.00
2026-08-19 10:19:18,29454.50,29456.25,29452.75,29452.75,102,29452.75,29452.75,0.00
2026-08-19 10:19:19,29454.00,29454.00,29449.50,29451.00,110,29451.00,29451.00,0.00
2026-08-19 10:19:20,29451.00,29454.00,29450.75,29451.50,118,29451.50,29451.50,0.00
2026-08-19 10:19:21,29451.75,29452.00,29447.50,29448.75,74,29448.75,29448.75,0.00
2026-08-19 10:19:22,29448.25,29451.00,29446.50,29449.75,110,29449.75,29449.75,0.00
2026-08-19 10:19:23,29449.75,29451.75,29445.50,29445.50,78,29445.50,29445.50,0.00
2026-08-19 10:19:24,29445.75,29446.00,29438.00,29439.25,296,29439.25,29439.25,0.00
2026-08-19 10:19:25,29439.00,29439.50,29435.25,29437.25,194,29437.25,29437.25,0.00
2026-08-19 10:19:26,29437.50,29441.25,29436.50,29440.75,156,29440.75,29440.75,0.00
2026-08-19 10:19:27,29439.50,29440.00,29434.75,29434.75,177,29434.75,29434.75,0.00
2026-08-19 10:19:28,29435.75,29435.75,29431.25,29431.50,289,29431.50,29431.50,0.00
2026-08-19 10:19:29,29431.50,29432.00,29427.00,29428.00,440,29428.00,29428.00,0.00
2026-08-19 10:19:30,29428.25,29433.00,29428.00,29430.00,211,29430.00,29430.00,0.00
2026-08-19 10:19:31,29430.25,29433.75,29429.50,29433.75,153,29433.75,29433.75,0.00
2026-08-19 10:19:32,29433.75,29435.75,29432.50,29432.50,189,29432.50,29432.50,0.00
2026-08-19 10:19:33,29432.75,29433.50,29428.00,29428.50,136,29428.50,29428.50,0.00
2026-08-19 10:19:34,29429.25,29431.50,29429.25,29430.50,91,29430.50,29430.50,0.00
2026-08-19 10:19:35,29429.75,29430.50,29426.00,29430.00,142,29430.00,29430.00,0.00
2026-08-19 10:19:36,29429.75,29431.75,29428.25,29428.25,111,29428.25,29428.25,0.00
2026-08-19 10:19:37,29429.00,29429.00,29424.50,29424.50,195,29424.50,29424.50,0.00
2026-08-19 10:19:38,29424.50,29427.50,29422.75,29425.75,255,29425.75,29425.75,0.00
2026-08-19 10:19:39,29425.75,29426.75,29424.50,29425.75,118,29425.75,29425.75,0.00
2026-08-19 10:19:40,29426.00,29426.50,29424.25,29424.25,127,29424.25,29424.25,0.00
2026-08-19 10:19:41,29424.00,29428.75,29423.25,29428.00,110,29428.00,29428.00,0.00
2026-08-19 10:19:42,29427.50,29428.25,29425.25,29425.50,120,29425.50,29425.50,0.00
2026-08-19 10:19:43,29425.25,29427.25,29424.75,29426.75,128,29426.75,29426.75,0.00
2026-08-19 10:19:44,29427.25,29431.00,29427.00,29430.25,159,29430.25,29430.25,0.00
2026-08-19 10:19:45,29430.50,29435.00,29428.00,29435.00,241,29435.00,29435.00,0.00
2026-08-19 10:19:46,29436.00,29439.50,29434.25,29435.00,241,29435.00,29435.00,0.00
2026-08-19 10:19:47,29435.00,29435.75,29431.75,29432.25,118,29432.25,29432.25,0.00
2026-08-19 10:19:48,29432.25,29434.50,29431.50,29432.25,68,29432.25,29432.25,0.00
2026-08-19 10:19:49,29432.75,29434.00,29428.00,29429.00,112,29429.00,29429.00,0.00
2026-08-19 10:19:50,29428.75,29428.75,29423.00,29424.00,163,29424.00,29424.00,0.00
2026-08-19 10:19:51,29424.00,29426.00,29422.25,29425.00,133,29425.00,29425.00,0.00
2026-08-19 10:19:52,29425.00,29426.75,29423.75,29426.00,74,29426.00,29426.00,0.00
2026-08-19 10:19:53,29425.25,29426.00,29418.00,29419.75,300,29419.75,29419.75,0.00
2026-08-19 10:19:54,29419.50,29421.50,29417.50,29420.25,227,29420.25,29420.25,0.00
2026-08-19 10:19:55,29420.25,29422.00,29418.25,29420.50,107,29420.50,29420.50,0.00
2026-08-19 10:19:56,29421.00,29423.00,29419.50,29423.00,137,29423.00,29423.00,0.00
2026-08-19 10:19:57,29423.25,29424.25,29422.50,29423.75,137,29423.75,29423.75,0.00
2026-08-19 10:19:58,29423.25,29425.00,29422.75,29423.75,74,29423.75,29423.75,0.00
2026-08-19 10:19:59,29424.50,29424.50,29419.50,29419.50,130,29419.50,29419.50,0.00
2026-08-19 10:20:00,29419.75,29421.00,29418.00,29419.50,86,29419.50,29419.50,0.00
2026-08-19 10:20:01,29419.00,29420.25,29412.25,29412.25,339,29412.25,29412.25,0.00
2026-08-19 10:20:02,29412.00,29413.50,29410.00,29413.50,381,29413.50,29413.50,0.00
2026-08-19 10:20:03,29413.75,29415.75,29411.00,29415.25,283,29415.25,29415.25,0.00
2026-08-19 10:20:04,29415.00,29418.75,29414.00,29418.00,218,29418.00,29418.00,0.00
2026-08-19 10:20:05,29417.50,29418.50,29414.75,29417.00,241,29417.00,29417.00,0.00
2026-08-19 10:20:06,29416.00,29418.50,29412.00,29414.25,158,29414.25,29414.25,0.00
2026-08-19 10:20:07,29413.75,29415.00,29410.75,29411.75,155,29411.75,29411.75,0.00
2026-08-19 10:20:08,29412.00,29412.25,29408.00,29409.00,250,29409.00,29409.00,0.00
2026-08-19 10:20:09,29409.50,29411.50,29408.25,29411.00,229,29411.00,29411.00,0.00
2026-08-19 10:20:10,29411.00,29416.25,29411.00,29415.50,191,29415.50,29415.50,0.00
2026-08-19 10:20:11,29415.75,29416.75,29414.00,29415.25,148,29415.25,29415.25,0.00
2026-08-19 10:20:12,29415.50,29419.50,29415.00,29417.25,224,29417.25,29417.25,0.00
2026-08-19 10:20:13,29417.25,29422.75,29416.50,29421.50,187,29421.50,29421.50,0.00
2026-08-19 10:20:14,29421.50,29428.25,29421.50,29426.00,456,29426.00,29426.00,0.00
2026-08-19 10:20:15,29426.00,29435.00,29425.50,29433.00,370,29433.00,29433.00,0.00
2026-08-19 10:20:16,29432.75,29434.00,29429.75,29432.50,220,29432.50,29432.50,0.00
2026-08-19 10:20:17,29432.25,29433.25,29429.75,29432.50,141,29432.50,29432.50,0.00
2026-08-19 10:20:18,29431.75,29440.00,29431.75,29438.00,352,29438.00,29438.00,0.00
2026-08-19 10:20:19,29438.25,29444.00,29438.25,29441.25,541,29441.25,29441.25,0.00
2026-08-19 10:20:20,29441.75,29443.50,29439.00,29441.00,265,29441.00,29441.00,0.00
2026-08-19 10:20:21,29440.25,29443.75,29438.00,29442.25,232,29442.25,29442.25,0.00
2026-08-19 10:20:22,29442.75,29446.00,29441.25,29446.00,257,29446.00,29446.00,0.00
2026-08-19 10:20:23,29446.25,29448.75,29446.00,29447.25,303,29447.25,29447.25,0.00
2026-08-19 10:20:24,29447.50,29450.75,29447.00,29449.75,173,29449.75,29449.75,0.00
2026-08-19 10:20:25,29449.75,29450.00,29446.25,29447.75,126,29447.75,29447.75,0.00
2026-08-19 10:20:26,29447.50,29449.75,29445.50,29446.25,147,29446.25,29446.25,0.00
2026-08-19 10:20:27,29446.00,29446.50,29443.25,29444.50,167,29444.50,29444.50,0.00
2026-08-19 10:20:28,29443.75,29448.50,29443.75,29447.75,147,29447.75,29447.75,0.00
2026-08-19 10:20:29,29447.50,29453.25,29447.50,29452.00,211,29452.00,29452.00,0.00
2026-08-19 10:20:30,29452.25,29452.50,29450.50,29450.75,132,29450.75,29450.75,0.00
2026-08-19 10:20:31,29451.00,29456.25,29450.50,29456.25,210,29456.25,29456.25,0.00
2026-08-19 10:20:32,29456.25,29457.00,29452.00,29453.50,222,29453.50,29453.50,0.00
2026-08-19 10:20:33,29453.25,29453.75,29450.25,29451.50,137,29451.50,29451.50,0.00
2026-08-19 10:20:34,29452.25,29453.50,29451.00,29451.00,178,29451.00,29451.00,0.00
2026-08-19 10:20:35,29451.50,29452.00,29448.25,29448.50,127,29448.50,29448.50,0.00
2026-08-19 10:20:36,29448.00,29448.50,29446.75,29447.50,116,29447.50,29447.50,0.00
2026-08-19 10:20:37,29447.25,29449.00,29446.50,29447.25,81,29447.25,29447.25,0.00
2026-08-19 10:20:38,29447.25,29449.50,29446.50,29447.75,98,29447.75,29447.75,0.00
2026-08-19 10:20:39,29448.00,29450.00,29447.75,29448.00,59,29448.00,29448.00,0.00
2026-08-19 10:20:40,29447.25,29447.25,29444.50,29445.25,112,29445.25,29445.25,0.00
2026-08-19 10:20:41,29445.25,29447.75,29442.50,29446.50,112,29446.50,29446.50,0.00
2026-08-19 10:20:42,29446.25,29448.75,29445.25,29447.25,86,29447.25,29447.25,0.00
2026-08-19 10:20:43,29447.50,29451.25,29447.25,29448.75,84,29448.75,29448.75,0.00
2026-08-19 10:20:44,29448.75,29451.00,29448.75,29450.75,49,29450.75,29450.75,0.00
2026-08-19 10:20:45,29451.25,29453.50,29449.75,29450.25,84,29450.25,29450.25,0.00
2026-08-19 10:20:46,29450.25,29450.75,29447.50,29450.75,124,29450.75,29450.75,0.00
2026-08-19 10:20:47,29451.25,29453.00,29449.75,29452.50,61,29452.50,29452.50,0.00
2026-08-19 10:20:48,29452.00,29452.50,29450.75,29452.00,114,29452.00,29452.00,0.00
2026-08-19 10:20:49,29452.00,29453.00,29451.00,29452.25,83,29452.25,29452.25,0.00
2026-08-19 10:20:50,29452.00,29453.00,29449.50,29450.75,99,29450.75,29450.75,0.00
2026-08-19 10:20:51,29450.00,29450.75,29449.00,29449.50,70,29449.50,29449.50,0.00
2026-08-19 10:20:52,29448.75,29453.50,29448.75,29451.25,79,29451.25,29451.25,0.00
2026-08-19 10:20:53,29451.50,29452.50,29450.75,29452.00,45,29452.00,29452.00,0.00
2026-08-19 10:20:54,29451.75,29454.25,29451.25,29451.75,117,29451.75,29451.75,0.00
2026-08-19 10:20:55,29452.00,29452.75,29451.00,29451.00,68,29451.00,29451.00,0.00
2026-08-19 10:20:56,29451.75,29452.00,29451.00,29451.75,54,29451.75,29451.75,0.00
2026-08-19 10:20:57,29451.75,29454.00,29451.75,29454.00,64,29454.00,29454.00,0.00
2026-08-19 10:20:58,29454.25,29454.50,29453.50,29454.25,37,29454.25,29454.25,0.00
2026-08-19 10:20:59,29453.75,29455.00,29451.75,29452.25,78,29452.25,29452.25,0.00
2026-08-19 10:21:00,29452.25,29454.75,29448.25,29449.00,133,29449.00,29449.00,0.00
2026-08-19 10:21:01,29448.75,29451.75,29447.25,29451.00,157,29451.00,29451.00,0.00
2026-08-19 10:21:02,29450.75,29453.75,29448.50,29448.75,131,29448.75,29448.75,0.00
2026-08-19 10:21:03,29449.25,29450.50,29446.00,29446.75,171,29446.75,29446.75,0.00
2026-08-19 10:21:04,29447.00,29448.75,29445.00,29445.75,171,29445.75,29445.75,0.00
2026-08-19 10:21:05,29445.75,29449.25,29443.50,29448.25,215,29448.25,29448.25,0.00
2026-08-19 10:21:06,29448.00,29449.75,29447.25,29448.00,116,29448.00,29448.00,0.00
2026-08-19 10:21:07,29446.75,29449.00,29446.25,29448.25,95,29448.25,29448.25,0.00
2026-08-19 10:21:08,29447.50,29451.75,29447.50,29450.00,88,29450.00,29450.00,0.00
2026-08-19 10:21:09,29449.25,29450.00,29447.75,29449.75,85,29449.75,29449.75,0.00
2026-08-19 10:21:10,29449.25,29451.25,29449.00,29450.00,82,29450.00,29450.00,0.00
2026-08-19 10:21:11,29450.25,29452.00,29448.00,29448.25,66,29448.25,29448.25,0.00
2026-08-19 10:21:12,29448.50,29450.25,29447.75,29449.50,83,29449.50,29449.50,0.00
2026-08-19 10:21:13,29450.00,29450.00,29442.50,29442.50,162,29442.50,29442.50,0.00
2026-08-19 10:21:14,29442.25,29442.25,29438.00,29439.25,210,29439.25,29439.25,0.00
2026-08-19 10:21:15,29439.00,29443.75,29438.50,29442.75,137,29442.75,29442.75,0.00
2026-08-19 10:21:16,29443.25,29443.50,29440.00,29441.00,87,29441.00,29441.00,0.00
2026-08-19 10:21:17,29441.00,29441.25,29437.25,29441.00,160,29441.00,29441.00,0.00
2026-08-19 10:21:18,29440.00,29443.00,29439.50,29440.25,72,29440.25,29440.25,0.00
2026-08-19 10:21:19,29439.50,29441.00,29439.00,29441.00,92,29441.00,29441.00,0.00
2026-08-19 10:21:20,29441.50,29442.75,29438.75,29440.25,93,29440.25,29440.25,0.00
2026-08-19 10:21:21,29440.50,29440.75,29437.00,29438.50,127,29438.50,29438.50,0.00
2026-08-19 10:21:22,29438.25,29438.50,29434.00,29437.00,199,29437.00,29437.00,0.00
2026-08-19 10:21:23,29436.50,29437.75,29434.00,29437.25,115,29437.25,29437.25,0.00
2026-08-19 10:21:24,29437.00,29439.00,29434.75,29435.00,156,29435.00,29435.00,0.00
2026-08-19 10:21:25,29436.00,29436.00,29428.75,29432.00,405,29432.00,29432.00,0.00
2026-08-19 10:21:26,29431.25,29432.25,29428.50,29429.50,131,29429.50,29429.50,0.00
2026-08-19 10:21:27,29429.25,29432.25,29429.25,29431.25,152,29431.25,29431.25,0.00
2026-08-19 10:21:28,29432.00,29433.50,29431.25,29432.75,105,29432.75,29432.75,0.00
2026-08-19 10:21:29,29432.75,29435.75,29432.75,29434.50,119,29434.50,29434.50,0.00
2026-08-19 10:21:30,29434.25,29434.25,29428.25,29430.00,134,29430.00,29430.00,0.00
2026-08-19 10:21:31,29429.25,29430.50,29427.75,29428.25,173,29428.25,29428.25,0.00
2026-08-19 10:21:32,29428.50,29431.25,29428.50,29431.25,91,29431.25,29431.25,0.00
2026-08-19 10:21:33,29431.25,29432.50,29428.75,29432.50,130,29432.50,29432.50,0.00
2026-08-19 10:21:34,29432.75,29433.00,29430.50,29431.25,92,29431.25,29431.25,0.00
2026-08-19 10:21:35,29431.25,29431.25,29426.75,29428.00,144,29428.00,29428.00,0.00
2026-08-19 10:21:36,29428.25,29431.25,29428.25,29430.50,104,29430.50,29430.50,0.00
2026-08-19 10:21:37,29430.50,29431.50,29428.25,29428.75,103,29428.75,29428.75,0.00
2026-08-19 10:21:38,29428.75,29429.50,29419.75,29420.50,276,29420.50,29420.50,0.00
2026-08-19 10:21:39,29420.75,29421.50,29416.75,29417.50,257,29417.50,29417.50,0.00
2026-08-19 10:21:40,29417.50,29417.75,29414.25,29415.25,196,29415.25,29415.25,0.00
2026-08-19 10:21:41,29415.00,29415.25,29400.25,29407.50,1224,29407.50,29407.50,0.00
2026-08-19 10:21:42,29408.00,29410.00,29405.75,29407.75,413,29407.75,29407.75,0.00
2026-08-19 10:21:43,29408.25,29411.50,29406.25,29407.50,209,29407.50,29407.50,0.00
2026-08-19 10:21:44,29407.75,29407.75,29404.00,29406.00,132,29406.00,29406.00,0.00
2026-08-19 10:21:45,29406.25,29407.00,29404.00,29407.00,122,29407.00,29407.00,0.00
2026-08-19 10:21:46,29406.75,29409.00,29406.50,29408.25,131,29408.25,29408.25,0.00
2026-08-19 10:21:47,29408.00,29410.75,29407.00,29410.75,113,29410.75,29410.75,0.00
2026-08-19 10:21:48,29411.00,29413.75,29410.50,29413.00,146,29413.00,29413.00,0.00
2026-08-19 10:21:49,29413.00,29416.25,29412.00,29416.00,140,29416.00,29416.00,0.00
2026-08-19 10:21:50,29416.25,29417.25,29414.00,29416.75,134,29416.75,29416.75,0.00
2026-08-19 10:21:51,29416.75,29420.00,29416.75,29418.00,162,29418.00,29418.00,0.00
2026-08-19 10:21:52,29417.50,29421.25,29416.75,29418.00,205,29418.00,29418.00,0.00
2026-08-19 10:21:53,29418.00,29419.00,29416.50,29416.75,106,29416.75,29416.75,0.00
2026-08-19 10:21:54,29416.75,29416.75,29413.25,29414.25,154,29414.25,29414.25,0.00
2026-08-19 10:21:55,29414.00,29418.50,29413.00,29418.50,87,29418.50,29418.50,0.00
2026-08-19 10:21:56,29419.00,29420.00,29415.75,29416.50,116,29416.50,29416.50,0.00
2026-08-19 10:21:57,29416.00,29416.50,29413.50,29414.00,71,29414.00,29414.00,0.00
2026-08-19 10:21:58,29414.25,29415.50,29413.50,29414.00,66,29414.00,29414.00,0.00
2026-08-19 10:21:59,29414.00,29417.00,29412.25,29412.75,133,29412.75,29412.75,0.00
2026-08-19 10:22:00,29411.75,29413.75,29411.25,29412.75,101,29412.75,29412.75,0.00
2026-08-19 10:22:01,29413.00,29413.00,29411.25,29412.50,101,29412.50,29412.50,0.00
2026-08-19 10:22:02,29412.00,29412.75,29409.50,29410.00,142,29410.00,29410.00,0.00
2026-08-19 10:22:03,29410.25,29412.75,29410.25,29411.00,132,29411.00,29411.00,0.00
2026-08-19 10:22:04,29411.00,29414.75,29410.50,29413.00,194,29413.00,29413.00,0.00
2026-08-19 10:22:05,29412.75,29413.00,29408.00,29408.50,168,29408.50,29408.50,0.00
2026-08-19 10:22:06,29408.50,29414.50,29408.50,29414.25,137,29414.25,29414.25,0.00
2026-08-19 10:22:07,29414.25,29416.75,29412.50,29413.25,220,29413.25,29413.25,0.00
2026-08-19 10:22:08,29413.75,29413.75,29408.75,29408.75,165,29408.75,29408.75,0.00
2026-08-19 10:22:09,29409.00,29409.75,29406.50,29407.50,117,29407.50,29407.50,0.00
2026-08-19 10:22:10,29406.25,29410.00,29406.00,29407.25,152,29407.25,29407.25,0.00
2026-08-19 10:22:11,29408.00,29408.00,29400.50,29402.25,324,29402.25,29402.25,0.00
2026-08-19 10:22:12,29402.50,29404.25,29401.50,29403.25,202,29403.25,29403.25,0.00
2026-08-19 10:22:13,29403.50,29404.25,29400.00,29401.75,215,29401.75,29401.75,0.00
2026-08-19 10:22:14,29402.00,29402.25,29398.00,29399.00,250,29399.00,29399.00,0.00
2026-08-19 10:22:15,29399.00,29400.75,29396.25,29397.25,253,29397.25,29397.25,0.00
2026-08-19 10:22:16,29397.25,29400.25,29396.50,29397.50,257,29397.50,29397.50,0.00
2026-08-19 10:22:17,29397.25,29399.50,29397.25,29398.25,245,29398.25,29398.25,0.00
2026-08-19 10:22:18,29398.00,29399.50,29395.50,29397.50,181,29397.50,29397.50,0.00
2026-08-19 10:22:19,29397.25,29398.50,29395.75,29396.25,111,29396.25,29396.25,0.00
2026-08-19 10:22:20,29396.25,29397.50,29394.50,29395.50,247,29395.50,29395.50,0.00
2026-08-19 10:22:21,29396.00,29397.75,29395.50,29396.75,104,29396.75,29396.75,0.00
2026-08-19 10:22:22,29396.50,29398.25,29395.00,29396.50,201,29396.50,29396.50,0.00
2026-08-19 10:22:23,29396.25,29396.50,29393.25,29394.50,192,29394.50,29394.50,0.00
2026-08-19 10:22:24,29394.25,29396.50,29391.75,29393.75,170,29393.75,29393.75,0.00
2026-08-19 10:22:25,29394.25,29394.25,29391.00,29391.75,206,29391.75,29391.75,0.00
2026-08-19 10:22:26,29391.75,29391.75,29388.25,29389.50,309,29389.50,29389.50,0.00
2026-08-19 10:22:27,29389.25,29391.00,29387.50,29389.25,193,29389.25,29389.25,0.00
2026-08-19 10:22:28,29389.25,29390.25,29385.25,29386.75,283,29386.75,29386.75,0.00
2026-08-19 10:22:29,29386.25,29389.50,29385.50,29389.50,181,29389.50,29389.50,0.00
2026-08-19 10:22:30,29389.50,29396.50,29389.00,29395.50,288,29395.50,29395.50,0.00
2026-08-19 10:22:31,29394.75,29404.25,29393.50,29401.25,378,29401.25,29401.25,0.00
2026-08-19 10:22:32,29401.75,29411.75,29401.75,29411.25,352,29411.25,29411.25,0.00
2026-08-19 10:22:33,29411.50,29415.50,29411.25,29415.00,377,29415.00,29415.00,0.00
2026-08-19 10:22:34,29415.00,29416.00,29411.25,29413.75,301,29413.75,29413.75,0.00
2026-08-19 10:22:35,29414.00,29419.50,29411.50,29419.25,238,29419.25,29419.25,0.00
2026-08-19 10:22:36,29419.50,29421.25,29417.50,29417.75,310,29417.75,29417.75,0.00
2026-08-19 10:22:37,29417.25,29419.00,29413.50,29416.50,256,29416.50,29416.50,0.00
2026-08-19 10:22:38,29417.25,29419.00,29415.75,29418.00,139,29418.00,29418.00,0.00
2026-08-19 10:22:39,29417.75,29424.25,29417.50,29423.50,258,29423.50,29423.50,0.00
2026-08-19 10:22:40,29423.50,29424.75,29419.00,29420.75,314,29420.75,29420.75,0.00
2026-08-19 10:22:41,29420.25,29424.50,29419.50,29424.50,180,29424.50,29424.50,0.00
2026-08-19 10:22:42,29424.75,29425.50,29422.50,29424.50,219,29424.50,29424.50,0.00
2026-08-19 10:22:43,29424.75,29425.00,29419.25,29421.75,227,29421.75,29421.75,0.00
2026-08-19 10:22:44,29422.00,29422.00,29414.50,29415.00,226,29415.00,29415.00,0.00
2026-08-19 10:22:45,29415.25,29416.50,29411.50,29412.75,187,29412.75,29412.75,0.00
2026-08-19 10:22:46,29413.75,29415.50,29411.50,29412.00,198,29412.00,29412.00,0.00
2026-08-19 10:22:47,29412.25,29413.00,29411.00,29412.00,176,29412.00,29412.00,0.00
2026-08-19 10:22:48,29411.50,29411.50,29406.00,29410.25,247,29410.25,29410.25,0.00
2026-08-19 10:22:49,29409.75,29410.75,29406.50,29407.25,146,29407.25,29407.25,0.00
2026-08-19 10:22:50,29407.25,29409.25,29405.50,29407.25,136,29407.25,29407.25,0.00
2026-08-19 10:22:51,29407.75,29408.00,29404.00,29405.00,161,29405.00,29405.00,0.00
2026-08-19 10:22:52,29405.00,29405.00,29398.50,29402.75,242,29402.75,29402.75,0.00
2026-08-19 10:22:53,29403.00,29404.50,29401.25,29401.50,137,29401.50,29401.50,0.00
2026-08-19 10:22:54,29401.25,29404.00,29400.50,29403.25,104,29403.25,29403.25,0.00
2026-08-19 10:22:55,29403.75,29404.50,29402.00,29403.75,101,29403.75,29403.75,0.00
2026-08-19 10:22:56,29403.00,29404.00,29400.00,29400.50,104,29400.50,29400.50,0.00
2026-08-19 10:22:57,29401.25,29404.25,29400.75,29403.00,94,29403.00,29403.00,0.00
2026-08-19 10:22:58,29402.50,29402.75,29398.25,29398.75,137,29398.75,29398.75,0.00
2026-08-19 10:22:59,29398.50,29399.50,29395.00,29398.75,215,29398.75,29398.75,0.00
2026-08-19 10:23:00,29398.75,29401.00,29398.75,29400.25,55,29400.25,29400.25,0.00
2026-08-19 10:23:01,29400.00,29400.00,29396.25,29397.00,206,29397.00,29397.00,0.00
2026-08-19 10:23:02,29397.75,29398.00,29393.75,29397.75,202,29397.75,29397.75,0.00
2026-08-19 10:23:03,29397.25,29402.75,29397.25,29401.75,300,29401.75,29401.75,0.00
2026-08-19 10:23:04,29402.25,29402.75,29400.25,29402.25,184,29402.25,29402.25,0.00
2026-08-19 10:23:05,29402.00,29404.25,29400.00,29402.50,187,29402.50,29402.50,0.00
2026-08-19 10:23:06,29402.25,29404.75,29401.00,29404.00,153,29404.00,29404.00,0.00
2026-08-19 10:23:07,29403.50,29404.25,29402.25,29403.50,113,29403.50,29403.50,0.00
2026-08-19 10:23:08,29403.75,29403.75,29398.75,29401.50,171,29401.50,29401.50,0.00
2026-08-19 10:23:09,29402.00,29404.00,29399.25,29403.00,165,29403.00,29403.00,0.00
2026-08-19 10:23:10,29403.25,29406.75,29402.75,29406.50,183,29406.50,29406.50,0.00
2026-08-19 10:23:11,29406.50,29408.00,29404.75,29407.00,105,29407.00,29407.00,0.00
2026-08-19 10:23:12,29406.50,29406.75,29402.50,29403.75,189,29403.75,29403.75,0.00
2026-08-19 10:23:13,29404.25,29405.75,29403.50,29405.75,117,29405.75,29405.75,0.00
2026-08-19 10:23:14,29405.75,29406.50,29405.00,29405.25,81,29405.25,29405.25,0.00
2026-08-19 10:23:15,29405.25,29406.25,29403.75,29404.75,89,29404.75,29404.75,0.00
2026-08-19 10:23:16,29405.25,29405.75,29404.25,29405.50,81,29405.50,29405.50,0.00
2026-08-19 10:23:17,29406.00,29406.50,29404.50,29406.25,63,29406.25,29406.25,0.00
2026-08-19 10:23:18,29405.75,29413.50,29405.75,29412.75,292,29412.75,29412.75,0.00
2026-08-19 10:23:19,29412.75,29414.50,29411.00,29413.50,134,29413.50,29413.50,0.00
2026-08-19 10:23:20,29413.25,29414.00,29411.00,29413.00,116,29413.00,29413.00,0.00
2026-08-19 10:23:21,29412.75,29417.25,29411.75,29416.25,165,29416.25,29416.25,0.00
2026-08-19 10:23:22,29416.25,29417.25,29414.25,29415.75,124,29415.75,29415.75,0.00
2026-08-19 10:23:23,29415.50,29415.75,29413.75,29414.50,105,29414.50,29414.50,0.00
2026-08-19 10:23:24,29415.75,29420.75,29414.25,29420.75,268,29420.75,29420.75,0.00
2026-08-19 10:23:25,29421.25,29421.50,29416.00,29417.75,184,29417.75,29417.75,0.00
2026-08-19 10:23:26,29418.25,29418.25,29415.25,29417.75,138,29417.75,29417.75,0.00
2026-08-19 10:23:27,29417.25,29419.25,29416.50,29418.50,86,29418.50,29418.50,0.00
2026-08-19 10:23:28,29419.00,29427.00,29418.25,29424.75,321,29424.75,29424.75,0.00
2026-08-19 10:23:29,29424.50,29425.75,29422.50,29423.50,138,29423.50,29423.50,0.00
2026-08-19 10:23:30,29423.25,29425.25,29422.50,29422.75,84,29422.75,29422.75,0.00
2026-08-19 10:23:31,29423.75,29426.00,29422.00,29424.50,166,29424.50,29424.50,0.00
2026-08-19 10:23:32,29424.50,29427.25,29424.50,29426.50,134,29426.50,29426.50,0.00
2026-08-19 10:23:33,29425.75,29428.50,29424.75,29427.50,127,29427.50,29427.50,0.00
2026-08-19 10:23:34,29427.25,29429.75,29424.50,29429.50,235,29429.50,29429.50,0.00
2026-08-19 10:23:35,29429.75,29432.50,29428.75,29429.75,372,29429.75,29429.75,0.00
2026-08-19 10:23:36,29429.50,29430.50,29425.75,29426.25,138,29426.25,29426.25,0.00
2026-08-19 10:23:37,29426.50,29431.00,29426.00,29431.00,200,29431.00,29431.00,0.00
2026-08-19 10:23:38,29430.75,29431.50,29426.75,29426.75,125,29426.75,29426.75,0.00
2026-08-19 10:23:39,29426.75,29427.50,29422.00,29423.25,138,29423.25,29423.25,0.00
2026-08-19 10:23:40,29423.25,29424.25,29418.50,29418.75,168,29418.75,29418.75,0.00
2026-08-19 10:23:41,29418.25,29422.00,29417.00,29421.75,163,29421.75,29421.75,0.00
2026-08-19 10:23:42,29421.25,29422.50,29419.25,29420.25,129,29420.25,29420.25,0.00
2026-08-19 10:23:43,29420.25,29420.25,29416.75,29416.75,159,29416.75,29416.75,0.00
2026-08-19 10:23:44,29417.00,29422.00,29416.00,29419.00,95,29419.00,29419.00,0.00
2026-08-19 10:23:45,29419.25,29419.25,29417.00,29418.50,113,29418.50,29418.50,0.00
2026-08-19 10:23:46,29417.25,29420.75,29417.25,29420.00,71,29420.00,29420.00,0.00
2026-08-19 10:23:47,29419.75,29419.75,29416.25,29417.00,82,29417.00,29417.00,0.00
2026-08-19 10:23:48,29417.25,29421.00,29416.50,29420.00,64,29420.00,29420.00,0.00
2026-08-19 10:23:49,29420.25,29421.75,29419.00,29420.50,64,29420.50,29420.50,0.00
2026-08-19 10:23:50,29420.00,29422.75,29416.50,29421.75,173,29421.75,29421.75,0.00
2026-08-19 10:23:51,29421.75,29422.50,29421.00,29421.50,108,29421.50,29421.50,0.00
2026-08-19 10:23:52,29421.75,29424.00,29421.50,29421.50,94,29421.50,29421.50,0.00
2026-08-19 10:23:53,29421.25,29423.25,29419.75,29423.25,104,29423.25,29423.25,0.00
2026-08-19 10:23:54,29423.25,29423.50,29421.75,29423.00,53,29423.00,29423.00,0.00
2026-08-19 10:23:55,29423.25,29423.25,29420.50,29421.00,57,29421.00,29421.00,0.00
2026-08-19 10:23:56,29421.00,29421.00,29418.25,29420.50,128,29420.50,29420.50,0.00
2026-08-19 10:23:57,29420.75,29422.00,29419.25,29421.25,90,29421.25,29421.25,0.00
2026-08-19 10:23:58,29421.25,29421.75,29418.00,29418.50,134,29418.50,29418.50,0.00
2026-08-19 10:23:59,29418.75,29419.50,29417.50,29419.00,70,29419.00,29419.00,0.00
2026-08-19 10:24:00,29419.25,29422.25,29416.75,29418.75,156,29418.75,29418.75,0.00
2026-08-19 10:24:01,29419.25,29423.25,29417.25,29421.25,217,29421.25,29421.25,0.00
2026-08-19 10:24:02,29421.25,29423.00,29420.00,29421.25,170,29421.25,29421.25,0.00
2026-08-19 10:24:03,29421.50,29423.75,29420.00,29422.50,208,29422.50,29422.50,0.00
2026-08-19 10:24:04,29422.25,29422.50,29418.75,29422.25,162,29422.25,29422.25,0.00
2026-08-19 10:24:05,29422.50,29429.75,29422.25,29426.00,377,29426.00,29426.00,0.00
2026-08-19 10:24:06,29426.00,29427.75,29423.00,29423.75,180,29423.75,29423.75,0.00
2026-08-19 10:24:07,29423.50,29424.25,29417.50,29417.50,176,29417.50,29417.50,0.00
2026-08-19 10:24:08,29418.00,29421.00,29417.00,29417.75,137,29417.75,29417.75,0.00
2026-08-19 10:24:09,29418.00,29418.00,29415.00,29416.00,182,29416.00,29416.00,0.00
2026-08-19 10:24:10,29416.00,29416.25,29413.50,29415.00,185,29415.00,29415.00,0.00
2026-08-19 10:24:11,29415.25,29415.50,29408.75,29412.75,302,29412.75,29412.75,0.00
2026-08-19 10:24:12,29412.50,29415.00,29411.50,29413.75,234,29413.75,29413.75,0.00
2026-08-19 10:24:13,29413.00,29416.00,29412.50,29415.75,97,29415.75,29415.75,0.00
2026-08-19 10:24:14,29415.50,29417.25,29413.50,29415.25,140,29415.25,29415.25,0.00
2026-08-19 10:24:15,29415.50,29417.75,29412.75,29414.00,155,29414.00,29414.00,0.00
2026-08-19 10:24:16,29414.25,29417.00,29411.75,29412.00,182,29412.00,29412.00,0.00
2026-08-19 10:24:17,29412.00,29414.75,29410.00,29411.00,196,29411.00,29411.00,0.00
2026-08-19 10:24:18,29411.00,29411.25,29409.75,29411.00,71,29411.00,29411.00,0.00
2026-08-19 10:24:19,29411.25,29415.75,29410.50,29414.00,165,29414.00,29414.00,0.00
2026-08-19 10:24:20,29413.75,29416.50,29412.50,29415.00,133,29415.00,29415.00,0.00
2026-08-19 10:24:21,29415.50,29419.00,29414.75,29415.00,186,29415.00,29415.00,0.00
2026-08-19 10:24:22,29415.50,29419.00,29415.25,29417.50,74,29417.50,29417.50,0.00
2026-08-19 10:24:23,29417.00,29417.75,29415.00,29416.00,92,29416.00,29416.00,0.00
2026-08-19 10:24:24,29415.50,29416.50,29413.25,29414.00,46,29414.00,29414.00,0.00
2026-08-19 10:24:25,29414.50,29418.50,29414.50,29418.25,116,29418.25,29418.25,0.00
2026-08-19 10:24:26,29417.50,29421.50,29417.00,29420.50,158,29420.50,29420.50,0.00
2026-08-19 10:24:27,29420.75,29422.50,29417.25,29420.00,150,29420.00,29420.00,0.00
2026-08-19 10:24:28,29420.50,29422.25,29420.00,29420.75,76,29420.75,29420.75,0.00
2026-08-19 10:24:29,29420.50,29423.50,29420.50,29421.25,108,29421.25,29421.25,0.00
2026-08-19 10:24:30,29421.25,29423.75,29420.75,29422.75,81,29422.75,29422.75,0.00
2026-08-19 10:24:31,29423.00,29427.50,29423.00,29425.75,204,29425.75,29425.75,0.00
2026-08-19 10:24:32,29425.25,29425.50,29423.25,29425.00,101,29425.00,29425.00,0.00
2026-08-19 10:24:33,29425.00,29429.25,29424.25,29429.25,130,29429.25,29429.25,0.00
2026-08-19 10:24:34,29429.00,29430.00,29426.75,29427.50,107,29427.50,29427.50,0.00
2026-08-19 10:24:35,29427.50,29428.25,29425.25,29425.75,115,29425.75,29425.75,0.00
2026-08-19 10:24:36,29426.00,29427.00,29423.50,29424.25,140,29424.25,29424.25,0.00
2026-08-19 10:24:37,29425.00,29430.25,29424.25,29430.25,76,29430.25,29430.25,0.00
2026-08-19 10:24:38,29429.00,29429.75,29426.50,29427.25,53,29427.25,29427.25,0.00
2026-08-19 10:24:39,29427.75,29431.25,29427.75,29428.75,161,29428.75,29428.75,0.00
2026-08-19 10:24:40,29429.00,29429.00,29426.50,29428.00,85,29428.00,29428.00,0.00
2026-08-19 10:24:41,29427.50,29427.75,29421.50,29424.25,165,29424.25,29424.25,0.00
2026-08-19 10:24:42,29423.25,29423.25,29416.75,29417.50,222,29417.50,29417.50,0.00
2026-08-19 10:24:43,29417.50,29418.75,29416.00,29418.00,111,29418.00,29418.00,0.00
2026-08-19 10:24:44,29418.00,29418.25,29413.00,29413.75,147,29413.75,29413.75,0.00
2026-08-19 10:24:45,29413.50,29414.75,29410.00,29411.25,162,29411.25,29411.25,0.00
2026-08-19 10:24:46,29411.50,29411.50,29407.25,29410.75,323,29410.75,29410.75,0.00
2026-08-19 10:24:47,29411.00,29415.00,29410.50,29414.00,120,29414.00,29414.00,0.00
2026-08-19 10:24:48,29413.75,29415.50,29413.25,29413.75,92,29413.75,29413.75,0.00
2026-08-19 10:24:49,29413.75,29418.00,29413.00,29418.00,156,29418.00,29418.00,0.00
2026-08-19 10:24:50,29418.00,29419.25,29416.25,29419.25,113,29419.25,29419.25,0.00
2026-08-19 10:24:51,29419.25,29420.75,29417.50,29420.25,199,29420.25,29420.25,0.00
2026-08-19 10:24:52,29420.75,29422.75,29419.25,29421.50,151,29421.50,29421.50,0.00
2026-08-19 10:24:53,29422.00,29422.75,29421.25,29422.25,116,29422.25,29422.25,0.00
2026-08-19 10:24:54,29422.00,29423.75,29420.75,29422.50,95,29422.50,29422.50,0.00
2026-08-19 10:24:55,29423.75,29426.50,29423.50,29425.00,84,29425.00,29425.00,0.00
2026-08-19 10:24:56,29424.75,29425.50,29423.75,29424.50,71,29424.50,29424.50,0.00
2026-08-19 10:24:57,29424.25,29425.25,29421.75,29421.75,72,29421.75,29421.75,0.00
2026-08-19 10:24:58,29422.25,29424.00,29422.25,29424.00,64,29424.00,29424.00,0.00
2026-08-19 10:24:59,29423.00,29425.25,29416.25,29416.75,156,29416.75,29416.75,0.00
2026-08-19 10:25:00,29417.00,29417.00,29413.25,29414.75,97,29414.75,29414.75,0.00
2026-08-19 10:25:01,29414.50,29414.50,29409.00,29411.75,268,29411.75,29411.75,0.00
2026-08-19 10:25:02,29412.25,29417.25,29412.00,29415.25,154,29415.25,29415.25,0.00
2026-08-19 10:25:03,29414.75,29415.25,29412.00,29414.25,93,29414.25,29414.25,0.00
2026-08-19 10:25:04,29414.25,29417.50,29413.75,29416.00,111,29416.00,29416.00,0.00
2026-08-19 10:25:05,29416.00,29418.75,29415.00,29416.25,120,29416.25,29416.25,0.00
2026-08-19 10:25:06,29415.50,29424.75,29415.50,29422.75,186,29422.75,29422.75,0.00
2026-08-19 10:25:07,29422.75,29423.75,29420.25,29422.25,97,29422.25,29422.25,0.00
2026-08-19 10:25:08,29422.75,29425.25,29421.50,29423.00,110,29423.00,29423.00,0.00
2026-08-19 10:25:09,29423.25,29423.25,29417.00,29417.50,176,29417.50,29417.50,0.00
2026-08-19 10:25:10,29417.25,29419.25,29416.75,29417.75,61,29417.75,29417.75,0.00
2026-08-19 10:25:11,29417.75,29422.75,29417.75,29422.00,146,29422.00,29422.00,0.00
2026-08-19 10:25:12,29422.00,29422.25,29420.25,29420.25,55,29420.25,29420.25,0.00
2026-08-19 10:25:13,29420.50,29420.50,29419.00,29419.75,92,29419.75,29419.75,0.00
2026-08-19 10:25:14,29419.00,29420.25,29416.00,29416.50,110,29416.50,29416.50,0.00
2026-08-19 10:25:15,29415.50,29415.75,29412.50,29413.00,139,29413.00,29413.00,0.00
2026-08-19 10:25:16,29413.50,29413.75,29409.25,29410.50,143,29410.50,29410.50,0.00
2026-08-19 10:25:17,29410.75,29415.25,29409.25,29415.00,91,29415.00,29415.00,0.00
2026-08-19 10:25:18,29415.00,29416.75,29414.00,29415.75,80,29415.75,29415.75,0.00
2026-08-19 10:25:19,29415.50,29415.75,29412.50,29413.50,77,29413.50,29413.50,0.00
2026-08-19 10:25:20,29412.75,29413.75,29410.50,29413.25,121,29413.25,29413.25,0.00
2026-08-19 10:25:21,29412.75,29413.00,29411.75,29411.75,43,29411.75,29411.75,0.00
2026-08-19 10:25:22,29411.75,29417.50,29411.75,29416.50,128,29416.50,29416.50,0.00
2026-08-19 10:25:23,29416.75,29418.00,29412.50,29414.25,361,29414.25,29414.25,0.00
2026-08-19 10:25:24,29414.50,29414.75,29411.25,29412.00,129,29412.00,29412.00,0.00
2026-08-19 10:25:25,29411.75,29413.25,29408.50,29409.50,158,29409.50,29409.50,0.00
2026-08-19 10:25:26,29409.50,29410.00,29407.25,29408.25,113,29408.25,29408.25,0.00
2026-08-19 10:25:27,29408.50,29409.75,29407.50,29409.50,99,29409.50,29409.50,0.00
2026-08-19 10:25:28,29409.00,29409.50,29406.00,29408.00,98,29408.00,29408.00,0.00
2026-08-19 10:25:29,29408.00,29408.25,29398.50,29400.00,456,29400.00,29400.00,0.00
2026-08-19 10:25:30,29399.75,29400.50,29397.50,29397.50,325,29397.50,29397.50,0.00
2026-08-19 10:25:31,29398.00,29399.00,29395.25,29396.00,208,29396.00,29396.00,0.00
2026-08-19 10:25:32,29396.50,29398.50,29395.50,29397.75,169,29397.75,29397.75,0.00
2026-08-19 10:25:33,29397.75,29399.00,29395.00,29395.75,197,29395.75,29395.75,0.00
2026-08-19 10:25:34,29396.25,29398.25,29396.25,29397.50,173,29397.50,29397.50,0.00
2026-08-19 10:25:35,29397.75,29398.00,29394.75,29395.75,166,29395.75,29395.75,0.00
2026-08-19 10:25:36,29396.25,29399.50,29396.25,29398.75,85,29398.75,29398.75,0.00
2026-08-19 10:25:37,29398.25,29400.75,29398.25,29400.75,88,29400.75,29400.75,0.00
2026-08-19 10:25:38,29400.00,29401.25,29398.75,29400.00,169,29400.00,29400.00,0.00
2026-08-19 10:25:39,29400.00,29402.25,29398.50,29401.50,199,29401.50,29401.50,0.00
2026-08-19 10:25:40,29401.50,29404.75,29400.75,29400.75,208,29400.75,29400.75,0.00
2026-08-19 10:25:41,29401.75,29405.00,29401.25,29401.25,139,29401.25,29401.25,0.00
2026-08-19 10:25:42,29402.00,29403.00,29399.50,29400.50,94,29400.50,29400.50,0.00
2026-08-19 10:25:43,29400.25,29402.25,29400.00,29401.00,54,29401.00,29401.00,0.00
2026-08-19 10:25:44,29401.25,29401.25,29398.75,29399.50,86,29399.50,29399.50,0.00
2026-08-19 10:25:45,29399.25,29400.25,29398.25,29398.25,63,29398.25,29398.25,0.00
2026-08-19 10:25:46,29398.75,29399.00,29397.00,29397.25,91,29397.25,29397.25,0.00
2026-08-19 10:25:47,29397.75,29399.75,29396.50,29398.75,84,29398.75,29398.75,0.00
2026-08-19 10:25:48,29398.50,29398.50,29397.00,29398.50,60,29398.50,29398.50,0.00
2026-08-19 10:25:49,29398.00,29399.75,29397.00,29399.00,97,29399.00,29399.00,0.00
2026-08-19 10:25:50,29399.25,29399.50,29397.75,29398.75,77,29398.75,29398.75,0.00
2026-08-19 10:25:51,29398.75,29401.50,29398.50,29400.50,106,29400.50,29400.50,0.00
2026-08-19 10:25:52,29400.25,29402.75,29398.00,29402.75,101,29402.75,29402.75,0.00
2026-08-19 10:25:53,29402.25,29403.25,29401.25,29402.25,169,29402.25,29402.25,0.00
2026-08-19 10:25:54,29402.00,29405.75,29402.00,29404.50,126,29404.50,29404.50,0.00
2026-08-19 10:25:55,29404.25,29404.50,29403.00,29403.50,96,29403.50,29403.50,0.00
2026-08-19 10:25:56,29403.00,29406.00,29401.00,29405.25,182,29405.25,29405.25,0.00
2026-08-19 10:25:57,29404.75,29406.50,29403.50,29406.00,105,29406.00,29406.00,0.00
2026-08-19 10:25:58,29405.50,29408.50,29405.00,29405.25,144,29405.25,29405.25,0.00
2026-08-19 10:25:59,29405.00,29405.50,29399.25,29401.75,130,29401.75,29401.75,0.00
2026-08-19 10:26:00,29402.00,29403.25,29401.50,29401.50,39,29401.50,29401.50,0.00
2026-08-19 10:26:01,29402.25,29411.25,29402.00,29411.00,258,29411.00,29411.00,0.00
2026-08-19 10:26:02,29411.75,29413.50,29408.00,29412.50,270,29412.50,29412.50,0.00
2026-08-19 10:26:03,29413.50,29415.75,29411.50,29414.75,244,29414.75,29414.75,0.00
2026-08-19 10:26:04,29415.25,29415.25,29411.25,29412.50,161,29412.50,29412.50,0.00
2026-08-19 10:26:05,29413.75,29419.25,29412.00,29417.75,198,29417.75,29417.75,0.00
2026-08-19 10:26:06,29418.00,29421.00,29415.75,29417.00,346,29417.00,29417.00,0.00
2026-08-19 10:26:07,29417.25,29417.50,29412.00,29413.50,178,29413.50,29413.50,0.00
2026-08-19 10:26:08,29413.50,29418.25,29412.00,29417.75,161,29417.75,29417.75,0.00
2026-08-19 10:26:09,29417.75,29419.50,29415.25,29418.00,173,29418.00,29418.00,0.00
2026-08-19 10:26:10,29417.75,29418.50,29416.50,29417.00,102,29417.00,29417.00,0.00
2026-08-19 10:26:11,29416.75,29418.75,29415.25,29417.00,218,29417.00,29417.00,0.00
2026-08-19 10:26:12,29417.00,29419.00,29415.50,29416.25,111,29416.25,29416.25,0.00
2026-08-19 10:26:13,29415.25,29415.50,29410.00,29411.75,250,29411.75,29411.75,0.00
2026-08-19 10:26:14,29412.50,29415.50,29411.75,29415.25,115,29415.25,29415.25,0.00
2026-08-19 10:26:15,29415.75,29420.00,29415.25,29417.75,151,29417.75,29417.75,0.00
2026-08-19 10:26:16,29417.25,29419.75,29415.75,29416.25,106,29416.25,29416.25,0.00
2026-08-19 10:26:17,29416.25,29421.75,29416.25,29419.75,182,29419.75,29419.75,0.00
2026-08-19 10:26:18,29420.75,29422.25,29419.75,29421.75,133,29421.75,29421.75,0.00
2026-08-19 10:26:19,29421.50,29422.75,29418.00,29421.00,278,29421.00,29421.00,0.00
2026-08-19 10:26:20,29421.50,29424.50,29421.50,29422.75,144,29422.75,29422.75,0.00
2026-08-19 10:26:21,29422.75,29425.75,29422.50,29423.25,131,29423.25,29423.25,0.00
2026-08-19 10:26:22,29423.25,29426.00,29422.75,29426.00,150,29426.00,29426.00,0.00
2026-08-19 10:26:23,29425.75,29427.00,29424.25,29424.50,91,29424.50,29424.50,0.00
2026-08-19 10:26:24,29424.00,29428.50,29423.75,29427.25,206,29427.25,29427.25,0.00
2026-08-19 10:26:25,29427.75,29427.75,29424.00,29424.00,115,29424.00,29424.00,0.00
2026-08-19 10:26:26,29424.25,29426.00,29423.00,29424.50,119,29424.50,29424.50,0.00
2026-08-19 10:26:27,29424.00,29427.25,29423.75,29426.75,105,29426.75,29426.75,0.00
2026-08-19 10:26:28,29427.25,29430.50,29427.00,29428.00,181,29428.00,29428.00,0.00
2026-08-19 10:26:29,29427.75,29429.00,29426.50,29427.75,123,29427.75,29427.75,0.00
2026-08-19 10:26:30,29427.00,29427.25,29417.25,29419.75,332,29419.75,29419.75,0.00
2026-08-19 10:26:31,29418.75,29419.50,29416.00,29416.25,134,29416.25,29416.25,0.00
2026-08-19 10:26:32,29416.25,29423.25,29414.00,29423.25,267,29423.25,29423.25,0.00
2026-08-19 10:26:33,29423.25,29423.25,29419.50,29421.00,91,29421.00,29421.00,0.00
2026-08-19 10:26:34,29421.50,29423.50,29419.75,29420.00,120,29420.00,29420.00,0.00
2026-08-19 10:26:35,29420.75,29421.75,29420.00,29420.75,96,29420.75,29420.75,0.00
2026-08-19 10:26:36,29420.75,29422.00,29416.50,29422.00,137,29422.00,29422.00,0.00
2026-08-19 10:26:37,29421.25,29423.75,29421.00,29423.50,92,29423.50,29423.50,0.00
2026-08-19 10:26:38,29422.25,29422.25,29412.75,29415.50,300,29415.50,29415.50,0.00
2026-08-19 10:26:39,29415.50,29416.00,29412.00,29412.25,110,29412.25,29412.25,0.00
2026-08-19 10:26:40,29412.50,29414.50,29411.75,29412.75,117,29412.75,29412.75,0.00
2026-08-19 10:26:41,29412.50,29414.00,29409.50,29413.00,182,29413.00,29413.00,0.00
2026-08-19 10:26:42,29413.00,29413.50,29409.00,29409.25,122,29409.25,29409.25,0.00
2026-08-19 10:26:43,29410.25,29410.50,29406.75,29409.50,211,29409.50,29409.50,0.00
2026-08-19 10:26:44,29409.25,29410.50,29406.00,29406.50,96,29406.50,29406.50,0.00
2026-08-19 10:26:45,29406.50,29406.75,29402.00,29406.75,211,29406.75,29406.75,0.00
2026-08-19 10:26:46,29406.25,29409.25,29405.50,29408.50,142,29408.50,29408.50,0.00
2026-08-19 10:26:47,29408.50,29412.75,29408.25,29411.00,146,29411.00,29411.00,0.00
2026-08-19 10:26:48,29411.50,29412.25,29407.75,29407.75,133,29407.75,29407.75,0.00
2026-08-19 10:26:49,29408.50,29410.25,29407.50,29408.00,100,29408.00,29408.00,0.00
2026-08-19 10:26:50,29407.75,29410.75,29407.75,29410.25,96,29410.25,29410.25,0.00
2026-08-19 10:26:51,29410.00,29413.50,29409.75,29409.75,66,29409.75,29409.75,0.00
2026-08-19 10:26:52,29410.00,29412.75,29410.00,29411.75,96,29411.75,29411.75,0.00
2026-08-19 10:26:53,29411.75,29412.00,29410.00,29410.50,49,29410.50,29410.50,0.00
2026-08-19 10:26:54,29410.75,29411.50,29408.00,29411.50,151,29411.50,29411.50,0.00
2026-08-19 10:26:55,29411.25,29413.75,29411.25,29413.25,125,29413.25,29413.25,0.00
2026-08-19 10:26:56,29413.00,29413.00,29410.50,29411.25,56,29411.25,29411.25,0.00
2026-08-19 10:26:57,29412.00,29412.00,29409.50,29410.50,86,29410.50,29410.50,0.00
2026-08-19 10:26:58,29410.50,29412.25,29409.50,29412.25,46,29412.25,29412.25,0.00
2026-08-19 10:26:59,29412.00,29414.50,29411.00,29413.25,115,29413.25,29413.25,0.00
2026-08-19 10:27:00,29414.25,29418.25,29414.25,29417.25,187,29417.25,29417.25,0.00
2026-08-19 10:27:01,29416.25,29417.50,29414.00,29414.00,109,29414.00,29414.00,0.00
2026-08-19 10:27:02,29413.75,29415.00,29412.00,29414.25,142,29414.25,29414.25,0.00
2026-08-19 10:27:03,29413.75,29417.50,29411.75,29416.75,157,29416.75,29416.75,0.00
2026-08-19 10:27:04,29417.00,29417.25,29414.75,29414.75,83,29414.75,29414.75,0.00
2026-08-19 10:27:05,29414.75,29420.50,29414.00,29419.00,236,29419.00,29419.00,0.00
2026-08-19 10:27:06,29419.50,29419.50,29416.25,29417.50,123,29417.50,29417.50,0.00
2026-08-19 10:27:07,29416.75,29421.50,29416.25,29421.25,116,29421.25,29421.25,0.00
2026-08-19 10:27:08,29421.75,29423.50,29417.75,29418.75,182,29418.75,29418.75,0.00
2026-08-19 10:27:09,29419.50,29419.50,29413.00,29415.75,132,29415.75,29415.75,0.00
2026-08-19 10:27:10,29415.75,29421.00,29415.50,29420.00,71,29420.00,29420.00,0.00
2026-08-19 10:27:11,29419.25,29421.75,29418.25,29421.25,74,29421.25,29421.25,0.00
2026-08-19 10:27:12,29421.25,29425.50,29420.75,29424.25,116,29424.25,29424.25,0.00
2026-08-19 10:27:13,29423.75,29426.25,29422.75,29424.75,130,29424.75,29424.75,0.00
2026-08-19 10:27:14,29424.00,29425.50,29421.00,29421.25,104,29421.25,29421.25,0.00
2026-08-19 10:27:15,29422.50,29423.00,29418.50,29423.00,67,29423.00,29423.00,0.00
2026-08-19 10:27:16,29423.00,29423.75,29422.00,29422.75,50,29422.75,29422.75,0.00
2026-08-19 10:27:17,29422.00,29422.00,29417.00,29419.25,107,29419.25,29419.25,0.00
2026-08-19 10:27:18,29419.25,29420.75,29418.25,29419.25,73,29419.25,29419.25,0.00
2026-08-19 10:27:19,29419.50,29421.25,29419.00,29419.25,69,29419.25,29419.25,0.00
2026-08-19 10:27:20,29419.50,29419.50,29416.00,29417.00,69,29417.00,29417.00,0.00
2026-08-19 10:27:21,29416.50,29419.25,29416.50,29418.50,63,29418.50,29418.50,0.00
2026-08-19 10:27:22,29419.00,29424.00,29419.00,29423.75,141,29423.75,29423.75,0.00
2026-08-19 10:27:23,29423.50,29425.25,29423.50,29424.75,175,29424.75,29424.75,0.00
2026-08-19 10:27:24,29424.75,29429.75,29424.50,29429.75,190,29429.75,29429.75,0.00
2026-08-19 10:27:25,29430.00,29433.75,29430.00,29433.50,312,29433.50,29433.50,0.00
2026-08-19 10:27:26,29433.75,29435.75,29433.25,29435.50,260,29435.50,29435.50,0.00
2026-08-19 10:27:27,29435.50,29436.00,29429.00,29430.50,160,29430.50,29430.50,0.00
2026-08-19 10:27:28,29430.50,29435.50,29430.00,29434.25,129,29434.25,29434.25,0.00
2026-08-19 10:27:29,29434.00,29439.00,29433.75,29436.50,271,29436.50,29436.50,0.00
2026-08-19 10:27:30,29436.50,29439.75,29436.50,29439.25,148,29439.25,29439.25,0.00
2026-08-19 10:27:31,29439.50,29441.25,29438.25,29440.75,284,29440.75,29440.75,0.00
2026-08-19 10:27:32,29440.75,29442.25,29439.50,29440.25,183,29440.25,29440.25,0.00
2026-08-19 10:27:33,29440.50,29443.50,29437.25,29438.50,181,29438.50,29438.50,0.00
2026-08-19 10:27:34,29439.75,29440.25,29437.50,29439.00,101,29439.00,29439.00,0.00
2026-08-19 10:27:35,29439.50,29440.75,29438.25,29438.50,113,29438.50,29438.50,0.00
2026-08-19 10:27:36,29438.75,29440.00,29436.00,29437.50,130,29437.50,29437.50,0.00
2026-08-19 10:27:37,29438.00,29440.25,29436.75,29439.50,125,29439.50,29439.50,0.00
2026-08-19 10:27:38,29439.25,29441.25,29438.50,29439.50,63,29439.50,29439.50,0.00
2026-08-19 10:27:39,29439.50,29439.50,29434.00,29434.00,153,29434.00,29434.00,0.00
2026-08-19 10:27:40,29434.50,29439.25,29434.50,29439.00,92,29439.00,29439.00,0.00
2026-08-19 10:27:41,29438.25,29438.75,29435.50,29437.50,120,29437.50,29437.50,0.00
2026-08-19 10:27:42,29437.75,29438.50,29436.25,29438.25,87,29438.25,29438.25,0.00
2026-08-19 10:27:43,29438.00,29439.75,29436.75,29439.75,44,29439.75,29439.75,0.00
2026-08-19 10:27:44,29440.00,29443.25,29440.00,29440.75,114,29440.75,29440.75,0.00
2026-08-19 10:27:45,29441.00,29442.75,29440.75,29441.75,117,29441.75,29441.75,0.00
2026-08-19 10:27:46,29441.00,29443.75,29440.50,29442.25,135,29442.25,29442.25,0.00
2026-08-19 10:27:47,29442.50,29444.50,29441.25,29443.75,151,29443.75,29443.75,0.00
2026-08-19 10:27:48,29443.75,29445.25,29443.00,29444.75,109,29444.75,29444.75,0.00
2026-08-19 10:27:49,29444.75,29445.75,29443.00,29445.50,93,29445.50,29445.50,0.00
2026-08-19 10:27:50,29444.75,29444.75,29442.25,29443.00,101,29443.00,29443.00,0.00
2026-08-19 10:27:51,29443.00,29444.50,29442.00,29443.75,137,29443.75,29443.75,0.00
2026-08-19 10:27:52,29443.50,29444.75,29442.75,29443.50,92,29443.50,29443.50,0.00
2026-08-19 10:27:53,29443.25,29444.00,29441.75,29443.25,67,29443.25,29443.25,0.00
2026-08-19 10:27:54,29443.00,29444.00,29441.75,29444.00,63,29444.00,29444.00,0.00
2026-08-19 10:27:55,29443.75,29444.00,29441.00,29443.00,81,29443.00,29443.00,0.00
2026-08-19 10:27:56,29443.25,29444.50,29441.50,29441.50,64,29441.50,29441.50,0.00
2026-08-19 10:27:57,29441.50,29445.00,29441.50,29443.50,82,29443.50,29443.50,0.00
2026-08-19 10:27:58,29443.25,29443.50,29441.25,29443.00,54,29443.00,29443.00,0.00
2026-08-19 10:27:59,29443.50,29445.25,29442.50,29443.25,87,29443.25,29443.25,0.00
2026-08-19 10:28:00,29443.75,29444.00,29441.25,29442.00,70,29442.00,29442.00,0.00
2026-08-19 10:28:01,29441.75,29443.00,29437.75,29441.75,237,29441.75,29441.75,0.00
2026-08-19 10:28:02,29442.25,29444.25,29441.75,29443.00,102,29443.00,29443.00,0.00
2026-08-19 10:28:03,29443.25,29443.25,29437.00,29442.00,269,29442.00,29442.00,0.00
2026-08-19 10:28:04,29442.00,29443.50,29441.75,29443.00,70,29443.00,29443.00,0.00
2026-08-19 10:28:05,29442.75,29443.50,29441.25,29442.50,66,29442.50,29442.50,0.00
2026-08-19 10:28:06,29442.25,29444.00,29438.75,29443.75,150,29443.75,29443.75,0.00
2026-08-19 10:28:07,29443.50,29445.00,29440.25,29444.50,79,29444.50,29444.50,0.00
2026-08-19 10:28:08,29445.00,29445.75,29441.50,29442.75,158,29442.75,29442.75,0.00
2026-08-19 10:28:09,29442.25,29446.00,29442.00,29444.75,119,29444.75,29444.75,0.00
2026-08-19 10:28:10,29445.25,29450.75,29444.50,29447.25,414,29447.25,29447.25,0.00
2026-08-19 10:28:11,29447.75,29450.00,29447.00,29449.50,116,29449.50,29449.50,0.00
2026-08-19 10:28:12,29449.25,29449.25,29447.25,29448.25,128,29448.25,29448.25,0.00
2026-08-19 10:28:13,29448.25,29449.25,29440.75,29442.25,175,29442.25,29442.25,0.00
2026-08-19 10:28:14,29442.25,29443.25,29440.00,29443.00,119,29443.00,29443.00,0.00
2026-08-19 10:28:15,29442.75,29447.00,29442.25,29444.25,84,29444.25,29444.25,0.00
2026-08-19 10:28:16,29444.75,29448.00,29444.00,29446.50,46,29446.50,29446.50,0.00
2026-08-19 10:28:17,29447.00,29447.25,29444.50,29446.75,51,29446.75,29446.75,0.00
2026-08-19 10:28:18,29447.00,29447.75,29445.50,29447.25,62,29447.25,29447.25,0.00
2026-08-19 10:28:19,29447.25,29449.25,29446.00,29446.75,65,29446.75,29446.75,0.00
2026-08-19 10:28:20,29446.50,29450.25,29446.25,29448.75,84,29448.75,29448.75,0.00
2026-08-19 10:28:21,29449.00,29452.25,29448.50,29450.50,179,29450.50,29450.50,0.00
2026-08-19 10:28:22,29450.25,29453.00,29450.25,29451.75,177,29451.75,29451.75,0.00
2026-08-19 10:28:23,29451.50,29453.50,29450.75,29451.75,141,29451.75,29451.75,0.00
2026-08-19 10:28:24,29451.50,29460.00,29451.25,29453.75,750,29453.75,29453.75,0.00
2026-08-19 10:28:25,29453.50,29457.00,29452.50,29456.25,173,29456.25,29456.25,0.00
2026-08-19 10:28:26,29456.00,29458.50,29452.75,29455.25,197,29455.25,29455.25,0.00
2026-08-19 10:28:27,29455.75,29458.25,29454.75,29458.00,127,29458.00,29458.00,0.00
2026-08-19 10:28:28,29458.00,29460.75,29457.50,29459.00,211,29459.00,29459.00,0.00
2026-08-19 10:28:29,29459.00,29461.75,29458.50,29460.00,199,29460.00,29460.00,0.00
2026-08-19 10:28:30,29460.00,29462.75,29460.00,29462.00,301,29462.00,29462.00,0.00
2026-08-19 10:28:31,29462.50,29465.25,29461.75,29463.25,275,29463.25,29463.25,0.00
2026-08-19 10:28:32,29464.00,29464.50,29462.50,29464.50,192,29464.50,29464.50,0.00
2026-08-19 10:28:33,29464.00,29467.25,29463.50,29464.75,180,29464.75,29464.75,0.00
2026-08-19 10:28:34,29464.75,29465.00,29461.00,29465.00,180,29465.00,29465.00,0.00
2026-08-19 10:28:35,29465.00,29466.25,29463.50,29466.25,94,29466.25,29466.25,0.00
2026-08-19 10:28:36,29465.75,29466.75,29464.50,29465.25,111,29465.25,29465.25,0.00
2026-08-19 10:28:37,29465.25,29468.00,29464.50,29467.50,152,29467.50,29467.50,0.00
2026-08-19 10:28:38,29466.75,29467.75,29465.00,29465.25,121,29465.25,29465.25,0.00
2026-08-19 10:28:39,29464.50,29466.25,29464.25,29465.00,93,29465.00,29465.00,0.00
2026-08-19 10:28:40,29464.50,29467.00,29464.25,29466.50,93,29466.50,29466.50,0.00
2026-08-19 10:28:41,29466.25,29471.75,29466.00,29470.50,231,29470.50,29470.50,0.00
2026-08-19 10:28:42,29470.75,29470.75,29468.00,29469.25,168,29469.25,29469.25,0.00
2026-08-19 10:28:43,29469.25,29470.75,29468.00,29469.75,77,29469.75,29469.75,0.00
2026-08-19 10:28:44,29470.25,29471.25,29469.00,29469.75,93,29469.75,29469.75,0.00
2026-08-19 10:28:45,29469.25,29470.75,29468.00,29469.50,117,29469.50,29469.50,0.00
2026-08-19 10:28:46,29469.50,29469.50,29466.25,29466.75,91,29466.75,29466.75,0.00
2026-08-19 10:28:47,29466.75,29468.50,29466.50,29467.00,103,29467.00,29467.00,0.00
2026-08-19 10:28:48,29467.25,29467.25,29461.00,29462.00,282,29462.00,29462.00,0.00
2026-08-19 10:28:49,29462.50,29462.75,29460.75,29461.00,166,29461.00,29461.00,0.00
2026-08-19 10:28:50,29461.00,29462.25,29459.75,29461.25,170,29461.25,29461.25,0.00
2026-08-19 10:28:51,29461.00,29461.75,29460.75,29461.50,75,29461.50,29461.50,0.00
2026-08-19 10:28:52,29461.25,29462.25,29459.75,29460.00,105,29460.00,29460.00,0.00
2026-08-19 10:28:53,29460.00,29463.00,29459.50,29462.00,108,29462.00,29462.00,0.00
2026-08-19 10:28:54,29462.00,29462.00,29460.00,29460.25,79,29460.25,29460.25,0.00
2026-08-19 10:28:55,29460.00,29462.50,29460.00,29460.75,71,29460.75,29460.75,0.00
2026-08-19 10:28:56,29460.25,29461.50,29458.75,29460.00,183,29460.00,29460.00,0.00
2026-08-19 10:28:57,29460.00,29461.00,29456.00,29456.75,124,29456.75,29456.75,0.00
2026-08-19 10:28:58,29456.50,29459.50,29456.25,29459.25,128,29459.25,29459.25,0.00
2026-08-19 10:28:59,29459.75,29463.25,29459.75,29461.25,94,29461.25,29461.25,0.00
2026-08-19 10:29:00,29461.25,29461.25,29458.25,29459.25,72,29459.25,29459.25,0.00
2026-08-19 10:29:01,29459.25,29462.25,29459.25,29462.00,96,29462.00,29462.00,0.00
2026-08-19 10:29:02,29462.25,29462.50,29460.75,29461.50,55,29461.50,29461.50,0.00
2026-08-19 10:29:03,29462.25,29463.00,29460.50,29461.75,82,29461.75,29461.75,0.00
2026-08-19 10:29:04,29461.75,29465.50,29461.00,29465.50,157,29465.50,29465.50,0.00
2026-08-19 10:29:05,29465.75,29466.50,29464.75,29465.75,100,29465.75,29465.75,0.00
2026-08-19 10:29:06,29465.75,29466.50,29462.75,29462.75,70,29462.75,29462.75,0.00
2026-08-19 10:29:07,29463.00,29463.25,29459.75,29461.75,81,29461.75,29461.75,0.00
2026-08-19 10:29:08,29461.50,29466.25,29461.50,29464.50,115,29464.50,29464.50,0.00
2026-08-19 10:29:09,29464.50,29464.50,29463.00,29463.25,71,29463.25,29463.25,0.00
2026-08-19 10:29:10,29463.00,29463.25,29460.50,29461.00,94,29461.00,29461.00,0.00
2026-08-19 10:29:11,29461.00,29469.75,29460.75,29469.75,163,29469.75,29469.75,0.00
2026-08-19 10:29:12,29469.25,29475.00,29469.25,29473.50,438,29473.50,29473.50,0.00
2026-08-19 10:29:13,29473.50,29477.75,29473.25,29477.00,440,29477.00,29477.00,0.00
2026-08-19 10:29:14,29477.25,29480.50,29476.75,29479.50,398,29479.50,29479.50,0.00
2026-08-19 10:29:15,29479.25,29480.75,29477.50,29479.75,274,29479.75,29479.75,0.00
2026-08-19 10:29:16,29479.50,29480.75,29479.25,29479.75,135,29479.75,29479.75,0.00
2026-08-19 10:29:17,29479.50,29479.50,29477.75,29478.50,95,29478.50,29478.50,0.00
2026-08-19 10:29:18,29478.75,29480.00,29478.00,29478.00,123,29478.00,29478.00,0.00
2026-08-19 10:29:19,29478.00,29481.75,29478.00,29480.25,153,29480.25,29480.25,0.00
2026-08-19 10:29:20,29480.00,29481.25,29478.50,29480.25,153,29480.25,29480.25,0.00
2026-08-19 10:29:21,29480.50,29480.75,29477.75,29479.25,145,29479.25,29479.25,0.00
2026-08-19 10:29:22,29478.75,29479.75,29476.50,29478.75,148,29478.75,29478.75,0.00
2026-08-19 10:29:23,29478.25,29479.00,29477.00,29477.25,67,29477.25,29477.25,0.00
2026-08-19 10:29:24,29477.75,29479.25,29477.00,29477.00,62,29477.00,29477.00,0.00
2026-08-19 10:29:25,29477.00,29478.00,29475.25,29477.00,115,29477.00,29477.00,0.00
2026-08-19 10:29:26,29477.00,29477.25,29475.25,29477.00,42,29477.00,29477.00,0.00
2026-08-19 10:29:27,29477.25,29479.00,29477.00,29477.25,53,29477.25,29477.25,0.00
2026-08-19 10:29:28,29476.75,29476.75,29474.00,29474.75,71,29474.75,29474.75,0.00
2026-08-19 10:29:29,29475.25,29475.75,29472.00,29473.00,158,29473.00,29473.00,0.00
2026-08-19 10:29:30,29472.25,29477.75,29470.75,29473.75,220,29473.75,29473.75,0.00
2026-08-19 10:29:31,29473.75,29475.75,29473.50,29474.00,63,29474.00,29474.00,0.00
2026-08-19 10:29:32,29474.00,29476.50,29473.00,29475.25,60,29475.25,29475.25,0.00
2026-08-19 10:29:33,29475.25,29475.75,29473.75,29474.75,55,29474.75,29474.75,0.00
2026-08-19 10:29:34,29474.25,29475.00,29473.25,29475.00,61,29475.00,29475.00,0.00
2026-08-19 10:29:35,29474.75,29476.75,29474.50,29474.75,47,29474.75,29474.75,0.00
2026-08-19 10:29:36,29475.25,29477.75,29474.50,29476.50,88,29476.50,29476.50,0.00
2026-08-19 10:29:37,29476.50,29477.25,29475.25,29475.75,73,29475.75,29475.75,0.00
2026-08-19 10:29:38,29476.00,29479.75,29476.00,29478.00,134,29478.00,29478.00,0.00
2026-08-19 10:29:39,29478.00,29479.00,29476.75,29477.50,51,29477.50,29477.50,0.00
2026-08-19 10:29:40,29477.25,29478.00,29476.25,29477.75,53,29477.75,29477.75,0.00
2026-08-19 10:29:41,29477.50,29479.00,29476.50,29478.75,60,29478.75,29478.75,0.00
2026-08-19 10:29:42,29479.25,29480.50,29479.00,29480.50,70,29480.50,29480.50,0.00
2026-08-19 10:29:43,29480.75,29480.75,29477.75,29478.00,92,29478.00,29478.00,0.00
2026-08-19 10:29:44,29478.50,29478.50,29475.25,29477.00,74,29477.00,29477.00,0.00
2026-08-19 10:29:45,29476.25,29476.75,29472.75,29473.75,89,29473.75,29473.75,0.00
2026-08-19 10:29:46,29473.50,29477.00,29473.50,29476.25,77,29476.25,29476.25,0.00
2026-08-19 10:29:47,29476.50,29477.25,29474.75,29475.25,51,29475.25,29475.25,0.00
2026-08-19 10:29:48,29474.50,29477.75,29474.00,29477.75,55,29477.75,29477.75,0.00
2026-08-19 10:29:49,29477.25,29479.25,29477.00,29478.50,74,29478.50,29478.50,0.00
2026-08-19 10:29:50,29478.25,29479.50,29477.75,29478.25,77,29478.25,29478.25,0.00
2026-08-19 10:29:51,29478.25,29480.50,29478.25,29480.00,123,29480.00,29480.00,0.00
2026-08-19 10:29:52,29479.75,29479.75,29478.00,29478.50,79,29478.50,29478.50,0.00
2026-08-19 10:29:53,29479.00,29480.75,29478.75,29478.75,65,29478.75,29478.75,0.00
2026-08-19 10:29:54,29479.00,29479.50,29476.50,29479.50,85,29479.50,29479.50,0.00
2026-08-19 10:29:55,29479.25,29480.00,29478.75,29478.75,42,29478.75,29478.75,0.00
2026-08-19 10:29:56,29478.75,29481.25,29478.75,29479.75,72,29479.75,29479.75,0.00
2026-08-19 10:29:57,29480.00,29483.75,29480.00,29483.50,232,29483.50,29483.50,0.00
2026-08-19 10:29:58,29483.00,29484.75,29482.00,29483.75,160,29483.75,29483.75,0.00
2026-08-19 10:29:59,29483.75,29483.75,29482.50,29483.25,66,29483.25,29483.25,0.00
2026-08-19 10:30:00,29483.25,29484.50,29482.25,29482.75,119,29482.75,29482.75,0.00
2026-08-19 10:30:01,29482.50,29488.50,29481.50,29486.75,632,29486.75,29486.75,0.00
2026-08-19 10:30:02,29486.75,29486.75,29477.75,29483.25,568,29483.25,29483.25,0.00
2026-08-19 10:30:03,29483.00,29491.50,29483.00,29489.75,826,29489.75,29489.75,0.00
2026-08-19 10:30:04,29490.00,29491.25,29485.75,29487.75,331,29487.75,29487.75,0.00
2026-08-19 10:30:05,29487.25,29487.25,29483.00,29485.00,306,29485.00,29485.00,0.00
2026-08-19 10:30:06,29484.75,29486.75,29483.25,29486.00,112,29486.00,29486.00,0.00
2026-08-19 10:30:07,29486.25,29488.00,29484.25,29485.25,123,29485.25,29485.25,0.00
2026-08-19 10:30:08,29484.75,29485.00,29478.00,29481.25,233,29481.25,29481.25,0.00
2026-08-19 10:30:09,29480.25,29480.50,29472.50,29475.75,277,29475.75,29475.75,0.00
2026-08-19 10:30:10,29476.00,29480.00,29475.25,29478.00,204,29478.00,29478.00,0.00
2026-08-19 10:30:11,29478.00,29479.00,29476.75,29479.00,121,29479.00,29479.00,0.00
2026-08-19 10:30:12,29478.25,29480.75,29478.00,29480.00,73,29480.00,29480.00,0.00
2026-08-19 10:30:13,29480.00,29480.25,29475.25,29477.50,171,29477.50,29477.50,0.00
2026-08-19 10:30:14,29477.00,29480.25,29476.50,29478.75,126,29478.75,29478.75,0.00
2026-08-19 10:30:15,29479.75,29480.00,29473.75,29475.50,91,29475.50,29475.50,0.00
2026-08-19 10:30:16,29475.50,29477.75,29474.00,29476.25,168,29476.25,29476.25,0.00
2026-08-19 10:30:17,29475.50,29476.50,29472.50,29476.50,124,29476.50,29476.50,0.00
2026-08-19 10:30:18,29476.50,29476.50,29474.50,29476.50,108,29476.50,29476.50,0.00
2026-08-19 10:30:19,29476.00,29476.00,29472.75,29474.00,173,29474.00,29474.00,0.00
2026-08-19 10:30:20,29473.50,29475.25,29469.25,29472.00,299,29472.00,29472.00,0.00
2026-08-19 10:30:21,29471.75,29473.50,29468.50,29470.00,133,29470.00,29470.00,0.00
2026-08-19 10:30:22,29470.75,29472.50,29468.00,29471.75,165,29471.75,29471.75,0.00
2026-08-19 10:30:23,29471.75,29476.50,29471.50,29473.75,147,29473.75,29473.75,0.00
2026-08-19 10:30:24,29474.25,29477.50,29472.25,29477.25,171,29477.25,29477.25,0.00
2026-08-19 10:30:25,29477.25,29482.25,29476.75,29481.50,192,29481.50,29481.50,0.00
2026-08-19 10:30:26,29481.50,29482.75,29479.00,29481.25,168,29481.25,29481.25,0.00
2026-08-19 10:30:27,29481.50,29483.00,29480.25,29481.25,149,29481.25,29481.25,0.00
2026-08-19 10:30:28,29481.50,29484.00,29481.25,29481.25,134,29481.25,29481.25,0.00
2026-08-19 10:30:29,29481.00,29482.00,29480.50,29482.00,74,29482.00,29482.00,0.00
2026-08-19 10:30:30,29482.00,29493.75,29480.50,29489.25,493,29489.25,29489.25,0.00
2026-08-19 10:30:31,29489.50,29489.50,29484.75,29486.25,230,29486.25,29486.25,0.00
2026-08-19 10:30:32,29485.75,29488.25,29484.50,29488.25,160,29488.25,29488.25,0.00
2026-08-19 10:30:33,29487.25,29489.00,29485.75,29487.25,91,29487.25,29487.25,0.00
2026-08-19 10:30:34,29487.75,29487.75,29480.75,29482.75,155,29482.75,29482.75,0.00
2026-08-19 10:30:35,29482.50,29484.25,29482.25,29483.75,84,29483.75,29483.75,0.00
2026-08-19 10:30:36,29484.75,29485.00,29479.50,29479.50,106,29479.50,29479.50,0.00
2026-08-19 10:30:37,29480.75,29482.25,29479.75,29480.75,104,29480.75,29480.75,0.00
2026-08-19 10:30:38,29480.75,29480.75,29477.25,29478.75,130,29478.75,29478.75,0.00
2026-08-19 10:30:39,29478.00,29483.00,29478.00,29482.50,69,29482.50,29482.50,0.00
2026-08-19 10:30:40,29481.75,29484.50,29480.50,29484.25,78,29484.25,29484.25,0.00
2026-08-19 10:30:41,29484.50,29485.25,29481.50,29483.75,94,29483.75,29483.75,0.00
2026-08-19 10:30:42,29483.50,29484.00,29481.25,29482.00,51,29482.00,29482.00,0.00
2026-08-19 10:30:43,29482.75,29483.50,29482.00,29482.75,28,29482.75,29482.75,0.00
2026-08-19 10:30:44,29483.25,29484.75,29481.75,29483.75,106,29483.75,29483.75,0.00
2026-08-19 10:30:45,29483.50,29486.00,29481.50,29486.00,148,29486.00,29486.00,0.00
2026-08-19 10:30:46,29486.50,29489.25,29484.75,29487.50,108,29487.50,29487.50,0.00
2026-08-19 10:30:47,29487.50,29489.25,29486.00,29486.00,109,29486.00,29486.00,0.00
2026-08-19 10:30:48,29486.00,29487.75,29484.00,29487.75,79,29487.75,29487.75,0.00
2026-08-19 10:30:49,29487.75,29489.00,29486.25,29487.00,65,29487.00,29487.00,0.00
2026-08-19 10:30:50,29487.00,29487.00,29484.25,29486.75,73,29486.75,29486.75,0.00
2026-08-19 10:30:51,29486.25,29486.25,29483.50,29485.00,57,29485.00,29485.00,0.00
2026-08-19 10:30:52,29484.75,29488.50,29484.75,29486.00,77,29486.00,29486.00,0.00
2026-08-19 10:30:53,29487.00,29487.00,29482.50,29482.50,64,29482.50,29482.50,0.00
2026-08-19 10:30:54,29483.00,29484.75,29483.00,29484.75,63,29484.75,29484.75,0.00
2026-08-19 10:30:55,29484.00,29484.25,29482.00,29484.25,46,29484.25,29484.25,0.00
2026-08-19 10:30:56,29484.25,29485.50,29483.75,29484.75,50,29484.75,29484.75,0.00
2026-08-19 10:30:57,29484.50,29487.25,29483.75,29487.00,62,29487.00,29487.00,0.00
2026-08-19 10:30:58,29486.50,29487.75,29486.50,29486.50,38,29486.50,29486.50,0.00
2026-08-19 10:30:59,29486.75,29493.25,29486.75,29492.25,149,29492.25,29492.25,0.00
2026-08-19 10:31:00,29492.25,29494.00,29491.25,29491.75,107,29491.75,29491.75,0.00
2026-08-19 10:31:01,29491.75,29494.25,29490.50,29494.25,175,29494.25,29494.25,0.00
2026-08-19 10:31:02,29493.75,29497.50,29493.75,29496.25,369,29496.25,29496.25,0.00
2026-08-19 10:31:03,29495.75,29497.00,29493.25,29495.50,236,29495.50,29495.50,0.00
2026-08-19 10:31:04,29494.75,29496.50,29494.25,29496.50,148,29496.50,29496.50,0.00
2026-08-19 10:31:05,29496.50,29501.00,29493.50,29496.25,698,29496.25,29496.25,0.00
2026-08-19 10:31:06,29495.50,29497.75,29492.25,29494.25,223,29494.25,29494.25,0.00
2026-08-19 10:31:07,29494.00,29495.75,29492.00,29493.50,139,29493.50,29493.50,0.00
2026-08-19 10:31:08,29493.00,29493.75,29486.00,29486.00,332,29486.00,29486.00,0.00
2026-08-19 10:31:09,29486.25,29489.25,29484.75,29489.00,141,29489.00,29489.00,0.00
2026-08-19 10:31:10,29488.75,29489.25,29486.25,29488.50,109,29488.50,29488.50,0.00
2026-08-19 10:31:11,29488.25,29491.50,29487.75,29491.50,100,29491.50,29491.50,0.00
2026-08-19 10:31:12,29491.25,29492.50,29489.75,29491.50,98,29491.50,29491.50,0.00
2026-08-19 10:31:13,29491.50,29492.00,29488.25,29489.00,109,29489.00,29489.00,0.00
2026-08-19 10:31:14,29489.50,29493.75,29489.00,29492.75,78,29492.75,29492.75,0.00
2026-08-19 10:31:15,29492.75,29494.25,29491.50,29493.50,76,29493.50,29493.50,0.00
2026-08-19 10:31:16,29494.25,29496.75,29492.25,29493.50,236,29493.50,29493.50,0.00
2026-08-19 10:31:17,29493.00,29494.50,29492.25,29493.75,83,29493.75,29493.75,0.00
2026-08-19 10:31:18,29493.50,29494.00,29492.00,29493.00,62,29493.00,29493.00,0.00
2026-08-19 10:31:19,29492.75,29496.00,29492.50,29495.75,79,29495.75,29495.75,0.00
2026-08-19 10:31:20,29496.25,29496.25,29491.50,29491.50,123,29491.50,29491.50,0.00
2026-08-19 10:31:21,29491.00,29493.00,29490.75,29491.75,114,29491.75,29491.75,0.00
2026-08-19 10:31:22,29492.25,29492.25,29490.25,29490.25,128,29490.25,29490.25,0.00
2026-08-19 10:31:23,29490.00,29491.00,29488.25,29488.75,90,29488.75,29488.75,0.00
2026-08-19 10:31:24,29488.50,29488.50,29485.25,29485.25,168,29485.25,29485.25,0.00
2026-08-19 10:31:25,29485.50,29486.25,29480.50,29481.00,286,29481.00,29481.00,0.00
2026-08-19 10:31:26,29481.00,29487.75,29480.00,29487.00,237,29487.00,29487.00,0.00
2026-08-19 10:31:27,29486.75,29486.75,29483.00,29485.00,188,29485.00,29485.00,0.00
2026-08-19 10:31:28,29486.00,29490.50,29485.00,29490.00,169,29490.00,29490.00,0.00
2026-08-19 10:31:29,29490.25,29490.50,29488.25,29490.25,99,29490.25,29490.25,0.00
2026-08-19 10:31:30,29491.00,29491.00,29486.75,29487.75,78,29487.75,29487.75,0.00
2026-08-19 10:31:31,29487.75,29488.00,29483.50,29486.25,123,29486.25,29486.25,0.00
2026-08-19 10:31:32,29485.75,29486.50,29483.75,29485.00,121,29485.00,29485.00,0.00
2026-08-19 10:31:33,29485.75,29489.50,29484.75,29489.00,92,29489.00,29489.00,0.00
2026-08-19 10:31:34,29489.25,29494.50,29488.75,29493.00,120,29493.00,29493.00,0.00
2026-08-19 10:31:35,29492.75,29495.00,29492.50,29494.00,110,29494.00,29494.00,0.00
2026-08-19 10:31:36,29494.00,29494.50,29493.25,29494.00,47,29494.00,29494.00,0.00
2026-08-19 10:31:37,29493.75,29496.00,29492.75,29494.75,92,29494.75,29494.75,0.00
2026-08-19 10:31:38,29494.50,29495.00,29493.75,29494.25,140,29494.25,29494.25,0.00
2026-08-19 10:31:39,29494.25,29495.25,29492.50,29494.75,88,29494.75,29494.75,0.00
2026-08-19 10:31:40,29495.00,29496.50,29495.00,29496.00,73,29496.00,29496.00,0.00
2026-08-19 10:31:41,29495.50,29495.75,29493.25,29493.50,90,29493.50,29493.50,0.00
2026-08-19 10:31:42,29493.00,29495.00,29492.50,29493.75,69,29493.75,29493.75,0.00
2026-08-19 10:31:43,29493.25,29494.25,29492.00,29493.25,66,29493.25,29493.25,0.00
2026-08-19 10:31:44,29493.75,29497.75,29493.00,29497.50,126,29497.50,29497.50,0.00
2026-08-19 10:31:45,29497.50,29498.25,29496.25,29497.50,181,29497.50,29497.50,0.00
2026-08-19 10:31:46,29497.25,29499.50,29496.75,29498.75,116,29498.75,29498.75,0.00
2026-08-19 10:31:47,29499.00,29499.75,29498.25,29498.75,86,29498.75,29498.75,0.00
2026-08-19 10:31:48,29499.25,29501.00,29497.25,29501.00,179,29501.00,29501.00,0.00
2026-08-19 10:31:49,29501.25,29502.25,29499.00,29501.00,177,29501.00,29501.00,0.00
2026-08-19 10:31:50,29501.00,29502.25,29500.75,29501.25,119,29501.25,29501.25,0.00
2026-08-19 10:31:51,29501.25,29501.75,29499.25,29500.50,89,29500.50,29500.50,0.00
2026-08-19 10:31:52,29501.00,29506.00,29501.00,29503.25,382,29503.25,29503.25,0.00
2026-08-19 10:31:53,29504.00,29504.75,29503.00,29504.00,161,29504.00,29504.00,0.00
2026-08-19 10:31:54,29505.00,29505.00,29502.75,29504.50,143,29504.50,29504.50,0.00
2026-08-19 10:31:55,29504.75,29505.75,29503.50,29505.50,91,29505.50,29505.50,0.00
2026-08-19 10:31:56,29505.50,29510.50,29504.50,29509.25,349,29509.25,29509.25,0.00
2026-08-19 10:31:57,29509.00,29512.00,29509.00,29511.00,326,29511.00,29511.00,0.00
2026-08-19 10:31:58,29511.00,29512.00,29510.00,29510.00,229,29510.00,29510.00,0.00
2026-08-19 10:31:59,29510.50,29512.25,29509.75,29509.75,286,29509.75,29509.75,0.00
2026-08-19 10:32:00,29510.25,29511.00,29509.25,29510.00,157,29510.00,29510.00,0.00
2026-08-19 10:32:01,29510.50,29512.50,29510.00,29511.75,149,29511.75,29511.75,0.00
2026-08-19 10:32:02,29511.25,29512.50,29510.50,29512.25,133,29512.25,29512.25,0.00
2026-08-19 10:32:03,29512.25,29513.00,29508.75,29509.75,181,29509.75,29509.75,0.00
2026-08-19 10:32:04,29509.50,29511.00,29507.25,29509.75,246,29509.75,29509.75,0.00
2026-08-19 10:32:05,29509.50,29512.50,29508.00,29510.75,189,29510.75,29510.75,0.00
2026-08-19 10:32:06,29510.50,29510.75,29508.50,29509.25,123,29509.25,29509.25,0.00
2026-08-19 10:32:07,29509.25,29509.25,29504.75,29505.25,145,29505.25,29505.25,0.00
2026-08-19 10:32:08,29505.25,29508.25,29504.50,29507.00,132,29507.00,29507.00,0.00
2026-08-19 10:32:09,29507.25,29508.50,29507.00,29507.25,84,29507.25,29507.25,0.00
2026-08-19 10:32:10,29507.00,29508.75,29505.00,29505.25,83,29505.25,29505.25,0.00
2026-08-19 10:32:11,29505.25,29507.25,29505.25,29506.00,106,29506.00,29506.00,0.00
2026-08-19 10:32:12,29505.75,29505.75,29504.00,29505.25,75,29505.25,29505.25,0.00
2026-08-19 10:32:13,29505.50,29506.75,29504.25,29505.25,96,29505.25,29505.25,0.00
2026-08-19 10:32:14,29505.00,29505.75,29502.75,29503.75,180,29503.75,29503.75,0.00
2026-08-19 10:32:15,29504.00,29508.75,29503.25,29507.75,158,29507.75,29507.75,0.00
2026-08-19 10:32:16,29508.00,29509.50,29506.50,29507.00,93,29507.00,29507.00,0.00
2026-08-19 10:32:17,29507.75,29508.75,29506.25,29508.75,86,29508.75,29508.75,0.00
2026-08-19 10:32:18,29508.25,29510.50,29507.25,29509.25,222,29509.25,29509.25,0.00
2026-08-19 10:32:19,29509.25,29510.00,29508.50,29509.50,60,29509.50,29509.50,0.00
2026-08-19 10:32:20,29509.75,29511.25,29508.25,29509.75,116,29509.75,29509.75,0.00
2026-08-19 10:32:21,29509.75,29510.00,29507.00,29508.00,92,29508.00,29508.00,0.00
2026-08-19 10:32:22,29507.50,29507.50,29503.50,29503.50,193,29503.50,29503.50,0.00
2026-08-19 10:32:23,29503.50,29504.75,29501.75,29503.25,152,29503.25,29503.25,0.00
2026-08-19 10:32:24,29502.50,29503.75,29500.00,29503.50,117,29503.50,29503.50,0.00
2026-08-19 10:32:25,29503.00,29503.50,29502.00,29503.50,47,29503.50,29503.50,0.00
2026-08-19 10:32:26,29503.75,29504.25,29500.25,29501.25,114,29501.25,29501.25,0.00
2026-08-19 10:32:27,29501.25,29502.50,29499.00,29499.50,143,29499.50,29499.50,0.00
2026-08-19 10:32:28,29499.25,29501.00,29498.75,29500.75,121,29500.75,29500.75,0.00
2026-08-19 10:32:29,29500.75,29501.50,29499.75,29500.00,61,29500.00,29500.00,0.00
2026-08-19 10:32:30,29500.00,29500.75,29499.50,29500.25,67,29500.25,29500.25,0.00
2026-08-19 10:32:31,29500.50,29501.25,29497.50,29499.00,147,29499.00,29499.00,0.00
2026-08-19 10:32:32,29499.25,29499.50,29498.25,29498.75,57,29498.75,29498.75,0.00
2026-08-19 10:32:33,29498.25,29500.75,29498.25,29499.25,72,29499.25,29499.25,0.00
2026-08-19 10:32:34,29499.00,29499.50,29497.75,29499.00,53,29499.00,29499.00,0.00
2026-08-19 10:32:35,29499.50,29499.50,29498.00,29498.50,52,29498.50,29498.50,0.00
2026-08-19 10:32:36,29498.50,29501.25,29497.75,29499.25,74,29499.25,29499.25,0.00
2026-08-19 10:32:37,29500.00,29500.00,29497.25,29497.75,54,29497.75,29497.75,0.00
2026-08-19 10:32:38,29497.25,29497.50,29495.25,29496.25,178,29496.25,29496.25,0.00
2026-08-19 10:32:39,29496.00,29498.00,29496.00,29497.25,76,29497.25,29497.25,0.00
2026-08-19 10:32:40,29497.25,29497.50,29495.25,29496.50,80,29496.50,29496.50,0.00
2026-08-19 10:32:41,29497.00,29498.50,29496.25,29497.25,67,29497.25,29497.25,0.00
2026-08-19 10:32:42,29497.75,29498.50,29496.50,29498.25,48,29498.25,29498.25,0.00
2026-08-19 10:32:43,29497.75,29498.25,29495.00,29495.50,85,29495.50,29495.50,0.00
2026-08-19 10:32:44,29495.00,29495.00,29492.00,29494.50,187,29494.50,29494.50,0.00
2026-08-19 10:32:45,29494.50,29498.00,29493.50,29497.75,177,29497.75,29497.75,0.00
2026-08-19 10:32:46,29498.25,29499.50,29497.00,29498.50,111,29498.50,29498.50,0.00
2026-08-19 10:32:47,29498.25,29500.75,29498.25,29498.25,148,29498.25,29498.25,0.00
2026-08-19 10:32:48,29498.00,29500.50,29498.00,29500.00,65,29500.00,29500.00,0.00
2026-08-19 10:32:49,29499.75,29501.50,29499.50,29501.50,94,29501.50,29501.50,0.00
2026-08-19 10:32:50,29501.75,29503.50,29499.50,29503.50,99,29503.50,29503.50,0.00
2026-08-19 10:32:51,29503.25,29505.25,29499.50,29500.50,172,29500.50,29500.50,0.00
2026-08-19 10:32:52,29500.25,29505.25,29500.25,29504.75,98,29504.75,29504.75,0.00
2026-08-19 10:32:53,29504.75,29506.00,29504.00,29505.25,103,29505.25,29505.25,0.00
2026-08-19 10:32:54,29505.00,29507.00,29504.50,29506.50,70,29506.50,29506.50,0.00
2026-08-19 10:32:55,29506.75,29507.00,29504.50,29505.25,63,29505.25,29505.25,0.00
2026-08-19 10:32:56,29505.75,29508.00,29505.75,29507.50,97,29507.50,29507.50,0.00
2026-08-19 10:32:57,29507.50,29507.50,29505.25,29506.75,60,29506.75,29506.75,0.00
2026-08-19 10:32:58,29507.50,29507.50,29505.50,29507.00,52,29507.00,29507.00,0.00
2026-08-19 10:32:59,29507.00,29507.00,29501.75,29502.00,92,29502.00,29502.00,0.00
2026-08-19 10:33:00,29502.25,29504.75,29502.00,29504.50,51,29504.50,29504.50,0.00
2026-08-19 10:33:01,29504.50,29506.50,29503.75,29505.00,173,29505.00,29505.00,0.00
2026-08-19 10:33:02,29504.50,29505.25,29503.50,29504.75,78,29504.75,29504.75,0.00
2026-08-19 10:33:03,29503.75,29504.50,29500.00,29501.00,89,29501.00,29501.00,0.00
2026-08-19 10:33:04,29500.75,29501.25,29498.25,29499.75,135,29499.75,29499.75,0.00
2026-08-19 10:33:05,29499.75,29503.50,29499.25,29502.75,116,29502.75,29502.75,0.00
2026-08-19 10:33:06,29502.50,29504.50,29502.25,29504.25,120,29504.25,29504.25,0.00
2026-08-19 10:33:07,29504.25,29504.75,29503.75,29504.50,27,29504.50,29504.50,0.00
2026-08-19 10:33:08,29504.00,29505.25,29503.25,29503.75,58,29503.75,29503.75,0.00
2026-08-19 10:33:09,29504.00,29505.00,29503.50,29504.75,62,29504.75,29504.75,0.00
2026-08-19 10:33:10,29504.25,29506.25,29503.50,29504.75,45,29504.75,29504.75,0.00
2026-08-19 10:33:11,29505.00,29507.50,29504.50,29506.25,57,29506.25,29506.25,0.00
2026-08-19 10:33:12,29505.50,29507.75,29505.50,29506.25,50,29506.25,29506.25,0.00
2026-08-19 10:33:13,29505.75,29505.75,29504.50,29505.25,63,29505.25,29505.25,0.00
2026-08-19 10:33:14,29505.25,29506.50,29504.75,29506.00,48,29506.00,29506.00,0.00
2026-08-19 10:33:15,29505.50,29506.25,29504.00,29504.00,44,29504.00,29504.00,0.00
2026-08-19 10:33:16,29504.25,29504.25,29502.25,29503.00,60,29503.00,29503.00,0.00
2026-08-19 10:33:17,29503.75,29503.75,29500.75,29503.50,64,29503.50,29503.50,0.00
2026-08-19 10:33:18,29502.75,29504.00,29500.75,29500.75,35,29500.75,29500.75,0.00
2026-08-19 10:33:19,29500.50,29501.75,29498.75,29499.25,87,29499.25,29499.25,0.00
2026-08-19 10:33:20,29499.25,29499.50,29497.50,29498.50,219,29498.50,29498.50,0.00
2026-08-19 10:33:21,29498.50,29502.50,29498.00,29501.50,185,29501.50,29501.50,0.00
2026-08-19 10:33:22,29501.00,29502.25,29498.50,29502.25,130,29502.25,29502.25,0.00
2026-08-19 10:33:23,29501.25,29501.25,29499.75,29500.25,70,29500.25,29500.25,0.00
2026-08-19 10:33:24,29499.75,29500.00,29498.25,29500.00,81,29500.00,29500.00,0.00
2026-08-19 10:33:25,29500.00,29501.50,29499.25,29500.75,53,29500.75,29500.75,0.00
2026-08-19 10:33:26,29500.50,29506.00,29500.50,29506.00,153,29506.00,29506.00,0.00
2026-08-19 10:33:27,29506.25,29509.75,29506.00,29507.50,125,29507.50,29507.50,0.00
2026-08-19 10:33:28,29508.00,29508.50,29507.25,29508.00,127,29508.00,29508.00,0.00
2026-08-19 10:33:29,29507.75,29509.00,29506.75,29508.75,81,29508.75,29508.75,0.00
2026-08-19 10:33:30,29508.50,29512.25,29508.50,29511.00,173,29511.00,29511.00,0.00
2026-08-19 10:33:31,29510.75,29512.25,29510.25,29511.00,122,29511.00,29511.00,0.00
2026-08-19 10:33:32,29510.75,29511.50,29510.50,29510.75,103,29510.75,29510.75,0.00
2026-08-19 10:33:33,29510.75,29511.50,29506.00,29506.75,166,29506.75,29506.75,0.00
2026-08-19 10:33:34,29507.25,29509.00,29506.25,29508.25,68,29508.25,29508.25,0.00
2026-08-19 10:33:35,29508.00,29509.00,29506.50,29508.75,84,29508.75,29508.75,0.00
2026-08-19 10:33:36,29509.25,29509.75,29508.25,29508.50,83,29508.50,29508.50,0.00
2026-08-19 10:33:37,29508.75,29510.00,29508.00,29509.25,41,29509.25,29509.25,0.00
2026-08-19 10:33:38,29509.25,29509.75,29504.75,29504.75,90,29504.75,29504.75,0.00
2026-08-19 10:33:39,29505.00,29505.25,29504.00,29504.75,36,29504.75,29504.75,0.00
2026-08-19 10:33:40,29505.00,29506.00,29501.00,29503.25,83,29503.25,29503.25,0.00
2026-08-19 10:33:41,29503.00,29504.25,29502.50,29503.50,63,29503.50,29503.50,0.00
2026-08-19 10:33:42,29504.00,29508.25,29504.00,29508.25,49,29508.25,29508.25,0.00
2026-08-19 10:33:43,29507.75,29510.75,29507.75,29510.00,78,29510.00,29510.00,0.00
2026-08-19 10:33:44,29510.00,29511.50,29508.75,29510.75,71,29510.75,29510.75,0.00
2026-08-19 10:33:45,29511.25,29513.75,29511.00,29512.25,114,29512.25,29512.25,0.00
2026-08-19 10:33:46,29512.25,29512.75,29510.25,29510.50,124,29510.50,29510.50,0.00
2026-08-19 10:33:47,29510.50,29512.00,29510.25,29510.75,95,29510.75,29510.75,0.00
2026-08-19 10:33:48,29511.25,29511.75,29509.50,29511.50,106,29511.50,29511.50,0.00
2026-08-19 10:33:49,29511.00,29513.25,29510.75,29513.00,55,29513.00,29513.00,0.00
2026-08-19 10:33:50,29512.50,29517.50,29512.50,29516.50,344,29516.50,29516.50,0.00
2026-08-19 10:33:51,29516.00,29516.00,29514.25,29514.50,164,29514.50,29514.50,0.00
2026-08-19 10:33:52,29514.75,29516.00,29512.00,29512.50,132,29512.50,29512.50,0.00
2026-08-19 10:33:53,29512.75,29514.00,29512.25,29513.00,89,29513.00,29513.00,0.00
2026-08-19 10:33:54,29512.75,29513.50,29511.75,29512.25,85,29512.25,29512.25,0.00
2026-08-19 10:33:55,29512.25,29512.25,29507.75,29509.25,131,29509.25,29509.25,0.00
2026-08-19 10:33:56,29509.25,29511.25,29507.25,29511.25,123,29511.25,29511.25,0.00
2026-08-19 10:33:57,29510.75,29511.25,29507.50,29507.50,58,29507.50,29507.50,0.00
2026-08-19 10:33:58,29507.75,29508.50,29506.50,29507.75,43,29507.75,29507.75,0.00
2026-08-19 10:33:59,29508.00,29508.75,29507.00,29507.75,69,29507.75,29507.75,0.00
2026-08-19 10:34:00,29507.50,29507.75,29504.50,29506.25,139,29506.25,29506.25,0.00
2026-08-19 10:34:01,29506.50,29507.50,29505.50,29507.50,94,29507.50,29507.50,0.00
2026-08-19 10:34:02,29507.50,29508.00,29504.00,29505.25,107,29505.25,29505.25,0.00
2026-08-19 10:34:03,29505.00,29506.00,29502.25,29502.75,137,29502.75,29502.75,0.00
2026-08-19 10:34:04,29502.00,29503.00,29500.75,29502.50,138,29502.50,29502.50,0.00
2026-08-19 10:34:05,29502.25,29503.75,29499.50,29502.25,210,29502.25,29502.25,0.00
2026-08-19 10:34:06,29502.50,29503.75,29501.25,29502.50,174,29502.50,29502.50,0.00
2026-08-19 10:34:07,29502.50,29502.50,29496.75,29497.50,176,29497.50,29497.50,0.00
2026-08-19 10:34:08,29497.25,29497.75,29491.50,29493.25,361,29493.25,29493.25,0.00
2026-08-19 10:34:09,29493.50,29495.75,29492.00,29494.75,213,29494.75,29494.75,0.00
2026-08-19 10:34:10,29494.50,29495.25,29494.00,29494.25,95,29494.25,29494.25,0.00
2026-08-19 10:34:11,29494.25,29494.75,29490.00,29490.25,203,29490.25,29490.25,0.00
2026-08-19 10:34:12,29490.00,29490.50,29485.75,29487.50,374,29487.50,29487.50,0.00
2026-08-19 10:34:13,29487.25,29488.25,29485.75,29486.00,202,29486.00,29486.00,0.00
2026-08-19 10:34:14,29486.25,29487.25,29483.75,29483.75,186,29483.75,29483.75,0.00
2026-08-19 10:34:15,29483.25,29484.75,29481.75,29483.75,239,29483.75,29483.75,0.00
2026-08-19 10:34:16,29483.50,29490.25,29483.25,29488.75,248,29488.75,29488.75,0.00
2026-08-19 10:34:17,29488.25,29488.50,29484.50,29485.25,129,29485.25,29485.25,0.00
2026-08-19 10:34:18,29485.50,29485.50,29483.00,29484.00,147,29484.00,29484.00,0.00
2026-08-19 10:34:19,29484.50,29485.75,29483.00,29483.00,92,29483.00,29483.00,0.00
2026-08-19 10:34:20,29483.00,29486.75,29482.75,29485.75,120,29485.75,29485.75,0.00
2026-08-19 10:34:21,29486.00,29486.50,29482.25,29484.00,123,29484.00,29484.00,0.00
2026-08-19 10:34:22,29484.25,29486.75,29483.75,29485.75,48,29485.75,29485.75,0.00
2026-08-19 10:34:23,29486.00,29486.00,29482.50,29482.75,158,29482.75,29482.75,0.00
2026-08-19 10:34:24,29483.00,29483.25,29481.75,29482.50,70,29482.50,29482.50,0.00
2026-08-19 10:34:25,29482.50,29482.75,29478.75,29482.00,345,29482.00,29482.00,0.00
2026-08-19 10:34:26,29481.75,29483.25,29481.25,29481.50,148,29481.50,29481.50,0.00
2026-08-19 10:34:27,29481.50,29483.75,29481.50,29483.25,123,29483.25,29483.25,0.00
2026-08-19 10:34:28,29483.00,29484.50,29482.50,29483.00,111,29483.00,29483.00,0.00
2026-08-19 10:34:29,29483.25,29483.75,29481.25,29482.00,96,29482.00,29482.00,0.00
2026-08-19 10:34:30,29482.00,29482.50,29481.50,29481.75,63,29481.75,29481.75,0.00
2026-08-19 10:34:31,29481.00,29482.25,29477.25,29480.50,178,29480.50,29480.50,0.00
2026-08-19 10:34:32,29480.50,29487.50,29480.25,29484.75,252,29484.75,29484.75,0.00
2026-08-19 10:34:33,29484.50,29485.25,29482.75,29484.75,108,29484.75,29484.75,0.00
2026-08-19 10:34:34,29484.50,29486.00,29482.25,29482.50,88,29482.50,29482.50,0.00
2026-08-19 10:34:35,29483.25,29488.25,29483.25,29486.50,149,29486.50,29486.50,0.00
2026-08-19 10:34:36,29486.50,29488.25,29486.00,29488.00,88,29488.00,29488.00,0.00
2026-08-19 10:34:37,29487.50,29487.75,29486.00,29486.25,110,29486.25,29486.25,0.00
2026-08-19 10:34:38,29485.75,29487.00,29485.25,29486.75,67,29486.75,29486.75,0.00
2026-08-19 10:34:39,29487.00,29488.25,29486.25,29487.75,77,29487.75,29487.75,0.00
2026-08-19 10:34:40,29488.00,29489.00,29486.75,29487.50,97,29487.50,29487.50,0.00
2026-08-19 10:34:41,29487.25,29487.25,29481.50,29483.00,107,29483.00,29483.00,0.00
2026-08-19 10:34:42,29482.75,29483.25,29479.50,29479.50,126,29479.50,29479.50,0.00
2026-08-19 10:34:43,29479.50,29480.50,29477.50,29479.25,119,29479.25,29479.25,0.00
2026-08-19 10:34:44,29480.00,29483.50,29480.00,29483.00,140,29483.00,29483.00,0.00
2026-08-19 10:34:45,29482.75,29484.00,29482.00,29483.50,63,29483.50,29483.50,0.00
2026-08-19 10:34:46,29483.75,29486.25,29483.75,29486.25,94,29486.25,29486.25,0.00
2026-08-19 10:34:47,29486.25,29488.00,29485.25,29485.75,92,29485.75,29485.75,0.00
2026-08-19 10:34:48,29485.50,29485.75,29483.75,29484.25,48,29484.25,29484.25,0.00
2026-08-19 10:34:49,29484.50,29485.75,29483.75,29485.50,78,29485.50,29485.50,0.00
2026-08-19 10:34:50,29485.75,29486.00,29482.50,29483.75,47,29483.75,29483.75,0.00
2026-08-19 10:34:51,29483.75,29485.50,29482.75,29484.75,67,29484.75,29484.75,0.00
2026-08-19 10:34:52,29485.25,29485.25,29483.75,29484.25,31,29484.25,29484.25,0.00
2026-08-19 10:34:53,29484.75,29487.25,29484.75,29487.00,75,29487.00,29487.00,0.00
2026-08-19 10:34:54,29486.25,29486.50,29485.50,29486.25,107,29486.25,29486.25,0.00
2026-08-19 10:34:55,29486.50,29488.50,29485.75,29485.75,85,29485.75,29485.75,0.00
2026-08-19 10:34:56,29486.00,29488.25,29485.75,29487.00,44,29487.00,29487.00,0.00
2026-08-19 10:34:57,29487.75,29489.50,29486.75,29488.75,89,29488.75,29488.75,0.00
2026-08-19 10:34:58,29489.75,29493.25,29489.75,29492.75,158,29492.75,29492.75,0.00
2026-08-19 10:34:59,29492.00,29496.50,29491.75,29492.75,221,29492.75,29492.75,0.00
2026-08-19 10:35:00,29493.25,29495.75,29492.50,29494.00,91,29494.00,29494.00,0.00
2026-08-19 10:35:01,29494.50,29495.75,29493.00,29493.50,138,29493.50,29493.50,0.00
2026-08-19 10:35:02,29493.50,29495.25,29493.25,29493.25,109,29493.25,29493.25,0.00
2026-08-19 10:35:03,29493.00,29493.00,29490.50,29491.25,156,29491.25,29491.25,0.00
2026-08-19 10:35:04,29491.50,29492.75,29491.00,29492.25,89,29492.25,29492.25,0.00
2026-08-19 10:35:05,29493.50,29495.00,29490.75,29492.50,98,29492.50,29492.50,0.00
2026-08-19 10:35:06,29492.50,29492.75,29489.50,29492.25,104,29492.25,29492.25,0.00
2026-08-19 10:35:07,29491.75,29496.25,29490.75,29491.50,135,29491.50,29491.50,0.00
2026-08-19 10:35:08,29491.25,29491.25,29488.50,29489.25,71,29489.25,29489.25,0.00
2026-08-19 10:35:09,29489.00,29489.75,29487.25,29488.25,72,29488.25,29488.25,0.00
2026-08-19 10:35:10,29488.50,29490.00,29486.75,29487.75,139,29487.75,29487.75,0.00
2026-08-19 10:35:11,29487.25,29489.50,29484.75,29485.00,181,29485.00,29485.00,0.00
2026-08-19 10:35:12,29485.00,29485.75,29483.25,29483.75,144,29483.75,29483.75,0.00
2026-08-19 10:35:13,29483.75,29487.00,29483.75,29485.00,107,29485.00,29485.00,0.00
2026-08-19 10:35:14,29484.75,29489.75,29483.75,29489.25,140,29489.25,29489.25,0.00
2026-08-19 10:35:15,29490.00,29490.25,29486.75,29487.50,73,29487.50,29487.50,0.00
2026-08-19 10:35:16,29487.75,29489.50,29486.75,29487.25,115,29487.25,29487.25,0.00
2026-08-19 10:35:17,29487.75,29490.75,29487.25,29488.25,109,29488.25,29488.25,0.00
2026-08-19 10:35:18,29488.50,29490.25,29487.75,29489.75,83,29489.75,29489.75,0.00
2026-08-19 10:35:19,29489.75,29490.25,29488.75,29490.25,59,29490.25,29490.25,0.00
2026-08-19 10:35:20,29490.00,29495.00,29490.00,29494.25,141,29494.25,29494.25,0.00
2026-08-19 10:35:21,29494.00,29497.00,29494.00,29495.25,173,29495.25,29495.25,0.00
2026-08-19 10:35:22,29495.50,29502.00,29495.50,29501.75,253,29501.75,29501.75,0.00
2026-08-19 10:35:23,29501.75,29503.00,29500.00,29500.25,212,29500.25,29500.25,0.00
2026-08-19 10:35:24,29499.75,29500.00,29497.75,29498.25,133,29498.25,29498.25,0.00
2026-08-19 10:35:25,29497.75,29502.50,29497.75,29502.50,69,29502.50,29502.50,0.00
2026-08-19 10:35:26,29502.00,29508.50,29501.75,29506.25,291,29506.25,29506.25,0.00
2026-08-19 10:35:27,29506.00,29507.75,29505.50,29507.50,133,29507.50,29507.50,0.00
2026-08-19 10:35:28,29507.25,29509.75,29507.25,29509.25,187,29509.25,29509.25,0.00
2026-08-19 10:35:29,29509.50,29510.50,29508.25,29509.00,228,29509.00,29509.00,0.00
2026-08-19 10:35:30,29509.00,29510.50,29508.25,29510.25,106,29510.25,29510.25,0.00
2026-08-19 10:35:31,29509.50,29512.75,29509.25,29512.75,255,29512.75,29512.75,0.00
2026-08-19 10:35:32,29512.50,29513.25,29511.75,29512.00,193,29512.00,29512.00,0.00
2026-08-19 10:35:33,29512.00,29513.25,29510.75,29511.25,117,29511.25,29511.25,0.00
2026-08-19 10:35:34,29511.25,29514.00,29511.25,29513.75,141,29513.75,29513.75,0.00
2026-08-19 10:35:35,29513.75,29514.75,29512.25,29512.75,152,29512.75,29512.75,0.00
2026-08-19 10:35:36,29512.25,29514.75,29512.25,29514.25,127,29514.25,29514.25,0.00
2026-08-19 10:35:37,29514.00,29514.50,29513.00,29514.00,133,29514.00,29514.00,0.00
2026-08-19 10:35:38,29514.50,29515.75,29511.75,29512.25,186,29512.25,29512.25,0.00
2026-08-19 10:35:39,29512.00,29512.00,29507.00,29509.25,185,29509.25,29509.25,0.00
2026-08-19 10:35:40,29509.25,29509.75,29508.25,29509.25,98,29509.25,29509.25,0.00
2026-08-19 10:35:41,29509.50,29510.00,29508.50,29509.50,67,29509.50,29509.50,0.00
2026-08-19 10:35:42,29509.75,29511.25,29508.25,29508.25,113,29508.25,29508.25,0.00
2026-08-19 10:35:43,29508.50,29510.25,29507.25,29508.50,72,29508.50,29508.50,0.00
2026-08-19 10:35:44,29509.00,29511.00,29508.50,29510.50,164,29510.50,29510.50,0.00
2026-08-19 10:35:45,29510.50,29510.75,29508.50,29510.75,65,29510.75,29510.75,0.00
2026-08-19 10:35:46,29510.75,29512.75,29510.25,29511.75,88,29511.75,29511.75,0.00
2026-08-19 10:35:47,29512.00,29512.50,29510.00,29510.50,63,29510.50,29510.50,0.00
2026-08-19 10:35:48,29511.00,29513.25,29511.00,29512.25,89,29512.25,29512.25,0.00
2026-08-19 10:35:49,29512.50,29515.75,29512.00,29515.25,174,29515.25,29515.25,0.00
2026-08-19 10:35:50,29515.75,29516.00,29513.75,29514.00,125,29514.00,29514.00,0.00
2026-08-19 10:35:51,29514.25,29517.50,29513.50,29516.75,193,29516.75,29516.75,0.00
2026-08-19 10:35:52,29516.50,29517.75,29516.00,29516.75,108,29516.75,29516.75,0.00
2026-08-19 10:35:53,29516.25,29518.50,29516.25,29516.25,258,29516.25,29516.25,0.00
2026-08-19 10:35:54,29515.75,29516.50,29515.00,29515.50,81,29515.50,29515.50,0.00
2026-08-19 10:35:55,29516.00,29519.00,29515.75,29517.25,135,29517.25,29517.25,0.00
2026-08-19 10:35:56,29517.25,29517.75,29515.50,29516.75,58,29516.75,29516.75,0.00
2026-08-19 10:35:57,29516.50,29516.75,29514.00,29515.75,131,29515.75,29515.75,0.00
2026-08-19 10:35:58,29515.00,29517.00,29515.00,29516.50,99,29516.50,29516.50,0.00
2026-08-19 10:35:59,29516.75,29517.75,29516.25,29517.75,66,29517.75,29517.75,0.00
2026-08-19 10:36:00,29517.00,29519.00,29517.00,29518.25,92,29518.25,29518.25,0.00
2026-08-19 10:36:01,29518.25,29521.00,29518.25,29519.75,363,29519.75,29519.75,0.00
2026-08-19 10:36:02,29519.75,29520.00,29518.00,29518.75,113,29518.75,29518.75,0.00
2026-08-19 10:36:03,29519.00,29519.50,29517.50,29518.50,143,29518.50,29518.50,0.00
2026-08-19 10:36:04,29518.50,29519.50,29517.00,29518.25,94,29518.25,29518.25,0.00
2026-08-19 10:36:05,29517.75,29520.00,29517.50,29519.50,131,29519.50,29519.50,0.00
2026-08-19 10:36:06,29519.50,29519.50,29516.50,29517.75,89,29517.75,29517.75,0.00
2026-08-19 10:36:07,29518.00,29519.50,29516.50,29517.00,101,29517.00,29517.00,0.00
2026-08-19 10:36:08,29517.00,29518.50,29516.00,29517.50,126,29517.50,29517.50,0.00
2026-08-19 10:36:09,29517.75,29520.25,29517.25,29520.25,102,29520.25,29520.25,0.00
2026-08-19 10:36:10,29520.00,29522.75,29519.00,29519.25,202,29519.25,29519.25,0.00
2026-08-19 10:36:11,29519.75,29520.00,29518.75,29519.50,85,29519.50,29519.50,0.00
2026-08-19 10:36:12,29519.25,29523.50,29519.00,29523.00,116,29523.00,29523.00,0.00
2026-08-19 10:36:13,29522.50,29523.00,29521.50,29522.25,147,29522.25,29522.25,0.00
2026-08-19 10:36:14,29522.25,29522.75,29518.00,29518.00,165,29518.00,29518.00,0.00
2026-08-19 10:36:15,29517.75,29518.25,29512.50,29512.75,288,29512.75,29512.75,0.00
2026-08-19 10:36:16,29513.00,29516.75,29512.75,29516.50,138,29516.50,29516.50,0.00
2026-08-19 10:36:17,29516.25,29516.25,29512.75,29514.00,109,29514.00,29514.00,0.00
2026-08-19 10:36:18,29513.75,29514.50,29510.75,29511.75,182,29511.75,29511.75,0.00
2026-08-19 10:36:19,29511.75,29516.25,29511.50,29516.00,127,29516.00,29516.00,0.00
2026-08-19 10:36:20,29516.00,29516.25,29514.75,29514.75,69,29514.75,29514.75,0.00
2026-08-19 10:36:21,29514.75,29516.75,29513.75,29515.75,153,29515.75,29515.75,0.00
2026-08-19 10:36:22,29516.50,29516.50,29514.00,29514.00,75,29514.00,29514.00,0.00
2026-08-19 10:36:23,29514.25,29515.00,29512.25,29512.75,127,29512.75,29512.75,0.00
2026-08-19 10:36:24,29513.25,29515.00,29512.75,29514.75,90,29514.75,29514.75,0.00
2026-08-19 10:36:25,29514.75,29516.75,29514.00,29514.75,84,29514.75,29514.75,0.00
2026-08-19 10:36:26,29515.00,29515.75,29513.50,29515.75,55,29515.75,29515.75,0.00
2026-08-19 10:36:27,29515.75,29517.00,29514.25,29515.75,99,29515.75,29515.75,0.00
2026-08-19 10:36:28,29515.50,29518.25,29515.00,29516.50,66,29516.50,29516.50,0.00
2026-08-19 10:36:29,29516.25,29516.50,29514.75,29515.75,44,29515.75,29515.75,0.00
2026-08-19 10:36:30,29515.50,29518.75,29515.50,29518.75,58,29518.75,29518.75,0.00
2026-08-19 10:36:31,29518.25,29520.00,29517.00,29518.00,73,29518.00,29518.00,0.00
2026-08-19 10:36:32,29518.00,29519.25,29517.75,29517.75,69,29517.75,29517.75,0.00
2026-08-19 10:36:33,29517.75,29521.25,29517.50,29518.25,115,29518.25,29518.25,0.00
2026-08-19 10:36:34,29518.50,29519.00,29516.50,29517.50,138,29517.50,29517.50,0.00
2026-08-19 10:36:35,29517.25,29517.25,29512.00,29514.50,120,29514.50,29514.50,0.00
2026-08-19 10:36:36,29513.75,29515.50,29513.25,29515.50,44,29515.50,29515.50,0.00
2026-08-19 10:36:37,29515.25,29518.00,29515.25,29516.75,50,29516.75,29516.75,0.00
2026-08-19 10:36:38,29516.25,29517.25,29516.00,29517.00,74,29517.00,29517.00,0.00
2026-08-19 10:36:39,29516.75,29517.25,29516.00,29516.25,53,29516.25,29516.25,0.00
2026-08-19 10:36:40,29516.50,29517.25,29514.75,29516.50,56,29516.50,29516.50,0.00
2026-08-19 10:36:41,29517.00,29518.25,29517.00,29517.25,63,29517.25,29517.25,0.00
2026-08-19 10:36:42,29517.50,29518.25,29516.75,29518.25,34,29518.25,29518.25,0.00
2026-08-19 10:36:43,29518.00,29518.25,29513.25,29513.75,126,29513.75,29513.75,0.00
2026-08-19 10:36:44,29513.25,29514.75,29513.00,29514.00,78,29514.00,29514.00,0.00
2026-08-19 10:36:45,29514.25,29514.50,29512.25,29513.25,64,29513.25,29513.25,0.00
2026-08-19 10:36:46,29514.00,29514.50,29512.50,29512.75,39,29512.75,29512.75,0.00
2026-08-19 10:36:47,29513.50,29514.50,29512.75,29513.50,56,29513.50,29513.50,0.00
2026-08-19 10:36:48,29512.75,29513.00,29510.00,29511.00,159,29511.00,29511.00,0.00
2026-08-19 10:36:49,29511.00,29511.75,29509.50,29511.00,97,29511.00,29511.00,0.00
2026-08-19 10:36:50,29511.00,29511.00,29509.25,29509.75,79,29509.75,29509.75,0.00
2026-08-19 10:36:51,29509.50,29510.25,29507.00,29507.25,201,29507.25,29507.25,0.00
2026-08-19 10:36:52,29507.75,29511.50,29507.25,29511.00,130,29511.00,29511.00,0.00
2026-08-19 10:36:53,29510.50,29510.75,29507.75,29509.25,106,29509.25,29509.25,0.00
2026-08-19 10:36:54,29509.50,29516.00,29509.50,29515.75,146,29515.75,29515.75,0.00
2026-08-19 10:36:55,29515.75,29518.00,29515.25,29517.00,101,29517.00,29517.00,0.00
2026-08-19 10:36:56,29517.50,29519.50,29517.50,29519.00,103,29519.00,29519.00,0.00
2026-08-19 10:36:57,29519.50,29522.50,29519.50,29520.50,194,29520.50,29520.50,0.00
2026-08-19 10:36:58,29520.75,29521.50,29517.50,29518.75,132,29518.75,29518.75,0.00
2026-08-19 10:36:59,29518.75,29520.25,29517.75,29519.25,114,29519.25,29519.25,0.00
2026-08-19 10:37:00,29519.00,29521.25,29518.75,29520.75,61,29520.75,29520.75,0.00
2026-08-19 10:37:01,29521.25,29522.25,29520.00,29520.50,110,29520.50,29520.50,0.00
2026-08-19 10:37:02,29520.00,29520.50,29518.50,29518.75,87,29518.75,29518.75,0.00
2026-08-19 10:37:03,29518.75,29519.25,29517.25,29517.50,95,29517.50,29517.50,0.00
2026-08-19 10:37:04,29517.50,29519.50,29515.75,29518.75,149,29518.75,29518.75,0.00
2026-08-19 10:37:05,29519.25,29523.00,29519.00,29523.00,97,29523.00,29523.00,0.00
2026-08-19 10:37:06,29523.00,29524.25,29521.75,29522.25,287,29522.25,29522.25,0.00
2026-08-19 10:37:07,29522.25,29523.00,29520.25,29520.25,106,29520.25,29520.25,0.00
2026-08-19 10:37:08,29520.25,29521.50,29520.00,29520.25,49,29520.25,29520.25,0.00
2026-08-19 10:37:09,29520.00,29521.75,29519.00,29521.50,52,29521.50,29521.50,0.00
2026-08-19 10:37:10,29521.25,29521.25,29520.25,29520.50,32,29520.50,29520.50,0.00
2026-08-19 10:37:11,29520.50,29523.25,29520.00,29522.50,54,29522.50,29522.50,0.00
2026-08-19 10:37:12,29522.50,29524.75,29522.50,29524.50,96,29524.50,29524.50,0.00
2026-08-19 10:37:13,29524.25,29530.25,29524.00,29529.25,1030,29529.25,29529.25,0.00
2026-08-19 10:37:14,29529.00,29534.75,29528.75,29532.75,688,29532.75,29532.75,0.00
2026-08-19 10:37:15,29533.00,29535.50,29532.00,29533.50,381,29533.50,29533.50,0.00
2026-08-19 10:37:16,29533.25,29535.25,29533.00,29534.25,299,29534.25,29534.25,0.00
2026-08-19 10:37:17,29534.75,29535.75,29531.75,29532.50,237,29532.50,29532.50,0.00
2026-08-19 10:37:18,29532.00,29535.00,29531.50,29534.50,177,29534.50,29534.50,0.00
2026-08-19 10:37:19,29534.25,29535.75,29533.50,29535.75,154,29535.75,29535.75,0.00
2026-08-19 10:37:20,29535.50,29538.50,29535.00,29538.25,248,29538.25,29538.25,0.00
2026-08-19 10:37:21,29537.75,29540.50,29537.25,29540.00,388,29540.00,29540.00,0.00
2026-08-19 10:37:22,29540.00,29540.50,29538.75,29539.75,174,29539.75,29539.75,0.00
2026-08-19 10:37:23,29540.00,29541.75,29539.50,29540.75,155,29540.75,29540.75,0.00
2026-08-19 10:37:24,29540.50,29542.75,29540.00,29542.25,168,29542.25,29542.25,0.00
2026-08-19 10:37:25,29542.00,29542.00,29540.00,29540.50,133,29540.50,29540.50,0.00
2026-08-19 10:37:26,29540.00,29540.25,29538.50,29538.75,188,29538.75,29538.75,0.00
2026-08-19 10:37:27,29539.50,29540.50,29537.25,29538.00,158,29538.00,29538.00,0.00
2026-08-19 10:37:28,29537.75,29538.50,29536.75,29537.75,143,29537.75,29537.75,0.00
2026-08-19 10:37:29,29537.50,29539.75,29537.25,29539.75,130,29539.75,29539.75,0.00
2026-08-19 10:37:30,29539.50,29542.25,29538.50,29541.50,117,29541.50,29541.50,0.00
2026-08-19 10:37:31,29542.25,29542.25,29539.00,29539.75,146,29539.75,29539.75,0.00
2026-08-19 10:37:32,29539.50,29542.75,29539.00,29542.50,169,29542.50,29542.50,0.00
2026-08-19 10:37:33,29542.50,29544.75,29542.25,29543.50,318,29543.50,29543.50,0.00
2026-08-19 10:37:34,29543.50,29545.25,29543.50,29544.25,193,29544.25,29544.25,0.00
2026-08-19 10:37:35,29543.75,29544.00,29542.50,29542.50,90,29542.50,29542.50,0.00
2026-08-19 10:37:36,29542.50,29544.25,29542.50,29543.00,130,29543.00,29543.00,0.00
2026-08-19 10:37:37,29543.00,29544.50,29543.00,29543.50,93,29543.50,29543.50,0.00
2026-08-19 10:37:38,29543.00,29544.00,29542.00,29542.25,130,29542.25,29542.25,0.00
2026-08-19 10:37:39,29542.50,29542.50,29540.25,29541.50,170,29541.50,29541.50,0.00
2026-08-19 10:37:40,29541.50,29542.00,29540.50,29541.50,133,29541.50,29541.50,0.00
2026-08-19 10:37:41,29542.00,29542.25,29540.50,29541.00,108,29541.00,29541.00,0.00
2026-08-19 10:37:42,29540.50,29542.50,29540.50,29541.00,130,29541.00,29541.00,0.00
2026-08-19 10:37:43,29540.50,29541.50,29539.75,29541.00,77,29541.00,29541.00,0.00
2026-08-19 10:37:44,29541.00,29541.25,29539.00,29539.00,92,29539.00,29539.00,0.00
2026-08-19 10:37:45,29539.00,29540.50,29538.00,29539.00,211,29539.00,29539.00,0.00
2026-08-19 10:37:46,29539.00,29540.50,29538.50,29539.75,111,29539.75,29539.75,0.00
2026-08-19 10:37:47,29539.75,29542.25,29539.25,29540.50,114,29540.50,29540.50,0.00
2026-08-19 10:37:48,29539.75,29540.00,29538.50,29540.00,125,29540.00,29540.00,0.00
2026-08-19 10:37:49,29540.00,29540.75,29539.50,29540.50,70,29540.50,29540.50,0.00
2026-08-19 10:37:50,29540.75,29540.75,29537.75,29538.50,85,29538.50,29538.50,0.00
2026-08-19 10:37:51,29537.75,29538.50,29536.75,29537.00,93,29537.00,29537.00,0.00
2026-08-19 10:37:52,29537.00,29539.00,29537.00,29537.25,104,29537.25,29537.25,0.00
2026-08-19 10:37:53,29537.50,29539.25,29537.50,29537.50,100,29537.50,29537.50,0.00
2026-08-19 10:37:54,29537.25,29540.00,29537.25,29539.25,73,29539.25,29539.25,0.00
2026-08-19 10:37:55,29538.75,29538.75,29537.25,29537.25,64,29537.25,29537.25,0.00
2026-08-19 10:37:56,29537.25,29539.00,29536.75,29538.75,53,29538.75,29538.75,0.00
2026-08-19 10:37:57,29538.50,29538.75,29537.25,29537.75,43,29537.75,29537.75,0.00
2026-08-19 10:37:58,29537.75,29539.00,29536.75,29539.00,64,29539.00,29539.00,0.00
2026-08-19 10:37:59,29538.75,29541.00,29538.25,29541.00,136,29541.00,29541.00,0.00
2026-08-19 10:38:00,29540.75,29541.00,29539.75,29540.25,94,29540.25,29540.25,0.00
2026-08-19 10:38:01,29540.25,29544.50,29538.50,29544.00,269,29544.00,29544.00,0.00
2026-08-19 10:38:02,29543.50,29546.50,29542.50,29543.75,393,29543.75,29543.75,0.00
2026-08-19 10:38:03,29544.00,29545.50,29544.00,29544.25,118,29544.25,29544.25,0.00
2026-08-19 10:38:04,29544.50,29547.50,29544.25,29546.50,159,29546.50,29546.50,0.00
2026-08-19 10:38:05,29545.75,29547.25,29544.50,29546.75,171,29546.75,29546.75,0.00
2026-08-19 10:38:06,29546.75,29548.00,29545.00,29546.25,267,29546.25,29546.25,0.00
2026-08-19 10:38:07,29546.75,29547.75,29546.00,29546.50,180,29546.50,29546.50,0.00
2026-08-19 10:38:08,29546.50,29546.75,29542.75,29544.75,202,29544.75,29544.75,0.00
2026-08-19 10:38:09,29544.25,29544.75,29543.50,29544.00,125,29544.00,29544.00,0.00
2026-08-19 10:38:10,29544.25,29545.25,29544.00,29544.00,114,29544.00,29544.00,0.00
2026-08-19 10:38:11,29544.00,29546.00,29543.50,29545.25,131,29545.25,29545.25,0.00
2026-08-19 10:38:12,29545.50,29546.25,29545.00,29546.25,60,29546.25,29546.25,0.00
2026-08-19 10:38:13,29545.50,29546.75,29544.50,29545.75,119,29545.75,29545.75,0.00
2026-08-19 10:38:14,29545.50,29548.00,29545.50,29546.50,140,29546.50,29546.50,0.00
2026-08-19 10:38:15,29547.00,29549.25,29545.75,29549.00,155,29549.00,29549.00,0.00
2026-08-19 10:38:16,29548.50,29550.25,29547.50,29548.00,305,29548.00,29548.00,0.00
2026-08-19 10:38:17,29548.00,29548.50,29547.00,29548.00,158,29548.00,29548.00,0.00
2026-08-19 10:38:18,29548.25,29549.50,29548.25,29548.50,78,29548.50,29548.50,0.00
2026-08-19 10:38:19,29549.25,29549.25,29547.00,29547.75,80,29547.75,29547.75,0.00
2026-08-19 10:38:20,29547.75,29548.75,29547.50,29548.50,77,29548.50,29548.50,0.00
2026-08-19 10:38:21,29548.50,29548.75,29547.25,29547.75,61,29547.75,29547.75,0.00
2026-08-19 10:38:22,29547.75,29548.25,29547.00,29547.50,43,29547.50,29547.50,0.00
2026-08-19 10:38:23,29548.25,29550.25,29548.25,29549.50,119,29549.50,29549.50,0.00
2026-08-19 10:38:24,29549.50,29552.00,29549.25,29551.00,190,29551.00,29551.00,0.00
2026-08-19 10:38:25,29550.75,29552.00,29550.25,29551.50,144,29551.50,29551.50,0.00
2026-08-19 10:38:26,29551.75,29554.00,29551.75,29553.00,190,29553.00,29553.00,0.00
2026-08-19 10:38:27,29553.00,29553.25,29550.50,29552.50,146,29552.50,29552.50,0.00
2026-08-19 10:38:28,29552.50,29552.75,29551.50,29552.00,62,29552.00,29552.00,0.00
2026-08-19 10:38:29,29552.50,29554.00,29551.50,29553.50,118,29553.50,29553.50,0.00
2026-08-19 10:38:30,29553.50,29554.25,29551.50,29551.75,136,29551.75,29551.75,0.00
2026-08-19 10:38:31,29552.00,29553.75,29551.50,29553.50,121,29553.50,29553.50,0.00
2026-08-19 10:38:32,29553.00,29553.25,29551.25,29552.00,99,29552.00,29552.00,0.00
2026-08-19 10:38:33,29551.75,29552.50,29551.00,29551.75,70,29551.75,29551.75,0.00
2026-08-19 10:38:34,29551.50,29553.00,29550.75,29551.75,103,29551.75,29551.75,0.00
2026-08-19 10:38:35,29551.25,29551.50,29548.00,29549.25,142,29549.25,29549.25,0.00
2026-08-19 10:38:36,29549.00,29549.75,29548.25,29548.50,128,29548.50,29548.50,0.00
2026-08-19 10:38:37,29548.75,29550.50,29547.50,29548.00,166,29548.00,29548.00,0.00
2026-08-19 10:38:38,29548.25,29549.25,29547.75,29548.50,87,29548.50,29548.50,0.00
2026-08-19 10:38:39,29548.25,29549.75,29548.25,29549.25,30,29549.25,29549.25,0.00
2026-08-19 10:38:40,29549.25,29549.75,29547.75,29549.50,137,29549.50,29549.50,0.00
2026-08-19 10:38:41,29549.75,29550.00,29546.75,29547.50,118,29547.50,29547.50,0.00
2026-08-19 10:38:42,29547.25,29548.25,29547.00,29547.25,94,29547.25,29547.25,0.00
2026-08-19 10:38:43,29546.75,29547.00,29546.00,29546.75,122,29546.75,29546.75,0.00
2026-08-19 10:38:44,29547.00,29548.25,29546.25,29546.75,111,29546.75,29546.75,0.00
2026-08-19 10:38:45,29546.75,29548.75,29546.75,29548.00,49,29548.00,29548.00,0.00
2026-08-19 10:38:46,29548.50,29549.50,29547.25,29549.00,50,29549.00,29549.00,0.00
2026-08-19 10:38:47,29548.75,29550.00,29548.50,29549.25,74,29549.25,29549.25,0.00
2026-08-19 10:38:48,29549.25,29550.00,29547.00,29547.00,44,29547.00,29547.00,0.00
2026-08-19 10:38:49,29547.25,29549.75,29547.25,29549.25,76,29549.25,29549.25,0.00
2026-08-19 10:38:50,29549.00,29550.50,29548.75,29549.50,90,29549.50,29549.50,0.00
2026-08-19 10:38:51,29549.00,29550.50,29548.50,29548.75,89,29548.75,29548.75,0.00
2026-08-19 10:38:52,29548.75,29550.00,29548.25,29549.75,56,29549.75,29549.75,0.00
2026-08-19 10:38:53,29550.00,29551.75,29550.00,29551.00,98,29551.00,29551.00,0.00
2026-08-19 10:38:54,29550.75,29550.75,29548.75,29548.75,51,29548.75,29548.75,0.00
2026-08-19 10:38:55,29548.75,29549.50,29548.50,29549.50,22,29549.50,29549.50,0.00
2026-08-19 10:38:56,29549.50,29550.00,29548.50,29549.50,51,29549.50,29549.50,0.00
2026-08-19 10:38:57,29549.25,29549.50,29547.25,29547.50,40,29547.50,29547.50,0.00
2026-08-19 10:38:58,29548.00,29549.00,29547.25,29549.00,41,29549.00,29549.00,0.00
2026-08-19 10:38:59,29549.50,29553.25,29549.50,29551.00,93,29551.00,29551.00,0.00
2026-08-19 10:39:00,29550.75,29551.25,29549.75,29549.75,50,29549.75,29549.75,0.00
2026-08-19 10:39:01,29550.25,29554.50,29549.75,29554.50,155,29554.50,29554.50,0.00
2026-08-19 10:39:02,29554.50,29555.50,29551.75,29555.25,264,29555.25,29555.25,0.00
2026-08-19 10:39:03,29555.00,29555.25,29553.50,29554.00,93,29554.00,29554.00,0.00
2026-08-19 10:39:04,29553.75,29559.50,29553.50,29559.50,414,29559.50,29559.50,0.00
2026-08-19 10:39:05,29559.50,29561.75,29559.50,29561.00,540,29561.00,29561.00,0.00
2026-08-19 10:39:06,29561.00,29563.75,29560.50,29563.00,293,29563.00,29563.00,0.00
2026-08-19 10:39:07,29562.25,29563.00,29560.50,29562.50,216,29562.50,29562.50,0.00
2026-08-19 10:39:08,29562.25,29564.75,29561.25,29564.25,235,29564.25,29564.25,0.00
2026-08-19 10:39:09,29564.25,29565.00,29563.00,29564.25,209,29564.25,29564.25,0.00
2026-08-19 10:39:10,29564.25,29564.50,29562.75,29563.50,76,29563.50,29563.50,0.00
2026-08-19 10:39:11,29563.50,29565.00,29561.75,29561.75,233,29561.75,29561.75,0.00
2026-08-19 10:39:12,29561.75,29561.75,29558.75,29559.25,162,29559.25,29559.25,0.00
2026-08-19 10:39:13,29559.00,29560.50,29557.50,29559.25,250,29559.25,29559.25,0.00
2026-08-19 10:39:14,29559.75,29560.50,29558.00,29558.50,106,29558.50,29558.50,0.00
2026-08-19 10:39:15,29559.00,29560.50,29556.75,29558.50,168,29558.50,29558.50,0.00
2026-08-19 10:39:16,29558.75,29559.75,29556.50,29559.25,135,29559.25,29559.25,0.00
2026-08-19 10:39:17,29559.50,29560.50,29558.00,29558.00,98,29558.00,29558.00,0.00
2026-08-19 10:39:18,29558.50,29559.50,29557.75,29558.50,78,29558.50,29558.50,0.00
2026-08-19 10:39:19,29558.50,29560.00,29558.25,29559.25,135,29559.25,29559.25,0.00
2026-08-19 10:39:20,29559.25,29559.50,29558.00,29558.00,46,29558.00,29558.00,0.00
2026-08-19 10:39:21,29558.25,29560.25,29558.00,29559.75,79,29559.75,29559.75,0.00
2026-08-19 10:39:22,29559.75,29560.25,29558.75,29558.75,45,29558.75,29558.75,0.00
2026-08-19 10:39:23,29558.50,29558.50,29556.25,29557.00,107,29557.00,29557.00,0.00
2026-08-19 10:39:24,29557.00,29558.75,29556.75,29557.25,252,29557.25,29557.25,0.00
2026-08-19 10:39:25,29557.25,29558.00,29556.50,29558.00,80,29558.00,29558.00,0.00
2026-08-19 10:39:26,29557.50,29560.00,29557.50,29559.25,122,29559.25,29559.25,0.00
2026-08-19 10:39:27,29559.75,29560.00,29558.75,29560.00,67,29560.00,29560.00,0.00
2026-08-19 10:39:28,29560.00,29561.50,29559.50,29561.00,124,29561.00,29561.00,0.00
2026-08-19 10:39:29,29561.25,29561.50,29560.25,29560.25,60,29560.25,29560.25,0.00
2026-08-19 10:39:30,29560.75,29561.50,29560.00,29561.50,58,29561.50,29561.50,0.00
2026-08-19 10:39:31,29561.50,29563.50,29560.75,29563.25,116,29563.25,29563.25,0.00
2026-08-19 10:39:32,29563.25,29563.25,29559.75,29561.50,86,29561.50,29561.50,0.00
2026-08-19 10:39:33,29561.25,29561.75,29558.25,29559.50,66,29559.50,29559.50,0.00
2026-08-19 10:39:34,29559.25,29562.00,29559.25,29560.50,104,29560.50,29560.50,0.00
2026-08-19 10:39:35,29561.00,29561.00,29559.00,29559.25,47,29559.25,29559.25,0.00
2026-08-19 10:39:36,29558.75,29559.25,29557.50,29558.50,82,29558.50,29558.50,0.00
2026-08-19 10:39:37,29559.00,29559.75,29556.00,29559.25,117,29559.25,29559.25,0.00
2026-08-19 10:39:38,29559.00,29560.00,29558.00,29559.50,73,29559.50,29559.50,0.00
2026-08-19 10:39:39,29559.00,29559.00,29557.50,29558.50,36,29558.50,29558.50,0.00
2026-08-19 10:39:40,29557.50,29558.50,29557.50,29558.25,41,29558.25,29558.25,0.00
2026-08-19 10:39:41,29557.75,29561.25,29557.50,29560.75,89,29560.75,29560.75,0.00
2026-08-19 10:39:42,29561.00,29561.25,29560.50,29561.00,32,29561.00,29561.00,0.00
2026-08-19 10:39:43,29561.25,29562.75,29561.25,29562.50,49,29562.50,29562.50,0.00
2026-08-19 10:39:44,29562.25,29563.25,29561.50,29562.00,36,29562.00,29562.00,0.00
2026-08-19 10:39:45,29561.75,29563.50,29561.25,29562.00,64,29562.00,29562.00,0.00
2026-08-19 10:39:46,29562.00,29563.00,29561.75,29561.75,67,29561.75,29561.75,0.00
2026-08-19 10:39:47,29562.75,29562.75,29562.00,29562.00,43,29562.00,29562.00,0.00
2026-08-19 10:39:48,29562.50,29562.50,29561.50,29562.50,72,29562.50,29562.50,0.00
2026-08-19 10:39:49,29562.75,29563.00,29562.00,29562.25,42,29562.25,29562.25,0.00
2026-08-19 10:39:50,29562.25,29564.25,29562.00,29564.25,95,29564.25,29564.25,0.00
2026-08-19 10:39:51,29564.00,29566.75,29563.75,29566.00,349,29566.00,29566.00,0.00
2026-08-19 10:39:52,29565.75,29566.50,29565.00,29565.75,95,29565.75,29565.75,0.00
2026-08-19 10:39:53,29565.75,29567.25,29565.25,29566.50,90,29566.50,29566.50,0.00
2026-08-19 10:39:54,29566.25,29566.25,29564.00,29565.00,98,29565.00,29565.00,0.00
2026-08-19 10:39:55,29564.75,29565.25,29563.50,29564.00,81,29564.00,29564.00,0.00
2026-08-19 10:39:56,29563.50,29565.25,29563.50,29564.00,73,29564.00,29564.00,0.00
2026-08-19 10:39:57,29564.00,29564.75,29562.75,29563.25,81,29563.25,29563.25,0.00
2026-08-19 10:39:58,29563.75,29564.25,29562.25,29563.50,80,29563.50,29563.50,0.00
2026-08-19 10:39:59,29563.50,29563.75,29563.00,29563.50,44,29563.50,29563.50,0.00
2026-08-19 10:40:00,29563.75,29566.00,29563.75,29565.50,87,29565.50,29565.50,0.00
2026-08-19 10:40:01,29565.75,29568.00,29565.25,29566.25,351,29566.25,29566.25,0.00
2026-08-19 10:40:02,29566.00,29568.00,29564.75,29568.00,159,29568.00,29568.00,0.00
2026-08-19 10:40:03,29567.75,29568.00,29565.25,29566.75,161,29566.75,29566.75,0.00
2026-08-19 10:40:04,29567.00,29568.25,29565.00,29567.25,155,29567.25,29567.25,0.00
2026-08-19 10:40:05,29567.50,29567.50,29565.75,29566.25,78,29566.25,29566.25,0.00
2026-08-19 10:40:06,29566.50,29573.25,29566.50,29572.50,569,29572.50,29572.50,0.00
2026-08-19 10:40:07,29572.50,29573.25,29571.00,29573.25,215,29573.25,29573.25,0.00
2026-08-19 10:40:08,29573.25,29574.00,29571.75,29572.50,298,29572.50,29572.50,0.00
2026-08-19 10:40:09,29572.50,29573.50,29572.25,29572.50,80,29572.50,29572.50,0.00
2026-08-19 10:40:10,29573.00,29574.25,29572.75,29573.25,208,29573.25,29573.25,0.00
2026-08-19 10:40:11,29572.75,29575.00,29572.25,29574.25,304,29574.25,29574.25,0.00
2026-08-19 10:40:12,29574.00,29574.25,29572.75,29573.50,105,29573.50,29573.50,0.00
2026-08-19 10:40:13,29573.75,29575.00,29573.25,29574.25,91,29574.25,29574.25,0.00
2026-08-19 10:40:14,29573.50,29574.25,29572.00,29572.50,138,29572.50,29572.50,0.00
2026-08-19 10:40:15,29572.50,29573.25,29572.00,29572.75,100,29572.75,29572.75,0.00
2026-08-19 10:40:16,29572.50,29574.25,29570.00,29571.25,164,29571.25,29571.25,0.00
2026-08-19 10:40:17,29571.00,29571.25,29569.75,29570.50,111,29570.50,29570.50,0.00
2026-08-19 10:40:18,29570.50,29570.75,29567.50,29568.50,186,29568.50,29568.50,0.00
2026-08-19 10:40:19,29568.25,29569.75,29568.00,29568.75,119,29568.75,29568.75,0.00
2026-08-19 10:40:20,29569.25,29571.50,29568.75,29571.50,94,29571.50,29571.50,0.00
2026-08-19 10:40:21,29571.00,29572.75,29571.00,29571.75,124,29571.75,29571.75,0.00
2026-08-19 10:40:22,29571.50,29572.00,29570.75,29571.50,81,29571.50,29571.50,0.00
2026-08-19 10:40:23,29571.75,29572.25,29570.25,29571.50,57,29571.50,29571.50,0.00
2026-08-19 10:40:24,29571.75,29571.75,29570.00,29570.25,103,29570.25,29570.25,0.00
2026-08-19 10:40:25,29570.50,29570.50,29567.00,29567.25,103,29567.25,29567.25,0.00
2026-08-19 10:40:26,29567.25,29568.75,29565.50,29568.00,124,29568.00,29568.00,0.00
2026-08-19 10:40:27,29568.00,29571.00,29567.75,29570.75,82,29570.75,29570.75,0.00
2026-08-19 10:40:28,29570.25,29570.50,29567.25,29568.50,82,29568.50,29568.50,0.00
2026-08-19 10:40:29,29568.75,29568.75,29563.75,29566.00,181,29566.00,29566.00,0.00
2026-08-19 10:40:30,29566.00,29566.25,29560.75,29561.00,273,29561.00,29561.00,0.00
2026-08-19 10:40:31,29561.25,29561.75,29559.00,29560.75,350,29560.75,29560.75,0.00
2026-08-19 10:40:32,29561.25,29562.50,29560.00,29562.50,201,29562.50,29562.50,0.00
2026-08-19 10:40:33,29563.00,29567.25,29562.50,29565.00,165,29565.00,29565.00,0.00
2026-08-19 10:40:34,29565.25,29566.25,29563.50,29565.00,167,29565.00,29565.00,0.00
2026-08-19 10:40:35,29564.75,29564.75,29563.25,29563.50,83,29563.50,29563.50,0.00
2026-08-19 10:40:36,29563.25,29564.00,29561.50,29561.75,100,29561.75,29561.75,0.00
2026-08-19 10:40:37,29562.25,29562.25,29558.25,29560.50,175,29560.50,29560.50,0.00
2026-08-19 10:40:38,29560.75,29561.50,29558.75,29560.50,128,29560.50,29560.50,0.00
2026-08-19 10:40:39,29560.25,29563.00,29559.00,29562.50,131,29562.50,29562.50,0.00
2026-08-19 10:40:40,29562.25,29562.25,29560.00,29561.25,113,29561.25,29561.25,0.00
2026-08-19 10:40:41,29560.75,29561.50,29559.25,29560.00,146,29560.00,29560.00,0.00
2026-08-19 10:40:42,29559.50,29560.75,29559.00,29560.75,96,29560.75,29560.75,0.00
2026-08-19 10:40:43,29561.00,29562.25,29560.75,29562.25,114,29562.25,29562.25,0.00
2026-08-19 10:40:44,29562.50,29564.50,29562.25,29564.25,109,29564.25,29564.25,0.00
2026-08-19 10:40:45,29564.25,29565.00,29562.50,29564.00,100,29564.00,29564.00,0.00
2026-08-19 10:40:46,29563.75,29564.75,29563.25,29564.25,66,29564.25,29564.25,0.00
2026-08-19 10:40:47,29563.75,29565.75,29563.75,29565.25,59,29565.25,29565.25,0.00
2026-08-19 10:40:48,29564.75,29566.75,29564.75,29565.75,80,29565.75,29565.75,0.00
2026-08-19 10:40:49,29565.75,29566.75,29564.25,29566.00,106,29566.00,29566.00,0.00
2026-08-19 10:40:50,29566.25,29568.75,29565.50,29567.75,117,29567.75,29567.75,0.00
2026-08-19 10:40:51,29568.50,29569.50,29567.75,29568.75,116,29568.75,29568.75,0.00
2026-08-19 10:40:52,29568.50,29568.50,29566.00,29566.25,56,29566.25,29566.25,0.00
2026-08-19 10:40:53,29566.00,29566.50,29563.50,29564.75,93,29564.75,29564.75,0.00
2026-08-19 10:40:54,29564.75,29565.25,29563.75,29564.25,73,29564.25,29564.25,0.00
2026-08-19 10:40:55,29564.75,29566.25,29564.50,29565.00,77,29565.00,29565.00,0.00
2026-08-19 10:40:56,29565.00,29565.50,29563.25,29564.75,55,29564.75,29564.75,0.00
2026-08-19 10:40:57,29564.25,29564.50,29563.75,29564.25,27,29564.25,29564.25,0.00
2026-08-19 10:40:58,29564.00,29564.25,29562.00,29563.00,117,29563.00,29563.00,0.00
2026-08-19 10:40:59,29563.25,29564.00,29560.50,29560.75,286,29560.75,29560.75,0.00
2026-08-19 10:41:00,29561.25,29563.50,29561.25,29563.50,148,29563.50,29563.50,0.00
2026-08-19 10:41:01,29563.75,29564.00,29562.75,29563.25,82,29563.25,29563.25,0.00
2026-08-19 10:41:02,29563.00,29563.50,29558.50,29559.50,256,29559.50,29559.50,0.00
2026-08-19 10:41:03,29559.50,29560.75,29556.50,29558.50,271,29558.50,29558.50,0.00
2026-08-19 10:41:04,29558.25,29561.00,29558.25,29560.50,109,29560.50,29560.50,0.00
2026-08-19 10:41:05,29560.00,29561.00,29558.75,29559.75,93,29559.75,29559.75,0.00
2026-08-19 10:41:06,29560.00,29565.50,29559.50,29564.00,153,29564.00,29564.00,0.00
2026-08-19 10:41:07,29564.25,29564.25,29559.75,29559.75,114,29559.75,29559.75,0.00
2026-08-19 10:41:08,29559.50,29561.00,29557.75,29560.25,201,29560.25,29560.25,0.00
2026-08-19 10:41:09,29559.75,29562.50,29559.25,29562.50,83,29562.50,29562.50,0.00
2026-08-19 10:41:10,29561.75,29563.50,29561.50,29562.00,61,29562.00,29562.00,0.00
2026-08-19 10:41:11,29561.25,29562.00,29560.25,29561.00,58,29561.00,29561.00,0.00
2026-08-19 10:41:12,29561.00,29563.75,29561.00,29562.50,64,29562.50,29562.50,0.00
2026-08-19 10:41:13,29562.25,29562.25,29559.25,29559.25,71,29559.25,29559.25,0.00
2026-08-19 10:41:14,29559.25,29559.50,29556.75,29557.00,146,29557.00,29557.00,0.00
2026-08-19 10:41:15,29557.50,29559.75,29556.75,29557.75,109,29557.75,29557.75,0.00
2026-08-19 10:41:16,29557.75,29559.25,29555.75,29555.75,123,29555.75,29555.75,0.00
2026-08-19 10:41:17,29555.50,29555.75,29553.50,29553.50,210,29553.50,29553.50,0.00
2026-08-19 10:41:18,29554.25,29561.25,29553.50,29560.75,207,29560.75,29560.75,0.00
2026-08-19 10:41:19,29560.50,29562.00,29558.75,29561.25,118,29561.25,29561.25,0.00
2026-08-19 10:41:20,29561.00,29561.25,29557.75,29558.75,80,29558.75,29558.75,0.00
2026-08-19 10:41:21,29559.00,29562.50,29559.00,29562.50,68,29562.50,29562.50,0.00
2026-08-19 10:41:22,29562.25,29563.00,29561.25,29562.00,64,29562.00,29562.00,0.00
2026-08-19 10:41:23,29562.00,29563.75,29560.75,29562.50,93,29562.50,29562.50,0.00
2026-08-19 10:41:24,29562.50,29565.75,29562.50,29565.25,99,29565.25,29565.25,0.00
2026-08-19 10:41:25,29564.75,29568.75,29564.75,29567.75,132,29567.75,29567.75,0.00
2026-08-19 10:41:26,29568.00,29569.75,29567.50,29569.25,118,29569.25,29569.25,0.00
2026-08-19 10:41:27,29569.00,29569.75,29568.00,29569.25,83,29569.25,29569.25,0.00
2026-08-19 10:41:28,29569.25,29570.00,29567.50,29568.25,93,29568.25,29568.25,0.00
2026-08-19 10:41:29,29568.25,29569.00,29567.75,29568.25,63,29568.25,29568.25,0.00
2026-08-19 10:41:30,29569.00,29570.50,29568.25,29570.25,122,29570.25,29570.25,0.00
2026-08-19 10:41:31,29570.25,29572.25,29570.00,29571.50,131,29571.50,29571.50,0.00
2026-08-19 10:41:32,29571.00,29572.00,29570.00,29570.25,85,29570.25,29570.25,0.00
2026-08-19 10:41:33,29570.00,29570.75,29568.50,29569.50,123,29569.50,29569.50,0.00
2026-08-19 10:41:34,29569.50,29569.75,29567.25,29568.50,78,29568.50,29568.50,0.00
2026-08-19 10:41:35,29568.50,29569.50,29567.50,29569.25,98,29569.25,29569.25,0.00
2026-08-19 10:41:36,29569.75,29570.25,29568.50,29569.00,66,29569.00,29569.00,0.00
2026-08-19 10:41:37,29568.75,29569.25,29566.25,29566.75,95,29566.75,29566.75,0.00
2026-08-19 10:41:38,29567.00,29568.50,29567.00,29568.00,46,29568.00,29568.00,0.00
2026-08-19 10:41:39,29568.25,29569.00,29567.75,29568.25,50,29568.25,29568.25,0.00
2026-08-19 10:41:40,29568.50,29569.00,29568.00,29568.25,31,29568.25,29568.25,0.00
2026-08-19 10:41:41,29568.00,29568.00,29564.75,29565.00,94,29565.00,29565.00,0.00
2026-08-19 10:41:42,29565.50,29566.50,29564.50,29565.50,96,29565.50,29565.50,0.00
2026-08-19 10:41:43,29565.75,29568.00,29565.75,29567.50,48,29567.50,29567.50,0.00
2026-08-19 10:41:44,29567.50,29567.50,29564.75,29565.25,57,29565.25,29565.25,0.00
2026-08-19 10:41:45,29565.50,29565.50,29564.50,29565.00,69,29565.00,29565.00,0.00
2026-08-19 10:41:46,29564.25,29564.25,29563.00,29563.50,57,29563.50,29563.50,0.00
2026-08-19 10:41:47,29563.25,29563.25,29559.25,29559.25,154,29559.25,29559.25,0.00
2026-08-19 10:41:48,29559.25,29559.75,29557.50,29558.25,89,29558.25,29558.25,0.00
2026-08-19 10:41:49,29558.00,29558.75,29555.25,29555.75,156,29555.75,29555.75,0.00
2026-08-19 10:41:50,29555.50,29555.75,29551.50,29554.50,269,29554.50,29554.50,0.00
2026-08-19 10:41:51,29554.50,29555.00,29552.75,29553.25,140,29553.25,29553.25,0.00
2026-08-19 10:41:52,29553.50,29553.50,29551.00,29551.00,165,29551.00,29551.00,0.00
2026-08-19 10:41:53,29551.50,29551.50,29548.25,29551.00,311,29551.00,29551.00,0.00
2026-08-19 10:41:54,29550.75,29553.00,29550.75,29552.75,121,29552.75,29552.75,0.00
2026-08-19 10:41:55,29551.75,29553.50,29551.50,29553.00,102,29553.00,29553.00,0.00
2026-08-19 10:41:56,29552.50,29552.50,29549.00,29551.25,131,29551.25,29551.25,0.00
2026-08-19 10:41:57,29551.25,29551.25,29549.00,29550.25,116,29550.25,29550.25,0.00
2026-08-19 10:41:58,29550.50,29550.50,29548.50,29549.50,68,29549.50,29549.50,0.00
2026-08-19 10:41:59,29549.25,29549.75,29547.50,29548.00,143,29548.00,29548.00,0.00
2026-08-19 10:42:00,29548.00,29551.50,29548.00,29550.50,120,29550.50,29550.50,0.00
2026-08-19 10:42:01,29550.50,29551.25,29545.50,29545.50,376,29545.50,29545.50,0.00
2026-08-19 10:42:02,29545.25,29547.75,29543.75,29546.25,286,29546.25,29546.25,0.00
2026-08-19 10:42:03,29546.50,29549.25,29545.50,29548.75,194,29548.75,29548.75,0.00
2026-08-19 10:42:04,29548.50,29549.75,29547.00,29549.00,127,29549.00,29549.00,0.00
2026-08-19 10:42:05,29549.75,29552.25,29548.75,29549.50,184,29549.50,29549.50,0.00
2026-08-19 10:42:06,29549.75,29550.50,29548.25,29550.50,102,29550.50,29550.50,0.00
2026-08-19 10:42:07,29550.00,29551.50,29548.75,29550.75,105,29550.75,29550.75,0.00
2026-08-19 10:42:08,29551.00,29552.75,29547.00,29547.50,148,29547.50,29547.50,0.00
2026-08-19 10:42:09,29547.25,29547.50,29545.25,29547.50,105,29547.50,29547.50,0.00
2026-08-19 10:42:10,29547.00,29548.25,29545.25,29546.50,141,29546.50,29546.50,0.00
2026-08-19 10:42:11,29547.00,29547.00,29543.50,29544.50,177,29544.50,29544.50,0.00
2026-08-19 10:42:12,29544.50,29544.75,29541.75,29542.75,289,29542.75,29542.75,0.00
2026-08-19 10:42:13,29543.00,29545.25,29540.50,29541.00,156,29541.00,29541.00,0.00
2026-08-19 10:42:14,29540.75,29540.75,29536.50,29540.25,572,29540.25,29540.25,0.00
2026-08-19 10:42:15,29539.50,29540.25,29538.25,29539.50,217,29539.50,29539.50,0.00
2026-08-19 10:42:16,29539.75,29542.25,29538.75,29539.00,174,29539.00,29539.00,0.00
2026-08-19 10:42:17,29539.00,29539.00,29536.50,29538.50,169,29538.50,29538.50,0.00
2026-08-19 10:42:18,29538.25,29539.50,29537.75,29539.25,100,29539.25,29539.25,0.00
2026-08-19 10:42:19,29539.75,29539.75,29536.25,29536.25,125,29536.25,29536.25,0.00
2026-08-19 10:42:20,29536.25,29537.00,29535.00,29536.25,273,29536.25,29536.25,0.00
2026-08-19 10:42:21,29536.50,29539.00,29535.50,29538.25,129,29538.25,29538.25,0.00
2026-08-19 10:42:22,29538.50,29539.75,29537.25,29538.75,141,29538.75,29538.75,0.00
2026-08-19 10:42:23,29538.75,29541.25,29538.00,29541.25,268,29541.25,29541.25,0.00
2026-08-19 10:42:24,29541.75,29542.00,29539.00,29540.25,127,29540.25,29540.25,0.00
2026-08-19 10:42:25,29539.75,29540.75,29539.25,29540.50,122,29540.50,29540.50,0.00
2026-08-19 10:42:26,29540.50,29543.25,29540.25,29542.50,90,29542.50,29542.50,0.00
2026-08-19 10:42:27,29542.75,29546.00,29542.25,29544.75,187,29544.75,29544.75,0.00
2026-08-19 10:42:28,29544.25,29545.75,29544.25,29545.25,86,29545.25,29545.25,0.00
2026-08-19 10:42:29,29545.25,29550.25,29544.50,29550.25,278,29550.25,29550.25,0.00
2026-08-19 10:42:30,29550.75,29551.00,29548.75,29550.00,123,29550.00,29550.00,0.00
2026-08-19 10:42:31,29550.00,29552.00,29549.25,29551.75,116,29551.75,29551.75,0.00
2026-08-19 10:42:32,29550.50,29550.75,29548.50,29549.00,122,29549.00,29549.00,0.00
2026-08-19 10:42:33,29549.25,29552.25,29548.50,29551.00,121,29551.00,29551.00,0.00
2026-08-19 10:42:34,29551.50,29552.00,29550.00,29551.00,69,29551.00,29551.00,0.00
2026-08-19 10:42:35,29551.00,29553.00,29550.00,29551.25,124,29551.25,29551.25,0.00
2026-08-19 10:42:36,29551.25,29552.00,29549.75,29550.50,82,29550.50,29550.50,0.00
2026-08-19 10:42:37,29550.25,29552.00,29550.00,29550.50,101,29550.50,29550.50,0.00
2026-08-19 10:42:38,29550.25,29551.00,29550.00,29550.75,45,29550.75,29550.75,0.00
2026-08-19 10:42:39,29550.50,29553.00,29550.50,29552.75,74,29552.75,29552.75,0.00
2026-08-19 10:42:40,29553.00,29555.50,29552.50,29555.50,165,29555.50,29555.50,0.00
2026-08-19 10:42:41,29555.00,29558.50,29554.75,29557.25,150,29557.25,29557.25,0.00
2026-08-19 10:42:42,29557.75,29559.00,29557.00,29557.75,132,29557.75,29557.75,0.00
2026-08-19 10:42:43,29557.50,29558.00,29554.25,29558.00,136,29558.00,29558.00,0.00
2026-08-19 10:42:44,29558.00,29558.00,29554.00,29556.75,73,29556.75,29556.75,0.00
2026-08-19 10:42:45,29557.25,29560.75,29557.25,29559.50,184,29559.50,29559.50,0.00
2026-08-19 10:42:46,29559.50,29561.25,29558.50,29560.00,174,29560.00,29560.00,0.00
2026-08-19 10:42:47,29560.25,29560.50,29558.25,29560.00,109,29560.00,29560.00,0.00
2026-08-19 10:42:48,29559.75,29560.25,29559.25,29559.25,45,29559.25,29559.25,0.00
2026-08-19 10:42:49,29559.75,29561.25,29559.25,29560.00,107,29560.00,29560.00,0.00
2026-08-19 10:42:50,29560.50,29560.50,29557.25,29560.25,99,29560.25,29560.25,0.00
2026-08-19 10:42:51,29560.00,29560.75,29558.25,29558.75,62,29558.75,29558.75,0.00
2026-08-19 10:42:52,29559.25,29562.00,29559.25,29560.75,78,29560.75,29560.75,0.00
2026-08-19 10:42:53,29561.50,29562.75,29561.25,29561.50,74,29561.50,29561.50,0.00
2026-08-19 10:42:54,29561.50,29562.50,29561.00,29562.00,86,29562.00,29562.00,0.00
2026-08-19 10:42:55,29562.00,29563.00,29560.50,29562.75,76,29562.75,29562.75,0.00
2026-08-19 10:42:56,29562.50,29563.50,29561.50,29563.50,70,29563.50,29563.50,0.00
2026-08-19 10:42:57,29563.00,29564.25,29561.50,29563.25,98,29563.25,29563.25,0.00
2026-08-19 10:42:58,29563.25,29564.75,29563.00,29564.50,89,29564.50,29564.50,0.00
2026-08-19 10:42:59,29564.75,29566.50,29564.50,29566.50,120,29566.50,29566.50,0.00
2026-08-19 10:43:00,29566.50,29568.25,29566.25,29567.50,162,29567.50,29567.50,0.00
2026-08-19 10:43:01,29567.00,29569.00,29567.00,29568.25,209,29568.25,29568.25,0.00
2026-08-19 10:43:02,29569.00,29569.00,29566.25,29566.50,146,29566.50,29566.50,0.00
2026-08-19 10:43:03,29566.50,29567.50,29565.50,29567.25,163,29567.25,29567.25,0.00
2026-08-19 10:43:04,29566.75,29567.00,29562.50,29562.75,139,29562.75,29562.75,0.00
2026-08-19 10:43:05,29562.75,29565.00,29562.50,29565.00,101,29565.00,29565.00,0.00
2026-08-19 10:43:06,29565.00,29567.75,29565.00,29567.75,93,29567.75,29567.75,0.00
2026-08-19 10:43:07,29567.50,29568.00,29565.00,29565.50,93,29565.50,29565.50,0.00
2026-08-19 10:43:08,29565.25,29568.50,29565.25,29568.25,75,29568.25,29568.25,0.00
2026-08-19 10:43:09,29567.75,29567.75,29566.25,29566.75,39,29566.75,29566.75,0.00
2026-08-19 10:43:10,29566.50,29566.50,29565.00,29565.75,99,29565.75,29565.75,0.00
2026-08-19 10:43:11,29566.25,29567.00,29565.25,29566.00,96,29566.00,29566.00,0.00
2026-08-19 10:43:12,29566.00,29566.50,29565.50,29566.25,46,29566.25,29566.25,0.00
2026-08-19 10:43:13,29566.50,29566.75,29564.50,29564.50,53,29564.50,29564.50,0.00
2026-08-19 10:43:14,29564.75,29565.25,29563.25,29564.25,115,29564.25,29564.25,0.00
2026-08-19 10:43:15,29564.75,29565.75,29563.25,29565.25,86,29565.25,29565.25,0.00
2026-08-19 10:43:16,29565.75,29566.25,29563.50,29563.50,56,29563.50,29563.50,0.00
2026-08-19 10:43:17,29564.00,29565.25,29562.00,29564.75,102,29564.75,29564.75,0.00
2026-08-19 10:43:18,29564.75,29567.75,29564.25,29565.50,86,29565.50,29565.50,0.00
2026-08-19 10:43:19,29566.00,29567.25,29565.25,29565.75,40,29565.75,29565.75,0.00
2026-08-19 10:43:20,29565.50,29567.00,29564.75,29566.50,66,29566.50,29566.50,0.00
2026-08-19 10:43:21,29567.00,29570.00,29567.00,29569.75,167,29569.75,29569.75,0.00
2026-08-19 10:43:22,29569.75,29570.50,29566.50,29567.25,159,29567.25,29567.25,0.00
2026-08-19 10:43:23,29566.75,29567.25,29563.50,29564.50,110,29564.50,29564.50,0.00
2026-08-19 10:43:24,29564.25,29564.75,29561.50,29562.50,82,29562.50,29562.50,0.00
2026-08-19 10:43:25,29562.00,29562.25,29560.50,29561.25,72,29561.25,29561.25,0.00
2026-08-19 10:43:26,29562.00,29563.00,29560.50,29562.75,146,29562.75,29562.75,0.00
2026-08-19 10:43:27,29562.50,29563.00,29556.75,29557.25,267,29557.25,29557.25,0.00
2026-08-19 10:43:28,29556.75,29557.75,29555.25,29556.75,111,29556.75,29556.75,0.00
2026-08-19 10:43:29,29556.25,29556.75,29554.50,29555.75,150,29555.75,29555.75,0.00
2026-08-19 10:43:30,29555.50,29556.50,29554.50,29554.50,151,29554.50,29554.50,0.00
2026-08-19 10:43:31,29555.75,29556.75,29554.75,29556.00,81,29556.00,29556.00,0.00
2026-08-19 10:43:32,29556.25,29558.00,29556.25,29557.50,119,29557.50,29557.50,0.00
2026-08-19 10:43:33,29557.25,29557.25,29555.00,29555.75,88,29555.75,29555.75,0.00
2026-08-19 10:43:34,29555.00,29555.50,29553.75,29554.00,108,29554.00,29554.00,0.00
2026-08-19 10:43:35,29554.50,29555.50,29552.50,29554.75,154,29554.75,29554.75,0.00
2026-08-19 10:43:36,29554.50,29556.25,29554.50,29556.00,44,29556.00,29556.00,0.00
2026-08-19 10:43:37,29555.25,29556.50,29554.00,29556.25,106,29556.25,29556.25,0.00
2026-08-19 10:43:38,29556.25,29556.25,29554.25,29556.00,72,29556.00,29556.00,0.00
2026-08-19 10:43:39,29555.75,29556.25,29554.25,29554.50,67,29554.50,29554.50,0.00
2026-08-19 10:43:40,29554.25,29554.25,29552.50,29553.25,85,29553.25,29553.25,0.00
2026-08-19 10:43:41,29553.75,29553.75,29552.00,29552.50,84,29552.50,29552.50,0.00
2026-08-19 10:43:42,29552.75,29554.00,29551.00,29552.00,121,29552.00,29552.00,0.00
2026-08-19 10:43:43,29552.25,29553.50,29551.25,29551.50,74,29551.50,29551.50,0.00
2026-08-19 10:43:44,29552.50,29554.50,29551.75,29554.00,64,29554.00,29554.00,0.00
2026-08-19 10:43:45,29553.50,29555.50,29553.50,29554.50,116,29554.50,29554.50,0.00
2026-08-19 10:43:46,29554.75,29556.75,29554.25,29556.00,92,29556.00,29556.00,0.00
2026-08-19 10:43:47,29556.50,29560.00,29556.00,29559.75,167,29559.75,29559.75,0.00
2026-08-19 10:43:48,29560.25,29560.25,29556.50,29556.75,76,29556.75,29556.75,0.00
2026-08-19 10:43:49,29557.00,29557.00,29555.75,29556.00,77,29556.00,29556.00,0.00
2026-08-19 10:43:50,29556.25,29557.00,29555.75,29556.75,20,29556.75,29556.75,0.00
2026-08-19 10:43:51,29556.50,29556.50,29554.75,29555.25,45,29555.25,29555.25,0.00
2026-08-19 10:43:52,29554.75,29555.00,29553.75,29554.75,43,29554.75,29554.75,0.00
2026-08-19 10:43:53,29554.25,29555.25,29553.75,29553.75,38,29553.75,29553.75,0.00
2026-08-19 10:43:54,29554.00,29556.50,29553.75,29555.50,59,29555.50,29555.50,0.00
2026-08-19 10:43:55,29555.00,29555.50,29554.25,29554.25,58,29554.25,29554.25,0.00
2026-08-19 10:43:56,29554.25,29557.25,29554.25,29557.00,65,29557.00,29557.00,0.00
2026-08-19 10:43:57,29557.00,29559.00,29555.75,29559.00,88,29559.00,29559.00,0.00
2026-08-19 10:43:58,29558.50,29558.50,29556.75,29557.00,33,29557.00,29557.00,0.00
2026-08-19 10:43:59,29557.25,29557.25,29554.50,29554.50,91,29554.50,29554.50,0.00
2026-08-19 10:44:00,29554.50,29555.25,29554.50,29555.00,23,29555.00,29555.00,0.00
2026-08-19 10:44:01,29554.50,29556.00,29553.75,29556.00,104,29556.00,29556.00,0.00
2026-08-19 10:44:02,29556.00,29556.25,29554.25,29554.25,92,29554.25,29554.25,0.00
2026-08-19 10:44:03,29554.25,29558.25,29553.25,29558.25,135,29558.25,29558.25,0.00
2026-08-19 10:44:04,29558.25,29558.25,29556.00,29556.25,83,29556.25,29556.25,0.00
2026-08-19 10:44:05,29556.00,29557.75,29556.00,29557.25,51,29557.25,29557.25,0.00
2026-08-19 10:44:06,29556.75,29556.75,29553.75,29555.00,109,29555.00,29555.00,0.00
2026-08-19 10:44:07,29555.75,29556.00,29553.75,29554.50,45,29554.50,29554.50,0.00
2026-08-19 10:44:08,29554.25,29557.25,29554.25,29557.25,107,29557.25,29557.25,0.00
2026-08-19 10:44:09,29557.25,29558.75,29556.75,29556.75,67,29556.75,29556.75,0.00
2026-08-19 10:44:10,29556.25,29556.50,29553.25,29554.25,81,29554.25,29554.25,0.00
2026-08-19 10:44:11,29554.75,29555.00,29551.75,29552.00,95,29552.00,29552.00,0.00
2026-08-19 10:44:12,29552.50,29552.50,29550.25,29551.00,92,29551.00,29551.00,0.00
2026-08-19 10:44:13,29551.50,29554.50,29551.25,29553.75,126,29553.75,29553.75,0.00
2026-08-19 10:44:14,29553.50,29554.25,29552.00,29552.25,51,29552.25,29552.25,0.00
2026-08-19 10:44:15,29552.50,29552.50,29549.50,29550.00,104,29550.00,29550.00,0.00
2026-08-19 10:44:16,29550.50,29552.50,29550.00,29550.25,73,29550.25,29550.25,0.00
2026-08-19 10:44:17,29550.50,29551.75,29550.50,29551.75,128,29551.75,29551.75,0.00
2026-08-19 10:44:18,29550.50,29553.25,29550.50,29551.75,84,29551.75,29551.75,0.00
2026-08-19 10:44:19,29551.50,29552.25,29550.25,29551.75,83,29551.75,29551.75,0.00
2026-08-19 10:44:20,29552.25,29554.50,29552.25,29553.25,79,29553.25,29553.25,0.00
2026-08-19 10:44:21,29552.75,29554.25,29552.50,29554.00,39,29554.00,29554.00,0.00
2026-08-19 10:44:22,29554.00,29554.50,29553.75,29554.25,29,29554.25,29554.25,0.00
2026-08-19 10:44:23,29555.00,29555.25,29552.75,29554.00,75,29554.00,29554.00,0.00
2026-08-19 10:44:24,29554.25,29556.50,29553.75,29556.25,77,29556.25,29556.25,0.00
2026-08-19 10:44:25,29556.50,29558.50,29556.25,29557.00,108,29557.00,29557.00,0.00
2026-08-19 10:44:26,29556.50,29557.50,29555.75,29557.50,53,29557.50,29557.50,0.00
2026-08-19 10:44:27,29556.75,29559.50,29556.75,29558.25,73,29558.25,29558.25,0.00
2026-08-19 10:44:28,29558.50,29559.50,29556.25,29556.75,61,29556.75,29556.75,0.00
2026-08-19 10:44:29,29556.50,29558.75,29556.50,29556.50,63,29556.50,29556.50,0.00
2026-08-19 10:44:30,29557.00,29557.00,29555.75,29556.75,72,29556.75,29556.75,0.00
2026-08-19 10:44:31,29556.50,29556.50,29555.00,29555.00,41,29555.00,29555.00,0.00
2026-08-19 10:44:32,29554.25,29556.25,29553.50,29556.00,86,29556.00,29556.00,0.00
2026-08-19 10:44:33,29556.00,29557.50,29552.75,29554.00,90,29554.00,29554.00,0.00
2026-08-19 10:44:34,29554.00,29554.50,29553.00,29553.75,24,29553.75,29553.75,0.00
2026-08-19 10:44:35,29554.00,29554.00,29552.50,29553.25,33,29553.25,29553.25,0.00
2026-08-19 10:44:36,29553.75,29555.00,29553.75,29555.00,50,29555.00,29555.00,0.00
2026-08-19 10:44:37,29555.25,29557.25,29555.25,29557.25,44,29557.25,29557.25,0.00
2026-08-19 10:44:38,29557.25,29558.00,29556.50,29557.25,33,29557.25,29557.25,0.00
2026-08-19 10:44:39,29557.50,29559.25,29555.50,29555.50,95,29555.50,29555.50,0.00
2026-08-19 10:44:40,29555.75,29557.25,29555.00,29557.25,48,29557.25,29557.25,0.00
2026-08-19 10:44:41,29557.25,29557.50,29555.00,29555.75,46,29555.75,29555.75,0.00
2026-08-19 10:44:42,29555.75,29558.75,29555.25,29558.25,52,29558.25,29558.25,0.00
2026-08-19 10:44:43,29559.50,29559.75,29557.50,29558.75,70,29558.75,29558.75,0.00
2026-08-19 10:44:44,29558.25,29558.50,29557.25,29557.25,36,29557.25,29557.25,0.00
2026-08-19 10:44:45,29557.75,29558.50,29557.00,29558.00,37,29558.00,29558.00,0.00
2026-08-19 10:44:46,29558.00,29561.00,29558.00,29561.00,90,29561.00,29561.00,0.00
2026-08-19 10:44:47,29560.75,29562.50,29560.25,29562.50,93,29562.50,29562.50,0.00
2026-08-19 10:44:48,29562.00,29563.75,29561.75,29562.00,109,29562.00,29562.00,0.00
2026-08-19 10:44:49,29562.00,29562.00,29560.75,29562.00,62,29562.00,29562.00,0.00
2026-08-19 10:44:50,29562.00,29562.25,29561.00,29561.50,40,29561.50,29561.50,0.00
2026-08-19 10:44:51,29561.75,29561.75,29559.00,29560.25,116,29560.25,29560.25,0.00
2026-08-19 10:44:52,29560.75,29561.00,29560.50,29560.75,21,29560.75,29560.75,0.00
2026-08-19 10:44:53,29560.75,29561.00,29559.50,29560.00,48,29560.00,29560.00,0.00
2026-08-19 10:44:54,29559.75,29562.75,29558.50,29562.00,107,29562.00,29562.00,0.00
2026-08-19 10:44:55,29562.50,29563.75,29562.25,29563.75,50,29563.75,29563.75,0.00
2026-08-19 10:44:56,29563.75,29564.50,29563.00,29564.00,156,29564.00,29564.00,0.00
2026-08-19 10:44:57,29563.50,29564.00,29562.50,29564.00,64,29564.00,29564.00,0.00
2026-08-19 10:44:58,29563.75,29565.50,29563.50,29565.00,95,29565.00,29565.00,0.00
2026-08-19 10:44:59,29564.75,29564.75,29563.00,29563.00,59,29563.00,29563.00,0.00
2026-08-19 10:45:00,29563.50,29564.25,29563.25,29564.00,30,29564.00,29564.00,0.00
2026-08-19 10:45:01,29563.75,29565.25,29563.00,29563.00,129,29563.00,29563.00,0.00
2026-08-19 10:45:02,29562.75,29562.75,29557.75,29557.75,180,29557.75,29557.75,0.00
2026-08-19 10:45:03,29557.50,29559.25,29556.75,29558.00,118,29558.00,29558.00,0.00
2026-08-19 10:45:04,29558.00,29559.25,29557.00,29558.75,89,29558.75,29558.75,0.00
2026-08-19 10:45:05,29559.25,29560.00,29557.00,29559.25,105,29559.25,29559.25,0.00
2026-08-19 10:45:06,29560.00,29561.75,29559.50,29560.75,72,29560.75,29560.75,0.00
2026-08-19 10:45:07,29561.25,29562.00,29560.75,29561.00,45,29561.00,29561.00,0.00
2026-08-19 10:45:08,29561.50,29563.50,29560.75,29562.25,58,29562.25,29562.25,0.00
2026-08-19 10:45:09,29561.75,29562.00,29559.75,29561.00,77,29561.00,29561.00,0.00
2026-08-19 10:45:10,29561.25,29561.75,29560.00,29561.50,63,29561.50,29561.50,0.00
2026-08-19 10:45:11,29561.25,29562.50,29560.25,29561.25,90,29561.25,29561.25,0.00
2026-08-19 10:45:12,29561.25,29562.25,29559.75,29561.50,81,29561.50,29561.50,0.00
2026-08-19 10:45:13,29561.75,29562.75,29561.25,29562.00,105,29562.00,29562.00,0.00
2026-08-19 10:45:14,29562.00,29563.00,29559.75,29560.50,84,29560.50,29560.50,0.00
2026-08-19 10:45:15,29560.00,29560.50,29558.00,29558.00,88,29558.00,29558.00,0.00
2026-08-19 10:45:16,29557.25,29561.00,29556.75,29559.75,65,29559.75,29559.75,0.00
2026-08-19 10:45:17,29559.75,29562.25,29558.00,29558.00,125,29558.00,29558.00,0.00
2026-08-19 10:45:18,29558.25,29558.75,29555.75,29557.00,124,29557.00,29557.00,0.00
2026-08-19 10:45:19,29557.25,29558.00,29555.25,29556.00,102,29556.00,29556.00,0.00
2026-08-19 10:45:20,29555.75,29557.50,29554.00,29557.00,191,29557.00,29557.00,0.00
2026-08-19 10:45:21,29557.50,29558.50,29556.25,29558.50,60,29558.50,29558.50,0.00
2026-08-19 10:45:22,29558.50,29561.25,29557.25,29557.50,97,29557.50,29557.50,0.00
2026-08-19 10:45:23,29558.00,29558.50,29557.00,29558.00,52,29558.00,29558.00,0.00
2026-08-19 10:45:24,29558.00,29558.25,29555.25,29556.50,101,29556.50,29556.50,0.00
2026-08-19 10:45:25,29556.00,29556.00,29554.25,29555.75,61,29555.75,29555.75,0.00
2026-08-19 10:45:26,29555.50,29556.00,29554.25,29554.50,48,29554.50,29554.50,0.00
2026-08-19 10:45:27,29554.75,29557.00,29554.25,29556.00,93,29556.00,29556.00,0.00
2026-08-19 10:45:28,29555.50,29555.75,29553.50,29555.75,72,29555.75,29555.75,0.00
2026-08-19 10:45:29,29555.50,29555.75,29554.00,29555.00,46,29555.00,29555.00,0.00
2026-08-19 10:45:30,29554.75,29555.25,29552.00,29552.00,94,29552.00,29552.00,0.00
2026-08-19 10:45:31,29552.50,29553.25,29551.25,29553.00,78,29553.00,29553.00,0.00
2026-08-19 10:45:32,29553.00,29556.00,29552.50,29554.00,106,29554.00,29554.00,0.00
2026-08-19 10:45:33,29554.25,29554.75,29552.75,29553.50,37,29553.50,29553.50,0.00
2026-08-19 10:45:34,29553.50,29557.00,29553.25,29555.50,87,29555.50,29555.50,0.00
2026-08-19 10:45:35,29554.75,29556.00,29554.50,29555.75,72,29555.75,29555.75,0.00
2026-08-19 10:45:36,29556.00,29556.25,29555.50,29556.25,28,29556.25,29556.25,0.00
2026-08-19 10:45:37,29555.75,29556.75,29555.00,29555.75,51,29555.75,29555.75,0.00
2026-08-19 10:45:38,29556.50,29558.50,29556.50,29557.25,58,29557.25,29557.25,0.00
2026-08-19 10:45:39,29556.75,29558.00,29556.50,29558.00,38,29558.00,29558.00,0.00
2026-08-19 10:45:40,29558.75,29559.75,29556.50,29557.50,74,29557.50,29557.50,0.00
2026-08-19 10:45:41,29558.25,29561.50,29558.25,29560.00,107,29560.00,29560.00,0.00
2026-08-19 10:45:42,29560.50,29561.50,29557.00,29557.25,97,29557.25,29557.25,0.00
2026-08-19 10:45:43,29557.00,29557.75,29556.00,29557.50,58,29557.50,29557.50,0.00
2026-08-19 10:45:44,29556.75,29558.25,29556.75,29557.75,54,29557.75,29557.75,0.00
2026-08-19 10:45:45,29557.00,29559.75,29556.75,29558.25,87,29558.25,29558.25,0.00
2026-08-19 10:45:46,29558.50,29559.00,29556.50,29557.00,57,29557.00,29557.00,0.00
2026-08-19 10:45:47,29557.00,29557.25,29556.00,29557.00,38,29557.00,29557.00,0.00
2026-08-19 10:45:48,29557.25,29557.25,29555.50,29555.75,45,29555.75,29555.75,0.00
2026-08-19 10:45:49,29555.75,29556.75,29555.50,29556.75,12,29556.75,29556.75,0.00
2026-08-19 10:45:50,29557.00,29557.00,29554.75,29555.00,53,29555.00,29555.00,0.00
2026-08-19 10:45:51,29554.75,29554.75,29550.50,29551.75,136,29551.75,29551.75,0.00
2026-08-19 10:45:52,29551.75,29554.50,29551.25,29553.75,95,29553.75,29553.75,0.00
2026-08-19 10:45:53,29553.75,29554.00,29552.75,29552.75,81,29552.75,29552.75,0.00
2026-08-19 10:45:54,29553.00,29553.75,29552.00,29553.25,54,29553.25,29553.25,0.00
2026-08-19 10:45:55,29553.50,29557.50,29553.50,29557.00,60,29557.00,29557.00,0.00
2026-08-19 10:45:56,29557.00,29557.75,29555.75,29557.50,86,29557.50,29557.50,0.00
2026-08-19 10:45:57,29558.00,29560.25,29557.50,29559.25,119,29559.25,29559.25,0.00
2026-08-19 10:45:58,29559.50,29560.75,29555.00,29556.00,103,29556.00,29556.00,0.00
2026-08-19 10:45:59,29555.50,29556.00,29555.00,29555.00,46,29555.00,29555.00,0.00
2026-08-19 10:46:00,29555.25,29556.75,29554.50,29556.75,48,29556.75,29556.75,0.00
2026-08-19 10:46:01,29557.00,29559.75,29556.00,29559.25,97,29559.25,29559.25,0.00
2026-08-19 10:46:02,29559.00,29560.25,29557.50,29557.50,70,29557.50,29557.50,0.00
2026-08-19 10:46:03,29557.25,29557.75,29555.50,29555.50,61,29555.50,29555.50,0.00
2026-08-19 10:46:04,29555.25,29556.75,29554.25,29556.50,79,29556.50,29556.50,0.00
2026-08-19 10:46:05,29556.25,29558.25,29556.00,29556.75,53,29556.75,29556.75,0.00
2026-08-19 10:46:06,29556.50,29557.50,29556.25,29557.00,14,29557.00,29557.00,0.00
2026-08-19 10:46:07,29556.75,29557.00,29556.00,29556.00,44,29556.00,29556.00,0.00
2026-08-19 10:46:08,29556.50,29565.75,29556.50,29564.75,356,29564.75,29564.75,0.00
2026-08-19 10:46:09,29564.75,29566.00,29559.75,29560.00,180,29560.00,29560.00,0.00
2026-08-19 10:46:10,29560.50,29560.75,29558.75,29559.75,119,29559.75,29559.75,0.00
2026-08-19 10:46:11,29559.50,29560.50,29557.75,29559.50,114,29559.50,29559.50,0.00
2026-08-19 10:46:12,29559.50,29560.50,29558.50,29560.00,48,29560.00,29560.00,0.00
2026-08-19 10:46:13,29560.25,29561.00,29558.75,29559.25,55,29559.25,29559.25,0.00
2026-08-19 10:46:14,29558.75,29558.75,29554.25,29554.75,113,29554.75,29554.75,0.00
2026-08-19 10:46:15,29554.25,29554.25,29551.50,29553.00,98,29553.00,29553.00,0.00
2026-08-19 10:46:16,29552.75,29553.25,29547.50,29548.25,266,29548.25,29548.25,0.00
2026-08-19 10:46:17,29548.25,29550.50,29547.50,29549.50,121,29549.50,29549.50,0.00
2026-08-19 10:46:18,29549.75,29552.50,29549.50,29551.00,99,29551.00,29551.00,0.00
2026-08-19 10:46:19,29550.75,29551.75,29548.75,29551.75,99,29551.75,29551.75,0.00
2026-08-19 10:46:20,29551.50,29552.75,29550.75,29552.25,78,29552.25,29552.25,0.00
2026-08-19 10:46:21,29551.75,29554.25,29551.25,29552.75,125,29552.75,29552.75,0.00
2026-08-19 10:46:22,29552.50,29554.00,29552.50,29553.25,56,29553.25,29553.25,0.00
2026-08-19 10:46:23,29553.25,29555.00,29553.00,29555.00,81,29555.00,29555.00,0.00
2026-08-19 10:46:24,29555.25,29555.25,29553.50,29554.00,55,29554.00,29554.00,0.00
2026-08-19 10:46:25,29554.00,29555.00,29553.00,29554.00,52,29554.00,29554.00,0.00
2026-08-19 10:46:26,29553.75,29556.00,29553.50,29555.25,64,29555.25,29555.25,0.00
2026-08-19 10:46:27,29555.00,29555.75,29553.00,29554.75,87,29554.75,29554.75,0.00
2026-08-19 10:46:28,29555.00,29556.00,29554.75,29556.00,47,29556.00,29556.00,0.00
2026-08-19 10:46:29,29555.75,29555.75,29554.25,29554.25,20,29554.25,29554.25,0.00
2026-08-19 10:46:30,29554.00,29556.75,29553.50,29555.75,73,29555.75,29555.75,0.00
2026-08-19 10:46:31,29555.50,29556.00,29555.00,29555.00,69,29555.00,29555.00,0.00
2026-08-19 10:46:32,29556.00,29556.25,29554.75,29555.00,24,29555.00,29555.00,0.00
2026-08-19 10:46:33,29555.00,29555.75,29554.25,29555.75,21,29555.75,29555.75,0.00
2026-08-19 10:46:34,29555.00,29556.75,29553.50,29556.25,60,29556.25,29556.25,0.00
2026-08-19 10:46:35,29556.75,29557.50,29556.50,29557.25,32,29557.25,29557.25,0.00
2026-08-19 10:46:36,29558.00,29558.75,29557.50,29558.25,43,29558.25,29558.25,0.00
2026-08-19 10:46:37,29558.00,29561.25,29558.00,29559.75,105,29559.75,29559.75,0.00
2026-08-19 10:46:38,29559.50,29560.50,29558.50,29559.75,38,29559.75,29559.75,0.00
2026-08-19 10:46:39,29560.25,29561.00,29559.00,29559.75,47,29559.75,29559.75,0.00
2026-08-19 10:46:40,29560.00,29561.25,29559.25,29559.25,49,29559.25,29559.25,0.00
2026-08-19 10:46:41,29559.50,29560.50,29559.25,29560.00,46,29560.00,29560.00,0.00
2026-08-19 10:46:42,29559.75,29562.75,29559.50,29562.75,72,29562.75,29562.75,0.00
2026-08-19 10:46:43,29562.75,29563.75,29561.50,29562.50,76,29562.50,29562.50,0.00
2026-08-19 10:46:44,29561.75,29564.75,29561.75,29562.75,81,29562.75,29562.75,0.00
2026-08-19 10:46:45,29562.75,29563.25,29560.75,29562.25,92,29562.25,29562.25,0.00
2026-08-19 10:46:46,29562.50,29562.75,29561.50,29562.00,82,29562.00,29562.00,0.00
2026-08-19 10:46:47,29562.00,29566.50,29562.00,29566.00,163,29566.00,29566.00,0.00
2026-08-19 10:46:48,29565.75,29565.75,29561.00,29561.00,75,29561.00,29561.00,0.00
2026-08-19 10:46:49,29561.00,29564.25,29560.50,29563.00,73,29563.00,29563.00,0.00
2026-08-19 10:46:50,29563.25,29564.00,29559.50,29559.75,71,29559.75,29559.75,0.00
2026-08-19 10:46:51,29560.25,29561.00,29559.00,29560.25,66,29560.25,29560.25,0.00
2026-08-19 10:46:52,29560.25,29560.25,29558.75,29560.25,29,29560.25,29560.25,0.00
2026-08-19 10:46:53,29560.25,29560.75,29558.75,29560.75,50,29560.75,29560.75,0.00
2026-08-19 10:46:54,29559.75,29560.25,29557.50,29560.25,57,29560.25,29560.25,0.00
2026-08-19 10:46:55,29560.00,29560.75,29558.50,29560.25,43,29560.25,29560.25,0.00
2026-08-19 10:46:56,29560.00,29564.75,29559.50,29564.50,116,29564.50,29564.50,0.00
2026-08-19 10:46:57,29564.25,29564.25,29563.00,29563.75,24,29563.75,29563.75,0.00
2026-08-19 10:46:58,29563.50,29564.50,29563.50,29564.25,45,29564.25,29564.25,0.00
2026-08-19 10:46:59,29564.50,29564.75,29562.25,29562.50,32,29562.50,29562.50,0.00
2026-08-19 10:47:00,29563.00,29565.00,29562.50,29564.50,56,29564.50,29564.50,0.00
2026-08-19 10:47:01,29564.50,29564.50,29561.25,29561.75,64,29561.75,29561.75,0.00
2026-08-19 10:47:02,29561.50,29562.25,29561.00,29562.25,44,29562.25,29562.25,0.00
2026-08-19 10:47:03,29561.75,29565.25,29561.25,29562.75,128,29562.75,29562.75,0.00
2026-08-19 10:47:04,29563.00,29563.00,29561.00,29562.25,40,29562.25,29562.25,0.00
2026-08-19 10:47:05,29562.00,29564.00,29562.00,29563.00,80,29563.00,29563.00,0.00
2026-08-19 10:47:06,29563.00,29565.25,29562.50,29564.75,120,29564.75,29564.75,0.00
2026-08-19 10:47:07,29565.00,29565.00,29563.25,29564.00,93,29564.00,29564.00,0.00
2026-08-19 10:47:08,29564.25,29565.25,29563.50,29565.25,46,29565.25,29565.25,0.00
2026-08-19 10:47:09,29565.75,29566.00,29561.00,29561.25,138,29561.25,29561.25,0.00
2026-08-19 10:47:10,29561.50,29561.75,29560.25,29561.25,81,29561.25,29561.25,0.00
2026-08-19 10:47:11,29560.75,29563.00,29560.00,29563.00,59,29563.00,29563.00,0.00
2026-08-19 10:47:12,29562.75,29562.75,29560.75,29562.00,52,29562.00,29562.00,0.00
2026-08-19 10:47:13,29562.00,29562.75,29560.75,29561.00,47,29561.00,29561.00,0.00
2026-08-19 10:47:14,29560.50,29560.75,29557.75,29558.25,96,29558.25,29558.25,0.00
2026-08-19 10:47:15,29558.00,29561.25,29558.00,29560.50,47,29560.50,29560.50,0.00
2026-08-19 10:47:16,29560.50,29562.00,29559.75,29561.25,69,29561.25,29561.25,0.00
2026-08-19 10:47:17,29560.75,29561.00,29556.50,29556.50,96,29556.50,29556.50,0.00
2026-08-19 10:47:18,29557.00,29558.75,29557.00,29557.50,34,29557.50,29557.50,0.00
2026-08-19 10:47:19,29558.00,29558.25,29555.00,29556.00,75,29556.00,29556.00,0.00
2026-08-19 10:47:20,29555.50,29556.50,29555.00,29556.25,46,29556.25,29556.25,0.00
2026-08-19 10:47:21,29556.75,29557.25,29555.75,29556.25,82,29556.25,29556.25,0.00
2026-08-19 10:47:22,29556.00,29556.50,29554.75,29555.00,136,29555.00,29555.00,0.00
2026-08-19 10:47:23,29555.00,29556.50,29555.00,29555.25,39,29555.25,29555.25,0.00
2026-08-19 10:47:24,29555.50,29560.75,29555.00,29560.50,449,29560.50,29560.50,0.00
2026-08-19 10:47:25,29560.00,29560.00,29556.75,29557.00,66,29557.00,29557.00,0.00
2026-08-19 10:47:26,29557.50,29557.75,29556.25,29556.75,42,29556.75,29556.75,0.00
2026-08-19 10:47:27,29556.75,29558.00,29556.75,29557.00,34,29557.00,29557.00,0.00
2026-08-19 10:47:28,29556.50,29556.50,29555.25,29555.75,62,29555.75,29555.75,0.00
2026-08-19 10:47:29,29556.00,29556.50,29555.00,29555.00,26,29555.00,29555.00,0.00
2026-08-19 10:47:30,29555.00,29558.50,29554.75,29557.00,89,29557.00,29557.00,0.00
2026-08-19 10:47:31,29556.75,29557.50,29556.50,29557.25,67,29557.25,29557.25,0.00
2026-08-19 10:47:32,29557.50,29558.50,29557.00,29557.75,46,29557.75,29557.75,0.00
2026-08-19 10:47:33,29557.75,29558.50,29557.50,29558.00,40,29558.00,29558.00,0.00
2026-08-19 10:47:34,29557.75,29560.25,29556.25,29560.25,57,29560.25,29560.25,0.00
2026-08-19 10:47:35,29560.00,29560.00,29558.00,29559.00,45,29559.00,29559.00,0.00
2026-08-19 10:47:36,29558.50,29561.00,29558.00,29560.25,67,29560.25,29560.25,0.00
2026-08-19 10:47:37,29560.50,29561.75,29559.25,29560.75,74,29560.75,29560.75,0.00
2026-08-19 10:47:38,29561.00,29563.25,29560.75,29562.25,51,29562.25,29562.25,0.00
2026-08-19 10:47:39,29562.25,29562.50,29560.50,29561.25,47,29561.25,29561.25,0.00
2026-08-19 10:47:40,29561.50,29562.50,29558.75,29562.25,75,29562.25,29562.25,0.00
2026-08-19 10:47:41,29562.50,29562.50,29561.25,29561.25,36,29561.25,29561.25,0.00
2026-08-19 10:47:42,29561.25,29561.75,29560.50,29561.00,35,29561.00,29561.00,0.00
2026-08-19 10:47:43,29560.75,29562.25,29560.50,29561.75,66,29561.75,29561.75,0.00
2026-08-19 10:47:44,29561.75,29561.75,29560.00,29560.00,28,29560.00,29560.00,0.00
2026-08-19 10:47:45,29560.00,29560.00,29557.00,29558.50,40,29558.50,29558.50,0.00
2026-08-19 10:47:46,29558.50,29561.75,29558.50,29561.75,41,29561.75,29561.75,0.00
2026-08-19 10:47:47,29561.25,29563.50,29561.25,29563.25,63,29563.25,29563.25,0.00
2026-08-19 10:47:48,29563.25,29563.50,29561.50,29561.75,101,29561.75,29561.75,0.00
2026-08-19 10:47:49,29562.00,29566.25,29562.00,29566.25,144,29566.25,29566.25,0.00
2026-08-19 10:47:50,29565.75,29565.75,29560.25,29560.75,69,29560.75,29560.75,0.00
2026-08-19 10:47:51,29560.50,29560.50,29557.00,29557.50,79,29557.50,29557.50,0.00
2026-08-19 10:47:52,29557.25,29558.00,29556.00,29556.75,29,29556.75,29556.75,0.00
2026-08-19 10:47:53,29557.50,29558.50,29556.25,29558.50,60,29558.50,29558.50,0.00
2026-08-19 10:47:54,29558.25,29559.25,29557.00,29557.25,71,29557.25,29557.25,0.00
2026-08-19 10:47:55,29557.50,29558.75,29557.50,29558.25,34,29558.25,29558.25,0.00
2026-08-19 10:47:56,29558.25,29560.50,29558.00,29559.75,84,29559.75,29559.75,0.00
2026-08-19 10:47:57,29559.25,29559.25,29552.75,29553.25,117,29553.25,29553.25,0.00
2026-08-19 10:47:58,29553.25,29555.25,29552.25,29555.00,83,29555.00,29555.00,0.00
2026-08-19 10:47:59,29554.75,29555.25,29553.50,29555.00,66,29555.00,29555.00,0.00
2026-08-19 10:48:00,29554.75,29556.00,29554.25,29555.25,50,29555.25,29555.25,0.00
2026-08-19 10:48:01,29554.75,29555.25,29549.75,29550.50,250,29550.50,29550.50,0.00
2026-08-19 10:48:02,29550.00,29551.75,29547.75,29551.25,212,29551.25,29551.25,0.00
2026-08-19 10:48:03,29551.25,29551.50,29549.50,29550.25,120,29550.25,29550.25,0.00
2026-08-19 10:48:04,29550.25,29554.00,29549.75,29551.75,154,29551.75,29551.75,0.00
2026-08-19 10:48:05,29551.25,29551.50,29549.50,29550.75,123,29550.75,29550.75,0.00
2026-08-19 10:48:06,29550.50,29552.25,29550.25,29551.75,40,29551.75,29551.75,0.00
2026-08-19 10:48:07,29552.00,29553.50,29550.50,29551.75,116,29551.75,29551.75,0.00
2026-08-19 10:48:08,29551.00,29552.75,29551.00,29552.25,63,29552.25,29552.25,0.00
2026-08-19 10:48:09,29552.00,29552.00,29550.50,29551.00,52,29551.00,29551.00,0.00
2026-08-19 10:48:10,29551.25,29551.75,29549.25,29549.50,90,29549.50,29549.50,0.00
2026-08-19 10:48:11,29549.75,29552.75,29549.00,29551.25,119,29551.25,29551.25,0.00
2026-08-19 10:48:12,29552.50,29552.75,29551.00,29551.00,34,29551.00,29551.00,0.00
2026-08-19 10:48:13,29551.00,29551.50,29548.00,29548.75,79,29548.75,29548.75,0.00
2026-08-19 10:48:14,29548.75,29549.50,29548.25,29548.50,63,29548.50,29548.50,0.00
2026-08-19 10:48:15,29548.50,29553.25,29548.00,29553.00,114,29553.00,29553.00,0.00
2026-08-19 10:48:16,29553.50,29555.75,29553.25,29555.50,108,29555.50,29555.50,0.00
2026-08-19 10:48:17,29555.50,29555.50,29554.00,29554.50,52,29554.50,29554.50,0.00
2026-08-19 10:48:18,29555.00,29555.50,29554.75,29555.25,47,29555.25,29555.25,0.00
2026-08-19 10:48:19,29554.50,29554.50,29552.50,29552.50,44,29552.50,29552.50,0.00
2026-08-19 10:48:20,29552.25,29553.25,29551.75,29552.00,43,29552.00,29552.00,0.00
2026-08-19 10:48:21,29552.00,29555.00,29552.00,29555.00,41,29555.00,29555.00,0.00
2026-08-19 10:48:22,29554.00,29555.00,29553.75,29554.25,49,29554.25,29554.25,0.00
2026-08-19 10:48:23,29554.00,29557.50,29553.25,29555.00,175,29555.00,29555.00,0.00
2026-08-19 10:48:24,29555.00,29557.00,29555.00,29557.00,51,29557.00,29557.00,0.00
2026-08-19 10:48:25,29557.50,29559.00,29557.25,29559.00,88,29559.00,29559.00,0.00
2026-08-19 10:48:26,29558.00,29558.50,29555.75,29557.00,54,29557.00,29557.00,0.00
2026-08-19 10:48:27,29557.75,29558.00,29557.00,29558.00,30,29558.00,29558.00,0.00
2026-08-19 10:48:28,29557.75,29558.00,29556.75,29557.75,62,29557.75,29557.75,0.00
2026-08-19 10:48:29,29557.75,29561.50,29557.75,29561.50,104,29561.50,29561.50,0.00
2026-08-19 10:48:30,29561.25,29563.75,29560.00,29563.50,175,29563.50,29563.50,0.00
2026-08-19 10:48:31,29563.00,29564.75,29562.75,29563.75,125,29563.75,29563.75,0.00
2026-08-19 10:48:32,29563.75,29564.25,29562.75,29563.25,95,29563.25,29563.25,0.00
2026-08-19 10:48:33,29563.50,29564.00,29561.50,29561.50,100,29561.50,29561.50,0.00
2026-08-19 10:48:34,29561.75,29563.00,29561.00,29562.25,47,29562.25,29562.25,0.00
2026-08-19 10:48:35,29562.75,29562.75,29557.50,29557.50,65,29557.50,29557.50,0.00
2026-08-19 10:48:36,29558.25,29560.50,29558.25,29560.50,58,29560.50,29560.50,0.00
2026-08-19 10:48:37,29560.75,29563.25,29560.50,29561.25,98,29561.25,29561.25,0.00
2026-08-19 10:48:38,29561.25,29561.75,29559.25,29559.25,33,29559.25,29559.25,0.00
2026-08-19 10:48:39,29559.00,29560.00,29558.50,29558.75,51,29558.75,29558.75,0.00
2026-08-19 10:48:40,29559.25,29560.50,29558.75,29559.50,60,29559.50,29559.50,0.00
2026-08-19 10:48:41,29559.75,29561.75,29559.75,29561.75,44,29561.75,29561.75,0.00
2026-08-19 10:48:42,29561.25,29561.25,29558.25,29558.50,66,29558.50,29558.50,0.00
2026-08-19 10:48:43,29558.75,29559.75,29558.25,29558.50,51,29558.50,29558.50,0.00
2026-08-19 10:48:44,29558.50,29559.00,29554.50,29554.50,57,29554.50,29554.50,0.00
2026-08-19 10:48:45,29554.00,29554.00,29547.75,29548.25,214,29548.25,29548.25,0.00
2026-08-19 10:48:46,29548.00,29548.00,29541.75,29544.00,486,29544.00,29544.00,0.00
2026-08-19 10:48:47,29544.00,29544.25,29541.00,29543.00,144,29543.00,29543.00,0.00
2026-08-19 10:48:48,29542.50,29545.50,29541.75,29544.50,179,29544.50,29544.50,0.00
2026-08-19 10:48:49,29544.50,29546.75,29544.00,29545.50,132,29545.50,29545.50,0.00
2026-08-19 10:48:50,29545.25,29545.25,29541.75,29542.50,77,29542.50,29542.50,0.00
2026-08-19 10:48:51,29541.75,29543.75,29540.25,29543.25,150,29543.25,29543.25,0.00
2026-08-19 10:48:52,29542.75,29543.75,29542.25,29542.75,123,29542.75,29542.75,0.00
2026-08-19 10:48:53,29542.25,29542.25,29538.25,29539.75,246,29539.75,29539.75,0.00
2026-08-19 10:48:54,29539.75,29540.25,29538.25,29540.25,123,29540.25,29540.25,0.00
2026-08-19 10:48:55,29540.00,29542.25,29539.50,29542.00,121,29542.00,29542.00,0.00
2026-08-19 10:48:56,29541.75,29543.75,29541.25,29542.75,74,29542.75,29542.75,0.00
2026-08-19 10:48:57,29542.75,29543.25,29538.50,29538.50,84,29538.50,29538.50,0.00
2026-08-19 10:48:58,29538.75,29540.00,29538.25,29538.25,114,29538.25,29538.25,0.00
2026-08-19 10:48:59,29538.50,29540.25,29537.75,29539.50,122,29539.50,29539.50,0.00
2026-08-19 10:49:00,29540.25,29540.25,29538.75,29538.75,86,29538.75,29538.75,0.00
2026-08-19 10:49:01,29539.00,29540.00,29536.50,29536.75,248,29536.75,29536.75,0.00
2026-08-19 10:49:02,29536.75,29538.50,29536.50,29538.50,139,29538.50,29538.50,0.00
2026-08-19 10:49:03,29538.75,29541.50,29537.25,29540.50,312,29540.50,29540.50,0.00
2026-08-19 10:49:04,29540.75,29541.00,29537.75,29538.75,126,29538.75,29538.75,0.00
2026-08-19 10:49:05,29538.75,29540.25,29538.50,29539.50,89,29539.50,29539.50,0.00
2026-08-19 10:49:06,29539.50,29542.25,29539.25,29541.75,88,29541.75,29541.75,0.00
2026-08-19 10:49:07,29541.25,29542.25,29540.00,29540.50,125,29540.50,29540.50,0.00
2026-08-19 10:49:08,29540.50,29540.50,29537.00,29538.00,138,29538.00,29538.00,0.00
2026-08-19 10:49:09,29537.50,29538.25,29536.75,29537.50,102,29537.50,29537.50,0.00
2026-08-19 10:49:10,29537.50,29537.75,29536.25,29537.00,98,29537.00,29537.00,0.00
2026-08-19 10:49:11,29537.25,29537.25,29532.00,29533.25,526,29533.25,29533.25,0.00
2026-08-19 10:49:12,29533.00,29534.25,29530.75,29531.75,336,29531.75,29531.75,0.00
2026-08-19 10:49:13,29531.50,29532.75,29530.25,29531.50,256,29531.50,29531.50,0.00
2026-08-19 10:49:14,29531.75,29533.00,29530.00,29531.50,244,29531.50,29531.50,0.00
2026-08-19 10:49:15,29531.50,29533.50,29531.25,29532.00,106,29532.00,29532.00,0.00
2026-08-19 10:49:16,29532.50,29533.75,29529.25,29529.75,203,29529.75,29529.75,0.00
2026-08-19 10:49:17,29530.00,29531.25,29529.25,29531.00,207,29531.00,29531.00,0.00
2026-08-19 10:49:18,29530.75,29530.75,29529.00,29529.75,117,29529.75,29529.75,0.00
2026-08-19 10:49:19,29529.75,29531.50,29529.25,29529.50,107,29529.50,29529.50,0.00
2026-08-19 10:49:20,29530.00,29531.25,29528.00,29530.00,187,29530.00,29530.00,0.00
2026-08-19 10:49:21,29530.00,29531.25,29529.00,29530.50,89,29530.50,29530.50,0.00
2026-08-19 10:49:22,29530.00,29531.25,29527.50,29529.25,127,29529.25,29529.25,0.00
2026-08-19 10:49:23,29529.50,29530.00,29527.50,29529.00,120,29529.00,29529.00,0.00
2026-08-19 10:49:24,29528.75,29530.25,29528.50,29528.75,74,29528.75,29528.75,0.00
2026-08-19 10:49:25,29529.25,29530.50,29528.75,29530.00,88,29530.00,29530.00,0.00
2026-08-19 10:49:26,29529.75,29532.00,29529.50,29532.00,148,29532.00,29532.00,0.00
2026-08-19 10:49:27,29532.25,29535.50,29531.50,29535.00,162,29535.00,29535.00,0.00
2026-08-19 10:49:28,29535.50,29537.00,29534.25,29534.75,221,29534.75,29534.75,0.00
2026-08-19 10:49:29,29535.00,29537.00,29534.25,29536.75,156,29536.75,29536.75,0.00
2026-08-19 10:49:30,29537.25,29539.25,29537.00,29538.00,102,29538.00,29538.00,0.00
2026-08-19 10:49:31,29538.00,29541.25,29538.00,29540.75,136,29540.75,29540.75,0.00
2026-08-19 10:49:32,29541.00,29541.00,29536.25,29536.25,120,29536.25,29536.25,0.00
2026-08-19 10:49:33,29536.25,29536.75,29534.75,29536.50,121,29536.50,29536.50,0.00
2026-08-19 10:49:34,29536.25,29537.50,29535.75,29536.25,70,29536.25,29536.25,0.00
2026-08-19 10:49:35,29536.25,29537.25,29535.25,29536.75,44,29536.75,29536.75,0.00
2026-08-19 10:49:36,29536.75,29537.75,29535.00,29535.50,55,29535.50,29535.50,0.00
2026-08-19 10:49:37,29535.50,29536.00,29535.00,29535.00,67,29535.00,29535.00,0.00
2026-08-19 10:49:38,29535.25,29538.25,29535.25,29536.50,107,29536.50,29536.50,0.00
2026-08-19 10:49:39,29536.50,29537.00,29531.75,29531.75,104,29531.75,29531.75,0.00
2026-08-19 10:49:40,29531.25,29533.25,29530.50,29532.75,136,29532.75,29532.75,0.00
2026-08-19 10:49:41,29532.75,29534.75,29532.75,29534.50,53,29534.50,29534.50,0.00
2026-08-19 10:49:42,29534.25,29535.00,29533.75,29534.00,41,29534.00,29534.00,0.00
2026-08-19 10:49:43,29533.75,29536.00,29533.50,29534.50,80,29534.50,29534.50,0.00
2026-08-19 10:49:44,29533.75,29534.00,29530.75,29530.75,86,29530.75,29530.75,0.00
2026-08-19 10:49:45,29531.00,29531.25,29528.25,29530.75,141,29530.75,29530.75,0.00
2026-08-19 10:49:46,29530.75,29531.75,29530.25,29530.50,71,29530.50,29530.50,0.00
2026-08-19 10:49:47,29530.25,29532.50,29530.25,29530.75,59,29530.75,29530.75,0.00
2026-08-19 10:49:48,29530.75,29531.50,29528.50,29529.25,65,29529.25,29529.25,0.00
2026-08-19 10:49:49,29529.50,29531.25,29529.00,29529.75,113,29529.75,29529.75,0.00
2026-08-19 10:49:50,29529.75,29531.00,29529.75,29530.50,51,29530.50,29530.50,0.00
2026-08-19 10:49:51,29530.25,29531.75,29530.25,29531.50,66,29531.50,29531.50,0.00
2026-08-19 10:49:52,29531.00,29531.50,29529.00,29529.50,57,29529.50,29529.50,0.00
2026-08-19 10:49:53,29529.25,29532.50,29529.25,29531.50,107,29531.50,29531.50,0.00
2026-08-19 10:49:54,29531.75,29532.25,29530.50,29531.50,82,29531.50,29531.50,0.00
2026-08-19 10:49:55,29531.75,29532.75,29531.00,29532.00,83,29532.00,29532.00,0.00
2026-08-19 10:49:56,29532.50,29533.50,29531.50,29532.00,91,29532.00,29532.00,0.00
2026-08-19 10:49:57,29532.25,29532.50,29529.00,29530.00,108,29530.00,29530.00,0.00
2026-08-19 10:49:58,29529.75,29529.75,29528.00,29529.25,48,29529.25,29529.25,0.00
2026-08-19 10:49:59,29529.00,29530.25,29529.00,29530.00,54,29530.00,29530.00,0.00
2026-08-19 10:50:00,29530.75,29532.00,29529.75,29531.75,80,29531.75,29531.75,0.00
2026-08-19 10:50:01,29531.50,29533.25,29531.25,29532.50,238,29532.50,29532.50,0.00
2026-08-19 10:50:02,29532.50,29532.50,29527.25,29527.25,296,29527.25,29527.25,0.00
2026-08-19 10:50:03,29527.50,29530.50,29527.50,29529.75,133,29529.75,29529.75,0.00
2026-08-19 10:50:04,29529.50,29530.75,29527.50,29530.75,116,29530.75,29530.75,0.00
2026-08-19 10:50:05,29531.25,29533.75,29531.25,29533.50,100,29533.50,29533.50,0.00
2026-08-19 10:50:06,29532.75,29534.25,29532.75,29533.75,70,29533.75,29533.75,0.00
2026-08-19 10:50:07,29533.25,29535.00,29533.00,29535.00,121,29535.00,29535.00,0.00
2026-08-19 10:50:08,29534.75,29534.75,29532.75,29533.00,99,29533.00,29533.00,0.00
2026-08-19 10:50:09,29533.00,29533.75,29532.50,29533.75,57,29533.75,29533.75,0.00
2026-08-19 10:50:10,29533.25,29533.75,29530.00,29530.75,86,29530.75,29530.75,0.00
2026-08-19 10:50:11,29530.75,29531.25,29527.00,29529.25,149,29529.25,29529.25,0.00
2026-08-19 10:50:12,29529.50,29530.25,29528.50,29528.50,65,29528.50,29528.50,0.00
2026-08-19 10:50:13,29528.25,29530.50,29527.50,29530.25,109,29530.25,29530.25,0.00
2026-08-19 10:50:14,29530.50,29532.75,29530.25,29532.50,99,29532.50,29532.50,0.00
2026-08-19 10:50:15,29532.50,29533.00,29531.00,29531.50,46,29531.50,29531.50,0.00
2026-08-19 10:50:16,29531.25,29532.00,29530.00,29530.25,47,29530.25,29530.25,0.00
2026-08-19 10:50:17,29530.50,29533.50,29530.50,29533.00,64,29533.00,29533.00,0.00
2026-08-19 10:50:18,29532.25,29532.50,29530.25,29532.50,78,29532.50,29532.50,0.00
2026-08-19 10:50:19,29532.75,29535.75,29532.50,29535.25,83,29535.25,29535.25,0.00
2026-08-19 10:50:20,29534.75,29535.75,29534.50,29534.75,41,29534.75,29534.75,0.00
2026-08-19 10:50:21,29535.00,29535.75,29534.50,29534.75,62,29534.75,29534.75,0.00
2026-08-19 10:50:22,29535.00,29537.50,29534.00,29534.50,169,29534.50,29534.50,0.00
2026-08-19 10:50:23,29534.50,29535.75,29534.25,29534.50,80,29534.50,29534.50,0.00
2026-08-19 10:50:24,29534.25,29535.00,29532.25,29533.75,121,29533.75,29533.75,0.00
2026-08-19 10:50:25,29533.50,29536.00,29532.75,29535.25,58,29535.25,29535.25,0.00
2026-08-19 10:50:26,29535.50,29536.00,29533.75,29534.00,80,29534.00,29534.00,0.00
2026-08-19 10:50:27,29535.25,29538.00,29535.00,29535.50,113,29535.50,29535.50,0.00
2026-08-19 10:50:28,29535.25,29535.50,29532.50,29532.50,75,29532.50,29532.50,0.00
2026-08-19 10:50:29,29532.50,29535.50,29532.00,29535.25,51,29535.25,29535.25,0.00
2026-08-19 10:50:30,29535.75,29544.00,29535.75,29538.50,425,29538.50,29538.50,0.00
2026-08-19 10:50:31,29538.00,29538.25,29535.75,29537.75,75,29537.75,29537.75,0.00
2026-08-19 10:50:32,29538.00,29538.00,29536.75,29537.00,106,29537.00,29537.00,0.00
2026-08-19 10:50:33,29537.25,29539.50,29537.25,29537.75,50,29537.75,29537.75,0.00
2026-08-19 10:50:34,29538.25,29539.00,29536.50,29537.00,78,29537.00,29537.00,0.00
2026-08-19 10:50:35,29537.00,29537.00,29535.00,29535.75,51,29535.75,29535.75,0.00
2026-08-19 10:50:36,29535.25,29538.25,29534.25,29537.25,106,29537.25,29537.25,0.00
2026-08-19 10:50:37,29537.00,29541.50,29537.00,29541.25,102,29541.25,29541.25,0.00
2026-08-19 10:50:38,29541.00,29542.25,29538.75,29539.50,197,29539.50,29539.50,0.00
2026-08-19 10:50:39,29539.50,29540.00,29538.50,29539.75,73,29539.75,29539.75,0.00
2026-08-19 10:50:40,29540.00,29543.25,29539.75,29542.25,102,29542.25,29542.25,0.00
2026-08-19 10:50:41,29542.25,29546.75,29542.00,29545.00,271,29545.00,29545.00,0.00
2026-08-19 10:50:42,29545.25,29545.75,29542.50,29543.00,200,29543.00,29543.00,0.00
2026-08-19 10:50:43,29543.50,29546.50,29543.50,29544.50,89,29544.50,29544.50,0.00
2026-08-19 10:50:44,29545.00,29545.25,29542.00,29542.25,98,29542.25,29542.25,0.00
2026-08-19 10:50:45,29542.25,29544.00,29542.25,29542.50,71,29542.50,29542.50,0.00
2026-08-19 10:50:46,29543.00,29545.75,29542.25,29545.75,71,29545.75,29545.75,0.00
2026-08-19 10:50:47,29544.25,29544.75,29542.50,29543.25,56,29543.25,29543.25,0.00
2026-08-19 10:50:48,29543.00,29543.00,29540.50,29541.25,62,29541.25,29541.25,0.00
2026-08-19 10:50:49,29540.25,29540.25,29535.50,29538.50,179,29538.50,29538.50,0.00
2026-08-19 10:50:50,29538.75,29542.00,29538.25,29541.25,65,29541.25,29541.25,0.00
2026-08-19 10:50:51,29541.50,29543.25,29541.00,29541.50,80,29541.50,29541.50,0.00
2026-08-19 10:50:52,29542.75,29543.75,29541.50,29542.00,54,29542.00,29542.00,0.00
2026-08-19 10:50:53,29542.75,29543.75,29542.00,29543.00,38,29543.00,29543.00,0.00
2026-08-19 10:50:54,29542.75,29544.50,29542.50,29544.00,32,29544.00,29544.00,0.00
2026-08-19 10:50:55,29543.75,29545.00,29543.75,29544.50,54,29544.50,29544.50,0.00
2026-08-19 10:50:56,29544.25,29544.75,29543.50,29544.75,24,29544.75,29544.75,0.00
2026-08-19 10:50:57,29544.75,29546.00,29544.75,29545.50,79,29545.50,29545.50,0.00
2026-08-19 10:50:58,29545.75,29545.75,29542.00,29543.00,86,29543.00,29543.00,0.00
2026-08-19 10:50:59,29543.50,29544.75,29543.00,29544.00,54,29544.00,29544.00,0.00
2026-08-19 10:51:00,29544.50,29544.50,29543.25,29543.75,54,29543.75,29543.75,0.00
2026-08-19 10:51:01,29544.50,29544.50,29542.25,29543.50,113,29543.50,29543.50,0.00
2026-08-19 10:51:02,29543.25,29544.75,29541.50,29544.00,75,29544.00,29544.00,0.00
2026-08-19 10:51:03,29543.50,29543.50,29541.00,29541.75,113,29541.75,29541.75,0.00
2026-08-19 10:51:04,29541.75,29543.50,29538.75,29543.25,158,29543.25,29543.25,0.00
2026-08-19 10:51:05,29543.00,29543.00,29541.25,29542.75,92,29542.75,29542.75,0.00
2026-08-19 10:51:06,29542.75,29544.50,29537.00,29538.00,232,29538.00,29538.00,0.00
2026-08-19 10:51:07,29538.25,29539.25,29538.25,29539.25,81,29539.25,29539.25,0.00
2026-08-19 10:51:08,29539.50,29541.50,29539.50,29541.50,69,29541.50,29541.50,0.00
2026-08-19 10:51:09,29541.00,29542.50,29539.50,29540.50,98,29540.50,29540.50,0.00
2026-08-19 10:51:10,29540.75,29541.00,29538.00,29539.00,83,29539.00,29539.00,0.00
2026-08-19 10:51:11,29538.00,29541.25,29537.75,29540.25,68,29540.25,29540.25,0.00
2026-08-19 10:51:12,29540.50,29542.00,29540.25,29541.75,91,29541.75,29541.75,0.00
2026-08-19 10:51:13,29541.75,29546.50,29541.75,29544.25,115,29544.25,29544.25,0.00
2026-08-19 10:51:14,29543.75,29544.25,29540.50,29541.25,79,29541.25,29541.25,0.00
2026-08-19 10:51:15,29541.50,29543.75,29541.50,29543.50,61,29543.50,29543.50,0.00
2026-08-19 10:51:16,29544.25,29546.25,29544.00,29544.00,67,29544.00,29544.00,0.00
2026-08-19 10:51:17,29544.25,29544.25,29538.25,29540.25,127,29540.25,29540.25,0.00
2026-08-19 10:51:18,29540.00,29541.25,29539.50,29540.75,74,29540.75,29540.75,0.00
2026-08-19 10:51:19,29540.50,29541.75,29539.75,29540.25,49,29540.25,29540.25,0.00
2026-08-19 10:51:20,29540.25,29541.75,29539.75,29541.50,35,29541.50,29541.50,0.00
2026-08-19 10:51:21,29542.25,29542.50,29541.00,29541.50,29,29541.50,29541.50,0.00
2026-08-19 10:51:22,29542.00,29542.50,29538.00,29540.75,87,29540.75,29540.75,0.00
2026-08-19 10:51:23,29541.00,29543.00,29540.25,29541.75,64,29541.75,29541.75,0.00
2026-08-19 10:51:24,29542.25,29545.00,29541.50,29543.00,124,29543.00,29543.00,0.00
2026-08-19 10:51:25,29542.75,29544.75,29542.25,29544.75,50,29544.75,29544.75,0.00
2026-08-19 10:51:26,29545.00,29550.50,29545.00,29549.50,365,29549.50,29549.50,0.00
2026-08-19 10:51:27,29550.00,29552.00,29548.75,29550.25,272,29550.25,29550.25,0.00
2026-08-19 10:51:28,29549.75,29553.00,29548.50,29552.75,167,29552.75,29552.75,0.00
2026-08-19 10:51:29,29552.75,29554.25,29552.00,29553.75,154,29553.75,29553.75,0.00
2026-08-19 10:51:30,29553.50,29555.25,29553.50,29554.75,172,29554.75,29554.75,0.00
2026-08-19 10:51:31,29555.25,29557.50,29554.50,29556.50,209,29556.50,29556.50,0.00
2026-08-19 10:51:32,29556.50,29557.50,29555.50,29556.00,177,29556.00,29556.00,0.00
2026-08-19 10:51:33,29556.50,29558.25,29556.00,29556.50,137,29556.50,29556.50,0.00
2026-08-19 10:51:34,29557.00,29559.50,29556.25,29558.75,151,29558.75,29558.75,0.00
2026-08-19 10:51:35,29558.75,29562.75,29558.50,29561.50,303,29561.50,29561.50,0.00
2026-08-19 10:51:36,29561.75,29563.50,29560.25,29562.75,195,29562.75,29562.75,0.00
2026-08-19 10:51:37,29563.25,29563.50,29561.75,29562.25,103,29562.25,29562.25,0.00
2026-08-19 10:51:38,29562.00,29564.00,29561.75,29562.25,109,29562.25,29562.25,0.00
2026-08-19 10:51:39,29562.50,29562.75,29561.00,29561.50,114,29561.50,29561.50,0.00
2026-08-19 10:51:40,29561.50,29562.00,29557.50,29559.00,227,29559.00,29559.00,0.00
2026-08-19 10:51:41,29559.00,29560.25,29557.75,29560.25,93,29560.25,29560.25,0.00
2026-08-19 10:51:42,29560.25,29560.25,29557.50,29558.25,79,29558.25,29558.25,0.00
2026-08-19 10:51:43,29558.25,29558.50,29557.50,29558.25,45,29558.25,29558.25,0.00
2026-08-19 10:51:44,29557.75,29559.50,29557.75,29558.00,70,29558.00,29558.00,0.00
2026-08-19 10:51:45,29558.50,29560.00,29557.25,29560.00,85,29560.00,29560.00,0.00
2026-08-19 10:51:46,29559.75,29559.75,29557.75,29559.00,67,29559.00,29559.00,0.00
2026-08-19 10:51:47,29558.50,29560.25,29557.00,29557.75,224,29557.75,29557.75,0.00
2026-08-19 10:51:48,29557.00,29557.25,29554.75,29555.50,100,29555.50,29555.50,0.00
2026-08-19 10:51:49,29555.75,29556.75,29555.00,29556.25,69,29556.25,29556.25,0.00
2026-08-19 10:51:50,29556.25,29556.75,29554.50,29555.00,68,29555.00,29555.00,0.00
2026-08-19 10:51:51,29554.50,29556.00,29554.50,29555.50,59,29555.50,29555.50,0.00
2026-08-19 10:51:52,29554.50,29555.25,29553.00,29554.25,89,29554.25,29554.25,0.00
2026-08-19 10:51:53,29554.50,29556.00,29554.00,29555.75,76,29555.75,29555.75,0.00
2026-08-19 10:51:54,29555.75,29556.50,29554.25,29554.75,142,29554.75,29554.75,0.00
2026-08-19 10:51:55,29555.25,29555.50,29552.75,29552.75,48,29552.75,29552.75,0.00
2026-08-19 10:51:56,29552.50,29554.00,29551.25,29552.50,110,29552.50,29552.50,0.00
2026-08-19 10:51:57,29552.50,29554.00,29550.50,29553.00,115,29553.00,29553.00,0.00
2026-08-19 10:51:58,29553.75,29553.75,29552.00,29552.00,70,29552.00,29552.00,0.00
2026-08-19 10:51:59,29552.50,29552.50,29549.00,29550.75,146,29550.75,29550.75,0.00
2026-08-19 10:52:00,29550.75,29551.25,29549.50,29550.50,105,29550.50,29550.50,0.00
2026-08-19 10:52:01,29550.25,29553.25,29550.25,29551.75,80,29551.75,29551.75,0.00
2026-08-19 10:52:02,29552.00,29555.25,29551.75,29552.50,408,29552.50,29552.50,0.00
2026-08-19 10:52:03,29553.00,29554.75,29551.25,29554.75,133,29554.75,29554.75,0.00
2026-08-19 10:52:04,29554.00,29554.25,29550.75,29553.00,116,29553.00,29553.00,0.00
2026-08-19 10:52:05,29553.25,29553.50,29551.75,29551.75,52,29551.75,29551.75,0.00
2026-08-19 10:52:06,29552.00,29552.75,29550.50,29551.50,81,29551.50,29551.50,0.00
2026-08-19 10:52:07,29551.75,29553.25,29551.00,29552.25,46,29552.25,29552.25,0.00
2026-08-19 10:52:08,29553.50,29553.75,29552.25,29552.25,29,29552.25,29552.25,0.00
2026-08-19 10:52:09,29552.50,29553.00,29550.75,29551.00,69,29551.00,29551.00,0.00
2026-08-19 10:52:10,29551.00,29553.25,29550.75,29553.25,42,29553.25,29553.25,0.00
2026-08-19 10:52:11,29553.00,29557.00,29552.75,29556.00,71,29556.00,29556.00,0.00
2026-08-19 10:52:12,29556.00,29557.25,29555.00,29555.50,93,29555.50,29555.50,0.00
2026-08-19 10:52:13,29555.50,29556.50,29554.75,29556.00,61,29556.00,29556.00,0.00
2026-08-19 10:52:14,29555.50,29558.25,29554.25,29557.25,124,29557.25,29557.25,0.00
2026-08-19 10:52:15,29557.75,29558.25,29555.50,29555.50,58,29555.50,29555.50,0.00
2026-08-19 10:52:16,29555.25,29557.50,29555.25,29557.00,40,29557.00,29557.00,0.00
2026-08-19 10:52:17,29557.50,29558.75,29553.00,29554.25,108,29554.25,29554.25,0.00
2026-08-19 10:52:18,29554.25,29554.25,29550.25,29551.25,104,29551.25,29551.25,0.00
2026-08-19 10:52:19,29550.50,29550.75,29547.50,29548.25,188,29548.25,29548.25,0.00
2026-08-19 10:52:20,29549.25,29550.50,29548.25,29549.75,102,29549.75,29549.75,0.00
2026-08-19 10:52:21,29550.00,29551.00,29549.50,29550.25,77,29550.25,29550.25,0.00
2026-08-19 10:52:22,29550.75,29550.75,29549.25,29550.25,59,29550.25,29550.25,0.00
2026-08-19 10:52:23,29550.25,29550.75,29549.75,29550.75,34,29550.75,29550.75,0.00
2026-08-19 10:52:24,29551.00,29551.00,29546.00,29547.75,135,29547.75,29547.75,0.00
2026-08-19 10:52:25,29548.25,29548.50,29546.00,29546.00,91,29546.00,29546.00,0.00
2026-08-19 10:52:26,29546.00,29546.25,29541.75,29542.00,284,29542.00,29542.00,0.00
2026-08-19 10:52:27,29541.75,29545.25,29541.00,29541.75,191,29541.75,29541.75,0.00
2026-08-19 10:52:28,29541.50,29543.00,29538.50,29539.25,207,29539.25,29539.25,0.00
2026-08-19 10:52:29,29538.50,29540.50,29537.50,29537.50,137,29537.50,29537.50,0.00
2026-08-19 10:52:30,29537.75,29540.75,29537.50,29540.50,109,29540.50,29540.50,0.00
2026-08-19 10:52:31,29540.00,29541.75,29540.00,29541.25,102,29541.25,29541.25,0.00
2026-08-19 10:52:32,29541.50,29541.50,29538.25,29539.00,71,29539.00,29539.00,0.00
2026-08-19 10:52:33,29538.50,29539.50,29537.25,29538.25,115,29538.25,29538.25,0.00
2026-08-19 10:52:34,29538.50,29540.00,29537.75,29538.75,94,29538.75,29538.75,0.00
2026-08-19 10:52:35,29538.75,29539.25,29537.25,29538.75,70,29538.75,29538.75,0.00
2026-08-19 10:52:36,29539.50,29539.50,29537.50,29538.25,58,29538.25,29538.25,0.00
2026-08-19 10:52:37,29538.50,29540.75,29538.00,29538.50,85,29538.50,29538.50,0.00
2026-08-19 10:52:38,29538.75,29541.25,29538.75,29541.00,76,29541.00,29541.00,0.00
2026-08-19 10:52:39,29541.25,29547.00,29541.25,29547.00,187,29547.00,29547.00,0.00
2026-08-19 10:52:40,29546.75,29547.75,29545.75,29547.50,88,29547.50,29547.50,0.00
2026-08-19 10:52:41,29547.00,29547.75,29543.50,29544.25,90,29544.25,29544.25,0.00
2026-08-19 10:52:42,29543.75,29544.75,29542.75,29544.75,55,29544.75,29544.75,0.00
2026-08-19 10:52:43,29544.75,29544.75,29542.50,29543.75,51,29543.75,29543.75,0.00
2026-08-19 10:52:44,29543.25,29543.25,29540.75,29541.75,55,29541.75,29541.75,0.00
2026-08-19 10:52:45,29542.00,29542.25,29539.75,29540.00,107,29540.00,29540.00,0.00
2026-08-19 10:52:46,29540.25,29541.25,29539.50,29541.25,20,29541.25,29541.25,0.00
2026-08-19 10:52:47,29540.25,29540.75,29539.50,29540.00,44,29540.00,29540.00,0.00
2026-08-19 10:52:48,29540.25,29541.00,29540.25,29540.75,24,29540.75,29540.75,0.00
2026-08-19 10:52:49,29540.00,29540.25,29539.00,29539.50,42,29539.50,29539.50,0.00
2026-08-19 10:52:50,29539.50,29543.00,29539.25,29542.50,73,29542.50,29542.50,0.00
2026-08-19 10:52:51,29542.25,29547.00,29542.25,29546.50,83,29546.50,29546.50,0.00
2026-08-19 10:52:52,29547.25,29548.00,29546.00,29546.25,32,29546.25,29546.25,0.00
2026-08-19 10:52:53,29546.00,29546.25,29545.00,29546.25,21,29546.25,29546.25,0.00
2026-08-19 10:52:54,29546.25,29549.25,29546.25,29549.00,97,29549.00,29549.00,0.00
2026-08-19 10:52:55,29548.25,29549.00,29547.75,29547.75,74,29547.75,29547.75,0.00
2026-08-19 10:52:56,29547.75,29548.00,29543.00,29544.25,77,29544.25,29544.25,0.00
2026-08-19 10:52:57,29544.00,29546.00,29543.25,29545.50,39,29545.50,29545.50,0.00
2026-08-19 10:52:58,29545.25,29547.00,29545.25,29546.25,47,29546.25,29546.25,0.00
2026-08-19 10:52:59,29546.00,29546.25,29544.75,29545.25,37,29545.25,29545.25,0.00
2026-08-19 10:53:00,29545.25,29547.50,29545.25,29547.50,54,29547.50,29547.50,0.00
2026-08-19 10:53:01,29547.50,29549.25,29547.25,29549.00,79,29549.00,29549.00,0.00
2026-08-19 10:53:02,29549.25,29557.75,29548.75,29557.00,405,29557.00,29557.00,0.00
2026-08-19 10:53:03,29556.75,29558.75,29555.75,29556.75,213,29556.75,29556.75,0.00
2026-08-19 10:53:04,29557.00,29558.50,29556.25,29557.00,155,29557.00,29557.00,0.00
2026-08-19 10:53:05,29557.25,29559.25,29556.25,29558.75,82,29558.75,29558.75,0.00
2026-08-19 10:53:06,29558.50,29559.00,29557.75,29558.50,79,29558.50,29558.50,0.00
2026-08-19 10:53:07,29558.75,29561.50,29558.75,29560.00,168,29560.00,29560.00,0.00
2026-08-19 10:53:08,29560.25,29563.75,29560.25,29563.75,233,29563.75,29563.75,0.00
2026-08-19 10:53:09,29563.75,29563.75,29562.00,29562.50,96,29562.50,29562.50,0.00
2026-08-19 10:53:10,29562.25,29563.75,29561.25,29562.75,102,29562.75,29562.75,0.00
2026-08-19 10:53:11,29562.25,29564.00,29562.25,29562.75,155,29562.75,29562.75,0.00
2026-08-19 10:53:12,29562.50,29565.75,29562.25,29565.50,256,29565.50,29565.50,0.00
2026-08-19 10:53:13,29565.75,29568.25,29564.50,29566.00,282,29566.00,29566.00,0.00
2026-08-19 10:53:14,29566.00,29566.50,29563.00,29563.50,181,29563.50,29563.50,0.00
2026-08-19 10:53:15,29563.00,29565.00,29563.00,29564.50,84,29564.50,29564.50,0.00
2026-08-19 10:53:16,29564.50,29566.50,29563.75,29566.50,79,29566.50,29566.50,0.00
2026-08-19 10:53:17,29566.25,29567.00,29565.50,29567.00,80,29567.00,29567.00,0.00
2026-08-19 10:53:18,29567.25,29569.25,29567.00,29569.00,119,29569.00,29569.00,0.00
2026-08-19 10:53:19,29569.00,29571.00,29567.75,29568.25,238,29568.25,29568.25,0.00
2026-08-19 10:53:20,29568.50,29571.25,29568.25,29570.50,145,29570.50,29570.50,0.00
2026-08-19 10:53:21,29570.50,29571.00,29569.25,29570.25,172,29570.25,29570.25,0.00
2026-08-19 10:53:22,29570.25,29570.25,29568.50,29569.50,72,29569.50,29569.50,0.00
2026-08-19 10:53:23,29569.00,29570.25,29568.25,29569.50,82,29569.50,29569.50,0.00
2026-08-19 10:53:24,29570.25,29571.25,29569.25,29571.25,107,29571.25,29571.25,0.00
2026-08-19 10:53:25,29570.50,29570.75,29569.75,29570.25,62,29570.25,29570.25,0.00
2026-08-19 10:53:26,29570.50,29572.00,29570.00,29571.50,107,29571.50,29571.50,0.00
2026-08-19 10:53:27,29571.25,29574.25,29570.50,29573.75,287,29573.75,29573.75,0.00
2026-08-19 10:53:28,29573.25,29574.25,29572.50,29574.00,148,29574.00,29574.00,0.00
2026-08-19 10:53:29,29574.25,29577.50,29574.00,29575.75,615,29575.75,29575.75,0.00
2026-08-19 10:53:30,29576.00,29577.00,29575.25,29576.25,181,29576.25,29576.25,0.00
2026-08-19 10:53:31,29576.25,29577.00,29574.75,29576.00,137,29576.00,29576.00,0.00
2026-08-19 10:53:32,29576.00,29576.75,29575.25,29576.25,113,29576.25,29576.25,0.00
2026-08-19 10:53:33,29576.00,29576.50,29574.50,29575.25,159,29575.25,29575.25,0.00
2026-08-19 10:53:34,29575.25,29575.50,29572.50,29573.00,137,29573.00,29573.00,0.00
2026-08-19 10:53:35,29572.75,29575.00,29572.50,29574.75,117,29574.75,29574.75,0.00
2026-08-19 10:53:36,29574.25,29575.25,29573.50,29574.25,103,29574.25,29574.25,0.00
2026-08-19 10:53:37,29573.25,29574.25,29573.00,29573.50,92,29573.50,29573.50,0.00
2026-08-19 10:53:38,29573.75,29574.25,29572.25,29573.50,166,29573.50,29573.50,0.00
2026-08-19 10:53:39,29573.75,29574.75,29573.25,29574.00,152,29574.00,29574.00,0.00
2026-08-19 10:53:40,29573.50,29574.00,29572.50,29573.75,71,29573.75,29573.75,0.00
2026-08-19 10:53:41,29573.75,29574.75,29573.00,29574.00,58,29574.00,29574.00,0.00
2026-08-19 10:53:42,29574.00,29576.25,29573.50,29576.25,64,29576.25,29576.25,0.00
2026-08-19 10:53:43,29576.25,29577.00,29574.75,29576.25,39,29576.25,29576.25,0.00
2026-08-19 10:53:44,29576.75,29581.50,29576.50,29580.75,418,29580.75,29580.75,0.00
2026-08-19 10:53:45,29581.00,29583.75,29580.50,29582.25,354,29582.25,29582.25,0.00
2026-08-19 10:53:46,29582.50,29584.25,29581.75,29583.50,235,29583.50,29583.50,0.00
2026-08-19 10:53:47,29583.75,29585.00,29583.00,29584.00,215,29584.00,29584.00,0.00
2026-08-19 10:53:48,29584.00,29586.50,29583.50,29585.75,277,29585.75,29585.75,0.00
2026-08-19 10:53:49,29585.75,29586.50,29585.25,29585.25,122,29585.25,29585.25,0.00
2026-08-19 10:53:50,29585.50,29587.50,29584.25,29585.50,221,29585.50,29585.50,0.00
2026-08-19 10:53:51,29585.50,29588.75,29585.50,29586.50,262,29586.50,29586.50,0.00
2026-08-19 10:53:52,29586.50,29587.25,29585.50,29586.75,85,29586.75,29586.75,0.00
2026-08-19 10:53:53,29587.00,29588.75,29586.25,29587.75,108,29587.75,29587.75,0.00
2026-08-19 10:53:54,29587.50,29588.25,29586.50,29587.00,102,29587.00,29587.00,0.00
2026-08-19 10:53:55,29587.00,29588.25,29587.00,29587.25,93,29587.25,29587.25,0.00
2026-08-19 10:53:56,29588.00,29588.75,29586.25,29588.00,187,29588.00,29588.00,0.00
2026-08-19 10:53:57,29587.50,29590.00,29587.50,29589.50,139,29589.50,29589.50,0.00
2026-08-19 10:53:58,29588.75,29589.50,29587.75,29589.50,68,29589.50,29589.50,0.00
2026-08-19 10:53:59,29589.50,29590.75,29588.75,29590.25,147,29590.25,29590.25,0.00
2026-08-19 10:54:00,29590.25,29592.00,29590.00,29591.00,234,29591.00,29591.00,0.00
2026-08-19 10:54:01,29591.25,29594.50,29591.25,29594.25,362,29594.25,29594.25,0.00
2026-08-19 10:54:02,29594.50,29595.00,29592.25,29593.00,242,29593.00,29593.00,0.00
2026-08-19 10:54:03,29593.00,29593.25,29591.50,29592.25,164,29592.25,29592.25,0.00
2026-08-19 10:54:04,29592.25,29592.75,29590.00,29590.25,251,29590.25,29590.25,0.00
2026-08-19 10:54:05,29590.50,29591.25,29589.50,29589.50,265,29589.50,29589.50,0.00
2026-08-19 10:54:06,29589.50,29591.50,29589.00,29591.25,97,29591.25,29591.25,0.00
2026-08-19 10:54:07,29591.25,29592.75,29590.00,29592.00,120,29592.00,29592.00,0.00
2026-08-19 10:54:08,29592.00,29592.25,29590.25,29591.75,130,29591.75,29591.75,0.00
2026-08-19 10:54:09,29591.50,29593.50,29591.25,29593.50,134,29593.50,29593.50,0.00
2026-08-19 10:54:10,29593.00,29593.25,29592.25,29592.25,72,29592.25,29592.25,0.00
2026-08-19 10:54:11,29592.75,29593.75,29592.25,29593.00,113,29593.00,29593.00,0.00
2026-08-19 10:54:12,29593.00,29594.00,29592.50,29592.50,100,29592.50,29592.50,0.00
2026-08-19 10:54:13,29592.25,29592.50,29590.75,29591.75,127,29591.75,29591.75,0.00
2026-08-19 10:54:14,29591.75,29593.25,29591.25,29591.75,243,29591.75,29591.75,0.00
2026-08-19 10:54:15,29591.75,29592.50,29590.25,29590.50,89,29590.50,29590.50,0.00
2026-08-19 10:54:16,29590.00,29591.00,29589.25,29590.25,141,29590.25,29590.25,0.00
2026-08-19 10:54:17,29590.25,29592.50,29589.50,29591.50,101,29591.50,29591.50,0.00
2026-08-19 10:54:18,29591.50,29592.00,29591.00,29591.50,48,29591.50,29591.50,0.00
2026-08-19 10:54:19,29591.50,29592.75,29591.00,29591.50,132,29591.50,29591.50,0.00
2026-08-19 10:54:20,29592.00,29592.25,29591.25,29591.75,35,29591.75,29591.75,0.00
2026-08-19 10:54:21,29591.75,29593.00,29590.00,29590.00,186,29590.00,29590.00,0.00
2026-08-19 10:54:22,29590.00,29590.25,29588.00,29588.50,133,29588.50,29588.50,0.00
2026-08-19 10:54:23,29588.00,29589.75,29588.00,29589.50,142,29589.50,29589.50,0.00
2026-08-19 10:54:24,29589.00,29591.25,29588.75,29591.25,68,29591.25,29591.25,0.00
2026-08-19 10:54:25,29591.50,29592.25,29590.50,29590.50,54,29590.50,29590.50,0.00
2026-08-19 10:54:26,29590.75,29592.00,29590.00,29591.50,85,29591.50,29591.50,0.00
2026-08-19 10:54:27,29591.75,29592.25,29590.75,29590.75,64,29590.75,29590.75,0.00
2026-08-19 10:54:28,29591.50,29592.00,29591.25,29591.50,29,29591.50,29591.50,0.00
2026-08-19 10:54:29,29591.50,29593.50,29591.00,29591.50,129,29591.50,29591.50,0.00
2026-08-19 10:54:30,29590.50,29590.75,29589.25,29589.50,32,29589.50,29589.50,0.00
2026-08-19 10:54:31,29589.25,29590.50,29589.00,29589.25,55,29589.25,29589.25,0.00
2026-08-19 10:54:32,29589.50,29590.25,29587.50,29588.50,115,29588.50,29588.50,0.00
2026-08-19 10:54:33,29588.50,29589.75,29586.50,29589.25,259,29589.25,29589.25,0.00
2026-08-19 10:54:34,29589.25,29590.75,29588.75,29590.50,60,29590.50,29590.50,0.00
2026-08-19 10:54:35,29590.25,29591.25,29589.50,29590.75,42,29590.75,29590.75,0.00
2026-08-19 10:54:36,29590.75,29591.25,29589.25,29589.50,37,29589.50,29589.50,0.00
2026-08-19 10:54:37,29589.50,29590.00,29589.50,29590.00,31,29590.00,29590.00,0.00
2026-08-19 10:54:38,29589.75,29590.25,29588.75,29589.25,77,29589.25,29589.25,0.00
2026-08-19 10:54:39,29589.00,29590.25,29588.00,29589.25,57,29589.25,29589.25,0.00
2026-08-19 10:54:40,29589.75,29591.50,29589.00,29591.00,63,29591.00,29591.00,0.00
2026-08-19 10:54:41,29591.25,29592.50,29590.50,29591.25,59,29591.25,29591.25,0.00
2026-08-19 10:54:42,29591.50,29592.25,29591.25,29591.75,86,29591.75,29591.75,0.00
2026-08-19 10:54:43,29591.75,29593.00,29591.75,29592.50,32,29592.50,29592.50,0.00
2026-08-19 10:54:44,29592.75,29594.50,29592.50,29594.00,95,29594.00,29594.00,0.00
2026-08-19 10:54:45,29594.25,29594.25,29592.75,29594.00,105,29594.00,29594.00,0.00
2026-08-19 10:54:46,29593.75,29595.00,29593.00,29593.00,90,29593.00,29593.00,0.00
2026-08-19 10:54:47,29593.00,29594.50,29593.00,29594.25,77,29594.25,29594.25,0.00
2026-08-19 10:54:48,29594.00,29596.25,29594.00,29595.25,168,29595.25,29595.25,0.00
2026-08-19 10:54:49,29595.25,29595.25,29592.75,29594.25,146,29594.25,29594.25,0.00
2026-08-19 10:54:50,29593.50,29594.75,29593.25,29594.00,75,29594.00,29594.00,0.00
2026-08-19 10:54:51,29594.00,29594.00,29592.75,29593.25,68,29593.25,29593.25,0.00
2026-08-19 10:54:52,29593.50,29593.75,29592.75,29593.50,39,29593.50,29593.50,0.00
2026-08-19 10:54:53,29593.50,29594.50,29592.50,29593.00,60,29593.00,29593.00,0.00
2026-08-19 10:54:54,29593.00,29593.50,29592.75,29592.75,54,29592.75,29592.75,0.00
2026-08-19 10:54:55,29593.00,29594.00,29592.00,29594.00,61,29594.00,29594.00,0.00
2026-08-19 10:54:56,29594.25,29594.75,29593.25,29594.25,39,29594.25,29594.25,0.00
2026-08-19 10:54:57,29594.00,29594.25,29593.00,29593.25,78,29593.25,29593.25,0.00
2026-08-19 10:54:58,29593.50,29594.00,29593.00,29594.00,38,29594.00,29594.00,0.00
2026-08-19 10:54:59,29593.75,29595.50,29593.75,29594.75,62,29594.75,29594.75,0.00
2026-08-19 10:55:00,29594.50,29596.00,29594.50,29596.00,42,29596.00,29596.00,0.00
2026-08-19 10:55:01,29596.00,29596.50,29594.50,29595.25,159,29595.25,29595.25,0.00
2026-08-19 10:55:02,29595.50,29597.50,29595.50,29597.00,133,29597.00,29597.00,0.00
2026-08-19 10:55:03,29597.00,29598.00,29595.50,29597.75,215,29597.75,29597.75,0.00
2026-08-19 10:55:04,29597.50,29597.75,29593.25,29594.75,210,29594.75,29594.75,0.00
2026-08-19 10:55:05,29595.00,29595.25,29593.50,29594.75,130,29594.75,29594.75,0.00
2026-08-19 10:55:06,29594.50,29595.00,29593.75,29594.50,67,29594.50,29594.50,0.00
2026-08-19 10:55:07,29594.25,29596.50,29593.25,29595.50,94,29595.50,29595.50,0.00
2026-08-19 10:55:08,29595.25,29595.75,29594.00,29594.25,28,29594.25,29594.25,0.00
2026-08-19 10:55:09,29593.75,29594.00,29592.25,29593.75,96,29593.75,29593.75,0.00
2026-08-19 10:55:10,29594.00,29594.25,29593.25,29594.00,77,29594.00,29594.00,0.00
2026-08-19 10:55:11,29594.50,29596.00,29594.00,29595.75,159,29595.75,29595.75,0.00
2026-08-19 10:55:12,29595.25,29596.00,29595.00,29595.25,53,29595.25,29595.25,0.00
2026-08-19 10:55:13,29595.00,29596.25,29593.25,29596.25,86,29596.25,29596.25,0.00
2026-08-19 10:55:14,29596.00,29597.50,29595.50,29597.00,51,29597.00,29597.00,0.00
2026-08-19 10:55:15,29596.50,29598.25,29595.75,29597.25,132,29597.25,29597.25,0.00
2026-08-19 10:55:16,29597.25,29603.25,29597.25,29603.25,547,29603.25,29603.25,0.00
2026-08-19 10:55:17,29603.50,29604.00,29602.00,29603.75,286,29603.75,29603.75,0.00
2026-08-19 10:55:18,29603.50,29603.75,29601.25,29602.75,238,29602.75,29602.75,0.00
2026-08-19 10:55:19,29602.75,29603.00,29598.50,29598.50,222,29598.50,29598.50,0.00
2026-08-19 10:55:20,29598.75,29602.00,29596.75,29601.50,215,29601.50,29601.50,0.00
2026-08-19 10:55:21,29601.25,29601.25,29597.00,29597.25,120,29597.25,29597.25,0.00
2026-08-19 10:55:22,29597.25,29598.75,29596.50,29598.25,99,29598.25,29598.25,0.00
2026-08-19 10:55:23,29598.50,29599.75,29598.50,29599.00,71,29599.00,29599.00,0.00
2026-08-19 10:55:24,29599.50,29599.50,29597.00,29597.25,88,29597.25,29597.25,0.00
2026-08-19 10:55:25,29597.00,29598.00,29593.00,29594.25,278,29594.25,29594.25,0.00
2026-08-19 10:55:26,29594.25,29594.25,29592.00,29593.50,129,29593.50,29593.50,0.00
2026-08-19 10:55:27,29593.75,29593.75,29589.25,29591.00,175,29591.00,29591.00,0.00
2026-08-19 10:55:28,29591.00,29592.00,29590.00,29590.25,92,29590.25,29590.25,0.00
2026-08-19 10:55:29,29590.25,29591.75,29590.00,29591.50,92,29591.50,29591.50,0.00
2026-08-19 10:55:30,29592.00,29594.75,29592.00,29594.25,67,29594.25,29594.25,0.00
2026-08-19 10:55:31,29594.50,29598.75,29594.25,29598.00,118,29598.00,29598.00,0.00
2026-08-19 10:55:32,29598.50,29600.75,29598.25,29598.50,156,29598.50,29598.50,0.00
2026-08-19 10:55:33,29598.50,29599.00,29594.50,29594.75,123,29594.75,29594.75,0.00
2026-08-19 10:55:34,29594.50,29594.50,29592.50,29593.00,53,29593.00,29593.00,0.00
2026-08-19 10:55:35,29592.50,29593.25,29591.75,29592.50,127,29592.50,29592.50,0.00
2026-08-19 10:55:36,29592.50,29593.25,29591.25,29591.50,97,29591.50,29591.50,0.00
2026-08-19 10:55:37,29591.75,29591.75,29590.25,29590.75,56,29590.75,29590.75,0.00
2026-08-19 10:55:38,29590.00,29591.00,29589.75,29589.75,69,29589.75,29589.75,0.00
2026-08-19 10:55:39,29589.75,29592.50,29589.25,29592.00,172,29592.00,29592.00,0.00
2026-08-19 10:55:40,29591.75,29593.50,29591.00,29592.00,75,29592.00,29592.00,0.00
2026-08-19 10:55:41,29591.50,29593.50,29591.50,29593.50,58,29593.50,29593.50,0.00
2026-08-19 10:55:42,29593.50,29593.75,29592.00,29592.25,61,29592.25,29592.25,0.00
2026-08-19 10:55:43,29592.25,29592.25,29589.75,29590.75,53,29590.75,29590.75,0.00
2026-08-19 10:55:44,29590.75,29591.75,29590.00,29590.25,83,29590.25,29590.25,0.00
2026-08-19 10:55:45,29590.00,29590.50,29588.50,29590.00,81,29590.00,29590.00,0.00
2026-08-19 10:55:46,29589.00,29589.50,29587.25,29588.00,140,29588.00,29588.00,0.00
2026-08-19 10:55:47,29588.00,29589.25,29588.00,29588.50,83,29588.50,29588.50,0.00
2026-08-19 10:55:48,29589.00,29589.50,29588.00,29588.25,68,29588.25,29588.25,0.00
2026-08-19 10:55:49,29588.25,29588.25,29586.75,29588.00,112,29588.00,29588.00,0.00
2026-08-19 10:55:50,29586.75,29589.00,29586.75,29588.00,69,29588.00,29588.00,0.00
2026-08-19 10:55:51,29587.75,29589.00,29587.25,29588.25,71,29588.25,29588.25,0.00
2026-08-19 10:55:52,29587.75,29588.25,29584.75,29584.75,205,29584.75,29584.75,0.00
2026-08-19 10:55:53,29585.50,29587.75,29585.25,29587.25,101,29587.25,29587.25,0.00
2026-08-19 10:55:54,29586.75,29586.75,29583.75,29584.25,136,29584.25,29584.25,0.00
2026-08-19 10:55:55,29584.00,29585.50,29583.75,29585.25,66,29585.25,29585.25,0.00
2026-08-19 10:55:56,29586.00,29586.00,29583.00,29583.75,146,29583.75,29583.75,0.00
2026-08-19 10:55:57,29583.50,29584.25,29582.50,29583.25,89,29583.25,29583.25,0.00
2026-08-19 10:55:58,29583.00,29584.50,29582.50,29584.50,85,29584.50,29584.50,0.00
2026-08-19 10:55:59,29584.00,29584.50,29583.25,29584.00,116,29584.00,29584.00,0.00
2026-08-19 10:56:00,29584.00,29585.00,29582.75,29584.50,70,29584.50,29584.50,0.00
2026-08-19 10:56:01,29585.00,29586.75,29584.75,29586.75,72,29586.75,29586.75,0.00
2026-08-19 10:56:02,29586.25,29587.00,29584.75,29586.50,122,29586.50,29586.50,0.00
2026-08-19 10:56:03,29586.25,29588.25,29585.75,29587.50,68,29587.50,29587.50,0.00
2026-08-19 10:56:04,29587.50,29588.25,29586.25,29586.25,120,29586.25,29586.25,0.00
2026-08-19 10:56:05,29586.25,29586.75,29585.00,29585.75,118,29585.75,29585.75,0.00
2026-08-19 10:56:06,29585.75,29588.00,29585.75,29586.50,60,29586.50,29586.50,0.00
2026-08-19 10:56:07,29587.00,29588.00,29584.75,29587.75,84,29587.75,29587.75,0.00
2026-08-19 10:56:08,29588.00,29589.00,29584.50,29585.25,85,29585.25,29585.25,0.00
2026-08-19 10:56:09,29585.25,29589.00,29585.25,29588.75,74,29588.75,29588.75,0.00
2026-08-19 10:56:10,29589.00,29591.00,29588.25,29588.25,170,29588.25,29588.25,0.00
2026-08-19 10:56:11,29588.25,29588.50,29586.75,29586.75,67,29586.75,29586.75,0.00
2026-08-19 10:56:12,29587.00,29592.50,29587.00,29592.50,194,29592.50,29592.50,0.00
2026-08-19 10:56:13,29592.50,29597.25,29592.50,29597.00,297,29597.00,29597.00,0.00
2026-08-19 10:56:14,29597.00,29600.00,29596.50,29599.25,326,29599.25,29599.25,0.00
2026-08-19 10:56:15,29599.00,29602.25,29598.75,29601.50,258,29601.50,29601.50,0.00
2026-08-19 10:56:16,29601.75,29602.50,29600.50,29601.25,194,29601.25,29601.25,0.00
2026-08-19 10:56:17,29601.75,29604.50,29601.25,29603.50,211,29603.50,29603.50,0.00
2026-08-19 10:56:18,29603.50,29605.00,29602.00,29604.75,299,29604.75,29604.75,0.00
2026-08-19 10:56:19,29605.00,29605.25,29603.25,29604.00,138,29604.00,29604.00,0.00
2026-08-19 10:56:20,29604.00,29606.25,29602.25,29606.00,165,29606.00,29606.00,0.00
2026-08-19 10:56:21,29605.50,29606.25,29602.75,29603.25,194,29603.25,29603.25,0.00
2026-08-19 10:56:22,29603.50,29605.75,29603.50,29605.75,110,29605.75,29605.75,0.00
2026-08-19 10:56:23,29605.25,29607.50,29605.00,29607.50,140,29607.50,29607.50,0.00
2026-08-19 10:56:24,29607.50,29608.75,29606.25,29606.75,314,29606.75,29606.75,0.00
2026-08-19 10:56:25,29607.25,29608.00,29605.75,29606.75,151,29606.75,29606.75,0.00
2026-08-19 10:56:26,29606.75,29607.25,29605.00,29605.75,89,29605.75,29605.75,0.00
2026-08-19 10:56:27,29605.50,29606.25,29604.75,29605.75,103,29605.75,29605.75,0.00
2026-08-19 10:56:28,29605.50,29607.00,29605.25,29605.50,67,29605.50,29605.50,0.00
2026-08-19 10:56:29,29605.50,29608.50,29605.50,29608.25,91,29608.25,29608.25,0.00
2026-08-19 10:56:30,29608.50,29609.75,29608.50,29609.50,178,29609.50,29609.50,0.00
2026-08-19 10:56:31,29609.25,29610.00,29608.75,29609.75,158,29609.75,29609.75,0.00
2026-08-19 10:56:32,29609.75,29610.75,29608.50,29609.00,198,29609.00,29609.00,0.00
2026-08-19 10:56:33,29609.25,29609.75,29608.50,29609.50,64,29609.50,29609.50,0.00
2026-08-19 10:56:34,29609.50,29610.75,29608.75,29609.50,133,29609.50,29609.50,0.00
2026-08-19 10:56:35,29609.25,29609.25,29605.75,29606.25,137,29606.25,29606.25,0.00
2026-08-19 10:56:36,29606.00,29606.50,29604.00,29604.75,117,29604.75,29604.75,0.00
2026-08-19 10:56:37,29605.25,29605.25,29602.50,29602.75,181,29602.75,29602.75,0.00
2026-08-19 10:56:38,29602.75,29602.75,29601.00,29602.00,82,29602.00,29602.00,0.00
2026-08-19 10:56:39,29602.00,29603.00,29600.75,29600.75,67,29600.75,29600.75,0.00
2026-08-19 10:56:40,29601.00,29602.00,29598.50,29598.75,94,29598.75,29598.75,0.00
2026-08-19 10:56:41,29599.50,29600.00,29598.75,29599.00,97,29599.00,29599.00,0.00
2026-08-19 10:56:42,29598.75,29600.00,29598.50,29600.00,70,29600.00,29600.00,0.00
2026-08-19 10:56:43,29599.50,29603.25,29599.50,29603.25,108,29603.25,29603.25,0.00
2026-08-19 10:56:44,29603.50,29604.00,29602.75,29603.50,37,29603.50,29603.50,0.00
2026-08-19 10:56:45,29604.00,29606.00,29603.75,29606.00,74,29606.00,29606.00,0.00
2026-08-19 10:56:46,29605.75,29607.75,29605.75,29606.75,133,29606.75,29606.75,0.00
2026-08-19 10:56:47,29606.75,29609.75,29606.50,29608.25,88,29608.25,29608.25,0.00
2026-08-19 10:56:48,29608.50,29608.50,29606.50,29606.50,59,29606.50,29606.50,0.00
2026-08-19 10:56:49,29606.25,29607.00,29606.25,29606.25,44,29606.25,29606.25,0.00
2026-08-19 10:56:50,29606.75,29607.00,29605.50,29606.50,87,29606.50,29606.50,0.00
2026-08-19 10:56:51,29606.50,29607.00,29605.75,29606.75,72,29606.75,29606.75,0.00
2026-08-19 10:56:52,29606.50,29609.00,29606.50,29608.00,88,29608.00,29608.00,0.00
2026-08-19 10:56:53,29608.00,29608.00,29606.50,29606.75,63,29606.75,29606.75,0.00
2026-08-19 10:56:54,29606.75,29610.75,29606.75,29610.25,287,29610.25,29610.25,0.00
2026-08-19 10:56:55,29610.25,29610.25,29608.75,29609.25,54,29609.25,29609.25,0.00
2026-08-19 10:56:56,29608.75,29610.25,29607.75,29609.25,95,29609.25,29609.25,0.00
2026-08-19 10:56:57,29609.25,29609.50,29608.50,29609.25,60,29609.25,29609.25,0.00
2026-08-19 10:56:58,29608.75,29609.00,29606.00,29607.50,79,29607.50,29607.50,0.00
2026-08-19 10:56:59,29606.75,29607.50,29606.50,29607.50,30,29607.50,29607.50,0.00
2026-08-19 10:57:00,29607.25,29609.50,29606.75,29609.50,99,29609.50,29609.50,0.00
2026-08-19 10:57:01,29608.50,29609.25,29607.75,29608.50,84,29608.50,29608.50,0.00
2026-08-19 10:57:02,29609.00,29610.50,29608.25,29610.00,121,29610.00,29610.00,0.00
2026-08-19 10:57:03,29610.50,29610.75,29609.00,29609.50,67,29609.50,29609.50,0.00
2026-08-19 10:57:04,29609.25,29612.25,29608.50,29612.00,200,29612.00,29612.00,0.00
2026-08-19 10:57:05,29612.00,29615.25,29612.00,29615.00,436,29615.00,29615.00,0.00
2026-08-19 10:57:06,29614.75,29616.75,29614.00,29614.00,210,29614.00,29614.00,0.00
2026-08-19 10:57:07,29614.00,29614.25,29611.75,29613.50,235,29613.50,29613.50,0.00
2026-08-19 10:57:08,29613.00,29615.00,29612.75,29614.25,93,29614.25,29614.25,0.00
2026-08-19 10:57:09,29614.50,29615.00,29613.75,29614.25,67,29614.25,29614.25,0.00
2026-08-19 10:57:10,29613.75,29614.25,29611.00,29612.25,154,29612.25,29612.25,0.00
2026-08-19 10:57:11,29612.50,29612.75,29611.50,29612.25,86,29612.25,29612.25,0.00
2026-08-19 10:57:12,29612.25,29613.75,29612.00,29613.50,101,29613.50,29613.50,0.00
2026-08-19 10:57:13,29613.50,29615.00,29612.50,29613.75,73,29613.75,29613.75,0.00
2026-08-19 10:57:14,29613.50,29615.75,29612.75,29614.50,86,29614.50,29614.50,0.00
2026-08-19 10:57:15,29614.50,29615.75,29614.00,29615.25,70,29615.25,29615.25,0.00
2026-08-19 10:57:16,29615.25,29615.75,29614.50,29614.50,44,29614.50,29614.50,0.00
2026-08-19 10:57:17,29615.00,29616.25,29614.25,29615.50,109,29615.50,29615.50,0.00
2026-08-19 10:57:18,29615.50,29616.00,29614.75,29614.75,68,29614.75,29614.75,0.00
2026-08-19 10:57:19,29614.75,29615.75,29614.75,29615.75,70,29615.75,29615.75,0.00
2026-08-19 10:57:20,29615.50,29616.25,29614.50,29615.75,70,29615.75,29615.75,0.00
2026-08-19 10:57:21,29616.25,29616.50,29615.25,29616.00,63,29616.00,29616.00,0.00
2026-08-19 10:57:22,29615.50,29616.75,29614.75,29615.50,119,29615.50,29615.50,0.00
2026-08-19 10:57:23,29615.75,29617.25,29615.00,29615.00,124,29615.00,29615.00,0.00
2026-08-19 10:57:24,29615.25,29616.50,29614.25,29614.75,74,29614.75,29614.75,0.00
2026-08-19 10:57:25,29615.25,29616.00,29612.25,29613.00,145,29613.00,29613.00,0.00
2026-08-19 10:57:26,29613.00,29613.50,29610.75,29610.75,116,29610.75,29610.75,0.00
2026-08-19 10:57:27,29610.75,29610.75,29608.00,29608.75,209,29608.75,29608.75,0.00
2026-08-19 10:57:28,29608.50,29609.25,29608.25,29608.75,71,29608.75,29608.75,0.00
2026-08-19 10:57:29,29609.25,29610.25,29609.00,29610.25,87,29610.25,29610.25,0.00
2026-08-19 10:57:30,29609.75,29609.75,29608.75,29609.00,77,29609.00,29609.00,0.00
2026-08-19 10:57:31,29609.00,29609.75,29607.25,29609.00,88,29609.00,29609.00,0.00
2026-08-19 10:57:32,29609.25,29610.50,29607.50,29608.25,87,29608.25,29608.25,0.00
2026-08-19 10:57:33,29608.25,29609.25,29608.00,29608.50,66,29608.50,29608.50,0.00
2026-08-19 10:57:34,29608.75,29609.25,29608.00,29608.50,67,29608.50,29608.50,0.00
2026-08-19 10:57:35,29608.75,29612.00,29608.00,29611.75,119,29611.75,29611.75,0.00
2026-08-19 10:57:36,29611.50,29611.50,29609.50,29609.50,60,29609.50,29609.50,0.00
2026-08-19 10:57:37,29609.25,29610.25,29609.25,29609.75,34,29609.75,29609.75,0.00
2026-08-19 10:57:38,29609.75,29611.00,29609.75,29610.25,72,29610.25,29610.25,0.00
2026-08-19 10:57:39,29610.00,29610.00,29607.25,29607.75,116,29607.75,29607.75,0.00
2026-08-19 10:57:40,29607.75,29608.75,29607.00,29607.25,64,29607.25,29607.25,0.00
2026-08-19 10:57:41,29607.00,29608.00,29606.25,29606.50,60,29606.50,29606.50,0.00
2026-08-19 10:57:42,29607.00,29608.25,29606.50,29607.50,97,29607.50,29607.50,0.00
2026-08-19 10:57:43,29607.75,29608.50,29607.25,29607.75,34,29607.75,29607.75,0.00
2026-08-19 10:57:44,29608.25,29610.00,29607.50,29609.25,80,29609.25,29609.25,0.00
2026-08-19 10:57:45,29609.00,29609.00,29606.75,29607.00,49,29607.00,29607.00,0.00
2026-08-19 10:57:46,29607.25,29607.25,29605.50,29605.50,80,29605.50,29605.50,0.00
2026-08-19 10:57:47,29605.50,29606.50,29604.00,29606.00,170,29606.00,29606.00,0.00
2026-08-19 10:57:48,29605.75,29605.75,29604.00,29605.00,104,29605.00,29605.00,0.00
2026-08-19 10:57:49,29605.00,29606.25,29604.75,29606.25,65,29606.25,29606.25,0.00
2026-08-19 10:57:50,29606.00,29606.75,29604.75,29606.25,74,29606.25,29606.25,0.00
2026-08-19 10:57:51,29606.25,29606.75,29605.25,29606.75,36,29606.75,29606.75,0.00
2026-08-19 10:57:52,29606.50,29607.00,29604.75,29605.25,52,29605.25,29605.25,0.00
2026-08-19 10:57:53,29605.50,29606.75,29605.50,29606.50,31,29606.50,29606.50,0.00
2026-08-19 10:57:54,29605.50,29606.75,29605.25,29606.50,17,29606.50,29606.50,0.00
2026-08-19 10:57:55,29606.50,29607.50,29605.75,29607.00,35,29607.00,29607.00,0.00
2026-08-19 10:57:56,29607.25,29607.25,29606.00,29606.75,45,29606.75,29606.75,0.00
2026-08-19 10:57:57,29606.00,29607.25,29605.50,29607.25,29,29607.25,29607.25,0.00
2026-08-19 10:57:58,29607.00,29607.25,29606.25,29606.25,35,29606.25,29606.25,0.00
2026-08-19 10:57:59,29606.25,29607.50,29605.00,29605.00,73,29605.00,29605.00,0.00
2026-08-19 10:58:00,29605.50,29606.00,29605.00,29605.25,72,29605.25,29605.25,0.00
2026-08-19 10:58:01,29605.75,29606.50,29604.00,29605.00,99,29605.00,29605.00,0.00
2026-08-19 10:58:02,29604.50,29605.25,29602.50,29605.00,188,29605.00,29605.00,0.00
2026-08-19 10:58:03,29604.75,29605.50,29603.75,29604.50,68,29604.50,29604.50,0.00
2026-08-19 10:58:04,29604.00,29604.25,29602.00,29603.50,121,29603.50,29603.50,0.00
2026-08-19 10:58:05,29603.25,29605.50,29603.25,29605.00,58,29605.00,29605.00,0.00
2026-08-19 10:58:06,29604.75,29605.75,29602.75,29604.00,121,29604.00,29604.00,0.00
2026-08-19 10:58:07,29603.75,29603.75,29602.00,29602.50,125,29602.50,29602.50,0.00
2026-08-19 10:58:08,29603.00,29603.25,29598.25,29599.00,299,29599.00,29599.00,0.00
2026-08-19 10:58:09,29598.50,29602.75,29598.25,29601.25,199,29601.25,29601.25,0.00
2026-08-19 10:58:10,29601.25,29601.50,29598.00,29599.50,57,29599.50,29599.50,0.00
2026-08-19 10:58:11,29599.50,29599.75,29598.00,29599.75,81,29599.75,29599.75,0.00
2026-08-19 10:58:12,29600.00,29601.00,29598.75,29600.50,73,29600.50,29600.50,0.00
2026-08-19 10:58:13,29600.75,29603.75,29600.75,29602.75,110,29602.75,29602.75,0.00
2026-08-19 10:58:14,29603.00,29605.00,29601.25,29601.75,110,29601.75,29601.75,0.00
2026-08-19 10:58:15,29602.00,29602.75,29601.25,29601.50,36,29601.50,29601.50,0.00
2026-08-19 10:58:16,29601.25,29602.75,29601.25,29602.50,16,29602.50,29602.50,0.00
2026-08-19 10:58:17,29602.50,29604.25,29602.00,29603.75,44,29603.75,29603.75,0.00
2026-08-19 10:58:18,29604.00,29606.25,29603.75,29606.25,78,29606.25,29606.25,0.00
2026-08-19 10:58:19,29606.25,29607.75,29605.25,29606.50,102,29606.50,29606.50,0.00
2026-08-19 10:58:20,29607.00,29607.00,29603.50,29604.50,53,29604.50,29604.50,0.00
2026-08-19 10:58:21,29604.25,29604.50,29602.75,29603.50,37,29603.50,29603.50,0.00
2026-08-19 10:58:22,29603.50,29603.75,29602.25,29602.75,38,29602.75,29602.75,0.00
2026-08-19 10:58:23,29602.50,29602.50,29600.50,29601.75,45,29601.75,29601.75,0.00
2026-08-19 10:58:24,29601.75,29601.75,29601.00,29601.25,26,29601.25,29601.25,0.00
2026-08-19 10:58:25,29601.25,29601.50,29600.00,29601.50,44,29601.50,29601.50,0.00
2026-08-19 10:58:26,29601.00,29601.50,29600.50,29601.25,40,29601.25,29601.25,0.00
2026-08-19 10:58:27,29601.25,29602.25,29600.00,29600.00,32,29600.00,29600.00,0.00
2026-08-19 10:58:28,29600.50,29600.50,29599.25,29599.75,77,29599.75,29599.75,0.00
2026-08-19 10:58:29,29599.75,29601.00,29599.75,29600.25,23,29600.25,29600.25,0.00
2026-08-19 10:58:30,29600.75,29601.75,29600.00,29601.25,96,29601.25,29601.25,0.00
2026-08-19 10:58:31,29601.75,29604.75,29601.75,29604.50,88,29604.50,29604.50,0.00
2026-08-19 10:58:32,29604.75,29607.75,29604.75,29607.00,131,29607.00,29607.00,0.00
2026-08-19 10:58:33,29607.00,29608.50,29607.00,29608.00,74,29608.00,29608.00,0.00
2026-08-19 10:58:34,29608.25,29608.25,29606.50,29607.75,121,29607.75,29607.75,0.00
2026-08-19 10:58:35,29607.50,29607.75,29606.25,29607.25,46,29607.25,29607.25,0.00
2026-08-19 10:58:36,29606.75,29606.75,29605.50,29606.50,35,29606.50,29606.50,0.00
2026-08-19 10:58:37,29606.50,29607.75,29605.75,29607.00,57,29607.00,29607.00,0.00
2026-08-19 10:58:38,29607.50,29608.50,29606.75,29608.00,37,29608.00,29608.00,0.00
2026-08-19 10:58:39,29608.25,29608.50,29607.50,29607.50,32,29607.50,29607.50,0.00
2026-08-19 10:58:40,29607.75,29607.75,29606.75,29607.50,17,29607.50,29607.50,0.00
2026-08-19 10:58:41,29607.00,29607.50,29606.50,29606.50,29,29606.50,29606.50,0.00
2026-08-19 10:58:42,29607.00,29608.00,29606.50,29606.75,52,29606.75,29606.75,0.00
2026-08-19 10:58:43,29606.50,29606.75,29606.25,29606.25,22,29606.25,29606.25,0.00
2026-08-19 10:58:44,29606.00,29608.00,29606.00,29607.25,102,29607.25,29607.25,0.00
2026-08-19 10:58:45,29607.25,29608.00,29607.00,29607.25,22,29607.25,29607.25,0.00
2026-08-19 10:58:46,29607.25,29613.25,29607.25,29612.00,395,29612.00,29612.00,0.00
2026-08-19 10:58:47,29612.25,29613.00,29610.00,29612.00,139,29612.00,29612.00,0.00
2026-08-19 10:58:48,29611.25,29613.50,29611.25,29613.25,105,29613.25,29613.25,0.00
2026-08-19 10:58:49,29613.75,29615.25,29613.00,29615.25,145,29615.25,29615.25,0.00
2026-08-19 10:58:50,29614.25,29615.50,29614.25,29614.75,78,29614.75,29614.75,0.00
2026-08-19 10:58:51,29615.00,29615.75,29613.75,29615.50,114,29615.50,29615.50,0.00
2026-08-19 10:58:52,29615.25,29615.75,29614.75,29615.25,55,29615.25,29615.25,0.00
2026-08-19 10:58:53,29614.75,29615.75,29614.25,29615.25,67,29615.25,29615.25,0.00
2026-08-19 10:58:54,29614.75,29617.00,29614.75,29615.00,81,29615.00,29615.00,0.00
2026-08-19 10:58:55,29615.00,29616.00,29614.75,29615.00,62,29615.00,29615.00,0.00
2026-08-19 10:58:56,29615.25,29615.75,29614.25,29615.25,38,29615.25,29615.25,0.00
2026-08-19 10:58:57,29615.25,29616.00,29615.00,29615.75,39,29615.75,29615.75,0.00
2026-08-19 10:58:58,29615.50,29616.50,29615.50,29616.00,44,29616.00,29616.00,0.00
2026-08-19 10:58:59,29616.00,29617.25,29615.75,29617.25,70,29617.25,29617.25,0.00
2026-08-19 10:59:00,29617.25,29617.50,29616.25,29616.75,107,29616.75,29616.75,0.00
2026-08-19 10:59:01,29616.25,29618.50,29615.75,29618.00,184,29618.00,29618.00,0.00
2026-08-19 10:59:02,29617.75,29618.25,29616.75,29617.50,216,29617.50,29617.50,0.00
2026-08-19 10:59:03,29617.50,29617.75,29616.25,29617.25,117,29617.25,29617.25,0.00
2026-08-19 10:59:04,29617.50,29618.50,29617.00,29618.00,106,29618.00,29618.00,0.00
2026-08-19 10:59:05,29617.75,29618.00,29614.75,29615.25,98,29615.25,29615.25,0.00
2026-08-19 10:59:06,29615.00,29617.25,29614.75,29616.75,81,29616.75,29616.75,0.00
2026-08-19 10:59:07,29617.25,29617.50,29616.25,29616.50,95,29616.50,29616.50,0.00
2026-08-19 10:59:08,29616.75,29617.50,29616.25,29617.50,29,29617.50,29617.50,0.00
2026-08-19 10:59:09,29617.00,29617.00,29615.75,29616.25,53,29616.25,29616.25,0.00
2026-08-19 10:59:10,29616.00,29616.00,29614.50,29614.50,50,29614.50,29614.50,0.00
2026-08-19 10:59:11,29614.25,29616.25,29614.00,29615.75,76,29615.75,29615.75,0.00
2026-08-19 10:59:12,29615.75,29617.50,29615.25,29616.75,49,29616.75,29616.75,0.00
2026-08-19 10:59:13,29617.00,29617.50,29616.50,29617.25,44,29617.25,29617.25,0.00
2026-08-19 10:59:14,29617.00,29618.50,29616.00,29617.75,67,29617.75,29617.75,0.00
2026-08-19 10:59:15,29617.75,29618.25,29616.75,29617.75,65,29617.75,29617.75,0.00
2026-08-19 10:59:16,29618.00,29618.50,29616.75,29617.25,80,29617.25,29617.25,0.00
2026-08-19 10:59:17,29617.25,29618.25,29617.00,29618.25,34,29618.25,29618.25,0.00
2026-08-19 10:59:18,29618.25,29619.50,29618.00,29619.00,137,29619.00,29619.00,0.00
2026-08-19 10:59:19,29618.50,29619.00,29617.75,29618.00,129,29618.00,29618.00,0.00
2026-08-19 10:59:20,29618.50,29619.75,29618.50,29619.25,78,29619.25,29619.25,0.00
2026-08-19 10:59:21,29619.50,29623.50,29619.25,29621.75,303,29621.75,29621.75,0.00
2026-08-19 10:59:22,29621.25,29622.25,29620.75,29621.25,128,29621.25,29621.25,0.00
2026-08-19 10:59:23,29621.25,29622.25,29619.25,29619.50,99,29619.50,29619.50,0.00
2026-08-19 10:59:24,29620.00,29621.50,29619.50,29621.25,112,29621.25,29621.25,0.00
2026-08-19 10:59:25,29621.25,29622.00,29620.75,29621.00,47,29621.00,29621.00,0.00
2026-08-19 10:59:26,29621.00,29623.75,29620.50,29623.00,71,29623.00,29623.00,0.00
2026-08-19 10:59:27,29623.00,29623.75,29622.50,29623.00,93,29623.00,29623.00,0.00
2026-08-19 10:59:28,29623.25,29624.25,29623.00,29623.75,91,29623.75,29623.75,0.00
2026-08-19 10:59:29,29623.75,29624.25,29623.00,29623.50,119,29623.50,29623.50,0.00
2026-08-19 10:59:30,29623.25,29623.25,29622.25,29622.75,74,29622.75,29622.75,0.00
2026-08-19 10:59:31,29622.50,29622.75,29621.25,29622.25,154,29622.25,29622.25,0.00
2026-08-19 10:59:32,29621.50,29622.00,29621.25,29621.50,65,29621.50,29621.50,0.00
2026-08-19 10:59:33,29621.25,29621.25,29620.25,29621.00,72,29621.00,29621.00,0.00
2026-08-19 10:59:34,29621.00,29621.75,29620.75,29620.75,91,29620.75,29620.75,0.00
2026-08-19 10:59:35,29620.75,29620.75,29619.50,29619.50,43,29619.50,29619.50,0.00
2026-08-19 10:59:36,29619.50,29619.75,29618.75,29619.25,60,29619.25,29619.25,0.00
2026-08-19 10:59:37,29619.25,29619.25,29617.25,29618.00,81,29618.00,29618.00,0.00
2026-08-19 10:59:38,29618.00,29618.75,29616.75,29617.50,78,29617.50,29617.50,0.00
2026-08-19 10:59:39,29617.50,29619.25,29617.50,29618.00,113,29618.00,29618.00,0.00
2026-08-19 10:59:40,29618.50,29619.00,29617.75,29618.75,70,29618.75,29618.75,0.00
2026-08-19 10:59:41,29619.25,29620.00,29618.50,29618.50,58,29618.50,29618.50,0.00
2026-08-19 10:59:42,29618.50,29619.00,29616.75,29617.25,74,29617.25,29617.25,0.00
2026-08-19 10:59:43,29617.50,29618.50,29617.25,29618.00,79,29618.00,29618.00,0.00
2026-08-19 10:59:44,29618.00,29619.00,29618.00,29619.00,53,29619.00,29619.00,0.00
2026-08-19 10:59:45,29619.00,29619.50,29617.00,29617.75,56,29617.75,29617.75,0.00
2026-08-19 10:59:46,29617.50,29617.75,29616.75,29617.00,43,29617.00,29617.00,0.00
2026-08-19 10:59:47,29617.50,29618.75,29617.25,29618.75,28,29618.75,29618.75,0.00
2026-08-19 10:59:48,29619.00,29620.00,29618.25,29619.50,32,29619.50,29619.50,0.00
2026-08-19 10:59:49,29619.50,29619.75,29619.50,29619.50,17,29619.50,29619.50,0.00
2026-08-19 10:59:50,29619.25,29620.25,29618.75,29619.50,28,29619.50,29619.50,0.00
2026-08-19 10:59:51,29619.25,29621.25,29619.25,29620.75,50,29620.75,29620.75,0.00
2026-08-19 10:59:52,29620.75,29621.50,29619.25,29621.50,33,29621.50,29621.50,0.00
2026-08-19 10:59:53,29621.25,29621.25,29620.75,29620.75,35,29620.75,29620.75,0.00
2026-08-19 10:59:54,29620.50,29620.75,29620.25,29620.75,14,29620.75,29620.75,0.00
2026-08-19 10:59:55,29620.75,29621.00,29620.25,29620.50,24,29620.50,29620.50,0.00
2026-08-19 10:59:56,29621.00,29623.00,29621.00,29622.75,158,29622.75,29622.75,0.00
2026-08-19 10:59:57,29623.00,29623.50,29622.25,29622.50,58,29622.50,29622.50,0.00
2026-08-19 10:59:58,29622.75,29623.75,29622.75,29622.75,53,29622.75,29622.75,0.00
2026-08-19 10:59:59,29623.25,29624.00,29622.25,29624.00,87,29624.00,29624.00,0.00
2026-08-19 11:00:00,29624.00,29624.00,29622.50,29623.25,34,29623.25,29623.25,0.00
2026-08-19 11:00:01,29623.25,29625.50,29622.25,29622.50,341,29622.50,29622.50,0.00
2026-08-19 11:00:02,29622.25,29623.75,29620.75,29621.25,237,29621.25,29621.25,0.00
2026-08-19 11:00:03,29621.25,29623.50,29621.25,29623.00,215,29623.00,29623.00,0.00
2026-08-19 11:00:04,29622.50,29622.75,29620.75,29622.50,135,29622.50,29622.50,0.00
2026-08-19 11:00:05,29622.00,29623.00,29620.75,29620.75,116,29620.75,29620.75,0.00
2026-08-19 11:00:06,29621.00,29621.75,29620.00,29621.00,148,29621.00,29621.00,0.00
2026-08-19 11:00:07,29621.00,29621.25,29618.75,29618.75,103,29618.75,29618.75,0.00
2026-08-19 11:00:08,29619.25,29619.50,29617.25,29618.00,156,29618.00,29618.00,0.00
2026-08-19 11:00:09,29618.25,29620.25,29615.75,29620.00,186,29620.00,29620.00,0.00
2026-08-19 11:00:10,29620.25,29624.25,29619.75,29621.75,170,29621.75,29621.75,0.00
2026-08-19 11:00:11,29622.25,29624.00,29621.75,29623.50,107,29623.50,29623.50,0.00
2026-08-19 11:00:12,29623.25,29624.50,29622.25,29624.25,95,29624.25,29624.25,0.00
2026-08-19 11:00:13,29624.75,29625.50,29623.50,29624.50,77,29624.50,29624.50,0.00
2026-08-19 11:00:14,29625.00,29625.50,29624.00,29624.50,50,29624.50,29624.50,0.00
2026-08-19 11:00:15,29624.75,29625.00,29621.75,29622.75,72,29622.75,29622.75,0.00
2026-08-19 11:00:16,29622.75,29624.00,29617.75,29620.50,220,29620.50,29620.50,0.00
2026-08-19 11:00:17,29620.00,29620.50,29617.75,29620.00,111,29620.00,29620.00,0.00
2026-08-19 11:00:18,29620.00,29621.25,29619.50,29621.00,74,29621.00,29621.00,0.00
2026-08-19 11:00:19,29621.50,29622.50,29620.75,29620.75,79,29620.75,29620.75,0.00
2026-08-19 11:00:20,29620.75,29621.00,29619.50,29620.50,86,29620.50,29620.50,0.00
2026-08-19 11:00:21,29620.00,29620.75,29618.25,29620.00,91,29620.00,29620.00,0.00
2026-08-19 11:00:22,29619.75,29622.50,29617.75,29618.75,504,29618.75,29618.75,0.00
2026-08-19 11:00:23,29618.50,29619.50,29617.75,29618.50,71,29612.75,29613.00,0.25
2026-08-19 11:00:24,29618.50,29619.00,29615.75,29617.00,82,29612.75,29613.00,0.25
2026-08-19 11:00:25,29617.25,29618.50,29616.50,29618.00,58,29612.75,29613.00,0.25
2026-08-19 11:00:26,29618.00,29620.00,29617.75,29620.00,118,29612.75,29613.00,0.25
2026-08-19 11:00:27,29619.00,29619.50,29617.00,29617.25,84,29612.75,29613.00,0.25
2026-08-19 11:00:28,29617.50,29617.75,29616.50,29617.25,105,29612.75,29613.00,0.25
2026-08-19 11:00:29,29617.00,29618.75,29616.75,29618.50,73,29612.75,29613.00,0.25
2026-08-19 11:00:30,29618.25,29619.00,29617.50,29618.25,31,29612.75,29613.00,0.25
2026-08-19 11:00:31,29618.00,29619.00,29618.00,29618.75,54,29612.75,29613.00,0.25
2026-08-19 11:00:32,29618.75,29620.25,29618.50,29618.75,48,29612.75,29613.00,0.25
2026-08-19 11:00:33,29619.00,29621.25,29618.75,29620.25,105,29612.75,29613.00,0.25
2026-08-19 11:00:34,29620.50,29620.50,29617.75,29619.00,81,29612.75,29613.00,0.25
2026-08-19 11:00:35,29619.50,29621.00,29618.75,29619.25,38,29612.75,29613.00,0.25
2026-08-19 11:00:36,29619.25,29620.50,29618.25,29620.50,19,29612.75,29613.00,0.25
2026-08-19 11:00:37,29620.25,29620.50,29618.75,29619.50,42,29612.75,29613.00,0.25
2026-08-19 11:00:38,29619.50,29619.75,29618.50,29618.75,53,29612.75,29613.00,0.25
2026-08-19 11:00:39,29618.75,29619.00,29615.50,29616.75,129,29612.25,29612.75,0.50
2026-08-19 11:00:40,29616.50,29617.75,29614.25,29615.75,135,29612.25,29612.75,0.50
2026-08-19 11:00:41,29615.75,29615.75,29614.25,29614.50,87,29611.00,29611.25,0.25
2026-08-19 11:00:42,29614.50,29614.75,29613.25,29614.50,112,29615.00,29615.25,0.25
2026-08-19 11:00:43,29614.75,29614.75,29613.25,29613.75,53,29614.50,29615.00,0.50
2026-08-19 11:00:44,29613.50,29614.50,29613.25,29614.00,91,29614.25,29614.75,0.50
2026-08-19 11:00:45,29613.50,29613.50,29611.50,29611.75,135,29614.25,29614.50,0.25
2026-08-19 11:00:46,29611.25,29614.00,29610.75,29614.00,99,29613.50,29614.00,0.50
2026-08-19 11:00:47,29613.75,29615.50,29613.25,29615.00,85,29614.50,29615.00,0.50
2026-08-19 11:00:48,29614.50,29615.25,29613.50,29614.25,55,29614.50,29614.75,0.25
2026-08-19 11:00:49,29614.75,29615.25,29614.00,29615.00,23,29612.75,29613.25,0.50
2026-08-19 11:00:50,29615.25,29615.75,29613.00,29614.00,66,29613.50,29613.75,0.25
2026-08-19 11:00:51,29614.25,29614.25,29612.25,29613.00,96,29612.25,29612.75,0.50
2026-08-19 11:00:52,29612.50,29614.50,29612.25,29613.75,62,29613.25,29613.75,0.50
2026-08-19 11:00:53,29613.50,29617.50,29613.50,29617.25,73,29617.00,29617.50,0.50
2026-08-19 11:00:54,29616.75,29619.25,29616.25,29619.25,63,29620.00,29620.25,0.25
2026-08-19 11:00:55,29619.50,29622.00,29619.50,29621.25,121,29621.00,29621.25,0.25
2026-08-19 11:00:56,29621.25,29622.50,29621.00,29622.50,57,29623.00,29623.25,0.25
2026-08-19 11:00:57,29622.25,29624.50,29622.00,29622.75,85,29624.00,29624.50,0.50
2026-08-19 11:00:58,29623.00,29625.00,29623.00,29623.75,78,29624.50,29624.75,0.25
2026-08-19 11:00:59,29624.50,29624.75,29622.50,29624.25,76,29625.25,29625.75,0.50
