time,open,high,low,close,volume,bid,ask,spread
2026-08-04 09:20:00,29225.25,29225.25,29224.75,29225.25,6,29225.25,29225.25,0.00
2026-08-04 09:20:01,29224.25,29224.50,29223.50,29223.75,25,29223.75,29223.75,0.00
2026-08-04 09:20:02,29223.75,29225.50,29223.00,29225.25,38,29225.25,29225.25,0.00
2026-08-04 09:20:03,29225.25,29225.75,29224.75,29225.25,24,29225.25,29225.25,0.00
2026-08-04 09:20:04,29226.00,29226.00,29225.25,29225.25,25,29225.25,29225.25,0.00
2026-08-04 09:20:05,29225.00,29225.00,29225.00,29225.00,4,29225.00,29225.00,0.00
2026-08-04 09:20:06,29224.75,29224.75,29224.00,29224.00,5,29224.00,29224.00,0.00
2026-08-04 09:20:07,29223.75,29225.75,29223.75,29225.75,9,29225.75,29225.75,0.00
2026-08-04 09:20:08,29225.75,29225.75,29225.50,29225.50,9,29225.50,29225.50,0.00
2026-08-04 09:20:09,29226.00,29226.50,29225.75,29226.00,18,29226.00,29226.00,0.00
2026-08-04 09:20:10,29225.75,29227.50,29225.75,29226.75,31,29226.75,29226.75,0.00
2026-08-04 09:20:11,29226.75,29228.25,29226.75,29227.75,47,29227.75,29227.75,0.00
2026-08-04 09:20:12,29227.50,29228.00,29227.25,29227.25,40,29227.25,29227.25,0.00
2026-08-04 09:20:13,29227.00,29227.00,29226.00,29226.50,16,29226.50,29226.50,0.00
2026-08-04 09:20:14,29226.50,29226.50,29225.75,29225.75,11,29225.75,29225.75,0.00
2026-08-04 09:20:15,29226.75,29226.75,29226.25,29226.25,3,29226.25,29226.25,0.00
2026-08-04 09:20:16,29226.50,29226.50,29226.50,29226.50,1,29226.50,29226.50,0.00
2026-08-04 09:20:17,29225.75,29226.75,29225.50,29226.50,14,29226.50,29226.50,0.00
2026-08-04 09:20:18,29226.25,29226.75,29225.75,29225.75,6,29225.75,29225.75,0.00
2026-08-04 09:20:19,29225.50,29225.75,29225.00,29225.25,20,29225.25,29225.25,0.00
2026-08-04 09:20:20,29226.00,29226.00,29224.50,29224.50,18,29224.50,29224.50,0.00
2026-08-04 09:20:21,29224.25,29225.25,29224.00,29225.25,13,29225.25,29225.25,0.00
2026-08-04 09:20:22,29225.25,29225.25,29223.50,29223.50,23,29223.50,29223.50,0.00
2026-08-04 09:20:23,29223.75,29224.00,29223.50,29223.50,11,29223.50,29223.50,0.00
2026-08-04 09:20:24,29224.25,29224.50,29224.25,29224.50,4,29224.50,29224.50,0.00
2026-08-04 09:20:25,29224.00,29224.00,29223.75,29223.75,5,29223.75,29223.75,0.00
2026-08-04 09:20:26,29224.50,29224.50,29223.50,29223.75,12,29223.75,29223.75,0.00
2026-08-04 09:20:27,29223.50,29223.50,29223.25,29223.50,4,29223.50,29223.50,0.00
2026-08-04 09:20:28,29223.25,29223.25,29222.25,29222.25,26,29222.25,29222.25,0.00
2026-08-04 09:20:29,29222.25,29223.75,29221.50,29221.50,91,29221.50,29221.50,0.00
2026-08-04 09:20:30,29222.25,29223.50,29221.75,29223.25,34,29223.25,29223.25,0.00
2026-08-04 09:20:31,29223.50,29223.50,29223.00,29223.50,5,29223.50,29223.50,0.00
2026-08-04 09:20:32,29223.25,29223.50,29222.75,29222.75,12,29222.75,29222.75,0.00
2026-08-04 09:20:33,29222.75,29222.75,29222.75,29222.75,8,29222.75,29222.75,0.00
2026-08-04 09:20:34,29222.75,29223.50,29222.75,29223.00,8,29223.00,29223.00,0.00
2026-08-04 09:20:35,29223.00,29223.25,29223.00,29223.00,9,29223.00,29223.00,0.00
2026-08-04 09:20:36,29223.00,29223.00,29222.50,29222.50,4,29222.50,29222.50,0.00
2026-08-04 09:20:37,29222.50,29222.75,29222.25,29222.75,6,29222.75,29222.75,0.00
2026-08-04 09:20:38,29222.50,29223.50,29222.50,29223.00,13,29223.00,29223.00,0.00
2026-08-04 09:20:39,29223.00,29224.25,29222.75,29224.00,22,29224.00,29224.00,0.00
2026-08-04 09:20:40,29223.50,29224.50,29223.50,29224.25,32,29224.25,29224.25,0.00
2026-08-04 09:20:41,29224.00,29224.25,29223.00,29223.00,10,29223.00,29223.00,0.00
2026-08-04 09:20:42,29223.50,29224.50,29223.50,29224.50,4,29224.50,29224.50,0.00
2026-08-04 09:20:43,29224.25,29237.50,29224.25,29236.00,539,29236.00,29236.00,0.00
2026-08-04 09:20:44,29234.75,29244.00,29234.75,29244.00,683,29244.00,29244.00,0.00
2026-08-04 09:20:45,29244.00,29259.75,29243.75,29254.75,1687,29254.75,29254.75,0.00
2026-08-04 09:20:46,29255.00,29255.25,29250.75,29253.75,334,29253.75,29253.75,0.00
2026-08-04 09:20:47,29253.25,29254.75,29251.25,29253.75,187,29253.75,29253.75,0.00
2026-08-04 09:20:48,29254.25,29254.75,29247.25,29247.50,137,29247.50,29247.50,0.00
2026-08-04 09:20:49,29247.50,29249.25,29244.75,29245.50,88,29245.50,29245.50,0.00
2026-08-04 09:20:50,29246.50,29253.25,29245.75,29250.50,123,29250.50,29250.50,0.00
2026-08-04 09:20:51,29250.50,29275.75,29250.50,29275.00,1085,29275.00,29275.00,0.00
2026-08-04 09:20:52,29274.75,29280.75,29270.00,29278.25,604,29278.25,29278.25,0.00
2026-08-04 09:20:53,29278.25,29284.00,29272.75,29277.50,618,29277.50,29277.50,0.00
2026-08-04 09:20:54,29276.25,29277.25,29270.00,29270.00,279,29270.00,29270.00,0.00
2026-08-04 09:20:55,29271.25,29273.00,29270.00,29271.25,163,29271.25,29271.25,0.00
2026-08-04 09:20:56,29272.00,29272.25,29267.25,29268.00,201,29268.00,29268.00,0.00
2026-08-04 09:20:57,29268.50,29278.75,29268.50,29274.75,226,29274.75,29274.75,0.00
2026-08-04 09:20:58,29274.75,29278.75,29273.00,29277.25,132,29277.25,29277.25,0.00
2026-08-04 09:20:59,29276.75,29279.00,29274.75,29274.75,105,29274.75,29274.75,0.00
2026-08-04 09:21:00,29274.50,29276.25,29268.75,29269.75,86,29269.75,29269.75,0.00
2026-08-04 09:21:01,29269.75,29272.25,29266.75,29270.00,170,29270.00,29270.00,0.00
2026-08-04 09:21:02,29270.00,29271.50,29267.75,29270.25,219,29270.25,29270.25,0.00
2026-08-04 09:21:03,29270.00,29270.75,29268.50,29269.25,135,29269.25,29269.25,0.00
2026-08-04 09:21:04,29269.25,29273.75,29268.50,29273.50,235,29273.50,29273.50,0.00
2026-08-04 09:21:05,29273.50,29276.50,29273.25,29276.25,177,29276.25,29276.25,0.00
2026-08-04 09:21:06,29275.75,29279.50,29273.50,29278.25,358,29278.25,29278.25,0.00
2026-08-04 09:21:07,29277.50,29279.25,29272.75,29272.75,170,29272.75,29272.75,0.00
2026-08-04 09:21:08,29272.75,29272.75,29269.00,29269.00,230,29269.00,29269.00,0.00
2026-08-04 09:21:09,29269.50,29270.50,29268.75,29269.00,127,29269.00,29269.00,0.00
2026-08-04 09:21:10,29268.75,29269.75,29267.75,29269.00,103,29269.00,29269.00,0.00
2026-08-04 09:21:11,29268.75,29268.75,29265.75,29266.25,111,29266.25,29266.25,0.00
2026-08-04 09:21:12,29267.00,29270.25,29265.00,29265.00,170,29265.00,29265.00,0.00
2026-08-04 09:21:13,29265.00,29265.50,29262.25,29264.00,174,29264.00,29264.00,0.00
2026-08-04 09:21:14,29263.25,29264.50,29262.50,29263.25,100,29263.25,29263.25,0.00
2026-08-04 09:21:15,29263.25,29263.25,29259.50,29261.75,249,29261.75,29261.75,0.00
2026-08-04 09:21:16,29261.00,29262.75,29259.50,29261.25,75,29261.25,29261.25,0.00
2026-08-04 09:21:17,29261.25,29263.00,29260.25,29263.00,106,29263.00,29263.00,0.00
2026-08-04 09:21:18,29263.00,29264.25,29261.25,29263.75,59,29263.75,29263.75,0.00
2026-08-04 09:21:19,29264.00,29264.00,29259.75,29260.50,60,29260.50,29260.50,0.00
2026-08-04 09:21:20,29260.25,29261.75,29257.25,29260.00,121,29260.00,29260.00,0.00
2026-08-04 09:21:21,29260.00,29260.75,29258.50,29260.25,75,29260.25,29260.25,0.00
2026-08-04 09:21:22,29260.50,29260.50,29258.00,29259.50,27,29259.50,29259.50,0.00
2026-08-04 09:21:23,29259.25,29259.75,29257.75,29258.00,47,29258.00,29258.00,0.00
2026-08-04 09:21:24,29258.50,29259.50,29257.75,29258.25,116,29258.25,29258.25,0.00
2026-08-04 09:21:25,29258.25,29259.00,29258.00,29258.50,78,29258.50,29258.50,0.00
2026-08-04 09:21:26,29258.50,29262.00,29258.25,29261.75,72,29261.75,29261.75,0.00
2026-08-04 09:21:27,29261.50,29263.50,29260.25,29260.50,76,29260.50,29260.50,0.00
2026-08-04 09:21:28,29260.00,29260.75,29256.75,29257.00,77,29257.00,29257.00,0.00
2026-08-04 09:21:29,29257.50,29258.50,29257.00,29258.00,40,29258.00,29258.00,0.00
2026-08-04 09:21:30,29258.50,29260.75,29257.75,29258.00,38,29258.00,29258.00,0.00
2026-08-04 09:21:31,29258.25,29259.00,29257.00,29257.00,69,29257.00,29257.00,0.00
2026-08-04 09:21:32,29257.25,29258.25,29255.50,29257.00,72,29257.00,29257.00,0.00
2026-08-04 09:21:33,29255.75,29257.25,29254.00,29254.00,72,29254.00,29254.00,0.00
2026-08-04 09:21:34,29254.50,29254.50,29252.75,29252.75,62,29252.75,29252.75,0.00
2026-08-04 09:21:35,29253.00,29254.00,29251.75,29252.50,115,29252.50,29252.50,0.00
2026-08-04 09:21:36,29253.50,29253.50,29252.00,29252.00,28,29252.00,29252.00,0.00
2026-08-04 09:21:37,29252.75,29253.75,29252.50,29252.50,19,29252.50,29252.50,0.00
2026-08-04 09:21:38,29253.25,29254.00,29252.00,29253.75,32,29253.75,29253.75,0.00
2026-08-04 09:21:39,29253.75,29254.25,29252.75,29252.75,26,29252.75,29252.75,0.00
2026-08-04 09:21:40,29253.50,29253.75,29252.75,29253.50,20,29253.50,29253.50,0.00
2026-08-04 09:21:41,29252.75,29253.75,29251.75,29253.50,48,29253.50,29253.50,0.00
2026-08-04 09:21:42,29253.50,29254.25,29252.25,29253.00,34,29253.00,29253.00,0.00
2026-08-04 09:21:43,29253.00,29254.75,29252.75,29254.25,49,29254.25,29254.25,0.00
2026-08-04 09:21:44,29254.25,29255.75,29254.25,29254.25,40,29254.25,29254.25,0.00
2026-08-04 09:21:45,29254.00,29254.50,29251.75,29254.50,48,29254.50,29254.50,0.00
2026-08-04 09:21:46,29254.50,29255.00,29253.50,29254.50,42,29254.50,29254.50,0.00
2026-08-04 09:21:47,29254.75,29254.75,29252.00,29253.50,36,29253.50,29253.50,0.00
2026-08-04 09:21:48,29252.75,29252.75,29250.50,29250.50,27,29250.50,29250.50,0.00
2026-08-04 09:21:49,29250.50,29250.50,29249.25,29250.50,45,29250.50,29250.50,0.00
2026-08-04 09:21:50,29249.75,29251.00,29249.00,29251.00,52,29251.00,29251.00,0.00
2026-08-04 09:21:51,29250.50,29251.75,29250.50,29250.50,41,29250.50,29250.50,0.00
2026-08-04 09:21:52,29250.25,29252.25,29250.00,29252.25,46,29252.25,29252.25,0.00
2026-08-04 09:21:53,29252.00,29252.50,29250.00,29250.50,44,29250.50,29250.50,0.00
2026-08-04 09:21:54,29250.00,29251.25,29249.00,29250.50,40,29250.50,29250.50,0.00
2026-08-04 09:21:55,29250.50,29251.75,29250.50,29250.75,21,29250.75,29250.75,0.00
2026-08-04 09:21:56,29251.25,29253.00,29250.50,29252.50,39,29252.50,29252.50,0.00
2026-08-04 09:21:57,29253.00,29259.25,29253.00,29259.25,93,29259.25,29259.25,0.00
2026-08-04 09:21:58,29259.50,29262.00,29259.25,29259.50,92,29259.50,29259.50,0.00
2026-08-04 09:21:59,29258.75,29259.75,29256.25,29257.00,49,29257.00,29257.00,0.00
2026-08-04 09:22:00,29256.00,29256.25,29254.75,29256.25,19,29256.25,29256.25,0.00
2026-08-04 09:22:01,29255.50,29255.75,29253.75,29254.50,35,29254.50,29254.50,0.00
2026-08-04 09:22:02,29254.75,29255.25,29253.50,29254.50,55,29254.50,29254.50,0.00
2026-08-04 09:22:03,29255.50,29255.50,29253.00,29253.25,21,29253.25,29253.25,0.00
2026-08-04 09:22:04,29253.25,29254.50,29252.75,29254.00,33,29254.00,29254.00,0.00
2026-08-04 09:22:05,29254.00,29254.75,29252.00,29253.25,59,29253.25,29253.25,0.00
2026-08-04 09:22:06,29253.25,29253.75,29251.25,29251.75,34,29251.75,29251.75,0.00
2026-08-04 09:22:07,29252.25,29253.75,29251.75,29253.00,26,29253.00,29253.00,0.00
2026-08-04 09:22:08,29252.50,29252.50,29250.50,29252.00,72,29252.00,29252.00,0.00
2026-08-04 09:22:09,29251.50,29254.50,29251.50,29253.50,64,29253.50,29253.50,0.00
2026-08-04 09:22:10,29253.25,29254.50,29253.00,29254.25,30,29254.25,29254.25,0.00
2026-08-04 09:22:11,29254.25,29254.25,29251.00,29251.00,26,29251.00,29251.00,0.00
2026-08-04 09:22:12,29251.50,29251.50,29249.75,29250.00,38,29250.00,29250.00,0.00
2026-08-04 09:22:13,29250.50,29250.50,29248.75,29249.25,24,29249.25,29249.25,0.00
2026-08-04 09:22:14,29248.50,29249.50,29247.50,29248.25,26,29248.25,29248.25,0.00
2026-08-04 09:22:15,29248.50,29249.25,29247.50,29248.50,33,29248.50,29248.50,0.00
2026-08-04 09:22:16,29247.50,29248.75,29246.25,29246.50,126,29246.50,29246.50,0.00
2026-08-04 09:22:17,29246.50,29246.75,29245.00,29246.00,63,29246.00,29246.00,0.00
2026-08-04 09:22:18,29245.25,29246.50,29244.00,29246.25,69,29246.25,29246.25,0.00
2026-08-04 09:22:19,29246.25,29246.50,29244.75,29245.25,116,29245.25,29245.25,0.00
2026-08-04 09:22:20,29245.75,29246.00,29244.50,29245.25,20,29245.25,29245.25,0.00
2026-08-04 09:22:21,29244.00,29244.75,29243.00,29244.00,48,29244.00,29244.00,0.00
2026-08-04 09:22:22,29244.25,29244.50,29243.50,29244.00,35,29244.00,29244.00,0.00
2026-08-04 09:22:23,29244.25,29245.00,29243.75,29244.75,36,29244.75,29244.75,0.00
2026-08-04 09:22:24,29245.00,29246.00,29244.75,29245.50,43,29245.50,29245.50,0.00
2026-08-04 09:22:25,29245.25,29246.00,29244.75,29245.50,24,29245.50,29245.50,0.00
2026-08-04 09:22:26,29245.00,29246.50,29244.75,29245.25,52,29245.25,29245.25,0.00
2026-08-04 09:22:27,29245.25,29246.50,29245.00,29245.00,25,29245.00,29245.00,0.00
2026-08-04 09:22:28,29245.50,29245.75,29244.50,29245.75,16,29245.75,29245.75,0.00
2026-08-04 09:22:29,29245.50,29247.00,29244.75,29246.50,26,29246.50,29246.50,0.00
2026-08-04 09:22:30,29246.00,29247.00,29246.00,29246.50,30,29246.50,29246.50,0.00
2026-08-04 09:22:31,29246.75,29248.25,29246.50,29248.25,25,29248.25,29248.25,0.00
2026-08-04 09:22:32,29247.75,29248.50,29247.00,29248.00,24,29248.00,29248.00,0.00
2026-08-04 09:22:33,29247.75,29247.75,29246.50,29247.00,21,29247.00,29247.00,0.00
2026-08-04 09:22:34,29247.00,29247.75,29246.00,29246.75,33,29246.75,29246.75,0.00
2026-08-04 09:22:35,29246.00,29246.00,29244.00,29244.50,46,29244.50,29244.50,0.00
2026-08-04 09:22:36,29245.00,29246.50,29244.25,29246.50,11,29246.50,29246.50,0.00
2026-08-04 09:22:37,29247.00,29247.75,29246.50,29247.75,34,29247.75,29247.75,0.00
2026-08-04 09:22:38,29248.00,29248.25,29247.00,29247.00,37,29247.00,29247.00,0.00
2026-08-04 09:22:39,29247.25,29247.50,29247.25,29247.25,8,29247.25,29247.25,0.00
2026-08-04 09:22:40,29247.25,29248.00,29247.00,29248.00,50,29248.00,29248.00,0.00
2026-08-04 09:22:41,29247.00,29248.50,29246.50,29246.50,49,29246.50,29246.50,0.00
2026-08-04 09:22:42,29246.25,29250.25,29246.25,29249.50,40,29249.50,29249.50,0.00
2026-08-04 09:22:43,29249.25,29250.50,29248.75,29250.25,16,29250.25,29250.25,0.00
2026-08-04 09:22:44,29250.00,29250.75,29249.00,29249.50,32,29249.50,29249.50,0.00
2026-08-04 09:22:45,29249.75,29250.50,29249.00,29250.50,33,29250.50,29250.50,0.00
2026-08-04 09:22:46,29249.50,29251.50,29249.00,29251.00,51,29251.00,29251.00,0.00
2026-08-04 09:22:47,29250.00,29251.50,29248.75,29250.50,57,29250.50,29250.50,0.00
2026-08-04 09:22:48,29250.75,29256.50,29250.75,29254.75,83,29254.75,29254.75,0.00
2026-08-04 09:22:49,29254.00,29255.25,29253.50,29254.50,62,29254.50,29254.50,0.00
2026-08-04 09:22:50,29254.25,29254.75,29252.50,29252.75,48,29252.75,29252.75,0.00
2026-08-04 09:22:51,29252.25,29253.50,29251.50,29251.50,24,29251.50,29251.50,0.00
2026-08-04 09:22:52,29253.00,29255.25,29252.75,29255.25,37,29255.25,29255.25,0.00
2026-08-04 09:22:53,29256.00,29263.50,29256.00,29261.00,197,29261.00,29261.00,0.00
2026-08-04 09:22:54,29261.00,29261.00,29255.50,29256.75,161,29256.75,29256.75,0.00
2026-08-04 09:22:55,29257.00,29258.50,29255.75,29257.75,49,29257.75,29257.75,0.00
2026-08-04 09:22:56,29258.00,29259.00,29258.00,29258.50,32,29258.50,29258.50,0.00
2026-08-04 09:22:57,29258.00,29259.00,29256.50,29257.25,44,29257.25,29257.25,0.00
2026-08-04 09:22:58,29257.00,29257.00,29254.50,29256.00,49,29256.00,29256.00,0.00
2026-08-04 09:22:59,29255.75,29255.75,29254.50,29255.25,46,29255.25,29255.25,0.00
2026-08-04 09:23:00,29255.25,29256.75,29254.50,29255.50,18,29255.50,29255.50,0.00
2026-08-04 09:23:01,29255.25,29257.25,29254.50,29255.25,78,29255.25,29255.25,0.00
2026-08-04 09:23:02,29255.25,29255.75,29253.50,29253.50,38,29253.50,29253.50,0.00
2026-08-04 09:23:03,29254.00,29254.00,29253.50,29253.75,8,29253.75,29253.75,0.00
2026-08-04 09:23:04,29253.25,29254.25,29252.00,29254.25,64,29254.25,29254.25,0.00
2026-08-04 09:23:05,29254.25,29254.25,29251.50,29251.50,24,29251.50,29251.50,0.00
2026-08-04 09:23:06,29252.00,29252.00,29250.25,29250.75,35,29250.75,29250.75,0.00
2026-08-04 09:23:07,29250.50,29251.50,29250.00,29250.50,22,29250.50,29250.50,0.00
2026-08-04 09:23:08,29251.25,29252.25,29251.00,29252.00,16,29252.00,29252.00,0.00
2026-08-04 09:23:09,29252.00,29252.25,29251.75,29252.25,10,29252.25,29252.25,0.00
2026-08-04 09:23:10,29252.75,29252.75,29252.00,29252.00,15,29252.00,29252.00,0.00
2026-08-04 09:23:11,29252.25,29252.25,29250.75,29250.75,15,29250.75,29250.75,0.00
2026-08-04 09:23:12,29250.50,29250.75,29246.25,29246.75,132,29246.75,29246.75,0.00
2026-08-04 09:23:13,29247.00,29247.00,29245.25,29245.25,30,29245.25,29245.25,0.00
2026-08-04 09:23:14,29246.00,29247.00,29246.00,29246.50,10,29246.50,29246.50,0.00
2026-08-04 09:23:15,29245.75,29246.75,29245.00,29245.25,32,29245.25,29245.25,0.00
2026-08-04 09:23:16,29244.75,29244.75,29243.00,29244.50,48,29244.50,29244.50,0.00
2026-08-04 09:23:17,29244.75,29245.75,29243.50,29245.00,38,29245.00,29245.00,0.00
2026-08-04 09:23:18,29245.25,29245.75,29244.00,29244.00,20,29244.00,29244.00,0.00
2026-08-04 09:23:19,29244.25,29244.25,29242.00,29242.00,26,29242.00,29242.00,0.00
2026-08-04 09:23:20,29242.50,29246.00,29242.00,29245.25,54,29245.25,29245.25,0.00
2026-08-04 09:23:21,29245.25,29247.00,29245.00,29246.50,39,29246.50,29246.50,0.00
2026-08-04 09:23:22,29247.00,29247.75,29246.00,29247.75,20,29247.75,29247.75,0.00
2026-08-04 09:23:23,29248.00,29248.50,29247.00,29248.00,17,29248.00,29248.00,0.00
2026-08-04 09:23:24,29247.50,29249.00,29246.75,29246.75,92,29246.75,29246.75,0.00
2026-08-04 09:23:25,29247.00,29247.75,29246.00,29246.50,63,29246.50,29246.50,0.00
2026-08-04 09:23:26,29245.50,29246.00,29244.25,29244.50,26,29244.50,29244.50,0.00
2026-08-04 09:23:27,29244.00,29244.50,29244.00,29244.50,8,29244.50,29244.50,0.00
2026-08-04 09:23:28,29245.75,29246.00,29244.50,29245.00,21,29245.00,29245.00,0.00
2026-08-04 09:23:29,29245.00,29247.25,29244.25,29246.75,65,29246.75,29246.75,0.00
2026-08-04 09:23:30,29246.50,29247.75,29246.25,29246.75,10,29246.75,29246.75,0.00
2026-08-04 09:23:31,29246.50,29251.25,29246.25,29250.75,41,29250.75,29250.75,0.00
2026-08-04 09:23:32,29250.25,29250.75,29248.50,29249.50,44,29249.50,29249.50,0.00
2026-08-04 09:23:33,29248.75,29249.50,29248.50,29248.50,15,29248.50,29248.50,0.00
2026-08-04 09:23:34,29248.50,29249.50,29247.75,29248.75,35,29248.75,29248.75,0.00
2026-08-04 09:23:35,29248.50,29249.25,29247.75,29248.75,50,29248.75,29248.75,0.00
2026-08-04 09:23:36,29249.50,29249.75,29248.00,29248.75,22,29248.75,29248.75,0.00
2026-08-04 09:23:37,29249.75,29250.00,29248.75,29250.00,19,29250.00,29250.00,0.00
2026-08-04 09:23:38,29249.50,29249.50,29248.00,29248.25,23,29248.25,29248.25,0.00
2026-08-04 09:23:39,29248.00,29251.25,29247.50,29251.25,44,29251.25,29251.25,0.00
2026-08-04 09:23:40,29250.75,29253.75,29250.25,29252.00,47,29252.00,29252.00,0.00
2026-08-04 09:23:41,29252.25,29252.25,29249.25,29250.75,38,29250.75,29250.75,0.00
2026-08-04 09:23:42,29250.25,29251.00,29249.50,29250.75,27,29250.75,29250.75,0.00
2026-08-04 09:23:43,29251.25,29252.00,29251.25,29251.75,7,29251.75,29251.75,0.00
2026-08-04 09:23:44,29251.75,29253.75,29250.75,29253.75,44,29253.75,29253.75,0.00
2026-08-04 09:23:45,29253.25,29254.75,29253.00,29254.00,23,29254.00,29254.00,0.00
2026-08-04 09:23:46,29254.00,29257.00,29254.00,29255.50,49,29255.50,29255.50,0.00
2026-08-04 09:23:47,29255.50,29256.25,29255.25,29256.00,30,29256.00,29256.00,0.00
2026-08-04 09:23:48,29255.25,29255.50,29253.50,29253.50,21,29253.50,29253.50,0.00
2026-08-04 09:23:49,29253.50,29253.50,29251.75,29253.00,82,29253.00,29253.00,0.00
2026-08-04 09:23:50,29252.75,29253.75,29251.75,29253.00,31,29253.00,29253.00,0.00
2026-08-04 09:23:51,29253.25,29254.75,29253.25,29254.00,17,29254.00,29254.00,0.00
2026-08-04 09:23:52,29253.75,29253.75,29252.50,29252.50,9,29252.50,29252.50,0.00
2026-08-04 09:23:53,29253.00,29253.75,29252.50,29253.25,5,29253.25,29253.25,0.00
2026-08-04 09:23:54,29253.00,29253.00,29251.75,29252.75,26,29252.75,29252.75,0.00
2026-08-04 09:23:55,29252.50,29254.25,29252.50,29253.25,29,29253.25,29253.25,0.00
2026-08-04 09:23:56,29252.75,29253.00,29251.50,29252.00,19,29252.00,29252.00,0.00
2026-08-04 09:23:57,29251.25,29252.00,29250.75,29251.00,25,29251.00,29251.00,0.00
2026-08-04 09:23:58,29250.75,29251.25,29250.75,29250.75,6,29250.75,29250.75,0.00
2026-08-04 09:23:59,29250.50,29252.25,29250.00,29251.75,54,29251.75,29251.75,0.00
2026-08-04 09:24:00,29251.50,29252.25,29251.25,29251.25,8,29251.25,29251.25,0.00
2026-08-04 09:24:01,29251.25,29251.25,29250.25,29250.75,11,29250.75,29250.75,0.00
2026-08-04 09:24:02,29250.00,29250.25,29249.00,29249.25,18,29249.25,29249.25,0.00
2026-08-04 09:24:03,29248.75,29250.00,29248.75,29249.50,11,29249.50,29249.50,0.00
2026-08-04 09:24:04,29248.75,29249.50,29248.25,29249.00,27,29249.00,29249.00,0.00
2026-08-04 09:24:05,29248.75,29249.25,29247.25,29247.75,32,29247.75,29247.75,0.00
2026-08-04 09:24:06,29248.00,29249.25,29247.75,29248.25,55,29248.25,29248.25,0.00
2026-08-04 09:24:07,29248.00,29248.75,29247.00,29248.00,47,29248.00,29248.00,0.00
2026-08-04 09:24:08,29248.25,29248.75,29247.50,29247.75,20,29247.75,29247.75,0.00
2026-08-04 09:24:09,29248.00,29248.75,29247.25,29247.75,33,29247.75,29247.75,0.00
2026-08-04 09:24:10,29247.50,29248.25,29247.50,29247.75,14,29247.75,29247.75,0.00
2026-08-04 09:24:11,29248.00,29248.00,29247.00,29247.50,20,29247.50,29247.50,0.00
2026-08-04 09:24:12,29247.50,29248.00,29247.50,29247.75,11,29247.75,29247.75,0.00
2026-08-04 09:24:13,29247.75,29248.25,29247.25,29248.00,11,29248.00,29248.00,0.00
2026-08-04 09:24:14,29248.25,29248.25,29247.00,29247.75,21,29247.75,29247.75,0.00
2026-08-04 09:24:15,29247.25,29247.25,29245.00,29245.00,59,29245.00,29245.00,0.00
2026-08-04 09:24:16,29245.00,29245.00,29244.25,29244.50,39,29244.50,29244.50,0.00
2026-08-04 09:24:17,29244.00,29244.00,29243.00,29244.00,47,29244.00,29244.00,0.00
2026-08-04 09:24:18,29243.75,29244.75,29243.50,29243.50,65,29243.50,29243.50,0.00
2026-08-04 09:24:19,29243.50,29243.75,29242.50,29242.75,38,29242.75,29242.75,0.00
2026-08-04 09:24:20,29243.25,29243.25,29240.00,29241.00,87,29241.00,29241.00,0.00
2026-08-04 09:24:21,29240.75,29241.75,29240.50,29241.25,38,29241.25,29241.25,0.00
2026-08-04 09:24:22,29240.75,29241.50,29240.50,29240.50,37,29240.50,29240.50,0.00
2026-08-04 09:24:23,29240.75,29242.00,29240.50,29242.00,32,29242.00,29242.00,0.00
2026-08-04 09:24:24,29241.25,29242.25,29241.25,29242.25,13,29242.25,29242.25,0.00
2026-08-04 09:24:25,29242.00,29243.00,29241.75,29243.00,29,29243.00,29243.00,0.00
2026-08-04 09:24:26,29242.25,29242.50,29242.25,29242.25,9,29242.25,29242.25,0.00
2026-08-04 09:24:27,29242.00,29243.25,29241.75,29242.25,45,29242.25,29242.25,0.00
2026-08-04 09:24:28,29242.00,29243.50,29241.50,29243.25,45,29243.25,29243.25,0.00
2026-08-04 09:24:29,29243.25,29243.25,29241.75,29241.75,21,29241.75,29241.75,0.00
2026-08-04 09:24:30,29241.75,29241.75,29240.50,29240.75,27,29240.75,29240.75,0.00
2026-08-04 09:24:31,29240.75,29240.75,29239.25,29239.25,50,29239.25,29239.25,0.00
2026-08-04 09:24:32,29239.25,29239.50,29238.25,29239.00,63,29239.00,29239.00,0.00
2026-08-04 09:24:33,29238.75,29239.50,29238.75,29239.50,23,29239.50,29239.50,0.00
2026-08-04 09:24:34,29238.75,29239.50,29238.25,29238.25,28,29238.25,29238.25,0.00
2026-08-04 09:24:35,29238.50,29239.75,29238.25,29239.25,9,29239.25,29239.25,0.00
2026-08-04 09:24:36,29239.00,29239.25,29237.75,29239.00,57,29239.00,29239.00,0.00
2026-08-04 09:24:37,29238.50,29238.75,29237.00,29238.75,64,29238.75,29238.75,0.00
2026-08-04 09:24:38,29238.25,29238.25,29237.25,29238.00,20,29238.00,29238.00,0.00
2026-08-04 09:24:39,29237.75,29237.75,29234.75,29235.25,130,29235.25,29235.25,0.00
2026-08-04 09:24:40,29235.25,29235.75,29234.75,29235.00,41,29235.00,29235.00,0.00
2026-08-04 09:24:41,29235.25,29235.50,29233.00,29233.25,140,29233.25,29233.25,0.00
2026-08-04 09:24:42,29233.75,29234.50,29233.75,29233.75,27,29233.75,29233.75,0.00
2026-08-04 09:24:43,29234.25,29234.25,29231.50,29232.25,127,29232.25,29232.25,0.00
2026-08-04 09:24:44,29232.50,29233.50,29232.00,29232.50,51,29232.50,29232.50,0.00
2026-08-04 09:24:45,29232.50,29233.75,29231.25,29233.75,79,29233.75,29233.75,0.00
2026-08-04 09:24:46,29233.00,29235.50,29233.00,29233.75,79,29233.75,29233.75,0.00
2026-08-04 09:24:47,29233.75,29235.75,29233.50,29235.50,37,29235.50,29235.50,0.00
2026-08-04 09:24:48,29235.50,29236.00,29235.00,29235.50,11,29235.50,29235.50,0.00
2026-08-04 09:24:49,29235.75,29235.75,29234.75,29234.75,16,29234.75,29234.75,0.00
2026-08-04 09:24:50,29235.25,29235.25,29233.75,29233.75,20,29233.75,29233.75,0.00
2026-08-04 09:24:51,29234.50,29235.25,29234.00,29234.00,55,29234.00,29234.00,0.00
2026-08-04 09:24:52,29234.25,29235.75,29233.50,29235.75,23,29235.75,29235.75,0.00
2026-08-04 09:24:53,29236.00,29237.25,29235.00,29237.25,37,29237.25,29237.25,0.00
2026-08-04 09:24:54,29237.50,29239.25,29237.50,29238.75,19,29238.75,29238.75,0.00
2026-08-04 09:24:55,29239.00,29239.25,29238.25,29238.75,11,29238.75,29238.75,0.00
2026-08-04 09:24:56,29238.50,29240.50,29238.25,29240.00,74,29240.00,29240.00,0.00
2026-08-04 09:24:57,29239.75,29241.00,29239.75,29240.00,31,29240.00,29240.00,0.00
2026-08-04 09:24:58,29240.75,29242.25,29240.25,29242.00,43,29242.00,29242.00,0.00
2026-08-04 09:24:59,29242.25,29242.75,29239.75,29240.50,41,29240.50,29240.50,0.00
2026-08-04 09:25:00,29240.50,29241.00,29240.25,29240.25,27,29240.25,29240.25,0.00
2026-08-04 09:25:01,29240.50,29244.50,29235.50,29240.75,564,29240.75,29240.75,0.00
2026-08-04 09:25:02,29240.50,29242.00,29239.00,29239.50,81,29239.50,29239.50,0.00
2026-08-04 09:25:03,29239.50,29242.50,29239.50,29242.50,54,29242.50,29242.50,0.00
2026-08-04 09:25:04,29243.00,29244.00,29242.00,29243.50,29,29243.50,29243.50,0.00
2026-08-04 09:25:05,29243.50,29243.50,29241.25,29241.25,32,29241.25,29241.25,0.00
2026-08-04 09:25:06,29241.75,29241.75,29239.75,29240.50,55,29240.50,29240.50,0.00
2026-08-04 09:25:07,29240.75,29240.75,29239.25,29240.25,30,29240.25,29240.25,0.00
2026-08-04 09:25:08,29240.00,29241.50,29240.00,29241.00,23,29241.00,29241.00,0.00
2026-08-04 09:25:09,29242.00,29243.25,29241.50,29242.50,38,29242.50,29242.50,0.00
2026-08-04 09:25:10,29243.25,29244.25,29242.75,29242.75,20,29242.75,29242.75,0.00
2026-08-04 09:25:11,29243.25,29243.50,29241.75,29243.50,24,29243.50,29243.50,0.00
2026-08-04 09:25:12,29244.25,29244.25,29242.75,29243.25,39,29243.25,29243.25,0.00
2026-08-04 09:25:13,29242.75,29245.00,29241.25,29243.50,88,29243.50,29243.50,0.00
2026-08-04 09:25:14,29243.50,29245.00,29242.75,29244.00,29,29244.00,29244.00,0.00
2026-08-04 09:25:15,29244.00,29244.00,29242.00,29242.75,87,29242.75,29242.75,0.00
2026-08-04 09:25:16,29242.25,29242.75,29241.00,29242.75,66,29242.75,29242.75,0.00
2026-08-04 09:25:17,29242.25,29243.00,29241.75,29242.25,23,29242.25,29242.25,0.00
2026-08-04 09:25:18,29242.25,29242.50,29240.25,29240.25,40,29240.25,29240.25,0.00
2026-08-04 09:25:19,29239.75,29241.50,29239.75,29240.75,12,29240.75,29240.75,0.00
2026-08-04 09:25:20,29241.25,29243.00,29241.25,29242.25,15,29242.25,29242.25,0.00
2026-08-04 09:25:21,29242.00,29243.25,29241.50,29242.50,45,29242.50,29242.50,0.00
2026-08-04 09:25:22,29242.25,29243.25,29242.25,29243.25,12,29243.25,29243.25,0.00
2026-08-04 09:25:23,29243.00,29243.00,29241.25,29242.50,36,29242.50,29242.50,0.00
2026-08-04 09:25:24,29242.50,29242.75,29241.50,29242.75,28,29242.75,29242.75,0.00
2026-08-04 09:25:25,29242.25,29243.00,29242.25,29243.00,25,29243.00,29243.00,0.00
2026-08-04 09:25:26,29242.50,29243.25,29242.00,29243.00,16,29243.00,29243.00,0.00
2026-08-04 09:25:27,29243.00,29243.50,29242.75,29242.75,14,29242.75,29242.75,0.00
2026-08-04 09:25:28,29242.50,29242.75,29242.00,29242.25,23,29242.25,29242.25,0.00
2026-08-04 09:25:29,29242.50,29244.00,29242.50,29244.00,31,29244.00,29244.00,0.00
2026-08-04 09:25:30,29244.00,29245.25,29244.00,29244.50,41,29244.50,29244.50,0.00
2026-08-04 09:25:31,29244.50,29245.25,29244.00,29244.75,30,29244.75,29244.75,0.00
2026-08-04 09:25:32,29244.75,29245.75,29244.50,29244.50,31,29244.50,29244.50,0.00
2026-08-04 09:25:33,29244.25,29246.25,29244.25,29244.75,48,29244.75,29244.75,0.00
2026-08-04 09:25:34,29244.50,29244.50,29242.50,29243.75,57,29243.75,29243.75,0.00
2026-08-04 09:25:35,29243.00,29243.25,29242.25,29243.25,27,29243.25,29243.25,0.00
2026-08-04 09:25:36,29243.00,29244.25,29242.50,29244.25,18,29244.25,29244.25,0.00
2026-08-04 09:25:37,29244.75,29246.00,29244.25,29244.50,31,29244.50,29244.50,0.00
2026-08-04 09:25:38,29244.75,29247.25,29242.75,29246.00,114,29246.00,29246.00,0.00
2026-08-04 09:25:39,29245.75,29246.00,29245.00,29246.00,20,29246.00,29246.00,0.00
2026-08-04 09:25:40,29245.50,29248.75,29245.50,29248.50,68,29248.50,29248.50,0.00
2026-08-04 09:25:41,29248.50,29248.50,29247.00,29248.00,58,29248.00,29248.00,0.00
2026-08-04 09:25:42,29248.00,29250.00,29247.25,29249.25,74,29249.25,29249.25,0.00
2026-08-04 09:25:43,29249.75,29251.00,29247.00,29247.75,164,29247.75,29247.75,0.00
2026-08-04 09:25:44,29248.00,29248.25,29244.00,29244.25,162,29244.25,29244.25,0.00
2026-08-04 09:25:45,29244.00,29246.00,29243.75,29245.50,37,29245.50,29245.50,0.00
2026-08-04 09:25:46,29245.75,29247.50,29245.50,29247.00,71,29247.00,29247.00,0.00
2026-08-04 09:25:47,29247.25,29247.75,29246.75,29247.00,16,29247.00,29247.00,0.00
2026-08-04 09:25:48,29246.75,29247.00,29244.75,29245.00,37,29245.00,29245.00,0.00
2026-08-04 09:25:49,29245.25,29246.25,29245.25,29245.75,13,29245.75,29245.75,0.00
2026-08-04 09:25:50,29245.50,29246.00,29244.25,29244.75,18,29244.75,29244.75,0.00
2026-08-04 09:25:51,29244.25,29245.75,29243.50,29245.50,69,29245.50,29245.50,0.00
2026-08-04 09:25:52,29245.25,29249.50,29245.25,29248.75,82,29248.75,29248.75,0.00
2026-08-04 09:25:53,29249.00,29251.75,29249.00,29251.75,109,29251.75,29251.75,0.00
2026-08-04 09:25:54,29250.50,29251.50,29249.75,29250.75,58,29250.75,29250.75,0.00
2026-08-04 09:25:55,29250.25,29252.00,29250.00,29251.75,73,29251.75,29251.75,0.00
2026-08-04 09:25:56,29251.75,29254.50,29251.50,29254.00,68,29254.00,29254.00,0.00
2026-08-04 09:25:57,29253.75,29254.00,29239.00,29239.50,529,29239.50,29239.50,0.00
2026-08-04 09:25:58,29239.50,29242.75,29235.75,29237.00,184,29237.00,29237.00,0.00
2026-08-04 09:25:59,29237.00,29237.25,29234.25,29234.25,142,29234.25,29234.25,0.00
2026-08-04 09:26:00,29234.75,29235.25,29233.50,29234.50,58,29234.50,29234.50,0.00
2026-08-04 09:26:01,29234.50,29237.00,29234.25,29235.50,175,29235.50,29235.50,0.00
2026-08-04 09:26:02,29235.50,29237.25,29234.75,29237.25,40,29237.25,29237.25,0.00
2026-08-04 09:26:03,29237.50,29237.50,29236.25,29237.00,63,29237.00,29237.00,0.00
2026-08-04 09:26:04,29236.50,29237.50,29234.50,29235.25,41,29235.25,29235.25,0.00
2026-08-04 09:26:05,29235.50,29236.25,29235.00,29235.50,63,29235.50,29235.50,0.00
2026-08-04 09:26:06,29235.75,29236.50,29233.75,29234.50,71,29234.50,29234.50,0.00
2026-08-04 09:26:07,29235.00,29237.00,29235.00,29236.75,22,29236.75,29236.75,0.00
2026-08-04 09:26:08,29236.50,29237.50,29236.25,29236.25,17,29236.25,29236.25,0.00
2026-08-04 09:26:09,29235.75,29237.00,29234.00,29237.00,22,29237.00,29237.00,0.00
2026-08-04 09:26:10,29237.25,29238.50,29237.00,29238.25,23,29238.25,29238.25,0.00
2026-08-04 09:26:11,29238.25,29241.50,29238.25,29240.75,130,29240.75,29240.75,0.00
2026-08-04 09:26:12,29240.50,29240.50,29239.00,29239.25,36,29239.25,29239.25,0.00
2026-08-04 09:26:13,29239.25,29239.50,29238.00,29239.00,50,29239.00,29239.00,0.00
2026-08-04 09:26:14,29238.25,29239.00,29237.75,29237.75,24,29237.75,29237.75,0.00
2026-08-04 09:26:15,29237.25,29239.00,29237.00,29237.75,36,29237.75,29237.75,0.00
2026-08-04 09:26:16,29239.00,29239.00,29238.00,29238.25,5,29238.25,29238.25,0.00
2026-08-04 09:26:17,29237.75,29238.50,29237.50,29238.00,16,29238.00,29238.00,0.00
2026-08-04 09:26:18,29237.75,29239.00,29237.75,29239.00,23,29239.00,29239.00,0.00
2026-08-04 09:26:19,29237.75,29239.00,29237.25,29238.50,53,29238.50,29238.50,0.00
2026-08-04 09:26:20,29238.25,29238.75,29236.75,29237.25,65,29237.25,29237.25,0.00
2026-08-04 09:26:21,29237.00,29237.50,29236.00,29237.00,54,29237.00,29237.00,0.00
2026-08-04 09:26:22,29236.50,29237.00,29236.50,29237.00,6,29237.00,29237.00,0.00
2026-08-04 09:26:23,29236.50,29237.25,29236.50,29237.00,20,29237.00,29237.00,0.00
2026-08-04 09:26:24,29236.50,29236.50,29235.00,29235.00,33,29235.00,29235.00,0.00
2026-08-04 09:26:25,29235.25,29235.75,29234.75,29235.25,33,29235.25,29235.25,0.00
2026-08-04 09:26:26,29235.50,29236.00,29233.50,29233.75,80,29233.75,29233.75,0.00
2026-08-04 09:26:27,29234.00,29235.00,29233.00,29233.75,52,29233.75,29233.75,0.00
2026-08-04 09:26:28,29233.50,29234.00,29232.00,29233.75,57,29233.75,29233.75,0.00
2026-08-04 09:26:29,29233.75,29234.75,29233.00,29233.50,19,29233.50,29233.50,0.00
2026-08-04 09:26:30,29233.50,29233.50,29231.75,29232.75,39,29232.75,29232.75,0.00
2026-08-04 09:26:31,29232.00,29234.00,29231.00,29233.75,81,29233.75,29233.75,0.00
2026-08-04 09:26:32,29234.25,29236.00,29234.00,29234.00,49,29234.00,29234.00,0.00
2026-08-04 09:26:33,29234.25,29234.75,29233.75,29234.25,33,29234.25,29234.25,0.00
2026-08-04 09:26:34,29233.75,29234.75,29233.25,29234.50,31,29234.50,29234.50,0.00
2026-08-04 09:26:35,29235.50,29236.50,29235.00,29236.25,13,29236.25,29236.25,0.00
2026-08-04 09:26:36,29235.50,29236.75,29235.25,29235.75,53,29235.75,29235.75,0.00
2026-08-04 09:26:37,29236.00,29236.75,29236.00,29236.75,7,29236.75,29236.75,0.00
2026-08-04 09:26:38,29236.00,29236.00,29235.50,29235.50,9,29235.50,29235.50,0.00
2026-08-04 09:26:39,29235.75,29236.25,29235.25,29236.25,13,29236.25,29236.25,0.00
2026-08-04 09:26:40,29236.00,29236.50,29235.50,29236.50,15,29236.50,29236.50,0.00
2026-08-04 09:26:41,29236.50,29236.50,29234.00,29234.50,50,29234.50,29234.50,0.00
2026-08-04 09:26:42,29234.50,29234.75,29234.25,29234.75,9,29234.75,29234.75,0.00
2026-08-04 09:26:43,29234.50,29236.25,29234.50,29235.50,24,29235.50,29235.50,0.00
2026-08-04 09:26:44,29236.25,29236.25,29235.75,29235.75,5,29235.75,29235.75,0.00
2026-08-04 09:26:45,29236.00,29236.25,29236.00,29236.25,2,29236.25,29236.25,0.00
2026-08-04 09:26:46,29236.75,29240.50,29236.75,29240.25,70,29240.25,29240.25,0.00
2026-08-04 09:26:47,29240.25,29240.50,29238.50,29239.75,39,29239.75,29239.75,0.00
2026-08-04 09:26:48,29239.50,29239.50,29238.50,29239.00,32,29239.00,29239.00,0.00
2026-08-04 09:26:49,29239.00,29240.25,29238.75,29240.00,20,29240.00,29240.00,0.00
2026-08-04 09:26:50,29240.00,29240.25,29239.25,29240.25,15,29240.25,29240.25,0.00
2026-08-04 09:26:51,29240.00,29241.25,29239.25,29241.00,11,29241.00,29241.00,0.00
2026-08-04 09:26:52,29241.25,29244.00,29241.25,29243.25,62,29243.25,29243.25,0.00
2026-08-04 09:26:53,29243.25,29244.50,29242.75,29244.25,35,29244.25,29244.25,0.00
2026-08-04 09:26:54,29244.25,29244.50,29243.50,29244.00,17,29244.00,29244.00,0.00
2026-08-04 09:26:55,29243.50,29244.00,29242.25,29242.50,34,29242.50,29242.50,0.00
2026-08-04 09:26:56,29242.50,29242.50,29241.50,29242.25,14,29242.25,29242.25,0.00
2026-08-04 09:26:57,29241.75,29242.25,29241.50,29241.75,6,29241.75,29241.75,0.00
2026-08-04 09:26:58,29241.75,29242.25,29240.50,29240.50,48,29240.50,29240.50,0.00
2026-08-04 09:26:59,29240.75,29241.75,29239.50,29240.75,33,29240.75,29240.75,0.00
2026-08-04 09:27:00,29240.25,29240.25,29240.00,29240.00,5,29240.00,29240.00,0.00
2026-08-04 09:27:01,29240.50,29242.00,29240.25,29241.50,57,29241.50,29241.50,0.00
2026-08-04 09:27:02,29241.50,29241.75,29240.75,29241.50,24,29241.50,29241.50,0.00
2026-08-04 09:27:03,29241.75,29242.00,29239.75,29239.75,34,29239.75,29239.75,0.00
2026-08-04 09:27:04,29239.50,29239.75,29237.75,29237.75,38,29237.75,29237.75,0.00
2026-08-04 09:27:05,29238.00,29238.25,29237.75,29237.75,13,29237.75,29237.75,0.00
2026-08-04 09:27:06,29238.00,29239.50,29237.75,29239.50,43,29239.50,29239.50,0.00
2026-08-04 09:27:07,29239.25,29240.75,29238.75,29240.75,24,29240.75,29240.75,0.00
2026-08-04 09:27:08,29240.25,29241.50,29240.00,29241.50,29,29241.50,29241.50,0.00
2026-08-04 09:27:09,29241.25,29241.25,29237.75,29237.75,42,29237.75,29237.75,0.00
2026-08-04 09:27:10,29237.75,29238.25,29237.00,29237.00,27,29237.00,29237.00,0.00
2026-08-04 09:27:11,29237.75,29241.75,29237.75,29240.00,80,29240.00,29240.00,0.00
2026-08-04 09:27:12,29240.00,29240.25,29237.25,29238.50,39,29238.50,29238.50,0.00
2026-08-04 09:27:13,29238.25,29238.25,29237.75,29238.25,15,29238.25,29238.25,0.00
2026-08-04 09:27:14,29238.25,29239.25,29238.25,29238.50,33,29238.50,29238.50,0.00
2026-08-04 09:27:15,29238.75,29239.75,29238.50,29239.00,16,29239.00,29239.00,0.00
2026-08-04 09:27:16,29238.75,29240.00,29238.75,29240.00,20,29240.00,29240.00,0.00
2026-08-04 09:27:17,29239.50,29241.00,29239.50,29240.00,16,29240.00,29240.00,0.00
2026-08-04 09:27:18,29240.25,29240.50,29239.25,29240.00,14,29240.00,29240.00,0.00
2026-08-04 09:27:19,29239.75,29240.25,29239.75,29240.25,7,29240.25,29240.25,0.00
2026-08-04 09:27:20,29240.00,29240.25,29239.25,29240.00,11,29240.00,29240.00,0.00
2026-08-04 09:27:21,29240.25,29243.50,29240.25,29242.25,80,29242.25,29242.25,0.00
2026-08-04 09:27:22,29242.00,29243.25,29242.00,29242.50,18,29242.50,29242.50,0.00
2026-08-04 09:27:23,29242.50,29243.50,29242.25,29243.50,19,29243.50,29243.50,0.00
2026-08-04 09:27:24,29243.50,29244.25,29243.00,29244.00,18,29244.00,29244.00,0.00
2026-08-04 09:27:25,29243.75,29244.00,29243.50,29243.50,31,29243.50,29243.50,0.00
2026-08-04 09:27:26,29243.75,29243.75,29241.25,29242.25,41,29242.25,29242.25,0.00
2026-08-04 09:27:27,29242.75,29243.00,29241.75,29242.00,32,29242.00,29242.00,0.00
2026-08-04 09:27:28,29241.75,29244.00,29241.75,29244.00,67,29244.00,29244.00,0.00
2026-08-04 09:27:29,29244.00,29244.00,29242.50,29243.00,51,29243.00,29243.00,0.00
2026-08-04 09:27:30,29243.50,29244.00,29242.50,29243.50,28,29243.50,29243.50,0.00
2026-08-04 09:27:31,29244.00,29244.25,29240.25,29242.25,151,29242.25,29242.25,0.00
2026-08-04 09:27:32,29242.50,29242.50,29241.75,29241.75,11,29241.75,29241.75,0.00
2026-08-04 09:27:33,29241.75,29242.25,29241.75,29242.25,6,29242.25,29242.25,0.00
2026-08-04 09:27:34,29242.25,29244.75,29241.75,29243.00,99,29243.00,29243.00,0.00
2026-08-04 09:27:35,29242.50,29242.50,29241.25,29241.25,21,29241.25,29241.25,0.00
2026-08-04 09:27:36,29241.25,29241.25,29239.75,29240.50,18,29240.50,29240.50,0.00
2026-08-04 09:27:37,29240.00,29240.50,29239.25,29239.75,30,29239.75,29239.75,0.00
2026-08-04 09:27:38,29240.00,29241.50,29239.00,29239.00,79,29239.00,29239.00,0.00
2026-08-04 09:27:39,29240.00,29241.00,29239.50,29240.75,29,29240.75,29240.75,0.00
2026-08-04 09:27:40,29240.75,29241.00,29239.75,29239.75,22,29239.75,29239.75,0.00
2026-08-04 09:27:41,29238.75,29238.75,29227.75,29232.25,385,29232.25,29232.25,0.00
2026-08-04 09:27:42,29232.50,29233.00,29231.25,29231.50,60,29231.50,29231.50,0.00
2026-08-04 09:27:43,29231.50,29231.75,29230.75,29231.00,33,29231.00,29231.00,0.00
2026-08-04 09:27:44,29231.00,29232.75,29230.25,29231.75,113,29231.75,29231.75,0.00
2026-08-04 09:27:45,29231.75,29233.25,29231.75,29232.00,31,29232.00,29232.00,0.00
2026-08-04 09:27:46,29232.50,29233.75,29232.00,29233.75,31,29233.75,29233.75,0.00
2026-08-04 09:27:47,29233.50,29234.00,29232.25,29233.00,33,29233.00,29233.00,0.00
2026-08-04 09:27:48,29232.75,29233.00,29231.50,29231.50,30,29231.50,29231.50,0.00
2026-08-04 09:27:49,29232.00,29232.25,29230.75,29232.25,22,29232.25,29232.25,0.00
2026-08-04 09:27:50,29232.75,29232.75,29231.75,29232.75,19,29232.75,29232.75,0.00
2026-08-04 09:27:51,29232.75,29233.00,29227.00,29232.50,186,29232.50,29232.50,0.00
2026-08-04 09:27:52,29232.75,29232.75,29230.75,29231.50,35,29231.50,29231.50,0.00
2026-08-04 09:27:53,29231.75,29234.50,29231.75,29234.50,25,29234.50,29234.50,0.00
2026-08-04 09:27:54,29234.25,29234.50,29232.75,29232.75,29,29232.75,29232.75,0.00
2026-08-04 09:27:55,29233.50,29234.75,29233.50,29234.50,20,29234.50,29234.50,0.00
2026-08-04 09:27:56,29234.75,29235.00,29234.25,29235.00,17,29235.00,29235.00,0.00
2026-08-04 09:27:57,29235.00,29235.75,29233.50,29235.25,49,29235.25,29235.25,0.00
2026-08-04 09:27:58,29235.00,29236.25,29234.75,29235.75,44,29235.75,29235.75,0.00
2026-08-04 09:27:59,29235.75,29236.50,29235.00,29236.00,22,29236.00,29236.00,0.00
2026-08-04 09:28:00,29236.50,29236.75,29234.75,29235.00,47,29235.00,29235.00,0.00
2026-08-04 09:28:01,29235.00,29241.25,29232.25,29234.75,396,29234.75,29234.75,0.00
2026-08-04 09:28:02,29235.25,29235.50,29231.50,29233.00,61,29233.00,29233.00,0.00
2026-08-04 09:28:03,29232.50,29233.75,29229.50,29233.50,74,29233.50,29233.50,0.00
2026-08-04 09:28:04,29232.25,29233.75,29232.25,29233.50,49,29233.50,29233.50,0.00
2026-08-04 09:28:05,29233.00,29233.00,29231.50,29232.00,17,29232.00,29232.00,0.00
2026-08-04 09:28:06,29232.00,29232.75,29231.00,29232.50,53,29232.50,29232.50,0.00
2026-08-04 09:28:07,29232.00,29232.00,29230.50,29230.50,52,29230.50,29230.50,0.00
2026-08-04 09:28:08,29230.00,29230.25,29228.25,29229.00,37,29229.00,29229.00,0.00
2026-08-04 09:28:09,29229.00,29231.50,29228.75,29230.50,67,29230.50,29230.50,0.00
2026-08-04 09:28:10,29230.75,29232.25,29230.25,29231.25,54,29231.25,29231.25,0.00
2026-08-04 09:28:11,29230.75,29231.25,29229.50,29230.50,81,29230.50,29230.50,0.00
2026-08-04 09:28:12,29229.75,29230.75,29229.00,29230.50,37,29230.50,29230.50,0.00
2026-08-04 09:28:13,29230.75,29231.00,29228.75,29229.25,36,29229.25,29229.25,0.00
2026-08-04 09:28:14,29230.50,29231.50,29230.00,29230.25,24,29230.25,29230.25,0.00
2026-08-04 09:28:15,29230.75,29233.00,29230.75,29231.50,18,29231.50,29231.50,0.00
2026-08-04 09:28:16,29231.75,29233.00,29231.25,29233.00,31,29233.00,29233.00,0.00
2026-08-04 09:28:17,29232.50,29233.25,29232.25,29233.25,19,29233.25,29233.25,0.00
2026-08-04 09:28:18,29233.75,29233.75,29232.25,29232.50,8,29232.50,29232.50,0.00
2026-08-04 09:28:19,29231.75,29232.25,29231.00,29231.50,32,29231.50,29231.50,0.00
2026-08-04 09:28:20,29231.00,29231.00,29229.25,29230.50,25,29230.50,29230.50,0.00
2026-08-04 09:28:21,29230.00,29231.00,29229.50,29231.00,19,29231.00,29231.00,0.00
2026-08-04 09:28:22,29230.25,29230.25,29228.75,29229.25,32,29229.25,29229.25,0.00
2026-08-04 09:28:23,29229.75,29230.00,29228.50,29228.50,28,29228.50,29228.50,0.00
2026-08-04 09:28:24,29229.25,29229.50,29228.75,29228.75,31,29228.75,29228.75,0.00
2026-08-04 09:28:25,29228.25,29229.50,29227.25,29227.25,105,29227.25,29227.25,0.00
2026-08-04 09:28:26,29229.00,29229.00,29227.75,29227.75,67,29227.75,29227.75,0.00
2026-08-04 09:28:27,29227.25,29228.75,29227.25,29228.00,27,29228.00,29228.00,0.00
2026-08-04 09:28:28,29229.00,29229.00,29228.00,29228.50,17,29228.50,29228.50,0.00
2026-08-04 09:28:29,29228.50,29229.25,29228.00,29229.25,16,29229.25,29229.25,0.00
2026-08-04 09:28:30,29228.75,29228.75,29223.50,29224.75,151,29224.75,29224.75,0.00
2026-08-04 09:28:31,29224.25,29226.00,29224.00,29226.00,62,29226.00,29226.00,0.00
2026-08-04 09:28:32,29226.25,29226.75,29225.00,29225.75,51,29225.75,29225.75,0.00
2026-08-04 09:28:33,29226.50,29228.50,29226.00,29227.75,31,29227.75,29227.75,0.00
2026-08-04 09:28:34,29228.00,29228.25,29226.00,29227.50,19,29227.50,29227.50,0.00
2026-08-04 09:28:35,29226.75,29229.50,29226.50,29227.50,41,29227.50,29227.50,0.00
2026-08-04 09:28:36,29227.75,29227.75,29226.25,29227.50,40,29227.50,29227.50,0.00
2026-08-04 09:28:37,29227.75,29228.25,29227.00,29227.75,14,29227.75,29227.75,0.00
2026-08-04 09:28:38,29227.75,29227.75,29226.75,29227.50,25,29227.50,29227.50,0.00
2026-08-04 09:28:39,29226.50,29227.25,29226.25,29227.25,9,29227.25,29227.25,0.00
2026-08-04 09:28:40,29227.50,29228.00,29226.50,29226.50,61,29226.50,29226.50,0.00
2026-08-04 09:28:41,29227.00,29227.00,29225.75,29226.25,34,29226.25,29226.25,0.00
2026-08-04 09:28:42,29225.50,29228.25,29225.00,29227.75,55,29227.75,29227.75,0.00
2026-08-04 09:28:43,29228.25,29228.50,29227.25,29228.50,33,29228.50,29228.50,0.00
2026-08-04 09:28:44,29228.00,29229.00,29226.75,29228.25,20,29228.25,29228.25,0.00
2026-08-04 09:28:45,29227.75,29228.00,29225.75,29227.50,38,29227.50,29227.50,0.00
2026-08-04 09:28:46,29227.50,29227.50,29225.75,29226.25,26,29226.25,29226.25,0.00
2026-08-04 09:28:47,29226.25,29227.25,29224.75,29225.00,31,29225.00,29225.00,0.00
2026-08-04 09:28:48,29226.00,29226.50,29224.75,29224.75,34,29224.75,29224.75,0.00
2026-08-04 09:28:49,29225.50,29225.75,29224.00,29224.75,41,29224.75,29224.75,0.00
2026-08-04 09:28:50,29223.75,29224.25,29223.00,29223.25,43,29223.25,29223.25,0.00
2026-08-04 09:28:51,29223.25,29224.00,29222.50,29224.00,49,29224.00,29224.00,0.00
2026-08-04 09:28:52,29223.50,29224.00,29222.50,29223.50,29,29223.50,29223.50,0.00
2026-08-04 09:28:53,29223.00,29224.25,29222.25,29223.25,67,29223.25,29223.25,0.00
2026-08-04 09:28:54,29223.00,29223.25,29222.50,29222.50,13,29222.50,29222.50,0.00
2026-08-04 09:28:55,29222.50,29223.75,29222.50,29223.00,35,29223.00,29223.00,0.00
2026-08-04 09:28:56,29224.00,29224.00,29223.25,29223.50,23,29223.50,29223.50,0.00
2026-08-04 09:28:57,29224.25,29224.75,29223.50,29224.75,30,29224.75,29224.75,0.00
2026-08-04 09:28:58,29224.25,29224.25,29223.75,29224.00,15,29224.00,29224.00,0.00
2026-08-04 09:28:59,29224.50,29224.75,29223.25,29224.00,31,29224.00,29224.00,0.00
2026-08-04 09:29:00,29223.50,29224.75,29223.50,29224.75,7,29224.75,29224.75,0.00
2026-08-04 09:29:01,29224.50,29225.00,29223.00,29223.25,40,29223.25,29223.25,0.00
2026-08-04 09:29:02,29223.00,29224.50,29222.50,29223.25,48,29223.25,29223.25,0.00
2026-08-04 09:29:03,29223.00,29223.50,29219.75,29221.00,187,29221.00,29221.00,0.00
2026-08-04 09:29:04,29220.75,29222.00,29220.50,29221.25,38,29221.25,29221.25,0.00
2026-08-04 09:29:05,29220.75,29221.00,29220.00,29220.75,27,29220.75,29220.75,0.00
2026-08-04 09:29:06,29221.25,29221.75,29219.75,29220.75,37,29220.75,29220.75,0.00
2026-08-04 09:29:07,29221.00,29221.50,29220.00,29221.50,29,29221.50,29221.50,0.00
2026-08-04 09:29:08,29221.75,29222.25,29221.00,29221.00,20,29221.00,29221.00,0.00
2026-08-04 09:29:09,29222.00,29222.50,29221.75,29222.50,15,29222.50,29222.50,0.00
2026-08-04 09:29:10,29222.00,29222.25,29220.75,29221.50,46,29221.50,29221.50,0.00
2026-08-04 09:29:11,29221.75,29221.75,29220.50,29220.50,36,29220.50,29220.50,0.00
2026-08-04 09:29:12,29220.50,29221.25,29220.00,29221.25,29,29221.25,29221.25,0.00
2026-08-04 09:29:13,29220.50,29222.00,29220.50,29221.75,33,29221.75,29221.75,0.00
2026-08-04 09:29:14,29221.75,29222.50,29221.50,29221.75,31,29221.75,29221.75,0.00
2026-08-04 09:29:15,29221.75,29223.00,29221.25,29222.75,37,29222.75,29222.75,0.00
2026-08-04 09:29:16,29221.50,29223.75,29221.50,29223.25,31,29223.25,29223.25,0.00
2026-08-04 09:29:17,29223.25,29225.00,29223.25,29225.00,35,29225.00,29225.00,0.00
2026-08-04 09:29:18,29224.25,29225.75,29223.75,29225.75,28,29225.75,29225.75,0.00
2026-08-04 09:29:19,29225.00,29225.50,29223.50,29224.25,44,29224.25,29224.25,0.00
2026-08-04 09:29:20,29223.75,29225.00,29223.25,29224.00,19,29224.00,29224.00,0.00
2026-08-04 09:29:21,29223.75,29224.00,29221.25,29222.75,51,29222.75,29222.75,0.00
2026-08-04 09:29:22,29223.25,29223.25,29222.50,29223.25,10,29223.25,29223.25,0.00
2026-08-04 09:29:23,29222.50,29222.50,29219.75,29220.25,35,29220.25,29220.25,0.00
2026-08-04 09:29:24,29219.75,29222.00,29219.50,29221.75,38,29221.75,29221.75,0.00
2026-08-04 09:29:25,29221.25,29222.75,29220.50,29222.75,11,29222.75,29222.75,0.00
2026-08-04 09:29:26,29223.00,29223.75,29221.25,29223.25,56,29223.25,29223.25,0.00
2026-08-04 09:29:27,29223.50,29225.50,29223.50,29225.00,31,29225.00,29225.00,0.00
2026-08-04 09:29:28,29224.25,29224.25,29222.75,29223.25,31,29223.25,29223.25,0.00
2026-08-04 09:29:29,29222.75,29223.50,29221.00,29221.25,39,29221.25,29221.25,0.00
2026-08-04 09:29:30,29221.00,29223.25,29221.00,29222.25,40,29222.25,29222.25,0.00
2026-08-04 09:29:31,29223.00,29224.50,29222.75,29224.50,23,29224.50,29224.50,0.00
2026-08-04 09:29:32,29224.00,29225.75,29223.75,29225.00,23,29225.00,29225.00,0.00
2026-08-04 09:29:33,29224.75,29225.25,29224.00,29224.50,19,29224.50,29224.50,0.00
2026-08-04 09:29:34,29224.50,29225.75,29224.50,29225.75,11,29225.75,29225.75,0.00
2026-08-04 09:29:35,29225.50,29225.75,29223.75,29224.50,21,29224.50,29224.50,0.00
2026-08-04 09:29:36,29223.75,29223.75,29221.25,29223.00,67,29223.00,29223.00,0.00
2026-08-04 09:29:37,29222.00,29223.00,29222.00,29222.75,7,29222.75,29222.75,0.00
2026-08-04 09:29:38,29221.00,29221.25,29220.00,29220.00,20,29220.00,29220.00,0.00
2026-08-04 09:29:39,29220.50,29221.25,29219.75,29220.75,49,29220.75,29220.75,0.00
2026-08-04 09:29:40,29221.00,29222.25,29220.50,29221.50,34,29221.50,29221.50,0.00
2026-08-04 09:29:41,29221.75,29221.75,29218.00,29220.50,127,29220.50,29220.50,0.00
2026-08-04 09:29:42,29220.00,29220.75,29219.75,29219.75,14,29219.75,29219.75,0.00
2026-08-04 09:29:43,29219.75,29219.75,29218.25,29219.75,20,29219.75,29219.75,0.00
2026-08-04 09:29:44,29219.50,29221.75,29218.75,29221.75,78,29221.75,29221.75,0.00
2026-08-04 09:29:45,29222.25,29223.25,29221.75,29222.00,43,29222.00,29222.00,0.00
2026-08-04 09:29:46,29221.75,29221.75,29219.75,29220.25,39,29220.25,29220.25,0.00
2026-08-04 09:29:47,29220.25,29221.25,29219.50,29220.75,60,29220.75,29220.75,0.00
2026-08-04 09:29:48,29220.25,29221.75,29219.75,29221.25,43,29221.25,29221.25,0.00
2026-08-04 09:29:49,29221.50,29223.50,29220.75,29223.50,21,29223.50,29223.50,0.00
2026-08-04 09:29:50,29222.75,29223.50,29222.25,29222.50,37,29222.50,29222.50,0.00
2026-08-04 09:29:51,29222.00,29225.00,29221.50,29224.75,55,29224.75,29224.75,0.00
2026-08-04 09:29:52,29224.00,29225.25,29223.50,29224.75,42,29224.75,29224.75,0.00
2026-08-04 09:29:53,29224.00,29224.75,29223.75,29224.00,24,29224.00,29224.00,0.00
2026-08-04 09:29:54,29223.75,29226.25,29223.75,29226.25,47,29226.25,29226.25,0.00
2026-08-04 09:29:55,29225.50,29227.25,29225.25,29225.25,65,29225.25,29225.25,0.00
2026-08-04 09:29:56,29226.00,29231.50,29225.25,29230.75,112,29230.75,29230.75,0.00
2026-08-04 09:29:57,29230.25,29231.50,29229.75,29230.75,36,29230.75,29230.75,0.00
2026-08-04 09:29:58,29230.50,29231.00,29229.25,29230.50,34,29230.50,29230.50,0.00
2026-08-04 09:29:59,29230.25,29233.50,29229.75,29230.75,191,29230.75,29230.75,0.00
2026-08-04 09:30:00,29230.50,29237.25,29228.25,29234.50,177,29234.50,29234.50,0.00
2026-08-04 09:30:01,29234.25,29250.25,29233.75,29237.25,835,29237.25,29237.25,0.00
2026-08-04 09:30:02,29236.75,29248.25,29233.75,29243.50,574,29243.50,29243.50,0.00
2026-08-04 09:30:03,29244.00,29247.50,29225.50,29228.75,691,29228.75,29228.75,0.00
2026-08-04 09:30:04,29228.25,29237.25,29223.75,29234.50,521,29234.50,29234.50,0.00
2026-08-04 09:30:05,29234.25,29235.50,29211.75,29211.75,640,29211.75,29211.75,0.00
2026-08-04 09:30:06,29211.50,29226.25,29210.00,29219.75,669,29219.75,29219.75,0.00
2026-08-04 09:30:07,29219.50,29222.50,29212.50,29220.00,283,29220.00,29220.00,0.00
2026-08-04 09:30:08,29219.75,29222.75,29214.25,29219.75,248,29219.75,29219.75,0.00
2026-08-04 09:30:09,29218.75,29221.00,29215.75,29219.25,184,29219.25,29219.25,0.00
2026-08-04 09:30:10,29219.50,29220.25,29211.75,29213.75,104,29213.75,29213.75,0.00
2026-08-04 09:30:11,29212.50,29216.75,29210.75,29211.25,276,29211.25,29211.25,0.00
2026-08-04 09:30:12,29212.00,29215.75,29208.00,29215.50,279,29215.50,29215.50,0.00
2026-08-04 09:30:13,29215.25,29224.75,29212.00,29217.00,236,29217.00,29217.00,0.00
2026-08-04 09:30:14,29217.25,29223.75,29215.25,29223.50,157,29223.50,29223.50,0.00
2026-08-04 09:30:15,29223.75,29230.75,29223.75,29229.00,200,29229.00,29229.00,0.00
2026-08-04 09:30:16,29228.50,29246.50,29228.25,29240.50,399,29240.50,29240.50,0.00
2026-08-04 09:30:17,29240.50,29243.25,29236.75,29237.00,199,29237.00,29237.00,0.00
2026-08-04 09:30:18,29236.50,29246.50,29233.50,29246.25,178,29246.25,29246.25,0.00
2026-08-04 09:30:19,29246.25,29250.50,29240.75,29247.75,358,29247.75,29247.75,0.00
2026-08-04 09:30:20,29247.50,29248.25,29241.50,29241.50,352,29241.50,29241.50,0.00
2026-08-04 09:30:21,29241.50,29249.00,29238.50,29249.00,250,29249.00,29249.00,0.00
2026-08-04 09:30:22,29249.25,29257.75,29248.00,29254.25,424,29254.25,29254.25,0.00
2026-08-04 09:30:23,29254.00,29257.75,29251.00,29256.75,323,29256.75,29256.75,0.00
2026-08-04 09:30:24,29256.50,29259.00,29251.25,29257.75,510,29257.75,29257.75,0.00
2026-08-04 09:30:25,29258.25,29261.00,29254.75,29257.75,462,29257.75,29257.75,0.00
2026-08-04 09:30:26,29258.00,29262.75,29255.00,29258.75,383,29258.75,29258.75,0.00
2026-08-04 09:30:27,29259.75,29265.50,29259.00,29260.00,392,29260.00,29260.00,0.00
2026-08-04 09:30:28,29260.25,29267.50,29260.25,29266.25,360,29266.25,29266.25,0.00
2026-08-04 09:30:29,29265.75,29273.75,29265.75,29273.25,519,29273.25,29273.25,0.00
2026-08-04 09:30:30,29273.00,29275.00,29271.25,29274.00,403,29274.00,29274.00,0.00
2026-08-04 09:30:31,29273.50,29280.00,29273.25,29277.00,411,29277.00,29277.00,0.00
2026-08-04 09:30:32,29277.50,29280.75,29276.25,29278.00,435,29278.00,29278.00,0.00
2026-08-04 09:30:33,29278.75,29281.25,29270.50,29273.75,383,29273.75,29273.75,0.00
2026-08-04 09:30:34,29273.50,29273.50,29268.75,29270.75,263,29270.75,29270.75,0.00
2026-08-04 09:30:35,29271.00,29274.25,29270.50,29273.25,180,29273.25,29273.25,0.00
2026-08-04 09:30:36,29273.00,29275.75,29270.00,29273.00,277,29273.00,29273.00,0.00
2026-08-04 09:30:37,29273.00,29277.50,29270.75,29277.50,272,29277.50,29277.50,0.00
2026-08-04 09:30:38,29277.00,29287.00,29274.50,29287.00,645,29287.00,29287.00,0.00
2026-08-04 09:30:39,29287.00,29293.00,29278.50,29280.25,765,29280.25,29280.25,0.00
2026-08-04 09:30:40,29280.75,29287.75,29280.75,29286.75,247,29286.75,29286.75,0.00
2026-08-04 09:30:41,29286.75,29288.25,29284.00,29288.25,261,29288.25,29288.25,0.00
2026-08-04 09:30:42,29287.75,29291.00,29287.50,29289.50,283,29289.50,29289.50,0.00
2026-08-04 09:30:43,29289.50,29292.00,29287.00,29290.75,252,29290.75,29290.75,0.00
2026-08-04 09:30:44,29291.25,29293.75,29290.00,29292.00,287,29292.00,29292.00,0.00
2026-08-04 09:30:45,29292.50,29296.00,29290.00,29294.75,355,29294.75,29294.75,0.00
2026-08-04 09:30:46,29294.50,29296.50,29292.25,29293.25,349,29293.25,29293.25,0.00
2026-08-04 09:30:47,29293.50,29295.50,29292.00,29294.00,274,29294.00,29294.00,0.00
2026-08-04 09:30:48,29294.75,29295.00,29291.75,29293.75,177,29293.75,29293.75,0.00
2026-08-04 09:30:49,29294.00,29295.00,29292.00,29292.50,167,29292.50,29292.50,0.00
2026-08-04 09:30:50,29292.50,29293.25,29290.50,29292.25,212,29292.25,29292.25,0.00
2026-08-04 09:30:51,29293.25,29296.00,29292.00,29294.00,261,29294.00,29294.00,0.00
2026-08-04 09:30:52,29294.50,29295.50,29290.25,29291.00,153,29291.00,29291.00,0.00
2026-08-04 09:30:53,29290.75,29291.75,29286.75,29291.75,336,29291.75,29291.75,0.00
2026-08-04 09:30:54,29291.25,29299.00,29290.50,29296.25,314,29296.25,29296.25,0.00
2026-08-04 09:30:55,29296.75,29299.50,29296.50,29298.75,200,29298.75,29298.75,0.00
2026-08-04 09:30:56,29299.00,29304.50,29299.00,29299.50,646,29299.50,29299.50,0.00
2026-08-04 09:30:57,29299.25,29301.75,29297.25,29300.75,311,29300.75,29300.75,0.00
2026-08-04 09:30:58,29300.25,29302.25,29299.50,29301.00,255,29301.00,29301.00,0.00
2026-08-04 09:30:59,29301.00,29301.50,29297.50,29300.50,208,29300.50,29300.50,0.00
2026-08-04 09:31:00,29301.00,29304.25,29300.25,29303.75,196,29303.75,29303.75,0.00
2026-08-04 09:31:01,29303.50,29306.00,29300.00,29301.75,426,29301.75,29301.75,0.00
2026-08-04 09:31:02,29301.25,29307.75,29300.25,29307.75,381,29307.75,29307.75,0.00
2026-08-04 09:31:03,29308.00,29310.00,29304.75,29306.75,430,29306.75,29306.75,0.00
2026-08-04 09:31:04,29306.75,29311.75,29303.75,29305.50,405,29305.50,29305.50,0.00
2026-08-04 09:31:05,29305.50,29307.75,29302.50,29307.75,217,29307.75,29307.75,0.00
2026-08-04 09:31:06,29307.50,29310.00,29301.75,29301.75,298,29301.75,29301.75,0.00
2026-08-04 09:31:07,29302.00,29303.00,29300.00,29301.00,241,29301.00,29301.00,0.00
2026-08-04 09:31:08,29301.25,29301.75,29298.00,29299.50,299,29299.50,29299.50,0.00
2026-08-04 09:31:09,29300.25,29305.00,29298.75,29302.00,382,29302.00,29302.00,0.00
2026-08-04 09:31:10,29301.25,29302.00,29293.50,29296.00,325,29296.00,29296.00,0.00
2026-08-04 09:31:11,29295.50,29299.25,29294.00,29299.25,193,29299.25,29299.25,0.00
2026-08-04 09:31:12,29299.00,29301.25,29295.50,29295.50,156,29295.50,29295.50,0.00
2026-08-04 09:31:13,29296.25,29301.50,29293.50,29299.50,175,29299.50,29299.50,0.00
2026-08-04 09:31:14,29299.75,29303.00,29297.00,29301.50,230,29301.50,29301.50,0.00
2026-08-04 09:31:15,29301.50,29302.75,29299.00,29301.25,121,29301.25,29301.25,0.00
2026-08-04 09:31:16,29300.50,29305.00,29299.50,29303.75,160,29303.75,29303.75,0.00
2026-08-04 09:31:17,29304.00,29304.50,29298.75,29299.75,152,29299.75,29299.75,0.00
2026-08-04 09:31:18,29300.00,29302.00,29296.50,29298.50,176,29298.50,29298.50,0.00
2026-08-04 09:31:19,29298.75,29307.50,29297.50,29306.25,234,29306.25,29306.25,0.00
2026-08-04 09:31:20,29305.50,29306.25,29300.25,29302.75,243,29302.75,29302.75,0.00
2026-08-04 09:31:21,29302.25,29307.00,29302.25,29304.75,138,29304.75,29304.75,0.00
2026-08-04 09:31:22,29304.25,29308.50,29304.00,29306.25,129,29306.25,29306.25,0.00
2026-08-04 09:31:23,29305.50,29307.50,29303.25,29304.00,122,29304.00,29304.00,0.00
2026-08-04 09:31:24,29304.00,29304.75,29299.25,29301.25,155,29301.25,29301.25,0.00
2026-08-04 09:31:25,29301.50,29302.00,29299.00,29301.50,80,29301.50,29301.50,0.00
2026-08-04 09:31:26,29301.50,29302.75,29299.75,29301.75,116,29301.75,29301.75,0.00
2026-08-04 09:31:27,29301.50,29303.25,29299.75,29301.00,119,29301.00,29301.00,0.00
2026-08-04 09:31:28,29300.00,29301.50,29293.00,29295.25,172,29295.25,29295.25,0.00
2026-08-04 09:31:29,29294.50,29299.50,29292.50,29298.50,273,29298.50,29298.50,0.00
2026-08-04 09:31:30,29298.75,29302.50,29295.75,29297.00,202,29297.00,29297.00,0.00
2026-08-04 09:31:31,29296.25,29305.50,29295.75,29305.00,195,29305.00,29305.00,0.00
2026-08-04 09:31:32,29304.00,29307.25,29303.25,29304.75,175,29304.75,29304.75,0.00
2026-08-04 09:31:33,29303.75,29308.75,29303.25,29306.00,212,29306.00,29306.00,0.00
2026-08-04 09:31:34,29307.00,29307.25,29302.75,29304.50,136,29304.50,29304.50,0.00
2026-08-04 09:31:35,29304.00,29304.75,29296.00,29297.00,193,29297.00,29297.00,0.00
2026-08-04 09:31:36,29297.25,29301.50,29296.75,29298.25,126,29298.25,29298.25,0.00
2026-08-04 09:31:37,29299.25,29302.25,29295.75,29301.75,148,29301.75,29301.75,0.00
2026-08-04 09:31:38,29300.75,29301.25,29298.50,29300.50,122,29300.50,29300.50,0.00
2026-08-04 09:31:39,29300.25,29304.00,29297.75,29303.00,165,29303.00,29303.00,0.00
2026-08-04 09:31:40,29303.25,29307.00,29303.00,29305.25,154,29305.25,29305.25,0.00
2026-08-04 09:31:41,29305.25,29308.50,29303.00,29304.75,148,29304.75,29304.75,0.00
2026-08-04 09:31:42,29304.25,29309.25,29304.00,29307.25,153,29307.25,29307.25,0.00
2026-08-04 09:31:43,29307.25,29309.75,29302.50,29302.75,152,29302.75,29302.75,0.00
2026-08-04 09:31:44,29302.75,29304.00,29299.25,29300.00,145,29300.00,29300.00,0.00
2026-08-04 09:31:45,29299.00,29311.50,29299.00,29309.25,284,29309.25,29309.25,0.00
2026-08-04 09:31:46,29308.75,29311.25,29307.25,29310.75,91,29310.75,29310.75,0.00
2026-08-04 09:31:47,29310.75,29312.75,29309.25,29310.50,265,29310.50,29310.50,0.00
2026-08-04 09:31:48,29310.50,29314.75,29308.75,29308.75,278,29308.75,29308.75,0.00
2026-08-04 09:31:49,29309.25,29312.25,29309.25,29309.50,216,29309.50,29309.50,0.00
2026-08-04 09:31:50,29308.75,29312.00,29305.25,29306.25,166,29306.25,29306.25,0.00
2026-08-04 09:31:51,29306.00,29308.00,29302.50,29307.25,224,29307.25,29307.25,0.00
2026-08-04 09:31:52,29307.50,29311.00,29306.00,29309.00,118,29309.00,29309.00,0.00
2026-08-04 09:31:53,29308.50,29309.50,29305.00,29307.50,169,29307.50,29307.50,0.00
2026-08-04 09:31:54,29308.25,29310.50,29306.00,29309.50,144,29309.50,29309.50,0.00
2026-08-04 09:31:55,29309.75,29310.00,29307.50,29309.50,70,29309.50,29309.50,0.00
2026-08-04 09:31:56,29309.00,29310.50,29307.75,29307.75,94,29307.75,29307.75,0.00
2026-08-04 09:31:57,29308.50,29311.00,29307.25,29307.75,117,29307.75,29307.75,0.00
2026-08-04 09:31:58,29308.00,29311.75,29307.25,29311.50,127,29311.50,29311.50,0.00
2026-08-04 09:31:59,29310.75,29312.25,29308.50,29311.50,169,29311.50,29311.50,0.00
2026-08-04 09:32:00,29312.50,29316.25,29311.00,29316.25,188,29316.25,29316.25,0.00
2026-08-04 09:32:01,29314.25,29325.75,29314.00,29324.25,897,29324.25,29324.25,0.00
2026-08-04 09:32:02,29323.75,29327.25,29321.75,29324.00,538,29324.00,29324.00,0.00
2026-08-04 09:32:03,29323.75,29329.00,29322.75,29327.50,405,29327.50,29327.50,0.00
2026-08-04 09:32:04,29327.75,29328.75,29325.25,29327.25,420,29327.25,29327.25,0.00
2026-08-04 09:32:05,29328.00,29329.50,29326.50,29328.50,300,29328.50,29328.50,0.00
2026-08-04 09:32:06,29327.50,29327.75,29319.25,29319.50,374,29319.50,29319.50,0.00
2026-08-04 09:32:07,29319.25,29327.25,29318.25,29326.75,238,29326.75,29326.75,0.00
2026-08-04 09:32:08,29326.25,29327.25,29322.00,29322.50,258,29322.50,29322.50,0.00
2026-08-04 09:32:09,29323.25,29329.25,29323.00,29328.75,186,29328.75,29328.75,0.00
2026-08-04 09:32:10,29329.50,29331.75,29328.75,29331.50,313,29331.50,29331.50,0.00
2026-08-04 09:32:11,29331.25,29336.00,29329.75,29335.50,437,29335.50,29335.50,0.00
2026-08-04 09:32:12,29335.50,29339.25,29335.25,29337.25,319,29337.25,29337.25,0.00
2026-08-04 09:32:13,29337.75,29338.25,29334.50,29335.00,287,29335.00,29335.00,0.00
2026-08-04 09:32:14,29335.00,29337.75,29333.25,29333.75,309,29333.75,29333.75,0.00
2026-08-04 09:32:15,29333.75,29333.75,29328.00,29330.00,397,29330.00,29330.00,0.00
2026-08-04 09:32:16,29329.50,29330.75,29325.75,29328.00,362,29328.00,29328.00,0.00
2026-08-04 09:32:17,29327.75,29329.75,29326.75,29328.50,160,29328.50,29328.50,0.00
2026-08-04 09:32:18,29328.50,29333.00,29328.50,29332.25,159,29332.25,29332.25,0.00
2026-08-04 09:32:19,29332.00,29332.00,29326.00,29326.00,141,29326.00,29326.00,0.00
2026-08-04 09:32:20,29327.00,29333.25,29325.50,29333.25,170,29333.25,29333.25,0.00
2026-08-04 09:32:21,29333.25,29335.75,29332.00,29335.25,176,29335.25,29335.25,0.00
2026-08-04 09:32:22,29334.50,29336.00,29332.25,29333.25,207,29333.25,29333.25,0.00
2026-08-04 09:32:23,29333.50,29335.50,29329.50,29330.25,159,29330.25,29330.25,0.00
2026-08-04 09:32:24,29329.25,29330.50,29325.00,29325.75,242,29325.75,29325.75,0.00
2026-08-04 09:32:25,29325.75,29330.00,29325.75,29326.00,228,29326.00,29326.00,0.00
2026-08-04 09:32:26,29325.50,29326.50,29321.50,29324.00,249,29324.00,29324.00,0.00
2026-08-04 09:32:27,29324.00,29327.25,29323.50,29327.25,203,29327.25,29327.25,0.00
2026-08-04 09:32:28,29327.00,29331.00,29325.75,29331.00,224,29331.00,29331.00,0.00
2026-08-04 09:32:29,29330.75,29332.00,29325.25,29327.75,157,29327.75,29327.75,0.00
2026-08-04 09:32:30,29328.25,29332.00,29327.00,29330.00,152,29330.00,29330.00,0.00
2026-08-04 09:32:31,29329.50,29332.50,29328.00,29331.00,136,29331.00,29331.00,0.00
2026-08-04 09:32:32,29331.00,29333.75,29330.25,29333.00,145,29333.00,29333.00,0.00
2026-08-04 09:32:33,29333.00,29334.00,29331.25,29332.25,78,29332.25,29332.25,0.00
2026-08-04 09:32:34,29332.50,29333.75,29329.25,29330.25,108,29330.25,29330.25,0.00
2026-08-04 09:32:35,29329.25,29333.00,29328.75,29331.25,126,29331.25,29331.25,0.00
2026-08-04 09:32:36,29331.00,29337.25,29330.25,29336.75,172,29336.75,29336.75,0.00
2026-08-04 09:32:37,29336.50,29338.50,29333.00,29334.00,198,29334.00,29334.00,0.00
2026-08-04 09:32:38,29333.25,29334.25,29330.25,29332.00,167,29332.00,29332.00,0.00
2026-08-04 09:32:39,29332.00,29333.25,29328.75,29329.75,149,29329.75,29329.75,0.00
2026-08-04 09:32:40,29330.50,29331.75,29326.25,29327.75,215,29327.75,29327.75,0.00
2026-08-04 09:32:41,29327.25,29334.00,29326.25,29333.00,184,29333.00,29333.00,0.00
2026-08-04 09:32:42,29333.50,29337.00,29333.50,29336.00,90,29336.00,29336.00,0.00
2026-08-04 09:32:43,29336.50,29337.50,29335.75,29336.75,114,29336.75,29336.75,0.00
2026-08-04 09:32:44,29337.25,29338.50,29333.75,29334.75,205,29334.75,29334.75,0.00
2026-08-04 09:32:45,29334.75,29336.00,29333.75,29333.75,98,29333.75,29333.75,0.00
2026-08-04 09:32:46,29333.75,29336.00,29333.25,29335.25,119,29335.25,29335.25,0.00
2026-08-04 09:32:47,29335.75,29338.50,29335.50,29336.50,128,29336.50,29336.50,0.00
2026-08-04 09:32:48,29336.50,29336.50,29332.25,29333.50,123,29333.50,29333.50,0.00
2026-08-04 09:32:49,29332.25,29336.00,29332.25,29335.00,103,29335.00,29335.00,0.00
2026-08-04 09:32:50,29334.25,29335.25,29328.50,29328.50,205,29328.50,29328.50,0.00
2026-08-04 09:32:51,29330.25,29330.50,29328.00,29329.25,132,29329.25,29329.25,0.00
2026-08-04 09:32:52,29328.75,29333.75,29328.50,29331.75,156,29331.75,29331.75,0.00
2026-08-04 09:32:53,29331.75,29333.00,29330.00,29331.50,80,29331.50,29331.50,0.00
2026-08-04 09:32:54,29331.75,29332.00,29328.25,29331.25,138,29331.25,29331.25,0.00
2026-08-04 09:32:55,29331.50,29332.50,29330.25,29331.50,78,29331.50,29331.50,0.00
2026-08-04 09:32:56,29331.25,29335.75,29330.75,29333.25,147,29333.25,29333.25,0.00
2026-08-04 09:32:57,29333.00,29334.25,29330.00,29333.75,93,29333.75,29333.75,0.00
2026-08-04 09:32:58,29333.25,29336.50,29332.00,29334.50,168,29334.50,29334.50,0.00
2026-08-04 09:32:59,29335.00,29336.75,29334.50,29336.25,112,29336.25,29336.25,0.00
2026-08-04 09:33:00,29335.50,29338.25,29335.25,29335.25,120,29335.25,29335.25,0.00
2026-08-04 09:33:01,29336.75,29337.00,29332.00,29333.00,127,29333.00,29333.00,0.00
2026-08-04 09:33:02,29333.50,29335.25,29328.75,29329.75,174,29329.75,29329.75,0.00
2026-08-04 09:33:03,29329.50,29330.50,29328.50,29329.50,149,29329.50,29329.50,0.00
2026-08-04 09:33:04,29329.00,29335.00,29328.25,29333.00,124,29333.00,29333.00,0.00
2026-08-04 09:33:05,29332.25,29334.75,29331.25,29333.25,98,29333.25,29333.25,0.00
2026-08-04 09:33:06,29333.25,29335.00,29332.00,29332.00,99,29332.00,29332.00,0.00
2026-08-04 09:33:07,29333.00,29339.25,29333.00,29336.25,203,29336.25,29336.25,0.00
2026-08-04 09:33:08,29336.00,29336.25,29330.00,29332.25,245,29332.25,29332.25,0.00
2026-08-04 09:33:09,29332.50,29336.50,29332.25,29333.25,250,29333.25,29333.25,0.00
2026-08-04 09:33:10,29334.00,29334.75,29332.00,29334.00,112,29334.00,29334.00,0.00
2026-08-04 09:33:11,29334.00,29336.00,29331.75,29335.25,168,29335.25,29335.25,0.00
2026-08-04 09:33:12,29335.75,29340.50,29335.25,29339.50,240,29339.50,29339.50,0.00
2026-08-04 09:33:13,29339.25,29344.50,29338.50,29343.50,412,29343.50,29343.50,0.00
2026-08-04 09:33:14,29344.25,29344.75,29342.00,29344.75,290,29344.75,29344.75,0.00
2026-08-04 09:33:15,29344.50,29346.50,29343.25,29344.50,257,29344.50,29344.50,0.00
2026-08-04 09:33:16,29344.25,29348.75,29344.00,29348.25,364,29348.25,29348.25,0.00
2026-08-04 09:33:17,29348.00,29348.50,29344.50,29344.50,248,29344.50,29344.50,0.00
2026-08-04 09:33:18,29345.25,29346.00,29344.00,29344.50,161,29344.50,29344.50,0.00
2026-08-04 09:33:19,29345.25,29347.25,29345.00,29346.25,170,29346.25,29346.25,0.00
2026-08-04 09:33:20,29346.25,29347.00,29343.50,29345.25,141,29345.25,29345.25,0.00
2026-08-04 09:33:21,29344.75,29348.25,29344.00,29347.75,183,29347.75,29347.75,0.00
2026-08-04 09:33:22,29347.75,29348.50,29344.25,29346.00,154,29346.00,29346.00,0.00
2026-08-04 09:33:23,29345.50,29347.00,29344.00,29344.00,133,29344.00,29344.00,0.00
2026-08-04 09:33:24,29344.00,29346.50,29343.00,29346.00,159,29346.00,29346.00,0.00
2026-08-04 09:33:25,29345.50,29348.50,29345.50,29348.25,139,29348.25,29348.25,0.00
2026-08-04 09:33:26,29348.00,29348.50,29345.25,29347.50,134,29347.50,29347.50,0.00
2026-08-04 09:33:27,29348.00,29351.75,29347.75,29350.25,444,29350.25,29350.25,0.00
2026-08-04 09:33:28,29350.25,29351.00,29348.75,29349.50,159,29349.50,29349.50,0.00
2026-08-04 09:33:29,29349.50,29351.00,29348.25,29350.50,179,29350.50,29350.50,0.00
2026-08-04 09:33:30,29351.00,29351.25,29349.00,29350.75,199,29350.75,29350.75,0.00
2026-08-04 09:33:31,29351.00,29354.75,29350.25,29354.75,186,29354.75,29354.75,0.00
2026-08-04 09:33:32,29354.75,29359.75,29354.25,29357.50,500,29357.50,29357.50,0.00
2026-08-04 09:33:33,29357.75,29359.00,29356.50,29358.50,300,29358.50,29358.50,0.00
2026-08-04 09:33:34,29358.25,29361.00,29358.25,29359.50,288,29359.50,29359.50,0.00
2026-08-04 09:33:35,29359.75,29362.00,29359.25,29361.75,265,29361.75,29361.75,0.00
2026-08-04 09:33:36,29361.75,29363.25,29361.25,29362.75,212,29362.75,29362.75,0.00
2026-08-04 09:33:37,29362.25,29362.25,29358.75,29360.50,311,29360.50,29360.50,0.00
2026-08-04 09:33:38,29361.00,29362.50,29360.00,29361.25,218,29361.25,29361.25,0.00
2026-08-04 09:33:39,29361.25,29362.50,29358.75,29360.00,245,29360.00,29360.00,0.00
2026-08-04 09:33:40,29360.00,29362.75,29359.00,29360.75,152,29360.75,29360.75,0.00
2026-08-04 09:33:41,29360.25,29361.25,29359.50,29360.75,142,29360.75,29360.75,0.00
2026-08-04 09:33:42,29360.75,29361.50,29357.75,29358.25,226,29358.25,29358.25,0.00
2026-08-04 09:33:43,29358.75,29359.00,29357.00,29358.00,182,29358.00,29358.00,0.00
2026-08-04 09:33:44,29357.75,29360.75,29357.50,29359.25,192,29359.25,29359.25,0.00
2026-08-04 09:33:45,29359.25,29362.25,29358.00,29361.00,222,29361.00,29361.00,0.00
2026-08-04 09:33:46,29360.75,29361.50,29359.50,29360.25,142,29360.25,29360.25,0.00
2026-08-04 09:33:47,29360.75,29362.25,29359.75,29360.75,137,29360.75,29360.75,0.00
2026-08-04 09:33:48,29360.50,29361.75,29359.50,29360.25,165,29360.25,29360.25,0.00
2026-08-04 09:33:49,29360.50,29362.00,29359.75,29361.75,104,29361.75,29361.75,0.00
2026-08-04 09:33:50,29361.25,29362.00,29359.50,29361.50,116,29361.50,29361.50,0.00
2026-08-04 09:33:51,29361.50,29366.25,29361.50,29365.50,427,29365.50,29365.50,0.00
2026-08-04 09:33:52,29365.75,29366.50,29364.75,29366.25,168,29366.25,29366.25,0.00
2026-08-04 09:33:53,29366.00,29368.00,29364.75,29367.50,163,29367.50,29367.50,0.00
2026-08-04 09:33:54,29367.25,29368.00,29365.50,29367.25,157,29367.25,29367.25,0.00
2026-08-04 09:33:55,29366.75,29366.75,29362.25,29363.75,141,29363.75,29363.75,0.00
2026-08-04 09:33:56,29363.50,29367.50,29363.00,29367.00,198,29367.00,29367.00,0.00
2026-08-04 09:33:57,29367.25,29369.25,29365.75,29366.25,222,29366.25,29366.25,0.00
2026-08-04 09:33:58,29366.00,29367.75,29365.75,29367.25,188,29367.25,29367.25,0.00
2026-08-04 09:33:59,29367.25,29368.50,29366.00,29367.75,115,29367.75,29367.75,0.00
2026-08-04 09:34:00,29367.75,29369.00,29366.50,29368.25,181,29368.25,29368.25,0.00
2026-08-04 09:34:01,29367.50,29370.50,29367.00,29370.25,353,29370.25,29370.25,0.00
2026-08-04 09:34:02,29369.50,29372.50,29367.00,29367.50,275,29367.50,29367.50,0.00
2026-08-04 09:34:03,29367.25,29370.00,29366.50,29368.25,261,29368.25,29368.25,0.00
2026-08-04 09:34:04,29368.50,29371.00,29366.00,29371.00,197,29371.00,29371.00,0.00
2026-08-04 09:34:05,29371.00,29371.00,29364.50,29367.75,242,29367.75,29367.75,0.00
2026-08-04 09:34:06,29367.00,29368.00,29364.00,29365.50,200,29365.50,29365.50,0.00
2026-08-04 09:34:07,29366.00,29368.00,29365.50,29367.00,175,29367.00,29367.00,0.00
2026-08-04 09:34:08,29367.25,29367.25,29365.00,29367.25,164,29367.25,29367.25,0.00
2026-08-04 09:34:09,29367.50,29369.50,29366.50,29369.50,133,29369.50,29369.50,0.00
2026-08-04 09:34:10,29369.25,29372.00,29369.00,29372.00,98,29372.00,29372.00,0.00
2026-08-04 09:34:11,29371.75,29373.00,29368.75,29371.75,261,29371.75,29371.75,0.00
2026-08-04 09:34:12,29371.75,29372.00,29370.00,29371.50,129,29371.50,29371.50,0.00
2026-08-04 09:34:13,29371.25,29372.50,29370.00,29370.25,141,29370.25,29370.25,0.00
2026-08-04 09:34:14,29370.25,29371.75,29369.50,29371.00,177,29371.00,29371.00,0.00
2026-08-04 09:34:15,29371.25,29371.75,29369.50,29370.50,126,29370.50,29370.50,0.00
2026-08-04 09:34:16,29370.75,29374.00,29369.50,29373.25,176,29373.25,29373.25,0.00
2026-08-04 09:34:17,29373.50,29374.25,29369.50,29370.25,175,29370.25,29370.25,0.00
2026-08-04 09:34:18,29370.00,29370.00,29366.00,29367.25,222,29367.25,29367.25,0.00
2026-08-04 09:34:19,29367.25,29368.00,29365.25,29365.25,207,29365.25,29365.25,0.00
2026-08-04 09:34:20,29365.50,29366.25,29364.00,29365.75,184,29365.75,29365.75,0.00
2026-08-04 09:34:21,29366.00,29367.00,29364.50,29364.50,190,29364.50,29364.50,0.00
2026-08-04 09:34:22,29364.50,29366.50,29362.75,29365.75,349,29365.75,29365.75,0.00
2026-08-04 09:34:23,29366.25,29366.25,29361.25,29365.50,269,29365.50,29365.50,0.00
2026-08-04 09:34:24,29365.25,29366.00,29363.75,29365.50,152,29365.50,29365.50,0.00
2026-08-04 09:34:25,29365.25,29365.75,29362.25,29364.25,172,29364.25,29364.25,0.00
2026-08-04 09:34:26,29364.25,29366.00,29363.50,29364.50,193,29364.50,29364.50,0.00
2026-08-04 09:34:27,29365.00,29365.00,29361.50,29362.75,119,29362.75,29362.75,0.00
2026-08-04 09:34:28,29362.25,29363.50,29359.50,29360.25,253,29360.25,29360.25,0.00
2026-08-04 09:34:29,29360.25,29364.50,29360.00,29363.00,208,29363.00,29363.00,0.00
2026-08-04 09:34:30,29363.50,29366.00,29363.50,29365.50,112,29365.50,29365.50,0.00
2026-08-04 09:34:31,29365.50,29366.75,29363.25,29364.00,142,29364.00,29364.00,0.00
2026-08-04 09:34:32,29364.25,29365.75,29361.50,29362.50,132,29362.50,29362.50,0.00
2026-08-04 09:34:33,29362.50,29362.50,29360.00,29360.75,128,29360.75,29360.75,0.00
2026-08-04 09:34:34,29360.25,29362.75,29359.75,29361.25,155,29361.25,29361.25,0.00
2026-08-04 09:34:35,29361.25,29363.75,29360.75,29362.75,103,29362.75,29362.75,0.00
2026-08-04 09:34:36,29362.50,29362.50,29357.50,29359.75,188,29359.75,29359.75,0.00
2026-08-04 09:34:37,29359.50,29359.50,29354.00,29357.50,265,29357.50,29357.50,0.00
2026-08-04 09:34:38,29357.25,29358.50,29355.75,29356.50,224,29356.50,29356.50,0.00
2026-08-04 09:34:39,29356.75,29358.50,29355.50,29356.25,217,29356.25,29356.25,0.00
2026-08-04 09:34:40,29356.25,29359.00,29355.50,29356.25,173,29356.25,29356.25,0.00
2026-08-04 09:34:41,29357.00,29358.25,29355.75,29356.75,118,29356.75,29356.75,0.00
2026-08-04 09:34:42,29356.50,29357.50,29354.75,29356.50,124,29356.50,29356.50,0.00
2026-08-04 09:34:43,29356.50,29358.00,29355.25,29357.25,122,29357.25,29357.25,0.00
2026-08-04 09:34:44,29356.75,29356.75,29353.25,29354.00,173,29354.00,29354.00,0.00
2026-08-04 09:34:45,29354.25,29356.25,29353.00,29355.75,223,29355.75,29355.75,0.00
2026-08-04 09:34:46,29355.50,29357.75,29352.25,29352.25,209,29352.25,29352.25,0.00
2026-08-04 09:34:47,29352.50,29353.75,29350.50,29353.50,207,29353.50,29353.50,0.00
2026-08-04 09:34:48,29354.00,29356.00,29353.50,29355.00,248,29355.00,29355.00,0.00
2026-08-04 09:34:49,29355.00,29360.25,29355.00,29358.75,243,29358.75,29358.75,0.00
2026-08-04 09:34:50,29359.25,29363.25,29358.75,29362.75,257,29362.75,29362.75,0.00
2026-08-04 09:34:51,29362.75,29369.00,29362.75,29366.50,297,29366.50,29366.50,0.00
2026-08-04 09:34:52,29366.75,29370.25,29365.75,29369.50,135,29369.50,29369.50,0.00
2026-08-04 09:34:53,29369.75,29370.00,29366.25,29367.50,209,29367.50,29367.50,0.00
2026-08-04 09:34:54,29367.25,29373.00,29367.25,29372.50,251,29372.50,29372.50,0.00
2026-08-04 09:34:55,29372.25,29377.75,29371.75,29376.00,425,29376.00,29376.00,0.00
2026-08-04 09:34:56,29376.50,29386.25,29375.25,29380.00,1396,29380.00,29380.00,0.00
2026-08-04 09:34:57,29380.00,29383.50,29378.25,29380.50,528,29380.50,29380.50,0.00
2026-08-04 09:34:58,29380.75,29383.50,29380.00,29382.50,279,29382.50,29382.50,0.00
2026-08-04 09:34:59,29383.00,29384.25,29381.50,29382.25,332,29382.25,29382.25,0.00
2026-08-04 09:35:00,29382.25,29383.00,29380.75,29382.50,244,29382.50,29382.50,0.00
2026-08-04 09:35:01,29382.00,29385.00,29380.25,29383.25,589,29383.25,29383.25,0.00
2026-08-04 09:35:02,29383.75,29392.00,29383.50,29389.50,689,29389.50,29389.50,0.00
2026-08-04 09:35:03,29389.75,29391.50,29387.75,29389.75,415,29389.75,29389.75,0.00
2026-08-04 09:35:04,29389.50,29391.00,29387.00,29387.25,313,29387.25,29387.25,0.00
2026-08-04 09:35:05,29387.75,29389.25,29385.25,29387.75,229,29387.75,29387.75,0.00
2026-08-04 09:35:06,29387.75,29392.50,29387.00,29390.75,265,29390.75,29390.75,0.00
2026-08-04 09:35:07,29391.00,29392.75,29390.00,29391.75,274,29391.75,29391.75,0.00
2026-08-04 09:35:08,29391.75,29391.75,29386.50,29387.00,230,29387.00,29387.00,0.00
2026-08-04 09:35:09,29387.50,29391.75,29385.25,29391.75,276,29391.75,29391.75,0.00
2026-08-04 09:35:10,29391.50,29396.00,29390.75,29395.75,400,29395.75,29395.75,0.00
2026-08-04 09:35:11,29396.25,29396.25,29392.75,29394.50,347,29394.50,29394.50,0.00
2026-08-04 09:35:12,29394.75,29396.25,29392.50,29393.00,331,29393.00,29393.00,0.00
2026-08-04 09:35:13,29392.75,29394.50,29390.00,29390.50,204,29390.50,29390.50,0.00
2026-08-04 09:35:14,29390.25,29392.25,29389.00,29389.75,243,29389.75,29389.75,0.00
2026-08-04 09:35:15,29389.50,29394.75,29389.00,29393.75,165,29393.75,29393.75,0.00
2026-08-04 09:35:16,29392.75,29397.00,29392.75,29395.75,237,29395.75,29395.75,0.00
2026-08-04 09:35:17,29396.00,29396.25,29394.75,29395.25,162,29395.25,29395.25,0.00
2026-08-04 09:35:18,29395.75,29396.25,29392.00,29392.75,205,29392.75,29392.75,0.00
2026-08-04 09:35:19,29392.75,29394.25,29390.75,29392.25,213,29392.25,29392.25,0.00
2026-08-04 09:35:20,29391.75,29393.25,29390.50,29393.00,159,29393.00,29393.00,0.00
2026-08-04 09:35:21,29392.50,29393.75,29391.75,29393.00,103,29393.00,29393.00,0.00
2026-08-04 09:35:22,29392.75,29393.50,29390.75,29392.50,173,29392.50,29392.50,0.00
2026-08-04 09:35:23,29393.00,29396.75,29393.00,29395.50,187,29395.50,29395.50,0.00
2026-08-04 09:35:24,29395.75,29396.00,29391.25,29394.00,208,29394.00,29394.00,0.00
2026-08-04 09:35:25,29394.00,29394.75,29391.75,29392.50,124,29392.50,29392.50,0.00
2026-08-04 09:35:26,29392.00,29393.25,29389.25,29390.75,260,29390.75,29390.75,0.00
2026-08-04 09:35:27,29391.25,29391.75,29389.00,29389.25,153,29389.25,29389.25,0.00
2026-08-04 09:35:28,29389.00,29391.50,29389.00,29390.25,92,29390.25,29390.25,0.00
2026-08-04 09:35:29,29390.50,29393.75,29388.75,29392.25,191,29392.25,29392.25,0.00
2026-08-04 09:35:30,29392.50,29395.25,29391.75,29394.50,119,29394.50,29394.50,0.00
2026-08-04 09:35:31,29394.50,29395.50,29393.75,29395.00,93,29395.00,29395.00,0.00
2026-08-04 09:35:32,29395.25,29400.75,29395.00,29400.50,683,29400.50,29400.50,0.00
2026-08-04 09:35:33,29400.25,29402.50,29397.25,29398.75,323,29398.75,29398.75,0.00
2026-08-04 09:35:34,29398.25,29409.25,29398.00,29406.00,635,29406.00,29406.00,0.00
2026-08-04 09:35:35,29405.50,29408.75,29403.00,29408.50,270,29408.50,29408.50,0.00
2026-08-04 09:35:36,29408.25,29410.75,29407.25,29409.75,371,29409.75,29409.75,0.00
2026-08-04 09:35:37,29409.75,29409.75,29403.75,29405.00,312,29405.00,29405.00,0.00
2026-08-04 09:35:38,29404.75,29405.25,29402.50,29402.75,303,29402.75,29402.75,0.00
2026-08-04 09:35:39,29402.75,29404.75,29401.25,29403.00,180,29403.00,29403.00,0.00
2026-08-04 09:35:40,29403.25,29404.50,29399.25,29404.50,434,29404.50,29404.50,0.00
2026-08-04 09:35:41,29404.00,29407.00,29403.25,29406.75,163,29406.75,29406.75,0.00
2026-08-04 09:35:42,29407.00,29409.00,29404.00,29404.00,235,29404.00,29404.00,0.00
2026-08-04 09:35:43,29403.75,29405.25,29403.00,29404.00,199,29404.00,29404.00,0.00
2026-08-04 09:35:44,29403.75,29404.50,29403.00,29404.00,149,29404.00,29404.00,0.00
2026-08-04 09:35:45,29403.75,29406.75,29403.75,29405.50,150,29405.50,29405.50,0.00
2026-08-04 09:35:46,29405.50,29408.25,29404.50,29406.25,214,29406.25,29406.25,0.00
2026-08-04 09:35:47,29406.25,29407.00,29405.00,29405.25,119,29405.25,29405.25,0.00
2026-08-04 09:35:48,29405.25,29407.00,29403.75,29406.00,162,29406.00,29406.00,0.00
2026-08-04 09:35:49,29406.00,29406.75,29405.00,29406.25,95,29406.25,29406.25,0.00
2026-08-04 09:35:50,29406.00,29410.25,29406.00,29410.25,182,29410.25,29410.25,0.00
2026-08-04 09:35:51,29409.75,29410.25,29406.75,29406.75,175,29406.75,29406.75,0.00
2026-08-04 09:35:52,29407.00,29408.75,29406.25,29408.00,145,29408.00,29408.00,0.00
2026-08-04 09:35:53,29408.00,29409.75,29405.00,29406.75,298,29406.75,29406.75,0.00
2026-08-04 09:35:54,29407.25,29408.25,29405.75,29407.75,142,29407.75,29407.75,0.00
2026-08-04 09:35:55,29407.25,29408.00,29404.00,29405.50,146,29405.50,29405.50,0.00
2026-08-04 09:35:56,29405.50,29408.25,29404.25,29405.75,143,29405.75,29405.75,0.00
2026-08-04 09:35:57,29405.50,29407.00,29403.25,29406.00,180,29406.00,29406.00,0.00
2026-08-04 09:35:58,29406.00,29408.00,29406.00,29407.50,102,29407.50,29407.50,0.00
2026-08-04 09:35:59,29406.75,29409.75,29405.50,29405.75,194,29405.75,29405.75,0.00
2026-08-04 09:36:00,29405.75,29407.25,29402.75,29403.00,161,29403.00,29403.00,0.00
2026-08-04 09:36:01,29402.75,29405.25,29401.00,29404.25,446,29404.25,29404.25,0.00
2026-08-04 09:36:02,29404.75,29410.00,29403.25,29407.75,382,29407.75,29407.75,0.00
2026-08-04 09:36:03,29407.50,29411.75,29407.00,29408.25,342,29408.25,29408.25,0.00
2026-08-04 09:36:04,29408.50,29411.25,29405.75,29409.50,240,29409.50,29409.50,0.00
2026-08-04 09:36:05,29409.50,29413.00,29407.50,29408.50,336,29408.50,29408.50,0.00
2026-08-04 09:36:06,29408.50,29409.25,29405.25,29408.75,305,29408.75,29408.75,0.00
2026-08-04 09:36:07,29409.00,29409.00,29403.00,29404.50,340,29404.50,29404.50,0.00
2026-08-04 09:36:08,29404.50,29411.00,29403.50,29408.00,242,29408.00,29408.00,0.00
2026-08-04 09:36:09,29407.50,29409.25,29405.25,29405.75,224,29405.75,29405.75,0.00
2026-08-04 09:36:10,29405.25,29407.00,29403.50,29405.00,169,29405.00,29405.00,0.00
2026-08-04 09:36:11,29405.00,29408.75,29404.50,29408.50,207,29408.50,29408.50,0.00
2026-08-04 09:36:12,29408.00,29410.25,29405.50,29410.00,208,29410.00,29410.00,0.00
2026-08-04 09:36:13,29409.50,29412.25,29408.50,29411.75,171,29411.75,29411.75,0.00
2026-08-04 09:36:14,29412.25,29412.75,29408.75,29410.25,143,29410.25,29410.25,0.00
2026-08-04 09:36:15,29410.00,29410.50,29406.00,29406.50,96,29406.50,29406.50,0.00
2026-08-04 09:36:16,29406.75,29410.00,29405.75,29409.00,153,29409.00,29409.00,0.00
2026-08-04 09:36:17,29410.00,29413.25,29410.00,29411.50,168,29411.50,29411.50,0.00
2026-08-04 09:36:18,29411.50,29412.00,29409.25,29409.25,138,29409.25,29409.25,0.00
2026-08-04 09:36:19,29409.75,29410.25,29405.50,29407.00,210,29407.00,29407.00,0.00
2026-08-04 09:36:20,29406.25,29408.75,29404.50,29408.00,207,29408.00,29408.00,0.00
2026-08-04 09:36:21,29408.25,29408.75,29404.00,29407.25,242,29407.25,29407.25,0.00
2026-08-04 09:36:22,29407.25,29408.25,29405.25,29407.00,212,29407.00,29407.00,0.00
2026-08-04 09:36:23,29407.00,29409.25,29405.00,29405.00,144,29405.00,29405.00,0.00
2026-08-04 09:36:24,29405.75,29408.75,29405.50,29406.25,128,29406.25,29406.25,0.00
2026-08-04 09:36:25,29406.50,29408.00,29406.00,29407.25,65,29407.25,29407.25,0.00
2026-08-04 09:36:26,29406.25,29408.75,29405.25,29408.25,106,29408.25,29408.25,0.00
2026-08-04 09:36:27,29408.75,29411.75,29407.50,29410.00,148,29410.00,29410.00,0.00
2026-08-04 09:36:28,29409.75,29410.25,29406.75,29407.25,98,29407.25,29407.25,0.00
2026-08-04 09:36:29,29407.50,29411.75,29407.00,29411.00,127,29411.00,29411.00,0.00
2026-08-04 09:36:30,29411.75,29411.75,29408.50,29409.75,161,29409.75,29409.75,0.00
2026-08-04 09:36:31,29409.50,29410.25,29407.25,29410.00,113,29410.00,29410.00,0.00
2026-08-04 09:36:32,29409.50,29410.25,29408.25,29409.00,103,29409.00,29409.00,0.00
2026-08-04 09:36:33,29408.25,29408.50,29403.75,29404.25,158,29404.25,29404.25,0.00
2026-08-04 09:36:34,29404.25,29406.50,29403.75,29405.25,133,29405.25,29405.25,0.00
2026-08-04 09:36:35,29405.00,29406.25,29403.50,29405.25,186,29405.25,29405.25,0.00
2026-08-04 09:36:36,29406.00,29408.75,29405.00,29406.25,122,29406.25,29406.25,0.00
2026-08-04 09:36:37,29406.50,29408.50,29405.50,29406.50,82,29406.50,29406.50,0.00
2026-08-04 09:36:38,29407.00,29407.50,29404.00,29405.00,62,29405.00,29405.00,0.00
2026-08-04 09:36:39,29405.50,29407.00,29404.25,29404.75,102,29404.75,29404.75,0.00
2026-08-04 09:36:40,29404.50,29405.75,29403.50,29405.75,96,29405.75,29405.75,0.00
2026-08-04 09:36:41,29405.50,29405.50,29403.25,29404.00,75,29404.00,29404.00,0.00
2026-08-04 09:36:42,29404.00,29404.25,29401.50,29403.25,192,29403.25,29403.25,0.00
2026-08-04 09:36:43,29403.00,29404.75,29402.00,29402.25,114,29402.25,29402.25,0.00
2026-08-04 09:36:44,29402.25,29403.00,29398.25,29400.00,395,29400.00,29400.00,0.00
2026-08-04 09:36:45,29400.25,29400.50,29396.00,29399.25,427,29399.25,29399.25,0.00
2026-08-04 09:36:46,29399.25,29400.25,29398.00,29398.00,223,29398.00,29398.00,0.00
2026-08-04 09:36:47,29398.25,29398.25,29395.25,29397.00,252,29397.00,29397.00,0.00
2026-08-04 09:36:48,29397.50,29399.25,29393.00,29395.25,309,29395.25,29395.25,0.00
2026-08-04 09:36:49,29395.75,29401.50,29395.75,29401.25,163,29401.25,29401.25,0.00
2026-08-04 09:36:50,29401.50,29402.00,29398.50,29400.25,180,29400.25,29400.25,0.00
2026-08-04 09:36:51,29400.00,29400.00,29396.75,29397.00,121,29397.00,29397.00,0.00
2026-08-04 09:36:52,29397.25,29399.75,29397.00,29398.50,116,29398.50,29398.50,0.00
2026-08-04 09:36:53,29398.00,29398.75,29389.25,29391.00,451,29391.00,29391.00,0.00
2026-08-04 09:36:54,29391.00,29393.00,29387.00,29387.50,412,29387.50,29387.50,0.00
2026-08-04 09:36:55,29387.75,29388.75,29382.00,29388.25,593,29388.25,29388.25,0.00
2026-08-04 09:36:56,29387.50,29389.50,29386.75,29388.00,361,29388.00,29388.00,0.00
2026-08-04 09:36:57,29387.75,29388.50,29383.25,29387.50,289,29387.50,29387.50,0.00
2026-08-04 09:36:58,29387.75,29389.00,29386.50,29387.00,117,29387.00,29387.00,0.00
2026-08-04 09:36:59,29387.75,29389.50,29386.50,29388.25,208,29388.25,29388.25,0.00
2026-08-04 09:37:00,29388.50,29388.50,29385.25,29386.25,175,29386.25,29386.25,0.00
2026-08-04 09:37:01,29385.50,29389.50,29384.75,29386.25,327,29386.25,29386.25,0.00
2026-08-04 09:37:02,29386.25,29386.25,29380.50,29383.25,307,29383.25,29383.25,0.00
2026-08-04 09:37:03,29383.25,29385.75,29381.25,29382.25,263,29382.25,29382.25,0.00
2026-08-04 09:37:04,29383.25,29383.25,29376.25,29377.25,645,29377.25,29377.25,0.00
2026-08-04 09:37:05,29377.25,29380.50,29376.00,29380.50,542,29380.50,29380.50,0.00
2026-08-04 09:37:06,29380.75,29382.25,29378.00,29379.25,401,29379.25,29379.25,0.00
2026-08-04 09:37:07,29379.00,29382.75,29377.25,29382.00,268,29382.00,29382.00,0.00
2026-08-04 09:37:08,29383.25,29388.50,29379.50,29379.75,389,29379.75,29379.75,0.00
2026-08-04 09:37:09,29379.50,29380.50,29375.25,29378.50,278,29378.50,29378.50,0.00
2026-08-04 09:37:10,29378.00,29380.75,29377.00,29378.50,160,29378.50,29378.50,0.00
2026-08-04 09:37:11,29378.00,29378.50,29374.25,29375.75,220,29375.75,29375.75,0.00
2026-08-04 09:37:12,29376.50,29377.00,29370.00,29371.25,401,29371.25,29371.25,0.00
2026-08-04 09:37:13,29371.25,29376.00,29371.25,29373.25,279,29373.25,29373.25,0.00
2026-08-04 09:37:14,29374.00,29377.75,29373.25,29377.75,250,29377.75,29377.75,0.00
2026-08-04 09:37:15,29377.50,29378.00,29373.25,29373.25,173,29373.25,29373.25,0.00
2026-08-04 09:37:16,29373.75,29375.25,29372.50,29373.50,136,29373.50,29373.50,0.00
2026-08-04 09:37:17,29373.75,29375.75,29373.25,29375.25,173,29375.25,29375.25,0.00
2026-08-04 09:37:18,29375.00,29377.25,29371.75,29372.25,312,29372.25,29372.25,0.00
2026-08-04 09:37:19,29372.25,29372.25,29366.25,29367.50,389,29367.50,29367.50,0.00
2026-08-04 09:37:20,29368.25,29372.00,29366.50,29367.25,389,29367.25,29367.25,0.00
2026-08-04 09:37:21,29367.75,29372.75,29366.00,29369.00,397,29369.00,29369.00,0.00
2026-08-04 09:37:22,29369.50,29369.75,29365.50,29367.25,184,29367.25,29367.25,0.00
2026-08-04 09:37:23,29367.50,29370.25,29366.25,29370.00,136,29370.00,29370.00,0.00
2026-08-04 09:37:24,29370.00,29370.25,29365.25,29366.50,206,29366.50,29366.50,0.00
2026-08-04 09:37:25,29366.00,29368.00,29365.00,29365.00,190,29365.00,29365.00,0.00
2026-08-04 09:37:26,29365.50,29367.00,29362.25,29366.25,243,29366.25,29366.25,0.00
2026-08-04 09:37:27,29366.25,29370.50,29364.25,29365.75,275,29365.75,29365.75,0.00
2026-08-04 09:37:28,29365.75,29365.75,29363.50,29364.50,181,29364.50,29364.50,0.00
2026-08-04 09:37:29,29364.50,29366.25,29362.50,29363.50,268,29363.50,29363.50,0.00
2026-08-04 09:37:30,29363.25,29364.50,29359.00,29363.25,413,29363.25,29363.25,0.00
2026-08-04 09:37:31,29363.25,29363.50,29359.25,29361.50,343,29361.50,29361.50,0.00
2026-08-04 09:37:32,29362.50,29363.75,29361.25,29362.25,240,29362.25,29362.25,0.00
2026-08-04 09:37:33,29361.75,29364.00,29360.00,29364.00,202,29364.00,29364.00,0.00
2026-08-04 09:37:34,29363.50,29363.75,29359.75,29361.50,144,29361.50,29361.50,0.00
2026-08-04 09:37:35,29360.00,29361.75,29358.75,29360.75,204,29360.75,29360.75,0.00
2026-08-04 09:37:36,29360.50,29362.50,29360.00,29361.25,153,29361.25,29361.25,0.00
2026-08-04 09:37:37,29361.75,29364.25,29361.00,29363.50,116,29363.50,29363.50,0.00
2026-08-04 09:37:38,29363.00,29363.75,29361.50,29362.25,176,29362.25,29362.25,0.00
2026-08-04 09:37:39,29362.50,29363.00,29360.50,29362.00,171,29362.00,29362.00,0.00
2026-08-04 09:37:40,29362.25,29367.00,29361.00,29365.00,424,29365.00,29365.00,0.00
2026-08-04 09:37:41,29364.75,29365.00,29361.25,29364.25,240,29364.25,29364.25,0.00
2026-08-04 09:37:42,29364.50,29366.25,29363.25,29366.25,188,29366.25,29366.25,0.00
2026-08-04 09:37:43,29367.00,29369.75,29363.75,29369.75,239,29369.75,29369.75,0.00
2026-08-04 09:37:44,29369.75,29373.75,29368.75,29369.50,345,29369.50,29369.50,0.00
2026-08-04 09:37:45,29369.75,29373.50,29369.00,29371.50,223,29371.50,29371.50,0.00
2026-08-04 09:37:46,29372.00,29375.00,29370.00,29373.25,280,29373.25,29373.25,0.00
2026-08-04 09:37:47,29372.75,29372.75,29368.75,29371.00,238,29371.00,29371.00,0.00
2026-08-04 09:37:48,29370.25,29370.50,29365.50,29365.75,204,29365.75,29365.75,0.00
2026-08-04 09:37:49,29366.75,29367.50,29364.00,29365.00,105,29365.00,29365.00,0.00
2026-08-04 09:37:50,29365.25,29367.25,29363.75,29366.00,156,29366.00,29366.00,0.00
2026-08-04 09:37:51,29366.75,29369.50,29365.25,29369.00,75,29369.00,29369.00,0.00
2026-08-04 09:37:52,29369.00,29369.75,29366.00,29368.75,135,29368.75,29368.75,0.00
2026-08-04 09:37:53,29368.50,29373.00,29367.50,29368.25,180,29368.25,29368.25,0.00
2026-08-04 09:37:54,29368.00,29372.25,29368.00,29372.25,161,29372.25,29372.25,0.00
2026-08-04 09:37:55,29372.25,29378.00,29372.00,29377.25,219,29377.25,29377.25,0.00
2026-08-04 09:37:56,29377.25,29378.00,29375.00,29377.00,227,29377.00,29377.00,0.00
2026-08-04 09:37:57,29376.50,29377.25,29373.00,29374.50,123,29374.50,29374.50,0.00
2026-08-04 09:37:58,29374.25,29376.50,29371.50,29376.50,165,29376.50,29376.50,0.00
2026-08-04 09:37:59,29376.50,29379.00,29376.25,29377.00,146,29377.00,29377.00,0.00
2026-08-04 09:38:00,29376.75,29377.75,29374.75,29377.25,166,29377.25,29377.25,0.00
2026-08-04 09:38:01,29377.50,29380.75,29375.50,29380.00,307,29380.00,29380.00,0.00
2026-08-04 09:38:02,29380.75,29390.25,29380.25,29388.75,595,29388.75,29388.75,0.00
2026-08-04 09:38:03,29389.25,29394.75,29388.00,29391.50,556,29391.50,29391.50,0.00
2026-08-04 09:38:04,29391.00,29397.75,29390.50,29394.25,508,29394.25,29394.25,0.00
2026-08-04 09:38:05,29394.00,29394.75,29391.75,29392.25,310,29392.25,29392.25,0.00
2026-08-04 09:38:06,29392.50,29401.75,29392.25,29400.00,350,29400.00,29400.00,0.00
2026-08-04 09:38:07,29400.50,29402.00,29396.75,29398.50,456,29398.50,29398.50,0.00
2026-08-04 09:38:08,29398.50,29400.75,29397.25,29399.25,383,29399.25,29399.25,0.00
2026-08-04 09:38:09,29399.25,29409.00,29398.75,29402.50,660,29402.50,29402.50,0.00
2026-08-04 09:38:10,29402.25,29406.00,29400.50,29405.50,474,29405.50,29405.50,0.00
2026-08-04 09:38:11,29405.75,29409.75,29405.75,29408.75,365,29408.75,29408.75,0.00
2026-08-04 09:38:12,29409.75,29410.00,29406.75,29408.00,349,29408.00,29408.00,0.00
2026-08-04 09:38:13,29407.75,29409.00,29406.25,29407.50,282,29407.50,29407.50,0.00
2026-08-04 09:38:14,29407.25,29408.25,29399.50,29400.00,314,29400.00,29400.00,0.00
2026-08-04 09:38:15,29400.25,29402.00,29398.00,29398.50,246,29398.50,29398.50,0.00
2026-08-04 09:38:16,29398.75,29402.50,29398.25,29398.50,344,29398.50,29398.50,0.00
2026-08-04 09:38:17,29399.25,29403.75,29398.50,29403.25,193,29403.25,29403.25,0.00
2026-08-04 09:38:18,29404.00,29404.50,29401.00,29403.25,130,29403.25,29403.25,0.00
2026-08-04 09:38:19,29404.00,29404.00,29400.75,29403.00,110,29403.00,29403.00,0.00
2026-08-04 09:38:20,29402.25,29402.75,29397.75,29398.00,196,29398.00,29398.00,0.00
2026-08-04 09:38:21,29398.25,29400.00,29393.25,29393.50,353,29393.50,29393.50,0.00
2026-08-04 09:38:22,29393.75,29396.75,29393.25,29396.00,168,29396.00,29396.00,0.00
2026-08-04 09:38:23,29396.00,29397.00,29393.25,29393.50,163,29393.50,29393.50,0.00
2026-08-04 09:38:24,29393.50,29393.50,29389.25,29391.50,276,29391.50,29391.50,0.00
2026-08-04 09:38:25,29391.25,29394.00,29388.75,29393.50,213,29393.50,29393.50,0.00
2026-08-04 09:38:26,29393.00,29394.00,29390.00,29391.75,191,29391.75,29391.75,0.00
2026-08-04 09:38:27,29391.75,29391.75,29388.50,29389.25,155,29389.25,29389.25,0.00
2026-08-04 09:38:28,29389.50,29389.50,29386.50,29386.75,180,29386.75,29386.75,0.00
2026-08-04 09:38:29,29386.50,29389.75,29384.50,29384.75,282,29384.75,29384.75,0.00
2026-08-04 09:38:30,29384.75,29388.25,29384.75,29386.00,146,29386.00,29386.00,0.00
2026-08-04 09:38:31,29386.00,29386.00,29382.25,29385.00,213,29385.00,29385.00,0.00
2026-08-04 09:38:32,29384.00,29385.50,29382.75,29383.75,125,29383.75,29383.75,0.00
2026-08-04 09:38:33,29384.25,29384.75,29380.00,29380.75,273,29380.75,29380.75,0.00
2026-08-04 09:38:34,29380.75,29381.00,29376.75,29379.75,320,29379.75,29379.75,0.00
2026-08-04 09:38:35,29379.75,29379.75,29374.00,29375.00,299,29375.00,29375.00,0.00
2026-08-04 09:38:36,29374.75,29374.75,29370.00,29374.00,355,29374.00,29374.00,0.00
2026-08-04 09:38:37,29373.75,29374.50,29368.75,29369.50,321,29369.50,29369.50,0.00
2026-08-04 09:38:38,29369.25,29369.50,29365.25,29365.50,340,29365.50,29365.50,0.00
2026-08-04 09:38:39,29365.25,29370.50,29364.25,29369.00,355,29369.00,29369.00,0.00
2026-08-04 09:38:40,29369.00,29373.00,29368.00,29371.25,272,29371.25,29371.25,0.00
2026-08-04 09:38:41,29370.75,29372.00,29369.00,29369.75,92,29369.75,29369.75,0.00
2026-08-04 09:38:42,29369.50,29370.25,29365.25,29368.00,168,29368.00,29368.00,0.00
2026-08-04 09:38:43,29366.00,29366.50,29363.75,29366.00,169,29366.00,29366.00,0.00
2026-08-04 09:38:44,29365.00,29367.50,29361.75,29366.75,420,29366.75,29366.75,0.00
2026-08-04 09:38:45,29367.00,29367.25,29363.00,29363.50,164,29363.50,29363.50,0.00
2026-08-04 09:38:46,29362.50,29365.00,29361.25,29361.50,198,29361.50,29361.50,0.00
2026-08-04 09:38:47,29362.00,29364.75,29361.75,29364.25,147,29364.25,29364.25,0.00
2026-08-04 09:38:48,29364.25,29366.75,29363.50,29365.75,135,29365.75,29365.75,0.00
2026-08-04 09:38:49,29366.00,29366.00,29360.75,29363.75,222,29363.75,29363.75,0.00
2026-08-04 09:38:50,29363.00,29364.00,29360.25,29361.75,280,29361.75,29361.75,0.00
2026-08-04 09:38:51,29361.75,29362.50,29359.00,29361.75,158,29361.75,29361.75,0.00
2026-08-04 09:38:52,29362.00,29362.00,29358.25,29362.00,182,29362.00,29362.00,0.00
2026-08-04 09:38:53,29361.25,29362.00,29358.00,29359.75,196,29359.75,29359.75,0.00
2026-08-04 09:38:54,29359.25,29363.25,29359.00,29362.50,113,29362.50,29362.50,0.00
2026-08-04 09:38:55,29363.00,29370.00,29361.50,29369.25,255,29369.25,29369.25,0.00
2026-08-04 09:38:56,29369.00,29369.25,29366.50,29368.50,178,29368.50,29368.50,0.00
2026-08-04 09:38:57,29368.00,29368.50,29362.75,29364.25,148,29364.25,29364.25,0.00
2026-08-04 09:38:58,29364.00,29364.25,29361.00,29363.25,116,29363.25,29363.25,0.00
2026-08-04 09:38:59,29363.25,29365.25,29361.50,29364.25,128,29364.25,29364.25,0.00
2026-08-04 09:39:00,29363.25,29363.25,29360.25,29361.00,92,29361.00,29361.00,0.00
2026-08-04 09:39:01,29361.50,29364.75,29358.25,29358.75,292,29358.75,29358.75,0.00
2026-08-04 09:39:02,29358.75,29360.75,29352.50,29360.75,590,29360.75,29360.75,0.00
2026-08-04 09:39:03,29360.75,29366.00,29359.25,29360.25,344,29360.25,29360.25,0.00
2026-08-04 09:39:04,29360.75,29362.00,29359.00,29361.00,144,29361.00,29361.00,0.00
2026-08-04 09:39:05,29361.00,29363.75,29359.75,29362.50,201,29362.50,29362.50,0.00
2026-08-04 09:39:06,29362.25,29366.75,29360.50,29366.25,259,29366.25,29366.25,0.00
2026-08-04 09:39:07,29367.50,29373.00,29367.00,29371.00,399,29371.00,29371.00,0.00
2026-08-04 09:39:08,29371.00,29374.00,29370.50,29371.00,240,29371.00,29371.00,0.00
2026-08-04 09:39:09,29371.00,29374.75,29370.00,29374.25,183,29374.25,29374.25,0.00
2026-08-04 09:39:10,29374.25,29375.75,29370.50,29374.00,194,29374.00,29374.00,0.00
2026-08-04 09:39:11,29373.50,29374.00,29369.50,29371.50,174,29371.50,29371.50,0.00
2026-08-04 09:39:12,29371.50,29373.75,29370.25,29370.50,129,29370.50,29370.50,0.00
2026-08-04 09:39:13,29371.25,29372.75,29369.25,29370.75,110,29370.75,29370.75,0.00
2026-08-04 09:39:14,29371.25,29376.25,29371.00,29374.75,210,29374.75,29374.75,0.00
2026-08-04 09:39:15,29375.00,29376.25,29371.75,29372.50,111,29372.50,29372.50,0.00
2026-08-04 09:39:16,29372.00,29372.75,29364.75,29368.75,197,29368.75,29368.75,0.00
2026-08-04 09:39:17,29369.25,29370.25,29367.50,29368.50,109,29368.50,29368.50,0.00
2026-08-04 09:39:18,29367.75,29367.75,29362.75,29364.25,131,29364.25,29364.25,0.00
2026-08-04 09:39:19,29365.00,29365.50,29359.75,29360.00,258,29360.00,29360.00,0.00
2026-08-04 09:39:20,29361.00,29364.25,29359.75,29363.25,126,29363.25,29363.25,0.00
2026-08-04 09:39:21,29364.25,29366.75,29363.75,29365.25,142,29365.25,29365.25,0.00
2026-08-04 09:39:22,29365.50,29365.50,29361.00,29362.00,128,29362.00,29362.00,0.00
2026-08-04 09:39:23,29362.25,29367.50,29362.25,29365.75,116,29365.75,29365.75,0.00
2026-08-04 09:39:24,29366.25,29368.50,29365.75,29366.75,111,29366.75,29366.75,0.00
2026-08-04 09:39:25,29366.00,29367.50,29363.75,29364.50,129,29364.50,29364.50,0.00
2026-08-04 09:39:26,29364.00,29364.00,29360.75,29362.75,159,29362.75,29362.75,0.00
2026-08-04 09:39:27,29363.50,29370.75,29363.50,29368.50,210,29368.50,29368.50,0.00
2026-08-04 09:39:28,29368.75,29373.75,29368.50,29373.00,287,29373.00,29373.00,0.00
2026-08-04 09:39:29,29373.50,29375.50,29371.75,29373.25,159,29373.25,29373.25,0.00
2026-08-04 09:39:30,29373.50,29373.75,29371.00,29373.75,79,29373.75,29373.75,0.00
2026-08-04 09:39:31,29374.25,29380.50,29373.25,29378.50,330,29378.50,29378.50,0.00
2026-08-04 09:39:32,29378.50,29382.25,29377.50,29381.00,198,29381.00,29381.00,0.00
2026-08-04 09:39:33,29381.00,29382.25,29379.25,29380.00,343,29380.00,29380.00,0.00
2026-08-04 09:39:34,29379.25,29380.50,29377.50,29379.75,198,29379.75,29379.75,0.00
2026-08-04 09:39:35,29379.25,29380.00,29376.50,29377.50,104,29377.50,29377.50,0.00
2026-08-04 09:39:36,29377.25,29380.00,29377.00,29378.50,83,29378.50,29378.50,0.00
2026-08-04 09:39:37,29378.00,29380.75,29375.00,29380.75,137,29380.75,29380.75,0.00
2026-08-04 09:39:38,29380.25,29381.75,29376.00,29376.00,163,29376.00,29376.00,0.00
2026-08-04 09:39:39,29376.25,29381.50,29376.00,29380.25,93,29380.25,29380.25,0.00
2026-08-04 09:39:40,29379.50,29385.00,29379.25,29383.50,190,29383.50,29383.50,0.00
2026-08-04 09:39:41,29383.50,29384.75,29378.50,29379.25,209,29379.25,29379.25,0.00
2026-08-04 09:39:42,29378.75,29380.75,29378.00,29378.50,115,29378.50,29378.50,0.00
2026-08-04 09:39:43,29379.00,29379.00,29375.50,29377.25,138,29377.25,29377.25,0.00
2026-08-04 09:39:44,29377.25,29378.75,29375.25,29378.25,106,29378.25,29378.25,0.00
2026-08-04 09:39:45,29377.25,29381.75,29376.75,29380.50,152,29380.50,29380.50,0.00
2026-08-04 09:39:46,29379.75,29384.50,29379.25,29383.50,110,29383.50,29383.50,0.00
2026-08-04 09:39:47,29383.50,29384.50,29381.00,29381.50,112,29381.50,29381.50,0.00
2026-08-04 09:39:48,29381.50,29383.50,29379.00,29383.50,111,29383.50,29383.50,0.00
2026-08-04 09:39:49,29382.25,29382.25,29377.50,29377.50,108,29377.50,29377.50,0.00
2026-08-04 09:39:50,29377.75,29379.75,29376.50,29377.25,156,29377.25,29377.25,0.00
2026-08-04 09:39:51,29377.25,29378.00,29373.75,29374.75,163,29374.75,29374.75,0.00
2026-08-04 09:39:52,29374.25,29383.25,29373.50,29379.75,113,29379.75,29379.75,0.00
2026-08-04 09:39:53,29379.25,29380.50,29378.00,29379.00,83,29379.00,29379.00,0.00
2026-08-04 09:39:54,29379.25,29382.25,29378.00,29382.25,120,29382.25,29382.25,0.00
2026-08-04 09:39:55,29382.50,29384.75,29382.50,29384.50,168,29384.50,29384.50,0.00
2026-08-04 09:39:56,29384.50,29387.75,29383.50,29387.50,312,29387.50,29387.50,0.00
2026-08-04 09:39:57,29386.75,29388.25,29384.00,29387.50,188,29387.50,29387.50,0.00
2026-08-04 09:39:58,29387.25,29391.50,29386.00,29387.50,331,29387.50,29387.50,0.00
2026-08-04 09:39:59,29388.00,29391.25,29386.00,29390.25,207,29390.25,29390.25,0.00
2026-08-04 09:40:00,29390.50,29394.25,29389.00,29393.00,245,29393.00,29393.00,0.00
2026-08-04 09:40:01,29392.75,29400.25,29392.50,29398.75,786,29398.75,29398.75,0.00
2026-08-04 09:40:02,29399.25,29408.75,29399.25,29407.50,749,29407.50,29407.50,0.00
2026-08-04 09:40:03,29407.25,29419.50,29407.25,29410.00,1622,29410.00,29410.00,0.00
2026-08-04 09:40:04,29410.50,29412.75,29407.75,29409.00,630,29409.00,29409.00,0.00
2026-08-04 09:40:05,29409.25,29415.00,29408.75,29412.25,488,29412.25,29412.25,0.00
2026-08-04 09:40:06,29412.75,29413.25,29409.50,29410.00,420,29410.00,29410.00,0.00
2026-08-04 09:40:07,29410.00,29412.50,29408.75,29410.50,309,29410.50,29410.50,0.00
2026-08-04 09:40:08,29411.00,29411.00,29407.50,29410.75,243,29410.75,29410.75,0.00
2026-08-04 09:40:09,29410.75,29413.50,29409.75,29411.75,189,29411.75,29411.75,0.00
2026-08-04 09:40:10,29411.25,29415.75,29410.00,29411.50,331,29411.50,29411.50,0.00
2026-08-04 09:40:11,29412.00,29412.00,29408.75,29410.50,319,29410.50,29410.50,0.00
2026-08-04 09:40:12,29410.75,29410.75,29404.00,29407.75,249,29407.75,29407.75,0.00
2026-08-04 09:40:13,29408.50,29410.00,29404.50,29407.00,196,29407.00,29407.00,0.00
2026-08-04 09:40:14,29406.75,29412.50,29406.25,29412.25,179,29412.25,29412.25,0.00
2026-08-04 09:40:15,29411.75,29415.50,29411.75,29414.00,182,29414.00,29414.00,0.00
2026-08-04 09:40:16,29414.00,29414.75,29410.50,29413.00,203,29413.00,29413.00,0.00
2026-08-04 09:40:17,29413.50,29415.00,29408.75,29410.25,268,29410.25,29410.25,0.00
2026-08-04 09:40:18,29410.25,29412.25,29406.75,29408.25,182,29408.25,29408.25,0.00
2026-08-04 09:40:19,29409.00,29410.00,29406.25,29408.75,172,29408.75,29408.75,0.00
2026-08-04 09:40:20,29408.50,29408.75,29406.50,29408.00,137,29408.00,29408.00,0.00
2026-08-04 09:40:21,29407.75,29409.00,29404.50,29408.25,221,29408.25,29408.25,0.00
2026-08-04 09:40:22,29407.25,29408.75,29403.25,29408.75,217,29408.75,29408.75,0.00
2026-08-04 09:40:23,29408.25,29411.25,29408.00,29411.00,113,29411.00,29411.00,0.00
2026-08-04 09:40:24,29410.50,29411.25,29407.50,29409.00,121,29409.00,29409.00,0.00
2026-08-04 09:40:25,29409.25,29410.25,29408.25,29408.25,87,29408.25,29408.25,0.00
2026-08-04 09:40:26,29408.75,29410.25,29407.25,29409.25,100,29409.25,29409.25,0.00
2026-08-04 09:40:27,29408.50,29410.75,29408.00,29409.00,98,29409.00,29409.00,0.00
2026-08-04 09:40:28,29408.50,29410.25,29407.00,29407.50,115,29407.50,29407.50,0.00
2026-08-04 09:40:29,29408.25,29408.75,29404.25,29404.50,162,29404.50,29404.50,0.00
2026-08-04 09:40:30,29405.00,29408.50,29404.75,29407.50,138,29407.50,29407.50,0.00
2026-08-04 09:40:31,29407.75,29409.50,29399.25,29401.50,287,29401.50,29401.50,0.00
2026-08-04 09:40:32,29401.00,29404.75,29400.75,29403.50,314,29403.50,29403.50,0.00
2026-08-04 09:40:33,29403.50,29403.75,29399.75,29401.25,225,29401.25,29401.25,0.00
2026-08-04 09:40:34,29400.75,29402.25,29398.75,29401.75,180,29401.75,29401.75,0.00
2026-08-04 09:40:35,29402.00,29404.00,29400.00,29401.50,164,29401.50,29401.50,0.00
2026-08-04 09:40:36,29401.50,29403.50,29399.50,29402.25,133,29402.25,29402.25,0.00
2026-08-04 09:40:37,29401.25,29405.00,29399.75,29403.75,124,29403.75,29403.75,0.00
2026-08-04 09:40:38,29403.75,29403.75,29394.00,29395.00,374,29395.00,29395.00,0.00
2026-08-04 09:40:39,29394.75,29395.25,29390.00,29393.00,492,29393.00,29393.00,0.00
2026-08-04 09:40:40,29391.00,29394.00,29390.25,29390.75,233,29390.75,29390.75,0.00
2026-08-04 09:40:41,29390.50,29392.25,29389.25,29390.50,273,29390.50,29390.50,0.00
2026-08-04 09:40:42,29390.25,29393.50,29388.50,29393.00,405,29393.00,29393.00,0.00
2026-08-04 09:40:43,29392.75,29399.25,29392.25,29398.00,240,29398.00,29398.00,0.00
2026-08-04 09:40:44,29397.50,29400.00,29396.25,29399.00,181,29399.00,29399.00,0.00
2026-08-04 09:40:45,29398.75,29398.75,29388.75,29392.50,122,29392.50,29392.50,0.00
2026-08-04 09:40:46,29393.00,29398.25,29392.50,29393.00,251,29393.00,29393.00,0.00
2026-08-04 09:40:47,29393.00,29393.50,29389.50,29390.00,117,29390.00,29390.00,0.00
2026-08-04 09:40:48,29390.50,29390.50,29384.75,29388.00,282,29388.00,29388.00,0.00
2026-08-04 09:40:49,29387.50,29388.25,29384.50,29385.50,193,29385.50,29385.50,0.00
2026-08-04 09:40:50,29385.00,29387.75,29384.50,29387.25,123,29387.25,29387.25,0.00
2026-08-04 09:40:51,29387.25,29395.50,29387.00,29394.75,159,29394.75,29394.75,0.00
2026-08-04 09:40:52,29394.25,29395.00,29390.25,29393.75,138,29393.75,29393.75,0.00
2026-08-04 09:40:53,29393.25,29396.25,29391.00,29395.25,194,29395.25,29395.25,0.00
2026-08-04 09:40:54,29395.50,29397.00,29393.50,29397.00,120,29397.00,29397.00,0.00
2026-08-04 09:40:55,29396.75,29401.00,29396.50,29401.00,119,29401.00,29401.00,0.00
2026-08-04 09:40:56,29400.75,29402.25,29398.25,29398.50,134,29398.50,29398.50,0.00
2026-08-04 09:40:57,29399.00,29400.50,29395.25,29395.25,94,29395.25,29395.25,0.00
2026-08-04 09:40:58,29395.50,29399.25,29395.50,29398.25,112,29398.25,29398.25,0.00
2026-08-04 09:40:59,29398.25,29399.00,29396.75,29397.75,83,29397.75,29397.75,0.00
2026-08-04 09:41:00,29397.75,29398.75,29396.75,29398.75,69,29398.75,29398.75,0.00
2026-08-04 09:41:01,29399.00,29404.00,29399.00,29403.25,256,29403.25,29403.25,0.00
2026-08-04 09:41:02,29403.50,29406.50,29400.50,29402.75,340,29402.75,29402.75,0.00
2026-08-04 09:41:03,29402.75,29406.75,29402.25,29403.75,200,29403.75,29403.75,0.00
2026-08-04 09:41:04,29403.50,29409.75,29401.75,29408.75,189,29408.75,29408.75,0.00
2026-08-04 09:41:05,29408.75,29409.50,29405.00,29409.00,221,29409.00,29409.00,0.00
2026-08-04 09:41:06,29409.00,29415.00,29407.25,29413.75,516,29413.75,29413.75,0.00
2026-08-04 09:41:07,29414.25,29414.75,29409.00,29413.50,387,29413.50,29413.50,0.00
2026-08-04 09:41:08,29412.25,29412.50,29409.00,29411.25,239,29411.25,29411.25,0.00
2026-08-04 09:41:09,29411.75,29418.75,29411.50,29418.00,370,29418.00,29418.00,0.00
2026-08-04 09:41:10,29417.75,29425.75,29417.25,29420.75,866,29420.75,29420.75,0.00
2026-08-04 09:41:11,29420.50,29423.00,29420.00,29422.50,363,29422.50,29422.50,0.00
2026-08-04 09:41:12,29422.50,29426.25,29422.25,29424.75,486,29424.75,29424.75,0.00
2026-08-04 09:41:13,29424.50,29427.00,29422.75,29426.25,467,29426.25,29426.25,0.00
2026-08-04 09:41:14,29426.25,29426.50,29421.50,29422.25,275,29422.25,29422.25,0.00
2026-08-04 09:41:15,29422.50,29424.25,29421.75,29424.00,251,29424.00,29424.00,0.00
2026-08-04 09:41:16,29424.75,29426.50,29424.75,29425.75,198,29425.75,29425.75,0.00
2026-08-04 09:41:17,29425.00,29426.00,29421.25,29421.50,232,29421.50,29421.50,0.00
2026-08-04 09:41:18,29421.50,29421.75,29418.25,29419.50,254,29419.50,29419.50,0.00
2026-08-04 09:41:19,29419.00,29421.50,29418.75,29420.00,131,29420.00,29420.00,0.00
2026-08-04 09:41:20,29420.50,29422.00,29419.00,29421.25,161,29421.25,29421.25,0.00
2026-08-04 09:41:21,29420.50,29422.25,29419.50,29421.00,103,29421.00,29421.00,0.00
2026-08-04 09:41:22,29421.00,29425.00,29420.25,29423.75,163,29423.75,29423.75,0.00
2026-08-04 09:41:23,29423.75,29425.25,29422.75,29424.25,112,29424.25,29424.25,0.00
2026-08-04 09:41:24,29424.00,29426.25,29423.50,29424.00,144,29424.00,29424.00,0.00
2026-08-04 09:41:25,29424.25,29425.00,29422.25,29424.50,115,29424.50,29424.50,0.00
2026-08-04 09:41:26,29424.25,29427.00,29423.50,29425.25,141,29425.25,29425.25,0.00
2026-08-04 09:41:27,29424.75,29426.50,29424.75,29425.50,87,29425.50,29425.50,0.00
2026-08-04 09:41:28,29425.00,29429.75,29425.00,29427.25,351,29427.25,29427.25,0.00
2026-08-04 09:41:29,29427.50,29430.00,29427.00,29427.25,277,29427.25,29427.25,0.00
2026-08-04 09:41:30,29427.25,29428.00,29424.25,29426.25,213,29426.25,29426.25,0.00
2026-08-04 09:41:31,29426.25,29426.25,29422.75,29423.50,256,29423.50,29423.50,0.00
2026-08-04 09:41:32,29423.25,29426.50,29422.50,29424.25,170,29424.25,29424.25,0.00
2026-08-04 09:41:33,29423.75,29426.25,29423.50,29424.50,93,29424.50,29424.50,0.00
2026-08-04 09:41:34,29423.75,29424.25,29420.50,29423.50,334,29423.50,29423.50,0.00
2026-08-04 09:41:35,29424.50,29425.75,29423.50,29425.00,86,29425.00,29425.00,0.00
2026-08-04 09:41:36,29424.50,29427.00,29424.50,29426.25,105,29426.25,29426.25,0.00
2026-08-04 09:41:37,29426.75,29427.00,29423.75,29424.75,112,29424.75,29424.75,0.00
2026-08-04 09:41:38,29425.25,29427.25,29423.75,29426.75,139,29426.75,29426.75,0.00
2026-08-04 09:41:39,29425.75,29426.00,29422.50,29423.25,191,29423.25,29423.25,0.00
2026-08-04 09:41:40,29423.50,29424.75,29421.50,29422.75,110,29422.75,29422.75,0.00
2026-08-04 09:41:41,29423.50,29425.50,29423.25,29425.00,88,29425.00,29425.00,0.00
2026-08-04 09:41:42,29424.50,29426.50,29424.50,29425.25,85,29425.25,29425.25,0.00
2026-08-04 09:41:43,29425.25,29426.75,29423.75,29426.00,50,29426.00,29426.00,0.00
2026-08-04 09:41:44,29426.00,29427.25,29425.50,29426.00,96,29426.00,29426.00,0.00
2026-08-04 09:41:45,29426.25,29427.00,29423.25,29424.50,79,29424.50,29424.50,0.00
2026-08-04 09:41:46,29424.75,29426.00,29423.50,29425.00,47,29425.00,29425.00,0.00
2026-08-04 09:41:47,29424.75,29424.75,29421.25,29423.75,206,29423.75,29423.75,0.00
2026-08-04 09:41:48,29424.00,29424.50,29422.00,29422.00,105,29422.00,29422.00,0.00
2026-08-04 09:41:49,29421.75,29424.00,29421.00,29423.50,91,29423.50,29423.50,0.00
2026-08-04 09:41:50,29423.75,29425.25,29422.75,29425.25,100,29425.25,29425.25,0.00
2026-08-04 09:41:51,29425.25,29426.50,29425.00,29425.50,96,29425.50,29425.50,0.00
2026-08-04 09:41:52,29425.75,29427.50,29425.25,29427.25,91,29427.25,29427.25,0.00
2026-08-04 09:41:53,29426.75,29427.75,29424.75,29425.75,78,29425.75,29425.75,0.00
2026-08-04 09:41:54,29425.75,29427.25,29425.00,29426.50,88,29426.50,29426.50,0.00
2026-08-04 09:41:55,29426.50,29426.75,29423.75,29426.75,94,29426.75,29426.75,0.00
2026-08-04 09:41:56,29426.00,29429.00,29425.50,29427.75,114,29427.75,29427.75,0.00
2026-08-04 09:41:57,29428.25,29429.25,29427.75,29428.50,53,29428.50,29428.50,0.00
2026-08-04 09:41:58,29428.00,29430.25,29426.00,29429.50,138,29429.50,29429.50,0.00
2026-08-04 09:41:59,29429.00,29430.00,29428.00,29429.75,104,29429.75,29429.75,0.00
2026-08-04 09:42:00,29429.25,29430.00,29427.50,29427.50,114,29427.50,29427.50,0.00
2026-08-04 09:42:01,29427.00,29427.25,29423.25,29425.50,349,29425.50,29425.50,0.00
2026-08-04 09:42:02,29426.00,29431.25,29426.00,29429.75,307,29429.75,29429.75,0.00
2026-08-04 09:42:03,29429.25,29429.75,29427.25,29428.00,146,29428.00,29428.00,0.00
2026-08-04 09:42:04,29427.75,29427.75,29416.75,29421.00,577,29421.00,29421.00,0.00
2026-08-04 09:42:05,29420.75,29423.50,29419.00,29422.25,293,29422.25,29422.25,0.00
2026-08-04 09:42:06,29423.25,29427.00,29423.25,29426.00,126,29426.00,29426.00,0.00
2026-08-04 09:42:07,29426.00,29428.25,29424.75,29428.25,78,29428.25,29428.25,0.00
2026-08-04 09:42:08,29428.75,29431.25,29428.00,29430.50,137,29430.50,29430.50,0.00
2026-08-04 09:42:09,29430.75,29436.00,29430.75,29435.50,604,29435.50,29435.50,0.00
2026-08-04 09:42:10,29435.00,29435.75,29432.50,29434.50,257,29434.50,29434.50,0.00
2026-08-04 09:42:11,29434.75,29436.75,29434.25,29434.75,220,29434.75,29434.75,0.00
2026-08-04 09:42:12,29434.75,29436.25,29432.75,29435.75,180,29435.75,29435.75,0.00
2026-08-04 09:42:13,29436.75,29438.00,29434.75,29436.00,215,29436.00,29436.00,0.00
2026-08-04 09:42:14,29435.75,29436.25,29432.50,29434.75,217,29434.75,29434.75,0.00
2026-08-04 09:42:15,29434.25,29435.00,29432.50,29433.00,136,29433.00,29433.00,0.00
2026-08-04 09:42:16,29433.25,29433.75,29430.75,29431.75,132,29431.75,29431.75,0.00
2026-08-04 09:42:17,29432.00,29434.75,29430.75,29433.75,131,29433.75,29433.75,0.00
2026-08-04 09:42:18,29433.50,29434.50,29432.00,29432.00,72,29432.00,29432.00,0.00
2026-08-04 09:42:19,29431.00,29431.50,29427.25,29428.00,237,29428.00,29428.00,0.00
2026-08-04 09:42:20,29428.00,29431.50,29428.00,29430.50,122,29430.50,29430.50,0.00
2026-08-04 09:42:21,29430.00,29433.00,29428.50,29432.50,84,29432.50,29432.50,0.00
2026-08-04 09:42:22,29432.25,29433.25,29428.75,29432.50,116,29432.50,29432.50,0.00
2026-08-04 09:42:23,29432.25,29435.25,29432.00,29435.25,124,29435.25,29435.25,0.00
2026-08-04 09:42:24,29434.75,29435.25,29432.25,29433.00,185,29433.00,29433.00,0.00
2026-08-04 09:42:25,29433.00,29436.75,29432.50,29436.50,118,29436.50,29436.50,0.00
2026-08-04 09:42:26,29436.50,29437.00,29435.50,29437.00,118,29437.00,29437.00,0.00
2026-08-04 09:42:27,29436.75,29437.75,29436.00,29436.00,151,29436.00,29436.00,0.00
2026-08-04 09:42:28,29436.25,29437.25,29435.00,29437.25,86,29437.25,29437.25,0.00
2026-08-04 09:42:29,29437.25,29440.50,29437.00,29438.75,447,29438.75,29438.75,0.00
2026-08-04 09:42:30,29439.50,29440.75,29437.75,29440.50,152,29440.50,29440.50,0.00
2026-08-04 09:42:31,29440.50,29441.00,29439.00,29440.75,171,29440.75,29440.75,0.00
2026-08-04 09:42:32,29440.25,29440.25,29437.25,29438.75,200,29438.75,29438.75,0.00
2026-08-04 09:42:33,29439.00,29439.50,29435.75,29436.25,174,29436.25,29436.25,0.00
2026-08-04 09:42:34,29436.25,29436.25,29432.25,29435.00,224,29435.00,29435.00,0.00
2026-08-04 09:42:35,29434.75,29439.75,29434.50,29438.25,158,29438.25,29438.25,0.00
2026-08-04 09:42:36,29437.75,29438.50,29436.00,29437.75,81,29437.75,29437.75,0.00
2026-08-04 09:42:37,29437.75,29438.50,29436.00,29437.25,88,29437.25,29437.25,0.00
2026-08-04 09:42:38,29437.50,29439.50,29436.75,29439.50,118,29439.50,29439.50,0.00
2026-08-04 09:42:39,29440.00,29444.00,29439.75,29441.00,384,29441.00,29441.00,0.00
2026-08-04 09:42:40,29440.75,29442.00,29438.50,29439.50,248,29439.50,29439.50,0.00
2026-08-04 09:42:41,29439.75,29440.75,29438.75,29440.25,127,29440.25,29440.25,0.00
2026-08-04 09:42:42,29440.50,29444.00,29439.75,29444.00,140,29444.00,29444.00,0.00
2026-08-04 09:42:43,29443.50,29445.00,29442.75,29443.75,212,29443.75,29443.75,0.00
2026-08-04 09:42:44,29444.25,29445.50,29443.75,29444.25,140,29444.25,29444.25,0.00
2026-08-04 09:42:45,29444.50,29446.50,29443.75,29445.75,151,29445.75,29445.75,0.00
2026-08-04 09:42:46,29445.25,29446.00,29442.25,29443.00,180,29443.00,29443.00,0.00
2026-08-04 09:42:47,29442.50,29445.50,29441.75,29444.00,119,29444.00,29444.00,0.00
2026-08-04 09:42:48,29444.25,29449.00,29443.75,29448.50,217,29448.50,29448.50,0.00
2026-08-04 09:42:49,29449.00,29450.00,29446.75,29449.25,329,29449.25,29449.25,0.00
2026-08-04 09:42:50,29449.50,29449.75,29446.75,29448.50,264,29448.50,29448.50,0.00
2026-08-04 09:42:51,29448.25,29450.25,29447.25,29448.50,243,29448.50,29448.50,0.00
2026-08-04 09:42:52,29448.50,29452.25,29448.50,29450.00,312,29450.00,29450.00,0.00
2026-08-04 09:42:53,29450.75,29452.00,29448.00,29448.75,422,29448.75,29448.75,0.00
2026-08-04 09:42:54,29449.00,29452.50,29449.00,29451.75,148,29451.75,29451.75,0.00
2026-08-04 09:42:55,29452.25,29452.25,29448.75,29450.00,166,29450.00,29450.00,0.00
2026-08-04 09:42:56,29450.50,29451.50,29448.50,29449.00,111,29449.00,29449.00,0.00
2026-08-04 09:42:57,29449.00,29449.75,29446.00,29446.50,203,29446.50,29446.50,0.00
2026-08-04 09:42:58,29447.25,29448.25,29443.75,29443.75,191,29443.75,29443.75,0.00
2026-08-04 09:42:59,29444.50,29446.75,29444.50,29445.50,165,29445.50,29445.50,0.00
2026-08-04 09:43:00,29445.75,29446.50,29444.25,29445.25,169,29445.25,29445.25,0.00
2026-08-04 09:43:01,29445.25,29447.50,29445.25,29446.00,155,29446.00,29446.00,0.00
2026-08-04 09:43:02,29446.50,29450.50,29446.50,29448.50,183,29448.50,29448.50,0.00
2026-08-04 09:43:03,29449.00,29449.25,29446.00,29447.50,124,29447.50,29447.50,0.00
2026-08-04 09:43:04,29447.00,29447.50,29443.75,29446.25,228,29446.25,29446.25,0.00
2026-08-04 09:43:05,29446.25,29451.00,29446.00,29450.50,187,29450.50,29450.50,0.00
2026-08-04 09:43:06,29450.75,29452.50,29449.75,29450.25,125,29450.25,29450.25,0.00
2026-08-04 09:43:07,29450.25,29450.25,29446.00,29446.50,205,29446.50,29446.50,0.00
2026-08-04 09:43:08,29445.25,29448.00,29443.75,29447.50,188,29447.50,29447.50,0.00
2026-08-04 09:43:09,29447.25,29447.75,29445.50,29446.25,130,29446.25,29446.25,0.00
2026-08-04 09:43:10,29446.00,29446.00,29443.25,29444.25,112,29444.25,29444.25,0.00
2026-08-04 09:43:11,29444.75,29447.00,29443.50,29443.75,159,29443.75,29443.75,0.00
2026-08-04 09:43:12,29444.00,29445.00,29441.75,29442.50,174,29442.50,29442.50,0.00
2026-08-04 09:43:13,29441.75,29443.75,29440.75,29442.50,212,29442.50,29442.50,0.00
2026-08-04 09:43:14,29442.50,29444.25,29441.00,29441.75,153,29441.75,29441.75,0.00
2026-08-04 09:43:15,29442.25,29443.25,29441.75,29443.00,111,29443.00,29443.00,0.00
2026-08-04 09:43:16,29442.75,29443.75,29435.50,29437.50,437,29437.50,29437.50,0.00
2026-08-04 09:43:17,29437.25,29437.25,29434.50,29436.25,337,29436.25,29436.25,0.00
2026-08-04 09:43:18,29435.75,29439.50,29433.50,29439.00,338,29439.00,29439.00,0.00
2026-08-04 09:43:19,29439.50,29441.25,29437.75,29441.00,210,29441.00,29441.00,0.00
2026-08-04 09:43:20,29440.75,29442.75,29439.75,29440.75,96,29440.75,29440.75,0.00
2026-08-04 09:43:21,29441.25,29442.25,29439.75,29441.50,83,29441.50,29441.50,0.00
2026-08-04 09:43:22,29441.00,29441.00,29434.50,29435.00,172,29435.00,29435.00,0.00
2026-08-04 09:43:23,29434.25,29436.75,29434.25,29436.50,154,29436.50,29436.50,0.00
2026-08-04 09:43:24,29435.75,29436.25,29434.25,29435.00,162,29435.00,29435.00,0.00
2026-08-04 09:43:25,29434.25,29436.25,29433.75,29435.50,150,29435.50,29435.50,0.00
2026-08-04 09:43:26,29435.25,29435.75,29431.00,29434.50,305,29434.50,29434.50,0.00
2026-08-04 09:43:27,29434.75,29434.75,29432.25,29434.25,136,29434.25,29434.25,0.00
2026-08-04 09:43:28,29433.75,29436.25,29432.50,29434.00,111,29434.00,29434.00,0.00
2026-08-04 09:43:29,29433.75,29434.75,29432.25,29432.75,99,29432.75,29432.75,0.00
2026-08-04 09:43:30,29433.00,29436.00,29432.50,29434.00,115,29434.00,29434.00,0.00
2026-08-04 09:43:31,29433.75,29433.75,29432.00,29433.25,95,29433.25,29433.25,0.00
2026-08-04 09:43:32,29433.50,29435.25,29432.00,29432.75,122,29432.75,29432.75,0.00
2026-08-04 09:43:33,29432.75,29435.25,29430.75,29432.00,138,29432.00,29432.00,0.00
2026-08-04 09:43:34,29432.00,29432.75,29430.75,29430.75,128,29430.75,29430.75,0.00
2026-08-04 09:43:35,29431.25,29432.25,29428.75,29431.50,264,29431.50,29431.50,0.00
2026-08-04 09:43:36,29431.50,29431.75,29430.00,29431.25,121,29431.25,29431.25,0.00
2026-08-04 09:43:37,29431.25,29431.25,29428.00,29428.00,119,29428.00,29428.00,0.00
2026-08-04 09:43:38,29428.50,29430.75,29425.75,29426.50,272,29426.50,29426.50,0.00
2026-08-04 09:43:39,29426.75,29427.75,29425.50,29427.00,179,29427.00,29427.00,0.00
2026-08-04 09:43:40,29426.75,29429.00,29426.00,29428.75,123,29428.75,29428.75,0.00
2026-08-04 09:43:41,29428.75,29432.75,29428.25,29432.00,159,29432.00,29432.00,0.00
2026-08-04 09:43:42,29431.75,29432.75,29430.25,29431.25,91,29431.25,29431.25,0.00
2026-08-04 09:43:43,29431.00,29433.00,29430.75,29431.50,97,29431.50,29431.50,0.00
2026-08-04 09:43:44,29431.50,29438.25,29431.50,29436.50,187,29436.50,29436.50,0.00
2026-08-04 09:43:45,29436.75,29440.50,29436.75,29440.50,170,29440.50,29440.50,0.00
2026-08-04 09:43:46,29440.50,29440.75,29437.00,29438.50,149,29438.50,29438.50,0.00
2026-08-04 09:43:47,29438.75,29438.75,29435.75,29437.50,101,29437.50,29437.50,0.00
2026-08-04 09:43:48,29437.25,29437.50,29434.00,29434.25,95,29434.25,29434.25,0.00
2026-08-04 09:43:49,29433.75,29436.25,29432.25,29434.25,137,29434.25,29434.25,0.00
2026-08-04 09:43:50,29434.75,29438.25,29430.50,29431.00,184,29431.00,29431.00,0.00
2026-08-04 09:43:51,29430.50,29432.00,29430.25,29431.75,80,29431.75,29431.75,0.00
2026-08-04 09:43:52,29431.75,29432.50,29424.50,29426.25,239,29426.25,29426.25,0.00
2026-08-04 09:43:53,29426.50,29426.50,29421.50,29424.75,288,29424.75,29424.75,0.00
2026-08-04 09:43:54,29425.00,29426.25,29422.00,29422.50,209,29422.50,29422.50,0.00
2026-08-04 09:43:55,29422.00,29423.25,29420.00,29423.00,183,29423.00,29423.00,0.00
2026-08-04 09:43:56,29422.75,29423.25,29420.00,29421.75,176,29421.75,29421.75,0.00
2026-08-04 09:43:57,29421.50,29425.00,29421.50,29423.00,168,29423.00,29423.00,0.00
2026-08-04 09:43:58,29422.75,29423.75,29420.50,29422.50,95,29422.50,29422.50,0.00
2026-08-04 09:43:59,29421.75,29422.50,29418.50,29420.75,164,29420.75,29420.75,0.00
2026-08-04 09:44:00,29421.50,29422.50,29420.50,29422.00,100,29422.00,29422.00,0.00
2026-08-04 09:44:01,29422.00,29422.00,29419.50,29420.00,145,29420.00,29420.00,0.00
2026-08-04 09:44:02,29420.50,29424.25,29419.25,29423.50,178,29423.50,29423.50,0.00
2026-08-04 09:44:03,29423.25,29425.75,29421.25,29422.50,173,29422.50,29422.50,0.00
2026-08-04 09:44:04,29422.25,29422.25,29417.50,29418.50,169,29418.50,29418.50,0.00
2026-08-04 09:44:05,29418.75,29420.00,29415.00,29416.50,316,29416.50,29416.50,0.00
2026-08-04 09:44:06,29416.50,29419.00,29416.25,29417.00,204,29417.00,29417.00,0.00
2026-08-04 09:44:07,29417.25,29423.50,29415.25,29421.75,224,29421.75,29421.75,0.00
2026-08-04 09:44:08,29421.50,29427.50,29420.00,29422.50,329,29422.50,29422.50,0.00
2026-08-04 09:44:09,29422.00,29423.75,29421.00,29422.00,140,29422.00,29422.00,0.00
2026-08-04 09:44:10,29420.75,29421.50,29418.50,29421.25,89,29421.25,29421.25,0.00
2026-08-04 09:44:11,29421.25,29421.25,29416.50,29418.00,102,29418.00,29418.00,0.00
2026-08-04 09:44:12,29418.25,29421.50,29418.25,29420.00,146,29420.00,29420.00,0.00
2026-08-04 09:44:13,29420.25,29421.75,29418.25,29421.00,104,29421.00,29421.00,0.00
2026-08-04 09:44:14,29421.25,29423.50,29419.75,29421.00,94,29421.00,29421.00,0.00
2026-08-04 09:44:15,29422.00,29424.00,29420.50,29422.50,115,29422.50,29422.50,0.00
2026-08-04 09:44:16,29423.25,29424.00,29419.75,29421.00,115,29421.00,29421.00,0.00
2026-08-04 09:44:17,29420.50,29420.75,29415.75,29416.75,116,29416.75,29416.75,0.00
2026-08-04 09:44:18,29416.50,29417.00,29410.50,29411.50,348,29411.50,29411.50,0.00
2026-08-04 09:44:19,29411.75,29412.75,29410.25,29411.75,276,29411.75,29411.75,0.00
2026-08-04 09:44:20,29411.75,29414.00,29409.25,29412.50,291,29412.50,29412.50,0.00
2026-08-04 09:44:21,29412.50,29412.75,29408.75,29411.25,283,29411.25,29411.25,0.00
2026-08-04 09:44:22,29411.25,29416.25,29410.75,29416.00,210,29416.00,29416.00,0.00
2026-08-04 09:44:23,29415.75,29420.00,29414.50,29416.00,271,29416.00,29416.00,0.00
2026-08-04 09:44:24,29416.50,29417.00,29414.75,29415.50,91,29415.50,29415.50,0.00
2026-08-04 09:44:25,29415.75,29417.25,29415.25,29416.25,78,29416.25,29416.25,0.00
2026-08-04 09:44:26,29416.25,29419.00,29415.00,29418.25,120,29418.25,29418.25,0.00
2026-08-04 09:44:27,29418.50,29422.75,29417.25,29420.75,198,29420.75,29420.75,0.00
2026-08-04 09:44:28,29420.75,29424.00,29419.50,29420.50,163,29420.50,29420.50,0.00
2026-08-04 09:44:29,29420.75,29421.75,29418.25,29420.50,103,29420.50,29420.50,0.00
2026-08-04 09:44:30,29420.50,29420.50,29416.25,29416.25,132,29416.25,29416.25,0.00
2026-08-04 09:44:31,29417.50,29419.50,29416.50,29418.50,49,29418.50,29418.50,0.00
2026-08-04 09:44:32,29418.75,29418.75,29412.50,29413.50,138,29413.50,29413.50,0.00
2026-08-04 09:44:33,29413.50,29415.75,29412.25,29414.50,70,29414.50,29414.50,0.00
2026-08-04 09:44:34,29414.50,29414.75,29409.50,29411.00,264,29411.00,29411.00,0.00
2026-08-04 09:44:35,29411.00,29413.25,29409.75,29411.00,167,29411.00,29411.00,0.00
2026-08-04 09:44:36,29410.75,29410.75,29406.25,29409.75,238,29409.75,29409.75,0.00
2026-08-04 09:44:37,29410.00,29410.00,29407.50,29408.50,91,29408.50,29408.50,0.00
2026-08-04 09:44:38,29408.75,29413.50,29408.75,29412.25,151,29412.25,29412.25,0.00
2026-08-04 09:44:39,29412.25,29415.25,29410.50,29413.75,131,29413.75,29413.75,0.00
2026-08-04 09:44:40,29414.25,29414.50,29408.75,29409.50,119,29409.50,29409.50,0.00
2026-08-04 09:44:41,29409.50,29411.00,29407.75,29407.75,155,29407.75,29407.75,0.00
2026-08-04 09:44:42,29408.00,29408.25,29402.25,29404.25,340,29404.25,29404.25,0.00
2026-08-04 09:44:43,29404.00,29404.75,29402.00,29402.00,179,29402.00,29402.00,0.00
2026-08-04 09:44:44,29402.25,29403.25,29395.25,29398.00,593,29398.00,29398.00,0.00
2026-08-04 09:44:45,29398.25,29399.00,29397.25,29398.75,200,29398.75,29398.75,0.00
2026-08-04 09:44:46,29398.25,29400.50,29397.50,29399.75,210,29399.75,29399.75,0.00
2026-08-04 09:44:47,29400.00,29401.25,29398.50,29399.25,137,29399.25,29399.25,0.00
2026-08-04 09:44:48,29399.00,29401.00,29398.50,29398.50,107,29398.50,29398.50,0.00
2026-08-04 09:44:49,29398.75,29399.50,29393.50,29396.75,278,29396.75,29396.75,0.00
2026-08-04 09:44:50,29396.50,29401.75,29396.50,29398.75,218,29398.75,29398.75,0.00
2026-08-04 09:44:51,29398.50,29402.25,29398.00,29398.75,210,29398.75,29398.75,0.00
2026-08-04 09:44:52,29398.50,29403.25,29397.25,29402.25,110,29402.25,29402.25,0.00
2026-08-04 09:44:53,29402.75,29404.75,29400.00,29403.25,124,29403.25,29403.25,0.00
2026-08-04 09:44:54,29403.25,29403.75,29400.25,29401.75,105,29401.75,29401.75,0.00
2026-08-04 09:44:55,29401.75,29405.00,29401.50,29404.50,77,29404.50,29404.50,0.00
2026-08-04 09:44:56,29404.50,29409.75,29402.00,29407.50,194,29407.50,29407.50,0.00
2026-08-04 09:44:57,29407.50,29409.00,29407.00,29408.50,129,29408.50,29408.50,0.00
2026-08-04 09:44:58,29407.75,29408.75,29405.50,29408.00,132,29408.00,29408.00,0.00
2026-08-04 09:44:59,29407.50,29408.50,29406.25,29408.50,100,29408.50,29408.50,0.00
2026-08-04 09:45:00,29409.00,29412.50,29408.75,29411.50,191,29411.50,29411.50,0.00
2026-08-04 09:45:01,29411.50,29422.50,29410.25,29421.00,594,29421.00,29421.00,0.00
2026-08-04 09:45:02,29421.00,29429.00,29418.50,29427.50,700,29427.50,29427.50,0.00
2026-08-04 09:45:03,29427.50,29435.50,29427.25,29434.25,690,29434.25,29434.25,0.00
2026-08-04 09:45:04,29433.50,29441.75,29433.50,29440.00,524,29440.00,29440.00,0.00
2026-08-04 09:45:05,29440.25,29442.00,29438.00,29440.25,498,29440.25,29440.25,0.00
2026-08-04 09:45:06,29439.50,29443.00,29439.50,29441.75,357,29441.75,29441.75,0.00
2026-08-04 09:45:07,29442.00,29442.50,29440.25,29442.50,253,29442.50,29442.50,0.00
2026-08-04 09:45:08,29442.00,29446.50,29440.75,29443.00,456,29443.00,29443.00,0.00
2026-08-04 09:45:09,29443.00,29443.50,29439.00,29439.50,337,29439.50,29439.50,0.00
2026-08-04 09:45:10,29439.50,29440.50,29433.25,29439.75,343,29439.75,29439.75,0.00
2026-08-04 09:45:11,29439.75,29447.25,29439.00,29444.50,494,29444.50,29444.50,0.00
2026-08-04 09:45:12,29444.50,29447.50,29443.50,29444.50,311,29444.50,29444.50,0.00
2026-08-04 09:45:13,29444.50,29452.00,29442.25,29450.25,468,29450.25,29450.25,0.00
2026-08-04 09:45:14,29450.00,29451.00,29446.00,29446.50,267,29446.50,29446.50,0.00
2026-08-04 09:45:15,29446.50,29451.25,29445.00,29445.50,410,29445.50,29445.50,0.00
2026-08-04 09:45:16,29446.00,29449.00,29444.75,29448.25,215,29448.25,29448.25,0.00
2026-08-04 09:45:17,29448.75,29456.75,29448.00,29454.75,581,29454.75,29454.75,0.00
2026-08-04 09:45:18,29454.50,29455.50,29450.25,29452.50,430,29452.50,29452.50,0.00
2026-08-04 09:45:19,29452.25,29456.50,29452.25,29453.75,497,29453.75,29453.75,0.00
2026-08-04 09:45:20,29453.75,29454.75,29450.50,29453.50,344,29453.50,29453.50,0.00
2026-08-04 09:45:21,29452.75,29453.75,29449.00,29449.00,224,29449.00,29449.00,0.00
2026-08-04 09:45:22,29449.50,29451.00,29448.75,29449.75,169,29449.75,29449.75,0.00
2026-08-04 09:45:23,29449.50,29450.00,29440.75,29442.75,319,29442.75,29442.75,0.00
2026-08-04 09:45:24,29443.00,29444.25,29441.00,29443.50,183,29443.50,29443.50,0.00
2026-08-04 09:45:25,29443.00,29450.50,29443.00,29448.75,170,29448.75,29448.75,0.00
2026-08-04 09:45:26,29449.25,29451.75,29448.75,29448.75,117,29448.75,29448.75,0.00
2026-08-04 09:45:27,29448.75,29449.75,29447.50,29449.50,115,29449.50,29449.50,0.00
2026-08-04 09:45:28,29449.75,29451.50,29447.25,29448.75,150,29448.75,29448.75,0.00
2026-08-04 09:45:29,29449.00,29449.00,29447.25,29449.00,106,29449.00,29449.00,0.00
2026-08-04 09:45:30,29448.75,29449.75,29446.50,29448.50,114,29448.50,29448.50,0.00
2026-08-04 09:45:31,29449.00,29452.00,29448.75,29450.75,163,29450.75,29450.75,0.00
2026-08-04 09:45:32,29450.50,29453.75,29450.25,29453.25,160,29453.25,29453.25,0.00
2026-08-04 09:45:33,29453.25,29454.00,29451.00,29452.50,137,29452.50,29452.50,0.00
2026-08-04 09:45:34,29452.25,29452.25,29447.25,29449.50,194,29449.50,29449.50,0.00
2026-08-04 09:45:35,29449.25,29452.50,29447.50,29451.75,109,29451.75,29451.75,0.00
2026-08-04 09:45:36,29451.25,29455.00,29450.75,29452.75,183,29452.75,29452.75,0.00
2026-08-04 09:45:37,29453.75,29454.25,29451.00,29451.25,107,29451.25,29451.25,0.00
2026-08-04 09:45:38,29452.00,29453.00,29448.25,29448.75,135,29448.75,29448.75,0.00
2026-08-04 09:45:39,29448.75,29450.25,29447.25,29449.50,219,29449.50,29449.50,0.00
2026-08-04 09:45:40,29449.50,29449.50,29444.25,29445.50,203,29445.50,29445.50,0.00
2026-08-04 09:45:41,29445.25,29448.75,29444.75,29446.75,268,29446.75,29446.75,0.00
2026-08-04 09:45:42,29446.75,29448.00,29445.25,29446.75,115,29446.75,29446.75,0.00
2026-08-04 09:45:43,29446.75,29449.50,29446.75,29446.75,134,29446.75,29446.75,0.00
2026-08-04 09:45:44,29446.25,29448.00,29445.00,29446.50,122,29446.50,29446.50,0.00
2026-08-04 09:45:45,29446.75,29450.50,29446.00,29449.25,132,29449.25,29449.25,0.00
2026-08-04 09:45:46,29449.75,29450.00,29447.25,29449.00,91,29449.00,29449.00,0.00
2026-08-04 09:45:47,29449.00,29451.75,29448.50,29451.00,83,29451.00,29451.00,0.00
2026-08-04 09:45:48,29450.50,29453.00,29450.25,29451.00,130,29451.00,29451.00,0.00
2026-08-04 09:45:49,29451.00,29453.75,29450.75,29452.75,76,29452.75,29452.75,0.00
2026-08-04 09:45:50,29452.50,29453.25,29450.25,29452.75,128,29452.75,29452.75,0.00
2026-08-04 09:45:51,29452.50,29453.00,29450.75,29452.75,99,29452.75,29452.75,0.00
2026-08-04 09:45:52,29453.00,29456.00,29451.50,29455.25,129,29455.25,29455.25,0.00
2026-08-04 09:45:53,29455.00,29455.00,29452.00,29452.25,194,29452.25,29452.25,0.00
2026-08-04 09:45:54,29452.00,29452.00,29450.00,29451.50,71,29451.50,29451.50,0.00
2026-08-04 09:45:55,29451.00,29451.00,29447.75,29450.25,105,29450.25,29450.25,0.00
2026-08-04 09:45:56,29450.25,29451.00,29449.00,29449.00,101,29449.00,29449.00,0.00
2026-08-04 09:45:57,29449.75,29451.75,29449.50,29451.00,100,29451.00,29451.00,0.00
2026-08-04 09:45:58,29451.25,29451.50,29449.75,29451.00,90,29451.00,29451.00,0.00
2026-08-04 09:45:59,29451.25,29453.00,29450.50,29452.75,71,29452.75,29452.75,0.00
2026-08-04 09:46:00,29452.75,29454.00,29452.25,29452.75,115,29452.75,29452.75,0.00
2026-08-04 09:46:01,29452.50,29453.00,29450.50,29452.75,154,29452.75,29452.75,0.00
2026-08-04 09:46:02,29452.00,29457.75,29452.00,29456.25,277,29456.25,29456.25,0.00
2026-08-04 09:46:03,29456.50,29457.00,29452.75,29455.00,342,29455.00,29455.00,0.00
2026-08-04 09:46:04,29455.75,29456.75,29454.00,29455.75,163,29455.75,29455.75,0.00
2026-08-04 09:46:05,29456.00,29456.25,29449.25,29450.50,211,29450.50,29450.50,0.00
2026-08-04 09:46:06,29450.75,29451.50,29449.50,29450.50,121,29450.50,29450.50,0.00
2026-08-04 09:46:07,29450.75,29455.25,29450.00,29454.75,113,29454.75,29454.75,0.00
2026-08-04 09:46:08,29455.00,29457.50,29452.75,29453.75,202,29453.75,29453.75,0.00
2026-08-04 09:46:09,29453.25,29453.50,29449.75,29451.00,159,29451.00,29451.00,0.00
2026-08-04 09:46:10,29450.75,29451.00,29449.00,29450.50,182,29450.50,29450.50,0.00
2026-08-04 09:46:11,29450.50,29452.50,29450.00,29450.75,136,29450.75,29450.75,0.00
2026-08-04 09:46:12,29451.25,29453.75,29449.75,29452.75,148,29452.75,29452.75,0.00
2026-08-04 09:46:13,29453.75,29455.50,29452.50,29454.00,107,29454.00,29454.00,0.00
2026-08-04 09:46:14,29453.75,29456.00,29453.75,29454.75,123,29454.75,29454.75,0.00
2026-08-04 09:46:15,29455.00,29457.50,29453.00,29457.00,162,29457.00,29457.00,0.00
2026-08-04 09:46:16,29457.00,29460.00,29456.75,29458.75,391,29458.75,29458.75,0.00
2026-08-04 09:46:17,29459.00,29459.50,29455.75,29456.25,228,29456.25,29456.25,0.00
2026-08-04 09:46:18,29456.50,29456.50,29451.25,29455.00,257,29455.00,29455.00,0.00
2026-08-04 09:46:19,29454.50,29455.00,29451.00,29451.25,127,29451.25,29451.25,0.00
2026-08-04 09:46:20,29451.00,29452.25,29449.00,29449.75,165,29449.75,29449.75,0.00
2026-08-04 09:46:21,29449.25,29450.00,29448.00,29449.00,163,29449.00,29449.00,0.00
2026-08-04 09:46:22,29449.00,29449.25,29446.75,29447.50,191,29447.50,29447.50,0.00
2026-08-04 09:46:23,29447.50,29447.75,29445.75,29446.25,171,29446.25,29446.25,0.00
2026-08-04 09:46:24,29446.25,29448.75,29444.50,29446.75,236,29446.75,29446.75,0.00
2026-08-04 09:46:25,29446.25,29446.25,29440.75,29443.25,302,29443.25,29443.25,0.00
2026-08-04 09:46:26,29442.75,29446.25,29442.75,29443.50,217,29443.50,29443.50,0.00
2026-08-04 09:46:27,29443.25,29446.25,29443.25,29445.50,133,29445.50,29445.50,0.00
2026-08-04 09:46:28,29444.75,29446.25,29443.50,29444.75,172,29444.75,29444.75,0.00
2026-08-04 09:46:29,29444.75,29447.00,29443.50,29445.00,121,29445.00,29445.00,0.00
2026-08-04 09:46:30,29445.25,29445.25,29441.50,29442.00,140,29442.00,29442.00,0.00
2026-08-04 09:46:31,29441.75,29441.75,29434.00,29437.00,494,29437.00,29437.00,0.00
2026-08-04 09:46:32,29437.50,29438.50,29435.25,29435.25,368,29435.25,29435.25,0.00
2026-08-04 09:46:33,29435.25,29438.75,29433.50,29438.75,277,29438.75,29438.75,0.00
2026-08-04 09:46:34,29438.00,29439.25,29435.25,29437.00,212,29437.00,29437.00,0.00
2026-08-04 09:46:35,29436.75,29440.50,29436.00,29439.00,126,29439.00,29439.00,0.00
2026-08-04 09:46:36,29440.25,29442.00,29440.25,29441.00,107,29441.00,29441.00,0.00
2026-08-04 09:46:37,29441.25,29444.75,29441.00,29443.25,231,29443.25,29443.25,0.00
2026-08-04 09:46:38,29443.25,29444.00,29440.50,29443.00,139,29443.00,29443.00,0.00
2026-08-04 09:46:39,29442.25,29443.00,29438.50,29442.00,111,29442.00,29442.00,0.00
2026-08-04 09:46:40,29443.00,29446.25,29441.75,29444.50,178,29444.50,29444.50,0.00
2026-08-04 09:46:41,29444.75,29447.00,29444.75,29446.75,105,29446.75,29446.75,0.00
2026-08-04 09:46:42,29446.50,29449.50,29445.50,29445.75,201,29445.75,29445.75,0.00
2026-08-04 09:46:43,29445.25,29450.50,29444.75,29450.00,159,29450.00,29450.00,0.00
2026-08-04 09:46:44,29449.75,29452.25,29448.75,29451.25,174,29451.25,29451.25,0.00
2026-08-04 09:46:45,29451.50,29452.00,29449.50,29451.50,97,29451.50,29451.50,0.00
2026-08-04 09:46:46,29451.50,29452.75,29449.75,29451.50,93,29451.50,29451.50,0.00
2026-08-04 09:46:47,29451.25,29454.00,29450.00,29452.75,157,29452.75,29452.75,0.00
2026-08-04 09:46:48,29453.00,29453.00,29448.25,29449.50,158,29449.50,29449.50,0.00
2026-08-04 09:46:49,29450.00,29451.00,29448.25,29450.75,91,29450.75,29450.75,0.00
2026-08-04 09:46:50,29451.25,29454.50,29450.00,29453.00,139,29453.00,29453.00,0.00
2026-08-04 09:46:51,29453.00,29455.50,29452.25,29452.50,124,29452.50,29452.50,0.00
2026-08-04 09:46:52,29452.50,29453.75,29450.50,29451.50,102,29451.50,29451.50,0.00
2026-08-04 09:46:53,29451.25,29451.25,29447.75,29448.00,94,29448.00,29448.00,0.00
2026-08-04 09:46:54,29448.25,29450.25,29447.00,29449.75,80,29449.75,29449.75,0.00
2026-08-04 09:46:55,29449.50,29450.75,29448.00,29450.50,102,29450.50,29450.50,0.00
2026-08-04 09:46:56,29450.75,29452.75,29445.75,29446.25,121,29446.25,29446.25,0.00
2026-08-04 09:46:57,29447.75,29447.75,29443.50,29444.50,146,29444.50,29444.50,0.00
2026-08-04 09:46:58,29444.00,29444.50,29442.25,29443.75,142,29443.75,29443.75,0.00
2026-08-04 09:46:59,29443.50,29444.25,29441.00,29444.25,102,29444.25,29444.25,0.00
2026-08-04 09:47:00,29444.75,29445.75,29441.50,29442.50,89,29442.50,29442.50,0.00
2026-08-04 09:47:01,29442.25,29442.50,29438.00,29438.25,221,29438.25,29438.25,0.00
2026-08-04 09:47:02,29437.75,29439.50,29434.25,29438.25,238,29438.25,29438.25,0.00
2026-08-04 09:47:03,29438.75,29439.50,29436.00,29436.50,182,29436.50,29436.50,0.00
2026-08-04 09:47:04,29436.25,29438.75,29435.25,29438.00,118,29438.00,29438.00,0.00
2026-08-04 09:47:05,29438.00,29445.25,29435.75,29441.50,313,29441.50,29441.50,0.00
2026-08-04 09:47:06,29441.75,29442.00,29438.00,29440.75,197,29440.75,29440.75,0.00
2026-08-04 09:47:07,29440.50,29441.00,29437.50,29439.25,131,29439.25,29439.25,0.00
2026-08-04 09:47:08,29438.75,29444.00,29437.75,29443.50,154,29443.50,29443.50,0.00
2026-08-04 09:47:09,29443.75,29446.75,29443.75,29446.50,70,29446.50,29446.50,0.00
2026-08-04 09:47:10,29446.75,29447.00,29441.75,29442.50,145,29442.50,29442.50,0.00
2026-08-04 09:47:11,29442.50,29445.00,29441.00,29444.00,103,29444.00,29444.00,0.00
2026-08-04 09:47:12,29444.50,29445.00,29441.50,29441.75,81,29441.75,29441.75,0.00
2026-08-04 09:47:13,29441.25,29441.75,29439.50,29441.25,70,29441.25,29441.25,0.00
2026-08-04 09:47:14,29441.25,29445.25,29439.25,29443.75,87,29443.75,29443.75,0.00
2026-08-04 09:47:15,29443.75,29444.75,29437.75,29438.00,101,29438.00,29438.00,0.00
2026-08-04 09:47:16,29438.25,29439.25,29435.50,29436.75,101,29436.75,29436.75,0.00
2026-08-04 09:47:17,29437.00,29440.75,29436.75,29438.75,111,29438.75,29438.75,0.00
2026-08-04 09:47:18,29439.00,29439.50,29436.50,29437.25,103,29437.25,29437.25,0.00
2026-08-04 09:47:19,29437.25,29438.75,29437.25,29438.00,42,29438.00,29438.00,0.00
2026-08-04 09:47:20,29437.00,29438.00,29435.75,29436.75,73,29436.75,29436.75,0.00
2026-08-04 09:47:21,29437.25,29438.75,29434.00,29434.00,119,29434.00,29434.00,0.00
2026-08-04 09:47:22,29433.75,29434.50,29431.50,29433.25,264,29433.25,29433.25,0.00
2026-08-04 09:47:23,29433.25,29434.00,29428.00,29431.75,319,29431.75,29431.75,0.00
2026-08-04 09:47:24,29432.25,29433.75,29428.50,29431.75,369,29431.75,29431.75,0.00
2026-08-04 09:47:25,29431.50,29437.75,29431.50,29436.50,186,29436.50,29436.50,0.00
2026-08-04 09:47:26,29437.00,29437.75,29434.00,29435.50,104,29435.50,29435.50,0.00
2026-08-04 09:47:27,29434.75,29436.75,29434.50,29436.00,75,29436.00,29436.00,0.00
2026-08-04 09:47:28,29436.00,29437.00,29431.75,29435.50,115,29435.50,29435.50,0.00
2026-08-04 09:47:29,29436.00,29436.50,29433.75,29433.75,57,29433.75,29433.75,0.00
2026-08-04 09:47:30,29433.50,29433.50,29431.00,29432.25,73,29432.25,29432.25,0.00
2026-08-04 09:47:31,29432.50,29434.50,29431.75,29432.50,78,29432.50,29432.50,0.00
2026-08-04 09:47:32,29432.75,29433.25,29426.25,29429.25,378,29429.25,29429.25,0.00
2026-08-04 09:47:33,29429.00,29431.50,29428.25,29428.50,151,29428.50,29428.50,0.00
2026-08-04 09:47:34,29428.00,29430.00,29427.75,29429.00,91,29429.00,29429.00,0.00
2026-08-04 09:47:35,29429.25,29432.00,29427.25,29430.25,90,29430.25,29430.25,0.00
2026-08-04 09:47:36,29430.00,29433.75,29429.50,29433.00,100,29433.00,29433.00,0.00
2026-08-04 09:47:37,29433.25,29438.00,29433.00,29435.75,136,29435.75,29435.75,0.00
2026-08-04 09:47:38,29435.25,29439.00,29434.75,29438.75,124,29438.75,29438.75,0.00
2026-08-04 09:47:39,29439.25,29443.25,29439.25,29442.25,172,29442.25,29442.25,0.00
2026-08-04 09:47:40,29443.25,29443.25,29437.00,29439.50,237,29439.50,29439.50,0.00
2026-08-04 09:47:41,29439.75,29439.75,29434.50,29437.25,160,29437.25,29437.25,0.00
2026-08-04 09:47:42,29437.25,29437.25,29432.50,29434.00,80,29434.00,29434.00,0.00
2026-08-04 09:47:43,29434.50,29435.50,29433.00,29435.50,38,29435.50,29435.50,0.00
2026-08-04 09:47:44,29435.75,29438.50,29435.50,29438.25,61,29438.25,29438.25,0.00
2026-08-04 09:47:45,29437.75,29441.25,29436.25,29440.75,86,29440.75,29440.75,0.00
2026-08-04 09:47:46,29441.50,29442.50,29437.25,29437.75,108,29437.75,29437.75,0.00
2026-08-04 09:47:47,29437.75,29438.00,29435.25,29435.75,72,29435.75,29435.75,0.00
2026-08-04 09:47:48,29435.75,29438.00,29431.75,29432.50,129,29432.50,29432.50,0.00
2026-08-04 09:47:49,29432.75,29432.75,29431.50,29432.25,64,29432.25,29432.25,0.00
2026-08-04 09:47:50,29432.75,29433.50,29431.00,29432.00,66,29432.00,29432.00,0.00
2026-08-04 09:47:51,29431.25,29433.25,29430.50,29431.25,66,29431.25,29431.25,0.00
2026-08-04 09:47:52,29431.75,29433.25,29431.00,29433.00,103,29433.00,29433.00,0.00
2026-08-04 09:47:53,29432.75,29436.00,29432.50,29434.50,55,29434.50,29434.50,0.00
2026-08-04 09:47:54,29435.00,29436.75,29434.00,29436.50,55,29436.50,29436.50,0.00
2026-08-04 09:47:55,29436.50,29437.25,29434.50,29435.50,121,29435.50,29435.50,0.00
2026-08-04 09:47:56,29435.75,29438.75,29435.25,29435.25,72,29435.25,29435.25,0.00
2026-08-04 09:47:57,29435.25,29437.00,29433.50,29434.75,176,29434.75,29434.75,0.00
2026-08-04 09:47:58,29434.50,29437.00,29433.25,29436.75,53,29436.75,29436.75,0.00
2026-08-04 09:47:59,29437.00,29438.00,29434.50,29436.50,56,29436.50,29436.50,0.00
2026-08-04 09:48:00,29436.25,29436.25,29434.50,29436.00,57,29436.00,29436.00,0.00
2026-08-04 09:48:01,29435.75,29436.75,29434.00,29435.50,127,29435.50,29435.50,0.00
2026-08-04 09:48:02,29435.75,29438.50,29435.75,29438.00,189,29438.00,29438.00,0.00
2026-08-04 09:48:03,29437.25,29442.00,29437.25,29441.00,98,29441.00,29441.00,0.00
2026-08-04 09:48:04,29441.50,29443.00,29440.50,29441.75,121,29441.75,29441.75,0.00
2026-08-04 09:48:05,29441.25,29441.25,29437.50,29438.25,121,29438.25,29438.25,0.00
2026-08-04 09:48:06,29438.50,29444.50,29437.75,29444.50,170,29444.50,29444.50,0.00
2026-08-04 09:48:07,29444.25,29446.25,29443.25,29444.75,180,29444.75,29444.75,0.00
2026-08-04 09:48:08,29444.50,29446.00,29438.50,29440.75,153,29440.75,29440.75,0.00
2026-08-04 09:48:09,29440.75,29441.25,29438.75,29439.25,93,29439.25,29439.25,0.00
2026-08-04 09:48:10,29439.50,29445.25,29439.50,29443.00,99,29443.00,29443.00,0.00
2026-08-04 09:48:11,29441.25,29441.50,29437.25,29437.25,106,29437.25,29437.25,0.00
2026-08-04 09:48:12,29437.75,29439.50,29437.50,29438.00,107,29438.00,29438.00,0.00
2026-08-04 09:48:13,29437.50,29437.50,29430.00,29433.00,278,29433.00,29433.00,0.00
2026-08-04 09:48:14,29433.00,29440.25,29433.00,29438.75,278,29438.75,29438.75,0.00
2026-08-04 09:48:15,29438.50,29442.00,29438.50,29440.25,95,29440.25,29440.25,0.00
2026-08-04 09:48:16,29440.25,29446.00,29438.75,29445.00,110,29445.00,29445.00,0.00
2026-08-04 09:48:17,29445.25,29452.00,29444.75,29449.75,361,29449.75,29449.75,0.00
2026-08-04 09:48:18,29451.00,29453.25,29449.75,29453.25,225,29453.25,29453.25,0.00
2026-08-04 09:48:19,29452.75,29454.25,29451.00,29453.50,216,29453.50,29453.50,0.00
2026-08-04 09:48:20,29453.00,29458.00,29453.00,29455.50,340,29455.50,29455.50,0.00
2026-08-04 09:48:21,29455.75,29458.00,29455.00,29457.25,182,29457.25,29457.25,0.00
2026-08-04 09:48:22,29457.00,29458.25,29456.00,29457.50,192,29457.50,29457.50,0.00
2026-08-04 09:48:23,29458.50,29458.75,29453.75,29456.25,179,29456.25,29456.25,0.00
2026-08-04 09:48:24,29456.25,29458.25,29455.25,29457.50,177,29457.50,29457.50,0.00
2026-08-04 09:48:25,29457.00,29463.00,29456.00,29460.25,519,29460.25,29460.25,0.00
2026-08-04 09:48:26,29460.75,29461.50,29459.25,29459.50,346,29459.50,29459.50,0.00
2026-08-04 09:48:27,29459.25,29460.25,29456.50,29459.25,220,29459.25,29459.25,0.00
2026-08-04 09:48:28,29459.00,29461.25,29456.50,29457.00,146,29457.00,29457.00,0.00
2026-08-04 09:48:29,29457.00,29459.00,29455.50,29457.00,100,29457.00,29457.00,0.00
2026-08-04 09:48:30,29456.25,29456.25,29450.75,29453.00,252,29453.00,29453.00,0.00
2026-08-04 09:48:31,29452.25,29454.25,29448.50,29449.00,245,29449.00,29449.00,0.00
2026-08-04 09:48:32,29449.25,29451.75,29449.00,29449.50,120,29449.50,29449.50,0.00
2026-08-04 09:48:33,29449.25,29450.00,29446.25,29448.00,194,29448.00,29448.00,0.00
2026-08-04 09:48:34,29447.50,29450.75,29447.25,29449.00,128,29449.00,29449.00,0.00
2026-08-04 09:48:35,29449.25,29453.25,29447.75,29452.25,149,29452.25,29452.25,0.00
2026-08-04 09:48:36,29452.50,29455.25,29451.25,29454.50,106,29454.50,29454.50,0.00
2026-08-04 09:48:37,29454.50,29455.00,29452.50,29453.25,70,29453.25,29453.25,0.00
2026-08-04 09:48:38,29453.00,29455.75,29453.00,29455.00,92,29455.00,29455.00,0.00
2026-08-04 09:48:39,29456.00,29457.75,29453.75,29453.75,122,29453.75,29453.75,0.00
2026-08-04 09:48:40,29453.25,29454.75,29451.75,29453.75,83,29453.75,29453.75,0.00
2026-08-04 09:48:41,29453.75,29455.00,29452.75,29452.75,80,29452.75,29452.75,0.00
2026-08-04 09:48:42,29453.75,29453.75,29449.00,29450.25,75,29450.25,29450.25,0.00
2026-08-04 09:48:43,29449.25,29450.25,29447.75,29449.25,147,29449.25,29449.25,0.00
2026-08-04 09:48:44,29448.75,29451.00,29448.00,29450.00,118,29450.00,29450.00,0.00
2026-08-04 09:48:45,29450.25,29452.75,29450.25,29451.50,57,29451.50,29451.50,0.00
2026-08-04 09:48:46,29451.75,29453.25,29451.50,29452.00,50,29452.00,29452.00,0.00
2026-08-04 09:48:47,29451.75,29456.25,29451.00,29455.75,77,29455.75,29455.75,0.00
2026-08-04 09:48:48,29456.00,29457.25,29455.00,29456.00,74,29456.00,29456.00,0.00
2026-08-04 09:48:49,29455.75,29456.00,29453.50,29455.00,123,29455.00,29455.00,0.00
2026-08-04 09:48:50,29454.75,29456.75,29453.75,29456.00,61,29456.00,29456.00,0.00
2026-08-04 09:48:51,29455.50,29457.75,29454.75,29456.50,64,29456.50,29456.50,0.00
2026-08-04 09:48:52,29456.50,29457.75,29455.50,29455.50,61,29455.50,29455.50,0.00
2026-08-04 09:48:53,29455.25,29455.25,29450.75,29451.00,112,29451.00,29451.00,0.00
2026-08-04 09:48:54,29451.25,29453.00,29450.75,29451.00,84,29451.00,29451.00,0.00
2026-08-04 09:48:55,29451.00,29451.50,29448.00,29448.25,156,29448.25,29448.25,0.00
2026-08-04 09:48:56,29448.00,29448.00,29441.75,29445.75,363,29445.75,29445.75,0.00
2026-08-04 09:48:57,29445.75,29447.00,29443.75,29446.75,146,29446.75,29446.75,0.00
2026-08-04 09:48:58,29446.25,29447.25,29444.75,29447.25,70,29447.25,29447.25,0.00
2026-08-04 09:48:59,29447.00,29447.50,29445.00,29446.00,96,29446.00,29446.00,0.00
2026-08-04 09:49:00,29445.75,29448.25,29445.25,29448.25,54,29448.25,29448.25,0.00
2026-08-04 09:49:01,29448.00,29449.00,29445.75,29448.25,169,29448.25,29448.25,0.00
2026-08-04 09:49:02,29448.75,29450.00,29446.25,29448.25,153,29448.25,29448.25,0.00
2026-08-04 09:49:03,29448.25,29449.00,29446.50,29448.50,110,29448.50,29448.50,0.00
2026-08-04 09:49:04,29448.25,29450.25,29447.75,29448.75,129,29448.75,29448.75,0.00
2026-08-04 09:49:05,29449.00,29449.00,29443.75,29444.00,130,29444.00,29444.00,0.00
2026-08-04 09:49:06,29443.50,29445.00,29441.50,29441.75,161,29441.75,29441.75,0.00
2026-08-04 09:49:07,29443.00,29444.25,29441.50,29444.25,145,29444.25,29444.25,0.00
2026-08-04 09:49:08,29444.25,29448.75,29442.00,29442.75,171,29442.75,29442.75,0.00
2026-08-04 09:49:09,29442.25,29443.50,29439.25,29443.50,156,29443.50,29443.50,0.00
2026-08-04 09:49:10,29444.00,29444.00,29437.00,29438.25,248,29438.25,29438.25,0.00
2026-08-04 09:49:11,29439.25,29442.50,29438.00,29440.75,161,29440.75,29440.75,0.00
2026-08-04 09:49:12,29440.50,29442.00,29439.50,29440.50,119,29440.50,29440.50,0.00
2026-08-04 09:49:13,29440.00,29442.50,29439.75,29442.50,83,29442.50,29442.50,0.00
2026-08-04 09:49:14,29442.00,29446.00,29440.75,29444.25,174,29444.25,29444.25,0.00
2026-08-04 09:49:15,29444.50,29446.00,29442.00,29445.50,81,29445.50,29445.50,0.00
2026-08-04 09:49:16,29445.50,29447.75,29443.25,29444.75,151,29444.75,29444.75,0.00
2026-08-04 09:49:17,29444.25,29444.25,29442.00,29443.50,82,29443.50,29443.50,0.00
2026-08-04 09:49:18,29443.25,29447.75,29442.00,29447.75,102,29447.75,29447.75,0.00
2026-08-04 09:49:19,29448.00,29449.50,29446.75,29448.00,104,29448.00,29448.00,0.00
2026-08-04 09:49:20,29447.75,29449.00,29447.25,29448.50,44,29448.50,29448.50,0.00
2026-08-04 09:49:21,29449.50,29449.50,29447.25,29447.75,81,29447.75,29447.75,0.00
2026-08-04 09:49:22,29447.25,29449.25,29447.00,29447.25,106,29447.25,29447.25,0.00
2026-08-04 09:49:23,29448.25,29450.25,29446.50,29449.75,91,29449.75,29449.75,0.00
2026-08-04 09:49:24,29450.25,29452.50,29449.50,29450.50,188,29450.50,29450.50,0.00
2026-08-04 09:49:25,29449.75,29449.75,29444.75,29448.25,106,29448.25,29448.25,0.00
2026-08-04 09:49:26,29448.00,29448.00,29444.75,29445.25,74,29445.25,29445.25,0.00
2026-08-04 09:49:27,29445.25,29447.75,29445.00,29446.75,50,29446.75,29446.75,0.00
2026-08-04 09:49:28,29446.50,29449.00,29446.50,29448.50,45,29448.50,29448.50,0.00
2026-08-04 09:49:29,29448.50,29451.25,29448.50,29449.50,93,29449.50,29449.50,0.00
2026-08-04 09:49:30,29449.25,29451.50,29448.75,29450.25,72,29450.25,29450.25,0.00
2026-08-04 09:49:31,29450.25,29451.50,29449.00,29450.50,62,29450.50,29450.50,0.00
2026-08-04 09:49:32,29451.00,29452.25,29449.50,29450.00,87,29450.00,29450.00,0.00
2026-08-04 09:49:33,29449.75,29449.75,29447.25,29448.50,94,29448.50,29448.50,0.00
2026-08-04 09:49:34,29448.75,29448.75,29445.75,29446.25,71,29446.25,29446.25,0.00
2026-08-04 09:49:35,29446.25,29448.00,29445.75,29446.75,81,29446.75,29446.75,0.00
2026-08-04 09:49:36,29446.25,29446.25,29443.00,29444.00,86,29444.00,29444.00,0.00
2026-08-04 09:49:37,29444.00,29445.25,29441.75,29445.00,98,29445.00,29445.00,0.00
2026-08-04 09:49:38,29445.00,29445.50,29442.25,29443.50,103,29443.50,29443.50,0.00
2026-08-04 09:49:39,29443.00,29443.75,29442.25,29443.75,64,29443.75,29443.75,0.00
2026-08-04 09:49:40,29443.75,29446.00,29442.75,29445.25,87,29445.25,29445.25,0.00
2026-08-04 09:49:41,29445.00,29445.00,29443.50,29444.25,70,29444.25,29444.25,0.00
2026-08-04 09:49:42,29444.50,29444.75,29443.50,29444.50,43,29444.50,29444.50,0.00
2026-08-04 09:49:43,29445.00,29446.50,29444.50,29445.25,60,29445.25,29445.25,0.00
2026-08-04 09:49:44,29445.00,29445.00,29443.00,29444.50,76,29444.50,29444.50,0.00
2026-08-04 09:49:45,29444.25,29448.25,29443.75,29447.25,261,29447.25,29447.25,0.00
2026-08-04 09:49:46,29446.50,29448.50,29446.25,29447.50,124,29447.50,29447.50,0.00
2026-08-04 09:49:47,29447.25,29449.00,29446.50,29449.00,72,29449.00,29449.00,0.00
2026-08-04 09:49:48,29448.50,29450.00,29448.00,29448.25,94,29448.25,29448.25,0.00
2026-08-04 09:49:49,29448.00,29452.75,29447.25,29451.75,166,29451.75,29451.75,0.00
2026-08-04 09:49:50,29451.75,29452.50,29449.00,29451.00,133,29451.00,29451.00,0.00
2026-08-04 09:49:51,29450.75,29451.00,29448.25,29450.25,97,29450.25,29450.25,0.00
2026-08-04 09:49:52,29449.50,29452.25,29449.00,29451.00,96,29451.00,29451.00,0.00
2026-08-04 09:49:53,29450.75,29450.75,29447.50,29448.50,68,29448.50,29448.50,0.00
2026-08-04 09:49:54,29450.25,29452.75,29450.00,29451.75,76,29451.75,29451.75,0.00
2026-08-04 09:49:55,29451.25,29454.50,29451.00,29453.25,133,29453.25,29453.25,0.00
2026-08-04 09:49:56,29453.50,29453.75,29451.25,29452.75,96,29452.75,29452.75,0.00
2026-08-04 09:49:57,29452.50,29458.25,29452.25,29457.25,274,29457.25,29457.25,0.00
2026-08-04 09:49:58,29457.00,29457.25,29454.50,29455.00,136,29455.00,29455.00,0.00
2026-08-04 09:49:59,29455.00,29456.50,29454.50,29455.25,109,29455.25,29455.25,0.00
2026-08-04 09:50:00,29455.50,29459.00,29455.50,29459.00,99,29459.00,29459.00,0.00
2026-08-04 09:50:01,29459.25,29463.00,29458.75,29460.25,560,29460.25,29460.25,0.00
2026-08-04 09:50:02,29460.00,29465.00,29459.00,29461.75,531,29461.75,29461.75,0.00
2026-08-04 09:50:03,29462.00,29462.50,29454.75,29459.50,364,29459.50,29459.50,0.00
2026-08-04 09:50:04,29459.50,29462.25,29458.75,29461.75,197,29461.75,29461.75,0.00
2026-08-04 09:50:05,29461.75,29462.50,29458.25,29459.75,102,29459.75,29459.75,0.00
2026-08-04 09:50:06,29460.00,29487.75,29459.25,29485.50,2982,29485.50,29485.50,0.00
2026-08-04 09:50:07,29486.00,29486.00,29481.50,29483.75,698,29483.75,29483.75,0.00
2026-08-04 09:50:08,29483.00,29490.00,29481.75,29488.00,747,29488.00,29488.00,0.00
2026-08-04 09:50:09,29489.00,29491.25,29485.50,29491.25,400,29491.25,29491.25,0.00
2026-08-04 09:50:10,29490.50,29493.75,29490.00,29492.75,348,29492.75,29492.75,0.00
2026-08-04 09:50:11,29492.75,29493.75,29488.75,29491.25,338,29491.25,29491.25,0.00
2026-08-04 09:50:12,29491.50,29494.00,29491.00,29492.25,281,29492.25,29492.25,0.00
2026-08-04 09:50:13,29491.50,29497.75,29491.00,29497.25,382,29497.25,29497.25,0.00
2026-08-04 09:50:14,29497.50,29499.00,29496.25,29497.75,299,29497.75,29497.75,0.00
2026-08-04 09:50:15,29497.00,29498.25,29493.00,29493.50,326,29493.50,29493.50,0.00
2026-08-04 09:50:16,29493.25,29494.25,29486.25,29488.50,427,29488.50,29488.50,0.00
2026-08-04 09:50:17,29487.50,29490.75,29486.50,29490.00,191,29490.00,29490.00,0.00
2026-08-04 09:50:18,29489.75,29491.25,29488.25,29488.75,196,29488.75,29488.75,0.00
2026-08-04 09:50:19,29489.25,29490.25,29487.50,29488.75,200,29488.75,29488.75,0.00
2026-08-04 09:50:20,29489.50,29491.50,29487.75,29488.25,245,29488.25,29488.25,0.00
2026-08-04 09:50:21,29488.25,29489.25,29485.50,29487.25,281,29487.25,29487.25,0.00
2026-08-04 09:50:22,29487.00,29488.00,29484.00,29485.00,170,29485.00,29485.00,0.00
2026-08-04 09:50:23,29484.25,29486.75,29483.00,29485.00,166,29485.00,29485.00,0.00
2026-08-04 09:50:24,29485.25,29488.00,29485.00,29486.25,158,29486.25,29486.25,0.00
2026-08-04 09:50:25,29486.00,29487.75,29485.75,29487.00,123,29487.00,29487.00,0.00
2026-08-04 09:50:26,29486.75,29487.75,29485.25,29486.00,107,29486.00,29486.00,0.00
2026-08-04 09:50:27,29486.25,29489.50,29486.00,29489.50,133,29489.50,29489.50,0.00
2026-08-04 09:50:28,29489.50,29492.50,29489.50,29492.50,155,29492.50,29492.50,0.00
2026-08-04 09:50:29,29492.00,29495.00,29491.50,29494.75,141,29494.75,29494.75,0.00
2026-08-04 09:50:30,29495.25,29497.00,29494.75,29496.00,145,29496.00,29496.00,0.00
2026-08-04 09:50:31,29495.75,29497.25,29492.50,29497.25,222,29497.25,29497.25,0.00
2026-08-04 09:50:32,29496.75,29499.00,29495.50,29496.75,250,29496.75,29496.75,0.00
2026-08-04 09:50:33,29496.50,29497.50,29495.75,29497.50,164,29497.50,29497.50,0.00
2026-08-04 09:50:34,29497.25,29497.25,29495.75,29496.25,148,29496.25,29496.25,0.00
2026-08-04 09:50:35,29496.25,29498.25,29496.00,29497.75,123,29497.75,29497.75,0.00
2026-08-04 09:50:36,29498.00,29498.75,29496.25,29497.25,189,29497.25,29497.25,0.00
2026-08-04 09:50:37,29496.75,29497.50,29492.75,29493.50,182,29493.50,29493.50,0.00
2026-08-04 09:50:38,29493.00,29494.25,29492.00,29493.00,195,29493.00,29493.00,0.00
2026-08-04 09:50:39,29493.50,29494.75,29493.00,29494.75,106,29494.75,29494.75,0.00
2026-08-04 09:50:40,29494.75,29495.25,29492.00,29492.00,157,29492.00,29492.00,0.00
2026-08-04 09:50:41,29492.25,29492.25,29490.00,29492.25,146,29492.25,29492.25,0.00
2026-08-04 09:50:42,29491.50,29492.75,29490.50,29490.50,117,29490.50,29490.50,0.00
2026-08-04 09:50:43,29490.50,29490.50,29485.50,29488.25,233,29488.25,29488.25,0.00
2026-08-04 09:50:44,29488.00,29488.50,29484.75,29485.00,143,29485.00,29485.00,0.00
2026-08-04 09:50:45,29484.50,29485.00,29482.00,29482.75,235,29482.75,29482.75,0.00
2026-08-04 09:50:46,29483.00,29484.00,29482.00,29482.75,154,29482.75,29482.75,0.00
2026-08-04 09:50:47,29482.75,29485.50,29482.25,29483.25,163,29483.25,29483.25,0.00
2026-08-04 09:50:48,29483.00,29484.50,29482.00,29484.50,105,29484.50,29484.50,0.00
2026-08-04 09:50:49,29484.00,29484.75,29482.75,29483.25,109,29483.25,29483.25,0.00
2026-08-04 09:50:50,29483.00,29484.50,29481.75,29483.25,128,29483.25,29483.25,0.00
2026-08-04 09:50:51,29483.50,29484.75,29482.50,29484.50,123,29484.50,29484.50,0.00
2026-08-04 09:50:52,29484.50,29484.75,29482.00,29484.00,159,29484.00,29484.00,0.00
2026-08-04 09:50:53,29483.75,29486.75,29483.75,29485.25,178,29485.25,29485.25,0.00
2026-08-04 09:50:54,29485.25,29486.50,29484.75,29485.25,64,29485.25,29485.25,0.00
2026-08-04 09:50:55,29485.00,29488.50,29484.50,29487.75,139,29487.75,29487.75,0.00
2026-08-04 09:50:56,29487.75,29491.00,29487.25,29490.75,152,29490.75,29490.75,0.00
2026-08-04 09:50:57,29490.25,29490.75,29489.50,29490.00,110,29490.00,29490.00,0.00
2026-08-04 09:50:58,29489.25,29489.50,29486.00,29487.75,176,29487.75,29487.75,0.00
2026-08-04 09:50:59,29488.00,29488.50,29485.25,29486.00,116,29486.00,29486.00,0.00
2026-08-04 09:51:00,29486.25,29486.75,29484.00,29485.50,101,29485.50,29485.50,0.00
2026-08-04 09:51:01,29486.25,29486.25,29483.25,29484.00,183,29484.00,29484.00,0.00
2026-08-04 09:51:02,29484.00,29488.00,29483.50,29487.50,202,29487.50,29487.50,0.00
2026-08-04 09:51:03,29487.75,29491.25,29487.50,29488.75,147,29488.75,29488.75,0.00
2026-08-04 09:51:04,29488.50,29491.25,29487.50,29490.00,154,29490.00,29490.00,0.00
2026-08-04 09:51:05,29488.75,29488.75,29485.25,29488.00,115,29488.00,29488.00,0.00
2026-08-04 09:51:06,29488.00,29490.25,29487.75,29488.00,132,29488.00,29488.00,0.00
2026-08-04 09:51:07,29488.25,29488.50,29486.75,29488.00,84,29488.00,29488.00,0.00
2026-08-04 09:51:08,29487.75,29489.50,29487.00,29488.50,85,29488.50,29488.50,0.00
2026-08-04 09:51:09,29488.00,29489.50,29486.00,29487.00,86,29487.00,29487.00,0.00
2026-08-04 09:51:10,29487.25,29491.75,29486.00,29490.25,168,29490.25,29490.25,0.00
2026-08-04 09:51:11,29490.00,29492.25,29489.25,29490.75,105,29490.75,29490.75,0.00
2026-08-04 09:51:12,29490.75,29492.50,29489.75,29492.50,101,29492.50,29492.50,0.00
2026-08-04 09:51:13,29492.25,29492.25,29489.25,29490.00,109,29490.00,29490.00,0.00
2026-08-04 09:51:14,29490.25,29491.50,29490.25,29491.00,76,29491.00,29491.00,0.00
2026-08-04 09:51:15,29490.75,29496.50,29490.75,29496.25,241,29496.25,29496.25,0.00
2026-08-04 09:51:16,29496.25,29497.25,29495.25,29496.00,157,29496.00,29496.00,0.00
2026-08-04 09:51:17,29496.50,29498.75,29496.00,29496.75,182,29496.75,29496.75,0.00
2026-08-04 09:51:18,29496.25,29498.00,29496.00,29497.25,128,29497.25,29497.25,0.00
2026-08-04 09:51:19,29497.50,29500.00,29494.25,29494.75,429,29494.75,29494.75,0.00
2026-08-04 09:51:20,29494.75,29496.25,29494.25,29495.50,160,29495.50,29495.50,0.00
2026-08-04 09:51:21,29495.50,29497.00,29494.25,29495.75,128,29495.75,29495.75,0.00
2026-08-04 09:51:22,29496.00,29498.25,29495.50,29497.75,91,29497.75,29497.75,0.00
2026-08-04 09:51:23,29497.75,29501.00,29497.25,29499.50,496,29499.50,29499.50,0.00
2026-08-04 09:51:24,29499.00,29501.50,29498.25,29500.50,223,29500.50,29500.50,0.00
2026-08-04 09:51:25,29500.25,29501.50,29498.75,29499.75,155,29499.75,29499.75,0.00
2026-08-04 09:51:26,29499.00,29500.00,29498.00,29498.50,132,29498.50,29498.50,0.00
2026-08-04 09:51:27,29498.50,29499.00,29496.00,29496.25,116,29496.25,29496.25,0.00
2026-08-04 09:51:28,29496.50,29496.50,29494.50,29495.75,76,29495.75,29495.75,0.00
2026-08-04 09:51:29,29495.50,29497.75,29495.25,29497.00,125,29497.00,29497.00,0.00
2026-08-04 09:51:30,29497.25,29497.75,29496.00,29496.75,81,29496.75,29496.75,0.00
2026-08-04 09:51:31,29496.50,29497.00,29495.00,29495.25,80,29495.25,29495.25,0.00
2026-08-04 09:51:32,29495.00,29497.00,29495.00,29496.50,115,29496.50,29496.50,0.00
2026-08-04 09:51:33,29496.75,29499.50,29496.25,29499.50,108,29499.50,29499.50,0.00
2026-08-04 09:51:34,29498.75,29499.75,29493.50,29494.75,452,29494.75,29494.75,0.00
2026-08-04 09:51:35,29494.75,29495.75,29493.50,29495.25,120,29495.25,29495.25,0.00
2026-08-04 09:51:36,29494.25,29494.75,29492.75,29494.75,89,29494.75,29494.75,0.00
2026-08-04 09:51:37,29494.25,29495.50,29493.25,29495.50,77,29495.50,29495.50,0.00
2026-08-04 09:51:38,29495.00,29495.75,29493.75,29494.50,84,29494.50,29494.50,0.00
2026-08-04 09:51:39,29494.25,29494.25,29491.00,29492.50,222,29492.50,29492.50,0.00
2026-08-04 09:51:40,29492.75,29497.00,29492.50,29496.25,120,29496.25,29496.25,0.00
2026-08-04 09:51:41,29497.00,29498.00,29496.00,29497.75,63,29497.75,29497.75,0.00
2026-08-04 09:51:42,29497.25,29498.00,29496.00,29496.75,50,29496.75,29496.75,0.00
2026-08-04 09:51:43,29496.25,29497.50,29495.75,29497.25,48,29497.25,29497.25,0.00
2026-08-04 09:51:44,29497.25,29499.50,29497.00,29498.00,116,29498.00,29498.00,0.00
2026-08-04 09:51:45,29497.50,29498.25,29496.25,29497.25,99,29497.25,29497.25,0.00
2026-08-04 09:51:46,29498.00,29498.25,29494.75,29495.50,74,29495.50,29495.50,0.00
2026-08-04 09:51:47,29495.75,29495.75,29493.25,29495.00,93,29495.00,29495.00,0.00
2026-08-04 09:51:48,29495.25,29496.00,29494.00,29495.75,70,29495.75,29495.75,0.00
2026-08-04 09:51:49,29495.75,29496.00,29494.00,29494.75,72,29494.75,29494.75,0.00
2026-08-04 09:51:50,29495.00,29496.25,29494.50,29494.75,83,29494.75,29494.75,0.00
2026-08-04 09:51:51,29495.00,29495.00,29492.75,29493.25,60,29493.25,29493.25,0.00
2026-08-04 09:51:52,29493.50,29494.25,29490.50,29490.75,110,29490.75,29490.75,0.00
2026-08-04 09:51:53,29491.00,29491.75,29488.50,29491.25,184,29491.25,29491.25,0.00
2026-08-04 09:51:54,29491.00,29492.50,29489.50,29489.50,101,29489.50,29489.50,0.00
2026-08-04 09:51:55,29489.75,29490.50,29487.50,29488.00,115,29488.00,29488.00,0.00
2026-08-04 09:51:56,29488.00,29488.50,29486.25,29487.75,79,29487.75,29487.75,0.00
2026-08-04 09:51:57,29487.50,29489.00,29487.00,29487.75,106,29487.75,29487.75,0.00
2026-08-04 09:51:58,29487.00,29488.25,29486.75,29487.25,71,29487.25,29487.25,0.00
2026-08-04 09:51:59,29487.25,29487.25,29484.25,29485.25,188,29485.25,29485.25,0.00
2026-08-04 09:52:00,29485.25,29487.50,29484.50,29486.25,164,29486.25,29486.25,0.00
2026-08-04 09:52:01,29486.50,29487.25,29485.00,29487.00,174,29487.00,29487.00,0.00
2026-08-04 09:52:02,29486.50,29488.50,29483.75,29488.00,135,29488.00,29488.00,0.00
2026-08-04 09:52:03,29488.00,29490.50,29487.75,29489.75,129,29489.75,29489.75,0.00
2026-08-04 09:52:04,29489.75,29489.75,29485.00,29488.25,206,29488.25,29488.25,0.00
2026-08-04 09:52:05,29487.75,29490.50,29487.25,29487.75,100,29487.75,29487.75,0.00
2026-08-04 09:52:06,29487.25,29487.75,29484.50,29485.25,100,29485.25,29485.25,0.00
2026-08-04 09:52:07,29485.25,29485.25,29481.00,29484.50,325,29484.50,29484.50,0.00
2026-08-04 09:52:08,29485.00,29485.25,29482.00,29483.25,96,29483.25,29483.25,0.00
2026-08-04 09:52:09,29483.00,29484.25,29482.25,29482.50,150,29482.50,29482.50,0.00
2026-08-04 09:52:10,29482.00,29482.00,29478.75,29480.00,393,29480.00,29480.00,0.00
2026-08-04 09:52:11,29480.25,29482.25,29479.00,29479.00,337,29479.00,29479.00,0.00
2026-08-04 09:52:12,29480.00,29483.75,29480.00,29483.75,191,29483.75,29483.75,0.00
2026-08-04 09:52:13,29483.50,29484.50,29481.50,29481.75,91,29481.75,29481.75,0.00
2026-08-04 09:52:14,29482.25,29483.50,29481.25,29482.75,81,29482.75,29482.75,0.00
2026-08-04 09:52:15,29482.50,29486.75,29482.00,29486.75,115,29486.75,29486.75,0.00
2026-08-04 09:52:16,29486.25,29487.50,29484.25,29484.75,117,29484.75,29484.75,0.00
2026-08-04 09:52:17,29485.00,29486.00,29484.50,29485.50,71,29485.50,29485.50,0.00
2026-08-04 09:52:18,29486.00,29487.25,29485.25,29487.00,45,29487.00,29487.00,0.00
2026-08-04 09:52:19,29487.00,29487.50,29481.00,29484.25,140,29484.25,29484.25,0.00
2026-08-04 09:52:20,29484.00,29486.00,29483.50,29485.75,66,29485.75,29485.75,0.00
2026-08-04 09:52:21,29485.25,29489.50,29484.75,29487.75,100,29487.75,29487.75,0.00
2026-08-04 09:52:22,29488.00,29489.00,29487.25,29488.00,80,29488.00,29488.00,0.00
2026-08-04 09:52:23,29487.75,29489.50,29486.25,29489.00,108,29489.00,29489.00,0.00
2026-08-04 09:52:24,29489.75,29492.75,29489.75,29492.75,134,29492.75,29492.75,0.00
2026-08-04 09:52:25,29492.50,29492.50,29489.25,29489.75,123,29489.75,29489.75,0.00
2026-08-04 09:52:26,29490.00,29491.50,29489.00,29491.50,86,29491.50,29491.50,0.00
2026-08-04 09:52:27,29491.75,29492.75,29490.50,29490.50,73,29490.50,29490.50,0.00
2026-08-04 09:52:28,29490.00,29492.25,29488.50,29488.75,110,29488.75,29488.75,0.00
2026-08-04 09:52:29,29489.00,29489.25,29485.25,29488.25,194,29488.25,29488.25,0.00
2026-08-04 09:52:30,29488.00,29488.25,29486.25,29487.00,52,29487.00,29487.00,0.00
2026-08-04 09:52:31,29487.00,29487.00,29484.75,29484.75,87,29484.75,29484.75,0.00
2026-08-04 09:52:32,29485.00,29486.50,29483.00,29485.75,117,29485.75,29485.75,0.00
2026-08-04 09:52:33,29486.75,29487.50,29484.50,29485.00,56,29485.00,29485.00,0.00
2026-08-04 09:52:34,29485.25,29488.25,29485.25,29488.00,71,29488.00,29488.00,0.00
2026-08-04 09:52:35,29488.50,29489.75,29488.00,29488.25,77,29488.25,29488.25,0.00
2026-08-04 09:52:36,29488.00,29489.25,29486.75,29488.50,81,29488.50,29488.50,0.00
2026-08-04 09:52:37,29489.00,29490.50,29488.25,29488.50,52,29488.50,29488.50,0.00
2026-08-04 09:52:38,29488.25,29488.25,29486.25,29487.00,74,29487.00,29487.00,0.00
2026-08-04 09:52:39,29486.75,29487.00,29484.50,29486.25,103,29486.25,29486.25,0.00
2026-08-04 09:52:40,29486.50,29486.50,29482.50,29485.50,110,29485.50,29485.50,0.00
2026-08-04 09:52:41,29485.75,29488.50,29485.50,29488.25,123,29488.25,29488.25,0.00
2026-08-04 09:52:42,29487.25,29489.00,29486.75,29488.50,94,29488.50,29488.50,0.00
2026-08-04 09:52:43,29487.25,29488.75,29487.25,29487.75,58,29487.75,29487.75,0.00
2026-08-04 09:52:44,29488.50,29490.25,29487.75,29489.00,52,29489.00,29489.00,0.00
2026-08-04 09:52:45,29488.75,29491.75,29488.75,29491.25,74,29491.25,29491.25,0.00
2026-08-04 09:52:46,29490.50,29493.00,29489.75,29492.00,84,29492.00,29492.00,0.00
2026-08-04 09:52:47,29492.25,29492.50,29491.00,29492.50,80,29492.50,29492.50,0.00
2026-08-04 09:52:48,29491.75,29492.75,29491.00,29492.00,95,29492.00,29492.00,0.00
2026-08-04 09:52:49,29492.25,29493.00,29489.75,29490.25,126,29490.25,29490.25,0.00
2026-08-04 09:52:50,29490.50,29491.50,29490.25,29491.25,35,29491.25,29491.25,0.00
2026-08-04 09:52:51,29491.25,29493.00,29490.25,29492.25,113,29492.25,29492.25,0.00
2026-08-04 09:52:52,29492.25,29492.50,29491.00,29491.00,71,29491.00,29491.00,0.00
2026-08-04 09:52:53,29490.75,29491.50,29489.25,29491.25,76,29491.25,29491.25,0.00
2026-08-04 09:52:54,29491.00,29494.50,29491.00,29493.50,154,29493.50,29493.50,0.00
2026-08-04 09:52:55,29493.25,29495.00,29492.25,29492.25,154,29492.25,29492.25,0.00
2026-08-04 09:52:56,29492.25,29492.25,29490.75,29491.50,65,29491.50,29491.50,0.00
2026-08-04 09:52:57,29491.50,29491.50,29490.25,29490.25,48,29490.25,29490.25,0.00
2026-08-04 09:52:58,29490.00,29490.00,29488.25,29489.25,70,29489.25,29489.25,0.00
2026-08-04 09:52:59,29489.50,29491.25,29489.50,29491.25,58,29491.25,29491.25,0.00
2026-08-04 09:53:00,29491.00,29491.50,29487.00,29491.50,211,29491.50,29491.50,0.00
2026-08-04 09:53:01,29491.50,29493.75,29491.00,29493.25,117,29493.25,29493.25,0.00
2026-08-04 09:53:02,29492.75,29492.75,29491.25,29492.50,56,29492.50,29492.50,0.00
2026-08-04 09:53:03,29492.50,29493.50,29491.75,29492.75,81,29492.75,29492.75,0.00
2026-08-04 09:53:04,29492.25,29492.25,29490.00,29490.00,62,29490.00,29490.00,0.00
2026-08-04 09:53:05,29489.75,29492.50,29489.00,29491.00,94,29491.00,29491.00,0.00
2026-08-04 09:53:06,29491.50,29492.00,29489.75,29490.75,71,29490.75,29490.75,0.00
2026-08-04 09:53:07,29490.00,29491.00,29488.25,29491.00,140,29491.00,29491.00,0.00
2026-08-04 09:53:08,29491.25,29496.75,29491.25,29493.75,268,29493.75,29493.75,0.00
2026-08-04 09:53:09,29494.00,29495.75,29493.25,29494.75,87,29494.75,29494.75,0.00
2026-08-04 09:53:10,29494.75,29497.00,29494.50,29496.25,104,29496.25,29496.25,0.00
2026-08-04 09:53:11,29496.50,29496.50,29491.75,29493.00,130,29493.00,29493.00,0.00
2026-08-04 09:53:12,29492.50,29493.00,29489.75,29491.50,139,29491.50,29491.50,0.00
2026-08-04 09:53:13,29491.25,29492.25,29490.75,29491.50,100,29491.50,29491.50,0.00
2026-08-04 09:53:14,29490.50,29492.50,29490.00,29490.50,86,29490.50,29490.50,0.00
2026-08-04 09:53:15,29490.50,29491.50,29487.50,29487.50,85,29487.50,29487.50,0.00
2026-08-04 09:53:16,29487.75,29488.75,29485.75,29486.25,150,29486.25,29486.25,0.00
2026-08-04 09:53:17,29486.25,29487.50,29484.50,29486.50,123,29486.50,29486.50,0.00
2026-08-04 09:53:18,29486.50,29488.75,29485.25,29488.25,100,29488.25,29488.25,0.00
2026-08-04 09:53:19,29488.00,29488.75,29482.50,29486.50,316,29486.50,29486.50,0.00
2026-08-04 09:53:20,29486.75,29487.25,29484.75,29485.25,67,29485.25,29485.25,0.00
2026-08-04 09:53:21,29484.75,29485.50,29484.00,29484.00,105,29484.00,29484.00,0.00
2026-08-04 09:53:22,29484.00,29487.50,29482.25,29487.25,137,29487.25,29487.25,0.00
2026-08-04 09:53:23,29487.75,29487.75,29482.75,29483.00,127,29483.00,29483.00,0.00
2026-08-04 09:53:24,29483.25,29484.00,29480.75,29481.75,98,29481.75,29481.75,0.00
2026-08-04 09:53:25,29481.75,29482.50,29480.75,29482.50,77,29482.50,29482.50,0.00
2026-08-04 09:53:26,29482.25,29486.00,29482.00,29486.00,159,29486.00,29486.00,0.00
2026-08-04 09:53:27,29485.75,29488.00,29483.75,29485.00,241,29485.00,29485.00,0.00
2026-08-04 09:53:28,29484.75,29484.75,29482.25,29483.25,75,29483.25,29483.25,0.00
2026-08-04 09:53:29,29483.25,29485.25,29482.75,29483.75,63,29483.75,29483.75,0.00
2026-08-04 09:53:30,29483.25,29483.25,29480.25,29482.00,112,29482.00,29482.00,0.00
2026-08-04 09:53:31,29482.00,29483.75,29480.25,29483.50,88,29483.50,29483.50,0.00
2026-08-04 09:53:32,29483.25,29485.50,29482.75,29483.50,126,29483.50,29483.50,0.00
2026-08-04 09:53:33,29483.25,29484.25,29478.50,29478.75,135,29478.75,29478.75,0.00
2026-08-04 09:53:34,29478.50,29478.50,29475.50,29476.00,327,29476.00,29476.00,0.00
2026-08-04 09:53:35,29476.00,29478.75,29473.75,29478.75,359,29478.75,29478.75,0.00
2026-08-04 09:53:36,29479.00,29481.50,29478.50,29479.50,227,29479.50,29479.50,0.00
2026-08-04 09:53:37,29479.75,29481.50,29478.50,29480.50,69,29480.50,29480.50,0.00
2026-08-04 09:53:38,29480.00,29483.00,29479.25,29483.00,85,29483.00,29483.00,0.00
2026-08-04 09:53:39,29483.00,29485.00,29482.75,29483.75,88,29483.75,29483.75,0.00
2026-08-04 09:53:40,29484.25,29486.25,29484.00,29485.50,110,29485.50,29485.50,0.00
2026-08-04 09:53:41,29485.25,29489.75,29485.25,29487.75,216,29487.75,29487.75,0.00
2026-08-04 09:53:42,29487.50,29489.75,29486.50,29488.00,108,29488.00,29488.00,0.00
2026-08-04 09:53:43,29488.00,29488.00,29485.00,29486.25,56,29486.25,29486.25,0.00
2026-08-04 09:53:44,29486.25,29486.50,29484.00,29485.75,37,29485.75,29485.75,0.00
2026-08-04 09:53:45,29486.25,29486.50,29484.25,29485.25,66,29485.25,29485.25,0.00
2026-08-04 09:53:46,29484.25,29485.75,29483.00,29484.50,45,29484.50,29484.50,0.00
2026-08-04 09:53:47,29485.00,29486.00,29484.50,29485.25,76,29485.25,29485.25,0.00
2026-08-04 09:53:48,29485.50,29485.75,29482.00,29482.50,61,29482.50,29482.50,0.00
2026-08-04 09:53:49,29483.00,29485.00,29483.00,29484.25,43,29484.25,29484.25,0.00
2026-08-04 09:53:50,29484.00,29484.75,29482.75,29483.75,69,29483.75,29483.75,0.00
2026-08-04 09:53:51,29483.75,29485.25,29483.75,29485.00,60,29485.00,29485.00,0.00
2026-08-04 09:53:52,29485.00,29485.50,29480.25,29480.25,130,29480.25,29480.25,0.00
2026-08-04 09:53:53,29480.50,29480.75,29479.75,29480.75,70,29480.75,29480.75,0.00
2026-08-04 09:53:54,29481.50,29484.50,29480.75,29484.25,81,29484.25,29484.25,0.00
2026-08-04 09:53:55,29484.00,29486.00,29482.00,29484.25,144,29484.25,29484.25,0.00
2026-08-04 09:53:56,29484.25,29485.75,29484.25,29485.25,54,29485.25,29485.25,0.00
2026-08-04 09:53:57,29486.00,29489.00,29486.00,29488.25,118,29488.25,29488.25,0.00
2026-08-04 09:53:58,29488.25,29490.00,29488.00,29488.25,142,29488.25,29488.25,0.00
2026-08-04 09:53:59,29488.25,29488.50,29486.50,29488.50,83,29488.50,29488.50,0.00
2026-08-04 09:54:00,29488.75,29490.75,29488.50,29490.50,71,29490.50,29490.50,0.00
2026-08-04 09:54:01,29490.25,29492.25,29489.75,29490.50,152,29490.50,29490.50,0.00
2026-08-04 09:54:02,29490.25,29495.00,29490.25,29493.75,195,29493.75,29493.75,0.00
2026-08-04 09:54:03,29494.50,29496.00,29493.50,29495.75,156,29495.75,29495.75,0.00
2026-08-04 09:54:04,29495.25,29496.25,29494.50,29496.25,85,29496.25,29496.25,0.00
2026-08-04 09:54:05,29495.75,29498.50,29495.25,29498.50,200,29498.50,29498.50,0.00
2026-08-04 09:54:06,29498.50,29499.50,29495.50,29496.00,257,29496.00,29496.00,0.00
2026-08-04 09:54:07,29496.25,29497.25,29494.50,29494.50,168,29494.50,29494.50,0.00
2026-08-04 09:54:08,29495.00,29497.00,29494.00,29496.00,133,29496.00,29496.00,0.00
2026-08-04 09:54:09,29495.25,29495.75,29494.00,29494.75,78,29494.75,29494.75,0.00
2026-08-04 09:54:10,29494.50,29495.00,29493.25,29493.25,86,29493.25,29493.25,0.00
2026-08-04 09:54:11,29493.25,29494.00,29492.00,29493.25,74,29493.25,29493.25,0.00
2026-08-04 09:54:12,29493.50,29493.50,29492.00,29493.00,85,29493.00,29493.00,0.00
2026-08-04 09:54:13,29493.50,29493.75,29491.50,29492.75,102,29492.75,29492.75,0.00
2026-08-04 09:54:14,29493.00,29494.25,29492.25,29493.50,75,29493.50,29493.50,0.00
2026-08-04 09:54:15,29493.00,29496.00,29492.25,29495.75,58,29495.75,29495.75,0.00
2026-08-04 09:54:16,29496.00,29496.50,29493.00,29493.00,75,29493.00,29493.00,0.00
2026-08-04 09:54:17,29492.75,29493.75,29491.75,29493.00,118,29493.00,29493.00,0.00
2026-08-04 09:54:18,29493.00,29494.00,29492.25,29493.00,62,29493.00,29493.00,0.00
2026-08-04 09:54:19,29492.75,29494.00,29491.50,29492.25,91,29492.25,29492.25,0.00
2026-08-04 09:54:20,29492.25,29493.75,29492.00,29493.25,51,29493.25,29493.25,0.00
2026-08-04 09:54:21,29493.25,29494.25,29492.50,29493.00,65,29493.00,29493.00,0.00
2026-08-04 09:54:22,29492.75,29493.00,29489.25,29489.75,164,29489.75,29489.75,0.00
2026-08-04 09:54:23,29490.00,29491.00,29489.50,29490.25,59,29490.25,29490.25,0.00
2026-08-04 09:54:24,29490.00,29490.25,29486.50,29486.75,116,29486.75,29486.75,0.00
2026-08-04 09:54:25,29487.00,29487.75,29484.75,29485.50,161,29485.50,29485.50,0.00
2026-08-04 09:54:26,29485.50,29486.50,29483.50,29485.75,125,29485.75,29485.75,0.00
2026-08-04 09:54:27,29485.50,29485.75,29482.75,29483.50,102,29483.50,29483.50,0.00
2026-08-04 09:54:28,29483.75,29484.50,29482.75,29484.50,143,29484.50,29484.50,0.00
2026-08-04 09:54:29,29484.25,29484.75,29482.75,29484.25,116,29484.25,29484.25,0.00
2026-08-04 09:54:30,29484.50,29486.75,29484.25,29486.25,100,29486.25,29486.25,0.00
2026-08-04 09:54:31,29486.00,29489.00,29485.50,29488.75,120,29488.75,29488.75,0.00
2026-08-04 09:54:32,29488.75,29489.50,29487.75,29489.25,44,29489.25,29489.25,0.00
2026-08-04 09:54:33,29489.50,29490.75,29489.25,29490.25,94,29490.25,29490.25,0.00
2026-08-04 09:54:34,29489.75,29490.25,29487.25,29489.00,78,29489.00,29489.00,0.00
2026-08-04 09:54:35,29489.25,29489.75,29488.25,29488.25,59,29488.25,29488.25,0.00
2026-08-04 09:54:36,29487.75,29489.00,29486.50,29488.25,64,29488.25,29488.25,0.00
2026-08-04 09:54:37,29488.25,29488.50,29487.25,29487.50,49,29487.50,29487.50,0.00
2026-08-04 09:54:38,29487.25,29488.00,29485.00,29487.00,90,29487.00,29487.00,0.00
2026-08-04 09:54:39,29487.75,29488.50,29485.75,29488.50,72,29488.50,29488.50,0.00
2026-08-04 09:54:40,29487.50,29488.25,29486.75,29487.50,55,29487.50,29487.50,0.00
2026-08-04 09:54:41,29487.75,29489.50,29486.50,29489.25,62,29489.25,29489.25,0.00
2026-08-04 09:54:42,29489.50,29490.50,29488.50,29490.50,49,29490.50,29490.50,0.00
2026-08-04 09:54:43,29490.50,29493.50,29490.25,29493.25,94,29493.25,29493.25,0.00
2026-08-04 09:54:44,29494.00,29495.00,29493.25,29493.25,97,29493.25,29493.25,0.00
2026-08-04 09:54:45,29493.75,29495.25,29493.25,29495.25,146,29495.25,29495.25,0.00
2026-08-04 09:54:46,29494.75,29495.25,29493.25,29494.25,133,29494.25,29494.25,0.00
2026-08-04 09:54:47,29493.50,29494.50,29492.25,29493.00,61,29493.00,29493.00,0.00
2026-08-04 09:54:48,29492.75,29493.50,29491.75,29492.75,48,29492.75,29492.75,0.00
2026-08-04 09:54:49,29492.75,29493.75,29491.75,29493.75,40,29493.75,29493.75,0.00
2026-08-04 09:54:50,29494.00,29494.50,29493.00,29493.75,66,29493.75,29493.75,0.00
2026-08-04 09:54:51,29493.25,29493.25,29490.25,29492.00,57,29492.00,29492.00,0.00
2026-08-04 09:54:52,29492.00,29492.75,29491.75,29492.50,36,29492.50,29492.50,0.00
2026-08-04 09:54:53,29492.75,29497.00,29492.75,29496.25,124,29496.25,29496.25,0.00
2026-08-04 09:54:54,29495.75,29497.00,29495.50,29495.75,63,29495.75,29495.75,0.00
2026-08-04 09:54:55,29496.25,29498.25,29494.75,29497.50,126,29497.50,29497.50,0.00
2026-08-04 09:54:56,29498.25,29504.50,29498.00,29502.25,825,29502.25,29502.25,0.00
2026-08-04 09:54:57,29502.50,29502.75,29501.00,29501.50,173,29501.50,29501.50,0.00
2026-08-04 09:54:58,29501.50,29501.50,29499.25,29499.75,160,29499.75,29499.75,0.00
2026-08-04 09:54:59,29499.50,29500.50,29498.50,29499.25,165,29499.25,29499.25,0.00
2026-08-04 09:55:00,29499.75,29501.25,29499.75,29500.75,129,29500.75,29500.75,0.00
2026-08-04 09:55:01,29501.25,29502.25,29499.00,29499.25,156,29499.25,29499.25,0.00
2026-08-04 09:55:02,29499.75,29501.50,29498.75,29499.75,136,29499.75,29499.75,0.00
2026-08-04 09:55:03,29499.75,29500.25,29495.50,29495.75,230,29495.75,29495.75,0.00
2026-08-04 09:55:04,29496.25,29496.75,29492.75,29496.00,181,29496.00,29496.00,0.00
2026-08-04 09:55:05,29496.50,29501.75,29496.50,29500.75,201,29500.75,29500.75,0.00
2026-08-04 09:55:06,29500.75,29502.00,29500.25,29500.25,66,29500.25,29500.25,0.00
2026-08-04 09:55:07,29500.25,29501.75,29499.50,29501.25,95,29501.25,29501.25,0.00
2026-08-04 09:55:08,29501.25,29501.50,29498.75,29499.25,105,29499.25,29499.25,0.00
2026-08-04 09:55:09,29499.25,29499.75,29497.00,29497.00,63,29497.00,29497.00,0.00
2026-08-04 09:55:10,29497.00,29498.00,29495.50,29496.25,90,29496.25,29496.25,0.00
2026-08-04 09:55:11,29495.75,29498.00,29494.75,29495.25,114,29495.25,29495.25,0.00
2026-08-04 09:55:12,29494.75,29498.00,29494.25,29496.50,122,29496.50,29496.50,0.00
2026-08-04 09:55:13,29496.25,29496.50,29492.75,29493.75,124,29493.75,29493.75,0.00
2026-08-04 09:55:14,29493.50,29494.75,29489.00,29494.50,327,29494.50,29494.50,0.00
2026-08-04 09:55:15,29494.50,29494.75,29491.25,29493.25,146,29493.25,29493.25,0.00
2026-08-04 09:55:16,29492.75,29493.00,29489.75,29489.75,86,29489.75,29489.75,0.00
2026-08-04 09:55:17,29490.25,29491.75,29488.75,29491.50,135,29491.50,29491.50,0.00
2026-08-04 09:55:18,29492.00,29494.00,29491.25,29493.75,131,29493.75,29493.75,0.00
2026-08-04 09:55:19,29493.50,29493.75,29491.00,29491.00,72,29491.00,29491.00,0.00
2026-08-04 09:55:20,29490.75,29490.75,29486.75,29487.00,182,29487.00,29487.00,0.00
2026-08-04 09:55:21,29487.00,29487.50,29485.00,29486.25,151,29486.25,29486.25,0.00
2026-08-04 09:55:22,29485.25,29486.75,29485.00,29485.50,124,29485.50,29485.50,0.00
2026-08-04 09:55:23,29485.50,29486.25,29483.75,29485.25,149,29485.25,29485.25,0.00
2026-08-04 09:55:24,29486.50,29487.00,29484.50,29485.00,190,29485.00,29485.00,0.00
2026-08-04 09:55:25,29484.75,29487.00,29484.25,29485.75,115,29485.75,29485.75,0.00
2026-08-04 09:55:26,29485.50,29485.50,29483.50,29483.50,95,29483.50,29483.50,0.00
2026-08-04 09:55:27,29483.75,29484.25,29482.25,29482.75,119,29482.75,29482.75,0.00
2026-08-04 09:55:28,29483.25,29485.00,29482.25,29482.75,130,29482.75,29482.75,0.00
2026-08-04 09:55:29,29482.75,29484.25,29482.00,29483.00,78,29483.00,29483.00,0.00
2026-08-04 09:55:30,29483.25,29483.50,29481.25,29482.50,93,29482.50,29482.50,0.00
2026-08-04 09:55:31,29482.25,29485.25,29481.00,29483.50,216,29483.50,29483.50,0.00
2026-08-04 09:55:32,29483.25,29486.75,29483.00,29483.25,116,29483.25,29483.25,0.00
2026-08-04 09:55:33,29483.50,29484.50,29482.75,29483.50,78,29483.50,29483.50,0.00
2026-08-04 09:55:34,29483.00,29483.75,29480.00,29481.75,210,29481.75,29481.75,0.00
2026-08-04 09:55:35,29481.50,29481.75,29478.00,29478.25,203,29478.25,29478.25,0.00
2026-08-04 09:55:36,29478.50,29478.50,29475.75,29476.25,287,29476.25,29476.25,0.00
2026-08-04 09:55:37,29476.25,29476.75,29474.25,29476.25,232,29476.25,29476.25,0.00
2026-08-04 09:55:38,29477.00,29477.75,29475.50,29477.25,200,29477.25,29477.25,0.00
2026-08-04 09:55:39,29477.25,29479.50,29476.00,29476.75,138,29476.75,29476.75,0.00
2026-08-04 09:55:40,29477.00,29477.00,29474.50,29474.75,106,29474.75,29474.75,0.00
2026-08-04 09:55:41,29474.25,29476.00,29472.50,29475.25,252,29475.25,29475.25,0.00
2026-08-04 09:55:42,29475.25,29475.75,29473.00,29475.25,124,29475.25,29475.25,0.00
2026-08-04 09:55:43,29475.25,29475.50,29471.75,29472.25,184,29472.25,29472.25,0.00
2026-08-04 09:55:44,29472.50,29472.75,29469.00,29471.25,309,29471.25,29471.25,0.00
2026-08-04 09:55:45,29470.75,29471.25,29469.75,29470.25,148,29470.25,29470.25,0.00
2026-08-04 09:55:46,29470.25,29471.75,29469.25,29471.00,268,29471.00,29471.00,0.00
2026-08-04 09:55:47,29470.50,29471.25,29469.50,29470.00,107,29470.00,29470.00,0.00
2026-08-04 09:55:48,29470.50,29471.50,29469.25,29470.75,162,29470.75,29470.75,0.00
2026-08-04 09:55:49,29470.75,29471.50,29469.50,29470.50,106,29470.50,29470.50,0.00
2026-08-04 09:55:50,29470.25,29470.75,29467.50,29468.00,169,29468.00,29468.00,0.00
2026-08-04 09:55:51,29468.25,29469.00,29467.00,29468.25,103,29468.25,29468.25,0.00
2026-08-04 09:55:52,29468.75,29469.75,29466.25,29467.25,187,29467.25,29467.25,0.00
2026-08-04 09:55:53,29467.50,29469.00,29465.00,29466.50,158,29466.50,29466.50,0.00
2026-08-04 09:55:54,29466.25,29467.50,29465.25,29466.25,107,29466.25,29466.25,0.00
2026-08-04 09:55:55,29466.25,29466.25,29463.00,29463.00,342,29463.00,29463.00,0.00
2026-08-04 09:55:56,29463.50,29464.75,29462.50,29464.25,131,29464.25,29464.25,0.00
2026-08-04 09:55:57,29464.25,29464.75,29463.00,29463.00,127,29463.00,29463.00,0.00
2026-08-04 09:55:58,29463.75,29464.75,29461.25,29461.75,161,29461.75,29461.75,0.00
2026-08-04 09:55:59,29461.75,29463.50,29461.25,29462.00,123,29462.00,29462.00,0.00
2026-08-04 09:56:00,29462.00,29465.75,29462.00,29464.00,146,29464.00,29464.00,0.00
2026-08-04 09:56:01,29463.75,29464.00,29461.00,29461.75,174,29461.75,29461.75,0.00
2026-08-04 09:56:02,29461.50,29462.00,29458.25,29459.50,494,29459.50,29459.50,0.00
2026-08-04 09:56:03,29459.25,29463.50,29459.25,29462.25,296,29462.25,29462.25,0.00
2026-08-04 09:56:04,29462.25,29466.50,29461.00,29466.00,275,29466.00,29466.00,0.00
2026-08-04 09:56:05,29466.00,29466.00,29461.75,29462.25,167,29462.25,29462.25,0.00
2026-08-04 09:56:06,29461.75,29462.50,29459.50,29460.50,138,29460.50,29460.50,0.00
2026-08-04 09:56:07,29460.50,29460.50,29455.50,29455.50,763,29455.50,29455.50,0.00
2026-08-04 09:56:08,29455.50,29456.25,29448.00,29448.50,723,29448.50,29448.50,0.00
2026-08-04 09:56:09,29448.50,29450.25,29447.50,29449.00,481,29449.00,29449.00,0.00
2026-08-04 09:56:10,29449.25,29449.75,29447.00,29448.25,256,29448.25,29448.25,0.00
2026-08-04 09:56:11,29448.25,29448.50,29443.25,29444.50,399,29444.50,29444.50,0.00
2026-08-04 09:56:12,29445.50,29445.75,29442.25,29444.50,249,29444.50,29444.50,0.00
2026-08-04 09:56:13,29444.25,29448.00,29444.25,29446.00,280,29446.00,29446.00,0.00
2026-08-04 09:56:14,29445.25,29448.50,29444.25,29448.25,206,29448.25,29448.25,0.00
2026-08-04 09:56:15,29448.25,29450.75,29446.50,29447.00,203,29447.00,29447.00,0.00
2026-08-04 09:56:16,29447.25,29448.00,29443.75,29444.25,242,29444.25,29444.25,0.00
2026-08-04 09:56:17,29444.50,29446.25,29441.50,29445.75,216,29445.75,29445.75,0.00
2026-08-04 09:56:18,29444.75,29447.00,29443.00,29444.50,258,29444.50,29444.50,0.00
2026-08-04 09:56:19,29444.00,29445.75,29443.50,29445.00,120,29445.00,29445.00,0.00
2026-08-04 09:56:20,29445.50,29447.25,29444.25,29446.25,147,29446.25,29446.25,0.00
2026-08-04 09:56:21,29445.25,29448.25,29444.50,29447.75,238,29447.75,29447.75,0.00
2026-08-04 09:56:22,29447.25,29447.25,29444.25,29445.00,170,29445.00,29445.00,0.00
2026-08-04 09:56:23,29445.25,29448.00,29445.00,29446.25,148,29446.25,29446.25,0.00
2026-08-04 09:56:24,29446.00,29447.25,29444.00,29445.00,139,29445.00,29445.00,0.00
2026-08-04 09:56:25,29445.25,29445.50,29440.50,29441.00,184,29441.00,29441.00,0.00
2026-08-04 09:56:26,29440.75,29440.75,29439.25,29439.25,237,29439.25,29439.25,0.00
2026-08-04 09:56:27,29439.25,29440.75,29438.25,29439.75,213,29439.75,29439.75,0.00
2026-08-04 09:56:28,29439.75,29441.00,29438.25,29439.25,170,29439.25,29439.25,0.00
2026-08-04 09:56:29,29440.00,29441.50,29438.50,29439.75,116,29439.75,29439.75,0.00
2026-08-04 09:56:30,29439.25,29441.25,29438.50,29438.50,187,29438.50,29438.50,0.00
2026-08-04 09:56:31,29438.75,29440.25,29437.00,29437.00,287,29437.00,29437.00,0.00
2026-08-04 09:56:32,29437.25,29439.00,29436.50,29437.75,179,29437.75,29437.75,0.00
2026-08-04 09:56:33,29437.50,29440.50,29437.00,29440.50,137,29440.50,29440.50,0.00
2026-08-04 09:56:34,29440.50,29441.50,29433.25,29434.00,311,29434.00,29434.00,0.00
2026-08-04 09:56:35,29434.00,29434.25,29431.50,29432.75,415,29432.75,29432.75,0.00
2026-08-04 09:56:36,29432.50,29433.50,29429.00,29431.25,418,29431.25,29431.25,0.00
2026-08-04 09:56:37,29431.00,29433.25,29430.50,29430.50,321,29430.50,29430.50,0.00
2026-08-04 09:56:38,29430.75,29431.00,29426.75,29427.50,309,29427.50,29427.50,0.00
2026-08-04 09:56:39,29427.75,29427.75,29425.00,29425.50,296,29425.50,29425.50,0.00
2026-08-04 09:56:40,29425.25,29431.25,29425.25,29430.25,364,29430.25,29430.25,0.00
2026-08-04 09:56:41,29430.25,29430.75,29427.00,29428.75,322,29428.75,29428.75,0.00
2026-08-04 09:56:42,29428.75,29431.50,29427.25,29431.50,223,29431.50,29431.50,0.00
2026-08-04 09:56:43,29431.50,29432.25,29427.75,29429.00,170,29429.00,29429.00,0.00
2026-08-04 09:56:44,29428.75,29431.00,29428.00,29430.00,186,29430.00,29430.00,0.00
2026-08-04 09:56:45,29430.50,29431.50,29429.00,29431.25,224,29431.25,29431.25,0.00
2026-08-04 09:56:46,29430.75,29433.00,29430.25,29433.00,239,29433.00,29433.00,0.00
2026-08-04 09:56:47,29432.75,29434.75,29430.50,29434.75,201,29434.75,29434.75,0.00
2026-08-04 09:56:48,29434.75,29435.75,29433.50,29434.50,213,29434.50,29434.50,0.00
2026-08-04 09:56:49,29434.50,29435.00,29431.00,29432.50,355,29432.50,29432.50,0.00
2026-08-04 09:56:50,29432.50,29433.50,29431.25,29433.00,170,29433.00,29433.00,0.00
2026-08-04 09:56:51,29433.25,29433.50,29431.25,29433.50,132,29433.50,29433.50,0.00
2026-08-04 09:56:52,29433.50,29434.75,29430.50,29431.25,136,29431.25,29431.25,0.00
2026-08-04 09:56:53,29431.25,29432.00,29429.75,29430.25,124,29430.25,29430.25,0.00
2026-08-04 09:56:54,29430.00,29430.00,29426.50,29428.00,148,29428.00,29428.00,0.00
2026-08-04 09:56:55,29428.25,29432.00,29428.00,29431.50,129,29431.50,29431.50,0.00
2026-08-04 09:56:56,29431.75,29437.50,29431.75,29434.75,315,29434.75,29434.75,0.00
2026-08-04 09:56:57,29436.50,29440.25,29436.50,29439.50,356,29439.50,29439.50,0.00
2026-08-04 09:56:58,29439.50,29439.50,29437.25,29438.25,217,29438.25,29438.25,0.00
2026-08-04 09:56:59,29438.00,29441.25,29436.50,29440.75,224,29440.75,29440.75,0.00
2026-08-04 09:57:00,29441.00,29441.25,29435.25,29437.25,294,29437.25,29437.25,0.00
2026-08-04 09:57:01,29437.50,29437.50,29433.25,29435.25,199,29435.25,29435.25,0.00
2026-08-04 09:57:02,29435.50,29438.00,29431.25,29432.00,217,29432.00,29432.00,0.00
2026-08-04 09:57:03,29432.50,29436.75,29432.50,29435.50,121,29435.50,29435.50,0.00
2026-08-04 09:57:04,29435.50,29437.50,29434.00,29434.00,128,29434.00,29434.00,0.00
2026-08-04 09:57:05,29434.50,29437.75,29434.25,29437.25,122,29437.25,29437.25,0.00
2026-08-04 09:57:06,29437.75,29440.75,29437.00,29440.25,135,29440.25,29440.25,0.00
2026-08-04 09:57:07,29440.25,29444.50,29440.25,29442.00,381,29442.00,29442.00,0.00
2026-08-04 09:57:08,29442.25,29445.25,29442.25,29444.25,253,29444.25,29444.25,0.00
2026-08-04 09:57:09,29444.75,29446.25,29443.50,29445.25,197,29445.25,29445.25,0.00
2026-08-04 09:57:10,29445.25,29452.00,29445.25,29451.50,385,29451.50,29451.50,0.00
2026-08-04 09:57:11,29451.75,29455.00,29451.25,29453.25,416,29453.25,29453.25,0.00
2026-08-04 09:57:12,29453.50,29455.00,29452.00,29454.00,318,29454.00,29454.00,0.00
2026-08-04 09:57:13,29454.50,29457.00,29452.25,29456.25,222,29456.25,29456.25,0.00
2026-08-04 09:57:14,29456.50,29458.75,29454.00,29456.25,317,29456.25,29456.25,0.00
2026-08-04 09:57:15,29456.25,29457.00,29455.00,29455.25,168,29455.25,29455.25,0.00
2026-08-04 09:57:16,29455.25,29456.25,29452.50,29455.00,218,29455.00,29455.00,0.00
2026-08-04 09:57:17,29455.00,29456.25,29453.75,29453.75,141,29453.75,29453.75,0.00
2026-08-04 09:57:18,29454.00,29460.50,29454.00,29459.50,195,29459.50,29459.50,0.00
2026-08-04 09:57:19,29459.25,29460.75,29457.25,29459.00,185,29459.00,29459.00,0.00
2026-08-04 09:57:20,29458.75,29459.75,29451.00,29452.00,303,29452.00,29452.00,0.00
2026-08-04 09:57:21,29451.75,29452.50,29447.75,29449.75,197,29449.75,29449.75,0.00
2026-08-04 09:57:22,29450.00,29451.75,29448.25,29451.25,141,29451.25,29451.25,0.00
2026-08-04 09:57:23,29450.75,29455.00,29450.75,29454.25,123,29454.25,29454.25,0.00
2026-08-04 09:57:24,29453.50,29454.75,29453.00,29454.75,76,29454.75,29454.75,0.00
2026-08-04 09:57:25,29454.75,29455.00,29449.00,29449.75,151,29449.75,29449.75,0.00
2026-08-04 09:57:26,29449.75,29450.00,29447.50,29447.75,216,29447.75,29447.75,0.00
2026-08-04 09:57:27,29448.25,29451.00,29447.00,29450.25,176,29450.25,29450.25,0.00
2026-08-04 09:57:28,29450.00,29450.00,29445.25,29446.50,93,29446.50,29446.50,0.00
2026-08-04 09:57:29,29446.75,29446.75,29434.75,29436.25,408,29436.25,29436.25,0.00
2026-08-04 09:57:30,29435.75,29438.75,29435.75,29438.25,204,29438.25,29438.25,0.00
2026-08-04 09:57:31,29438.00,29440.75,29436.00,29436.25,128,29436.25,29436.25,0.00
2026-08-04 09:57:32,29436.75,29437.50,29432.75,29436.00,193,29436.00,29436.00,0.00
2026-08-04 09:57:33,29435.50,29438.25,29434.75,29437.00,132,29437.00,29437.00,0.00
2026-08-04 09:57:34,29437.50,29440.25,29437.25,29440.25,55,29440.25,29440.25,0.00
2026-08-04 09:57:35,29440.25,29440.25,29437.50,29439.25,104,29439.25,29439.25,0.00
2026-08-04 09:57:36,29438.75,29439.00,29434.75,29435.25,111,29435.25,29435.25,0.00
2026-08-04 09:57:37,29435.50,29439.00,29435.25,29439.00,112,29439.00,29439.00,0.00
2026-08-04 09:57:38,29438.25,29438.25,29434.00,29436.25,95,29436.25,29436.25,0.00
2026-08-04 09:57:39,29436.50,29437.75,29435.50,29437.25,98,29437.25,29437.25,0.00
2026-08-04 09:57:40,29437.50,29438.25,29435.25,29436.00,59,29436.00,29436.00,0.00
2026-08-04 09:57:41,29436.25,29437.25,29433.25,29436.75,99,29436.75,29436.75,0.00
2026-08-04 09:57:42,29437.50,29440.75,29436.50,29439.75,119,29439.75,29439.75,0.00
2026-08-04 09:57:43,29440.50,29440.50,29436.50,29437.25,100,29437.25,29437.25,0.00
2026-08-04 09:57:44,29437.00,29440.25,29437.00,29440.25,47,29440.25,29440.25,0.00
2026-08-04 09:57:45,29439.75,29442.00,29438.00,29440.75,137,29440.75,29440.75,0.00
2026-08-04 09:57:46,29440.75,29443.00,29438.50,29442.00,95,29442.00,29442.00,0.00
2026-08-04 09:57:47,29442.00,29443.00,29440.25,29442.25,87,29442.25,29442.25,0.00
2026-08-04 09:57:48,29442.75,29443.25,29440.75,29442.50,48,29442.50,29442.50,0.00
2026-08-04 09:57:49,29442.50,29444.50,29441.75,29443.25,159,29443.25,29443.25,0.00
2026-08-04 09:57:50,29444.00,29445.25,29442.25,29444.25,100,29444.25,29444.25,0.00
2026-08-04 09:57:51,29443.75,29445.50,29442.25,29442.75,81,29442.75,29442.75,0.00
2026-08-04 09:57:52,29443.25,29444.50,29441.75,29442.75,64,29442.75,29442.75,0.00
2026-08-04 09:57:53,29443.75,29445.50,29441.25,29442.50,84,29442.50,29442.50,0.00
2026-08-04 09:57:54,29442.50,29444.75,29442.00,29443.25,31,29443.25,29443.25,0.00
2026-08-04 09:57:55,29443.25,29443.50,29442.00,29443.00,45,29443.00,29443.00,0.00
2026-08-04 09:57:56,29443.75,29444.25,29440.50,29442.75,148,29442.75,29442.75,0.00
2026-08-04 09:57:57,29442.75,29444.75,29440.75,29442.50,111,29442.50,29442.50,0.00
2026-08-04 09:57:58,29442.25,29446.00,29442.00,29444.50,62,29444.50,29444.50,0.00
2026-08-04 09:57:59,29445.25,29446.50,29440.50,29444.75,239,29444.75,29444.75,0.00
2026-08-04 09:58:00,29445.50,29446.50,29442.00,29446.25,106,29446.25,29446.25,0.00
2026-08-04 09:58:01,29445.50,29448.00,29444.75,29446.50,116,29446.50,29446.50,0.00
2026-08-04 09:58:02,29447.00,29447.00,29443.50,29447.00,62,29447.00,29447.00,0.00
2026-08-04 09:58:03,29446.75,29451.00,29446.75,29449.50,129,29449.50,29449.50,0.00
2026-08-04 09:58:04,29449.50,29450.25,29443.75,29446.50,154,29446.50,29446.50,0.00
2026-08-04 09:58:05,29445.75,29446.50,29443.50,29445.75,131,29445.75,29445.75,0.00
2026-08-04 09:58:06,29445.25,29446.25,29443.25,29444.75,87,29444.75,29444.75,0.00
2026-08-04 09:58:07,29445.25,29446.00,29442.00,29445.00,91,29445.00,29445.00,0.00
2026-08-04 09:58:08,29445.25,29447.00,29443.50,29443.75,69,29443.75,29443.75,0.00
2026-08-04 09:58:09,29443.50,29446.00,29443.25,29446.00,42,29446.00,29446.00,0.00
2026-08-04 09:58:10,29446.75,29448.25,29446.00,29448.00,43,29448.00,29448.00,0.00
2026-08-04 09:58:11,29448.00,29454.25,29448.00,29453.50,132,29453.50,29453.50,0.00
2026-08-04 09:58:12,29453.75,29455.50,29452.50,29453.50,139,29453.50,29453.50,0.00
2026-08-04 09:58:13,29453.25,29454.50,29452.00,29453.75,123,29453.75,29453.75,0.00
2026-08-04 09:58:14,29453.50,29454.75,29453.25,29454.75,70,29454.75,29454.75,0.00
2026-08-04 09:58:15,29455.00,29455.50,29452.00,29452.00,95,29452.00,29452.00,0.00
2026-08-04 09:58:16,29451.75,29453.00,29449.50,29453.00,59,29453.00,29453.00,0.00
2026-08-04 09:58:17,29453.50,29454.25,29451.00,29453.00,65,29453.00,29453.00,0.00
2026-08-04 09:58:18,29453.00,29454.75,29451.50,29453.50,74,29453.50,29453.50,0.00
2026-08-04 09:58:19,29453.25,29454.75,29449.75,29451.25,98,29451.25,29451.25,0.00
2026-08-04 09:58:20,29451.25,29452.75,29449.75,29451.75,64,29451.75,29451.75,0.00
2026-08-04 09:58:21,29451.50,29452.00,29448.00,29448.50,112,29448.50,29448.50,0.00
2026-08-04 09:58:22,29449.00,29452.00,29448.50,29451.50,40,29451.50,29451.50,0.00
2026-08-04 09:58:23,29452.25,29453.75,29451.00,29453.75,32,29453.75,29453.75,0.00
2026-08-04 09:58:24,29453.50,29456.50,29453.00,29455.00,66,29455.00,29455.00,0.00
2026-08-04 09:58:25,29454.50,29456.00,29453.25,29454.50,69,29454.50,29454.50,0.00
2026-08-04 09:58:26,29454.50,29456.00,29453.75,29454.00,47,29454.00,29454.00,0.00
2026-08-04 09:58:27,29454.00,29457.75,29454.00,29457.75,96,29457.75,29457.75,0.00
2026-08-04 09:58:28,29458.00,29458.50,29455.50,29457.25,128,29457.25,29457.25,0.00
2026-08-04 09:58:29,29457.50,29458.25,29455.50,29456.50,113,29456.50,29456.50,0.00
2026-08-04 09:58:30,29458.25,29458.75,29457.00,29457.50,97,29457.50,29457.50,0.00
2026-08-04 09:58:31,29457.00,29457.25,29454.75,29456.25,78,29456.25,29456.25,0.00
2026-08-04 09:58:32,29456.25,29457.50,29455.00,29457.50,44,29457.50,29457.50,0.00
2026-08-04 09:58:33,29457.50,29459.50,29456.25,29459.50,50,29459.50,29459.50,0.00
2026-08-04 09:58:34,29459.25,29462.00,29458.50,29461.75,177,29461.75,29461.75,0.00
2026-08-04 09:58:35,29461.00,29462.50,29459.00,29460.75,124,29460.75,29460.75,0.00
2026-08-04 09:58:36,29460.50,29462.00,29459.50,29460.25,85,29460.25,29460.25,0.00
2026-08-04 09:58:37,29460.50,29462.25,29456.50,29460.50,151,29460.50,29460.50,0.00
2026-08-04 09:58:38,29460.50,29465.25,29459.50,29462.00,291,29462.00,29462.00,0.00
2026-08-04 09:58:39,29462.00,29462.50,29459.75,29460.25,103,29460.25,29460.25,0.00
2026-08-04 09:58:40,29460.00,29464.00,29459.75,29463.00,34,29463.00,29463.00,0.00
2026-08-04 09:58:41,29463.50,29463.75,29460.00,29460.50,79,29460.50,29460.50,0.00
2026-08-04 09:58:42,29460.25,29461.25,29458.25,29459.25,93,29459.25,29459.25,0.00
2026-08-04 09:58:43,29459.50,29460.75,29457.25,29460.50,55,29460.50,29460.50,0.00
2026-08-04 09:58:44,29459.75,29461.00,29454.00,29454.75,117,29454.75,29454.75,0.00
2026-08-04 09:58:45,29454.00,29456.50,29453.75,29456.00,108,29456.00,29456.00,0.00
2026-08-04 09:58:46,29456.25,29459.00,29455.25,29457.50,39,29457.50,29457.50,0.00
2026-08-04 09:58:47,29457.25,29459.75,29457.25,29459.00,43,29459.00,29459.00,0.00
2026-08-04 09:58:48,29458.50,29459.00,29457.00,29457.75,43,29457.75,29457.75,0.00
2026-08-04 09:58:49,29457.75,29459.00,29456.25,29457.75,44,29457.75,29457.75,0.00
2026-08-04 09:58:50,29457.00,29459.50,29457.00,29458.25,31,29458.25,29458.25,0.00
2026-08-04 09:58:51,29459.00,29459.75,29457.75,29459.25,36,29459.25,29459.25,0.00
2026-08-04 09:58:52,29458.50,29459.50,29457.00,29457.00,43,29457.00,29457.00,0.00
2026-08-04 09:58:53,29457.25,29459.00,29456.50,29458.50,36,29458.50,29458.50,0.00
2026-08-04 09:58:54,29457.75,29459.50,29457.75,29459.00,20,29459.00,29459.00,0.00
2026-08-04 09:58:55,29459.00,29460.75,29458.75,29460.75,35,29460.75,29460.75,0.00
2026-08-04 09:58:56,29460.50,29461.25,29459.00,29461.00,69,29461.00,29461.00,0.00
2026-08-04 09:58:57,29461.25,29462.50,29460.25,29461.50,80,29461.50,29461.50,0.00
2026-08-04 09:58:58,29460.75,29461.00,29458.75,29459.75,35,29459.75,29459.75,0.00
2026-08-04 09:58:59,29459.75,29460.50,29457.50,29459.50,64,29459.50,29459.50,0.00
2026-08-04 09:59:00,29459.75,29460.00,29458.75,29459.00,50,29459.00,29459.00,0.00
2026-08-04 09:59:01,29459.50,29461.00,29457.50,29459.50,57,29459.50,29459.50,0.00
2026-08-04 09:59:02,29459.75,29461.25,29458.50,29459.00,42,29459.00,29459.00,0.00
2026-08-04 09:59:03,29458.25,29461.50,29458.25,29459.00,51,29459.00,29459.00,0.00
2026-08-04 09:59:04,29458.50,29459.00,29456.50,29457.25,68,29457.25,29457.25,0.00
2026-08-04 09:59:05,29457.00,29457.50,29449.25,29449.50,321,29449.50,29449.50,0.00
2026-08-04 09:59:06,29449.25,29453.25,29449.25,29452.00,91,29452.00,29452.00,0.00
2026-08-04 09:59:07,29452.25,29456.25,29451.75,29456.00,67,29456.00,29456.00,0.00
2026-08-04 09:59:08,29455.50,29456.25,29453.00,29453.00,35,29453.00,29453.00,0.00
2026-08-04 09:59:09,29453.00,29453.50,29447.75,29449.50,187,29449.50,29449.50,0.00
2026-08-04 09:59:10,29449.25,29453.00,29449.00,29452.25,107,29452.25,29452.25,0.00
2026-08-04 09:59:11,29452.00,29453.25,29450.25,29451.25,71,29451.25,29451.25,0.00
2026-08-04 09:59:12,29450.00,29450.75,29448.75,29450.25,62,29450.25,29450.25,0.00
2026-08-04 09:59:13,29450.00,29452.00,29449.50,29452.00,162,29452.00,29452.00,0.00
2026-08-04 09:59:14,29451.25,29451.25,29445.00,29447.25,105,29447.25,29447.25,0.00
2026-08-04 09:59:15,29447.00,29447.00,29444.25,29446.75,122,29446.75,29446.75,0.00
2026-08-04 09:59:16,29446.25,29447.00,29443.25,29444.50,157,29444.50,29444.50,0.00
2026-08-04 09:59:17,29444.50,29449.25,29442.75,29447.75,141,29447.75,29447.75,0.00
2026-08-04 09:59:18,29447.75,29449.50,29447.00,29448.75,63,29448.75,29448.75,0.00
2026-08-04 09:59:19,29448.00,29451.50,29448.00,29450.50,67,29450.50,29450.50,0.00
2026-08-04 09:59:20,29451.00,29451.25,29446.00,29446.75,57,29446.75,29446.75,0.00
2026-08-04 09:59:21,29447.00,29447.50,29445.00,29446.00,41,29446.00,29446.00,0.00
2026-08-04 09:59:22,29444.75,29446.50,29444.75,29445.25,32,29445.25,29445.25,0.00
2026-08-04 09:59:23,29445.25,29445.25,29435.75,29437.75,298,29437.75,29437.75,0.00
2026-08-04 09:59:24,29437.25,29443.50,29437.25,29442.00,168,29442.00,29442.00,0.00
2026-08-04 09:59:25,29442.25,29443.75,29440.25,29442.25,130,29442.25,29442.25,0.00
2026-08-04 09:59:26,29443.00,29448.75,29443.00,29445.50,125,29445.50,29445.50,0.00
2026-08-04 09:59:27,29446.25,29446.75,29442.50,29443.25,34,29443.25,29443.25,0.00
2026-08-04 09:59:28,29442.75,29444.50,29442.00,29444.00,73,29444.00,29444.00,0.00
2026-08-04 09:59:29,29444.50,29445.75,29443.00,29444.50,65,29444.50,29444.50,0.00
2026-08-04 09:59:30,29444.00,29445.00,29442.75,29443.50,44,29443.50,29443.50,0.00
2026-08-04 09:59:31,29444.25,29444.50,29440.00,29441.00,39,29441.00,29441.00,0.00
2026-08-04 09:59:32,29441.00,29442.50,29440.50,29442.00,40,29442.00,29442.00,0.00
2026-08-04 09:59:33,29441.00,29442.50,29440.50,29441.75,52,29441.75,29441.75,0.00
2026-08-04 09:59:34,29442.25,29444.50,29442.25,29444.25,53,29444.25,29444.25,0.00
2026-08-04 09:59:35,29444.50,29446.00,29443.75,29446.00,30,29446.00,29446.00,0.00
2026-08-04 09:59:36,29444.75,29446.25,29443.75,29446.25,43,29446.25,29446.25,0.00
2026-08-04 09:59:37,29445.75,29446.00,29442.75,29443.50,54,29443.50,29443.50,0.00
2026-08-04 09:59:38,29443.75,29444.75,29442.50,29444.50,17,29444.50,29444.50,0.00
2026-08-04 09:59:39,29443.25,29443.25,29441.00,29442.75,56,29442.75,29442.75,0.00
2026-08-04 09:59:40,29442.00,29444.25,29442.00,29443.50,21,29443.50,29443.50,0.00
2026-08-04 09:59:41,29444.00,29444.75,29441.25,29441.25,56,29441.25,29441.25,0.00
2026-08-04 09:59:42,29441.75,29442.75,29440.00,29442.00,37,29442.00,29442.00,0.00
2026-08-04 09:59:43,29442.50,29443.75,29442.00,29443.75,36,29443.75,29443.75,0.00
2026-08-04 09:59:44,29443.50,29443.50,29439.50,29440.50,49,29440.50,29440.50,0.00
2026-08-04 09:59:45,29441.25,29441.25,29439.50,29440.25,41,29440.25,29440.25,0.00
2026-08-04 09:59:46,29439.75,29439.75,29437.25,29438.50,56,29438.50,29438.50,0.00
2026-08-04 09:59:47,29438.00,29438.00,29435.00,29436.00,122,29436.00,29436.00,0.00
2026-08-04 09:59:48,29437.00,29437.75,29435.25,29436.25,79,29436.25,29436.25,0.00
2026-08-04 09:59:49,29436.50,29441.50,29435.25,29440.25,133,29440.25,29440.25,0.00
2026-08-04 09:59:50,29442.25,29444.75,29442.00,29443.75,78,29443.75,29443.75,0.00
2026-08-04 09:59:51,29444.50,29445.50,29442.75,29444.75,66,29444.75,29444.75,0.00
2026-08-04 09:59:52,29445.00,29448.75,29444.75,29447.25,62,29447.25,29447.25,0.00
2026-08-04 09:59:53,29447.75,29455.25,29447.75,29452.75,268,29452.75,29452.75,0.00
2026-08-04 09:59:54,29453.00,29453.25,29451.00,29451.00,63,29451.00,29451.00,0.00
2026-08-04 09:59:55,29452.25,29455.25,29451.25,29453.25,120,29453.25,29453.25,0.00
2026-08-04 09:59:56,29452.25,29458.00,29452.25,29458.00,96,29458.00,29458.00,0.00
2026-08-04 09:59:57,29457.00,29464.50,29456.00,29460.75,208,29460.75,29460.75,0.00
2026-08-04 09:59:58,29461.00,29462.25,29457.75,29458.25,166,29458.25,29458.25,0.00
2026-08-04 09:59:59,29459.50,29461.75,29457.50,29461.00,102,29461.00,29461.00,0.00
2026-08-04 10:00:00,29461.50,29471.25,29458.75,29469.00,514,29469.00,29469.00,0.00
2026-08-04 10:00:01,29466.75,29473.00,29457.75,29459.25,578,29459.25,29459.25,0.00
2026-08-04 10:00:02,29461.25,29467.00,29447.25,29451.50,551,29451.50,29451.50,0.00
2026-08-04 10:00:03,29451.00,29456.50,29449.50,29452.25,181,29452.25,29452.25,0.00
2026-08-04 10:00:04,29454.25,29462.50,29454.25,29460.00,120,29460.00,29460.00,0.00
2026-08-04 10:00:05,29460.50,29463.00,29456.25,29460.25,151,29460.25,29460.25,0.00
2026-08-04 10:00:06,29459.75,29461.00,29447.50,29451.50,187,29451.50,29451.50,0.00
2026-08-04 10:00:07,29452.50,29459.25,29449.25,29456.25,132,29456.25,29456.25,0.00
2026-08-04 10:00:08,29457.50,29459.50,29453.25,29456.75,102,29456.75,29456.75,0.00
2026-08-04 10:00:09,29455.75,29456.50,29454.00,29456.25,65,29456.25,29456.25,0.00
2026-08-04 10:00:10,29456.75,29458.00,29454.50,29456.25,48,29456.25,29456.25,0.00
2026-08-04 10:00:11,29456.25,29456.25,29448.50,29451.75,177,29451.75,29451.75,0.00
2026-08-04 10:00:12,29452.75,29455.50,29451.50,29454.50,69,29454.50,29454.50,0.00
2026-08-04 10:00:13,29453.50,29455.00,29451.75,29453.25,57,29453.25,29453.25,0.00
2026-08-04 10:00:14,29453.75,29455.25,29451.75,29452.25,40,29452.25,29452.25,0.00
2026-08-04 10:00:15,29452.50,29454.75,29449.00,29451.25,68,29451.25,29451.25,0.00
2026-08-04 10:00:16,29452.00,29455.50,29451.25,29454.75,100,29454.75,29454.75,0.00
2026-08-04 10:00:17,29455.75,29458.00,29451.75,29452.75,114,29452.75,29452.75,0.00
2026-08-04 10:00:18,29452.25,29457.75,29452.25,29457.25,64,29457.25,29457.25,0.00
2026-08-04 10:00:19,29457.00,29458.25,29453.00,29455.75,94,29455.75,29455.75,0.00
2026-08-04 10:00:20,29456.50,29456.50,29449.25,29451.50,68,29451.50,29451.50,0.00
2026-08-04 10:00:21,29451.50,29454.00,29450.50,29453.00,71,29453.00,29453.00,0.00
2026-08-04 10:00:22,29453.00,29454.25,29448.50,29449.50,105,29449.50,29449.50,0.00
2026-08-04 10:00:23,29449.25,29451.00,29447.50,29450.25,130,29450.25,29450.25,0.00
2026-08-04 10:00:24,29450.00,29450.00,29444.75,29445.75,171,29445.75,29445.75,0.00
2026-08-04 10:00:25,29445.50,29446.75,29445.25,29446.00,69,29446.00,29446.00,0.00
2026-08-04 10:00:26,29446.00,29448.50,29443.25,29445.75,185,29445.75,29445.75,0.00
2026-08-04 10:00:27,29445.25,29446.00,29440.75,29442.00,135,29442.00,29442.00,0.00
2026-08-04 10:00:28,29441.50,29444.25,29438.75,29442.50,240,29442.50,29442.50,0.00
2026-08-04 10:00:29,29441.50,29442.75,29439.75,29441.75,147,29441.75,29441.75,0.00
2026-08-04 10:00:30,29441.75,29443.25,29440.50,29441.25,97,29441.25,29441.25,0.00
2026-08-04 10:00:31,29442.25,29442.75,29434.50,29435.50,252,29435.50,29435.50,0.00
2026-08-04 10:00:32,29435.75,29437.25,29433.00,29436.25,361,29436.25,29436.25,0.00
2026-08-04 10:00:33,29436.25,29437.00,29432.50,29435.25,191,29435.25,29435.25,0.00
2026-08-04 10:00:34,29434.50,29438.75,29434.00,29437.00,126,29437.00,29437.00,0.00
2026-08-04 10:00:35,29438.00,29442.00,29437.50,29439.75,147,29439.75,29439.75,0.00
2026-08-04 10:00:36,29440.25,29441.00,29434.50,29435.00,71,29435.00,29435.00,0.00
2026-08-04 10:00:37,29435.25,29436.50,29434.00,29435.00,71,29435.00,29435.00,0.00
2026-08-04 10:00:38,29436.25,29443.00,29435.25,29441.75,225,29441.75,29441.75,0.00
2026-08-04 10:00:39,29442.00,29442.75,29438.50,29439.00,131,29439.00,29439.00,0.00
2026-08-04 10:00:40,29438.75,29443.50,29438.25,29443.50,82,29443.50,29443.50,0.00
2026-08-04 10:00:41,29442.50,29443.25,29439.25,29439.25,61,29439.25,29439.25,0.00
2026-08-04 10:00:42,29439.25,29443.25,29439.00,29441.00,74,29441.00,29441.00,0.00
2026-08-04 10:00:43,29441.75,29442.00,29439.00,29440.50,66,29440.50,29440.50,0.00
2026-08-04 10:00:44,29440.75,29442.75,29440.75,29442.50,40,29442.50,29442.50,0.00
2026-08-04 10:00:45,29443.00,29445.50,29439.50,29444.00,141,29444.00,29444.00,0.00
2026-08-04 10:00:46,29444.75,29453.50,29444.75,29447.50,476,29447.50,29447.50,0.00
2026-08-04 10:00:47,29446.25,29448.00,29446.00,29447.75,31,29447.75,29447.75,0.00
2026-08-04 10:00:48,29448.00,29448.50,29446.00,29446.00,56,29446.00,29446.00,0.00
2026-08-04 10:00:49,29446.50,29447.50,29445.00,29445.25,41,29445.25,29445.25,0.00
2026-08-04 10:00:50,29445.25,29447.75,29444.75,29447.00,62,29447.00,29447.00,0.00
2026-08-04 10:00:51,29446.75,29446.75,29444.25,29445.75,40,29445.75,29445.75,0.00
2026-08-04 10:00:52,29445.00,29446.00,29443.50,29445.25,51,29445.25,29445.25,0.00
2026-08-04 10:00:53,29445.25,29452.00,29442.25,29450.25,162,29450.25,29450.25,0.00
2026-08-04 10:00:54,29449.75,29453.25,29448.50,29451.00,95,29451.00,29451.00,0.00
2026-08-04 10:00:55,29450.50,29451.00,29448.25,29449.00,68,29449.00,29449.00,0.00
2026-08-04 10:00:56,29448.25,29451.75,29447.50,29451.75,63,29451.75,29451.75,0.00
2026-08-04 10:00:57,29451.50,29454.75,29451.00,29454.00,77,29454.00,29454.00,0.00
2026-08-04 10:00:58,29453.75,29454.00,29451.75,29453.50,113,29453.50,29453.50,0.00
2026-08-04 10:00:59,29454.00,29456.25,29453.25,29453.75,105,29453.75,29453.75,0.00
2026-08-04 10:01:00,29454.00,29458.00,29454.00,29457.50,112,29457.50,29457.50,0.00
2026-08-04 10:01:01,29457.00,29457.75,29453.25,29454.25,152,29454.25,29454.25,0.00
2026-08-04 10:01:02,29454.25,29454.75,29448.50,29448.75,162,29448.75,29448.75,0.00
2026-08-04 10:01:03,29450.00,29450.50,29448.00,29448.50,105,29448.50,29448.50,0.00
2026-08-04 10:01:04,29449.00,29450.50,29444.00,29444.00,122,29444.00,29444.00,0.00
2026-08-04 10:01:05,29443.25,29445.25,29441.50,29443.75,122,29443.75,29443.75,0.00
2026-08-04 10:01:06,29443.50,29444.00,29442.00,29442.25,78,29442.25,29442.25,0.00
2026-08-04 10:01:07,29441.75,29445.25,29441.00,29443.75,105,29443.75,29443.75,0.00
2026-08-04 10:01:08,29443.75,29443.75,29439.25,29441.00,131,29441.00,29441.00,0.00
2026-08-04 10:01:09,29441.25,29441.50,29436.25,29436.25,118,29436.25,29436.25,0.00
2026-08-04 10:01:10,29436.50,29438.00,29435.50,29436.50,135,29436.50,29436.50,0.00
2026-08-04 10:01:11,29436.25,29438.25,29435.75,29437.25,113,29437.25,29437.25,0.00
2026-08-04 10:01:12,29437.00,29444.25,29436.25,29443.25,128,29443.25,29443.25,0.00
2026-08-04 10:01:13,29443.50,29446.25,29442.25,29443.75,90,29443.75,29443.75,0.00
2026-08-04 10:01:14,29444.25,29445.50,29442.75,29445.25,78,29445.25,29445.25,0.00
2026-08-04 10:01:15,29444.50,29449.00,29444.50,29447.50,105,29447.50,29447.50,0.00
2026-08-04 10:01:16,29447.75,29448.25,29444.75,29445.50,62,29445.50,29445.50,0.00
2026-08-04 10:01:17,29445.25,29449.50,29445.25,29448.75,84,29448.75,29448.75,0.00
2026-08-04 10:01:18,29449.00,29449.50,29444.00,29444.50,147,29444.50,29444.50,0.00
2026-08-04 10:01:19,29443.75,29444.75,29439.50,29442.00,98,29442.00,29442.00,0.00
2026-08-04 10:01:20,29442.25,29443.50,29440.75,29441.25,69,29441.25,29441.25,0.00
2026-08-04 10:01:21,29440.75,29442.75,29440.75,29442.00,31,29442.00,29442.00,0.00
2026-08-04 10:01:22,29442.50,29444.50,29442.00,29443.00,80,29443.00,29443.00,0.00
2026-08-04 10:01:23,29442.00,29443.75,29441.00,29442.25,50,29442.25,29442.25,0.00
2026-08-04 10:01:24,29443.25,29445.75,29441.50,29445.00,54,29445.00,29445.00,0.00
2026-08-04 10:01:25,29446.00,29448.75,29445.00,29447.00,97,29447.00,29447.00,0.00
2026-08-04 10:01:26,29447.00,29447.25,29443.00,29444.75,126,29444.75,29444.75,0.00
2026-08-04 10:01:27,29445.00,29449.00,29445.00,29447.00,48,29447.00,29447.00,0.00
2026-08-04 10:01:28,29447.00,29450.00,29446.00,29449.00,51,29449.00,29449.00,0.00
2026-08-04 10:01:29,29449.50,29454.50,29449.00,29453.25,141,29453.25,29453.25,0.00
2026-08-04 10:01:30,29453.50,29454.25,29448.00,29449.75,86,29449.75,29449.75,0.00
2026-08-04 10:01:31,29450.00,29451.75,29448.50,29448.75,79,29448.75,29448.75,0.00
2026-08-04 10:01:32,29448.75,29452.00,29448.00,29450.25,53,29450.25,29450.25,0.00
2026-08-04 10:01:33,29449.75,29455.75,29449.25,29454.50,152,29454.50,29454.50,0.00
2026-08-04 10:01:34,29454.50,29455.75,29449.50,29450.50,229,29450.50,29450.50,0.00
2026-08-04 10:01:35,29449.75,29451.00,29449.25,29450.00,67,29450.00,29450.00,0.00
2026-08-04 10:01:36,29449.75,29450.75,29448.50,29449.00,58,29449.00,29449.00,0.00
2026-08-04 10:01:37,29449.50,29455.00,29448.75,29454.75,73,29454.75,29454.75,0.00
2026-08-04 10:01:38,29455.00,29461.50,29455.00,29459.50,301,29459.50,29459.50,0.00
2026-08-04 10:01:39,29459.25,29460.75,29459.00,29460.25,171,29460.25,29460.25,0.00
2026-08-04 10:01:40,29460.00,29462.50,29458.75,29461.25,159,29461.25,29461.25,0.00
2026-08-04 10:01:41,29461.00,29461.25,29457.25,29459.00,152,29459.00,29459.00,0.00
2026-08-04 10:01:42,29458.75,29462.75,29458.75,29460.50,180,29460.50,29460.50,0.00
2026-08-04 10:01:43,29460.25,29460.25,29457.25,29459.00,233,29459.00,29459.00,0.00
2026-08-04 10:01:44,29459.25,29461.75,29458.25,29459.25,103,29459.25,29459.25,0.00
2026-08-04 10:01:45,29459.00,29464.50,29459.00,29463.00,125,29463.00,29463.00,0.00
2026-08-04 10:01:46,29463.50,29465.00,29463.25,29464.75,134,29464.75,29464.75,0.00
2026-08-04 10:01:47,29464.50,29468.00,29464.50,29467.00,326,29467.00,29467.00,0.00
2026-08-04 10:01:48,29466.25,29468.00,29465.50,29466.50,173,29466.50,29466.50,0.00
2026-08-04 10:01:49,29466.75,29469.25,29466.50,29468.00,172,29468.00,29468.00,0.00
2026-08-04 10:01:50,29468.00,29469.50,29466.75,29467.50,238,29467.50,29467.50,0.00
2026-08-04 10:01:51,29467.00,29468.75,29466.50,29466.75,194,29466.75,29466.75,0.00
2026-08-04 10:01:52,29466.25,29467.00,29464.00,29464.75,102,29464.75,29464.75,0.00
2026-08-04 10:01:53,29464.75,29466.25,29464.00,29464.75,137,29464.75,29464.75,0.00
2026-08-04 10:01:54,29464.50,29466.50,29464.00,29465.75,147,29465.75,29465.75,0.00
2026-08-04 10:01:55,29465.50,29467.50,29465.25,29465.25,57,29465.25,29465.25,0.00
2026-08-04 10:01:56,29465.25,29468.50,29464.50,29467.50,77,29467.50,29467.50,0.00
2026-08-04 10:01:57,29467.50,29469.25,29467.00,29468.75,106,29468.75,29468.75,0.00
2026-08-04 10:01:58,29468.25,29469.50,29467.75,29469.25,117,29469.25,29469.25,0.00
2026-08-04 10:01:59,29469.50,29469.50,29464.00,29465.50,158,29465.50,29465.50,0.00
2026-08-04 10:02:00,29465.50,29470.00,29464.75,29469.00,124,29469.00,29469.00,0.00
2026-08-04 10:02:01,29469.50,29472.00,29469.00,29470.50,251,29470.50,29470.50,0.00
2026-08-04 10:02:02,29470.75,29477.00,29470.75,29475.50,516,29475.50,29475.50,0.00
2026-08-04 10:02:03,29475.50,29477.00,29474.00,29474.75,311,29474.75,29474.75,0.00
2026-08-04 10:02:04,29474.25,29476.00,29473.75,29474.25,253,29474.25,29474.25,0.00
2026-08-04 10:02:05,29474.00,29478.25,29472.50,29477.00,218,29477.00,29477.00,0.00
2026-08-04 10:02:06,29477.75,29483.00,29477.75,29482.25,570,29482.25,29482.25,0.00
2026-08-04 10:02:07,29481.75,29483.50,29479.75,29480.25,533,29480.25,29480.25,0.00
2026-08-04 10:02:08,29480.00,29487.00,29479.25,29485.25,547,29485.25,29485.25,0.00
2026-08-04 10:02:09,29485.25,29491.00,29484.25,29490.25,654,29490.25,29490.25,0.00
2026-08-04 10:02:10,29490.25,29491.00,29485.00,29485.75,386,29485.75,29485.75,0.00
2026-08-04 10:02:11,29485.50,29489.50,29482.75,29488.00,392,29488.00,29488.00,0.00
2026-08-04 10:02:12,29488.50,29489.00,29486.00,29486.25,199,29486.25,29486.25,0.00
2026-08-04 10:02:13,29486.75,29488.75,29484.50,29485.25,193,29485.25,29485.25,0.00
2026-08-04 10:02:14,29485.50,29486.75,29480.75,29481.75,268,29481.75,29481.75,0.00
2026-08-04 10:02:15,29482.00,29484.50,29481.25,29482.50,204,29482.50,29482.50,0.00
2026-08-04 10:02:16,29482.00,29484.50,29481.50,29481.75,126,29481.75,29481.75,0.00
2026-08-04 10:02:17,29482.25,29482.25,29476.75,29477.00,202,29477.00,29477.00,0.00
2026-08-04 10:02:18,29477.50,29479.00,29476.25,29476.50,156,29476.50,29476.50,0.00
2026-08-04 10:02:19,29476.75,29478.00,29475.00,29476.25,202,29476.25,29476.25,0.00
2026-08-04 10:02:20,29477.25,29478.00,29475.25,29476.00,126,29476.00,29476.00,0.00
2026-08-04 10:02:21,29476.00,29479.00,29475.25,29478.25,161,29478.25,29478.25,0.00
2026-08-04 10:02:22,29478.00,29480.25,29477.75,29478.75,126,29478.75,29478.75,0.00
2026-08-04 10:02:23,29479.25,29480.75,29477.50,29479.25,117,29479.25,29479.25,0.00
2026-08-04 10:02:24,29479.50,29482.25,29478.00,29479.75,226,29479.75,29479.75,0.00
2026-08-04 10:02:25,29479.50,29498.00,29479.25,29493.00,840,29493.00,29493.00,0.00
2026-08-04 10:02:26,29493.00,29493.50,29483.75,29483.75,284,29483.75,29483.75,0.00
2026-08-04 10:02:27,29484.25,29484.75,29479.50,29480.00,264,29480.00,29480.00,0.00
2026-08-04 10:02:28,29480.00,29480.00,29477.25,29479.00,115,29479.00,29479.00,0.00
2026-08-04 10:02:29,29478.75,29479.25,29476.00,29477.25,115,29477.25,29477.25,0.00
2026-08-04 10:02:30,29477.50,29481.00,29477.00,29480.00,146,29480.00,29480.00,0.00
2026-08-04 10:02:31,29480.00,29481.75,29478.00,29478.00,165,29478.00,29478.00,0.00
2026-08-04 10:02:32,29478.00,29480.50,29477.75,29479.50,65,29479.50,29479.50,0.00
2026-08-04 10:02:33,29479.25,29482.00,29479.00,29480.50,78,29480.50,29480.50,0.00
2026-08-04 10:02:34,29481.50,29483.00,29481.25,29482.50,57,29482.50,29482.50,0.00
2026-08-04 10:02:35,29482.75,29483.00,29478.50,29479.50,87,29479.50,29479.50,0.00
2026-08-04 10:02:36,29479.00,29480.00,29476.75,29478.25,102,29478.25,29478.25,0.00
2026-08-04 10:02:37,29478.00,29481.50,29478.00,29481.50,72,29481.50,29481.50,0.00
2026-08-04 10:02:38,29480.75,29484.75,29480.75,29483.50,127,29483.50,29483.50,0.00
2026-08-04 10:02:39,29484.50,29486.75,29483.75,29485.25,149,29485.25,29485.25,0.00
2026-08-04 10:02:40,29485.00,29488.25,29483.75,29486.25,130,29486.25,29486.25,0.00
2026-08-04 10:02:41,29486.50,29487.75,29485.25,29485.50,85,29485.50,29485.50,0.00
2026-08-04 10:02:42,29485.25,29487.00,29482.75,29483.50,163,29483.50,29483.50,0.00
2026-08-04 10:02:43,29483.00,29484.25,29481.00,29481.00,91,29481.00,29481.00,0.00
2026-08-04 10:02:44,29480.50,29483.00,29480.50,29482.25,77,29482.25,29482.25,0.00
2026-08-04 10:02:45,29482.25,29482.75,29480.75,29482.25,64,29482.25,29482.25,0.00
2026-08-04 10:02:46,29482.25,29485.75,29482.25,29484.00,76,29484.00,29484.00,0.00
2026-08-04 10:02:47,29483.75,29484.25,29482.00,29482.50,69,29482.50,29482.50,0.00
2026-08-04 10:02:48,29482.25,29483.25,29480.75,29483.25,92,29483.25,29483.25,0.00
2026-08-04 10:02:49,29482.00,29484.75,29481.25,29483.25,54,29483.25,29483.25,0.00
2026-08-04 10:02:50,29482.75,29485.00,29482.75,29485.00,54,29485.00,29485.00,0.00
2026-08-04 10:02:51,29485.50,29487.75,29482.50,29487.50,110,29487.50,29487.50,0.00
2026-08-04 10:02:52,29487.00,29488.00,29484.75,29485.25,75,29485.25,29485.25,0.00
2026-08-04 10:02:53,29485.00,29487.75,29484.00,29487.00,74,29487.00,29487.00,0.00
2026-08-04 10:02:54,29486.75,29489.25,29486.25,29488.75,73,29488.75,29488.75,0.00
2026-08-04 10:02:55,29488.75,29490.25,29488.25,29490.00,126,29490.00,29490.00,0.00
2026-08-04 10:02:56,29489.50,29489.75,29486.25,29486.50,82,29486.50,29486.50,0.00
2026-08-04 10:02:57,29487.00,29489.00,29486.25,29487.00,92,29487.00,29487.00,0.00
2026-08-04 10:02:58,29487.00,29487.75,29483.50,29484.00,93,29484.00,29484.00,0.00
2026-08-04 10:02:59,29483.75,29484.00,29481.25,29482.50,113,29482.50,29482.50,0.00
2026-08-04 10:03:00,29482.75,29485.75,29481.75,29481.75,220,29481.75,29481.75,0.00
2026-08-04 10:03:01,29481.75,29486.25,29481.75,29486.25,113,29486.25,29486.25,0.00
2026-08-04 10:03:02,29486.00,29487.50,29484.50,29485.25,135,29485.25,29485.25,0.00
2026-08-04 10:03:03,29485.50,29487.50,29483.00,29483.75,100,29483.75,29483.75,0.00
2026-08-04 10:03:04,29483.50,29484.50,29481.25,29481.25,93,29481.25,29481.25,0.00
2026-08-04 10:03:05,29481.25,29481.25,29478.25,29479.50,246,29479.50,29479.50,0.00
2026-08-04 10:03:06,29479.50,29484.50,29478.75,29483.50,113,29483.50,29483.50,0.00
2026-08-04 10:03:07,29483.25,29484.00,29481.50,29482.00,46,29482.00,29482.00,0.00
2026-08-04 10:03:08,29481.50,29484.00,29481.25,29483.25,61,29483.25,29483.25,0.00
2026-08-04 10:03:09,29482.75,29485.50,29482.00,29484.75,70,29484.75,29484.75,0.00
2026-08-04 10:03:10,29484.00,29486.00,29483.25,29484.25,71,29484.25,29484.25,0.00
2026-08-04 10:03:11,29483.50,29487.25,29483.50,29486.00,62,29486.00,29486.00,0.00
2026-08-04 10:03:12,29486.25,29486.75,29485.00,29486.25,19,29486.25,29486.25,0.00
2026-08-04 10:03:13,29486.75,29488.50,29485.25,29487.50,100,29487.50,29487.50,0.00
2026-08-04 10:03:14,29487.75,29488.00,29482.75,29485.75,66,29485.75,29485.75,0.00
2026-08-04 10:03:15,29486.00,29488.00,29485.50,29487.00,90,29487.00,29487.00,0.00
2026-08-04 10:03:16,29487.00,29489.00,29486.75,29487.50,84,29487.50,29487.50,0.00
2026-08-04 10:03:17,29487.75,29487.75,29484.50,29485.50,110,29485.50,29485.50,0.00
2026-08-04 10:03:18,29485.50,29486.00,29482.75,29485.75,97,29485.75,29485.75,0.00
2026-08-04 10:03:19,29485.50,29486.25,29482.75,29483.00,134,29483.00,29483.00,0.00
2026-08-04 10:03:20,29483.75,29484.00,29479.75,29479.75,135,29479.75,29479.75,0.00
2026-08-04 10:03:21,29480.25,29480.25,29477.50,29478.75,137,29478.75,29478.75,0.00
2026-08-04 10:03:22,29478.75,29482.50,29478.75,29481.50,104,29481.50,29481.50,0.00
2026-08-04 10:03:23,29482.00,29482.25,29480.00,29480.25,57,29480.25,29480.25,0.00
2026-08-04 10:03:24,29480.00,29480.50,29478.75,29479.50,67,29479.50,29479.50,0.00
2026-08-04 10:03:25,29479.75,29484.50,29479.75,29482.00,141,29482.00,29482.00,0.00
2026-08-04 10:03:26,29482.25,29483.75,29481.00,29482.50,60,29482.50,29482.50,0.00
2026-08-04 10:03:27,29482.75,29483.25,29467.25,29469.00,643,29469.00,29469.00,0.00
2026-08-04 10:03:28,29469.75,29473.25,29468.00,29471.75,299,29471.75,29471.75,0.00
2026-08-04 10:03:29,29473.25,29477.75,29473.25,29477.50,250,29477.50,29477.50,0.00
2026-08-04 10:03:30,29477.75,29481.75,29477.75,29481.00,89,29481.00,29481.00,0.00
2026-08-04 10:03:31,29480.50,29484.00,29480.25,29483.25,143,29483.25,29483.25,0.00
2026-08-04 10:03:32,29483.75,29488.00,29483.75,29484.75,134,29484.75,29484.75,0.00
2026-08-04 10:03:33,29485.00,29486.25,29484.25,29486.25,119,29486.25,29486.25,0.00
2026-08-04 10:03:34,29485.75,29486.25,29481.25,29481.50,109,29481.50,29481.50,0.00
2026-08-04 10:03:35,29481.50,29483.25,29480.75,29482.75,77,29482.75,29482.75,0.00
2026-08-04 10:03:36,29482.50,29484.00,29482.25,29482.75,48,29482.75,29482.75,0.00
2026-08-04 10:03:37,29483.50,29484.50,29482.75,29483.25,35,29483.25,29483.25,0.00
2026-08-04 10:03:38,29483.00,29485.00,29482.50,29485.00,79,29485.00,29485.00,0.00
2026-08-04 10:03:39,29484.50,29486.00,29484.00,29484.75,48,29484.75,29484.75,0.00
2026-08-04 10:03:40,29484.75,29487.50,29484.50,29487.25,77,29487.25,29487.25,0.00
2026-08-04 10:03:41,29487.75,29488.75,29486.50,29488.25,112,29488.25,29488.25,0.00
2026-08-04 10:03:42,29488.25,29492.50,29487.00,29492.25,252,29492.25,29492.25,0.00
2026-08-04 10:03:43,29492.50,29494.25,29492.00,29493.00,226,29493.00,29493.00,0.00
2026-08-04 10:03:44,29493.00,29496.75,29492.50,29496.50,217,29496.50,29496.50,0.00
2026-08-04 10:03:45,29496.75,29497.50,29492.75,29493.25,245,29493.25,29493.25,0.00
2026-08-04 10:03:46,29493.75,29495.00,29492.75,29494.25,144,29494.25,29494.25,0.00
2026-08-04 10:03:47,29494.50,29496.25,29492.75,29493.00,98,29493.00,29493.00,0.00
2026-08-04 10:03:48,29493.00,29494.00,29489.50,29490.25,131,29490.25,29490.25,0.00
2026-08-04 10:03:49,29490.25,29492.50,29490.00,29492.25,69,29492.25,29492.25,0.00
2026-08-04 10:03:50,29492.50,29493.00,29490.25,29491.25,79,29491.25,29491.25,0.00
2026-08-04 10:03:51,29490.75,29491.75,29490.50,29491.00,42,29491.00,29491.00,0.00
2026-08-04 10:03:52,29491.50,29492.50,29490.25,29490.25,52,29490.25,29490.25,0.00
2026-08-04 10:03:53,29490.50,29492.00,29489.50,29489.50,57,29489.50,29489.50,0.00
2026-08-04 10:03:54,29490.00,29492.75,29487.75,29491.75,178,29491.75,29491.75,0.00
2026-08-04 10:03:55,29491.75,29491.75,29488.00,29488.00,59,29488.00,29488.00,0.00
2026-08-04 10:03:56,29488.00,29489.50,29488.00,29488.50,63,29488.50,29488.50,0.00
2026-08-04 10:03:57,29487.75,29488.75,29486.50,29488.50,80,29488.50,29488.50,0.00
2026-08-04 10:03:58,29489.25,29489.75,29488.25,29489.00,28,29489.00,29489.00,0.00
2026-08-04 10:03:59,29489.00,29489.00,29485.50,29486.50,85,29486.50,29486.50,0.00
2026-08-04 10:04:00,29487.00,29489.00,29487.00,29487.75,66,29487.75,29487.75,0.00
2026-08-04 10:04:01,29488.00,29490.25,29487.75,29490.00,116,29490.00,29490.00,0.00
2026-08-04 10:04:02,29490.00,29491.75,29488.25,29489.50,75,29489.50,29489.50,0.00
2026-08-04 10:04:03,29490.00,29492.75,29489.00,29489.50,100,29489.50,29489.50,0.00
2026-08-04 10:04:04,29489.50,29490.25,29488.00,29488.50,51,29488.50,29488.50,0.00
2026-08-04 10:04:05,29488.25,29491.75,29488.25,29488.75,77,29488.75,29488.75,0.00
2026-08-04 10:04:06,29489.00,29489.25,29487.00,29489.25,103,29489.25,29489.25,0.00
2026-08-04 10:04:07,29490.00,29492.00,29488.50,29490.75,81,29490.75,29490.75,0.00
2026-08-04 10:04:08,29491.75,29492.50,29487.75,29488.25,171,29488.25,29488.25,0.00
2026-08-04 10:04:09,29488.50,29493.25,29488.50,29493.25,84,29493.25,29493.25,0.00
2026-08-04 10:04:10,29493.00,29493.50,29491.50,29491.75,44,29491.75,29491.75,0.00
2026-08-04 10:04:11,29491.25,29491.75,29490.00,29491.00,48,29491.00,29491.00,0.00
2026-08-04 10:04:12,29491.75,29492.00,29490.00,29490.75,66,29490.75,29490.75,0.00
2026-08-04 10:04:13,29491.00,29492.25,29490.00,29491.25,32,29491.25,29491.25,0.00
2026-08-04 10:04:14,29491.75,29494.00,29491.50,29494.00,80,29494.00,29494.00,0.00
2026-08-04 10:04:15,29493.75,29494.50,29492.25,29494.25,75,29494.25,29494.25,0.00
2026-08-04 10:04:16,29494.25,29496.25,29493.50,29494.50,150,29494.50,29494.50,0.00
2026-08-04 10:04:17,29495.25,29495.50,29494.00,29494.75,59,29494.75,29494.75,0.00
2026-08-04 10:04:18,29494.00,29496.75,29493.00,29494.00,99,29494.00,29494.00,0.00
2026-08-04 10:04:19,29494.25,29495.75,29493.75,29494.50,122,29494.50,29494.50,0.00
2026-08-04 10:04:20,29494.00,29494.00,29492.25,29493.25,96,29493.25,29493.25,0.00
2026-08-04 10:04:21,29493.50,29493.75,29489.75,29492.75,215,29492.75,29492.75,0.00
2026-08-04 10:04:22,29492.75,29493.50,29491.75,29492.75,81,29492.75,29492.75,0.00
2026-08-04 10:04:23,29493.25,29495.25,29493.25,29493.75,70,29493.75,29493.75,0.00
2026-08-04 10:04:24,29494.50,29495.00,29493.50,29494.00,43,29494.00,29494.00,0.00
2026-08-04 10:04:25,29493.25,29494.00,29490.50,29491.00,59,29491.00,29491.00,0.00
2026-08-04 10:04:26,29491.00,29492.75,29489.50,29489.75,82,29489.75,29489.75,0.00
2026-08-04 10:04:27,29489.75,29492.25,29489.75,29490.00,67,29490.00,29490.00,0.00
2026-08-04 10:04:28,29490.75,29493.50,29489.75,29491.75,67,29491.75,29491.75,0.00
2026-08-04 10:04:29,29492.50,29493.00,29489.75,29491.25,65,29491.25,29491.25,0.00
2026-08-04 10:04:30,29490.50,29490.75,29487.75,29490.50,114,29490.50,29490.50,0.00
2026-08-04 10:04:31,29490.50,29494.00,29490.50,29492.50,79,29492.50,29492.50,0.00
2026-08-04 10:04:32,29492.50,29493.50,29492.00,29492.00,56,29492.00,29492.00,0.00
2026-08-04 10:04:33,29491.75,29492.50,29491.00,29492.00,63,29492.00,29492.00,0.00
2026-08-04 10:04:34,29492.75,29493.50,29489.75,29493.00,92,29493.00,29493.00,0.00
2026-08-04 10:04:35,29493.00,29495.75,29492.75,29493.75,140,29493.75,29493.75,0.00
2026-08-04 10:04:36,29494.25,29494.25,29492.25,29492.25,44,29492.25,29492.25,0.00
2026-08-04 10:04:37,29492.25,29494.25,29492.25,29494.25,62,29494.25,29494.25,0.00
2026-08-04 10:04:38,29494.50,29495.25,29493.25,29494.00,57,29494.00,29494.00,0.00
2026-08-04 10:04:39,29494.25,29495.25,29493.50,29494.25,50,29494.25,29494.25,0.00
2026-08-04 10:04:40,29494.50,29495.00,29493.75,29494.25,58,29494.25,29494.25,0.00
2026-08-04 10:04:41,29494.50,29494.75,29493.25,29494.00,51,29494.00,29494.00,0.00
2026-08-04 10:04:42,29494.25,29496.75,29494.25,29494.75,69,29494.75,29494.75,0.00
2026-08-04 10:04:43,29494.75,29496.25,29494.50,29496.25,45,29496.25,29496.25,0.00
2026-08-04 10:04:44,29496.25,29497.00,29493.75,29495.75,86,29495.75,29495.75,0.00
2026-08-04 10:04:45,29495.75,29496.75,29494.75,29496.00,90,29496.00,29496.00,0.00
2026-08-04 10:04:46,29496.50,29496.75,29491.75,29492.25,153,29492.25,29492.25,0.00
2026-08-04 10:04:47,29492.00,29492.50,29490.50,29492.50,112,29492.50,29492.50,0.00
2026-08-04 10:04:48,29492.75,29493.25,29488.00,29490.50,192,29490.50,29490.50,0.00
2026-08-04 10:04:49,29490.00,29490.50,29488.25,29489.50,107,29489.50,29489.50,0.00
2026-08-04 10:04:50,29489.50,29489.75,29485.25,29485.50,178,29485.50,29485.50,0.00
2026-08-04 10:04:51,29486.00,29488.00,29485.50,29485.75,118,29485.75,29485.75,0.00
2026-08-04 10:04:52,29486.50,29488.75,29484.50,29487.75,112,29487.75,29487.75,0.00
2026-08-04 10:04:53,29488.00,29490.75,29487.75,29490.25,71,29490.25,29490.25,0.00
2026-08-04 10:04:54,29490.75,29492.00,29490.25,29491.25,57,29491.25,29491.25,0.00
2026-08-04 10:04:55,29491.50,29492.75,29490.00,29491.75,44,29491.75,29491.75,0.00
2026-08-04 10:04:56,29492.00,29492.50,29491.00,29491.00,55,29491.00,29491.00,0.00
2026-08-04 10:04:57,29491.00,29492.00,29490.00,29491.50,31,29491.50,29491.50,0.00
2026-08-04 10:04:58,29491.75,29492.00,29489.25,29490.25,50,29490.25,29490.25,0.00
2026-08-04 10:04:59,29490.25,29491.00,29487.75,29489.75,95,29489.75,29489.75,0.00
2026-08-04 10:05:00,29489.75,29490.25,29484.75,29487.50,307,29488.00,29488.50,0.50
2026-08-04 10:05:01,29486.50,29488.75,29485.75,29488.00,118,29487.50,29488.00,0.50
2026-08-04 10:05:02,29488.00,29489.25,29485.50,29487.50,57,29488.00,29488.75,0.75
2026-08-04 10:05:03,29488.00,29490.00,29486.50,29488.75,85,29487.50,29488.00,0.50
2026-08-04 10:05:04,29487.75,29489.75,29487.75,29488.75,65,29488.25,29489.00,0.75
2026-08-04 10:05:05,29487.25,29489.50,29485.00,29488.50,59,29491.75,29492.25,0.50
2026-08-04 10:05:06,29488.25,29492.75,29487.50,29492.25,132,29496.75,29497.00,0.25
2026-08-04 10:05:07,29492.25,29497.50,29492.00,29497.00,186,29495.75,29496.25,0.50
2026-08-04 10:05:08,29497.00,29497.50,29494.25,29496.25,100,29495.00,29495.50,0.50
2026-08-04 10:05:09,29496.50,29497.75,29494.25,29495.25,124,29495.75,29496.50,0.75
2026-08-04 10:05:10,29495.25,29496.75,29494.25,29495.75,73,29493.75,29494.50,0.75
2026-08-04 10:05:11,29495.75,29496.00,29494.00,29494.25,82,29496.75,29497.25,0.50
2026-08-04 10:05:12,29494.50,29497.00,29494.50,29496.75,71,29497.50,29498.00,0.50
2026-08-04 10:05:13,29497.25,29498.00,29496.75,29498.00,73,29500.50,29501.00,0.50
2026-08-04 10:05:14,29497.50,29501.25,29496.50,29500.75,438,29500.75,29501.25,0.50
2026-08-04 10:05:15,29500.50,29501.50,29500.00,29501.25,182,29501.75,29502.25,0.50
2026-08-04 10:05:16,29501.00,29503.25,29501.00,29502.00,364,29506.25,29506.75,0.50
2026-08-04 10:05:17,29502.50,29517.25,29502.25,29506.75,1842,29509.25,29509.75,0.50
2026-08-04 10:05:18,29506.25,29510.75,29505.75,29509.50,461,29509.00,29509.50,0.50
2026-08-04 10:05:19,29509.75,29510.50,29507.50,29509.50,270,29513.25,29513.75,0.50
2026-08-04 10:05:20,29509.00,29516.50,29509.00,29513.75,403,29512.75,29513.50,0.75
2026-08-04 10:05:21,29513.75,29516.25,29511.75,29513.25,529,29512.75,29513.50,0.75
2026-08-04 10:05:22,29512.75,29515.00,29512.25,29512.75,364,29511.25,29511.75,0.50
2026-08-04 10:05:23,29513.50,29514.25,29510.50,29511.50,255,29511.25,29511.50,0.25
2026-08-04 10:05:24,29511.75,29513.00,29509.75,29511.00,247,29512.00,29512.50,0.50
2026-08-04 10:05:25,29511.25,29513.75,29510.75,29512.75,209,29510.50,29511.00,0.50
2026-08-04 10:05:26,29512.00,29514.25,29509.75,29511.50,251,29512.50,29512.75,0.25
2026-08-04 10:05:27,29511.00,29513.75,29510.75,29512.75,113,29515.00,29515.50,0.50
2026-08-04 10:05:28,29513.00,29516.50,29513.00,29515.00,231,29516.00,29516.50,0.50
2026-08-04 10:05:29,29515.25,29517.75,29515.00,29516.50,259,29517.25,29517.75,0.50
2026-08-04 10:05:30,29516.25,29519.00,29515.50,29517.75,282,29515.00,29515.50,0.50
2026-08-04 10:05:31,29517.50,29518.50,29514.75,29515.50,222,29515.25,29515.75,0.50
2026-08-04 10:05:32,29515.50,29515.75,29512.50,29515.25,220,29517.50,29518.00,0.50
2026-08-04 10:05:33,29515.75,29519.00,29515.00,29517.75,102,29518.25,29518.50,0.25
2026-08-04 10:05:34,29518.00,29519.25,29517.25,29518.25,203,29515.75,29516.00,0.25
2026-08-04 10:05:35,29518.50,29518.50,29515.25,29515.75,152,29514.75,29515.25,0.50
2026-08-04 10:05:36,29516.00,29516.50,29514.25,29515.00,128,29514.00,29514.50,0.50
2026-08-04 10:05:37,29514.75,29515.50,29513.25,29515.00,115,29512.50,29512.75,0.25
2026-08-04 10:05:38,29514.00,29514.25,29511.75,29512.75,145,29511.50,29512.00,0.50
2026-08-04 10:05:39,29512.50,29513.50,29510.50,29511.50,222,29512.00,29512.50,0.50
2026-08-04 10:05:40,29512.00,29513.00,29511.00,29512.25,103,29512.00,29512.50,0.50
2026-08-04 10:05:41,29512.25,29512.75,29510.50,29512.50,225,29511.00,29511.50,0.50
2026-08-04 10:05:42,29512.00,29512.75,29511.00,29511.00,123,29511.25,29511.75,0.50
2026-08-04 10:05:43,29511.00,29513.00,29510.75,29511.25,112,29509.75,29510.25,0.50
2026-08-04 10:05:44,29511.50,29512.25,29509.50,29510.00,168,29508.75,29509.50,0.75
2026-08-04 10:05:45,29509.75,29510.00,29507.00,29509.25,383,29511.00,29511.50,0.50
2026-08-04 10:05:46,29509.50,29512.50,29508.75,29511.00,190,29509.75,29510.25,0.50
2026-08-04 10:05:47,29511.00,29512.25,29509.75,29510.00,198,29508.50,29509.00,0.50
2026-08-04 10:05:48,29509.75,29511.00,29508.50,29508.50,138,29509.75,29510.25,0.50
2026-08-04 10:05:49,29509.00,29510.00,29508.75,29509.75,35,29510.50,29511.00,0.50
2026-08-04 10:05:50,29510.00,29511.00,29509.25,29510.50,62,29513.00,29513.25,0.25
2026-08-04 10:05:51,29510.75,29513.75,29510.75,29513.25,119,29509.75,29510.25,0.50
2026-08-04 10:05:52,29513.00,29513.50,29510.00,29510.00,118,29510.50,29510.75,0.25
2026-08-04 10:05:53,29509.75,29512.25,29509.75,29510.75,63,29513.00,29513.50,0.50
2026-08-04 10:05:54,29511.00,29513.50,29511.00,29512.75,78,29511.25,29511.75,0.50
2026-08-04 10:05:55,29512.75,29513.25,29511.50,29511.50,28,29512.50,29512.75,0.25
2026-08-04 10:05:56,29511.25,29513.25,29511.25,29512.75,57,29511.75,29512.25,0.50
2026-08-04 10:05:57,29512.50,29513.00,29511.25,29512.25,73,29513.75,29514.25,0.50
2026-08-04 10:05:58,29512.00,29514.25,29512.00,29514.00,54,29514.75,29515.25,0.50
2026-08-04 10:05:59,29513.75,29515.25,29513.50,29515.00,51,29515.25,29515.75,0.50
2026-08-04 10:06:00,29515.00,29515.50,29514.50,29515.00,88,29513.75,29514.50,0.75
2026-08-04 10:06:01,29515.25,29517.00,29513.50,29514.00,187,29515.00,29515.50,0.50
2026-08-04 10:06:02,29515.00,29516.50,29514.00,29514.75,124,29512.00,29512.50,0.50
2026-08-04 10:06:03,29515.00,29515.00,29512.00,29512.50,81,29509.50,29510.00,0.50
2026-08-04 10:06:04,29512.50,29513.00,29509.25,29509.75,171,29510.50,29511.00,0.50
2026-08-04 10:06:05,29509.50,29511.25,29509.25,29510.25,110,29512.00,29512.25,0.25
2026-08-04 10:06:06,29510.25,29512.75,29510.00,29512.75,135,29511.25,29511.75,0.50
2026-08-04 10:06:07,29512.00,29512.50,29508.50,29511.75,98,29513.50,29514.00,0.50
2026-08-04 10:06:08,29511.50,29514.50,29510.50,29513.50,81,29516.75,29517.25,0.50
2026-08-04 10:06:09,29513.50,29517.50,29513.50,29517.25,165,29516.75,29517.25,0.50
2026-08-04 10:06:10,29517.00,29517.75,29515.50,29517.00,108,29516.50,29517.00,0.50
2026-08-04 10:06:11,29517.25,29519.25,29516.50,29517.00,132,29517.25,29517.50,0.25
2026-08-04 10:06:12,29516.75,29517.75,29515.50,29517.50,105,29518.25,29518.75,0.50
2026-08-04 10:06:13,29517.00,29519.50,29516.50,29518.50,78,29516.00,29516.50,0.50
2026-08-04 10:06:14,29518.25,29519.00,29515.75,29516.25,91,29516.00,29516.50,0.50
2026-08-04 10:06:15,29516.00,29516.50,29515.25,29516.00,50,29518.75,29519.00,0.25
2026-08-04 10:06:16,29516.50,29519.00,29516.00,29519.00,139,29515.25,29515.75,0.50
2026-08-04 10:06:17,29519.00,29519.00,29515.25,29515.50,157,29515.75,29516.25,0.50
2026-08-04 10:06:18,29515.75,29517.00,29515.25,29516.25,113,29516.25,29516.75,0.50
2026-08-04 10:06:19,29516.50,29517.00,29515.25,29516.50,84,29516.00,29516.50,0.50
2026-08-04 10:06:20,29516.75,29517.50,29513.50,29516.25,265,29517.25,29517.75,0.50
2026-08-04 10:06:21,29516.00,29518.50,29516.00,29517.50,63,29517.50,29518.00,0.50
2026-08-04 10:06:22,29517.75,29517.75,29516.75,29517.50,42,29516.25,29516.75,0.50
2026-08-04 10:06:23,29518.00,29518.25,29515.75,29516.50,75,29518.00,29518.75,0.75
2026-08-04 10:06:24,29516.00,29519.25,29514.75,29518.50,96,29518.25,29518.50,0.25
2026-08-04 10:06:25,29517.75,29519.25,29517.50,29518.25,89,29518.50,29519.00,0.50
2026-08-04 10:06:26,29518.50,29519.00,29517.25,29518.50,75,29517.50,29518.00,0.50
2026-08-04 10:06:27,29519.00,29519.00,29517.00,29517.75,80,29519.50,29519.75,0.25
2026-08-04 10:06:28,29517.75,29520.00,29517.75,29519.50,195,29521.50,29522.00,0.50
2026-08-04 10:06:29,29519.75,29523.00,29519.75,29522.00,284,29521.50,29522.00,0.50
2026-08-04 10:06:30,29522.00,29523.00,29521.00,29521.75,223,29521.50,29521.75,0.25
2026-08-04 10:06:31,29522.00,29523.50,29521.25,29521.50,145,29519.75,29520.25,0.50
2026-08-04 10:06:32,29521.50,29522.00,29519.50,29520.00,218,29521.00,29521.25,0.25
2026-08-04 10:06:33,29520.50,29522.00,29519.75,29521.00,71,29520.50,29521.00,0.50
2026-08-04 10:06:34,29521.00,29522.25,29520.75,29521.25,79,29519.25,29519.75,0.50
2026-08-04 10:06:35,29521.00,29521.00,29517.50,29519.75,130,29517.75,29518.25,0.50
2026-08-04 10:06:36,29519.25,29519.25,29517.00,29517.75,103,29517.75,29518.25,0.50
2026-08-04 10:06:37,29517.75,29518.25,29515.25,29516.25,151,29516.25,29516.75,0.50
2026-08-04 10:06:38,29516.25,29516.50,29514.75,29516.25,100,29517.25,29517.75,0.50
2026-08-04 10:06:39,29516.75,29517.75,29516.00,29517.75,106,29517.25,29517.75,0.50
2026-08-04 10:06:40,29517.50,29517.50,29515.50,29516.50,80,29513.00,29513.50,0.50
2026-08-04 10:06:41,29517.00,29518.25,29512.50,29513.00,156,29513.00,29513.50,0.50
2026-08-04 10:06:42,29513.00,29513.50,29511.00,29513.50,201,29513.25,29513.75,0.50
2026-08-04 10:06:43,29513.00,29514.50,29512.25,29513.75,168,29513.00,29513.50,0.50
2026-08-04 10:06:44,29513.50,29513.75,29511.25,29513.50,141,29513.00,29513.50,0.50
2026-08-04 10:06:45,29513.50,29513.75,29512.00,29513.00,59,29513.50,29514.00,0.50
2026-08-04 10:06:46,29513.00,29514.25,29512.00,29514.25,85,29513.50,29514.00,0.50
2026-08-04 10:06:47,29513.75,29516.50,29513.75,29516.25,108,29515.75,29516.25,0.50
2026-08-04 10:06:48,29515.75,29516.75,29515.25,29516.00,58,29517.00,29517.50,0.50
2026-08-04 10:06:49,29516.00,29518.00,29515.75,29517.75,83,29517.00,29517.50,0.50
2026-08-04 10:06:50,29517.00,29517.25,29515.25,29516.50,40,29516.00,29516.25,0.25
2026-08-04 10:06:51,29516.00,29516.50,29515.50,29516.50,21,29517.25,29517.75,0.50
2026-08-04 10:06:52,29516.50,29517.50,29516.00,29517.25,27,29519.00,29519.50,0.50
2026-08-04 10:06:53,29517.25,29519.25,29517.25,29519.25,62,29519.25,29519.75,0.50
2026-08-04 10:06:54,29519.25,29521.00,29519.00,29519.25,103,29517.00,29517.50,0.50
2026-08-04 10:06:55,29519.75,29519.75,29516.50,29517.75,75,29516.75,29517.25,0.50
2026-08-04 10:06:56,29517.50,29517.75,29516.00,29517.00,38,29515.25,29515.75,0.50
2026-08-04 10:06:57,29516.50,29517.00,29515.25,29515.75,29,29513.75,29514.25,0.50
2026-08-04 10:06:58,29516.25,29516.25,29513.50,29513.75,74,29513.50,29514.00,0.50
2026-08-04 10:06:59,29513.75,29514.75,29513.25,29513.50,68,29514.00,29514.50,0.50
2026-08-04 10:07:00,29514.00,29514.50,29512.25,29514.00,97,29511.50,29512.00,0.50
2026-08-04 10:07:01,29514.25,29514.25,29510.75,29511.75,143,29511.50,29512.00,0.50
2026-08-04 10:07:02,29512.00,29517.25,29510.25,29517.25,140,29518.75,29519.50,0.75
2026-08-04 10:07:03,29517.50,29521.00,29517.00,29518.75,169,29517.50,29518.00,0.50
2026-08-04 10:07:04,29519.25,29519.75,29517.25,29517.75,69,29516.75,29517.25,0.50
2026-08-04 10:07:05,29517.50,29517.75,29515.25,29517.00,53,29514.25,29514.75,0.50
2026-08-04 10:07:06,29517.00,29517.00,29513.75,29514.50,75,29515.75,29516.25,0.50
2026-08-04 10:07:07,29514.50,29516.50,29514.25,29516.00,39,29517.00,29517.50,0.50
2026-08-04 10:07:08,29516.25,29517.50,29514.50,29517.50,32,29517.75,29518.25,0.50
2026-08-04 10:07:09,29517.00,29517.50,29516.00,29517.50,35,29519.50,29520.00,0.50
2026-08-04 10:07:10,29518.25,29520.50,29517.75,29519.25,75,29519.00,29519.50,0.50
2026-08-04 10:07:11,29519.50,29521.25,29519.00,29519.00,88,29519.50,29520.00,0.50
2026-08-04 10:07:12,29519.75,29521.00,29519.00,29520.00,71,29520.50,29521.00,0.50
2026-08-04 10:07:13,29520.00,29520.75,29519.25,29520.00,58,29519.75,29520.25,0.50
2026-08-04 10:07:14,29521.00,29521.00,29519.25,29520.50,47,29519.50,29520.00,0.50
2026-08-04 10:07:15,29520.00,29520.25,29517.50,29520.00,76,29519.75,29520.25,0.50
2026-08-04 10:07:16,29520.00,29520.50,29519.25,29520.50,25,29521.25,29521.75,0.50
2026-08-04 10:07:17,29520.25,29521.75,29519.75,29521.75,94,29521.75,29522.25,0.50
2026-08-04 10:07:18,29521.25,29522.75,29521.00,29522.00,85,29521.75,29522.25,0.50
2026-08-04 10:07:19,29522.00,29524.50,29520.25,29521.00,341,29520.50,29521.00,0.50
2026-08-04 10:07:20,29521.00,29521.50,29520.00,29520.50,106,29518.50,29519.00,0.50
2026-08-04 10:07:21,29520.50,29521.00,29518.00,29519.00,63,29518.50,29519.00,0.50
2026-08-04 10:07:22,29518.75,29520.75,29518.50,29520.75,73,29519.25,29519.75,0.50
2026-08-04 10:07:23,29520.25,29520.75,29519.25,29520.00,47,29519.50,29520.00,0.50
2026-08-04 10:07:24,29519.25,29520.00,29517.75,29519.75,93,29519.75,29520.25,0.50
2026-08-04 10:07:25,29519.50,29520.25,29519.50,29519.50,41,29518.25,29518.50,0.25
2026-08-04 10:07:26,29520.25,29520.25,29518.50,29519.25,40,29518.25,29518.50,0.25
2026-08-04 10:07:27,29518.50,29518.75,29514.50,29515.00,104,29514.75,29515.00,0.25
2026-08-04 10:07:28,29515.00,29516.50,29514.75,29514.75,48,29518.00,29518.50,0.50
2026-08-04 10:07:29,29515.00,29518.25,29514.75,29518.00,72,29518.25,29518.75,0.50
2026-08-04 10:07:30,29518.50,29520.25,29518.25,29518.75,79,29518.25,29518.50,0.25
2026-08-04 10:07:31,29518.75,29520.00,29518.00,29518.00,52,29514.75,29515.25,0.50
2026-08-04 10:07:32,29518.50,29518.50,29514.75,29515.00,74,29518.25,29518.75,0.50
2026-08-04 10:07:33,29514.75,29517.75,29514.00,29517.75,111,29518.25,29518.75,0.50
2026-08-04 10:07:34,29518.00,29519.00,29518.00,29518.25,23,29519.50,29520.00,0.50
2026-08-04 10:07:35,29519.25,29519.75,29518.25,29519.00,40,29518.75,29519.25,0.50
2026-08-04 10:07:36,29519.00,29520.00,29517.75,29519.00,77,29522.25,29522.75,0.50
2026-08-04 10:07:37,29519.00,29522.50,29519.00,29522.25,56,29522.25,29522.75,0.50
2026-08-04 10:07:38,29522.50,29524.50,29522.25,29523.25,164,29525.75,29526.00,0.25
2026-08-04 10:07:39,29524.00,29526.75,29523.50,29526.00,365,29526.00,29526.50,0.50
2026-08-04 10:07:40,29526.00,29526.75,29523.75,29526.25,246,29525.50,29525.75,0.25
2026-08-04 10:07:41,29526.50,29526.50,29525.25,29525.50,104,29527.75,29528.25,0.50
2026-08-04 10:07:42,29525.75,29528.75,29525.75,29528.00,313,29526.75,29527.25,0.50
2026-08-04 10:07:43,29528.25,29528.50,29526.75,29526.75,112,29527.50,29528.00,0.50
2026-08-04 10:07:44,29527.25,29528.25,29526.50,29528.25,78,29527.50,29528.00,0.50
2026-08-04 10:07:45,29527.50,29528.25,29525.75,29527.50,103,29527.75,29528.25,0.50
2026-08-04 10:07:46,29527.75,29528.25,29527.25,29527.75,98,29527.00,29527.50,0.50
2026-08-04 10:07:47,29527.75,29527.75,29525.75,29527.25,90,29527.25,29527.50,0.25
2026-08-04 10:07:48,29527.50,29528.00,29526.75,29527.25,90,29525.75,29526.00,0.25
2026-08-04 10:07:49,29527.25,29527.50,29525.50,29526.00,74,29524.50,29525.00,0.50
2026-08-04 10:07:50,29525.75,29526.75,29524.50,29525.00,94,29524.25,29524.50,0.25
2026-08-04 10:07:51,29525.00,29525.25,29524.00,29524.25,50,29524.25,29524.50,0.25
2026-08-04 10:07:52,29524.25,29525.25,29524.00,29525.00,41,29523.50,29524.00,0.50
2026-08-04 10:07:53,29525.00,29525.00,29522.50,29524.25,81,29524.00,29524.50,0.50
2026-08-04 10:07:54,29523.75,29525.00,29523.25,29524.25,84,29526.00,29526.50,0.50
2026-08-04 10:07:55,29524.50,29526.25,29524.00,29526.25,86,29523.75,29524.25,0.50
2026-08-04 10:07:56,29526.00,29526.00,29523.25,29523.75,75,29524.25,29524.75,0.50
2026-08-04 10:07:57,29524.25,29525.25,29523.75,29525.00,43,29524.50,29525.00,0.50
2026-08-04 10:07:58,29525.25,29525.50,29524.50,29524.75,43,29523.00,29523.50,0.50
2026-08-04 10:07:59,29524.50,29524.75,29522.50,29523.75,53,29521.50,29522.00,0.50
2026-08-04 10:08:00,29523.50,29523.50,29520.75,29521.75,107,29522.25,29522.75,0.50
2026-08-04 10:08:01,29522.00,29523.25,29520.75,29522.25,158,29521.50,29521.75,0.25
2026-08-04 10:08:02,29522.25,29523.50,29521.25,29521.25,74,29522.75,29523.25,0.50
2026-08-04 10:08:03,29521.25,29523.75,29521.00,29523.75,75,29526.00,29526.50,0.50
2026-08-04 10:08:04,29523.25,29526.50,29523.00,29526.00,129,29525.75,29526.25,0.50
2026-08-04 10:08:05,29526.00,29526.50,29525.25,29526.00,71,29526.75,29527.50,0.75
2026-08-04 10:08:06,29526.25,29527.75,29526.00,29527.00,52,29526.25,29526.75,0.50
2026-08-04 10:08:07,29528.00,29528.25,29526.00,29527.00,96,29526.00,29526.50,0.50
2026-08-04 10:08:08,29527.25,29527.50,29524.75,29526.00,132,29526.00,29526.50,0.50
2026-08-04 10:08:09,29526.00,29526.75,29525.25,29526.75,49,29526.50,29527.00,0.50
2026-08-04 10:08:10,29526.75,29527.50,29526.00,29527.00,34,29525.75,29526.25,0.50
2026-08-04 10:08:11,29527.00,29527.25,29525.75,29525.75,71,29525.75,29526.25,0.50
2026-08-04 10:08:12,29526.00,29527.25,29525.25,29526.50,79,29525.00,29525.50,0.50
2026-08-04 10:08:13,29525.75,29527.00,29525.00,29525.50,76,29524.25,29524.75,0.50
2026-08-04 10:08:14,29525.00,29525.25,29523.50,29524.50,119,29524.75,29525.25,0.50
2026-08-04 10:08:15,29524.75,29525.50,29522.50,29525.50,152,29526.75,29527.25,0.50
2026-08-04 10:08:16,29524.75,29528.50,29524.75,29527.25,156,29525.50,29526.00,0.50
2026-08-04 10:08:17,29527.00,29528.25,29524.75,29525.75,161,29524.50,29525.00,0.50
2026-08-04 10:08:18,29525.50,29526.00,29524.00,29525.50,86,29523.50,29523.75,0.25
2026-08-04 10:08:19,29525.00,29525.00,29523.25,29523.25,59,29523.00,29523.25,0.25
2026-08-04 10:08:20,29523.75,29523.75,29522.50,29523.00,70,29523.75,29524.25,0.50
2026-08-04 10:08:21,29523.25,29524.25,29521.25,29523.75,97,29525.50,29526.00,0.50
2026-08-04 10:08:22,29524.00,29526.25,29524.00,29525.50,133,29526.00,29526.50,0.50
2026-08-04 10:08:23,29526.25,29528.25,29525.50,29526.25,47,29526.00,29526.50,0.50
2026-08-04 10:08:24,29526.25,29528.00,29525.00,29527.50,71,29527.00,29527.50,0.50
2026-08-04 10:08:25,29527.50,29528.25,29526.50,29527.50,56,29527.50,29528.00,0.50
2026-08-04 10:08:26,29527.00,29529.50,29526.75,29527.75,128,29527.50,29528.00,0.50
2026-08-04 10:08:27,29528.00,29528.25,29526.75,29527.50,45,29527.75,29528.25,0.50
2026-08-04 10:08:28,29527.75,29528.50,29527.25,29528.00,44,29528.25,29528.50,0.25
2026-08-04 10:08:29,29528.00,29529.25,29528.00,29528.25,53,29527.75,29528.25,0.50
2026-08-04 10:08:30,29528.25,29528.50,29526.50,29527.75,75,29527.50,29527.75,0.25
2026-08-04 10:08:31,29528.25,29528.25,29527.00,29527.75,64,29526.00,29526.25,0.25
2026-08-04 10:08:32,29527.75,29528.50,29525.50,29526.00,92,29524.00,29524.25,0.25
2026-08-04 10:08:33,29526.00,29526.00,29523.25,29524.25,104,29523.75,29524.25,0.50
2026-08-04 10:08:34,29524.00,29524.75,29523.25,29524.25,43,29525.75,29526.25,0.50
2026-08-04 10:08:35,29524.00,29526.50,29523.75,29526.00,93,29526.25,29526.75,0.50
2026-08-04 10:08:36,29525.50,29526.75,29525.50,29526.25,33,29527.75,29528.25,0.50
2026-08-04 10:08:37,29526.25,29528.00,29526.25,29528.00,33,29525.75,29526.25,0.50
2026-08-04 10:08:38,29527.75,29528.75,29525.00,29525.50,117,29526.00,29526.50,0.50
2026-08-04 10:08:39,29526.25,29526.50,29525.00,29526.25,59,29525.00,29525.25,0.25
2026-08-04 10:08:40,29526.25,29526.25,29524.75,29524.75,23,29525.00,29525.25,0.25
2026-08-04 10:08:41,29525.00,29527.00,29524.25,29526.75,68,29529.00,29529.50,0.50
2026-08-04 10:08:42,29527.00,29529.25,29527.00,29529.25,40,29529.00,29529.25,0.25
2026-08-04 10:08:43,29529.50,29530.50,29528.25,29529.50,276,29529.00,29529.25,0.25
2026-08-04 10:08:44,29529.00,29529.50,29527.00,29528.25,98,29526.25,29526.75,0.50
2026-08-04 10:08:45,29527.50,29527.75,29526.00,29526.25,90,29527.25,29527.50,0.25
2026-08-04 10:08:46,29526.50,29527.75,29525.50,29527.50,64,29528.00,29528.50,0.50
2026-08-04 10:08:47,29527.25,29528.75,29527.00,29527.75,90,29529.25,29529.75,0.50
2026-08-04 10:08:48,29528.50,29529.75,29528.00,29529.00,78,29528.25,29528.75,0.50
2026-08-04 10:08:49,29529.75,29531.75,29528.25,29528.75,326,29528.25,29528.75,0.50
2026-08-04 10:08:50,29528.75,29531.75,29528.25,29531.00,78,29531.00,29531.25,0.25
2026-08-04 10:08:51,29531.25,29532.25,29530.50,29531.25,132,29531.50,29532.00,0.50
2026-08-04 10:08:52,29531.00,29532.50,29530.75,29532.00,91,29531.75,29532.00,0.25
2026-08-04 10:08:53,29531.75,29532.50,29530.75,29531.75,117,29531.75,29532.00,0.25
2026-08-04 10:08:54,29532.00,29533.00,29531.75,29531.75,350,29531.50,29532.00,0.50
2026-08-04 10:08:55,29532.00,29532.25,29531.25,29531.50,60,29531.75,29532.25,0.50
2026-08-04 10:08:56,29531.50,29532.75,29531.00,29531.50,86,29531.50,29532.00,0.50
2026-08-04 10:08:57,29532.00,29532.25,29531.50,29531.50,38,29530.50,29530.75,0.25
2026-08-04 10:08:58,29532.00,29532.25,29529.75,29530.75,99,29531.25,29531.50,0.25
2026-08-04 10:08:59,29530.50,29531.50,29529.75,29531.50,80,29530.25,29530.75,0.50
2026-08-04 10:09:00,29531.25,29531.50,29529.75,29530.75,138,29530.50,29531.00,0.50
2026-08-04 10:09:01,29530.50,29531.00,29529.75,29530.50,101,29529.75,29530.25,0.50
2026-08-04 10:09:02,29531.00,29531.00,29528.25,29530.00,114,29527.50,29528.00,0.50
2026-08-04 10:09:03,29529.75,29530.50,29527.00,29527.75,134,29525.00,29525.50,0.50
2026-08-04 10:09:04,29528.00,29528.25,29524.75,29525.00,161,29525.00,29525.50,0.50
2026-08-04 10:09:05,29525.50,29525.75,29524.75,29525.00,75,29522.25,29522.75,0.50
2026-08-04 10:09:06,29524.75,29524.75,29521.50,29522.25,167,29520.00,29520.25,0.25
2026-08-04 10:09:07,29523.00,29524.25,29517.50,29520.00,316,29520.00,29520.25,0.25
2026-08-04 10:09:08,29520.50,29522.75,29519.50,29521.25,378,29520.75,29521.25,0.50
2026-08-04 10:09:09,29521.25,29521.50,29519.25,29521.25,156,29520.50,29521.00,0.50
2026-08-04 10:09:10,29521.25,29522.25,29520.50,29520.50,112,29519.75,29520.25,0.50
2026-08-04 10:09:11,29520.75,29520.75,29519.50,29520.00,77,29519.75,29520.25,0.50
2026-08-04 10:09:12,29520.25,29521.00,29518.50,29519.75,65,29520.75,29521.25,0.50
2026-08-04 10:09:13,29519.75,29521.75,29518.75,29520.75,129,29519.75,29520.25,0.50
2026-08-04 10:09:14,29521.00,29521.75,29519.25,29519.50,88,29518.75,29519.50,0.75
2026-08-04 10:09:15,29519.25,29519.50,29517.25,29519.00,116,29518.75,29519.50,0.75
2026-08-04 10:09:16,29519.00,29521.50,29519.00,29520.75,124,29520.25,29520.75,0.50
2026-08-04 10:09:17,29521.25,29521.50,29520.00,29520.50,62,29516.50,29517.00,0.50
2026-08-04 10:09:18,29520.25,29520.25,29515.75,29516.25,164,29516.50,29517.00,0.50
2026-08-04 10:09:19,29516.75,29517.00,29511.25,29511.75,447,29511.75,29512.25,0.50
2026-08-04 10:09:20,29511.75,29514.00,29511.75,29513.00,183,29513.00,29513.50,0.50
2026-08-04 10:09:21,29513.75,29513.75,29511.25,29512.50,199,29511.00,29511.50,0.50
2026-08-04 10:09:22,29512.75,29512.75,29510.50,29511.50,172,29513.00,29513.50,0.50
2026-08-04 10:09:23,29511.25,29513.50,29511.00,29513.50,135,29512.00,29512.50,0.50
2026-08-04 10:09:24,29513.50,29514.00,29511.50,29512.25,97,29512.00,29512.50,0.50
2026-08-04 10:09:25,29512.50,29512.75,29510.00,29511.25,171,29510.50,29511.00,0.50
2026-08-04 10:09:26,29511.75,29513.25,29510.00,29511.25,124,29505.75,29506.25,0.50
2026-08-04 10:09:27,29511.00,29511.00,29504.75,29505.50,368,29505.75,29506.25,0.50
2026-08-04 10:09:28,29506.00,29506.00,29503.50,29505.25,241,29505.00,29505.50,0.50
2026-08-04 10:09:29,29505.25,29507.50,29504.25,29505.25,176,29505.00,29505.50,0.50
2026-08-04 10:09:30,29505.00,29508.00,29505.00,29505.75,151,29505.00,29505.50,0.50
2026-08-04 10:09:31,29506.25,29506.75,29505.25,29505.25,88,29504.75,29505.25,0.50
2026-08-04 10:09:32,29505.50,29506.00,29504.00,29505.00,150,29505.00,29505.25,0.25
2026-08-04 10:09:33,29505.25,29507.00,29505.00,29505.25,113,29506.25,29506.75,0.50
2026-08-04 10:09:34,29505.00,29506.75,29504.75,29506.75,73,29506.75,29507.25,0.50
2026-08-04 10:09:35,29506.25,29507.00,29505.50,29506.75,69,29506.75,29507.00,0.25
2026-08-04 10:09:36,29506.00,29507.75,29506.00,29506.50,70,29509.25,29509.75,0.50
2026-08-04 10:09:37,29507.25,29510.00,29507.25,29509.75,164,29509.25,29509.50,0.25
2026-08-04 10:09:38,29509.75,29511.25,29507.00,29509.00,205,29509.75,29510.25,0.50
2026-08-04 10:09:39,29509.00,29511.00,29509.00,29510.00,64,29509.50,29510.00,0.50
2026-08-04 10:09:40,29510.25,29510.75,29507.50,29509.75,72,29510.75,29511.25,0.50
2026-08-04 10:09:41,29509.50,29512.50,29509.00,29510.75,66,29511.50,29512.00,0.50
2026-08-04 10:09:42,29511.25,29512.25,29509.25,29512.25,47,29510.75,29511.25,0.50
2026-08-04 10:09:43,29512.25,29513.50,29511.00,29511.00,96,29512.75,29513.25,0.50
2026-08-04 10:09:44,29511.25,29514.00,29510.50,29513.25,64,29512.50,29513.00,0.50
2026-08-04 10:09:45,29513.25,29513.75,29512.00,29512.50,70,29511.00,29511.50,0.50
2026-08-04 10:09:46,29513.00,29513.50,29510.75,29511.50,63,29511.25,29511.75,0.50
2026-08-04 10:09:47,29511.75,29513.00,29510.75,29512.25,51,29511.00,29511.50,0.50
2026-08-04 10:09:48,29511.50,29513.00,29511.00,29511.00,32,29513.00,29513.50,0.50
2026-08-04 10:09:49,29511.50,29513.25,29511.50,29513.00,57,29513.25,29513.75,0.50
2026-08-04 10:09:50,29513.50,29514.50,29513.00,29513.25,64,29513.75,29514.25,0.50
2026-08-04 10:09:51,29513.50,29514.00,29512.50,29513.75,64,29513.75,29514.25,0.50
2026-08-04 10:09:52,29514.00,29515.00,29511.50,29513.50,117,29513.50,29514.00,0.50
2026-08-04 10:09:53,29513.00,29515.00,29512.25,29513.75,84,29514.50,29515.00,0.50
2026-08-04 10:09:54,29513.75,29515.00,29513.50,29515.00,45,29515.75,29516.25,0.50
2026-08-04 10:09:55,29514.75,29516.75,29514.75,29516.50,62,29516.25,29516.75,0.50
2026-08-04 10:09:56,29516.25,29517.25,29515.75,29516.75,51,29518.25,29518.50,0.25
2026-08-04 10:09:57,29516.50,29518.50,29515.50,29518.25,125,29519.25,29519.75,0.50
2026-08-04 10:09:58,29518.50,29521.00,29518.50,29520.00,238,29519.25,29519.75,0.50
2026-08-04 10:09:59,29519.25,29520.00,29518.00,29518.25,91,29517.75,29518.25,0.50
2026-08-04 10:10:00,29518.00,29520.00,29518.00,29518.25,48,29520.00,29520.25,0.25
2026-08-04 10:10:01,29518.25,29520.50,29517.25,29520.00,91,29518.00,29518.50,0.50
2026-08-04 10:10:02,29520.25,29520.50,29517.00,29518.50,91,29516.75,29517.25,0.50
2026-08-04 10:10:03,29518.50,29518.75,29517.00,29517.00,88,29514.00,29514.75,0.75
2026-08-04 10:10:04,29516.75,29517.50,29514.00,29514.25,99,29517.00,29517.50,0.50
2026-08-04 10:10:05,29514.75,29517.50,29514.75,29517.00,123,29512.25,29513.00,0.75
2026-08-04 10:10:06,29517.00,29517.50,29512.25,29512.25,122,29514.75,29515.25,0.50
2026-08-04 10:10:07,29513.00,29515.50,29513.00,29515.50,105,29514.75,29515.25,0.50
2026-08-04 10:10:08,29515.00,29516.50,29514.00,29515.75,91,29516.00,29516.50,0.50
2026-08-04 10:10:09,29516.25,29517.50,29515.75,29516.00,59,29515.50,29516.00,0.50
2026-08-04 10:10:10,29516.75,29517.75,29515.50,29515.50,54,29516.75,29517.50,0.75
2026-08-04 10:10:11,29516.00,29519.00,29516.00,29517.25,85,29517.00,29517.50,0.50
2026-08-04 10:10:12,29517.25,29517.50,29516.00,29516.50,34,29515.50,29516.00,0.50
2026-08-04 10:10:13,29517.50,29517.50,29515.25,29515.75,49,29513.25,29513.75,0.50
2026-08-04 10:10:14,29516.00,29516.00,29512.00,29513.25,77,29514.75,29515.25,0.50
2026-08-04 10:10:15,29513.25,29515.25,29512.50,29515.00,48,29516.00,29516.50,0.50
2026-08-04 10:10:16,29515.00,29516.50,29513.25,29516.50,70,29513.50,29514.00,0.50
2026-08-04 10:10:17,29515.50,29515.75,29513.25,29514.00,35,29513.50,29514.00,0.50
2026-08-04 10:10:18,29513.50,29514.25,29513.00,29514.25,34,29516.00,29516.50,0.50
2026-08-04 10:10:19,29514.75,29516.75,29514.75,29516.00,65,29513.75,29514.25,0.50
2026-08-04 10:10:20,29516.00,29516.00,29512.75,29514.00,57,29512.50,29512.75,0.25
2026-08-04 10:10:21,29513.75,29514.25,29512.25,29512.25,27,29512.00,29512.50,0.50
2026-08-04 10:10:22,29512.50,29513.25,29511.75,29512.25,47,29511.50,29512.00,0.50
2026-08-04 10:10:23,29512.25,29514.25,29511.00,29511.50,73,29510.00,29510.50,0.50
2026-08-04 10:10:24,29511.50,29512.00,29509.75,29510.00,172,29510.00,29510.50,0.50
2026-08-04 10:10:25,29510.00,29510.50,29508.50,29510.00,133,29510.00,29510.50,0.50
2026-08-04 10:10:26,29510.25,29511.25,29510.00,29510.50,76,29510.00,29510.50,0.50
2026-08-04 10:10:27,29509.75,29510.75,29507.75,29510.50,128,29510.00,29510.50,0.50
2026-08-04 10:10:28,29510.00,29513.25,29509.50,29511.75,129,29510.00,29510.50,0.50
2026-08-04 10:10:29,29512.00,29512.75,29509.25,29510.50,92,29509.25,29509.75,0.50
2026-08-04 10:10:30,29510.50,29510.75,29509.25,29509.75,48,29512.75,29513.25,0.50
2026-08-04 10:10:31,29509.25,29513.25,29509.25,29513.25,80,29515.75,29516.25,0.50
2026-08-04 10:10:32,29512.75,29516.25,29512.75,29515.75,86,29514.50,29515.00,0.50
2026-08-04 10:10:33,29515.50,29515.75,29513.75,29514.75,31,29512.50,29513.00,0.50
2026-08-04 10:10:34,29515.00,29515.25,29512.50,29512.75,79,29515.50,29516.00,0.50
2026-08-04 10:10:35,29512.00,29516.50,29511.75,29515.50,75,29512.75,29513.25,0.50
2026-08-04 10:10:36,29516.00,29517.00,29512.25,29512.75,96,29511.75,29512.00,0.25
2026-08-04 10:10:37,29513.00,29513.25,29511.75,29511.75,50,29509.25,29509.75,0.50
2026-08-04 10:10:38,29511.75,29512.00,29506.25,29509.50,136,29508.50,29509.00,0.50
2026-08-04 10:10:39,29510.25,29511.25,29507.00,29509.00,221,29510.50,29511.00,0.50
2026-08-04 10:10:40,29509.00,29511.75,29508.50,29510.75,88,29510.50,29511.00,0.50
2026-08-04 10:10:41,29510.75,29511.25,29509.00,29509.50,67,29509.00,29509.50,0.50
2026-08-04 10:10:42,29509.25,29510.25,29509.00,29509.25,60,29510.75,29511.25,0.50
2026-08-04 10:10:43,29509.50,29510.25,29508.00,29510.25,51,29509.75,29510.25,0.50
2026-08-04 10:10:44,29510.50,29510.50,29509.75,29510.00,42,29509.75,29510.25,0.50
2026-08-04 10:10:45,29510.00,29514.25,29510.00,29514.25,120,29512.00,29512.50,0.50
2026-08-04 10:10:46,29513.75,29515.25,29511.75,29512.25,84,29515.75,29516.00,0.25
2026-08-04 10:10:47,29512.25,29516.50,29512.25,29515.75,48,29517.00,29517.50,0.50
2026-08-04 10:10:48,29516.00,29518.00,29516.00,29517.50,106,29517.50,29518.00,0.50
2026-08-04 10:10:49,29517.50,29519.00,29517.00,29517.75,104,29517.50,29518.00,0.50
2026-08-04 10:10:50,29518.00,29519.25,29516.25,29517.50,112,29519.25,29519.75,0.50
2026-08-04 10:10:51,29517.50,29520.00,29516.50,29519.75,76,29521.50,29522.00,0.50
2026-08-04 10:10:52,29519.50,29522.25,29519.25,29522.25,198,29521.00,29521.50,0.50
2026-08-04 10:10:53,29522.00,29522.75,29520.50,29521.50,158,29519.75,29520.25,0.50
2026-08-04 10:10:54,29521.25,29521.75,29519.50,29520.00,87,29519.75,29520.25,0.50
2026-08-04 10:10:55,29520.25,29522.25,29519.75,29522.25,87,29522.50,29522.75,0.25
2026-08-04 10:10:56,29522.25,29523.50,29520.75,29520.75,105,29519.75,29520.25,0.50
2026-08-04 10:10:57,29520.50,29521.75,29520.00,29520.25,58,29520.25,29520.75,0.50
2026-08-04 10:10:58,29519.75,29521.00,29519.50,29520.25,41,29520.00,29520.50,0.50
2026-08-04 10:10:59,29521.00,29521.25,29519.75,29520.25,61,29520.50,29521.00,0.50
2026-08-04 10:11:00,29520.25,29521.75,29520.25,29521.00,52,29519.50,29520.00,0.50
2026-08-04 10:11:01,29521.00,29521.50,29518.75,29520.00,113,29519.75,29520.25,0.50
2026-08-04 10:11:02,29520.00,29521.25,29519.50,29520.00,70,29518.25,29518.75,0.50
2026-08-04 10:11:03,29520.75,29523.00,29518.50,29518.75,114,29517.75,29518.00,0.25
2026-08-04 10:11:04,29518.25,29518.75,29517.00,29518.00,60,29518.25,29518.75,0.50
2026-08-04 10:11:05,29517.75,29518.75,29515.75,29518.25,97,29519.75,29520.00,0.25
2026-08-04 10:11:06,29518.00,29519.75,29518.00,29519.25,50,29522.00,29522.25,0.25
2026-08-04 10:11:07,29519.75,29522.50,29519.25,29522.25,50,29522.00,29522.25,0.25
2026-08-04 10:11:08,29522.25,29523.00,29521.00,29523.00,126,29522.50,29523.00,0.50
2026-08-04 10:11:09,29523.00,29524.50,29522.25,29522.75,106,29525.00,29525.50,0.50
2026-08-04 10:11:10,29522.75,29525.25,29522.75,29525.25,92,29527.00,29527.50,0.50
2026-08-04 10:11:11,29525.25,29528.00,29525.00,29527.50,241,29526.25,29526.75,0.50
2026-08-04 10:11:12,29527.25,29528.00,29526.25,29526.50,178,29525.00,29525.50,0.50
2026-08-04 10:11:13,29526.75,29526.75,29524.50,29525.25,121,29522.75,29523.25,0.50
2026-08-04 10:11:14,29525.00,29525.00,29522.75,29523.00,104,29524.25,29524.75,0.50
2026-08-04 10:11:15,29523.00,29525.00,29523.00,29524.50,58,29522.75,29523.25,0.50
2026-08-04 10:11:16,29524.25,29524.25,29522.25,29523.00,52,29522.50,29523.00,0.50
2026-08-04 10:11:17,29523.50,29523.50,29522.25,29522.75,53,29522.00,29522.25,0.25
2026-08-04 10:11:18,29522.75,29523.00,29521.00,29522.50,47,29522.00,29522.25,0.25
2026-08-04 10:11:19,29521.75,29522.50,29521.00,29521.75,29,29522.00,29522.25,0.25
2026-08-04 10:11:20,29522.00,29525.50,29522.00,29524.75,76,29522.50,29523.00,0.50
2026-08-04 10:11:21,29524.50,29524.50,29521.50,29523.25,130,29521.50,29522.00,0.50
2026-08-04 10:11:22,29522.00,29523.25,29521.00,29521.75,67,29521.25,29521.75,0.50
2026-08-04 10:11:23,29521.50,29522.75,29521.25,29521.50,73,29521.25,29521.75,0.50
2026-08-04 10:11:24,29521.25,29522.00,29521.00,29521.25,38,29521.00,29521.50,0.50
2026-08-04 10:11:25,29521.75,29521.75,29520.00,29521.00,46,29522.75,29523.25,0.50
2026-08-04 10:11:26,29521.25,29523.50,29521.25,29523.00,50,29521.25,29521.75,0.50
2026-08-04 10:11:27,29523.00,29523.00,29520.25,29521.25,60,29521.25,29521.75,0.50
2026-08-04 10:11:28,29521.25,29521.25,29518.75,29519.00,149,29518.50,29519.00,0.50
2026-08-04 10:11:29,29519.00,29519.75,29517.50,29518.75,85,29518.50,29519.00,0.50
2026-08-04 10:11:30,29518.75,29519.75,29517.75,29518.50,39,29518.50,29518.75,0.25
2026-08-04 10:11:31,29519.00,29519.75,29517.50,29518.25,120,29519.25,29519.75,0.50
2026-08-04 10:11:32,29518.75,29519.50,29517.25,29519.25,58,29519.00,29519.50,0.50
2026-08-04 10:11:33,29519.50,29519.75,29518.50,29519.00,38,29520.50,29520.75,0.25
2026-08-04 10:11:34,29520.00,29522.75,29520.00,29520.75,88,29518.25,29518.75,0.50
2026-08-04 10:11:35,29520.25,29520.25,29518.50,29518.75,45,29517.25,29517.50,0.25
2026-08-04 10:11:36,29518.25,29518.25,29515.75,29517.50,86,29516.00,29516.50,0.50
2026-08-04 10:11:37,29517.25,29517.25,29514.75,29516.00,100,29518.25,29518.75,0.50
2026-08-04 10:11:38,29515.75,29517.75,29515.75,29517.75,68,29518.25,29518.75,0.50
2026-08-04 10:11:39,29518.25,29521.00,29518.25,29519.75,141,29521.25,29521.75,0.50
2026-08-04 10:11:40,29520.50,29521.25,29520.25,29521.25,18,29522.75,29523.25,0.50
2026-08-04 10:11:41,29521.50,29523.25,29521.50,29522.75,92,29523.75,29524.00,0.25
2026-08-04 10:11:42,29523.00,29523.75,29522.25,29523.75,65,29525.25,29525.50,0.25
2026-08-04 10:11:43,29524.00,29525.25,29522.50,29525.25,77,29526.75,29527.25,0.50
2026-08-04 10:11:44,29525.50,29527.25,29525.25,29527.25,73,29526.75,29527.25,0.50
2026-08-04 10:11:45,29527.25,29529.00,29525.25,29528.25,156,29528.50,29529.00,0.50
2026-08-04 10:11:46,29528.00,29529.75,29527.50,29528.50,137,29531.25,29531.50,0.25
2026-08-04 10:11:47,29529.00,29531.75,29528.75,29531.25,205,29532.75,29533.00,0.25
2026-08-04 10:11:48,29531.50,29534.75,29531.00,29532.75,620,29530.25,29530.50,0.25
2026-08-04 10:11:49,29532.25,29532.75,29530.25,29530.25,235,29530.50,29530.75,0.25
2026-08-04 10:11:50,29530.25,29531.25,29530.00,29531.00,96,29529.50,29529.75,0.25
2026-08-04 10:11:51,29530.50,29531.50,29529.50,29529.75,79,29531.25,29531.75,0.50
2026-08-04 10:11:52,29529.75,29531.75,29528.50,29531.50,130,29531.00,29531.50,0.50
2026-08-04 10:11:53,29531.25,29532.50,29530.75,29531.25,104,29531.50,29532.00,0.50
2026-08-04 10:11:54,29531.25,29532.25,29530.50,29531.50,101,29531.25,29531.75,0.50
2026-08-04 10:11:55,29531.75,29532.25,29530.00,29531.75,83,29531.50,29532.00,0.50
2026-08-04 10:11:56,29531.50,29531.75,29530.50,29531.75,51,29531.75,29532.25,0.50
2026-08-04 10:11:57,29531.50,29532.75,29530.50,29532.00,53,29531.75,29532.25,0.50
2026-08-04 10:11:58,29532.00,29532.50,29531.00,29532.50,50,29532.25,29532.75,0.50
2026-08-04 10:11:59,29532.00,29533.00,29532.00,29533.00,28,29532.25,29532.75,0.50
2026-08-04 10:12:00,29532.25,29533.50,29530.50,29531.25,113,29530.50,29531.00,0.50
2026-08-04 10:12:01,29531.00,29531.75,29528.75,29530.50,200,29531.00,29531.50,0.50
2026-08-04 10:12:02,29530.75,29532.25,29530.75,29531.50,82,29531.00,29531.50,0.50
2026-08-04 10:12:03,29531.50,29532.00,29530.50,29531.25,102,29530.00,29530.50,0.50
2026-08-04 10:12:04,29531.00,29532.50,29530.00,29530.25,101,29531.25,29531.75,0.50
2026-08-04 10:12:05,29530.50,29531.75,29530.25,29531.50,44,29532.25,29532.75,0.50
2026-08-04 10:12:06,29531.75,29533.75,29531.50,29532.75,84,29532.25,29532.75,0.50
2026-08-04 10:12:07,29532.50,29533.75,29531.50,29532.75,110,29532.75,29533.00,0.25
2026-08-04 10:12:08,29532.75,29534.00,29531.75,29532.50,84,29532.00,29532.50,0.50
2026-08-04 10:12:09,29532.25,29533.75,29531.50,29532.25,90,29531.25,29531.75,0.50
2026-08-04 10:12:10,29532.50,29532.75,29531.50,29531.75,51,29531.00,29531.50,0.50
2026-08-04 10:12:11,29531.25,29532.00,29530.75,29531.50,69,29532.00,29532.25,0.25
2026-08-04 10:12:12,29531.25,29532.50,29530.50,29532.00,51,29531.25,29531.75,0.50
2026-08-04 10:12:13,29532.00,29532.25,29530.50,29531.50,46,29531.00,29531.50,0.50
2026-08-04 10:12:14,29531.50,29532.00,29531.00,29531.50,74,29531.00,29531.50,0.50
2026-08-04 10:12:15,29531.25,29532.25,29530.75,29532.00,45,29531.75,29532.25,0.50
2026-08-04 10:12:16,29532.00,29532.50,29531.50,29532.25,38,29531.50,29532.00,0.50
2026-08-04 10:12:17,29532.00,29532.50,29531.00,29532.00,44,29532.00,29532.50,0.50
2026-08-04 10:12:18,29532.00,29532.50,29531.25,29532.50,45,29531.50,29532.00,0.50
2026-08-04 10:12:19,29532.50,29532.50,29531.00,29531.50,20,29530.25,29530.75,0.50
2026-08-04 10:12:20,29531.75,29532.00,29529.75,29531.00,48,29528.25,29528.75,0.50
2026-08-04 10:12:21,29530.75,29530.75,29527.50,29528.50,122,29528.25,29528.75,0.50
2026-08-04 10:12:22,29528.25,29529.25,29527.50,29528.50,127,29528.25,29528.75,0.50
2026-08-04 10:12:23,29528.25,29531.75,29528.25,29531.50,86,29533.25,29533.75,0.50
2026-08-04 10:12:24,29531.50,29534.00,29531.50,29533.25,100,29533.75,29534.00,0.25
2026-08-04 10:12:25,29533.25,29535.00,29532.50,29534.00,127,29535.00,29535.50,0.50
2026-08-04 10:12:26,29533.50,29536.00,29533.50,29535.75,171,29535.00,29535.50,0.50
2026-08-04 10:12:27,29535.50,29538.00,29534.25,29535.25,270,29537.00,29537.25,0.25
2026-08-04 10:12:28,29535.50,29537.50,29535.00,29537.25,178,29535.25,29535.75,0.50
2026-08-04 10:12:29,29536.75,29537.50,29534.75,29535.25,147,29535.25,29535.75,0.50
2026-08-04 10:12:30,29535.75,29538.00,29535.50,29536.75,246,29536.50,29537.00,0.50
2026-08-04 10:12:31,29536.25,29537.75,29535.75,29537.75,101,29536.00,29536.50,0.50
2026-08-04 10:12:32,29536.75,29538.00,29536.25,29536.25,97,29534.75,29535.25,0.50
2026-08-04 10:12:33,29536.00,29536.75,29534.50,29535.00,133,29534.00,29534.50,0.50
2026-08-04 10:12:34,29535.25,29535.50,29533.25,29534.75,221,29534.00,29534.50,0.50
2026-08-04 10:12:35,29534.50,29536.00,29533.50,29536.00,168,29535.00,29535.75,0.75
2026-08-04 10:12:36,29535.75,29535.75,29533.25,29533.50,66,29532.50,29533.00,0.50
2026-08-04 10:12:37,29533.75,29534.00,29531.75,29532.50,99,29532.25,29532.50,0.25
2026-08-04 10:12:38,29532.50,29532.50,29531.25,29532.50,52,29531.25,29531.50,0.25
2026-08-04 10:12:39,29532.50,29532.75,29531.25,29532.00,49,29532.00,29532.50,0.50
2026-08-04 10:12:40,29531.50,29532.25,29531.25,29531.75,20,29533.00,29533.50,0.50
2026-08-04 10:12:41,29532.50,29534.50,29531.25,29533.25,87,29533.50,29534.00,0.50
2026-08-04 10:12:42,29533.00,29534.00,29532.00,29534.00,50,29534.25,29534.75,0.50
2026-08-04 10:12:43,29534.00,29534.75,29533.00,29534.25,37,29535.50,29536.00,0.50
2026-08-04 10:12:44,29534.25,29536.00,29533.75,29535.25,55,29533.50,29533.75,0.25
2026-08-04 10:12:45,29535.50,29535.50,29533.50,29533.75,57,29534.00,29534.50,0.50
2026-08-04 10:12:46,29534.00,29535.00,29534.00,29534.00,33,29533.50,29534.00,0.50
2026-08-04 10:12:47,29534.00,29534.25,29533.50,29533.50,29,29535.75,29536.25,0.50
2026-08-04 10:12:48,29533.75,29536.00,29533.50,29536.00,64,29535.25,29535.50,0.25
2026-08-04 10:12:49,29536.00,29536.25,29535.00,29535.00,50,29537.00,29537.50,0.50
2026-08-04 10:12:50,29535.75,29537.50,29535.25,29537.25,70,29536.50,29537.00,0.50
2026-08-04 10:12:51,29537.25,29537.75,29534.25,29537.00,138,29537.00,29537.25,0.25
2026-08-04 10:12:52,29536.50,29537.50,29535.75,29537.50,96,29537.00,29537.25,0.25
2026-08-04 10:12:53,29537.25,29538.50,29536.75,29537.00,103,29538.00,29538.50,0.50
2026-08-04 10:12:54,29537.25,29538.75,29537.25,29538.50,106,29537.25,29537.50,0.25
2026-08-04 10:12:55,29538.00,29538.25,29537.00,29537.50,75,29536.75,29537.25,0.50
2026-08-04 10:12:56,29537.50,29538.50,29536.75,29537.00,119,29536.25,29536.75,0.50
2026-08-04 10:12:57,29537.25,29537.25,29535.25,29536.25,116,29536.25,29536.75,0.50
2026-08-04 10:12:58,29536.25,29537.00,29535.25,29535.75,51,29536.25,29536.75,0.50
2026-08-04 10:12:59,29536.00,29536.75,29535.75,29536.25,24,29535.75,29536.25,0.50
2026-08-04 10:13:00,29536.25,29537.00,29535.50,29536.00,47,29537.00,29537.25,0.25
2026-08-04 10:13:01,29536.25,29537.25,29536.00,29537.00,85,29537.00,29537.25,0.25
2026-08-04 10:13:02,29536.75,29537.50,29536.50,29537.00,41,29539.00,29539.25,0.25
2026-08-04 10:13:03,29536.75,29539.00,29536.00,29539.00,150,29539.00,29539.25,0.25
2026-08-04 10:13:04,29539.00,29539.50,29538.25,29539.25,99,29539.00,29539.50,0.50
2026-08-04 10:13:05,29539.25,29542.75,29539.00,29542.75,549,29541.75,29542.00,0.25
2026-08-04 10:13:06,29542.75,29543.00,29541.50,29542.00,146,29541.75,29542.00,0.25
2026-08-04 10:13:07,29542.00,29542.50,29540.75,29542.00,141,29543.00,29543.50,0.50
2026-08-04 10:13:08,29541.75,29544.00,29541.50,29543.25,188,29541.25,29541.75,0.50
2026-08-04 10:13:09,29543.50,29543.75,29541.25,29541.50,137,29543.00,29543.50,0.50
2026-08-04 10:13:10,29541.75,29543.50,29540.00,29543.25,117,29540.00,29540.50,0.50
2026-08-04 10:13:11,29543.25,29543.50,29540.00,29540.00,132,29541.25,29541.75,0.50
2026-08-04 10:13:12,29540.50,29541.75,29540.50,29541.50,74,29542.25,29542.75,0.50
2026-08-04 10:13:13,29541.00,29543.75,29541.00,29542.50,96,29542.75,29543.00,0.25
2026-08-04 10:13:14,29542.25,29543.00,29542.00,29542.50,65,29541.50,29542.00,0.50
2026-08-04 10:13:15,29543.00,29543.00,29541.50,29541.50,73,29541.50,29542.00,0.50
2026-08-04 10:13:16,29541.50,29542.00,29540.00,29540.25,68,29539.00,29539.25,0.25
2026-08-04 10:13:17,29540.00,29540.25,29538.75,29539.25,105,29540.00,29540.50,0.50
2026-08-04 10:13:18,29538.75,29540.75,29538.50,29540.50,75,29538.25,29538.75,0.50
2026-08-04 10:13:19,29540.25,29541.25,29538.25,29538.25,130,29538.75,29539.00,0.25
2026-08-04 10:13:20,29538.75,29539.50,29538.00,29538.75,87,29539.00,29539.25,0.25
2026-08-04 10:13:21,29538.50,29539.00,29538.00,29539.00,42,29538.00,29538.50,0.50
2026-08-04 10:13:22,29539.25,29539.50,29538.00,29538.25,35,29537.50,29537.75,0.25
2026-08-04 10:13:23,29537.25,29538.25,29536.75,29537.75,78,29537.50,29537.75,0.25
2026-08-04 10:13:24,29537.50,29537.75,29536.25,29536.75,90,29535.00,29535.25,0.25
2026-08-04 10:13:25,29536.75,29536.75,29533.50,29535.25,272,29534.75,29535.25,0.50
2026-08-04 10:13:26,29535.00,29536.25,29534.00,29535.50,114,29535.50,29536.00,0.50
2026-08-04 10:13:27,29535.25,29536.00,29534.25,29536.00,94,29535.50,29536.00,0.50
2026-08-04 10:13:28,29535.75,29536.50,29535.00,29536.25,53,29536.00,29536.50,0.50
2026-08-04 10:13:29,29535.75,29537.00,29535.50,29536.50,68,29535.75,29536.00,0.25
2026-08-04 10:13:30,29536.00,29536.75,29535.50,29535.75,30,29536.00,29536.50,0.50
2026-08-04 10:13:31,29536.00,29536.50,29535.00,29536.00,50,29536.25,29536.50,0.25
2026-08-04 10:13:32,29536.00,29536.75,29535.75,29536.25,53,29534.25,29534.75,0.50
2026-08-04 10:13:33,29536.50,29537.00,29534.25,29534.25,57,29535.00,29535.50,0.50
2026-08-04 10:13:34,29534.50,29536.50,29534.25,29534.75,66,29534.25,29534.75,0.50
2026-08-04 10:13:35,29535.50,29535.50,29533.50,29534.50,110,29534.25,29534.75,0.50
2026-08-04 10:13:36,29534.25,29535.75,29533.75,29535.25,113,29532.50,29533.00,0.50
2026-08-04 10:13:37,29534.50,29534.50,29531.75,29532.75,104,29531.00,29531.50,0.50
2026-08-04 10:13:38,29532.50,29532.50,29530.75,29531.00,151,29531.00,29531.50,0.50
2026-08-04 10:13:39,29531.00,29534.25,29531.00,29532.75,116,29532.00,29532.50,0.50
2026-08-04 10:13:40,29532.75,29532.75,29531.25,29532.00,88,29533.75,29534.25,0.50
2026-08-04 10:13:41,29532.00,29534.25,29532.00,29534.25,56,29532.50,29533.00,0.50
2026-08-04 10:13:42,29533.75,29534.25,29532.25,29532.75,58,29532.75,29533.25,0.50
2026-08-04 10:13:43,29532.50,29533.50,29532.50,29533.00,30,29531.50,29531.75,0.25
2026-08-04 10:13:44,29532.75,29533.75,29531.50,29532.00,46,29532.00,29532.25,0.25
2026-08-04 10:13:45,29531.50,29532.25,29531.25,29532.00,27,29532.75,29533.25,0.50
2026-08-04 10:13:46,29532.00,29533.75,29532.00,29532.75,79,29531.75,29532.25,0.50
2026-08-04 10:13:47,29533.25,29533.25,29531.25,29532.00,69,29532.25,29532.50,0.25
2026-08-04 10:13:48,29531.25,29533.50,29531.25,29532.25,81,29528.75,29529.25,0.50
2026-08-04 10:13:49,29532.25,29532.25,29526.50,29528.50,349,29528.50,29529.00,0.50
2026-08-04 10:13:50,29529.00,29530.00,29528.25,29529.00,156,29529.00,29529.50,0.50
2026-08-04 10:13:51,29528.50,29529.50,29527.50,29529.50,127,29530.00,29530.25,0.25
2026-08-04 10:13:52,29529.50,29530.25,29529.00,29530.25,91,29528.00,29528.50,0.50
2026-08-04 10:13:53,29530.00,29530.75,29528.00,29528.00,98,29529.75,29530.25,0.50
2026-08-04 10:13:54,29529.00,29530.75,29528.00,29529.75,52,29528.50,29529.00,0.50
2026-08-04 10:13:55,29530.00,29530.25,29528.25,29528.75,43,29527.50,29527.75,0.25
2026-08-04 10:13:56,29528.50,29529.25,29527.75,29527.75,47,29528.75,29529.25,0.50
2026-08-04 10:13:57,29527.75,29529.25,29527.50,29529.25,52,29527.00,29527.25,0.25
2026-08-04 10:13:58,29528.75,29528.75,29527.00,29527.00,54,29526.25,29526.50,0.25
2026-08-04 10:13:59,29527.00,29527.50,29524.75,29526.25,208,29528.00,29528.25,0.25
2026-08-04 10:14:00,29526.50,29528.50,29526.25,29528.00,102,29529.00,29529.50,0.50
2026-08-04 10:14:01,29528.25,29529.75,29528.25,29529.50,132,29532.00,29532.25,0.25
2026-08-04 10:14:02,29529.25,29532.50,29529.25,29532.25,76,29530.00,29530.25,0.25
2026-08-04 10:14:03,29531.50,29532.50,29529.50,29530.50,80,29530.00,29530.25,0.25
2026-08-04 10:14:04,29530.00,29531.50,29530.00,29531.25,55,29533.50,29534.00,0.50
2026-08-04 10:14:05,29531.50,29534.50,29530.50,29533.50,94,29534.75,29535.25,0.50
2026-08-04 10:14:06,29533.50,29536.00,29533.50,29535.25,121,29534.50,29534.75,0.25
2026-08-04 10:14:07,29534.75,29535.00,29533.25,29534.50,109,29532.50,29533.00,0.50
2026-08-04 10:14:08,29534.75,29535.00,29532.25,29532.50,67,29536.75,29537.00,0.25
2026-08-04 10:14:09,29532.50,29537.00,29532.50,29536.75,57,29536.00,29536.50,0.50
2026-08-04 10:14:10,29536.75,29537.75,29535.50,29536.25,70,29536.00,29536.50,0.50
2026-08-04 10:14:11,29536.50,29537.00,29534.75,29534.75,74,29532.75,29533.25,0.50
2026-08-04 10:14:12,29534.50,29534.75,29529.00,29533.00,107,29532.75,29533.25,0.50
2026-08-04 10:14:13,29532.75,29534.50,29532.75,29534.25,87,29533.00,29533.25,0.25
2026-08-04 10:14:14,29534.75,29534.75,29532.25,29533.00,106,29530.25,29530.75,0.50
2026-08-04 10:14:15,29533.25,29533.50,29529.75,29530.50,67,29532.50,29533.00,0.50
2026-08-04 10:14:16,29530.25,29532.50,29529.75,29532.25,66,29533.00,29533.25,0.25
2026-08-04 10:14:17,29533.00,29533.50,29532.25,29533.25,43,29531.00,29531.50,0.50
2026-08-04 10:14:18,29534.00,29534.00,29531.25,29531.50,58,29532.25,29532.50,0.25
2026-08-04 10:14:19,29531.00,29532.50,29528.00,29532.50,219,29533.50,29534.00,0.50
2026-08-04 10:14:20,29532.75,29534.50,29530.75,29533.50,172,29534.50,29534.75,0.25
2026-08-04 10:14:21,29534.00,29535.50,29533.00,29534.50,134,29534.50,29534.75,0.25
2026-08-04 10:14:22,29534.50,29536.25,29534.50,29535.00,50,29532.50,29533.00,0.50
2026-08-04 10:14:23,29535.50,29535.50,29532.50,29532.50,54,29534.25,29534.50,0.25
2026-08-04 10:14:24,29533.00,29535.25,29532.50,29534.00,68,29535.25,29535.75,0.50
2026-08-04 10:14:25,29534.00,29536.00,29534.00,29535.75,47,29535.25,29535.75,0.50
2026-08-04 10:14:26,29535.75,29536.25,29535.00,29535.50,28,29535.00,29535.25,0.25
2026-08-04 10:14:27,29535.75,29536.00,29534.25,29535.25,97,29535.75,29536.25,0.50
2026-08-04 10:14:28,29535.25,29536.75,29534.75,29536.50,47,29535.25,29535.75,0.50
2026-08-04 10:14:29,29535.75,29536.00,29534.75,29535.75,53,29534.25,29534.75,0.50
2026-08-04 10:14:30,29535.25,29535.25,29534.00,29534.50,36,29532.25,29532.50,0.25
2026-08-04 10:14:31,29534.75,29535.00,29531.75,29532.25,81,29532.00,29532.50,0.50
2026-08-04 10:14:32,29532.50,29532.50,29531.25,29532.25,47,29532.50,29533.00,0.50
2026-08-04 10:14:33,29532.00,29533.00,29532.00,29533.00,33,29532.75,29533.00,0.25
2026-08-04 10:14:34,29532.25,29533.25,29531.75,29532.25,31,29532.75,29533.00,0.25
2026-08-04 10:14:35,29533.00,29534.50,29532.50,29532.50,45,29531.50,29532.00,0.50
2026-08-04 10:14:36,29533.00,29533.25,29531.00,29532.00,63,29531.50,29532.00,0.50
2026-08-04 10:14:37,29532.25,29532.75,29531.00,29531.75,64,29531.50,29532.00,0.50
2026-08-04 10:14:38,29531.75,29532.50,29530.75,29531.50,79,29530.00,29530.50,0.50
2026-08-04 10:14:39,29531.50,29531.50,29529.75,29530.00,73,29530.00,29530.50,0.50
2026-08-04 10:14:40,29530.00,29530.50,29528.50,29529.75,61,29531.00,29531.50,0.50
2026-08-04 10:14:41,29529.25,29533.50,29528.75,29531.25,133,29530.50,29531.00,0.50
2026-08-04 10:14:42,29531.25,29532.75,29530.00,29530.50,89,29532.25,29532.75,0.50
2026-08-04 10:14:43,29531.00,29532.75,29530.25,29532.25,45,29531.75,29532.25,0.50
2026-08-04 10:14:44,29533.00,29533.25,29531.75,29531.75,36,29532.75,29533.00,0.25
2026-08-04 10:14:45,29531.75,29534.25,29531.75,29533.00,34,29538.00,29538.25,0.25
2026-08-04 10:14:46,29533.00,29538.25,29533.00,29538.00,197,29537.50,29537.75,0.25
2026-08-04 10:14:47,29538.00,29538.00,29537.00,29537.50,60,29537.25,29537.75,0.50
2026-08-04 10:14:48,29538.00,29538.25,29536.75,29537.25,89,29538.00,29538.50,0.50
2026-08-04 10:14:49,29537.50,29538.50,29537.25,29538.50,61,29537.25,29537.75,0.50
2026-08-04 10:14:50,29538.50,29538.75,29537.00,29538.00,38,29536.75,29537.00,0.25
2026-08-04 10:14:51,29538.00,29539.00,29536.75,29536.75,108,29538.00,29538.50,0.50
2026-08-04 10:14:52,29536.75,29538.50,29536.75,29538.00,80,29536.75,29537.00,0.25
2026-08-04 10:14:53,29538.00,29538.25,29535.75,29537.00,66,29536.75,29537.00,0.25
2026-08-04 10:14:54,29536.75,29538.50,29536.75,29538.50,31,29538.00,29538.50,0.50
2026-08-04 10:14:55,29538.25,29539.25,29537.75,29538.00,46,29539.25,29539.75,0.50
2026-08-04 10:14:56,29538.75,29539.75,29538.25,29539.75,69,29539.00,29539.50,0.50
2026-08-04 10:14:57,29539.25,29541.25,29539.25,29539.50,161,29538.50,29539.00,0.50
2026-08-04 10:14:58,29539.50,29540.25,29538.25,29538.50,77,29540.75,29541.00,0.25
2026-08-04 10:14:59,29539.25,29541.00,29538.25,29541.00,104,29540.25,29540.75,0.50
2026-08-04 10:15:00,29540.75,29541.25,29540.00,29540.25,106,29539.75,29540.00,0.25
2026-08-04 10:15:01,29540.50,29542.00,29539.25,29540.00,229,29540.75,29541.25,0.50
2026-08-04 10:15:02,29539.75,29542.00,29539.25,29540.75,107,29541.75,29542.25,0.50
2026-08-04 10:15:03,29541.25,29544.00,29541.25,29542.00,252,29542.25,29542.50,0.25
2026-08-04 10:15:04,29542.75,29543.75,29542.25,29542.25,68,29542.25,29542.50,0.25
2026-08-04 10:15:05,29542.25,29542.75,29540.50,29540.50,116,29541.25,29541.75,0.50
2026-08-04 10:15:06,29540.75,29542.25,29540.00,29541.50,111,29541.75,29542.25,0.50
2026-08-04 10:15:07,29541.75,29543.50,29541.50,29542.00,81,29541.75,29542.25,0.50
2026-08-04 10:15:08,29542.00,29542.75,29541.50,29541.75,27,29542.00,29542.25,0.25
2026-08-04 10:15:09,29542.25,29543.00,29540.50,29542.25,77,29542.00,29542.50,0.50
2026-08-04 10:15:10,29542.00,29543.25,29542.00,29542.50,71,29542.50,29542.75,0.25
2026-08-04 10:15:11,29542.50,29542.50,29541.00,29542.00,59,29541.75,29542.00,0.25
2026-08-04 10:15:12,29542.25,29542.50,29541.50,29542.50,68,29541.00,29541.50,0.50
2026-08-04 10:15:13,29541.50,29542.00,29540.25,29541.00,79,29541.75,29542.00,0.25
2026-08-04 10:15:14,29541.00,29542.25,29541.00,29542.00,50,29542.25,29542.50,0.25
2026-08-04 10:15:15,29542.00,29543.00,29542.00,29542.25,70,29542.75,29543.25,0.50
2026-08-04 10:15:16,29542.25,29544.00,29541.50,29543.00,181,29543.00,29543.50,0.50
2026-08-04 10:15:17,29543.25,29543.50,29541.50,29543.50,72,29545.00,29545.50,0.50
2026-08-04 10:15:18,29543.50,29546.25,29543.25,29545.25,287,29544.50,29545.00,0.50
2026-08-04 10:15:19,29545.50,29546.25,29544.25,29544.75,243,29544.25,29544.75,0.50
2026-08-04 10:15:20,29545.00,29546.00,29544.25,29544.50,185,29544.00,29544.50,0.50
2026-08-04 10:15:21,29544.25,29545.00,29542.75,29544.25,66,29544.00,29544.50,0.50
2026-08-04 10:15:22,29544.00,29544.50,29543.00,29543.00,65,29544.25,29544.75,0.50
2026-08-04 10:15:23,29543.00,29545.00,29542.25,29543.75,85,29539.75,29540.00,0.25
2026-08-04 10:15:24,29544.25,29545.00,29538.75,29540.25,264,29541.50,29541.75,0.25
2026-08-04 10:15:25,29540.00,29541.75,29539.25,29541.25,44,29541.50,29541.75,0.25
2026-08-04 10:15:26,29541.50,29542.50,29540.25,29540.50,79,29541.00,29541.25,0.25
2026-08-04 10:15:27,29540.50,29543.00,29540.25,29541.00,113,29541.25,29541.75,0.50
2026-08-04 10:15:28,29541.75,29542.25,29540.75,29541.75,31,29541.75,29542.00,0.25
2026-08-04 10:15:29,29541.50,29542.75,29540.75,29541.00,52,29540.50,29541.00,0.50
2026-08-04 10:15:30,29541.50,29541.75,29540.50,29540.75,54,29540.75,29541.25,0.50
2026-08-04 10:15:31,29540.50,29541.25,29540.00,29540.75,69,29540.00,29540.50,0.50
2026-08-04 10:15:32,29541.25,29542.25,29540.25,29540.25,75,29539.25,29539.75,0.50
2026-08-04 10:15:33,29540.25,29540.25,29538.50,29539.25,79,29538.75,29539.25,0.50
2026-08-04 10:15:34,29539.25,29540.00,29538.50,29538.50,85,29538.75,29539.25,0.50
2026-08-04 10:15:35,29538.75,29541.75,29538.75,29541.25,78,29539.25,29539.50,0.25
2026-08-04 10:15:36,29540.25,29541.25,29539.75,29539.75,56,29539.25,29539.50,0.25
2026-08-04 10:15:37,29539.50,29539.50,29533.75,29534.75,222,29535.75,29536.25,0.50
2026-08-04 10:15:38,29534.50,29537.25,29533.50,29535.75,202,29535.75,29536.25,0.50
2026-08-04 10:15:39,29535.50,29537.50,29535.50,29536.75,84,29536.50,29537.00,0.50
2026-08-04 10:15:40,29536.50,29537.00,29536.00,29537.00,48,29536.00,29536.50,0.50
2026-08-04 10:15:41,29536.50,29537.25,29536.00,29536.25,43,29536.75,29537.25,0.50
2026-08-04 10:15:42,29536.25,29537.50,29535.50,29536.75,76,29536.25,29536.75,0.50
2026-08-04 10:15:43,29537.25,29538.50,29536.50,29536.75,63,29535.25,29535.75,0.50
2026-08-04 10:15:44,29536.75,29537.00,29535.25,29535.25,62,29534.50,29535.00,0.50
2026-08-04 10:15:45,29535.25,29536.00,29534.50,29535.00,61,29536.75,29537.25,0.50
2026-08-04 10:15:46,29535.25,29537.25,29534.50,29537.25,84,29535.75,29536.25,0.50
2026-08-04 10:15:47,29536.75,29537.25,29534.75,29535.50,68,29535.75,29536.25,0.50
2026-08-04 10:15:48,29536.00,29536.00,29533.75,29535.00,75,29534.00,29534.50,0.50
2026-08-04 10:15:49,29535.00,29535.50,29534.00,29534.50,31,29535.00,29535.50,0.50
2026-08-04 10:15:50,29534.00,29535.25,29533.25,29535.00,59,29534.25,29534.75,0.50
2026-08-04 10:15:51,29534.75,29535.50,29534.00,29534.50,72,29532.50,29533.00,0.50
2026-08-04 10:15:52,29534.50,29534.50,29532.75,29532.75,77,29534.25,29534.75,0.50
2026-08-04 10:15:53,29532.50,29534.75,29531.75,29534.75,71,29534.50,29535.00,0.50
2026-08-04 10:15:54,29534.75,29535.75,29534.25,29534.50,55,29534.75,29535.25,0.50
2026-08-04 10:15:55,29533.75,29535.50,29533.00,29534.50,60,29535.00,29535.50,0.50
2026-08-04 10:15:56,29534.75,29535.50,29534.00,29535.00,52,29538.50,29539.00,0.50
2026-08-04 10:15:57,29535.00,29539.00,29535.00,29538.75,76,29538.00,29538.50,0.50
2026-08-04 10:15:58,29539.00,29541.00,29537.50,29538.00,97,29536.25,29536.50,0.25
2026-08-04 10:15:59,29538.25,29538.50,29536.50,29536.50,92,29536.25,29536.50,0.25
2026-08-04 10:16:00,29536.25,29537.00,29535.00,29536.25,64,29533.50,29534.00,0.50
2026-08-04 10:16:01,29536.75,29537.00,29532.75,29533.75,171,29534.75,29535.25,0.50
2026-08-04 10:16:02,29533.50,29536.25,29533.50,29534.75,84,29538.75,29539.00,0.25
2026-08-04 10:16:03,29535.00,29539.00,29534.25,29539.00,75,29540.00,29540.50,0.50
2026-08-04 10:16:04,29538.75,29541.75,29538.50,29540.50,83,29540.00,29540.50,0.50
2026-08-04 10:16:05,29540.00,29542.00,29539.75,29541.50,81,29541.25,29541.75,0.50
2026-08-04 10:16:06,29541.50,29542.00,29540.50,29540.75,101,29539.25,29539.75,0.50
2026-08-04 10:16:07,29540.75,29541.25,29538.75,29539.50,56,29541.25,29541.50,0.25
2026-08-04 10:16:08,29539.25,29541.25,29538.00,29541.25,54,29538.75,29539.00,0.25
2026-08-04 10:16:09,29541.50,29541.50,29538.75,29539.00,59,29538.75,29539.00,0.25
2026-08-04 10:16:10,29538.75,29539.75,29535.25,29536.25,66,29539.00,29539.50,0.50
2026-08-04 10:16:11,29537.25,29539.50,29536.75,29539.00,60,29538.50,29539.00,0.50
2026-08-04 10:16:12,29539.25,29539.75,29537.50,29538.50,32,29536.75,29537.25,0.50
2026-08-04 10:16:13,29538.50,29538.75,29536.25,29537.25,39,29535.75,29536.25,0.50
2026-08-04 10:16:14,29536.75,29537.50,29535.25,29535.75,86,29534.50,29535.00,0.50
2026-08-04 10:16:15,29535.25,29536.00,29534.25,29534.75,53,29535.50,29536.00,0.50
2026-08-04 10:16:16,29534.75,29536.75,29534.50,29535.75,58,29537.00,29537.50,0.50
2026-08-04 10:16:17,29535.50,29537.75,29535.50,29537.50,61,29536.25,29536.75,0.50
2026-08-04 10:16:18,29537.50,29538.00,29536.50,29536.75,20,29535.50,29535.75,0.25
2026-08-04 10:16:19,29536.50,29536.75,29535.25,29536.25,25,29539.25,29539.75,0.50
2026-08-04 10:16:20,29535.00,29539.50,29534.75,29539.25,80,29536.50,29536.75,0.25
2026-08-04 10:16:21,29539.25,29539.25,29536.00,29536.75,84,29535.75,29536.25,0.50
2026-08-04 10:16:22,29536.50,29537.25,29535.50,29536.75,57,29536.00,29536.50,0.50
2026-08-04 10:16:23,29536.00,29536.75,29535.50,29536.00,27,29535.50,29536.00,0.50
2026-08-04 10:16:24,29536.00,29536.50,29533.00,29535.75,112,29533.25,29533.75,0.50
2026-08-04 10:16:25,29535.50,29536.50,29533.50,29533.50,72,29531.75,29532.25,0.50
2026-08-04 10:16:26,29533.50,29533.50,29530.50,29532.00,171,29529.00,29529.50,0.50
2026-08-04 10:16:27,29532.00,29532.50,29527.25,29529.25,369,29527.00,29527.50,0.50
2026-08-04 10:16:28,29529.25,29529.50,29526.50,29527.50,242,29528.50,29528.75,0.25
2026-08-04 10:16:29,29527.25,29529.75,29526.75,29529.00,193,29529.00,29529.50,0.50
2026-08-04 10:16:30,29528.50,29530.00,29526.75,29529.50,204,29525.75,29526.00,0.25
2026-08-04 10:16:31,29529.25,29529.25,29525.75,29525.75,195,29525.75,29526.00,0.25
2026-08-04 10:16:32,29525.75,29527.50,29525.25,29527.00,140,29527.50,29528.00,0.50
2026-08-04 10:16:33,29527.00,29528.75,29521.25,29527.75,444,29527.50,29528.00,0.50
2026-08-04 10:16:34,29527.50,29528.75,29527.00,29527.75,83,29526.75,29527.25,0.50
2026-08-04 10:16:35,29527.75,29529.00,29526.00,29527.25,88,29524.50,29525.00,0.50
2026-08-04 10:16:36,29527.25,29527.25,29524.00,29525.00,124,29523.50,29523.75,0.25
2026-08-04 10:16:37,29524.75,29525.25,29521.75,29523.75,95,29521.00,29521.25,0.25
2026-08-04 10:16:38,29523.75,29523.75,29520.75,29520.75,224,29519.50,29520.00,0.50
2026-08-04 10:16:39,29521.25,29522.25,29518.00,29520.00,406,29519.00,29519.50,0.50
2026-08-04 10:16:40,29520.00,29520.25,29514.50,29518.75,392,29519.25,29519.75,0.50
2026-08-04 10:16:41,29519.25,29519.50,29516.75,29519.25,172,29526.25,29526.75,0.50
2026-08-04 10:16:42,29519.25,29526.75,29519.25,29526.50,256,29524.75,29525.25,0.50
2026-08-04 10:16:43,29526.75,29527.50,29524.00,29525.25,141,29524.75,29525.25,0.50
2026-08-04 10:16:44,29525.25,29527.00,29524.75,29525.00,101,29527.25,29527.75,0.50
2026-08-04 10:16:45,29524.75,29527.50,29524.25,29527.00,107,29527.25,29527.75,0.50
2026-08-04 10:16:46,29527.50,29529.00,29526.25,29528.50,82,29530.50,29530.75,0.25
2026-08-04 10:16:47,29528.00,29531.00,29527.50,29530.50,75,29530.00,29530.25,0.25
2026-08-04 10:16:48,29530.50,29531.50,29529.75,29530.25,83,29528.50,29529.00,0.50
2026-08-04 10:16:49,29530.00,29530.50,29527.75,29528.75,84,29525.50,29526.00,0.50
2026-08-04 10:16:50,29528.25,29529.00,29525.50,29526.00,82,29525.00,29525.50,0.50
2026-08-04 10:16:51,29525.50,29526.75,29525.25,29525.25,59,29523.00,29523.50,0.50
2026-08-04 10:16:52,29525.00,29525.25,29521.75,29523.00,128,29524.25,29524.75,0.50
2026-08-04 10:16:53,29523.50,29524.75,29522.75,29524.25,59,29523.25,29523.75,0.50
2026-08-04 10:16:54,29524.75,29524.75,29522.50,29523.50,55,29520.00,29520.50,0.50
2026-08-04 10:16:55,29523.25,29523.50,29520.00,29520.50,68,29520.00,29520.50,0.50
2026-08-04 10:16:56,29520.50,29522.50,29520.25,29521.75,106,29524.00,29524.50,0.50
2026-08-04 10:16:57,29522.25,29524.75,29522.25,29524.00,77,29523.75,29524.25,0.50
2026-08-04 10:16:58,29524.50,29527.00,29523.50,29524.00,86,29522.25,29522.75,0.50
2026-08-04 10:16:59,29524.00,29524.00,29522.50,29523.25,47,29522.25,29522.75,0.50
2026-08-04 10:17:00,29522.75,29523.50,29520.75,29522.50,84,29520.75,29521.25,0.50
2026-08-04 10:17:01,29522.25,29522.25,29520.00,29520.75,108,29520.75,29521.25,0.50
2026-08-04 10:17:02,29521.00,29521.25,29518.75,29518.75,108,29520.25,29520.75,0.50
2026-08-04 10:17:03,29518.75,29521.00,29518.00,29520.25,149,29521.00,29521.25,0.25
2026-08-04 10:17:04,29520.25,29522.25,29518.75,29520.75,127,29523.00,29523.50,0.50
2026-08-04 10:17:05,29521.00,29524.75,29521.00,29523.75,173,29520.00,29520.50,0.50
2026-08-04 10:17:06,29523.50,29523.50,29518.00,29519.75,253,29519.00,29519.50,0.50
2026-08-04 10:17:07,29520.25,29520.25,29517.00,29519.25,144,29518.75,29519.00,0.25
2026-08-04 10:17:08,29519.00,29520.50,29518.25,29518.75,62,29524.75,29525.25,0.50
2026-08-04 10:17:09,29519.00,29525.25,29518.75,29524.75,89,29519.75,29520.00,0.25
2026-08-04 10:17:10,29525.25,29525.50,29519.00,29520.00,95,29522.00,29522.50,0.50
2026-08-04 10:17:11,29520.00,29522.25,29519.25,29522.00,68,29521.25,29521.75,0.50
2026-08-04 10:17:12,29522.25,29523.50,29520.75,29521.50,60,29522.00,29522.50,0.50
2026-08-04 10:17:13,29521.50,29523.00,29520.25,29521.75,68,29520.25,29520.75,0.50
2026-08-04 10:17:14,29522.00,29522.75,29519.50,29520.75,70,29519.00,29519.50,0.50
2026-08-04 10:17:15,29520.50,29521.75,29518.50,29519.50,59,29519.00,29519.50,0.50
2026-08-04 10:17:16,29519.25,29519.50,29516.50,29517.00,91,29515.00,29515.25,0.25
2026-08-04 10:17:17,29517.00,29517.25,29514.00,29515.00,256,29516.25,29516.75,0.50
2026-08-04 10:17:18,29515.25,29516.75,29512.75,29516.75,256,29519.00,29519.25,0.25
2026-08-04 10:17:19,29516.25,29519.25,29516.00,29519.25,152,29518.00,29518.25,0.25
2026-08-04 10:17:20,29519.00,29520.00,29518.00,29518.00,70,29518.50,29519.00,0.50
2026-08-04 10:17:21,29518.25,29522.00,29518.00,29518.50,142,29519.25,29519.75,0.50
2026-08-04 10:17:22,29518.25,29520.25,29517.50,29520.00,42,29520.00,29520.50,0.50
2026-08-04 10:17:23,29519.50,29520.50,29518.50,29520.00,93,29520.00,29520.50,0.50
2026-08-04 10:17:24,29519.50,29520.25,29518.75,29520.00,76,29522.50,29523.00,0.50
2026-08-04 10:17:25,29520.00,29522.75,29519.25,29522.75,144,29524.25,29524.75,0.50
2026-08-04 10:17:26,29522.50,29527.25,29522.25,29524.75,182,29524.25,29524.75,0.50
2026-08-04 10:17:27,29525.00,29525.75,29522.75,29525.25,158,29526.00,29526.50,0.50
2026-08-04 10:17:28,29525.75,29527.25,29524.75,29526.00,87,29528.00,29528.50,0.50
2026-08-04 10:17:29,29526.25,29528.50,29526.25,29528.00,94,29524.75,29525.25,0.50
2026-08-04 10:17:30,29528.00,29528.50,29524.00,29525.25,112,29525.00,29525.50,0.50
2026-08-04 10:17:31,29525.50,29527.00,29524.75,29525.00,82,29522.75,29523.25,0.50
2026-08-04 10:17:32,29525.50,29525.75,29522.75,29523.50,96,29522.00,29522.50,0.50
2026-08-04 10:17:33,29522.75,29523.00,29519.00,29522.25,126,29520.50,29521.00,0.50
2026-08-04 10:17:34,29522.25,29522.25,29520.50,29520.50,35,29521.00,29521.50,0.50
2026-08-04 10:17:35,29520.50,29521.50,29519.25,29521.50,50,29521.50,29522.00,0.50
2026-08-04 10:17:36,29521.25,29522.50,29520.75,29521.50,41,29523.00,29523.25,0.25
2026-08-04 10:17:37,29521.25,29523.25,29521.00,29522.75,89,29522.50,29523.00,0.50
2026-08-04 10:17:38,29523.00,29523.25,29521.25,29523.00,63,29523.50,29524.00,0.50
2026-08-04 10:17:39,29522.50,29524.25,29522.50,29523.75,49,29524.00,29524.50,0.50
2026-08-04 10:17:40,29523.75,29524.50,29522.25,29524.00,62,29524.00,29524.50,0.50
2026-08-04 10:17:41,29524.50,29526.00,29523.75,29524.25,73,29526.50,29526.75,0.25
2026-08-04 10:17:42,29524.50,29527.25,29524.00,29526.75,128,29529.00,29529.50,0.50
2026-08-04 10:17:43,29526.75,29530.25,29526.75,29529.00,133,29529.00,29529.50,0.50
2026-08-04 10:17:44,29529.25,29531.00,29528.50,29531.00,126,29531.75,29532.25,0.50
2026-08-04 10:17:45,29531.00,29532.25,29530.50,29531.50,159,29531.75,29532.25,0.50
2026-08-04 10:17:46,29532.25,29532.50,29530.00,29530.75,135,29531.00,29531.50,0.50
2026-08-04 10:17:47,29530.75,29532.00,29530.25,29531.50,75,29531.50,29532.00,0.50
2026-08-04 10:17:48,29531.50,29532.25,29530.75,29531.75,79,29531.50,29532.00,0.50
2026-08-04 10:17:49,29531.25,29532.50,29530.75,29531.75,67,29529.50,29530.00,0.50
2026-08-04 10:17:50,29531.75,29531.75,29529.00,29529.50,121,29530.25,29530.75,0.50
2026-08-04 10:17:51,29529.50,29531.50,29529.25,29530.75,47,29531.25,29531.50,0.25
2026-08-04 10:17:52,29530.75,29531.75,29530.25,29531.00,72,29531.00,29531.25,0.25
2026-08-04 10:17:53,29531.25,29532.25,29530.00,29532.25,54,29530.25,29530.75,0.50
2026-08-04 10:17:54,29531.50,29531.75,29529.00,29530.50,90,29530.00,29530.50,0.50
2026-08-04 10:17:55,29530.50,29531.75,29530.00,29530.00,62,29531.00,29531.50,0.50
2026-08-04 10:17:56,29530.00,29531.75,29530.00,29531.00,43,29528.00,29528.25,0.25
2026-08-04 10:17:57,29531.50,29531.50,29527.75,29528.00,84,29530.25,29530.75,0.50
2026-08-04 10:17:58,29528.25,29530.75,29528.00,29530.25,71,29529.50,29529.75,0.25
2026-08-04 10:17:59,29530.75,29530.75,29529.25,29530.00,43,29531.00,29531.50,0.50
2026-08-04 10:18:00,29529.75,29531.25,29529.50,29531.00,39,29532.25,29532.75,0.50
2026-08-04 10:18:01,29531.00,29534.25,29530.75,29532.75,150,29532.50,29533.00,0.50
2026-08-04 10:18:02,29532.25,29533.75,29532.25,29533.00,98,29535.25,29535.75,0.50
2026-08-04 10:18:03,29533.00,29535.50,29532.50,29535.50,140,29535.25,29535.75,0.50
2026-08-04 10:18:04,29535.25,29535.75,29533.50,29534.25,114,29532.75,29533.25,0.50
2026-08-04 10:18:05,29534.75,29535.50,29532.50,29533.75,96,29532.25,29532.75,0.50
2026-08-04 10:18:06,29533.00,29533.75,29531.50,29532.75,123,29535.50,29536.00,0.50
2026-08-04 10:18:07,29532.25,29535.75,29531.75,29535.50,40,29534.50,29535.00,0.50
2026-08-04 10:18:08,29535.50,29535.50,29532.75,29534.75,78,29532.75,29533.25,0.50
2026-08-04 10:18:09,29534.50,29535.00,29532.75,29533.25,56,29532.50,29533.00,0.50
2026-08-04 10:18:10,29532.75,29533.50,29532.50,29532.75,24,29532.75,29533.00,0.25
2026-08-04 10:18:11,29533.25,29534.25,29532.25,29532.75,41,29532.75,29533.25,0.50
2026-08-04 10:18:12,29533.00,29533.75,29532.00,29532.75,50,29531.00,29531.50,0.50
2026-08-04 10:18:13,29532.75,29532.75,29529.25,29531.00,135,29527.25,29527.75,0.50
2026-08-04 10:18:14,29531.50,29531.50,29527.00,29527.75,159,29524.00,29524.50,0.50
2026-08-04 10:18:15,29526.75,29526.75,29524.00,29524.00,143,29522.75,29523.00,0.25
2026-08-04 10:18:16,29524.50,29524.50,29522.00,29522.75,144,29521.00,29521.50,0.50
2026-08-04 10:18:17,29523.00,29523.00,29519.50,29521.25,276,29519.25,29519.75,0.50
2026-08-04 10:18:18,29521.00,29522.50,29518.50,29519.25,111,29519.25,29519.75,0.50
2026-08-04 10:18:19,29519.25,29519.75,29517.75,29519.25,171,29520.75,29521.25,0.50
2026-08-04 10:18:20,29519.25,29521.25,29517.25,29520.75,266,29519.50,29519.75,0.25
2026-08-04 10:18:21,29520.75,29520.75,29518.50,29519.75,54,29518.00,29518.50,0.50
2026-08-04 10:18:22,29519.50,29519.50,29517.50,29517.75,80,29519.00,29519.50,0.50
2026-08-04 10:18:23,29518.00,29519.50,29517.75,29518.75,85,29519.75,29520.00,0.25
2026-08-04 10:18:24,29519.25,29521.00,29519.25,29519.50,106,29518.50,29519.00,0.50
2026-08-04 10:18:25,29520.00,29520.75,29518.25,29519.25,90,29518.50,29519.00,0.50
2026-08-04 10:18:26,29518.50,29519.25,29517.75,29518.50,67,29519.50,29520.00,0.50
2026-08-04 10:18:27,29519.00,29520.50,29518.25,29519.50,60,29515.25,29515.75,0.50
2026-08-04 10:18:28,29519.75,29519.75,29515.25,29515.50,124,29513.50,29514.00,0.50
2026-08-04 10:18:29,29515.50,29515.75,29511.50,29513.75,343,29511.00,29511.50,0.50
2026-08-04 10:18:30,29514.00,29514.25,29510.50,29511.50,412,29511.50,29512.00,0.50
2026-08-04 10:18:31,29511.50,29513.25,29511.00,29511.75,151,29511.75,29512.25,0.50
2026-08-04 10:18:32,29511.50,29513.50,29511.00,29512.00,125,29511.75,29512.25,0.50
2026-08-04 10:18:33,29511.75,29512.75,29510.50,29512.50,70,29511.75,29512.25,0.50
2026-08-04 10:18:34,29512.00,29515.50,29512.00,29515.25,73,29518.00,29518.25,0.25
2026-08-04 10:18:35,29515.00,29519.25,29515.00,29518.25,128,29517.25,29517.50,0.25
2026-08-04 10:18:36,29518.00,29518.75,29516.00,29517.25,85,29518.00,29518.25,0.25
2026-08-04 10:18:37,29517.00,29519.75,29517.00,29518.00,80,29515.25,29515.75,0.50
2026-08-04 10:18:38,29518.00,29518.25,29515.25,29515.50,65,29515.25,29515.75,0.50
2026-08-04 10:18:39,29515.50,29516.00,29514.50,29515.25,83,29514.50,29514.75,0.25
2026-08-04 10:18:40,29515.75,29516.25,29514.50,29514.75,43,29515.75,29516.25,0.50
2026-08-04 10:18:41,29514.75,29517.25,29514.50,29516.75,38,29515.75,29516.25,0.50
2026-08-04 10:18:42,29516.25,29517.00,29515.25,29516.00,55,29517.50,29517.75,0.25
2026-08-04 10:18:43,29515.75,29517.25,29515.75,29517.25,33,29516.00,29516.50,0.50
2026-08-04 10:18:44,29517.50,29517.75,29515.50,29516.25,83,29515.50,29515.75,0.25
2026-08-04 10:18:45,29516.25,29516.50,29515.25,29515.75,23,29514.75,29515.25,0.50
2026-08-04 10:18:46,29515.75,29516.00,29513.75,29514.50,65,29513.00,29513.25,0.25
2026-08-04 10:18:47,29514.50,29516.00,29512.75,29513.25,105,29512.25,29512.75,0.50
2026-08-04 10:18:48,29513.00,29513.75,29512.00,29512.50,49,29512.25,29512.75,0.50
2026-08-04 10:18:49,29512.50,29513.25,29511.25,29512.75,144,29514.75,29515.25,0.50
2026-08-04 10:18:50,29513.00,29516.50,29513.00,29515.00,145,29514.50,29515.00,0.50
2026-08-04 10:18:51,29515.00,29517.00,29514.75,29515.00,55,29514.50,29515.00,0.50
2026-08-04 10:18:52,29515.00,29516.25,29514.25,29515.00,74,29515.50,29516.00,0.50
2026-08-04 10:18:53,29515.75,29516.50,29515.25,29516.00,28,29515.25,29515.75,0.50
2026-08-04 10:18:54,29516.00,29516.25,29514.00,29515.50,85,29517.25,29517.75,0.50
2026-08-04 10:18:55,29516.00,29518.75,29515.50,29517.00,140,29517.25,29517.75,0.50
2026-08-04 10:18:56,29517.25,29519.00,29516.50,29519.00,76,29516.00,29516.50,0.50
2026-08-04 10:18:57,29518.25,29518.25,29516.25,29516.50,27,29518.00,29518.50,0.50
2026-08-04 10:18:58,29516.25,29519.75,29516.25,29518.00,91,29518.50,29519.00,0.50
2026-08-04 10:18:59,29518.50,29518.75,29517.75,29518.75,29,29518.50,29518.75,0.25
2026-08-04 10:19:00,29519.00,29519.25,29518.25,29518.75,41,29518.50,29519.00,0.50
2026-08-04 10:19:01,29518.50,29519.75,29518.00,29518.75,68,29519.50,29519.75,0.25
2026-08-04 10:19:02,29518.50,29520.00,29518.50,29519.75,83,29517.75,29518.00,0.25
2026-08-04 10:19:03,29519.00,29519.75,29517.75,29518.00,70,29517.00,29517.25,0.25
2026-08-04 10:19:04,29517.75,29518.25,29516.50,29517.25,113,29519.75,29520.00,0.25
2026-08-04 10:19:05,29517.00,29520.00,29516.50,29519.50,84,29520.75,29521.25,0.50
2026-08-04 10:19:06,29519.75,29524.25,29519.50,29521.25,181,29521.25,29521.75,0.50
2026-08-04 10:19:07,29520.50,29522.50,29520.50,29521.50,71,29519.75,29520.25,0.50
2026-08-04 10:19:08,29521.75,29521.75,29519.00,29519.75,83,29520.50,29520.75,0.25
2026-08-04 10:19:09,29519.25,29522.25,29519.00,29520.75,43,29526.25,29526.50,0.25
2026-08-04 10:19:10,29520.75,29526.75,29520.75,29526.75,196,29526.50,29527.00,0.50
2026-08-04 10:19:11,29526.75,29528.75,29525.75,29526.50,122,29527.50,29528.00,0.50
2026-08-04 10:19:12,29527.25,29530.00,29526.75,29528.00,119,29527.25,29527.75,0.50
2026-08-04 10:19:13,29528.00,29530.00,29526.50,29527.25,77,29529.00,29529.50,0.50
2026-08-04 10:19:14,29527.75,29529.25,29526.50,29529.00,121,29528.25,29528.75,0.50
2026-08-04 10:19:15,29528.75,29529.00,29527.50,29528.25,50,29529.00,29529.50,0.50
2026-08-04 10:19:16,29528.75,29531.25,29528.75,29529.25,109,29529.75,29530.25,0.50
2026-08-04 10:19:17,29529.50,29530.50,29529.25,29530.50,63,29529.75,29530.25,0.50
2026-08-04 10:19:18,29529.75,29530.50,29528.25,29530.00,106,29530.75,29531.00,0.25
2026-08-04 10:19:19,29530.25,29532.00,29528.50,29531.00,77,29531.00,29531.50,0.50
2026-08-04 10:19:20,29531.00,29531.75,29530.25,29531.00,57,29529.00,29529.50,0.50
2026-08-04 10:19:21,29531.50,29531.50,29528.50,29529.00,109,29529.00,29529.50,0.50
2026-08-04 10:19:22,29529.50,29529.75,29528.00,29528.00,55,29521.75,29522.25,0.50
2026-08-04 10:19:23,29527.75,29527.75,29521.50,29522.50,150,29517.25,29517.50,0.25
2026-08-04 10:19:24,29521.75,29522.00,29516.00,29517.25,160,29515.50,29516.00,0.50
2026-08-04 10:19:25,29517.50,29518.50,29514.25,29516.00,142,29516.75,29517.25,0.50
2026-08-04 10:19:26,29515.50,29517.75,29515.25,29517.00,95,29518.75,29519.00,0.25
2026-08-04 10:19:27,29517.00,29519.00,29517.00,29518.75,72,29518.75,29519.00,0.25
2026-08-04 10:19:28,29519.00,29521.00,29519.00,29520.25,66,29518.25,29518.50,0.25
2026-08-04 10:19:29,29520.75,29521.25,29517.50,29518.25,52,29516.75,29517.00,0.25
2026-08-04 10:19:30,29518.50,29518.50,29516.25,29516.75,55,29514.50,29515.00,0.50
2026-08-04 10:19:31,29517.25,29517.25,29514.00,29514.75,76,29512.75,29513.00,0.25
2026-08-04 10:19:32,29514.75,29515.00,29512.25,29512.75,123,29509.25,29509.75,0.50
2026-08-04 10:19:33,29513.00,29513.00,29508.75,29509.00,286,29509.50,29509.75,0.25
2026-08-04 10:19:34,29509.50,29511.50,29507.00,29509.50,248,29508.75,29509.25,0.50
2026-08-04 10:19:35,29509.50,29511.00,29508.50,29509.00,96,29508.75,29509.25,0.50
2026-08-04 10:19:36,29509.25,29511.50,29508.00,29510.50,153,29508.75,29509.25,0.50
2026-08-04 10:19:37,29510.50,29510.50,29508.50,29508.50,97,29508.75,29509.25,0.50
2026-08-04 10:19:38,29508.50,29508.75,29498.50,29503.50,1171,29502.75,29503.00,0.25
2026-08-04 10:19:39,29503.00,29503.75,29501.00,29503.25,337,29502.75,29503.00,0.25
2026-08-04 10:19:40,29502.75,29510.25,29502.00,29510.00,310,29509.75,29510.25,0.50
2026-08-04 10:19:41,29509.75,29510.50,29508.00,29510.25,110,29509.75,29510.25,0.50
2026-08-04 10:19:42,29510.25,29510.75,29507.50,29510.50,105,29511.00,29511.50,0.50
2026-08-04 10:19:43,29510.25,29511.75,29509.25,29511.25,50,29512.50,29512.75,0.25
2026-08-04 10:19:44,29511.50,29513.25,29510.00,29512.50,97,29515.50,29516.00,0.50
2026-08-04 10:19:45,29512.75,29516.50,29512.50,29515.50,165,29515.00,29515.50,0.50
2026-08-04 10:19:46,29515.50,29516.75,29514.75,29515.00,115,29517.00,29517.50,0.50
2026-08-04 10:19:47,29514.75,29517.50,29514.75,29517.50,105,29517.00,29517.50,0.50
2026-08-04 10:19:48,29517.00,29518.75,29516.75,29517.25,100,29517.75,29518.25,0.50
2026-08-04 10:19:49,29517.50,29518.00,29517.00,29518.00,36,29519.00,29519.50,0.50
2026-08-04 10:19:50,29518.50,29519.75,29517.75,29519.25,85,29520.50,29521.00,0.50
2026-08-04 10:19:51,29519.25,29521.75,29519.25,29521.00,65,29522.75,29523.00,0.25
2026-08-04 10:19:52,29521.00,29523.75,29520.00,29522.75,113,29523.25,29523.75,0.50
2026-08-04 10:19:53,29522.75,29524.50,29522.75,29523.75,195,29523.50,29523.75,0.25
2026-08-04 10:19:54,29524.25,29525.50,29524.00,29524.00,131,29523.50,29524.00,0.50
2026-08-04 10:19:55,29523.50,29524.00,29522.50,29524.00,53,29523.00,29523.50,0.50
2026-08-04 10:19:56,29524.00,29524.00,29523.00,29523.50,38,29521.75,29522.25,0.50
2026-08-04 10:19:57,29523.50,29523.75,29521.50,29521.75,98,29522.50,29523.00,0.50
2026-08-04 10:19:58,29522.00,29523.25,29521.75,29522.75,65,29522.50,29523.00,0.50
2026-08-04 10:19:59,29522.75,29524.00,29522.75,29523.25,37,29523.25,29523.75,0.50
2026-08-04 10:20:00,29523.25,29523.75,29522.00,29523.25,81,29522.50,29523.00,0.50
2026-08-04 10:20:01,29523.50,29524.75,29522.00,29523.25,103,29523.00,29523.50,0.50
2026-08-04 10:20:02,29522.75,29523.50,29522.00,29523.50,63,29522.50,29523.00,0.50
2026-08-04 10:20:03,29523.25,29523.50,29521.25,29522.75,74,29521.75,29522.25,0.50
2026-08-04 10:20:04,29522.50,29523.00,29521.00,29522.00,71,29520.25,29520.75,0.50
2026-08-04 10:20:05,29522.25,29522.25,29519.75,29520.50,94,29517.00,29517.25,0.25
2026-08-04 10:20:06,29520.00,29520.00,29516.75,29517.25,166,29513.25,29513.75,0.50
2026-08-04 10:20:07,29517.25,29517.50,29512.75,29513.25,150,29513.25,29513.75,0.50
2026-08-04 10:20:08,29513.50,29515.25,29512.25,29512.75,135,29512.25,29512.75,0.50
2026-08-04 10:20:09,29512.50,29513.00,29506.00,29507.25,222,29502.50,29503.00,0.50
2026-08-04 10:20:10,29507.00,29507.50,29502.00,29502.75,247,29502.50,29503.00,0.50
2026-08-04 10:20:11,29502.75,29503.25,29493.00,29497.50,704,29492.25,29492.75,0.50
2026-08-04 10:20:12,29497.25,29497.25,29492.50,29492.50,368,29492.25,29492.75,0.50
2026-08-04 10:20:13,29492.50,29493.75,29490.75,29492.50,343,29492.00,29492.25,0.25
2026-08-04 10:20:14,29492.00,29493.00,29490.75,29492.25,199,29492.00,29492.25,0.25
2026-08-04 10:20:15,29492.00,29493.25,29490.75,29491.75,271,29491.75,29492.25,0.50
2026-08-04 10:20:16,29491.75,29496.25,29491.75,29495.00,245,29497.00,29497.25,0.25
2026-08-04 10:20:17,29495.00,29498.00,29494.50,29497.00,186,29497.25,29497.75,0.50
2026-08-04 10:20:18,29497.00,29498.50,29495.75,29497.00,210,29495.75,29496.25,0.50
2026-08-04 10:20:19,29497.75,29499.25,29495.25,29497.00,167,29493.75,29494.00,0.25
2026-08-04 10:20:20,29496.00,29497.00,29494.50,29494.75,98,29493.75,29494.00,0.25
2026-08-04 10:20:21,29494.00,29501.25,29493.75,29497.25,261,29497.00,29497.50,0.50
2026-08-04 10:20:22,29497.50,29502.00,29496.75,29501.25,248,29500.75,29501.25,0.50
2026-08-04 10:20:23,29501.00,29502.75,29501.00,29502.00,103,29501.50,29502.00,0.50
2026-08-04 10:20:24,29501.50,29504.00,29499.25,29500.25,193,29499.75,29500.25,0.50
2026-08-04 10:20:25,29500.25,29502.75,29499.75,29500.00,115,29503.75,29504.25,0.50
2026-08-04 10:20:26,29499.75,29504.50,29499.75,29504.00,104,29501.25,29501.75,0.50
2026-08-04 10:20:27,29504.25,29504.25,29499.50,29501.75,114,29499.50,29500.00,0.50
2026-08-04 10:20:28,29501.75,29501.75,29499.25,29499.25,86,29499.50,29500.00,0.50
2026-08-04 10:20:29,29499.75,29499.75,29496.75,29498.00,84,29494.25,29494.75,0.50
2026-08-04 10:20:30,29498.00,29498.50,29493.00,29494.50,204,29496.25,29496.75,0.50
2026-08-04 10:20:31,29494.75,29497.00,29494.50,29496.50,114,29493.75,29494.25,0.50
2026-08-04 10:20:32,29496.75,29496.75,29493.75,29494.25,105,29494.25,29494.75,0.50
2026-08-04 10:20:33,29494.00,29495.50,29493.25,29494.50,123,29495.50,29496.00,0.50
2026-08-04 10:20:34,29494.50,29496.25,29494.00,29495.75,96,29494.50,29495.00,0.50
2026-08-04 10:20:35,29496.25,29497.50,29494.25,29495.00,79,29493.50,29494.00,0.50
2026-08-04 10:20:36,29494.75,29495.50,29493.50,29494.00,88,29495.00,29495.50,0.50
2026-08-04 10:20:37,29493.75,29497.00,29493.50,29495.25,112,29496.00,29496.50,0.50
2026-08-04 10:20:38,29495.00,29497.00,29494.25,29496.00,68,29496.00,29496.50,0.50
2026-08-04 10:20:39,29496.50,29497.50,29495.00,29497.50,60,29500.25,29500.75,0.50
2026-08-04 10:20:40,29496.75,29500.25,29496.75,29500.25,143,29496.75,29497.25,0.50
2026-08-04 10:20:41,29500.25,29501.25,29496.25,29497.00,116,29497.00,29497.50,0.50
2026-08-04 10:20:42,29497.25,29498.25,29496.50,29496.75,54,29499.75,29500.00,0.25
2026-08-04 10:20:43,29497.50,29501.00,29497.00,29500.75,130,29499.75,29500.00,0.25
2026-08-04 10:20:44,29500.00,29501.00,29499.00,29500.75,88,29502.25,29502.75,0.50
2026-08-04 10:20:45,29500.75,29503.50,29500.75,29502.75,86,29502.50,29503.00,0.50
2026-08-04 10:20:46,29502.75,29503.00,29501.25,29502.75,72,29502.50,29503.00,0.50
2026-08-04 10:20:47,29503.00,29504.75,29502.25,29502.50,110,29503.75,29504.25,0.50
2026-08-04 10:20:48,29503.25,29505.75,29502.00,29504.00,128,29503.75,29504.25,0.50
2026-08-04 10:20:49,29504.00,29504.25,29502.25,29502.25,90,29503.25,29503.75,0.50
2026-08-04 10:20:50,29502.75,29504.75,29502.50,29503.50,110,29504.00,29504.50,0.50
2026-08-04 10:20:51,29503.25,29504.75,29502.50,29504.00,42,29505.25,29505.75,0.50
2026-08-04 10:20:52,29504.00,29507.75,29503.75,29505.75,147,29505.00,29505.50,0.50
2026-08-04 10:20:53,29506.00,29509.75,29505.50,29505.75,161,29505.00,29505.50,0.50
2026-08-04 10:20:54,29505.75,29506.25,29505.00,29506.00,66,29506.00,29506.25,0.25
2026-08-04 10:20:55,29506.00,29507.00,29505.00,29506.75,50,29508.50,29508.75,0.25
2026-08-04 10:20:56,29506.00,29510.75,29506.00,29508.50,168,29507.50,29507.75,0.25
2026-08-04 10:20:57,29508.50,29509.50,29507.50,29507.50,102,29507.50,29508.00,0.50
2026-08-04 10:20:58,29507.75,29508.00,29505.50,29507.75,91,29503.00,29503.50,0.50
2026-08-04 10:20:59,29508.00,29508.50,29503.00,29503.25,98,29503.00,29503.50,0.50
2026-08-04 10:21:00,29503.00,29504.50,29502.50,29503.25,100,29503.00,29503.50,0.50
2026-08-04 10:21:01,29503.00,29505.00,29501.50,29503.00,154,29501.25,29501.75,0.50
2026-08-04 10:21:02,29502.75,29504.25,29500.75,29500.75,94,29500.50,29501.00,0.50
2026-08-04 10:21:03,29501.75,29503.25,29500.50,29501.50,133,29499.00,29499.50,0.50
2026-08-04 10:21:04,29501.00,29501.75,29498.75,29499.00,100,29499.00,29499.50,0.50
2026-08-04 10:21:05,29499.25,29501.75,29496.50,29499.25,201,29499.25,29499.75,0.50
2026-08-04 10:21:06,29499.75,29501.50,29496.75,29501.50,299,29501.00,29501.50,0.50
2026-08-04 10:21:07,29501.50,29503.25,29499.25,29499.25,111,29499.75,29500.25,0.50
2026-08-04 10:21:08,29500.00,29500.75,29498.25,29500.00,88,29497.50,29498.00,0.50
2026-08-04 10:21:09,29499.25,29499.50,29495.75,29497.75,82,29500.25,29500.75,0.50
2026-08-04 10:21:10,29498.00,29500.50,29497.75,29500.50,123,29500.25,29500.75,0.50
2026-08-04 10:21:11,29500.75,29500.75,29495.00,29496.25,112,29496.50,29497.00,0.50
2026-08-04 10:21:12,29496.75,29504.75,29495.25,29503.75,149,29503.00,29503.50,0.50
2026-08-04 10:21:13,29503.75,29503.75,29501.50,29501.75,76,29499.75,29500.25,0.50
2026-08-04 10:21:14,29502.00,29502.00,29499.00,29500.25,83,29497.00,29497.25,0.25
2026-08-04 10:21:15,29499.50,29499.50,29495.25,29497.50,91,29498.75,29499.00,0.25
2026-08-04 10:21:16,29497.50,29498.50,29495.25,29498.50,65,29500.75,29501.25,0.50
2026-08-04 10:21:17,29499.50,29502.00,29499.00,29501.00,129,29501.50,29502.00,0.50
2026-08-04 10:21:18,29500.75,29503.00,29500.75,29501.75,72,29500.75,29501.25,0.50
2026-08-04 10:21:19,29501.00,29501.75,29500.50,29501.00,39,29499.50,29499.75,0.25
2026-08-04 10:21:20,29500.50,29500.75,29498.00,29500.00,41,29499.50,29499.75,0.25
2026-08-04 10:21:21,29499.50,29500.50,29497.25,29497.50,61,29496.50,29497.00,0.50
2026-08-04 10:21:22,29497.75,29498.75,29496.25,29497.00,57,29496.50,29497.00,0.50
2026-08-04 10:21:23,29497.00,29498.50,29496.50,29498.25,63,29496.00,29496.50,0.50
2026-08-04 10:21:24,29497.75,29498.00,29495.50,29496.00,85,29494.25,29494.75,0.50
2026-08-04 10:21:25,29496.50,29497.00,29492.50,29494.25,208,29496.50,29497.00,0.50
2026-08-04 10:21:26,29494.25,29498.00,29494.25,29496.25,127,29496.50,29497.00,0.50
2026-08-04 10:21:27,29496.50,29497.25,29489.25,29490.75,297,29490.25,29490.50,0.25
2026-08-04 10:21:28,29490.25,29491.50,29489.50,29490.25,134,29489.50,29490.00,0.50
2026-08-04 10:21:29,29490.50,29492.00,29489.25,29490.00,208,29490.25,29490.75,0.50
2026-08-04 10:21:30,29490.25,29491.25,29489.00,29490.75,156,29492.50,29493.00,0.50
2026-08-04 10:21:31,29490.25,29494.25,29488.00,29492.75,240,29491.75,29492.25,0.50
2026-08-04 10:21:32,29492.50,29494.75,29490.25,29492.00,107,29493.25,29493.75,0.50
2026-08-04 10:21:33,29492.25,29492.75,29490.50,29492.75,86,29494.75,29495.25,0.50
2026-08-04 10:21:34,29493.25,29495.50,29491.75,29495.50,101,29496.50,29497.00,0.50
2026-08-04 10:21:35,29495.50,29498.00,29495.50,29496.75,117,29496.50,29497.00,0.50
2026-08-04 10:21:36,29496.50,29497.00,29494.25,29497.00,70,29496.50,29497.00,0.50
2026-08-04 10:21:37,29496.50,29497.00,29495.00,29496.75,102,29495.75,29496.25,0.50
2026-08-04 10:21:38,29497.00,29497.75,29495.25,29496.00,56,29495.25,29495.75,0.50
2026-08-04 10:21:39,29496.25,29496.50,29494.25,29495.25,73,29495.50,29496.00,0.50
2026-08-04 10:21:40,29495.25,29496.00,29494.75,29496.00,19,29495.75,29496.25,0.50
2026-08-04 10:21:41,29495.75,29497.50,29495.75,29496.00,41,29493.50,29494.00,0.50
2026-08-04 10:21:42,29495.75,29496.00,29492.75,29493.50,104,29493.00,29493.25,0.25
2026-08-04 10:21:43,29494.00,29494.25,29490.50,29494.00,85,29493.00,29493.25,0.25
2026-08-04 10:21:44,29493.00,29494.50,29491.25,29494.25,66,29498.00,29498.50,0.50
2026-08-04 10:21:45,29494.00,29498.50,29493.75,29498.50,81,29498.00,29498.50,0.50
2026-08-04 10:21:46,29498.50,29501.00,29496.25,29500.75,172,29501.00,29501.50,0.50
2026-08-04 10:21:47,29500.50,29502.50,29500.00,29501.25,141,29499.25,29499.75,0.50
2026-08-04 10:21:48,29501.50,29501.50,29499.25,29499.25,107,29497.75,29498.25,0.50
2026-08-04 10:21:49,29499.75,29501.50,29497.00,29498.00,75,29496.50,29496.75,0.25
2026-08-04 10:21:50,29498.25,29498.50,29496.00,29496.75,76,29496.75,29497.00,0.25
2026-08-04 10:21:51,29496.00,29497.75,29495.25,29497.25,49,29498.00,29498.50,0.50
2026-08-04 10:21:52,29497.00,29499.25,29496.25,29498.25,78,29499.50,29500.00,0.50
2026-08-04 10:21:53,29498.50,29501.50,29498.25,29499.25,73,29501.75,29502.25,0.50
2026-08-04 10:21:54,29500.00,29503.75,29498.50,29501.75,84,29500.00,29500.50,0.50
2026-08-04 10:21:55,29501.75,29501.75,29497.25,29500.50,127,29500.50,29501.00,0.50
2026-08-04 10:21:56,29500.00,29501.25,29499.00,29500.75,54,29500.50,29501.00,0.50
2026-08-04 10:21:57,29501.00,29501.25,29498.75,29501.00,67,29502.25,29502.75,0.50
2026-08-04 10:21:58,29500.75,29504.50,29500.50,29502.75,60,29501.25,29501.50,0.25
2026-08-04 10:21:59,29502.75,29502.75,29500.75,29501.25,63,29507.00,29507.50,0.50
2026-08-04 10:22:00,29501.50,29507.75,29501.25,29507.25,175,29501.50,29502.00,0.50
2026-08-04 10:22:01,29507.50,29508.00,29501.75,29502.00,215,29502.75,29503.25,0.50
2026-08-04 10:22:02,29502.00,29504.00,29498.50,29503.50,190,29502.75,29503.25,0.50
2026-08-04 10:22:03,29503.25,29508.00,29503.00,29504.75,143,29502.25,29502.50,0.25
2026-08-04 10:22:04,29505.00,29505.50,29500.25,29502.00,101,29503.50,29504.00,0.50
2026-08-04 10:22:05,29502.50,29505.50,29501.75,29503.50,186,29500.75,29501.25,0.50
2026-08-04 10:22:06,29504.00,29504.00,29500.00,29501.00,125,29501.00,29501.50,0.50
2026-08-04 10:22:07,29501.25,29503.25,29500.25,29501.25,63,29504.75,29505.25,0.50
2026-08-04 10:22:08,29501.00,29505.25,29501.00,29505.00,99,29505.25,29505.75,0.50
2026-08-04 10:22:09,29505.50,29509.75,29505.00,29506.00,194,29503.25,29503.75,0.50
2026-08-04 10:22:10,29506.00,29506.75,29503.00,29503.00,92,29498.50,29499.00,0.50
2026-08-04 10:22:11,29503.25,29503.25,29497.75,29499.25,124,29500.75,29501.25,0.50
2026-08-04 10:22:12,29499.50,29502.25,29499.00,29501.00,98,29504.75,29505.25,0.50
2026-08-04 10:22:13,29501.25,29506.00,29501.25,29505.50,89,29504.75,29505.25,0.50
2026-08-04 10:22:14,29505.50,29505.50,29502.75,29502.75,59,29503.50,29504.00,0.50
2026-08-04 10:22:15,29503.00,29503.75,29501.75,29502.50,39,29505.25,29505.75,0.50
2026-08-04 10:22:16,29504.25,29508.25,29504.00,29506.25,101,29506.00,29506.50,0.50
2026-08-04 10:22:17,29505.75,29508.25,29505.50,29506.25,94,29504.75,29505.25,0.50
2026-08-04 10:22:18,29506.50,29507.25,29504.00,29505.25,104,29507.00,29507.50,0.50
2026-08-04 10:22:19,29506.25,29507.00,29504.75,29506.75,68,29511.25,29511.50,0.25
2026-08-04 10:22:20,29507.50,29513.25,29507.50,29511.75,342,29511.25,29511.50,0.25
2026-08-04 10:22:21,29511.25,29512.00,29506.00,29507.00,263,29504.00,29504.50,0.50
2026-08-04 10:22:22,29507.25,29507.25,29504.00,29504.00,115,29505.00,29505.50,0.50
2026-08-04 10:22:23,29504.50,29505.75,29502.75,29505.50,82,29505.00,29505.25,0.25
2026-08-04 10:22:24,29505.25,29506.25,29504.50,29504.75,58,29505.00,29505.50,0.50
2026-08-04 10:22:25,29505.00,29506.25,29504.00,29505.00,89,29507.00,29507.50,0.50
2026-08-04 10:22:26,29505.50,29507.25,29504.00,29507.25,101,29510.00,29510.50,0.50
2026-08-04 10:22:27,29506.75,29511.25,29506.50,29510.25,103,29510.25,29510.75,0.50
2026-08-04 10:22:28,29510.25,29511.00,29509.75,29510.50,93,29511.00,29511.50,0.50
2026-08-04 10:22:29,29510.75,29511.50,29508.75,29510.75,104,29512.00,29512.50,0.50
2026-08-04 10:22:30,29511.50,29514.50,29510.00,29512.25,262,29516.50,29517.00,0.50
2026-08-04 10:22:31,29512.50,29518.25,29512.50,29517.00,326,29517.00,29517.50,0.50
2026-08-04 10:22:32,29517.00,29518.00,29516.00,29517.00,230,29517.00,29517.50,0.50
2026-08-04 10:22:33,29517.25,29517.50,29514.75,29516.50,161,29516.50,29517.00,0.50
2026-08-04 10:22:34,29517.00,29517.00,29514.00,29514.50,155,29513.75,29514.00,0.25
2026-08-04 10:22:35,29514.75,29514.75,29512.50,29513.75,137,29513.75,29514.25,0.50
2026-08-04 10:22:36,29513.50,29514.75,29511.75,29513.75,146,29513.75,29514.25,0.50
2026-08-04 10:22:37,29513.25,29514.75,29512.50,29513.25,108,29510.00,29510.50,0.50
2026-08-04 10:22:38,29513.75,29513.75,29508.50,29510.50,169,29507.75,29508.25,0.50
2026-08-04 10:22:39,29509.75,29510.25,29507.25,29508.25,126,29507.25,29507.75,0.50
2026-08-04 10:22:40,29507.75,29507.75,29505.50,29507.50,111,29507.75,29508.25,0.50
2026-08-04 10:22:41,29507.25,29508.25,29506.75,29508.00,57,29507.25,29507.75,0.50
2026-08-04 10:22:42,29508.25,29510.25,29507.50,29507.50,45,29507.50,29508.00,0.50
2026-08-04 10:22:43,29507.00,29507.75,29505.75,29507.50,73,29507.00,29507.50,0.50
2026-08-04 10:22:44,29508.00,29508.75,29507.00,29508.25,60,29507.00,29507.50,0.50
2026-08-04 10:22:45,29506.75,29508.25,29506.00,29507.00,91,29507.75,29508.25,0.50
2026-08-04 10:22:46,29507.25,29508.50,29506.75,29508.00,64,29511.25,29511.75,0.50
2026-08-04 10:22:47,29508.50,29512.25,29508.25,29512.00,118,29506.25,29506.75,0.50
2026-08-04 10:22:48,29511.75,29512.50,29506.75,29506.75,88,29508.50,29509.00,0.50
2026-08-04 10:22:49,29506.25,29509.00,29505.75,29508.50,48,29508.50,29509.00,0.50
2026-08-04 10:22:50,29508.00,29509.00,29506.75,29508.75,36,29508.25,29508.75,0.50
2026-08-04 10:22:51,29508.25,29508.50,29506.50,29508.50,37,29508.00,29508.50,0.50
2026-08-04 10:22:52,29508.25,29509.75,29507.50,29508.25,61,29508.00,29508.50,0.50
2026-08-04 10:22:53,29508.50,29508.50,29503.75,29507.25,202,29507.25,29507.75,0.50
2026-08-04 10:22:54,29507.25,29508.00,29505.75,29507.00,79,29501.25,29501.75,0.50
2026-08-04 10:22:55,29507.00,29507.25,29499.50,29502.00,217,29499.00,29499.50,0.50
2026-08-04 10:22:56,29501.50,29501.50,29499.00,29499.75,164,29499.00,29499.50,0.50
2026-08-04 10:22:57,29499.50,29499.75,29495.25,29498.00,272,29502.50,29503.00,0.50
2026-08-04 10:22:58,29498.25,29503.50,29498.25,29502.50,160,29502.50,29503.00,0.50
2026-08-04 10:22:59,29502.50,29507.25,29502.50,29507.00,85,29507.00,29507.25,0.25
2026-08-04 10:23:00,29507.25,29508.00,29504.75,29507.25,88,29505.25,29505.75,0.50
2026-08-04 10:23:01,29507.00,29508.75,29503.75,29505.25,105,29505.25,29505.75,0.50
2026-08-04 10:23:02,29505.50,29507.75,29505.50,29506.50,88,29500.00,29500.50,0.50
2026-08-04 10:23:03,29505.75,29505.75,29499.50,29500.75,121,29500.75,29501.00,0.25
2026-08-04 10:23:04,29500.25,29501.75,29498.75,29501.25,104,29503.00,29503.50,0.50
2026-08-04 10:23:05,29500.75,29504.50,29500.00,29503.00,87,29503.00,29503.50,0.50
2026-08-04 10:23:06,29503.25,29503.50,29500.50,29502.00,78,29500.00,29500.50,0.50
2026-08-04 10:23:07,29502.00,29502.50,29498.75,29500.50,64,29499.50,29499.75,0.25
2026-08-04 10:23:08,29499.25,29499.75,29495.75,29499.50,158,29501.75,29502.25,0.50
2026-08-04 10:23:09,29499.25,29502.25,29499.25,29501.75,109,29501.75,29502.25,0.50
2026-08-04 10:23:10,29502.00,29503.50,29500.25,29501.25,74,29500.00,29500.25,0.25
2026-08-04 10:23:11,29500.75,29501.00,29497.75,29500.25,96,29497.50,29498.00,0.50
2026-08-04 10:23:12,29500.00,29500.50,29496.00,29497.50,107,29495.75,29496.00,0.25
2026-08-04 10:23:13,29498.00,29498.25,29494.00,29496.00,159,29494.25,29494.50,0.25
2026-08-04 10:23:14,29496.00,29496.75,29493.75,29494.25,155,29494.25,29494.50,0.25
2026-08-04 10:23:15,29494.25,29495.50,29492.50,29493.50,225,29491.75,29492.25,0.50
2026-08-04 10:23:16,29493.50,29495.25,29491.50,29491.50,228,29490.75,29491.25,0.50
2026-08-04 10:23:17,29492.25,29492.25,29490.75,29491.25,159,29487.25,29487.75,0.50
2026-08-04 10:23:18,29491.25,29491.75,29485.75,29487.50,474,29487.25,29487.75,0.50
2026-08-04 10:23:19,29487.00,29489.25,29487.00,29489.25,218,29485.25,29485.50,0.25
2026-08-04 10:23:20,29488.75,29489.25,29485.75,29485.75,205,29485.25,29485.50,0.25
2026-08-04 10:23:21,29485.75,29487.75,29482.25,29484.75,516,29485.50,29486.00,0.50
2026-08-04 10:23:22,29485.00,29487.25,29483.50,29485.50,278,29491.50,29491.75,0.25
2026-08-04 10:23:23,29486.25,29493.50,29486.00,29491.50,331,29493.25,29493.75,0.50
2026-08-04 10:23:24,29491.50,29494.75,29491.00,29493.25,219,29498.00,29498.50,0.50
2026-08-04 10:23:25,29494.00,29498.50,29494.00,29498.50,161,29498.00,29498.50,0.50
2026-08-04 10:23:26,29498.50,29502.25,29496.75,29501.00,255,29501.25,29501.75,0.50
2026-08-04 10:23:27,29501.25,29503.00,29501.00,29501.25,121,29501.50,29502.00,0.50
2026-08-04 10:23:28,29501.25,29502.50,29501.00,29502.00,130,29503.75,29504.25,0.50
2026-08-04 10:23:29,29502.50,29504.25,29500.75,29504.00,158,29503.00,29503.50,0.50
2026-08-04 10:23:30,29503.75,29504.00,29502.25,29503.25,70,29498.75,29499.00,0.25
2026-08-04 10:23:31,29503.25,29503.25,29498.75,29499.00,90,29499.00,29499.50,0.50
2026-08-04 10:23:32,29498.75,29499.50,29496.75,29499.00,127,29502.25,29502.75,0.50
2026-08-04 10:23:33,29499.00,29502.50,29498.50,29502.50,126,29502.25,29502.75,0.50
2026-08-04 10:23:34,29502.50,29504.25,29500.00,29502.25,114,29507.50,29508.25,0.75
2026-08-04 10:23:35,29502.50,29509.00,29502.50,29508.50,201,29510.75,29511.00,0.25
2026-08-04 10:23:36,29507.50,29511.75,29506.50,29511.00,227,29509.50,29510.00,0.50
2026-08-04 10:23:37,29511.50,29513.75,29509.25,29510.00,258,29512.75,29513.25,0.50
2026-08-04 10:23:38,29509.75,29513.00,29509.50,29512.50,142,29514.00,29514.50,0.50
2026-08-04 10:23:39,29513.25,29514.50,29511.25,29514.50,270,29514.00,29514.50,0.50
2026-08-04 10:23:40,29514.25,29514.75,29510.25,29511.00,254,29513.50,29514.00,0.50
2026-08-04 10:23:41,29511.00,29514.75,29509.75,29514.00,184,29512.00,29512.50,0.50
2026-08-04 10:23:42,29513.50,29514.25,29512.00,29512.50,102,29513.50,29514.00,0.50
2026-08-04 10:23:43,29512.25,29514.25,29511.75,29514.25,77,29513.50,29514.00,0.50
2026-08-04 10:23:44,29513.50,29514.50,29513.25,29513.50,57,29513.75,29514.25,0.50
2026-08-04 10:23:45,29514.00,29515.00,29513.75,29514.25,67,29513.75,29514.25,0.50
2026-08-04 10:23:46,29514.00,29515.00,29512.50,29515.00,83,29514.00,29514.50,0.50
2026-08-04 10:23:47,29515.25,29515.75,29513.50,29514.50,84,29513.25,29513.75,0.50
2026-08-04 10:23:48,29514.75,29515.25,29513.25,29513.50,79,29513.75,29514.25,0.50
2026-08-04 10:23:49,29513.75,29514.75,29513.00,29514.25,124,29514.75,29515.00,0.25
2026-08-04 10:23:50,29514.25,29515.00,29513.25,29514.75,106,29514.25,29514.75,0.50
2026-08-04 10:23:51,29514.75,29515.25,29514.00,29514.75,135,29514.25,29514.75,0.50
2026-08-04 10:23:52,29514.75,29514.75,29512.75,29514.50,87,29513.50,29514.00,0.50
2026-08-04 10:23:53,29514.25,29515.25,29513.00,29513.75,67,29513.00,29513.50,0.50
2026-08-04 10:23:54,29513.75,29514.00,29512.25,29513.25,54,29511.75,29512.25,0.50
2026-08-04 10:23:55,29513.25,29514.00,29511.75,29512.00,96,29512.50,29513.00,0.50
2026-08-04 10:23:56,29512.25,29513.00,29511.00,29512.75,101,29513.25,29513.75,0.50
2026-08-04 10:23:57,29512.50,29514.00,29512.50,29514.00,46,29512.75,29513.25,0.50
2026-08-04 10:23:58,29513.75,29513.75,29512.25,29513.25,57,29513.50,29514.00,0.50
2026-08-04 10:23:59,29513.25,29514.75,29513.00,29514.00,122,29514.75,29515.00,0.25
2026-08-04 10:24:00,29513.25,29515.00,29512.00,29515.00,47,29513.50,29514.00,0.50
2026-08-04 10:24:01,29514.75,29515.75,29513.50,29514.00,118,29514.75,29515.00,0.25
2026-08-04 10:24:02,29514.25,29515.00,29512.75,29514.75,82,29515.25,29515.75,0.50
2026-08-04 10:24:03,29514.75,29516.25,29514.00,29515.50,78,29512.75,29513.25,0.50
2026-08-04 10:24:04,29515.75,29518.00,29512.25,29513.25,254,29512.75,29513.25,0.50
2026-08-04 10:24:05,29513.25,29513.50,29511.00,29511.25,74,29513.50,29514.00,0.50
2026-08-04 10:24:06,29511.25,29514.00,29510.50,29514.00,143,29513.50,29514.00,0.50
2026-08-04 10:24:07,29514.00,29514.00,29510.25,29511.00,66,29508.75,29509.25,0.50
2026-08-04 10:24:08,29510.50,29510.50,29507.25,29509.00,228,29510.50,29510.75,0.25
2026-08-04 10:24:09,29509.25,29511.25,29508.75,29510.75,111,29510.50,29510.75,0.25
2026-08-04 10:24:10,29510.25,29512.00,29510.25,29511.50,106,29511.50,29512.00,0.50
2026-08-04 10:24:11,29511.75,29512.50,29511.25,29511.50,69,29512.75,29513.00,0.25
2026-08-04 10:24:12,29512.00,29513.25,29511.25,29512.50,67,29512.75,29513.00,0.25
2026-08-04 10:24:13,29513.00,29514.25,29511.25,29513.75,72,29512.50,29513.00,0.50
2026-08-04 10:24:14,29514.25,29514.75,29511.00,29513.25,110,29510.50,29511.00,0.50
2026-08-04 10:24:15,29512.50,29512.50,29509.50,29510.75,83,29512.00,29512.50,0.50
2026-08-04 10:24:16,29510.50,29514.50,29510.50,29512.50,125,29510.50,29511.00,0.50
2026-08-04 10:24:17,29512.50,29512.50,29510.00,29511.00,58,29509.50,29509.75,0.25
2026-08-04 10:24:18,29510.75,29510.75,29508.00,29509.25,72,29509.50,29510.00,0.50
2026-08-04 10:24:19,29509.50,29510.25,29508.25,29509.50,64,29508.75,29509.25,0.50
2026-08-04 10:24:20,29509.50,29509.75,29508.25,29509.00,58,29509.00,29509.25,0.25
2026-08-04 10:24:21,29509.25,29510.00,29507.00,29509.25,86,29507.50,29508.00,0.50
2026-08-04 10:24:22,29508.75,29511.25,29506.75,29507.75,69,29505.75,29506.25,0.50
2026-08-04 10:24:23,29507.75,29507.75,29504.25,29505.50,148,29506.00,29506.50,0.50
2026-08-04 10:24:24,29506.25,29507.25,29504.75,29506.25,76,29503.00,29503.50,0.50
2026-08-04 10:24:25,29506.50,29506.50,29502.75,29504.00,74,29503.00,29503.50,0.50
2026-08-04 10:24:26,29503.00,29504.50,29503.00,29503.00,81,29504.50,29504.75,0.25
2026-08-04 10:24:27,29503.50,29505.00,29502.75,29504.50,104,29503.00,29503.50,0.50
2026-08-04 10:24:28,29504.00,29505.75,29502.75,29503.25,74,29496.25,29496.50,0.25
2026-08-04 10:24:29,29502.75,29503.50,29495.50,29496.50,273,29496.50,29497.00,0.50
2026-08-04 10:24:30,29496.25,29497.00,29494.00,29497.00,270,29493.25,29493.50,0.25
2026-08-04 10:24:31,29496.50,29496.50,29492.50,29493.00,189,29496.50,29497.00,0.50
2026-08-04 10:24:32,29493.50,29496.75,29493.00,29496.50,182,29496.50,29497.00,0.50
2026-08-04 10:24:33,29497.00,29497.00,29493.75,29495.00,159,29497.00,29497.50,0.50
2026-08-04 10:24:34,29495.50,29499.25,29495.50,29497.00,155,29495.75,29496.25,0.50
2026-08-04 10:24:35,29497.50,29499.00,29496.00,29496.00,75,29497.00,29497.50,0.50
2026-08-04 10:24:36,29496.25,29497.50,29495.50,29496.75,84,29491.25,29491.75,0.50
2026-08-04 10:24:37,29497.00,29499.50,29491.50,29491.75,453,29491.50,29492.00,0.50
2026-08-04 10:24:38,29491.75,29493.25,29490.75,29491.75,154,29489.75,29490.25,0.50
2026-08-04 10:24:39,29491.50,29491.50,29489.25,29490.25,124,29494.75,29495.25,0.50
2026-08-04 10:24:40,29490.25,29495.50,29490.25,29495.00,192,29494.75,29495.25,0.50
2026-08-04 10:24:41,29494.75,29496.25,29493.75,29494.50,96,29494.25,29494.75,0.50
2026-08-04 10:24:42,29494.50,29495.75,29493.50,29494.50,66,29493.75,29494.25,0.50
2026-08-04 10:24:43,29494.50,29495.75,29494.00,29494.25,52,29496.75,29497.25,0.50
2026-08-04 10:24:44,29494.25,29497.25,29493.50,29497.25,107,29493.50,29494.00,0.50
2026-08-04 10:24:45,29497.00,29497.25,29494.25,29494.50,58,29493.50,29494.00,0.50
2026-08-04 10:24:46,29494.00,29494.50,29492.75,29493.75,101,29495.25,29495.75,0.50
2026-08-04 10:24:47,29493.50,29496.00,29493.50,29495.25,63,29495.50,29496.00,0.50
2026-08-04 10:24:48,29495.25,29496.00,29494.00,29495.50,56,29496.00,29496.50,0.50
2026-08-04 10:24:49,29496.25,29497.50,29495.00,29496.50,63,29497.00,29497.50,0.50
2026-08-04 10:24:50,29496.50,29497.25,29496.25,29497.25,39,29497.75,29498.25,0.50
2026-08-04 10:24:51,29497.00,29499.25,29496.50,29498.00,82,29494.50,29495.00,0.50
2026-08-04 10:24:52,29498.00,29498.00,29494.00,29495.25,64,29496.00,29496.50,0.50
2026-08-04 10:24:53,29495.00,29497.00,29494.00,29496.00,58,29498.25,29498.50,0.25
2026-08-04 10:24:54,29496.50,29498.75,29496.50,29498.00,81,29499.00,29499.50,0.50
2026-08-04 10:24:55,29498.25,29500.25,29498.25,29499.75,100,29501.00,29501.50,0.50
2026-08-04 10:24:56,29499.50,29501.00,29498.75,29500.75,78,29504.50,29505.00,0.50
2026-08-04 10:24:57,29501.00,29505.25,29501.00,29504.75,167,29505.75,29506.25,0.50
2026-08-04 10:24:58,29504.25,29506.00,29503.50,29505.75,82,29505.00,29505.50,0.50
2026-08-04 10:24:59,29506.00,29507.00,29504.75,29505.75,86,29508.50,29508.75,0.25
2026-08-04 10:25:00,29505.25,29508.75,29505.00,29508.50,114,29506.00,29506.25,0.25
2026-08-04 10:25:01,29508.25,29509.75,29506.25,29506.25,191,29507.25,29507.75,0.50
2026-08-04 10:25:02,29506.00,29509.75,29505.50,29507.25,268,29507.25,29507.75,0.50
2026-08-04 10:25:03,29507.50,29513.00,29507.50,29512.75,241,29510.75,29511.50,0.75
2026-08-04 10:25:04,29512.25,29512.50,29510.00,29511.25,161,29509.75,29510.00,0.25
2026-08-04 10:25:05,29511.25,29513.00,29509.25,29510.25,142,29509.75,29510.00,0.25
2026-08-04 10:25:06,29510.00,29511.50,29507.25,29508.75,129,29512.00,29512.25,0.25
2026-08-04 10:25:07,29509.00,29513.00,29509.00,29511.75,53,29512.00,29512.25,0.25
2026-08-04 10:25:08,29511.75,29514.75,29510.75,29514.50,122,29511.25,29511.75,0.50
2026-08-04 10:25:09,29513.50,29514.75,29510.75,29511.75,101,29512.50,29513.00,0.50
2026-08-04 10:25:10,29511.25,29513.75,29510.75,29512.50,140,29513.75,29514.00,0.25
2026-08-04 10:25:11,29512.50,29514.00,29512.00,29513.75,49,29513.75,29514.00,0.25
2026-08-04 10:25:12,29513.75,29516.25,29513.50,29515.25,133,29515.00,29515.50,0.50
2026-08-04 10:25:13,29515.25,29522.00,29515.00,29521.00,537,29518.25,29518.75,0.50
2026-08-04 10:25:14,29520.75,29521.50,29516.50,29518.25,262,29518.25,29518.75,0.50
2026-08-04 10:25:15,29518.50,29520.50,29518.00,29519.75,450,29520.25,29520.75,0.50
2026-08-04 10:25:16,29519.50,29523.00,29519.00,29520.75,242,29520.50,29521.00,0.50
2026-08-04 10:25:17,29520.25,29523.00,29520.25,29520.75,176,29520.50,29521.00,0.50
2026-08-04 10:25:18,29521.00,29522.75,29519.50,29521.50,283,29517.00,29517.50,0.50
2026-08-04 10:25:19,29520.75,29520.75,29516.00,29517.25,147,29516.75,29517.00,0.25
2026-08-04 10:25:20,29517.00,29517.50,29516.00,29516.75,83,29516.75,29517.00,0.25
2026-08-04 10:25:21,29517.00,29517.00,29515.25,29516.25,75,29517.25,29517.75,0.50
2026-08-04 10:25:22,29516.00,29519.00,29516.00,29517.50,102,29517.00,29517.50,0.50
2026-08-04 10:25:23,29517.00,29518.00,29514.75,29517.25,118,29517.50,29518.00,0.50
2026-08-04 10:25:24,29517.25,29518.25,29516.25,29517.25,71,29517.75,29518.00,0.25
2026-08-04 10:25:25,29517.25,29518.50,29515.75,29518.25,87,29516.75,29517.25,0.50
2026-08-04 10:25:26,29518.00,29519.25,29516.75,29517.25,93,29518.25,29518.75,0.50
2026-08-04 10:25:27,29517.00,29518.25,29516.50,29518.25,53,29517.75,29518.25,0.50
2026-08-04 10:25:28,29518.25,29519.25,29517.50,29518.00,41,29518.75,29519.00,0.25
2026-08-04 10:25:29,29518.00,29518.75,29516.50,29518.50,60,29516.75,29517.25,0.50
2026-08-04 10:25:30,29519.00,29519.00,29516.00,29516.50,68,29516.75,29517.25,0.50
2026-08-04 10:25:31,29517.00,29517.75,29515.50,29517.25,90,29517.50,29518.00,0.50
2026-08-04 10:25:32,29517.25,29519.75,29517.25,29517.75,67,29519.50,29519.75,0.25
2026-08-04 10:25:33,29517.50,29520.25,29517.50,29519.75,127,29519.00,29519.25,0.25
2026-08-04 10:25:34,29520.00,29520.75,29519.00,29519.50,121,29520.25,29520.75,0.50
2026-08-04 10:25:35,29519.25,29521.00,29519.00,29520.25,47,29520.00,29520.50,0.50
2026-08-04 10:25:36,29520.75,29523.25,29519.25,29520.25,249,29521.00,29521.50,0.50
2026-08-04 10:25:37,29520.50,29522.50,29520.25,29521.75,57,29522.00,29522.50,0.50
2026-08-04 10:25:38,29521.25,29522.50,29520.50,29522.00,85,29521.50,29522.00,0.50
2026-08-04 10:25:39,29522.50,29522.75,29520.50,29522.00,53,29522.00,29522.50,0.50
2026-08-04 10:25:40,29522.00,29524.25,29520.75,29522.25,239,29522.50,29522.75,0.25
2026-08-04 10:25:41,29522.00,29523.75,29521.00,29522.75,93,29526.50,29526.75,0.25
2026-08-04 10:25:42,29522.50,29526.75,29522.25,29526.75,274,29526.50,29526.75,0.25
2026-08-04 10:25:43,29526.75,29531.00,29526.25,29529.50,581,29529.25,29529.50,0.25
2026-08-04 10:25:44,29529.75,29531.25,29529.00,29530.50,170,29529.75,29530.25,0.50
2026-08-04 10:25:45,29530.25,29530.50,29528.50,29530.00,138,29532.50,29533.25,0.75
2026-08-04 10:25:46,29530.25,29533.75,29529.50,29533.00,282,29532.50,29533.25,0.75
2026-08-04 10:25:47,29533.00,29537.50,29533.00,29536.25,450,29535.50,29535.75,0.25
2026-08-04 10:25:48,29536.00,29537.75,29535.50,29536.00,252,29535.50,29536.00,0.50
2026-08-04 10:25:49,29535.75,29536.75,29535.00,29535.75,158,29535.75,29536.25,0.50
2026-08-04 10:25:50,29535.50,29537.00,29535.00,29536.00,143,29535.75,29536.25,0.50
2026-08-04 10:25:51,29536.25,29536.50,29534.25,29535.00,153,29532.50,29533.00,0.50
2026-08-04 10:25:52,29535.50,29535.75,29531.25,29533.00,198,29533.75,29534.00,0.25
2026-08-04 10:25:53,29532.75,29534.25,29532.00,29533.75,96,29534.25,29534.50,0.25
2026-08-04 10:25:54,29534.00,29535.00,29532.50,29535.00,117,29534.25,29534.75,0.50
2026-08-04 10:25:55,29535.00,29535.25,29533.75,29534.75,95,29534.00,29534.50,0.50
2026-08-04 10:25:56,29534.00,29534.75,29533.75,29534.25,48,29534.00,29534.50,0.50
2026-08-04 10:25:57,29534.50,29535.00,29533.50,29534.00,71,29533.75,29534.00,0.25
2026-08-04 10:25:58,29534.50,29534.75,29532.25,29534.00,119,29533.50,29534.00,0.50
2026-08-04 10:25:59,29534.00,29534.25,29533.00,29534.00,65,29537.25,29537.75,0.50
2026-08-04 10:26:00,29533.75,29537.25,29533.25,29537.25,134,29537.25,29537.75,0.50
2026-08-04 10:26:01,29537.50,29539.50,29537.00,29538.50,247,29539.75,29540.25,0.50
2026-08-04 10:26:02,29539.25,29541.25,29538.50,29540.00,294,29539.50,29540.00,0.50
2026-08-04 10:26:03,29540.00,29540.25,29537.25,29539.50,199,29539.00,29539.25,0.25
2026-08-04 10:26:04,29540.00,29542.00,29538.75,29539.25,282,29540.75,29541.25,0.50
2026-08-04 10:26:05,29539.25,29541.75,29538.50,29541.00,164,29540.75,29541.25,0.50
2026-08-04 10:26:06,29541.00,29541.50,29539.50,29541.00,156,29540.75,29541.25,0.50
2026-08-04 10:26:07,29540.75,29542.50,29540.25,29541.00,167,29540.25,29540.75,0.50
2026-08-04 10:26:08,29540.75,29541.75,29540.00,29540.50,81,29539.00,29539.25,0.25
2026-08-04 10:26:09,29541.00,29541.00,29539.00,29539.25,122,29539.00,29539.50,0.50
2026-08-04 10:26:10,29539.00,29539.75,29537.75,29539.25,148,29536.00,29536.50,0.50
2026-08-04 10:26:11,29539.00,29539.50,29535.00,29536.00,166,29536.00,29536.50,0.50
2026-08-04 10:26:12,29536.00,29536.75,29534.25,29536.00,211,29536.00,29536.50,0.50
2026-08-04 10:26:13,29536.00,29537.00,29533.50,29533.50,175,29533.75,29534.25,0.50
2026-08-04 10:26:14,29533.75,29537.00,29531.75,29536.75,209,29537.00,29537.25,0.25
2026-08-04 10:26:15,29536.50,29538.75,29535.50,29536.75,104,29540.00,29540.25,0.25
2026-08-04 10:26:16,29537.25,29541.50,29537.00,29540.00,195,29539.50,29539.75,0.25
2026-08-04 10:26:17,29540.25,29541.50,29539.50,29540.25,121,29539.50,29539.75,0.25
2026-08-04 10:26:18,29539.75,29540.25,29538.75,29539.50,103,29537.25,29537.50,0.25
2026-08-04 10:26:19,29539.00,29539.75,29537.00,29537.25,105,29536.00,29536.50,0.50
2026-08-04 10:26:20,29537.50,29538.00,29535.50,29536.25,106,29537.00,29537.50,0.50
2026-08-04 10:26:21,29536.25,29537.50,29535.50,29537.00,70,29537.00,29537.50,0.50
2026-08-04 10:26:22,29537.50,29538.00,29536.50,29537.50,61,29537.00,29537.50,0.50
2026-08-04 10:26:23,29537.00,29537.75,29536.25,29537.00,54,29537.75,29538.00,0.25
2026-08-04 10:26:24,29537.50,29539.00,29537.00,29537.75,124,29535.50,29535.75,0.25
2026-08-04 10:26:25,29538.00,29538.00,29536.00,29536.25,73,29535.50,29535.75,0.25
2026-08-04 10:26:26,29536.00,29536.25,29534.25,29535.75,188,29535.50,29536.00,0.50
2026-08-04 10:26:27,29536.00,29538.00,29535.25,29537.75,83,29538.00,29538.25,0.25
2026-08-04 10:26:28,29538.25,29538.75,29537.25,29537.25,35,29538.00,29538.25,0.25
2026-08-04 10:26:29,29538.00,29539.75,29538.00,29539.50,40,29538.00,29538.50,0.50
2026-08-04 10:26:30,29539.50,29540.50,29537.75,29538.50,95,29537.50,29537.75,0.25
2026-08-04 10:26:31,29538.50,29538.75,29537.00,29537.25,62,29538.75,29539.00,0.25
2026-08-04 10:26:32,29538.00,29539.00,29537.50,29538.75,36,29540.00,29540.50,0.50
2026-08-04 10:26:33,29538.75,29540.50,29538.25,29540.50,83,29540.50,29540.75,0.25
2026-08-04 10:26:34,29540.25,29541.00,29539.50,29540.75,60,29538.00,29538.50,0.50
2026-08-04 10:26:35,29540.50,29540.50,29537.75,29538.25,65,29538.00,29538.50,0.50
2026-08-04 10:26:36,29538.25,29539.75,29536.75,29537.00,124,29537.75,29538.00,0.25
2026-08-04 10:26:37,29537.00,29541.00,29536.75,29538.00,220,29532.00,29532.50,0.50
2026-08-04 10:26:38,29537.75,29538.00,29532.00,29532.00,206,29534.75,29535.25,0.50
2026-08-04 10:26:39,29532.25,29535.00,29531.00,29534.75,129,29534.25,29534.75,0.50
2026-08-04 10:26:40,29534.75,29535.75,29532.50,29534.00,98,29533.25,29533.50,0.25
2026-08-04 10:26:41,29534.25,29534.25,29532.50,29533.25,71,29531.25,29531.75,0.50
2026-08-04 10:26:42,29533.00,29533.00,29531.50,29531.75,104,29533.50,29534.00,0.50
2026-08-04 10:26:43,29531.25,29534.25,29530.50,29534.25,103,29533.75,29534.25,0.50
2026-08-04 10:26:44,29534.00,29534.50,29532.25,29534.00,110,29534.25,29534.75,0.50
2026-08-04 10:26:45,29534.25,29535.75,29533.75,29534.25,65,29535.75,29536.00,0.25
2026-08-04 10:26:46,29534.25,29537.50,29534.25,29536.00,47,29532.00,29532.50,0.50
2026-08-04 10:26:47,29536.00,29536.25,29531.75,29532.50,98,29533.50,29534.00,0.50
2026-08-04 10:26:48,29532.25,29534.00,29531.50,29534.00,41,29533.50,29533.75,0.25
2026-08-04 10:26:49,29533.25,29533.75,29532.75,29533.75,17,29537.50,29538.00,0.50
2026-08-04 10:26:50,29533.25,29538.75,29533.25,29538.00,64,29537.25,29537.75,0.50
2026-08-04 10:26:51,29537.75,29538.00,29536.50,29537.25,70,29538.25,29538.75,0.50
2026-08-04 10:26:52,29537.00,29538.50,29536.75,29538.25,44,29538.00,29538.50,0.50
2026-08-04 10:26:53,29538.50,29539.00,29536.50,29538.25,98,29538.00,29538.50,0.50
2026-08-04 10:26:54,29538.25,29539.50,29538.25,29538.25,49,29538.50,29539.00,0.50
2026-08-04 10:26:55,29538.50,29539.75,29538.50,29539.00,40,29537.25,29537.75,0.50
2026-08-04 10:26:56,29538.50,29538.50,29537.00,29537.75,61,29537.00,29537.50,0.50
2026-08-04 10:26:57,29537.25,29537.25,29536.00,29537.00,41,29535.50,29536.00,0.50
2026-08-04 10:26:58,29537.25,29537.25,29534.75,29536.25,55,29534.25,29534.75,0.50
2026-08-04 10:26:59,29535.00,29535.25,29534.25,29534.75,43,29536.00,29536.50,0.50
2026-08-04 10:27:00,29534.25,29536.75,29533.25,29536.25,101,29536.75,29537.25,0.50
2026-08-04 10:27:01,29536.50,29537.25,29535.50,29537.00,64,29540.00,29540.25,0.25
2026-08-04 10:27:02,29537.25,29540.50,29534.50,29540.00,138,29541.25,29541.75,0.50
2026-08-04 10:27:03,29540.50,29542.00,29540.00,29541.75,153,29540.50,29541.00,0.50
2026-08-04 10:27:04,29542.00,29543.00,29541.00,29541.00,142,29540.50,29541.00,0.50
2026-08-04 10:27:05,29540.75,29541.50,29538.50,29540.75,132,29541.00,29541.50,0.50
2026-08-04 10:27:06,29540.50,29542.25,29540.00,29541.50,86,29540.25,29540.50,0.25
2026-08-04 10:27:07,29541.50,29542.00,29540.25,29540.25,85,29540.25,29540.75,0.50
2026-08-04 10:27:08,29540.00,29543.25,29538.50,29541.00,139,29540.50,29540.75,0.25
2026-08-04 10:27:09,29540.75,29541.00,29539.00,29540.00,65,29541.25,29541.75,0.50
2026-08-04 10:27:10,29540.75,29541.25,29539.50,29541.25,42,29537.75,29538.25,0.50
2026-08-04 10:27:11,29541.25,29541.75,29538.00,29538.25,67,29537.75,29538.25,0.50
2026-08-04 10:27:12,29538.00,29538.75,29535.00,29536.50,98,29536.25,29536.75,0.50
2026-08-04 10:27:13,29536.25,29537.00,29535.25,29536.00,60,29536.25,29536.75,0.50
2026-08-04 10:27:14,29536.50,29537.00,29535.50,29537.00,36,29536.00,29536.50,0.50
2026-08-04 10:27:15,29536.00,29536.50,29535.50,29536.50,27,29537.50,29538.00,0.50
2026-08-04 10:27:16,29536.50,29538.50,29536.50,29537.50,77,29537.50,29538.00,0.50
2026-08-04 10:27:17,29537.75,29539.50,29537.00,29538.25,54,29538.50,29538.75,0.25
2026-08-04 10:27:18,29538.50,29539.00,29537.00,29539.00,22,29538.50,29538.75,0.25
2026-08-04 10:27:19,29538.75,29538.75,29536.75,29538.50,42,29541.00,29541.50,0.50
2026-08-04 10:27:20,29538.00,29541.25,29538.00,29541.00,102,29539.25,29539.50,0.25
2026-08-04 10:27:21,29540.75,29540.75,29539.00,29539.25,39,29539.00,29539.50,0.50
2026-08-04 10:27:22,29539.25,29539.75,29538.00,29539.00,106,29538.75,29539.25,0.50
2026-08-04 10:27:23,29539.00,29539.75,29538.00,29538.00,18,29540.00,29540.50,0.50
2026-08-04 10:27:24,29539.00,29540.75,29539.00,29540.50,60,29540.50,29541.00,0.50
2026-08-04 10:27:25,29540.50,29541.00,29539.50,29540.75,70,29541.00,29541.25,0.25
2026-08-04 10:27:26,29540.75,29543.00,29540.25,29541.25,130,29541.75,29542.25,0.50
2026-08-04 10:27:27,29541.00,29542.00,29540.50,29542.00,44,29542.25,29542.75,0.50
2026-08-04 10:27:28,29542.00,29543.00,29541.50,29542.75,67,29542.50,29543.00,0.50
2026-08-04 10:27:29,29542.75,29543.00,29542.00,29542.75,83,29541.75,29542.25,0.50
2026-08-04 10:27:30,29542.50,29544.25,29541.50,29542.25,193,29540.00,29540.25,0.25
2026-08-04 10:27:31,29542.50,29542.50,29540.25,29540.75,76,29539.00,29539.50,0.50
2026-08-04 10:27:32,29540.00,29540.00,29539.00,29539.25,52,29539.75,29540.25,0.50
2026-08-04 10:27:33,29539.00,29540.50,29538.75,29539.75,83,29539.25,29539.75,0.50
2026-08-04 10:27:34,29539.75,29540.25,29538.50,29539.50,89,29540.25,29540.75,0.50
2026-08-04 10:27:35,29539.75,29540.50,29538.50,29540.25,38,29541.25,29541.75,0.50
2026-08-04 10:27:36,29540.00,29542.75,29540.00,29541.50,60,29542.75,29543.25,0.50
2026-08-04 10:27:37,29541.25,29543.25,29541.00,29542.75,46,29542.00,29542.50,0.50
2026-08-04 10:27:38,29542.75,29543.00,29541.50,29542.00,50,29541.75,29542.25,0.50
2026-08-04 10:27:39,29542.50,29542.75,29541.25,29541.75,101,29537.25,29537.75,0.50
2026-08-04 10:27:40,29542.25,29542.25,29537.25,29537.25,220,29540.25,29540.75,0.50
2026-08-04 10:27:41,29537.75,29540.50,29536.25,29540.50,174,29541.50,29542.00,0.50
2026-08-04 10:27:42,29540.50,29543.25,29540.00,29541.50,74,29541.50,29542.00,0.50
2026-08-04 10:27:43,29541.75,29542.00,29540.25,29541.25,51,29542.75,29543.25,0.50
2026-08-04 10:27:44,29541.50,29543.75,29540.50,29543.00,128,29543.00,29543.50,0.50
2026-08-04 10:27:45,29543.00,29543.25,29541.75,29543.25,59,29542.75,29543.00,0.25
2026-08-04 10:27:46,29543.00,29543.50,29542.25,29542.50,59,29540.75,29541.25,0.50
2026-08-04 10:27:47,29542.50,29542.50,29540.00,29540.50,106,29540.75,29541.25,0.50
2026-08-04 10:27:48,29540.75,29541.50,29540.00,29541.25,66,29541.50,29542.00,0.50
2026-08-04 10:27:49,29541.25,29542.00,29540.75,29541.75,36,29541.25,29541.50,0.25
2026-08-04 10:27:50,29541.75,29541.75,29541.00,29541.25,29,29540.00,29540.25,0.25
2026-08-04 10:27:51,29541.00,29541.00,29539.75,29540.50,52,29539.75,29540.00,0.25
2026-08-04 10:27:52,29539.75,29540.50,29539.00,29540.00,55,29540.50,29541.00,0.50
2026-08-04 10:27:53,29540.00,29541.50,29539.75,29541.00,33,29541.00,29541.50,0.50
2026-08-04 10:27:54,29540.75,29541.50,29540.25,29541.25,32,29541.00,29541.50,0.50
2026-08-04 10:27:55,29541.50,29541.75,29541.00,29541.00,37,29541.25,29541.75,0.50
2026-08-04 10:27:56,29541.25,29541.75,29540.50,29541.25,65,29547.75,29548.00,0.25
2026-08-04 10:27:57,29541.50,29550.00,29541.50,29548.00,1025,29547.75,29548.25,0.50
2026-08-04 10:27:58,29547.75,29549.25,29547.75,29548.00,260,29548.25,29548.75,0.50
2026-08-04 10:27:59,29548.25,29549.00,29547.00,29548.75,207,29549.00,29549.50,0.50
2026-08-04 10:28:00,29548.50,29549.50,29547.50,29549.50,115,29549.00,29549.50,0.50
2026-08-04 10:28:01,29549.25,29551.50,29548.75,29550.75,430,29555.00,29555.50,0.50
2026-08-04 10:28:02,29551.25,29556.75,29550.50,29555.25,890,29553.50,29554.00,0.50
2026-08-04 10:28:03,29555.00,29558.50,29552.25,29553.50,685,29555.75,29556.25,0.50
2026-08-04 10:28:04,29553.75,29556.75,29553.75,29556.25,338,29555.50,29556.00,0.50
2026-08-04 10:28:05,29556.25,29557.50,29555.00,29555.50,200,29554.75,29555.25,0.50
2026-08-04 10:28:06,29555.75,29556.50,29552.25,29554.75,192,29555.50,29555.75,0.25
2026-08-04 10:28:07,29554.75,29556.75,29554.75,29555.75,146,29555.25,29555.50,0.25
2026-08-04 10:28:08,29555.50,29555.75,29554.00,29555.25,151,29552.50,29553.00,0.50
2026-08-04 10:28:09,29555.50,29556.25,29552.50,29552.50,167,29553.50,29554.00,0.50
2026-08-04 10:28:10,29553.00,29554.25,29552.25,29554.00,83,29552.50,29552.75,0.25
2026-08-04 10:28:11,29554.00,29554.00,29551.50,29552.25,134,29552.50,29553.00,0.50
2026-08-04 10:28:12,29552.25,29552.75,29550.75,29552.50,146,29554.25,29554.50,0.25
2026-08-04 10:28:13,29552.50,29554.50,29552.00,29554.00,74,29551.50,29552.00,0.50
2026-08-04 10:28:14,29554.25,29554.50,29551.75,29552.00,110,29551.50,29552.00,0.50
2026-08-04 10:28:15,29551.75,29554.25,29551.25,29554.25,97,29554.75,29555.25,0.50
2026-08-04 10:28:16,29554.25,29556.50,29554.00,29555.00,61,29556.50,29556.75,0.25
2026-08-04 10:28:17,29555.50,29557.25,29555.00,29556.50,100,29555.00,29555.50,0.50
2026-08-04 10:28:18,29557.00,29557.50,29554.50,29555.00,131,29552.75,29553.25,0.50
2026-08-04 10:28:19,29555.50,29555.50,29552.50,29553.00,197,29552.50,29553.00,0.50
2026-08-04 10:28:20,29553.00,29553.75,29552.50,29553.25,50,29555.50,29556.00,0.50
2026-08-04 10:28:21,29553.00,29556.00,29552.75,29555.75,144,29554.00,29554.50,0.50
2026-08-04 10:28:22,29555.75,29555.75,29553.50,29554.25,86,29554.50,29555.00,0.50
2026-08-04 10:28:23,29554.50,29555.25,29554.00,29554.75,76,29554.50,29554.75,0.25
2026-08-04 10:28:24,29555.00,29555.00,29553.50,29554.25,87,29552.25,29552.75,0.50
2026-08-04 10:28:25,29554.50,29554.50,29551.50,29552.00,90,29551.50,29552.00,0.50
2026-08-04 10:28:26,29552.25,29553.00,29551.75,29551.75,60,29553.25,29553.75,0.50
2026-08-04 10:28:27,29551.50,29553.00,29551.25,29552.75,115,29553.25,29553.75,0.50
2026-08-04 10:28:28,29553.50,29556.50,29553.50,29555.00,161,29554.75,29555.25,0.50
2026-08-04 10:28:29,29555.00,29556.00,29554.75,29555.25,67,29555.00,29555.50,0.50
2026-08-04 10:28:30,29554.75,29555.25,29553.75,29555.00,96,29555.25,29555.75,0.50
2026-08-04 10:28:31,29555.50,29556.25,29554.75,29555.00,74,29553.50,29553.75,0.25
2026-08-04 10:28:32,29555.25,29555.25,29553.25,29553.75,75,29554.25,29554.75,0.50
2026-08-04 10:28:33,29553.75,29554.75,29553.50,29554.75,78,29555.00,29555.25,0.25
2026-08-04 10:28:34,29554.50,29555.75,29554.50,29555.00,81,29555.00,29555.50,0.50
2026-08-04 10:28:35,29555.00,29556.00,29554.75,29555.00,41,29555.00,29555.50,0.50
2026-08-04 10:28:36,29555.25,29556.00,29554.25,29556.00,55,29556.25,29556.75,0.50
2026-08-04 10:28:37,29555.50,29557.00,29555.00,29556.50,114,29558.25,29558.50,0.25
2026-08-04 10:28:38,29556.50,29558.50,29556.00,29558.25,135,29558.75,29559.25,0.50
2026-08-04 10:28:39,29558.50,29559.75,29557.75,29559.00,213,29556.50,29557.00,0.50
2026-08-04 10:28:40,29559.25,29560.00,29556.50,29556.75,248,29557.50,29558.00,0.50
2026-08-04 10:28:41,29557.00,29558.50,29556.50,29558.00,82,29555.25,29555.75,0.50
2026-08-04 10:28:42,29557.50,29558.00,29554.75,29555.75,140,29555.25,29555.75,0.50
2026-08-04 10:28:43,29555.25,29555.25,29552.25,29553.00,151,29551.75,29552.00,0.25
2026-08-04 10:28:44,29553.50,29553.50,29552.00,29552.25,124,29553.75,29554.00,0.25
2026-08-04 10:28:45,29552.00,29554.50,29550.25,29553.75,170,29552.75,29553.25,0.50
2026-08-04 10:28:46,29553.75,29553.75,29551.75,29552.75,67,29552.00,29552.50,0.50
2026-08-04 10:28:47,29553.50,29553.50,29551.50,29552.75,84,29550.25,29550.75,0.50
2026-08-04 10:28:48,29551.75,29552.50,29550.00,29550.50,140,29552.50,29553.00,0.50
2026-08-04 10:28:49,29550.25,29553.75,29548.00,29552.25,235,29552.75,29553.25,0.50
2026-08-04 10:28:50,29552.25,29554.00,29551.00,29553.25,100,29550.25,29550.50,0.25
2026-08-04 10:28:51,29553.50,29553.50,29550.00,29550.50,50,29550.75,29551.25,0.50
2026-08-04 10:28:52,29550.75,29551.50,29549.25,29551.50,41,29552.50,29553.00,0.50
2026-08-04 10:28:53,29551.25,29553.50,29551.00,29552.75,63,29552.50,29553.00,0.50
2026-08-04 10:28:54,29552.75,29554.25,29551.75,29554.25,95,29554.50,29554.75,0.25
2026-08-04 10:28:55,29554.50,29555.00,29552.75,29554.00,72,29555.25,29555.75,0.50
2026-08-04 10:28:56,29554.50,29555.75,29552.75,29555.50,90,29554.25,29554.75,0.50
2026-08-04 10:28:57,29555.25,29556.00,29553.50,29554.50,131,29554.75,29555.25,0.50
2026-08-04 10:28:58,29554.75,29555.75,29553.75,29555.25,42,29553.50,29554.00,0.50
2026-08-04 10:28:59,29555.25,29555.50,29553.50,29553.75,68,29553.50,29554.00,0.50
2026-08-04 10:29:00,29554.00,29554.50,29553.25,29553.50,71,29553.25,29553.75,0.50
2026-08-04 10:29:01,29553.50,29555.00,29552.75,29554.00,164,29549.75,29550.25,0.50
2026-08-04 10:29:02,29553.25,29553.50,29549.25,29550.50,120,29549.25,29549.50,0.25
2026-08-04 10:29:03,29550.25,29550.75,29548.75,29549.25,114,29549.50,29550.00,0.50
2026-08-04 10:29:04,29549.50,29551.25,29549.00,29549.75,110,29544.50,29545.00,0.50
2026-08-04 10:29:05,29549.50,29550.00,29543.75,29544.75,341,29544.75,29544.75,0.00
2026-08-04 10:29:06,29544.50,29547.50,29542.25,29547.50,372,29547.50,29547.50,0.00
2026-08-04 10:29:07,29547.75,29549.50,29547.00,29549.50,167,29549.50,29549.50,0.00
2026-08-04 10:29:08,29549.25,29550.00,29547.50,29548.75,120,29548.75,29548.75,0.00
2026-08-04 10:29:09,29549.25,29553.75,29548.75,29553.00,74,29553.00,29553.00,0.00
2026-08-04 10:29:10,29553.00,29554.00,29552.50,29553.75,67,29553.75,29553.75,0.00
2026-08-04 10:29:11,29553.75,29554.00,29551.50,29552.25,81,29552.25,29552.25,0.00
2026-08-04 10:29:12,29552.00,29552.50,29550.75,29551.00,43,29551.00,29551.00,0.00
2026-08-04 10:29:13,29552.00,29553.00,29550.50,29553.00,58,29553.00,29553.00,0.00
2026-08-04 10:29:14,29553.25,29553.50,29550.50,29551.50,45,29551.50,29551.50,0.00
2026-08-04 10:29:15,29551.25,29551.75,29550.00,29550.00,38,29550.00,29550.00,0.00
2026-08-04 10:29:16,29551.25,29551.25,29549.50,29550.00,49,29550.00,29550.00,0.00
2026-08-04 10:29:17,29549.50,29551.00,29549.00,29549.00,77,29549.00,29549.00,0.00
2026-08-04 10:29:18,29549.00,29551.25,29548.75,29550.50,91,29550.50,29550.50,0.00
2026-08-04 10:29:19,29550.50,29552.25,29550.00,29552.25,44,29552.25,29552.25,0.00
2026-08-04 10:29:20,29552.75,29553.00,29549.75,29549.75,43,29549.75,29549.75,0.00
2026-08-04 10:29:21,29549.75,29551.75,29549.75,29551.00,41,29551.00,29551.00,0.00
2026-08-04 10:29:22,29551.00,29553.50,29551.00,29553.00,54,29553.00,29553.00,0.00
2026-08-04 10:29:23,29553.25,29553.25,29551.50,29552.75,59,29552.75,29552.75,0.00
2026-08-04 10:29:24,29553.00,29553.75,29552.50,29553.25,31,29553.25,29553.25,0.00
2026-08-04 10:29:25,29553.25,29557.00,29553.00,29556.75,166,29556.75,29556.75,0.00
2026-08-04 10:29:26,29557.00,29559.00,29556.25,29557.75,146,29557.75,29557.75,0.00
2026-08-04 10:29:27,29557.50,29558.75,29557.25,29558.75,135,29558.75,29558.75,0.00
2026-08-04 10:29:28,29558.75,29564.25,29558.25,29561.00,766,29561.00,29561.00,0.00
2026-08-04 10:29:29,29561.50,29562.75,29560.50,29561.50,212,29561.50,29561.50,0.00
2026-08-04 10:29:30,29561.50,29561.75,29559.25,29560.25,131,29560.25,29560.25,0.00
2026-08-04 10:29:31,29560.00,29561.00,29558.50,29559.25,172,29559.25,29559.25,0.00
2026-08-04 10:29:32,29559.00,29561.50,29559.00,29561.25,98,29561.25,29561.25,0.00
2026-08-04 10:29:33,29561.50,29561.75,29560.00,29561.50,84,29561.50,29561.50,0.00
2026-08-04 10:29:34,29561.25,29562.00,29560.50,29561.50,109,29561.50,29561.50,0.00
2026-08-04 10:29:35,29561.00,29561.75,29560.00,29561.75,71,29561.75,29561.75,0.00
2026-08-04 10:29:36,29560.75,29561.25,29558.50,29559.00,108,29559.00,29559.00,0.00
2026-08-04 10:29:37,29558.50,29559.75,29558.00,29558.25,63,29558.25,29558.25,0.00
2026-08-04 10:29:38,29558.75,29559.50,29558.00,29559.50,75,29559.50,29559.50,0.00
2026-08-04 10:29:39,29560.00,29560.25,29559.25,29559.25,50,29559.25,29559.25,0.00
2026-08-04 10:29:40,29558.25,29559.00,29556.25,29556.75,117,29556.75,29556.75,0.00
2026-08-04 10:29:41,29556.75,29557.75,29556.50,29557.25,44,29557.25,29557.25,0.00
2026-08-04 10:29:42,29557.50,29560.00,29557.25,29559.75,92,29559.75,29559.75,0.00
2026-08-04 10:29:43,29559.75,29560.75,29559.25,29560.25,54,29560.25,29560.25,0.00
2026-08-04 10:29:44,29560.50,29561.25,29560.00,29560.25,40,29560.25,29560.25,0.00
2026-08-04 10:29:45,29560.00,29560.25,29557.00,29558.25,76,29558.25,29558.25,0.00
2026-08-04 10:29:46,29558.25,29558.50,29557.00,29557.25,85,29557.25,29557.25,0.00
2026-08-04 10:29:47,29556.75,29556.75,29552.75,29554.00,226,29554.00,29554.00,0.00
2026-08-04 10:29:48,29554.00,29556.50,29553.75,29556.00,86,29556.00,29556.00,0.00
2026-08-04 10:29:49,29555.50,29557.50,29554.75,29555.25,135,29555.25,29555.25,0.00
2026-08-04 10:29:50,29556.00,29556.50,29555.00,29555.25,60,29555.25,29555.25,0.00
2026-08-04 10:29:51,29555.75,29556.25,29553.25,29554.50,86,29554.50,29554.50,0.00
2026-08-04 10:29:52,29555.00,29555.50,29552.50,29552.75,45,29552.75,29552.75,0.00
2026-08-04 10:29:53,29552.50,29555.25,29552.50,29553.75,90,29553.75,29553.75,0.00
2026-08-04 10:29:54,29554.50,29554.75,29553.00,29553.50,111,29553.50,29553.50,0.00
2026-08-04 10:29:55,29553.25,29554.50,29553.00,29553.75,90,29553.75,29553.75,0.00
2026-08-04 10:29:56,29553.75,29554.50,29552.25,29554.25,51,29554.25,29554.25,0.00
2026-08-04 10:29:57,29554.75,29556.75,29554.25,29556.00,46,29556.00,29556.00,0.00
2026-08-04 10:29:58,29556.50,29559.00,29556.00,29558.75,84,29558.75,29558.75,0.00
2026-08-04 10:29:59,29557.75,29557.75,29556.75,29557.00,60,29557.00,29557.00,0.00
2026-08-04 10:30:00,29557.00,29560.00,29556.50,29559.00,139,29559.00,29559.00,0.00
2026-08-04 10:30:01,29558.75,29561.00,29556.50,29556.75,207,29556.75,29556.75,0.00
2026-08-04 10:30:02,29556.50,29557.25,29555.25,29555.50,148,29555.50,29555.50,0.00
2026-08-04 10:30:03,29555.75,29555.75,29550.25,29553.50,254,29553.50,29553.50,0.00
2026-08-04 10:30:04,29553.50,29555.25,29552.00,29552.75,182,29552.75,29552.75,0.00
2026-08-04 10:30:05,29553.75,29558.75,29553.75,29558.50,122,29558.50,29558.50,0.00
2026-08-04 10:30:06,29558.25,29558.25,29555.50,29558.00,107,29558.00,29558.00,0.00
2026-08-04 10:30:07,29557.50,29561.00,29555.75,29560.50,164,29560.50,29560.50,0.00
2026-08-04 10:30:08,29560.50,29561.75,29556.50,29556.50,89,29556.50,29556.50,0.00
2026-08-04 10:30:09,29556.50,29557.25,29554.75,29556.25,87,29556.25,29556.25,0.00
2026-08-04 10:30:10,29556.75,29559.00,29556.75,29558.00,76,29558.00,29558.00,0.00
2026-08-04 10:30:11,29558.50,29558.50,29553.50,29554.25,147,29554.25,29554.25,0.00
2026-08-04 10:30:12,29554.25,29554.25,29549.75,29550.00,139,29550.00,29550.00,0.00
2026-08-04 10:30:13,29549.75,29553.00,29549.75,29553.00,121,29553.00,29553.00,0.00
2026-08-04 10:30:14,29553.00,29555.25,29550.50,29550.50,81,29550.50,29550.50,0.00
2026-08-04 10:30:15,29550.75,29552.00,29548.00,29552.00,161,29552.00,29552.00,0.00
2026-08-04 10:30:16,29552.00,29552.00,29547.50,29548.00,154,29548.00,29548.00,0.00
2026-08-04 10:30:17,29549.00,29550.50,29548.50,29550.25,92,29550.25,29550.25,0.00
2026-08-04 10:30:18,29550.75,29551.00,29548.00,29548.25,75,29548.25,29548.25,0.00
2026-08-04 10:30:19,29548.75,29548.75,29540.50,29544.00,618,29544.00,29544.00,0.00
2026-08-04 10:30:20,29544.00,29548.25,29544.00,29548.25,189,29548.25,29548.25,0.00
2026-08-04 10:30:21,29548.50,29549.75,29547.50,29549.00,88,29549.00,29549.00,0.00
2026-08-04 10:30:22,29548.75,29548.75,29545.25,29546.50,114,29546.50,29546.50,0.00
2026-08-04 10:30:23,29546.50,29548.25,29545.75,29547.75,75,29547.75,29547.75,0.00
2026-08-04 10:30:24,29548.25,29548.75,29547.00,29547.50,93,29547.50,29547.50,0.00
2026-08-04 10:30:25,29548.25,29551.00,29547.25,29551.00,129,29551.00,29551.00,0.00
2026-08-04 10:30:26,29551.25,29551.25,29549.00,29550.50,102,29550.50,29550.50,0.00
2026-08-04 10:30:27,29550.25,29550.25,29545.75,29546.50,119,29546.50,29546.50,0.00
2026-08-04 10:30:28,29546.25,29548.25,29545.75,29546.00,93,29546.00,29546.00,0.00
2026-08-04 10:30:29,29546.25,29549.75,29545.75,29548.75,84,29548.75,29548.75,0.00
2026-08-04 10:30:30,29548.75,29549.75,29547.25,29547.25,82,29547.25,29547.25,0.00
2026-08-04 10:30:31,29547.75,29548.50,29546.50,29547.25,47,29547.25,29547.25,0.00
2026-08-04 10:30:32,29547.50,29547.50,29544.00,29545.75,160,29545.75,29545.75,0.00
2026-08-04 10:30:33,29545.75,29545.75,29542.00,29542.50,136,29542.50,29542.50,0.00
2026-08-04 10:30:34,29542.25,29547.75,29542.25,29547.25,129,29547.25,29547.25,0.00
2026-08-04 10:30:35,29546.75,29547.00,29544.00,29545.25,76,29545.25,29545.25,0.00
2026-08-04 10:30:36,29545.50,29545.50,29542.75,29545.25,75,29545.25,29545.25,0.00
2026-08-04 10:30:37,29545.25,29545.25,29541.50,29545.25,101,29545.25,29545.25,0.00
2026-08-04 10:30:38,29545.00,29549.75,29545.00,29548.75,219,29548.75,29548.75,0.00
2026-08-04 10:30:39,29548.75,29550.25,29546.50,29547.75,100,29547.75,29547.75,0.00
2026-08-04 10:30:40,29546.75,29548.75,29545.75,29547.25,75,29547.25,29547.25,0.00
2026-08-04 10:30:41,29547.25,29548.75,29546.25,29547.00,59,29547.00,29547.00,0.00
2026-08-04 10:30:42,29546.75,29546.75,29544.25,29545.50,64,29545.50,29545.50,0.00
2026-08-04 10:30:43,29545.25,29546.50,29544.25,29545.25,43,29545.25,29545.25,0.00
2026-08-04 10:30:44,29545.25,29546.25,29545.25,29546.00,31,29546.00,29546.00,0.00
2026-08-04 10:30:45,29545.25,29545.25,29540.75,29542.50,108,29542.50,29542.50,0.00
2026-08-04 10:30:46,29542.00,29542.25,29535.25,29538.75,627,29538.75,29538.75,0.00
2026-08-04 10:30:47,29538.25,29538.50,29536.75,29538.00,142,29538.00,29538.00,0.00
2026-08-04 10:30:48,29538.00,29538.50,29536.50,29537.75,139,29537.75,29537.75,0.00
2026-08-04 10:30:49,29537.75,29537.75,29533.25,29537.25,204,29537.25,29537.25,0.00
2026-08-04 10:30:50,29537.00,29538.75,29536.50,29537.50,113,29537.50,29537.50,0.00
2026-08-04 10:30:51,29537.25,29538.00,29536.00,29537.75,71,29537.75,29537.75,0.00
2026-08-04 10:30:52,29537.50,29539.00,29537.25,29538.75,83,29538.75,29538.75,0.00
2026-08-04 10:30:53,29538.25,29538.75,29536.50,29537.50,65,29537.50,29537.50,0.00
2026-08-04 10:30:54,29537.00,29537.00,29535.00,29535.00,82,29535.00,29535.00,0.00
2026-08-04 10:30:55,29535.75,29536.25,29535.25,29536.00,73,29536.00,29536.00,0.00
2026-08-04 10:30:56,29535.75,29535.75,29533.25,29534.25,72,29534.25,29534.25,0.00
2026-08-04 10:30:57,29534.25,29535.50,29533.75,29534.50,137,29534.50,29534.50,0.00
2026-08-04 10:30:58,29534.50,29535.50,29528.25,29530.00,535,29530.00,29530.00,0.00
2026-08-04 10:30:59,29530.00,29531.25,29524.50,29529.75,644,29529.75,29529.75,0.00
2026-08-04 10:31:00,29529.75,29530.50,29527.50,29529.00,180,29529.00,29529.00,0.00
2026-08-04 10:31:01,29529.25,29533.50,29526.75,29532.50,202,29532.50,29532.50,0.00
2026-08-04 10:31:02,29532.00,29535.50,29531.75,29534.75,243,29534.75,29534.75,0.00
2026-08-04 10:31:03,29535.00,29535.25,29530.75,29532.00,200,29532.00,29532.00,0.00
2026-08-04 10:31:04,29531.25,29533.50,29530.00,29532.50,109,29532.50,29532.50,0.00
2026-08-04 10:31:05,29532.75,29536.25,29532.00,29534.75,89,29534.75,29534.75,0.00
2026-08-04 10:31:06,29534.75,29537.25,29531.25,29531.75,316,29531.75,29531.75,0.00
2026-08-04 10:31:07,29531.25,29532.00,29528.75,29530.50,172,29530.50,29530.50,0.00
2026-08-04 10:31:08,29530.50,29531.50,29528.75,29530.50,126,29530.50,29530.50,0.00
2026-08-04 10:31:09,29531.50,29533.25,29531.00,29532.00,115,29532.00,29532.00,0.00
2026-08-04 10:31:10,29531.75,29534.25,29530.50,29534.25,121,29534.25,29534.25,0.00
2026-08-04 10:31:11,29534.00,29535.25,29533.50,29534.75,99,29534.75,29534.75,0.00
2026-08-04 10:31:12,29534.50,29536.50,29534.00,29535.25,115,29535.25,29535.25,0.00
2026-08-04 10:31:13,29534.50,29535.50,29533.75,29535.50,53,29535.50,29535.50,0.00
2026-08-04 10:31:14,29535.50,29541.25,29534.75,29538.25,176,29538.25,29538.25,0.00
2026-08-04 10:31:15,29538.00,29540.00,29537.50,29539.50,76,29539.50,29539.50,0.00
2026-08-04 10:31:16,29539.00,29539.75,29538.00,29539.50,95,29539.50,29539.50,0.00
2026-08-04 10:31:17,29539.25,29539.50,29537.25,29538.50,116,29538.50,29538.50,0.00
2026-08-04 10:31:18,29538.00,29540.50,29537.25,29540.50,126,29540.50,29540.50,0.00
2026-08-04 10:31:19,29540.50,29543.25,29540.25,29542.50,188,29542.50,29542.50,0.00
2026-08-04 10:31:20,29542.50,29542.75,29539.75,29540.75,126,29540.75,29540.75,0.00
2026-08-04 10:31:21,29540.25,29540.25,29538.25,29538.25,91,29538.25,29538.25,0.00
2026-08-04 10:31:22,29538.00,29538.00,29535.75,29536.00,97,29536.00,29536.00,0.00
2026-08-04 10:31:23,29535.75,29540.50,29535.00,29540.50,140,29540.50,29540.50,0.00
2026-08-04 10:31:24,29540.75,29542.50,29539.75,29542.25,101,29542.25,29542.25,0.00
2026-08-04 10:31:25,29542.00,29543.25,29541.00,29542.00,125,29542.00,29542.00,0.00
2026-08-04 10:31:26,29542.00,29544.25,29540.75,29543.00,85,29543.00,29543.00,0.00
2026-08-04 10:31:27,29543.00,29546.25,29543.00,29545.75,154,29545.75,29545.75,0.00
2026-08-04 10:31:28,29545.75,29547.25,29544.75,29546.75,115,29546.75,29546.75,0.00
2026-08-04 10:31:29,29547.25,29547.25,29544.50,29544.75,90,29544.75,29544.75,0.00
2026-08-04 10:31:30,29544.50,29546.25,29544.25,29545.50,86,29545.50,29545.50,0.00
2026-08-04 10:31:31,29545.25,29546.00,29544.50,29545.50,36,29545.50,29545.50,0.00
2026-08-04 10:31:32,29545.75,29547.00,29544.75,29544.75,62,29544.75,29544.75,0.00
2026-08-04 10:31:33,29545.00,29545.25,29543.50,29543.75,68,29543.75,29543.75,0.00
2026-08-04 10:31:34,29544.25,29544.50,29542.50,29543.25,81,29543.25,29543.25,0.00
2026-08-04 10:31:35,29543.50,29546.50,29543.50,29546.00,102,29546.00,29546.00,0.00
2026-08-04 10:31:36,29546.00,29552.00,29546.00,29550.75,356,29550.75,29550.75,0.00
2026-08-04 10:31:37,29550.25,29550.75,29548.25,29549.25,118,29549.25,29549.25,0.00
2026-08-04 10:31:38,29549.25,29550.50,29548.25,29550.25,126,29550.25,29550.25,0.00
2026-08-04 10:31:39,29549.50,29553.50,29549.25,29552.25,134,29552.25,29552.25,0.00
2026-08-04 10:31:40,29551.75,29552.25,29549.75,29550.75,186,29550.75,29550.75,0.00
2026-08-04 10:31:41,29551.00,29551.25,29547.25,29547.50,125,29547.50,29547.50,0.00
2026-08-04 10:31:42,29548.25,29548.25,29545.75,29547.75,88,29547.75,29547.75,0.00
2026-08-04 10:31:43,29547.25,29547.25,29542.25,29542.25,121,29542.25,29542.25,0.00
2026-08-04 10:31:44,29542.75,29542.75,29540.00,29541.50,144,29541.50,29541.50,0.00
2026-08-04 10:31:45,29542.00,29542.00,29539.00,29541.50,142,29541.50,29541.50,0.00
2026-08-04 10:31:46,29541.75,29544.25,29541.50,29544.00,89,29544.00,29544.00,0.00
2026-08-04 10:31:47,29544.00,29545.25,29543.25,29544.00,59,29544.00,29544.00,0.00
2026-08-04 10:31:48,29543.25,29544.00,29542.75,29543.75,47,29543.75,29543.75,0.00
2026-08-04 10:31:49,29543.75,29543.75,29541.75,29542.25,48,29542.25,29542.25,0.00
2026-08-04 10:31:50,29542.25,29542.25,29540.75,29541.50,67,29541.50,29541.50,0.00
2026-08-04 10:31:51,29541.75,29542.50,29541.00,29541.75,84,29541.75,29541.75,0.00
2026-08-04 10:31:52,29541.50,29544.00,29541.00,29543.50,102,29543.50,29543.50,0.00
2026-08-04 10:31:53,29543.25,29544.25,29541.25,29541.25,76,29541.25,29541.25,0.00
2026-08-04 10:31:54,29541.25,29542.00,29540.25,29541.75,36,29541.75,29541.75,0.00
2026-08-04 10:31:55,29541.50,29544.25,29541.50,29544.00,33,29544.00,29544.00,0.00
2026-08-04 10:31:56,29544.25,29544.25,29542.25,29543.00,51,29543.00,29543.00,0.00
2026-08-04 10:31:57,29542.25,29543.00,29537.50,29538.25,108,29538.25,29538.25,0.00
2026-08-04 10:31:58,29538.75,29540.00,29538.50,29539.25,51,29539.25,29539.25,0.00
2026-08-04 10:31:59,29539.25,29539.25,29537.00,29537.75,86,29537.75,29537.75,0.00
2026-08-04 10:32:00,29537.50,29539.00,29537.25,29538.00,82,29538.00,29538.00,0.00
2026-08-04 10:32:01,29538.25,29538.25,29537.25,29538.00,73,29538.00,29538.00,0.00
2026-08-04 10:32:02,29537.75,29538.25,29535.50,29537.50,115,29537.50,29537.50,0.00
2026-08-04 10:32:03,29538.25,29540.75,29538.00,29538.25,107,29538.25,29538.25,0.00
2026-08-04 10:32:04,29538.00,29539.75,29536.50,29539.50,73,29539.50,29539.50,0.00
2026-08-04 10:32:05,29540.00,29541.50,29539.75,29540.50,53,29540.50,29540.50,0.00
2026-08-04 10:32:06,29540.50,29540.75,29537.25,29537.75,97,29537.75,29537.75,0.00
2026-08-04 10:32:07,29537.25,29539.00,29533.50,29536.75,338,29536.75,29536.75,0.00
2026-08-04 10:32:08,29536.50,29536.50,29532.75,29535.00,78,29535.00,29535.00,0.00
2026-08-04 10:32:09,29534.50,29535.25,29532.50,29534.25,86,29534.25,29534.25,0.00
2026-08-04 10:32:10,29534.00,29535.25,29533.00,29534.75,106,29534.75,29534.75,0.00
2026-08-04 10:32:11,29534.25,29538.75,29534.00,29538.25,115,29538.25,29538.25,0.00
2026-08-04 10:32:12,29539.00,29541.00,29538.75,29539.00,111,29539.00,29539.00,0.00
2026-08-04 10:32:13,29539.00,29540.00,29535.75,29536.25,137,29536.25,29536.25,0.00
2026-08-04 10:32:14,29536.00,29536.25,29534.75,29535.00,70,29535.00,29535.00,0.00
2026-08-04 10:32:15,29534.50,29536.00,29534.25,29535.00,31,29535.00,29535.00,0.00
2026-08-04 10:32:16,29535.50,29536.00,29532.50,29533.50,156,29533.50,29533.50,0.00
2026-08-04 10:32:17,29534.00,29538.75,29534.00,29538.25,86,29538.25,29538.25,0.00
2026-08-04 10:32:18,29538.50,29541.00,29538.00,29541.00,55,29541.00,29541.00,0.00
2026-08-04 10:32:19,29540.50,29541.75,29538.00,29538.25,67,29538.25,29538.25,0.00
2026-08-04 10:32:20,29538.00,29539.00,29536.25,29539.00,86,29539.00,29539.00,0.00
2026-08-04 10:32:21,29539.50,29540.50,29537.75,29538.25,80,29538.25,29538.25,0.00
2026-08-04 10:32:22,29538.50,29539.75,29538.00,29538.25,46,29538.25,29538.25,0.00
2026-08-04 10:32:23,29538.75,29541.25,29537.75,29539.50,84,29539.50,29539.50,0.00
2026-08-04 10:32:24,29539.75,29539.75,29534.50,29537.50,83,29537.50,29537.50,0.00
2026-08-04 10:32:25,29537.00,29538.75,29536.50,29538.00,46,29538.00,29538.00,0.00
2026-08-04 10:32:26,29537.75,29539.00,29537.50,29537.75,51,29537.75,29537.75,0.00
2026-08-04 10:32:27,29537.50,29537.50,29534.75,29534.75,67,29534.75,29534.75,0.00
2026-08-04 10:32:28,29535.00,29536.00,29532.75,29536.00,98,29536.00,29536.00,0.00
2026-08-04 10:32:29,29536.25,29537.50,29536.00,29537.25,70,29537.25,29537.25,0.00
2026-08-04 10:32:30,29537.00,29538.50,29530.75,29533.00,172,29533.00,29533.00,0.00
2026-08-04 10:32:31,29533.50,29534.50,29531.50,29532.75,102,29532.75,29532.75,0.00
2026-08-04 10:32:32,29532.75,29532.75,29530.00,29531.00,111,29531.00,29531.00,0.00
2026-08-04 10:32:33,29531.00,29534.25,29530.75,29533.25,122,29533.25,29533.25,0.00
2026-08-04 10:32:34,29533.75,29536.25,29533.50,29534.25,59,29534.25,29534.25,0.00
2026-08-04 10:32:35,29535.00,29535.00,29533.00,29534.00,52,29534.00,29534.00,0.00
2026-08-04 10:32:36,29533.50,29536.00,29533.50,29535.75,58,29535.75,29535.75,0.00
2026-08-04 10:32:37,29536.25,29537.75,29535.00,29535.75,59,29535.75,29535.75,0.00
2026-08-04 10:32:38,29536.75,29539.50,29536.75,29539.00,60,29539.00,29539.00,0.00
2026-08-04 10:32:39,29539.25,29540.00,29537.00,29538.25,67,29538.25,29538.25,0.00
2026-08-04 10:32:40,29537.75,29538.75,29536.50,29538.00,82,29538.00,29538.00,0.00
2026-08-04 10:32:41,29537.75,29545.75,29537.75,29543.50,217,29543.50,29543.50,0.00
2026-08-04 10:32:42,29544.00,29546.50,29543.50,29543.75,155,29543.75,29543.75,0.00
2026-08-04 10:32:43,29543.75,29547.25,29543.50,29546.00,79,29546.00,29546.00,0.00
2026-08-04 10:32:44,29546.50,29549.25,29546.25,29549.00,157,29549.00,29549.00,0.00
2026-08-04 10:32:45,29548.50,29552.25,29548.50,29551.00,210,29551.00,29551.00,0.00
2026-08-04 10:32:46,29551.00,29551.75,29549.50,29551.00,172,29551.00,29551.00,0.00
2026-08-04 10:32:47,29550.75,29552.25,29549.75,29551.50,93,29551.50,29551.50,0.00
2026-08-04 10:32:48,29551.00,29551.50,29549.25,29551.25,142,29551.25,29551.25,0.00
2026-08-04 10:32:49,29550.75,29552.00,29548.75,29551.50,112,29551.50,29551.50,0.00
2026-08-04 10:32:50,29551.50,29553.50,29551.00,29553.00,89,29553.00,29553.00,0.00
2026-08-04 10:32:51,29552.50,29555.00,29552.25,29554.25,180,29554.25,29554.25,0.00
2026-08-04 10:32:52,29554.50,29557.00,29554.25,29555.50,261,29555.50,29555.50,0.00
2026-08-04 10:32:53,29556.00,29557.50,29555.00,29556.75,213,29556.75,29556.75,0.00
2026-08-04 10:32:54,29556.75,29557.50,29554.25,29555.75,99,29555.75,29555.75,0.00
2026-08-04 10:32:55,29556.00,29557.75,29555.75,29556.75,106,29556.75,29556.75,0.00
2026-08-04 10:32:56,29556.50,29557.75,29556.25,29557.00,110,29557.00,29557.00,0.00
2026-08-04 10:32:57,29556.25,29557.00,29554.50,29556.25,127,29556.25,29556.25,0.00
2026-08-04 10:32:58,29556.00,29556.25,29553.00,29554.75,115,29554.75,29554.75,0.00
2026-08-04 10:32:59,29554.75,29556.00,29554.50,29556.00,54,29556.00,29556.00,0.00
2026-08-04 10:33:00,29556.00,29558.25,29555.50,29557.00,84,29557.00,29557.00,0.00
2026-08-04 10:33:01,29557.25,29558.25,29556.50,29557.25,123,29557.25,29557.25,0.00
2026-08-04 10:33:02,29558.00,29559.00,29555.00,29559.00,151,29559.00,29559.00,0.00
2026-08-04 10:33:03,29559.25,29561.00,29558.50,29559.00,348,29559.00,29559.00,0.00
2026-08-04 10:33:04,29558.75,29566.50,29558.75,29564.50,668,29564.50,29564.50,0.00
2026-08-04 10:33:05,29564.25,29565.75,29563.50,29564.25,380,29564.25,29564.25,0.00
2026-08-04 10:33:06,29564.25,29566.50,29562.25,29562.75,353,29562.75,29562.75,0.00
2026-08-04 10:33:07,29562.25,29564.75,29562.25,29563.75,149,29563.75,29563.75,0.00
2026-08-04 10:33:08,29563.50,29566.00,29563.50,29566.00,139,29566.00,29566.00,0.00
2026-08-04 10:33:09,29566.25,29566.50,29563.50,29565.50,177,29565.50,29565.50,0.00
2026-08-04 10:33:10,29565.75,29566.00,29563.50,29564.50,142,29564.50,29564.50,0.00
2026-08-04 10:33:11,29563.50,29564.00,29562.00,29562.25,72,29562.25,29562.25,0.00
2026-08-04 10:33:12,29562.25,29564.50,29562.25,29563.00,120,29563.00,29563.00,0.00
2026-08-04 10:33:13,29563.00,29565.00,29562.50,29564.50,75,29564.50,29564.50,0.00
2026-08-04 10:33:14,29564.50,29566.00,29564.25,29564.50,122,29564.50,29564.50,0.00
2026-08-04 10:33:15,29564.50,29567.75,29564.25,29564.50,210,29564.50,29564.50,0.00
2026-08-04 10:33:16,29564.75,29567.50,29564.75,29565.50,115,29565.50,29565.50,0.00
2026-08-04 10:33:17,29565.25,29566.50,29565.00,29565.25,114,29565.25,29565.25,0.00
2026-08-04 10:33:18,29565.25,29565.75,29564.25,29565.75,122,29565.75,29565.75,0.00
2026-08-04 10:33:19,29565.50,29566.50,29563.50,29563.50,94,29563.50,29563.50,0.00
2026-08-04 10:33:20,29564.50,29565.25,29564.50,29564.75,48,29564.75,29564.75,0.00
2026-08-04 10:33:21,29564.25,29565.50,29563.50,29565.25,63,29565.25,29565.25,0.00
2026-08-04 10:33:22,29565.00,29565.50,29560.75,29561.25,159,29561.25,29561.25,0.00
2026-08-04 10:33:23,29561.25,29561.75,29560.25,29561.50,125,29561.50,29561.50,0.00
2026-08-04 10:33:24,29561.50,29562.25,29557.75,29558.00,174,29558.00,29558.00,0.00
2026-08-04 10:33:25,29558.75,29559.00,29557.00,29558.25,143,29558.25,29558.25,0.00
2026-08-04 10:33:26,29558.75,29558.75,29553.25,29553.75,230,29553.75,29553.75,0.00
2026-08-04 10:33:27,29554.00,29554.50,29551.50,29551.50,235,29551.50,29551.50,0.00
2026-08-04 10:33:28,29551.25,29553.25,29551.25,29552.50,168,29552.50,29552.50,0.00
2026-08-04 10:33:29,29552.50,29553.50,29551.25,29553.00,142,29553.00,29553.00,0.00
2026-08-04 10:33:30,29552.75,29552.75,29549.50,29550.25,163,29550.25,29550.25,0.00
2026-08-04 10:33:31,29550.25,29553.25,29549.25,29550.75,195,29550.75,29550.75,0.00
2026-08-04 10:33:32,29550.50,29554.00,29549.50,29553.00,107,29553.00,29553.00,0.00
2026-08-04 10:33:33,29552.25,29552.75,29549.75,29550.75,131,29550.75,29550.75,0.00
2026-08-04 10:33:34,29551.00,29551.00,29549.50,29550.75,84,29550.75,29550.75,0.00
2026-08-04 10:33:35,29550.25,29551.25,29548.25,29548.75,149,29548.75,29548.75,0.00
2026-08-04 10:33:36,29549.00,29549.25,29546.25,29546.75,129,29546.75,29546.75,0.00
2026-08-04 10:33:37,29546.50,29550.00,29545.75,29547.75,242,29547.75,29547.75,0.00
2026-08-04 10:33:38,29547.75,29550.75,29547.50,29549.75,77,29549.75,29549.75,0.00
2026-08-04 10:33:39,29549.25,29552.00,29548.75,29550.00,93,29550.00,29550.00,0.00
2026-08-04 10:33:40,29549.75,29553.50,29549.50,29551.75,56,29551.75,29551.75,0.00
2026-08-04 10:33:41,29551.25,29551.75,29549.75,29551.25,60,29551.25,29551.25,0.00
2026-08-04 10:33:42,29551.75,29554.25,29551.75,29554.25,55,29554.25,29554.25,0.00
2026-08-04 10:33:43,29553.75,29555.00,29553.25,29554.25,56,29554.25,29554.25,0.00
2026-08-04 10:33:44,29554.00,29554.00,29550.50,29551.00,89,29551.00,29551.00,0.00
2026-08-04 10:33:45,29550.75,29553.25,29550.75,29553.00,38,29553.00,29553.00,0.00
2026-08-04 10:33:46,29553.25,29553.50,29552.25,29553.25,42,29553.25,29553.25,0.00
2026-08-04 10:33:47,29553.50,29554.25,29552.00,29552.25,26,29552.25,29552.25,0.00
2026-08-04 10:33:48,29552.50,29554.25,29552.00,29554.25,38,29554.25,29554.25,0.00
2026-08-04 10:33:49,29554.00,29554.75,29552.75,29553.25,58,29553.25,29553.25,0.00
2026-08-04 10:33:50,29553.50,29554.75,29553.00,29553.25,80,29553.25,29553.25,0.00
2026-08-04 10:33:51,29554.00,29554.50,29552.25,29552.25,39,29552.25,29552.25,0.00
2026-08-04 10:33:52,29552.00,29552.25,29550.75,29551.75,59,29551.75,29551.75,0.00
2026-08-04 10:33:53,29552.00,29553.50,29551.25,29553.25,30,29553.25,29553.25,0.00
2026-08-04 10:33:54,29553.75,29557.25,29553.25,29554.00,93,29554.00,29554.00,0.00
2026-08-04 10:33:55,29553.75,29554.50,29553.00,29553.50,65,29553.50,29553.50,0.00
2026-08-04 10:33:56,29554.00,29554.50,29553.25,29554.00,32,29554.00,29554.00,0.00
2026-08-04 10:33:57,29554.25,29556.50,29554.25,29555.00,44,29555.00,29555.00,0.00
2026-08-04 10:33:58,29555.25,29555.25,29554.25,29554.25,50,29554.25,29554.25,0.00
2026-08-04 10:33:59,29553.75,29555.25,29553.75,29555.25,23,29555.25,29555.25,0.00
2026-08-04 10:34:00,29555.50,29557.25,29555.00,29557.25,94,29557.25,29557.25,0.00
2026-08-04 10:34:01,29556.50,29556.50,29554.75,29555.75,68,29555.75,29555.75,0.00
2026-08-04 10:34:02,29556.00,29557.00,29555.50,29556.00,62,29556.00,29556.00,0.00
2026-08-04 10:34:03,29555.25,29557.00,29555.00,29556.75,61,29556.75,29556.75,0.00
2026-08-04 10:34:04,29555.75,29556.00,29554.50,29555.00,38,29555.00,29555.00,0.00
2026-08-04 10:34:05,29554.50,29554.75,29552.50,29552.50,50,29552.50,29552.50,0.00
2026-08-04 10:34:06,29552.25,29553.25,29551.50,29552.50,66,29552.50,29552.50,0.00
2026-08-04 10:34:07,29552.25,29552.50,29550.75,29551.25,87,29551.25,29551.25,0.00
2026-08-04 10:34:08,29551.75,29553.25,29551.00,29552.75,49,29552.75,29552.75,0.00
2026-08-04 10:34:09,29553.00,29553.00,29551.25,29551.25,20,29551.25,29551.25,0.00
2026-08-04 10:34:10,29551.50,29553.50,29551.00,29553.00,43,29553.00,29553.00,0.00
2026-08-04 10:34:11,29553.50,29554.75,29553.00,29553.75,51,29553.75,29553.75,0.00
2026-08-04 10:34:12,29554.00,29555.50,29553.25,29553.25,25,29553.25,29553.25,0.00
2026-08-04 10:34:13,29552.75,29553.75,29552.25,29552.75,47,29552.75,29552.75,0.00
2026-08-04 10:34:14,29552.75,29553.00,29552.25,29553.00,14,29553.00,29553.00,0.00
2026-08-04 10:34:15,29553.25,29553.75,29552.25,29553.00,65,29553.00,29553.00,0.00
2026-08-04 10:34:16,29553.00,29554.25,29551.50,29551.50,51,29551.50,29551.50,0.00
2026-08-04 10:34:17,29551.50,29553.00,29551.25,29553.00,49,29553.00,29553.00,0.00
2026-08-04 10:34:18,29553.25,29553.25,29552.50,29553.25,38,29553.25,29553.25,0.00
2026-08-04 10:34:19,29553.50,29553.50,29549.25,29551.75,107,29551.75,29551.75,0.00
2026-08-04 10:34:20,29552.50,29552.75,29551.50,29552.50,21,29552.50,29552.50,0.00
2026-08-04 10:34:21,29552.00,29552.75,29551.50,29552.75,25,29552.75,29552.75,0.00
2026-08-04 10:34:22,29551.75,29552.25,29550.75,29550.75,42,29550.75,29550.75,0.00
2026-08-04 10:34:23,29551.00,29551.75,29550.75,29551.00,34,29551.00,29551.00,0.00
2026-08-04 10:34:24,29551.25,29551.75,29549.25,29551.75,144,29551.75,29551.75,0.00
2026-08-04 10:34:25,29552.00,29552.00,29550.00,29550.25,40,29550.25,29550.25,0.00
2026-08-04 10:34:26,29550.75,29551.25,29548.75,29549.25,67,29549.25,29549.25,0.00
2026-08-04 10:34:27,29549.25,29550.25,29548.50,29550.00,73,29550.00,29550.00,0.00
2026-08-04 10:34:28,29550.00,29550.25,29549.25,29550.00,52,29550.00,29550.00,0.00
2026-08-04 10:34:29,29549.50,29550.50,29548.75,29550.00,64,29550.00,29550.00,0.00
2026-08-04 10:34:30,29550.00,29552.25,29550.00,29551.50,108,29551.50,29551.50,0.00
2026-08-04 10:34:31,29551.50,29551.50,29550.50,29551.25,32,29551.25,29551.25,0.00
2026-08-04 10:34:32,29551.00,29552.50,29551.00,29552.25,63,29552.25,29552.25,0.00
2026-08-04 10:34:33,29552.25,29553.75,29552.25,29553.50,61,29553.50,29553.50,0.00
2026-08-04 10:34:34,29553.25,29553.50,29552.25,29553.25,49,29553.25,29553.25,0.00
2026-08-04 10:34:35,29553.25,29553.25,29551.00,29551.25,47,29551.25,29551.25,0.00
2026-08-04 10:34:36,29551.25,29551.75,29551.00,29551.25,17,29551.25,29551.25,0.00
2026-08-04 10:34:37,29551.25,29552.25,29550.75,29552.25,22,29552.25,29552.25,0.00
2026-08-04 10:34:38,29551.75,29552.50,29551.25,29551.25,23,29551.25,29551.25,0.00
2026-08-04 10:34:39,29551.50,29554.00,29551.00,29553.00,45,29553.00,29553.00,0.00
2026-08-04 10:34:40,29552.50,29552.75,29551.50,29551.50,16,29551.50,29551.50,0.00
2026-08-04 10:34:41,29551.75,29551.75,29549.50,29550.00,34,29550.00,29550.00,0.00
2026-08-04 10:34:42,29549.75,29550.25,29545.00,29546.00,174,29546.00,29546.00,0.00
2026-08-04 10:34:43,29546.00,29548.25,29546.00,29546.00,78,29546.00,29546.00,0.00
2026-08-04 10:34:44,29546.25,29546.50,29545.50,29545.75,52,29545.75,29545.75,0.00
2026-08-04 10:34:45,29546.25,29548.00,29545.50,29546.75,88,29546.75,29546.75,0.00
2026-08-04 10:34:46,29546.25,29548.25,29546.25,29547.50,55,29547.50,29547.50,0.00
2026-08-04 10:34:47,29547.75,29549.00,29547.25,29548.25,40,29548.25,29548.25,0.00
2026-08-04 10:34:48,29549.25,29549.50,29548.25,29548.25,17,29548.25,29548.25,0.00
2026-08-04 10:34:49,29548.75,29551.25,29548.75,29551.25,53,29551.25,29551.25,0.00
2026-08-04 10:34:50,29550.75,29552.75,29550.75,29551.50,111,29551.50,29551.50,0.00
2026-08-04 10:34:51,29551.75,29552.25,29551.00,29552.25,47,29552.25,29552.25,0.00
2026-08-04 10:34:52,29552.00,29552.25,29550.00,29550.50,50,29550.50,29550.50,0.00
2026-08-04 10:34:53,29551.00,29552.00,29548.50,29548.50,57,29548.50,29548.50,0.00
2026-08-04 10:34:54,29547.75,29547.75,29545.25,29546.25,49,29546.25,29546.25,0.00
2026-08-04 10:34:55,29546.00,29546.50,29541.75,29542.00,200,29542.00,29542.00,0.00
2026-08-04 10:34:56,29542.00,29543.25,29541.25,29542.50,141,29542.50,29542.50,0.00
2026-08-04 10:34:57,29543.00,29545.00,29542.50,29544.75,71,29544.75,29544.75,0.00
2026-08-04 10:34:58,29545.25,29546.75,29545.25,29546.00,57,29546.00,29546.00,0.00
2026-08-04 10:34:59,29546.00,29547.75,29545.75,29547.00,27,29547.00,29547.00,0.00
2026-08-04 10:35:00,29547.00,29547.00,29542.75,29543.50,94,29543.50,29543.50,0.00
2026-08-04 10:35:01,29543.75,29544.50,29542.25,29543.75,106,29543.75,29543.75,0.00
2026-08-04 10:35:02,29544.00,29548.00,29543.25,29547.75,101,29547.75,29547.75,0.00
2026-08-04 10:35:03,29547.25,29548.00,29544.50,29548.00,94,29548.00,29548.00,0.00
2026-08-04 10:35:04,29547.75,29552.25,29546.75,29551.50,140,29551.50,29551.50,0.00
2026-08-04 10:35:05,29551.75,29553.00,29551.50,29552.00,117,29552.00,29552.00,0.00
2026-08-04 10:35:06,29552.00,29554.00,29551.00,29554.00,92,29554.00,29554.00,0.00
2026-08-04 10:35:07,29554.25,29556.00,29553.75,29555.25,84,29555.25,29555.25,0.00
2026-08-04 10:35:08,29555.00,29555.00,29551.75,29551.75,96,29551.75,29551.75,0.00
2026-08-04 10:35:09,29552.25,29552.25,29550.00,29550.25,104,29550.25,29550.25,0.00
2026-08-04 10:35:10,29550.00,29554.00,29550.00,29553.00,59,29553.00,29553.00,0.00
2026-08-04 10:35:11,29552.75,29553.25,29552.00,29553.00,34,29553.00,29553.00,0.00
2026-08-04 10:35:12,29553.25,29554.25,29552.25,29553.75,40,29553.75,29553.75,0.00
2026-08-04 10:35:13,29554.50,29555.25,29553.50,29554.75,47,29554.75,29554.75,0.00
2026-08-04 10:35:14,29554.25,29555.00,29553.50,29553.50,84,29553.50,29553.50,0.00
2026-08-04 10:35:15,29553.75,29554.25,29552.00,29554.00,100,29554.00,29554.00,0.00
2026-08-04 10:35:16,29554.00,29554.75,29553.00,29553.25,45,29553.25,29553.25,0.00
2026-08-04 10:35:17,29554.00,29555.75,29553.75,29554.75,46,29554.75,29554.75,0.00
2026-08-04 10:35:18,29555.50,29555.50,29554.25,29554.50,34,29554.50,29554.50,0.00
2026-08-04 10:35:19,29554.75,29555.00,29553.50,29554.25,51,29554.25,29554.25,0.00
2026-08-04 10:35:20,29554.50,29555.00,29552.50,29552.50,37,29552.50,29552.50,0.00
2026-08-04 10:35:21,29552.50,29554.00,29551.75,29553.00,55,29553.00,29553.00,0.00
2026-08-04 10:35:22,29552.25,29553.75,29552.25,29553.50,24,29553.50,29553.50,0.00
2026-08-04 10:35:23,29553.00,29553.50,29551.50,29552.25,39,29552.25,29552.25,0.00
2026-08-04 10:35:24,29552.50,29553.50,29552.00,29553.25,43,29553.25,29553.25,0.00
2026-08-04 10:35:25,29553.00,29553.00,29551.25,29552.00,99,29552.00,29552.00,0.00
2026-08-04 10:35:26,29552.25,29552.25,29551.50,29552.00,52,29552.00,29552.00,0.00
2026-08-04 10:35:27,29551.50,29554.00,29550.50,29554.00,40,29554.00,29554.00,0.00
2026-08-04 10:35:28,29553.75,29555.25,29553.25,29554.00,42,29554.00,29554.00,0.00
2026-08-04 10:35:29,29552.75,29555.75,29552.75,29554.75,73,29554.75,29554.75,0.00
2026-08-04 10:35:30,29555.00,29555.50,29554.00,29555.50,76,29555.50,29555.50,0.00
2026-08-04 10:35:31,29555.50,29555.50,29553.25,29555.00,62,29555.00,29555.00,0.00
2026-08-04 10:35:32,29554.75,29555.75,29553.50,29554.00,54,29554.00,29554.00,0.00
2026-08-04 10:35:33,29553.50,29554.00,29552.50,29553.50,63,29553.50,29553.50,0.00
2026-08-04 10:35:34,29553.25,29554.50,29553.00,29554.50,27,29554.50,29554.50,0.00
2026-08-04 10:35:35,29554.25,29555.25,29553.50,29555.25,33,29555.25,29555.25,0.00
2026-08-04 10:35:36,29555.50,29556.50,29555.00,29555.00,150,29555.00,29555.00,0.00
2026-08-04 10:35:37,29554.75,29555.50,29554.50,29554.75,22,29554.75,29554.75,0.00
2026-08-04 10:35:38,29555.25,29556.00,29554.50,29554.50,61,29554.50,29554.50,0.00
2026-08-04 10:35:39,29554.75,29555.25,29552.50,29552.75,90,29552.75,29552.75,0.00
2026-08-04 10:35:40,29553.00,29553.00,29550.50,29551.50,61,29551.50,29551.50,0.00
2026-08-04 10:35:41,29551.50,29552.25,29550.75,29551.00,60,29551.00,29551.00,0.00
2026-08-04 10:35:42,29551.00,29552.00,29550.00,29551.00,72,29551.00,29551.00,0.00
2026-08-04 10:35:43,29551.50,29551.50,29549.50,29549.75,90,29549.75,29549.75,0.00
2026-08-04 10:35:44,29548.50,29549.25,29546.50,29549.25,84,29549.25,29549.25,0.00
2026-08-04 10:35:45,29549.25,29550.00,29547.25,29547.75,45,29547.75,29547.75,0.00
2026-08-04 10:35:46,29547.25,29548.25,29547.25,29547.50,68,29547.50,29547.50,0.00
2026-08-04 10:35:47,29548.25,29549.50,29547.75,29548.75,40,29548.75,29548.75,0.00
2026-08-04 10:35:48,29548.75,29551.25,29548.50,29549.25,56,29549.25,29549.25,0.00
2026-08-04 10:35:49,29548.75,29549.50,29546.00,29547.25,66,29547.25,29547.25,0.00
2026-08-04 10:35:50,29547.25,29548.00,29546.50,29547.75,53,29547.75,29547.75,0.00
2026-08-04 10:35:51,29547.50,29548.75,29546.50,29548.75,74,29548.75,29548.75,0.00
2026-08-04 10:35:52,29548.75,29551.25,29548.75,29551.00,69,29551.00,29551.00,0.00
2026-08-04 10:35:53,29550.75,29550.75,29546.00,29547.00,87,29547.00,29547.00,0.00
2026-08-04 10:35:54,29546.00,29549.50,29545.25,29549.25,42,29549.25,29549.25,0.00
2026-08-04 10:35:55,29549.25,29549.75,29549.00,29549.75,20,29549.75,29549.75,0.00
2026-08-04 10:35:56,29549.00,29549.00,29548.25,29548.25,20,29548.25,29548.25,0.00
2026-08-04 10:35:57,29548.25,29549.00,29547.50,29547.75,32,29547.75,29547.75,0.00
2026-08-04 10:35:58,29547.75,29549.75,29547.50,29549.50,27,29549.50,29549.50,0.00
2026-08-04 10:35:59,29549.25,29551.00,29548.25,29551.00,46,29551.00,29551.00,0.00
2026-08-04 10:36:00,29550.25,29550.75,29549.25,29550.75,37,29550.75,29550.75,0.00
2026-08-04 10:36:01,29551.00,29551.00,29549.00,29550.25,42,29550.25,29550.25,0.00
2026-08-04 10:36:02,29551.00,29551.50,29550.00,29550.00,14,29550.00,29550.00,0.00
2026-08-04 10:36:03,29550.50,29552.00,29550.50,29551.75,78,29551.75,29551.75,0.00
2026-08-04 10:36:04,29551.50,29553.00,29551.00,29552.25,29,29552.25,29552.25,0.00
2026-08-04 10:36:05,29551.75,29552.50,29548.00,29548.75,72,29548.75,29548.75,0.00
2026-08-04 10:36:06,29547.75,29547.75,29544.25,29544.75,142,29544.75,29544.75,0.00
2026-08-04 10:36:07,29545.25,29548.75,29545.25,29546.50,90,29546.50,29546.50,0.00
2026-08-04 10:36:08,29545.50,29547.50,29545.25,29547.00,28,29547.00,29547.00,0.00
2026-08-04 10:36:09,29547.00,29550.75,29547.00,29549.50,54,29549.50,29549.50,0.00
2026-08-04 10:36:10,29549.50,29549.75,29548.75,29548.75,31,29548.75,29548.75,0.00
2026-08-04 10:36:11,29548.50,29549.75,29547.25,29547.25,33,29547.25,29547.25,0.00
2026-08-04 10:36:12,29546.75,29549.25,29546.50,29549.00,30,29549.00,29549.00,0.00
2026-08-04 10:36:13,29548.75,29549.25,29548.00,29548.50,26,29548.50,29548.50,0.00
2026-08-04 10:36:14,29548.50,29548.50,29544.50,29545.00,65,29545.00,29545.00,0.00
2026-08-04 10:36:15,29544.75,29545.50,29544.25,29545.50,41,29545.50,29545.50,0.00
2026-08-04 10:36:16,29544.75,29545.25,29542.25,29542.25,80,29542.25,29542.25,0.00
2026-08-04 10:36:17,29543.00,29545.50,29542.00,29545.00,107,29545.00,29545.00,0.00
2026-08-04 10:36:18,29544.50,29545.25,29543.00,29543.25,81,29543.25,29543.25,0.00
2026-08-04 10:36:19,29543.75,29544.25,29542.00,29542.25,66,29542.25,29542.25,0.00
2026-08-04 10:36:20,29542.50,29542.75,29540.00,29541.50,197,29541.50,29541.50,0.00
2026-08-04 10:36:21,29541.75,29543.00,29541.75,29543.00,59,29543.00,29543.00,0.00
2026-08-04 10:36:22,29543.25,29544.25,29542.50,29543.50,64,29543.50,29543.50,0.00
2026-08-04 10:36:23,29543.25,29543.50,29541.00,29541.50,47,29541.50,29541.50,0.00
2026-08-04 10:36:24,29541.00,29543.75,29541.00,29543.00,69,29543.00,29543.00,0.00
2026-08-04 10:36:25,29543.50,29547.25,29543.50,29546.00,106,29546.00,29546.00,0.00
2026-08-04 10:36:26,29546.00,29546.00,29542.75,29543.00,61,29543.00,29543.00,0.00
2026-08-04 10:36:27,29542.75,29545.25,29542.50,29545.25,50,29545.25,29545.25,0.00
2026-08-04 10:36:28,29545.00,29545.50,29544.50,29545.00,31,29545.00,29545.00,0.00
2026-08-04 10:36:29,29546.00,29547.00,29544.75,29545.50,55,29545.50,29545.50,0.00
2026-08-04 10:36:30,29545.00,29545.00,29537.25,29541.75,417,29541.75,29541.75,0.00
2026-08-04 10:36:31,29540.50,29540.75,29538.75,29539.75,67,29539.75,29539.75,0.00
2026-08-04 10:36:32,29539.50,29540.75,29538.25,29540.25,72,29540.25,29540.25,0.00
2026-08-04 10:36:33,29540.75,29540.75,29537.00,29539.75,166,29539.75,29539.75,0.00
2026-08-04 10:36:34,29540.00,29540.75,29538.50,29539.00,47,29539.00,29539.00,0.00
2026-08-04 10:36:35,29538.75,29541.25,29538.00,29541.25,58,29541.25,29541.25,0.00
2026-08-04 10:36:36,29541.25,29541.75,29538.25,29538.50,53,29538.50,29538.50,0.00
2026-08-04 10:36:37,29538.50,29539.25,29536.00,29536.50,98,29536.50,29536.50,0.00
2026-08-04 10:36:38,29536.00,29537.75,29535.75,29537.00,116,29537.00,29537.00,0.00
2026-08-04 10:36:39,29537.00,29540.50,29537.00,29539.50,135,29539.50,29539.50,0.00
2026-08-04 10:36:40,29539.50,29539.50,29537.75,29538.50,48,29538.50,29538.50,0.00
2026-08-04 10:36:41,29538.00,29541.75,29538.00,29539.00,104,29539.00,29539.00,0.00
2026-08-04 10:36:42,29539.00,29540.25,29538.25,29538.25,30,29538.25,29538.25,0.00
2026-08-04 10:36:43,29538.50,29539.25,29536.75,29537.25,53,29537.25,29537.25,0.00
2026-08-04 10:36:44,29537.50,29538.50,29536.75,29538.25,44,29538.25,29538.25,0.00
2026-08-04 10:36:45,29538.25,29538.25,29536.75,29537.50,23,29537.50,29537.50,0.00
2026-08-04 10:36:46,29537.50,29537.50,29534.25,29535.25,170,29535.25,29535.25,0.00
2026-08-04 10:36:47,29535.75,29537.75,29535.25,29537.25,65,29537.25,29537.25,0.00
2026-08-04 10:36:48,29537.25,29538.25,29536.50,29538.25,52,29538.25,29538.25,0.00
2026-08-04 10:36:49,29538.50,29538.75,29537.50,29538.50,36,29538.50,29538.50,0.00
2026-08-04 10:36:50,29538.75,29540.00,29538.50,29539.50,36,29539.50,29539.50,0.00
2026-08-04 10:36:51,29538.50,29538.75,29537.00,29538.00,58,29538.00,29538.00,0.00
2026-08-04 10:36:52,29537.75,29538.25,29536.50,29537.75,63,29537.75,29537.75,0.00
2026-08-04 10:36:53,29538.00,29538.00,29536.25,29536.75,37,29536.75,29536.75,0.00
2026-08-04 10:36:54,29536.75,29537.25,29535.50,29536.00,64,29536.00,29536.00,0.00
2026-08-04 10:36:55,29536.00,29537.50,29535.50,29536.75,56,29536.75,29536.75,0.00
2026-08-04 10:36:56,29537.25,29537.25,29535.75,29536.00,66,29536.00,29536.00,0.00
2026-08-04 10:36:57,29536.25,29536.25,29533.00,29535.50,101,29535.50,29535.50,0.00
2026-08-04 10:36:58,29535.25,29536.00,29535.00,29535.25,20,29535.25,29535.25,0.00
2026-08-04 10:36:59,29535.00,29535.50,29534.00,29535.00,42,29535.00,29535.00,0.00
2026-08-04 10:37:00,29534.00,29534.00,29530.50,29532.75,215,29532.75,29532.75,0.00
2026-08-04 10:37:01,29532.25,29532.75,29531.25,29531.75,111,29531.75,29531.75,0.00
2026-08-04 10:37:02,29531.75,29532.50,29530.75,29531.50,75,29531.50,29531.50,0.00
2026-08-04 10:37:03,29531.50,29534.50,29530.75,29533.75,147,29533.75,29533.75,0.00
2026-08-04 10:37:04,29534.00,29535.50,29532.25,29533.75,161,29533.75,29533.75,0.00
2026-08-04 10:37:05,29533.00,29533.50,29530.50,29531.00,91,29531.00,29531.00,0.00
2026-08-04 10:37:06,29530.50,29531.00,29529.00,29529.75,124,29529.75,29529.75,0.00
2026-08-04 10:37:07,29530.00,29530.75,29529.00,29530.25,54,29530.25,29530.25,0.00
2026-08-04 10:37:08,29530.50,29534.25,29529.75,29533.50,159,29533.50,29533.50,0.00
2026-08-04 10:37:09,29532.75,29533.75,29531.50,29531.75,152,29531.75,29531.75,0.00
2026-08-04 10:37:10,29532.25,29534.25,29532.25,29533.75,24,29533.75,29533.75,0.00
2026-08-04 10:37:11,29533.50,29534.75,29533.00,29533.25,53,29533.25,29533.25,0.00
2026-08-04 10:37:12,29533.50,29534.00,29532.25,29532.75,47,29532.75,29532.75,0.00
2026-08-04 10:37:13,29532.75,29533.75,29529.75,29531.00,88,29531.00,29531.00,0.00
2026-08-04 10:37:14,29530.75,29534.50,29530.75,29534.00,85,29534.00,29534.00,0.00
2026-08-04 10:37:15,29534.75,29534.75,29532.50,29533.25,54,29533.25,29533.25,0.00
2026-08-04 10:37:16,29533.25,29533.50,29531.00,29531.25,46,29531.25,29531.25,0.00
2026-08-04 10:37:17,29531.50,29531.75,29527.00,29527.50,151,29527.50,29527.50,0.00
2026-08-04 10:37:18,29528.00,29528.25,29526.25,29526.25,118,29526.25,29526.25,0.00
2026-08-04 10:37:19,29526.25,29526.50,29520.25,29522.50,832,29522.50,29522.50,0.00
2026-08-04 10:37:20,29522.25,29524.50,29522.00,29522.50,238,29522.50,29522.50,0.00
2026-08-04 10:37:21,29523.00,29526.00,29522.50,29524.50,142,29524.50,29524.50,0.00
2026-08-04 10:37:22,29525.25,29525.50,29520.25,29522.75,171,29522.75,29522.75,0.00
2026-08-04 10:37:23,29522.25,29524.25,29521.75,29522.00,129,29522.00,29522.00,0.00
2026-08-04 10:37:24,29522.00,29523.00,29520.50,29523.00,89,29523.00,29523.00,0.00
2026-08-04 10:37:25,29523.25,29524.75,29521.50,29523.75,87,29523.75,29523.75,0.00
2026-08-04 10:37:26,29523.75,29524.00,29522.25,29523.25,97,29523.25,29523.25,0.00
2026-08-04 10:37:27,29523.50,29524.75,29522.50,29522.50,59,29522.50,29522.50,0.00
2026-08-04 10:37:28,29522.25,29525.75,29519.25,29524.25,179,29524.25,29524.25,0.00
2026-08-04 10:37:29,29524.75,29528.00,29524.50,29527.00,129,29527.00,29527.00,0.00
2026-08-04 10:37:30,29526.50,29530.75,29526.00,29530.25,167,29530.25,29530.25,0.00
2026-08-04 10:37:31,29530.50,29533.00,29529.25,29533.00,131,29533.00,29533.00,0.00
2026-08-04 10:37:32,29532.50,29532.50,29529.75,29530.50,127,29530.50,29530.50,0.00
2026-08-04 10:37:33,29530.75,29531.50,29530.25,29531.00,69,29531.00,29531.00,0.00
2026-08-04 10:37:34,29532.00,29534.25,29531.50,29533.50,100,29533.50,29533.50,0.00
2026-08-04 10:37:35,29534.50,29534.75,29531.50,29532.50,134,29532.50,29532.50,0.00
2026-08-04 10:37:36,29532.75,29532.75,29529.00,29530.25,108,29530.25,29530.25,0.00
2026-08-04 10:37:37,29530.75,29532.50,29530.25,29532.50,71,29532.50,29532.50,0.00
2026-08-04 10:37:38,29532.00,29532.25,29529.50,29530.50,59,29530.50,29530.50,0.00
2026-08-04 10:37:39,29529.50,29532.00,29529.50,29531.25,58,29531.25,29531.25,0.00
2026-08-04 10:37:40,29531.25,29533.50,29531.00,29531.50,67,29531.50,29531.50,0.00
2026-08-04 10:37:41,29531.50,29533.25,29530.75,29531.75,89,29531.75,29531.75,0.00
2026-08-04 10:37:42,29531.75,29532.75,29530.75,29532.75,29,29532.75,29532.75,0.00
2026-08-04 10:37:43,29532.50,29534.25,29532.25,29533.75,124,29533.75,29533.75,0.00
2026-08-04 10:37:44,29533.50,29538.50,29533.25,29537.50,267,29537.50,29537.50,0.00
2026-08-04 10:37:45,29538.00,29541.00,29536.75,29540.25,207,29540.25,29540.25,0.00
2026-08-04 10:37:46,29540.25,29541.75,29539.25,29540.75,192,29540.75,29540.75,0.00
2026-08-04 10:37:47,29541.00,29542.25,29540.00,29541.00,151,29541.00,29541.00,0.00
2026-08-04 10:37:48,29540.75,29542.50,29539.25,29542.00,140,29542.00,29542.00,0.00
2026-08-04 10:37:49,29542.25,29543.75,29542.25,29543.75,175,29543.75,29543.75,0.00
2026-08-04 10:37:50,29543.00,29545.25,29542.75,29545.00,141,29545.00,29545.00,0.00
2026-08-04 10:37:51,29544.50,29547.25,29544.50,29546.25,166,29546.25,29546.25,0.00
2026-08-04 10:37:52,29546.00,29546.50,29545.00,29545.50,114,29545.50,29545.50,0.00
2026-08-04 10:37:53,29545.50,29546.75,29545.00,29545.75,106,29545.75,29545.75,0.00
2026-08-04 10:37:54,29546.50,29548.50,29546.00,29547.75,131,29547.75,29547.75,0.00
2026-08-04 10:37:55,29548.00,29548.75,29546.00,29546.50,70,29546.50,29546.50,0.00
2026-08-04 10:37:56,29546.25,29550.75,29546.00,29549.75,195,29549.75,29549.75,0.00
2026-08-04 10:37:57,29549.75,29550.75,29549.50,29550.50,119,29550.50,29550.50,0.00
2026-08-04 10:37:58,29550.25,29552.25,29549.75,29550.25,169,29550.25,29550.25,0.00
2026-08-04 10:37:59,29550.50,29550.75,29546.25,29546.25,255,29546.25,29546.25,0.00
2026-08-04 10:38:00,29546.25,29547.25,29544.75,29547.25,130,29547.25,29547.25,0.00
2026-08-04 10:38:01,29546.50,29546.50,29541.00,29541.00,173,29541.00,29541.00,0.00
2026-08-04 10:38:02,29541.25,29541.25,29539.50,29540.25,113,29540.25,29540.25,0.00
2026-08-04 10:38:03,29540.00,29540.25,29536.00,29538.25,107,29538.25,29538.25,0.00
2026-08-04 10:38:04,29538.25,29539.25,29537.25,29537.75,87,29537.75,29537.75,0.00
2026-08-04 10:38:05,29538.00,29539.00,29535.50,29535.75,115,29535.75,29535.75,0.00
2026-08-04 10:38:06,29536.75,29537.75,29536.00,29536.50,87,29536.50,29536.50,0.00
2026-08-04 10:38:07,29536.75,29536.75,29530.50,29532.25,188,29532.25,29532.25,0.00
2026-08-04 10:38:08,29531.75,29532.75,29529.75,29531.50,214,29531.50,29531.50,0.00
2026-08-04 10:38:09,29531.50,29533.50,29531.50,29532.50,134,29532.50,29532.50,0.00
2026-08-04 10:38:10,29531.50,29533.25,29530.50,29531.25,86,29531.25,29531.25,0.00
2026-08-04 10:38:11,29531.75,29532.25,29529.50,29529.75,64,29529.75,29529.75,0.00
2026-08-04 10:38:12,29530.00,29530.50,29528.25,29529.75,132,29529.75,29529.75,0.00
2026-08-04 10:38:13,29529.75,29530.25,29528.00,29528.75,91,29528.75,29528.75,0.00
2026-08-04 10:38:14,29528.50,29529.25,29528.00,29528.75,66,29528.75,29528.75,0.00
2026-08-04 10:38:15,29528.50,29529.50,29527.25,29529.50,85,29529.50,29529.50,0.00
2026-08-04 10:38:16,29529.50,29529.50,29526.00,29526.75,128,29526.75,29526.75,0.00
2026-08-04 10:38:17,29526.75,29529.25,29526.75,29528.50,64,29528.50,29528.50,0.00
2026-08-04 10:38:18,29528.50,29531.25,29527.75,29530.50,118,29530.50,29530.50,0.00
2026-08-04 10:38:19,29530.75,29536.00,29530.50,29533.75,164,29533.75,29533.75,0.00
2026-08-04 10:38:20,29533.50,29561.25,29532.75,29561.25,943,29561.25,29561.25,0.00
2026-08-04 10:38:21,29560.75,29579.25,29554.00,29554.75,1820,29554.75,29554.75,0.00
2026-08-04 10:38:22,29554.50,29573.25,29550.25,29551.00,592,29551.00,29551.00,0.00
2026-08-04 10:38:23,29552.00,29553.00,29538.25,29538.50,498,29538.50,29538.50,0.00
2026-08-04 10:38:24,29538.50,29548.25,29537.00,29542.50,301,29542.50,29542.50,0.00
2026-08-04 10:38:25,29542.25,29544.75,29529.50,29539.75,484,29539.75,29539.75,0.00
2026-08-04 10:38:26,29540.75,29548.50,29540.50,29541.50,206,29541.50,29541.50,0.00
2026-08-04 10:38:27,29541.25,29550.50,29539.75,29548.75,235,29548.75,29548.75,0.00
2026-08-04 10:38:28,29549.00,29551.25,29546.25,29546.50,118,29546.50,29546.50,0.00
2026-08-04 10:38:29,29546.25,29547.75,29541.25,29545.00,204,29545.00,29545.00,0.00
2026-08-04 10:38:30,29544.75,29547.75,29542.25,29542.50,111,29542.50,29542.50,0.00
2026-08-04 10:38:31,29542.25,29545.00,29536.00,29538.75,227,29538.75,29538.75,0.00
2026-08-04 10:38:32,29538.50,29541.25,29536.50,29540.50,148,29540.50,29540.50,0.00
2026-08-04 10:38:33,29540.50,29540.50,29537.00,29537.25,95,29537.25,29537.25,0.00
2026-08-04 10:38:34,29537.00,29538.25,29533.50,29534.25,250,29534.25,29534.25,0.00
2026-08-04 10:38:35,29534.25,29536.00,29532.50,29534.25,180,29534.25,29534.25,0.00
2026-08-04 10:38:36,29535.00,29536.00,29531.25,29532.25,154,29532.25,29532.25,0.00
2026-08-04 10:38:37,29532.25,29537.75,29532.00,29537.50,142,29537.50,29537.50,0.00
2026-08-04 10:38:38,29538.00,29546.25,29537.25,29538.00,262,29538.00,29538.00,0.00
2026-08-04 10:38:39,29538.25,29541.25,29538.00,29541.00,109,29541.00,29541.00,0.00
2026-08-04 10:38:40,29540.25,29541.25,29536.50,29536.50,166,29536.50,29536.50,0.00
2026-08-04 10:38:41,29537.50,29537.75,29533.75,29536.25,107,29536.25,29536.25,0.00
2026-08-04 10:38:42,29536.50,29537.25,29533.25,29534.00,55,29534.00,29534.00,0.00
2026-08-04 10:38:43,29535.50,29539.75,29534.00,29539.75,133,29539.75,29539.75,0.00
2026-08-04 10:38:44,29539.75,29544.25,29539.75,29540.75,90,29540.75,29540.75,0.00
2026-08-04 10:38:45,29541.00,29541.25,29536.50,29537.50,102,29537.50,29537.50,0.00
2026-08-04 10:38:46,29537.50,29537.50,29534.25,29535.25,62,29535.25,29535.25,0.00
2026-08-04 10:38:47,29535.75,29535.75,29530.50,29531.50,82,29531.50,29531.50,0.00
2026-08-04 10:38:48,29532.50,29534.25,29530.50,29534.00,115,29534.00,29534.00,0.00
2026-08-04 10:38:49,29534.75,29534.75,29530.00,29531.75,146,29531.75,29531.75,0.00
2026-08-04 10:38:50,29532.75,29535.25,29532.00,29534.50,84,29534.50,29534.50,0.00
2026-08-04 10:38:51,29532.75,29533.00,29526.25,29530.25,244,29530.25,29530.25,0.00
2026-08-04 10:38:52,29530.25,29531.25,29528.75,29530.25,99,29530.25,29530.25,0.00
2026-08-04 10:38:53,29529.50,29531.50,29529.00,29531.50,62,29531.50,29531.50,0.00
2026-08-04 10:38:54,29531.00,29532.00,29528.75,29532.00,78,29532.00,29532.00,0.00
2026-08-04 10:38:55,29532.00,29534.00,29530.75,29532.50,60,29532.50,29532.50,0.00
2026-08-04 10:38:56,29532.75,29535.00,29530.00,29531.25,177,29531.25,29531.25,0.00
2026-08-04 10:38:57,29530.50,29532.75,29530.00,29531.25,44,29531.25,29531.25,0.00
2026-08-04 10:38:58,29532.25,29533.00,29529.25,29530.00,86,29530.00,29530.00,0.00
2026-08-04 10:38:59,29529.00,29531.25,29528.50,29531.25,42,29531.25,29531.25,0.00
2026-08-04 10:39:00,29531.00,29532.25,29526.50,29527.00,131,29527.00,29527.00,0.00
2026-08-04 10:39:01,29527.00,29529.50,29523.00,29525.50,345,29525.50,29525.50,0.00
2026-08-04 10:39:02,29525.50,29526.75,29522.75,29523.50,218,29523.50,29523.50,0.00
2026-08-04 10:39:03,29524.25,29527.75,29522.25,29527.50,153,29527.50,29527.50,0.00
2026-08-04 10:39:04,29527.50,29532.00,29527.00,29530.50,236,29530.50,29530.50,0.00
2026-08-04 10:39:05,29530.25,29530.25,29527.50,29528.25,83,29528.25,29528.25,0.00
2026-08-04 10:39:06,29528.00,29529.25,29526.25,29527.00,80,29527.00,29527.00,0.00
2026-08-04 10:39:07,29526.00,29530.50,29526.00,29530.50,138,29530.50,29530.50,0.00
2026-08-04 10:39:08,29529.50,29530.25,29527.75,29528.25,36,29528.25,29528.25,0.00
2026-08-04 10:39:09,29527.50,29527.50,29524.50,29525.25,57,29525.25,29525.25,0.00
2026-08-04 10:39:10,29525.50,29526.00,29522.25,29523.75,162,29523.75,29523.75,0.00
2026-08-04 10:39:11,29524.50,29525.50,29522.00,29523.00,116,29523.00,29523.00,0.00
2026-08-04 10:39:12,29523.00,29525.50,29523.00,29524.50,64,29524.50,29524.50,0.00
2026-08-04 10:39:13,29525.50,29526.25,29523.75,29525.75,62,29525.75,29525.75,0.00
2026-08-04 10:39:14,29525.75,29526.25,29523.25,29523.75,62,29523.75,29523.75,0.00
2026-08-04 10:39:15,29523.50,29523.75,29521.75,29523.00,56,29523.00,29523.00,0.00
2026-08-04 10:39:16,29523.25,29527.25,29523.25,29526.75,113,29526.75,29526.75,0.00
2026-08-04 10:39:17,29526.25,29532.75,29526.25,29532.50,137,29532.50,29532.50,0.00
2026-08-04 10:39:18,29532.00,29532.50,29529.75,29531.50,68,29531.50,29531.50,0.00
2026-08-04 10:39:19,29532.00,29533.75,29531.25,29531.50,112,29531.50,29531.50,0.00
2026-08-04 10:39:20,29532.25,29533.50,29530.75,29530.75,84,29530.75,29530.75,0.00
2026-08-04 10:39:21,29530.50,29533.25,29530.00,29532.00,78,29532.00,29532.00,0.00
2026-08-04 10:39:22,29533.00,29533.50,29531.50,29533.25,66,29533.25,29533.25,0.00
2026-08-04 10:39:23,29533.00,29533.75,29529.00,29529.25,53,29529.25,29529.25,0.00
2026-08-04 10:39:24,29530.00,29531.25,29529.25,29530.00,35,29530.00,29530.00,0.00
2026-08-04 10:39:25,29530.25,29530.75,29529.25,29530.00,43,29530.00,29530.00,0.00
2026-08-04 10:39:26,29530.25,29530.75,29529.25,29530.50,35,29530.50,29530.50,0.00
2026-08-04 10:39:27,29530.25,29533.00,29530.25,29530.75,41,29530.75,29530.75,0.00
2026-08-04 10:39:28,29530.50,29530.75,29528.00,29528.00,22,29528.00,29528.00,0.00
2026-08-04 10:39:29,29528.25,29528.25,29526.50,29527.50,54,29527.50,29527.50,0.00
2026-08-04 10:39:30,29526.25,29527.25,29525.75,29526.75,29,29526.75,29526.75,0.00
2026-08-04 10:39:31,29527.25,29527.25,29522.25,29525.25,197,29525.25,29525.25,0.00
2026-08-04 10:39:32,29525.00,29525.25,29520.25,29520.75,170,29520.75,29520.75,0.00
2026-08-04 10:39:33,29520.75,29523.50,29520.75,29522.75,96,29522.75,29522.75,0.00
2026-08-04 10:39:34,29523.00,29527.25,29522.25,29526.50,138,29526.50,29526.50,0.00
2026-08-04 10:39:35,29526.00,29526.75,29523.00,29523.25,64,29523.25,29523.25,0.00
2026-08-04 10:39:36,29522.75,29524.75,29522.50,29523.75,44,29523.75,29523.75,0.00
2026-08-04 10:39:37,29524.25,29526.25,29523.75,29525.25,54,29525.25,29525.25,0.00
2026-08-04 10:39:38,29525.25,29526.50,29525.00,29526.50,26,29526.50,29526.50,0.00
2026-08-04 10:39:39,29526.75,29526.75,29524.00,29524.75,70,29524.75,29524.75,0.00
2026-08-04 10:39:40,29524.75,29525.25,29523.50,29524.00,42,29524.00,29524.00,0.00
2026-08-04 10:39:41,29524.50,29524.50,29522.25,29523.75,46,29523.75,29523.75,0.00
2026-08-04 10:39:42,29522.75,29523.50,29520.50,29521.50,66,29521.50,29521.50,0.00
2026-08-04 10:39:43,29521.00,29523.00,29515.00,29521.00,586,29521.00,29521.00,0.00
2026-08-04 10:39:44,29521.25,29523.50,29520.75,29523.25,67,29523.25,29523.25,0.00
2026-08-04 10:39:45,29522.50,29523.25,29521.50,29522.25,28,29522.25,29522.25,0.00
2026-08-04 10:39:46,29522.00,29523.00,29521.00,29523.00,50,29523.00,29523.00,0.00
2026-08-04 10:39:47,29522.75,29523.50,29520.50,29521.75,76,29521.75,29521.75,0.00
2026-08-04 10:39:48,29521.50,29521.50,29517.00,29517.75,123,29517.75,29517.75,0.00
2026-08-04 10:39:49,29517.50,29519.00,29516.75,29518.75,109,29518.75,29518.75,0.00
2026-08-04 10:39:50,29518.75,29522.50,29517.50,29522.00,138,29522.00,29522.00,0.00
2026-08-04 10:39:51,29521.75,29522.50,29520.25,29521.25,55,29521.25,29521.25,0.00
2026-08-04 10:39:52,29521.25,29522.25,29520.75,29521.00,33,29521.00,29521.00,0.00
2026-08-04 10:39:53,29521.00,29523.75,29520.75,29522.25,116,29522.25,29522.25,0.00
2026-08-04 10:39:54,29521.75,29523.50,29521.50,29522.00,45,29522.00,29522.00,0.00
2026-08-04 10:39:55,29522.25,29523.00,29521.25,29523.00,44,29523.00,29523.00,0.00
2026-08-04 10:39:56,29523.00,29525.50,29523.00,29525.50,103,29525.50,29525.50,0.00
2026-08-04 10:39:57,29525.50,29526.00,29524.00,29524.25,70,29524.25,29524.25,0.00
2026-08-04 10:39:58,29524.25,29525.50,29524.00,29524.75,42,29524.75,29524.75,0.00
2026-08-04 10:39:59,29525.00,29525.50,29524.25,29525.25,18,29525.25,29525.25,0.00
2026-08-04 10:40:00,29525.75,29527.75,29525.25,29527.00,57,29527.00,29527.00,0.00
2026-08-04 10:40:01,29527.50,29527.50,29524.25,29525.50,128,29525.50,29525.50,0.00
2026-08-04 10:40:02,29524.75,29526.75,29522.75,29525.75,61,29525.75,29525.75,0.00
2026-08-04 10:40:03,29525.75,29526.50,29522.50,29524.00,69,29524.00,29524.00,0.00
2026-08-04 10:40:04,29524.25,29526.25,29522.50,29522.50,42,29522.50,29522.50,0.00
2026-08-04 10:40:05,29522.75,29526.00,29522.75,29526.00,39,29526.00,29526.00,0.00
2026-08-04 10:40:06,29525.75,29527.00,29524.50,29524.50,44,29524.50,29524.50,0.00
2026-08-04 10:40:07,29523.75,29525.00,29523.00,29524.00,75,29524.00,29524.00,0.00
2026-08-04 10:40:08,29523.25,29523.25,29521.75,29522.25,49,29522.25,29522.25,0.00
2026-08-04 10:40:09,29522.25,29525.25,29522.25,29524.25,62,29524.25,29524.25,0.00
2026-08-04 10:40:10,29524.00,29525.25,29522.25,29525.25,31,29525.25,29525.25,0.00
2026-08-04 10:40:11,29524.75,29530.75,29524.50,29530.50,154,29530.50,29530.50,0.00
2026-08-04 10:40:12,29531.00,29532.75,29531.00,29531.25,126,29531.25,29531.25,0.00
2026-08-04 10:40:13,29531.00,29532.00,29529.50,29531.25,120,29531.25,29531.25,0.00
2026-08-04 10:40:14,29530.75,29537.00,29530.75,29536.00,226,29536.00,29536.00,0.00
2026-08-04 10:40:15,29536.25,29539.00,29536.25,29539.00,179,29539.00,29539.00,0.00
2026-08-04 10:40:16,29538.50,29540.25,29538.50,29539.75,149,29539.75,29539.75,0.00
2026-08-04 10:40:17,29539.75,29539.75,29537.00,29538.50,98,29538.50,29538.50,0.00
2026-08-04 10:40:18,29538.50,29542.00,29537.00,29540.25,213,29540.25,29540.25,0.00
2026-08-04 10:40:19,29540.50,29542.00,29539.50,29539.75,99,29539.75,29539.75,0.00
2026-08-04 10:40:20,29539.75,29540.50,29538.00,29538.25,75,29538.25,29538.25,0.00
2026-08-04 10:40:21,29538.50,29539.75,29538.00,29538.50,60,29538.50,29538.50,0.00
2026-08-04 10:40:22,29537.75,29538.75,29537.00,29537.00,77,29537.00,29537.00,0.00
2026-08-04 10:40:23,29537.00,29537.75,29533.25,29533.25,96,29533.25,29533.25,0.00
2026-08-04 10:40:24,29532.75,29532.75,29529.00,29529.25,117,29529.25,29529.25,0.00
2026-08-04 10:40:25,29529.00,29529.50,29525.50,29527.25,206,29527.25,29527.25,0.00
2026-08-04 10:40:26,29527.00,29527.75,29524.75,29526.75,65,29526.75,29526.75,0.00
2026-08-04 10:40:27,29526.50,29527.25,29525.75,29527.00,44,29527.00,29527.00,0.00
2026-08-04 10:40:28,29527.00,29528.25,29522.50,29525.00,156,29525.00,29525.00,0.00
2026-08-04 10:40:29,29524.50,29528.75,29523.75,29528.00,88,29528.00,29528.00,0.00
2026-08-04 10:40:30,29528.00,29529.00,29526.75,29529.00,51,29529.00,29529.00,0.00
2026-08-04 10:40:31,29529.00,29529.50,29525.75,29526.00,49,29526.00,29526.00,0.00
2026-08-04 10:40:32,29526.75,29526.75,29525.50,29525.50,29,29525.50,29525.50,0.00
2026-08-04 10:40:33,29525.25,29529.25,29525.25,29528.75,58,29528.75,29528.75,0.00
2026-08-04 10:40:34,29528.50,29529.00,29525.50,29525.50,61,29525.50,29525.50,0.00
2026-08-04 10:40:35,29525.50,29527.25,29525.50,29527.25,32,29527.25,29527.25,0.00
2026-08-04 10:40:36,29527.50,29528.25,29525.00,29528.00,38,29528.00,29528.00,0.00
2026-08-04 10:40:37,29527.75,29528.75,29525.50,29525.50,47,29525.50,29525.50,0.00
2026-08-04 10:40:38,29527.50,29528.50,29526.25,29527.00,30,29527.00,29527.00,0.00
2026-08-04 10:40:39,29527.25,29528.50,29526.50,29528.00,14,29528.00,29528.00,0.00
2026-08-04 10:40:40,29528.50,29529.00,29526.25,29526.25,35,29526.25,29526.25,0.00
2026-08-04 10:40:41,29526.00,29526.50,29524.75,29525.75,32,29525.75,29525.75,0.00
2026-08-04 10:40:42,29526.00,29527.00,29524.75,29526.75,31,29526.75,29526.75,0.00
2026-08-04 10:40:43,29527.00,29527.00,29525.75,29526.50,31,29526.50,29526.50,0.00
2026-08-04 10:40:44,29526.50,29526.75,29524.50,29525.75,49,29525.75,29525.75,0.00
2026-08-04 10:40:45,29526.25,29527.50,29525.00,29527.50,57,29527.50,29527.50,0.00
2026-08-04 10:40:46,29526.50,29527.75,29525.75,29525.75,48,29525.75,29525.75,0.00
2026-08-04 10:40:47,29526.25,29529.75,29526.25,29529.25,68,29529.25,29529.25,0.00
2026-08-04 10:40:48,29528.75,29531.75,29528.75,29531.50,84,29531.50,29531.50,0.00
2026-08-04 10:40:49,29531.50,29533.25,29531.00,29532.25,80,29532.25,29532.25,0.00
2026-08-04 10:40:50,29532.25,29533.50,29530.50,29532.00,79,29532.00,29532.00,0.00
2026-08-04 10:40:51,29532.00,29532.75,29529.25,29530.25,52,29530.25,29530.25,0.00
2026-08-04 10:40:52,29530.00,29530.50,29528.50,29530.50,23,29530.50,29530.50,0.00
2026-08-04 10:40:53,29530.50,29531.50,29529.50,29530.25,64,29530.25,29530.25,0.00
2026-08-04 10:40:54,29530.75,29531.00,29529.50,29529.50,25,29529.50,29529.50,0.00
2026-08-04 10:40:55,29530.50,29531.25,29529.25,29529.25,18,29529.25,29529.25,0.00
2026-08-04 10:40:56,29529.25,29530.00,29527.75,29529.50,33,29529.50,29529.50,0.00
2026-08-04 10:40:57,29530.00,29532.50,29529.25,29532.00,68,29532.00,29532.00,0.00
2026-08-04 10:40:58,29532.75,29534.75,29532.75,29533.50,60,29533.50,29533.50,0.00
2026-08-04 10:40:59,29534.00,29534.50,29533.00,29533.00,36,29533.00,29533.00,0.00
2026-08-04 10:41:00,29533.50,29536.00,29531.75,29534.50,213,29534.50,29534.50,0.00
2026-08-04 10:41:01,29534.75,29536.00,29532.25,29532.75,71,29532.75,29532.75,0.00
2026-08-04 10:41:02,29532.75,29533.50,29530.50,29530.75,47,29530.75,29530.75,0.00
2026-08-04 10:41:03,29530.75,29532.50,29528.50,29531.75,79,29531.75,29531.75,0.00
2026-08-04 10:41:04,29531.25,29534.00,29530.25,29533.75,58,29533.75,29533.75,0.00
2026-08-04 10:41:05,29533.75,29535.25,29533.00,29533.75,41,29533.75,29533.75,0.00
2026-08-04 10:41:06,29533.75,29535.50,29533.75,29534.75,40,29534.75,29534.75,0.00
2026-08-04 10:41:07,29534.25,29535.00,29532.75,29533.25,44,29533.25,29533.25,0.00
2026-08-04 10:41:08,29534.00,29534.00,29530.25,29531.00,46,29531.00,29531.00,0.00
2026-08-04 10:41:09,29530.50,29531.75,29529.75,29531.50,31,29531.50,29531.50,0.00
2026-08-04 10:41:10,29531.75,29531.75,29529.25,29530.25,25,29530.25,29530.25,0.00
2026-08-04 10:41:11,29530.25,29531.75,29529.75,29531.00,22,29531.00,29531.00,0.00
2026-08-04 10:41:12,29531.25,29531.50,29530.25,29531.25,32,29531.25,29531.25,0.00
2026-08-04 10:41:13,29531.50,29532.50,29531.25,29532.25,48,29532.25,29532.25,0.00
2026-08-04 10:41:14,29532.00,29532.75,29531.75,29532.00,27,29532.00,29532.00,0.00
2026-08-04 10:41:15,29531.75,29535.00,29531.50,29533.75,51,29533.75,29533.75,0.00
2026-08-04 10:41:16,29533.75,29536.00,29533.00,29536.00,41,29536.00,29536.00,0.00
2026-08-04 10:41:17,29535.75,29536.75,29534.75,29535.50,54,29535.50,29535.50,0.00
2026-08-04 10:41:18,29535.50,29535.50,29531.75,29531.75,28,29531.75,29531.75,0.00
2026-08-04 10:41:19,29531.75,29531.75,29529.50,29531.25,72,29531.25,29531.25,0.00
2026-08-04 10:41:20,29531.25,29531.75,29530.75,29531.50,24,29531.50,29531.50,0.00
2026-08-04 10:41:21,29531.25,29531.75,29528.75,29529.75,49,29529.75,29529.75,0.00
2026-08-04 10:41:22,29530.25,29531.00,29529.50,29531.00,25,29531.00,29531.00,0.00
2026-08-04 10:41:23,29530.00,29531.50,29529.50,29531.25,19,29531.25,29531.25,0.00
2026-08-04 10:41:24,29531.25,29531.25,29530.00,29530.00,16,29530.00,29530.00,0.00
2026-08-04 10:41:25,29529.25,29529.75,29528.50,29529.25,25,29529.25,29529.25,0.00
2026-08-04 10:41:26,29529.50,29530.75,29529.25,29530.75,28,29530.75,29530.75,0.00
2026-08-04 10:41:27,29530.75,29531.00,29529.25,29531.00,41,29531.00,29531.00,0.00
2026-08-04 10:41:28,29530.75,29531.00,29529.00,29530.25,36,29530.25,29530.25,0.00
2026-08-04 10:41:29,29530.00,29531.50,29529.75,29530.75,16,29530.75,29530.75,0.00
2026-08-04 10:41:30,29531.75,29532.00,29530.75,29531.50,26,29531.50,29531.50,0.00
2026-08-04 10:41:31,29531.50,29533.00,29531.00,29532.50,57,29532.50,29532.50,0.00
2026-08-04 10:41:32,29532.50,29532.50,29529.50,29531.50,35,29531.50,29531.50,0.00
2026-08-04 10:41:33,29531.50,29531.50,29530.00,29530.00,34,29530.00,29530.00,0.00
2026-08-04 10:41:34,29529.50,29531.50,29529.50,29531.50,35,29531.50,29531.50,0.00
2026-08-04 10:41:35,29530.50,29531.75,29530.25,29531.00,38,29531.00,29531.00,0.00
2026-08-04 10:41:36,29531.00,29531.50,29530.25,29530.50,46,29530.50,29530.50,0.00
2026-08-04 10:41:37,29530.50,29531.50,29530.00,29530.00,29,29530.00,29530.00,0.00
2026-08-04 10:41:38,29530.75,29532.00,29530.75,29531.75,19,29531.75,29531.75,0.00
2026-08-04 10:41:39,29532.25,29532.50,29530.25,29531.00,20,29531.00,29531.00,0.00
2026-08-04 10:41:40,29531.25,29531.50,29528.25,29529.00,86,29529.00,29529.00,0.00
2026-08-04 10:41:41,29528.25,29529.00,29524.25,29525.25,192,29525.25,29525.25,0.00
2026-08-04 10:41:42,29525.00,29525.50,29524.25,29525.00,62,29525.00,29525.00,0.00
2026-08-04 10:41:43,29524.25,29525.25,29523.50,29524.50,67,29524.50,29524.50,0.00
2026-08-04 10:41:44,29525.25,29527.25,29525.25,29526.75,97,29526.75,29526.75,0.00
2026-08-04 10:41:45,29527.00,29529.50,29527.00,29529.50,25,29529.50,29529.50,0.00
2026-08-04 10:41:46,29528.75,29529.00,29526.75,29527.50,12,29527.50,29527.50,0.00
2026-08-04 10:41:47,29527.75,29531.25,29527.25,29530.75,88,29530.75,29530.75,0.00
2026-08-04 10:41:48,29531.50,29532.25,29530.25,29530.75,55,29530.75,29530.75,0.00
2026-08-04 10:41:49,29530.25,29533.00,29529.75,29533.00,38,29533.00,29533.00,0.00
2026-08-04 10:41:50,29533.25,29535.25,29533.25,29533.75,75,29533.75,29533.75,0.00
2026-08-04 10:41:51,29533.50,29535.25,29533.00,29535.00,74,29535.00,29535.00,0.00
2026-08-04 10:41:52,29534.75,29534.75,29533.25,29533.25,39,29533.25,29533.25,0.00
2026-08-04 10:41:53,29533.00,29533.25,29531.50,29531.75,33,29531.75,29531.75,0.00
2026-08-04 10:41:54,29530.75,29530.75,29529.00,29529.75,37,29529.75,29529.75,0.00
2026-08-04 10:41:55,29529.00,29530.00,29528.25,29530.00,37,29530.00,29530.00,0.00
2026-08-04 10:41:56,29529.25,29529.25,29527.75,29528.50,17,29528.50,29528.50,0.00
2026-08-04 10:41:57,29528.25,29530.25,29528.25,29530.25,18,29530.25,29530.25,0.00
2026-08-04 10:41:58,29530.25,29531.00,29529.00,29530.00,27,29530.00,29530.00,0.00
2026-08-04 10:41:59,29530.25,29530.25,29529.50,29530.25,7,29530.25,29530.25,0.00
2026-08-04 10:42:00,29529.75,29533.25,29529.50,29532.50,95,29532.50,29532.50,0.00
2026-08-04 10:42:01,29532.75,29533.25,29530.00,29530.75,47,29530.75,29530.75,0.00
2026-08-04 10:42:02,29530.75,29531.75,29530.75,29531.75,21,29531.75,29531.75,0.00
2026-08-04 10:42:03,29531.25,29532.25,29531.00,29531.50,24,29531.50,29531.50,0.00
2026-08-04 10:42:04,29532.00,29535.00,29532.00,29533.75,81,29533.75,29533.75,0.00
2026-08-04 10:42:05,29534.25,29534.25,29532.75,29534.00,31,29534.00,29534.00,0.00
2026-08-04 10:42:06,29533.00,29538.00,29533.00,29537.50,144,29537.50,29537.50,0.00
2026-08-04 10:42:07,29537.50,29538.50,29534.50,29534.75,88,29534.75,29534.75,0.00
2026-08-04 10:42:08,29535.00,29535.50,29532.25,29532.75,28,29532.75,29532.75,0.00
2026-08-04 10:42:09,29533.75,29535.00,29533.75,29535.00,15,29535.00,29535.00,0.00
2026-08-04 10:42:10,29535.00,29538.00,29533.50,29536.75,95,29536.75,29536.75,0.00
2026-08-04 10:42:11,29537.00,29537.00,29533.25,29533.50,71,29533.50,29533.50,0.00
2026-08-04 10:42:12,29533.75,29534.25,29530.75,29531.25,94,29531.25,29531.25,0.00
2026-08-04 10:42:13,29531.50,29533.25,29528.75,29533.25,85,29533.25,29533.25,0.00
2026-08-04 10:42:14,29533.50,29535.50,29533.50,29535.00,34,29535.00,29535.00,0.00
2026-08-04 10:42:15,29535.00,29535.00,29534.00,29534.00,14,29534.00,29534.00,0.00
2026-08-04 10:42:16,29534.50,29534.75,29533.00,29533.00,45,29533.00,29533.00,0.00
2026-08-04 10:42:17,29533.25,29533.50,29532.50,29532.75,20,29532.75,29532.75,0.00
2026-08-04 10:42:18,29533.50,29533.50,29533.00,29533.50,5,29533.50,29533.50,0.00
2026-08-04 10:42:19,29533.00,29533.00,29531.00,29532.25,32,29532.25,29532.25,0.00
2026-08-04 10:42:20,29532.25,29532.75,29529.00,29529.75,32,29529.75,29529.75,0.00
2026-08-04 10:42:21,29529.50,29530.00,29528.50,29529.75,44,29529.75,29529.75,0.00
2026-08-04 10:42:22,29530.25,29532.25,29530.25,29531.75,40,29531.75,29531.75,0.00
2026-08-04 10:42:23,29532.25,29534.25,29532.25,29533.25,48,29533.25,29533.25,0.00
2026-08-04 10:42:24,29534.00,29537.25,29534.00,29536.75,36,29536.75,29536.75,0.00
2026-08-04 10:42:25,29537.50,29538.00,29536.50,29537.75,46,29537.75,29537.75,0.00
2026-08-04 10:42:26,29538.25,29540.50,29537.00,29537.50,159,29537.50,29537.50,0.00
2026-08-04 10:42:27,29537.25,29540.50,29536.75,29540.25,66,29540.25,29540.25,0.00
2026-08-04 10:42:28,29540.25,29540.25,29537.00,29539.00,58,29539.00,29539.00,0.00
2026-08-04 10:42:29,29539.00,29540.00,29537.25,29537.75,61,29537.75,29537.75,0.00
2026-08-04 10:42:30,29537.75,29538.75,29535.50,29538.75,94,29538.75,29538.75,0.00
2026-08-04 10:42:31,29538.25,29538.50,29536.25,29538.25,41,29538.25,29538.25,0.00
2026-08-04 10:42:32,29537.50,29538.25,29536.25,29537.25,68,29537.25,29537.25,0.00
2026-08-04 10:42:33,29536.50,29537.75,29536.25,29537.00,48,29537.00,29537.00,0.00
2026-08-04 10:42:34,29537.00,29538.50,29537.00,29537.75,28,29537.75,29537.75,0.00
2026-08-04 10:42:35,29538.00,29539.00,29537.75,29537.75,16,29537.75,29537.75,0.00
2026-08-04 10:42:36,29538.25,29538.75,29537.75,29538.50,26,29538.50,29538.50,0.00
2026-08-04 10:42:37,29538.50,29539.25,29538.00,29539.00,31,29539.00,29539.00,0.00
2026-08-04 10:42:38,29539.00,29539.25,29537.75,29538.25,20,29538.25,29538.25,0.00
2026-08-04 10:42:39,29538.75,29540.00,29538.50,29540.00,42,29540.00,29540.00,0.00
2026-08-04 10:42:40,29539.75,29541.75,29539.25,29539.50,102,29539.50,29539.50,0.00
2026-08-04 10:42:41,29538.25,29539.25,29536.50,29539.25,60,29539.25,29539.25,0.00
2026-08-04 10:42:42,29539.00,29540.00,29538.25,29540.00,39,29540.00,29540.00,0.00
2026-08-04 10:42:43,29538.75,29541.00,29538.75,29540.50,28,29540.50,29540.50,0.00
2026-08-04 10:42:44,29540.75,29544.75,29540.00,29544.50,147,29544.50,29544.50,0.00
2026-08-04 10:42:45,29544.25,29546.50,29543.75,29545.50,261,29545.50,29545.50,0.00
2026-08-04 10:42:46,29545.25,29548.00,29545.25,29547.50,304,29547.50,29547.50,0.00
2026-08-04 10:42:47,29547.75,29552.00,29547.50,29550.75,406,29550.75,29550.75,0.00
2026-08-04 10:42:48,29550.75,29551.75,29549.00,29550.75,258,29550.75,29550.75,0.00
2026-08-04 10:42:49,29550.50,29551.00,29548.75,29549.25,105,29549.25,29549.25,0.00
2026-08-04 10:42:50,29549.25,29551.00,29548.75,29549.50,123,29549.50,29549.50,0.00
2026-08-04 10:42:51,29550.00,29551.25,29549.00,29549.00,103,29549.00,29549.00,0.00
2026-08-04 10:42:52,29548.75,29549.75,29548.00,29548.75,86,29548.75,29548.75,0.00
2026-08-04 10:42:53,29549.25,29549.25,29546.50,29546.75,79,29546.75,29546.75,0.00
2026-08-04 10:42:54,29546.25,29546.75,29544.00,29544.00,68,29544.00,29544.00,0.00
2026-08-04 10:42:55,29544.00,29545.50,29543.75,29544.75,66,29544.75,29544.75,0.00
2026-08-04 10:42:56,29545.25,29545.75,29543.25,29543.50,69,29543.50,29543.50,0.00
2026-08-04 10:42:57,29543.50,29544.00,29541.75,29543.50,125,29543.50,29543.50,0.00
2026-08-04 10:42:58,29543.50,29543.75,29542.75,29542.75,37,29542.75,29542.75,0.00
2026-08-04 10:42:59,29543.50,29544.00,29541.75,29541.75,34,29541.75,29541.75,0.00
2026-08-04 10:43:00,29542.75,29546.00,29541.75,29545.25,155,29545.25,29545.25,0.00
2026-08-04 10:43:01,29544.75,29545.25,29543.50,29544.25,134,29544.25,29544.25,0.00
2026-08-04 10:43:02,29543.25,29544.00,29541.75,29544.00,62,29544.00,29544.00,0.00
2026-08-04 10:43:03,29543.75,29543.75,29542.25,29543.25,64,29543.25,29543.25,0.00
2026-08-04 10:43:04,29543.00,29543.00,29541.00,29542.50,60,29542.50,29542.50,0.00
2026-08-04 10:43:05,29541.50,29542.75,29540.50,29542.50,69,29542.50,29542.50,0.00
2026-08-04 10:43:06,29542.50,29543.50,29542.25,29542.50,31,29542.50,29542.50,0.00
2026-08-04 10:43:07,29542.50,29544.00,29541.50,29543.75,42,29543.75,29543.75,0.00
2026-08-04 10:43:08,29543.75,29544.50,29541.00,29541.00,46,29541.00,29541.00,0.00
2026-08-04 10:43:09,29541.25,29541.75,29539.25,29541.75,92,29541.75,29541.75,0.00
2026-08-04 10:43:10,29541.50,29542.00,29540.75,29541.50,34,29541.50,29541.50,0.00
2026-08-04 10:43:11,29541.50,29542.75,29541.25,29542.25,29,29542.25,29542.25,0.00
2026-08-04 10:43:12,29541.00,29542.50,29540.75,29542.25,33,29542.25,29542.25,0.00
2026-08-04 10:43:13,29542.25,29542.75,29541.50,29541.75,31,29541.75,29541.75,0.00
2026-08-04 10:43:14,29542.00,29542.25,29540.25,29541.00,33,29541.00,29541.00,0.00
2026-08-04 10:43:15,29541.50,29541.75,29540.25,29541.75,39,29541.75,29541.75,0.00
2026-08-04 10:43:16,29542.25,29543.00,29542.25,29542.50,13,29542.50,29542.50,0.00
2026-08-04 10:43:17,29542.75,29543.25,29541.75,29543.00,39,29543.00,29543.00,0.00
2026-08-04 10:43:18,29543.25,29543.25,29540.50,29541.50,47,29541.50,29541.50,0.00
2026-08-04 10:43:19,29540.75,29540.75,29539.25,29539.50,36,29539.50,29539.50,0.00
2026-08-04 10:43:20,29539.00,29539.50,29538.00,29538.00,103,29538.00,29538.00,0.00
2026-08-04 10:43:21,29538.25,29539.25,29535.00,29536.50,203,29536.50,29536.50,0.00
2026-08-04 10:43:22,29536.25,29537.00,29535.50,29536.75,126,29536.75,29536.75,0.00
2026-08-04 10:43:23,29536.75,29538.50,29536.75,29538.50,75,29538.50,29538.50,0.00
2026-08-04 10:43:24,29537.25,29537.75,29534.25,29534.75,93,29534.75,29534.75,0.00
2026-08-04 10:43:25,29535.00,29536.75,29535.00,29536.00,81,29536.00,29536.00,0.00
2026-08-04 10:43:26,29536.75,29540.75,29536.50,29539.75,125,29539.75,29539.75,0.00
2026-08-04 10:43:27,29539.00,29539.00,29535.25,29538.00,99,29538.00,29538.00,0.00
2026-08-04 10:43:28,29538.50,29538.75,29536.50,29536.50,43,29536.50,29536.50,0.00
2026-08-04 10:43:29,29536.25,29538.50,29535.75,29538.00,39,29538.00,29538.00,0.00
2026-08-04 10:43:30,29537.50,29538.00,29536.75,29537.75,35,29537.75,29537.75,0.00
2026-08-04 10:43:31,29537.50,29538.00,29536.25,29537.00,22,29537.00,29537.00,0.00
2026-08-04 10:43:32,29537.00,29537.75,29535.50,29536.00,50,29536.00,29536.00,0.00
2026-08-04 10:43:33,29535.75,29538.50,29535.00,29538.00,78,29538.00,29538.00,0.00
2026-08-04 10:43:34,29538.00,29539.00,29537.75,29538.50,52,29538.50,29538.50,0.00
2026-08-04 10:43:35,29538.25,29539.75,29537.50,29539.75,40,29539.75,29539.75,0.00
2026-08-04 10:43:36,29539.50,29539.50,29537.50,29538.50,42,29538.50,29538.50,0.00
2026-08-04 10:43:37,29538.75,29539.25,29537.25,29538.50,60,29538.50,29538.50,0.00
2026-08-04 10:43:38,29538.50,29539.00,29536.00,29536.00,57,29536.00,29536.00,0.00
2026-08-04 10:43:39,29537.00,29537.00,29536.25,29536.25,21,29536.25,29536.25,0.00
2026-08-04 10:43:40,29536.50,29537.25,29536.25,29537.00,28,29537.00,29537.00,0.00
2026-08-04 10:43:41,29536.75,29536.75,29533.25,29535.50,139,29535.50,29535.50,0.00
2026-08-04 10:43:42,29536.00,29540.50,29534.75,29540.00,154,29540.00,29540.00,0.00
2026-08-04 10:43:43,29539.75,29540.25,29538.50,29540.00,58,29540.00,29540.00,0.00
2026-08-04 10:43:44,29539.25,29541.00,29538.00,29540.25,97,29540.25,29540.25,0.00
2026-08-04 10:43:45,29539.75,29541.50,29539.75,29541.25,24,29541.25,29541.25,0.00
2026-08-04 10:43:46,29540.50,29542.25,29539.25,29541.75,97,29541.75,29541.75,0.00
2026-08-04 10:43:47,29541.75,29542.75,29539.00,29542.75,137,29542.75,29542.75,0.00
2026-08-04 10:43:48,29542.25,29543.75,29541.25,29543.75,55,29543.75,29543.75,0.00
2026-08-04 10:43:49,29543.75,29545.75,29542.75,29543.50,131,29543.50,29543.50,0.00
2026-08-04 10:43:50,29543.50,29544.50,29543.25,29544.50,64,29544.50,29544.50,0.00
2026-08-04 10:43:51,29544.50,29547.25,29543.75,29544.00,160,29544.00,29544.00,0.00
2026-08-04 10:43:52,29543.75,29543.75,29541.75,29542.75,101,29542.75,29542.75,0.00
2026-08-04 10:43:53,29542.50,29542.75,29540.50,29542.50,61,29542.50,29542.50,0.00
2026-08-04 10:43:54,29542.25,29542.75,29541.00,29541.75,42,29541.75,29541.75,0.00
2026-08-04 10:43:55,29541.50,29546.25,29541.50,29546.00,38,29546.00,29546.00,0.00
2026-08-04 10:43:56,29545.25,29546.00,29544.75,29545.75,58,29545.75,29545.75,0.00
2026-08-04 10:43:57,29545.25,29547.25,29545.25,29546.25,51,29546.25,29546.25,0.00
2026-08-04 10:43:58,29546.25,29548.50,29546.00,29547.75,97,29547.75,29547.75,0.00
2026-08-04 10:43:59,29547.50,29547.50,29545.75,29545.75,105,29545.75,29545.75,0.00
2026-08-04 10:44:00,29545.50,29546.75,29544.25,29546.00,135,29546.00,29546.00,0.00
2026-08-04 10:44:01,29546.00,29546.25,29544.50,29545.50,66,29545.50,29545.50,0.00
2026-08-04 10:44:02,29545.50,29545.75,29543.25,29543.50,43,29543.50,29543.50,0.00
2026-08-04 10:44:03,29543.00,29544.00,29541.25,29541.50,71,29541.50,29541.50,0.00
2026-08-04 10:44:04,29541.25,29544.00,29541.25,29542.50,20,29542.50,29542.50,0.00
2026-08-04 10:44:05,29543.00,29544.50,29542.25,29544.00,41,29544.00,29544.00,0.00
2026-08-04 10:44:06,29543.50,29543.75,29540.50,29542.50,110,29542.50,29542.50,0.00
2026-08-04 10:44:07,29543.25,29547.25,29543.25,29546.75,54,29546.75,29546.75,0.00
2026-08-04 10:44:08,29546.25,29549.75,29545.75,29549.25,106,29549.25,29549.25,0.00
2026-08-04 10:44:09,29549.50,29549.75,29548.75,29549.00,40,29549.00,29549.00,0.00
2026-08-04 10:44:10,29549.50,29550.75,29549.00,29550.25,86,29550.25,29550.25,0.00
2026-08-04 10:44:11,29550.00,29550.50,29549.00,29550.00,55,29550.00,29550.00,0.00
2026-08-04 10:44:12,29550.50,29552.00,29550.50,29551.75,84,29551.75,29551.75,0.00
2026-08-04 10:44:13,29551.75,29554.25,29551.75,29553.25,229,29553.25,29553.25,0.00
2026-08-04 10:44:14,29553.00,29553.25,29550.25,29550.50,79,29550.50,29550.50,0.00
2026-08-04 10:44:15,29550.25,29551.25,29549.75,29550.75,67,29550.75,29550.75,0.00
2026-08-04 10:44:16,29550.50,29551.25,29550.25,29550.75,36,29550.75,29550.75,0.00
2026-08-04 10:44:17,29551.00,29551.00,29549.25,29550.00,52,29550.00,29550.00,0.00
2026-08-04 10:44:18,29549.75,29549.75,29548.00,29548.50,42,29548.50,29548.50,0.00
2026-08-04 10:44:19,29548.25,29549.00,29548.00,29548.50,31,29548.50,29548.50,0.00
2026-08-04 10:44:20,29547.00,29548.25,29546.75,29547.50,92,29547.50,29547.50,0.00
2026-08-04 10:44:21,29547.75,29549.25,29547.50,29549.25,53,29549.25,29549.25,0.00
2026-08-04 10:44:22,29548.75,29549.00,29546.75,29547.75,60,29547.75,29547.75,0.00
2026-08-04 10:44:23,29547.25,29550.00,29547.25,29550.00,53,29550.00,29550.00,0.00
2026-08-04 10:44:24,29550.00,29551.25,29549.50,29550.75,69,29550.75,29550.75,0.00
2026-08-04 10:44:25,29550.75,29550.75,29548.00,29548.50,45,29548.50,29548.50,0.00
2026-08-04 10:44:26,29548.00,29549.00,29546.00,29546.75,65,29546.75,29546.75,0.00
2026-08-04 10:44:27,29545.25,29547.00,29545.00,29546.50,105,29546.50,29546.50,0.00
2026-08-04 10:44:28,29546.75,29548.00,29546.50,29547.00,78,29547.00,29547.00,0.00
2026-08-04 10:44:29,29547.25,29548.00,29547.00,29547.25,13,29547.25,29547.25,0.00
2026-08-04 10:44:30,29547.50,29548.00,29546.50,29546.50,40,29546.50,29546.50,0.00
2026-08-04 10:44:31,29546.50,29547.50,29545.75,29546.50,24,29546.50,29546.50,0.00
2026-08-04 10:44:32,29547.00,29547.50,29546.50,29546.50,33,29546.50,29546.50,0.00
2026-08-04 10:44:33,29546.25,29547.25,29546.00,29547.00,44,29547.00,29547.00,0.00
2026-08-04 10:44:34,29546.50,29548.00,29546.25,29547.50,43,29547.50,29547.50,0.00
2026-08-04 10:44:35,29547.25,29548.50,29547.00,29547.75,34,29547.75,29547.75,0.00
2026-08-04 10:44:36,29547.25,29547.75,29545.25,29546.25,88,29546.25,29546.25,0.00
2026-08-04 10:44:37,29545.75,29546.00,29542.50,29543.00,91,29543.00,29543.00,0.00
2026-08-04 10:44:38,29543.75,29544.50,29542.75,29544.00,65,29544.00,29544.00,0.00
2026-08-04 10:44:39,29544.75,29545.75,29543.75,29545.75,63,29545.75,29545.75,0.00
2026-08-04 10:44:40,29545.50,29546.75,29544.75,29545.25,44,29545.25,29545.25,0.00
2026-08-04 10:44:41,29545.75,29547.00,29545.25,29546.75,31,29546.75,29546.75,0.00
2026-08-04 10:44:42,29546.25,29548.25,29546.25,29548.25,26,29548.25,29548.25,0.00
2026-08-04 10:44:43,29547.50,29548.00,29546.00,29547.75,29,29547.75,29547.75,0.00
2026-08-04 10:44:44,29547.50,29549.00,29547.25,29548.75,38,29548.75,29548.75,0.00
2026-08-04 10:44:45,29548.00,29548.50,29547.25,29547.25,17,29547.25,29547.25,0.00
2026-08-04 10:44:46,29547.25,29548.75,29547.00,29548.75,47,29548.75,29548.75,0.00
2026-08-04 10:44:47,29549.00,29549.75,29548.75,29549.50,25,29549.50,29549.50,0.00
2026-08-04 10:44:48,29549.25,29549.75,29548.50,29549.75,28,29549.75,29549.75,0.00
2026-08-04 10:44:49,29549.75,29549.75,29548.25,29549.50,14,29549.50,29549.50,0.00
2026-08-04 10:44:50,29549.25,29550.75,29548.75,29549.25,55,29549.25,29549.25,0.00
2026-08-04 10:44:51,29549.25,29550.50,29549.25,29550.25,28,29550.25,29550.25,0.00
2026-08-04 10:44:52,29550.50,29552.00,29550.25,29550.75,81,29550.75,29550.75,0.00
2026-08-04 10:44:53,29550.75,29551.00,29549.75,29550.25,58,29550.25,29550.25,0.00
2026-08-04 10:44:54,29549.75,29551.50,29549.25,29551.25,33,29551.25,29551.25,0.00
2026-08-04 10:44:55,29551.00,29551.50,29550.25,29550.25,46,29550.25,29550.25,0.00
2026-08-04 10:44:56,29550.75,29551.00,29549.25,29550.25,66,29550.25,29550.25,0.00
2026-08-04 10:44:57,29550.25,29554.25,29550.25,29553.25,96,29553.25,29553.25,0.00
2026-08-04 10:44:58,29553.50,29555.00,29553.25,29554.25,105,29554.25,29554.25,0.00
2026-08-04 10:44:59,29554.50,29555.00,29554.00,29554.25,67,29554.25,29554.25,0.00
2026-08-04 10:45:00,29554.50,29558.50,29554.00,29556.75,308,29556.75,29556.75,0.00
2026-08-04 10:45:01,29556.50,29557.75,29550.00,29554.00,359,29554.00,29554.00,0.00
2026-08-04 10:45:02,29554.00,29555.00,29550.75,29550.75,153,29550.75,29550.75,0.00
2026-08-04 10:45:03,29550.75,29551.00,29546.00,29546.25,176,29546.25,29546.25,0.00
2026-08-04 10:45:04,29546.00,29548.75,29545.75,29547.00,65,29547.00,29547.00,0.00
2026-08-04 10:45:05,29546.75,29548.75,29545.25,29547.00,108,29547.00,29547.00,0.00
2026-08-04 10:45:06,29547.25,29549.25,29546.75,29548.25,86,29548.25,29548.25,0.00
2026-08-04 10:45:07,29547.75,29548.00,29545.00,29546.25,83,29546.25,29546.25,0.00
2026-08-04 10:45:08,29546.25,29546.50,29544.25,29545.50,92,29545.50,29545.50,0.00
2026-08-04 10:45:09,29545.50,29547.75,29544.00,29547.75,65,29547.75,29547.75,0.00
2026-08-04 10:45:10,29547.75,29548.50,29546.25,29547.50,66,29547.50,29547.50,0.00
2026-08-04 10:45:11,29547.50,29549.50,29547.25,29548.25,66,29548.25,29548.25,0.00
2026-08-04 10:45:12,29548.00,29548.50,29546.25,29547.25,42,29547.25,29547.25,0.00
2026-08-04 10:45:13,29546.50,29547.50,29545.00,29546.75,55,29546.75,29546.75,0.00
2026-08-04 10:45:14,29546.75,29548.00,29545.75,29548.00,33,29548.00,29548.00,0.00
2026-08-04 10:45:15,29547.75,29549.25,29547.25,29548.50,63,29548.50,29548.50,0.00
2026-08-04 10:45:16,29548.50,29551.75,29548.00,29551.25,50,29551.25,29551.25,0.00
2026-08-04 10:45:17,29552.00,29552.25,29550.75,29550.75,34,29550.75,29550.75,0.00
2026-08-04 10:45:18,29551.50,29552.00,29551.00,29551.75,17,29551.75,29551.75,0.00
2026-08-04 10:45:19,29551.75,29552.00,29550.00,29552.00,15,29552.00,29552.00,0.00
2026-08-04 10:45:20,29551.00,29552.75,29551.00,29551.50,40,29551.50,29551.50,0.00
2026-08-04 10:45:21,29551.50,29552.00,29550.25,29550.75,51,29550.75,29550.75,0.00
2026-08-04 10:45:22,29550.75,29552.00,29550.25,29552.00,66,29552.00,29552.00,0.00
2026-08-04 10:45:23,29552.50,29552.50,29550.75,29552.50,41,29552.50,29552.50,0.00
2026-08-04 10:45:24,29553.00,29553.75,29552.00,29552.50,75,29552.50,29552.50,0.00
2026-08-04 10:45:25,29552.00,29552.00,29549.75,29549.75,49,29549.75,29549.75,0.00
2026-08-04 10:45:26,29550.25,29551.00,29549.25,29551.00,51,29551.00,29551.00,0.00
2026-08-04 10:45:27,29551.00,29551.25,29549.25,29549.75,57,29549.75,29549.75,0.00
2026-08-04 10:45:28,29550.25,29550.75,29549.50,29549.50,26,29549.50,29549.50,0.00
2026-08-04 10:45:29,29549.25,29549.25,29547.75,29548.50,53,29548.50,29548.50,0.00
2026-08-04 10:45:30,29548.50,29549.25,29547.50,29548.75,53,29548.75,29548.75,0.00
2026-08-04 10:45:31,29548.75,29550.25,29548.25,29549.75,31,29549.75,29549.75,0.00
2026-08-04 10:45:32,29549.25,29549.50,29548.00,29548.00,19,29548.00,29548.00,0.00
2026-08-04 10:45:33,29548.00,29548.25,29544.75,29545.25,93,29545.25,29545.25,0.00
2026-08-04 10:45:34,29545.00,29546.00,29543.50,29544.75,144,29544.75,29544.75,0.00
2026-08-04 10:45:35,29544.75,29545.25,29542.75,29543.75,59,29543.75,29543.75,0.00
2026-08-04 10:45:36,29543.25,29545.25,29543.00,29544.75,83,29544.75,29544.75,0.00
2026-08-04 10:45:37,29545.25,29545.25,29542.75,29544.25,78,29544.25,29544.25,0.00
2026-08-04 10:45:38,29544.00,29547.00,29544.00,29546.75,94,29546.75,29546.75,0.00
2026-08-04 10:45:39,29546.00,29547.75,29546.00,29547.25,60,29547.25,29547.25,0.00
2026-08-04 10:45:40,29547.25,29547.75,29545.75,29547.75,154,29547.75,29547.75,0.00
2026-08-04 10:45:41,29547.75,29547.75,29547.00,29547.00,16,29547.00,29547.00,0.00
2026-08-04 10:45:42,29547.25,29550.00,29546.25,29550.00,55,29550.00,29550.00,0.00
2026-08-04 10:45:43,29549.75,29549.75,29547.50,29547.75,110,29547.75,29547.75,0.00
2026-08-04 10:45:44,29547.00,29548.00,29547.00,29547.50,10,29547.50,29547.50,0.00
2026-08-04 10:45:45,29546.50,29547.50,29546.00,29547.00,18,29547.00,29547.00,0.00
2026-08-04 10:45:46,29547.25,29547.75,29546.75,29547.75,13,29547.75,29547.75,0.00
2026-08-04 10:45:47,29548.00,29549.25,29547.25,29547.75,43,29547.75,29547.75,0.00
2026-08-04 10:45:48,29547.75,29547.75,29545.25,29547.00,73,29547.00,29547.00,0.00
2026-08-04 10:45:49,29547.00,29547.00,29543.75,29544.50,51,29544.50,29544.50,0.00
2026-08-04 10:45:50,29544.00,29544.50,29543.25,29544.00,31,29544.00,29544.00,0.00
2026-08-04 10:45:51,29543.50,29545.25,29542.00,29545.00,113,29545.00,29545.00,0.00
2026-08-04 10:45:52,29545.00,29547.75,29545.00,29547.25,60,29547.25,29547.25,0.00
2026-08-04 10:45:53,29547.00,29548.50,29546.75,29547.50,59,29547.50,29547.50,0.00
2026-08-04 10:45:54,29547.75,29548.50,29547.25,29548.00,38,29548.00,29548.00,0.00
2026-08-04 10:45:55,29547.25,29547.75,29547.25,29547.50,14,29547.50,29547.50,0.00
2026-08-04 10:45:56,29547.50,29548.00,29547.00,29547.50,13,29547.50,29547.50,0.00
2026-08-04 10:45:57,29546.75,29547.00,29546.25,29546.50,20,29546.50,29546.50,0.00
2026-08-04 10:45:58,29546.50,29547.25,29545.50,29547.25,21,29547.25,29547.25,0.00
2026-08-04 10:45:59,29547.00,29547.00,29545.50,29546.00,46,29546.00,29546.00,0.00
2026-08-04 10:46:00,29545.25,29546.75,29544.50,29546.00,41,29546.00,29546.00,0.00
2026-08-04 10:46:01,29546.25,29546.50,29543.50,29545.50,66,29545.50,29545.50,0.00
2026-08-04 10:46:02,29545.00,29546.00,29544.00,29546.00,70,29546.00,29546.00,0.00
2026-08-04 10:46:03,29546.25,29546.25,29542.50,29543.25,70,29543.25,29543.25,0.00
2026-08-04 10:46:04,29542.25,29543.75,29542.25,29543.75,27,29543.75,29543.75,0.00
2026-08-04 10:46:05,29543.75,29545.75,29542.50,29543.75,141,29543.75,29543.75,0.00
2026-08-04 10:46:06,29543.75,29546.75,29543.75,29546.75,56,29546.75,29546.75,0.00
2026-08-04 10:46:07,29547.00,29548.25,29544.25,29544.25,68,29544.25,29544.25,0.00
2026-08-04 10:46:08,29544.25,29545.25,29544.00,29545.25,17,29545.25,29545.25,0.00
2026-08-04 10:46:09,29544.75,29548.75,29544.50,29547.50,56,29547.50,29547.50,0.00
2026-08-04 10:46:10,29548.00,29549.75,29547.50,29549.75,44,29549.75,29549.75,0.00
2026-08-04 10:46:11,29548.75,29548.75,29545.75,29546.00,70,29546.00,29546.00,0.00
2026-08-04 10:46:12,29546.00,29546.00,29544.75,29544.75,16,29544.75,29544.75,0.00
2026-08-04 10:46:13,29545.00,29545.75,29543.75,29545.25,39,29545.25,29545.25,0.00
2026-08-04 10:46:14,29545.50,29550.50,29545.25,29548.50,106,29548.50,29548.50,0.00
2026-08-04 10:46:15,29550.00,29551.00,29549.50,29550.25,85,29550.25,29550.25,0.00
2026-08-04 10:46:16,29549.75,29550.25,29547.25,29547.25,90,29547.25,29547.25,0.00
2026-08-04 10:46:17,29547.00,29547.75,29546.50,29547.75,26,29547.75,29547.75,0.00
2026-08-04 10:46:18,29548.00,29551.00,29548.00,29550.50,75,29550.50,29550.50,0.00
2026-08-04 10:46:19,29550.75,29553.25,29550.50,29552.75,75,29552.75,29552.75,0.00
2026-08-04 10:46:20,29552.50,29553.00,29550.50,29552.00,83,29552.00,29552.00,0.00
2026-08-04 10:46:21,29551.75,29552.25,29550.50,29551.00,47,29551.00,29551.00,0.00
2026-08-04 10:46:22,29551.00,29552.75,29550.75,29552.50,36,29552.50,29552.50,0.00
2026-08-04 10:46:23,29552.00,29552.50,29551.25,29552.25,32,29552.25,29552.25,0.00
2026-08-04 10:46:24,29552.25,29553.75,29552.00,29553.00,60,29553.00,29553.00,0.00
2026-08-04 10:46:25,29553.50,29553.50,29552.00,29552.00,34,29552.00,29552.00,0.00
2026-08-04 10:46:26,29551.75,29552.00,29550.00,29550.50,27,29550.50,29550.50,0.00
2026-08-04 10:46:27,29550.75,29550.75,29549.25,29549.75,32,29549.75,29549.75,0.00
2026-08-04 10:46:28,29549.75,29550.25,29548.75,29549.25,33,29549.25,29549.25,0.00
2026-08-04 10:46:29,29548.75,29550.00,29547.75,29549.50,42,29549.50,29549.50,0.00
2026-08-04 10:46:30,29549.75,29550.25,29548.75,29550.00,56,29550.00,29550.00,0.00
2026-08-04 10:46:31,29550.75,29554.00,29550.25,29553.75,38,29553.75,29553.75,0.00
2026-08-04 10:46:32,29554.00,29554.00,29553.00,29553.50,25,29553.50,29553.50,0.00
2026-08-04 10:46:33,29553.50,29554.00,29551.50,29552.75,27,29552.75,29552.75,0.00
2026-08-04 10:46:34,29552.25,29552.75,29552.25,29552.75,34,29552.75,29552.75,0.00
2026-08-04 10:46:35,29552.25,29555.00,29552.00,29554.50,66,29554.50,29554.50,0.00
2026-08-04 10:46:36,29555.00,29556.00,29554.25,29555.00,96,29555.00,29555.00,0.00
2026-08-04 10:46:37,29554.75,29555.50,29554.50,29554.75,47,29554.75,29554.75,0.00
2026-08-04 10:46:38,29554.75,29555.25,29554.25,29555.00,29,29555.00,29555.00,0.00
2026-08-04 10:46:39,29555.25,29555.50,29554.50,29554.75,38,29554.75,29554.75,0.00
2026-08-04 10:46:40,29554.25,29555.25,29554.25,29554.50,19,29554.50,29554.50,0.00
2026-08-04 10:46:41,29554.50,29555.50,29554.50,29555.50,25,29555.50,29555.50,0.00
2026-08-04 10:46:42,29554.75,29557.75,29554.50,29557.75,129,29557.75,29557.75,0.00
2026-08-04 10:46:43,29557.25,29558.00,29556.25,29558.00,112,29558.00,29558.00,0.00
2026-08-04 10:46:44,29557.50,29559.50,29556.25,29558.25,197,29558.25,29558.25,0.00
2026-08-04 10:46:45,29558.75,29560.00,29557.25,29560.00,172,29560.00,29560.00,0.00
2026-08-04 10:46:46,29559.75,29562.75,29558.50,29559.00,283,29559.00,29559.00,0.00
2026-08-04 10:46:47,29559.00,29559.25,29555.50,29556.00,131,29556.00,29556.00,0.00
2026-08-04 10:46:48,29556.50,29557.50,29556.00,29557.00,44,29557.00,29557.00,0.00
2026-08-04 10:46:49,29557.00,29558.00,29555.75,29555.75,39,29555.75,29555.75,0.00
2026-08-04 10:46:50,29556.00,29557.00,29555.75,29556.50,30,29556.50,29556.50,0.00
2026-08-04 10:46:51,29557.25,29557.25,29556.00,29556.00,61,29556.00,29556.00,0.00
2026-08-04 10:46:52,29555.50,29556.75,29555.00,29556.25,65,29556.25,29556.25,0.00
2026-08-04 10:46:53,29556.25,29557.75,29555.25,29556.75,65,29556.75,29556.75,0.00
2026-08-04 10:46:54,29557.00,29557.25,29555.25,29555.75,32,29555.75,29555.75,0.00
2026-08-04 10:46:55,29555.25,29556.00,29554.00,29555.75,53,29555.75,29555.75,0.00
2026-08-04 10:46:56,29555.50,29557.25,29555.25,29556.75,50,29556.75,29556.75,0.00
2026-08-04 10:46:57,29555.75,29555.75,29553.75,29554.00,43,29554.00,29554.00,0.00
2026-08-04 10:46:58,29553.75,29553.75,29551.25,29551.75,97,29551.75,29551.75,0.00
2026-08-04 10:46:59,29551.50,29552.75,29551.25,29551.50,48,29551.50,29551.50,0.00
2026-08-04 10:47:00,29551.25,29551.75,29551.00,29551.00,60,29551.00,29551.00,0.00
2026-08-04 10:47:01,29550.75,29551.50,29549.50,29551.25,100,29551.25,29551.25,0.00
2026-08-04 10:47:02,29551.25,29552.25,29550.75,29551.75,69,29551.75,29551.75,0.00
2026-08-04 10:47:03,29551.25,29555.50,29550.50,29553.75,87,29553.75,29553.75,0.00
2026-08-04 10:47:04,29553.75,29554.25,29553.00,29554.25,51,29554.25,29554.25,0.00
2026-08-04 10:47:05,29554.50,29555.00,29553.25,29553.50,53,29553.50,29553.50,0.00
2026-08-04 10:47:06,29553.25,29553.25,29550.75,29551.25,65,29551.25,29551.25,0.00
2026-08-04 10:47:07,29551.50,29551.50,29548.75,29550.50,73,29550.50,29550.50,0.00
2026-08-04 10:47:08,29550.75,29553.00,29549.75,29553.00,65,29553.00,29553.00,0.00
2026-08-04 10:47:09,29553.25,29554.00,29552.75,29554.00,24,29554.00,29554.00,0.00
2026-08-04 10:47:10,29553.75,29555.00,29553.00,29555.00,47,29555.00,29555.00,0.00
2026-08-04 10:47:11,29554.50,29554.50,29551.50,29552.75,76,29552.75,29552.75,0.00
2026-08-04 10:47:12,29552.00,29553.25,29551.50,29552.25,31,29552.25,29552.25,0.00
2026-08-04 10:47:13,29551.50,29554.00,29551.25,29553.50,44,29553.50,29553.50,0.00
2026-08-04 10:47:14,29553.75,29553.75,29551.75,29552.75,114,29552.75,29552.75,0.00
2026-08-04 10:47:15,29553.00,29554.25,29552.50,29552.50,17,29552.50,29552.50,0.00
2026-08-04 10:47:16,29552.25,29554.25,29552.25,29554.25,32,29554.25,29554.25,0.00
2026-08-04 10:47:17,29554.00,29554.75,29552.75,29553.25,32,29553.25,29553.25,0.00
2026-08-04 10:47:18,29552.50,29553.00,29549.25,29550.50,124,29550.50,29550.50,0.00
2026-08-04 10:47:19,29550.50,29554.50,29549.75,29554.00,91,29554.00,29554.00,0.00
2026-08-04 10:47:20,29554.00,29555.00,29552.50,29553.50,76,29553.50,29553.50,0.00
2026-08-04 10:47:21,29553.00,29554.50,29552.75,29553.00,37,29553.00,29553.00,0.00
2026-08-04 10:47:22,29551.75,29552.50,29550.25,29552.50,48,29552.50,29552.50,0.00
2026-08-04 10:47:23,29552.25,29553.25,29551.50,29552.25,20,29552.25,29552.25,0.00
2026-08-04 10:47:24,29552.00,29553.00,29550.75,29551.00,24,29551.00,29551.00,0.00
2026-08-04 10:47:25,29551.50,29553.75,29551.50,29552.50,15,29552.50,29552.50,0.00
2026-08-04 10:47:26,29552.25,29554.25,29552.25,29553.00,42,29553.00,29553.00,0.00
2026-08-04 10:47:27,29553.75,29555.00,29553.00,29553.25,29,29553.25,29553.25,0.00
2026-08-04 10:47:28,29552.75,29553.00,29550.75,29551.00,84,29551.00,29551.00,0.00
2026-08-04 10:47:29,29550.75,29550.75,29548.00,29548.00,87,29548.00,29548.00,0.00
2026-08-04 10:47:30,29547.75,29550.75,29545.75,29550.50,129,29550.50,29550.50,0.00
2026-08-04 10:47:31,29551.00,29554.25,29550.25,29553.50,46,29553.50,29553.50,0.00
2026-08-04 10:47:32,29553.25,29554.25,29553.25,29554.00,42,29554.00,29554.00,0.00
2026-08-04 10:47:33,29553.75,29554.00,29553.25,29553.50,14,29553.50,29553.50,0.00
2026-08-04 10:47:34,29553.75,29555.00,29553.50,29553.75,24,29553.75,29553.75,0.00
2026-08-04 10:47:35,29553.50,29554.50,29553.50,29554.25,22,29554.25,29554.25,0.00
2026-08-04 10:47:36,29553.75,29556.00,29553.75,29555.75,63,29555.75,29555.75,0.00
2026-08-04 10:47:37,29555.75,29555.75,29555.00,29555.75,21,29555.75,29555.75,0.00
2026-08-04 10:47:38,29556.00,29556.50,29555.00,29555.25,79,29555.25,29555.25,0.00
2026-08-04 10:47:39,29555.50,29555.75,29554.50,29555.00,17,29555.00,29555.00,0.00
2026-08-04 10:47:40,29554.50,29555.75,29553.25,29553.75,49,29553.75,29553.75,0.00
2026-08-04 10:47:41,29553.50,29554.25,29552.50,29552.50,28,29552.50,29552.50,0.00
2026-08-04 10:47:42,29552.50,29553.00,29550.75,29552.50,55,29552.50,29552.50,0.00
2026-08-04 10:47:43,29552.25,29552.25,29552.00,29552.00,11,29552.00,29552.00,0.00
2026-08-04 10:47:44,29551.50,29552.75,29551.00,29552.25,46,29552.25,29552.25,0.00
2026-08-04 10:47:45,29552.25,29552.50,29551.25,29551.75,45,29551.75,29551.75,0.00
2026-08-04 10:47:46,29551.75,29551.75,29550.75,29551.75,29,29551.75,29551.75,0.00
2026-08-04 10:47:47,29551.50,29551.50,29549.50,29550.75,29,29550.75,29550.75,0.00
2026-08-04 10:47:48,29551.50,29552.50,29551.25,29552.50,43,29552.50,29552.50,0.00
2026-08-04 10:47:49,29553.00,29553.25,29551.75,29552.75,28,29552.75,29552.75,0.00
2026-08-04 10:47:50,29552.25,29552.50,29550.75,29551.25,38,29551.25,29551.25,0.00
2026-08-04 10:47:51,29551.25,29551.50,29550.00,29551.00,22,29551.00,29551.00,0.00
2026-08-04 10:47:52,29551.25,29553.50,29551.00,29553.50,63,29553.50,29553.50,0.00
2026-08-04 10:47:53,29553.00,29554.50,29552.75,29553.75,32,29553.75,29553.75,0.00
2026-08-04 10:47:54,29553.75,29553.75,29552.75,29553.50,25,29553.50,29553.50,0.00
2026-08-04 10:47:55,29553.25,29554.25,29553.25,29554.00,21,29554.00,29554.00,0.00
2026-08-04 10:47:56,29553.25,29554.50,29553.00,29554.50,22,29554.50,29554.50,0.00
2026-08-04 10:47:57,29553.50,29556.00,29553.50,29554.25,46,29554.25,29554.25,0.00
2026-08-04 10:47:58,29554.50,29555.25,29554.25,29555.25,23,29555.25,29555.25,0.00
2026-08-04 10:47:59,29555.25,29555.50,29554.25,29554.75,14,29554.75,29554.75,0.00
2026-08-04 10:48:00,29555.00,29557.25,29554.50,29557.00,53,29557.00,29557.00,0.00
2026-08-04 10:48:01,29556.50,29556.75,29551.25,29552.25,111,29552.25,29552.25,0.00
2026-08-04 10:48:02,29551.50,29555.75,29551.50,29555.75,41,29555.75,29555.75,0.00
2026-08-04 10:48:03,29556.00,29557.75,29555.25,29557.75,71,29557.75,29557.75,0.00
2026-08-04 10:48:04,29557.75,29558.00,29556.25,29556.25,41,29556.25,29556.25,0.00
2026-08-04 10:48:05,29556.25,29557.00,29552.25,29552.25,145,29552.25,29552.25,0.00
2026-08-04 10:48:06,29553.00,29553.50,29552.50,29552.50,43,29552.50,29552.50,0.00
2026-08-04 10:48:07,29553.00,29553.00,29551.50,29551.50,37,29551.50,29551.50,0.00
2026-08-04 10:48:08,29552.00,29552.50,29547.75,29548.25,110,29548.25,29548.25,0.00
2026-08-04 10:48:09,29548.00,29548.50,29546.50,29547.75,59,29547.75,29547.75,0.00
2026-08-04 10:48:10,29547.25,29547.50,29546.25,29547.00,103,29547.00,29547.00,0.00
2026-08-04 10:48:11,29546.75,29547.00,29544.75,29545.25,111,29545.25,29545.25,0.00
2026-08-04 10:48:12,29546.00,29548.00,29545.00,29548.00,95,29548.00,29548.00,0.00
2026-08-04 10:48:13,29548.75,29552.00,29547.75,29551.00,68,29551.00,29551.00,0.00
2026-08-04 10:48:14,29551.50,29553.00,29551.25,29552.00,48,29552.00,29552.00,0.00
2026-08-04 10:48:15,29552.75,29553.50,29552.50,29552.50,49,29552.50,29552.50,0.00
2026-08-04 10:48:16,29552.75,29554.00,29552.00,29553.00,36,29553.00,29553.00,0.00
2026-08-04 10:48:17,29553.50,29553.75,29552.50,29552.75,45,29552.75,29552.75,0.00
2026-08-04 10:48:18,29553.00,29553.00,29549.25,29549.50,33,29549.50,29549.50,0.00
2026-08-04 10:48:19,29549.25,29549.50,29547.75,29549.00,53,29549.00,29549.00,0.00
2026-08-04 10:48:20,29548.50,29548.75,29548.00,29548.00,19,29548.00,29548.00,0.00
2026-08-04 10:48:21,29547.75,29547.75,29545.25,29545.25,61,29545.25,29545.25,0.00
2026-08-04 10:48:22,29545.50,29546.50,29545.50,29546.25,20,29546.25,29546.25,0.00
2026-08-04 10:48:23,29545.50,29546.50,29545.50,29546.25,16,29546.25,29546.25,0.00
2026-08-04 10:48:24,29546.75,29548.25,29546.25,29548.25,22,29548.25,29548.25,0.00
2026-08-04 10:48:25,29548.25,29549.25,29548.00,29548.00,46,29548.00,29548.00,0.00
2026-08-04 10:48:26,29548.50,29549.75,29548.50,29549.50,16,29549.50,29549.50,0.00
2026-08-04 10:48:27,29549.75,29550.00,29549.25,29549.25,26,29549.25,29549.25,0.00
2026-08-04 10:48:28,29549.50,29551.00,29549.50,29550.75,39,29550.75,29550.75,0.00
2026-08-04 10:48:29,29550.25,29550.25,29549.25,29549.50,16,29549.50,29549.50,0.00
2026-08-04 10:48:30,29549.75,29550.00,29548.50,29548.50,34,29548.50,29548.50,0.00
2026-08-04 10:48:31,29548.75,29548.75,29547.50,29547.75,13,29547.75,29547.75,0.00
2026-08-04 10:48:32,29547.75,29548.25,29547.50,29548.25,11,29548.25,29548.25,0.00
2026-08-04 10:48:33,29548.00,29549.00,29547.75,29548.25,10,29548.25,29548.25,0.00
2026-08-04 10:48:34,29548.25,29549.00,29547.50,29548.25,24,29548.25,29548.25,0.00
2026-08-04 10:48:35,29548.50,29548.50,29546.25,29546.50,44,29546.50,29546.50,0.00
2026-08-04 10:48:36,29546.25,29546.75,29545.50,29545.75,30,29545.75,29545.75,0.00
2026-08-04 10:48:37,29545.75,29546.25,29544.50,29546.25,58,29546.25,29546.25,0.00
2026-08-04 10:48:38,29546.50,29547.00,29546.25,29546.75,19,29546.75,29546.75,0.00
2026-08-04 10:48:39,29547.00,29548.25,29546.50,29548.25,11,29548.25,29548.25,0.00
2026-08-04 10:48:40,29548.25,29548.25,29547.00,29547.25,16,29547.25,29547.25,0.00
2026-08-04 10:48:41,29547.00,29547.00,29546.75,29547.00,20,29547.00,29547.00,0.00
2026-08-04 10:48:42,29546.50,29547.50,29546.50,29546.75,26,29546.75,29546.75,0.00
2026-08-04 10:48:43,29547.25,29548.50,29547.25,29547.50,26,29547.50,29547.50,0.00
2026-08-04 10:48:44,29547.75,29548.50,29547.75,29548.50,12,29548.50,29548.50,0.00
2026-08-04 10:48:45,29547.75,29549.50,29547.75,29549.25,11,29549.25,29549.25,0.00
2026-08-04 10:48:46,29549.50,29551.25,29549.50,29551.00,34,29551.00,29551.00,0.00
2026-08-04 10:48:47,29551.00,29552.50,29550.75,29552.25,30,29552.25,29552.25,0.00
2026-08-04 10:48:48,29551.00,29552.50,29550.50,29552.50,68,29552.50,29552.50,0.00
2026-08-04 10:48:49,29551.50,29551.50,29550.00,29550.50,53,29550.50,29550.50,0.00
2026-08-04 10:48:50,29551.00,29551.25,29550.75,29551.25,8,29551.25,29551.25,0.00
2026-08-04 10:48:51,29551.75,29551.75,29548.75,29548.75,41,29548.75,29548.75,0.00
2026-08-04 10:48:52,29549.25,29550.00,29548.50,29549.50,28,29549.50,29549.50,0.00
2026-08-04 10:48:53,29550.25,29551.50,29550.00,29551.50,20,29551.50,29551.50,0.00
2026-08-04 10:48:54,29551.50,29551.50,29550.75,29550.75,19,29550.75,29550.75,0.00
2026-08-04 10:48:55,29550.25,29550.50,29549.75,29550.50,11,29550.50,29550.50,0.00
2026-08-04 10:48:56,29550.25,29550.50,29550.00,29550.50,15,29550.50,29550.50,0.00
2026-08-04 10:48:57,29551.75,29552.50,29551.25,29551.50,19,29551.50,29551.50,0.00
2026-08-04 10:48:58,29551.00,29551.75,29550.75,29550.75,19,29550.75,29550.75,0.00
2026-08-04 10:48:59,29550.50,29551.50,29549.75,29551.50,33,29551.50,29551.50,0.00
2026-08-04 10:49:00,29551.25,29552.00,29551.00,29552.00,33,29552.00,29552.00,0.00
2026-08-04 10:49:01,29551.50,29555.00,29551.00,29554.50,90,29554.50,29554.50,0.00
2026-08-04 10:49:02,29554.25,29555.00,29552.75,29554.00,52,29554.00,29554.00,0.00
2026-08-04 10:49:03,29554.00,29554.00,29550.75,29553.25,95,29553.25,29553.25,0.00
2026-08-04 10:49:04,29553.50,29555.50,29553.50,29554.25,129,29554.25,29554.25,0.00
2026-08-04 10:49:05,29554.50,29555.00,29553.25,29553.50,64,29553.50,29553.50,0.00
2026-08-04 10:49:06,29553.75,29555.75,29552.75,29554.00,43,29554.00,29554.00,0.00
2026-08-04 10:49:07,29554.50,29554.50,29548.00,29548.25,111,29548.25,29548.25,0.00
2026-08-04 10:49:08,29549.25,29550.50,29548.75,29550.25,36,29550.25,29550.25,0.00
2026-08-04 10:49:09,29550.75,29551.50,29549.25,29550.25,55,29550.25,29550.25,0.00
2026-08-04 10:49:10,29551.00,29551.00,29550.00,29550.50,22,29550.50,29550.50,0.00
2026-08-04 10:49:11,29551.00,29551.25,29550.00,29550.25,29,29550.25,29550.25,0.00
2026-08-04 10:49:12,29549.75,29551.00,29549.75,29550.50,36,29550.50,29550.50,0.00
2026-08-04 10:49:13,29550.50,29551.00,29549.25,29549.75,24,29549.75,29549.75,0.00
2026-08-04 10:49:14,29550.25,29551.50,29550.00,29551.50,18,29551.50,29551.50,0.00
2026-08-04 10:49:15,29551.00,29551.00,29550.25,29550.50,18,29550.50,29550.50,0.00
2026-08-04 10:49:16,29550.25,29551.25,29549.50,29550.75,53,29550.75,29550.75,0.00
2026-08-04 10:49:17,29550.50,29552.75,29550.25,29551.00,39,29551.00,29551.00,0.00
2026-08-04 10:49:18,29550.75,29551.00,29549.25,29549.25,30,29549.25,29549.25,0.00
2026-08-04 10:49:19,29549.50,29550.50,29549.50,29550.25,27,29550.25,29550.25,0.00
2026-08-04 10:49:20,29550.50,29551.25,29550.00,29551.25,34,29551.25,29551.25,0.00
2026-08-04 10:49:21,29551.25,29552.75,29551.25,29552.50,19,29552.50,29552.50,0.00
2026-08-04 10:49:22,29552.75,29552.75,29550.75,29551.25,18,29551.25,29551.25,0.00
2026-08-04 10:49:23,29551.75,29552.25,29550.00,29551.00,97,29551.00,29551.00,0.00
2026-08-04 10:49:24,29551.00,29551.75,29550.50,29551.00,36,29551.00,29551.00,0.00
2026-08-04 10:49:25,29551.00,29551.25,29548.75,29548.75,43,29548.75,29548.75,0.00
2026-08-04 10:49:26,29548.75,29550.25,29548.75,29549.75,20,29549.75,29549.75,0.00
2026-08-04 10:49:27,29549.25,29549.25,29548.50,29549.00,24,29549.00,29549.00,0.00
2026-08-04 10:49:28,29548.25,29548.50,29547.25,29548.50,35,29548.50,29548.50,0.00
2026-08-04 10:49:29,29549.00,29549.25,29547.25,29547.50,44,29547.50,29547.50,0.00
2026-08-04 10:49:30,29547.50,29549.75,29546.00,29549.50,63,29549.50,29549.50,0.00
2026-08-04 10:49:31,29549.50,29550.25,29547.00,29547.00,30,29547.00,29547.00,0.00
2026-08-04 10:49:32,29547.00,29547.25,29545.75,29546.50,27,29546.50,29546.50,0.00
2026-08-04 10:49:33,29546.75,29547.75,29546.25,29547.50,54,29547.50,29547.50,0.00
2026-08-04 10:49:34,29547.75,29547.75,29546.50,29547.75,25,29547.75,29547.75,0.00
2026-08-04 10:49:35,29548.00,29548.00,29546.50,29546.75,9,29546.75,29546.75,0.00
2026-08-04 10:49:36,29546.25,29547.75,29546.00,29547.00,44,29547.00,29547.00,0.00
2026-08-04 10:49:37,29547.25,29547.75,29546.50,29547.25,19,29547.25,29547.25,0.00
2026-08-04 10:49:38,29547.25,29547.25,29544.25,29545.75,81,29545.75,29545.75,0.00
2026-08-04 10:49:39,29545.25,29547.25,29545.25,29545.75,58,29545.75,29545.75,0.00
2026-08-04 10:49:40,29545.25,29547.75,29545.25,29547.50,24,29547.50,29547.50,0.00
2026-08-04 10:49:41,29547.25,29547.25,29545.50,29545.75,66,29545.75,29545.75,0.00
2026-08-04 10:49:42,29545.75,29546.75,29545.75,29546.25,29,29546.25,29546.25,0.00
2026-08-04 10:49:43,29546.25,29546.75,29545.50,29546.75,40,29546.75,29546.75,0.00
2026-08-04 10:49:44,29546.50,29546.50,29543.00,29544.00,80,29544.00,29544.00,0.00
2026-08-04 10:49:45,29544.25,29544.50,29543.25,29544.25,38,29544.25,29544.25,0.00
2026-08-04 10:49:46,29544.50,29546.50,29543.00,29546.50,70,29546.50,29546.50,0.00
2026-08-04 10:49:47,29547.25,29550.00,29547.25,29549.00,75,29549.00,29549.00,0.00
2026-08-04 10:49:48,29548.00,29549.25,29548.00,29549.25,41,29549.25,29549.25,0.00
2026-08-04 10:49:49,29549.50,29551.00,29547.75,29547.75,87,29547.75,29547.75,0.00
2026-08-04 10:49:50,29547.50,29548.50,29547.00,29548.25,26,29548.25,29548.25,0.00
2026-08-04 10:49:51,29548.75,29550.50,29548.50,29549.75,72,29549.75,29549.75,0.00
2026-08-04 10:49:52,29549.50,29550.50,29549.25,29550.50,18,29550.50,29550.50,0.00
2026-08-04 10:49:53,29550.00,29550.00,29549.25,29549.75,8,29549.75,29549.75,0.00
2026-08-04 10:49:54,29549.50,29549.50,29548.25,29548.25,10,29548.25,29548.25,0.00
2026-08-04 10:49:55,29548.75,29549.25,29548.50,29548.75,21,29548.75,29548.75,0.00
2026-08-04 10:49:56,29548.50,29549.50,29548.25,29549.50,28,29549.50,29549.50,0.00
2026-08-04 10:49:57,29548.25,29548.50,29548.25,29548.50,5,29548.50,29548.50,0.00
2026-08-04 10:49:58,29549.00,29549.00,29546.50,29546.75,27,29546.75,29546.75,0.00
2026-08-04 10:49:59,29546.75,29547.25,29546.50,29547.00,21,29547.00,29547.00,0.00
2026-08-04 10:50:00,29547.00,29547.50,29545.75,29545.75,35,29545.75,29545.75,0.00
2026-08-04 10:50:01,29546.25,29548.25,29545.25,29545.25,56,29545.25,29545.25,0.00
2026-08-04 10:50:02,29546.00,29549.25,29546.00,29548.25,66,29548.25,29548.25,0.00
2026-08-04 10:50:03,29549.00,29549.00,29548.00,29548.50,39,29548.50,29548.50,0.00
2026-08-04 10:50:04,29548.50,29549.00,29547.50,29549.00,27,29549.00,29549.00,0.00
2026-08-04 10:50:05,29548.25,29548.75,29547.75,29548.75,19,29548.75,29548.75,0.00
2026-08-04 10:50:06,29549.00,29554.00,29549.00,29552.00,140,29552.00,29552.00,0.00
2026-08-04 10:50:07,29552.25,29552.25,29550.50,29551.25,50,29551.25,29551.25,0.00
2026-08-04 10:50:08,29551.00,29552.75,29550.50,29552.75,40,29552.75,29552.75,0.00
2026-08-04 10:50:09,29553.00,29556.50,29552.50,29555.25,157,29555.25,29555.25,0.00
2026-08-04 10:50:10,29554.50,29555.75,29551.50,29551.75,89,29551.75,29551.75,0.00
2026-08-04 10:50:11,29551.75,29553.75,29551.25,29551.50,93,29551.50,29551.50,0.00
2026-08-04 10:50:12,29551.50,29553.00,29551.00,29552.75,16,29552.75,29552.75,0.00
2026-08-04 10:50:13,29553.00,29554.00,29552.00,29552.50,39,29552.50,29552.50,0.00
2026-08-04 10:50:14,29551.75,29553.00,29551.75,29552.00,18,29552.00,29552.00,0.00
2026-08-04 10:50:15,29552.00,29552.50,29551.50,29551.50,50,29551.50,29551.50,0.00
2026-08-04 10:50:16,29552.75,29553.25,29552.25,29552.75,42,29552.75,29552.75,0.00
2026-08-04 10:50:17,29552.00,29552.00,29549.50,29549.50,38,29549.50,29549.50,0.00
2026-08-04 10:50:18,29549.50,29549.50,29547.00,29547.50,51,29547.50,29547.50,0.00
2026-08-04 10:50:19,29547.75,29549.25,29547.50,29548.50,61,29548.50,29548.50,0.00
2026-08-04 10:50:20,29549.00,29549.00,29547.00,29547.25,41,29547.25,29547.25,0.00
2026-08-04 10:50:21,29547.00,29547.25,29543.25,29543.50,144,29543.50,29543.50,0.00
2026-08-04 10:50:22,29543.75,29544.00,29537.25,29538.75,383,29538.75,29538.75,0.00
2026-08-04 10:50:23,29538.25,29538.50,29536.50,29537.75,193,29537.75,29537.75,0.00
2026-08-04 10:50:24,29537.00,29540.50,29536.00,29540.50,212,29540.50,29540.50,0.00
2026-08-04 10:50:25,29540.50,29541.75,29537.50,29539.50,236,29539.50,29539.50,0.00
2026-08-04 10:50:26,29539.25,29540.00,29538.00,29538.50,80,29538.50,29538.50,0.00
2026-08-04 10:50:27,29539.25,29541.25,29538.50,29541.25,37,29541.25,29541.25,0.00
2026-08-04 10:50:28,29541.50,29544.00,29541.50,29542.50,57,29542.50,29542.50,0.00
2026-08-04 10:50:29,29542.50,29543.00,29541.50,29541.50,25,29541.50,29541.50,0.00
2026-08-04 10:50:30,29541.50,29543.25,29541.00,29543.25,60,29543.25,29543.25,0.00
2026-08-04 10:50:31,29543.00,29543.00,29541.25,29541.75,90,29541.75,29541.75,0.00
2026-08-04 10:50:32,29542.00,29543.00,29542.00,29542.75,48,29542.75,29542.75,0.00
2026-08-04 10:50:33,29542.00,29542.75,29541.00,29542.25,57,29542.25,29542.25,0.00
2026-08-04 10:50:34,29542.00,29543.75,29542.00,29543.50,55,29543.50,29543.50,0.00
2026-08-04 10:50:35,29543.75,29544.00,29541.50,29542.00,61,29542.00,29542.00,0.00
2026-08-04 10:50:36,29541.75,29542.25,29540.50,29541.50,30,29541.50,29541.50,0.00
2026-08-04 10:50:37,29541.25,29541.50,29539.75,29540.25,47,29540.25,29540.25,0.00
2026-08-04 10:50:38,29540.25,29541.50,29539.75,29541.00,61,29541.00,29541.00,0.00
2026-08-04 10:50:39,29540.50,29540.50,29539.50,29540.50,16,29540.50,29540.50,0.00
2026-08-04 10:50:40,29540.25,29540.50,29537.75,29538.50,54,29538.50,29538.50,0.00
2026-08-04 10:50:41,29537.75,29539.00,29537.50,29538.25,48,29538.25,29538.25,0.00
2026-08-04 10:50:42,29538.50,29539.75,29537.75,29539.75,69,29539.75,29539.75,0.00
2026-08-04 10:50:43,29540.00,29541.25,29539.50,29540.75,40,29540.75,29540.75,0.00
2026-08-04 10:50:44,29541.00,29543.75,29541.00,29541.50,40,29541.50,29541.50,0.00
2026-08-04 10:50:45,29540.75,29541.75,29540.25,29540.50,49,29540.50,29540.50,0.00
2026-08-04 10:50:46,29540.00,29542.25,29540.00,29541.50,36,29541.50,29541.50,0.00
2026-08-04 10:50:47,29541.00,29542.75,29540.75,29541.50,20,29541.50,29541.50,0.00
2026-08-04 10:50:48,29541.25,29542.00,29538.00,29538.00,47,29538.00,29538.00,0.00
2026-08-04 10:50:49,29538.50,29539.50,29538.25,29539.25,20,29539.25,29539.25,0.00
2026-08-04 10:50:50,29540.25,29541.50,29539.75,29541.25,34,29541.25,29541.25,0.00
2026-08-04 10:50:51,29541.00,29541.00,29539.50,29540.25,31,29540.25,29540.25,0.00
2026-08-04 10:50:52,29540.75,29541.75,29539.75,29540.00,43,29540.00,29540.00,0.00
2026-08-04 10:50:53,29540.75,29542.00,29540.50,29540.75,29,29540.75,29540.75,0.00
2026-08-04 10:50:54,29540.75,29541.25,29539.75,29540.50,27,29540.50,29540.50,0.00
2026-08-04 10:50:55,29540.25,29541.00,29540.00,29540.50,24,29540.50,29540.50,0.00
2026-08-04 10:50:56,29540.00,29540.75,29539.50,29540.75,26,29540.75,29540.75,0.00
2026-08-04 10:50:57,29541.00,29541.50,29538.25,29539.25,77,29539.25,29539.25,0.00
2026-08-04 10:50:58,29538.75,29540.75,29538.00,29540.75,37,29540.75,29540.75,0.00
2026-08-04 10:50:59,29541.00,29541.50,29539.75,29539.75,72,29539.75,29539.75,0.00
2026-08-04 10:51:00,29540.00,29540.75,29539.25,29540.25,34,29540.25,29540.25,0.00
2026-08-04 10:51:01,29540.25,29540.75,29539.25,29540.75,57,29540.75,29540.75,0.00
2026-08-04 10:51:02,29540.75,29543.00,29540.50,29542.75,68,29542.75,29542.75,0.00
2026-08-04 10:51:03,29542.50,29542.75,29541.25,29541.50,63,29541.50,29541.50,0.00
2026-08-04 10:51:04,29541.25,29543.00,29541.25,29541.50,160,29541.50,29541.50,0.00
2026-08-04 10:51:05,29541.75,29543.25,29541.00,29543.25,38,29543.25,29543.25,0.00
2026-08-04 10:51:06,29542.75,29542.75,29540.75,29542.75,21,29542.75,29542.75,0.00
2026-08-04 10:51:07,29542.50,29543.25,29542.00,29542.00,28,29542.00,29542.00,0.00
2026-08-04 10:51:08,29541.50,29543.00,29541.25,29542.50,17,29542.50,29542.50,0.00
2026-08-04 10:51:09,29542.75,29542.75,29541.75,29541.75,25,29541.75,29541.75,0.00
2026-08-04 10:51:10,29541.00,29542.75,29539.50,29539.50,88,29539.50,29539.50,0.00
2026-08-04 10:51:11,29539.50,29540.25,29538.25,29539.00,35,29539.00,29539.00,0.00
2026-08-04 10:51:12,29539.00,29543.50,29539.00,29542.75,52,29542.75,29542.75,0.00
2026-08-04 10:51:13,29542.50,29543.00,29542.00,29543.00,19,29543.00,29543.00,0.00
2026-08-04 10:51:14,29542.75,29544.00,29542.50,29543.50,36,29543.50,29543.50,0.00
2026-08-04 10:51:15,29544.25,29544.25,29542.25,29543.50,58,29543.50,29543.50,0.00
2026-08-04 10:51:16,29542.75,29543.25,29538.75,29539.50,64,29539.50,29539.50,0.00
2026-08-04 10:51:17,29539.50,29541.75,29539.50,29541.75,10,29541.75,29541.75,0.00
2026-08-04 10:51:18,29541.75,29543.00,29541.25,29541.75,24,29541.75,29541.75,0.00
2026-08-04 10:51:19,29541.75,29542.25,29541.50,29541.75,16,29541.75,29541.75,0.00
2026-08-04 10:51:20,29542.50,29542.75,29540.75,29540.75,14,29540.75,29540.75,0.00
2026-08-04 10:51:21,29540.25,29540.25,29537.75,29538.25,51,29538.25,29538.25,0.00
2026-08-04 10:51:22,29539.75,29541.00,29537.50,29540.75,93,29540.75,29540.75,0.00
2026-08-04 10:51:23,29540.50,29540.50,29539.00,29539.50,27,29539.50,29539.50,0.00
2026-08-04 10:51:24,29539.50,29540.25,29537.00,29538.00,114,29538.00,29538.00,0.00
2026-08-04 10:51:25,29538.50,29539.50,29538.00,29539.50,46,29539.50,29539.50,0.00
2026-08-04 10:51:26,29539.25,29540.00,29539.00,29539.50,30,29539.50,29539.50,0.00
2026-08-04 10:51:27,29539.25,29539.25,29535.25,29536.00,195,29536.00,29536.00,0.00
2026-08-04 10:51:28,29535.75,29537.75,29535.50,29536.00,54,29536.00,29536.00,0.00
2026-08-04 10:51:29,29535.50,29535.75,29529.75,29532.75,338,29532.75,29532.75,0.00
2026-08-04 10:51:30,29532.25,29534.00,29532.00,29534.00,107,29534.00,29534.00,0.00
2026-08-04 10:51:31,29534.00,29534.50,29531.25,29531.50,86,29531.50,29531.50,0.00
2026-08-04 10:51:32,29531.75,29533.00,29530.75,29532.25,85,29532.25,29532.25,0.00
2026-08-04 10:51:33,29532.50,29532.50,29530.25,29531.50,73,29531.50,29531.50,0.00
2026-08-04 10:51:34,29530.25,29532.50,29530.25,29532.50,42,29532.50,29532.50,0.00
2026-08-04 10:51:35,29532.50,29535.25,29531.75,29534.25,65,29534.25,29534.25,0.00
2026-08-04 10:51:36,29535.00,29535.00,29532.75,29532.75,70,29532.75,29532.75,0.00
2026-08-04 10:51:37,29533.25,29533.25,29532.00,29533.00,59,29533.00,29533.00,0.00
2026-08-04 10:51:38,29532.75,29532.75,29531.00,29531.00,67,29531.00,29531.00,0.00
2026-08-04 10:51:39,29530.50,29531.25,29529.00,29530.75,104,29530.75,29530.75,0.00
2026-08-04 10:51:40,29530.75,29532.25,29529.75,29530.00,114,29530.00,29530.00,0.00
2026-08-04 10:51:41,29530.50,29532.75,29529.50,29532.75,55,29532.75,29532.75,0.00
2026-08-04 10:51:42,29533.00,29537.00,29533.00,29535.75,88,29535.75,29535.75,0.00
2026-08-04 10:51:43,29535.50,29536.25,29529.25,29530.50,221,29530.50,29530.50,0.00
2026-08-04 10:51:44,29530.50,29530.75,29528.50,29530.50,71,29530.50,29530.50,0.00
2026-08-04 10:51:45,29530.25,29530.50,29528.50,29529.00,34,29529.00,29529.00,0.00
2026-08-04 10:51:46,29529.50,29529.50,29527.75,29528.00,105,29528.00,29528.00,0.00
2026-08-04 10:51:47,29528.25,29530.00,29527.50,29529.00,201,29529.00,29529.00,0.00
2026-08-04 10:51:48,29530.00,29530.50,29528.50,29530.50,60,29530.50,29530.50,0.00
2026-08-04 10:51:49,29530.75,29530.75,29529.75,29529.75,57,29529.75,29529.75,0.00
2026-08-04 10:51:50,29530.25,29534.00,29529.75,29533.75,60,29533.75,29533.75,0.00
2026-08-04 10:51:51,29533.25,29538.50,29533.25,29537.50,187,29537.50,29537.50,0.00
2026-08-04 10:51:52,29537.00,29539.75,29535.75,29537.50,288,29537.50,29537.50,0.00
2026-08-04 10:51:53,29536.75,29538.50,29536.50,29538.50,83,29538.50,29538.50,0.00
2026-08-04 10:51:54,29538.75,29540.50,29537.50,29537.50,129,29537.50,29537.50,0.00
2026-08-04 10:51:55,29538.25,29538.25,29537.25,29537.50,41,29537.50,29537.50,0.00
2026-08-04 10:51:56,29537.25,29538.75,29537.00,29537.25,66,29537.25,29537.25,0.00
2026-08-04 10:51:57,29537.00,29537.25,29535.25,29536.00,42,29536.00,29536.00,0.00
2026-08-04 10:51:58,29535.50,29535.50,29533.50,29534.00,53,29534.00,29534.00,0.00
2026-08-04 10:51:59,29533.75,29535.50,29533.75,29534.75,36,29534.75,29534.75,0.00
2026-08-04 10:52:00,29535.00,29535.00,29533.25,29533.75,33,29533.75,29533.75,0.00
2026-08-04 10:52:01,29533.50,29534.25,29532.00,29532.00,34,29532.00,29532.00,0.00
2026-08-04 10:52:02,29533.00,29533.50,29531.00,29532.50,71,29532.50,29532.50,0.00
2026-08-04 10:52:03,29532.50,29535.75,29532.00,29535.50,81,29535.50,29535.50,0.00
2026-08-04 10:52:04,29535.50,29537.50,29535.50,29536.75,50,29536.75,29536.75,0.00
2026-08-04 10:52:05,29536.75,29538.50,29535.50,29537.25,36,29537.25,29537.25,0.00
2026-08-04 10:52:06,29537.25,29537.25,29535.50,29535.50,61,29535.50,29535.50,0.00
2026-08-04 10:52:07,29536.00,29536.25,29534.25,29535.25,33,29535.25,29535.25,0.00
2026-08-04 10:52:08,29535.75,29536.75,29534.50,29536.75,27,29536.75,29536.75,0.00
2026-08-04 10:52:09,29536.75,29540.25,29536.75,29538.00,90,29538.00,29538.00,0.00
2026-08-04 10:52:10,29537.75,29539.00,29537.00,29538.25,43,29538.25,29538.25,0.00
2026-08-04 10:52:11,29538.50,29538.75,29536.25,29536.25,33,29536.25,29536.25,0.00
2026-08-04 10:52:12,29536.25,29537.25,29536.00,29537.00,25,29537.00,29537.00,0.00
2026-08-04 10:52:13,29536.75,29537.25,29535.75,29537.25,31,29537.25,29537.25,0.00
2026-08-04 10:52:14,29537.50,29538.00,29536.75,29537.50,12,29537.50,29537.50,0.00
2026-08-04 10:52:15,29538.00,29538.50,29537.25,29538.00,27,29538.00,29538.00,0.00
2026-08-04 10:52:16,29537.75,29538.50,29537.25,29538.50,39,29538.50,29538.50,0.00
2026-08-04 10:52:17,29538.50,29538.50,29538.00,29538.50,17,29538.50,29538.50,0.00
2026-08-04 10:52:18,29537.75,29539.00,29537.75,29539.00,33,29539.00,29539.00,0.00
2026-08-04 10:52:19,29539.00,29539.75,29538.00,29538.50,24,29538.50,29538.50,0.00
2026-08-04 10:52:20,29538.25,29538.75,29536.25,29538.25,35,29538.25,29538.25,0.00
2026-08-04 10:52:21,29538.00,29538.25,29536.50,29538.25,38,29538.25,29538.25,0.00
2026-08-04 10:52:22,29537.75,29541.75,29537.50,29541.50,76,29541.50,29541.50,0.00
2026-08-04 10:52:23,29541.75,29542.50,29541.00,29541.25,79,29541.25,29541.25,0.00
2026-08-04 10:52:24,29541.00,29542.00,29540.25,29541.75,48,29541.75,29541.75,0.00
2026-08-04 10:52:25,29542.50,29544.00,29542.50,29543.50,114,29543.50,29543.50,0.00
2026-08-04 10:52:26,29543.50,29546.00,29543.00,29545.25,155,29545.25,29545.25,0.00
2026-08-04 10:52:27,29545.00,29545.50,29543.25,29543.75,93,29543.75,29543.75,0.00
2026-08-04 10:52:28,29543.75,29546.00,29543.75,29545.00,67,29545.00,29545.00,0.00
2026-08-04 10:52:29,29545.25,29545.50,29544.50,29545.00,38,29545.00,29545.00,0.00
2026-08-04 10:52:30,29545.25,29546.25,29543.75,29544.25,67,29544.25,29544.25,0.00
2026-08-04 10:52:31,29544.00,29545.50,29542.00,29542.00,76,29542.00,29542.00,0.00
2026-08-04 10:52:32,29542.50,29544.00,29542.25,29543.25,67,29543.25,29543.25,0.00
2026-08-04 10:52:33,29542.75,29544.25,29542.00,29542.25,59,29542.25,29542.25,0.00
2026-08-04 10:52:34,29542.50,29544.75,29542.50,29544.00,41,29544.00,29544.00,0.00
2026-08-04 10:52:35,29544.00,29544.75,29543.25,29543.75,13,29543.75,29543.75,0.00
2026-08-04 10:52:36,29543.75,29544.00,29542.75,29542.75,47,29542.75,29542.75,0.00
2026-08-04 10:52:37,29542.75,29544.50,29542.75,29543.50,47,29543.50,29543.50,0.00
2026-08-04 10:52:38,29543.00,29543.50,29542.50,29543.25,30,29543.25,29543.25,0.00
2026-08-04 10:52:39,29542.50,29543.50,29542.50,29543.25,32,29543.25,29543.25,0.00
2026-08-04 10:52:40,29543.50,29543.75,29542.50,29542.75,16,29542.75,29542.75,0.00
2026-08-04 10:52:41,29542.75,29543.50,29542.50,29543.00,28,29543.00,29543.00,0.00
2026-08-04 10:52:42,29543.00,29543.50,29542.75,29543.00,25,29543.00,29543.00,0.00
2026-08-04 10:52:43,29543.00,29543.75,29542.00,29543.50,41,29543.50,29543.50,0.00
2026-08-04 10:52:44,29543.25,29545.25,29543.25,29545.00,30,29545.00,29545.00,0.00
2026-08-04 10:52:45,29545.25,29545.25,29543.50,29543.75,12,29543.75,29543.75,0.00
2026-08-04 10:52:46,29544.00,29546.00,29544.00,29545.50,44,29545.50,29545.50,0.00
2026-08-04 10:52:47,29545.75,29545.75,29544.00,29545.00,24,29545.00,29545.00,0.00
2026-08-04 10:52:48,29544.75,29547.00,29544.50,29546.25,57,29546.25,29546.25,0.00
2026-08-04 10:52:49,29545.75,29546.50,29545.00,29546.50,65,29546.50,29546.50,0.00
2026-08-04 10:52:50,29546.50,29548.25,29546.50,29547.75,86,29547.75,29547.75,0.00
2026-08-04 10:52:51,29548.00,29548.75,29546.75,29546.75,52,29546.75,29546.75,0.00
2026-08-04 10:52:52,29548.00,29550.00,29548.00,29549.00,151,29549.00,29549.00,0.00
2026-08-04 10:52:53,29549.25,29549.75,29548.50,29549.75,57,29549.75,29549.75,0.00
2026-08-04 10:52:54,29549.75,29550.25,29548.50,29549.50,66,29549.50,29549.50,0.00
2026-08-04 10:52:55,29549.75,29550.00,29546.25,29546.50,99,29546.50,29546.50,0.00
2026-08-04 10:52:56,29546.00,29546.50,29545.25,29545.50,72,29545.50,29545.50,0.00
2026-08-04 10:52:57,29545.50,29546.75,29545.25,29545.75,41,29545.75,29545.75,0.00
2026-08-04 10:52:58,29545.50,29546.50,29544.75,29545.75,35,29545.75,29545.75,0.00
2026-08-04 10:52:59,29545.50,29546.00,29543.75,29543.75,19,29543.75,29543.75,0.00
2026-08-04 10:53:00,29543.50,29547.25,29542.25,29546.25,144,29546.25,29546.25,0.00
2026-08-04 10:53:01,29546.00,29547.00,29545.25,29546.25,47,29546.25,29546.25,0.00
2026-08-04 10:53:02,29546.00,29547.00,29546.00,29546.00,19,29546.00,29546.00,0.00
2026-08-04 10:53:03,29546.50,29547.00,29545.50,29546.00,79,29546.00,29546.00,0.00
2026-08-04 10:53:04,29546.50,29546.50,29545.00,29545.50,29,29545.50,29545.50,0.00
2026-08-04 10:53:05,29546.00,29546.00,29543.75,29544.00,40,29544.00,29544.00,0.00
2026-08-04 10:53:06,29543.75,29544.25,29542.75,29542.75,60,29542.75,29542.75,0.00
2026-08-04 10:53:07,29543.25,29544.25,29541.75,29543.50,113,29543.50,29543.50,0.00
2026-08-04 10:53:08,29543.50,29543.75,29542.75,29543.75,26,29543.75,29543.75,0.00
2026-08-04 10:53:09,29544.00,29544.00,29543.00,29543.25,52,29543.25,29543.25,0.00
2026-08-04 10:53:10,29543.75,29545.25,29543.75,29544.50,14,29544.50,29544.50,0.00
2026-08-04 10:53:11,29544.50,29544.75,29543.25,29544.25,50,29544.25,29544.25,0.00
2026-08-04 10:53:12,29544.50,29545.00,29543.75,29544.00,50,29544.00,29544.00,0.00
2026-08-04 10:53:13,29544.50,29544.50,29544.25,29544.25,12,29544.25,29544.25,0.00
2026-08-04 10:53:14,29544.00,29544.00,29543.25,29544.00,8,29544.00,29544.00,0.00
2026-08-04 10:53:15,29544.50,29545.00,29543.25,29544.75,44,29544.75,29544.75,0.00
2026-08-04 10:53:16,29545.00,29545.25,29543.75,29544.00,19,29544.00,29544.00,0.00
2026-08-04 10:53:17,29544.75,29545.00,29544.00,29544.50,46,29544.50,29544.50,0.00
2026-08-04 10:53:18,29544.50,29545.75,29543.25,29545.25,34,29545.25,29545.25,0.00
2026-08-04 10:53:19,29544.50,29545.25,29544.25,29545.25,9,29545.25,29545.25,0.00
2026-08-04 10:53:20,29545.00,29545.25,29544.75,29545.00,11,29545.00,29545.00,0.00
2026-08-04 10:53:21,29544.25,29544.25,29543.75,29544.00,11,29544.00,29544.00,0.00
2026-08-04 10:53:22,29544.50,29544.50,29541.25,29541.75,57,29541.75,29541.75,0.00
2026-08-04 10:53:23,29541.75,29541.75,29539.50,29540.25,77,29540.25,29540.25,0.00
2026-08-04 10:53:24,29540.00,29540.75,29538.75,29540.75,75,29540.75,29540.75,0.00
2026-08-04 10:53:25,29540.75,29541.00,29539.75,29539.75,32,29539.75,29539.75,0.00
2026-08-04 10:53:26,29539.75,29540.50,29539.00,29540.50,31,29540.50,29540.50,0.00
2026-08-04 10:53:27,29540.00,29541.75,29539.75,29541.75,42,29541.75,29541.75,0.00
2026-08-04 10:53:28,29542.00,29543.00,29539.75,29540.25,46,29540.25,29540.25,0.00
2026-08-04 10:53:29,29539.50,29542.25,29539.50,29542.25,49,29542.25,29542.25,0.00
2026-08-04 10:53:30,29541.75,29542.75,29541.75,29542.25,26,29542.25,29542.25,0.00
2026-08-04 10:53:31,29542.25,29546.25,29542.00,29545.50,95,29545.50,29545.50,0.00
2026-08-04 10:53:32,29546.25,29547.50,29546.00,29546.75,49,29546.75,29546.75,0.00
2026-08-04 10:53:33,29546.25,29547.00,29545.75,29546.50,38,29546.50,29546.50,0.00
2026-08-04 10:53:34,29547.25,29548.00,29545.75,29546.00,67,29546.00,29546.00,0.00
2026-08-04 10:53:35,29546.25,29547.75,29546.00,29547.75,38,29547.75,29547.75,0.00
2026-08-04 10:53:36,29547.25,29548.25,29547.25,29547.50,21,29547.50,29547.50,0.00
2026-08-04 10:53:37,29548.25,29548.75,29546.25,29546.25,30,29546.25,29546.25,0.00
2026-08-04 10:53:38,29546.50,29546.50,29544.50,29545.50,51,29545.50,29545.50,0.00
2026-08-04 10:53:39,29545.50,29545.75,29544.00,29545.25,31,29545.25,29545.25,0.00
2026-08-04 10:53:40,29545.00,29545.25,29544.50,29545.25,12,29545.25,29545.25,0.00
2026-08-04 10:53:41,29544.75,29545.50,29544.00,29545.50,41,29545.50,29545.50,0.00
2026-08-04 10:53:42,29545.50,29545.75,29545.50,29545.50,10,29545.50,29545.50,0.00
2026-08-04 10:53:43,29545.75,29546.50,29545.50,29546.50,22,29546.50,29546.50,0.00
2026-08-04 10:53:44,29546.25,29546.25,29544.25,29544.25,14,29544.25,29544.25,0.00
2026-08-04 10:53:45,29545.00,29545.00,29544.25,29544.75,16,29544.75,29544.75,0.00
2026-08-04 10:53:46,29544.25,29546.75,29544.00,29546.50,39,29546.50,29546.50,0.00
2026-08-04 10:53:47,29546.75,29546.75,29545.75,29546.00,10,29546.00,29546.00,0.00
2026-08-04 10:53:48,29546.00,29546.00,29545.50,29546.00,7,29546.00,29546.00,0.00
2026-08-04 10:53:49,29546.00,29546.00,29545.25,29545.25,9,29545.25,29545.25,0.00
2026-08-04 10:53:50,29546.25,29547.75,29545.50,29545.50,39,29545.50,29545.50,0.00
2026-08-04 10:53:51,29545.75,29546.50,29545.50,29546.50,17,29546.50,29546.50,0.00
2026-08-04 10:53:52,29546.00,29547.00,29545.75,29545.75,16,29545.75,29545.75,0.00
2026-08-04 10:53:53,29546.00,29547.25,29545.75,29547.25,19,29547.25,29547.25,0.00
2026-08-04 10:53:54,29546.75,29547.25,29543.75,29543.75,95,29543.75,29543.75,0.00
2026-08-04 10:53:55,29544.00,29545.00,29543.75,29543.75,48,29543.75,29543.75,0.00
2026-08-04 10:53:56,29543.50,29543.75,29541.50,29542.25,85,29542.25,29542.25,0.00
2026-08-04 10:53:57,29542.00,29542.75,29541.50,29542.75,39,29542.75,29542.75,0.00
2026-08-04 10:53:58,29542.25,29543.25,29542.25,29542.75,18,29542.75,29542.75,0.00
2026-08-04 10:53:59,29542.50,29542.75,29540.75,29541.25,86,29541.25,29541.25,0.00
2026-08-04 10:54:00,29541.75,29541.75,29539.75,29539.75,131,29539.75,29539.75,0.00
2026-08-04 10:54:01,29539.75,29542.25,29539.75,29541.75,42,29541.75,29541.75,0.00
2026-08-04 10:54:02,29542.00,29543.25,29541.75,29542.50,25,29542.50,29542.50,0.00
2026-08-04 10:54:03,29543.00,29543.50,29541.75,29541.75,43,29541.75,29541.75,0.00
2026-08-04 10:54:04,29542.25,29542.25,29541.50,29541.50,20,29541.50,29541.50,0.00
2026-08-04 10:54:05,29542.00,29543.00,29539.25,29539.50,50,29539.50,29539.50,0.00
2026-08-04 10:54:06,29539.75,29539.75,29538.25,29539.25,59,29539.25,29539.25,0.00
2026-08-04 10:54:07,29539.25,29540.75,29538.00,29538.50,79,29538.50,29538.50,0.00
2026-08-04 10:54:08,29538.00,29538.75,29537.50,29538.25,56,29538.25,29538.25,0.00
2026-08-04 10:54:09,29538.25,29539.25,29537.75,29538.50,46,29538.50,29538.50,0.00
2026-08-04 10:54:10,29539.00,29540.25,29538.25,29540.25,40,29540.25,29540.25,0.00
2026-08-04 10:54:11,29539.75,29540.50,29539.50,29540.25,41,29540.25,29540.25,0.00
2026-08-04 10:54:12,29539.75,29542.75,29539.75,29542.25,60,29542.25,29542.25,0.00
2026-08-04 10:54:13,29541.25,29541.25,29538.50,29539.50,47,29539.50,29539.50,0.00
2026-08-04 10:54:14,29538.75,29539.75,29537.25,29537.75,41,29537.75,29537.75,0.00
2026-08-04 10:54:15,29537.50,29538.00,29535.00,29536.25,80,29536.25,29536.25,0.00
2026-08-04 10:54:16,29535.25,29536.75,29535.25,29535.75,77,29535.75,29535.75,0.00
2026-08-04 10:54:17,29535.50,29538.00,29535.25,29537.50,89,29537.50,29537.50,0.00
2026-08-04 10:54:18,29536.75,29537.00,29536.25,29537.00,18,29537.00,29537.00,0.00
2026-08-04 10:54:19,29536.00,29539.25,29536.00,29538.50,43,29538.50,29538.50,0.00
2026-08-04 10:54:20,29539.00,29540.50,29538.75,29540.25,60,29540.25,29540.25,0.00
2026-08-04 10:54:21,29539.75,29540.75,29539.75,29539.75,17,29539.75,29539.75,0.00
2026-08-04 10:54:22,29539.75,29541.00,29539.75,29541.00,18,29541.00,29541.00,0.00
2026-08-04 10:54:23,29541.25,29541.75,29541.00,29541.75,15,29541.75,29541.75,0.00
2026-08-04 10:54:24,29541.75,29541.75,29541.00,29541.50,14,29541.50,29541.50,0.00
2026-08-04 10:54:25,29541.00,29542.25,29541.00,29542.25,23,29542.25,29542.25,0.00
2026-08-04 10:54:26,29542.50,29544.00,29542.50,29544.00,45,29544.00,29544.00,0.00
2026-08-04 10:54:27,29543.75,29544.00,29542.50,29543.75,32,29543.75,29543.75,0.00
2026-08-04 10:54:28,29543.00,29543.00,29541.50,29541.75,28,29541.75,29541.75,0.00
2026-08-04 10:54:29,29541.25,29544.75,29541.25,29544.25,46,29544.25,29544.25,0.00
2026-08-04 10:54:30,29543.75,29544.00,29543.25,29543.50,29,29543.50,29543.50,0.00
2026-08-04 10:54:31,29544.25,29545.50,29543.75,29545.50,31,29545.50,29545.50,0.00
2026-08-04 10:54:32,29545.00,29546.25,29544.25,29545.75,44,29545.75,29545.75,0.00
2026-08-04 10:54:33,29545.25,29548.25,29545.00,29548.25,39,29548.25,29548.25,0.00
2026-08-04 10:54:34,29548.25,29548.75,29547.50,29548.50,90,29548.50,29548.50,0.00
2026-08-04 10:54:35,29548.25,29549.00,29546.50,29548.25,93,29548.25,29548.25,0.00
2026-08-04 10:54:36,29548.75,29549.50,29547.75,29549.50,55,29549.50,29549.50,0.00
2026-08-04 10:54:37,29549.00,29549.25,29545.75,29545.75,80,29545.75,29545.75,0.00
2026-08-04 10:54:38,29546.00,29547.50,29545.25,29546.50,26,29546.50,29546.50,0.00
2026-08-04 10:54:39,29546.00,29550.50,29546.00,29550.00,116,29550.00,29550.00,0.00
2026-08-04 10:54:40,29549.75,29550.25,29549.50,29549.50,30,29549.50,29549.50,0.00
2026-08-04 10:54:41,29548.75,29549.25,29548.50,29548.50,28,29548.50,29548.50,0.00
2026-08-04 10:54:42,29548.25,29548.25,29546.00,29547.00,31,29547.00,29547.00,0.00
2026-08-04 10:54:43,29547.25,29549.00,29546.50,29548.25,32,29548.25,29548.25,0.00
2026-08-04 10:54:44,29548.50,29549.75,29548.25,29548.50,34,29548.50,29548.50,0.00
2026-08-04 10:54:45,29548.25,29548.25,29546.75,29547.00,30,29547.00,29547.00,0.00
2026-08-04 10:54:46,29547.25,29548.00,29546.25,29546.75,29,29546.75,29546.75,0.00
2026-08-04 10:54:47,29546.75,29547.50,29546.50,29546.75,10,29546.75,29546.75,0.00
2026-08-04 10:54:48,29547.75,29547.75,29546.00,29546.00,22,29546.00,29546.00,0.00
2026-08-04 10:54:49,29546.50,29546.50,29545.75,29546.25,21,29546.25,29546.25,0.00
2026-08-04 10:54:50,29545.75,29546.75,29545.25,29546.25,53,29546.25,29546.25,0.00
2026-08-04 10:54:51,29546.50,29547.00,29546.00,29546.25,20,29546.25,29546.25,0.00
2026-08-04 10:54:52,29546.25,29547.25,29546.25,29547.00,8,29547.00,29547.00,0.00
2026-08-04 10:54:53,29547.25,29547.75,29546.50,29546.50,20,29546.50,29546.50,0.00
2026-08-04 10:54:54,29546.75,29547.75,29546.50,29547.75,17,29547.75,29547.75,0.00
2026-08-04 10:54:55,29548.00,29548.25,29547.25,29547.50,11,29547.50,29547.50,0.00
2026-08-04 10:54:56,29547.75,29547.75,29545.50,29545.50,36,29545.50,29545.50,0.00
2026-08-04 10:54:57,29546.50,29546.50,29545.25,29545.75,10,29545.75,29545.75,0.00
2026-08-04 10:54:58,29545.00,29545.00,29541.75,29542.25,201,29542.25,29542.25,0.00
2026-08-04 10:54:59,29542.25,29542.75,29540.25,29541.75,54,29541.75,29541.75,0.00
2026-08-04 10:55:00,29542.50,29545.25,29541.75,29544.75,40,29544.75,29544.75,0.00
2026-08-04 10:55:01,29544.75,29545.25,29544.00,29544.25,50,29544.25,29544.25,0.00
2026-08-04 10:55:02,29544.50,29545.25,29543.00,29543.75,64,29543.75,29543.75,0.00
2026-08-04 10:55:03,29544.00,29544.00,29540.75,29542.00,52,29542.00,29542.00,0.00
2026-08-04 10:55:04,29542.00,29544.25,29542.00,29544.25,50,29544.25,29544.25,0.00
2026-08-04 10:55:05,29543.75,29543.75,29541.50,29543.25,53,29543.25,29543.25,0.00
2026-08-04 10:55:06,29543.25,29544.25,29541.50,29542.50,98,29542.50,29542.50,0.00
2026-08-04 10:55:07,29542.25,29542.25,29539.00,29539.75,90,29539.75,29539.75,0.00
2026-08-04 10:55:08,29540.50,29540.75,29538.75,29539.25,55,29539.25,29539.25,0.00
2026-08-04 10:55:09,29538.50,29538.75,29537.50,29538.25,69,29538.25,29538.25,0.00
2026-08-04 10:55:10,29538.00,29541.00,29537.75,29540.00,61,29540.00,29540.00,0.00
2026-08-04 10:55:11,29540.00,29540.25,29536.50,29536.50,63,29536.50,29536.50,0.00
2026-08-04 10:55:12,29537.25,29538.00,29535.75,29536.50,114,29536.50,29536.50,0.00
2026-08-04 10:55:13,29536.50,29537.25,29536.25,29537.25,24,29537.25,29537.25,0.00
2026-08-04 10:55:14,29537.25,29537.50,29535.25,29535.25,55,29535.25,29535.25,0.00
2026-08-04 10:55:15,29535.00,29535.50,29533.50,29534.50,100,29534.50,29534.50,0.00
2026-08-04 10:55:16,29534.25,29534.25,29533.00,29533.00,143,29533.00,29533.00,0.00
2026-08-04 10:55:17,29533.00,29534.00,29532.25,29532.75,150,29532.75,29532.75,0.00
2026-08-04 10:55:18,29533.00,29534.00,29531.50,29532.00,78,29532.00,29532.00,0.00
2026-08-04 10:55:19,29531.75,29534.50,29531.50,29534.50,73,29534.50,29534.50,0.00
2026-08-04 10:55:20,29534.50,29535.75,29533.75,29535.75,65,29535.75,29535.75,0.00
2026-08-04 10:55:21,29535.00,29535.25,29533.75,29534.50,44,29534.50,29534.50,0.00
2026-08-04 10:55:22,29534.50,29535.25,29534.25,29535.00,36,29535.00,29535.00,0.00
2026-08-04 10:55:23,29535.00,29540.00,29535.00,29538.50,127,29538.50,29538.50,0.00
2026-08-04 10:55:24,29538.25,29539.25,29537.75,29538.25,42,29538.25,29538.25,0.00
2026-08-04 10:55:25,29538.25,29538.25,29535.50,29536.00,86,29536.00,29536.00,0.00
2026-08-04 10:55:26,29535.50,29535.50,29534.00,29534.00,34,29534.00,29534.00,0.00
2026-08-04 10:55:27,29534.25,29536.50,29534.25,29536.50,60,29536.50,29536.50,0.00
2026-08-04 10:55:28,29536.00,29536.75,29535.75,29536.50,20,29536.50,29536.50,0.00
2026-08-04 10:55:29,29536.75,29537.50,29536.50,29537.25,25,29537.25,29537.25,0.00
2026-08-04 10:55:30,29537.50,29538.50,29537.50,29537.50,39,29537.50,29537.50,0.00
2026-08-04 10:55:31,29537.00,29538.50,29536.75,29538.50,32,29538.50,29538.50,0.00
2026-08-04 10:55:32,29538.50,29539.25,29537.50,29539.00,66,29539.00,29539.00,0.00
2026-08-04 10:55:33,29539.00,29539.00,29535.50,29535.50,81,29535.50,29535.50,0.00
2026-08-04 10:55:34,29536.25,29536.50,29535.25,29535.25,16,29535.25,29535.25,0.00
2026-08-04 10:55:35,29535.75,29535.75,29533.50,29533.75,61,29533.75,29533.75,0.00
2026-08-04 10:55:36,29533.25,29533.25,29531.25,29531.75,55,29531.75,29531.75,0.00
2026-08-04 10:55:37,29532.00,29533.50,29531.25,29532.75,53,29532.75,29532.75,0.00
2026-08-04 10:55:38,29532.50,29535.00,29531.75,29534.25,61,29534.25,29534.25,0.00
2026-08-04 10:55:39,29534.75,29534.75,29533.00,29533.25,34,29533.25,29533.25,0.00
2026-08-04 10:55:40,29533.25,29533.50,29532.75,29533.25,12,29533.25,29533.25,0.00
2026-08-04 10:55:41,29533.50,29533.75,29530.75,29533.00,82,29533.00,29533.00,0.00
2026-08-04 10:55:42,29532.75,29532.75,29531.00,29531.25,27,29531.25,29531.25,0.00
2026-08-04 10:55:43,29531.00,29531.75,29530.25,29531.75,45,29531.75,29531.75,0.00
2026-08-04 10:55:44,29531.25,29533.00,29531.25,29532.50,61,29532.50,29532.50,0.00
2026-08-04 10:55:45,29532.50,29533.25,29531.25,29531.50,38,29531.50,29531.50,0.00
2026-08-04 10:55:46,29531.50,29532.25,29530.00,29531.50,66,29531.50,29531.50,0.00
2026-08-04 10:55:47,29532.00,29532.00,29529.00,29529.25,115,29529.25,29529.25,0.00
2026-08-04 10:55:48,29529.00,29529.25,29527.75,29527.75,89,29527.75,29527.75,0.00
2026-08-04 10:55:49,29528.00,29528.50,29526.75,29528.50,178,29528.50,29528.50,0.00
2026-08-04 10:55:50,29528.00,29530.25,29528.00,29528.75,47,29528.75,29528.75,0.00
2026-08-04 10:55:51,29528.75,29529.50,29527.50,29527.50,142,29527.50,29527.50,0.00
2026-08-04 10:55:52,29528.00,29528.25,29525.50,29526.75,127,29526.75,29526.75,0.00
2026-08-04 10:55:53,29526.75,29528.50,29526.00,29528.00,69,29528.00,29528.00,0.00
2026-08-04 10:55:54,29528.00,29528.50,29527.25,29528.25,63,29528.25,29528.25,0.00
2026-08-04 10:55:55,29528.75,29530.25,29528.00,29530.25,57,29530.25,29530.25,0.00
2026-08-04 10:55:56,29529.00,29530.75,29529.00,29530.50,68,29530.50,29530.50,0.00
2026-08-04 10:55:57,29530.25,29531.75,29529.75,29531.75,73,29531.75,29531.75,0.00
2026-08-04 10:55:58,29531.25,29531.25,29529.75,29530.75,45,29530.75,29530.75,0.00
2026-08-04 10:55:59,29529.50,29531.75,29529.50,29531.75,30,29531.75,29531.75,0.00
2026-08-04 10:56:00,29531.25,29533.00,29531.00,29532.25,69,29532.25,29532.25,0.00
2026-08-04 10:56:01,29532.50,29535.50,29532.25,29533.00,89,29533.00,29533.00,0.00
2026-08-04 10:56:02,29533.00,29534.25,29532.25,29532.50,53,29532.50,29532.50,0.00
2026-08-04 10:56:03,29532.75,29533.00,29532.00,29532.50,15,29532.50,29532.50,0.00
2026-08-04 10:56:04,29532.25,29533.50,29532.25,29533.00,29,29533.00,29533.00,0.00
2026-08-04 10:56:05,29533.00,29533.75,29532.50,29533.75,17,29533.75,29533.75,0.00
2026-08-04 10:56:06,29533.75,29534.50,29533.50,29534.25,18,29534.25,29534.25,0.00
2026-08-04 10:56:07,29534.25,29534.25,29530.00,29532.00,96,29532.00,29532.00,0.00
2026-08-04 10:56:08,29532.00,29535.25,29531.50,29534.75,76,29534.75,29534.75,0.00
2026-08-04 10:56:09,29535.50,29537.00,29535.25,29535.25,109,29535.25,29535.25,0.00
2026-08-04 10:56:10,29535.75,29536.75,29534.00,29536.75,83,29536.75,29536.75,0.00
2026-08-04 10:56:11,29537.00,29542.00,29537.00,29541.25,294,29541.25,29541.25,0.00
2026-08-04 10:56:12,29541.75,29544.25,29541.25,29541.25,153,29541.25,29541.25,0.00
2026-08-04 10:56:13,29542.00,29543.00,29539.50,29539.50,132,29539.50,29539.50,0.00
2026-08-04 10:56:14,29540.00,29540.25,29537.50,29537.75,116,29537.75,29537.75,0.00
2026-08-04 10:56:15,29538.25,29539.75,29537.00,29538.75,69,29538.75,29538.75,0.00
2026-08-04 10:56:16,29539.25,29539.75,29539.00,29539.25,23,29539.25,29539.25,0.00
2026-08-04 10:56:17,29539.25,29540.50,29539.00,29540.50,34,29540.50,29540.50,0.00
2026-08-04 10:56:18,29540.50,29540.75,29539.75,29540.00,38,29540.00,29540.00,0.00
2026-08-04 10:56:19,29540.00,29541.25,29539.75,29540.75,32,29540.75,29540.75,0.00
2026-08-04 10:56:20,29541.25,29542.75,29540.75,29542.00,48,29542.00,29542.00,0.00
2026-08-04 10:56:21,29541.50,29542.50,29540.50,29541.50,60,29541.50,29541.50,0.00
2026-08-04 10:56:22,29541.25,29541.25,29539.25,29539.75,61,29539.75,29539.75,0.00
2026-08-04 10:56:23,29540.25,29540.25,29537.50,29538.00,89,29538.00,29538.00,0.00
2026-08-04 10:56:24,29538.00,29538.00,29536.00,29536.00,46,29536.00,29536.00,0.00
2026-08-04 10:56:25,29536.25,29536.75,29533.75,29533.75,127,29533.75,29533.75,0.00
2026-08-04 10:56:26,29533.50,29534.50,29532.50,29533.75,60,29533.75,29533.75,0.00
2026-08-04 10:56:27,29534.50,29536.50,29534.50,29536.00,53,29536.00,29536.00,0.00
2026-08-04 10:56:28,29535.50,29536.75,29534.50,29536.75,50,29536.75,29536.75,0.00
2026-08-04 10:56:29,29535.50,29535.50,29533.00,29535.00,85,29535.00,29535.00,0.00
2026-08-04 10:56:30,29535.50,29535.75,29533.00,29533.00,60,29533.00,29533.00,0.00
2026-08-04 10:56:31,29534.25,29534.25,29530.50,29531.50,107,29531.50,29531.50,0.00
2026-08-04 10:56:32,29531.25,29531.75,29530.75,29531.00,27,29531.00,29531.00,0.00
2026-08-04 10:56:33,29531.00,29531.25,29529.25,29531.00,104,29531.00,29531.00,0.00
2026-08-04 10:56:34,29530.25,29531.00,29529.50,29529.50,79,29529.50,29529.50,0.00
2026-08-04 10:56:35,29529.25,29531.00,29529.00,29531.00,61,29531.00,29531.00,0.00
2026-08-04 10:56:36,29530.75,29533.75,29530.75,29531.50,111,29531.50,29531.50,0.00
2026-08-04 10:56:37,29532.00,29533.50,29531.25,29533.00,47,29533.00,29533.00,0.00
2026-08-04 10:56:38,29533.50,29535.25,29533.00,29535.25,32,29535.25,29535.25,0.00
2026-08-04 10:56:39,29535.50,29538.00,29535.25,29536.00,64,29536.00,29536.00,0.00
2026-08-04 10:56:40,29536.25,29536.25,29535.75,29536.00,4,29536.00,29536.00,0.00
2026-08-04 10:56:41,29535.50,29536.25,29535.25,29535.25,38,29535.25,29535.25,0.00
2026-08-04 10:56:42,29536.50,29537.25,29536.25,29536.25,37,29536.25,29536.25,0.00
2026-08-04 10:56:43,29536.00,29536.00,29534.75,29534.75,28,29534.75,29534.75,0.00
2026-08-04 10:56:44,29535.50,29537.00,29535.00,29536.75,39,29536.75,29536.75,0.00
2026-08-04 10:56:45,29536.75,29536.75,29535.75,29536.00,33,29536.00,29536.00,0.00
2026-08-04 10:56:46,29536.25,29536.50,29534.50,29535.75,45,29535.75,29535.75,0.00
2026-08-04 10:56:47,29535.25,29536.75,29534.25,29536.00,36,29536.00,29536.00,0.00
2026-08-04 10:56:48,29535.50,29536.00,29533.25,29534.00,69,29534.00,29534.00,0.00
2026-08-04 10:56:49,29533.00,29533.50,29531.75,29532.75,91,29532.75,29532.75,0.00
2026-08-04 10:56:50,29532.25,29532.25,29530.75,29531.75,39,29531.75,29531.75,0.00
2026-08-04 10:56:51,29531.75,29532.50,29530.25,29530.50,39,29530.50,29530.50,0.00
2026-08-04 10:56:52,29531.25,29531.75,29530.50,29531.75,48,29531.75,29531.75,0.00
2026-08-04 10:56:53,29532.00,29532.25,29530.75,29531.50,36,29531.50,29531.50,0.00
2026-08-04 10:56:54,29531.25,29531.25,29529.00,29529.50,54,29529.50,29529.50,0.00
2026-08-04 10:56:55,29529.50,29530.00,29528.25,29528.50,44,29528.50,29528.50,0.00
2026-08-04 10:56:56,29528.25,29529.00,29527.50,29528.50,59,29528.50,29528.50,0.00
2026-08-04 10:56:57,29528.25,29528.25,29526.50,29527.00,50,29527.00,29527.00,0.00
2026-08-04 10:56:58,29527.00,29527.50,29526.25,29526.50,46,29526.50,29526.50,0.00
2026-08-04 10:56:59,29527.25,29528.75,29527.00,29528.50,43,29528.50,29528.50,0.00
2026-08-04 10:57:00,29528.25,29529.00,29527.50,29527.50,39,29527.50,29527.50,0.00
2026-08-04 10:57:01,29528.00,29528.25,29526.25,29527.75,87,29527.75,29527.75,0.00
2026-08-04 10:57:02,29527.50,29532.75,29527.50,29532.75,136,29532.75,29532.75,0.00
2026-08-04 10:57:03,29533.00,29534.00,29532.75,29532.75,62,29532.75,29532.75,0.00
2026-08-04 10:57:04,29533.00,29533.25,29530.25,29530.50,96,29530.50,29530.50,0.00
2026-08-04 10:57:05,29530.50,29532.00,29529.25,29530.75,73,29530.75,29530.75,0.00
2026-08-04 10:57:06,29531.00,29531.75,29530.50,29531.50,67,29531.50,29531.50,0.00
2026-08-04 10:57:07,29531.75,29532.00,29531.25,29531.25,9,29531.25,29531.25,0.00
2026-08-04 10:57:08,29531.75,29531.75,29530.50,29531.00,24,29531.00,29531.00,0.00
2026-08-04 10:57:09,29531.50,29532.25,29531.00,29532.25,88,29532.25,29532.25,0.00
2026-08-04 10:57:10,29532.25,29532.50,29531.75,29532.00,10,29532.00,29532.00,0.00
2026-08-04 10:57:11,29531.75,29533.50,29531.75,29533.50,32,29533.50,29533.50,0.00
2026-08-04 10:57:12,29533.25,29534.50,29531.75,29533.25,67,29533.25,29533.25,0.00
2026-08-04 10:57:13,29533.25,29533.25,29531.75,29532.75,13,29532.75,29532.75,0.00
2026-08-04 10:57:14,29533.00,29534.00,29532.25,29532.50,52,29532.50,29532.50,0.00
2026-08-04 10:57:15,29532.75,29533.75,29532.25,29533.75,10,29533.75,29533.75,0.00
2026-08-04 10:57:16,29534.00,29535.50,29534.00,29535.00,45,29535.00,29535.00,0.00
2026-08-04 10:57:17,29535.00,29537.50,29534.75,29534.75,110,29534.75,29534.75,0.00
2026-08-04 10:57:18,29535.25,29538.00,29535.25,29538.00,82,29538.00,29538.00,0.00
2026-08-04 10:57:19,29538.00,29539.00,29537.50,29538.50,92,29538.50,29538.50,0.00
2026-08-04 10:57:20,29539.00,29541.75,29539.00,29539.00,146,29539.00,29539.00,0.00
2026-08-04 10:57:21,29539.00,29540.75,29539.00,29539.50,65,29539.50,29539.50,0.00
2026-08-04 10:57:22,29539.50,29539.75,29538.50,29538.50,42,29538.50,29538.50,0.00
2026-08-04 10:57:23,29539.00,29539.00,29536.75,29537.50,55,29537.50,29537.50,0.00
2026-08-04 10:57:24,29537.50,29537.75,29536.00,29537.75,57,29537.75,29537.75,0.00
2026-08-04 10:57:25,29537.50,29537.75,29537.00,29537.50,24,29537.50,29537.50,0.00
2026-08-04 10:57:26,29537.50,29537.75,29535.25,29535.75,39,29535.75,29535.75,0.00
2026-08-04 10:57:27,29535.75,29536.25,29535.00,29535.50,25,29535.50,29535.50,0.00
2026-08-04 10:57:28,29535.00,29536.25,29535.00,29535.25,25,29535.25,29535.25,0.00
2026-08-04 10:57:29,29535.00,29536.25,29534.50,29535.75,21,29535.75,29535.75,0.00
2026-08-04 10:57:30,29536.00,29536.00,29534.75,29535.00,16,29535.00,29535.00,0.00
2026-08-04 10:57:31,29535.25,29536.00,29535.00,29535.50,18,29535.50,29535.50,0.00
2026-08-04 10:57:32,29535.50,29535.75,29534.75,29535.25,16,29535.25,29535.25,0.00
2026-08-04 10:57:33,29535.50,29536.50,29535.50,29536.50,5,29536.50,29536.50,0.00
2026-08-04 10:57:34,29536.25,29536.25,29532.50,29533.00,81,29533.00,29533.00,0.00
2026-08-04 10:57:35,29533.75,29535.50,29533.25,29534.00,33,29534.00,29534.00,0.00
2026-08-04 10:57:36,29534.50,29536.50,29534.50,29536.25,20,29536.25,29536.25,0.00
2026-08-04 10:57:37,29536.25,29537.25,29535.25,29537.25,44,29537.25,29537.25,0.00
2026-08-04 10:57:38,29536.50,29537.00,29536.00,29537.00,17,29537.00,29537.00,0.00
2026-08-04 10:57:39,29536.75,29537.00,29536.00,29537.00,16,29537.00,29537.00,0.00
2026-08-04 10:57:40,29536.75,29536.75,29536.25,29536.75,6,29536.75,29536.75,0.00
2026-08-04 10:57:41,29537.25,29538.00,29536.00,29536.50,15,29536.50,29536.50,0.00
2026-08-04 10:57:42,29536.50,29536.75,29535.75,29536.00,20,29536.00,29536.00,0.00
2026-08-04 10:57:43,29536.25,29536.50,29535.25,29535.25,21,29535.25,29535.25,0.00
2026-08-04 10:57:44,29535.00,29535.50,29534.25,29535.50,52,29535.50,29535.50,0.00
2026-08-04 10:57:45,29535.25,29536.00,29535.25,29535.75,11,29535.75,29535.75,0.00
2026-08-04 10:57:46,29535.50,29536.00,29534.25,29534.25,14,29534.25,29534.25,0.00
2026-08-04 10:57:47,29534.50,29534.50,29533.50,29533.75,48,29533.75,29533.75,0.00
2026-08-04 10:57:48,29533.25,29536.00,29533.25,29535.75,33,29535.75,29535.75,0.00
2026-08-04 10:57:49,29535.50,29537.50,29535.25,29537.50,30,29537.50,29537.50,0.00
2026-08-04 10:57:50,29537.50,29537.50,29536.00,29536.50,20,29536.50,29536.50,0.00
2026-08-04 10:57:51,29537.00,29537.25,29536.00,29536.00,9,29536.00,29536.00,0.00
2026-08-04 10:57:52,29536.25,29536.75,29536.00,29536.75,12,29536.75,29536.75,0.00
2026-08-04 10:57:53,29536.75,29536.75,29536.50,29536.50,4,29536.50,29536.50,0.00
2026-08-04 10:57:54,29537.50,29538.00,29532.75,29532.75,50,29532.75,29532.75,0.00
2026-08-04 10:57:55,29533.00,29534.50,29532.75,29533.75,40,29533.75,29533.75,0.00
2026-08-04 10:57:56,29533.75,29533.75,29531.50,29531.75,62,29531.75,29531.75,0.00
2026-08-04 10:57:57,29532.25,29532.75,29531.00,29531.00,44,29531.00,29531.00,0.00
2026-08-04 10:57:58,29530.75,29530.75,29527.50,29527.50,116,29527.50,29527.50,0.00
2026-08-04 10:57:59,29527.25,29527.25,29525.25,29526.50,175,29526.50,29526.50,0.00
2026-08-04 10:58:00,29526.50,29526.50,29523.25,29524.50,218,29524.50,29524.50,0.00
2026-08-04 10:58:01,29524.25,29526.75,29523.50,29525.50,69,29525.50,29525.50,0.00
2026-08-04 10:58:02,29525.50,29530.75,29525.50,29530.00,140,29530.00,29530.00,0.00
2026-08-04 10:58:03,29530.50,29530.50,29528.25,29528.75,82,29528.75,29528.75,0.00
2026-08-04 10:58:04,29529.00,29533.00,29529.00,29532.50,88,29532.50,29532.50,0.00
2026-08-04 10:58:05,29532.50,29533.25,29530.50,29532.00,61,29532.00,29532.00,0.00
2026-08-04 10:58:06,29531.50,29532.00,29530.25,29531.25,44,29531.25,29531.25,0.00
2026-08-04 10:58:07,29531.00,29531.75,29530.75,29530.75,28,29530.75,29530.75,0.00
2026-08-04 10:58:08,29531.25,29531.25,29529.75,29530.50,39,29530.50,29530.50,0.00
2026-08-04 10:58:09,29530.75,29534.00,29530.75,29533.75,73,29533.75,29533.75,0.00
2026-08-04 10:58:10,29533.50,29534.00,29533.25,29533.50,33,29533.50,29533.50,0.00
2026-08-04 10:58:11,29533.50,29534.75,29533.25,29533.75,63,29533.75,29533.75,0.00
2026-08-04 10:58:12,29533.50,29533.50,29531.50,29532.75,43,29532.75,29532.75,0.00
2026-08-04 10:58:13,29532.00,29532.00,29530.25,29531.50,22,29531.50,29531.50,0.00
2026-08-04 10:58:14,29531.75,29531.75,29530.75,29530.75,26,29530.75,29530.75,0.00
2026-08-04 10:58:15,29530.75,29531.25,29529.50,29530.50,37,29530.50,29530.50,0.00
2026-08-04 10:58:16,29530.25,29532.00,29530.25,29530.25,25,29530.25,29530.25,0.00
2026-08-04 10:58:17,29530.75,29531.50,29529.75,29530.50,22,29530.50,29530.50,0.00
2026-08-04 10:58:18,29530.75,29533.25,29530.25,29533.25,48,29533.25,29533.25,0.00
2026-08-04 10:58:19,29532.50,29533.50,29532.25,29532.50,33,29532.50,29532.50,0.00
2026-08-04 10:58:20,29533.00,29533.50,29531.50,29532.25,48,29532.25,29532.25,0.00
2026-08-04 10:58:21,29532.50,29533.25,29532.25,29533.25,29,29533.25,29533.25,0.00
2026-08-04 10:58:22,29533.00,29533.50,29532.25,29533.50,53,29533.50,29533.50,0.00
