Instrument,Series,SeriesSeconds,BarIndex,Time,Open,High,Low,Close,Volume,Range,Body,UpperWick,LowerWick,Direction,VO,VO_Change,VO_Slope3,VO_Slope5
MNQ SEP25,1s,1,0,2025-07-23 09:19:58,23243.25,23243.25,23243.25,23243.25,2,0,0,0,0,0,,,,
MNQ SEP25,1s,1,1,2025-07-23 09:19:59,23243.25,23243.75,23243.25,23243.75,2,0.5,0.5,0,0,1,,,,
MNQ SEP25,1s,1,2,2025-07-23 09:20:00,23244,23244.5,23244,23244.5,6,0.5,0.5,0,0,1,,,,
MNQ SEP25,10s,10,5399,2025-07-23 09:20:00,23243.5,23244.5,23243.25,23244.5,35,1.25,1,0,0.25,1,-23.85,-66.45,-45.41666667,-26.99
MNQ SEP25,20s,20,5699,2025-07-23 09:20:00,23245,23245,23242.75,23244.5,120,2.25,0.5,0,1.75,-1,136.2,1,30.75,31.76
MNQ SEP25,1s,1,3,2025-07-23 09:20:01,23244.5,23244.5,23244.25,23244.25,4,0.25,0.25,0,0,-1,,,,
MNQ SEP25,1s,1,4,2025-07-23 09:20:02,23244,23245,23244,23244.5,19,1,0.5,0.5,0,1,,,,
MNQ SEP25,1s,1,5,2025-07-23 09:20:03,23245,23245.25,23245,23245,11,0.25,0,0.25,0,0,,,,
MNQ SEP25,1s,1,6,2025-07-23 09:20:04,23245.5,23245.75,23245.25,23245.75,6,0.5,0.25,0,0.25,1,,,,
MNQ SEP25,1s,1,7,2025-07-23 09:20:05,23245.5,23246,23245.5,23246,7,0.5,0.5,0,0,1,,,,
MNQ SEP25,1s,1,8,2025-07-23 09:20:06,23245.75,23246.5,23245.5,23246.5,21,1,0.75,0,0.25,1,,,,
MNQ SEP25,1s,1,9,2025-07-23 09:20:07,23246.25,23246.5,23245.75,23245.75,11,0.75,0.5,0.25,0,-1,,,,
MNQ SEP25,1s,1,10,2025-07-23 09:20:08,23245.75,23246.5,23245.5,23246.5,8,1,0.75,0,0.25,1,,,,
MNQ SEP25,1s,1,11,2025-07-23 09:20:09,23246.5,23246.5,23246,23246,8,0.5,0.5,0,0,-1,,,,
MNQ SEP25,1s,1,12,2025-07-23 09:20:10,23246.5,23247,23245.5,23246.25,61,1.5,0.25,0.5,0.75,-1,,,,
MNQ SEP25,10s,10,5400,2025-07-23 09:20:10,23244.5,23247,23244,23246.25,156,3,1.75,0.75,0.5,1,-18.65,5.2,-25.41666667,-23.92
MNQ SEP25,1s,1,13,2025-07-23 09:20:11,23246,23246.5,23245.25,23246.25,39,1.25,0.25,0.25,0.75,1,,,,
MNQ SEP25,1s,1,14,2025-07-23 09:20:12,23246.25,23246.75,23246.25,23246.5,3,0.5,0.25,0.25,0,1,,,,
MNQ SEP25,1s,1,15,2025-07-23 09:20:13,23246.5,23247,23246.25,23246.5,8,0.75,0,0.5,0.25,0,,,,
MNQ SEP25,1s,1,16,2025-07-23 09:20:14,23246.75,23247,23246.5,23246.5,13,0.5,0.25,0.25,0,-1,,,,
MNQ SEP25,1s,1,17,2025-07-23 09:20:15,23246,23246.75,23246,23246.5,17,0.75,0.5,0.25,0,1,,,,
MNQ SEP25,1s,1,18,2025-07-23 09:20:16,23246.5,23246.5,23245.75,23246,13,0.75,0.5,0,0.25,-1,,,,
MNQ SEP25,1s,1,19,2025-07-23 09:20:17,23245.75,23246.25,23245.5,23246.25,16,0.75,0.5,0,0.25,1,,,,
MNQ SEP25,1s,1,20,2025-07-23 09:20:18,23246.75,23246.75,23246.75,23246.75,8,0,0,0,0,0,,,,
MNQ SEP25,1s,1,21,2025-07-23 09:20:19,23246.25,23246.5,23246.25,23246.5,3,0.25,0.25,0,0,1,,,,
MNQ SEP25,1s,1,22,2025-07-23 09:20:20,23246.5,23246.75,23246.25,23246.5,9,0.5,0,0.25,0.25,0,,,,
MNQ SEP25,10s,10,5401,2025-07-23 09:20:20,23246,23247,23245.25,23246.5,129,1.75,0.5,0.5,0.75,1,-13.1,5.55,-18.56666667,-25.1
MNQ SEP25,20s,20,5700,2025-07-23 09:20:20,23244.5,23247,23244,23246.5,285,3,2,0.5,0.5,1,148.7,12.5,11.18333333,32.96
MNQ SEP25,1s,1,23,2025-07-23 09:20:21,23246.25,23246.25,23246.25,23246.25,1,0,0,0,0,0,,,,
MNQ SEP25,1s,1,24,2025-07-23 09:20:22,23246.75,23247,23246.25,23247,4,0.75,0.25,0,0.5,1,,,,
MNQ SEP25,1s,1,25,2025-07-23 09:20:23,23246.75,23246.75,23246,23246,2,0.75,0.75,0,0,-1,,,,
MNQ SEP25,1s,1,26,2025-07-23 09:20:24,23246.75,23246.75,23246.5,23246.75,7,0.25,0,0,0.25,0,,,,
MNQ SEP25,1s,1,27,2025-07-23 09:20:25,23246.5,23246.5,23245.75,23246,28,0.75,0.5,0,0.25,-1,,,,
MNQ SEP25,1s,1,28,2025-07-23 09:20:26,23246,23246.75,23246,23246.75,6,0.75,0.75,0,0,1,,,,
MNQ SEP25,1s,1,29,2025-07-23 09:20:27,23247,23247,23246.5,23246.5,4,0.5,0.5,0,0,-1,,,,
MNQ SEP25,1s,1,30,2025-07-23 09:20:28,23246.75,23247.25,23246.75,23247,49,0.5,0.25,0.25,0,1,,,,
MNQ SEP25,1s,1,31,2025-07-23 09:20:29,23247.25,23247.25,23246.75,23246.75,4,0.5,0.5,0,0,-1,,,,
MNQ SEP25,1s,1,32,2025-07-23 09:20:30,23246.5,23247.25,23246.5,23246.5,16,0.75,0,0.75,0,0,,,,
MNQ SEP25,10s,10,5402,2025-07-23 09:20:30,23246.25,23247.25,23245.75,23246.5,121,1.5,0.25,0.75,0.5,1,-9.2,3.9,4.88333333,-13.36
MNQ SEP25,1s,1,33,2025-07-23 09:20:31,23247,23247.25,23246.75,23246.75,4,0.5,0.25,0.25,0,-1,,,,
MNQ SEP25,1s,1,34,2025-07-23 09:20:32,23247,23247.5,23247,23247,11,0.5,0,0.5,0,0,,,,
MNQ SEP25,1s,1,35,2025-07-23 09:20:33,23247,23247.25,23246.75,23247,16,0.5,0,0.25,0.25,0,,,,
MNQ SEP25,1s,1,36,2025-07-23 09:20:34,23247,23247.5,23247,23247.25,6,0.5,0.25,0.25,0,1,,,,
MNQ SEP25,1s,1,37,2025-07-23 09:20:35,23247.25,23248,23247.25,23247.25,34,0.75,0,0.75,0,0,,,,
MNQ SEP25,1s,1,38,2025-07-23 09:20:36,23247.5,23248,23247.5,23247.75,19,0.5,0.25,0.25,0,1,,,,
MNQ SEP25,1s,1,39,2025-07-23 09:20:37,23247.25,23248,23247.25,23248,2,0.75,0.75,0,0,1,,,,
MNQ SEP25,1s,1,40,2025-07-23 09:20:38,23247.75,23247.75,23247.5,23247.75,6,0.25,0,0,0.25,0,,,,
MNQ SEP25,1s,1,41,2025-07-23 09:20:39,23247.25,23248,23247.25,23247.5,14,0.75,0.25,0.5,0,1,,,,
MNQ SEP25,1s,1,42,2025-07-23 09:20:40,23247.25,23247.75,23247.25,23247.25,8,0.5,0,0.5,0,0,,,,
MNQ SEP25,10s,10,5403,2025-07-23 09:20:40,23247,23248,23246.75,23247.25,120,1.25,0.25,0.75,0.25,1,-4.3,4.9,4.78333333,-9.38
MNQ SEP25,20s,20,5701,2025-07-23 09:20:40,23246.25,23248,23245.75,23247.25,241,2.25,1,0.75,0.5,1,77.65,-71.05,-19.18333333,6.74
MNQ SEP25,1s,1,43,2025-07-23 09:20:41,23247,23247.5,23247,23247.5,14,0.5,0.5,0,0,1,,,,
MNQ SEP25,1s,1,44,2025-07-23 09:20:42,23247.25,23247.5,23247,23247.5,9,0.5,0.25,0,0.25,1,,,,
MNQ SEP25,1s,1,45,2025-07-23 09:20:43,23248.25,23248.75,23247.75,23248.25,41,1,0,0.5,0.5,0,,,,
MNQ SEP25,1s,1,46,2025-07-23 09:20:44,23247.75,23248.5,23247.75,23248.5,15,0.75,0.75,0,0,1,,,,
MNQ SEP25,1s,1,47,2025-07-23 09:20:45,23248,23249,23248,23249,16,1,1,0,0,1,,,,
MNQ SEP25,1s,1,48,2025-07-23 09:20:46,23249,23249,23248.75,23248.75,5,0.25,0.25,0,0,-1,,,,
MNQ SEP25,1s,1,49,2025-07-23 09:20:47,23248.5,23248.5,23248,23248,9,0.5,0.5,0,0,-1,,,,
MNQ SEP25,1s,1,50,2025-07-23 09:20:48,23248.25,23248.5,23247.75,23248,13,0.75,0.25,0.25,0.25,-1,,,,
MNQ SEP25,1s,1,51,2025-07-23 09:20:49,23248.5,23248.5,23248.5,23248.5,3,0,0,0,0,0,,,,
MNQ SEP25,1s,1,52,2025-07-23 09:20:50,23248.75,23249,23248.75,23248.75,11,0.25,0,0.25,0,0,,,,
MNQ SEP25,10s,10,5404,2025-07-23 09:20:50,23247,23249,23247,23248.75,136,2,1.75,0.25,0,1,9.9,14.2,7.66666667,6.75
MNQ SEP25,1s,1,53,2025-07-23 09:20:51,23248.75,23248.75,23248.25,23248.5,13,0.5,0.25,0,0.25,-1,,,,
MNQ SEP25,1s,1,54,2025-07-23 09:20:52,23248.5,23249.5,23248.5,23249,56,1,0.5,0.5,0,1,,,,
MNQ SEP25,1s,1,55,2025-07-23 09:20:53,23249,23249.25,23248.5,23249.25,8,0.75,0.25,0,0.5,1,,,,
MNQ SEP25,1s,1,56,2025-07-23 09:20:54,23249.25,23249.5,23248.75,23249.5,10,0.75,0.25,0,0.5,1,,,,
MNQ SEP25,1s,1,57,2025-07-23 09:20:55,23249,23249.5,23249,23249,7,0.5,0,0.5,0,0,,,,
MNQ SEP25,1s,1,58,2025-07-23 09:20:56,23249.75,23249.75,23249.25,23249.5,13,0.5,0.25,0,0.25,-1,,,,
MNQ SEP25,1s,1,59,2025-07-23 09:20:57,23249.5,23249.75,23249.5,23249.75,15,0.25,0.25,0,0,1,,,,
MNQ SEP25,1s,1,60,2025-07-23 09:20:58,23249.75,23250,23249,23249.5,26,1,0.25,0.25,0.5,-1,,,,
MNQ SEP25,1s,1,61,2025-07-23 09:20:59,23250,23250,23249.5,23249.75,13,0.5,0.25,0,0.25,-1,,,,
MNQ SEP25,1s,1,62,2025-07-23 09:21:00,23249.5,23250.25,23249.5,23249.75,12,0.75,0.25,0.5,0,1,,,,
MNQ SEP25,10s,10,5405,2025-07-23 09:21:00,23248.75,23250.25,23248.25,23249.75,173,2,1,0.5,0.5,1,6.9,-3,5.36666667,5.11
MNQ SEP25,20s,20,5702,2025-07-23 09:21:00,23247,23250.25,23247,23249.75,309,3.25,2.75,0.5,0,1,30.5,-47.15,-35.23333333,-16.93
MNQ SEP25,1s,1,63,2025-07-23 09:21:01,23250.25,23252,23250,23250,154,2,0.25,1.75,0,-1,,,,
MNQ SEP25,1s,1,64,2025-07-23 09:21:02,23250.25,23250.75,23250,23250.25,25,0.75,0,0.5,0.25,0,,,,
MNQ SEP25,1s,1,65,2025-07-23 09:21:03,23250.75,23250.75,23250.25,23250.25,22,0.5,0.5,0,0,-1,,,,
MNQ SEP25,1s,1,66,2025-07-23 09:21:04,23250,23250.5,23249.75,23250.5,6,0.75,0.5,0,0.25,1,,,,
MNQ SEP25,1s,1,67,2025-07-23 09:21:05,23250,23250.5,23249.75,23250.5,15,0.75,0.5,0,0.25,1,,,,
MNQ SEP25,1s,1,68,2025-07-23 09:21:06,23250.5,23250.5,23249.5,23249.5,25,1,1,0,0,-1,,,,
MNQ SEP25,1s,1,69,2025-07-23 09:21:07,23249.75,23250,23249.5,23249.5,11,0.5,0.25,0.25,0,-1,,,,
MNQ SEP25,1s,1,70,2025-07-23 09:21:08,23249.5,23249.5,23249.5,23249.5,3,0,0,0,0,0,,,,
MNQ SEP25,1s,1,71,2025-07-23 09:21:09,23250,23250.75,23249.75,23250.25,15,1,0.25,0.5,0.25,1,,,,
MNQ SEP25,1s,1,72,2025-07-23 09:21:10,23250.25,23250.5,23250,23250.5,4,0.5,0.25,0,0.25,1,,,,
MNQ SEP25,10s,10,5406,2025-07-23 09:21:10,23250.25,23252,23249.5,23250.5,280,2.5,0.25,1.5,0.75,1,26.05,19.15,10.11666667,7.83
MNQ SEP25,1s,1,73,2025-07-23 09:21:11,23250.5,23250.5,23250.5,23250.5,1,0,0,0,0,0,,,,
MNQ SEP25,1s,1,74,2025-07-23 09:21:12,23250.25,23250.25,23249.75,23250,12,0.5,0.25,0,0.25,-1,,,,
MNQ SEP25,1s,1,75,2025-07-23 09:21:13,23250.5,23250.75,23250,23250,12,0.75,0.5,0.25,0,-1,,,,
MNQ SEP25,1s,1,76,2025-07-23 09:21:14,23250.5,23250.75,23250.25,23250.25,16,0.5,0.25,0.25,0,-1,,,,
MNQ SEP25,1s,1,77,2025-07-23 09:21:15,23250.75,23250.75,23249.75,23250.25,10,1,0.5,0,0.5,-1,,,,
MNQ SEP25,1s,1,78,2025-07-23 09:21:16,23250.25,23250.5,23249.75,23249.75,7,0.75,0.5,0.25,0,-1,,,,
MNQ SEP25,1s,1,79,2025-07-23 09:21:17,23250.25,23250.5,23250,23250.5,4,0.5,0.25,0,0.25,1,,,,
MNQ SEP25,1s,1,80,2025-07-23 09:21:18,23250.25,23250.25,23248,23249.25,98,2.25,1,0,1.25,-1,,,,
MNQ SEP25,1s,1,81,2025-07-23 09:21:19,23249,23250,23249,23249.25,15,1,0.25,0.75,0,1,,,,
MNQ SEP25,1s,1,82,2025-07-23 09:21:20,23249.25,23249.75,23249.25,23249.25,10,0.5,0,0.5,0,0,,,,
MNQ SEP25,10s,10,5407,2025-07-23 09:21:20,23250.5,23250.75,23248,23249.25,185,2.75,1.25,0.25,1.25,-1,30.8,4.75,6.96666667,8
MNQ SEP25,20s,20,5703,2025-07-23 09:21:20,23250.25,23252,23248,23249.25,465,4,1,1.75,1.25,-1,68.8,38.3,-26.63333333,-13.28
MNQ SEP25,1s,1,83,2025-07-23 09:21:21,23249.75,23249.75,23249.75,23249.75,2,0,0,0,0,0,,,,
MNQ SEP25,1s,1,84,2025-07-23 09:21:22,23249.5,23249.5,23249.5,23249.5,3,0,0,0,0,0,,,,
MNQ SEP25,1s,1,85,2025-07-23 09:21:23,23250,23250.5,23250,23250.5,14,0.5,0.5,0,0,1,,,,
MNQ SEP25,1s,1,86,2025-07-23 09:21:24,23250.75,23251.25,23250.75,23251.25,26,0.5,0.5,0,0,1,,,,
MNQ SEP25,1s,1,87,2025-07-23 09:21:25,23251.5,23251.5,23251,23251,12,0.5,0.5,0,0,-1,,,,
MNQ SEP25,1s,1,88,2025-07-23 09:21:26,23251,23251,23250.5,23250.5,4,0.5,0.5,0,0,-1,,,,
MNQ SEP25,1s,1,89,2025-07-23 09:21:27,23250.5,23250.75,23250.5,23250.75,8,0.25,0.25,0,0,1,,,,
MNQ SEP25,1s,1,90,2025-07-23 09:21:28,23251.25,23251.5,23251,23251,7,0.5,0.25,0.25,0,-1,,,,
MNQ SEP25,1s,1,91,2025-07-23 09:21:29,23251,23251.25,23251,23251.25,7,0.25,0.25,0,0,1,,,,
MNQ SEP25,1s,1,92,2025-07-23 09:21:30,23251.25,23251.25,23250.75,23250.75,6,0.5,0.5,0,0,-1,,,,
MNQ SEP25,10s,10,5408,2025-07-23 09:21:30,23249.75,23251.5,23249.5,23250.75,89,2,1,0.75,0.25,1,25.6,-5.2,6.23333333,5.98
MNQ SEP25,1s,1,93,2025-07-23 09:21:31,23251,23251.75,23251,23251.75,7,0.75,0.75,0,0,1,,,,
MNQ SEP25,1s,1,94,2025-07-23 09:21:32,23251.75,23251.75,23251.75,23251.75,5,0,0,0,0,0,,,,
MNQ SEP25,1s,1,95,2025-07-23 09:21:33,23251.25,23251.25,23250.5,23250.5,39,0.75,0.75,0,0,-1,,,,
MNQ SEP25,1s,1,96,2025-07-23 09:21:34,23250.75,23251,23250.5,23250.5,15,0.5,0.25,0.25,0,-1,,,,
MNQ SEP25,1s,1,97,2025-07-23 09:21:35,23250.75,23250.75,23250.75,23250.75,7,0,0,0,0,0,,,,
MNQ SEP25,1s,1,98,2025-07-23 09:21:36,23250.75,23251,23250.75,23251,3,0.25,0.25,0,0,1,,,,
MNQ SEP25,1s,1,99,2025-07-23 09:21:37,23251,23251.5,23250.75,23250.75,15,0.75,0.25,0.5,0,-1,,,,
MNQ SEP25,1s,1,100,2025-07-23 09:21:38,23250.5,23251.25,23250.25,23250.75,9,1,0.25,0.5,0.25,1,,,,
MNQ SEP25,1s,1,101,2025-07-23 09:21:39,23250.75,23250.75,23250.5,23250.5,5,0.25,0.25,0,0,-1,,,,
MNQ SEP25,1s,1,102,2025-07-23 09:21:40,23251,23251,23249.5,23249.5,49,1.5,1.5,0,0,-1,,,,
MNQ SEP25,10s,10,5409,2025-07-23 09:21:40,23251,23251.75,23249.5,23249.5,154,2.25,1.5,0.75,0,-1,23.7,-1.9,-0.78333333,2.76
MNQ SEP25,20s,20,5704,2025-07-23 09:21:40,23249.75,23251.75,23249.5,23249.5,243,2.25,0.25,2,0,-1,84.95,16.15,2.43333333,-10.25
MNQ SEP25,1s,1,103,2025-07-23 09:21:41,23249.5,23249.75,23249.5,23249.75,3,0.25,0.25,0,0,1,,,,
MNQ SEP25,1s,1,104,2025-07-23 09:21:42,23250,23250,23249.5,23250,4,0.5,0,0,0.5,0,,,,
MNQ SEP25,1s,1,105,2025-07-23 09:21:43,23249.5,23249.5,23249.5,23249.5,3,0,0,0,0,0,,,,
MNQ SEP25,1s,1,106,2025-07-23 09:21:44,23249.5,23250,23249.5,23250,8,0.5,0.5,0,0,1,,,,
MNQ SEP25,1s,1,107,2025-07-23 09:21:45,23249.5,23250,23249.25,23250,8,0.75,0.5,0,0.25,1,,,,
MNQ SEP25,1s,1,108,2025-07-23 09:21:46,23249.75,23250.5,23249.75,23250,5,0.75,0.25,0.5,0,1,,,,
MNQ SEP25,1s,1,109,2025-07-23 09:21:47,23250.25,23250.5,23250,23250,8,0.5,0.25,0.25,0,-1,,,,
MNQ SEP25,1s,1,110,2025-07-23 09:21:48,23250.25,23251.5,23250.25,23251.5,12,1.25,1.25,0,0,1,,,,
MNQ SEP25,1s,1,111,2025-07-23 09:21:49,23251.25,23251.5,23251.25,23251.5,8,0.25,0.25,0,0,1,,,,
MNQ SEP25,1s,1,112,2025-07-23 09:21:50,23251.25,23251.5,23250.75,23250.75,8,0.75,0.5,0.25,0,-1,,,,
MNQ SEP25,10s,10,5410,2025-07-23 09:21:50,23249.5,23251.5,23249.25,23250.75,67,2.25,1.25,0.75,0.25,1,6.7,-17,-8.03333333,-0.04
MNQ SEP25,1s,1,113,2025-07-23 09:21:51,23251,23251,23250.75,23250.75,3,0.25,0.25,0,0,-1,,,,
MNQ SEP25,1s,1,114,2025-07-23 09:21:52,23251,23251,23250.75,23250.75,2,0.25,0.25,0,0,-1,,,,
MNQ SEP25,1s,1,115,2025-07-23 09:21:53,23251.25,23251.25,23250.75,23251.25,7,0.5,0,0,0.5,0,,,,
MNQ SEP25,1s,1,116,2025-07-23 09:21:55,23251,23251.5,23251,23251.5,6,0.5,0.5,0,0,1,,,,
MNQ SEP25,1s,1,117,2025-07-23 09:21:56,23251.5,23251.5,23251.25,23251.25,3,0.25,0.25,0,0,-1,,,,
MNQ SEP25,1s,1,118,2025-07-23 09:21:57,23251.25,23252,23251,23252,14,1,0.75,0,0.25,1,,,,
MNQ SEP25,1s,1,119,2025-07-23 09:21:58,23252,23253.5,23252,23253.25,102,1.5,1.25,0.25,0,1,,,,
MNQ SEP25,1s,1,120,2025-07-23 09:21:59,23253.25,23253.25,23252.75,23253,24,0.5,0.25,0,0.25,-1,,,,
MNQ SEP25,1s,1,121,2025-07-23 09:22:00,23253,23253.5,23252.75,23253.5,27,0.75,0.5,0,0.25,1,,,,
MNQ SEP25,10s,10,5411,2025-07-23 09:22:00,23251,23253.5,23250.75,23253.5,188,2.75,2.5,0,0.25,1,-19.4,-26.1,-15,-9.09
MNQ SEP25,20s,20,5705,2025-07-23 09:22:00,23249.5,23253.5,23249.25,23253.5,255,4.25,4,0,0.25,1,72.15,-12.8,13.88333333,-15.31
MNQ SEP25,1s,1,122,2025-07-23 09:22:01,23253.25,23254,23253,23254,83,1,0.75,0,0.25,1,,,,
MNQ SEP25,1s,1,123,2025-07-23 09:22:02,23254,23254.75,23253.75,23254.5,75,1,0.5,0.25,0.25,1,,,,
MNQ SEP25,1s,1,124,2025-07-23 09:22:03,23254,23254.75,23254,23254.5,43,0.75,0.5,0.25,0,1,,,,
MNQ SEP25,1s,1,125,2025-07-23 09:22:04,23254.25,23255.25,23254.25,23255.25,63,1,1,0,0,1,,,,
MNQ SEP25,1s,1,126,2025-07-23 09:22:05,23255.25,23255.75,23254.75,23255.5,50,1,0.25,0.25,0.5,1,,,,
MNQ SEP25,1s,1,127,2025-07-23 09:22:06,23255.25,23255.5,23255,23255,32,0.5,0.25,0.25,0,-1,,,,
MNQ SEP25,1s,1,128,2025-07-23 09:22:07,23255.5,23255.5,23255,23255.5,50,0.5,0,0,0.5,0,,,,
MNQ SEP25,1s,1,129,2025-07-23 09:22:08,23255.5,23255.5,23254.75,23255.25,33,0.75,0.25,0,0.5,-1,,,,
MNQ SEP25,1s,1,130,2025-07-23 09:22:09,23255.25,23255.75,23254.75,23254.75,34,1,0.5,0.5,0,-1,,,,
MNQ SEP25,1s,1,131,2025-07-23 09:22:10,23254.75,23255.25,23254.75,23254.75,9,0.5,0,0.5,0,0,,,,
MNQ SEP25,10s,10,5412,2025-07-23 09:22:10,23253.25,23255.75,23253,23254.75,472,2.75,1.5,1,0.25,1,33.45,52.85,3.25,0.53
MNQ SEP25,1s,1,132,2025-07-23 09:22:11,23255.25,23256,23255,23256,23,1,0.75,0,0.25,1,,,,
MNQ SEP25,1s,1,133,2025-07-23 09:22:12,23255.5,23256,23255.5,23256,28,0.5,0.5,0,0,1,,,,
MNQ SEP25,1s,1,134,2025-07-23 09:22:13,23256,23256,23255.5,23255.5,11,0.5,0.5,0,0,-1,,,,
MNQ SEP25,1s,1,135,2025-07-23 09:22:14,23256,23256,23255,23255.5,21,1,0.5,0,0.5,-1,,,,
MNQ SEP25,1s,1,136,2025-07-23 09:22:15,23255.5,23255.75,23255.25,23255.25,6,0.5,0.25,0.25,0,-1,,,,
MNQ SEP25,1s,1,137,2025-07-23 09:22:16,23255.75,23255.75,23255,23255,16,0.75,0.75,0,0,-1,,,,
MNQ SEP25,1s,1,138,2025-07-23 09:22:17,23254.75,23255.25,23254.25,23254.5,26,1,0.25,0.5,0.25,-1,,,,
MNQ SEP25,1s,1,139,2025-07-23 09:22:18,23254.75,23254.75,23254.25,23254.75,10,0.5,0,0,0.5,0,,,,
MNQ SEP25,1s,1,140,2025-07-23 09:22:19,23255,23255.25,23254.75,23255.25,6,0.5,0.25,0,0.25,1,,,,
MNQ SEP25,1s,1,141,2025-07-23 09:22:20,23254.75,23255,23254.5,23255,14,0.5,0.25,0,0.25,1,,,,
MNQ SEP25,10s,10,5413,2025-07-23 09:22:20,23255.25,23256,23254.25,23255,161,1.75,0.25,0.75,0.75,-1,47.85,14.4,13.71666667,4.45
MNQ SEP25,20s,20,5706,2025-07-23 09:22:20,23253.25,23256,23253,23255,633,3,1.75,1,0.25,1,127.05,54.9,19.41666667,9.88
MNQ SEP25,1s,1,142,2025-07-23 09:22:21,23254.5,23254.75,23254.25,23254.25,6,0.5,0.25,0.25,0,-1,,,,
MNQ SEP25,1s,1,143,2025-07-23 09:22:22,23254,23254.5,23253.5,23254.25,27,1,0.25,0.25,0.5,1,,,,
MNQ SEP25,1s,1,144,2025-07-23 09:22:23,23254.5,23255.75,23254.5,23255.25,23,1.25,0.75,0.5,0,1,,,,
MNQ SEP25,1s,1,145,2025-07-23 09:22:24,23255.25,23255.75,23255,23255.5,12,0.75,0.25,0.25,0.25,1,,,,
MNQ SEP25,1s,1,146,2025-07-23 09:22:25,23255.25,23255.75,23255.25,23255.75,11,0.5,0.5,0,0,1,,,,
MNQ SEP25,1s,1,147,2025-07-23 09:22:26,23255.25,23255.75,23254.75,23255.25,7,1,0,0.5,0.5,0,,,,
MNQ SEP25,1s,1,148,2025-07-23 09:22:27,23255.25,23255.25,23254.75,23254.75,18,0.5,0.5,0,0,-1,,,,
MNQ SEP25,1s,1,149,2025-07-23 09:22:28,23254.5,23255,23254.25,23255,10,0.75,0.5,0,0.25,1,,,,
MNQ SEP25,1s,1,150,2025-07-23 09:22:29,23254.25,23254.25,23253.75,23253.75,16,0.5,0.5,0,0,-1,,,,
MNQ SEP25,1s,1,151,2025-07-23 09:22:30,23254.25,23254.25,23253.75,23253.75,3,0.5,0.5,0,0,-1,,,,
MNQ SEP25,10s,10,5414,2025-07-23 09:22:30,23254.5,23255.75,23253.5,23253.75,133,2.25,0.75,1.25,0.25,-1,55.9,8.05,25.1,6.44
MNQ SEP25,1s,1,152,2025-07-23 09:22:31,23254,23254,23253.75,23253.75,2,0.25,0.25,0,0,-1,,,,
MNQ SEP25,1s,1,153,2025-07-23 09:22:32,23253.75,23254.75,23253.75,23254,37,1,0.25,0.75,0,1,,,,
MNQ SEP25,1s,1,154,2025-07-23 09:22:33,23254,23254,23254,23254,1,0,0,0,0,0,,,,
MNQ SEP25,1s,1,155,2025-07-23 09:22:34,23254,23254.75,23254,23254,11,0.75,0,0.75,0,0,,,,
MNQ SEP25,1s,1,156,2025-07-23 09:22:35,23254,23254.5,23254,23254.5,6,0.5,0.5,0,0,1,,,,
MNQ SEP25,1s,1,157,2025-07-23 09:22:36,23254,23254.5,23254,23254.5,3,0.5,0.5,0,0,1,,,,
MNQ SEP25,1s,1,158,2025-07-23 09:22:37,23254,23254,23254,23254,12,0,0,0,0,0,,,,
MNQ SEP25,1s,1,159,2025-07-23 09:22:38,23253.75,23253.75,23253.75,23253.75,1,0,0,0,0,0,,,,
MNQ SEP25,1s,1,160,2025-07-23 09:22:39,23254.25,23254.75,23254.25,23254.75,6,0.5,0.5,0,0,1,,,,
MNQ SEP25,1s,1,161,2025-07-23 09:22:40,23254.25,23254.25,23254,23254,8,0.25,0.25,0,0,-1,,,,
MNQ SEP25,10s,10,5415,2025-07-23 09:22:40,23254,23254.75,23253.75,23254,87,1,0,0.75,0.25,0,61.1,5.2,9.21666667,10.88
MNQ SEP25,20s,20,5707,2025-07-23 09:22:40,23254.5,23255.75,23253.5,23254,220,2.25,0.5,1.25,0.5,-1,104.05,-23,6.36666667,14.71
MNQ SEP25,1s,1,162,2025-07-23 09:22:41,23254,23254.25,23253.75,23254,13,0.5,0,0.25,0.25,0,,,,
MNQ SEP25,1s,1,163,2025-07-23 09:22:42,23254.25,23254.25,23254.25,23254.25,1,0,0,0,0,0,,,,
MNQ SEP25,1s,1,164,2025-07-23 09:22:43,23254.25,23254.25,23253.75,23253.75,2,0.5,0.5,0,0,-1,,,,
MNQ SEP25,1s,1,165,2025-07-23 09:22:44,23253.75,23255,23253.75,23254.25,52,1.25,0.5,0.75,0,1,,,,
MNQ SEP25,1s,1,166,2025-07-23 09:22:45,23254.75,23255,23254.25,23254.25,6,0.75,0.5,0.25,0,-1,,,,
MNQ SEP25,1s,1,167,2025-07-23 09:22:46,23254.75,23255,23254.75,23255,3,0.25,0.25,0,0,1,,,,
MNQ SEP25,1s,1,168,2025-07-23 09:22:47,23254.75,23255,23254.75,23255,31,0.25,0.25,0,0,1,,,,
MNQ SEP25,1s,1,169,2025-07-23 09:22:48,23254.75,23255.25,23254.5,23255.25,6,0.75,0.5,0,0.25,1,,,,
MNQ SEP25,1s,1,170,2025-07-23 09:22:49,23255,23255.25,23254.5,23254.5,11,0.75,0.5,0.25,0,-1,,,,
MNQ SEP25,1s,1,171,2025-07-23 09:22:50,23255,23255.5,23255,23255.5,15,0.5,0.5,0,0,1,,,,
MNQ SEP25,10s,10,5416,2025-07-23 09:22:50,23254,23255.5,23253.75,23255.5,140,1.75,1.5,0,0.25,1,48.8,-12.3,0.31666667,13.64
MNQ SEP25,1s,1,172,2025-07-23 09:22:51,23255.5,23255.5,23254.75,23255,18,0.75,0.5,0,0.25,-1,,,,
MNQ SEP25,1s,1,173,2025-07-23 09:22:52,23255,23255,23254.75,23254.75,4,0.25,0.25,0,0,-1,,,,
MNQ SEP25,1s,1,174,2025-07-23 09:22:53,23254.25,23254.5,23254,23254.5,13,0.5,0.25,0,0.25,1,,,,
MNQ SEP25,1s,1,175,2025-07-23 09:22:54,23254.5,23255,23254.5,23254.5,6,0.5,0,0.5,0,0,,,,
MNQ SEP25,1s,1,176,2025-07-23 09:22:55,23254,23254.5,23254,23254.5,7,0.5,0.5,0,0,1,,,,
MNQ SEP25,1s,1,177,2025-07-23 09:22:56,23254.75,23255.25,23254.5,23255,11,0.75,0.25,0.25,0.25,1,,,,
MNQ SEP25,1s,1,178,2025-07-23 09:22:57,23255.5,23255.5,23254,23254,14,1.5,1.5,0,0,-1,,,,
MNQ SEP25,1s,1,179,2025-07-23 09:22:58,23254.25,23254.25,23254.25,23254.25,2,0,0,0,0,0,,,,
MNQ SEP25,1s,1,180,2025-07-23 09:22:59,23254.5,23254.75,23254.5,23254.75,4,0.25,0.25,0,0,1,,,,
MNQ SEP25,1s,1,181,2025-07-23 09:23:00,23254.75,23254.75,23254.75,23254.75,1,0,0,0,0,0,,,,
MNQ SEP25,10s,10,5417,2025-07-23 09:23:00,23255.5,23255.5,23254,23254.75,80,1.5,0.75,0,0.75,-1,-29.35,-78.15,-28.41666667,-12.56
MNQ SEP25,20s,20,5708,2025-07-23 09:23:00,23254,23255.5,23253.75,23254.75,220,1.75,0.75,0.75,0.25,1,58.05,-46,-4.7,-2.15
MNQ SEP25,1s,1,182,2025-07-23 09:23:01,23255,23255.75,23254.5,23255.5,23,1.25,0.5,0.25,0.5,1,,,,
MNQ SEP25,1s,1,183,2025-07-23 09:23:02,23255.75,23256,23255.5,23255.5,4,0.5,0.25,0.25,0,-1,,,,
MNQ SEP25,1s,1,184,2025-07-23 09:23:03,23255.5,23256.5,23255.5,23256.25,31,1,0.75,0.25,0,1,,,,
MNQ SEP25,1s,1,185,2025-07-23 09:23:04,23256,23256.5,23255.75,23256.25,22,0.75,0.25,0.25,0.25,1,,,,
MNQ SEP25,1s,1,186,2025-07-23 09:23:05,23256.25,23256.25,23255.75,23256.25,8,0.5,0,0,0.5,0,,,,
MNQ SEP25,1s,1,187,2025-07-23 09:23:06,23256.25,23256.5,23256,23256.25,9,0.5,0,0.25,0.25,0,,,,
MNQ SEP25,1s,1,188,2025-07-23 09:23:07,23256.5,23257,23256.5,23257,31,0.5,0.5,0,0,1,,,,
MNQ SEP25,1s,1,189,2025-07-23 09:23:08,23257,23257.5,23256.75,23257.25,43,0.75,0.25,0.25,0.25,1,,,,
MNQ SEP25,1s,1,190,2025-07-23 09:23:09,23257.5,23257.75,23257.5,23257.5,11,0.25,0,0.25,0,0,,,,
MNQ SEP25,1s,1,191,2025-07-23 09:23:10,23257.75,23273.75,23257.75,23264.75,1727,16,7,9,0,1,,,,
MNQ SEP25,10s,10,5418,2025-07-23 09:23:10,23255,23273.75,23254.5,23264.75,1909,19.25,9.75,9,0.5,1,229.05,258.4,55.98333333,36.24
MNQ SEP25,1s,1,192,2025-07-23 09:23:11,23264.75,23266,23263.75,23264,238,2.25,0.75,1.25,0.25,-1,,,,
MNQ SEP25,1s,1,193,2025-07-23 09:23:12,23263.75,23265,23263.75,23265,66,1.25,1.25,0,0,1,,,,
MNQ SEP25,1s,1,194,2025-07-23 09:23:13,23265,23266.5,23264.75,23265.5,49,1.75,0.5,1,0.25,1,,,,
MNQ SEP25,1s,1,195,2025-07-23 09:23:14,23265.75,23266.25,23265.5,23265.5,56,0.75,0.25,0.5,0,-1,,,,
MNQ SEP25,1s,1,196,2025-07-23 09:23:15,23265.5,23266.25,23264.5,23265.25,55,1.75,0.25,0.75,0.75,-1,,,,
MNQ SEP25,1s,1,197,2025-07-23 09:23:16,23266,23266.25,23265.25,23265.75,50,1,0.25,0.25,0.5,-1,,,,
MNQ SEP25,1s,1,198,2025-07-23 09:23:17,23266,23266,23256.25,23263,553,9.75,3,0,6.75,-1,,,,
MNQ SEP25,1s,1,199,2025-07-23 09:23:18,23262.5,23262.5,23260.5,23261,79,2,1.5,0,0.5,-1,,,,
MNQ SEP25,1s,1,200,2025-07-23 09:23:19,23261,23261,23258.75,23258.75,72,2.25,2.25,0,0,-1,,,,
MNQ SEP25,1s,1,201,2025-07-23 09:23:20,23258.75,23259.75,23257.75,23258,82,2,0.75,1,0.25,-1,,,,
MNQ SEP25,10s,10,5419,2025-07-23 09:23:20,23264.75,23266.5,23256.25,23258,1300,10.25,6.75,1.75,1.75,-1,399.2,170.15,116.8,68.66
MNQ SEP25,20s,20,5709,2025-07-23 09:23:20,23255,23273.75,23254.5,23258,3209,19.25,3,15.75,0.5,1,499.15,441.1,124.03333333,82.84
MNQ SEP25,1s,1,202,2025-07-23 09:23:21,23258.5,23259.75,23258.5,23259.75,33,1.25,1.25,0,0,1,,,,
MNQ SEP25,1s,1,203,2025-07-23 09:23:22,23259.75,23260.25,23258.5,23259.5,128,1.75,0.25,0.5,1,-1,,,,
MNQ SEP25,1s,1,204,2025-07-23 09:23:23,23259.75,23261,23259.25,23260.25,29,1.75,0.5,0.75,0.5,1,,,,
MNQ SEP25,1s,1,205,2025-07-23 09:23:24,23261,23261.75,23260,23260.5,54,1.75,0.5,0.75,0.5,-1,,,,
MNQ SEP25,1s,1,206,2025-07-23 09:23:25,23261.25,23261.75,23260.75,23261.75,13,1,0.5,0,0.5,1,,,,
MNQ SEP25,1s,1,207,2025-07-23 09:23:26,23261,23262,23260.75,23261.75,44,1.25,0.75,0.25,0.25,1,,,,
MNQ SEP25,1s,1,208,2025-07-23 09:23:27,23261.75,23261.75,23261.25,23261.25,16,0.5,0.5,0,0,-1,,,,
MNQ SEP25,1s,1,209,2025-07-23 09:23:28,23261.25,23262,23261.25,23261.75,14,0.75,0.5,0.25,0,1,,,,
MNQ SEP25,1s,1,210,2025-07-23 09:23:29,23261.75,23262,23259,23260.25,139,3,1.5,0.25,1.25,-1,,,,
MNQ SEP25,1s,1,211,2025-07-23 09:23:30,23259.5,23260.5,23259,23259.5,49,1.5,0,1,0.5,0,,,,
MNQ SEP25,10s,10,5420,2025-07-23 09:23:30,23258.5,23262,23258.5,23259.5,519,3.5,1,2.5,0,1,467.45,68.25,165.6,81.27
MNQ SEP25,1s,1,212,2025-07-23 09:23:31,23259,23261,23258.75,23261,30,2.25,2,0,0.25,1,,,,
MNQ SEP25,1s,1,213,2025-07-23 09:23:32,23261.25,23262.75,23261.25,23261.5,36,1.5,0.25,1.25,0,1,,,,
MNQ SEP25,1s,1,214,2025-07-23 09:23:33,23262.25,23262.5,23261.25,23262.5,30,1.25,0.25,0,1,1,,,,
MNQ SEP25,1s,1,215,2025-07-23 09:23:34,23262.5,23262.5,23261.25,23261.75,43,1.25,0.75,0,0.5,-1,,,,
MNQ SEP25,1s,1,216,2025-07-23 09:23:35,23261.75,23262,23261,23261,30,1,0.75,0.25,0,-1,,,,
MNQ SEP25,1s,1,217,2025-07-23 09:23:36,23261,23261.75,23260.75,23261,28,1,0,0.75,0.25,0,,,,
MNQ SEP25,1s,1,218,2025-07-23 09:23:37,23261,23261.5,23260.75,23260.75,14,0.75,0.25,0.5,0,-1,,,,
MNQ SEP25,1s,1,219,2025-07-23 09:23:38,23261.5,23261.75,23261,23261,22,0.75,0.5,0.25,0,-1,,,,
MNQ SEP25,1s,1,220,2025-07-23 09:23:39,23261.5,23261.75,23261,23261.25,10,0.75,0.25,0.25,0.25,-1,,,,
MNQ SEP25,1s,1,221,2025-07-23 09:23:40,23261,23261.5,23261,23261.25,9,0.5,0.25,0.25,0,1,,,,
MNQ SEP25,10s,10,5421,2025-07-23 09:23:40,23259,23262.75,23258.75,23261.25,252,4,2.25,1.5,0.25,1,483.7,16.25,84.88333333,86.98
MNQ SEP25,20s,20,5710,2025-07-23 09:23:40,23258.5,23262.75,23258.5,23261.25,771,4.25,2.75,1.5,0,1,571.2,72.05,155.71666667,99.81
MNQ SEP25,1s,1,222,2025-07-23 09:23:41,23261.75,23261.75,23261,23261.75,16,0.75,0,0,0.75,0,,,,
MNQ SEP25,1s,1,223,2025-07-23 09:23:42,23261.25,23262,23261.25,23261.75,15,0.75,0.5,0.25,0,1,,,,
MNQ SEP25,1s,1,224,2025-07-23 09:23:43,23261.75,23261.75,23261.5,23261.75,7,0.25,0,0,0.25,0,,,,
MNQ SEP25,1s,1,225,2025-07-23 09:23:44,23262,23262.75,23261.5,23262.75,31,1.25,0.75,0,0.5,1,,,,
MNQ SEP25,1s,1,226,2025-07-23 09:23:45,23263,23263,23262.25,23262.25,24,0.75,0.75,0,0,-1,,,,
MNQ SEP25,1s,1,227,2025-07-23 09:23:46,23262.75,23263,23261.75,23261.75,24,1.25,1,0.25,0,-1,,,,
MNQ SEP25,1s,1,228,2025-07-23 09:23:47,23261.75,23261.75,23260.75,23260.75,23,1,1,0,0,-1,,,,
MNQ SEP25,1s,1,229,2025-07-23 09:23:48,23260.75,23261.25,23260.5,23260.75,15,0.75,0,0.5,0.25,0,,,,
MNQ SEP25,1s,1,230,2025-07-23 09:23:49,23260.5,23261.25,23260.5,23261.25,14,0.75,0.75,0,0,1,,,,
MNQ SEP25,1s,1,231,2025-07-23 09:23:50,23260.75,23260.75,23260.5,23260.75,3,0.25,0,0,0.25,0,,,,
MNQ SEP25,10s,10,5422,2025-07-23 09:23:50,23261.75,23263,23260.5,23260.75,172,2.5,1,1.25,0.25,-1,499.55,15.85,33.45,105.78
MNQ SEP25,1s,1,232,2025-07-23 09:23:51,23261.25,23262.25,23261.25,23262.25,26,1,1,0,0,1,,,,
MNQ SEP25,1s,1,233,2025-07-23 09:23:52,23261.75,23262,23261.25,23261.5,6,0.75,0.25,0.25,0.25,-1,,,,
MNQ SEP25,1s,1,234,2025-07-23 09:23:53,23262,23262.5,23261.5,23261.75,37,1,0.25,0.5,0.25,-1,,,,
MNQ SEP25,1s,1,235,2025-07-23 09:23:54,23262.25,23262.75,23261.75,23262.25,22,1,0,0.5,0.5,0,,,,
MNQ SEP25,1s,1,236,2025-07-23 09:23:55,23262.5,23262.75,23262.25,23262.25,5,0.5,0.25,0.25,0,-1,,,,
MNQ SEP25,1s,1,237,2025-07-23 09:23:56,23262.25,23262.75,23262.25,23262.75,5,0.5,0.5,0,0,1,,,,
MNQ SEP25,1s,1,238,2025-07-23 09:23:57,23262.75,23262.75,23261.75,23261.75,8,1,1,0,0,-1,,,,
MNQ SEP25,1s,1,239,2025-07-23 09:23:58,23262.25,23262.75,23262,23262.75,19,0.75,0.5,0,0.25,1,,,,
MNQ SEP25,1s,1,240,2025-07-23 09:23:59,23262,23263.25,23262,23262.75,26,1.25,0.75,0.5,0,1,,,,
MNQ SEP25,1s,1,241,2025-07-23 09:24:00,23263.25,23263.75,23262.75,23263.75,12,1,0.5,0,0.5,1,,,,
MNQ SEP25,10s,10,5423,2025-07-23 09:24:00,23261.25,23263.75,23261.25,23263.75,166,2.5,2.5,0,0,1,148.65,-350.9,-106.26666667,-16.08
MNQ SEP25,20s,20,5711,2025-07-23 09:24:00,23261.75,23263.75,23260.5,23263.75,338,3.25,2,0,1.25,1,501.95,-69.25,147.96666667,74.98
MNQ SEP25,1s,1,242,2025-07-23 09:24:01,23264,23265,23264,23264.25,74,1,0.25,0.75,0,1,,,,
MNQ SEP25,1s,1,243,2025-07-23 09:24:02,23264.25,23265,23264,23264.25,28,1,0,0.75,0.25,0,,,,
MNQ SEP25,1s,1,244,2025-07-23 09:24:03,23264,23264.75,23263.75,23264.5,20,1,0.5,0.25,0.25,1,,,,
MNQ SEP25,1s,1,245,2025-07-23 09:24:04,23264.25,23264.5,23263.75,23264.25,16,0.75,0,0.25,0.5,0,,,,
MNQ SEP25,1s,1,246,2025-07-23 09:24:05,23264.25,23265,23264,23265,19,1,0.75,0,0.25,1,,,,
MNQ SEP25,1s,1,247,2025-07-23 09:24:06,23264.25,23264.5,23263.75,23264.5,16,0.75,0.25,0,0.5,1,,,,
MNQ SEP25,1s,1,248,2025-07-23 09:24:07,23263.75,23264,23263.25,23263.5,43,0.75,0.25,0.25,0.25,-1,,,,
MNQ SEP25,1s,1,249,2025-07-23 09:24:08,23263.5,23264.25,23262.5,23262.5,63,1.75,1,0.75,0,-1,,,,
MNQ SEP25,1s,1,250,2025-07-23 09:24:09,23263.25,23263.75,23262.75,23263,50,1,0.25,0.5,0.25,-1,,,,
MNQ SEP25,1s,1,251,2025-07-23 09:24:10,23263,23263.25,23262.75,23262.75,22,0.5,0.25,0.25,0,-1,,,,
MNQ SEP25,10s,10,5424,2025-07-23 09:24:10,23264,23265,23262.5,23262.75,351,2.5,1.25,1,0.25,-1,-51.9,-200.55,-178.53333333,-90.22
MNQ SEP25,1s,1,252,2025-07-23 09:24:11,23263.25,23263.25,23262.75,23262.75,4,0.5,0.5,0,0,-1,,,,
MNQ SEP25,1s,1,253,2025-07-23 09:24:12,23262.75,23262.75,23262,23262,13,0.75,0.75,0,0,-1,,,,
MNQ SEP25,1s,1,254,2025-07-23 09:24:13,23262.25,23262.75,23261.25,23261.5,42,1.5,0.75,0.5,0.25,-1,,,,
MNQ SEP25,1s,1,255,2025-07-23 09:24:14,23261.5,23262,23261.5,23261.5,17,0.5,0,0.5,0,0,,,,
MNQ SEP25,1s,1,256,2025-07-23 09:24:15,23261.75,23262,23261.25,23262,33,0.75,0.25,0,0.5,1,,,,
MNQ SEP25,1s,1,257,2025-07-23 09:24:16,23262.25,23262.5,23261.75,23262.25,15,0.75,0,0.25,0.5,0,,,,
MNQ SEP25,1s,1,258,2025-07-23 09:24:17,23262.25,23262.25,23261.75,23262.25,4,0.5,0,0,0.5,0,,,,
MNQ SEP25,1s,1,259,2025-07-23 09:24:18,23262.25,23262.5,23262,23262,19,0.5,0.25,0.25,0,-1,,,,
MNQ SEP25,1s,1,260,2025-07-23 09:24:19,23262,23262.75,23261.75,23262.75,21,1,0.75,0,0.25,1,,,,
MNQ SEP25,1s,1,261,2025-07-23 09:24:20,23262.75,23262.75,23261.75,23262.5,15,1,0.25,0,0.75,-1,,,,
MNQ SEP25,10s,10,5425,2025-07-23 09:24:20,23263.25,23263.25,23261.25,23262.5,183,2,0.75,0,1.25,-1,-119.6,-67.7,-206.38333333,-117.41
MNQ SEP25,20s,20,5712,2025-07-23 09:24:20,23264,23265,23261.25,23262.5,534,3.75,1.5,1,1.25,-1,541.1,39.15,13.98333333,87.41
MNQ SEP25,1s,1,262,2025-07-23 09:24:21,23262.5,23262.75,23262,23262.25,15,0.75,0.25,0.25,0.25,-1,,,,
MNQ SEP25,1s,1,263,2025-07-23 09:24:22,23262.5,23263.25,23262.5,23263.25,6,0.75,0.75,0,0,1,,,,
MNQ SEP25,1s,1,264,2025-07-23 09:24:23,23263.25,23263.75,23263,23263,12,0.75,0.25,0.5,0,-1,,,,
MNQ SEP25,1s,1,265,2025-07-23 09:24:24,23263,23263.25,23263,23263,9,0.25,0,0.25,0,0,,,,
MNQ SEP25,1s,1,266,2025-07-23 09:24:25,23262.75,23263,23261.5,23262.75,66,1.5,0,0.25,1.25,0,,,,
MNQ SEP25,1s,1,267,2025-07-23 09:24:26,23263,23263,23262.75,23262.75,17,0.25,0.25,0,0,-1,,,,
MNQ SEP25,1s,1,268,2025-07-23 09:24:27,23263,23263.25,23262.5,23263,39,0.75,0,0.25,0.5,0,,,,
MNQ SEP25,1s,1,269,2025-07-23 09:24:28,23263.25,23264.5,23263.25,23264.25,21,1.25,1,0.25,0,1,,,,
MNQ SEP25,1s,1,270,2025-07-23 09:24:29,23264,23265,23264,23265,13,1,1,0,0,1,,,,
MNQ SEP25,1s,1,271,2025-07-23 09:24:30,23264.75,23265.5,23264.75,23265,31,0.75,0.25,0.5,0,1,,,,
MNQ SEP25,10s,10,5426,2025-07-23 09:24:30,23262.5,23265.5,23261.5,23265,229,4,2.5,0.5,1,1,-121.65,-2.05,-90.1,-121.07
MNQ SEP25,1s,1,272,2025-07-23 09:24:31,23265.5,23265.5,23264.5,23265.25,17,1,0.25,0,0.75,-1,,,,
MNQ SEP25,1s,1,273,2025-07-23 09:24:32,23265.25,23265.25,23264.25,23264.25,12,1,1,0,0,-1,,,,
MNQ SEP25,1s,1,274,2025-07-23 09:24:33,23265,23265.5,23264.5,23265.5,14,1,0.5,0,0.5,1,,,,
MNQ SEP25,1s,1,275,2025-07-23 09:24:34,23264.75,23265.5,23264.5,23264.5,13,1,0.25,0.75,0,-1,,,,
MNQ SEP25,1s,1,276,2025-07-23 09:24:35,23265,23265.75,23264.5,23265.75,36,1.25,0.75,0,0.5,1,,,,
MNQ SEP25,1s,1,277,2025-07-23 09:24:36,23265.75,23265.75,23265,23265.5,20,0.75,0.25,0,0.5,-1,,,,
MNQ SEP25,1s,1,278,2025-07-23 09:24:37,23265.75,23266.5,23265.25,23265.75,48,1.25,0,0.75,0.5,0,,,,
MNQ SEP25,1s,1,279,2025-07-23 09:24:38,23265.25,23265.75,23265.25,23265.5,8,0.5,0.25,0.25,0,1,,,,
MNQ SEP25,1s,1,280,2025-07-23 09:24:39,23266.25,23267,23265.75,23265.75,29,1.25,0.5,0.75,0,-1,,,,
MNQ SEP25,1s,1,281,2025-07-23 09:24:40,23266.5,23267.5,23266,23266.5,31,1.5,0,1,0.5,0,,,,
MNQ SEP25,10s,10,5427,2025-07-23 09:24:40,23265.5,23267.5,23264.25,23266.5,228,3.25,1,1,1.25,1,-112.6,9.05,-20.23333333,-122.43
MNQ SEP25,20s,20,5713,2025-07-23 09:24:40,23262.5,23267.5,23261.5,23266.5,457,6,4,1,1,1,569.8,28.7,-0.46666667,102.35
MNQ SEP25,1s,1,282,2025-07-23 09:24:41,23266.75,23267.5,23266.75,23266.75,23,0.75,0,0.75,0,0,,,,
MNQ SEP25,1s,1,283,2025-07-23 09:24:42,23267,23267.5,23266.5,23266.75,16,1,0.25,0.5,0.25,-1,,,,
MNQ SEP25,1s,1,284,2025-07-23 09:24:43,23267.25,23267.5,23266.75,23267,23,0.75,0.25,0.25,0.25,-1,,,,
MNQ SEP25,1s,1,285,2025-07-23 09:24:44,23267,23267.75,23266.75,23267.25,23,1,0.25,0.5,0.25,1,,,,
MNQ SEP25,1s,1,286,2025-07-23 09:24:45,23267.75,23267.75,23267,23267,22,0.75,0.75,0,0,-1,,,,
MNQ SEP25,1s,1,287,2025-07-23 09:24:46,23267.25,23267.5,23266.5,23267.5,38,1,0.25,0,0.75,1,,,,
MNQ SEP25,1s,1,288,2025-07-23 09:24:47,23266.5,23266.75,23266,23266,15,0.75,0.5,0.25,0,-1,,,,
MNQ SEP25,1s,1,289,2025-07-23 09:24:48,23266,23266.75,23266,23266.5,20,0.75,0.5,0.25,0,1,,,,
MNQ SEP25,1s,1,290,2025-07-23 09:24:49,23266,23266.75,23265.75,23266.75,18,1,0.75,0,0.25,1,,,,
MNQ SEP25,1s,1,291,2025-07-23 09:24:50,23266.5,23266.75,23266.25,23266.25,14,0.5,0.25,0.25,0,-1,,,,
MNQ SEP25,10s,10,5428,2025-07-23 09:24:50,23266.75,23267.75,23265.75,23266.25,212,2,0.5,1,0.5,-1,-109.55,3.05,3.35,-51.64
MNQ SEP25,1s,1,292,2025-07-23 09:24:51,23266.75,23267.25,23266,23266.75,34,1.25,0,0.5,0.75,0,,,,
MNQ SEP25,1s,1,293,2025-07-23 09:24:52,23266.5,23266.5,23266,23266.5,4,0.5,0,0,0.5,0,,,,
MNQ SEP25,1s,1,294,2025-07-23 09:24:53,23266.5,23266.5,23265,23265.75,31,1.5,0.75,0,0.75,-1,,,,
MNQ SEP25,1s,1,295,2025-07-23 09:24:54,23265.75,23265.75,23264.5,23265.25,30,1.25,0.5,0,0.75,-1,,,,
MNQ SEP25,1s,1,296,2025-07-23 09:24:55,23265.25,23265.5,23265,23265,6,0.5,0.25,0.25,0,-1,,,,
MNQ SEP25,1s,1,297,2025-07-23 09:24:56,23265.25,23265.5,23265,23265.25,9,0.5,0,0.25,0.25,0,,,,
MNQ SEP25,1s,1,298,2025-07-23 09:24:57,23265.25,23265.75,23265,23265,8,0.75,0.25,0.5,0,-1,,,,
MNQ SEP25,1s,1,299,2025-07-23 09:24:58,23265.25,23266.5,23265.25,23266.5,11,1.25,1.25,0,0,1,,,,
MNQ SEP25,1s,1,300,2025-07-23 09:24:59,23266,23266.25,23265.5,23266.25,16,0.75,0.25,0,0.5,1,,,,
MNQ SEP25,1s,1,301,2025-07-23 09:25:00,23266.25,23266.25,23265.5,23265.75,10,0.75,0.5,0,0.25,-1,,,,
MNQ SEP25,10s,10,5429,2025-07-23 09:25:00,23266.75,23267.25,23264.5,23265.75,159,2.75,1,0.5,1.25,-1,-148.2,-38.65,-8.85,-19.26
MNQ SEP25,20s,20,5714,2025-07-23 09:25:00,23266.75,23267.75,23264.5,23265.75,371,3.25,1,1,1.25,-1,-8.7,-578.5,-170.21666667,-101.57
MNQ SEP25,1s,1,302,2025-07-23 09:25:01,23265.25,23270.5,23264.5,23268.75,700,6,3.5,1.75,0.75,1,,,,
MNQ SEP25,1s,1,303,2025-07-23 09:25:02,23268,23268.5,23267,23267,29,1.5,1,0.5,0,-1,,,,
MNQ SEP25,1s,1,304,2025-07-23 09:25:03,23267,23267.5,23266.75,23267.25,23,0.75,0.25,0.25,0.25,1,,,,
MNQ SEP25,1s,1,305,2025-07-23 09:25:04,23266.75,23268,23266.5,23267.75,23,1.5,1,0.25,0.25,1,,,,
MNQ SEP25,1s,1,306,2025-07-23 09:25:05,23267.25,23268,23267.25,23268,15,0.75,0.75,0,0,1,,,,
MNQ SEP25,1s,1,307,2025-07-23 09:25:06,23268.25,23269,23267.75,23269,14,1.25,0.75,0,0.5,1,,,,
MNQ SEP25,1s,1,308,2025-07-23 09:25:07,23268.5,23269.25,23268,23269.25,20,1.25,0.75,0,0.5,1,,,,
MNQ SEP25,1s,1,309,2025-07-23 09:25:08,23268.75,23269.25,23268.5,23268.5,13,0.75,0.25,0.5,0,-1,,,,
MNQ SEP25,1s,1,310,2025-07-23 09:25:09,23268.75,23269.5,23268.75,23268.75,35,0.75,0,0.75,0,0,,,,
MNQ SEP25,1s,1,311,2025-07-23 09:25:10,23269.25,23270,23268.5,23269.5,57,1.5,0.25,0.5,0.75,1,,,,
MNQ SEP25,10s,10,5430,2025-07-23 09:25:10,23265.25,23270.5,23264.5,23269.5,929,6,4.25,1,0.75,1,-42.1,106.1,23.5,15.5
MNQ SEP25,1s,1,312,2025-07-23 09:25:11,23269.75,23270.25,23267.75,23267.75,89,2.5,2,0.5,0,-1,,,,
MNQ SEP25,1s,1,313,2025-07-23 09:25:12,23268,23268,23266.25,23266.25,45,1.75,1.75,0,0,-1,,,,
MNQ SEP25,1s,1,314,2025-07-23 09:25:13,23266.75,23266.75,23265.75,23266.25,28,1,0.5,0,0.5,-1,,,,
MNQ SEP25,1s,1,315,2025-07-23 09:25:14,23266.5,23266.75,23266.25,23266.25,16,0.5,0.25,0.25,0,-1,,,,
MNQ SEP25,1s,1,316,2025-07-23 09:25:15,23266.75,23267,23265.75,23267,33,1.25,0.25,0,1,1,,,,
MNQ SEP25,1s,1,317,2025-07-23 09:25:16,23266.5,23266.75,23266.25,23266.25,15,0.5,0.25,0.25,0,-1,,,,
MNQ SEP25,1s,1,318,2025-07-23 09:25:17,23266.5,23266.75,23266.25,23266.25,6,0.5,0.25,0.25,0,-1,,,,
MNQ SEP25,1s,1,319,2025-07-23 09:25:18,23266.25,23266.25,23265.75,23265.75,11,0.5,0.5,0,0,-1,,,,
MNQ SEP25,1s,1,320,2025-07-23 09:25:19,23265.5,23265.5,23265.5,23265.5,1,0,0,0,0,0,,,,
MNQ SEP25,1s,1,321,2025-07-23 09:25:20,23266,23266,23265.5,23265.5,4,0.5,0.5,0,0,-1,,,,
MNQ SEP25,10s,10,5431,2025-07-23 09:25:20,23269.75,23270.25,23265.5,23265.5,248,4.75,4.25,0.5,0,-1,-41.3,0.8,22.75,16.07
MNQ SEP25,20s,20,5715,2025-07-23 09:25:20,23265.25,23270.5,23264.5,23265.5,1177,6,0.25,5,0.75,1,22.9,31.6,-172.73333333,-109.66
MNQ SEP25,1s,1,322,2025-07-23 09:25:21,23265.25,23266.25,23264.5,23265.5,45,1.75,0.25,0.75,0.75,1,,,,
MNQ SEP25,1s,1,323,2025-07-23 09:25:22,23265.5,23265.75,23265,23265.5,25,0.75,0,0.25,0.5,0,,,,
MNQ SEP25,1s,1,324,2025-07-23 09:25:23,23265.5,23265.5,23264.75,23265,25,0.75,0.5,0,0.25,-1,,,,
MNQ SEP25,1s,1,325,2025-07-23 09:25:24,23265.5,23265.5,23265,23265.25,13,0.5,0.25,0,0.25,-1,,,,
MNQ SEP25,1s,1,326,2025-07-23 09:25:25,23264.5,23265,23263.25,23263.75,46,1.75,0.75,0.5,0.5,-1,,,,
MNQ SEP25,1s,1,327,2025-07-23 09:25:26,23264.25,23264.25,23262,23262,60,2.25,2.25,0,0,-1,,,,
MNQ SEP25,1s,1,328,2025-07-23 09:25:27,23262.25,23262.75,23261.5,23262,49,1.25,0.25,0.5,0.5,-1,,,,
MNQ SEP25,1s,1,329,2025-07-23 09:25:28,23262,23262.5,23261.75,23262,27,0.75,0,0.5,0.25,0,,,,
MNQ SEP25,1s,1,330,2025-07-23 09:25:29,23261.5,23262.25,23260.5,23260.5,56,1.75,1,0.75,0,-1,,,,
MNQ SEP25,1s,1,331,2025-07-23 09:25:30,23260.75,23261.25,23258.75,23259.5,99,2.5,1.25,0.5,0.75,-1,,,,
MNQ SEP25,10s,10,5432,2025-07-23 09:25:30,23265.25,23266.25,23258.75,23259.5,445,7.5,5.75,1,0.75,-1,3.45,44.75,50.55,23.21
MNQ SEP25,1s,1,332,2025-07-23 09:25:31,23259.5,23259.75,23258.75,23258.75,43,1,0.75,0.25,0,-1,,,,
MNQ SEP25,1s,1,333,2025-07-23 09:25:32,23259.25,23259.25,23258.25,23258.75,64,1,0.5,0,0.5,-1,,,,
MNQ SEP25,1s,1,334,2025-07-23 09:25:33,23258.25,23258.5,23257.5,23258,25,1,0.25,0.25,0.5,-1,,,,
MNQ SEP25,1s,1,335,2025-07-23 09:25:34,23258.25,23258.25,23257.5,23257.75,31,0.75,0.5,0,0.25,-1,,,,
MNQ SEP25,1s,1,336,2025-07-23 09:25:35,23258.25,23258.25,23257.5,23257.5,32,0.75,0.75,0,0,-1,,,,
MNQ SEP25,1s,1,337,2025-07-23 09:25:36,23257.5,23259,23257.25,23258.75,51,1.75,1.25,0.25,0.25,1,,,,
MNQ SEP25,1s,1,338,2025-07-23 09:25:37,23258.25,23259,23258,23258.75,27,1,0.5,0.25,0.25,1,,,,
MNQ SEP25,1s,1,339,2025-07-23 09:25:38,23258.75,23259.25,23258.25,23258.5,18,1,0.25,0.5,0.25,-1,,,,
MNQ SEP25,1s,1,340,2025-07-23 09:25:39,23258.75,23259.5,23258.75,23259.5,35,0.75,0.75,0,0,1,,,,
MNQ SEP25,1s,1,341,2025-07-23 09:25:40,23259.5,23259.75,23258.75,23259,21,1,0.5,0.25,0.25,-1,,,,
MNQ SEP25,10s,10,5433,2025-07-23 09:25:40,23259.5,23259.75,23257.25,23259,347,2.5,0.5,0.25,1.75,-1,21.15,17.7,21.08333333,26.14
MNQ SEP25,20s,20,5716,2025-07-23 09:25:40,23265.25,23266.25,23257.25,23259,792,9,6.25,1,1.75,-1,101.2,78.3,-156.2,-80.15
MNQ SEP25,1s,1,342,2025-07-23 09:25:41,23259,23259,23257.75,23257.75,17,1.25,1.25,0,0,-1,,,,
MNQ SEP25,1s,1,343,2025-07-23 09:25:42,23258.25,23258.25,23257.5,23257.5,19,0.75,0.75,0,0,-1,,,,
MNQ SEP25,1s,1,344,2025-07-23 09:25:43,23257.5,23258.25,23257.5,23258.25,13,0.75,0.75,0,0,1,,,,
MNQ SEP25,1s,1,345,2025-07-23 09:25:44,23257.5,23258.25,23257.5,23258.25,6,0.75,0.75,0,0,1,,,,
MNQ SEP25,1s,1,346,2025-07-23 09:25:45,23258.25,23258.25,23257.75,23257.75,7,0.5,0.5,0,0,-1,,,,
MNQ SEP25,1s,1,347,2025-07-23 09:25:46,23258,23258.5,23257.5,23258.25,42,1,0.25,0.25,0.5,1,,,,
MNQ SEP25,1s,1,348,2025-07-23 09:25:47,23258.75,23259.25,23258.5,23258.75,14,0.75,0,0.5,0.25,0,,,,
MNQ SEP25,1s,1,349,2025-07-23 09:25:48,23259.25,23259.5,23258.75,23258.75,17,0.75,0.5,0.25,0,-1,,,,
MNQ SEP25,1s,1,350,2025-07-23 09:25:49,23259.5,23259.5,23258.75,23258.75,18,0.75,0.75,0,0,-1,,,,
MNQ SEP25,1s,1,351,2025-07-23 09:25:50,23258.75,23258.75,23258.25,23258.25,12,0.5,0.5,0,0,-1,,,,
MNQ SEP25,10s,10,5434,2025-07-23 09:25:50,23259,23259.5,23257.5,23258.25,165,2,0.75,0.5,0.75,-1,20.75,-0.4,20.68333333,33.79
MNQ SEP25,1s,1,352,2025-07-23 09:25:51,23259.5,23259.75,23259,23259,12,0.75,0.5,0.25,0,-1,,,,
MNQ SEP25,1s,1,353,2025-07-23 09:25:52,23259.5,23260.25,23259.25,23260.25,22,1,0.75,0,0.25,1,,,,
MNQ SEP25,1s,1,354,2025-07-23 09:25:53,23260.25,23260.5,23260,23260.5,12,0.5,0.25,0,0.25,1,,,,
MNQ SEP25,1s,1,355,2025-07-23 09:25:54,23259.75,23261,23259.75,23261,14,1.25,1.25,0,0,1,,,,
MNQ SEP25,1s,1,356,2025-07-23 09:25:55,23261,23261.25,23260.5,23260.5,15,0.75,0.5,0.25,0,-1,,,,
MNQ SEP25,1s,1,357,2025-07-23 09:25:56,23260.5,23261.25,23260.5,23260.5,8,0.75,0,0.75,0,0,,,,
MNQ SEP25,1s,1,358,2025-07-23 09:25:57,23260.5,23261,23260.5,23261,15,0.5,0.5,0,0,1,,,,
MNQ SEP25,1s,1,359,2025-07-23 09:25:58,23260.75,23261.25,23260.25,23260.25,6,1,0.5,0.5,0,-1,,,,
MNQ SEP25,1s,1,360,2025-07-23 09:25:59,23260.5,23260.75,23260.5,23260.75,2,0.25,0.25,0,0,1,,,,
MNQ SEP25,1s,1,361,2025-07-23 09:26:00,23260,23260.25,23260,23260.25,6,0.25,0.25,0,0,1,,,,
MNQ SEP25,10s,10,5435,2025-07-23 09:26:00,23259.5,23261.25,23259,23260.25,112,2.25,0.75,1,0.5,1,-143.9,-164.65,-49.11666667,-20.36
MNQ SEP25,20s,20,5717,2025-07-23 09:26:00,23259,23261.25,23257.5,23260.25,277,3.75,1.25,1,1.5,1,60.4,-40.8,23.03333333,-96.14
MNQ SEP25,1s,1,362,2025-07-23 09:26:01,23260.75,23262.25,23260.75,23262,86,1.5,1.25,0.25,0,1,,,,
MNQ SEP25,1s,1,363,2025-07-23 09:26:02,23261.25,23262,23261.25,23262,15,0.75,0.75,0,0,1,,,,
MNQ SEP25,1s,1,364,2025-07-23 09:26:03,23261.75,23261.75,23261.25,23261.25,5,0.5,0.5,0,0,-1,,,,
MNQ SEP25,1s,1,365,2025-07-23 09:26:04,23261.25,23261.75,23260.75,23260.75,30,1,0.5,0.5,0,-1,,,,
MNQ SEP25,1s,1,366,2025-07-23 09:26:05,23261,23261.5,23260.75,23261.5,18,0.75,0.5,0,0.25,1,,,,
MNQ SEP25,1s,1,367,2025-07-23 09:26:06,23261.75,23261.75,23261,23261.25,19,0.75,0.5,0,0.25,-1,,,,
MNQ SEP25,1s,1,368,2025-07-23 09:26:07,23261.25,23261.25,23259.25,23260.5,46,2,0.75,0,1.25,-1,,,,
MNQ SEP25,1s,1,369,2025-07-23 09:26:08,23260.25,23260.25,23260,23260,5,0.25,0.25,0,0,-1,,,,
MNQ SEP25,1s,1,370,2025-07-23 09:26:09,23260.25,23260.25,23260,23260,6,0.25,0.25,0,0,-1,,,,
MNQ SEP25,1s,1,371,2025-07-23 09:26:10,23260,23260.75,23259.75,23259.75,11,1,0.25,0.75,0,-1,,,,
MNQ SEP25,10s,10,5436,2025-07-23 09:26:10,23260.75,23262.25,23259.25,23259.75,241,3,1,1.5,0.5,-1,-150.35,-6.45,-57.16666667,-21.81
MNQ SEP25,1s,1,372,2025-07-23 09:26:11,23260.5,23261.25,23260.25,23261,20,1,0.5,0.25,0.25,1,,,,
MNQ SEP25,1s,1,373,2025-07-23 09:26:12,23261.75,23261.75,23260.25,23260.25,7,1.5,1.5,0,0,-1,,,,
MNQ SEP25,1s,1,374,2025-07-23 09:26:13,23260.75,23261,23259.75,23260.25,14,1.25,0.5,0.25,0.5,-1,,,,
MNQ SEP25,1s,1,375,2025-07-23 09:26:14,23260.25,23260.25,23260.25,23260.25,4,0,0,0,0,0,,,,
MNQ SEP25,1s,1,376,2025-07-23 09:26:15,23260.25,23260.25,23259,23259.25,24,1.25,1,0,0.25,-1,,,,
MNQ SEP25,1s,1,377,2025-07-23 09:26:16,23259.25,23259.75,23259.25,23259.75,15,0.5,0.5,0,0,1,,,,
MNQ SEP25,1s,1,378,2025-07-23 09:26:17,23259.25,23259.25,23259,23259,5,0.25,0.25,0,0,-1,,,,
MNQ SEP25,1s,1,379,2025-07-23 09:26:18,23259.25,23259.75,23259.25,23259.25,9,0.5,0,0.5,0,0,,,,
MNQ SEP25,1s,1,380,2025-07-23 09:26:19,23259.25,23260.5,23259.25,23260.5,14,1.25,1.25,0,0,1,,,,
MNQ SEP25,1s,1,381,2025-07-23 09:26:20,23259.75,23260.5,23259.75,23260,14,0.75,0.25,0.5,0,1,,,,
MNQ SEP25,10s,10,5437,2025-07-23 09:26:20,23260.5,23261.75,23259,23260,126,2.75,0.5,1.25,1,-1,-216.45,-66.1,-79.06666667,-43.98
MNQ SEP25,20s,20,5718,2025-07-23 09:26:20,23260.75,23262.25,23259,23260,367,3.25,0.75,1.5,1,-1,32.6,-27.8,3.23333333,-107.44
MNQ SEP25,1s,1,382,2025-07-23 09:26:21,23260,23260.5,23259.5,23259.5,22,1,0.5,0.5,0,-1,,,,
MNQ SEP25,1s,1,383,2025-07-23 09:26:22,23260,23260.25,23259.5,23259.5,6,0.75,0.5,0.25,0,-1,,,,
MNQ SEP25,1s,1,384,2025-07-23 09:26:23,23260,23260.25,23259.5,23260.25,3,0.75,0.25,0,0.5,1,,,,
MNQ SEP25,1s,1,385,2025-07-23 09:26:24,23259.75,23259.75,23259.5,23259.5,8,0.25,0.25,0,0,-1,,,,
MNQ SEP25,1s,1,386,2025-07-23 09:26:25,23259.75,23260.25,23259.75,23260,15,0.5,0.25,0.25,0,1,,,,
MNQ SEP25,1s,1,387,2025-07-23 09:26:26,23259.75,23259.75,23259.75,23259.75,5,0,0,0,0,0,,,,
MNQ SEP25,1s,1,388,2025-07-23 09:26:27,23260,23260.25,23260,23260.25,4,0.25,0.25,0,0,1,,,,
MNQ SEP25,1s,1,389,2025-07-23 09:26:28,23259.75,23259.75,23259.75,23259.75,1,0,0,0,0,0,,,,
MNQ SEP25,1s,1,390,2025-07-23 09:26:29,23259.75,23260.25,23259.75,23260.25,2,0.5,0.5,0,0,1,,,,
MNQ SEP25,1s,1,391,2025-07-23 09:26:30,23259.75,23259.75,23259.75,23259.75,2,0,0,0,0,0,,,,
MNQ SEP25,10s,10,5438,2025-07-23 09:26:30,23260,23260.5,23259.5,23259.75,68,1,0.25,0.5,0.25,-1,-180.2,36.25,-12.1,-40.27
MNQ SEP25,1s,1,392,2025-07-23 09:26:31,23260,23260,23259.25,23259.25,6,0.75,0.75,0,0,-1,,,,
MNQ SEP25,1s,1,393,2025-07-23 09:26:32,23259.5,23260.75,23259.25,23260.75,11,1.5,1.25,0,0.25,1,,,,
MNQ SEP25,1s,1,394,2025-07-23 09:26:33,23260.75,23260.75,23260.25,23260.25,6,0.5,0.5,0,0,-1,,,,
MNQ SEP25,1s,1,395,2025-07-23 09:26:34,23260.25,23260.25,23260,23260,5,0.25,0.25,0,0,-1,,,,
MNQ SEP25,1s,1,396,2025-07-23 09:26:35,23260.5,23260.5,23260,23260.5,11,0.5,0,0,0.5,0,,,,
MNQ SEP25,1s,1,397,2025-07-23 09:26:36,23259.5,23259.75,23258.75,23259.75,31,1,0.25,0,0.75,1,,,,
MNQ SEP25,1s,1,398,2025-07-23 09:26:37,23259.25,23259.25,23259,23259,6,0.25,0.25,0,0,-1,,,,
MNQ SEP25,1s,1,399,2025-07-23 09:26:38,23259.75,23259.75,23259,23259,2,0.75,0.75,0,0,-1,,,,
MNQ SEP25,1s,1,400,2025-07-23 09:26:39,23259,23259.75,23259,23259.75,7,0.75,0.75,0,0,1,,,,
MNQ SEP25,1s,1,401,2025-07-23 09:26:40,23259,23259,23258.25,23258.25,11,0.75,0.75,0,0,-1,,,,
MNQ SEP25,10s,10,5439,2025-07-23 09:26:40,23260,23260.75,23258.25,23258.25,96,2.5,1.75,0.75,0,-1,-133.8,46.4,5.51666667,-30.91
MNQ SEP25,20s,20,5719,2025-07-23 09:26:40,23260,23260.75,23258.25,23258.25,164,2.5,1.75,0.75,0,-1,-11,-43.6,-37.4,-0.46
MNQ SEP25,1s,1,402,2025-07-23 09:26:41,23258.75,23258.75,23258.25,23258.5,3,0.5,0.25,0,0.25,-1,,,,
MNQ SEP25,1s,1,403,2025-07-23 09:26:42,23258.5,23258.5,23258,23258.25,13,0.5,0.25,0,0.25,-1,,,,
MNQ SEP25,1s,1,404,2025-07-23 09:26:43,23258,23258.75,23258,23258,15,0.75,0,0.75,0,0,,,,
MNQ SEP25,1s,1,405,2025-07-23 09:26:44,23259,23259.25,23256,23257.5,113,3.25,1.5,0.25,1.5,-1,,,,
MNQ SEP25,1s,1,406,2025-07-23 09:26:45,23257,23258,23257,23257.5,20,1,0.5,0.5,0,1,,,,
MNQ SEP25,1s,1,407,2025-07-23 09:26:46,23257,23257.5,23256.75,23257,15,0.75,0,0.5,0.25,0,,,,
MNQ SEP25,1s,1,408,2025-07-23 09:26:47,23257,23257.5,23256.75,23256.75,7,0.75,0.25,0.5,0,-1,,,,
MNQ SEP25,1s,1,409,2025-07-23 09:26:48,23257.25,23257.5,23256.5,23257,17,1,0.25,0.25,0.5,-1,,,,
MNQ SEP25,1s,1,410,2025-07-23 09:26:49,23257,23257.5,23257,23257,9,0.5,0,0.5,0,0,,,,
MNQ SEP25,1s,1,411,2025-07-23 09:26:50,23256.5,23257.25,23256.5,23257.25,9,0.75,0.75,0,0,1,,,,
MNQ SEP25,10s,10,5440,2025-07-23 09:26:50,23258.75,23259.25,23256,23257.25,221,3.25,1.5,0.5,1.25,-1,-97.1,36.7,39.78333333,9.36
MNQ SEP25,1s,1,412,2025-07-23 09:26:51,23257.25,23258.25,23256.75,23257.25,18,1.5,0,1,0.5,0,,,,
MNQ SEP25,1s,1,413,2025-07-23 09:26:52,23257,23258.75,23257,23258.75,26,1.75,1.75,0,0,1,,,,
MNQ SEP25,1s,1,414,2025-07-23 09:26:53,23258.25,23258.75,23258,23258,16,0.75,0.25,0.5,0,-1,,,,
MNQ SEP25,1s,1,415,2025-07-23 09:26:54,23258.5,23258.5,23258,23258.25,10,0.5,0.25,0,0.25,-1,,,,
MNQ SEP25,1s,1,416,2025-07-23 09:26:55,23258.5,23258.5,23257.75,23257.75,6,0.75,0.75,0,0,-1,,,,
MNQ SEP25,1s,1,417,2025-07-23 09:26:56,23258,23258,23258,23258,1,0,0,0,0,0,,,,
MNQ SEP25,1s,1,418,2025-07-23 09:26:57,23258.25,23258.25,23257.5,23258,6,0.75,0.25,0,0.5,-1,,,,
MNQ SEP25,1s,1,419,2025-07-23 09:26:58,23258,23259,23258,23259,42,1,1,0,0,1,,,,
MNQ SEP25,1s,1,420,2025-07-23 09:26:59,23259,23259.5,23259,23259.25,23,0.5,0.25,0.25,0,1,,,,
MNQ SEP25,1s,1,421,2025-07-23 09:27:00,23259,23259,23259,23259,3,0,0,0,0,0,,,,
MNQ SEP25,10s,10,5441,2025-07-23 09:27:00,23257.25,23259.5,23256.75,23259,151,2.75,1.75,0.5,0.5,1,-110.05,-12.95,23.38333333,8.06
MNQ SEP25,20s,20,5720,2025-07-23 09:27:00,23258.75,23259.5,23256,23259,372,3.5,0.25,0.5,2.75,1,-176.35,-165.35,-78.91666667,-39.85
MNQ SEP25,1s,1,422,2025-07-23 09:27:01,23258.5,23258.75,23258.25,23258.75,17,0.5,0.25,0,0.25,1,,,,
MNQ SEP25,1s,1,423,2025-07-23 09:27:02,23258.25,23259,23258.25,23258.25,11,0.75,0,0.75,0,0,,,,
MNQ SEP25,1s,1,424,2025-07-23 09:27:03,23258.75,23259,23257.75,23258.5,15,1.25,0.25,0.25,0.75,-1,,,,
MNQ SEP25,1s,1,425,2025-07-23 09:27:04,23258.5,23258.5,23258.25,23258.25,6,0.25,0.25,0,0,-1,,,,
MNQ SEP25,1s,1,426,2025-07-23 09:27:05,23258.25,23258.25,23257.75,23257.75,8,0.5,0.5,0,0,-1,,,,
MNQ SEP25,1s,1,427,2025-07-23 09:27:06,23258,23258,23257,23257.25,33,1,0.75,0,0.25,-1,,,,
MNQ SEP25,1s,1,428,2025-07-23 09:27:07,23257,23257.75,23257,23257.25,32,0.75,0.25,0.5,0,1,,,,
MNQ SEP25,1s,1,429,2025-07-23 09:27:08,23257,23257,23254.25,23256,168,2.75,1,0,1.75,-1,,,,
MNQ SEP25,1s,1,430,2025-07-23 09:27:09,23256.25,23256.25,23255,23255.5,24,1.25,0.75,0,0.5,-1,,,,
MNQ SEP25,1s,1,431,2025-07-23 09:27:10,23255.5,23255.75,23255,23255,23,0.75,0.5,0.25,0,-1,,,,
MNQ SEP25,10s,10,5442,2025-07-23 09:27:10,23258.5,23259,23254.25,23255,337,4.75,3.5,0.5,0.75,-1,-76.1,33.95,19.23333333,28.07
MNQ SEP25,1s,1,432,2025-07-23 09:27:11,23256,23257,23255.75,23256.5,21,1.25,0.5,0.5,0.25,1,,,,
MNQ SEP25,1s,1,433,2025-07-23 09:27:12,23257,23257.5,23256.75,23256.75,19,0.75,0.25,0.5,0,-1,,,,
MNQ SEP25,1s,1,434,2025-07-23 09:27:13,23257.25,23257.5,23257,23257.5,13,0.5,0.25,0,0.25,1,,,,
MNQ SEP25,1s,1,435,2025-07-23 09:27:14,23257,23257.25,23256.75,23257.25,12,0.5,0.25,0,0.25,1,,,,
MNQ SEP25,1s,1,436,2025-07-23 09:27:15,23257.25,23257.75,23257.25,23257.75,7,0.5,0.5,0,0,1,,,,
MNQ SEP25,1s,1,437,2025-07-23 09:27:16,23257.75,23257.75,23257.25,23257.75,8,0.5,0,0,0.5,0,,,,
MNQ SEP25,1s,1,438,2025-07-23 09:27:17,23257.25,23257.5,23257,23257,17,0.5,0.25,0.25,0,-1,,,,
MNQ SEP25,1s,1,439,2025-07-23 09:27:18,23257.5,23257.5,23257,23257,3,0.5,0.5,0,0,-1,,,,
MNQ SEP25,1s,1,440,2025-07-23 09:27:19,23257.25,23258,23257.25,23257.75,23,0.75,0.5,0.25,0,1,,,,
MNQ SEP25,1s,1,441,2025-07-23 09:27:20,23257.5,23258.25,23257.25,23258,32,1,0.5,0.25,0.25,1,,,,
MNQ SEP25,10s,10,5443,2025-07-23 09:27:20,23256,23258.25,23255.75,23258,155,2.5,2,0.25,0.25,1,-58.15,17.95,12.98333333,24.41
MNQ SEP25,20s,20,5721,2025-07-23 09:27:20,23258.5,23259,23254.25,23258,492,4.75,0.5,0.5,3.75,-1,-248.9,-72.55,-93.83333333,-70.02
MNQ SEP25,1s,1,442,2025-07-23 09:27:21,23257.5,23258,23257.5,23257.75,7,0.5,0.25,0.25,0,1,,,,
MNQ SEP25,1s,1,443,2025-07-23 09:27:22,23258.25,23258.5,23257.75,23257.75,11,0.75,0.5,0.25,0,-1,,,,
MNQ SEP25,1s,1,444,2025-07-23 09:27:23,23258.25,23258.25,23257.5,23257.5,5,0.75,0.75,0,0,-1,,,,
MNQ SEP25,1s,1,445,2025-07-23 09:27:24,23257.5,23258.75,23257.5,23258.75,33,1.25,1.25,0,0,1,,,,
MNQ SEP25,1s,1,446,2025-07-23 09:27:25,23258.75,23260.75,23257.75,23259,189,3,0.25,1.75,1,1,,,,
MNQ SEP25,1s,1,447,2025-07-23 09:27:26,23258.5,23258.75,23258,23258.75,10,0.75,0.25,0,0.5,1,,,,
MNQ SEP25,1s,1,448,2025-07-23 09:27:27,23258.75,23258.75,23257.75,23258,7,1,0.75,0,0.25,-1,,,,
MNQ SEP25,1s,1,449,2025-07-23 09:27:28,23257.75,23258.25,23257.5,23258,14,0.75,0.25,0.25,0.25,1,,,,
MNQ SEP25,1s,1,450,2025-07-23 09:27:29,23257.75,23258.25,23257.75,23258.25,7,0.5,0.5,0,0,1,,,,
MNQ SEP25,1s,1,451,2025-07-23 09:27:30,23258.5,23258.5,23258.5,23258.5,2,0,0,0,0,0,,,,
MNQ SEP25,10s,10,5444,2025-07-23 09:27:30,23257.5,23260.75,23257.5,23258.5,285,3.25,1,2.25,0,1,-17.05,41.1,31,23.35
MNQ SEP25,1s,1,452,2025-07-23 09:27:31,23258.5,23260.5,23258.5,23260.5,56,2,2,0,0,1,,,,
MNQ SEP25,1s,1,453,2025-07-23 09:27:32,23260.25,23260.5,23259.25,23259.25,27,1.25,1,0.25,0,-1,,,,
MNQ SEP25,1s,1,454,2025-07-23 09:27:33,23260.25,23260.75,23260.25,23260.75,12,0.5,0.5,0,0,1,,,,
MNQ SEP25,1s,1,455,2025-07-23 09:27:34,23260.75,23260.75,23260,23260.5,7,0.75,0.25,0,0.5,-1,,,,
MNQ SEP25,1s,1,456,2025-07-23 09:27:35,23260,23260.75,23259.5,23259.75,9,1.25,0.25,0.75,0.25,-1,,,,
MNQ SEP25,1s,1,457,2025-07-23 09:27:36,23260.25,23260.25,23260,23260,3,0.25,0.25,0,0,-1,,,,
MNQ SEP25,1s,1,458,2025-07-23 09:27:37,23260,23260,23260,23260,2,0,0,0,0,0,,,,
MNQ SEP25,1s,1,459,2025-07-23 09:27:38,23260,23260,23259.75,23259.75,2,0.25,0.25,0,0,-1,,,,
MNQ SEP25,1s,1,460,2025-07-23 09:27:39,23260.25,23260.25,23259.75,23259.75,7,0.5,0.5,0,0,-1,,,,
MNQ SEP25,1s,1,461,2025-07-23 09:27:40,23260,23260,23259.5,23259.5,18,0.5,0.5,0,0,-1,,,,
MNQ SEP25,10s,10,5445,2025-07-23 09:27:40,23258.5,23260.75,23258.5,23259.5,143,2.25,1,1.25,0,1,-30.65,-13.6,15.15,13.29
MNQ SEP25,20s,20,5722,2025-07-23 09:27:40,23257.5,23260.75,23257.5,23259.5,428,3.25,2,1.25,0,1,-224.65,24.25,-71.21666667,-57.01
MNQ SEP25,1s,1,462,2025-07-23 09:27:41,23259.75,23262,23258,23260,193,4,0.25,2,1.75,1,,,,
MNQ SEP25,1s,1,463,2025-07-23 09:27:42,23260,23263,23260,23262.75,86,3,2.75,0.25,0,1,,,,
MNQ SEP25,1s,1,464,2025-07-23 09:27:43,23263.25,23263.5,23262,23263,28,1.5,0.25,0.25,1,-1,,,,
MNQ SEP25,1s,1,465,2025-07-23 09:27:44,23263.25,23264,23262.5,23264,27,1.5,0.75,0,0.75,1,,,,
MNQ SEP25,1s,1,466,2025-07-23 09:27:45,23264,23264.25,23263.5,23264,32,0.75,0,0.25,0.5,0,,,,
MNQ SEP25,1s,1,467,2025-07-23 09:27:46,23263.75,23264.5,23263.25,23264.5,40,1.25,0.75,0,0.5,1,,,,
MNQ SEP25,1s,1,468,2025-07-23 09:27:47,23264.25,23264.5,23263.75,23264.25,35,0.75,0,0.25,0.5,0,,,,
MNQ SEP25,1s,1,469,2025-07-23 09:27:48,23264.5,23264.5,23263.25,23264,48,1.25,0.5,0,0.75,-1,,,,
MNQ SEP25,1s,1,470,2025-07-23 09:27:49,23263.25,23263.75,23262.75,23263.5,20,1,0.25,0.25,0.5,1,,,,
MNQ SEP25,1s,1,471,2025-07-23 09:27:50,23263.75,23264.25,23263.25,23263.5,27,1,0.25,0.5,0.25,-1,,,,
MNQ SEP25,10s,10,5446,2025-07-23 09:27:50,23259.75,23264.5,23258,23263.5,536,6.5,3.75,1,1.75,1,31,61.65,29.71666667,28.21
MNQ SEP25,1s,1,472,2025-07-23 09:27:51,23264,23267.25,23264,23264.5,136,3.25,0.5,2.75,0,1,,,,
MNQ SEP25,1s,1,473,2025-07-23 09:27:52,23264.75,23265.5,23264.5,23264.75,21,1,0,0.75,0.25,0,,,,
MNQ SEP25,1s,1,474,2025-07-23 09:27:53,23264.5,23265.5,23264,23264,20,1.5,0.5,1,0,-1,,,,
MNQ SEP25,1s,1,475,2025-07-23 09:27:54,23264.5,23265,23264.5,23265,14,0.5,0.5,0,0,1,,,,
MNQ SEP25,1s,1,476,2025-07-23 09:27:55,23265.25,23266,23265,23265.25,20,1,0,0.75,0.25,0,,,,
MNQ SEP25,1s,1,477,2025-07-23 09:27:56,23265.5,23265.5,23264.25,23264.25,25,1.25,1.25,0,0,-1,,,,
MNQ SEP25,1s,1,478,2025-07-23 09:27:57,23264.5,23264.75,23261.75,23263,99,3,1.5,0.25,1.25,-1,,,,
MNQ SEP25,1s,1,479,2025-07-23 09:27:58,23263.25,23264,23263.25,23264,9,0.75,0.75,0,0,1,,,,
MNQ SEP25,1s,1,480,2025-07-23 09:27:59,23263.5,23264.25,23263.25,23263.75,13,1,0.25,0.5,0.25,1,,,,
MNQ SEP25,1s,1,481,2025-07-23 09:28:00,23263.75,23263.75,23263.25,23263.75,8,0.5,0,0,0.5,0,,,,
MNQ SEP25,10s,10,5447,2025-07-23 09:28:00,23264,23267.25,23261.75,23263.75,365,5.5,0.25,3.25,2,-1,29.75,-1.25,15.6,21.17
MNQ SEP25,20s,20,5723,2025-07-23 09:28:00,23259.75,23267.25,23258,23263.75,901,9.25,4,3.5,1.75,1,-139.65,85,12.23333333,-34.45
MNQ SEP25,1s,1,482,2025-07-23 09:28:01,23264,23269.25,23264,23267,260,5.25,3,2.25,0,1,,,,
MNQ SEP25,1s,1,483,2025-07-23 09:28:02,23266.75,23266.75,23265.25,23265.5,43,1.5,1.25,0,0.25,-1,,,,
MNQ SEP25,1s,1,484,2025-07-23 09:28:03,23266.5,23266.5,23265,23265,17,1.5,1.5,0,0,-1,,,,
MNQ SEP25,1s,1,485,2025-07-23 09:28:04,23264.5,23266,23264.5,23264.75,24,1.5,0.25,1.25,0,1,,,,
MNQ SEP25,1s,1,486,2025-07-23 09:28:05,23265,23265.25,23264.5,23265.25,10,0.75,0.25,0,0.5,1,,,,
MNQ SEP25,1s,1,487,2025-07-23 09:28:06,23265,23265.25,23265,23265,14,0.25,0,0.25,0,0,,,,
MNQ SEP25,1s,1,488,2025-07-23 09:28:07,23265.25,23266,23264.25,23265,40,1.75,0.25,0.75,0.75,-1,,,,
MNQ SEP25,1s,1,489,2025-07-23 09:28:08,23264.25,23264.5,23264,23264.25,24,0.5,0,0.25,0.25,0,,,,
MNQ SEP25,1s,1,490,2025-07-23 09:28:09,23263.25,23265.5,23263.25,23265.25,20,2.25,2,0.25,0,1,,,,
MNQ SEP25,1s,1,491,2025-07-23 09:28:10,23265.25,23265.5,23264.25,23265,22,1.25,0.25,0.25,0.75,-1,,,,
MNQ SEP25,10s,10,5448,2025-07-23 09:28:10,23264,23269.25,23263.25,23265,474,6,1,4.25,0.75,1,80.45,50.7,37.03333333,27.72
MNQ SEP25,1s,1,492,2025-07-23 09:28:11,23265.25,23265.5,23264.75,23265.25,8,0.75,0,0.25,0.5,0,,,,
MNQ SEP25,1s,1,493,2025-07-23 09:28:12,23265.5,23265.75,23264.75,23264.75,20,1,0.75,0.25,0,-1,,,,
MNQ SEP25,1s,1,494,2025-07-23 09:28:13,23265.75,23265.75,23265.25,23265.25,13,0.5,0.5,0,0,-1,,,,
MNQ SEP25,1s,1,495,2025-07-23 09:28:14,23265.75,23266,23265.5,23266,13,0.5,0.25,0,0.25,1,,,,
MNQ SEP25,1s,1,496,2025-07-23 09:28:15,23265.75,23266,23265.5,23266,5,0.5,0.25,0,0.25,1,,,,
MNQ SEP25,1s,1,497,2025-07-23 09:28:16,23265.5,23266,23265.25,23266,12,0.75,0.5,0,0.25,1,,,,
MNQ SEP25,1s,1,498,2025-07-23 09:28:17,23265.5,23266,23265.5,23265.5,4,0.5,0,0.5,0,0,,,,
MNQ SEP25,1s,1,499,2025-07-23 09:28:18,23265.75,23266,23265.25,23265.25,11,0.75,0.5,0.25,0,-1,,,,
MNQ SEP25,1s,1,500,2025-07-23 09:28:19,23265.25,23265.5,23264.5,23264.5,30,1,0.75,0.25,0,-1,,,,
MNQ SEP25,1s,1,501,2025-07-23 09:28:20,23264.5,23264.5,23264,23264.5,5,0.5,0,0,0.5,0,,,,
MNQ SEP25,10s,10,5449,2025-07-23 09:28:20,23265.25,23266,23264,23264.5,121,2,0.75,0.75,0.5,-1,49.55,-30.9,6.18333333,13.32
MNQ SEP25,20s,20,5724,2025-07-23 09:28:20,23264,23269.25,23263.25,23264.5,595,6,0.5,4.75,0.75,1,-71.05,68.6,59.28333333,-12.01
MNQ SEP25,1s,1,502,2025-07-23 09:28:21,23265,23265,23264.5,23264.5,8,0.5,0.5,0,0,-1,,,,
MNQ SEP25,1s,1,503,2025-07-23 09:28:22,23265,23265.75,23265,23265.25,18,0.75,0.25,0.5,0,1,,,,
MNQ SEP25,1s,1,504,2025-07-23 09:28:23,23265.25,23265.25,23265,23265,5,0.25,0.25,0,0,-1,,,,
MNQ SEP25,1s,1,505,2025-07-23 09:28:24,23265.5,23266.5,23265.5,23266,19,1,0.5,0.5,0,1,,,,
MNQ SEP25,1s,1,506,2025-07-23 09:28:25,23266.75,23267.5,23266.5,23266.5,31,1,0.25,0.75,0,-1,,,,
MNQ SEP25,1s,1,507,2025-07-23 09:28:26,23267,23267,23265.5,23266.75,28,1.5,0.25,0,1.25,-1,,,,
MNQ SEP25,1s,1,508,2025-07-23 09:28:27,23266.5,23266.5,23265.75,23265.75,15,0.75,0.75,0,0,-1,,,,
MNQ SEP25,1s,1,509,2025-07-23 09:28:28,23265.25,23265.5,23265,23265,4,0.5,0.25,0.25,0,-1,,,,
MNQ SEP25,1s,1,510,2025-07-23 09:28:29,23265,23266,23265,23266,13,1,1,0,0,1,,,,
MNQ SEP25,1s,1,511,2025-07-23 09:28:30,23265.5,23266.25,23265.5,23266.25,7,0.75,0.75,0,0,1,,,,
MNQ SEP25,10s,10,5450,2025-07-23 09:28:30,23265,23267.5,23264.5,23266.25,148,3,1.25,1.25,0.5,1,89.6,40.05,19.95,24.05
MNQ SEP25,1s,1,512,2025-07-23 09:28:31,23266,23266.25,23265.5,23265.5,11,0.75,0.5,0.25,0,-1,,,,
MNQ SEP25,1s,1,513,2025-07-23 09:28:32,23266,23266.25,23265.25,23265.5,10,1,0.5,0.25,0.25,-1,,,,
MNQ SEP25,1s,1,514,2025-07-23 09:28:33,23265,23265,23265,23265,7,0,0,0,0,0,,,,
MNQ SEP25,1s,1,515,2025-07-23 09:28:34,23265.5,23265.5,23264.75,23264.75,9,0.75,0.75,0,0,-1,,,,
MNQ SEP25,1s,1,516,2025-07-23 09:28:35,23264.5,23264.5,23263.75,23263.75,14,0.75,0.75,0,0,-1,,,,
MNQ SEP25,1s,1,517,2025-07-23 09:28:36,23264,23265,23264,23265,15,1,1,0,0,1,,,,
MNQ SEP25,1s,1,518,2025-07-23 09:28:37,23265.25,23265.25,23265,23265,2,0.25,0.25,0,0,-1,,,,
MNQ SEP25,1s,1,519,2025-07-23 09:28:38,23264,23264,23264,23264,5,0,0,0,0,0,,,,
MNQ SEP25,1s,1,520,2025-07-23 09:28:39,23264.5,23264.5,23263.25,23263.5,12,1.25,1,0,0.25,-1,,,,
MNQ SEP25,1s,1,521,2025-07-23 09:28:40,23263.5,23263.5,23262.75,23262.75,14,0.75,0.75,0,0,-1,,,,
MNQ SEP25,10s,10,5451,2025-07-23 09:28:40,23266,23266.25,23262.75,23262.75,99,3.5,3.25,0.25,0,-1,9.65,-79.95,-23.6,-4.27
MNQ SEP25,20s,20,5725,2025-07-23 09:28:40,23265,23267.5,23262.75,23262.75,247,4.75,2.25,2.5,0,-1,-95.65,-24.6,43,16.14
MNQ SEP25,1s,1,522,2025-07-23 09:28:41,23262.75,23263,23262.5,23262.75,9,0.5,0,0.25,0.25,0,,,,
MNQ SEP25,1s,1,523,2025-07-23 09:28:42,23263.25,23263.75,23263,23263.75,20,0.75,0.5,0,0.25,1,,,,
MNQ SEP25,1s,1,524,2025-07-23 09:28:43,23264,23264,23263.25,23263.25,10,0.75,0.75,0,0,-1,,,,
MNQ SEP25,1s,1,525,2025-07-23 09:28:44,23263.5,23264,23263,23264,20,1,0.5,0,0.5,1,,,,
MNQ SEP25,1s,1,526,2025-07-23 09:28:45,23264.25,23264.75,23264.25,23264.75,4,0.5,0.5,0,0,1,,,,
MNQ SEP25,1s,1,527,2025-07-23 09:28:46,23264.5,23264.5,23264.5,23264.5,1,0,0,0,0,0,,,,
MNQ SEP25,1s,1,528,2025-07-23 09:28:47,23264.75,23264.75,23263.75,23263.75,22,1,1,0,0,-1,,,,
MNQ SEP25,1s,1,529,2025-07-23 09:28:48,23264,23264,23263.5,23263.75,6,0.5,0.25,0,0.25,-1,,,,
MNQ SEP25,1s,1,530,2025-07-23 09:28:49,23263.25,23263.75,23263.25,23263.25,12,0.5,0,0.5,0,0,,,,
MNQ SEP25,1s,1,531,2025-07-23 09:28:50,23263.75,23263.75,23263,23263,10,0.75,0.75,0,0,-1,,,,
MNQ SEP25,10s,10,5452,2025-07-23 09:28:50,23262.75,23264.75,23262.5,23263,114,2.25,0.25,1.75,0.25,1,-24,-33.65,-24.51666667,-10.75
MNQ SEP25,1s,1,532,2025-07-23 09:28:51,23263.75,23263.75,23263.25,23263.25,2,0.5,0.5,0,0,-1,,,,
MNQ SEP25,1s,1,533,2025-07-23 09:28:52,23263.25,23264,23263.25,23263.5,7,0.75,0.25,0.5,0,1,,,,
MNQ SEP25,1s,1,534,2025-07-23 09:28:53,23263.25,23263.75,23263.25,23263.25,8,0.5,0,0.5,0,0,,,,
MNQ SEP25,1s,1,535,2025-07-23 09:28:54,23263.75,23264,23263.25,23263.75,11,0.75,0,0.25,0.5,0,,,,
MNQ SEP25,1s,1,536,2025-07-23 09:28:55,23263.75,23263.75,23263,23263.25,16,0.75,0.5,0,0.25,-1,,,,
MNQ SEP25,1s,1,537,2025-07-23 09:28:56,23263.25,23263.75,23261.5,23263.25,83,2.25,0,0.5,1.75,0,,,,
MNQ SEP25,1s,1,538,2025-07-23 09:28:57,23263.25,23263.75,23263.25,23263.25,10,0.5,0,0.5,0,0,,,,
MNQ SEP25,1s,1,539,2025-07-23 09:28:58,23263.25,23263.5,23262.5,23262.5,8,1,0.75,0.25,0,-1,,,,
MNQ SEP25,1s,1,540,2025-07-23 09:28:59,23262.5,23263,23261.75,23262.25,18,1.25,0.25,0.5,0.5,-1,,,,
MNQ SEP25,1s,1,541,2025-07-23 09:29:00,23261.75,23261.75,23260.75,23261.75,48,1,0,0,1,0,,,,
MNQ SEP25,10s,10,5453,2025-07-23 09:29:00,23263.75,23264,23260.75,23261.75,211,3.25,2,0.25,1,-1,-69.8,-45.8,-53.13333333,-30.05
MNQ SEP25,20s,20,5726,2025-07-23 09:29:00,23262.75,23264.75,23260.75,23261.75,325,4,1,2,1,-1,-113.65,-18,8.66666667,27.05
MNQ SEP25,1s,1,542,2025-07-23 09:29:01,23262,23263,23262,23263,45,1,1,0,0,1,,,,
MNQ SEP25,1s,1,543,2025-07-23 09:29:02,23262.5,23262.5,23262.25,23262.25,9,0.25,0.25,0,0,-1,,,,
MNQ SEP25,1s,1,544,2025-07-23 09:29:03,23262.5,23262.5,23262,23262,10,0.5,0.5,0,0,-1,,,,
MNQ SEP25,1s,1,545,2025-07-23 09:29:04,23261.75,23262,23261.75,23262,5,0.25,0.25,0,0,1,,,,
MNQ SEP25,1s,1,546,2025-07-23 09:29:05,23261.75,23262.25,23261.75,23262,7,0.5,0.25,0.25,0,1,,,,
MNQ SEP25,1s,1,547,2025-07-23 09:29:06,23262.5,23262.5,23262,23262,11,0.5,0.5,0,0,-1,,,,
MNQ SEP25,1s,1,548,2025-07-23 09:29:07,23262.75,23262.75,23262.5,23262.75,6,0.25,0,0,0.25,0,,,,
MNQ SEP25,1s,1,549,2025-07-23 09:29:08,23262.5,23262.75,23262.5,23262.75,15,0.25,0.25,0,0,1,,,,
MNQ SEP25,1s,1,550,2025-07-23 09:29:09,23262.75,23263,23262.25,23262.25,19,0.75,0.5,0.25,0,-1,,,,
MNQ SEP25,1s,1,551,2025-07-23 09:29:10,23263,23263,23262.5,23262.5,4,0.5,0.5,0,0,-1,,,,
MNQ SEP25,10s,10,5454,2025-07-23 09:29:10,23262,23263,23261.75,23262.5,131,1.25,0.5,0.5,0.25,1,-66.1,3.7,-25.25,-23.13
MNQ SEP25,1s,1,552,2025-07-23 09:29:11,23262.75,23264.25,23262.5,23263.5,32,1.75,0.75,0.75,0.25,1,,,,
MNQ SEP25,1s,1,553,2025-07-23 09:29:12,23263.25,23263.5,23263,23263,12,0.5,0.25,0.25,0,-1,,,,
MNQ SEP25,1s,1,554,2025-07-23 09:29:13,23263.75,23263.75,23263.25,23263.25,4,0.5,0.5,0,0,-1,,,,
MNQ SEP25,1s,1,555,2025-07-23 09:29:14,23264,23264.25,23263.5,23263.75,16,0.75,0.25,0.25,0.25,-1,,,,
MNQ SEP25,1s,1,556,2025-07-23 09:29:15,23263.75,23264.25,23263.5,23263.75,14,0.75,0,0.5,0.25,0,,,,
MNQ SEP25,1s,1,557,2025-07-23 09:29:16,23263.75,23263.75,23262.25,23262.75,43,1.5,1,0,0.5,-1,,,,
MNQ SEP25,1s,1,558,2025-07-23 09:29:17,23263,23263.5,23262.75,23263,4,0.75,0,0.5,0.25,0,,,,
MNQ SEP25,1s,1,559,2025-07-23 09:29:18,23262.75,23262.75,23260,23262.25,99,2.75,0.5,0,2.25,-1,,,,
MNQ SEP25,1s,1,560,2025-07-23 09:29:19,23262.25,23262.5,23262.25,23262.5,4,0.25,0.25,0,0,1,,,,
MNQ SEP25,1s,1,561,2025-07-23 09:29:20,23262.5,23262.5,23261.75,23261.75,6,0.75,0.75,0,0,-1,,,,
MNQ SEP25,10s,10,5455,2025-07-23 09:29:20,23262.75,23264.25,23260,23261.75,234,4.25,1,1.5,1.75,-1,-55,11.1,-10.33333333,-28.92
MNQ SEP25,20s,20,5727,2025-07-23 09:29:20,23262,23264.25,23260,23261.75,365,4.25,0.25,2.25,1.75,-1,-133.5,-19.85,-20.81666667,18.23
MNQ SEP25,1s,1,562,2025-07-23 09:29:21,23262.25,23262.5,23262.25,23262.5,5,0.25,0.25,0,0,1,,,,
MNQ SEP25,1s,1,563,2025-07-23 09:29:22,23262.5,23262.5,23262,23262,4,0.5,0.5,0,0,-1,,,,
MNQ SEP25,1s,1,564,2025-07-23 09:29:23,23262,23262.5,23262,23262.25,9,0.5,0.25,0.25,0,1,,,,
MNQ SEP25,1s,1,565,2025-07-23 09:29:24,23262.25,23262.5,23261.75,23262,9,0.75,0.25,0.25,0.25,-1,,,,
MNQ SEP25,1s,1,566,2025-07-23 09:29:25,23262.25,23262.25,23262.25,23262.25,3,0,0,0,0,0,,,,
MNQ SEP25,1s,1,567,2025-07-23 09:29:26,23262.75,23263.25,23262.25,23263.25,14,1,0.5,0,0.5,1,,,,
MNQ SEP25,1s,1,568,2025-07-23 09:29:27,23262.5,23263,23262.5,23263,4,0.5,0.5,0,0,1,,,,
MNQ SEP25,1s,1,569,2025-07-23 09:29:28,23263,23263,23262.25,23262.75,8,0.75,0.25,0,0.5,-1,,,,
MNQ SEP25,1s,1,570,2025-07-23 09:29:29,23262.25,23263.75,23262.25,23262.5,25,1.5,0.25,1.25,0,1,,,,
MNQ SEP25,1s,1,571,2025-07-23 09:29:30,23262.25,23262.5,23262.25,23262.5,9,0.25,0.25,0,0,1,,,,
MNQ SEP25,10s,10,5456,2025-07-23 09:29:30,23262.25,23263.75,23261.75,23262.5,90,2,0.25,1.25,0.5,1,-49.25,5.75,6.85,-11.78
MNQ SEP25,1s,1,572,2025-07-23 09:29:31,23262.75,23262.75,23262.75,23262.75,1,0,0,0,0,0,,,,
MNQ SEP25,1s,1,573,2025-07-23 09:29:32,23263,23263,23262.25,23263,4,0.75,0,0,0.75,0,,,,
MNQ SEP25,1s,1,574,2025-07-23 09:29:33,23262.75,23262.75,23262,23262,10,0.75,0.75,0,0,-1,,,,
MNQ SEP25,1s,1,575,2025-07-23 09:29:34,23262,23262.5,23261.75,23262.5,11,0.75,0.5,0,0.25,1,,,,
MNQ SEP25,1s,1,576,2025-07-23 09:29:35,23261.5,23262.25,23261.25,23261.75,37,1,0.25,0.5,0.25,1,,,,
MNQ SEP25,1s,1,577,2025-07-23 09:29:36,23261.75,23261.75,23259.25,23259.25,66,2.5,2.5,0,0,-1,,,,
MNQ SEP25,1s,1,578,2025-07-23 09:29:37,23260,23260.25,23259.25,23259.25,10,1,0.75,0.25,0,-1,,,,
MNQ SEP25,1s,1,579,2025-07-23 09:29:38,23259.25,23259.25,23257.25,23258.5,82,2,0.75,0,1.25,-1,,,,
MNQ SEP25,1s,1,580,2025-07-23 09:29:39,23258.75,23259.25,23258.25,23259,20,1,0.25,0.25,0.5,1,,,,
MNQ SEP25,1s,1,581,2025-07-23 09:29:40,23259.75,23260.25,23259.25,23259.5,17,1,0.25,0.5,0.25,-1,,,,
MNQ SEP25,10s,10,5457,2025-07-23 09:29:40,23262.75,23263,23257.25,23259.5,258,5.75,3.25,0.25,2.25,-1,-27.05,22.2,13.01666667,-0.61
MNQ SEP25,20s,20,5728,2025-07-23 09:29:40,23262.25,23263.75,23257.25,23259.5,348,6.5,2.75,1.5,2.25,-1,-250.5,-117,-51.61666667,-22.17
MNQ SEP25,1s,1,582,2025-07-23 09:29:41,23260.25,23260.5,23259.25,23259.25,18,1.25,1,0.25,0,-1,,,,
MNQ SEP25,1s,1,583,2025-07-23 09:29:42,23260,23260.5,23259.5,23259.75,11,1,0.25,0.5,0.25,-1,,,,
MNQ SEP25,1s,1,584,2025-07-23 09:29:43,23260,23260,23259.25,23259.5,25,0.75,0.5,0,0.25,-1,,,,
MNQ SEP25,1s,1,585,2025-07-23 09:29:44,23259.25,23259.75,23258.75,23259.5,15,1,0.25,0.25,0.5,1,,,,
MNQ SEP25,1s,1,586,2025-07-23 09:29:45,23259.5,23259.75,23259,23259.75,16,0.75,0.25,0,0.5,1,,,,
MNQ SEP25,1s,1,587,2025-07-23 09:29:46,23259.25,23260,23259,23259,29,1,0.25,0.75,0,-1,,,,
MNQ SEP25,1s,1,588,2025-07-23 09:29:47,23259.25,23259.75,23258.75,23259.75,18,1,0.5,0,0.5,1,,,,
MNQ SEP25,1s,1,589,2025-07-23 09:29:48,23259.5,23259.5,23259.25,23259.25,9,0.25,0.25,0,0,-1,,,,
MNQ SEP25,1s,1,590,2025-07-23 09:29:49,23259.5,23259.75,23259,23259,9,0.75,0.5,0.25,0,-1,,,,
MNQ SEP25,1s,1,591,2025-07-23 09:29:50,23259,23259.5,23258.75,23258.75,14,0.75,0.25,0.5,0,-1,,,,
MNQ SEP25,10s,10,5458,2025-07-23 09:29:50,23260.25,23260.5,23258.75,23258.75,164,1.75,1.5,0.25,0,-1,-41.25,-14.2,4.58333333,5.71
MNQ SEP25,1s,1,592,2025-07-23 09:29:51,23259.25,23259.25,23258.75,23259.25,20,0.5,0,0,0.5,0,,,,
MNQ SEP25,1s,1,593,2025-07-23 09:29:52,23258.75,23258.75,23258.25,23258.75,13,0.5,0,0,0.5,0,,,,
MNQ SEP25,1s,1,594,2025-07-23 09:29:53,23258.25,23260.25,23257.75,23259.5,66,2.5,1.25,0.75,0.5,1,,,,
MNQ SEP25,1s,1,595,2025-07-23 09:29:54,23258.75,23259.75,23258.75,23259.75,14,1,1,0,0,1,,,,
MNQ SEP25,1s,1,596,2025-07-23 09:29:55,23260,23260.25,23259.25,23260,16,1,0,0.25,0.75,0,,,,
MNQ SEP25,1s,1,597,2025-07-23 09:29:56,23260.5,23261.25,23260.5,23261.25,21,0.75,0.75,0,0,1,,,,
MNQ SEP25,1s,1,598,2025-07-23 09:29:57,23260.75,23261.75,23260.5,23261.75,17,1.25,1,0,0.25,1,,,,
MNQ SEP25,1s,1,599,2025-07-23 09:29:58,23261.25,23261.75,23260.5,23261.75,34,1.25,0.5,0,0.75,1,,,,
MNQ SEP25,1s,1,600,2025-07-23 09:29:59,23261.5,23262.5,23261.5,23261.75,23,1,0.25,0.75,0,1,,,,
MNQ SEP25,1s,1,601,2025-07-23 09:30:00,23262.5,23262.5,23261.25,23261.25,26,1.25,1.25,0,0,-1,,,,
MNQ SEP25,10s,10,5459,2025-07-23 09:30:00,23259.25,23262.5,23257.75,23261.25,250,4.75,2,1.25,1.5,1,-25.15,16.1,8.03333333,8.19
MNQ SEP25,20s,20,5729,2025-07-23 09:30:00,23260.25,23262.5,23257.75,23261.25,414,4.75,1,1.25,2.5,1,-146.95,103.55,-11.1,-15.18
MNQ SEP25,1s,1,602,2025-07-23 09:30:01,23261.5,23264.25,23258.5,23259.25,473,5.75,2.25,2.75,0.75,-1,,,,
MNQ SEP25,1s,1,603,2025-07-23 09:30:02,23258.25,23260.25,23255.25,23256.75,347,5,1.5,2,1.5,-1,,,,
MNQ SEP25,1s,1,604,2025-07-23 09:30:03,23257,23257.5,23255.25,23255.75,136,2.25,1.25,0.5,0.5,-1,,,,
MNQ SEP25,1s,1,605,2025-07-23 09:30:04,23255,23256.5,23250.75,23256.25,463,5.75,1.25,0.25,4.25,1,,,,
MNQ SEP25,1s,1,606,2025-07-23 09:30:05,23256,23257.25,23254.25,23254.5,185,3,1.5,1.25,0.25,-1,,,,
MNQ SEP25,1s,1,607,2025-07-23 09:30:06,23254,23256.5,23253.75,23256,132,2.75,2,0.5,0.25,1,,,,
MNQ SEP25,1s,1,608,2025-07-23 09:30:07,23256.5,23256.75,23252,23252,286,4.75,4.5,0.25,0,-1,,,,
MNQ SEP25,1s,1,609,2025-07-23 09:30:08,23252.25,23253,23250,23250,201,3,2.25,0.75,0,-1,,,,
MNQ SEP25,1s,1,610,2025-07-23 09:30:09,23249.75,23250.25,23247.25,23248.25,306,3,1.5,0.5,1,-1,,,,
MNQ SEP25,1s,1,611,2025-07-23 09:30:10,23248.25,23250,23247.75,23249,176,2.25,0.75,1,0.5,1,,,,
MNQ SEP25,10s,10,5460,2025-07-23 09:30:10,23261.5,23264.25,23247.25,23249,2705,17,12.5,2.75,1.75,-1,344.85,370,123.96666667,79.97
MNQ SEP25,1s,1,612,2025-07-23 09:30:11,23248.75,23250.5,23247.5,23247.75,189,3,1,1.75,0.25,-1,,,,
MNQ SEP25,1s,1,613,2025-07-23 09:30:12,23247.5,23248.75,23245.25,23245.75,240,3.5,1.75,1.25,0.5,-1,,,,
MNQ SEP25,1s,1,614,2025-07-23 09:30:13,23245.25,23246,23242.75,23244.5,408,3.25,0.75,0.75,1.75,-1,,,,
MNQ SEP25,1s,1,615,2025-07-23 09:30:14,23243.75,23246,23239.5,23241.5,351,6.5,2.25,2.25,2,-1,,,,
MNQ SEP25,1s,1,616,2025-07-23 09:30:15,23241.5,23245.25,23239.5,23243.5,369,5.75,2,1.75,2,1,,,,
MNQ SEP25,1s,1,617,2025-07-23 09:30:16,23243.5,23245.5,23242.25,23244,191,3.25,0.5,1.5,1.25,1,,,,
MNQ SEP25,1s,1,618,2025-07-23 09:30:17,23244,23245.25,23243.75,23245,137,1.5,1,0.25,0.25,1,,,,
MNQ SEP25,1s,1,619,2025-07-23 09:30:18,23244.25,23246.25,23243.75,23245.5,107,2.5,1.25,0.75,0.5,1,,,,
MNQ SEP25,1s,1,620,2025-07-23 09:30:19,23245.5,23245.5,23242.25,23243,136,3.25,2.5,0,0.75,-1,,,,
MNQ SEP25,1s,1,621,2025-07-23 09:30:20,23243.25,23243.5,23241.75,23242.25,64,1.75,1,0.25,0.5,-1,,,,
MNQ SEP25,10s,10,5461,2025-07-23 09:30:20,23248.75,23250.5,23239.5,23242.25,2192,11,6.5,1.75,2.75,-1,663.2,318.35,234.81666667,142.49
MNQ SEP25,20s,20,5730,2025-07-23 09:30:20,23261.5,23264.25,23239.5,23242.25,4897,24.75,19.25,2.75,2.75,-1,576.75,723.7,236.75,134.48
MNQ SEP25,1s,1,622,2025-07-23 09:30:21,23242.25,23243.5,23241.5,23242.5,123,2,0.25,1,0.75,1,,,,
MNQ SEP25,1s,1,623,2025-07-23 09:30:22,23242.5,23243.75,23238.25,23240,233,5.5,2.5,1.25,1.75,-1,,,,
MNQ SEP25,1s,1,624,2025-07-23 09:30:23,23239.5,23242.25,23238.75,23239.5,125,3.5,0,2.75,0.75,0,,,,
MNQ SEP25,1s,1,625,2025-07-23 09:30:24,23239.5,23240,23236.25,23237.5,284,3.75,2,0.5,1.25,-1,,,,
MNQ SEP25,1s,1,626,2025-07-23 09:30:25,23237.5,23239.75,23237.5,23239.25,179,2.25,1.75,0.5,0,1,,,,
MNQ SEP25,1s,1,627,2025-07-23 09:30:26,23238.75,23239,23236,23237.25,142,3,1.5,0.25,1.25,-1,,,,
MNQ SEP25,1s,1,628,2025-07-23 09:30:27,23236.75,23237.75,23234.5,23235.75,301,3.25,1,1,1.25,-1,,,,
MNQ SEP25,1s,1,629,2025-07-23 09:30:28,23235.5,23236.75,23233.5,23234.5,162,3.25,1,1.25,1,-1,,,,
MNQ SEP25,1s,1,630,2025-07-23 09:30:29,23234.75,23234.75,23232,23234,239,2.75,0.75,0,2,-1,,,,
MNQ SEP25,1s,1,631,2025-07-23 09:30:30,23233.75,23235.75,23233.5,23233.75,155,2.25,0,2,0.25,0,,,,
MNQ SEP25,10s,10,5462,2025-07-23 09:30:30,23242.25,23243.75,23232,23233.75,1943,11.75,8.5,1.5,1.75,-1,919.9,256.7,315.01666667,189.39
MNQ SEP25,1s,1,632,2025-07-23 09:30:31,23233.75,23234.25,23228.75,23230.5,490,5.5,3.25,0.5,1.75,-1,,,,
MNQ SEP25,1s,1,633,2025-07-23 09:30:32,23230.25,23231,23229,23229.5,270,2,0.75,0.75,0.5,-1,,,,
MNQ SEP25,1s,1,634,2025-07-23 09:30:33,23229.25,23229.75,23228,23229,225,1.75,0.25,0.5,1,-1,,,,
MNQ SEP25,1s,1,635,2025-07-23 09:30:34,23229,23230,23227,23227.25,307,3,1.75,1,0.25,-1,,,,
MNQ SEP25,1s,1,636,2025-07-23 09:30:35,23227.5,23228.25,23225.5,23225.5,293,2.75,2,0.75,0,-1,,,,
MNQ SEP25,1s,1,637,2025-07-23 09:30:36,23226,23227.5,23225.75,23225.75,235,1.75,0.25,1.5,0,-1,,,,
MNQ SEP25,1s,1,638,2025-07-23 09:30:37,23226.25,23228,23225.25,23226.5,246,2.75,0.25,1.5,1,1,,,,
MNQ SEP25,1s,1,639,2025-07-23 09:30:38,23226.25,23227.5,23225.25,23227,206,2.25,0.75,0.5,1,1,,,,
MNQ SEP25,1s,1,640,2025-07-23 09:30:39,23227,23230.75,23226,23230.25,227,4.75,3.25,0.5,1,1,,,,
MNQ SEP25,1s,1,641,2025-07-23 09:30:40,23231,23232.5,23229.25,23229.75,262,3.25,1.25,1.5,0.5,-1,,,,
MNQ SEP25,10s,10,5463,2025-07-23 09:30:40,23233.75,23234.25,23225.25,23229.75,2761,9,4,0.5,4.5,-1,1309,389.1,321.38333333,270.05
MNQ SEP25,20s,20,5731,2025-07-23 09:30:40,23242.25,23243.75,23225.25,23229.75,4704,18.5,12.5,1.5,4.5,-1,1234.25,657.5,494.91666667,269.58
MNQ SEP25,1s,1,642,2025-07-23 09:30:41,23229.5,23231,23227.75,23227.75,209,3.25,1.75,1.5,0,-1,,,,
MNQ SEP25,1s,1,643,2025-07-23 09:30:42,23227.75,23228.75,23224.5,23224.75,322,4.25,3,1,0.25,-1,,,,
MNQ SEP25,1s,1,644,2025-07-23 09:30:43,23224.5,23226.75,23224.5,23226.25,154,2.25,1.75,0.5,0,1,,,,
MNQ SEP25,1s,1,645,2025-07-23 09:30:44,23226.5,23227,23224.5,23226,134,2.5,0.5,0.5,1.5,-1,,,,
MNQ SEP25,1s,1,646,2025-07-23 09:30:45,23225.75,23227.25,23224.5,23225.5,130,2.75,0.25,1.5,1,-1,,,,
MNQ SEP25,1s,1,647,2025-07-23 09:30:46,23225,23228.75,23225,23228,124,3.75,3,0.75,0,1,,,,
MNQ SEP25,1s,1,648,2025-07-23 09:30:47,23228,23228.5,23225.5,23226.25,119,3,1.75,0.5,0.75,-1,,,,
MNQ SEP25,1s,1,649,2025-07-23 09:30:48,23226.5,23227,23224.75,23225.5,136,2.25,1,0.5,0.75,-1,,,,
MNQ SEP25,1s,1,650,2025-07-23 09:30:49,23225.5,23227.5,23225.25,23226.5,112,2.25,1,1,0.25,1,,,,
MNQ SEP25,1s,1,651,2025-07-23 09:30:50,23226.5,23229.25,23226.5,23228.75,109,2.75,2.25,0.5,0,1,,,,
MNQ SEP25,10s,10,5464,2025-07-23 09:30:50,23229.5,23231,23224.5,23228.75,1549,6.5,0.75,1.5,4.25,-1,1505.6,196.6,280.8,306.15
MNQ SEP25,1s,1,652,2025-07-23 09:30:51,23229.25,23231,23227.25,23228.25,214,3.75,1,1.75,1,-1,,,,
MNQ SEP25,1s,1,653,2025-07-23 09:30:52,23227.75,23229.5,23227.25,23229,132,2.25,1.25,0.5,0.5,1,,,,
MNQ SEP25,1s,1,654,2025-07-23 09:30:53,23228.5,23230.75,23228.5,23230,104,2.25,1.5,0.75,0,1,,,,
MNQ SEP25,1s,1,655,2025-07-23 09:30:54,23229.75,23230,23228.25,23228.25,101,1.75,1.5,0.25,0,-1,,,,
MNQ SEP25,1s,1,656,2025-07-23 09:30:55,23228,23229.25,23227.75,23228.75,73,1.5,0.75,0.5,0.25,1,,,,
MNQ SEP25,1s,1,657,2025-07-23 09:30:56,23229.25,23229.25,23227.25,23227.25,80,2,2,0,0,-1,,,,
MNQ SEP25,1s,1,658,2025-07-23 09:30:57,23227.5,23228,23225.5,23225.5,126,2.5,2,0.5,0,-1,,,,
MNQ SEP25,1s,1,659,2025-07-23 09:30:58,23225.75,23227.5,23225.5,23225.5,69,2,0.25,1.75,0,-1,,,,
MNQ SEP25,1s,1,660,2025-07-23 09:30:59,23225.5,23226,23224.5,23225,123,1.5,0.5,0.5,0.5,-1,,,,
MNQ SEP25,1s,1,661,2025-07-23 09:31:00,23225,23226.25,23223.5,23223.75,207,2.75,1.25,1.25,0.25,-1,,,,
MNQ SEP25,10s,10,5465,2025-07-23 09:31:00,23229.25,23231,23223.5,23223.75,1229,7.5,5.5,1.75,0.25,-1,1156.1,-349.5,78.73333333,162.25
MNQ SEP25,20s,20,5732,2025-07-23 09:31:00,23229.5,23231,23223.5,23223.75,2778,7.5,5.75,1.5,0.25,-1,1604.65,370.4,583.86666667,347.63
MNQ SEP25,1s,1,662,2025-07-23 09:31:01,23223.5,23223.75,23216.5,23218.5,715,7.25,5,0.25,2,-1,,,,
MNQ SEP25,1s,1,663,2025-07-23 09:31:02,23218.25,23219.5,23215.25,23215.75,360,4.25,2.5,1.25,0.5,-1,,,,
MNQ SEP25,1s,1,664,2025-07-23 09:31:03,23215.25,23215.75,23211.25,23212,490,4.5,3.25,0.5,0.75,-1,,,,
MNQ SEP25,1s,1,665,2025-07-23 09:31:04,23212.25,23214.5,23210,23213.5,487,4.5,1.25,1,2.25,1,,,,
MNQ SEP25,1s,1,666,2025-07-23 09:31:05,23213.5,23218.25,23210.5,23218,309,7.75,4.5,0.25,3,1,,,,
MNQ SEP25,1s,1,667,2025-07-23 09:31:06,23217.75,23219.75,23217,23218.25,226,2.75,0.5,1.5,0.75,1,,,,
MNQ SEP25,1s,1,668,2025-07-23 09:31:07,23218.25,23219.75,23216,23218.5,174,3.75,0.25,1.25,2.25,1,,,,
MNQ SEP25,1s,1,669,2025-07-23 09:31:08,23218.5,23222.5,23218.25,23222.5,231,4.25,4,0,0.25,1,,,,
MNQ SEP25,1s,1,670,2025-07-23 09:31:09,23222.5,23223.75,23218.75,23219,262,5,3.5,1.25,0.25,-1,,,,
MNQ SEP25,1s,1,671,2025-07-23 09:31:10,23219.5,23222,23218,23221.5,184,4,2,0.5,1.5,1,,,,
MNQ SEP25,10s,10,5466,2025-07-23 09:31:10,23223.5,23223.75,23210,23221.5,3438,13.75,2,0.25,11.5,-1,1260.2,104.1,-16.26666667,119.4
MNQ SEP25,1s,1,672,2025-07-23 09:31:11,23222,23222.5,23219,23219.5,112,3.5,2.5,0.5,0.5,-1,,,,
MNQ SEP25,1s,1,673,2025-07-23 09:31:12,23219.25,23220.75,23218.75,23220.75,118,2,1.5,0,0.5,1,,,,
MNQ SEP25,1s,1,674,2025-07-23 09:31:13,23220.75,23221,23215.5,23216.5,179,5.5,4.25,0.25,1,-1,,,,
MNQ SEP25,1s,1,675,2025-07-23 09:31:14,23216.25,23216.25,23209,23210,445,7.25,6.25,0,1,-1,,,,
MNQ SEP25,1s,1,676,2025-07-23 09:31:15,23210.5,23212,23209.5,23212,192,2.5,1.5,0,1,1,,,,
MNQ SEP25,1s,1,677,2025-07-23 09:31:16,23212.25,23215,23209.5,23210.75,156,5.5,1.5,2.75,1.25,-1,,,,
MNQ SEP25,1s,1,678,2025-07-23 09:31:17,23210.5,23210.5,23206.5,23206.5,316,4,4,0,0,-1,,,,
MNQ SEP25,1s,1,679,2025-07-23 09:31:18,23206.5,23207.75,23204.75,23206,419,3,0.5,1.25,1.25,-1,,,,
MNQ SEP25,1s,1,680,2025-07-23 09:31:19,23206,23207.5,23204.25,23205.75,227,3.25,0.25,1.5,1.5,-1,,,,
MNQ SEP25,1s,1,681,2025-07-23 09:31:20,23206,23206.25,23202.75,23202.75,258,3.5,3.25,0.25,0,-1,,,,
MNQ SEP25,10s,10,5467,2025-07-23 09:31:20,23222,23222.5,23202.75,23202.75,2422,19.75,19.25,0.5,0,-1,1253.15,-7.05,-84.15,66.65
MNQ SEP25,20s,20,5733,2025-07-23 09:31:20,23223.5,23223.75,23202.75,23202.75,5860,21,20.75,0.25,0,-1,2436.9,832.25,620.05,537.48
MNQ SEP25,1s,1,682,2025-07-23 09:31:21,23203.25,23206.25,23201.75,23205.5,284,4.5,2.25,0.75,1.5,1,,,,
MNQ SEP25,1s,1,683,2025-07-23 09:31:22,23205.25,23208,23205,23207.5,194,3,2.25,0.5,0.25,1,,,,
MNQ SEP25,1s,1,684,2025-07-23 09:31:23,23208,23210.75,23207.75,23209.25,216,3,1.25,1.5,0.25,1,,,,
MNQ SEP25,1s,1,685,2025-07-23 09:31:24,23209.25,23215,23209.25,23211,375,5.75,1.75,4,0,1,,,,
MNQ SEP25,1s,1,686,2025-07-23 09:31:25,23211.25,23213,23210.25,23213,176,2.75,1.75,0,1,1,,,,
MNQ SEP25,1s,1,687,2025-07-23 09:31:26,23212.5,23214.5,23211,23213.5,102,3.5,1,1,1.5,1,,,,
MNQ SEP25,1s,1,688,2025-07-23 09:31:27,23213.5,23215.5,23212,23214.75,185,3.5,1.25,0.75,1.5,1,,,,
MNQ SEP25,1s,1,689,2025-07-23 09:31:28,23214.75,23216.25,23214,23214,131,2.25,0.75,1.5,0,-1,,,,
MNQ SEP25,1s,1,690,2025-07-23 09:31:29,23214.75,23215.5,23212.5,23215.25,124,3,0.5,0.25,2.25,1,,,,
MNQ SEP25,1s,1,691,2025-07-23 09:31:30,23215.5,23215.5,23211.75,23212.25,83,3.75,3.25,0,0.5,-1,,,,
MNQ SEP25,10s,10,5468,2025-07-23 09:31:30,23203.25,23216.25,23201.75,23212.25,1870,14.5,9,4,1.5,1,1005.15,-248,-50.31666667,-60.77
MNQ SEP25,1s,1,692,2025-07-23 09:31:31,23212,23214.5,23210.75,23211.5,114,3.75,0.5,2.5,0.75,-1,,,,
MNQ SEP25,1s,1,693,2025-07-23 09:31:32,23211.25,23213.5,23210.25,23212.75,90,3.25,1.5,0.75,1,1,,,,
MNQ SEP25,1s,1,694,2025-07-23 09:31:33,23212.5,23213,23209.5,23210.75,69,3.5,1.75,0.5,1.25,-1,,,,
MNQ SEP25,1s,1,695,2025-07-23 09:31:34,23210.25,23211.75,23208,23210,105,3.75,0.25,1.5,2,-1,,,,
MNQ SEP25,1s,1,696,2025-07-23 09:31:35,23210.75,23211.75,23207.5,23208,91,4.25,2.75,1,0.5,-1,,,,
MNQ SEP25,1s,1,697,2025-07-23 09:31:36,23207.75,23212.5,23207.75,23210,82,4.75,2.25,2.5,0,1,,,,
MNQ SEP25,1s,1,698,2025-07-23 09:31:37,23209.5,23212.25,23208.5,23212.25,85,3.75,2.75,0,1,1,,,,
MNQ SEP25,1s,1,699,2025-07-23 09:31:38,23211.5,23212.75,23210.75,23211.5,103,2,0,1.25,0.75,0,,,,
MNQ SEP25,1s,1,700,2025-07-23 09:31:39,23211.5,23214.25,23210.75,23212.25,94,3.5,0.75,2,0.75,1,,,,
MNQ SEP25,1s,1,701,2025-07-23 09:31:40,23211.75,23217,23211.5,23216.5,157,5.5,4.75,0.5,0.25,1,,,,
MNQ SEP25,10s,10,5469,2025-07-23 09:31:40,23212,23217,23207.5,23216.5,990,9.5,4.5,0.5,4.5,1,849.9,-155.25,-136.76666667,-131.14
MNQ SEP25,20s,20,5734,2025-07-23 09:31:40,23203.25,23217,23201.75,23216.5,2860,15.25,13.25,0.5,1.5,1,2801.65,364.75,522.46666667,589.72
MNQ SEP25,1s,1,702,2025-07-23 09:31:41,23217,23222.5,23216.75,23221.75,383,5.75,4.75,0.75,0.25,1,,,,
MNQ SEP25,1s,1,703,2025-07-23 09:31:42,23222.25,23223,23221.25,23221.75,177,1.75,0.5,0.75,0.5,-1,,,,
MNQ SEP25,1s,1,704,2025-07-23 09:31:43,23222.5,23222.75,23219.25,23219.75,196,3.5,2.75,0.25,0.5,-1,,,,
MNQ SEP25,1s,1,705,2025-07-23 09:31:44,23220,23220.5,23216,23217,111,4.5,3,0.5,1,-1,,,,
MNQ SEP25,1s,1,706,2025-07-23 09:31:45,23217,23220.5,23217,23218.25,129,3.5,1.25,2.25,0,1,,,,
MNQ SEP25,1s,1,707,2025-07-23 09:31:46,23217.75,23218.25,23215.5,23216,51,2.75,1.75,0.5,0.5,-1,,,,
MNQ SEP25,1s,1,708,2025-07-23 09:31:47,23217.5,23217.75,23214,23214.5,92,3.75,3,0.25,0.5,-1,,,,
MNQ SEP25,1s,1,709,2025-07-23 09:31:48,23215,23215.25,23212.5,23214.25,97,2.75,0.75,0.25,1.75,-1,,,,
MNQ SEP25,1s,1,710,2025-07-23 09:31:49,23214.5,23215.75,23213.5,23215.25,77,2.25,0.75,0.5,1,1,,,,
MNQ SEP25,1s,1,711,2025-07-23 09:31:50,23214.75,23214.75,23209.25,23209.5,169,5.5,5.25,0,0.25,-1,,,,
MNQ SEP25,10s,10,5470,2025-07-23 09:31:50,23217,23223,23209.25,23209.5,1482,13.75,7.5,6,0.25,-1,833.8,-16.1,-139.78333333,-64.46
MNQ SEP25,1s,1,712,2025-07-23 09:31:51,23209,23209.25,23206.75,23207,156,2.5,2,0.25,0.25,-1,,,,
MNQ SEP25,1s,1,713,2025-07-23 09:31:52,23207,23207,23202,23203.75,295,5,3.25,0,1.75,-1,,,,
MNQ SEP25,1s,1,714,2025-07-23 09:31:53,23203,23203,23200,23200.5,355,3,2.5,0,0.5,-1,,,,
MNQ SEP25,1s,1,715,2025-07-23 09:31:54,23200.75,23201.5,23198.25,23199.5,382,3.25,1.25,0.75,1.25,-1,,,,
MNQ SEP25,1s,1,716,2025-07-23 09:31:55,23199.75,23201.5,23198.5,23201.25,188,3,1.5,0.25,1.25,1,,,,
MNQ SEP25,1s,1,717,2025-07-23 09:31:56,23201.75,23202.75,23200.5,23200.75,176,2.25,1,1,0.25,-1,,,,
MNQ SEP25,1s,1,718,2025-07-23 09:31:57,23201.25,23205,23200.25,23201.5,225,4.75,0.25,3.5,1,1,,,,
MNQ SEP25,1s,1,719,2025-07-23 09:31:58,23201.5,23201.5,23200,23200,139,1.5,1.5,0,0,-1,,,,
MNQ SEP25,1s,1,720,2025-07-23 09:31:59,23200.75,23200.75,23198,23198.75,105,2.75,2,0,0.75,-1,,,,
MNQ SEP25,1s,1,721,2025-07-23 09:32:00,23198.75,23199.25,23196,23197,307,3.25,1.75,0.5,1,-1,,,,
MNQ SEP25,10s,10,5471,2025-07-23 09:32:00,23209,23209.25,23196,23197,2328,13.25,12,0.25,1,-1,500.35,-333.45,-168.26666667,-151.97
MNQ SEP25,20s,20,5735,2025-07-23 09:32:00,23217,23223,23196,23197,3810,27,20,6,1,-1,2452.6,-349.05,282.65,375.17
MNQ SEP25,1s,1,722,2025-07-23 09:32:01,23197,23198.25,23193,23195,586,5.25,2,1.25,2,-1,,,,
MNQ SEP25,1s,1,723,2025-07-23 09:32:02,23193.25,23193.25,23190.75,23191.25,496,2.5,2,0,0.5,-1,,,,
MNQ SEP25,1s,1,724,2025-07-23 09:32:03,23191.5,23193,23191,23191.25,250,2,0.25,1.5,0.25,-1,,,,
MNQ SEP25,1s,1,725,2025-07-23 09:32:04,23191.5,23192.75,23190.75,23191.25,194,2,0.25,1.25,0.5,-1,,,,
MNQ SEP25,1s,1,726,2025-07-23 09:32:05,23192,23196.75,23191.25,23193.75,214,5.5,1.75,3,0.75,1,,,,
MNQ SEP25,1s,1,727,2025-07-23 09:32:06,23193.5,23194,23190,23190.25,221,4,3.25,0.5,0.25,-1,,,,
MNQ SEP25,1s,1,728,2025-07-23 09:32:07,23190.5,23191,23188,23189.5,377,3,1,0.5,1.5,-1,,,,
MNQ SEP25,1s,1,729,2025-07-23 09:32:08,23189,23191.75,23188.25,23188.25,158,3.5,0.75,2.75,0,-1,,,,
MNQ SEP25,1s,1,730,2025-07-23 09:32:09,23188.75,23189,23184,23185.5,372,5,3.25,0.25,1.5,-1,,,,
MNQ SEP25,1s,1,731,2025-07-23 09:32:10,23185.75,23188.75,23185.5,23188.25,257,3.25,2.5,0.5,0.25,1,,,,
MNQ SEP25,10s,10,5472,2025-07-23 09:32:10,23197,23198.25,23184,23188.25,3125,14.25,8.75,1.25,4.25,-1,490.4,-9.95,-119.83333333,-152.55
MNQ SEP25,1s,1,732,2025-07-23 09:32:11,23188,23188.5,23183.75,23184.75,229,4.75,3.25,0.5,1,-1,,,,
MNQ SEP25,1s,1,733,2025-07-23 09:32:12,23184,23187,23183.75,23186,188,3.25,2,1,0.25,1,,,,
MNQ SEP25,1s,1,734,2025-07-23 09:32:13,23186,23187.5,23185,23185.75,195,2.5,0.25,1.5,0.75,-1,,,,
MNQ SEP25,1s,1,735,2025-07-23 09:32:14,23185.75,23189.75,23183.5,23189,218,6.25,3.25,0.75,2.25,1,,,,
MNQ SEP25,1s,1,736,2025-07-23 09:32:15,23188.5,23193,23188.25,23192.75,324,4.75,4.25,0.25,0.25,1,,,,
MNQ SEP25,1s,1,737,2025-07-23 09:32:16,23192.5,23193.5,23190,23191.75,196,3.5,0.75,1,1.75,-1,,,,
MNQ SEP25,1s,1,738,2025-07-23 09:32:17,23191.5,23191.5,23188.25,23189,160,3.25,2.5,0,0.75,-1,,,,
MNQ SEP25,1s,1,739,2025-07-23 09:32:18,23188.5,23189,23187,23187,105,2,1.5,0.5,0,-1,,,,
MNQ SEP25,1s,1,740,2025-07-23 09:32:19,23187.5,23189.25,23185.5,23188,124,3.75,0.5,1.25,2,1,,,,
MNQ SEP25,1s,1,741,2025-07-23 09:32:20,23187.75,23189,23186,23186,114,3,1.75,1.25,0,-1,,,,
MNQ SEP25,10s,10,5473,2025-07-23 09:32:20,23188,23193.5,23183.5,23186,1853,10,2,5.5,2.5,-1,404.9,-85.5,-142.96666667,-120.05
MNQ SEP25,20s,20,5736,2025-07-23 09:32:20,23197,23198.25,23183.5,23186,4978,14.75,11,1.25,2.5,-1,2298.1,-154.5,-46.26666667,212.77
MNQ SEP25,1s,1,742,2025-07-23 09:32:21,23186.25,23188.5,23183.5,23188.25,230,5,2,0.25,2.75,1,,,,
MNQ SEP25,1s,1,743,2025-07-23 09:32:22,23188,23191.25,23188,23191,213,3.25,3,0.25,0,1,,,,
MNQ SEP25,1s,1,744,2025-07-23 09:32:23,23191,23193,23190.5,23192.25,175,2.5,1.25,0.75,0.5,1,,,,
MNQ SEP25,1s,1,745,2025-07-23 09:32:24,23192,23192.5,23189.5,23189.5,134,3,2.5,0.5,0,-1,,,,
MNQ SEP25,1s,1,746,2025-07-23 09:32:25,23189.75,23192.75,23188.75,23192,110,4,2.25,0.75,1,1,,,,
MNQ SEP25,1s,1,747,2025-07-23 09:32:26,23192.25,23193.25,23190,23190.5,121,3.25,1.75,1,0.5,-1,,,,
MNQ SEP25,1s,1,748,2025-07-23 09:32:27,23190.25,23191.5,23186.5,23187.75,133,5,2.5,1.25,1.25,-1,,,,
MNQ SEP25,1s,1,749,2025-07-23 09:32:28,23188,23189,23184.75,23187.5,175,4.25,0.5,1,2.75,-1,,,,
MNQ SEP25,1s,1,750,2025-07-23 09:32:29,23188,23189,23185,23185,119,4,3,1,0,-1,,,,
MNQ SEP25,1s,1,751,2025-07-23 09:32:30,23186,23186,23183,23184.75,129,3,1.25,0,1.75,-1,,,,
MNQ SEP25,10s,10,5474,2025-07-23 09:32:30,23186.25,23193.25,23183,23184.75,1539,10.25,1.5,7,1.75,-1,444.3,39.4,-18.68333333,-81.12
MNQ SEP25,1s,1,752,2025-07-23 09:32:31,23185,23186.25,23183.25,23186.25,109,3,1.25,0,1.75,1,,,,
MNQ SEP25,1s,1,753,2025-07-23 09:32:32,23186,23188,23183.75,23185,135,4.25,1,2,1.25,-1,,,,
MNQ SEP25,1s,1,754,2025-07-23 09:32:33,23185.25,23188.5,23185.25,23188.5,116,3.25,3.25,0,0,1,,,,
MNQ SEP25,1s,1,755,2025-07-23 09:32:34,23188.5,23193.5,23188.5,23193.5,207,5,5,0,0,1,,,,
MNQ SEP25,1s,1,756,2025-07-23 09:32:35,23193.25,23201,23193.25,23200.75,536,7.75,7.5,0.25,0,1,,,,
MNQ SEP25,1s,1,757,2025-07-23 09:32:36,23200.5,23205,23200,23200.5,548,5,0,4.5,0.5,0,,,,
MNQ SEP25,1s,1,758,2025-07-23 09:32:37,23201,23202.75,23200,23201.75,218,2.75,0.75,1,1,1,,,,
MNQ SEP25,1s,1,759,2025-07-23 09:32:38,23201.75,23204.5,23201.5,23204,184,3,2.25,0.5,0.25,1,,,,
MNQ SEP25,1s,1,760,2025-07-23 09:32:39,23204.5,23206.5,23203.75,23205.25,284,2.75,0.75,1.25,0.75,1,,,,
MNQ SEP25,1s,1,761,2025-07-23 09:32:40,23204.75,23207.25,23204.75,23206.25,220,2.5,1.5,1,0,1,,,,
MNQ SEP25,10s,10,5475,2025-07-23 09:32:40,23185,23207.25,23183.25,23206.25,2557,24,21.25,1,1.75,1,543.15,98.85,17.58333333,-58.13
MNQ SEP25,20s,20,5737,2025-07-23 09:32:40,23186.25,23207.25,23183,23206.25,4096,24.25,20,1,3.25,1,2370.75,72.65,-143.63333333,153.22
MNQ SEP25,1s,1,762,2025-07-23 09:32:41,23206.25,23210.25,23206,23210,316,4.25,3.75,0.25,0.25,1,,,,
MNQ SEP25,1s,1,763,2025-07-23 09:32:42,23209.25,23211.25,23208.5,23211,288,2.75,1.75,0.25,0.75,1,,,,
MNQ SEP25,1s,1,764,2025-07-23 09:32:43,23211.25,23213.25,23209,23210,288,4.25,1.25,2,1,-1,,,,
MNQ SEP25,1s,1,765,2025-07-23 09:32:44,23210,23210,23204.5,23205,252,5.5,5,0,0.5,-1,,,,
MNQ SEP25,1s,1,766,2025-07-23 09:32:45,23205,23207.5,23204,23204.75,182,3.5,0.25,2.5,0.75,-1,,,,
MNQ SEP25,1s,1,767,2025-07-23 09:32:46,23205,23206,23203.25,23205.5,148,2.75,0.5,0.5,1.75,1,,,,
MNQ SEP25,1s,1,768,2025-07-23 09:32:47,23206.25,23207.25,23203.25,23205.75,138,4,0.5,1,2.5,-1,,,,
MNQ SEP25,1s,1,769,2025-07-23 09:32:48,23205.25,23205.5,23201,23201.25,123,4.5,4,0.25,0.25,-1,,,,
MNQ SEP25,1s,1,770,2025-07-23 09:32:49,23201.25,23204,23199.5,23204,146,4.5,2.75,0,1.75,1,,,,
MNQ SEP25,1s,1,771,2025-07-23 09:32:50,23204,23206.75,23203.75,23206.25,104,3,2.25,0.5,0.25,1,,,,
MNQ SEP25,10s,10,5476,2025-07-23 09:32:50,23206.25,23213.25,23199.5,23206.25,1985,13.75,0,7,6.75,0,379.8,-163.35,-8.36666667,-24.11
MNQ SEP25,1s,1,772,2025-07-23 09:32:51,23206.25,23207,23204.5,23206.75,80,2.5,0.5,0.25,1.75,1,,,,
MNQ SEP25,1s,1,773,2025-07-23 09:32:52,23206.75,23210,23206.75,23209.5,88,3.25,2.75,0.5,0,1,,,,
MNQ SEP25,1s,1,774,2025-07-23 09:32:53,23210,23211,23209.25,23209.75,152,1.75,0.25,1,0.5,-1,,,,
MNQ SEP25,1s,1,775,2025-07-23 09:32:54,23210,23211.5,23209.5,23209.75,108,2,0.25,1.5,0.25,-1,,,,
MNQ SEP25,1s,1,776,2025-07-23 09:32:55,23210,23210,23206.5,23206.5,94,3.5,3.5,0,0,-1,,,,
MNQ SEP25,1s,1,777,2025-07-23 09:32:56,23206.75,23207,23204.75,23205.25,105,2.25,1.5,0.25,0.5,-1,,,,
MNQ SEP25,1s,1,778,2025-07-23 09:32:57,23205.25,23206.75,23202,23205,146,4.75,0.25,1.5,3,-1,,,,
MNQ SEP25,1s,1,779,2025-07-23 09:32:58,23205,23206.25,23203,23205,120,3.25,0,1.25,2,0,,,,
MNQ SEP25,1s,1,780,2025-07-23 09:32:59,23205,23205,23202.5,23202.75,98,2.5,2.25,0,0.25,-1,,,,
MNQ SEP25,1s,1,781,2025-07-23 09:33:00,23203.25,23203.75,23202.5,23203,60,1.25,0.25,0.5,0.5,-1,,,,
MNQ SEP25,10s,10,5477,2025-07-23 09:33:00,23206.25,23211.5,23202,23203,1051,9.5,3.25,5.25,1,-1,-74.65,-454.45,-172.98333333,-113.01
MNQ SEP25,20s,20,5738,2025-07-23 09:33:00,23206.25,23213.25,23199.5,23203,3036,13.75,3.25,7,3.5,-1,1672.5,-698.25,-260.03333333,-152.88
MNQ SEP25,1s,1,782,2025-07-23 09:33:01,23202.75,23207,23201.5,23206.25,353,5.5,3.5,0.75,1.25,1,,,,
MNQ SEP25,1s,1,783,2025-07-23 09:33:02,23206,23206,23202.75,23204.5,95,3.25,1.5,0,1.75,-1,,,,
MNQ SEP25,1s,1,784,2025-07-23 09:33:03,23204.5,23204.75,23202.5,23203.5,76,2.25,1,0.25,1,-1,,,,
MNQ SEP25,1s,1,785,2025-07-23 09:33:04,23203.75,23207,23203.75,23206,81,3.25,2.25,1,0,1,,,,
MNQ SEP25,1s,1,786,2025-07-23 09:33:05,23205.5,23208.5,23205.25,23207.75,98,3.25,2.25,0.75,0.25,1,,,,
MNQ SEP25,1s,1,787,2025-07-23 09:33:06,23207.5,23211.25,23207.5,23210.5,121,3.75,3,0.75,0,1,,,,
MNQ SEP25,1s,1,788,2025-07-23 09:33:07,23210.5,23214.5,23210,23214,212,4.5,3.5,0.5,0.5,1,,,,
MNQ SEP25,1s,1,789,2025-07-23 09:33:08,23214.5,23214.75,23212.75,23213.5,222,2,1,0.25,0.75,-1,,,,
MNQ SEP25,1s,1,790,2025-07-23 09:33:09,23213,23213,23210.5,23210.5,221,2.5,2.5,0,0,-1,,,,
MNQ SEP25,1s,1,791,2025-07-23 09:33:10,23210.5,23214.5,23209.25,23214,219,5.25,3.5,0.5,1.25,1,,,,
MNQ SEP25,10s,10,5478,2025-07-23 09:33:10,23202.75,23214.75,23201.5,23214,1698,13.25,11.25,0.75,1.25,1,-182.35,-107.7,-241.83333333,-117.45
MNQ SEP25,1s,1,792,2025-07-23 09:33:11,23213.75,23213.75,23209,23209.5,138,4.75,4.25,0,0.5,-1,,,,
MNQ SEP25,1s,1,793,2025-07-23 09:33:12,23210,23210,23205.25,23207.25,151,4.75,2.75,0,2,-1,,,,
MNQ SEP25,1s,1,794,2025-07-23 09:33:13,23207.25,23211,23207,23211,74,4,3.75,0,0.25,1,,,,
MNQ SEP25,1s,1,795,2025-07-23 09:33:14,23210.25,23211,23208.25,23208.5,81,2.75,1.75,0.75,0.25,-1,,,,
MNQ SEP25,1s,1,796,2025-07-23 09:33:15,23209.25,23213.5,23209.25,23212.75,116,4.25,3.5,0.75,0,1,,,,
MNQ SEP25,1s,1,797,2025-07-23 09:33:16,23212.75,23213,23211,23212.25,87,2,0.5,0.25,1.25,-1,,,,
MNQ SEP25,1s,1,798,2025-07-23 09:33:17,23212.5,23212.5,23207.75,23207.75,125,4.75,4.75,0,0,-1,,,,
MNQ SEP25,1s,1,799,2025-07-23 09:33:18,23208.5,23209.5,23207.5,23208.25,39,2,0.25,1,0.75,-1,,,,
MNQ SEP25,1s,1,800,2025-07-23 09:33:19,23209.25,23209.75,23208,23208,46,1.75,1.25,0.5,0,-1,,,,
MNQ SEP25,1s,1,801,2025-07-23 09:33:20,23208,23209.25,23207,23208.75,72,2.25,0.75,0.5,1,1,,,,
MNQ SEP25,10s,10,5479,2025-07-23 09:33:20,23213.75,23213.75,23205.25,23208.75,929,8.5,5,0,3.5,-1,-338.3,-155.95,-239.36666667,-156.52
MNQ SEP25,20s,20,5739,2025-07-23 09:33:20,23202.75,23214.75,23201.5,23208.75,2627,13.25,6,6,1.25,1,1502.75,-169.75,-265.11666667,-259.78
MNQ SEP25,1s,1,802,2025-07-23 09:33:21,23210,23212.5,23210,23212.5,98,2.5,2.5,0,0,1,,,,
MNQ SEP25,1s,1,803,2025-07-23 09:33:22,23212.25,23214.5,23212.25,23213.5,84,2.25,1.25,1,0,1,,,,
MNQ SEP25,1s,1,804,2025-07-23 09:33:23,23213.5,23214.75,23211.75,23214,58,3,0.5,0.75,1.75,1,,,,
MNQ SEP25,1s,1,805,2025-07-23 09:33:24,23213.75,23214.25,23209,23209.5,109,5.25,4.25,0.5,0.5,-1,,,,
MNQ SEP25,1s,1,806,2025-07-23 09:33:25,23209.25,23210.25,23208.25,23208.5,62,2,0.75,1,0.25,-1,,,,
MNQ SEP25,1s,1,807,2025-07-23 09:33:26,23209,23211.25,23208.5,23211.25,64,2.75,2.25,0,0.5,1,,,,
MNQ SEP25,1s,1,808,2025-07-23 09:33:27,23211.5,23211.5,23208,23209.25,72,3.5,2.25,0,1.25,-1,,,,
MNQ SEP25,1s,1,809,2025-07-23 09:33:28,23209.5,23209.5,23207.5,23208.5,60,2,1,0,1,-1,,,,
MNQ SEP25,1s,1,810,2025-07-23 09:33:29,23207.25,23209.75,23207.25,23209.75,56,2.5,2.5,0,0,1,,,,
MNQ SEP25,1s,1,811,2025-07-23 09:33:30,23210.25,23211,23208.75,23209,59,2.25,1.25,0.75,0.25,-1,,,,
MNQ SEP25,10s,10,5480,2025-07-23 09:33:30,23210,23214.75,23207.25,23209,722,7.5,1,4.75,1.75,-1,-606.15,-267.85,-177.16666667,-229.86
MNQ SEP25,1s,1,812,2025-07-23 09:33:31,23209.5,23210.25,23208,23209.75,39,2.25,0.25,0.5,1.5,1,,,,
MNQ SEP25,1s,1,813,2025-07-23 09:33:32,23210,23211.5,23209,23210.25,59,2.5,0.25,1.25,1,1,,,,
MNQ SEP25,1s,1,814,2025-07-23 09:33:33,23210.25,23211.5,23209.75,23210,38,1.75,0.25,1.25,0.25,-1,,,,
MNQ SEP25,1s,1,815,2025-07-23 09:33:34,23210,23210.75,23209.25,23210.75,42,1.5,0.75,0,0.75,1,,,,
MNQ SEP25,1s,1,816,2025-07-23 09:33:35,23210.75,23213,23210,23212.75,74,3,2,0.25,0.75,1,,,,
MNQ SEP25,1s,1,817,2025-07-23 09:33:36,23211.75,23213.25,23211.25,23212.5,107,2,0.75,0.75,0.5,1,,,,
MNQ SEP25,1s,1,818,2025-07-23 09:33:37,23213.25,23214.25,23212,23213.25,77,2.25,0,1,1.25,0,,,,
MNQ SEP25,1s,1,819,2025-07-23 09:33:38,23213.25,23213.75,23209.75,23210.75,66,4,2.5,0.5,1,-1,,,,
MNQ SEP25,1s,1,820,2025-07-23 09:33:39,23210.25,23211,23209,23209.75,68,2,0.5,0.75,0.75,-1,,,,
MNQ SEP25,1s,1,821,2025-07-23 09:33:40,23210.5,23211.25,23210,23210,50,1.25,0.5,0.75,0,-1,,,,
MNQ SEP25,10s,10,5481,2025-07-23 09:33:40,23209.5,23214.25,23208,23210,620,6.25,0.5,4.25,1.5,1,-800.55,-194.4,-206.06666667,-236.07
MNQ SEP25,20s,20,5740,2025-07-23 09:33:40,23210,23214.75,23207.25,23210,1342,7.5,0,4.75,2.75,0,960.65,-542.1,-470.03333333,-298.39
MNQ SEP25,1s,1,822,2025-07-23 09:33:41,23210.75,23212.75,23210.75,23212.75,76,2,2,0,0,1,,,,
MNQ SEP25,1s,1,823,2025-07-23 09:33:42,23212.75,23214.75,23212,23213.5,122,2.75,0.75,1.25,0.75,1,,,,
MNQ SEP25,1s,1,824,2025-07-23 09:33:43,23213,23214.5,23212.75,23214.25,53,1.75,1.25,0.25,0.25,1,,,,
MNQ SEP25,1s,1,825,2025-07-23 09:33:44,23213.5,23215.25,23213.25,23213.75,83,2,0.25,1.5,0.25,1,,,,
MNQ SEP25,1s,1,826,2025-07-23 09:33:45,23214.25,23214.5,23212.5,23213,74,2,1.25,0.25,0.5,-1,,,,
MNQ SEP25,1s,1,827,2025-07-23 09:33:46,23213,23214.5,23213,23213.5,74,1.5,0.5,1,0,1,,,,
MNQ SEP25,1s,1,828,2025-07-23 09:33:47,23213.75,23214.25,23212.75,23212.75,49,1.5,1,0.5,0,-1,,,,
MNQ SEP25,1s,1,829,2025-07-23 09:33:48,23213.5,23213.5,23208,23209,160,5.5,4.5,0,1,-1,,,,
MNQ SEP25,1s,1,830,2025-07-23 09:33:49,23208.5,23209.75,23207.5,23209.5,101,2.25,1,0.25,1,1,,,,
MNQ SEP25,1s,1,831,2025-07-23 09:33:50,23209.75,23210.5,23209,23209,55,1.5,0.75,0.75,0,-1,,,,
MNQ SEP25,10s,10,5482,2025-07-23 09:33:50,23210.75,23215.25,23207.5,23209,847,7.75,1.75,4.5,1.5,-1,-786.55,14,-149.41666667,-142.38
MNQ SEP25,1s,1,832,2025-07-23 09:33:51,23209.25,23210.25,23208,23210,70,2.25,0.75,0.25,1.25,1,,,,
MNQ SEP25,1s,1,833,2025-07-23 09:33:52,23209.75,23210.75,23208.75,23209,35,2,0.75,1,0.25,-1,,,,
MNQ SEP25,1s,1,834,2025-07-23 09:33:53,23209.5,23210.25,23208.75,23209.75,35,1.5,0.25,0.5,0.75,1,,,,
MNQ SEP25,1s,1,835,2025-07-23 09:33:54,23210.5,23210.5,23207.75,23208,50,2.75,2.5,0,0.25,-1,,,,
MNQ SEP25,1s,1,836,2025-07-23 09:33:55,23208.75,23209.5,23208.25,23209,51,1.25,0.25,0.5,0.5,1,,,,
MNQ SEP25,1s,1,837,2025-07-23 09:33:56,23209.25,23211,23208.75,23210.75,111,2.25,1.5,0.25,0.5,1,,,,
MNQ SEP25,1s,1,838,2025-07-23 09:33:57,23210.5,23212.5,23208.75,23210.75,116,3.75,0.25,1.75,1.75,1,,,,
MNQ SEP25,1s,1,839,2025-07-23 09:33:58,23210.75,23211.5,23207.5,23208.75,67,4,2,0.75,1.25,-1,,,,
MNQ SEP25,1s,1,840,2025-07-23 09:33:59,23208.75,23209.5,23208.25,23208.75,26,1.25,0,0.75,0.5,0,,,,
MNQ SEP25,1s,1,841,2025-07-23 09:34:00,23208,23208.25,23205.5,23205.75,121,2.75,2.25,0.25,0.25,-1,,,,
MNQ SEP25,10s,10,5483,2025-07-23 09:34:00,23209.25,23212.5,23205.5,23205.75,682,7,3.5,3.25,0.25,-1,-885.8,-99.25,-93.21666667,-140.69
MNQ SEP25,20s,20,5741,2025-07-23 09:34:00,23210.75,23215.25,23205.5,23205.75,1529,9.75,5,4.5,0.25,-1,219,-741.65,-484.5,-415.82
MNQ SEP25,1s,1,842,2025-07-23 09:34:01,23206.25,23208.5,23204.25,23207.75,252,4.25,1.5,0.75,2,1,,,,
MNQ SEP25,1s,1,843,2025-07-23 09:34:02,23207.5,23207.75,23206,23206.5,47,1.75,1,0.25,0.5,-1,,,,
MNQ SEP25,1s,1,844,2025-07-23 09:34:03,23207,23210.5,23207,23209.75,69,3.5,2.75,0.75,0,1,,,,
MNQ SEP25,1s,1,845,2025-07-23 09:34:04,23209.75,23210.75,23209.25,23210,88,1.5,0.25,0.75,0.5,1,,,,
MNQ SEP25,1s,1,846,2025-07-23 09:34:05,23209.75,23210.5,23208.5,23209.25,78,2,0.5,0.75,0.75,-1,,,,
MNQ SEP25,1s,1,847,2025-07-23 09:34:06,23209.5,23211.25,23208.5,23210.75,81,2.75,1.25,0.5,1,1,,,,
MNQ SEP25,1s,1,848,2025-07-23 09:34:07,23211.25,23212,23209.25,23209.25,84,2.75,2,0.75,0,-1,,,,
MNQ SEP25,1s,1,849,2025-07-23 09:34:08,23210,23211.25,23208.25,23210.5,69,3,0.5,0.75,1.75,1,,,,
MNQ SEP25,1s,1,850,2025-07-23 09:34:09,23210.25,23210.5,23207,23207.5,71,3.5,2.75,0.25,0.5,-1,,,,
MNQ SEP25,1s,1,851,2025-07-23 09:34:10,23207.5,23209.25,23205.25,23208.5,121,4,1,0.75,2.25,1,,,,
MNQ SEP25,10s,10,5484,2025-07-23 09:34:10,23206.25,23212,23204.25,23208.5,960,7.75,2.25,3.5,2,1,-850.15,35.65,-16.53333333,-102.37
MNQ SEP25,1s,1,852,2025-07-23 09:34:11,23208,23208,23206,23206.25,50,2,1.75,0,0.25,-1,,,,
MNQ SEP25,1s,1,853,2025-07-23 09:34:12,23206.25,23208,23205,23207.75,98,3,1.5,0.25,1.25,1,,,,
MNQ SEP25,1s,1,854,2025-07-23 09:34:13,23208,23209.25,23201.75,23201.75,199,7.5,6.25,1.25,0,-1,,,,
MNQ SEP25,1s,1,855,2025-07-23 09:34:14,23201.5,23205.5,23200.25,23204.75,303,5.25,3.25,0.75,1.25,1,,,,
MNQ SEP25,1s,1,856,2025-07-23 09:34:15,23205.5,23208,23205.5,23206.5,112,2.5,1,1.5,0,1,,,,
MNQ SEP25,1s,1,857,2025-07-23 09:34:16,23206,23207,23205.5,23205.75,58,1.5,0.25,1,0.25,-1,,,,
MNQ SEP25,1s,1,858,2025-07-23 09:34:17,23206.5,23207.25,23205.25,23205.5,70,2,1,0.75,0.25,-1,,,,
MNQ SEP25,1s,1,859,2025-07-23 09:34:18,23205.75,23211,23205.75,23210.75,134,5.25,5,0.25,0,1,,,,
MNQ SEP25,1s,1,860,2025-07-23 09:34:19,23211,23214,23210.25,23212,148,3.75,1,2,0.75,1,,,,
MNQ SEP25,1s,1,861,2025-07-23 09:34:20,23210.75,23211.5,23210,23211,80,1.5,0.25,0.5,0.75,1,,,,
MNQ SEP25,10s,10,5485,2025-07-23 09:34:20,23208,23214,23200.25,23211,1252,13.75,3,3,7.75,1,-745.3,104.85,13.75,-27.83
MNQ SEP25,20s,20,5742,2025-07-23 09:34:20,23206.25,23214,23200.25,23211,2212,13.75,4.75,3,6,1,-247,-466,-583.25,-523.55
MNQ SEP25,1s,1,862,2025-07-23 09:34:21,23211.5,23214,23211.25,23213.25,41,2.75,1.75,0.75,0.25,1,,,,
MNQ SEP25,1s,1,863,2025-07-23 09:34:22,23213.25,23216.25,23212.75,23214,283,3.5,0.75,2.25,0.5,1,,,,
MNQ SEP25,1s,1,864,2025-07-23 09:34:23,23213.5,23213.5,23210.75,23211.5,120,2.75,2,0,0.75,-1,,,,
MNQ SEP25,1s,1,865,2025-07-23 09:34:24,23210.75,23211.5,23209.25,23211,65,2.25,0.25,0.5,1.5,1,,,,
MNQ SEP25,1s,1,866,2025-07-23 09:34:25,23209.75,23210.75,23209.75,23210.75,18,1,1,0,0,1,,,,
MNQ SEP25,1s,1,867,2025-07-23 09:34:26,23211,23211.75,23208.75,23209.5,49,3,1.5,0.75,0.75,-1,,,,
MNQ SEP25,1s,1,868,2025-07-23 09:34:27,23209.75,23210.5,23208.75,23210.25,49,1.75,0.5,0.25,1,1,,,,
MNQ SEP25,1s,1,869,2025-07-23 09:34:28,23210.75,23212.5,23209.75,23212,41,2.75,1.25,0.5,1,1,,,,
MNQ SEP25,1s,1,870,2025-07-23 09:34:29,23210.5,23212.75,23210.5,23211.5,47,2.25,1,1.25,0,1,,,,
MNQ SEP25,1s,1,871,2025-07-23 09:34:30,23211,23213.25,23210,23213,65,3.25,2,0.25,1,1,,,,
MNQ SEP25,10s,10,5486,2025-07-23 09:34:30,23211.5,23216.25,23208.75,23213,778,7.5,1.5,3.25,2.75,1,-580.7,164.6,101.7,43.97
MNQ SEP25,1s,1,872,2025-07-23 09:34:31,23213,23215.25,23213,23215.25,96,2.25,2.25,0,0,1,,,,
MNQ SEP25,1s,1,873,2025-07-23 09:34:32,23215.25,23215.5,23212.5,23213.5,108,3,1.75,0.25,1,-1,,,,
MNQ SEP25,1s,1,874,2025-07-23 09:34:33,23212.5,23214.25,23212.5,23213.5,68,1.75,1,0.75,0,1,,,,
MNQ SEP25,1s,1,875,2025-07-23 09:34:34,23213.75,23215.5,23213.25,23215.5,95,2.25,1.75,0,0.5,1,,,,
MNQ SEP25,1s,1,876,2025-07-23 09:34:35,23215.25,23216.25,23215.25,23215.5,48,1,0.25,0.75,0,1,,,,
MNQ SEP25,1s,1,877,2025-07-23 09:34:36,23215.25,23216.25,23214,23214.5,101,2.25,0.75,1,0.5,-1,,,,
MNQ SEP25,1s,1,878,2025-07-23 09:34:37,23214.5,23215.25,23213.5,23214,56,1.75,0.5,0.75,0.5,-1,,,,
MNQ SEP25,1s,1,879,2025-07-23 09:34:38,23213.5,23217.5,23212.75,23216,169,4.75,2.5,1.5,0.75,1,,,,
MNQ SEP25,1s,1,880,2025-07-23 09:34:39,23215.75,23217.5,23214.75,23215,106,2.75,0.75,1.75,0.25,-1,,,,
MNQ SEP25,1s,1,881,2025-07-23 09:34:40,23215,23215.25,23211.25,23212,117,4,3,0.25,0.75,-1,,,,
MNQ SEP25,10s,10,5487,2025-07-23 09:34:40,23213,23217.5,23211.25,23212,964,6.25,1,4.5,0.75,-1,-484.4,96.3,121.91666667,60.43
MNQ SEP25,20s,20,5743,2025-07-23 09:34:40,23211.5,23217.5,23208.75,23212,1742,8.75,0.5,5.5,2.75,1,-547.85,-300.85,-502.83333333,-444.07
MNQ SEP25,1s,1,882,2025-07-23 09:34:41,23212.5,23213.25,23210,23212.25,105,3.25,0.25,0.75,2.25,-1,,,,
MNQ SEP25,1s,1,883,2025-07-23 09:34:42,23212,23214,23212,23213.25,33,2,1.25,0.75,0,1,,,,
MNQ SEP25,1s,1,884,2025-07-23 09:34:43,23212.5,23213.5,23210.25,23210.25,51,3.25,2.25,1,0,-1,,,,
MNQ SEP25,1s,1,885,2025-07-23 09:34:44,23210,23210.75,23208.5,23210.25,117,2.25,0.25,0.5,1.5,1,,,,
MNQ SEP25,1s,1,886,2025-07-23 09:34:45,23210,23212,23210,23211,72,2,1,1,0,1,,,,
MNQ SEP25,1s,1,887,2025-07-23 09:34:46,23210.5,23212,23209.75,23211.75,40,2.25,1.25,0.25,0.75,1,,,,
MNQ SEP25,1s,1,888,2025-07-23 09:34:47,23212,23214.25,23211,23213,88,3.25,1,1.25,1,1,,,,
MNQ SEP25,1s,1,889,2025-07-23 09:34:48,23213,23214.5,23212.5,23214.5,45,2,1.5,0,0.5,1,,,,
MNQ SEP25,1s,1,890,2025-07-23 09:34:49,23214.25,23215.75,23213.5,23215.75,62,2.25,1.5,0,0.75,1,,,,
MNQ SEP25,1s,1,891,2025-07-23 09:34:50,23215.75,23217.75,23215.75,23217.25,112,2,1.5,0.5,0,1,,,,
MNQ SEP25,10s,10,5488,2025-07-23 09:34:50,23212.5,23217.75,23208.5,23217.25,725,9.25,4.75,0.5,4,1,-418.55,65.85,108.91666667,93.45
MNQ SEP25,1s,1,892,2025-07-23 09:34:51,23217,23217.25,23215.75,23215.75,57,1.5,1.25,0.25,0,-1,,,,
MNQ SEP25,1s,1,893,2025-07-23 09:34:52,23216.5,23217.25,23216,23216.75,36,1.25,0.25,0.5,0.5,1,,,,
MNQ SEP25,1s,1,894,2025-07-23 09:34:53,23216.5,23217.5,23216,23216.75,53,1.5,0.25,0.75,0.5,1,,,,
MNQ SEP25,1s,1,895,2025-07-23 09:34:54,23217.25,23217.5,23215.75,23217,68,1.75,0.25,0.25,1.25,-1,,,,
MNQ SEP25,1s,1,896,2025-07-23 09:34:55,23217,23219.75,23217,23217.75,216,2.75,0.75,2,0,1,,,,
MNQ SEP25,1s,1,897,2025-07-23 09:34:56,23218,23218.75,23217,23217.75,90,1.75,0.25,0.75,0.75,-1,,,,
MNQ SEP25,1s,1,898,2025-07-23 09:34:57,23217.75,23218.5,23216.25,23217.5,108,2.25,0.25,0.75,1.25,-1,,,,
MNQ SEP25,1s,1,899,2025-07-23 09:34:58,23217.25,23220.25,23217,23220.25,160,3.25,3,0,0.25,1,,,,
MNQ SEP25,1s,1,900,2025-07-23 09:34:59,23219.75,23220.5,23219,23220.25,58,1.5,0.5,0.25,0.75,1,,,,
MNQ SEP25,1s,1,901,2025-07-23 09:35:00,23220,23220.75,23219.5,23220,111,1.25,0,0.75,0.5,0,,,,
MNQ SEP25,10s,10,5489,2025-07-23 09:35:00,23217,23220.75,23215.75,23220,957,5,3,0.75,1.25,1,-417.5,1.05,54.4,86.53
MNQ SEP25,20s,20,5744,2025-07-23 09:35:00,23212.5,23220.75,23208.5,23220,1682,12.25,7.5,0.75,4,1,-791.2,-243.35,-336.73333333,-458.79
MNQ SEP25,1s,1,902,2025-07-23 09:35:01,23219.5,23222.25,23218,23221,369,4.25,1.5,1.25,1.5,1,,,,
MNQ SEP25,1s,1,903,2025-07-23 09:35:02,23221.25,23223.75,23221.25,23222.75,254,2.5,1.5,1,0,1,,,,
MNQ SEP25,1s,1,904,2025-07-23 09:35:03,23222.75,23224,23221.25,23223.5,164,2.75,0.75,0.5,1.5,1,,,,
MNQ SEP25,1s,1,905,2025-07-23 09:35:04,23224,23225.25,23223,23225,199,2.25,1,0.25,1,1,,,,
MNQ SEP25,1s,1,906,2025-07-23 09:35:05,23225,23226.75,23224.5,23225.5,284,2.25,0.5,1.25,0.5,1,,,,
MNQ SEP25,1s,1,907,2025-07-23 09:35:06,23225.5,23226.75,23224.75,23225.75,277,2,0.25,1,0.75,1,,,,
MNQ SEP25,1s,1,908,2025-07-23 09:35:07,23225.5,23226.75,23224.25,23226.25,175,2.5,0.75,0.5,1.25,1,,,,
MNQ SEP25,1s,1,909,2025-07-23 09:35:08,23226,23228,23224.5,23227,182,3.5,1,1,1.5,1,,,,
MNQ SEP25,1s,1,910,2025-07-23 09:35:09,23227.5,23228,23226.25,23227.75,138,1.75,0.25,0.25,1.25,1,,,,
MNQ SEP25,1s,1,911,2025-07-23 09:35:10,23227.5,23229.25,23227.25,23228.5,177,2,1,0.75,0.25,1,,,,
MNQ SEP25,10s,10,5490,2025-07-23 09:35:10,23219.5,23229.25,23218,23228.5,2219,11.25,9,0.75,1.5,1,-260.95,156.55,74.48333333,96.87
MNQ SEP25,1s,1,912,2025-07-23 09:35:11,23227.75,23229.75,23227.75,23229,177,2,1.25,0.75,0,1,,,,
MNQ SEP25,1s,1,913,2025-07-23 09:35:12,23228.75,23232.75,23228.75,23232,371,4,3.25,0.75,0,1,,,,
MNQ SEP25,1s,1,914,2025-07-23 09:35:13,23232,23232.75,23231,23231,176,1.75,1,0.75,0,-1,,,,
MNQ SEP25,1s,1,915,2025-07-23 09:35:14,23231.5,23234.5,23231.25,23234.5,249,3.25,3,0,0.25,1,,,,
MNQ SEP25,1s,1,916,2025-07-23 09:35:15,23234.5,23237.5,23234.25,23236.5,370,3.25,2,1,0.25,1,,,,
MNQ SEP25,1s,1,917,2025-07-23 09:35:16,23236.75,23236.75,23233,23234.5,205,3.75,2.25,0,1.5,-1,,,,
MNQ SEP25,1s,1,918,2025-07-23 09:35:17,23234.75,23235,23232.75,23233.25,183,2.25,1.5,0.25,0.5,-1,,,,
MNQ SEP25,1s,1,919,2025-07-23 09:35:18,23233.25,23234,23232,23233.5,180,2,0.25,0.5,1.25,1,,,,
MNQ SEP25,1s,1,920,2025-07-23 09:35:19,23234.25,23234.25,23233,23234.25,130,1.25,0,0,1.25,0,,,,
MNQ SEP25,1s,1,921,2025-07-23 09:35:20,23234.25,23234.25,23230,23230.75,252,4.25,3.5,0,0.75,-1,,,,
MNQ SEP25,10s,10,5491,2025-07-23 09:35:20,23227.75,23237.5,23227.75,23230.75,2293,9.75,3,6.75,0,1,43.8,304.75,154.11666667,124.9
MNQ SEP25,20s,20,5745,2025-07-23 09:35:20,23219.5,23237.5,23218,23230.75,4512,19.5,11.25,6.75,1.5,1,-370.45,420.75,-41.15,-266.22
MNQ SEP25,1s,1,922,2025-07-23 09:35:21,23230.75,23232,23229.75,23231.5,241,2.25,0.75,0.5,1,1,,,,
MNQ SEP25,1s,1,923,2025-07-23 09:35:22,23231.25,23233,23230.5,23230.5,132,2.5,0.75,1.75,0,-1,,,,
MNQ SEP25,1s,1,924,2025-07-23 09:35:23,23230,23232,23229.5,23230.25,114,2.5,0.25,1.75,0.5,1,,,,
MNQ SEP25,1s,1,925,2025-07-23 09:35:24,23230,23231.25,23228.5,23228.5,107,2.75,1.5,1.25,0,-1,,,,
MNQ SEP25,1s,1,926,2025-07-23 09:35:25,23229.25,23229.75,23227,23227,109,2.75,2.25,0.5,0,-1,,,,
MNQ SEP25,1s,1,927,2025-07-23 09:35:26,23227.25,23227.75,23224.5,23227.25,363,3.25,0,0.5,2.75,0,,,,
MNQ SEP25,1s,1,928,2025-07-23 09:35:27,23227.25,23228,23225,23225,143,3,2.25,0.75,0,-1,,,,
MNQ SEP25,1s,1,929,2025-07-23 09:35:28,23224.5,23225.75,23222,23222.5,237,3.75,2,1.25,0.5,-1,,,,
MNQ SEP25,1s,1,930,2025-07-23 09:35:29,23222.5,23224.5,23222,23223,164,2.5,0.5,1.5,0.5,1,,,,
MNQ SEP25,1s,1,931,2025-07-23 09:35:30,23222.5,23223.5,23219.75,23220,171,3.75,2.5,1,0.25,-1,,,,
MNQ SEP25,10s,10,5492,2025-07-23 09:35:30,23230.75,23233,23219.75,23220,1781,13.25,10.75,2.25,0.25,-1,274.4,230.6,230.63333333,151.76
MNQ SEP25,1s,1,932,2025-07-23 09:35:31,23220.75,23222.75,23218.75,23222.5,206,4,1.75,0.25,2,1,,,,
MNQ SEP25,1s,1,933,2025-07-23 09:35:32,23223.25,23227,23222.5,23226,143,4.5,2.75,1,0.75,1,,,,
MNQ SEP25,1s,1,934,2025-07-23 09:35:33,23225.75,23227.75,23222,23222.75,107,5.75,3,2,0.75,-1,,,,
MNQ SEP25,1s,1,935,2025-07-23 09:35:34,23223.25,23224,23222.5,23223.75,78,1.5,0.5,0.25,0.75,1,,,,
MNQ SEP25,1s,1,936,2025-07-23 09:35:35,23224,23224.25,23222.5,23222.5,74,1.75,1.5,0.25,0,-1,,,,
MNQ SEP25,1s,1,937,2025-07-23 09:35:36,23222.5,23223.5,23220.75,23221.75,65,2.75,0.75,1,1,-1,,,,
MNQ SEP25,1s,1,938,2025-07-23 09:35:37,23222,23222.25,23219.5,23220.25,91,2.75,1.75,0.25,0.75,-1,,,,
MNQ SEP25,1s,1,939,2025-07-23 09:35:38,23220.5,23220.5,23218.25,23219.5,111,2.25,1,0,1.25,-1,,,,
MNQ SEP25,1s,1,940,2025-07-23 09:35:39,23220.25,23221.25,23219.5,23220.5,80,1.75,0.25,0.75,0.75,1,,,,
MNQ SEP25,1s,1,941,2025-07-23 09:35:40,23220.5,23221.25,23219.25,23219.5,68,2,1,0.75,0.25,-1,,,,
MNQ SEP25,10s,10,5493,2025-07-23 09:35:40,23220.75,23227.75,23218.25,23219.5,1023,9.5,1.25,7,1.25,-1,375.5,101.1,212.15,158.81
MNQ SEP25,20s,20,5746,2025-07-23 09:35:40,23230.75,23233,23218.25,23219.5,2804,14.75,11.25,2.25,1.25,-1,-239.4,131.05,102.81666667,-91.68
MNQ SEP25,1s,1,942,2025-07-23 09:35:41,23219.5,23219.5,23215.75,23218.25,210,3.75,1.25,0,2.5,-1,,,,
MNQ SEP25,1s,1,943,2025-07-23 09:35:42,23218,23218.25,23216,23216.75,143,2.25,1.25,0.25,0.75,-1,,,,
MNQ SEP25,1s,1,944,2025-07-23 09:35:43,23217,23218.25,23216.5,23216.75,134,1.75,0.25,1.25,0.25,-1,,,,
MNQ SEP25,1s,1,945,2025-07-23 09:35:44,23216.75,23219.75,23216.75,23219,92,3,2.25,0.75,0,1,,,,
MNQ SEP25,1s,1,946,2025-07-23 09:35:45,23219,23219.25,23217.25,23217.25,84,2,1.75,0.25,0,-1,,,,
MNQ SEP25,1s,1,947,2025-07-23 09:35:46,23217.25,23218.25,23216.5,23217.25,65,1.75,0,1,0.75,0,,,,
MNQ SEP25,1s,1,948,2025-07-23 09:35:47,23217.25,23221,23217,23220.25,125,4,3,0.75,0.25,1,,,,
MNQ SEP25,1s,1,949,2025-07-23 09:35:48,23220.75,23222.5,23219,23222.25,70,3.5,1.5,0.25,1.75,1,,,,
MNQ SEP25,1s,1,950,2025-07-23 09:35:49,23222.25,23226.5,23222,23226.5,103,4.5,4.25,0,0.25,1,,,,
MNQ SEP25,1s,1,951,2025-07-23 09:35:50,23226.5,23226.75,23224.75,23224.75,143,2,1.75,0.25,0,-1,,,,
MNQ SEP25,10s,10,5494,2025-07-23 09:35:50,23219.5,23226.75,23215.75,23224.75,1169,11,5.25,2,3.75,1,436.4,60.9,130.86666667,170.78
MNQ SEP25,1s,1,952,2025-07-23 09:35:51,23224.25,23228.5,23223.75,23228,121,4.75,3.75,0.5,0.5,1,,,,
MNQ SEP25,1s,1,953,2025-07-23 09:35:52,23227.75,23228.5,23226.5,23227.75,74,2,0,0.75,1.25,0,,,,
MNQ SEP25,1s,1,954,2025-07-23 09:35:53,23227,23227.25,23224.75,23225.75,91,2.5,1.25,0.25,1,-1,,,,
MNQ SEP25,1s,1,955,2025-07-23 09:35:54,23226,23226.25,23224,23224,58,2.25,2,0.25,0,-1,,,,
MNQ SEP25,1s,1,956,2025-07-23 09:35:55,23223.75,23224.25,23221.75,23222.5,69,2.5,1.25,0.5,0.75,-1,,,,
MNQ SEP25,1s,1,957,2025-07-23 09:35:56,23223,23225.25,23222.5,23223.25,67,2.75,0.25,2,0.5,1,,,,
MNQ SEP25,1s,1,958,2025-07-23 09:35:57,23223,23225,23222.5,23224.25,51,2.5,1.25,0.75,0.5,1,,,,
MNQ SEP25,1s,1,959,2025-07-23 09:35:58,23224.25,23225,23223.75,23224.5,30,1.25,0.25,0.5,0.5,1,,,,
MNQ SEP25,1s,1,960,2025-07-23 09:35:59,23223.75,23225,23223.75,23225,34,1.25,1.25,0,0,1,,,,
MNQ SEP25,1s,1,961,2025-07-23 09:36:00,23225,23226,23224.25,23226,59,1.75,1,0,0.75,1,,,,
MNQ SEP25,10s,10,5495,2025-07-23 09:36:00,23224.25,23228.5,23221.75,23226,654,6.75,1.75,2.5,2.5,1,218.55,-217.85,-18.61666667,95.9
MNQ SEP25,20s,20,5747,2025-07-23 09:36:00,23219.5,23228.5,23215.75,23226,1823,12.75,6.5,2.5,3.75,1,-390.1,-150.7,133.7,-28.62
MNQ SEP25,1s,1,962,2025-07-23 09:36:01,23226,23227,23222.75,23223.5,273,4.25,2.5,1,0.75,-1,,,,
MNQ SEP25,1s,1,963,2025-07-23 09:36:02,23223.5,23226.5,23222.5,23226.5,115,4,3,0,1,1,,,,
MNQ SEP25,1s,1,964,2025-07-23 09:36:03,23226,23226.75,23223.5,23226.75,60,3.25,0.75,0,2.5,1,,,,
MNQ SEP25,1s,1,965,2025-07-23 09:36:04,23226.5,23227,23225,23226.25,63,2,0.25,0.5,1.25,-1,,,,
MNQ SEP25,1s,1,966,2025-07-23 09:36:05,23226,23227,23223.5,23225,71,3.5,1,1,1.5,-1,,,,
MNQ SEP25,1s,1,967,2025-07-23 09:36:06,23225.25,23227,23225.25,23226.25,94,1.75,1,0.75,0,1,,,,
MNQ SEP25,1s,1,968,2025-07-23 09:36:07,23226.5,23227,23224.5,23225.75,68,2.5,0.75,0.5,1.25,-1,,,,
MNQ SEP25,1s,1,969,2025-07-23 09:36:08,23226,23228,23226,23228,72,2,2,0,0,1,,,,
MNQ SEP25,1s,1,970,2025-07-23 09:36:09,23227.75,23228.25,23224,23225.75,88,4.25,2,0.5,1.75,-1,,,,
MNQ SEP25,1s,1,971,2025-07-23 09:36:10,23226,23226.25,23224.25,23226.25,52,2,0.25,0,1.75,1,,,,
MNQ SEP25,10s,10,5496,2025-07-23 09:36:10,23226,23228.25,23222.5,23226.25,956,5.75,0.25,2,3.5,1,2.6,-215.95,-124.3,-8.24
MNQ SEP25,1s,1,972,2025-07-23 09:36:11,23225.5,23226.25,23224.25,23224.75,56,2,0.75,0.75,0.5,-1,,,,
MNQ SEP25,1s,1,973,2025-07-23 09:36:12,23224.5,23224.75,23221.75,23222.25,90,3,2.25,0.25,0.5,-1,,,,
MNQ SEP25,1s,1,974,2025-07-23 09:36:13,23222,23222.5,23220.75,23222.5,85,1.75,0.5,0,1.25,1,,,,
MNQ SEP25,1s,1,975,2025-07-23 09:36:14,23222,23223.5,23221.75,23223.5,58,1.75,1.5,0,0.25,1,,,,
MNQ SEP25,1s,1,976,2025-07-23 09:36:15,23223,23224.75,23222.5,23224,78,2.25,1,0.75,0.5,1,,,,
MNQ SEP25,1s,1,977,2025-07-23 09:36:16,23224.75,23226,23224.5,23225.75,34,1.5,1,0.25,0.25,1,,,,
MNQ SEP25,1s,1,978,2025-07-23 09:36:17,23226.5,23226.5,23224.5,23224.5,78,2,2,0,0,-1,,,,
MNQ SEP25,1s,1,979,2025-07-23 09:36:18,23224.5,23225,23221,23222,70,4,2.5,0.5,1,-1,,,,
MNQ SEP25,1s,1,980,2025-07-23 09:36:19,23221.5,23221.75,23219,23220.25,142,2.75,1.25,0.25,1.25,-1,,,,
MNQ SEP25,1s,1,981,2025-07-23 09:36:20,23220.5,23221.5,23218,23218,135,3.5,2.5,1,0,-1,,,,
MNQ SEP25,10s,10,5497,2025-07-23 09:36:20,23225.5,23226.5,23218,23218,826,8.5,7.5,1,0,-1,-177.15,-179.75,-204.51666667,-90.31
MNQ SEP25,20s,20,5748,2025-07-23 09:36:20,23226,23228.25,23218,23218,1782,10.25,8,2.25,0,-1,-453.8,-63.7,-27.78333333,18.81
MNQ SEP25,1s,1,982,2025-07-23 09:36:21,23218.5,23218.5,23215.75,23216.75,272,2.75,1.75,0,1,-1,,,,
MNQ SEP25,1s,1,983,2025-07-23 09:36:22,23216.25,23218,23214.75,23215.25,233,3.25,1,1.75,0.5,-1,,,,
MNQ SEP25,1s,1,984,2025-07-23 09:36:23,23215,23218,23212.25,23217.75,275,5.75,2.75,0.25,2.75,1,,,,
MNQ SEP25,1s,1,985,2025-07-23 09:36:24,23217.75,23219.75,23217.25,23218.75,102,2.5,1,1,0.5,1,,,,
MNQ SEP25,1s,1,986,2025-07-23 09:36:25,23218.5,23221,23218.5,23218.75,61,2.5,0.25,2.25,0,1,,,,
MNQ SEP25,1s,1,987,2025-07-23 09:36:26,23218.25,23222.75,23218,23221.75,100,4.75,3.5,1,0.25,1,,,,
MNQ SEP25,1s,1,988,2025-07-23 09:36:27,23221.75,23224,23221,23222.75,104,3,1,1.25,0.75,1,,,,
MNQ SEP25,1s,1,989,2025-07-23 09:36:28,23223.25,23223.75,23221.25,23223.75,69,2.5,0.5,0,2,1,,,,
MNQ SEP25,1s,1,990,2025-07-23 09:36:29,23223.5,23225.5,23223.25,23225,81,2.25,1.5,0.5,0.25,1,,,,
MNQ SEP25,1s,1,991,2025-07-23 09:36:30,23224.5,23224.75,23222,23224.25,76,2.75,0.25,0.25,2.25,-1,,,,
MNQ SEP25,10s,10,5498,2025-07-23 09:36:30,23218.5,23225.5,23212.25,23224.25,1373,13.25,5.75,1.25,6.25,1,-90.9,86.25,-103.15,-93.28
MNQ SEP25,1s,1,992,2025-07-23 09:36:31,23223.75,23225.25,23222.75,23223.5,47,2.5,0.25,1.5,0.75,-1,,,,
MNQ SEP25,1s,1,993,2025-07-23 09:36:32,23223.5,23224,23221,23221.5,69,3,2,0.5,0.5,-1,,,,
MNQ SEP25,1s,1,994,2025-07-23 09:36:33,23220.75,23220.75,23217.25,23218.75,78,3.5,2,0,1.5,-1,,,,
MNQ SEP25,1s,1,995,2025-07-23 09:36:34,23219,23222,23218.75,23220,86,3.25,1,2,0.25,1,,,,
MNQ SEP25,1s,1,996,2025-07-23 09:36:35,23220,23220.25,23217.25,23219.25,136,3,0.75,0.25,2,-1,,,,
MNQ SEP25,1s,1,997,2025-07-23 09:36:36,23219.25,23219.5,23216.75,23216.75,41,2.75,2.5,0.25,0,-1,,,,
MNQ SEP25,1s,1,998,2025-07-23 09:36:37,23216.75,23218,23216.25,23217.25,74,1.75,0.5,0.75,0.5,1,,,,
MNQ SEP25,1s,1,999,2025-07-23 09:36:38,23217.75,23220.5,23217.75,23219.75,80,2.75,2,0.75,0,1,,,,
MNQ SEP25,1s,1,1000,2025-07-23 09:36:39,23220,23220.75,23218,23219.5,52,2.75,0.5,0.75,1.5,-1,,,,
MNQ SEP25,1s,1,1001,2025-07-23 09:36:40,23219.25,23219.25,23218.25,23219,29,1,0.25,0,0.75,-1,,,,
MNQ SEP25,10s,10,5499,2025-07-23 09:36:40,23223.75,23225.25,23216.25,23219,692,9,4.75,1.5,2.75,-1,-174.45,-83.55,-59.01666667,-122.17
MNQ SEP25,20s,20,5749,2025-07-23 09:36:40,23218.5,23225.5,23212.25,23219,2065,13.25,0.5,6.5,6.25,1,-459.75,-5.95,-73.45,66.29
MNQ SEP25,1s,1,1002,2025-07-23 09:36:41,23219.5,23223.25,23219,23222.5,80,4.25,3,0.75,0.5,1,,,,
MNQ SEP25,1s,1,1003,2025-07-23 09:36:42,23222.5,23225.75,23221.75,23225.25,110,4,2.75,0.5,0.75,1,,,,
MNQ SEP25,1s,1,1004,2025-07-23 09:36:43,23225,23225.5,23221.5,23221.5,64,4,3.5,0.5,0,-1,,,,
MNQ SEP25,1s,1,1005,2025-07-23 09:36:44,23221.75,23223.5,23221.75,23223.5,65,1.75,1.75,0,0,1,,,,
MNQ SEP25,1s,1,1006,2025-07-23 09:36:45,23223.75,23224,23221.25,23222.5,37,2.75,1.25,0.25,1.25,-1,,,,
MNQ SEP25,1s,1,1007,2025-07-23 09:36:46,23222.25,23222.5,23221.25,23222,22,1.25,0.25,0.25,0.75,-1,,,,
MNQ SEP25,1s,1,1008,2025-07-23 09:36:47,23222.25,23222.75,23219.5,23219.75,63,3.25,2.5,0.5,0.25,-1,,,,
MNQ SEP25,1s,1,1009,2025-07-23 09:36:48,23219.25,23219.25,23216.75,23218,68,2.5,1.25,0,1.25,-1,,,,
MNQ SEP25,1s,1,1010,2025-07-23 09:36:49,23218,23218.75,23217,23218.75,42,1.75,0.75,0,1,1,,,,
MNQ SEP25,1s,1,1011,2025-07-23 09:36:50,23219,23219,23217.75,23218.25,54,1.25,0.75,0,0.5,-1,,,,
MNQ SEP25,10s,10,5500,2025-07-23 09:36:50,23219.5,23225.75,23216.75,23218.25,605,9,1.25,6.25,1.5,-1,-178.4,-3.95,-0.41666667,-79.39
MNQ SEP25,1s,1,1012,2025-07-23 09:36:51,23218.5,23218.5,23215.5,23215.5,92,3,3,0,0,-1,,,,
MNQ SEP25,1s,1,1013,2025-07-23 09:36:52,23215.5,23217.75,23215,23217,96,2.75,1.5,0.75,0.5,1,,,,
MNQ SEP25,1s,1,1014,2025-07-23 09:36:53,23217,23219.25,23217,23218.25,50,2.25,1.25,1,0,1,,,,
MNQ SEP25,1s,1,1015,2025-07-23 09:36:54,23218.5,23220,23218,23219,42,2,0.5,1,0.5,1,,,,
MNQ SEP25,1s,1,1016,2025-07-23 09:36:55,23218.75,23221.25,23218.75,23221.25,45,2.5,2.5,0,0,1,,,,
MNQ SEP25,1s,1,1017,2025-07-23 09:36:56,23221.5,23221.5,23220,23220.75,35,1.5,0.75,0,0.75,-1,,,,
MNQ SEP25,1s,1,1018,2025-07-23 09:36:57,23221.25,23223,23221.25,23222.5,42,1.75,1.25,0.5,0,1,,,,
MNQ SEP25,1s,1,1019,2025-07-23 09:36:58,23222.75,23226.25,23222.75,23225.25,103,3.5,2.5,1,0,1,,,,
MNQ SEP25,1s,1,1020,2025-07-23 09:36:59,23225.5,23226.5,23225,23226,65,1.5,0.5,0.5,0.5,1,,,,
MNQ SEP25,1s,1,1021,2025-07-23 09:37:00,23225,23226.5,23224.75,23224.75,55,1.75,0.25,1.5,0,-1,,,,
MNQ SEP25,10s,10,5501,2025-07-23 09:37:00,23218.5,23226.5,23215,23224.75,625,11.5,6.25,1.75,3.5,1,-244.85,-66.45,-51.31666667,-49.49
MNQ SEP25,20s,20,5750,2025-07-23 09:37:00,23219.5,23226.5,23215,23224.75,1230,11.5,5.25,1.75,4.5,1,-932.8,-473.05,-180.9,-112.47
MNQ SEP25,1s,1,1022,2025-07-23 09:37:01,23224.5,23226,23224.25,23224.5,65,1.75,0,1.5,0.25,0,,,,
MNQ SEP25,1s,1,1023,2025-07-23 09:37:02,23224.5,23225,23223,23223.75,59,2,0.75,0.5,0.75,-1,,,,
MNQ SEP25,1s,1,1024,2025-07-23 09:37:03,23224.5,23224.5,23222,23223,61,2.5,1.5,0,1,-1,,,,
MNQ SEP25,1s,1,1025,2025-07-23 09:37:04,23222.5,23223,23222,23222.75,29,1,0.25,0.25,0.5,1,,,,
MNQ SEP25,1s,1,1026,2025-07-23 09:37:05,23223.25,23224.25,23222.25,23222.75,39,2,0.5,1,0.5,-1,,,,
MNQ SEP25,1s,1,1027,2025-07-23 09:37:06,23222,23222.75,23221,23222.25,58,1.75,0.25,0.5,1,1,,,,
MNQ SEP25,1s,1,1028,2025-07-23 09:37:07,23222.25,23224.5,23221,23224,57,3.5,1.75,0.5,1.25,1,,,,
MNQ SEP25,1s,1,1029,2025-07-23 09:37:08,23223.5,23224,23222.75,23223.5,49,1.25,0,0.5,0.75,0,,,,
MNQ SEP25,1s,1,1030,2025-07-23 09:37:09,23223.25,23225,23223.25,23224.5,27,1.75,1.25,0.5,0,1,,,,
MNQ SEP25,1s,1,1031,2025-07-23 09:37:10,23224.5,23224.5,23223,23224.5,29,1.5,0,0,1.5,0,,,,
MNQ SEP25,10s,10,5502,2025-07-23 09:37:10,23224.5,23226,23221,23224.5,473,5,0,1.5,3.5,0,-296.75,-51.9,-40.76666667,-23.92
MNQ SEP25,1s,1,1032,2025-07-23 09:37:11,23224,23228.25,23224,23225.5,156,4.25,1.5,2.75,0,1,,,,
MNQ SEP25,1s,1,1033,2025-07-23 09:37:12,23225.75,23227.25,23224.5,23226.5,69,2.75,0.75,0.75,1.25,1,,,,
MNQ SEP25,1s,1,1034,2025-07-23 09:37:13,23226,23226,23224.25,23226,54,1.75,0,0,1.75,0,,,,
MNQ SEP25,1s,1,1035,2025-07-23 09:37:14,23227,23227.25,23225.75,23227.25,37,1.5,0.25,0,1.25,1,,,,
MNQ SEP25,1s,1,1036,2025-07-23 09:37:15,23227.25,23227.5,23222.75,23223.25,68,4.75,4,0.25,0.5,-1,,,,
MNQ SEP25,1s,1,1037,2025-07-23 09:37:16,23223.25,23225.25,23223.25,23225.25,55,2,2,0,0,1,,,,
MNQ SEP25,1s,1,1038,2025-07-23 09:37:17,23225,23225,23222.5,23222.5,57,2.5,2.5,0,0,-1,,,,
MNQ SEP25,1s,1,1039,2025-07-23 09:37:18,23223,23223.25,23219.75,23220.75,98,3.5,2.25,0.25,1,-1,,,,
MNQ SEP25,1s,1,1040,2025-07-23 09:37:19,23220.25,23221.25,23218.75,23221,74,2.5,0.75,0.25,1.5,1,,,,
MNQ SEP25,1s,1,1041,2025-07-23 09:37:20,23221.5,23222,23220.5,23221.5,37,1.5,0,0.5,1,0,,,,
MNQ SEP25,10s,10,5503,2025-07-23 09:37:20,23224,23228.25,23218.75,23221.5,705,9.5,2.5,4.25,2.75,-1,-431.5,-134.75,-84.36666667,-68.12
MNQ SEP25,20s,20,5751,2025-07-23 09:37:20,23224.5,23228.25,23218.75,23221.5,1178,9.5,3,3.75,2.75,-1,-1081.7,-148.9,-209.3,-168.46
MNQ SEP25,1s,1,1042,2025-07-23 09:37:21,23221.5,23222.75,23220.5,23221.75,62,2.25,0.25,1,1,1,,,,
MNQ SEP25,1s,1,1043,2025-07-23 09:37:22,23221.75,23222.5,23221,23222.25,37,1.5,0.5,0.25,0.75,1,,,,
MNQ SEP25,1s,1,1044,2025-07-23 09:37:23,23223,23223.5,23221.25,23221.25,30,2.25,1.75,0.5,0,-1,,,,
MNQ SEP25,1s,1,1045,2025-07-23 09:37:24,23221,23221,23220,23220,20,1,1,0,0,-1,,,,
MNQ SEP25,1s,1,1046,2025-07-23 09:37:25,23219.75,23221.5,23219,23220.5,55,2.5,0.75,1,0.75,1,,,,
MNQ SEP25,1s,1,1047,2025-07-23 09:37:26,23219.75,23222,23219,23221.75,54,3,2,0.25,0.75,1,,,,
MNQ SEP25,1s,1,1048,2025-07-23 09:37:27,23222,23224.5,23221.25,23224,37,3.25,2,0.5,0.75,1,,,,
MNQ SEP25,1s,1,1049,2025-07-23 09:37:28,23224.25,23225.5,23223.25,23223.25,55,2.25,1,1.25,0,-1,,,,
MNQ SEP25,1s,1,1050,2025-07-23 09:37:29,23224,23224.25,23222.25,23224,15,2,0,0.25,1.75,0,,,,
MNQ SEP25,1s,1,1051,2025-07-23 09:37:30,23224.75,23225.25,23224.25,23225,27,1,0.25,0.25,0.5,1,,,,
MNQ SEP25,10s,10,5504,2025-07-23 09:37:30,23221.5,23225.5,23219,23225,392,6.5,3.5,0.5,2.5,1,-463.1,-31.6,-72.75,-57.73
MNQ SEP25,1s,1,1052,2025-07-23 09:37:31,23225,23225,23223.25,23224.75,30,1.75,0.25,0,1.5,-1,,,,
MNQ SEP25,1s,1,1053,2025-07-23 09:37:32,23224.25,23225.25,23223.5,23224.25,48,1.75,0,1,0.75,0,,,,
MNQ SEP25,1s,1,1054,2025-07-23 09:37:33,23223.75,23226,23223.75,23225.5,25,2.25,1.75,0.5,0,1,,,,
MNQ SEP25,1s,1,1055,2025-07-23 09:37:34,23225.5,23225.5,23224.25,23224.75,35,1.25,0.75,0,0.5,-1,,,,
MNQ SEP25,1s,1,1056,2025-07-23 09:37:35,23224.75,23225.25,23223.25,23223.25,21,2,1.5,0.5,0,-1,,,,
MNQ SEP25,1s,1,1057,2025-07-23 09:37:36,23223.75,23224.75,23223.25,23224.5,30,1.5,0.75,0.25,0.5,1,,,,
MNQ SEP25,1s,1,1058,2025-07-23 09:37:37,23224,23224,23222.25,23222.75,46,1.75,1.25,0,0.5,-1,,,,
MNQ SEP25,1s,1,1059,2025-07-23 09:37:38,23222.75,23223.5,23222.25,23222.25,22,1.25,0.5,0.75,0,-1,,,,
MNQ SEP25,1s,1,1060,2025-07-23 09:37:39,23222,23223.25,23221.25,23223.25,43,2,1.25,0,0.75,1,,,,
MNQ SEP25,1s,1,1061,2025-07-23 09:37:40,23222.5,23222.75,23221.25,23222,22,1.5,0.5,0.25,0.75,-1,,,,
MNQ SEP25,10s,10,5505,2025-07-23 09:37:40,23225,23226,23221.25,23222,322,4.75,3,1,0.75,-1,-473.2,-10.1,-58.81666667,-58.96
MNQ SEP25,20s,20,5752,2025-07-23 09:37:40,23221.5,23226,23219,23222,714,7,0.5,4,2.5,1,-1200.3,-118.6,-246.85,-162.04
MNQ SEP25,1s,1,1062,2025-07-23 09:37:41,23221,23221,23219.75,23220,51,1.25,1,0,0.25,-1,,,,
MNQ SEP25,1s,1,1063,2025-07-23 09:37:42,23220,23220.5,23218.5,23219.5,77,2,0.5,0.5,1,-1,,,,
MNQ SEP25,1s,1,1064,2025-07-23 09:37:43,23219,23220.5,23218.5,23220.25,48,2,1.25,0.25,0.5,1,,,,
MNQ SEP25,1s,1,1065,2025-07-23 09:37:44,23220.25,23220.25,23218.5,23218.75,46,1.75,1.5,0,0.25,-1,,,,
MNQ SEP25,1s,1,1066,2025-07-23 09:37:45,23219.75,23220.25,23219,23219.5,54,1.25,0.25,0.5,0.5,-1,,,,
MNQ SEP25,1s,1,1067,2025-07-23 09:37:46,23219.5,23220,23217.25,23218,67,2.75,1.5,0.5,0.75,-1,,,,
MNQ SEP25,1s,1,1068,2025-07-23 09:37:47,23218.5,23218.5,23216.75,23217.25,62,1.75,1.25,0,0.5,-1,,,,
MNQ SEP25,1s,1,1069,2025-07-23 09:37:48,23216.75,23219.25,23216.75,23219,73,2.5,2.25,0.25,0,1,,,,
MNQ SEP25,1s,1,1070,2025-07-23 09:37:49,23218.25,23219.25,23217.25,23218.25,29,2,0,1,1,0,,,,
MNQ SEP25,1s,1,1071,2025-07-23 09:37:50,23218,23219.5,23217.75,23218.5,36,1.75,0.5,1,0.25,1,,,,
MNQ SEP25,10s,10,5506,2025-07-23 09:37:50,23221,23221,23216.75,23218.5,543,4.25,2.5,0,1.75,-1,-477.85,-4.65,-15.45,-46.6
MNQ SEP25,1s,1,1072,2025-07-23 09:37:51,23218.5,23219.75,23217.75,23219.75,33,2,1.25,0,0.75,1,,,,
MNQ SEP25,1s,1,1073,2025-07-23 09:37:52,23219,23220.25,23219,23219.75,22,1.25,0.75,0.5,0,1,,,,
MNQ SEP25,1s,1,1074,2025-07-23 09:37:53,23219.5,23220.25,23216,23216,77,4.25,3.5,0.75,0,-1,,,,
MNQ SEP25,1s,1,1075,2025-07-23 09:37:54,23216.25,23218.25,23216,23218.25,63,2.25,2,0,0.25,1,,,,
MNQ SEP25,1s,1,1076,2025-07-23 09:37:55,23218.25,23219.5,23218,23218.25,51,1.5,0,1.25,0.25,0,,,,
MNQ SEP25,1s,1,1077,2025-07-23 09:37:56,23218,23219,23217.5,23218.5,27,1.5,0.5,0.5,0.5,1,,,,
MNQ SEP25,1s,1,1078,2025-07-23 09:37:57,23218,23218.25,23216,23216.75,41,2.25,1.25,0.25,0.75,-1,,,,
MNQ SEP25,1s,1,1079,2025-07-23 09:37:58,23216,23218.25,23215.75,23218,48,2.5,2,0.25,0.25,1,,,,
MNQ SEP25,1s,1,1080,2025-07-23 09:37:59,23218,23220.5,23217,23219.75,98,3.5,1.75,0.75,1,1,,,,
MNQ SEP25,1s,1,1081,2025-07-23 09:38:00,23220,23220,23219.25,23219.25,29,0.75,0.75,0,0,-1,,,,
MNQ SEP25,10s,10,5507,2025-07-23 09:38:00,23218.5,23220.5,23215.75,23219.25,489,4.75,0.75,1.25,2.75,1,-450.9,26.95,4.06666667,-30.83
MNQ SEP25,20s,20,5753,2025-07-23 09:38:00,23221,23221,23215.75,23219.25,1032,5.25,1.75,0,3.5,-1,-1108.9,91.4,-58.7,-131.02
MNQ SEP25,1s,1,1082,2025-07-23 09:38:01,23219.25,23221.25,23218.25,23218.25,78,3,1,2,0,-1,,,,
MNQ SEP25,1s,1,1083,2025-07-23 09:38:02,23218,23222.25,23217.5,23219.5,75,4.75,1.5,2.75,0.5,1,,,,
MNQ SEP25,1s,1,1084,2025-07-23 09:38:03,23219,23221.25,23219,23221.25,38,2.25,2.25,0,0,1,,,,
MNQ SEP25,1s,1,1085,2025-07-23 09:38:04,23221,23223,23220.25,23223,35,2.75,2,0,0.75,1,,,,
MNQ SEP25,1s,1,1086,2025-07-23 09:38:05,23223,23223.25,23222.75,23223.25,34,0.5,0.25,0,0.25,1,,,,
MNQ SEP25,1s,1,1087,2025-07-23 09:38:06,23223.25,23223.75,23222.5,23223.25,53,1.25,0,0.5,0.75,0,,,,
MNQ SEP25,1s,1,1088,2025-07-23 09:38:07,23223.5,23224.25,23221.25,23221.75,51,3,1.75,0.75,0.5,-1,,,,
MNQ SEP25,1s,1,1089,2025-07-23 09:38:08,23222,23223,23221.25,23221.75,58,1.75,0.25,1,0.5,-1,,,,
MNQ SEP25,1s,1,1090,2025-07-23 09:38:09,23221.75,23222.5,23221.25,23221.5,22,1.25,0.25,0.75,0.25,-1,,,,
MNQ SEP25,1s,1,1091,2025-07-23 09:38:10,23222.25,23223.25,23222,23222.25,35,1.25,0,1,0.25,0,,,,
MNQ SEP25,10s,10,5508,2025-07-23 09:38:10,23219.25,23224.25,23217.5,23222.25,479,6.75,3,2,1.75,1,-483.8,-32.9,-3.53333333,-10.46
MNQ SEP25,1s,1,1092,2025-07-23 09:38:11,23222,23222,23220.75,23221,62,1.25,1,0,0.25,-1,,,,
MNQ SEP25,1s,1,1093,2025-07-23 09:38:12,23221.75,23223.5,23221.75,23223.25,36,1.75,1.5,0.25,0,1,,,,
MNQ SEP25,1s,1,1094,2025-07-23 09:38:13,23223.5,23225,23222.75,23224.25,59,2.25,0.75,0.75,0.75,1,,,,
MNQ SEP25,1s,1,1095,2025-07-23 09:38:14,23222.75,23223.25,23220.5,23220.5,53,2.75,2.25,0.5,0,-1,,,,
MNQ SEP25,1s,1,1096,2025-07-23 09:38:15,23221.5,23223.5,23221,23223.25,54,2.5,1.75,0.25,0.5,1,,,,
MNQ SEP25,1s,1,1097,2025-07-23 09:38:16,23223,23223,23220,23221,66,3,2,0,1,-1,,,,
MNQ SEP25,1s,1,1098,2025-07-23 09:38:17,23221,23221.25,23220.5,23221,19,0.75,0,0.25,0.5,0,,,,
MNQ SEP25,1s,1,1099,2025-07-23 09:38:18,23220,23220,23218.25,23219.75,75,1.75,0.25,0,1.5,-1,,,,
MNQ SEP25,1s,1,1100,2025-07-23 09:38:19,23219.5,23220,23219,23219.75,26,1,0.25,0.25,0.5,1,,,,
MNQ SEP25,1s,1,1101,2025-07-23 09:38:20,23220,23221.25,23220,23221.25,31,1.25,1.25,0,0,1,,,,
MNQ SEP25,10s,10,5509,2025-07-23 09:38:20,23222,23225,23218.25,23221.25,481,6.75,0.75,3,3,-1,-442.2,41.6,11.88333333,4.18
MNQ SEP25,20s,20,5754,2025-07-23 09:38:20,23219.25,23225,23217.5,23221.25,960,7.5,2,3.75,1.75,1,-1234.9,-126,-51.06666667,-155.03
MNQ SEP25,1s,1,1102,2025-07-23 09:38:21,23220,23220.5,23218.5,23220.5,44,2,0.5,0,1.5,1,,,,
MNQ SEP25,1s,1,1103,2025-07-23 09:38:22,23220.75,23220.75,23218.25,23218.25,18,2.5,2.5,0,0,-1,,,,
MNQ SEP25,1s,1,1104,2025-07-23 09:38:23,23218.5,23220.75,23218.25,23219.75,47,2.5,1.25,1,0.25,1,,,,
MNQ SEP25,1s,1,1105,2025-07-23 09:38:24,23219.5,23220,23218.75,23218.75,35,1.25,0.75,0.5,0,-1,,,,
MNQ SEP25,1s,1,1106,2025-07-23 09:38:25,23219.25,23220.75,23218.5,23220.75,33,2.25,1.5,0,0.75,1,,,,
MNQ SEP25,1s,1,1107,2025-07-23 09:38:26,23220.75,23222,23220.75,23222,29,1.25,1.25,0,0,1,,,,
MNQ SEP25,1s,1,1108,2025-07-23 09:38:27,23221.75,23223,23221,23222.75,22,2,1,0.25,0.75,1,,,,
MNQ SEP25,1s,1,1109,2025-07-23 09:38:28,23222.75,23223.25,23222.25,23222.75,45,1,0,0.5,0.5,0,,,,
MNQ SEP25,1s,1,1110,2025-07-23 09:38:29,23223.25,23226.25,23223.25,23226.25,113,3,3,0,0,1,,,,
MNQ SEP25,1s,1,1111,2025-07-23 09:38:30,23226,23230,23225,23226.25,457,5,0.25,3.75,1,1,,,,
MNQ SEP25,10s,10,5510,2025-07-23 09:38:30,23220,23230,23218.25,23226.25,843,11.75,6.25,3.75,1.75,1,-269.2,173,60.56666667,40.8
MNQ SEP25,1s,1,1112,2025-07-23 09:38:31,23225.5,23229.5,23224.75,23229.5,113,4.75,4,0,0.75,1,,,,
MNQ SEP25,1s,1,1113,2025-07-23 09:38:32,23229.25,23231.25,23228.5,23229.5,172,2.75,0.25,1.75,0.75,1,,,,
MNQ SEP25,1s,1,1114,2025-07-23 09:38:33,23229.75,23230.75,23229.25,23230.75,71,1.5,1,0,0.5,1,,,,
MNQ SEP25,1s,1,1115,2025-07-23 09:38:34,23230.25,23231.25,23228.5,23229,127,2.75,1.25,1,0.5,-1,,,,
MNQ SEP25,1s,1,1116,2025-07-23 09:38:35,23229.25,23229.5,23226.75,23227.25,95,2.75,2,0.25,0.5,-1,,,,
MNQ SEP25,1s,1,1117,2025-07-23 09:38:36,23227.25,23227.25,23225,23225.75,77,2.25,1.5,0,0.75,-1,,,,
MNQ SEP25,1s,1,1118,2025-07-23 09:38:37,23225.25,23226.25,23224.25,23224.75,59,2,0.5,1,0.5,-1,,,,
MNQ SEP25,1s,1,1119,2025-07-23 09:38:38,23224.5,23225,23223.25,23224.5,47,1.75,0,0.5,1.25,0,,,,
MNQ SEP25,1s,1,1120,2025-07-23 09:38:39,23224.25,23225.75,23223.75,23225.75,50,2,1.5,0,0.5,1,,,,
MNQ SEP25,1s,1,1121,2025-07-23 09:38:40,23225,23225.75,23224.25,23225.75,18,1.5,0.75,0,0.75,1,,,,
MNQ SEP25,10s,10,5511,2025-07-23 09:38:40,23225.5,23231.25,23223.25,23225.75,829,8,0.25,5.5,2.25,1,-138.8,130.4,115,67.81
MNQ SEP25,20s,20,5755,2025-07-23 09:38:40,23220,23231.25,23218.25,23225.75,1672,13,5.75,5.5,1.75,1,-1039.6,195.3,53.56666667,-21.36
MNQ SEP25,1s,1,1122,2025-07-23 09:38:41,23225.25,23227.5,23225.25,23227,24,2.25,1.75,0.5,0,1,,,,
MNQ SEP25,1s,1,1123,2025-07-23 09:38:42,23227.25,23230,23227,23229.75,66,3,2.5,0.25,0.25,1,,,,
MNQ SEP25,1s,1,1124,2025-07-23 09:38:43,23229.5,23229.75,23229,23229,53,0.75,0.5,0.25,0,-1,,,,
MNQ SEP25,1s,1,1125,2025-07-23 09:38:44,23229.25,23229.75,23228.5,23229.5,48,1.25,0.25,0.25,0.75,1,,,,
MNQ SEP25,1s,1,1126,2025-07-23 09:38:45,23228.25,23229.25,23228.25,23228.5,28,1,0.25,0.75,0,1,,,,
MNQ SEP25,1s,1,1127,2025-07-23 09:38:46,23228,23228.75,23228,23228.5,14,0.75,0.5,0.25,0,1,,,,
MNQ SEP25,1s,1,1128,2025-07-23 09:38:47,23229,23229,23228.25,23229,22,0.75,0,0,0.75,0,,,,
MNQ SEP25,1s,1,1129,2025-07-23 09:38:48,23229,23230.75,23229,23229.25,83,1.75,0.25,1.5,0,1,,,,
MNQ SEP25,1s,1,1130,2025-07-23 09:38:49,23229.75,23232.25,23229.75,23231.75,96,2.5,2,0.5,0,1,,,,
MNQ SEP25,1s,1,1131,2025-07-23 09:38:50,23231.5,23232.75,23230.75,23232,99,2,0.5,0.75,0.75,1,,,,
MNQ SEP25,10s,10,5512,2025-07-23 09:38:50,23225.25,23232.75,23225.25,23232,533,7.5,6.75,0.75,0,1,-67.6,71.2,124.86666667,76.66
MNQ SEP25,1s,1,1132,2025-07-23 09:38:51,23231.5,23233.25,23231.5,23233,75,1.75,1.5,0.25,0,1,,,,
MNQ SEP25,1s,1,1133,2025-07-23 09:38:52,23233.25,23233.5,23230.5,23230.5,105,3,2.75,0.25,0,-1,,,,
MNQ SEP25,1s,1,1134,2025-07-23 09:38:53,23231.5,23232.75,23230.75,23231.25,125,2,0.25,1.25,0.5,-1,,,,
MNQ SEP25,1s,1,1135,2025-07-23 09:38:54,23231.25,23233.25,23231.25,23232.5,65,2,1.25,0.75,0,1,,,,
MNQ SEP25,1s,1,1136,2025-07-23 09:38:55,23232.5,23232.75,23231.5,23232.25,64,1.25,0.25,0.25,0.75,-1,,,,
MNQ SEP25,1s,1,1137,2025-07-23 09:38:56,23231.75,23232.5,23231,23232.5,45,1.5,0.75,0,0.75,1,,,,
MNQ SEP25,1s,1,1138,2025-07-23 09:38:57,23232.5,23233.5,23231.75,23232.25,49,1.75,0.25,1,0.5,-1,,,,
MNQ SEP25,1s,1,1139,2025-07-23 09:38:58,23232.25,23233.25,23231.25,23232.5,47,2,0.25,0.75,1,1,,,,
MNQ SEP25,1s,1,1140,2025-07-23 09:38:59,23231.5,23232.5,23230.25,23232,80,2.25,0.5,0.5,1.25,1,,,,
MNQ SEP25,1s,1,1141,2025-07-23 09:39:00,23232.25,23233.5,23231.5,23233.5,59,2,1.25,0,0.75,1,,,,
MNQ SEP25,10s,10,5513,2025-07-23 09:39:00,23231.5,23233.5,23230.25,23233.5,714,3.25,2,0,1.25,1,-5.15,62.45,88.01666667,95.73
MNQ SEP25,20s,20,5756,2025-07-23 09:39:00,23225.25,23233.5,23225.25,23233.5,1247,8.25,8.25,0,0,1,-839.25,200.35,89.88333333,48.49
MNQ SEP25,1s,1,1142,2025-07-23 09:39:01,23233.5,23235.5,23233.5,23233.5,264,2,0,2,0,0,,,,
MNQ SEP25,1s,1,1143,2025-07-23 09:39:02,23234.25,23234.5,23233.25,23233.75,77,1.25,0.5,0.25,0.5,-1,,,,
MNQ SEP25,1s,1,1144,2025-07-23 09:39:03,23233.5,23235,23232.75,23233.25,106,2.25,0.25,1.5,0.5,-1,,,,
MNQ SEP25,1s,1,1145,2025-07-23 09:39:04,23233.25,23234.75,23232,23232.75,94,2.75,0.5,1.5,0.75,-1,,,,
MNQ SEP25,1s,1,1146,2025-07-23 09:39:05,23232.5,23234,23232.5,23232.75,111,1.5,0.25,1.25,0,1,,,,
MNQ SEP25,1s,1,1147,2025-07-23 09:39:06,23232.5,23233,23229.75,23230,99,3.25,2.5,0.5,0.25,-1,,,,
MNQ SEP25,1s,1,1148,2025-07-23 09:39:07,23230,23231.25,23229,23229,135,2.25,1,1.25,0,-1,,,,
MNQ SEP25,1s,1,1149,2025-07-23 09:39:08,23230.25,23231,23229.5,23230.25,70,1.5,0,0.75,0.75,0,,,,
MNQ SEP25,1s,1,1150,2025-07-23 09:39:09,23230.75,23231.5,23229.75,23231,52,1.75,0.25,0.5,1,1,,,,
MNQ SEP25,1s,1,1151,2025-07-23 09:39:10,23230.5,23231.25,23230,23231.25,40,1.25,0.75,0,0.5,1,,,,
MNQ SEP25,10s,10,5514,2025-07-23 09:39:10,23233.5,23235.5,23229,23231.25,1048,6.5,2.25,2,2.25,-1,114.3,119.45,84.36666667,111.3
MNQ SEP25,1s,1,1152,2025-07-23 09:39:11,23231.25,23231.5,23229,23229,56,2.5,2.25,0.25,0,-1,,,,
MNQ SEP25,1s,1,1153,2025-07-23 09:39:12,23229.25,23230.75,23229.25,23230.5,30,1.5,1.25,0.25,0,1,,,,
MNQ SEP25,1s,1,1154,2025-07-23 09:39:13,23230.25,23231.25,23230.25,23231,49,1,0.75,0.25,0,1,,,,
MNQ SEP25,1s,1,1155,2025-07-23 09:39:14,23231.25,23231.25,23229.75,23229.75,49,1.5,1.5,0,0,-1,,,,
MNQ SEP25,1s,1,1156,2025-07-23 09:39:15,23229.5,23229.5,23227.5,23227.5,100,2,2,0,0,-1,,,,
MNQ SEP25,1s,1,1157,2025-07-23 09:39:16,23227.25,23230,23227.25,23229.75,75,2.75,2.5,0.25,0,1,,,,
MNQ SEP25,1s,1,1158,2025-07-23 09:39:17,23229.75,23230.5,23228.75,23229.25,43,1.75,0.5,0.75,0.5,-1,,,,
MNQ SEP25,1s,1,1159,2025-07-23 09:39:18,23229.5,23230.5,23228.5,23229,52,2,0.5,1,0.5,-1,,,,
MNQ SEP25,1s,1,1160,2025-07-23 09:39:19,23228,23228.5,23227.5,23228.5,35,1,0.5,0,0.5,1,,,,
MNQ SEP25,1s,1,1161,2025-07-23 09:39:20,23228.25,23229.25,23228.25,23229.25,17,1,1,0,0,1,,,,
MNQ SEP25,10s,10,5515,2025-07-23 09:39:20,23231.25,23231.5,23227.25,23229.25,506,4.25,2,0.25,2,-1,54.3,-60,40.63333333,64.7
MNQ SEP25,20s,20,5757,2025-07-23 09:39:20,23233.5,23235.5,23227.25,23229.25,1554,8.25,4.25,2,2,-1,-544.15,295.1,230.25,131.23
MNQ SEP25,1s,1,1162,2025-07-23 09:39:21,23229,23229.25,23227.25,23227.25,48,2,1.75,0.25,0,-1,,,,
MNQ SEP25,1s,1,1163,2025-07-23 09:39:22,23227.5,23228,23225.25,23227.5,117,2.75,0,0.5,2.25,0,,,,
MNQ SEP25,1s,1,1164,2025-07-23 09:39:23,23227.75,23228.5,23227,23227.5,38,1.5,0.25,0.75,0.5,-1,,,,
MNQ SEP25,1s,1,1165,2025-07-23 09:39:24,23227.25,23230,23227.25,23229.25,27,2.75,2,0.75,0,1,,,,
MNQ SEP25,1s,1,1166,2025-07-23 09:39:25,23229.25,23229.25,23227.25,23227.75,22,2,1.5,0,0.5,-1,,,,
MNQ SEP25,1s,1,1167,2025-07-23 09:39:26,23227.25,23227.5,23226.75,23227.25,21,0.75,0,0.25,0.5,0,,,,
MNQ SEP25,1s,1,1168,2025-07-23 09:39:27,23226.75,23227.25,23225.75,23226,33,1.5,0.75,0.5,0.25,-1,,,,
MNQ SEP25,1s,1,1169,2025-07-23 09:39:28,23226.5,23227.25,23226,23226.5,23,1.25,0,0.75,0.5,0,,,,
MNQ SEP25,1s,1,1170,2025-07-23 09:39:29,23226.75,23227,23226,23226,28,1,0.75,0.25,0,-1,,,,
MNQ SEP25,1s,1,1171,2025-07-23 09:39:30,23225.75,23227.25,23225.75,23226.5,39,1.5,0.75,0.75,0,1,,,,
MNQ SEP25,10s,10,5516,2025-07-23 09:39:30,23229,23230,23225.25,23226.5,396,4.75,2.5,1,1.25,-1,-4.3,-58.6,0.28333333,26.9
MNQ SEP25,1s,1,1172,2025-07-23 09:39:31,23227,23227.5,23226.25,23227.5,26,1.25,0.5,0,0.75,1,,,,
MNQ SEP25,1s,1,1173,2025-07-23 09:39:32,23226.25,23227.25,23226,23227,19,1.25,0.75,0.25,0.25,1,,,,
MNQ SEP25,1s,1,1174,2025-07-23 09:39:33,23227.25,23227.5,23226.75,23227,21,0.75,0.25,0.25,0.25,-1,,,,
MNQ SEP25,1s,1,1175,2025-07-23 09:39:34,23227,23227.25,23225,23226,78,2.25,1,0.25,1,-1,,,,
MNQ SEP25,1s,1,1176,2025-07-23 09:39:35,23226,23227,23225.75,23227,23,1.25,1,0,0.25,1,,,,
MNQ SEP25,1s,1,1177,2025-07-23 09:39:36,23227,23227,23225.25,23225.25,34,1.75,1.75,0,0,-1,,,,
MNQ SEP25,1s,1,1178,2025-07-23 09:39:37,23225.25,23226.5,23225.25,23225.75,25,1.25,0.5,0.75,0,1,,,,
MNQ SEP25,1s,1,1179,2025-07-23 09:39:38,23226.25,23227,23225.75,23226,17,1.25,0.25,0.75,0.25,-1,,,,
MNQ SEP25,1s,1,1180,2025-07-23 09:39:39,23226,23226.5,23225.75,23226.25,30,0.75,0.25,0.25,0.25,1,,,,
MNQ SEP25,1s,1,1181,2025-07-23 09:39:40,23225.75,23226.25,23225,23226.25,38,1.25,0.5,0,0.75,1,,,,
MNQ SEP25,10s,10,5517,2025-07-23 09:39:40,23227,23227.5,23225,23226.25,311,2.5,0.75,0.5,1.25,-1,-22.95,-18.65,-45.75,8.93
MNQ SEP25,20s,20,5758,2025-07-23 09:39:40,23229,23230,23225,23226.25,707,5,2.75,1,1.25,-1,-492.7,51.45,182.3,123.24
MNQ SEP25,1s,1,1182,2025-07-23 09:39:41,23226.25,23226.75,23226,23226.25,40,0.75,0,0.5,0.25,0,,,,
MNQ SEP25,1s,1,1183,2025-07-23 09:39:42,23226.5,23227,23225.5,23226.25,41,1.5,0.25,0.5,0.75,-1,,,,
MNQ SEP25,1s,1,1184,2025-07-23 09:39:43,23226,23227,23225.75,23226,45,1.25,0,1,0.25,0,,,,
MNQ SEP25,1s,1,1185,2025-07-23 09:39:44,23226.5,23226.5,23225,23225.25,61,1.5,1.25,0,0.25,-1,,,,
MNQ SEP25,1s,1,1186,2025-07-23 09:39:45,23225,23225.25,23223.75,23224.5,103,1.5,0.5,0.25,0.75,-1,,,,
MNQ SEP25,1s,1,1187,2025-07-23 09:39:46,23224.75,23225,23223.5,23225,53,1.5,0.25,0,1.25,1,,,,
MNQ SEP25,1s,1,1188,2025-07-23 09:39:47,23225.5,23226.5,23224.75,23226.5,60,1.75,1,0,0.75,1,,,,
MNQ SEP25,1s,1,1189,2025-07-23 09:39:48,23226.75,23228.25,23226.25,23228.25,27,2,1.5,0,0.5,1,,,,
MNQ SEP25,1s,1,1190,2025-07-23 09:39:49,23228,23228,23226.5,23227,26,1.5,1,0,0.5,-1,,,,
MNQ SEP25,1s,1,1191,2025-07-23 09:39:50,23226.25,23226.75,23226,23226.25,9,0.75,0,0.5,0.25,0,,,,
MNQ SEP25,10s,10,5518,2025-07-23 09:39:50,23226.25,23228.25,23223.5,23226.25,465,4.75,0,2,2.75,0,-27.35,-4.4,-27.21666667,-4.44
MNQ SEP25,1s,1,1192,2025-07-23 09:39:51,23226.5,23227.5,23225.5,23227,28,2,0.5,0.5,1,1,,,,
MNQ SEP25,1s,1,1193,2025-07-23 09:39:52,23226.75,23228,23226.25,23227.25,46,1.75,0.5,0.75,0.5,1,,,,
MNQ SEP25,1s,1,1194,2025-07-23 09:39:53,23227.5,23227.5,23225.25,23225.25,45,2.25,2.25,0,0,-1,,,,
MNQ SEP25,1s,1,1195,2025-07-23 09:39:54,23225.5,23225.75,23223.75,23223.75,52,2,1.75,0.25,0,-1,,,,
MNQ SEP25,1s,1,1196,2025-07-23 09:39:55,23224,23225.5,23224,23225.25,39,1.5,1.25,0.25,0,1,,,,
MNQ SEP25,1s,1,1197,2025-07-23 09:39:56,23224.75,23226,23224.75,23224.75,18,1.25,0,1.25,0,0,,,,
MNQ SEP25,1s,1,1198,2025-07-23 09:39:57,23225.75,23226,23225,23225.75,43,1,0,0.25,0.75,0,,,,
MNQ SEP25,1s,1,1199,2025-07-23 09:39:58,23225.5,23226,23225.25,23225.5,22,0.75,0,0.5,0.25,0,,,,
MNQ SEP25,1s,1,1200,2025-07-23 09:39:59,23226,23226.75,23226,23226.5,13,0.75,0.5,0.25,0,1,,,,
MNQ SEP25,1s,1,1201,2025-07-23 09:40:00,23225.5,23225.75,23224.25,23224.75,38,1.5,0.75,0.25,0.5,-1,,,,
MNQ SEP25,10s,10,5519,2025-07-23 09:40:00,23226.5,23228,23223.75,23224.75,344,4.25,1.75,1.5,1,-1,-150.75,-123.4,-48.81666667,-53.01
MNQ SEP25,20s,20,5759,2025-07-23 09:40:00,23226.25,23228.25,23223.5,23224.75,809,4.75,1.5,2,1.25,-1,-432,60.7,135.75,160.58
MNQ SEP25,1s,1,1202,2025-07-23 09:40:01,23224.25,23228,23224.25,23228,106,3.75,3.75,0,0,1,,,,
MNQ SEP25,1s,1,1203,2025-07-23 09:40:02,23227.5,23228.5,23226,23226.5,88,2.5,1,1,0.5,-1,,,,
MNQ SEP25,1s,1,1204,2025-07-23 09:40:03,23227,23229.25,23226.75,23227.5,93,2.5,0.5,1.75,0.25,1,,,,
MNQ SEP25,1s,1,1205,2025-07-23 09:40:04,23227.5,23229,23227,23228.75,47,2,1.25,0.25,0.5,1,,,,
MNQ SEP25,1s,1,1206,2025-07-23 09:40:05,23228.25,23229.25,23227.25,23227.75,74,2,0.5,1,0.5,-1,,,,
MNQ SEP25,1s,1,1207,2025-07-23 09:40:06,23228.5,23230,23228,23229.25,64,2,0.75,0.75,0.5,1,,,,
MNQ SEP25,1s,1,1208,2025-07-23 09:40:07,23229.5,23229.5,23227.5,23227.5,55,2,2,0,0,-1,,,,
MNQ SEP25,1s,1,1209,2025-07-23 09:40:08,23227.25,23228,23227,23227.25,63,1,0,0.75,0.25,0,,,,
MNQ SEP25,1s,1,1210,2025-07-23 09:40:09,23227.5,23227.75,23225.75,23226,33,2,1.5,0.25,0.25,-1,,,,
MNQ SEP25,1s,1,1211,2025-07-23 09:40:10,23225.75,23226.25,23224.5,23226.25,72,1.75,0.5,0,1.25,1,,,,
MNQ SEP25,10s,10,5520,2025-07-23 09:40:10,23224.25,23230,23224.25,23226.25,695,5.75,2,3.75,0,1,-117.45,33.3,-31.5,-34.35
MNQ SEP25,1s,1,1212,2025-07-23 09:40:11,23226.25,23228.25,23225.75,23227.5,51,2.5,1.25,0.75,0.5,1,,,,
MNQ SEP25,1s,1,1213,2025-07-23 09:40:12,23227.75,23228.25,23226.25,23226.75,30,2,1,0.5,0.5,-1,,,,
MNQ SEP25,1s,1,1214,2025-07-23 09:40:13,23225.75,23227.75,23225.75,23227.75,26,2,2,0,0,1,,,,
MNQ SEP25,1s,1,1215,2025-07-23 09:40:14,23227.75,23229.25,23226.75,23227.25,79,2.5,0.5,1.5,0.5,-1,,,,
MNQ SEP25,1s,1,1216,2025-07-23 09:40:15,23227.25,23228.25,23227,23228.25,20,1.25,1,0,0.25,1,,,,
MNQ SEP25,1s,1,1217,2025-07-23 09:40:16,23228.5,23229.5,23226.75,23228,50,2.75,0.5,1,1.25,-1,,,,
MNQ SEP25,1s,1,1218,2025-07-23 09:40:17,23227,23229.25,23227,23229.25,30,2.25,2.25,0,0,1,,,,
MNQ SEP25,1s,1,1219,2025-07-23 09:40:18,23229.75,23232.5,23229.5,23232.25,104,3,2.5,0.25,0.25,1,,,,
MNQ SEP25,1s,1,1220,2025-07-23 09:40:19,23232.25,23232.25,23231,23231.75,49,1.25,0.5,0,0.75,-1,,,,
MNQ SEP25,1s,1,1221,2025-07-23 09:40:20,23232.25,23232.25,23229.75,23229.75,54,2.5,2.5,0,0,-1,,,,
MNQ SEP25,10s,10,5521,2025-07-23 09:40:20,23226.25,23232.5,23225.75,23229.75,493,6.75,3.5,2.75,0.5,1,-91.45,26,-21.36666667,-17.43
MNQ SEP25,20s,20,5760,2025-07-23 09:40:20,23224.25,23232.5,23224.25,23229.75,1188,8.25,5.5,2.75,0,1,-521.1,-89.1,7.68333333,103.7
MNQ SEP25,1s,1,1222,2025-07-23 09:40:21,23229.5,23230.25,23228.75,23229.75,38,1.5,0.25,0.5,0.75,1,,,,
MNQ SEP25,1s,1,1223,2025-07-23 09:40:22,23229.25,23230.25,23228.75,23229.75,17,1.5,0.5,0.5,0.5,1,,,,
MNQ SEP25,1s,1,1224,2025-07-23 09:40:23,23230,23230.5,23229.25,23230.5,20,1.25,0.5,0,0.75,1,,,,
MNQ SEP25,1s,1,1225,2025-07-23 09:40:24,23230.75,23231,23229.75,23230.5,35,1.25,0.25,0.25,0.75,-1,,,,
MNQ SEP25,1s,1,1226,2025-07-23 09:40:25,23230.25,23231,23229.5,23230,27,1.5,0.25,0.75,0.5,-1,,,,
MNQ SEP25,1s,1,1227,2025-07-23 09:40:26,23230,23231.75,23229.5,23230.25,61,2.25,0.25,1.5,0.5,1,,,,
MNQ SEP25,1s,1,1228,2025-07-23 09:40:27,23230.5,23231.25,23229.75,23230.25,67,1.5,0.25,0.75,0.5,-1,,,,
MNQ SEP25,1s,1,1229,2025-07-23 09:40:28,23230.25,23231,23229.25,23229.5,32,1.75,0.75,0.75,0.25,-1,,,,
MNQ SEP25,1s,1,1230,2025-07-23 09:40:29,23230,23230.5,23228.5,23228.5,45,2,1.5,0.5,0,-1,,,,
MNQ SEP25,1s,1,1231,2025-07-23 09:40:30,23228.5,23229.75,23227.5,23228,42,2.25,0.5,1.25,0.5,-1,,,,
MNQ SEP25,10s,10,5522,2025-07-23 09:40:30,23229.5,23231.75,23227.5,23228,384,4.25,1.5,2.25,0.5,-1,-72.4,19.05,26.11666667,-9.89
MNQ SEP25,1s,1,1232,2025-07-23 09:40:31,23227.5,23228.75,23226.25,23228.25,69,2.5,0.75,0.5,1.25,1,,,,
MNQ SEP25,1s,1,1233,2025-07-23 09:40:32,23227.75,23228.5,23227.25,23227.75,38,1.25,0,0.75,0.5,0,,,,
MNQ SEP25,1s,1,1234,2025-07-23 09:40:33,23227.5,23228,23227,23227.75,24,1,0.25,0.25,0.5,1,,,,
MNQ SEP25,1s,1,1235,2025-07-23 09:40:34,23227.5,23229,23227.5,23228.75,48,1.5,1.25,0.25,0,1,,,,
MNQ SEP25,1s,1,1236,2025-07-23 09:40:35,23229,23229.75,23227.25,23227.25,35,2.5,1.75,0.75,0,-1,,,,
MNQ SEP25,1s,1,1237,2025-07-23 09:40:36,23227.75,23228,23227.5,23227.5,19,0.5,0.25,0.25,0,-1,,,,
MNQ SEP25,1s,1,1238,2025-07-23 09:40:37,23227.5,23227.5,23225,23226,75,2.5,1.5,0,1,-1,,,,
MNQ SEP25,1s,1,1239,2025-07-23 09:40:38,23226,23226,23224.5,23225.5,90,1.5,0.5,0,1,-1,,,,
MNQ SEP25,1s,1,1240,2025-07-23 09:40:39,23225.75,23226.25,23225,23226,48,1.25,0.25,0.25,0.75,1,,,,
MNQ SEP25,1s,1,1241,2025-07-23 09:40:40,23226,23226.75,23224.75,23225,29,2,1,0.75,0.25,-1,,,,
MNQ SEP25,10s,10,5523,2025-07-23 09:40:40,23227.5,23229.75,23224.5,23225,475,5.25,2.5,2.25,0.5,-1,-58.9,13.5,19.51666667,-6.31
MNQ SEP25,20s,20,5761,2025-07-23 09:40:40,23229.5,23231.75,23224.5,23225,859,7.25,4.5,2.25,0.5,-1,-565.2,-44.1,-24.16666667,54.81
MNQ SEP25,1s,1,1242,2025-07-23 09:40:41,23225.5,23225.5,23224,23224.5,103,1.5,1,0,0.5,-1,,,,
MNQ SEP25,1s,1,1243,2025-07-23 09:40:42,23224,23225.25,23224,23224.5,59,1.25,0.5,0.75,0,1,,,,
MNQ SEP25,1s,1,1244,2025-07-23 09:40:43,23224.75,23224.75,23223.5,23224.25,63,1.25,0.5,0,0.75,-1,,,,
MNQ SEP25,1s,1,1245,2025-07-23 09:40:44,23224.25,23224.25,23222.25,23223.25,131,2,1,0,1,-1,,,,
MNQ SEP25,1s,1,1246,2025-07-23 09:40:45,23223.5,23224.75,23222,23222.5,109,2.75,1,1.25,0.5,-1,,,,
MNQ SEP25,1s,1,1247,2025-07-23 09:40:46,23222,23222,23217.5,23217.5,320,4.5,4.5,0,0,-1,,,,
MNQ SEP25,1s,1,1248,2025-07-23 09:40:47,23217.25,23218,23212.75,23213.5,596,5.25,3.75,0.75,0.75,-1,,,,
MNQ SEP25,1s,1,1249,2025-07-23 09:40:48,23213,23215.75,23212.75,23214.5,279,3,1.5,1.25,0.25,1,,,,
MNQ SEP25,1s,1,1250,2025-07-23 09:40:49,23214.75,23216,23213.75,23215,234,2.25,0.25,1,1,1,,,,
MNQ SEP25,1s,1,1251,2025-07-23 09:40:50,23215.25,23216.75,23214.25,23216.25,138,2.5,1,0.5,1,1,,,,
MNQ SEP25,10s,10,5524,2025-07-23 09:40:50,23225.5,23225.5,23212.75,23216.25,2032,12.75,9.25,0,3.5,-1,196.7,255.6,96.05,69.49
MNQ SEP25,1s,1,1252,2025-07-23 09:40:51,23216.25,23216.5,23214.5,23216,90,2,0.25,0.25,1.5,-1,,,,
MNQ SEP25,1s,1,1253,2025-07-23 09:40:52,23215.5,23217,23215,23216.5,109,2,1,0.5,0.5,1,,,,
MNQ SEP25,1s,1,1254,2025-07-23 09:40:53,23216,23216.5,23214.75,23216,53,1.75,0,0.5,1.25,0,,,,
MNQ SEP25,1s,1,1255,2025-07-23 09:40:54,23216.25,23217,23215.5,23216.25,62,1.5,0,0.75,0.75,0,,,,
MNQ SEP25,1s,1,1256,2025-07-23 09:40:55,23217,23217,23216,23216.25,49,1,0.75,0,0.25,-1,,,,
MNQ SEP25,1s,1,1257,2025-07-23 09:40:56,23216.25,23217.75,23216.25,23217.25,101,1.5,1,0.5,0,1,,,,
MNQ SEP25,1s,1,1258,2025-07-23 09:40:57,23217.25,23218.75,23216.5,23217,85,2.25,0.25,1.5,0.5,-1,,,,
MNQ SEP25,1s,1,1259,2025-07-23 09:40:58,23217,23218,23216.75,23218,51,1.25,1,0,0.25,1,,,,
MNQ SEP25,1s,1,1260,2025-07-23 09:40:59,23218.25,23219.75,23217.5,23219.5,67,2.25,1.25,0.25,0.75,1,,,,
MNQ SEP25,1s,1,1261,2025-07-23 09:41:00,23219.25,23219.25,23215.5,23215.5,119,3.75,3.75,0,0,-1,,,,
MNQ SEP25,10s,10,5525,2025-07-23 09:41:00,23216.25,23219.75,23214.5,23215.5,786,5.25,0.75,3.5,1,-1,191.7,-5,88.03333333,61.83
MNQ SEP25,20s,20,5762,2025-07-23 09:41:00,23225.5,23225.5,23212.75,23215.5,2818,12.75,10,0,2.75,-1,-342.7,222.5,29.76666667,40.29
MNQ SEP25,1s,1,1262,2025-07-23 09:41:01,23215.25,23216,23213.75,23214.75,117,2.25,0.5,0.75,1,-1,,,,
MNQ SEP25,1s,1,1263,2025-07-23 09:41:02,23214.5,23215,23213,23214,151,2,0.5,0.5,1,-1,,,,
MNQ SEP25,1s,1,1264,2025-07-23 09:41:03,23214,23214.5,23212.5,23212.5,126,2,1.5,0.5,0,-1,,,,
MNQ SEP25,1s,1,1265,2025-07-23 09:41:04,23212.5,23212.75,23208,23210.25,685,4.75,2.25,0.25,2.25,-1,,,,
MNQ SEP25,1s,1,1266,2025-07-23 09:41:05,23210.25,23212.5,23210,23211.75,280,2.5,1.5,0.75,0.25,1,,,,
MNQ SEP25,1s,1,1267,2025-07-23 09:41:06,23211.5,23214.5,23211.5,23212.5,221,3,1,2,0,1,,,,
MNQ SEP25,1s,1,1268,2025-07-23 09:41:07,23212.5,23215,23212,23214.25,131,3,1.75,0.75,0.5,1,,,,
MNQ SEP25,1s,1,1269,2025-07-23 09:41:08,23214.5,23215,23213,23214,81,2,0.5,0.5,1,-1,,,,
MNQ SEP25,1s,1,1270,2025-07-23 09:41:09,23214,23215,23212.75,23213.5,72,2.25,0.5,1,0.75,-1,,,,
MNQ SEP25,1s,1,1271,2025-07-23 09:41:10,23213.25,23213.25,23210.5,23210.5,75,2.75,2.75,0,0,-1,,,,
MNQ SEP25,10s,10,5526,2025-07-23 09:41:10,23215.25,23216,23208,23210.5,1939,8,4.75,0.75,2.5,-1,411.1,219.4,156.66666667,100.51
MNQ SEP25,1s,1,1272,2025-07-23 09:41:11,23211.25,23211.25,23208.25,23208.5,111,3,2.75,0,0.25,-1,,,,
MNQ SEP25,1s,1,1273,2025-07-23 09:41:12,23208.75,23210.75,23207.5,23209.75,246,3.25,1,1,1.25,1,,,,
MNQ SEP25,1s,1,1274,2025-07-23 09:41:13,23209.75,23210.25,23206.25,23206.25,193,4,3.5,0.5,0,-1,,,,
MNQ SEP25,1s,1,1275,2025-07-23 09:41:14,23206.25,23208.75,23206.25,23207.25,125,2.5,1,1.5,0,1,,,,
MNQ SEP25,1s,1,1276,2025-07-23 09:41:15,23207.5,23207.5,23205,23206.25,228,2.5,1.25,0,1.25,-1,,,,
MNQ SEP25,1s,1,1277,2025-07-23 09:41:16,23205.75,23209.5,23205.75,23208.5,182,3.75,2.75,1,0,1,,,,
MNQ SEP25,1s,1,1278,2025-07-23 09:41:17,23208.75,23211,23208.5,23210.5,175,2.5,1.75,0.5,0.25,1,,,,
MNQ SEP25,1s,1,1279,2025-07-23 09:41:18,23210.5,23212.25,23210,23211.5,90,2.25,1,0.75,0.5,1,,,,
MNQ SEP25,1s,1,1280,2025-07-23 09:41:19,23211.25,23214,23211,23213,135,3,1.75,1,0.25,1,,,,
MNQ SEP25,1s,1,1281,2025-07-23 09:41:20,23214,23214,23212.75,23213.5,53,1.25,0.5,0,0.75,-1,,,,
MNQ SEP25,10s,10,5527,2025-07-23 09:41:20,23211.25,23214,23205,23213.5,1538,9,2.25,0.5,6.25,1,589.45,178.35,130.91666667,132.37
MNQ SEP25,20s,20,5763,2025-07-23 09:41:20,23215.25,23216,23205,23213.5,3477,11,1.75,0.75,8.5,-1,124.55,467.25,215.21666667,123.45
MNQ SEP25,1s,1,1282,2025-07-23 09:41:21,23213.5,23213.75,23212.25,23213.75,85,1.5,0.25,0,1.25,1,,,,
MNQ SEP25,1s,1,1283,2025-07-23 09:41:22,23213.5,23215.25,23213,23215,116,2.25,1.5,0.25,0.5,1,,,,
MNQ SEP25,1s,1,1284,2025-07-23 09:41:23,23214.5,23217.25,23214.25,23216.5,149,3,2,0.75,0.25,1,,,,
MNQ SEP25,1s,1,1285,2025-07-23 09:41:24,23216.5,23220,23216.25,23219.25,173,3.75,2.75,0.75,0.25,1,,,,
MNQ SEP25,1s,1,1286,2025-07-23 09:41:25,23219.25,23219.75,23217.5,23217.5,106,2.25,1.75,0.5,0,-1,,,,
MNQ SEP25,1s,1,1287,2025-07-23 09:41:26,23217.5,23218,23217,23217.25,79,1,0.25,0.5,0.25,-1,,,,
MNQ SEP25,1s,1,1288,2025-07-23 09:41:27,23217.25,23219.5,23216.75,23219.5,50,2.75,2.25,0,0.5,1,,,,
MNQ SEP25,1s,1,1289,2025-07-23 09:41:28,23219,23222.25,23219,23221.75,212,3.25,2.75,0.5,0,1,,,,
MNQ SEP25,1s,1,1290,2025-07-23 09:41:29,23221.75,23221.75,23218.75,23219.5,113,3,2.25,0,0.75,-1,,,,
MNQ SEP25,1s,1,1291,2025-07-23 09:41:30,23219,23219.75,23218,23219.25,58,1.75,0.25,0.5,1,1,,,,
MNQ SEP25,10s,10,5528,2025-07-23 09:41:30,23213.5,23222.25,23212.25,23219.25,1141,10,5.75,3,1.25,1,689.55,100.1,165.95,149.69
MNQ SEP25,1s,1,1292,2025-07-23 09:41:31,23218.75,23219,23216,23216.25,80,3,2.5,0.25,0.25,-1,,,,
MNQ SEP25,1s,1,1293,2025-07-23 09:41:32,23216.5,23218,23215.5,23215.75,60,2.5,0.75,1.5,0.25,-1,,,,
MNQ SEP25,1s,1,1294,2025-07-23 09:41:33,23215,23216,23214.75,23215.5,32,1.25,0.5,0.5,0.25,1,,,,
MNQ SEP25,1s,1,1295,2025-07-23 09:41:34,23215.5,23215.75,23213.75,23213.75,54,2,1.75,0.25,0,-1,,,,
MNQ SEP25,1s,1,1296,2025-07-23 09:41:35,23213.75,23216.5,23213.75,23216.5,44,2.75,2.75,0,0,1,,,,
MNQ SEP25,1s,1,1297,2025-07-23 09:41:36,23216.75,23217.75,23215,23215,72,2.75,1.75,1,0,-1,,,,
MNQ SEP25,1s,1,1298,2025-07-23 09:41:37,23214.75,23215.25,23213.75,23214.5,61,1.5,0.25,0.5,0.75,-1,,,,
MNQ SEP25,1s,1,1299,2025-07-23 09:41:38,23215,23216.25,23214.25,23214.75,42,2,0.25,1.25,0.5,-1,,,,
MNQ SEP25,1s,1,1300,2025-07-23 09:41:39,23215,23216,23214.25,23215.25,46,1.75,0.25,0.75,0.75,1,,,,
MNQ SEP25,1s,1,1301,2025-07-23 09:41:40,23215.5,23215.75,23215,23215.25,25,0.75,0.25,0.25,0.25,-1,,,,
MNQ SEP25,10s,10,5529,2025-07-23 09:41:40,23218.75,23219,23213.75,23215.25,516,5.25,3.5,0.25,1.5,-1,384.6,-304.95,-8.83333333,37.58
MNQ SEP25,20s,20,5764,2025-07-23 09:41:40,23213.5,23222.25,23212.25,23215.25,1657,10,1.75,7,1.25,1,295.4,170.85,286.86666667,145.48
MNQ SEP25,1s,1,1302,2025-07-23 09:41:41,23214.75,23216,23214.25,23216,30,1.75,1.25,0,0.5,1,,,,
MNQ SEP25,1s,1,1303,2025-07-23 09:41:42,23216.5,23216.75,23214.25,23215.25,99,2.5,1.25,0.25,1,-1,,,,
MNQ SEP25,1s,1,1304,2025-07-23 09:41:43,23214.75,23215.75,23214,23215.25,46,1.75,0.5,0.5,0.75,1,,,,
MNQ SEP25,1s,1,1305,2025-07-23 09:41:44,23215.5,23215.5,23214.25,23215.5,22,1.25,0,0,1.25,0,,,,
MNQ SEP25,1s,1,1306,2025-07-23 09:41:45,23214,23214.5,23212.75,23213,56,1.75,1,0.5,0.25,-1,,,,
MNQ SEP25,1s,1,1307,2025-07-23 09:41:46,23213.25,23213.5,23212.25,23213,37,1.25,0.25,0.25,0.75,-1,,,,
MNQ SEP25,1s,1,1308,2025-07-23 09:41:47,23213,23214.5,23213,23214.5,29,1.5,1.5,0,0,1,,,,
MNQ SEP25,1s,1,1309,2025-07-23 09:41:48,23213.75,23213.75,23212.25,23212.75,46,1.5,1,0,0.5,-1,,,,
MNQ SEP25,1s,1,1310,2025-07-23 09:41:49,23213.75,23216.5,23213.5,23216,55,3,2.25,0.5,0.25,1,,,,
MNQ SEP25,1s,1,1311,2025-07-23 09:41:50,23215.75,23215.75,23212,23213.25,111,3.75,2.5,0,1.25,-1,,,,
MNQ SEP25,10s,10,5530,2025-07-23 09:41:50,23214.75,23216.75,23212,23213.25,531,4.75,1.5,2,1.25,-1,349.2,-35.4,-80.08333333,31.5
MNQ SEP25,1s,1,1312,2025-07-23 09:41:51,23212.75,23213.75,23211.5,23212.5,57,2.25,0.25,1,1,-1,,,,
MNQ SEP25,1s,1,1313,2025-07-23 09:41:52,23212.25,23212.75,23210.25,23210.5,67,2.5,1.75,0.5,0.25,-1,,,,
MNQ SEP25,1s,1,1314,2025-07-23 09:41:53,23210.75,23214.25,23210.25,23214,121,4,3.25,0.25,0.5,1,,,,
MNQ SEP25,1s,1,1315,2025-07-23 09:41:54,23213.5,23213.5,23212,23212.5,38,1.5,1,0,0.5,-1,,,,
MNQ SEP25,1s,1,1316,2025-07-23 09:41:55,23213.25,23213.75,23212,23212,60,1.75,1.25,0.5,0,-1,,,,
MNQ SEP25,1s,1,1317,2025-07-23 09:41:56,23211.75,23211.75,23210,23210.25,51,1.75,1.5,0,0.25,-1,,,,
MNQ SEP25,1s,1,1318,2025-07-23 09:41:57,23210.75,23211.75,23210,23210.25,77,1.75,0.5,1,0.25,-1,,,,
MNQ SEP25,1s,1,1319,2025-07-23 09:41:58,23210,23210.5,23209.25,23210,51,1.25,0,0.5,0.75,0,,,,
MNQ SEP25,1s,1,1320,2025-07-23 09:41:59,23210.5,23210.5,23209.5,23210.5,80,1,0,0,1,0,,,,
MNQ SEP25,1s,1,1321,2025-07-23 09:42:00,23209.5,23210,23209,23209.25,32,1,0.25,0.5,0.25,-1,,,,
MNQ SEP25,10s,10,5531,2025-07-23 09:42:00,23212.75,23214.25,23209,23209.25,634,5.25,3.5,1.5,0.25,-1,97.95,-251.25,-197.2,-62.63
MNQ SEP25,20s,20,5765,2025-07-23 09:42:00,23214.75,23216.75,23209,23209.25,1165,7.75,5.5,2,0.25,-1,458.15,162.75,266.95,195.85
MNQ SEP25,1s,1,1322,2025-07-23 09:42:01,23209.25,23209.25,23208,23208.5,86,1.25,0.75,0,0.5,-1,,,,
MNQ SEP25,1s,1,1323,2025-07-23 09:42:02,23208.5,23209.75,23208,23208.75,62,1.75,0.25,1,0.5,1,,,,
MNQ SEP25,1s,1,1324,2025-07-23 09:42:03,23208.75,23210,23208,23209.75,71,2,1,0.25,0.75,1,,,,
MNQ SEP25,1s,1,1325,2025-07-23 09:42:04,23209.25,23209.25,23206.75,23207.25,96,2.5,2,0,0.5,-1,,,,
MNQ SEP25,1s,1,1326,2025-07-23 09:42:05,23207.75,23209,23207,23209,83,2,1.25,0,0.75,1,,,,
MNQ SEP25,1s,1,1327,2025-07-23 09:42:06,23208.75,23211.5,23208,23210,171,3.5,1.25,1.5,0.75,1,,,,
MNQ SEP25,1s,1,1328,2025-07-23 09:42:07,23209.5,23209.75,23208.5,23209.25,63,1.25,0.25,0.25,0.75,-1,,,,
MNQ SEP25,1s,1,1329,2025-07-23 09:42:08,23208.75,23209,23208.25,23209,36,0.75,0.25,0,0.5,1,,,,
MNQ SEP25,1s,1,1330,2025-07-23 09:42:09,23209.5,23210.25,23208.75,23210.25,49,1.5,0.75,0,0.75,1,,,,
MNQ SEP25,1s,1,1331,2025-07-23 09:42:10,23209.75,23210.25,23208.25,23208.75,62,2,1,0.5,0.5,-1,,,,
MNQ SEP25,10s,10,5532,2025-07-23 09:42:10,23209.25,23211.5,23206.75,23208.75,779,4.75,0.5,2.25,2,-1,-66.15,-164.1,-150.25,-131.12
MNQ SEP25,1s,1,1332,2025-07-23 09:42:11,23209.25,23211.5,23209.25,23209.5,77,2.25,0.25,2,0,1,,,,
MNQ SEP25,1s,1,1333,2025-07-23 09:42:12,23209,23209.5,23207.5,23207.5,102,2,1.5,0.5,0,-1,,,,
MNQ SEP25,1s,1,1334,2025-07-23 09:42:13,23207.5,23208,23206.5,23207.5,47,1.5,0,0.5,1,0,,,,
MNQ SEP25,1s,1,1335,2025-07-23 09:42:14,23207.5,23207.75,23205.5,23205.5,90,2.25,2,0.25,0,-1,,,,
MNQ SEP25,1s,1,1336,2025-07-23 09:42:15,23206.75,23209,23206.25,23207.5,132,2.75,0.75,1.5,0.5,1,,,,
MNQ SEP25,1s,1,1337,2025-07-23 09:42:16,23208,23209.25,23208,23209,61,1.25,1,0.25,0,1,,,,
MNQ SEP25,1s,1,1338,2025-07-23 09:42:17,23208.75,23213.25,23208.5,23212.5,163,4.75,3.75,0.75,0.25,1,,,,
MNQ SEP25,1s,1,1339,2025-07-23 09:42:18,23212.5,23213,23211.5,23212.75,66,1.5,0.25,0.25,1,1,,,,
MNQ SEP25,1s,1,1340,2025-07-23 09:42:19,23212.75,23213,23211,23211.5,62,2,1.25,0.25,0.5,-1,,,,
MNQ SEP25,1s,1,1341,2025-07-23 09:42:20,23211.25,23211.5,23210,23210.75,38,1.5,0.5,0.25,0.75,-1,,,,
MNQ SEP25,10s,10,5533,2025-07-23 09:42:20,23209.25,23213.25,23205.5,23210.75,838,7.75,1.5,2.5,3.75,1,-132.95,-66.8,-160.71666667,-164.5
MNQ SEP25,20s,20,5766,2025-07-23 09:42:20,23209.25,23213.25,23205.5,23210.75,1617,7.75,1.5,2.5,3.75,1,669.1,210.95,181.51666667,246.86
MNQ SEP25,1s,1,1342,2025-07-23 09:42:21,23210,23210,23207.25,23207.5,61,2.75,2.5,0,0.25,-1,,,,
MNQ SEP25,1s,1,1343,2025-07-23 09:42:22,23208,23210,23208,23209.75,41,2,1.75,0.25,0,1,,,,
MNQ SEP25,1s,1,1344,2025-07-23 09:42:23,23209.5,23210,23209,23210,27,1,0.5,0,0.5,1,,,,
MNQ SEP25,1s,1,1345,2025-07-23 09:42:24,23209.5,23212,23209.5,23210.75,51,2.5,1.25,1.25,0,1,,,,
MNQ SEP25,1s,1,1346,2025-07-23 09:42:25,23211.25,23211.5,23209.5,23210,25,2,1.25,0.25,0.5,-1,,,,
MNQ SEP25,1s,1,1347,2025-07-23 09:42:26,23210.25,23210.25,23206.75,23207,60,3.5,3.25,0,0.25,-1,,,,
MNQ SEP25,1s,1,1348,2025-07-23 09:42:27,23206.75,23207.25,23204.75,23206.5,119,2.5,0.25,0.5,1.75,-1,,,,
MNQ SEP25,1s,1,1349,2025-07-23 09:42:28,23207,23209.25,23206.5,23208.5,81,2.75,1.5,0.75,0.5,1,,,,
MNQ SEP25,1s,1,1350,2025-07-23 09:42:29,23208.5,23210.75,23208.25,23210.25,73,2.5,1.75,0.5,0.25,1,,,,
MNQ SEP25,1s,1,1351,2025-07-23 09:42:30,23210.25,23210.75,23208.75,23209.25,19,2,1,0.5,0.5,-1,,,,
MNQ SEP25,10s,10,5534,2025-07-23 09:42:30,23210,23212,23204.75,23209.25,557,7.25,0.75,2,4.5,-1,-100.2,32.75,-66.05,-96.96
MNQ SEP25,1s,1,1352,2025-07-23 09:42:31,23209,23209.5,23207.25,23209.5,34,2.25,0.5,0,1.75,1,,,,
MNQ SEP25,1s,1,1353,2025-07-23 09:42:32,23208.5,23209.5,23207.75,23209,52,1.75,0.5,0.5,0.75,1,,,,
MNQ SEP25,1s,1,1354,2025-07-23 09:42:33,23209,23209.75,23208.5,23209.5,24,1.25,0.5,0.25,0.5,1,,,,
MNQ SEP25,1s,1,1355,2025-07-23 09:42:34,23210,23211.25,23210,23211.25,34,1.25,1.25,0,0,1,,,,
MNQ SEP25,1s,1,1356,2025-07-23 09:42:35,23210,23211.5,23210,23211,28,1.5,1,0.5,0,1,,,,
MNQ SEP25,1s,1,1357,2025-07-23 09:42:36,23210.5,23210.5,23208.5,23208.5,43,2,2,0,0,-1,,,,
MNQ SEP25,1s,1,1358,2025-07-23 09:42:37,23208.75,23210,23208.75,23210,22,1.25,1.25,0,0,1,,,,
MNQ SEP25,1s,1,1359,2025-07-23 09:42:38,23210,23210,23209,23209.25,39,1,0.75,0,0.25,-1,,,,
MNQ SEP25,1s,1,1360,2025-07-23 09:42:39,23208.75,23210.25,23208.5,23209.75,39,1.75,1,0.5,0.25,1,,,,
MNQ SEP25,1s,1,1361,2025-07-23 09:42:40,23209,23209.25,23207.5,23207.5,35,1.75,1.5,0.25,0,-1,,,,
MNQ SEP25,10s,10,5535,2025-07-23 09:42:40,23209,23211.5,23207.25,23207.5,350,4.25,1.5,2.5,0.25,-1,-128.6,-28.4,-20.81666667,-95.56
MNQ SEP25,20s,20,5767,2025-07-23 09:42:40,23210,23212,23204.75,23207.5,907,7.25,2.5,2,2.75,-1,332.7,-336.4,12.43333333,135.08
MNQ SEP25,1s,1,1362,2025-07-23 09:42:41,23207.25,23208,23206.75,23207.75,32,1.25,0.5,0.25,0.5,1,,,,
MNQ SEP25,1s,1,1363,2025-07-23 09:42:42,23208,23208,23205.75,23205.75,58,2.25,2.25,0,0,-1,,,,
MNQ SEP25,1s,1,1364,2025-07-23 09:42:43,23206,23207.25,23204.75,23205.25,67,2.5,0.75,1.25,0.5,-1,,,,
MNQ SEP25,1s,1,1365,2025-07-23 09:42:44,23205.75,23210.75,23205.25,23207.75,275,5.5,2,3,0.5,1,,,,
MNQ SEP25,1s,1,1366,2025-07-23 09:42:45,23208.25,23209.25,23207.75,23208,48,1.5,0.25,1,0.25,-1,,,,
MNQ SEP25,1s,1,1367,2025-07-23 09:42:46,23207.75,23210.75,23207.75,23210.5,74,3,2.75,0.25,0,1,,,,
MNQ SEP25,1s,1,1368,2025-07-23 09:42:47,23210.25,23210.75,23210,23210.75,24,0.75,0.5,0,0.25,1,,,,
MNQ SEP25,1s,1,1369,2025-07-23 09:42:48,23210.5,23210.75,23209.75,23210.25,34,1,0.25,0.25,0.5,-1,,,,
MNQ SEP25,1s,1,1370,2025-07-23 09:42:49,23210.5,23210.75,23208.5,23208.75,35,2.25,1.75,0.25,0.25,-1,,,,
MNQ SEP25,1s,1,1371,2025-07-23 09:42:50,23208.25,23209.25,23208.25,23208.5,8,1,0.25,0.75,0,1,,,,
MNQ SEP25,10s,10,5536,2025-07-23 09:42:50,23207.25,23210.75,23204.75,23208.5,655,6,1.25,2.25,2.5,1,-137.35,-8.75,-1.46666667,-47.06
MNQ SEP25,1s,1,1372,2025-07-23 09:42:51,23208.75,23213.25,23208.75,23212.75,122,4.5,4,0.5,0,1,,,,
MNQ SEP25,1s,1,1373,2025-07-23 09:42:52,23212.5,23213.25,23212,23212.75,70,1.25,0.25,0.5,0.5,1,,,,
MNQ SEP25,1s,1,1374,2025-07-23 09:42:53,23213.25,23214,23212.75,23212.75,54,1.25,0.5,0.75,0,-1,,,,
MNQ SEP25,1s,1,1375,2025-07-23 09:42:54,23213.75,23214.75,23213,23214.25,80,1.75,0.5,0.5,0.75,1,,,,
MNQ SEP25,1s,1,1376,2025-07-23 09:42:55,23214.25,23217,23213.75,23215.5,141,3.25,1.25,1.5,0.5,1,,,,
MNQ SEP25,1s,1,1377,2025-07-23 09:42:56,23215.75,23216,23214.5,23215,113,1.5,0.75,0.25,0.5,-1,,,,
MNQ SEP25,1s,1,1378,2025-07-23 09:42:57,23215.5,23215.5,23214,23214,64,1.5,1.5,0,0,-1,,,,
MNQ SEP25,1s,1,1379,2025-07-23 09:42:58,23213.75,23214.75,23212.5,23212.5,55,2.25,1.25,1,0,-1,,,,
MNQ SEP25,1s,1,1380,2025-07-23 09:42:59,23212.75,23213,23212.5,23212.5,14,0.5,0.25,0.25,0,-1,,,,
MNQ SEP25,1s,1,1381,2025-07-23 09:43:00,23212.75,23213.25,23211.75,23211.75,31,1.5,1,0.5,0,-1,,,,
MNQ SEP25,10s,10,5537,2025-07-23 09:43:00,23208.75,23217,23208.75,23211.75,744,8.25,3,5.25,0,1,-166,-28.65,-21.93333333,-19.97
MNQ SEP25,20s,20,5768,2025-07-23 09:43:00,23207.25,23217,23204.75,23211.75,1399,12.25,4.5,5.25,2.5,1,-63.75,-396.45,-173.96666667,-37.66
MNQ SEP25,1s,1,1382,2025-07-23 09:43:01,23212.75,23214.25,23212.75,23213.75,34,1.5,1,0.5,0,1,,,,
MNQ SEP25,1s,1,1383,2025-07-23 09:43:02,23214,23214,23211.25,23211.5,65,2.75,2.5,0,0.25,-1,,,,
MNQ SEP25,1s,1,1384,2025-07-23 09:43:03,23211.5,23212.75,23211.25,23211.25,43,1.5,0.25,1.25,0,-1,,,,
MNQ SEP25,1s,1,1385,2025-07-23 09:43:04,23211.25,23213.5,23211.25,23213.5,53,2.25,2.25,0,0,1,,,,
MNQ SEP25,1s,1,1386,2025-07-23 09:43:05,23213.5,23215.75,23213.25,23214,63,2.5,0.5,1.75,0.25,1,,,,
MNQ SEP25,1s,1,1387,2025-07-23 09:43:06,23214.25,23214.25,23212,23212.5,26,2.25,1.75,0,0.5,-1,,,,
MNQ SEP25,1s,1,1388,2025-07-23 09:43:07,23212,23213.5,23211.75,23212.75,47,1.75,0.75,0.75,0.25,1,,,,
MNQ SEP25,1s,1,1389,2025-07-23 09:43:08,23212.75,23213.5,23212.75,23213.25,37,0.75,0.5,0.25,0,1,,,,
MNQ SEP25,1s,1,1390,2025-07-23 09:43:09,23213.5,23213.75,23212.25,23213.25,14,1.5,0.25,0.25,1,-1,,,,
MNQ SEP25,1s,1,1391,2025-07-23 09:43:10,23213.75,23213.75,23212.25,23212.25,43,1.5,1.5,0,0,-1,,,,
MNQ SEP25,10s,10,5538,2025-07-23 09:43:10,23212.75,23215.75,23211.25,23212.25,425,4.5,0.5,3,1,-1,-246.6,-80.6,-39.33333333,-22.73
MNQ SEP25,1s,1,1392,2025-07-23 09:43:11,23212.5,23214.25,23212.5,23213.25,30,1.75,0.75,1,0,1,,,,
MNQ SEP25,1s,1,1393,2025-07-23 09:43:12,23213.75,23214.75,23213.75,23214.5,27,1,0.75,0.25,0,1,,,,
MNQ SEP25,1s,1,1394,2025-07-23 09:43:13,23213.75,23214.5,23213.25,23213.75,11,1.25,0,0.75,0.5,0,,,,
MNQ SEP25,1s,1,1395,2025-07-23 09:43:14,23214,23214,23211.5,23211.5,28,2.5,2.5,0,0,-1,,,,
MNQ SEP25,1s,1,1396,2025-07-23 09:43:15,23212.25,23213.5,23212.25,23212.75,32,1.25,0.5,0.75,0,1,,,,
MNQ SEP25,1s,1,1397,2025-07-23 09:43:16,23212.75,23213,23211.25,23211.5,16,1.75,1.25,0.25,0.25,-1,,,,
MNQ SEP25,1s,1,1398,2025-07-23 09:43:17,23211.5,23213.75,23211.5,23213.5,46,2.25,2,0.25,0,1,,,,
MNQ SEP25,1s,1,1399,2025-07-23 09:43:18,23213.75,23214.5,23213.5,23214,32,1,0.25,0.5,0.25,1,,,,
MNQ SEP25,1s,1,1400,2025-07-23 09:43:19,23214.25,23214.75,23213.75,23214.25,25,1,0,0.5,0.5,0,,,,
MNQ SEP25,1s,1,1401,2025-07-23 09:43:20,23213.75,23214,23212,23212,46,2,1.75,0.25,0,-1,,,,
MNQ SEP25,10s,10,5539,2025-07-23 09:43:20,23212.5,23214.75,23211.25,23212,293,3.5,0.5,2.25,0.75,-1,-296.85,-50.25,-53.16666667,-39.33
MNQ SEP25,20s,20,5769,2025-07-23 09:43:20,23212.75,23215.75,23211.25,23212,718,4.5,0.75,3,0.75,-1,-184.2,-120.45,-284.43333333,-95.92
MNQ SEP25,1s,1,1402,2025-07-23 09:43:21,23212.75,23213,23211,23211.25,16,2,1.5,0.25,0.25,-1,,,,
MNQ SEP25,1s,1,1403,2025-07-23 09:43:22,23211.25,23212,23211,23211.75,23,1,0.5,0.25,0.25,1,,,,
MNQ SEP25,1s,1,1404,2025-07-23 09:43:23,23211.25,23211.5,23210.5,23211,42,1,0.25,0.25,0.5,-1,,,,
MNQ SEP25,1s,1,1405,2025-07-23 09:43:24,23211,23211,23209,23209.25,55,2,1.75,0,0.25,-1,,,,
MNQ SEP25,1s,1,1406,2025-07-23 09:43:25,23209.75,23211,23209.25,23209.75,60,1.75,0,1.25,0.5,0,,,,
MNQ SEP25,1s,1,1407,2025-07-23 09:43:26,23210,23211,23210,23210.5,18,1,0.5,0.5,0,1,,,,
MNQ SEP25,1s,1,1408,2025-07-23 09:43:27,23210.5,23212,23210.5,23211.25,18,1.5,0.75,0.75,0,1,,,,
MNQ SEP25,1s,1,1409,2025-07-23 09:43:28,23211,23213.75,23211,23213.5,33,2.75,2.5,0.25,0,1,,,,
MNQ SEP25,1s,1,1410,2025-07-23 09:43:29,23213,23213.75,23212.75,23213,23,1,0,0.75,0.25,0,,,,
MNQ SEP25,1s,1,1411,2025-07-23 09:43:30,23212.25,23212.5,23211.25,23212.25,25,1.25,0,0.25,1,0,,,,
MNQ SEP25,10s,10,5540,2025-07-23 09:43:30,23212.75,23213.75,23209,23212.25,313,4.75,0.5,1,3.25,-1,-285.15,11.7,-39.71666667,-31.31
MNQ SEP25,1s,1,1412,2025-07-23 09:43:31,23212.5,23213,23211.75,23212.5,22,1.25,0,0.5,0.75,0,,,,
MNQ SEP25,1s,1,1413,2025-07-23 09:43:32,23212.5,23212.5,23208.5,23208.75,115,4,3.75,0,0.25,-1,,,,
MNQ SEP25,1s,1,1414,2025-07-23 09:43:33,23208.5,23209.25,23208,23208.5,49,1.25,0,0.75,0.5,0,,,,
MNQ SEP25,1s,1,1415,2025-07-23 09:43:34,23209,23210.5,23208.25,23209.5,45,2.25,0.5,1,0.75,1,,,,
MNQ SEP25,1s,1,1416,2025-07-23 09:43:35,23210,23210.25,23207.25,23208,76,3,2,0.25,0.75,-1,,,,
MNQ SEP25,1s,1,1417,2025-07-23 09:43:36,23208,23209,23207,23207,67,2,1,1,0,-1,,,,
MNQ SEP25,1s,1,1418,2025-07-23 09:43:37,23207.25,23208,23205.25,23207.75,131,2.75,0.5,0.25,2,1,,,,
MNQ SEP25,1s,1,1419,2025-07-23 09:43:38,23207.5,23208.5,23207.25,23208.25,62,1.25,0.75,0.25,0.25,1,,,,
MNQ SEP25,1s,1,1420,2025-07-23 09:43:39,23208,23209.75,23207.75,23209.75,65,2,1.75,0,0.25,1,,,,
MNQ SEP25,1s,1,1421,2025-07-23 09:43:40,23210,23210.5,23209.5,23209.75,20,1,0.25,0.5,0.25,-1,,,,
MNQ SEP25,10s,10,5541,2025-07-23 09:43:40,23212.5,23213,23205.25,23209.75,652,7.75,2.75,0.5,4.5,-1,-293.7,-8.55,-15.7,-31.27
MNQ SEP25,20s,20,5770,2025-07-23 09:43:40,23212.75,23213.75,23205.25,23209.75,965,8.5,3,1,4.5,-1,-210.95,-26.75,-181.21666667,-133.82
MNQ SEP25,1s,1,1422,2025-07-23 09:43:41,23209.25,23209.25,23208,23208.75,33,1.25,0.5,0,0.75,-1,,,,
MNQ SEP25,1s,1,1423,2025-07-23 09:43:42,23208.75,23212,23208.75,23211.5,61,3.25,2.75,0.5,0,1,,,,
MNQ SEP25,1s,1,1424,2025-07-23 09:43:43,23211.5,23214,23211,23214,49,3,2.5,0,0.5,1,,,,
MNQ SEP25,1s,1,1425,2025-07-23 09:43:44,23214,23214,23212.25,23213.25,38,1.75,0.75,0,1,-1,,,,
MNQ SEP25,1s,1,1426,2025-07-23 09:43:45,23212.75,23212.75,23211.25,23211.75,20,1.5,1,0,0.5,-1,,,,
MNQ SEP25,1s,1,1427,2025-07-23 09:43:46,23211.5,23213.5,23211.5,23213.25,39,2,1.75,0.25,0,1,,,,
MNQ SEP25,1s,1,1428,2025-07-23 09:43:47,23213,23214.25,23212.5,23212.5,17,1.75,0.5,1.25,0,-1,,,,
MNQ SEP25,1s,1,1429,2025-07-23 09:43:48,23213,23213.25,23212.25,23213,21,1,0,0.25,0.75,0,,,,
MNQ SEP25,1s,1,1430,2025-07-23 09:43:49,23212.75,23213.5,23212.5,23213.25,27,1,0.5,0.25,0.25,1,,,,
MNQ SEP25,1s,1,1431,2025-07-23 09:43:50,23213.5,23214.25,23212.75,23212.75,26,1.5,0.75,0.75,0,-1,,,,
MNQ SEP25,10s,10,5542,2025-07-23 09:43:50,23209.25,23214.25,23208,23212.75,331,6.25,3.5,1.5,1.25,1,-373.65,-79.95,-25.6,-41.53
MNQ SEP25,1s,1,1432,2025-07-23 09:43:51,23212.5,23213,23212,23212.5,32,1,0,0.5,0.5,0,,,,
MNQ SEP25,1s,1,1433,2025-07-23 09:43:52,23212.5,23213.5,23212.25,23213.5,18,1.25,1,0,0.25,1,,,,
MNQ SEP25,1s,1,1434,2025-07-23 09:43:53,23212,23212,23210.5,23210.5,38,1.5,1.5,0,0,-1,,,,
MNQ SEP25,1s,1,1435,2025-07-23 09:43:54,23211.5,23211.5,23210.25,23210.25,29,1.25,1.25,0,0,-1,,,,
MNQ SEP25,1s,1,1436,2025-07-23 09:43:55,23210.5,23210.5,23209.25,23209.25,27,1.25,1.25,0,0,-1,,,,
MNQ SEP25,1s,1,1437,2025-07-23 09:43:56,23208.75,23211,23208.75,23211,24,2.25,2.25,0,0,1,,,,
MNQ SEP25,1s,1,1438,2025-07-23 09:43:57,23210.75,23210.75,23210,23210.25,8,0.75,0.5,0,0.25,-1,,,,
MNQ SEP25,1s,1,1439,2025-07-23 09:43:58,23210.5,23210.75,23209,23209.5,17,1.75,1,0.25,0.5,-1,,,,
MNQ SEP25,1s,1,1440,2025-07-23 09:43:59,23210.75,23210.75,23209.5,23209.5,18,1.25,1.25,0,0,-1,,,,
MNQ SEP25,1s,1,1441,2025-07-23 09:44:00,23209.5,23209.5,23208.25,23209,22,1.25,0.5,0,0.75,-1,,,,
MNQ SEP25,10s,10,5543,2025-07-23 09:44:00,23212.5,23213.5,23208.25,23209,233,5.25,3.5,1,0.75,-1,-399.95,-26.3,-38.26666667,-30.67
MNQ SEP25,20s,20,5771,2025-07-23 09:44:00,23209.25,23214.25,23208,23209,564,6.25,0.25,5,1,-1,-390.85,-179.9,-109.03333333,-211.99
MNQ SEP25,1s,1,1442,2025-07-23 09:44:01,23208.5,23209,23207.25,23207.25,98,1.75,1.25,0.5,0,-1,,,,
MNQ SEP25,1s,1,1443,2025-07-23 09:44:02,23207.25,23208.5,23207,23208.5,14,1.5,1.25,0,0.25,1,,,,
MNQ SEP25,1s,1,1444,2025-07-23 09:44:03,23208.75,23210,23208.5,23209.75,35,1.5,1,0.25,0.25,1,,,,
MNQ SEP25,1s,1,1445,2025-07-23 09:44:04,23210,23210,23209,23209.5,40,1,0.5,0,0.5,-1,,,,
MNQ SEP25,1s,1,1446,2025-07-23 09:44:05,23209.5,23210,23209.25,23209.5,26,0.75,0,0.5,0.25,0,,,,
MNQ SEP25,1s,1,1447,2025-07-23 09:44:06,23209,23209.25,23207.5,23209,30,1.75,0,0.25,1.5,0,,,,
MNQ SEP25,1s,1,1448,2025-07-23 09:44:07,23208.5,23208.5,23207.25,23207.75,34,1.25,0.75,0,0.5,-1,,,,
MNQ SEP25,1s,1,1449,2025-07-23 09:44:08,23208,23208,23205.75,23208,67,2.25,0,0,2.25,0,,,,
MNQ SEP25,1s,1,1450,2025-07-23 09:44:09,23207.75,23208.5,23206.5,23206.5,94,2,1.25,0.75,0,-1,,,,
MNQ SEP25,1s,1,1451,2025-07-23 09:44:10,23206.5,23207.25,23206.25,23206.75,25,1,0.25,0.5,0.25,1,,,,
MNQ SEP25,10s,10,5544,2025-07-23 09:44:10,23208.5,23210,23205.75,23206.75,463,4.25,1.75,1.5,1,-1,-287.5,112.45,2.06666667,1.87
MNQ SEP25,1s,1,1452,2025-07-23 09:44:11,23206.75,23207,23206,23206.5,23,1,0.25,0.25,0.5,-1,,,,
MNQ SEP25,1s,1,1453,2025-07-23 09:44:12,23206.25,23206.75,23205,23205.25,92,1.75,1,0.5,0.25,-1,,,,
MNQ SEP25,1s,1,1454,2025-07-23 09:44:13,23205.75,23206,23205.25,23205.5,32,0.75,0.25,0.25,0.25,-1,,,,
MNQ SEP25,1s,1,1455,2025-07-23 09:44:14,23205.5,23206.25,23202,23203.5,367,4.25,2,0.75,1.5,-1,,,,
MNQ SEP25,1s,1,1456,2025-07-23 09:44:15,23203.75,23205.25,23203.5,23205,135,1.75,1.25,0.25,0.25,1,,,,
MNQ SEP25,1s,1,1457,2025-07-23 09:44:16,23205,23207,23204.75,23205.75,113,2.25,0.75,1.25,0.25,1,,,,
MNQ SEP25,1s,1,1458,2025-07-23 09:44:17,23206,23206.5,23205.5,23205.5,80,1,0.5,0.5,0,-1,,,,
MNQ SEP25,1s,1,1459,2025-07-23 09:44:18,23205.75,23206.5,23203.5,23204.25,65,3,1.5,0.75,0.75,-1,,,,
MNQ SEP25,1s,1,1460,2025-07-23 09:44:19,23203.5,23204.5,23202,23203,131,2.5,0.5,1,1,-1,,,,
MNQ SEP25,1s,1,1461,2025-07-23 09:44:20,23203,23203,23201.5,23203,90,1.5,0,0,1.5,0,,,,
MNQ SEP25,10s,10,5545,2025-07-23 09:44:20,23206.75,23207,23201.5,23203,1128,5.5,3.75,0.25,1.5,-1,-141.6,145.9,77.35,28.71
MNQ SEP25,20s,20,5772,2025-07-23 09:44:20,23208.5,23210,23201.5,23203,1591,8.5,5.5,1.5,1.5,-1,-297.9,92.95,-37.9,-126.12
MNQ SEP25,1s,1,1462,2025-07-23 09:44:21,23203.75,23205,23203.75,23204.25,89,1.25,0.5,0.75,0,1,,,,
MNQ SEP25,1s,1,1463,2025-07-23 09:44:22,23204.25,23204.5,23202,23203.25,58,2.5,1,0.25,1.25,-1,,,,
MNQ SEP25,1s,1,1464,2025-07-23 09:44:23,23203.5,23204,23203,23203.5,94,1,0,0.5,0.5,0,,,,
MNQ SEP25,1s,1,1465,2025-07-23 09:44:24,23203.5,23203.75,23202.75,23203.75,43,1,0.25,0,0.75,1,,,,
MNQ SEP25,1s,1,1466,2025-07-23 09:44:25,23204,23204.5,23203.5,23203.5,74,1,0.5,0.5,0,-1,,,,
MNQ SEP25,1s,1,1467,2025-07-23 09:44:26,23203.5,23205.75,23203.25,23205.5,77,2.5,2,0.25,0.25,1,,,,
MNQ SEP25,1s,1,1468,2025-07-23 09:44:27,23206,23207.75,23206,23207.75,102,1.75,1.75,0,0,1,,,,
MNQ SEP25,1s,1,1469,2025-07-23 09:44:28,23207.5,23208,23204.5,23205.75,55,3.5,1.75,0.5,1.25,-1,,,,
MNQ SEP25,1s,1,1470,2025-07-23 09:44:29,23205.75,23206,23205.25,23206,8,0.75,0.25,0,0.5,1,,,,
MNQ SEP25,1s,1,1471,2025-07-23 09:44:30,23205.75,23207,23205.5,23206.5,34,1.5,0.75,0.5,0.25,1,,,,
MNQ SEP25,10s,10,5546,2025-07-23 09:44:30,23203.75,23208,23202,23206.5,634,6,2.75,1.5,1.75,1,-79.95,61.65,106.66666667,42.75
MNQ SEP25,1s,1,1472,2025-07-23 09:44:31,23206,23207.25,23205.75,23206.75,27,1.5,0.75,0.5,0.25,1,,,,
MNQ SEP25,1s,1,1473,2025-07-23 09:44:32,23206.25,23206.25,23205.75,23205.75,18,0.5,0.5,0,0,-1,,,,
MNQ SEP25,1s,1,1474,2025-07-23 09:44:33,23205.75,23205.75,23204.25,23205.25,49,1.5,0.5,0,1,-1,,,,
MNQ SEP25,1s,1,1475,2025-07-23 09:44:34,23204.75,23205.5,23204.75,23205.25,27,0.75,0.5,0.25,0,1,,,,
MNQ SEP25,1s,1,1476,2025-07-23 09:44:35,23205.5,23206.5,23205,23206,39,1.5,0.5,0.5,0.5,1,,,,
MNQ SEP25,1s,1,1477,2025-07-23 09:44:36,23205.75,23206.5,23205.25,23205.25,39,1.25,0.5,0.75,0,-1,,,,
MNQ SEP25,1s,1,1478,2025-07-23 09:44:37,23205.75,23206.25,23204.5,23205,30,1.75,0.75,0.5,0.5,-1,,,,
MNQ SEP25,1s,1,1479,2025-07-23 09:44:38,23205.25,23205.5,23205,23205,14,0.5,0.25,0.25,0,-1,,,,
MNQ SEP25,1s,1,1480,2025-07-23 09:44:39,23205,23206,23204.25,23206,19,1.75,1,0,0.75,1,,,,
MNQ SEP25,1s,1,1481,2025-07-23 09:44:40,23205.5,23205.75,23204.25,23204.25,31,1.5,1.25,0.25,0,-1,,,,
MNQ SEP25,10s,10,5547,2025-07-23 09:44:40,23206,23207.25,23204.25,23204.25,293,3,1.75,1.25,0,-1,-25.3,54.65,87.4,69.67
MNQ SEP25,20s,20,5773,2025-07-23 09:44:40,23203.75,23208,23202,23204.25,927,6,0.5,3.75,1.75,1,-387.05,-89.15,-58.7,-64.66
MNQ SEP25,1s,1,1482,2025-07-23 09:44:41,23204.75,23205.5,23203.75,23204.25,19,1.75,0.5,0.75,0.5,-1,,,,
MNQ SEP25,1s,1,1483,2025-07-23 09:44:42,23204.25,23204.25,23203.5,23203.75,22,0.75,0.5,0,0.25,-1,,,,
MNQ SEP25,1s,1,1484,2025-07-23 09:44:43,23203.5,23203.5,23202.25,23203,59,1.25,0.5,0,0.75,-1,,,,
MNQ SEP25,1s,1,1485,2025-07-23 09:44:44,23203.5,23204,23202.75,23203.5,55,1.25,0,0.5,0.75,0,,,,
MNQ SEP25,1s,1,1486,2025-07-23 09:44:45,23203,23203.5,23202.25,23203.5,51,1.25,0.5,0,0.75,1,,,,
MNQ SEP25,1s,1,1487,2025-07-23 09:44:46,23202.75,23203.25,23199,23199.75,376,4.25,3,0.5,0.75,-1,,,,
MNQ SEP25,1s,1,1488,2025-07-23 09:44:47,23199.5,23201,23199,23199.5,153,2,0,1.5,0.5,0,,,,
MNQ SEP25,1s,1,1489,2025-07-23 09:44:48,23199.5,23201.75,23199,23201.75,103,2.75,2.25,0,0.5,1,,,,
MNQ SEP25,1s,1,1490,2025-07-23 09:44:49,23201.25,23202.25,23201,23202.25,36,1.25,1,0,0.25,1,,,,
MNQ SEP25,1s,1,1491,2025-07-23 09:44:50,23202.25,23203.75,23201.75,23201.75,91,2,0.5,1.5,0,-1,,,,
MNQ SEP25,10s,10,5548,2025-07-23 09:44:50,23204.75,23205.5,23199,23201.75,965,6.5,3,0.75,2.75,-1,129.9,155.2,90.5,105.97
MNQ SEP25,1s,1,1492,2025-07-23 09:44:51,23202.25,23202.75,23201,23201.25,67,1.75,1,0.5,0.25,-1,,,,
MNQ SEP25,1s,1,1493,2025-07-23 09:44:52,23200.75,23200.75,23198.75,23199.75,74,2,1,0,1,-1,,,,
MNQ SEP25,1s,1,1494,2025-07-23 09:44:53,23199.5,23200.25,23199,23199.75,59,1.25,0.25,0.5,0.5,1,,,,
MNQ SEP25,1s,1,1495,2025-07-23 09:44:54,23200,23200.25,23197.25,23198,177,3,2,0.25,0.75,-1,,,,
MNQ SEP25,1s,1,1496,2025-07-23 09:44:55,23197.25,23198.25,23196.5,23197.75,175,1.75,0.5,0.5,0.75,1,,,,
MNQ SEP25,1s,1,1497,2025-07-23 09:44:56,23197.5,23198.5,23197,23198.25,131,1.5,0.75,0.25,0.5,1,,,,
MNQ SEP25,1s,1,1498,2025-07-23 09:44:57,23198,23198.25,23197.25,23197.5,72,1,0.5,0.25,0.25,-1,,,,
MNQ SEP25,1s,1,1499,2025-07-23 09:44:58,23197.25,23197.75,23196.5,23197,68,1.25,0.25,0.5,0.5,-1,,,,
MNQ SEP25,1s,1,1500,2025-07-23 09:44:59,23196.25,23198,23196,23197.5,129,2,1.25,0.5,0.25,1,,,,
MNQ SEP25,1s,1,1501,2025-07-23 09:45:00,23197.25,23198.5,23197.25,23197.5,93,1.25,0.25,1,0,1,,,,
MNQ SEP25,10s,10,5549,2025-07-23 09:45:00,23202.25,23202.75,23196,23197.5,1045,6.75,4.75,0.5,1.5,-1,219.85,89.95,99.93333333,101.47
MNQ SEP25,20s,20,5774,2025-07-23 09:45:00,23204.75,23205.5,23196,23197.5,2010,9.5,7.25,0.75,1.5,-1,-181.15,205.9,69.9,0.61
MNQ SEP25,1s,1,1502,2025-07-23 09:45:01,23198,23198,23193.5,23193.5,475,4.5,4.5,0,0,-1,,,,
MNQ SEP25,1s,1,1503,2025-07-23 09:45:02,23193.5,23195,23192,23193.5,264,3,0,1.5,1.5,0,,,,
MNQ SEP25,1s,1,1504,2025-07-23 09:45:03,23193.75,23195.75,23190.25,23194.75,414,5.5,1,1,3.5,1,,,,
MNQ SEP25,1s,1,1505,2025-07-23 09:45:04,23194.5,23195,23193.25,23194.75,138,1.75,0.25,0.25,1.25,1,,,,
MNQ SEP25,1s,1,1506,2025-07-23 09:45:05,23194.75,23195.5,23190.25,23190.25,282,5.25,4.5,0.75,0,-1,,,,
MNQ SEP25,1s,1,1507,2025-07-23 09:45:06,23190.25,23191.75,23189.5,23190.25,263,2.25,0,1.5,0.75,0,,,,
MNQ SEP25,1s,1,1508,2025-07-23 09:45:07,23190.25,23190.5,23188.5,23189,227,2,1.25,0.25,0.5,-1,,,,
MNQ SEP25,1s,1,1509,2025-07-23 09:45:08,23189.5,23190,23188,23188.25,183,2,1.25,0.5,0.25,-1,,,,
MNQ SEP25,1s,1,1510,2025-07-23 09:45:09,23188,23188,23186.25,23187.25,246,1.75,0.75,0,1,-1,,,,
MNQ SEP25,1s,1,1511,2025-07-23 09:45:10,23187,23188.5,23186.5,23187,196,2,0,1.5,0.5,0,,,,
MNQ SEP25,10s,10,5550,2025-07-23 09:45:10,23198,23198,23186.25,23187,2688,11.75,11,0,0.75,-1,424,204.15,149.76666667,113.12
MNQ SEP25,1s,1,1512,2025-07-23 09:45:11,23188,23188.75,23187.5,23187.75,103,1.25,0.25,0.75,0.25,-1,,,,
MNQ SEP25,1s,1,1513,2025-07-23 09:45:12,23188,23189.25,23186.25,23187,142,3,1,1.25,0.75,-1,,,,
MNQ SEP25,1s,1,1514,2025-07-23 09:45:13,23186.75,23187,23184.25,23184.5,345,2.75,2.25,0.25,0.25,-1,,,,
MNQ SEP25,1s,1,1515,2025-07-23 09:45:14,23184.5,23185.75,23184,23184.5,124,1.75,0,1.25,0.5,0,,,,
MNQ SEP25,1s,1,1516,2025-07-23 09:45:15,23184.5,23185,23183.5,23183.75,205,1.5,0.75,0.5,0.25,-1,,,,
MNQ SEP25,1s,1,1517,2025-07-23 09:45:16,23184.25,23184.5,23180.75,23181.75,532,3.75,2.5,0.25,1,-1,,,,
MNQ SEP25,1s,1,1518,2025-07-23 09:45:17,23181.25,23182.25,23178.5,23180,499,3.75,1.25,1,1.5,-1,,,,
MNQ SEP25,1s,1,1519,2025-07-23 09:45:18,23181.5,23181.5,23177.25,23178.75,266,4.25,2.75,0,1.5,-1,,,,
MNQ SEP25,1s,1,1520,2025-07-23 09:45:19,23179,23181,23178.25,23180.25,220,2.75,1.25,0.75,0.75,1,,,,
MNQ SEP25,1s,1,1521,2025-07-23 09:45:20,23180.5,23181.75,23179.25,23179.25,220,2.5,1.25,1.25,0,-1,,,,
MNQ SEP25,10s,10,5551,2025-07-23 09:45:20,23188,23189.25,23177.25,23179.25,2656,12,8.75,1.25,2,-1,727.3,303.3,199.13333333,161.45
MNQ SEP25,20s,20,5775,2025-07-23 09:45:20,23198,23198,23177.25,23179.25,5344,20.75,18.75,0,2,-1,511.05,692.2,269.65,144.4
MNQ SEP25,1s,1,1522,2025-07-23 09:45:21,23179.25,23182.75,23179.25,23180,257,3.5,0.75,2.75,0,1,,,,
MNQ SEP25,1s,1,1523,2025-07-23 09:45:22,23180,23181.5,23179.25,23179.25,169,2.25,0.75,1.5,0,-1,,,,
MNQ SEP25,1s,1,1524,2025-07-23 09:45:23,23179.75,23179.75,23175,23175.5,325,4.75,4.25,0,0.5,-1,,,,
MNQ SEP25,1s,1,1525,2025-07-23 09:45:24,23175.25,23176.25,23173,23175.25,354,3.25,0,1,2.25,0,,,,
MNQ SEP25,1s,1,1526,2025-07-23 09:45:25,23175.75,23176.5,23174.75,23175.25,146,1.75,0.5,0.75,0.5,-1,,,,
MNQ SEP25,1s,1,1527,2025-07-23 09:45:26,23174.75,23177,23174.5,23176.75,166,2.5,2,0.25,0.25,1,,,,
MNQ SEP25,1s,1,1528,2025-07-23 09:45:27,23176.25,23177,23175,23176,111,2,0.25,0.75,1,-1,,,,
MNQ SEP25,1s,1,1529,2025-07-23 09:45:28,23175.75,23176.25,23174.75,23175.5,114,1.5,0.25,0.5,0.75,-1,,,,
MNQ SEP25,1s,1,1530,2025-07-23 09:45:29,23175.75,23177.25,23175,23177,181,2.25,1.25,0.25,0.75,1,,,,
MNQ SEP25,1s,1,1531,2025-07-23 09:45:30,23176.5,23178.75,23176.5,23177.75,157,2.25,1.25,1,0,1,,,,
MNQ SEP25,10s,10,5552,2025-07-23 09:45:30,23179.25,23182.75,23173,23177.75,1980,9.75,1.5,3.5,4.75,-1,1004.65,277.35,261.6,205.99
MNQ SEP25,1s,1,1532,2025-07-23 09:45:31,23178.25,23178.5,23174.5,23175,221,4,3.25,0.25,0.5,-1,,,,
MNQ SEP25,1s,1,1533,2025-07-23 09:45:32,23175.25,23175.25,23172,23175,267,3.25,0.25,0,3,-1,,,,
MNQ SEP25,1s,1,1534,2025-07-23 09:45:33,23175.25,23177,23174.75,23175.75,188,2.25,0.5,1.25,0.5,1,,,,
MNQ SEP25,1s,1,1535,2025-07-23 09:45:34,23176,23176,23174.5,23175,148,1.5,1,0,0.5,-1,,,,
MNQ SEP25,1s,1,1536,2025-07-23 09:45:35,23174.75,23176,23174.5,23175.5,107,1.5,0.75,0.5,0.25,1,,,,
MNQ SEP25,1s,1,1537,2025-07-23 09:45:36,23175.5,23176.25,23174.25,23176.25,56,2,0.75,0,1.25,1,,,,
MNQ SEP25,1s,1,1538,2025-07-23 09:45:37,23176.5,23180,23176.5,23178.75,238,3.5,2.25,1.25,0,1,,,,
MNQ SEP25,1s,1,1539,2025-07-23 09:45:38,23178.75,23180.75,23178.25,23179.75,177,2.5,1,1,0.5,1,,,,
MNQ SEP25,1s,1,1540,2025-07-23 09:45:39,23179.75,23180.5,23179,23180,126,1.5,0.25,0.5,0.75,1,,,,
MNQ SEP25,1s,1,1541,2025-07-23 09:45:40,23180,23180.5,23176.5,23178,175,4,2,0.5,1.5,-1,,,,
MNQ SEP25,10s,10,5553,2025-07-23 09:45:40,23178.25,23180.75,23172,23178,1703,8.75,0.25,2.5,6,-1,1109,104.35,228.33333333,195.82
MNQ SEP25,20s,20,5776,2025-07-23 09:45:40,23179.25,23182.75,23172,23178,3683,10.75,1.25,3.5,6,-1,1013.05,502,466.7,280.78
MNQ SEP25,1s,1,1542,2025-07-23 09:45:41,23178.5,23179,23175.75,23176,86,3.25,2.5,0.5,0.25,-1,,,,
MNQ SEP25,1s,1,1543,2025-07-23 09:45:42,23176.75,23177,23175.75,23176.5,36,1.25,0.25,0.25,0.75,-1,,,,
MNQ SEP25,1s,1,1544,2025-07-23 09:45:43,23176.5,23177,23175.5,23175.75,67,1.5,0.75,0.5,0.25,-1,,,,
MNQ SEP25,1s,1,1545,2025-07-23 09:45:44,23175.5,23175.5,23173,23175,122,2.5,0.5,0,2,-1,,,,
MNQ SEP25,1s,1,1546,2025-07-23 09:45:45,23174.75,23176.75,23172.25,23172.75,196,4.5,2,2,0.5,-1,,,,
MNQ SEP25,1s,1,1547,2025-07-23 09:45:46,23172.25,23173.75,23171.5,23173.75,190,2.25,1.5,0,0.75,1,,,,
MNQ SEP25,1s,1,1548,2025-07-23 09:45:47,23173.75,23174.25,23171.5,23172.5,144,2.75,1.25,0.5,1,-1,,,,
MNQ SEP25,1s,1,1549,2025-07-23 09:45:48,23172.5,23173.25,23171.75,23172.5,89,1.5,0,0.75,0.75,0,,,,
MNQ SEP25,1s,1,1550,2025-07-23 09:45:49,23172.25,23172.5,23167,23167,627,5.5,5.25,0.25,0,-1,,,,
MNQ SEP25,1s,1,1551,2025-07-23 09:45:50,23167,23167.5,23166,23167.5,229,1.5,0.5,0,1,1,,,,
MNQ SEP25,10s,10,5554,2025-07-23 09:45:50,23178.5,23179,23166,23167.5,1786,13,11,0.5,1.5,-1,1195.75,86.75,156.15,195.18
MNQ SEP25,1s,1,1552,2025-07-23 09:45:51,23167,23168,23165.75,23167.25,204,2.25,0.25,0.75,1.25,1,,,,
MNQ SEP25,1s,1,1553,2025-07-23 09:45:52,23166.75,23168,23166.5,23168,136,1.5,1.25,0,0.25,1,,,,
MNQ SEP25,1s,1,1554,2025-07-23 09:45:53,23167.75,23168.75,23167.25,23168.75,124,1.5,1,0,0.5,1,,,,
MNQ SEP25,1s,1,1555,2025-07-23 09:45:54,23168.25,23169.25,23168,23168.5,107,1.25,0.25,0.75,0.25,1,,,,
MNQ SEP25,1s,1,1556,2025-07-23 09:45:55,23168.75,23170,23168,23168.75,194,2,0,1.25,0.75,0,,,,
MNQ SEP25,1s,1,1557,2025-07-23 09:45:56,23168.75,23169,23166,23166,100,3,2.75,0.25,0,-1,,,,
MNQ SEP25,1s,1,1558,2025-07-23 09:45:57,23166.25,23167,23164.25,23165.25,245,2.75,1,0.75,1,-1,,,,
MNQ SEP25,1s,1,1559,2025-07-23 09:45:58,23165.75,23168.5,23164.75,23167,208,3.75,1.25,1.5,1,1,,,,
MNQ SEP25,1s,1,1560,2025-07-23 09:45:59,23167.5,23167.5,23166,23166.75,142,1.5,0.75,0,0.75,-1,,,,
MNQ SEP25,1s,1,1561,2025-07-23 09:46:00,23166.75,23168,23166.25,23167,130,1.75,0.25,1,0.5,1,,,,
MNQ SEP25,10s,10,5555,2025-07-23 09:46:00,23167,23170,23164.25,23167,1590,5.75,0,3,2.75,0,914.15,-281.6,-30.16666667,98.03
MNQ SEP25,20s,20,5777,2025-07-23 09:46:00,23178.5,23179,23164.25,23167,3376,14.75,11.5,0.5,2.75,-1,1278.95,265.9,486.7,315.37
MNQ SEP25,1s,1,1562,2025-07-23 09:46:01,23166.75,23166.75,23163,23163.5,604,3.75,3.25,0,0.5,-1,,,,
MNQ SEP25,1s,1,1563,2025-07-23 09:46:02,23163.5,23166,23163.25,23163.5,234,2.75,0,2.5,0.25,0,,,,
MNQ SEP25,1s,1,1564,2025-07-23 09:46:03,23163.25,23167.25,23162.25,23165.5,211,5,2.25,1.75,1,1,,,,
MNQ SEP25,1s,1,1565,2025-07-23 09:46:04,23166,23168,23165.25,23167.25,149,2.75,1.25,0.75,0.75,1,,,,
MNQ SEP25,1s,1,1566,2025-07-23 09:46:05,23167.5,23169.5,23167.25,23169,205,2.25,1.5,0.5,0.25,1,,,,
MNQ SEP25,1s,1,1567,2025-07-23 09:46:06,23168.75,23169.25,23167.5,23168.25,89,1.75,0.5,0.5,0.75,-1,,,,
MNQ SEP25,1s,1,1568,2025-07-23 09:46:07,23168.25,23169.25,23166.25,23169,175,3,0.75,0.25,2,1,,,,
MNQ SEP25,1s,1,1569,2025-07-23 09:46:08,23169,23170,23167.75,23169.5,234,2.25,0.5,0.5,1.25,1,,,,
MNQ SEP25,1s,1,1570,2025-07-23 09:46:09,23169.5,23170,23166.5,23168,154,3.5,1.5,0.5,1.5,-1,,,,
MNQ SEP25,1s,1,1571,2025-07-23 09:46:10,23167.25,23167.75,23165.5,23166.75,104,2.25,0.5,0.5,1.25,-1,,,,
MNQ SEP25,10s,10,5556,2025-07-23 09:46:10,23166.75,23170,23162.25,23166.75,2159,7.75,0,3.25,4.5,0,739.55,-174.6,-123.15,2.45
MNQ SEP25,1s,1,1572,2025-07-23 09:46:11,23166.75,23167.5,23165,23167,63,2.5,0.25,0.5,1.75,1,,,,
MNQ SEP25,1s,1,1573,2025-07-23 09:46:12,23166.5,23167.5,23165.5,23165.5,48,2,1,1,0,-1,,,,
MNQ SEP25,1s,1,1574,2025-07-23 09:46:13,23166,23168.25,23165.25,23167.25,105,3,1.25,1,0.75,1,,,,
MNQ SEP25,1s,1,1575,2025-07-23 09:46:14,23167.25,23171.5,23167.25,23170.25,164,4.25,3,1.25,0,1,,,,
MNQ SEP25,1s,1,1576,2025-07-23 09:46:15,23170,23172.75,23169.5,23171.5,265,3.25,1.5,1.25,0.5,1,,,,
MNQ SEP25,1s,1,1577,2025-07-23 09:46:16,23171.75,23173.5,23170.75,23171,238,2.75,0.75,1.75,0.25,-1,,,,
MNQ SEP25,1s,1,1578,2025-07-23 09:46:17,23171,23172,23169.25,23170.5,208,2.75,0.5,1,1.25,-1,,,,
MNQ SEP25,1s,1,1579,2025-07-23 09:46:18,23171,23173,23170.75,23171.75,91,2.25,0.75,1.25,0.25,1,,,,
MNQ SEP25,1s,1,1580,2025-07-23 09:46:19,23171,23172.5,23170.5,23172.5,119,2,1.5,0,0.5,1,,,,
MNQ SEP25,1s,1,1581,2025-07-23 09:46:20,23173,23176,23171.75,23173.25,275,4.25,0.25,2.75,1.25,1,,,,
MNQ SEP25,10s,10,5557,2025-07-23 09:46:20,23166.75,23176,23165,23173.25,1576,11,6.5,2.75,1.75,1,617.15,-122.4,-192.86666667,-77.5
MNQ SEP25,20s,20,5778,2025-07-23 09:46:20,23166.75,23176,23162.25,23173.25,3735,13.75,6.5,2.75,4.5,1,1689.15,410.2,392.7,415.24
MNQ SEP25,1s,1,1582,2025-07-23 09:46:21,23172.75,23176,23172.75,23174.75,174,3.25,2,1.25,0,1,,,,
MNQ SEP25,1s,1,1583,2025-07-23 09:46:22,23174.75,23177.5,23174,23177.25,265,3.5,2.5,0.25,0.75,1,,,,
MNQ SEP25,1s,1,1584,2025-07-23 09:46:23,23177,23179,23176.5,23177,249,2.5,0,2,0.5,0,,,,
MNQ SEP25,1s,1,1585,2025-07-23 09:46:24,23176.75,23178,23176.5,23177,155,1.5,0.25,1,0.25,1,,,,
MNQ SEP25,1s,1,1586,2025-07-23 09:46:25,23177,23177.5,23175.25,23175.5,86,2.25,1.5,0.5,0.25,-1,,,,
MNQ SEP25,1s,1,1587,2025-07-23 09:46:26,23175.75,23175.75,23173.25,23175,140,2.5,0.75,0,1.75,-1,,,,
MNQ SEP25,1s,1,1588,2025-07-23 09:46:27,23174.25,23175.5,23173.75,23174.75,131,1.75,0.5,0.75,0.5,1,,,,
MNQ SEP25,1s,1,1589,2025-07-23 09:46:28,23174.75,23175.5,23174,23175.25,25,1.5,0.5,0.25,0.75,1,,,,
MNQ SEP25,1s,1,1590,2025-07-23 09:46:29,23174.75,23176.75,23174.25,23176.25,60,2.5,1.5,0.5,0.5,1,,,,
MNQ SEP25,1s,1,1591,2025-07-23 09:46:30,23176.5,23178,23176.25,23176.5,97,1.75,0,1.5,0.25,0,,,,
MNQ SEP25,10s,10,5558,2025-07-23 09:46:30,23172.75,23179,23172.75,23176.5,1382,6.25,3.75,2.5,0,1,505.1,-112.05,-136.35,-120.78
MNQ SEP25,1s,1,1592,2025-07-23 09:46:31,23176,23176.5,23175.25,23176,87,1.25,0,0.5,0.75,0,,,,
MNQ SEP25,1s,1,1593,2025-07-23 09:46:32,23176.25,23177.75,23174.75,23176,83,3,0.25,1.5,1.25,-1,,,,
MNQ SEP25,1s,1,1594,2025-07-23 09:46:33,23176,23176.75,23175.75,23176.25,100,1,0.25,0.5,0.25,1,,,,
MNQ SEP25,1s,1,1595,2025-07-23 09:46:34,23176.5,23176.5,23175.5,23176,49,1,0.5,0,0.5,-1,,,,
MNQ SEP25,1s,1,1596,2025-07-23 09:46:35,23175.5,23177,23175,23176,53,2,0.5,1,0.5,1,,,,
MNQ SEP25,1s,1,1597,2025-07-23 09:46:36,23176.25,23176.75,23176,23176.75,30,0.75,0.5,0,0.25,1,,,,
MNQ SEP25,1s,1,1598,2025-07-23 09:46:37,23176.5,23177,23174.75,23175.25,58,2.25,1.25,0.5,0.5,-1,,,,
MNQ SEP25,1s,1,1599,2025-07-23 09:46:38,23174.75,23175.25,23172.25,23172.75,142,3,2,0.5,0.5,-1,,,,
MNQ SEP25,1s,1,1600,2025-07-23 09:46:39,23172.25,23172.25,23171,23172,77,1.25,0.25,0,1,-1,,,,
MNQ SEP25,1s,1,1601,2025-07-23 09:46:40,23172.25,23172.75,23170.5,23172.25,101,2.25,0,0.5,1.75,0,,,,
MNQ SEP25,10s,10,5559,2025-07-23 09:46:40,23176,23177.75,23170.5,23172.25,780,7.25,3.75,1.75,1.75,-1,279.55,-225.55,-153.33333333,-183.24
MNQ SEP25,20s,20,5779,2025-07-23 09:46:40,23172.75,23179,23170.5,23172.25,2162,8.5,0.5,6.25,1.75,-1,1651.9,-37.25,212.95,366.61
MNQ SEP25,1s,1,1602,2025-07-23 09:46:41,23172.25,23172.5,23171.25,23171.25,65,1.25,1,0.25,0,-1,,,,
MNQ SEP25,1s,1,1603,2025-07-23 09:46:42,23172,23172.5,23170.25,23171.25,36,2.25,0.75,0.5,1,-1,,,,
MNQ SEP25,1s,1,1604,2025-07-23 09:46:43,23171.25,23171.25,23170.25,23171,42,1,0.25,0,0.75,-1,,,,
MNQ SEP25,1s,1,1605,2025-07-23 09:46:44,23171,23172.25,23170.5,23171.75,86,1.75,0.75,0.5,0.5,1,,,,
MNQ SEP25,1s,1,1606,2025-07-23 09:46:45,23171.25,23171.5,23169.5,23171.25,77,2,0,0.25,1.75,0,,,,
MNQ SEP25,1s,1,1607,2025-07-23 09:46:46,23171.25,23171.75,23168,23168.5,78,3.75,2.75,0.5,0.5,-1,,,,
MNQ SEP25,1s,1,1608,2025-07-23 09:46:47,23168.75,23169.75,23168.5,23169,59,1.25,0.25,0.75,0.25,1,,,,
MNQ SEP25,1s,1,1609,2025-07-23 09:46:48,23169.25,23171.5,23169.25,23171.5,48,2.25,2.25,0,0,1,,,,
MNQ SEP25,1s,1,1610,2025-07-23 09:46:49,23171,23171,23169,23169.75,42,2,1.25,0,0.75,-1,,,,
MNQ SEP25,1s,1,1611,2025-07-23 09:46:50,23169.25,23170,23168,23169.5,46,2,0.25,0.5,1.25,1,,,,
MNQ SEP25,10s,10,5560,2025-07-23 09:46:50,23172.25,23172.5,23168,23169.5,579,4.5,2.75,0.25,1.5,-1,64.05,-215.5,-184.36666667,-170.02
MNQ SEP25,1s,1,1612,2025-07-23 09:46:51,23169.5,23170.25,23169.25,23169.5,36,1,0,0.75,0.25,0,,,,
MNQ SEP25,1s,1,1613,2025-07-23 09:46:52,23169.25,23171,23168.75,23170.75,77,2.25,1.5,0.25,0.5,1,,,,
MNQ SEP25,1s,1,1614,2025-07-23 09:46:53,23170.5,23171,23168.75,23168.75,54,2.25,1.75,0.5,0,-1,,,,
MNQ SEP25,1s,1,1615,2025-07-23 09:46:54,23169.25,23172.75,23169,23172.25,60,3.75,3,0.5,0.25,1,,,,
MNQ SEP25,1s,1,1616,2025-07-23 09:46:55,23171.75,23172.25,23169.5,23169.75,56,2.75,2,0.5,0.25,-1,,,,
MNQ SEP25,1s,1,1617,2025-07-23 09:46:56,23170,23172.25,23170,23172,64,2.25,2,0.25,0,1,,,,
MNQ SEP25,1s,1,1618,2025-07-23 09:46:57,23171,23173,23171,23173,29,2,2,0,0,1,,,,
MNQ SEP25,1s,1,1619,2025-07-23 09:46:58,23173,23173.25,23172.25,23173.25,35,1,0.25,0,0.75,1,,,,
MNQ SEP25,1s,1,1620,2025-07-23 09:46:59,23173,23173,23172,23172.25,36,1,0.75,0,0.25,-1,,,,
MNQ SEP25,1s,1,1621,2025-07-23 09:47:00,23172.5,23173.25,23171.75,23172.5,55,1.5,0,0.75,0.75,0,,,,
MNQ SEP25,10s,10,5561,2025-07-23 09:47:00,23169.5,23173.25,23168.75,23172.5,502,4.5,3,0.75,0.75,1,-259.85,-323.9,-254.98333333,-199.88
MNQ SEP25,20s,20,5780,2025-07-23 09:47:00,23172.25,23173.25,23168,23172.5,1081,5.25,0.25,0.75,4.25,1,804.65,-847.25,-158.1,58.72
MNQ SEP25,1s,1,1622,2025-07-23 09:47:01,23172.5,23172.75,23171.5,23172,77,1.25,0.5,0.25,0.5,-1,,,,
MNQ SEP25,1s,1,1623,2025-07-23 09:47:02,23172.75,23173,23169,23169.5,111,4,3.25,0.25,0.5,-1,,,,
MNQ SEP25,1s,1,1624,2025-07-23 09:47:03,23169.5,23169.5,23166.5,23167.25,222,3,2.25,0,0.75,-1,,,,
MNQ SEP25,1s,1,1625,2025-07-23 09:47:04,23167.75,23168.75,23167.25,23168,101,1.5,0.25,0.75,0.5,1,,,,
MNQ SEP25,1s,1,1626,2025-07-23 09:47:05,23167.75,23169.75,23167.75,23168.75,58,2,1,1,0,1,,,,
MNQ SEP25,1s,1,1627,2025-07-23 09:47:06,23169.25,23170,23169,23170,26,1,0.75,0,0.25,1,,,,
MNQ SEP25,1s,1,1628,2025-07-23 09:47:07,23169.5,23171.5,23169.25,23170.5,45,2.25,1,1,0.25,1,,,,
MNQ SEP25,1s,1,1629,2025-07-23 09:47:08,23171,23172.75,23171,23172.75,38,1.75,1.75,0,0,1,,,,
MNQ SEP25,1s,1,1630,2025-07-23 09:47:09,23172.75,23173.25,23171.5,23173.25,60,1.75,0.5,0,1.25,1,,,,
MNQ SEP25,1s,1,1631,2025-07-23 09:47:10,23173,23173.75,23172.5,23173.75,63,1.25,0.75,0,0.5,1,,,,
MNQ SEP25,10s,10,5562,2025-07-23 09:47:10,23172.5,23173.75,23166.5,23173.75,801,7.25,1.25,0,6,1,-438.35,-178.5,-239.3,-211.1
MNQ SEP25,1s,1,1632,2025-07-23 09:47:11,23173.75,23177,23173.25,23176.25,182,3.75,2.5,0.75,0.5,1,,,,
MNQ SEP25,1s,1,1633,2025-07-23 09:47:12,23176.75,23178.25,23176.25,23178.25,254,2,1.5,0,0.5,1,,,,
MNQ SEP25,1s,1,1634,2025-07-23 09:47:13,23178.25,23179,23177.5,23178.25,227,1.5,0,0.75,0.75,0,,,,
MNQ SEP25,1s,1,1635,2025-07-23 09:47:14,23178.5,23181.25,23178,23181,246,3.25,2.5,0.25,0.5,1,,,,
MNQ SEP25,1s,1,1636,2025-07-23 09:47:15,23181.5,23181.5,23180.25,23180.25,147,1.25,1.25,0,0,-1,,,,
MNQ SEP25,1s,1,1637,2025-07-23 09:47:16,23180,23181.75,23179.75,23180.25,124,2,0.25,1.5,0.25,1,,,,
MNQ SEP25,1s,1,1638,2025-07-23 09:47:17,23180.75,23181.25,23178.5,23179.75,208,2.75,1,0.5,1.25,-1,,,,
MNQ SEP25,1s,1,1639,2025-07-23 09:47:18,23179.5,23180.25,23178.5,23178.75,115,1.75,0.75,0.75,0.25,-1,,,,
MNQ SEP25,1s,1,1640,2025-07-23 09:47:19,23178.5,23180,23178,23178.5,61,2,0,1.5,0.5,0,,,,
MNQ SEP25,1s,1,1641,2025-07-23 09:47:20,23178.5,23179.75,23178.25,23179.5,51,1.5,1,0.25,0.25,1,,,,
MNQ SEP25,10s,10,5563,2025-07-23 09:47:20,23173.75,23181.75,23173.25,23179.5,1615,8.5,5.75,2.25,0.5,1,-460.85,-22.5,-174.96666667,-193.19
MNQ SEP25,20s,20,5781,2025-07-23 09:47:20,23172.5,23181.75,23166.5,23179.5,2416,15.25,7,2.25,6,1,473.4,-331.25,-405.25,-107.93
MNQ SEP25,1s,1,1642,2025-07-23 09:47:21,23179.25,23181.5,23179,23181,84,2.5,1.75,0.5,0.25,1,,,,
MNQ SEP25,1s,1,1643,2025-07-23 09:47:22,23181.25,23181.5,23179,23179.5,86,2.5,1.75,0.25,0.5,-1,,,,
MNQ SEP25,1s,1,1644,2025-07-23 09:47:23,23179.5,23179.5,23177.5,23178.5,83,2,1,0,1,-1,,,,
MNQ SEP25,1s,1,1645,2025-07-23 09:47:24,23178.75,23179.25,23178,23179.25,41,1.25,0.5,0,0.75,1,,,,
MNQ SEP25,1s,1,1646,2025-07-23 09:47:25,23179,23179.75,23177.25,23178.5,49,2.5,0.5,0.75,1.25,-1,,,,
MNQ SEP25,1s,1,1647,2025-07-23 09:47:26,23178.5,23179,23178,23178.25,29,1,0.25,0.5,0.25,-1,,,,
MNQ SEP25,1s,1,1648,2025-07-23 09:47:27,23178.25,23179.5,23178.25,23179,36,1.25,0.75,0.5,0,1,,,,
MNQ SEP25,1s,1,1649,2025-07-23 09:47:28,23178.5,23180,23176.25,23177.5,100,3.75,1,1.5,1.25,-1,,,,
MNQ SEP25,1s,1,1650,2025-07-23 09:47:29,23176.75,23177.25,23175.75,23176,81,1.5,0.75,0.5,0.25,-1,,,,
MNQ SEP25,1s,1,1651,2025-07-23 09:47:30,23176,23176.5,23175,23175.25,44,1.5,0.75,0.5,0.25,-1,,,,
MNQ SEP25,10s,10,5564,2025-07-23 09:47:30,23179.25,23181.5,23175,23175.25,633,6.5,4,2.25,0.25,-1,-498.75,-37.9,-79.63333333,-155.66
MNQ SEP25,1s,1,1652,2025-07-23 09:47:31,23175.25,23176.25,23174.5,23176.25,51,1.75,1,0,0.75,1,,,,
MNQ SEP25,1s,1,1653,2025-07-23 09:47:32,23176.25,23176.5,23174.5,23175.75,51,2,0.5,0.25,1.25,-1,,,,
MNQ SEP25,1s,1,1654,2025-07-23 09:47:33,23174.5,23176,23174.5,23176,19,1.5,1.5,0,0,1,,,,
MNQ SEP25,1s,1,1655,2025-07-23 09:47:34,23176.5,23177.25,23175.25,23176.25,40,2,0.25,0.75,1,-1,,,,
MNQ SEP25,1s,1,1656,2025-07-23 09:47:35,23176,23178.25,23175.5,23178.25,75,2.75,2.25,0,0.5,1,,,,
MNQ SEP25,1s,1,1657,2025-07-23 09:47:36,23177.5,23178.5,23177.5,23178.5,16,1,1,0,0,1,,,,
MNQ SEP25,1s,1,1658,2025-07-23 09:47:37,23178.25,23179.75,23178.25,23179.75,38,1.5,1.5,0,0,1,,,,
MNQ SEP25,1s,1,1659,2025-07-23 09:47:38,23180,23182,23179.5,23181,98,2.5,1,1,0.5,1,,,,
MNQ SEP25,1s,1,1660,2025-07-23 09:47:39,23181.25,23182,23180.25,23182,92,1.75,0.75,0,1,1,,,,
MNQ SEP25,1s,1,1661,2025-07-23 09:47:40,23182,23184.5,23182,23183.75,239,2.5,1.75,0.75,0,1,,,,
MNQ SEP25,10s,10,5565,2025-07-23 09:47:40,23175.25,23184.5,23174.5,23183.75,719,10,8.5,0.75,0.75,1,-450.3,48.45,-3.98333333,-102.87
MNQ SEP25,20s,20,5782,2025-07-23 09:47:40,23179.25,23184.5,23174.5,23183.75,1352,10,4.5,0.75,4.75,1,141.9,-331.5,-503.33333333,-227.41
MNQ SEP25,1s,1,1662,2025-07-23 09:47:41,23184,23185,23183.75,23185,142,1.25,1,0,0.25,1,,,,
MNQ SEP25,1s,1,1663,2025-07-23 09:47:42,23184.75,23186.5,23184.5,23186.25,205,2,1.5,0.25,0.25,1,,,,
MNQ SEP25,1s,1,1664,2025-07-23 09:47:43,23185.75,23186.25,23185.25,23185.5,152,1,0.25,0.5,0.25,-1,,,,
MNQ SEP25,1s,1,1665,2025-07-23 09:47:44,23186,23186.5,23185.25,23185.25,72,1.25,0.75,0.5,0,-1,,,,
MNQ SEP25,1s,1,1666,2025-07-23 09:47:45,23185.25,23186,23184.75,23185.5,122,1.25,0.25,0.5,0.5,1,,,,
MNQ SEP25,1s,1,1667,2025-07-23 09:47:46,23185.25,23186.25,23184.5,23185.75,122,1.75,0.5,0.5,0.75,1,,,,
MNQ SEP25,1s,1,1668,2025-07-23 09:47:47,23185.75,23186.5,23185.75,23186.25,68,0.75,0.5,0.25,0,1,,,,
MNQ SEP25,1s,1,1669,2025-07-23 09:47:48,23186,23188.5,23186,23188.25,227,2.5,2.25,0.25,0,1,,,,
MNQ SEP25,1s,1,1670,2025-07-23 09:47:49,23188.25,23191,23187.75,23190,312,3.25,1.75,1,0.5,1,,,,
MNQ SEP25,1s,1,1671,2025-07-23 09:47:50,23189.75,23191,23189.75,23190.75,90,1.25,1,0.25,0,1,,,,
MNQ SEP25,10s,10,5566,2025-07-23 09:47:50,23184,23191,23183.75,23190.75,1512,7.25,6.75,0.25,0.25,1,-292.2,158.1,56.21666667,-6.47
MNQ SEP25,1s,1,1672,2025-07-23 09:47:51,23190.75,23191.25,23189.75,23190.75,127,1.5,0,0.5,1,0,,,,
MNQ SEP25,1s,1,1673,2025-07-23 09:47:52,23190.75,23191.5,23190.5,23191.5,71,1,0.75,0,0.25,1,,,,
MNQ SEP25,1s,1,1674,2025-07-23 09:47:53,23191,23191.5,23190,23190,72,1.5,1,0.5,0,-1,,,,
MNQ SEP25,1s,1,1675,2025-07-23 09:47:54,23190.25,23192.25,23190.25,23190.75,144,2,0.5,1.5,0,1,,,,
MNQ SEP25,1s,1,1676,2025-07-23 09:47:55,23190.5,23191,23189.75,23190,90,1.25,0.5,0.5,0.25,-1,,,,
MNQ SEP25,1s,1,1677,2025-07-23 09:47:56,23190.5,23191.25,23190,23191.25,75,1.25,0.75,0,0.5,1,,,,
MNQ SEP25,1s,1,1678,2025-07-23 09:47:57,23191,23191.25,23190.25,23190.5,79,1,0.5,0.25,0.25,-1,,,,
MNQ SEP25,1s,1,1679,2025-07-23 09:47:58,23190.25,23192.25,23190,23192.25,124,2.25,2,0,0.25,1,,,,
MNQ SEP25,1s,1,1680,2025-07-23 09:47:59,23191.75,23193,23191.75,23192.25,74,1.25,0.5,0.75,0,1,,,,
MNQ SEP25,1s,1,1681,2025-07-23 09:48:00,23191.75,23192.25,23190.75,23190.75,85,1.5,1,0.5,0,-1,,,,
MNQ SEP25,10s,10,5567,2025-07-23 09:48:00,23190.75,23193,23189.75,23190.75,941,3.25,0,2.25,1,0,-296.6,-4.4,67.38333333,28.35
MNQ SEP25,20s,20,5783,2025-07-23 09:48:00,23184,23193,23183.75,23190.75,2453,9.25,6.75,2.25,0.25,1,-63.3,-205.2,-289.31666667,-350.49
MNQ SEP25,1s,1,1682,2025-07-23 09:48:01,23191,23193.25,23189.75,23190.25,256,3.5,0.75,2.25,0.5,-1,,,,
MNQ SEP25,1s,1,1683,2025-07-23 09:48:02,23190.75,23191,23189.75,23189.75,157,1.25,1,0.25,0,-1,,,,
MNQ SEP25,1s,1,1684,2025-07-23 09:48:03,23190.25,23193.5,23190.25,23193.5,198,3.25,3.25,0,0,1,,,,
MNQ SEP25,1s,1,1685,2025-07-23 09:48:04,23193.5,23194.25,23193,23194.25,131,1.25,0.75,0,0.5,1,,,,
MNQ SEP25,1s,1,1686,2025-07-23 09:48:05,23193.5,23194.5,23191.5,23191.5,99,3,2,1,0,-1,,,,
MNQ SEP25,1s,1,1687,2025-07-23 09:48:06,23191.5,23191.75,23189.25,23189.75,105,2.5,1.75,0.25,0.5,-1,,,,
MNQ SEP25,1s,1,1688,2025-07-23 09:48:07,23190,23191,23189.25,23190,120,1.75,0,1,0.75,0,,,,
MNQ SEP25,1s,1,1689,2025-07-23 09:48:08,23189.5,23189.75,23188.25,23189.5,120,1.5,0,0.25,1.25,0,,,,
MNQ SEP25,1s,1,1690,2025-07-23 09:48:09,23189.25,23189.25,23187,23188.75,149,2.25,0.5,0,1.75,-1,,,,
MNQ SEP25,1s,1,1691,2025-07-23 09:48:10,23188.75,23189.25,23188,23188.75,72,1.25,0,0.5,0.75,0,,,,
MNQ SEP25,10s,10,5568,2025-07-23 09:48:10,23191,23194.5,23187,23188.75,1407,7.5,2.25,3.5,1.75,-1,-360.3,-63.7,30,20.11
MNQ SEP25,1s,1,1692,2025-07-23 09:48:11,23188.75,23190.5,23188,23190.5,48,2.5,1.75,0,0.75,1,,,,
MNQ SEP25,1s,1,1693,2025-07-23 09:48:12,23190,23190.5,23188.75,23189.25,49,1.75,0.75,0.5,0.5,-1,,,,
MNQ SEP25,1s,1,1694,2025-07-23 09:48:13,23188.5,23189.25,23187.5,23187.5,55,1.75,1,0.75,0,-1,,,,
MNQ SEP25,1s,1,1695,2025-07-23 09:48:14,23187.75,23189,23187,23188,71,2,0.25,1,0.75,1,,,,
MNQ SEP25,1s,1,1696,2025-07-23 09:48:15,23188.5,23189.5,23188.25,23189.5,54,1.25,1,0,0.25,1,,,,
MNQ SEP25,1s,1,1697,2025-07-23 09:48:16,23189.25,23189.75,23188,23189.25,46,1.75,0,0.5,1.25,0,,,,
MNQ SEP25,1s,1,1698,2025-07-23 09:48:17,23189.5,23191,23189.25,23190,55,1.75,0.5,1,0.25,1,,,,
MNQ SEP25,1s,1,1699,2025-07-23 09:48:18,23190.25,23193,23189.75,23193,79,3.25,2.75,0,0.5,1,,,,
MNQ SEP25,1s,1,1700,2025-07-23 09:48:19,23192.75,23194.5,23191.75,23193,128,2.75,0.25,1.5,1,1,,,,
MNQ SEP25,1s,1,1701,2025-07-23 09:48:20,23193,23193.5,23193,23193.25,27,0.5,0.25,0.25,0,1,,,,
MNQ SEP25,10s,10,5569,2025-07-23 09:48:20,23188.75,23194.5,23187,23193.25,612,7.5,4.5,1.25,1.75,1,-342.85,17.45,-16.88333333,31.18
MNQ SEP25,20s,20,5784,2025-07-23 09:48:20,23191,23194.5,23187,23193.25,2019,7.5,2.25,1.25,4,1,-110,-46.7,-194.46666667,-352.38
MNQ SEP25,1s,1,1702,2025-07-23 09:48:21,23193,23194,23192.5,23193.5,86,1.5,0.5,0.5,0.5,1,,,,
MNQ SEP25,1s,1,1703,2025-07-23 09:48:22,23193.75,23194.5,23193,23193.25,87,1.5,0.5,0.75,0.25,-1,,,,
MNQ SEP25,1s,1,1704,2025-07-23 09:48:23,23193.5,23194.75,23192.75,23193,63,2,0.5,1.25,0.25,-1,,,,
MNQ SEP25,1s,1,1705,2025-07-23 09:48:24,23193,23194,23192.5,23192.5,43,1.5,0.5,1,0,-1,,,,
MNQ SEP25,1s,1,1706,2025-07-23 09:48:25,23192.25,23194,23192.25,23193.5,64,1.75,1.25,0.5,0,1,,,,
MNQ SEP25,1s,1,1707,2025-07-23 09:48:26,23193.5,23193.75,23192.25,23193.5,45,1.5,0,0.25,1.25,0,,,,
MNQ SEP25,1s,1,1708,2025-07-23 09:48:27,23193.25,23193.25,23192.25,23192.25,41,1,1,0,0,-1,,,,
MNQ SEP25,1s,1,1709,2025-07-23 09:48:28,23192.25,23192.25,23191.25,23192,45,1,0.25,0,0.75,-1,,,,
MNQ SEP25,1s,1,1710,2025-07-23 09:48:29,23192,23194.25,23192,23193.75,42,2.25,1.75,0.5,0,1,,,,
MNQ SEP25,1s,1,1711,2025-07-23 09:48:30,23193.5,23193.75,23192.5,23193.75,39,1.25,0.25,0,1,1,,,,
MNQ SEP25,10s,10,5570,2025-07-23 09:48:30,23193,23194.75,23191.25,23193.75,555,3.5,0.75,1,1.75,1,-269,73.85,9.2,36.26
MNQ SEP25,1s,1,1712,2025-07-23 09:48:31,23193.25,23193.5,23192,23192.25,55,1.5,1,0.25,0.25,-1,,,,
MNQ SEP25,1s,1,1713,2025-07-23 09:48:32,23192.5,23192.5,23191.5,23192.5,20,1,0,0,1,0,,,,
MNQ SEP25,1s,1,1714,2025-07-23 09:48:33,23193,23193,23192.25,23192.25,21,0.75,0.75,0,0,-1,,,,
MNQ SEP25,1s,1,1715,2025-07-23 09:48:34,23192,23194.75,23191.75,23193.5,34,3,1.5,1.25,0.25,1,,,,
MNQ SEP25,1s,1,1716,2025-07-23 09:48:35,23193.5,23197.25,23193.5,23197.25,234,3.75,3.75,0,0,1,,,,
MNQ SEP25,1s,1,1717,2025-07-23 09:48:36,23196.75,23198,23196.25,23198,165,1.75,1.25,0,0.5,1,,,,
MNQ SEP25,1s,1,1718,2025-07-23 09:48:37,23197.75,23198,23196.25,23196.75,82,1.75,1,0.25,0.5,-1,,,,
MNQ SEP25,1s,1,1719,2025-07-23 09:48:38,23197.5,23198,23196.5,23197.5,96,1.5,0,0.5,1,0,,,,
MNQ SEP25,1s,1,1720,2025-07-23 09:48:39,23198,23198.5,23196.75,23197,107,1.75,1,0.5,0.25,-1,,,,
MNQ SEP25,1s,1,1721,2025-07-23 09:48:40,23197.5,23197.75,23196.75,23197.25,82,1,0.25,0.25,0.5,-1,,,,
MNQ SEP25,10s,10,5571,2025-07-23 09:48:40,23193.25,23198.5,23191.5,23197.25,896,7,4,1.25,1.75,1,-304.2,-35.2,18.7,-2.4
MNQ SEP25,20s,20,5785,2025-07-23 09:48:40,23193,23198.5,23191.25,23197.25,1451,7.25,4.25,1.25,1.75,1,-50.3,59.7,-64.06666667,-170.99
MNQ SEP25,1s,1,1722,2025-07-23 09:48:41,23197.25,23197.5,23195.5,23196.75,89,2,0.5,0.25,1.25,-1,,,,
MNQ SEP25,1s,1,1723,2025-07-23 09:48:42,23196.5,23197,23196,23196.75,52,1,0.25,0.25,0.5,1,,,,
MNQ SEP25,1s,1,1724,2025-07-23 09:48:43,23196.75,23197.5,23196,23196.5,74,1.5,0.25,0.75,0.5,-1,,,,
MNQ SEP25,1s,1,1725,2025-07-23 09:48:44,23196,23197,23195.5,23197,56,1.5,1,0,0.5,1,,,,
MNQ SEP25,1s,1,1726,2025-07-23 09:48:45,23196.25,23196.75,23195.25,23196,70,1.5,0.25,0.5,0.75,-1,,,,
MNQ SEP25,1s,1,1727,2025-07-23 09:48:46,23196.5,23196.75,23194.75,23194.75,91,2,1.75,0.25,0,-1,,,,
MNQ SEP25,1s,1,1728,2025-07-23 09:48:47,23195.75,23196.75,23195,23196.5,84,1.75,0.75,0.25,0.75,1,,,,
MNQ SEP25,1s,1,1729,2025-07-23 09:48:48,23196.25,23196.5,23195.75,23196.5,31,0.75,0.25,0,0.5,1,,,,
MNQ SEP25,1s,1,1730,2025-07-23 09:48:49,23196.5,23198.25,23196.5,23197.75,48,1.75,1.25,0.5,0,1,,,,
MNQ SEP25,1s,1,1731,2025-07-23 09:48:50,23198,23200,23197.75,23200,215,2.25,2,0,0.25,1,,,,
MNQ SEP25,10s,10,5572,2025-07-23 09:48:50,23197.25,23200,23194.75,23200,810,5.25,2.75,0,2.5,1,-271.9,32.3,23.65,4.94
MNQ SEP25,1s,1,1732,2025-07-23 09:48:51,23199.5,23201.25,23199.5,23200,244,1.75,0.5,1.25,0,1,,,,
MNQ SEP25,1s,1,1733,2025-07-23 09:48:52,23200.25,23201.5,23199.75,23201.5,108,1.75,1.25,0,0.5,1,,,,
MNQ SEP25,1s,1,1734,2025-07-23 09:48:53,23201.5,23203.25,23201.5,23202.5,177,1.75,1,0.75,0,1,,,,
MNQ SEP25,1s,1,1735,2025-07-23 09:48:54,23203,23203.25,23201.75,23202.75,98,1.5,0.25,0.25,1,-1,,,,
MNQ SEP25,1s,1,1736,2025-07-23 09:48:55,23203.5,23204.25,23202.5,23204,139,1.75,0.5,0.25,1,1,,,,
MNQ SEP25,1s,1,1737,2025-07-23 09:48:56,23203.75,23205,23203.25,23204.75,136,1.75,1,0.25,0.5,1,,,,
MNQ SEP25,1s,1,1738,2025-07-23 09:48:57,23204.75,23206,23204.25,23204.75,165,1.75,0,1.25,0.5,0,,,,
MNQ SEP25,1s,1,1739,2025-07-23 09:48:58,23204.5,23205,23203.5,23204.5,148,1.5,0,0.5,1,0,,,,
MNQ SEP25,1s,1,1740,2025-07-23 09:48:59,23204.25,23207.25,23204,23207.25,136,3.25,3,0,0.25,1,,,,
MNQ SEP25,1s,1,1741,2025-07-23 09:49:00,23207.25,23208,23205.75,23207,183,2.25,0.25,0.75,1.25,-1,,,,
MNQ SEP25,10s,10,5573,2025-07-23 09:49:00,23199.5,23208,23199.5,23207,1534,8.5,7.5,1,0,1,-238.05,33.85,10.31666667,24.45
MNQ SEP25,20s,20,5786,2025-07-23 09:49:00,23197.25,23208,23194.75,23207,2344,13.25,9.75,1,2.5,1,-101.05,-50.75,-12.58333333,-114.89
MNQ SEP25,1s,1,1742,2025-07-23 09:49:01,23206.75,23209,23206.25,23208.5,318,2.75,1.75,0.5,0.5,1,,,,
MNQ SEP25,1s,1,1743,2025-07-23 09:49:02,23208.25,23209.25,23208,23208.5,184,1.25,0.25,0.75,0.25,1,,,,
MNQ SEP25,1s,1,1744,2025-07-23 09:49:03,23208.5,23209,23207.25,23207.25,170,1.75,1.25,0.5,0,-1,,,,
MNQ SEP25,1s,1,1745,2025-07-23 09:49:04,23208,23208.5,23204.75,23205.75,282,3.75,2.25,0.5,1,-1,,,,
MNQ SEP25,1s,1,1746,2025-07-23 09:49:05,23205.75,23208.75,23205.75,23208.75,152,3,3,0,0,1,,,,
MNQ SEP25,1s,1,1747,2025-07-23 09:49:06,23208.75,23210.75,23208.25,23209.25,238,2.5,0.5,1.5,0.5,1,,,,
MNQ SEP25,1s,1,1748,2025-07-23 09:49:07,23209,23210,23207.5,23208,243,2.5,1,1,0.5,-1,,,,
MNQ SEP25,1s,1,1749,2025-07-23 09:49:08,23207.75,23208.75,23206.5,23207,129,2.25,0.75,1,0.5,-1,,,,
MNQ SEP25,1s,1,1750,2025-07-23 09:49:09,23207.5,23207.5,23205.75,23205.75,71,1.75,1.75,0,0,-1,,,,
MNQ SEP25,1s,1,1751,2025-07-23 09:49:10,23205.75,23206.5,23203.75,23204.5,122,2.75,1.25,0.75,0.75,-1,,,,
MNQ SEP25,10s,10,5574,2025-07-23 09:49:10,23206.75,23210.75,23203.75,23204.5,1909,7,2.25,4,0.75,-1,15.2,253.25,106.46666667,71.61
MNQ SEP25,1s,1,1752,2025-07-23 09:49:11,23204.5,23204.75,23203.5,23203.5,128,1.25,1,0.25,0,-1,,,,
MNQ SEP25,1s,1,1753,2025-07-23 09:49:12,23203.25,23204.75,23203.25,23204.75,102,1.5,1.5,0,0,1,,,,
MNQ SEP25,1s,1,1754,2025-07-23 09:49:13,23204.5,23205,23202.5,23202.75,58,2.5,1.75,0.5,0.25,-1,,,,
MNQ SEP25,1s,1,1755,2025-07-23 09:49:14,23203.25,23203.75,23202.25,23203,79,1.5,0.25,0.5,0.75,-1,,,,
MNQ SEP25,1s,1,1756,2025-07-23 09:49:15,23202.75,23204.25,23202.25,23202.25,85,2,0.5,1.5,0,-1,,,,
MNQ SEP25,1s,1,1757,2025-07-23 09:49:16,23202.75,23202.75,23199.75,23200,162,3,2.75,0,0.25,-1,,,,
MNQ SEP25,1s,1,1758,2025-07-23 09:49:17,23200.25,23201.25,23199.25,23200,165,2,0.25,1,0.75,-1,,,,
MNQ SEP25,1s,1,1759,2025-07-23 09:49:18,23200,23201.75,23200,23201,97,1.75,1,0.75,0,1,,,,
MNQ SEP25,1s,1,1760,2025-07-23 09:49:19,23200.75,23202.25,23200.75,23200.75,81,1.5,0,1.5,0,0,,,,
MNQ SEP25,1s,1,1761,2025-07-23 09:49:20,23200.5,23201.25,23199.5,23201,60,1.75,0.5,0.25,1,1,,,,
MNQ SEP25,10s,10,5575,2025-07-23 09:49:20,23204.5,23205,23199.25,23201,1017,5.75,3.5,0.5,1.75,-1,136.25,121.05,136.05,81.05
MNQ SEP25,20s,20,5787,2025-07-23 09:49:20,23206.75,23210.75,23199.25,23201,2926,11.5,5.75,4,1.75,-1,112.8,213.85,74.26666667,-5.82
MNQ SEP25,1s,1,1762,2025-07-23 09:49:21,23201.5,23202.75,23200.5,23202.75,48,2.25,1.25,0,1,1,,,,
MNQ SEP25,1s,1,1763,2025-07-23 09:49:22,23203,23203,23201.75,23202,58,1.25,1,0,0.25,-1,,,,
MNQ SEP25,1s,1,1764,2025-07-23 09:49:23,23202,23202.5,23201.25,23201.5,41,1.25,0.5,0.5,0.25,-1,,,,
MNQ SEP25,1s,1,1765,2025-07-23 09:49:24,23201.75,23202.5,23201,23202.25,35,1.5,0.5,0.25,0.75,1,,,,
MNQ SEP25,1s,1,1766,2025-07-23 09:49:25,23201.25,23202.25,23201.25,23201.5,31,1,0.25,0.75,0,1,,,,
MNQ SEP25,1s,1,1767,2025-07-23 09:49:26,23201.25,23202.25,23200,23201.75,30,2.25,0.5,0.5,1.25,1,,,,
MNQ SEP25,1s,1,1768,2025-07-23 09:49:27,23202.25,23202.25,23200.5,23200.75,30,1.75,1.5,0,0.25,-1,,,,
MNQ SEP25,1s,1,1769,2025-07-23 09:49:28,23200.75,23200.75,23196.75,23197,152,4,3.75,0,0.25,-1,,,,
MNQ SEP25,1s,1,1770,2025-07-23 09:49:29,23197.5,23198.5,23197,23197,93,1.5,0.5,1,0,-1,,,,
MNQ SEP25,1s,1,1771,2025-07-23 09:49:30,23197,23199.25,23196.25,23196.25,105,3,0.75,2.25,0,-1,,,,
MNQ SEP25,10s,10,5576,2025-07-23 09:49:30,23201.5,23203,23196.25,23196.25,623,6.75,5.25,1.5,0,-1,158.45,22.2,132.16666667,92.53
MNQ SEP25,1s,1,1772,2025-07-23 09:49:31,23196.25,23197.75,23196,23197.75,116,1.75,1.5,0,0.25,1,,,,
MNQ SEP25,1s,1,1773,2025-07-23 09:49:32,23197.25,23198,23196.75,23197.5,67,1.25,0.25,0.5,0.5,1,,,,
MNQ SEP25,1s,1,1774,2025-07-23 09:49:33,23197.5,23198,23196.75,23197.25,90,1.25,0.25,0.5,0.5,-1,,,,
MNQ SEP25,1s,1,1775,2025-07-23 09:49:34,23197.25,23198.5,23196.75,23197,53,1.75,0.25,1.25,0.25,-1,,,,
MNQ SEP25,1s,1,1776,2025-07-23 09:49:35,23196.75,23197.25,23195.5,23196,80,1.75,0.75,0.5,0.5,-1,,,,
MNQ SEP25,1s,1,1777,2025-07-23 09:49:36,23196,23197.25,23196,23196.75,39,1.25,0.75,0.5,0,1,,,,
MNQ SEP25,1s,1,1778,2025-07-23 09:49:37,23196.75,23197.25,23196,23197,54,1.25,0.25,0.25,0.75,1,,,,
MNQ SEP25,1s,1,1779,2025-07-23 09:49:38,23197.25,23197.25,23196,23196,53,1.25,1.25,0,0,-1,,,,
MNQ SEP25,1s,1,1780,2025-07-23 09:49:39,23196.5,23197,23195.25,23196.25,82,1.75,0.25,0.5,1,-1,,,,
MNQ SEP25,1s,1,1781,2025-07-23 09:49:40,23196.5,23197.5,23195.75,23197,78,1.75,0.5,0.5,0.75,1,,,,
MNQ SEP25,10s,10,5577,2025-07-23 09:49:40,23196.25,23198.5,23195.25,23197,712,3.25,0.75,1.5,1,1,182.05,23.6,55.61666667,90.79
MNQ SEP25,20s,20,5788,2025-07-23 09:49:40,23201.5,23203,23195.25,23197,1335,7.75,4.5,1.5,1.75,-1,-107.6,-220.4,-19.1,-8.86
MNQ SEP25,1s,1,1782,2025-07-23 09:49:41,23197.25,23197.25,23194.75,23195.25,76,2.5,2,0,0.5,-1,,,,
MNQ SEP25,1s,1,1783,2025-07-23 09:49:42,23195.75,23197,23195.25,23197,68,1.75,1.25,0,0.5,1,,,,
MNQ SEP25,1s,1,1784,2025-07-23 09:49:43,23197,23197.25,23196.25,23196.75,61,1,0.25,0.25,0.5,-1,,,,
MNQ SEP25,1s,1,1785,2025-07-23 09:49:44,23197,23198.5,23196.75,23198,51,1.75,1,0.5,0.25,1,,,,
MNQ SEP25,1s,1,1786,2025-07-23 09:49:45,23197.75,23199.5,23197.75,23198.75,51,1.75,1,0.75,0,1,,,,
MNQ SEP25,1s,1,1787,2025-07-23 09:49:46,23199.25,23199.25,23198.25,23198.25,24,1,1,0,0,-1,,,,
MNQ SEP25,1s,1,1788,2025-07-23 09:49:47,23198,23198.5,23197.75,23197.75,34,0.75,0.25,0.5,0,-1,,,,
MNQ SEP25,1s,1,1789,2025-07-23 09:49:48,23198.5,23200.25,23198.25,23199.25,53,2,0.75,1,0.25,1,,,,
MNQ SEP25,1s,1,1790,2025-07-23 09:49:49,23199.25,23199.5,23197.75,23197.75,49,1.75,1.5,0.25,0,-1,,,,
MNQ SEP25,1s,1,1791,2025-07-23 09:49:50,23197.5,23198,23197.25,23197.75,26,0.75,0.25,0.25,0.25,1,,,,
MNQ SEP25,10s,10,5578,2025-07-23 09:49:50,23197.25,23200.25,23194.75,23197.75,493,5.5,0.5,2.5,2.5,1,18.3,-163.75,-39.31666667,51.27
MNQ SEP25,1s,1,1792,2025-07-23 09:49:51,23197.5,23198.25,23196.75,23196.75,39,1.5,0.75,0.75,0,-1,,,,
MNQ SEP25,1s,1,1793,2025-07-23 09:49:52,23196.5,23197,23196.25,23196.75,26,0.75,0.25,0.25,0.25,1,,,,
MNQ SEP25,1s,1,1794,2025-07-23 09:49:53,23196.75,23197.25,23195.5,23195.5,35,1.75,1.25,0.5,0,-1,,,,
MNQ SEP25,1s,1,1795,2025-07-23 09:49:54,23196.25,23197.5,23195.75,23197.25,47,1.75,1,0.25,0.5,1,,,,
MNQ SEP25,1s,1,1796,2025-07-23 09:49:55,23197.25,23198,23196.75,23197.25,47,1.25,0,0.75,0.5,0,,,,
MNQ SEP25,1s,1,1797,2025-07-23 09:49:56,23197.5,23197.5,23196,23196,16,1.5,1.5,0,0,-1,,,,
MNQ SEP25,1s,1,1798,2025-07-23 09:49:57,23196.5,23196.75,23196,23196,12,0.75,0.5,0.25,0,-1,,,,
MNQ SEP25,1s,1,1799,2025-07-23 09:49:58,23196.25,23196.25,23194.75,23195,54,1.5,1.25,0,0.25,-1,,,,
MNQ SEP25,1s,1,1800,2025-07-23 09:49:59,23194.75,23196,23194.75,23195.25,34,1.25,0.5,0.75,0,1,,,,
MNQ SEP25,1s,1,1801,2025-07-23 09:50:00,23195.25,23197,23194.5,23195.75,141,2.5,0.5,1.25,0.75,1,,,,
MNQ SEP25,10s,10,5579,2025-07-23 09:50:00,23197.5,23198.25,23194.5,23195.75,451,3.75,1.75,0.75,1.25,-1,-256.85,-275.15,-138.43333333,-54.41
MNQ SEP25,20s,20,5789,2025-07-23 09:50:00,23197.25,23200.25,23194.5,23195.75,944,5.75,1.5,3,1.25,-1,-333.9,-226.3,-77.61666667,-44.78
MNQ SEP25,1s,1,1802,2025-07-23 09:50:01,23196,23196,23193.25,23193.75,182,2.75,2.25,0,0.5,-1,,,,
MNQ SEP25,1s,1,1803,2025-07-23 09:50:02,23194.25,23195.25,23193,23193.5,136,2.25,0.75,1,0.5,-1,,,,
MNQ SEP25,1s,1,1804,2025-07-23 09:50:03,23193.75,23196.75,23193.25,23196.25,153,3.5,2.5,0.5,0.5,1,,,,
MNQ SEP25,1s,1,1805,2025-07-23 09:50:04,23196.75,23197.25,23195.75,23196.5,74,1.5,0.25,0.5,0.75,-1,,,,
MNQ SEP25,1s,1,1806,2025-07-23 09:50:05,23195.75,23197.5,23195.5,23197.5,56,2,1.75,0,0.25,1,,,,
MNQ SEP25,1s,1,1807,2025-07-23 09:50:06,23197,23198.5,23196,23198,39,2.5,1,0.5,1,1,,,,
MNQ SEP25,1s,1,1808,2025-07-23 09:50:07,23198,23199.25,23197.5,23198.75,78,1.75,0.75,0.5,0.5,1,,,,
MNQ SEP25,1s,1,1809,2025-07-23 09:50:08,23199,23199,23197,23198,70,2,1,0,1,-1,,,,
MNQ SEP25,1s,1,1810,2025-07-23 09:50:09,23197.5,23198.75,23196.5,23198.5,56,2.25,1,0.25,1,1,,,,
MNQ SEP25,1s,1,1811,2025-07-23 09:50:10,23198.75,23200,23198,23199.5,45,2,0.75,0.5,0.75,1,,,,
MNQ SEP25,10s,10,5580,2025-07-23 09:50:10,23196,23200,23193,23199.5,889,7,3.5,0.5,3,1,-297.95,-41.1,-160,-86.84
MNQ SEP25,1s,1,1812,2025-07-23 09:50:11,23199.25,23201.25,23199.25,23201,95,2,1.75,0.25,0,1,,,,
MNQ SEP25,1s,1,1813,2025-07-23 09:50:12,23200.75,23202.5,23200.75,23201.75,126,1.75,1,0.75,0,1,,,,
MNQ SEP25,1s,1,1814,2025-07-23 09:50:13,23201.75,23202.25,23200.25,23202.25,74,2,0.5,0,1.5,1,,,,
MNQ SEP25,1s,1,1815,2025-07-23 09:50:14,23202.25,23203,23200.5,23201.75,80,2.5,0.5,0.75,1.25,-1,,,,
MNQ SEP25,1s,1,1816,2025-07-23 09:50:15,23202,23204.25,23201.75,23204.25,85,2.5,2.25,0,0.25,1,,,,
MNQ SEP25,1s,1,1817,2025-07-23 09:50:16,23204,23204,23199.75,23200,95,4.25,4,0,0.25,-1,,,,
MNQ SEP25,1s,1,1818,2025-07-23 09:50:17,23200.25,23201.5,23199.5,23201.25,52,2,1,0.25,0.75,1,,,,
MNQ SEP25,1s,1,1819,2025-07-23 09:50:18,23201,23201.25,23200,23200.25,52,1.25,0.75,0.25,0.25,-1,,,,
MNQ SEP25,1s,1,1820,2025-07-23 09:50:19,23200.75,23201,23199.75,23199.75,40,1.25,1,0.25,0,-1,,,,
MNQ SEP25,1s,1,1821,2025-07-23 09:50:20,23200,23200,23198,23199.25,40,2,0.75,0,1.25,-1,,,,
MNQ SEP25,10s,10,5581,2025-07-23 09:50:20,23199.25,23204.25,23198,23199.25,739,6.25,0,5,1.25,0,-286.6,11.35,-101.63333333,-89.01
MNQ SEP25,20s,20,5790,2025-07-23 09:50:20,23196,23204.25,23193,23199.25,1628,11.25,3.25,5,3,1,-331.65,2.25,-148.15,-56.27
MNQ SEP25,1s,1,1822,2025-07-23 09:50:21,23198.75,23199.5,23198.75,23198.75,25,0.75,0,0.75,0,0,,,,
MNQ SEP25,1s,1,1823,2025-07-23 09:50:22,23199.5,23200.75,23199,23200.25,56,1.75,0.75,0.5,0.5,1,,,,
MNQ SEP25,1s,1,1824,2025-07-23 09:50:23,23200.25,23201.25,23200,23201.25,41,1.25,1,0,0.25,1,,,,
MNQ SEP25,1s,1,1825,2025-07-23 09:50:24,23201.5,23202,23200.75,23202,26,1.25,0.5,0,0.75,1,,,,
MNQ SEP25,1s,1,1826,2025-07-23 09:50:25,23202,23202.25,23199.5,23200,47,2.75,2,0.25,0.5,-1,,,,
MNQ SEP25,1s,1,1827,2025-07-23 09:50:26,23200,23201,23199.5,23200.5,19,1.5,0.5,0.5,0.5,1,,,,
MNQ SEP25,1s,1,1828,2025-07-23 09:50:27,23202,23202.75,23201.5,23202.5,42,1.25,0.5,0.25,0.5,1,,,,
MNQ SEP25,1s,1,1829,2025-07-23 09:50:28,23203,23203.5,23202.25,23203.5,68,1.25,0.5,0,0.75,1,,,,
MNQ SEP25,1s,1,1830,2025-07-23 09:50:29,23203.5,23205.75,23203.25,23205.75,137,2.5,2.25,0,0.25,1,,,,
MNQ SEP25,1s,1,1831,2025-07-23 09:50:30,23205.75,23205.75,23204.25,23205.5,79,1.5,0.25,0,1.25,-1,,,,
MNQ SEP25,10s,10,5582,2025-07-23 09:50:30,23198.75,23205.75,23198.75,23205.5,540,7,6.75,0.25,0,1,-307.95,-21.35,-17.03333333,-98
MNQ SEP25,1s,1,1832,2025-07-23 09:50:31,23205.5,23206,23203.75,23204.25,100,2.25,1.25,0.5,0.5,-1,,,,
MNQ SEP25,1s,1,1833,2025-07-23 09:50:32,23204.25,23205,23202,23202.25,86,3,2,0.75,0.25,-1,,,,
MNQ SEP25,1s,1,1834,2025-07-23 09:50:33,23202.5,23202.5,23199.75,23200.75,66,2.75,1.75,0,1,-1,,,,
MNQ SEP25,1s,1,1835,2025-07-23 09:50:34,23200.25,23200.5,23199.25,23200.25,36,1.25,0,0.25,1,0,,,,
MNQ SEP25,1s,1,1836,2025-07-23 09:50:35,23200.5,23200.5,23198.5,23199.5,44,2,1,0,1,-1,,,,
MNQ SEP25,1s,1,1837,2025-07-23 09:50:36,23199,23200.25,23198.75,23200.25,19,1.5,1.25,0,0.25,1,,,,
MNQ SEP25,1s,1,1838,2025-07-23 09:50:37,23200.25,23200.75,23199,23200.25,55,1.75,0,0.5,1.25,0,,,,
MNQ SEP25,1s,1,1839,2025-07-23 09:50:38,23200.25,23200.75,23200,23200.25,19,0.75,0,0.5,0.25,0,,,,
MNQ SEP25,1s,1,1840,2025-07-23 09:50:39,23200.5,23201,23199.75,23200.25,24,1.25,0.25,0.5,0.5,-1,,,,
MNQ SEP25,1s,1,1841,2025-07-23 09:50:40,23200.25,23201.5,23200,23201,24,1.5,0.75,0.5,0.25,1,,,,
MNQ SEP25,10s,10,5583,2025-07-23 09:50:40,23205.5,23206,23198.5,23201,473,7.5,4.5,0.5,2.5,-1,-254.85,53.1,14.36666667,-54.63
MNQ SEP25,20s,20,5791,2025-07-23 09:50:40,23198.75,23206,23198.5,23201,1013,7.5,2.25,5,0.25,1,-620.3,-288.65,-170.9,-103.85
MNQ SEP25,1s,1,1842,2025-07-23 09:50:41,23201.5,23202,23200.5,23200.75,31,1.5,0.75,0.5,0.25,-1,,,,
MNQ SEP25,1s,1,1843,2025-07-23 09:50:42,23200.5,23201.25,23199.5,23199.5,31,1.75,1,0.75,0,-1,,,,
MNQ SEP25,1s,1,1844,2025-07-23 09:50:43,23199.5,23200,23198.5,23199.75,59,1.5,0.25,0.25,1,1,,,,
MNQ SEP25,1s,1,1845,2025-07-23 09:50:44,23200.25,23201.25,23199.75,23201,40,1.5,0.75,0.25,0.5,1,,,,
MNQ SEP25,1s,1,1846,2025-07-23 09:50:45,23200.5,23201.25,23200.25,23200.75,16,1,0.25,0.5,0.25,1,,,,
MNQ SEP25,1s,1,1847,2025-07-23 09:50:46,23200,23201,23199.75,23201,30,1.25,1,0,0.25,1,,,,
MNQ SEP25,1s,1,1848,2025-07-23 09:50:47,23200.75,23200.75,23198,23198.25,29,2.75,2.5,0,0.25,-1,,,,
MNQ SEP25,1s,1,1849,2025-07-23 09:50:48,23198,23198,23195.75,23195.75,66,2.25,2.25,0,0,-1,,,,
MNQ SEP25,1s,1,1850,2025-07-23 09:50:49,23195.5,23196,23194.5,23195.5,85,1.5,0,0.5,1,0,,,,
MNQ SEP25,1s,1,1851,2025-07-23 09:50:50,23195.5,23195.5,23193,23193,120,2.5,2.5,0,0,-1,,,,
MNQ SEP25,10s,10,5584,2025-07-23 09:50:50,23201.5,23202,23193,23193,507,9,8.5,0.5,0,-1,-237.35,17.5,16.41666667,3.9
MNQ SEP25,1s,1,1852,2025-07-23 09:50:51,23193.25,23194,23193,23193.75,80,1,0.5,0.25,0.25,1,,,,
MNQ SEP25,1s,1,1853,2025-07-23 09:50:52,23194,23194.25,23191,23192.75,158,3.25,1.25,0.25,1.75,-1,,,,
MNQ SEP25,1s,1,1854,2025-07-23 09:50:53,23193,23194,23192.5,23192.5,62,1.5,0.5,1,0,-1,,,,
MNQ SEP25,1s,1,1855,2025-07-23 09:50:54,23192.5,23193,23191.25,23191.25,63,1.75,1.25,0.5,0,-1,,,,
MNQ SEP25,1s,1,1856,2025-07-23 09:50:55,23191.25,23191.5,23190,23191.25,149,1.5,0,0.25,1.25,0,,,,
MNQ SEP25,1s,1,1857,2025-07-23 09:50:56,23191,23191.25,23190.25,23190.75,135,1,0.25,0.25,0.5,-1,,,,
MNQ SEP25,1s,1,1858,2025-07-23 09:50:57,23190.75,23191.5,23190.5,23190.5,67,1,0.25,0.75,0,-1,,,,
MNQ SEP25,1s,1,1859,2025-07-23 09:50:58,23190.75,23191.5,23188.25,23189.25,327,3.25,1.5,0.75,1,-1,,,,
MNQ SEP25,1s,1,1860,2025-07-23 09:50:59,23189.5,23190.75,23188.75,23189.25,166,2,0.25,1.25,0.5,-1,,,,
MNQ SEP25,1s,1,1861,2025-07-23 09:51:00,23189,23190.75,23188.25,23189.25,181,2.5,0.25,1.5,0.75,1,,,,
MNQ SEP25,10s,10,5585,2025-07-23 09:51:00,23193.25,23194.25,23188.25,23189.25,1388,6,4,1,1,-1,-171,66.35,45.65,25.39
MNQ SEP25,20s,20,5792,2025-07-23 09:51:00,23201.5,23202,23188.25,23189.25,1895,13.75,12.25,0.5,1,-1,-841.7,-221.4,-169.26666667,-190.9
MNQ SEP25,1s,1,1862,2025-07-23 09:51:01,23189.5,23191.75,23189.25,23190.5,73,2.5,1,1.25,0.25,1,,,,
MNQ SEP25,1s,1,1863,2025-07-23 09:51:02,23190.75,23191.25,23189,23190.25,110,2.25,0.5,0.5,1.25,-1,,,,
MNQ SEP25,1s,1,1864,2025-07-23 09:51:03,23190.25,23191,23188.25,23188.5,54,2.75,1.75,0.75,0.25,-1,,,,
MNQ SEP25,1s,1,1865,2025-07-23 09:51:04,23189,23189.25,23187.5,23188.75,157,1.75,0.25,0.25,1.25,-1,,,,
MNQ SEP25,1s,1,1866,2025-07-23 09:51:05,23188.75,23189.25,23187.5,23188.25,107,1.75,0.5,0.5,0.75,-1,,,,
MNQ SEP25,1s,1,1867,2025-07-23 09:51:06,23188.25,23188.25,23186.25,23187,187,2,1.25,0,0.75,-1,,,,
MNQ SEP25,1s,1,1868,2025-07-23 09:51:07,23186.75,23187,23184.5,23185.5,208,2.5,1.25,0.25,1,-1,,,,
MNQ SEP25,1s,1,1869,2025-07-23 09:51:08,23185.75,23186,23184.75,23185.25,115,1.25,0.5,0.25,0.5,-1,,,,
MNQ SEP25,1s,1,1870,2025-07-23 09:51:09,23185.5,23186,23184.5,23184.5,98,1.5,1,0.5,0,-1,,,,
MNQ SEP25,1s,1,1871,2025-07-23 09:51:10,23185,23185,23183,23183,205,2,2,0,0,-1,,,,
MNQ SEP25,10s,10,5586,2025-07-23 09:51:10,23189.5,23191.75,23183,23183,1314,8.75,6.5,2.25,0,-1,-46.1,124.9,69.58333333,48.1
MNQ SEP25,1s,1,1872,2025-07-23 09:51:11,23183.5,23184.5,23180.75,23181.5,355,3.75,2,1,0.75,-1,,,,
MNQ SEP25,1s,1,1873,2025-07-23 09:51:12,23181.5,23181.75,23176.75,23178.5,535,5,3,0.25,1.75,-1,,,,
MNQ SEP25,1s,1,1874,2025-07-23 09:51:13,23178.5,23180.5,23178.25,23180,231,2.25,1.5,0.5,0.25,1,,,,
MNQ SEP25,1s,1,1875,2025-07-23 09:51:14,23180.25,23184.5,23180.25,23183.75,230,4.25,3.5,0.75,0,1,,,,
MNQ SEP25,1s,1,1876,2025-07-23 09:51:15,23183.75,23186,23183.75,23184.75,137,2.25,1,1.25,0,1,,,,
MNQ SEP25,1s,1,1877,2025-07-23 09:51:16,23185.25,23185.75,23184,23185,93,1.75,0.25,0.5,1,-1,,,,
MNQ SEP25,1s,1,1878,2025-07-23 09:51:17,23184.75,23188.5,23184.75,23188.25,92,3.75,3.5,0.25,0,1,,,,
MNQ SEP25,1s,1,1879,2025-07-23 09:51:18,23187.5,23188,23185.75,23187,151,2.25,0.5,0.5,1.25,-1,,,,
MNQ SEP25,1s,1,1880,2025-07-23 09:51:19,23186.5,23187.25,23185,23185,61,2.25,1.5,0.75,0,-1,,,,
MNQ SEP25,1s,1,1881,2025-07-23 09:51:20,23185,23185.25,23183.25,23184.75,72,2,0.25,0.25,1.5,-1,,,,
MNQ SEP25,10s,10,5587,2025-07-23 09:51:20,23183.5,23188.5,23176.75,23184.75,1957,11.75,1.25,3.75,6.75,1,186.5,232.6,141.28333333,98.89
MNQ SEP25,20s,20,5793,2025-07-23 09:51:20,23189.5,23191.75,23176.75,23184.75,3271,15,4.75,2.25,8,-1,-571.7,270,-80.01666667,-92.82
MNQ SEP25,1s,1,1882,2025-07-23 09:51:21,23184.5,23184.5,23183.5,23184.25,42,1,0.25,0,0.75,-1,,,,
MNQ SEP25,1s,1,1883,2025-07-23 09:51:22,23183.25,23183.75,23181.5,23183.5,83,2.25,0.25,0.25,1.75,1,,,,
MNQ SEP25,1s,1,1884,2025-07-23 09:51:23,23183,23183.75,23182,23183.25,48,1.75,0.25,0.5,1,1,,,,
MNQ SEP25,1s,1,1885,2025-07-23 09:51:24,23183.5,23185.5,23183.5,23185.25,50,2,1.75,0.25,0,1,,,,
MNQ SEP25,1s,1,1886,2025-07-23 09:51:25,23184.75,23188.75,23184.75,23188.75,77,4,4,0,0,1,,,,
MNQ SEP25,1s,1,1887,2025-07-23 09:51:26,23188.5,23189.5,23187.5,23189.25,119,2,0.75,0.25,1,1,,,,
MNQ SEP25,1s,1,1888,2025-07-23 09:51:27,23188.75,23190.25,23188.25,23189.75,82,2,1,0.5,0.5,1,,,,
MNQ SEP25,1s,1,1889,2025-07-23 09:51:28,23190,23191,23188.25,23188.75,91,2.75,1.25,1,0.5,-1,,,,
MNQ SEP25,1s,1,1890,2025-07-23 09:51:29,23188.75,23189.5,23188.25,23189.5,75,1.25,0.75,0,0.5,1,,,,
MNQ SEP25,1s,1,1891,2025-07-23 09:51:30,23189.5,23191,23189,23189.75,55,2,0.25,1.25,0.5,1,,,,
MNQ SEP25,10s,10,5588,2025-07-23 09:51:30,23184.5,23191,23181.5,23189.75,722,9.5,5.25,1.25,3,1,270.55,84.05,147.18333333,105.08
MNQ SEP25,1s,1,1892,2025-07-23 09:51:31,23189.25,23190.25,23189,23189.75,116,1.25,0.5,0.5,0.25,1,,,,
MNQ SEP25,1s,1,1893,2025-07-23 09:51:32,23189.75,23189.75,23188.75,23189.25,35,1,0.5,0,0.5,-1,,,,
MNQ SEP25,1s,1,1894,2025-07-23 09:51:33,23188.75,23189,23187.25,23188.25,49,1.75,0.5,0.25,1,-1,,,,
MNQ SEP25,1s,1,1895,2025-07-23 09:51:34,23188,23188.5,23186.5,23186.5,40,2,1.5,0.5,0,-1,,,,
MNQ SEP25,1s,1,1896,2025-07-23 09:51:35,23187,23188.25,23186.5,23187.25,36,1.75,0.25,1,0.5,1,,,,
MNQ SEP25,1s,1,1897,2025-07-23 09:51:36,23187.75,23188.5,23187.25,23188,33,1.25,0.25,0.5,0.5,1,,,,
MNQ SEP25,1s,1,1898,2025-07-23 09:51:37,23188.5,23190,23187.75,23189,44,2.25,0.5,1,0.75,1,,,,
MNQ SEP25,1s,1,1899,2025-07-23 09:51:38,23189.25,23191,23188,23191,56,3,1.75,0,1.25,1,,,,
MNQ SEP25,1s,1,1900,2025-07-23 09:51:39,23190.75,23192.25,23190.75,23191.25,110,1.5,0.5,1,0,1,,,,
MNQ SEP25,1s,1,1901,2025-07-23 09:51:40,23191,23191.75,23190.25,23191,106,1.5,0,0.75,0.75,0,,,,
MNQ SEP25,10s,10,5589,2025-07-23 09:51:40,23189.25,23192.25,23186.5,23191,625,5.75,1.75,1.25,2.75,1,293.5,22.95,113.2,106.17
MNQ SEP25,20s,20,5794,2025-07-23 09:51:40,23184.5,23192.25,23181.5,23191,1347,10.75,6.5,1.25,3,1,-457.95,113.75,54.11666667,-24.81
MNQ SEP25,1s,1,1902,2025-07-23 09:51:41,23190.5,23190.5,23188.75,23189.5,73,1.75,1,0,0.75,-1,,,,
MNQ SEP25,1s,1,1903,2025-07-23 09:51:42,23190.5,23193,23190,23192.75,101,3,2.25,0.25,0.5,1,,,,
MNQ SEP25,1s,1,1904,2025-07-23 09:51:43,23192.5,23193.75,23192,23193.75,87,1.75,1.25,0,0.5,1,,,,
MNQ SEP25,1s,1,1905,2025-07-23 09:51:44,23193,23195,23193,23195,97,2,2,0,0,1,,,,
MNQ SEP25,1s,1,1906,2025-07-23 09:51:45,23195,23200,23195,23199.75,324,5,4.75,0.25,0,1,,,,
MNQ SEP25,1s,1,1907,2025-07-23 09:51:46,23199.75,23201,23199.25,23201,186,1.75,1.25,0,0.5,1,,,,
MNQ SEP25,1s,1,1908,2025-07-23 09:51:47,23200.5,23201.75,23200.5,23201.25,174,1.25,0.75,0.5,0,1,,,,
MNQ SEP25,1s,1,1909,2025-07-23 09:51:48,23200.75,23202.25,23200.5,23201.5,195,1.75,0.75,0.75,0.25,1,,,,
MNQ SEP25,1s,1,1910,2025-07-23 09:51:49,23201,23201.75,23200,23201,117,1.75,0,0.75,1,0,,,,
MNQ SEP25,1s,1,1911,2025-07-23 09:51:50,23200.5,23201,23198.75,23199.25,98,2.25,1.25,0.5,0.5,-1,,,,
MNQ SEP25,10s,10,5590,2025-07-23 09:51:50,23190.5,23202.25,23188.75,23199.25,1452,13.5,8.75,3,1.75,1,261.45,-32.05,24.98333333,86.49
MNQ SEP25,1s,1,1912,2025-07-23 09:51:51,23199.25,23200.25,23198.75,23199.25,53,1.5,0,1,0.5,0,,,,
MNQ SEP25,1s,1,1913,2025-07-23 09:51:52,23199,23200.25,23197.75,23199.25,61,2.5,0.25,1,1.25,1,,,,
MNQ SEP25,1s,1,1914,2025-07-23 09:51:53,23199.25,23199.5,23198.75,23199.5,12,0.75,0.25,0,0.5,1,,,,
MNQ SEP25,1s,1,1915,2025-07-23 09:51:54,23199.5,23201,23199.5,23201,46,1.5,1.5,0,0,1,,,,
MNQ SEP25,1s,1,1916,2025-07-23 09:51:55,23201,23201,23199.5,23200.5,74,1.5,0.5,0,1,-1,,,,
MNQ SEP25,1s,1,1917,2025-07-23 09:51:56,23200.75,23201.75,23199.5,23201.5,87,2.25,0.75,0.25,1.25,1,,,,
MNQ SEP25,1s,1,1918,2025-07-23 09:51:57,23201.5,23202.25,23200.5,23201,95,1.75,0.5,0.75,0.5,-1,,,,
MNQ SEP25,1s,1,1919,2025-07-23 09:51:58,23201.25,23202,23200.75,23202,80,1.25,0.75,0,0.5,1,,,,
MNQ SEP25,1s,1,1920,2025-07-23 09:51:59,23201.75,23204.25,23201.5,23202.25,174,2.75,0.5,2,0.25,1,,,,
MNQ SEP25,1s,1,1921,2025-07-23 09:52:00,23203,23203.75,23202,23202.75,163,1.75,0.25,0.75,0.75,-1,,,,
MNQ SEP25,10s,10,5591,2025-07-23 09:52:00,23199.25,23204.25,23197.75,23202.75,845,6.5,3.5,1.5,1.5,1,170.2,-91.25,-33.45,43.26
MNQ SEP25,20s,20,5795,2025-07-23 09:52:00,23190.5,23204.25,23188.75,23202.75,2297,15.5,12.25,1.5,1.75,1,-171.8,286.15,223.3,31.97
MNQ SEP25,1s,1,1922,2025-07-23 09:52:01,23202.75,23202.75,23200.75,23201.5,68,2,1.25,0,0.75,-1,,,,
MNQ SEP25,1s,1,1923,2025-07-23 09:52:02,23201.5,23203.75,23201.5,23203.75,63,2.25,2.25,0,0,1,,,,
MNQ SEP25,1s,1,1924,2025-07-23 09:52:03,23203.75,23204.75,23203.25,23203.75,137,1.5,0,1,0.5,0,,,,
MNQ SEP25,1s,1,1925,2025-07-23 09:52:04,23204,23204.75,23202,23203.5,120,2.75,0.5,0.75,1.5,-1,,,,
MNQ SEP25,1s,1,1926,2025-07-23 09:52:05,23203.5,23203.75,23202,23202.5,64,1.75,1,0.25,0.5,-1,,,,
MNQ SEP25,1s,1,1927,2025-07-23 09:52:06,23202.25,23202.75,23201.5,23201.5,48,1.25,0.75,0.5,0,-1,,,,
MNQ SEP25,1s,1,1928,2025-07-23 09:52:07,23201.25,23201.75,23200.5,23201.25,60,1.25,0,0.5,0.75,0,,,,
MNQ SEP25,1s,1,1929,2025-07-23 09:52:08,23200.75,23201.25,23199,23199.25,110,2.25,1.5,0.5,0.25,-1,,,,
MNQ SEP25,1s,1,1930,2025-07-23 09:52:09,23199,23200.75,23199,23200.25,85,1.75,1.25,0.5,0,1,,,,
MNQ SEP25,1s,1,1931,2025-07-23 09:52:10,23199.5,23201,23198.25,23200.25,57,2.75,0.75,0.75,1.25,1,,,,
MNQ SEP25,10s,10,5592,2025-07-23 09:52:10,23202.75,23204.75,23198.25,23200.25,812,6.5,2.5,2,2,-1,-58.9,-229.1,-117.46666667,-49.08
MNQ SEP25,1s,1,1932,2025-07-23 09:52:11,23200.5,23201.25,23199.75,23201,26,1.5,0.5,0.25,0.75,1,,,,
MNQ SEP25,1s,1,1933,2025-07-23 09:52:12,23200.5,23201.5,23199,23199.75,40,2.5,0.75,1,0.75,-1,,,,
MNQ SEP25,1s,1,1934,2025-07-23 09:52:13,23200,23201.75,23200,23201.75,31,1.75,1.75,0,0,1,,,,
MNQ SEP25,1s,1,1935,2025-07-23 09:52:14,23201.5,23202.5,23200,23200.75,50,2.5,0.75,1,0.75,-1,,,,
MNQ SEP25,1s,1,1936,2025-07-23 09:52:15,23200.5,23200.5,23199,23199.25,60,1.5,1.25,0,0.25,-1,,,,
MNQ SEP25,1s,1,1937,2025-07-23 09:52:16,23199.5,23200.25,23199.25,23199.5,38,1,0,0.75,0.25,0,,,,
MNQ SEP25,1s,1,1938,2025-07-23 09:52:17,23199.75,23200.75,23199,23200,62,1.75,0.25,0.75,0.75,1,,,,
MNQ SEP25,1s,1,1939,2025-07-23 09:52:18,23200.5,23203.75,23199.75,23203,62,4,2.5,0.75,0.75,1,,,,
MNQ SEP25,1s,1,1940,2025-07-23 09:52:19,23203.25,23203.25,23201.75,23201.75,40,1.5,1.5,0,0,-1,,,,
MNQ SEP25,1s,1,1941,2025-07-23 09:52:20,23201.75,23202,23201,23201.25,39,1,0.5,0.25,0.25,-1,,,,
MNQ SEP25,10s,10,5593,2025-07-23 09:52:20,23200.5,23203.75,23199,23201.25,448,4.75,0.75,2.5,1.5,1,-59.4,-0.5,-106.95,-65.99
MNQ SEP25,20s,20,5796,2025-07-23 09:52:20,23202.75,23204.75,23198.25,23201.25,1260,6.5,1.5,2,3,-1,-1.25,170.55,190.15,123.81
MNQ SEP25,1s,1,1942,2025-07-23 09:52:21,23200.75,23201,23198,23199.75,78,3,1,0.25,1.75,-1,,,,
MNQ SEP25,1s,1,1943,2025-07-23 09:52:22,23199,23199,23197.5,23197.75,36,1.5,1.25,0,0.25,-1,,,,
MNQ SEP25,1s,1,1944,2025-07-23 09:52:23,23197.5,23198,23196.25,23196.25,55,1.75,1.25,0.5,0,-1,,,,
MNQ SEP25,1s,1,1945,2025-07-23 09:52:24,23196.25,23196.75,23195.25,23196.5,108,1.5,0.25,0.25,1,1,,,,
MNQ SEP25,1s,1,1946,2025-07-23 09:52:25,23196,23197.5,23195.75,23195.75,79,1.75,0.25,1.5,0,-1,,,,
MNQ SEP25,1s,1,1947,2025-07-23 09:52:26,23196,23197.5,23195.75,23195.75,77,1.75,0.25,1.5,0,-1,,,,
MNQ SEP25,1s,1,1948,2025-07-23 09:52:27,23196.75,23197.25,23196.25,23196.75,18,1,0,0.5,0.5,0,,,,
MNQ SEP25,1s,1,1949,2025-07-23 09:52:28,23197.25,23199,23197,23197,46,2,0.25,1.75,0,-1,,,,
MNQ SEP25,1s,1,1950,2025-07-23 09:52:29,23197.75,23198.75,23197.25,23198.5,65,1.5,0.75,0.25,0.5,1,,,,
MNQ SEP25,1s,1,1951,2025-07-23 09:52:30,23198,23199.25,23197.25,23197.75,24,2,0.25,1.25,0.5,-1,,,,
MNQ SEP25,10s,10,5594,2025-07-23 09:52:30,23200.75,23201,23195.25,23197.75,586,5.75,3,0.25,2.5,-1,-1.05,58.35,-57.08333333,-58.91
MNQ SEP25,1s,1,1952,2025-07-23 09:52:31,23198.25,23200.25,23197.75,23199.25,31,2.5,1,1,0.5,1,,,,
MNQ SEP25,1s,1,1953,2025-07-23 09:52:32,23199.25,23201.5,23198.5,23200.75,50,3,1.5,0.75,0.75,1,,,,
MNQ SEP25,1s,1,1954,2025-07-23 09:52:33,23200.75,23201.5,23200.25,23200.25,51,1.25,0.5,0.75,0,-1,,,,
MNQ SEP25,1s,1,1955,2025-07-23 09:52:34,23200.75,23201.25,23200,23200.25,25,1.25,0.5,0.5,0.25,-1,,,,
MNQ SEP25,1s,1,1956,2025-07-23 09:52:35,23200.25,23200.75,23199,23200,41,1.75,0.25,0.5,1,-1,,,,
MNQ SEP25,1s,1,1957,2025-07-23 09:52:36,23200.75,23201.75,23200.5,23201.5,40,1.25,0.75,0.25,0.25,1,,,,
MNQ SEP25,1s,1,1958,2025-07-23 09:52:37,23201.75,23206,23201.25,23206,111,4.75,4.25,0,0.5,1,,,,
MNQ SEP25,1s,1,1959,2025-07-23 09:52:38,23205.5,23207,23205.25,23205.75,162,1.75,0.25,1.25,0.25,1,,,,
MNQ SEP25,1s,1,1960,2025-07-23 09:52:39,23205.75,23205.75,23203.5,23204.5,109,2.25,1.25,0,1,-1,,,,
MNQ SEP25,1s,1,1961,2025-07-23 09:52:40,23205,23208.25,23205,23208.25,116,3.25,3.25,0,0,1,,,,
MNQ SEP25,10s,10,5595,2025-07-23 09:52:40,23198.25,23208.25,23197.75,23208.25,736,10.5,10,0,0.5,1,-130.2,-129.15,-23.76666667,-78.33
MNQ SEP25,20s,20,5797,2025-07-23 09:52:40,23200.75,23208.25,23195.25,23208.25,1322,13,7.5,0,5.5,1,-13.15,-11.9,148.26666667,165.71
MNQ SEP25,1s,1,1962,2025-07-23 09:52:41,23208.25,23208.25,23206,23206.75,130,2.25,1.5,0,0.75,-1,,,,
MNQ SEP25,1s,1,1963,2025-07-23 09:52:42,23206.75,23208.5,23206.75,23208.25,128,1.75,1.5,0.25,0,1,,,,
MNQ SEP25,1s,1,1964,2025-07-23 09:52:43,23208.5,23210,23207.5,23208.5,214,2.5,0,1.5,1,0,,,,
MNQ SEP25,1s,1,1965,2025-07-23 09:52:44,23208.25,23209.75,23208.25,23209.5,89,1.5,1.25,0.25,0,1,,,,
MNQ SEP25,1s,1,1966,2025-07-23 09:52:45,23209,23209.5,23207.75,23208.25,115,1.75,0.75,0.5,0.5,-1,,,,
MNQ SEP25,1s,1,1967,2025-07-23 09:52:46,23207.75,23208,23205.5,23205.5,131,2.5,2.25,0.25,0,-1,,,,
MNQ SEP25,1s,1,1968,2025-07-23 09:52:47,23205.25,23205.5,23204,23204.25,112,1.5,1,0.25,0.25,-1,,,,
MNQ SEP25,1s,1,1969,2025-07-23 09:52:48,23204,23204.75,23202.5,23202.5,142,2.25,1.5,0.75,0,-1,,,,
MNQ SEP25,1s,1,1970,2025-07-23 09:52:49,23202.5,23203.5,23199.75,23200.25,141,3.75,2.25,1,0.5,-1,,,,
MNQ SEP25,1s,1,1971,2025-07-23 09:52:50,23200,23200.75,23199.25,23200.25,63,1.5,0.25,0.5,0.75,1,,,,
MNQ SEP25,10s,10,5596,2025-07-23 09:52:50,23208.25,23210,23199.25,23200.25,1265,10.75,8,1.75,1,-1,-78.3,51.9,-6.3,-49.7
MNQ SEP25,1s,1,1972,2025-07-23 09:52:51,23200.25,23200.5,23198.25,23199,144,2.25,1.25,0.25,0.75,-1,,,,
MNQ SEP25,1s,1,1973,2025-07-23 09:52:52,23198.75,23201,23198.75,23200.75,62,2.25,2,0.25,0,1,,,,
MNQ SEP25,1s,1,1974,2025-07-23 09:52:53,23200.5,23202,23200.25,23201.5,33,1.75,1,0.5,0.25,1,,,,
MNQ SEP25,1s,1,1975,2025-07-23 09:52:54,23202.25,23202.25,23200.75,23201.5,51,1.5,0.75,0,0.75,-1,,,,
MNQ SEP25,1s,1,1976,2025-07-23 09:52:55,23201,23202,23201,23202,10,1,1,0,0,1,,,,
MNQ SEP25,1s,1,1977,2025-07-23 09:52:56,23201.75,23202.25,23201.25,23202.25,22,1,0.5,0,0.5,1,,,,
MNQ SEP25,1s,1,1978,2025-07-23 09:52:57,23201.25,23202.75,23201.25,23201.5,44,1.5,0.25,1.25,0,1,,,,
MNQ SEP25,1s,1,1979,2025-07-23 09:52:58,23201.75,23202.25,23201,23202,23,1.25,0.25,0.25,0.75,1,,,,
MNQ SEP25,1s,1,1980,2025-07-23 09:52:59,23202.5,23203,23202,23203,19,1,0.5,0,0.5,1,,,,
MNQ SEP25,1s,1,1981,2025-07-23 09:53:00,23203,23203.25,23202.5,23202.5,14,0.75,0.5,0.25,0,-1,,,,
MNQ SEP25,10s,10,5597,2025-07-23 09:53:00,23200.25,23203.25,23198.25,23202.5,422,5,2.25,0.75,2,1,-141.8,-63.5,-46.91666667,-16.58
MNQ SEP25,20s,20,5798,2025-07-23 09:53:00,23208.25,23210,23198.25,23202.5,1687,11.75,5.75,1.75,4.25,-1,-227.55,-214.4,-18.58333333,68.83
MNQ SEP25,1s,1,1982,2025-07-23 09:53:01,23202,23202,23200.5,23201.5,56,1.5,0.5,0,1,-1,,,,
MNQ SEP25,1s,1,1983,2025-07-23 09:53:02,23201.5,23201.5,23198.5,23199.5,35,3,2,0,1,-1,,,,
MNQ SEP25,1s,1,1984,2025-07-23 09:53:03,23200,23201,23199.25,23201,38,1.75,1,0,0.75,1,,,,
MNQ SEP25,1s,1,1985,2025-07-23 09:53:04,23201,23202,23199.75,23202,26,2.25,1,0,1.25,1,,,,
MNQ SEP25,1s,1,1986,2025-07-23 09:53:05,23202,23202.75,23201.5,23201.75,62,1.25,0.25,0.75,0.25,-1,,,,
MNQ SEP25,1s,1,1987,2025-07-23 09:53:06,23201.5,23201.5,23198.25,23198.5,52,3.25,3,0,0.25,-1,,,,
MNQ SEP25,1s,1,1988,2025-07-23 09:53:07,23198,23199.75,23197.5,23198.75,66,2.25,0.75,1,0.5,1,,,,
MNQ SEP25,1s,1,1989,2025-07-23 09:53:08,23198.75,23199.75,23198.25,23199.25,24,1.5,0.5,0.5,0.5,1,,,,
MNQ SEP25,1s,1,1990,2025-07-23 09:53:09,23199,23200.25,23199,23200,34,1.25,1,0.25,0,1,,,,
MNQ SEP25,1s,1,1991,2025-07-23 09:53:10,23200,23200.25,23199.5,23200.25,16,0.75,0.25,0,0.5,1,,,,
MNQ SEP25,10s,10,5598,2025-07-23 09:53:10,23202,23202.75,23197.5,23200.25,409,5.25,1.75,0.75,2.75,-1,-145.4,-3.6,-5.06666667,-17.2
MNQ SEP25,1s,1,1992,2025-07-23 09:53:11,23199.75,23200.5,23198.5,23200.5,28,2,0.75,0,1.25,1,,,,
MNQ SEP25,1s,1,1993,2025-07-23 09:53:12,23199.75,23201.75,23199.75,23199.75,34,2,0,2,0,0,,,,
MNQ SEP25,1s,1,1994,2025-07-23 09:53:13,23200.25,23200.75,23199.5,23200.75,32,1.25,0.5,0,0.75,1,,,,
MNQ SEP25,1s,1,1995,2025-07-23 09:53:14,23201.25,23201.25,23200,23200.25,15,1.25,1,0,0.25,-1,,,,
MNQ SEP25,1s,1,1996,2025-07-23 09:53:15,23199.75,23201.25,23199.75,23201,39,1.5,1.25,0.25,0,1,,,,
MNQ SEP25,1s,1,1997,2025-07-23 09:53:16,23201.25,23201.75,23200.25,23200.5,25,1.5,0.75,0.5,0.25,-1,,,,
MNQ SEP25,1s,1,1998,2025-07-23 09:53:17,23200.5,23201.5,23200.5,23201.5,17,1,1,0,0,1,,,,
MNQ SEP25,1s,1,1999,2025-07-23 09:53:18,23201.5,23204,23200.75,23204,26,3.25,2.5,0,0.75,1,,,,
MNQ SEP25,1s,1,2000,2025-07-23 09:53:19,23204.25,23204.25,23202.5,23203,32,1.75,1.25,0,0.5,-1,,,,
MNQ SEP25,1s,1,2001,2025-07-23 09:53:20,23203.75,23205,23203.25,23205,36,1.75,1.25,0,0.5,1,,,,
MNQ SEP25,10s,10,5599,2025-07-23 09:53:20,23199.75,23205,23198.5,23205,284,6.5,5.25,0,1.25,1,-197.45,-52.05,-39.71666667,-39.28
MNQ SEP25,20s,20,5799,2025-07-23 09:53:20,23202,23205,23197.5,23205,693,7.5,3,0,4.5,1,-284.9,-57.35,-94.55,34.61
MNQ SEP25,1s,1,2002,2025-07-23 09:53:21,23204.25,23204.5,23202.75,23203,36,1.75,1.25,0.25,0.25,-1,,,,
MNQ SEP25,1s,1,2003,2025-07-23 09:53:22,23203.25,23203.5,23203,23203.5,23,0.5,0.25,0,0.25,1,,,,
MNQ SEP25,1s,1,2004,2025-07-23 09:53:23,23203.5,23203.5,23202.25,23203,37,1.25,0.5,0,0.75,-1,,,,
MNQ SEP25,1s,1,2005,2025-07-23 09:53:24,23202.75,23204.5,23202.25,23203.5,28,2.25,0.75,1,0.5,1,,,,
MNQ SEP25,1s,1,2006,2025-07-23 09:53:25,23202.75,23203.5,23202.25,23202.25,35,1.25,0.5,0.75,0,-1,,,,
MNQ SEP25,1s,1,2007,2025-07-23 09:53:26,23201,23201.5,23200.75,23200.75,16,0.75,0.25,0.5,0,-1,,,,
MNQ SEP25,1s,1,2008,2025-07-23 09:53:27,23200.5,23203.75,23200.5,23203,38,3.25,2.5,0.75,0,1,,,,
MNQ SEP25,1s,1,2009,2025-07-23 09:53:28,23203.25,23203.75,23201.25,23201.5,17,2.5,1.75,0.5,0.25,-1,,,,
MNQ SEP25,1s,1,2010,2025-07-23 09:53:29,23201.75,23202.25,23201.25,23201.25,31,1,0.5,0.5,0,-1,,,,
MNQ SEP25,1s,1,2011,2025-07-23 09:53:30,23201,23201.75,23201,23201.5,7,0.75,0.5,0.25,0,1,,,,
MNQ SEP25,10s,10,5600,2025-07-23 09:53:30,23204.25,23204.5,23200.5,23201.5,268,4,2.75,0.25,1,-1,-260,-62.55,-39.4,-25.96
MNQ SEP25,1s,1,2012,2025-07-23 09:53:31,23202,23202.5,23202,23202,9,0.5,0,0.5,0,0,,,,
MNQ SEP25,1s,1,2013,2025-07-23 09:53:32,23201.25,23201.75,23200.75,23201.25,32,1,0,0.5,0.5,0,,,,
MNQ SEP25,1s,1,2014,2025-07-23 09:53:33,23201.25,23202,23200.75,23202,11,1.25,0.75,0,0.5,1,,,,
MNQ SEP25,1s,1,2015,2025-07-23 09:53:34,23201.5,23202.25,23199.5,23200.75,83,2.75,0.75,0.75,1.25,-1,,,,
MNQ SEP25,1s,1,2016,2025-07-23 09:53:35,23200.5,23200.5,23199.25,23199.5,15,1.25,1,0,0.25,-1,,,,
MNQ SEP25,1s,1,2017,2025-07-23 09:53:36,23199.25,23199.75,23199,23199.5,36,0.75,0.25,0.25,0.25,1,,,,
MNQ SEP25,1s,1,2018,2025-07-23 09:53:37,23200.25,23201.75,23200.25,23201.5,23,1.5,1.25,0.25,0,1,,,,
MNQ SEP25,1s,1,2019,2025-07-23 09:53:38,23201.5,23202,23201,23201,15,1,0.5,0.5,0,-1,,,,
MNQ SEP25,1s,1,2020,2025-07-23 09:53:39,23201.5,23203.25,23200.75,23202.5,40,2.5,1,0.75,0.75,1,,,,
MNQ SEP25,1s,1,2021,2025-07-23 09:53:40,23202.75,23203.25,23201.75,23201.75,16,1.5,1,0.5,0,-1,,,,
MNQ SEP25,10s,10,5601,2025-07-23 09:53:40,23202,23203.25,23199,23201.75,280,4.25,0.25,1.25,2.75,-1,-434.05,-174.05,-96.21666667,-71.15
MNQ SEP25,20s,20,5800,2025-07-23 09:53:40,23204.25,23204.5,23199,23201.75,548,5.5,2.5,0.25,2.75,-1,-608.05,-323.15,-198.3,-87.25
MNQ SEP25,1s,1,2022,2025-07-23 09:53:41,23202,23202.25,23201.5,23202.25,12,0.75,0.25,0,0.5,1,,,,
MNQ SEP25,1s,1,2023,2025-07-23 09:53:42,23201.5,23201.5,23200.5,23200.5,26,1,1,0,0,-1,,,,
MNQ SEP25,1s,1,2024,2025-07-23 09:53:43,23200.75,23201.25,23200,23200.75,29,1.25,0,0.5,0.75,0,,,,
MNQ SEP25,1s,1,2025,2025-07-23 09:53:44,23200.75,23201.75,23199.5,23199.5,21,2.25,1.25,1,0,-1,,,,
MNQ SEP25,1s,1,2026,2025-07-23 09:53:45,23200,23200,23199.25,23199.25,29,0.75,0.75,0,0,-1,,,,
MNQ SEP25,1s,1,2027,2025-07-23 09:53:46,23199.5,23199.75,23199,23199.5,44,0.75,0,0.25,0.5,0,,,,
MNQ SEP25,1s,1,2028,2025-07-23 09:53:47,23198.75,23198.75,23197.5,23198,58,1.25,0.75,0,0.5,-1,,,,
MNQ SEP25,1s,1,2029,2025-07-23 09:53:48,23197.5,23198,23197,23197.5,49,1,0,0.5,0.5,0,,,,
MNQ SEP25,1s,1,2030,2025-07-23 09:53:49,23197.25,23198.5,23197.25,23198.5,45,1.25,1.25,0,0,1,,,,
MNQ SEP25,1s,1,2031,2025-07-23 09:53:50,23198.25,23198.25,23197,23198,16,1.25,0.25,0,1,-1,,,,
MNQ SEP25,10s,10,5602,2025-07-23 09:53:50,23202,23202.25,23197,23198,329,5.25,4,0.25,1,-1,-442.1,-8.05,-81.55,-60.06
MNQ SEP25,1s,1,2032,2025-07-23 09:53:51,23198.25,23198.75,23197,23197.5,25,1.75,0.75,0.5,0.5,-1,,,,
MNQ SEP25,1s,1,2033,2025-07-23 09:53:52,23197.25,23198.75,23197.25,23198.75,29,1.5,1.5,0,0,1,,,,
MNQ SEP25,1s,1,2034,2025-07-23 09:53:53,23198,23199,23198,23199,15,1,1,0,0,1,,,,
MNQ SEP25,1s,1,2035,2025-07-23 09:53:54,23198.75,23199.25,23198.25,23198.25,19,1,0.5,0.5,0,-1,,,,
MNQ SEP25,1s,1,2036,2025-07-23 09:53:55,23198.25,23199.5,23198,23199.25,14,1.5,1,0.25,0.25,1,,,,
MNQ SEP25,1s,1,2037,2025-07-23 09:53:56,23199,23199.75,23197.75,23197.75,62,2,1.25,0.75,0,-1,,,,
MNQ SEP25,1s,1,2038,2025-07-23 09:53:57,23198,23198.5,23196.75,23198.5,32,1.75,0.5,0,1.25,1,,,,
MNQ SEP25,1s,1,2039,2025-07-23 09:53:58,23198.25,23198.25,23197.75,23198,10,0.5,0.25,0,0.25,-1,,,,
MNQ SEP25,1s,1,2040,2025-07-23 09:53:59,23198,23198.5,23197.5,23198.25,35,1,0.25,0.25,0.5,1,,,,
MNQ SEP25,1s,1,2041,2025-07-23 09:54:00,23198.25,23199.25,23197.75,23199.25,24,1.5,1,0,0.5,1,,,,
MNQ SEP25,10s,10,5603,2025-07-23 09:54:00,23198.25,23199.75,23196.75,23199.25,265,3,1,0.5,1.5,1,-460.5,-18.4,-66.83333333,-63.02
MNQ SEP25,20s,20,5801,2025-07-23 09:54:00,23202,23202.25,23196.75,23199.25,594,5.5,2.75,0.25,2.5,-1,-650.15,-42.1,-140.86666667,-129.78
MNQ SEP25,1s,1,2042,2025-07-23 09:54:01,23198.75,23200.25,23197.75,23199.25,58,2.5,0.5,1,1,1,,,,
MNQ SEP25,1s,1,2043,2025-07-23 09:54:02,23198.75,23199.5,23198.25,23198.5,38,1.25,0.25,0.75,0.25,-1,,,,
MNQ SEP25,1s,1,2044,2025-07-23 09:54:03,23198.75,23200.75,23198.75,23200.75,37,2,2,0,0,1,,,,
MNQ SEP25,1s,1,2045,2025-07-23 09:54:04,23200.5,23200.75,23199.5,23200.25,21,1.25,0.25,0.25,0.75,-1,,,,
MNQ SEP25,1s,1,2046,2025-07-23 09:54:05,23200.5,23201,23199.25,23199.75,63,1.75,0.75,0.5,0.5,-1,,,,
MNQ SEP25,1s,1,2047,2025-07-23 09:54:06,23199.25,23199.5,23198.25,23198.5,35,1.25,0.75,0.25,0.25,-1,,,,
MNQ SEP25,1s,1,2048,2025-07-23 09:54:07,23198.75,23199.75,23197.75,23197.75,18,2,1,1,0,-1,,,,
MNQ SEP25,1s,1,2049,2025-07-23 09:54:08,23198.25,23198.5,23197.25,23197.25,31,1.25,1,0.25,0,-1,,,,
MNQ SEP25,1s,1,2050,2025-07-23 09:54:09,23197.5,23197.75,23197,23197,26,0.75,0.5,0.25,0,-1,,,,
MNQ SEP25,1s,1,2051,2025-07-23 09:54:10,23197.25,23197.5,23196.5,23196.5,24,1,0.75,0.25,0,-1,,,,
MNQ SEP25,10s,10,5604,2025-07-23 09:54:10,23198.75,23201,23196.5,23196.5,351,4.5,2.25,2.25,0,-1,-439.3,21.2,-1.75,-48.37
MNQ SEP25,1s,1,2052,2025-07-23 09:54:11,23197.25,23198.25,23196.75,23198,24,1.5,0.75,0.25,0.5,1,,,,
MNQ SEP25,1s,1,2053,2025-07-23 09:54:12,23198.25,23199.5,23198,23199.25,36,1.5,1,0.25,0.25,1,,,,
MNQ SEP25,1s,1,2054,2025-07-23 09:54:13,23199.75,23201,23199.75,23201,25,1.25,1.25,0,0,1,,,,
MNQ SEP25,1s,1,2055,2025-07-23 09:54:14,23200.5,23204.25,23200.25,23204,77,4,3.5,0.25,0.25,1,,,,
MNQ SEP25,1s,1,2056,2025-07-23 09:54:15,23204.25,23205,23203.25,23203.25,118,1.75,1,0.75,0,-1,,,,
MNQ SEP25,1s,1,2057,2025-07-23 09:54:16,23203.25,23205,23203,23205,57,2,1.75,0,0.25,1,,,,
MNQ SEP25,1s,1,2058,2025-07-23 09:54:17,23205,23205.25,23204.25,23204.25,56,1,0.75,0.25,0,-1,,,,
MNQ SEP25,1s,1,2059,2025-07-23 09:54:18,23204.25,23205,23203.5,23203.5,28,1.5,0.75,0.75,0,-1,,,,
MNQ SEP25,1s,1,2060,2025-07-23 09:54:19,23204,23204.25,23203,23204,30,1.25,0,0.25,1,0,,,,
MNQ SEP25,1s,1,2061,2025-07-23 09:54:20,23203.25,23204,23202.75,23202.75,21,1.25,0.5,0.75,0,-1,,,,
MNQ SEP25,10s,10,5605,2025-07-23 09:54:20,23197.25,23205.25,23196.75,23202.75,472,8.5,5.5,2.5,0.5,1,-352.7,86.6,29.8,-18.54
MNQ SEP25,20s,20,5802,2025-07-23 09:54:20,23198.75,23205.25,23196.5,23202.75,823,8.75,4,2.5,2.25,1,-723.5,-73.35,-146.2,-142.07
MNQ SEP25,1s,1,2062,2025-07-23 09:54:21,23202.75,23203.5,23201.75,23202.25,42,1.75,0.5,0.75,0.5,-1,,,,
MNQ SEP25,1s,1,2063,2025-07-23 09:54:22,23202,23203.25,23201.75,23203.25,17,1.5,1.25,0,0.25,1,,,,
MNQ SEP25,1s,1,2064,2025-07-23 09:54:23,23202.75,23203.75,23202.75,23203.75,10,1,1,0,0,1,,,,
MNQ SEP25,1s,1,2065,2025-07-23 09:54:24,23204.25,23205,23202.5,23202.5,66,2.5,1.75,0.75,0,-1,,,,
MNQ SEP25,1s,1,2066,2025-07-23 09:54:25,23203,23203,23200.5,23200.75,45,2.5,2.25,0,0.25,-1,,,,
MNQ SEP25,1s,1,2067,2025-07-23 09:54:26,23201,23201,23200.75,23200.75,6,0.25,0.25,0,0,-1,,,,
MNQ SEP25,1s,1,2068,2025-07-23 09:54:27,23201.25,23202.25,23201.25,23202,14,1,0.75,0.25,0,1,,,,
MNQ SEP25,1s,1,2069,2025-07-23 09:54:28,23202,23202.5,23201,23201,10,1.5,1,0.5,0,-1,,,,
MNQ SEP25,1s,1,2070,2025-07-23 09:54:29,23200.5,23200.5,23199.25,23199.75,28,1.25,0.75,0,0.5,-1,,,,
MNQ SEP25,1s,1,2071,2025-07-23 09:54:30,23199.5,23199.5,23199,23199.25,10,0.5,0.25,0,0.25,-1,,,,
MNQ SEP25,10s,10,5606,2025-07-23 09:54:30,23202.75,23205,23199,23199.25,248,6,3.5,2.25,0.25,-1,-305.8,46.9,51.56666667,25.65
MNQ SEP25,1s,1,2072,2025-07-23 09:54:31,23199.5,23200.25,23199.25,23199.25,21,1,0.25,0.75,0,-1,,,,
MNQ SEP25,1s,1,2073,2025-07-23 09:54:32,23199.5,23199.75,23198.75,23199.75,18,1,0.25,0,0.75,1,,,,
MNQ SEP25,1s,1,2074,2025-07-23 09:54:33,23199.25,23199.25,23197.75,23197.75,32,1.5,1.5,0,0,-1,,,,
MNQ SEP25,1s,1,2075,2025-07-23 09:54:34,23198,23198.75,23198,23198.5,35,0.75,0.5,0.25,0,1,,,,
MNQ SEP25,1s,1,2076,2025-07-23 09:54:35,23198.5,23200.5,23198.5,23199.5,45,2,1,1,0,1,,,,
MNQ SEP25,1s,1,2077,2025-07-23 09:54:36,23200.25,23200.25,23199.25,23199.25,22,1,1,0,0,-1,,,,
MNQ SEP25,1s,1,2078,2025-07-23 09:54:37,23199.75,23199.75,23198.5,23199,8,1.25,0.75,0,0.5,-1,,,,
MNQ SEP25,1s,1,2079,2025-07-23 09:54:38,23199.25,23199.5,23199,23199,15,0.5,0.25,0.25,0,-1,,,,
MNQ SEP25,1s,1,2080,2025-07-23 09:54:39,23200,23201,23199.5,23199.5,18,1.5,0.5,1,0,-1,,,,
MNQ SEP25,1s,1,2081,2025-07-23 09:54:40,23199.75,23201.75,23199.75,23201.75,32,2,2,0,0,1,,,,
MNQ SEP25,10s,10,5607,2025-07-23 09:54:40,23199.5,23201.75,23197.75,23201.75,246,4,2.25,0,1.75,1,-236.85,68.95,67.48333333,41.05
MNQ SEP25,20s,20,5803,2025-07-23 09:54:40,23202.75,23205,23197.75,23201.75,494,7.25,1,2.25,4,-1,-864.15,-140.65,-85.36666667,-127.32
MNQ SEP25,1s,1,2082,2025-07-23 09:54:41,23201,23201.5,23200.5,23200.5,10,1,0.5,0.5,0,-1,,,,
MNQ SEP25,1s,1,2083,2025-07-23 09:54:42,23200.5,23201,23199.75,23200,17,1.25,0.5,0.5,0.25,-1,,,,
MNQ SEP25,1s,1,2084,2025-07-23 09:54:43,23199,23199.5,23199,23199.25,12,0.5,0.25,0.25,0,1,,,,
MNQ SEP25,1s,1,2085,2025-07-23 09:54:44,23199.25,23199.75,23198.5,23199.5,20,1.25,0.25,0.25,0.75,1,,,,
MNQ SEP25,1s,1,2086,2025-07-23 09:54:45,23200,23200.75,23200,23200.75,14,0.75,0.75,0,0,1,,,,
MNQ SEP25,1s,1,2087,2025-07-23 09:54:46,23200.75,23200.75,23199.75,23200.25,19,1,0.5,0,0.5,-1,,,,
MNQ SEP25,1s,1,2088,2025-07-23 09:54:47,23200.75,23200.75,23199.25,23199.5,16,1.5,1.25,0,0.25,-1,,,,
MNQ SEP25,1s,1,2089,2025-07-23 09:54:48,23199.75,23200.5,23199.75,23200.5,11,0.75,0.75,0,0,1,,,,
MNQ SEP25,1s,1,2090,2025-07-23 09:54:49,23199.75,23199.75,23198,23198.25,20,1.75,1.5,0,0.25,-1,,,,
MNQ SEP25,1s,1,2091,2025-07-23 09:54:50,23198.25,23200.25,23198.25,23199.75,39,2,1.5,0.5,0,1,,,,
MNQ SEP25,10s,10,5608,2025-07-23 09:54:50,23201,23201.5,23198,23199.75,178,3.5,1.25,0.5,1.75,-1,-227.05,9.8,41.88333333,46.69
MNQ SEP25,1s,1,2092,2025-07-23 09:54:51,23198.75,23200.25,23198.75,23199.5,29,1.5,0.75,0.75,0,1,,,,
MNQ SEP25,1s,1,2093,2025-07-23 09:54:52,23199,23200.25,23198.75,23199.75,29,1.5,0.75,0.5,0.25,1,,,,
MNQ SEP25,1s,1,2094,2025-07-23 09:54:53,23199.5,23199.75,23198.75,23199,54,1,0.5,0.25,0.25,-1,,,,
MNQ SEP25,1s,1,2095,2025-07-23 09:54:54,23199,23199,23198.75,23199,9,0.25,0,0,0.25,0,,,,
MNQ SEP25,1s,1,2096,2025-07-23 09:54:55,23199.25,23199.25,23198.5,23198.75,15,0.75,0.5,0,0.25,-1,,,,
MNQ SEP25,1s,1,2097,2025-07-23 09:54:56,23198.25,23198.25,23195.75,23196.5,113,2.5,1.75,0,0.75,-1,,,,
MNQ SEP25,1s,1,2098,2025-07-23 09:54:57,23196.25,23196.25,23194.5,23195.25,188,1.75,1,0,0.75,-1,,,,
MNQ SEP25,1s,1,2099,2025-07-23 09:54:58,23195.5,23196.75,23195.25,23196.25,69,1.5,0.75,0.5,0.25,1,,,,
MNQ SEP25,1s,1,2100,2025-07-23 09:54:59,23196.75,23197.5,23196.5,23196.75,18,1,0,0.75,0.25,0,,,,
MNQ SEP25,1s,1,2101,2025-07-23 09:55:00,23197.5,23198.5,23196.75,23198.5,43,1.75,1,0,0.75,1,,,,
MNQ SEP25,10s,10,5609,2025-07-23 09:55:00,23198.75,23200.25,23194.5,23198.5,567,5.75,0.25,1.5,4,-1,-180.95,46.1,41.61666667,51.67
MNQ SEP25,20s,20,5804,2025-07-23 09:55:00,23201,23201.5,23194.5,23198.5,745,7,2.5,0.5,4,-1,-790.05,74.1,-46.63333333,-101.03
MNQ SEP25,1s,1,2102,2025-07-23 09:55:01,23198,23198.5,23196.25,23197.75,70,2.25,0.25,0.5,1.5,-1,,,,
MNQ SEP25,1s,1,2103,2025-07-23 09:55:02,23197,23197.25,23195.75,23196.25,35,1.5,0.75,0.25,0.5,-1,,,,
MNQ SEP25,1s,1,2104,2025-07-23 09:55:03,23196.75,23199,23196.75,23198.25,66,2.25,1.5,0.75,0,1,,,,
MNQ SEP25,1s,1,2105,2025-07-23 09:55:04,23198.25,23198.75,23197.25,23197.5,25,1.5,0.75,0.5,0.25,-1,,,,
MNQ SEP25,1s,1,2106,2025-07-23 09:55:05,23197.75,23198.75,23197.75,23198.75,13,1,1,0,0,1,,,,
MNQ SEP25,1s,1,2107,2025-07-23 09:55:06,23198,23201.25,23197.75,23201,72,3.5,3,0.25,0.25,1,,,,
MNQ SEP25,1s,1,2108,2025-07-23 09:55:07,23199.75,23200,23199.25,23199.75,28,0.75,0,0.25,0.5,0,,,,
MNQ SEP25,1s,1,2109,2025-07-23 09:55:08,23199.75,23201,23199.25,23201,66,1.75,1.25,0,0.5,1,,,,
MNQ SEP25,1s,1,2110,2025-07-23 09:55:09,23201.25,23201.5,23198.5,23198.75,39,3,2.5,0.25,0.25,-1,,,,
MNQ SEP25,1s,1,2111,2025-07-23 09:55:10,23198.75,23199,23198.25,23199,20,0.75,0.25,0,0.5,1,,,,
MNQ SEP25,10s,10,5610,2025-07-23 09:55:10,23198,23201.5,23195.75,23199,434,5.75,1,2.5,2.25,1,-137.65,43.3,33.06666667,43.01
MNQ SEP25,1s,1,2112,2025-07-23 09:55:11,23199,23199,23197.5,23197.5,19,1.5,1.5,0,0,-1,,,,
MNQ SEP25,1s,1,2113,2025-07-23 09:55:12,23198,23198,23196,23196,50,2,2,0,0,-1,,,,
MNQ SEP25,1s,1,2114,2025-07-23 09:55:13,23195.75,23195.75,23194,23195,106,1.75,0.75,0,1,-1,,,,
MNQ SEP25,1s,1,2115,2025-07-23 09:55:14,23195.25,23196.25,23195,23195,84,1.25,0.25,1,0,-1,,,,
MNQ SEP25,1s,1,2116,2025-07-23 09:55:15,23195.25,23196,23194,23194,48,2,1.25,0.75,0,-1,,,,
MNQ SEP25,1s,1,2117,2025-07-23 09:55:16,23193.75,23193.75,23191.25,23191.75,221,2.5,2,0,0.5,-1,,,,
MNQ SEP25,1s,1,2118,2025-07-23 09:55:17,23191.5,23194.75,23191.5,23193.75,139,3.25,2.25,1,0,1,,,,
MNQ SEP25,1s,1,2119,2025-07-23 09:55:18,23193.5,23194,23192.5,23193.5,77,1.5,0,0.5,1,0,,,,
MNQ SEP25,1s,1,2120,2025-07-23 09:55:19,23193.75,23195.25,23193.25,23194,64,2,0.25,1.25,0.5,1,,,,
MNQ SEP25,1s,1,2121,2025-07-23 09:55:20,23193.25,23194,23192.5,23193.25,54,1.5,0,0.75,0.75,0,,,,
MNQ SEP25,10s,10,5611,2025-07-23 09:55:20,23199,23199,23191.25,23193.25,862,7.75,5.75,0,2,-1,-15.7,121.95,70.45,58.02
MNQ SEP25,20s,20,5805,2025-07-23 09:55:20,23198,23201.5,23191.25,23193.25,1296,10.25,4.75,3.5,2,-1,-632.7,157.35,30.26666667,-4.93
MNQ SEP25,1s,1,2122,2025-07-23 09:55:21,23192.75,23193,23191.75,23192.25,51,1.25,0.5,0.25,0.5,-1,,,,
MNQ SEP25,1s,1,2123,2025-07-23 09:55:22,23192,23192.25,23191,23191.5,52,1.25,0.5,0.25,0.5,-1,,,,
MNQ SEP25,1s,1,2124,2025-07-23 09:55:23,23191.25,23192,23189,23191.25,190,3,0,0.75,2.25,0,,,,
MNQ SEP25,1s,1,2125,2025-07-23 09:55:24,23191.5,23194.75,23191.25,23194,84,3.5,2.5,0.75,0.25,1,,,,
MNQ SEP25,1s,1,2126,2025-07-23 09:55:25,23194,23197,23194,23196,74,3,2,1,0,1,,,,
MNQ SEP25,1s,1,2127,2025-07-23 09:55:26,23196,23196,23195,23195,35,1,1,0,0,-1,,,,
MNQ SEP25,1s,1,2128,2025-07-23 09:55:27,23195.75,23197,23195.25,23197,47,1.75,1.25,0,0.5,1,,,,
MNQ SEP25,1s,1,2129,2025-07-23 09:55:28,23197,23197.25,23195.25,23196,78,2,1,0.25,0.75,-1,,,,
MNQ SEP25,1s,1,2130,2025-07-23 09:55:29,23195.5,23196.25,23195.5,23196,12,0.75,0.5,0.25,0,1,,,,
MNQ SEP25,1s,1,2131,2025-07-23 09:55:30,23195.5,23196,23195,23195,13,1,0.5,0.5,0,-1,,,,
MNQ SEP25,10s,10,5612,2025-07-23 09:55:30,23192.75,23197.25,23189,23195,636,8.25,2.25,2.25,3.75,1,71.1,86.8,84.01666667,61.59
MNQ SEP25,1s,1,2132,2025-07-23 09:55:31,23194.75,23198.75,23194.5,23197.75,65,4.25,3,1,0.25,1,,,,
MNQ SEP25,1s,1,2133,2025-07-23 09:55:32,23198.75,23200.25,23198.5,23200,79,1.75,1.25,0.25,0.25,1,,,,
MNQ SEP25,1s,1,2134,2025-07-23 09:55:33,23200.25,23200.25,23198.5,23199,57,1.75,1.25,0,0.5,-1,,,,
MNQ SEP25,1s,1,2135,2025-07-23 09:55:34,23199.25,23199.25,23196.75,23197.25,34,2.5,2,0,0.5,-1,,,,
MNQ SEP25,1s,1,2136,2025-07-23 09:55:35,23197.25,23197.25,23195.25,23195.5,18,2,1.75,0,0.25,-1,,,,
MNQ SEP25,1s,1,2137,2025-07-23 09:55:36,23195.5,23195.5,23194.75,23194.75,18,0.75,0.75,0,0,-1,,,,
MNQ SEP25,1s,1,2138,2025-07-23 09:55:37,23195.5,23195.5,23193,23193.5,31,2.5,2,0,0.5,-1,,,,
MNQ SEP25,1s,1,2139,2025-07-23 09:55:38,23193.25,23195.25,23193.25,23194.75,28,2,1.5,0.5,0,1,,,,
MNQ SEP25,1s,1,2140,2025-07-23 09:55:39,23195.75,23195.75,23195,23195.25,10,0.75,0.5,0,0.25,-1,,,,
MNQ SEP25,1s,1,2141,2025-07-23 09:55:40,23194.75,23196.25,23194.75,23195,17,1.5,0.25,1.25,0,1,,,,
MNQ SEP25,10s,10,5613,2025-07-23 09:55:40,23194.75,23200.25,23193,23195,357,7.25,0.25,5.25,1.75,1,111.45,40.35,83.03333333,67.7
MNQ SEP25,20s,20,5806,2025-07-23 09:55:40,23192.75,23200.25,23189,23195,993,11.25,2.25,5.25,3.75,1,-485.35,147.35,126.26666667,32.96
MNQ SEP25,1s,1,2142,2025-07-23 09:55:41,23196.25,23197.25,23195.5,23197.25,40,1.75,1,0,0.75,1,,,,
MNQ SEP25,1s,1,2143,2025-07-23 09:55:42,23197.25,23200,23197,23200,41,3,2.75,0,0.25,1,,,,
MNQ SEP25,1s,1,2144,2025-07-23 09:55:43,23199.25,23200,23198.5,23198.75,49,1.5,0.5,0.75,0.25,-1,,,,
MNQ SEP25,1s,1,2145,2025-07-23 09:55:44,23199,23199,23197,23197.75,38,2,1.25,0,0.75,-1,,,,
MNQ SEP25,1s,1,2146,2025-07-23 09:55:45,23197.75,23197.75,23196.25,23196.75,15,1.5,1,0,0.5,-1,,,,
MNQ SEP25,1s,1,2147,2025-07-23 09:55:46,23196.75,23197,23195.75,23196.25,23,1.25,0.5,0.25,0.5,-1,,,,
MNQ SEP25,1s,1,2148,2025-07-23 09:55:47,23196,23197.5,23195.75,23197,19,1.75,1,0.5,0.25,1,,,,
MNQ SEP25,1s,1,2149,2025-07-23 09:55:48,23197,23197.5,23197,23197.5,11,0.5,0.5,0,0,1,,,,
MNQ SEP25,1s,1,2150,2025-07-23 09:55:49,23198,23200.5,23198,23199.75,42,2.5,1.75,0.75,0,1,,,,
MNQ SEP25,1s,1,2151,2025-07-23 09:55:50,23200.5,23200.5,23198.75,23199.75,40,1.75,0.75,0,1,-1,,,,
MNQ SEP25,10s,10,5614,2025-07-23 09:55:50,23196.25,23200.5,23195.5,23199.75,318,5,3.5,0.75,0.75,1,75.05,-36.4,30.25,51.2
MNQ SEP25,1s,1,2152,2025-07-23 09:55:51,23199.75,23200.5,23198.25,23198.25,27,2.25,1.5,0.75,0,-1,,,,
MNQ SEP25,1s,1,2153,2025-07-23 09:55:52,23198,23200.5,23198,23200,45,2.5,2,0.5,0,1,,,,
MNQ SEP25,1s,1,2154,2025-07-23 09:55:53,23199.75,23200,23199,23199,14,1,0.75,0.25,0,-1,,,,
MNQ SEP25,1s,1,2155,2025-07-23 09:55:54,23198.25,23199,23198.25,23198.75,7,0.75,0.5,0.25,0,1,,,,
MNQ SEP25,1s,1,2156,2025-07-23 09:55:55,23198.5,23199,23198.5,23198.75,14,0.5,0.25,0.25,0,1,,,,
MNQ SEP25,1s,1,2157,2025-07-23 09:55:56,23199.25,23199.25,23198.5,23198.75,11,0.75,0.5,0,0.25,-1,,,,
MNQ SEP25,1s,1,2158,2025-07-23 09:55:57,23198.5,23200,23198.5,23200,19,1.5,1.5,0,0,1,,,,
MNQ SEP25,1s,1,2159,2025-07-23 09:55:58,23200,23200.25,23199.5,23199.5,16,0.75,0.5,0.25,0,-1,,,,
MNQ SEP25,1s,1,2160,2025-07-23 09:55:59,23199.5,23200.25,23199.5,23200.25,33,0.75,0.75,0,0,1,,,,
MNQ SEP25,1s,1,2161,2025-07-23 09:56:00,23199.75,23200.5,23199,23199.25,32,1.5,0.5,0.75,0.25,-1,,,,
MNQ SEP25,10s,10,5615,2025-07-23 09:56:00,23199.75,23200.5,23198,23199.25,218,2.5,0.5,0.75,1.25,-1,57.75,-17.3,-4.45,39.08
MNQ SEP25,20s,20,5807,2025-07-23 09:56:00,23196.25,23200.5,23195.5,23199.25,536,5,3,1.25,0.75,1,-423.25,62.1,122.26666667,60.05
MNQ SEP25,1s,1,2162,2025-07-23 09:56:01,23198.75,23199.75,23197,23199.75,70,2.75,1,0,1.75,1,,,,
MNQ SEP25,1s,1,2163,2025-07-23 09:56:02,23199.25,23199.5,23196,23197,67,3.5,2.25,0.25,1,-1,,,,
MNQ SEP25,1s,1,2164,2025-07-23 09:56:03,23197.5,23200.5,23197.5,23200.25,31,3,2.75,0.25,0,1,,,,
MNQ SEP25,1s,1,2165,2025-07-23 09:56:04,23200.5,23200.75,23199.25,23200,43,1.5,0.5,0.25,0.75,-1,,,,
MNQ SEP25,1s,1,2166,2025-07-23 09:56:05,23199.75,23199.75,23198,23198.5,30,1.75,1.25,0,0.5,-1,,,,
MNQ SEP25,1s,1,2167,2025-07-23 09:56:06,23199.25,23199.25,23198.5,23199,13,0.75,0.25,0,0.5,-1,,,,
MNQ SEP25,1s,1,2168,2025-07-23 09:56:07,23199.25,23200,23198.5,23199,19,1.5,0.25,0.75,0.5,-1,,,,
MNQ SEP25,1s,1,2169,2025-07-23 09:56:08,23199,23199.25,23198.5,23198.5,4,0.75,0.5,0.25,0,-1,,,,
MNQ SEP25,1s,1,2170,2025-07-23 09:56:09,23199.5,23200,23198.5,23199.25,33,1.5,0.25,0.5,0.75,-1,,,,
MNQ SEP25,1s,1,2171,2025-07-23 09:56:10,23199,23199.25,23198.5,23198.75,19,0.75,0.25,0.25,0.25,-1,,,,
MNQ SEP25,10s,10,5616,2025-07-23 09:56:10,23198.75,23200.75,23196,23198.75,329,4.75,0,2,2.75,0,-2.05,-59.8,-37.83333333,2.73
MNQ SEP25,1s,1,2172,2025-07-23 09:56:11,23198.25,23198.5,23197.5,23198,16,1,0.25,0.25,0.5,-1,,,,
MNQ SEP25,1s,1,2173,2025-07-23 09:56:12,23198.25,23200.25,23197.75,23200.25,38,2.5,2,0,0.5,1,,,,
MNQ SEP25,1s,1,2174,2025-07-23 09:56:13,23199.75,23199.75,23198,23198.25,22,1.75,1.5,0,0.25,-1,,,,
MNQ SEP25,1s,1,2175,2025-07-23 09:56:14,23198,23198,23196.75,23197,34,1.25,1,0,0.25,-1,,,,
MNQ SEP25,1s,1,2176,2025-07-23 09:56:15,23197,23197.5,23196.5,23197,13,1,0,0.5,0.5,0,,,,
MNQ SEP25,1s,1,2177,2025-07-23 09:56:16,23197,23198,23197,23197.5,5,1,0.5,0.5,0,1,,,,
MNQ SEP25,1s,1,2178,2025-07-23 09:56:17,23197,23197,23168.25,23174.25,2563,28.75,22.75,0,6,-1,,,,
MNQ SEP25,1s,1,2179,2025-07-23 09:56:18,23175,23179.5,23174.75,23178.5,371,4.75,3.5,1,0.25,1,,,,
MNQ SEP25,1s,1,2180,2025-07-23 09:56:19,23178.5,23179,23176.5,23177,174,2.5,1.5,0.5,0.5,-1,,,,
MNQ SEP25,1s,1,2181,2025-07-23 09:56:20,23177.5,23181.25,23177.5,23181.25,184,3.75,3.75,0,0,1,,,,
MNQ SEP25,10s,10,5617,2025-07-23 09:56:20,23198.25,23200.25,23168.25,23181.25,3420,32,17,2,13,-1,404.85,406.9,109.93333333,66.75
MNQ SEP25,20s,20,5808,2025-07-23 09:56:20,23198.75,23200.75,23168.25,23181.25,3749,32.5,17.5,2,13,-1,107.05,530.3,246.58333333,194.24
MNQ SEP25,1s,1,2182,2025-07-23 09:56:21,23180.75,23184.5,23180.5,23184.5,192,4,3.75,0,0.25,1,,,,
MNQ SEP25,1s,1,2183,2025-07-23 09:56:22,23184.25,23185.25,23183.5,23184.25,188,1.75,0,1,0.75,0,,,,
MNQ SEP25,1s,1,2184,2025-07-23 09:56:23,23184.5,23185,23182.75,23183.75,106,2.25,0.75,0.5,1,-1,,,,
MNQ SEP25,1s,1,2185,2025-07-23 09:56:24,23183.75,23185.25,23182.75,23183,79,2.5,0.75,1.5,0.25,-1,,,,
MNQ SEP25,1s,1,2186,2025-07-23 09:56:25,23182.5,23183,23180.75,23181.25,93,2.25,1.25,0.5,0.5,-1,,,,
MNQ SEP25,1s,1,2187,2025-07-23 09:56:26,23181,23182.25,23180,23181.75,143,2.25,0.75,0.5,1,1,,,,
MNQ SEP25,1s,1,2188,2025-07-23 09:56:27,23181.5,23181.75,23179.5,23180.75,89,2.25,0.75,0.25,1.25,-1,,,,
MNQ SEP25,1s,1,2189,2025-07-23 09:56:28,23180.5,23182,23180.25,23181.75,112,1.75,1.25,0.25,0.25,1,,,,
MNQ SEP25,1s,1,2190,2025-07-23 09:56:29,23181.25,23181.25,23180,23180.75,52,1.25,0.5,0,0.75,-1,,,,
MNQ SEP25,1s,1,2191,2025-07-23 09:56:30,23180.75,23181.25,23179.75,23180.25,33,1.5,0.5,0.5,0.5,-1,,,,
MNQ SEP25,10s,10,5618,2025-07-23 09:56:30,23180.75,23185.25,23179.5,23180.25,1087,5.75,0.5,4.5,0.75,-1,516.95,112.1,153.06666667,81.1
MNQ SEP25,1s,1,2192,2025-07-23 09:56:31,23180.75,23181,23179,23179.5,82,2,1.25,0.25,0.5,-1,,,,
MNQ SEP25,1s,1,2193,2025-07-23 09:56:32,23180.25,23180.5,23178,23178.75,66,2.5,1.5,0.25,0.75,-1,,,,
MNQ SEP25,1s,1,2194,2025-07-23 09:56:33,23178.75,23181,23178.25,23180.75,115,2.75,2,0.25,0.5,1,,,,
MNQ SEP25,1s,1,2195,2025-07-23 09:56:34,23181,23184,23180.5,23183.75,93,3.5,2.75,0.25,0.5,1,,,,
MNQ SEP25,1s,1,2196,2025-07-23 09:56:35,23183.25,23184.25,23182.25,23182.75,98,2,0.5,1,0.5,-1,,,,
MNQ SEP25,1s,1,2197,2025-07-23 09:56:36,23182.75,23183.25,23182,23182.5,62,1.25,0.25,0.5,0.5,-1,,,,
MNQ SEP25,1s,1,2198,2025-07-23 09:56:37,23183.5,23183.75,23181.75,23182.5,62,2,1,0.25,0.75,-1,,,,
MNQ SEP25,1s,1,2199,2025-07-23 09:56:38,23183,23184.5,23182.5,23183.25,50,2,0.25,1.25,0.5,1,,,,
MNQ SEP25,1s,1,2200,2025-07-23 09:56:39,23183.25,23183.5,23182.5,23183.25,36,1,0,0.25,0.75,0,,,,
MNQ SEP25,1s,1,2201,2025-07-23 09:56:40,23182.75,23184.5,23181.5,23182.5,132,3,0.25,1.75,1,-1,,,,
MNQ SEP25,10s,10,5619,2025-07-23 09:56:40,23180.75,23184.5,23178,23182.5,796,6.5,1.75,2,2.75,1,586.95,70,196.33333333,102.38
MNQ SEP25,20s,20,5809,2025-07-23 09:56:40,23180.75,23185.25,23178,23182.5,1883,7.25,1.75,2.75,2.75,1,287.7,180.65,257.68333333,215.55
MNQ SEP25,1s,1,2202,2025-07-23 09:56:41,23182.25,23183.25,23181.75,23182.25,60,1.5,0,1,0.5,0,,,,
MNQ SEP25,1s,1,2203,2025-07-23 09:56:42,23182.25,23182.5,23181.25,23182.5,28,1.25,0.25,0,1,1,,,,
MNQ SEP25,1s,1,2204,2025-07-23 09:56:43,23182.25,23182.75,23181.75,23182.75,53,1,0.5,0,0.5,1,,,,
MNQ SEP25,1s,1,2205,2025-07-23 09:56:44,23182.5,23183,23182,23182,39,1,0.5,0.5,0,-1,,,,
MNQ SEP25,1s,1,2206,2025-07-23 09:56:45,23182.5,23182.5,23180.75,23182,59,1.75,0.5,0,1.25,-1,,,,
MNQ SEP25,1s,1,2207,2025-07-23 09:56:46,23182.5,23182.5,23179.5,23180,70,3,2.5,0,0.5,-1,,,,
MNQ SEP25,1s,1,2208,2025-07-23 09:56:47,23179.5,23180.25,23178,23178,105,2.25,1.5,0.75,0,-1,,,,
MNQ SEP25,1s,1,2209,2025-07-23 09:56:48,23178.25,23180.25,23178,23179.5,58,2.25,1.25,0.75,0.25,1,,,,
MNQ SEP25,1s,1,2210,2025-07-23 09:56:49,23179.5,23180.75,23178.75,23180.5,66,2,1,0.25,0.75,1,,,,
MNQ SEP25,1s,1,2211,2025-07-23 09:56:50,23180,23182.25,23179.5,23181.75,40,2.75,1.75,0.5,0.5,1,,,,
MNQ SEP25,10s,10,5620,2025-07-23 09:56:50,23182.25,23183.25,23178,23181.75,578,5.25,0.5,1,3.75,-1,643.45,56.5,79.53333333,117.14
MNQ SEP25,1s,1,2212,2025-07-23 09:56:51,23182,23182,23179.75,23179.75,31,2.25,2.25,0,0,-1,,,,
MNQ SEP25,1s,1,2213,2025-07-23 09:56:52,23180.25,23180.75,23179.75,23180.75,10,1,0.5,0,0.5,1,,,,
MNQ SEP25,1s,1,2214,2025-07-23 09:56:53,23180.5,23180.5,23178.75,23178.75,24,1.75,1.75,0,0,-1,,,,
MNQ SEP25,1s,1,2215,2025-07-23 09:56:54,23178.5,23179.25,23177.75,23178.25,38,1.5,0.25,0.75,0.5,-1,,,,
MNQ SEP25,1s,1,2216,2025-07-23 09:56:55,23178.25,23179.25,23178.25,23178.75,25,1,0.5,0.5,0,1,,,,
MNQ SEP25,1s,1,2217,2025-07-23 09:56:56,23178.25,23179.25,23177.75,23178.5,40,1.5,0.25,0.75,0.5,1,,,,
MNQ SEP25,1s,1,2218,2025-07-23 09:56:57,23178.5,23179.75,23178.5,23179.25,29,1.25,0.75,0.5,0,1,,,,
MNQ SEP25,1s,1,2219,2025-07-23 09:56:58,23179.25,23181,23179.25,23181,42,1.75,1.75,0,0,1,,,,
MNQ SEP25,1s,1,2220,2025-07-23 09:56:59,23180,23180,23178.75,23179.75,41,1.25,0.25,0,1,-1,,,,
MNQ SEP25,1s,1,2221,2025-07-23 09:57:00,23180.25,23181,23180,23180.75,33,1,0.5,0.25,0.25,1,,,,
MNQ SEP25,10s,10,5621,2025-07-23 09:57:00,23182,23182,23177.75,23180.75,313,4.25,1.25,0,3,-1,638.6,-4.85,40.55,128.13
MNQ SEP25,20s,20,5810,2025-07-23 09:57:00,23182.25,23183.25,23177.75,23180.75,891,5.5,1.5,1,3,-1,243.55,-44.15,222.26666667,175.25
MNQ SEP25,1s,1,2222,2025-07-23 09:57:01,23181,23181,23178,23178.75,272,3,2.25,0,0.75,-1,,,,
MNQ SEP25,1s,1,2223,2025-07-23 09:57:02,23179,23180,23178,23178,59,2,1,1,0,-1,,,,
MNQ SEP25,1s,1,2224,2025-07-23 09:57:03,23178.25,23179.25,23177.5,23178.25,74,1.75,0,1,0.75,0,,,,
MNQ SEP25,1s,1,2225,2025-07-23 09:57:04,23178.25,23179,23177.5,23178.25,32,1.5,0,0.75,0.75,0,,,,
MNQ SEP25,1s,1,2226,2025-07-23 09:57:05,23178.25,23178.5,23176.25,23176.75,66,2.25,1.5,0.25,0.5,-1,,,,
MNQ SEP25,1s,1,2227,2025-07-23 09:57:06,23176.5,23177.5,23176,23176.5,50,1.5,0,1,0.5,0,,,,
MNQ SEP25,1s,1,2228,2025-07-23 09:57:07,23176.25,23177.5,23174.25,23174.25,128,3.25,2,1.25,0,-1,,,,
MNQ SEP25,1s,1,2229,2025-07-23 09:57:08,23174.5,23177,23174,23176,166,3,1.5,1,0.5,1,,,,
MNQ SEP25,1s,1,2230,2025-07-23 09:57:09,23176.5,23176.75,23175.5,23175.75,74,1.25,0.75,0.25,0.25,-1,,,,
MNQ SEP25,1s,1,2231,2025-07-23 09:57:10,23176,23177.25,23175.5,23177.25,37,1.75,1.25,0,0.5,1,,,,
MNQ SEP25,10s,10,5622,2025-07-23 09:57:10,23181,23181,23174,23177.25,958,7,3.75,0,3.25,-1,114.75,-523.85,-157.4,-58.02
MNQ SEP25,1s,1,2232,2025-07-23 09:57:11,23177.75,23178.25,23176.75,23177.75,38,1.5,0,0.5,1,0,,,,
MNQ SEP25,1s,1,2233,2025-07-23 09:57:12,23178,23178.75,23177.5,23178,52,1.25,0,0.75,0.5,0,,,,
MNQ SEP25,1s,1,2234,2025-07-23 09:57:13,23177.75,23178,23174.5,23175,52,3.5,2.75,0.25,0.5,-1,,,,
MNQ SEP25,1s,1,2235,2025-07-23 09:57:14,23175.25,23175.5,23174.5,23175.5,24,1,0.25,0,0.75,1,,,,
MNQ SEP25,1s,1,2236,2025-07-23 09:57:15,23175,23176.5,23175,23175.25,75,1.5,0.25,1.25,0,1,,,,
MNQ SEP25,1s,1,2237,2025-07-23 09:57:16,23175.5,23176.25,23174.75,23175.25,58,1.5,0.25,0.75,0.5,-1,,,,
MNQ SEP25,1s,1,2238,2025-07-23 09:57:17,23175.25,23176,23174.75,23175.75,49,1.25,0.5,0.25,0.5,1,,,,
MNQ SEP25,1s,1,2239,2025-07-23 09:57:18,23175.5,23177.5,23175.25,23176.75,80,2.25,1.25,0.75,0.25,1,,,,
MNQ SEP25,1s,1,2240,2025-07-23 09:57:19,23176,23178,23176,23177.5,54,2,1.5,0.5,0,1,,,,
MNQ SEP25,1s,1,2241,2025-07-23 09:57:20,23177.25,23179.5,23177.25,23178.75,81,2.25,1.5,0.75,0,1,,,,
MNQ SEP25,10s,10,5623,2025-07-23 09:57:20,23177.75,23179.5,23174.5,23178.75,563,5,1,0.75,3.25,1,-4.95,-119.7,-216.13333333,-104.38
MNQ SEP25,20s,20,5811,2025-07-23 09:57:20,23181,23181,23174,23178.75,1521,7,2.25,0,4.75,-1,323.75,80.2,72.23333333,161.82
MNQ SEP25,1s,1,2242,2025-07-23 09:57:21,23178.5,23181,23177.75,23179.75,161,3.25,1.25,1.25,0.75,1,,,,
MNQ SEP25,1s,1,2243,2025-07-23 09:57:22,23180,23181.75,23179.75,23180.5,98,2,0.5,1.25,0.25,1,,,,
MNQ SEP25,1s,1,2244,2025-07-23 09:57:23,23180.25,23180.5,23178.75,23179,78,1.75,1.25,0.25,0.25,-1,,,,
MNQ SEP25,1s,1,2245,2025-07-23 09:57:24,23179.25,23179.75,23178.25,23178.25,37,1.5,1,0.5,0,-1,,,,
MNQ SEP25,1s,1,2246,2025-07-23 09:57:25,23179,23179.75,23179,23179,24,0.75,0,0.75,0,0,,,,
MNQ SEP25,1s,1,2247,2025-07-23 09:57:26,23179.5,23180.25,23178.5,23178.75,23,1.75,0.75,0.75,0.25,-1,,,,
MNQ SEP25,1s,1,2248,2025-07-23 09:57:27,23179,23179,23178,23179,32,1,0,0,1,0,,,,
MNQ SEP25,1s,1,2249,2025-07-23 09:57:28,23179,23182.25,23178.75,23181.75,71,3.5,2.75,0.5,0.25,1,,,,
MNQ SEP25,1s,1,2250,2025-07-23 09:57:29,23182,23182.25,23180.5,23180.75,70,1.75,1.25,0.25,0.25,-1,,,,
MNQ SEP25,1s,1,2251,2025-07-23 09:57:30,23181,23182.25,23180,23182,69,2.25,1,0.25,1,1,,,,
MNQ SEP25,10s,10,5624,2025-07-23 09:57:30,23178.5,23182.25,23177.75,23182,663,4.5,3.5,0.25,0.75,1,-47.15,-42.2,-228.58333333,-126.82
MNQ SEP25,1s,1,2252,2025-07-23 09:57:31,23182.5,23183.75,23182.25,23183.5,111,1.5,1,0.25,0.25,1,,,,
MNQ SEP25,1s,1,2253,2025-07-23 09:57:32,23183.25,23185.75,23183.25,23183.25,204,2.5,0,2.5,0,0,,,,
MNQ SEP25,1s,1,2254,2025-07-23 09:57:33,23183.5,23183.5,23182.25,23182.75,81,1.25,0.75,0,0.5,-1,,,,
MNQ SEP25,1s,1,2255,2025-07-23 09:57:34,23183,23183.75,23182.5,23182.75,46,1.25,0.25,0.75,0.25,-1,,,,
MNQ SEP25,1s,1,2256,2025-07-23 09:57:35,23182.75,23182.75,23181.5,23182,39,1.25,0.75,0,0.5,-1,,,,
MNQ SEP25,1s,1,2257,2025-07-23 09:57:36,23182,23183,23181.75,23183,17,1.25,1,0,0.25,1,,,,
MNQ SEP25,1s,1,2258,2025-07-23 09:57:37,23182.25,23182.75,23181.75,23181.75,11,1,0.5,0.5,0,-1,,,,
MNQ SEP25,1s,1,2259,2025-07-23 09:57:38,23182.75,23183.5,23182.25,23183,16,1.25,0.25,0.5,0.5,1,,,,
MNQ SEP25,1s,1,2260,2025-07-23 09:57:39,23183,23184,23183,23183.75,29,1,0.75,0.25,0,1,,,,
MNQ SEP25,1s,1,2261,2025-07-23 09:57:40,23183.25,23185,23183.25,23185,26,1.75,1.75,0,0,1,,,,
MNQ SEP25,10s,10,5625,2025-07-23 09:57:40,23182.5,23185.75,23181.5,23185,580,4.25,2.5,0.75,1,1,-52.15,-5,-55.63333333,-139.12
MNQ SEP25,20s,20,5812,2025-07-23 09:57:40,23178.5,23185.75,23177.75,23185,1243,8,6.5,0.75,0.75,1,497.75,174,70.01666667,184.2
MNQ SEP25,1s,1,2262,2025-07-23 09:57:41,23185,23185.5,23184,23185.5,50,1.5,0.5,0,1,1,,,,
MNQ SEP25,1s,1,2263,2025-07-23 09:57:42,23185.5,23187.5,23184.75,23184.75,125,2.75,0.75,2,0,-1,,,,
MNQ SEP25,1s,1,2264,2025-07-23 09:57:43,23185,23186.25,23184.5,23186,44,1.75,1,0.25,0.5,1,,,,
MNQ SEP25,1s,1,2265,2025-07-23 09:57:44,23185.75,23187.5,23185.25,23186.5,115,2.25,0.75,1,0.5,1,,,,
MNQ SEP25,1s,1,2266,2025-07-23 09:57:45,23186.5,23187.75,23186.25,23187,59,1.5,0.5,0.75,0.25,1,,,,
MNQ SEP25,1s,1,2267,2025-07-23 09:57:46,23186.75,23187,23186,23187,46,1,0.25,0,0.75,1,,,,
MNQ SEP25,1s,1,2268,2025-07-23 09:57:47,23187,23187,23184,23184.5,45,3,2.5,0,0.5,-1,,,,
MNQ SEP25,1s,1,2269,2025-07-23 09:57:48,23185.25,23186.25,23184.25,23186,72,2,0.75,0.25,1,1,,,,
MNQ SEP25,1s,1,2270,2025-07-23 09:57:49,23185.75,23186,23185.25,23185.75,15,0.75,0,0.25,0.5,0,,,,
MNQ SEP25,1s,1,2271,2025-07-23 09:57:50,23185.75,23185.75,23184.25,23184.75,44,1.5,1,0,0.5,-1,,,,
MNQ SEP25,10s,10,5626,2025-07-23 09:57:50,23185,23187.75,23184,23184.75,615,3.75,0.25,2.75,0.75,-1,-10.1,42.05,-1.71666667,-129.74
MNQ SEP25,1s,1,2272,2025-07-23 09:57:51,23184.75,23185,23183.5,23183.75,34,1.5,1,0.25,0.25,-1,,,,
MNQ SEP25,1s,1,2273,2025-07-23 09:57:52,23183.25,23184.5,23183.25,23184.5,28,1.25,1.25,0,0,1,,,,
MNQ SEP25,1s,1,2274,2025-07-23 09:57:53,23185,23185.5,23183.25,23184.25,30,2.25,0.75,0.5,1,-1,,,,
MNQ SEP25,1s,1,2275,2025-07-23 09:57:54,23184.75,23185,23183.75,23183.75,16,1.25,1,0.25,0,-1,,,,
MNQ SEP25,1s,1,2276,2025-07-23 09:57:55,23183.75,23184.75,23183.75,23184,18,1,0.25,0.75,0,1,,,,
MNQ SEP25,1s,1,2277,2025-07-23 09:57:56,23184,23185,23184,23184.25,19,1,0.25,0.75,0,1,,,,
MNQ SEP25,1s,1,2278,2025-07-23 09:57:57,23184.25,23184.75,23183.25,23183.25,25,1.5,1,0.5,0,-1,,,,
MNQ SEP25,1s,1,2279,2025-07-23 09:57:58,23183.75,23185,23183.75,23184.25,9,1.25,0.5,0.75,0,1,,,,
MNQ SEP25,1s,1,2280,2025-07-23 09:57:59,23184.75,23185,23184.25,23184.25,6,0.75,0.5,0.25,0,-1,,,,
MNQ SEP25,1s,1,2281,2025-07-23 09:58:00,23183.25,23183.25,23182,23182,33,1.25,1.25,0,0,-1,,,,
MNQ SEP25,10s,10,5627,2025-07-23 09:58:00,23184.75,23185.5,23182,23182,218,3.5,2.75,0.75,0,-1,-156.7,-146.6,-36.51666667,-54.29
MNQ SEP25,20s,20,5813,2025-07-23 09:58:00,23185,23187.75,23182,23182,833,5.75,3,2.75,0,-1,36.45,-461.3,-69.03333333,-14.12
MNQ SEP25,1s,1,2282,2025-07-23 09:58:01,23183,23183,23179.75,23182.5,123,3.25,0.5,0,2.75,-1,,,,
MNQ SEP25,1s,1,2283,2025-07-23 09:58:02,23182.25,23182.75,23181.75,23182.25,48,1,0,0.5,0.5,0,,,,
MNQ SEP25,1s,1,2284,2025-07-23 09:58:03,23182.5,23183,23182,23182.75,18,1,0.25,0.25,0.5,1,,,,
MNQ SEP25,1s,1,2285,2025-07-23 09:58:04,23182.75,23183.5,23182.25,23182.25,23,1.25,0.5,0.75,0,-1,,,,
MNQ SEP25,1s,1,2286,2025-07-23 09:58:05,23182.5,23183.25,23182,23183,15,1.25,0.5,0.25,0.5,1,,,,
MNQ SEP25,1s,1,2287,2025-07-23 09:58:06,23183,23183,23181.75,23182,15,1.25,1,0,0.25,-1,,,,
MNQ SEP25,1s,1,2288,2025-07-23 09:58:07,23181.75,23182.5,23181.5,23182.25,34,1,0.5,0.25,0.25,1,,,,
MNQ SEP25,1s,1,2289,2025-07-23 09:58:08,23182.25,23182.25,23182,23182.25,5,0.25,0,0,0.25,0,,,,
MNQ SEP25,1s,1,2290,2025-07-23 09:58:09,23182.5,23184.75,23182.5,23184.75,48,2.25,2.25,0,0,1,,,,
MNQ SEP25,1s,1,2291,2025-07-23 09:58:10,23184.75,23185.5,23184.5,23185,38,1,0.25,0.5,0.25,1,,,,
MNQ SEP25,10s,10,5628,2025-07-23 09:58:10,23183,23185.5,23179.75,23185,367,5.75,2,0.5,3.25,1,-205.35,-48.65,-51.06666667,-40.08
MNQ SEP25,1s,1,2292,2025-07-23 09:58:11,23185.5,23186.5,23184.75,23186,29,1.75,0.5,0.5,0.75,1,,,,
MNQ SEP25,1s,1,2293,2025-07-23 09:58:12,23186.5,23186.75,23185.75,23186,36,1,0.5,0.25,0.25,-1,,,,
MNQ SEP25,1s,1,2294,2025-07-23 09:58:13,23186,23187,23185.75,23186,29,1.25,0,1,0.25,0,,,,
MNQ SEP25,1s,1,2295,2025-07-23 09:58:14,23185.75,23186,23184.25,23184.25,50,1.75,1.5,0.25,0,-1,,,,
MNQ SEP25,1s,1,2296,2025-07-23 09:58:15,23184.5,23184.75,23184,23184.5,27,0.75,0,0.25,0.5,0,,,,
MNQ SEP25,1s,1,2297,2025-07-23 09:58:16,23184.25,23185.25,23184,23185.25,28,1.25,1,0,0.25,1,,,,
MNQ SEP25,1s,1,2298,2025-07-23 09:58:17,23185.25,23186.25,23185.25,23186.25,18,1,1,0,0,1,,,,
MNQ SEP25,1s,1,2299,2025-07-23 09:58:18,23186.25,23187.5,23186,23186.25,62,1.5,0,1.25,0.25,0,,,,
MNQ SEP25,1s,1,2300,2025-07-23 09:58:19,23186,23186,23185,23185.5,31,1,0.5,0,0.5,-1,,,,
MNQ SEP25,1s,1,2301,2025-07-23 09:58:20,23185.5,23185.5,23184,23184.5,21,1.5,1,0,0.5,-1,,,,
MNQ SEP25,10s,10,5629,2025-07-23 09:58:20,23185.5,23187.5,23184,23184.5,331,3.5,1,2,0.5,-1,-259.95,-54.6,-83.28333333,-42.56
MNQ SEP25,20s,20,5814,2025-07-23 09:58:20,23183,23187.5,23179.75,23184.5,698,7.75,1.5,3,3.25,1,-168.1,-204.55,-163.95,-91.16
MNQ SEP25,1s,1,2302,2025-07-23 09:58:21,23184.5,23185.25,23184,23184.75,14,1.25,0.25,0.5,0.5,1,,,,
MNQ SEP25,1s,1,2303,2025-07-23 09:58:22,23185.25,23186,23185.25,23185.25,18,0.75,0,0.75,0,0,,,,
MNQ SEP25,1s,1,2304,2025-07-23 09:58:23,23185.25,23186.25,23185,23186.25,14,1.25,1,0,0.25,1,,,,
MNQ SEP25,1s,1,2305,2025-07-23 09:58:24,23186.25,23186.5,23184.5,23185.5,39,2,0.75,0.25,1,-1,,,,
MNQ SEP25,1s,1,2306,2025-07-23 09:58:25,23186.25,23186.25,23184.25,23184.75,17,2,1.5,0,0.5,-1,,,,
MNQ SEP25,1s,1,2307,2025-07-23 09:58:26,23184.75,23185.25,23184.25,23185.25,22,1,0.5,0,0.5,1,,,,
MNQ SEP25,1s,1,2308,2025-07-23 09:58:27,23184.5,23185,23182.75,23183.75,111,2.25,0.75,0.5,1,-1,,,,
MNQ SEP25,1s,1,2309,2025-07-23 09:58:28,23184,23184,23182.75,23183.25,26,1.25,0.75,0,0.5,-1,,,,
MNQ SEP25,1s,1,2310,2025-07-23 09:58:29,23183.25,23184.5,23182.75,23184,32,1.75,0.75,0.5,0.5,1,,,,
MNQ SEP25,1s,1,2311,2025-07-23 09:58:30,23184,23185,23183.75,23185,19,1.25,1,0,0.25,1,,,,
MNQ SEP25,10s,10,5630,2025-07-23 09:58:30,23184.5,23186.5,23182.75,23185,312,3.75,0.5,1.5,1.75,1,-307.45,-47.5,-50.25,-51.06
MNQ SEP25,1s,1,2312,2025-07-23 09:58:31,23184.5,23185.75,23184.25,23184.25,35,1.5,0.25,1.25,0,-1,,,,
MNQ SEP25,1s,1,2313,2025-07-23 09:58:32,23183.5,23184,23183,23183.5,30,1,0,0.5,0.5,0,,,,
MNQ SEP25,1s,1,2314,2025-07-23 09:58:33,23184,23184.25,23183,23184.25,21,1.25,0.25,0,1,1,,,,
MNQ SEP25,1s,1,2315,2025-07-23 09:58:34,23184,23184.75,23183.5,23183.75,11,1.25,0.25,0.75,0.25,-1,,,,
MNQ SEP25,1s,1,2316,2025-07-23 09:58:35,23184.25,23185.25,23183.75,23184.5,27,1.5,0.25,0.75,0.5,1,,,,
MNQ SEP25,1s,1,2317,2025-07-23 09:58:36,23184,23185,23184,23184.75,24,1,0.75,0.25,0,1,,,,
MNQ SEP25,1s,1,2318,2025-07-23 09:58:37,23183.75,23185.5,23183.5,23185.25,14,2,1.5,0.25,0.25,1,,,,
MNQ SEP25,1s,1,2319,2025-07-23 09:58:38,23185.5,23185.5,23184.5,23184.5,13,1,1,0,0,-1,,,,
MNQ SEP25,1s,1,2320,2025-07-23 09:58:39,23184.25,23185.25,23183.75,23184.5,28,1.5,0.25,0.75,0.5,1,,,,
MNQ SEP25,1s,1,2321,2025-07-23 09:58:40,23184.5,23185.25,23184.25,23184.75,15,1,0.25,0.5,0.25,1,,,,
MNQ SEP25,10s,10,5631,2025-07-23 09:58:40,23184.5,23185.75,23183,23184.75,218,2.75,0.25,1,1.5,1,-354.65,-47.2,-49.76666667,-68.91
MNQ SEP25,20s,20,5815,2025-07-23 09:58:40,23184.5,23186.5,23182.75,23184.75,530,3.75,0.25,1.75,1.75,1,-151.95,16.15,-216.56666667,-79.1
MNQ SEP25,1s,1,2322,2025-07-23 09:58:41,23184,23184.25,23182,23182,33,2.25,2,0.25,0,-1,,,,
MNQ SEP25,1s,1,2323,2025-07-23 09:58:42,23182.75,23183,23182.5,23182.5,6,0.5,0.25,0.25,0,-1,,,,
MNQ SEP25,1s,1,2324,2025-07-23 09:58:43,23182.75,23183.25,23181.75,23182.5,38,1.5,0.25,0.5,0.75,-1,,,,
MNQ SEP25,1s,1,2325,2025-07-23 09:58:44,23182.5,23183.75,23182.5,23183.75,4,1.25,1.25,0,0,1,,,,
MNQ SEP25,1s,1,2326,2025-07-23 09:58:45,23183.75,23184,23183.25,23183.5,27,0.75,0.25,0.25,0.25,-1,,,,
MNQ SEP25,1s,1,2327,2025-07-23 09:58:46,23183.5,23184,23183.5,23183.75,5,0.5,0.25,0.25,0,1,,,,
MNQ SEP25,1s,1,2328,2025-07-23 09:58:47,23184,23184.25,23183.25,23183.25,12,1,0.75,0.25,0,-1,,,,
MNQ SEP25,1s,1,2329,2025-07-23 09:58:48,23183.5,23183.5,23182.5,23183.5,25,1,0,0,1,0,,,,
MNQ SEP25,1s,1,2330,2025-07-23 09:58:49,23182.75,23183.25,23182.5,23182.5,7,0.75,0.25,0.5,0,-1,,,,
MNQ SEP25,1s,1,2331,2025-07-23 09:58:50,23182.75,23183.25,23182.25,23182.25,20,1,0.5,0.5,0,-1,,,,
MNQ SEP25,10s,10,5632,2025-07-23 09:58:50,23184,23184.25,23181.75,23182.25,177,2.5,1.75,0.25,0.5,-1,-339.9,14.75,-26.65,-36.64
MNQ SEP25,1s,1,2332,2025-07-23 09:58:51,23183.25,23183.25,23182.25,23183,10,1,0.25,0,0.75,-1,,,,
MNQ SEP25,1s,1,2333,2025-07-23 09:58:52,23183.25,23183.5,23182.5,23182.5,15,1,0.75,0.25,0,-1,,,,
MNQ SEP25,1s,1,2334,2025-07-23 09:58:53,23182.5,23183,23182.25,23182.25,12,0.75,0.25,0.5,0,-1,,,,
MNQ SEP25,1s,1,2335,2025-07-23 09:58:54,23182.5,23183,23180.5,23181,66,2.5,1.5,0.5,0.5,-1,,,,
MNQ SEP25,1s,1,2336,2025-07-23 09:58:55,23181.25,23181.5,23179.5,23179.5,71,2,1.75,0.25,0,-1,,,,
MNQ SEP25,1s,1,2337,2025-07-23 09:58:56,23179.75,23180.75,23179.5,23180.5,38,1.25,0.75,0.25,0.25,1,,,,
MNQ SEP25,1s,1,2338,2025-07-23 09:58:57,23180.75,23181.75,23179.75,23181.25,47,2,0.5,0.5,1,1,,,,
MNQ SEP25,1s,1,2339,2025-07-23 09:58:58,23181.25,23181.75,23181,23181.25,19,0.75,0,0.5,0.25,0,,,,
MNQ SEP25,1s,1,2340,2025-07-23 09:58:59,23181.25,23182,23181,23181.5,27,1,0.25,0.5,0.25,1,,,,
MNQ SEP25,1s,1,2341,2025-07-23 09:59:00,23182,23182.5,23181.5,23181.75,24,1,0.25,0.5,0.25,-1,,,,
MNQ SEP25,10s,10,5633,2025-07-23 09:59:00,23183.25,23183.5,23179.5,23181.75,329,4,1.5,0.25,2.25,-1,-346.1,-6.2,-12.88333333,-28.15
MNQ SEP25,20s,20,5816,2025-07-23 09:59:00,23184,23184.25,23179.5,23181.75,506,4.75,2.25,0.25,2.25,-1,-317.25,-165.3,-117.9,-128.2
MNQ SEP25,1s,1,2342,2025-07-23 09:59:01,23181.25,23181.5,23180.5,23181.25,66,1,0,0.25,0.75,0,,,,
MNQ SEP25,1s,1,2343,2025-07-23 09:59:02,23181.25,23181.25,23180,23180,13,1.25,1.25,0,0,-1,,,,
MNQ SEP25,1s,1,2344,2025-07-23 09:59:03,23181.25,23181.25,23179.75,23179.75,17,1.5,1.5,0,0,-1,,,,
MNQ SEP25,1s,1,2345,2025-07-23 09:59:04,23179.5,23180.25,23178,23178.5,82,2.25,1,0.75,0.5,-1,,,,
MNQ SEP25,1s,1,2346,2025-07-23 09:59:05,23178.25,23179.5,23178.25,23178.25,43,1.25,0,1.25,0,0,,,,
MNQ SEP25,1s,1,2347,2025-07-23 09:59:06,23178,23179.25,23177,23177.5,64,2.25,0.5,1.25,0.5,-1,,,,
MNQ SEP25,1s,1,2348,2025-07-23 09:59:07,23177,23177.5,23176.75,23176.75,54,0.75,0.25,0.5,0,-1,,,,
MNQ SEP25,1s,1,2349,2025-07-23 09:59:08,23177.25,23178,23176.75,23178,34,1.25,0.75,0,0.5,1,,,,
MNQ SEP25,1s,1,2350,2025-07-23 09:59:09,23177.25,23177.5,23175.75,23176.5,70,1.75,0.75,0.25,0.75,-1,,,,
MNQ SEP25,1s,1,2351,2025-07-23 09:59:10,23176.75,23177,23174.25,23174.75,100,2.75,2,0.25,0.5,-1,,,,
MNQ SEP25,10s,10,5634,2025-07-23 09:59:10,23181.25,23181.5,23174.25,23174.75,543,7.25,6.5,0.25,0.5,-1,-314.95,31.15,13.23333333,-11
MNQ SEP25,1s,1,2352,2025-07-23 09:59:11,23174.75,23175.25,23173.5,23174.25,113,1.75,0.5,0.5,0.75,-1,,,,
MNQ SEP25,1s,1,2353,2025-07-23 09:59:12,23174.75,23175.25,23173.5,23173.75,80,1.75,1,0.5,0.25,-1,,,,
MNQ SEP25,1s,1,2354,2025-07-23 09:59:13,23173.75,23175.75,23173.25,23175.75,62,2.5,2,0,0.5,1,,,,
MNQ SEP25,1s,1,2355,2025-07-23 09:59:14,23175.25,23177,23175,23175.75,56,2,0.5,1.25,0.25,1,,,,
MNQ SEP25,1s,1,2356,2025-07-23 09:59:15,23176.25,23176.5,23175.25,23175.5,55,1.25,0.75,0.25,0.25,-1,,,,
MNQ SEP25,1s,1,2357,2025-07-23 09:59:16,23175.25,23176,23175,23175.25,12,1,0,0.75,0.25,0,,,,
MNQ SEP25,1s,1,2358,2025-07-23 09:59:17,23174.75,23175.75,23174.75,23174.75,33,1,0,1,0,0,,,,
MNQ SEP25,1s,1,2359,2025-07-23 09:59:18,23175,23177,23175,23176.25,22,2,1.25,0.75,0,1,,,,
MNQ SEP25,1s,1,2360,2025-07-23 09:59:19,23175.75,23177.5,23175.5,23177.25,33,2,1.5,0.25,0.25,1,,,,
MNQ SEP25,1s,1,2361,2025-07-23 09:59:20,23176.75,23178.25,23176.5,23177,44,1.75,0.25,1.25,0.25,1,,,,
MNQ SEP25,10s,10,5635,2025-07-23 09:59:20,23174.75,23178.25,23173.25,23177,510,5,2.25,1.25,1.5,1,-289.95,25,16.65,3.5
MNQ SEP25,20s,20,5817,2025-07-23 09:59:20,23181.25,23181.5,23173.25,23177,1053,8.25,4.25,0.25,3.75,-1,-341.8,-24.55,-57.9,-167.91
MNQ SEP25,1s,1,2362,2025-07-23 09:59:21,23177,23177,23174.5,23174.5,24,2.5,2.5,0,0,-1,,,,
MNQ SEP25,1s,1,2363,2025-07-23 09:59:22,23175,23175,23174,23174,43,1,1,0,0,-1,,,,
MNQ SEP25,1s,1,2364,2025-07-23 09:59:23,23174.5,23175.25,23173.75,23174.75,46,1.5,0.25,0.5,0.75,1,,,,
MNQ SEP25,1s,1,2365,2025-07-23 09:59:24,23174.75,23176,23174.75,23175.75,38,1.25,1,0.25,0,1,,,,
MNQ SEP25,1s,1,2366,2025-07-23 09:59:25,23175.5,23175.5,23174.75,23175.5,16,0.75,0,0,0.75,0,,,,
MNQ SEP25,1s,1,2367,2025-07-23 09:59:26,23175.75,23176,23175.5,23175.5,16,0.5,0.25,0.25,0,-1,,,,
MNQ SEP25,1s,1,2368,2025-07-23 09:59:27,23176,23176.75,23175.25,23176.75,26,1.5,0.75,0,0.75,1,,,,
MNQ SEP25,1s,1,2369,2025-07-23 09:59:28,23176,23176,23175,23175,26,1,1,0,0,-1,,,,
MNQ SEP25,1s,1,2370,2025-07-23 09:59:29,23175.5,23175.75,23173.25,23174,50,2.5,1.5,0.25,0.75,-1,,,,
MNQ SEP25,1s,1,2371,2025-07-23 09:59:30,23173.25,23173.5,23171.5,23172.5,91,2,0.75,0.25,1,-1,,,,
MNQ SEP25,10s,10,5636,2025-07-23 09:59:30,23177,23177,23171.5,23172.5,376,5.5,4.5,0,1,-1,-260.7,29.25,28.46666667,18.79
MNQ SEP25,1s,1,2372,2025-07-23 09:59:31,23173,23173,23171.25,23171.25,87,1.75,1.75,0,0,-1,,,,
MNQ SEP25,1s,1,2373,2025-07-23 09:59:32,23171,23171.75,23170,23171,150,1.75,0,0.75,1,0,,,,
MNQ SEP25,1s,1,2374,2025-07-23 09:59:33,23171.5,23172.25,23171,23171.5,54,1.25,0,0.75,0.5,0,,,,
MNQ SEP25,1s,1,2375,2025-07-23 09:59:34,23171,23172,23170,23170,75,2,1,1,0,-1,,,,
MNQ SEP25,1s,1,2376,2025-07-23 09:59:35,23170.25,23170.25,23168.5,23169,130,1.75,1.25,0,0.5,-1,,,,
MNQ SEP25,1s,1,2377,2025-07-23 09:59:36,23168.75,23170.25,23168.75,23169.5,50,1.5,0.75,0.75,0,1,,,,
MNQ SEP25,1s,1,2378,2025-07-23 09:59:37,23169.25,23170,23166,23167.5,259,4,1.75,0.75,1.5,-1,,,,
MNQ SEP25,1s,1,2379,2025-07-23 09:59:38,23167.5,23169,23167.25,23168,89,1.75,0.5,1,0.25,1,,,,
MNQ SEP25,1s,1,2380,2025-07-23 09:59:39,23167.75,23168.75,23167.5,23168.25,92,1.25,0.5,0.5,0.25,1,,,,
MNQ SEP25,1s,1,2381,2025-07-23 09:59:40,23168,23170.25,23167.25,23170.25,103,3,2.25,0,0.75,1,,,,
MNQ SEP25,10s,10,5637,2025-07-23 09:59:40,23173,23173,23166,23170.25,1089,7,2.75,0,4.25,-1,38.25,298.95,117.73333333,75.63
MNQ SEP25,20s,20,5818,2025-07-23 09:59:40,23177,23177,23166,23170.25,1465,11,6.75,0,4.25,-1,-204.3,137.5,-17.45,-48.15
MNQ SEP25,1s,1,2382,2025-07-23 09:59:41,23170.25,23170.25,23168.5,23168.75,68,1.75,1.5,0,0.25,-1,,,,
MNQ SEP25,1s,1,2383,2025-07-23 09:59:42,23169,23170.5,23168.5,23170,72,2,1,0.5,0.5,1,,,,
MNQ SEP25,1s,1,2384,2025-07-23 09:59:43,23170,23170.5,23168.75,23168.75,44,1.75,1.25,0.5,0,-1,,,,
MNQ SEP25,1s,1,2385,2025-07-23 09:59:44,23169,23169.25,23168.25,23169.25,28,1,0.25,0,0.75,1,,,,
MNQ SEP25,1s,1,2386,2025-07-23 09:59:45,23168.75,23169.75,23168.25,23168.75,39,1.5,0,1,0.5,0,,,,
MNQ SEP25,1s,1,2387,2025-07-23 09:59:46,23168.5,23169,23167.25,23167.25,52,1.75,1.25,0.5,0,-1,,,,
MNQ SEP25,1s,1,2388,2025-07-23 09:59:47,23167,23167.5,23157.75,23162.75,1109,9.75,4.25,0.5,5,-1,,,,
MNQ SEP25,1s,1,2389,2025-07-23 09:59:48,23162.5,23163.5,23161.25,23162,266,2.25,0.5,1,0.75,-1,,,,
MNQ SEP25,1s,1,2390,2025-07-23 09:59:49,23162,23163.75,23161.25,23162.5,141,2.5,0.5,1.25,0.75,1,,,,
MNQ SEP25,1s,1,2391,2025-07-23 09:59:50,23163,23164.5,23162.5,23164.25,72,2,1.25,0.25,0.5,1,,,,
MNQ SEP25,10s,10,5638,2025-07-23 09:59:50,23170.25,23170.5,23157.75,23164.25,1891,12.75,6,0.25,6.5,-1,310.45,272.2,200.13333333,131.31
MNQ SEP25,1s,1,2392,2025-07-23 09:59:51,23164.25,23165.5,23162.75,23164.75,110,2.75,0.5,0.75,1.5,1,,,,
MNQ SEP25,1s,1,2393,2025-07-23 09:59:52,23164.25,23165.25,23163.5,23164.75,102,1.75,0.5,0.5,0.75,1,,,,
MNQ SEP25,1s,1,2394,2025-07-23 09:59:53,23163.75,23164.25,23162.5,23163.5,77,1.75,0.25,0.5,1,-1,,,,
MNQ SEP25,1s,1,2395,2025-07-23 09:59:54,23163.5,23163.75,23162.25,23162.5,47,1.5,1,0.25,0.25,-1,,,,
MNQ SEP25,1s,1,2396,2025-07-23 09:59:55,23162.5,23168,23162.5,23166.25,156,5.5,3.75,1.75,0,1,,,,
MNQ SEP25,1s,1,2397,2025-07-23 09:59:56,23165.5,23165.75,23164.25,23165,51,1.5,0.5,0.25,0.75,-1,,,,
MNQ SEP25,1s,1,2398,2025-07-23 09:59:57,23165,23166,23164.5,23165.75,62,1.5,0.75,0.25,0.5,1,,,,
MNQ SEP25,1s,1,2399,2025-07-23 09:59:58,23166,23167,23165.25,23166.25,39,1.75,0.25,0.75,0.75,1,,,,
MNQ SEP25,1s,1,2400,2025-07-23 09:59:59,23166.5,23167.25,23165.75,23166.5,114,1.5,0,0.75,0.75,0,,,,
MNQ SEP25,1s,1,2401,2025-07-23 10:00:00,23165.75,23167.25,23165.75,23165.75,80,1.5,0,1.5,0,0,,,,
MNQ SEP25,10s,10,5639,2025-07-23 10:00:00,23164.25,23168,23162.25,23165.75,838,5.75,1.5,2.25,2,1,367.35,56.9,209.35,136.46
MNQ SEP25,20s,20,5819,2025-07-23 10:00:00,23170.25,23170.5,23157.75,23165.75,2729,12.75,4.5,0.25,8,-1,100.1,304.4,139.11666667,53.64
MNQ SEP25,1s,1,2402,2025-07-23 10:00:01,23165.5,23168.25,23162,23163.5,615,6.25,2,2.75,1.5,-1,,,,
MNQ SEP25,1s,1,2403,2025-07-23 10:00:02,23163.5,23165.75,23162.25,23163.25,196,3.5,0.25,2.25,1,-1,,,,
MNQ SEP25,1s,1,2404,2025-07-23 10:00:03,23163,23163.5,23161.5,23162.75,131,2,0.25,0.5,1.25,-1,,,,
MNQ SEP25,1s,1,2405,2025-07-23 10:00:04,23163.5,23166.75,23162.5,23165.75,132,4.25,2.25,1,1,1,,,,
MNQ SEP25,1s,1,2406,2025-07-23 10:00:05,23166.25,23166.25,23163.75,23164,55,2.5,2.25,0,0.25,-1,,,,
MNQ SEP25,1s,1,2407,2025-07-23 10:00:06,23164,23165.5,23162.5,23164.75,107,3,0.75,0.75,1.5,1,,,,
MNQ SEP25,1s,1,2408,2025-07-23 10:00:07,23165.75,23166,23163.75,23164.5,47,2.25,1.25,0.25,0.75,-1,,,,
MNQ SEP25,1s,1,2409,2025-07-23 10:00:08,23164.25,23164.5,23162.75,23162.75,38,1.75,1.5,0.25,0,-1,,,,
MNQ SEP25,1s,1,2410,2025-07-23 10:00:09,23162.75,23163.5,23160.75,23161.75,80,2.75,1,0.75,1,-1,,,,
MNQ SEP25,1s,1,2411,2025-07-23 10:00:10,23161.75,23162.75,23160.75,23161.25,128,2,0.5,1,0.5,-1,,,,
MNQ SEP25,10s,10,5640,2025-07-23 10:00:10,23165.5,23168.25,23160.75,23161.25,1529,7.5,4.25,2.75,0.5,-1,523.6,156.25,161.78333333,162.71
MNQ SEP25,1s,1,2412,2025-07-23 10:00:11,23161.5,23161.5,23157.25,23158.25,299,4.25,3.25,0,1,-1,,,,
MNQ SEP25,1s,1,2413,2025-07-23 10:00:12,23158.25,23159.75,23155,23155,494,4.75,3.25,1.5,0,-1,,,,
MNQ SEP25,1s,1,2414,2025-07-23 10:00:13,23156.5,23157,23153.75,23154.75,332,3.25,1.75,0.5,1,-1,,,,
MNQ SEP25,1s,1,2415,2025-07-23 10:00:14,23155.25,23160.5,23155,23158.5,348,5.5,3.25,2,0.25,1,,,,
MNQ SEP25,1s,1,2416,2025-07-23 10:00:15,23159,23159,23157.25,23158,121,1.75,1,0,0.75,-1,,,,
MNQ SEP25,1s,1,2417,2025-07-23 10:00:16,23158.75,23161.25,23158.25,23160.75,156,3,2,0.5,0.5,1,,,,
MNQ SEP25,1s,1,2418,2025-07-23 10:00:17,23161.25,23164,23161.25,23163.75,174,2.75,2.5,0.25,0,1,,,,
MNQ SEP25,1s,1,2419,2025-07-23 10:00:18,23164,23164.5,23160.25,23160.25,135,4.25,3.75,0.5,0,-1,,,,
MNQ SEP25,1s,1,2420,2025-07-23 10:00:19,23160.25,23162,23159.5,23161.5,118,2.5,1.25,0.5,0.75,1,,,,
MNQ SEP25,1s,1,2421,2025-07-23 10:00:20,23162,23163,23161,23162.5,84,2,0.5,0.5,1,1,,,,
MNQ SEP25,10s,10,5641,2025-07-23 10:00:20,23161.5,23164.5,23153.75,23162.5,2261,10.75,1,2,7.75,1,803.2,279.6,164.25,212.78
MNQ SEP25,20s,20,5820,2025-07-23 10:00:20,23165.5,23168.25,23153.75,23162.5,3790,14.5,3,2.75,8.75,-1,590,489.9,310.6,148.39
MNQ SEP25,1s,1,2422,2025-07-23 10:00:21,23162,23163.5,23161.5,23162.75,44,2,0.75,0.75,0.5,1,,,,
MNQ SEP25,1s,1,2423,2025-07-23 10:00:22,23163,23164,23162,23162.75,69,2,0.25,1,0.75,-1,,,,
MNQ SEP25,1s,1,2424,2025-07-23 10:00:23,23163.5,23164.75,23163,23163.5,125,1.75,0,1.25,0.5,0,,,,
MNQ SEP25,1s,1,2425,2025-07-23 10:00:24,23163,23163,23161.75,23162.75,68,1.25,0.25,0,1,-1,,,,
MNQ SEP25,1s,1,2426,2025-07-23 10:00:25,23162.25,23162.75,23160,23161,86,2.75,1.25,0.5,1,-1,,,,
MNQ SEP25,1s,1,2427,2025-07-23 10:00:26,23161,23162.25,23160.25,23161.75,45,2,0.75,0.5,0.75,1,,,,
MNQ SEP25,1s,1,2428,2025-07-23 10:00:27,23161.5,23161.75,23158.75,23158.75,38,3,2.75,0.25,0,-1,,,,
MNQ SEP25,1s,1,2429,2025-07-23 10:00:28,23159,23159.5,23157,23157.25,101,2.5,1.75,0.5,0.25,-1,,,,
MNQ SEP25,1s,1,2430,2025-07-23 10:00:29,23156.75,23158,23155.75,23157.25,115,2.25,0.5,0.75,1,1,,,,
MNQ SEP25,1s,1,2431,2025-07-23 10:00:30,23157.5,23158.75,23156.75,23158,59,2,0.5,0.75,0.75,1,,,,
MNQ SEP25,10s,10,5642,2025-07-23 10:00:30,23162,23164.75,23155.75,23158,750,9,4,2.75,2.25,-1,745.8,-57.4,126.15,141.51
MNQ SEP25,1s,1,2432,2025-07-23 10:00:31,23158.5,23158.5,23157.25,23157.25,38,1.25,1.25,0,0,-1,,,,
MNQ SEP25,1s,1,2433,2025-07-23 10:00:32,23157.5,23158.25,23156.5,23157.75,95,1.75,0.25,0.5,1,1,,,,
MNQ SEP25,1s,1,2434,2025-07-23 10:00:33,23157.75,23158.5,23156.5,23157.5,61,2,0.25,0.75,1,-1,,,,
MNQ SEP25,1s,1,2435,2025-07-23 10:00:34,23158,23158.5,23157,23157.5,80,1.5,0.5,0.5,0.5,-1,,,,
MNQ SEP25,1s,1,2436,2025-07-23 10:00:35,23157.25,23159,23157,23157.25,70,2,0,1.75,0.25,0,,,,
MNQ SEP25,1s,1,2437,2025-07-23 10:00:36,23157.5,23158,23157,23157.25,42,1,0.25,0.5,0.25,-1,,,,
MNQ SEP25,1s,1,2438,2025-07-23 10:00:37,23157,23157.5,23156,23156.75,94,1.5,0.25,0.5,0.75,-1,,,,
MNQ SEP25,1s,1,2439,2025-07-23 10:00:38,23156.75,23159,23156.5,23159,77,2.5,2.25,0,0.25,1,,,,
MNQ SEP25,1s,1,2440,2025-07-23 10:00:39,23158.5,23158.5,23157.25,23157.75,86,1.25,0.75,0,0.5,-1,,,,
MNQ SEP25,1s,1,2441,2025-07-23 10:00:40,23158,23161.25,23158,23159.75,91,3.25,1.75,1.5,0,1,,,,
MNQ SEP25,10s,10,5643,2025-07-23 10:00:40,23158.5,23161.25,23156,23159.75,734,5.25,1.25,1.5,2.5,1,505.85,-239.95,-5.91666667,39.08
MNQ SEP25,20s,20,5821,2025-07-23 10:00:40,23162,23164.75,23155.75,23159.75,1484,9,2.25,2.75,4,-1,741.1,151.1,315.13333333,211.67
MNQ SEP25,1s,1,2442,2025-07-23 10:00:41,23160.5,23160.75,23159.75,23160.5,37,1,0,0.25,0.75,0,,,,
MNQ SEP25,1s,1,2443,2025-07-23 10:00:42,23160.5,23161.75,23159.5,23160.5,59,2.25,0,1.25,1,0,,,,
MNQ SEP25,1s,1,2444,2025-07-23 10:00:43,23160.75,23163,23160.5,23162,76,2.5,1.25,1,0.25,1,,,,
MNQ SEP25,1s,1,2445,2025-07-23 10:00:44,23162.5,23163,23161.5,23161.75,82,1.5,0.75,0.5,0.25,-1,,,,
MNQ SEP25,1s,1,2446,2025-07-23 10:00:45,23162.25,23163.25,23161,23162.75,60,2.25,0.5,0.5,1.25,1,,,,
MNQ SEP25,1s,1,2447,2025-07-23 10:00:46,23163.5,23164.25,23163,23164.25,67,1.25,0.75,0,0.5,1,,,,
MNQ SEP25,1s,1,2448,2025-07-23 10:00:47,23164.25,23166,23163.75,23164,174,2.25,0.25,1.75,0.25,-1,,,,
MNQ SEP25,1s,1,2449,2025-07-23 10:00:48,23163.75,23164.5,23163.25,23163.75,79,1.25,0,0.75,0.5,0,,,,
MNQ SEP25,1s,1,2450,2025-07-23 10:00:49,23164.25,23165.25,23164.25,23164.75,41,1,0.5,0.5,0,1,,,,
MNQ SEP25,1s,1,2451,2025-07-23 10:00:50,23164.25,23165.5,23162.25,23162.25,118,3.25,2,1.25,0,-1,,,,
MNQ SEP25,10s,10,5644,2025-07-23 10:00:50,23160.5,23166,23159.5,23162.25,793,6.5,1.75,3.75,1,1,490.35,-15.5,-104.28333333,24.6
MNQ SEP25,1s,1,2452,2025-07-23 10:00:51,23162.25,23164.5,23161.5,23164.25,95,3,2,0.25,0.75,1,,,,
MNQ SEP25,1s,1,2453,2025-07-23 10:00:52,23164,23167,23164,23167,103,3,3,0,0,1,,,,
MNQ SEP25,1s,1,2454,2025-07-23 10:00:53,23166.5,23167.75,23165.5,23166,174,2.25,0.5,1.25,0.5,-1,,,,
MNQ SEP25,1s,1,2455,2025-07-23 10:00:54,23166,23166.5,23163.5,23164.75,109,3,1.25,0.5,1.25,-1,,,,
MNQ SEP25,1s,1,2456,2025-07-23 10:00:55,23165,23165.75,23164.25,23164.75,60,1.5,0.25,0.75,0.5,-1,,,,
MNQ SEP25,1s,1,2457,2025-07-23 10:00:56,23165,23165,23163,23163.75,87,2,1.25,0,0.75,-1,,,,
MNQ SEP25,1s,1,2458,2025-07-23 10:00:57,23163.75,23164,23161,23161.5,122,3,2.25,0.25,0.5,-1,,,,
MNQ SEP25,1s,1,2459,2025-07-23 10:00:58,23161,23162.5,23161,23162.25,60,1.5,1.25,0.25,0,1,,,,
MNQ SEP25,1s,1,2460,2025-07-23 10:00:59,23162.75,23162.75,23160,23160.25,95,2.75,2.5,0,0.25,-1,,,,
MNQ SEP25,1s,1,2461,2025-07-23 10:01:00,23160,23160,23157.75,23159,112,2.25,1,0,1.25,-1,,,,
MNQ SEP25,10s,10,5645,2025-07-23 10:01:00,23162.25,23167.75,23157.75,23159,1017,10,3.25,5.5,1.25,-1,366.1,-124.25,-126.56666667,-31.5
MNQ SEP25,20s,20,5822,2025-07-23 10:01:00,23160.5,23167.75,23157.75,23159,1810,10,1.5,7.25,1.25,-1,843.15,102.05,247.68333333,236.99
MNQ SEP25,1s,1,2462,2025-07-23 10:01:01,23158.75,23160.75,23158.5,23160.75,86,2.25,2,0,0.25,1,,,,
MNQ SEP25,1s,1,2463,2025-07-23 10:01:02,23160.75,23161,23158.5,23159.75,67,2.5,1,0.25,1.25,-1,,,,
MNQ SEP25,1s,1,2464,2025-07-23 10:01:03,23160,23162,23158.75,23161.25,79,3.25,1.25,0.75,1.25,1,,,,
MNQ SEP25,1s,1,2465,2025-07-23 10:01:04,23161,23164,23161,23163.25,61,3,2.25,0.75,0,1,,,,
MNQ SEP25,1s,1,2466,2025-07-23 10:01:05,23163.25,23163.5,23160.75,23160.75,62,2.75,2.5,0.25,0,-1,,,,
MNQ SEP25,1s,1,2467,2025-07-23 10:01:06,23161.25,23163.25,23160.75,23162.5,44,2.5,1.25,0.75,0.5,1,,,,
MNQ SEP25,1s,1,2468,2025-07-23 10:01:07,23162.5,23166.25,23162,23164.75,66,4.25,2.25,1.5,0.5,1,,,,
MNQ SEP25,1s,1,2469,2025-07-23 10:01:08,23165.25,23167,23164.75,23166.25,75,2.25,1,0.75,0.5,1,,,,
MNQ SEP25,1s,1,2470,2025-07-23 10:01:09,23166.25,23166.75,23165.25,23165.75,88,1.5,0.5,0.5,0.5,-1,,,,
MNQ SEP25,1s,1,2471,2025-07-23 10:01:10,23165.75,23166.5,23165.5,23165.75,46,1,0,0.75,0.25,0,,,,
MNQ SEP25,10s,10,5646,2025-07-23 10:01:10,23158.75,23167,23158.5,23165.75,674,8.5,7,1.25,0.25,1,45.75,-320.35,-153.36666667,-151.49
MNQ SEP25,1s,1,2472,2025-07-23 10:01:11,23166,23168.25,23165.25,23168.25,118,3,2.25,0,0.75,1,,,,
MNQ SEP25,1s,1,2473,2025-07-23 10:01:12,23168,23170.75,23167.75,23169.5,294,3,1.5,1.25,0.25,1,,,,
MNQ SEP25,1s,1,2474,2025-07-23 10:01:13,23169.75,23170.25,23168,23169.25,181,2.25,0.5,0.5,1.25,-1,,,,
MNQ SEP25,1s,1,2475,2025-07-23 10:01:14,23168.25,23171.5,23168.25,23171.25,125,3.25,3,0.25,0,1,,,,
MNQ SEP25,1s,1,2476,2025-07-23 10:01:15,23170.75,23171,23169.5,23170.25,124,1.5,0.5,0.25,0.75,-1,,,,
MNQ SEP25,1s,1,2477,2025-07-23 10:01:16,23170.25,23171.25,23170,23170.5,119,1.25,0.25,0.75,0.25,1,,,,
MNQ SEP25,1s,1,2478,2025-07-23 10:01:17,23170.5,23170.75,23168.25,23168.75,93,2.5,1.75,0.25,0.5,-1,,,,
MNQ SEP25,1s,1,2479,2025-07-23 10:01:18,23168.25,23170.25,23168,23169.5,69,2.25,1.25,0.75,0.25,1,,,,
MNQ SEP25,1s,1,2480,2025-07-23 10:01:19,23169.5,23171.25,23169.25,23170.75,96,2,1.25,0.5,0.25,1,,,,
MNQ SEP25,1s,1,2481,2025-07-23 10:01:20,23171.5,23173,23171.25,23172.5,194,1.75,1,0.5,0.25,1,,,,
MNQ SEP25,10s,10,5647,2025-07-23 10:01:20,23166,23173,23165.25,23172.5,1413,7.75,6.5,0.5,0.75,1,118.6,72.85,-123.91666667,-125.44
MNQ SEP25,20s,20,5823,2025-07-23 10:01:20,23158.75,23173,23158.5,23172.5,2087,14.5,13.75,0.5,0.25,1,887.9,44.75,99.3,218.44
MNQ SEP25,1s,1,2482,2025-07-23 10:01:21,23172.75,23173.25,23172,23172.75,119,1.25,0,0.5,0.75,0,,,,
MNQ SEP25,1s,1,2483,2025-07-23 10:01:22,23172.75,23173,23170.25,23170.5,102,2.75,2.25,0.25,0.25,-1,,,,
MNQ SEP25,1s,1,2484,2025-07-23 10:01:23,23171,23171.5,23169.75,23170.25,90,1.75,0.75,0.5,0.5,-1,,,,
MNQ SEP25,1s,1,2485,2025-07-23 10:01:24,23171,23172,23169.5,23171.75,73,2.5,0.75,0.25,1.5,1,,,,
MNQ SEP25,1s,1,2486,2025-07-23 10:01:25,23171.5,23172.75,23171.25,23171.5,60,1.5,0,1.25,0.25,0,,,,
MNQ SEP25,1s,1,2487,2025-07-23 10:01:26,23172,23175.25,23172,23173.5,221,3.25,1.5,1.75,0,1,,,,
MNQ SEP25,1s,1,2488,2025-07-23 10:01:27,23174,23174.25,23172.5,23172.75,60,1.75,1.25,0.25,0.25,-1,,,,
MNQ SEP25,1s,1,2489,2025-07-23 10:01:28,23172.75,23173.5,23171.75,23172.5,90,1.75,0.25,0.75,0.75,-1,,,,
MNQ SEP25,1s,1,2490,2025-07-23 10:01:29,23172.25,23174,23172.25,23173.75,52,1.75,1.5,0.25,0,1,,,,
MNQ SEP25,1s,1,2491,2025-07-23 10:01:30,23174,23175.5,23173.75,23175.5,52,1.75,1.5,0,0.25,1,,,,
MNQ SEP25,10s,10,5648,2025-07-23 10:01:30,23172.75,23175.5,23169.5,23175.5,919,6,2.75,0,3.25,1,128,9.4,-79.36666667,-75.57
MNQ SEP25,1s,1,2492,2025-07-23 10:01:31,23175.5,23178,23175.25,23177.5,177,2.75,2,0.5,0.25,1,,,,
MNQ SEP25,1s,1,2493,2025-07-23 10:01:32,23177.75,23180.25,23176.75,23178.25,307,3.5,0.5,2,1,1,,,,
MNQ SEP25,1s,1,2494,2025-07-23 10:01:33,23178.25,23179,23176.75,23178.5,137,2.25,0.25,0.5,1.5,1,,,,
MNQ SEP25,1s,1,2495,2025-07-23 10:01:34,23178.25,23179,23177.25,23177.25,133,1.75,1,0.75,0,-1,,,,
MNQ SEP25,1s,1,2496,2025-07-23 10:01:35,23177.25,23177.75,23174.75,23174.75,124,3,2.5,0.5,0,-1,,,,
MNQ SEP25,1s,1,2497,2025-07-23 10:01:36,23174.5,23175.75,23174.25,23175,95,1.5,0.5,0.75,0.25,1,,,,
MNQ SEP25,1s,1,2498,2025-07-23 10:01:37,23175,23177.75,23174.75,23176.75,90,3,1.75,1,0.25,1,,,,
MNQ SEP25,1s,1,2499,2025-07-23 10:01:38,23176.5,23177,23176.25,23176.75,26,0.75,0.25,0.25,0.25,1,,,,
MNQ SEP25,1s,1,2500,2025-07-23 10:01:39,23177,23177,23174.75,23176,54,2.25,1,0,1.25,-1,,,,
MNQ SEP25,1s,1,2501,2025-07-23 10:01:40,23175.75,23178.5,23175.75,23178.5,57,2.75,2.75,0,0,1,,,,
MNQ SEP25,10s,10,5649,2025-07-23 10:01:40,23175.5,23180.25,23174.25,23178.5,1200,6,3,1.75,1.25,1,165.95,37.95,40.06666667,-64.88
MNQ SEP25,20s,20,5824,2025-07-23 10:01:40,23172.75,23180.25,23169.5,23178.5,2119,10.75,5.75,1.75,3.25,1,697.2,-190.7,-14.63333333,119.42
MNQ SEP25,1s,1,2502,2025-07-23 10:01:41,23178,23178.75,23176.75,23176.75,35,2,1.25,0.75,0,-1,,,,
MNQ SEP25,1s,1,2503,2025-07-23 10:01:42,23177,23177,23175.75,23175.75,55,1.25,1.25,0,0,-1,,,,
MNQ SEP25,1s,1,2504,2025-07-23 10:01:43,23176.5,23177,23175.75,23175.75,83,1.25,0.75,0.5,0,-1,,,,
MNQ SEP25,1s,1,2505,2025-07-23 10:01:44,23176.25,23177.5,23176.25,23176.75,51,1.25,0.5,0.75,0,1,,,,
MNQ SEP25,1s,1,2506,2025-07-23 10:01:45,23177,23177.25,23173.75,23175,57,3.5,2,0.25,1.25,-1,,,,
MNQ SEP25,1s,1,2507,2025-07-23 10:01:46,23175.5,23175.5,23173,23174.5,119,2.5,1,0,1.5,-1,,,,
MNQ SEP25,1s,1,2508,2025-07-23 10:01:47,23174.5,23176.25,23174.5,23175.5,66,1.75,1,0.75,0,1,,,,
MNQ SEP25,1s,1,2509,2025-07-23 10:01:48,23175.5,23176.25,23175.5,23175.5,35,0.75,0,0.75,0,0,,,,
MNQ SEP25,1s,1,2510,2025-07-23 10:01:49,23175.5,23175.5,23173.75,23173.75,62,1.75,1.75,0,0,-1,,,,
MNQ SEP25,1s,1,2511,2025-07-23 10:01:50,23174.25,23175.25,23174,23175,28,1.25,0.75,0.25,0.25,1,,,,
MNQ SEP25,10s,10,5650,2025-07-23 10:01:50,23178,23178.75,23173,23175,591,5.75,3,0.75,2,-1,66.8,-99.15,-17.26666667,-59.86
MNQ SEP25,1s,1,2512,2025-07-23 10:01:51,23175,23175,23173,23174,85,2,1,0,1,-1,,,,
MNQ SEP25,1s,1,2513,2025-07-23 10:01:52,23173.75,23174.25,23172.25,23172.25,61,2,1.5,0.5,0,-1,,,,
MNQ SEP25,1s,1,2514,2025-07-23 10:01:53,23173.25,23173.75,23172.5,23172.75,52,1.25,0.5,0.5,0.25,-1,,,,
MNQ SEP25,1s,1,2515,2025-07-23 10:01:54,23173.25,23173.75,23172.25,23172.5,47,1.5,0.75,0.5,0.25,-1,,,,
MNQ SEP25,1s,1,2516,2025-07-23 10:01:55,23173,23174.5,23172.25,23174.25,44,2.25,1.25,0.25,0.75,1,,,,
MNQ SEP25,1s,1,2517,2025-07-23 10:01:56,23174,23174.5,23173.75,23173.75,54,0.75,0.25,0.5,0,-1,,,,
MNQ SEP25,1s,1,2518,2025-07-23 10:01:57,23173.5,23174.5,23173.25,23174.25,38,1.25,0.75,0.25,0.25,1,,,,
MNQ SEP25,1s,1,2519,2025-07-23 10:01:58,23174.25,23174.75,23174,23174.25,22,0.75,0,0.5,0.25,0,,,,
MNQ SEP25,1s,1,2520,2025-07-23 10:01:59,23174,23174,23173,23173.5,18,1,0.5,0,0.5,-1,,,,
MNQ SEP25,1s,1,2521,2025-07-23 10:02:00,23173.25,23173.75,23172.5,23173.5,42,1.25,0.25,0.25,0.75,1,,,,
MNQ SEP25,10s,10,5651,2025-07-23 10:02:00,23175,23175,23172.25,23173.5,463,2.75,1.5,0,1.25,-1,12.35,-54.45,-38.55,-6.68
MNQ SEP25,20s,20,5825,2025-07-23 10:02:00,23178,23178.75,23172.25,23173.5,1054,6.5,4.5,0.75,1.25,-1,162.1,-535.1,-227.01666667,-85.58
MNQ SEP25,1s,1,2522,2025-07-23 10:02:01,23173.75,23174.25,23173,23174.25,46,1.25,0.5,0,0.75,1,,,,
MNQ SEP25,1s,1,2523,2025-07-23 10:02:02,23174.25,23178.75,23174,23178.75,111,4.75,4.5,0,0.25,1,,,,
MNQ SEP25,1s,1,2524,2025-07-23 10:02:03,23178.75,23181,23178.25,23180.5,130,2.75,1.75,0.5,0.5,1,,,,
MNQ SEP25,1s,1,2525,2025-07-23 10:02:04,23180,23181.25,23178.75,23181,170,2.5,1,0.25,1.25,1,,,,
MNQ SEP25,1s,1,2526,2025-07-23 10:02:05,23180.75,23181.75,23179,23179,131,2.75,1.75,1,0,-1,,,,
MNQ SEP25,1s,1,2527,2025-07-23 10:02:06,23179.75,23181.75,23179.25,23179.25,104,2.5,0.5,2,0,-1,,,,
MNQ SEP25,1s,1,2528,2025-07-23 10:02:07,23179.75,23180,23177.75,23177.75,79,2.25,2,0.25,0,-1,,,,
MNQ SEP25,1s,1,2529,2025-07-23 10:02:08,23177.5,23178.75,23177.25,23178.25,63,1.5,0.75,0.5,0.25,1,,,,
MNQ SEP25,1s,1,2530,2025-07-23 10:02:09,23178.25,23179.5,23178.25,23179,39,1.25,0.75,0.5,0,1,,,,
MNQ SEP25,1s,1,2531,2025-07-23 10:02:10,23179,23179.75,23178.5,23178.5,51,1.25,0.5,0.75,0,-1,,,,
MNQ SEP25,10s,10,5652,2025-07-23 10:02:10,23173.75,23181.75,23173,23178.5,924,8.75,4.75,3.25,0.75,1,-122.8,-135.15,-96.25,-48.28
MNQ SEP25,1s,1,2532,2025-07-23 10:02:11,23178.5,23178.75,23177,23177.5,40,1.75,1,0.25,0.5,-1,,,,
MNQ SEP25,1s,1,2533,2025-07-23 10:02:12,23177.75,23179.25,23177,23178.75,65,2.25,1,0.5,0.75,1,,,,
MNQ SEP25,1s,1,2534,2025-07-23 10:02:13,23179,23179.75,23178.5,23179,29,1.25,0,0.75,0.5,0,,,,
MNQ SEP25,1s,1,2535,2025-07-23 10:02:14,23179.25,23180.25,23178,23180,60,2.25,0.75,0.25,1.25,1,,,,
MNQ SEP25,1s,1,2536,2025-07-23 10:02:15,23180,23180,23179,23179.5,33,1,0.5,0,0.5,-1,,,,
MNQ SEP25,1s,1,2537,2025-07-23 10:02:16,23179.25,23179.25,23177.25,23178,88,2,1.25,0,0.75,-1,,,,
MNQ SEP25,1s,1,2538,2025-07-23 10:02:17,23178.25,23179.5,23177.75,23179.5,38,1.75,1.25,0,0.5,1,,,,
MNQ SEP25,1s,1,2539,2025-07-23 10:02:18,23179.75,23180,23178.75,23179.25,43,1.25,0.5,0.25,0.5,-1,,,,
MNQ SEP25,1s,1,2540,2025-07-23 10:02:19,23179,23180,23178.25,23179,45,1.75,0,1,0.75,0,,,,
MNQ SEP25,1s,1,2541,2025-07-23 10:02:20,23179,23179,23176,23176.5,91,3,2.5,0,0.5,-1,,,,
MNQ SEP25,10s,10,5653,2025-07-23 10:02:20,23178.5,23180.25,23176,23176.5,532,4.25,2,1.75,0.5,-1,-210.35,-87.55,-92.38333333,-67.67
MNQ SEP25,20s,20,5826,2025-07-23 10:02:20,23173.75,23181.75,23173,23176.5,1456,8.75,2.75,5.25,0.75,1,133.35,-28.75,-251.51666667,-121.55
MNQ SEP25,1s,1,2542,2025-07-23 10:02:21,23176,23177.25,23175.25,23175.75,85,2,0.25,1.25,0.5,-1,,,,
MNQ SEP25,1s,1,2543,2025-07-23 10:02:22,23175.5,23176.25,23174.5,23175.75,65,1.75,0.25,0.5,1,1,,,,
MNQ SEP25,1s,1,2544,2025-07-23 10:02:23,23175.75,23176.75,23175.5,23176,39,1.25,0.25,0.75,0.25,1,,,,
MNQ SEP25,1s,1,2545,2025-07-23 10:02:24,23176,23176.75,23176,23176.5,11,0.75,0.5,0.25,0,1,,,,
MNQ SEP25,1s,1,2546,2025-07-23 10:02:25,23176.75,23176.75,23174,23174.5,89,2.75,2.25,0,0.5,-1,,,,
MNQ SEP25,1s,1,2547,2025-07-23 10:02:26,23174.25,23174.25,23170,23170.75,302,4.25,3.5,0,0.75,-1,,,,
MNQ SEP25,1s,1,2548,2025-07-23 10:02:27,23171,23172.75,23170.5,23172,79,2.25,1,0.75,0.5,1,,,,
MNQ SEP25,1s,1,2549,2025-07-23 10:02:28,23172.75,23174.25,23172,23172,84,2.25,0.75,1.5,0,-1,,,,
MNQ SEP25,1s,1,2550,2025-07-23 10:02:29,23172.75,23173.5,23171.75,23171.75,71,1.75,1,0.75,0,-1,,,,
MNQ SEP25,1s,1,2551,2025-07-23 10:02:30,23172,23173.25,23171,23172.5,58,2.25,0.5,0.75,1,1,,,,
MNQ SEP25,10s,10,5654,2025-07-23 10:02:30,23176,23177.25,23170,23172.5,883,7.25,3.5,1.25,2.5,-1,-290.75,-80.4,-101.03333333,-91.34
MNQ SEP25,1s,1,2552,2025-07-23 10:02:31,23172.75,23173.75,23172,23173.75,45,1.75,1,0,0.75,1,,,,
MNQ SEP25,1s,1,2553,2025-07-23 10:02:32,23173.25,23173.75,23172.5,23173.75,40,1.25,0.5,0,0.75,1,,,,
MNQ SEP25,1s,1,2554,2025-07-23 10:02:33,23173.5,23174.25,23173,23173,49,1.25,0.5,0.75,0,-1,,,,
MNQ SEP25,1s,1,2555,2025-07-23 10:02:34,23173.5,23173.5,23171.75,23172.25,39,1.75,1.25,0,0.5,-1,,,,
MNQ SEP25,1s,1,2556,2025-07-23 10:02:35,23172.5,23173.75,23172.5,23172.75,17,1.25,0.25,1,0,1,,,,
MNQ SEP25,1s,1,2557,2025-07-23 10:02:36,23173,23174,23172,23174,53,2,1,0,1,1,,,,
MNQ SEP25,1s,1,2558,2025-07-23 10:02:37,23174.25,23174.5,23173.5,23174,47,1,0.25,0.25,0.5,-1,,,,
MNQ SEP25,1s,1,2559,2025-07-23 10:02:38,23174,23174,23173,23173.5,22,1,0.5,0,0.5,-1,,,,
MNQ SEP25,1s,1,2560,2025-07-23 10:02:39,23172.75,23174.75,23172.75,23173.5,32,2,0.75,1.25,0,1,,,,
MNQ SEP25,1s,1,2561,2025-07-23 10:02:40,23173.5,23174.25,23173,23173.5,43,1.25,0,0.75,0.5,0,,,,
MNQ SEP25,10s,10,5655,2025-07-23 10:02:40,23172.75,23174.75,23171.75,23173.5,387,3,0.75,1.25,1,1,-325.4,-34.65,-67.53333333,-78.44
MNQ SEP25,20s,20,5827,2025-07-23 10:02:40,23176,23177.25,23170,23173.5,1270,7.25,2.5,1.25,3.5,-1,-11.35,-144.7,-236.18333333,-170.9
MNQ SEP25,1s,1,2562,2025-07-23 10:02:41,23173.25,23174.5,23173,23174.5,39,1.5,1.25,0,0.25,1,,,,
MNQ SEP25,1s,1,2563,2025-07-23 10:02:42,23174,23175.25,23173.75,23175.25,42,1.5,1.25,0,0.25,1,,,,
MNQ SEP25,1s,1,2564,2025-07-23 10:02:43,23175.25,23175.5,23173.75,23174,42,1.75,1.25,0.25,0.25,-1,,,,
MNQ SEP25,1s,1,2565,2025-07-23 10:02:44,23174.25,23175.25,23174.25,23174.75,21,1,0.5,0.5,0,1,,,,
MNQ SEP25,1s,1,2566,2025-07-23 10:02:45,23175.5,23176.5,23175.5,23175.75,25,1,0.25,0.75,0,1,,,,
MNQ SEP25,1s,1,2567,2025-07-23 10:02:46,23176.25,23178.75,23176.25,23178.25,66,2.5,2,0.5,0,1,,,,
MNQ SEP25,1s,1,2568,2025-07-23 10:02:47,23178.25,23178.25,23176.75,23176.75,49,1.5,1.5,0,0,-1,,,,
MNQ SEP25,1s,1,2569,2025-07-23 10:02:48,23177,23177,23175.75,23177,32,1.25,0,0,1.25,0,,,,
MNQ SEP25,1s,1,2570,2025-07-23 10:02:49,23177.25,23177.75,23176.75,23177,41,1,0.25,0.5,0.25,-1,,,,
MNQ SEP25,1s,1,2571,2025-07-23 10:02:50,23176.5,23177.25,23175.25,23176.75,40,2,0.25,0.5,1.25,1,,,,
MNQ SEP25,10s,10,5656,2025-07-23 10:02:50,23173.25,23178.75,23173,23176.75,397,5.75,3.5,2,0.25,1,-339.65,-14.25,-43.1,-70.4
MNQ SEP25,1s,1,2572,2025-07-23 10:02:51,23176.75,23178.25,23176.5,23176.5,30,1.75,0.25,1.5,0,-1,,,,
MNQ SEP25,1s,1,2573,2025-07-23 10:02:52,23176.75,23177,23175,23175.75,27,2,1,0.25,0.75,-1,,,,
MNQ SEP25,1s,1,2574,2025-07-23 10:02:53,23175.5,23175.75,23174.5,23174.5,37,1.25,1,0.25,0,-1,,,,
MNQ SEP25,1s,1,2575,2025-07-23 10:02:54,23175,23175,23173.75,23174,35,1.25,1,0,0.25,-1,,,,
MNQ SEP25,1s,1,2576,2025-07-23 10:02:55,23173.5,23174,23173,23173.75,49,1,0.25,0.25,0.5,1,,,,
MNQ SEP25,1s,1,2577,2025-07-23 10:02:56,23173.5,23173.5,23170.75,23171.75,60,2.75,1.75,0,1,-1,,,,
MNQ SEP25,1s,1,2578,2025-07-23 10:02:57,23171.75,23173,23171.75,23172.25,57,1.25,0.5,0.75,0,1,,,,
MNQ SEP25,1s,1,2579,2025-07-23 10:02:58,23172.5,23173,23171.75,23172.25,50,1.25,0.25,0.5,0.5,-1,,,,
MNQ SEP25,1s,1,2580,2025-07-23 10:02:59,23172.5,23173.5,23172,23172,20,1.5,0.5,1,0,-1,,,,
MNQ SEP25,1s,1,2581,2025-07-23 10:03:00,23172,23172.75,23171.25,23171.75,61,1.5,0.25,0.75,0.5,-1,,,,
MNQ SEP25,10s,10,5657,2025-07-23 10:03:00,23176.75,23178.25,23170.75,23171.75,426,7.5,5,1.5,1,-1,-406.1,-66.45,-38.45,-56.66
MNQ SEP25,20s,20,5828,2025-07-23 10:03:00,23173.25,23178.75,23170.75,23171.75,823,8,1.5,5.5,1,-1,-117.85,-106.5,-93.31666667,-201.15
MNQ SEP25,1s,1,2582,2025-07-23 10:03:01,23172.5,23172.5,23170,23170.25,90,2.5,2.25,0,0.25,-1,,,,
MNQ SEP25,1s,1,2583,2025-07-23 10:03:02,23170.25,23170.25,23168.75,23170,123,1.5,0.25,0,1.25,-1,,,,
MNQ SEP25,1s,1,2584,2025-07-23 10:03:03,23169.25,23171.5,23169.25,23170.5,69,2.25,1.25,1,0,1,,,,
MNQ SEP25,1s,1,2585,2025-07-23 10:03:04,23170.5,23171,23169.75,23170.25,34,1.25,0.25,0.5,0.5,-1,,,,
MNQ SEP25,1s,1,2586,2025-07-23 10:03:05,23170.25,23170.75,23168.5,23168.5,114,2.25,1.75,0.5,0,-1,,,,
MNQ SEP25,1s,1,2587,2025-07-23 10:03:06,23168.5,23171.75,23166.75,23171.25,171,5,2.75,0.5,1.75,1,,,,
MNQ SEP25,1s,1,2588,2025-07-23 10:03:07,23171.25,23171.75,23168,23168.25,100,3.75,3,0.5,0.25,-1,,,,
MNQ SEP25,1s,1,2589,2025-07-23 10:03:08,23168.25,23170,23166.75,23169.5,91,3.25,1.25,0.5,1.5,1,,,,
MNQ SEP25,1s,1,2590,2025-07-23 10:03:09,23168.75,23169.25,23167.25,23167.75,133,2,1,0.5,0.5,-1,,,,
MNQ SEP25,1s,1,2591,2025-07-23 10:03:10,23167.25,23168,23164.5,23166.75,199,3.5,0.5,0.75,2.25,-1,,,,
MNQ SEP25,10s,10,5658,2025-07-23 10:03:10,23172.5,23172.5,23164.5,23166.75,1124,8,5.75,0,2.25,-1,-249.35,156.75,25.35,-7.8
MNQ SEP25,1s,1,2592,2025-07-23 10:03:11,23166.25,23167.75,23165.75,23167.25,90,2,1,0.5,0.5,1,,,,
MNQ SEP25,1s,1,2593,2025-07-23 10:03:12,23167.25,23168.5,23166.5,23167,50,2,0.25,1.25,0.5,-1,,,,
MNQ SEP25,1s,1,2594,2025-07-23 10:03:13,23166.75,23168.25,23166.75,23168,30,1.5,1.25,0.25,0,1,,,,
MNQ SEP25,1s,1,2595,2025-07-23 10:03:14,23168,23169.5,23167.25,23167.75,49,2.25,0.25,1.5,0.5,-1,,,,
MNQ SEP25,1s,1,2596,2025-07-23 10:03:15,23167.75,23168,23167,23167.5,31,1,0.25,0.25,0.5,-1,,,,
MNQ SEP25,1s,1,2597,2025-07-23 10:03:16,23167.25,23168.25,23166.75,23166.75,36,1.5,0.5,1,0,-1,,,,
MNQ SEP25,1s,1,2598,2025-07-23 10:03:17,23167.25,23170,23166.75,23169.5,40,3.25,2.25,0.5,0.5,1,,,,
MNQ SEP25,1s,1,2599,2025-07-23 10:03:18,23169.75,23170.75,23169,23170.5,42,1.75,0.75,0.25,0.75,1,,,,
MNQ SEP25,1s,1,2600,2025-07-23 10:03:19,23170.5,23170.75,23169.5,23169.5,32,1.25,1,0.25,0,-1,,,,
MNQ SEP25,1s,1,2601,2025-07-23 10:03:20,23170,23170,23167.75,23168.5,31,2.25,1.5,0,0.75,-1,,,,
MNQ SEP25,10s,10,5659,2025-07-23 10:03:20,23166.25,23170.75,23165.75,23168.5,431,5,2.25,2.25,0.5,1,-319.4,-70.05,6.75,-5.73
MNQ SEP25,20s,20,5829,2025-07-23 10:03:20,23172.5,23172.5,23164.5,23168.5,1555,8,4,0,4,-1,-214.25,-96.4,-115.86666667,-182.29
MNQ SEP25,1s,1,2602,2025-07-23 10:03:21,23168.5,23169.25,23168.25,23168.25,28,1,0.25,0.75,0,-1,,,,
MNQ SEP25,1s,1,2603,2025-07-23 10:03:22,23168.5,23168.75,23167.75,23168.5,10,1,0,0.25,0.75,0,,,,
MNQ SEP25,1s,1,2604,2025-07-23 10:03:23,23167.75,23168.25,23166.25,23166.75,44,2,1,0.5,0.5,-1,,,,
MNQ SEP25,1s,1,2605,2025-07-23 10:03:24,23166.25,23168.25,23166.25,23168.25,26,2,2,0,0,1,,,,
MNQ SEP25,1s,1,2606,2025-07-23 10:03:25,23168.5,23168.5,23166.5,23167.75,47,2,0.75,0,1.25,-1,,,,
MNQ SEP25,1s,1,2607,2025-07-23 10:03:26,23167.5,23167.75,23166,23167,44,1.75,0.5,0.25,1,-1,,,,
MNQ SEP25,1s,1,2608,2025-07-23 10:03:27,23166.75,23167.75,23166,23167,57,1.75,0.25,0.75,0.75,1,,,,
MNQ SEP25,1s,1,2609,2025-07-23 10:03:28,23167,23168.25,23167,23168,31,1.25,1,0.25,0,1,,,,
MNQ SEP25,1s,1,2610,2025-07-23 10:03:29,23167.75,23168.75,23167.75,23167.75,25,1,0,1,0,0,,,,
MNQ SEP25,1s,1,2611,2025-07-23 10:03:30,23167.75,23169.25,23166.75,23169,41,2.5,1.25,0.25,1,1,,,,
MNQ SEP25,10s,10,5660,2025-07-23 10:03:30,23168.5,23169.25,23166,23169,353,3.25,0.5,0.25,2.5,1,-267.4,52,46.23333333,11.6
MNQ SEP25,1s,1,2612,2025-07-23 10:03:31,23169.25,23169.25,23166,23167,40,3.25,2.25,0,1,-1,,,,
MNQ SEP25,1s,1,2613,2025-07-23 10:03:32,23167.25,23167.75,23167,23167,20,0.75,0.25,0.5,0,-1,,,,
MNQ SEP25,1s,1,2614,2025-07-23 10:03:33,23167.5,23169.75,23167,23168.75,50,2.75,1.25,1,0.5,1,,,,
MNQ SEP25,1s,1,2615,2025-07-23 10:03:34,23168.25,23169.25,23168,23169.25,40,1.25,1,0,0.25,1,,,,
MNQ SEP25,1s,1,2616,2025-07-23 10:03:35,23169,23169.5,23167.75,23168.5,42,1.75,0.5,0.5,0.75,-1,,,,
MNQ SEP25,1s,1,2617,2025-07-23 10:03:36,23168.5,23168.5,23167.25,23168.25,51,1.25,0.25,0,1,-1,,,,
MNQ SEP25,1s,1,2618,2025-07-23 10:03:37,23168.25,23168.25,23166.75,23166.75,20,1.5,1.5,0,0,-1,,,,
MNQ SEP25,1s,1,2619,2025-07-23 10:03:38,23166.5,23166.5,23163.75,23165.25,154,2.75,1.25,0,1.5,-1,,,,
MNQ SEP25,1s,1,2620,2025-07-23 10:03:39,23165.5,23168.25,23165.5,23168.25,79,2.75,2.75,0,0,1,,,,
MNQ SEP25,1s,1,2621,2025-07-23 10:03:40,23167.25,23168.5,23167.25,23168.5,39,1.25,1.25,0,0,1,,,,
MNQ SEP25,10s,10,5661,2025-07-23 10:03:40,23169.25,23169.75,23163.75,23168.5,535,6,0.75,0.5,4.75,-1,-153.5,113.9,31.95,37.23
MNQ SEP25,20s,20,5830,2025-07-23 10:03:40,23168.5,23169.75,23163.75,23168.5,888,6,0,1.25,4.75,0,-247.3,-33.05,-78.65,-81.88
MNQ SEP25,1s,1,2622,2025-07-23 10:03:41,23168.5,23169,23167.5,23167.75,49,1.5,0.75,0.5,0.25,-1,,,,
MNQ SEP25,1s,1,2623,2025-07-23 10:03:42,23167.25,23168.75,23167.25,23167.75,29,1.5,0.5,1,0,1,,,,
MNQ SEP25,1s,1,2624,2025-07-23 10:03:43,23167.75,23169,23167,23168.75,47,2,1,0.25,0.75,1,,,,
MNQ SEP25,1s,1,2625,2025-07-23 10:03:44,23168.75,23170,23168.75,23169.75,33,1.25,1,0.25,0,1,,,,
MNQ SEP25,1s,1,2626,2025-07-23 10:03:45,23169.5,23171.5,23169.5,23171,66,2,1.5,0.5,0,1,,,,
MNQ SEP25,1s,1,2627,2025-07-23 10:03:46,23170.75,23171.25,23170.5,23171.25,49,0.75,0.5,0,0.25,1,,,,
MNQ SEP25,1s,1,2628,2025-07-23 10:03:47,23171.25,23172.25,23169.75,23170.5,93,2.5,0.75,1,0.75,-1,,,,
MNQ SEP25,1s,1,2629,2025-07-23 10:03:48,23170.5,23170.75,23168.75,23169,48,2,1.5,0.25,0.25,-1,,,,
MNQ SEP25,1s,1,2630,2025-07-23 10:03:49,23169.75,23170.25,23168.5,23168.5,30,1.75,1.25,0.5,0,-1,,,,
MNQ SEP25,1s,1,2631,2025-07-23 10:03:50,23169,23170.75,23169,23170,49,1.75,1,0.75,0,1,,,,
MNQ SEP25,10s,10,5662,2025-07-23 10:03:50,23168.5,23172.25,23167,23170,493,5.25,1.5,2.25,1.5,1,-127.25,26.25,64.05,55.77
MNQ SEP25,1s,1,2632,2025-07-23 10:03:51,23170.5,23172.25,23170.25,23171.5,73,2,1,0.75,0.25,1,,,,
MNQ SEP25,1s,1,2633,2025-07-23 10:03:52,23171.75,23172.25,23170.75,23171.25,59,1.5,0.5,0.5,0.5,-1,,,,
MNQ SEP25,1s,1,2634,2025-07-23 10:03:53,23171,23171.5,23169.5,23171,54,2,0,0.5,1.5,0,,,,
MNQ SEP25,1s,1,2635,2025-07-23 10:03:54,23171.25,23171.25,23170,23170.5,22,1.25,0.75,0,0.5,-1,,,,
MNQ SEP25,1s,1,2636,2025-07-23 10:03:55,23170,23171.75,23170,23171.5,24,1.75,1.5,0.25,0,1,,,,
MNQ SEP25,1s,1,2637,2025-07-23 10:03:56,23171.25,23172,23170.5,23170.5,22,1.5,0.75,0.75,0,-1,,,,
MNQ SEP25,1s,1,2638,2025-07-23 10:03:57,23170.5,23171.75,23170,23170.5,88,1.75,0,1.25,0.5,0,,,,
MNQ SEP25,1s,1,2639,2025-07-23 10:03:58,23170.5,23171,23169.5,23169.75,18,1.5,0.75,0.5,0.25,-1,,,,
MNQ SEP25,1s,1,2640,2025-07-23 10:03:59,23169.75,23171.25,23169.75,23169.75,29,1.5,0,1.5,0,0,,,,
MNQ SEP25,1s,1,2641,2025-07-23 10:04:00,23170,23171,23169,23169.25,69,2,0.75,1,0.25,-1,,,,
MNQ SEP25,10s,10,5663,2025-07-23 10:04:00,23170.5,23172.25,23169,23169.25,458,3.25,1.25,1.75,0.25,-1,-246.65,-119.4,6.91666667,0.54
MNQ SEP25,20s,20,5831,2025-07-23 10:04:00,23168.5,23172.25,23167,23169.25,951,5.25,0.75,3,1.5,1,-319.8,-72.5,-67.31666667,-90.63
MNQ SEP25,1s,1,2642,2025-07-23 10:04:01,23169.25,23170.75,23168.75,23169.75,36,2,0.5,1,0.5,1,,,,
MNQ SEP25,1s,1,2643,2025-07-23 10:04:02,23169,23170,23169,23169.75,27,1,0.75,0.25,0,1,,,,
MNQ SEP25,1s,1,2644,2025-07-23 10:04:03,23170.25,23170.75,23169.75,23170.25,37,1,0,0.5,0.5,0,,,,
MNQ SEP25,1s,1,2645,2025-07-23 10:04:04,23169.5,23171.25,23169.25,23171.25,15,2,1.75,0,0.25,1,,,,
MNQ SEP25,1s,1,2646,2025-07-23 10:04:05,23171.25,23171.5,23170,23170,19,1.5,1.25,0.25,0,-1,,,,
MNQ SEP25,1s,1,2647,2025-07-23 10:04:06,23169.75,23171.25,23169.5,23170,33,1.75,0.25,1.25,0.25,1,,,,
MNQ SEP25,1s,1,2648,2025-07-23 10:04:07,23169.25,23170.75,23167.75,23168,60,3,1.25,1.5,0.25,-1,,,,
MNQ SEP25,1s,1,2649,2025-07-23 10:04:08,23168,23168.5,23167.75,23168.5,31,0.75,0.5,0,0.25,1,,,,
MNQ SEP25,1s,1,2650,2025-07-23 10:04:09,23168.25,23169.25,23167.75,23169,49,1.5,0.75,0.25,0.5,1,,,,
MNQ SEP25,1s,1,2651,2025-07-23 10:04:10,23169.5,23169.5,23169,23169.5,13,0.5,0,0,0.5,0,,,,
MNQ SEP25,10s,10,5664,2025-07-23 10:04:10,23169.25,23171.5,23167.75,23169.5,320,3.75,0.25,2,1.5,1,-245.2,1.45,-30.56666667,14.84
MNQ SEP25,1s,1,2652,2025-07-23 10:04:11,23170,23170,23169,23169.75,9,1,0.25,0,0.75,-1,,,,
MNQ SEP25,1s,1,2653,2025-07-23 10:04:12,23169.75,23169.75,23167,23167,33,2.75,2.75,0,0,-1,,,,
MNQ SEP25,1s,1,2654,2025-07-23 10:04:13,23167.5,23167.5,23165.25,23165.25,57,2.25,2.25,0,0,-1,,,,
MNQ SEP25,1s,1,2655,2025-07-23 10:04:14,23165.25,23165.75,23164.75,23165.75,87,1,0.5,0,0.5,1,,,,
MNQ SEP25,1s,1,2656,2025-07-23 10:04:15,23165.5,23166.5,23165.25,23166.25,30,1.25,0.75,0.25,0.25,1,,,,
MNQ SEP25,1s,1,2657,2025-07-23 10:04:16,23165.75,23166.25,23165.5,23166,21,0.75,0.25,0.25,0.25,1,,,,
MNQ SEP25,1s,1,2658,2025-07-23 10:04:17,23166,23167.5,23165.75,23167,36,1.75,1,0.5,0.25,1,,,,
MNQ SEP25,1s,1,2659,2025-07-23 10:04:18,23166.75,23167,23166,23166.25,36,1,0.5,0.25,0.25,-1,,,,
MNQ SEP25,1s,1,2660,2025-07-23 10:04:19,23166.25,23167.25,23165.5,23167.25,29,1.75,1,0,0.75,1,,,,
MNQ SEP25,1s,1,2661,2025-07-23 10:04:20,23167.5,23167.5,23166.75,23166.75,22,0.75,0.75,0,0,-1,,,,
MNQ SEP25,10s,10,5665,2025-07-23 10:04:20,23170,23170,23164.75,23166.75,360,5.25,3.25,0,2,-1,-210.95,34.25,-27.9,11.29
MNQ SEP25,20s,20,5832,2025-07-23 10:04:20,23169.25,23171.5,23164.75,23166.75,680,6.75,2.5,2.25,2,-1,-409.65,-89.85,-65.13333333,-79.66
MNQ SEP25,1s,1,2662,2025-07-23 10:04:21,23166.5,23167.25,23166.25,23166.75,24,1,0.25,0.5,0.25,1,,,,
MNQ SEP25,1s,1,2663,2025-07-23 10:04:22,23166.75,23167.5,23166.75,23167.25,10,0.75,0.5,0.25,0,1,,,,
MNQ SEP25,1s,1,2664,2025-07-23 10:04:23,23167.25,23168,23166.75,23168,30,1.25,0.75,0,0.5,1,,,,
MNQ SEP25,1s,1,2665,2025-07-23 10:04:24,23167.75,23168.75,23167.25,23168.75,45,1.5,1,0,0.5,1,,,,
MNQ SEP25,1s,1,2666,2025-07-23 10:04:25,23169,23169.75,23169,23169.25,24,0.75,0.25,0.5,0,1,,,,
MNQ SEP25,1s,1,2667,2025-07-23 10:04:26,23169.5,23170.5,23169.5,23170.25,51,1,0.75,0.25,0,1,,,,
MNQ SEP25,1s,1,2668,2025-07-23 10:04:27,23170.5,23171,23169,23169.5,41,2,1,0.5,0.5,-1,,,,
MNQ SEP25,1s,1,2669,2025-07-23 10:04:28,23169.5,23169.75,23168.75,23168.75,50,1,0.75,0.25,0,-1,,,,
MNQ SEP25,1s,1,2670,2025-07-23 10:04:29,23169,23169.25,23168.5,23168.5,15,0.75,0.5,0.25,0,-1,,,,
MNQ SEP25,1s,1,2671,2025-07-23 10:04:30,23169.25,23169.5,23168,23168,27,1.5,1.25,0.25,0,-1,,,,
MNQ SEP25,10s,10,5666,2025-07-23 10:04:30,23166.5,23171,23166.25,23168,317,4.75,1.5,3,0.25,1,-236.7,-25.75,3.31666667,-16.64
MNQ SEP25,1s,1,2672,2025-07-23 10:04:31,23168.25,23168.25,23165.75,23166.5,55,2.5,1.75,0,0.75,-1,,,,
MNQ SEP25,1s,1,2673,2025-07-23 10:04:32,23166.5,23167.25,23166,23166,16,1.25,0.5,0.75,0,-1,,,,
MNQ SEP25,1s,1,2674,2025-07-23 10:04:33,23166.25,23168.25,23166.25,23168.25,12,2,2,0,0,1,,,,
MNQ SEP25,1s,1,2675,2025-07-23 10:04:34,23168.25,23168.25,23166.5,23166.5,39,1.75,1.75,0,0,-1,,,,
MNQ SEP25,1s,1,2676,2025-07-23 10:04:35,23166,23166.5,23165.25,23166,101,1.25,0,0.5,0.75,0,,,,
MNQ SEP25,1s,1,2677,2025-07-23 10:04:36,23166,23167.25,23166,23167,16,1.25,1,0.25,0,1,,,,
MNQ SEP25,1s,1,2678,2025-07-23 10:04:37,23167.25,23167.5,23165.75,23165.75,21,1.75,1.5,0.25,0,-1,,,,
MNQ SEP25,1s,1,2679,2025-07-23 10:04:38,23166.25,23166.25,23165,23165.25,43,1.25,1,0,0.25,-1,,,,
MNQ SEP25,1s,1,2680,2025-07-23 10:04:39,23165.25,23166.5,23165,23166.5,33,1.5,1.25,0,0.25,1,,,,
MNQ SEP25,1s,1,2681,2025-07-23 10:04:40,23166.25,23167,23165.5,23166,42,1.5,0.25,0.75,0.5,-1,,,,
MNQ SEP25,10s,10,5667,2025-07-23 10:04:40,23168.25,23168.25,23165,23166,378,3.25,2.25,0,1,-1,-207.95,28.75,12.41666667,-16.14
MNQ SEP25,20s,20,5833,2025-07-23 10:04:40,23166.5,23171,23165,23166,695,6,0.5,4.5,1,-1,-428.35,-18.7,-60.35,-62.1
MNQ SEP25,1s,1,2682,2025-07-23 10:04:41,23166.25,23166.75,23166,23166,20,0.75,0.25,0.5,0,-1,,,,
MNQ SEP25,1s,1,2683,2025-07-23 10:04:42,23166.5,23167.5,23165.25,23165.25,50,2.25,1.25,1,0,-1,,,,
MNQ SEP25,1s,1,2684,2025-07-23 10:04:43,23165.75,23166.5,23165,23166.25,36,1.5,0.5,0.25,0.75,1,,,,
MNQ SEP25,1s,1,2685,2025-07-23 10:04:44,23166,23166,23165,23165.5,26,1,0.5,0,0.5,-1,,,,
MNQ SEP25,1s,1,2686,2025-07-23 10:04:45,23165.75,23166.25,23164,23164.5,83,2.25,1.25,0.5,0.5,-1,,,,
MNQ SEP25,1s,1,2687,2025-07-23 10:04:46,23164.25,23165,23163,23163.75,88,2,0.5,0.75,0.75,-1,,,,
MNQ SEP25,1s,1,2688,2025-07-23 10:04:47,23163.5,23164.5,23163,23163.75,73,1.5,0.25,0.75,0.5,1,,,,
MNQ SEP25,1s,1,2689,2025-07-23 10:04:48,23163.5,23164.25,23163.25,23163.5,34,1,0,0.75,0.25,0,,,,
MNQ SEP25,1s,1,2690,2025-07-23 10:04:49,23163,23164.25,23162.5,23163.5,94,1.75,0.5,0.75,0.5,1,,,,
MNQ SEP25,1s,1,2691,2025-07-23 10:04:50,23163.5,23163.75,23162.75,23162.75,50,1,0.75,0.25,0,-1,,,,
MNQ SEP25,10s,10,5668,2025-07-23 10:04:50,23166.25,23167.5,23162.5,23162.75,554,5,3.5,1.25,0.25,-1,-170.5,37.45,13.48333333,15.23
MNQ SEP25,1s,1,2692,2025-07-23 10:04:51,23162.5,23163,23160,23161.25,253,3,1.25,0.5,1.25,-1,,,,
MNQ SEP25,1s,1,2693,2025-07-23 10:04:52,23160.75,23161,23159.5,23160.5,197,1.5,0.25,0.25,1,-1,,,,
MNQ SEP25,1s,1,2694,2025-07-23 10:04:53,23161,23161.25,23159,23160,157,2.25,1,0.25,1,-1,,,,
MNQ SEP25,1s,1,2695,2025-07-23 10:04:54,23159.5,23161.25,23159.25,23160.75,62,2,1.25,0.5,0.25,1,,,,
MNQ SEP25,1s,1,2696,2025-07-23 10:04:55,23160.5,23162.25,23159.75,23160,88,2.5,0.5,1.75,0.25,-1,,,,
MNQ SEP25,1s,1,2697,2025-07-23 10:04:56,23160.25,23161.75,23158.75,23161.75,70,3,1.5,0,1.5,1,,,,
MNQ SEP25,1s,1,2698,2025-07-23 10:04:57,23161.25,23162,23160.75,23160.75,74,1.25,0.5,0.75,0,-1,,,,
MNQ SEP25,1s,1,2699,2025-07-23 10:04:58,23160.75,23161.5,23160.5,23160.75,42,1,0,0.75,0.25,0,,,,
MNQ SEP25,1s,1,2700,2025-07-23 10:04:59,23160.75,23160.75,23159.5,23159.5,33,1.25,1.25,0,0,-1,,,,
MNQ SEP25,1s,1,2701,2025-07-23 10:05:00,23159.75,23160.25,23159,23159.5,47,1.25,0.25,0.5,0.5,-1,,,,
MNQ SEP25,10s,10,5669,2025-07-23 10:05:00,23162.5,23163,23158.75,23159.5,1023,4.25,3,0.5,0.75,-1,-21.05,149.45,71.88333333,44.83
MNQ SEP25,20s,20,5834,2025-07-23 10:05:00,23166.25,23167.5,23158.75,23159.5,1577,8.75,6.75,1.25,0.75,-1,-467.9,-39.55,-49.36666667,-50.73
MNQ SEP25,1s,1,2702,2025-07-23 10:05:01,23159.75,23159.75,23157,23157.75,194,2.75,2,0,0.75,-1,,,,
MNQ SEP25,1s,1,2703,2025-07-23 10:05:02,23158,23158.75,23156,23157.25,175,2.75,0.75,0.75,1.25,-1,,,,
MNQ SEP25,1s,1,2704,2025-07-23 10:05:03,23157.5,23159.75,23157,23158.5,136,2.75,1,1.25,0.5,1,,,,
MNQ SEP25,1s,1,2705,2025-07-23 10:05:04,23158.5,23158.75,23157.75,23158,71,1,0.5,0.25,0.25,-1,,,,
MNQ SEP25,1s,1,2706,2025-07-23 10:05:05,23157.75,23157.75,23156.25,23157,75,1.5,0.75,0,0.75,-1,,,,
MNQ SEP25,1s,1,2707,2025-07-23 10:05:06,23157.5,23158.75,23156.5,23157.5,115,2.25,0,1.25,1,0,,,,
MNQ SEP25,1s,1,2708,2025-07-23 10:05:07,23157,23157.75,23156.5,23157.5,55,1.25,0.5,0.25,0.5,1,,,,
MNQ SEP25,1s,1,2709,2025-07-23 10:05:08,23158,23161,23157.25,23159.25,80,3.75,1.25,1.75,0.75,1,,,,
MNQ SEP25,1s,1,2710,2025-07-23 10:05:09,23159.5,23159.75,23158.75,23159.5,77,1,0,0.25,0.75,0,,,,
MNQ SEP25,1s,1,2711,2025-07-23 10:05:10,23159.5,23160,23158.5,23159.25,41,1.5,0.25,0.5,0.75,-1,,,,
MNQ SEP25,10s,10,5670,2025-07-23 10:05:10,23159.75,23161,23156,23159.25,1019,5,0.5,1.25,3.25,-1,89.35,110.4,99.1,60.06
MNQ SEP25,1s,1,2712,2025-07-23 10:05:11,23158.75,23160.25,23157.75,23160,39,2.5,1.25,0.25,1,1,,,,
MNQ SEP25,1s,1,2713,2025-07-23 10:05:12,23160,23161.25,23159,23159.25,75,2.25,0.75,1.25,0.25,-1,,,,
MNQ SEP25,1s,1,2714,2025-07-23 10:05:13,23159.25,23161.5,23159.25,23160.75,63,2.25,1.5,0.75,0,1,,,,
MNQ SEP25,1s,1,2715,2025-07-23 10:05:14,23160.75,23162.25,23160.5,23162.25,85,1.75,1.5,0,0.25,1,,,,
MNQ SEP25,1s,1,2716,2025-07-23 10:05:15,23162,23162.75,23161.5,23162.5,68,1.25,0.5,0.25,0.5,1,,,,
MNQ SEP25,1s,1,2717,2025-07-23 10:05:16,23162.5,23162.5,23160.25,23160.5,100,2.25,2,0,0.25,-1,,,,
MNQ SEP25,1s,1,2718,2025-07-23 10:05:17,23160.5,23161.75,23160,23161.75,45,1.75,1.25,0,0.5,1,,,,
MNQ SEP25,1s,1,2719,2025-07-23 10:05:18,23161.75,23161.75,23159.5,23159.75,74,2.25,2,0,0.25,-1,,,,
MNQ SEP25,1s,1,2720,2025-07-23 10:05:19,23160.25,23160.25,23159,23159,29,1.25,1.25,0,0,-1,,,,
MNQ SEP25,1s,1,2721,2025-07-23 10:05:20,23159.25,23160.5,23159,23160.5,28,1.5,1.25,0,0.25,1,,,,
MNQ SEP25,10s,10,5671,2025-07-23 10:05:20,23158.75,23162.75,23157.75,23160.5,606,5,1.75,2.25,1,1,140,50.65,103.5,75.34
MNQ SEP25,20s,20,5835,2025-07-23 10:05:20,23159.75,23162.75,23156,23160.5,1625,6.75,0.75,2.25,3.75,1,-375.25,92.65,11.46666667,-25.59
MNQ SEP25,1s,1,2722,2025-07-23 10:05:21,23160,23160,23159,23160,23,1,0,0,1,0,,,,
MNQ SEP25,1s,1,2723,2025-07-23 10:05:22,23160.25,23160.25,23158.5,23158.5,19,1.75,1.75,0,0,-1,,,,
MNQ SEP25,1s,1,2724,2025-07-23 10:05:23,23158.5,23162.25,23158.5,23161.5,45,3.75,3,0.75,0,1,,,,
MNQ SEP25,1s,1,2725,2025-07-23 10:05:24,23161.25,23162.25,23160.75,23162,25,1.5,0.75,0.25,0.5,1,,,,
MNQ SEP25,1s,1,2726,2025-07-23 10:05:25,23162.75,23162.75,23159.75,23160.25,69,3,2.5,0,0.5,-1,,,,
MNQ SEP25,1s,1,2727,2025-07-23 10:05:26,23160,23162.25,23160,23162.25,23,2.25,2.25,0,0,1,,,,
MNQ SEP25,1s,1,2728,2025-07-23 10:05:27,23161.75,23165,23161.75,23163.75,109,3.25,2,1.25,0,1,,,,
MNQ SEP25,1s,1,2729,2025-07-23 10:05:28,23164,23166.5,23164,23164.5,215,2.5,0.5,2,0,1,,,,
MNQ SEP25,1s,1,2730,2025-07-23 10:05:29,23164.75,23165.25,23164,23164.75,72,1.25,0,0.5,0.75,0,,,,
MNQ SEP25,1s,1,2731,2025-07-23 10:05:30,23164.25,23165,23164,23164.75,52,1,0.5,0.25,0.25,1,,,,
MNQ SEP25,10s,10,5672,2025-07-23 10:05:30,23160,23166.5,23158.5,23164.75,652,8,4.75,1.75,1.5,1,208.4,68.4,76.48333333,83.27
MNQ SEP25,1s,1,2732,2025-07-23 10:05:31,23164.75,23167.25,23163.75,23167.25,85,3.5,2.5,0,1,1,,,,
MNQ SEP25,1s,1,2733,2025-07-23 10:05:32,23167.25,23168,23165.25,23167.25,206,2.75,0,0.75,2,0,,,,
MNQ SEP25,1s,1,2734,2025-07-23 10:05:33,23167,23168,23166,23166.25,115,2,0.75,1,0.25,-1,,,,
MNQ SEP25,1s,1,2735,2025-07-23 10:05:34,23166.25,23166.25,23165,23165.75,68,1.25,0.5,0,0.75,-1,,,,
MNQ SEP25,1s,1,2736,2025-07-23 10:05:35,23165.25,23166,23164,23165,74,2,0.25,0.75,1,-1,,,,
MNQ SEP25,1s,1,2737,2025-07-23 10:05:36,23164.5,23165.25,23164,23164.5,33,1.25,0,0.75,0.5,0,,,,
MNQ SEP25,1s,1,2738,2025-07-23 10:05:37,23164.75,23164.75,23163,23163.75,51,1.75,1,0,0.75,-1,,,,
MNQ SEP25,1s,1,2739,2025-07-23 10:05:38,23164.25,23165.75,23163.5,23163.75,118,2.25,0.5,1.5,0.25,-1,,,,
MNQ SEP25,1s,1,2740,2025-07-23 10:05:39,23164,23164,23163.5,23164,29,0.5,0,0,0.5,0,,,,
MNQ SEP25,1s,1,2741,2025-07-23 10:05:40,23164,23165,23163.75,23165,19,1.25,1,0,0.25,1,,,,
MNQ SEP25,10s,10,5673,2025-07-23 10:05:40,23164.75,23168,23163,23165,798,5,0.25,3,1.75,1,243.9,35.5,51.51666667,82.88
MNQ SEP25,20s,20,5836,2025-07-23 10:05:40,23160,23168,23158.5,23165,1450,9.5,5,3,1.5,1,-322.65,52.6,35.23333333,-0.57
MNQ SEP25,1s,1,2742,2025-07-23 10:05:41,23164.25,23164.25,23160.75,23160.75,102,3.5,3.5,0,0,-1,,,,
MNQ SEP25,1s,1,2743,2025-07-23 10:05:42,23161.5,23161.75,23159,23159.5,90,2.75,2,0.25,0.5,-1,,,,
MNQ SEP25,1s,1,2744,2025-07-23 10:05:43,23159.25,23160.5,23158,23160.5,80,2.5,1.25,0,1.25,1,,,,
MNQ SEP25,1s,1,2745,2025-07-23 10:05:44,23160.25,23161.5,23160,23161.5,46,1.5,1.25,0,0.25,1,,,,
MNQ SEP25,1s,1,2746,2025-07-23 10:05:45,23161.25,23164.5,23161.25,23162.75,68,3.25,1.5,1.75,0,1,,,,
MNQ SEP25,1s,1,2747,2025-07-23 10:05:46,23163.25,23163.5,23162.75,23163.5,48,0.75,0.25,0,0.5,1,,,,
MNQ SEP25,1s,1,2748,2025-07-23 10:05:47,23163.25,23164.5,23163.25,23164.25,17,1.25,1,0.25,0,1,,,,
MNQ SEP25,1s,1,2749,2025-07-23 10:05:48,23163.25,23163.5,23163,23163,21,0.5,0.25,0.25,0,-1,,,,
MNQ SEP25,1s,1,2750,2025-07-23 10:05:49,23163.5,23164,23163.25,23163.25,42,0.75,0.25,0.5,0,-1,,,,
MNQ SEP25,1s,1,2751,2025-07-23 10:05:50,23163.5,23165,23163,23164,61,2,0.5,1,0.5,1,,,,
MNQ SEP25,10s,10,5674,2025-07-23 10:05:50,23164.25,23165,23158,23164,575,7,0.25,0.75,6,-1,169.7,-74.2,9.9,38.15
MNQ SEP25,1s,1,2752,2025-07-23 10:05:51,23164.25,23165,23164,23164.5,40,1,0.25,0.5,0.25,1,,,,
MNQ SEP25,1s,1,2753,2025-07-23 10:05:52,23164.5,23165.25,23163.5,23163.5,29,1.75,1,0.75,0,-1,,,,
MNQ SEP25,1s,1,2754,2025-07-23 10:05:53,23163.25,23164.5,23163,23164,32,1.5,0.75,0.5,0.25,1,,,,
MNQ SEP25,1s,1,2755,2025-07-23 10:05:54,23164.25,23165.5,23164,23164.75,17,1.5,0.5,0.75,0.25,1,,,,
MNQ SEP25,1s,1,2756,2025-07-23 10:05:55,23165,23166.25,23165,23166,17,1.25,1,0.25,0,1,,,,
MNQ SEP25,1s,1,2757,2025-07-23 10:05:56,23165.5,23166,23165,23166,25,1,0.5,0,0.5,1,,,,
MNQ SEP25,1s,1,2758,2025-07-23 10:05:57,23166.5,23168,23166.25,23167,32,1.75,0.5,1,0.25,1,,,,
MNQ SEP25,1s,1,2759,2025-07-23 10:05:58,23167.5,23167.5,23166.25,23167,33,1.25,0.5,0,0.75,-1,,,,
MNQ SEP25,1s,1,2760,2025-07-23 10:05:59,23167.25,23168.25,23166.75,23166.75,28,1.5,0.5,1,0,-1,,,,
MNQ SEP25,1s,1,2761,2025-07-23 10:06:00,23167.5,23168.25,23167,23167.25,34,1.25,0.25,0.75,0.25,-1,,,,
MNQ SEP25,10s,10,5675,2025-07-23 10:06:00,23164.25,23168.25,23163,23167.25,287,5.25,3,1,1.25,1,28.3,-141.4,-60.03333333,-12.21
MNQ SEP25,20s,20,5837,2025-07-23 10:06:00,23164.25,23168.25,23158,23167.25,862,10.25,3,1,6.25,1,-276.7,45.95,63.73333333,26.59
MNQ SEP25,1s,1,2762,2025-07-23 10:06:01,23167,23167,23165.75,23166.75,49,1.25,0.25,0,1,-1,,,,
MNQ SEP25,1s,1,2763,2025-07-23 10:06:02,23166.5,23167.75,23166,23167.75,58,1.75,1.25,0,0.5,1,,,,
MNQ SEP25,1s,1,2764,2025-07-23 10:06:03,23168,23168.75,23167.5,23168.75,70,1.25,0.75,0,0.5,1,,,,
MNQ SEP25,1s,1,2765,2025-07-23 10:06:04,23168.5,23170.5,23168,23168.25,160,2.5,0.25,2,0.25,-1,,,,
MNQ SEP25,1s,1,2766,2025-07-23 10:06:05,23168.5,23170.25,23168.25,23169.5,95,2,1,0.75,0.25,1,,,,
MNQ SEP25,1s,1,2767,2025-07-23 10:06:06,23169.25,23170.25,23169,23169.5,68,1.25,0.25,0.75,0.25,1,,,,
MNQ SEP25,1s,1,2768,2025-07-23 10:06:07,23169.5,23172,23169.5,23171.5,142,2.5,2,0.5,0,1,,,,
MNQ SEP25,1s,1,2769,2025-07-23 10:06:08,23171.5,23175.5,23171,23174,399,4.5,2.5,1.5,0.5,1,,,,
MNQ SEP25,1s,1,2770,2025-07-23 10:06:09,23174,23176,23173.5,23174.5,172,2.5,0.5,1.5,0.5,1,,,,
MNQ SEP25,1s,1,2771,2025-07-23 10:06:10,23174.5,23176.5,23174.25,23175.75,176,2.25,1.25,0.75,0.25,1,,,,
MNQ SEP25,10s,10,5676,2025-07-23 10:06:10,23167,23176.5,23165.75,23175.75,1389,10.75,8.75,0.75,1.25,1,135.3,107,-36.2,-0.94
MNQ SEP25,1s,1,2772,2025-07-23 10:06:11,23175.5,23175.75,23173.5,23174.75,123,2.25,0.75,0.25,1.25,-1,,,,
MNQ SEP25,1s,1,2773,2025-07-23 10:06:12,23174,23175,23173.75,23174.5,89,1.25,0.5,0.5,0.25,1,,,,
MNQ SEP25,1s,1,2774,2025-07-23 10:06:13,23174.75,23175.75,23174.25,23174.25,79,1.5,0.5,1,0,-1,,,,
MNQ SEP25,1s,1,2775,2025-07-23 10:06:14,23174.25,23174.5,23172.25,23173.75,152,2.25,0.5,0.25,1.5,-1,,,,
MNQ SEP25,1s,1,2776,2025-07-23 10:06:15,23173,23174.5,23172.75,23173.5,67,1.75,0.5,1,0.25,1,,,,
MNQ SEP25,1s,1,2777,2025-07-23 10:06:16,23173.25,23173.5,23171.75,23172.5,58,1.75,0.75,0.25,0.75,-1,,,,
MNQ SEP25,1s,1,2778,2025-07-23 10:06:17,23172.75,23173.75,23172.25,23172.5,43,1.5,0.25,1,0.25,-1,,,,
MNQ SEP25,1s,1,2779,2025-07-23 10:06:18,23172.75,23174.25,23172.75,23174,37,1.5,1.25,0.25,0,1,,,,
MNQ SEP25,1s,1,2780,2025-07-23 10:06:19,23174.5,23175,23173.25,23175,50,1.75,0.5,0,1.25,1,,,,
MNQ SEP25,1s,1,2781,2025-07-23 10:06:20,23174.75,23175.25,23174.25,23175,71,1,0.25,0.25,0.5,1,,,,
MNQ SEP25,10s,10,5677,2025-07-23 10:06:20,23175.5,23175.75,23171.75,23175,769,4,0.5,0.25,3.25,-1,141.55,6.25,-9.38333333,-13.37
MNQ SEP25,20s,20,5838,2025-07-23 10:06:20,23167,23176.5,23165.75,23175,2158,10.75,8,1.5,1.25,1,-18.75,257.95,118.83333333,81.92
MNQ SEP25,1s,1,2782,2025-07-23 10:06:21,23175.25,23177.75,23174.75,23177.25,89,3,2,0.5,0.5,1,,,,
MNQ SEP25,1s,1,2783,2025-07-23 10:06:22,23177.25,23177.25,23175.5,23177.25,108,1.75,0,0,1.75,0,,,,
MNQ SEP25,1s,1,2784,2025-07-23 10:06:23,23177.25,23177.25,23175.75,23176.5,76,1.5,0.75,0,0.75,-1,,,,
MNQ SEP25,1s,1,2785,2025-07-23 10:06:24,23176.75,23176.75,23175,23176,42,1.75,0.75,0,1,-1,,,,
MNQ SEP25,1s,1,2786,2025-07-23 10:06:25,23175.5,23176.5,23175,23175.5,72,1.5,0,1,0.5,0,,,,
MNQ SEP25,1s,1,2787,2025-07-23 10:06:26,23176,23176.25,23175,23175.5,46,1.25,0.5,0.25,0.5,-1,,,,
MNQ SEP25,1s,1,2788,2025-07-23 10:06:27,23175.75,23175.75,23173.25,23173.5,85,2.5,2.25,0,0.25,-1,,,,
MNQ SEP25,1s,1,2789,2025-07-23 10:06:28,23173.75,23174.25,23169.75,23170.25,183,4.5,3.5,0.5,0.5,-1,,,,
MNQ SEP25,1s,1,2790,2025-07-23 10:06:29,23170.25,23170.75,23169.25,23169.5,95,1.5,0.75,0.5,0.25,-1,,,,
MNQ SEP25,1s,1,2791,2025-07-23 10:06:30,23169.5,23171.75,23169,23171,88,2.75,1.5,0.75,0.5,1,,,,
MNQ SEP25,10s,10,5678,2025-07-23 10:06:30,23175.25,23177.75,23169,23171,884,8.75,4.25,2.5,2,-1,170.75,29.2,47.48333333,-14.63
MNQ SEP25,1s,1,2792,2025-07-23 10:06:31,23171.25,23171.25,23170.25,23170.5,33,1,0.75,0,0.25,-1,,,,
MNQ SEP25,1s,1,2793,2025-07-23 10:06:32,23170.75,23171.75,23169.5,23171.75,41,2.25,1,0,1.25,1,,,,
MNQ SEP25,1s,1,2794,2025-07-23 10:06:33,23171.25,23172,23170.75,23170.75,23,1.25,0.5,0.75,0,-1,,,,
MNQ SEP25,1s,1,2795,2025-07-23 10:06:34,23171,23171.5,23170.75,23171,12,0.75,0,0.5,0.25,0,,,,
MNQ SEP25,1s,1,2796,2025-07-23 10:06:35,23170.75,23171,23168.75,23169.25,47,2.25,1.5,0.25,0.5,-1,,,,
MNQ SEP25,1s,1,2797,2025-07-23 10:06:36,23169.5,23169.5,23167,23167,73,2.5,2.5,0,0,-1,,,,
MNQ SEP25,1s,1,2798,2025-07-23 10:06:37,23167,23168.25,23165,23168,172,3.25,1,0.25,2,1,,,,
MNQ SEP25,1s,1,2799,2025-07-23 10:06:38,23167.75,23168,23166.25,23166.75,51,1.75,1,0.25,0.5,-1,,,,
MNQ SEP25,1s,1,2800,2025-07-23 10:06:39,23166.5,23166.5,23163.5,23163.75,126,3,2.75,0,0.25,-1,,,,
MNQ SEP25,1s,1,2801,2025-07-23 10:06:40,23164.25,23164.5,23162.5,23163.75,104,2,0.5,0.25,1.25,-1,,,,
MNQ SEP25,10s,10,5679,2025-07-23 10:06:40,23171.25,23172,23162.5,23163.75,682,9.5,7.5,0.75,1.25,-1,179.6,8.85,14.76666667,1.98
MNQ SEP25,20s,20,5839,2025-07-23 10:06:40,23175.25,23177.75,23162.5,23163.75,1566,15.25,11.5,2.5,1.25,-1,37.2,55.95,119.95,101.02
MNQ SEP25,1s,1,2802,2025-07-23 10:06:41,23163.5,23163.5,23162,23163.25,142,1.5,0.25,0,1.25,-1,,,,
MNQ SEP25,1s,1,2803,2025-07-23 10:06:42,23163.5,23164,23161.5,23162.5,87,2.5,1,0.5,1,-1,,,,
MNQ SEP25,1s,1,2804,2025-07-23 10:06:43,23162.5,23164.5,23162.5,23163.5,91,2,1,1,0,1,,,,
MNQ SEP25,1s,1,2805,2025-07-23 10:06:44,23163.75,23166.25,23163.25,23165.75,68,3,2,0.5,0.5,1,,,,
MNQ SEP25,1s,1,2806,2025-07-23 10:06:45,23165.75,23166.75,23165.5,23165.5,43,1.25,0.25,1,0,-1,,,,
MNQ SEP25,1s,1,2807,2025-07-23 10:06:46,23165.75,23166.75,23165.25,23166,30,1.5,0.25,0.75,0.5,1,,,,
MNQ SEP25,1s,1,2808,2025-07-23 10:06:47,23166.25,23166.5,23165.25,23165.25,27,1.25,1,0.25,0,-1,,,,
MNQ SEP25,1s,1,2809,2025-07-23 10:06:48,23165.5,23166.5,23165,23166.5,13,1.5,1,0,0.5,1,,,,
MNQ SEP25,1s,1,2810,2025-07-23 10:06:49,23166.5,23166.5,23164.5,23165.75,45,2,0.75,0,1.25,-1,,,,
MNQ SEP25,1s,1,2811,2025-07-23 10:06:50,23165.25,23166.5,23165,23165.75,22,1.5,0.5,0.75,0.25,1,,,,
MNQ SEP25,10s,10,5680,2025-07-23 10:06:50,23163.5,23166.75,23161.5,23165.75,568,5.25,2.25,1,2,1,225.05,45.45,27.83333333,39.35
MNQ SEP25,1s,1,2812,2025-07-23 10:06:51,23166.25,23167,23164.5,23164.75,23,2.5,1.5,0.75,0.25,-1,,,,
MNQ SEP25,1s,1,2813,2025-07-23 10:06:52,23164.75,23165,23164.25,23165,21,0.75,0.25,0,0.5,1,,,,
MNQ SEP25,1s,1,2814,2025-07-23 10:06:53,23164.75,23166,23164.75,23166,20,1.25,1.25,0,0,1,,,,
MNQ SEP25,1s,1,2815,2025-07-23 10:06:54,23165.5,23165.5,23165,23165.5,13,0.5,0,0,0.5,0,,,,
MNQ SEP25,1s,1,2816,2025-07-23 10:06:55,23165,23165.25,23163.75,23164,56,1.5,1,0.25,0.25,-1,,,,
MNQ SEP25,1s,1,2817,2025-07-23 10:06:56,23163.75,23164,23162.25,23163.75,48,1.75,0,0.25,1.5,0,,,,
MNQ SEP25,1s,1,2818,2025-07-23 10:06:57,23164.5,23165.5,23164.25,23165.5,15,1.25,1,0,0.25,1,,,,
MNQ SEP25,1s,1,2819,2025-07-23 10:06:58,23165.25,23165.5,23164.5,23165.5,20,1,0.25,0,0.75,1,,,,
MNQ SEP25,1s,1,2820,2025-07-23 10:06:59,23165.75,23166,23164.75,23166,21,1.25,0.25,0,1,1,,,,
MNQ SEP25,1s,1,2821,2025-07-23 10:07:00,23166.25,23166.25,23165,23165.75,16,1.25,0.5,0,0.75,-1,,,,
MNQ SEP25,10s,10,5681,2025-07-23 10:07:00,23166.25,23167,23162.25,23165.75,253,4.75,0.5,0.75,3.5,-1,11.95,-213.1,-52.93333333,-24.67
MNQ SEP25,20s,20,5840,2025-07-23 10:07:00,23163.5,23167,23161.5,23165.75,821,5.5,2.25,1.25,2,1,24.85,-12.35,100.51666667,80.02
MNQ SEP25,1s,1,2822,2025-07-23 10:07:01,23165.75,23165.75,23163.25,23163.5,58,2.5,2.25,0,0.25,-1,,,,
MNQ SEP25,1s,1,2823,2025-07-23 10:07:02,23164,23164,23162.5,23162.75,41,1.5,1.25,0,0.25,-1,,,,
MNQ SEP25,1s,1,2824,2025-07-23 10:07:03,23163.25,23165.25,23163.25,23165.25,53,2,2,0,0,1,,,,
MNQ SEP25,1s,1,2825,2025-07-23 10:07:04,23165,23166,23163.75,23163.75,42,2.25,1.25,1,0,-1,,,,
MNQ SEP25,1s,1,2826,2025-07-23 10:07:05,23164.5,23165.5,23164,23164,22,1.5,0.5,1,0,-1,,,,
MNQ SEP25,1s,1,2827,2025-07-23 10:07:06,23164.25,23165.75,23163.75,23165.5,40,2,1.25,0.25,0.5,1,,,,
MNQ SEP25,1s,1,2828,2025-07-23 10:07:07,23165.25,23165.25,23164.5,23164.5,16,0.75,0.75,0,0,-1,,,,
MNQ SEP25,1s,1,2829,2025-07-23 10:07:08,23165,23167,23165,23165.75,26,2,0.75,1.25,0,1,,,,
MNQ SEP25,1s,1,2830,2025-07-23 10:07:09,23166,23166.25,23164.25,23164.75,18,2,1.25,0.25,0.5,-1,,,,
MNQ SEP25,1s,1,2831,2025-07-23 10:07:10,23164.25,23164.5,23163.75,23164,16,0.75,0.25,0.25,0.25,-1,,,,
MNQ SEP25,10s,10,5682,2025-07-23 10:07:10,23165.75,23167,23162.5,23164,332,4.5,1.75,1.25,1.5,-1,-67.4,-79.35,-82.33333333,-41.79
MNQ SEP25,1s,1,2832,2025-07-23 10:07:11,23163.75,23163.75,23160,23161.75,118,3.75,2,0,1.75,-1,,,,
MNQ SEP25,1s,1,2833,2025-07-23 10:07:12,23161.25,23161.5,23158.5,23159.25,195,3,2,0.25,0.75,-1,,,,
MNQ SEP25,1s,1,2834,2025-07-23 10:07:13,23159.5,23160,23158,23159,339,2,0.5,0.5,1,-1,,,,
MNQ SEP25,1s,1,2835,2025-07-23 10:07:14,23159.25,23159.5,23157.5,23158,79,2,1.25,0.25,0.5,-1,,,,
MNQ SEP25,1s,1,2836,2025-07-23 10:07:15,23158.25,23159.75,23158,23158.25,65,1.75,0,1.5,0.25,0,,,,
MNQ SEP25,1s,1,2837,2025-07-23 10:07:16,23158.75,23161.75,23158.25,23161.25,91,3.5,2.5,0.5,0.5,1,,,,
MNQ SEP25,1s,1,2838,2025-07-23 10:07:17,23161.5,23163.25,23161.5,23162,59,1.75,0.5,1.25,0,1,,,,
MNQ SEP25,1s,1,2839,2025-07-23 10:07:18,23162.25,23164,23162.25,23163.5,41,1.75,1.25,0.5,0,1,,,,
MNQ SEP25,1s,1,2840,2025-07-23 10:07:19,23164,23166,23164,23165.5,52,2,1.5,0.5,0,1,,,,
MNQ SEP25,1s,1,2841,2025-07-23 10:07:20,23165.75,23165.75,23164.25,23164.5,53,1.5,1.25,0,0.25,-1,,,,
MNQ SEP25,10s,10,5683,2025-07-23 10:07:20,23163.75,23166,23157.5,23164.5,1092,8.5,0.75,1.5,6.25,1,-57.5,9.9,-94.18333333,-45.65
MNQ SEP25,20s,20,5841,2025-07-23 10:07:20,23165.75,23167,23157.5,23164.5,1424,9.5,1.25,1.25,7,-1,22.65,-2.2,13.8,69.06
MNQ SEP25,1s,1,2842,2025-07-23 10:07:21,23164.25,23164.5,23163.25,23163.5,40,1.25,0.75,0.25,0.25,-1,,,,
MNQ SEP25,1s,1,2843,2025-07-23 10:07:22,23163.25,23165.5,23163,23164.75,59,2.5,1.5,0.75,0.25,1,,,,
MNQ SEP25,1s,1,2844,2025-07-23 10:07:23,23165.25,23166.5,23164.5,23165.5,41,2,0.25,1,0.75,1,,,,
MNQ SEP25,1s,1,2845,2025-07-23 10:07:24,23165.5,23166,23165.5,23166,29,0.5,0.5,0,0,1,,,,
MNQ SEP25,1s,1,2846,2025-07-23 10:07:25,23166.25,23166.5,23165.5,23165.75,25,1,0.5,0.25,0.25,-1,,,,
MNQ SEP25,1s,1,2847,2025-07-23 10:07:26,23165.5,23166.25,23165.5,23166.25,24,0.75,0.75,0,0,1,,,,
MNQ SEP25,1s,1,2848,2025-07-23 10:07:27,23166.25,23166.25,23164.25,23164.75,58,2,1.5,0,0.5,-1,,,,
MNQ SEP25,1s,1,2849,2025-07-23 10:07:28,23165.5,23165.5,23164.5,23164.5,42,1,1,0,0,-1,,,,
MNQ SEP25,1s,1,2850,2025-07-23 10:07:29,23165.25,23166.25,23165,23166.25,30,1.25,1,0,0.25,1,,,,
MNQ SEP25,1s,1,2851,2025-07-23 10:07:30,23166.25,23166.5,23165,23165.25,22,1.5,1,0.25,0.25,-1,,,,
MNQ SEP25,10s,10,5684,2025-07-23 10:07:30,23164.25,23166.5,23163,23165.25,370,3.5,1,1.25,1.25,1,-122.4,-64.9,-44.78333333,-60.4
MNQ SEP25,1s,1,2852,2025-07-23 10:07:31,23165.25,23166,23164.5,23165.75,19,1.5,0.5,0.25,0.75,1,,,,
MNQ SEP25,1s,1,2853,2025-07-23 10:07:32,23165.25,23165.5,23163.75,23164.25,36,1.75,1,0.25,0.5,-1,,,,
MNQ SEP25,1s,1,2854,2025-07-23 10:07:33,23164.5,23164.75,23163.75,23164.75,25,1,0.25,0,0.75,1,,,,
MNQ SEP25,1s,1,2855,2025-07-23 10:07:34,23165.25,23167,23164.75,23167,54,2.25,1.75,0,0.5,1,,,,
MNQ SEP25,1s,1,2856,2025-07-23 10:07:35,23167,23168,23166.5,23166.75,45,1.5,0.25,1,0.25,-1,,,,
MNQ SEP25,1s,1,2857,2025-07-23 10:07:36,23166.5,23167.25,23165.5,23165.5,73,1.75,1,0.75,0,-1,,,,
MNQ SEP25,1s,1,2858,2025-07-23 10:07:37,23165.75,23165.75,23163.75,23163.75,70,2,2,0,0,-1,,,,
MNQ SEP25,1s,1,2859,2025-07-23 10:07:38,23163.75,23164.5,23162.75,23163.5,43,1.75,0.25,0.75,0.75,-1,,,,
MNQ SEP25,1s,1,2860,2025-07-23 10:07:39,23163.75,23164.75,23163.75,23164,21,1,0.25,0.75,0,1,,,,
MNQ SEP25,1s,1,2861,2025-07-23 10:07:40,23164.5,23164.75,23163.5,23163.5,21,1.25,1,0.25,0,-1,,,,
MNQ SEP25,10s,10,5685,2025-07-23 10:07:40,23165.25,23168,23162.75,23163.5,407,5.25,1.75,2.75,0.75,-1,-156.95,-34.55,-29.85,-76.4
MNQ SEP25,20s,20,5842,2025-07-23 10:07:40,23164.25,23168,23162.75,23163.5,777,5.25,0.75,3.75,0.75,-1,57.3,34.65,6.7,66.8
MNQ SEP25,1s,1,2862,2025-07-23 10:07:41,23163,23163.25,23161.75,23161.75,63,1.5,1.25,0.25,0,-1,,,,
MNQ SEP25,1s,1,2863,2025-07-23 10:07:42,23161.5,23161.75,23160.5,23161.75,75,1.25,0.25,0,1,1,,,,
MNQ SEP25,1s,1,2864,2025-07-23 10:07:43,23162,23162.25,23160.75,23161.25,35,1.5,0.75,0.25,0.5,-1,,,,
MNQ SEP25,1s,1,2865,2025-07-23 10:07:44,23161.25,23162.75,23161.25,23162.5,33,1.5,1.25,0.25,0,1,,,,
MNQ SEP25,1s,1,2866,2025-07-23 10:07:45,23162.5,23163,23162,23163,15,1,0.5,0,0.5,1,,,,
MNQ SEP25,1s,1,2867,2025-07-23 10:07:46,23162.5,23163.75,23162.5,23163.5,16,1.25,1,0.25,0,1,,,,
MNQ SEP25,1s,1,2868,2025-07-23 10:07:47,23163.5,23164.25,23163.5,23163.75,20,0.75,0.25,0.5,0,1,,,,
MNQ SEP25,1s,1,2869,2025-07-23 10:07:48,23163.75,23163.75,23163.25,23163.75,13,0.5,0,0,0.5,0,,,,
MNQ SEP25,1s,1,2870,2025-07-23 10:07:49,23163.5,23164,23163.25,23164,26,0.75,0.5,0,0.25,1,,,,
MNQ SEP25,1s,1,2871,2025-07-23 10:07:50,23164,23164.5,23163.5,23163.5,14,1,0.5,0.5,0,-1,,,,
MNQ SEP25,10s,10,5686,2025-07-23 10:07:50,23163,23164.5,23160.5,23163.5,310,4,0.5,1,2.5,1,-145.2,11.75,-29.23333333,-31.43
MNQ SEP25,1s,1,2872,2025-07-23 10:07:51,23163.5,23163.5,23162.75,23163.5,36,0.75,0,0,0.75,0,,,,
MNQ SEP25,1s,1,2873,2025-07-23 10:07:52,23163.5,23164.25,23163.25,23163.5,14,1,0,0.75,0.25,0,,,,
MNQ SEP25,1s,1,2874,2025-07-23 10:07:53,23163.5,23164.5,23163.5,23163.5,20,1,0,1,0,0,,,,
MNQ SEP25,1s,1,2875,2025-07-23 10:07:54,23164,23164,23162.75,23162.75,14,1.25,1.25,0,0,-1,,,,
MNQ SEP25,1s,1,2876,2025-07-23 10:07:55,23162.5,23163.25,23161.5,23162.5,87,1.75,0,0.75,1,0,,,,
MNQ SEP25,1s,1,2877,2025-07-23 10:07:56,23162.5,23162.5,23161.5,23161.75,33,1,0.75,0,0.25,-1,,,,
MNQ SEP25,1s,1,2878,2025-07-23 10:07:57,23162.25,23162.5,23160.25,23161.5,67,2.25,0.75,0.25,1.25,-1,,,,
MNQ SEP25,1s,1,2879,2025-07-23 10:07:58,23161.5,23161.75,23160.75,23161.5,45,1,0,0.25,0.75,0,,,,
MNQ SEP25,1s,1,2880,2025-07-23 10:07:59,23161.5,23161.5,23160.25,23160.75,27,1.25,0.75,0,0.5,-1,,,,
MNQ SEP25,1s,1,2881,2025-07-23 10:08:00,23160.5,23160.75,23160.5,23160.5,12,0.25,0,0.25,0,0,,,,
MNQ SEP25,10s,10,5687,2025-07-23 10:08:00,23163.5,23164.5,23160.25,23160.5,355,4.25,3,1,0.25,-1,-139.45,5.75,-5.68333333,-14.41
MNQ SEP25,20s,20,5843,2025-07-23 10:08:00,23163,23164.5,23160.25,23160.5,665,4.25,2.5,1.5,0.25,-1,-170.2,-227.5,-65.01666667,-30.29
MNQ SEP25,1s,1,2882,2025-07-23 10:08:01,23160,23161,23159.25,23160.75,94,1.75,0.75,0.25,0.75,1,,,,
MNQ SEP25,1s,1,2883,2025-07-23 10:08:02,23160.75,23161.5,23160.5,23160.5,22,1,0.25,0.75,0,-1,,,,
MNQ SEP25,1s,1,2884,2025-07-23 10:08:03,23161,23161,23160.5,23161,21,0.5,0,0,0.5,0,,,,
MNQ SEP25,1s,1,2885,2025-07-23 10:08:04,23161,23161.25,23160.25,23161.25,18,1,0.25,0,0.75,1,,,,
MNQ SEP25,1s,1,2886,2025-07-23 10:08:05,23161.25,23161.5,23160.75,23161.5,25,0.75,0.25,0,0.5,1,,,,
MNQ SEP25,1s,1,2887,2025-07-23 10:08:06,23161.25,23161.25,23160.5,23160.75,29,0.75,0.5,0,0.25,-1,,,,
MNQ SEP25,1s,1,2888,2025-07-23 10:08:07,23160.75,23163.25,23160.75,23162.25,41,2.5,1.5,1,0,1,,,,
MNQ SEP25,1s,1,2889,2025-07-23 10:08:08,23161.75,23162.25,23160.75,23161.5,51,1.5,0.25,0.5,0.75,-1,,,,
MNQ SEP25,1s,1,2890,2025-07-23 10:08:09,23161.5,23162.75,23161.5,23162.75,8,1.25,1.25,0,0,1,,,,
MNQ SEP25,1s,1,2891,2025-07-23 10:08:10,23162.5,23163.5,23162.5,23162.75,35,1,0.25,0.75,0,1,,,,
MNQ SEP25,10s,10,5688,2025-07-23 10:08:10,23160,23163.5,23159.25,23162.75,344,4.25,2.75,0.75,0.75,1,-278.55,-139.1,-40.53333333,-44.21
MNQ SEP25,1s,1,2892,2025-07-23 10:08:11,23162.75,23163.5,23161.25,23162,35,2.25,0.75,0.75,0.75,-1,,,,
MNQ SEP25,1s,1,2893,2025-07-23 10:08:12,23161.5,23162.5,23161.25,23161.75,39,1.25,0.25,0.75,0.25,1,,,,
MNQ SEP25,1s,1,2894,2025-07-23 10:08:13,23161.75,23162.75,23161.75,23162.25,8,1,0.5,0.5,0,1,,,,
MNQ SEP25,1s,1,2895,2025-07-23 10:08:14,23162.25,23162.5,23161,23161.5,10,1.5,0.75,0.25,0.5,-1,,,,
MNQ SEP25,1s,1,2896,2025-07-23 10:08:15,23161.5,23161.5,23160.5,23161,16,1,0.5,0,0.5,-1,,,,
MNQ SEP25,1s,1,2897,2025-07-23 10:08:16,23161,23161,23158.5,23158.75,93,2.5,2.25,0,0.25,-1,,,,
MNQ SEP25,1s,1,2898,2025-07-23 10:08:17,23158.75,23159,23156.75,23157.25,189,2.25,1.5,0.25,0.5,-1,,,,
MNQ SEP25,1s,1,2899,2025-07-23 10:08:18,23157.25,23157.75,23150,23155,1287,7.75,2.25,0.5,5,-1,,,,
MNQ SEP25,1s,1,2900,2025-07-23 10:08:19,23155.25,23159.25,23155,23156.75,476,4.25,1.5,2.5,0.25,1,,,,
MNQ SEP25,1s,1,2901,2025-07-23 10:08:20,23156.75,23159.25,23156.5,23159.25,165,2.75,2.5,0,0.25,1,,,,
MNQ SEP25,10s,10,5689,2025-07-23 10:08:20,23162.75,23163.5,23150,23159.25,2318,13.5,3.5,0.75,9.25,-1,46.3,324.85,63.83333333,33.74
MNQ SEP25,20s,20,5844,2025-07-23 10:08:20,23160,23163.5,23150,23159.25,2662,13.5,0.75,3.5,9.25,-1,21.85,192.05,-0.26666667,-3.07
MNQ SEP25,1s,1,2902,2025-07-23 10:08:21,23159.5,23160.25,23157.25,23157.5,126,3,2,0.75,0.25,-1,,,,
MNQ SEP25,1s,1,2903,2025-07-23 10:08:22,23157.75,23158.5,23157.25,23157.25,53,1.25,0.5,0.75,0,-1,,,,
MNQ SEP25,1s,1,2904,2025-07-23 10:08:23,23157.5,23159,23157.25,23158.75,41,1.75,1.25,0.25,0.25,1,,,,
MNQ SEP25,1s,1,2905,2025-07-23 10:08:24,23159,23159.75,23158.75,23159.25,36,1,0.25,0.5,0.25,1,,,,
MNQ SEP25,1s,1,2906,2025-07-23 10:08:25,23159.25,23159.25,23158.5,23159.25,30,0.75,0,0,0.75,0,,,,
MNQ SEP25,1s,1,2907,2025-07-23 10:08:26,23159,23160,23158.25,23158.25,43,1.75,0.75,1,0,-1,,,,
MNQ SEP25,1s,1,2908,2025-07-23 10:08:27,23158.75,23158.75,23157.25,23157.5,48,1.5,1.25,0,0.25,-1,,,,
MNQ SEP25,1s,1,2909,2025-07-23 10:08:28,23158,23158.25,23157.5,23158,27,0.75,0,0.25,0.5,0,,,,
MNQ SEP25,1s,1,2910,2025-07-23 10:08:29,23158,23158.5,23157.5,23158.5,15,1,0.5,0,0.5,1,,,,
MNQ SEP25,1s,1,2911,2025-07-23 10:08:30,23158.5,23160,23158.25,23159,53,1.75,0.5,1,0.25,1,,,,
MNQ SEP25,10s,10,5690,2025-07-23 10:08:30,23159.5,23160.25,23157.25,23159,472,3,0.5,0.75,1.75,-1,86.65,40.35,75.36666667,48.72
MNQ SEP25,1s,1,2912,2025-07-23 10:08:31,23159,23160.5,23158.5,23160.5,36,2,1.5,0,0.5,1,,,,
MNQ SEP25,1s,1,2913,2025-07-23 10:08:32,23159.75,23163.75,23159.75,23163.25,140,4,3.5,0.5,0,1,,,,
MNQ SEP25,1s,1,2914,2025-07-23 10:08:33,23163.25,23164.25,23162.75,23163.75,111,1.5,0.5,0.5,0.5,1,,,,
MNQ SEP25,1s,1,2915,2025-07-23 10:08:34,23163.5,23164,23162.75,23163.5,74,1.25,0,0.5,0.75,0,,,,
MNQ SEP25,1s,1,2916,2025-07-23 10:08:35,23164,23164,23162.75,23163,78,1.25,1,0,0.25,-1,,,,
MNQ SEP25,1s,1,2917,2025-07-23 10:08:36,23163.5,23163.5,23162.25,23163.25,60,1.25,0.25,0,1,-1,,,,
MNQ SEP25,1s,1,2918,2025-07-23 10:08:37,23163.25,23163.5,23162.75,23163,38,0.75,0.25,0.25,0.25,-1,,,,
MNQ SEP25,1s,1,2919,2025-07-23 10:08:38,23163,23163.5,23162.75,23163.25,22,0.75,0.25,0.25,0.25,1,,,,
MNQ SEP25,1s,1,2920,2025-07-23 10:08:39,23163.5,23164.5,23163.25,23164.5,54,1.25,1,0,0.25,1,,,,
MNQ SEP25,1s,1,2921,2025-07-23 10:08:40,23164.5,23167.5,23164.25,23166.75,195,3.25,2.25,0.75,0.25,1,,,,
MNQ SEP25,10s,10,5691,2025-07-23 10:08:40,23159,23167.5,23158.5,23166.75,808,9,7.75,0.75,0.5,1,176.15,89.5,151.56666667,64.27
MNQ SEP25,20s,20,5845,2025-07-23 10:08:40,23159.5,23167.5,23157.25,23166.75,1280,10.25,7.25,0.75,2.25,1,102.35,80.5,15.01666667,15.5
MNQ SEP25,1s,1,2922,2025-07-23 10:08:41,23167,23169.25,23166.75,23169.25,290,2.5,2.25,0,0.25,1,,,,
MNQ SEP25,1s,1,2923,2025-07-23 10:08:42,23168.75,23170,23168,23170,166,2,1.25,0,0.75,1,,,,
MNQ SEP25,1s,1,2924,2025-07-23 10:08:43,23170,23170.25,23168,23168.25,180,2.25,1.75,0.25,0.25,-1,,,,
MNQ SEP25,1s,1,2925,2025-07-23 10:08:44,23168.25,23169,23167.25,23167.5,124,1.75,0.75,0.75,0.25,-1,,,,
MNQ SEP25,1s,1,2926,2025-07-23 10:08:45,23167.75,23168.25,23167.25,23168,45,1,0.25,0.25,0.5,1,,,,
MNQ SEP25,1s,1,2927,2025-07-23 10:08:46,23168,23169,23167.5,23167.75,63,1.5,0.25,1,0.25,-1,,,,
MNQ SEP25,1s,1,2928,2025-07-23 10:08:47,23167.75,23168.5,23166.75,23167.5,73,1.75,0.25,0.75,0.75,-1,,,,
MNQ SEP25,1s,1,2929,2025-07-23 10:08:48,23168,23169.25,23167.75,23169.25,59,1.5,1.25,0,0.25,1,,,,
MNQ SEP25,1s,1,2930,2025-07-23 10:08:49,23169,23169,23167.5,23168,42,1.5,1,0,0.5,-1,,,,
MNQ SEP25,1s,1,2931,2025-07-23 10:08:50,23168.25,23170,23167.75,23170,53,2.25,1.75,0,0.5,1,,,,
MNQ SEP25,10s,10,5692,2025-07-23 10:08:50,23167,23170.25,23166.75,23170,1095,3.5,3,0.25,0.25,1,302,125.85,85.23333333,88.29
MNQ SEP25,1s,1,2932,2025-07-23 10:08:51,23170,23171.25,23169.5,23171.25,122,1.75,1.25,0,0.5,1,,,,
MNQ SEP25,1s,1,2933,2025-07-23 10:08:52,23171.25,23171.75,23170.5,23171.75,147,1.25,0.5,0,0.75,1,,,,
MNQ SEP25,1s,1,2934,2025-07-23 10:08:53,23171.25,23172.25,23170.5,23172,90,1.75,0.75,0.25,0.75,1,,,,
MNQ SEP25,1s,1,2935,2025-07-23 10:08:54,23172.25,23172.75,23171.5,23172,98,1.25,0.25,0.5,0.5,-1,,,,
MNQ SEP25,1s,1,2936,2025-07-23 10:08:55,23172.75,23174.25,23172.5,23174,117,1.75,1.25,0.25,0.25,1,,,,
MNQ SEP25,1s,1,2937,2025-07-23 10:08:56,23174.25,23174.25,23173.5,23173.5,95,0.75,0.75,0,0,-1,,,,
MNQ SEP25,1s,1,2938,2025-07-23 10:08:57,23173.5,23174.25,23172.25,23173.5,79,2,0,0.75,1.25,0,,,,
MNQ SEP25,1s,1,2939,2025-07-23 10:08:58,23173.25,23173.5,23172.5,23172.75,64,1,0.5,0.25,0.25,-1,,,,
MNQ SEP25,1s,1,2940,2025-07-23 10:08:59,23172.25,23174.5,23172.25,23174.25,81,2.25,2,0.25,0,1,,,,
MNQ SEP25,1s,1,2941,2025-07-23 10:09:00,23174,23174.75,23173.25,23174.25,76,1.5,0.25,0.5,0.75,1,,,,
MNQ SEP25,10s,10,5693,2025-07-23 10:09:00,23170,23174.75,23169.5,23174.25,969,5.25,4.25,0.5,0.5,1,418.45,116.45,110.6,139.4
MNQ SEP25,20s,20,5846,2025-07-23 10:09:00,23167,23174.75,23166.75,23174.25,2064,8,7.25,0.5,0.25,1,199.95,97.6,123.38333333,35.46
MNQ SEP25,1s,1,2942,2025-07-23 10:09:01,23174.25,23177,23174,23174.25,507,3,0,2.75,0.25,0,,,,
MNQ SEP25,1s,1,2943,2025-07-23 10:09:02,23174,23176.75,23173.5,23176.5,206,3.25,2.5,0.25,0.5,1,,,,
MNQ SEP25,1s,1,2944,2025-07-23 10:09:03,23177,23179.25,23176.5,23178.75,385,2.75,1.75,0.5,0.5,1,,,,
MNQ SEP25,1s,1,2945,2025-07-23 10:09:04,23178.5,23179.25,23177.75,23178.75,183,1.5,0.25,0.5,0.75,1,,,,
MNQ SEP25,1s,1,2946,2025-07-23 10:09:05,23179,23179.5,23178.5,23179.25,144,1,0.25,0.25,0.5,1,,,,
MNQ SEP25,1s,1,2947,2025-07-23 10:09:06,23179,23180,23178.75,23179.75,162,1.25,0.75,0.25,0.25,1,,,,
MNQ SEP25,1s,1,2948,2025-07-23 10:09:07,23179.75,23181,23179,23179.25,177,2,0.5,1.25,0.25,-1,,,,
MNQ SEP25,1s,1,2949,2025-07-23 10:09:08,23179.25,23179.25,23176.5,23177,151,2.75,2.25,0,0.5,-1,,,,
MNQ SEP25,1s,1,2950,2025-07-23 10:09:09,23177.5,23177.75,23176.5,23176.75,98,1.25,0.75,0.25,0.25,-1,,,,
MNQ SEP25,1s,1,2951,2025-07-23 10:09:10,23177,23178.25,23177,23177.75,53,1.25,0.75,0.5,0,1,,,,
MNQ SEP25,10s,10,5694,2025-07-23 10:09:10,23174.25,23181,23173.5,23177.75,2066,7.5,3.5,3.25,0.75,1,293.5,-124.95,39.11666667,49.44
MNQ SEP25,1s,1,2952,2025-07-23 10:09:11,23177.5,23177.75,23177,23177.5,53,0.75,0,0.25,0.5,0,,,,
MNQ SEP25,1s,1,2953,2025-07-23 10:09:12,23176.75,23177,23176,23176.5,80,1,0.25,0.25,0.5,-1,,,,
MNQ SEP25,1s,1,2954,2025-07-23 10:09:13,23176,23176.5,23175.75,23176.5,55,0.75,0.5,0,0.25,1,,,,
MNQ SEP25,1s,1,2955,2025-07-23 10:09:14,23175.75,23177.75,23175.75,23177.25,56,2,1.5,0.5,0,1,,,,
MNQ SEP25,1s,1,2956,2025-07-23 10:09:15,23177.5,23178.25,23176,23177,103,2.25,0.5,0.75,1,-1,,,,
MNQ SEP25,1s,1,2957,2025-07-23 10:09:16,23176.75,23178.75,23175,23177,145,3.75,0.25,1.75,1.75,1,,,,
MNQ SEP25,1s,1,2958,2025-07-23 10:09:17,23177,23177.25,23176,23176.25,46,1.25,0.75,0.25,0.25,-1,,,,
MNQ SEP25,1s,1,2959,2025-07-23 10:09:18,23177,23177,23175.75,23176.5,21,1.25,0.5,0,0.75,-1,,,,
MNQ SEP25,1s,1,2960,2025-07-23 10:09:19,23176.5,23176.5,23175.5,23175.5,21,1,1,0,0,-1,,,,
MNQ SEP25,1s,1,2961,2025-07-23 10:09:20,23175.75,23176.25,23175.75,23175.75,13,0.5,0,0.5,0,0,,,,
MNQ SEP25,10s,10,5695,2025-07-23 10:09:20,23177.5,23178.75,23175,23175.75,593,3.75,1.75,1.25,0.75,-1,302.4,8.9,0.13333333,43.15
MNQ SEP25,20s,20,5847,2025-07-23 10:09:20,23174.25,23181,23173.5,23175.75,2659,7.5,1.5,5.25,0.75,1,506.9,306.95,161.68333333,89.92
MNQ SEP25,1s,1,2962,2025-07-23 10:09:21,23175.25,23177,23175.25,23175.75,33,1.75,0.5,1.25,0,1,,,,
MNQ SEP25,1s,1,2963,2025-07-23 10:09:22,23176.25,23177.25,23176,23176.75,27,1.25,0.5,0.5,0.25,1,,,,
MNQ SEP25,1s,1,2964,2025-07-23 10:09:23,23176.75,23178,23176.75,23177.5,26,1.25,0.75,0.5,0,1,,,,
MNQ SEP25,1s,1,2965,2025-07-23 10:09:24,23178,23179.25,23178,23178.5,67,1.25,0.5,0.75,0,1,,,,
MNQ SEP25,1s,1,2966,2025-07-23 10:09:25,23179,23184,23179,23183.25,417,5,4.25,0.75,0,1,,,,
MNQ SEP25,1s,1,2967,2025-07-23 10:09:26,23182.5,23183.25,23181.5,23182.75,130,1.75,0.25,0.5,1,1,,,,
MNQ SEP25,1s,1,2968,2025-07-23 10:09:27,23182.75,23184.25,23182.75,23183.25,102,1.5,0.5,1,0,1,,,,
MNQ SEP25,1s,1,2969,2025-07-23 10:09:28,23183,23184,23181.25,23181.25,164,2.75,1.75,1,0,-1,,,,
MNQ SEP25,1s,1,2970,2025-07-23 10:09:29,23181.25,23183,23181,23183,107,2,1.75,0,0.25,1,,,,
MNQ SEP25,1s,1,2971,2025-07-23 10:09:30,23182.5,23184,23182.5,23184,69,1.5,1.5,0,0,1,,,,
MNQ SEP25,10s,10,5696,2025-07-23 10:09:30,23175.25,23184.25,23175.25,23184,1142,9,8.75,0.25,0,1,381.55,79.15,-12.3,41.08
MNQ SEP25,1s,1,2972,2025-07-23 10:09:31,23183.5,23185,23183.5,23184.5,126,1.5,1,0.5,0,1,,,,
MNQ SEP25,1s,1,2973,2025-07-23 10:09:32,23184.5,23185,23183.5,23183.75,105,1.5,0.75,0.5,0.25,-1,,,,
MNQ SEP25,1s,1,2974,2025-07-23 10:09:33,23183.75,23184.75,23183,23184.25,121,1.75,0.5,0.5,0.75,1,,,,
MNQ SEP25,1s,1,2975,2025-07-23 10:09:34,23184,23184,23181.75,23182.75,127,2.25,1.25,0,1,-1,,,,
MNQ SEP25,1s,1,2976,2025-07-23 10:09:35,23182.25,23183,23181,23181.25,106,2,1,0.75,0.25,-1,,,,
MNQ SEP25,1s,1,2977,2025-07-23 10:09:36,23181.5,23182,23180.25,23180.5,73,1.75,1,0.5,0.25,-1,,,,
MNQ SEP25,1s,1,2978,2025-07-23 10:09:37,23180.5,23180.5,23178.5,23178.5,76,2,2,0,0,-1,,,,
MNQ SEP25,1s,1,2979,2025-07-23 10:09:38,23178.75,23179.75,23178,23178.5,108,1.75,0.25,1,0.5,-1,,,,
MNQ SEP25,1s,1,2980,2025-07-23 10:09:39,23178.5,23179.5,23178,23179.5,41,1.5,1,0,0.5,1,,,,
MNQ SEP25,1s,1,2981,2025-07-23 10:09:40,23179.25,23180,23179,23180,30,1,0.75,0,0.25,1,,,,
MNQ SEP25,10s,10,5697,2025-07-23 10:09:40,23183.5,23185,23178,23180,913,7,3.5,1.5,2,-1,337.95,-43.6,14.81666667,7.19
MNQ SEP25,20s,20,5848,2025-07-23 10:09:40,23175.25,23185,23175.25,23180,2055,9.75,4.75,5,0,1,723.3,216.4,206.98333333,178.7
MNQ SEP25,1s,1,2982,2025-07-23 10:09:41,23180,23181,23179.25,23180.5,107,1.75,0.5,0.5,0.75,1,,,,
MNQ SEP25,1s,1,2983,2025-07-23 10:09:42,23180.25,23180.25,23178.25,23178.75,38,2,1.5,0,0.5,-1,,,,
MNQ SEP25,1s,1,2984,2025-07-23 10:09:43,23178.75,23178.75,23177.5,23178.75,57,1.25,0,0,1.25,0,,,,
MNQ SEP25,1s,1,2985,2025-07-23 10:09:44,23178.25,23179.75,23178.25,23179.5,43,1.5,1.25,0.25,0,1,,,,
MNQ SEP25,1s,1,2986,2025-07-23 10:09:45,23180,23180,23178.25,23178.5,25,1.75,1.5,0,0.25,-1,,,,
MNQ SEP25,1s,1,2987,2025-07-23 10:09:46,23178.75,23179.5,23178.75,23178.75,32,0.75,0,0.75,0,0,,,,
MNQ SEP25,1s,1,2988,2025-07-23 10:09:47,23178.75,23180,23177.75,23178,62,2.25,0.75,1.25,0.25,-1,,,,
MNQ SEP25,1s,1,2989,2025-07-23 10:09:48,23178.5,23178.75,23175,23175,143,3.75,3.5,0.25,0,-1,,,,
MNQ SEP25,1s,1,2990,2025-07-23 10:09:49,23174.75,23177.75,23174.5,23177,80,3.25,2.25,0.75,0.25,1,,,,
MNQ SEP25,1s,1,2991,2025-07-23 10:09:50,23177.5,23178.25,23177.25,23177.25,44,1,0.25,0.75,0,-1,,,,
MNQ SEP25,10s,10,5698,2025-07-23 10:09:50,23180,23181,23174.5,23177.25,631,6.5,2.75,1,2.75,-1,283,-54.95,-6.46666667,-27.09
MNQ SEP25,1s,1,2992,2025-07-23 10:09:51,23177.25,23177.75,23176.75,23177,31,1,0.25,0.5,0.25,-1,,,,
MNQ SEP25,1s,1,2993,2025-07-23 10:09:52,23177.25,23177.5,23176.25,23176.5,33,1.25,0.75,0.25,0.25,-1,,,,
MNQ SEP25,1s,1,2994,2025-07-23 10:09:53,23176,23176,23173,23173.25,116,3,2.75,0,0.25,-1,,,,
MNQ SEP25,1s,1,2995,2025-07-23 10:09:54,23173,23174.75,23173,23173.75,76,1.75,0.75,1,0,1,,,,
MNQ SEP25,1s,1,2996,2025-07-23 10:09:55,23173.75,23174.25,23173,23173,21,1.25,0.75,0.5,0,-1,,,,
MNQ SEP25,1s,1,2997,2025-07-23 10:09:56,23173.5,23173.5,23170,23170.75,177,3.5,2.75,0,0.75,-1,,,,
MNQ SEP25,1s,1,2998,2025-07-23 10:09:57,23170.25,23171.25,23170,23170.5,71,1.25,0.25,0.75,0.25,1,,,,
MNQ SEP25,1s,1,2999,2025-07-23 10:09:58,23170.75,23171,23170,23170,48,1,0.75,0.25,0,-1,,,,
MNQ SEP25,1s,1,3000,2025-07-23 10:09:59,23170.5,23170.5,23170,23170.5,22,0.5,0,0,0.5,0,,,,
MNQ SEP25,1s,1,3001,2025-07-23 10:10:00,23170.75,23170.75,23168.25,23168.25,111,2.5,2.5,0,0,-1,,,,
MNQ SEP25,10s,10,5699,2025-07-23 10:10:00,23177.25,23177.75,23168.25,23168.25,706,9.5,9,0.5,0,-1,9.8,-273.2,-123.91666667,-56.74
MNQ SEP25,20s,20,5849,2025-07-23 10:10:00,23180,23181,23168.25,23168.25,1337,12.75,11.75,1,0,-1,469.2,-254.1,89.75,89.47
MNQ SEP25,1s,1,3002,2025-07-23 10:10:01,23168.25,23169.5,23166.25,23167.25,225,3.25,1,1.25,1,-1,,,,
MNQ SEP25,1s,1,3003,2025-07-23 10:10:02,23167.25,23168.5,23166.75,23167.75,85,1.75,0.5,0.75,0.5,1,,,,
MNQ SEP25,1s,1,3004,2025-07-23 10:10:03,23167.25,23167.25,23164.5,23165,172,2.75,2.25,0,0.5,-1,,,,
MNQ SEP25,1s,1,3005,2025-07-23 10:10:04,23164.5,23165.25,23163.5,23164,170,1.75,0.5,0.75,0.5,-1,,,,
MNQ SEP25,1s,1,3006,2025-07-23 10:10:05,23164.25,23164.75,23163.5,23164.5,102,1.25,0.25,0.25,0.75,1,,,,
MNQ SEP25,1s,1,3007,2025-07-23 10:10:06,23164.75,23164.75,23162.5,23163,96,2.25,1.75,0,0.5,-1,,,,
MNQ SEP25,1s,1,3008,2025-07-23 10:10:07,23162.25,23163.75,23161.75,23163,120,2,0.75,0.75,0.5,1,,,,
MNQ SEP25,1s,1,3009,2025-07-23 10:10:08,23163,23163.25,23161.75,23162.25,76,1.5,0.75,0.25,0.5,-1,,,,
MNQ SEP25,1s,1,3010,2025-07-23 10:10:09,23162.25,23162.25,23160.75,23160.75,132,1.5,1.5,0,0,-1,,,,
MNQ SEP25,1s,1,3011,2025-07-23 10:10:10,23161.25,23161.75,23160.25,23161.5,125,1.5,0.25,0.25,1,1,,,,
MNQ SEP25,10s,10,5700,2025-07-23 10:10:10,23168.25,23169.5,23160.25,23161.5,1303,9.25,6.75,1.25,1.25,-1,115.05,105.25,-74.3,-37.47
MNQ SEP25,1s,1,3012,2025-07-23 10:10:11,23161.25,23162.25,23160.75,23162,77,1.5,0.75,0.25,0.5,1,,,,
MNQ SEP25,1s,1,3013,2025-07-23 10:10:12,23162.25,23163.75,23161.5,23163.75,85,2.25,1.5,0,0.75,1,,,,
MNQ SEP25,1s,1,3014,2025-07-23 10:10:13,23163.75,23165.25,23163,23165,94,2.25,1.25,0.25,0.75,1,,,,
MNQ SEP25,1s,1,3015,2025-07-23 10:10:14,23165,23168,23164.75,23167,119,3.25,2,1,0.25,1,,,,
MNQ SEP25,1s,1,3016,2025-07-23 10:10:15,23167,23168.75,23167,23168.75,93,1.75,1.75,0,0,1,,,,
MNQ SEP25,1s,1,3017,2025-07-23 10:10:16,23168,23169.5,23167.75,23168.5,104,1.75,0.5,1,0.25,1,,,,
MNQ SEP25,1s,1,3018,2025-07-23 10:10:17,23169,23170.5,23169,23170.25,131,1.5,1.25,0.25,0,1,,,,
MNQ SEP25,1s,1,3019,2025-07-23 10:10:18,23170.25,23171.25,23169,23170,112,2.25,0.25,1,1,-1,,,,
MNQ SEP25,1s,1,3020,2025-07-23 10:10:19,23170.25,23171.25,23169.75,23170.25,70,1.5,0,1,0.5,0,,,,
MNQ SEP25,1s,1,3021,2025-07-23 10:10:20,23170.5,23172.25,23170,23172,71,2.25,1.5,0.25,0.5,1,,,,
MNQ SEP25,10s,10,5701,2025-07-23 10:10:20,23161.25,23172.25,23160.75,23172,956,11.5,10.75,0.25,0.5,1,42.7,-72.35,-80.1,-67.77
MNQ SEP25,20s,20,5850,2025-07-23 10:10:20,23168.25,23172.25,23160.25,23172,2259,12,3.75,0.25,8,1,596.45,127.25,29.85,98.82
MNQ SEP25,1s,1,3022,2025-07-23 10:10:21,23171.75,23171.75,23170,23170.75,65,1.75,1,0,0.75,-1,,,,
MNQ SEP25,1s,1,3023,2025-07-23 10:10:22,23170.75,23170.75,23168,23169.25,60,2.75,1.5,0,1.25,-1,,,,
MNQ SEP25,1s,1,3024,2025-07-23 10:10:23,23169,23169,23167,23168,47,2,1,0,1,-1,,,,
MNQ SEP25,1s,1,3025,2025-07-23 10:10:24,23167.5,23168,23166.75,23166.75,49,1.25,0.75,0.5,0,-1,,,,
MNQ SEP25,1s,1,3026,2025-07-23 10:10:25,23167,23167.25,23165.25,23165.5,48,2,1.5,0.25,0.25,-1,,,,
MNQ SEP25,1s,1,3027,2025-07-23 10:10:26,23165.25,23165.75,23164,23165.5,80,1.75,0.25,0.25,1.25,1,,,,
MNQ SEP25,1s,1,3028,2025-07-23 10:10:27,23166,23168.25,23165.75,23167.75,32,2.5,1.75,0.5,0.25,1,,,,
MNQ SEP25,1s,1,3029,2025-07-23 10:10:28,23168.25,23168.5,23167.5,23168.5,21,1,0.25,0,0.75,1,,,,
MNQ SEP25,1s,1,3030,2025-07-23 10:10:29,23168,23168.5,23167.75,23167.75,26,0.75,0.25,0.5,0,-1,,,,
MNQ SEP25,1s,1,3031,2025-07-23 10:10:30,23168,23169,23167.5,23168.5,19,1.5,0.5,0.5,0.5,1,,,,
MNQ SEP25,10s,10,5702,2025-07-23 10:10:30,23171.75,23171.75,23164,23168.5,447,7.75,3.25,0,4.5,-1,-56.25,-98.95,-22.01666667,-78.84
MNQ SEP25,1s,1,3032,2025-07-23 10:10:31,23168.75,23169.5,23167.5,23168.5,28,2,0.25,0.75,1,-1,,,,
MNQ SEP25,1s,1,3033,2025-07-23 10:10:32,23168,23168.5,23166,23167.25,38,2.5,0.75,0.5,1.25,-1,,,,
MNQ SEP25,1s,1,3034,2025-07-23 10:10:33,23167.5,23167.75,23165.75,23166.75,18,2,0.75,0.25,1,-1,,,,
MNQ SEP25,1s,1,3035,2025-07-23 10:10:34,23166.75,23167,23165,23165,19,2,1.75,0.25,0,-1,,,,
MNQ SEP25,1s,1,3036,2025-07-23 10:10:35,23165.25,23166.25,23165.25,23165.75,27,1,0.5,0.5,0,1,,,,
MNQ SEP25,1s,1,3037,2025-07-23 10:10:36,23165,23166,23165,23166,47,1,1,0,0,1,,,,
MNQ SEP25,1s,1,3038,2025-07-23 10:10:37,23166,23166.25,23165,23165,14,1.25,1,0.25,0,-1,,,,
MNQ SEP25,1s,1,3039,2025-07-23 10:10:38,23165.25,23165.5,23164.75,23165,21,0.75,0.25,0.25,0.25,-1,,,,
MNQ SEP25,1s,1,3040,2025-07-23 10:10:39,23164.75,23165,23163.5,23164.5,29,1.5,0.25,0.25,1,-1,,,,
MNQ SEP25,1s,1,3041,2025-07-23 10:10:40,23164,23164.5,23163.75,23164.5,38,0.75,0.5,0,0.25,1,,,,
MNQ SEP25,10s,10,5703,2025-07-23 10:10:40,23168.75,23169.5,23163.5,23164.5,279,6,4.25,0.75,1,-1,-86,-29.75,-67.01666667,-73.8
MNQ SEP25,20s,20,5851,2025-07-23 10:10:40,23171.75,23171.75,23163.5,23164.5,726,8.25,7.25,0,1,-1,340.1,-256.35,-127.73333333,28.03
MNQ SEP25,1s,1,3042,2025-07-23 10:10:41,23164.5,23166.75,23164.5,23166.25,52,2.25,1.75,0.5,0,1,,,,
MNQ SEP25,1s,1,3043,2025-07-23 10:10:42,23165.75,23166.25,23165.25,23166.25,34,1,0.5,0,0.5,1,,,,
MNQ SEP25,1s,1,3044,2025-07-23 10:10:43,23166.5,23167,23166.25,23166.25,15,0.75,0.25,0.5,0,-1,,,,
MNQ SEP25,1s,1,3045,2025-07-23 10:10:44,23166.25,23166.5,23164.75,23165.25,45,1.75,1,0.25,0.5,-1,,,,
MNQ SEP25,1s,1,3046,2025-07-23 10:10:45,23165.25,23165.5,23164.25,23165,23,1.25,0.25,0.25,0.75,-1,,,,
MNQ SEP25,1s,1,3047,2025-07-23 10:10:46,23164.75,23166,23164.5,23165.75,19,1.5,1,0.25,0.25,1,,,,
MNQ SEP25,1s,1,3048,2025-07-23 10:10:47,23165.5,23166,23164.75,23165.75,28,1.25,0.25,0.25,0.75,1,,,,
MNQ SEP25,1s,1,3049,2025-07-23 10:10:48,23166,23166,23164.75,23164.75,7,1.25,1.25,0,0,-1,,,,
MNQ SEP25,1s,1,3050,2025-07-23 10:10:49,23165.25,23165.25,23164.75,23164.75,5,0.5,0.5,0,0,-1,,,,
MNQ SEP25,1s,1,3051,2025-07-23 10:10:50,23165,23165.75,23164.5,23165,50,1.25,0,0.75,0.5,0,,,,
MNQ SEP25,10s,10,5704,2025-07-23 10:10:50,23164.5,23167,23164.25,23165,278,2.75,0.5,2,0.25,1,-167,-81,-69.9,-35.36
MNQ SEP25,1s,1,3052,2025-07-23 10:10:51,23165,23165.5,23164.25,23165.5,39,1.25,0.5,0,0.75,1,,,,
MNQ SEP25,1s,1,3053,2025-07-23 10:10:52,23165.5,23166.25,23165.25,23166.25,25,1,0.75,0,0.25,1,,,,
MNQ SEP25,1s,1,3054,2025-07-23 10:10:53,23166.25,23167,23165.5,23166.5,41,1.5,0.25,0.5,0.75,1,,,,
MNQ SEP25,1s,1,3055,2025-07-23 10:10:54,23166.75,23167.5,23166.75,23167,44,0.75,0.25,0.5,0,1,,,,
MNQ SEP25,1s,1,3056,2025-07-23 10:10:55,23167.25,23167.75,23166.75,23167.5,27,1,0.25,0.25,0.5,1,,,,
MNQ SEP25,1s,1,3057,2025-07-23 10:10:56,23167.5,23167.5,23166.25,23166.75,10,1.25,0.75,0,0.5,-1,,,,
MNQ SEP25,1s,1,3058,2025-07-23 10:10:57,23167.25,23167.25,23166.25,23166.5,18,1,0.75,0,0.25,-1,,,,
MNQ SEP25,1s,1,3059,2025-07-23 10:10:58,23166.75,23167,23166.5,23167,11,0.5,0.25,0,0.25,1,,,,
MNQ SEP25,1s,1,3060,2025-07-23 10:10:59,23167.75,23168.75,23167.5,23168.75,27,1.25,1,0,0.25,1,,,,
MNQ SEP25,1s,1,3061,2025-07-23 10:11:00,23168.75,23170,23168.75,23169.5,35,1.25,0.75,0.5,0,1,,,,
MNQ SEP25,10s,10,5705,2025-07-23 10:11:00,23165,23170,23164.25,23169.5,277,5.75,4.5,0.5,0.75,1,-365.7,-198.7,-103.15,-96.15
MNQ SEP25,20s,20,5852,2025-07-23 10:11:00,23164.5,23170,23164.25,23169.5,555,5.75,5,0.5,0.25,1,-74.45,-414.55,-181.21666667,-116.27
MNQ SEP25,1s,1,3062,2025-07-23 10:11:01,23169.25,23170.5,23169,23169.5,47,1.5,0.25,1,0.25,1,,,,
MNQ SEP25,1s,1,3063,2025-07-23 10:11:02,23170,23170.25,23167.25,23168,64,3,2,0.25,0.75,-1,,,,
MNQ SEP25,1s,1,3064,2025-07-23 10:11:03,23168,23168.25,23166,23167.25,50,2.25,0.75,0.25,1.25,-1,,,,
MNQ SEP25,1s,1,3065,2025-07-23 10:11:04,23167.5,23168,23166.75,23166.75,22,1.25,0.75,0.5,0,-1,,,,
MNQ SEP25,1s,1,3066,2025-07-23 10:11:05,23167.25,23167.5,23166.75,23167.25,9,0.75,0,0.25,0.5,0,,,,
MNQ SEP25,1s,1,3067,2025-07-23 10:11:06,23167.5,23169,23167.5,23169,20,1.5,1.5,0,0,1,,,,
MNQ SEP25,1s,1,3068,2025-07-23 10:11:07,23169.25,23171,23168.25,23171,31,2.75,1.75,0,1,1,,,,
MNQ SEP25,1s,1,3069,2025-07-23 10:11:08,23170.5,23170.75,23170.25,23170.5,21,0.5,0,0.25,0.25,0,,,,
MNQ SEP25,1s,1,3070,2025-07-23 10:11:09,23170.25,23171,23169.5,23169.5,56,1.5,0.75,0.75,0,-1,,,,
MNQ SEP25,1s,1,3071,2025-07-23 10:11:10,23169.25,23171,23168.75,23170.25,45,2.25,1,0.75,0.5,1,,,,
MNQ SEP25,10s,10,5706,2025-07-23 10:11:10,23169.25,23171,23166,23170.25,365,5,1,0.75,3.25,1,-486.65,-120.95,-133.55,-105.87
MNQ SEP25,1s,1,3072,2025-07-23 10:11:11,23170.5,23170.5,23169.5,23170.5,21,1,0,0,1,0,,,,
MNQ SEP25,1s,1,3073,2025-07-23 10:11:12,23170,23170.75,23170,23170.5,27,0.75,0.5,0.25,0,1,,,,
MNQ SEP25,1s,1,3074,2025-07-23 10:11:13,23170.5,23171.5,23169.75,23170.5,37,1.75,0,1,0.75,0,,,,
MNQ SEP25,1s,1,3075,2025-07-23 10:11:14,23170,23170.5,23168.75,23168.75,33,1.75,1.25,0.5,0,-1,,,,
MNQ SEP25,1s,1,3076,2025-07-23 10:11:15,23169.25,23169.75,23168.5,23169.5,31,1.25,0.25,0.25,0.75,1,,,,
MNQ SEP25,1s,1,3077,2025-07-23 10:11:16,23169.5,23170.25,23169,23169,18,1.25,0.5,0.75,0,-1,,,,
MNQ SEP25,1s,1,3078,2025-07-23 10:11:17,23168.5,23169,23168,23168.75,23,1,0.25,0.25,0.5,1,,,,
MNQ SEP25,1s,1,3079,2025-07-23 10:11:18,23168.25,23168.5,23167.25,23167.5,40,1.25,0.75,0.25,0.25,-1,,,,
MNQ SEP25,1s,1,3080,2025-07-23 10:11:19,23167.5,23169.25,23167,23169.25,32,2.25,1.75,0,0.5,1,,,,
MNQ SEP25,1s,1,3081,2025-07-23 10:11:20,23168.75,23169.5,23168.25,23168.75,27,1.25,0,0.75,0.5,0,,,,
MNQ SEP25,10s,10,5707,2025-07-23 10:11:20,23170.5,23171.5,23167,23168.75,289,4.5,1.75,1,1.75,-1,-514.95,-28.3,-115.98333333,-91.74
MNQ SEP25,20s,20,5853,2025-07-23 10:11:20,23169.25,23171.5,23166,23168.75,654,5.5,0.5,2.25,2.75,-1,-352.6,-278.15,-316.35,-215.18
MNQ SEP25,1s,1,3082,2025-07-23 10:11:21,23169.25,23169.75,23168.75,23168.75,12,1,0.5,0.5,0,-1,,,,
MNQ SEP25,1s,1,3083,2025-07-23 10:11:22,23168.25,23168.25,23167.5,23167.75,17,0.75,0.5,0,0.25,-1,,,,
MNQ SEP25,1s,1,3084,2025-07-23 10:11:23,23167.75,23167.75,23166.5,23166.75,33,1.25,1,0,0.25,-1,,,,
MNQ SEP25,1s,1,3085,2025-07-23 10:11:24,23167,23167.75,23167,23167.5,12,0.75,0.5,0.25,0,1,,,,
MNQ SEP25,1s,1,3086,2025-07-23 10:11:25,23168,23168.75,23167.5,23168.25,7,1.25,0.25,0.5,0.5,1,,,,
MNQ SEP25,1s,1,3087,2025-07-23 10:11:26,23167.75,23169.5,23167.75,23168.75,9,1.75,1,0.75,0,1,,,,
MNQ SEP25,1s,1,3088,2025-07-23 10:11:27,23168.75,23169,23168.25,23169,20,0.75,0.25,0,0.5,1,,,,
MNQ SEP25,1s,1,3089,2025-07-23 10:11:28,23169.25,23170,23169.25,23169.75,13,0.75,0.5,0.25,0,1,,,,
MNQ SEP25,1s,1,3090,2025-07-23 10:11:29,23170.25,23170.5,23168.75,23168.75,24,1.75,1.5,0.25,0,-1,,,,
MNQ SEP25,1s,1,3091,2025-07-23 10:11:30,23168.25,23168.75,23167.5,23168.25,40,1.25,0,0.5,0.75,0,,,,
MNQ SEP25,10s,10,5708,2025-07-23 10:11:30,23169.25,23170.5,23166.5,23168.25,187,4,1,1.25,1.75,-1,-525.5,-10.55,-53.26666667,-87.9
MNQ SEP25,1s,1,3092,2025-07-23 10:11:31,23167.5,23168.25,23166.25,23168.25,17,2,0.75,0,1.25,1,,,,
MNQ SEP25,1s,1,3093,2025-07-23 10:11:32,23168.5,23170,23168.25,23169,8,1.75,0.5,1,0.25,1,,,,
MNQ SEP25,1s,1,3094,2025-07-23 10:11:33,23169,23170,23169,23170,14,1,1,0,0,1,,,,
MNQ SEP25,1s,1,3095,2025-07-23 10:11:34,23169.25,23170,23169.25,23170,8,0.75,0.75,0,0,1,,,,
MNQ SEP25,1s,1,3096,2025-07-23 10:11:35,23170,23171,23170,23171,16,1,1,0,0,1,,,,
MNQ SEP25,1s,1,3097,2025-07-23 10:11:36,23171,23171,23168.75,23169.5,31,2.25,1.5,0,0.75,-1,,,,
MNQ SEP25,1s,1,3098,2025-07-23 10:11:37,23169,23169.25,23168.25,23168.25,22,1,0.75,0.25,0,-1,,,,
MNQ SEP25,1s,1,3099,2025-07-23 10:11:38,23169.25,23169.5,23168,23168.25,18,1.5,1,0.25,0.25,-1,,,,
MNQ SEP25,1s,1,3100,2025-07-23 10:11:39,23168,23169.25,23167,23169.25,31,2.25,1.25,0,1,1,,,,
MNQ SEP25,1s,1,3101,2025-07-23 10:11:40,23169,23169.5,23169,23169.5,19,0.5,0.5,0,0,1,,,,
MNQ SEP25,10s,10,5709,2025-07-23 10:11:40,23167.5,23171,23166.25,23169.5,184,4.75,2,1.5,1.25,1,-437.6,87.9,16.35,-54.12
MNQ SEP25,20s,20,5854,2025-07-23 10:11:40,23169.25,23171,23166.25,23169.5,371,4.75,0.25,1.5,3,1,-485.5,-132.9,-275.2,-190.94
MNQ SEP25,1s,1,3102,2025-07-23 10:11:41,23169.5,23169.5,23167.5,23168.5,15,2,1,0,1,-1,,,,
MNQ SEP25,1s,1,3103,2025-07-23 10:11:42,23168.75,23168.75,23167.5,23167.5,10,1.25,1.25,0,0,-1,,,,
MNQ SEP25,1s,1,3104,2025-07-23 10:11:43,23167.25,23168.25,23167,23167.25,25,1.25,0,1,0.25,0,,,,
MNQ SEP25,1s,1,3105,2025-07-23 10:11:44,23167.75,23168.75,23167.5,23168.75,9,1.25,1,0,0.25,1,,,,
MNQ SEP25,1s,1,3106,2025-07-23 10:11:45,23169.25,23169.25,23168.25,23168.25,9,1,1,0,0,-1,,,,
MNQ SEP25,1s,1,3107,2025-07-23 10:11:46,23167.75,23169.25,23167.75,23169,22,1.5,1.25,0.25,0,1,,,,
MNQ SEP25,1s,1,3108,2025-07-23 10:11:47,23169,23170.75,23168.75,23170.5,77,2,1.5,0.25,0.25,1,,,,
MNQ SEP25,1s,1,3109,2025-07-23 10:11:48,23170.5,23170.5,23169,23169.5,21,1.5,1,0,0.5,-1,,,,
MNQ SEP25,1s,1,3110,2025-07-23 10:11:49,23169.75,23169.75,23168,23168.75,33,1.75,1,0,0.75,-1,,,,
MNQ SEP25,1s,1,3111,2025-07-23 10:11:50,23168.75,23169.5,23168.5,23169,14,1,0.25,0.5,0.25,1,,,,
MNQ SEP25,10s,10,5710,2025-07-23 10:11:50,23169.5,23170.75,23167,23169,235,3.75,0.5,1.25,2,-1,-434.15,3.45,26.93333333,-13.69
MNQ SEP25,1s,1,3112,2025-07-23 10:11:51,23168.75,23169.25,23168,23168,15,1.25,0.75,0.5,0,-1,,,,
MNQ SEP25,1s,1,3113,2025-07-23 10:11:52,23168.25,23168.25,23166.75,23167.5,25,1.5,0.75,0,0.75,-1,,,,
MNQ SEP25,1s,1,3114,2025-07-23 10:11:53,23167.5,23168,23167.5,23168,18,0.5,0.5,0,0,1,,,,
MNQ SEP25,1s,1,3115,2025-07-23 10:11:54,23168.25,23169.25,23168.25,23169.25,13,1,1,0,0,1,,,,
MNQ SEP25,1s,1,3116,2025-07-23 10:11:55,23169.5,23170,23168.5,23169,13,1.5,0.5,0.5,0.5,-1,,,,
MNQ SEP25,1s,1,3117,2025-07-23 10:11:56,23168.75,23169.25,23168.5,23168.75,13,0.75,0,0.5,0.25,0,,,,
MNQ SEP25,1s,1,3118,2025-07-23 10:11:57,23168.25,23168.5,23168,23168,14,0.5,0.25,0.25,0,-1,,,,
MNQ SEP25,1s,1,3119,2025-07-23 10:11:58,23167.75,23169,23167.75,23168.5,8,1.25,0.75,0.5,0,1,,,,
MNQ SEP25,1s,1,3120,2025-07-23 10:11:59,23167.75,23168,23166.5,23167.5,89,1.5,0.25,0.25,1,-1,,,,
MNQ SEP25,1s,1,3121,2025-07-23 10:12:00,23167.5,23168,23167.5,23167.5,14,0.5,0,0.5,0,0,,,,
MNQ SEP25,10s,10,5711,2025-07-23 10:12:00,23168.75,23170,23166.5,23167.5,222,3.5,1.25,1.25,1,-1,-433.45,0.7,30.68333333,10.64
MNQ SEP25,20s,20,5855,2025-07-23 10:12:00,23169.5,23170.75,23166.5,23167.5,457,4.25,2,1.25,1,-1,-787.5,-302,-237.68333333,-276.79
MNQ SEP25,1s,1,3122,2025-07-23 10:12:01,23167.5,23167.5,23166.5,23167.5,28,1,0,0,1,0,,,,
MNQ SEP25,1s,1,3123,2025-07-23 10:12:02,23168.25,23168.25,23166.5,23166.75,28,1.75,1.5,0,0.25,-1,,,,
MNQ SEP25,1s,1,3124,2025-07-23 10:12:03,23167,23167.25,23163.75,23164,100,3.5,3,0.25,0.25,-1,,,,
MNQ SEP25,1s,1,3125,2025-07-23 10:12:04,23164,23164.5,23156.75,23159,624,7.75,5,0.5,2.25,-1,,,,
MNQ SEP25,1s,1,3126,2025-07-23 10:12:05,23159.25,23159.75,23157.75,23158.5,131,2,0.75,0.5,0.75,-1,,,,
MNQ SEP25,1s,1,3127,2025-07-23 10:12:06,23158,23159,23157.75,23158.25,87,1.25,0.25,0.75,0.25,1,,,,
MNQ SEP25,1s,1,3128,2025-07-23 10:12:07,23158.5,23159.25,23156,23158.25,257,3.25,0.25,0.75,2.25,-1,,,,
MNQ SEP25,1s,1,3129,2025-07-23 10:12:08,23158.25,23158.25,23155.25,23157.5,311,3,0.75,0,2.25,-1,,,,
MNQ SEP25,1s,1,3130,2025-07-23 10:12:09,23157.75,23158.75,23155.5,23158.75,244,3.25,1,0,2.25,1,,,,
MNQ SEP25,1s,1,3131,2025-07-23 10:12:10,23158,23161,23157,23159.75,210,4,1.75,1.25,1,1,,,,
MNQ SEP25,10s,10,5712,2025-07-23 10:12:10,23167.5,23168.25,23155.25,23159.75,2020,13,7.75,0.75,4.5,-1,-133.5,299.95,101.36666667,76.29
MNQ SEP25,1s,1,3132,2025-07-23 10:12:11,23160.5,23160.75,23159.5,23160.25,54,1.25,0.25,0.25,0.75,-1,,,,
MNQ SEP25,1s,1,3133,2025-07-23 10:12:12,23160.25,23160.25,23158.25,23159,74,2,1.25,0,0.75,-1,,,,
MNQ SEP25,1s,1,3134,2025-07-23 10:12:13,23159.5,23161,23157,23157,65,4,2.5,1.5,0,-1,,,,
MNQ SEP25,1s,1,3135,2025-07-23 10:12:14,23157,23157.75,23152.25,23155.5,329,5.5,1.5,0.75,3.25,-1,,,,
MNQ SEP25,1s,1,3136,2025-07-23 10:12:15,23155.25,23156.75,23155.25,23156.75,81,1.5,1.5,0,0,1,,,,
MNQ SEP25,1s,1,3137,2025-07-23 10:12:16,23156.75,23156.75,23154.75,23156.25,101,2,0.5,0,1.5,-1,,,,
MNQ SEP25,1s,1,3138,2025-07-23 10:12:17,23156,23156.5,23155.5,23155.75,55,1,0.25,0.5,0.25,-1,,,,
MNQ SEP25,1s,1,3139,2025-07-23 10:12:18,23155.75,23156.75,23154.5,23155,52,2.25,0.75,1,0.5,-1,,,,
MNQ SEP25,1s,1,3140,2025-07-23 10:12:19,23154.25,23154.5,23142.5,23150,1315,12,4.25,0.25,7.5,-1,,,,
MNQ SEP25,1s,1,3141,2025-07-23 10:12:20,23150,23152.25,23149,23151,495,3.25,1,1.25,1,1,,,,
MNQ SEP25,10s,10,5713,2025-07-23 10:12:20,23160.5,23161,23142.5,23151,2621,18.5,9.5,0.5,8.5,-1,270.7,404.2,234.95,159.24
MNQ SEP25,20s,20,5856,2025-07-23 10:12:20,23167.5,23168.25,23142.5,23151,4641,25.75,16.5,0.75,8.5,-1,-164.05,623.45,62.85,-100.83
MNQ SEP25,1s,1,3142,2025-07-23 10:12:21,23151,23152.75,23150.5,23152.5,271,2.25,1.5,0.25,0.5,1,,,,
MNQ SEP25,1s,1,3143,2025-07-23 10:12:22,23152.25,23154,23151.75,23153.25,203,2.25,1,0.75,0.5,1,,,,
MNQ SEP25,1s,1,3144,2025-07-23 10:12:23,23153.5,23154,23152.5,23153.25,69,1.5,0.25,0.5,0.75,-1,,,,
MNQ SEP25,1s,1,3145,2025-07-23 10:12:24,23154,23154,23151.5,23152.75,118,2.5,1.25,0,1.25,-1,,,,
MNQ SEP25,1s,1,3146,2025-07-23 10:12:25,23152.25,23153,23151,23152.5,98,2,0.25,0.5,1.25,1,,,,
MNQ SEP25,1s,1,3147,2025-07-23 10:12:26,23152.5,23153.25,23152.25,23152.25,68,1,0.25,0.75,0,-1,,,,
MNQ SEP25,1s,1,3148,2025-07-23 10:12:27,23152,23154.25,23152,23154.25,60,2.25,2.25,0,0,1,,,,
MNQ SEP25,1s,1,3149,2025-07-23 10:12:28,23154.25,23155.25,23153.75,23155.25,63,1.5,1,0,0.5,1,,,,
MNQ SEP25,1s,1,3150,2025-07-23 10:12:29,23155,23157.5,23154.75,23157.25,117,2.75,2.25,0.25,0.25,1,,,,
MNQ SEP25,1s,1,3151,2025-07-23 10:12:30,23157.25,23158.5,23156.75,23158,103,1.75,0.75,0.5,0.5,1,,,,
MNQ SEP25,10s,10,5714,2025-07-23 10:12:30,23151,23158.5,23150.5,23158,1170,8,7,0.5,0.5,1,512.7,242,315.38333333,190.06
MNQ SEP25,1s,1,3152,2025-07-23 10:12:31,23158.5,23158.5,23156,23156,120,2.5,2.5,0,0,-1,,,,
MNQ SEP25,1s,1,3153,2025-07-23 10:12:32,23155.75,23156.75,23155.25,23156.75,51,1.5,1,0,0.5,1,,,,
MNQ SEP25,1s,1,3154,2025-07-23 10:12:33,23156.5,23156.5,23155.5,23156,45,1,0.5,0,0.5,-1,,,,
MNQ SEP25,1s,1,3155,2025-07-23 10:12:34,23156,23157,23155,23156,64,2,0,1,1,0,,,,
MNQ SEP25,1s,1,3156,2025-07-23 10:12:35,23156.25,23158.5,23156.25,23157.5,76,2.25,1.25,1,0,1,,,,
MNQ SEP25,1s,1,3157,2025-07-23 10:12:36,23158,23159.25,23157.25,23159.25,81,2,1.25,0,0.75,1,,,,
MNQ SEP25,1s,1,3158,2025-07-23 10:12:37,23159.25,23159.25,23156.75,23157.5,54,2.5,1.75,0,0.75,-1,,,,
MNQ SEP25,1s,1,3159,2025-07-23 10:12:38,23157.25,23158,23156,23156.25,39,2,1,0.75,0.25,-1,,,,
MNQ SEP25,1s,1,3160,2025-07-23 10:12:39,23156.25,23157,23155.5,23156.5,37,1.5,0.25,0.5,0.75,1,,,,
MNQ SEP25,1s,1,3161,2025-07-23 10:12:40,23156.75,23158.25,23156.5,23158,33,1.75,1.25,0.25,0.25,1,,,,
MNQ SEP25,10s,10,5715,2025-07-23 10:12:40,23158.5,23159.25,23155,23158,600,4.25,0.5,0.75,3,-1,585.35,72.65,239.61666667,203.9
MNQ SEP25,20s,20,5857,2025-07-23 10:12:40,23151,23159.25,23150.5,23158,1770,8.75,7,1.25,0.5,1,33.55,197.6,173.01666667,21.6
MNQ SEP25,1s,1,3162,2025-07-23 10:12:41,23158,23159,23156.5,23158.75,101,2.5,0.75,0.25,1.5,1,,,,
MNQ SEP25,1s,1,3163,2025-07-23 10:12:42,23158.75,23159,23157.75,23158,33,1.25,0.75,0.25,0.25,-1,,,,
MNQ SEP25,1s,1,3164,2025-07-23 10:12:43,23159,23159.25,23158.25,23159.25,37,1,0.25,0,0.75,1,,,,
MNQ SEP25,1s,1,3165,2025-07-23 10:12:44,23159,23160,23158,23158.5,119,2,0.5,1,0.5,-1,,,,
MNQ SEP25,1s,1,3166,2025-07-23 10:12:45,23158.75,23160,23157.25,23157.75,54,2.75,1,1.25,0.5,-1,,,,
MNQ SEP25,1s,1,3167,2025-07-23 10:12:46,23157.75,23157.75,23156.5,23156.5,51,1.25,1.25,0,0,-1,,,,
MNQ SEP25,1s,1,3168,2025-07-23 10:12:47,23156.75,23158.5,23156,23158.25,63,2.5,1.5,0.25,0.75,1,,,,
MNQ SEP25,1s,1,3169,2025-07-23 10:12:48,23157.5,23157.5,23154.75,23155.25,47,2.75,2.25,0,0.5,-1,,,,
MNQ SEP25,1s,1,3170,2025-07-23 10:12:49,23154.75,23156,23154.75,23155.5,24,1.25,0.75,0.5,0,1,,,,
MNQ SEP25,1s,1,3171,2025-07-23 10:12:50,23155.25,23156.5,23155.25,23156.5,35,1.25,1.25,0,0,1,,,,
MNQ SEP25,10s,10,5716,2025-07-23 10:12:50,23158,23160,23154.75,23156.5,564,5.25,1.5,2,1.75,-1,682.65,97.3,137.31666667,223.22
MNQ SEP25,1s,1,3172,2025-07-23 10:12:51,23155.75,23156.75,23155.25,23155.75,57,1.5,0,1,0.5,0,,,,
MNQ SEP25,1s,1,3173,2025-07-23 10:12:52,23156.5,23157.5,23156.25,23157.5,16,1.25,1,0,0.25,1,,,,
MNQ SEP25,1s,1,3174,2025-07-23 10:12:53,23157.75,23158.25,23157,23157,58,1.25,0.75,0.5,0,-1,,,,
MNQ SEP25,1s,1,3175,2025-07-23 10:12:54,23156.75,23156.75,23155.25,23155.5,54,1.5,1.25,0,0.25,-1,,,,
MNQ SEP25,1s,1,3176,2025-07-23 10:12:55,23155.25,23155.25,23153.5,23154.75,75,1.75,0.5,0,1.25,-1,,,,
MNQ SEP25,1s,1,3177,2025-07-23 10:12:56,23155.25,23155.75,23155,23155.5,25,0.75,0.25,0.25,0.25,1,,,,
MNQ SEP25,1s,1,3178,2025-07-23 10:12:57,23155.25,23155.75,23154.25,23154.25,66,1.5,1,0.5,0,-1,,,,
MNQ SEP25,1s,1,3179,2025-07-23 10:12:58,23154.25,23154.75,23151.25,23151.25,106,3.5,3,0.5,0,-1,,,,
MNQ SEP25,1s,1,3180,2025-07-23 10:12:59,23151,23151,23149.5,23150.25,116,1.5,0.75,0,0.75,-1,,,,
MNQ SEP25,1s,1,3181,2025-07-23 10:13:00,23149.75,23151,23149.25,23151,126,1.75,1.25,0,0.5,1,,,,
MNQ SEP25,10s,10,5717,2025-07-23 10:13:00,23155.75,23158.25,23149.25,23151,699,9,4.75,2.5,1.75,-1,429.15,-253.5,-27.85,112.53
MNQ SEP25,20s,20,5858,2025-07-23 10:13:00,23158,23160,23149.25,23151,1263,10.75,7,2,1.75,-1,200.1,166.55,329.2,110.54
MNQ SEP25,1s,1,3182,2025-07-23 10:13:01,23151,23152.5,23149.75,23151.75,215,2.75,0.75,0.75,1.25,1,,,,
MNQ SEP25,1s,1,3183,2025-07-23 10:13:02,23151.25,23153,23151,23152.5,97,2,1.25,0.5,0.25,1,,,,
MNQ SEP25,1s,1,3184,2025-07-23 10:13:03,23152,23152.5,23150.25,23150.75,67,2.25,1.25,0.5,0.5,-1,,,,
MNQ SEP25,1s,1,3185,2025-07-23 10:13:04,23151,23151.5,23150.5,23151.25,35,1,0.25,0.25,0.5,1,,,,
MNQ SEP25,1s,1,3186,2025-07-23 10:13:05,23150.5,23151,23146.5,23147,200,4.5,3.5,0.5,0.5,-1,,,,
MNQ SEP25,1s,1,3187,2025-07-23 10:13:06,23147,23148.5,23146.75,23148.5,171,1.75,1.5,0,0.25,1,,,,
MNQ SEP25,1s,1,3188,2025-07-23 10:13:07,23148,23148.5,23147,23148,74,1.5,0,0.5,1,0,,,,
MNQ SEP25,1s,1,3189,2025-07-23 10:13:08,23148,23149,23147,23148.75,96,2,0.75,0.25,1,1,,,,
MNQ SEP25,1s,1,3190,2025-07-23 10:13:09,23148.75,23151.25,23148.75,23151,98,2.5,2.25,0.25,0,1,,,,
MNQ SEP25,1s,1,3191,2025-07-23 10:13:10,23151,23151,23149.5,23149.75,65,1.5,1.25,0,0.25,-1,,,,
MNQ SEP25,10s,10,5718,2025-07-23 10:13:10,23151,23153,23146.5,23149.75,1118,6.5,1.25,2,3.25,-1,104.2,-324.95,-160.38333333,-33.3
MNQ SEP25,1s,1,3192,2025-07-23 10:13:11,23149.75,23150.75,23149,23150,76,1.75,0.25,0.75,0.75,1,,,,
MNQ SEP25,1s,1,3193,2025-07-23 10:13:12,23150.25,23152,23150,23150.5,33,2,0.25,1.5,0.25,1,,,,
MNQ SEP25,1s,1,3194,2025-07-23 10:13:13,23151.5,23152.5,23149.75,23151.5,92,2.75,0,1,1.75,0,,,,
MNQ SEP25,1s,1,3195,2025-07-23 10:13:14,23151.75,23152,23149.5,23149.75,64,2.5,2,0.25,0.25,-1,,,,
MNQ SEP25,1s,1,3196,2025-07-23 10:13:15,23150,23150.75,23148.75,23149.25,47,2,0.75,0.75,0.5,-1,,,,
MNQ SEP25,1s,1,3197,2025-07-23 10:13:16,23149.5,23150.25,23149.25,23150.25,48,1,0.75,0,0.25,1,,,,
MNQ SEP25,1s,1,3198,2025-07-23 10:13:17,23150,23150,23148.75,23149.25,28,1.25,0.75,0,0.5,-1,,,,
MNQ SEP25,1s,1,3199,2025-07-23 10:13:18,23149.75,23150,23148.75,23149.5,20,1.25,0.25,0.25,0.75,-1,,,,
MNQ SEP25,1s,1,3200,2025-07-23 10:13:19,23149.25,23150.25,23149,23149.5,21,1.25,0.25,0.75,0.25,1,,,,
MNQ SEP25,1s,1,3201,2025-07-23 10:13:20,23149,23151,23149,23150.25,43,2,1.25,0.75,0,1,,,,
MNQ SEP25,10s,10,5719,2025-07-23 10:13:20,23149.75,23152.5,23148.75,23150.25,472,3.75,0.5,2.25,1,1,-23.7,-127.9,-235.45,-107.28
MNQ SEP25,20s,20,5859,2025-07-23 10:13:20,23151,23153,23146.5,23150.25,1590,6.5,0.75,2,3.75,-1,442.7,242.6,202.25,185.64
MNQ SEP25,1s,1,3202,2025-07-23 10:13:21,23150.75,23154,23150.5,23153.75,85,3.5,3,0.25,0.25,1,,,,
MNQ SEP25,1s,1,3203,2025-07-23 10:13:22,23153.75,23156,23153.25,23155,143,2.75,1.25,1,0.5,1,,,,
MNQ SEP25,1s,1,3204,2025-07-23 10:13:23,23155,23155.5,23154.25,23155.5,46,1.25,0.5,0,0.75,1,,,,
MNQ SEP25,1s,1,3205,2025-07-23 10:13:24,23155,23155.5,23152.5,23153.5,101,3,1.5,0.5,1,-1,,,,
MNQ SEP25,1s,1,3206,2025-07-23 10:13:25,23153.5,23154,23153,23153,22,1,0.5,0.5,0,-1,,,,
MNQ SEP25,1s,1,3207,2025-07-23 10:13:26,23153.25,23153.25,23152.25,23152.75,14,1,0.5,0,0.5,-1,,,,
MNQ SEP25,1s,1,3208,2025-07-23 10:13:27,23153.25,23155.5,23153.25,23155,55,2.25,1.75,0.5,0,1,,,,
MNQ SEP25,1s,1,3209,2025-07-23 10:13:28,23154.5,23156.5,23154.5,23156,60,2,1.5,0.5,0,1,,,,
MNQ SEP25,1s,1,3210,2025-07-23 10:13:29,23156,23157.25,23155.5,23156.5,44,1.75,0.5,0.75,0.5,1,,,,
MNQ SEP25,1s,1,3211,2025-07-23 10:13:30,23156.75,23156.75,23155.5,23156.5,67,1.25,0.25,0,1,-1,,,,
MNQ SEP25,10s,10,5720,2025-07-23 10:13:30,23150.75,23157.25,23150.5,23156.5,637,6.75,5.75,0.75,0.25,1,17,40.7,-137.38333333,-113.67
MNQ SEP25,1s,1,3212,2025-07-23 10:13:31,23156.5,23157,23155.25,23155.5,49,1.75,1,0.5,0.25,-1,,,,
MNQ SEP25,1s,1,3213,2025-07-23 10:13:32,23155.75,23156,23154.75,23155.5,37,1.25,0.25,0.25,0.75,-1,,,,
MNQ SEP25,1s,1,3214,2025-07-23 10:13:33,23155.75,23156,23154.75,23154.75,37,1.25,1,0.25,0,-1,,,,
MNQ SEP25,1s,1,3215,2025-07-23 10:13:34,23155,23155,23153.5,23154,44,1.5,1,0,0.5,-1,,,,
MNQ SEP25,1s,1,3216,2025-07-23 10:13:35,23154,23155.75,23154,23155.75,40,1.75,1.75,0,0,1,,,,
MNQ SEP25,1s,1,3217,2025-07-23 10:13:36,23154.75,23156.75,23154.75,23156.25,26,2,1.5,0.5,0,1,,,,
MNQ SEP25,1s,1,3218,2025-07-23 10:13:37,23155.75,23156.5,23154.75,23154.75,51,1.75,1,0.75,0,-1,,,,
MNQ SEP25,1s,1,3219,2025-07-23 10:13:38,23155,23155,23152.75,23153,32,2.25,2,0,0.25,-1,,,,
MNQ SEP25,1s,1,3220,2025-07-23 10:13:39,23152.75,23154.75,23152.5,23154,40,2.25,1.25,0.75,0.25,1,,,,
MNQ SEP25,1s,1,3221,2025-07-23 10:13:40,23154,23156.25,23154,23156.25,26,2.25,2.25,0,0,1,,,,
MNQ SEP25,10s,10,5721,2025-07-23 10:13:40,23156.5,23157,23152.5,23156.25,382,4.5,0.25,0.5,3.75,-1,9.3,-7.7,-31.63333333,-134.67
MNQ SEP25,20s,20,5860,2025-07-23 10:13:40,23150.75,23157.25,23150.5,23156.25,1019,6.75,5.5,1,0.25,1,545.2,102.5,170.55,266.54
MNQ SEP25,1s,1,3222,2025-07-23 10:13:41,23155.75,23156.75,23155.5,23156.75,31,1.25,1,0,0.25,1,,,,
MNQ SEP25,1s,1,3223,2025-07-23 10:13:42,23156.75,23157,23155.75,23156.5,40,1.25,0.25,0.25,0.75,-1,,,,
MNQ SEP25,1s,1,3224,2025-07-23 10:13:43,23156,23156.25,23155.5,23155.75,19,0.75,0.25,0.25,0.25,-1,,,,
MNQ SEP25,1s,1,3225,2025-07-23 10:13:44,23155.75,23156.75,23155.75,23156.25,19,1,0.5,0.5,0,1,,,,
MNQ SEP25,1s,1,3226,2025-07-23 10:13:45,23156.25,23157.5,23156.25,23156.75,41,1.25,0.5,0.75,0,1,,,,
MNQ SEP25,1s,1,3227,2025-07-23 10:13:46,23156.75,23156.75,23153.75,23153.75,47,3,3,0,0,-1,,,,
MNQ SEP25,1s,1,3228,2025-07-23 10:13:47,23153.5,23154.5,23153.25,23154.5,25,1.25,1,0,0.25,1,,,,
MNQ SEP25,1s,1,3229,2025-07-23 10:13:48,23154.75,23154.75,23154.5,23154.5,5,0.25,0.25,0,0,-1,,,,
MNQ SEP25,1s,1,3230,2025-07-23 10:13:49,23154.25,23154.5,23153.25,23154.5,17,1.25,0.25,0,1,1,,,,
MNQ SEP25,1s,1,3231,2025-07-23 10:13:50,23154.25,23154.25,23153.5,23153.75,9,0.75,0.5,0,0.25,-1,,,,
MNQ SEP25,10s,10,5722,2025-07-23 10:13:50,23155.75,23157.5,23153.25,23153.75,253,4.25,2,1.75,0.5,-1,-70.2,-79.5,-15.5,-99.87
MNQ SEP25,1s,1,3232,2025-07-23 10:13:51,23153.5,23154,23153,23153.75,23,1,0.25,0.25,0.5,1,,,,
MNQ SEP25,1s,1,3233,2025-07-23 10:13:52,23154.25,23154.75,23154.25,23154.75,15,0.5,0.5,0,0,1,,,,
MNQ SEP25,1s,1,3234,2025-07-23 10:13:53,23154.75,23155,23153.75,23154.5,19,1.25,0.25,0.25,0.75,-1,,,,
MNQ SEP25,1s,1,3235,2025-07-23 10:13:54,23154.5,23154.5,23153.5,23153.5,9,1,1,0,0,-1,,,,
MNQ SEP25,1s,1,3236,2025-07-23 10:13:55,23154,23154.75,23152.75,23152.75,26,2,1.25,0.75,0,-1,,,,
MNQ SEP25,1s,1,3237,2025-07-23 10:13:56,23153.5,23153.75,23152.75,23153.5,23,1,0,0.25,0.75,0,,,,
MNQ SEP25,1s,1,3238,2025-07-23 10:13:57,23153.5,23154.25,23152,23152,20,2.25,1.5,0.75,0,-1,,,,
MNQ SEP25,1s,1,3239,2025-07-23 10:13:58,23152.5,23152.5,23150.25,23150.75,97,2.25,1.75,0,0.5,-1,,,,
MNQ SEP25,1s,1,3240,2025-07-23 10:13:59,23151.25,23151.75,23149,23149.5,116,2.75,1.75,0.5,0.5,-1,,,,
MNQ SEP25,1s,1,3241,2025-07-23 10:14:00,23149.5,23150,23149,23149.25,69,1,0.25,0.5,0.25,-1,,,,
MNQ SEP25,10s,10,5723,2025-07-23 10:14:00,23153.5,23155,23149,23149.25,417,6,4.25,1.5,0.25,-1,-217.3,-147.1,-78.1,-64.3
MNQ SEP25,20s,20,5861,2025-07-23 10:14:00,23155.75,23157.5,23149,23149.25,670,8.5,6.5,1.75,0.25,-1,-211.3,-756.5,-137.13333333,-9.45
MNQ SEP25,1s,1,3242,2025-07-23 10:14:01,23148.75,23149.5,23147.75,23149.5,172,1.75,0.75,0,1,1,,,,
MNQ SEP25,1s,1,3243,2025-07-23 10:14:02,23149.25,23150.5,23149.25,23150.5,52,1.25,1.25,0,0,1,,,,
MNQ SEP25,1s,1,3244,2025-07-23 10:14:03,23150.5,23151.25,23148.25,23148.75,67,3,1.75,0.75,0.5,-1,,,,
MNQ SEP25,1s,1,3245,2025-07-23 10:14:04,23148.5,23148.75,23147,23147.75,72,1.75,0.75,0.25,0.75,-1,,,,
MNQ SEP25,1s,1,3246,2025-07-23 10:14:05,23148,23149.5,23147.75,23149,55,1.75,1,0.5,0.25,1,,,,
MNQ SEP25,1s,1,3247,2025-07-23 10:14:06,23148.5,23149,23148,23149,42,1,0.5,0,0.5,1,,,,
MNQ SEP25,1s,1,3248,2025-07-23 10:14:07,23149,23152,23149,23151.25,88,3,2.25,0.75,0,1,,,,
MNQ SEP25,1s,1,3249,2025-07-23 10:14:08,23151.25,23152.25,23150.75,23151.75,60,1.5,0.5,0.5,0.5,1,,,,
MNQ SEP25,1s,1,3250,2025-07-23 10:14:09,23151.75,23152.25,23150.75,23150.75,57,1.5,1,0.5,0,-1,,,,
MNQ SEP25,1s,1,3251,2025-07-23 10:14:10,23151,23151.75,23150.25,23150.75,31,1.5,0.25,0.75,0.5,-1,,,,
MNQ SEP25,10s,10,5724,2025-07-23 10:14:10,23148.75,23152.25,23147,23150.75,696,5.25,2,1.5,1.75,1,-193.4,23.9,-67.56666667,-33.94
MNQ SEP25,1s,1,3252,2025-07-23 10:14:11,23150.75,23152.5,23150.75,23152.25,38,1.75,1.5,0.25,0,1,,,,
MNQ SEP25,1s,1,3253,2025-07-23 10:14:12,23152.25,23153.75,23151.75,23152,71,2,0.25,1.5,0.25,-1,,,,
MNQ SEP25,1s,1,3254,2025-07-23 10:14:13,23152,23152.25,23150,23150.5,51,2.25,1.5,0.25,0.5,-1,,,,
MNQ SEP25,1s,1,3255,2025-07-23 10:14:14,23150,23151.75,23149.5,23151.5,57,2.25,1.5,0.25,0.5,1,,,,
MNQ SEP25,1s,1,3256,2025-07-23 10:14:15,23151,23152.5,23151,23151.75,11,1.5,0.75,0.75,0,1,,,,
MNQ SEP25,1s,1,3257,2025-07-23 10:14:16,23152.25,23152.75,23151.75,23152,23,1,0.25,0.5,0.25,-1,,,,
MNQ SEP25,1s,1,3258,2025-07-23 10:14:17,23151.5,23152,23150.75,23151,23,1.25,0.5,0.5,0.25,-1,,,,
MNQ SEP25,1s,1,3259,2025-07-23 10:14:18,23150.5,23151.25,23150.25,23151.25,19,1,0.75,0,0.25,1,,,,
MNQ SEP25,1s,1,3260,2025-07-23 10:14:19,23150.75,23153,23150.5,23153,23,2.5,2.25,0,0.25,1,,,,
MNQ SEP25,1s,1,3261,2025-07-23 10:14:20,23152.75,23153.5,23151.5,23153.5,37,2,0.75,0,1.25,1,,,,
MNQ SEP25,10s,10,5725,2025-07-23 10:14:20,23150.75,23153.75,23149.5,23153.5,353,4.25,2.75,0.25,1.25,1,-254,-60.6,-61.26666667,-54.2
MNQ SEP25,20s,20,5862,2025-07-23 10:14:20,23148.75,23153.75,23147,23153.5,1049,6.75,4.75,0.25,1.75,1,-369.1,-157.8,-270.6,-80.53
MNQ SEP25,1s,1,3262,2025-07-23 10:14:21,23153.5,23154.25,23152.5,23153,34,1.75,0.5,0.75,0.5,-1,,,,
MNQ SEP25,1s,1,3263,2025-07-23 10:14:22,23153.25,23153.75,23153,23153.75,30,0.75,0.5,0,0.25,1,,,,
MNQ SEP25,1s,1,3264,2025-07-23 10:14:23,23153.75,23153.75,23153,23153.75,43,0.75,0,0,0.75,0,,,,
MNQ SEP25,1s,1,3265,2025-07-23 10:14:24,23153,23153.5,23152.75,23153.5,11,0.75,0.5,0,0.25,1,,,,
MNQ SEP25,1s,1,3266,2025-07-23 10:14:25,23153.5,23153.5,23152.25,23153.5,19,1.25,0,0,1.25,0,,,,
MNQ SEP25,1s,1,3267,2025-07-23 10:14:26,23153.5,23153.75,23153,23153.5,35,0.75,0,0.25,0.5,0,,,,
MNQ SEP25,1s,1,3268,2025-07-23 10:14:27,23153.5,23154.5,23152.75,23154.5,38,1.75,1,0,0.75,1,,,,
MNQ SEP25,1s,1,3269,2025-07-23 10:14:28,23154,23154.5,23152.5,23154.25,38,2,0.25,0.25,1.5,1,,,,
MNQ SEP25,1s,1,3270,2025-07-23 10:14:29,23154.5,23154.5,23153.75,23154,26,0.75,0.5,0,0.25,-1,,,,
MNQ SEP25,1s,1,3271,2025-07-23 10:14:30,23154,23154.5,23153.75,23154.5,11,0.75,0.5,0,0.25,1,,,,
MNQ SEP25,10s,10,5726,2025-07-23 10:14:30,23153.5,23154.5,23152.25,23154.5,285,2.25,1,0,1.25,1,-269.4,-15.4,-17.36666667,-55.74
MNQ SEP25,1s,1,3272,2025-07-23 10:14:31,23154.25,23154.5,23152.75,23153,48,1.75,1.25,0.25,0.25,-1,,,,
MNQ SEP25,1s,1,3273,2025-07-23 10:14:32,23153,23153.25,23152.5,23152.75,39,0.75,0.25,0.25,0.25,-1,,,,
MNQ SEP25,1s,1,3274,2025-07-23 10:14:33,23153,23153,23152.25,23152.25,20,0.75,0.75,0,0,-1,,,,
MNQ SEP25,1s,1,3275,2025-07-23 10:14:34,23152.5,23152.75,23150.75,23152.75,39,2,0.25,0,1.75,1,,,,
MNQ SEP25,1s,1,3276,2025-07-23 10:14:35,23152.75,23153,23152,23152.75,16,1,0,0.25,0.75,0,,,,
MNQ SEP25,1s,1,3277,2025-07-23 10:14:36,23153,23155,23153,23155,43,2,2,0,0,1,,,,
MNQ SEP25,1s,1,3278,2025-07-23 10:14:37,23154.25,23155.75,23154.25,23155.5,33,1.5,1.25,0.25,0,1,,,,
MNQ SEP25,1s,1,3279,2025-07-23 10:14:38,23155.5,23156,23155.5,23156,43,0.5,0.5,0,0,1,,,,
MNQ SEP25,1s,1,3280,2025-07-23 10:14:39,23155.75,23156.25,23155.5,23156,15,0.75,0.25,0.25,0.25,1,,,,
MNQ SEP25,1s,1,3281,2025-07-23 10:14:40,23155.5,23156,23155,23155.5,27,1,0,0.5,0.5,0,,,,
MNQ SEP25,10s,10,5727,2025-07-23 10:14:40,23154.25,23156.25,23150.75,23155.5,323,5.5,1.25,0.75,3.5,1,-257.1,12.3,-21.23333333,-37.38
MNQ SEP25,20s,20,5863,2025-07-23 10:14:40,23153.5,23156.25,23150.75,23155.5,608,5.5,2,0.75,2.75,1,-497.25,-128.15,-347.48333333,-139.47
MNQ SEP25,1s,1,3282,2025-07-23 10:14:41,23155,23155.75,23154.25,23155.5,14,1.5,0.5,0.25,0.75,1,,,,
MNQ SEP25,1s,1,3283,2025-07-23 10:14:42,23156,23156,23155.5,23155.75,17,0.5,0.25,0,0.25,-1,,,,
MNQ SEP25,1s,1,3284,2025-07-23 10:14:43,23155.5,23156.25,23155,23155.75,26,1.25,0.25,0.5,0.5,1,,,,
MNQ SEP25,1s,1,3285,2025-07-23 10:14:44,23155.75,23156,23155,23155.5,20,1,0.25,0.25,0.5,-1,,,,
MNQ SEP25,1s,1,3286,2025-07-23 10:14:45,23155.5,23155.5,23152.5,23152.5,50,3,3,0,0,-1,,,,
MNQ SEP25,1s,1,3287,2025-07-23 10:14:46,23152.75,23153.75,23152.5,23153.75,29,1.25,1,0,0.25,1,,,,
MNQ SEP25,1s,1,3288,2025-07-23 10:14:47,23153.75,23154.25,23153.25,23154,14,1,0.25,0.25,0.5,1,,,,
MNQ SEP25,1s,1,3289,2025-07-23 10:14:48,23153.75,23154.25,23152.75,23152.75,19,1.5,1,0.5,0,-1,,,,
MNQ SEP25,1s,1,3290,2025-07-23 10:14:49,23153.25,23154,23153,23154,32,1,0.75,0,0.25,1,,,,
MNQ SEP25,1s,1,3291,2025-07-23 10:14:50,23153.75,23154,23152.25,23152.5,28,1.75,1.25,0.25,0.25,-1,,,,
MNQ SEP25,10s,10,5728,2025-07-23 10:14:50,23155,23156.25,23152.25,23152.5,249,4,2.5,1.25,0.25,-1,-293.8,-36.7,-13.26666667,-15.3
MNQ SEP25,1s,1,3292,2025-07-23 10:14:51,23153.5,23153.75,23153.25,23153.25,21,0.5,0.25,0.25,0,-1,,,,
MNQ SEP25,1s,1,3293,2025-07-23 10:14:52,23153.5,23153.5,23153.25,23153.25,6,0.25,0.25,0,0,-1,,,,
MNQ SEP25,1s,1,3294,2025-07-23 10:14:53,23153.75,23154.25,23153.5,23153.5,14,0.75,0.25,0.5,0,-1,,,,
MNQ SEP25,1s,1,3295,2025-07-23 10:14:54,23153.75,23153.75,23152.5,23152.5,5,1.25,1.25,0,0,-1,,,,
MNQ SEP25,1s,1,3296,2025-07-23 10:14:55,23152.5,23153.75,23152.25,23153.5,22,1.5,1,0.25,0.25,1,,,,
MNQ SEP25,1s,1,3297,2025-07-23 10:14:56,23154,23154.5,23152.5,23152.5,48,2,1.5,0.5,0,-1,,,,
MNQ SEP25,1s,1,3298,2025-07-23 10:14:57,23152.25,23153.5,23152,23153.5,22,1.5,1.25,0,0.25,1,,,,
MNQ SEP25,1s,1,3299,2025-07-23 10:14:58,23153.75,23153.75,23151.75,23152.75,15,2,1,0,1,-1,,,,
MNQ SEP25,1s,1,3300,2025-07-23 10:14:59,23152.5,23152.75,23149.25,23150.5,164,3.5,2,0.25,1.25,-1,,,,
MNQ SEP25,1s,1,3301,2025-07-23 10:15:00,23150.5,23151,23150.25,23151,52,0.75,0.5,0,0.25,1,,,,
MNQ SEP25,10s,10,5729,2025-07-23 10:15:00,23153.5,23154.5,23149.25,23151,369,5.25,2.5,1,1.75,-1,-368.45,-74.65,-33.01666667,-35.01
MNQ SEP25,20s,20,5864,2025-07-23 10:15:00,23155,23156.25,23149.25,23151,618,7,4,1.25,1.75,-1,-589.45,-92.2,-126.05,-206.43
MNQ SEP25,1s,1,3302,2025-07-23 10:15:01,23150.25,23151.75,23150.25,23151.25,97,1.5,1,0.5,0,1,,,,
MNQ SEP25,1s,1,3303,2025-07-23 10:15:02,23150.75,23151.75,23150.25,23150.25,82,1.5,0.5,1,0,-1,,,,
MNQ SEP25,1s,1,3304,2025-07-23 10:15:03,23150.25,23152.5,23149.25,23149.25,68,3.25,1,2.25,0,-1,,,,
MNQ SEP25,1s,1,3305,2025-07-23 10:15:04,23149,23151.5,23148.75,23151,50,2.75,2,0.5,0.25,1,,,,
MNQ SEP25,1s,1,3306,2025-07-23 10:15:05,23151.25,23151.75,23150.5,23151.75,36,1.25,0.5,0,0.75,1,,,,
MNQ SEP25,1s,1,3307,2025-07-23 10:15:06,23152.25,23154,23152.25,23153.5,31,1.75,1.25,0.5,0,1,,,,
MNQ SEP25,1s,1,3308,2025-07-23 10:15:07,23153.75,23157,23153.25,23156.25,108,3.75,2.5,0.75,0.5,1,,,,
MNQ SEP25,1s,1,3309,2025-07-23 10:15:08,23155.75,23157.75,23155.75,23157.25,102,2,1.5,0.5,0,1,,,,
MNQ SEP25,1s,1,3310,2025-07-23 10:15:09,23157.5,23158.5,23156.75,23158.5,162,1.75,1,0,0.75,1,,,,
MNQ SEP25,1s,1,3311,2025-07-23 10:15:10,23158.5,23159.25,23158,23159,98,1.25,0.5,0.25,0.5,1,,,,
MNQ SEP25,10s,10,5730,2025-07-23 10:15:10,23150.25,23159.25,23148.75,23159,834,10.5,8.75,0.25,1.5,1,-302.2,66.25,-15.03333333,-9.64
MNQ SEP25,1s,1,3312,2025-07-23 10:15:11,23159.25,23159.5,23158.25,23159,92,1.25,0.25,0.25,0.75,-1,,,,
MNQ SEP25,1s,1,3313,2025-07-23 10:15:12,23159.25,23160,23158.5,23160,153,1.5,0.75,0,0.75,1,,,,
MNQ SEP25,1s,1,3314,2025-07-23 10:15:13,23159.5,23161.5,23159.5,23161.5,131,2,2,0,0,1,,,,
MNQ SEP25,1s,1,3315,2025-07-23 10:15:14,23161.25,23163,23160.75,23162.25,196,2.25,1,0.75,0.5,1,,,,
MNQ SEP25,1s,1,3316,2025-07-23 10:15:15,23162.75,23163,23161.75,23162,110,1.25,0.75,0.25,0.25,-1,,,,
MNQ SEP25,1s,1,3317,2025-07-23 10:15:16,23162.25,23163,23162,23162.5,78,1,0.25,0.5,0.25,1,,,,
MNQ SEP25,1s,1,3318,2025-07-23 10:15:17,23162.5,23163.25,23162,23162.75,81,1.25,0.25,0.5,0.5,1,,,,
MNQ SEP25,1s,1,3319,2025-07-23 10:15:18,23162.25,23164.25,23162.25,23163.5,152,2,1.25,0.75,0,1,,,,
MNQ SEP25,1s,1,3320,2025-07-23 10:15:19,23163.75,23166.5,23163.5,23166.5,193,3,2.75,0,0.25,1,,,,
MNQ SEP25,1s,1,3321,2025-07-23 10:15:20,23166.5,23166.75,23165.5,23166,135,1.25,0.5,0.25,0.5,-1,,,,
MNQ SEP25,10s,10,5731,2025-07-23 10:15:20,23159.25,23166.75,23158.25,23166,1321,8.5,6.75,0.75,1,1,-149.95,152.25,47.95,23.89
MNQ SEP25,20s,20,5865,2025-07-23 10:15:20,23150.25,23166.75,23148.75,23166,2155,18,15.75,0.75,1.5,1,-406,183.45,-12.3,-190.24
MNQ SEP25,1s,1,3322,2025-07-23 10:15:21,23166.25,23168,23165.75,23166.5,188,2.25,0.25,1.5,0.5,1,,,,
MNQ SEP25,1s,1,3323,2025-07-23 10:15:22,23166.5,23167.5,23165.75,23166.5,91,1.75,0,1,0.75,0,,,,
MNQ SEP25,1s,1,3324,2025-07-23 10:15:23,23166.5,23166.75,23165.5,23165.5,69,1.25,1,0.25,0,-1,,,,
MNQ SEP25,1s,1,3325,2025-07-23 10:15:24,23165.75,23166.5,23165,23165.5,81,1.5,0.25,0.75,0.5,-1,,,,
MNQ SEP25,1s,1,3326,2025-07-23 10:15:25,23165.5,23166.75,23164.5,23164.5,76,2.25,1,1.25,0,-1,,,,
MNQ SEP25,1s,1,3327,2025-07-23 10:15:26,23165,23165.75,23164.25,23165.25,55,1.5,0.25,0.5,0.75,1,,,,
MNQ SEP25,1s,1,3328,2025-07-23 10:15:27,23164.5,23164.5,23162.75,23163.25,74,1.75,1.25,0,0.5,-1,,,,
MNQ SEP25,1s,1,3329,2025-07-23 10:15:28,23163.75,23164.25,23162.25,23162.75,75,2,1,0.5,0.5,-1,,,,
MNQ SEP25,1s,1,3330,2025-07-23 10:15:29,23163.25,23164,23162.5,23162.5,63,1.5,0.75,0.75,0,-1,,,,
MNQ SEP25,1s,1,3331,2025-07-23 10:15:30,23162.75,23163,23161.75,23162.25,80,1.25,0.5,0.25,0.5,-1,,,,
MNQ SEP25,10s,10,5732,2025-07-23 10:15:30,23166.25,23168,23161.75,23162.25,852,6.25,4,1.75,0.5,-1,14.25,164.2,127.56666667,54.27
MNQ SEP25,1s,1,3332,2025-07-23 10:15:31,23162,23164,23161.75,23163.25,59,2.25,1.25,0.75,0.25,1,,,,
MNQ SEP25,1s,1,3333,2025-07-23 10:15:32,23163.25,23164,23163,23163,32,1,0.25,0.75,0,-1,,,,
MNQ SEP25,1s,1,3334,2025-07-23 10:15:33,23163,23163.75,23162.5,23163.5,44,1.25,0.5,0.25,0.5,1,,,,
MNQ SEP25,1s,1,3335,2025-07-23 10:15:34,23163.5,23164,23161.75,23161.75,38,2.25,1.75,0.5,0,-1,,,,
MNQ SEP25,1s,1,3336,2025-07-23 10:15:35,23161.5,23162.5,23160.5,23162,49,2,0.5,0.5,1,1,,,,
MNQ SEP25,1s,1,3337,2025-07-23 10:15:36,23162,23162,23160.5,23162,50,1.5,0,0,1.5,0,,,,
MNQ SEP25,1s,1,3338,2025-07-23 10:15:37,23162,23164.5,23161.75,23164.5,59,2.75,2.5,0,0.25,1,,,,
MNQ SEP25,1s,1,3339,2025-07-23 10:15:38,23164,23166.5,23164,23166.5,76,2.5,2.5,0,0,1,,,,
MNQ SEP25,1s,1,3340,2025-07-23 10:15:39,23166.25,23168,23166.25,23167.5,65,1.75,1.25,0.5,0,1,,,,
MNQ SEP25,1s,1,3341,2025-07-23 10:15:40,23168,23168,23167.5,23168,25,0.5,0,0,0.5,0,,,,
MNQ SEP25,10s,10,5733,2025-07-23 10:15:40,23162,23168,23160.5,23168,497,7.5,6,0,1.5,1,170.05,155.8,157.41666667,92.77
MNQ SEP25,20s,20,5866,2025-07-23 10:15:40,23166.25,23168,23160.5,23168,1349,7.5,1.75,0,5.75,1,-234.45,171.55,87.6,-4.63
MNQ SEP25,1s,1,3342,2025-07-23 10:15:41,23168,23168.25,23167.25,23168.25,85,1,0.25,0,0.75,1,,,,
MNQ SEP25,1s,1,3343,2025-07-23 10:15:42,23167.75,23168.25,23167,23167,65,1.25,0.75,0.5,0,-1,,,,
MNQ SEP25,1s,1,3344,2025-07-23 10:15:43,23167.5,23167.75,23166.5,23167.5,97,1.25,0,0.25,1,0,,,,
MNQ SEP25,1s,1,3345,2025-07-23 10:15:44,23167.25,23168,23167,23167,52,1,0.25,0.75,0,-1,,,,
MNQ SEP25,1s,1,3346,2025-07-23 10:15:45,23166.75,23167.75,23166.75,23167.25,44,1,0.5,0.5,0,1,,,,
MNQ SEP25,1s,1,3347,2025-07-23 10:15:46,23167.75,23171.5,23167,23170.25,281,4.5,2.5,1.25,0.75,1,,,,
MNQ SEP25,1s,1,3348,2025-07-23 10:15:47,23170,23173.25,23170,23172.25,292,3.25,2.25,1,0,1,,,,
MNQ SEP25,1s,1,3349,2025-07-23 10:15:48,23172,23172.25,23170.5,23171.25,176,1.75,0.75,0.25,0.75,-1,,,,
MNQ SEP25,1s,1,3350,2025-07-23 10:15:49,23171.5,23171.75,23170.75,23171.25,70,1,0.25,0.25,0.5,-1,,,,
MNQ SEP25,1s,1,3351,2025-07-23 10:15:50,23171,23171.25,23169.25,23170,132,2,1,0.25,0.75,-1,,,,
MNQ SEP25,10s,10,5734,2025-07-23 10:15:50,23168,23173.25,23166.5,23170,1294,6.75,2,3.25,1.5,1,348.85,178.8,166.26666667,143.46
MNQ SEP25,1s,1,3352,2025-07-23 10:15:51,23169.25,23171.25,23169,23169.75,89,2.25,0.5,1.5,0.25,1,,,,
MNQ SEP25,1s,1,3353,2025-07-23 10:15:52,23170.25,23170.5,23169,23169.5,51,1.5,0.75,0.25,0.5,-1,,,,
MNQ SEP25,1s,1,3354,2025-07-23 10:15:53,23169.5,23170,23169.25,23169.25,24,0.75,0.25,0.5,0,-1,,,,
MNQ SEP25,1s,1,3355,2025-07-23 10:15:54,23169.75,23170.5,23169.25,23169.25,31,1.25,0.5,0.75,0,-1,,,,
MNQ SEP25,1s,1,3356,2025-07-23 10:15:55,23169.5,23170.25,23169.25,23169.75,29,1,0.25,0.5,0.25,1,,,,
MNQ SEP25,1s,1,3357,2025-07-23 10:15:56,23170,23170,23169.25,23169.75,30,0.75,0.25,0,0.5,-1,,,,
MNQ SEP25,1s,1,3358,2025-07-23 10:15:57,23170.25,23170.75,23169.5,23170.25,56,1.25,0,0.5,0.75,0,,,,
MNQ SEP25,1s,1,3359,2025-07-23 10:15:58,23170.25,23170.5,23169.75,23170.25,32,0.75,0,0.25,0.5,0,,,,
MNQ SEP25,1s,1,3360,2025-07-23 10:15:59,23170.25,23171,23169.75,23171,103,1.25,0.75,0,0.5,1,,,,
MNQ SEP25,1s,1,3361,2025-07-23 10:16:00,23170.25,23176.5,23170.25,23174.5,331,6.25,4.25,2,0,1,,,,
MNQ SEP25,10s,10,5735,2025-07-23 10:16:00,23169.25,23176.5,23169,23174.5,776,7.5,5.25,2,0.25,1,328.45,-20.4,104.73333333,126.13
MNQ SEP25,20s,20,5867,2025-07-23 10:16:00,23168,23176.5,23166.5,23174.5,2070,10,6.5,2,1.5,1,-0.8,233.65,196.21666667,73.66
MNQ SEP25,1s,1,3362,2025-07-23 10:16:01,23174.25,23176,23173,23176,152,3,1.75,0,1.25,1,,,,
MNQ SEP25,1s,1,3363,2025-07-23 10:16:02,23175.75,23178,23175.75,23176.75,321,2.25,1,1.25,0,1,,,,
MNQ SEP25,1s,1,3364,2025-07-23 10:16:03,23177,23177.5,23175.75,23176,220,1.75,1,0.5,0.25,-1,,,,
MNQ SEP25,1s,1,3365,2025-07-23 10:16:04,23176,23176.75,23175,23176.25,129,1.75,0.25,0.5,1,1,,,,
MNQ SEP25,1s,1,3366,2025-07-23 10:16:05,23176.75,23176.75,23174.25,23176,152,2.5,0.75,0,1.75,-1,,,,
MNQ SEP25,1s,1,3367,2025-07-23 10:16:06,23176.25,23176.5,23175.25,23176.25,78,1.25,0,0.25,1,0,,,,
MNQ SEP25,1s,1,3368,2025-07-23 10:16:07,23176.25,23178,23175.5,23177.5,81,2.5,1.25,0.5,0.75,1,,,,
MNQ SEP25,1s,1,3369,2025-07-23 10:16:08,23177.5,23177.75,23175.5,23177.5,115,2.25,0,0.25,2,0,,,,
MNQ SEP25,1s,1,3370,2025-07-23 10:16:09,23177,23177.5,23175.75,23176.5,124,1.75,0.5,0.5,0.75,-1,,,,
MNQ SEP25,1s,1,3371,2025-07-23 10:16:10,23176.25,23176.75,23175.25,23176.25,84,1.5,0,0.5,1,0,,,,
MNQ SEP25,10s,10,5736,2025-07-23 10:16:10,23174.25,23178,23173,23176.25,1456,5,2,1.75,1.25,1,310.85,-17.6,46.93333333,92.16
MNQ SEP25,1s,1,3372,2025-07-23 10:16:11,23176,23176,23174.5,23175.25,67,1.5,0.75,0,0.75,-1,,,,
MNQ SEP25,1s,1,3373,2025-07-23 10:16:12,23175,23176.5,23174.25,23174.75,70,2.25,0.25,1.5,0.5,-1,,,,
MNQ SEP25,1s,1,3374,2025-07-23 10:16:13,23174.75,23175.25,23172.75,23173.25,103,2.5,1.5,0.5,0.5,-1,,,,
MNQ SEP25,1s,1,3375,2025-07-23 10:16:14,23173.25,23174.25,23173,23173.75,72,1.25,0.5,0.5,0.25,1,,,,
MNQ SEP25,1s,1,3376,2025-07-23 10:16:15,23173.25,23173.25,23171,23172.75,122,2.25,0.5,0,1.75,-1,,,,
MNQ SEP25,1s,1,3377,2025-07-23 10:16:16,23172.75,23173.25,23172,23173.25,75,1.25,0.5,0,0.75,1,,,,
MNQ SEP25,1s,1,3378,2025-07-23 10:16:17,23172.75,23173.5,23172.5,23172.75,39,1,0,0.75,0.25,0,,,,
MNQ SEP25,1s,1,3379,2025-07-23 10:16:18,23173,23173,23171.75,23172.5,31,1.25,0.5,0,0.75,-1,,,,
MNQ SEP25,1s,1,3380,2025-07-23 10:16:19,23172.25,23172.75,23171.5,23172.25,43,1.25,0,0.5,0.75,0,,,,
MNQ SEP25,1s,1,3381,2025-07-23 10:16:20,23172.75,23174.25,23172.25,23174.25,62,2,1.5,0,0.5,1,,,,
MNQ SEP25,10s,10,5737,2025-07-23 10:16:20,23176,23176.5,23171,23174.25,684,5.5,1.75,0.5,3.25,-1,278,-32.85,-23.61666667,52.75
MNQ SEP25,20s,20,5868,2025-07-23 10:16:20,23174.25,23178,23171,23174.25,2140,7,0,3.75,3.25,0,301.35,302.15,235.78333333,159.72
MNQ SEP25,1s,1,3382,2025-07-23 10:16:21,23174.25,23176,23174.25,23175.75,67,1.75,1.5,0.25,0,1,,,,
MNQ SEP25,1s,1,3383,2025-07-23 10:16:22,23175.75,23176.25,23175.5,23175.75,31,0.75,0,0.5,0.25,0,,,,
MNQ SEP25,1s,1,3384,2025-07-23 10:16:23,23176.25,23176.25,23174.5,23175.75,74,1.75,0.5,0,1.25,-1,,,,
MNQ SEP25,1s,1,3385,2025-07-23 10:16:24,23175.5,23176,23174.25,23174.75,60,1.75,0.75,0.5,0.5,-1,,,,
MNQ SEP25,1s,1,3386,2025-07-23 10:16:25,23174.75,23175.25,23174,23174.5,29,1.25,0.25,0.5,0.5,-1,,,,
MNQ SEP25,1s,1,3387,2025-07-23 10:16:26,23175.25,23175.25,23174,23174.25,49,1.25,1,0,0.25,-1,,,,
MNQ SEP25,1s,1,3388,2025-07-23 10:16:27,23173.5,23174,23172,23172,35,2,1.5,0.5,0,-1,,,,
MNQ SEP25,1s,1,3389,2025-07-23 10:16:28,23172.25,23173.25,23172,23173.25,48,1.25,1,0,0.25,1,,,,
MNQ SEP25,1s,1,3390,2025-07-23 10:16:29,23173.5,23174.5,23173,23174.5,37,1.5,1,0,0.5,1,,,,
MNQ SEP25,1s,1,3391,2025-07-23 10:16:30,23174,23175.25,23173.75,23174.5,52,1.5,0.5,0.75,0.25,1,,,,
MNQ SEP25,10s,10,5738,2025-07-23 10:16:30,23174.25,23176.25,23172,23174.5,482,4.25,0.25,1.75,2.25,1,306.8,28.8,-7.21666667,27.35
MNQ SEP25,1s,1,3392,2025-07-23 10:16:31,23175,23175,23174,23174.75,18,1,0.25,0,0.75,-1,,,,
MNQ SEP25,1s,1,3393,2025-07-23 10:16:32,23175,23175.25,23174.75,23174.75,20,0.5,0.25,0.25,0,-1,,,,
MNQ SEP25,1s,1,3394,2025-07-23 10:16:33,23174.75,23176,23174.25,23175.75,70,1.75,1,0.25,0.5,1,,,,
MNQ SEP25,1s,1,3395,2025-07-23 10:16:34,23175.25,23176.5,23175.25,23176.5,22,1.25,1.25,0,0,1,,,,
MNQ SEP25,1s,1,3396,2025-07-23 10:16:35,23176.25,23177.75,23176.25,23177,125,1.5,0.75,0.75,0,1,,,,
MNQ SEP25,1s,1,3397,2025-07-23 10:16:36,23177,23177.75,23176.25,23177,90,1.5,0,0.75,0.75,0,,,,
MNQ SEP25,1s,1,3398,2025-07-23 10:16:37,23176.75,23176.75,23175.75,23176.5,70,1,0.25,0,0.75,-1,,,,
MNQ SEP25,1s,1,3399,2025-07-23 10:16:38,23176.75,23177,23176,23177,73,1,0.25,0,0.75,1,,,,
MNQ SEP25,1s,1,3400,2025-07-23 10:16:39,23177,23177.75,23176.75,23177.75,17,1,0.75,0,0.25,1,,,,
MNQ SEP25,1s,1,3401,2025-07-23 10:16:40,23178,23179,23177.5,23178.75,104,1.5,0.75,0.25,0.5,1,,,,
MNQ SEP25,10s,10,5739,2025-07-23 10:16:40,23175,23179,23174,23178.75,609,5,3.75,0.25,1,1,162.95,-143.85,-49.3,-37.18
MNQ SEP25,20s,20,5869,2025-07-23 10:16:40,23174.25,23179,23172,23178.75,1091,7,4.5,0.25,2.25,1,408.25,106.9,214.23333333,199.54
MNQ SEP25,1s,1,3402,2025-07-23 10:16:41,23178.25,23179.5,23178.25,23178.75,62,1.25,0.5,0.75,0,1,,,,
MNQ SEP25,1s,1,3403,2025-07-23 10:16:42,23178.75,23178.75,23178,23178.5,63,0.75,0.25,0,0.5,-1,,,,
MNQ SEP25,1s,1,3404,2025-07-23 10:16:43,23178.5,23179.5,23178.25,23179.5,43,1.25,1,0,0.25,1,,,,
MNQ SEP25,1s,1,3405,2025-07-23 10:16:44,23179.25,23179.75,23179,23179.5,49,0.75,0.25,0.25,0.25,1,,,,
MNQ SEP25,1s,1,3406,2025-07-23 10:16:45,23179.5,23181.75,23179.25,23181.25,211,2.5,1.75,0.5,0.25,1,,,,
MNQ SEP25,1s,1,3407,2025-07-23 10:16:46,23181.25,23182.75,23181.25,23182.25,192,1.5,1,0.5,0,1,,,,
MNQ SEP25,1s,1,3408,2025-07-23 10:16:47,23182.25,23183.5,23181.5,23183,118,2,0.75,0.5,0.75,1,,,,
MNQ SEP25,1s,1,3409,2025-07-23 10:16:48,23182.5,23187.5,23182.25,23182.5,573,5.25,0,5,0.25,0,,,,
MNQ SEP25,1s,1,3410,2025-07-23 10:16:49,23183,23184,23182.25,23184,87,1.75,1,0,0.75,1,,,,
MNQ SEP25,1s,1,3411,2025-07-23 10:16:50,23183.5,23184.25,23182.75,23183.25,131,1.5,0.25,0.75,0.5,-1,,,,
MNQ SEP25,10s,10,5740,2025-07-23 10:16:50,23178.25,23187.5,23178,23183.25,1529,9.5,5,4.25,0.25,1,268.95,106,-3.01666667,-11.9
MNQ SEP25,1s,1,3412,2025-07-23 10:16:51,23183.5,23184.25,23183,23183.5,92,1.25,0,0.75,0.5,0,,,,
MNQ SEP25,1s,1,3413,2025-07-23 10:16:52,23184,23185,23182.75,23183.75,118,2.25,0.25,1,1,-1,,,,
MNQ SEP25,1s,1,3414,2025-07-23 10:16:53,23184.25,23184.25,23182.75,23183.75,76,1.5,0.5,0,1,-1,,,,
MNQ SEP25,1s,1,3415,2025-07-23 10:16:54,23183.75,23184.5,23183,23183.75,84,1.5,0,0.75,0.75,0,,,,
MNQ SEP25,1s,1,3416,2025-07-23 10:16:55,23184.5,23184.5,23183.75,23184.25,40,0.75,0.25,0,0.5,-1,,,,
MNQ SEP25,1s,1,3417,2025-07-23 10:16:56,23184,23184.5,23182.5,23182.5,103,2,1.5,0.5,0,-1,,,,
MNQ SEP25,1s,1,3418,2025-07-23 10:16:57,23182.5,23182.75,23182,23182.25,69,0.75,0.25,0.25,0.25,-1,,,,
MNQ SEP25,1s,1,3419,2025-07-23 10:16:58,23182.5,23183,23182,23182.5,62,1,0,0.5,0.5,0,,,,
MNQ SEP25,1s,1,3420,2025-07-23 10:16:59,23182.5,23183.75,23182,23183,54,1.75,0.5,0.75,0.5,1,,,,
MNQ SEP25,1s,1,3421,2025-07-23 10:17:00,23182.75,23183.5,23182,23182,48,1.5,0.75,0.75,0,-1,,,,
MNQ SEP25,10s,10,5741,2025-07-23 10:17:00,23183.5,23185,23182,23182,746,3,1.5,1.5,0,-1,108.75,-160.2,-66.01666667,-40.42
MNQ SEP25,20s,20,5870,2025-07-23 10:17:00,23178.25,23187.5,23178,23182,2275,9.5,3.75,5.5,0.25,1,431.45,23.2,144.08333333,167.49
MNQ SEP25,1s,1,3422,2025-07-23 10:17:01,23182.25,23183,23181.25,23183,108,1.75,0.75,0,1,1,,,,
MNQ SEP25,1s,1,3423,2025-07-23 10:17:02,23182.75,23183.25,23182,23183.25,88,1.25,0.5,0,0.75,1,,,,
MNQ SEP25,1s,1,3424,2025-07-23 10:17:03,23182.5,23183.5,23182,23183.25,40,1.5,0.75,0.25,0.5,1,,,,
MNQ SEP25,1s,1,3425,2025-07-23 10:17:04,23183,23184.75,23183,23184.75,60,1.75,1.75,0,0,1,,,,
MNQ SEP25,1s,1,3426,2025-07-23 10:17:05,23184.5,23185,23184,23185,49,1,0.5,0,0.5,1,,,,
MNQ SEP25,1s,1,3427,2025-07-23 10:17:06,23185,23185.75,23184.25,23184.75,105,1.5,0.25,0.75,0.5,-1,,,,
MNQ SEP25,1s,1,3428,2025-07-23 10:17:07,23184.75,23185.25,23184,23184.75,56,1.25,0,0.5,0.75,0,,,,
MNQ SEP25,1s,1,3429,2025-07-23 10:17:08,23184.25,23184.75,23184,23184.5,37,0.75,0.25,0.25,0.25,1,,,,
MNQ SEP25,1s,1,3430,2025-07-23 10:17:09,23184.5,23185.25,23184,23185,57,1.25,0.5,0.25,0.5,1,,,,
MNQ SEP25,1s,1,3431,2025-07-23 10:17:10,23184.5,23185.5,23184.25,23184.25,50,1.25,0.25,1,0,-1,,,,
MNQ SEP25,10s,10,5742,2025-07-23 10:17:10,23182.25,23185.75,23181.25,23184.25,650,4.5,2,1.5,1,1,82.1,-26.65,-26.95,-39.18
MNQ SEP25,1s,1,3432,2025-07-23 10:17:11,23184.25,23184.5,23183.5,23184,65,1,0.25,0.25,0.5,-1,,,,
MNQ SEP25,1s,1,3433,2025-07-23 10:17:12,23184.25,23184.5,23182.5,23182.5,62,2,1.75,0.25,0,-1,,,,
MNQ SEP25,1s,1,3434,2025-07-23 10:17:13,23182.75,23183.5,23181.75,23182.5,44,1.75,0.25,0.75,0.75,-1,,,,
MNQ SEP25,1s,1,3435,2025-07-23 10:17:14,23182.25,23183.5,23181.25,23183.25,102,2.25,1,0.25,1,1,,,,
MNQ SEP25,1s,1,3436,2025-07-23 10:17:15,23182.75,23183.25,23182.25,23182.75,42,1,0,0.5,0.5,0,,,,
MNQ SEP25,1s,1,3437,2025-07-23 10:17:16,23183,23183.5,23182.5,23183.5,26,1,0.5,0,0.5,1,,,,
MNQ SEP25,1s,1,3438,2025-07-23 10:17:17,23183.5,23184.75,23183,23184,56,1.75,0.5,0.75,0.5,1,,,,
MNQ SEP25,1s,1,3439,2025-07-23 10:17:18,23184.75,23186,23184.25,23185.75,57,1.75,1,0.25,0.5,1,,,,
MNQ SEP25,1s,1,3440,2025-07-23 10:17:19,23185.75,23186,23185,23185.5,37,1,0.25,0.25,0.5,-1,,,,
MNQ SEP25,1s,1,3441,2025-07-23 10:17:20,23186,23186,23184.75,23185.25,55,1.25,0.75,0,0.5,-1,,,,
MNQ SEP25,10s,10,5743,2025-07-23 10:17:20,23184.25,23186,23181.25,23185.25,546,4.75,1,0.75,3,1,88.45,6.35,-60.16666667,-43.67
MNQ SEP25,20s,20,5871,2025-07-23 10:17:20,23182.25,23186,23181.25,23185.25,1196,4.75,3,0.75,1,1,377.35,-54.1,25.33333333,122.36
MNQ SEP25,1s,1,3442,2025-07-23 10:17:21,23185.5,23186.5,23185,23185.75,56,1.5,0.25,0.75,0.5,1,,,,
MNQ SEP25,1s,1,3443,2025-07-23 10:17:22,23186.25,23187,23186,23187,63,1,0.75,0,0.25,1,,,,
MNQ SEP25,1s,1,3444,2025-07-23 10:17:23,23186.25,23187.5,23185.75,23186.25,181,1.75,0,1.25,0.5,0,,,,
MNQ SEP25,1s,1,3445,2025-07-23 10:17:24,23186.25,23187.75,23186,23187.25,75,1.75,1,0.5,0.25,1,,,,
MNQ SEP25,1s,1,3446,2025-07-23 10:17:25,23187.25,23187.5,23184.5,23185.25,94,3,2,0.25,0.75,-1,,,,
MNQ SEP25,1s,1,3447,2025-07-23 10:17:26,23185.25,23185.25,23184,23184,57,1.25,1.25,0,0,-1,,,,
MNQ SEP25,1s,1,3448,2025-07-23 10:17:27,23184.5,23185,23183.75,23185,70,1.25,0.5,0,0.75,1,,,,
MNQ SEP25,1s,1,3449,2025-07-23 10:17:28,23184.5,23184.75,23183.75,23184.75,27,1,0.25,0,0.75,1,,,,
MNQ SEP25,1s,1,3450,2025-07-23 10:17:29,23184.25,23184.75,23183.25,23184,27,1.5,0.25,0.5,0.75,-1,,,,
MNQ SEP25,1s,1,3451,2025-07-23 10:17:30,23183.5,23184,23183.25,23183.25,33,0.75,0.25,0.5,0,-1,,,,
MNQ SEP25,10s,10,5744,2025-07-23 10:17:30,23185.5,23187.75,23183.25,23183.25,683,4.5,2.25,2.25,0,-1,103.9,15.45,-1.61666667,-11.81
MNQ SEP25,1s,1,3452,2025-07-23 10:17:31,23183.75,23185.25,23183.5,23184.75,52,1.75,1,0.5,0.25,1,,,,
MNQ SEP25,1s,1,3453,2025-07-23 10:17:32,23184.5,23185,23183.75,23184.5,30,1.25,0,0.5,0.75,0,,,,
MNQ SEP25,1s,1,3454,2025-07-23 10:17:33,23184,23184.5,23183.5,23184,21,1,0,0.5,0.5,0,,,,
MNQ SEP25,1s,1,3455,2025-07-23 10:17:34,23184,23184.5,23184,23184.5,28,0.5,0.5,0,0,1,,,,
MNQ SEP25,1s,1,3456,2025-07-23 10:17:35,23184,23184.75,23182.25,23183,110,2.5,1,0.75,0.75,-1,,,,
MNQ SEP25,1s,1,3457,2025-07-23 10:17:36,23183.25,23183.5,23182.75,23182.75,31,0.75,0.5,0.25,0,-1,,,,
MNQ SEP25,1s,1,3458,2025-07-23 10:17:37,23182.75,23185,23182.75,23184.25,36,2.25,1.5,0.75,0,1,,,,
MNQ SEP25,1s,1,3459,2025-07-23 10:17:38,23184,23185.25,23183.25,23183.75,52,2,0.25,1.25,0.5,-1,,,,
MNQ SEP25,1s,1,3460,2025-07-23 10:17:39,23183.75,23183.75,23183,23183.75,31,0.75,0,0,0.75,0,,,,
MNQ SEP25,1s,1,3461,2025-07-23 10:17:40,23183,23183.25,23181,23181,82,2.25,2,0.25,0,-1,,,,
MNQ SEP25,10s,10,5745,2025-07-23 10:17:40,23183.75,23185.25,23181,23181,473,4.25,2.75,1.5,0,-1,-113.3,-217.2,-65.13333333,-76.45
MNQ SEP25,20s,20,5872,2025-07-23 10:17:40,23185.5,23187.75,23181,23181,1156,6.75,4.5,2.25,0,-1,164.5,-212.85,-81.25,33.06
MNQ SEP25,1s,1,3462,2025-07-23 10:17:41,23181.25,23182.25,23180.25,23181.25,101,2,0,1,1,0,,,,
MNQ SEP25,1s,1,3463,2025-07-23 10:17:42,23181.5,23182.25,23181.25,23181.25,45,1,0.25,0.75,0,-1,,,,
MNQ SEP25,1s,1,3464,2025-07-23 10:17:43,23181.25,23182,23181.25,23181.75,29,0.75,0.5,0.25,0,1,,,,
MNQ SEP25,1s,1,3465,2025-07-23 10:17:44,23181.25,23181.75,23180.5,23181.25,56,1.25,0,0.5,0.75,0,,,,
MNQ SEP25,1s,1,3466,2025-07-23 10:17:45,23181.25,23184.25,23181.25,23183,79,3,1.75,1.25,0,1,,,,
MNQ SEP25,1s,1,3467,2025-07-23 10:17:46,23183.75,23184.25,23183.5,23183.5,30,0.75,0.25,0.5,0,-1,,,,
MNQ SEP25,1s,1,3468,2025-07-23 10:17:47,23184,23184.25,23183.5,23184,21,0.75,0,0.25,0.5,0,,,,
MNQ SEP25,1s,1,3469,2025-07-23 10:17:48,23184,23184.75,23183.75,23184.25,25,1,0.25,0.5,0.25,1,,,,
MNQ SEP25,1s,1,3470,2025-07-23 10:17:49,23184.25,23184.5,23183.75,23184,12,0.75,0.25,0.25,0.25,-1,,,,
MNQ SEP25,1s,1,3471,2025-07-23 10:17:50,23184.25,23184.25,23183,23183,20,1.25,1.25,0,0,-1,,,,
MNQ SEP25,10s,10,5746,2025-07-23 10:17:50,23181.25,23184.75,23180.25,23183,418,4.5,1.75,1.75,1,1,-185.55,-72.25,-91.33333333,-58.86
MNQ SEP25,1s,1,3472,2025-07-23 10:17:51,23183.25,23184,23183,23183.5,39,1,0.25,0.5,0.25,1,,,,
MNQ SEP25,1s,1,3473,2025-07-23 10:17:52,23184,23184.75,23183.25,23184.75,16,1.5,0.75,0,0.75,1,,,,
MNQ SEP25,1s,1,3474,2025-07-23 10:17:53,23184.75,23185,23184.25,23184.75,28,0.75,0,0.25,0.5,0,,,,
MNQ SEP25,1s,1,3475,2025-07-23 10:17:54,23184.5,23185.5,23184.5,23185,28,1,0.5,0.5,0,1,,,,
MNQ SEP25,1s,1,3476,2025-07-23 10:17:55,23184.75,23185,23183.75,23184.25,42,1.25,0.5,0.25,0.5,-1,,,,
MNQ SEP25,1s,1,3477,2025-07-23 10:17:56,23184.25,23185,23184,23184.25,33,1,0,0.75,0.25,0,,,,
MNQ SEP25,1s,1,3478,2025-07-23 10:17:57,23184.25,23184.5,23184,23184.5,12,0.5,0.25,0,0.25,1,,,,
MNQ SEP25,1s,1,3479,2025-07-23 10:17:58,23184,23184,23181.75,23181.75,67,2.25,2.25,0,0,-1,,,,
MNQ SEP25,1s,1,3480,2025-07-23 10:17:59,23181.75,23182.5,23181.75,23182,34,0.75,0.25,0.5,0,1,,,,
MNQ SEP25,1s,1,3481,2025-07-23 10:18:00,23182,23182.25,23181.25,23181.25,24,1,0.75,0.25,0,-1,,,,
MNQ SEP25,10s,10,5747,2025-07-23 10:18:00,23183.25,23185.5,23181.25,23181.25,323,4.25,2,2.25,0,-1,-250.95,-65.4,-118.28333333,-66.61
MNQ SEP25,20s,20,5873,2025-07-23 10:18:00,23181.25,23185.5,23180.25,23181.25,741,5.25,0,4.25,1,0,-119.65,-284.15,-183.7,-84.2
MNQ SEP25,1s,1,3482,2025-07-23 10:18:01,23181.5,23182.5,23180.5,23181,57,2,0.5,1,0.5,-1,,,,
MNQ SEP25,1s,1,3483,2025-07-23 10:18:02,23181,23181.25,23179.25,23180,132,2,1,0.25,0.75,-1,,,,
MNQ SEP25,1s,1,3484,2025-07-23 10:18:03,23179.75,23180.25,23178.75,23179,139,1.5,0.75,0.5,0.25,-1,,,,
MNQ SEP25,1s,1,3485,2025-07-23 10:18:04,23179,23179,23176.25,23176.25,250,2.75,2.75,0,0,-1,,,,
MNQ SEP25,1s,1,3486,2025-07-23 10:18:05,23176.5,23177,23173.75,23174.75,261,3.25,1.75,0.5,1,-1,,,,
MNQ SEP25,1s,1,3487,2025-07-23 10:18:06,23174.75,23177,23174.75,23176.25,119,2.25,1.5,0.75,0,1,,,,
MNQ SEP25,1s,1,3488,2025-07-23 10:18:07,23176.5,23177.25,23175.75,23176.5,63,1.5,0,0.75,0.75,0,,,,
MNQ SEP25,1s,1,3489,2025-07-23 10:18:08,23176.5,23177,23176,23176,41,1,0.5,0.5,0,-1,,,,
MNQ SEP25,1s,1,3490,2025-07-23 10:18:09,23176.5,23177,23176.25,23177,48,0.75,0.5,0,0.25,1,,,,
MNQ SEP25,1s,1,3491,2025-07-23 10:18:10,23177,23177,23175.5,23175.5,80,1.5,1.5,0,0,-1,,,,
MNQ SEP25,10s,10,5748,2025-07-23 10:18:10,23181.5,23182.5,23173.75,23175.5,1190,8.75,6,1,1.75,-1,-169.2,81.75,-18.63333333,-51.53
MNQ SEP25,1s,1,3492,2025-07-23 10:18:11,23176,23176.25,23175,23175.5,31,1.25,0.5,0.25,0.5,-1,,,,
MNQ SEP25,1s,1,3493,2025-07-23 10:18:12,23176.5,23176.75,23175.75,23176,31,1,0.5,0.25,0.25,-1,,,,
MNQ SEP25,1s,1,3494,2025-07-23 10:18:13,23175.5,23176.25,23175,23175,28,1.25,0.5,0.75,0,-1,,,,
MNQ SEP25,1s,1,3495,2025-07-23 10:18:14,23175.25,23176.25,23175,23175.75,47,1.25,0.5,0.5,0.25,1,,,,
MNQ SEP25,1s,1,3496,2025-07-23 10:18:15,23176,23177.25,23175.5,23176.5,44,1.75,0.5,0.75,0.5,1,,,,
MNQ SEP25,1s,1,3497,2025-07-23 10:18:16,23176,23177.25,23176,23176,51,1.25,0,1.25,0,0,,,,
MNQ SEP25,1s,1,3498,2025-07-23 10:18:17,23175.5,23176,23174.5,23175.25,99,1.5,0.25,0.5,0.75,-1,,,,
MNQ SEP25,1s,1,3499,2025-07-23 10:18:18,23174.75,23175.25,23174.75,23175,14,0.5,0.25,0.25,0,1,,,,
MNQ SEP25,1s,1,3500,2025-07-23 10:18:19,23174.75,23175.5,23174.25,23174.5,39,1.25,0.25,0.75,0.25,-1,,,,
MNQ SEP25,1s,1,3501,2025-07-23 10:18:20,23175,23175.25,23174.5,23175,31,0.75,0,0.25,0.5,0,,,,
MNQ SEP25,10s,10,5749,2025-07-23 10:18:20,23176,23177.25,23174.25,23175,415,3,1,1.25,0.75,-1,-225.1,-55.9,-13.18333333,-65.8
MNQ SEP25,20s,20,5874,2025-07-23 10:18:20,23181.5,23182.5,23173.75,23175,1605,8.75,6.5,1,1.25,-1,-78.55,41.1,-151.96666667,-97.36
MNQ SEP25,1s,1,3502,2025-07-23 10:18:21,23175,23175.25,23174.5,23174.5,38,0.75,0.5,0.25,0,-1,,,,
MNQ SEP25,1s,1,3503,2025-07-23 10:18:22,23174.5,23174.5,23173.25,23174,131,1.25,0.5,0,0.75,-1,,,,
MNQ SEP25,1s,1,3504,2025-07-23 10:18:23,23174,23174.5,23173.25,23173.25,60,1.25,0.75,0.5,0,-1,,,,
MNQ SEP25,1s,1,3505,2025-07-23 10:18:24,23174.25,23175.5,23173.75,23174.5,60,1.75,0.25,1,0.5,1,,,,
MNQ SEP25,1s,1,3506,2025-07-23 10:18:25,23174,23174.25,23173.75,23174,31,0.5,0,0.25,0.25,0,,,,
MNQ SEP25,1s,1,3507,2025-07-23 10:18:26,23174.75,23175.5,23174,23175,97,1.5,0.25,0.5,0.75,1,,,,
MNQ SEP25,1s,1,3508,2025-07-23 10:18:27,23175,23175.25,23174.25,23175,23,1,0,0.25,0.75,0,,,,
MNQ SEP25,1s,1,3509,2025-07-23 10:18:28,23175.25,23175.25,23174.5,23175.25,22,0.75,0,0,0.75,0,,,,
MNQ SEP25,1s,1,3510,2025-07-23 10:18:29,23175,23175,23173,23173.25,102,2,1.75,0,0.25,-1,,,,
MNQ SEP25,1s,1,3511,2025-07-23 10:18:30,23173.25,23174.5,23173.25,23174.25,37,1.25,1,0.25,0,1,,,,
MNQ SEP25,10s,10,5750,2025-07-23 10:18:30,23175,23175.5,23173,23174.25,601,2.5,0.75,0.5,1.25,-1,-187.85,37.25,21.03333333,-14.91
MNQ SEP25,1s,1,3512,2025-07-23 10:18:31,23175,23175.25,23174.25,23174.25,42,1,0.75,0.25,0,-1,,,,
MNQ SEP25,1s,1,3513,2025-07-23 10:18:32,23173.75,23174.75,23173.75,23174.75,8,1,1,0,0,1,,,,
MNQ SEP25,1s,1,3514,2025-07-23 10:18:33,23174.5,23174.75,23173.75,23174,12,1,0.5,0.25,0.25,-1,,,,
MNQ SEP25,1s,1,3515,2025-07-23 10:18:34,23174,23174.5,23174,23174.25,8,0.5,0.25,0.25,0,1,,,,
MNQ SEP25,1s,1,3516,2025-07-23 10:18:35,23174,23174.75,23174,23174.5,7,0.75,0.5,0.25,0,1,,,,
MNQ SEP25,1s,1,3517,2025-07-23 10:18:36,23174.5,23174.75,23171.75,23171.75,123,3,2.75,0.25,0,-1,,,,
MNQ SEP25,1s,1,3518,2025-07-23 10:18:37,23172,23173.25,23171.75,23172.25,55,1.5,0.25,1,0.25,1,,,,
MNQ SEP25,1s,1,3519,2025-07-23 10:18:38,23172,23172.25,23171.5,23171.5,28,0.75,0.5,0.25,0,-1,,,,
MNQ SEP25,1s,1,3520,2025-07-23 10:18:39,23171.5,23172,23171.25,23171.5,51,0.75,0,0.5,0.25,0,,,,
MNQ SEP25,1s,1,3521,2025-07-23 10:18:40,23171.75,23172.5,23171.25,23171.5,72,1.25,0.25,0.75,0.25,-1,,,,
MNQ SEP25,10s,10,5751,2025-07-23 10:18:40,23175,23175.25,23171.25,23171.5,406,4,3.5,0.25,0.25,-1,-144.5,43.35,8.23333333,8.21
MNQ SEP25,20s,20,5875,2025-07-23 10:18:40,23175,23175.5,23171.25,23171.5,1007,4.25,3.5,0.5,0.25,-1,-359.65,-281.1,-174.71666667,-158.22
MNQ SEP25,1s,1,3522,2025-07-23 10:18:41,23171.75,23172.5,23171,23172.5,112,1.5,0.75,0,0.75,1,,,,
MNQ SEP25,1s,1,3523,2025-07-23 10:18:42,23172.5,23173,23171.5,23171.5,38,1.5,1,0.5,0,-1,,,,
MNQ SEP25,1s,1,3524,2025-07-23 10:18:43,23172,23172.25,23171,23171,17,1.25,1,0.25,0,-1,,,,
MNQ SEP25,1s,1,3525,2025-07-23 10:18:44,23171,23171.5,23170.75,23171.25,42,0.75,0.25,0.25,0.25,1,,,,
MNQ SEP25,1s,1,3526,2025-07-23 10:18:45,23171.5,23172,23171,23171.5,33,1,0,0.5,0.5,0,,,,
MNQ SEP25,1s,1,3527,2025-07-23 10:18:46,23171.25,23172.75,23171.25,23172.25,52,1.5,1,0.5,0,1,,,,
MNQ SEP25,1s,1,3528,2025-07-23 10:18:47,23172.25,23173,23172.25,23173,22,0.75,0.75,0,0,1,,,,
MNQ SEP25,1s,1,3529,2025-07-23 10:18:48,23172.5,23173.75,23172.5,23173.5,55,1.25,1,0.25,0,1,,,,
MNQ SEP25,1s,1,3530,2025-07-23 10:18:49,23173.75,23174.5,23173,23174.5,37,1.5,0.75,0,0.75,1,,,,
MNQ SEP25,1s,1,3531,2025-07-23 10:18:50,23174.25,23174.75,23174,23174.75,43,0.75,0.5,0,0.25,1,,,,
MNQ SEP25,10s,10,5752,2025-07-23 10:18:50,23171.75,23174.75,23170.75,23174.75,451,4,3,0,1,1,-98.85,45.65,42.08333333,30.42
MNQ SEP25,1s,1,3532,2025-07-23 10:18:51,23174.5,23174.5,23173.5,23173.75,55,1,0.75,0,0.25,-1,,,,
MNQ SEP25,1s,1,3533,2025-07-23 10:18:52,23173.75,23174.5,23172.75,23172.75,52,1.75,1,0.75,0,-1,,,,
MNQ SEP25,1s,1,3534,2025-07-23 10:18:53,23173,23174,23172.5,23174,29,1.5,1,0,0.5,1,,,,
MNQ SEP25,1s,1,3535,2025-07-23 10:18:54,23174,23174.25,23173.5,23174,20,0.75,0,0.25,0.5,0,,,,
MNQ SEP25,1s,1,3536,2025-07-23 10:18:55,23174,23174.5,23173.5,23174.5,17,1,0.5,0,0.5,1,,,,
MNQ SEP25,1s,1,3537,2025-07-23 10:18:56,23174.25,23175,23174.25,23175,34,0.75,0.75,0,0,1,,,,
MNQ SEP25,1s,1,3538,2025-07-23 10:18:57,23175,23175,23173.75,23174.25,32,1.25,0.75,0,0.5,-1,,,,
MNQ SEP25,1s,1,3539,2025-07-23 10:18:58,23173.75,23175,23173.5,23174.5,23,1.5,0.75,0.5,0.25,1,,,,
MNQ SEP25,1s,1,3540,2025-07-23 10:18:59,23174.75,23175.25,23174.25,23174.25,20,1,0.5,0.5,0,-1,,,,
MNQ SEP25,1s,1,3541,2025-07-23 10:19:00,23174,23174,23172,23172.25,63,2,1.75,0,0.25,-1,,,,
MNQ SEP25,10s,10,5753,2025-07-23 10:19:00,23174.5,23175.25,23172,23172.25,345,3.25,2.25,0.75,0.25,-1,-260.25,-161.4,-24.13333333,-18.21
MNQ SEP25,20s,20,5876,2025-07-23 10:19:00,23171.75,23175.25,23170.75,23172.25,796,4.5,0.5,3,1,1,-247.4,112.25,-42.58333333,-124.95
MNQ SEP25,1s,1,3542,2025-07-23 10:19:01,23172,23172.5,23171.75,23172,34,0.75,0,0.5,0.25,0,,,,
MNQ SEP25,1s,1,3543,2025-07-23 10:19:02,23172.5,23172.5,23171,23172.25,44,1.5,0.25,0,1.25,-1,,,,
MNQ SEP25,1s,1,3544,2025-07-23 10:19:03,23171.75,23173.75,23171.75,23173.5,35,2,1.75,0.25,0,1,,,,
MNQ SEP25,1s,1,3545,2025-07-23 10:19:04,23173.25,23174.75,23173.25,23174.5,52,1.5,1.25,0.25,0,1,,,,
MNQ SEP25,1s,1,3546,2025-07-23 10:19:05,23174.25,23174.75,23173.5,23173.5,66,1.25,0.75,0.5,0,-1,,,,
MNQ SEP25,1s,1,3547,2025-07-23 10:19:06,23173.75,23175.25,23173.25,23174.5,55,2,0.75,0.75,0.5,1,,,,
MNQ SEP25,1s,1,3548,2025-07-23 10:19:07,23174.5,23175.25,23174.25,23175,57,1,0.5,0.25,0.25,1,,,,
MNQ SEP25,1s,1,3549,2025-07-23 10:19:08,23174.5,23174.75,23173,23173.25,62,1.75,1.25,0.25,0.25,-1,,,,
MNQ SEP25,1s,1,3550,2025-07-23 10:19:09,23173.5,23173.5,23172.5,23172.75,30,1,0.75,0,0.25,-1,,,,
MNQ SEP25,1s,1,3551,2025-07-23 10:19:10,23172.5,23173,23172.25,23173,16,0.75,0.5,0,0.25,1,,,,
MNQ SEP25,10s,10,5754,2025-07-23 10:19:10,23172,23175.25,23171,23173,451,4.25,1,2.25,1,1,-210.9,49.35,-22.13333333,2.84
MNQ SEP25,1s,1,3552,2025-07-23 10:19:11,23172.5,23172.5,23171.75,23172,31,0.75,0.5,0,0.25,-1,,,,
MNQ SEP25,1s,1,3553,2025-07-23 10:19:12,23171.5,23172.25,23171,23172.25,36,1.25,0.75,0,0.5,1,,,,
MNQ SEP25,1s,1,3554,2025-07-23 10:19:13,23172.25,23172.5,23168.5,23169,177,4,3.25,0.25,0.5,-1,,,,
MNQ SEP25,1s,1,3555,2025-07-23 10:19:14,23169.5,23169.5,23168.5,23168.75,84,1,0.75,0,0.25,-1,,,,
MNQ SEP25,1s,1,3556,2025-07-23 10:19:15,23168.5,23168.75,23167.25,23168.5,217,1.5,0,0.25,1.25,0,,,,
MNQ SEP25,1s,1,3557,2025-07-23 10:19:16,23168.25,23170,23168,23170,42,2,1.75,0,0.25,1,,,,
MNQ SEP25,1s,1,3558,2025-07-23 10:19:17,23170,23170.75,23169.75,23170,56,1,0,0.75,0.25,0,,,,
MNQ SEP25,1s,1,3559,2025-07-23 10:19:18,23170,23170.5,23169.75,23170,26,0.75,0,0.5,0.25,0,,,,
MNQ SEP25,1s,1,3560,2025-07-23 10:19:19,23170,23170.25,23169.75,23170.25,19,0.5,0.25,0,0.25,1,,,,
MNQ SEP25,1s,1,3561,2025-07-23 10:19:20,23169.75,23169.75,23169,23169,20,0.75,0.75,0,0,-1,,,,
MNQ SEP25,10s,10,5755,2025-07-23 10:19:20,23172.5,23172.5,23167.25,23169,708,5.25,3.5,0,1.75,-1,-186.1,24.8,-29.08333333,0.35
MNQ SEP25,20s,20,5877,2025-07-23 10:19:20,23172,23175.25,23167.25,23169,1159,8,3,3.25,1.75,-1,-216.25,31.15,-45.9,-76.15
MNQ SEP25,1s,1,3562,2025-07-23 10:19:21,23169.5,23169.5,23168.25,23168.25,21,1.25,1.25,0,0,-1,,,,
MNQ SEP25,1s,1,3563,2025-07-23 10:19:22,23168.25,23168.75,23165.5,23166.75,209,3.25,1.5,0.5,1.25,-1,,,,
MNQ SEP25,1s,1,3564,2025-07-23 10:19:23,23166.25,23168,23165.75,23168,76,2.25,1.75,0,0.5,1,,,,
MNQ SEP25,1s,1,3565,2025-07-23 10:19:24,23167.75,23167.75,23166.5,23166.75,41,1.25,1,0,0.25,-1,,,,
MNQ SEP25,1s,1,3566,2025-07-23 10:19:25,23166.75,23166.75,23165.75,23166,42,1,0.75,0,0.25,-1,,,,
MNQ SEP25,1s,1,3567,2025-07-23 10:19:26,23165.5,23165.5,23164.25,23165.25,118,1.25,0.25,0,1,-1,,,,
MNQ SEP25,1s,1,3568,2025-07-23 10:19:27,23164.75,23165.5,23164.5,23165.25,84,1,0.5,0.25,0.25,1,,,,
MNQ SEP25,1s,1,3569,2025-07-23 10:19:28,23165.25,23165.5,23164.5,23164.5,78,1,0.75,0.25,0,-1,,,,
MNQ SEP25,1s,1,3570,2025-07-23 10:19:29,23165,23165.25,23164,23165,88,1.25,0,0.25,1,0,,,,
MNQ SEP25,1s,1,3571,2025-07-23 10:19:30,23164.75,23165.75,23164.5,23165.75,33,1.25,1,0,0.25,1,,,,
MNQ SEP25,10s,10,5756,2025-07-23 10:19:30,23169.5,23169.5,23164,23165.75,790,5.5,3.75,0,1.75,-1,-76,110.1,61.41666667,13.7
MNQ SEP25,1s,1,3572,2025-07-23 10:19:31,23165.5,23167.5,23165.5,23167.5,67,2,2,0,0,1,,,,
MNQ SEP25,1s,1,3573,2025-07-23 10:19:32,23167.5,23167.5,23166.5,23167.5,46,1,0,0,1,0,,,,
MNQ SEP25,1s,1,3574,2025-07-23 10:19:33,23167.75,23167.75,23165.25,23165.5,47,2.5,2.25,0,0.25,-1,,,,
MNQ SEP25,1s,1,3575,2025-07-23 10:19:34,23165.75,23165.75,23164.5,23165,27,1.25,0.75,0,0.5,-1,,,,
MNQ SEP25,1s,1,3576,2025-07-23 10:19:35,23165,23165.5,23164.75,23164.75,31,0.75,0.25,0.5,0,-1,,,,
MNQ SEP25,1s,1,3577,2025-07-23 10:19:36,23165,23166,23165,23166,30,1,1,0,0,1,,,,
MNQ SEP25,1s,1,3578,2025-07-23 10:19:37,23165.5,23166.25,23165.5,23166,23,0.75,0.5,0.25,0,1,,,,
MNQ SEP25,1s,1,3579,2025-07-23 10:19:38,23166.5,23166.5,23164,23165.25,56,2.5,1.25,0,1.25,-1,,,,
MNQ SEP25,1s,1,3580,2025-07-23 10:19:39,23165.25,23165.5,23164.25,23164.25,31,1.25,1,0.25,0,-1,,,,
MNQ SEP25,1s,1,3581,2025-07-23 10:19:40,23164.5,23165,23164,23164.75,45,1,0.25,0.25,0.5,1,,,,
MNQ SEP25,10s,10,5757,2025-07-23 10:19:40,23165.5,23167.75,23164,23164.75,403,3.75,0.75,2.25,0.75,-1,-71.55,4.45,46.45,5.46
MNQ SEP25,20s,20,5878,2025-07-23 10:19:40,23169.5,23169.5,23164,23164.75,1193,5.5,4.75,0,0.75,-1,-122.35,93.9,79.1,-0.54
MNQ SEP25,1s,1,3582,2025-07-23 10:19:41,23164.75,23166.5,23164.5,23165,47,2,0.25,1.5,0.25,1,,,,
MNQ SEP25,1s,1,3583,2025-07-23 10:19:42,23165.5,23166.25,23164.25,23165,30,2,0.5,0.75,0.75,-1,,,,
MNQ SEP25,1s,1,3584,2025-07-23 10:19:43,23165,23165.25,23164.5,23164.75,61,0.75,0.25,0.25,0.25,-1,,,,
MNQ SEP25,1s,1,3585,2025-07-23 10:19:44,23164.5,23168,23164.5,23168,52,3.5,3.5,0,0,1,,,,
MNQ SEP25,1s,1,3586,2025-07-23 10:19:45,23168,23168,23166,23166.25,60,2,1.75,0,0.25,-1,,,,
MNQ SEP25,1s,1,3587,2025-07-23 10:19:46,23166.25,23169,23166,23169,74,3,2.75,0,0.25,1,,,,
MNQ SEP25,1s,1,3588,2025-07-23 10:19:47,23168.75,23169.5,23168.25,23168.5,61,1.25,0.25,0.75,0.25,-1,,,,
MNQ SEP25,1s,1,3589,2025-07-23 10:19:48,23168.25,23169,23167,23167.75,50,2,0.5,0.75,0.75,-1,,,,
MNQ SEP25,1s,1,3590,2025-07-23 10:19:49,23167.75,23168.25,23167,23168,24,1.25,0.25,0.25,0.75,1,,,,
MNQ SEP25,1s,1,3591,2025-07-23 10:19:50,23168.25,23168.5,23167.75,23168,21,0.75,0.25,0.25,0.25,-1,,,,
MNQ SEP25,10s,10,5758,2025-07-23 10:19:50,23164.75,23169.5,23164.25,23168,480,5.25,3.25,1.5,0.5,1,-44.45,27.1,47.21666667,43.16
MNQ SEP25,1s,1,3592,2025-07-23 10:19:51,23168,23168.5,23167.25,23167.75,43,1.25,0.25,0.5,0.5,-1,,,,
MNQ SEP25,1s,1,3593,2025-07-23 10:19:52,23167.5,23168,23166.75,23168,15,1.25,0.5,0,0.75,1,,,,
MNQ SEP25,1s,1,3594,2025-07-23 10:19:53,23167.75,23168.25,23167.5,23168,20,0.75,0.25,0.25,0.25,1,,,,
MNQ SEP25,1s,1,3595,2025-07-23 10:19:54,23168,23168.75,23167.75,23168.5,18,1,0.5,0.25,0.25,1,,,,
MNQ SEP25,1s,1,3596,2025-07-23 10:19:55,23169,23169.5,23168.25,23168.5,60,1.25,0.5,0.5,0.25,-1,,,,
MNQ SEP25,1s,1,3597,2025-07-23 10:19:56,23168.75,23169,23166.75,23167.25,67,2.25,1.5,0.25,0.5,-1,,,,
MNQ SEP25,1s,1,3598,2025-07-23 10:19:57,23167.5,23168.25,23167.25,23167.25,17,1,0.25,0.75,0,-1,,,,
MNQ SEP25,1s,1,3599,2025-07-23 10:19:58,23168,23169,23168,23168.5,10,1,0.5,0.5,0,1,,,,
MNQ SEP25,1s,1,3600,2025-07-23 10:19:59,23168.25,23168.25,23167.5,23168,19,0.75,0.25,0,0.5,-1,,,,
MNQ SEP25,1s,1,3601,2025-07-23 10:20:00,23168,23168.5,23167.25,23167.75,16,1.25,0.25,0.5,0.5,-1,,,,
MNQ SEP25,10s,10,5759,2025-07-23 10:20:00,23168,23169.5,23166.75,23167.75,285,2.75,0.25,1.5,1,-1,-61.45,-17,4.85,29.89
MNQ SEP25,20s,20,5879,2025-07-23 10:20:00,23164.75,23169.5,23164.25,23167.75,765,5.25,3,1.75,0.5,1,-249.1,-126.75,-0.56666667,-34.11
MNQ SEP25,1s,1,3602,2025-07-23 10:20:01,23167,23167.5,23166,23166,54,1.5,1,0.5,0,-1,,,,
MNQ SEP25,1s,1,3603,2025-07-23 10:20:02,23166.75,23168,23166.5,23168,40,1.5,1.25,0,0.25,1,,,,
MNQ SEP25,1s,1,3604,2025-07-23 10:20:03,23168.25,23168.5,23167.75,23168,22,0.75,0.25,0.25,0.25,-1,,,,
MNQ SEP25,1s,1,3605,2025-07-23 10:20:04,23167.5,23167.5,23164.75,23165.25,69,2.75,2.25,0,0.5,-1,,,,
MNQ SEP25,1s,1,3606,2025-07-23 10:20:05,23165,23166,23163.75,23165,57,2.25,0,1,1.25,0,,,,
MNQ SEP25,1s,1,3607,2025-07-23 10:20:06,23164.75,23167,23164,23167,56,3,2.25,0,0.75,1,,,,
MNQ SEP25,1s,1,3608,2025-07-23 10:20:07,23167,23167.5,23165.75,23165.75,55,1.75,1.25,0.5,0,-1,,,,
MNQ SEP25,1s,1,3609,2025-07-23 10:20:08,23165.75,23167.5,23165.5,23166.25,64,2,0.5,1.25,0.25,1,,,,
MNQ SEP25,1s,1,3610,2025-07-23 10:20:09,23166.25,23168.25,23166.25,23167.5,36,2,1.25,0.75,0,1,,,,
MNQ SEP25,1s,1,3611,2025-07-23 10:20:10,23167.75,23168.5,23167.25,23168,74,1.25,0.25,0.5,0.5,1,,,,
MNQ SEP25,10s,10,5760,2025-07-23 10:20:10,23167,23168.5,23163.75,23168,527,4.75,1,0.5,3.25,1,-47.55,13.9,8,27.71
MNQ SEP25,1s,1,3612,2025-07-23 10:20:11,23168,23168.75,23167.5,23167.5,28,1.25,0.5,0.75,0,-1,,,,
MNQ SEP25,1s,1,3613,2025-07-23 10:20:12,23166.75,23167.75,23166,23167.75,58,1.75,1,0,0.75,1,,,,
MNQ SEP25,1s,1,3614,2025-07-23 10:20:13,23167.25,23168,23166.75,23168,10,1.25,0.75,0,0.5,1,,,,
MNQ SEP25,1s,1,3615,2025-07-23 10:20:14,23168.5,23169.25,23168,23168.25,36,1.25,0.25,0.75,0.25,-1,,,,
MNQ SEP25,1s,1,3616,2025-07-23 10:20:15,23167.75,23167.75,23165.75,23166,64,2,1.75,0,0.25,-1,,,,
MNQ SEP25,1s,1,3617,2025-07-23 10:20:16,23166.25,23167,23165.5,23166.5,28,1.5,0.25,0.5,0.75,1,,,,
MNQ SEP25,1s,1,3618,2025-07-23 10:20:17,23166.5,23168.5,23166.5,23168,34,2,1.5,0.5,0,1,,,,
MNQ SEP25,1s,1,3619,2025-07-23 10:20:18,23168.5,23169.25,23168.25,23168.25,21,1,0.25,0.75,0,-1,,,,
MNQ SEP25,1s,1,3620,2025-07-23 10:20:19,23168.5,23169.5,23168.5,23169,23,1,0.5,0.5,0,1,,,,
MNQ SEP25,1s,1,3621,2025-07-23 10:20:20,23169.25,23170.25,23169,23170,63,1.25,0.75,0.25,0.25,1,,,,
MNQ SEP25,10s,10,5761,2025-07-23 10:20:20,23168,23170.25,23165.5,23170,365,4.75,2,0.25,2.5,1,-113.5,-65.95,-23.01666667,-7.5
MNQ SEP25,20s,20,5880,2025-07-23 10:20:20,23167,23170.25,23163.75,23170,892,6.5,3,0.25,3.25,1,-265.75,-16.65,-16.5,18.78
MNQ SEP25,1s,1,3622,2025-07-23 10:20:21,23169.75,23169.75,23167.5,23168,51,2.25,1.75,0,0.5,-1,,,,
MNQ SEP25,1s,1,3623,2025-07-23 10:20:22,23168.5,23169.5,23168.25,23169.5,31,1.25,1,0,0.25,1,,,,
MNQ SEP25,1s,1,3624,2025-07-23 10:20:23,23168.75,23169.75,23168.75,23168.75,34,1,0,1,0,0,,,,
MNQ SEP25,1s,1,3625,2025-07-23 10:20:24,23169,23169,23168,23168.5,23,1,0.5,0,0.5,-1,,,,
MNQ SEP25,1s,1,3626,2025-07-23 10:20:25,23168,23168,23166,23166,29,2,2,0,0,-1,,,,
MNQ SEP25,1s,1,3627,2025-07-23 10:20:26,23166.5,23167.5,23165.5,23167.5,36,2,1,0,1,1,,,,
MNQ SEP25,1s,1,3628,2025-07-23 10:20:27,23167.25,23168,23167,23168,30,1,0.75,0,0.25,1,,,,
MNQ SEP25,1s,1,3629,2025-07-23 10:20:28,23168.5,23168.5,23167,23168,19,1.5,0.5,0,1,-1,,,,
MNQ SEP25,1s,1,3630,2025-07-23 10:20:29,23167.75,23167.75,23166.25,23166.5,20,1.5,1.25,0,0.25,-1,,,,
MNQ SEP25,1s,1,3631,2025-07-23 10:20:30,23167,23167.25,23166,23166,12,1.25,1,0.25,0,-1,,,,
MNQ SEP25,10s,10,5762,2025-07-23 10:20:30,23169.75,23169.75,23165.5,23166,285,4.25,3.75,0,0.5,-1,-118.85,-5.35,-19.13333333,-9.46
MNQ SEP25,1s,1,3632,2025-07-23 10:20:31,23166.25,23167.5,23164.75,23167.25,92,2.75,1,0.25,1.5,1,,,,
MNQ SEP25,1s,1,3633,2025-07-23 10:20:32,23167.5,23168.75,23167.25,23168.25,40,1.5,0.75,0.5,0.25,1,,,,
MNQ SEP25,1s,1,3634,2025-07-23 10:20:33,23168.25,23168.5,23167.25,23168.5,9,1.25,0.25,0,1,1,,,,
MNQ SEP25,1s,1,3635,2025-07-23 10:20:34,23167.75,23167.75,23165.5,23165.5,34,2.25,2.25,0,0,-1,,,,
MNQ SEP25,1s,1,3636,2025-07-23 10:20:35,23165.5,23165.5,23162.75,23164.25,119,2.75,1.25,0,1.5,-1,,,,
MNQ SEP25,1s,1,3637,2025-07-23 10:20:36,23164.5,23166,23164.5,23166,49,1.5,1.5,0,0,1,,,,
MNQ SEP25,1s,1,3638,2025-07-23 10:20:37,23165.75,23166.25,23165.5,23166,21,0.75,0.25,0.25,0.25,1,,,,
MNQ SEP25,1s,1,3639,2025-07-23 10:20:38,23165.75,23165.75,23165,23165.5,11,0.75,0.25,0,0.5,-1,,,,
MNQ SEP25,1s,1,3640,2025-07-23 10:20:39,23165.75,23167.5,23165.75,23167.5,33,1.75,1.75,0,0,1,,,,
MNQ SEP25,1s,1,3641,2025-07-23 10:20:40,23167.75,23168,23167.25,23167.25,30,0.75,0.5,0.25,0,-1,,,,
MNQ SEP25,10s,10,5763,2025-07-23 10:20:40,23166.25,23168.75,23162.75,23167.25,438,6,1,1.5,3.5,1,-121.85,-3,-24.76666667,-15.48
MNQ SEP25,20s,20,5881,2025-07-23 10:20:40,23169.75,23169.75,23162.75,23167.25,723,7,2.5,0,4.5,-1,-283,-17.25,-53.55,-7.12
MNQ SEP25,1s,1,3642,2025-07-23 10:20:41,23167,23167.5,23167,23167.25,28,0.5,0.25,0.25,0,1,,,,
MNQ SEP25,1s,1,3643,2025-07-23 10:20:42,23167.25,23167.5,23166.75,23167,9,0.75,0.25,0.25,0.25,-1,,,,
MNQ SEP25,1s,1,3644,2025-07-23 10:20:43,23166.5,23166.5,23165.5,23166,14,1,0.5,0,0.5,-1,,,,
MNQ SEP25,1s,1,3645,2025-07-23 10:20:44,23166,23166.25,23165.5,23166,11,0.75,0,0.25,0.5,0,,,,
MNQ SEP25,1s,1,3646,2025-07-23 10:20:45,23166.25,23166.5,23165.5,23165.5,18,1,0.75,0.25,0,-1,,,,
MNQ SEP25,1s,1,3647,2025-07-23 10:20:46,23165.25,23166.5,23165.25,23166.5,14,1.25,1.25,0,0,1,,,,
MNQ SEP25,1s,1,3648,2025-07-23 10:20:47,23167,23168,23167,23167.75,15,1,0.75,0.25,0,1,,,,
MNQ SEP25,1s,1,3649,2025-07-23 10:20:48,23167.25,23167.25,23166,23166.25,18,1.25,1,0,0.25,-1,,,,
MNQ SEP25,1s,1,3650,2025-07-23 10:20:49,23166.75,23167.75,23166,23167.75,44,1.75,1,0,0.75,1,,,,
MNQ SEP25,1s,1,3651,2025-07-23 10:20:50,23167.5,23167.5,23167,23167,10,0.5,0.5,0,0,-1,,,,
MNQ SEP25,10s,10,5764,2025-07-23 10:20:50,23167,23168,23165.25,23167,181,2.75,0,1,1.75,0,-117.55,4.3,-1.35,-11.22
MNQ SEP25,1s,1,3652,2025-07-23 10:20:51,23167.5,23169,23167.25,23169,28,1.75,1.5,0,0.25,1,,,,
MNQ SEP25,1s,1,3653,2025-07-23 10:20:52,23169.25,23172.25,23169.25,23172,138,3,2.75,0.25,0,1,,,,
MNQ SEP25,1s,1,3654,2025-07-23 10:20:53,23171.75,23172.75,23171.75,23172.25,145,1,0.5,0.5,0,1,,,,
MNQ SEP25,1s,1,3655,2025-07-23 10:20:54,23171.5,23173.5,23171.5,23173,80,2,1.5,0.5,0,1,,,,
MNQ SEP25,1s,1,3656,2025-07-23 10:20:55,23173.25,23174.25,23172.75,23174.25,105,1.5,1,0,0.5,1,,,,
MNQ SEP25,1s,1,3657,2025-07-23 10:20:56,23174.25,23176.25,23174.25,23175,219,2,0.75,1.25,0,1,,,,
MNQ SEP25,1s,1,3658,2025-07-23 10:20:57,23174.75,23175.75,23174.5,23175.25,84,1.25,0.5,0.5,0.25,1,,,,
MNQ SEP25,1s,1,3659,2025-07-23 10:20:58,23175,23175.5,23174.5,23175,52,1,0,0.5,0.5,0,,,,
MNQ SEP25,1s,1,3660,2025-07-23 10:20:59,23174.75,23176.25,23174.5,23176,70,1.75,1.25,0.25,0.25,1,,,,
MNQ SEP25,1s,1,3661,2025-07-23 10:21:00,23176,23177,23175.75,23177,115,1.25,1,0,0.25,1,,,,
MNQ SEP25,10s,10,5765,2025-07-23 10:21:00,23167.5,23177,23167.25,23177,1036,9.75,9.5,0,0.25,1,-43.9,73.65,24.98333333,0.73
MNQ SEP25,20s,20,5882,2025-07-23 10:21:00,23167,23177,23165.25,23177,1217,11.75,10,0,1.75,1,-279.8,3.2,-10.23333333,-12.71
MNQ SEP25,1s,1,3662,2025-07-23 10:21:01,23177,23177.25,23175.75,23177,79,1.5,0,0.25,1.25,0,,,,
MNQ SEP25,1s,1,3663,2025-07-23 10:21:02,23176.75,23177.75,23176.25,23177,74,1.5,0.25,0.75,0.5,1,,,,
MNQ SEP25,1s,1,3664,2025-07-23 10:21:03,23176.75,23176.75,23174.75,23176,83,2,0.75,0,1.25,-1,,,,
MNQ SEP25,1s,1,3665,2025-07-23 10:21:04,23176.25,23177.25,23175.75,23177.25,56,1.5,1,0,0.5,1,,,,
MNQ SEP25,1s,1,3666,2025-07-23 10:21:05,23177.25,23177.5,23176,23176,68,1.5,1.25,0.25,0,-1,,,,
MNQ SEP25,1s,1,3667,2025-07-23 10:21:06,23176.75,23177.25,23176,23177,50,1.25,0.25,0.25,0.75,1,,,,
MNQ SEP25,1s,1,3668,2025-07-23 10:21:07,23176.75,23177.5,23176,23177.25,53,1.5,0.5,0.25,0.75,1,,,,
MNQ SEP25,1s,1,3669,2025-07-23 10:21:08,23176.75,23177.25,23175.75,23176.25,81,1.5,0.5,0.5,0.5,-1,,,,
MNQ SEP25,1s,1,3670,2025-07-23 10:21:09,23176.5,23177,23176,23176,23,1,0.5,0.5,0,-1,,,,
MNQ SEP25,1s,1,3671,2025-07-23 10:21:10,23176.5,23176.75,23175,23176.5,80,1.75,0,0.25,1.5,0,,,,
MNQ SEP25,10s,10,5766,2025-07-23 10:21:10,23177,23177.75,23174.75,23176.5,647,3,0.5,0.75,1.75,-1,1.05,44.95,40.96666667,22.91
MNQ SEP25,1s,1,3672,2025-07-23 10:21:11,23176.25,23176.5,23175.25,23175.25,28,1.25,1,0.25,0,-1,,,,
MNQ SEP25,1s,1,3673,2025-07-23 10:21:12,23175.5,23176,23175.25,23175.75,25,0.75,0.25,0.25,0.25,1,,,,
MNQ SEP25,1s,1,3674,2025-07-23 10:21:13,23175.75,23175.75,23175,23175.25,25,0.75,0.5,0,0.25,-1,,,,
MNQ SEP25,1s,1,3675,2025-07-23 10:21:14,23176,23178.5,23176,23178.25,59,2.5,2.25,0.25,0,1,,,,
MNQ SEP25,1s,1,3676,2025-07-23 10:21:15,23177.75,23179,23177.75,23178.25,116,1.25,0.5,0.75,0,1,,,,
MNQ SEP25,1s,1,3677,2025-07-23 10:21:16,23178,23179,23177.5,23178.5,112,1.5,0.5,0.5,0.5,1,,,,
MNQ SEP25,1s,1,3678,2025-07-23 10:21:17,23178.75,23178.75,23177.5,23178.75,66,1.25,0,0,1.25,0,,,,
MNQ SEP25,1s,1,3679,2025-07-23 10:21:18,23178.25,23179.25,23178,23178.5,77,1.25,0.25,0.75,0.25,1,,,,
MNQ SEP25,1s,1,3680,2025-07-23 10:21:19,23178.75,23179.75,23178.5,23179.75,36,1.25,1,0,0.25,1,,,,
MNQ SEP25,1s,1,3681,2025-07-23 10:21:20,23179.5,23180,23179,23179.75,82,1,0.25,0.25,0.5,1,,,,
MNQ SEP25,10s,10,5767,2025-07-23 10:21:20,23176.25,23180,23175,23179.75,626,5,3.5,0.25,1.25,1,54.1,53.05,57.21666667,34.59
MNQ SEP25,20s,20,5883,2025-07-23 10:21:20,23177,23180,23174.75,23179.75,1273,5.25,2.75,0.25,2.25,1,-297.05,-17.25,-10.43333333,-34.94
MNQ SEP25,1s,1,3682,2025-07-23 10:21:21,23179.75,23179.75,23177,23177.5,107,2.75,2.25,0,0.5,-1,,,,
MNQ SEP25,1s,1,3683,2025-07-23 10:21:22,23177.5,23177.5,23176,23177.25,59,1.5,0.25,0,1.25,-1,,,,
MNQ SEP25,1s,1,3684,2025-07-23 10:21:23,23176.25,23176.25,23175,23175.75,52,1.25,0.5,0,0.75,-1,,,,
MNQ SEP25,1s,1,3685,2025-07-23 10:21:24,23175.75,23175.75,23173.5,23174,74,2.25,1.75,0,0.5,-1,,,,
MNQ SEP25,1s,1,3686,2025-07-23 10:21:25,23174,23174.5,23172.75,23173,97,1.75,1,0.5,0.25,-1,,,,
MNQ SEP25,1s,1,3687,2025-07-23 10:21:26,23173,23173.75,23173,23173.5,23,0.75,0.5,0.25,0,1,,,,
MNQ SEP25,1s,1,3688,2025-07-23 10:21:27,23173.75,23175,23173.75,23174.5,23,1.25,0.75,0.5,0,1,,,,
MNQ SEP25,1s,1,3689,2025-07-23 10:21:28,23174.5,23175.25,23174,23175.25,31,1.25,0.75,0,0.5,1,,,,
MNQ SEP25,1s,1,3690,2025-07-23 10:21:29,23175.25,23176.25,23175.25,23176,30,1,0.75,0.25,0,1,,,,
MNQ SEP25,1s,1,3691,2025-07-23 10:21:30,23176.25,23176.5,23174.5,23175,24,2,1.25,0.25,0.5,-1,,,,
MNQ SEP25,10s,10,5768,2025-07-23 10:21:30,23179.75,23179.75,23172.75,23175,520,7,4.75,0,2.25,-1,104,49.9,49.3,45.17
MNQ SEP25,1s,1,3692,2025-07-23 10:21:31,23174.5,23177,23174.25,23176.5,33,2.75,2,0.5,0.25,1,,,,
MNQ SEP25,1s,1,3693,2025-07-23 10:21:32,23176.25,23177.25,23176,23177.25,19,1.25,1,0,0.25,1,,,,
MNQ SEP25,1s,1,3694,2025-07-23 10:21:33,23177.25,23178,23177,23177.75,19,1,0.5,0.25,0.25,1,,,,
MNQ SEP25,1s,1,3695,2025-07-23 10:21:34,23177.75,23178.25,23177.5,23178.25,20,0.75,0.5,0,0.25,1,,,,
MNQ SEP25,1s,1,3696,2025-07-23 10:21:35,23178,23178.75,23176.75,23177.25,51,2,0.75,0.75,0.5,-1,,,,
MNQ SEP25,1s,1,3697,2025-07-23 10:21:36,23177.25,23177.5,23176.25,23176.25,27,1.25,1,0.25,0,-1,,,,
MNQ SEP25,1s,1,3698,2025-07-23 10:21:37,23176.5,23177.5,23176.5,23177,25,1,0.5,0.5,0,1,,,,
MNQ SEP25,1s,1,3699,2025-07-23 10:21:38,23177,23177.25,23176.75,23177.25,22,0.5,0.25,0,0.25,1,,,,
MNQ SEP25,1s,1,3700,2025-07-23 10:21:39,23177.25,23177.5,23176.25,23176.75,31,1.25,0.5,0.25,0.5,-1,,,,
MNQ SEP25,1s,1,3701,2025-07-23 10:21:40,23177,23177.75,23176.75,23177,11,1,0,0.75,0.25,0,,,,
MNQ SEP25,10s,10,5769,2025-07-23 10:21:40,23174.5,23178.75,23174.25,23177,258,4.5,2.5,1.75,0.25,1,127.25,23.25,42.06666667,48.96
MNQ SEP25,20s,20,5884,2025-07-23 10:21:40,23179.75,23179.75,23172.75,23177,778,7,2.75,0,4.25,-1,-302.45,-5.4,-6.48333333,-10.67
MNQ SEP25,1s,1,3702,2025-07-23 10:21:41,23177.25,23177.75,23177.25,23177.75,8,0.5,0.5,0,0,1,,,,
MNQ SEP25,1s,1,3703,2025-07-23 10:21:42,23177.75,23179,23177.75,23179,24,1.25,1.25,0,0,1,,,,
MNQ SEP25,1s,1,3704,2025-07-23 10:21:43,23179,23179,23178,23178.5,20,1,0.5,0,0.5,-1,,,,
MNQ SEP25,1s,1,3705,2025-07-23 10:21:44,23179,23179.5,23179,23179.25,18,0.5,0.25,0.25,0,1,,,,
MNQ SEP25,1s,1,3706,2025-07-23 10:21:45,23179.25,23179.25,23178,23178.25,47,1.25,1,0,0.25,-1,,,,
MNQ SEP25,1s,1,3707,2025-07-23 10:21:46,23178.5,23178.75,23178,23178,25,0.75,0.5,0.25,0,-1,,,,
MNQ SEP25,1s,1,3708,2025-07-23 10:21:47,23177.75,23178.5,23177,23177.25,22,1.5,0.5,0.75,0.25,-1,,,,
MNQ SEP25,1s,1,3709,2025-07-23 10:21:48,23177.25,23178,23177,23177.75,23,1,0.5,0.25,0.25,1,,,,
MNQ SEP25,1s,1,3710,2025-07-23 10:21:49,23177.75,23179,23177.75,23179,16,1.25,1.25,0,0,1,,,,
MNQ SEP25,1s,1,3711,2025-07-23 10:21:50,23179,23179,23178.25,23178.25,8,0.75,0.75,0,0,-1,,,,
MNQ SEP25,10s,10,5770,2025-07-23 10:21:50,23177.25,23179.5,23177,23178.25,211,2.5,1,1.25,0.25,1,-18.25,-145.5,-24.11666667,5.13
MNQ SEP25,1s,1,3712,2025-07-23 10:21:51,23179.25,23180,23179,23179.75,53,1,0.5,0.25,0.25,1,,,,
MNQ SEP25,1s,1,3713,2025-07-23 10:21:52,23180,23182.25,23179.5,23180.75,140,2.75,0.75,1.5,0.5,1,,,,
MNQ SEP25,1s,1,3714,2025-07-23 10:21:53,23180.25,23180.75,23179.5,23179.5,70,1.25,0.75,0.5,0,-1,,,,
MNQ SEP25,1s,1,3715,2025-07-23 10:21:54,23179.5,23180,23178.5,23179,79,1.5,0.5,0.5,0.5,-1,,,,
MNQ SEP25,1s,1,3716,2025-07-23 10:21:55,23178.75,23179.5,23178.75,23179.5,45,0.75,0.75,0,0,1,,,,
MNQ SEP25,1s,1,3717,2025-07-23 10:21:56,23179,23179.75,23178.75,23179.75,14,1,0.75,0,0.25,1,,,,
MNQ SEP25,1s,1,3718,2025-07-23 10:21:57,23179.25,23179.75,23179.25,23179.75,7,0.5,0.5,0,0,1,,,,
MNQ SEP25,1s,1,3719,2025-07-23 10:21:58,23180,23180.75,23179.75,23180.75,25,1,0.75,0,0.25,1,,,,
MNQ SEP25,1s,1,3720,2025-07-23 10:21:59,23180.25,23181.25,23180.25,23181,14,1,0.75,0.25,0,1,,,,
MNQ SEP25,1s,1,3721,2025-07-23 10:22:00,23181,23182,23180.75,23180.75,44,1.25,0.25,1,0,-1,,,,
MNQ SEP25,10s,10,5771,2025-07-23 10:22:00,23179.25,23182.25,23178.5,23180.75,491,3.75,1.5,1.5,0.75,1,-53.7,-35.45,-52.56666667,-10.95
MNQ SEP25,20s,20,5885,2025-07-23 10:22:00,23177.25,23182.25,23177,23180.75,702,5.25,3.5,1.5,0.25,1,-267.8,34.65,4,-0.41
MNQ SEP25,1s,1,3722,2025-07-23 10:22:01,23181.25,23182,23181.25,23181.75,66,0.75,0.5,0.25,0,1,,,,
MNQ SEP25,1s,1,3723,2025-07-23 10:22:02,23182,23183.25,23181.5,23182,103,1.75,0,1.25,0.5,0,,,,
MNQ SEP25,1s,1,3724,2025-07-23 10:22:03,23182,23182.75,23181,23181.25,113,1.75,0.75,0.75,0.25,-1,,,,
MNQ SEP25,1s,1,3725,2025-07-23 10:22:04,23181.25,23181.75,23180.25,23180.75,54,1.5,0.5,0.5,0.5,-1,,,,
MNQ SEP25,1s,1,3726,2025-07-23 10:22:05,23181,23182,23181,23181.5,29,1,0.5,0.5,0,1,,,,
MNQ SEP25,1s,1,3727,2025-07-23 10:22:06,23181.5,23183.75,23181.5,23183,111,2.25,1.5,0.75,0,1,,,,
MNQ SEP25,1s,1,3728,2025-07-23 10:22:07,23183.25,23183.5,23182.75,23183.25,57,0.75,0,0.25,0.5,0,,,,
MNQ SEP25,1s,1,3729,2025-07-23 10:22:08,23183.25,23183.75,23181.5,23182.5,85,2.25,0.75,0.5,1,-1,,,,
MNQ SEP25,1s,1,3730,2025-07-23 10:22:09,23182.25,23182.75,23181.75,23182.25,58,1,0,0.5,0.5,0,,,,
MNQ SEP25,1s,1,3731,2025-07-23 10:22:10,23182.25,23182.75,23182,23182.25,45,0.75,0,0.5,0.25,0,,,,
MNQ SEP25,10s,10,5772,2025-07-23 10:22:10,23181.25,23183.75,23180.25,23182.25,721,3.5,1,1.5,1,1,-48.2,5.5,-58.48333333,-20.46
MNQ SEP25,1s,1,3732,2025-07-23 10:22:11,23182.5,23182.75,23182,23182.5,54,0.75,0,0.25,0.5,0,,,,
MNQ SEP25,1s,1,3733,2025-07-23 10:22:12,23182,23183,23181.75,23182.5,44,1.25,0.5,0.5,0.25,1,,,,
MNQ SEP25,1s,1,3734,2025-07-23 10:22:13,23182.5,23182.5,23180,23180.25,71,2.5,2.25,0,0.25,-1,,,,
MNQ SEP25,1s,1,3735,2025-07-23 10:22:14,23180.5,23181,23178.75,23180,115,2.25,0.5,0.5,1.25,-1,,,,
MNQ SEP25,1s,1,3736,2025-07-23 10:22:15,23180.5,23180.5,23178.5,23178.75,67,2,1.75,0,0.25,-1,,,,
MNQ SEP25,1s,1,3737,2025-07-23 10:22:16,23179.25,23179.5,23179,23179.25,25,0.5,0,0.25,0.25,0,,,,
MNQ SEP25,1s,1,3738,2025-07-23 10:22:17,23179.5,23179.75,23178.75,23179.5,17,1,0,0.25,0.75,0,,,,
MNQ SEP25,1s,1,3739,2025-07-23 10:22:18,23179.75,23180.5,23179,23179.75,28,1.5,0,0.75,0.75,0,,,,
MNQ SEP25,1s,1,3740,2025-07-23 10:22:19,23179.5,23179.75,23178,23178.25,50,1.75,1.25,0.25,0.25,-1,,,,
MNQ SEP25,1s,1,3741,2025-07-23 10:22:20,23178.75,23179.5,23177.5,23178,106,2,0.75,0.75,0.5,-1,,,,
MNQ SEP25,10s,10,5773,2025-07-23 10:22:20,23182.5,23183,23177.5,23178,577,5.5,4.5,0.5,0.5,-1,-48.4,-0.2,-10.05,-30.48
MNQ SEP25,20s,20,5886,2025-07-23 10:22:20,23181.25,23183.75,23177.5,23178,1298,6.25,3.25,2.5,0.5,-1,-150.25,117.55,48.93333333,26.55
MNQ SEP25,1s,1,3742,2025-07-23 10:22:21,23178.25,23179.75,23177.75,23179.5,64,2,1.25,0.25,0.5,1,,,,
MNQ SEP25,1s,1,3743,2025-07-23 10:22:22,23179.25,23179.5,23179,23179,25,0.5,0.25,0.25,0,-1,,,,
MNQ SEP25,1s,1,3744,2025-07-23 10:22:23,23178.5,23179,23178.25,23178.25,19,0.75,0.25,0.5,0,-1,,,,
MNQ SEP25,1s,1,3745,2025-07-23 10:22:24,23178.75,23180,23178.75,23179.5,39,1.25,0.75,0.5,0,1,,,,
MNQ SEP25,1s,1,3746,2025-07-23 10:22:25,23180.25,23180.5,23179,23180,18,1.5,0.25,0.25,1,-1,,,,
MNQ SEP25,1s,1,3747,2025-07-23 10:22:26,23179.5,23180.75,23179.25,23180.5,15,1.5,1,0.25,0.25,1,,,,
MNQ SEP25,1s,1,3748,2025-07-23 10:22:27,23180,23182.5,23180,23182.5,52,2.5,2.5,0,0,1,,,,
MNQ SEP25,1s,1,3749,2025-07-23 10:22:28,23182,23182,23179.5,23179.5,70,2.5,2.5,0,0,-1,,,,
MNQ SEP25,1s,1,3750,2025-07-23 10:22:29,23179.75,23180,23179.25,23179.5,55,0.75,0.25,0.25,0.25,-1,,,,
MNQ SEP25,1s,1,3751,2025-07-23 10:22:30,23179.25,23179.25,23178.5,23178.5,24,0.75,0.75,0,0,-1,,,,
MNQ SEP25,10s,10,5774,2025-07-23 10:22:30,23178.25,23182.5,23177.75,23178.5,381,4.75,0.25,4,0.5,1,-20.3,28.1,11.13333333,-29.51
MNQ SEP25,1s,1,3752,2025-07-23 10:22:31,23178.75,23179,23178,23179,45,1,0.25,0,0.75,1,,,,
MNQ SEP25,1s,1,3753,2025-07-23 10:22:32,23179.5,23181.75,23179,23181.75,47,2.75,2.25,0,0.5,1,,,,
MNQ SEP25,1s,1,3754,2025-07-23 10:22:33,23181.25,23182.25,23181.25,23182.25,19,1,1,0,0,1,,,,
MNQ SEP25,1s,1,3755,2025-07-23 10:22:34,23182.5,23183.25,23182.25,23182.25,40,1,0.25,0.75,0,-1,,,,
MNQ SEP25,1s,1,3756,2025-07-23 10:22:35,23182.25,23182.5,23181.5,23182.25,37,1,0,0.25,0.75,0,,,,
MNQ SEP25,1s,1,3757,2025-07-23 10:22:36,23182.25,23183.25,23182,23182.75,24,1.25,0.5,0.5,0.25,1,,,,
MNQ SEP25,1s,1,3758,2025-07-23 10:22:37,23182.5,23182.75,23182,23182.5,26,0.75,0,0.25,0.5,0,,,,
MNQ SEP25,1s,1,3759,2025-07-23 10:22:38,23182.5,23182.5,23181.75,23181.75,33,0.75,0.75,0,0,-1,,,,
MNQ SEP25,1s,1,3760,2025-07-23 10:22:39,23182.25,23183.25,23181.75,23183,38,1.5,0.75,0.25,0.5,1,,,,
MNQ SEP25,1s,1,3761,2025-07-23 10:22:40,23182.75,23183,23181.75,23182,67,1.25,0.75,0.25,0.25,-1,,,,
MNQ SEP25,10s,10,5775,2025-07-23 10:22:40,23178.75,23183.25,23178,23182,376,5.25,3.25,1.25,0.75,1,29.3,49.6,25.83333333,9.51
MNQ SEP25,20s,20,5887,2025-07-23 10:22:40,23178.25,23183.25,23177.75,23182,757,5.5,3.75,1.25,0.5,1,-176.6,-26.35,41.95,20.64
MNQ SEP25,1s,1,3762,2025-07-23 10:22:41,23182.5,23183,23181.5,23182,19,1.5,0.5,0.5,0.5,-1,,,,
MNQ SEP25,1s,1,3763,2025-07-23 10:22:42,23182,23182.5,23179.5,23179.75,59,3,2.25,0.5,0.25,-1,,,,
MNQ SEP25,1s,1,3764,2025-07-23 10:22:43,23179.5,23181,23179,23180.75,33,2,1.25,0.25,0.5,1,,,,
MNQ SEP25,1s,1,3765,2025-07-23 10:22:44,23180.75,23181.25,23180.25,23180.25,14,1,0.5,0.5,0,-1,,,,
MNQ SEP25,1s,1,3766,2025-07-23 10:22:45,23180.5,23181,23180,23180.5,26,1,0,0.5,0.5,0,,,,
MNQ SEP25,1s,1,3767,2025-07-23 10:22:46,23180.5,23180.5,23180,23180.5,11,0.5,0,0,0.5,0,,,,
MNQ SEP25,1s,1,3768,2025-07-23 10:22:47,23179.5,23180.5,23179.25,23180.5,33,1.25,1,0,0.25,1,,,,
MNQ SEP25,1s,1,3769,2025-07-23 10:22:48,23180.25,23180.5,23179.5,23180.5,14,1,0.25,0,0.75,1,,,,
MNQ SEP25,1s,1,3770,2025-07-23 10:22:49,23180.5,23180.5,23180,23180.25,5,0.5,0.25,0,0.25,-1,,,,
MNQ SEP25,1s,1,3771,2025-07-23 10:22:50,23180,23180.75,23179.25,23179.75,23,1.5,0.25,0.75,0.5,-1,,,,
MNQ SEP25,10s,10,5776,2025-07-23 10:22:50,23182.5,23183,23179,23179.75,237,4,2.75,0.5,0.75,-1,6.15,-23.15,18.18333333,11.97
MNQ SEP25,1s,1,3772,2025-07-23 10:22:51,23179.75,23180.5,23179.75,23180,17,0.75,0.25,0.5,0,1,,,,
MNQ SEP25,1s,1,3773,2025-07-23 10:22:52,23180,23180.25,23179.75,23179.75,19,0.5,0.25,0.25,0,-1,,,,
MNQ SEP25,1s,1,3774,2025-07-23 10:22:53,23179.5,23180,23179.5,23180,16,0.5,0.5,0,0,1,,,,
MNQ SEP25,1s,1,3775,2025-07-23 10:22:54,23179.25,23179.25,23179.25,23179.25,2,0,0,0,0,0,,,,
MNQ SEP25,1s,1,3776,2025-07-23 10:22:55,23180.75,23181.25,23180.5,23180.75,24,0.75,0,0.5,0.25,0,,,,
MNQ SEP25,1s,1,3777,2025-07-23 10:22:56,23180.75,23182.5,23180.75,23182.5,20,1.75,1.75,0,0,1,,,,
MNQ SEP25,1s,1,3778,2025-07-23 10:22:57,23182.25,23183,23182.25,23182.25,21,0.75,0,0.75,0,0,,,,
MNQ SEP25,1s,1,3779,2025-07-23 10:22:58,23182.5,23183,23182,23182.75,26,1,0.25,0.25,0.5,1,,,,
MNQ SEP25,1s,1,3780,2025-07-23 10:22:59,23182,23182.5,23181.25,23181.25,77,1.25,0.75,0.5,0,-1,,,,
MNQ SEP25,1s,1,3781,2025-07-23 10:23:00,23181.75,23182.5,23181.75,23181.75,18,0.75,0,0.75,0,0,,,,
MNQ SEP25,10s,10,5777,2025-07-23 10:23:00,23179.75,23183,23179.25,23181.75,240,3.75,2,1.25,0.5,1,-81.9,-88.05,-20.53333333,-6.74
MNQ SEP25,20s,20,5888,2025-07-23 10:23:00,23182.5,23183,23179,23181.75,477,4,0.75,0.5,2.75,-1,-252.65,-76.05,5.05,8.88
MNQ SEP25,1s,1,3782,2025-07-23 10:23:01,23182,23182.5,23181.5,23182,16,1,0,0.5,0.5,0,,,,
MNQ SEP25,1s,1,3783,2025-07-23 10:23:02,23181.75,23182.75,23181.75,23182.25,22,1,0.5,0.5,0,1,,,,
MNQ SEP25,1s,1,3784,2025-07-23 10:23:03,23182,23182.5,23181.75,23182,14,0.75,0,0.5,0.25,0,,,,
MNQ SEP25,1s,1,3785,2025-07-23 10:23:04,23181.75,23183,23181.75,23182.25,17,1.25,0.5,0.75,0,1,,,,
MNQ SEP25,1s,1,3786,2025-07-23 10:23:05,23182.25,23183,23181.75,23182.5,23,1.25,0.25,0.5,0.5,1,,,,
MNQ SEP25,1s,1,3787,2025-07-23 10:23:06,23182.5,23183.25,23181,23181,57,2.25,1.5,0.75,0,-1,,,,
MNQ SEP25,1s,1,3788,2025-07-23 10:23:07,23181,23182.25,23181,23182.25,42,1.25,1.25,0,0,1,,,,
MNQ SEP25,1s,1,3789,2025-07-23 10:23:08,23182,23182.75,23181.75,23182.25,34,1,0.25,0.5,0.25,1,,,,
MNQ SEP25,1s,1,3790,2025-07-23 10:23:09,23182,23182.75,23181.75,23182,47,1,0,0.75,0.25,0,,,,
MNQ SEP25,1s,1,3791,2025-07-23 10:23:10,23181.25,23182.75,23181.25,23182.5,20,1.5,1.25,0.25,0,1,,,,
MNQ SEP25,10s,10,5778,2025-07-23 10:23:10,23182,23183.25,23181,23182.5,292,2.25,0.5,0.75,1,1,-129.5,-47.6,-52.93333333,-16.22
MNQ SEP25,1s,1,3792,2025-07-23 10:23:11,23182.75,23182.75,23182.25,23182.25,16,0.5,0.5,0,0,-1,,,,
MNQ SEP25,1s,1,3793,2025-07-23 10:23:12,23182.5,23183,23182,23183,21,1,0.5,0,0.5,1,,,,
MNQ SEP25,1s,1,3794,2025-07-23 10:23:13,23182.75,23183,23182.25,23182.75,33,0.75,0,0.25,0.5,0,,,,
MNQ SEP25,1s,1,3795,2025-07-23 10:23:14,23182.25,23183.25,23181.75,23183.25,31,1.5,1,0,0.5,1,,,,
MNQ SEP25,1s,1,3796,2025-07-23 10:23:15,23183.25,23184,23183.25,23184,53,0.75,0.75,0,0,1,,,,
MNQ SEP25,1s,1,3797,2025-07-23 10:23:16,23184,23184.5,23182.5,23183,63,2,1,0.5,0.5,-1,,,,
MNQ SEP25,1s,1,3798,2025-07-23 10:23:17,23183.5,23183.75,23183,23183.25,39,0.75,0.25,0.25,0.25,-1,,,,
MNQ SEP25,1s,1,3799,2025-07-23 10:23:18,23183,23184.25,23183,23184,27,1.25,1,0.25,0,1,,,,
MNQ SEP25,1s,1,3800,2025-07-23 10:23:19,23183.5,23183.5,23182.75,23182.75,24,0.75,0.75,0,0,-1,,,,
MNQ SEP25,1s,1,3801,2025-07-23 10:23:20,23183.5,23183.5,23182.5,23182.75,13,1,0.75,0,0.25,-1,,,,
MNQ SEP25,10s,10,5779,2025-07-23 10:23:20,23182.75,23184.5,23181.75,23182.75,320,2.75,0,1.75,1,0,-143.45,-13.95,-49.86666667,-24.63
MNQ SEP25,20s,20,5889,2025-07-23 10:23:20,23182,23184.5,23181,23182.75,612,3.5,0.75,1.75,1,1,-261.9,-9.25,-37.21666667,8.11
MNQ SEP25,1s,1,3802,2025-07-23 10:23:21,23183,23184.5,23182.75,23183.75,18,1.75,0.75,0.75,0.25,1,,,,
MNQ SEP25,1s,1,3803,2025-07-23 10:23:22,23184.5,23184.5,23183.75,23183.75,17,0.75,0.75,0,0,-1,,,,
MNQ SEP25,1s,1,3804,2025-07-23 10:23:23,23183.75,23183.75,23182.25,23183,31,1.5,0.75,0,0.75,-1,,,,
MNQ SEP25,1s,1,3805,2025-07-23 10:23:24,23182.75,23184,23182.75,23183,24,1.25,0.25,1,0,1,,,,
MNQ SEP25,1s,1,3806,2025-07-23 10:23:25,23183,23184.5,23182.75,23184.5,16,1.75,1.5,0,0.25,1,,,,
MNQ SEP25,1s,1,3807,2025-07-23 10:23:26,23184.25,23184.25,23183,23183,33,1.25,1.25,0,0,-1,,,,
MNQ SEP25,1s,1,3808,2025-07-23 10:23:27,23183,23183,23182.25,23182.25,29,0.75,0.75,0,0,-1,,,,
MNQ SEP25,1s,1,3809,2025-07-23 10:23:28,23182.5,23182.5,23180.5,23180.75,53,2,1.75,0,0.25,-1,,,,
MNQ SEP25,1s,1,3810,2025-07-23 10:23:29,23180.25,23182,23180.25,23182,55,1.75,1.75,0,0,1,,,,
MNQ SEP25,1s,1,3811,2025-07-23 10:23:30,23182.75,23182.75,23182,23182,8,0.75,0.75,0,0,-1,,,,
MNQ SEP25,10s,10,5780,2025-07-23 10:23:30,23183,23184.5,23180.25,23182,284,4.25,1,1.5,1.75,-1,-149.7,-6.25,-22.6,-35.8
MNQ SEP25,1s,1,3812,2025-07-23 10:23:31,23182,23182.5,23182,23182,13,0.5,0,0.5,0,0,,,,
MNQ SEP25,1s,1,3813,2025-07-23 10:23:32,23182.5,23183.75,23182.5,23182.75,53,1.25,0.25,1,0,1,,,,
MNQ SEP25,1s,1,3814,2025-07-23 10:23:33,23183.5,23183.5,23182.25,23182.75,13,1.25,0.75,0,0.5,-1,,,,
MNQ SEP25,1s,1,3815,2025-07-23 10:23:34,23183.25,23183.75,23183.25,23183.75,12,0.5,0.5,0,0,1,,,,
MNQ SEP25,1s,1,3816,2025-07-23 10:23:35,23183.5,23183.75,23183.5,23183.5,14,0.25,0,0.25,0,0,,,,
MNQ SEP25,1s,1,3817,2025-07-23 10:23:36,23184,23184.75,23184,23184,48,0.75,0,0.75,0,0,,,,
MNQ SEP25,1s,1,3818,2025-07-23 10:23:37,23184.25,23184.75,23183.25,23184,49,1.5,0.25,0.5,0.75,-1,,,,
MNQ SEP25,1s,1,3819,2025-07-23 10:23:38,23184.25,23184.25,23183,23183,17,1.25,1.25,0,0,-1,,,,
MNQ SEP25,1s,1,3820,2025-07-23 10:23:39,23183,23183.75,23183,23183.75,10,0.75,0.75,0,0,1,,,,
MNQ SEP25,1s,1,3821,2025-07-23 10:23:40,23183.75,23184.5,23183.5,23184.25,22,1,0.5,0.25,0.25,1,,,,
MNQ SEP25,10s,10,5781,2025-07-23 10:23:40,23182,23184.75,23182,23184.25,251,2.75,2.25,0.5,0,1,-141.2,8.5,-3.9,-29.47
MNQ SEP25,20s,20,5890,2025-07-23 10:23:40,23183,23184.75,23180.25,23184.25,535,4.5,1.25,0.5,2.75,1,-208.3,53.6,-10.56666667,11.9
MNQ SEP25,1s,1,3822,2025-07-23 10:23:41,23184.25,23184.5,23183.5,23184,48,1,0.25,0.25,0.5,-1,,,,
MNQ SEP25,1s,1,3823,2025-07-23 10:23:42,23183.75,23184.5,23183.75,23184.25,24,0.75,0.5,0.25,0,1,,,,
MNQ SEP25,1s,1,3824,2025-07-23 10:23:43,23184,23184,23182.75,23184,65,1.25,0,0,1.25,0,,,,
MNQ SEP25,1s,1,3825,2025-07-23 10:23:44,23184,23184,23183.25,23183.25,13,0.75,0.75,0,0,-1,,,,
MNQ SEP25,1s,1,3826,2025-07-23 10:23:45,23183.75,23184.5,23183.5,23183.75,23,1,0,0.75,0.25,0,,,,
MNQ SEP25,1s,1,3827,2025-07-23 10:23:46,23184.25,23184.25,23182.25,23182.75,48,2,1.5,0,0.5,-1,,,,
MNQ SEP25,1s,1,3828,2025-07-23 10:23:47,23182.75,23183,23181.5,23182.25,41,1.5,0.5,0.25,0.75,-1,,,,
MNQ SEP25,1s,1,3829,2025-07-23 10:23:48,23182,23182.75,23182,23182.5,12,0.75,0.5,0.25,0,1,,,,
MNQ SEP25,1s,1,3830,2025-07-23 10:23:49,23182.25,23184.5,23182.25,23184,35,2.25,1.75,0.5,0,1,,,,
MNQ SEP25,1s,1,3831,2025-07-23 10:23:50,23184,23184.5,23184,23184.5,17,0.5,0.5,0,0,1,,,,
MNQ SEP25,10s,10,5782,2025-07-23 10:23:50,23184.25,23184.5,23181.5,23184.5,326,3,0.25,0,2.75,1,-126.05,15.15,5.8,-8.83
MNQ SEP25,1s,1,3832,2025-07-23 10:23:51,23184.25,23184.25,23183,23183.75,40,1.25,0.5,0,0.75,-1,,,,
MNQ SEP25,1s,1,3833,2025-07-23 10:23:52,23184.25,23184.5,23182,23183.5,82,2.5,0.75,0.25,1.5,-1,,,,
MNQ SEP25,1s,1,3834,2025-07-23 10:23:53,23183.5,23183.5,23182,23182.5,28,1.5,1,0,0.5,-1,,,,
MNQ SEP25,1s,1,3835,2025-07-23 10:23:54,23182.25,23183,23181.5,23181.5,33,1.5,0.75,0.75,0,-1,,,,
MNQ SEP25,1s,1,3836,2025-07-23 10:23:55,23181.75,23182.5,23181.5,23181.5,27,1,0.25,0.75,0,-1,,,,
MNQ SEP25,1s,1,3837,2025-07-23 10:23:56,23181.75,23181.75,23181.25,23181.25,6,0.5,0.5,0,0,-1,,,,
MNQ SEP25,1s,1,3838,2025-07-23 10:23:57,23181,23181.75,23180.5,23181.5,86,1.25,0.5,0.25,0.5,1,,,,
MNQ SEP25,1s,1,3839,2025-07-23 10:23:58,23181.5,23181.5,23180.5,23180.5,32,1,1,0,0,-1,,,,
MNQ SEP25,1s,1,3840,2025-07-23 10:23:59,23181.25,23181.5,23180.75,23181.5,10,0.75,0.25,0,0.5,1,,,,
MNQ SEP25,1s,1,3841,2025-07-23 10:24:00,23180.75,23181.5,23180.5,23181,34,1,0.25,0.5,0.25,1,,,,
MNQ SEP25,10s,10,5783,2025-07-23 10:24:00,23184.25,23184.5,23180.5,23181,378,4,3.25,0.25,0.5,-1,-105.85,20.2,14.61666667,4.73
MNQ SEP25,20s,20,5891,2025-07-23 10:24:00,23184.25,23184.5,23180.5,23181,704,4,3.25,0.25,0.5,-1,-302.5,-94.2,-16.61666667,-30.45
MNQ SEP25,1s,1,3842,2025-07-23 10:24:01,23180.75,23181,23180,23180.25,33,1,0.5,0.25,0.25,-1,,,,
MNQ SEP25,1s,1,3843,2025-07-23 10:24:02,23180.25,23181.5,23180,23181,58,1.5,0.75,0.5,0.25,1,,,,
MNQ SEP25,1s,1,3844,2025-07-23 10:24:03,23181.25,23181.5,23181.25,23181.5,3,0.25,0.25,0,0,1,,,,
MNQ SEP25,1s,1,3845,2025-07-23 10:24:04,23181.75,23182,23181.25,23182,16,0.75,0.25,0,0.5,1,,,,
MNQ SEP25,1s,1,3846,2025-07-23 10:24:05,23181.5,23181.5,23180.75,23181,20,0.75,0.5,0,0.25,-1,,,,
MNQ SEP25,1s,1,3847,2025-07-23 10:24:06,23180.25,23182.25,23180.25,23181.25,11,2,1,1,0,1,,,,
MNQ SEP25,1s,1,3848,2025-07-23 10:24:07,23181.5,23182,23181.25,23182,8,0.75,0.5,0,0.25,1,,,,
MNQ SEP25,1s,1,3849,2025-07-23 10:24:08,23182,23182.5,23182,23182.5,8,0.5,0.5,0,0,1,,,,
MNQ SEP25,1s,1,3850,2025-07-23 10:24:09,23182,23182,23181.5,23182,17,0.5,0,0,0.5,0,,,,
MNQ SEP25,1s,1,3851,2025-07-23 10:24:10,23181.25,23181.5,23179.5,23180.25,86,2,1,0.25,0.75,-1,,,,
MNQ SEP25,10s,10,5784,2025-07-23 10:24:10,23180.75,23182.5,23179.5,23180.25,260,3,0.5,1.75,0.75,-1,-121.8,-15.95,6.46666667,4.33
MNQ SEP25,1s,1,3852,2025-07-23 10:24:11,23180,23180.5,23179,23179.75,58,1.5,0.25,0.5,0.75,-1,,,,
MNQ SEP25,1s,1,3853,2025-07-23 10:24:12,23179.75,23180,23179.25,23179.75,37,0.75,0,0.25,0.5,0,,,,
MNQ SEP25,1s,1,3854,2025-07-23 10:24:13,23179.5,23180,23179,23179.75,16,1,0.25,0.25,0.5,1,,,,
MNQ SEP25,1s,1,3855,2025-07-23 10:24:14,23179.75,23180,23179.25,23180,30,0.75,0.25,0,0.5,1,,,,
MNQ SEP25,1s,1,3856,2025-07-23 10:24:15,23179.5,23180.25,23178.75,23178.75,70,1.5,0.75,0.75,0,-1,,,,
MNQ SEP25,1s,1,3857,2025-07-23 10:24:16,23179,23179.75,23178.75,23179.75,21,1,0.75,0,0.25,1,,,,
MNQ SEP25,1s,1,3858,2025-07-23 10:24:17,23179.25,23179.75,23179,23179.25,14,0.75,0,0.5,0.25,0,,,,
MNQ SEP25,1s,1,3859,2025-07-23 10:24:18,23179.75,23180.5,23179.75,23180,15,0.75,0.25,0.5,0,1,,,,
MNQ SEP25,1s,1,3860,2025-07-23 10:24:19,23179.75,23180.5,23178.75,23179.25,41,1.75,0.5,0.75,0.5,-1,,,,
MNQ SEP25,1s,1,3861,2025-07-23 10:24:20,23179.75,23180.25,23179.5,23180.25,23,0.75,0.5,0,0.25,1,,,,
MNQ SEP25,10s,10,5785,2025-07-23 10:24:20,23180,23180.5,23178.75,23180.25,325,1.75,0.25,0.25,1.25,1,-78.05,43.75,16,14.33
MNQ SEP25,20s,20,5892,2025-07-23 10:24:20,23180.75,23182.5,23178.75,23180.25,585,3.75,0.5,1.75,1.5,-1,-308.35,-5.85,-15.48333333,-26.35
MNQ SEP25,1s,1,3862,2025-07-23 10:24:21,23180.25,23181,23180.25,23181,7,0.75,0.75,0,0,1,,,,
MNQ SEP25,1s,1,3863,2025-07-23 10:24:22,23181,23181,23179.75,23179.75,13,1.25,1.25,0,0,-1,,,,
MNQ SEP25,1s,1,3864,2025-07-23 10:24:23,23180,23180.25,23179.25,23179.75,27,1,0.25,0.25,0.5,-1,,,,
MNQ SEP25,1s,1,3865,2025-07-23 10:24:24,23180.5,23180.5,23180.5,23180.5,2,0,0,0,0,0,,,,
MNQ SEP25,1s,1,3866,2025-07-23 10:24:25,23180,23180.5,23180,23180.25,5,0.5,0.25,0.25,0,1,,,,
MNQ SEP25,1s,1,3867,2025-07-23 10:24:26,23180.5,23180.75,23179.75,23180.25,10,1,0.25,0.25,0.5,-1,,,,
MNQ SEP25,1s,1,3868,2025-07-23 10:24:27,23180,23180,23179.75,23180,6,0.25,0,0,0.25,0,,,,
MNQ SEP25,1s,1,3869,2025-07-23 10:24:28,23180.5,23181,23180.5,23180.75,11,0.5,0.25,0.25,0,1,,,,
MNQ SEP25,1s,1,3870,2025-07-23 10:24:29,23180.25,23180.25,23179.5,23179.75,18,0.75,0.5,0,0.25,-1,,,,
MNQ SEP25,1s,1,3871,2025-07-23 10:24:30,23179.5,23179.75,23178.75,23179.25,41,1,0.25,0.25,0.5,-1,,,,
MNQ SEP25,10s,10,5786,2025-07-23 10:24:30,23180.25,23181,23178.75,23179.25,140,2.25,1,0.75,0.5,-1,-74.9,3.15,10.31666667,13.26
MNQ SEP25,1s,1,3872,2025-07-23 10:24:31,23179.75,23179.75,23178.5,23179,71,1.25,0.75,0,0.5,-1,,,,
MNQ SEP25,1s,1,3873,2025-07-23 10:24:32,23179,23179.25,23178.5,23178.5,29,0.75,0.5,0.25,0,-1,,,,
MNQ SEP25,1s,1,3874,2025-07-23 10:24:33,23178.75,23180.25,23177.75,23180,62,2.5,1.25,0.25,1,1,,,,
MNQ SEP25,1s,1,3875,2025-07-23 10:24:34,23180,23180.75,23179.75,23180,14,1,0,0.75,0.25,0,,,,
MNQ SEP25,1s,1,3876,2025-07-23 10:24:35,23179.75,23180.75,23179.5,23180.75,19,1.25,1,0,0.25,1,,,,
MNQ SEP25,1s,1,3877,2025-07-23 10:24:36,23180.25,23181.75,23180.25,23181,44,1.5,0.75,0.75,0,1,,,,
MNQ SEP25,1s,1,3878,2025-07-23 10:24:37,23181,23181,23180.75,23181,10,0.25,0,0,0.25,0,,,,
MNQ SEP25,1s,1,3879,2025-07-23 10:24:38,23181,23181,23179.75,23180,14,1.25,1,0,0.25,-1,,,,
MNQ SEP25,1s,1,3880,2025-07-23 10:24:39,23180,23180.5,23179.75,23180.5,23,0.75,0.5,0,0.25,1,,,,
MNQ SEP25,1s,1,3881,2025-07-23 10:24:40,23180,23180,23179.25,23179.5,20,0.75,0.5,0,0.25,-1,,,,
MNQ SEP25,10s,10,5787,2025-07-23 10:24:40,23179.75,23181.75,23177.75,23179.5,306,4,0.25,2,1.75,-1,-62.9,12,19.63333333,12.63
MNQ SEP25,20s,20,5893,2025-07-23 10:24:40,23180.25,23181.75,23177.75,23179.5,446,4,0.75,1.5,1.75,-1,-299.8,8.55,-30.5,-9.43
MNQ SEP25,1s,1,3882,2025-07-23 10:24:41,23179.75,23180.75,23179.75,23180.75,16,1,1,0,0,1,,,,
MNQ SEP25,1s,1,3883,2025-07-23 10:24:42,23180.25,23180.75,23180,23180,21,0.75,0.25,0.5,0,-1,,,,
MNQ SEP25,1s,1,3884,2025-07-23 10:24:43,23180,23181,23180,23181,13,1,1,0,0,1,,,,
MNQ SEP25,1s,1,3885,2025-07-23 10:24:44,23181,23181,23180.5,23180.75,11,0.5,0.25,0,0.25,-1,,,,
MNQ SEP25,1s,1,3886,2025-07-23 10:24:45,23180.25,23180.5,23180.25,23180.25,5,0.25,0,0.25,0,0,,,,
MNQ SEP25,1s,1,3887,2025-07-23 10:24:46,23180,23180,23179.25,23179.5,24,0.75,0.5,0,0.25,-1,,,,
MNQ SEP25,1s,1,3888,2025-07-23 10:24:47,23180.25,23180.75,23179.5,23179.5,14,1.25,0.75,0.5,0,-1,,,,
MNQ SEP25,1s,1,3889,2025-07-23 10:24:48,23179.5,23179.5,23178.25,23178.25,31,1.25,1.25,0,0,-1,,,,
MNQ SEP25,1s,1,3890,2025-07-23 10:24:49,23179.25,23179.5,23178.75,23179.5,21,0.75,0.25,0,0.5,1,,,,
MNQ SEP25,1s,1,3891,2025-07-23 10:24:50,23179.25,23179.75,23179,23179,19,0.75,0.25,0.5,0,-1,,,,
MNQ SEP25,10s,10,5788,2025-07-23 10:24:50,23179.75,23181,23178.25,23179,175,2.75,0.75,1.25,0.75,-1,-86.25,-23.35,-2.73333333,3.92
MNQ SEP25,1s,1,3892,2025-07-23 10:24:51,23179.25,23180,23179.25,23179.75,40,0.75,0.5,0.25,0,1,,,,
MNQ SEP25,1s,1,3893,2025-07-23 10:24:52,23179.75,23180.5,23179.75,23180.25,17,0.75,0.5,0.25,0,1,,,,
MNQ SEP25,1s,1,3894,2025-07-23 10:24:53,23180.5,23181.5,23180.5,23181.25,37,1,0.75,0.25,0,1,,,,
MNQ SEP25,1s,1,3895,2025-07-23 10:24:54,23181.75,23182,23181,23181.5,23,1,0.25,0.25,0.5,-1,,,,
MNQ SEP25,1s,1,3896,2025-07-23 10:24:55,23181,23181.5,23181,23181,8,0.5,0,0.5,0,0,,,,
MNQ SEP25,1s,1,3897,2025-07-23 10:24:56,23180.75,23181,23180.75,23180.75,17,0.25,0,0.25,0,0,,,,
MNQ SEP25,1s,1,3898,2025-07-23 10:24:57,23181,23181.5,23180.25,23181.5,24,1.25,0.5,0,0.75,1,,,,
MNQ SEP25,1s,1,3899,2025-07-23 10:24:58,23182,23182,23180.75,23181,8,1.25,1,0,0.25,-1,,,,
MNQ SEP25,1s,1,3900,2025-07-23 10:24:59,23180.5,23181,23180.25,23181,23,0.75,0.5,0,0.25,1,,,,
MNQ SEP25,1s,1,3901,2025-07-23 10:25:00,23181,23182,23181,23182,27,1,1,0,0,1,,,,
MNQ SEP25,10s,10,5789,2025-07-23 10:25:00,23179.25,23182,23179.25,23182,224,2.75,2.75,0,0,1,-91.75,-5.5,-5.61666667,6.01
MNQ SEP25,20s,20,5894,2025-07-23 10:25:00,23179.75,23182,23178.25,23182,399,3.75,2.25,0,1.5,1,-282.1,17.7,6.8,-4.04
MNQ SEP25,1s,1,3902,2025-07-23 10:25:01,23181.5,23182.5,23181.5,23182,82,1,0.5,0.5,0,1,,,,
MNQ SEP25,1s,1,3903,2025-07-23 10:25:02,23182.5,23183,23182,23182.75,47,1,0.25,0.25,0.5,1,,,,
MNQ SEP25,1s,1,3904,2025-07-23 10:25:03,23183,23183,23180.75,23181.25,67,2.25,1.75,0,0.5,-1,,,,
MNQ SEP25,1s,1,3905,2025-07-23 10:25:04,23181.25,23181.25,23179.25,23180,25,2,1.25,0,0.75,-1,,,,
MNQ SEP25,1s,1,3906,2025-07-23 10:25:05,23180.25,23180.25,23179.75,23180.25,26,0.5,0,0,0.5,0,,,,
MNQ SEP25,1s,1,3907,2025-07-23 10:25:06,23179.5,23180,23178.75,23179.5,18,1.25,0,0.5,0.75,0,,,,
MNQ SEP25,1s,1,3908,2025-07-23 10:25:07,23179.5,23180.5,23179.5,23180,33,1,0.5,0.5,0,1,,,,
MNQ SEP25,1s,1,3909,2025-07-23 10:25:08,23180.25,23181,23180.25,23181,21,0.75,0.75,0,0,1,,,,
MNQ SEP25,1s,1,3910,2025-07-23 10:25:09,23181,23182.25,23181,23182,26,1.25,1,0.25,0,1,,,,
MNQ SEP25,1s,1,3911,2025-07-23 10:25:10,23182.25,23183.5,23182,23182,80,1.5,0.25,1.25,0,-1,,,,
MNQ SEP25,10s,10,5790,2025-07-23 10:25:10,23181.5,23183.5,23178.75,23182,425,4.75,0.5,1.5,2.75,1,-82.45,9.3,-6.51666667,-0.88
MNQ SEP25,1s,1,3912,2025-07-23 10:25:11,23182.75,23183,23181.5,23182,38,1.5,0.75,0.25,0.5,-1,,,,
MNQ SEP25,1s,1,3913,2025-07-23 10:25:12,23182,23182.25,23181.75,23181.75,13,0.5,0.25,0.25,0,-1,,,,
MNQ SEP25,1s,1,3914,2025-07-23 10:25:13,23183.75,23184.5,23182.75,23184,75,1.75,0.25,0.5,1,1,,,,
MNQ SEP25,1s,1,3915,2025-07-23 10:25:14,23183.5,23184.5,23183.25,23184,21,1.25,0.5,0.5,0.25,1,,,,
MNQ SEP25,1s,1,3916,2025-07-23 10:25:15,23184.5,23184.5,23183,23183.75,61,1.5,0.75,0,0.75,-1,,,,
MNQ SEP25,1s,1,3917,2025-07-23 10:25:16,23183.25,23184.5,23183.25,23183.75,50,1.25,0.5,0.75,0,1,,,,
MNQ SEP25,1s,1,3918,2025-07-23 10:25:17,23183.5,23184.25,23183.25,23184,36,1,0.5,0.25,0.25,1,,,,
MNQ SEP25,1s,1,3919,2025-07-23 10:25:18,23184,23184.5,23183.5,23184.25,44,1,0.25,0.25,0.5,1,,,,
MNQ SEP25,1s,1,3920,2025-07-23 10:25:19,23184.25,23184.5,23183.5,23184.5,41,1,0.25,0,0.75,1,,,,
MNQ SEP25,1s,1,3921,2025-07-23 10:25:20,23184,23186.5,23184,23185.5,257,2.5,1.5,1,0,1,,,,
MNQ SEP25,10s,10,5791,2025-07-23 10:25:20,23182.75,23186.5,23181.5,23185.5,636,5,2.75,1,1.25,1,9.5,91.95,31.91666667,16.88
MNQ SEP25,20s,20,5895,2025-07-23 10:25:20,23181.5,23186.5,23178.75,23185.5,1061,7.75,4,1,2.75,1,-179.6,102.5,42.91666667,5.74
MNQ SEP25,1s,1,3922,2025-07-23 10:25:21,23185.75,23186.5,23185.25,23185.25,86,1.25,0.5,0.75,0,-1,,,,
MNQ SEP25,1s,1,3923,2025-07-23 10:25:22,23185.25,23185.5,23184,23185,139,1.5,0.25,0.25,1,-1,,,,
MNQ SEP25,1s,1,3924,2025-07-23 10:25:23,23185,23185.75,23185,23185.75,55,0.75,0.75,0,0,1,,,,
MNQ SEP25,1s,1,3925,2025-07-23 10:25:24,23185.75,23186.25,23185.5,23186,29,0.75,0.25,0.25,0.25,1,,,,
MNQ SEP25,1s,1,3926,2025-07-23 10:25:25,23185.75,23186.75,23185.25,23186.75,54,1.5,1,0,0.5,1,,,,
MNQ SEP25,1s,1,3927,2025-07-23 10:25:26,23186.25,23187,23186,23187,87,1,0.75,0,0.25,1,,,,
MNQ SEP25,1s,1,3928,2025-07-23 10:25:27,23186.5,23188,23186.5,23187.25,169,1.5,0.75,0.75,0,1,,,,
MNQ SEP25,1s,1,3929,2025-07-23 10:25:28,23187.5,23187.5,23186.25,23187,111,1.25,0.5,0,0.75,-1,,,,
MNQ SEP25,1s,1,3930,2025-07-23 10:25:29,23187,23187.75,23186.25,23187.5,50,1.5,0.5,0.25,0.75,1,,,,
MNQ SEP25,1s,1,3931,2025-07-23 10:25:30,23187.75,23190,23187.75,23189,289,2.25,1.25,1,0,1,,,,
MNQ SEP25,10s,10,5792,2025-07-23 10:25:30,23185.75,23190,23184,23189,1069,6,3.25,1,1.75,1,144.7,135.2,78.81666667,41.52
MNQ SEP25,1s,1,3932,2025-07-23 10:25:31,23189,23189,23187.5,23189,88,1.5,0,0,1.5,0,,,,
MNQ SEP25,1s,1,3933,2025-07-23 10:25:32,23189,23189.75,23188.5,23189.25,45,1.25,0.25,0.5,0.5,1,,,,
MNQ SEP25,1s,1,3934,2025-07-23 10:25:33,23189.75,23191,23189.5,23190.25,208,1.5,0.5,0.75,0.25,1,,,,
MNQ SEP25,1s,1,3935,2025-07-23 10:25:34,23190.25,23192,23190,23191,143,2,0.75,1,0.25,1,,,,
MNQ SEP25,1s,1,3936,2025-07-23 10:25:35,23191.25,23192,23190.25,23190.5,133,1.75,0.75,0.75,0.25,-1,,,,
MNQ SEP25,1s,1,3937,2025-07-23 10:25:36,23191,23191,23189.25,23190,123,1.75,1,0,0.75,-1,,,,
MNQ SEP25,1s,1,3938,2025-07-23 10:25:37,23190,23190.25,23189.5,23190.25,46,0.75,0.25,0,0.5,1,,,,
MNQ SEP25,1s,1,3939,2025-07-23 10:25:38,23190,23190.25,23188.5,23188.5,100,1.75,1.5,0.25,0,-1,,,,
MNQ SEP25,1s,1,3940,2025-07-23 10:25:39,23189,23189,23187.75,23188.5,51,1.25,0.5,0,0.75,-1,,,,
MNQ SEP25,1s,1,3941,2025-07-23 10:25:40,23188.5,23188.5,23184.75,23185.5,191,3.75,3,0,0.75,-1,,,,
MNQ SEP25,10s,10,5793,2025-07-23 10:25:40,23189,23192,23184.75,23185.5,1128,7.25,3.5,3,0.75,-1,307.75,163.05,130.06666667,78.8
MNQ SEP25,20s,20,5896,2025-07-23 10:25:40,23185.75,23192,23184,23185.5,2197,8,0.25,6.25,1.5,-1,48.95,228.55,116.25,70.29
MNQ SEP25,1s,1,3942,2025-07-23 10:25:41,23185.75,23186,23185.25,23185.75,39,0.75,0,0.25,0.5,0,,,,
MNQ SEP25,1s,1,3943,2025-07-23 10:25:42,23185.75,23187.25,23185.75,23186.25,54,1.5,0.5,1,0,1,,,,
MNQ SEP25,1s,1,3944,2025-07-23 10:25:43,23186.5,23186.5,23185.25,23185.25,43,1.25,1.25,0,0,-1,,,,
MNQ SEP25,1s,1,3945,2025-07-23 10:25:44,23185.75,23187.25,23185.5,23187.25,51,1.75,1.5,0,0.25,1,,,,
MNQ SEP25,1s,1,3946,2025-07-23 10:25:45,23187.25,23188.25,23186.5,23188.25,41,1.75,1,0,0.75,1,,,,
MNQ SEP25,1s,1,3947,2025-07-23 10:25:46,23187.5,23187.5,23186.25,23187,42,1.25,0.5,0,0.75,-1,,,,
MNQ SEP25,1s,1,3948,2025-07-23 10:25:47,23187,23187.5,23186.25,23187,20,1.25,0,0.5,0.75,0,,,,
MNQ SEP25,1s,1,3949,2025-07-23 10:25:48,23187,23187.25,23186.5,23187.25,60,0.75,0.25,0,0.5,1,,,,
MNQ SEP25,1s,1,3950,2025-07-23 10:25:49,23187,23187.25,23186.25,23186.25,21,1,0.75,0.25,0,-1,,,,
MNQ SEP25,1s,1,3951,2025-07-23 10:25:50,23186.75,23186.75,23186.25,23186.25,10,0.5,0.5,0,0,-1,,,,
MNQ SEP25,10s,10,5794,2025-07-23 10:25:50,23185.75,23188.25,23185.25,23186.25,381,3,0.5,2,0.5,1,339.15,31.4,109.88333333,86.18
MNQ SEP25,1s,1,3952,2025-07-23 10:25:51,23186.75,23186.75,23184.75,23185,85,2,1.75,0,0.25,-1,,,,
MNQ SEP25,1s,1,3953,2025-07-23 10:25:52,23185.5,23186.25,23185.25,23185.5,36,1,0,0.75,0.25,0,,,,
MNQ SEP25,1s,1,3954,2025-07-23 10:25:53,23185.75,23186,23184.5,23184.75,22,1.5,1,0.25,0.25,-1,,,,
MNQ SEP25,1s,1,3955,2025-07-23 10:25:54,23184.75,23186.25,23184.75,23185.5,34,1.5,0.75,0.75,0,1,,,,
MNQ SEP25,1s,1,3956,2025-07-23 10:25:55,23185.75,23186.25,23185.5,23186.25,18,0.75,0.5,0,0.25,1,,,,
MNQ SEP25,1s,1,3957,2025-07-23 10:25:56,23185.5,23186,23185,23185.5,21,1,0,0.5,0.5,0,,,,
MNQ SEP25,1s,1,3958,2025-07-23 10:25:57,23185.5,23185.5,23185,23185,19,0.5,0.5,0,0,-1,,,,
MNQ SEP25,1s,1,3959,2025-07-23 10:25:58,23185,23186.25,23183.25,23186,99,3,1,0.25,1.75,1,,,,
MNQ SEP25,1s,1,3960,2025-07-23 10:25:59,23186.25,23186.25,23185.25,23185.25,29,1,1,0,0,-1,,,,
MNQ SEP25,1s,1,3961,2025-07-23 10:26:00,23185.25,23186.25,23185.25,23186,35,1,0.75,0.25,0,1,,,,
MNQ SEP25,10s,10,5795,2025-07-23 10:26:00,23186.75,23186.75,23183.25,23186,398,3.5,0.75,0,2.75,-1,332.65,-6.5,62.65,83.02
MNQ SEP25,20s,20,5897,2025-07-23 10:26:00,23185.75,23188.25,23183.25,23186,779,5,0.25,2.25,2.5,1,106.75,57.8,129.61666667,83.02
MNQ SEP25,1s,1,3962,2025-07-23 10:26:01,23185.5,23187,23185.5,23186.5,66,1.5,1,0.5,0,1,,,,
MNQ SEP25,1s,1,3963,2025-07-23 10:26:02,23186,23186,23184.75,23184.75,58,1.25,1.25,0,0,-1,,,,
MNQ SEP25,1s,1,3964,2025-07-23 10:26:03,23185,23185,23183.25,23183.5,78,1.75,1.5,0,0.25,-1,,,,
MNQ SEP25,1s,1,3965,2025-07-23 10:26:04,23183.25,23184.25,23180.75,23182.25,192,3.5,1,1,1.5,-1,,,,
MNQ SEP25,1s,1,3966,2025-07-23 10:26:05,23182.25,23183,23181.25,23182.5,63,1.75,0.25,0.5,1,1,,,,
MNQ SEP25,1s,1,3967,2025-07-23 10:26:06,23181,23181.75,23180.75,23181.75,52,1,0.75,0,0.25,1,,,,
MNQ SEP25,1s,1,3968,2025-07-23 10:26:07,23183,23183.25,23182,23182,42,1.25,1,0.25,0,-1,,,,
MNQ SEP25,1s,1,3969,2025-07-23 10:26:08,23182.25,23182.25,23181,23181,45,1.25,1.25,0,0,-1,,,,
MNQ SEP25,1s,1,3970,2025-07-23 10:26:09,23181,23181.75,23179.25,23179.25,94,2.5,1.75,0.75,0,-1,,,,
MNQ SEP25,1s,1,3971,2025-07-23 10:26:10,23179.25,23179.5,23172.5,23179.25,628,7,0,0.25,6.75,0,,,,
MNQ SEP25,10s,10,5796,2025-07-23 10:26:10,23185.5,23187,23172.5,23179.25,1318,14.5,6.25,1.5,6.75,-1,415,82.35,35.75,81.1
MNQ SEP25,1s,1,3972,2025-07-23 10:26:11,23178.75,23179,23177.5,23178.5,102,1.5,0.25,0.25,1,-1,,,,
MNQ SEP25,1s,1,3973,2025-07-23 10:26:12,23178.75,23179,23177.75,23178.5,53,1.25,0.25,0.25,0.75,-1,,,,
MNQ SEP25,1s,1,3974,2025-07-23 10:26:13,23179.25,23179.25,23177.75,23177.75,81,1.5,1.5,0,0,-1,,,,
MNQ SEP25,1s,1,3975,2025-07-23 10:26:14,23178,23178,23175.25,23175.75,70,2.75,2.25,0,0.5,-1,,,,
MNQ SEP25,1s,1,3976,2025-07-23 10:26:15,23175.75,23176.5,23174.75,23176.25,118,1.75,0.5,0.25,1,1,,,,
MNQ SEP25,1s,1,3977,2025-07-23 10:26:16,23176,23177.5,23176,23177.5,66,1.5,1.5,0,0,1,,,,
MNQ SEP25,1s,1,3978,2025-07-23 10:26:17,23178,23178.75,23176.75,23178.75,95,2,0.75,0,1.25,1,,,,
MNQ SEP25,1s,1,3979,2025-07-23 10:26:18,23179,23179,23177.5,23178,50,1.5,1,0,0.5,-1,,,,
MNQ SEP25,1s,1,3980,2025-07-23 10:26:19,23177.75,23178.25,23176.75,23176.75,28,1.5,1,0.5,0,-1,,,,
MNQ SEP25,1s,1,3981,2025-07-23 10:26:20,23177,23177.25,23176.5,23177,45,0.75,0,0.25,0.5,0,,,,
MNQ SEP25,10s,10,5797,2025-07-23 10:26:20,23178.75,23179.25,23174.75,23177,708,4.5,1.75,0.5,2.25,-1,319.4,-95.6,-6.58333333,34.94
MNQ SEP25,20s,20,5898,2025-07-23 10:26:20,23185.5,23187,23172.5,23177,2026,14.5,8.5,1.5,4.5,-1,381.1,274.35,186.9,136.18
MNQ SEP25,1s,1,3982,2025-07-23 10:26:21,23176.5,23177,23175.5,23176.5,64,1.5,0,0.5,1,0,,,,
MNQ SEP25,1s,1,3983,2025-07-23 10:26:22,23177,23178,23177,23178,36,1,1,0,0,1,,,,
MNQ SEP25,1s,1,3984,2025-07-23 10:26:23,23178,23178,23177,23177.25,25,1,0.75,0,0.25,-1,,,,
MNQ SEP25,1s,1,3985,2025-07-23 10:26:24,23177.25,23178.5,23177.25,23178.25,36,1.25,1,0.25,0,1,,,,
MNQ SEP25,1s,1,3986,2025-07-23 10:26:25,23178.5,23179,23178,23178.5,40,1,0,0.5,0.5,0,,,,
MNQ SEP25,1s,1,3987,2025-07-23 10:26:26,23178.25,23178.5,23177.5,23177.5,21,1,0.75,0.25,0,-1,,,,
MNQ SEP25,1s,1,3988,2025-07-23 10:26:27,23177.75,23178,23176.75,23177.25,22,1.25,0.5,0.25,0.5,-1,,,,
MNQ SEP25,1s,1,3989,2025-07-23 10:26:28,23176.75,23177.25,23176.25,23176.75,39,1,0,0.5,0.5,0,,,,
MNQ SEP25,1s,1,3990,2025-07-23 10:26:29,23177,23178,23176.75,23178,38,1.25,1,0,0.25,1,,,,
MNQ SEP25,1s,1,3991,2025-07-23 10:26:30,23177.75,23178.75,23177.5,23178.75,66,1.25,1,0,0.25,1,,,,
MNQ SEP25,10s,10,5798,2025-07-23 10:26:30,23176.5,23179,23175.5,23178.75,387,3.5,2.25,0.25,1,1,166.45,-152.95,-55.4,-28.26
MNQ SEP25,1s,1,3992,2025-07-23 10:26:31,23179,23180,23177.5,23179.25,93,2.5,0.25,0.75,1.5,1,,,,
MNQ SEP25,1s,1,3993,2025-07-23 10:26:32,23179.5,23180.25,23179.5,23180.25,36,0.75,0.75,0,0,1,,,,
MNQ SEP25,1s,1,3994,2025-07-23 10:26:33,23180.75,23181.5,23180.75,23180.75,20,0.75,0,0.75,0,0,,,,
MNQ SEP25,1s,1,3995,2025-07-23 10:26:34,23180.5,23182.75,23180.5,23182.75,44,2.25,2.25,0,0,1,,,,
MNQ SEP25,1s,1,3996,2025-07-23 10:26:35,23183,23183,23180.5,23181,73,2.5,2,0,0.5,-1,,,,
MNQ SEP25,1s,1,3997,2025-07-23 10:26:36,23181.5,23183.5,23181.5,23183.5,53,2,2,0,0,1,,,,
MNQ SEP25,1s,1,3998,2025-07-23 10:26:37,23182.75,23183.5,23182.5,23183,47,1,0.25,0.5,0.25,1,,,,
MNQ SEP25,1s,1,3999,2025-07-23 10:26:38,23183.25,23183.25,23182.5,23183,37,0.75,0.25,0,0.5,-1,,,,
MNQ SEP25,1s,1,4000,2025-07-23 10:26:39,23182.75,23183.5,23181.75,23182,39,1.75,0.75,0.75,0.25,-1,,,,
MNQ SEP25,1s,1,4001,2025-07-23 10:26:40,23182.25,23182.25,23181,23182.25,38,1.25,0,0,1.25,0,,,,
MNQ SEP25,10s,10,5799,2025-07-23 10:26:40,23179,23183.5,23177.5,23182.25,480,6,3.25,1.25,1.5,1,178.25,11.8,-78.91666667,-32.18
MNQ SEP25,20s,20,5899,2025-07-23 10:26:40,23176.5,23183.5,23175.5,23182.25,867,8,5.75,1.25,1,1,469.6,88.5,140.21666667,150.34
MNQ SEP25,1s,1,4002,2025-07-23 10:26:41,23182.25,23182.25,23181,23181,46,1.25,1.25,0,0,-1,,,,
MNQ SEP25,1s,1,4003,2025-07-23 10:26:42,23181.5,23181.5,23181,23181,19,0.5,0.5,0,0,-1,,,,
MNQ SEP25,1s,1,4004,2025-07-23 10:26:43,23181.5,23181.75,23180,23180,39,1.75,1.5,0.25,0,-1,,,,
MNQ SEP25,1s,1,4005,2025-07-23 10:26:44,23180,23180,23178.75,23178.75,44,1.25,1.25,0,0,-1,,,,
MNQ SEP25,1s,1,4006,2025-07-23 10:26:45,23179,23179.5,23179,23179,14,0.5,0,0.5,0,0,,,,
MNQ SEP25,1s,1,4007,2025-07-23 10:26:46,23178.75,23179,23178.75,23179,21,0.25,0.25,0,0,1,,,,
MNQ SEP25,1s,1,4008,2025-07-23 10:26:47,23179.25,23179.25,23178.25,23179,29,1,0.25,0,0.75,-1,,,,
MNQ SEP25,1s,1,4009,2025-07-23 10:26:48,23178.5,23179,23177.75,23179,59,1.25,0.5,0,0.75,1,,,,
MNQ SEP25,1s,1,4010,2025-07-23 10:26:49,23179,23179.75,23178.5,23179,42,1.25,0,0.75,0.5,0,,,,
MNQ SEP25,1s,1,4011,2025-07-23 10:26:50,23179,23179.25,23178.25,23178.5,33,1,0.5,0.25,0.25,-1,,,,
MNQ SEP25,10s,10,5800,2025-07-23 10:26:50,23182.25,23182.25,23177.75,23178.5,346,4.5,3.75,0,0.75,-1,164.75,-13.5,-51.55,-33.58
MNQ SEP25,1s,1,4012,2025-07-23 10:26:51,23178.5,23178.75,23177.75,23178.25,30,1,0.25,0.25,0.5,-1,,,,
MNQ SEP25,1s,1,4013,2025-07-23 10:26:52,23178.25,23178.25,23176.5,23177.5,48,1.75,0.75,0,1,-1,,,,
MNQ SEP25,1s,1,4014,2025-07-23 10:26:53,23178.25,23178.75,23177.75,23177.75,17,1,0.5,0.5,0,-1,,,,
MNQ SEP25,1s,1,4015,2025-07-23 10:26:54,23177.75,23177.75,23176.75,23176.75,14,1,1,0,0,-1,,,,
MNQ SEP25,1s,1,4016,2025-07-23 10:26:55,23176.5,23178,23176.5,23176.75,26,1.5,0.25,1.25,0,1,,,,
MNQ SEP25,1s,1,4017,2025-07-23 10:26:56,23176.75,23177.25,23176,23176.5,61,1.25,0.25,0.5,0.5,-1,,,,
MNQ SEP25,1s,1,4018,2025-07-23 10:26:57,23176.75,23177.25,23176.5,23176.5,13,0.75,0.25,0.5,0,-1,,,,
MNQ SEP25,1s,1,4019,2025-07-23 10:26:58,23177,23177.5,23176.5,23177.25,32,1,0.25,0.25,0.5,1,,,,
MNQ SEP25,1s,1,4020,2025-07-23 10:26:59,23176.75,23177.25,23176.25,23177,33,1,0.25,0.25,0.5,1,,,,
MNQ SEP25,1s,1,4021,2025-07-23 10:27:00,23177,23177.5,23176.25,23177.25,24,1.25,0.25,0.25,0.75,1,,,,
MNQ SEP25,10s,10,5801,2025-07-23 10:27:00,23178.5,23178.75,23176,23177.25,298,2.75,1.25,0.25,1.25,-1,-41.6,-206.35,-69.35,-91.32
MNQ SEP25,20s,20,5900,2025-07-23 10:27:00,23182.25,23182.25,23176,23177.25,644,6.25,5,0,1.25,-1,398.6,-71,97.28333333,115.64
MNQ SEP25,1s,1,4022,2025-07-23 10:27:01,23177.25,23178.25,23176.25,23177.75,60,2,0.5,0.5,1,1,,,,
MNQ SEP25,1s,1,4023,2025-07-23 10:27:02,23177.75,23177.75,23177,23177.5,18,0.75,0.25,0,0.5,-1,,,,
MNQ SEP25,1s,1,4024,2025-07-23 10:27:03,23177.5,23177.5,23175.75,23176.25,41,1.75,1.25,0,0.5,-1,,,,
MNQ SEP25,1s,1,4025,2025-07-23 10:27:04,23175.75,23177.25,23175.5,23176.5,41,1.75,0.75,0.75,0.25,1,,,,
MNQ SEP25,1s,1,4026,2025-07-23 10:27:05,23176.5,23177,23176.5,23176.75,30,0.5,0.25,0.25,0,1,,,,
MNQ SEP25,1s,1,4027,2025-07-23 10:27:06,23177,23178.25,23176.75,23177,42,1.5,0,1.25,0.25,0,,,,
MNQ SEP25,1s,1,4028,2025-07-23 10:27:07,23176.5,23176.75,23176,23176.25,47,0.75,0.25,0.25,0.25,-1,,,,
MNQ SEP25,1s,1,4029,2025-07-23 10:27:08,23176.75,23176.75,23175.75,23175.75,14,1,1,0,0,-1,,,,
MNQ SEP25,1s,1,4030,2025-07-23 10:27:09,23175.75,23176,23174.5,23175.5,84,1.5,0.25,0.25,1,-1,,,,
MNQ SEP25,1s,1,4031,2025-07-23 10:27:10,23175.25,23175.75,23174.75,23175.25,32,1,0,0.5,0.5,0,,,,
MNQ SEP25,10s,10,5802,2025-07-23 10:27:10,23177.25,23178.25,23174.5,23175.25,409,3.75,2,1,0.75,-1,-105.55,-63.95,-94.6,-84.99
MNQ SEP25,1s,1,4032,2025-07-23 10:27:11,23174.75,23176.5,23174.75,23175.75,41,1.75,1,0.75,0,1,,,,
MNQ SEP25,1s,1,4033,2025-07-23 10:27:12,23176.25,23178.5,23175.75,23178.5,30,2.75,2.25,0,0.5,1,,,,
MNQ SEP25,1s,1,4034,2025-07-23 10:27:13,23178.25,23179,23178.25,23178.75,39,0.75,0.5,0.25,0,1,,,,
MNQ SEP25,1s,1,4035,2025-07-23 10:27:14,23178.75,23179.25,23178.25,23178.75,27,1,0,0.5,0.5,0,,,,
MNQ SEP25,1s,1,4036,2025-07-23 10:27:15,23179,23179.5,23178.25,23178.75,37,1.25,0.25,0.5,0.5,-1,,,,
MNQ SEP25,1s,1,4037,2025-07-23 10:27:16,23179,23179,23178.5,23178.5,12,0.5,0.5,0,0,-1,,,,
MNQ SEP25,1s,1,4038,2025-07-23 10:27:17,23178.75,23179.25,23178,23178.75,23,1.25,0,0.5,0.75,0,,,,
MNQ SEP25,1s,1,4039,2025-07-23 10:27:18,23179.5,23179.75,23178.75,23179.75,28,1,0.25,0,0.75,1,,,,
MNQ SEP25,1s,1,4040,2025-07-23 10:27:19,23179.75,23180.25,23179.75,23180.25,37,0.5,0.5,0,0,1,,,,
MNQ SEP25,1s,1,4041,2025-07-23 10:27:20,23180.25,23180.25,23179.5,23179.5,16,0.75,0.75,0,0,-1,,,,
MNQ SEP25,10s,10,5803,2025-07-23 10:27:20,23174.75,23180.25,23174.75,23179.5,290,5.5,4.75,0.75,0,1,-120.55,-15,-95.1,-57.4
MNQ SEP25,20s,20,5901,2025-07-23 10:27:20,23177.25,23180.25,23174.5,23179.5,699,5.75,2.25,0.75,2.75,1,100.2,-298.4,-93.63333333,10.25
MNQ SEP25,1s,1,4042,2025-07-23 10:27:21,23179.5,23179.5,23178,23178.75,30,1.5,0.75,0,0.75,-1,,,,
MNQ SEP25,1s,1,4043,2025-07-23 10:27:22,23179.5,23180.25,23179.25,23180,19,1,0.5,0.25,0.25,1,,,,
MNQ SEP25,1s,1,4044,2025-07-23 10:27:23,23180,23180.25,23180,23180,4,0.25,0,0.25,0,0,,,,
MNQ SEP25,1s,1,4045,2025-07-23 10:27:24,23179.5,23179.5,23178.75,23179.25,10,0.75,0.25,0,0.5,-1,,,,
MNQ SEP25,1s,1,4046,2025-07-23 10:27:25,23178.75,23178.75,23177.5,23177.5,17,1.25,1.25,0,0,-1,,,,
MNQ SEP25,1s,1,4047,2025-07-23 10:27:26,23177.75,23179.75,23177.75,23179.75,20,2,2,0,0,1,,,,
MNQ SEP25,1s,1,4048,2025-07-23 10:27:27,23179.25,23179.5,23178.75,23179.5,6,0.75,0.25,0,0.5,1,,,,
MNQ SEP25,1s,1,4049,2025-07-23 10:27:28,23179.75,23180,23179.5,23180,11,0.5,0.25,0,0.25,1,,,,
MNQ SEP25,1s,1,4050,2025-07-23 10:27:29,23180,23180.75,23180,23180.75,66,0.75,0.75,0,0,1,,,,
MNQ SEP25,1s,1,4051,2025-07-23 10:27:30,23180.5,23181.5,23180,23180.75,35,1.5,0.25,0.75,0.5,1,,,,
MNQ SEP25,10s,10,5804,2025-07-23 10:27:30,23179.5,23181.5,23177.5,23180.75,218,4,1.25,0.75,2,1,-170.85,-50.3,-43.08333333,-69.82
MNQ SEP25,1s,1,4052,2025-07-23 10:27:31,23180.25,23181,23179.75,23180.25,31,1.25,0,0.75,0.5,0,,,,
MNQ SEP25,1s,1,4053,2025-07-23 10:27:32,23180.5,23180.75,23180.25,23180.75,32,0.5,0.25,0,0.25,1,,,,
MNQ SEP25,1s,1,4054,2025-07-23 10:27:33,23180.25,23180.75,23180.25,23180.25,25,0.5,0,0.5,0,0,,,,
MNQ SEP25,1s,1,4055,2025-07-23 10:27:34,23180.75,23181,23180.5,23181,14,0.5,0.25,0,0.25,1,,,,
MNQ SEP25,1s,1,4056,2025-07-23 10:27:35,23181,23181,23180.5,23181,10,0.5,0,0,0.5,0,,,,
MNQ SEP25,1s,1,4057,2025-07-23 10:27:36,23181,23181,23180.75,23181,7,0.25,0,0,0.25,0,,,,
MNQ SEP25,1s,1,4058,2025-07-23 10:27:37,23181.25,23182.25,23181.25,23182.25,38,1,1,0,0,1,,,,
MNQ SEP25,1s,1,4059,2025-07-23 10:27:38,23182.25,23182.5,23181.75,23182.25,28,0.75,0,0.25,0.5,0,,,,
MNQ SEP25,1s,1,4060,2025-07-23 10:27:39,23182.25,23182.25,23181.25,23181.25,24,1,1,0,0,-1,,,,
MNQ SEP25,1s,1,4061,2025-07-23 10:27:40,23181.75,23181.75,23180.5,23181,33,1.25,0.75,0,0.5,-1,,,,
MNQ SEP25,10s,10,5805,2025-07-23 10:27:40,23180.25,23182.5,23179.75,23181,242,2.75,0.75,1.5,0.5,1,-187.5,-16.65,-27.31666667,-70.45
MNQ SEP25,20s,20,5902,2025-07-23 10:27:40,23179.5,23182.5,23177.5,23181,460,5,1.5,1.5,2,1,74.25,-25.95,-131.78333333,-6.5
MNQ SEP25,1s,1,4062,2025-07-23 10:27:41,23181,23181.5,23181,23181.25,13,0.5,0.25,0.25,0,1,,,,
MNQ SEP25,1s,1,4063,2025-07-23 10:27:42,23181.25,23181.25,23180.5,23180.5,6,0.75,0.75,0,0,-1,,,,
MNQ SEP25,1s,1,4064,2025-07-23 10:27:43,23180.5,23180.75,23179.75,23180,47,1,0.5,0.25,0.25,-1,,,,
MNQ SEP25,1s,1,4065,2025-07-23 10:27:44,23180.25,23181,23179.75,23181,54,1.25,0.75,0,0.5,1,,,,
MNQ SEP25,1s,1,4066,2025-07-23 10:27:45,23180.5,23180.5,23179.5,23180.25,21,1,0.25,0,0.75,-1,,,,
MNQ SEP25,1s,1,4067,2025-07-23 10:27:46,23180.5,23180.5,23179.75,23179.75,20,0.75,0.75,0,0,-1,,,,
MNQ SEP25,1s,1,4068,2025-07-23 10:27:47,23180.5,23180.5,23179.75,23180,22,0.75,0.5,0,0.25,-1,,,,
MNQ SEP25,1s,1,4069,2025-07-23 10:27:48,23180.25,23180.25,23179.5,23179.75,12,0.75,0.5,0,0.25,-1,,,,
MNQ SEP25,1s,1,4070,2025-07-23 10:27:49,23179.5,23179.75,23179.25,23179.75,22,0.5,0.25,0,0.25,1,,,,
MNQ SEP25,1s,1,4071,2025-07-23 10:27:50,23180,23180.75,23179.75,23180.75,21,1,0.75,0,0.25,1,,,,
MNQ SEP25,10s,10,5806,2025-07-23 10:27:50,23181,23181.5,23179.25,23180.75,238,2.25,0.25,0.5,1.5,-1,-204.4,-16.9,-27.95,-32.56
MNQ SEP25,1s,1,4072,2025-07-23 10:27:51,23181,23182,23180.5,23181.5,19,1.5,0.5,0.5,0.5,1,,,,
MNQ SEP25,1s,1,4073,2025-07-23 10:27:52,23181.5,23182,23181.5,23181.75,18,0.5,0.25,0.25,0,1,,,,
MNQ SEP25,1s,1,4074,2025-07-23 10:27:53,23181.75,23182,23181.25,23181.75,34,0.75,0,0.25,0.5,0,,,,
MNQ SEP25,1s,1,4075,2025-07-23 10:27:54,23181.75,23182.25,23180.5,23181.25,22,1.75,0.5,0.5,0.75,-1,,,,
MNQ SEP25,1s,1,4076,2025-07-23 10:27:55,23181.75,23181.75,23181,23181,17,0.75,0.75,0,0,-1,,,,
MNQ SEP25,1s,1,4077,2025-07-23 10:27:56,23180.75,23181.5,23180.5,23181.5,22,1,0.75,0,0.25,1,,,,
MNQ SEP25,1s,1,4078,2025-07-23 10:27:57,23182,23182.75,23181.75,23182,34,1,0,0.75,0.25,0,,,,
MNQ SEP25,1s,1,4079,2025-07-23 10:27:58,23181.25,23182,23180,23180,24,2,1.25,0.75,0,-1,,,,
MNQ SEP25,1s,1,4080,2025-07-23 10:27:59,23180,23180.75,23179.5,23180.5,29,1.25,0.5,0.25,0.5,1,,,,
MNQ SEP25,1s,1,4081,2025-07-23 10:28:00,23180.5,23181.25,23180.5,23181.25,19,0.75,0.75,0,0,1,,,,
MNQ SEP25,10s,10,5807,2025-07-23 10:28:00,23181,23182.75,23179.5,23181.25,238,3.25,0.25,1.5,1.5,1,-235.2,-30.8,-21.45,-25.93
MNQ SEP25,20s,20,5903,2025-07-23 10:28:00,23181,23182.75,23179.25,23181.25,476,3.5,0.25,1.5,1.75,1,-195.9,-270.15,-198.16666667,-115.4
MNQ SEP25,1s,1,4082,2025-07-23 10:28:01,23180.75,23181.75,23180.5,23181,12,1.25,0.25,0.75,0.25,1,,,,
MNQ SEP25,1s,1,4083,2025-07-23 10:28:02,23181.75,23181.75,23180.75,23181,25,1,0.75,0,0.25,-1,,,,
MNQ SEP25,1s,1,4084,2025-07-23 10:28:03,23181.25,23181.5,23180.5,23181,18,1,0.25,0.25,0.5,-1,,,,
MNQ SEP25,1s,1,4085,2025-07-23 10:28:04,23181.25,23181.5,23181,23181,5,0.5,0.25,0.25,0,-1,,,,
MNQ SEP25,1s,1,4086,2025-07-23 10:28:05,23181.75,23181.75,23181.25,23181.5,10,0.5,0.25,0,0.25,-1,,,,
MNQ SEP25,1s,1,4087,2025-07-23 10:28:06,23182,23182.75,23182,23182.75,20,0.75,0.75,0,0,1,,,,
MNQ SEP25,1s,1,4088,2025-07-23 10:28:07,23183,23183.5,23182.25,23182.25,54,1.25,0.75,0.5,0,-1,,,,
MNQ SEP25,1s,1,4089,2025-07-23 10:28:08,23182.75,23183.5,23182.75,23183.25,34,0.75,0.5,0.25,0,1,,,,
MNQ SEP25,1s,1,4090,2025-07-23 10:28:09,23183.5,23184,23182.25,23182.75,41,1.75,0.75,0.5,0.5,-1,,,,
MNQ SEP25,1s,1,4091,2025-07-23 10:28:10,23183,23183,23181.75,23183,69,1.25,0,0,1.25,0,,,,
MNQ SEP25,10s,10,5808,2025-07-23 10:28:10,23180.75,23184,23180.5,23183,288,3.5,2.25,1,0.25,1,-241.25,-6.05,-17.91666667,-24.14
MNQ SEP25,1s,1,4092,2025-07-23 10:28:11,23183.25,23184.5,23183.25,23184.5,39,1.25,1.25,0,0,1,,,,
MNQ SEP25,1s,1,4093,2025-07-23 10:28:12,23184.25,23185,23183.75,23184.75,71,1.25,0.5,0.25,0.5,1,,,,
MNQ SEP25,1s,1,4094,2025-07-23 10:28:13,23185,23185.25,23184,23184.25,49,1.25,0.75,0.25,0.25,-1,,,,
MNQ SEP25,1s,1,4095,2025-07-23 10:28:14,23184.5,23184.5,23182.25,23182.75,43,2.25,1.75,0,0.5,-1,,,,
MNQ SEP25,1s,1,4096,2025-07-23 10:28:15,23182.5,23182.75,23181.75,23181.75,37,1,0.75,0.25,0,-1,,,,
MNQ SEP25,1s,1,4097,2025-07-23 10:28:16,23182.25,23182.25,23180.5,23181.5,46,1.75,0.75,0,1,-1,,,,
MNQ SEP25,1s,1,4098,2025-07-23 10:28:17,23182,23182.25,23181.5,23181.75,7,0.75,0.25,0.25,0.25,-1,,,,
MNQ SEP25,1s,1,4099,2025-07-23 10:28:18,23181.5,23181.5,23180.5,23181,13,1,0.5,0,0.5,-1,,,,
MNQ SEP25,1s,1,4100,2025-07-23 10:28:19,23180.75,23180.75,23178.75,23179.5,65,2,1.25,0,0.75,-1,,,,
MNQ SEP25,1s,1,4101,2025-07-23 10:28:20,23179.75,23180.5,23179.25,23179.75,40,1.25,0,0.75,0.5,0,,,,
MNQ SEP25,10s,10,5809,2025-07-23 10:28:20,23183.25,23185.25,23178.75,23179.75,410,6.5,3.5,2,1,-1,-212.15,29.1,-2.58333333,-8.26
MNQ SEP25,20s,20,5904,2025-07-23 10:28:20,23180.75,23185.25,23178.75,23179.75,698,6.5,1,4.5,1,-1,-225.7,-29.8,-108.63333333,-139.06
MNQ SEP25,1s,1,4102,2025-07-23 10:28:21,23179.25,23180.75,23179,23179.75,32,1.75,0.5,1,0.25,1,,,,
MNQ SEP25,1s,1,4103,2025-07-23 10:28:22,23180,23180.75,23180,23180.75,20,0.75,0.75,0,0,1,,,,
MNQ SEP25,1s,1,4104,2025-07-23 10:28:23,23180.75,23183.75,23180.75,23183,50,3,2.25,0.75,0,1,,,,
MNQ SEP25,1s,1,4105,2025-07-23 10:28:24,23183,23183.5,23182.5,23182.5,25,1,0.5,0.5,0,-1,,,,
MNQ SEP25,1s,1,4106,2025-07-23 10:28:25,23182.25,23183,23182.25,23182.75,8,0.75,0.5,0.25,0,1,,,,
MNQ SEP25,1s,1,4107,2025-07-23 10:28:26,23182.5,23182.75,23180.75,23181.75,38,2,0.75,0.25,1,-1,,,,
MNQ SEP25,1s,1,4108,2025-07-23 10:28:27,23182.25,23183.25,23181.75,23183,12,1.5,0.75,0.25,0.5,1,,,,
MNQ SEP25,1s,1,4109,2025-07-23 10:28:28,23183.75,23184,23183.25,23184,23,0.75,0.25,0,0.5,1,,,,
MNQ SEP25,1s,1,4110,2025-07-23 10:28:29,23183.75,23183.75,23183.25,23183.25,12,0.5,0.5,0,0,-1,,,,
MNQ SEP25,1s,1,4111,2025-07-23 10:28:30,23183.5,23183.75,23183,23183,46,0.75,0.5,0.25,0,-1,,,,
MNQ SEP25,10s,10,5810,2025-07-23 10:28:30,23179.25,23184,23179,23183,266,5,3.75,1,0.25,1,-199.4,12.75,11.93333333,-2.38
MNQ SEP25,1s,1,4112,2025-07-23 10:28:31,23183.25,23183.75,23182.75,23183.75,24,1,0.5,0,0.5,1,,,,
MNQ SEP25,1s,1,4113,2025-07-23 10:28:32,23183.75,23184,23183.5,23183.5,9,0.5,0.25,0.25,0,-1,,,,
MNQ SEP25,1s,1,4114,2025-07-23 10:28:33,23183.75,23184.75,23183.75,23183.75,20,1,0,1,0,0,,,,
MNQ SEP25,1s,1,4115,2025-07-23 10:28:34,23184,23184,23182.5,23182.75,28,1.5,1.25,0,0.25,-1,,,,
MNQ SEP25,1s,1,4116,2025-07-23 10:28:35,23182.75,23183.5,23182.75,23183,10,0.75,0.25,0.5,0,1,,,,
MNQ SEP25,1s,1,4117,2025-07-23 10:28:36,23183.5,23183.75,23182.75,23182.75,15,1,0.75,0.25,0,-1,,,,
MNQ SEP25,1s,1,4118,2025-07-23 10:28:37,23183.75,23184,23183,23184,21,1,0.25,0,0.75,1,,,,
MNQ SEP25,1s,1,4119,2025-07-23 10:28:38,23184,23184.5,23184,23184.25,8,0.5,0.25,0.25,0,1,,,,
MNQ SEP25,1s,1,4120,2025-07-23 10:28:39,23184,23184.25,23183.5,23184.25,8,0.75,0.25,0,0.5,1,,,,
MNQ SEP25,1s,1,4121,2025-07-23 10:28:40,23184.25,23184.25,23183.25,23184,17,1,0.25,0,0.75,-1,,,,
MNQ SEP25,10s,10,5811,2025-07-23 10:28:40,23183.25,23184.75,23182.5,23184,160,2.25,0.75,0.75,0.75,1,-191.2,8.2,16.68333333,2.64
MNQ SEP25,20s,20,5905,2025-07-23 10:28:40,23179.25,23184.75,23179,23184,426,5.75,4.75,0.75,0.25,1,-255.5,-29.8,-109.91666667,-130.82
MNQ SEP25,1s,1,4122,2025-07-23 10:28:41,23183.75,23184.75,23183.75,23184.75,10,1,1,0,0,1,,,,
MNQ SEP25,1s,1,4123,2025-07-23 10:28:42,23185,23185.25,23184.5,23184.5,18,0.75,0.5,0.25,0,-1,,,,
MNQ SEP25,1s,1,4124,2025-07-23 10:28:43,23185,23185.25,23184,23184.25,38,1.25,0.75,0.25,0.25,-1,,,,
MNQ SEP25,1s,1,4125,2025-07-23 10:28:44,23184,23184.75,23184,23184.75,8,0.75,0.75,0,0,1,,,,
MNQ SEP25,1s,1,4126,2025-07-23 10:28:45,23184.5,23184.5,23184.25,23184.25,3,0.25,0.25,0,0,-1,,,,
MNQ SEP25,1s,1,4127,2025-07-23 10:28:46,23184.5,23186,23184.5,23186,59,1.5,1.5,0,0,1,,,,
MNQ SEP25,1s,1,4128,2025-07-23 10:28:47,23186,23186.25,23184.75,23184.75,35,1.5,1.25,0.25,0,-1,,,,
MNQ SEP25,1s,1,4129,2025-07-23 10:28:48,23185,23185.75,23184.25,23184.25,17,1.5,0.75,0.75,0,-1,,,,
MNQ SEP25,1s,1,4130,2025-07-23 10:28:49,23184.75,23185.5,23184.75,23185.5,15,0.75,0.75,0,0,1,,,,
MNQ SEP25,1s,1,4131,2025-07-23 10:28:50,23185.25,23185.75,23184.75,23185.5,14,1,0.25,0.25,0.5,1,,,,
MNQ SEP25,10s,10,5812,2025-07-23 10:28:50,23183.75,23186.25,23183.75,23185.5,217,2.5,1.75,0.75,0,1,-152.8,38.4,19.78333333,16.48
MNQ SEP25,1s,1,4132,2025-07-23 10:28:51,23185.25,23185.25,23183.75,23184,25,1.5,1.25,0,0.25,-1,,,,
MNQ SEP25,1s,1,4133,2025-07-23 10:28:52,23184,23184.5,23183,23184.5,26,1.5,0.5,0,1,1,,,,
MNQ SEP25,1s,1,4134,2025-07-23 10:28:53,23184.5,23184.75,23184,23184,15,0.75,0.5,0.25,0,-1,,,,
MNQ SEP25,1s,1,4135,2025-07-23 10:28:54,23184.25,23184.5,23183.5,23184.5,31,1,0.25,0,0.75,1,,,,
MNQ SEP25,1s,1,4136,2025-07-23 10:28:55,23184.75,23185.25,23184.5,23184.5,15,0.75,0.25,0.5,0,-1,,,,
MNQ SEP25,1s,1,4137,2025-07-23 10:28:56,23184.75,23184.75,23184.25,23184.25,3,0.5,0.5,0,0,-1,,,,
MNQ SEP25,1s,1,4138,2025-07-23 10:28:57,23184.75,23184.75,23184,23184,3,0.75,0.75,0,0,-1,,,,
MNQ SEP25,1s,1,4139,2025-07-23 10:28:58,23184.25,23184.5,23183.75,23184.5,4,0.75,0.25,0,0.5,1,,,,
MNQ SEP25,1s,1,4140,2025-07-23 10:28:59,23184.25,23185.25,23184.25,23185,37,1,0.75,0.25,0,1,,,,
MNQ SEP25,1s,1,4141,2025-07-23 10:29:00,23184.5,23185.5,23184.5,23185.25,31,1,0.75,0.25,0,1,,,,
MNQ SEP25,10s,10,5813,2025-07-23 10:29:00,23185.25,23185.5,23183,23185.25,190,2.5,0,0.25,2.25,0,-125.5,27.3,24.63333333,23.15
MNQ SEP25,20s,20,5906,2025-07-23 10:29:00,23183.75,23186.25,23183,23185.25,407,3.25,1.5,1,0.75,1,-269.35,-13.85,-24.48333333,-73.91
MNQ SEP25,1s,1,4142,2025-07-23 10:29:01,23184.75,23185.25,23184.25,23184.75,23,1,0,0.5,0.5,0,,,,
MNQ SEP25,1s,1,4143,2025-07-23 10:29:02,23184.75,23185,23184.5,23184.5,6,0.5,0.25,0.25,0,-1,,,,
MNQ SEP25,1s,1,4144,2025-07-23 10:29:03,23185,23185,23184.25,23185,34,0.75,0,0,0.75,0,,,,
MNQ SEP25,1s,1,4145,2025-07-23 10:29:04,23184.5,23184.5,23184,23184,18,0.5,0.5,0,0,-1,,,,
MNQ SEP25,1s,1,4146,2025-07-23 10:29:05,23184,23184.75,23183.75,23184.25,14,1,0.25,0.5,0.25,1,,,,
MNQ SEP25,1s,1,4147,2025-07-23 10:29:06,23184.25,23185,23184.25,23184.75,19,0.75,0.5,0.25,0,1,,,,
MNQ SEP25,1s,1,4148,2025-07-23 10:29:07,23184.75,23184.75,23183.75,23184,20,1,0.75,0,0.25,-1,,,,
MNQ SEP25,1s,1,4149,2025-07-23 10:29:08,23184.5,23185.75,23184.5,23184.5,48,1.25,0,1.25,0,0,,,,
MNQ SEP25,1s,1,4150,2025-07-23 10:29:09,23184.25,23184.25,23183.5,23183.5,14,0.75,0.75,0,0,-1,,,,
MNQ SEP25,1s,1,4151,2025-07-23 10:29:10,23183.25,23183.25,23183,23183.25,7,0.25,0,0,0.25,0,,,,
MNQ SEP25,10s,10,5814,2025-07-23 10:29:10,23184.75,23185.75,23183,23183.25,203,2.75,1.5,1,0.25,-1,-158,-32.5,11.06666667,10.83
MNQ SEP25,1s,1,4152,2025-07-23 10:29:11,23183.25,23183.5,23183.25,23183.5,12,0.25,0.25,0,0,1,,,,
MNQ SEP25,1s,1,4153,2025-07-23 10:29:12,23184,23184,23183.75,23183.75,8,0.25,0.25,0,0,-1,,,,
MNQ SEP25,1s,1,4154,2025-07-23 10:29:13,23184.25,23184.75,23183.75,23183.75,29,1,0.5,0.5,0,-1,,,,
MNQ SEP25,1s,1,4155,2025-07-23 10:29:14,23184.5,23184.75,23184.5,23184.75,11,0.25,0.25,0,0,1,,,,
MNQ SEP25,1s,1,4156,2025-07-23 10:29:15,23184.75,23184.75,23184,23184,17,0.75,0.75,0,0,-1,,,,
MNQ SEP25,1s,1,4157,2025-07-23 10:29:16,23184.5,23184.75,23183,23183,15,1.75,1.5,0.25,0,-1,,,,
MNQ SEP25,1s,1,4158,2025-07-23 10:29:17,23183,23184,23183,23183.5,8,1,0.5,0.5,0,1,,,,
MNQ SEP25,1s,1,4159,2025-07-23 10:29:18,23183.75,23184.5,23183.75,23184.5,13,0.75,0.75,0,0,1,,,,
MNQ SEP25,1s,1,4160,2025-07-23 10:29:19,23183.75,23184,23183.75,23184,8,0.25,0.25,0,0,1,,,,
MNQ SEP25,1s,1,4161,2025-07-23 10:29:20,23183.75,23183.75,23183.5,23183.5,8,0.25,0.25,0,0,-1,,,,
MNQ SEP25,10s,10,5815,2025-07-23 10:29:20,23183.25,23184.75,23183,23183.5,129,1.75,0.25,1.25,0.25,1,-171.95,-13.95,-6.38333333,5.49
MNQ SEP25,20s,20,5907,2025-07-23 10:29:20,23184.75,23185.75,23183,23183.5,332,2.75,1.25,1,0.5,-1,-273.7,-4.35,-16,-69.59
MNQ SEP25,1s,1,4162,2025-07-23 10:29:21,23184,23184.25,23183.75,23183.75,4,0.5,0.25,0.25,0,-1,,,,
MNQ SEP25,1s,1,4163,2025-07-23 10:29:22,23183.75,23184,23183.75,23183.75,27,0.25,0,0.25,0,0,,,,
MNQ SEP25,1s,1,4164,2025-07-23 10:29:23,23183.75,23184,23183.5,23183.5,6,0.5,0.25,0.25,0,-1,,,,
MNQ SEP25,1s,1,4165,2025-07-23 10:29:24,23184,23186,23184,23185.25,54,2,1.25,0.75,0,1,,,,
MNQ SEP25,1s,1,4166,2025-07-23 10:29:25,23184.75,23185.5,23184.75,23185.5,2,0.75,0.75,0,0,1,,,,
MNQ SEP25,1s,1,4167,2025-07-23 10:29:26,23185.75,23185.75,23185.25,23185.5,11,0.5,0.25,0,0.25,-1,,,,
MNQ SEP25,1s,1,4168,2025-07-23 10:29:27,23185.75,23186.75,23185.25,23186.75,57,1.5,1,0,0.5,1,,,,
MNQ SEP25,1s,1,4169,2025-07-23 10:29:28,23186.5,23187.25,23185.75,23185.75,71,1.5,0.75,0.75,0,-1,,,,
MNQ SEP25,1s,1,4170,2025-07-23 10:29:29,23186.25,23186.25,23185.25,23185.75,9,1,0.5,0,0.5,-1,,,,
MNQ SEP25,1s,1,4171,2025-07-23 10:29:30,23185.25,23186.25,23185.25,23185.75,16,1,0.5,0.5,0,1,,,,
MNQ SEP25,10s,10,5816,2025-07-23 10:29:30,23184,23187.25,23183.5,23185.75,257,3.75,1.75,1.5,0.5,1,-99.5,72.45,8.66666667,18.34
MNQ SEP25,1s,1,4172,2025-07-23 10:29:31,23185.5,23185.5,23183.75,23184.25,48,1.75,1.25,0,0.5,-1,,,,
MNQ SEP25,1s,1,4173,2025-07-23 10:29:32,23184.25,23184.75,23184,23184.75,26,0.75,0.5,0,0.25,1,,,,
MNQ SEP25,1s,1,4174,2025-07-23 10:29:33,23184.5,23185.25,23184.5,23185,16,0.75,0.5,0.25,0,1,,,,
MNQ SEP25,1s,1,4175,2025-07-23 10:29:34,23185,23185.5,23184.75,23185.25,8,0.75,0.25,0.25,0.25,1,,,,
MNQ SEP25,1s,1,4176,2025-07-23 10:29:35,23185.5,23185.75,23185,23185.75,7,0.75,0.25,0,0.5,1,,,,
MNQ SEP25,1s,1,4177,2025-07-23 10:29:36,23186,23186.5,23186,23186.5,28,0.5,0.5,0,0,1,,,,
MNQ SEP25,1s,1,4178,2025-07-23 10:29:37,23186.5,23186.75,23185.75,23185.75,16,1,0.75,0.25,0,-1,,,,
MNQ SEP25,1s,1,4179,2025-07-23 10:29:38,23186,23186.75,23186,23186.5,17,0.75,0.5,0.25,0,1,,,,
MNQ SEP25,1s,1,4180,2025-07-23 10:29:39,23187,23187.25,23186.75,23187,27,0.5,0,0.25,0.25,0,,,,
MNQ SEP25,1s,1,4181,2025-07-23 10:29:40,23187.5,23189.25,23187,23188.75,112,2.25,1.25,0.5,0.5,1,,,,
MNQ SEP25,10s,10,5817,2025-07-23 10:29:40,23185.5,23189.25,23183.75,23188.75,305,5.5,3.25,0.5,1.75,1,-61.75,37.75,32.08333333,18.21
MNQ SEP25,20s,20,5908,2025-07-23 10:29:40,23184,23189.25,23183.5,23188.75,562,5.75,4.75,0.5,0.5,1,-260.75,12.95,-1.75,-12.97
MNQ SEP25,1s,1,4182,2025-07-23 10:29:41,23188.75,23189.25,23188.25,23188.5,76,1,0.25,0.5,0.25,-1,,,,
MNQ SEP25,1s,1,4183,2025-07-23 10:29:42,23188.75,23189.25,23188.25,23188.75,28,1,0,0.5,0.5,0,,,,
MNQ SEP25,1s,1,4184,2025-07-23 10:29:43,23188.25,23188.5,23187.5,23187.75,30,1,0.5,0.25,0.25,-1,,,,
MNQ SEP25,1s,1,4185,2025-07-23 10:29:44,23188,23188.75,23188,23188.75,28,0.75,0.75,0,0,1,,,,
MNQ SEP25,1s,1,4186,2025-07-23 10:29:45,23189,23189.25,23188.25,23189,37,1,0,0.25,0.75,0,,,,
MNQ SEP25,1s,1,4187,2025-07-23 10:29:46,23188.75,23189,23188.5,23189,35,0.5,0.25,0,0.25,1,,,,
MNQ SEP25,1s,1,4188,2025-07-23 10:29:47,23189,23189.25,23188,23188.5,49,1.25,0.5,0.25,0.5,-1,,,,
MNQ SEP25,1s,1,4189,2025-07-23 10:29:48,23188.5,23188.75,23188,23188.5,15,0.75,0,0.25,0.5,0,,,,
MNQ SEP25,1s,1,4190,2025-07-23 10:29:49,23188.5,23188.75,23188.25,23188.25,20,0.5,0.25,0.25,0,-1,,,,
MNQ SEP25,1s,1,4191,2025-07-23 10:29:50,23188.25,23189.5,23188.25,23189.5,35,1.25,1.25,0,0,1,,,,
MNQ SEP25,10s,10,5818,2025-07-23 10:29:50,23188.75,23189.5,23187.5,23189.5,353,2,0.75,0,1.25,1,-27.45,34.3,48.16666667,19.61
MNQ SEP25,1s,1,4192,2025-07-23 10:29:51,23189.75,23189.75,23189.25,23189.25,29,0.5,0.5,0,0,-1,,,,
MNQ SEP25,1s,1,4193,2025-07-23 10:29:52,23189.25,23189.75,23188.75,23189.25,42,1,0,0.5,0.5,0,,,,
MNQ SEP25,1s,1,4194,2025-07-23 10:29:53,23189.5,23189.5,23189,23189.5,45,0.5,0,0,0.5,0,,,,
MNQ SEP25,1s,1,4195,2025-07-23 10:29:54,23189.75,23190.75,23189.5,23190.25,80,1.25,0.5,0.5,0.25,1,,,,
MNQ SEP25,1s,1,4196,2025-07-23 10:29:55,23190.5,23191.75,23190,23191.75,150,1.75,1.25,0,0.5,1,,,,
MNQ SEP25,1s,1,4197,2025-07-23 10:29:56,23191.75,23192.5,23191.25,23192,167,1.25,0.25,0.5,0.5,1,,,,
MNQ SEP25,1s,1,4198,2025-07-23 10:29:57,23192,23192.25,23191.75,23192.25,68,0.5,0.25,0,0.25,1,,,,
MNQ SEP25,1s,1,4199,2025-07-23 10:29:58,23192.25,23192.25,23191.5,23192,56,0.75,0.25,0,0.5,-1,,,,
MNQ SEP25,1s,1,4200,2025-07-23 10:29:59,23192.25,23192.75,23192,23192.5,47,0.75,0.25,0.25,0.25,1,,,,
MNQ SEP25,1s,1,4201,2025-07-23 10:30:00,23192.25,23193,23191.75,23193,85,1.25,0.75,0,0.5,1,,,,
MNQ SEP25,10s,10,5819,2025-07-23 10:30:00,23189.75,23193,23188.75,23193,769,4.25,3.25,0,1,1,71.3,98.75,56.93333333,45.86
MNQ SEP25,20s,20,5909,2025-07-23 10:30:00,23188.75,23193,23187.5,23193,1122,5.5,4.25,0,1.25,1,-201.45,59.3,22.63333333,4.85
MNQ SEP25,1s,1,4202,2025-07-23 10:30:01,23192.75,23193.75,23191.5,23193.25,232,2.25,0.5,0.5,1.25,1,,,,
MNQ SEP25,1s,1,4203,2025-07-23 10:30:02,23193.75,23194.5,23193.25,23193.5,291,1.25,0.25,0.75,0.25,-1,,,,
MNQ SEP25,1s,1,4204,2025-07-23 10:30:03,23193.75,23194.5,23193.75,23194,82,0.75,0.25,0.5,0,1,,,,
MNQ SEP25,1s,1,4205,2025-07-23 10:30:04,23194.75,23194.75,23192.5,23192.75,148,2.25,2,0,0.25,-1,,,,
MNQ SEP25,1s,1,4206,2025-07-23 10:30:05,23193,23194,23192.5,23193.75,158,1.5,0.75,0.25,0.5,1,,,,
MNQ SEP25,1s,1,4207,2025-07-23 10:30:06,23193,23193.5,23192.25,23192.5,71,1.25,0.5,0.5,0.25,-1,,,,
MNQ SEP25,1s,1,4208,2025-07-23 10:30:07,23192.5,23192.75,23191.25,23191.5,67,1.5,1,0.25,0.25,-1,,,,
MNQ SEP25,1s,1,4209,2025-07-23 10:30:08,23191.75,23192.25,23191,23191.5,86,1.25,0.25,0.5,0.5,-1,,,,
MNQ SEP25,1s,1,4210,2025-07-23 10:30:09,23191.75,23192.25,23190.25,23190.25,93,2,1.5,0.5,0,-1,,,,
MNQ SEP25,1s,1,4211,2025-07-23 10:30:10,23190.25,23190.25,23189.5,23190,56,0.75,0.25,0,0.5,-1,,,,
MNQ SEP25,10s,10,5820,2025-07-23 10:30:10,23192.75,23194.75,23189.5,23190,1284,5.25,2.75,2,0.5,-1,255.4,184.1,105.71666667,85.47
MNQ SEP25,1s,1,4212,2025-07-23 10:30:11,23190,23191,23189.5,23190,74,1.5,0,1,0.5,0,,,,
MNQ SEP25,1s,1,4213,2025-07-23 10:30:12,23190.5,23190.5,23189.5,23189.75,62,1,0.75,0,0.25,-1,,,,
MNQ SEP25,1s,1,4214,2025-07-23 10:30:13,23189.75,23191.25,23189.5,23191.25,29,1.75,1.5,0,0.25,1,,,,
MNQ SEP25,1s,1,4215,2025-07-23 10:30:14,23191,23192.5,23190.5,23192.5,75,2,1.5,0,0.5,1,,,,
MNQ SEP25,1s,1,4216,2025-07-23 10:30:15,23192.25,23192.5,23191.25,23191.75,41,1.25,0.5,0.25,0.5,-1,,,,
MNQ SEP25,1s,1,4217,2025-07-23 10:30:16,23191.25,23191.5,23190.5,23191.5,23,1,0.25,0,0.75,1,,,,
MNQ SEP25,1s,1,4218,2025-07-23 10:30:17,23190.75,23192,23190.75,23191.75,38,1.25,1,0.25,0,1,,,,
MNQ SEP25,1s,1,4219,2025-07-23 10:30:18,23192,23192,23191.5,23192,14,0.5,0,0,0.5,0,,,,
MNQ SEP25,1s,1,4220,2025-07-23 10:30:19,23191.5,23191.75,23191.25,23191.25,19,0.5,0.25,0.25,0,-1,,,,
MNQ SEP25,1s,1,4221,2025-07-23 10:30:20,23190.5,23191.25,23190.5,23190.5,51,0.75,0,0.75,0,0,,,,
MNQ SEP25,10s,10,5821,2025-07-23 10:30:20,23190,23192.5,23189.5,23190.5,426,3,0.5,2,0.5,1,282.8,27.4,103.41666667,76.46
MNQ SEP25,20s,20,5910,2025-07-23 10:30:20,23192.75,23194.75,23189.5,23190.5,1710,5.25,2.25,2,1,-1,-3.4,198.05,90.1,50.42
MNQ SEP25,1s,1,4222,2025-07-23 10:30:21,23190.5,23190.5,23188.25,23189,89,2.25,1.5,0,0.75,-1,,,,
MNQ SEP25,1s,1,4223,2025-07-23 10:30:22,23189,23189.25,23187.75,23187.75,75,1.5,1.25,0.25,0,-1,,,,
MNQ SEP25,1s,1,4224,2025-07-23 10:30:23,23187.75,23188.5,23187.75,23188,57,0.75,0.25,0.5,0,1,,,,
MNQ SEP25,1s,1,4225,2025-07-23 10:30:24,23188,23188.5,23187.5,23187.5,36,1,0.5,0.5,0,-1,,,,
MNQ SEP25,1s,1,4226,2025-07-23 10:30:25,23188,23188.75,23187.5,23188.75,25,1.25,0.75,0,0.5,1,,,,
MNQ SEP25,1s,1,4227,2025-07-23 10:30:26,23188.75,23189.5,23188.75,23189,35,0.75,0.25,0.5,0,1,,,,
MNQ SEP25,1s,1,4228,2025-07-23 10:30:27,23189.25,23190.25,23189.25,23190.25,19,1,1,0,0,1,,,,
MNQ SEP25,1s,1,4229,2025-07-23 10:30:28,23190.25,23190.5,23190,23190.25,22,0.5,0,0.25,0.25,0,,,,
MNQ SEP25,1s,1,4230,2025-07-23 10:30:29,23190,23190,23189,23189.25,16,1,0.75,0,0.25,-1,,,,
MNQ SEP25,1s,1,4231,2025-07-23 10:30:30,23190,23190.5,23189.75,23190,30,0.75,0,0.5,0.25,0,,,,
MNQ SEP25,10s,10,5822,2025-07-23 10:30:30,23190.5,23190.5,23187.5,23190,404,3,0.5,0,2.5,-1,302.85,20.05,77.18333333,72.92
MNQ SEP25,1s,1,4232,2025-07-23 10:30:31,23189.75,23189.75,23188,23188,34,1.75,1.75,0,0,-1,,,,
MNQ SEP25,1s,1,4233,2025-07-23 10:30:32,23188,23188,23187.25,23187.25,24,0.75,0.75,0,0,-1,,,,
MNQ SEP25,1s,1,4234,2025-07-23 10:30:33,23187.25,23187.5,23186.5,23186.5,116,1,0.75,0.25,0,-1,,,,
MNQ SEP25,1s,1,4235,2025-07-23 10:30:34,23187,23187.25,23185.75,23185.75,67,1.5,1.25,0.25,0,-1,,,,
MNQ SEP25,1s,1,4236,2025-07-23 10:30:35,23186,23186.25,23185,23185.25,87,1.25,0.75,0.25,0.25,-1,,,,
MNQ SEP25,1s,1,4237,2025-07-23 10:30:36,23185.5,23186,23185.25,23185.5,27,0.75,0,0.5,0.25,0,,,,
MNQ SEP25,1s,1,4238,2025-07-23 10:30:37,23185.75,23186.5,23185.75,23186.5,27,0.75,0.75,0,0,1,,,,
MNQ SEP25,1s,1,4239,2025-07-23 10:30:38,23186.5,23186.75,23185.75,23185.75,19,1,0.75,0.25,0,-1,,,,
MNQ SEP25,1s,1,4240,2025-07-23 10:30:39,23185.75,23187,23185.5,23186.25,29,1.5,0.5,0.75,0.25,1,,,,
MNQ SEP25,1s,1,4241,2025-07-23 10:30:40,23186.75,23187.25,23186.25,23187.25,23,1,0.5,0,0.5,1,,,,
MNQ SEP25,10s,10,5823,2025-07-23 10:30:40,23189.75,23189.75,23185,23187.25,453,4.75,2.5,0,2.25,-1,314.7,11.85,19.76666667,68.43
MNQ SEP25,20s,20,5911,2025-07-23 10:30:40,23190.5,23190.5,23185,23187.25,857,5.5,3.25,0,2.25,-1,78.95,82.35,113.23333333,69.66
MNQ SEP25,1s,1,4242,2025-07-23 10:30:41,23187,23187.75,23186.5,23187.5,31,1.25,0.5,0.25,0.5,1,,,,
MNQ SEP25,1s,1,4243,2025-07-23 10:30:42,23187.25,23188.5,23187.25,23187.5,71,1.25,0.25,1,0,1,,,,
MNQ SEP25,1s,1,4244,2025-07-23 10:30:43,23187.25,23187.5,23186.25,23186.75,30,1.25,0.5,0.25,0.5,-1,,,,
MNQ SEP25,1s,1,4245,2025-07-23 10:30:44,23186.25,23187,23186,23186.5,16,1,0.25,0.5,0.25,1,,,,
MNQ SEP25,1s,1,4246,2025-07-23 10:30:45,23186.75,23187.5,23186.5,23187.5,20,1,0.75,0,0.25,1,,,,
MNQ SEP25,1s,1,4247,2025-07-23 10:30:46,23186.75,23187.5,23186.75,23187.5,5,0.75,0.75,0,0,1,,,,
MNQ SEP25,1s,1,4248,2025-07-23 10:30:47,23187,23187.75,23186.5,23187.25,46,1.25,0.25,0.5,0.5,1,,,,
MNQ SEP25,1s,1,4249,2025-07-23 10:30:48,23187.5,23187.75,23186.25,23186.25,11,1.5,1.25,0.25,0,-1,,,,
MNQ SEP25,1s,1,4250,2025-07-23 10:30:49,23186.75,23186.75,23186.25,23186.25,12,0.5,0.5,0,0,-1,,,,
MNQ SEP25,1s,1,4251,2025-07-23 10:30:50,23186.25,23186.25,23185.25,23185.25,34,1,1,0,0,-1,,,,
MNQ SEP25,10s,10,5824,2025-07-23 10:30:50,23187,23188.5,23185.25,23185.25,276,3.25,1.75,1.5,0,-1,213.2,-101.5,-23.2,28.38
MNQ SEP25,1s,1,4252,2025-07-23 10:30:51,23185,23185.5,23184.5,23185.25,45,1,0.25,0.25,0.5,1,,,,
MNQ SEP25,1s,1,4253,2025-07-23 10:30:52,23185,23185.5,23185,23185,22,0.5,0,0.5,0,0,,,,
MNQ SEP25,1s,1,4254,2025-07-23 10:30:53,23184.75,23184.75,23182.25,23182.5,154,2.5,2.25,0,0.25,-1,,,,
MNQ SEP25,1s,1,4255,2025-07-23 10:30:54,23182.75,23183.5,23182,23182,69,1.5,0.75,0.75,0,-1,,,,
MNQ SEP25,1s,1,4256,2025-07-23 10:30:55,23182.5,23182.75,23180.25,23182.5,214,2.5,0,0.25,2.25,0,,,,
MNQ SEP25,1s,1,4257,2025-07-23 10:30:56,23182.5,23183.25,23181.25,23181.25,55,2,1.25,0.75,0,-1,,,,
MNQ SEP25,1s,1,4258,2025-07-23 10:30:57,23181.25,23182.5,23181.25,23182.5,41,1.25,1.25,0,0,1,,,,
MNQ SEP25,1s,1,4259,2025-07-23 10:30:58,23182.75,23183.5,23182.25,23183.5,23,1.25,0.75,0,0.5,1,,,,
MNQ SEP25,1s,1,4260,2025-07-23 10:30:59,23183.75,23184.25,23182.5,23184.25,34,1.75,0.5,0,1.25,1,,,,
MNQ SEP25,1s,1,4261,2025-07-23 10:31:00,23184,23184.25,23183.25,23183.5,44,1,0.5,0.25,0.25,-1,,,,
MNQ SEP25,10s,10,5825,2025-07-23 10:31:00,23185,23185.5,23180.25,23183.5,701,5.25,1.5,0.5,3.25,-1,73.65,-139.55,-76.4,-36.35
MNQ SEP25,20s,20,5912,2025-07-23 10:31:00,23187,23188.5,23180.25,23183.5,977,8.25,3.5,1.5,3.25,-1,188.35,109.4,129.93333333,92.41
MNQ SEP25,1s,1,4262,2025-07-23 10:31:01,23183.25,23184,23182.5,23183.25,48,1.5,0,0.75,0.75,0,,,,
MNQ SEP25,1s,1,4263,2025-07-23 10:31:02,23183.25,23183.25,23181.25,23182.5,87,2,0.75,0,1.25,-1,,,,
MNQ SEP25,1s,1,4264,2025-07-23 10:31:03,23182,23183.5,23181.75,23183,55,1.75,1,0.5,0.25,1,,,,
MNQ SEP25,1s,1,4265,2025-07-23 10:31:04,23182.75,23182.75,23182,23182,48,0.75,0.75,0,0,-1,,,,
MNQ SEP25,1s,1,4266,2025-07-23 10:31:05,23181.5,23181.75,23179.75,23180,103,2,1.5,0.25,0.25,-1,,,,
MNQ SEP25,1s,1,4267,2025-07-23 10:31:06,23180,23180.75,23179.25,23180,99,1.5,0,0.75,0.75,0,,,,
MNQ SEP25,1s,1,4268,2025-07-23 10:31:07,23180.25,23180.75,23179.75,23180.5,75,1,0.25,0.25,0.5,1,,,,
MNQ SEP25,1s,1,4269,2025-07-23 10:31:08,23180.5,23181.25,23179.5,23181.25,63,1.75,0.75,0,1,1,,,,
MNQ SEP25,1s,1,4270,2025-07-23 10:31:09,23181.75,23181.75,23181,23181.75,57,0.75,0,0,0.75,0,,,,
MNQ SEP25,1s,1,4271,2025-07-23 10:31:10,23181.75,23182.5,23180.5,23180.5,64,2,1.25,0.75,0,-1,,,,
MNQ SEP25,10s,10,5826,2025-07-23 10:31:10,23183.25,23184,23179.25,23180.5,699,4.75,2.75,0.75,1.25,-1,105.2,31.55,-69.83333333,-35.52
MNQ SEP25,1s,1,4272,2025-07-23 10:31:11,23180.5,23181.75,23180.25,23180.75,40,1.5,0.25,1,0.25,1,,,,
MNQ SEP25,1s,1,4273,2025-07-23 10:31:12,23180.5,23181.25,23180,23180,71,1.25,0.5,0.75,0,-1,,,,
MNQ SEP25,1s,1,4274,2025-07-23 10:31:13,23180.25,23181.75,23180.25,23180.5,53,1.5,0.25,1.25,0,1,,,,
MNQ SEP25,1s,1,4275,2025-07-23 10:31:14,23180.75,23181.5,23180.25,23181.5,41,1.25,0.75,0,0.5,1,,,,
MNQ SEP25,1s,1,4276,2025-07-23 10:31:15,23181.5,23181.5,23179.5,23179.5,48,2,2,0,0,-1,,,,
MNQ SEP25,1s,1,4277,2025-07-23 10:31:16,23179.5,23180.5,23179,23179.75,34,1.5,0.25,0.75,0.5,1,,,,
MNQ SEP25,1s,1,4278,2025-07-23 10:31:17,23179.75,23181,23179.5,23180,83,1.5,0.25,1,0.25,1,,,,
MNQ SEP25,1s,1,4279,2025-07-23 10:31:18,23180.75,23181.5,23180,23181,43,1.5,0.25,0.5,0.75,1,,,,
MNQ SEP25,1s,1,4280,2025-07-23 10:31:19,23181.5,23181.5,23180.25,23181.25,22,1.25,0.25,0,1,-1,,,,
MNQ SEP25,1s,1,4281,2025-07-23 10:31:20,23181.25,23181.25,23179.75,23180.5,31,1.5,0.75,0,0.75,-1,,,,
MNQ SEP25,10s,10,5827,2025-07-23 10:31:20,23180.5,23181.75,23179,23180.5,466,2.75,0,1.25,1.5,0,106.2,1,-35.66666667,-39.33
MNQ SEP25,20s,20,5913,2025-07-23 10:31:20,23183.25,23184,23179,23180.5,1165,5,2.75,0.75,1.5,-1,273,84.65,92.13333333,106.75
MNQ SEP25,1s,1,4282,2025-07-23 10:31:21,23181.25,23181.25,23180.25,23181.25,28,1,0,0,1,0,,,,
MNQ SEP25,1s,1,4283,2025-07-23 10:31:22,23181.25,23181.5,23178.25,23178.75,95,3.25,2.5,0.25,0.5,-1,,,,
MNQ SEP25,1s,1,4284,2025-07-23 10:31:23,23178.5,23179.5,23178.5,23179,41,1,0.5,0.5,0,1,,,,
MNQ SEP25,1s,1,4285,2025-07-23 10:31:24,23178.75,23179.75,23178.75,23179,39,1,0.25,0.75,0,1,,,,
MNQ SEP25,1s,1,4286,2025-07-23 10:31:25,23179,23179,23175.75,23176.5,347,3.25,2.5,0,0.75,-1,,,,
MNQ SEP25,1s,1,4287,2025-07-23 10:31:26,23175.75,23176.25,23167.5,23175,1024,8.75,0.75,0.5,7.5,-1,,,,
MNQ SEP25,1s,1,4288,2025-07-23 10:31:27,23175,23175.5,23173.75,23173.75,153,1.75,1.25,0.5,0,-1,,,,
MNQ SEP25,1s,1,4289,2025-07-23 10:31:28,23174,23174,23171.75,23172.5,108,2.25,1.5,0,0.75,-1,,,,
MNQ SEP25,1s,1,4290,2025-07-23 10:31:29,23172.25,23172.75,23170.5,23171,97,2.25,1.25,0.5,0.5,-1,,,,
MNQ SEP25,1s,1,4291,2025-07-23 10:31:30,23171.25,23171.25,23168,23168,164,3.25,3.25,0,0,-1,,,,
MNQ SEP25,10s,10,5828,2025-07-23 10:31:30,23181.25,23181.5,23167.5,23168,2096,14,13.25,0.25,0.5,-1,344.4,238.2,90.25,5.94
MNQ SEP25,1s,1,4292,2025-07-23 10:31:31,23168.5,23169.5,23168,23168.75,135,1.5,0.25,0.75,0.5,1,,,,
MNQ SEP25,1s,1,4293,2025-07-23 10:31:32,23169,23169.25,23168,23168.75,140,1.25,0.25,0.25,0.75,-1,,,,
MNQ SEP25,1s,1,4294,2025-07-23 10:31:33,23168.25,23170.25,23167.75,23169.25,95,2.5,1,1,0.5,1,,,,
MNQ SEP25,1s,1,4295,2025-07-23 10:31:34,23169.25,23169.5,23167.25,23167.5,80,2.25,1.75,0.25,0.25,-1,,,,
MNQ SEP25,1s,1,4296,2025-07-23 10:31:35,23167.5,23170,23166.5,23170,205,3.5,2.5,0,1,1,,,,
MNQ SEP25,1s,1,4297,2025-07-23 10:31:36,23169.75,23170,23169,23169.25,103,1,0.5,0.25,0.25,-1,,,,
MNQ SEP25,1s,1,4298,2025-07-23 10:31:37,23169.25,23172,23168.75,23172,77,3.25,2.75,0,0.5,1,,,,
MNQ SEP25,1s,1,4299,2025-07-23 10:31:38,23171.5,23172.75,23171.25,23172.5,70,1.5,1,0.25,0.25,1,,,,
MNQ SEP25,1s,1,4300,2025-07-23 10:31:39,23172.25,23172.75,23171.5,23171.75,82,1.25,0.5,0.5,0.25,-1,,,,
MNQ SEP25,1s,1,4301,2025-07-23 10:31:40,23172,23173,23171.75,23171.75,66,1.25,0.25,1,0,-1,,,,
MNQ SEP25,10s,10,5829,2025-07-23 10:31:40,23168.5,23173,23166.5,23171.75,1053,6.5,3.25,1.25,2,1,467.65,123.25,120.81666667,50.89
MNQ SEP25,20s,20,5914,2025-07-23 10:31:40,23181.25,23181.5,23166.5,23171.75,3149,15,9.5,0.25,5.25,-1,540.9,267.9,153.98333333,148.47
MNQ SEP25,1s,1,4302,2025-07-23 10:31:41,23171.5,23172.25,23171,23172.25,48,1.25,0.75,0,0.5,1,,,,
MNQ SEP25,1s,1,4303,2025-07-23 10:31:42,23172,23172.5,23171.5,23172.25,39,1,0.25,0.25,0.5,1,,,,
MNQ SEP25,1s,1,4304,2025-07-23 10:31:43,23172,23172.75,23171.75,23172.25,41,1,0.25,0.5,0.25,1,,,,
MNQ SEP25,1s,1,4305,2025-07-23 10:31:44,23173.25,23173.5,23172.75,23173.25,41,0.75,0,0.25,0.5,0,,,,
MNQ SEP25,1s,1,4306,2025-07-23 10:31:45,23173.25,23174.25,23173,23173,37,1.25,0.25,1,0,-1,,,,
MNQ SEP25,1s,1,4307,2025-07-23 10:31:46,23173.25,23174.25,23172.75,23174.25,47,1.5,1,0,0.5,1,,,,
MNQ SEP25,1s,1,4308,2025-07-23 10:31:47,23174,23174,23173,23173,46,1,1,0,0,-1,,,,
MNQ SEP25,1s,1,4309,2025-07-23 10:31:48,23173.5,23174.5,23173,23174.5,43,1.5,1,0,0.5,1,,,,
MNQ SEP25,1s,1,4310,2025-07-23 10:31:49,23174.25,23175.25,23174.25,23175,33,1,0.75,0.25,0,1,,,,
MNQ SEP25,1s,1,4311,2025-07-23 10:31:50,23175,23176,23175,23175.75,59,1,0.75,0.25,0,1,,,,
MNQ SEP25,10s,10,5830,2025-07-23 10:31:50,23171.5,23176,23171,23175.75,434,5,4.25,0.25,0.5,1,405.85,-61.8,99.88333333,66.44
MNQ SEP25,1s,1,4312,2025-07-23 10:31:51,23175.75,23176,23174.75,23175.75,32,1.25,0,0.25,1,0,,,,
MNQ SEP25,1s,1,4313,2025-07-23 10:31:52,23175.5,23176.25,23175.25,23175.5,34,1,0,0.75,0.25,0,,,,
MNQ SEP25,1s,1,4314,2025-07-23 10:31:53,23175.5,23177.5,23175.5,23177,89,2,1.5,0.5,0,1,,,,
MNQ SEP25,1s,1,4315,2025-07-23 10:31:54,23177.25,23177.25,23176,23176.25,35,1.25,1,0,0.25,-1,,,,
MNQ SEP25,1s,1,4316,2025-07-23 10:31:55,23176.5,23177.5,23176.25,23177.5,53,1.25,1,0,0.25,1,,,,
MNQ SEP25,1s,1,4317,2025-07-23 10:31:56,23177,23177,23176.25,23177,39,0.75,0,0,0.75,0,,,,
MNQ SEP25,1s,1,4318,2025-07-23 10:31:57,23177,23177.75,23176.25,23176.5,35,1.5,0.5,0.75,0.25,-1,,,,
MNQ SEP25,1s,1,4319,2025-07-23 10:31:58,23176,23176.75,23175.75,23176,40,1,0,0.75,0.25,0,,,,
MNQ SEP25,1s,1,4320,2025-07-23 10:31:59,23176,23176.25,23175.5,23175.75,30,0.75,0.25,0.25,0.25,-1,,,,
MNQ SEP25,1s,1,4321,2025-07-23 10:32:00,23176.5,23176.5,23175.5,23175.5,15,1,1,0,0,-1,,,,
MNQ SEP25,10s,10,5831,2025-07-23 10:32:00,23175.75,23177.75,23174.75,23175.5,402,3,0.25,2,0.75,-1,334.35,-71.5,-3.35,45.83
MNQ SEP25,20s,20,5915,2025-07-23 10:32:00,23171.5,23177.75,23171,23175.5,836,6.75,4,2.25,0.5,1,377.35,-163.55,63,76.15
MNQ SEP25,1s,1,4322,2025-07-23 10:32:01,23175.75,23176.25,23174.75,23175,52,1.5,0.75,0.5,0.25,-1,,,,
MNQ SEP25,1s,1,4323,2025-07-23 10:32:02,23174.75,23175.5,23174.75,23175,19,0.75,0.25,0.5,0,1,,,,
MNQ SEP25,1s,1,4324,2025-07-23 10:32:03,23175,23176.5,23175,23176.25,34,1.5,1.25,0.25,0,1,,,,
MNQ SEP25,1s,1,4325,2025-07-23 10:32:04,23176.5,23177,23176,23176.75,45,1,0.25,0.25,0.5,1,,,,
MNQ SEP25,1s,1,4326,2025-07-23 10:32:05,23177.25,23177.5,23176.25,23176.5,29,1.25,0.75,0.25,0.25,-1,,,,
MNQ SEP25,1s,1,4327,2025-07-23 10:32:06,23177,23177.5,23177,23177.25,24,0.5,0.25,0.25,0,1,,,,
MNQ SEP25,1s,1,4328,2025-07-23 10:32:07,23177.25,23177.75,23176.5,23177,30,1.25,0.25,0.5,0.5,-1,,,,
MNQ SEP25,1s,1,4329,2025-07-23 10:32:08,23176.75,23177,23175,23175.25,54,2,1.5,0.25,0.25,-1,,,,
MNQ SEP25,1s,1,4330,2025-07-23 10:32:09,23176.5,23178.25,23176.5,23178,32,1.75,1.5,0.25,0,1,,,,
MNQ SEP25,1s,1,4331,2025-07-23 10:32:10,23177.75,23178.5,23177.5,23178.5,52,1,0.75,0,0.25,1,,,,
MNQ SEP25,10s,10,5832,2025-07-23 10:32:10,23175.75,23178.5,23174.75,23178.5,371,3.75,2.75,0,1,1,307.65,-26.7,-53.33333333,40.29
MNQ SEP25,1s,1,4332,2025-07-23 10:32:11,23178.25,23178.75,23177.75,23178,24,1,0.25,0.5,0.25,-1,,,,
MNQ SEP25,1s,1,4333,2025-07-23 10:32:12,23177.75,23178,23177,23177.25,30,1,0.5,0.25,0.25,-1,,,,
MNQ SEP25,1s,1,4334,2025-07-23 10:32:13,23177.5,23178.5,23177.25,23177.25,31,1.25,0.25,1,0,-1,,,,
MNQ SEP25,1s,1,4335,2025-07-23 10:32:14,23177.75,23179,23177.5,23178,78,1.5,0.25,1,0.25,1,,,,
MNQ SEP25,1s,1,4336,2025-07-23 10:32:15,23177.5,23178.25,23176.25,23178.25,44,2,0.75,0,1.25,1,,,,
MNQ SEP25,1s,1,4337,2025-07-23 10:32:16,23178,23178.25,23177.25,23178.25,5,1,0.25,0,0.75,1,,,,
MNQ SEP25,1s,1,4338,2025-07-23 10:32:17,23178,23179,23177.75,23179,26,1.25,1,0,0.25,1,,,,
MNQ SEP25,1s,1,4339,2025-07-23 10:32:18,23178.5,23178.5,23177,23177.5,66,1.5,1,0,0.5,-1,,,,
MNQ SEP25,1s,1,4340,2025-07-23 10:32:19,23177.75,23178.75,23177.25,23178.75,30,1.5,1,0,0.5,1,,,,
MNQ SEP25,1s,1,4341,2025-07-23 10:32:20,23178.75,23178.75,23176.75,23177.5,23,2,1.25,0,0.75,-1,,,,
MNQ SEP25,10s,10,5833,2025-07-23 10:32:20,23178.25,23179,23176.25,23177.5,357,2.75,0.75,0.75,1.25,-1,-48.5,-356.15,-151.45,-78.58
MNQ SEP25,20s,20,5916,2025-07-23 10:32:20,23175.75,23179,23174.75,23177.5,728,4.25,1.75,1.5,1,1,425,47.65,50.66666667,69.21
MNQ SEP25,1s,1,4342,2025-07-23 10:32:21,23176.75,23177,23176,23176.75,19,1,0,0.25,0.75,0,,,,
MNQ SEP25,1s,1,4343,2025-07-23 10:32:22,23176.5,23176.5,23175.25,23175.25,46,1.25,1.25,0,0,-1,,,,
MNQ SEP25,1s,1,4344,2025-07-23 10:32:23,23175.75,23176.75,23175.75,23176,24,1,0.25,0.75,0,1,,,,
MNQ SEP25,1s,1,4345,2025-07-23 10:32:24,23175.5,23176.25,23175.5,23175.75,13,0.75,0.25,0.5,0,1,,,,
MNQ SEP25,1s,1,4346,2025-07-23 10:32:25,23175.25,23175.25,23174.5,23174.5,24,0.75,0.75,0,0,-1,,,,
MNQ SEP25,1s,1,4347,2025-07-23 10:32:26,23174.5,23175.75,23174,23175.5,39,1.75,1,0.25,0.5,1,,,,
MNQ SEP25,1s,1,4348,2025-07-23 10:32:27,23174.5,23174.5,23173.75,23174.25,13,0.75,0.25,0,0.5,-1,,,,
MNQ SEP25,1s,1,4349,2025-07-23 10:32:28,23174.25,23174.5,23173.5,23174.5,54,1,0.25,0,0.75,1,,,,
MNQ SEP25,1s,1,4350,2025-07-23 10:32:29,23174,23174.75,23173.75,23174.75,33,1,0.75,0,0.25,1,,,,
MNQ SEP25,1s,1,4351,2025-07-23 10:32:30,23174.25,23174.75,23173.75,23174.25,29,1,0,0.5,0.5,0,,,,
MNQ SEP25,10s,10,5834,2025-07-23 10:32:30,23176.75,23177,23173.5,23174.25,294,3.5,2.5,0.25,0.75,-1,-204.85,-156.35,-179.73333333,-134.5
MNQ SEP25,1s,1,4352,2025-07-23 10:32:31,23174.75,23176,23174.75,23175.5,46,1.25,0.75,0.5,0,1,,,,
MNQ SEP25,1s,1,4353,2025-07-23 10:32:32,23175.25,23175.5,23175.25,23175.5,15,0.25,0.25,0,0,1,,,,
MNQ SEP25,1s,1,4354,2025-07-23 10:32:33,23176.75,23177.75,23176.5,23177.5,45,1.25,0.75,0.25,0.25,1,,,,
MNQ SEP25,1s,1,4355,2025-07-23 10:32:34,23177,23177,23176.25,23176.25,38,0.75,0.75,0,0,-1,,,,
MNQ SEP25,1s,1,4356,2025-07-23 10:32:35,23175.75,23175.75,23175.5,23175.75,21,0.25,0,0,0.25,0,,,,
MNQ SEP25,1s,1,4357,2025-07-23 10:32:36,23176,23176,23175,23175,23,1,1,0,0,-1,,,,
MNQ SEP25,1s,1,4358,2025-07-23 10:32:37,23175,23175.5,23174.5,23175,33,1,0,0.5,0.5,0,,,,
MNQ SEP25,1s,1,4359,2025-07-23 10:32:38,23175,23176,23174.75,23175.5,27,1.25,0.5,0.5,0.25,1,,,,
MNQ SEP25,1s,1,4360,2025-07-23 10:32:39,23174.5,23175,23174,23175,40,1,0.5,0,0.5,1,,,,
MNQ SEP25,1s,1,4361,2025-07-23 10:32:40,23174.25,23176,23174.25,23176,20,1.75,1.75,0,0,1,,,,
MNQ SEP25,10s,10,5835,2025-07-23 10:32:40,23174.75,23177.75,23174,23176,308,3.75,1.25,1.75,0.75,1,-239,-34.15,-182.21666667,-128.97
MNQ SEP25,20s,20,5917,2025-07-23 10:32:40,23176.75,23177.75,23173.5,23176,602,4.25,0.75,1,2.5,-1,358.85,-66.15,-60.68333333,34.1
MNQ SEP25,1s,1,4362,2025-07-23 10:32:41,23175.75,23176.75,23175.75,23176.75,11,1,1,0,0,1,,,,
MNQ SEP25,1s,1,4363,2025-07-23 10:32:42,23177.25,23177.5,23176.75,23177.25,34,0.75,0,0.25,0.5,0,,,,
MNQ SEP25,1s,1,4364,2025-07-23 10:32:43,23177,23178.25,23176.75,23177.5,42,1.5,0.5,0.75,0.25,1,,,,
MNQ SEP25,1s,1,4365,2025-07-23 10:32:44,23178,23179,23178,23179,34,1,1,0,0,1,,,,
MNQ SEP25,1s,1,4366,2025-07-23 10:32:45,23179,23179.25,23177.75,23177.75,54,1.5,1.25,0.25,0,-1,,,,
MNQ SEP25,1s,1,4367,2025-07-23 10:32:46,23177.75,23178.5,23177.25,23177.25,47,1.25,0.5,0.75,0,-1,,,,
MNQ SEP25,1s,1,4368,2025-07-23 10:32:47,23177.5,23177.5,23177.25,23177.5,9,0.25,0,0,0.25,0,,,,
MNQ SEP25,1s,1,4369,2025-07-23 10:32:48,23177.25,23177.75,23177,23177.5,14,0.75,0.25,0.25,0.25,1,,,,
MNQ SEP25,1s,1,4370,2025-07-23 10:32:49,23177.75,23177.75,23176.75,23177.5,22,1,0.25,0,0.75,-1,,,,
MNQ SEP25,1s,1,4371,2025-07-23 10:32:50,23177.25,23177.75,23176.75,23177.5,27,1,0.25,0.25,0.5,1,,,,
MNQ SEP25,10s,10,5836,2025-07-23 10:32:50,23175.75,23179.25,23175.75,23177.5,294,3.5,1.75,1.75,0,1,-262.45,-23.45,-71.31666667,-119.36
MNQ SEP25,1s,1,4372,2025-07-23 10:32:51,23176.75,23177.5,23176.75,23177.5,13,0.75,0.75,0,0,1,,,,
MNQ SEP25,1s,1,4373,2025-07-23 10:32:52,23177,23177.25,23176.25,23176.75,41,1,0.25,0.25,0.5,-1,,,,
MNQ SEP25,1s,1,4374,2025-07-23 10:32:53,23177,23177,23176,23176,14,1,1,0,0,-1,,,,
MNQ SEP25,1s,1,4375,2025-07-23 10:32:54,23175.75,23176,23175.75,23176,11,0.25,0.25,0,0,1,,,,
MNQ SEP25,1s,1,4376,2025-07-23 10:32:55,23176.5,23176.5,23175.25,23175.25,31,1.25,1.25,0,0,-1,,,,
MNQ SEP25,1s,1,4377,2025-07-23 10:32:56,23175.25,23176.5,23175.25,23176.5,21,1.25,1.25,0,0,1,,,,
MNQ SEP25,1s,1,4378,2025-07-23 10:32:57,23175.75,23176,23175.75,23176,4,0.25,0.25,0,0,1,,,,
MNQ SEP25,1s,1,4379,2025-07-23 10:32:58,23175.75,23177,23175.75,23176.25,29,1.25,0.5,0.75,0,1,,,,
MNQ SEP25,1s,1,4380,2025-07-23 10:32:59,23176,23176,23174.75,23175,16,1.25,1,0,0.25,-1,,,,
MNQ SEP25,1s,1,4381,2025-07-23 10:33:00,23175.5,23176,23175.25,23175.5,47,0.75,0,0.5,0.25,0,,,,
MNQ SEP25,10s,10,5837,2025-07-23 10:33:00,23176.75,23177.5,23174.75,23175.5,227,2.75,1.25,0.75,0.75,-1,-287.35,-24.9,-27.5,-119
MNQ SEP25,20s,20,5918,2025-07-23 10:33:00,23175.75,23179.25,23174.75,23175.5,521,4.5,0.25,3.5,0.75,-1,305.3,-53.55,-24.01666667,6.46
MNQ SEP25,1s,1,4382,2025-07-23 10:33:01,23175,23175.25,23173.5,23175.25,114,1.75,0.25,0,1.5,1,,,,
MNQ SEP25,1s,1,4383,2025-07-23 10:33:02,23175,23175,23174.5,23174.5,10,0.5,0.5,0,0,-1,,,,
MNQ SEP25,1s,1,4384,2025-07-23 10:33:03,23174.75,23175.5,23174.75,23175,19,0.75,0.25,0.5,0,1,,,,
MNQ SEP25,1s,1,4385,2025-07-23 10:33:04,23175.75,23176.25,23175,23175,16,1.25,0.75,0.5,0,-1,,,,
MNQ SEP25,1s,1,4386,2025-07-23 10:33:05,23175.5,23176,23175.5,23175.75,11,0.5,0.25,0.25,0,1,,,,
MNQ SEP25,1s,1,4387,2025-07-23 10:33:06,23175,23175,23173.25,23173.25,52,1.75,1.75,0,0,-1,,,,
MNQ SEP25,1s,1,4388,2025-07-23 10:33:07,23174,23174,23173,23173,24,1,1,0,0,-1,,,,
MNQ SEP25,1s,1,4389,2025-07-23 10:33:08,23173,23173.75,23172.5,23173,26,1.25,0,0.75,0.5,0,,,,
MNQ SEP25,1s,1,4390,2025-07-23 10:33:09,23173.5,23173.75,23172.5,23172.75,24,1.25,0.75,0.25,0.25,-1,,,,
MNQ SEP25,1s,1,4391,2025-07-23 10:33:10,23172.75,23174,23172.75,23174,42,1.25,1.25,0,0,1,,,,
MNQ SEP25,10s,10,5838,2025-07-23 10:33:10,23175,23176.25,23172.5,23174,338,3.75,1,1.25,1.5,-1,-290.4,-3.05,-17.13333333,-48.38
MNQ SEP25,1s,1,4392,2025-07-23 10:33:11,23174.25,23176.25,23174,23176.25,45,2.25,2,0,0.25,1,,,,
MNQ SEP25,1s,1,4393,2025-07-23 10:33:12,23175.75,23176.25,23175.25,23175.25,27,1,0.5,0.5,0,-1,,,,
MNQ SEP25,1s,1,4394,2025-07-23 10:33:13,23175.5,23176.75,23175,23176.25,33,1.75,0.75,0.5,0.5,1,,,,
MNQ SEP25,1s,1,4395,2025-07-23 10:33:14,23176.5,23177.25,23176.5,23177.25,8,0.75,0.75,0,0,1,,,,
MNQ SEP25,1s,1,4396,2025-07-23 10:33:15,23177.25,23177.75,23176.5,23177,23,1.25,0.25,0.5,0.5,-1,,,,
MNQ SEP25,1s,1,4397,2025-07-23 10:33:16,23177,23177.5,23176.5,23176.75,38,1,0.25,0.5,0.25,-1,,,,
MNQ SEP25,1s,1,4398,2025-07-23 10:33:17,23177.25,23177.25,23176.25,23177,17,1,0.25,0,0.75,-1,,,,
MNQ SEP25,1s,1,4399,2025-07-23 10:33:18,23177.25,23177.5,23176.5,23176.5,6,1,0.75,0.25,0,-1,,,,
MNQ SEP25,1s,1,4400,2025-07-23 10:33:19,23176,23176.75,23176,23176.25,9,0.75,0.25,0.5,0,1,,,,
MNQ SEP25,1s,1,4401,2025-07-23 10:33:20,23176.25,23177,23176,23176.5,24,1,0.25,0.5,0.25,1,,,,
MNQ SEP25,10s,10,5839,2025-07-23 10:33:20,23174.25,23177.75,23174,23176.5,230,3.75,2.25,1.25,0.25,1,-276.25,14.15,-4.6,-14.28
MNQ SEP25,20s,20,5919,2025-07-23 10:33:20,23175,23177.75,23172.5,23176.5,568,5.25,1.5,1.25,2.5,1,-195.95,-501.25,-206.98333333,-147.37
MNQ SEP25,1s,1,4402,2025-07-23 10:33:21,23176.75,23177,23175,23175,16,2,1.75,0.25,0,-1,,,,
MNQ SEP25,1s,1,4403,2025-07-23 10:33:22,23175.25,23175.25,23174.75,23174.75,7,0.5,0.5,0,0,-1,,,,
MNQ SEP25,1s,1,4404,2025-07-23 10:33:23,23175,23175.75,23174.5,23175,16,1.25,0,0.75,0.5,0,,,,
MNQ SEP25,1s,1,4405,2025-07-23 10:33:24,23174.75,23174.75,23173.75,23174.25,12,1,0.5,0,0.5,-1,,,,
MNQ SEP25,1s,1,4406,2025-07-23 10:33:25,23174.25,23174.25,23172.5,23172.75,32,1.75,1.5,0,0.25,-1,,,,
MNQ SEP25,1s,1,4407,2025-07-23 10:33:26,23173.25,23174.25,23173.25,23173.5,19,1,0.25,0.75,0,1,,,,
MNQ SEP25,1s,1,4408,2025-07-23 10:33:27,23174.25,23176,23174.25,23176,21,1.75,1.75,0,0,1,,,,
MNQ SEP25,1s,1,4409,2025-07-23 10:33:28,23175.25,23176,23175.25,23175.75,23,0.75,0.5,0.25,0,1,,,,
MNQ SEP25,1s,1,4410,2025-07-23 10:33:29,23175.5,23175.75,23174.5,23174.5,23,1.25,1,0.25,0,-1,,,,
MNQ SEP25,1s,1,4411,2025-07-23 10:33:30,23175,23175,23174.25,23174.75,16,0.75,0.25,0,0.5,-1,,,,
MNQ SEP25,10s,10,5840,2025-07-23 10:33:30,23176.75,23177,23172.5,23174.75,185,4.5,2,0.25,2.25,-1,-245.9,30.35,13.81666667,-1.38
MNQ SEP25,1s,1,4412,2025-07-23 10:33:31,23175.25,23175.5,23174.75,23175.5,25,0.75,0.25,0,0.5,1,,,,
MNQ SEP25,1s,1,4413,2025-07-23 10:33:32,23175.75,23175.75,23175,23175.75,11,0.75,0,0,0.75,0,,,,
MNQ SEP25,1s,1,4414,2025-07-23 10:33:33,23175.75,23176.75,23175.75,23175.75,23,1,0,1,0,0,,,,
MNQ SEP25,1s,1,4415,2025-07-23 10:33:34,23175.75,23176.25,23175.25,23176.25,47,1,0.5,0,0.5,1,,,,
MNQ SEP25,1s,1,4416,2025-07-23 10:33:35,23176,23176.25,23176,23176.25,14,0.25,0.25,0,0,1,,,,
MNQ SEP25,1s,1,4417,2025-07-23 10:33:36,23175.5,23176.25,23175,23175.25,21,1.25,0.25,0.75,0.25,-1,,,,
MNQ SEP25,1s,1,4418,2025-07-23 10:33:37,23175.5,23175.5,23175,23175,7,0.5,0.5,0,0,-1,,,,
MNQ SEP25,1s,1,4419,2025-07-23 10:33:38,23175.25,23175.25,23174.5,23175,4,0.75,0.25,0,0.5,-1,,,,
MNQ SEP25,1s,1,4420,2025-07-23 10:33:39,23175.25,23175.5,23174.5,23175.5,34,1,0.25,0,0.75,1,,,,
MNQ SEP25,1s,1,4421,2025-07-23 10:33:40,23175.5,23175.5,23175.25,23175.5,13,0.25,0,0,0.25,0,,,,
MNQ SEP25,10s,10,5841,2025-07-23 10:33:40,23175.25,23176.75,23174.5,23175.5,199,2.25,0.25,1.25,0.75,1,-253.55,-7.65,12.28333333,1.78
MNQ SEP25,20s,20,5920,2025-07-23 10:33:40,23176.75,23177,23172.5,23175.5,384,4.5,1.25,0.25,3,-1,-273.35,-77.4,-210.73333333,-130.14
MNQ SEP25,1s,1,4422,2025-07-23 10:33:41,23176,23177.25,23176,23177.25,15,1.25,1.25,0,0,1,,,,
MNQ SEP25,1s,1,4423,2025-07-23 10:33:42,23177,23177,23176,23176,17,1,1,0,0,-1,,,,
MNQ SEP25,1s,1,4424,2025-07-23 10:33:43,23176.25,23176.5,23175,23175.25,14,1.5,1,0.25,0.25,-1,,,,
MNQ SEP25,1s,1,4425,2025-07-23 10:33:44,23174.75,23175,23174.75,23175,5,0.25,0.25,0,0,1,,,,
MNQ SEP25,1s,1,4426,2025-07-23 10:33:45,23174.5,23175,23173.75,23174,17,1.25,0.5,0.5,0.25,-1,,,,
MNQ SEP25,1s,1,4427,2025-07-23 10:33:46,23173.5,23173.5,23170.5,23171,94,3,2.5,0,0.5,-1,,,,
MNQ SEP25,1s,1,4428,2025-07-23 10:33:47,23170.5,23171.75,23170,23171.75,155,1.75,1.25,0,0.5,1,,,,
MNQ SEP25,1s,1,4429,2025-07-23 10:33:48,23171.5,23172,23170.25,23170.25,61,1.75,1.25,0.5,0,-1,,,,
MNQ SEP25,1s,1,4430,2025-07-23 10:33:49,23170.5,23171,23170.25,23170.5,56,0.75,0,0.5,0.25,0,,,,
MNQ SEP25,1s,1,4431,2025-07-23 10:33:50,23170.75,23171,23170.5,23170.75,42,0.5,0,0.25,0.25,0,,,,
MNQ SEP25,10s,10,5842,2025-07-23 10:33:50,23176,23177.25,23170,23170.75,476,7.25,5.25,1.25,0.75,-1,-207.35,46.2,22.96666667,16
MNQ SEP25,1s,1,4432,2025-07-23 10:33:51,23171,23171.25,23170.5,23170.5,23,0.75,0.5,0.25,0,-1,,,,
MNQ SEP25,1s,1,4433,2025-07-23 10:33:52,23170.5,23170.75,23169.75,23170,54,1,0.5,0.25,0.25,-1,,,,
MNQ SEP25,1s,1,4434,2025-07-23 10:33:53,23170.25,23170.25,23168.5,23168.5,134,1.75,1.75,0,0,-1,,,,
MNQ SEP25,1s,1,4435,2025-07-23 10:33:54,23169.25,23169.5,23168,23168,65,1.5,1.25,0.25,0,-1,,,,
MNQ SEP25,1s,1,4436,2025-07-23 10:33:55,23168.25,23168.5,23166.75,23166.75,119,1.75,1.5,0.25,0,-1,,,,
MNQ SEP25,1s,1,4437,2025-07-23 10:33:56,23167,23167.5,23166.75,23167.5,49,0.75,0.5,0,0.25,1,,,,
MNQ SEP25,1s,1,4438,2025-07-23 10:33:57,23167.75,23167.75,23165,23166.5,273,2.75,1.25,0,1.5,-1,,,,
MNQ SEP25,1s,1,4439,2025-07-23 10:33:58,23167,23167,23166.25,23166.75,116,0.75,0.25,0,0.5,-1,,,,
MNQ SEP25,1s,1,4440,2025-07-23 10:33:59,23166.75,23167.5,23166.5,23167.5,93,1,0.75,0,0.25,1,,,,
MNQ SEP25,1s,1,4441,2025-07-23 10:34:00,23167.5,23168.25,23167,23167.5,66,1.25,0,0.75,0.5,0,,,,
MNQ SEP25,10s,10,5843,2025-07-23 10:34:00,23171,23171.25,23165,23167.5,992,6.25,3.5,0.25,2.5,-1,-103.5,103.85,47.46666667,37.38
MNQ SEP25,20s,20,5921,2025-07-23 10:34:00,23176,23177.25,23165,23167.5,1468,12.25,8.5,1.25,2.5,-1,-163.8,109.55,-156.36666667,-117.76
MNQ SEP25,1s,1,4442,2025-07-23 10:34:01,23167.75,23167.75,23165.75,23166,114,2,1.75,0,0.25,-1,,,,
MNQ SEP25,1s,1,4443,2025-07-23 10:34:02,23166,23167.5,23166,23166.75,52,1.5,0.75,0.75,0,1,,,,
MNQ SEP25,1s,1,4444,2025-07-23 10:34:03,23166.5,23166.75,23166,23166,31,0.75,0.5,0.25,0,-1,,,,
MNQ SEP25,1s,1,4445,2025-07-23 10:34:04,23166.25,23166.25,23162.75,23163,243,3.5,3.25,0,0.25,-1,,,,
MNQ SEP25,1s,1,4446,2025-07-23 10:34:05,23162.75,23164.25,23162.75,23163.5,146,1.5,0.75,0.75,0,1,,,,
MNQ SEP25,1s,1,4447,2025-07-23 10:34:06,23163.75,23164.25,23163,23164.25,90,1.25,0.5,0,0.75,1,,,,
MNQ SEP25,1s,1,4448,2025-07-23 10:34:07,23164.25,23164.75,23161.75,23163,282,3,1.25,0.5,1.25,-1,,,,
MNQ SEP25,1s,1,4449,2025-07-23 10:34:08,23162.5,23164,23162.5,23163.25,94,1.5,0.75,0.75,0,1,,,,
MNQ SEP25,1s,1,4450,2025-07-23 10:34:09,23163.25,23163.5,23161.5,23162,57,2,1.25,0.25,0.5,-1,,,,
MNQ SEP25,1s,1,4451,2025-07-23 10:34:10,23162,23164,23161.25,23163.25,169,2.75,1.25,0.75,0.75,1,,,,
MNQ SEP25,10s,10,5844,2025-07-23 10:34:10,23167.75,23167.75,23161.25,23163.25,1278,6.5,4.5,0,2,-1,56,159.5,103.18333333,66.45
MNQ SEP25,1s,1,4452,2025-07-23 10:34:11,23163,23163.75,23162,23162.5,69,1.75,0.5,0.75,0.5,-1,,,,
MNQ SEP25,1s,1,4453,2025-07-23 10:34:12,23162.5,23162.5,23161.75,23161.75,37,0.75,0.75,0,0,-1,,,,
MNQ SEP25,1s,1,4454,2025-07-23 10:34:13,23162.25,23163,23161.75,23162,37,1.25,0.25,0.75,0.25,-1,,,,
MNQ SEP25,1s,1,4455,2025-07-23 10:34:14,23161.75,23164.25,23161.75,23162.75,80,2.5,1,1.5,0,1,,,,
MNQ SEP25,1s,1,4456,2025-07-23 10:34:15,23163.25,23163.25,23161.75,23162.25,66,1.5,1,0,0.5,-1,,,,
MNQ SEP25,1s,1,4457,2025-07-23 10:34:16,23161.5,23162,23160,23161.75,173,2,0.25,0.25,1.5,1,,,,
MNQ SEP25,1s,1,4458,2025-07-23 10:34:17,23162.25,23163.5,23162,23163.25,78,1.5,1,0.25,0.25,1,,,,
MNQ SEP25,1s,1,4459,2025-07-23 10:34:18,23162.75,23164,23162.75,23163.25,85,1.25,0.5,0.75,0,1,,,,
MNQ SEP25,1s,1,4460,2025-07-23 10:34:19,23163,23164.25,23162.75,23163,46,1.5,0,1.25,0.25,0,,,,
MNQ SEP25,1s,1,4461,2025-07-23 10:34:20,23163.25,23163.5,23162.5,23163.5,32,1,0.25,0,0.75,1,,,,
MNQ SEP25,10s,10,5845,2025-07-23 10:34:20,23163,23164.25,23160,23163.5,703,4.25,0.5,0.75,3,1,159.5,103.5,122.28333333,81.08
MNQ SEP25,20s,20,5922,2025-07-23 10:34:20,23167.75,23167.75,23160,23163.5,1981,7.75,4.25,0,3.5,-1,35.95,199.75,77.3,-64.58
MNQ SEP25,1s,1,4462,2025-07-23 10:34:21,23163.5,23165.5,23163.5,23165.5,58,2,2,0,0,1,,,,
MNQ SEP25,1s,1,4463,2025-07-23 10:34:22,23165.5,23165.75,23164.5,23165,67,1.25,0.5,0.25,0.5,-1,,,,
MNQ SEP25,1s,1,4464,2025-07-23 10:34:23,23164.75,23165.25,23163.5,23164.5,71,1.75,0.25,0.5,1,-1,,,,
MNQ SEP25,1s,1,4465,2025-07-23 10:34:24,23164.5,23164.5,23163.5,23164.25,36,1,0.25,0,0.75,-1,,,,
MNQ SEP25,1s,1,4466,2025-07-23 10:34:25,23164,23164.25,23163.25,23164,24,1,0,0.25,0.75,0,,,,
MNQ SEP25,1s,1,4467,2025-07-23 10:34:26,23163.75,23164.25,23163.5,23164,49,0.75,0.25,0.25,0.25,1,,,,
MNQ SEP25,1s,1,4468,2025-07-23 10:34:27,23164.25,23164.25,23163,23163,26,1.25,1.25,0,0,-1,,,,
MNQ SEP25,1s,1,4469,2025-07-23 10:34:28,23163.5,23163.5,23162.25,23162.5,25,1.25,1,0,0.25,-1,,,,
MNQ SEP25,1s,1,4470,2025-07-23 10:34:29,23162,23162.5,23160.5,23161,73,2,1,0.5,0.5,-1,,,,
MNQ SEP25,1s,1,4471,2025-07-23 10:34:30,23161.25,23161.5,23160.75,23161,60,0.75,0.25,0.25,0.25,-1,,,,
MNQ SEP25,10s,10,5846,2025-07-23 10:34:30,23163.5,23165.75,23160.5,23161,489,5.25,2.5,2.25,0.5,-1,228,68.5,110.5,96.31
MNQ SEP25,1s,1,4472,2025-07-23 10:34:31,23160.5,23161,23159.5,23160.5,160,1.5,0,0.5,1,0,,,,
MNQ SEP25,1s,1,4473,2025-07-23 10:34:32,23159.75,23161.75,23159.75,23160.25,60,2,0.5,1.5,0,1,,,,
MNQ SEP25,1s,1,4474,2025-07-23 10:34:33,23160.75,23162.25,23158.75,23161.5,247,3.5,0.75,0.75,2,1,,,,
MNQ SEP25,1s,1,4475,2025-07-23 10:34:34,23162,23162.75,23161.25,23162.75,73,1.5,0.75,0,0.75,1,,,,
MNQ SEP25,1s,1,4476,2025-07-23 10:34:35,23162.75,23162.75,23160.5,23160.75,42,2.25,2,0,0.25,-1,,,,
MNQ SEP25,1s,1,4477,2025-07-23 10:34:36,23160.5,23161,23158.75,23159.25,77,2.25,1.25,0.5,0.5,-1,,,,
MNQ SEP25,1s,1,4478,2025-07-23 10:34:37,23159,23159.75,23158.75,23159.25,60,1,0.25,0.5,0.25,1,,,,
MNQ SEP25,1s,1,4479,2025-07-23 10:34:38,23159,23159,23154.75,23156.25,442,4.25,2.75,0,1.5,-1,,,,
MNQ SEP25,1s,1,4480,2025-07-23 10:34:39,23156.25,23156.75,23154.75,23156,195,2,0.25,0.5,1.25,-1,,,,
MNQ SEP25,1s,1,4481,2025-07-23 10:34:40,23156,23157.5,23155.5,23157,98,2,1,0.5,0.5,1,,,,
MNQ SEP25,10s,10,5847,2025-07-23 10:34:40,23160.5,23162.75,23154.75,23157,1454,8,3.5,2.25,2.25,-1,374.2,146.2,106.06666667,116.31
MNQ SEP25,20s,20,5923,2025-07-23 10:34:40,23163.5,23165.75,23154.75,23157,1943,11,6.5,2.25,2.25,-1,247,211.05,173.45,-11.66
MNQ SEP25,1s,1,4482,2025-07-23 10:34:41,23157,23157.75,23156.5,23157.75,81,1.25,0.75,0,0.5,1,,,,
MNQ SEP25,1s,1,4483,2025-07-23 10:34:42,23157.5,23158,23155.75,23156.25,70,2.25,1.25,0.5,0.5,-1,,,,
MNQ SEP25,1s,1,4484,2025-07-23 10:34:43,23156,23156.5,23153.5,23156.5,173,3,0.5,0,2.5,1,,,,
MNQ SEP25,1s,1,4485,2025-07-23 10:34:44,23156,23157.75,23155.75,23157,78,2,1,0.75,0.25,1,,,,
MNQ SEP25,1s,1,4486,2025-07-23 10:34:45,23157.5,23158.75,23157,23158,46,1.75,0.5,0.75,0.5,1,,,,
MNQ SEP25,1s,1,4487,2025-07-23 10:34:46,23158.25,23158.25,23156.5,23157,65,1.75,1.25,0,0.5,-1,,,,
MNQ SEP25,1s,1,4488,2025-07-23 10:34:47,23156.75,23157,23155.5,23156.25,59,1.5,0.5,0.25,0.75,-1,,,,
MNQ SEP25,1s,1,4489,2025-07-23 10:34:48,23156.25,23157.25,23156.25,23156.75,34,1,0.5,0.5,0,1,,,,
MNQ SEP25,1s,1,4490,2025-07-23 10:34:49,23157,23157.25,23156.25,23157.25,20,1,0.25,0,0.75,1,,,,
MNQ SEP25,1s,1,4491,2025-07-23 10:34:50,23157,23157.5,23156.5,23157,48,1,0,0.5,0.5,0,,,,
MNQ SEP25,10s,10,5848,2025-07-23 10:34:50,23157,23158.75,23153.5,23157,674,5.25,0,1.75,3.5,0,381.7,7.5,74.06666667,97.04
MNQ SEP25,1s,1,4492,2025-07-23 10:34:51,23157.25,23157.25,23155.75,23156.75,33,1.5,0.5,0,1,-1,,,,
MNQ SEP25,1s,1,4493,2025-07-23 10:34:52,23156.5,23156.5,23155.5,23155.75,29,1,0.75,0,0.25,-1,,,,
MNQ SEP25,1s,1,4494,2025-07-23 10:34:53,23155.75,23155.75,23154,23155,62,1.75,0.75,0,1,-1,,,,
MNQ SEP25,1s,1,4495,2025-07-23 10:34:54,23154.5,23155.75,23154.25,23154.75,69,1.5,0.25,1,0.25,1,,,,
MNQ SEP25,1s,1,4496,2025-07-23 10:34:55,23154.75,23155.5,23154.5,23155.25,42,1,0.5,0.25,0.25,1,,,,
MNQ SEP25,1s,1,4497,2025-07-23 10:34:56,23154.75,23154.75,23151.5,23152.5,199,3.25,2.25,0,1,-1,,,,
MNQ SEP25,1s,1,4498,2025-07-23 10:34:57,23152.25,23152.5,23150.75,23151.75,168,1.75,0.5,0.25,1,-1,,,,
MNQ SEP25,1s,1,4499,2025-07-23 10:34:58,23151.5,23152.75,23151.5,23152.5,129,1.25,1,0.25,0,1,,,,
MNQ SEP25,1s,1,4500,2025-07-23 10:34:59,23152.25,23153.5,23151.25,23151.25,136,2.25,1,1.25,0,-1,,,,
MNQ SEP25,1s,1,4501,2025-07-23 10:35:00,23151.25,23152,23150.25,23151.25,164,1.75,0,0.75,1,0,,,,
MNQ SEP25,10s,10,5849,2025-07-23 10:35:00,23157.25,23157.25,23150.25,23151.25,1031,7,6,0,1,-1,333.4,-48.3,35.13333333,55.48
MNQ SEP25,20s,20,5924,2025-07-23 10:35:00,23157,23158.75,23150.25,23151.25,1705,8.5,5.75,1.75,1,-1,424.05,177.05,195.95,124
MNQ SEP25,1s,1,4502,2025-07-23 10:35:01,23151.5,23152,23148,23152,463,4,0.5,0,3.5,1,,,,
MNQ SEP25,1s,1,4503,2025-07-23 10:35:02,23151.5,23154.75,23151.5,23154.75,172,3.25,3.25,0,0,1,,,,
MNQ SEP25,1s,1,4504,2025-07-23 10:35:03,23154.25,23156.25,23153.75,23155.75,235,2.5,1.5,0.5,0.5,1,,,,
MNQ SEP25,1s,1,4505,2025-07-23 10:35:04,23155.5,23155.75,23154.25,23154.5,147,1.5,1,0.25,0.25,-1,,,,
MNQ SEP25,1s,1,4506,2025-07-23 10:35:05,23154.75,23155.75,23154,23155,86,1.75,0.25,0.75,0.75,1,,,,
MNQ SEP25,1s,1,4507,2025-07-23 10:35:06,23155,23159.25,23155,23158.5,217,4.25,3.5,0.75,0,1,,,,
MNQ SEP25,1s,1,4508,2025-07-23 10:35:07,23158.25,23159.25,23157.75,23158.25,150,1.5,0,1,0.5,0,,,,
MNQ SEP25,1s,1,4509,2025-07-23 10:35:08,23158.25,23159,23158,23158.75,84,1,0.5,0.25,0.25,1,,,,
MNQ SEP25,1s,1,4510,2025-07-23 10:35:09,23158.75,23159.75,23158.25,23159.75,87,1.5,1,0,0.5,1,,,,
MNQ SEP25,1s,1,4511,2025-07-23 10:35:10,23160,23160.5,23159.5,23160.25,122,1,0.25,0.25,0.5,1,,,,
MNQ SEP25,10s,10,5850,2025-07-23 10:35:10,23151.5,23160.5,23148,23160.25,1763,12.5,8.75,0.25,3.5,1,478.95,145.55,34.91666667,63.89
MNQ SEP25,1s,1,4512,2025-07-23 10:35:11,23160.25,23160.5,23159.5,23160.25,59,1,0,0.25,0.75,0,,,,
MNQ SEP25,1s,1,4513,2025-07-23 10:35:12,23160.25,23160.25,23158.5,23159.25,134,1.75,1,0,0.75,-1,,,,
MNQ SEP25,1s,1,4514,2025-07-23 10:35:13,23159.5,23160,23158.75,23159.25,68,1.25,0.25,0.5,0.5,-1,,,,
MNQ SEP25,1s,1,4515,2025-07-23 10:35:14,23159.5,23161.5,23159.5,23161.25,91,2,1.75,0.25,0,1,,,,
MNQ SEP25,1s,1,4516,2025-07-23 10:35:15,23161.75,23163.25,23161.5,23162.5,147,1.75,0.75,0.75,0.25,1,,,,
MNQ SEP25,1s,1,4517,2025-07-23 10:35:16,23162.75,23162.75,23162,23162,62,0.75,0.75,0,0,-1,,,,
MNQ SEP25,1s,1,4518,2025-07-23 10:35:17,23162.25,23162.5,23161.25,23162,56,1.25,0.25,0.25,0.75,-1,,,,
MNQ SEP25,1s,1,4519,2025-07-23 10:35:18,23162.25,23163,23162.25,23163,35,0.75,0.75,0,0,1,,,,
MNQ SEP25,1s,1,4520,2025-07-23 10:35:19,23163,23163,23161.25,23161.75,70,1.75,1.25,0,0.5,-1,,,,
MNQ SEP25,1s,1,4521,2025-07-23 10:35:20,23162.25,23163,23161.75,23162.25,53,1.25,0,0.75,0.5,0,,,,
MNQ SEP25,10s,10,5851,2025-07-23 10:35:20,23160.25,23163.25,23158.5,23162.25,775,4.75,2,1,1.75,1,517.5,38.55,45.26666667,57.9
MNQ SEP25,20s,20,5925,2025-07-23 10:35:20,23151.5,23163.25,23148,23162.25,2538,15.25,10.75,1,3.5,1,749.25,325.2,237.76666667,204.52
MNQ SEP25,1s,1,4522,2025-07-23 10:35:21,23162.75,23164,23162.5,23164,76,1.5,1.25,0,0.25,1,,,,
MNQ SEP25,1s,1,4523,2025-07-23 10:35:22,23163.25,23164,23162.25,23164,65,1.75,0.75,0,1,1,,,,
MNQ SEP25,1s,1,4524,2025-07-23 10:35:23,23163.75,23165.5,23163.25,23164.75,131,2.25,1,0.75,0.5,1,,,,
MNQ SEP25,1s,1,4525,2025-07-23 10:35:24,23165,23165,23164.25,23164.75,55,0.75,0.25,0,0.5,-1,,,,
MNQ SEP25,1s,1,4526,2025-07-23 10:35:25,23164.75,23165.75,23164.75,23165.75,50,1,1,0,0,1,,,,
MNQ SEP25,1s,1,4527,2025-07-23 10:35:26,23165.75,23166,23164.75,23165.5,102,1.25,0.25,0.25,0.75,-1,,,,
MNQ SEP25,1s,1,4528,2025-07-23 10:35:27,23165,23165.25,23163.25,23163.5,64,2,1.5,0.25,0.25,-1,,,,
MNQ SEP25,1s,1,4529,2025-07-23 10:35:28,23163.5,23163.75,23162.75,23163.25,46,1,0.25,0.25,0.5,-1,,,,
MNQ SEP25,1s,1,4530,2025-07-23 10:35:29,23162.75,23164.5,23162,23163,118,2.5,0.25,1.5,0.75,1,,,,
MNQ SEP25,1s,1,4531,2025-07-23 10:35:30,23163.25,23164,23163.25,23164,17,0.75,0.75,0,0,1,,,,
MNQ SEP25,10s,10,5852,2025-07-23 10:35:30,23162.75,23166,23162,23164,724,4,1.25,2,0.75,1,353.85,-163.65,6.81666667,-4.07
MNQ SEP25,1s,1,4532,2025-07-23 10:35:31,23164,23165.25,23163.25,23163.25,37,2,0.75,1.25,0,-1,,,,
MNQ SEP25,1s,1,4533,2025-07-23 10:35:32,23163.25,23163.75,23162.5,23163.25,44,1.25,0,0.5,0.75,0,,,,
MNQ SEP25,1s,1,4534,2025-07-23 10:35:33,23163,23164,23163,23163.75,16,1,0.75,0.25,0,1,,,,
MNQ SEP25,1s,1,4535,2025-07-23 10:35:34,23163.25,23164,23162.75,23163.75,41,1.25,0.5,0.25,0.5,1,,,,
MNQ SEP25,1s,1,4536,2025-07-23 10:35:35,23163.75,23164,23163.5,23163.5,17,0.5,0.25,0.25,0,-1,,,,
MNQ SEP25,1s,1,4537,2025-07-23 10:35:36,23164,23165,23164,23165,25,1,1,0,0,1,,,,
MNQ SEP25,1s,1,4538,2025-07-23 10:35:37,23165,23165,23164.25,23164.75,30,0.75,0.25,0,0.5,-1,,,,
MNQ SEP25,1s,1,4539,2025-07-23 10:35:38,23164.75,23165,23164.25,23164.5,23,0.75,0.25,0.25,0.25,-1,,,,
MNQ SEP25,1s,1,4540,2025-07-23 10:35:39,23164.5,23165,23164.25,23164.75,20,0.75,0.25,0.25,0.25,1,,,,
MNQ SEP25,1s,1,4541,2025-07-23 10:35:40,23164.25,23164.75,23164.25,23164.5,16,0.5,0.25,0.25,0,1,,,,
MNQ SEP25,10s,10,5853,2025-07-23 10:35:40,23164,23165.25,23162.5,23164.5,269,2.75,0.5,0.75,1.5,1,277.25,-76.6,-67.23333333,-20.89
MNQ SEP25,20s,20,5926,2025-07-23 10:35:40,23162.75,23166,23162,23164.5,993,4,1.75,1.5,0.75,1,624.95,-124.3,125.98333333,157.75
MNQ SEP25,1s,1,4542,2025-07-23 10:35:41,23164.5,23165.5,23164.5,23165.25,36,1,0.75,0.25,0,1,,,,
MNQ SEP25,1s,1,4543,2025-07-23 10:35:42,23165.5,23166,23165,23165.5,44,1,0,0.5,0.5,0,,,,
MNQ SEP25,1s,1,4544,2025-07-23 10:35:43,23165.75,23166,23164.75,23165.5,26,1.25,0.25,0.25,0.75,-1,,,,
MNQ SEP25,1s,1,4545,2025-07-23 10:35:44,23165.75,23166.75,23165.75,23166.25,82,1,0.5,0.5,0,1,,,,
MNQ SEP25,1s,1,4546,2025-07-23 10:35:45,23166.5,23166.75,23166,23166.75,28,0.75,0.25,0,0.5,1,,,,
MNQ SEP25,1s,1,4547,2025-07-23 10:35:46,23167,23167,23165.75,23165.75,35,1.25,1.25,0,0,-1,,,,
MNQ SEP25,1s,1,4548,2025-07-23 10:35:47,23166,23166,23164.5,23165,22,1.5,1,0,0.5,-1,,,,
MNQ SEP25,1s,1,4549,2025-07-23 10:35:48,23165.5,23166.75,23165.25,23166.75,47,1.5,1.25,0,0.25,1,,,,
MNQ SEP25,1s,1,4550,2025-07-23 10:35:49,23166.75,23167,23166.5,23166.5,29,0.5,0.25,0.25,0,-1,,,,
MNQ SEP25,1s,1,4551,2025-07-23 10:35:50,23166.5,23166.5,23165,23165,46,1.5,1.5,0,0,-1,,,,
MNQ SEP25,10s,10,5854,2025-07-23 10:35:50,23164.5,23167,23164.5,23165,395,2.5,0.5,2,0,1,145,-132.25,-124.16666667,-37.68
MNQ SEP25,1s,1,4552,2025-07-23 10:35:51,23165,23166.25,23165,23166,37,1.25,1,0.25,0,1,,,,
MNQ SEP25,1s,1,4553,2025-07-23 10:35:52,23166.25,23166.25,23165.25,23165.5,17,1,0.75,0,0.25,-1,,,,
MNQ SEP25,1s,1,4554,2025-07-23 10:35:53,23166,23167,23166,23166.75,23,1,0.75,0.25,0,1,,,,
MNQ SEP25,1s,1,4555,2025-07-23 10:35:54,23166.25,23166.5,23165.75,23165.75,24,0.75,0.5,0.25,0,-1,,,,
MNQ SEP25,1s,1,4556,2025-07-23 10:35:55,23165.5,23165.75,23165.25,23165.75,27,0.5,0.25,0,0.25,1,,,,
MNQ SEP25,1s,1,4557,2025-07-23 10:35:56,23165.5,23165.5,23164.25,23164.75,70,1.25,0.75,0,0.5,-1,,,,
MNQ SEP25,1s,1,4558,2025-07-23 10:35:57,23165,23165,23164.25,23164.25,28,0.75,0.75,0,0,-1,,,,
MNQ SEP25,1s,1,4559,2025-07-23 10:35:58,23164.75,23165,23164.25,23164.75,14,0.75,0,0.25,0.5,0,,,,
MNQ SEP25,1s,1,4560,2025-07-23 10:35:59,23165,23165.25,23164.75,23165.25,28,0.5,0.25,0,0.25,1,,,,
MNQ SEP25,1s,1,4561,2025-07-23 10:36:00,23164.75,23166,23164.75,23166,31,1.25,1.25,0,0,1,,,,
MNQ SEP25,10s,10,5855,2025-07-23 10:36:00,23165,23167,23164.25,23166,299,2.75,1,1,0.75,1,-147.35,-292.35,-167.06666667,-125.26
MNQ SEP25,20s,20,5927,2025-07-23 10:36:00,23164.5,23167,23164.25,23166,694,2.75,1.5,1,0.25,1,349.45,-275.5,-24.86666667,62.7
MNQ SEP25,1s,1,4562,2025-07-23 10:36:01,23165.75,23165.75,23164,23164,141,1.75,1.75,0,0,-1,,,,
MNQ SEP25,1s,1,4563,2025-07-23 10:36:02,23164.25,23165,23162.75,23164,57,2.25,0.25,0.75,1.25,-1,,,,
MNQ SEP25,1s,1,4564,2025-07-23 10:36:03,23163.75,23163.75,23162,23162.5,91,1.75,1.25,0,0.5,-1,,,,
MNQ SEP25,1s,1,4565,2025-07-23 10:36:04,23162.5,23162.75,23161.75,23161.75,70,1,0.75,0.25,0,-1,,,,
MNQ SEP25,1s,1,4566,2025-07-23 10:36:05,23161.75,23163,23161.75,23162.5,62,1.25,0.75,0.5,0,1,,,,
MNQ SEP25,1s,1,4567,2025-07-23 10:36:06,23162.25,23163,23162,23163,32,1,0.75,0,0.25,1,,,,
MNQ SEP25,1s,1,4568,2025-07-23 10:36:07,23163,23163.5,23162.75,23162.75,67,0.75,0.25,0.5,0,-1,,,,
MNQ SEP25,1s,1,4569,2025-07-23 10:36:08,23162.5,23163.5,23162,23162.75,61,1.5,0.25,0.75,0.5,1,,,,
MNQ SEP25,1s,1,4570,2025-07-23 10:36:09,23163.25,23164,23162.25,23162.75,40,1.75,0.5,0.75,0.5,-1,,,,
MNQ SEP25,1s,1,4571,2025-07-23 10:36:10,23163.25,23165.75,23163,23165.5,67,2.75,2.25,0.25,0.25,1,,,,
MNQ SEP25,10s,10,5856,2025-07-23 10:36:10,23165.75,23165.75,23161.75,23165.5,688,4,0.25,0,3.75,-1,-184.45,-37.1,-153.9,-140.39
MNQ SEP25,1s,1,4572,2025-07-23 10:36:11,23165,23168.25,23165,23168,190,3.25,3,0.25,0,1,,,,
MNQ SEP25,1s,1,4573,2025-07-23 10:36:12,23168,23168.5,23167,23167.75,118,1.5,0.25,0.5,0.75,-1,,,,
MNQ SEP25,1s,1,4574,2025-07-23 10:36:13,23167.5,23168.5,23167,23168,106,1.5,0.5,0.5,0.5,1,,,,
MNQ SEP25,1s,1,4575,2025-07-23 10:36:14,23167.75,23169.5,23167.75,23168.75,125,1.75,1,0.75,0,1,,,,
MNQ SEP25,1s,1,4576,2025-07-23 10:36:15,23169,23169.25,23168,23168.5,87,1.25,0.5,0.25,0.5,-1,,,,
MNQ SEP25,1s,1,4577,2025-07-23 10:36:16,23168.5,23168.5,23166.75,23167.5,54,1.75,1,0,0.75,-1,,,,
MNQ SEP25,1s,1,4578,2025-07-23 10:36:17,23167.25,23167.5,23166.25,23167.25,64,1.25,0,0.25,1,0,,,,
MNQ SEP25,1s,1,4579,2025-07-23 10:36:18,23167.5,23168.75,23167.25,23168.5,40,1.5,1,0.25,0.25,1,,,,
MNQ SEP25,1s,1,4580,2025-07-23 10:36:19,23168.5,23169,23168.25,23168.5,32,0.75,0,0.5,0.25,0,,,,
MNQ SEP25,1s,1,4581,2025-07-23 10:36:20,23168,23169,23168,23168.5,36,1,0.5,0.5,0,1,,,,
MNQ SEP25,10s,10,5857,2025-07-23 10:36:20,23165,23169.5,23165,23168.5,852,4.5,3.5,1,0,1,-190.1,-5.65,-111.7,-108.79
MNQ SEP25,20s,20,5928,2025-07-23 10:36:20,23165.75,23169.5,23161.75,23168.5,1540,7.75,2.75,1,4,1,219.95,-129.5,-176.43333333,-5.41
MNQ SEP25,1s,1,4582,2025-07-23 10:36:21,23168,23168,23167.25,23167.75,24,0.75,0.25,0,0.5,-1,,,,
MNQ SEP25,1s,1,4583,2025-07-23 10:36:22,23167.75,23168.25,23166.75,23166.75,83,1.5,1,0.5,0,-1,,,,
MNQ SEP25,1s,1,4584,2025-07-23 10:36:23,23167.5,23167.75,23166.75,23166.75,57,1,0.75,0.25,0,-1,,,,
MNQ SEP25,1s,1,4585,2025-07-23 10:36:24,23167.25,23167.5,23166.25,23166.75,18,1.25,0.5,0.25,0.5,-1,,,,
MNQ SEP25,1s,1,4586,2025-07-23 10:36:25,23166.75,23166.75,23165.75,23166.5,19,1,0.25,0,0.75,-1,,,,
MNQ SEP25,1s,1,4587,2025-07-23 10:36:26,23166.25,23166.75,23166,23166.5,32,0.75,0.25,0.25,0.25,1,,,,
MNQ SEP25,1s,1,4588,2025-07-23 10:36:27,23166.25,23166.75,23165.75,23165.75,10,1,0.5,0.5,0,-1,,,,
MNQ SEP25,1s,1,4589,2025-07-23 10:36:28,23165.25,23167.25,23165,23167.25,39,2.25,2,0,0.25,1,,,,
MNQ SEP25,1s,1,4590,2025-07-23 10:36:29,23167,23167,23166,23166.25,29,1,0.75,0,0.25,-1,,,,
MNQ SEP25,1s,1,4591,2025-07-23 10:36:30,23166.5,23167,23166.25,23166.25,31,0.75,0.25,0.5,0,-1,,,,
MNQ SEP25,10s,10,5858,2025-07-23 10:36:30,23168,23168.25,23165,23166.25,342,3.25,1.75,0.25,1.25,-1,-175.7,14.4,-9.45,-90.59
MNQ SEP25,1s,1,4592,2025-07-23 10:36:31,23166.25,23166.75,23166.25,23166.5,7,0.5,0.25,0.25,0,1,,,,
MNQ SEP25,1s,1,4593,2025-07-23 10:36:32,23166,23167.5,23166,23166.75,61,1.5,0.75,0.75,0,1,,,,
MNQ SEP25,1s,1,4594,2025-07-23 10:36:33,23166.25,23167,23166.25,23167,19,0.75,0.75,0,0,1,,,,
MNQ SEP25,1s,1,4595,2025-07-23 10:36:34,23167,23167.5,23166.25,23167.5,27,1.25,0.5,0,0.75,1,,,,
MNQ SEP25,1s,1,4596,2025-07-23 10:36:35,23167.25,23167.75,23167.25,23167.75,8,0.5,0.5,0,0,1,,,,
MNQ SEP25,1s,1,4597,2025-07-23 10:36:36,23168,23169.25,23168,23169.25,55,1.25,1.25,0,0,1,,,,
MNQ SEP25,1s,1,4598,2025-07-23 10:36:37,23169,23169.25,23168.75,23169.25,20,0.5,0.25,0,0.25,1,,,,
MNQ SEP25,1s,1,4599,2025-07-23 10:36:38,23169.25,23169.25,23168,23168.25,43,1.25,1,0,0.25,-1,,,,
MNQ SEP25,1s,1,4600,2025-07-23 10:36:39,23168,23168.75,23168,23168.5,22,0.75,0.5,0.25,0,1,,,,
MNQ SEP25,1s,1,4601,2025-07-23 10:36:40,23168,23168.75,23168,23168.5,12,0.75,0.5,0.25,0,1,,,,
MNQ SEP25,10s,10,5859,2025-07-23 10:36:40,23166.25,23169.25,23166,23168.5,274,3.25,2.25,0.75,0.25,1,-202.1,-26.4,-5.88333333,-69.42
MNQ SEP25,20s,20,5929,2025-07-23 10:36:40,23168,23169.25,23165,23168.5,616,4.25,0.5,0.75,3,1,27.45,-192.5,-199.16666667,-79.32
MNQ SEP25,1s,1,4602,2025-07-23 10:36:41,23168.75,23168.75,23168.25,23168.5,23,0.5,0.25,0,0.25,-1,,,,
MNQ SEP25,1s,1,4603,2025-07-23 10:36:42,23169,23169,23167.75,23167.75,15,1.25,1.25,0,0,-1,,,,
MNQ SEP25,1s,1,4604,2025-07-23 10:36:43,23167.75,23168,23167.25,23167.5,30,0.75,0.25,0.25,0.25,-1,,,,
MNQ SEP25,1s,1,4605,2025-07-23 10:36:44,23167.5,23168,23167.25,23167.5,37,0.75,0,0.5,0.25,0,,,,
MNQ SEP25,1s,1,4606,2025-07-23 10:36:45,23167.75,23168,23167.25,23167.5,25,0.75,0.25,0.25,0.25,-1,,,,
MNQ SEP25,1s,1,4607,2025-07-23 10:36:46,23167.25,23168,23167.25,23168,4,0.75,0.75,0,0,1,,,,
MNQ SEP25,1s,1,4608,2025-07-23 10:36:47,23167.5,23168,23167.5,23167.75,9,0.5,0.25,0.25,0,1,,,,
MNQ SEP25,1s,1,4609,2025-07-23 10:36:48,23167.75,23167.75,23167.25,23167.5,12,0.5,0.25,0,0.25,-1,,,,
MNQ SEP25,1s,1,4610,2025-07-23 10:36:49,23167.5,23167.75,23167.25,23167.75,3,0.5,0.25,0,0.25,1,,,,
MNQ SEP25,1s,1,4611,2025-07-23 10:36:50,23167.75,23167.75,23167.25,23167.25,9,0.5,0.5,0,0,-1,,,,
MNQ SEP25,10s,10,5860,2025-07-23 10:36:50,23168.75,23169,23167.25,23167.25,167,1.75,1.5,0.25,0,-1,-227.6,-25.5,-12.5,-16.05
MNQ SEP25,1s,1,4612,2025-07-23 10:36:51,23167.25,23167.5,23165.5,23166.5,46,2,0.75,0.25,1,-1,,,,
MNQ SEP25,1s,1,4613,2025-07-23 10:36:52,23166.5,23166.5,23163.25,23164.75,227,3.25,1.75,0,1.5,-1,,,,
MNQ SEP25,1s,1,4614,2025-07-23 10:36:53,23164.25,23164.75,23164,23164.75,32,0.75,0.5,0,0.25,1,,,,
MNQ SEP25,1s,1,4615,2025-07-23 10:36:54,23164.25,23165,23164,23164,36,1,0.25,0.75,0,-1,,,,
MNQ SEP25,1s,1,4616,2025-07-23 10:36:55,23164,23165,23164,23165,13,1,1,0,0,1,,,,
MNQ SEP25,1s,1,4617,2025-07-23 10:36:56,23165,23165,23164.5,23165,17,0.5,0,0,0.5,0,,,,
MNQ SEP25,1s,1,4618,2025-07-23 10:36:57,23165,23165.25,23164.25,23164.25,17,1,0.75,0.25,0,-1,,,,
MNQ SEP25,1s,1,4619,2025-07-23 10:36:58,23164.25,23165.25,23163.75,23164.75,24,1.5,0.5,0.5,0.5,1,,,,
MNQ SEP25,1s,1,4620,2025-07-23 10:36:59,23164,23164.25,23163.5,23163.75,53,0.75,0.25,0.25,0.25,-1,,,,
MNQ SEP25,1s,1,4621,2025-07-23 10:37:00,23163.75,23164.5,23163.75,23164.25,36,0.75,0.5,0.25,0,1,,,,
MNQ SEP25,10s,10,5861,2025-07-23 10:37:00,23167.25,23167.5,23163.25,23164.25,501,4.25,3,0.25,1,-1,-280.1,-52.5,-34.8,-19.13
MNQ SEP25,20s,20,5930,2025-07-23 10:37:00,23168.75,23169,23163.25,23164.25,668,5.75,4.5,0.25,1,-1,-294.45,-321.9,-214.63333333,-208.74
MNQ SEP25,1s,1,4622,2025-07-23 10:37:01,23164.25,23164.75,23163.5,23164.5,91,1.25,0.25,0.25,0.75,1,,,,
MNQ SEP25,1s,1,4623,2025-07-23 10:37:02,23165,23166,23164.5,23164.5,46,1.5,0.5,1,0,-1,,,,
MNQ SEP25,1s,1,4624,2025-07-23 10:37:03,23164.5,23164.5,23162.75,23164.25,94,1.75,0.25,0,1.5,-1,,,,
MNQ SEP25,1s,1,4625,2025-07-23 10:37:04,23164.75,23165,23164,23165,46,1,0.25,0,0.75,1,,,,
MNQ SEP25,1s,1,4626,2025-07-23 10:37:05,23164.75,23164.75,23162.5,23163.25,38,2.25,1.5,0,0.75,-1,,,,
MNQ SEP25,1s,1,4627,2025-07-23 10:37:06,23163.75,23163.75,23162.5,23163.25,26,1.25,0.5,0,0.75,-1,,,,
MNQ SEP25,1s,1,4628,2025-07-23 10:37:07,23163,23165,23163,23165,67,2,2,0,0,1,,,,
MNQ SEP25,1s,1,4629,2025-07-23 10:37:08,23164.5,23164.75,23163.75,23163.75,18,1,0.75,0.25,0,-1,,,,
MNQ SEP25,1s,1,4630,2025-07-23 10:37:09,23164,23165,23164,23164.25,18,1,0.25,0.75,0,1,,,,
MNQ SEP25,1s,1,4631,2025-07-23 10:37:10,23164.5,23164.75,23164,23164.25,18,0.75,0.25,0.25,0.25,-1,,,,
MNQ SEP25,10s,10,5862,2025-07-23 10:37:10,23164.25,23166,23162.5,23164.25,462,3.5,0,1.75,1.75,0,-357.4,-77.3,-51.76666667,-33.46
MNQ SEP25,1s,1,4632,2025-07-23 10:37:11,23164.75,23166.5,23164.75,23166.5,17,1.75,1.75,0,0,1,,,,
MNQ SEP25,1s,1,4633,2025-07-23 10:37:12,23165.75,23165.75,23165.5,23165.5,5,0.25,0.25,0,0,-1,,,,
MNQ SEP25,1s,1,4634,2025-07-23 10:37:13,23166,23166.5,23165.5,23165.75,16,1,0.25,0.5,0.25,-1,,,,
MNQ SEP25,1s,1,4635,2025-07-23 10:37:14,23165.75,23167,23165.5,23165.75,36,1.5,0,1.25,0.25,0,,,,
MNQ SEP25,1s,1,4636,2025-07-23 10:37:15,23165.75,23165.75,23164.75,23165.25,22,1,0.5,0,0.5,-1,,,,
MNQ SEP25,1s,1,4637,2025-07-23 10:37:16,23165,23165.5,23165,23165.5,30,0.5,0.5,0,0,1,,,,
MNQ SEP25,1s,1,4638,2025-07-23 10:37:17,23165.5,23166.75,23165.5,23166.75,16,1.25,1.25,0,0,1,,,,
MNQ SEP25,1s,1,4639,2025-07-23 10:37:18,23166.25,23167,23166.25,23166.75,19,0.75,0.5,0.25,0,1,,,,
MNQ SEP25,1s,1,4640,2025-07-23 10:37:19,23167,23167,23166,23166.5,24,1,0.5,0,0.5,-1,,,,
MNQ SEP25,1s,1,4641,2025-07-23 10:37:20,23167.25,23167.25,23167.25,23167.25,6,0,0,0,0,0,,,,
MNQ SEP25,10s,10,5863,2025-07-23 10:37:20,23164.75,23167.25,23164.75,23167.25,191,2.5,2.5,0,0,1,-347.55,9.85,-39.98333333,-34.37
MNQ SEP25,20s,20,5931,2025-07-23 10:37:20,23164.25,23167.25,23162.5,23167.25,653,4.75,3,0,1.75,1,-352.25,-57.8,-190.73333333,-195.44
MNQ SEP25,1s,1,4642,2025-07-23 10:37:21,23167.25,23167.25,23166.5,23167.25,38,0.75,0,0,0.75,0,,,,
MNQ SEP25,1s,1,4643,2025-07-23 10:37:22,23166.75,23166.75,23166.25,23166.25,21,0.5,0.5,0,0,-1,,,,
MNQ SEP25,1s,1,4644,2025-07-23 10:37:23,23166.5,23166.75,23164.75,23165.75,44,2,0.75,0.25,1,-1,,,,
MNQ SEP25,1s,1,4645,2025-07-23 10:37:24,23165.5,23166,23164.5,23164.75,30,1.5,0.75,0.5,0.25,-1,,,,
MNQ SEP25,1s,1,4646,2025-07-23 10:37:25,23164.75,23165,23163.5,23163.5,20,1.5,1.25,0.25,0,-1,,,,
MNQ SEP25,1s,1,4647,2025-07-23 10:37:26,23163.5,23164.25,23163.25,23163.75,12,1,0.25,0.5,0.25,1,,,,
MNQ SEP25,1s,1,4648,2025-07-23 10:37:27,23164,23165.5,23163.75,23165.5,10,1.75,1.5,0,0.25,1,,,,
MNQ SEP25,1s,1,4649,2025-07-23 10:37:28,23165.5,23166.5,23165.25,23166.5,24,1.25,1,0,0.25,1,,,,
MNQ SEP25,1s,1,4650,2025-07-23 10:37:29,23166.25,23166.5,23165.5,23165.5,4,1,0.75,0.25,0,-1,,,,
MNQ SEP25,1s,1,4651,2025-07-23 10:37:30,23165.5,23165.5,23163.75,23163.75,11,1.75,1.75,0,0,-1,,,,
MNQ SEP25,10s,10,5864,2025-07-23 10:37:30,23167.25,23167.25,23163.25,23163.75,214,4,3.5,0,0.5,-1,-306.35,41.2,-8.75,-20.85
MNQ SEP25,1s,1,4652,2025-07-23 10:37:31,23164.25,23164.75,23163.5,23164.25,9,1.25,0,0.5,0.75,0,,,,
MNQ SEP25,1s,1,4653,2025-07-23 10:37:32,23164,23164.75,23161.75,23162.75,89,3,1.25,0.75,1,-1,,,,
MNQ SEP25,1s,1,4654,2025-07-23 10:37:33,23162.5,23163,23161.25,23161.75,64,1.75,0.75,0.5,0.5,-1,,,,
MNQ SEP25,1s,1,4655,2025-07-23 10:37:34,23161.5,23162.75,23161.5,23161.5,38,1.25,0,1.25,0,0,,,,
MNQ SEP25,1s,1,4656,2025-07-23 10:37:35,23162,23162,23160,23160.75,118,2,1.25,0,0.75,-1,,,,
MNQ SEP25,1s,1,4657,2025-07-23 10:37:36,23160.75,23161.75,23160.75,23161.25,44,1,0.5,0.5,0,1,,,,
MNQ SEP25,1s,1,4658,2025-07-23 10:37:37,23161.5,23161.5,23159,23159.25,109,2.5,2.25,0,0.25,-1,,,,
MNQ SEP25,1s,1,4659,2025-07-23 10:37:38,23159.5,23159.5,23156.75,23156.75,146,2.75,2.75,0,0,-1,,,,
MNQ SEP25,1s,1,4660,2025-07-23 10:37:39,23157,23158,23157,23157.75,75,1,0.75,0.25,0,1,,,,
MNQ SEP25,1s,1,4661,2025-07-23 10:37:40,23158,23159,23157.5,23158.75,71,1.5,0.75,0.25,0.5,1,,,,
MNQ SEP25,10s,10,5865,2025-07-23 10:37:40,23164.25,23164.75,23156.75,23158.75,763,8,5.5,0.5,2,-1,-190.15,116.2,55.75,7.49
MNQ SEP25,20s,20,5932,2025-07-23 10:37:40,23167.25,23167.25,23156.75,23158.75,977,10.5,8.5,0,2,-1,-295.65,56.6,-107.7,-129.02
MNQ SEP25,1s,1,4662,2025-07-23 10:37:41,23158.75,23159.25,23158,23158.75,65,1.25,0,0.5,0.75,0,,,,
MNQ SEP25,1s,1,4663,2025-07-23 10:37:42,23159.25,23159.25,23158.5,23158.75,28,0.75,0.5,0,0.25,-1,,,,
MNQ SEP25,1s,1,4664,2025-07-23 10:37:43,23158.5,23160.25,23158.25,23160,54,2,1.5,0.25,0.25,1,,,,
MNQ SEP25,1s,1,4665,2025-07-23 10:37:44,23160.25,23161.25,23160,23161,52,1.25,0.75,0.25,0.25,1,,,,
MNQ SEP25,1s,1,4666,2025-07-23 10:37:45,23161,23161.25,23160.25,23161,21,1,0,0.25,0.75,0,,,,
MNQ SEP25,1s,1,4667,2025-07-23 10:37:46,23160.75,23162.75,23160.5,23162.5,51,2.25,1.75,0.25,0.25,1,,,,
MNQ SEP25,1s,1,4668,2025-07-23 10:37:47,23162.75,23163,23161.75,23162.25,45,1.25,0.5,0.25,0.5,-1,,,,
MNQ SEP25,1s,1,4669,2025-07-23 10:37:48,23162.75,23162.75,23162.25,23162.25,25,0.5,0.5,0,0,-1,,,,
MNQ SEP25,1s,1,4670,2025-07-23 10:37:49,23162.25,23162.5,23160.75,23161.25,49,1.75,1,0.25,0.5,-1,,,,
MNQ SEP25,1s,1,4671,2025-07-23 10:37:50,23161,23162.25,23161,23162,13,1.25,1,0.25,0,1,,,,
MNQ SEP25,10s,10,5866,2025-07-23 10:37:50,23158.75,23163,23158,23162,403,5,3.25,1,0.75,1,-205.45,-15.3,47.36666667,14.93
MNQ SEP25,1s,1,4672,2025-07-23 10:37:51,23162.5,23162.5,23161,23162.25,27,1.5,0.25,0,1.25,-1,,,,
MNQ SEP25,1s,1,4673,2025-07-23 10:37:52,23162,23163.75,23161.25,23161.25,77,2.5,0.75,1.75,0,-1,,,,
MNQ SEP25,1s,1,4674,2025-07-23 10:37:53,23161,23161.5,23161,23161.25,17,0.5,0.25,0.25,0,1,,,,
MNQ SEP25,1s,1,4675,2025-07-23 10:37:54,23161.25,23161.25,23160.5,23161.25,10,0.75,0,0,0.75,0,,,,
MNQ SEP25,1s,1,4676,2025-07-23 10:37:55,23160.75,23161.25,23160.5,23161,16,0.75,0.25,0.25,0.25,1,,,,
MNQ SEP25,1s,1,4677,2025-07-23 10:37:56,23160.75,23161,23160,23161,28,1,0.25,0,0.75,1,,,,
MNQ SEP25,1s,1,4678,2025-07-23 10:37:57,23161.5,23161.5,23161,23161.5,33,0.5,0,0,0.5,0,,,,
MNQ SEP25,1s,1,4679,2025-07-23 10:37:58,23161.25,23162,23161.25,23162,11,0.75,0.75,0,0,1,,,,
MNQ SEP25,1s,1,4680,2025-07-23 10:37:59,23161.75,23162.25,23160.75,23161.25,29,1.5,0.5,0.5,0.5,-1,,,,
MNQ SEP25,1s,1,4681,2025-07-23 10:38:00,23160.75,23161,23160.25,23160.25,6,0.75,0.5,0.25,0,-1,,,,
MNQ SEP25,10s,10,5867,2025-07-23 10:38:00,23162.5,23163.75,23160,23160.25,254,3.75,2.25,1.25,0.25,-1,-187.05,18.4,39.76666667,34.07
MNQ SEP25,20s,20,5933,2025-07-23 10:38:00,23158.75,23163.75,23158,23160.25,657,5.75,1.5,3.5,0.75,1,-446.85,-151.2,-50.8,-133.36
MNQ SEP25,1s,1,4682,2025-07-23 10:38:01,23160,23160.25,23158.75,23159.25,72,1.5,0.75,0.25,0.5,-1,,,,
MNQ SEP25,1s,1,4683,2025-07-23 10:38:02,23159.5,23159.5,23157.75,23158.75,45,1.75,0.75,0,1,-1,,,,
MNQ SEP25,1s,1,4684,2025-07-23 10:38:03,23158.75,23159,23157,23157.25,66,2,1.5,0.25,0.25,-1,,,,
MNQ SEP25,1s,1,4685,2025-07-23 10:38:04,23157.25,23158.25,23157,23157,38,1.25,0.25,1,0,-1,,,,
MNQ SEP25,1s,1,4686,2025-07-23 10:38:05,23157,23157.5,23156.25,23157,65,1.25,0,0.5,0.75,0,,,,
MNQ SEP25,1s,1,4687,2025-07-23 10:38:06,23157,23158.25,23156.75,23156.75,51,1.5,0.25,1.25,0,-1,,,,
MNQ SEP25,1s,1,4688,2025-07-23 10:38:07,23157.5,23157.75,23157,23157,70,0.75,0.5,0.25,0,-1,,,,
MNQ SEP25,1s,1,4689,2025-07-23 10:38:08,23156.75,23158.25,23156.75,23158,36,1.5,1.25,0.25,0,1,,,,
MNQ SEP25,1s,1,4690,2025-07-23 10:38:09,23158,23158.25,23157.25,23158,57,1,0,0.25,0.75,0,,,,
MNQ SEP25,1s,1,4691,2025-07-23 10:38:10,23158.25,23159.25,23158,23158.75,60,1.25,0.5,0.5,0.25,1,,,,
MNQ SEP25,10s,10,5868,2025-07-23 10:38:10,23160,23160.25,23156.25,23158.75,560,4,1.25,0.25,2.5,-1,-107.55,79.5,27.53333333,48
MNQ SEP25,1s,1,4692,2025-07-23 10:38:11,23158,23158,23156.5,23156.5,27,1.5,1.5,0,0,-1,,,,
MNQ SEP25,1s,1,4693,2025-07-23 10:38:12,23157,23159,23156.5,23159,33,2.5,2,0,0.5,1,,,,
MNQ SEP25,1s,1,4694,2025-07-23 10:38:13,23159.25,23159.75,23158.25,23158.5,55,1.5,0.75,0.5,0.25,-1,,,,
MNQ SEP25,1s,1,4695,2025-07-23 10:38:14,23158.5,23161,23158.5,23161,37,2.5,2.5,0,0,1,,,,
MNQ SEP25,1s,1,4696,2025-07-23 10:38:15,23160.5,23161,23159.75,23160.25,37,1.25,0.25,0.5,0.5,-1,,,,
MNQ SEP25,1s,1,4697,2025-07-23 10:38:16,23160.5,23161.25,23159.75,23161,23,1.5,0.5,0.25,0.75,1,,,,
MNQ SEP25,1s,1,4698,2025-07-23 10:38:17,23161.25,23161.25,23159.5,23159.75,34,1.75,1.5,0,0.25,-1,,,,
MNQ SEP25,1s,1,4699,2025-07-23 10:38:18,23160,23160.75,23159.75,23160.25,15,1,0.25,0.5,0.25,1,,,,
MNQ SEP25,1s,1,4700,2025-07-23 10:38:19,23160.25,23161,23159.25,23160.75,62,1.75,0.5,0.25,1,1,,,,
MNQ SEP25,1s,1,4701,2025-07-23 10:38:20,23161,23162.5,23160,23162.5,50,2.5,1.5,0,1,1,,,,
MNQ SEP25,10s,10,5869,2025-07-23 10:38:20,23158,23162.5,23156.5,23162.5,373,6,4.5,0,1.5,1,-42.85,64.7,54.2,52.7
MNQ SEP25,20s,20,5934,2025-07-23 10:38:20,23160,23162.5,23156.25,23162.5,933,6.25,2.5,0,3.75,1,-272.65,174.2,26.53333333,-60.02
MNQ SEP25,1s,1,4702,2025-07-23 10:38:21,23162.25,23162.25,23161.25,23162.25,31,1,0,0,1,0,,,,
MNQ SEP25,1s,1,4703,2025-07-23 10:38:22,23162.25,23162.5,23160.75,23161.25,53,1.75,1,0.25,0.5,-1,,,,
MNQ SEP25,1s,1,4704,2025-07-23 10:38:23,23161,23161.75,23160.75,23161,34,1,0,0.75,0.25,0,,,,
MNQ SEP25,1s,1,4705,2025-07-23 10:38:24,23161.25,23161.5,23160.5,23161.25,42,1,0,0.25,0.75,0,,,,
MNQ SEP25,1s,1,4706,2025-07-23 10:38:25,23161.5,23162.75,23161.25,23162.75,33,1.5,1.25,0,0.25,1,,,,
MNQ SEP25,1s,1,4707,2025-07-23 10:38:26,23162.75,23163,23162,23162,24,1,0.75,0.25,0,-1,,,,
MNQ SEP25,1s,1,4708,2025-07-23 10:38:27,23162,23162,23160.75,23160.75,26,1.25,1.25,0,0,-1,,,,
MNQ SEP25,1s,1,4709,2025-07-23 10:38:28,23161,23161.5,23160.25,23160.75,65,1.25,0.25,0.5,0.5,-1,,,,
MNQ SEP25,1s,1,4710,2025-07-23 10:38:29,23160.75,23161,23160.75,23161,19,0.25,0.25,0,0,1,,,,
MNQ SEP25,1s,1,4711,2025-07-23 10:38:30,23161.5,23162,23161.25,23161.75,19,0.75,0.25,0.25,0.25,1,,,,
MNQ SEP25,10s,10,5870,2025-07-23 10:38:30,23162.25,23163,23160.25,23161.75,346,2.75,0.5,0.75,1.5,-1,-55.4,-12.55,43.88333333,26.95
MNQ SEP25,1s,1,4712,2025-07-23 10:38:31,23161.5,23162.5,23161.5,23162,15,1,0.5,0.5,0,1,,,,
MNQ SEP25,1s,1,4713,2025-07-23 10:38:32,23162.75,23164.25,23162.75,23164.25,61,1.5,1.5,0,0,1,,,,
MNQ SEP25,1s,1,4714,2025-07-23 10:38:33,23164.25,23165,23163.5,23163.75,82,1.5,0.5,0.75,0.25,-1,,,,
MNQ SEP25,1s,1,4715,2025-07-23 10:38:34,23164,23165,23164,23164.5,33,1,0.5,0.5,0,1,,,,
MNQ SEP25,1s,1,4716,2025-07-23 10:38:35,23165,23165.5,23165,23165,31,0.5,0,0.5,0,0,,,,
MNQ SEP25,1s,1,4717,2025-07-23 10:38:36,23165.25,23168,23165.25,23167.25,100,2.75,2,0.75,0,1,,,,
MNQ SEP25,1s,1,4718,2025-07-23 10:38:37,23167.5,23168.25,23167.25,23168.25,67,1,0.75,0,0.25,1,,,,
MNQ SEP25,1s,1,4719,2025-07-23 10:38:38,23168.25,23169,23167.75,23168.5,118,1.25,0.25,0.5,0.5,1,,,,
MNQ SEP25,1s,1,4720,2025-07-23 10:38:39,23168,23168.25,23167,23167.5,87,1.25,0.5,0.25,0.5,-1,,,,
MNQ SEP25,1s,1,4721,2025-07-23 10:38:40,23167.25,23167.75,23166.75,23167.75,58,1,0.5,0,0.5,1,,,,
MNQ SEP25,10s,10,5871,2025-07-23 10:38:40,23161.5,23169,23161.5,23167.75,652,7.5,6.25,1.25,0,1,0.55,55.95,36.03333333,41.2
MNQ SEP25,20s,20,5935,2025-07-23 10:38:40,23162.25,23169,23160.25,23167.75,998,8.75,5.5,1.25,2,1,-214.75,57.9,26.96666667,15.94
MNQ SEP25,1s,1,4722,2025-07-23 10:38:41,23167.75,23169.75,23167.5,23169.5,103,2.25,1.75,0.25,0.25,1,,,,
MNQ SEP25,1s,1,4723,2025-07-23 10:38:42,23169.75,23170,23168.75,23169.25,73,1.25,0.5,0.25,0.5,-1,,,,
MNQ SEP25,1s,1,4724,2025-07-23 10:38:43,23169.25,23169.25,23168.5,23168.75,82,0.75,0.5,0,0.25,-1,,,,
MNQ SEP25,1s,1,4725,2025-07-23 10:38:44,23168.75,23169.25,23168.5,23168.5,37,0.75,0.25,0.5,0,-1,,,,
MNQ SEP25,1s,1,4726,2025-07-23 10:38:45,23168.5,23168.75,23168,23168.25,18,0.75,0.25,0.25,0.25,-1,,,,
MNQ SEP25,1s,1,4727,2025-07-23 10:38:46,23168,23168.75,23167.5,23168.25,18,1.25,0.25,0.5,0.5,1,,,,
MNQ SEP25,1s,1,4728,2025-07-23 10:38:47,23168.25,23168.5,23168,23168.25,10,0.5,0,0.25,0.25,0,,,,
MNQ SEP25,1s,1,4729,2025-07-23 10:38:48,23168.25,23172,23168.25,23171,163,3.75,2.75,1,0,1,,,,
MNQ SEP25,1s,1,4730,2025-07-23 10:38:49,23171.25,23171.5,23170,23170.25,101,1.5,1,0.25,0.25,-1,,,,
MNQ SEP25,1s,1,4731,2025-07-23 10:38:50,23170.25,23170.25,23169.25,23169.5,65,1,0.75,0,0.25,-1,,,,
MNQ SEP25,10s,10,5872,2025-07-23 10:38:50,23167.75,23172,23167.5,23169.5,670,4.5,1.75,2.5,0.25,1,86.45,85.9,43.1,54.7
MNQ SEP25,1s,1,4732,2025-07-23 10:38:51,23169,23169.5,23168.75,23169,23,0.75,0,0.5,0.25,0,,,,
MNQ SEP25,1s,1,4733,2025-07-23 10:38:52,23168.75,23169.25,23168.5,23168.5,13,0.75,0.25,0.5,0,-1,,,,
MNQ SEP25,1s,1,4734,2025-07-23 10:38:53,23168.75,23168.75,23167.5,23167.5,35,1.25,1.25,0,0,-1,,,,
MNQ SEP25,1s,1,4735,2025-07-23 10:38:54,23167.75,23167.75,23166.25,23166.5,37,1.5,1.25,0,0.25,-1,,,,
MNQ SEP25,1s,1,4736,2025-07-23 10:38:55,23166.5,23167.75,23166.5,23167.25,15,1.25,0.75,0.5,0,1,,,,
MNQ SEP25,1s,1,4737,2025-07-23 10:38:56,23167,23167.5,23166.5,23166.75,10,1,0.25,0.5,0.25,-1,,,,
MNQ SEP25,1s,1,4738,2025-07-23 10:38:57,23166.5,23167.75,23166.25,23167.75,17,1.5,1.25,0,0.25,1,,,,
MNQ SEP25,1s,1,4739,2025-07-23 10:38:58,23167.5,23167.75,23167,23167,16,0.75,0.5,0.25,0,-1,,,,
MNQ SEP25,1s,1,4740,2025-07-23 10:38:59,23167.5,23168,23167.25,23168,5,0.75,0.5,0,0.25,1,,,,
MNQ SEP25,1s,1,4741,2025-07-23 10:39:00,23167.5,23167.75,23167.25,23167.5,26,0.5,0,0.25,0.25,0,,,,
MNQ SEP25,10s,10,5873,2025-07-23 10:39:00,23169,23169.5,23166.25,23167.5,197,3.25,1.5,0.5,1.25,-1,17.45,-69,24.28333333,25
MNQ SEP25,20s,20,5936,2025-07-23 10:39:00,23167.75,23172,23166.25,23167.5,867,5.75,0.25,4.25,1.25,-1,-178.9,35.85,89.31666667,34.67
MNQ SEP25,1s,1,4742,2025-07-23 10:39:01,23167.5,23168.75,23167.5,23168.25,26,1.25,0.75,0.5,0,1,,,,
MNQ SEP25,1s,1,4743,2025-07-23 10:39:02,23168.25,23168.5,23168,23168.5,13,0.5,0.25,0,0.25,1,,,,
MNQ SEP25,1s,1,4744,2025-07-23 10:39:03,23168,23168,23167.25,23167.5,28,0.75,0.5,0,0.25,-1,,,,
MNQ SEP25,1s,1,4745,2025-07-23 10:39:04,23167.5,23167.75,23166.75,23167,23,1,0.5,0.25,0.25,-1,,,,
MNQ SEP25,1s,1,4746,2025-07-23 10:39:05,23166.75,23167.75,23166.5,23167,23,1.25,0.25,0.75,0.25,1,,,,
MNQ SEP25,1s,1,4747,2025-07-23 10:39:06,23167.75,23168,23167,23167.5,19,1,0.25,0.25,0.5,-1,,,,
MNQ SEP25,1s,1,4748,2025-07-23 10:39:07,23167,23167.75,23167,23167.25,13,0.75,0.25,0.5,0,1,,,,
MNQ SEP25,1s,1,4749,2025-07-23 10:39:08,23168,23168.75,23168,23168,22,0.75,0,0.75,0,0,,,,
MNQ SEP25,1s,1,4750,2025-07-23 10:39:09,23168,23168,23167,23167.75,18,1,0.25,0,0.75,-1,,,,
MNQ SEP25,1s,1,4751,2025-07-23 10:39:10,23168,23168,23167.25,23167.25,12,0.75,0.75,0,0,-1,,,,
MNQ SEP25,10s,10,5874,2025-07-23 10:39:10,23167.5,23168.75,23166.5,23167.25,197,2.25,0.25,1.25,0.75,-1,-7.85,-25.3,-2.8,7
MNQ SEP25,1s,1,4752,2025-07-23 10:39:11,23167.25,23167.75,23167,23167.5,8,0.75,0.25,0.25,0.25,1,,,,
MNQ SEP25,1s,1,4753,2025-07-23 10:39:12,23167,23167,23164.75,23166.5,86,2.25,0.5,0,1.75,-1,,,,
MNQ SEP25,1s,1,4754,2025-07-23 10:39:13,23166.5,23166.5,23165.75,23166,28,0.75,0.5,0,0.25,-1,,,,
MNQ SEP25,1s,1,4755,2025-07-23 10:39:14,23166,23166.5,23165.75,23165.75,8,0.75,0.25,0.5,0,-1,,,,
MNQ SEP25,1s,1,4756,2025-07-23 10:39:15,23166.75,23167.5,23166.5,23167.25,30,1,0.5,0.25,0.25,1,,,,
MNQ SEP25,1s,1,4757,2025-07-23 10:39:16,23167.5,23168,23167.25,23167.25,14,0.75,0.25,0.5,0,-1,,,,
MNQ SEP25,1s,1,4758,2025-07-23 10:39:17,23167.5,23167.5,23167,23167,18,0.5,0.5,0,0,-1,,,,
MNQ SEP25,1s,1,4759,2025-07-23 10:39:18,23166.75,23167.5,23166.5,23166.5,40,1,0.25,0.75,0,-1,,,,
MNQ SEP25,1s,1,4760,2025-07-23 10:39:19,23166.25,23166.5,23166.25,23166.25,9,0.25,0,0.25,0,0,,,,
MNQ SEP25,1s,1,4761,2025-07-23 10:39:20,23166,23166,23165,23165,22,1,1,0,0,-1,,,,
MNQ SEP25,10s,10,5875,2025-07-23 10:39:20,23167.25,23168,23164.75,23165,263,3.25,2.25,0.75,0.25,-1,-22.65,-14.8,-36.36666667,6.55
MNQ SEP25,20s,20,5937,2025-07-23 10:39:20,23167.5,23168.75,23164.75,23165,460,4,2.5,1.25,0.25,-1,-275.2,-96.3,-0.85,4.09
MNQ SEP25,1s,1,4762,2025-07-23 10:39:21,23165,23165.75,23164.75,23165.5,19,1,0.5,0.25,0.25,1,,,,
MNQ SEP25,1s,1,4763,2025-07-23 10:39:22,23165.5,23167.25,23165.25,23167,24,2,1.5,0.25,0.25,1,,,,
MNQ SEP25,1s,1,4764,2025-07-23 10:39:23,23167.5,23168.25,23167,23168.25,33,1.25,0.75,0,0.5,1,,,,
MNQ SEP25,1s,1,4765,2025-07-23 10:39:24,23167.75,23169,23167.75,23168.5,25,1.25,0.75,0.5,0,1,,,,
MNQ SEP25,1s,1,4766,2025-07-23 10:39:25,23168.75,23168.75,23167.25,23167.75,26,1.5,1,0,0.5,-1,,,,
MNQ SEP25,1s,1,4767,2025-07-23 10:39:26,23167.5,23168.25,23167.25,23167.5,18,1,0,0.75,0.25,0,,,,
MNQ SEP25,1s,1,4768,2025-07-23 10:39:27,23167,23167.5,23166.75,23166.75,10,0.75,0.25,0.5,0,-1,,,,
MNQ SEP25,1s,1,4769,2025-07-23 10:39:28,23167.25,23167.75,23167.25,23167.75,9,0.5,0.5,0,0,1,,,,
MNQ SEP25,1s,1,4770,2025-07-23 10:39:29,23167.5,23168.75,23167.5,23168,13,1.25,0.5,0.75,0,1,,,,
MNQ SEP25,1s,1,4771,2025-07-23 10:39:30,23168.25,23169.25,23168,23169,38,1.25,0.75,0.25,0.25,1,,,,
MNQ SEP25,10s,10,5876,2025-07-23 10:39:30,23165,23169.25,23164.75,23169,215,4.5,4,0.25,0.25,1,-86.4,-63.75,-34.61666667,-17.39
MNQ SEP25,1s,1,4772,2025-07-23 10:39:31,23169,23169.5,23168.75,23169.25,26,0.75,0.25,0.25,0.25,1,,,,
MNQ SEP25,1s,1,4773,2025-07-23 10:39:32,23169,23169.5,23168.75,23169,21,0.75,0,0.5,0.25,0,,,,
MNQ SEP25,1s,1,4774,2025-07-23 10:39:33,23169,23169,23167.25,23167.25,25,1.75,1.75,0,0,-1,,,,
MNQ SEP25,1s,1,4775,2025-07-23 10:39:34,23167.75,23168,23166.5,23167,26,1.5,0.75,0.25,0.5,-1,,,,
MNQ SEP25,1s,1,4776,2025-07-23 10:39:35,23167.25,23167.75,23166.75,23167.5,21,1,0.25,0.25,0.5,1,,,,
MNQ SEP25,1s,1,4777,2025-07-23 10:39:36,23167.75,23167.75,23166.5,23166.5,12,1.25,1.25,0,0,-1,,,,
MNQ SEP25,1s,1,4778,2025-07-23 10:39:37,23166.5,23166.5,23166,23166.25,13,0.5,0.25,0,0.25,-1,,,,
MNQ SEP25,1s,1,4779,2025-07-23 10:39:38,23165.75,23166.5,23165,23165.75,45,1.5,0,0.75,0.75,0,,,,
MNQ SEP25,1s,1,4780,2025-07-23 10:39:39,23165.75,23166.25,23165,23165.25,27,1.25,0.5,0.5,0.25,-1,,,,
MNQ SEP25,1s,1,4781,2025-07-23 10:39:40,23164.75,23165.25,23164.75,23165,8,0.5,0.25,0.25,0,1,,,,
MNQ SEP25,10s,10,5877,2025-07-23 10:39:40,23169,23169.5,23164.75,23165,224,4.75,4,0.5,0.25,-1,-144.2,-57.8,-45.45,-46.13
MNQ SEP25,20s,20,5938,2025-07-23 10:39:40,23165,23169.5,23164.75,23165,439,4.75,0,4.5,0.25,0,-314.7,-39.5,-33.31666667,26.43
MNQ SEP25,1s,1,4782,2025-07-23 10:39:41,23165.25,23165.5,23165,23165.5,12,0.5,0.25,0,0.25,1,,,,
MNQ SEP25,1s,1,4783,2025-07-23 10:39:42,23165.25,23165.75,23165.25,23165.5,4,0.5,0.25,0.25,0,1,,,,
MNQ SEP25,1s,1,4784,2025-07-23 10:39:43,23165.5,23165.5,23165.25,23165.25,8,0.25,0.25,0,0,-1,,,,
MNQ SEP25,1s,1,4785,2025-07-23 10:39:44,23165.25,23166.25,23165.25,23166.25,13,1,1,0,0,1,,,,
MNQ SEP25,1s,1,4786,2025-07-23 10:39:45,23166,23166,23166,23166,2,0,0,0,0,0,,,,
MNQ SEP25,1s,1,4787,2025-07-23 10:39:46,23166,23166,23164,23164,52,2,2,0,0,-1,,,,
MNQ SEP25,1s,1,4788,2025-07-23 10:39:47,23163.75,23164,23162.5,23163.75,74,1.5,0,0.25,1.25,0,,,,
MNQ SEP25,1s,1,4789,2025-07-23 10:39:48,23164.25,23164.25,23163.5,23163.5,24,0.75,0.75,0,0,-1,,,,
MNQ SEP25,1s,1,4790,2025-07-23 10:39:49,23164,23164.5,23163.75,23163.75,11,0.75,0.25,0.5,0,-1,,,,
MNQ SEP25,1s,1,4791,2025-07-23 10:39:50,23164.25,23164.75,23164,23164.5,20,0.75,0.25,0.25,0.25,1,,,,
MNQ SEP25,10s,10,5878,2025-07-23 10:39:50,23165.25,23166.25,23162.5,23164.5,220,3.75,0.75,1,2,-1,-133.5,10.7,-36.95,-30.19
MNQ SEP25,1s,1,4792,2025-07-23 10:39:51,23164.25,23164.5,23163.25,23163.25,17,1.25,1,0.25,0,-1,,,,
MNQ SEP25,1s,1,4793,2025-07-23 10:39:52,23163.75,23163.75,23163,23163.25,10,0.75,0.5,0,0.25,-1,,,,
MNQ SEP25,1s,1,4794,2025-07-23 10:39:53,23163.5,23163.5,23163,23163.5,14,0.5,0,0,0.5,0,,,,
MNQ SEP25,1s,1,4795,2025-07-23 10:39:54,23163.5,23164.75,23163.5,23164.5,17,1.25,1,0.25,0,1,,,,
MNQ SEP25,1s,1,4796,2025-07-23 10:39:55,23164.5,23164.75,23164,23164,7,0.75,0.5,0.25,0,-1,,,,
MNQ SEP25,1s,1,4797,2025-07-23 10:39:56,23164.5,23164.5,23164,23164.5,4,0.5,0,0,0.5,0,,,,
MNQ SEP25,1s,1,4798,2025-07-23 10:39:57,23164.25,23164.25,23164.25,23164.25,3,0,0,0,0,0,,,,
MNQ SEP25,1s,1,4799,2025-07-23 10:39:58,23164.5,23165,23164.5,23165,16,0.5,0.5,0,0,1,,,,
MNQ SEP25,1s,1,4800,2025-07-23 10:39:59,23165.25,23165.25,23164.25,23164.5,13,1,0.75,0,0.25,-1,,,,
MNQ SEP25,1s,1,4801,2025-07-23 10:40:00,23164.25,23164.5,23163.5,23164.25,29,1,0,0.25,0.75,0,,,,
MNQ SEP25,10s,10,5879,2025-07-23 10:40:00,23164.25,23165.25,23163,23164.25,130,2.25,0,1,1.25,0,-139.7,-6.2,-17.76666667,-26.37
MNQ SEP25,20s,20,5939,2025-07-23 10:40:00,23165.25,23166.25,23162.5,23164.25,350,3.75,1,1,1.75,-1,-420.4,-105.7,-80.5,-29.55
MNQ SEP25,1s,1,4802,2025-07-23 10:40:01,23164,23164.25,23163.5,23163.75,25,0.75,0.25,0.25,0.25,-1,,,,
MNQ SEP25,1s,1,4803,2025-07-23 10:40:02,23163.5,23164.5,23163,23164.5,23,1.5,1,0,0.5,1,,,,
MNQ SEP25,1s,1,4804,2025-07-23 10:40:03,23164.5,23164.5,23163.75,23163.75,13,0.75,0.75,0,0,-1,,,,
MNQ SEP25,1s,1,4805,2025-07-23 10:40:04,23164,23164.75,23163.25,23164.75,25,1.5,0.75,0,0.75,1,,,,
MNQ SEP25,1s,1,4806,2025-07-23 10:40:05,23164,23164.75,23164,23164.5,8,0.75,0.5,0.25,0,1,,,,
MNQ SEP25,1s,1,4807,2025-07-23 10:40:06,23164.25,23164.5,23164.25,23164.25,5,0.25,0,0.25,0,0,,,,
MNQ SEP25,1s,1,4808,2025-07-23 10:40:07,23164,23165,23162.75,23163.5,63,2.25,0.5,1,0.75,-1,,,,
MNQ SEP25,1s,1,4809,2025-07-23 10:40:08,23164.5,23165.5,23163.75,23165.25,17,1.75,0.75,0.25,0.75,1,,,,
MNQ SEP25,1s,1,4810,2025-07-23 10:40:09,23165.25,23167.75,23165,23167.75,76,2.75,2.5,0,0.25,1,,,,
MNQ SEP25,1s,1,4811,2025-07-23 10:40:10,23167.75,23168,23167.25,23167.75,39,0.75,0,0.25,0.5,0,,,,
MNQ SEP25,10s,10,5880,2025-07-23 10:40:10,23164,23168,23162.75,23167.75,294,5.25,3.75,0.25,1.25,1,-139.85,-0.15,1.45,-23.44
MNQ SEP25,1s,1,4812,2025-07-23 10:40:11,23168,23168.75,23167.75,23168,20,1,0,0.75,0.25,0,,,,
MNQ SEP25,1s,1,4813,2025-07-23 10:40:12,23168,23168.5,23167.75,23168.5,29,0.75,0.5,0,0.25,1,,,,
MNQ SEP25,1s,1,4814,2025-07-23 10:40:13,23168.5,23169,23167.5,23167.5,30,1.5,1,0.5,0,-1,,,,
MNQ SEP25,1s,1,4815,2025-07-23 10:40:14,23168,23168.75,23168,23168.75,43,0.75,0.75,0,0,1,,,,
MNQ SEP25,1s,1,4816,2025-07-23 10:40:15,23168,23168,23167.5,23167.5,21,0.5,0.5,0,0,-1,,,,
MNQ SEP25,1s,1,4817,2025-07-23 10:40:16,23167.75,23168.5,23167.75,23168.25,19,0.75,0.5,0.25,0,1,,,,
MNQ SEP25,1s,1,4818,2025-07-23 10:40:17,23168.5,23169,23168,23169,17,1,0.5,0,0.5,1,,,,
MNQ SEP25,1s,1,4819,2025-07-23 10:40:18,23169,23169.5,23168.75,23169.5,30,0.75,0.5,0,0.25,1,,,,
MNQ SEP25,1s,1,4820,2025-07-23 10:40:19,23169.5,23170.5,23169.25,23170.5,57,1.25,1,0,0.25,1,,,,
MNQ SEP25,1s,1,4821,2025-07-23 10:40:20,23170,23170,23168.75,23169.25,44,1.25,0.75,0,0.5,-1,,,,
MNQ SEP25,10s,10,5881,2025-07-23 10:40:20,23168,23170.5,23167.5,23169.25,310,3,1.25,1.25,0.5,1,-111.3,28.55,7.4,-4.98
MNQ SEP25,20s,20,5940,2025-07-23 10:40:20,23164,23170.5,23162.75,23169.25,604,7.75,5.25,1.25,1.25,1,-510.2,-89.8,-78.33333333,-59.09
MNQ SEP25,1s,1,4822,2025-07-23 10:40:21,23168.5,23169.25,23166,23166.5,86,3.25,2,0.75,0.5,-1,,,,
MNQ SEP25,1s,1,4823,2025-07-23 10:40:22,23166.25,23167.25,23166.25,23167.25,25,1,1,0,0,1,,,,
MNQ SEP25,1s,1,4824,2025-07-23 10:40:23,23167.25,23167.5,23166.25,23167.25,12,1.25,0,0.25,1,0,,,,
MNQ SEP25,1s,1,4825,2025-07-23 10:40:24,23167,23167,23165.75,23166,13,1.25,1,0,0.25,-1,,,,
MNQ SEP25,1s,1,4826,2025-07-23 10:40:25,23165.75,23166.5,23164.75,23165.5,32,1.75,0.25,0.75,0.75,-1,,,,
MNQ SEP25,1s,1,4827,2025-07-23 10:40:26,23165.5,23166,23165.25,23165.25,11,0.75,0.25,0.5,0,-1,,,,
MNQ SEP25,1s,1,4828,2025-07-23 10:40:27,23165.25,23165.5,23165,23165.5,8,0.5,0.25,0,0.25,1,,,,
MNQ SEP25,1s,1,4829,2025-07-23 10:40:28,23165.5,23165.5,23164.25,23164.25,29,1.25,1.25,0,0,-1,,,,
MNQ SEP25,1s,1,4830,2025-07-23 10:40:29,23164.25,23165.25,23164,23165,19,1.25,0.75,0.25,0.25,1,,,,
MNQ SEP25,1s,1,4831,2025-07-23 10:40:30,23164.25,23164.25,23163.25,23163.25,13,1,1,0,0,-1,,,,
MNQ SEP25,10s,10,5882,2025-07-23 10:40:30,23168.5,23169.25,23163.25,23163.25,248,6,5.25,0.75,0,-1,-95.8,15.5,14.63333333,9.68
MNQ SEP25,1s,1,4832,2025-07-23 10:40:31,23163.25,23164,23161.75,23162.25,107,2.25,1,0.75,0.5,-1,,,,
MNQ SEP25,1s,1,4833,2025-07-23 10:40:32,23162,23162.25,23160.5,23161.5,108,1.75,0.5,0.25,1,-1,,,,
MNQ SEP25,1s,1,4834,2025-07-23 10:40:33,23161.5,23162.75,23161.25,23161.5,100,1.5,0,1.25,0.25,0,,,,
MNQ SEP25,1s,1,4835,2025-07-23 10:40:34,23162,23162,23160,23161.25,76,2,0.75,0,1.25,-1,,,,
MNQ SEP25,1s,1,4836,2025-07-23 10:40:35,23161.25,23161.5,23158.75,23158.75,122,2.75,2.5,0.25,0,-1,,,,
MNQ SEP25,1s,1,4837,2025-07-23 10:40:36,23158.75,23159.25,23158,23158.25,124,1.25,0.5,0.5,0.25,-1,,,,
MNQ SEP25,1s,1,4838,2025-07-23 10:40:37,23158.25,23158.5,23157,23158,111,1.5,0.25,0.25,1,-1,,,,
MNQ SEP25,1s,1,4839,2025-07-23 10:40:38,23158,23159,23157.5,23158.25,70,1.5,0.25,0.75,0.5,1,,,,
MNQ SEP25,1s,1,4840,2025-07-23 10:40:39,23158,23158.75,23157.5,23158.25,78,1.25,0.25,0.5,0.5,1,,,,
MNQ SEP25,1s,1,4841,2025-07-23 10:40:40,23158.25,23159.25,23158.25,23158.75,34,1,0.5,0.5,0,1,,,,
MNQ SEP25,10s,10,5883,2025-07-23 10:40:40,23163.25,23164,23157,23158.75,930,7,4.5,0.75,1.75,-1,9.25,105.05,49.7,28.55
MNQ SEP25,20s,20,5941,2025-07-23 10:40:40,23168.5,23169.25,23157,23158.75,1178,12.25,9.75,0.75,1.75,-1,-433.5,76.7,-39.6,-50.92
MNQ SEP25,1s,1,4842,2025-07-23 10:40:41,23158.5,23160,23158.25,23159.5,52,1.75,1,0.5,0.25,1,,,,
MNQ SEP25,1s,1,4843,2025-07-23 10:40:42,23159.25,23159.75,23158.75,23159.25,52,1,0,0.5,0.5,0,,,,
MNQ SEP25,1s,1,4844,2025-07-23 10:40:43,23159,23160,23159,23160,21,1,1,0,0,1,,,,
MNQ SEP25,1s,1,4845,2025-07-23 10:40:44,23160,23160,23159.25,23159.5,35,0.75,0.5,0,0.25,-1,,,,
MNQ SEP25,1s,1,4846,2025-07-23 10:40:45,23159.75,23160.25,23159.75,23159.75,29,0.5,0,0.5,0,0,,,,
MNQ SEP25,1s,1,4847,2025-07-23 10:40:46,23159.5,23159.5,23158.75,23159.25,45,0.75,0.25,0,0.5,-1,,,,
MNQ SEP25,1s,1,4848,2025-07-23 10:40:47,23158.75,23158.75,23157.75,23158,38,1,0.75,0,0.25,-1,,,,
MNQ SEP25,1s,1,4849,2025-07-23 10:40:48,23158.25,23158.25,23157.25,23157.25,41,1,1,0,0,-1,,,,
MNQ SEP25,1s,1,4850,2025-07-23 10:40:49,23157,23158.5,23156.75,23158.25,69,1.75,1.25,0.25,0.25,1,,,,
MNQ SEP25,1s,1,4851,2025-07-23 10:40:50,23158.75,23159.75,23158.75,23159.25,39,1,0.5,0.5,0,1,,,,
MNQ SEP25,10s,10,5884,2025-07-23 10:40:50,23158.5,23160.25,23156.75,23159.25,421,3.5,0.75,1,1.75,1,57.1,47.85,56.13333333,39.36
MNQ SEP25,1s,1,4852,2025-07-23 10:40:51,23159.25,23160.5,23159,23159.75,49,1.5,0.5,0.75,0.25,1,,,,
MNQ SEP25,1s,1,4853,2025-07-23 10:40:52,23160,23161,23159.75,23160.75,25,1.25,0.75,0.25,0.25,1,,,,
MNQ SEP25,1s,1,4854,2025-07-23 10:40:53,23160.75,23161.75,23160.75,23161.5,24,1,0.75,0.25,0,1,,,,
MNQ SEP25,1s,1,4855,2025-07-23 10:40:54,23162,23164,23161.75,23163.5,68,2.25,1.5,0.5,0.25,1,,,,
MNQ SEP25,1s,1,4856,2025-07-23 10:40:55,23163.5,23164.75,23163.5,23163.75,39,1.25,0.25,1,0,1,,,,
MNQ SEP25,1s,1,4857,2025-07-23 10:40:56,23163.5,23163.5,23162.25,23163,23,1.25,0.5,0,0.75,-1,,,,
MNQ SEP25,1s,1,4858,2025-07-23 10:40:57,23162.25,23163,23162.25,23162.25,23,0.75,0,0.75,0,0,,,,
MNQ SEP25,1s,1,4859,2025-07-23 10:40:58,23162.5,23163.25,23162,23162,44,1.25,0.5,0.75,0,-1,,,,
MNQ SEP25,1s,1,4860,2025-07-23 10:40:59,23162.5,23162.75,23162,23162.75,19,0.75,0.25,0,0.5,1,,,,
MNQ SEP25,10s,10,5885,2025-07-23 10:41:00,23159.25,23164.75,23159,23162.75,314,5.75,3.5,2,0.25,1,83.55,26.45,59.78333333,44.68
MNQ SEP25,20s,20,5942,2025-07-23 10:41:00,23158.5,23164.75,23156.75,23162.75,735,8,4.25,2,1.75,1,-316.2,117.3,34.73333333,-8.2
MNQ SEP25,1s,1,4861,2025-07-23 10:41:01,23162.25,23162.75,23162.25,23162.75,17,0.5,0.5,0,0,1,,,,
MNQ SEP25,1s,1,4862,2025-07-23 10:41:02,23162.5,23162.75,23162,23162.5,18,0.75,0,0.25,0.5,0,,,,
MNQ SEP25,1s,1,4863,2025-07-23 10:41:03,23162,23162.75,23162,23162.5,24,0.75,0.5,0.25,0,1,,,,
MNQ SEP25,1s,1,4864,2025-07-23 10:41:04,23162.75,23162.75,23162.75,23162.75,2,0,0,0,0,0,,,,
MNQ SEP25,1s,1,4865,2025-07-23 10:41:05,23162.5,23162.75,23162,23162,17,0.75,0.5,0.25,0,-1,,,,
MNQ SEP25,1s,1,4866,2025-07-23 10:41:06,23162,23162.75,23162,23162.75,10,0.75,0.75,0,0,1,,,,
MNQ SEP25,1s,1,4867,2025-07-23 10:41:07,23162.25,23163,23162,23162.25,13,1,0,0.75,0.25,0,,,,
MNQ SEP25,1s,1,4868,2025-07-23 10:41:08,23162.25,23162.5,23161.25,23162.5,32,1.25,0.25,0,1,1,,,,
MNQ SEP25,1s,1,4869,2025-07-23 10:41:09,23162.5,23163,23162.5,23162.75,15,0.5,0.25,0.25,0,1,,,,
MNQ SEP25,1s,1,4870,2025-07-23 10:41:10,23162,23162,23159.75,23160,46,2.25,2,0,0.25,-1,,,,
MNQ SEP25,10s,10,5886,2025-07-23 10:41:10,23162.25,23163,23159.75,23160,194,3.25,2.25,0.75,0.25,-1,70.8,-12.75,20.51666667,36.42
MNQ SEP25,1s,1,4871,2025-07-23 10:41:11,23160,23160.5,23159.75,23160.5,39,0.75,0.5,0,0.25,1,,,,
MNQ SEP25,1s,1,4872,2025-07-23 10:41:12,23161.25,23161.75,23161.25,23161.25,11,0.5,0,0.5,0,0,,,,
MNQ SEP25,1s,1,4873,2025-07-23 10:41:13,23161.75,23161.75,23160.75,23161.25,13,1,0.5,0,0.5,-1,,,,
MNQ SEP25,1s,1,4874,2025-07-23 10:41:14,23161.25,23161.25,23160.25,23160.75,10,1,0.5,0,0.5,-1,,,,
MNQ SEP25,1s,1,4875,2025-07-23 10:41:15,23160.75,23162,23160,23162,31,2,1.25,0,0.75,1,,,,
MNQ SEP25,1s,1,4876,2025-07-23 10:41:16,23162,23162.25,23161.5,23161.5,18,0.75,0.5,0.25,0,-1,,,,
MNQ SEP25,1s,1,4877,2025-07-23 10:41:17,23162,23162,23161.25,23161.5,25,0.75,0.5,0,0.25,-1,,,,
MNQ SEP25,1s,1,4878,2025-07-23 10:41:18,23161.75,23162,23161.5,23161.75,14,0.5,0,0.25,0.25,0,,,,
MNQ SEP25,1s,1,4879,2025-07-23 10:41:19,23162.25,23163.25,23162.25,23162.5,24,1,0.25,0.75,0,1,,,,
MNQ SEP25,1s,1,4880,2025-07-23 10:41:20,23163.25,23163.75,23163,23163.25,28,0.75,0,0.5,0.25,0,,,,
MNQ SEP25,10s,10,5887,2025-07-23 10:41:20,23160,23163.75,23159.75,23163.25,213,4,3.25,0.5,0.25,1,65.85,-4.95,2.91666667,32.33
MNQ SEP25,20s,20,5943,2025-07-23 10:41:20,23162.25,23163.75,23159.75,23163.25,407,4,1,0.5,2.5,1,-245.8,70.4,88.13333333,13.78
MNQ SEP25,1s,1,4881,2025-07-23 10:41:21,23162.75,23162.75,23161.75,23162.25,32,1,0.5,0,0.5,-1,,,,
MNQ SEP25,1s,1,4882,2025-07-23 10:41:22,23162.75,23162.75,23162,23162,15,0.75,0.75,0,0,-1,,,,
MNQ SEP25,1s,1,4883,2025-07-23 10:41:23,23162.25,23162.5,23161.5,23161.5,16,1,0.75,0.25,0,-1,,,,
MNQ SEP25,1s,1,4884,2025-07-23 10:41:24,23161.75,23162.25,23161.75,23162.25,8,0.5,0.5,0,0,1,,,,
MNQ SEP25,1s,1,4885,2025-07-23 10:41:25,23162.25,23162.75,23162.25,23162.75,6,0.5,0.5,0,0,1,,,,
MNQ SEP25,1s,1,4886,2025-07-23 10:41:26,23163,23163,23161.75,23161.75,11,1.25,1.25,0,0,-1,,,,
MNQ SEP25,1s,1,4887,2025-07-23 10:41:27,23162.25,23162.25,23161.75,23161.75,6,0.5,0.5,0,0,-1,,,,
MNQ SEP25,1s,1,4888,2025-07-23 10:41:28,23162.25,23162.5,23162.25,23162.25,3,0.25,0,0.25,0,0,,,,
MNQ SEP25,1s,1,4889,2025-07-23 10:41:29,23162,23162.5,23162,23162.5,3,0.5,0.5,0,0,1,,,,
MNQ SEP25,1s,1,4890,2025-07-23 10:41:30,23162.5,23164.25,23162,23163.75,34,2.25,1.25,0.5,0.5,1,,,,
MNQ SEP25,10s,10,5888,2025-07-23 10:41:30,23162.75,23164.25,23161.5,23163.75,134,2.75,1,0.5,1.25,1,-72.05,-137.9,-51.86666667,-16.26
MNQ SEP25,1s,1,4891,2025-07-23 10:41:31,23163.5,23164,23163.25,23163.5,16,0.75,0,0.5,0.25,0,,,,
MNQ SEP25,1s,1,4892,2025-07-23 10:41:32,23163,23164,23163,23163.75,21,1,0.75,0.25,0,1,,,,
MNQ SEP25,1s,1,4893,2025-07-23 10:41:33,23163.75,23165.5,23163.75,23165.5,78,1.75,1.75,0,0,1,,,,
MNQ SEP25,1s,1,4894,2025-07-23 10:41:34,23165.75,23169.5,23165.75,23169,170,3.75,3.25,0.5,0,1,,,,
MNQ SEP25,1s,1,4895,2025-07-23 10:41:35,23169.25,23169.5,23168.5,23168.5,49,1,0.75,0.25,0,-1,,,,
MNQ SEP25,1s,1,4896,2025-07-23 10:41:36,23168.75,23169.5,23168.25,23169,42,1.25,0.25,0.5,0.5,1,,,,
MNQ SEP25,1s,1,4897,2025-07-23 10:41:37,23168.75,23169.75,23168.75,23169.5,63,1,0.75,0.25,0,1,,,,
MNQ SEP25,1s,1,4898,2025-07-23 10:41:38,23169.5,23170,23169,23169,54,1,0.5,0.5,0,-1,,,,
MNQ SEP25,1s,1,4899,2025-07-23 10:41:39,23168.75,23168.75,23168,23168,32,0.75,0.75,0,0,-1,,,,
MNQ SEP25,1s,1,4900,2025-07-23 10:41:40,23168,23168.75,23167.75,23167.75,49,1,0.25,0.75,0,-1,,,,
MNQ SEP25,10s,10,5889,2025-07-23 10:41:40,23163.5,23170,23163,23167.75,574,7,4.25,2.25,0.5,1,-51.5,20.55,-40.76666667,-21.72
MNQ SEP25,20s,20,5944,2025-07-23 10:41:40,23162.75,23170,23161.5,23167.75,708,8.5,5,2.25,1.25,1,-124.35,121.45,103.05,59.21
MNQ SEP25,1s,1,4901,2025-07-23 10:41:41,23168,23168,23167.75,23168,8,0.25,0,0,0.25,0,,,,
MNQ SEP25,1s,1,4902,2025-07-23 10:41:42,23168,23168.5,23167.5,23168.25,31,1,0.25,0.25,0.5,1,,,,
MNQ SEP25,1s,1,4903,2025-07-23 10:41:43,23167.75,23169.25,23167.75,23168.75,28,1.5,1,0.5,0,1,,,,
MNQ SEP25,1s,1,4904,2025-07-23 10:41:44,23168.5,23168.5,23167.25,23167.25,19,1.25,1.25,0,0,-1,,,,
MNQ SEP25,1s,1,4905,2025-07-23 10:41:45,23166.75,23168,23166.75,23168,10,1.25,1.25,0,0,1,,,,
MNQ SEP25,1s,1,4906,2025-07-23 10:41:46,23167.5,23167.75,23167,23167,16,0.75,0.5,0.25,0,-1,,,,
MNQ SEP25,1s,1,4907,2025-07-23 10:41:47,23166.75,23167.75,23166.75,23167.25,34,1,0.5,0.5,0,1,,,,
MNQ SEP25,1s,1,4908,2025-07-23 10:41:48,23167,23168,23167,23167,31,1,0,1,0,0,,,,
MNQ SEP25,1s,1,4909,2025-07-23 10:41:49,23167.25,23168.25,23167.25,23168.25,9,1,1,0,0,1,,,,
MNQ SEP25,1s,1,4910,2025-07-23 10:41:50,23168.25,23169,23168.25,23169,32,0.75,0.75,0,0,1,,,,
MNQ SEP25,10s,10,5890,2025-07-23 10:41:50,23168,23169.25,23166.75,23169,218,2.5,1,0.25,1.25,1,-64.3,-12.8,-43.38333333,-29.57
MNQ SEP25,1s,1,4911,2025-07-23 10:41:51,23169,23169.25,23168.5,23168.5,22,0.75,0.5,0.25,0,-1,,,,
MNQ SEP25,1s,1,4912,2025-07-23 10:41:52,23168.5,23169.5,23168.25,23169.5,35,1.25,1,0,0.25,1,,,,
MNQ SEP25,1s,1,4913,2025-07-23 10:41:53,23169.5,23170.5,23169.25,23170.5,56,1.25,1,0,0.25,1,,,,
MNQ SEP25,1s,1,4914,2025-07-23 10:41:54,23170,23170.5,23169.5,23169.75,26,1,0.25,0.5,0.25,-1,,,,
MNQ SEP25,1s,1,4915,2025-07-23 10:41:55,23169.75,23170,23169.25,23169.75,25,0.75,0,0.25,0.5,0,,,,
MNQ SEP25,1s,1,4916,2025-07-23 10:41:56,23170,23170.25,23169.5,23169.75,35,0.75,0.25,0.25,0.25,-1,,,,
MNQ SEP25,1s,1,4917,2025-07-23 10:41:57,23170.25,23170.25,23169.5,23169.75,13,0.75,0.5,0,0.25,-1,,,,
MNQ SEP25,1s,1,4918,2025-07-23 10:41:58,23169.75,23170,23169.25,23169.75,16,0.75,0,0.25,0.5,0,,,,
MNQ SEP25,1s,1,4919,2025-07-23 10:41:59,23169.5,23169.75,23169,23169,17,0.75,0.5,0.25,0,-1,,,,
MNQ SEP25,1s,1,4920,2025-07-23 10:42:00,23169.25,23169.75,23169,23169.75,31,0.75,0.5,0,0.25,1,,,,
MNQ SEP25,10s,10,5891,2025-07-23 10:42:00,23169,23170.5,23168.25,23169.75,276,2.25,0.75,0.75,0.75,1,-29.1,35.2,14.31666667,-19.98
MNQ SEP25,20s,20,5945,2025-07-23 10:42:00,23168,23170.5,23166.75,23169.75,494,3.75,1.75,0.75,1.25,1,-44.15,80.2,90.68333333,93.21
MNQ SEP25,1s,1,4921,2025-07-23 10:42:01,23169.75,23171.25,23169.25,23171.25,100,2,1.5,0,0.5,1,,,,
MNQ SEP25,1s,1,4922,2025-07-23 10:42:02,23171.25,23172.75,23171.25,23171.75,196,1.5,0.5,1,0,1,,,,
MNQ SEP25,1s,1,4923,2025-07-23 10:42:03,23172,23174.5,23171.75,23173.75,292,2.75,1.75,0.75,0.25,1,,,,
MNQ SEP25,1s,1,4924,2025-07-23 10:42:04,23174.25,23175.5,23173.5,23175.5,127,2,1.25,0,0.75,1,,,,
MNQ SEP25,1s,1,4925,2025-07-23 10:42:05,23175,23175.5,23174.5,23174.75,92,1,0.25,0.5,0.25,-1,,,,
MNQ SEP25,1s,1,4926,2025-07-23 10:42:06,23174.75,23175.25,23174,23174.25,81,1.25,0.5,0.5,0.25,-1,,,,
MNQ SEP25,1s,1,4927,2025-07-23 10:42:07,23173.75,23175,23173.75,23174.25,76,1.25,0.5,0.75,0,1,,,,
MNQ SEP25,1s,1,4928,2025-07-23 10:42:08,23174.25,23174.5,23173,23173,32,1.5,1.25,0.25,0,-1,,,,
MNQ SEP25,1s,1,4929,2025-07-23 10:42:09,23173.5,23173.75,23172.5,23173,69,1.25,0.5,0.25,0.5,-1,,,,
MNQ SEP25,1s,1,4930,2025-07-23 10:42:10,23172.75,23174,23172.75,23173.5,39,1.25,0.75,0.5,0,1,,,,
MNQ SEP25,10s,10,5892,2025-07-23 10:42:10,23169.75,23175.5,23169.25,23173.5,1104,6.25,3.75,2,0.5,1,127.4,156.5,59.63333333,12.31
MNQ SEP25,1s,1,4931,2025-07-23 10:42:11,23173.25,23173.25,23172.75,23173,29,0.5,0.25,0,0.25,-1,,,,
MNQ SEP25,1s,1,4932,2025-07-23 10:42:12,23172.5,23173.25,23172.5,23172.5,27,0.75,0,0.75,0,0,,,,
MNQ SEP25,1s,1,4933,2025-07-23 10:42:13,23172.5,23173.5,23172.25,23173.25,37,1.25,0.75,0.25,0.25,1,,,,
MNQ SEP25,1s,1,4934,2025-07-23 10:42:14,23173.25,23173.75,23173.25,23173.25,23,0.5,0,0.5,0,0,,,,
MNQ SEP25,1s,1,4935,2025-07-23 10:42:15,23173.25,23173.75,23172.5,23173,39,1.25,0.25,0.5,0.5,-1,,,,
MNQ SEP25,1s,1,4936,2025-07-23 10:42:16,23173.25,23173.25,23172,23172,56,1.25,1.25,0,0,-1,,,,
MNQ SEP25,1s,1,4937,2025-07-23 10:42:17,23172,23172,23171.5,23171.75,55,0.5,0.25,0,0.25,-1,,,,
MNQ SEP25,1s,1,4938,2025-07-23 10:42:18,23171.5,23173.75,23171,23173.25,74,2.75,1.75,0.5,0.5,1,,,,
MNQ SEP25,1s,1,4939,2025-07-23 10:42:19,23173.5,23174.25,23173.5,23174.25,27,0.75,0.75,0,0,1,,,,
MNQ SEP25,1s,1,4940,2025-07-23 10:42:20,23173.75,23174.75,23173.75,23174.75,24,1,1,0,0,1,,,,
MNQ SEP25,10s,10,5893,2025-07-23 10:42:20,23173.25,23174.75,23171,23174.75,391,3.75,1.5,0,2.25,1,169.1,41.7,77.8,48.23
MNQ SEP25,20s,20,5946,2025-07-23 10:42:20,23169.75,23175.5,23169.25,23174.75,1495,6.25,5,0.75,0.5,1,-5.85,38.3,79.98333333,85.53
MNQ SEP25,1s,1,4941,2025-07-23 10:42:21,23174.25,23175.25,23174,23174,36,1.25,0.25,1,0,-1,,,,
MNQ SEP25,1s,1,4942,2025-07-23 10:42:22,23174.5,23174.75,23174,23174.25,38,0.75,0.25,0.25,0.25,-1,,,,
MNQ SEP25,1s,1,4943,2025-07-23 10:42:23,23174,23174.25,23173.75,23174,23,0.5,0,0.25,0.25,0,,,,
MNQ SEP25,1s,1,4944,2025-07-23 10:42:24,23173.75,23175,23173.25,23173.5,119,1.75,0.25,1.25,0.25,-1,,,,
MNQ SEP25,1s,1,4945,2025-07-23 10:42:25,23173,23173,23172.25,23172.25,40,0.75,0.75,0,0,-1,,,,
MNQ SEP25,1s,1,4946,2025-07-23 10:42:26,23172,23172.25,23171.25,23172.25,29,1,0.25,0,0.75,1,,,,
MNQ SEP25,1s,1,4947,2025-07-23 10:42:27,23172.25,23172.75,23172,23172.25,16,0.75,0,0.5,0.25,0,,,,
MNQ SEP25,1s,1,4948,2025-07-23 10:42:28,23172.75,23173.25,23172.25,23173,44,1,0.25,0.25,0.5,1,,,,
MNQ SEP25,1s,1,4949,2025-07-23 10:42:29,23173,23175,23173,23175,50,2,2,0,0,1,,,,
MNQ SEP25,1s,1,4950,2025-07-23 10:42:30,23175,23175.5,23175,23175.25,16,0.5,0.25,0.25,0,1,,,,
MNQ SEP25,10s,10,5894,2025-07-23 10:42:30,23174.25,23175.5,23171.25,23175.25,411,4.25,1,0.25,3,1,125.8,-43.3,51.63333333,35.46
MNQ SEP25,1s,1,4951,2025-07-23 10:42:31,23175.25,23175.5,23174.5,23175.5,44,1,0.25,0,0.75,1,,,,
MNQ SEP25,1s,1,4952,2025-07-23 10:42:32,23175.25,23176.25,23175.25,23175.5,77,1,0.25,0.75,0,1,,,,
MNQ SEP25,1s,1,4953,2025-07-23 10:42:33,23175.5,23176.5,23175.5,23175.75,32,1,0.25,0.75,0,1,,,,
MNQ SEP25,1s,1,4954,2025-07-23 10:42:34,23176,23176.75,23175.75,23176,69,1,0,0.75,0.25,0,,,,
MNQ SEP25,1s,1,4955,2025-07-23 10:42:35,23176,23176,23175,23175.75,42,1,0.25,0,0.75,-1,,,,
MNQ SEP25,1s,1,4956,2025-07-23 10:42:36,23175.5,23176,23175.25,23175.5,11,0.75,0,0.5,0.25,0,,,,
MNQ SEP25,1s,1,4957,2025-07-23 10:42:37,23175.5,23175.75,23175.25,23175.25,4,0.5,0.25,0.25,0,-1,,,,
MNQ SEP25,1s,1,4958,2025-07-23 10:42:38,23175.75,23177.25,23175.75,23177.25,102,1.5,1.5,0,0,1,,,,
MNQ SEP25,1s,1,4959,2025-07-23 10:42:39,23177.25,23177.5,23176.75,23176.75,43,0.75,0.5,0.25,0,-1,,,,
MNQ SEP25,1s,1,4960,2025-07-23 10:42:40,23177,23177,23175,23175,74,2,2,0,0,-1,,,,
MNQ SEP25,10s,10,5895,2025-07-23 10:42:40,23175.25,23177.5,23174.5,23175,498,3,0.25,2.25,0.5,-1,170.05,44.25,14.21666667,46.87
MNQ SEP25,20s,20,5947,2025-07-23 10:42:40,23174.25,23177.5,23171.25,23175,909,6.25,0.75,2.5,3,1,18.2,24.05,47.51666667,66.88
MNQ SEP25,1s,1,4961,2025-07-23 10:42:41,23175,23175.75,23174.75,23175,36,1,0,0.75,0.25,0,,,,
MNQ SEP25,1s,1,4962,2025-07-23 10:42:42,23174.75,23175.25,23174.25,23175.25,30,1,0.5,0,0.5,1,,,,
MNQ SEP25,1s,1,4963,2025-07-23 10:42:43,23176,23176,23175.25,23175.25,17,0.75,0.75,0,0,-1,,,,
MNQ SEP25,1s,1,4964,2025-07-23 10:42:44,23175.25,23175.75,23174.75,23175,22,1,0.25,0.5,0.25,-1,,,,
MNQ SEP25,1s,1,4965,2025-07-23 10:42:45,23174.75,23175.5,23174.75,23175,23,0.75,0.25,0.5,0,1,,,,
MNQ SEP25,1s,1,4966,2025-07-23 10:42:46,23174.75,23176.75,23174.75,23176.75,58,2,2,0,0,1,,,,
MNQ SEP25,1s,1,4967,2025-07-23 10:42:47,23176.25,23177.75,23176.25,23177.75,64,1.5,1.5,0,0,1,,,,
MNQ SEP25,1s,1,4968,2025-07-23 10:42:48,23177.75,23179,23177.75,23179,98,1.25,1.25,0,0,1,,,,
MNQ SEP25,1s,1,4969,2025-07-23 10:42:49,23179,23181,23178.75,23181,279,2.25,2,0,0.25,1,,,,
MNQ SEP25,1s,1,4970,2025-07-23 10:42:50,23181,23181.5,23180.5,23181,128,1,0,0.5,0.5,0,,,,
MNQ SEP25,10s,10,5896,2025-07-23 10:42:50,23175,23181.5,23174.25,23181,755,7.25,6,0.5,0.75,1,238.85,68.8,23.25,53.59
MNQ SEP25,1s,1,4971,2025-07-23 10:42:51,23180.5,23181.5,23180.25,23180.75,110,1.25,0.25,0.75,0.25,1,,,,
MNQ SEP25,1s,1,4972,2025-07-23 10:42:52,23181.25,23181.75,23180.25,23180.5,64,1.5,0.75,0.5,0.25,-1,,,,
MNQ SEP25,1s,1,4973,2025-07-23 10:42:53,23180,23180.5,23179.5,23180.25,58,1,0.25,0.25,0.5,1,,,,
MNQ SEP25,1s,1,4974,2025-07-23 10:42:54,23180.25,23181.25,23179.5,23181.25,84,1.75,1,0,0.75,1,,,,
MNQ SEP25,1s,1,4975,2025-07-23 10:42:55,23181,23181.75,23181,23181.75,46,0.75,0.75,0,0,1,,,,
MNQ SEP25,1s,1,4976,2025-07-23 10:42:56,23182,23182,23181.25,23181.25,60,0.75,0.75,0,0,-1,,,,
MNQ SEP25,1s,1,4977,2025-07-23 10:42:57,23181.75,23181.75,23180.75,23180.75,53,1,1,0,0,-1,,,,
MNQ SEP25,1s,1,4978,2025-07-23 10:42:58,23181,23181.5,23180.5,23181,19,1,0,0.5,0.5,0,,,,
MNQ SEP25,1s,1,4979,2025-07-23 10:42:59,23181.25,23181.5,23179.75,23180.25,65,1.75,1,0.25,0.5,-1,,,,
MNQ SEP25,1s,1,4980,2025-07-23 10:43:00,23180.25,23181,23179.75,23179.75,27,1.25,0.5,0.75,0,-1,,,,
MNQ SEP25,10s,10,5897,2025-07-23 10:43:00,23180.5,23182,23179.5,23179.75,586,2.5,0.75,1.5,0.25,-1,117.15,-121.7,-2.88333333,-2.05
MNQ SEP25,20s,20,5948,2025-07-23 10:43:00,23175,23182,23174.25,23179.75,1341,7.75,4.75,2.25,0.75,1,214.95,196.75,86.36666667,92.15
MNQ SEP25,1s,1,4981,2025-07-23 10:43:01,23180.5,23181.25,23180.25,23180.5,51,1,0,0.75,0.25,0,,,,
MNQ SEP25,1s,1,4982,2025-07-23 10:43:02,23180.75,23182,23180.25,23181.5,56,1.75,0.75,0.5,0.5,1,,,,
MNQ SEP25,1s,1,4983,2025-07-23 10:43:03,23181.25,23182,23180.75,23181,26,1.25,0.25,0.75,0.25,-1,,,,
MNQ SEP25,1s,1,4984,2025-07-23 10:43:04,23181.25,23181.25,23180.5,23180.75,45,0.75,0.5,0,0.25,-1,,,,
MNQ SEP25,1s,1,4985,2025-07-23 10:43:05,23180.75,23180.75,23180.25,23180.75,18,0.5,0,0,0.5,0,,,,
MNQ SEP25,1s,1,4986,2025-07-23 10:43:06,23181,23182,23181,23181.25,37,1,0.25,0.75,0,1,,,,
MNQ SEP25,1s,1,4987,2025-07-23 10:43:07,23180.75,23181.75,23180.75,23181.25,37,1,0.5,0.5,0,1,,,,
MNQ SEP25,1s,1,4988,2025-07-23 10:43:08,23181.25,23181.5,23180.75,23180.75,41,0.75,0.5,0.25,0,-1,,,,
MNQ SEP25,1s,1,4989,2025-07-23 10:43:09,23180.75,23181,23180.5,23181,11,0.5,0.25,0,0.25,1,,,,
MNQ SEP25,1s,1,4990,2025-07-23 10:43:10,23180.75,23180.75,23179.5,23180.25,50,1.25,0.5,0,0.75,-1,,,,
MNQ SEP25,10s,10,5898,2025-07-23 10:43:10,23180.5,23182,23179.5,23180.25,372,2.5,0.25,1.5,0.75,-1,105.75,-11.4,-21.43333333,-12.67
MNQ SEP25,1s,1,4991,2025-07-23 10:43:11,23179.75,23180,23176.5,23177.5,187,3.5,2.25,0.25,1,-1,,,,
MNQ SEP25,1s,1,4992,2025-07-23 10:43:12,23178,23178.5,23177,23177.75,103,1.5,0.25,0.5,0.75,-1,,,,
MNQ SEP25,1s,1,4993,2025-07-23 10:43:13,23177.75,23178,23176.75,23177.5,42,1.25,0.25,0.25,0.75,-1,,,,
MNQ SEP25,1s,1,4994,2025-07-23 10:43:14,23177,23177.25,23176.25,23177.25,38,1,0.25,0,0.75,1,,,,
MNQ SEP25,1s,1,4995,2025-07-23 10:43:15,23176.75,23176.75,23175.75,23176.5,83,1,0.25,0,0.75,-1,,,,
MNQ SEP25,1s,1,4996,2025-07-23 10:43:16,23176.25,23176.75,23176,23176.5,36,0.75,0.25,0.25,0.25,1,,,,
MNQ SEP25,1s,1,4997,2025-07-23 10:43:17,23176.5,23176.75,23175.5,23175.75,36,1.25,0.75,0.25,0.25,-1,,,,
MNQ SEP25,1s,1,4998,2025-07-23 10:43:18,23175.75,23176.25,23175.5,23175.75,44,0.75,0,0.5,0.25,0,,,,
MNQ SEP25,1s,1,4999,2025-07-23 10:43:19,23175.75,23177,23175.75,23177,25,1.25,1.25,0,0,1,,,,
MNQ SEP25,1s,1,5000,2025-07-23 10:43:20,23176.25,23177.75,23176.25,23177.5,27,1.5,1.25,0.25,0,1,,,,
MNQ SEP25,10s,10,5899,2025-07-23 10:43:20,23179.75,23180,23175.5,23177.5,621,4.5,2.25,0.25,2,-1,123.2,17.45,-38.55,-0.52
MNQ SEP25,20s,20,5949,2025-07-23 10:43:20,23180.5,23182,23175.5,23177.5,993,6.5,3,1.5,2,-1,253.1,38.15,86.31666667,75.49
MNQ SEP25,1s,1,5001,2025-07-23 10:43:21,23178,23178.75,23177.5,23178.5,32,1.25,0.5,0.25,0.5,1,,,,
MNQ SEP25,1s,1,5002,2025-07-23 10:43:22,23178,23178.5,23177.5,23177.5,26,1,0.5,0.5,0,-1,,,,
MNQ SEP25,1s,1,5003,2025-07-23 10:43:23,23177.75,23178,23177.25,23178,24,0.75,0.25,0,0.5,1,,,,
MNQ SEP25,1s,1,5004,2025-07-23 10:43:24,23177.75,23177.75,23177.25,23177.25,8,0.5,0.5,0,0,-1,,,,
MNQ SEP25,1s,1,5005,2025-07-23 10:43:25,23177,23177.5,23176.75,23177.25,28,0.75,0.25,0.25,0.25,1,,,,
MNQ SEP25,1s,1,5006,2025-07-23 10:43:26,23177.5,23177.75,23176.75,23177.5,11,1,0,0.25,0.75,0,,,,
MNQ SEP25,1s,1,5007,2025-07-23 10:43:27,23177.25,23178,23177.25,23177.75,7,0.75,0.5,0.25,0,1,,,,
MNQ SEP25,1s,1,5008,2025-07-23 10:43:28,23177.5,23178,23177.25,23177.75,36,0.75,0.25,0.25,0.25,1,,,,
MNQ SEP25,1s,1,5009,2025-07-23 10:43:29,23177.5,23178.75,23177.5,23178.25,21,1.25,0.75,0.5,0,1,,,,
MNQ SEP25,1s,1,5010,2025-07-23 10:43:30,23178.5,23178.75,23177.75,23177.75,16,1,0.75,0.25,0,-1,,,,
MNQ SEP25,10s,10,5900,2025-07-23 10:43:30,23178,23178.75,23176.75,23177.75,209,2,0.25,0.75,1,-1,69.65,-53.55,-15.83333333,-20.08
MNQ SEP25,1s,1,5011,2025-07-23 10:43:31,23178,23178,23177.25,23177.5,18,0.75,0.5,0,0.25,-1,,,,
MNQ SEP25,1s,1,5012,2025-07-23 10:43:32,23178.5,23178.5,23178,23178,16,0.5,0.5,0,0,-1,,,,
MNQ SEP25,1s,1,5013,2025-07-23 10:43:33,23178.25,23178.5,23177.75,23178,36,0.75,0.25,0.25,0.25,-1,,,,
MNQ SEP25,1s,1,5014,2025-07-23 10:43:34,23177.75,23178.5,23177.75,23177.75,8,0.75,0,0.75,0,0,,,,
MNQ SEP25,1s,1,5015,2025-07-23 10:43:35,23178.25,23178.25,23178,23178.25,5,0.25,0,0,0.25,0,,,,
MNQ SEP25,1s,1,5016,2025-07-23 10:43:36,23177.25,23177.25,23175.5,23176.5,49,1.75,0.75,0,1,-1,,,,
MNQ SEP25,1s,1,5017,2025-07-23 10:43:37,23175.5,23176.5,23175.5,23175.75,34,1,0.25,0.75,0,1,,,,
MNQ SEP25,1s,1,5018,2025-07-23 10:43:38,23175.75,23176,23174.75,23174.75,22,1.25,1,0.25,0,-1,,,,
MNQ SEP25,1s,1,5019,2025-07-23 10:43:39,23175.5,23175.5,23175,23175,20,0.5,0.5,0,0,-1,,,,
MNQ SEP25,1s,1,5020,2025-07-23 10:43:40,23175,23175.25,23173.25,23173.75,136,2,1.25,0.25,0.5,-1,,,,
MNQ SEP25,10s,10,5901,2025-07-23 10:43:40,23178,23178.5,23173.25,23173.75,344,5.25,4.25,0.5,0.5,-1,-14.25,-83.9,-40,-50.62
MNQ SEP25,20s,20,5950,2025-07-23 10:43:40,23178,23178.75,23173.25,23173.75,553,5.5,4.25,0.75,0.5,-1,270.65,17.55,84.15,62.96
MNQ SEP25,1s,1,5021,2025-07-23 10:43:41,23173.5,23175.75,23173.5,23175,64,2.25,1.5,0.75,0,1,,,,
MNQ SEP25,1s,1,5022,2025-07-23 10:43:42,23174.75,23176,23174.75,23175.25,87,1.25,0.5,0.75,0,1,,,,
MNQ SEP25,1s,1,5023,2025-07-23 10:43:43,23175.5,23176,23175.5,23176,9,0.5,0.5,0,0,1,,,,
MNQ SEP25,1s,1,5024,2025-07-23 10:43:44,23175.75,23176.5,23175.5,23176.5,26,1,0.75,0,0.25,1,,,,
MNQ SEP25,1s,1,5025,2025-07-23 10:43:45,23176.25,23176.25,23175.5,23175.5,18,0.75,0.75,0,0,-1,,,,
MNQ SEP25,1s,1,5026,2025-07-23 10:43:46,23175.5,23176,23175.25,23175.5,18,0.75,0,0.5,0.25,0,,,,
MNQ SEP25,1s,1,5027,2025-07-23 10:43:47,23176,23176.5,23175.75,23176.5,17,0.75,0.5,0,0.25,1,,,,
MNQ SEP25,1s,1,5028,2025-07-23 10:43:48,23176.5,23176.5,23176,23176,8,0.5,0.5,0,0,-1,,,,
MNQ SEP25,1s,1,5029,2025-07-23 10:43:49,23176.5,23176.5,23176,23176.5,5,0.5,0,0,0.5,0,,,,
MNQ SEP25,1s,1,5030,2025-07-23 10:43:50,23176.75,23177.25,23176.75,23177.25,20,0.5,0.5,0,0,1,,,,
MNQ SEP25,10s,10,5902,2025-07-23 10:43:50,23173.5,23177.25,23173.5,23177.25,272,3.75,3.75,0,0,1,-78.25,-64,-67.15,-39.08
MNQ SEP25,1s,1,5031,2025-07-23 10:43:51,23177.5,23178,23177.5,23177.75,40,0.5,0.25,0.25,0,1,,,,
MNQ SEP25,1s,1,5032,2025-07-23 10:43:52,23178.25,23178.5,23177.5,23178,22,1,0.25,0.25,0.5,-1,,,,
MNQ SEP25,1s,1,5033,2025-07-23 10:43:53,23178.25,23178.25,23176.5,23176.5,28,1.75,1.75,0,0,-1,,,,
MNQ SEP25,1s,1,5034,2025-07-23 10:43:54,23176.5,23176.5,23175.75,23176.5,10,0.75,0,0,0.75,0,,,,
MNQ SEP25,1s,1,5035,2025-07-23 10:43:55,23176.75,23177,23176.75,23177,17,0.25,0.25,0,0,1,,,,
MNQ SEP25,1s,1,5036,2025-07-23 10:43:56,23177,23177,23176.25,23176.5,8,0.75,0.5,0,0.25,-1,,,,
MNQ SEP25,1s,1,5037,2025-07-23 10:43:57,23176,23176.5,23175.75,23175.75,23,0.75,0.25,0.5,0,-1,,,,
MNQ SEP25,1s,1,5038,2025-07-23 10:43:58,23176,23176.75,23176,23176.5,27,0.75,0.5,0.25,0,1,,,,
MNQ SEP25,1s,1,5039,2025-07-23 10:43:59,23176,23177.25,23176,23176.5,7,1.25,0.5,0.75,0,1,,,,
MNQ SEP25,1s,1,5040,2025-07-23 10:44:00,23177,23177.5,23176.75,23177.5,11,0.75,0.5,0,0.25,1,,,,
MNQ SEP25,10s,10,5903,2025-07-23 10:44:00,23177.5,23178.5,23175.75,23177.5,193,2.75,0,1,1.75,0,-77.2,1.05,-48.95,-36.59
MNQ SEP25,20s,20,5951,2025-07-23 10:44:00,23173.5,23178.5,23173.5,23177.5,465,5,4,1,0,1,74.05,-196.6,-46.96666667,15.98
MNQ SEP25,1s,1,5041,2025-07-23 10:44:01,23177,23177.75,23176.25,23176.25,28,1.5,0.75,0.75,0,-1,,,,
MNQ SEP25,1s,1,5042,2025-07-23 10:44:02,23176.5,23177,23175.5,23176.5,27,1.5,0,0.5,1,0,,,,
MNQ SEP25,1s,1,5043,2025-07-23 10:44:03,23177,23177.5,23176.75,23177,10,0.75,0,0.5,0.25,0,,,,
MNQ SEP25,1s,1,5044,2025-07-23 10:44:04,23177.5,23178,23177.5,23177.75,13,0.5,0.25,0.25,0,1,,,,
MNQ SEP25,1s,1,5045,2025-07-23 10:44:05,23178.25,23178.5,23177.75,23177.75,24,0.75,0.5,0.25,0,-1,,,,
MNQ SEP25,1s,1,5046,2025-07-23 10:44:06,23177.75,23178.25,23177.75,23178,7,0.5,0.25,0.25,0,1,,,,
MNQ SEP25,1s,1,5047,2025-07-23 10:44:07,23178,23178,23177.25,23177.5,16,0.75,0.5,0,0.25,-1,,,,
MNQ SEP25,1s,1,5048,2025-07-23 10:44:08,23177.25,23177.75,23177,23177,43,0.75,0.25,0.5,0,-1,,,,
MNQ SEP25,1s,1,5049,2025-07-23 10:44:09,23176.75,23177.25,23176,23176,26,1.25,0.75,0.5,0,-1,,,,
MNQ SEP25,1s,1,5050,2025-07-23 10:44:10,23176,23176.75,23176,23176.75,8,0.75,0.75,0,0,1,,,,
MNQ SEP25,10s,10,5904,2025-07-23 10:44:10,23177,23178.5,23175.5,23176.75,202,3,0.25,1.5,1.25,-1,-150.05,-72.85,-45.26666667,-54.65
MNQ SEP25,1s,1,5051,2025-07-23 10:44:11,23177,23178.25,23176,23178.25,19,2.25,1.25,0,1,1,,,,
MNQ SEP25,1s,1,5052,2025-07-23 10:44:12,23178,23178.25,23177.75,23177.75,17,0.5,0.25,0.25,0,-1,,,,
MNQ SEP25,1s,1,5053,2025-07-23 10:44:13,23178,23178,23177.75,23177.75,7,0.25,0.25,0,0,-1,,,,
MNQ SEP25,1s,1,5054,2025-07-23 10:44:14,23177.75,23178.25,23177.5,23178.25,6,0.75,0.5,0,0.25,1,,,,
MNQ SEP25,1s,1,5055,2025-07-23 10:44:15,23178,23178,23176.5,23176.75,34,1.5,1.25,0,0.25,-1,,,,
MNQ SEP25,1s,1,5056,2025-07-23 10:44:16,23177.25,23177.25,23176.75,23176.75,10,0.5,0.5,0,0,-1,,,,
MNQ SEP25,1s,1,5057,2025-07-23 10:44:17,23176,23177.25,23176,23177.25,18,1.25,1.25,0,0,1,,,,
MNQ SEP25,1s,1,5058,2025-07-23 10:44:18,23177,23177.75,23177,23177.75,13,0.75,0.75,0,0,1,,,,
MNQ SEP25,1s,1,5059,2025-07-23 10:44:19,23178,23178.75,23178,23178.5,50,0.75,0.5,0.25,0,1,,,,
MNQ SEP25,1s,1,5060,2025-07-23 10:44:20,23178.5,23178.75,23178.25,23178.25,19,0.5,0.25,0.25,0,-1,,,,
MNQ SEP25,10s,10,5905,2025-07-23 10:44:20,23177,23178.75,23176,23178.25,193,2.75,1.25,0.5,1,1,-147.2,2.85,-22.98333333,-43.37
MNQ SEP25,20s,20,5952,2025-07-23 10:44:20,23177,23178.75,23175.5,23178.25,395,3.25,1.25,0.5,1.5,1,0.35,-73.7,-84.25,-3.57
MNQ SEP25,1s,1,5061,2025-07-23 10:44:21,23178.25,23178.5,23178.25,23178.5,11,0.25,0.25,0,0,1,,,,
MNQ SEP25,1s,1,5062,2025-07-23 10:44:22,23178.25,23179.5,23178.25,23179.25,16,1.25,1,0.25,0,1,,,,
MNQ SEP25,1s,1,5063,2025-07-23 10:44:23,23179,23179.5,23179,23179.5,11,0.5,0.5,0,0,1,,,,
MNQ SEP25,1s,1,5064,2025-07-23 10:44:24,23179.5,23179.75,23179.25,23179.25,9,0.5,0.25,0.25,0,-1,,,,
MNQ SEP25,1s,1,5065,2025-07-23 10:44:25,23179.5,23180,23178.5,23180,50,1.5,0.5,0,1,1,,,,
MNQ SEP25,1s,1,5066,2025-07-23 10:44:26,23179.5,23179.5,23178,23178.5,50,1.5,1,0,0.5,-1,,,,
MNQ SEP25,1s,1,5067,2025-07-23 10:44:27,23178.75,23179,23178.25,23179,7,0.75,0.25,0,0.5,1,,,,
MNQ SEP25,1s,1,5068,2025-07-23 10:44:28,23178.75,23179.5,23178.75,23179.5,8,0.75,0.75,0,0,1,,,,
MNQ SEP25,1s,1,5069,2025-07-23 10:44:29,23180,23180.5,23179.75,23180.5,32,0.75,0.5,0,0.25,1,,,,
MNQ SEP25,1s,1,5070,2025-07-23 10:44:30,23180,23180.25,23178.75,23178.75,31,1.5,1.25,0.25,0,-1,,,,
MNQ SEP25,10s,10,5906,2025-07-23 10:44:30,23178.25,23180.5,23178,23178.75,225,2.5,0.5,1.75,0.25,1,-172.55,-25.35,-31.78333333,-31.66
MNQ SEP25,1s,1,5071,2025-07-23 10:44:31,23179.25,23179.25,23178.5,23178.75,11,0.75,0.5,0,0.25,-1,,,,
MNQ SEP25,1s,1,5072,2025-07-23 10:44:32,23179.25,23179.5,23178.75,23178.75,24,0.75,0.5,0.25,0,-1,,,,
MNQ SEP25,1s,1,5073,2025-07-23 10:44:33,23179.25,23179.25,23178.5,23178.5,22,0.75,0.75,0,0,-1,,,,
MNQ SEP25,1s,1,5074,2025-07-23 10:44:34,23178.75,23178.75,23178.5,23178.5,8,0.25,0.25,0,0,-1,,,,
MNQ SEP25,1s,1,5075,2025-07-23 10:44:35,23178.25,23178.75,23178,23178.25,24,0.75,0,0.5,0.25,0,,,,
MNQ SEP25,1s,1,5076,2025-07-23 10:44:36,23178.5,23178.75,23178.25,23178.25,5,0.5,0.25,0.25,0,-1,,,,
MNQ SEP25,1s,1,5077,2025-07-23 10:44:37,23178,23178.5,23178,23178.25,13,0.5,0.25,0.25,0,1,,,,
MNQ SEP25,1s,1,5078,2025-07-23 10:44:38,23178.5,23178.75,23178,23178,14,0.75,0.5,0.25,0,-1,,,,
MNQ SEP25,1s,1,5079,2025-07-23 10:44:39,23178.5,23178.5,23178.5,23178.5,3,0,0,0,0,0,,,,
MNQ SEP25,1s,1,5080,2025-07-23 10:44:40,23178,23179,23178,23178,36,1,0,1,0,0,,,,
MNQ SEP25,10s,10,5907,2025-07-23 10:44:40,23179.25,23179.5,23178,23178,160,1.5,1.25,0.25,0,-1,-192.3,-19.75,-14.08333333,-22.81
MNQ SEP25,20s,20,5953,2025-07-23 10:44:40,23178.25,23180.5,23178,23178,385,2.5,0.25,2.25,0,-1,-177.25,-177.6,-149.3,-78.44
MNQ SEP25,1s,1,5081,2025-07-23 10:44:41,23178,23179,23177.75,23178.75,23,1.25,0.75,0.25,0.25,1,,,,
MNQ SEP25,1s,1,5082,2025-07-23 10:44:42,23178.25,23179,23178.25,23179,3,0.75,0.75,0,0,1,,,,
MNQ SEP25,1s,1,5083,2025-07-23 10:44:43,23179,23179,23179,23179,1,0,0,0,0,0,,,,
MNQ SEP25,1s,1,5084,2025-07-23 10:44:44,23178.75,23179.25,23178.5,23178.5,10,0.75,0.25,0.5,0,-1,,,,
MNQ SEP25,1s,1,5085,2025-07-23 10:44:45,23178.5,23178.5,23176.5,23177.25,76,2,1.25,0,0.75,-1,,,,
MNQ SEP25,1s,1,5086,2025-07-23 10:44:46,23177,23177,23173.5,23173.5,139,3.5,3.5,0,0,-1,,,,
MNQ SEP25,1s,1,5087,2025-07-23 10:44:47,23173.5,23175,23173.5,23174,54,1.5,0.5,1,0,1,,,,
MNQ SEP25,1s,1,5088,2025-07-23 10:44:48,23174,23174,23172.5,23172.5,113,1.5,1.5,0,0,-1,,,,
MNQ SEP25,1s,1,5089,2025-07-23 10:44:49,23172.5,23174,23172.5,23173.25,29,1.5,0.75,0.75,0,1,,,,
MNQ SEP25,1s,1,5090,2025-07-23 10:44:50,23173.5,23173.75,23172.5,23172.75,33,1.25,0.75,0.25,0.25,-1,,,,
MNQ SEP25,10s,10,5908,2025-07-23 10:44:50,23178,23179.25,23172.5,23172.75,481,6.75,5.25,1.25,0.25,-1,-152.05,40.25,-1.61666667,-14.97
MNQ SEP25,1s,1,5091,2025-07-23 10:44:51,23173,23173.5,23172.5,23173,33,1,0,0.5,0.5,0,,,,
MNQ SEP25,1s,1,5092,2025-07-23 10:44:52,23173,23174,23172.75,23173.5,15,1.25,0.5,0.5,0.25,1,,,,
MNQ SEP25,1s,1,5093,2025-07-23 10:44:53,23173.75,23173.75,23172.5,23172.5,24,1.25,1.25,0,0,-1,,,,
MNQ SEP25,1s,1,5094,2025-07-23 10:44:54,23172.75,23173,23172.5,23172.5,14,0.5,0.25,0.25,0,-1,,,,
MNQ SEP25,1s,1,5095,2025-07-23 10:44:55,23172.75,23173,23171.5,23173,145,1.5,0.25,0,1.25,1,,,,
MNQ SEP25,1s,1,5096,2025-07-23 10:44:56,23172.75,23173.75,23172.75,23173.5,20,1,0.75,0.25,0,1,,,,
MNQ SEP25,1s,1,5097,2025-07-23 10:44:57,23173.5,23174.25,23173.5,23173.75,9,0.75,0.25,0.5,0,1,,,,
MNQ SEP25,1s,1,5098,2025-07-23 10:44:58,23174.25,23174.5,23173.75,23173.75,12,0.75,0.5,0.25,0,-1,,,,
MNQ SEP25,1s,1,5099,2025-07-23 10:44:59,23173.75,23174.25,23173.75,23174.25,2,0.5,0.5,0,0,1,,,,
MNQ SEP25,1s,1,5100,2025-07-23 10:45:00,23173.75,23174,23173.25,23173.75,12,0.75,0,0.25,0.5,0,,,,
MNQ SEP25,10s,10,5909,2025-07-23 10:45:00,23173,23174.5,23171.5,23173.75,286,3,0.75,0.75,1.5,1,-120.85,31.2,17.23333333,5.84
MNQ SEP25,20s,20,5954,2025-07-23 10:45:00,23178,23179.25,23171.5,23173.75,767,7.75,4.25,1.25,2.25,-1,-214.15,-36.9,-96.06666667,-93.45
MNQ SEP25,1s,1,5101,2025-07-23 10:45:01,23173.25,23173.25,23172.25,23172.25,43,1,1,0,0,-1,,,,
MNQ SEP25,1s,1,5102,2025-07-23 10:45:02,23172,23172.25,23168,23170,276,4.25,2,0.25,2,-1,,,,
MNQ SEP25,1s,1,5103,2025-07-23 10:45:03,23169.75,23170,23169.25,23169.5,80,0.75,0.25,0.25,0.25,-1,,,,
MNQ SEP25,1s,1,5104,2025-07-23 10:45:04,23169.75,23171,23169.25,23170.75,84,1.75,1,0.25,0.5,1,,,,
MNQ SEP25,1s,1,5105,2025-07-23 10:45:05,23170.5,23171.75,23170.25,23170.25,45,1.5,0.25,1.25,0,-1,,,,
MNQ SEP25,1s,1,5106,2025-07-23 10:45:06,23169.75,23169.75,23169,23169.5,59,0.75,0.25,0,0.5,-1,,,,
MNQ SEP25,1s,1,5107,2025-07-23 10:45:07,23170,23171.5,23170,23171.5,44,1.5,1.5,0,0,1,,,,
MNQ SEP25,1s,1,5108,2025-07-23 10:45:08,23171.5,23172,23170.25,23170.25,55,1.75,1.25,0.5,0,-1,,,,
MNQ SEP25,1s,1,5109,2025-07-23 10:45:09,23170.25,23170.75,23170,23170,10,0.75,0.25,0.5,0,-1,,,,
MNQ SEP25,1s,1,5110,2025-07-23 10:45:10,23169.5,23170.25,23169.25,23169.5,36,1,0,0.75,0.25,0,,,,
MNQ SEP25,10s,10,5910,2025-07-23 10:45:10,23173.25,23173.25,23168,23169.5,732,5.25,3.75,0,1.5,-1,-38.75,82.1,51.18333333,21.69
MNQ SEP25,1s,1,5111,2025-07-23 10:45:11,23169.25,23169.5,23168,23169,84,1.5,0.25,0.25,1,-1,,,,
MNQ SEP25,1s,1,5112,2025-07-23 10:45:12,23169,23170.25,23169,23169.75,25,1.25,0.75,0.5,0,1,,,,
MNQ SEP25,1s,1,5113,2025-07-23 10:45:13,23169.75,23170.75,23169.75,23170.75,31,1,1,0,0,1,,,,
MNQ SEP25,1s,1,5114,2025-07-23 10:45:14,23171,23171,23170,23170,23,1,1,0,0,-1,,,,
MNQ SEP25,1s,1,5115,2025-07-23 10:45:15,23170.25,23172.75,23170.25,23172.5,66,2.5,2.25,0.25,0,1,,,,
MNQ SEP25,1s,1,5116,2025-07-23 10:45:16,23172.25,23172.75,23171,23171.5,87,1.75,0.75,0.5,0.5,-1,,,,
MNQ SEP25,1s,1,5117,2025-07-23 10:45:17,23171.75,23172,23170.75,23171,20,1.25,0.75,0.25,0.25,-1,,,,
MNQ SEP25,1s,1,5118,2025-07-23 10:45:18,23171,23171.25,23171,23171.25,16,0.25,0.25,0,0,1,,,,
MNQ SEP25,1s,1,5119,2025-07-23 10:45:19,23171.5,23171.75,23170,23170,18,1.75,1.5,0.25,0,-1,,,,
MNQ SEP25,1s,1,5120,2025-07-23 10:45:20,23170.75,23171,23170.25,23170.25,7,0.75,0.5,0.25,0,-1,,,,
MNQ SEP25,10s,10,5911,2025-07-23 10:45:20,23169.25,23172.75,23168,23170.25,377,4.75,1,2.5,1.25,1,-13.4,25.35,46.21666667,31.83
MNQ SEP25,20s,20,5955,2025-07-23 10:45:20,23173.25,23173.25,23168,23170.25,1109,5.25,3,0,2.25,-1,-108.5,105.65,-36.28333333,-75.83
MNQ SEP25,1s,1,5121,2025-07-23 10:45:21,23170.25,23170.75,23170,23170.75,12,0.75,0.5,0,0.25,1,,,,
MNQ SEP25,1s,1,5122,2025-07-23 10:45:22,23170.75,23171,23169.75,23170.25,18,1.25,0.5,0.25,0.5,-1,,,,
MNQ SEP25,1s,1,5123,2025-07-23 10:45:23,23171.25,23171.25,23169.5,23170.5,37,1.75,0.75,0,1,-1,,,,
MNQ SEP25,1s,1,5124,2025-07-23 10:45:24,23170,23170.25,23168.75,23168.75,40,1.5,1.25,0.25,0,-1,,,,
MNQ SEP25,1s,1,5125,2025-07-23 10:45:25,23168.75,23170.5,23168.5,23170.5,23,2,1.75,0,0.25,1,,,,
MNQ SEP25,1s,1,5126,2025-07-23 10:45:26,23170.25,23170.25,23167.75,23168,81,2.5,2.25,0,0.25,-1,,,,
MNQ SEP25,1s,1,5127,2025-07-23 10:45:27,23168.25,23169.5,23168.25,23169.5,37,1.25,1.25,0,0,1,,,,
MNQ SEP25,1s,1,5128,2025-07-23 10:45:28,23170,23171.25,23169.5,23170.25,57,1.75,0.25,1,0.5,1,,,,
MNQ SEP25,1s,1,5129,2025-07-23 10:45:29,23170.5,23171.75,23170.25,23171.75,12,1.5,1.25,0,0.25,1,,,,
MNQ SEP25,1s,1,5130,2025-07-23 10:45:30,23171.25,23172.75,23171.25,23172,48,1.5,0.75,0.75,0,1,,,,
MNQ SEP25,10s,10,5912,2025-07-23 10:45:30,23170.25,23172.75,23167.75,23172,365,5,1.75,0.75,2.5,1,64.55,77.95,61.8,51.37
MNQ SEP25,1s,1,5131,2025-07-23 10:45:31,23172,23172.5,23170.75,23171,83,1.75,1,0.5,0.25,-1,,,,
MNQ SEP25,1s,1,5132,2025-07-23 10:45:32,23171.25,23172.25,23171.25,23171.5,15,1,0.25,0.75,0,1,,,,
MNQ SEP25,1s,1,5133,2025-07-23 10:45:33,23171.5,23172,23170.75,23172,34,1.25,0.5,0,0.75,1,,,,
MNQ SEP25,1s,1,5134,2025-07-23 10:45:34,23172.25,23173.25,23172.25,23173.25,31,1,1,0,0,1,,,,
MNQ SEP25,1s,1,5135,2025-07-23 10:45:35,23173.5,23173.5,23172.25,23173.5,54,1.25,0,0,1.25,0,,,,
MNQ SEP25,1s,1,5136,2025-07-23 10:45:36,23173.5,23173.5,23172.5,23172.5,38,1,1,0,0,-1,,,,
MNQ SEP25,1s,1,5137,2025-07-23 10:45:37,23172.25,23174.75,23172,23174,45,2.75,1.75,0.75,0.25,1,,,,
MNQ SEP25,1s,1,5138,2025-07-23 10:45:38,23174,23175,23174,23175,73,1,1,0,0,1,,,,
MNQ SEP25,1s,1,5139,2025-07-23 10:45:39,23175,23175.5,23174,23175,108,1.5,0,0.5,1,0,,,,
MNQ SEP25,1s,1,5140,2025-07-23 10:45:40,23174.75,23174.75,23174,23174.25,35,0.75,0.5,0,0.25,-1,,,,
MNQ SEP25,10s,10,5913,2025-07-23 10:45:40,23172,23175.5,23170.75,23174.25,516,4.75,2.25,1.25,1.25,1,65.3,0.75,34.68333333,43.47
MNQ SEP25,20s,20,5956,2025-07-23 10:45:40,23170.25,23175.5,23167.75,23174.25,881,7.75,4,1.25,2.5,1,-26,82.5,50.41666667,-20.01
MNQ SEP25,1s,1,5141,2025-07-23 10:45:41,23174.25,23174.5,23173.25,23173.75,37,1.25,0.5,0.25,0.5,-1,,,,
MNQ SEP25,1s,1,5142,2025-07-23 10:45:42,23173.75,23173.75,23172.75,23173.25,29,1,0.5,0,0.5,-1,,,,
MNQ SEP25,1s,1,5143,2025-07-23 10:45:43,23173.25,23173.5,23173,23173.5,7,0.5,0.25,0,0.25,1,,,,
MNQ SEP25,1s,1,5144,2025-07-23 10:45:44,23172.75,23172.75,23172.5,23172.75,11,0.25,0,0,0.25,0,,,,
MNQ SEP25,1s,1,5145,2025-07-23 10:45:45,23173.5,23173.5,23173,23173,3,0.5,0.5,0,0,-1,,,,
MNQ SEP25,1s,1,5146,2025-07-23 10:45:46,23173,23173,23172,23173,28,1,0,0,1,0,,,,
MNQ SEP25,1s,1,5147,2025-07-23 10:45:47,23173.25,23173.5,23173.25,23173.5,15,0.25,0.25,0,0,1,,,,
MNQ SEP25,1s,1,5148,2025-07-23 10:45:48,23173.75,23175,23173.5,23175,44,1.5,1.25,0,0.25,1,,,,
MNQ SEP25,1s,1,5149,2025-07-23 10:45:49,23175.25,23175.5,23174,23174.5,33,1.5,0.75,0.25,0.5,-1,,,,
MNQ SEP25,1s,1,5150,2025-07-23 10:45:50,23174.25,23175,23173.75,23174.25,25,1.25,0,0.75,0.5,0,,,,
MNQ SEP25,10s,10,5914,2025-07-23 10:45:50,23174.25,23175.5,23172,23174.25,232,3.5,0,1.25,2.25,0,63.45,-1.85,25.61666667,36.86
MNQ SEP25,1s,1,5151,2025-07-23 10:45:51,23174.25,23174.75,23174,23174.75,26,0.75,0.5,0,0.25,1,,,,
MNQ SEP25,1s,1,5152,2025-07-23 10:45:52,23174.25,23175,23174.25,23175,13,0.75,0.75,0,0,1,,,,
MNQ SEP25,1s,1,5153,2025-07-23 10:45:53,23175,23175,23174.5,23174.75,24,0.5,0.25,0,0.25,-1,,,,
MNQ SEP25,1s,1,5154,2025-07-23 10:45:54,23175,23175,23174.5,23175,15,0.5,0,0,0.5,0,,,,
MNQ SEP25,1s,1,5155,2025-07-23 10:45:55,23175,23175,23174.25,23174.25,9,0.75,0.75,0,0,-1,,,,
MNQ SEP25,1s,1,5156,2025-07-23 10:45:56,23174,23174,23173.25,23173.5,23,0.75,0.5,0,0.25,-1,,,,
MNQ SEP25,1s,1,5157,2025-07-23 10:45:57,23173.25,23173.5,23172.5,23173,24,1,0.25,0.25,0.5,-1,,,,
MNQ SEP25,1s,1,5158,2025-07-23 10:45:58,23173.25,23174,23172.75,23174,17,1.25,0.75,0,0.5,1,,,,
MNQ SEP25,1s,1,5159,2025-07-23 10:45:59,23174.25,23174.25,23173,23173,25,1.25,1.25,0,0,-1,,,,
MNQ SEP25,1s,1,5160,2025-07-23 10:46:00,23173.5,23173.75,23173.25,23173.75,9,0.5,0.25,0,0.25,1,,,,
MNQ SEP25,10s,10,5915,2025-07-23 10:46:00,23174.25,23175,23172.5,23173.75,185,2.5,0.5,0.75,1.25,-1,-30.3,-93.75,-31.61666667,1.69
MNQ SEP25,20s,20,5957,2025-07-23 10:46:00,23174.25,23175.5,23172,23173.75,417,3.5,0.5,1.25,1.75,-1,-19.45,6.55,64.9,-3.96
MNQ SEP25,1s,1,5161,2025-07-23 10:46:01,23173.25,23175,23173.25,23174.25,42,1.75,1,0.75,0,1,,,,
MNQ SEP25,1s,1,5162,2025-07-23 10:46:02,23174.5,23175,23174,23174,26,1,0.5,0.5,0,-1,,,,
MNQ SEP25,1s,1,5163,2025-07-23 10:46:03,23173.75,23174.75,23173,23174.75,36,1.75,1,0,0.75,1,,,,
MNQ SEP25,1s,1,5164,2025-07-23 10:46:04,23174.75,23174.75,23174.25,23174.5,19,0.5,0.25,0,0.25,-1,,,,
MNQ SEP25,1s,1,5165,2025-07-23 10:46:05,23174.75,23176,23174.5,23174.5,86,1.5,0.25,1.25,0,-1,,,,
MNQ SEP25,1s,1,5166,2025-07-23 10:46:06,23174.5,23174.75,23174.25,23174.75,8,0.5,0.25,0,0.25,1,,,,
MNQ SEP25,1s,1,5167,2025-07-23 10:46:07,23174,23174.75,23173.25,23174.75,54,1.5,0.75,0,0.75,1,,,,
MNQ SEP25,1s,1,5168,2025-07-23 10:46:08,23174.75,23175.25,23174.75,23174.75,9,0.5,0,0.5,0,0,,,,
MNQ SEP25,1s,1,5169,2025-07-23 10:46:09,23174.75,23174.75,23174,23174.25,24,0.75,0.5,0,0.25,-1,,,,
MNQ SEP25,1s,1,5170,2025-07-23 10:46:10,23174.5,23175,23174.25,23175,12,0.75,0.5,0,0.25,1,,,,
MNQ SEP25,10s,10,5916,2025-07-23 10:46:10,23173.25,23176,23173,23175,316,3,1.75,1,0.25,1,-20.55,9.75,-28.61666667,-1.43
MNQ SEP25,1s,1,5171,2025-07-23 10:46:11,23175,23175.25,23175,23175.25,23,0.25,0.25,0,0,1,,,,
MNQ SEP25,1s,1,5172,2025-07-23 10:46:12,23175.25,23176.75,23175,23176,59,1.75,0.75,0.75,0.25,1,,,,
MNQ SEP25,1s,1,5173,2025-07-23 10:46:13,23175.75,23176.5,23175.75,23176.25,31,0.75,0.5,0.25,0,1,,,,
MNQ SEP25,1s,1,5174,2025-07-23 10:46:14,23176.25,23176.75,23176,23176.75,40,0.75,0.5,0,0.25,1,,,,
MNQ SEP25,1s,1,5175,2025-07-23 10:46:15,23176.75,23176.75,23175.75,23176,33,1,0.75,0,0.25,-1,,,,
MNQ SEP25,1s,1,5176,2025-07-23 10:46:16,23176.25,23176.75,23176.25,23176.75,13,0.5,0.5,0,0,1,,,,
MNQ SEP25,1s,1,5177,2025-07-23 10:46:17,23176.5,23177,23176.25,23176.5,35,0.75,0,0.5,0.25,0,,,,
MNQ SEP25,1s,1,5178,2025-07-23 10:46:18,23176.5,23177.25,23176.5,23177,48,0.75,0.5,0.25,0,1,,,,
MNQ SEP25,1s,1,5179,2025-07-23 10:46:19,23176.5,23176.5,23174.75,23174.75,63,1.75,1.75,0,0,-1,,,,
MNQ SEP25,1s,1,5180,2025-07-23 10:46:20,23175.25,23175.25,23174.5,23175.25,23,0.75,0,0,0.75,0,,,,
MNQ SEP25,10s,10,5917,2025-07-23 10:46:20,23175,23177.25,23174.5,23175.25,368,2.75,0.25,2,0.5,1,-9.05,11.5,-24.16666667,-14.72
MNQ SEP25,20s,20,5958,2025-07-23 10:46:20,23173.25,23177.25,23173,23175.25,684,4.25,2,2,0.25,1,28.1,47.55,45.53333333,41.07
MNQ SEP25,1s,1,5181,2025-07-23 10:46:21,23175.25,23175.25,23174.75,23174.75,14,0.5,0.5,0,0,-1,,,,
MNQ SEP25,1s,1,5182,2025-07-23 10:46:22,23175.25,23175.5,23174.75,23174.75,22,0.75,0.5,0.25,0,-1,,,,
MNQ SEP25,1s,1,5183,2025-07-23 10:46:23,23175,23176.5,23175,23176.5,23,1.5,1.5,0,0,1,,,,
MNQ SEP25,1s,1,5184,2025-07-23 10:46:24,23176.5,23177,23176.5,23176.5,9,0.5,0,0.5,0,0,,,,
MNQ SEP25,1s,1,5185,2025-07-23 10:46:25,23176.75,23177.5,23176.75,23177.25,14,0.75,0.5,0.25,0,1,,,,
MNQ SEP25,1s,1,5186,2025-07-23 10:46:26,23177,23178.5,23176.75,23178,31,1.75,1,0.5,0.25,1,,,,
MNQ SEP25,1s,1,5187,2025-07-23 10:46:27,23178,23179.25,23178,23178.5,48,1.25,0.5,0.75,0,1,,,,
MNQ SEP25,1s,1,5188,2025-07-23 10:46:28,23178.75,23179,23178.5,23178.5,24,0.5,0.25,0.25,0,-1,,,,
MNQ SEP25,1s,1,5189,2025-07-23 10:46:29,23178.75,23179,23178,23178.5,41,1,0.25,0.25,0.5,-1,,,,
MNQ SEP25,1s,1,5190,2025-07-23 10:46:30,23178.5,23180.25,23178.25,23179.75,89,2,1.25,0.5,0.25,1,,,,
MNQ SEP25,10s,10,5918,2025-07-23 10:46:30,23175.25,23180.25,23174.75,23179.75,315,5.5,4.5,0.5,0.5,1,-46.4,-37.35,-5.36666667,-22.34
MNQ SEP25,1s,1,5191,2025-07-23 10:46:31,23180.25,23183.25,23180,23181,311,3.25,0.75,2.25,0.25,1,,,,
MNQ SEP25,1s,1,5192,2025-07-23 10:46:32,23181.5,23181.75,23180.75,23181.25,60,1,0.25,0.25,0.5,-1,,,,
MNQ SEP25,1s,1,5193,2025-07-23 10:46:33,23181.75,23182.5,23181.25,23182.5,38,1.25,0.75,0,0.5,1,,,,
MNQ SEP25,1s,1,5194,2025-07-23 10:46:34,23182.75,23183,23180.5,23182,104,2.5,0.75,0.25,1.5,-1,,,,
MNQ SEP25,1s,1,5195,2025-07-23 10:46:35,23182,23183,23182,23182.75,54,1,0.75,0.25,0,1,,,,
MNQ SEP25,1s,1,5196,2025-07-23 10:46:36,23182.75,23183.25,23182.5,23183.25,53,0.75,0.5,0,0.25,1,,,,
MNQ SEP25,1s,1,5197,2025-07-23 10:46:37,23183.25,23183.25,23181.75,23182.5,47,1.5,0.75,0,0.75,-1,,,,
MNQ SEP25,1s,1,5198,2025-07-23 10:46:38,23182.5,23183.25,23182.5,23182.75,53,0.75,0.25,0.5,0,1,,,,
MNQ SEP25,1s,1,5199,2025-07-23 10:46:39,23183,23183,23182,23182.5,36,1,0.5,0,0.5,-1,,,,
MNQ SEP25,1s,1,5200,2025-07-23 10:46:40,23182.5,23182.5,23181.75,23182,38,0.75,0.5,0,0.25,-1,,,,
MNQ SEP25,10s,10,5919,2025-07-23 10:46:40,23180.25,23183.25,23180,23182,794,3.25,1.75,1.25,0.25,1,57.35,103.75,25.96666667,-1.22
MNQ SEP25,20s,20,5959,2025-07-23 10:46:40,23175.25,23183.25,23174.75,23182,1109,8.5,6.75,1.25,0.5,1,58.55,30.45,28.18333333,54.54
MNQ SEP25,1s,1,5201,2025-07-23 10:46:41,23182.5,23182.75,23181.75,23182.25,33,1,0.25,0.25,0.5,-1,,,,
MNQ SEP25,1s,1,5202,2025-07-23 10:46:42,23182.5,23183,23182.25,23182.25,22,0.75,0.25,0.5,0,-1,,,,
MNQ SEP25,1s,1,5203,2025-07-23 10:46:43,23182.75,23183,23181,23181.5,60,2,1.25,0.25,0.5,-1,,,,
MNQ SEP25,1s,1,5204,2025-07-23 10:46:44,23181.75,23182,23181.5,23181.5,10,0.5,0.25,0.25,0,-1,,,,
MNQ SEP25,1s,1,5205,2025-07-23 10:46:45,23181.5,23182,23181,23181,48,1,0.5,0.5,0,-1,,,,
MNQ SEP25,1s,1,5206,2025-07-23 10:46:46,23181.5,23181.5,23180,23180.5,73,1.5,1,0,0.5,-1,,,,
MNQ SEP25,1s,1,5207,2025-07-23 10:46:47,23180.5,23180.5,23178.75,23179,52,1.75,1.5,0,0.25,-1,,,,
MNQ SEP25,1s,1,5208,2025-07-23 10:46:48,23179,23179,23178.25,23179,29,0.75,0,0,0.75,0,,,,
MNQ SEP25,1s,1,5209,2025-07-23 10:46:49,23178.5,23179.25,23178.25,23179,43,1,0.5,0.25,0.25,1,,,,
MNQ SEP25,1s,1,5210,2025-07-23 10:46:50,23178.75,23179.25,23178.5,23178.5,15,0.75,0.25,0.5,0,-1,,,,
MNQ SEP25,10s,10,5920,2025-07-23 10:46:50,23182.5,23183,23178.25,23178.5,385,4.75,4,0.5,0.25,-1,88.55,31.2,32.53333333,23.77
MNQ SEP25,1s,1,5211,2025-07-23 10:46:51,23178.75,23178.75,23177.5,23178,35,1.25,0.75,0,0.5,-1,,,,
MNQ SEP25,1s,1,5212,2025-07-23 10:46:52,23178,23178.25,23177.75,23177.75,21,0.5,0.25,0.25,0,-1,,,,
MNQ SEP25,1s,1,5213,2025-07-23 10:46:53,23177.75,23178.5,23177.75,23178,9,0.75,0.25,0.5,0,1,,,,
MNQ SEP25,1s,1,5214,2025-07-23 10:46:54,23178.5,23179.25,23178.25,23178.25,21,1,0.25,0.75,0,-1,,,,
MNQ SEP25,1s,1,5215,2025-07-23 10:46:55,23178,23178.75,23178,23178.5,19,0.75,0.5,0.25,0,1,,,,
MNQ SEP25,1s,1,5216,2025-07-23 10:46:56,23178,23178.25,23177.75,23177.75,11,0.5,0.25,0.25,0,-1,,,,
MNQ SEP25,1s,1,5217,2025-07-23 10:46:57,23178.5,23179,23177.75,23178,25,1.25,0.5,0.5,0.25,-1,,,,
MNQ SEP25,1s,1,5218,2025-07-23 10:46:58,23178.25,23178.5,23178.25,23178.5,5,0.25,0.25,0,0,1,,,,
MNQ SEP25,1s,1,5219,2025-07-23 10:46:59,23178,23178.75,23177.75,23178.25,16,1,0.25,0.5,0.25,1,,,,
MNQ SEP25,1s,1,5220,2025-07-23 10:47:00,23178.25,23178.25,23178,23178,6,0.25,0.25,0,0,-1,,,,
MNQ SEP25,10s,10,5921,2025-07-23 10:47:00,23178.75,23179.25,23177.5,23178,168,1.75,0.75,0.5,0.5,-1,67.75,-20.8,38.05,17.66
MNQ SEP25,20s,20,5960,2025-07-23 10:47:00,23182.5,23183,23177.5,23178,553,5.5,4.5,0.5,0.5,-1,-50.1,-108.65,-10.21666667,11.68
MNQ SEP25,1s,1,5221,2025-07-23 10:47:01,23178.5,23178.75,23177.5,23178.5,29,1.25,0,0.25,1,0,,,,
MNQ SEP25,1s,1,5222,2025-07-23 10:47:02,23178,23178.25,23177.5,23178.25,28,0.75,0.25,0,0.5,1,,,,
MNQ SEP25,1s,1,5223,2025-07-23 10:47:03,23178,23178.25,23178,23178.25,8,0.25,0.25,0,0,1,,,,
MNQ SEP25,1s,1,5224,2025-07-23 10:47:04,23178,23178,23174.25,23174.5,142,3.75,3.5,0,0.25,-1,,,,
MNQ SEP25,1s,1,5225,2025-07-23 10:47:05,23174.25,23174.75,23174,23174.75,30,0.75,0.5,0,0.25,1,,,,
MNQ SEP25,1s,1,5226,2025-07-23 10:47:06,23174.75,23175.75,23172,23172,171,3.75,2.75,1,0,-1,,,,
MNQ SEP25,1s,1,5227,2025-07-23 10:47:07,23172,23173,23172,23172.75,55,1,0.75,0.25,0,1,,,,
MNQ SEP25,1s,1,5228,2025-07-23 10:47:08,23173,23173,23172.5,23172.5,25,0.5,0.5,0,0,-1,,,,
MNQ SEP25,1s,1,5229,2025-07-23 10:47:09,23172.5,23173.5,23172.5,23173.25,49,1,0.75,0.25,0,1,,,,
MNQ SEP25,1s,1,5230,2025-07-23 10:47:10,23173.5,23173.5,23171.25,23172,70,2.25,1.5,0,0.75,-1,,,,
MNQ SEP25,10s,10,5922,2025-07-23 10:47:10,23178.5,23178.75,23171.25,23172,607,7.5,6.5,0.25,0.75,-1,98.8,31.05,13.81666667,21.57
MNQ SEP25,1s,1,5231,2025-07-23 10:47:11,23172.5,23172.5,23172,23172.25,47,0.5,0.25,0,0.25,-1,,,,
MNQ SEP25,1s,1,5232,2025-07-23 10:47:12,23172.25,23172.25,23171.75,23172.25,20,0.5,0,0,0.5,0,,,,
MNQ SEP25,1s,1,5233,2025-07-23 10:47:13,23172.5,23172.75,23172.5,23172.5,16,0.25,0,0.25,0,0,,,,
MNQ SEP25,1s,1,5234,2025-07-23 10:47:14,23172.5,23173.75,23172.5,23173.75,41,1.25,1.25,0,0,1,,,,
MNQ SEP25,1s,1,5235,2025-07-23 10:47:15,23173.75,23174,23173,23173.75,26,1,0,0.25,0.75,0,,,,
MNQ SEP25,1s,1,5236,2025-07-23 10:47:16,23173.5,23174.75,23173.5,23174.75,16,1.25,1.25,0,0,1,,,,
MNQ SEP25,1s,1,5237,2025-07-23 10:47:17,23174.75,23174.75,23174,23174,18,0.75,0.75,0,0,-1,,,,
MNQ SEP25,1s,1,5238,2025-07-23 10:47:18,23174.25,23174.25,23173.75,23173.75,10,0.5,0.5,0,0,-1,,,,
MNQ SEP25,1s,1,5239,2025-07-23 10:47:19,23173.75,23174.25,23173.75,23174.25,2,0.5,0.5,0,0,1,,,,
MNQ SEP25,1s,1,5240,2025-07-23 10:47:20,23173.25,23173.75,23173,23173.5,13,0.75,0.25,0.25,0.25,1,,,,
MNQ SEP25,10s,10,5923,2025-07-23 10:47:20,23172.5,23174.75,23171.75,23173.5,209,3,1,1.25,0.75,1,76.8,-22,-3.91666667,24.64
MNQ SEP25,20s,20,5961,2025-07-23 10:47:20,23178.5,23178.75,23171.25,23173.5,816,7.5,5,0.25,2.25,-1,-45,5.1,-24.36666667,-3.8
MNQ SEP25,1s,1,5241,2025-07-23 10:47:21,23173.75,23173.75,23173,23173.5,7,0.75,0.25,0,0.5,-1,,,,
MNQ SEP25,1s,1,5242,2025-07-23 10:47:22,23173.75,23174.5,23173.5,23174.5,20,1,0.75,0,0.25,1,,,,
MNQ SEP25,1s,1,5243,2025-07-23 10:47:23,23175,23175.5,23174.75,23175.5,18,0.75,0.5,0,0.25,1,,,,
MNQ SEP25,1s,1,5244,2025-07-23 10:47:24,23175.5,23176,23175,23175.75,18,1,0.25,0.25,0.5,1,,,,
MNQ SEP25,1s,1,5245,2025-07-23 10:47:25,23175.5,23175.75,23175.25,23175.25,11,0.5,0.25,0.25,0,-1,,,,
MNQ SEP25,1s,1,5246,2025-07-23 10:47:26,23175,23176.25,23174.5,23176.25,51,1.75,1.25,0,0.5,1,,,,
MNQ SEP25,1s,1,5247,2025-07-23 10:47:27,23176,23176,23175,23175.25,29,1,0.75,0,0.25,-1,,,,
MNQ SEP25,1s,1,5248,2025-07-23 10:47:28,23175,23175.25,23174.5,23175,21,0.75,0,0.25,0.5,0,,,,
MNQ SEP25,1s,1,5249,2025-07-23 10:47:29,23175.5,23176,23175.25,23175.25,14,0.75,0.25,0.5,0,-1,,,,
MNQ SEP25,1s,1,5250,2025-07-23 10:47:30,23175.75,23176,23175.5,23175.5,4,0.5,0.25,0.25,0,-1,,,,
MNQ SEP25,10s,10,5924,2025-07-23 10:47:30,23173.75,23176.25,23173,23175.5,193,3.25,1.75,0.75,0.75,1,-42.95,-119.75,-36.9,-20.06
MNQ SEP25,1s,1,5251,2025-07-23 10:47:31,23174.75,23174.75,23174.5,23174.5,6,0.25,0.25,0,0,-1,,,,
MNQ SEP25,1s,1,5252,2025-07-23 10:47:32,23174.5,23175,23174,23175,11,1,0.5,0,0.5,1,,,,
MNQ SEP25,1s,1,5253,2025-07-23 10:47:33,23175.5,23176.25,23175.5,23176.25,9,0.75,0.75,0,0,1,,,,
MNQ SEP25,1s,1,5254,2025-07-23 10:47:34,23175.75,23176.25,23175.75,23175.75,8,0.5,0,0.5,0,0,,,,
MNQ SEP25,1s,1,5255,2025-07-23 10:47:35,23176.75,23176.75,23176.25,23176.25,15,0.5,0.5,0,0,-1,,,,
MNQ SEP25,1s,1,5256,2025-07-23 10:47:36,23176.25,23176.25,23175.75,23176,15,0.5,0.25,0,0.25,-1,,,,
MNQ SEP25,1s,1,5257,2025-07-23 10:47:37,23175.75,23176,23175.75,23175.75,6,0.25,0,0.25,0,0,,,,
MNQ SEP25,1s,1,5258,2025-07-23 10:47:38,23175.75,23175.75,23175.25,23175.5,8,0.5,0.25,0,0.25,-1,,,,
MNQ SEP25,1s,1,5259,2025-07-23 10:47:39,23175.5,23176,23175.5,23176,19,0.5,0.5,0,0,1,,,,
MNQ SEP25,1s,1,5260,2025-07-23 10:47:40,23176,23176.25,23175.5,23176,7,0.75,0,0.25,0.5,0,,,,
MNQ SEP25,10s,10,5925,2025-07-23 10:47:40,23174.75,23176.75,23174,23176,104,2.75,1.25,0.75,0.75,1,-94.7,-51.75,-64.5,-36.65
MNQ SEP25,20s,20,5962,2025-07-23 10:47:40,23173.75,23176.75,23173,23176,297,3.75,2.25,0.75,0.75,1,-47.1,-2.1,-35.21666667,-5.53
MNQ SEP25,1s,1,5261,2025-07-23 10:47:41,23176,23176,23175.5,23175.75,11,0.5,0.25,0,0.25,-1,,,,
MNQ SEP25,1s,1,5262,2025-07-23 10:47:42,23175.5,23176,23175.5,23175.5,8,0.5,0,0.5,0,0,,,,
MNQ SEP25,1s,1,5263,2025-07-23 10:47:43,23175,23175,23174.25,23174.75,15,0.75,0.25,0,0.5,-1,,,,
MNQ SEP25,1s,1,5264,2025-07-23 10:47:44,23176,23176,23175.25,23175.25,8,0.75,0.75,0,0,-1,,,,
MNQ SEP25,1s,1,5265,2025-07-23 10:47:45,23176,23177.75,23175,23177.75,46,2.75,1.75,0,1,1,,,,
MNQ SEP25,1s,1,5266,2025-07-23 10:47:46,23177.75,23178,23177.5,23178,18,0.5,0.25,0,0.25,1,,,,
MNQ SEP25,1s,1,5267,2025-07-23 10:47:47,23177.5,23177.75,23177.25,23177.75,15,0.5,0.25,0,0.25,1,,,,
MNQ SEP25,1s,1,5268,2025-07-23 10:47:48,23177.75,23179.5,23177.75,23179.5,33,1.75,1.75,0,0,1,,,,
MNQ SEP25,1s,1,5269,2025-07-23 10:47:49,23178.5,23179,23178.25,23178.25,28,0.75,0.25,0.5,0,-1,,,,
MNQ SEP25,1s,1,5270,2025-07-23 10:47:50,23178,23178.75,23178,23178.75,17,0.75,0.75,0,0,1,,,,
MNQ SEP25,10s,10,5926,2025-07-23 10:47:50,23176,23179.5,23174.25,23178.75,199,5.25,2.75,0.75,1.75,1,-87.2,7.5,-54.66666667,-30.99
MNQ SEP25,1s,1,5271,2025-07-23 10:47:51,23178.5,23178.5,23177.5,23177.5,24,1,1,0,0,-1,,,,
MNQ SEP25,1s,1,5272,2025-07-23 10:47:52,23177.5,23178.25,23177.5,23178.25,6,0.75,0.75,0,0,1,,,,
MNQ SEP25,1s,1,5273,2025-07-23 10:47:53,23178,23178,23177.5,23177.75,15,0.5,0.25,0,0.25,-1,,,,
MNQ SEP25,1s,1,5274,2025-07-23 10:47:54,23177.75,23178.25,23177.75,23178.25,12,0.5,0.5,0,0,1,,,,
MNQ SEP25,1s,1,5275,2025-07-23 10:47:55,23178,23178,23178,23178,2,0,0,0,0,0,,,,
MNQ SEP25,1s,1,5276,2025-07-23 10:47:56,23178,23178.25,23177.5,23178,10,0.75,0,0.25,0.5,0,,,,
MNQ SEP25,1s,1,5277,2025-07-23 10:47:57,23178.25,23178.25,23177.25,23177.75,15,1,0.5,0,0.5,-1,,,,
MNQ SEP25,1s,1,5278,2025-07-23 10:47:58,23177.75,23177.75,23177.5,23177.5,6,0.25,0.25,0,0,-1,,,,
MNQ SEP25,1s,1,5279,2025-07-23 10:47:59,23178,23178,23178,23178,2,0,0,0,0,0,,,,
MNQ SEP25,1s,1,5280,2025-07-23 10:48:00,23178,23179.75,23178,23179.75,22,1.75,1.75,0,0,1,,,,
MNQ SEP25,10s,10,5927,2025-07-23 10:48:00,23178.5,23179.75,23177.25,23179.75,114,2.5,1.25,0,1.25,1,-183.5,-96.3,-46.85,-56.46
MNQ SEP25,20s,20,5963,2025-07-23 10:48:00,23176,23179.75,23174.25,23179.75,313,5.5,3.75,0,1.75,1,-116.6,-69.5,-22.16666667,-28.94
MNQ SEP25,1s,1,5281,2025-07-23 10:48:01,23179.75,23180.25,23179.25,23179.5,66,1,0.25,0.5,0.25,-1,,,,
MNQ SEP25,1s,1,5282,2025-07-23 10:48:02,23179.75,23180.75,23179.25,23180.75,26,1.5,1,0,0.5,1,,,,
MNQ SEP25,1s,1,5283,2025-07-23 10:48:03,23180.75,23181.5,23180.75,23181.5,47,0.75,0.75,0,0,1,,,,
MNQ SEP25,1s,1,5284,2025-07-23 10:48:04,23181.5,23182.75,23181.25,23182.5,137,1.5,1,0.25,0.25,1,,,,
MNQ SEP25,1s,1,5285,2025-07-23 10:48:05,23182,23182.75,23181.75,23182.5,41,1,0.5,0.25,0.25,1,,,,
MNQ SEP25,1s,1,5286,2025-07-23 10:48:06,23182.5,23182.75,23181.25,23182,44,1.5,0.5,0.25,0.75,-1,,,,
MNQ SEP25,1s,1,5287,2025-07-23 10:48:07,23181.75,23182.5,23181.5,23182,38,1,0.25,0.5,0.25,1,,,,
MNQ SEP25,1s,1,5288,2025-07-23 10:48:08,23181.75,23181.75,23180.5,23180.75,20,1.25,1,0,0.25,-1,,,,
MNQ SEP25,1s,1,5289,2025-07-23 10:48:09,23181.25,23181.5,23180.75,23181.5,16,0.75,0.25,0,0.5,1,,,,
MNQ SEP25,1s,1,5290,2025-07-23 10:48:10,23181.5,23181.5,23181,23181.5,17,0.5,0,0,0.5,0,,,,
MNQ SEP25,10s,10,5928,2025-07-23 10:48:10,23179.75,23182.75,23179.25,23181.5,452,3.5,1.75,1.25,0.5,1,-133.45,50.05,-12.91666667,-42.05
MNQ SEP25,1s,1,5291,2025-07-23 10:48:11,23181.5,23181.5,23181,23181.5,13,0.5,0,0,0.5,0,,,,
MNQ SEP25,1s,1,5292,2025-07-23 10:48:12,23181.75,23182,23181,23182,29,1,0.25,0,0.75,1,,,,
MNQ SEP25,1s,1,5293,2025-07-23 10:48:13,23182,23182.25,23181.25,23181.5,20,1,0.5,0.25,0.25,-1,,,,
MNQ SEP25,1s,1,5294,2025-07-23 10:48:14,23181.75,23182,23181.75,23181.75,13,0.25,0,0.25,0,0,,,,
MNQ SEP25,1s,1,5295,2025-07-23 10:48:15,23181.25,23181.5,23181,23181,11,0.5,0.25,0.25,0,-1,,,,
MNQ SEP25,1s,1,5296,2025-07-23 10:48:16,23180.75,23180.75,23179.75,23180.25,19,1,0.5,0,0.5,-1,,,,
MNQ SEP25,1s,1,5297,2025-07-23 10:48:17,23180,23180.5,23179.5,23180,37,1,0,0.5,0.5,0,,,,
MNQ SEP25,1s,1,5298,2025-07-23 10:48:18,23180,23181,23180,23180.5,14,1,0.5,0.5,0,1,,,,
MNQ SEP25,1s,1,5299,2025-07-23 10:48:19,23180.25,23180.75,23179.75,23180.75,7,1,0.5,0,0.5,1,,,,
MNQ SEP25,1s,1,5300,2025-07-23 10:48:20,23180.25,23180.75,23179.75,23180.5,45,1,0.25,0.25,0.5,1,,,,
MNQ SEP25,10s,10,5929,2025-07-23 10:48:20,23181.5,23182.25,23179.5,23180.5,208,2.75,1,0.75,1,-1,-126.55,6.9,-13.11666667,-16.72
MNQ SEP25,20s,20,5964,2025-07-23 10:48:20,23179.75,23182.75,23179.25,23180.5,660,3.5,0.75,2.25,0.5,1,-204,-87.4,-53,-52.51
MNQ SEP25,1s,1,5301,2025-07-23 10:48:21,23180,23180.5,23179.75,23179.75,6,0.75,0.25,0.5,0,-1,,,,
MNQ SEP25,1s,1,5302,2025-07-23 10:48:22,23180,23180,23179.5,23180,15,0.5,0,0,0.5,0,,,,
MNQ SEP25,1s,1,5303,2025-07-23 10:48:23,23180.5,23181,23180.5,23181,22,0.5,0.5,0,0,1,,,,
MNQ SEP25,1s,1,5304,2025-07-23 10:48:24,23181.5,23182.25,23181.5,23182.25,19,0.75,0.75,0,0,1,,,,
MNQ SEP25,1s,1,5305,2025-07-23 10:48:25,23182,23182,23180.5,23180.75,27,1.5,1.25,0,0.25,-1,,,,
MNQ SEP25,1s,1,5306,2025-07-23 10:48:26,23180.5,23181,23180.5,23180.75,18,0.5,0.25,0.25,0,1,,,,
MNQ SEP25,1s,1,5307,2025-07-23 10:48:27,23180.75,23180.75,23180.75,23180.75,1,0,0,0,0,0,,,,
MNQ SEP25,1s,1,5308,2025-07-23 10:48:28,23181,23181,23180.5,23180.5,3,0.5,0.5,0,0,-1,,,,
MNQ SEP25,1s,1,5309,2025-07-23 10:48:29,23181.5,23182.5,23181.5,23182.5,15,1,1,0,0,1,,,,
MNQ SEP25,1s,1,5310,2025-07-23 10:48:30,23182.5,23183.25,23182,23182.75,60,1.25,0.25,0.5,0.5,1,,,,
MNQ SEP25,10s,10,5930,2025-07-23 10:48:30,23180,23183.25,23179.5,23182.75,186,3.75,2.75,0.5,0.5,1,-82.85,43.7,33.55,2.37
MNQ SEP25,1s,1,5311,2025-07-23 10:48:31,23183.25,23183.5,23182.75,23182.75,40,0.75,0.5,0.25,0,-1,,,,
MNQ SEP25,1s,1,5312,2025-07-23 10:48:32,23183.25,23184.75,23183.25,23184.5,111,1.5,1.25,0.25,0,1,,,,
MNQ SEP25,1s,1,5313,2025-07-23 10:48:33,23184.75,23185,23184.5,23185,101,0.5,0.25,0,0.25,1,,,,
MNQ SEP25,1s,1,5314,2025-07-23 10:48:34,23185,23185.5,23184,23184.25,101,1.5,0.75,0.5,0.25,-1,,,,
MNQ SEP25,1s,1,5315,2025-07-23 10:48:35,23184.25,23184.25,23183.5,23184.25,38,0.75,0,0,0.75,0,,,,
MNQ SEP25,1s,1,5316,2025-07-23 10:48:36,23183.75,23184.25,23183.5,23184,40,0.75,0.25,0.25,0.25,1,,,,
MNQ SEP25,1s,1,5317,2025-07-23 10:48:37,23183.5,23184.5,23183.25,23184.25,40,1.25,0.75,0.25,0.25,1,,,,
MNQ SEP25,1s,1,5318,2025-07-23 10:48:38,23184.5,23184.5,23183.75,23183.75,19,0.75,0.75,0,0,-1,,,,
MNQ SEP25,1s,1,5319,2025-07-23 10:48:39,23183.75,23184.25,23183.25,23184.25,51,1,0.5,0,0.5,1,,,,
MNQ SEP25,1s,1,5320,2025-07-23 10:48:40,23184.25,23184.5,23183.75,23184,22,0.75,0.25,0.25,0.25,-1,,,,
MNQ SEP25,10s,10,5931,2025-07-23 10:48:40,23183.25,23185.5,23182.75,23184,563,2.75,0.75,1.5,0.5,1,-19.35,63.5,38.03333333,13.57
MNQ SEP25,20s,20,5965,2025-07-23 10:48:40,23180,23185.5,23179.5,23184,749,6,4,1.5,0.5,1,-177.55,26.45,-43.48333333,-25.49
MNQ SEP25,1s,1,5321,2025-07-23 10:48:41,23183.75,23183.75,23182.75,23183,38,1,0.75,0,0.25,-1,,,,
MNQ SEP25,1s,1,5322,2025-07-23 10:48:42,23183,23183.25,23182,23182,26,1.25,1,0.25,0,-1,,,,
MNQ SEP25,1s,1,5323,2025-07-23 10:48:43,23182.25,23182.25,23181.25,23181.25,78,1,1,0,0,-1,,,,
MNQ SEP25,1s,1,5324,2025-07-23 10:48:44,23181.5,23182,23181.25,23181.75,21,0.75,0.25,0.25,0.25,1,,,,
MNQ SEP25,1s,1,5325,2025-07-23 10:48:45,23181,23181.5,23179.75,23179.75,63,1.75,1.25,0.5,0,-1,,,,
MNQ SEP25,1s,1,5326,2025-07-23 10:48:46,23179.75,23180,23178.5,23178.75,50,1.5,1,0.25,0.25,-1,,,,
MNQ SEP25,1s,1,5327,2025-07-23 10:48:47,23179,23180,23179,23179.75,37,1,0.75,0.25,0,1,,,,
MNQ SEP25,1s,1,5328,2025-07-23 10:48:48,23179.75,23180.5,23179.75,23180.25,21,0.75,0.5,0.25,0,1,,,,
MNQ SEP25,1s,1,5329,2025-07-23 10:48:49,23180.25,23180.75,23179.75,23179.75,23,1,0.5,0.5,0,-1,,,,
MNQ SEP25,1s,1,5330,2025-07-23 10:48:50,23179.75,23180,23179.25,23179.75,13,0.75,0,0.25,0.5,0,,,,
MNQ SEP25,10s,10,5932,2025-07-23 10:48:50,23183.75,23183.75,23178.5,23179.75,370,5.25,4,0,1.25,-1,31.6,50.95,52.71666667,43.02
MNQ SEP25,1s,1,5331,2025-07-23 10:48:51,23179.75,23180.25,23179.25,23179.75,22,1,0,0.5,0.5,0,,,,
MNQ SEP25,1s,1,5332,2025-07-23 10:48:52,23179.5,23180.25,23179.5,23180,18,0.75,0.5,0.25,0,1,,,,
MNQ SEP25,1s,1,5333,2025-07-23 10:48:53,23179.75,23180,23179.75,23180,5,0.25,0.25,0,0,1,,,,
MNQ SEP25,1s,1,5334,2025-07-23 10:48:54,23179.75,23180,23179.5,23180,16,0.5,0.25,0,0.25,1,,,,
MNQ SEP25,1s,1,5335,2025-07-23 10:48:55,23179.75,23180.5,23179.5,23180.25,40,1,0.5,0.25,0.25,1,,,,
MNQ SEP25,1s,1,5336,2025-07-23 10:48:56,23180,23181,23180,23181,10,1,1,0,0,1,,,,
MNQ SEP25,1s,1,5337,2025-07-23 10:48:57,23180.5,23181,23180.5,23180.5,8,0.5,0,0.5,0,0,,,,
MNQ SEP25,1s,1,5338,2025-07-23 10:48:58,23181,23181.5,23181,23181,31,0.5,0,0.5,0,0,,,,
MNQ SEP25,1s,1,5339,2025-07-23 10:48:59,23181.25,23181.5,23181,23181.5,30,0.5,0.25,0,0.25,1,,,,
MNQ SEP25,1s,1,5340,2025-07-23 10:49:00,23181.5,23181.75,23181,23181.75,14,0.75,0.25,0,0.5,1,,,,
MNQ SEP25,10s,10,5933,2025-07-23 10:49:00,23179.75,23181.75,23179.25,23181.75,194,2.5,2,0,0.5,1,-3.9,-35.5,26.31666667,25.91
MNQ SEP25,20s,20,5966,2025-07-23 10:49:00,23183.75,23183.75,23178.5,23181.75,564,5.25,2,0,3.25,-1,-181.4,-3.85,-21.6,-27.28
MNQ SEP25,1s,1,5341,2025-07-23 10:49:01,23182,23182.5,23181.5,23182,33,1,0,0.5,0.5,0,,,,
MNQ SEP25,1s,1,5342,2025-07-23 10:49:02,23181.75,23182.25,23181.75,23182,16,0.5,0.25,0.25,0,1,,,,
MNQ SEP25,1s,1,5343,2025-07-23 10:49:03,23182,23182.25,23181.25,23181.5,16,1,0.5,0.25,0.25,-1,,,,
MNQ SEP25,1s,1,5344,2025-07-23 10:49:04,23181.25,23182.25,23181.25,23181.75,47,1,0.5,0.5,0,1,,,,
MNQ SEP25,1s,1,5345,2025-07-23 10:49:05,23182,23183.25,23181.75,23182.25,99,1.5,0.25,1,0.25,1,,,,
MNQ SEP25,1s,1,5346,2025-07-23 10:49:06,23182,23182.5,23181.75,23181.75,15,0.75,0.25,0.5,0,-1,,,,
MNQ SEP25,1s,1,5347,2025-07-23 10:49:07,23181.75,23181.75,23180.5,23181,15,1.25,0.75,0,0.5,-1,,,,
MNQ SEP25,1s,1,5348,2025-07-23 10:49:08,23181.5,23182.5,23181.25,23182.5,14,1.25,1,0,0.25,1,,,,
MNQ SEP25,1s,1,5349,2025-07-23 10:49:09,23182,23182.25,23181.25,23181.75,10,1,0.25,0.25,0.5,-1,,,,
MNQ SEP25,1s,1,5350,2025-07-23 10:49:10,23181.25,23181.5,23180.75,23181.5,25,0.75,0.25,0,0.5,1,,,,
MNQ SEP25,10s,10,5934,2025-07-23 10:49:10,23182,23183.25,23180.5,23181.5,290,2.75,0.5,1.25,1,-1,9.6,13.5,9.65,27.23
MNQ SEP25,1s,1,5351,2025-07-23 10:49:11,23181.5,23182,23181.5,23182,11,0.5,0.5,0,0,1,,,,
MNQ SEP25,1s,1,5352,2025-07-23 10:49:12,23181,23181.25,23181,23181.25,2,0.25,0.25,0,0,1,,,,
MNQ SEP25,1s,1,5353,2025-07-23 10:49:13,23181.25,23181.75,23180.75,23181.5,42,1,0.25,0.25,0.5,1,,,,
MNQ SEP25,1s,1,5354,2025-07-23 10:49:14,23181.5,23181.5,23180.75,23181.25,7,0.75,0.25,0,0.5,-1,,,,
MNQ SEP25,1s,1,5355,2025-07-23 10:49:15,23181.5,23181.5,23180.5,23180.75,57,1,0.75,0,0.25,-1,,,,
MNQ SEP25,1s,1,5356,2025-07-23 10:49:16,23180.5,23180.5,23180,23180,18,0.5,0.5,0,0,-1,,,,
MNQ SEP25,1s,1,5357,2025-07-23 10:49:17,23179.75,23180,23179.5,23180,22,0.5,0.25,0,0.25,1,,,,
MNQ SEP25,1s,1,5358,2025-07-23 10:49:18,23180,23181.25,23179.75,23181.25,17,1.5,1.25,0,0.25,1,,,,
MNQ SEP25,1s,1,5359,2025-07-23 10:49:19,23181.5,23181.5,23180.5,23180.75,5,1,0.75,0,0.25,-1,,,,
MNQ SEP25,1s,1,5360,2025-07-23 10:49:20,23180.5,23180.75,23180.5,23180.75,13,0.25,0.25,0,0,1,,,,
MNQ SEP25,10s,10,5935,2025-07-23 10:49:20,23181.5,23182,23179.5,23180.75,194,2.5,0.75,0.5,1.25,-1,10.75,1.15,-6.95,18.72
MNQ SEP25,20s,20,5967,2025-07-23 10:49:20,23182,23183.25,23179.5,23180.75,484,3.75,1.25,1.25,1.25,-1,-122.75,58.65,27.08333333,-15.13
MNQ SEP25,1s,1,5361,2025-07-23 10:49:21,23181,23182,23181,23182,11,1,1,0,0,1,,,,
MNQ SEP25,1s,1,5362,2025-07-23 10:49:22,23181.5,23181.75,23181.5,23181.75,8,0.25,0.25,0,0,1,,,,
MNQ SEP25,1s,1,5363,2025-07-23 10:49:23,23181.75,23181.75,23181.75,23181.75,5,0,0,0,0,0,,,,
MNQ SEP25,1s,1,5364,2025-07-23 10:49:24,23181.5,23182.25,23181.5,23182,13,0.75,0.5,0.25,0,1,,,,
MNQ SEP25,1s,1,5365,2025-07-23 10:49:25,23181.75,23181.75,23180.25,23180.25,44,1.5,1.5,0,0,-1,,,,
MNQ SEP25,1s,1,5366,2025-07-23 10:49:26,23180.75,23181,23179.75,23180.25,9,1.25,0.5,0.25,0.5,-1,,,,
MNQ SEP25,1s,1,5367,2025-07-23 10:49:27,23180.25,23180.75,23180,23180.75,22,0.75,0.5,0,0.25,1,,,,
MNQ SEP25,1s,1,5368,2025-07-23 10:49:28,23180.25,23180.5,23180,23180.25,21,0.5,0,0.25,0.25,0,,,,
MNQ SEP25,1s,1,5369,2025-07-23 10:49:29,23179.75,23180.25,23179.5,23180.25,26,0.75,0.5,0,0.25,1,,,,
MNQ SEP25,1s,1,5370,2025-07-23 10:49:30,23180.25,23180.25,23179.5,23179.5,8,0.75,0.75,0,0,-1,,,,
MNQ SEP25,10s,10,5936,2025-07-23 10:49:30,23181,23182.25,23179.5,23179.5,167,2.75,1.5,1.25,0,-1,-61,-71.75,-19.03333333,-8.33
MNQ SEP25,1s,1,5371,2025-07-23 10:49:31,23179.75,23180.25,23179.75,23180.25,7,0.5,0.5,0,0,1,,,,
MNQ SEP25,1s,1,5372,2025-07-23 10:49:32,23180,23180.25,23179.75,23180.25,10,0.5,0.25,0,0.25,1,,,,
MNQ SEP25,1s,1,5373,2025-07-23 10:49:33,23180.5,23181.25,23179,23181.25,69,2.25,0.75,0,1.5,1,,,,
MNQ SEP25,1s,1,5374,2025-07-23 10:49:34,23180.25,23181,23180.25,23181,14,0.75,0.75,0,0,1,,,,
MNQ SEP25,1s,1,5375,2025-07-23 10:49:35,23180.5,23180.75,23180,23180.75,11,0.75,0.25,0,0.5,1,,,,
MNQ SEP25,1s,1,5376,2025-07-23 10:49:36,23181,23181.5,23181,23181.5,8,0.5,0.5,0,0,1,,,,
MNQ SEP25,1s,1,5377,2025-07-23 10:49:37,23181.5,23181.5,23180.75,23181.25,12,0.75,0.25,0,0.5,-1,,,,
MNQ SEP25,1s,1,5378,2025-07-23 10:49:38,23180.5,23180.5,23180.5,23180.5,1,0,0,0,0,0,,,,
MNQ SEP25,1s,1,5379,2025-07-23 10:49:39,23180.5,23180.5,23180.25,23180.25,9,0.25,0.25,0,0,-1,,,,
MNQ SEP25,1s,1,5380,2025-07-23 10:49:40,23180.25,23180.75,23180.25,23180.75,8,0.5,0.5,0,0,1,,,,
MNQ SEP25,10s,10,5937,2025-07-23 10:49:40,23179.75,23181.5,23179,23180.75,149,2.5,1,0.75,0.75,1,-94.25,-33.25,-34.61666667,-25.17
MNQ SEP25,20s,20,5968,2025-07-23 10:49:40,23181,23182.25,23179,23180.75,316,3.25,0.25,1.25,1.75,-1,-70.9,51.85,35.55,9.14
MNQ SEP25,1s,1,5381,2025-07-23 10:49:41,23181,23181.25,23181,23181.25,12,0.25,0.25,0,0,1,,,,
MNQ SEP25,1s,1,5382,2025-07-23 10:49:42,23180.5,23180.5,23180.5,23180.5,1,0,0,0,0,0,,,,
MNQ SEP25,1s,1,5383,2025-07-23 10:49:43,23181,23181,23181,23181,1,0,0,0,0,0,,,,
MNQ SEP25,1s,1,5384,2025-07-23 10:49:44,23181,23181.25,23181,23181,17,0.25,0,0.25,0,0,,,,
MNQ SEP25,1s,1,5385,2025-07-23 10:49:45,23180.75,23181.25,23180.5,23180.5,12,0.75,0.25,0.5,0,-1,,,,
MNQ SEP25,1s,1,5386,2025-07-23 10:49:46,23180.75,23181,23180.5,23181,6,0.5,0.25,0,0.25,1,,,,
MNQ SEP25,1s,1,5387,2025-07-23 10:49:47,23181,23181.25,23180.75,23180.75,8,0.5,0.25,0.25,0,-1,,,,
MNQ SEP25,1s,1,5388,2025-07-23 10:49:48,23180.5,23180.75,23180.5,23180.75,5,0.25,0.25,0,0,1,,,,
MNQ SEP25,1s,1,5389,2025-07-23 10:49:49,23180.25,23180.25,23179.5,23179.75,19,0.75,0.5,0,0.25,-1,,,,
MNQ SEP25,1s,1,5390,2025-07-23 10:49:50,23180,23180.25,23179.75,23180.25,6,0.5,0.25,0,0.25,1,,,,
MNQ SEP25,10s,10,5938,2025-07-23 10:49:50,23181,23181.25,23179.5,23180.25,87,1.75,0.75,0.25,0.75,-1,-104.25,-10,-38.33333333,-20.07
MNQ SEP25,1s,1,5391,2025-07-23 10:49:51,23180.5,23180.75,23180.5,23180.75,19,0.25,0.25,0,0,1,,,,
MNQ SEP25,1s,1,5392,2025-07-23 10:49:52,23180.75,23181,23180.5,23181,51,0.5,0.25,0,0.25,1,,,,
MNQ SEP25,1s,1,5393,2025-07-23 10:49:53,23180.75,23181.75,23180.5,23181.75,14,1.25,1,0,0.25,1,,,,
MNQ SEP25,1s,1,5394,2025-07-23 10:49:54,23182,23182.25,23182,23182,15,0.25,0,0.25,0,0,,,,
MNQ SEP25,1s,1,5395,2025-07-23 10:49:55,23182,23182.25,23182,23182,17,0.25,0,0.25,0,0,,,,
MNQ SEP25,1s,1,5396,2025-07-23 10:49:56,23181.75,23182,23181.75,23181.75,6,0.25,0,0.25,0,0,,,,
MNQ SEP25,1s,1,5397,2025-07-23 10:49:58,23181,23182.75,23181,23182.75,38,1.75,1.75,0,0,1,,,,
MNQ SEP25,1s,1,5398,2025-07-23 10:49:59,23182.5,23182.75,23182,23182.75,22,0.75,0.25,0,0.5,1,,,,
MNQ SEP25,1s,1,5399,2025-07-23 10:50:00,23182.5,23183.75,23182.25,23183.5,50,1.5,1,0.25,0.25,1,,,,
MNQ SEP25,10s,10,5939,2025-07-23 10:50:00,23180.5,23183.75,23180.5,23183.5,232,3.25,3,0.25,0,1,-87.75,16.5,-8.91666667,-19.47
MNQ SEP25,20s,20,5969,2025-07-23 10:50:00,23181,23183.75,23179.5,23183.5,319,4.25,2.5,0.25,1.5,1,-105.4,-34.5,25.33333333,19.72
MNQ SEP25,1s,1,5400,2025-07-23 10:50:01,23183.25,23184.5,23182.75,23184.5,42,1.75,1.25,0,0.5,1,,,,
MNQ SEP25,1s,1,5401,2025-07-23 10:50:02,23184,23184.5,23183.75,23184.25,21,0.75,0.25,0.25,0.25,1,,,,
MNQ SEP25,1s,1,5402,2025-07-23 10:50:03,23184.5,23185,23184.25,23185,91,0.75,0.5,0,0.25,1,,,,
MNQ SEP25,1s,1,5403,2025-07-23 10:50:04,23184.75,23184.75,23183,23183.75,69,1.75,1,0,0.75,-1,,,,
MNQ SEP25,1s,1,5404,2025-07-23 10:50:05,23183.5,23184,23183.25,23183.25,28,0.75,0.25,0.5,0,-1,,,,
MNQ SEP25,1s,1,5405,2025-07-23 10:50:06,23183.25,23183.5,23182.75,23183.25,38,0.75,0,0.25,0.5,0,,,,
MNQ SEP25,1s,1,5406,2025-07-23 10:50:07,23182.75,23183.25,23182.25,23182.25,34,1,0.5,0.5,0,-1,,,,
MNQ SEP25,1s,1,5407,2025-07-23 10:50:08,23182.5,23183.75,23182.5,23183,26,1.25,0.5,0.75,0,1,,,,
MNQ SEP25,1s,1,5408,2025-07-23 10:50:09,23183,23183.25,23182.5,23183,23,0.75,0,0.25,0.5,0,,,,
MNQ SEP25,1s,1,5409,2025-07-23 10:50:10,23183.75,23183.75,23183.25,23183.25,19,0.5,0.5,0,0,-1,,,,
MNQ SEP25,10s,10,5940,2025-07-23 10:50:10,23183.25,23185,23182.25,23183.25,391,2.75,0,1.75,1,0,-48.65,39.1,15.2,-11.88
MNQ SEP25,1s,1,5410,2025-07-23 10:50:11,23183.25,23184.5,23183.25,23184.25,37,1.25,1,0.25,0,1,,,,
MNQ SEP25,1s,1,5411,2025-07-23 10:50:12,23184.25,23184.5,23184,23184.25,23,0.5,0,0.25,0.25,0,,,,
MNQ SEP25,1s,1,5412,2025-07-23 10:50:13,23184,23184.5,23184,23184.25,19,0.5,0.25,0.25,0,1,,,,
MNQ SEP25,1s,1,5413,2025-07-23 10:50:14,23184,23184.25,23183.5,23184,12,0.75,0,0.25,0.5,0,,,,
MNQ SEP25,1s,1,5414,2025-07-23 10:50:15,23183.75,23184.25,23183.25,23184.25,9,1,0.5,0,0.5,1,,,,
MNQ SEP25,1s,1,5415,2025-07-23 10:50:16,23184,23184.25,23183.5,23184,12,0.75,0,0.25,0.5,0,,,,
MNQ SEP25,1s,1,5416,2025-07-23 10:50:17,23183.5,23183.5,23182.5,23182.5,13,1,1,0,0,-1,,,,
MNQ SEP25,1s,1,5417,2025-07-23 10:50:18,23182.25,23182.5,23181.5,23181.5,20,1,0.75,0.25,0,-1,,,,
MNQ SEP25,1s,1,5418,2025-07-23 10:50:19,23181,23181.75,23180.75,23181,36,1,0,0.75,0.25,0,,,,
MNQ SEP25,1s,1,5419,2025-07-23 10:50:20,23181,23181.5,23180.5,23181,24,1,0,0.5,0.5,0,,,,
MNQ SEP25,10s,10,5941,2025-07-23 10:50:20,23183.25,23184.5,23180.5,23181,205,4,2.25,1.25,0.5,-1,-42.9,5.75,20.45,3.62
MNQ SEP25,20s,20,5970,2025-07-23 10:50:20,23183.25,23185,23180.5,23181,596,4.5,2.25,1.75,0.5,-1,-138.15,-32.75,-5.13333333,7.88
MNQ SEP25,1s,1,5420,2025-07-23 10:50:21,23180.5,23180.75,23179.5,23180.5,49,1.25,0,0.25,1,0,,,,
MNQ SEP25,1s,1,5421,2025-07-23 10:50:22,23179.75,23179.75,23179,23179,44,0.75,0.75,0,0,-1,,,,
MNQ SEP25,1s,1,5422,2025-07-23 10:50:23,23179.75,23180.25,23179.75,23180,27,0.5,0.25,0.25,0,1,,,,
MNQ SEP25,1s,1,5423,2025-07-23 10:50:24,23179.75,23180.25,23178.5,23178.75,60,1.75,1,0.5,0.25,-1,,,,
MNQ SEP25,1s,1,5424,2025-07-23 10:50:25,23178.25,23178.5,23177.25,23177.5,91,1.25,0.75,0.25,0.25,-1,,,,
MNQ SEP25,1s,1,5425,2025-07-23 10:50:26,23178,23179,23177.5,23178.75,114,1.5,0.75,0.25,0.5,1,,,,
MNQ SEP25,1s,1,5426,2025-07-23 10:50:27,23178.75,23178.75,23177.5,23178,54,1.25,0.75,0,0.5,-1,,,,
MNQ SEP25,1s,1,5427,2025-07-23 10:50:28,23177,23177.75,23176.75,23177.25,96,1,0.25,0.5,0.25,1,,,,
MNQ SEP25,1s,1,5428,2025-07-23 10:50:29,23177.5,23178.25,23176.75,23177.5,56,1.5,0,0.75,0.75,0,,,,
MNQ SEP25,1s,1,5429,2025-07-23 10:50:30,23177.5,23178.25,23177,23177,77,1.25,0.5,0.75,0,-1,,,,
MNQ SEP25,10s,10,5942,2025-07-23 10:50:30,23180.5,23180.75,23176.75,23177,668,4,3.5,0.25,0.25,-1,57.85,100.75,48.53333333,30.42
MNQ SEP25,1s,1,5430,2025-07-23 10:50:31,23177,23179,23177,23179,41,2,2,0,0,1,,,,
MNQ SEP25,1s,1,5431,2025-07-23 10:50:32,23178.75,23180.5,23178.5,23180.5,34,2,1.75,0,0.25,1,,,,
MNQ SEP25,1s,1,5432,2025-07-23 10:50:33,23180,23181.25,23180,23180.75,33,1.25,0.75,0.5,0,1,,,,
MNQ SEP25,1s,1,5433,2025-07-23 10:50:34,23181,23181.75,23181,23181.25,43,0.75,0.25,0.5,0,1,,,,
MNQ SEP25,1s,1,5434,2025-07-23 10:50:35,23181.5,23181.75,23181.25,23181.25,12,0.5,0.25,0.25,0,-1,,,,
MNQ SEP25,1s,1,5435,2025-07-23 10:50:36,23181.5,23181.75,23181.5,23181.75,6,0.25,0.25,0,0,1,,,,
MNQ SEP25,1s,1,5436,2025-07-23 10:50:37,23181.75,23183,23181.75,23183,35,1.25,1.25,0,0,1,,,,
MNQ SEP25,1s,1,5437,2025-07-23 10:50:38,23182.5,23183.75,23182.5,23183.25,16,1.25,0.75,0.5,0,1,,,,
MNQ SEP25,1s,1,5438,2025-07-23 10:50:39,23183.75,23185,23183.5,23184.75,57,1.5,1,0.25,0.25,1,,,,
MNQ SEP25,1s,1,5439,2025-07-23 10:50:40,23184.5,23184.75,23183.75,23183.75,44,1,0.75,0.25,0,-1,,,,
MNQ SEP25,10s,10,5943,2025-07-23 10:50:40,23177,23185,23177,23183.75,321,8,6.75,1.25,0,1,99.05,41.2,49.23333333,40.66
MNQ SEP25,20s,20,5971,2025-07-23 10:50:40,23180.5,23185,23176.75,23183.75,989,8.25,3.25,1.25,3.75,1,-79.35,58.8,-2.81666667,20.41
MNQ SEP25,1s,1,5440,2025-07-23 10:50:41,23184.5,23184.5,23183.75,23184,10,0.75,0.5,0,0.25,-1,,,,
MNQ SEP25,1s,1,5441,2025-07-23 10:50:42,23184,23185,23184,23185,30,1,1,0,0,1,,,,
MNQ SEP25,1s,1,5442,2025-07-23 10:50:43,23185,23185.25,23184.75,23185,33,0.5,0,0.25,0.25,0,,,,
MNQ SEP25,1s,1,5443,2025-07-23 10:50:44,23184.75,23185.25,23184.75,23185.25,20,0.5,0.5,0,0,1,,,,
MNQ SEP25,1s,1,5444,2025-07-23 10:50:45,23185.25,23185.5,23185,23185.25,56,0.5,0,0.25,0.25,0,,,,
MNQ SEP25,1s,1,5445,2025-07-23 10:50:46,23185.5,23185.75,23185,23185.5,46,0.75,0,0.25,0.5,0,,,,
MNQ SEP25,1s,1,5446,2025-07-23 10:50:47,23185.5,23186.25,23185,23186.25,88,1.25,0.75,0,0.5,1,,,,
MNQ SEP25,1s,1,5447,2025-07-23 10:50:48,23186.25,23186.75,23186,23186.75,54,0.75,0.5,0,0.25,1,,,,
MNQ SEP25,1s,1,5448,2025-07-23 10:50:49,23186.75,23186.75,23185.75,23186.5,71,1,0.25,0,0.75,-1,,,,
MNQ SEP25,1s,1,5449,2025-07-23 10:50:50,23187,23187,23186.5,23186.75,82,0.5,0.25,0,0.25,-1,,,,
MNQ SEP25,10s,10,5944,2025-07-23 10:50:50,23184.5,23187,23183.75,23186.75,490,3.25,2.25,0.25,0.75,1,135.8,36.75,59.56666667,44.71
MNQ SEP25,1s,1,5450,2025-07-23 10:50:51,23186.75,23186.75,23185.25,23185.25,61,1.5,1.5,0,0,-1,,,,
MNQ SEP25,1s,1,5451,2025-07-23 10:50:52,23185.25,23185.75,23184.25,23184.25,43,1.5,1,0.5,0,-1,,,,
MNQ SEP25,1s,1,5452,2025-07-23 10:50:53,23184.5,23184.75,23184,23184,34,0.75,0.5,0.25,0,-1,,,,
MNQ SEP25,1s,1,5453,2025-07-23 10:50:54,23184.25,23184.5,23183.5,23184,31,1,0.25,0.25,0.5,-1,,,,
MNQ SEP25,1s,1,5454,2025-07-23 10:50:55,23183.75,23185,23183.75,23185,28,1.25,1.25,0,0,1,,,,
MNQ SEP25,1s,1,5455,2025-07-23 10:50:56,23184.5,23184.5,23183.5,23183.5,23,1,1,0,0,-1,,,,
MNQ SEP25,1s,1,5456,2025-07-23 10:50:57,23184,23184.25,23183.75,23183.75,25,0.5,0.25,0.25,0,-1,,,,
MNQ SEP25,1s,1,5457,2025-07-23 10:50:58,23183.75,23184.5,23183.75,23184,9,0.75,0.25,0.5,0,1,,,,
MNQ SEP25,1s,1,5458,2025-07-23 10:50:59,23183.75,23183.75,23183.25,23183.5,25,0.5,0.25,0,0.25,-1,,,,
MNQ SEP25,1s,1,5459,2025-07-23 10:51:00,23184,23184,23183.5,23183.5,4,0.5,0.5,0,0,-1,,,,
MNQ SEP25,10s,10,5945,2025-07-23 10:51:00,23186.75,23186.75,23183.25,23183.5,283,3.5,3.25,0,0.25,-1,105.25,-30.55,15.8,30.78
MNQ SEP25,20s,20,5972,2025-07-23 10:51:00,23184.5,23187,23183.25,23183.5,773,3.75,1,2.5,0.25,-1,-40.45,38.9,21.65,16.46
MNQ SEP25,1s,1,5460,2025-07-23 10:51:01,23184,23184.75,23183.5,23183.75,89,1.25,0.25,0.75,0.25,-1,,,,
MNQ SEP25,1s,1,5461,2025-07-23 10:51:02,23183.25,23185.5,23183,23185.5,43,2.5,2.25,0,0.25,1,,,,
MNQ SEP25,1s,1,5462,2025-07-23 10:51:03,23185.75,23186,23185.25,23185.5,35,0.75,0.25,0.25,0.25,-1,,,,
MNQ SEP25,1s,1,5463,2025-07-23 10:51:04,23185.5,23186,23185.25,23186,28,0.75,0.5,0,0.25,1,,,,
MNQ SEP25,1s,1,5464,2025-07-23 10:51:05,23186,23187.5,23186,23186.5,55,1.5,0.5,1,0,1,,,,
MNQ SEP25,1s,1,5465,2025-07-23 10:51:06,23187,23187,23186,23186.75,38,1,0.25,0,0.75,-1,,,,
MNQ SEP25,1s,1,5466,2025-07-23 10:51:07,23186,23187.25,23186,23186.25,31,1.25,0.25,1,0,1,,,,
MNQ SEP25,1s,1,5467,2025-07-23 10:51:08,23186.5,23187,23185.75,23185.75,31,1.25,0.75,0.5,0,-1,,,,
MNQ SEP25,1s,1,5468,2025-07-23 10:51:09,23186,23186.5,23185.75,23186,11,0.75,0,0.5,0.25,0,,,,
MNQ SEP25,1s,1,5469,2025-07-23 10:51:10,23186,23186.5,23185.75,23185.75,14,0.75,0.25,0.5,0,-1,,,,
MNQ SEP25,10s,10,5946,2025-07-23 10:51:10,23184,23187.5,23183,23185.75,375,4.5,1.75,1.75,1,1,130.45,25.2,10.46666667,34.67
MNQ SEP25,1s,1,5470,2025-07-23 10:51:11,23185.75,23186.5,23185.75,23186.5,31,0.75,0.75,0,0,1,,,,
MNQ SEP25,1s,1,5471,2025-07-23 10:51:12,23187,23187,23186,23186.25,32,1,0.75,0,0.25,-1,,,,
MNQ SEP25,1s,1,5472,2025-07-23 10:51:13,23186.5,23186.5,23185.5,23185.5,26,1,1,0,0,-1,,,,
MNQ SEP25,1s,1,5473,2025-07-23 10:51:14,23185.75,23186.25,23185.75,23185.75,16,0.5,0,0.5,0,0,,,,
MNQ SEP25,1s,1,5474,2025-07-23 10:51:15,23186,23186.25,23184.5,23184.5,31,1.75,1.5,0.25,0,-1,,,,
MNQ SEP25,1s,1,5475,2025-07-23 10:51:16,23184.25,23185,23184,23184.5,34,1,0.25,0.5,0.25,1,,,,
MNQ SEP25,1s,1,5476,2025-07-23 10:51:17,23184.5,23185,23184.5,23184.75,16,0.5,0.25,0.25,0,1,,,,
MNQ SEP25,1s,1,5477,2025-07-23 10:51:18,23184.75,23185.75,23184.75,23185.25,11,1,0.5,0.5,0,1,,,,
MNQ SEP25,1s,1,5478,2025-07-23 10:51:19,23185.25,23185.25,23184.75,23185,13,0.5,0.25,0,0.25,-1,,,,
MNQ SEP25,1s,1,5479,2025-07-23 10:51:20,23185.5,23186.5,23185.5,23186.25,17,1,0.75,0.25,0,1,,,,
MNQ SEP25,10s,10,5947,2025-07-23 10:51:20,23185.75,23187,23184,23186.25,227,3,0.5,0.75,1.75,1,36.6,-93.85,-33.06666667,-4.25
MNQ SEP25,20s,20,5973,2025-07-23 10:51:20,23184,23187.5,23183,23186.25,602,4.5,2.25,1.25,1,1,5.9,46.35,48.01666667,15.36
MNQ SEP25,1s,1,5480,2025-07-23 10:51:21,23186.5,23188,23186.5,23187.25,100,1.5,0.75,0.75,0,1,,,,
MNQ SEP25,1s,1,5481,2025-07-23 10:51:22,23187.25,23188.5,23187.25,23187.75,83,1.25,0.5,0.75,0,1,,,,
MNQ SEP25,1s,1,5482,2025-07-23 10:51:23,23188,23188.25,23187.25,23187.25,46,1,0.75,0.25,0,-1,,,,
MNQ SEP25,1s,1,5483,2025-07-23 10:51:24,23187.5,23187.5,23187,23187.5,24,0.5,0,0,0.5,0,,,,
MNQ SEP25,1s,1,5484,2025-07-23 10:51:25,23187,23187.5,23186.5,23187,28,1,0,0.5,0.5,0,,,,
MNQ SEP25,1s,1,5485,2025-07-23 10:51:26,23186.5,23187,23185.5,23186,43,1.5,0.5,0.5,0.5,-1,,,,
MNQ SEP25,1s,1,5486,2025-07-23 10:51:27,23185.75,23186,23185.5,23186,9,0.5,0.25,0,0.25,1,,,,
MNQ SEP25,1s,1,5487,2025-07-23 10:51:28,23185.5,23186.5,23185.5,23186,28,1,0.5,0.5,0,1,,,,
MNQ SEP25,1s,1,5488,2025-07-23 10:51:29,23186,23186.75,23186,23186.75,8,0.75,0.75,0,0,1,,,,
MNQ SEP25,1s,1,5489,2025-07-23 10:51:30,23187,23187,23186.5,23186.75,4,0.5,0.25,0,0.25,-1,,,,
MNQ SEP25,10s,10,5948,2025-07-23 10:51:30,23186.5,23188.5,23185.5,23186.75,373,3,0.25,1.75,1,1,50.95,14.35,-18.1,-9.62
MNQ SEP25,1s,1,5490,2025-07-23 10:51:31,23186.5,23187.25,23186.5,23187.25,12,0.75,0.75,0,0,1,,,,
MNQ SEP25,1s,1,5491,2025-07-23 10:51:32,23187.25,23188.25,23187,23188.25,26,1.25,1,0,0.25,1,,,,
MNQ SEP25,1s,1,5492,2025-07-23 10:51:33,23188.25,23189,23188.25,23189,63,0.75,0.75,0,0,1,,,,
MNQ SEP25,1s,1,5493,2025-07-23 10:51:34,23189,23190,23188.75,23189.5,174,1.25,0.5,0.5,0.25,1,,,,
MNQ SEP25,1s,1,5494,2025-07-23 10:51:35,23189,23189.5,23188.75,23188.75,22,0.75,0.25,0.5,0,-1,,,,
MNQ SEP25,1s,1,5495,2025-07-23 10:51:36,23188.5,23191.5,23188.5,23191,310,3,2.5,0.5,0,1,,,,
MNQ SEP25,1s,1,5496,2025-07-23 10:51:37,23190.75,23192,23190.75,23192,84,1.25,1.25,0,0,1,,,,
MNQ SEP25,1s,1,5497,2025-07-23 10:51:38,23191.75,23192.5,23191.5,23192,126,1,0.25,0.5,0.25,1,,,,
MNQ SEP25,1s,1,5498,2025-07-23 10:51:39,23192.25,23192.75,23191.75,23192.25,91,1,0,0.5,0.5,0,,,,
MNQ SEP25,1s,1,5499,2025-07-23 10:51:40,23192.5,23193,23192,23192.75,99,1,0.25,0.25,0.5,1,,,,
MNQ SEP25,10s,10,5949,2025-07-23 10:51:40,23186.5,23193,23186.5,23192.75,1007,6.5,6.25,0.25,0,1,114.4,63.45,-5.35,-4.28
MNQ SEP25,20s,20,5974,2025-07-23 10:51:40,23186.5,23193,23185.5,23192.75,1380,7.5,6.25,0.25,1,1,187.45,181.55,88.93333333,58.57
MNQ SEP25,1s,1,5500,2025-07-23 10:51:41,23192.75,23193,23192.25,23193,54,0.75,0.25,0,0.5,1,,,,
MNQ SEP25,1s,1,5501,2025-07-23 10:51:42,23192.5,23193.25,23192.5,23192.75,50,0.75,0.25,0.5,0,1,,,,
MNQ SEP25,1s,1,5502,2025-07-23 10:51:43,23192.75,23193,23192.25,23192.75,50,0.75,0,0.25,0.5,0,,,,
MNQ SEP25,1s,1,5503,2025-07-23 10:51:44,23192.5,23192.75,23192,23192.5,78,0.75,0,0.25,0.5,0,,,,
MNQ SEP25,1s,1,5504,2025-07-23 10:51:45,23192.75,23193,23191.75,23192.25,55,1.25,0.5,0.25,0.5,-1,,,,
MNQ SEP25,1s,1,5505,2025-07-23 10:51:46,23191.5,23191.75,23190.75,23190.75,54,1,0.75,0.25,0,-1,,,,
MNQ SEP25,1s,1,5506,2025-07-23 10:51:47,23190.75,23191,23190.25,23190.5,44,0.75,0.25,0.25,0.25,-1,,,,
MNQ SEP25,1s,1,5507,2025-07-23 10:51:48,23190.75,23191.25,23189.75,23189.75,53,1.5,1,0.5,0,-1,,,,
MNQ SEP25,1s,1,5508,2025-07-23 10:51:49,23190.5,23191.75,23190.5,23191.5,47,1.25,1,0.25,0,1,,,,
MNQ SEP25,1s,1,5509,2025-07-23 10:51:50,23191.75,23192,23190.75,23190.75,27,1.25,1,0.25,0,-1,,,,
MNQ SEP25,10s,10,5950,2025-07-23 10:51:50,23192.75,23193.25,23189.75,23190.75,512,3.5,2,0.5,1,-1,143.9,29.5,35.76666667,7.73
MNQ SEP25,1s,1,5510,2025-07-23 10:51:51,23191.25,23191.75,23190.75,23191.75,18,1,0.5,0,0.5,1,,,,
MNQ SEP25,1s,1,5511,2025-07-23 10:51:52,23191.5,23192.5,23191.25,23192.25,45,1.25,0.75,0.25,0.25,1,,,,
MNQ SEP25,1s,1,5512,2025-07-23 10:51:53,23192,23192.5,23191,23191,28,1.5,1,0.5,0,-1,,,,
MNQ SEP25,1s,1,5513,2025-07-23 10:51:54,23191.5,23191.75,23191.25,23191.75,21,0.5,0.25,0,0.25,1,,,,
MNQ SEP25,1s,1,5514,2025-07-23 10:51:55,23191.75,23192.25,23191.25,23191.25,26,1,0.5,0.5,0,-1,,,,
MNQ SEP25,1s,1,5515,2025-07-23 10:51:56,23191.5,23191.75,23191.25,23191.75,14,0.5,0.25,0,0.25,1,,,,
MNQ SEP25,1s,1,5516,2025-07-23 10:51:57,23191.75,23192,23191.25,23191.5,29,0.75,0.25,0.25,0.25,-1,,,,
MNQ SEP25,1s,1,5517,2025-07-23 10:51:58,23191.25,23191.75,23191.25,23191.25,20,0.5,0,0.5,0,0,,,,
MNQ SEP25,1s,1,5518,2025-07-23 10:51:59,23191.75,23192,23191.25,23191.25,29,0.75,0.5,0.25,0,-1,,,,
MNQ SEP25,1s,1,5519,2025-07-23 10:52:00,23191.25,23191.75,23191.25,23191.75,20,0.5,0.5,0,0,1,,,,
MNQ SEP25,10s,10,5951,2025-07-23 10:52:00,23191.25,23192.5,23190.75,23191.75,250,1.75,0.5,0.75,0.5,1,134.55,-9.35,27.86666667,0.82
MNQ SEP25,20s,20,5975,2025-07-23 10:52:00,23192.75,23193.25,23189.75,23191.75,762,3.5,1,0.5,2,-1,238,50.55,92.81666667,75.23
MNQ SEP25,1s,1,5520,2025-07-23 10:52:01,23191.5,23193,23191.5,23192.5,114,1.5,1,0.5,0,1,,,,
MNQ SEP25,1s,1,5521,2025-07-23 10:52:02,23192.75,23192.75,23192,23192.75,55,0.75,0,0,0.75,0,,,,
MNQ SEP25,1s,1,5522,2025-07-23 10:52:03,23192.25,23192.75,23192.25,23192.25,31,0.5,0,0.5,0,0,,,,
MNQ SEP25,1s,1,5523,2025-07-23 10:52:04,23192.5,23192.75,23192,23192.25,39,0.75,0.25,0.25,0.25,-1,,,,
MNQ SEP25,1s,1,5524,2025-07-23 10:52:05,23192,23192.25,23191.5,23192,24,0.75,0,0.25,0.5,0,,,,
MNQ SEP25,1s,1,5525,2025-07-23 10:52:06,23191.5,23192,23191,23191,54,1,0.5,0.5,0,-1,,,,
MNQ SEP25,1s,1,5526,2025-07-23 10:52:07,23190.5,23191.25,23190,23190.25,52,1.25,0.25,0.75,0.25,-1,,,,
MNQ SEP25,1s,1,5527,2025-07-23 10:52:08,23190.25,23190.5,23189.5,23190.25,66,1,0,0.25,0.75,0,,,,
MNQ SEP25,1s,1,5528,2025-07-23 10:52:09,23189.75,23190.5,23189.25,23189.75,79,1.25,0,0.75,0.5,0,,,,
MNQ SEP25,1s,1,5529,2025-07-23 10:52:10,23189.5,23190,23189,23189.5,50,1,0,0.5,0.5,0,,,,
MNQ SEP25,10s,10,5952,2025-07-23 10:52:10,23191.5,23193,23189,23189.5,564,4,2,1.5,0.5,-1,192.25,57.7,25.95,31.13
MNQ SEP25,1s,1,5530,2025-07-23 10:52:11,23189.75,23189.75,23188,23188.75,95,1.75,1,0,0.75,-1,,,,
MNQ SEP25,1s,1,5531,2025-07-23 10:52:12,23189.25,23189.25,23188.25,23188.5,65,1,0.75,0,0.25,-1,,,,
MNQ SEP25,1s,1,5532,2025-07-23 10:52:13,23188.5,23190.75,23188,23190.5,74,2.75,2,0.25,0.5,1,,,,
MNQ SEP25,1s,1,5533,2025-07-23 10:52:14,23190.25,23190.75,23190.25,23190.5,27,0.5,0.25,0.25,0,1,,,,
MNQ SEP25,1s,1,5534,2025-07-23 10:52:15,23190.25,23191,23190,23190.5,22,1,0.25,0.5,0.25,1,,,,
MNQ SEP25,1s,1,5535,2025-07-23 10:52:16,23190.25,23191,23190,23190,20,1,0.25,0.75,0,-1,,,,
MNQ SEP25,1s,1,5536,2025-07-23 10:52:17,23190.5,23192.25,23190.5,23192.25,63,1.75,1.75,0,0,1,,,,
MNQ SEP25,1s,1,5537,2025-07-23 10:52:18,23192.75,23193.25,23191.75,23192.25,111,1.5,0.5,0.5,0.5,-1,,,,
MNQ SEP25,1s,1,5538,2025-07-23 10:52:19,23192,23192,23191.5,23192,12,0.5,0,0,0.5,0,,,,
MNQ SEP25,1s,1,5539,2025-07-23 10:52:20,23191.75,23192,23191.5,23192,8,0.5,0.25,0,0.25,1,,,,
MNQ SEP25,10s,10,5953,2025-07-23 10:52:20,23189.75,23193.25,23188,23192,497,5.25,2.25,1.25,1.75,1,201.9,9.65,19.33333333,30.19
MNQ SEP25,20s,20,5976,2025-07-23 10:52:20,23191.5,23193.25,23188,23192,1061,5.25,0.5,1.25,3.5,1,243.4,5.4,79.16666667,64.55
MNQ SEP25,1s,1,5540,2025-07-23 10:52:21,23191.75,23192,23191.75,23191.75,9,0.25,0,0.25,0,0,,,,
MNQ SEP25,1s,1,5541,2025-07-23 10:52:22,23191.75,23192,23191.75,23191.75,14,0.25,0,0.25,0,0,,,,
MNQ SEP25,1s,1,5542,2025-07-23 10:52:23,23191.5,23191.5,23191,23191,31,0.5,0.5,0,0,-1,,,,
MNQ SEP25,1s,1,5543,2025-07-23 10:52:24,23190.75,23191.25,23190.25,23190.75,25,1,0,0.5,0.5,0,,,,
MNQ SEP25,1s,1,5544,2025-07-23 10:52:25,23190.75,23191.25,23190.25,23190.25,35,1,0.5,0.5,0,-1,,,,
MNQ SEP25,1s,1,5545,2025-07-23 10:52:26,23190.25,23190.25,23189.25,23190,46,1,0.25,0,0.75,-1,,,,
MNQ SEP25,1s,1,5546,2025-07-23 10:52:27,23189.75,23190.75,23189.75,23190.5,25,1,0.75,0.25,0,1,,,,
MNQ SEP25,1s,1,5547,2025-07-23 10:52:28,23190.5,23190.75,23190,23190.75,36,0.75,0.25,0,0.5,1,,,,
MNQ SEP25,1s,1,5548,2025-07-23 10:52:29,23191,23191.25,23190.5,23191,22,0.75,0,0.25,0.5,0,,,,
MNQ SEP25,1s,1,5549,2025-07-23 10:52:30,23190.75,23190.75,23190.25,23190.75,19,0.5,0,0,0.5,0,,,,
MNQ SEP25,10s,10,5954,2025-07-23 10:52:30,23191.75,23192,23189.25,23190.75,262,2.75,1,0.25,1.5,-1,54.3,-147.6,-26.75,-12.02
MNQ SEP25,1s,1,5550,2025-07-23 10:52:31,23190.5,23190.5,23190.5,23190.5,1,0,0,0,0,0,,,,
MNQ SEP25,1s,1,5551,2025-07-23 10:52:32,23190.25,23190.25,23189.25,23189.5,36,1,0.75,0,0.25,-1,,,,
MNQ SEP25,1s,1,5552,2025-07-23 10:52:33,23189.25,23189.25,23188.25,23188.25,66,1,1,0,0,-1,,,,
MNQ SEP25,1s,1,5553,2025-07-23 10:52:34,23188.5,23189.5,23188.5,23189.5,51,1,1,0,0,1,,,,
MNQ SEP25,1s,1,5554,2025-07-23 10:52:35,23189.75,23190.5,23189.5,23190,41,1,0.25,0.5,0.25,1,,,,
MNQ SEP25,1s,1,5555,2025-07-23 10:52:36,23190,23190.25,23189.5,23189.5,11,0.75,0.5,0.25,0,-1,,,,
MNQ SEP25,1s,1,5556,2025-07-23 10:52:37,23189.5,23190,23189.5,23189.5,13,0.5,0,0.5,0,0,,,,
MNQ SEP25,1s,1,5557,2025-07-23 10:52:38,23190,23190.25,23189.5,23189.5,29,0.75,0.5,0.25,0,-1,,,,
MNQ SEP25,1s,1,5558,2025-07-23 10:52:39,23189.25,23190,23189.25,23190,10,0.75,0.75,0,0,1,,,,
MNQ SEP25,1s,1,5559,2025-07-23 10:52:40,23189.5,23190.25,23189.5,23189.5,10,0.75,0,0.75,0,0,,,,
MNQ SEP25,10s,10,5955,2025-07-23 10:52:40,23190.5,23190.5,23188.25,23189.5,268,2.25,1,0,1.25,-1,1.8,-52.5,-63.48333333,-28.42
MNQ SEP25,20s,20,5977,2025-07-23 10:52:40,23191.75,23192,23188.25,23189.5,530,3.75,2.25,0.25,1.25,-1,189.15,-54.25,0.56666667,45.92
MNQ SEP25,1s,1,5560,2025-07-23 10:52:41,23189.75,23191,23189.75,23191,13,1.25,1.25,0,0,1,,,,
MNQ SEP25,1s,1,5561,2025-07-23 10:52:42,23190.75,23191.5,23190.25,23190.5,25,1.25,0.25,0.75,0.25,-1,,,,
MNQ SEP25,1s,1,5562,2025-07-23 10:52:43,23190.5,23190.5,23188.25,23188.25,26,2.25,2.25,0,0,-1,,,,
MNQ SEP25,1s,1,5563,2025-07-23 10:52:44,23188,23188.25,23187.25,23187.5,59,1,0.5,0.25,0.25,-1,,,,
MNQ SEP25,1s,1,5564,2025-07-23 10:52:45,23187.75,23189.25,23187.75,23188,63,1.5,0.25,1.25,0,1,,,,
MNQ SEP25,1s,1,5565,2025-07-23 10:52:46,23188.5,23188.75,23188.25,23188.5,16,0.5,0,0.25,0.25,0,,,,
MNQ SEP25,1s,1,5566,2025-07-23 10:52:47,23188.5,23189,23188,23188.5,32,1,0,0.5,0.5,0,,,,
MNQ SEP25,1s,1,5567,2025-07-23 10:52:48,23188,23188,23186.5,23187.25,47,1.5,0.75,0,0.75,-1,,,,
MNQ SEP25,1s,1,5568,2025-07-23 10:52:49,23186.75,23187.25,23186.5,23186.5,23,0.75,0.25,0.5,0,-1,,,,
MNQ SEP25,1s,1,5569,2025-07-23 10:52:50,23187.5,23187.5,23186.75,23187,21,0.75,0.5,0,0.25,-1,,,,
MNQ SEP25,10s,10,5956,2025-07-23 10:52:50,23189.75,23191.5,23186.5,23187,325,5,2.75,1.75,0.5,-1,8.9,7.1,-64.33333333,-25.13
MNQ SEP25,1s,1,5570,2025-07-23 10:52:51,23186.75,23186.75,23186.5,23186.5,3,0.25,0.25,0,0,-1,,,,
MNQ SEP25,1s,1,5571,2025-07-23 10:52:52,23186.5,23187.25,23186.25,23186.75,19,1,0.25,0.5,0.25,1,,,,
MNQ SEP25,1s,1,5572,2025-07-23 10:52:53,23186.75,23187,23186.5,23186.75,14,0.5,0,0.25,0.25,0,,,,
MNQ SEP25,1s,1,5573,2025-07-23 10:52:54,23186.5,23187,23186.25,23186.25,8,0.75,0.25,0.5,0,-1,,,,
MNQ SEP25,1s,1,5574,2025-07-23 10:52:55,23186.25,23187,23186.25,23187,8,0.75,0.75,0,0,1,,,,
MNQ SEP25,1s,1,5575,2025-07-23 10:52:56,23186.5,23187,23186.5,23186.75,19,0.5,0.25,0.25,0,1,,,,
MNQ SEP25,1s,1,5576,2025-07-23 10:52:57,23187.25,23187.5,23187.25,23187.25,8,0.25,0,0.25,0,0,,,,
MNQ SEP25,1s,1,5577,2025-07-23 10:52:58,23187.25,23187.25,23186.5,23186.5,8,0.75,0.75,0,0,-1,,,,
MNQ SEP25,1s,1,5578,2025-07-23 10:52:59,23187,23187.25,23186.5,23187.25,8,0.75,0.25,0,0.5,1,,,,
MNQ SEP25,1s,1,5579,2025-07-23 10:53:00,23187.25,23187.5,23186.5,23186.5,19,1,0.75,0.25,0,-1,,,,
MNQ SEP25,10s,10,5957,2025-07-23 10:53:00,23186.75,23187.5,23186.25,23186.5,114,1.25,0.25,0.75,0.25,-1,-79.35,-88.25,-44.55,-54.32
MNQ SEP25,20s,20,5978,2025-07-23 10:53:00,23189.75,23191.5,23186.25,23186.5,439,5.25,3.25,1.75,0.25,-1,168.8,-20.35,-23.06666667,32.58
MNQ SEP25,1s,1,5580,2025-07-23 10:53:01,23186.25,23186.75,23185.5,23186.25,141,1.25,0,0.5,0.75,0,,,,
MNQ SEP25,1s,1,5581,2025-07-23 10:53:02,23186.25,23186.75,23185.75,23186.75,15,1,0.5,0,0.5,1,,,,
MNQ SEP25,1s,1,5582,2025-07-23 10:53:03,23186.25,23186.5,23185.5,23186.25,28,1,0,0.25,0.75,0,,,,
MNQ SEP25,1s,1,5583,2025-07-23 10:53:04,23186.75,23187.25,23186.5,23186.75,39,0.75,0,0.5,0.25,0,,,,
MNQ SEP25,1s,1,5584,2025-07-23 10:53:05,23186.25,23186.75,23186,23186.5,14,0.75,0.25,0.25,0.25,1,,,,
MNQ SEP25,1s,1,5585,2025-07-23 10:53:06,23185.75,23186.25,23185.25,23185.5,24,1,0.25,0.5,0.25,-1,,,,
MNQ SEP25,1s,1,5586,2025-07-23 10:53:07,23185.5,23186,23185.25,23185.5,21,0.75,0,0.5,0.25,0,,,,
MNQ SEP25,1s,1,5587,2025-07-23 10:53:08,23186,23186.25,23185.25,23186.25,37,1,0.25,0,0.75,1,,,,
MNQ SEP25,1s,1,5588,2025-07-23 10:53:09,23186.25,23186.5,23185,23186,50,1.5,0.25,0.25,1,-1,,,,
MNQ SEP25,1s,1,5589,2025-07-23 10:53:10,23185.75,23186.5,23185.75,23186.25,25,0.75,0.5,0.25,0,1,,,,
MNQ SEP25,10s,10,5958,2025-07-23 10:53:10,23186.25,23187.25,23185,23186.25,394,2.25,0,1,1.25,0,-115.3,-35.95,-39.03333333,-63.44
MNQ SEP25,1s,1,5590,2025-07-23 10:53:11,23186,23187,23186,23186.75,26,1,0.75,0.25,0,1,,,,
MNQ SEP25,1s,1,5591,2025-07-23 10:53:12,23187,23187.25,23186.5,23186.75,16,0.75,0.25,0.25,0.25,-1,,,,
MNQ SEP25,1s,1,5592,2025-07-23 10:53:13,23187.25,23187.5,23187.25,23187.25,11,0.25,0,0.25,0,0,,,,
MNQ SEP25,1s,1,5593,2025-07-23 10:53:14,23187.25,23187.5,23186.75,23187,17,0.75,0.25,0.25,0.25,-1,,,,
MNQ SEP25,1s,1,5594,2025-07-23 10:53:15,23187.5,23188.25,23187.5,23188,39,0.75,0.5,0.25,0,1,,,,
MNQ SEP25,1s,1,5595,2025-07-23 10:53:16,23187.25,23188.25,23187,23188.25,29,1.25,1,0,0.25,1,,,,
MNQ SEP25,1s,1,5596,2025-07-23 10:53:17,23188,23188.25,23187,23187.25,48,1.25,0.75,0.25,0.25,-1,,,,
MNQ SEP25,1s,1,5597,2025-07-23 10:53:18,23187,23187.5,23187,23187.5,21,0.5,0.5,0,0,1,,,,
MNQ SEP25,1s,1,5598,2025-07-23 10:53:19,23187.5,23188,23187.25,23187.75,17,0.75,0.25,0.25,0.25,1,,,,
MNQ SEP25,1s,1,5599,2025-07-23 10:53:20,23187.75,23188,23187,23187.5,27,1,0.25,0.25,0.5,-1,,,,
MNQ SEP25,10s,10,5959,2025-07-23 10:53:20,23186,23188.25,23186,23187.5,251,2.25,1.5,0.75,0,1,-118.45,-3.15,-42.45,-34.55
MNQ SEP25,20s,20,5979,2025-07-23 10:53:20,23186.25,23188.25,23185,23187.5,645,3.25,1.25,0.75,1.25,1,45,-123.8,-66.13333333,-28.49
MNQ SEP25,1s,1,5600,2025-07-23 10:53:21,23188,23188.5,23188,23188.5,26,0.5,0.5,0,0,1,,,,
MNQ SEP25,1s,1,5601,2025-07-23 10:53:22,23188.25,23188.75,23188,23188.25,36,0.75,0,0.5,0.25,0,,,,
MNQ SEP25,1s,1,5602,2025-07-23 10:53:23,23188.5,23189.75,23188.5,23189,37,1.25,0.5,0.75,0,1,,,,
MNQ SEP25,1s,1,5603,2025-07-23 10:53:24,23189.5,23190,23189.25,23189.75,24,0.75,0.25,0.25,0.25,1,,,,
MNQ SEP25,1s,1,5604,2025-07-23 10:53:25,23189.5,23190.25,23189,23189,61,1.25,0.5,0.75,0,-1,,,,
MNQ SEP25,1s,1,5605,2025-07-23 10:53:26,23189.25,23189.75,23189.25,23189.25,44,0.5,0,0.5,0,0,,,,
MNQ SEP25,1s,1,5606,2025-07-23 10:53:27,23189.25,23189.5,23188.25,23188.5,21,1.25,0.75,0.25,0.25,-1,,,,
MNQ SEP25,1s,1,5607,2025-07-23 10:53:28,23188.5,23188.5,23188,23188,26,0.5,0.5,0,0,-1,,,,
MNQ SEP25,1s,1,5608,2025-07-23 10:53:29,23188.25,23188.25,23188.25,23188.25,3,0,0,0,0,0,,,,
MNQ SEP25,1s,1,5609,2025-07-23 10:53:30,23188.25,23188.5,23187.5,23187.5,27,1,0.75,0.25,0,-1,,,,
MNQ SEP25,10s,10,5960,2025-07-23 10:53:30,23188,23190.25,23187.5,23187.5,305,2.75,0.5,2.25,0,-1,-106.75,11.7,-9.13333333,-21.71
MNQ SEP25,1s,1,5610,2025-07-23 10:53:31,23187.75,23188,23187.75,23188,10,0.25,0.25,0,0,1,,,,
MNQ SEP25,1s,1,5611,2025-07-23 10:53:32,23188,23188.5,23188,23188.5,16,0.5,0.5,0,0,1,,,,
MNQ SEP25,1s,1,5612,2025-07-23 10:53:33,23188,23188.25,23187.75,23187.75,8,0.5,0.25,0.25,0,-1,,,,
MNQ SEP25,1s,1,5613,2025-07-23 10:53:34,23187.5,23187.5,23187,23187,22,0.5,0.5,0,0,-1,,,,
MNQ SEP25,1s,1,5614,2025-07-23 10:53:35,23187.25,23187.25,23186,23186,60,1.25,1.25,0,0,-1,,,,
MNQ SEP25,1s,1,5615,2025-07-23 10:53:36,23185.75,23186.25,23185,23185.75,50,1.25,0,0.5,0.75,0,,,,
MNQ SEP25,1s,1,5616,2025-07-23 10:53:37,23185.5,23185.75,23185.5,23185.75,16,0.25,0.25,0,0,1,,,,
MNQ SEP25,1s,1,5617,2025-07-23 10:53:38,23185.75,23186,23184.75,23184.75,48,1.25,1,0.25,0,-1,,,,
MNQ SEP25,1s,1,5618,2025-07-23 10:53:39,23185.5,23186,23185.25,23186,14,0.75,0.5,0,0.25,1,,,,
MNQ SEP25,1s,1,5619,2025-07-23 10:53:40,23186,23186.5,23185.5,23186.5,41,1,0.5,0,0.5,1,,,,
MNQ SEP25,10s,10,5961,2025-07-23 10:53:40,23187.75,23188.5,23184.75,23186.5,285,3.75,1.25,0.75,1.75,-1,-118.75,-12,-1.15,-25.53
MNQ SEP25,20s,20,5980,2025-07-23 10:53:40,23188,23190.25,23184.75,23186.5,590,5.5,1.5,2.25,1.75,-1,8.75,-36.25,-60.13333333,-45.85
MNQ SEP25,1s,1,5620,2025-07-23 10:53:41,23186.5,23186.75,23186.25,23186.5,20,0.5,0,0.25,0.25,0,,,,
MNQ SEP25,1s,1,5621,2025-07-23 10:53:42,23186.5,23187,23186.25,23187,20,0.75,0.5,0,0.25,1,,,,
MNQ SEP25,1s,1,5622,2025-07-23 10:53:43,23187,23187,23186.75,23187,11,0.25,0,0,0.25,0,,,,
MNQ SEP25,1s,1,5623,2025-07-23 10:53:44,23187.25,23187.75,23187.25,23187.5,13,0.5,0.25,0.25,0,1,,,,
MNQ SEP25,1s,1,5624,2025-07-23 10:53:45,23187.75,23188,23187,23187,25,1,0.75,0.25,0,-1,,,,
MNQ SEP25,1s,1,5625,2025-07-23 10:53:46,23187.25,23187.25,23187,23187,4,0.25,0.25,0,0,-1,,,,
MNQ SEP25,1s,1,5626,2025-07-23 10:53:47,23186.5,23186.75,23186.5,23186.75,4,0.25,0.25,0,0,1,,,,
MNQ SEP25,1s,1,5627,2025-07-23 10:53:48,23186.75,23186.75,23186.25,23186.75,16,0.5,0,0,0.5,0,,,,
MNQ SEP25,1s,1,5628,2025-07-23 10:53:49,23187,23187.25,23186.75,23187.25,5,0.5,0.25,0,0.25,1,,,,
MNQ SEP25,1s,1,5629,2025-07-23 10:53:50,23187,23187,23186.5,23187,10,0.5,0,0,0.5,0,,,,
MNQ SEP25,10s,10,5962,2025-07-23 10:53:50,23186.5,23188,23186.25,23187,128,1.75,0.5,1,0.25,1,-88.95,29.8,9.83333333,-1.92
MNQ SEP25,1s,1,5630,2025-07-23 10:53:51,23186.5,23186.75,23186.5,23186.75,3,0.25,0.25,0,0,1,,,,
MNQ SEP25,1s,1,5631,2025-07-23 10:53:52,23186.5,23187.25,23186.25,23187.25,18,1,0.75,0,0.25,1,,,,
MNQ SEP25,1s,1,5632,2025-07-23 10:53:53,23187.25,23187.25,23187,23187,11,0.25,0.25,0,0,-1,,,,
MNQ SEP25,1s,1,5633,2025-07-23 10:53:54,23188.25,23188.5,23187.5,23187.5,7,1,0.75,0.25,0,-1,,,,
MNQ SEP25,1s,1,5634,2025-07-23 10:53:55,23188,23188.25,23187.5,23187.5,6,0.75,0.5,0.25,0,-1,,,,
MNQ SEP25,1s,1,5635,2025-07-23 10:53:56,23187.25,23187.75,23187.25,23187.5,5,0.5,0.25,0.25,0,1,,,,
MNQ SEP25,1s,1,5636,2025-07-23 10:53:57,23187.75,23187.75,23187.75,23187.75,5,0,0,0,0,0,,,,
MNQ SEP25,1s,1,5637,2025-07-23 10:53:58,23188,23188.5,23188,23188.5,11,0.5,0.5,0,0,1,,,,
MNQ SEP25,1s,1,5638,2025-07-23 10:53:59,23188,23188.25,23187.5,23187.5,18,0.75,0.5,0.25,0,-1,,,,
MNQ SEP25,1s,1,5639,2025-07-23 10:54:00,23187.75,23189.25,23187.75,23189,23,1.5,1.25,0.25,0,1,,,,
MNQ SEP25,10s,10,5963,2025-07-23 10:54:00,23186.5,23189.25,23186.25,23189,107,3,2.5,0.25,0.25,1,-135.65,-46.7,-9.63333333,-4.07
MNQ SEP25,20s,20,5981,2025-07-23 10:54:00,23186.5,23189.25,23186.25,23189,235,3,2.5,0.25,0.25,1,-127.4,-136.15,-98.73333333,-74.16
MNQ SEP25,1s,1,5640,2025-07-23 10:54:01,23189.5,23190.75,23189.5,23190.5,42,1.25,1,0.25,0,1,,,,
MNQ SEP25,1s,1,5641,2025-07-23 10:54:02,23190.25,23191,23190.25,23191,28,0.75,0.75,0,0,1,,,,
MNQ SEP25,1s,1,5642,2025-07-23 10:54:03,23191.25,23191.75,23191,23191.25,53,0.75,0,0.5,0.25,0,,,,
MNQ SEP25,1s,1,5643,2025-07-23 10:54:04,23191.25,23191.25,23190.5,23191,46,0.75,0.25,0,0.5,-1,,,,
MNQ SEP25,1s,1,5644,2025-07-23 10:54:05,23190.75,23191.25,23190,23190,27,1.25,0.75,0.5,0,-1,,,,
MNQ SEP25,1s,1,5645,2025-07-23 10:54:06,23190.5,23191.5,23190.5,23191.5,9,1,1,0,0,1,,,,
MNQ SEP25,1s,1,5646,2025-07-23 10:54:07,23191.5,23191.75,23191.25,23191.5,18,0.5,0,0.25,0.25,0,,,,
MNQ SEP25,1s,1,5647,2025-07-23 10:54:08,23191.75,23191.75,23191.25,23191.75,13,0.5,0,0,0.5,0,,,,
MNQ SEP25,1s,1,5648,2025-07-23 10:54:09,23192,23192,23191.5,23192,14,0.5,0,0,0.5,0,,,,
MNQ SEP25,1s,1,5649,2025-07-23 10:54:10,23192,23192.25,23192,23192.25,16,0.25,0.25,0,0,1,,,,
MNQ SEP25,10s,10,5964,2025-07-23 10:54:10,23189.5,23192.25,23189.5,23192.25,266,2.75,2.75,0,0,1,-121.45,14.2,-0.9,-0.6
MNQ SEP25,1s,1,5650,2025-07-23 10:54:11,23192.25,23192.25,23191.25,23191.5,63,1,0.75,0,0.25,-1,,,,
MNQ SEP25,1s,1,5651,2025-07-23 10:54:12,23191.25,23191.75,23190.75,23191.75,39,1,0.5,0,0.5,1,,,,
MNQ SEP25,1s,1,5652,2025-07-23 10:54:13,23191.25,23191.5,23191,23191.5,14,0.5,0.25,0,0.25,1,,,,
MNQ SEP25,1s,1,5653,2025-07-23 10:54:14,23191.25,23191.25,23190.75,23191,40,0.5,0.25,0,0.25,-1,,,,
MNQ SEP25,1s,1,5654,2025-07-23 10:54:15,23191.25,23191.5,23190.75,23191.25,21,0.75,0,0.25,0.5,0,,,,
MNQ SEP25,1s,1,5655,2025-07-23 10:54:16,23191,23191.25,23190.25,23191.25,45,1,0.25,0,0.75,1,,,,
MNQ SEP25,1s,1,5656,2025-07-23 10:54:17,23190.75,23190.75,23189.75,23190.75,28,1,0,0,1,0,,,,
MNQ SEP25,1s,1,5657,2025-07-23 10:54:18,23190.5,23190.5,23190,23190.25,11,0.5,0.25,0,0.25,-1,,,,
MNQ SEP25,1s,1,5658,2025-07-23 10:54:19,23190.25,23190.75,23190,23190.75,41,0.75,0.5,0,0.25,1,,,,
MNQ SEP25,1s,1,5659,2025-07-23 10:54:20,23190.5,23190.5,23189.25,23189.5,14,1.25,1,0,0.25,-1,,,,
MNQ SEP25,10s,10,5965,2025-07-23 10:54:20,23192.25,23192.25,23189.25,23189.5,316,3,2.75,0,0.25,-1,-120.9,0.55,-10.65,-2.83
MNQ SEP25,20s,20,5982,2025-07-23 10:54:20,23189.5,23192.25,23189.25,23189.5,582,3,0,2.75,0.25,0,-131.25,-3.85,-58.75,-64.08
MNQ SEP25,1s,1,5660,2025-07-23 10:54:21,23189.5,23189.75,23189.25,23189.75,11,0.5,0.25,0,0.25,1,,,,
MNQ SEP25,1s,1,5661,2025-07-23 10:54:22,23189.5,23190,23189.5,23190,11,0.5,0.5,0,0,1,,,,
MNQ SEP25,1s,1,5662,2025-07-23 10:54:23,23190,23190,23189.25,23189.25,25,0.75,0.75,0,0,-1,,,,
MNQ SEP25,1s,1,5663,2025-07-23 10:54:24,23189.25,23189.25,23188.75,23189,21,0.5,0.25,0,0.25,-1,,,,
MNQ SEP25,1s,1,5664,2025-07-23 10:54:25,23189.25,23189.5,23189.25,23189.5,5,0.25,0.25,0,0,1,,,,
MNQ SEP25,1s,1,5665,2025-07-23 10:54:26,23189.25,23189.25,23188.75,23188.75,8,0.5,0.5,0,0,-1,,,,
MNQ SEP25,1s,1,5666,2025-07-23 10:54:27,23188.75,23189.75,23188.75,23189,16,1,0.25,0.75,0,1,,,,
MNQ SEP25,1s,1,5667,2025-07-23 10:54:28,23189.5,23189.75,23189,23189.5,15,0.75,0,0.25,0.5,0,,,,
MNQ SEP25,1s,1,5668,2025-07-23 10:54:29,23189.25,23189.75,23189,23189.5,12,0.75,0.25,0.25,0.25,1,,,,
MNQ SEP25,1s,1,5669,2025-07-23 10:54:30,23189,23189.25,23187.5,23188,61,1.75,1,0.25,0.5,-1,,,,
MNQ SEP25,10s,10,5966,2025-07-23 10:54:30,23189.5,23190,23187.5,23188,185,2.5,1.5,0.5,0.5,-1,-131.4,-10.5,1.41666667,-2.53
MNQ SEP25,1s,1,5670,2025-07-23 10:54:31,23188.25,23190.75,23188,23190.25,63,2.75,2,0.5,0.25,1,,,,
MNQ SEP25,1s,1,5671,2025-07-23 10:54:32,23190.75,23190.75,23190.25,23190.5,20,0.5,0.25,0,0.25,-1,,,,
MNQ SEP25,1s,1,5672,2025-07-23 10:54:33,23190.5,23191.25,23190.5,23191.25,10,0.75,0.75,0,0,1,,,,
MNQ SEP25,1s,1,5673,2025-07-23 10:54:34,23190.75,23191.25,23190.5,23190.5,28,0.75,0.25,0.5,0,-1,,,,
MNQ SEP25,1s,1,5674,2025-07-23 10:54:35,23190.75,23190.75,23189.75,23190.5,15,1,0.25,0,0.75,-1,,,,
MNQ SEP25,1s,1,5675,2025-07-23 10:54:36,23190.25,23191,23190.25,23190.25,10,0.75,0,0.75,0,0,,,,
MNQ SEP25,1s,1,5676,2025-07-23 10:54:37,23191.25,23191.25,23190.75,23190.75,5,0.5,0.5,0,0,-1,,,,
MNQ SEP25,1s,1,5677,2025-07-23 10:54:38,23190.75,23191.5,23190,23191.5,48,1.5,0.75,0,0.75,1,,,,
MNQ SEP25,1s,1,5678,2025-07-23 10:54:39,23191.5,23192.25,23191.25,23191.75,24,1,0.25,0.5,0.25,1,,,,
MNQ SEP25,1s,1,5679,2025-07-23 10:54:40,23192,23192.25,23192,23192.25,20,0.25,0.25,0,0,1,,,,
MNQ SEP25,10s,10,5967,2025-07-23 10:54:40,23188.25,23192.25,23188,23192.25,243,4.25,4,0,0.25,1,-109.2,22.2,4.08333333,-4.05
MNQ SEP25,20s,20,5983,2025-07-23 10:54:40,23189.5,23192.25,23187.5,23192.25,428,4.75,2.75,0,2,1,-139.2,-7.95,-49.31666667,-61.6
MNQ SEP25,1s,1,5680,2025-07-23 10:54:41,23192,23193,23192,23192.75,89,1,0.75,0.25,0,1,,,,
MNQ SEP25,1s,1,5681,2025-07-23 10:54:42,23193,23194,23193,23193.25,75,1,0.25,0.75,0,1,,,,
MNQ SEP25,1s,1,5682,2025-07-23 10:54:43,23193.25,23193.25,23192.25,23192.75,37,1,0.5,0,0.5,-1,,,,
MNQ SEP25,1s,1,5683,2025-07-23 10:54:44,23192.75,23192.75,23192.5,23192.75,19,0.25,0,0,0.25,0,,,,
MNQ SEP25,1s,1,5684,2025-07-23 10:54:45,23193,23193,23191.75,23192,15,1.25,1,0,0.25,-1,,,,
MNQ SEP25,1s,1,5685,2025-07-23 10:54:46,23192,23192.75,23192,23192.75,31,0.75,0.75,0,0,1,,,,
MNQ SEP25,1s,1,5686,2025-07-23 10:54:47,23192.75,23193.75,23192.5,23193.25,20,1.25,0.5,0.5,0.25,1,,,,
MNQ SEP25,1s,1,5687,2025-07-23 10:54:48,23193.5,23194,23193.25,23193.75,28,0.75,0.25,0.25,0.25,1,,,,
MNQ SEP25,1s,1,5688,2025-07-23 10:54:49,23194,23194,23193.25,23193.25,26,0.75,0.75,0,0,-1,,,,
MNQ SEP25,1s,1,5689,2025-07-23 10:54:50,23193.5,23193.5,23192,23192,35,1.5,1.5,0,0,-1,,,,
MNQ SEP25,10s,10,5968,2025-07-23 10:54:50,23192,23194,23191.75,23192,375,2.25,0,2,0.25,0,-55.7,53.5,21.73333333,15.99
MNQ SEP25,1s,1,5690,2025-07-23 10:54:51,23192.75,23193.25,23192.25,23193,33,1,0.25,0.25,0.5,1,,,,
MNQ SEP25,1s,1,5691,2025-07-23 10:54:52,23193,23193.5,23192.25,23193.5,38,1.25,0.5,0,0.75,1,,,,
MNQ SEP25,1s,1,5692,2025-07-23 10:54:53,23193,23193.5,23193,23193.25,12,0.5,0.25,0.25,0,1,,,,
MNQ SEP25,1s,1,5693,2025-07-23 10:54:54,23193.25,23193.5,23192.75,23193.25,8,0.75,0,0.25,0.5,0,,,,
MNQ SEP25,1s,1,5694,2025-07-23 10:54:55,23193,23193.25,23192,23192,45,1.25,1,0.25,0,-1,,,,
MNQ SEP25,1s,1,5695,2025-07-23 10:54:56,23192,23192.5,23192,23192.25,13,0.5,0.25,0.25,0,1,,,,
MNQ SEP25,1s,1,5696,2025-07-23 10:54:57,23192.5,23192.5,23191.75,23192,15,0.75,0.5,0,0.25,-1,,,,
MNQ SEP25,1s,1,5697,2025-07-23 10:54:58,23192.25,23192.75,23191.75,23192.5,11,1,0.25,0.25,0.5,1,,,,
MNQ SEP25,1s,1,5698,2025-07-23 10:54:59,23192.5,23193,23192.25,23192.25,18,0.75,0.25,0.5,0,-1,,,,
MNQ SEP25,1s,1,5699,2025-07-23 10:55:00,23192.5,23193.25,23192.5,23193.25,30,0.75,0.75,0,0,1,,,,
MNQ SEP25,10s,10,5969,2025-07-23 10:55:00,23192.75,23193.5,23191.75,23193.25,223,1.75,0.5,0.25,1,1,-25.1,30.6,35.43333333,19.27
MNQ SEP25,20s,20,5984,2025-07-23 10:55:00,23192,23194,23191.75,23193.25,598,2.25,1.25,0.75,0.25,1,-145.5,-6.3,-6.03333333,-38.1
MNQ SEP25,1s,1,5700,2025-07-23 10:55:01,23193,23194.25,23193,23193.5,71,1.25,0.5,0.75,0,1,,,,
MNQ SEP25,1s,1,5701,2025-07-23 10:55:02,23193.5,23194,23192.75,23193.5,57,1.25,0,0.5,0.75,0,,,,
MNQ SEP25,1s,1,5702,2025-07-23 10:55:03,23193,23193.75,23193,23193.5,29,0.75,0.5,0.25,0,1,,,,
MNQ SEP25,1s,1,5703,2025-07-23 10:55:04,23194,23194,23193.5,23193.5,17,0.5,0.5,0,0,-1,,,,
MNQ SEP25,1s,1,5704,2025-07-23 10:55:05,23193.5,23194.25,23193,23194.25,49,1.25,0.75,0,0.5,1,,,,
MNQ SEP25,1s,1,5705,2025-07-23 10:55:06,23193.75,23194,23192.25,23192.25,43,1.75,1.5,0.25,0,-1,,,,
MNQ SEP25,1s,1,5706,2025-07-23 10:55:07,23192.5,23192.75,23192,23192.25,27,0.75,0.25,0.25,0.25,-1,,,,
MNQ SEP25,1s,1,5707,2025-07-23 10:55:08,23192.25,23192.75,23191.75,23191.75,32,1,0.5,0.5,0,-1,,,,
MNQ SEP25,1s,1,5708,2025-07-23 10:55:09,23191.75,23193,23191.75,23192.75,39,1.25,1,0.25,0,1,,,,
MNQ SEP25,1s,1,5709,2025-07-23 10:55:10,23192.75,23193.25,23192.75,23192.75,18,0.5,0,0.5,0,0,,,,
MNQ SEP25,10s,10,5970,2025-07-23 10:55:10,23193,23194.25,23191.75,23192.75,382,2.5,0.25,1.25,1,-1,-5.4,19.7,34.6,23.1
MNQ SEP25,1s,1,5710,2025-07-23 10:55:11,23193,23193,23191.25,23191.5,74,1.75,1.5,0,0.25,-1,,,,
MNQ SEP25,1s,1,5711,2025-07-23 10:55:12,23191.25,23192.5,23191.25,23191.75,16,1.25,0.5,0.75,0,1,,,,
MNQ SEP25,1s,1,5712,2025-07-23 10:55:13,23192,23192,23191.25,23191.25,7,0.75,0.75,0,0,-1,,,,
MNQ SEP25,1s,1,5713,2025-07-23 10:55:14,23191,23191.25,23190.25,23190.75,77,1,0.25,0.25,0.5,-1,,,,
MNQ SEP25,1s,1,5714,2025-07-23 10:55:15,23191.25,23191.75,23190.75,23190.75,23,1,0.5,0.5,0,-1,,,,
MNQ SEP25,1s,1,5715,2025-07-23 10:55:16,23191.25,23191.25,23190.25,23190.75,57,1,0.5,0,0.5,-1,,,,
MNQ SEP25,1s,1,5716,2025-07-23 10:55:17,23190.5,23190.75,23190,23190.5,22,0.75,0,0.25,0.5,0,,,,
MNQ SEP25,1s,1,5717,2025-07-23 10:55:18,23190.5,23190.5,23189.25,23189.75,29,1.25,0.75,0,0.5,-1,,,,
MNQ SEP25,1s,1,5718,2025-07-23 10:55:19,23189.25,23190.25,23189.25,23189.75,44,1,0.5,0.5,0,1,,,,
MNQ SEP25,1s,1,5719,2025-07-23 10:55:20,23189.75,23191.25,23189.75,23190.75,24,1.5,1,0.5,0,1,,,,
MNQ SEP25,10s,10,5971,2025-07-23 10:55:20,23193,23193,23189.25,23190.75,373,3.75,2.25,0,1.5,-1,26.05,31.45,27.25,31.49
MNQ SEP25,20s,20,5985,2025-07-23 10:55:20,23193,23194.25,23189.25,23190.75,755,5,2.25,1.25,1.5,-1,-112.8,32.7,6.15,-24.31
MNQ SEP25,1s,1,5720,2025-07-23 10:55:21,23191,23192.25,23191,23191.75,14,1.25,0.75,0.5,0,1,,,,
MNQ SEP25,1s,1,5721,2025-07-23 10:55:22,23191.75,23192.25,23191.5,23191.5,14,0.75,0.25,0.5,0,-1,,,,
MNQ SEP25,1s,1,5722,2025-07-23 10:55:23,23192,23192.25,23191,23191.5,30,1.25,0.5,0.25,0.5,-1,,,,
MNQ SEP25,1s,1,5723,2025-07-23 10:55:24,23191.5,23192.25,23191.5,23192,4,0.75,0.5,0.25,0,1,,,,
MNQ SEP25,1s,1,5724,2025-07-23 10:55:25,23192.25,23192.25,23191.5,23191.5,7,0.75,0.75,0,0,-1,,,,
MNQ SEP25,1s,1,5725,2025-07-23 10:55:26,23192,23192,23191.75,23191.75,7,0.25,0.25,0,0,-1,,,,
MNQ SEP25,1s,1,5726,2025-07-23 10:55:27,23191.5,23192,23191.5,23192,3,0.5,0.5,0,0,1,,,,
MNQ SEP25,1s,1,5727,2025-07-23 10:55:28,23192,23192,23191.5,23191.5,3,0.5,0.5,0,0,-1,,,,
MNQ SEP25,1s,1,5728,2025-07-23 10:55:29,23192,23192,23191.25,23191.25,8,0.75,0.75,0,0,-1,,,,
MNQ SEP25,1s,1,5729,2025-07-23 10:55:30,23191.5,23191.5,23190.75,23190.75,14,0.75,0.75,0,0,-1,,,,
MNQ SEP25,10s,10,5972,2025-07-23 10:55:30,23191,23192.25,23190.75,23190.75,104,1.5,0.25,1.25,0,-1,21.25,-4.8,15.45,26.09
MNQ SEP25,1s,1,5730,2025-07-23 10:55:31,23191.5,23191.75,23191,23191.75,15,0.75,0.25,0,0.5,1,,,,
MNQ SEP25,1s,1,5731,2025-07-23 10:55:32,23191.75,23192.25,23191.5,23191.75,45,0.75,0,0.5,0.25,0,,,,
MNQ SEP25,1s,1,5732,2025-07-23 10:55:33,23192,23192,23191.75,23191.75,6,0.25,0.25,0,0,-1,,,,
MNQ SEP25,1s,1,5733,2025-07-23 10:55:34,23192.25,23192.25,23191.25,23192,10,1,0.25,0,0.75,-1,,,,
MNQ SEP25,1s,1,5734,2025-07-23 10:55:35,23191.5,23192,23191,23191.25,25,1,0.25,0.5,0.25,-1,,,,
MNQ SEP25,1s,1,5735,2025-07-23 10:55:36,23191.25,23191.5,23191,23191.25,10,0.5,0,0.25,0.25,0,,,,
MNQ SEP25,1s,1,5736,2025-07-23 10:55:37,23191.5,23191.75,23190.75,23191.5,23,1,0,0.25,0.75,0,,,,
MNQ SEP25,1s,1,5737,2025-07-23 10:55:38,23191.25,23191.5,23190.75,23190.75,18,0.75,0.5,0.25,0,-1,,,,
MNQ SEP25,1s,1,5738,2025-07-23 10:55:39,23191.5,23191.75,23191.25,23191.75,4,0.5,0.25,0,0.25,1,,,,
MNQ SEP25,1s,1,5739,2025-07-23 10:55:40,23191.75,23192.75,23191.75,23192.25,11,1,0.5,0.5,0,1,,,,
MNQ SEP25,10s,10,5973,2025-07-23 10:55:40,23191.5,23192.75,23190.75,23192.25,167,2,0.75,0.5,0.75,1,-3.85,-25.1,0.51666667,10.37
MNQ SEP25,20s,20,5986,2025-07-23 10:55:40,23191,23192.75,23190.75,23192.25,271,2,1.25,0.5,0.25,1,-90.95,21.85,16.08333333,7.29
MNQ SEP25,1s,1,5740,2025-07-23 10:55:41,23192.75,23193,23192.5,23192.75,11,0.5,0,0.25,0.25,0,,,,
MNQ SEP25,1s,1,5741,2025-07-23 10:55:42,23193,23194,23193,23193.5,50,1,0.5,0.5,0,1,,,,
MNQ SEP25,1s,1,5742,2025-07-23 10:55:43,23194,23194,23193,23193,44,1,1,0,0,-1,,,,
MNQ SEP25,1s,1,5743,2025-07-23 10:55:44,23192.75,23193.5,23192.75,23193,22,0.75,0.25,0.5,0,1,,,,
MNQ SEP25,1s,1,5744,2025-07-23 10:55:45,23193,23195,23193,23194.75,188,2,1.75,0.25,0,1,,,,
MNQ SEP25,1s,1,5745,2025-07-23 10:55:46,23194.75,23196.25,23194.25,23194.75,215,2,0,1.5,0.5,0,,,,
MNQ SEP25,1s,1,5746,2025-07-23 10:55:47,23194.75,23196.5,23194.5,23195.25,110,2,0.5,1.25,0.25,1,,,,
MNQ SEP25,1s,1,5747,2025-07-23 10:55:48,23195.25,23195.5,23194.75,23195,81,0.75,0.25,0.25,0.25,-1,,,,
MNQ SEP25,1s,1,5748,2025-07-23 10:55:49,23195,23196.5,23194.75,23196,65,1.75,1,0.5,0.25,1,,,,
MNQ SEP25,1s,1,5749,2025-07-23 10:55:50,23196,23196.5,23195.25,23196.25,47,1.25,0.25,0.25,0.75,1,,,,
MNQ SEP25,10s,10,5974,2025-07-23 10:55:50,23192.75,23196.5,23192.5,23196.25,833,4,3.5,0.25,0.25,1,89.6,93.45,21.18333333,22.94
MNQ SEP25,1s,1,5750,2025-07-23 10:55:51,23195.75,23196.75,23195.75,23196,67,1,0.25,0.75,0,1,,,,
MNQ SEP25,1s,1,5751,2025-07-23 10:55:52,23196.75,23196.75,23196.25,23196.25,22,0.5,0.5,0,0,-1,,,,
MNQ SEP25,1s,1,5752,2025-07-23 10:55:53,23196.5,23196.5,23195.25,23195.75,85,1.25,0.75,0,0.5,-1,,,,
MNQ SEP25,1s,1,5753,2025-07-23 10:55:54,23195.5,23195.75,23193.5,23195,80,2.25,0.5,0.25,1.5,-1,,,,
MNQ SEP25,1s,1,5754,2025-07-23 10:55:55,23195,23196.25,23195,23196.25,38,1.25,1.25,0,0,1,,,,
MNQ SEP25,1s,1,5755,2025-07-23 10:55:56,23196.25,23196.5,23195.75,23196.25,49,0.75,0,0.25,0.5,0,,,,
MNQ SEP25,1s,1,5756,2025-07-23 10:55:57,23196.25,23198,23196.25,23197.25,185,1.75,1,0.75,0,1,,,,
MNQ SEP25,1s,1,5757,2025-07-23 10:55:58,23197.25,23197.5,23196.75,23197,68,0.75,0.25,0.25,0.25,-1,,,,
MNQ SEP25,1s,1,5758,2025-07-23 10:55:59,23197,23197.5,23196.75,23197.25,36,0.75,0.25,0.25,0.25,1,,,,
MNQ SEP25,1s,1,5759,2025-07-23 10:56:00,23197.25,23197.5,23196.25,23196.75,70,1.25,0.5,0.25,0.5,-1,,,,
MNQ SEP25,10s,10,5975,2025-07-23 10:56:00,23195.75,23198,23193.5,23196.75,700,4.5,1,1.25,2.25,1,131.6,42,36.78333333,27.4
MNQ SEP25,20s,20,5987,2025-07-23 10:56:00,23192.75,23198,23192.5,23196.75,1533,5.5,4,1.25,0.25,1,46.8,137.75,64.1,35.61
MNQ SEP25,1s,1,5760,2025-07-23 10:56:01,23196.75,23198.25,23196.75,23197.5,181,1.5,0.75,0.75,0,1,,,,
MNQ SEP25,1s,1,5761,2025-07-23 10:56:02,23198,23198.25,23197.5,23198.25,63,0.75,0.25,0,0.5,1,,,,
MNQ SEP25,1s,1,5762,2025-07-23 10:56:03,23198,23199,23198,23199,110,1,1,0,0,1,,,,
MNQ SEP25,1s,1,5763,2025-07-23 10:56:04,23198.75,23199.75,23198.25,23198.75,167,1.5,0,1,0.5,0,,,,
MNQ SEP25,1s,1,5764,2025-07-23 10:56:05,23199,23199.5,23198.5,23198.75,57,1,0.25,0.5,0.25,-1,,,,
MNQ SEP25,1s,1,5765,2025-07-23 10:56:06,23199,23199.75,23198.75,23199.75,89,1,0.75,0,0.25,1,,,,
MNQ SEP25,1s,1,5766,2025-07-23 10:56:07,23199.75,23200.75,23199.75,23200.5,291,1,0.75,0.25,0,1,,,,
MNQ SEP25,1s,1,5767,2025-07-23 10:56:08,23200.5,23201,23200,23200,141,1,0.5,0.5,0,-1,,,,
MNQ SEP25,1s,1,5768,2025-07-23 10:56:09,23200.25,23200.75,23200,23200.5,48,0.75,0.25,0.25,0.25,1,,,,
MNQ SEP25,1s,1,5769,2025-07-23 10:56:10,23200,23200.75,23199.75,23199.75,54,1,0.25,0.75,0,-1,,,,
MNQ SEP25,10s,10,5976,2025-07-23 10:56:10,23196.75,23201,23196.75,23199.75,1201,4.25,3,1.25,0,1,253.4,121.8,85.75,45.47
MNQ SEP25,1s,1,5770,2025-07-23 10:56:11,23200.25,23200.75,23199.5,23200,53,1.25,0.25,0.5,0.5,-1,,,,
MNQ SEP25,1s,1,5771,2025-07-23 10:56:12,23200,23200,23198.75,23198.75,41,1.25,1.25,0,0,-1,,,,
MNQ SEP25,1s,1,5772,2025-07-23 10:56:13,23198.75,23198.75,23197.75,23198.25,84,1,0.5,0,0.5,-1,,,,
MNQ SEP25,1s,1,5773,2025-07-23 10:56:14,23198.25,23198.75,23197.75,23198,47,1,0.25,0.5,0.25,-1,,,,
MNQ SEP25,1s,1,5774,2025-07-23 10:56:15,23197.75,23199,23197.5,23199,83,1.5,1.25,0,0.25,1,,,,
MNQ SEP25,1s,1,5775,2025-07-23 10:56:16,23199.25,23200,23199,23200,65,1,0.75,0,0.25,1,,,,
MNQ SEP25,1s,1,5776,2025-07-23 10:56:17,23199.75,23200,23199.25,23199.25,30,0.75,0.5,0.25,0,-1,,,,
MNQ SEP25,1s,1,5777,2025-07-23 10:56:18,23199.25,23199.5,23198.25,23198.75,44,1.25,0.5,0.25,0.5,-1,,,,
MNQ SEP25,1s,1,5778,2025-07-23 10:56:19,23198.5,23199.25,23198.25,23199,26,1,0.5,0.25,0.25,1,,,,
MNQ SEP25,1s,1,5779,2025-07-23 10:56:20,23199.5,23200.5,23199,23200.5,115,1.5,1,0,0.5,1,,,,
MNQ SEP25,10s,10,5977,2025-07-23 10:56:20,23200.25,23200.75,23197.5,23200.5,588,3.25,0.25,0.25,2.75,1,326.5,73.1,78.96666667,61.05
MNQ SEP25,20s,20,5988,2025-07-23 10:56:20,23196.75,23201,23196.75,23200.5,1789,4.25,3.75,0.5,0,1,245.35,198.55,119.38333333,76.91
MNQ SEP25,1s,1,5780,2025-07-23 10:56:21,23199,23199.25,23198.5,23199,28,0.75,0,0.25,0.5,0,,,,
MNQ SEP25,1s,1,5781,2025-07-23 10:56:22,23199,23200,23199,23199.25,46,1,0.25,0.75,0,1,,,,
MNQ SEP25,1s,1,5782,2025-07-23 10:56:23,23199.25,23199.5,23199,23199.25,12,0.5,0,0.25,0.25,0,,,,
MNQ SEP25,1s,1,5783,2025-07-23 10:56:24,23200,23200,23199.5,23199.75,25,0.5,0.25,0,0.25,-1,,,,
MNQ SEP25,1s,1,5784,2025-07-23 10:56:25,23199.25,23199.75,23199.25,23199.5,28,0.5,0.25,0.25,0,1,,,,
MNQ SEP25,1s,1,5785,2025-07-23 10:56:26,23198.75,23199.25,23198.75,23198.75,18,0.5,0,0.5,0,0,,,,
MNQ SEP25,1s,1,5786,2025-07-23 10:56:27,23198.5,23199.25,23198.25,23198.25,25,1,0.25,0.75,0,-1,,,,
MNQ SEP25,1s,1,5787,2025-07-23 10:56:28,23198.5,23199.25,23197.5,23199.25,53,1.75,0.75,0,1,1,,,,
MNQ SEP25,1s,1,5788,2025-07-23 10:56:29,23199.25,23199.75,23198.5,23198.5,34,1.25,0.75,0.5,0,-1,,,,
MNQ SEP25,1s,1,5789,2025-07-23 10:56:30,23198.75,23199.5,23198.5,23199.5,22,1,0.75,0,0.25,1,,,,
MNQ SEP25,10s,10,5978,2025-07-23 10:56:30,23199,23200,23197.5,23199.5,291,2.5,0.5,0.5,1.5,1,356.45,29.95,74.95,72.06
MNQ SEP25,1s,1,5790,2025-07-23 10:56:31,23199.25,23199.25,23198.75,23198.75,8,0.5,0.5,0,0,-1,,,,
MNQ SEP25,1s,1,5791,2025-07-23 10:56:32,23199,23199.75,23199,23199.75,13,0.75,0.75,0,0,1,,,,
MNQ SEP25,1s,1,5792,2025-07-23 10:56:33,23199.25,23199.75,23199,23199.5,28,0.75,0.25,0.25,0.25,1,,,,
MNQ SEP25,1s,1,5793,2025-07-23 10:56:34,23199.25,23199.25,23198,23198.5,24,1.25,0.75,0,0.5,-1,,,,
MNQ SEP25,1s,1,5794,2025-07-23 10:56:35,23198.25,23198.25,23197.75,23198,21,0.5,0.25,0,0.25,-1,,,,
MNQ SEP25,1s,1,5795,2025-07-23 10:56:36,23198.25,23198.75,23198,23198.75,23,0.75,0.5,0,0.25,1,,,,
MNQ SEP25,1s,1,5796,2025-07-23 10:56:37,23198.5,23199,23196.75,23196.75,75,2.25,1.75,0.5,0,-1,,,,
MNQ SEP25,1s,1,5797,2025-07-23 10:56:38,23196.75,23197.5,23195.75,23196.5,111,1.75,0.25,0.75,0.75,-1,,,,
MNQ SEP25,1s,1,5798,2025-07-23 10:56:39,23196.75,23196.75,23196,23196.5,40,0.75,0.25,0,0.5,-1,,,,
MNQ SEP25,1s,1,5799,2025-07-23 10:56:40,23196.75,23196.75,23196,23196.5,25,0.75,0.25,0,0.5,-1,,,,
MNQ SEP25,10s,10,5979,2025-07-23 10:56:40,23199.25,23199.75,23195.75,23196.5,368,4,2.75,0.5,0.75,-1,257.6,-98.85,1.4,33.6
MNQ SEP25,20s,20,5989,2025-07-23 10:56:40,23199,23200,23195.75,23196.5,659,4.25,2.5,1,0.75,-1,240.55,-4.8,110.5,77.21
MNQ SEP25,1s,1,5800,2025-07-23 10:56:41,23196.75,23197,23196.25,23196.5,21,0.75,0.25,0.25,0.25,-1,,,,
MNQ SEP25,1s,1,5801,2025-07-23 10:56:42,23196.75,23197,23196.25,23196.75,18,0.75,0,0.25,0.5,0,,,,
MNQ SEP25,1s,1,5802,2025-07-23 10:56:43,23196.5,23197,23196,23196.5,20,1,0,0.5,0.5,0,,,,
MNQ SEP25,1s,1,5803,2025-07-23 10:56:44,23196.5,23197,23196.25,23196.5,31,0.75,0,0.5,0.25,0,,,,
MNQ SEP25,1s,1,5804,2025-07-23 10:56:45,23197,23197.25,23196.75,23196.75,11,0.5,0.25,0.25,0,-1,,,,
MNQ SEP25,1s,1,5805,2025-07-23 10:56:46,23197,23197.25,23196.75,23197,24,0.5,0,0.25,0.25,0,,,,
MNQ SEP25,1s,1,5806,2025-07-23 10:56:47,23197.25,23197.25,23196.5,23196.75,11,0.75,0.5,0,0.25,-1,,,,
MNQ SEP25,1s,1,5807,2025-07-23 10:56:48,23196.5,23197,23196.5,23196.5,13,0.5,0,0.5,0,0,,,,
MNQ SEP25,1s,1,5808,2025-07-23 10:56:49,23196.25,23196.75,23196.25,23196.25,9,0.5,0,0.5,0,0,,,,
MNQ SEP25,1s,1,5809,2025-07-23 10:56:50,23196,23196,23195,23195.5,40,1,0.5,0,0.5,-1,,,,
MNQ SEP25,10s,10,5980,2025-07-23 10:56:50,23196.75,23197.25,23195,23195.5,198,2.25,1.25,0.5,0.5,-1,162.55,-95.05,-54.65,6.19
MNQ SEP25,1s,1,5810,2025-07-23 10:56:51,23195.5,23195.75,23194.25,23194.25,62,1.5,1.25,0.25,0,-1,,,,
MNQ SEP25,1s,1,5811,2025-07-23 10:56:52,23194.25,23194.75,23193.75,23194.5,55,1,0.25,0.25,0.5,1,,,,
MNQ SEP25,1s,1,5812,2025-07-23 10:56:53,23194.5,23194.75,23194,23194.25,34,0.75,0.25,0.25,0.25,-1,,,,
MNQ SEP25,1s,1,5813,2025-07-23 10:56:54,23194.75,23195,23194.25,23194.25,22,0.75,0.5,0.25,0,-1,,,,
MNQ SEP25,1s,1,5814,2025-07-23 10:56:55,23194.5,23195,23194.25,23195,30,0.75,0.5,0,0.25,1,,,,
MNQ SEP25,1s,1,5815,2025-07-23 10:56:56,23194.75,23195,23194.5,23194.75,10,0.5,0,0.25,0.25,0,,,,
MNQ SEP25,1s,1,5816,2025-07-23 10:56:57,23194.75,23195,23194.75,23195,5,0.25,0.25,0,0,1,,,,
MNQ SEP25,1s,1,5817,2025-07-23 10:56:58,23194.75,23195.25,23194.75,23195.25,5,0.5,0.5,0,0,1,,,,
MNQ SEP25,1s,1,5818,2025-07-23 10:56:59,23195.5,23196,23195,23196,21,1,0.5,0,0.5,1,,,,
MNQ SEP25,1s,1,5819,2025-07-23 10:57:00,23195.75,23197,23195.75,23197,22,1.25,1.25,0,0,1,,,,
MNQ SEP25,10s,10,5981,2025-07-23 10:57:00,23195.5,23197,23193.75,23197,266,3.25,1.5,0,1.75,1,-23.5,-186.05,-126.65,-55.38
MNQ SEP25,20s,20,5990,2025-07-23 10:57:00,23196.75,23197.25,23193.75,23197,464,3.5,0.25,0.25,3,1,188.95,-51.6,47.38333333,60.35
MNQ SEP25,1s,1,5820,2025-07-23 10:57:01,23196.5,23198.25,23196.5,23197.75,93,1.75,1.25,0.5,0,1,,,,
MNQ SEP25,1s,1,5821,2025-07-23 10:57:02,23197.5,23198.25,23197.25,23198.25,36,1,0.75,0,0.25,1,,,,
MNQ SEP25,1s,1,5822,2025-07-23 10:57:03,23197.75,23198,23197.25,23197.25,36,0.75,0.5,0.25,0,-1,,,,
MNQ SEP25,1s,1,5823,2025-07-23 10:57:04,23198,23198.25,23197.75,23198.25,6,0.5,0.25,0,0.25,1,,,,
MNQ SEP25,1s,1,5824,2025-07-23 10:57:05,23198.25,23198.75,23198.25,23198.25,13,0.5,0,0.5,0,0,,,,
MNQ SEP25,1s,1,5825,2025-07-23 10:57:06,23198.5,23198.5,23196.75,23197,42,1.75,1.5,0,0.25,-1,,,,
MNQ SEP25,1s,1,5826,2025-07-23 10:57:07,23197,23197.25,23196.75,23197,12,0.5,0,0.25,0.25,0,,,,
MNQ SEP25,1s,1,5827,2025-07-23 10:57:08,23197,23197.5,23196.5,23197.25,13,1,0.25,0.25,0.5,1,,,,
MNQ SEP25,1s,1,5828,2025-07-23 10:57:09,23197.25,23197.5,23197,23197.25,9,0.5,0,0.25,0.25,0,,,,
MNQ SEP25,1s,1,5829,2025-07-23 10:57:10,23196.75,23197,23196.5,23197,21,0.5,0.25,0,0.25,1,,,,
MNQ SEP25,10s,10,5982,2025-07-23 10:57:10,23196.5,23198.75,23196.5,23197,281,2.25,0.5,1.75,0,1,-92.55,-69.05,-116.71666667,-83.81
MNQ SEP25,1s,1,5830,2025-07-23 10:57:11,23197.25,23197.25,23196.25,23196.75,29,1,0.5,0,0.5,-1,,,,
MNQ SEP25,1s,1,5831,2025-07-23 10:57:12,23196.75,23197.25,23196.25,23197.25,14,1,0.5,0,0.5,1,,,,
MNQ SEP25,1s,1,5832,2025-07-23 10:57:13,23197.25,23197.25,23196.25,23196.25,15,1,1,0,0,-1,,,,
MNQ SEP25,1s,1,5833,2025-07-23 10:57:14,23196.5,23197,23196.25,23196.5,9,0.75,0,0.5,0.25,0,,,,
MNQ SEP25,1s,1,5834,2025-07-23 10:57:15,23197.25,23198,23197.25,23197.75,31,0.75,0.5,0.25,0,1,,,,
MNQ SEP25,1s,1,5835,2025-07-23 10:57:16,23198,23199,23197.75,23198,48,1.25,0,1,0.25,0,,,,
MNQ SEP25,1s,1,5836,2025-07-23 10:57:17,23198,23198.5,23197.75,23198.25,13,0.75,0.25,0.25,0.25,1,,,,
MNQ SEP25,1s,1,5837,2025-07-23 10:57:18,23198.5,23198.5,23198.25,23198.5,15,0.25,0,0,0.25,0,,,,
MNQ SEP25,1s,1,5838,2025-07-23 10:57:19,23198.25,23199.25,23198.25,23199,15,1,0.75,0.25,0,1,,,,
MNQ SEP25,1s,1,5839,2025-07-23 10:57:20,23199.25,23200,23199.25,23200,76,0.75,0.75,0,0,1,,,,
MNQ SEP25,10s,10,5983,2025-07-23 10:57:20,23197.25,23200,23196.25,23200,265,3.75,2.75,0,1,1,-105.65,-13.1,-89.4,-92.42
MNQ SEP25,20s,20,5991,2025-07-23 10:57:20,23196.5,23200,23196.25,23200,546,3.75,3.5,0,0.25,1,266.1,77.15,6.91666667,71.41
MNQ SEP25,1s,1,5840,2025-07-23 10:57:21,23200.25,23200.25,23199,23199.5,56,1.25,0.75,0,0.5,-1,,,,
MNQ SEP25,1s,1,5841,2025-07-23 10:57:22,23199.25,23199.5,23198.5,23198.75,16,1,0.5,0.25,0.25,-1,,,,
MNQ SEP25,1s,1,5842,2025-07-23 10:57:23,23199,23199,23197.5,23197.5,19,1.5,1.5,0,0,-1,,,,
MNQ SEP25,1s,1,5843,2025-07-23 10:57:24,23197.75,23198.75,23197.5,23198.75,22,1.25,1,0,0.25,1,,,,
MNQ SEP25,1s,1,5844,2025-07-23 10:57:25,23199,23199,23198,23198.5,24,1,0.5,0,0.5,-1,,,,
MNQ SEP25,1s,1,5845,2025-07-23 10:57:26,23198.25,23198.5,23198.25,23198.5,12,0.25,0.25,0,0,1,,,,
MNQ SEP25,1s,1,5846,2025-07-23 10:57:27,23198.75,23199.25,23198.5,23199.25,14,0.75,0.5,0,0.25,1,,,,
MNQ SEP25,1s,1,5847,2025-07-23 10:57:28,23199,23199.5,23199,23199,11,0.5,0,0.5,0,0,,,,
MNQ SEP25,1s,1,5848,2025-07-23 10:57:29,23199,23199.75,23199,23199,15,0.75,0,0.75,0,0,,,,
MNQ SEP25,1s,1,5849,2025-07-23 10:57:30,23199,23199.5,23198.75,23199,13,0.75,0,0.5,0.25,0,,,,
MNQ SEP25,10s,10,5984,2025-07-23 10:57:30,23200.25,23200.25,23197.5,23199,202,2.75,1.25,0,1.5,-1,-135.65,-30,-37.38333333,-78.65
MNQ SEP25,1s,1,5850,2025-07-23 10:57:31,23199.5,23199.5,23198.75,23198.75,7,0.75,0.75,0,0,-1,,,,
MNQ SEP25,1s,1,5851,2025-07-23 10:57:32,23199,23199.75,23199,23199.75,13,0.75,0.75,0,0,1,,,,
MNQ SEP25,1s,1,5852,2025-07-23 10:57:33,23199.5,23200.25,23199.5,23199.75,24,0.75,0.25,0.5,0,1,,,,
MNQ SEP25,1s,1,5853,2025-07-23 10:57:34,23199.75,23200,23199.25,23199.25,23,0.75,0.5,0.25,0,-1,,,,
MNQ SEP25,1s,1,5854,2025-07-23 10:57:35,23199.25,23199.75,23199.25,23199.25,26,0.5,0,0.5,0,0,,,,
MNQ SEP25,1s,1,5855,2025-07-23 10:57:36,23199.75,23200.25,23199.75,23200.25,11,0.5,0.5,0,0,1,,,,
MNQ SEP25,1s,1,5856,2025-07-23 10:57:37,23200.5,23200.5,23200,23200.5,32,0.5,0,0,0.5,0,,,,
MNQ SEP25,1s,1,5857,2025-07-23 10:57:38,23200.5,23200.75,23200.25,23200.25,42,0.5,0.25,0.25,0,-1,,,,
MNQ SEP25,1s,1,5858,2025-07-23 10:57:39,23200.25,23200.75,23200.25,23200.5,12,0.5,0.25,0.25,0,1,,,,
MNQ SEP25,1s,1,5859,2025-07-23 10:57:40,23200.5,23200.5,23199.5,23200,43,1,0.5,0,0.5,-1,,,,
MNQ SEP25,10s,10,5985,2025-07-23 10:57:40,23199.5,23200.75,23198.75,23200,233,2,0.5,0.75,0.75,1,-124.5,11.15,-10.65,-57.41
MNQ SEP25,20s,20,5992,2025-07-23 10:57:40,23200.25,23200.75,23197.5,23200,435,3.25,0.25,0.5,2.5,-1,63.4,-202.7,-59.05,3.32
MNQ SEP25,1s,1,5860,2025-07-23 10:57:41,23200,23200.5,23199.5,23199.75,58,1,0.25,0.5,0.25,-1,,,,
MNQ SEP25,1s,1,5861,2025-07-23 10:57:42,23199.75,23200.5,23199.75,23200.25,49,0.75,0.5,0.25,0,1,,,,
MNQ SEP25,1s,1,5862,2025-07-23 10:57:43,23200.5,23200.5,23200,23200,22,0.5,0.5,0,0,-1,,,,
MNQ SEP25,1s,1,5863,2025-07-23 10:57:44,23200.25,23200.25,23199.75,23199.75,10,0.5,0.5,0,0,-1,,,,
MNQ SEP25,1s,1,5864,2025-07-23 10:57:45,23200,23200.75,23199.75,23200.75,17,1,0.75,0,0.25,1,,,,
MNQ SEP25,1s,1,5865,2025-07-23 10:57:46,23200.75,23202,23200.25,23200.75,189,1.75,0,1.25,0.5,0,,,,
MNQ SEP25,1s,1,5866,2025-07-23 10:57:47,23200.75,23201.75,23200.75,23201.25,48,1,0.5,0.5,0,1,,,,
MNQ SEP25,1s,1,5867,2025-07-23 10:57:48,23201.25,23201.75,23201.25,23201.5,19,0.5,0.25,0.25,0,1,,,,
MNQ SEP25,1s,1,5868,2025-07-23 10:57:49,23201.25,23201.5,23200.5,23200.5,29,1,0.75,0.25,0,-1,,,,
MNQ SEP25,1s,1,5869,2025-07-23 10:57:50,23201,23201.25,23200.75,23200.75,32,0.5,0.25,0.25,0,-1,,,,
MNQ SEP25,10s,10,5986,2025-07-23 10:57:50,23200,23202,23199.5,23200.75,473,2.5,0.75,1.25,0.5,1,-97.5,27,2.71666667,-14.8
MNQ SEP25,1s,1,5870,2025-07-23 10:57:51,23200.75,23201.75,23200.75,23201,72,1,0.25,0.75,0,1,,,,
MNQ SEP25,1s,1,5871,2025-07-23 10:57:52,23201.75,23202,23201.5,23201.5,20,0.5,0.25,0.25,0,-1,,,,
MNQ SEP25,1s,1,5872,2025-07-23 10:57:53,23201.75,23201.75,23201.25,23201.75,17,0.5,0,0,0.5,0,,,,
MNQ SEP25,1s,1,5873,2025-07-23 10:57:54,23201.75,23201.75,23200.75,23201,36,1,0.75,0,0.25,-1,,,,
MNQ SEP25,1s,1,5874,2025-07-23 10:57:55,23200.75,23201,23200.75,23200.75,7,0.25,0,0.25,0,0,,,,
MNQ SEP25,1s,1,5875,2025-07-23 10:57:56,23201,23201.25,23200.5,23201,10,0.75,0,0.25,0.5,0,,,,
MNQ SEP25,1s,1,5876,2025-07-23 10:57:57,23201,23201.25,23200.75,23200.75,9,0.5,0.25,0.25,0,-1,,,,
MNQ SEP25,1s,1,5877,2025-07-23 10:57:58,23201,23201.5,23200.75,23201.25,28,0.75,0.25,0.25,0.25,1,,,,
MNQ SEP25,1s,1,5878,2025-07-23 10:57:59,23201.25,23201.5,23201.25,23201.5,25,0.25,0.25,0,0,1,,,,
MNQ SEP25,1s,1,5879,2025-07-23 10:58:00,23201.25,23201.75,23201,23201.5,24,0.75,0.25,0.25,0.25,1,,,,
MNQ SEP25,10s,10,5987,2025-07-23 10:58:00,23200.75,23202,23200.5,23201.5,248,1.5,0.75,0.5,0.25,1,-104.35,-6.85,10.43333333,-2.36
MNQ SEP25,20s,20,5993,2025-07-23 10:58:00,23200,23202,23199.5,23201.5,721,2.5,1.5,0.5,0.5,1,-156.15,-219.55,-115.03333333,-80.3
MNQ SEP25,1s,1,5880,2025-07-23 10:58:01,23201.75,23202.25,23201,23201.25,72,1.25,0.5,0.5,0.25,-1,,,,
MNQ SEP25,1s,1,5881,2025-07-23 10:58:02,23201.25,23201.75,23201.25,23201.5,23,0.5,0.25,0.25,0,1,,,,
MNQ SEP25,1s,1,5882,2025-07-23 10:58:03,23201.25,23201.75,23201,23201.25,28,0.75,0,0.5,0.25,0,,,,
MNQ SEP25,1s,1,5883,2025-07-23 10:58:04,23201.25,23201.5,23200.75,23200.75,24,0.75,0.5,0.25,0,-1,,,,
MNQ SEP25,1s,1,5884,2025-07-23 10:58:05,23201,23201,23200,23200,30,1,1,0,0,-1,,,,
MNQ SEP25,1s,1,5885,2025-07-23 10:58:06,23199.75,23200.25,23199.75,23200.25,18,0.5,0.5,0,0,1,,,,
MNQ SEP25,1s,1,5886,2025-07-23 10:58:07,23200,23200.25,23199.75,23200,12,0.5,0,0.25,0.25,0,,,,
MNQ SEP25,1s,1,5887,2025-07-23 10:58:08,23199.75,23200,23199.25,23199.5,45,0.75,0.25,0.25,0.25,-1,,,,
MNQ SEP25,1s,1,5888,2025-07-23 10:58:09,23199.5,23200.25,23199.5,23200.25,28,0.75,0.75,0,0,1,,,,
MNQ SEP25,1s,1,5889,2025-07-23 10:58:10,23199.75,23201.5,23199.75,23201.5,21,1.75,1.75,0,0,1,,,,
MNQ SEP25,10s,10,5988,2025-07-23 10:58:10,23201.75,23202.25,23199.25,23201.5,301,3,0.25,0.5,2.25,-1,-93.45,10.9,10.35,2.44
MNQ SEP25,1s,1,5890,2025-07-23 10:58:11,23201.5,23201.75,23201,23201.25,10,0.75,0.25,0.25,0.25,-1,,,,
MNQ SEP25,1s,1,5891,2025-07-23 10:58:12,23201.5,23201.5,23200.75,23201.25,21,0.75,0.25,0,0.5,-1,,,,
MNQ SEP25,1s,1,5892,2025-07-23 10:58:13,23201.5,23202,23201.25,23202,24,0.75,0.5,0,0.25,1,,,,
MNQ SEP25,1s,1,5893,2025-07-23 10:58:14,23201.25,23201.75,23201.25,23201.5,7,0.5,0.25,0.25,0,1,,,,
MNQ SEP25,1s,1,5894,2025-07-23 10:58:15,23201.25,23201.75,23200.75,23201.25,16,1,0,0.5,0.5,0,,,,
MNQ SEP25,1s,1,5895,2025-07-23 10:58:16,23200.75,23201.75,23200.75,23201.75,22,1,1,0,0,1,,,,
MNQ SEP25,1s,1,5896,2025-07-23 10:58:17,23201.5,23201.75,23201,23201.25,12,0.75,0.25,0.25,0.25,-1,,,,
MNQ SEP25,1s,1,5897,2025-07-23 10:58:18,23201,23201.5,23201,23201,12,0.5,0,0.5,0,0,,,,
MNQ SEP25,1s,1,5898,2025-07-23 10:58:19,23201.5,23201.5,23200.5,23200.5,6,1,1,0,0,-1,,,,
MNQ SEP25,1s,1,5899,2025-07-23 10:58:20,23201,23201.5,23200.5,23201.5,14,1,0.5,0,0.5,1,,,,
MNQ SEP25,10s,10,5989,2025-07-23 10:58:20,23201.5,23202,23200.5,23201.5,144,1.5,0,0.5,1,0,-101.1,-7.65,-1.2,6.91
MNQ SEP25,20s,20,5994,2025-07-23 10:58:20,23201.75,23202.25,23199.25,23201.5,445,3,0.25,0.5,2.25,-1,-152.2,3.95,-139.43333333,-78.55
MNQ SEP25,1s,1,5900,2025-07-23 10:58:21,23201,23201.75,23201,23201.75,10,0.75,0.75,0,0,1,,,,
MNQ SEP25,1s,1,5901,2025-07-23 10:58:22,23201.25,23201.25,23200.75,23200.75,11,0.5,0.5,0,0,-1,,,,
MNQ SEP25,1s,1,5902,2025-07-23 10:58:23,23200.25,23200.75,23200.25,23200.25,19,0.5,0,0.5,0,0,,,,
MNQ SEP25,1s,1,5903,2025-07-23 10:58:24,23200,23200.5,23199.5,23199.75,16,1,0.25,0.5,0.25,-1,,,,
MNQ SEP25,1s,1,5904,2025-07-23 10:58:25,23199.5,23199.5,23199.25,23199.5,15,0.25,0,0,0.25,0,,,,
MNQ SEP25,1s,1,5905,2025-07-23 10:58:26,23199.5,23199.75,23199.25,23199.75,16,0.5,0.25,0,0.25,1,,,,
MNQ SEP25,1s,1,5906,2025-07-23 10:58:27,23199.5,23199.75,23199,23199,24,0.75,0.5,0.25,0,-1,,,,
MNQ SEP25,1s,1,5907,2025-07-23 10:58:28,23199.75,23199.75,23198.75,23199,24,1,0.75,0,0.25,-1,,,,
MNQ SEP25,1s,1,5908,2025-07-23 10:58:29,23198.75,23199,23198,23198.75,27,1,0,0.25,0.75,0,,,,
MNQ SEP25,1s,1,5909,2025-07-23 10:58:30,23199,23199.25,23198,23198.25,46,1.25,0.75,0.25,0.25,-1,,,,
MNQ SEP25,10s,10,5990,2025-07-23 10:58:30,23201,23201.75,23198,23198.25,208,3.75,2.75,0.75,0.25,-1,-97.4,3.7,2.31666667,5.42
MNQ SEP25,1s,1,5910,2025-07-23 10:58:31,23198.5,23198.75,23198,23198,29,0.75,0.5,0.25,0,-1,,,,
MNQ SEP25,1s,1,5911,2025-07-23 10:58:32,23198,23198.75,23197.75,23198.25,13,1,0.25,0.5,0.25,1,,,,
MNQ SEP25,1s,1,5912,2025-07-23 10:58:33,23198.25,23198.25,23198,23198,15,0.25,0.25,0,0,-1,,,,
MNQ SEP25,1s,1,5913,2025-07-23 10:58:34,23198.5,23198.5,23197.5,23197.5,25,1,1,0,0,-1,,,,
MNQ SEP25,1s,1,5914,2025-07-23 10:58:35,23198,23198.25,23197,23197.75,44,1.25,0.25,0.25,0.75,-1,,,,
MNQ SEP25,1s,1,5915,2025-07-23 10:58:36,23198,23198.5,23197.75,23197.75,14,0.75,0.25,0.5,0,-1,,,,
MNQ SEP25,1s,1,5916,2025-07-23 10:58:37,23198,23198.5,23197.25,23198.25,55,1.25,0.25,0.25,0.75,1,,,,
MNQ SEP25,1s,1,5917,2025-07-23 10:58:38,23198.5,23198.5,23197.75,23197.75,7,0.75,0.75,0,0,-1,,,,
MNQ SEP25,1s,1,5918,2025-07-23 10:58:39,23197.75,23199,23197.75,23199,16,1.25,1.25,0,0,1,,,,
MNQ SEP25,1s,1,5919,2025-07-23 10:58:40,23199.25,23199.5,23198.5,23198.75,30,1,0.5,0.25,0.25,-1,,,,
MNQ SEP25,10s,10,5991,2025-07-23 10:58:40,23198.5,23199.5,23197,23198.75,248,2.5,0.25,0.75,1.5,1,-136.15,-38.75,-14.23333333,-7.73
MNQ SEP25,20s,20,5995,2025-07-23 10:58:40,23201,23201.75,23197,23198.75,456,4.75,2.25,0.75,1.75,-1,-138.5,13.7,-67.3,-65.49
MNQ SEP25,1s,1,5920,2025-07-23 10:58:41,23198.5,23199,23198.5,23198.5,18,0.5,0,0.5,0,0,,,,
MNQ SEP25,1s,1,5921,2025-07-23 10:58:42,23199,23199.5,23199,23199.5,8,0.5,0.5,0,0,1,,,,
MNQ SEP25,1s,1,5922,2025-07-23 10:58:43,23199.75,23199.75,23198.5,23199,49,1.25,0.75,0,0.5,-1,,,,
MNQ SEP25,1s,1,5923,2025-07-23 10:58:44,23199.25,23199.25,23198.75,23198.75,9,0.5,0.5,0,0,-1,,,,
MNQ SEP25,1s,1,5924,2025-07-23 10:58:45,23198.75,23199,23198.75,23199,16,0.25,0.25,0,0,1,,,,
MNQ SEP25,1s,1,5925,2025-07-23 10:58:46,23199.25,23199.75,23199.25,23199.75,8,0.5,0.5,0,0,1,,,,
MNQ SEP25,1s,1,5926,2025-07-23 10:58:47,23199,23199,23198.75,23198.75,8,0.25,0.25,0,0,-1,,,,
MNQ SEP25,1s,1,5927,2025-07-23 10:58:48,23198.75,23199,23198.5,23198.5,6,0.5,0.25,0.25,0,-1,,,,
MNQ SEP25,1s,1,5928,2025-07-23 10:58:49,23198.75,23199.25,23198.5,23199.25,32,0.75,0.5,0,0.25,1,,,,
MNQ SEP25,1s,1,5929,2025-07-23 10:58:50,23199.5,23200,23198.75,23199,32,1.25,0.5,0.5,0.25,-1,,,,
MNQ SEP25,10s,10,5992,2025-07-23 10:58:50,23198.5,23200,23198.5,23199,186,1.5,0.5,1,0,1,-152.65,-16.5,-17.18333333,-9.66
MNQ SEP25,1s,1,5930,2025-07-23 10:58:51,23198.25,23199.25,23198.25,23199.25,21,1,1,0,0,1,,,,
MNQ SEP25,1s,1,5931,2025-07-23 10:58:52,23199,23199.5,23198.75,23199.5,49,0.75,0.5,0,0.25,1,,,,
MNQ SEP25,1s,1,5932,2025-07-23 10:58:53,23199.5,23200.75,23199.5,23200.75,33,1.25,1.25,0,0,1,,,,
MNQ SEP25,1s,1,5933,2025-07-23 10:58:54,23200,23200.75,23200,23200.75,7,0.75,0.75,0,0,1,,,,
MNQ SEP25,1s,1,5934,2025-07-23 10:58:55,23200.75,23200.75,23200.25,23200.25,5,0.5,0.5,0,0,-1,,,,
MNQ SEP25,1s,1,5935,2025-07-23 10:58:56,23200.5,23200.5,23200,23200.25,15,0.5,0.25,0,0.25,-1,,,,
MNQ SEP25,1s,1,5936,2025-07-23 10:58:57,23200.25,23200.5,23200,23200.25,31,0.5,0,0.25,0.25,0,,,,
MNQ SEP25,1s,1,5937,2025-07-23 10:58:58,23200,23200.25,23199.5,23199.75,11,0.75,0.25,0.25,0.25,-1,,,,
MNQ SEP25,1s,1,5938,2025-07-23 10:58:59,23200.5,23201,23200.25,23201,10,0.75,0.5,0,0.25,1,,,,
MNQ SEP25,1s,1,5939,2025-07-23 10:59:00,23200.5,23200.75,23200.25,23200.25,15,0.5,0.25,0.25,0,-1,,,,
MNQ SEP25,10s,10,5993,2025-07-23 10:59:00,23198.25,23201,23198.25,23200.25,197,2.75,2,0.75,0,1,-174.95,-22.3,-25.85,-16.3
MNQ SEP25,20s,20,5996,2025-07-23 10:59:00,23198.5,23201,23198.25,23200.25,383,2.75,1.75,0.75,0.25,1,-137.2,1.3,6.31666667,-80.66
MNQ SEP25,1s,1,5940,2025-07-23 10:59:01,23200.5,23201.75,23200.5,23201.5,65,1.25,1,0.25,0,1,,,,
MNQ SEP25,1s,1,5941,2025-07-23 10:59:02,23201.75,23202,23201.5,23201.75,43,0.5,0,0.25,0.25,0,,,,
MNQ SEP25,1s,1,5942,2025-07-23 10:59:03,23202,23202.25,23201.5,23201.75,31,0.75,0.25,0.25,0.25,-1,,,,
MNQ SEP25,1s,1,5943,2025-07-23 10:59:04,23202,23202,23201.25,23201.75,17,0.75,0.25,0,0.5,-1,,,,
MNQ SEP25,1s,1,5944,2025-07-23 10:59:05,23201.75,23202,23201.5,23202,12,0.5,0.25,0,0.25,1,,,,
MNQ SEP25,1s,1,5945,2025-07-23 10:59:06,23201.5,23201.75,23201.5,23201.5,8,0.25,0,0.25,0,0,,,,
MNQ SEP25,1s,1,5946,2025-07-23 10:59:07,23201.5,23201.75,23201.25,23201.75,10,0.5,0.25,0,0.25,1,,,,
MNQ SEP25,1s,1,5947,2025-07-23 10:59:08,23202,23202.25,23201.75,23202.25,58,0.5,0.25,0,0.25,1,,,,
MNQ SEP25,1s,1,5948,2025-07-23 10:59:09,23202.25,23202.5,23201.75,23202,45,0.75,0.25,0.25,0.25,-1,,,,
MNQ SEP25,1s,1,5949,2025-07-23 10:59:10,23202.5,23203,23202,23202,57,1,0.5,0.5,0,-1,,,,
MNQ SEP25,10s,10,5994,2025-07-23 10:59:10,23200.5,23203,23200.5,23202,346,2.5,1.5,1,0,1,-110.2,64.75,8.65,-1.82
MNQ SEP25,1s,1,5950,2025-07-23 10:59:11,23202.25,23202.25,23201.75,23201.75,41,0.5,0.5,0,0,-1,,,,
MNQ SEP25,1s,1,5951,2025-07-23 10:59:12,23201.5,23201.75,23201.25,23201.5,17,0.5,0,0.25,0.25,0,,,,
MNQ SEP25,1s,1,5952,2025-07-23 10:59:13,23202,23202.75,23202,23202.5,14,0.75,0.5,0.25,0,1,,,,
MNQ SEP25,1s,1,5953,2025-07-23 10:59:14,23202.5,23202.75,23202.25,23202.75,16,0.5,0.25,0,0.25,1,,,,
MNQ SEP25,1s,1,5954,2025-07-23 10:59:15,23202.5,23203,23202.5,23203,42,0.5,0.5,0,0,1,,,,
MNQ SEP25,1s,1,5955,2025-07-23 10:59:16,23203.25,23203.25,23202,23202.5,68,1.25,0.75,0,0.5,-1,,,,
MNQ SEP25,1s,1,5956,2025-07-23 10:59:17,23203,23203,23202,23202,48,1,1,0,0,-1,,,,
MNQ SEP25,1s,1,5957,2025-07-23 10:59:18,23202.25,23202.5,23201.75,23202.25,23,0.75,0,0.25,0.5,0,,,,
MNQ SEP25,1s,1,5958,2025-07-23 10:59:19,23202.5,23203,23202.5,23202.75,24,0.5,0.25,0.25,0,1,,,,
MNQ SEP25,1s,1,5959,2025-07-23 10:59:20,23203,23203.25,23202.75,23203,22,0.5,0,0.25,0.25,0,,,,
MNQ SEP25,10s,10,5995,2025-07-23 10:59:20,23202.25,23203.25,23201.25,23203,315,2,0.75,0.25,1,1,-69.55,40.65,27.7,5.57
MNQ SEP25,20s,20,5997,2025-07-23 10:59:20,23200.5,23203.25,23200.5,23203,661,2.75,2.5,0.25,0,1,-98.55,38.65,17.88333333,-32.39
MNQ SEP25,1s,1,5960,2025-07-23 10:59:21,23203,23203.25,23202.75,23203.25,14,0.5,0.25,0,0.25,1,,,,
MNQ SEP25,1s,1,5961,2025-07-23 10:59:22,23203.25,23204,23203.25,23203.5,78,0.75,0.25,0.5,0,1,,,,
MNQ SEP25,1s,1,5962,2025-07-23 10:59:23,23203.75,23203.75,23202.75,23203,38,1,0.75,0,0.25,-1,,,,
MNQ SEP25,1s,1,5963,2025-07-23 10:59:24,23202.5,23203,23202.25,23202.5,49,0.75,0,0.5,0.25,0,,,,
MNQ SEP25,1s,1,5964,2025-07-23 10:59:25,23202.5,23202.75,23202.25,23202.25,25,0.5,0.25,0.25,0,-1,,,,
MNQ SEP25,1s,1,5965,2025-07-23 10:59:26,23203,23203.25,23202.75,23203,15,0.5,0,0.25,0.25,0,,,,
MNQ SEP25,1s,1,5966,2025-07-23 10:59:27,23203,23203,23202.25,23202.5,11,0.75,0.5,0,0.25,-1,,,,
MNQ SEP25,1s,1,5967,2025-07-23 10:59:28,23202.75,23202.75,23202,23202,28,0.75,0.75,0,0,-1,,,,
MNQ SEP25,1s,1,5968,2025-07-23 10:59:29,23202.25,23202.25,23201.25,23201.5,27,1,0.75,0,0.25,-1,,,,
MNQ SEP25,1s,1,5969,2025-07-23 10:59:30,23201.5,23201.75,23201.25,23201.75,11,0.5,0.25,0,0.25,1,,,,
MNQ SEP25,10s,10,5996,2025-07-23 10:59:30,23203,23204,23201.25,23201.75,296,2.75,1.25,1,0.5,-1,-14.7,54.85,53.41666667,24.29
MNQ SEP25,1s,1,5970,2025-07-23 10:59:31,23201.5,23201.75,23200.75,23200.75,25,1,0.75,0.25,0,-1,,,,
MNQ SEP25,1s,1,5971,2025-07-23 10:59:32,23200.75,23202,23200.75,23202,42,1.25,1.25,0,0,1,,,,
MNQ SEP25,1s,1,5972,2025-07-23 10:59:33,23201.25,23201.5,23200.75,23201.5,18,0.75,0.25,0,0.5,1,,,,
MNQ SEP25,1s,1,5973,2025-07-23 10:59:34,23201.5,23201.5,23200.25,23200.25,19,1.25,1.25,0,0,-1,,,,
MNQ SEP25,1s,1,5974,2025-07-23 10:59:35,23200.25,23200.5,23199.5,23200.25,59,1,0,0.25,0.75,0,,,,
MNQ SEP25,1s,1,5975,2025-07-23 10:59:36,23200.5,23200.5,23199,23199,20,1.5,1.5,0,0,-1,,,,
MNQ SEP25,1s,1,5976,2025-07-23 10:59:37,23199,23200.25,23199,23200,48,1.25,1,0.25,0,1,,,,
MNQ SEP25,1s,1,5977,2025-07-23 10:59:38,23199.75,23200,23199.25,23199.25,17,0.75,0.5,0.25,0,-1,,,,
MNQ SEP25,1s,1,5978,2025-07-23 10:59:39,23199.5,23200,23199.25,23199.25,14,0.75,0.25,0.5,0,-1,,,,
MNQ SEP25,1s,1,5979,2025-07-23 10:59:40,23199.5,23199.75,23199,23199.75,36,0.75,0.25,0,0.5,1,,,,
MNQ SEP25,10s,10,5997,2025-07-23 10:59:40,23201.5,23202,23199,23199.75,298,3,1.75,0.5,0.75,-1,22.2,36.9,44.13333333,34.97
MNQ SEP25,20s,20,5998,2025-07-23 10:59:40,23203,23204,23199,23199.75,594,5,3.25,1,0.75,-1,-131.7,-33.15,2.26666667,4.89
MNQ SEP25,1s,1,5980,2025-07-23 10:59:41,23200,23201,23200,23201,33,1,1,0,0,1,,,,
MNQ SEP25,1s,1,5981,2025-07-23 10:59:42,23200.75,23201,23199.75,23199.75,9,1.25,1,0.25,0,-1,,,,
MNQ SEP25,1s,1,5982,2025-07-23 10:59:43,23200.5,23200.5,23199.75,23199.75,10,0.75,0.75,0,0,-1,,,,
MNQ SEP25,1s,1,5983,2025-07-23 10:59:44,23200.5,23200.75,23200,23200.75,25,0.75,0.25,0,0.5,1,,,,
MNQ SEP25,1s,1,5984,2025-07-23 10:59:45,23200.25,23200.25,23199.75,23199.75,15,0.5,0.5,0,0,-1,,,,
MNQ SEP25,1s,1,5985,2025-07-23 10:59:46,23199.75,23200.25,23199.5,23199.75,17,0.75,0,0.5,0.25,0,,,,
MNQ SEP25,1s,1,5986,2025-07-23 10:59:47,23200,23200,23199.5,23199.75,13,0.5,0.25,0,0.25,-1,,,,
MNQ SEP25,1s,1,5987,2025-07-23 10:59:48,23199.75,23200.5,23199.25,23199.5,45,1.25,0.25,0.75,0.25,-1,,,,
MNQ SEP25,1s,1,5988,2025-07-23 10:59:49,23199.75,23200.25,23199.5,23200.25,12,0.75,0.5,0,0.25,1,,,,
MNQ SEP25,1s,1,5989,2025-07-23 10:59:50,23200,23200,23199.75,23199.75,3,0.25,0.25,0,0,-1,,,,
MNQ SEP25,10s,10,5998,2025-07-23 10:59:50,23200,23201,23199.25,23199.75,182,1.75,0.25,1,0.5,-1,24.65,2.45,31.4,39.92
MNQ SEP25,1s,1,5990,2025-07-23 10:59:51,23200.25,23200.25,23199.75,23199.75,4,0.5,0.5,0,0,-1,,,,
MNQ SEP25,1s,1,5991,2025-07-23 10:59:52,23200.25,23200.25,23200,23200,20,0.25,0.25,0,0,-1,,,,
MNQ SEP25,1s,1,5992,2025-07-23 10:59:53,23199.75,23200.5,23199.5,23199.75,39,1,0,0.75,0.25,0,,,,
MNQ SEP25,1s,1,5993,2025-07-23 10:59:54,23199.75,23200,23199.5,23199.75,24,0.5,0,0.25,0.25,0,,,,
MNQ SEP25,1s,1,5994,2025-07-23 10:59:55,23199.5,23200.25,23199.5,23199.75,32,0.75,0.25,0.5,0,1,,,,
MNQ SEP25,1s,1,5995,2025-07-23 10:59:56,23199.75,23200,23199.5,23199.75,8,0.5,0,0.25,0.25,0,,,,
MNQ SEP25,1s,1,5996,2025-07-23 10:59:57,23200,23200.25,23199.75,23200.25,17,0.5,0.25,0,0.25,1,,,,
MNQ SEP25,1s,1,5997,2025-07-23 10:59:58,23200.25,23200.5,23200,23200,22,0.5,0.25,0.25,0,-1,,,,
MNQ SEP25,1s,1,5998,2025-07-23 10:59:59,23199.75,23200.25,23199.75,23200,24,0.5,0.25,0.25,0,1,,,,
