Instrument,Series,SeriesSeconds,BarIndex,Time,Open,High,Low,Close,Volume,Range,Body,UpperWick,LowerWick,Direction,VO,VO_Change,VO_Slope3,VO_Slope5
MNQ SEP25,1s,1,0,2025-09-12 09:18:59,24046.5,24046.5,24046.5,24046.5,4,0,0,0,0,0,,,,
MNQ SEP25,1s,1,1,2025-09-12 09:19:00,24046.5,24046.5,24045.75,24046.25,22,0.75,0.25,0,0.5,-1,,,,
MNQ SEP25,10s,10,5393,2025-09-12 09:19:00,24047.5,24048,24045.75,24046.25,78,2.25,1.25,0.5,0.5,-1,-26.6,0.1,-4.66666667,-4.41
MNQ SEP25,20s,20,5696,2025-09-12 09:19:00,24047.75,24048,24045.75,24046.25,98,2.25,1.5,0.25,0.5,-1,-23.95,-5.35,-3.26666667,-7.33
MNQ SEP25,1s,1,2,2025-09-12 09:19:01,24045.75,24046.5,24045.75,24046.5,21,0.75,0.75,0,0,1,,,,
MNQ SEP25,1s,1,3,2025-09-12 09:19:02,24046.75,24046.75,24046.5,24046.5,7,0.25,0.25,0,0,-1,,,,
MNQ SEP25,1s,1,4,2025-09-12 09:19:03,24046.5,24047,24046.5,24046.5,7,0.5,0,0.5,0,0,,,,
MNQ SEP25,1s,1,5,2025-09-12 09:19:04,24046.5,24046.75,24046.5,24046.75,2,0.25,0.25,0,0,1,,,,
MNQ SEP25,1s,1,6,2025-09-12 09:19:05,24046.5,24047,24046.5,24047,2,0.5,0.5,0,0,1,,,,
MNQ SEP25,1s,1,7,2025-09-12 09:19:06,24047,24047,24047,24047,1,0,0,0,0,0,,,,
MNQ SEP25,1s,1,8,2025-09-12 09:19:07,24047,24047.25,24047,24047.25,4,0.25,0.25,0,0,1,,,,
MNQ SEP25,1s,1,9,2025-09-12 09:19:08,24046.75,24046.75,24046.75,24046.75,1,0,0,0,0,0,,,,
MNQ SEP25,1s,1,10,2025-09-12 09:19:09,24047,24047,24047,24047,1,0,0,0,0,0,,,,
MNQ SEP25,1s,1,11,2025-09-12 09:19:10,24047,24047,24047,24047,11,0,0,0,0,0,,,,
MNQ SEP25,10s,10,5394,2025-09-12 09:19:10,24045.75,24047.25,24045.75,24047,57,1.5,1.25,0.25,0,1,-23.15,3.45,-0.96666667,-3.38
MNQ SEP25,1s,1,12,2025-09-12 09:19:11,24046.75,24047.25,24046.5,24046.5,23,0.75,0.25,0.5,0,-1,,,,
MNQ SEP25,1s,1,13,2025-09-12 09:19:12,24046.25,24046.25,24046,24046,13,0.25,0.25,0,0,-1,,,,
MNQ SEP25,1s,1,14,2025-09-12 09:19:13,24046.25,24046.25,24046.25,24046.25,2,0,0,0,0,0,,,,
MNQ SEP25,1s,1,15,2025-09-12 09:19:14,24046,24046.25,24046,24046.25,6,0.25,0.25,0,0,1,,,,
MNQ SEP25,1s,1,16,2025-09-12 09:19:15,24046,24046.25,24045.75,24046,37,0.5,0,0.25,0.25,0,,,,
MNQ SEP25,1s,1,17,2025-09-12 09:19:16,24046,24046.25,24046,24046,6,0.25,0,0.25,0,0,,,,
MNQ SEP25,1s,1,18,2025-09-12 09:19:17,24046,24046,24046,24046,26,0,0,0,0,0,,,,
MNQ SEP25,1s,1,19,2025-09-12 09:19:18,24045.75,24046,24045.75,24045.75,7,0.25,0,0.25,0,0,,,,
MNQ SEP25,1s,1,20,2025-09-12 09:19:19,24046.25,24046.5,24046,24046,14,0.5,0.25,0.25,0,-1,,,,
MNQ SEP25,1s,1,21,2025-09-12 09:19:20,24046,24046,24046,24046,1,0,0,0,0,0,,,,
MNQ SEP25,10s,10,5395,2025-09-12 09:19:20,24046.75,24047.25,24045.75,24046,135,1.5,0.75,0.5,0.25,-1,-2.75,20.4,7.98333333,1.97
MNQ SEP25,20s,20,5697,2025-09-12 09:19:20,24045.75,24047.25,24045.75,24046,192,1.5,0.25,1.25,0,1,-11.8,12.15,-1.43333333,-3.7
MNQ SEP25,1s,1,22,2025-09-12 09:19:21,24046,24046,24046,24046,3,0,0,0,0,0,,,,
MNQ SEP25,1s,1,23,2025-09-12 09:19:22,24046.25,24046.5,24046,24046.5,5,0.5,0.25,0,0.25,1,,,,
MNQ SEP25,1s,1,24,2025-09-12 09:19:24,24046.25,24046.5,24046.25,24046.5,2,0.25,0.25,0,0,1,,,,
MNQ SEP25,1s,1,25,2025-09-12 09:19:25,24046.5,24046.5,24046.5,24046.5,1,0,0,0,0,0,,,,
MNQ SEP25,1s,1,26,2025-09-12 09:19:26,24046.25,24046.25,24046.25,24046.25,2,0,0,0,0,0,,,,
MNQ SEP25,1s,1,27,2025-09-12 09:19:27,24046.25,24046.25,24046.25,24046.25,1,0,0,0,0,0,,,,
MNQ SEP25,1s,1,28,2025-09-12 09:19:28,24046.5,24047.25,24046.25,24046.5,50,1,0,0.75,0.25,0,,,,
MNQ SEP25,1s,1,29,2025-09-12 09:19:29,24047,24047,24046.75,24046.75,3,0.25,0.25,0,0,-1,,,,
MNQ SEP25,1s,1,30,2025-09-12 09:19:30,24046.5,24047.25,24046.5,24046.75,10,0.75,0.25,0.5,0,1,,,,
MNQ SEP25,10s,10,5396,2025-09-12 09:19:30,24046,24047.25,24046,24046.75,77,1.25,0.75,0.5,0,1,13.25,16,13.28333333,6.7
MNQ SEP25,1s,1,31,2025-09-12 09:19:31,24046.5,24046.75,24046.5,24046.75,4,0.25,0.25,0,0,1,,,,
MNQ SEP25,1s,1,32,2025-09-12 09:19:32,24046.75,24046.75,24046.5,24046.5,2,0.25,0.25,0,0,-1,,,,
MNQ SEP25,1s,1,33,2025-09-12 09:19:35,24046.5,24046.5,24046.5,24046.5,3,0,0,0,0,0,,,,
MNQ SEP25,1s,1,34,2025-09-12 09:19:36,24046.5,24046.5,24046.5,24046.5,3,0,0,0,0,0,,,,
MNQ SEP25,1s,1,35,2025-09-12 09:19:37,24046.75,24046.75,24046.75,24046.75,3,0,0,0,0,0,,,,
MNQ SEP25,1s,1,36,2025-09-12 09:19:38,24046.5,24046.5,24046.25,24046.5,6,0.25,0,0,0.25,0,,,,
MNQ SEP25,1s,1,37,2025-09-12 09:19:39,24046.5,24046.5,24046.5,24046.5,3,0,0,0,0,0,,,,
MNQ SEP25,1s,1,38,2025-09-12 09:19:40,24046.75,24046.75,24046.75,24046.75,6,0,0,0,0,0,,,,
MNQ SEP25,10s,10,5397,2025-09-12 09:19:40,24046.5,24046.75,24046.25,24046.75,30,0.5,0.25,0,0.25,1,16.5,3.25,13.21666667,8.64
MNQ SEP25,20s,20,5698,2025-09-12 09:19:40,24046,24047.25,24046,24046.75,107,1.25,0.75,0.5,0,1,-14.85,-3.05,1.25,-0.14
MNQ SEP25,1s,1,39,2025-09-12 09:19:41,24046.5,24046.5,24046.25,24046.25,3,0.25,0.25,0,0,-1,,,,
MNQ SEP25,1s,1,40,2025-09-12 09:19:42,24046.25,24046.25,24046.25,24046.25,1,0,0,0,0,0,,,,
MNQ SEP25,1s,1,41,2025-09-12 09:19:43,24046.5,24046.5,24046.5,24046.5,2,0,0,0,0,0,,,,
MNQ SEP25,1s,1,42,2025-09-12 09:19:45,24046.25,24046.25,24046.25,24046.25,4,0,0,0,0,0,,,,
MNQ SEP25,1s,1,43,2025-09-12 09:19:46,24046,24046.5,24046,24046.5,8,0.5,0.5,0,0,1,,,,
MNQ SEP25,1s,1,44,2025-09-12 09:19:47,24046,24046.25,24046,24046.25,16,0.25,0.25,0,0,1,,,,
MNQ SEP25,1s,1,45,2025-09-12 09:19:48,24046.5,24046.5,24046.25,24046.5,3,0.25,0,0,0.25,0,,,,
MNQ SEP25,1s,1,46,2025-09-12 09:19:49,24046.5,24046.5,24046.5,24046.5,1,0,0,0,0,0,,,,
MNQ SEP25,1s,1,47,2025-09-12 09:19:50,24046.25,24046.25,24046,24046,7,0.25,0.25,0,0,-1,,,,
MNQ SEP25,10s,10,5398,2025-09-12 09:19:50,24046.5,24046.5,24046,24046,45,0.5,0.5,0,0,-1,8.95,-7.55,3.9,7.11
MNQ SEP25,1s,1,48,2025-09-12 09:19:52,24046.25,24046.25,24046.25,24046.25,16,0,0,0,0,0,,,,
MNQ SEP25,1s,1,49,2025-09-12 09:19:53,24046,24046.5,24046,24046.5,9,0.5,0.5,0,0,1,,,,
MNQ SEP25,1s,1,50,2025-09-12 09:19:54,24046.5,24046.5,24046.5,24046.5,1,0,0,0,0,0,,,,
MNQ SEP25,1s,1,51,2025-09-12 09:19:55,24046.5,24046.5,24046,24046,2,0.5,0.5,0,0,-1,,,,
MNQ SEP25,1s,1,52,2025-09-12 09:19:56,24046.5,24046.5,24046.5,24046.5,2,0,0,0,0,0,,,,
MNQ SEP25,1s,1,53,2025-09-12 09:19:57,24047,24047.5,24046.75,24047.5,22,0.75,0.5,0,0.25,1,,,,
MNQ SEP25,1s,1,54,2025-09-12 09:19:58,24047.5,24048.5,24047.5,24048,25,1,0.5,0.5,0,1,,,,
MNQ SEP25,1s,1,55,2025-09-12 09:19:59,24047.75,24048,24047.75,24048,7,0.25,0.25,0,0,1,,,,
MNQ SEP25,1s,1,56,2025-09-12 09:20:00,24047.75,24047.75,24047.75,24047.75,1,0,0,0,0,0,,,,
MNQ SEP25,10s,10,5399,2025-09-12 09:20:00,24046.25,24048.5,24046,24047.75,85,2.5,1.5,0.75,0.25,1,13.9,4.95,0.21666667,7.41
MNQ SEP25,20s,20,5699,2025-09-12 09:20:00,24046.5,24048.5,24046,24047.75,130,2.5,1.25,0.75,0.5,1,-13.75,1.1,3.4,-1.25
MNQ SEP25,1s,1,57,2025-09-12 09:20:01,24048.25,24048.25,24047.75,24048,18,0.5,0.25,0,0.25,-1,,,,
MNQ SEP25,1s,1,58,2025-09-12 09:20:02,24047.75,24047.75,24047.5,24047.5,8,0.25,0.25,0,0,-1,,,,
MNQ SEP25,1s,1,59,2025-09-12 09:20:03,24047.75,24047.75,24047.5,24047.75,8,0.25,0,0,0.25,0,,,,
MNQ SEP25,1s,1,60,2025-09-12 09:20:04,24047.25,24047.25,24047.25,24047.25,11,0,0,0,0,0,,,,
MNQ SEP25,1s,1,61,2025-09-12 09:20:06,24047.25,24047.5,24047.25,24047.5,3,0.25,0.25,0,0,1,,,,
MNQ SEP25,1s,1,62,2025-09-12 09:20:07,24047.75,24047.75,24047.25,24047.25,3,0.5,0.5,0,0,-1,,,,
MNQ SEP25,1s,1,63,2025-09-12 09:20:08,24047,24047.5,24047,24047,4,0.5,0,0.5,0,0,,,,
MNQ SEP25,1s,1,64,2025-09-12 09:20:09,24047,24047.5,24047,24047.5,7,0.5,0.5,0,0,1,,,,
MNQ SEP25,1s,1,65,2025-09-12 09:20:10,24047.5,24047.5,24047.5,24047.5,1,0,0,0,0,0,,,,
MNQ SEP25,10s,10,5400,2025-09-12 09:20:10,24048.25,24048.25,24047,24047.5,63,1.25,0.75,0,0.5,-1,-2.1,-16,-6.2,0.13
MNQ SEP25,1s,1,66,2025-09-12 09:20:11,24047,24047,24047,24047,5,0,0,0,0,0,,,,
MNQ SEP25,1s,1,67,2025-09-12 09:20:12,24046.75,24047,24046.75,24047,5,0.25,0.25,0,0,1,,,,
MNQ SEP25,1s,1,68,2025-09-12 09:20:13,24046.75,24047,24046.75,24047,4,0.25,0.25,0,0,1,,,,
MNQ SEP25,1s,1,69,2025-09-12 09:20:14,24046.5,24046.5,24046.25,24046.25,8,0.25,0.25,0,0,-1,,,,
MNQ SEP25,1s,1,70,2025-09-12 09:20:16,24047,24047,24046.5,24046.5,13,0.5,0.5,0,0,-1,,,,
MNQ SEP25,1s,1,71,2025-09-12 09:20:17,24046.5,24046.75,24046.5,24046.75,5,0.25,0.25,0,0,1,,,,
MNQ SEP25,1s,1,72,2025-09-12 09:20:18,24046.5,24046.5,24046.25,24046.25,4,0.25,0.25,0,0,-1,,,,
MNQ SEP25,1s,1,73,2025-09-12 09:20:19,24046.25,24046.5,24046.25,24046.5,2,0.25,0.25,0,0,1,,,,
MNQ SEP25,1s,1,74,2025-09-12 09:20:20,24046.25,24046.5,24046.25,24046.5,3,0.25,0.25,0,0,1,,,,
MNQ SEP25,10s,10,5401,2025-09-12 09:20:20,24047,24047,24046.25,24046.5,49,0.75,0.5,0,0.25,-1,-5.15,-3.05,-4.7,-3.68
MNQ SEP25,20s,20,5700,2025-09-12 09:20:20,24048.25,24048.25,24046.25,24046.5,112,2,1.75,0,0.25,-1,0,13.75,3.93333333,3.72
MNQ SEP25,1s,1,75,2025-09-12 09:20:22,24046.75,24047,24046.75,24047,3,0.25,0.25,0,0,1,,,,
MNQ SEP25,1s,1,76,2025-09-12 09:20:23,24047,24047,24047,24047,1,0,0,0,0,0,,,,
MNQ SEP25,1s,1,77,2025-09-12 09:20:24,24047,24047.25,24047,24047,3,0.25,0,0.25,0,0,,,,
MNQ SEP25,1s,1,78,2025-09-12 09:20:25,24046.75,24046.75,24046.75,24046.75,2,0,0,0,0,0,,,,
MNQ SEP25,1s,1,79,2025-09-12 09:20:27,24047,24047,24046.5,24046.5,7,0.5,0.5,0,0,-1,,,,
MNQ SEP25,1s,1,80,2025-09-12 09:20:30,24047,24047,24047,24047,9,0,0,0,0,0,,,,
MNQ SEP25,10s,10,5402,2025-09-12 09:20:30,24046.75,24047.25,24046.5,24047,25,0.75,0.25,0.25,0.25,1,-3.85,1.3,-5.91666667,-4.07
MNQ SEP25,1s,1,81,2025-09-12 09:20:31,24047.25,24047.25,24046.75,24046.75,3,0.5,0.5,0,0,-1,,,,
MNQ SEP25,1s,1,82,2025-09-12 09:20:32,24046.75,24046.75,24046.75,24046.75,1,0,0,0,0,0,,,,
MNQ SEP25,1s,1,83,2025-09-12 09:20:33,24047,24047,24047,24047,1,0,0,0,0,0,,,,
MNQ SEP25,1s,1,84,2025-09-12 09:20:34,24047,24047,24047,24047,1,0,0,0,0,0,,,,
MNQ SEP25,1s,1,85,2025-09-12 09:20:36,24047,24047,24046.75,24046.75,13,0.25,0.25,0,0,-1,,,,
MNQ SEP25,1s,1,86,2025-09-12 09:20:37,24046.75,24046.75,24046.75,24046.75,2,0,0,0,0,0,,,,
MNQ SEP25,1s,1,87,2025-09-12 09:20:38,24046.75,24046.75,24046.5,24046.5,2,0.25,0.25,0,0,-1,,,,
MNQ SEP25,1s,1,88,2025-09-12 09:20:40,24046.75,24046.75,24046.25,24046.25,8,0.5,0.5,0,0,-1,,,,
MNQ SEP25,10s,10,5403,2025-09-12 09:20:40,24047.25,24047.25,24046.25,24046.25,31,1,1,0,0,-1,-4.05,-0.2,-0.65,-2.6
MNQ SEP25,20s,20,5701,2025-09-12 09:20:40,24046.75,24047.25,24046.25,24046.25,56,1,0.5,0.5,0,-1,-5.7,-5.7,3.05,3.65
MNQ SEP25,1s,1,89,2025-09-12 09:20:41,24046.25,24046.25,24046.25,24046.25,1,0,0,0,0,0,,,,
MNQ SEP25,1s,1,90,2025-09-12 09:20:42,24046.25,24046.75,24046.25,24046.75,3,0.5,0.5,0,0,1,,,,
MNQ SEP25,1s,1,91,2025-09-12 09:20:44,24046.5,24046.5,24044.75,24045.5,95,1.75,1,0,0.75,-1,,,,
MNQ SEP25,1s,1,92,2025-09-12 09:20:45,24045.25,24046,24045,24046,20,1,0.75,0,0.25,1,,,,
MNQ SEP25,1s,1,93,2025-09-12 09:20:46,24045.5,24045.5,24045,24045,14,0.5,0.5,0,0,-1,,,,
MNQ SEP25,1s,1,94,2025-09-12 09:20:47,24045.5,24045.5,24045.5,24045.5,2,0,0,0,0,0,,,,
MNQ SEP25,1s,1,95,2025-09-12 09:20:48,24045.5,24046,24045.5,24045.5,4,0.5,0,0.5,0,0,,,,
MNQ SEP25,1s,1,96,2025-09-12 09:20:49,24045.75,24045.75,24045.5,24045.5,3,0.25,0.25,0,0,-1,,,,
MNQ SEP25,1s,1,97,2025-09-12 09:20:50,24046,24046.25,24045.5,24045.5,10,0.75,0.5,0.25,0,-1,,,,
MNQ SEP25,10s,10,5404,2025-09-12 09:20:50,24046.25,24046.75,24044.75,24045.5,152,2,0.75,0.5,0.75,-1,4.5,8.55,3.21666667,-1.88
MNQ SEP25,1s,1,98,2025-09-12 09:20:51,24046,24046,24046,24046,1,0,0,0,0,0,,,,
MNQ SEP25,1s,1,99,2025-09-12 09:20:52,24046,24046,24045.75,24046,17,0.25,0,0,0.25,0,,,,
MNQ SEP25,1s,1,100,2025-09-12 09:20:53,24045.75,24046.5,24045.75,24046.5,13,0.75,0.75,0,0,1,,,,
MNQ SEP25,1s,1,101,2025-09-12 09:20:54,24046,24046,24046,24046,4,0,0,0,0,0,,,,
MNQ SEP25,1s,1,102,2025-09-12 09:20:55,24046,24046.25,24046,24046.25,2,0.25,0.25,0,0,1,,,,
MNQ SEP25,1s,1,103,2025-09-12 09:20:56,24045.75,24045.75,24045.75,24045.75,1,0,0,0,0,0,,,,
MNQ SEP25,1s,1,104,2025-09-12 09:20:57,24045.5,24045.75,24045.5,24045.75,3,0.25,0.25,0,0,1,,,,
MNQ SEP25,1s,1,105,2025-09-12 09:20:59,24045.75,24046.25,24045.75,24046.25,3,0.5,0.5,0,0,1,,,,
MNQ SEP25,1s,1,106,2025-09-12 09:21:00,24045.75,24046.25,24045.75,24046,14,0.5,0.25,0.25,0,1,,,,
MNQ SEP25,10s,10,5405,2025-09-12 09:21:00,24046,24046.5,24045.5,24046,58,1,0,0.5,0.5,0,3.55,-0.95,2.46666667,1.13
MNQ SEP25,20s,20,5702,2025-09-12 09:21:00,24046.25,24046.75,24044.75,24046,210,2,0.25,0.5,1.25,-1,-7.55,-1.85,2.06666667,0.85
MNQ SEP25,1s,1,107,2025-09-12 09:21:01,24046.25,24047,24046,24047,25,1,0.75,0,0.25,1,,,,
MNQ SEP25,1s,1,108,2025-09-12 09:21:02,24047,24047.25,24046.75,24047.25,9,0.5,0.25,0,0.25,1,,,,
MNQ SEP25,1s,1,109,2025-09-12 09:21:03,24047.25,24047.25,24046.75,24047.25,4,0.5,0,0,0.5,0,,,,
MNQ SEP25,1s,1,110,2025-09-12 09:21:04,24047.5,24047.5,24047.25,24047.25,5,0.25,0.25,0,0,-1,,,,
MNQ SEP25,1s,1,111,2025-09-12 09:21:05,24047,24047.25,24047,24047,5,0.25,0,0.25,0,0,,,,
MNQ SEP25,1s,1,112,2025-09-12 09:21:06,24046.75,24046.75,24046.75,24046.75,3,0,0,0,0,0,,,,
MNQ SEP25,1s,1,113,2025-09-12 09:21:07,24046.75,24046.75,24046.75,24046.75,2,0,0,0,0,0,,,,
MNQ SEP25,1s,1,114,2025-09-12 09:21:08,24047,24047.25,24047,24047.25,6,0.25,0.25,0,0,1,,,,
MNQ SEP25,1s,1,115,2025-09-12 09:21:10,24047.5,24047.5,24047.5,24047.5,5,0,0,0,0,0,,,,
MNQ SEP25,10s,10,5406,2025-09-12 09:21:10,24046.25,24047.5,24046,24047.5,64,1.5,1.25,0,0.25,1,6.45,2.9,3.5,2.32
MNQ SEP25,1s,1,116,2025-09-12 09:21:11,24047.25,24047.25,24047.25,24047.25,2,0,0,0,0,0,,,,
MNQ SEP25,1s,1,117,2025-09-12 09:21:12,24046.75,24047,24046.75,24047,2,0.25,0.25,0,0,1,,,,
MNQ SEP25,1s,1,118,2025-09-12 09:21:14,24046.75,24047,24046.75,24047,2,0.25,0.25,0,0,1,,,,
MNQ SEP25,1s,1,119,2025-09-12 09:21:15,24047.25,24047.5,24047.25,24047.5,7,0.25,0.25,0,0,1,,,,
MNQ SEP25,1s,1,120,2025-09-12 09:21:16,24047.75,24048.5,24047.75,24048,21,0.75,0.25,0.5,0,1,,,,
MNQ SEP25,1s,1,121,2025-09-12 09:21:17,24048,24048.5,24048,24048.5,5,0.5,0.5,0,0,1,,,,
MNQ SEP25,1s,1,122,2025-09-12 09:21:18,24048.25,24048.25,24048.25,24048.25,9,0,0,0,0,0,,,,
MNQ SEP25,1s,1,123,2025-09-12 09:21:19,24048.5,24048.5,24048.25,24048.25,7,0.25,0.25,0,0,-1,,,,
MNQ SEP25,1s,1,124,2025-09-12 09:21:20,24048.25,24048.5,24048,24048.5,7,0.5,0.25,0,0.25,1,,,,
MNQ SEP25,10s,10,5407,2025-09-12 09:21:20,24047.25,24048.5,24046.75,24048.5,62,1.75,1.25,0,0.5,1,13.6,7.15,3.03333333,3.49
MNQ SEP25,20s,20,5703,2025-09-12 09:21:20,24046.25,24048.5,24046,24048.5,126,2.5,2.25,0,0.25,1,0.6,8.15,0.2,3.09
MNQ SEP25,1s,1,125,2025-09-12 09:21:21,24048,24048.25,24048,24048.25,6,0.25,0.25,0,0,1,,,,
MNQ SEP25,1s,1,126,2025-09-12 09:21:22,24048,24048.5,24048,24048.5,12,0.5,0.5,0,0,1,,,,
MNQ SEP25,1s,1,127,2025-09-12 09:21:23,24048,24048,24048,24048,1,0,0,0,0,0,,,,
MNQ SEP25,1s,1,128,2025-09-12 09:21:24,24047.75,24048.25,24047.75,24048,10,0.5,0.25,0.25,0,1,,,,
MNQ SEP25,1s,1,129,2025-09-12 09:21:25,24048,24048.5,24048,24048.5,6,0.5,0.5,0,0,1,,,,
MNQ SEP25,1s,1,130,2025-09-12 09:21:26,24048.75,24049,24048.5,24049,5,0.5,0.25,0,0.25,1,,,,
MNQ SEP25,1s,1,131,2025-09-12 09:21:27,24049,24049.25,24048.75,24049.25,18,0.5,0.25,0,0.25,1,,,,
MNQ SEP25,1s,1,132,2025-09-12 09:21:28,24048.75,24049,24048.75,24049,8,0.25,0.25,0,0,1,,,,
MNQ SEP25,1s,1,133,2025-09-12 09:21:29,24049,24049,24049,24049,1,0,0,0,0,0,,,,
MNQ SEP25,1s,1,134,2025-09-12 09:21:30,24048.5,24049,24048.5,24049,11,0.5,0.5,0,0,1,,,,
MNQ SEP25,10s,10,5408,2025-09-12 09:21:30,24048,24049.25,24047.75,24049,78,1.5,1,0.25,0.25,1,23.3,9.7,6.58333333,5.47
MNQ SEP25,1s,1,135,2025-09-12 09:21:31,24048.5,24048.75,24048.5,24048.75,18,0.25,0.25,0,0,1,,,,
MNQ SEP25,1s,1,136,2025-09-12 09:21:32,24049,24049,24049,24049,1,0,0,0,0,0,,,,
MNQ SEP25,1s,1,137,2025-09-12 09:21:33,24048.5,24048.5,24048.5,24048.5,3,0,0,0,0,0,,,,
MNQ SEP25,1s,1,138,2025-09-12 09:21:34,24048.5,24048.5,24047.5,24047.75,19,1,0.75,0,0.25,-1,,,,
MNQ SEP25,1s,1,139,2025-09-12 09:21:35,24047.75,24047.75,24047.75,24047.75,2,0,0,0,0,0,,,,
MNQ SEP25,1s,1,140,2025-09-12 09:21:36,24047.75,24047.75,24047.75,24047.75,1,0,0,0,0,0,,,,
MNQ SEP25,1s,1,141,2025-09-12 09:21:37,24047.5,24047.75,24047.5,24047.75,2,0.25,0.25,0,0,1,,,,
MNQ SEP25,1s,1,142,2025-09-12 09:21:40,24047.25,24047.25,24047.25,24047.25,4,0,0,0,0,0,,,,
MNQ SEP25,10s,10,5409,2025-09-12 09:21:40,24048.5,24049,24047.25,24047.25,50,1.75,1.25,0.5,0,-1,2.55,-20.75,-1.3,-0.39
MNQ SEP25,20s,20,5704,2025-09-12 09:21:40,24048,24049.25,24047.25,24047.25,128,2,0.75,1.25,0,-1,-0.7,-1.3,1.66666667,2.61
MNQ SEP25,1s,1,143,2025-09-12 09:21:41,24047,24047,24046.75,24046.75,6,0.25,0.25,0,0,-1,,,,
MNQ SEP25,1s,1,144,2025-09-12 09:21:42,24047.5,24047.5,24047.5,24047.5,1,0,0,0,0,0,,,,
MNQ SEP25,1s,1,145,2025-09-12 09:21:43,24047.25,24047.25,24047.25,24047.25,1,0,0,0,0,0,,,,
MNQ SEP25,1s,1,146,2025-09-12 09:21:44,24047.5,24047.5,24047,24047,3,0.5,0.5,0,0,-1,,,,
MNQ SEP25,1s,1,147,2025-09-12 09:21:45,24047,24047,24046.75,24046.75,6,0.25,0.25,0,0,-1,,,,
MNQ SEP25,1s,1,148,2025-09-12 09:21:46,24046.75,24046.75,24046.5,24046.5,8,0.25,0.25,0,0,-1,,,,
MNQ SEP25,1s,1,149,2025-09-12 09:21:47,24047,24047.5,24047,24047.5,16,0.5,0.5,0,0,1,,,,
MNQ SEP25,1s,1,150,2025-09-12 09:21:48,24047,24047,24047,24047,1,0,0,0,0,0,,,,
MNQ SEP25,1s,1,151,2025-09-12 09:21:49,24047,24047,24047,24047,2,0,0,0,0,0,,,,
MNQ SEP25,1s,1,152,2025-09-12 09:21:50,24047.25,24047.25,24046.75,24046.75,2,0.5,0.5,0,0,-1,,,,
MNQ SEP25,10s,10,5410,2025-09-12 09:21:50,24047,24047.5,24046.5,24046.75,46,1,0.25,0.5,0.25,-1,-1.3,-3.85,-4.96666667,-0.97
MNQ SEP25,1s,1,153,2025-09-12 09:21:51,24046.75,24047,24046.75,24047,2,0.25,0.25,0,0,1,,,,
MNQ SEP25,1s,1,154,2025-09-12 09:21:52,24047,24047,24047,24047,1,0,0,0,0,0,,,,
MNQ SEP25,1s,1,155,2025-09-12 09:21:53,24046.75,24047,24046.75,24047,5,0.25,0.25,0,0,1,,,,
MNQ SEP25,1s,1,156,2025-09-12 09:21:54,24046.5,24046.5,24046.5,24046.5,1,0,0,0,0,0,,,,
MNQ SEP25,1s,1,157,2025-09-12 09:21:55,24047,24047,24047,24047,1,0,0,0,0,0,,,,
MNQ SEP25,1s,1,158,2025-09-12 09:21:56,24047,24047,24047,24047,1,0,0,0,0,0,,,,
MNQ SEP25,1s,1,159,2025-09-12 09:21:58,24047,24047.25,24046.75,24046.75,4,0.5,0.25,0.25,0,-1,,,,
MNQ SEP25,1s,1,160,2025-09-12 09:21:59,24046.75,24046.75,24046.75,24046.75,2,0,0,0,0,0,,,,
MNQ SEP25,10s,10,5411,2025-09-12 09:22:00,24046.75,24047.25,24046.5,24046.75,17,0.75,0,0.5,0.25,0,-10.5,-9.2,-11.26666667,-3.39
MNQ SEP25,20s,20,5705,2025-09-12 09:22:00,24047,24047.5,24046.5,24046.75,63,1,0.25,0.5,0.25,-1,-9.15,-8.45,-0.53333333,-1.83
MNQ SEP25,1s,1,161,2025-09-12 09:22:01,24047.25,24047.25,24047.25,24047.25,4,0,0,0,0,0,,,,
MNQ SEP25,1s,1,162,2025-09-12 09:22:02,24047,24047,24047,24047,1,0,0,0,0,0,,,,
MNQ SEP25,1s,1,163,2025-09-12 09:22:03,24047,24047,24046.75,24046.75,6,0.25,0.25,0,0,-1,,,,
MNQ SEP25,1s,1,164,2025-09-12 09:22:04,24047,24047,24047,24047,5,0,0,0,0,0,,,,
MNQ SEP25,1s,1,165,2025-09-12 09:22:05,24046.75,24046.75,24046.75,24046.75,1,0,0,0,0,0,,,,
MNQ SEP25,1s,1,166,2025-09-12 09:22:06,24047,24047,24046.75,24047,3,0.25,0,0,0.25,0,,,,
MNQ SEP25,1s,1,167,2025-09-12 09:22:07,24047,24047,24047,24047,1,0,0,0,0,0,,,,
MNQ SEP25,1s,1,168,2025-09-12 09:22:08,24046.5,24046.5,24046.25,24046.25,23,0.25,0.25,0,0,-1,,,,
MNQ SEP25,1s,1,169,2025-09-12 09:22:09,24046.25,24046.5,24046.25,24046.25,5,0.25,0,0.25,0,0,,,,
MNQ SEP25,1s,1,170,2025-09-12 09:22:10,24046.5,24046.75,24046.5,24046.75,2,0.25,0.25,0,0,1,,,,
MNQ SEP25,10s,10,5412,2025-09-12 09:22:10,24047.25,24047.25,24046.25,24046.75,51,1,0.5,0,0.5,-1,-14.25,-3.75,-5.6,-5.57
MNQ SEP25,1s,1,171,2025-09-12 09:22:11,24046.75,24046.75,24046.75,24046.75,1,0,0,0,0,0,,,,
MNQ SEP25,1s,1,172,2025-09-12 09:22:12,24047.25,24047.75,24047,24047.5,10,0.75,0.25,0.25,0.25,1,,,,
MNQ SEP25,1s,1,173,2025-09-12 09:22:13,24047.25,24047.5,24047,24047,3,0.5,0.25,0.25,0,-1,,,,
MNQ SEP25,1s,1,174,2025-09-12 09:22:16,24047.5,24047.5,24047,24047,3,0.5,0.5,0,0,-1,,,,
MNQ SEP25,1s,1,175,2025-09-12 09:22:17,24047.5,24047.5,24047,24047,5,0.5,0.5,0,0,-1,,,,
MNQ SEP25,1s,1,176,2025-09-12 09:22:18,24046.75,24047.25,24046.75,24047.25,8,0.5,0.5,0,0,1,,,,
MNQ SEP25,1s,1,177,2025-09-12 09:22:19,24046.75,24046.75,24046.5,24046.5,8,0.25,0.25,0,0,-1,,,,
MNQ SEP25,1s,1,178,2025-09-12 09:22:20,24046.5,24047,24046.5,24047,3,0.5,0.5,0,0,1,,,,
MNQ SEP25,10s,10,5413,2025-09-12 09:22:20,24046.75,24047.75,24046.5,24047,41,1.25,0.25,0.75,0.25,1,-19.8,-5.55,-6.16666667,-8.62
MNQ SEP25,20s,20,5706,2025-09-12 09:22:20,24047.25,24047.75,24046.25,24047,92,1.5,0.25,0.5,0.75,-1,0.6,9.75,0,1.26
MNQ SEP25,1s,1,179,2025-09-12 09:22:21,24046.75,24046.75,24046.75,24046.75,1,0,0,0,0,0,,,,
MNQ SEP25,1s,1,180,2025-09-12 09:22:22,24047,24047,24047,24047,1,0,0,0,0,0,,,,
MNQ SEP25,1s,1,181,2025-09-12 09:22:23,24046.5,24046.5,24046.5,24046.5,9,0,0,0,0,0,,,,
MNQ SEP25,1s,1,182,2025-09-12 09:22:24,24047,24047,24046.25,24046.5,10,0.75,0.5,0,0.25,-1,,,,
MNQ SEP25,1s,1,183,2025-09-12 09:22:25,24046.25,24046.25,24046.25,24046.25,11,0,0,0,0,0,,,,
MNQ SEP25,1s,1,184,2025-09-12 09:22:26,24046.25,24046.75,24046.25,24046.75,8,0.5,0.5,0,0,1,,,,
MNQ SEP25,1s,1,185,2025-09-12 09:22:28,24046.25,24046.25,24046.25,24046.25,2,0,0,0,0,0,,,,
MNQ SEP25,1s,1,186,2025-09-12 09:22:29,24046,24046,24046,24046,2,0,0,0,0,0,,,,
MNQ SEP25,1s,1,187,2025-09-12 09:22:30,24046.25,24046.5,24046.25,24046.25,8,0.25,0,0.25,0,0,,,,
MNQ SEP25,10s,10,5414,2025-09-12 09:22:30,24046.75,24047,24046,24046.25,52,1,0.5,0.25,0.25,-1,-19.15,0.65,-2.88333333,-4.34
MNQ SEP25,1s,1,188,2025-09-12 09:22:31,24046,24046.25,24046,24046.25,2,0.25,0.25,0,0,1,,,,
MNQ SEP25,1s,1,189,2025-09-12 09:22:32,24046.25,24046.5,24046,24046,14,0.5,0.25,0.25,0,-1,,,,
MNQ SEP25,1s,1,190,2025-09-12 09:22:33,24046.25,24046.25,24046,24046,3,0.25,0.25,0,0,-1,,,,
MNQ SEP25,1s,1,191,2025-09-12 09:22:34,24045.75,24045.75,24045.25,24045.25,5,0.5,0.5,0,0,-1,,,,
MNQ SEP25,1s,1,192,2025-09-12 09:22:35,24045.5,24045.75,24045.5,24045.75,3,0.25,0.25,0,0,1,,,,
MNQ SEP25,1s,1,193,2025-09-12 09:22:37,24045.75,24045.75,24045.75,24045.75,2,0,0,0,0,0,,,,
MNQ SEP25,1s,1,194,2025-09-12 09:22:38,24045.5,24045.5,24045.5,24045.5,1,0,0,0,0,0,,,,
MNQ SEP25,1s,1,195,2025-09-12 09:22:39,24045.5,24045.5,24045.25,24045.25,7,0.25,0.25,0,0,-1,,,,
MNQ SEP25,1s,1,196,2025-09-12 09:22:40,24045.25,24045.5,24045,24045,15,0.5,0.25,0.25,0,-1,,,,
MNQ SEP25,10s,10,5415,2025-09-12 09:22:40,24046,24046.5,24045,24045,52,1.5,1,0.5,0,-1,-13.8,5.35,0.15,-2.5
MNQ SEP25,20s,20,5707,2025-09-12 09:22:40,24046.75,24047,24045,24045,104,2,1.75,0.25,0,-1,-18.75,-19.35,-6.01666667,-2.24
MNQ SEP25,1s,1,197,2025-09-12 09:22:41,24045.25,24045.25,24044.75,24044.75,12,0.5,0.5,0,0,-1,,,,
MNQ SEP25,1s,1,198,2025-09-12 09:22:42,24044.75,24045.25,24044.75,24045.25,11,0.5,0.5,0,0,1,,,,
MNQ SEP25,1s,1,199,2025-09-12 09:22:44,24045.25,24045.25,24045.25,24045.25,1,0,0,0,0,0,,,,
MNQ SEP25,1s,1,200,2025-09-12 09:22:45,24045.25,24045.25,24045.25,24045.25,11,0,0,0,0,0,,,,
MNQ SEP25,1s,1,201,2025-09-12 09:22:46,24045.25,24045.5,24045.25,24045.25,9,0.25,0,0.25,0,0,,,,
MNQ SEP25,1s,1,202,2025-09-12 09:22:47,24045.5,24045.75,24045.25,24045.75,3,0.5,0.25,0,0.25,1,,,,
MNQ SEP25,1s,1,203,2025-09-12 09:22:48,24045.25,24045.75,24045.25,24045.75,6,0.5,0.5,0,0,1,,,,
MNQ SEP25,1s,1,204,2025-09-12 09:22:49,24045.25,24045.5,24045.25,24045.5,5,0.25,0.25,0,0,1,,,,
MNQ SEP25,1s,1,205,2025-09-12 09:22:50,24045.75,24045.75,24045.75,24045.75,4,0,0,0,0,0,,,,
MNQ SEP25,10s,10,5416,2025-09-12 09:22:50,24045.25,24045.75,24044.75,24045.75,62,1,0.5,0,0.5,1,-4.05,9.75,5.25,1.29
MNQ SEP25,1s,1,206,2025-09-12 09:22:51,24045.75,24045.75,24045.75,24045.75,7,0,0,0,0,0,,,,
MNQ SEP25,1s,1,207,2025-09-12 09:22:52,24045.75,24045.75,24045.5,24045.5,4,0.25,0.25,0,0,-1,,,,
MNQ SEP25,1s,1,208,2025-09-12 09:22:53,24045.75,24045.75,24045.75,24045.75,3,0,0,0,0,0,,,,
MNQ SEP25,1s,1,209,2025-09-12 09:22:54,24045.75,24045.75,24045.75,24045.75,1,0,0,0,0,0,,,,
MNQ SEP25,1s,1,210,2025-09-12 09:22:56,24045.5,24045.5,24045.25,24045.25,6,0.25,0.25,0,0,-1,,,,
MNQ SEP25,1s,1,211,2025-09-12 09:22:57,24045.5,24045.5,24045.5,24045.5,1,0,0,0,0,0,,,,
MNQ SEP25,1s,1,212,2025-09-12 09:22:58,24045.25,24045.5,24045.25,24045.5,4,0.25,0.25,0,0,1,,,,
MNQ SEP25,1s,1,213,2025-09-12 09:22:59,24045.5,24045.75,24045.5,24045.75,2,0.25,0.25,0,0,1,,,,
MNQ SEP25,1s,1,214,2025-09-12 09:23:00,24045.5,24045.5,24045.5,24045.5,2,0,0,0,0,0,,,,
MNQ SEP25,10s,10,5417,2025-09-12 09:23:00,24045.75,24045.75,24045.25,24045.5,30,0.5,0.25,0,0.25,-1,-8.25,-4.2,3.63333333,1.2
MNQ SEP25,20s,20,5708,2025-09-12 09:23:00,24045.25,24045.75,24044.75,24045.5,92,1,0.25,0.25,0.5,1,-18.75,0,-3.2,-3.87
MNQ SEP25,1s,1,215,2025-09-12 09:23:01,24045.75,24046,24045.75,24046,3,0.25,0.25,0,0,1,,,,
MNQ SEP25,1s,1,216,2025-09-12 09:23:02,24045.75,24047,24045.75,24047,34,1.25,1.25,0,0,1,,,,
MNQ SEP25,1s,1,217,2025-09-12 09:23:03,24046.75,24047.5,24046.75,24047.5,32,0.75,0.75,0,0,1,,,,
MNQ SEP25,1s,1,218,2025-09-12 09:23:04,24047.25,24047.75,24047.25,24047.75,7,0.5,0.5,0,0,1,,,,
MNQ SEP25,1s,1,219,2025-09-12 09:23:05,24047.75,24047.75,24047.5,24047.5,3,0.25,0.25,0,0,-1,,,,
MNQ SEP25,1s,1,220,2025-09-12 09:23:06,24047.5,24047.5,24047.25,24047.25,10,0.25,0.25,0,0,-1,,,,
MNQ SEP25,1s,1,221,2025-09-12 09:23:07,24047.5,24047.5,24047.5,24047.5,2,0,0,0,0,0,,,,
MNQ SEP25,1s,1,222,2025-09-12 09:23:08,24047.25,24047.25,24047.25,24047.25,2,0,0,0,0,0,,,,
MNQ SEP25,1s,1,223,2025-09-12 09:23:09,24047,24047,24046.5,24046.5,7,0.5,0.5,0,0,-1,,,,
MNQ SEP25,1s,1,224,2025-09-12 09:23:10,24046.5,24046.5,24046.5,24046.5,1,0,0,0,0,0,,,,
MNQ SEP25,10s,10,5418,2025-09-12 09:23:10,24045.75,24047.75,24045.75,24046.5,101,2,0.75,1.25,0,1,0.95,9.2,4.91666667,4.15
MNQ SEP25,1s,1,225,2025-09-12 09:23:11,24046.25,24046.25,24046.25,24046.25,1,0,0,0,0,0,,,,
MNQ SEP25,1s,1,226,2025-09-12 09:23:12,24046.25,24046.25,24046.25,24046.25,4,0,0,0,0,0,,,,
MNQ SEP25,1s,1,227,2025-09-12 09:23:13,24046.25,24046.25,24046,24046,6,0.25,0.25,0,0,-1,,,,
MNQ SEP25,1s,1,228,2025-09-12 09:23:14,24046,24046.25,24045.75,24046.25,17,0.5,0.25,0,0.25,1,,,,
MNQ SEP25,1s,1,229,2025-09-12 09:23:15,24046,24046,24046,24046,1,0,0,0,0,0,,,,
MNQ SEP25,1s,1,230,2025-09-12 09:23:17,24046.25,24046.25,24046.25,24046.25,1,0,0,0,0,0,,,,
MNQ SEP25,1s,1,231,2025-09-12 09:23:18,24046,24046,24046,24046,3,0,0,0,0,0,,,,
MNQ SEP25,1s,1,232,2025-09-12 09:23:21,24046,24046,24046,24046,1,0,0,0,0,0,,,,
MNQ SEP25,1s,1,233,2025-09-12 09:23:22,24046.25,24046.25,24046.25,24046.25,1,0,0,0,0,0,,,,
MNQ SEP25,1s,1,234,2025-09-12 09:23:25,24046,24046.25,24045.75,24046,12,0.5,0,0.25,0.25,0,,,,
MNQ SEP25,1s,1,235,2025-09-12 09:23:27,24045.75,24045.75,24045,24045.25,30,0.75,0.5,0,0.25,-1,,,,
MNQ SEP25,1s,1,236,2025-09-12 09:23:28,24045,24045,24044.5,24044.5,19,0.5,0.5,0,0,-1,,,,
MNQ SEP25,1s,1,237,2025-09-12 09:23:29,24044.75,24045.5,24044.75,24045.5,15,0.75,0.75,0,0,1,,,,
MNQ SEP25,1s,1,238,2025-09-12 09:23:30,24045.5,24045.5,24045,24045,7,0.5,0.5,0,0,-1,,,,
MNQ SEP25,10s,10,5420,2025-09-12 09:23:30,24046,24046.25,24044.5,24045,85,1.75,1,0.25,0.5,-1,5.25,5.5,4.5,3.81
MNQ SEP25,1s,1,239,2025-09-12 09:23:31,24045.5,24045.5,24044.75,24044.75,9,0.75,0.75,0,0,-1,,,,
MNQ SEP25,1s,1,240,2025-09-12 09:23:32,24045,24045.25,24045,24045.25,14,0.25,0.25,0,0,1,,,,
MNQ SEP25,1s,1,241,2025-09-12 09:23:33,24045.25,24045.25,24045,24045.25,10,0.25,0,0,0.25,0,,,,
MNQ SEP25,1s,1,242,2025-09-12 09:23:34,24045.25,24045.25,24045,24045,3,0.25,0.25,0,0,-1,,,,
MNQ SEP25,1s,1,243,2025-09-12 09:23:35,24045,24045,24044.75,24044.75,3,0.25,0.25,0,0,-1,,,,
MNQ SEP25,1s,1,244,2025-09-12 09:23:37,24045.5,24045.5,24045.5,24045.5,1,0,0,0,0,0,,,,
MNQ SEP25,1s,1,245,2025-09-12 09:23:38,24045,24045.5,24045,24045.5,4,0.5,0.5,0,0,1,,,,
MNQ SEP25,1s,1,246,2025-09-12 09:23:39,24046,24046,24045.5,24046,3,0.5,0,0,0.5,0,,,,
MNQ SEP25,1s,1,247,2025-09-12 09:23:40,24045.75,24045.75,24045.75,24045.75,2,0,0,0,0,0,,,,
MNQ SEP25,10s,10,5421,2025-09-12 09:23:40,24045.5,24046,24044.75,24045.75,49,1.25,0.25,0.25,0.75,1,2.65,-2.6,0.56666667,1.34
MNQ SEP25,20s,20,5710,2025-09-12 09:23:40,24046,24046.25,24044.5,24045.75,134,1.75,0.25,0.25,1.25,-1,-5.3,14.05,4.48333333,0.77
MNQ SEP25,1s,1,248,2025-09-12 09:23:41,24046,24046,24046,24046,5,0,0,0,0,0,,,,
MNQ SEP25,1s,1,249,2025-09-12 09:23:44,24045.75,24045.75,24045.5,24045.5,2,0.25,0.25,0,0,-1,,,,
MNQ SEP25,1s,1,250,2025-09-12 09:23:45,24046,24046,24046,24046,1,0,0,0,0,0,,,,
MNQ SEP25,1s,1,251,2025-09-12 09:23:48,24045.25,24045.75,24045.25,24045.25,5,0.5,0,0.5,0,0,,,,
MNQ SEP25,1s,1,252,2025-09-12 09:23:49,24045.5,24045.75,24045.5,24045.75,2,0.25,0.25,0,0,1,,,,
MNQ SEP25,1s,1,253,2025-09-12 09:23:50,24045.25,24045.25,24045.25,24045.25,1,0,0,0,0,0,,,,
MNQ SEP25,10s,10,5422,2025-09-12 09:23:50,24046,24046,24045.25,24045.25,16,0.75,0.75,0,0,-1,0.3,-2.35,0.18333333,1.71
MNQ SEP25,1s,1,254,2025-09-12 09:23:51,24045.75,24046.25,24045.75,24046,15,0.5,0.25,0.25,0,1,,,,
MNQ SEP25,1s,1,255,2025-09-12 09:23:52,24046.25,24046.25,24045.75,24045.75,2,0.5,0.5,0,0,-1,,,,
MNQ SEP25,1s,1,256,2025-09-12 09:23:53,24045.75,24045.75,24045.75,24045.75,1,0,0,0,0,0,,,,
MNQ SEP25,1s,1,257,2025-09-12 09:23:55,24045.5,24045.5,24045.5,24045.5,2,0,0,0,0,0,,,,
MNQ SEP25,1s,1,258,2025-09-12 09:23:56,24046,24046,24046,24046,3,0,0,0,0,0,,,,
MNQ SEP25,1s,1,259,2025-09-12 09:23:57,24046,24046,24045.75,24045.75,3,0.25,0.25,0,0,-1,,,,
MNQ SEP25,1s,1,260,2025-09-12 09:23:59,24045.75,24045.75,24045.75,24045.75,3,0,0,0,0,0,,,,
MNQ SEP25,1s,1,261,2025-09-12 09:24:00,24045.75,24046.75,24045.5,24046.75,15,1.25,1,0,0.25,1,,,,
MNQ SEP25,10s,10,5423,2025-09-12 09:24:00,24045.75,24046.75,24045.5,24046.75,44,1.25,1,0,0.25,1,-11.75,-12.05,-5.66666667,-2.54
MNQ SEP25,20s,20,5711,2025-09-12 09:24:00,24046,24046.75,24045.25,24046.75,60,1.5,0.75,0,0.75,1,-7,-1.7,3.91666667,-1.52
MNQ SEP25,1s,1,262,2025-09-12 09:24:01,24046,24046,24046,24046,11,0,0,0,0,0,,,,
MNQ SEP25,1s,1,263,2025-09-12 09:24:02,24046.5,24047,24046.5,24046.5,11,0.5,0,0.5,0,0,,,,
MNQ SEP25,1s,1,264,2025-09-12 09:24:03,24046.5,24046.5,24046.5,24046.5,1,0,0,0,0,0,,,,
MNQ SEP25,1s,1,265,2025-09-12 09:24:05,24046.75,24047,24046.5,24047,3,0.5,0.25,0,0.25,1,,,,
MNQ SEP25,1s,1,266,2025-09-12 09:24:06,24047,24047,24047,24047,5,0,0,0,0,0,,,,
MNQ SEP25,1s,1,267,2025-09-12 09:24:07,24047,24047,24046.5,24046.5,5,0.5,0.5,0,0,-1,,,,
MNQ SEP25,1s,1,268,2025-09-12 09:24:09,24046.5,24046.5,24046.5,24046.5,1,0,0,0,0,0,,,,
MNQ SEP25,10s,10,5424,2025-09-12 09:24:10,24046,24047,24046,24046.5,37,1,0.5,0.5,0,1,-5.2,6.55,-2.61666667,-0.99
MNQ SEP25,1s,1,269,2025-09-12 09:24:11,24047,24047,24047,24047,1,0,0,0,0,0,,,,
MNQ SEP25,1s,1,270,2025-09-12 09:24:12,24047.25,24047.25,24047,24047.25,16,0.25,0,0,0.25,0,,,,
MNQ SEP25,1s,1,271,2025-09-12 09:24:13,24047.25,24047.25,24047.25,24047.25,4,0,0,0,0,0,,,,
MNQ SEP25,1s,1,272,2025-09-12 09:24:14,24047,24047.5,24047,24047.5,6,0.5,0.5,0,0,1,,,,
MNQ SEP25,1s,1,273,2025-09-12 09:24:17,24047.25,24047.75,24047.25,24047.75,24,0.5,0.5,0,0,1,,,,
MNQ SEP25,1s,1,274,2025-09-12 09:24:18,24047.5,24048,24047.5,24048,9,0.5,0.5,0,0,1,,,,
MNQ SEP25,1s,1,275,2025-09-12 09:24:19,24048,24048,24048,24048,2,0,0,0,0,0,,,,
MNQ SEP25,1s,1,276,2025-09-12 09:24:20,24048,24048.5,24047.75,24048,31,0.75,0,0.5,0.25,0,,,,
MNQ SEP25,10s,10,5425,2025-09-12 09:24:20,24047,24048.5,24047,24048,93,1.5,1,0.5,0,1,-5.35,-0.15,-1.88333333,-2.12
MNQ SEP25,20s,20,5712,2025-09-12 09:24:20,24046,24048.5,24046,24048,130,2.5,2,0.5,0,1,-2.6,4.4,5.58333333,3.23
MNQ SEP25,1s,1,277,2025-09-12 09:24:21,24048,24048,24048,24048,4,0,0,0,0,0,,,,
MNQ SEP25,1s,1,278,2025-09-12 09:24:22,24047.75,24047.75,24047.75,24047.75,1,0,0,0,0,0,,,,
MNQ SEP25,1s,1,279,2025-09-12 09:24:23,24047.5,24047.5,24047.5,24047.5,1,0,0,0,0,0,,,,
MNQ SEP25,1s,1,280,2025-09-12 09:24:24,24048,24048,24048,24048,2,0,0,0,0,0,,,,
MNQ SEP25,1s,1,281,2025-09-12 09:24:25,24047.5,24047.5,24047.5,24047.5,2,0,0,0,0,0,,,,
MNQ SEP25,1s,1,282,2025-09-12 09:24:26,24048,24048,24047.75,24047.75,5,0.25,0.25,0,0,-1,,,,
MNQ SEP25,1s,1,283,2025-09-12 09:24:27,24047.5,24047.5,24047.5,24047.5,2,0,0,0,0,0,,,,
MNQ SEP25,1s,1,284,2025-09-12 09:24:28,24048,24048,24048,24048,3,0,0,0,0,0,,,,
MNQ SEP25,1s,1,285,2025-09-12 09:24:29,24048,24048,24048,24048,4,0,0,0,0,0,,,,
MNQ SEP25,10s,10,5426,2025-09-12 09:24:30,24048,24048,24047.5,24048,24,0.5,0,0,0.5,0,-8.35,-3,1.13333333,-2.2
MNQ SEP25,1s,1,286,2025-09-12 09:24:31,24047.5,24047.75,24047.5,24047.75,14,0.25,0.25,0,0,1,,,,
MNQ SEP25,1s,1,287,2025-09-12 09:24:32,24047.75,24047.75,24047.5,24047.5,9,0.25,0.25,0,0,-1,,,,
MNQ SEP25,1s,1,288,2025-09-12 09:24:33,24047.75,24047.75,24047.25,24047.25,4,0.5,0.5,0,0,-1,,,,
MNQ SEP25,1s,1,289,2025-09-12 09:24:34,24047.5,24047.5,24047.5,24047.5,1,0,0,0,0,0,,,,
MNQ SEP25,1s,1,290,2025-09-12 09:24:35,24047.25,24047.5,24047.25,24047.25,9,0.25,0,0.25,0,0,,,,
MNQ SEP25,1s,1,291,2025-09-12 09:24:37,24047.5,24047.5,24047.5,24047.5,1,0,0,0,0,0,,,,
MNQ SEP25,1s,1,292,2025-09-12 09:24:38,24047.75,24047.75,24047.5,24047.5,2,0.25,0.25,0,0,-1,,,,
MNQ SEP25,1s,1,293,2025-09-12 09:24:40,24047.5,24047.5,24047.5,24047.5,1,0,0,0,0,0,,,,
MNQ SEP25,10s,10,5427,2025-09-12 09:24:40,24047.5,24047.75,24047.25,24047.5,41,0.5,0,0.25,0.25,0,-2.3,6.05,0.96666667,-0.52
MNQ SEP25,20s,20,5713,2025-09-12 09:24:40,24048,24048,24047.25,24047.5,65,0.75,0.5,0,0.25,-1,-5.3,-2.7,0,2.69
MNQ SEP25,1s,1,294,2025-09-12 09:24:41,24047.75,24047.75,24047.75,24047.75,1,0,0,0,0,0,,,,
MNQ SEP25,1s,1,295,2025-09-12 09:24:43,24047.5,24047.5,24047.5,24047.5,2,0,0,0,0,0,,,,
MNQ SEP25,1s,1,296,2025-09-12 09:24:44,24047.25,24047.25,24047.25,24047.25,4,0,0,0,0,0,,,,
MNQ SEP25,1s,1,297,2025-09-12 09:24:45,24047.5,24047.5,24047,24047,5,0.5,0.5,0,0,-1,,,,
MNQ SEP25,1s,1,298,2025-09-12 09:24:46,24047,24047,24047,24047,4,0,0,0,0,0,,,,
MNQ SEP25,1s,1,299,2025-09-12 09:24:47,24047.25,24047.25,24046.75,24047,4,0.5,0.25,0,0.25,-1,,,,
MNQ SEP25,1s,1,300,2025-09-12 09:24:48,24046.75,24046.75,24046.5,24046.5,9,0.25,0.25,0,0,-1,,,,
MNQ SEP25,1s,1,301,2025-09-12 09:24:49,24046.25,24046.5,24046.25,24046.5,5,0.25,0.25,0,0,1,,,,
MNQ SEP25,1s,1,302,2025-09-12 09:24:50,24046.25,24046.25,24046.25,24046.25,1,0,0,0,0,0,,,,
MNQ SEP25,10s,10,5428,2025-09-12 09:24:50,24047.75,24047.75,24046.25,24046.25,35,1.5,1.5,0,0,-1,-1.95,0.35,1.13333333,1.96
MNQ SEP25,1s,1,303,2025-09-12 09:24:51,24046.25,24046.5,24046,24046,12,0.5,0.25,0.25,0,-1,,,,
MNQ SEP25,1s,1,304,2025-09-12 09:24:52,24046,24046,24046,24046,2,0,0,0,0,0,,,,
MNQ SEP25,1s,1,305,2025-09-12 09:24:53,24046.25,24047.25,24046.25,24046.75,18,1,0.5,0.5,0,1,,,,
MNQ SEP25,1s,1,306,2025-09-12 09:24:54,24047.25,24047.25,24046.75,24046.75,5,0.5,0.5,0,0,-1,,,,
MNQ SEP25,1s,1,307,2025-09-12 09:24:55,24047.5,24047.75,24047.25,24047.5,21,0.5,0,0.25,0.25,0,,,,
MNQ SEP25,1s,1,308,2025-09-12 09:24:56,24047.5,24048,24047.5,24047.5,6,0.5,0,0.5,0,0,,,,
MNQ SEP25,1s,1,309,2025-09-12 09:24:57,24047.5,24048,24047.5,24048,2,0.5,0.5,0,0,1,,,,
MNQ SEP25,1s,1,310,2025-09-12 09:24:58,24048,24048.25,24047.5,24047.5,16,0.75,0.5,0.25,0,-1,,,,
MNQ SEP25,1s,1,311,2025-09-12 09:24:59,24047.25,24047.25,24047.25,24047.25,1,0,0,0,0,0,,,,
MNQ SEP25,1s,1,312,2025-09-12 09:25:00,24047.5,24047.5,24046.75,24046.75,28,0.75,0.75,0,0,-1,,,,
MNQ SEP25,10s,10,5429,2025-09-12 09:25:00,24046.25,24048.25,24046,24046.75,111,2.25,0.5,1.5,0.25,1,9.8,11.75,6.05,3
MNQ SEP25,20s,20,5714,2025-09-12 09:25:00,24047.75,24048.25,24046,24046.75,146,2.25,1,0.5,0.75,-1,-3.85,1.45,1.05,3.1
MNQ SEP25,1s,1,313,2025-09-12 09:25:01,24046.5,24046.5,24043,24045.25,593,3.5,1.25,0,2.25,-1,,,,
MNQ SEP25,1s,1,314,2025-09-12 09:25:02,24045.5,24046.5,24045.5,24046.5,14,1,1,0,0,1,,,,
MNQ SEP25,1s,1,315,2025-09-12 09:25:03,24046.25,24046.25,24045.5,24046.25,9,0.75,0,0,0.75,0,,,,
MNQ SEP25,1s,1,316,2025-09-12 09:25:04,24046.25,24046.25,24045.5,24045.5,12,0.75,0.75,0,0,-1,,,,
MNQ SEP25,1s,1,317,2025-09-12 09:25:05,24045.5,24046.25,24045.25,24046.25,9,1,0.75,0,0.25,1,,,,
MNQ SEP25,1s,1,318,2025-09-12 09:25:06,24045.75,24046.25,24045.75,24046.25,5,0.5,0.5,0,0,1,,,,
MNQ SEP25,1s,1,319,2025-09-12 09:25:07,24046,24046,24045.5,24045.5,8,0.5,0.5,0,0,-1,,,,
MNQ SEP25,1s,1,320,2025-09-12 09:25:08,24045.75,24047,24045.75,24047,19,1.25,1.25,0,0,1,,,,
MNQ SEP25,1s,1,321,2025-09-12 09:25:09,24047,24047.5,24046.5,24047.5,15,1,0.5,0,0.5,1,,,,
MNQ SEP25,1s,1,322,2025-09-12 09:25:10,24047.25,24047.25,24047,24047,2,0.25,0.25,0,0,-1,,,,
MNQ SEP25,10s,10,5430,2025-09-12 09:25:10,24046.5,24047.5,24043,24047,686,4.5,0.5,0.5,3.5,1,96.4,86.6,32.9,20.35
MNQ SEP25,1s,1,323,2025-09-12 09:25:11,24047.25,24047.5,24047,24047.5,10,0.5,0.25,0,0.25,1,,,,
MNQ SEP25,1s,1,324,2025-09-12 09:25:12,24047.5,24048.75,24047.25,24048.75,8,1.5,1.25,0,0.25,1,,,,
MNQ SEP25,1s,1,325,2025-09-12 09:25:13,24048.75,24049,24047.75,24047.75,54,1.25,1,0.25,0,-1,,,,
MNQ SEP25,1s,1,326,2025-09-12 09:25:14,24047.75,24048,24047.75,24048,6,0.25,0.25,0,0,1,,,,
MNQ SEP25,1s,1,327,2025-09-12 09:25:15,24047.75,24048,24047.75,24048,11,0.25,0.25,0,0,1,,,,
MNQ SEP25,1s,1,328,2025-09-12 09:25:16,24046.75,24047.5,24046.75,24047.5,14,0.75,0.75,0,0,1,,,,
MNQ SEP25,1s,1,329,2025-09-12 09:25:17,24047,24047,24046.75,24046.75,5,0.25,0.25,0,0,-1,,,,
MNQ SEP25,1s,1,330,2025-09-12 09:25:18,24047.25,24047.5,24047.25,24047.25,3,0.25,0,0.25,0,0,,,,
MNQ SEP25,1s,1,331,2025-09-12 09:25:19,24047,24047.25,24046.75,24047.25,5,0.5,0.25,0,0.25,1,,,,
MNQ SEP25,1s,1,332,2025-09-12 09:25:20,24047,24047,24047,24047,3,0,0,0,0,0,,,,
MNQ SEP25,10s,10,5431,2025-09-12 09:25:20,24047.25,24049,24046.75,24047,119,2.25,0.25,1.75,0.25,-1,110.3,13.9,37.41666667,23.73
MNQ SEP25,20s,20,5715,2025-09-12 09:25:20,24046.5,24049,24043,24047,805,6,0.5,2,3.5,1,92,95.85,31.53333333,19.46
MNQ SEP25,1s,1,333,2025-09-12 09:25:21,24046.75,24046.75,24046.25,24046.25,11,0.5,0.5,0,0,-1,,,,
MNQ SEP25,1s,1,334,2025-09-12 09:25:22,24046.75,24047,24046.5,24047,14,0.5,0.25,0,0.25,1,,,,
MNQ SEP25,1s,1,335,2025-09-12 09:25:23,24046.5,24046.75,24046.5,24046.5,4,0.25,0,0.25,0,0,,,,
MNQ SEP25,1s,1,336,2025-09-12 09:25:25,24046.25,24046.75,24046,24046.75,5,0.75,0.5,0,0.25,1,,,,
MNQ SEP25,1s,1,337,2025-09-12 09:25:26,24046.75,24046.75,24046.75,24046.75,4,0,0,0,0,0,,,,
MNQ SEP25,1s,1,338,2025-09-12 09:25:27,24046.5,24046.5,24046.25,24046.25,4,0.25,0.25,0,0,-1,,,,
MNQ SEP25,1s,1,339,2025-09-12 09:25:28,24047.25,24047.25,24047.25,24047.25,2,0,0,0,0,0,,,,
MNQ SEP25,1s,1,340,2025-09-12 09:25:29,24047.5,24047.75,24047.5,24047.5,10,0.25,0,0.25,0,0,,,,
MNQ SEP25,1s,1,341,2025-09-12 09:25:30,24048,24048,24047.5,24048,13,0.5,0,0,0.5,0,,,,
MNQ SEP25,10s,10,5432,2025-09-12 09:25:30,24046.75,24048,24046,24048,67,2,1.25,0,0.75,1,114.7,4.4,34.96666667,23.4
MNQ SEP25,1s,1,342,2025-09-12 09:25:31,24047.5,24047.75,24047.5,24047.75,4,0.25,0.25,0,0,1,,,,
MNQ SEP25,1s,1,343,2025-09-12 09:25:32,24047.25,24047.5,24047.25,24047.5,7,0.25,0.25,0,0,1,,,,
MNQ SEP25,1s,1,344,2025-09-12 09:25:33,24047.25,24047.5,24047.25,24047.25,4,0.25,0,0.25,0,0,,,,
MNQ SEP25,1s,1,345,2025-09-12 09:25:34,24047,24047.5,24046.75,24047.5,6,0.75,0.5,0,0.25,1,,,,
MNQ SEP25,1s,1,346,2025-09-12 09:25:35,24047.25,24047.75,24047.25,24047.75,4,0.5,0.5,0,0,1,,,,
MNQ SEP25,1s,1,347,2025-09-12 09:25:36,24047.25,24047.5,24047.25,24047.25,4,0.25,0,0.25,0,0,,,,
MNQ SEP25,1s,1,348,2025-09-12 09:25:38,24047.25,24047.25,24047.25,24047.25,2,0,0,0,0,0,,,,
MNQ SEP25,1s,1,349,2025-09-12 09:25:41,24047.5,24047.5,24047.5,24047.5,8,0,0,0,0,0,,,,
MNQ SEP25,1s,1,350,2025-09-12 09:25:42,24047.25,24047.25,24046.75,24046.75,13,0.5,0.5,0,0,-1,,,,
MNQ SEP25,1s,1,351,2025-09-12 09:25:43,24046.5,24046.75,24046.5,24046.75,10,0.25,0.25,0,0,1,,,,
MNQ SEP25,1s,1,352,2025-09-12 09:25:44,24046.5,24046.5,24046.5,24046.5,2,0,0,0,0,0,,,,
MNQ SEP25,1s,1,353,2025-09-12 09:25:45,24046.25,24046.25,24046,24046.25,12,0.25,0,0,0.25,0,,,,
MNQ SEP25,1s,1,354,2025-09-12 09:25:46,24046.25,24047,24046.25,24046.75,12,0.75,0.5,0.25,0,1,,,,
MNQ SEP25,1s,1,355,2025-09-12 09:25:47,24047,24047,24047,24047,1,0,0,0,0,0,,,,
MNQ SEP25,1s,1,356,2025-09-12 09:25:48,24046.75,24046.75,24046.5,24046.5,2,0.25,0.25,0,0,-1,,,,
MNQ SEP25,1s,1,357,2025-09-12 09:25:49,24046.5,24046.5,24046.5,24046.5,7,0,0,0,0,0,,,,
MNQ SEP25,1s,1,358,2025-09-12 09:25:50,24046.5,24046.5,24046.5,24046.5,2,0,0,0,0,0,,,,
MNQ SEP25,10s,10,5434,2025-09-12 09:25:50,24047.5,24047.5,24046,24046.5,69,1.5,1,0,0.5,-1,105.15,-9.25,-1.71666667,19.07
MNQ SEP25,1s,1,359,2025-09-12 09:25:51,24046,24046,24045.75,24045.75,3,0.25,0.25,0,0,-1,,,,
MNQ SEP25,1s,1,360,2025-09-12 09:25:52,24046.25,24046.25,24046,24046,8,0.25,0.25,0,0,-1,,,,
MNQ SEP25,1s,1,361,2025-09-12 09:25:53,24046,24046,24046,24046,1,0,0,0,0,0,,,,
MNQ SEP25,1s,1,362,2025-09-12 09:25:54,24046.25,24046.25,24046,24046,14,0.25,0.25,0,0,-1,,,,
MNQ SEP25,1s,1,363,2025-09-12 09:25:55,24045.75,24046.5,24045.75,24046,27,0.75,0.25,0.5,0,1,,,,
MNQ SEP25,1s,1,364,2025-09-12 09:25:56,24046,24046,24045.75,24046,7,0.25,0,0,0.25,0,,,,
MNQ SEP25,1s,1,365,2025-09-12 09:25:57,24045.75,24045.75,24045.75,24045.75,1,0,0,0,0,0,,,,
MNQ SEP25,1s,1,366,2025-09-12 09:25:58,24046,24046,24046,24046,7,0,0,0,0,0,,,,
MNQ SEP25,1s,1,367,2025-09-12 09:25:59,24046,24046.5,24046,24046.5,5,0.5,0.5,0,0,1,,,,
MNQ SEP25,1s,1,368,2025-09-12 09:26:00,24045.75,24046.5,24045.75,24046.25,19,0.75,0.5,0.25,0,1,,,,
MNQ SEP25,10s,10,5435,2025-09-12 09:26:00,24046,24046.5,24045.75,24046.25,92,0.75,0.25,0.25,0.25,1,-15.65,-120.8,-43.45,-22.41
MNQ SEP25,20s,20,5717,2025-09-12 09:26:00,24047.5,24047.5,24045.75,24046.25,161,1.75,1.25,0,0.5,-1,107.35,7.75,37.06666667,21.99
MNQ SEP25,1s,1,369,2025-09-12 09:26:01,24046.5,24046.5,24046,24046,8,0.5,0.5,0,0,-1,,,,
MNQ SEP25,1s,1,370,2025-09-12 09:26:02,24046,24046,24045,24045,10,1,1,0,0,-1,,,,
MNQ SEP25,1s,1,371,2025-09-12 09:26:03,24045.25,24045.75,24045.25,24045.75,2,0.5,0.5,0,0,1,,,,
MNQ SEP25,1s,1,372,2025-09-12 09:26:04,24045.25,24045.5,24045.25,24045.5,5,0.25,0.25,0,0,1,,,,
MNQ SEP25,1s,1,373,2025-09-12 09:26:05,24045.75,24046,24045.75,24045.75,4,0.25,0,0.25,0,0,,,,
MNQ SEP25,1s,1,374,2025-09-12 09:26:06,24046,24046.25,24045.75,24046,5,0.5,0,0.25,0.25,0,,,,
MNQ SEP25,1s,1,375,2025-09-12 09:26:07,24046.25,24046.25,24045.75,24045.75,5,0.5,0.5,0,0,-1,,,,
MNQ SEP25,1s,1,376,2025-09-12 09:26:08,24045.75,24045.75,24045.75,24045.75,3,0,0,0,0,0,,,,
MNQ SEP25,1s,1,377,2025-09-12 09:26:09,24046.25,24046.25,24046.25,24046.25,1,0,0,0,0,0,,,,
MNQ SEP25,1s,1,378,2025-09-12 09:26:10,24046.25,24046.25,24046.25,24046.25,3,0,0,0,0,0,,,,
MNQ SEP25,10s,10,5436,2025-09-12 09:26:10,24046.5,24046.5,24045,24046.25,46,1.5,0.25,0,1.25,-1,-29.45,-13.8,-47.95,-27.95
MNQ SEP25,1s,1,379,2025-09-12 09:26:11,24046,24046,24045,24045.5,33,1,0.5,0,0.5,-1,,,,
MNQ SEP25,1s,1,380,2025-09-12 09:26:12,24045.5,24045.75,24045.5,24045.75,5,0.25,0.25,0,0,1,,,,
MNQ SEP25,1s,1,381,2025-09-12 09:26:13,24045.5,24045.5,24045.5,24045.5,3,0,0,0,0,0,,,,
MNQ SEP25,1s,1,382,2025-09-12 09:26:14,24045.25,24045.5,24045.25,24045.5,9,0.25,0.25,0,0,1,,,,
MNQ SEP25,1s,1,383,2025-09-12 09:26:15,24045.25,24045.25,24045.25,24045.25,2,0,0,0,0,0,,,,
MNQ SEP25,1s,1,384,2025-09-12 09:26:16,24045.5,24045.5,24045.25,24045.25,7,0.25,0.25,0,0,-1,,,,
MNQ SEP25,1s,1,385,2025-09-12 09:26:17,24045,24045,24045,24045,2,0,0,0,0,0,,,,
MNQ SEP25,1s,1,386,2025-09-12 09:26:18,24045,24045.5,24045,24045.5,6,0.5,0.5,0,0,1,,,,
MNQ SEP25,1s,1,387,2025-09-12 09:26:19,24044.75,24044.75,24044.75,24044.75,9,0,0,0,0,0,,,,
MNQ SEP25,1s,1,388,2025-09-12 09:26:20,24044.5,24044.75,24044.5,24044.5,8,0.25,0,0.25,0,0,,,,
MNQ SEP25,10s,10,5437,2025-09-12 09:26:20,24046,24046,24044.5,24044.5,84,1.5,1.5,0,0,-1,-28.75,0.7,-44.63333333,-28.69
MNQ SEP25,20s,20,5718,2025-09-12 09:26:20,24046.5,24046.5,24044.5,24044.5,130,2,2,0,0,-1,119.2,11.85,9.06666667,24.9
MNQ SEP25,1s,1,389,2025-09-12 09:26:21,24044.5,24044.5,24043.5,24044,21,1,0.5,0,0.5,-1,,,,
MNQ SEP25,1s,1,390,2025-09-12 09:26:22,24043.75,24044.75,24043.75,24044.75,6,1,1,0,0,1,,,,
MNQ SEP25,1s,1,391,2025-09-12 09:26:23,24044,24044.5,24044,24044.25,4,0.5,0.25,0.25,0,1,,,,
MNQ SEP25,1s,1,392,2025-09-12 09:26:24,24044,24044.75,24044,24044.25,6,0.75,0.25,0.5,0,1,,,,
MNQ SEP25,1s,1,393,2025-09-12 09:26:25,24044.25,24044.25,24044.25,24044.25,4,0,0,0,0,0,,,,
MNQ SEP25,1s,1,394,2025-09-12 09:26:26,24044.75,24044.75,24044.75,24044.75,4,0,0,0,0,0,,,,
MNQ SEP25,1s,1,395,2025-09-12 09:26:28,24044.5,24044.5,24044,24044,7,0.5,0.5,0,0,-1,,,,
MNQ SEP25,1s,1,396,2025-09-12 09:26:29,24044.5,24044.5,24044.5,24044.5,8,0,0,0,0,0,,,,
MNQ SEP25,1s,1,397,2025-09-12 09:26:30,24044.75,24044.75,24044.25,24044.25,7,0.5,0.5,0,0,-1,,,,
MNQ SEP25,10s,10,5438,2025-09-12 09:26:30,24044.5,24044.75,24043.5,24044.25,67,1.25,0.25,0.25,0.75,-1,-19.85,8.9,-1.4,-26.85
MNQ SEP25,1s,1,398,2025-09-12 09:26:31,24044.75,24045.75,24044.75,24045.75,6,1,1,0,0,1,,,,
MNQ SEP25,1s,1,399,2025-09-12 09:26:32,24045.75,24045.75,24045.5,24045.75,10,0.25,0,0,0.25,0,,,,
MNQ SEP25,1s,1,400,2025-09-12 09:26:33,24044.75,24044.75,24044.75,24044.75,1,0,0,0,0,0,,,,
MNQ SEP25,1s,1,401,2025-09-12 09:26:34,24044.75,24044.75,24044.25,24044.25,12,0.5,0.5,0,0,-1,,,,
MNQ SEP25,1s,1,402,2025-09-12 09:26:35,24044,24044.25,24044,24044.25,21,0.25,0.25,0,0,1,,,,
MNQ SEP25,1s,1,403,2025-09-12 09:26:37,24044.75,24045.25,24044.75,24045.25,14,0.5,0.5,0,0,1,,,,
MNQ SEP25,1s,1,404,2025-09-12 09:26:38,24045,24045.5,24045,24045.5,4,0.5,0.5,0,0,1,,,,
MNQ SEP25,1s,1,405,2025-09-12 09:26:39,24045,24045.25,24045,24045,4,0.25,0,0.25,0,0,,,,
MNQ SEP25,1s,1,406,2025-09-12 09:26:40,24044.5,24044.75,24044.25,24044.75,3,0.5,0.25,0,0.25,1,,,,
MNQ SEP25,10s,10,5439,2025-09-12 09:26:40,24044.75,24045.75,24044,24044.75,75,1.75,0,1,0.75,0,-20.75,-0.9,2.9,-25.18
MNQ SEP25,20s,20,5719,2025-09-12 09:26:40,24044.5,24045.75,24043.5,24044.75,142,2.25,0.25,1,1,1,117.8,-1.4,6.06666667,24.33
MNQ SEP25,1s,1,407,2025-09-12 09:26:41,24044.5,24044.75,24044.5,24044.75,5,0.25,0.25,0,0,1,,,,
MNQ SEP25,1s,1,408,2025-09-12 09:26:42,24045.25,24045.25,24045.25,24045.25,1,0,0,0,0,0,,,,
MNQ SEP25,1s,1,409,2025-09-12 09:26:43,24045.25,24045.25,24045,24045,7,0.25,0.25,0,0,-1,,,,
MNQ SEP25,1s,1,410,2025-09-12 09:26:44,24045,24045,24045,24045,1,0,0,0,0,0,,,,
MNQ SEP25,1s,1,411,2025-09-12 09:26:45,24045.25,24045.5,24045.25,24045.5,2,0.25,0.25,0,0,1,,,,
MNQ SEP25,1s,1,412,2025-09-12 09:26:46,24045.25,24045.25,24045,24045,4,0.25,0.25,0,0,-1,,,,
MNQ SEP25,1s,1,413,2025-09-12 09:26:48,24045,24045.25,24045,24045.25,3,0.25,0.25,0,0,1,,,,
MNQ SEP25,1s,1,414,2025-09-12 09:26:49,24045.5,24045.75,24045.5,24045.75,13,0.25,0.25,0,0,1,,,,
MNQ SEP25,1s,1,415,2025-09-12 09:26:50,24045.5,24046,24045,24045,11,1,0.5,0.5,0,-1,,,,
MNQ SEP25,10s,10,5440,2025-09-12 09:26:50,24044.5,24046,24044.5,24045,47,1.5,0.5,1,0,1,-27.85,-7.1,0.3,-2.44
MNQ SEP25,1s,1,416,2025-09-12 09:26:51,24045.25,24045.5,24045.25,24045.5,6,0.25,0.25,0,0,1,,,,
MNQ SEP25,1s,1,417,2025-09-12 09:26:52,24045.25,24045.25,24045.25,24045.25,2,0,0,0,0,0,,,,
MNQ SEP25,1s,1,418,2025-09-12 09:26:53,24045.5,24045.5,24045.25,24045.25,3,0.25,0.25,0,0,-1,,,,
MNQ SEP25,1s,1,419,2025-09-12 09:26:54,24045,24045,24045,24045,1,0,0,0,0,0,,,,
MNQ SEP25,1s,1,420,2025-09-12 09:26:55,24044.75,24044.75,24044.25,24044.25,15,0.5,0.5,0,0,-1,,,,
MNQ SEP25,1s,1,421,2025-09-12 09:26:56,24044.5,24044.5,24044,24044,9,0.5,0.5,0,0,-1,,,,
MNQ SEP25,1s,1,422,2025-09-12 09:26:57,24044,24044.25,24043.75,24044,21,0.5,0,0.25,0.25,0,,,,
MNQ SEP25,1s,1,423,2025-09-12 09:26:58,24044.25,24045,24044.25,24045,9,0.75,0.75,0,0,1,,,,
MNQ SEP25,1s,1,424,2025-09-12 09:26:59,24044.75,24045.5,24044.75,24045.5,13,0.75,0.75,0,0,1,,,,
MNQ SEP25,1s,1,425,2025-09-12 09:27:00,24045,24045.25,24045,24045.25,2,0.25,0.25,0,0,1,,,,
MNQ SEP25,10s,10,5441,2025-09-12 09:27:00,24045.25,24045.5,24043.75,24045.25,81,1.75,0,0.25,1.5,0,-22.45,5.4,-0.86666667,1.4
MNQ SEP25,20s,20,5720,2025-09-12 09:27:00,24044.5,24046,24043.75,24045.25,128,2.25,0.75,0.75,0.75,1,-18.4,-136.2,-41.91666667,-22.08
MNQ SEP25,1s,1,426,2025-09-12 09:27:01,24045.75,24046,24045.5,24045.5,34,0.5,0.25,0.25,0,-1,,,,
MNQ SEP25,1s,1,427,2025-09-12 09:27:02,24046,24046,24046,24046,2,0,0,0,0,0,,,,
MNQ SEP25,1s,1,428,2025-09-12 09:27:03,24045.5,24045.5,24045.5,24045.5,2,0,0,0,0,0,,,,
MNQ SEP25,1s,1,429,2025-09-12 09:27:04,24045.5,24045.5,24045.5,24045.5,2,0,0,0,0,0,,,,
MNQ SEP25,1s,1,430,2025-09-12 09:27:05,24045.25,24045.25,24045.25,24045.25,1,0,0,0,0,0,,,,
MNQ SEP25,1s,1,431,2025-09-12 09:27:06,24045.75,24045.75,24045.5,24045.5,6,0.25,0.25,0,0,-1,,,,
MNQ SEP25,1s,1,432,2025-09-12 09:27:07,24045.5,24045.5,24045.5,24045.5,6,0,0,0,0,0,,,,
MNQ SEP25,1s,1,433,2025-09-12 09:27:09,24045.5,24046,24045.5,24045.5,15,0.5,0,0.5,0,0,,,,
MNQ SEP25,10s,10,5442,2025-09-12 09:27:10,24045.75,24046,24045.25,24045.5,68,0.75,0.25,0.25,0.25,-1,-28.25,-5.8,-2.5,0.1
MNQ SEP25,1s,1,434,2025-09-12 09:27:11,24045.75,24046,24045.75,24046,18,0.25,0.25,0,0,1,,,,
MNQ SEP25,1s,1,435,2025-09-12 09:27:12,24046,24046,24046,24046,1,0,0,0,0,0,,,,
MNQ SEP25,1s,1,436,2025-09-12 09:27:13,24046.25,24046.5,24046.25,24046.5,3,0.25,0.25,0,0,1,,,,
MNQ SEP25,1s,1,437,2025-09-12 09:27:14,24045.75,24046.75,24045.75,24046.75,15,1,1,0,0,1,,,,
MNQ SEP25,1s,1,438,2025-09-12 09:27:15,24046.75,24046.75,24046.5,24046.5,6,0.25,0.25,0,0,-1,,,,
MNQ SEP25,1s,1,439,2025-09-12 09:27:16,24046.75,24047,24046.75,24047,9,0.25,0.25,0,0,1,,,,
MNQ SEP25,1s,1,440,2025-09-12 09:27:17,24047,24047.5,24046.75,24047,7,0.75,0,0.5,0.25,0,,,,
MNQ SEP25,1s,1,441,2025-09-12 09:27:18,24047,24047.5,24047,24047.5,5,0.5,0.5,0,0,1,,,,
MNQ SEP25,1s,1,442,2025-09-12 09:27:19,24047,24047.25,24047,24047,5,0.25,0,0.25,0,0,,,,
MNQ SEP25,1s,1,443,2025-09-12 09:27:20,24046.75,24047.25,24046.75,24047.25,6,0.5,0.5,0,0,1,,,,
MNQ SEP25,10s,10,5443,2025-09-12 09:27:20,24045.75,24047.5,24045.75,24047.25,75,1.75,1.5,0.25,0,1,-28.2,0.05,-0.11666667,-1.67
MNQ SEP25,20s,20,5721,2025-09-12 09:27:20,24045.75,24047.5,24045.25,24047.25,143,2.25,1.5,0.25,0.5,1,-13.75,4.65,-44.31666667,-22.67
MNQ SEP25,1s,1,444,2025-09-12 09:27:21,24047,24047,24045.75,24045.75,34,1.25,1.25,0,0,-1,,,,
MNQ SEP25,1s,1,445,2025-09-12 09:27:22,24046,24046,24046,24046,1,0,0,0,0,0,,,,
MNQ SEP25,1s,1,446,2025-09-12 09:27:24,24046,24046.5,24046,24046,5,0.5,0,0.5,0,0,,,,
MNQ SEP25,1s,1,447,2025-09-12 09:27:25,24046,24046,24045.75,24045.75,11,0.25,0.25,0,0,-1,,,,
MNQ SEP25,1s,1,448,2025-09-12 09:27:26,24045.75,24045.75,24045.75,24045.75,4,0,0,0,0,0,,,,
MNQ SEP25,1s,1,449,2025-09-12 09:27:27,24045.75,24045.75,24045.25,24045.25,5,0.5,0.5,0,0,-1,,,,
MNQ SEP25,1s,1,450,2025-09-12 09:27:28,24045.25,24046,24045.25,24045.75,22,0.75,0.5,0.25,0,1,,,,
MNQ SEP25,1s,1,451,2025-09-12 09:27:29,24045.5,24046,24045.5,24045.5,9,0.5,0,0.5,0,0,,,,
MNQ SEP25,1s,1,452,2025-09-12 09:27:30,24045.5,24045.5,24045.5,24045.5,2,0,0,0,0,0,,,,
MNQ SEP25,10s,10,5444,2025-09-12 09:27:30,24047,24047,24045.25,24045.5,93,1.75,1.5,0,0.25,-1,-27.4,0.8,-1.65,-1.33
MNQ SEP25,1s,1,453,2025-09-12 09:27:31,24045.5,24045.5,24045.5,24045.5,1,0,0,0,0,0,,,,
MNQ SEP25,1s,1,454,2025-09-12 09:27:33,24045.25,24045.25,24044.75,24045,8,0.5,0.25,0,0.25,-1,,,,
MNQ SEP25,1s,1,455,2025-09-12 09:27:34,24044.75,24044.75,24044,24044,5,0.75,0.75,0,0,-1,,,,
MNQ SEP25,1s,1,456,2025-09-12 09:27:35,24044.5,24044.75,24044.25,24044.75,5,0.5,0.25,0,0.25,1,,,,
MNQ SEP25,1s,1,457,2025-09-12 09:27:36,24044.75,24045,24044.5,24044.5,4,0.5,0.25,0.25,0,-1,,,,
MNQ SEP25,1s,1,458,2025-09-12 09:27:37,24044.25,24045,24044.25,24045,23,0.75,0.75,0,0,1,,,,
MNQ SEP25,1s,1,459,2025-09-12 09:27:38,24044.75,24044.75,24044.75,24044.75,4,0,0,0,0,0,,,,
MNQ SEP25,1s,1,460,2025-09-12 09:27:39,24044.5,24044.5,24044.5,24044.5,1,0,0,0,0,0,,,,
MNQ SEP25,1s,1,461,2025-09-12 09:27:40,24044.25,24044.5,24044.25,24044.25,10,0.25,0,0.25,0,0,,,,
MNQ SEP25,10s,10,5445,2025-09-12 09:27:40,24045.5,24045.5,24044,24044.25,61,1.5,1.25,0,0.25,-1,-23,4.4,1.75,0.97
MNQ SEP25,20s,20,5722,2025-09-12 09:27:40,24047,24047,24044,24044.25,154,3,2.75,0,0.25,-1,-12.35,1.4,-43.38333333,-23.94
MNQ SEP25,1s,1,462,2025-09-12 09:27:41,24044.75,24046.5,24041,24042.75,391,5.5,2,1.75,1.75,-1,,,,
MNQ SEP25,1s,1,463,2025-09-12 09:27:42,24042.75,24043.25,24042.5,24043,36,0.75,0.25,0.25,0.25,1,,,,
MNQ SEP25,1s,1,464,2025-09-12 09:27:43,24042.75,24043,24042.5,24042.5,10,0.5,0.25,0.25,0,-1,,,,
MNQ SEP25,1s,1,465,2025-09-12 09:27:44,24042.75,24042.75,24042,24042,10,0.75,0.75,0,0,-1,,,,
MNQ SEP25,1s,1,466,2025-09-12 09:27:45,24042.25,24042.25,24041.75,24041.75,7,0.5,0.5,0,0,-1,,,,
MNQ SEP25,1s,1,467,2025-09-12 09:27:46,24041.5,24041.5,24039.5,24040.25,167,2,1.25,0,0.75,-1,,,,
MNQ SEP25,1s,1,468,2025-09-12 09:27:47,24039.75,24040.25,24038.75,24040,72,1.5,0.25,0.25,1,1,,,,
MNQ SEP25,1s,1,469,2025-09-12 09:27:48,24039.75,24040.75,24039.5,24040.75,28,1.25,1,0,0.25,1,,,,
MNQ SEP25,1s,1,470,2025-09-12 09:27:49,24040.5,24040.75,24040,24040.25,16,0.75,0.25,0.25,0.25,-1,,,,
MNQ SEP25,1s,1,471,2025-09-12 09:27:50,24040.25,24040.5,24039.25,24039.5,21,1.25,0.75,0.25,0.25,-1,,,,
MNQ SEP25,10s,10,5446,2025-09-12 09:27:50,24044.75,24046.5,24038.75,24039.5,758,7.75,5.25,1.75,0.75,-1,75.7,98.7,34.63333333,19.63
MNQ SEP25,1s,1,472,2025-09-12 09:27:51,24039.25,24039.75,24037.75,24039,172,2,0.25,0.5,1.25,-1,,,,
MNQ SEP25,1s,1,473,2025-09-12 09:27:52,24038.5,24039.75,24038.5,24039.25,32,1.25,0.75,0.5,0,1,,,,
MNQ SEP25,1s,1,474,2025-09-12 09:27:53,24039.25,24041,24039.25,24040.75,44,1.75,1.5,0.25,0,1,,,,
MNQ SEP25,1s,1,475,2025-09-12 09:27:54,24040.25,24041,24040.25,24040.25,19,0.75,0,0.75,0,0,,,,
MNQ SEP25,1s,1,476,2025-09-12 09:27:55,24040.25,24040.75,24040.25,24040.25,12,0.5,0,0.5,0,0,,,,
MNQ SEP25,1s,1,477,2025-09-12 09:27:56,24040,24040.75,24040,24040.25,9,0.75,0.25,0.5,0,1,,,,
MNQ SEP25,1s,1,478,2025-09-12 09:27:57,24040,24040.25,24040,24040,5,0.25,0,0.25,0,0,,,,
MNQ SEP25,1s,1,479,2025-09-12 09:27:58,24040.25,24041.25,24040.25,24041.25,28,1,1,0,0,1,,,,
MNQ SEP25,1s,1,480,2025-09-12 09:27:59,24041.5,24041.75,24041.25,24041.25,21,0.5,0.25,0.25,0,-1,,,,
MNQ SEP25,1s,1,481,2025-09-12 09:28:00,24041.25,24041.5,24040,24040.5,28,1.5,0.75,0.25,0.5,-1,,,,
MNQ SEP25,10s,10,5447,2025-09-12 09:28:00,24039.25,24041.75,24037.75,24040.5,370,4,1.25,1.25,1.5,1,119.65,43.95,49.01666667,29.58
MNQ SEP25,20s,20,5723,2025-09-12 09:28:00,24044.75,24046.5,24037.75,24040.5,1128,8.75,4.25,1.75,2.75,-1,137.15,149.5,51.85,3.59
MNQ SEP25,1s,1,482,2025-09-12 09:28:01,24041,24044.75,24040.5,24042.25,324,4.25,1.25,2.5,0.5,1,,,,
MNQ SEP25,1s,1,483,2025-09-12 09:28:02,24041.75,24043.75,24041.5,24043,28,2.25,1.25,0.75,0.25,1,,,,
MNQ SEP25,1s,1,484,2025-09-12 09:28:03,24043.25,24045,24042.75,24044.75,42,2.25,1.5,0.25,0.5,1,,,,
MNQ SEP25,1s,1,485,2025-09-12 09:28:04,24045,24045.25,24044,24044.25,26,1.25,0.75,0.25,0.25,-1,,,,
MNQ SEP25,1s,1,486,2025-09-12 09:28:05,24045,24046.25,24044.75,24045.75,34,1.5,0.75,0.5,0.25,1,,,,
MNQ SEP25,1s,1,487,2025-09-12 09:28:06,24046,24046,24044.25,24044.75,37,1.75,1.25,0,0.5,-1,,,,
MNQ SEP25,1s,1,488,2025-09-12 09:28:07,24044.25,24045,24044,24044.5,22,1,0.25,0.5,0.25,1,,,,
MNQ SEP25,1s,1,489,2025-09-12 09:28:08,24044.75,24044.75,24043.25,24044.25,45,1.5,0.5,0,1,-1,,,,
MNQ SEP25,1s,1,490,2025-09-12 09:28:09,24044.25,24044.5,24044,24044,10,0.5,0.25,0.25,0,-1,,,,
MNQ SEP25,1s,1,491,2025-09-12 09:28:10,24044,24044.25,24043.5,24043.75,10,0.75,0.25,0.25,0.25,-1,,,,
MNQ SEP25,10s,10,5448,2025-09-12 09:28:10,24041,24046.25,24040.5,24043.75,578,5.75,2.75,2.5,0.5,1,193.1,73.45,72.03333333,44.26
MNQ SEP25,1s,1,492,2025-09-12 09:28:11,24043.75,24043.75,24042,24042.75,94,1.75,1,0,0.75,-1,,,,
MNQ SEP25,1s,1,493,2025-09-12 09:28:12,24042.25,24042.25,24041,24041.75,60,1.25,0.5,0,0.75,-1,,,,
MNQ SEP25,1s,1,494,2025-09-12 09:28:13,24041.75,24042,24041.75,24042,4,0.25,0.25,0,0,1,,,,
MNQ SEP25,1s,1,495,2025-09-12 09:28:14,24041.25,24042.75,24041,24042.75,12,1.75,1.5,0,0.25,1,,,,
MNQ SEP25,1s,1,496,2025-09-12 09:28:15,24042.25,24043,24042.25,24042.25,17,0.75,0,0.75,0,0,,,,
MNQ SEP25,1s,1,497,2025-09-12 09:28:16,24042.25,24042.5,24042,24042,9,0.5,0.25,0.25,0,-1,,,,
MNQ SEP25,1s,1,498,2025-09-12 09:28:17,24042,24042.25,24041.75,24042.25,4,0.5,0.25,0,0.25,1,,,,
MNQ SEP25,1s,1,499,2025-09-12 09:28:18,24041.5,24041.5,24041,24041,14,0.5,0.5,0,0,-1,,,,
MNQ SEP25,1s,1,500,2025-09-12 09:28:19,24041.5,24041.75,24041.25,24041.5,7,0.5,0,0.25,0.25,0,,,,
MNQ SEP25,1s,1,501,2025-09-12 09:28:20,24041.5,24041.5,24040.75,24041,23,0.75,0.5,0,0.25,-1,,,,
MNQ SEP25,10s,10,5449,2025-09-12 09:28:20,24043.75,24043.75,24040.75,24041,244,3,2.75,0,0.25,-1,216.65,23.55,46.98333333,48.81
MNQ SEP25,20s,20,5724,2025-09-12 09:28:20,24041,24046.25,24040.5,24041,822,5.75,0,5.25,0.5,0,238.45,101.3,84.06666667,24.13
MNQ SEP25,1s,1,502,2025-09-12 09:28:21,24040.75,24041.5,24040.75,24041.5,21,0.75,0.75,0,0,1,,,,
MNQ SEP25,1s,1,503,2025-09-12 09:28:22,24041.75,24041.75,24041,24041.25,7,0.75,0.5,0,0.25,-1,,,,
MNQ SEP25,1s,1,504,2025-09-12 09:28:23,24041.25,24041.75,24041,24041.25,12,0.75,0,0.5,0.25,0,,,,
MNQ SEP25,1s,1,505,2025-09-12 09:28:24,24041,24041.25,24041,24041,5,0.25,0,0.25,0,0,,,,
MNQ SEP25,1s,1,506,2025-09-12 09:28:25,24040.75,24041.5,24040.75,24040.75,18,0.75,0,0.75,0,0,,,,
MNQ SEP25,1s,1,507,2025-09-12 09:28:26,24040.75,24041,24040.5,24040.75,15,0.5,0,0.25,0.25,0,,,,
MNQ SEP25,1s,1,508,2025-09-12 09:28:27,24040.75,24040.75,24040.5,24040.75,3,0.25,0,0,0.25,0,,,,
MNQ SEP25,1s,1,509,2025-09-12 09:28:28,24040.75,24040.75,24040.5,24040.5,7,0.25,0.25,0,0,-1,,,,
MNQ SEP25,1s,1,510,2025-09-12 09:28:29,24040.75,24040.75,24040.5,24040.75,4,0.25,0,0,0.25,0,,,,
MNQ SEP25,1s,1,511,2025-09-12 09:28:30,24040.75,24040.75,24040.75,24040.75,2,0,0,0,0,0,,,,
MNQ SEP25,10s,10,5450,2025-09-12 09:28:30,24040.75,24041.75,24040.5,24040.75,94,1.25,0,1,0.25,0,252.85,36.2,44.4,55.17
MNQ SEP25,1s,1,512,2025-09-12 09:28:31,24040.5,24040.75,24040.5,24040.75,4,0.25,0.25,0,0,1,,,,
MNQ SEP25,1s,1,513,2025-09-12 09:28:32,24041,24041.25,24040.5,24041,21,0.75,0,0.25,0.5,0,,,,
MNQ SEP25,1s,1,514,2025-09-12 09:28:33,24041,24041,24039.5,24040,19,1.5,1,0,0.5,-1,,,,
MNQ SEP25,1s,1,515,2025-09-12 09:28:34,24040,24040.25,24040,24040.25,7,0.25,0.25,0,0,1,,,,
MNQ SEP25,1s,1,516,2025-09-12 09:28:35,24040.5,24040.75,24040.25,24040.5,14,0.5,0,0.25,0.25,0,,,,
MNQ SEP25,1s,1,517,2025-09-12 09:28:36,24040.5,24043.25,24040.5,24042.75,95,2.75,2.25,0.5,0,1,,,,
MNQ SEP25,1s,1,518,2025-09-12 09:28:37,24042.5,24043,24042.5,24042.5,13,0.5,0,0.5,0,0,,,,
MNQ SEP25,1s,1,519,2025-09-12 09:28:38,24042.75,24043.5,24042.75,24042.75,18,0.75,0,0.75,0,0,,,,
MNQ SEP25,1s,1,520,2025-09-12 09:28:39,24043,24043.5,24042.75,24043,5,0.75,0,0.5,0.25,0,,,,
MNQ SEP25,1s,1,521,2025-09-12 09:28:40,24043,24043.5,24043,24043.5,10,0.5,0.5,0,0,1,,,,
MNQ SEP25,10s,10,5451,2025-09-12 09:28:40,24040.5,24043.5,24039.5,24043.5,206,4,3,0,1,1,138.1,-114.75,-18.33333333,12.48
MNQ SEP25,20s,20,5725,2025-09-12 09:28:40,24040.75,24043.5,24039.5,24043.5,300,4,2.75,0,1.25,1,261,22.55,91.11666667,55.88
MNQ SEP25,1s,1,522,2025-09-12 09:28:41,24043.25,24043.25,24043.25,24043.25,5,0,0,0,0,0,,,,
MNQ SEP25,1s,1,523,2025-09-12 09:28:42,24043.25,24043.75,24043.25,24043.25,9,0.5,0,0.5,0,0,,,,
MNQ SEP25,1s,1,524,2025-09-12 09:28:43,24043.75,24044,24043.5,24043.5,8,0.5,0.25,0.25,0,-1,,,,
MNQ SEP25,1s,1,525,2025-09-12 09:28:44,24043.25,24043.25,24043.25,24043.25,1,0,0,0,0,0,,,,
MNQ SEP25,1s,1,526,2025-09-12 09:28:45,24043,24043.25,24042.75,24042.75,6,0.5,0.25,0.25,0,-1,,,,
MNQ SEP25,1s,1,527,2025-09-12 09:28:46,24042.5,24044,24042.5,24044,39,1.5,1.5,0,0,1,,,,
MNQ SEP25,1s,1,528,2025-09-12 09:28:48,24043.75,24043.75,24043.5,24043.5,4,0.25,0.25,0,0,-1,,,,
MNQ SEP25,1s,1,529,2025-09-12 09:28:49,24044,24045,24044,24044.25,18,1,0.25,0.75,0,1,,,,
MNQ SEP25,1s,1,530,2025-09-12 09:28:50,24044,24044.75,24044,24044.25,14,0.75,0.25,0.5,0,1,,,,
MNQ SEP25,10s,10,5452,2025-09-12 09:28:50,24043.25,24045,24042.5,24044.25,104,2.5,1,0.75,0.75,1,83.05,-55.05,-44.53333333,-7.32
MNQ SEP25,1s,1,531,2025-09-12 09:28:51,24044.5,24046,24044.5,24045.5,81,1.5,1,0.5,0,1,,,,
MNQ SEP25,1s,1,532,2025-09-12 09:28:52,24045.5,24045.75,24045.25,24045.25,28,0.5,0.25,0.25,0,-1,,,,
MNQ SEP25,1s,1,533,2025-09-12 09:28:53,24045,24045.5,24043.75,24043.75,83,1.75,1.25,0.5,0,-1,,,,
MNQ SEP25,1s,1,534,2025-09-12 09:28:54,24044,24044,24042.25,24042.75,49,1.75,1.25,0,0.5,-1,,,,
MNQ SEP25,1s,1,535,2025-09-12 09:28:55,24042.5,24043.25,24042.25,24043,13,1,0.5,0.25,0.25,1,,,,
MNQ SEP25,1s,1,536,2025-09-12 09:28:56,24042.75,24043,24042.75,24043,10,0.25,0.25,0,0,1,,,,
MNQ SEP25,1s,1,537,2025-09-12 09:28:57,24042.5,24043,24042.25,24042.25,9,0.75,0.25,0.5,0,-1,,,,
MNQ SEP25,1s,1,538,2025-09-12 09:28:58,24042.5,24042.5,24042.5,24042.5,14,0,0,0,0,0,,,,
MNQ SEP25,1s,1,539,2025-09-12 09:28:59,24042.75,24043,24041.75,24042,25,1.25,0.75,0.25,0.25,-1,,,,
MNQ SEP25,1s,1,540,2025-09-12 09:29:00,24041.75,24042.25,24041.75,24042.25,6,0.5,0.5,0,0,1,,,,
MNQ SEP25,10s,10,5453,2025-09-12 09:29:00,24044.5,24046,24041.75,24042.25,318,4.25,2.25,1.5,0.5,-1,16.7,-66.35,-78.71666667,-35.28
MNQ SEP25,20s,20,5726,2025-09-12 09:29:00,24043.25,24046,24041.75,24042.25,422,4.25,1,2.75,0.5,-1,300.3,39.3,54.38333333,62.81
MNQ SEP25,1s,1,541,2025-09-12 09:29:01,24043,24043,24042.5,24042.75,12,0.5,0.25,0,0.25,-1,,,,
MNQ SEP25,1s,1,542,2025-09-12 09:29:02,24043,24043,24041.75,24042.5,50,1.25,0.5,0,0.75,-1,,,,
MNQ SEP25,1s,1,543,2025-09-12 09:29:03,24042.75,24042.75,24042.5,24042.5,12,0.25,0.25,0,0,-1,,,,
MNQ SEP25,1s,1,544,2025-09-12 09:29:04,24042.5,24042.5,24042.5,24042.5,3,0,0,0,0,0,,,,
MNQ SEP25,1s,1,545,2025-09-12 09:29:05,24043.25,24043.5,24042,24042,23,1.5,1.25,0.25,0,-1,,,,
MNQ SEP25,1s,1,546,2025-09-12 09:29:06,24042.75,24042.75,24041.75,24042.75,12,1,0,0,1,0,,,,
MNQ SEP25,1s,1,547,2025-09-12 09:29:07,24042.25,24042.75,24041.75,24041.75,8,1,0.5,0.5,0,-1,,,,
MNQ SEP25,1s,1,548,2025-09-12 09:29:08,24042.25,24042.25,24041.75,24042,8,0.5,0.25,0,0.25,-1,,,,
MNQ SEP25,1s,1,549,2025-09-12 09:29:09,24042,24042,24041.75,24042,8,0.25,0,0,0.25,0,,,,
MNQ SEP25,1s,1,550,2025-09-12 09:29:10,24042,24042,24042,24042,4,0,0,0,0,0,,,,
MNQ SEP25,10s,10,5454,2025-09-12 09:29:10,24043,24043.5,24041.75,24042,140,1.75,1,0.5,0.25,-1,-7.65,-24.35,-48.58333333,-44.86
MNQ SEP25,1s,1,551,2025-09-12 09:29:11,24042.25,24042.25,24041.5,24042,15,0.75,0.25,0,0.5,-1,,,,
MNQ SEP25,1s,1,552,2025-09-12 09:29:12,24042.25,24042.25,24041.75,24041.75,6,0.5,0.5,0,0,-1,,,,
MNQ SEP25,1s,1,553,2025-09-12 09:29:13,24041.75,24042.25,24041.25,24041.25,31,1,0.5,0.5,0,-1,,,,
MNQ SEP25,1s,1,554,2025-09-12 09:29:14,24040.75,24041.25,24040.75,24040.75,25,0.5,0,0.5,0,0,,,,
MNQ SEP25,1s,1,555,2025-09-12 09:29:15,24040.75,24041.25,24039.5,24041,70,1.75,0.25,0.25,1.25,1,,,,
MNQ SEP25,1s,1,556,2025-09-12 09:29:16,24040.5,24041,24040.25,24040.5,32,0.75,0,0.5,0.25,0,,,,
MNQ SEP25,1s,1,557,2025-09-12 09:29:17,24040.5,24040.75,24040.5,24040.75,16,0.25,0.25,0,0,1,,,,
MNQ SEP25,1s,1,558,2025-09-12 09:29:18,24041,24041,24040.5,24040.75,8,0.5,0.25,0,0.25,-1,,,,
MNQ SEP25,1s,1,559,2025-09-12 09:29:19,24041,24041,24040.5,24040.75,9,0.5,0.25,0,0.25,-1,,,,
MNQ SEP25,1s,1,560,2025-09-12 09:29:20,24040.5,24040.75,24040.25,24040.25,11,0.5,0.25,0.25,0,-1,,,,
MNQ SEP25,10s,10,5455,2025-09-12 09:29:20,24042.25,24042.25,24039.5,24040.25,223,2.75,2,0,0.75,-1,11.6,19.25,-23.81666667,-48.25
MNQ SEP25,20s,20,5727,2025-09-12 09:29:20,24043,24043.5,24039.5,24040.25,363,4,2.75,0.5,0.75,-1,329.15,28.85,30.23333333,68.3
MNQ SEP25,1s,1,561,2025-09-12 09:29:21,24040.25,24040.75,24040,24040.75,16,0.75,0.5,0,0.25,1,,,,
MNQ SEP25,1s,1,562,2025-09-12 09:29:22,24040.25,24040.75,24040.25,24040.75,6,0.5,0.5,0,0,1,,,,
MNQ SEP25,1s,1,563,2025-09-12 09:29:23,24040.75,24041.5,24040.25,24040.75,45,1.25,0,0.75,0.5,0,,,,
MNQ SEP25,1s,1,564,2025-09-12 09:29:24,24041,24041.25,24040.75,24041.25,6,0.5,0.25,0,0.25,1,,,,
MNQ SEP25,1s,1,565,2025-09-12 09:29:25,24041.5,24041.75,24041,24041.25,18,0.75,0.25,0.25,0.25,-1,,,,
MNQ SEP25,1s,1,566,2025-09-12 09:29:26,24041.25,24042.25,24041.25,24042.25,8,1,1,0,0,1,,,,
MNQ SEP25,1s,1,567,2025-09-12 09:29:27,24042,24042.25,24042,24042,7,0.25,0,0.25,0,0,,,,
MNQ SEP25,1s,1,568,2025-09-12 09:29:28,24041.75,24041.75,24041.25,24041.5,22,0.5,0.25,0,0.25,-1,,,,
MNQ SEP25,1s,1,569,2025-09-12 09:29:29,24041,24041,24040.25,24040.25,41,0.75,0.75,0,0,-1,,,,
MNQ SEP25,1s,1,570,2025-09-12 09:29:30,24041,24041.5,24040.75,24041.5,14,0.75,0.5,0,0.25,1,,,,
MNQ SEP25,10s,10,5456,2025-09-12 09:29:30,24040.25,24042.25,24040,24041.5,183,2.25,1.25,0.75,0.25,1,0.15,-11.45,-5.51666667,-27.59
MNQ SEP25,1s,1,571,2025-09-12 09:29:31,24041.5,24042.75,24041.5,24042.75,20,1.25,1.25,0,0,1,,,,
MNQ SEP25,1s,1,572,2025-09-12 09:29:32,24042.5,24042.5,24042,24042.5,7,0.5,0,0,0.5,0,,,,
MNQ SEP25,1s,1,573,2025-09-12 09:29:33,24042.25,24043.25,24042.25,24042.5,35,1,0.25,0.75,0,1,,,,
MNQ SEP25,1s,1,574,2025-09-12 09:29:34,24042,24042.25,24041.5,24041.5,20,0.75,0.5,0.25,0,-1,,,,
MNQ SEP25,1s,1,575,2025-09-12 09:29:35,24041.5,24041.75,24041,24041.25,19,0.75,0.25,0.25,0.25,-1,,,,
MNQ SEP25,1s,1,576,2025-09-12 09:29:36,24041.25,24041.5,24041.25,24041.5,9,0.25,0.25,0,0,1,,,,
MNQ SEP25,1s,1,577,2025-09-12 09:29:37,24040.75,24040.75,24040.5,24040.5,10,0.25,0.25,0,0,-1,,,,
MNQ SEP25,1s,1,578,2025-09-12 09:29:38,24040.5,24040.5,24039.5,24040,53,1,0.5,0,0.5,-1,,,,
MNQ SEP25,1s,1,579,2025-09-12 09:29:39,24040,24040.25,24039.75,24040.25,24,0.5,0.25,0,0.25,1,,,,
MNQ SEP25,1s,1,580,2025-09-12 09:29:40,24039.75,24040.5,24039.75,24040.5,22,0.75,0.75,0,0,1,,,,
MNQ SEP25,10s,10,5457,2025-09-12 09:29:40,24041.5,24043.25,24039.5,24040.5,219,3.75,1,1.75,1,-1,16.4,16.25,8.01666667,-13.33
MNQ SEP25,20s,20,5728,2025-09-12 09:29:40,24040.25,24043.25,24039.5,24040.5,402,3.75,0.25,2.75,0.75,1,168.45,-160.7,-30.85,6.26
MNQ SEP25,1s,1,581,2025-09-12 09:29:41,24040.5,24040.75,24040,24040,29,0.75,0.5,0.25,0,-1,,,,
MNQ SEP25,1s,1,582,2025-09-12 09:29:42,24040,24040,24039.5,24039.75,16,0.5,0.25,0,0.25,-1,,,,
MNQ SEP25,1s,1,583,2025-09-12 09:29:43,24039.25,24040,24039.25,24039.5,26,0.75,0.25,0.5,0,1,,,,
MNQ SEP25,1s,1,584,2025-09-12 09:29:44,24040,24040,24039.25,24039.25,11,0.75,0.75,0,0,-1,,,,
MNQ SEP25,1s,1,585,2025-09-12 09:29:45,24039,24039.25,24038.75,24039.25,7,0.5,0.25,0,0.25,1,,,,
MNQ SEP25,1s,1,586,2025-09-12 09:29:46,24039.25,24039.25,24038.75,24039,17,0.5,0.25,0,0.25,-1,,,,
MNQ SEP25,1s,1,587,2025-09-12 09:29:47,24038.75,24040,24038.75,24039.5,43,1.25,0.75,0.5,0,1,,,,
MNQ SEP25,1s,1,588,2025-09-12 09:29:48,24039.75,24039.75,24039.25,24039.25,15,0.5,0.5,0,0,-1,,,,
MNQ SEP25,1s,1,589,2025-09-12 09:29:49,24039.75,24040.75,24039.5,24040,54,1.25,0.25,0.75,0.25,1,,,,
MNQ SEP25,1s,1,590,2025-09-12 09:29:50,24039.5,24040,24039.5,24039.5,8,0.5,0,0.5,0,0,,,,
MNQ SEP25,10s,10,5458,2025-09-12 09:29:50,24040.5,24040.75,24038.75,24039.5,226,2,1,0.25,0.75,-1,-9.95,-26.35,-7.18333333,-5.33
MNQ SEP25,1s,1,591,2025-09-12 09:29:51,24039.25,24039.75,24039.25,24039.5,22,0.5,0.25,0.25,0,1,,,,
MNQ SEP25,1s,1,592,2025-09-12 09:29:52,24039.25,24039.75,24039.25,24039.5,8,0.5,0.25,0.25,0,1,,,,
MNQ SEP25,1s,1,593,2025-09-12 09:29:53,24039.5,24040.25,24039.25,24040.25,10,1,0.75,0,0.25,1,,,,
MNQ SEP25,1s,1,594,2025-09-12 09:29:54,24039.75,24039.75,24039,24039,14,0.75,0.75,0,0,-1,,,,
MNQ SEP25,1s,1,595,2025-09-12 09:29:55,24038.75,24038.75,24038.25,24038.75,18,0.5,0,0,0.5,0,,,,
MNQ SEP25,1s,1,596,2025-09-12 09:29:56,24038.25,24039,24037.75,24037.75,17,1.25,0.5,0.75,0,-1,,,,
MNQ SEP25,1s,1,597,2025-09-12 09:29:57,24038,24038.75,24038,24038.25,17,0.75,0.25,0.5,0,1,,,,
MNQ SEP25,1s,1,598,2025-09-12 09:29:58,24039,24039.5,24038.75,24039.5,19,0.75,0.5,0,0.25,1,,,,
MNQ SEP25,1s,1,599,2025-09-12 09:29:59,24039,24039,24037.75,24038.5,44,1.25,0.5,0,0.75,-1,,,,
MNQ SEP25,1s,1,600,2025-09-12 09:30:00,24038.75,24040.25,24038.5,24040.25,83,1.75,1.5,0,0.25,1,,,,
MNQ SEP25,10s,10,5459,2025-09-12 09:30:00,24039.25,24040.25,24037.75,24040.25,252,2.5,1,0,1.5,1,3.6,13.55,1.15,2.25
MNQ SEP25,20s,20,5729,2025-09-12 09:30:00,24040.5,24040.75,24037.75,24040.25,478,3,0.25,0.25,2.5,-1,82.45,-86,-72.61666667,-31.2
MNQ SEP25,1s,1,601,2025-09-12 09:30:01,24040.5,24042.75,24039.25,24040.25,549,3.5,0.25,2.25,1,-1,,,,
MNQ SEP25,1s,1,602,2025-09-12 09:30:02,24040.25,24050,24040,24048,680,10,7.75,2,0.25,1,,,,
MNQ SEP25,1s,1,603,2025-09-12 09:30:03,24047.75,24060,24046.75,24059,1394,13.25,11.25,1,1,1,,,,
MNQ SEP25,1s,1,604,2025-09-12 09:30:04,24058.5,24060,24057.75,24060,317,2.25,1.5,0,0.75,1,,,,
MNQ SEP25,1s,1,605,2025-09-12 09:30:05,24059.5,24063.25,24059.5,24061.75,550,3.75,2.25,1.5,0,1,,,,
MNQ SEP25,1s,1,606,2025-09-12 09:30:06,24062.25,24063,24059.5,24062.75,341,3.5,0.5,0.25,2.75,1,,,,
MNQ SEP25,1s,1,607,2025-09-12 09:30:07,24062.5,24062.75,24058,24058.5,199,4.75,4,0.25,0.5,-1,,,,
MNQ SEP25,1s,1,608,2025-09-12 09:30:08,24058.75,24059.25,24056.5,24058.25,218,2.75,0.5,0.5,1.75,-1,,,,
MNQ SEP25,1s,1,609,2025-09-12 09:30:09,24058,24059,24053.25,24053.5,146,5.75,4.5,1,0.25,-1,,,,
MNQ SEP25,1s,1,610,2025-09-12 09:30:10,24054,24054,24049.5,24052.5,203,4.5,1.5,0,3,-1,,,,
MNQ SEP25,10s,10,5460,2025-09-12 09:30:10,24040.5,24063.25,24039.25,24052.5,4597,24,12,10.75,1.25,1,650.9,647.3,211.5,127.86
MNQ SEP25,1s,1,611,2025-09-12 09:30:11,24052.25,24053.75,24051,24052.75,192,2.75,0.5,1,1.25,1,,,,
MNQ SEP25,1s,1,612,2025-09-12 09:30:12,24053.25,24057,24053,24055.25,143,4,2,1.75,0.25,1,,,,
MNQ SEP25,1s,1,613,2025-09-12 09:30:13,24056.5,24057.25,24051.5,24052.25,198,5.75,4.25,0.75,0.75,-1,,,,
MNQ SEP25,1s,1,614,2025-09-12 09:30:14,24052,24056,24051.5,24056,155,4.5,4,0,0.5,1,,,,
MNQ SEP25,1s,1,615,2025-09-12 09:30:15,24055.75,24056,24052.5,24053,174,3.5,2.75,0.25,0.5,-1,,,,
MNQ SEP25,1s,1,616,2025-09-12 09:30:16,24053.25,24053.5,24049.75,24050.75,134,3.75,2.5,0.25,1,-1,,,,
MNQ SEP25,1s,1,617,2025-09-12 09:30:17,24050.25,24053.75,24049.75,24053.5,116,4,3.25,0.25,0.5,1,,,,
MNQ SEP25,1s,1,618,2025-09-12 09:30:18,24053.25,24056.5,24053.25,24054.25,123,3.25,1,2.25,0,1,,,,
MNQ SEP25,1s,1,619,2025-09-12 09:30:19,24053.75,24057.5,24053.5,24053.75,98,4,0,3.75,0.25,0,,,,
MNQ SEP25,1s,1,620,2025-09-12 09:30:20,24053.5,24054.5,24052,24054.25,116,2.5,0.75,0.25,1.5,1,,,,
MNQ SEP25,10s,10,5461,2025-09-12 09:30:20,24052.25,24057.5,24049.75,24054.25,1449,7.75,2,3.25,2.5,1,835.7,184.8,281.88333333,167.11
MNQ SEP25,20s,20,5730,2025-09-12 09:30:20,24040.5,24063.25,24039.25,24054.25,6046,24,13.75,9,1.25,1,936.05,853.6,202.3,135.01
MNQ SEP25,1s,1,621,2025-09-12 09:30:21,24054.75,24057.25,24054.25,24057.25,81,3,2.5,0,0.5,1,,,,
MNQ SEP25,1s,1,622,2025-09-12 09:30:22,24057,24059.5,24056,24058.75,210,3.5,1.75,0.75,1,1,,,,
MNQ SEP25,1s,1,623,2025-09-12 09:30:23,24058.75,24060.75,24058.75,24060,119,2,1.25,0.75,0,1,,,,
MNQ SEP25,1s,1,624,2025-09-12 09:30:24,24059.75,24060.25,24056.5,24058.5,156,3.75,1.25,0.5,2,-1,,,,
MNQ SEP25,1s,1,625,2025-09-12 09:30:25,24058.5,24060.5,24057.75,24059,142,2.75,0.5,1.5,0.75,1,,,,
MNQ SEP25,1s,1,626,2025-09-12 09:30:26,24059.25,24063.5,24059.25,24061.5,255,4.25,2.25,2,0,1,,,,
MNQ SEP25,1s,1,627,2025-09-12 09:30:27,24061,24063.25,24060.25,24062.5,176,3,1.5,0.75,0.75,1,,,,
MNQ SEP25,1s,1,628,2025-09-12 09:30:28,24061.5,24062,24058.75,24059.25,181,3.25,2.25,0.5,0.5,-1,,,,
MNQ SEP25,1s,1,629,2025-09-12 09:30:29,24058.75,24061.25,24057,24057.75,135,4.25,1,2.5,0.75,-1,,,,
MNQ SEP25,1s,1,630,2025-09-12 09:30:30,24057,24057.5,24055,24056.5,122,2.5,0.5,0.5,1.5,-1,,,,
MNQ SEP25,10s,10,5462,2025-09-12 09:30:30,24054.75,24063.5,24054.25,24056.5,1577,9.25,1.75,7,0.5,1,1031.85,196.15,342.75,203.09
MNQ SEP25,1s,1,631,2025-09-12 09:30:31,24055.75,24058.75,24055.5,24058.5,154,3.25,2.75,0.25,0.25,1,,,,
MNQ SEP25,1s,1,632,2025-09-12 09:30:32,24058.5,24062.25,24058.5,24061.75,172,3.75,3.25,0.5,0,1,,,,
MNQ SEP25,1s,1,633,2025-09-12 09:30:33,24062,24063,24058.75,24059,139,4.25,3,1,0.25,-1,,,,
MNQ SEP25,1s,1,634,2025-09-12 09:30:34,24059.5,24060.75,24057.75,24057.75,155,3,1.75,1.25,0,-1,,,,
MNQ SEP25,1s,1,635,2025-09-12 09:30:35,24058,24059,24056.75,24057.5,113,2.25,0.5,1,0.75,-1,,,,
MNQ SEP25,1s,1,636,2025-09-12 09:30:36,24057.75,24061.25,24057,24057.5,202,4.25,0.25,3.5,0.5,-1,,,,
MNQ SEP25,1s,1,637,2025-09-12 09:30:37,24058.75,24058.75,24057.25,24057.75,90,1.5,1,0,0.5,-1,,,,
MNQ SEP25,1s,1,638,2025-09-12 09:30:38,24057.75,24058,24055.75,24056.5,107,2.25,1.25,0.25,0.75,-1,,,,
MNQ SEP25,1s,1,639,2025-09-12 09:30:39,24056.25,24058.5,24055.5,24056,87,3,0.25,2.25,0.5,-1,,,,
MNQ SEP25,1s,1,640,2025-09-12 09:30:40,24056,24057.25,24054,24054.75,150,3.25,1.25,1.25,0.75,-1,,,,
MNQ SEP25,10s,10,5463,2025-09-12 09:30:40,24055.75,24063,24054,24054.75,1369,9,1,7.25,0.75,-1,1195.75,163.9,181.61666667,241.14
MNQ SEP25,20s,20,5731,2025-09-12 09:30:40,24054.75,24063.5,24054,24054.75,2946,9.5,0,8.75,0.75,0,1296.55,360.5,376.03333333,199.25
MNQ SEP25,1s,1,641,2025-09-12 09:30:41,24054.75,24055,24052.25,24053.75,143,2.75,1,0.25,1.5,-1,,,,
MNQ SEP25,1s,1,642,2025-09-12 09:30:42,24054.25,24054.75,24050.25,24054.5,213,4.5,0.25,0.25,4,1,,,,
MNQ SEP25,1s,1,643,2025-09-12 09:30:43,24054.25,24054.25,24050.5,24050.5,107,3.75,3.75,0,0,-1,,,,
MNQ SEP25,1s,1,644,2025-09-12 09:30:44,24050.75,24052.75,24050.5,24050.75,93,2.25,0,2,0.25,0,,,,
MNQ SEP25,1s,1,645,2025-09-12 09:30:45,24050.25,24050.75,24047,24050.25,223,3.75,0,0.5,3.25,0,,,,
MNQ SEP25,1s,1,646,2025-09-12 09:30:46,24049.75,24050,24047,24049.25,140,3,0.5,0.25,2.25,-1,,,,
MNQ SEP25,1s,1,647,2025-09-12 09:30:47,24049,24049,24046.5,24048.75,150,2.5,0.25,0,2.25,-1,,,,
MNQ SEP25,1s,1,648,2025-09-12 09:30:48,24048.5,24050,24046.75,24048,115,3.25,0.5,1.5,1.25,-1,,,,
MNQ SEP25,1s,1,649,2025-09-12 09:30:49,24047.5,24048.25,24046.5,24047.75,95,1.75,0.25,0.5,1,1,,,,
MNQ SEP25,1s,1,650,2025-09-12 09:30:50,24047.75,24047.75,24044.5,24044.75,154,3.25,3,0,0.25,-1,,,,
MNQ SEP25,10s,10,5464,2025-09-12 09:30:50,24054.75,24055,24044.5,24044.75,1433,10.5,10,0.25,0.25,-1,1364.95,169.2,176.41666667,272.27
MNQ SEP25,1s,1,651,2025-09-12 09:30:51,24044.5,24046.25,24043.25,24045,173,3,0.5,1.25,1.25,1,,,,
MNQ SEP25,1s,1,652,2025-09-12 09:30:52,24045,24047.75,24044.75,24047.25,218,3,2.25,0.5,0.25,1,,,,
MNQ SEP25,1s,1,653,2025-09-12 09:30:53,24047.5,24047.5,24044.25,24045,87,3.25,2.5,0,0.75,-1,,,,
MNQ SEP25,1s,1,654,2025-09-12 09:30:54,24044.5,24047.25,24043.75,24046,102,3.5,1.5,1.25,0.75,1,,,,
MNQ SEP25,1s,1,655,2025-09-12 09:30:55,24045.25,24046.25,24043,24043.5,88,3.25,1.75,1,0.5,-1,,,,
MNQ SEP25,1s,1,656,2025-09-12 09:30:56,24044.25,24044.25,24040.75,24042.25,185,3.5,2,0,1.5,-1,,,,
MNQ SEP25,1s,1,657,2025-09-12 09:30:57,24042.25,24047,24041.75,24047,174,5.25,4.75,0,0.5,1,,,,
MNQ SEP25,1s,1,658,2025-09-12 09:30:58,24047.25,24047.25,24043.25,24043.25,150,4,4,0,0,-1,,,,
MNQ SEP25,1s,1,659,2025-09-12 09:30:59,24043.5,24046.25,24043,24045.5,78,3.25,2,0.75,0.5,1,,,,
MNQ SEP25,1s,1,660,2025-09-12 09:31:00,24045.5,24047.5,24045,24047.5,103,2.5,2,0,0.5,1,,,,
MNQ SEP25,10s,10,5465,2025-09-12 09:31:00,24044.5,24047.75,24040.75,24047.5,1358,7,3,0.25,3.75,1,652.3,-712.65,-126.51666667,0.28
MNQ SEP25,20s,20,5732,2025-09-12 09:31:00,24054.75,24055,24040.75,24047.5,2791,14.25,7.25,0.25,6.75,-1,1649.1,352.55,522.21666667,263.99
MNQ SEP25,1s,1,661,2025-09-12 09:31:01,24047.75,24049,24046,24046.5,164,3,1.25,1.25,0.5,-1,,,,
MNQ SEP25,1s,1,662,2025-09-12 09:31:02,24046.75,24047.75,24045.75,24046.25,139,2,0.5,1,0.5,-1,,,,
MNQ SEP25,1s,1,663,2025-09-12 09:31:03,24047.25,24050.5,24046.25,24049.5,99,4.25,2.25,1,1,1,,,,
MNQ SEP25,1s,1,664,2025-09-12 09:31:04,24049.25,24052.5,24048.75,24050.25,158,3.75,1,2.25,0.5,1,,,,
MNQ SEP25,1s,1,665,2025-09-12 09:31:05,24049.5,24050.5,24048.25,24048.25,119,2.25,1.25,1,0,-1,,,,
MNQ SEP25,1s,1,666,2025-09-12 09:31:06,24049,24050.75,24048.25,24050.5,148,2.5,1.5,0.25,0.75,1,,,,
MNQ SEP25,1s,1,667,2025-09-12 09:31:07,24050.25,24050.25,24046.5,24049,90,3.75,1.25,0,2.5,-1,,,,
MNQ SEP25,1s,1,668,2025-09-12 09:31:08,24048.25,24050.75,24048,24049.5,122,2.75,1.25,1.25,0.25,1,,,,
MNQ SEP25,1s,1,669,2025-09-12 09:31:09,24049.75,24051.25,24049,24050.5,133,2.25,0.75,0.75,0.75,1,,,,
MNQ SEP25,1s,1,670,2025-09-12 09:31:10,24050.5,24052,24049.5,24051.5,125,2.5,1,0.5,1,1,,,,
MNQ SEP25,10s,10,5466,2025-09-12 09:31:10,24047.75,24052.5,24045.75,24051.5,1297,6.75,3.75,1,2,1,594.95,-57.35,-200.26666667,-48.15
MNQ SEP25,1s,1,671,2025-09-12 09:31:11,24052,24052.25,24048,24048.75,114,4.25,3.25,0.25,0.75,-1,,,,
MNQ SEP25,1s,1,672,2025-09-12 09:31:12,24049.25,24049.5,24047.5,24047.75,74,2,1.5,0.25,0.25,-1,,,,
MNQ SEP25,1s,1,673,2025-09-12 09:31:13,24047.25,24047.5,24044,24044,123,3.5,3.25,0.25,0,-1,,,,
MNQ SEP25,1s,1,674,2025-09-12 09:31:14,24044.25,24045,24041,24041.75,192,4,2.5,0.75,0.75,-1,,,,
MNQ SEP25,1s,1,675,2025-09-12 09:31:15,24041.5,24042.5,24040.25,24041.75,157,2.25,0.25,0.75,1.25,1,,,,
MNQ SEP25,1s,1,676,2025-09-12 09:31:16,24041.75,24044.5,24041,24042.75,126,3.5,1,1.75,0.75,1,,,,
MNQ SEP25,1s,1,677,2025-09-12 09:31:17,24042.25,24044,24041.75,24042.75,85,2.25,0.5,1.25,0.5,1,,,,
MNQ SEP25,1s,1,678,2025-09-12 09:31:18,24042.25,24045.5,24042,24042.75,123,3.5,0.5,2.75,0.25,1,,,,
MNQ SEP25,1s,1,679,2025-09-12 09:31:19,24042.75,24043.75,24039.5,24040,169,4.25,2.75,1,0.5,-1,,,,
MNQ SEP25,1s,1,680,2025-09-12 09:31:20,24040,24040.25,24035.75,24036.75,469,4.5,3.25,0.25,1,-1,,,,
MNQ SEP25,10s,10,5467,2025-09-12 09:31:20,24052,24052.25,24035.75,24036.75,1632,16.5,15.25,0.25,1,-1,542.85,-52.1,-274.03333333,-97.8
MNQ SEP25,20s,20,5733,2025-09-12 09:31:20,24047.75,24052.5,24035.75,24036.75,2929,16.75,11,4.75,1,-1,2011.3,362.2,358.41666667,368.57
MNQ SEP25,1s,1,681,2025-09-12 09:31:21,24036.5,24040,24035.5,24038,423,4.5,1.5,2,1,1,,,,
MNQ SEP25,1s,1,682,2025-09-12 09:31:22,24037.75,24040,24037.25,24038,173,2.75,0.25,2,0.5,1,,,,
MNQ SEP25,1s,1,683,2025-09-12 09:31:23,24038,24041.25,24037,24038.5,251,4.25,0.5,2.75,1,1,,,,
MNQ SEP25,1s,1,684,2025-09-12 09:31:24,24038,24038,24036.5,24036.75,115,1.5,1.25,0,0.25,-1,,,,
MNQ SEP25,1s,1,685,2025-09-12 09:31:25,24037,24037.75,24034.25,24035,206,3.5,2,0.75,0.75,-1,,,,
MNQ SEP25,1s,1,686,2025-09-12 09:31:26,24034.75,24036.75,24034,24035.5,198,2.75,0.75,1.25,0.75,1,,,,
MNQ SEP25,1s,1,687,2025-09-12 09:31:27,24035.75,24038,24034.5,24037.75,193,3.5,2,0.25,1.25,1,,,,
MNQ SEP25,1s,1,688,2025-09-12 09:31:28,24037.25,24041.75,24037,24040.5,173,4.75,3.25,1.25,0.25,1,,,,
MNQ SEP25,1s,1,689,2025-09-12 09:31:29,24040.25,24040.25,24035,24035.25,147,5.25,5,0,0.25,-1,,,,
MNQ SEP25,1s,1,690,2025-09-12 09:31:30,24035,24035.25,24033,24033.75,159,2.25,1.25,0.25,0.75,-1,,,,
MNQ SEP25,10s,10,5468,2025-09-12 09:31:30,24036.5,24041.75,24033,24033.75,2038,8.75,2.75,5.25,0.75,-1,603.65,60.8,-16.21666667,-118.42
MNQ SEP25,1s,1,691,2025-09-12 09:31:31,24033.75,24035.25,24030.75,24031.5,282,4.5,2.25,1.5,0.75,-1,,,,
MNQ SEP25,1s,1,692,2025-09-12 09:31:32,24032,24032.75,24031.5,24032,190,1.25,0,0.75,0.5,0,,,,
MNQ SEP25,1s,1,693,2025-09-12 09:31:33,24032,24032,24028,24029.25,370,4,2.75,0,1.25,-1,,,,
MNQ SEP25,1s,1,694,2025-09-12 09:31:34,24029.5,24030.5,24028.5,24029.25,185,2,0.25,1,0.75,-1,,,,
MNQ SEP25,1s,1,695,2025-09-12 09:31:35,24028.75,24030.25,24026.25,24029.75,346,4,1,0.5,2.5,1,,,,
MNQ SEP25,1s,1,696,2025-09-12 09:31:36,24029.75,24034.25,24029.5,24032.75,269,4.75,3,1.5,0.25,1,,,,
MNQ SEP25,1s,1,697,2025-09-12 09:31:37,24033.25,24033.25,24031,24031.5,91,2.25,1.75,0,0.5,-1,,,,
MNQ SEP25,1s,1,698,2025-09-12 09:31:38,24031.75,24032.75,24029.5,24030.5,179,3.25,1.25,1,1,-1,,,,
MNQ SEP25,1s,1,699,2025-09-12 09:31:39,24030,24030.75,24028.5,24029,102,2.25,1,0.75,0.5,-1,,,,
MNQ SEP25,1s,1,700,2025-09-12 09:31:40,24028.5,24032.5,24028.25,24031.25,95,4.25,2.75,1.25,0.25,1,,,,
MNQ SEP25,10s,10,5469,2025-09-12 09:31:40,24033.75,24035.25,24026.25,24031.25,2109,9,2.5,1.5,5,-1,645.6,41.95,16.88333333,-143.87
MNQ SEP25,20s,20,5734,2025-09-12 09:31:40,24036.5,24041.75,24026.25,24031.25,4147,15.5,5.25,5.25,5,-1,2545.05,533.75,416.16666667,492.52
MNQ SEP25,1s,1,701,2025-09-12 09:31:41,24031.25,24036.5,24031.25,24035.5,263,5.25,4.25,1,0,1,,,,
MNQ SEP25,1s,1,702,2025-09-12 09:31:42,24035.75,24037,24034.25,24036,150,2.75,0.25,1,1.5,1,,,,
MNQ SEP25,1s,1,703,2025-09-12 09:31:43,24036.25,24038.25,24036,24037.5,149,2.25,1.25,0.75,0.25,1,,,,
MNQ SEP25,1s,1,704,2025-09-12 09:31:44,24037.25,24037.75,24035.75,24037,73,2,0.25,0.5,1.25,-1,,,,
MNQ SEP25,1s,1,705,2025-09-12 09:31:45,24037.5,24039.75,24037,24038.25,107,2.75,0.75,1.5,0.5,1,,,,
MNQ SEP25,1s,1,706,2025-09-12 09:31:46,24038.5,24040.5,24038.5,24039.5,119,2,1,1,0,1,,,,
MNQ SEP25,1s,1,707,2025-09-12 09:31:47,24039,24039.5,24036.75,24037.75,117,2.75,1.25,0.5,1,-1,,,,
MNQ SEP25,1s,1,708,2025-09-12 09:31:48,24037.75,24037.75,24035,24036.5,112,2.75,1.25,0,1.5,-1,,,,
MNQ SEP25,1s,1,709,2025-09-12 09:31:49,24036.5,24043.25,24036.25,24041.5,217,7,5,1.75,0.25,1,,,,
MNQ SEP25,1s,1,710,2025-09-12 09:31:50,24041.5,24043.75,24040.5,24043.75,149,3.25,2.25,0,1,1,,,,
MNQ SEP25,10s,10,5470,2025-09-12 09:31:50,24031.25,24043.75,24031.25,24043.75,1456,12.5,12.5,0,0,1,597.1,-48.5,18.08333333,-11.04
MNQ SEP25,1s,1,711,2025-09-12 09:31:51,24043.5,24045,24041,24041.75,232,4,1.75,1.5,0.75,-1,,,,
MNQ SEP25,1s,1,712,2025-09-12 09:31:52,24041.5,24043.5,24040.5,24043,96,3,1.5,0.5,1,1,,,,
MNQ SEP25,1s,1,713,2025-09-12 09:31:53,24042.75,24044,24040.75,24041.25,102,3.25,1.5,1.25,0.5,-1,,,,
MNQ SEP25,1s,1,714,2025-09-12 09:31:54,24041,24042.5,24040.5,24042.5,72,2,1.5,0,0.5,1,,,,
MNQ SEP25,1s,1,715,2025-09-12 09:31:55,24043,24043.5,24041.5,24041.5,60,2,1.5,0.5,0,-1,,,,
MNQ SEP25,1s,1,716,2025-09-12 09:31:56,24042,24044.75,24040.5,24042.25,107,4.25,0.25,2.5,1.5,1,,,,
MNQ SEP25,1s,1,717,2025-09-12 09:31:57,24042.5,24045.25,24042,24044.5,81,3.25,2,0.75,0.5,1,,,,
MNQ SEP25,1s,1,718,2025-09-12 09:31:58,24044.75,24044.75,24042.5,24043.5,80,2.25,1.25,0,1,-1,,,,
MNQ SEP25,1s,1,719,2025-09-12 09:31:59,24043,24044.75,24042.75,24044.25,84,2,1.25,0.5,0.25,1,,,,
MNQ SEP25,1s,1,720,2025-09-12 09:32:00,24044.25,24046,24043.75,24045.5,142,2.25,1.25,0.5,0.5,1,,,,
MNQ SEP25,10s,10,5471,2025-09-12 09:32:00,24043.5,24046,24040.5,24045.5,1056,5.5,2,0.5,3,1,506.4,-90.7,-32.41666667,-17.71
MNQ SEP25,20s,20,5735,2025-09-12 09:32:00,24031.25,24046,24031.25,24045.5,2512,14.75,14.25,0.5,0,1,1752.9,-792.15,34.6,163.37
MNQ SEP25,1s,1,721,2025-09-12 09:32:01,24045,24046.25,24043.75,24045.75,245,2.5,0.75,0.5,1.25,1,,,,
MNQ SEP25,1s,1,722,2025-09-12 09:32:02,24045.75,24046.25,24040.75,24040.75,226,5.5,5,0.5,0,-1,,,,
MNQ SEP25,1s,1,723,2025-09-12 09:32:03,24041,24041,24037.25,24038.5,175,3.75,2.5,0,1.25,-1,,,,
MNQ SEP25,1s,1,724,2025-09-12 09:32:04,24038.5,24038.5,24036.25,24036.75,248,2.25,1.75,0,0.5,-1,,,,
MNQ SEP25,1s,1,725,2025-09-12 09:32:05,24037.5,24041.25,24037.5,24039.25,118,3.75,1.75,2,0,1,,,,
MNQ SEP25,1s,1,726,2025-09-12 09:32:06,24039.25,24039.75,24037.25,24037.75,77,2.5,1.5,0.5,0.5,-1,,,,
MNQ SEP25,1s,1,727,2025-09-12 09:32:07,24037.25,24038.25,24035.5,24036.75,129,2.75,0.5,1,1.25,-1,,,,
MNQ SEP25,1s,1,728,2025-09-12 09:32:08,24036.25,24041.75,24036,24041.5,167,5.75,5.25,0.25,0.25,1,,,,
MNQ SEP25,1s,1,729,2025-09-12 09:32:09,24041,24041.75,24038.25,24039.25,93,3.5,1.75,0.75,1,-1,,,,
MNQ SEP25,1s,1,730,2025-09-12 09:32:10,24039,24040.25,24037.75,24039.25,73,2.5,0.25,1,1.25,1,,,,
MNQ SEP25,10s,10,5472,2025-09-12 09:32:10,24045,24046.25,24035.5,24039.25,1551,10.75,5.75,1.25,3.75,-1,417.85,-88.55,-75.91666667,-25
MNQ SEP25,1s,1,731,2025-09-12 09:32:11,24038.75,24040.5,24037.5,24038,81,3,0.75,1.75,0.5,-1,,,,
MNQ SEP25,1s,1,732,2025-09-12 09:32:12,24039,24040.75,24039,24040.75,45,1.75,1.75,0,0,1,,,,
MNQ SEP25,1s,1,733,2025-09-12 09:32:13,24041,24043,24040,24042,91,3,1,1,1,1,,,,
MNQ SEP25,1s,1,734,2025-09-12 09:32:14,24042,24042.25,24038.25,24038.75,74,4,3.25,0.25,0.5,-1,,,,
MNQ SEP25,1s,1,735,2025-09-12 09:32:15,24038,24038.75,24036,24036.25,68,2.75,1.75,0.75,0.25,-1,,,,
MNQ SEP25,1s,1,736,2025-09-12 09:32:16,24036,24038.25,24036,24037.5,81,2.25,1.5,0.75,0,1,,,,
MNQ SEP25,1s,1,737,2025-09-12 09:32:17,24037.5,24038.25,24036.5,24038.25,62,1.75,0.75,0,1,1,,,,
MNQ SEP25,1s,1,738,2025-09-12 09:32:18,24038.5,24039,24037.25,24038.75,65,1.75,0.25,0.25,1.25,1,,,,
MNQ SEP25,1s,1,739,2025-09-12 09:32:19,24038.75,24039.75,24037.5,24039.5,56,2.25,0.75,0.25,1.25,1,,,,
MNQ SEP25,1s,1,740,2025-09-12 09:32:20,24039.75,24043,24039.75,24042.5,83,3.25,2.75,0.5,0,1,,,,
MNQ SEP25,10s,10,5473,2025-09-12 09:32:20,24038.75,24043,24036,24042.5,706,7,3.75,0.5,2.75,1,132.05,-285.8,-155.01666667,-94.32
MNQ SEP25,20s,20,5736,2025-09-12 09:32:20,24045,24046.25,24035.5,24042.5,2257,10.75,2.5,1.25,7,-1,1507.15,-245.75,-168.05,42.12
MNQ SEP25,1s,1,741,2025-09-12 09:32:21,24042.25,24042.25,24036.75,24037.25,117,5.5,5,0,0.5,-1,,,,
MNQ SEP25,1s,1,742,2025-09-12 09:32:22,24037.25,24038,24034,24034,144,4,3.25,0.75,0,-1,,,,
MNQ SEP25,1s,1,743,2025-09-12 09:32:23,24034.25,24038.25,24034.25,24038.25,96,4,4,0,0,1,,,,
MNQ SEP25,1s,1,744,2025-09-12 09:32:24,24038.5,24039.25,24038,24038.75,44,1.25,0.25,0.5,0.5,1,,,,
MNQ SEP25,1s,1,745,2025-09-12 09:32:25,24038.5,24038.75,24036,24038.25,62,2.75,0.25,0.25,2.25,-1,,,,
MNQ SEP25,1s,1,746,2025-09-12 09:32:26,24039,24039.25,24037,24037.75,42,2.25,1.25,0.25,0.75,-1,,,,
MNQ SEP25,1s,1,747,2025-09-12 09:32:27,24038,24039,24037.5,24038.5,33,1.5,0.5,0.5,0.5,1,,,,
MNQ SEP25,1s,1,748,2025-09-12 09:32:28,24039.25,24040,24038.5,24039.5,44,1.5,0.25,0.5,0.75,1,,,,
MNQ SEP25,1s,1,749,2025-09-12 09:32:29,24039,24040.75,24038,24040.5,47,2.75,1.5,0.25,1,1,,,,
MNQ SEP25,1s,1,750,2025-09-12 09:32:30,24040,24043,24039.5,24042.25,94,3.5,2.25,0.75,0.5,1,,,,
MNQ SEP25,10s,10,5474,2025-09-12 09:32:30,24042.25,24043,24034,24042.25,723,9,0,0.75,8.25,0,-174.3,-306.35,-226.9,-163.98
MNQ SEP25,1s,1,751,2025-09-12 09:32:31,24042,24042.25,24039.25,24040.25,88,3,1.75,0.25,1,-1,,,,
MNQ SEP25,1s,1,752,2025-09-12 09:32:32,24040.5,24041.25,24038,24041.25,97,3.25,0.75,0,2.5,1,,,,
MNQ SEP25,1s,1,753,2025-09-12 09:32:33,24041.5,24043.25,24040.25,24040.5,58,3,1,1.75,0.25,-1,,,,
MNQ SEP25,1s,1,754,2025-09-12 09:32:34,24041,24041,24038.5,24038.75,84,2.5,2.25,0,0.25,-1,,,,
MNQ SEP25,1s,1,755,2025-09-12 09:32:35,24038.25,24041.25,24038,24039.25,92,3.25,1,2,0.25,1,,,,
MNQ SEP25,1s,1,756,2025-09-12 09:32:36,24039,24040,24038,24038.5,56,2,0.5,1,0.5,-1,,,,
MNQ SEP25,1s,1,757,2025-09-12 09:32:37,24039.25,24040.5,24039,24039,18,1.5,0.25,1.25,0,-1,,,,
MNQ SEP25,1s,1,758,2025-09-12 09:32:38,24039.75,24042,24039.25,24042,45,2.75,2.25,0,0.5,1,,,,
MNQ SEP25,1s,1,759,2025-09-12 09:32:39,24042.25,24044.75,24041.5,24041.5,109,3.25,0.75,2.5,0,-1,,,,
MNQ SEP25,1s,1,760,2025-09-12 09:32:40,24041.5,24045.75,24041.25,24045.75,144,4.5,4.25,0,0.25,1,,,,
MNQ SEP25,10s,10,5475,2025-09-12 09:32:40,24042,24045.75,24038,24045.75,791,7.75,3.75,0,4,1,-335.7,-161.4,-251.18333333,-186.56
MNQ SEP25,20s,20,5737,2025-09-12 09:32:40,24042.25,24045.75,24034,24045.75,1514,11.75,3.5,0,8.25,1,1184.1,-323.05,-453.65,-93
MNQ SEP25,1s,1,761,2025-09-12 09:32:41,24045.25,24045.25,24041.75,24042,89,3.5,3.25,0,0.25,-1,,,,
MNQ SEP25,1s,1,762,2025-09-12 09:32:42,24042.5,24043,24040.75,24041.75,73,2.25,0.75,0.5,1,-1,,,,
MNQ SEP25,1s,1,763,2025-09-12 09:32:43,24042.25,24043.75,24042,24042,47,1.75,0.25,1.5,0,-1,,,,
MNQ SEP25,1s,1,764,2025-09-12 09:32:44,24042.5,24042.5,24040.25,24041.5,60,2.25,1,0,1.25,-1,,,,
MNQ SEP25,1s,1,765,2025-09-12 09:32:45,24041.25,24042,24039.25,24039.25,55,2.75,2,0.75,0,-1,,,,
MNQ SEP25,1s,1,766,2025-09-12 09:32:46,24039.5,24039.75,24037,24037.25,101,2.75,2.25,0.25,0.25,-1,,,,
MNQ SEP25,1s,1,767,2025-09-12 09:32:47,24037.75,24037.75,24035,24035,90,2.75,2.75,0,0,-1,,,,
MNQ SEP25,1s,1,768,2025-09-12 09:32:48,24035,24036.75,24034.75,24036.25,123,2,1.25,0.5,0.25,1,,,,
MNQ SEP25,1s,1,769,2025-09-12 09:32:49,24036.5,24038.5,24036.25,24037.25,68,2.25,0.75,1.25,0.25,1,,,,
MNQ SEP25,1s,1,770,2025-09-12 09:32:50,24037.25,24037.25,24033.5,24034,172,3.75,3.25,0,0.5,-1,,,,
MNQ SEP25,10s,10,5476,2025-09-12 09:32:50,24045.25,24045.25,24033.5,24034,878,11.75,11.25,0,0.5,-1,-406.05,-70.35,-179.36666667,-182.49
MNQ SEP25,1s,1,771,2025-09-12 09:32:51,24034,24035.5,24033.75,24035.25,79,1.75,1.25,0.25,0.25,1,,,,
MNQ SEP25,1s,1,772,2025-09-12 09:32:52,24035.5,24037,24034.5,24035,71,2.5,0.5,1.5,0.5,-1,,,,
MNQ SEP25,1s,1,773,2025-09-12 09:32:53,24034.5,24036.75,24034.5,24036.25,43,2.25,1.75,0.5,0,1,,,,
MNQ SEP25,1s,1,774,2025-09-12 09:32:54,24036.25,24036.75,24035,24036,59,1.75,0.25,0.5,1,-1,,,,
MNQ SEP25,1s,1,775,2025-09-12 09:32:55,24036.5,24036.5,24035,24036.25,48,1.5,0.25,0,1.25,-1,,,,
MNQ SEP25,1s,1,776,2025-09-12 09:32:56,24035.75,24036.25,24034.75,24034.75,49,1.5,1,0.5,0,-1,,,,
MNQ SEP25,1s,1,777,2025-09-12 09:32:57,24034.5,24035,24033.5,24034.75,81,1.5,0.25,0.25,1,1,,,,
MNQ SEP25,1s,1,778,2025-09-12 09:32:58,24034.25,24035,24032.75,24033.25,63,2.25,1,0.75,0.5,-1,,,,
MNQ SEP25,1s,1,779,2025-09-12 09:32:59,24033.25,24033.25,24031.75,24032.75,88,1.5,0.5,0,1,-1,,,,
MNQ SEP25,1s,1,780,2025-09-12 09:33:00,24032.75,24032.75,24030.25,24030.75,110,2.5,2,0,0.5,-1,,,,
MNQ SEP25,10s,10,5477,2025-09-12 09:33:00,24034,24037,24030.25,24030.75,691,6.75,3.25,3,0.5,-1,-601.65,-195.6,-142.45,-203.9
MNQ SEP25,20s,20,5738,2025-09-12 09:33:00,24045.25,24045.25,24030.25,24030.75,1569,15,14.5,0,0.5,-1,840.15,-343.95,-304.25,-234.23
MNQ SEP25,1s,1,781,2025-09-12 09:33:01,24030.75,24035.75,24030.75,24034,332,5,3.25,1.75,0,1,,,,
MNQ SEP25,1s,1,782,2025-09-12 09:33:02,24034.25,24035,24032.25,24034,121,2.75,0.25,0.75,1.75,-1,,,,
MNQ SEP25,1s,1,783,2025-09-12 09:33:03,24034,24035.75,24032.75,24033.75,85,3,0.25,1.75,1,-1,,,,
MNQ SEP25,1s,1,784,2025-09-12 09:33:04,24034.25,24036.25,24034.25,24036,89,2,1.75,0.25,0,1,,,,
MNQ SEP25,1s,1,785,2025-09-12 09:33:05,24035.5,24036,24034,24034.25,89,2,1.25,0.5,0.25,-1,,,,
MNQ SEP25,1s,1,786,2025-09-12 09:33:06,24034.25,24037.25,24034.25,24037,91,3,2.75,0.25,0,1,,,,
MNQ SEP25,1s,1,787,2025-09-12 09:33:07,24037.5,24037.5,24036.5,24036.5,46,1,1,0,0,-1,,,,
MNQ SEP25,1s,1,788,2025-09-12 09:33:08,24037.25,24041,24036.75,24040.25,165,4.25,3,0.75,0.5,1,,,,
MNQ SEP25,1s,1,789,2025-09-12 09:33:09,24040,24041,24037.25,24037.75,103,3.75,2.25,1,0.5,-1,,,,
MNQ SEP25,1s,1,790,2025-09-12 09:33:10,24038,24039,24037,24038.75,53,2,0.75,0.25,1,1,,,,
MNQ SEP25,10s,10,5478,2025-09-12 09:33:10,24030.75,24041,24030.75,24038.75,1174,10.25,8,2.25,0,1,-555.45,46.2,-73.25,-137.5
MNQ SEP25,1s,1,791,2025-09-12 09:33:11,24038.25,24040.75,24038.25,24038.75,78,2.5,0.5,2,0,1,,,,
MNQ SEP25,1s,1,792,2025-09-12 09:33:12,24039,24039.25,24037.5,24038,75,1.75,1,0.25,0.5,-1,,,,
MNQ SEP25,1s,1,793,2025-09-12 09:33:13,24038.5,24039,24037,24037.25,44,2,1.25,0.5,0.25,-1,,,,
MNQ SEP25,1s,1,794,2025-09-12 09:33:14,24037.25,24041.5,24037.25,24041.25,109,4.25,4,0.25,0,1,,,,
MNQ SEP25,1s,1,795,2025-09-12 09:33:15,24041,24042.25,24040.75,24041,51,1.5,0,1.25,0.25,0,,,,
MNQ SEP25,1s,1,796,2025-09-12 09:33:16,24040.75,24042.5,24040.75,24041.5,84,1.75,0.75,1,0,1,,,,
MNQ SEP25,1s,1,797,2025-09-12 09:33:17,24041.25,24042.25,24039.5,24039.5,185,2.75,1.75,1,0,-1,,,,
MNQ SEP25,1s,1,798,2025-09-12 09:33:18,24039.75,24041.25,24039.25,24041,66,2,1.25,0.25,0.5,1,,,,
MNQ SEP25,1s,1,799,2025-09-12 09:33:19,24041,24041.25,24038.25,24039.5,62,3,1.5,0.25,1.25,-1,,,,
MNQ SEP25,1s,1,800,2025-09-12 09:33:20,24039.75,24040.25,24038.75,24039,39,1.5,0.75,0.5,0.25,-1,,,,
MNQ SEP25,10s,10,5479,2025-09-12 09:33:20,24038.25,24042.5,24037,24039,793,5.5,0.75,3.5,1.25,1,-568.5,-13.05,-54.15,-78.84
MNQ SEP25,20s,20,5739,2025-09-12 09:33:20,24030.75,24042.5,24030.75,24039,1967,11.75,8.25,3.5,0,1,312.9,-527.25,-398.08333333,-446.43
MNQ SEP25,1s,1,801,2025-09-12 09:33:21,24039.25,24041,24038.5,24041,65,2.5,1.75,0,0.75,1,,,,
MNQ SEP25,1s,1,802,2025-09-12 09:33:22,24040,24041.5,24040,24040,51,1.5,0,1.5,0,0,,,,
MNQ SEP25,1s,1,803,2025-09-12 09:33:23,24040,24041,24040,24040,20,1,0,1,0,0,,,,
MNQ SEP25,1s,1,804,2025-09-12 09:33:24,24041.75,24042.75,24041.25,24041.75,53,1.5,0,1,0.5,0,,,,
MNQ SEP25,1s,1,805,2025-09-12 09:33:25,24042.25,24042.25,24041,24041,25,1.25,1.25,0,0,-1,,,,
MNQ SEP25,1s,1,806,2025-09-12 09:33:26,24041.5,24043,24041.25,24042,92,1.75,0.5,1,0.25,1,,,,
MNQ SEP25,1s,1,807,2025-09-12 09:33:27,24042.25,24043,24041.75,24042,32,1.25,0.25,0.75,0.25,-1,,,,
MNQ SEP25,1s,1,808,2025-09-12 09:33:28,24041.75,24043,24041.5,24041.5,59,1.5,0.25,1.25,0,-1,,,,
MNQ SEP25,1s,1,809,2025-09-12 09:33:29,24042,24042.5,24041.25,24041.75,32,1.25,0.25,0.5,0.5,-1,,,,
MNQ SEP25,1s,1,810,2025-09-12 09:33:30,24041.75,24042.25,24041.25,24042.25,34,1,0.5,0,0.5,1,,,,
MNQ SEP25,10s,10,5480,2025-09-12 09:33:30,24039.25,24043,24038.5,24042.25,463,4.5,3,0.75,0.75,1,-427.4,141.1,58.08333333,-18.34
MNQ SEP25,1s,1,811,2025-09-12 09:33:31,24042,24046.5,24042,24045.75,303,4.5,3.75,0.75,0,1,,,,
MNQ SEP25,1s,1,812,2025-09-12 09:33:32,24045.75,24047,24044.25,24046.25,121,2.75,0.5,0.75,1.5,1,,,,
MNQ SEP25,1s,1,813,2025-09-12 09:33:33,24046,24046.25,24044.25,24046.25,75,2,0.25,0,1.75,1,,,,
MNQ SEP25,1s,1,814,2025-09-12 09:33:34,24045.75,24046.5,24044.75,24045,67,1.75,0.75,0.75,0.25,-1,,,,
MNQ SEP25,1s,1,815,2025-09-12 09:33:35,24044.5,24044.75,24042.75,24043.25,68,2,1.25,0.25,0.5,-1,,,,
MNQ SEP25,1s,1,816,2025-09-12 09:33:36,24042.75,24043,24041,24041.5,81,2,1.25,0.25,0.5,-1,,,,
MNQ SEP25,1s,1,817,2025-09-12 09:33:37,24042.25,24042.5,24040.75,24041.5,62,1.75,0.75,0.25,0.75,-1,,,,
MNQ SEP25,1s,1,818,2025-09-12 09:33:38,24041.5,24043,24041.5,24042,42,1.5,0.5,1,0,1,,,,
MNQ SEP25,1s,1,819,2025-09-12 09:33:39,24041.75,24043.25,24041.75,24042.25,20,1.5,0.5,1,0,1,,,,
MNQ SEP25,1s,1,820,2025-09-12 09:33:40,24042.25,24043.25,24040,24040,41,3.25,2.25,1,0,-1,,,,
MNQ SEP25,10s,10,5481,2025-09-12 09:33:40,24042,24047,24040,24040,880,7,2,5,0,-1,-398.55,28.85,52.3,1.5
MNQ SEP25,20s,20,5740,2025-09-12 09:33:40,24039.25,24047,24038.5,24040,1343,8.5,0.75,7,0.75,1,18.35,-294.55,-388.58333333,-346.91
MNQ SEP25,1s,1,821,2025-09-12 09:33:41,24039.75,24040,24036.75,24037.5,124,3.25,2.25,0.25,0.75,-1,,,,
MNQ SEP25,1s,1,822,2025-09-12 09:33:42,24037.25,24038.75,24037,24038.75,72,1.75,1.5,0,0.25,1,,,,
MNQ SEP25,1s,1,823,2025-09-12 09:33:43,24039.25,24040,24038,24039.25,83,2,0,0.75,1.25,0,,,,
MNQ SEP25,1s,1,824,2025-09-12 09:33:44,24039.25,24040.25,24039,24040,36,1.25,0.75,0.25,0.25,1,,,,
MNQ SEP25,1s,1,825,2025-09-12 09:33:45,24039.5,24041,24039.5,24040.5,37,1.5,1,0.5,0,1,,,,
MNQ SEP25,1s,1,826,2025-09-12 09:33:46,24040.5,24041,24039,24039,23,2,1.5,0.5,0,-1,,,,
MNQ SEP25,1s,1,827,2025-09-12 09:33:47,24039,24039.5,24037.25,24037.75,24,2.25,1.25,0.5,0.5,-1,,,,
MNQ SEP25,1s,1,828,2025-09-12 09:33:48,24038,24038.75,24038,24038.75,30,0.75,0.75,0,0,1,,,,
MNQ SEP25,1s,1,829,2025-09-12 09:33:49,24038.75,24039.25,24038,24039,13,1.25,0.25,0.25,0.75,1,,,,
MNQ SEP25,1s,1,830,2025-09-12 09:33:50,24039.25,24041.5,24039,24041,59,2.5,1.75,0.5,0.25,1,,,,
MNQ SEP25,10s,10,5482,2025-09-12 09:33:50,24039.75,24041.5,24036.75,24041,501,4.75,1.25,0.5,3,1,-382.75,15.8,61.91666667,43.78
MNQ SEP25,1s,1,831,2025-09-12 09:33:51,24041.25,24042.5,24040.75,24042.25,73,1.75,1,0.25,0.5,1,,,,
MNQ SEP25,1s,1,832,2025-09-12 09:33:52,24042.25,24043.25,24039.5,24040.25,63,3.75,2,1,0.75,-1,,,,
MNQ SEP25,1s,1,833,2025-09-12 09:33:53,24039.75,24039.75,24037.75,24038.5,48,2,1.25,0,0.75,-1,,,,
MNQ SEP25,1s,1,834,2025-09-12 09:33:54,24039.25,24040.25,24038.75,24040.25,30,1.5,1,0,0.5,1,,,,
MNQ SEP25,1s,1,835,2025-09-12 09:33:55,24040,24041.75,24040,24041.25,37,1.75,1.25,0.5,0,1,,,,
MNQ SEP25,1s,1,836,2025-09-12 09:33:56,24041,24041.5,24040,24040,20,1.5,1,0.5,0,-1,,,,
MNQ SEP25,1s,1,837,2025-09-12 09:33:57,24040.25,24041.25,24040,24041,31,1.25,0.75,0.25,0.25,1,,,,
MNQ SEP25,1s,1,838,2025-09-12 09:33:58,24041.5,24042.25,24041.25,24042,27,1,0.5,0.25,0.25,1,,,,
MNQ SEP25,1s,1,839,2025-09-12 09:33:59,24042,24042.25,24041.5,24041.75,32,0.75,0.25,0.25,0.25,-1,,,,
MNQ SEP25,1s,1,840,2025-09-12 09:34:00,24041,24041.75,24040.25,24041.75,32,1.5,0.75,0,0.75,1,,,,
MNQ SEP25,10s,10,5483,2025-09-12 09:34:00,24041.25,24043.25,24037.75,24041.75,393,5.5,0.5,1.5,3.5,1,-490.15,-107.4,-20.91666667,13.06
MNQ SEP25,20s,20,5741,2025-09-12 09:34:00,24039.75,24043.25,24036.75,24041.75,894,6.5,2,1.5,3,1,-291.8,-310.15,-377.31666667,-359.79
MNQ SEP25,1s,1,841,2025-09-12 09:34:01,24041.5,24042.75,24039.75,24040,147,3,1.5,1.25,0.25,-1,,,,
MNQ SEP25,1s,1,842,2025-09-12 09:34:02,24040,24040.75,24038.5,24039.25,52,2.25,0.75,0.75,0.75,-1,,,,
MNQ SEP25,1s,1,843,2025-09-12 09:34:03,24039,24039.75,24038,24038.5,63,1.75,0.5,0.75,0.5,-1,,,,
MNQ SEP25,1s,1,844,2025-09-12 09:34:04,24038.25,24038.25,24037.25,24038,49,1,0.25,0,0.75,-1,,,,
MNQ SEP25,1s,1,845,2025-09-12 09:34:05,24037.75,24039,24037.25,24038.25,57,1.75,0.5,0.75,0.5,1,,,,
MNQ SEP25,1s,1,846,2025-09-12 09:34:06,24038.5,24039.75,24037,24037.25,64,2.75,1.25,1.25,0.25,-1,,,,
MNQ SEP25,1s,1,847,2025-09-12 09:34:07,24037.5,24038.25,24036.25,24037.75,62,2,0.25,0.5,1.25,1,,,,
MNQ SEP25,1s,1,848,2025-09-12 09:34:08,24037.25,24037.75,24035.75,24036.25,65,2,1,0.5,0.5,-1,,,,
MNQ SEP25,1s,1,849,2025-09-12 09:34:09,24037,24037,24035,24036,87,2,1,0,1,-1,,,,
MNQ SEP25,1s,1,850,2025-09-12 09:34:10,24036.5,24038.25,24036.5,24038.25,123,1.75,1.75,0,0,1,,,,
MNQ SEP25,10s,10,5484,2025-09-12 09:34:10,24041.5,24042.75,24035,24038.25,769,7.75,3.25,1.25,3.25,-1,-461.75,28.4,-21.06666667,21.35
MNQ SEP25,1s,1,851,2025-09-12 09:34:11,24038.75,24038.75,24037.5,24037.5,42,1.25,1.25,0,0,-1,,,,
MNQ SEP25,1s,1,852,2025-09-12 09:34:12,24037.5,24037.5,24035,24035.75,102,2.5,1.75,0,0.75,-1,,,,
MNQ SEP25,1s,1,853,2025-09-12 09:34:13,24035.75,24039.75,24035.5,24039.75,59,4.25,4,0,0.25,1,,,,
MNQ SEP25,1s,1,854,2025-09-12 09:34:14,24039,24039.25,24037.75,24037.75,45,1.5,1.25,0.25,0,-1,,,,
MNQ SEP25,1s,1,855,2025-09-12 09:34:15,24038,24038.75,24037.5,24038.25,63,1.25,0.25,0.5,0.5,1,,,,
MNQ SEP25,1s,1,856,2025-09-12 09:34:16,24038,24039.75,24037.25,24039.25,37,2.5,1.25,0.5,0.75,1,,,,
MNQ SEP25,1s,1,857,2025-09-12 09:34:17,24038.25,24039.25,24038.25,24038.5,21,1,0.25,0.75,0,1,,,,
MNQ SEP25,1s,1,858,2025-09-12 09:34:18,24038,24038,24037.25,24037.75,44,0.75,0.25,0,0.5,-1,,,,
MNQ SEP25,1s,1,859,2025-09-12 09:34:19,24037,24037.25,24036,24036.5,65,1.25,0.5,0.25,0.5,-1,,,,
MNQ SEP25,1s,1,860,2025-09-12 09:34:20,24035.75,24036,24034.25,24034.75,64,1.75,1,0.25,0.5,-1,,,,
MNQ SEP25,10s,10,5485,2025-09-12 09:34:20,24038.75,24039.75,24034.25,24034.75,542,5.5,4,1,0.5,-1,-405.15,56.6,-7.46666667,4.45
MNQ SEP25,20s,20,5742,2025-09-12 09:34:20,24041.5,24042.75,24034.25,24034.75,1311,8.5,6.75,1.25,0.5,-1,-390.25,-98.45,-234.38333333,-314.87
MNQ SEP25,1s,1,861,2025-09-12 09:34:21,24035.25,24036,24034.25,24036,53,1.75,0.75,0,1,1,,,,
MNQ SEP25,1s,1,862,2025-09-12 09:34:22,24036,24037,24035,24036.25,39,2,0.25,0.75,1,1,,,,
MNQ SEP25,1s,1,863,2025-09-12 09:34:23,24036,24036,24035,24035.75,43,1,0.25,0,0.75,-1,,,,
MNQ SEP25,1s,1,864,2025-09-12 09:34:24,24036,24037,24035.5,24036.75,37,1.5,0.75,0.25,0.5,1,,,,
MNQ SEP25,1s,1,865,2025-09-12 09:34:25,24036.75,24036.75,24033.5,24034,111,3.25,2.75,0,0.5,-1,,,,
MNQ SEP25,1s,1,866,2025-09-12 09:34:26,24033.5,24034.75,24032.75,24034.25,113,2,0.75,0.5,0.75,1,,,,
MNQ SEP25,1s,1,867,2025-09-12 09:34:27,24034.5,24035,24034,24034,30,1,0.5,0.5,0,-1,,,,
MNQ SEP25,1s,1,868,2025-09-12 09:34:28,24034.25,24034.5,24032.75,24033.5,63,1.75,0.75,0.25,0.75,-1,,,,
MNQ SEP25,1s,1,869,2025-09-12 09:34:29,24033.25,24034.75,24033,24034.5,49,1.75,1.25,0.25,0.25,1,,,,
MNQ SEP25,1s,1,870,2025-09-12 09:34:30,24034.25,24035.5,24034,24034.5,48,1.5,0.25,1,0.25,1,,,,
MNQ SEP25,10s,10,5486,2025-09-12 09:34:30,24035.25,24037,24032.75,24034.5,586,4.25,0.75,1.75,1.75,-1,-428.4,-23.25,20.58333333,-5.97
MNQ SEP25,1s,1,871,2025-09-12 09:34:31,24035,24035.25,24032.5,24032.5,55,2.75,2.5,0.25,0,-1,,,,
MNQ SEP25,1s,1,872,2025-09-12 09:34:32,24032.5,24033,24031.75,24032.5,99,1.25,0,0.5,0.75,0,,,,
MNQ SEP25,1s,1,873,2025-09-12 09:34:33,24032.25,24033.75,24032.25,24032.25,45,1.5,0,1.5,0,0,,,,
MNQ SEP25,1s,1,874,2025-09-12 09:34:34,24032.75,24033,24032,24032.25,41,1,0.5,0.25,0.25,-1,,,,
MNQ SEP25,1s,1,875,2025-09-12 09:34:35,24031.75,24033.5,24031.25,24033.25,67,2.25,1.5,0.25,0.5,1,,,,
MNQ SEP25,1s,1,876,2025-09-12 09:34:36,24033.5,24033.75,24032.75,24033.5,29,1,0,0.25,0.75,0,,,,
MNQ SEP25,1s,1,877,2025-09-12 09:34:37,24033.75,24035.25,24033,24034.5,57,2.25,0.75,0.75,0.75,1,,,,
MNQ SEP25,1s,1,878,2025-09-12 09:34:38,24034.5,24035,24032.75,24033.25,47,2.25,1.25,0.5,0.5,-1,,,,
MNQ SEP25,1s,1,879,2025-09-12 09:34:39,24033.75,24034.25,24032.75,24033.25,32,1.5,0.5,0.5,0.5,-1,,,,
MNQ SEP25,1s,1,880,2025-09-12 09:34:40,24033.5,24035,24033,24034.5,38,2,1,0.5,0.5,1,,,,
MNQ SEP25,10s,10,5487,2025-09-12 09:34:40,24035,24035.25,24031.25,24034.5,510,4,0.5,0.25,3.25,-1,-370.5,57.9,30.41666667,2.45
MNQ SEP25,20s,20,5743,2025-09-12 09:34:40,24035.25,24037,24031.25,24034.5,1096,5.75,0.75,1.75,3.25,-1,-483.25,-93,-167.2,-264.68
MNQ SEP25,1s,1,881,2025-09-12 09:34:41,24034.5,24036.5,24033.5,24034.25,55,3,0.25,2,0.75,-1,,,,
MNQ SEP25,1s,1,882,2025-09-12 09:34:42,24034.5,24035,24034,24034.25,32,1,0.25,0.5,0.25,-1,,,,
MNQ SEP25,1s,1,883,2025-09-12 09:34:43,24035.25,24035.5,24034.25,24034.5,30,1.25,0.75,0.25,0.25,-1,,,,
MNQ SEP25,1s,1,884,2025-09-12 09:34:44,24035,24035.5,24034.75,24035,27,0.75,0,0.5,0.25,0,,,,
MNQ SEP25,1s,1,885,2025-09-12 09:34:45,24035.5,24036,24035,24035,29,1,0.5,0.5,0,-1,,,,
MNQ SEP25,1s,1,886,2025-09-12 09:34:46,24035.25,24038.25,24035.25,24037,105,3,1.75,1.25,0,1,,,,
MNQ SEP25,1s,1,887,2025-09-12 09:34:47,24037,24038.25,24036.25,24037.5,48,2,0.5,0.75,0.75,1,,,,
MNQ SEP25,1s,1,888,2025-09-12 09:34:48,24037.5,24040.5,24037.5,24040,137,3,2.5,0.5,0,1,,,,
MNQ SEP25,1s,1,889,2025-09-12 09:34:49,24040.25,24041,24039.25,24040,89,1.75,0.25,0.75,0.75,-1,,,,
MNQ SEP25,1s,1,890,2025-09-12 09:34:50,24039.75,24040.25,24039,24039,36,1.25,0.75,0.5,0,-1,,,,
MNQ SEP25,10s,10,5488,2025-09-12 09:34:50,24034.5,24041,24033.5,24039,588,7.5,4.5,2,1,1,-259,111.5,48.71666667,46.23
MNQ SEP25,1s,1,891,2025-09-12 09:34:51,24038.75,24039.75,24038.25,24039.75,17,1.5,1,0,0.5,1,,,,
MNQ SEP25,1s,1,892,2025-09-12 09:34:52,24039.25,24040.75,24039.25,24039.75,37,1.5,0.5,1,0,1,,,,
MNQ SEP25,1s,1,893,2025-09-12 09:34:53,24039.75,24040.25,24038.75,24038.75,40,1.5,1,0.5,0,-1,,,,
MNQ SEP25,1s,1,894,2025-09-12 09:34:54,24039.25,24039.25,24037.75,24038,83,1.5,1.25,0,0.25,-1,,,,
MNQ SEP25,1s,1,895,2025-09-12 09:34:55,24037.75,24039,24037.5,24038.5,29,1.5,0.75,0.5,0.25,1,,,,
MNQ SEP25,1s,1,896,2025-09-12 09:34:56,24038.75,24038.75,24037.25,24038,14,1.5,0.75,0,0.75,-1,,,,
MNQ SEP25,1s,1,897,2025-09-12 09:34:57,24038,24038.25,24036.5,24037.5,48,1.75,0.5,0.25,1,-1,,,,
MNQ SEP25,1s,1,898,2025-09-12 09:34:58,24037,24037.75,24036.75,24037,13,1,0,0.75,0.25,0,,,,
MNQ SEP25,1s,1,899,2025-09-12 09:34:59,24036,24037.25,24035.5,24036.25,39,1.75,0.25,1,0.5,1,,,,
MNQ SEP25,1s,1,900,2025-09-12 09:35:00,24035.75,24036.25,24034,24034.5,57,2.25,1.25,0.5,0.5,-1,,,,
MNQ SEP25,10s,10,5489,2025-09-12 09:35:00,24038.75,24040.75,24034,24034.5,377,6.75,4.25,2,0.5,-1,-250.8,8.2,59.2,42.19
MNQ SEP25,20s,20,5744,2025-09-12 09:35:00,24034.5,24041,24033.5,24034.5,965,7.5,0,6.5,1,0,-690.8,-207.55,-133,-200.74
MNQ SEP25,1s,1,901,2025-09-12 09:35:01,24034.5,24035.5,24029.25,24029.5,506,6.25,5,1,0.25,-1,,,,
MNQ SEP25,1s,1,902,2025-09-12 09:35:02,24029.5,24030.5,24028.25,24030,169,2.25,0.5,0.5,1.25,1,,,,
MNQ SEP25,1s,1,903,2025-09-12 09:35:03,24030.5,24031,24029.25,24029.5,95,1.75,1,0.5,0.25,-1,,,,
MNQ SEP25,1s,1,904,2025-09-12 09:35:04,24029.5,24032.25,24029.5,24031.75,87,2.75,2.25,0.5,0,1,,,,
MNQ SEP25,1s,1,905,2025-09-12 09:35:05,24032.5,24032.5,24030,24031,66,2.5,1.5,0,1,-1,,,,
MNQ SEP25,1s,1,906,2025-09-12 09:35:06,24030.75,24033,24030.75,24032.75,85,2.25,2,0.25,0,1,,,,
MNQ SEP25,1s,1,907,2025-09-12 09:35:07,24033.25,24034,24031.75,24032.75,164,2.25,0.5,0.75,1,-1,,,,
MNQ SEP25,1s,1,908,2025-09-12 09:35:08,24033,24034.75,24033,24034.25,105,1.75,1.25,0.5,0,1,,,,
MNQ SEP25,1s,1,909,2025-09-12 09:35:09,24034.5,24035.25,24033.5,24034.75,58,1.75,0.25,0.5,1,1,,,,
MNQ SEP25,1s,1,910,2025-09-12 09:35:10,24034.75,24034.75,24032.25,24033.75,53,2.5,1,0,1.5,-1,,,,
MNQ SEP25,10s,10,5490,2025-09-12 09:35:10,24034.5,24035.5,24028.25,24033.75,1388,7.25,0.75,1,5.5,-1,-78.2,172.6,97.43333333,65.39
MNQ SEP25,1s,1,911,2025-09-12 09:35:11,24034,24034,24033.25,24033.75,40,0.75,0.25,0,0.5,-1,,,,
MNQ SEP25,1s,1,912,2025-09-12 09:35:12,24034,24034.5,24032.25,24033.25,51,2.25,0.75,0.5,1,-1,,,,
MNQ SEP25,1s,1,913,2025-09-12 09:35:13,24032.25,24032.5,24030,24030.5,112,2.5,1.75,0.25,0.5,-1,,,,
MNQ SEP25,1s,1,914,2025-09-12 09:35:14,24030.5,24032,24030.25,24031.5,43,1.75,1,0.5,0.25,1,,,,
MNQ SEP25,1s,1,915,2025-09-12 09:35:15,24031.75,24032.25,24030.75,24031.25,45,1.5,0.5,0.5,0.5,-1,,,,
MNQ SEP25,1s,1,916,2025-09-12 09:35:16,24031.5,24031.75,24029.5,24030.25,87,2.25,1.25,0.25,0.75,-1,,,,
MNQ SEP25,1s,1,917,2025-09-12 09:35:17,24030.5,24030.5,24029,24029.5,94,1.5,1,0,0.5,-1,,,,
MNQ SEP25,1s,1,918,2025-09-12 09:35:18,24029.5,24030.5,24028.25,24028.75,131,2.25,0.75,1,0.5,-1,,,,
MNQ SEP25,1s,1,919,2025-09-12 09:35:19,24028.75,24029,24026.5,24028,234,2.5,0.75,0.25,1.5,-1,,,,
MNQ SEP25,1s,1,920,2025-09-12 09:35:20,24028,24028.75,24026.75,24027.5,111,2,0.5,0.75,0.75,-1,,,,
MNQ SEP25,10s,10,5491,2025-09-12 09:35:20,24034,24034.5,24026.5,24027.5,948,8,6.5,0.5,1,-1,-0.4,77.8,86.2,85.6
MNQ SEP25,20s,20,5745,2025-09-12 09:35:20,24034.5,24035.5,24026.5,24027.5,2336,9,7,1,1,-1,-594,96.8,-67.91666667,-122.47
MNQ SEP25,1s,1,921,2025-09-12 09:35:21,24027.75,24028.75,24026.75,24027,104,2,0.75,1,0.25,-1,,,,
MNQ SEP25,1s,1,922,2025-09-12 09:35:22,24026.75,24027.75,24025.5,24027.25,313,2.25,0.5,0.5,1.25,1,,,,
MNQ SEP25,1s,1,923,2025-09-12 09:35:23,24027.25,24027.75,24025.5,24027.5,124,2.25,0.25,0.25,1.75,1,,,,
MNQ SEP25,1s,1,924,2025-09-12 09:35:24,24028.25,24028.5,24027,24027.25,61,1.5,1,0.25,0.25,-1,,,,
MNQ SEP25,1s,1,925,2025-09-12 09:35:25,24027.5,24027.5,24023.5,24025.75,425,4,1.75,0,2.25,-1,,,,
MNQ SEP25,1s,1,926,2025-09-12 09:35:26,24026,24028,24024.5,24028,240,3.5,2,0,1.5,1,,,,
MNQ SEP25,1s,1,927,2025-09-12 09:35:27,24027.5,24028.25,24026.5,24026.75,84,1.75,0.75,0.75,0.25,-1,,,,
MNQ SEP25,1s,1,928,2025-09-12 09:35:28,24026.75,24027.75,24024.5,24025,106,3.25,1.75,1,0.5,-1,,,,
MNQ SEP25,1s,1,929,2025-09-12 09:35:29,24025,24027.25,24024.75,24027.25,90,2.5,2.25,0,0.25,1,,,,
MNQ SEP25,1s,1,930,2025-09-12 09:35:30,24027.75,24028.25,24027,24027.75,70,1.25,0,0.5,0.75,0,,,,
MNQ SEP25,10s,10,5492,2025-09-12 09:35:30,24027.75,24028.75,24023.5,24027.75,1617,5.25,0,1,4.25,0,217.7,218.1,156.16666667,117.64
MNQ SEP25,1s,1,931,2025-09-12 09:35:31,24027.75,24029.5,24027.75,24028.5,109,1.75,0.75,1,0,1,,,,
MNQ SEP25,1s,1,932,2025-09-12 09:35:32,24028.25,24029,24027,24029,65,2,0.75,0,1.25,1,,,,
MNQ SEP25,1s,1,933,2025-09-12 09:35:33,24029.5,24030.5,24028.75,24029.5,75,1.75,0,1,0.75,0,,,,
MNQ SEP25,1s,1,934,2025-09-12 09:35:34,24029.25,24029.75,24027,24028,76,2.75,1.25,0.5,1,-1,,,,
MNQ SEP25,1s,1,935,2025-09-12 09:35:35,24028,24028.75,24027.5,24028.25,22,1.25,0.25,0.5,0.5,1,,,,
MNQ SEP25,1s,1,936,2025-09-12 09:35:36,24028.75,24029,24027.5,24028.25,36,1.5,0.5,0.25,0.75,-1,,,,
MNQ SEP25,1s,1,937,2025-09-12 09:35:37,24028.5,24029.75,24027.75,24029.75,42,2,1.25,0,0.75,1,,,,
MNQ SEP25,1s,1,938,2025-09-12 09:35:38,24029.5,24029.75,24028.5,24028.75,30,1.25,0.75,0.25,0.25,-1,,,,
MNQ SEP25,1s,1,939,2025-09-12 09:35:39,24028.5,24029,24028,24028.25,17,1,0.25,0.5,0.25,-1,,,,
MNQ SEP25,1s,1,940,2025-09-12 09:35:40,24028.5,24029,24027.75,24028.25,51,1.25,0.25,0.5,0.5,-1,,,,
MNQ SEP25,10s,10,5493,2025-09-12 09:35:40,24027.75,24030.5,24027,24028.25,523,3.5,0.5,2.25,0.75,1,213.85,-3.85,97.35,94.57
MNQ SEP25,20s,20,5746,2025-09-12 09:35:40,24027.75,24030.5,24023.5,24028.25,2140,7,0.5,2.25,4.25,1,-430.7,163.3,17.51666667,-27.78
MNQ SEP25,1s,1,941,2025-09-12 09:35:41,24028.5,24029,24027.5,24027.5,34,1.5,1,0.5,0,-1,,,,
MNQ SEP25,1s,1,942,2025-09-12 09:35:42,24027.75,24028.5,24026.75,24026.75,82,1.75,1,0.75,0,-1,,,,
MNQ SEP25,1s,1,943,2025-09-12 09:35:43,24026.75,24027.25,24025.25,24025.75,47,2,1,0.5,0.5,-1,,,,
MNQ SEP25,1s,1,944,2025-09-12 09:35:44,24025.75,24026.5,24024.75,24025.5,61,1.75,0.25,0.75,0.75,-1,,,,
MNQ SEP25,1s,1,945,2025-09-12 09:35:45,24025.25,24027.75,24025.25,24027.5,51,2.5,2.25,0.25,0,1,,,,
MNQ SEP25,1s,1,946,2025-09-12 09:35:46,24027,24027.5,24025.5,24026.25,99,2,0.75,0.5,0.75,-1,,,,
MNQ SEP25,1s,1,947,2025-09-12 09:35:47,24026,24027,24025.5,24026.25,47,1.5,0.25,0.75,0.5,1,,,,
MNQ SEP25,1s,1,948,2025-09-12 09:35:48,24026,24026.25,24025.25,24025.75,50,1,0.25,0.25,0.5,-1,,,,
MNQ SEP25,1s,1,949,2025-09-12 09:35:49,24026,24026.5,24025,24025.25,46,1.5,0.75,0.5,0.25,-1,,,,
MNQ SEP25,1s,1,950,2025-09-12 09:35:50,24025.25,24026.25,24025,24025.5,49,1.25,0.25,0.75,0.25,1,,,,
MNQ SEP25,10s,10,5494,2025-09-12 09:35:50,24028.5,24029,24024.75,24025.5,566,4.25,3,0.5,0.75,-1,259.5,45.65,86.63333333,102.06
MNQ SEP25,1s,1,951,2025-09-12 09:35:51,24025.5,24027.25,24024.75,24026.75,78,2.5,1.25,0.5,0.75,1,,,,
MNQ SEP25,1s,1,952,2025-09-12 09:35:52,24026.75,24027,24025.75,24025.75,50,1.25,1,0.25,0,-1,,,,
MNQ SEP25,1s,1,953,2025-09-12 09:35:53,24025.75,24026.25,24023.75,24024,78,2.5,1.75,0.5,0.25,-1,,,,
MNQ SEP25,1s,1,954,2025-09-12 09:35:54,24024.25,24025,24023.25,24024.5,84,1.75,0.25,0.5,1,1,,,,
MNQ SEP25,1s,1,955,2025-09-12 09:35:55,24024,24024.75,24023.5,24023.75,71,1.25,0.25,0.75,0.25,-1,,,,
MNQ SEP25,1s,1,956,2025-09-12 09:35:56,24023.5,24023.5,24022.5,24022.75,151,1,0.75,0,0.25,-1,,,,
MNQ SEP25,1s,1,957,2025-09-12 09:35:57,24023,24023,24018.25,24019,633,4.75,4,0,0.75,-1,,,,
MNQ SEP25,1s,1,958,2025-09-12 09:35:58,24019,24019.75,24017.75,24019.5,372,2,0.5,0.25,1.25,1,,,,
MNQ SEP25,1s,1,959,2025-09-12 09:35:59,24019.25,24021.5,24018.25,24020.25,274,3.25,1,1.25,1,1,,,,
MNQ SEP25,1s,1,960,2025-09-12 09:36:00,24020.5,24022.5,24019.75,24022,239,2.75,1.5,0.5,0.75,1,,,,
MNQ SEP25,10s,10,5495,2025-09-12 09:36:00,24025.5,24027.25,24017.75,24022,2030,9.5,3.5,1.75,4.25,-1,325.95,66.45,36.08333333,80.83
MNQ SEP25,20s,20,5747,2025-09-12 09:36:00,24028.5,24029,24017.75,24022,2596,11.25,6.5,0.5,4.25,-1,-285.35,145.35,135.15,20.98
MNQ SEP25,1s,1,961,2025-09-12 09:36:01,24021.5,24022,24018.5,24019,277,3.5,2.5,0.5,0.5,-1,,,,
MNQ SEP25,1s,1,962,2025-09-12 09:36:02,24019.25,24022.75,24019,24022.5,171,3.75,3.25,0.25,0.25,1,,,,
MNQ SEP25,1s,1,963,2025-09-12 09:36:03,24022.5,24023.75,24022.25,24023,102,1.5,0.5,0.75,0.25,1,,,,
MNQ SEP25,1s,1,964,2025-09-12 09:36:04,24023,24023.5,24020.25,24023.25,123,3.25,0.25,0.25,2.75,1,,,,
MNQ SEP25,1s,1,965,2025-09-12 09:36:05,24023,24024.75,24022.75,24023.75,109,2,0.75,1,0.25,1,,,,
MNQ SEP25,1s,1,966,2025-09-12 09:36:06,24023.75,24026.75,24023.25,24025.5,208,3.5,1.75,1.25,0.5,1,,,,
MNQ SEP25,1s,1,967,2025-09-12 09:36:07,24025.5,24027.25,24025.25,24026.75,113,2,1.25,0.5,0.25,1,,,,
MNQ SEP25,1s,1,968,2025-09-12 09:36:08,24026.25,24027.75,24026,24026.25,140,1.75,0,1.5,0.25,0,,,,
MNQ SEP25,1s,1,969,2025-09-12 09:36:09,24026.25,24026.5,24025,24026,121,1.5,0.25,0.25,1,-1,,,,
MNQ SEP25,1s,1,970,2025-09-12 09:36:10,24026,24027.25,24025,24027,56,2.25,1,0.25,1,1,,,,
MNQ SEP25,10s,10,5496,2025-09-12 09:36:10,24021.5,24027.75,24018.5,24027,1420,9.25,5.5,0.75,3,1,393.25,67.3,59.8,78.73
MNQ SEP25,1s,1,971,2025-09-12 09:36:11,24026.5,24027.5,24026,24027.25,133,1.5,0.75,0.25,0.5,1,,,,
MNQ SEP25,1s,1,972,2025-09-12 09:36:12,24027.25,24028,24026.75,24027.75,97,1.25,0.5,0.25,0.5,1,,,,
MNQ SEP25,1s,1,973,2025-09-12 09:36:13,24027.25,24029.25,24027.25,24029.25,188,2,2,0,0,1,,,,
MNQ SEP25,1s,1,974,2025-09-12 09:36:14,24028.5,24030.5,24028.5,24029.5,182,2,1,1,0,1,,,,
MNQ SEP25,1s,1,975,2025-09-12 09:36:15,24029.5,24030.5,24028.75,24030.25,135,1.75,0.75,0.25,0.75,1,,,,
MNQ SEP25,1s,1,976,2025-09-12 09:36:16,24030,24030.5,24029.25,24029.5,54,1.25,0.5,0.5,0.25,-1,,,,
MNQ SEP25,1s,1,977,2025-09-12 09:36:17,24029.75,24030,24027.75,24027.75,81,2.25,2,0.25,0,-1,,,,
MNQ SEP25,1s,1,978,2025-09-12 09:36:18,24028,24029.25,24027.75,24029.25,51,1.5,1.25,0,0.25,1,,,,
MNQ SEP25,1s,1,979,2025-09-12 09:36:19,24028.75,24030.5,24028.75,24029.75,77,1.75,1,0.75,0,1,,,,
MNQ SEP25,1s,1,980,2025-09-12 09:36:20,24030,24032,24028.75,24032,200,3.25,2,0,1.25,1,,,,
MNQ SEP25,10s,10,5497,2025-09-12 09:36:20,24026.5,24032,24026,24032,1198,6,5.5,0,0.5,1,284.1,-109.15,8.2,13.28
MNQ SEP25,20s,20,5748,2025-09-12 09:36:20,24021.5,24032,24018.5,24032,2618,13.5,10.5,0,3,1,-91.75,193.6,167.41666667,78.3
MNQ SEP25,1s,1,981,2025-09-12 09:36:21,24032,24032,24029.75,24030.25,119,2.25,1.75,0,0.5,-1,,,,
MNQ SEP25,1s,1,982,2025-09-12 09:36:22,24030.25,24031,24030,24030.75,58,1,0.5,0.25,0.25,1,,,,
MNQ SEP25,1s,1,983,2025-09-12 09:36:23,24030.75,24030.75,24027.75,24028.5,58,3,2.25,0,0.75,-1,,,,
MNQ SEP25,1s,1,984,2025-09-12 09:36:24,24028,24028,24025.5,24025.5,169,2.5,2.5,0,0,-1,,,,
MNQ SEP25,1s,1,985,2025-09-12 09:36:25,24025.25,24026.75,24025.25,24025.5,138,1.5,0.25,1.25,0,1,,,,
MNQ SEP25,1s,1,986,2025-09-12 09:36:26,24026.25,24027.75,24025.25,24027.25,122,2.5,1,0.5,1,1,,,,
MNQ SEP25,1s,1,987,2025-09-12 09:36:27,24027.25,24027.25,24021.75,24022.25,148,5.5,5,0,0.5,-1,,,,
MNQ SEP25,1s,1,988,2025-09-12 09:36:28,24022.5,24023,24017,24017.75,467,6,4.75,0.5,0.75,-1,,,,
MNQ SEP25,1s,1,989,2025-09-12 09:36:29,24017.5,24018.5,24010,24014,1322,8.5,3.5,1,4,-1,,,,
MNQ SEP25,1s,1,990,2025-09-12 09:36:30,24014,24014.5,24008.25,24012.5,783,6.25,1.5,0.5,4.25,-1,,,,
MNQ SEP25,10s,10,5498,2025-09-12 09:36:30,24032,24032,24008.25,24012.5,3384,23.75,19.5,0,4.25,-1,745.8,461.7,139.95,106.39
MNQ SEP25,1s,1,991,2025-09-12 09:36:31,24013.25,24016.5,24012,24015.5,311,4.5,2.25,1,1.25,1,,,,
MNQ SEP25,1s,1,992,2025-09-12 09:36:32,24015,24017.5,24012.5,24016.25,347,5,1.25,1.25,2.5,1,,,,
MNQ SEP25,1s,1,993,2025-09-12 09:36:33,24016.5,24019.25,24015.25,24016,230,4,0.5,2.75,0.75,-1,,,,
MNQ SEP25,1s,1,994,2025-09-12 09:36:34,24016.5,24017.5,24016,24016.25,125,1.5,0.25,1,0.25,-1,,,,
MNQ SEP25,1s,1,995,2025-09-12 09:36:35,24016.75,24018,24016.25,24017.75,108,1.75,1,0.25,0.5,1,,,,
MNQ SEP25,1s,1,996,2025-09-12 09:36:36,24017.5,24019.75,24017.5,24019,146,2.25,1.5,0.75,0,1,,,,
MNQ SEP25,1s,1,997,2025-09-12 09:36:37,24018.5,24019,24014,24015,112,5,3.5,0.5,1,-1,,,,
MNQ SEP25,1s,1,998,2025-09-12 09:36:38,24016,24016.75,24014.25,24014.75,96,2.5,1.25,0.75,0.5,-1,,,,
MNQ SEP25,1s,1,999,2025-09-12 09:36:39,24015,24017,24014,24015.5,108,3,0.5,1.5,1,1,,,,
MNQ SEP25,1s,1,1000,2025-09-12 09:36:40,24016,24016,24012.25,24012.5,175,3.75,3.5,0,0.25,-1,,,,
MNQ SEP25,10s,10,5499,2025-09-12 09:36:40,24013.25,24019.75,24012,24012.5,1758,7.75,0.75,6.5,0.5,-1,935.95,190.15,180.9,135.29
MNQ SEP25,20s,20,5749,2025-09-12 09:36:40,24032,24032,24008.25,24012.5,5142,23.75,19.5,0,4.25,-1,510.45,602.2,313.71666667,240.25
MNQ SEP25,1s,1,1001,2025-09-12 09:36:41,24012.25,24016,24012.25,24015.25,182,3.75,3,0.75,0,1,,,,
MNQ SEP25,1s,1,1002,2025-09-12 09:36:42,24015.25,24016.75,24015.25,24016.25,127,1.5,1,0.5,0,1,,,,
MNQ SEP25,1s,1,1003,2025-09-12 09:36:43,24015.75,24017.75,24015.5,24017,89,2.25,1.25,0.75,0.25,1,,,,
MNQ SEP25,1s,1,1004,2025-09-12 09:36:44,24017.75,24019.5,24017.25,24017.75,107,2.25,0,1.75,0.5,0,,,,
MNQ SEP25,1s,1,1005,2025-09-12 09:36:45,24017.75,24020.25,24017.75,24020.25,94,2.5,2.5,0,0,1,,,,
MNQ SEP25,1s,1,1006,2025-09-12 09:36:46,24020.25,24023.5,24020.25,24023,176,3.25,2.75,0.5,0,1,,,,
MNQ SEP25,1s,1,1007,2025-09-12 09:36:47,24022.75,24024.5,24022.75,24022.75,93,1.75,0,1.75,0,0,,,,
MNQ SEP25,1s,1,1008,2025-09-12 09:36:48,24023,24023.25,24019.75,24019.75,128,3.5,3.25,0.25,0,-1,,,,
MNQ SEP25,1s,1,1009,2025-09-12 09:36:49,24019.5,24021,24019,24019.5,136,2,0,1.5,0.5,0,,,,
MNQ SEP25,1s,1,1010,2025-09-12 09:36:50,24019.25,24020.5,24018.75,24019.25,86,1.75,0,1.25,0.5,0,,,,
MNQ SEP25,10s,10,5500,2025-09-12 09:36:50,24012.25,24024.5,24012.25,24019.25,1218,12.25,7,5.25,0,1,735.8,-200.15,150.56666667,81.97
MNQ SEP25,1s,1,1011,2025-09-12 09:36:51,24019,24019.75,24015.5,24016.25,143,4.25,2.75,0.75,0.75,-1,,,,
MNQ SEP25,1s,1,1012,2025-09-12 09:36:52,24017,24017.25,24014.75,24016,176,2.5,1,0.25,1.25,-1,,,,
MNQ SEP25,1s,1,1013,2025-09-12 09:36:53,24016.25,24018.5,24016.25,24017.25,69,2.25,1,1.25,0,1,,,,
MNQ SEP25,1s,1,1014,2025-09-12 09:36:54,24017,24018,24016.75,24017.5,59,1.25,0.5,0.5,0.25,1,,,,
MNQ SEP25,1s,1,1015,2025-09-12 09:36:55,24017.5,24019.75,24017.25,24019.75,73,2.5,2.25,0,0.25,1,,,,
MNQ SEP25,1s,1,1016,2025-09-12 09:36:56,24019.75,24020.5,24019.25,24019.25,58,1.25,0.5,0.75,0,-1,,,,
MNQ SEP25,1s,1,1017,2025-09-12 09:36:57,24019.5,24020,24018.75,24019.25,39,1.25,0.25,0.5,0.5,-1,,,,
MNQ SEP25,1s,1,1018,2025-09-12 09:36:58,24019.25,24019.25,24018.25,24018.25,28,1,1,0,0,-1,,,,
MNQ SEP25,1s,1,1019,2025-09-12 09:36:59,24019,24019,24017.75,24018.25,53,1.25,0.75,0,0.5,-1,,,,
MNQ SEP25,1s,1,1020,2025-09-12 09:37:00,24018,24018,24016.75,24018,32,1.25,0,0,1.25,0,,,,
MNQ SEP25,10s,10,5501,2025-09-12 09:37:00,24019,24020.5,24014.75,24018,730,5.75,1,1.5,3.25,-1,605.3,-130.5,-46.83333333,42.41
MNQ SEP25,20s,20,5750,2025-09-12 09:37:00,24012.25,24024.5,24012.25,24018,1948,12.25,5.75,6.5,0,1,637.75,127.3,307.7,246.35
MNQ SEP25,1s,1,1021,2025-09-12 09:37:01,24018.5,24019,24017.25,24018.75,88,1.75,0.25,0.25,1.25,1,,,,
MNQ SEP25,1s,1,1022,2025-09-12 09:37:02,24019,24020.75,24018.25,24020.75,53,2.5,1.75,0,0.75,1,,,,
MNQ SEP25,1s,1,1023,2025-09-12 09:37:03,24020.5,24021.75,24018.75,24020.25,153,3,0.25,1.25,1.5,-1,,,,
MNQ SEP25,1s,1,1024,2025-09-12 09:37:04,24019.75,24020.25,24018.75,24019,36,1.5,0.75,0.5,0.25,-1,,,,
MNQ SEP25,1s,1,1025,2025-09-12 09:37:05,24019.25,24021.25,24019,24021,55,2.25,1.75,0.25,0.25,1,,,,
MNQ SEP25,1s,1,1026,2025-09-12 09:37:06,24021.25,24022.25,24020,24020.75,91,2.25,0.5,1,0.75,-1,,,,
MNQ SEP25,1s,1,1027,2025-09-12 09:37:07,24020.75,24020.75,24019,24019,64,1.75,1.75,0,0,-1,,,,
MNQ SEP25,1s,1,1028,2025-09-12 09:37:08,24019.5,24020,24017.5,24018.5,124,2.5,1,0.5,1,-1,,,,
MNQ SEP25,1s,1,1029,2025-09-12 09:37:09,24019.25,24021,24018.5,24020.75,34,2.5,1.5,0.25,0.75,1,,,,
MNQ SEP25,1s,1,1030,2025-09-12 09:37:10,24021.25,24022.5,24020.5,24020.75,117,2,0.5,1.25,0.25,-1,,,,
MNQ SEP25,10s,10,5502,2025-09-12 09:37:10,24018.5,24022.5,24017.25,24020.75,815,5.25,2.25,1.75,1.25,1,513,-92.3,-140.98333333,45.78
MNQ SEP25,1s,1,1031,2025-09-12 09:37:11,24021,24022.25,24020.5,24021,38,1.75,0,1.25,0.5,0,,,,
MNQ SEP25,1s,1,1032,2025-09-12 09:37:12,24021,24023.75,24021,24023.25,126,2.75,2.25,0.5,0,1,,,,
MNQ SEP25,1s,1,1033,2025-09-12 09:37:13,24023.75,24024.5,24021.75,24024,244,2.75,0.25,0.5,2,1,,,,
MNQ SEP25,1s,1,1034,2025-09-12 09:37:14,24023.75,24025.25,24023.75,24025,94,1.5,1.25,0.25,0,1,,,,
MNQ SEP25,1s,1,1035,2025-09-12 09:37:15,24024.75,24025.25,24024,24024,72,1.25,0.75,0.5,0,-1,,,,
MNQ SEP25,1s,1,1036,2025-09-12 09:37:16,24024.5,24026,24023.75,24024.75,88,2.25,0.25,1.25,0.75,1,,,,
MNQ SEP25,1s,1,1037,2025-09-12 09:37:17,24024.75,24025.5,24024.25,24024.75,53,1.25,0,0.75,0.5,0,,,,
MNQ SEP25,1s,1,1038,2025-09-12 09:37:18,24024.5,24026.75,24024.5,24025.75,90,2.25,1.25,1,0,1,,,,
MNQ SEP25,1s,1,1039,2025-09-12 09:37:19,24025.75,24027,24025.25,24026,55,1.75,0.25,1,0.5,1,,,,
MNQ SEP25,1s,1,1040,2025-09-12 09:37:20,24026,24026,24024,24024,81,2,2,0,0,-1,,,,
MNQ SEP25,10s,10,5503,2025-09-12 09:37:20,24021,24027,24020.5,24024,941,6.5,3,3,0.5,1,-3,-516,-246.26666667,-149.76
MNQ SEP25,20s,20,5751,2025-09-12 09:37:20,24018.5,24027,24017.25,24024,1756,9.75,5.5,3,1.25,1,620.45,-17.3,237.4,210.23
MNQ SEP25,1s,1,1041,2025-09-12 09:37:21,24024,24024.5,24022.75,24024.5,60,1.75,0.5,0,1.25,1,,,,
MNQ SEP25,1s,1,1042,2025-09-12 09:37:22,24024.5,24025,24022.75,24025,50,2.25,0.5,0,1.75,1,,,,
MNQ SEP25,1s,1,1043,2025-09-12 09:37:23,24024.25,24026,24023.75,24026,43,2.25,1.75,0,0.5,1,,,,
MNQ SEP25,1s,1,1044,2025-09-12 09:37:24,24025.75,24027.5,24025.5,24026.75,132,2,1,0.75,0.25,1,,,,
MNQ SEP25,1s,1,1045,2025-09-12 09:37:25,24026.5,24027.75,24025.75,24026,60,2,0.5,1.25,0.25,-1,,,,
MNQ SEP25,1s,1,1046,2025-09-12 09:37:26,24025.75,24027.25,24025.25,24026.25,64,2,0.5,1,0.5,1,,,,
MNQ SEP25,1s,1,1047,2025-09-12 09:37:27,24026,24026.5,24025,24025.5,50,1.5,0.5,0.5,0.5,-1,,,,
MNQ SEP25,1s,1,1048,2025-09-12 09:37:28,24025.5,24026.5,24025,24026.25,26,1.5,0.75,0.25,0.5,1,,,,
MNQ SEP25,1s,1,1049,2025-09-12 09:37:29,24025.75,24025.75,24024,24024.25,58,1.75,1.5,0,0.25,-1,,,,
MNQ SEP25,1s,1,1050,2025-09-12 09:37:30,24024,24025.75,24024,24025.5,50,1.75,1.5,0.25,0,1,,,,
MNQ SEP25,10s,10,5504,2025-09-12 09:37:30,24024,24027.75,24022.75,24025.5,593,5,1.5,2.25,1.25,1,-227.2,-224.2,-277.5,-232.63
MNQ SEP25,1s,1,1051,2025-09-12 09:37:31,24025.75,24026.25,24025.25,24025.25,44,1,0.5,0.5,0,-1,,,,
MNQ SEP25,1s,1,1052,2025-09-12 09:37:32,24025.75,24025.75,24024,24024.75,29,1.75,1,0,0.75,-1,,,,
MNQ SEP25,1s,1,1053,2025-09-12 09:37:33,24023.75,24024.5,24022.5,24023,50,2,0.75,0.75,0.5,-1,,,,
MNQ SEP25,1s,1,1054,2025-09-12 09:37:34,24023,24023,24021,24022,98,2,1,0,1,-1,,,,
MNQ SEP25,1s,1,1055,2025-09-12 09:37:35,24022,24022,24019.5,24020.25,87,2.5,1.75,0,0.75,-1,,,,
MNQ SEP25,1s,1,1056,2025-09-12 09:37:36,24020.5,24022.75,24020,24022.75,53,2.75,2.25,0,0.5,1,,,,
MNQ SEP25,1s,1,1057,2025-09-12 09:37:37,24022,24022.5,24021.25,24021.5,83,1.25,0.5,0.5,0.25,-1,,,,
MNQ SEP25,1s,1,1058,2025-09-12 09:37:38,24021.75,24024.25,24021.5,24023.75,59,2.75,2,0.5,0.25,1,,,,
MNQ SEP25,1s,1,1059,2025-09-12 09:37:39,24023.5,24024,24023,24023,21,1,0.5,0.5,0,-1,,,,
MNQ SEP25,1s,1,1060,2025-09-12 09:37:40,24022.5,24022.75,24021.25,24022.5,52,1.5,0,0.25,1.25,0,,,,
MNQ SEP25,10s,10,5505,2025-09-12 09:37:40,24025.75,24026.25,24019.5,24022.5,576,6.75,3.25,0.5,3,-1,-357.3,-130.1,-290.1,-218.62
MNQ SEP25,20s,20,5752,2025-09-12 09:37:40,24024,24027.75,24019.5,24022.5,1169,8.25,1.5,3.75,3,-1,416.15,-204.3,-31.43333333,140.3
MNQ SEP25,1s,1,1061,2025-09-12 09:37:41,24023.25,24023.25,24022,24023,41,1.25,0.25,0,1,-1,,,,
MNQ SEP25,1s,1,1062,2025-09-12 09:37:42,24023,24025,24022.75,24023.25,60,2.25,0.25,1.75,0.25,1,,,,
MNQ SEP25,1s,1,1063,2025-09-12 09:37:43,24024,24024.5,24023,24023.75,40,1.5,0.25,0.5,0.75,-1,,,,
MNQ SEP25,1s,1,1064,2025-09-12 09:37:44,24023.5,24024,24022.75,24022.75,26,1.25,0.75,0.5,0,-1,,,,
MNQ SEP25,1s,1,1065,2025-09-12 09:37:45,24023,24023,24021,24021.75,33,2,1.25,0,0.75,-1,,,,
MNQ SEP25,1s,1,1066,2025-09-12 09:37:46,24021,24021.5,24020.25,24020.5,49,1.25,0.5,0.5,0.25,-1,,,,
MNQ SEP25,1s,1,1067,2025-09-12 09:37:47,24020.25,24021,24018.5,24019,68,2.5,1.25,0.75,0.5,-1,,,,
MNQ SEP25,1s,1,1068,2025-09-12 09:37:48,24019.25,24019.75,24018.75,24019.75,51,1,0.5,0,0.5,1,,,,
MNQ SEP25,1s,1,1069,2025-09-12 09:37:49,24019.25,24020.5,24016.25,24016.5,145,4.25,2.75,1.25,0.25,-1,,,,
MNQ SEP25,1s,1,1070,2025-09-12 09:37:50,24016.75,24017.75,24015.5,24016.25,140,2.25,0.5,1,0.75,-1,,,,
MNQ SEP25,10s,10,5506,2025-09-12 09:37:50,24023.25,24025,24015.5,24016.25,653,9.5,7,1.75,0.75,-1,-376.05,-18.75,-124.35,-196.27
MNQ SEP25,1s,1,1071,2025-09-12 09:37:51,24015.75,24016.25,24013.25,24013.25,220,3,2.5,0.5,0,-1,,,,
MNQ SEP25,1s,1,1072,2025-09-12 09:37:52,24013.25,24013.5,24012,24012.5,175,1.5,0.75,0.25,0.5,-1,,,,
MNQ SEP25,1s,1,1073,2025-09-12 09:37:53,24012.25,24014,24011,24014,160,3,1.75,0,1.25,1,,,,
MNQ SEP25,1s,1,1074,2025-09-12 09:37:54,24014,24015.5,24013.25,24014.75,99,2.25,0.75,0.75,0.75,1,,,,
MNQ SEP25,1s,1,1075,2025-09-12 09:37:55,24014.25,24015.5,24013.75,24015,95,1.75,0.75,0.5,0.5,1,,,,
MNQ SEP25,1s,1,1076,2025-09-12 09:37:56,24015.25,24015.25,24013.75,24014.75,84,1.5,0.5,0,1,-1,,,,
MNQ SEP25,1s,1,1077,2025-09-12 09:37:57,24014.75,24015,24013.5,24013.5,35,1.5,1.25,0.25,0,-1,,,,
MNQ SEP25,1s,1,1078,2025-09-12 09:37:58,24013.5,24014,24011,24012.25,120,3,1.25,0.5,1.25,-1,,,,
MNQ SEP25,1s,1,1079,2025-09-12 09:37:59,24011.75,24012,24010,24010.75,121,2,1,0.25,0.75,-1,,,,
MNQ SEP25,1s,1,1080,2025-09-12 09:38:00,24011,24013,24010.75,24012.5,78,2.25,1.5,0.5,0.25,1,,,,
MNQ SEP25,10s,10,5507,2025-09-12 09:38:00,24015.75,24016.25,24010,24012.5,1187,6.25,3.25,0.5,2.5,-1,-335.5,40.55,-36.1,-169.7
MNQ SEP25,20s,20,5753,2025-09-12 09:38:00,24023.25,24025,24010,24012.5,1840,15,10.75,1.75,2.5,-1,315,-101.15,-107.58333333,81.35
MNQ SEP25,1s,1,1081,2025-09-12 09:38:01,24012.25,24015,24012,24014.75,189,3,2.5,0.25,0.25,1,,,,
MNQ SEP25,1s,1,1082,2025-09-12 09:38:02,24014.5,24015,24013.25,24014,147,1.75,0.5,0.5,0.75,-1,,,,
MNQ SEP25,1s,1,1083,2025-09-12 09:38:03,24014,24016,24012.75,24014.25,153,3.25,0.25,1.75,1.25,1,,,,
MNQ SEP25,1s,1,1084,2025-09-12 09:38:04,24014.25,24015,24013,24013.5,77,2,0.75,0.75,0.5,-1,,,,
MNQ SEP25,1s,1,1085,2025-09-12 09:38:05,24013.25,24014.25,24013,24013.5,64,1.25,0.25,0.75,0.25,1,,,,
MNQ SEP25,1s,1,1086,2025-09-12 09:38:06,24013.25,24014.25,24012.5,24014,50,1.75,0.75,0.25,0.75,1,,,,
MNQ SEP25,1s,1,1087,2025-09-12 09:38:07,24013.75,24014,24011.75,24011.75,37,2.25,2,0.25,0,-1,,,,
MNQ SEP25,1s,1,1088,2025-09-12 09:38:08,24011.5,24012,24009.75,24010,138,2.25,1.5,0.5,0.25,-1,,,,
MNQ SEP25,1s,1,1089,2025-09-12 09:38:09,24010.25,24011,24009.5,24010.5,142,1.5,0.25,0.5,0.75,1,,,,
MNQ SEP25,1s,1,1090,2025-09-12 09:38:10,24010.5,24012.5,24010.25,24012.5,158,2.25,2,0,0.25,1,,,,
MNQ SEP25,10s,10,5508,2025-09-12 09:38:10,24012.25,24016,24009.5,24012.5,1155,6.5,0.25,3.5,2.75,1,-321.05,14.45,12.08333333,-63.61
MNQ SEP25,1s,1,1091,2025-09-12 09:38:11,24012,24012.25,24010.75,24011.5,68,1.5,0.5,0.25,0.75,-1,,,,
MNQ SEP25,1s,1,1092,2025-09-12 09:38:12,24011,24011.5,24010,24011.25,52,1.5,0.25,0.25,1,1,,,,
MNQ SEP25,1s,1,1093,2025-09-12 09:38:13,24011.75,24012,24010,24010.25,63,2,1.5,0.25,0.25,-1,,,,
MNQ SEP25,1s,1,1094,2025-09-12 09:38:14,24010.5,24010.5,24007.75,24008.75,202,2.75,1.75,0,1,-1,,,,
MNQ SEP25,1s,1,1095,2025-09-12 09:38:15,24009.25,24010,24008.5,24009.5,104,1.5,0.25,0.5,0.75,1,,,,
MNQ SEP25,1s,1,1096,2025-09-12 09:38:16,24009.25,24010.25,24007.25,24007.5,118,3,1.75,1,0.25,-1,,,,
MNQ SEP25,1s,1,1097,2025-09-12 09:38:17,24007.5,24007.5,24004,24004.25,713,3.5,3.25,0,0.25,-1,,,,
MNQ SEP25,1s,1,1098,2025-09-12 09:38:18,24004.75,24005.75,24003.75,24004.75,262,2,0,1,1,0,,,,
MNQ SEP25,1s,1,1099,2025-09-12 09:38:19,24004.75,24007.5,24004.75,24005.75,245,2.75,1,1.75,0,1,,,,
MNQ SEP25,1s,1,1100,2025-09-12 09:38:20,24005.75,24006.25,24004.75,24005.5,97,1.5,0.25,0.5,0.75,-1,,,,
MNQ SEP25,10s,10,5509,2025-09-12 09:38:20,24012,24012.25,24003.75,24005.5,1924,8.5,6.5,0.25,1.75,-1,-132.2,188.85,81.28333333,19
MNQ SEP25,20s,20,5754,2025-09-12 09:38:20,24012.25,24016,24003.75,24005.5,3079,12.25,6.75,3.75,1.75,-1,-44.2,-359.2,-221.55,-110.93
MNQ SEP25,1s,1,1101,2025-09-12 09:38:21,24006.25,24006.75,24004.5,24005.25,104,2.25,1,0.5,0.75,-1,,,,
MNQ SEP25,1s,1,1102,2025-09-12 09:38:22,24005.25,24007.25,24005.25,24005.5,80,2,0.25,1.75,0,1,,,,
MNQ SEP25,1s,1,1103,2025-09-12 09:38:23,24006,24007.25,24005.5,24006.25,95,1.75,0.25,1,0.5,1,,,,
MNQ SEP25,1s,1,1104,2025-09-12 09:38:24,24006,24008.25,24005.75,24007.5,99,2.5,1.5,0.75,0.25,1,,,,
MNQ SEP25,1s,1,1105,2025-09-12 09:38:25,24007.25,24008,24006.75,24007.25,84,1.25,0,0.75,0.5,0,,,,
MNQ SEP25,1s,1,1106,2025-09-12 09:38:26,24006.75,24007,24005.75,24006.75,68,1.25,0,0.25,1,0,,,,
MNQ SEP25,1s,1,1107,2025-09-12 09:38:27,24006.75,24007.25,24005.5,24006,76,1.75,0.75,0.5,0.5,-1,,,,
MNQ SEP25,1s,1,1108,2025-09-12 09:38:28,24006,24007,24004.75,24007,74,2.25,1,0,1.25,1,,,,
MNQ SEP25,1s,1,1109,2025-09-12 09:38:29,24007,24008.75,24006,24007.25,108,2.75,0.25,1.5,1,1,,,,
MNQ SEP25,1s,1,1110,2025-09-12 09:38:30,24006.75,24006.75,24005.75,24006,47,1,0.75,0,0.25,-1,,,,
MNQ SEP25,10s,10,5510,2025-09-12 09:38:30,24006.25,24008.75,24004.5,24006,835,4.25,0.25,2.5,1.5,-1,-52.75,79.45,94.25,60.91
MNQ SEP25,1s,1,1111,2025-09-12 09:38:31,24006,24007.25,24006,24006.25,56,1.25,0.25,1,0,1,,,,
MNQ SEP25,1s,1,1112,2025-09-12 09:38:32,24006,24006.75,24005,24005,53,1.75,1,0.75,0,-1,,,,
MNQ SEP25,1s,1,1113,2025-09-12 09:38:33,24005.5,24005.5,24003,24003,198,2.5,2.5,0,0,-1,,,,
MNQ SEP25,1s,1,1114,2025-09-12 09:38:34,24003,24003.75,24002.75,24003.25,133,1,0.25,0.5,0.25,1,,,,
MNQ SEP25,1s,1,1115,2025-09-12 09:38:35,24003.75,24004,24002.5,24003,121,1.5,0.75,0.25,0.5,-1,,,,
MNQ SEP25,1s,1,1116,2025-09-12 09:38:36,24003.25,24007,24003.25,24006.75,151,3.75,3.5,0.25,0,1,,,,
MNQ SEP25,1s,1,1117,2025-09-12 09:38:37,24006.5,24008,24005.75,24007.75,139,2.25,1.25,0.25,0.75,1,,,,
MNQ SEP25,1s,1,1118,2025-09-12 09:38:38,24007.75,24007.75,24005.5,24006.5,130,2.25,1.25,0,1,-1,,,,
MNQ SEP25,1s,1,1119,2025-09-12 09:38:39,24006.5,24008.25,24005.25,24007.75,67,3,1.25,0.5,1.25,1,,,,
MNQ SEP25,1s,1,1120,2025-09-12 09:38:40,24007.75,24008.25,24005.5,24006,102,2.75,1.75,0.5,0.5,-1,,,,
MNQ SEP25,10s,10,5511,2025-09-12 09:38:40,24006,24008.25,24002.5,24006,1150,5.75,0,2.25,3.5,0,36.55,89.3,119.2,82.52
MNQ SEP25,20s,20,5755,2025-09-12 09:38:40,24006.25,24008.75,24002.5,24006,1985,6.25,0.25,2.5,3.5,-1,-10.45,33.75,-142.2,-129.64
MNQ SEP25,1s,1,1121,2025-09-12 09:38:41,24005.25,24006,24004.25,24005.25,98,1.75,0,0.75,1,0,,,,
MNQ SEP25,1s,1,1122,2025-09-12 09:38:42,24004.25,24004.5,24003,24003.5,94,1.5,0.75,0.25,0.5,-1,,,,
MNQ SEP25,1s,1,1123,2025-09-12 09:38:43,24003.25,24003.75,24002,24002.75,138,1.75,0.5,0.5,0.75,-1,,,,
MNQ SEP25,1s,1,1124,2025-09-12 09:38:44,24002.75,24005.75,24002.25,24005.75,105,3.5,3,0,0.5,1,,,,
MNQ SEP25,1s,1,1125,2025-09-12 09:38:45,24005.75,24009.25,24005.75,24009,217,3.5,3.25,0.25,0,1,,,,
MNQ SEP25,1s,1,1126,2025-09-12 09:38:46,24009.25,24011.5,24008.75,24010,173,2.75,0.75,1.5,0.5,1,,,,
MNQ SEP25,1s,1,1127,2025-09-12 09:38:47,24010,24011.25,24009.25,24011.25,72,2,1.25,0,0.75,1,,,,
MNQ SEP25,1s,1,1128,2025-09-12 09:38:48,24010.75,24010.75,24009.5,24010,69,1.25,0.75,0,0.5,-1,,,,
MNQ SEP25,1s,1,1129,2025-09-12 09:38:49,24009.75,24010.5,24008.5,24008.5,52,2,1.25,0.75,0,-1,,,,
MNQ SEP25,1s,1,1130,2025-09-12 09:38:50,24008.5,24008.5,24007.5,24007.75,42,1,0.75,0,0.25,-1,,,,
MNQ SEP25,10s,10,5512,2025-09-12 09:38:50,24005.25,24011.5,24002,24007.75,1060,9.5,2.5,3.75,3.25,1,39,2.45,57.06666667,74.9
MNQ SEP25,1s,1,1131,2025-09-12 09:38:51,24007.75,24008.25,24006.5,24007.25,61,1.75,0.5,0.5,0.75,-1,,,,
MNQ SEP25,1s,1,1132,2025-09-12 09:38:52,24007.25,24008,24006.5,24008,37,1.5,0.75,0,0.75,1,,,,
MNQ SEP25,1s,1,1133,2025-09-12 09:38:53,24008.5,24008.75,24007.75,24007.75,43,1,0.75,0.25,0,-1,,,,
MNQ SEP25,1s,1,1134,2025-09-12 09:38:54,24008,24008.25,24006,24006.75,69,2.25,1.25,0.25,0.75,-1,,,,
MNQ SEP25,1s,1,1135,2025-09-12 09:38:55,24006.5,24006.75,24005.25,24005.5,63,1.5,1,0.25,0.25,-1,,,,
MNQ SEP25,1s,1,1136,2025-09-12 09:38:56,24006.25,24006.75,24004.5,24005.75,78,2.25,0.5,0.5,1.25,-1,,,,
MNQ SEP25,1s,1,1137,2025-09-12 09:38:57,24006.25,24006.75,24005,24006.5,38,1.75,0.25,0.25,1.25,1,,,,
MNQ SEP25,1s,1,1138,2025-09-12 09:38:58,24007.25,24008,24006.75,24007.25,73,1.25,0,0.75,0.5,0,,,,
MNQ SEP25,1s,1,1139,2025-09-12 09:38:59,24007,24007,24005,24007,74,2,0,0,2,0,,,,
MNQ SEP25,1s,1,1140,2025-09-12 09:39:00,24006.75,24007.5,24006.5,24006.75,19,1,0,0.75,0.25,0,,,,
MNQ SEP25,10s,10,5513,2025-09-12 09:39:00,24007.75,24008.75,24004.5,24006.75,555,4.25,1,1,2.25,-1,-82.6,-121.6,-9.95,47.69
MNQ SEP25,20s,20,5756,2025-09-12 09:39:00,24005.25,24011.5,24002,24006.75,1615,9.5,1.5,4.75,3.25,1,-6.55,3.9,-107.18333333,-125.4
MNQ SEP25,1s,1,1141,2025-09-12 09:39:01,24007.25,24007.5,24005,24005.75,95,2.5,1.5,0.25,0.75,-1,,,,
MNQ SEP25,1s,1,1142,2025-09-12 09:39:02,24004.75,24006,24004.75,24005,40,1.25,0.25,1,0,1,,,,
MNQ SEP25,1s,1,1143,2025-09-12 09:39:03,24004.75,24007.75,24004.75,24007.5,59,3,2.75,0.25,0,1,,,,
MNQ SEP25,1s,1,1144,2025-09-12 09:39:04,24007.5,24008.25,24007,24007.75,85,1.25,0.25,0.5,0.5,1,,,,
MNQ SEP25,1s,1,1145,2025-09-12 09:39:05,24007.5,24007.75,24006.75,24007.75,41,1,0.25,0,0.75,1,,,,
MNQ SEP25,1s,1,1146,2025-09-12 09:39:06,24007.5,24010.25,24007.25,24009.75,91,3,2.25,0.5,0.25,1,,,,
MNQ SEP25,1s,1,1147,2025-09-12 09:39:07,24010,24011,24009,24010,163,2,0,1,1,0,,,,
MNQ SEP25,1s,1,1148,2025-09-12 09:39:08,24010,24010.25,24008.5,24009.5,70,1.75,0.5,0.25,1,-1,,,,
MNQ SEP25,1s,1,1149,2025-09-12 09:39:09,24009.75,24009.75,24008.25,24008.25,42,1.5,1.5,0,0,-1,,,,
MNQ SEP25,1s,1,1150,2025-09-12 09:39:10,24008,24008,24006.5,24006.75,53,1.5,1.25,0,0.25,-1,,,,
MNQ SEP25,10s,10,5514,2025-09-12 09:39:10,24007.25,24011,24004.75,24006.75,739,6.25,0.5,3.75,2,-1,-328.25,-245.65,-121.6,-39.21
MNQ SEP25,1s,1,1151,2025-09-12 09:39:11,24006.75,24007.25,24006,24006,66,1.25,0.75,0.5,0,-1,,,,
MNQ SEP25,1s,1,1152,2025-09-12 09:39:12,24005.5,24009,24005.5,24008.75,54,3.5,3.25,0.25,0,1,,,,
MNQ SEP25,1s,1,1153,2025-09-12 09:39:13,24009,24011.25,24008,24010.5,61,3.25,1.5,0.75,1,1,,,,
MNQ SEP25,1s,1,1154,2025-09-12 09:39:14,24010.5,24010.75,24009.75,24010.25,57,1,0.25,0.25,0.5,-1,,,,
MNQ SEP25,1s,1,1155,2025-09-12 09:39:15,24010.25,24013,24010,24012.75,122,3,2.5,0.25,0.25,1,,,,
MNQ SEP25,1s,1,1156,2025-09-12 09:39:16,24012.75,24012.75,24010.5,24011.25,128,2.25,1.5,0,0.75,-1,,,,
MNQ SEP25,1s,1,1157,2025-09-12 09:39:17,24011,24012.5,24010.75,24010.75,65,1.75,0.25,1.5,0,-1,,,,
MNQ SEP25,1s,1,1158,2025-09-12 09:39:18,24011.25,24012,24011,24011.5,47,1,0.25,0.5,0.25,1,,,,
MNQ SEP25,1s,1,1159,2025-09-12 09:39:19,24011.5,24013.5,24011.5,24012,65,2,0.5,1.5,0,1,,,,
MNQ SEP25,1s,1,1160,2025-09-12 09:39:20,24012.5,24014,24011.25,24012.75,243,2.75,0.25,1.25,1.25,1,,,,
MNQ SEP25,10s,10,5515,2025-09-12 09:39:20,24006.75,24014,24005.5,24012.75,908,8.5,6,1.25,1.25,1,-257.55,70.7,-98.85,-40.96
MNQ SEP25,20s,20,5757,2025-09-12 09:39:20,24007.25,24014,24004.75,24012.75,1647,9.25,5.5,1.25,2.5,1,82.4,88.95,42.2,-66.75
MNQ SEP25,1s,1,1161,2025-09-12 09:39:21,24013,24014.75,24012.25,24014.75,152,2.5,1.75,0,0.75,1,,,,
MNQ SEP25,1s,1,1162,2025-09-12 09:39:22,24014.5,24014.5,24012.25,24012.5,65,2.25,2,0,0.25,-1,,,,
MNQ SEP25,1s,1,1163,2025-09-12 09:39:23,24013,24014.25,24012.5,24014,67,1.75,1,0.25,0.5,1,,,,
MNQ SEP25,1s,1,1164,2025-09-12 09:39:24,24013,24013.5,24010.75,24010.75,128,2.75,2.25,0.5,0,-1,,,,
MNQ SEP25,1s,1,1165,2025-09-12 09:39:25,24011.25,24012,24010.75,24012,37,1.25,0.75,0,0.5,1,,,,
MNQ SEP25,1s,1,1166,2025-09-12 09:39:26,24011.25,24012.5,24011.25,24012.5,27,1.25,1.25,0,0,1,,,,
MNQ SEP25,1s,1,1167,2025-09-12 09:39:27,24012.5,24013.5,24012,24013,58,1.5,0.5,0.5,0.5,1,,,,
MNQ SEP25,1s,1,1168,2025-09-12 09:39:28,24013.25,24013.25,24011.75,24012.25,28,1.5,1,0,0.5,-1,,,,
MNQ SEP25,1s,1,1169,2025-09-12 09:39:29,24011.75,24012.25,24011.25,24012,29,1,0.25,0.25,0.5,1,,,,
MNQ SEP25,1s,1,1170,2025-09-12 09:39:30,24011.75,24012.25,24011.5,24012.25,16,0.75,0.5,0,0.25,1,,,,
MNQ SEP25,10s,10,5516,2025-09-12 09:39:30,24013,24014.75,24010.75,24012.25,607,4,0.75,1.75,1.5,-1,-325.5,-67.95,-80.96666667,-72.41
MNQ SEP25,1s,1,1171,2025-09-12 09:39:31,24012.25,24013.5,24012,24012.75,39,1.5,0.5,0.75,0.25,1,,,,
MNQ SEP25,1s,1,1172,2025-09-12 09:39:32,24012.25,24013.5,24011.25,24013.25,67,2.25,1,0.25,1,1,,,,
MNQ SEP25,1s,1,1173,2025-09-12 09:39:33,24013.5,24014.5,24013,24013,71,1.5,0.5,1,0,-1,,,,
MNQ SEP25,1s,1,1174,2025-09-12 09:39:34,24013,24013.25,24011.75,24011.75,29,1.5,1.25,0.25,0,-1,,,,
MNQ SEP25,1s,1,1175,2025-09-12 09:39:35,24012,24013.5,24012,24012.75,31,1.5,0.75,0.75,0,1,,,,
MNQ SEP25,1s,1,1176,2025-09-12 09:39:36,24013,24013.5,24012.5,24013,20,1,0,0.5,0.5,0,,,,
MNQ SEP25,1s,1,1177,2025-09-12 09:39:37,24013.25,24013.25,24012.5,24013,25,0.75,0.25,0,0.5,-1,,,,
MNQ SEP25,1s,1,1178,2025-09-12 09:39:38,24012.5,24013.25,24012,24013,31,1.25,0.5,0.25,0.5,1,,,,
MNQ SEP25,1s,1,1179,2025-09-12 09:39:39,24013,24014.25,24013,24013.5,51,1.25,0.5,0.75,0,1,,,,
MNQ SEP25,1s,1,1180,2025-09-12 09:39:40,24013.5,24014.25,24012.5,24013.25,44,1.75,0.25,0.75,0.75,-1,,,,
MNQ SEP25,10s,10,5517,2025-09-12 09:39:40,24012.25,24014.5,24011.25,24013.25,408,3.25,1,1.25,1,1,-416.4,-90.9,-29.38333333,-91.08
MNQ SEP25,20s,20,5758,2025-09-12 09:39:40,24013,24014.75,24010.75,24013.25,1015,4,0.25,1.5,2.25,1,-54.9,-137.3,-14.81666667,-73.98
MNQ SEP25,1s,1,1181,2025-09-12 09:39:41,24013.25,24013.75,24012.75,24013.75,30,1,0.5,0,0.5,1,,,,
MNQ SEP25,1s,1,1182,2025-09-12 09:39:42,24013.25,24014.75,24013.25,24014,51,1.5,0.75,0.75,0,1,,,,
MNQ SEP25,1s,1,1183,2025-09-12 09:39:43,24014.75,24015.5,24014.25,24014.25,93,1.25,0.5,0.75,0,-1,,,,
MNQ SEP25,1s,1,1184,2025-09-12 09:39:44,24014.5,24015.25,24013.5,24014.5,65,1.75,0,0.75,1,0,,,,
MNQ SEP25,1s,1,1185,2025-09-12 09:39:45,24014.75,24014.75,24013.25,24013.5,42,1.5,1.25,0,0.25,-1,,,,
MNQ SEP25,1s,1,1186,2025-09-12 09:39:46,24013.25,24015.75,24013.25,24015.25,80,2.5,2,0.5,0,1,,,,
MNQ SEP25,1s,1,1187,2025-09-12 09:39:47,24015.25,24015.5,24014.25,24015,58,1.25,0.25,0.25,0.75,-1,,,,
MNQ SEP25,1s,1,1188,2025-09-12 09:39:48,24015,24016.75,24014.75,24015,110,2,0,1.75,0.25,0,,,,
MNQ SEP25,1s,1,1189,2025-09-12 09:39:49,24015.25,24015.25,24012.75,24013,93,2.5,2.25,0,0.25,-1,,,,
MNQ SEP25,1s,1,1190,2025-09-12 09:39:50,24012.75,24014,24012.25,24014,72,1.75,1.25,0,0.5,1,,,,
MNQ SEP25,10s,10,5518,2025-09-12 09:39:50,24013.25,24016.75,24012.25,24014,694,4.5,0.75,2.75,1,1,-254.1,162.3,1.15,-34.3
MNQ SEP25,1s,1,1191,2025-09-12 09:39:51,24013.5,24014.5,24013,24014.5,37,1.5,1,0,0.5,1,,,,
MNQ SEP25,1s,1,1192,2025-09-12 09:39:52,24014,24014.25,24013.5,24014.25,25,0.75,0.25,0,0.5,1,,,,
MNQ SEP25,1s,1,1193,2025-09-12 09:39:53,24014,24014,24013.5,24014,21,0.5,0,0,0.5,0,,,,
MNQ SEP25,1s,1,1194,2025-09-12 09:39:54,24013.5,24014,24013.25,24013.75,26,0.75,0.25,0.25,0.25,1,,,,
MNQ SEP25,1s,1,1195,2025-09-12 09:39:55,24013.5,24015.5,24013.5,24015.5,35,2,2,0,0,1,,,,
MNQ SEP25,1s,1,1196,2025-09-12 09:39:56,24015.5,24015.5,24014.25,24014.25,31,1.25,1.25,0,0,-1,,,,
MNQ SEP25,1s,1,1197,2025-09-12 09:39:57,24014.5,24015,24013.5,24013.5,39,1.5,1,0.5,0,-1,,,,
MNQ SEP25,1s,1,1198,2025-09-12 09:39:58,24014,24014.75,24013.25,24014.75,147,1.5,0.75,0,0.75,1,,,,
MNQ SEP25,1s,1,1199,2025-09-12 09:39:59,24014.25,24014.25,24013,24014,41,1.25,0.25,0,1,-1,,,,
MNQ SEP25,1s,1,1200,2025-09-12 09:40:00,24013.75,24014.5,24012.5,24013.5,54,2,0.25,0.75,1,-1,,,,
MNQ SEP25,10s,10,5519,2025-09-12 09:40:00,24013.5,24015.5,24012.5,24013.5,456,3,0,2,1,0,-245.6,8.5,26.63333333,16.53
MNQ SEP25,20s,20,5759,2025-09-12 09:40:00,24013.25,24016.75,24012.25,24013.5,1150,4.5,0.25,3.25,1,1,-399.85,-344.95,-131.1,-71.13
MNQ SEP25,1s,1,1201,2025-09-12 09:40:01,24013.25,24013.75,24012,24013.75,137,1.75,0.5,0,1.25,1,,,,
MNQ SEP25,1s,1,1202,2025-09-12 09:40:02,24014,24014,24012.25,24012.5,62,1.75,1.5,0,0.25,-1,,,,
MNQ SEP25,1s,1,1203,2025-09-12 09:40:03,24013,24017.5,24013,24017,193,4.5,4,0.5,0,1,,,,
MNQ SEP25,1s,1,1204,2025-09-12 09:40:04,24017.25,24017.25,24016,24017,99,1.25,0.25,0,1,-1,,,,
MNQ SEP25,1s,1,1205,2025-09-12 09:40:05,24017.5,24017.75,24015.5,24016,142,2.25,1.5,0.25,0.5,-1,,,,
MNQ SEP25,1s,1,1206,2025-09-12 09:40:06,24016,24016.5,24015,24015.5,62,1.5,0.5,0.5,0.5,-1,,,,
MNQ SEP25,1s,1,1207,2025-09-12 09:40:07,24015.75,24016,24014,24014.5,67,2,1.25,0.25,0.5,-1,,,,
MNQ SEP25,1s,1,1208,2025-09-12 09:40:08,24014,24015,24012.75,24013.75,40,2.25,0.25,1,1,-1,,,,
MNQ SEP25,1s,1,1209,2025-09-12 09:40:09,24014.25,24014.5,24012,24012.25,51,2.5,2,0.25,0.25,-1,,,,
MNQ SEP25,1s,1,1210,2025-09-12 09:40:10,24013,24014.5,24013,24013.25,57,1.5,0.25,1.25,0,1,,,,
MNQ SEP25,10s,10,5520,2025-09-12 09:40:10,24013.25,24017.75,24012,24013.25,910,5.75,0,4.5,1.25,0,-229.8,15.8,62.2,5.55
MNQ SEP25,1s,1,1211,2025-09-12 09:40:11,24013,24014.75,24012.75,24014.25,57,2,1.25,0.5,0.25,1,,,,
MNQ SEP25,1s,1,1212,2025-09-12 09:40:12,24014.75,24015,24014.25,24014.25,48,0.75,0.5,0.25,0,-1,,,,
MNQ SEP25,1s,1,1213,2025-09-12 09:40:13,24014.75,24015,24012.75,24013.5,57,2.25,1.25,0.25,0.75,-1,,,,
MNQ SEP25,1s,1,1214,2025-09-12 09:40:14,24013,24013.5,24010.5,24010.75,101,3,2.25,0.5,0.25,-1,,,,
MNQ SEP25,1s,1,1215,2025-09-12 09:40:15,24010.75,24013,24010.25,24013,121,2.75,2.25,0,0.5,1,,,,
MNQ SEP25,1s,1,1216,2025-09-12 09:40:16,24013.25,24014.25,24012.75,24013,132,1.5,0.25,1,0.25,-1,,,,
MNQ SEP25,1s,1,1217,2025-09-12 09:40:17,24013.25,24015,24013,24014,56,2,0.75,1,0.25,1,,,,
MNQ SEP25,1s,1,1218,2025-09-12 09:40:18,24014,24014.75,24013.75,24014.5,41,1,0.5,0.25,0.25,1,,,,
MNQ SEP25,1s,1,1219,2025-09-12 09:40:19,24014.75,24016.25,24014.75,24016.25,51,1.5,1.5,0,0,1,,,,
MNQ SEP25,1s,1,1220,2025-09-12 09:40:20,24016.25,24019.5,24016.25,24019.25,316,3.25,3,0.25,0,1,,,,
MNQ SEP25,10s,10,5521,2025-09-12 09:40:20,24013,24019.5,24010.25,24019.25,980,9.25,6.25,0.25,2.75,1,-167.7,62.1,28.8,31.56
MNQ SEP25,20s,20,5760,2025-09-12 09:40:20,24013.25,24019.5,24010.25,24019.25,1890,9.25,6,0.25,3,1,-446.2,-46.35,-176.2,-87.15
MNQ SEP25,1s,1,1221,2025-09-12 09:40:21,24019,24019.25,24017,24017,167,2.25,2,0.25,0,-1,,,,
MNQ SEP25,1s,1,1222,2025-09-12 09:40:22,24017.25,24017.5,24015.75,24016.25,42,1.75,1,0.25,0.5,-1,,,,
MNQ SEP25,1s,1,1223,2025-09-12 09:40:23,24015.75,24015.75,24010.25,24010.75,141,5.5,5,0,0.5,-1,,,,
MNQ SEP25,1s,1,1224,2025-09-12 09:40:24,24011,24011.5,24008.25,24008.75,190,3.25,2.25,0.5,0.5,-1,,,,
MNQ SEP25,1s,1,1225,2025-09-12 09:40:25,24008.75,24010.25,24008.5,24009.75,103,1.75,1,0.5,0.25,1,,,,
MNQ SEP25,1s,1,1226,2025-09-12 09:40:26,24010.25,24011.5,24008.5,24008.5,117,3,1.75,1.25,0,-1,,,,
MNQ SEP25,1s,1,1227,2025-09-12 09:40:27,24008.75,24008.75,24007.5,24007.5,156,1.25,1.25,0,0,-1,,,,
MNQ SEP25,1s,1,1228,2025-09-12 09:40:28,24007.25,24008.5,24007.25,24008,78,1.25,0.75,0.5,0,1,,,,
MNQ SEP25,1s,1,1229,2025-09-12 09:40:29,24008.25,24008.5,24007.5,24008,51,1,0.25,0.25,0.5,-1,,,,
MNQ SEP25,1s,1,1230,2025-09-12 09:40:30,24008,24010,24007.75,24009.5,67,2.25,1.5,0.5,0.25,1,,,,
MNQ SEP25,10s,10,5522,2025-09-12 09:40:30,24019,24019.25,24007.25,24009.5,1112,12,9.5,0.25,2.25,-1,-41.75,125.95,67.95,74.93
MNQ SEP25,1s,1,1231,2025-09-12 09:40:31,24009.25,24011.75,24009,24011.25,79,2.75,2,0.5,0.25,1,,,,
MNQ SEP25,1s,1,1232,2025-09-12 09:40:32,24011.25,24012.5,24010.75,24010.75,80,1.75,0.5,1.25,0,-1,,,,
MNQ SEP25,1s,1,1233,2025-09-12 09:40:33,24010.5,24011.75,24009.5,24009.75,41,2.25,0.75,1.25,0.25,-1,,,,
MNQ SEP25,1s,1,1234,2025-09-12 09:40:34,24010.25,24010.25,24009.25,24009.25,32,1,1,0,0,-1,,,,
MNQ SEP25,1s,1,1235,2025-09-12 09:40:35,24010,24011.25,24009.25,24010.5,43,2,0.5,0.75,0.75,1,,,,
MNQ SEP25,1s,1,1236,2025-09-12 09:40:36,24011.5,24011.5,24010.75,24011,18,0.75,0.5,0,0.25,-1,,,,
MNQ SEP25,1s,1,1237,2025-09-12 09:40:37,24011,24011,24010,24011,14,1,0,0,1,0,,,,
MNQ SEP25,1s,1,1238,2025-09-12 09:40:38,24010.75,24010.75,24009.5,24009.5,31,1.25,1.25,0,0,-1,,,,
MNQ SEP25,1s,1,1239,2025-09-12 09:40:39,24009.5,24011.25,24009.5,24011.25,17,1.75,1.75,0,0,1,,,,
MNQ SEP25,1s,1,1240,2025-09-12 09:40:40,24011.25,24013,24010.25,24013,66,2.75,1.75,0,1,1,,,,
MNQ SEP25,10s,10,5523,2025-09-12 09:40:40,24009.25,24013,24009,24013,421,4,3.75,0,0.25,1,-70.35,-28.6,53.15,36.75
MNQ SEP25,20s,20,5761,2025-09-12 09:40:40,24019,24019.25,24007.25,24013,1533,12,6,0.25,5.75,-1,-494.55,-48.35,-146.55,-97.6
MNQ SEP25,1s,1,1241,2025-09-12 09:40:41,24013,24015.25,24011.75,24014.25,56,3.5,1.25,1,1.25,1,,,,
MNQ SEP25,1s,1,1242,2025-09-12 09:40:42,24014,24015.5,24014,24014.25,35,1.5,0.25,1.25,0,1,,,,
MNQ SEP25,1s,1,1243,2025-09-12 09:40:43,24014,24014.75,24013.25,24014,50,1.5,0,0.75,0.75,0,,,,
MNQ SEP25,1s,1,1244,2025-09-12 09:40:44,24014,24014,24012.5,24013,42,1.5,1,0,0.5,-1,,,,
MNQ SEP25,1s,1,1245,2025-09-12 09:40:45,24013,24016,24013,24016,25,3,3,0,0,1,,,,
MNQ SEP25,1s,1,1246,2025-09-12 09:40:46,24016,24016,24014.25,24015.5,59,1.75,0.5,0,1.25,-1,,,,
MNQ SEP25,1s,1,1247,2025-09-12 09:40:47,24015.5,24017,24015.5,24016.25,129,1.5,0.75,0.75,0,1,,,,
MNQ SEP25,1s,1,1248,2025-09-12 09:40:48,24016,24016,24014.5,24014.75,85,1.5,1.25,0,0.25,-1,,,,
MNQ SEP25,1s,1,1249,2025-09-12 09:40:49,24015,24015.25,24014.25,24015,33,1,0,0.25,0.75,0,,,,
MNQ SEP25,1s,1,1250,2025-09-12 09:40:50,24014.75,24015.5,24014.5,24015,44,1,0.25,0.5,0.25,1,,,,
MNQ SEP25,10s,10,5524,2025-09-12 09:40:50,24013,24017,24011.75,24015,558,5.25,2,2,1.25,1,-48.2,22.15,39.83333333,39.48
MNQ SEP25,1s,1,1251,2025-09-12 09:40:51,24015.5,24016,24014.75,24015,17,1.25,0.5,0.5,0.25,-1,,,,
MNQ SEP25,1s,1,1252,2025-09-12 09:40:52,24014.5,24015,24011.5,24011.5,51,3.5,3,0.5,0,-1,,,,
MNQ SEP25,1s,1,1253,2025-09-12 09:40:53,24012,24012.25,24010.5,24011.75,51,1.75,0.25,0.25,1.25,-1,,,,
MNQ SEP25,1s,1,1254,2025-09-12 09:40:54,24011.25,24013.75,24011.25,24013.5,27,2.5,2.25,0.25,0,1,,,,
MNQ SEP25,1s,1,1255,2025-09-12 09:40:55,24013.5,24014.75,24013.25,24014.25,28,1.5,0.75,0.5,0.25,1,,,,
MNQ SEP25,1s,1,1256,2025-09-12 09:40:56,24014.25,24014.5,24013.25,24013.25,22,1.25,1,0.25,0,-1,,,,
MNQ SEP25,1s,1,1257,2025-09-12 09:40:57,24013.25,24015.5,24013.25,24014.25,129,2.25,1,1.25,0,1,,,,
MNQ SEP25,1s,1,1258,2025-09-12 09:40:58,24014.25,24016.25,24014,24016.25,51,2.25,2,0,0.25,1,,,,
MNQ SEP25,1s,1,1259,2025-09-12 09:40:59,24015.75,24016,24014.25,24015,75,1.75,0.75,0.25,0.75,-1,,,,
MNQ SEP25,1s,1,1260,2025-09-12 09:41:00,24015,24015.25,24014,24014.5,21,1.25,0.5,0.25,0.5,-1,,,,
MNQ SEP25,10s,10,5525,2025-09-12 09:41:00,24015.5,24016.25,24010.5,24014.5,472,5.75,1,0.75,4,-1,-130.6,-82.4,-29.61666667,19.84
MNQ SEP25,20s,20,5762,2025-09-12 09:41:00,24013,24017,24010.5,24014.5,1030,6.5,1.5,2.5,2.5,1,-603.9,-109.35,-68.01666667,-137.26
MNQ SEP25,1s,1,1261,2025-09-12 09:41:01,24013.75,24013.75,24011,24011,70,2.75,2.75,0,0,-1,,,,
MNQ SEP25,1s,1,1262,2025-09-12 09:41:02,24011,24012,24010.5,24011.5,64,1.5,0.5,0.5,0.5,1,,,,
MNQ SEP25,1s,1,1263,2025-09-12 09:41:03,24011.25,24012.75,24011,24011.5,92,1.75,0.25,1.25,0.25,1,,,,
MNQ SEP25,1s,1,1264,2025-09-12 09:41:04,24011.75,24014.75,24011.5,24013.75,80,3.25,2,1,0.25,1,,,,
MNQ SEP25,1s,1,1265,2025-09-12 09:41:05,24013.5,24013.75,24012.75,24013.25,78,1,0.25,0.25,0.5,-1,,,,
MNQ SEP25,1s,1,1266,2025-09-12 09:41:06,24013,24013.5,24012.5,24013,51,1,0,0.5,0.5,0,,,,
MNQ SEP25,1s,1,1267,2025-09-12 09:41:07,24013.25,24014.25,24012.5,24014.25,53,1.75,1,0,0.75,1,,,,
MNQ SEP25,1s,1,1268,2025-09-12 09:41:08,24014.25,24015.75,24013.75,24015.5,39,2,1.25,0.25,0.5,1,,,,
MNQ SEP25,1s,1,1269,2025-09-12 09:41:09,24015.5,24015.5,24014.25,24015,33,1.25,0.5,0,0.75,-1,,,,
MNQ SEP25,1s,1,1270,2025-09-12 09:41:10,24015.25,24015.5,24013.75,24014.5,42,1.75,0.75,0.25,0.75,-1,,,,
MNQ SEP25,10s,10,5526,2025-09-12 09:41:10,24013.75,24015.75,24010.5,24014.5,602,5.25,0.75,1.25,3.25,1,-203.65,-73.05,-44.43333333,-7.19
MNQ SEP25,1s,1,1271,2025-09-12 09:41:11,24014.5,24014.75,24012.75,24014.75,38,2,0.25,0,1.75,1,,,,
MNQ SEP25,1s,1,1272,2025-09-12 09:41:12,24014.25,24016.5,24014,24015.5,40,2.5,1.25,1,0.25,1,,,,
MNQ SEP25,1s,1,1273,2025-09-12 09:41:13,24015.25,24016.5,24015,24016,61,1.5,0.75,0.5,0.25,1,,,,
MNQ SEP25,1s,1,1274,2025-09-12 09:41:14,24015.5,24018,24015.5,24016.75,72,2.5,1.25,1.25,0,1,,,,
MNQ SEP25,1s,1,1275,2025-09-12 09:41:15,24016.75,24018,24016.5,24017.5,51,1.5,0.75,0.5,0.25,1,,,,
MNQ SEP25,1s,1,1276,2025-09-12 09:41:16,24017.75,24017.75,24016,24017.25,69,1.75,0.5,0,1.25,-1,,,,
MNQ SEP25,1s,1,1277,2025-09-12 09:41:17,24017,24017.5,24016.75,24017.25,22,0.75,0.25,0.25,0.25,1,,,,
MNQ SEP25,1s,1,1278,2025-09-12 09:41:18,24016.5,24017.75,24016,24016.5,79,1.75,0,1.25,0.5,0,,,,
MNQ SEP25,1s,1,1279,2025-09-12 09:41:19,24016.5,24017,24015,24016.25,37,2,0.25,0.5,1.25,-1,,,,
MNQ SEP25,1s,1,1280,2025-09-12 09:41:20,24015.75,24016.75,24015.75,24016.75,43,1,1,0,0,1,,,,
MNQ SEP25,10s,10,5527,2025-09-12 09:41:20,24014.5,24018,24012.75,24016.75,512,5.25,2.25,1.25,1.75,1,-289.9,-86.25,-80.56666667,-49.63
MNQ SEP25,20s,20,5763,2025-09-12 09:41:20,24013.75,24018,24010.5,24016.75,1114,7.5,3,1.25,3.25,1,-585,18.9,-46.26666667,-106.02
MNQ SEP25,1s,1,1281,2025-09-12 09:41:21,24016.75,24017,24015.25,24016,26,1.75,0.75,0.25,0.75,-1,,,,
MNQ SEP25,1s,1,1282,2025-09-12 09:41:22,24016,24017.25,24015.75,24017.25,29,1.5,1.25,0,0.25,1,,,,
MNQ SEP25,1s,1,1283,2025-09-12 09:41:23,24017.25,24017.5,24014.5,24015.25,110,3,2,0.25,0.75,-1,,,,
MNQ SEP25,1s,1,1284,2025-09-12 09:41:24,24015,24016,24015,24015.75,22,1,0.75,0.25,0,1,,,,
MNQ SEP25,1s,1,1285,2025-09-12 09:41:25,24015,24016.25,24014.25,24014.25,44,2,0.75,1.25,0,-1,,,,
MNQ SEP25,1s,1,1286,2025-09-12 09:41:26,24014.25,24016,24013.75,24016,37,2.25,1.75,0,0.5,1,,,,
MNQ SEP25,1s,1,1287,2025-09-12 09:41:27,24015.25,24016,24015,24016,34,1,0.75,0,0.25,1,,,,
MNQ SEP25,1s,1,1288,2025-09-12 09:41:28,24015.5,24017.75,24015.25,24017.75,100,2.5,2.25,0,0.25,1,,,,
MNQ SEP25,1s,1,1289,2025-09-12 09:41:29,24017.5,24018.25,24017.25,24017.75,59,1,0.25,0.5,0.25,1,,,,
MNQ SEP25,1s,1,1290,2025-09-12 09:41:30,24018,24018,24014.5,24014.75,49,3.5,3.25,0,0.25,-1,,,,
MNQ SEP25,10s,10,5528,2025-09-12 09:41:30,24016.75,24018.25,24013.75,24014.75,510,4.5,2,1.5,1,-1,-239.85,50.05,-36.41666667,-33.9
MNQ SEP25,1s,1,1291,2025-09-12 09:41:31,24015,24015.25,24014.25,24015.25,38,1,0.25,0,0.75,1,,,,
MNQ SEP25,1s,1,1292,2025-09-12 09:41:32,24016,24016.25,24015.25,24015.75,38,1,0.25,0.25,0.5,-1,,,,
MNQ SEP25,1s,1,1293,2025-09-12 09:41:33,24016.5,24016.5,24015.75,24015.75,37,0.75,0.75,0,0,-1,,,,
MNQ SEP25,1s,1,1294,2025-09-12 09:41:34,24016,24017,24015.5,24017,16,1.5,1,0,0.5,1,,,,
MNQ SEP25,1s,1,1295,2025-09-12 09:41:35,24016.75,24017.5,24016.5,24017,38,1,0.25,0.5,0.25,1,,,,
MNQ SEP25,1s,1,1296,2025-09-12 09:41:36,24017.25,24017.25,24015.75,24015.75,71,1.5,1.5,0,0,-1,,,,
MNQ SEP25,1s,1,1297,2025-09-12 09:41:37,24015.5,24016.25,24014.75,24016,58,1.5,0.5,0.25,0.75,1,,,,
MNQ SEP25,1s,1,1298,2025-09-12 09:41:38,24015.5,24016.5,24014.75,24015.25,34,1.75,0.25,1,0.5,-1,,,,
MNQ SEP25,1s,1,1299,2025-09-12 09:41:39,24015.5,24016.75,24015.5,24016.5,31,1.25,1,0.25,0,1,,,,
MNQ SEP25,1s,1,1300,2025-09-12 09:41:40,24017,24018.5,24017,24018,61,1.5,1,0.5,0,1,,,,
MNQ SEP25,10s,10,5529,2025-09-12 09:41:40,24015,24018.5,24014.25,24018,422,4.25,3,0.5,0.75,1,-191.95,47.9,3.9,-28.75
MNQ SEP25,20s,20,5764,2025-09-12 09:41:40,24016.75,24018.5,24013.75,24018,932,4.75,1.25,0.5,3,1,-626.95,-41.95,-44.13333333,-45.42
MNQ SEP25,1s,1,1301,2025-09-12 09:41:41,24018,24018.5,24015.75,24016,55,2.75,2,0.5,0.25,-1,,,,
MNQ SEP25,1s,1,1302,2025-09-12 09:41:42,24015.75,24017,24015.75,24017,11,1.25,1.25,0,0,1,,,,
MNQ SEP25,1s,1,1303,2025-09-12 09:41:43,24016.75,24019.75,24016.75,24019.5,129,3,2.75,0.25,0,1,,,,
MNQ SEP25,1s,1,1304,2025-09-12 09:41:44,24019.75,24020,24018.25,24019.5,124,1.75,0.25,0.25,1.25,-1,,,,
MNQ SEP25,1s,1,1305,2025-09-12 09:41:45,24019.5,24019.75,24018.25,24019.25,53,1.5,0.25,0.25,1,-1,,,,
MNQ SEP25,1s,1,1306,2025-09-12 09:41:46,24019.25,24020.5,24018.75,24019.5,112,1.75,0.25,1,0.5,1,,,,
MNQ SEP25,1s,1,1307,2025-09-12 09:41:47,24019.25,24019.75,24018.25,24019.75,76,1.5,0.5,0,1,1,,,,
MNQ SEP25,1s,1,1308,2025-09-12 09:41:48,24020,24022.5,24019,24021.75,294,3.5,1.75,0.75,1,1,,,,
MNQ SEP25,1s,1,1309,2025-09-12 09:41:49,24021.75,24022.5,24021,24021.5,99,1.5,0.25,0.75,0.5,-1,,,,
MNQ SEP25,1s,1,1310,2025-09-12 09:41:50,24022,24023,24020.75,24021.25,129,2.25,0.75,1,0.5,-1,,,,
MNQ SEP25,10s,10,5530,2025-09-12 09:41:50,24018,24023,24015.75,24021.25,1082,7.25,3.25,1.75,2.25,1,-82.3,109.65,69.2,9.66
MNQ SEP25,1s,1,1311,2025-09-12 09:41:51,24021,24021.5,24020,24020.75,97,1.5,0.25,0.5,0.75,-1,,,,
MNQ SEP25,1s,1,1312,2025-09-12 09:41:52,24021.5,24021.5,24020,24020.5,47,1.5,1,0,0.5,-1,,,,
MNQ SEP25,1s,1,1313,2025-09-12 09:41:53,24020.5,24021.75,24019.75,24019.75,55,2,0.75,1.25,0,-1,,,,
MNQ SEP25,1s,1,1314,2025-09-12 09:41:54,24019.75,24021,24019.5,24021,62,1.5,1.25,0,0.25,1,,,,
MNQ SEP25,1s,1,1315,2025-09-12 09:41:55,24020.25,24020.75,24019.5,24019.5,45,1.25,0.75,0.5,0,-1,,,,
MNQ SEP25,1s,1,1316,2025-09-12 09:41:56,24020,24020,24017.25,24019,194,2.75,1,0,1.75,-1,,,,
MNQ SEP25,1s,1,1317,2025-09-12 09:41:57,24019,24020,24018.5,24019.75,42,1.5,0.75,0.25,0.5,1,,,,
MNQ SEP25,1s,1,1318,2025-09-12 09:41:58,24019,24019.25,24018,24018,19,1.25,1,0.25,0,-1,,,,
MNQ SEP25,1s,1,1319,2025-09-12 09:41:59,24018.5,24018.75,24016.75,24017.5,61,2,1,0.25,0.75,-1,,,,
MNQ SEP25,1s,1,1320,2025-09-12 09:42:00,24017.75,24018.25,24017,24017.25,43,1.25,0.5,0.5,0.25,-1,,,,
MNQ SEP25,10s,10,5531,2025-09-12 09:42:00,24021,24021.75,24016.75,24017.25,665,5,3.75,0.75,0.5,-1,-45.45,36.85,64.8,31.64
MNQ SEP25,20s,20,5765,2025-09-12 09:42:00,24018,24023,24015.75,24017.25,1747,7.25,0.75,5,1.5,-1,-626.1,0.85,-7.4,-35.98
MNQ SEP25,1s,1,1321,2025-09-12 09:42:01,24017.25,24018,24016,24016.25,95,2,1,0.75,0.25,-1,,,,
MNQ SEP25,1s,1,1322,2025-09-12 09:42:02,24016.75,24016.75,24013.25,24014.25,197,3.5,2.5,0,1,-1,,,,
MNQ SEP25,1s,1,1323,2025-09-12 09:42:03,24014.5,24014.75,24012.75,24014.5,147,2,0,0.25,1.75,0,,,,
MNQ SEP25,1s,1,1324,2025-09-12 09:42:04,24014,24015.75,24013.25,24015.75,98,2.5,1.75,0,0.75,1,,,,
MNQ SEP25,1s,1,1325,2025-09-12 09:42:05,24015.5,24016.5,24015.5,24016.25,61,1,0.75,0.25,0,1,,,,
MNQ SEP25,1s,1,1326,2025-09-12 09:42:06,24016,24017.75,24015.75,24017.5,52,2,1.5,0.25,0.25,1,,,,
MNQ SEP25,1s,1,1327,2025-09-12 09:42:07,24017.5,24019.25,24017.25,24017.75,51,2,0.25,1.5,0.25,1,,,,
MNQ SEP25,1s,1,1328,2025-09-12 09:42:08,24018,24019,24017.5,24018.25,43,1.5,0.25,0.75,0.5,1,,,,
MNQ SEP25,1s,1,1329,2025-09-12 09:42:09,24018,24018.25,24016.75,24017.25,43,1.5,0.75,0.25,0.5,-1,,,,
MNQ SEP25,1s,1,1330,2025-09-12 09:42:10,24017,24019.75,24016.75,24019.75,45,3,2.75,0,0.25,1,,,,
MNQ SEP25,10s,10,5532,2025-09-12 09:42:10,24017.25,24019.75,24012.75,24019.75,832,7,2.5,0,4.5,1,29.95,75.4,73.96666667,63.97
MNQ SEP25,1s,1,1331,2025-09-12 09:42:11,24019.75,24021,24019,24021,54,2,1.25,0,0.75,1,,,,
MNQ SEP25,1s,1,1332,2025-09-12 09:42:12,24020.5,24022,24020,24021.75,77,2,1.25,0.25,0.5,1,,,,
MNQ SEP25,1s,1,1333,2025-09-12 09:42:13,24021.75,24021.75,24020.5,24021.25,51,1.25,0.5,0,0.75,-1,,,,
MNQ SEP25,1s,1,1334,2025-09-12 09:42:14,24021,24021,24018.25,24019.75,180,2.75,1.25,0,1.5,-1,,,,
MNQ SEP25,1s,1,1335,2025-09-12 09:42:15,24019.75,24020.5,24018.25,24019.5,110,2.25,0.25,0.75,1.25,-1,,,,
MNQ SEP25,1s,1,1336,2025-09-12 09:42:16,24019.5,24019.75,24018.75,24019,42,1,0.5,0.25,0.25,-1,,,,
MNQ SEP25,1s,1,1337,2025-09-12 09:42:17,24019.5,24019.75,24018.75,24019.5,45,1,0,0.25,0.75,0,,,,
MNQ SEP25,1s,1,1338,2025-09-12 09:42:18,24020,24020,24018.25,24018.5,41,1.75,1.5,0,0.25,-1,,,,
MNQ SEP25,1s,1,1339,2025-09-12 09:42:19,24018,24018,24016.5,24017.75,68,1.5,0.25,0,1.25,-1,,,,
MNQ SEP25,1s,1,1340,2025-09-12 09:42:20,24017.75,24019,24017.5,24019,37,1.5,1.25,0,0.25,1,,,,
MNQ SEP25,10s,10,5533,2025-09-12 09:42:20,24019.75,24022,24016.5,24019,705,5.5,0.75,2.25,2.5,-1,61.45,31.5,47.91666667,60.26
MNQ SEP25,20s,20,5766,2025-09-12 09:42:20,24017.25,24022,24012.75,24019,1537,9.25,1.75,3,4.5,1,-595.15,30.95,-3.38333333,-20.12
MNQ SEP25,1s,1,1341,2025-09-12 09:42:21,24018.5,24020,24018.5,24019.25,24,1.5,0.75,0.75,0,1,,,,
MNQ SEP25,1s,1,1342,2025-09-12 09:42:22,24019,24019,24016.5,24017,31,2.5,2,0,0.5,-1,,,,
MNQ SEP25,1s,1,1343,2025-09-12 09:42:23,24017.25,24018.25,24016.25,24016.25,57,2,1,1,0,-1,,,,
MNQ SEP25,1s,1,1344,2025-09-12 09:42:24,24016,24017.25,24015.5,24016.25,62,1.75,0.25,1,0.5,1,,,,
MNQ SEP25,1s,1,1345,2025-09-12 09:42:25,24017,24018.5,24017,24018.25,43,1.5,1.25,0.25,0,1,,,,
MNQ SEP25,1s,1,1346,2025-09-12 09:42:26,24018.25,24018.5,24017,24017.25,25,1.5,1,0.25,0.25,-1,,,,
MNQ SEP25,1s,1,1347,2025-09-12 09:42:27,24016.75,24019,24016.75,24018.25,32,2.25,1.5,0.75,0,1,,,,
MNQ SEP25,1s,1,1348,2025-09-12 09:42:28,24018.25,24019.5,24016.5,24017.25,94,3,1,1.25,0.75,-1,,,,
MNQ SEP25,1s,1,1349,2025-09-12 09:42:29,24017,24018.5,24017,24017.5,42,1.5,0.5,1,0,1,,,,
MNQ SEP25,1s,1,1350,2025-09-12 09:42:30,24017.5,24017.75,24017,24017.25,18,0.75,0.25,0.25,0.25,-1,,,,
MNQ SEP25,10s,10,5534,2025-09-12 09:42:30,24018.5,24020,24015.5,24017.25,428,4.5,1.25,1.5,1.75,-1,78.2,16.75,41.21666667,54.03
MNQ SEP25,1s,1,1351,2025-09-12 09:42:31,24017.5,24017.75,24016.5,24016.75,38,1.25,0.75,0.25,0.25,-1,,,,
MNQ SEP25,1s,1,1352,2025-09-12 09:42:32,24017,24018.5,24017,24018.25,49,1.5,1.25,0.25,0,1,,,,
MNQ SEP25,1s,1,1353,2025-09-12 09:42:33,24018.25,24019,24017.75,24018.5,21,1.25,0.25,0.5,0.5,1,,,,
MNQ SEP25,1s,1,1354,2025-09-12 09:42:34,24018.25,24018.75,24017.5,24017.5,12,1.25,0.75,0.5,0,-1,,,,
MNQ SEP25,1s,1,1355,2025-09-12 09:42:35,24017.75,24018.25,24017.25,24017.5,23,1,0.25,0.5,0.25,-1,,,,
MNQ SEP25,1s,1,1356,2025-09-12 09:42:36,24018,24018.25,24017.5,24017.5,36,0.75,0.5,0.25,0,-1,,,,
MNQ SEP25,1s,1,1357,2025-09-12 09:42:37,24018,24020.5,24017.5,24019.25,97,3,1.25,1.25,0.5,1,,,,
MNQ SEP25,1s,1,1358,2025-09-12 09:42:38,24018.75,24020.25,24018.75,24019.5,42,1.5,0.75,0.75,0,1,,,,
MNQ SEP25,1s,1,1359,2025-09-12 09:42:39,24019.25,24019.75,24018.75,24019,19,1,0.25,0.5,0.25,-1,,,,
MNQ SEP25,1s,1,1360,2025-09-12 09:42:40,24019.25,24019.25,24017.75,24018,24,1.5,1.25,0,0.25,-1,,,,
MNQ SEP25,10s,10,5535,2025-09-12 09:42:40,24017.5,24020.5,24016.5,24018,361,4,0.5,2.5,1,1,-38.65,-116.85,-22.86666667,8.73
MNQ SEP25,20s,20,5767,2025-09-12 09:42:40,24018.5,24020.5,24015.5,24018,789,5,0.5,2,2.5,-1,-553,42.15,24.65,10.18
MNQ SEP25,1s,1,1361,2025-09-12 09:42:41,24017.75,24017.75,24016.75,24016.75,20,1,1,0,0,-1,,,,
MNQ SEP25,1s,1,1362,2025-09-12 09:42:42,24017.25,24017.5,24016.25,24017.25,52,1.25,0,0.25,1,0,,,,
MNQ SEP25,1s,1,1363,2025-09-12 09:42:43,24016.5,24017.75,24016.5,24017,18,1.25,0.5,0.75,0,1,,,,
MNQ SEP25,1s,1,1364,2025-09-12 09:42:44,24017.5,24018,24017,24017.25,22,1,0.25,0.5,0.25,-1,,,,
MNQ SEP25,1s,1,1365,2025-09-12 09:42:45,24017.25,24019.5,24017.25,24019.5,18,2.25,2.25,0,0,1,,,,
MNQ SEP25,1s,1,1366,2025-09-12 09:42:46,24019.25,24019.5,24018,24018.25,21,1.5,1,0.25,0.25,-1,,,,
MNQ SEP25,1s,1,1367,2025-09-12 09:42:47,24019,24019.75,24018,24018.5,33,1.75,0.5,0.75,0.5,-1,,,,
MNQ SEP25,1s,1,1368,2025-09-12 09:42:48,24017.5,24018.75,24017.5,24018,23,1.25,0.5,0.75,0,1,,,,
MNQ SEP25,1s,1,1369,2025-09-12 09:42:49,24017.5,24018,24016.5,24017.25,43,1.5,0.25,0.5,0.75,-1,,,,
MNQ SEP25,1s,1,1370,2025-09-12 09:42:50,24017.5,24017.5,24016.75,24017,14,0.75,0.5,0,0.25,-1,,,,
MNQ SEP25,10s,10,5536,2025-09-12 09:42:50,24017.75,24019.75,24016.25,24017,264,3.5,0.75,2,0.75,-1,-101.7,-63.05,-54.38333333,-11.25
MNQ SEP25,1s,1,1371,2025-09-12 09:42:51,24017.25,24018.5,24017,24018.25,28,1.5,1,0.25,0.25,1,,,,
MNQ SEP25,1s,1,1372,2025-09-12 09:42:52,24017.75,24021,24017.75,24020.25,62,3.25,2.5,0.75,0,1,,,,
MNQ SEP25,1s,1,1373,2025-09-12 09:42:53,24020.25,24021.5,24019.5,24021,49,2,0.75,0.5,0.75,1,,,,
MNQ SEP25,1s,1,1374,2025-09-12 09:42:54,24021,24021.75,24020.5,24020.5,30,1.25,0.5,0.75,0,-1,,,,
MNQ SEP25,1s,1,1375,2025-09-12 09:42:55,24020.25,24020.5,24018.75,24019.5,40,1.75,0.75,0.25,0.75,-1,,,,
MNQ SEP25,1s,1,1376,2025-09-12 09:42:56,24019,24020,24019,24019.75,20,1,0.75,0.25,0,1,,,,
MNQ SEP25,1s,1,1377,2025-09-12 09:42:57,24019.75,24020.75,24019.5,24020.75,20,1.25,1,0,0.25,1,,,,
MNQ SEP25,1s,1,1378,2025-09-12 09:42:58,24020.75,24021.75,24020.5,24020.75,48,1.25,0,1,0.25,0,,,,
MNQ SEP25,1s,1,1379,2025-09-12 09:42:59,24021.5,24022,24020.5,24020.5,35,1.5,1,0.5,0,-1,,,,
MNQ SEP25,1s,1,1380,2025-09-12 09:43:00,24021,24022,24020.5,24022,53,1.5,1,0,0.5,1,,,,
MNQ SEP25,10s,10,5537,2025-09-12 09:43:00,24017.25,24022,24017,24022,385,5,4.75,0,0.25,1,-189.95,-88.25,-89.38333333,-43.98
MNQ SEP25,20s,20,5768,2025-09-12 09:43:00,24017.75,24022,24016.25,24022,649,5.75,4.25,0,1.5,1,-547.55,5.45,26.18333333,7.49
MNQ SEP25,1s,1,1381,2025-09-12 09:43:01,24022,24024.5,24021.75,24024.5,281,2.75,2.5,0,0.25,1,,,,
MNQ SEP25,1s,1,1382,2025-09-12 09:43:02,24024.5,24025,24024,24024.5,159,1,0,0.5,0.5,0,,,,
MNQ SEP25,1s,1,1383,2025-09-12 09:43:03,24024.5,24024.75,24023,24023.25,89,1.75,1.25,0.25,0.25,-1,,,,
MNQ SEP25,1s,1,1384,2025-09-12 09:43:04,24023.25,24024.5,24021.75,24023.5,101,2.75,0.25,1,1.5,1,,,,
MNQ SEP25,1s,1,1385,2025-09-12 09:43:05,24023.5,24025.75,24023.5,24025.25,168,2.25,1.75,0.5,0,1,,,,
MNQ SEP25,1s,1,1386,2025-09-12 09:43:06,24025.5,24025.75,24023.25,24023.5,100,2.5,2,0.25,0.25,-1,,,,
MNQ SEP25,1s,1,1387,2025-09-12 09:43:07,24023,24024.5,24022.5,24023.5,77,2,0.5,1,0.5,1,,,,
MNQ SEP25,1s,1,1388,2025-09-12 09:43:08,24023.5,24024,24023,24023.5,47,1,0,0.5,0.5,0,,,,
MNQ SEP25,1s,1,1389,2025-09-12 09:43:09,24023.25,24023.5,24022.25,24023.25,47,1.25,0,0.25,1,0,,,,
MNQ SEP25,1s,1,1390,2025-09-12 09:43:10,24023,24024,24023,24023.5,31,1,0.5,0.5,0,1,,,,
MNQ SEP25,10s,10,5538,2025-09-12 09:43:10,24022,24025.75,24021.75,24023.5,1100,4,1.5,2.25,0.25,1,-131.25,58.7,-30.86666667,-38.54
MNQ SEP25,1s,1,1391,2025-09-12 09:43:11,24023.25,24024,24022.75,24023,41,1.25,0.25,0.75,0.25,-1,,,,
MNQ SEP25,1s,1,1392,2025-09-12 09:43:12,24022.75,24023.25,24022.75,24023,26,0.5,0.25,0.25,0,1,,,,
MNQ SEP25,1s,1,1393,2025-09-12 09:43:13,24023,24024,24022.5,24022.75,42,1.5,0.25,1,0.25,-1,,,,
MNQ SEP25,1s,1,1394,2025-09-12 09:43:14,24022.5,24023.5,24021,24021,79,2.5,1.5,1,0,-1,,,,
MNQ SEP25,1s,1,1395,2025-09-12 09:43:15,24021,24021.5,24020.25,24021.5,80,1.25,0.5,0,0.75,1,,,,
MNQ SEP25,1s,1,1396,2025-09-12 09:43:16,24021,24022.75,24021,24022.25,55,1.75,1.25,0.5,0,1,,,,
MNQ SEP25,1s,1,1397,2025-09-12 09:43:17,24022.25,24022.5,24021.5,24022,28,1,0.25,0.25,0.5,-1,,,,
MNQ SEP25,1s,1,1398,2025-09-12 09:43:18,24021.5,24021.5,24020.5,24021.25,37,1,0.25,0,0.75,-1,,,,
MNQ SEP25,1s,1,1399,2025-09-12 09:43:19,24020.75,24021,24019.25,24020,114,1.75,0.75,0.25,0.75,-1,,,,
MNQ SEP25,1s,1,1400,2025-09-12 09:43:20,24019.75,24021,24019.75,24020.75,39,1.25,1,0.25,0,1,,,,
MNQ SEP25,10s,10,5539,2025-09-12 09:43:20,24023.25,24024,24019.25,24020.75,541,4.75,2.5,0.75,1.5,-1,-112.9,18.35,-3.73333333,-38.22
MNQ SEP25,20s,20,5769,2025-09-12 09:43:20,24022,24025.75,24019.25,24020.75,1641,6.5,1.25,3.75,1.5,-1,-230.7,316.85,121.48333333,79.25
MNQ SEP25,1s,1,1401,2025-09-12 09:43:21,24020.5,24021.5,24020.25,24021.5,26,1.25,1,0,0.25,1,,,,
MNQ SEP25,1s,1,1402,2025-09-12 09:43:22,24021,24022.75,24021,24021.5,53,1.75,0.5,1.25,0,1,,,,
MNQ SEP25,1s,1,1403,2025-09-12 09:43:23,24022,24022.25,24021.75,24021.75,30,0.5,0.25,0.25,0,-1,,,,
MNQ SEP25,1s,1,1404,2025-09-12 09:43:24,24021.75,24021.75,24021,24021,25,0.75,0.75,0,0,-1,,,,
MNQ SEP25,1s,1,1405,2025-09-12 09:43:25,24021,24021,24018.75,24019.75,88,2.25,1.25,0,1,-1,,,,
MNQ SEP25,1s,1,1406,2025-09-12 09:43:26,24019.75,24020.75,24019,24019,61,1.75,0.75,1,0,-1,,,,
MNQ SEP25,1s,1,1407,2025-09-12 09:43:27,24018.75,24019.5,24018.75,24019.5,60,0.75,0.75,0,0,1,,,,
MNQ SEP25,1s,1,1408,2025-09-12 09:43:28,24019,24019.75,24018.5,24019.75,45,1.25,0.75,0,0.5,1,,,,
MNQ SEP25,1s,1,1409,2025-09-12 09:43:29,24020,24023,24020,24023,47,3,3,0,0,1,,,,
MNQ SEP25,1s,1,1410,2025-09-12 09:43:30,24023,24023.25,24021.75,24022.25,31,1.5,0.75,0.25,0.5,-1,,,,
MNQ SEP25,10s,10,5540,2025-09-12 09:43:30,24020.5,24023.25,24018.5,24022.25,466,4.75,1.75,1,2,1,-69.7,43.2,40.08333333,-6.21
MNQ SEP25,1s,1,1411,2025-09-12 09:43:31,24022.25,24024,24021.75,24023.5,42,2.25,1.25,0.5,0.5,1,,,,
MNQ SEP25,1s,1,1412,2025-09-12 09:43:32,24023.5,24025,24023,24024.5,76,2,1,0.5,0.5,1,,,,
MNQ SEP25,1s,1,1413,2025-09-12 09:43:33,24023.75,24024.5,24023,24024.25,55,1.5,0.5,0.25,0.75,1,,,,
MNQ SEP25,1s,1,1414,2025-09-12 09:43:34,24024,24026,24023.5,24025.5,90,2.5,1.5,0.5,0.5,1,,,,
MNQ SEP25,1s,1,1415,2025-09-12 09:43:35,24025.25,24025.25,24024.25,24024.5,69,1,0.75,0,0.25,-1,,,,
MNQ SEP25,1s,1,1416,2025-09-12 09:43:36,24024.75,24024.75,24023.25,24023.25,43,1.5,1.5,0,0,-1,,,,
MNQ SEP25,1s,1,1417,2025-09-12 09:43:37,24023,24023.5,24022.25,24022.25,38,1.25,0.75,0.5,0,-1,,,,
MNQ SEP25,1s,1,1418,2025-09-12 09:43:38,24023.25,24024,24023,24023.5,24,1,0.25,0.5,0.25,1,,,,
MNQ SEP25,1s,1,1419,2025-09-12 09:43:39,24023.25,24024.25,24023.25,24023.25,28,1,0,1,0,0,,,,
MNQ SEP25,1s,1,1420,2025-09-12 09:43:40,24023.5,24024,24023.25,24024,13,0.75,0.5,0,0.25,1,,,,
MNQ SEP25,10s,10,5541,2025-09-12 09:43:40,24022.25,24026,24021.75,24024,478,4.25,1.75,2,0.5,1,-1.8,67.9,43.15,19.98
MNQ SEP25,20s,20,5770,2025-09-12 09:43:40,24020.5,24026,24018.5,24024,944,7.5,3.5,2,2,1,-341.1,-110.4,70.63333333,57
MNQ SEP25,1s,1,1421,2025-09-12 09:43:41,24023.5,24023.5,24021,24021.5,52,2.5,2,0,0.5,-1,,,,
MNQ SEP25,1s,1,1422,2025-09-12 09:43:42,24021.25,24021.25,24019.75,24020,44,1.5,1.25,0,0.25,-1,,,,
MNQ SEP25,1s,1,1423,2025-09-12 09:43:43,24020.25,24021.5,24020.25,24021.25,29,1.25,1,0.25,0,1,,,,
MNQ SEP25,1s,1,1424,2025-09-12 09:43:44,24021.25,24021.75,24018.75,24019,69,3,2.25,0.5,0.25,-1,,,,
MNQ SEP25,1s,1,1425,2025-09-12 09:43:45,24018.25,24018.75,24017.25,24018.75,101,1.5,0.5,0,1,1,,,,
MNQ SEP25,1s,1,1426,2025-09-12 09:43:46,24018.25,24019,24017.75,24018.75,70,1.25,0.5,0.25,0.5,1,,,,
MNQ SEP25,1s,1,1427,2025-09-12 09:43:47,24018.75,24018.75,24017.75,24018.25,42,1,0.5,0,0.5,-1,,,,
MNQ SEP25,1s,1,1428,2025-09-12 09:43:48,24018.5,24019.5,24017.75,24018.25,66,1.75,0.25,1,0.5,-1,,,,
MNQ SEP25,1s,1,1429,2025-09-12 09:43:49,24018.75,24019.25,24017.25,24017.75,70,2,1,0.5,0.5,-1,,,,
MNQ SEP25,1s,1,1430,2025-09-12 09:43:50,24017.5,24017.75,24016.75,24017,45,1,0.5,0.25,0.25,-1,,,,
MNQ SEP25,10s,10,5542,2025-09-12 09:43:50,24023.5,24023.5,24016.75,24017,588,6.75,6.5,0,0.25,-1,65,66.8,59.3,50.99
MNQ SEP25,1s,1,1431,2025-09-12 09:43:51,24017.25,24017.5,24016.25,24016.75,81,1.25,0.5,0.25,0.5,-1,,,,
MNQ SEP25,1s,1,1432,2025-09-12 09:43:52,24017.25,24019,24017,24019,45,2,1.75,0,0.25,1,,,,
MNQ SEP25,1s,1,1433,2025-09-12 09:43:53,24018,24019.25,24018,24018.5,48,1.25,0.5,0.75,0,1,,,,
MNQ SEP25,1s,1,1434,2025-09-12 09:43:54,24019,24019.25,24018.5,24019,31,0.75,0,0.25,0.5,0,,,,
MNQ SEP25,1s,1,1435,2025-09-12 09:43:55,24018.75,24019.75,24018.5,24019.5,28,1.25,0.75,0.25,0.25,1,,,,
MNQ SEP25,1s,1,1436,2025-09-12 09:43:56,24019.5,24020,24018.75,24019,25,1.25,0.5,0.5,0.25,-1,,,,
MNQ SEP25,1s,1,1437,2025-09-12 09:43:57,24019.25,24019.75,24019.25,24019.5,16,0.5,0.25,0.25,0,1,,,,
MNQ SEP25,1s,1,1438,2025-09-12 09:43:58,24020,24020.75,24019,24019,27,1.75,1,0.75,0,-1,,,,
MNQ SEP25,1s,1,1439,2025-09-12 09:43:59,24019.75,24020.5,24018.75,24018.75,41,1.75,1,0.75,0,-1,,,,
MNQ SEP25,1s,1,1440,2025-09-12 09:44:00,24018.75,24019.75,24018.5,24019.75,20,1.25,1,0,0.25,1,,,,
MNQ SEP25,10s,10,5543,2025-09-12 09:44:00,24017.25,24020.75,24016.25,24019.75,362,4.5,2.5,1,1,1,-79.65,-144.65,-3.31666667,10.32
MNQ SEP25,20s,20,5771,2025-09-12 09:44:00,24023.5,24023.5,24016.25,24019.75,950,7.25,3.75,0,3.5,-1,-418.2,-77.1,43.11666667,35.39
MNQ SEP25,1s,1,1441,2025-09-12 09:44:01,24019.75,24020.75,24019.5,24020.75,39,1.25,1,0,0.25,1,,,,
MNQ SEP25,1s,1,1442,2025-09-12 09:44:02,24020.5,24021.75,24020.25,24020.75,57,1.5,0.25,1,0.25,1,,,,
MNQ SEP25,1s,1,1443,2025-09-12 09:44:03,24020.75,24022,24019.75,24022,51,2.25,1.25,0,1,1,,,,
MNQ SEP25,1s,1,1444,2025-09-12 09:44:04,24022.25,24023,24021.5,24022,42,1.5,0.25,0.75,0.5,-1,,,,
MNQ SEP25,1s,1,1445,2025-09-12 09:44:05,24022.25,24023.5,24022,24022,46,1.5,0.25,1.25,0,-1,,,,
MNQ SEP25,1s,1,1446,2025-09-12 09:44:06,24022.5,24023.25,24021.5,24021.5,40,1.75,1,0.75,0,-1,,,,
MNQ SEP25,1s,1,1447,2025-09-12 09:44:07,24022,24022.25,24021.25,24021.25,67,1,0.75,0.25,0,-1,,,,
MNQ SEP25,1s,1,1448,2025-09-12 09:44:08,24021.5,24023.25,24021.25,24022.75,24,2,1.25,0.5,0.25,1,,,,
MNQ SEP25,1s,1,1449,2025-09-12 09:44:09,24022.25,24023,24022,24022.25,36,1,0,0.75,0.25,0,,,,
MNQ SEP25,1s,1,1450,2025-09-12 09:44:10,24022.75,24024.25,24022,24023.5,57,2.25,0.75,0.75,0.75,1,,,,
MNQ SEP25,10s,10,5544,2025-09-12 09:44:10,24019.75,24024.25,24019.5,24023.5,459,4.75,3.75,0.75,0.25,1,-91.1,-11.45,-29.76666667,4.36
MNQ SEP25,1s,1,1451,2025-09-12 09:44:11,24023.75,24024.75,24023.25,24024.25,34,1.5,0.5,0.5,0.5,1,,,,
MNQ SEP25,1s,1,1452,2025-09-12 09:44:12,24023,24024,24023,24023.5,45,1,0.5,0.5,0,1,,,,
MNQ SEP25,1s,1,1453,2025-09-12 09:44:13,24023.5,24024.75,24023,24024,42,1.75,0.5,0.75,0.5,1,,,,
MNQ SEP25,1s,1,1454,2025-09-12 09:44:14,24024.25,24025.75,24023.5,24025.75,104,2.25,1.5,0,0.75,1,,,,
MNQ SEP25,1s,1,1455,2025-09-12 09:44:15,24025.5,24027.25,24024.75,24024.75,241,2.5,0.75,1.75,0,-1,,,,
MNQ SEP25,1s,1,1456,2025-09-12 09:44:16,24025,24025.75,24024.25,24025.25,70,1.5,0.25,0.5,0.75,1,,,,
MNQ SEP25,1s,1,1457,2025-09-12 09:44:17,24025.25,24027.25,24024.75,24026.25,62,2.5,1,1,0.5,1,,,,
MNQ SEP25,1s,1,1458,2025-09-12 09:44:18,24026.5,24026.5,24025.25,24025.5,59,1.25,1,0,0.25,-1,,,,
MNQ SEP25,1s,1,1459,2025-09-12 09:44:19,24025,24026.5,24025,24026.5,27,1.5,1.5,0,0,1,,,,
MNQ SEP25,1s,1,1460,2025-09-12 09:44:20,24026.25,24029,24026.25,24028.75,234,2.75,2.5,0.25,0,1,,,,
MNQ SEP25,10s,10,5545,2025-09-12 09:44:20,24023.75,24029,24023,24028.75,918,6,5,0.25,0.75,1,-23,68.1,-29.33333333,9.34
MNQ SEP25,20s,20,5772,2025-09-12 09:44:20,24019.75,24029,24019.5,24028.75,1377,9.5,9,0.25,0.25,1,-311,107.2,-26.76666667,48.4
MNQ SEP25,1s,1,1461,2025-09-12 09:44:21,24028.25,24030.25,24028,24029.5,278,2.25,1.25,0.75,0.25,1,,,,
MNQ SEP25,1s,1,1462,2025-09-12 09:44:22,24029.25,24030,24028.25,24028.75,124,1.75,0.5,0.75,0.5,-1,,,,
MNQ SEP25,1s,1,1463,2025-09-12 09:44:23,24028.5,24030,24028,24029.5,130,2,1,0.5,0.5,1,,,,
MNQ SEP25,1s,1,1464,2025-09-12 09:44:24,24029.5,24030.5,24028.75,24028.75,97,1.75,0.75,1,0,-1,,,,
MNQ SEP25,1s,1,1465,2025-09-12 09:44:25,24028.75,24030.25,24028.75,24029.75,91,1.5,1,0.5,0,1,,,,
MNQ SEP25,1s,1,1466,2025-09-12 09:44:26,24030,24030.75,24029.75,24030.5,107,1,0.5,0.25,0.25,1,,,,
MNQ SEP25,1s,1,1467,2025-09-12 09:44:27,24030.5,24031.5,24030.25,24030.75,111,1.25,0.25,0.75,0.25,1,,,,
MNQ SEP25,1s,1,1468,2025-09-12 09:44:28,24030.5,24031.5,24030.25,24031,41,1.25,0.5,0.5,0.25,1,,,,
MNQ SEP25,1s,1,1469,2025-09-12 09:44:29,24031.25,24032.5,24031,24031.75,124,1.5,0.5,0.75,0.25,1,,,,
MNQ SEP25,1s,1,1470,2025-09-12 09:44:30,24032.25,24032.5,24031,24032.25,72,1.5,0,0.25,1.25,0,,,,
MNQ SEP25,10s,10,5546,2025-09-12 09:44:30,24028.25,24032.5,24028,24032.25,1175,4.5,4,0.25,0.25,1,87.75,110.75,55.8,17.91
MNQ SEP25,1s,1,1471,2025-09-12 09:44:31,24032.25,24034,24032.25,24032.5,220,1.75,0.25,1.5,0,1,,,,
MNQ SEP25,1s,1,1472,2025-09-12 09:44:32,24032.25,24032.75,24031.25,24031.5,122,1.5,0.75,0.5,0.25,-1,,,,
MNQ SEP25,1s,1,1473,2025-09-12 09:44:33,24031.5,24032.25,24030.25,24030.75,137,2,0.75,0.75,0.5,-1,,,,
MNQ SEP25,1s,1,1474,2025-09-12 09:44:34,24030.75,24031.25,24029.5,24029.5,106,1.75,1.25,0.5,0,-1,,,,
MNQ SEP25,1s,1,1475,2025-09-12 09:44:35,24029.75,24031,24029.5,24030.5,46,1.5,0.75,0.5,0.25,1,,,,
MNQ SEP25,1s,1,1476,2025-09-12 09:44:36,24029.75,24031.25,24028.5,24030.75,126,2.75,1,0.5,1.25,1,,,,
MNQ SEP25,1s,1,1477,2025-09-12 09:44:37,24031,24031,24029,24030,37,2,1,0,1,-1,,,,
MNQ SEP25,1s,1,1478,2025-09-12 09:44:38,24029.75,24030,24029.25,24029.25,32,0.75,0.5,0.25,0,-1,,,,
MNQ SEP25,1s,1,1479,2025-09-12 09:44:39,24029,24029.75,24029,24029.75,25,0.75,0.75,0,0,1,,,,
MNQ SEP25,1s,1,1480,2025-09-12 09:44:40,24029.5,24030,24029.25,24029.75,45,0.75,0.25,0.25,0.25,1,,,,
MNQ SEP25,10s,10,5547,2025-09-12 09:44:40,24032.25,24034,24028.5,24029.75,896,5.5,2.5,1.75,1.25,-1,130.15,42.4,73.75,13.03
MNQ SEP25,20s,20,5773,2025-09-12 09:44:40,24028.25,24034,24028,24029.75,2071,6,1.5,4.25,0.25,1,-38.15,272.85,100.98333333,101.88
MNQ SEP25,1s,1,1481,2025-09-12 09:44:41,24029.5,24030.25,24029,24029.75,25,1.25,0.25,0.5,0.5,1,,,,
MNQ SEP25,1s,1,1482,2025-09-12 09:44:42,24030.25,24031,24029.75,24030,40,1.25,0.25,0.75,0.25,-1,,,,
MNQ SEP25,1s,1,1483,2025-09-12 09:44:43,24029.5,24030.5,24029,24029.25,56,1.5,0.25,1,0.25,-1,,,,
MNQ SEP25,1s,1,1484,2025-09-12 09:44:44,24029,24029,24025.5,24025.75,126,3.5,3.25,0,0.25,-1,,,,
MNQ SEP25,1s,1,1485,2025-09-12 09:44:45,24026.25,24027.25,24025.5,24027.25,80,1.75,1,0,0.75,1,,,,
MNQ SEP25,1s,1,1486,2025-09-12 09:44:46,24026.5,24029,24026.5,24029,71,2.5,2.5,0,0,1,,,,
MNQ SEP25,1s,1,1487,2025-09-12 09:44:47,24028.75,24029.5,24028.25,24028.5,44,1.25,0.25,0.75,0.25,-1,,,,
MNQ SEP25,1s,1,1488,2025-09-12 09:44:48,24028.5,24030,24028.5,24030,47,1.5,1.5,0,0,1,,,,
MNQ SEP25,1s,1,1489,2025-09-12 09:44:49,24030.25,24030.75,24029.5,24030.25,24,1.25,0,0.5,0.75,0,,,,
MNQ SEP25,1s,1,1490,2025-09-12 09:44:50,24029.75,24031.5,24029.5,24031.5,61,2,1.75,0,0.25,1,,,,
MNQ SEP25,10s,10,5548,2025-09-12 09:44:50,24029.5,24031.5,24025.5,24031.5,574,6,2,0,4,1,169.35,39.2,64.11666667,49.8
MNQ SEP25,1s,1,1491,2025-09-12 09:44:51,24031.75,24032.25,24029.75,24030,87,2.5,1.75,0.5,0.25,-1,,,,
MNQ SEP25,1s,1,1492,2025-09-12 09:44:52,24030,24030.25,24029.25,24029.25,46,1,0.75,0.25,0,-1,,,,
MNQ SEP25,1s,1,1493,2025-09-12 09:44:53,24029.75,24029.75,24028.75,24028.75,35,1,1,0,0,-1,,,,
MNQ SEP25,1s,1,1494,2025-09-12 09:44:54,24029.5,24030,24029.25,24029.25,35,0.75,0.25,0.5,0,-1,,,,
MNQ SEP25,1s,1,1495,2025-09-12 09:44:55,24029.5,24030,24028.25,24029.25,42,1.75,0.25,0.5,1,-1,,,,
MNQ SEP25,1s,1,1496,2025-09-12 09:44:56,24029.5,24029.5,24028.75,24029.5,29,0.75,0,0,0.75,0,,,,
MNQ SEP25,1s,1,1497,2025-09-12 09:44:57,24029.25,24029.75,24028.75,24029,27,1,0.25,0.5,0.25,-1,,,,
MNQ SEP25,1s,1,1498,2025-09-12 09:44:58,24029.25,24030,24028.5,24030,26,1.5,0.75,0,0.75,1,,,,
MNQ SEP25,1s,1,1499,2025-09-12 09:44:59,24029.75,24030.5,24029.25,24029.5,30,1.25,0.25,0.75,0.25,-1,,,,
MNQ SEP25,1s,1,1500,2025-09-12 09:45:00,24029.25,24030.5,24029.25,24030.5,39,1.25,1.25,0,0,1,,,,
MNQ SEP25,10s,10,5549,2025-09-12 09:45:00,24031.75,24032.25,24028.25,24030.5,396,4,1.25,0.5,2.25,-1,158.05,-11.3,23.43333333,49.83
MNQ SEP25,20s,20,5774,2025-09-12 09:45:00,24029.5,24032.25,24025.5,24030.5,970,6.75,1,1.75,4,1,-66.9,-28.75,117.1,32.76
MNQ SEP25,1s,1,1501,2025-09-12 09:45:01,24030,24030,24027.75,24028,142,2.25,2,0,0.25,-1,,,,
MNQ SEP25,1s,1,1502,2025-09-12 09:45:02,24028,24029.75,24027.25,24028.75,174,2.5,0.75,1,0.75,1,,,,
MNQ SEP25,1s,1,1503,2025-09-12 09:45:03,24029.25,24029.25,24027.5,24029.25,55,1.75,0,0,1.75,0,,,,
MNQ SEP25,1s,1,1504,2025-09-12 09:45:04,24030,24030.75,24029.25,24030,103,1.5,0,0.75,0.75,0,,,,
MNQ SEP25,1s,1,1505,2025-09-12 09:45:05,24029.75,24032.25,24029.25,24031.25,109,3,1.5,1,0.5,1,,,,
MNQ SEP25,1s,1,1506,2025-09-12 09:45:06,24031.75,24032.75,24031.5,24032.25,89,1.25,0.5,0.5,0.25,1,,,,
MNQ SEP25,1s,1,1507,2025-09-12 09:45:07,24032.25,24033,24030.25,24031.75,142,2.75,0.5,0.75,1.5,-1,,,,
MNQ SEP25,1s,1,1508,2025-09-12 09:45:08,24031.75,24032.5,24031.25,24032.25,94,1.25,0.5,0.25,0.5,1,,,,
MNQ SEP25,1s,1,1509,2025-09-12 09:45:09,24032,24034,24032,24033.25,112,2,1.25,0.75,0,1,,,,
MNQ SEP25,1s,1,1510,2025-09-12 09:45:10,24033.25,24033.75,24031.25,24031.5,161,2.5,1.75,0.5,0.25,-1,,,,
MNQ SEP25,10s,10,5550,2025-09-12 09:45:10,24030,24034,24027.25,24031.5,1181,6.75,1.5,2.5,2.75,1,205.7,47.65,25.18333333,45.74
MNQ SEP25,1s,1,1511,2025-09-12 09:45:11,24031.5,24033,24030.5,24030.5,111,2.5,1,1.5,0,-1,,,,
MNQ SEP25,1s,1,1512,2025-09-12 09:45:12,24030.5,24031.5,24029.5,24031.25,129,2,0.75,0.25,1,1,,,,
MNQ SEP25,1s,1,1513,2025-09-12 09:45:13,24031,24033,24030.25,24031.75,45,2.75,0.75,1.25,0.75,1,,,,
MNQ SEP25,1s,1,1514,2025-09-12 09:45:14,24032,24033.25,24031.75,24032.25,61,1.5,0.25,1,0.25,1,,,,
MNQ SEP25,1s,1,1515,2025-09-12 09:45:15,24033,24033.25,24031.75,24032.75,81,1.5,0.25,0.25,1,-1,,,,
MNQ SEP25,1s,1,1516,2025-09-12 09:45:16,24032,24033.75,24032,24032.75,90,1.75,0.75,1,0,1,,,,
MNQ SEP25,1s,1,1517,2025-09-12 09:45:17,24032.75,24033,24032.25,24032.25,34,0.75,0.5,0.25,0,-1,,,,
MNQ SEP25,1s,1,1518,2025-09-12 09:45:18,24032,24032.25,24030.5,24030.5,78,1.75,1.5,0.25,0,-1,,,,
MNQ SEP25,1s,1,1519,2025-09-12 09:45:19,24030.75,24031.5,24030,24030,48,1.5,0.75,0.75,0,-1,,,,
MNQ SEP25,1s,1,1520,2025-09-12 09:45:20,24030,24031.25,24028.5,24031.25,72,2.75,1.25,0,1.5,1,,,,
MNQ SEP25,10s,10,5551,2025-09-12 09:45:20,24031.5,24033.75,24028.5,24031.25,749,5.25,0.25,2.25,2.75,-1,116.3,-89.4,-17.68333333,5.71
MNQ SEP25,20s,20,5775,2025-09-12 09:45:20,24030,24034,24027.25,24031.25,1930,6.75,1.25,2.75,2.75,1,133.05,199.95,148.01666667,94.83
MNQ SEP25,1s,1,1521,2025-09-12 09:45:21,24031.25,24032,24030.5,24031,60,1.5,0.25,0.75,0.5,-1,,,,
MNQ SEP25,1s,1,1522,2025-09-12 09:45:22,24031.5,24035,24031.25,24034.25,261,3.75,2.75,0.75,0.25,1,,,,
MNQ SEP25,1s,1,1523,2025-09-12 09:45:23,24034,24034.25,24032,24032.25,87,2.25,1.75,0.25,0.25,-1,,,,
MNQ SEP25,1s,1,1524,2025-09-12 09:45:24,24032.25,24032.5,24030.5,24031,66,2,1.25,0.25,0.5,-1,,,,
MNQ SEP25,1s,1,1525,2025-09-12 09:45:25,24030.75,24031.5,24030.75,24031.25,31,0.75,0.5,0.25,0,1,,,,
MNQ SEP25,1s,1,1526,2025-09-12 09:45:26,24031.5,24031.5,24029.25,24030.5,61,2.25,1,0,1.25,-1,,,,
MNQ SEP25,1s,1,1527,2025-09-12 09:45:27,24031,24031.5,24030,24031.5,57,1.5,0.5,0,1,1,,,,
MNQ SEP25,1s,1,1528,2025-09-12 09:45:28,24031.5,24032.25,24028,24028,104,4.25,3.5,0.75,0,-1,,,,
MNQ SEP25,1s,1,1529,2025-09-12 09:45:29,24028,24028.5,24027,24028,144,1.5,0,0.5,1,0,,,,
MNQ SEP25,1s,1,1530,2025-09-12 09:45:30,24028.25,24029.75,24027.5,24029.75,101,2.25,1.5,0,0.75,1,,,,
MNQ SEP25,10s,10,5552,2025-09-12 09:45:30,24031.25,24035,24027,24029.75,972,8,1.5,3.75,2.75,-1,124.5,8.2,-11.18333333,-1.13
MNQ SEP25,1s,1,1531,2025-09-12 09:45:31,24029.75,24030.25,24029,24030,52,1.25,0.25,0.25,0.75,1,,,,
MNQ SEP25,1s,1,1532,2025-09-12 09:45:32,24030,24031,24028.75,24028.75,109,2.25,1.25,1,0,-1,,,,
MNQ SEP25,1s,1,1533,2025-09-12 09:45:33,24029,24029.25,24027.75,24028.25,36,1.5,0.75,0.25,0.5,-1,,,,
MNQ SEP25,1s,1,1534,2025-09-12 09:45:34,24028,24030.5,24027.75,24030.25,67,2.75,2.25,0.25,0.25,1,,,,
MNQ SEP25,1s,1,1535,2025-09-12 09:45:35,24029.25,24031.25,24028,24030.75,87,3.25,1.5,0.5,1.25,1,,,,
MNQ SEP25,1s,1,1536,2025-09-12 09:45:36,24030.5,24031,24030.25,24030.5,27,0.75,0,0.5,0.25,0,,,,
MNQ SEP25,1s,1,1537,2025-09-12 09:45:37,24030.25,24032.25,24029.75,24032,43,2.5,1.75,0.25,0.5,1,,,,
MNQ SEP25,1s,1,1538,2025-09-12 09:45:38,24031.25,24031.25,24029.5,24030.25,43,1.75,1,0,0.75,-1,,,,
MNQ SEP25,1s,1,1539,2025-09-12 09:45:39,24029.5,24031.25,24029.5,24031,31,1.75,1.5,0.25,0,1,,,,
MNQ SEP25,1s,1,1540,2025-09-12 09:45:40,24030.75,24031,24029.5,24029.75,60,1.5,1,0.25,0.25,-1,,,,
MNQ SEP25,10s,10,5553,2025-09-12 09:45:40,24029.75,24032.25,24027.75,24029.75,555,4.5,0,2.5,2,0,128.2,3.7,-25.83333333,-8.23
MNQ SEP25,20s,20,5776,2025-09-12 09:45:40,24031.25,24035,24027,24029.75,1527,8,1.5,3.75,2.75,-1,252.85,119.8,97,134.21
MNQ SEP25,1s,1,1541,2025-09-12 09:45:41,24029.75,24030,24029,24029,27,1,0.75,0.25,0,-1,,,,
MNQ SEP25,1s,1,1542,2025-09-12 09:45:42,24029.75,24030.25,24029,24029.5,50,1.25,0.25,0.5,0.5,-1,,,,
MNQ SEP25,1s,1,1543,2025-09-12 09:45:43,24029.5,24029.75,24028,24028,47,1.75,1.5,0.25,0,-1,,,,
MNQ SEP25,1s,1,1544,2025-09-12 09:45:44,24028.5,24030.75,24028.5,24030.25,60,2.25,1.75,0.5,0,1,,,,
MNQ SEP25,1s,1,1545,2025-09-12 09:45:45,24031,24031,24029.5,24030.25,23,1.5,0.75,0,0.75,-1,,,,
MNQ SEP25,1s,1,1546,2025-09-12 09:45:46,24029.75,24031.25,24029.5,24031.25,32,1.75,1.5,0,0.25,1,,,,
MNQ SEP25,1s,1,1547,2025-09-12 09:45:47,24031,24032.5,24030.5,24031.5,27,2,0.5,1,0.5,1,,,,
MNQ SEP25,1s,1,1548,2025-09-12 09:45:48,24031.25,24031.5,24030.75,24031.5,17,0.75,0.25,0,0.5,1,,,,
MNQ SEP25,1s,1,1549,2025-09-12 09:45:49,24031.25,24033.5,24031.25,24032.75,59,2.25,1.5,0.75,0,1,,,,
MNQ SEP25,1s,1,1550,2025-09-12 09:45:50,24033,24033.75,24032.25,24032.5,55,1.5,0.5,0.75,0.25,-1,,,,
MNQ SEP25,10s,10,5554,2025-09-12 09:45:50,24029.75,24033.75,24028,24032.5,397,5.75,2.75,1.25,1.75,1,129.95,1.75,4.55,-5.62
MNQ SEP25,1s,1,1551,2025-09-12 09:45:51,24032.5,24032.75,24031.5,24032.25,51,1.25,0.25,0.25,0.75,-1,,,,
MNQ SEP25,1s,1,1552,2025-09-12 09:45:52,24032.5,24033.75,24032.25,24032.75,38,1.5,0.25,1,0.25,1,,,,
MNQ SEP25,1s,1,1553,2025-09-12 09:45:53,24032.25,24032.5,24031.25,24032,31,1.25,0.25,0.25,0.75,-1,,,,
MNQ SEP25,1s,1,1554,2025-09-12 09:45:54,24032,24032.25,24030.75,24031.25,39,1.5,0.75,0.25,0.5,-1,,,,
MNQ SEP25,1s,1,1555,2025-09-12 09:45:55,24031,24032,24031,24032,17,1,1,0,0,1,,,,
MNQ SEP25,1s,1,1556,2025-09-12 09:45:56,24031.75,24032.5,24031.25,24031.25,15,1.25,0.5,0.75,0,-1,,,,
MNQ SEP25,1s,1,1557,2025-09-12 09:45:57,24031.25,24031.5,24030,24031.5,29,1.5,0.25,0,1.25,1,,,,
MNQ SEP25,1s,1,1558,2025-09-12 09:45:58,24031,24032.5,24031,24032.5,22,1.5,1.5,0,0,1,,,,
MNQ SEP25,1s,1,1559,2025-09-12 09:45:59,24032.75,24033.25,24031.5,24032,35,1.75,0.75,0.5,0.5,-1,,,,
MNQ SEP25,1s,1,1560,2025-09-12 09:46:00,24032,24033,24031.75,24032.75,59,1.25,0.75,0.25,0.25,1,,,,
MNQ SEP25,10s,10,5555,2025-09-12 09:46:00,24032.5,24033.75,24030,24032.75,336,3.75,0.25,1,2.5,1,-37.8,-167.75,-54.1,-48.7
MNQ SEP25,20s,20,5777,2025-09-12 09:46:00,24029.75,24033.75,24028,24032.75,733,5.75,3,1,1.75,1,169.75,-83.1,78.88333333,96.15
MNQ SEP25,1s,1,1561,2025-09-12 09:46:01,24032.25,24033.5,24032.25,24033.25,90,1.25,1,0.25,0,1,,,,
MNQ SEP25,1s,1,1562,2025-09-12 09:46:02,24033.25,24036.75,24033.25,24036,518,3.5,2.75,0.75,0,1,,,,
MNQ SEP25,1s,1,1563,2025-09-12 09:46:03,24036,24036,24033.75,24034.75,134,2.25,1.25,0,1,-1,,,,
MNQ SEP25,1s,1,1564,2025-09-12 09:46:04,24034.75,24034.75,24033.5,24034,173,1.25,0.75,0,0.5,-1,,,,
MNQ SEP25,1s,1,1565,2025-09-12 09:46:05,24034.25,24034.25,24032.5,24033,69,1.75,1.25,0,0.5,-1,,,,
MNQ SEP25,1s,1,1566,2025-09-12 09:46:06,24032.75,24034.5,24032.75,24034.25,39,1.75,1.5,0.25,0,1,,,,
MNQ SEP25,1s,1,1567,2025-09-12 09:46:07,24034.5,24034.75,24034,24034.25,41,0.75,0.25,0.25,0.25,-1,,,,
MNQ SEP25,1s,1,1568,2025-09-12 09:46:08,24034,24034.5,24032.75,24034.5,55,1.75,0.5,0,1.25,1,,,,
MNQ SEP25,1s,1,1569,2025-09-12 09:46:09,24034.5,24034.5,24033.75,24033.75,28,0.75,0.75,0,0,-1,,,,
MNQ SEP25,1s,1,1570,2025-09-12 09:46:10,24033.75,24034,24032.75,24032.75,28,1.25,1,0.25,0,-1,,,,
MNQ SEP25,10s,10,5556,2025-09-12 09:46:10,24032.25,24036.75,24032.25,24032.75,1175,4.5,0.5,4,0,1,1.85,39.65,-42.11666667,-22.89
MNQ SEP25,1s,1,1571,2025-09-12 09:46:11,24032.75,24034.5,24032.75,24034.5,35,1.75,1.75,0,0,1,,,,
MNQ SEP25,1s,1,1572,2025-09-12 09:46:12,24034,24035.75,24033.75,24035.75,60,2,1.75,0,0.25,1,,,,
MNQ SEP25,1s,1,1573,2025-09-12 09:46:13,24035.75,24035.75,24034.75,24035.75,86,1,0,0,1,0,,,,
MNQ SEP25,1s,1,1574,2025-09-12 09:46:14,24035.5,24037.75,24035.25,24037,194,2.5,1.5,0.75,0.25,1,,,,
MNQ SEP25,1s,1,1575,2025-09-12 09:46:15,24037.5,24039,24037,24037.5,249,2,0,1.5,0.5,0,,,,
MNQ SEP25,1s,1,1576,2025-09-12 09:46:16,24037,24037.75,24036,24036.5,114,1.75,0.5,0.75,0.5,-1,,,,
MNQ SEP25,1s,1,1577,2025-09-12 09:46:17,24036.75,24037.25,24036.25,24037,92,1,0.25,0.25,0.5,1,,,,
MNQ SEP25,1s,1,1578,2025-09-12 09:46:18,24037,24037.5,24033.75,24034.5,119,3.75,2.5,0.5,0.75,-1,,,,
MNQ SEP25,1s,1,1579,2025-09-12 09:46:19,24034.75,24035.25,24032.75,24033,105,2.5,1.75,0.5,0.25,-1,,,,
MNQ SEP25,1s,1,1580,2025-09-12 09:46:20,24033.25,24033.25,24030.5,24031.25,171,2.75,2,0,0.75,-1,,,,
MNQ SEP25,10s,10,5557,2025-09-12 09:46:20,24032.75,24039,24030.5,24031.25,1225,8.5,1.5,6.25,0.75,-1,10.45,8.6,-39.83333333,-22.81
MNQ SEP25,20s,20,5778,2025-09-12 09:46:20,24032.25,24039,24030.5,24031.25,2400,8.5,1,6.75,0.75,-1,166.3,-3.45,11.08333333,40.89
MNQ SEP25,1s,1,1581,2025-09-12 09:46:21,24030.75,24032.5,24030.25,24032.5,98,2.25,1.75,0,0.5,1,,,,
MNQ SEP25,1s,1,1582,2025-09-12 09:46:22,24032.75,24032.75,24030.75,24032.5,74,2,0.25,0,1.75,-1,,,,
MNQ SEP25,1s,1,1583,2025-09-12 09:46:23,24032.75,24033,24031.75,24032.5,49,1.25,0.25,0.25,0.75,-1,,,,
MNQ SEP25,1s,1,1584,2025-09-12 09:46:24,24032.25,24033,24031.75,24031.75,55,1.25,0.5,0.75,0,-1,,,,
MNQ SEP25,1s,1,1585,2025-09-12 09:46:25,24032.5,24032.75,24031.75,24032,24,1,0.5,0.25,0.25,-1,,,,
MNQ SEP25,1s,1,1586,2025-09-12 09:46:26,24032,24033.5,24031.5,24033.5,49,2,1.5,0,0.5,1,,,,
MNQ SEP25,1s,1,1587,2025-09-12 09:46:27,24033.75,24033.75,24032.25,24032.5,50,1.5,1.25,0,0.25,-1,,,,
MNQ SEP25,1s,1,1588,2025-09-12 09:46:28,24032,24032.75,24031.25,24031.5,34,1.5,0.5,0.75,0.25,-1,,,,
MNQ SEP25,1s,1,1589,2025-09-12 09:46:29,24031.5,24033,24031.25,24032.5,38,1.75,1,0.5,0.25,1,,,,
MNQ SEP25,1s,1,1590,2025-09-12 09:46:30,24032,24034.75,24032,24034.5,66,2.75,2.5,0.25,0,1,,,,
MNQ SEP25,10s,10,5558,2025-09-12 09:46:30,24030.75,24034.75,24030.25,24034.5,537,4.5,3.75,0.25,0.5,1,35,24.55,24.26666667,-18.64
MNQ SEP25,1s,1,1591,2025-09-12 09:46:31,24034.75,24035.25,24034,24035,54,1.25,0.25,0.25,0.75,1,,,,
MNQ SEP25,1s,1,1592,2025-09-12 09:46:32,24034.25,24034.5,24032.5,24032.75,24,2,1.5,0.25,0.25,-1,,,,
MNQ SEP25,1s,1,1593,2025-09-12 09:46:33,24033,24033.25,24032.25,24033,20,1,0,0.25,0.75,0,,,,
MNQ SEP25,1s,1,1594,2025-09-12 09:46:34,24032.75,24035.25,24032.5,24035,42,2.75,2.25,0.25,0.25,1,,,,
MNQ SEP25,1s,1,1595,2025-09-12 09:46:35,24035,24036,24034.75,24035.75,31,1.25,0.75,0.25,0.25,1,,,,
MNQ SEP25,1s,1,1596,2025-09-12 09:46:36,24035.25,24035.25,24033.75,24033.75,34,1.5,1.5,0,0,-1,,,,
MNQ SEP25,1s,1,1597,2025-09-12 09:46:37,24034.25,24035.75,24034,24035,32,1.75,0.75,0.75,0.25,1,,,,
MNQ SEP25,1s,1,1598,2025-09-12 09:46:38,24035.25,24035.75,24034.5,24034.75,24,1.25,0.5,0.5,0.25,-1,,,,
MNQ SEP25,1s,1,1599,2025-09-12 09:46:39,24034.75,24034.75,24033.25,24034.75,55,1.5,0,0,1.5,0,,,,
MNQ SEP25,1s,1,1600,2025-09-12 09:46:40,24034.75,24034.75,24033.75,24033.75,10,1,1,0,0,-1,,,,
MNQ SEP25,10s,10,5559,2025-09-12 09:46:40,24034.75,24036,24032.25,24033.75,326,3.75,1,1.25,1.5,-1,31.55,-3.45,9.9,-19.68
MNQ SEP25,20s,20,5779,2025-09-12 09:46:40,24030.75,24036,24030.25,24033.75,863,5.75,3,2.25,0.5,1,159.25,-7.05,-31.2,45.23
MNQ SEP25,1s,1,1601,2025-09-12 09:46:41,24033.25,24034.25,24033,24033.5,24,1.25,0.25,0.75,0.25,1,,,,
MNQ SEP25,1s,1,1602,2025-09-12 09:46:42,24033.5,24033.5,24031,24032,82,2.5,1.5,0,1,-1,,,,
MNQ SEP25,1s,1,1603,2025-09-12 09:46:43,24031.75,24033.5,24031.5,24033.25,37,2,1.5,0.25,0.25,1,,,,
MNQ SEP25,1s,1,1604,2025-09-12 09:46:44,24033.75,24034.75,24033.5,24034.75,48,1.25,1,0,0.25,1,,,,
MNQ SEP25,1s,1,1605,2025-09-12 09:46:45,24034.75,24035.25,24034.25,24034.5,35,1,0.25,0.5,0.25,-1,,,,
MNQ SEP25,1s,1,1606,2025-09-12 09:46:46,24034,24035,24033.75,24034.75,35,1.25,0.75,0.25,0.25,1,,,,
MNQ SEP25,1s,1,1607,2025-09-12 09:46:47,24034.5,24034.5,24033.75,24033.75,32,0.75,0.75,0,0,-1,,,,
MNQ SEP25,1s,1,1608,2025-09-12 09:46:48,24033.5,24034.75,24033.5,24034.5,26,1.25,1,0.25,0,1,,,,
MNQ SEP25,1s,1,1609,2025-09-12 09:46:49,24035,24036.5,24035,24036.5,85,1.5,1.5,0,0,1,,,,
MNQ SEP25,1s,1,1610,2025-09-12 09:46:50,24036.25,24036.25,24035.75,24036.25,13,0.5,0,0,0.5,0,,,,
MNQ SEP25,10s,10,5560,2025-09-12 09:46:50,24033.25,24036.5,24031,24036.25,417,5.5,3,0.25,2.25,1,50.2,18.65,13.25,17.6
MNQ SEP25,1s,1,1611,2025-09-12 09:46:51,24036.25,24037.5,24036.25,24037,75,1.25,0.75,0.5,0,1,,,,
MNQ SEP25,1s,1,1612,2025-09-12 09:46:52,24036.25,24036.5,24034.75,24034.75,81,1.75,1.5,0.25,0,-1,,,,
MNQ SEP25,1s,1,1613,2025-09-12 09:46:53,24035.5,24035.75,24034.75,24035.5,36,1,0,0.25,0.75,0,,,,
MNQ SEP25,1s,1,1614,2025-09-12 09:46:54,24035.5,24035.5,24033.75,24033.75,20,1.75,1.75,0,0,-1,,,,
MNQ SEP25,1s,1,1615,2025-09-12 09:46:55,24033.75,24034.25,24033.25,24033.75,38,1,0,0.5,0.5,0,,,,
MNQ SEP25,1s,1,1616,2025-09-12 09:46:56,24033.75,24034.75,24033.75,24033.75,14,1,0,1,0,0,,,,
MNQ SEP25,1s,1,1617,2025-09-12 09:46:57,24034,24034.25,24033.75,24034.25,23,0.5,0.25,0,0.25,1,,,,
MNQ SEP25,1s,1,1618,2025-09-12 09:46:58,24033.75,24034,24032,24032.5,40,2,1.25,0.25,0.5,-1,,,,
MNQ SEP25,1s,1,1619,2025-09-12 09:46:59,24032,24032.5,24031.75,24032.25,36,0.75,0.25,0.25,0.25,1,,,,
MNQ SEP25,1s,1,1620,2025-09-12 09:47:00,24032,24032.75,24032,24032.5,28,0.75,0.5,0.25,0,1,,,,
MNQ SEP25,10s,10,5561,2025-09-12 09:47:00,24036.25,24037.5,24031.75,24032.5,391,5.75,3.75,1.25,0.75,-1,-102.25,-152.45,-45.75,-20.82
MNQ SEP25,20s,20,5780,2025-09-12 09:47:00,24033.25,24037.5,24031,24032.5,808,6.5,0.75,4.25,1.5,-1,-11.05,-170.3,-60.26666667,-28.82
MNQ SEP25,1s,1,1621,2025-09-12 09:47:01,24032,24034,24032,24033.25,40,2,1.25,0.75,0,1,,,,
MNQ SEP25,1s,1,1622,2025-09-12 09:47:02,24033.5,24035.5,24033.5,24035.5,119,2,2,0,0,1,,,,
MNQ SEP25,1s,1,1623,2025-09-12 09:47:03,24035.5,24036,24035,24035,24,1,0.5,0.5,0,-1,,,,
MNQ SEP25,1s,1,1624,2025-09-12 09:47:04,24035.25,24035.75,24035,24035,33,0.75,0.25,0.5,0,-1,,,,
MNQ SEP25,1s,1,1625,2025-09-12 09:47:05,24035.25,24035.25,24034,24034.5,45,1.25,0.75,0,0.5,-1,,,,
MNQ SEP25,1s,1,1626,2025-09-12 09:47:06,24034.5,24035.75,24034.5,24034.75,25,1.25,0.25,1,0,1,,,,
MNQ SEP25,1s,1,1627,2025-09-12 09:47:07,24035.25,24035.75,24034.5,24035.5,74,1.25,0.25,0.25,0.75,1,,,,
MNQ SEP25,1s,1,1628,2025-09-12 09:47:08,24035.25,24036.5,24035,24035.75,112,1.5,0.5,0.75,0.25,1,,,,
MNQ SEP25,1s,1,1629,2025-09-12 09:47:09,24035.5,24036.25,24035.25,24036.25,60,1,0.75,0,0.25,1,,,,
MNQ SEP25,1s,1,1630,2025-09-12 09:47:10,24036,24036.75,24036,24036.5,49,0.75,0.5,0.25,0,1,,,,
MNQ SEP25,10s,10,5562,2025-09-12 09:47:10,24032,24036.75,24032,24036.5,581,4.75,4.5,0.25,0,1,-230.7,-128.45,-87.41666667,-48.23
MNQ SEP25,1s,1,1631,2025-09-12 09:47:11,24036,24037.75,24036,24037.25,74,1.75,1.25,0.5,0,1,,,,
MNQ SEP25,1s,1,1632,2025-09-12 09:47:12,24037.75,24038,24037,24037.5,92,1,0.25,0.25,0.5,-1,,,,
MNQ SEP25,1s,1,1633,2025-09-12 09:47:13,24037.5,24038.5,24037.5,24038.25,92,1,0.75,0.25,0,1,,,,
MNQ SEP25,1s,1,1634,2025-09-12 09:47:14,24038.5,24039.25,24037.75,24038.75,149,1.5,0.25,0.5,0.75,1,,,,
MNQ SEP25,1s,1,1635,2025-09-12 09:47:15,24039,24039,24037,24037,121,2,2,0,0,-1,,,,
MNQ SEP25,1s,1,1636,2025-09-12 09:47:16,24036.75,24036.75,24035,24035.75,73,1.75,1,0,0.75,-1,,,,
MNQ SEP25,1s,1,1637,2025-09-12 09:47:17,24035.25,24036.25,24035,24035.5,62,1.25,0.25,0.75,0.25,1,,,,
MNQ SEP25,1s,1,1638,2025-09-12 09:47:18,24035.75,24036.25,24035.5,24035.75,53,0.75,0,0.5,0.25,0,,,,
MNQ SEP25,1s,1,1639,2025-09-12 09:47:19,24035.75,24036.5,24035.75,24036.25,15,0.75,0.5,0.25,0,1,,,,
MNQ SEP25,1s,1,1640,2025-09-12 09:47:20,24036,24036.25,24034.5,24036,137,1.75,0,0.25,1.5,0,,,,
MNQ SEP25,10s,10,5563,2025-09-12 09:47:20,24036,24039.25,24034.5,24036,868,4.75,0,3.25,1.5,0,-189.8,40.9,-80,-44.96
MNQ SEP25,20s,20,5781,2025-09-12 09:47:20,24032,24039.25,24032,24036,1449,7.25,4,3.25,0,1,-22.45,-11.4,-62.91666667,-55.06
MNQ SEP25,1s,1,1641,2025-09-12 09:47:21,24036,24036.5,24035.5,24036.5,22,1,0.5,0,0.5,1,,,,
MNQ SEP25,1s,1,1642,2025-09-12 09:47:22,24036.25,24036.75,24035.25,24035.25,47,1.5,1,0.5,0,-1,,,,
MNQ SEP25,1s,1,1643,2025-09-12 09:47:23,24035.25,24035.5,24034,24034.5,36,1.5,0.75,0.25,0.5,-1,,,,
MNQ SEP25,1s,1,1644,2025-09-12 09:47:24,24033.75,24033.75,24031.25,24032.75,157,2.5,1,0,1.5,-1,,,,
MNQ SEP25,1s,1,1645,2025-09-12 09:47:25,24033.25,24034.5,24033.25,24034.5,51,1.25,1.25,0,0,1,,,,
MNQ SEP25,1s,1,1646,2025-09-12 09:47:26,24034.25,24035,24033.25,24035,38,1.75,0.75,0,1,1,,,,
MNQ SEP25,1s,1,1647,2025-09-12 09:47:27,24034.25,24034.25,24032.5,24033,43,1.75,1.25,0,0.5,-1,,,,
MNQ SEP25,1s,1,1648,2025-09-12 09:47:28,24033.25,24033.25,24032.5,24032.5,30,0.75,0.75,0,0,-1,,,,
MNQ SEP25,1s,1,1649,2025-09-12 09:47:29,24032.75,24033,24031.75,24031.75,29,1.25,1,0.25,0,-1,,,,
MNQ SEP25,1s,1,1650,2025-09-12 09:47:30,24031.75,24032.25,24028.25,24029.25,217,4,2.5,0.5,1,-1,,,,
MNQ SEP25,10s,10,5564,2025-09-12 09:47:30,24036,24036.75,24028.25,24029.25,670,8.5,6.75,0.75,1,-1,-131.55,58.25,-9.76666667,-32.62
MNQ SEP25,1s,1,1651,2025-09-12 09:47:31,24029,24029.25,24027.25,24028.75,250,2,0.25,0.25,1.5,-1,,,,
MNQ SEP25,1s,1,1652,2025-09-12 09:47:32,24028.5,24029.5,24028,24028.25,168,1.5,0.25,1,0.25,-1,,,,
MNQ SEP25,1s,1,1653,2025-09-12 09:47:33,24029,24030.75,24028.75,24029.75,78,2,0.75,1,0.25,1,,,,
MNQ SEP25,1s,1,1654,2025-09-12 09:47:34,24029.5,24030.5,24029,24030.25,59,1.5,0.75,0.25,0.5,1,,,,
MNQ SEP25,1s,1,1655,2025-09-12 09:47:35,24030.5,24031,24030,24030.25,52,1,0.25,0.5,0.25,-1,,,,
MNQ SEP25,1s,1,1656,2025-09-12 09:47:36,24030.25,24031.25,24030,24030.5,41,1.25,0.25,0.75,0.25,1,,,,
MNQ SEP25,1s,1,1657,2025-09-12 09:47:37,24030.75,24031.75,24030.75,24031.25,38,1,0.5,0.5,0,1,,,,
MNQ SEP25,1s,1,1658,2025-09-12 09:47:38,24031,24031.5,24030.25,24031.5,62,1.25,0.5,0,0.75,1,,,,
MNQ SEP25,1s,1,1659,2025-09-12 09:47:39,24031.5,24031.5,24030.5,24030.75,40,1,0.75,0,0.25,-1,,,,
MNQ SEP25,1s,1,1660,2025-09-12 09:47:40,24031,24031.25,24030,24031,74,1.25,0,0.25,1,0,,,,
MNQ SEP25,10s,10,5565,2025-09-12 09:47:40,24029,24031.75,24027.25,24031,862,4.5,2,0.75,1.75,1,-39.75,91.8,63.65,-17.99
MNQ SEP25,20s,20,5782,2025-09-12 09:47:40,24036,24036.75,24027.25,24031,1532,9.5,5,0.75,3.75,-1,112.25,134.7,-15.66666667,-11.5
MNQ SEP25,1s,1,1661,2025-09-12 09:47:41,24031,24032.75,24031,24032.25,53,1.75,1.25,0.5,0,1,,,,
MNQ SEP25,1s,1,1662,2025-09-12 09:47:42,24032.75,24033.25,24031.25,24032.25,84,2,0.5,0.5,1,-1,,,,
MNQ SEP25,1s,1,1663,2025-09-12 09:47:43,24031.75,24031.75,24029.75,24030.25,32,2,1.5,0,0.5,-1,,,,
MNQ SEP25,1s,1,1664,2025-09-12 09:47:44,24030.75,24031,24029.75,24030.5,37,1.25,0.25,0.25,0.75,-1,,,,
MNQ SEP25,1s,1,1665,2025-09-12 09:47:45,24030.5,24031.25,24030.25,24031,25,1,0.5,0.25,0.25,1,,,,
MNQ SEP25,1s,1,1666,2025-09-12 09:47:46,24030.75,24032,24030.5,24031.5,65,1.5,0.75,0.5,0.25,1,,,,
MNQ SEP25,1s,1,1667,2025-09-12 09:47:47,24031.5,24033,24031.5,24032.75,39,1.5,1.25,0.25,0,1,,,,
MNQ SEP25,1s,1,1668,2025-09-12 09:47:48,24032.75,24033.75,24032.5,24033.5,57,1.25,0.75,0.25,0.25,1,,,,
MNQ SEP25,1s,1,1669,2025-09-12 09:47:49,24033,24033.75,24033,24033.5,37,0.75,0.5,0.25,0,1,,,,
MNQ SEP25,1s,1,1670,2025-09-12 09:47:50,24033.5,24033.5,24031.25,24031.5,62,2.25,2,0,0.25,-1,,,,
MNQ SEP25,10s,10,5566,2025-09-12 09:47:50,24031,24033.75,24029.75,24031.5,491,4,0.5,2.25,1.25,1,14.45,54.2,68.08333333,23.34
MNQ SEP25,1s,1,1671,2025-09-12 09:47:51,24031.25,24031.25,24029.25,24029.5,56,2,1.75,0,0.25,-1,,,,
MNQ SEP25,1s,1,1672,2025-09-12 09:47:52,24029.25,24030.25,24029.25,24029.5,51,1,0.25,0.75,0,1,,,,
MNQ SEP25,1s,1,1673,2025-09-12 09:47:53,24029.75,24030.5,24029.75,24030.5,21,0.75,0.75,0,0,1,,,,
MNQ SEP25,1s,1,1674,2025-09-12 09:47:54,24030.5,24031.25,24030,24030,32,1.25,0.5,0.75,0,-1,,,,
MNQ SEP25,1s,1,1675,2025-09-12 09:47:55,24030.25,24030.75,24030,24030.75,21,0.75,0.5,0,0.25,1,,,,
MNQ SEP25,1s,1,1676,2025-09-12 09:47:56,24031.25,24032.75,24031,24032.75,40,1.75,1.5,0,0.25,1,,,,
MNQ SEP25,1s,1,1677,2025-09-12 09:47:57,24032.75,24033,24032,24032,37,1,0.75,0.25,0,-1,,,,
MNQ SEP25,1s,1,1678,2025-09-12 09:47:58,24032.25,24032.5,24031.75,24031.75,17,0.75,0.5,0.25,0,-1,,,,
MNQ SEP25,1s,1,1679,2025-09-12 09:47:59,24031.5,24032.25,24031.25,24032.25,24,1,0.75,0,0.25,1,,,,
MNQ SEP25,1s,1,1680,2025-09-12 09:48:00,24032,24032.5,24031.75,24032.5,27,0.75,0.5,0,0.25,1,,,,
MNQ SEP25,10s,10,5567,2025-09-12 09:48:00,24031.25,24033,24029.25,24032.5,326,3.75,1.25,0.5,2,1,-8.05,-22.5,41.16666667,44.53
MNQ SEP25,20s,20,5783,2025-09-12 09:48:00,24031,24033.75,24029.25,24032.5,817,4.5,1.5,1.25,1.75,1,-189.5,-301.75,-59.48333333,-71.16
MNQ SEP25,1s,1,1681,2025-09-12 09:48:01,24032.75,24032.75,24031.5,24031.75,71,1.25,1,0,0.25,-1,,,,
MNQ SEP25,1s,1,1682,2025-09-12 09:48:02,24031.75,24032,24031.25,24031.75,21,0.75,0,0.25,0.5,0,,,,
MNQ SEP25,1s,1,1683,2025-09-12 09:48:03,24031.5,24031.75,24031.25,24031.75,16,0.5,0.25,0,0.25,1,,,,
MNQ SEP25,1s,1,1684,2025-09-12 09:48:04,24031.75,24032.75,24031.25,24032.5,34,1.5,0.75,0.25,0.5,1,,,,
MNQ SEP25,1s,1,1685,2025-09-12 09:48:05,24032.75,24033.25,24032,24032,68,1.25,0.75,0.5,0,-1,,,,
MNQ SEP25,1s,1,1686,2025-09-12 09:48:06,24032.5,24033.5,24032.25,24033.5,36,1.25,1,0,0.25,1,,,,
MNQ SEP25,1s,1,1687,2025-09-12 09:48:07,24033.5,24033.75,24032.75,24033.5,58,1,0,0.25,0.75,0,,,,
MNQ SEP25,1s,1,1688,2025-09-12 09:48:08,24033.25,24033.5,24033,24033.25,25,0.5,0,0.25,0.25,0,,,,
MNQ SEP25,1s,1,1689,2025-09-12 09:48:09,24033.25,24034,24033,24033.75,20,1,0.5,0.25,0.25,1,,,,
MNQ SEP25,1s,1,1690,2025-09-12 09:48:10,24033.5,24034,24032,24032.75,31,2,0.75,0.5,0.75,-1,,,,
MNQ SEP25,10s,10,5568,2025-09-12 09:48:10,24032.75,24034,24031.25,24032.75,380,2.75,0,1.25,1.5,0,-95.95,-87.9,-18.73333333,18.77
MNQ SEP25,1s,1,1691,2025-09-12 09:48:11,24032.25,24032.25,24031.25,24031.25,42,1,1,0,0,-1,,,,
MNQ SEP25,1s,1,1692,2025-09-12 09:48:12,24031,24031.25,24030.25,24030.5,51,1,0.5,0.25,0.25,-1,,,,
MNQ SEP25,1s,1,1693,2025-09-12 09:48:13,24030.5,24030.75,24029.75,24030,43,1,0.5,0.25,0.25,-1,,,,
MNQ SEP25,1s,1,1694,2025-09-12 09:48:14,24030,24031,24028.75,24030,106,2.25,0,1,1.25,0,,,,
MNQ SEP25,1s,1,1695,2025-09-12 09:48:15,24030,24030.25,24029,24029.25,61,1.25,0.75,0.25,0.25,-1,,,,
MNQ SEP25,1s,1,1696,2025-09-12 09:48:16,24029,24029.75,24028.5,24029,72,1.25,0,0.75,0.5,0,,,,
MNQ SEP25,1s,1,1697,2025-09-12 09:48:17,24029.25,24029.5,24028.75,24028.75,43,0.75,0.5,0.25,0,-1,,,,
MNQ SEP25,1s,1,1698,2025-09-12 09:48:18,24028.75,24029.25,24027.75,24029.25,82,1.5,0.5,0,1,1,,,,
MNQ SEP25,1s,1,1699,2025-09-12 09:48:19,24029.5,24030,24028.75,24028.75,39,1.25,0.75,0.5,0,-1,,,,
MNQ SEP25,1s,1,1700,2025-09-12 09:48:20,24028.75,24029,24027.25,24028.75,78,1.75,0,0.25,1.5,0,,,,
MNQ SEP25,10s,10,5569,2025-09-12 09:48:20,24032.25,24032.25,24027.25,24028.75,617,5,3.5,0,1.5,-1,-117.6,-21.65,-44.01666667,2.79
MNQ SEP25,20s,20,5784,2025-09-12 09:48:20,24032.75,24034,24027.25,24028.75,997,6.75,4,1.25,1.5,-1,-165.95,23.55,-47.83333333,-65.04
MNQ SEP25,1s,1,1701,2025-09-12 09:48:21,24029.5,24030.75,24029.5,24030,58,1.25,0.5,0.75,0,1,,,,
MNQ SEP25,1s,1,1702,2025-09-12 09:48:22,24030,24030.25,24029.5,24030,25,0.75,0,0.25,0.5,0,,,,
MNQ SEP25,1s,1,1703,2025-09-12 09:48:23,24030.25,24031,24029.5,24030.5,24,1.5,0.25,0.5,0.75,1,,,,
MNQ SEP25,1s,1,1704,2025-09-12 09:48:24,24030.5,24031,24028.75,24029,56,2.25,1.5,0.5,0.25,-1,,,,
MNQ SEP25,1s,1,1705,2025-09-12 09:48:25,24029.25,24029.75,24028.75,24029.75,28,1,0.5,0,0.5,1,,,,
MNQ SEP25,1s,1,1706,2025-09-12 09:48:26,24029.5,24030.5,24029.5,24030.25,18,1,0.75,0.25,0,1,,,,
MNQ SEP25,1s,1,1707,2025-09-12 09:48:27,24029.75,24030.25,24029.25,24029.25,23,1,0.5,0.5,0,-1,,,,
MNQ SEP25,1s,1,1708,2025-09-12 09:48:28,24029.5,24029.75,24027.5,24027.75,30,2.25,1.75,0.25,0.25,-1,,,,
MNQ SEP25,1s,1,1709,2025-09-12 09:48:29,24028.5,24029,24028.25,24029,46,0.75,0.5,0,0.25,1,,,,
MNQ SEP25,1s,1,1710,2025-09-12 09:48:30,24029,24029.5,24028.5,24028.75,33,1,0.25,0.5,0.25,-1,,,,
MNQ SEP25,10s,10,5570,2025-09-12 09:48:30,24029.5,24031,24027.5,24028.75,341,3.5,0.75,1.5,1.25,-1,-179.8,-62.2,-57.25,-28.01
MNQ SEP25,1s,1,1711,2025-09-12 09:48:31,24028.75,24029,24026.25,24026.25,158,2.75,2.5,0.25,0,-1,,,,
MNQ SEP25,1s,1,1712,2025-09-12 09:48:32,24026.5,24028,24025.75,24027.5,150,2.25,1,0.5,0.75,1,,,,
MNQ SEP25,1s,1,1713,2025-09-12 09:48:33,24027.75,24028.5,24027,24028.25,70,1.5,0.5,0.25,0.75,1,,,,
MNQ SEP25,1s,1,1714,2025-09-12 09:48:34,24028.5,24028.75,24027.25,24028.5,60,1.5,0,0.25,1.25,0,,,,
MNQ SEP25,1s,1,1715,2025-09-12 09:48:35,24028.25,24029.75,24027.75,24029.75,70,2,1.5,0,0.5,1,,,,
MNQ SEP25,1s,1,1716,2025-09-12 09:48:36,24029.75,24031,24029.25,24031,62,1.75,1.25,0,0.5,1,,,,
MNQ SEP25,1s,1,1717,2025-09-12 09:48:37,24030.5,24031.25,24030.5,24031,37,0.75,0.5,0.25,0,1,,,,
MNQ SEP25,1s,1,1718,2025-09-12 09:48:38,24031,24031.25,24030,24030.5,52,1.25,0.5,0.25,0.5,-1,,,,
MNQ SEP25,1s,1,1719,2025-09-12 09:48:39,24030.5,24030.75,24029,24029.25,34,1.75,1.25,0.25,0.25,-1,,,,
MNQ SEP25,1s,1,1720,2025-09-12 09:48:40,24028.75,24028.75,24027.25,24028.25,38,1.5,0.5,0,1,-1,,,,
MNQ SEP25,10s,10,5571,2025-09-12 09:48:40,24028.75,24031.25,24025.75,24028.25,731,5.5,0.5,2.5,2.5,-1,-130.9,48.9,-11.65,-29.07
MNQ SEP25,20s,20,5785,2025-09-12 09:48:40,24029.5,24031.25,24025.75,24028.25,1072,5.5,1.25,1.75,2.5,-1,-79.4,86.55,-63.88333333,-13.67
MNQ SEP25,1s,1,1721,2025-09-12 09:48:41,24027.75,24028,24027.25,24027.5,48,0.75,0.25,0.25,0.25,-1,,,,
MNQ SEP25,1s,1,1722,2025-09-12 09:48:42,24027,24027.25,24024.75,24025.25,174,2.5,1.75,0.25,0.5,-1,,,,
MNQ SEP25,1s,1,1723,2025-09-12 09:48:43,24025.25,24026.25,24025,24025.5,99,1.25,0.25,0.75,0.25,1,,,,
MNQ SEP25,1s,1,1724,2025-09-12 09:48:44,24025.25,24025.75,24024.75,24025.25,78,1,0,0.5,0.5,0,,,,
MNQ SEP25,1s,1,1725,2025-09-12 09:48:45,24025,24025.75,24024.75,24025.25,47,1,0.25,0.5,0.25,1,,,,
MNQ SEP25,1s,1,1726,2025-09-12 09:48:46,24025,24026.5,24025,24026,65,1.5,1,0.5,0,1,,,,
MNQ SEP25,1s,1,1727,2025-09-12 09:48:47,24026.25,24027,24026.25,24027,59,0.75,0.75,0,0,1,,,,
MNQ SEP25,1s,1,1728,2025-09-12 09:48:48,24026.5,24027.25,24025.5,24026,38,1.75,0.5,0.75,0.5,-1,,,,
MNQ SEP25,1s,1,1729,2025-09-12 09:48:49,24025.5,24026.5,24025.25,24026,29,1.25,0.5,0.5,0.25,1,,,,
MNQ SEP25,1s,1,1730,2025-09-12 09:48:50,24026,24026.75,24025.75,24026,41,1,0,0.75,0.25,0,,,,
MNQ SEP25,10s,10,5572,2025-09-12 09:48:50,24027.75,24028,24024.75,24026,678,3.25,1.75,0.25,1.25,-1,-45.8,85.1,23.93333333,-7.55
MNQ SEP25,1s,1,1731,2025-09-12 09:48:51,24026.5,24026.75,24025.25,24025.75,38,1.5,0.75,0.25,0.5,-1,,,,
MNQ SEP25,1s,1,1732,2025-09-12 09:48:52,24026.5,24026.75,24026,24026.25,39,0.75,0.25,0.25,0.25,-1,,,,
MNQ SEP25,1s,1,1733,2025-09-12 09:48:53,24026.5,24026.5,24025,24025,34,1.5,1.5,0,0,-1,,,,
MNQ SEP25,1s,1,1734,2025-09-12 09:48:54,24025,24025.5,24025,24025.25,48,0.5,0.25,0.25,0,1,,,,
MNQ SEP25,1s,1,1735,2025-09-12 09:48:55,24025.5,24026.25,24023.75,24024.25,135,2.5,1.25,0.75,0.5,-1,,,,
MNQ SEP25,1s,1,1736,2025-09-12 09:48:56,24024.5,24024.5,24021.5,24021.75,250,3,2.75,0,0.25,-1,,,,
MNQ SEP25,1s,1,1737,2025-09-12 09:48:57,24021.5,24022.25,24020,24021,268,2.25,0.5,0.75,1,-1,,,,
MNQ SEP25,1s,1,1738,2025-09-12 09:48:58,24021.5,24023,24021,24021.75,167,2,0.25,1.25,0.5,1,,,,
MNQ SEP25,1s,1,1739,2025-09-12 09:48:59,24022.25,24022.75,24021.75,24022,51,1,0.25,0.5,0.25,-1,,,,
MNQ SEP25,1s,1,1740,2025-09-12 09:49:00,24022.75,24023.5,24022.5,24023.25,69,1,0.5,0.25,0.25,1,,,,
MNQ SEP25,10s,10,5573,2025-09-12 09:49:00,24026.5,24026.75,24020,24023.25,1099,6.75,3.25,0.25,3.25,-1,70.8,116.6,83.53333333,33.35
MNQ SEP25,20s,20,5786,2025-09-12 09:49:00,24027.75,24028,24020,24023.25,1777,8,4.5,0.25,3.25,-1,-25.8,53.6,54.56666667,-0.67
MNQ SEP25,1s,1,1741,2025-09-12 09:49:01,24023.25,24024.75,24023,24024.25,86,1.75,1,0.5,0.25,1,,,,
MNQ SEP25,1s,1,1742,2025-09-12 09:49:02,24024.25,24025.25,24023.5,24024,72,1.75,0.25,1,0.5,-1,,,,
MNQ SEP25,1s,1,1743,2025-09-12 09:49:03,24024,24024.75,24023.25,24024,49,1.5,0,0.75,0.75,0,,,,
MNQ SEP25,1s,1,1744,2025-09-12 09:49:04,24024.25,24024.75,24023,24023.5,46,1.75,0.75,0.5,0.5,-1,,,,
MNQ SEP25,1s,1,1745,2025-09-12 09:49:05,24023.75,24025.25,24023.75,24024.25,43,1.5,0.5,1,0,1,,,,
MNQ SEP25,1s,1,1746,2025-09-12 09:49:06,24024.5,24024.5,24023.5,24024.5,39,1,0,0,1,0,,,,
MNQ SEP25,1s,1,1747,2025-09-12 09:49:07,24024.25,24026.75,24023.75,24026.5,87,3,2.25,0.25,0.5,1,,,,
MNQ SEP25,1s,1,1748,2025-09-12 09:49:08,24026,24026.5,24025.5,24026,37,1,0,0.5,0.5,0,,,,
MNQ SEP25,1s,1,1749,2025-09-12 09:49:09,24026.25,24027,24025.5,24025.75,52,1.5,0.5,0.75,0.25,-1,,,,
MNQ SEP25,1s,1,1750,2025-09-12 09:49:10,24025.25,24025.5,24024.5,24025.25,51,1,0,0.25,0.75,0,,,,
MNQ SEP25,10s,10,5574,2025-09-12 09:49:10,24023.25,24027,24023,24025.25,562,4,2,1.75,0.25,1,51.55,-19.25,60.81666667,33.83
MNQ SEP25,1s,1,1751,2025-09-12 09:49:11,24025,24025.25,24024.25,24025,54,1,0,0.25,0.75,0,,,,
MNQ SEP25,1s,1,1752,2025-09-12 09:49:12,24024.75,24025.5,24024,24025.25,38,1.5,0.5,0.25,0.75,1,,,,
MNQ SEP25,1s,1,1753,2025-09-12 09:49:13,24025,24025.75,24025,24025.5,36,0.75,0.5,0.25,0,1,,,,
MNQ SEP25,1s,1,1754,2025-09-12 09:49:14,24025.25,24025.5,24023.75,24025,48,1.75,0.25,0.25,1.25,-1,,,,
MNQ SEP25,1s,1,1755,2025-09-12 09:49:15,24025.25,24025.5,24024.75,24025.25,19,0.75,0,0.25,0.5,0,,,,
MNQ SEP25,1s,1,1756,2025-09-12 09:49:16,24025,24026.25,24024.5,24026.25,43,1.75,1.25,0,0.5,1,,,,
MNQ SEP25,1s,1,1757,2025-09-12 09:49:17,24025.75,24030.75,24025.5,24030.25,231,5.25,4.5,0.5,0.25,1,,,,
MNQ SEP25,1s,1,1758,2025-09-12 09:49:18,24030,24030.75,24029.5,24030.5,122,1.25,0.5,0.25,0.5,1,,,,
MNQ SEP25,1s,1,1759,2025-09-12 09:49:19,24030.25,24030.75,24029.25,24030,127,1.5,0.25,0.5,0.75,-1,,,,
MNQ SEP25,1s,1,1760,2025-09-12 09:49:20,24029.75,24030,24028.75,24029.25,70,1.25,0.5,0.25,0.5,-1,,,,
MNQ SEP25,10s,10,5575,2025-09-12 09:49:20,24025,24030.75,24023.75,24029.25,788,7,4.25,1.5,1.25,1,118.35,66.8,54.71666667,59.63
MNQ SEP25,20s,20,5787,2025-09-12 09:49:20,24023.25,24030.75,24023,24029.25,1350,7.75,6,1.5,0.25,1,-90.25,-64.45,25.23333333,-40.5
MNQ SEP25,1s,1,1761,2025-09-12 09:49:21,24029.25,24030,24029,24029.75,44,1,0.5,0.25,0.25,1,,,,
MNQ SEP25,1s,1,1762,2025-09-12 09:49:22,24029.75,24029.75,24028,24028.75,63,1.75,1,0,0.75,-1,,,,
MNQ SEP25,1s,1,1763,2025-09-12 09:49:23,24029.25,24031.25,24028.75,24030.5,81,2.5,1.25,0.75,0.5,1,,,,
MNQ SEP25,1s,1,1764,2025-09-12 09:49:24,24030.75,24031.75,24030,24031.5,86,1.75,0.75,0.25,0.75,1,,,,
MNQ SEP25,1s,1,1765,2025-09-12 09:49:25,24031.5,24031.5,24030.5,24030.5,64,1,1,0,0,-1,,,,
MNQ SEP25,1s,1,1766,2025-09-12 09:49:26,24030.5,24030.75,24029,24029,62,1.75,1.5,0.25,0,-1,,,,
MNQ SEP25,1s,1,1767,2025-09-12 09:49:27,24028.75,24030.25,24028.75,24029.75,42,1.5,1,0.5,0,1,,,,
MNQ SEP25,1s,1,1768,2025-09-12 09:49:28,24030,24030.5,24029.25,24029.5,31,1.25,0.5,0.5,0.25,-1,,,,
MNQ SEP25,1s,1,1769,2025-09-12 09:49:29,24029.25,24029.5,24029,24029.5,11,0.5,0.25,0,0.25,1,,,,
MNQ SEP25,1s,1,1770,2025-09-12 09:49:30,24029,24030,24028.25,24028.25,32,1.75,0.75,1,0,-1,,,,
MNQ SEP25,10s,10,5576,2025-09-12 09:49:30,24029.25,24031.75,24028,24028.25,516,3.75,1,2.5,0.25,-1,108.3,-10.05,12.5,47.84
MNQ SEP25,1s,1,1771,2025-09-12 09:49:31,24028.75,24029.25,24028.5,24028.75,36,0.75,0,0.5,0.25,0,,,,
MNQ SEP25,1s,1,1772,2025-09-12 09:49:32,24028.75,24029.5,24028.5,24029,17,1,0.25,0.5,0.25,1,,,,
MNQ SEP25,1s,1,1773,2025-09-12 09:49:33,24029.5,24030.5,24029.5,24030.25,93,1,0.75,0.25,0,1,,,,
MNQ SEP25,1s,1,1774,2025-09-12 09:49:34,24029.75,24029.75,24029.25,24029.75,42,0.5,0,0,0.5,0,,,,
MNQ SEP25,1s,1,1775,2025-09-12 09:49:35,24029.75,24029.75,24029.25,24029.25,14,0.5,0.5,0,0,-1,,,,
MNQ SEP25,1s,1,1776,2025-09-12 09:49:36,24029.75,24029.75,24029,24029.75,26,0.75,0,0,0.75,0,,,,
MNQ SEP25,1s,1,1777,2025-09-12 09:49:37,24029.75,24029.75,24029.25,24029.75,13,0.5,0,0,0.5,0,,,,
MNQ SEP25,1s,1,1778,2025-09-12 09:49:38,24029.5,24029.75,24029.25,24029.25,21,0.5,0.25,0.25,0,-1,,,,
MNQ SEP25,1s,1,1779,2025-09-12 09:49:39,24029.75,24030.25,24029,24029.75,47,1.25,0,0.5,0.75,0,,,,
MNQ SEP25,1s,1,1780,2025-09-12 09:49:40,24030.25,24032,24030.25,24031.25,43,1.75,1,0.75,0,1,,,,
MNQ SEP25,10s,10,5577,2025-09-12 09:49:40,24028.75,24032,24028.5,24031.25,352,3.5,2.5,0.75,0.25,1,86.75,-21.55,11.73333333,26.51
MNQ SEP25,20s,20,5788,2025-09-12 09:49:40,24029.25,24032,24028,24031.25,868,4,2,0.75,1.25,1,-91,-0.75,-3.86666667,19.7
MNQ SEP25,1s,1,1781,2025-09-12 09:49:41,24031.75,24031.75,24030.75,24031.25,61,1,0.5,0,0.5,-1,,,,
MNQ SEP25,1s,1,1782,2025-09-12 09:49:42,24031.5,24031.5,24030.75,24031.25,23,0.75,0.25,0,0.5,-1,,,,
MNQ SEP25,1s,1,1783,2025-09-12 09:49:43,24031.25,24032,24031.25,24031.5,32,0.75,0.25,0.5,0,1,,,,
MNQ SEP25,1s,1,1784,2025-09-12 09:49:44,24031.75,24031.75,24031,24031,53,0.75,0.75,0,0,-1,,,,
MNQ SEP25,1s,1,1785,2025-09-12 09:49:45,24031.25,24032.25,24031.25,24032,21,1,0.75,0.25,0,1,,,,
MNQ SEP25,1s,1,1786,2025-09-12 09:49:46,24031.5,24031.5,24030.25,24031.25,30,1.25,0.25,0,1,-1,,,,
MNQ SEP25,1s,1,1787,2025-09-12 09:49:47,24030.5,24030.5,24028,24028.25,85,2.5,2.25,0,0.25,-1,,,,
MNQ SEP25,1s,1,1788,2025-09-12 09:49:48,24028.25,24028.75,24027.75,24028,28,1,0.25,0.5,0.25,-1,,,,
MNQ SEP25,1s,1,1789,2025-09-12 09:49:49,24028.75,24028.75,24027.75,24028,23,1,0.75,0,0.25,-1,,,,
MNQ SEP25,1s,1,1790,2025-09-12 09:49:50,24028,24028,24026.25,24027.75,61,1.75,0.25,0,1.5,-1,,,,
MNQ SEP25,10s,10,5578,2025-09-12 09:49:50,24031.75,24032.25,24026.25,24027.75,417,6,4,0.5,1.5,-1,-43.65,-130.4,-54,-22.89
MNQ SEP25,1s,1,1791,2025-09-12 09:49:51,24027.25,24028.25,24027.25,24028.25,41,1,1,0,0,1,,,,
MNQ SEP25,1s,1,1792,2025-09-12 09:49:52,24028,24028.5,24028,24028.25,18,0.5,0.25,0.25,0,1,,,,
MNQ SEP25,1s,1,1793,2025-09-12 09:49:53,24028.25,24029,24027.75,24028,61,1.25,0.25,0.75,0.25,-1,,,,
MNQ SEP25,1s,1,1794,2025-09-12 09:49:54,24028.25,24029.25,24027.75,24029.25,71,1.5,1,0,0.5,1,,,,
MNQ SEP25,1s,1,1795,2025-09-12 09:49:55,24029.25,24029.5,24028.5,24029,26,1,0.25,0.25,0.5,-1,,,,
MNQ SEP25,1s,1,1796,2025-09-12 09:49:56,24029,24029,24027.25,24028,26,1.75,1,0,0.75,-1,,,,
MNQ SEP25,1s,1,1797,2025-09-12 09:49:57,24028,24028.25,24026.25,24026.25,40,2,1.75,0.25,0,-1,,,,
MNQ SEP25,1s,1,1798,2025-09-12 09:49:58,24026.25,24026.75,24025.75,24026.25,44,1,0,0.5,0.5,0,,,,
MNQ SEP25,1s,1,1799,2025-09-12 09:49:59,24026.75,24027,24026.25,24027,29,0.75,0.25,0,0.5,1,,,,
MNQ SEP25,1s,1,1800,2025-09-12 09:50:00,24026.5,24027.5,24026.5,24026.75,30,1,0.25,0.75,0,1,,,,
MNQ SEP25,10s,10,5579,2025-09-12 09:50:00,24027.25,24029.5,24025.75,24026.75,386,3.75,0.5,2.25,1,-1,-81.85,-38.2,-63.38333333,-26.68
MNQ SEP25,20s,20,5789,2025-09-12 09:50:00,24031.75,24032.25,24025.75,24026.75,803,6.5,5,0.5,1,-1,-87.9,3.1,-20.7,15.61
MNQ SEP25,1s,1,1801,2025-09-12 09:50:01,24026.5,24026.75,24025,24025.25,110,1.75,1.25,0.25,0.25,-1,,,,
MNQ SEP25,1s,1,1802,2025-09-12 09:50:02,24025.25,24026,24024,24025.25,140,2,0,0.75,1.25,0,,,,
MNQ SEP25,1s,1,1803,2025-09-12 09:50:03,24025.5,24026,24023,24024,130,3,1.5,0.5,1,-1,,,,
MNQ SEP25,1s,1,1804,2025-09-12 09:50:04,24023.75,24024.75,24022.5,24023.75,135,2.25,0,1,1.25,0,,,,
MNQ SEP25,1s,1,1805,2025-09-12 09:50:05,24024.5,24024.75,24023.75,24024.25,61,1,0.25,0.25,0.5,-1,,,,
MNQ SEP25,1s,1,1806,2025-09-12 09:50:06,24024.25,24025.75,24024,24025,83,1.75,0.75,0.75,0.25,1,,,,
MNQ SEP25,1s,1,1807,2025-09-12 09:50:07,24025,24025.25,24022.5,24023,83,2.75,2,0.25,0.5,-1,,,,
MNQ SEP25,1s,1,1808,2025-09-12 09:50:08,24023,24024.25,24023,24024.25,98,1.25,1.25,0,0,1,,,,
MNQ SEP25,1s,1,1809,2025-09-12 09:50:09,24024.5,24025.5,24023.75,24025.5,73,1.75,1,0,0.75,1,,,,
MNQ SEP25,1s,1,1810,2025-09-12 09:50:10,24025.25,24026,24024.5,24024.5,39,1.5,0.75,0.75,0,-1,,,,
MNQ SEP25,10s,10,5580,2025-09-12 09:50:10,24026.5,24026.75,24022.5,24024.5,952,4.25,2,0.25,2,-1,-75.8,6.05,-54.18333333,-38.83
MNQ SEP25,1s,1,1811,2025-09-12 09:50:11,24024.75,24025.5,24024.25,24025,31,1.25,0.25,0.5,0.5,1,,,,
MNQ SEP25,1s,1,1812,2025-09-12 09:50:12,24024.75,24025.75,24024.5,24025,74,1.25,0.25,0.75,0.25,1,,,,
MNQ SEP25,1s,1,1813,2025-09-12 09:50:13,24024.75,24025,24024,24024,17,1,0.75,0.25,0,-1,,,,
MNQ SEP25,1s,1,1814,2025-09-12 09:50:14,24024.25,24024.5,24022.5,24022.5,30,2,1.75,0.25,0,-1,,,,
MNQ SEP25,1s,1,1815,2025-09-12 09:50:15,24022.5,24024.5,24022.5,24024.25,47,2,1.75,0.25,0,1,,,,
MNQ SEP25,1s,1,1816,2025-09-12 09:50:16,24022.75,24023.25,24021,24021.25,108,2.25,1.5,0.5,0.25,-1,,,,
MNQ SEP25,1s,1,1817,2025-09-12 09:50:17,24021.25,24021.25,24011,24018,1262,10.25,3.25,0,7,-1,,,,
MNQ SEP25,1s,1,1818,2025-09-12 09:50:18,24017.75,24019,24017.25,24018,172,1.75,0.25,1,0.5,1,,,,
MNQ SEP25,1s,1,1819,2025-09-12 09:50:19,24017.5,24018,24016.75,24017.5,115,1.25,0,0.5,0.75,0,,,,
MNQ SEP25,1s,1,1820,2025-09-12 09:50:20,24017.5,24019,24017,24017.5,93,2,0,1.5,0.5,0,,,,
MNQ SEP25,10s,10,5581,2025-09-12 09:50:20,24024.75,24025.75,24011,24017.5,1949,14.75,7.25,1,6.5,-1,132.9,208.7,58.85,4.92
MNQ SEP25,20s,20,5790,2025-09-12 09:50:20,24026.5,24026.75,24011,24017.5,2901,15.75,9,0.25,6.5,-1,180.05,267.95,90.1,51.89
MNQ SEP25,1s,1,1821,2025-09-12 09:50:21,24017.5,24018.75,24017,24018.5,63,1.75,1,0.25,0.5,1,,,,
MNQ SEP25,1s,1,1822,2025-09-12 09:50:22,24019,24020,24018.5,24019.25,92,1.5,0.25,0.75,0.5,1,,,,
MNQ SEP25,1s,1,1823,2025-09-12 09:50:23,24019.25,24020,24018.5,24018.5,63,1.5,0.75,0.75,0,-1,,,,
MNQ SEP25,1s,1,1824,2025-09-12 09:50:24,24018.75,24020.25,24018.75,24019.25,71,1.5,0.5,1,0,1,,,,
MNQ SEP25,1s,1,1825,2025-09-12 09:50:25,24019.5,24020,24019,24019.5,67,1,0,0.5,0.5,0,,,,
MNQ SEP25,1s,1,1826,2025-09-12 09:50:26,24019.25,24019.25,24016.75,24017.25,114,2.5,2,0,0.5,-1,,,,
MNQ SEP25,1s,1,1827,2025-09-12 09:50:27,24017,24018.5,24016.75,24018,80,1.75,1,0.5,0.25,1,,,,
MNQ SEP25,1s,1,1828,2025-09-12 09:50:28,24018,24018.5,24017.25,24018,87,1.25,0,0.5,0.75,0,,,,
MNQ SEP25,1s,1,1829,2025-09-12 09:50:29,24018,24019.25,24017.75,24019,47,1.5,1,0.25,0.25,1,,,,
MNQ SEP25,1s,1,1830,2025-09-12 09:50:30,24019.5,24020.75,24019,24019.75,69,1.75,0.25,1,0.5,1,,,,
MNQ SEP25,10s,10,5582,2025-09-12 09:50:30,24017.5,24020.75,24016.75,24019.75,753,4,2.25,1,0.75,1,204.5,71.6,95.45,23.55
MNQ SEP25,1s,1,1831,2025-09-12 09:50:31,24020,24020,24018,24018.25,49,2,1.75,0,0.25,-1,,,,
MNQ SEP25,1s,1,1832,2025-09-12 09:50:32,24018.5,24019.25,24017.75,24018.75,40,1.5,0.25,0.5,0.75,1,,,,
MNQ SEP25,1s,1,1833,2025-09-12 09:50:33,24018.25,24019,24018,24018.25,23,1,0,0.75,0.25,0,,,,
MNQ SEP25,1s,1,1834,2025-09-12 09:50:34,24018.5,24018.75,24017.25,24018.5,64,1.5,0,0.25,1.25,0,,,,
MNQ SEP25,1s,1,1835,2025-09-12 09:50:35,24018.25,24018.5,24016.5,24017.25,49,2,1,0.25,0.75,-1,,,,
MNQ SEP25,1s,1,1836,2025-09-12 09:50:36,24016.75,24018.5,24016.5,24018.25,68,2,1.5,0.25,0.25,1,,,,
MNQ SEP25,1s,1,1837,2025-09-12 09:50:37,24018.5,24019,24018,24018,61,1,0.5,0.5,0,-1,,,,
MNQ SEP25,1s,1,1838,2025-09-12 09:50:38,24018.5,24019.5,24018,24019.25,46,1.5,0.75,0.25,0.5,1,,,,
MNQ SEP25,1s,1,1839,2025-09-12 09:50:39,24019.75,24023,24019.75,24023,174,3.25,3.25,0,0,1,,,,
MNQ SEP25,1s,1,1840,2025-09-12 09:50:40,24022.75,24024.75,24022.25,24024.25,159,2.5,1.5,0.5,0.5,1,,,,
MNQ SEP25,10s,10,5583,2025-09-12 09:50:40,24020,24024.75,24016.5,24024.25,733,8.25,4.25,0.5,3.5,1,274.45,69.95,116.75,63.62
MNQ SEP25,20s,20,5791,2025-09-12 09:50:40,24017.5,24024.75,24016.5,24024.25,1486,8.25,6.75,0.5,1,1,95.05,-85,62.01666667,24.17
MNQ SEP25,1s,1,1841,2025-09-12 09:50:41,24024.5,24026.5,24024.25,24026.5,203,2.25,2,0,0.25,1,,,,
MNQ SEP25,1s,1,1842,2025-09-12 09:50:42,24026.25,24027.25,24025.75,24026.75,92,1.5,0.5,0.5,0.5,1,,,,
MNQ SEP25,1s,1,1843,2025-09-12 09:50:43,24026.5,24027.5,24025.5,24026.75,92,2,0.25,0.75,1,1,,,,
MNQ SEP25,1s,1,1844,2025-09-12 09:50:44,24027,24027.5,24026.75,24027,56,0.75,0,0.5,0.25,0,,,,
MNQ SEP25,1s,1,1845,2025-09-12 09:50:45,24027.25,24027.25,24026,24026.75,55,1.25,0.5,0,0.75,-1,,,,
MNQ SEP25,1s,1,1846,2025-09-12 09:50:46,24026.75,24027.25,24026.25,24026.25,75,1,0.5,0.5,0,-1,,,,
MNQ SEP25,1s,1,1847,2025-09-12 09:50:47,24026.75,24028.25,24026.5,24028.25,76,1.75,1.5,0,0.25,1,,,,
MNQ SEP25,1s,1,1848,2025-09-12 09:50:48,24028.5,24032.25,24028.25,24029.5,316,4,1,2.75,0.25,1,,,,
MNQ SEP25,1s,1,1849,2025-09-12 09:50:49,24030,24030.5,24028.5,24028.75,145,2,1.25,0.5,0.25,-1,,,,
MNQ SEP25,1s,1,1850,2025-09-12 09:50:50,24029,24030,24028.5,24029.75,73,1.5,0.75,0.25,0.5,1,,,,
MNQ SEP25,10s,10,5584,2025-09-12 09:50:50,24024.5,24032.25,24024.25,24029.75,1183,8,5.25,2.5,0.25,1,408.2,133.75,91.76666667,98.01
MNQ SEP25,1s,1,1851,2025-09-12 09:50:51,24029.75,24031.25,24029.75,24031.25,106,1.5,1.5,0,0,1,,,,
MNQ SEP25,1s,1,1852,2025-09-12 09:50:52,24031.25,24032.5,24030.75,24032,104,1.75,0.75,0.5,0.5,1,,,,
MNQ SEP25,1s,1,1853,2025-09-12 09:50:53,24032.25,24032.75,24031.5,24032.25,101,1.25,0,0.5,0.75,0,,,,
MNQ SEP25,1s,1,1854,2025-09-12 09:50:54,24031.5,24031.5,24029.75,24030.25,92,1.75,1.25,0,0.5,-1,,,,
MNQ SEP25,1s,1,1855,2025-09-12 09:50:55,24029.5,24031,24029.5,24030.25,58,1.5,0.75,0.75,0,1,,,,
MNQ SEP25,1s,1,1856,2025-09-12 09:50:56,24030,24030.25,24029.5,24030.25,34,0.75,0.25,0,0.5,1,,,,
MNQ SEP25,1s,1,1857,2025-09-12 09:50:57,24030.5,24031.5,24030,24031.25,39,1.5,0.75,0.25,0.5,1,,,,
MNQ SEP25,1s,1,1858,2025-09-12 09:50:58,24031,24032.25,24030.75,24031.5,81,1.5,0.5,0.75,0.25,1,,,,
MNQ SEP25,1s,1,1859,2025-09-12 09:50:59,24031.25,24032.25,24031.25,24032,34,1,0.75,0.25,0,1,,,,
MNQ SEP25,1s,1,1860,2025-09-12 09:51:00,24032.25,24033.5,24032.25,24032.5,97,1.25,0.25,1,0,1,,,,
MNQ SEP25,10s,10,5585,2025-09-12 09:51:00,24029.75,24033.5,24029.5,24032.5,746,4,2.75,1,0.25,1,372.8,-35.4,56.1,89.72
MNQ SEP25,20s,20,5792,2025-09-12 09:51:00,24024.5,24033.5,24024.25,24032.5,1929,9.25,8,1,0.25,1,183.25,88.2,90.38333333,54.7
MNQ SEP25,1s,1,1861,2025-09-12 09:51:01,24032.25,24032.25,24030.5,24030.75,112,1.75,1.5,0,0.25,-1,,,,
MNQ SEP25,1s,1,1862,2025-09-12 09:51:02,24030.75,24031.25,24030.25,24030.5,31,1,0.25,0.5,0.25,-1,,,,
MNQ SEP25,1s,1,1863,2025-09-12 09:51:03,24030.25,24031,24029.5,24030.75,84,1.5,0.5,0.25,0.75,1,,,,
MNQ SEP25,1s,1,1864,2025-09-12 09:51:04,24031,24031.75,24030.5,24031.25,42,1.25,0.25,0.5,0.5,1,,,,
MNQ SEP25,1s,1,1865,2025-09-12 09:51:05,24031.5,24031.75,24027.75,24028.75,100,4,2.75,0.25,1,-1,,,,
MNQ SEP25,1s,1,1866,2025-09-12 09:51:06,24028.5,24029.25,24028.25,24028.75,50,1,0.25,0.5,0.25,1,,,,
MNQ SEP25,1s,1,1867,2025-09-12 09:51:07,24029.25,24029.5,24028.5,24028.5,45,1,0.75,0.25,0,-1,,,,
MNQ SEP25,1s,1,1868,2025-09-12 09:51:08,24028.5,24029.75,24028,24029.25,42,1.75,0.75,0.5,0.5,1,,,,
MNQ SEP25,1s,1,1869,2025-09-12 09:51:09,24029.25,24029.5,24028.5,24028.75,59,1,0.5,0.25,0.25,-1,,,,
MNQ SEP25,1s,1,1870,2025-09-12 09:51:10,24029.25,24030,24029,24030,23,1,0.75,0,0.25,1,,,,
MNQ SEP25,10s,10,5586,2025-09-12 09:51:10,24032.25,24032.25,24027.75,24030,588,4.5,2.25,0,2.25,-1,95.75,-277.05,-59.56666667,-7.43
MNQ SEP25,1s,1,1871,2025-09-12 09:51:11,24029.75,24030.75,24029.25,24030,27,1.5,0.25,0.75,0.5,1,,,,
MNQ SEP25,1s,1,1872,2025-09-12 09:51:12,24030,24030.75,24029.75,24030.75,43,1,0.75,0,0.25,1,,,,
MNQ SEP25,1s,1,1873,2025-09-12 09:51:13,24031,24031.25,24030.25,24030.75,17,1,0.25,0.25,0.5,-1,,,,
MNQ SEP25,1s,1,1874,2025-09-12 09:51:14,24031,24031,24029,24029.75,28,2,1.25,0,0.75,-1,,,,
MNQ SEP25,1s,1,1875,2025-09-12 09:51:15,24030,24031,24029.75,24030.5,33,1.25,0.5,0.5,0.25,1,,,,
MNQ SEP25,1s,1,1876,2025-09-12 09:51:16,24030.5,24030.5,24029.75,24030.5,22,0.75,0,0,0.75,0,,,,
MNQ SEP25,1s,1,1877,2025-09-12 09:51:17,24029.5,24029.75,24028.5,24029.25,39,1.25,0.25,0.25,0.75,-1,,,,
MNQ SEP25,1s,1,1878,2025-09-12 09:51:18,24029.25,24029.25,24028.5,24029,11,0.75,0.25,0,0.5,-1,,,,
MNQ SEP25,1s,1,1879,2025-09-12 09:51:19,24028.5,24030,24028.5,24029.5,15,1.5,1,0.5,0,1,,,,
MNQ SEP25,1s,1,1880,2025-09-12 09:51:20,24030,24030.75,24029.5,24030.25,31,1.25,0.25,0.5,0.5,1,,,,
MNQ SEP25,10s,10,5587,2025-09-12 09:51:20,24029.75,24031.25,24028.5,24030.25,266,2.75,0.5,1,1.25,1,1.35,-94.4,-135.61666667,-40.63
MNQ SEP25,20s,20,5793,2025-09-12 09:51:20,24032.25,24032.25,24027.75,24030.25,854,4.5,2,0,2.5,-1,241.3,58.05,20.41666667,66.46
MNQ SEP25,1s,1,1881,2025-09-12 09:51:21,24029.75,24031.5,24029.5,24031.25,35,2,1.5,0.25,0.25,1,,,,
MNQ SEP25,1s,1,1882,2025-09-12 09:51:22,24031,24032.25,24031,24032.25,31,1.25,1.25,0,0,1,,,,
MNQ SEP25,1s,1,1883,2025-09-12 09:51:23,24032.5,24034,24032.5,24033,113,1.5,0.5,1,0,1,,,,
MNQ SEP25,1s,1,1884,2025-09-12 09:51:24,24032.75,24033.25,24031.75,24032.25,94,1.5,0.5,0.5,0.5,-1,,,,
MNQ SEP25,1s,1,1885,2025-09-12 09:51:25,24032.25,24033.25,24031.75,24032,46,1.5,0.25,1,0.25,-1,,,,
MNQ SEP25,1s,1,1886,2025-09-12 09:51:26,24032.5,24033.75,24032.5,24033.75,31,1.25,1.25,0,0,1,,,,
MNQ SEP25,1s,1,1887,2025-09-12 09:51:27,24033.75,24034.25,24033.5,24033.5,93,0.75,0.25,0.5,0,-1,,,,
MNQ SEP25,1s,1,1888,2025-09-12 09:51:28,24034,24034.25,24030.5,24031.25,142,3.75,2.75,0.25,0.75,-1,,,,
MNQ SEP25,1s,1,1889,2025-09-12 09:51:29,24031.25,24031.25,24030,24031.25,95,1.25,0,0,1.25,0,,,,
MNQ SEP25,1s,1,1890,2025-09-12 09:51:30,24030.75,24030.75,24028,24028,80,2.75,2.75,0,0,-1,,,,
MNQ SEP25,10s,10,5588,2025-09-12 09:51:30,24029.75,24034.25,24028,24028,760,6.25,1.75,4.5,0,-1,-12.25,-13.6,-128.35,-57.34
MNQ SEP25,1s,1,1891,2025-09-12 09:51:31,24028,24028.5,24027.25,24028.25,37,1.25,0.25,0.25,0.75,1,,,,
MNQ SEP25,1s,1,1892,2025-09-12 09:51:32,24028.25,24028.25,24025,24026.5,274,3.25,1.75,0,1.5,-1,,,,
MNQ SEP25,1s,1,1893,2025-09-12 09:51:33,24027,24027.75,24026.75,24027.25,61,1,0.25,0.5,0.25,1,,,,
MNQ SEP25,1s,1,1894,2025-09-12 09:51:34,24026.75,24027.75,24026.75,24027.25,25,1,0.5,0.5,0,1,,,,
MNQ SEP25,1s,1,1895,2025-09-12 09:51:35,24026.75,24027.5,24026.25,24027,44,1.25,0.25,0.5,0.5,1,,,,
MNQ SEP25,1s,1,1896,2025-09-12 09:51:36,24027,24027.5,24026.5,24027,29,1,0,0.5,0.5,0,,,,
MNQ SEP25,1s,1,1897,2025-09-12 09:51:37,24027,24027.5,24026.25,24026.75,65,1.25,0.25,0.5,0.5,-1,,,,
MNQ SEP25,1s,1,1898,2025-09-12 09:51:38,24026.75,24026.75,24024,24025.5,157,2.75,1.25,0,1.5,-1,,,,
MNQ SEP25,1s,1,1899,2025-09-12 09:51:39,24026.25,24027.75,24026.25,24027.25,34,1.5,1,0.5,0,1,,,,
MNQ SEP25,1s,1,1900,2025-09-12 09:51:40,24027.5,24027.5,24026.25,24026.5,33,1.25,1,0,0.25,-1,,,,
MNQ SEP25,10s,10,5589,2025-09-12 09:51:40,24028,24028.5,24024,24026.5,759,4.5,1.5,0.5,2.5,-1,-104.15,-91.9,-66.63333333,-102.47
MNQ SEP25,20s,20,5794,2025-09-12 09:51:40,24029.75,24034.25,24024,24026.5,1519,10.25,3.25,4.5,2.5,-1,357.05,115.75,87.33333333,88.99
MNQ SEP25,1s,1,1901,2025-09-12 09:51:41,24026.5,24026.5,24024,24024.75,46,2.5,1.75,0,0.75,-1,,,,
MNQ SEP25,1s,1,1902,2025-09-12 09:51:42,24024.5,24025,24023.75,24024.25,74,1.25,0.25,0.5,0.5,-1,,,,
MNQ SEP25,1s,1,1903,2025-09-12 09:51:43,24024,24026,24023.5,24025,56,2.5,1,1,0.5,1,,,,
MNQ SEP25,1s,1,1904,2025-09-12 09:51:44,24024.75,24026.25,24024.25,24026,45,2,1.25,0.25,0.5,1,,,,
MNQ SEP25,1s,1,1905,2025-09-12 09:51:45,24026.5,24027.25,24026.25,24026.25,36,1,0.25,0.75,0,-1,,,,
MNQ SEP25,1s,1,1906,2025-09-12 09:51:46,24026.25,24027.75,24025.75,24027.5,35,2,1.25,0.25,0.5,1,,,,
MNQ SEP25,1s,1,1907,2025-09-12 09:51:47,24027.75,24028.25,24027.25,24027.75,57,1,0,0.5,0.5,0,,,,
MNQ SEP25,1s,1,1908,2025-09-12 09:51:48,24028,24028,24026.25,24026.5,35,1.75,1.5,0,0.25,-1,,,,
MNQ SEP25,1s,1,1909,2025-09-12 09:51:49,24027,24027.5,24025.75,24026,37,1.75,1,0.5,0.25,-1,,,,
MNQ SEP25,1s,1,1910,2025-09-12 09:51:50,24026.25,24027.75,24026,24027.75,23,1.75,1.5,0,0.25,1,,,,
MNQ SEP25,10s,10,5590,2025-09-12 09:51:50,24026.5,24028.25,24023.5,24027.75,444,4.75,1.25,0.5,3,1,-169.7,-65.55,-57.01666667,-108.5
MNQ SEP25,1s,1,1911,2025-09-12 09:51:51,24028,24028.75,24026.5,24026.5,40,2.25,1.5,0.75,0,-1,,,,
MNQ SEP25,1s,1,1912,2025-09-12 09:51:52,24026.5,24027.25,24026,24026,8,1.25,0.5,0.75,0,-1,,,,
MNQ SEP25,1s,1,1913,2025-09-12 09:51:53,24025.5,24026.25,24025.5,24025.75,19,0.75,0.25,0.5,0,1,,,,
MNQ SEP25,1s,1,1914,2025-09-12 09:51:54,24025.25,24025.5,24024.75,24024.75,16,0.75,0.5,0.25,0,-1,,,,
MNQ SEP25,1s,1,1915,2025-09-12 09:51:55,24025,24025.75,24024.25,24024.25,33,1.5,0.75,0.75,0,-1,,,,
MNQ SEP25,1s,1,1916,2025-09-12 09:51:56,24024.25,24024.5,24022.75,24022.75,77,1.75,1.5,0.25,0,-1,,,,
MNQ SEP25,1s,1,1917,2025-09-12 09:51:57,24023,24023.25,24022,24023,98,1.25,0,0.25,1,0,,,,
MNQ SEP25,1s,1,1918,2025-09-12 09:51:58,24023,24023.75,24023,24023.25,29,0.75,0.25,0.5,0,1,,,,
MNQ SEP25,1s,1,1919,2025-09-12 09:51:59,24024,24024,24022.5,24023,47,1.5,1,0,0.5,-1,,,,
MNQ SEP25,1s,1,1920,2025-09-12 09:52:00,24023.25,24024,24023,24023.5,43,1,0.25,0.5,0.25,1,,,,
MNQ SEP25,10s,10,5591,2025-09-12 09:52:00,24028,24028.75,24022,24023.5,410,6.75,4.5,0.75,1.5,-1,-189.25,-19.55,-59,-57
MNQ SEP25,20s,20,5795,2025-09-12 09:52:00,24026.5,24028.75,24022,24023.5,854,6.75,3,2.25,1.5,-1,1.45,-355.6,-60.6,-35.72
MNQ SEP25,1s,1,1921,2025-09-12 09:52:01,24023,24025,24023,24025,33,2,2,0,0,1,,,,
MNQ SEP25,1s,1,1922,2025-09-12 09:52:02,24025,24026.25,24024.75,24026,88,1.5,1,0.25,0.25,1,,,,
MNQ SEP25,1s,1,1923,2025-09-12 09:52:03,24026,24026,24025,24025,28,1,1,0,0,-1,,,,
MNQ SEP25,1s,1,1924,2025-09-12 09:52:04,24025.5,24026.75,24025,24026.5,36,1.75,1,0.25,0.5,1,,,,
MNQ SEP25,1s,1,1925,2025-09-12 09:52:05,24026,24026.75,24025,24026,53,1.75,0,0.75,1,0,,,,
MNQ SEP25,1s,1,1926,2025-09-12 09:52:06,24026,24026.25,24025.5,24026.25,28,0.75,0.25,0,0.5,1,,,,
MNQ SEP25,1s,1,1927,2025-09-12 09:52:07,24026.5,24026.5,24024.25,24024.25,18,2.25,2.25,0,0,-1,,,,
MNQ SEP25,1s,1,1928,2025-09-12 09:52:08,24023.75,24025.5,24022.75,24025,181,2.75,1.25,0.5,1,1,,,,
MNQ SEP25,1s,1,1929,2025-09-12 09:52:09,24025.25,24025.75,24024.75,24025.25,27,1,0,0.5,0.5,0,,,,
MNQ SEP25,1s,1,1930,2025-09-12 09:52:10,24024.75,24026.5,24024.75,24026.25,32,1.75,1.5,0.25,0,1,,,,
MNQ SEP25,10s,10,5592,2025-09-12 09:52:10,24023,24026.75,24022.75,24026.25,524,4,3.25,0.5,0.25,1,-129.95,59.3,-8.6,-26.26
MNQ SEP25,1s,1,1931,2025-09-12 09:52:11,24026.25,24028.25,24026.25,24027,44,2,0.75,1.25,0,1,,,,
MNQ SEP25,1s,1,1932,2025-09-12 09:52:12,24026.5,24028,24026.5,24027,20,1.5,0.5,1,0,1,,,,
MNQ SEP25,1s,1,1933,2025-09-12 09:52:13,24026.5,24027,24025.75,24026.25,36,1.25,0.25,0.5,0.5,-1,,,,
MNQ SEP25,1s,1,1934,2025-09-12 09:52:14,24026,24026,24025.25,24025.25,21,0.75,0.75,0,0,-1,,,,
MNQ SEP25,1s,1,1935,2025-09-12 09:52:15,24025.25,24025.75,24024.75,24025,16,1,0.25,0.5,0.25,-1,,,,
MNQ SEP25,1s,1,1936,2025-09-12 09:52:16,24025.25,24025.25,24023.75,24024.25,23,1.5,1,0,0.5,-1,,,,
MNQ SEP25,1s,1,1937,2025-09-12 09:52:17,24023.75,24024,24022.75,24022.75,29,1.25,1,0.25,0,-1,,,,
MNQ SEP25,1s,1,1938,2025-09-12 09:52:18,24022.5,24022.5,24021.25,24021.5,87,1.25,1,0,0.25,-1,,,,
MNQ SEP25,1s,1,1939,2025-09-12 09:52:19,24021.5,24022.75,24020.75,24022.75,96,2,1.25,0,0.75,1,,,,
MNQ SEP25,1s,1,1940,2025-09-12 09:52:20,24022.5,24022.5,24021.5,24022.5,20,1,0,0,1,0,,,,
MNQ SEP25,10s,10,5593,2025-09-12 09:52:20,24026.25,24028.25,24020.75,24022.5,392,7.5,3.75,2,1.75,-1,-168.2,-38.25,0.5,-31.19
MNQ SEP25,20s,20,5796,2025-09-12 09:52:20,24023,24028.25,24020.75,24022.5,916,7.5,0.5,5.25,1.75,-1,-82,-83.45,-107.76666667,-35.41
MNQ SEP25,1s,1,1941,2025-09-12 09:52:21,24022.25,24022.5,24021.75,24022,33,0.75,0.25,0.25,0.25,-1,,,,
MNQ SEP25,1s,1,1942,2025-09-12 09:52:22,24022,24022.25,24021,24021.5,35,1.25,0.5,0.25,0.5,-1,,,,
MNQ SEP25,1s,1,1943,2025-09-12 09:52:23,24020.75,24020.75,24018.25,24019.5,305,2.5,1.25,0,1.25,-1,,,,
MNQ SEP25,1s,1,1944,2025-09-12 09:52:24,24019.25,24020.25,24018.25,24018.5,90,2,0.75,1,0.25,-1,,,,
MNQ SEP25,1s,1,1945,2025-09-12 09:52:25,24018.5,24019,24017,24017.25,160,2,1.25,0.5,0.25,-1,,,,
MNQ SEP25,1s,1,1946,2025-09-12 09:52:26,24017.5,24018,24016.75,24017.25,91,1.25,0.25,0.5,0.5,-1,,,,
MNQ SEP25,1s,1,1947,2025-09-12 09:52:27,24017,24021.5,24017,24019,265,4.5,2,2.5,0,1,,,,
MNQ SEP25,1s,1,1948,2025-09-12 09:52:28,24019,24020.75,24018.5,24020.5,67,2.25,1.5,0.25,0.5,1,,,,
MNQ SEP25,1s,1,1949,2025-09-12 09:52:29,24020.5,24020.75,24019,24019.5,76,1.75,1,0.25,0.5,-1,,,,
MNQ SEP25,1s,1,1950,2025-09-12 09:52:30,24019.75,24020.5,24019,24019.5,34,1.5,0.25,0.75,0.5,-1,,,,
MNQ SEP25,10s,10,5594,2025-09-12 09:52:30,24022.25,24022.5,24016.75,24019.5,1156,5.75,2.75,0.25,2.75,-1,-118.5,49.7,23.58333333,-2.87
MNQ SEP25,1s,1,1951,2025-09-12 09:52:31,24020,24021,24019.25,24020,92,1.75,0,1,0.75,0,,,,
MNQ SEP25,1s,1,1952,2025-09-12 09:52:32,24020,24020.5,24019,24019,37,1.5,1,0.5,0,-1,,,,
MNQ SEP25,1s,1,1953,2025-09-12 09:52:33,24019.5,24019.5,24018.25,24019.5,27,1.25,0,0,1.25,0,,,,
MNQ SEP25,1s,1,1954,2025-09-12 09:52:34,24019.5,24023.25,24019.5,24023.25,93,3.75,3.75,0,0,1,,,,
MNQ SEP25,1s,1,1955,2025-09-12 09:52:35,24022.75,24023,24021.5,24022.25,57,1.5,0.5,0.25,0.75,-1,,,,
MNQ SEP25,1s,1,1956,2025-09-12 09:52:36,24022.25,24022.25,24021,24022,13,1.25,0.25,0,1,-1,,,,
MNQ SEP25,1s,1,1957,2025-09-12 09:52:37,24021.5,24022.25,24021.25,24021.5,30,1,0,0.75,0.25,0,,,,
MNQ SEP25,1s,1,1958,2025-09-12 09:52:38,24022,24023,24021.75,24022.75,28,1.25,0.75,0.25,0.25,1,,,,
MNQ SEP25,1s,1,1959,2025-09-12 09:52:39,24022,24022.25,24021,24021.5,51,1.25,0.5,0.25,0.5,-1,,,,
MNQ SEP25,1s,1,1960,2025-09-12 09:52:40,24021.75,24022,24020.25,24020.25,24,1.75,1.5,0.25,0,-1,,,,
MNQ SEP25,10s,10,5595,2025-09-12 09:52:40,24020,24023.25,24018.25,24020.25,452,5,0.25,3,1.75,1,-100.1,18.4,9.95,13.92
MNQ SEP25,20s,20,5797,2025-09-12 09:52:40,24022.25,24023.25,24016.75,24020.25,1608,6.5,2,1,3.5,-1,-189.95,-107.95,-182.33333333,-74.64
MNQ SEP25,1s,1,1961,2025-09-12 09:52:41,24020.25,24021,24020,24020.5,27,1,0.25,0.5,0.25,1,,,,
MNQ SEP25,1s,1,1962,2025-09-12 09:52:42,24020.25,24020.25,24019.25,24020,20,1,0.25,0,0.75,-1,,,,
MNQ SEP25,1s,1,1963,2025-09-12 09:52:43,24019.5,24020.75,24019,24020.5,36,1.75,1,0.25,0.5,1,,,,
MNQ SEP25,1s,1,1964,2025-09-12 09:52:44,24020.5,24021.25,24020.5,24021,27,0.75,0.5,0.25,0,1,,,,
MNQ SEP25,1s,1,1965,2025-09-12 09:52:45,24020.75,24021.75,24020.5,24021.75,37,1.25,1,0,0.25,1,,,,
MNQ SEP25,1s,1,1966,2025-09-12 09:52:46,24021.75,24022.5,24020.75,24020.75,56,1.75,1,0.75,0,-1,,,,
MNQ SEP25,1s,1,1967,2025-09-12 09:52:47,24020.5,24022,24020.5,24022,11,1.5,1.5,0,0,1,,,,
MNQ SEP25,1s,1,1968,2025-09-12 09:52:48,24022.5,24022.5,24021.25,24022.25,31,1.25,0.25,0,1,-1,,,,
MNQ SEP25,1s,1,1969,2025-09-12 09:52:49,24022,24022.5,24022,24022.5,19,0.5,0.5,0,0,1,,,,
MNQ SEP25,1s,1,1970,2025-09-12 09:52:50,24022,24022.25,24021,24021.75,11,1.25,0.25,0.25,0.75,-1,,,,
MNQ SEP25,10s,10,5596,2025-09-12 09:52:50,24020.25,24022.5,24019,24021.75,275,3.5,1.5,0.75,1.25,1,-115.05,-14.95,17.71666667,14.84
MNQ SEP25,1s,1,1971,2025-09-12 09:52:51,24022.75,24023.25,24022,24022,34,1.25,0.75,0.5,0,-1,,,,
MNQ SEP25,1s,1,1972,2025-09-12 09:52:52,24022.25,24022.5,24020.5,24022,118,2,0.25,0.25,1.5,-1,,,,
MNQ SEP25,1s,1,1973,2025-09-12 09:52:53,24022.25,24023.25,24022.25,24023.25,17,1,1,0,0,1,,,,
MNQ SEP25,1s,1,1974,2025-09-12 09:52:54,24023.5,24024.75,24023.25,24023.5,53,1.5,0,1.25,0.25,0,,,,
MNQ SEP25,1s,1,1975,2025-09-12 09:52:55,24023.75,24025,24023.25,24023.75,163,1.75,0,1.25,0.5,0,,,,
MNQ SEP25,1s,1,1976,2025-09-12 09:52:56,24024,24024,24021.5,24022,53,2.5,2,0,0.5,-1,,,,
MNQ SEP25,1s,1,1977,2025-09-12 09:52:57,24022.25,24023.25,24022.25,24023,35,1,0.75,0.25,0,1,,,,
MNQ SEP25,1s,1,1978,2025-09-12 09:52:58,24022.25,24022.25,24021.5,24022,30,0.75,0.25,0,0.5,-1,,,,
MNQ SEP25,1s,1,1979,2025-09-12 09:52:59,24022,24022.75,24021.5,24022.5,24,1.25,0.5,0.25,0.5,1,,,,
MNQ SEP25,1s,1,1980,2025-09-12 09:53:00,24022.25,24023.5,24022.25,24023.5,13,1.25,1.25,0,0,1,,,,
MNQ SEP25,10s,10,5597,2025-09-12 09:53:00,24022.75,24025,24020.5,24023.5,540,4.5,0.75,1.5,2.25,1,-121.25,-6.2,-0.91666667,1.74
MNQ SEP25,20s,20,5798,2025-09-12 09:53:00,24020.25,24025,24019,24023.5,815,6,3.25,1.5,1.25,1,-118.5,71.45,-39.98333333,-71.96
MNQ SEP25,1s,1,1981,2025-09-12 09:53:01,24023.75,24026,24023.5,24026,63,2.5,2.25,0,0.25,1,,,,
MNQ SEP25,1s,1,1982,2025-09-12 09:53:02,24025.75,24026.5,24024.5,24025.25,54,2,0.5,0.75,0.75,-1,,,,
MNQ SEP25,1s,1,1983,2025-09-12 09:53:03,24024.75,24024.75,24023.75,24024.75,52,1,0,0,1,0,,,,
MNQ SEP25,1s,1,1984,2025-09-12 09:53:04,24024.75,24026.25,24024.75,24025.5,34,1.5,0.75,0.75,0,1,,,,
MNQ SEP25,1s,1,1985,2025-09-12 09:53:05,24024.75,24027,24024.5,24026.25,52,2.5,1.5,0.75,0.25,1,,,,
MNQ SEP25,1s,1,1986,2025-09-12 09:53:06,24026.25,24026.5,24026,24026.25,20,0.5,0,0.25,0.25,0,,,,
MNQ SEP25,1s,1,1987,2025-09-12 09:53:07,24026,24026.75,24025.25,24025.25,41,1.5,0.75,0.75,0,-1,,,,
MNQ SEP25,1s,1,1988,2025-09-12 09:53:08,24025,24025.25,24024.5,24024.75,21,0.75,0.25,0.25,0.25,-1,,,,
MNQ SEP25,1s,1,1989,2025-09-12 09:53:09,24025.25,24026,24025,24026,11,1,0.75,0,0.25,1,,,,
MNQ SEP25,1s,1,1990,2025-09-12 09:53:10,24025.5,24026.75,24025.5,24026.5,30,1.25,1,0.25,0,1,,,,
MNQ SEP25,10s,10,5598,2025-09-12 09:53:10,24023.75,24027,24023.5,24026.5,378,3.5,2.75,0.5,0.25,1,-122.1,-0.85,-7.33333333,9.22
MNQ SEP25,1s,1,1991,2025-09-12 09:53:11,24026.75,24026.75,24025.5,24025.75,17,1.25,1,0,0.25,-1,,,,
MNQ SEP25,1s,1,1992,2025-09-12 09:53:12,24025.5,24025.5,24024,24024.25,36,1.5,1.25,0,0.25,-1,,,,
MNQ SEP25,1s,1,1993,2025-09-12 09:53:13,24024.5,24026,24024.25,24025.25,47,1.75,0.75,0.75,0.25,1,,,,
MNQ SEP25,1s,1,1994,2025-09-12 09:53:14,24025.25,24025.25,24024.75,24025,23,0.5,0.25,0,0.25,-1,,,,
MNQ SEP25,1s,1,1995,2025-09-12 09:53:15,24024.75,24026,24024.75,24025,36,1.25,0.25,1,0,1,,,,
MNQ SEP25,1s,1,1996,2025-09-12 09:53:16,24024.5,24024.5,24022,24022,61,2.5,2.5,0,0,-1,,,,
MNQ SEP25,1s,1,1997,2025-09-12 09:53:17,24022.25,24022.75,24021,24021.25,57,1.75,1,0.5,0.25,-1,,,,
MNQ SEP25,1s,1,1998,2025-09-12 09:53:18,24021.5,24022.25,24021,24021.75,53,1.25,0.25,0.5,0.5,1,,,,
MNQ SEP25,1s,1,1999,2025-09-12 09:53:19,24021.5,24022.25,24021.25,24022.25,20,1,0.75,0,0.25,1,,,,
MNQ SEP25,1s,1,2000,2025-09-12 09:53:20,24022.5,24023.5,24022.25,24022.5,32,1.25,0,1,0.25,0,,,,
MNQ SEP25,10s,10,5599,2025-09-12 09:53:20,24026.75,24026.75,24021,24022.5,382,5.75,4.25,0,1.5,-1,-276.7,-154.6,-53.88333333,-31.64
MNQ SEP25,20s,20,5799,2025-09-12 09:53:20,24023.75,24027,24021,24022.5,760,6,1.25,3.25,1.5,-1,-265.15,-146.65,-61.05,-124.44
MNQ SEP25,1s,1,2001,2025-09-12 09:53:21,24022.75,24023.5,24022.75,24023.25,18,0.75,0.5,0.25,0,1,,,,
MNQ SEP25,1s,1,2002,2025-09-12 09:53:22,24023.25,24023.25,24022,24023,34,1.25,0.25,0,1,-1,,,,
MNQ SEP25,1s,1,2003,2025-09-12 09:53:23,24022.5,24022.5,24022.25,24022.5,10,0.25,0,0,0.25,0,,,,
MNQ SEP25,1s,1,2004,2025-09-12 09:53:24,24022.75,24023.5,24022.5,24023,13,1,0.25,0.5,0.25,1,,,,
MNQ SEP25,1s,1,2005,2025-09-12 09:53:25,24023.25,24024,24022.75,24023.75,31,1.25,0.5,0.25,0.5,1,,,,
MNQ SEP25,1s,1,2006,2025-09-12 09:53:26,24024,24025.25,24023.5,24023.5,47,1.75,0.5,1.25,0,-1,,,,
MNQ SEP25,1s,1,2007,2025-09-12 09:53:27,24024.25,24024.25,24023.25,24023.25,17,1,1,0,0,-1,,,,
MNQ SEP25,1s,1,2008,2025-09-12 09:53:28,24023,24023,24022.25,24022.25,13,0.75,0.75,0,0,-1,,,,
MNQ SEP25,1s,1,2009,2025-09-12 09:53:29,24022.75,24025,24022.5,24024.5,23,2.5,1.75,0.5,0.25,1,,,,
MNQ SEP25,1s,1,2010,2025-09-12 09:53:30,24025.25,24027,24025.25,24026.5,77,1.75,1.25,0.5,0,1,,,,
MNQ SEP25,10s,10,5600,2025-09-12 09:53:30,24022.75,24027,24022,24026.5,283,5,3.75,0.5,0.75,1,-277.05,-0.35,-51.93333333,-35.39
MNQ SEP25,1s,1,2011,2025-09-12 09:53:31,24026.75,24026.75,24025.25,24025.25,19,1.5,1.5,0,0,-1,,,,
MNQ SEP25,1s,1,2012,2025-09-12 09:53:32,24025,24026.75,24024.5,24026.5,21,2.25,1.5,0.25,0.5,1,,,,
MNQ SEP25,1s,1,2013,2025-09-12 09:53:33,24027,24027.25,24026,24026,40,1.25,1,0.25,0,-1,,,,
MNQ SEP25,1s,1,2014,2025-09-12 09:53:34,24026,24026.25,24025,24025.75,14,1.25,0.25,0.25,0.75,-1,,,,
MNQ SEP25,1s,1,2015,2025-09-12 09:53:35,24026,24026.5,24025.5,24025.5,29,1,0.5,0.5,0,-1,,,,
MNQ SEP25,1s,1,2016,2025-09-12 09:53:36,24025.25,24026.25,24025.25,24026.25,14,1,1,0,0,1,,,,
MNQ SEP25,1s,1,2017,2025-09-12 09:53:37,24025.5,24025.5,24024.75,24025.25,18,0.75,0.25,0,0.5,-1,,,,
MNQ SEP25,1s,1,2018,2025-09-12 09:53:38,24024.5,24025.25,24024.5,24024.5,13,0.75,0,0.75,0,0,,,,
MNQ SEP25,1s,1,2019,2025-09-12 09:53:39,24024.25,24024.25,24023.75,24024,9,0.5,0.25,0,0.25,-1,,,,
MNQ SEP25,1s,1,2020,2025-09-12 09:53:40,24024.25,24024.5,24023.25,24024,20,1.25,0.25,0.25,0.75,-1,,,,
MNQ SEP25,10s,10,5601,2025-09-12 09:53:40,24026.75,24027.25,24023.25,24024,197,4,2.75,0.5,0.75,-1,-205.05,72,-27.65,-18
MNQ SEP25,20s,20,5800,2025-09-12 09:53:40,24022.75,24027.25,24022,24024,480,5.25,1.25,3.25,0.75,1,-323.55,-58.4,-44.53333333,-65
MNQ SEP25,1s,1,2021,2025-09-12 09:53:41,24024.5,24024.5,24021.75,24023,27,2.75,1.5,0,1.25,-1,,,,
MNQ SEP25,1s,1,2022,2025-09-12 09:53:42,24022.75,24023.25,24022,24022.5,22,1.25,0.25,0.5,0.5,-1,,,,
MNQ SEP25,1s,1,2023,2025-09-12 09:53:43,24022.25,24023,24022.25,24022.75,4,0.75,0.5,0.25,0,1,,,,
MNQ SEP25,1s,1,2024,2025-09-12 09:53:44,24022.75,24024.25,24022.5,24024.25,26,1.75,1.5,0,0.25,1,,,,
MNQ SEP25,1s,1,2025,2025-09-12 09:53:45,24023.75,24025.25,24023.75,24025.25,22,1.5,1.5,0,0,1,,,,
MNQ SEP25,1s,1,2026,2025-09-12 09:53:46,24024.25,24025.25,24024,24024,10,1.25,0.25,1,0,-1,,,,
MNQ SEP25,1s,1,2027,2025-09-12 09:53:47,24024.25,24024.5,24023.75,24024.5,16,0.75,0.25,0,0.5,1,,,,
MNQ SEP25,1s,1,2028,2025-09-12 09:53:48,24024.5,24025,24024.25,24025,3,0.75,0.5,0,0.25,1,,,,
MNQ SEP25,1s,1,2029,2025-09-12 09:53:49,24025.5,24026.25,24025.5,24025.5,24,0.75,0,0.75,0,0,,,,
MNQ SEP25,1s,1,2030,2025-09-12 09:53:50,24025.5,24027,24025.5,24025.75,30,1.5,0.25,1.25,0,1,,,,
MNQ SEP25,10s,10,5602,2025-09-12 09:53:50,24024.5,24027,24021.75,24025.75,184,5.25,1.25,1.25,2.75,1,-247.8,-42.75,9.63333333,-25.31
MNQ SEP25,1s,1,2031,2025-09-12 09:53:51,24027,24027.25,24026.25,24027,31,1,0,0.25,0.75,0,,,,
MNQ SEP25,1s,1,2032,2025-09-12 09:53:52,24027.25,24027.25,24026,24026,34,1.25,1.25,0,0,-1,,,,
MNQ SEP25,1s,1,2033,2025-09-12 09:53:53,24026.5,24028.75,24026,24028.5,123,2.75,2,0.25,0.5,1,,,,
MNQ SEP25,1s,1,2034,2025-09-12 09:53:54,24028.5,24029.5,24028.5,24028.5,96,1,0,1,0,0,,,,
MNQ SEP25,1s,1,2035,2025-09-12 09:53:55,24028.25,24029,24027.5,24029,46,1.5,0.75,0,0.75,1,,,,
MNQ SEP25,1s,1,2036,2025-09-12 09:53:56,24028.5,24030.5,24028.25,24030,79,2.25,1.5,0.5,0.25,1,,,,
MNQ SEP25,1s,1,2037,2025-09-12 09:53:57,24029.75,24031.5,24029.75,24030.5,73,1.75,0.75,1,0,1,,,,
MNQ SEP25,1s,1,2038,2025-09-12 09:53:58,24030.5,24030.5,24028,24028.25,71,2.5,2.25,0,0.25,-1,,,,
MNQ SEP25,1s,1,2039,2025-09-12 09:53:59,24028.25,24029,24028.25,24028.75,27,0.75,0.5,0.25,0,1,,,,
MNQ SEP25,1s,1,2040,2025-09-12 09:54:00,24028.75,24029,24028,24028.25,17,1,0.5,0.25,0.25,-1,,,,
MNQ SEP25,10s,10,5603,2025-09-12 09:54:00,24027,24031.5,24026,24028.25,597,5.5,1.25,3.25,1,1,-197.2,50.6,26.61666667,-15.02
MNQ SEP25,20s,20,5801,2025-09-12 09:54:00,24024.5,24031.5,24021.75,24028.25,781,9.75,3.75,3.25,2.75,1,-317.15,6.4,-66.21666667,-47.03
MNQ SEP25,1s,1,2041,2025-09-12 09:54:01,24028.5,24029,24027.25,24027.5,59,1.75,1,0.5,0.25,-1,,,,
MNQ SEP25,1s,1,2042,2025-09-12 09:54:02,24027.25,24027.5,24025.25,24025.5,37,2.25,1.75,0.25,0.25,-1,,,,
MNQ SEP25,1s,1,2043,2025-09-12 09:54:03,24025.25,24026.25,24025,24026.25,30,1.25,1,0,0.25,1,,,,
MNQ SEP25,1s,1,2044,2025-09-12 09:54:04,24026.25,24028,24026.25,24028,20,1.75,1.75,0,0,1,,,,
MNQ SEP25,1s,1,2045,2025-09-12 09:54:05,24028.5,24029.25,24028.25,24028.25,32,1,0.25,0.75,0,-1,,,,
MNQ SEP25,1s,1,2046,2025-09-12 09:54:06,24028.25,24029.5,24027.75,24029,26,1.75,0.75,0.5,0.5,1,,,,
MNQ SEP25,1s,1,2047,2025-09-12 09:54:07,24029,24029.5,24028.25,24029.5,31,1.25,0.5,0,0.75,1,,,,
MNQ SEP25,1s,1,2048,2025-09-12 09:54:08,24029,24029.5,24029,24029.5,13,0.5,0.5,0,0,1,,,,
MNQ SEP25,1s,1,2049,2025-09-12 09:54:09,24029.5,24029.5,24028.25,24028.75,27,1.25,0.75,0,0.5,-1,,,,
MNQ SEP25,1s,1,2050,2025-09-12 09:54:10,24028.25,24029,24028.25,24028.5,15,0.75,0.25,0.5,0,1,,,,
MNQ SEP25,10s,10,5604,2025-09-12 09:54:10,24028.5,24029.5,24025,24028.5,290,4.5,0,1,3.5,0,-170.95,26.25,11.36666667,21.15
MNQ SEP25,1s,1,2051,2025-09-12 09:54:11,24028.5,24028.75,24028.25,24028.5,7,0.5,0,0.25,0.25,0,,,,
MNQ SEP25,1s,1,2052,2025-09-12 09:54:12,24028.25,24028.75,24028.25,24028.75,12,0.5,0.5,0,0,1,,,,
MNQ SEP25,1s,1,2053,2025-09-12 09:54:13,24028.75,24028.75,24028,24028.5,28,0.75,0.25,0,0.5,-1,,,,
MNQ SEP25,1s,1,2054,2025-09-12 09:54:14,24028.5,24028.5,24027.25,24028,23,1.25,0.5,0,0.75,-1,,,,
MNQ SEP25,1s,1,2055,2025-09-12 09:54:15,24028,24029.25,24027,24029,22,2.25,1,0.25,1,1,,,,
MNQ SEP25,1s,1,2056,2025-09-12 09:54:16,24029.5,24029.5,24028.75,24029,15,0.75,0.5,0,0.25,-1,,,,
MNQ SEP25,1s,1,2057,2025-09-12 09:54:17,24029,24029,24028,24028.5,21,1,0.5,0,0.5,-1,,,,
MNQ SEP25,1s,1,2058,2025-09-12 09:54:18,24028,24028.5,24028,24028.5,5,0.5,0.5,0,0,1,,,,
MNQ SEP25,1s,1,2059,2025-09-12 09:54:19,24028.75,24029.5,24028.5,24029.5,22,1,0.75,0,0.25,1,,,,
MNQ SEP25,1s,1,2060,2025-09-12 09:54:20,24029.75,24029.75,24027.25,24027.25,20,2.5,2.5,0,0,-1,,,,
MNQ SEP25,10s,10,5605,2025-09-12 09:54:20,24028.5,24029.75,24027,24027.25,175,2.75,1.25,1.25,0.25,-1,-164,6.95,27.93333333,22.61
MNQ SEP25,20s,20,5802,2025-09-12 09:54:20,24028.5,24029.75,24025,24027.25,465,4.75,1.25,1.25,2.25,-1,-492.4,-175.25,-75.75,-60.49
MNQ SEP25,1s,1,2061,2025-09-12 09:54:21,24027.5,24029,24027.5,24029,55,1.5,1.5,0,0,1,,,,
MNQ SEP25,1s,1,2062,2025-09-12 09:54:22,24029.25,24029.5,24029,24029,38,0.5,0.25,0.25,0,-1,,,,
MNQ SEP25,1s,1,2063,2025-09-12 09:54:23,24029.5,24030,24029.25,24029.25,23,0.75,0.25,0.5,0,-1,,,,
MNQ SEP25,1s,1,2064,2025-09-12 09:54:24,24029,24029.25,24028,24028,37,1.25,1,0.25,0,-1,,,,
MNQ SEP25,1s,1,2065,2025-09-12 09:54:25,24027.75,24028,24026.5,24026.75,19,1.5,1,0.25,0.25,-1,,,,
MNQ SEP25,1s,1,2066,2025-09-12 09:54:26,24027,24027,24025,24025,33,2,2,0,0,-1,,,,
MNQ SEP25,1s,1,2067,2025-09-12 09:54:27,24025,24026.75,24025,24026.25,26,1.75,1.25,0.5,0,1,,,,
MNQ SEP25,1s,1,2068,2025-09-12 09:54:28,24026.25,24027.25,24026.25,24027.25,17,1,1,0,0,1,,,,
MNQ SEP25,1s,1,2069,2025-09-12 09:54:29,24026.75,24027.25,24026.5,24027.25,13,0.75,0.5,0,0.25,1,,,,
MNQ SEP25,1s,1,2070,2025-09-12 09:54:30,24028.25,24028.75,24028,24028,15,0.75,0.25,0.5,0,-1,,,,
MNQ SEP25,10s,10,5606,2025-09-12 09:54:30,24027.5,24030,24025,24028,276,5,0.5,2,2.5,1,-132.6,31.4,21.53333333,14.49
MNQ SEP25,1s,1,2071,2025-09-12 09:54:31,24027.75,24028,24027.5,24027.5,5,0.5,0.25,0.25,0,-1,,,,
MNQ SEP25,1s,1,2072,2025-09-12 09:54:32,24027.5,24028.75,24027.5,24028.75,20,1.25,1.25,0,0,1,,,,
MNQ SEP25,1s,1,2073,2025-09-12 09:54:33,24029,24029,24028,24028.25,17,1,0.75,0,0.25,-1,,,,
MNQ SEP25,1s,1,2074,2025-09-12 09:54:34,24028.75,24029,24028.5,24029,14,0.5,0.25,0,0.25,1,,,,
MNQ SEP25,1s,1,2075,2025-09-12 09:54:35,24029.5,24030,24029,24029.5,29,1,0,0.5,0.5,0,,,,
MNQ SEP25,1s,1,2076,2025-09-12 09:54:36,24029,24029.75,24029,24029.75,14,0.75,0.75,0,0,1,,,,
MNQ SEP25,1s,1,2077,2025-09-12 09:54:37,24029.75,24030.25,24028.5,24028.75,41,1.75,1,0.5,0.25,-1,,,,
MNQ SEP25,1s,1,2078,2025-09-12 09:54:38,24029,24029.25,24028.25,24029,21,1,0,0.25,0.75,0,,,,
MNQ SEP25,1s,1,2079,2025-09-12 09:54:39,24027.75,24028.75,24027.75,24028.5,29,1,0.75,0.25,0,1,,,,
MNQ SEP25,1s,1,2080,2025-09-12 09:54:40,24028.5,24028.75,24027,24027,46,1.75,1.5,0.25,0,-1,,,,
MNQ SEP25,10s,10,5607,2025-09-12 09:54:40,24027.75,24030.25,24027,24027,236,3.25,0.75,2.5,0,-1,-120.7,11.9,16.75,25.42
MNQ SEP25,20s,20,5803,2025-09-12 09:54:40,24027.5,24030.25,24025,24027,512,5.25,0.5,2.75,2,-1,-537.75,-45.35,-71.4,-83.85
MNQ SEP25,1s,1,2081,2025-09-12 09:54:41,24027.25,24027.75,24026.5,24027,45,1.25,0.25,0.5,0.5,-1,,,,
MNQ SEP25,1s,1,2082,2025-09-12 09:54:42,24026.75,24027.5,24026.75,24027.25,24,0.75,0.5,0.25,0,1,,,,
MNQ SEP25,1s,1,2083,2025-09-12 09:54:43,24027.25,24027.75,24027,24027.5,16,0.75,0.25,0.25,0.25,1,,,,
MNQ SEP25,1s,1,2084,2025-09-12 09:54:44,24028.25,24028.25,24027.75,24028.25,9,0.5,0,0,0.5,0,,,,
MNQ SEP25,1s,1,2085,2025-09-12 09:54:45,24028.75,24028.75,24027.25,24027.25,30,1.5,1.5,0,0,-1,,,,
MNQ SEP25,1s,1,2086,2025-09-12 09:54:46,24027.75,24027.75,24026.5,24026.5,12,1.25,1.25,0,0,-1,,,,
MNQ SEP25,1s,1,2087,2025-09-12 09:54:47,24026.75,24027,24025.75,24025.75,23,1.25,1,0.25,0,-1,,,,
MNQ SEP25,1s,1,2088,2025-09-12 09:54:48,24026.25,24026.75,24025.75,24025.75,16,1,0.5,0.5,0,-1,,,,
MNQ SEP25,1s,1,2089,2025-09-12 09:54:49,24026,24026.25,24024.75,24025.75,80,1.5,0.25,0.25,1,-1,,,,
MNQ SEP25,1s,1,2090,2025-09-12 09:54:50,24026,24026.25,24025.5,24025.75,17,0.75,0.25,0.25,0.25,-1,,,,
MNQ SEP25,10s,10,5608,2025-09-12 09:54:50,24027.25,24028.75,24024.75,24025.75,272,4,1.5,1.5,1,-1,-161.3,-40.6,0.9,7.18
MNQ SEP25,1s,1,2091,2025-09-12 09:54:51,24025.75,24026.5,24025.25,24026.5,30,1.25,0.75,0,0.5,1,,,,
MNQ SEP25,1s,1,2092,2025-09-12 09:54:52,24026.5,24026.75,24026.25,24026.5,13,0.5,0,0.25,0.25,0,,,,
MNQ SEP25,1s,1,2093,2025-09-12 09:54:53,24027,24027,24025.75,24025.75,10,1.25,1.25,0,0,-1,,,,
MNQ SEP25,1s,1,2094,2025-09-12 09:54:54,24026.25,24026.25,24024.25,24024.75,32,2,1.5,0,0.5,-1,,,,
MNQ SEP25,1s,1,2095,2025-09-12 09:54:55,24025,24025.5,24024.5,24025.5,22,1,0.5,0,0.5,1,,,,
MNQ SEP25,1s,1,2096,2025-09-12 09:54:56,24025.5,24026.5,24025.5,24026.5,25,1,1,0,0,1,,,,
MNQ SEP25,1s,1,2097,2025-09-12 09:54:57,24026.5,24026.75,24025.5,24025.5,8,1.25,1,0.25,0,-1,,,,
MNQ SEP25,1s,1,2098,2025-09-12 09:54:58,24025.5,24026.25,24025.5,24026,11,0.75,0.5,0.25,0,1,,,,
MNQ SEP25,1s,1,2099,2025-09-12 09:54:59,24026.25,24026.25,24026,24026,8,0.25,0.25,0,0,-1,,,,
MNQ SEP25,1s,1,2100,2025-09-12 09:55:00,24025.75,24026,24025.5,24025.5,7,0.5,0.25,0.25,0,-1,,,,
MNQ SEP25,10s,10,5609,2025-09-12 09:55:00,24025.75,24027,24024.25,24025.5,166,2.75,0.25,1.25,1.25,-1,-156.45,4.85,-7.95,2.9
MNQ SEP25,20s,20,5804,2025-09-12 09:55:00,24027.25,24028.75,24024.25,24025.5,438,4.5,1.75,1.5,1.25,-1,-574.2,-36.45,-85.68333333,-61.81
MNQ SEP25,1s,1,2101,2025-09-12 09:55:01,24025.75,24026.5,24025.25,24026,55,1.25,0.25,0.5,0.5,1,,,,
MNQ SEP25,1s,1,2102,2025-09-12 09:55:02,24026,24026.5,24025.75,24026.25,17,0.75,0.25,0.25,0.25,1,,,,
MNQ SEP25,1s,1,2103,2025-09-12 09:55:03,24026.25,24026.75,24025.5,24026,43,1.25,0.25,0.5,0.5,-1,,,,
MNQ SEP25,1s,1,2104,2025-09-12 09:55:04,24025.75,24026,24025.25,24025.5,15,0.75,0.25,0.25,0.25,-1,,,,
MNQ SEP25,1s,1,2105,2025-09-12 09:55:05,24025.75,24026.5,24025.5,24026,16,1,0.25,0.5,0.25,1,,,,
MNQ SEP25,1s,1,2106,2025-09-12 09:55:06,24026.75,24028.5,24026,24028,77,2.5,1.25,0.5,0.75,1,,,,
MNQ SEP25,1s,1,2107,2025-09-12 09:55:07,24028.25,24029.75,24028.25,24029,46,1.5,0.75,0.75,0,1,,,,
MNQ SEP25,1s,1,2108,2025-09-12 09:55:08,24028.75,24029.75,24028.25,24028.25,30,1.5,0.5,1,0,-1,,,,
MNQ SEP25,1s,1,2109,2025-09-12 09:55:09,24028.25,24028.75,24027.25,24027.25,34,1.5,1,0.5,0,-1,,,,
MNQ SEP25,1s,1,2110,2025-09-12 09:55:10,24028,24028.5,24027.25,24027.75,44,1.25,0.25,0.5,0.5,-1,,,,
MNQ SEP25,10s,10,5610,2025-09-12 09:55:10,24025.75,24029.75,24025.25,24027.75,377,4.5,2,2,0.5,1,-112.7,43.75,2.66666667,10.26
MNQ SEP25,1s,1,2111,2025-09-12 09:55:11,24028.25,24029.75,24028.25,24029.75,42,1.5,1.5,0,0,1,,,,
MNQ SEP25,1s,1,2112,2025-09-12 09:55:12,24029.75,24031.75,24029.75,24031.5,130,2,1.75,0.25,0,1,,,,
MNQ SEP25,1s,1,2113,2025-09-12 09:55:13,24031.25,24031.5,24030.25,24030.5,64,1.25,0.75,0.25,0.25,-1,,,,
MNQ SEP25,1s,1,2114,2025-09-12 09:55:14,24031.25,24032.25,24030.5,24031.25,166,1.75,0,1,0.75,0,,,,
MNQ SEP25,1s,1,2115,2025-09-12 09:55:15,24030.75,24032,24030.75,24031.5,56,1.25,0.75,0.5,0,1,,,,
MNQ SEP25,1s,1,2116,2025-09-12 09:55:16,24031,24031.25,24030.25,24030.5,34,1,0.5,0.25,0.25,-1,,,,
MNQ SEP25,1s,1,2117,2025-09-12 09:55:17,24030.5,24031.25,24030.25,24030.25,45,1,0.25,0.75,0,-1,,,,
MNQ SEP25,1s,1,2118,2025-09-12 09:55:18,24030,24030.75,24029.5,24030.75,28,1.25,0.75,0,0.5,1,,,,
MNQ SEP25,1s,1,2119,2025-09-12 09:55:19,24031.5,24032.5,24031.5,24032.5,37,1,1,0,0,1,,,,
MNQ SEP25,1s,1,2120,2025-09-12 09:55:20,24032,24032.5,24031.75,24032.25,61,0.75,0.25,0.25,0.25,1,,,,
MNQ SEP25,10s,10,5611,2025-09-12 09:55:20,24028.25,24032.5,24028.25,24032.25,663,4.25,4,0.25,0,1,-47.95,64.75,37.78333333,16.93
MNQ SEP25,20s,20,5805,2025-09-12 09:55:20,24025.75,24032.5,24025.25,24032.25,1040,7.25,6.5,0.25,0.5,1,-460.6,113.6,10.6,-27.41
MNQ SEP25,1s,1,2121,2025-09-12 09:55:21,24032,24032,24030.75,24031.25,61,1.25,0.75,0,0.5,-1,,,,
MNQ SEP25,1s,1,2122,2025-09-12 09:55:22,24031.25,24031.5,24030.5,24031,34,1,0.25,0.25,0.5,-1,,,,
MNQ SEP25,1s,1,2123,2025-09-12 09:55:23,24030.5,24032,24030.5,24032,20,1.5,1.5,0,0,1,,,,
MNQ SEP25,1s,1,2124,2025-09-12 09:55:24,24032,24033.25,24031.5,24033.25,89,1.75,1.25,0,0.5,1,,,,
MNQ SEP25,1s,1,2125,2025-09-12 09:55:25,24033.25,24037,24033.25,24035,465,3.75,1.75,2,0,1,,,,
MNQ SEP25,1s,1,2126,2025-09-12 09:55:26,24035.5,24035.75,24034.25,24035,75,1.5,0.5,0.25,0.75,-1,,,,
MNQ SEP25,1s,1,2127,2025-09-12 09:55:27,24035,24036,24034.75,24035,62,1.25,0,1,0.25,0,,,,
MNQ SEP25,1s,1,2128,2025-09-12 09:55:28,24035,24036.25,24034.75,24035.5,49,1.5,0.5,0.75,0.25,1,,,,
MNQ SEP25,1s,1,2129,2025-09-12 09:55:29,24036,24044.25,24036,24038.5,1210,8.25,2.5,5.75,0,1,,,,
MNQ SEP25,1s,1,2130,2025-09-12 09:55:30,24038.75,24038.75,24037.25,24037.75,186,1.5,1,0,0.5,-1,,,,
MNQ SEP25,10s,10,5612,2025-09-12 09:55:30,24032,24044.25,24030.5,24037.75,2251,13.75,5.75,6.5,1.5,1,268.7,316.65,141.71666667,77.88
MNQ SEP25,1s,1,2131,2025-09-12 09:55:31,24037.75,24038.5,24036.25,24036.25,114,2.25,1.5,0.75,0,-1,,,,
MNQ SEP25,1s,1,2132,2025-09-12 09:55:32,24036.5,24037.75,24036.25,24036.5,103,1.5,0,1.25,0.25,0,,,,
MNQ SEP25,1s,1,2133,2025-09-12 09:55:33,24036.5,24037.25,24035.5,24036.25,88,1.75,0.25,0.75,0.75,-1,,,,
MNQ SEP25,1s,1,2134,2025-09-12 09:55:34,24035.5,24036,24034.5,24035.25,100,1.5,0.25,0.5,0.75,-1,,,,
MNQ SEP25,1s,1,2135,2025-09-12 09:55:35,24035.25,24037,24035.25,24036.5,44,1.75,1.25,0.5,0,1,,,,
MNQ SEP25,1s,1,2136,2025-09-12 09:55:36,24036.5,24037.25,24035.25,24035.5,65,2,1,0.75,0.25,-1,,,,
MNQ SEP25,1s,1,2137,2025-09-12 09:55:37,24035.75,24035.75,24034.5,24034.5,48,1.25,1.25,0,0,-1,,,,
MNQ SEP25,1s,1,2138,2025-09-12 09:55:38,24035.25,24035.5,24034.5,24035,43,1,0.25,0.25,0.5,-1,,,,
MNQ SEP25,1s,1,2139,2025-09-12 09:55:39,24034.5,24035.25,24034,24035,67,1.25,0.5,0.25,0.5,1,,,,
MNQ SEP25,1s,1,2140,2025-09-12 09:55:40,24035,24036.25,24034.5,24036.25,85,1.75,1.25,0,0.5,1,,,,
MNQ SEP25,10s,10,5613,2025-09-12 09:55:40,24037.75,24038.5,24034,24036.25,757,4.5,1.5,0.75,2.25,-1,347.45,78.75,153.38333333,101.75
MNQ SEP25,20s,20,5806,2025-09-12 09:55:40,24032,24044.25,24030.5,24036.25,3008,13.75,4.25,8,1.5,1,-76.75,383.85,153.66666667,48.08
MNQ SEP25,1s,1,2141,2025-09-12 09:55:41,24036.5,24036.5,24035.5,24036,49,1,0.5,0,0.5,-1,,,,
MNQ SEP25,1s,1,2142,2025-09-12 09:55:42,24035.5,24036,24035.25,24035.75,35,0.75,0.25,0.25,0.25,1,,,,
MNQ SEP25,1s,1,2143,2025-09-12 09:55:43,24036,24036.5,24034.5,24036,52,2,0,0.5,1.5,0,,,,
MNQ SEP25,1s,1,2144,2025-09-12 09:55:44,24035.25,24036.25,24035.25,24036,24,1,0.75,0.25,0,1,,,,
MNQ SEP25,1s,1,2145,2025-09-12 09:55:45,24036,24036.25,24034.75,24034.75,17,1.5,1.25,0.25,0,-1,,,,
MNQ SEP25,1s,1,2146,2025-09-12 09:55:46,24034.75,24036,24034.5,24035.25,40,1.5,0.5,0.75,0.25,1,,,,
MNQ SEP25,1s,1,2147,2025-09-12 09:55:47,24035.25,24035.5,24034.75,24035.5,17,0.75,0.25,0,0.5,1,,,,
MNQ SEP25,1s,1,2148,2025-09-12 09:55:48,24035,24035.5,24034.25,24035,44,1.25,0,0.5,0.75,0,,,,
MNQ SEP25,1s,1,2149,2025-09-12 09:55:49,24034.75,24037.75,24034.25,24037,56,3.5,2.25,0.75,0.5,1,,,,
MNQ SEP25,1s,1,2150,2025-09-12 09:55:50,24037.25,24037.5,24036.75,24037,66,0.75,0.25,0.25,0.25,-1,,,,
MNQ SEP25,10s,10,5614,2025-09-12 09:55:50,24036.5,24037.75,24034.25,24037,400,3.5,0.5,0.75,2.25,1,432.05,84.6,160,117.7
MNQ SEP25,1s,1,2151,2025-09-12 09:55:51,24037,24037.5,24036.5,24036.5,37,1,0.5,0.5,0,-1,,,,
MNQ SEP25,1s,1,2152,2025-09-12 09:55:52,24036.25,24036.75,24036,24036.75,29,0.75,0.5,0,0.25,1,,,,
MNQ SEP25,1s,1,2153,2025-09-12 09:55:53,24036.75,24037.5,24036.75,24037.25,29,0.75,0.5,0.25,0,1,,,,
MNQ SEP25,1s,1,2154,2025-09-12 09:55:54,24037.75,24039,24037.75,24038.25,74,1.25,0.5,0.75,0,1,,,,
MNQ SEP25,1s,1,2155,2025-09-12 09:55:55,24039.25,24042.25,24039.25,24041.25,299,3,2,1,0,1,,,,
MNQ SEP25,1s,1,2156,2025-09-12 09:55:56,24041.25,24041.5,24040.5,24041.25,107,1,0,0.25,0.75,0,,,,
MNQ SEP25,1s,1,2157,2025-09-12 09:55:57,24040.75,24041.75,24040.5,24041.5,108,1.25,0.75,0.25,0.25,1,,,,
MNQ SEP25,1s,1,2158,2025-09-12 09:55:58,24041.75,24043.75,24041.25,24043,113,2.5,1.25,0.75,0.5,1,,,,
MNQ SEP25,1s,1,2159,2025-09-12 09:55:59,24043.25,24045,24043.25,24044,260,1.75,0.75,1,0,1,,,,
MNQ SEP25,1s,1,2160,2025-09-12 09:56:00,24044,24044.25,24042.5,24043,198,1.75,1,0.25,0.5,-1,,,,
MNQ SEP25,10s,10,5615,2025-09-12 09:56:00,24037,24045,24036,24043,1254,9,6,2,1,1,567.35,135.3,99.55,136.01
MNQ SEP25,20s,20,5807,2025-09-12 09:56:00,24036.5,24045,24034.25,24043,1654,10.75,6.5,2,2.25,1,145.85,222.6,240.01666667,127.65
MNQ SEP25,1s,1,2161,2025-09-12 09:56:01,24043,24044.25,24042.5,24043,233,1.75,0,1.25,0.5,0,,,,
MNQ SEP25,1s,1,2162,2025-09-12 09:56:02,24042.75,24045,24042.75,24044.75,98,2.25,2,0.25,0,1,,,,
MNQ SEP25,1s,1,2163,2025-09-12 09:56:03,24044.75,24044.75,24043.25,24044.75,84,1.5,0,0,1.5,0,,,,
MNQ SEP25,1s,1,2164,2025-09-12 09:56:04,24044.75,24045.25,24044,24045.25,144,1.25,0.5,0,0.75,1,,,,
MNQ SEP25,1s,1,2165,2025-09-12 09:56:05,24044.75,24045.25,24044,24044.75,97,1.25,0,0.5,0.75,0,,,,
MNQ SEP25,1s,1,2166,2025-09-12 09:56:06,24044.75,24045.25,24043.75,24044.25,98,1.5,0.5,0.5,0.5,-1,,,,
MNQ SEP25,1s,1,2167,2025-09-12 09:56:07,24044.25,24045,24043.5,24044,75,1.5,0.25,0.75,0.5,-1,,,,
MNQ SEP25,1s,1,2168,2025-09-12 09:56:08,24043.75,24045,24043.75,24044.5,82,1.25,0.75,0.5,0,1,,,,
MNQ SEP25,1s,1,2169,2025-09-12 09:56:09,24044.75,24045.5,24044.25,24044.75,112,1.25,0,0.75,0.5,0,,,,
MNQ SEP25,1s,1,2170,2025-09-12 09:56:10,24044.5,24044.75,24043,24043.5,79,1.75,1,0.25,0.5,-1,,,,
MNQ SEP25,10s,10,5616,2025-09-12 09:56:10,24043,24045.5,24042.5,24043.5,1102,3,0.5,2,0.5,1,613.8,46.45,88.78333333,132.35
MNQ SEP25,1s,1,2171,2025-09-12 09:56:11,24043.25,24043.5,24040.75,24041.75,116,2.75,1.5,0.25,1,-1,,,,
MNQ SEP25,1s,1,2172,2025-09-12 09:56:12,24041.75,24043,24040,24040.75,217,3,1,1.25,0.75,-1,,,,
MNQ SEP25,1s,1,2173,2025-09-12 09:56:13,24040.75,24042,24040.5,24041.25,110,1.5,0.5,0.75,0.25,1,,,,
MNQ SEP25,1s,1,2174,2025-09-12 09:56:14,24041.25,24041.25,24040,24040.75,42,1.25,0.5,0,0.75,-1,,,,
MNQ SEP25,1s,1,2175,2025-09-12 09:56:15,24040.5,24042.25,24039.5,24042,104,2.75,1.5,0.25,1,1,,,,
MNQ SEP25,1s,1,2176,2025-09-12 09:56:16,24041.75,24042.75,24041.25,24042,80,1.5,0.25,0.75,0.5,1,,,,
MNQ SEP25,1s,1,2177,2025-09-12 09:56:17,24042,24042.25,24039.75,24040,58,2.5,2,0.25,0.25,-1,,,,
MNQ SEP25,1s,1,2178,2025-09-12 09:56:18,24039.75,24040.25,24039.25,24040,64,1,0.25,0.25,0.5,1,,,,
MNQ SEP25,1s,1,2179,2025-09-12 09:56:19,24039.75,24041.25,24039.75,24040.75,42,1.5,1,0.5,0,1,,,,
MNQ SEP25,1s,1,2180,2025-09-12 09:56:20,24041,24041.25,24040.25,24041,27,1,0,0.25,0.75,0,,,,
MNQ SEP25,10s,10,5617,2025-09-12 09:56:20,24043.25,24043.5,24039.25,24041,860,4.25,2.25,0.25,1.75,-1,319.6,-294.2,-37.48333333,10.18
MNQ SEP25,20s,20,5808,2025-09-12 09:56:20,24043,24045.5,24039.25,24041,1962,6.25,2,2.5,1.75,-1,381.15,235.3,280.58333333,183.78
MNQ SEP25,1s,1,2181,2025-09-12 09:56:21,24041,24042,24041,24042,47,1,1,0,0,1,,,,
MNQ SEP25,1s,1,2182,2025-09-12 09:56:22,24042,24043,24042,24042,51,1,0,1,0,0,,,,
MNQ SEP25,1s,1,2183,2025-09-12 09:56:23,24042.25,24044.5,24041.75,24044.5,182,2.75,2.25,0,0.5,1,,,,
MNQ SEP25,1s,1,2184,2025-09-12 09:56:24,24044.5,24045,24044.25,24044.75,44,0.75,0.25,0.25,0.25,1,,,,
MNQ SEP25,1s,1,2185,2025-09-12 09:56:25,24045,24045.5,24043.5,24044.25,115,2,0.75,0.5,0.75,-1,,,,
MNQ SEP25,1s,1,2186,2025-09-12 09:56:26,24044.5,24045.5,24044.5,24045.25,54,1,0.75,0.25,0,1,,,,
MNQ SEP25,1s,1,2187,2025-09-12 09:56:27,24045,24046,24045,24045.25,137,1,0.25,0.75,0,1,,,,
MNQ SEP25,1s,1,2188,2025-09-12 09:56:28,24045,24045.5,24043.25,24043.75,58,2.25,1.25,0.5,0.5,-1,,,,
MNQ SEP25,1s,1,2189,2025-09-12 09:56:29,24043.75,24044.5,24043.5,24044,36,1,0.25,0.5,0.25,1,,,,
MNQ SEP25,1s,1,2190,2025-09-12 09:56:30,24043.75,24046,24042.75,24046,58,3.25,2.25,0,1,1,,,,
MNQ SEP25,10s,10,5618,2025-09-12 09:56:30,24041,24046,24041,24046,782,5,5,0,0,1,304.4,-15.2,-87.65,-8.61
MNQ SEP25,1s,1,2191,2025-09-12 09:56:31,24045.75,24046.75,24045.75,24046.75,143,1,1,0,0,1,,,,
MNQ SEP25,1s,1,2192,2025-09-12 09:56:32,24046.75,24046.75,24045.5,24046.25,68,1.25,0.5,0,0.75,-1,,,,
MNQ SEP25,1s,1,2193,2025-09-12 09:56:33,24046.5,24048.25,24046.5,24047.5,230,1.75,1,0.75,0,1,,,,
MNQ SEP25,1s,1,2194,2025-09-12 09:56:34,24047.5,24048,24045.75,24046.25,118,2.25,1.25,0.5,0.5,-1,,,,
MNQ SEP25,1s,1,2195,2025-09-12 09:56:35,24045.75,24047.5,24045,24045.5,131,2.5,0.25,1.75,0.5,-1,,,,
MNQ SEP25,1s,1,2196,2025-09-12 09:56:36,24046,24046,24044.5,24044.5,42,1.5,1.5,0,0,-1,,,,
MNQ SEP25,1s,1,2197,2025-09-12 09:56:37,24045,24046.25,24044.5,24046.25,36,1.75,1.25,0,0.5,1,,,,
MNQ SEP25,1s,1,2198,2025-09-12 09:56:38,24046,24046.75,24045.5,24046.25,59,1.25,0.25,0.5,0.5,1,,,,
MNQ SEP25,1s,1,2199,2025-09-12 09:56:39,24046.75,24046.75,24046.25,24046.25,27,0.5,0.5,0,0,-1,,,,
MNQ SEP25,1s,1,2200,2025-09-12 09:56:40,24046.5,24047.5,24046.5,24046.75,33,1,0.25,0.75,0,1,,,,
MNQ SEP25,10s,10,5619,2025-09-12 09:56:40,24045.75,24048.25,24044.5,24046.75,887,3.75,1,1.5,1.25,1,376.55,72.15,-79.08333333,-11.1
MNQ SEP25,20s,20,5809,2025-09-12 09:56:40,24041,24048.25,24041,24046.75,1669,7.25,5.75,1.5,0,1,584.05,202.9,220.26666667,231.65
MNQ SEP25,1s,1,2201,2025-09-12 09:56:41,24046.75,24047.75,24046.5,24047.25,49,1.25,0.5,0.5,0.25,1,,,,
MNQ SEP25,1s,1,2202,2025-09-12 09:56:42,24047.25,24048,24047.25,24048,52,0.75,0.75,0,0,1,,,,
MNQ SEP25,1s,1,2203,2025-09-12 09:56:43,24047.5,24048.75,24047.25,24048,106,1.5,0.5,0.75,0.25,1,,,,
MNQ SEP25,1s,1,2204,2025-09-12 09:56:44,24048.5,24049,24047.5,24048,120,1.5,0.5,0.5,0.5,-1,,,,
MNQ SEP25,1s,1,2205,2025-09-12 09:56:45,24048,24049.5,24046.75,24048,253,2.75,0,1.5,1.25,0,,,,
MNQ SEP25,1s,1,2206,2025-09-12 09:56:46,24047.25,24047.25,24046.25,24047,86,1,0.25,0,0.75,-1,,,,
MNQ SEP25,1s,1,2207,2025-09-12 09:56:47,24046.75,24047.25,24046,24046.75,56,1.25,0,0.5,0.75,0,,,,
MNQ SEP25,1s,1,2208,2025-09-12 09:56:48,24046.25,24047.5,24046.25,24046.75,52,1.25,0.5,0.75,0,1,,,,
MNQ SEP25,1s,1,2209,2025-09-12 09:56:49,24046.75,24047.75,24046.75,24047.5,41,1,0.75,0.25,0,1,,,,
MNQ SEP25,1s,1,2210,2025-09-12 09:56:50,24047.5,24047.5,24046.5,24047.25,74,1,0.25,0,0.75,-1,,,,
MNQ SEP25,10s,10,5620,2025-09-12 09:56:50,24046.75,24049.5,24046,24047.25,889,3.5,0.5,2.25,0.75,1,273.25,-103.3,-15.45,-58.82
MNQ SEP25,1s,1,2211,2025-09-12 09:56:51,24047,24047,24046.25,24046.5,32,0.75,0.5,0,0.25,-1,,,,
MNQ SEP25,1s,1,2212,2025-09-12 09:56:52,24046.5,24047.25,24046,24046.75,44,1.25,0.25,0.5,0.5,1,,,,
MNQ SEP25,1s,1,2213,2025-09-12 09:56:53,24046.75,24048,24046.75,24047.5,19,1.25,0.75,0.5,0,1,,,,
MNQ SEP25,1s,1,2214,2025-09-12 09:56:54,24047.5,24048.25,24047.5,24048,45,0.75,0.5,0.25,0,1,,,,
MNQ SEP25,1s,1,2215,2025-09-12 09:56:55,24047.5,24047.75,24046.25,24046.5,37,1.5,1,0.25,0.25,-1,,,,
MNQ SEP25,1s,1,2216,2025-09-12 09:56:56,24046,24046.5,24045.5,24045.5,34,1,0.5,0.5,0,-1,,,,
MNQ SEP25,1s,1,2217,2025-09-12 09:56:57,24045.5,24045.75,24044,24044.25,129,1.75,1.25,0.25,0.25,-1,,,,
MNQ SEP25,1s,1,2218,2025-09-12 09:56:58,24044.5,24044.5,24043.25,24043.5,62,1.25,1,0,0.25,-1,,,,
MNQ SEP25,1s,1,2219,2025-09-12 09:56:59,24043.25,24044.75,24043.25,24043.75,89,1.5,0.5,1,0,1,,,,
MNQ SEP25,1s,1,2220,2025-09-12 09:57:00,24043.75,24044,24043.25,24043.5,31,0.75,0.25,0.25,0.25,-1,,,,
MNQ SEP25,10s,10,5621,2025-09-12 09:57:00,24047,24048.25,24043.25,24043.5,522,5,3.5,1.25,0.25,-1,141,-132.25,-54.46666667,-94.56
MNQ SEP25,20s,20,5810,2025-09-12 09:57:00,24046.75,24049.5,24043.25,24043.5,1411,6.25,3.25,2.75,0.25,-1,732.75,148.7,195.63333333,238.67
MNQ SEP25,1s,1,2221,2025-09-12 09:57:01,24043.75,24044.75,24043.5,24044.25,80,1.25,0.5,0.5,0.25,1,,,,
MNQ SEP25,1s,1,2222,2025-09-12 09:57:02,24044,24044.5,24043.5,24043.75,29,1,0.25,0.5,0.25,-1,,,,
MNQ SEP25,1s,1,2223,2025-09-12 09:57:03,24043.75,24044.75,24043.5,24044.5,55,1.25,0.75,0.25,0.25,1,,,,
MNQ SEP25,1s,1,2224,2025-09-12 09:57:04,24044,24044.75,24043.25,24044.75,47,1.5,0.75,0,0.75,1,,,,
MNQ SEP25,1s,1,2225,2025-09-12 09:57:05,24045,24046.25,24044.5,24046,46,1.75,1,0.25,0.5,1,,,,
MNQ SEP25,1s,1,2226,2025-09-12 09:57:06,24045.75,24046,24045,24045.5,37,1,0.25,0.25,0.5,-1,,,,
MNQ SEP25,1s,1,2227,2025-09-12 09:57:07,24046,24046.75,24045.75,24046.75,76,1,0.75,0,0.25,1,,,,
MNQ SEP25,1s,1,2228,2025-09-12 09:57:08,24046.75,24046.75,24046,24046,34,0.75,0.75,0,0,-1,,,,
MNQ SEP25,1s,1,2229,2025-09-12 09:57:09,24046.25,24046.25,24044.75,24044.75,38,1.5,1.5,0,0,-1,,,,
MNQ SEP25,1s,1,2230,2025-09-12 09:57:10,24045.5,24047,24045.25,24046.75,35,1.75,1.25,0.25,0.25,1,,,,
MNQ SEP25,10s,10,5622,2025-09-12 09:57:10,24043.75,24047,24043.25,24046.75,477,3.75,3,0.25,0.5,1,49.75,-91.25,-108.93333333,-53.97
MNQ SEP25,1s,1,2231,2025-09-12 09:57:11,24047,24047.75,24046.75,24046.75,57,1,0.25,0.75,0,-1,,,,
MNQ SEP25,1s,1,2232,2025-09-12 09:57:12,24046.5,24046.75,24045.5,24045.75,41,1.25,0.75,0.25,0.25,-1,,,,
MNQ SEP25,1s,1,2233,2025-09-12 09:57:13,24046.5,24046.5,24044.75,24045,39,1.75,1.5,0,0.25,-1,,,,
MNQ SEP25,1s,1,2234,2025-09-12 09:57:14,24044.75,24045.75,24044.5,24045.75,24,1.25,1,0,0.25,1,,,,
MNQ SEP25,1s,1,2235,2025-09-12 09:57:15,24045.75,24046.5,24045,24046.25,22,1.5,0.5,0.25,0.75,1,,,,
MNQ SEP25,1s,1,2236,2025-09-12 09:57:16,24045.75,24046.5,24045.5,24045.5,13,1,0.25,0.75,0,-1,,,,
MNQ SEP25,1s,1,2237,2025-09-12 09:57:17,24045.5,24046.5,24045.5,24046,12,1,0.5,0.5,0,1,,,,
MNQ SEP25,1s,1,2238,2025-09-12 09:57:18,24046.25,24047.5,24046.25,24047.5,30,1.25,1.25,0,0,1,,,,
MNQ SEP25,1s,1,2239,2025-09-12 09:57:19,24047.25,24049.75,24046.75,24049.25,201,3,2,0.5,0.5,1,,,,
MNQ SEP25,1s,1,2240,2025-09-12 09:57:20,24049.5,24049.75,24048,24048,106,1.75,1.5,0.25,0,-1,,,,
MNQ SEP25,10s,10,5623,2025-09-12 09:57:20,24047,24049.75,24044.5,24048,545,5.25,1,1.75,2.5,1,4.95,-44.8,-89.43333333,-59.89
MNQ SEP25,20s,20,5811,2025-09-12 09:57:20,24043.75,24049.75,24043.25,24048,1022,6.5,4.25,1.75,0.5,1,358.75,-374,-7.46666667,87.1
MNQ SEP25,1s,1,2241,2025-09-12 09:57:21,24048.25,24048.25,24046.5,24046.75,51,1.75,1.5,0,0.25,-1,,,,
MNQ SEP25,1s,1,2242,2025-09-12 09:57:22,24047.25,24047.25,24046,24047,71,1.25,0.25,0,1,-1,,,,
MNQ SEP25,1s,1,2243,2025-09-12 09:57:23,24047.5,24048.25,24047.5,24048.25,32,0.75,0.75,0,0,1,,,,
MNQ SEP25,1s,1,2244,2025-09-12 09:57:24,24048,24048,24047.25,24047.25,12,0.75,0.75,0,0,-1,,,,
MNQ SEP25,1s,1,2245,2025-09-12 09:57:25,24047.5,24048.5,24047.5,24048.25,34,1,0.75,0.25,0,1,,,,
MNQ SEP25,1s,1,2246,2025-09-12 09:57:26,24048.25,24048.75,24047.75,24048.75,32,1,0.5,0,0.5,1,,,,
MNQ SEP25,1s,1,2247,2025-09-12 09:57:27,24047.75,24048.25,24047.25,24048.25,45,1,0.5,0,0.5,1,,,,
MNQ SEP25,1s,1,2248,2025-09-12 09:57:28,24047.75,24048,24046.75,24047.5,47,1.25,0.25,0.25,0.75,-1,,,,
MNQ SEP25,1s,1,2249,2025-09-12 09:57:29,24047.5,24048,24047,24048,29,1,0.5,0,0.5,1,,,,
MNQ SEP25,1s,1,2250,2025-09-12 09:57:30,24047.75,24049.25,24047.5,24049.25,47,1.75,1.5,0,0.25,1,,,,
MNQ SEP25,10s,10,5624,2025-09-12 09:57:30,24048.25,24049.25,24046,24049.25,400,3.25,1,0,2.25,1,-97.95,-102.9,-79.65,-94.9
MNQ SEP25,1s,1,2251,2025-09-12 09:57:31,24048.75,24048.75,24047,24047,21,1.75,1.75,0,0,-1,,,,
MNQ SEP25,1s,1,2252,2025-09-12 09:57:32,24047.75,24047.75,24046.5,24047,45,1.25,0.75,0,0.5,-1,,,,
MNQ SEP25,1s,1,2253,2025-09-12 09:57:33,24047,24047.5,24046.5,24047,24,1,0,0.5,0.5,0,,,,
MNQ SEP25,1s,1,2254,2025-09-12 09:57:34,24046.75,24046.75,24045.5,24046,42,1.25,0.75,0,0.5,-1,,,,
MNQ SEP25,1s,1,2255,2025-09-12 09:57:35,24045.75,24046,24044.5,24044.75,41,1.5,1,0.25,0.25,-1,,,,
MNQ SEP25,1s,1,2256,2025-09-12 09:57:36,24044.75,24045,24044,24044.25,38,1,0.5,0.25,0.25,-1,,,,
MNQ SEP25,1s,1,2257,2025-09-12 09:57:37,24044.25,24044.25,24041.75,24042.75,115,2.5,1.5,0,1,-1,,,,
MNQ SEP25,1s,1,2258,2025-09-12 09:57:38,24042.75,24043.25,24041.75,24042.25,68,1.5,0.5,0.5,0.5,-1,,,,
MNQ SEP25,1s,1,2259,2025-09-12 09:57:39,24042.25,24042.5,24041.25,24041.5,61,1.25,0.75,0.25,0.25,-1,,,,
MNQ SEP25,1s,1,2260,2025-09-12 09:57:40,24041.75,24043,24040.75,24043,111,2.25,1.25,0,1,1,,,,
MNQ SEP25,10s,10,5625,2025-09-12 09:57:40,24048.75,24048.75,24040.75,24043,566,8,5.75,0,2.25,-1,-182.1,-84.15,-77.28333333,-91.07
MNQ SEP25,20s,20,5812,2025-09-12 09:57:40,24048.25,24049.25,24040.75,24043,966,8.5,5.25,1,2.25,-1,269.3,-89.45,-104.91666667,24.69
MNQ SEP25,1s,1,2261,2025-09-12 09:57:41,24043,24044,24042.75,24044,40,1.25,1,0,0.25,1,,,,
MNQ SEP25,1s,1,2262,2025-09-12 09:57:42,24044.5,24045,24044.5,24044.75,31,0.5,0.25,0.25,0,1,,,,
MNQ SEP25,1s,1,2263,2025-09-12 09:57:43,24045,24045,24043.5,24043.5,38,1.5,1.5,0,0,-1,,,,
MNQ SEP25,1s,1,2264,2025-09-12 09:57:44,24043.5,24044.5,24043.25,24044,39,1.25,0.5,0.5,0.25,1,,,,
MNQ SEP25,1s,1,2265,2025-09-12 09:57:45,24043.5,24043.75,24043,24043,21,0.75,0.5,0.25,0,-1,,,,
MNQ SEP25,1s,1,2266,2025-09-12 09:57:46,24043.25,24044.75,24043,24044.25,37,1.75,1,0.5,0.25,1,,,,
MNQ SEP25,1s,1,2267,2025-09-12 09:57:47,24044.25,24044.25,24042.75,24042.75,27,1.5,1.5,0,0,-1,,,,
MNQ SEP25,1s,1,2268,2025-09-12 09:57:48,24042.75,24043.25,24042.25,24042.75,21,1,0,0.5,0.5,0,,,,
MNQ SEP25,1s,1,2269,2025-09-12 09:57:49,24042.5,24043,24041.25,24041.75,28,1.75,0.75,0.5,0.5,-1,,,,
MNQ SEP25,1s,1,2270,2025-09-12 09:57:50,24041.25,24043,24041,24042.75,49,2,1.5,0.25,0.25,1,,,,
MNQ SEP25,10s,10,5626,2025-09-12 09:57:50,24043,24045,24041,24042.75,331,4,0.25,2,1.75,-1,-223.05,-40.95,-76,-72.81
MNQ SEP25,1s,1,2271,2025-09-12 09:57:51,24042,24043.5,24042,24043.5,27,1.5,1.5,0,0,1,,,,
MNQ SEP25,1s,1,2272,2025-09-12 09:57:52,24043.25,24043.75,24043.25,24043.75,11,0.5,0.5,0,0,1,,,,
MNQ SEP25,1s,1,2273,2025-09-12 09:57:53,24043.25,24043.25,24042.5,24043,12,0.75,0.25,0,0.5,-1,,,,
MNQ SEP25,1s,1,2274,2025-09-12 09:57:54,24043.25,24043.25,24042.75,24042.75,21,0.5,0.5,0,0,-1,,,,
MNQ SEP25,1s,1,2275,2025-09-12 09:57:55,24042.5,24042.5,24041.5,24042.25,22,1,0.25,0,0.75,-1,,,,
MNQ SEP25,1s,1,2276,2025-09-12 09:57:56,24042,24042.5,24041.5,24042.25,28,1,0.25,0.25,0.5,1,,,,
MNQ SEP25,1s,1,2277,2025-09-12 09:57:57,24042,24042.25,24041.5,24042,17,0.75,0,0.25,0.5,0,,,,
MNQ SEP25,1s,1,2278,2025-09-12 09:57:58,24042.25,24042.75,24042.25,24042.5,29,0.5,0.25,0.25,0,1,,,,
MNQ SEP25,1s,1,2279,2025-09-12 09:57:59,24042.5,24042.5,24041.5,24042,33,1,0.5,0,0.5,-1,,,,
MNQ SEP25,1s,1,2280,2025-09-12 09:58:00,24042,24042.25,24041.5,24041.5,23,0.75,0.5,0.25,0,-1,,,,
MNQ SEP25,10s,10,5627,2025-09-12 09:58:00,24042,24043.75,24041.5,24041.5,223,2.25,0.5,1.75,0,-1,-273.2,-50.15,-58.41666667,-64.59
MNQ SEP25,20s,20,5813,2025-09-12 09:58:00,24043,24045,24041,24041.5,554,4,1.5,2,0.5,-1,2.7,-266.6,-243.35,-75.69
MNQ SEP25,1s,1,2281,2025-09-12 09:58:01,24041,24041.75,24040.75,24041,68,1,0,0.75,0.25,0,,,,
MNQ SEP25,1s,1,2282,2025-09-12 09:58:02,24041.5,24042,24041,24041.25,38,1,0.25,0.5,0.25,-1,,,,
MNQ SEP25,1s,1,2283,2025-09-12 09:58:03,24041.75,24042.25,24041.25,24041.25,28,1,0.5,0.5,0,-1,,,,
MNQ SEP25,1s,1,2284,2025-09-12 09:58:04,24041.5,24042.75,24041.5,24042.75,30,1.25,1.25,0,0,1,,,,
MNQ SEP25,1s,1,2285,2025-09-12 09:58:05,24042.25,24042.75,24042,24042,36,0.75,0.25,0.5,0,-1,,,,
MNQ SEP25,1s,1,2286,2025-09-12 09:58:06,24042.5,24042.75,24041.75,24042.75,21,1,0.25,0,0.75,1,,,,
MNQ SEP25,1s,1,2287,2025-09-12 09:58:07,24043,24043,24041.5,24042.5,25,1.5,0.5,0,1,-1,,,,
MNQ SEP25,1s,1,2288,2025-09-12 09:58:08,24041.5,24042,24041,24041.5,29,1,0,0.5,0.5,0,,,,
MNQ SEP25,1s,1,2289,2025-09-12 09:58:09,24041.5,24042.75,24041.25,24042.25,41,1.5,0.75,0.5,0.25,1,,,,
MNQ SEP25,1s,1,2290,2025-09-12 09:58:10,24041.75,24042,24041.5,24041.5,20,0.5,0.25,0.25,0,-1,,,,
MNQ SEP25,10s,10,5628,2025-09-12 09:58:10,24041,24043,24040.75,24041.5,336,2.25,0.5,1.5,0.25,1,-318.2,-45,-45.36666667,-64.63
MNQ SEP25,1s,1,2291,2025-09-12 09:58:11,24041.5,24041.5,24041,24041.25,20,0.5,0.25,0,0.25,-1,,,,
MNQ SEP25,1s,1,2292,2025-09-12 09:58:12,24041,24041.75,24040.75,24040.75,22,1,0.25,0.75,0,-1,,,,
MNQ SEP25,1s,1,2293,2025-09-12 09:58:13,24041,24041.5,24040.75,24041,24,0.75,0,0.5,0.25,0,,,,
MNQ SEP25,1s,1,2294,2025-09-12 09:58:14,24041,24041.25,24040.5,24041,19,0.75,0,0.25,0.5,0,,,,
MNQ SEP25,1s,1,2295,2025-09-12 09:58:15,24040.75,24041.25,24040.25,24040.75,57,1,0,0.5,0.5,0,,,,
MNQ SEP25,1s,1,2296,2025-09-12 09:58:16,24040.5,24041,24040.25,24040.5,29,0.75,0,0.5,0.25,0,,,,
MNQ SEP25,1s,1,2297,2025-09-12 09:58:17,24040.25,24041,24038.25,24038.25,199,2.75,2,0.75,0,-1,,,,
MNQ SEP25,1s,1,2298,2025-09-12 09:58:18,24038,24039,24037.5,24038.5,134,1.5,0.5,0.5,0.5,1,,,,
MNQ SEP25,1s,1,2299,2025-09-12 09:58:19,24038,24039,24037.5,24038,78,1.5,0,1,0.5,0,,,,
MNQ SEP25,1s,1,2300,2025-09-12 09:58:20,24038,24038,24036.5,24038,121,1.5,0,0,1.5,0,,,,
MNQ SEP25,10s,10,5629,2025-09-12 09:58:20,24041.5,24041.75,24036.5,24038,703,5.25,3.5,0.25,1.5,-1,-284.45,33.75,-20.46666667,-37.3
MNQ SEP25,20s,20,5814,2025-09-12 09:58:20,24041,24043,24036.5,24038,1039,6.5,3,2,1.5,-1,-99.3,-102,-152.68333333,-136.67
MNQ SEP25,1s,1,2301,2025-09-12 09:58:21,24037.5,24038.25,24036.5,24037.5,104,1.75,0,0.75,1,0,,,,
MNQ SEP25,1s,1,2302,2025-09-12 09:58:22,24037.5,24038.25,24037,24038.25,42,1.25,0.75,0,0.5,1,,,,
MNQ SEP25,1s,1,2303,2025-09-12 09:58:23,24038.75,24039.25,24038,24038.75,45,1.25,0,0.5,0.75,0,,,,
MNQ SEP25,1s,1,2304,2025-09-12 09:58:24,24039.25,24039.25,24038.25,24039,33,1,0.25,0,0.75,-1,,,,
MNQ SEP25,1s,1,2305,2025-09-12 09:58:25,24038.5,24038.5,24038,24038,16,0.5,0.5,0,0,-1,,,,
MNQ SEP25,1s,1,2306,2025-09-12 09:58:26,24038.5,24038.75,24037.75,24038.75,44,1,0.25,0,0.75,1,,,,
MNQ SEP25,1s,1,2307,2025-09-12 09:58:27,24038.5,24038.75,24038,24038.25,13,0.75,0.25,0.25,0.25,-1,,,,
MNQ SEP25,1s,1,2308,2025-09-12 09:58:28,24038,24038.25,24037.25,24038,44,1,0,0.25,0.75,0,,,,
MNQ SEP25,1s,1,2309,2025-09-12 09:58:29,24038,24038.75,24037.75,24038.5,28,1,0.5,0.25,0.25,1,,,,
MNQ SEP25,1s,1,2310,2025-09-12 09:58:30,24037.5,24038.5,24037.25,24037.5,39,1.25,0,1,0.25,0,,,,
MNQ SEP25,10s,10,5630,2025-09-12 09:58:30,24037.5,24039.25,24036.5,24037.5,408,2.75,0,1.75,1,0,-317.6,-33.15,-14.8,-27.1
MNQ SEP25,1s,1,2311,2025-09-12 09:58:31,24037.5,24038.5,24037.25,24038,39,1.25,0.5,0.5,0.25,1,,,,
MNQ SEP25,1s,1,2312,2025-09-12 09:58:32,24038.25,24039,24038,24038.5,14,1,0.25,0.5,0.25,1,,,,
MNQ SEP25,1s,1,2313,2025-09-12 09:58:33,24038.75,24039,24038.5,24039,18,0.5,0.25,0,0.25,1,,,,
MNQ SEP25,1s,1,2314,2025-09-12 09:58:34,24038.5,24038.75,24037.75,24037.75,18,1,0.75,0.25,0,-1,,,,
MNQ SEP25,1s,1,2315,2025-09-12 09:58:35,24037.5,24038.5,24037.25,24038.5,12,1.25,1,0,0.25,1,,,,
MNQ SEP25,1s,1,2316,2025-09-12 09:58:36,24038.25,24040.75,24038.25,24040.25,68,2.5,2,0.5,0,1,,,,
MNQ SEP25,1s,1,2317,2025-09-12 09:58:37,24040,24040.75,24040,24040,43,0.75,0,0.75,0,0,,,,
MNQ SEP25,1s,1,2318,2025-09-12 09:58:38,24040.5,24040.5,24039,24039.25,46,1.5,1.25,0,0.25,-1,,,,
MNQ SEP25,1s,1,2319,2025-09-12 09:58:39,24039.25,24039.25,24038.5,24039.25,8,0.75,0,0,0.75,0,,,,
MNQ SEP25,1s,1,2320,2025-09-12 09:58:40,24039,24039,24036.75,24036.75,44,2.25,2.25,0,0,-1,,,,
MNQ SEP25,10s,10,5631,2025-09-12 09:58:40,24037.5,24040.75,24036.75,24036.75,310,4,0.75,3.25,0,-1,-304.15,13.45,4.68333333,-16.22
MNQ SEP25,20s,20,5815,2025-09-12 09:58:40,24037.5,24040.75,24036.5,24036.75,718,4.25,0.75,3.25,0.25,-1,-231.1,-131.8,-166.8,-192.77
MNQ SEP25,1s,1,2321,2025-09-12 09:58:41,24037.5,24037.75,24036.5,24037,19,1.25,0.5,0.25,0.5,-1,,,,
MNQ SEP25,1s,1,2322,2025-09-12 09:58:42,24037,24038.5,24036.75,24038.5,27,1.75,1.5,0,0.25,1,,,,
MNQ SEP25,1s,1,2323,2025-09-12 09:58:43,24039,24039.25,24036.5,24039,110,2.75,0,0.25,2.5,0,,,,
MNQ SEP25,1s,1,2324,2025-09-12 09:58:44,24038.75,24040.25,24038.5,24040.25,22,1.75,1.5,0,0.25,1,,,,
MNQ SEP25,1s,1,2325,2025-09-12 09:58:45,24040.5,24041.5,24040.5,24040.75,36,1,0.25,0.75,0,1,,,,
MNQ SEP25,1s,1,2326,2025-09-12 09:58:46,24040.5,24040.75,24039.5,24039.75,38,1.25,0.75,0.25,0.25,-1,,,,
MNQ SEP25,1s,1,2327,2025-09-12 09:58:47,24039.5,24040.25,24039.5,24040,10,0.75,0.5,0.25,0,1,,,,
MNQ SEP25,1s,1,2328,2025-09-12 09:58:48,24040,24040.25,24039,24039.5,24,1.25,0.5,0.25,0.5,-1,,,,
MNQ SEP25,1s,1,2329,2025-09-12 09:58:49,24039,24039.5,24039,24039.25,7,0.5,0.25,0.25,0,1,,,,
MNQ SEP25,1s,1,2330,2025-09-12 09:58:50,24039.25,24039.25,24037.75,24038.5,25,1.5,0.75,0,0.75,-1,,,,
MNQ SEP25,10s,10,5632,2025-09-12 09:58:50,24037.5,24041.5,24036.5,24038.5,318,5,1,3,1,1,-188.5,115.65,31.98333333,16.94
MNQ SEP25,1s,1,2331,2025-09-12 09:58:51,24039.25,24039.5,24038.25,24038.25,6,1.25,1,0.25,0,-1,,,,
MNQ SEP25,1s,1,2332,2025-09-12 09:58:52,24038.75,24039,24038,24038,14,1,0.75,0.25,0,-1,,,,
MNQ SEP25,1s,1,2333,2025-09-12 09:58:53,24038.25,24038.25,24037.5,24038,13,0.75,0.25,0,0.5,-1,,,,
MNQ SEP25,1s,1,2334,2025-09-12 09:58:54,24037.75,24037.75,24037.25,24037.5,6,0.5,0.25,0,0.25,-1,,,,
MNQ SEP25,1s,1,2335,2025-09-12 09:58:55,24037,24037.75,24037,24037,21,0.75,0,0.75,0,0,,,,
MNQ SEP25,1s,1,2336,2025-09-12 09:58:56,24037.25,24037.5,24036.75,24036.75,35,0.75,0.5,0.25,0,-1,,,,
MNQ SEP25,1s,1,2337,2025-09-12 09:58:57,24037.5,24038,24037.5,24037.5,16,0.5,0,0.5,0,0,,,,
MNQ SEP25,1s,1,2338,2025-09-12 09:58:58,24038,24038.25,24037.5,24037.75,27,0.75,0.25,0.25,0.25,-1,,,,
MNQ SEP25,1s,1,2339,2025-09-12 09:58:59,24037.25,24037.5,24036.75,24036.75,9,0.75,0.5,0.25,0,-1,,,,
MNQ SEP25,1s,1,2340,2025-09-12 09:59:00,24036.75,24037.25,24036,24036.75,66,1.25,0,0.5,0.75,0,,,,
MNQ SEP25,10s,10,5633,2025-09-12 09:59:00,24039.25,24039.5,24036,24036.75,213,3.5,2.5,0.25,0.75,-1,-185.9,2.6,43.9,26.46
MNQ SEP25,20s,20,5816,2025-09-12 09:59:00,24037.5,24041.5,24036,24036.75,531,5.5,0.75,4,0.75,-1,-310.05,-78.95,-104.25,-133.76
MNQ SEP25,1s,1,2341,2025-09-12 09:59:01,24036.25,24037.5,24036.25,24036.25,32,1.25,0,1.25,0,0,,,,
MNQ SEP25,1s,1,2342,2025-09-12 09:59:02,24036.25,24036.75,24035,24035.25,111,1.75,1,0.5,0.25,-1,,,,
MNQ SEP25,1s,1,2343,2025-09-12 09:59:03,24035.25,24036.5,24035,24036.5,36,1.5,1.25,0,0.25,1,,,,
MNQ SEP25,1s,1,2344,2025-09-12 09:59:04,24036.5,24037.75,24035.75,24037.75,29,2,1.25,0,0.75,1,,,,
MNQ SEP25,1s,1,2345,2025-09-12 09:59:05,24037.25,24037.75,24037,24037.5,17,0.75,0.25,0.25,0.25,1,,,,
MNQ SEP25,1s,1,2346,2025-09-12 09:59:06,24038,24039.5,24038,24039.5,83,1.5,1.5,0,0,1,,,,
MNQ SEP25,1s,1,2347,2025-09-12 09:59:07,24039.5,24040.75,24039,24040.75,40,1.75,1.25,0,0.5,1,,,,
MNQ SEP25,1s,1,2348,2025-09-12 09:59:08,24040.25,24040.75,24039.5,24040,41,1.25,0.25,0.5,0.5,-1,,,,
MNQ SEP25,1s,1,2349,2025-09-12 09:59:09,24039.5,24040.25,24038.25,24038.75,32,2,0.75,0.75,0.5,-1,,,,
MNQ SEP25,1s,1,2350,2025-09-12 09:59:10,24038.5,24039,24037.75,24038.5,28,1.25,0,0.5,0.75,0,,,,
MNQ SEP25,10s,10,5634,2025-09-12 09:59:10,24036.25,24040.75,24035,24038.5,449,5.75,2.25,2.25,1.25,1,-239.15,-53.25,21.66666667,9.06
MNQ SEP25,1s,1,2351,2025-09-12 09:59:11,24037.75,24038.25,24037.5,24038.25,27,0.75,0.5,0,0.25,1,,,,
MNQ SEP25,1s,1,2352,2025-09-12 09:59:12,24038.25,24039,24037.75,24038.75,22,1.25,0.5,0.25,0.5,1,,,,
MNQ SEP25,1s,1,2353,2025-09-12 09:59:13,24038.25,24038.75,24036.75,24037,30,2,1.25,0.5,0.25,-1,,,,
MNQ SEP25,1s,1,2354,2025-09-12 09:59:14,24036.5,24037,24036.25,24036.5,13,0.75,0,0.5,0.25,0,,,,
MNQ SEP25,1s,1,2355,2025-09-12 09:59:15,24036,24037,24035.5,24036.75,53,1.5,0.75,0.25,0.5,1,,,,
MNQ SEP25,1s,1,2356,2025-09-12 09:59:16,24036.75,24037.75,24036.5,24036.5,28,1.25,0.25,1,0,-1,,,,
MNQ SEP25,1s,1,2357,2025-09-12 09:59:17,24037,24038,24036.5,24038,21,1.5,1,0,0.5,1,,,,
MNQ SEP25,1s,1,2358,2025-09-12 09:59:18,24038,24038,24036.75,24037.5,19,1.25,0.5,0,0.75,-1,,,,
MNQ SEP25,1s,1,2359,2025-09-12 09:59:19,24037.75,24038.5,24037.75,24038.25,11,0.75,0.5,0.25,0,1,,,,
MNQ SEP25,1s,1,2360,2025-09-12 09:59:20,24038,24039.25,24038,24039,28,1.25,1,0.25,0,1,,,,
MNQ SEP25,10s,10,5635,2025-09-12 09:59:20,24037.75,24039.25,24035.5,24039,252,3.75,1.25,0.25,2.25,1,-220.25,18.9,-10.58333333,19.47
MNQ SEP25,20s,20,5817,2025-09-12 09:59:20,24036.25,24040.75,24035,24039,701,5.75,2.75,1.75,1.25,1,-317.7,-7.65,-72.8,-117.4
MNQ SEP25,1s,1,2361,2025-09-12 09:59:21,24039.5,24041.5,24039.5,24041.5,48,2,2,0,0,1,,,,
MNQ SEP25,1s,1,2362,2025-09-12 09:59:22,24041.5,24041.75,24040.25,24040.5,31,1.5,1,0.25,0.25,-1,,,,
MNQ SEP25,1s,1,2363,2025-09-12 09:59:23,24041,24043.25,24041,24042.75,94,2.25,1.75,0.5,0,1,,,,
MNQ SEP25,1s,1,2364,2025-09-12 09:59:24,24043.25,24044.5,24043,24044,116,1.5,0.75,0.5,0.25,1,,,,
MNQ SEP25,1s,1,2365,2025-09-12 09:59:25,24043.5,24046,24043.5,24045.75,158,2.5,2.25,0.25,0,1,,,,
MNQ SEP25,1s,1,2366,2025-09-12 09:59:26,24046,24046.75,24045.25,24046.5,85,1.5,0.5,0.25,0.75,1,,,,
MNQ SEP25,1s,1,2367,2025-09-12 09:59:27,24046.5,24046.75,24046,24046.75,58,0.75,0.25,0,0.5,1,,,,
MNQ SEP25,1s,1,2368,2025-09-12 09:59:28,24046,24046.25,24045,24045.25,43,1.25,0.75,0.25,0.25,-1,,,,
MNQ SEP25,1s,1,2369,2025-09-12 09:59:29,24045.75,24046,24043.75,24044,31,2.25,1.75,0.25,0.25,-1,,,,
MNQ SEP25,1s,1,2370,2025-09-12 09:59:30,24043.75,24046,24043.5,24044,70,2.5,0.25,2,0.25,1,,,,
MNQ SEP25,10s,10,5636,2025-09-12 09:59:30,24039.5,24046.75,24039.5,24044,734,7.25,4.5,2.75,0,1,-117.05,103.2,22.95,37.42
MNQ SEP25,1s,1,2371,2025-09-12 09:59:31,24043.75,24044.75,24043.5,24044,39,1.25,0.25,0.75,0.25,1,,,,
MNQ SEP25,1s,1,2372,2025-09-12 09:59:32,24044.25,24044.5,24043.5,24044.25,22,1,0,0.25,0.75,0,,,,
MNQ SEP25,1s,1,2373,2025-09-12 09:59:33,24044.75,24045.75,24044.5,24045.75,22,1.25,1,0,0.25,1,,,,
MNQ SEP25,1s,1,2374,2025-09-12 09:59:34,24045.5,24046.5,24045.5,24046.5,30,1,1,0,0,1,,,,
MNQ SEP25,1s,1,2375,2025-09-12 09:59:35,24046.5,24047.25,24046.25,24046.25,35,1,0.25,0.75,0,-1,,,,
MNQ SEP25,1s,1,2376,2025-09-12 09:59:36,24047,24048.25,24045.5,24046,151,2.75,1,1.25,0.5,-1,,,,
MNQ SEP25,1s,1,2377,2025-09-12 09:59:37,24046,24046,24045,24045,24,1,1,0,0,-1,,,,
MNQ SEP25,1s,1,2378,2025-09-12 09:59:38,24045.5,24045.5,24043.75,24044,30,1.75,1.5,0,0.25,-1,,,,
MNQ SEP25,1s,1,2379,2025-09-12 09:59:39,24044.25,24045,24043.75,24045,46,1.25,0.75,0,0.5,1,,,,
MNQ SEP25,1s,1,2380,2025-09-12 09:59:40,24044.5,24045.25,24044.25,24044.5,20,1,0,0.75,0.25,0,,,,
MNQ SEP25,10s,10,5637,2025-09-12 09:59:40,24043.75,24048.25,24043.5,24044.5,419,4.75,0.75,3.75,0.25,1,-74.8,42.25,54.78333333,22.74
MNQ SEP25,20s,20,5818,2025-09-12 09:59:40,24039.5,24048.25,24039.5,24044.5,1153,8.75,5,3.75,0,1,-214.8,102.9,5.43333333,-43.5
MNQ SEP25,1s,1,2381,2025-09-12 09:59:41,24044.25,24045.25,24044,24044.75,33,1.25,0.5,0.5,0.25,1,,,,
MNQ SEP25,1s,1,2382,2025-09-12 09:59:42,24045,24045,24044.25,24044.25,7,0.75,0.75,0,0,-1,,,,
MNQ SEP25,1s,1,2383,2025-09-12 09:59:43,24044.25,24044.25,24042.25,24042.5,61,2,1.75,0,0.25,-1,,,,
MNQ SEP25,1s,1,2384,2025-09-12 09:59:44,24043.25,24043.25,24042,24042.75,45,1.25,0.5,0,0.75,-1,,,,
MNQ SEP25,1s,1,2385,2025-09-12 09:59:45,24042.5,24043,24042,24042.75,49,1,0.25,0.25,0.5,1,,,,
MNQ SEP25,1s,1,2386,2025-09-12 09:59:46,24043.25,24043.5,24042.75,24043,26,0.75,0.25,0.25,0.25,-1,,,,
MNQ SEP25,1s,1,2387,2025-09-12 09:59:47,24043,24043.5,24042.75,24043,14,0.75,0,0.5,0.25,0,,,,
MNQ SEP25,1s,1,2388,2025-09-12 09:59:48,24043.25,24044.75,24043.25,24044,39,1.5,0.75,0.75,0,1,,,,
MNQ SEP25,1s,1,2389,2025-09-12 09:59:49,24043.75,24044.75,24043.75,24044.75,31,1,1,0,0,1,,,,
MNQ SEP25,1s,1,2390,2025-09-12 09:59:50,24045,24045,24044,24044,27,1,1,0,0,-1,,,,
MNQ SEP25,10s,10,5638,2025-09-12 09:59:50,24044.25,24045.25,24042,24044,332,3.25,0.25,1,2,-1,-28.5,46.3,63.91666667,31.48
MNQ SEP25,1s,1,2391,2025-09-12 09:59:51,24044.25,24044.5,24044,24044.25,17,0.5,0,0.25,0.25,0,,,,
MNQ SEP25,1s,1,2392,2025-09-12 09:59:52,24044.5,24045.25,24044,24045,25,1.25,0.5,0.25,0.5,1,,,,
MNQ SEP25,1s,1,2393,2025-09-12 09:59:53,24045.5,24046,24045,24045.5,15,1,0,0.5,0.5,0,,,,
MNQ SEP25,1s,1,2394,2025-09-12 09:59:54,24045.25,24046,24044.5,24045.25,38,1.5,0,0.75,0.75,0,,,,
MNQ SEP25,1s,1,2395,2025-09-12 09:59:55,24044.75,24044.75,24044.5,24044.5,3,0.25,0.25,0,0,-1,,,,
MNQ SEP25,1s,1,2396,2025-09-12 09:59:56,24044.5,24045.75,24044.5,24045,29,1.25,0.5,0.75,0,1,,,,
MNQ SEP25,1s,1,2397,2025-09-12 09:59:57,24044.75,24045.25,24044.5,24044.75,18,0.75,0,0.5,0.25,0,,,,
MNQ SEP25,1s,1,2398,2025-09-12 09:59:58,24044.75,24045.25,24043.75,24044.75,17,1.5,0,0.5,1,0,,,,
MNQ SEP25,1s,1,2399,2025-09-12 09:59:59,24045,24046.75,24044.5,24046.25,95,2.25,1.25,0.5,0.5,1,,,,
MNQ SEP25,1s,1,2400,2025-09-12 10:00:00,24046.5,24047,24044,24046,61,3,0.5,0.5,2,-1,,,,
MNQ SEP25,10s,10,5639,2025-09-12 10:00:00,24044.25,24047,24043.75,24046,318,3.25,1.75,1,0.5,1,-26.25,2.25,30.26666667,42.58
MNQ SEP25,20s,20,5819,2025-09-12 10:00:00,24044.25,24047,24042,24046,650,5,1.75,1,2.25,1,-287.1,-72.3,7.65,-37.56
MNQ SEP25,1s,1,2401,2025-09-12 10:00:01,24044.75,24044.75,24018,24031,1509,26.75,13.75,0,13,-1,,,,
MNQ SEP25,1s,1,2402,2025-09-12 10:00:02,24034.25,24047,24034,24039.75,137,13,5.5,7.25,0.25,1,,,,
MNQ SEP25,1s,1,2403,2025-09-12 10:00:03,24035.25,24036.5,24031.5,24032.25,115,5,3,1.25,0.75,-1,,,,
MNQ SEP25,1s,1,2404,2025-09-12 10:00:04,24033,24040.25,24032.25,24040,92,8,7,0.25,0.75,1,,,,
MNQ SEP25,1s,1,2405,2025-09-12 10:00:05,24038.5,24041.5,24037.75,24039.75,81,3.75,1.25,1.75,0.75,1,,,,
MNQ SEP25,1s,1,2406,2025-09-12 10:00:06,24039.5,24043.25,24038.5,24041.5,166,4.75,2,1.75,1,1,,,,
MNQ SEP25,1s,1,2407,2025-09-12 10:00:07,24040,24042.25,24039.25,24041.25,57,3,1.25,1,0.75,1,,,,
MNQ SEP25,1s,1,2408,2025-09-12 10:00:08,24041,24042.25,24039.5,24039.5,62,2.75,1.5,1.25,0,-1,,,,
MNQ SEP25,1s,1,2409,2025-09-12 10:00:09,24039.5,24047.25,24039.5,24041.5,187,7.75,2,5.75,0,1,,,,
MNQ SEP25,1s,1,2410,2025-09-12 10:00:10,24041.5,24043,24039.75,24043,60,3.25,1.5,0,1.75,1,,,,
MNQ SEP25,10s,10,5640,2025-09-12 10:00:10,24044.75,24047.25,24018,24043,2466,29.25,1.75,2.5,25,-1,337.7,363.95,137.5,111.59
MNQ SEP25,1s,1,2411,2025-09-12 10:00:11,24042.5,24043.25,24040,24041.25,75,3.25,1.25,0.75,1.25,-1,,,,
MNQ SEP25,1s,1,2412,2025-09-12 10:00:12,24041.25,24043.5,24040.75,24043.5,141,2.75,2.25,0,0.5,1,,,,
MNQ SEP25,1s,1,2413,2025-09-12 10:00:13,24043.75,24046.25,24043.25,24045.25,88,3,1.5,1,0.5,1,,,,
MNQ SEP25,1s,1,2414,2025-09-12 10:00:14,24045.25,24046.5,24044,24045.5,108,2.5,0.25,1,1.25,1,,,,
MNQ SEP25,1s,1,2415,2025-09-12 10:00:15,24045.25,24045.75,24044,24045,57,1.75,0.25,0.5,1,-1,,,,
MNQ SEP25,1s,1,2416,2025-09-12 10:00:16,24045.25,24047.75,24044.75,24047,119,3,1.75,0.75,0.5,1,,,,
MNQ SEP25,1s,1,2417,2025-09-12 10:00:17,24047,24047.5,24043.75,24046,122,3.75,1,0.5,2.25,-1,,,,
MNQ SEP25,1s,1,2418,2025-09-12 10:00:18,24045.75,24046,24043.5,24043.5,43,2.5,2.25,0.25,0,-1,,,,
MNQ SEP25,1s,1,2419,2025-09-12 10:00:19,24043.5,24045,24043,24043.5,74,2,0,1.5,0.5,0,,,,
MNQ SEP25,1s,1,2420,2025-09-12 10:00:20,24043.5,24044.25,24043,24043.5,28,1.25,0,0.75,0.5,0,,,,
MNQ SEP25,10s,10,5641,2025-09-12 10:00:20,24042.5,24047.75,24040,24043.5,855,7.75,1,4.25,2.5,1,345.25,7.55,124.58333333,92.46
MNQ SEP25,20s,20,5820,2025-09-12 10:00:20,24044.75,24047.75,24018,24043.5,3321,29.75,1.25,3,25.5,-1,91.45,378.55,136.38333333,64.51
MNQ SEP25,1s,1,2421,2025-09-12 10:00:21,24043.75,24046.5,24043.75,24046.25,113,2.75,2.5,0.25,0,1,,,,
MNQ SEP25,1s,1,2422,2025-09-12 10:00:22,24046.25,24047,24043.75,24043.75,91,3.25,2.5,0.75,0,-1,,,,
MNQ SEP25,1s,1,2423,2025-09-12 10:00:23,24043.75,24045,24043,24043,60,2,0.75,1.25,0,-1,,,,
MNQ SEP25,1s,1,2424,2025-09-12 10:00:24,24043,24043.25,24040.75,24041,145,2.5,2,0.25,0.25,-1,,,,
MNQ SEP25,1s,1,2425,2025-09-12 10:00:25,24041.25,24042.75,24041.25,24041.25,56,1.5,0,1.5,0,0,,,,
MNQ SEP25,1s,1,2426,2025-09-12 10:00:26,24041.5,24041.5,24039.25,24040.75,78,2.25,0.75,0,1.5,-1,,,,
MNQ SEP25,1s,1,2427,2025-09-12 10:00:27,24040.75,24041.25,24040,24040,57,1.25,0.75,0.5,0,-1,,,,
MNQ SEP25,1s,1,2428,2025-09-12 10:00:28,24040.75,24041,24039.5,24039.75,51,1.5,1,0.25,0.25,-1,,,,
MNQ SEP25,1s,1,2429,2025-09-12 10:00:29,24040,24041,24039.25,24040.75,40,1.75,0.75,0.25,0.75,1,,,,
MNQ SEP25,1s,1,2430,2025-09-12 10:00:30,24041,24041.5,24039.5,24040.5,77,2,0.5,0.5,1,-1,,,,
MNQ SEP25,10s,10,5642,2025-09-12 10:00:30,24043.75,24047,24039.25,24040.5,768,7.75,3.25,3.25,1.25,-1,400.5,55.25,142.25,95.06
MNQ SEP25,1s,1,2431,2025-09-12 10:00:31,24041.25,24042.5,24040.5,24041.75,47,2,0.5,0.75,0.75,1,,,,
MNQ SEP25,1s,1,2432,2025-09-12 10:00:32,24042,24044.75,24042,24043.5,54,2.75,1.5,1.25,0,1,,,,
MNQ SEP25,1s,1,2433,2025-09-12 10:00:33,24043.25,24044.25,24041.25,24041.25,67,3,2,1,0,-1,,,,
MNQ SEP25,1s,1,2434,2025-09-12 10:00:34,24042,24043,24041,24042.5,35,2,0.5,0.5,1,1,,,,
MNQ SEP25,1s,1,2435,2025-09-12 10:00:35,24043,24043.75,24042.5,24042.5,27,1.25,0.5,0.75,0,-1,,,,
MNQ SEP25,1s,1,2436,2025-09-12 10:00:36,24043.25,24044.25,24042.75,24044.25,32,1.5,1,0,0.5,1,,,,
MNQ SEP25,1s,1,2437,2025-09-12 10:00:37,24044.25,24044.5,24043.25,24044.25,42,1.25,0,0.25,1,0,,,,
MNQ SEP25,1s,1,2438,2025-09-12 10:00:38,24044.75,24045,24043.25,24043.25,33,1.75,1.5,0.25,0,-1,,,,
MNQ SEP25,1s,1,2439,2025-09-12 10:00:39,24043.25,24045.25,24042.5,24044.5,78,2.75,1.25,0.75,0.75,1,,,,
MNQ SEP25,1s,1,2440,2025-09-12 10:00:40,24044.75,24045,24044,24044.25,12,1,0.5,0.25,0.25,-1,,,,
MNQ SEP25,10s,10,5643,2025-09-12 10:00:40,24041.25,24045.25,24040.5,24044.25,427,4.75,3,1,0.75,1,425.4,24.9,29.23333333,90.78
MNQ SEP25,20s,20,5821,2025-09-12 10:00:40,24043.75,24047,24039.25,24044.25,1195,7.75,0.5,2.75,4.5,1,203.55,112.1,139.45,102.72
MNQ SEP25,1s,1,2441,2025-09-12 10:00:41,24044.25,24045,24043.25,24043.25,66,1.75,1,0.75,0,-1,,,,
MNQ SEP25,1s,1,2442,2025-09-12 10:00:42,24043.5,24043.5,24042.5,24043,30,1,0.5,0,0.5,-1,,,,
MNQ SEP25,1s,1,2443,2025-09-12 10:00:43,24043.25,24045.5,24042.75,24044.75,95,2.75,1.5,0.75,0.5,1,,,,
MNQ SEP25,1s,1,2444,2025-09-12 10:00:44,24044.5,24044.5,24043.75,24044,32,0.75,0.5,0,0.25,-1,,,,
MNQ SEP25,1s,1,2445,2025-09-12 10:00:45,24044.25,24045,24041,24041.75,91,4,2.5,0.75,0.75,-1,,,,
MNQ SEP25,1s,1,2446,2025-09-12 10:00:46,24041.5,24041.75,24040.5,24041,23,1.25,0.5,0.25,0.5,-1,,,,
MNQ SEP25,1s,1,2447,2025-09-12 10:00:47,24041,24041.25,24039.25,24039.25,55,2,1.75,0.25,0,-1,,,,
MNQ SEP25,1s,1,2448,2025-09-12 10:00:48,24039,24040.75,24039,24039.75,51,1.75,0.75,1,0,1,,,,
MNQ SEP25,1s,1,2449,2025-09-12 10:00:49,24040.75,24043,24040.5,24042.75,36,2.5,2,0.25,0.25,1,,,,
MNQ SEP25,1s,1,2450,2025-09-12 10:00:50,24042.75,24042.75,24041,24041.25,69,1.75,1.5,0,0.25,-1,,,,
MNQ SEP25,10s,10,5644,2025-09-12 10:00:50,24044.25,24045.5,24039,24041.25,548,6.5,3,1.25,2.25,-1,464,38.6,39.58333333,98.05
MNQ SEP25,1s,1,2451,2025-09-12 10:00:51,24041.5,24044.75,24041.25,24044,67,3.5,2.5,0.75,0.25,1,,,,
MNQ SEP25,1s,1,2452,2025-09-12 10:00:52,24044,24045.5,24044,24045.25,43,1.5,1.25,0.25,0,1,,,,
MNQ SEP25,1s,1,2453,2025-09-12 10:00:53,24044.75,24044.75,24043.5,24044,37,1.25,0.75,0,0.5,-1,,,,
MNQ SEP25,1s,1,2454,2025-09-12 10:00:54,24044,24045.75,24044,24045,38,1.75,1,0.75,0,1,,,,
MNQ SEP25,1s,1,2455,2025-09-12 10:00:55,24045.5,24046,24044.25,24044.5,50,1.75,1,0.5,0.25,-1,,,,
MNQ SEP25,1s,1,2456,2025-09-12 10:00:56,24044.75,24045.25,24043.75,24043.75,47,1.5,1,0.5,0,-1,,,,
MNQ SEP25,1s,1,2457,2025-09-12 10:00:57,24044,24045.25,24042.75,24045,55,2.5,1,0.25,1.25,1,,,,
MNQ SEP25,1s,1,2458,2025-09-12 10:00:58,24045.75,24045.75,24044.75,24045.75,24,1,0,0,1,0,,,,
MNQ SEP25,1s,1,2459,2025-09-12 10:00:59,24045.5,24045.75,24044.5,24044.75,26,1.25,0.75,0.25,0.25,-1,,,,
MNQ SEP25,1s,1,2460,2025-09-12 10:01:00,24044.75,24044.75,24042.25,24042.75,35,2.5,2,0,0.5,-1,,,,
MNQ SEP25,10s,10,5645,2025-09-12 10:01:00,24041.5,24046,24041.25,24042.75,422,4.75,1.25,3.25,0.25,1,62.4,-401.6,-112.7,-55.06
MNQ SEP25,20s,20,5822,2025-09-12 10:01:00,24044.25,24046,24039,24042.75,970,7,1.5,1.75,3.75,-1,232.1,28.55,173.06666667,109.96
MNQ SEP25,1s,1,2461,2025-09-12 10:01:01,24043,24045.5,24042.5,24043,73,3,0,2.5,0.5,0,,,,
MNQ SEP25,1s,1,2462,2025-09-12 10:01:02,24042.75,24042.75,24042,24042.25,26,0.75,0.5,0,0.25,-1,,,,
MNQ SEP25,1s,1,2463,2025-09-12 10:01:03,24042.25,24042.25,24040.75,24041.25,50,1.5,1,0,0.5,-1,,,,
MNQ SEP25,1s,1,2464,2025-09-12 10:01:04,24041.75,24042.75,24040.75,24042.75,43,2,1,0,1,1,,,,
MNQ SEP25,1s,1,2465,2025-09-12 10:01:05,24042.5,24043,24041.75,24042,56,1.25,0.5,0.5,0.25,-1,,,,
MNQ SEP25,1s,1,2466,2025-09-12 10:01:06,24041.25,24042,24039.5,24040.25,67,2.5,1,0.75,0.75,-1,,,,
MNQ SEP25,1s,1,2467,2025-09-12 10:01:07,24040,24041.5,24039.5,24040.5,57,2,0.5,1,0.5,1,,,,
MNQ SEP25,1s,1,2468,2025-09-12 10:01:08,24040.25,24040.25,24037,24037.25,156,3.25,3,0,0.25,-1,,,,
MNQ SEP25,1s,1,2469,2025-09-12 10:01:09,24037.75,24039,24037.5,24038.75,60,1.5,1,0.25,0.25,1,,,,
MNQ SEP25,1s,1,2470,2025-09-12 10:01:10,24039.5,24041,24038.75,24038.75,58,2.25,0.75,1.5,0,-1,,,,
MNQ SEP25,10s,10,5646,2025-09-12 10:01:10,24043,24045.5,24037,24038.75,646,8.5,4.25,2.5,1.75,-1,4.85,-57.55,-140.18333333,-68.08
MNQ SEP25,1s,1,2471,2025-09-12 10:01:11,24038.75,24041.5,24038.75,24041.25,56,2.75,2.5,0.25,0,1,,,,
MNQ SEP25,1s,1,2472,2025-09-12 10:01:12,24041.25,24042,24040.5,24041.5,46,1.5,0.25,0.5,0.75,1,,,,
MNQ SEP25,1s,1,2473,2025-09-12 10:01:13,24041.5,24042,24040.25,24041.5,47,1.75,0,0.5,1.25,0,,,,
MNQ SEP25,1s,1,2474,2025-09-12 10:01:14,24042,24043,24041.5,24041.5,52,1.5,0.5,1,0,-1,,,,
MNQ SEP25,1s,1,2475,2025-09-12 10:01:15,24042.25,24043.75,24041.5,24043.5,51,2.25,1.25,0.25,0.75,1,,,,
MNQ SEP25,1s,1,2476,2025-09-12 10:01:16,24043.25,24043.75,24042.5,24043,22,1.25,0.25,0.5,0.5,-1,,,,
MNQ SEP25,1s,1,2477,2025-09-12 10:01:17,24043.25,24043.25,24040.25,24041,156,3,2.25,0,0.75,-1,,,,
MNQ SEP25,1s,1,2478,2025-09-12 10:01:18,24041,24042.75,24040.25,24042,29,2.5,1,0.75,0.75,1,,,,
MNQ SEP25,1s,1,2479,2025-09-12 10:01:19,24041.75,24042.25,24040.25,24040.5,47,2,1.25,0.5,0.25,-1,,,,
MNQ SEP25,1s,1,2480,2025-09-12 10:01:20,24040.75,24042,24040.5,24041,23,1.5,0.25,1,0.25,1,,,,
MNQ SEP25,10s,10,5647,2025-09-12 10:01:20,24038.75,24043.75,24038.75,24041,529,5,2.25,2.75,0,1,-58.25,-63.1,-174.08333333,-91.75
MNQ SEP25,20s,20,5823,2025-09-12 10:01:20,24043,24045.5,24037,24041,1175,8.5,2,2.5,4,-1,203.35,-28.75,37.3,83.63
MNQ SEP25,1s,1,2481,2025-09-12 10:01:21,24040.75,24043.5,24040.75,24042.25,32,2.75,1.5,1.25,0,1,,,,
MNQ SEP25,1s,1,2482,2025-09-12 10:01:22,24042.75,24043,24042,24042.25,12,1,0.5,0.25,0.25,-1,,,,
MNQ SEP25,1s,1,2483,2025-09-12 10:01:23,24042.25,24042.5,24041.5,24042,17,1,0.25,0.25,0.5,-1,,,,
MNQ SEP25,1s,1,2484,2025-09-12 10:01:24,24042.25,24043.75,24041.5,24043.5,37,2.25,1.25,0.25,0.75,1,,,,
MNQ SEP25,1s,1,2485,2025-09-12 10:01:25,24044,24045,24043.25,24043.25,135,1.75,0.75,1,0,-1,,,,
MNQ SEP25,1s,1,2486,2025-09-12 10:01:26,24043.25,24044.5,24042.75,24044,39,1.75,0.75,0.5,0.5,1,,,,
MNQ SEP25,1s,1,2487,2025-09-12 10:01:27,24043.75,24044,24042.5,24044,20,1.5,0.25,0,1.25,1,,,,
MNQ SEP25,1s,1,2488,2025-09-12 10:01:28,24044,24044,24042.5,24043.5,31,1.5,0.5,0,1,-1,,,,
MNQ SEP25,1s,1,2489,2025-09-12 10:01:29,24043.25,24045.5,24042.5,24045.25,39,3,2,0.25,0.75,1,,,,
MNQ SEP25,1s,1,2490,2025-09-12 10:01:30,24045.5,24046.75,24045.25,24046.75,127,1.5,1.25,0,0.25,1,,,,
MNQ SEP25,10s,10,5648,2025-09-12 10:01:30,24040.75,24046.75,24040.75,24046.75,489,6,6,0,0,1,-53.5,4.75,-38.63333333,-95.78
MNQ SEP25,1s,1,2491,2025-09-12 10:01:31,24047,24047.5,24045.75,24045.75,90,1.75,1.25,0.5,0,-1,,,,
MNQ SEP25,1s,1,2492,2025-09-12 10:01:32,24046.25,24047,24046,24046,90,1,0.25,0.75,0,-1,,,,
MNQ SEP25,1s,1,2493,2025-09-12 10:01:33,24047,24047.5,24045.25,24046,76,2.25,1,0.5,0.75,-1,,,,
MNQ SEP25,1s,1,2494,2025-09-12 10:01:34,24046,24046.25,24045.25,24045.5,52,1,0.5,0.25,0.25,-1,,,,
MNQ SEP25,1s,1,2495,2025-09-12 10:01:35,24046,24047,24046,24046.25,56,1,0.25,0.75,0,1,,,,
MNQ SEP25,1s,1,2496,2025-09-12 10:01:36,24046.5,24046.75,24046,24046.75,22,0.75,0.25,0,0.5,1,,,,
MNQ SEP25,1s,1,2497,2025-09-12 10:01:37,24046.75,24048.5,24046.75,24048,142,1.75,1.25,0.5,0,1,,,,
MNQ SEP25,1s,1,2498,2025-09-12 10:01:38,24048,24048,24045.25,24045.75,120,2.75,2.25,0,0.5,-1,,,,
MNQ SEP25,1s,1,2499,2025-09-12 10:01:39,24045.75,24046.5,24044.75,24046.5,58,1.75,0.75,0,1,1,,,,
MNQ SEP25,1s,1,2500,2025-09-12 10:01:40,24046.25,24046.75,24045.5,24046.75,76,1.25,0.5,0,0.75,1,,,,
MNQ SEP25,10s,10,5649,2025-09-12 10:01:40,24047,24048.5,24044.75,24046.75,782,3.75,0.25,1.5,2,-1,-10.65,42.85,-5.16666667,-94.93
MNQ SEP25,20s,20,5824,2025-09-12 10:01:40,24040.75,24048.5,24040.75,24046.75,1271,7.75,6,1.75,0,1,285.9,82.55,27.45,114.6
MNQ SEP25,1s,1,2501,2025-09-12 10:01:41,24046.75,24046.75,24046,24046.25,22,0.75,0.5,0,0.25,-1,,,,
MNQ SEP25,1s,1,2502,2025-09-12 10:01:42,24046.5,24046.5,24045.75,24046,24,0.75,0.5,0,0.25,-1,,,,
MNQ SEP25,1s,1,2503,2025-09-12 10:01:43,24046.25,24046.25,24045,24045.25,39,1.25,1,0,0.25,-1,,,,
MNQ SEP25,1s,1,2504,2025-09-12 10:01:44,24044.75,24046.25,24044.75,24046,28,1.5,1.25,0.25,0,1,,,,
MNQ SEP25,1s,1,2505,2025-09-12 10:01:45,24045.75,24046,24045.5,24045.5,36,0.5,0.25,0.25,0,-1,,,,
MNQ SEP25,1s,1,2506,2025-09-12 10:01:46,24045.25,24045.25,24044.5,24045,25,0.75,0.25,0,0.5,-1,,,,
MNQ SEP25,1s,1,2507,2025-09-12 10:01:47,24044.75,24045,24044,24045,22,1,0.25,0,0.75,1,,,,
MNQ SEP25,1s,1,2508,2025-09-12 10:01:48,24044.5,24045.25,24044,24045.25,31,1.25,0.75,0,0.5,1,,,,
MNQ SEP25,1s,1,2509,2025-09-12 10:01:49,24045.75,24045.75,24044.75,24045,15,1,0.75,0,0.25,-1,,,,
MNQ SEP25,1s,1,2510,2025-09-12 10:01:50,24045.25,24045.25,24044.75,24045,10,0.5,0.25,0,0.25,-1,,,,
MNQ SEP25,10s,10,5650,2025-09-12 10:01:50,24046.75,24046.75,24044,24045,252,2.75,1.75,0,1,-1,-36.85,-26.2,7.13333333,-19.85
MNQ SEP25,1s,1,2511,2025-09-12 10:01:51,24045.25,24046,24044.5,24045.75,23,1.5,0.5,0.25,0.75,1,,,,
MNQ SEP25,1s,1,2512,2025-09-12 10:01:52,24045.25,24046.25,24045,24046.25,25,1.25,1,0,0.25,1,,,,
MNQ SEP25,1s,1,2513,2025-09-12 10:01:53,24046.5,24047.75,24046.5,24046.75,44,1.25,0.25,1,0,1,,,,
MNQ SEP25,1s,1,2514,2025-09-12 10:01:54,24047,24047.5,24046,24046.5,39,1.5,0.5,0.5,0.5,-1,,,,
MNQ SEP25,1s,1,2515,2025-09-12 10:01:55,24046,24046.75,24046,24046.25,40,0.75,0.25,0.5,0,1,,,,
MNQ SEP25,1s,1,2516,2025-09-12 10:01:56,24046.25,24046.25,24045.5,24045.75,23,0.75,0.5,0,0.25,-1,,,,
MNQ SEP25,1s,1,2517,2025-09-12 10:01:57,24046,24046.25,24045.5,24046,20,0.75,0,0.25,0.5,0,,,,
MNQ SEP25,1s,1,2518,2025-09-12 10:01:58,24045.75,24046,24045,24045.75,35,1,0,0.25,0.75,0,,,,
MNQ SEP25,1s,1,2519,2025-09-12 10:01:59,24045.5,24045.5,24043.25,24043.25,65,2.25,2.25,0,0,-1,,,,
MNQ SEP25,1s,1,2520,2025-09-12 10:02:00,24043.25,24043.75,24042.25,24043.75,61,1.5,0.5,0,1,1,,,,
MNQ SEP25,10s,10,5651,2025-09-12 10:02:00,24045.25,24047.75,24042.25,24043.75,375,5.5,1.5,2.5,1.5,-1,-94.3,-57.45,-13.6,-19.83
MNQ SEP25,20s,20,5825,2025-09-12 10:02:00,24046.75,24047.75,24042.25,24043.75,627,5.5,3,1,1.5,-1,-232.25,-518.15,-154.78333333,-64.74
MNQ SEP25,1s,1,2521,2025-09-12 10:02:01,24043.75,24044.5,24042.5,24042.5,49,2,1.25,0.75,0,-1,,,,
MNQ SEP25,1s,1,2522,2025-09-12 10:02:02,24042.5,24043.75,24042,24043.75,55,1.75,1.25,0,0.5,1,,,,
MNQ SEP25,1s,1,2523,2025-09-12 10:02:03,24043.5,24044,24043.25,24043.5,30,0.75,0,0.5,0.25,0,,,,
MNQ SEP25,1s,1,2524,2025-09-12 10:02:04,24043.75,24045.25,24043.5,24044.5,43,1.75,0.75,0.75,0.25,1,,,,
MNQ SEP25,1s,1,2525,2025-09-12 10:02:05,24044.75,24045.25,24044.5,24044.5,33,0.75,0.25,0.5,0,-1,,,,
MNQ SEP25,1s,1,2526,2025-09-12 10:02:06,24045,24045,24044,24044.75,19,1,0.25,0,0.75,-1,,,,
MNQ SEP25,1s,1,2527,2025-09-12 10:02:07,24045.25,24046,24045,24046,34,1,0.75,0,0.25,1,,,,
MNQ SEP25,1s,1,2528,2025-09-12 10:02:08,24045.75,24045.75,24044.25,24045,32,1.5,0.75,0,0.75,-1,,,,
MNQ SEP25,1s,1,2529,2025-09-12 10:02:09,24044.75,24045.75,24044.75,24045.75,21,1,1,0,0,1,,,,
MNQ SEP25,1s,1,2530,2025-09-12 10:02:10,24045,24045,24044.5,24044.5,9,0.5,0.5,0,0,-1,,,,
MNQ SEP25,10s,10,5652,2025-09-12 10:02:10,24043.75,24046,24042,24044.5,325,4,0.75,1.5,1.75,1,-135.45,-41.15,-41.6,-15.44
MNQ SEP25,1s,1,2531,2025-09-12 10:02:11,24044.5,24045.25,24043.75,24044,28,1.5,0.5,0.75,0.25,-1,,,,
MNQ SEP25,1s,1,2532,2025-09-12 10:02:12,24043.5,24043.75,24042.5,24043.25,58,1.25,0.25,0.25,0.75,-1,,,,
MNQ SEP25,1s,1,2533,2025-09-12 10:02:13,24043.25,24043.75,24042.75,24043.5,26,1,0.25,0.25,0.5,1,,,,
MNQ SEP25,1s,1,2534,2025-09-12 10:02:14,24043,24043.5,24042.5,24043,24,1,0,0.5,0.5,0,,,,
MNQ SEP25,1s,1,2535,2025-09-12 10:02:15,24043,24046,24043,24045.5,56,3,2.5,0.5,0,1,,,,
MNQ SEP25,1s,1,2536,2025-09-12 10:02:16,24044.5,24047.25,24044.5,24045.5,47,2.75,1,1.75,0,1,,,,
MNQ SEP25,1s,1,2537,2025-09-12 10:02:17,24046,24046,24044.75,24044.75,16,1.25,1.25,0,0,-1,,,,
MNQ SEP25,1s,1,2538,2025-09-12 10:02:18,24044.75,24046,24044.5,24045.5,27,1.5,0.75,0.5,0.25,1,,,,
MNQ SEP25,1s,1,2539,2025-09-12 10:02:19,24046,24047.25,24046,24047,29,1.25,1,0.25,0,1,,,,
MNQ SEP25,1s,1,2540,2025-09-12 10:02:20,24047,24047.5,24046,24047.25,26,1.5,0.25,0.25,1,1,,,,
MNQ SEP25,10s,10,5653,2025-09-12 10:02:20,24044.5,24047.5,24042.5,24047.25,337,5,2.75,0.25,2,1,-172.05,-36.6,-45.06666667,-23.71
MNQ SEP25,20s,20,5826,2025-09-12 10:02:20,24043.75,24047.5,24042,24047.25,662,5.5,3.5,0.25,1.75,1,-221.55,10.7,-141.63333333,-85.02
MNQ SEP25,1s,1,2541,2025-09-12 10:02:21,24046.75,24047.25,24045.25,24045.5,60,2,1.25,0.5,0.25,-1,,,,
MNQ SEP25,1s,1,2542,2025-09-12 10:02:22,24045.25,24045.5,24044.5,24044.5,39,1,0.75,0.25,0,-1,,,,
MNQ SEP25,1s,1,2543,2025-09-12 10:02:23,24044.5,24044.5,24041.75,24042.5,73,2.75,2,0,0.75,-1,,,,
MNQ SEP25,1s,1,2544,2025-09-12 10:02:24,24042,24042.75,24041.5,24042.5,75,1.25,0.5,0.25,0.5,1,,,,
MNQ SEP25,1s,1,2545,2025-09-12 10:02:25,24042.75,24043.25,24042.75,24043,27,0.5,0.25,0.25,0,1,,,,
MNQ SEP25,1s,1,2546,2025-09-12 10:02:26,24042.75,24043.75,24042.5,24043.25,16,1.25,0.5,0.5,0.25,1,,,,
MNQ SEP25,1s,1,2547,2025-09-12 10:02:27,24043,24043.5,24041,24041.25,37,2.5,1.75,0.5,0.25,-1,,,,
MNQ SEP25,1s,1,2548,2025-09-12 10:02:28,24041.75,24042.75,24041.75,24042.75,31,1,1,0,0,1,,,,
MNQ SEP25,1s,1,2549,2025-09-12 10:02:29,24042.5,24043,24041.5,24042,57,1.5,0.5,0.5,0.5,-1,,,,
MNQ SEP25,1s,1,2550,2025-09-12 10:02:30,24042,24042,24041,24041.25,49,1,0.75,0,0.25,-1,,,,
MNQ SEP25,10s,10,5654,2025-09-12 10:02:30,24046.75,24047.25,24041,24041.25,464,6.25,5.5,0.5,0.25,-1,-236.4,-64.35,-47.36666667,-45.15
MNQ SEP25,1s,1,2551,2025-09-12 10:02:31,24041.5,24041.75,24039,24040,104,2.75,1.5,0.25,1,-1,,,,
MNQ SEP25,1s,1,2552,2025-09-12 10:02:32,24039.5,24040.5,24039.25,24040,96,1.25,0.5,0.5,0.25,1,,,,
MNQ SEP25,1s,1,2553,2025-09-12 10:02:33,24040.25,24040.25,24039.25,24040.25,50,1,0,0,1,0,,,,
MNQ SEP25,1s,1,2554,2025-09-12 10:02:34,24040,24042.75,24039.75,24042.5,88,3,2.5,0.25,0.25,1,,,,
MNQ SEP25,1s,1,2555,2025-09-12 10:02:35,24042.25,24043,24042,24042.75,34,1,0.5,0.25,0.25,1,,,,
MNQ SEP25,1s,1,2556,2025-09-12 10:02:36,24042.5,24042.5,24042,24042.25,10,0.5,0.25,0,0.25,-1,,,,
MNQ SEP25,1s,1,2557,2025-09-12 10:02:37,24043,24044.5,24042.75,24044.25,42,1.75,1.25,0.25,0.25,1,,,,
MNQ SEP25,1s,1,2558,2025-09-12 10:02:38,24044,24044.25,24043,24043.25,8,1.25,0.75,0.25,0.25,-1,,,,
MNQ SEP25,1s,1,2559,2025-09-12 10:02:39,24043,24043.75,24043,24043.5,23,0.75,0.5,0.25,0,1,,,,
MNQ SEP25,1s,1,2560,2025-09-12 10:02:40,24043.25,24043.75,24042.75,24042.75,14,1,0.5,0.5,0,-1,,,,
MNQ SEP25,10s,10,5655,2025-09-12 10:02:40,24041.5,24044.5,24039,24042.75,469,5.5,1.25,1.75,2.5,1,-203.85,32.55,-22.8,-33.4
MNQ SEP25,20s,20,5827,2025-09-12 10:02:40,24046.75,24047.25,24039,24042.75,933,8.25,4,0.5,3.75,-1,-192.9,28.65,-159.6,-85
MNQ SEP25,1s,1,2561,2025-09-12 10:02:41,24043.5,24045.25,24043.5,24044.25,59,1.75,0.75,1,0,1,,,,
MNQ SEP25,1s,1,2562,2025-09-12 10:02:42,24045,24045.25,24044.25,24045,15,1,0,0.25,0.75,0,,,,
MNQ SEP25,1s,1,2563,2025-09-12 10:02:43,24045,24045,24044,24044,19,1,1,0,0,-1,,,,
MNQ SEP25,1s,1,2564,2025-09-12 10:02:44,24044.75,24044.75,24043.25,24044,24,1.5,0.75,0,0.75,-1,,,,
MNQ SEP25,1s,1,2565,2025-09-12 10:02:45,24044,24044.25,24043.5,24044,12,0.75,0,0.25,0.5,0,,,,
MNQ SEP25,1s,1,2566,2025-09-12 10:02:46,24043.5,24043.5,24042.5,24043.5,13,1,0,0,1,0,,,,
MNQ SEP25,1s,1,2567,2025-09-12 10:02:47,24043.75,24044.75,24043.25,24044.75,23,1.5,1,0,0.5,1,,,,
MNQ SEP25,1s,1,2568,2025-09-12 10:02:48,24044.5,24044.5,24043.5,24043.5,22,1,1,0,0,-1,,,,
MNQ SEP25,1s,1,2569,2025-09-12 10:02:49,24043.5,24044.25,24043.5,24043.75,19,0.75,0.25,0.5,0,1,,,,
MNQ SEP25,1s,1,2570,2025-09-12 10:02:50,24043.25,24044,24042.75,24044,12,1.25,0.75,0,0.5,1,,,,
MNQ SEP25,10s,10,5656,2025-09-12 10:02:50,24043.5,24045.25,24042.5,24044,218,2.75,0.5,1.25,1,1,-209.45,-5.6,-12.46666667,-23.03
MNQ SEP25,1s,1,2571,2025-09-12 10:02:51,24044,24045.5,24044,24045.5,50,1.5,1.5,0,0,1,,,,
MNQ SEP25,1s,1,2572,2025-09-12 10:02:52,24045.5,24045.5,24044.25,24044.25,23,1.25,1.25,0,0,-1,,,,
MNQ SEP25,1s,1,2573,2025-09-12 10:02:53,24044.5,24045,24044.25,24044.5,19,0.75,0,0.5,0.25,0,,,,
MNQ SEP25,1s,1,2574,2025-09-12 10:02:54,24044.25,24044.25,24044,24044.25,11,0.25,0,0,0.25,0,,,,
MNQ SEP25,1s,1,2575,2025-09-12 10:02:55,24044.25,24044.25,24043,24043,11,1.25,1.25,0,0,-1,,,,
MNQ SEP25,1s,1,2576,2025-09-12 10:02:56,24043.5,24044.25,24043.25,24043.25,23,1,0.25,0.75,0,-1,,,,
MNQ SEP25,1s,1,2577,2025-09-12 10:02:57,24043.25,24044.75,24043.25,24044.25,16,1.5,1,0.5,0,1,,,,
MNQ SEP25,1s,1,2578,2025-09-12 10:02:58,24045,24045,24043.5,24044.5,8,1.5,0.5,0,1,-1,,,,
MNQ SEP25,1s,1,2579,2025-09-12 10:02:59,24044.5,24044.75,24044.5,24044.75,2,0.25,0.25,0,0,1,,,,
MNQ SEP25,1s,1,2580,2025-09-12 10:03:00,24044.75,24045.5,24044.75,24045.5,36,0.75,0.75,0,0,1,,,,
MNQ SEP25,10s,10,5657,2025-09-12 10:03:00,24044,24045.5,24043,24045.5,199,2.5,1.5,0,1,1,-223.65,-14.2,4.25,-17.64
MNQ SEP25,20s,20,5828,2025-09-12 10:03:00,24043.5,24045.5,24042.5,24045.5,417,3,2,0,1,1,-267.25,-74.35,-11.66666667,-94.12
MNQ SEP25,1s,1,2581,2025-09-12 10:03:01,24045.25,24045.75,24044.5,24045.25,55,1.25,0,0.5,0.75,0,,,,
MNQ SEP25,1s,1,2582,2025-09-12 10:03:02,24045.25,24047.25,24045.25,24046.75,65,2,1.5,0.5,0,1,,,,
MNQ SEP25,1s,1,2583,2025-09-12 10:03:03,24046.5,24047,24045.5,24047,51,1.5,0.5,0,1,1,,,,
MNQ SEP25,1s,1,2584,2025-09-12 10:03:04,24046.25,24047,24044.75,24046.25,68,2.25,0,0.75,1.5,0,,,,
MNQ SEP25,1s,1,2585,2025-09-12 10:03:05,24045.75,24047.25,24045.75,24047.25,64,1.5,1.5,0,0,1,,,,
MNQ SEP25,1s,1,2586,2025-09-12 10:03:06,24047.25,24049,24047.25,24048.25,236,1.75,1,0.75,0,1,,,,
MNQ SEP25,1s,1,2587,2025-09-12 10:03:07,24048.5,24049.5,24047.25,24047.25,141,2.25,1.25,1,0,-1,,,,
MNQ SEP25,1s,1,2588,2025-09-12 10:03:08,24047.75,24048.5,24047,24047.75,77,1.5,0,0.75,0.75,0,,,,
MNQ SEP25,1s,1,2589,2025-09-12 10:03:09,24047.25,24048,24046.5,24047.75,76,1.5,0.5,0.25,0.75,1,,,,
MNQ SEP25,1s,1,2590,2025-09-12 10:03:10,24048.25,24048.5,24047,24048,55,1.5,0.25,0.25,1,-1,,,,
MNQ SEP25,10s,10,5658,2025-09-12 10:03:10,24045.25,24049.5,24044.5,24048,888,5,2.75,1.5,0.75,1,-141.25,82.4,20.86666667,6.16
MNQ SEP25,1s,1,2591,2025-09-12 10:03:11,24048.5,24051.5,24048.5,24050,476,3,1.5,1.5,0,1,,,,
MNQ SEP25,1s,1,2592,2025-09-12 10:03:12,24050,24050.75,24049.25,24049.5,131,1.5,0.5,0.75,0.25,-1,,,,
MNQ SEP25,1s,1,2593,2025-09-12 10:03:13,24049.75,24050.5,24049.25,24050.5,115,1.25,0.75,0,0.5,1,,,,
MNQ SEP25,1s,1,2594,2025-09-12 10:03:14,24050.25,24051.5,24050,24051.25,111,1.5,1,0.25,0.25,1,,,,
MNQ SEP25,1s,1,2595,2025-09-12 10:03:15,24051.25,24053,24051,24052.25,326,2,1,0.75,0.25,1,,,,
MNQ SEP25,1s,1,2596,2025-09-12 10:03:16,24052.75,24053.5,24051.25,24053.5,244,2.25,0.75,0,1.5,1,,,,
MNQ SEP25,1s,1,2597,2025-09-12 10:03:17,24053.25,24055,24053,24055,411,2,1.75,0,0.25,1,,,,
MNQ SEP25,1s,1,2598,2025-09-12 10:03:18,24054.75,24055.25,24053.5,24054.5,243,1.75,0.25,0.5,1,-1,,,,
MNQ SEP25,1s,1,2599,2025-09-12 10:03:19,24054.5,24055,24052,24052.5,161,3,2,0.5,0.5,-1,,,,
MNQ SEP25,1s,1,2600,2025-09-12 10:03:20,24052.5,24053.25,24052,24052.25,117,1.25,0.25,0.75,0.25,-1,,,,
MNQ SEP25,10s,10,5659,2025-09-12 10:03:20,24048.5,24055.25,24048.5,24052.25,2335,6.75,3.75,3,0,1,132.1,273.35,113.85,73.7
MNQ SEP25,20s,20,5829,2025-09-12 10:03:20,24045.25,24055.25,24044.5,24052.25,3223,10.75,7,3,0.75,1,45.45,312.7,89,-48.09
MNQ SEP25,1s,1,2601,2025-09-12 10:03:21,24052.5,24053,24052.25,24052.75,97,0.75,0.25,0.25,0.25,1,,,,
MNQ SEP25,1s,1,2602,2025-09-12 10:03:22,24053.25,24053.75,24052.5,24053.25,84,1.25,0,0.5,0.75,0,,,,
MNQ SEP25,1s,1,2603,2025-09-12 10:03:23,24053.75,24053.75,24051.25,24051.25,144,2.5,2.5,0,0,-1,,,,
MNQ SEP25,1s,1,2604,2025-09-12 10:03:24,24051.25,24051.5,24048.5,24049.5,270,3,1.75,0.25,1,-1,,,,
MNQ SEP25,1s,1,2605,2025-09-12 10:03:25,24049.75,24050.75,24049,24049.75,155,1.75,0,1,0.75,0,,,,
MNQ SEP25,1s,1,2606,2025-09-12 10:03:26,24050.25,24051,24050.25,24051,86,0.75,0.75,0,0,1,,,,
MNQ SEP25,1s,1,2607,2025-09-12 10:03:27,24051,24051,24049.75,24049.75,53,1.25,1.25,0,0,-1,,,,
MNQ SEP25,1s,1,2608,2025-09-12 10:03:28,24050,24050.75,24049.25,24050.25,65,1.5,0.25,0.5,0.75,1,,,,
MNQ SEP25,1s,1,2609,2025-09-12 10:03:29,24050.25,24050.75,24050.25,24050.75,16,0.5,0.5,0,0,1,,,,
MNQ SEP25,1s,1,2610,2025-09-12 10:03:30,24050.25,24051,24050.25,24050.75,57,0.75,0.5,0.25,0,1,,,,
MNQ SEP25,10s,10,5660,2025-09-12 10:03:30,24052.5,24053.75,24048.5,24050.75,1027,5.25,1.75,1.25,2.25,-1,315.65,183.55,179.76666667,103.9
MNQ SEP25,1s,1,2611,2025-09-12 10:03:31,24050.25,24050.25,24047,24047.25,114,3.25,3,0,0.25,-1,,,,
MNQ SEP25,1s,1,2612,2025-09-12 10:03:32,24047.5,24048.75,24046.25,24048.5,93,2.5,1,0.25,1.25,1,,,,
MNQ SEP25,1s,1,2613,2025-09-12 10:03:33,24049,24051.25,24048.75,24050.75,58,2.5,1.75,0.5,0.25,1,,,,
MNQ SEP25,1s,1,2614,2025-09-12 10:03:34,24050.75,24052,24050.5,24051.5,81,1.5,0.75,0.5,0.25,1,,,,
MNQ SEP25,1s,1,2615,2025-09-12 10:03:35,24052,24052.75,24051.75,24052,27,1,0,0.75,0.25,0,,,,
MNQ SEP25,1s,1,2616,2025-09-12 10:03:36,24052.5,24052.5,24050.5,24051.25,60,2,1.25,0,0.75,-1,,,,
MNQ SEP25,1s,1,2617,2025-09-12 10:03:37,24050.75,24052,24050.5,24052,44,1.5,1.25,0,0.25,1,,,,
MNQ SEP25,1s,1,2618,2025-09-12 10:03:38,24051.5,24051.5,24050,24050,57,1.5,1.5,0,0,-1,,,,
MNQ SEP25,1s,1,2619,2025-09-12 10:03:39,24050.5,24050.75,24049,24049.25,76,1.75,1.25,0.25,0.25,-1,,,,
MNQ SEP25,1s,1,2620,2025-09-12 10:03:40,24048.75,24049,24047.75,24048.25,76,1.25,0.5,0.25,0.5,-1,,,,
MNQ SEP25,10s,10,5661,2025-09-12 10:03:40,24050.25,24052.75,24046.25,24048.25,686,6.5,2,2.5,2,-1,417.7,102.05,186.31666667,125.43
MNQ SEP25,20s,20,5830,2025-09-12 10:03:40,24052.5,24053.75,24046.25,24048.25,1713,7.5,4.25,1.25,2,-1,247.55,202.1,146.81666667,95.96
MNQ SEP25,1s,1,2621,2025-09-12 10:03:41,24048.75,24050.25,24048.5,24049.75,50,1.75,1,0.5,0.25,1,,,,
MNQ SEP25,1s,1,2622,2025-09-12 10:03:42,24050.25,24050.25,24048.5,24048.75,24,1.75,1.5,0,0.25,-1,,,,
MNQ SEP25,1s,1,2623,2025-09-12 10:03:43,24049.25,24049.5,24048.75,24048.75,12,0.75,0.5,0.25,0,-1,,,,
MNQ SEP25,1s,1,2624,2025-09-12 10:03:44,24048,24048.75,24047.5,24047.5,36,1.25,0.5,0.75,0,-1,,,,
MNQ SEP25,1s,1,2625,2025-09-12 10:03:45,24047.75,24048.75,24047.75,24048.75,14,1,1,0,0,1,,,,
MNQ SEP25,1s,1,2626,2025-09-12 10:03:46,24048.5,24049.25,24048,24048.75,19,1.25,0.25,0.5,0.5,1,,,,
MNQ SEP25,1s,1,2627,2025-09-12 10:03:47,24048.5,24048.75,24047.25,24047.75,48,1.5,0.75,0.25,0.5,-1,,,,
MNQ SEP25,1s,1,2628,2025-09-12 10:03:48,24047.75,24050,24047.75,24049.5,34,2.25,1.75,0.5,0,1,,,,
MNQ SEP25,1s,1,2629,2025-09-12 10:03:49,24049,24049.5,24048.5,24049,20,1,0,0.5,0.5,0,,,,
MNQ SEP25,1s,1,2630,2025-09-12 10:03:50,24048.75,24049,24047.75,24048,31,1.25,0.75,0.25,0.25,-1,,,,
MNQ SEP25,10s,10,5662,2025-09-12 10:03:50,24048.75,24050.25,24047.25,24048,288,3,0.75,1.5,0.75,-1,459.5,41.8,109.13333333,136.63
MNQ SEP25,1s,1,2631,2025-09-12 10:03:51,24047.75,24048,24046.5,24047,61,1.5,0.75,0.25,0.5,-1,,,,
MNQ SEP25,1s,1,2632,2025-09-12 10:03:52,24046.75,24047.75,24046.75,24047.5,43,1,0.75,0.25,0,1,,,,
MNQ SEP25,1s,1,2633,2025-09-12 10:03:53,24047.75,24049.25,24047.75,24049.25,39,1.5,1.5,0,0,1,,,,
MNQ SEP25,1s,1,2634,2025-09-12 10:03:54,24049,24050,24048.75,24049.25,48,1.25,0.25,0.75,0.25,1,,,,
MNQ SEP25,1s,1,2635,2025-09-12 10:03:55,24049.25,24050.5,24049.25,24050.5,14,1.25,1.25,0,0,1,,,,
MNQ SEP25,1s,1,2636,2025-09-12 10:03:56,24050,24050,24048.25,24048.75,31,1.75,1.25,0,0.5,-1,,,,
MNQ SEP25,1s,1,2637,2025-09-12 10:03:57,24049.25,24049.5,24048.25,24048.75,20,1.25,0.5,0.25,0.5,-1,,,,
MNQ SEP25,1s,1,2638,2025-09-12 10:03:58,24048.5,24049,24048.5,24049,11,0.5,0.5,0,0,1,,,,
MNQ SEP25,1s,1,2639,2025-09-12 10:03:59,24048.75,24049.25,24048.75,24048.75,14,0.5,0,0.5,0,0,,,,
MNQ SEP25,1s,1,2640,2025-09-12 10:04:00,24049,24049,24048.5,24048.5,28,0.5,0.5,0,0,-1,,,,
MNQ SEP25,10s,10,5663,2025-09-12 10:04:00,24047.75,24050.5,24046.5,24048.5,309,4,0.75,2,1.25,1,349.6,-109.9,11.31666667,98.17
MNQ SEP25,20s,20,5831,2025-09-12 10:04:00,24048.75,24050.5,24046.5,24048.5,597,4,0.25,1.75,2,-1,255.8,8.25,174.35,95.47
MNQ SEP25,1s,1,2641,2025-09-12 10:04:01,24048.5,24049.5,24047.75,24048.5,65,1.75,0,1,0.75,0,,,,
MNQ SEP25,1s,1,2642,2025-09-12 10:04:02,24048.75,24051,24048.25,24050.5,64,2.75,1.75,0.5,0.5,1,,,,
MNQ SEP25,1s,1,2643,2025-09-12 10:04:03,24050.25,24050.75,24049.75,24050,45,1,0.25,0.5,0.25,-1,,,,
MNQ SEP25,1s,1,2644,2025-09-12 10:04:04,24049.75,24050.75,24049.5,24050.75,31,1.25,1,0,0.25,1,,,,
MNQ SEP25,1s,1,2645,2025-09-12 10:04:05,24050.25,24051.75,24050.25,24050.75,36,1.5,0.5,1,0,1,,,,
MNQ SEP25,1s,1,2646,2025-09-12 10:04:06,24050.5,24051.5,24049.75,24051,48,1.75,0.5,0.5,0.75,1,,,,
MNQ SEP25,1s,1,2647,2025-09-12 10:04:07,24051,24052.75,24051,24052.75,57,1.75,1.75,0,0,1,,,,
MNQ SEP25,1s,1,2648,2025-09-12 10:04:08,24052.25,24052.75,24051,24051.5,82,1.75,0.75,0.5,0.5,-1,,,,
MNQ SEP25,1s,1,2649,2025-09-12 10:04:09,24051.5,24051.75,24050.75,24051.5,33,1,0,0.25,0.75,0,,,,
MNQ SEP25,1s,1,2650,2025-09-12 10:04:10,24051.5,24051.75,24049,24049,60,2.75,2.5,0.25,0,-1,,,,
MNQ SEP25,10s,10,5664,2025-09-12 10:04:10,24048.5,24052.75,24047.75,24049,521,5,0.5,3.75,0.75,1,-11.85,-361.45,-143.18333333,-28.79
MNQ SEP25,1s,1,2651,2025-09-12 10:04:11,24050,24050.25,24049.5,24049.75,32,0.75,0.25,0.25,0.25,-1,,,,
MNQ SEP25,1s,1,2652,2025-09-12 10:04:12,24050,24050.25,24049,24049.75,50,1.25,0.25,0.25,0.75,-1,,,,
MNQ SEP25,1s,1,2653,2025-09-12 10:04:13,24050,24050.25,24049.25,24050,45,1,0,0.25,0.75,0,,,,
MNQ SEP25,1s,1,2654,2025-09-12 10:04:14,24050,24051.25,24049.75,24051,44,1.5,1,0.25,0.25,1,,,,
MNQ SEP25,1s,1,2655,2025-09-12 10:04:15,24051,24051.5,24050.5,24050.75,20,1,0.25,0.5,0.25,-1,,,,
MNQ SEP25,1s,1,2656,2025-09-12 10:04:16,24051.75,24052.5,24051.25,24051.25,33,1.25,0.5,0.75,0,-1,,,,
MNQ SEP25,1s,1,2657,2025-09-12 10:04:17,24051.25,24051.75,24051,24051,22,0.75,0.25,0.5,0,-1,,,,
MNQ SEP25,1s,1,2658,2025-09-12 10:04:18,24051,24051,24049,24049.25,48,2,1.75,0,0.25,-1,,,,
MNQ SEP25,1s,1,2659,2025-09-12 10:04:19,24049.5,24051,24049.5,24051,25,1.5,1.5,0,0,1,,,,
MNQ SEP25,1s,1,2660,2025-09-12 10:04:20,24050.75,24051,24050.25,24050.5,47,0.75,0.25,0.25,0.25,-1,,,,
MNQ SEP25,10s,10,5665,2025-09-12 10:04:20,24050,24052.5,24049,24050.5,366,3.5,0.5,2,1,1,-141.25,-129.4,-200.25,-91.38
MNQ SEP25,20s,20,5832,2025-09-12 10:04:20,24048.5,24052.75,24047.75,24050.5,887,5,2,2.25,0.75,1,250.55,-5.25,68.36666667,88.69
MNQ SEP25,1s,1,2661,2025-09-12 10:04:21,24050.25,24051.25,24050,24051.25,26,1.25,1,0,0.25,1,,,,
MNQ SEP25,1s,1,2662,2025-09-12 10:04:22,24051.5,24051.75,24050.75,24051.5,25,1,0,0.25,0.75,0,,,,
MNQ SEP25,1s,1,2663,2025-09-12 10:04:23,24051.5,24051.5,24050.75,24051.5,41,0.75,0,0,0.75,0,,,,
MNQ SEP25,1s,1,2664,2025-09-12 10:04:24,24051.5,24051.5,24050.75,24050.75,27,0.75,0.75,0,0,-1,,,,
MNQ SEP25,1s,1,2665,2025-09-12 10:04:25,24051.25,24052,24051.25,24052,28,0.75,0.75,0,0,1,,,,
MNQ SEP25,1s,1,2666,2025-09-12 10:04:26,24051.75,24052.25,24050.75,24051,22,1.5,0.75,0.5,0.25,-1,,,,
MNQ SEP25,1s,1,2667,2025-09-12 10:04:27,24051.25,24052.5,24050.75,24052.25,21,1.75,1,0.25,0.5,1,,,,
MNQ SEP25,1s,1,2668,2025-09-12 10:04:28,24052.25,24053,24052,24052,101,1,0.25,0.75,0,-1,,,,
MNQ SEP25,1s,1,2669,2025-09-12 10:04:29,24051.75,24053.75,24051.5,24053.5,74,2.25,1.75,0.25,0.25,1,,,,
MNQ SEP25,1s,1,2670,2025-09-12 10:04:30,24053.75,24054.25,24053,24053,115,1.25,0.75,0.5,0,-1,,,,
MNQ SEP25,10s,10,5666,2025-09-12 10:04:30,24050.25,24054.25,24050,24053,480,4.25,2.75,1.25,0.25,1,-174.15,-32.9,-174.58333333,-118.37
MNQ SEP25,1s,1,2671,2025-09-12 10:04:31,24053,24053.75,24052.75,24053.5,120,1,0.5,0.25,0.25,1,,,,
MNQ SEP25,1s,1,2672,2025-09-12 10:04:32,24054,24054,24052.25,24053.25,62,1.75,0.75,0,1,-1,,,,
MNQ SEP25,1s,1,2673,2025-09-12 10:04:33,24053.25,24053.25,24052,24052,39,1.25,1.25,0,0,-1,,,,
MNQ SEP25,1s,1,2674,2025-09-12 10:04:34,24052.25,24053.5,24052.25,24052.75,41,1.25,0.5,0.75,0,1,,,,
MNQ SEP25,1s,1,2675,2025-09-12 10:04:35,24053,24054,24052.5,24053.25,49,1.5,0.25,0.75,0.5,1,,,,
MNQ SEP25,1s,1,2676,2025-09-12 10:04:36,24053.5,24054.5,24053.5,24054.5,57,1,1,0,0,1,,,,
MNQ SEP25,1s,1,2677,2025-09-12 10:04:37,24054.5,24055,24053.25,24053.25,97,1.75,1.25,0.5,0,-1,,,,
MNQ SEP25,1s,1,2678,2025-09-12 10:04:38,24053.5,24054,24053,24053,25,1,0.5,0.5,0,-1,,,,
MNQ SEP25,1s,1,2679,2025-09-12 10:04:39,24053.25,24053.25,24051.75,24052.75,76,1.5,0.5,0,1,-1,,,,
MNQ SEP25,1s,1,2680,2025-09-12 10:04:40,24053.25,24053.25,24052.25,24052.75,23,1,0.5,0,0.5,-1,,,,
MNQ SEP25,10s,10,5667,2025-09-12 10:04:40,24053,24055,24051.75,24052.75,589,3.25,0.25,2,1,-1,-116.95,57.2,-35.03333333,-115.29
MNQ SEP25,20s,20,5833,2025-09-12 10:04:40,24050.25,24055,24050,24052.75,1069,5,2.5,2.25,0.25,1,355.2,104.65,35.88333333,124.49
MNQ SEP25,1s,1,2681,2025-09-12 10:04:41,24052,24052.25,24051.25,24051.25,35,1,0.75,0.25,0,-1,,,,
MNQ SEP25,1s,1,2682,2025-09-12 10:04:42,24051.75,24052.25,24051.25,24051.75,43,1,0,0.5,0.5,0,,,,
MNQ SEP25,1s,1,2683,2025-09-12 10:04:43,24051.75,24052.25,24051.25,24051.5,28,1,0.25,0.5,0.25,-1,,,,
MNQ SEP25,1s,1,2684,2025-09-12 10:04:44,24051.5,24051.75,24050.25,24051,42,1.5,0.5,0.25,0.75,-1,,,,
MNQ SEP25,1s,1,2685,2025-09-12 10:04:45,24051,24052.5,24050.5,24052.5,32,2,1.5,0,0.5,1,,,,
MNQ SEP25,1s,1,2686,2025-09-12 10:04:46,24052,24052.25,24051.5,24051.75,31,0.75,0.25,0.25,0.25,-1,,,,
MNQ SEP25,1s,1,2687,2025-09-12 10:04:47,24051.5,24052.25,24050.5,24050.5,24,1.75,1,0.75,0,-1,,,,
MNQ SEP25,1s,1,2688,2025-09-12 10:04:48,24050.75,24051,24049.25,24049.75,75,1.75,1,0.25,0.5,-1,,,,
MNQ SEP25,1s,1,2689,2025-09-12 10:04:49,24050,24050.25,24049.25,24050.25,34,1,0.25,0,0.75,1,,,,
MNQ SEP25,1s,1,2690,2025-09-12 10:04:50,24050.25,24050.25,24048.75,24049.75,28,1.5,0.5,0,1,-1,,,,
MNQ SEP25,10s,10,5668,2025-09-12 10:04:50,24052,24052.5,24048.75,24049.75,372,3.75,2.25,0.5,1,-1,-98.5,18.45,14.25,-89.62
MNQ SEP25,1s,1,2691,2025-09-12 10:04:51,24049.25,24050.25,24049,24050.25,38,1.25,1,0,0.25,1,,,,
MNQ SEP25,1s,1,2692,2025-09-12 10:04:52,24049.75,24050.25,24049.75,24050,33,0.5,0.25,0.25,0,1,,,,
MNQ SEP25,1s,1,2693,2025-09-12 10:04:53,24050,24050.25,24049.5,24050.25,13,0.75,0.25,0,0.5,1,,,,
MNQ SEP25,1s,1,2694,2025-09-12 10:04:54,24049.75,24051.25,24049.75,24050.75,42,1.5,1,0.5,0,1,,,,
MNQ SEP25,1s,1,2695,2025-09-12 10:04:55,24050.5,24051.25,24050,24050,41,1.25,0.5,0.75,0,-1,,,,
MNQ SEP25,1s,1,2696,2025-09-12 10:04:56,24050,24050.75,24049.25,24050.5,61,1.5,0.5,0.25,0.75,1,,,,
MNQ SEP25,1s,1,2697,2025-09-12 10:04:57,24050.5,24051.25,24050.5,24050.75,24,0.75,0.25,0.5,0,1,,,,
MNQ SEP25,1s,1,2698,2025-09-12 10:04:58,24050.75,24051,24050.25,24050.75,15,0.75,0,0.25,0.5,0,,,,
MNQ SEP25,1s,1,2699,2025-09-12 10:04:59,24050.25,24050.25,24049.5,24049.75,31,0.75,0.5,0,0.25,-1,,,,
MNQ SEP25,1s,1,2700,2025-09-12 10:05:00,24049.75,24049.75,24048.75,24049,37,1,0.75,0,0.25,-1,,,,
MNQ SEP25,10s,10,5669,2025-09-12 10:05:00,24049.25,24051.25,24048.75,24049,335,2.5,0.25,2,0.25,-1,-113.35,-14.85,20.26666667,-20.3
MNQ SEP25,20s,20,5834,2025-09-12 10:05:00,24052,24052.5,24048.75,24049,707,3.75,3,0.5,0.25,-1,-131.4,-486.6,-129.06666667,-35.37
MNQ SEP25,1s,1,2701,2025-09-12 10:05:01,24049.5,24051,24049.5,24051,73,1.5,1.5,0,0,1,,,,
MNQ SEP25,1s,1,2702,2025-09-12 10:05:02,24050.5,24051,24050.25,24050.75,54,0.75,0.25,0.25,0.25,1,,,,
MNQ SEP25,1s,1,2703,2025-09-12 10:05:03,24051,24051.25,24050.75,24051,20,0.5,0,0.25,0.25,0,,,,
MNQ SEP25,1s,1,2704,2025-09-12 10:05:04,24050.75,24053,24050.75,24052.75,52,2.25,2,0.25,0,1,,,,
MNQ SEP25,1s,1,2705,2025-09-12 10:05:05,24052.5,24053,24051.75,24051.75,27,1.25,0.75,0.5,0,-1,,,,
MNQ SEP25,1s,1,2706,2025-09-12 10:05:06,24052,24052.5,24051.5,24052.5,33,1,0.5,0,0.5,1,,,,
MNQ SEP25,1s,1,2707,2025-09-12 10:05:07,24052,24052.75,24051.5,24051.5,47,1.25,0.5,0.75,0,-1,,,,
MNQ SEP25,1s,1,2708,2025-09-12 10:05:08,24051.25,24053.25,24051.25,24052.75,44,2,1.5,0.5,0,1,,,,
MNQ SEP25,1s,1,2709,2025-09-12 10:05:09,24052.75,24053,24051.25,24051.25,36,1.75,1.5,0.25,0,-1,,,,
MNQ SEP25,1s,1,2710,2025-09-12 10:05:10,24051.75,24053.25,24051.75,24053,51,1.5,1.25,0.25,0,1,,,,
MNQ SEP25,10s,10,5670,2025-09-12 10:05:10,24049.5,24053.25,24049.5,24053,437,3.75,3.5,0.25,0,1,-108.4,4.95,2.85,6.57
MNQ SEP25,1s,1,2711,2025-09-12 10:05:11,24053,24053,24050,24050.25,63,3,2.75,0,0.25,-1,,,,
MNQ SEP25,1s,1,2712,2025-09-12 10:05:12,24050.25,24050.5,24049,24049.75,53,1.5,0.5,0.25,0.75,-1,,,,
MNQ SEP25,1s,1,2713,2025-09-12 10:05:13,24049.5,24050.25,24048.5,24049.75,88,1.75,0.25,0.5,1,1,,,,
MNQ SEP25,1s,1,2714,2025-09-12 10:05:14,24049.25,24049.5,24048,24049,62,1.5,0.25,0.25,1,-1,,,,
MNQ SEP25,1s,1,2715,2025-09-12 10:05:15,24048.5,24049.5,24048.5,24049.5,26,1,1,0,0,1,,,,
MNQ SEP25,1s,1,2716,2025-09-12 10:05:16,24049.5,24049.5,24048,24048.25,55,1.5,1.25,0,0.25,-1,,,,
MNQ SEP25,1s,1,2717,2025-09-12 10:05:17,24048.25,24049.5,24048,24049.5,90,1.5,1.25,0,0.25,1,,,,
MNQ SEP25,1s,1,2718,2025-09-12 10:05:18,24048.75,24049,24048.25,24048.75,56,0.75,0,0.25,0.5,0,,,,
MNQ SEP25,1s,1,2719,2025-09-12 10:05:19,24048.75,24049.25,24048.25,24049.25,42,1,0.5,0,0.5,1,,,,
MNQ SEP25,1s,1,2720,2025-09-12 10:05:20,24049,24049.5,24048.5,24049,40,1,0,0.5,0.5,0,,,,
MNQ SEP25,10s,10,5671,2025-09-12 10:05:20,24053,24053,24048,24049,575,5,4,0,1,-1,-99.4,9,-0.3,14.95
MNQ SEP25,20s,20,5835,2025-09-12 10:05:20,24049.5,24053.25,24048,24049,1012,5.25,0.5,3.75,1,-1,-286.3,-154.9,-178.95,-106.77
MNQ SEP25,1s,1,2721,2025-09-12 10:05:21,24048.25,24050.25,24048.25,24050,23,2,1.75,0.25,0,1,,,,
MNQ SEP25,1s,1,2722,2025-09-12 10:05:22,24049.75,24049.75,24048.75,24049,32,1,0.75,0,0.25,-1,,,,
MNQ SEP25,1s,1,2723,2025-09-12 10:05:23,24049.25,24051.75,24049.25,24051.25,72,2.5,2,0.5,0,1,,,,
MNQ SEP25,1s,1,2724,2025-09-12 10:05:24,24051.5,24052.25,24050.25,24052.25,38,2,0.75,0,1.25,1,,,,
MNQ SEP25,1s,1,2725,2025-09-12 10:05:25,24052.5,24053,24051.25,24051.25,62,1.75,1.25,0.5,0,-1,,,,
MNQ SEP25,1s,1,2726,2025-09-12 10:05:26,24051.5,24051.5,24050.5,24050.75,36,1,0.75,0,0.25,-1,,,,
MNQ SEP25,1s,1,2727,2025-09-12 10:05:27,24051,24051,24049.75,24050,30,1.25,1,0,0.25,-1,,,,
MNQ SEP25,1s,1,2728,2025-09-12 10:05:28,24050.25,24050.25,24048.75,24049,32,1.5,1.25,0,0.25,-1,,,,
MNQ SEP25,1s,1,2729,2025-09-12 10:05:29,24049.25,24050.75,24049,24050.75,21,1.75,1.5,0,0.25,1,,,,
MNQ SEP25,1s,1,2730,2025-09-12 10:05:30,24050.5,24051.5,24050.5,24051.25,33,1,0.75,0.25,0,1,,,,
MNQ SEP25,10s,10,5672,2025-09-12 10:05:30,24048.25,24053,24048.25,24051.25,379,4.75,3,1.75,0,1,-144.1,-44.7,-10.25,-5.43
MNQ SEP25,1s,1,2731,2025-09-12 10:05:31,24051,24052,24050.75,24051.75,34,1.25,0.75,0.25,0.25,1,,,,
MNQ SEP25,1s,1,2732,2025-09-12 10:05:32,24051.5,24052.25,24051.5,24051.5,36,0.75,0,0.75,0,0,,,,
MNQ SEP25,1s,1,2733,2025-09-12 10:05:33,24051.5,24051.75,24051.25,24051.75,14,0.5,0.25,0,0.25,1,,,,
MNQ SEP25,1s,1,2734,2025-09-12 10:05:34,24051.75,24051.75,24051,24051,22,0.75,0.75,0,0,-1,,,,
MNQ SEP25,1s,1,2735,2025-09-12 10:05:35,24051.25,24052.75,24051.25,24052,38,1.5,0.75,0.75,0,1,,,,
MNQ SEP25,1s,1,2736,2025-09-12 10:05:36,24052.25,24052.75,24052,24052.25,25,0.75,0,0.5,0.25,0,,,,
MNQ SEP25,1s,1,2737,2025-09-12 10:05:37,24052.5,24053.25,24052.25,24053,60,1,0.5,0.25,0.25,1,,,,
MNQ SEP25,1s,1,2738,2025-09-12 10:05:38,24052.75,24052.75,24051.25,24051.75,31,1.5,1,0,0.5,-1,,,,
MNQ SEP25,1s,1,2739,2025-09-12 10:05:39,24051.5,24052,24051.5,24052,15,0.5,0.5,0,0,1,,,,
MNQ SEP25,1s,1,2740,2025-09-12 10:05:40,24051.5,24051.5,24050.25,24050.75,27,1.25,0.75,0,0.5,-1,,,,
MNQ SEP25,10s,10,5673,2025-09-12 10:05:40,24051,24053.25,24050.25,24050.75,302,3,0.25,2.25,0.5,-1,-156.35,-12.25,-15.98333333,-11.57
MNQ SEP25,20s,20,5836,2025-09-12 10:05:40,24048.25,24053.25,24048.25,24050.75,681,5,2.5,2.5,0,1,-277,9.3,-210.73333333,-106.56
MNQ SEP25,1s,1,2741,2025-09-12 10:05:41,24050.75,24050.75,24050.25,24050.75,27,0.5,0,0,0.5,0,,,,
MNQ SEP25,1s,1,2742,2025-09-12 10:05:42,24051.25,24051.5,24050.5,24050.5,14,1,0.75,0.25,0,-1,,,,
MNQ SEP25,1s,1,2743,2025-09-12 10:05:43,24050.25,24050.75,24050.25,24050.75,5,0.5,0.5,0,0,1,,,,
MNQ SEP25,1s,1,2744,2025-09-12 10:05:44,24050.75,24051,24050,24050,14,1,0.75,0.25,0,-1,,,,
MNQ SEP25,1s,1,2745,2025-09-12 10:05:45,24050.75,24051.5,24050.5,24051.25,9,1,0.5,0.25,0.25,1,,,,
MNQ SEP25,1s,1,2746,2025-09-12 10:05:46,24051,24051,24049.5,24050.25,49,1.5,0.75,0,0.75,-1,,,,
MNQ SEP25,1s,1,2747,2025-09-12 10:05:47,24050.25,24050.25,24050.25,24050.25,4,0,0,0,0,0,,,,
MNQ SEP25,1s,1,2748,2025-09-12 10:05:48,24051,24051.5,24050.25,24051.5,27,1.25,0.5,0,0.75,1,,,,
MNQ SEP25,1s,1,2749,2025-09-12 10:05:49,24052,24052.25,24051.25,24051.5,19,1,0.5,0.25,0.25,-1,,,,
MNQ SEP25,1s,1,2750,2025-09-12 10:05:50,24051.25,24051.5,24051,24051,16,0.5,0.25,0.25,0,-1,,,,
MNQ SEP25,10s,10,5674,2025-09-12 10:05:50,24050.75,24052.25,24049.5,24051,184,2.75,0.25,1.25,1.25,1,-172.55,-16.2,-24.38333333,-11.84
MNQ SEP25,1s,1,2751,2025-09-12 10:05:51,24051.25,24052.25,24051,24052.25,12,1.25,1,0,0.25,1,,,,
MNQ SEP25,1s,1,2752,2025-09-12 10:05:52,24052,24052,24050.25,24050.25,17,1.75,1.75,0,0,-1,,,,
MNQ SEP25,1s,1,2753,2025-09-12 10:05:53,24050.25,24051,24050.25,24051,16,0.75,0.75,0,0,1,,,,
MNQ SEP25,1s,1,2754,2025-09-12 10:05:54,24050.75,24051.25,24050.75,24051,26,0.5,0.25,0.25,0,1,,,,
MNQ SEP25,1s,1,2755,2025-09-12 10:05:55,24050.5,24051,24049.5,24049.5,51,1.5,1,0.5,0,-1,,,,
MNQ SEP25,1s,1,2756,2025-09-12 10:05:56,24049.75,24050,24049,24050,13,1,0.25,0,0.75,1,,,,
MNQ SEP25,1s,1,2757,2025-09-12 10:05:57,24050,24050.5,24050,24050.5,23,0.5,0.5,0,0,1,,,,
MNQ SEP25,1s,1,2758,2025-09-12 10:05:58,24051,24052,24051,24051.5,26,1,0.5,0.5,0,1,,,,
MNQ SEP25,1s,1,2759,2025-09-12 10:05:59,24051.75,24051.75,24051.25,24051.75,11,0.5,0,0,0.5,0,,,,
MNQ SEP25,1s,1,2760,2025-09-12 10:06:00,24052,24052.25,24051.5,24052.25,29,0.75,0.25,0,0.5,1,,,,
MNQ SEP25,10s,10,5675,2025-09-12 10:06:00,24051.25,24052.25,24049,24052.25,224,3.25,1,0,2.25,1,-202.9,-30.35,-19.6,-18.9
MNQ SEP25,20s,20,5837,2025-09-12 10:06:00,24050.75,24052.25,24049,24052.25,408,3.25,1.5,0,1.75,1,-358.15,-81.15,-75.58333333,-121.74
MNQ SEP25,1s,1,2761,2025-09-12 10:06:01,24051.75,24052,24050.5,24051,84,1.5,0.75,0.25,0.5,-1,,,,
MNQ SEP25,1s,1,2762,2025-09-12 10:06:02,24050.75,24051.25,24050.25,24051,45,1,0.25,0.25,0.5,1,,,,
MNQ SEP25,1s,1,2763,2025-09-12 10:06:03,24050.25,24051,24050,24051,30,1,0.75,0,0.25,1,,,,
MNQ SEP25,1s,1,2764,2025-09-12 10:06:04,24051.25,24051.25,24050.5,24050.75,16,0.75,0.5,0,0.25,-1,,,,
MNQ SEP25,1s,1,2765,2025-09-12 10:06:05,24051,24051.25,24050,24051,28,1.25,0,0.25,1,0,,,,
MNQ SEP25,1s,1,2766,2025-09-12 10:06:06,24051.25,24051.75,24050.5,24050.75,20,1.25,0.5,0.5,0.25,-1,,,,
MNQ SEP25,1s,1,2767,2025-09-12 10:06:07,24050.5,24052.25,24050.5,24051.75,49,1.75,1.25,0.5,0,1,,,,
MNQ SEP25,1s,1,2768,2025-09-12 10:06:08,24051.25,24051.75,24051,24051.75,32,0.75,0.5,0,0.25,1,,,,
MNQ SEP25,1s,1,2769,2025-09-12 10:06:09,24052,24052.75,24052,24052.25,22,0.75,0.25,0.5,0,1,,,,
MNQ SEP25,1s,1,2770,2025-09-12 10:06:10,24052.5,24052.5,24051.25,24051.75,50,1.25,0.75,0,0.5,-1,,,,
MNQ SEP25,10s,10,5676,2025-09-12 10:06:10,24051.75,24052.75,24050,24051.75,376,2.75,0,1,1.75,0,-250.6,-47.7,-31.41666667,-30.24
MNQ SEP25,1s,1,2771,2025-09-12 10:06:11,24051.75,24052.5,24051,24052.25,19,1.5,0.5,0.25,0.75,1,,,,
MNQ SEP25,1s,1,2772,2025-09-12 10:06:12,24052.75,24052.75,24051.75,24051.75,34,1,1,0,0,-1,,,,
MNQ SEP25,1s,1,2773,2025-09-12 10:06:13,24051.75,24052,24051.25,24051.75,30,0.75,0,0.25,0.5,0,,,,
MNQ SEP25,1s,1,2774,2025-09-12 10:06:14,24051.75,24053,24051.75,24052.75,24,1.25,1,0.25,0,1,,,,
MNQ SEP25,1s,1,2775,2025-09-12 10:06:15,24052,24052,24050.75,24050.75,87,1.25,1.25,0,0,-1,,,,
MNQ SEP25,1s,1,2776,2025-09-12 10:06:16,24050.5,24050.75,24050.5,24050.5,12,0.25,0,0.25,0,0,,,,
MNQ SEP25,1s,1,2777,2025-09-12 10:06:17,24050.75,24051.5,24050.5,24050.75,33,1,0,0.75,0.25,0,,,,
MNQ SEP25,1s,1,2778,2025-09-12 10:06:18,24050.75,24051.25,24050.5,24050.5,17,0.75,0.25,0.5,0,-1,,,,
MNQ SEP25,1s,1,2779,2025-09-12 10:06:19,24050.75,24051.75,24050.5,24050.5,25,1.25,0.25,1,0,-1,,,,
MNQ SEP25,1s,1,2780,2025-09-12 10:06:20,24050.75,24051.25,24050.5,24051,39,0.75,0.25,0.25,0.25,1,,,,
MNQ SEP25,10s,10,5677,2025-09-12 10:06:20,24051.75,24053,24050.5,24051,320,2.5,0.75,1.25,0.5,-1,-268.45,-17.85,-31.96666667,-24.87
MNQ SEP25,20s,20,5838,2025-09-12 10:06:20,24051.75,24053,24050,24051,696,3,0.75,1.25,1,-1,-409.9,-51.75,-41.2,-153.02
MNQ SEP25,1s,1,2781,2025-09-12 10:06:21,24051.5,24051.5,24050.75,24050.75,12,0.75,0.75,0,0,-1,,,,
MNQ SEP25,1s,1,2782,2025-09-12 10:06:22,24051,24051.25,24050.25,24050.75,11,1,0.25,0.25,0.5,-1,,,,
MNQ SEP25,1s,1,2783,2025-09-12 10:06:23,24051.25,24051.25,24049.75,24050,30,1.5,1.25,0,0.25,-1,,,,
MNQ SEP25,1s,1,2784,2025-09-12 10:06:24,24050.25,24050.75,24050,24050.5,22,0.75,0.25,0.25,0.25,1,,,,
MNQ SEP25,1s,1,2785,2025-09-12 10:06:25,24051,24051,24047.5,24048.75,201,3.5,2.25,0,1.25,-1,,,,
MNQ SEP25,1s,1,2786,2025-09-12 10:06:26,24049,24049.5,24048.5,24049.5,45,1,0.5,0,0.5,1,,,,
MNQ SEP25,1s,1,2787,2025-09-12 10:06:27,24049.5,24050.5,24049,24050,40,1.5,0.5,0.5,0.5,1,,,,
MNQ SEP25,1s,1,2788,2025-09-12 10:06:28,24050,24050.5,24049.5,24050.5,42,1,0.5,0,0.5,1,,,,
MNQ SEP25,1s,1,2789,2025-09-12 10:06:29,24050,24050,24049.5,24049.75,17,0.5,0.25,0,0.25,-1,,,,
MNQ SEP25,1s,1,2790,2025-09-12 10:06:30,24050,24050.25,24048.5,24048.75,40,1.75,1.25,0.25,0.25,-1,,,,
MNQ SEP25,10s,10,5678,2025-09-12 10:06:30,24051.5,24051.5,24047.5,24048.75,460,4,2.75,0,1.25,-1,-215.45,53,-4.18333333,-11.82
MNQ SEP25,1s,1,2791,2025-09-12 10:06:31,24048.75,24049,24048.5,24048.5,43,0.5,0.25,0.25,0,-1,,,,
MNQ SEP25,1s,1,2792,2025-09-12 10:06:32,24048.5,24049.5,24048.5,24048.75,41,1,0.25,0.75,0,1,,,,
MNQ SEP25,1s,1,2793,2025-09-12 10:06:33,24049,24050.75,24048.75,24050.75,44,2,1.75,0,0.25,1,,,,
MNQ SEP25,1s,1,2794,2025-09-12 10:06:34,24050.5,24051.75,24050.5,24051.5,50,1.25,1,0.25,0,1,,,,
MNQ SEP25,1s,1,2795,2025-09-12 10:06:35,24051,24051.5,24050.75,24051,33,0.75,0,0.5,0.25,0,,,,
MNQ SEP25,1s,1,2796,2025-09-12 10:06:36,24051,24051,24050.5,24051,13,0.5,0,0,0.5,0,,,,
MNQ SEP25,1s,1,2797,2025-09-12 10:06:37,24050.5,24051,24050.5,24050.75,13,0.5,0.25,0.25,0,1,,,,
MNQ SEP25,1s,1,2798,2025-09-12 10:06:38,24050.25,24050.75,24050,24050.75,10,0.75,0.5,0,0.25,1,,,,
MNQ SEP25,1s,1,2799,2025-09-12 10:06:39,24050,24051.25,24050,24050.25,25,1.25,0.25,1,0,1,,,,
MNQ SEP25,1s,1,2800,2025-09-12 10:06:40,24050,24050.5,24049.75,24049.75,9,0.75,0.25,0.5,0,-1,,,,
MNQ SEP25,10s,10,5679,2025-09-12 10:06:40,24048.75,24051.75,24048.5,24049.75,281,3.25,1,2,0.25,1,-93.35,122.1,52.41666667,15.84
MNQ SEP25,20s,20,5839,2025-09-12 10:06:40,24051.5,24051.75,24047.5,24049.75,741,4.25,1.75,0.25,2.25,-1,-407.65,2.25,-43.55,-55.25
MNQ SEP25,1s,1,2801,2025-09-12 10:06:41,24049.5,24050.5,24049.5,24050,26,1,0.5,0.5,0,1,,,,
MNQ SEP25,1s,1,2802,2025-09-12 10:06:42,24050,24050,24049.5,24049.75,11,0.5,0.25,0,0.25,-1,,,,
MNQ SEP25,1s,1,2803,2025-09-12 10:06:43,24049.25,24050,24049.25,24050,25,0.75,0.75,0,0,1,,,,
MNQ SEP25,1s,1,2804,2025-09-12 10:06:44,24049.75,24050,24048.75,24049.5,59,1.25,0.25,0.25,0.75,-1,,,,
MNQ SEP25,1s,1,2805,2025-09-12 10:06:45,24049.25,24049.5,24048.5,24049,26,1,0.25,0.25,0.5,-1,,,,
MNQ SEP25,1s,1,2806,2025-09-12 10:06:46,24049,24049.25,24047.75,24047.75,42,1.5,1.25,0.25,0,-1,,,,
MNQ SEP25,1s,1,2807,2025-09-12 10:06:47,24047.5,24048.75,24046.75,24048.5,193,2,1,0.25,0.75,1,,,,
MNQ SEP25,1s,1,2808,2025-09-12 10:06:48,24048.25,24048.5,24047.75,24047.75,24,0.75,0.5,0.25,0,-1,,,,
MNQ SEP25,1s,1,2809,2025-09-12 10:06:49,24047.75,24048.75,24047.75,24047.75,54,1,0,1,0,0,,,,
MNQ SEP25,1s,1,2810,2025-09-12 10:06:50,24048,24048.5,24047.5,24048.25,23,1,0.25,0.25,0.5,1,,,,
MNQ SEP25,10s,10,5680,2025-09-12 10:06:50,24049.5,24050.5,24046.75,24048.25,483,3.75,1.25,1,1.5,-1,-14.35,79,84.7,37.71
MNQ SEP25,1s,1,2811,2025-09-12 10:06:51,24048.5,24049.5,24048.5,24049,91,1,0.5,0.5,0,1,,,,
MNQ SEP25,1s,1,2812,2025-09-12 10:06:52,24048.75,24048.75,24048,24048.5,38,0.75,0.25,0,0.5,-1,,,,
MNQ SEP25,1s,1,2813,2025-09-12 10:06:53,24048.5,24048.5,24047.5,24048,17,1,0.5,0,0.5,-1,,,,
MNQ SEP25,1s,1,2814,2025-09-12 10:06:54,24047.75,24047.75,24046.25,24047.25,65,1.5,0.5,0,1,-1,,,,
MNQ SEP25,1s,1,2815,2025-09-12 10:06:55,24047,24047.5,24046.5,24047.5,63,1,0.5,0,0.5,1,,,,
MNQ SEP25,1s,1,2816,2025-09-12 10:06:56,24047.5,24049.75,24047.25,24049,143,2.5,1.5,0.75,0.25,1,,,,
MNQ SEP25,1s,1,2817,2025-09-12 10:06:57,24049,24049.25,24048.5,24049,37,0.75,0,0.25,0.5,0,,,,
MNQ SEP25,1s,1,2818,2025-09-12 10:06:58,24049,24049.75,24048.75,24049.25,43,1,0.25,0.5,0.25,1,,,,
MNQ SEP25,1s,1,2819,2025-09-12 10:06:59,24050,24050.75,24049.25,24049.5,187,1.5,0.5,0.75,0.25,-1,,,,
MNQ SEP25,1s,1,2820,2025-09-12 10:07:00,24049.5,24050,24049,24049.5,59,1,0,0.5,0.5,0,,,,
MNQ SEP25,10s,10,5681,2025-09-12 10:07:00,24048.5,24050.75,24046.25,24049.5,743,4.5,1,1.25,2.25,1,56.2,70.55,90.55,61.36
MNQ SEP25,20s,20,5840,2025-09-12 10:07:00,24049.5,24050.75,24046.25,24049.5,1226,4.5,0,1.25,3.25,0,-260.1,147.55,32.68333333,5.24
MNQ SEP25,1s,1,2821,2025-09-12 10:07:01,24049,24049.25,24048.25,24048.75,45,1,0.25,0.25,0.5,-1,,,,
MNQ SEP25,1s,1,2822,2025-09-12 10:07:02,24048.5,24050.25,24048.5,24049.75,51,1.75,1.25,0.5,0,1,,,,
MNQ SEP25,1s,1,2823,2025-09-12 10:07:03,24050,24050,24049.25,24049.75,19,0.75,0.25,0,0.5,-1,,,,
MNQ SEP25,1s,1,2824,2025-09-12 10:07:04,24049.75,24051.5,24049.75,24051,40,1.75,1.25,0.5,0,1,,,,
MNQ SEP25,1s,1,2825,2025-09-12 10:07:05,24051.25,24053,24051.25,24053,74,1.75,1.75,0,0,1,,,,
MNQ SEP25,1s,1,2826,2025-09-12 10:07:06,24052.75,24053,24052,24052.5,117,1,0.25,0.25,0.5,-1,,,,
MNQ SEP25,1s,1,2827,2025-09-12 10:07:07,24052.75,24053.25,24052.5,24052.5,51,0.75,0.25,0.5,0,-1,,,,
MNQ SEP25,1s,1,2828,2025-09-12 10:07:08,24052.75,24053.25,24051.75,24051.75,43,1.5,1,0.5,0,-1,,,,
MNQ SEP25,1s,1,2829,2025-09-12 10:07:09,24052.25,24053.25,24052,24053.25,35,1.25,1,0,0.25,1,,,,
MNQ SEP25,1s,1,2830,2025-09-12 10:07:10,24053,24054.75,24052.75,24054.5,114,2,1.5,0.25,0.25,1,,,,
MNQ SEP25,10s,10,5682,2025-09-12 10:07:10,24049,24054.75,24048.25,24054.5,589,6.5,5.5,0.25,0.75,1,94.95,38.75,62.76666667,72.68
MNQ SEP25,1s,1,2831,2025-09-12 10:07:11,24054.25,24054.75,24054,24054.25,64,0.75,0,0.5,0.25,0,,,,
MNQ SEP25,1s,1,2832,2025-09-12 10:07:12,24053.75,24055,24053.75,24055,116,1.25,1.25,0,0,1,,,,
MNQ SEP25,1s,1,2833,2025-09-12 10:07:13,24055,24055.25,24054,24054.25,254,1.25,0.75,0.25,0.25,-1,,,,
MNQ SEP25,1s,1,2834,2025-09-12 10:07:14,24054.5,24055.25,24054,24054.5,91,1.25,0,0.75,0.5,0,,,,
MNQ SEP25,1s,1,2835,2025-09-12 10:07:15,24055,24055.25,24054.25,24055.25,106,1,0.25,0,0.75,1,,,,
MNQ SEP25,1s,1,2836,2025-09-12 10:07:16,24055,24055.25,24052.75,24053.75,85,2.5,1.25,0.25,1,-1,,,,
MNQ SEP25,1s,1,2837,2025-09-12 10:07:17,24053.25,24054.25,24053,24053.5,62,1.25,0.25,0.75,0.25,1,,,,
MNQ SEP25,1s,1,2838,2025-09-12 10:07:18,24053.75,24054,24053,24053.75,40,1,0,0.25,0.75,0,,,,
MNQ SEP25,1s,1,2839,2025-09-12 10:07:19,24053.75,24054.5,24053.25,24053.5,170,1.25,0.25,0.75,0.25,-1,,,,
MNQ SEP25,1s,1,2840,2025-09-12 10:07:20,24053.25,24053.75,24053,24053.5,48,0.75,0.25,0.25,0.25,1,,,,
MNQ SEP25,10s,10,5683,2025-09-12 10:07:20,24054.25,24055.25,24052.75,24053.5,1036,2.5,0.75,1,0.75,-1,173.8,78.85,62.71666667,77.85
MNQ SEP25,20s,20,5841,2025-09-12 10:07:20,24049,24055.25,24048.25,24053.5,1625,7,4.5,1.75,0.75,1,-92.8,167.3,105.7,36.84
MNQ SEP25,1s,1,2841,2025-09-12 10:07:21,24053.75,24055,24053.5,24054.75,47,1.5,1,0.25,0.25,1,,,,
MNQ SEP25,1s,1,2842,2025-09-12 10:07:22,24054.75,24055.25,24054.25,24054.25,59,1,0.5,0.5,0,-1,,,,
MNQ SEP25,1s,1,2843,2025-09-12 10:07:23,24054.75,24054.75,24052.25,24052.5,108,2.5,2.25,0,0.25,-1,,,,
MNQ SEP25,1s,1,2844,2025-09-12 10:07:24,24052.5,24053.75,24052.5,24053.75,57,1.25,1.25,0,0,1,,,,
MNQ SEP25,1s,1,2845,2025-09-12 10:07:25,24053.25,24054.25,24053,24054.25,19,1.25,1,0,0.25,1,,,,
MNQ SEP25,1s,1,2846,2025-09-12 10:07:26,24054.5,24055.25,24054.25,24055.25,43,1,0.75,0,0.25,1,,,,
MNQ SEP25,1s,1,2847,2025-09-12 10:07:27,24055,24055,24053.5,24054.75,54,1.5,0.25,0,1.25,-1,,,,
MNQ SEP25,1s,1,2848,2025-09-12 10:07:28,24054.75,24056.75,24054.75,24056,254,2,1.25,0.75,0,1,,,,
MNQ SEP25,1s,1,2849,2025-09-12 10:07:29,24055.75,24056.25,24055.25,24055.25,99,1,0.5,0.5,0,-1,,,,
MNQ SEP25,1s,1,2850,2025-09-12 10:07:30,24055.25,24055.75,24054.75,24055,84,1,0.25,0.5,0.25,-1,,,,
MNQ SEP25,10s,10,5684,2025-09-12 10:07:30,24053.75,24056.75,24052.25,24055,824,4.5,1.25,1.75,1.5,1,267.25,93.45,70.35,72.12
MNQ SEP25,1s,1,2851,2025-09-12 10:07:31,24055,24055.5,24053.75,24054.25,69,1.75,0.75,0.5,0.5,-1,,,,
MNQ SEP25,1s,1,2852,2025-09-12 10:07:32,24054.25,24054.75,24053.25,24054.75,64,1.5,0.5,0,1,1,,,,
MNQ SEP25,1s,1,2853,2025-09-12 10:07:33,24054.75,24056,24053.5,24053.5,72,2.5,1.25,1.25,0,-1,,,,
MNQ SEP25,1s,1,2854,2025-09-12 10:07:34,24053.5,24054,24052,24052.5,114,2,1,0.5,0.5,-1,,,,
MNQ SEP25,1s,1,2855,2025-09-12 10:07:35,24052.75,24053.75,24052,24053,36,1.75,0.25,0.75,0.75,1,,,,
MNQ SEP25,1s,1,2856,2025-09-12 10:07:36,24053,24053.75,24052.75,24052.75,57,1,0.25,0.75,0,-1,,,,
MNQ SEP25,1s,1,2857,2025-09-12 10:07:37,24052.25,24052.25,24051.25,24051.25,53,1,1,0,0,-1,,,,
MNQ SEP25,1s,1,2858,2025-09-12 10:07:38,24051.75,24052.75,24051.25,24052.75,30,1.5,1,0,0.5,1,,,,
MNQ SEP25,1s,1,2859,2025-09-12 10:07:39,24052.5,24053,24052.5,24053,14,0.5,0.5,0,0,1,,,,
MNQ SEP25,1s,1,2860,2025-09-12 10:07:40,24053,24053.25,24052.25,24052.75,17,1,0.25,0.25,0.5,-1,,,,
MNQ SEP25,10s,10,5685,2025-09-12 10:07:40,24055,24056,24051.25,24052.75,526,4.75,2.25,1,1.5,-1,267.85,0.6,57.63333333,56.44
MNQ SEP25,20s,20,5842,2025-09-12 10:07:40,24053.75,24056.75,24051.25,24052.75,1350,5.5,1,3,1.5,-1,76.6,169.4,161.41666667,86.95
MNQ SEP25,1s,1,2861,2025-09-12 10:07:41,24052,24052.5,24051.25,24052.5,27,1.25,0.5,0,0.75,1,,,,
MNQ SEP25,1s,1,2862,2025-09-12 10:07:42,24052.25,24053.25,24051.75,24053.25,26,1.5,1,0,0.5,1,,,,
MNQ SEP25,1s,1,2863,2025-09-12 10:07:43,24053.25,24053.5,24053,24053,16,0.5,0.25,0.25,0,-1,,,,
MNQ SEP25,1s,1,2864,2025-09-12 10:07:44,24053.25,24053.5,24052.75,24053.25,31,0.75,0,0.25,0.5,0,,,,
MNQ SEP25,1s,1,2865,2025-09-12 10:07:45,24052.75,24053,24052.75,24052.75,16,0.25,0,0.25,0,0,,,,
MNQ SEP25,1s,1,2866,2025-09-12 10:07:46,24052.25,24052.5,24052,24052.25,13,0.5,0,0.25,0.25,0,,,,
MNQ SEP25,1s,1,2867,2025-09-12 10:07:47,24052.25,24053,24051.75,24051.75,20,1.25,0.5,0.75,0,-1,,,,
MNQ SEP25,1s,1,2868,2025-09-12 10:07:48,24052,24052.5,24051.5,24052,22,1,0,0.5,0.5,0,,,,
MNQ SEP25,1s,1,2869,2025-09-12 10:07:49,24051.75,24052.75,24051.75,24051.75,25,1,0,1,0,0,,,,
MNQ SEP25,1s,1,2870,2025-09-12 10:07:50,24052.5,24053.5,24052,24052.75,47,1.5,0.25,0.75,0.5,1,,,,
MNQ SEP25,10s,10,5686,2025-09-12 10:07:50,24052,24053.5,24051.25,24052.75,243,2.25,0.75,0.75,0.75,1,179.7,-88.15,1.96666667,24.7
MNQ SEP25,1s,1,2871,2025-09-12 10:07:51,24052.75,24054,24052.25,24053.5,44,1.75,0.75,0.5,0.5,1,,,,
MNQ SEP25,1s,1,2872,2025-09-12 10:07:52,24053.75,24054,24053.25,24053.5,18,0.75,0.25,0.25,0.25,-1,,,,
MNQ SEP25,1s,1,2873,2025-09-12 10:07:53,24053.75,24054.5,24053.5,24054,36,1,0.25,0.5,0.25,1,,,,
MNQ SEP25,1s,1,2874,2025-09-12 10:07:54,24053.75,24053.75,24053,24053.75,25,0.75,0,0,0.75,0,,,,
MNQ SEP25,1s,1,2875,2025-09-12 10:07:55,24053,24053.75,24053,24053.75,6,0.75,0.75,0,0,1,,,,
MNQ SEP25,1s,1,2876,2025-09-12 10:07:56,24053.5,24053.5,24053.25,24053.25,16,0.25,0.25,0,0,-1,,,,
MNQ SEP25,1s,1,2877,2025-09-12 10:07:57,24053,24053.25,24052.25,24053.25,49,1,0.25,0,0.75,1,,,,
MNQ SEP25,1s,1,2878,2025-09-12 10:07:58,24053.5,24053.5,24051.75,24051.75,26,1.75,1.75,0,0,-1,,,,
MNQ SEP25,1s,1,2879,2025-09-12 10:07:59,24052,24052,24051.25,24051.25,21,0.75,0.75,0,0,-1,,,,
MNQ SEP25,1s,1,2880,2025-09-12 10:08:00,24051.25,24052,24051.25,24052,22,0.75,0.75,0,0,1,,,,
MNQ SEP25,10s,10,5687,2025-09-12 10:08:00,24052.75,24054.5,24051.25,24052,263,3.25,0.75,1.75,0.75,-1,130.8,-48.9,-45.48333333,7.17
MNQ SEP25,20s,20,5843,2025-09-12 10:08:00,24052,24054.5,24051.25,24052,506,3.25,0,2.5,0.75,0,72.05,-4.55,110.71666667,96.39
MNQ SEP25,1s,1,2881,2025-09-12 10:08:01,24051.5,24053,24051.25,24052.75,62,1.75,1.25,0.25,0.25,1,,,,
MNQ SEP25,1s,1,2882,2025-09-12 10:08:02,24052.75,24052.75,24051.25,24051.25,19,1.5,1.5,0,0,-1,,,,
MNQ SEP25,1s,1,2883,2025-09-12 10:08:03,24051.5,24051.5,24049.5,24049.75,122,2,1.75,0,0.25,-1,,,,
MNQ SEP25,1s,1,2884,2025-09-12 10:08:04,24049.75,24050.75,24048,24048,144,2.75,1.75,1,0,-1,,,,
MNQ SEP25,1s,1,2885,2025-09-12 10:08:05,24048.75,24049,24047,24047.25,255,2,1.5,0.25,0.25,-1,,,,
MNQ SEP25,1s,1,2886,2025-09-12 10:08:06,24047.25,24049.5,24047.25,24049.5,83,2.25,2.25,0,0,1,,,,
MNQ SEP25,1s,1,2887,2025-09-12 10:08:07,24049.25,24050.25,24049,24049,100,1.25,0.25,1,0,-1,,,,
MNQ SEP25,1s,1,2888,2025-09-12 10:08:08,24049.25,24050.25,24049,24049.75,43,1.25,0.5,0.5,0.25,1,,,,
MNQ SEP25,1s,1,2889,2025-09-12 10:08:09,24050.25,24050.5,24049.5,24050.25,38,1,0,0.25,0.75,0,,,,
MNQ SEP25,1s,1,2890,2025-09-12 10:08:10,24050.25,24050.25,24049,24049,22,1.25,1.25,0,0,-1,,,,
MNQ SEP25,10s,10,5688,2025-09-12 10:08:10,24051.5,24053,24047,24049,888,6,2.5,1.5,2,-1,75.4,-55.4,-64.15,-19.68
MNQ SEP25,1s,1,2891,2025-09-12 10:08:11,24048.75,24049.5,24048,24049,72,1.5,0.25,0.5,0.75,1,,,,
MNQ SEP25,1s,1,2892,2025-09-12 10:08:12,24049,24049,24047.75,24048.75,67,1.25,0.25,0,1,-1,,,,
MNQ SEP25,1s,1,2893,2025-09-12 10:08:13,24048.5,24050,24048.5,24049.5,80,1.5,1,0.5,0,1,,,,
MNQ SEP25,1s,1,2894,2025-09-12 10:08:14,24049,24050.25,24049,24049.75,16,1.25,0.75,0.5,0,1,,,,
MNQ SEP25,1s,1,2895,2025-09-12 10:08:15,24050,24050.5,24049.75,24050,17,0.75,0,0.5,0.25,0,,,,
MNQ SEP25,1s,1,2896,2025-09-12 10:08:16,24049.5,24051.75,24049.5,24051.5,27,2.25,2,0.25,0,1,,,,
MNQ SEP25,1s,1,2897,2025-09-12 10:08:17,24052,24053.25,24052,24053.25,55,1.25,1.25,0,0,1,,,,
MNQ SEP25,1s,1,2898,2025-09-12 10:08:18,24053.25,24053.25,24052.25,24052.25,34,1,1,0,0,-1,,,,
MNQ SEP25,1s,1,2899,2025-09-12 10:08:19,24052.25,24053,24052.25,24052.25,22,0.75,0,0.75,0,0,,,,
MNQ SEP25,1s,1,2900,2025-09-12 10:08:20,24052,24052.25,24051.5,24051.75,25,0.75,0.25,0.25,0.25,-1,,,,
MNQ SEP25,10s,10,5689,2025-09-12 10:08:20,24048.75,24053.25,24047.75,24051.75,415,5.5,3,1.5,1,1,-10.4,-85.8,-63.36666667,-55.53
MNQ SEP25,20s,20,5844,2025-09-12 10:08:20,24051.5,24053.25,24047,24051.75,1303,6.25,0.25,1.5,4.5,1,182.85,110.8,91.88333333,118.1
MNQ SEP25,1s,1,2901,2025-09-12 10:08:21,24052,24052.5,24051.75,24052,11,0.75,0,0.5,0.25,0,,,,
MNQ SEP25,1s,1,2902,2025-09-12 10:08:22,24051.5,24052.5,24051.5,24052.25,24,1,0.75,0.25,0,1,,,,
MNQ SEP25,1s,1,2903,2025-09-12 10:08:23,24052.75,24053.25,24052.5,24052.5,5,0.75,0.25,0.5,0,-1,,,,
MNQ SEP25,1s,1,2904,2025-09-12 10:08:24,24053,24054.25,24052.75,24054,34,1.5,1,0.25,0.25,1,,,,
MNQ SEP25,1s,1,2905,2025-09-12 10:08:25,24053.75,24054.5,24052.5,24052.5,60,2,1.25,0.75,0,-1,,,,
MNQ SEP25,1s,1,2906,2025-09-12 10:08:26,24053.25,24053.5,24052.25,24052.75,47,1.25,0.5,0.25,0.5,-1,,,,
MNQ SEP25,1s,1,2907,2025-09-12 10:08:27,24052.75,24053.5,24052,24052,21,1.5,0.75,0.75,0,-1,,,,
MNQ SEP25,1s,1,2908,2025-09-12 10:08:28,24053,24053,24052.5,24053,10,0.5,0,0,0.5,0,,,,
MNQ SEP25,1s,1,2909,2025-09-12 10:08:29,24053.25,24054.25,24053,24053,38,1.25,0.25,1,0,-1,,,,
MNQ SEP25,1s,1,2910,2025-09-12 10:08:30,24053.5,24054,24053,24053,34,1,0.5,0.5,0,-1,,,,
MNQ SEP25,10s,10,5690,2025-09-12 10:08:30,24052,24054.5,24051.5,24053,284,3,1,1.5,0.5,1,-51.15,-40.75,-60.65,-63.8
MNQ SEP25,1s,1,2911,2025-09-12 10:08:31,24053,24054,24052.75,24054,19,1.25,1,0,0.25,1,,,,
MNQ SEP25,1s,1,2912,2025-09-12 10:08:32,24054,24054,24053.25,24053.75,37,0.75,0.25,0,0.5,-1,,,,
MNQ SEP25,1s,1,2913,2025-09-12 10:08:33,24053.5,24053.5,24053.25,24053.25,9,0.25,0.25,0,0,-1,,,,
MNQ SEP25,1s,1,2914,2025-09-12 10:08:34,24053.25,24053.25,24052.25,24052.25,28,1,1,0,0,-1,,,,
MNQ SEP25,1s,1,2915,2025-09-12 10:08:35,24052.25,24052.75,24051.75,24052.75,13,1,0.5,0,0.5,1,,,,
MNQ SEP25,1s,1,2916,2025-09-12 10:08:36,24052.25,24053.75,24052.25,24053.5,39,1.5,1.25,0.25,0,1,,,,
MNQ SEP25,1s,1,2917,2025-09-12 10:08:37,24053.5,24053.5,24052.25,24052.75,21,1.25,0.75,0,0.5,-1,,,,
MNQ SEP25,1s,1,2918,2025-09-12 10:08:38,24052,24052.25,24052,24052.25,10,0.25,0.25,0,0,1,,,,
MNQ SEP25,1s,1,2919,2025-09-12 10:08:39,24052.25,24052.5,24051.75,24052.5,10,0.75,0.25,0,0.5,1,,,,
MNQ SEP25,1s,1,2920,2025-09-12 10:08:40,24052.75,24053,24052.25,24052.5,8,0.75,0.25,0.25,0.25,-1,,,,
MNQ SEP25,10s,10,5691,2025-09-12 10:08:40,24053,24054,24051.75,24052.5,194,2.25,0.5,1,0.75,-1,-41.9,9.25,-39.1,-44.32
MNQ SEP25,20s,20,5845,2025-09-12 10:08:40,24052,24054.5,24051.5,24052.5,478,3,0.5,2,0.5,1,40.7,-142.15,-11.96666667,60.16
MNQ SEP25,1s,1,2921,2025-09-12 10:08:41,24053,24053.25,24052.75,24053,24,0.5,0,0.25,0.25,0,,,,
MNQ SEP25,1s,1,2922,2025-09-12 10:08:42,24053.25,24053.75,24053,24053.5,35,0.75,0.25,0.25,0.25,1,,,,
MNQ SEP25,1s,1,2923,2025-09-12 10:08:43,24053.75,24054,24053.5,24053.5,42,0.5,0.25,0.25,0,-1,,,,
MNQ SEP25,1s,1,2924,2025-09-12 10:08:44,24052.5,24053.25,24051,24051.75,52,2.25,0.75,0.75,0.75,-1,,,,
MNQ SEP25,1s,1,2925,2025-09-12 10:08:45,24051.5,24051.75,24051,24051.25,17,0.75,0.25,0.25,0.25,-1,,,,
MNQ SEP25,1s,1,2926,2025-09-12 10:08:46,24051.5,24052.5,24051.5,24052.5,10,1,1,0,0,1,,,,
MNQ SEP25,1s,1,2927,2025-09-12 10:08:47,24052.25,24052.75,24052.25,24052.75,14,0.5,0.5,0,0,1,,,,
MNQ SEP25,1s,1,2928,2025-09-12 10:08:48,24052.75,24053,24052,24052,30,1,0.75,0.25,0,-1,,,,
MNQ SEP25,1s,1,2929,2025-09-12 10:08:49,24052.5,24053.25,24052.5,24052.75,20,0.75,0.25,0.5,0,1,,,,
MNQ SEP25,1s,1,2930,2025-09-12 10:08:50,24053,24053.25,24052.25,24052.25,12,1,0.75,0.25,0,-1,,,,
MNQ SEP25,10s,10,5692,2025-09-12 10:08:50,24053,24054,24051,24052.25,256,3,0.75,1,1.25,-1,-37.15,4.75,-8.91666667,-33.59
MNQ SEP25,1s,1,2931,2025-09-12 10:08:51,24052,24052.5,24052,24052.5,7,0.5,0.5,0,0,1,,,,
MNQ SEP25,1s,1,2932,2025-09-12 10:08:52,24052.25,24052.5,24052,24052.5,13,0.5,0.25,0,0.25,1,,,,
MNQ SEP25,1s,1,2933,2025-09-12 10:08:53,24052,24053,24052,24052.75,45,1,0.75,0.25,0,1,,,,
MNQ SEP25,1s,1,2934,2025-09-12 10:08:54,24052.75,24053.5,24052.75,24053.25,13,0.75,0.5,0.25,0,1,,,,
MNQ SEP25,1s,1,2935,2025-09-12 10:08:55,24053,24053.75,24052.5,24052.75,30,1.25,0.25,0.75,0.25,-1,,,,
MNQ SEP25,1s,1,2936,2025-09-12 10:08:56,24052.75,24053.5,24052.5,24052.5,17,1,0.25,0.75,0,-1,,,,
MNQ SEP25,1s,1,2937,2025-09-12 10:08:57,24052.25,24053,24052.25,24053,41,0.75,0.75,0,0,1,,,,
MNQ SEP25,1s,1,2938,2025-09-12 10:08:58,24052.75,24053.5,24052.5,24052.5,15,1,0.25,0.75,0,-1,,,,
MNQ SEP25,1s,1,2939,2025-09-12 10:08:59,24052,24052.75,24052,24052.75,7,0.75,0.75,0,0,1,,,,
MNQ SEP25,1s,1,2940,2025-09-12 10:09:00,24052.75,24052.75,24052.75,24052.75,6,0,0,0,0,0,,,,
MNQ SEP25,10s,10,5693,2025-09-12 10:09:00,24052,24053.75,24052,24052.75,194,1.75,0.75,1,0,1,-170.55,-133.4,-39.8,-49.19
MNQ SEP25,20s,20,5846,2025-09-12 10:09:00,24053,24054,24051,24052.75,450,3,0.25,1,1.75,-1,-183.7,-224.4,-85.25,-18.18
MNQ SEP25,1s,1,2941,2025-09-12 10:09:01,24052.25,24053.5,24052.25,24053.5,21,1.25,1.25,0,0,1,,,,
MNQ SEP25,1s,1,2942,2025-09-12 10:09:02,24053.25,24054,24053.25,24053.5,31,0.75,0.25,0.5,0,1,,,,
MNQ SEP25,1s,1,2943,2025-09-12 10:09:03,24053.5,24054.75,24053.5,24054.75,38,1.25,1.25,0,0,1,,,,
MNQ SEP25,1s,1,2944,2025-09-12 10:09:04,24054.5,24055.75,24054.25,24055.5,96,1.5,1,0.25,0.25,1,,,,
MNQ SEP25,1s,1,2945,2025-09-12 10:09:05,24055.25,24055.75,24055,24055.25,42,0.75,0,0.5,0.25,0,,,,
MNQ SEP25,1s,1,2946,2025-09-12 10:09:06,24055.25,24055.75,24055,24055.25,16,0.75,0,0.5,0.25,0,,,,
MNQ SEP25,1s,1,2947,2025-09-12 10:09:07,24055,24055.5,24054.75,24054.75,22,0.75,0.25,0.5,0,-1,,,,
MNQ SEP25,1s,1,2948,2025-09-12 10:09:08,24054.5,24055.25,24054.25,24054.75,54,1,0.25,0.5,0.25,1,,,,
MNQ SEP25,1s,1,2949,2025-09-12 10:09:09,24054.75,24057.5,24054.75,24057,171,2.75,2.25,0.5,0,1,,,,
MNQ SEP25,1s,1,2950,2025-09-12 10:09:10,24057.25,24057.5,24056.5,24057.25,102,1,0,0.25,0.75,0,,,,
MNQ SEP25,10s,10,5694,2025-09-12 10:09:10,24052.25,24057.5,24052.25,24057.25,593,5.25,5,0.25,0,1,-155.4,15.15,-37.83333333,-29
MNQ SEP25,1s,1,2951,2025-09-12 10:09:11,24057,24057.25,24056,24056.25,44,1.25,0.75,0.25,0.25,-1,,,,
MNQ SEP25,1s,1,2952,2025-09-12 10:09:12,24056,24056.5,24054.5,24055.5,67,2,0.5,0.5,1,-1,,,,
MNQ SEP25,1s,1,2953,2025-09-12 10:09:13,24055.5,24056.25,24055.5,24055.5,33,0.75,0,0.75,0,0,,,,
MNQ SEP25,1s,1,2954,2025-09-12 10:09:14,24055.25,24055.75,24055,24055.75,29,0.75,0.5,0,0.25,1,,,,
MNQ SEP25,1s,1,2955,2025-09-12 10:09:15,24055.75,24055.75,24055,24055.5,44,0.75,0.25,0,0.5,-1,,,,
MNQ SEP25,1s,1,2956,2025-09-12 10:09:16,24055.5,24056.5,24055.25,24056,28,1.25,0.5,0.5,0.25,1,,,,
MNQ SEP25,1s,1,2957,2025-09-12 10:09:17,24056.25,24056.75,24056,24056.5,36,0.75,0.25,0.25,0.25,1,,,,
MNQ SEP25,1s,1,2958,2025-09-12 10:09:18,24056.5,24056.5,24056,24056,27,0.5,0.5,0,0,-1,,,,
MNQ SEP25,1s,1,2959,2025-09-12 10:09:19,24056.25,24056.5,24055.75,24056,30,0.75,0.25,0.25,0.25,-1,,,,
MNQ SEP25,1s,1,2960,2025-09-12 10:09:20,24056,24056.5,24055.75,24056.25,14,0.75,0.25,0.25,0.25,1,,,,
MNQ SEP25,10s,10,5695,2025-09-12 10:09:20,24057,24057.25,24054.5,24056.25,352,2.75,0.75,0.25,1.75,-1,-148.2,7.2,-37.01666667,-19.41
MNQ SEP25,20s,20,5847,2025-09-12 10:09:20,24052.25,24057.5,24052.25,24056.25,945,5.25,4,1.25,0,1,-265.3,-81.6,-149.38333333,-68.38
MNQ SEP25,1s,1,2961,2025-09-12 10:09:21,24056.25,24056.5,24055.25,24055.25,31,1.25,1,0.25,0,-1,,,,
MNQ SEP25,1s,1,2962,2025-09-12 10:09:22,24055.5,24057.25,24055.25,24055.5,224,2,0,1.75,0.25,0,,,,
MNQ SEP25,1s,1,2963,2025-09-12 10:09:23,24055.75,24055.75,24055,24055,30,0.75,0.75,0,0,-1,,,,
MNQ SEP25,1s,1,2964,2025-09-12 10:09:24,24055.25,24055.75,24055,24055.75,63,0.75,0.5,0,0.25,1,,,,
MNQ SEP25,1s,1,2965,2025-09-12 10:09:25,24055.5,24056.25,24054.25,24054.75,47,2,0.75,0.75,0.5,-1,,,,
MNQ SEP25,1s,1,2966,2025-09-12 10:09:26,24055,24055.75,24054.5,24054.5,45,1.25,0.5,0.75,0,-1,,,,
MNQ SEP25,1s,1,2967,2025-09-12 10:09:27,24055.25,24056.25,24055.25,24056.25,49,1,1,0,0,1,,,,
MNQ SEP25,1s,1,2968,2025-09-12 10:09:28,24055.5,24057,24055.25,24056.25,74,1.75,0.75,0.75,0.25,1,,,,
MNQ SEP25,1s,1,2969,2025-09-12 10:09:29,24056.25,24056.25,24055.5,24055.5,37,0.75,0.75,0,0,-1,,,,
MNQ SEP25,1s,1,2970,2025-09-12 10:09:30,24055.75,24057,24055.75,24057,31,1.25,1.25,0,0,1,,,,
MNQ SEP25,10s,10,5696,2025-09-12 10:09:30,24056.25,24057.25,24054.25,24057,631,3,0.75,0.25,2,1,-73.55,74.65,32.33333333,-6.33
MNQ SEP25,1s,1,2971,2025-09-12 10:09:31,24056.5,24056.5,24055.75,24056,32,0.75,0.5,0,0.25,-1,,,,
MNQ SEP25,1s,1,2972,2025-09-12 10:09:32,24056,24056.5,24055.25,24056,24,1.25,0,0.5,0.75,0,,,,
MNQ SEP25,1s,1,2973,2025-09-12 10:09:33,24056,24056.5,24056,24056.5,3,0.5,0.5,0,0,1,,,,
MNQ SEP25,1s,1,2974,2025-09-12 10:09:34,24056.5,24057,24056.25,24056.75,40,0.75,0.25,0.25,0.25,1,,,,
MNQ SEP25,1s,1,2975,2025-09-12 10:09:35,24056.75,24057.25,24056.5,24057,38,0.75,0.25,0.25,0.25,1,,,,
MNQ SEP25,1s,1,2976,2025-09-12 10:09:36,24056.75,24057.25,24056.25,24056.5,69,1,0.25,0.5,0.25,-1,,,,
MNQ SEP25,1s,1,2977,2025-09-12 10:09:37,24057,24057.5,24056.5,24056.75,26,1,0.25,0.5,0.25,-1,,,,
MNQ SEP25,1s,1,2978,2025-09-12 10:09:38,24057.25,24057.25,24056.25,24056.5,169,1,0.75,0,0.25,-1,,,,
MNQ SEP25,1s,1,2979,2025-09-12 10:09:39,24056.5,24057,24056.25,24056.5,30,0.75,0,0.5,0.25,0,,,,
MNQ SEP25,1s,1,2980,2025-09-12 10:09:40,24056.5,24056.75,24056.25,24056.5,15,0.5,0,0.25,0.25,0,,,,
MNQ SEP25,10s,10,5697,2025-09-12 10:09:40,24056.5,24057.5,24055.25,24056.5,446,2.25,0,1,1.25,0,-41.85,31.7,37.85,-0.94
MNQ SEP25,20s,20,5848,2025-09-12 10:09:40,24056.25,24057.5,24054.25,24056.5,1077,3.25,0.25,1,2,1,-184.1,81.2,-74.93333333,-51.23
MNQ SEP25,1s,1,2981,2025-09-12 10:09:41,24057.25,24057.5,24056.75,24057.25,30,0.75,0,0.25,0.5,0,,,,
MNQ SEP25,1s,1,2982,2025-09-12 10:09:42,24057,24057.25,24056,24056.75,41,1.25,0.25,0.25,0.75,-1,,,,
MNQ SEP25,1s,1,2983,2025-09-12 10:09:43,24057,24057.5,24056.75,24057.25,29,0.75,0.25,0.25,0.25,1,,,,
MNQ SEP25,1s,1,2984,2025-09-12 10:09:44,24056.75,24058,24056.75,24057.75,94,1.25,1,0.25,0,1,,,,
MNQ SEP25,1s,1,2985,2025-09-12 10:09:45,24057.5,24058,24057,24057.5,30,1,0,0.5,0.5,0,,,,
MNQ SEP25,1s,1,2986,2025-09-12 10:09:46,24057.5,24058.25,24056.75,24058,215,1.5,0.5,0.25,0.75,1,,,,
MNQ SEP25,1s,1,2987,2025-09-12 10:09:47,24058,24058.25,24056.5,24056.75,72,1.75,1.25,0.25,0.25,-1,,,,
MNQ SEP25,1s,1,2988,2025-09-12 10:09:48,24056.5,24057.25,24056.25,24057.25,33,1,0.75,0,0.25,1,,,,
MNQ SEP25,1s,1,2989,2025-09-12 10:09:49,24057.25,24057.75,24056.5,24056.75,27,1.25,0.5,0.5,0.25,-1,,,,
MNQ SEP25,1s,1,2990,2025-09-12 10:09:50,24056.75,24057,24056.25,24056.5,15,0.75,0.25,0.25,0.25,-1,,,,
MNQ SEP25,10s,10,5698,2025-09-12 10:09:50,24057.25,24058.25,24056,24056.5,586,2.25,0.75,1,0.5,-1,30.25,72.1,59.48333333,40.16
MNQ SEP25,1s,1,2991,2025-09-12 10:09:51,24057,24057,24056.75,24057,8,0.25,0,0,0.25,0,,,,
MNQ SEP25,1s,1,2992,2025-09-12 10:09:52,24057,24057.25,24056.5,24056.5,23,0.75,0.5,0.25,0,-1,,,,
MNQ SEP25,1s,1,2993,2025-09-12 10:09:53,24056.75,24057.5,24056.75,24057,56,0.75,0.25,0.5,0,1,,,,
MNQ SEP25,1s,1,2994,2025-09-12 10:09:54,24057.25,24058.25,24057.25,24057.75,46,1,0.5,0.5,0,1,,,,
MNQ SEP25,1s,1,2995,2025-09-12 10:09:55,24057.75,24058.25,24057.25,24057.25,28,1,0.5,0.5,0,-1,,,,
MNQ SEP25,1s,1,2996,2025-09-12 10:09:56,24057.5,24058,24057.25,24057.5,24,0.75,0,0.5,0.25,0,,,,
MNQ SEP25,1s,1,2997,2025-09-12 10:09:57,24057.75,24057.75,24056.5,24056.5,52,1.25,1.25,0,0,-1,,,,
MNQ SEP25,1s,1,2998,2025-09-12 10:09:58,24057.25,24057.75,24057,24057.25,29,0.75,0,0.5,0.25,0,,,,
MNQ SEP25,1s,1,2999,2025-09-12 10:09:59,24057.25,24057.5,24057,24057.25,16,0.5,0,0.25,0.25,0,,,,
MNQ SEP25,1s,1,3000,2025-09-12 10:10:00,24057.75,24058,24057,24057.5,32,1,0.25,0.25,0.5,-1,,,,
MNQ SEP25,10s,10,5699,2025-09-12 10:10:00,24057,24058.25,24056.5,24057.5,314,1.75,0.5,0.75,0.5,1,-27.2,-57.45,15.45,25.64
MNQ SEP25,20s,20,5849,2025-09-12 10:10:00,24057.25,24058.25,24056,24057.5,900,2.25,0.25,0.75,1.25,1,-148.55,35.55,11.71666667,-66.28
MNQ SEP25,1s,1,3001,2025-09-12 10:10:01,24057.5,24059,24057,24057.5,294,2,0,1.5,0.5,0,,,,
MNQ SEP25,1s,1,3002,2025-09-12 10:10:02,24057.75,24058,24057.25,24057.25,49,0.75,0.5,0.25,0,-1,,,,
MNQ SEP25,1s,1,3003,2025-09-12 10:10:03,24057.25,24058,24057,24057.5,51,1,0.25,0.5,0.25,1,,,,
MNQ SEP25,1s,1,3004,2025-09-12 10:10:04,24057.75,24057.75,24056.75,24057,21,1,0.75,0,0.25,-1,,,,
MNQ SEP25,1s,1,3005,2025-09-12 10:10:05,24057,24057.5,24056.5,24057.25,54,1,0.25,0.25,0.5,1,,,,
MNQ SEP25,1s,1,3006,2025-09-12 10:10:06,24057,24057.5,24056.75,24057.25,57,0.75,0.25,0.25,0.25,1,,,,
MNQ SEP25,1s,1,3007,2025-09-12 10:10:07,24057,24057.5,24056.75,24057,20,0.75,0,0.5,0.25,0,,,,
MNQ SEP25,1s,1,3008,2025-09-12 10:10:08,24056.75,24056.75,24055.75,24055.75,54,1,1,0,0,-1,,,,
MNQ SEP25,1s,1,3009,2025-09-12 10:10:09,24056.5,24057.25,24055.75,24056.75,38,1.5,0.25,0.5,0.75,1,,,,
MNQ SEP25,1s,1,3010,2025-09-12 10:10:10,24057.25,24057.25,24056,24056.5,23,1.25,0.75,0,0.5,-1,,,,
MNQ SEP25,10s,10,5700,2025-09-12 10:10:10,24057.5,24059,24055.75,24056.5,661,3.25,1,1.5,0.75,-1,25.7,52.9,22.51666667,34.78
MNQ SEP25,1s,1,3011,2025-09-12 10:10:11,24056.25,24057,24056,24056.5,31,1,0.25,0.5,0.25,1,,,,
MNQ SEP25,1s,1,3012,2025-09-12 10:10:12,24056.5,24057,24056.5,24056.5,35,0.5,0,0.5,0,0,,,,
MNQ SEP25,1s,1,3013,2025-09-12 10:10:13,24057,24057.25,24055.75,24055.75,66,1.5,1.25,0.25,0,-1,,,,
MNQ SEP25,1s,1,3014,2025-09-12 10:10:14,24056,24056,24054.75,24054.75,97,1.25,1.25,0,0,-1,,,,
MNQ SEP25,1s,1,3015,2025-09-12 10:10:15,24055.5,24056.25,24055,24056,46,1.25,0.5,0.25,0.5,1,,,,
MNQ SEP25,1s,1,3016,2025-09-12 10:10:16,24056.25,24056.25,24056,24056.25,9,0.25,0,0,0.25,0,,,,
MNQ SEP25,1s,1,3017,2025-09-12 10:10:17,24056,24057.25,24056,24056,50,1.25,0,1.25,0,0,,,,
MNQ SEP25,1s,1,3018,2025-09-12 10:10:18,24056,24056.25,24055.25,24056.25,18,1,0.25,0,0.75,1,,,,
MNQ SEP25,1s,1,3019,2025-09-12 10:10:19,24056,24056.25,24056,24056,18,0.25,0,0.25,0,0,,,,
MNQ SEP25,1s,1,3020,2025-09-12 10:10:20,24056.5,24058,24056,24058,28,2,1.5,0,0.5,1,,,,
MNQ SEP25,10s,10,5701,2025-09-12 10:10:20,24056.25,24058,24054.75,24058,398,3.25,1.75,0,1.5,1,-3.65,-29.35,-11.3,13.98
MNQ SEP25,20s,20,5850,2025-09-12 10:10:20,24057.5,24059,24054.75,24058,1059,4.25,0.5,1,2.75,1,0.35,148.9,88.55,-8.07
MNQ SEP25,1s,1,3021,2025-09-12 10:10:21,24057.75,24059.25,24057.75,24059.25,85,1.5,1.5,0,0,1,,,,
MNQ SEP25,1s,1,3022,2025-09-12 10:10:22,24059.25,24059.75,24058.75,24059.75,93,1,0.5,0,0.5,1,,,,
MNQ SEP25,1s,1,3023,2025-09-12 10:10:23,24059.75,24060.75,24059.5,24059.5,317,1.25,0.25,1,0,-1,,,,
MNQ SEP25,1s,1,3024,2025-09-12 10:10:24,24059.75,24060.25,24059.25,24059.75,66,1,0,0.5,0.5,0,,,,
MNQ SEP25,1s,1,3025,2025-09-12 10:10:25,24059.75,24060.75,24059.5,24060.5,73,1.25,0.75,0.25,0.25,1,,,,
MNQ SEP25,1s,1,3026,2025-09-12 10:10:26,24060.25,24061,24059.75,24060.25,175,1.25,0,0.75,0.5,0,,,,
MNQ SEP25,1s,1,3027,2025-09-12 10:10:27,24060,24060.25,24059,24059.25,41,1.25,0.75,0.25,0.25,-1,,,,
MNQ SEP25,1s,1,3028,2025-09-12 10:10:28,24059.5,24059.5,24058,24058.5,77,1.5,1,0,0.5,-1,,,,
MNQ SEP25,1s,1,3029,2025-09-12 10:10:29,24058,24058,24057.75,24057.75,26,0.25,0.25,0,0,-1,,,,
MNQ SEP25,1s,1,3030,2025-09-12 10:10:30,24058,24058,24057.25,24057.5,23,0.75,0.5,0,0.25,-1,,,,
MNQ SEP25,10s,10,5702,2025-09-12 10:10:30,24057.75,24061,24057.25,24057.5,976,3.75,0.25,3.25,0.25,-1,83,86.65,36.73333333,24.97
MNQ SEP25,1s,1,3031,2025-09-12 10:10:31,24057.25,24058,24057.25,24057.5,24,0.75,0.25,0.5,0,1,,,,
MNQ SEP25,1s,1,3032,2025-09-12 10:10:32,24058,24059,24057.5,24058.75,19,1.5,0.75,0.25,0.5,1,,,,
MNQ SEP25,1s,1,3033,2025-09-12 10:10:33,24059,24059.5,24058.5,24059.25,35,1,0.25,0.25,0.5,1,,,,
MNQ SEP25,1s,1,3034,2025-09-12 10:10:34,24058.75,24058.75,24057.5,24057.75,92,1.25,1,0,0.25,-1,,,,
MNQ SEP25,1s,1,3035,2025-09-12 10:10:35,24057.75,24058,24056,24056.25,76,2,1.5,0.25,0.25,-1,,,,
MNQ SEP25,1s,1,3036,2025-09-12 10:10:36,24055.75,24055.75,24053.25,24054,220,2.5,1.75,0,0.75,-1,,,,
MNQ SEP25,1s,1,3037,2025-09-12 10:10:37,24054,24055.5,24054,24054.75,95,1.5,0.75,0.75,0,1,,,,
MNQ SEP25,1s,1,3038,2025-09-12 10:10:38,24054.25,24055,24054.25,24054.75,42,0.75,0.5,0.25,0,1,,,,
MNQ SEP25,1s,1,3039,2025-09-12 10:10:39,24054.75,24054.75,24053.75,24054,81,1,0.75,0,0.25,-1,,,,
MNQ SEP25,1s,1,3040,2025-09-12 10:10:40,24054,24054.75,24053.75,24054.25,41,1,0.25,0.5,0.25,1,,,,
MNQ SEP25,10s,10,5703,2025-09-12 10:10:40,24057.25,24059.5,24053.25,24054.25,725,6.25,3,2.25,1,-1,126.35,43.35,33.55,19.22
MNQ SEP25,20s,20,5851,2025-09-12 10:10:40,24057.75,24061,24053.25,24054.25,1701,7.75,3.5,3.25,1,-1,195.35,195,126.48333333,75.81
MNQ SEP25,1s,1,3041,2025-09-12 10:10:41,24054.25,24054.25,24053.5,24053.75,31,0.75,0.5,0,0.25,-1,,,,
MNQ SEP25,1s,1,3042,2025-09-12 10:10:42,24054,24054.25,24053.25,24053.25,39,1,0.75,0.25,0,-1,,,,
MNQ SEP25,1s,1,3043,2025-09-12 10:10:43,24053.25,24053.5,24052.75,24053,78,0.75,0.25,0.25,0.25,-1,,,,
MNQ SEP25,1s,1,3044,2025-09-12 10:10:44,24053,24053.5,24053,24053.5,21,0.5,0.5,0,0,1,,,,
MNQ SEP25,1s,1,3045,2025-09-12 10:10:45,24053.25,24053.25,24050.75,24051.25,308,2.5,2,0,0.5,-1,,,,
MNQ SEP25,1s,1,3046,2025-09-12 10:10:46,24051.25,24051.75,24049,24049.75,471,2.75,1.5,0.5,0.75,-1,,,,
MNQ SEP25,1s,1,3047,2025-09-12 10:10:47,24050,24051.75,24049.75,24051.25,94,2,1.25,0.5,0.25,1,,,,
MNQ SEP25,1s,1,3048,2025-09-12 10:10:48,24051.25,24052.75,24051,24052,67,1.75,0.75,0.75,0.25,1,,,,
MNQ SEP25,1s,1,3049,2025-09-12 10:10:49,24052.25,24052.25,24050.25,24050.75,57,2,1.5,0,0.5,-1,,,,
MNQ SEP25,1s,1,3050,2025-09-12 10:10:50,24051.25,24052.25,24051,24052,42,1.25,0.75,0.25,0.25,1,,,,
MNQ SEP25,10s,10,5704,2025-09-12 10:10:50,24054.25,24054.25,24049,24052,1208,5.25,2.25,0,3,-1,285.95,159.6,96.53333333,62.63
MNQ SEP25,1s,1,3051,2025-09-12 10:10:51,24052,24052.75,24051.25,24051.75,49,1.5,0.25,0.75,0.5,-1,,,,
MNQ SEP25,1s,1,3052,2025-09-12 10:10:52,24051.75,24053,24051.75,24052.25,16,1.25,0.5,0.75,0,1,,,,
MNQ SEP25,1s,1,3053,2025-09-12 10:10:53,24052,24054,24052,24053.25,59,2,1.25,0.75,0,1,,,,
MNQ SEP25,1s,1,3054,2025-09-12 10:10:54,24053,24053.75,24053,24053.75,25,0.75,0.75,0,0,1,,,,
MNQ SEP25,1s,1,3055,2025-09-12 10:10:55,24053.75,24054.25,24053.5,24054.25,28,0.75,0.5,0,0.25,1,,,,
MNQ SEP25,1s,1,3056,2025-09-12 10:10:56,24054.25,24055.25,24054,24054.25,73,1.25,0,1,0.25,0,,,,
MNQ SEP25,1s,1,3057,2025-09-12 10:10:57,24054.25,24054.75,24054,24054.5,66,0.75,0.25,0.25,0.25,1,,,,
MNQ SEP25,1s,1,3058,2025-09-12 10:10:58,24054.25,24055.5,24053.75,24055.25,33,1.75,1,0.25,0.5,1,,,,
MNQ SEP25,1s,1,3059,2025-09-12 10:10:59,24055.25,24055.75,24055,24055.5,30,0.75,0.25,0.25,0.25,1,,,,
MNQ SEP25,1s,1,3060,2025-09-12 10:11:00,24055.75,24056,24055.25,24056,41,0.75,0.25,0,0.5,1,,,,
MNQ SEP25,10s,10,5705,2025-09-12 10:11:00,24052,24056,24051.25,24056,420,4.75,4,0,0.75,1,243.05,-42.9,53.35,43.47
MNQ SEP25,20s,20,5852,2025-09-12 10:11:00,24054.25,24056,24049,24056,1628,7,1.75,0,5.25,1,294.9,99.55,147.81666667,112.04
MNQ SEP25,1s,1,3061,2025-09-12 10:11:01,24055.25,24055.75,24055,24055.25,32,0.75,0,0.5,0.25,0,,,,
MNQ SEP25,1s,1,3062,2025-09-12 10:11:02,24055,24056.75,24055,24056.5,83,1.75,1.5,0.25,0,1,,,,
MNQ SEP25,1s,1,3063,2025-09-12 10:11:03,24056.5,24056.75,24056,24056.25,46,0.75,0.25,0.25,0.25,-1,,,,
MNQ SEP25,1s,1,3064,2025-09-12 10:11:04,24056,24057,24055.5,24056.5,92,1.5,0.5,0.5,0.5,1,,,,
MNQ SEP25,1s,1,3065,2025-09-12 10:11:05,24056,24057,24055.5,24056.5,129,1.5,0.5,0.5,0.5,1,,,,
MNQ SEP25,1s,1,3066,2025-09-12 10:11:06,24056.25,24056.75,24055.75,24056.25,45,1,0,0.5,0.5,0,,,,
MNQ SEP25,1s,1,3067,2025-09-12 10:11:07,24055.75,24055.75,24055.25,24055.25,31,0.5,0.5,0,0,-1,,,,
MNQ SEP25,1s,1,3068,2025-09-12 10:11:08,24055.25,24055.5,24055,24055,26,0.5,0.25,0.25,0,-1,,,,
MNQ SEP25,1s,1,3069,2025-09-12 10:11:09,24055.25,24055.75,24054.5,24055.75,30,1.25,0.5,0,0.75,1,,,,
MNQ SEP25,1s,1,3070,2025-09-12 10:11:10,24055.25,24055.5,24054.5,24055.5,17,1,0.25,0,0.75,1,,,,
MNQ SEP25,10s,10,5706,2025-09-12 10:11:10,24055.25,24057,24054.5,24055.5,531,2.5,0.25,1.5,0.75,1,255.25,12.2,42.96666667,51.78
MNQ SEP25,1s,1,3071,2025-09-12 10:11:11,24055,24055.5,24054,24054,53,1.5,1,0.5,0,-1,,,,
MNQ SEP25,1s,1,3072,2025-09-12 10:11:12,24054,24054,24052.5,24053.25,73,1.5,0.75,0,0.75,-1,,,,
MNQ SEP25,1s,1,3073,2025-09-12 10:11:13,24053,24053,24052.5,24053,39,0.5,0,0,0.5,0,,,,
MNQ SEP25,1s,1,3074,2025-09-12 10:11:14,24052.75,24053.25,24052.25,24052.25,30,1,0.5,0.5,0,-1,,,,
MNQ SEP25,1s,1,3075,2025-09-12 10:11:15,24052.25,24052.5,24052,24052.5,14,0.5,0.25,0,0.25,1,,,,
MNQ SEP25,1s,1,3076,2025-09-12 10:11:16,24053,24054.25,24052.75,24053.75,32,1.5,0.75,0.5,0.25,1,,,,
MNQ SEP25,1s,1,3077,2025-09-12 10:11:17,24054,24054.75,24054,24054.75,22,0.75,0.75,0,0,1,,,,
MNQ SEP25,1s,1,3078,2025-09-12 10:11:18,24054.75,24056.25,24054.75,24056,46,1.5,1.25,0.25,0,1,,,,
MNQ SEP25,1s,1,3079,2025-09-12 10:11:19,24055.75,24056,24055.5,24056,31,0.5,0.25,0,0.25,1,,,,
MNQ SEP25,1s,1,3080,2025-09-12 10:11:20,24055.75,24057.25,24055.75,24057,70,1.5,1.25,0.25,0,1,,,,
MNQ SEP25,10s,10,5707,2025-09-12 10:11:20,24055,24057.25,24052,24057,410,5.25,2,0.25,3,1,134.7,-120.55,-50.41666667,10.34
MNQ SEP25,20s,20,5853,2025-09-12 10:11:20,24055.25,24057.25,24052,24057,941,5.25,1.75,0.25,3.25,1,274.1,-20.8,91.25,91.64
MNQ SEP25,1s,1,3081,2025-09-12 10:11:21,24057.25,24057.75,24057.25,24057.5,50,0.5,0.25,0.25,0,1,,,,
MNQ SEP25,1s,1,3082,2025-09-12 10:11:22,24057.75,24058.25,24057.5,24057.75,54,0.75,0,0.5,0.25,0,,,,
MNQ SEP25,1s,1,3083,2025-09-12 10:11:23,24057.5,24057.5,24056.5,24056.5,62,1,1,0,0,-1,,,,
MNQ SEP25,1s,1,3084,2025-09-12 10:11:24,24057,24057.5,24056.75,24057,28,0.75,0,0.5,0.25,0,,,,
MNQ SEP25,1s,1,3085,2025-09-12 10:11:25,24056.5,24056.75,24056.25,24056.25,14,0.5,0.25,0.25,0,-1,,,,
MNQ SEP25,1s,1,3086,2025-09-12 10:11:26,24056.25,24056.25,24055.5,24056,14,0.75,0.25,0,0.5,-1,,,,
MNQ SEP25,1s,1,3087,2025-09-12 10:11:27,24055.5,24055.5,24054.5,24055,43,1,0.5,0,0.5,-1,,,,
MNQ SEP25,1s,1,3088,2025-09-12 10:11:28,24054.75,24055.25,24054.5,24055.25,25,0.75,0.5,0,0.25,1,,,,
MNQ SEP25,1s,1,3089,2025-09-12 10:11:29,24055.75,24055.75,24055.25,24055.5,26,0.5,0.25,0,0.25,-1,,,,
MNQ SEP25,1s,1,3090,2025-09-12 10:11:30,24055.5,24055.75,24054.75,24055,36,1,0.5,0.25,0.25,-1,,,,
MNQ SEP25,10s,10,5708,2025-09-12 10:11:30,24057.25,24058.25,24054.5,24055,352,3.75,2.25,1,0.5,-1,86.9,-47.8,-52.05,-7.89
MNQ SEP25,1s,1,3091,2025-09-12 10:11:31,24055.25,24055.25,24053.25,24053.5,43,2,1.75,0,0.25,-1,,,,
MNQ SEP25,1s,1,3092,2025-09-12 10:11:32,24053.5,24053.5,24052.75,24053.25,37,0.75,0.25,0,0.5,-1,,,,
MNQ SEP25,1s,1,3093,2025-09-12 10:11:33,24052.5,24053,24051.75,24051.75,68,1.25,0.75,0.5,0,-1,,,,
MNQ SEP25,1s,1,3094,2025-09-12 10:11:34,24052.25,24052.5,24051.75,24052.25,37,0.75,0,0.25,0.5,0,,,,
MNQ SEP25,1s,1,3095,2025-09-12 10:11:35,24052.25,24052.75,24052,24052.25,29,0.75,0,0.5,0.25,0,,,,
MNQ SEP25,1s,1,3096,2025-09-12 10:11:36,24052.5,24054.25,24052.25,24053.75,56,2,1.25,0.5,0.25,1,,,,
MNQ SEP25,1s,1,3097,2025-09-12 10:11:37,24053.75,24055,24053.25,24053.25,27,1.75,0.5,1.25,0,-1,,,,
MNQ SEP25,1s,1,3098,2025-09-12 10:11:38,24053.25,24053.25,24052,24052,22,1.25,1.25,0,0,-1,,,,
MNQ SEP25,1s,1,3099,2025-09-12 10:11:39,24052,24052,24051.5,24052,18,0.5,0,0,0.5,0,,,,
MNQ SEP25,1s,1,3100,2025-09-12 10:11:40,24051.75,24052.25,24051.5,24052,39,0.75,0.25,0.25,0.25,1,,,,
MNQ SEP25,10s,10,5709,2025-09-12 10:11:40,24055.25,24055.25,24051.5,24052,376,3.75,3.25,0,0.5,-1,-77.55,-164.45,-110.93333333,-72.7
MNQ SEP25,20s,20,5854,2025-09-12 10:11:40,24057.25,24058.25,24051.5,24052,728,6.75,5.25,1,0.5,-1,238.65,-35.45,14.43333333,77.44
MNQ SEP25,1s,1,3101,2025-09-12 10:11:41,24051.25,24051.25,24049.75,24050.75,198,1.5,0.5,0,1,-1,,,,
MNQ SEP25,1s,1,3102,2025-09-12 10:11:42,24050.25,24051,24050.25,24051,54,0.75,0.75,0,0,1,,,,
MNQ SEP25,1s,1,3103,2025-09-12 10:11:43,24051,24052.25,24050.75,24052.25,55,1.5,1.25,0,0.25,1,,,,
MNQ SEP25,1s,1,3104,2025-09-12 10:11:44,24052,24053,24051.5,24053,48,1.5,1,0,0.5,1,,,,
MNQ SEP25,1s,1,3105,2025-09-12 10:11:45,24052.5,24053.25,24052.5,24053,25,0.75,0.5,0.25,0,1,,,,
MNQ SEP25,1s,1,3106,2025-09-12 10:11:46,24053,24053,24052,24053,39,1,0,0,1,0,,,,
MNQ SEP25,1s,1,3107,2025-09-12 10:11:47,24052.5,24053.25,24051.75,24052.5,32,1.5,0,0.75,0.75,0,,,,
MNQ SEP25,1s,1,3108,2025-09-12 10:11:48,24052.5,24053.5,24052.5,24053,31,1,0.5,0.5,0,1,,,,
MNQ SEP25,1s,1,3109,2025-09-12 10:11:49,24053.25,24053.25,24053.25,24053.25,6,0,0,0,0,0,,,,
MNQ SEP25,1s,1,3110,2025-09-12 10:11:50,24052.75,24053.25,24052.75,24053.25,7,0.5,0.5,0,0,1,,,,
MNQ SEP25,10s,10,5710,2025-09-12 10:11:50,24051.25,24053.5,24049.75,24053.25,495,3.75,2,0.25,1.5,1,-73.1,4.45,-69.26666667,-63.23
MNQ SEP25,1s,1,3111,2025-09-12 10:11:51,24052.75,24053.25,24052.75,24053.25,31,0.5,0.5,0,0,1,,,,
MNQ SEP25,1s,1,3112,2025-09-12 10:11:52,24052.75,24052.75,24052.5,24052.5,7,0.25,0.25,0,0,-1,,,,
MNQ SEP25,1s,1,3113,2025-09-12 10:11:53,24053.25,24053.5,24052,24052,63,1.5,1.25,0.25,0,-1,,,,
MNQ SEP25,1s,1,3114,2025-09-12 10:11:54,24052.5,24052.75,24052,24052.5,17,0.75,0,0.25,0.5,0,,,,
MNQ SEP25,1s,1,3115,2025-09-12 10:11:55,24052.5,24052.75,24051.75,24051.75,9,1,0.75,0.25,0,-1,,,,
MNQ SEP25,1s,1,3116,2025-09-12 10:11:56,24051.75,24052,24051.25,24052,35,0.75,0.25,0,0.5,1,,,,
MNQ SEP25,1s,1,3117,2025-09-12 10:11:57,24051.75,24051.75,24050,24051.25,132,1.75,0.5,0,1.25,-1,,,,
MNQ SEP25,1s,1,3118,2025-09-12 10:11:58,24051.5,24051.5,24050,24050.5,50,1.5,1,0,0.5,-1,,,,
MNQ SEP25,1s,1,3119,2025-09-12 10:11:59,24050.25,24050.5,24049.5,24050,65,1,0.25,0.25,0.5,-1,,,,
MNQ SEP25,1s,1,3120,2025-09-12 10:12:00,24050,24050,24049.25,24049.5,89,0.75,0.5,0,0.25,-1,,,,
MNQ SEP25,10s,10,5711,2025-09-12 10:12:00,24052.75,24053.5,24049.25,24049.5,498,4.25,3.25,0.75,0.25,-1,-94.9,-21.8,-60.6,-70.03
MNQ SEP25,20s,20,5855,2025-09-12 10:12:00,24051.25,24053.5,24049.25,24049.5,993,4.25,1.75,2.25,0.25,-1,226.4,-12.25,-22.83333333,45.21
MNQ SEP25,1s,1,3121,2025-09-12 10:12:01,24049.5,24050,24048,24048.5,171,2,1,0.5,0.5,-1,,,,
MNQ SEP25,1s,1,3122,2025-09-12 10:12:02,24048.5,24049.5,24048,24049.25,116,1.5,0.75,0.25,0.5,1,,,,
MNQ SEP25,1s,1,3123,2025-09-12 10:12:03,24049,24049.5,24048.75,24048.75,53,0.75,0.25,0.5,0,-1,,,,
MNQ SEP25,1s,1,3124,2025-09-12 10:12:04,24049,24049,24045.25,24045.25,538,3.75,3.75,0,0,-1,,,,
MNQ SEP25,1s,1,3125,2025-09-12 10:12:05,24045.5,24046,24045.25,24045.75,163,0.75,0.25,0.25,0.25,1,,,,
MNQ SEP25,1s,1,3126,2025-09-12 10:12:06,24046,24047,24045.25,24045.75,115,1.75,0.25,1,0.5,-1,,,,
MNQ SEP25,1s,1,3127,2025-09-12 10:12:07,24045.5,24046.5,24044.5,24045,188,2,0.5,1,0.5,-1,,,,
MNQ SEP25,1s,1,3128,2025-09-12 10:12:08,24045,24045.25,24043,24044.5,297,2.25,0.5,0.25,1.5,-1,,,,
MNQ SEP25,1s,1,3129,2025-09-12 10:12:09,24044.25,24046,24044.25,24045.5,97,1.75,1.25,0.5,0,1,,,,
MNQ SEP25,1s,1,3130,2025-09-12 10:12:10,24045.5,24046.5,24045.25,24045.25,99,1.25,0.25,1,0,-1,,,,
MNQ SEP25,10s,10,5712,2025-09-12 10:12:10,24049.5,24050,24043,24045.25,1837,7,4.25,0.5,2.25,-1,111.45,206.35,63,-4.65
MNQ SEP25,1s,1,3131,2025-09-12 10:12:11,24045.25,24046.75,24045.25,24046.75,112,1.5,1.5,0,0,1,,,,
MNQ SEP25,1s,1,3132,2025-09-12 10:12:12,24046.25,24047.25,24046,24047,96,1.25,0.75,0.25,0.25,1,,,,
MNQ SEP25,1s,1,3133,2025-09-12 10:12:13,24047,24047.75,24047,24047.25,72,0.75,0.25,0.5,0,1,,,,
MNQ SEP25,1s,1,3134,2025-09-12 10:12:14,24047.5,24049.75,24047.25,24049.5,61,2.5,2,0.25,0.25,1,,,,
MNQ SEP25,1s,1,3135,2025-09-12 10:12:15,24049.25,24050,24048.75,24049.25,73,1.25,0,0.75,0.5,0,,,,
MNQ SEP25,1s,1,3136,2025-09-12 10:12:16,24049.25,24050,24048.75,24049.5,52,1.25,0.25,0.5,0.5,1,,,,
MNQ SEP25,1s,1,3137,2025-09-12 10:12:17,24049.25,24049.5,24049,24049.5,41,0.5,0.25,0,0.25,1,,,,
MNQ SEP25,1s,1,3138,2025-09-12 10:12:18,24049.5,24050,24048.5,24049.75,47,1.5,0.25,0.25,1,1,,,,
MNQ SEP25,1s,1,3139,2025-09-12 10:12:19,24049.75,24050,24049.25,24049.5,40,0.75,0.25,0.25,0.25,-1,,,,
MNQ SEP25,1s,1,3140,2025-09-12 10:12:20,24049.25,24050,24049.25,24049.25,17,0.75,0,0.75,0,0,,,,
MNQ SEP25,10s,10,5713,2025-09-12 10:12:20,24045.25,24050,24045.25,24049.25,611,4.75,4,0.75,0,1,142.4,30.95,71.83333333,11.1
MNQ SEP25,20s,20,5856,2025-09-12 10:12:20,24049.5,24050,24043,24049.25,2448,7,0.25,0.5,6.25,-1,287.45,61.05,4.45,18.42
MNQ SEP25,1s,1,3141,2025-09-12 10:12:21,24049.25,24049.5,24048.75,24049.5,36,0.75,0.25,0,0.5,1,,,,
MNQ SEP25,1s,1,3142,2025-09-12 10:12:22,24049.5,24049.75,24049,24049.25,29,0.75,0.25,0.25,0.25,-1,,,,
MNQ SEP25,1s,1,3143,2025-09-12 10:12:23,24049.5,24050.25,24049.25,24049.5,52,1,0,0.75,0.25,0,,,,
MNQ SEP25,1s,1,3144,2025-09-12 10:12:24,24049.5,24050,24049,24049.25,43,1,0.25,0.5,0.25,-1,,,,
MNQ SEP25,1s,1,3145,2025-09-12 10:12:25,24049,24049.25,24048.25,24048.25,29,1,0.75,0.25,0,-1,,,,
MNQ SEP25,1s,1,3146,2025-09-12 10:12:26,24048.25,24048.5,24047.5,24047.75,28,1,0.5,0.25,0.25,-1,,,,
MNQ SEP25,1s,1,3147,2025-09-12 10:12:27,24048,24048,24046.25,24046.5,59,1.75,1.5,0,0.25,-1,,,,
MNQ SEP25,1s,1,3148,2025-09-12 10:12:28,24046.5,24046.75,24045.75,24045.75,28,1,0.75,0.25,0,-1,,,,
MNQ SEP25,1s,1,3149,2025-09-12 10:12:29,24046.5,24047,24045.5,24045.5,42,1.5,1,0.5,0,-1,,,,
MNQ SEP25,1s,1,3150,2025-09-12 10:12:30,24045.75,24046,24044.5,24044.75,86,1.5,1,0.25,0.25,-1,,,,
MNQ SEP25,10s,10,5714,2025-09-12 10:12:30,24049.25,24050.25,24044.5,24044.75,432,5.75,4.5,1,0.25,-1,161.65,19.25,85.51666667,47.84
MNQ SEP25,1s,1,3151,2025-09-12 10:12:31,24045,24045.5,24044.5,24044.5,61,1,0.5,0.5,0,-1,,,,
MNQ SEP25,1s,1,3152,2025-09-12 10:12:32,24044.5,24045,24041.5,24042.75,283,3.5,1.75,0.5,1.25,-1,,,,
MNQ SEP25,1s,1,3153,2025-09-12 10:12:33,24042.75,24043,24042,24042.75,126,1,0,0.25,0.75,0,,,,
MNQ SEP25,1s,1,3154,2025-09-12 10:12:34,24043,24043.25,24041.75,24042.5,83,1.5,0.5,0.25,0.75,-1,,,,
MNQ SEP25,1s,1,3155,2025-09-12 10:12:35,24042.5,24042.75,24041.5,24042,77,1.25,0.5,0.25,0.5,-1,,,,
MNQ SEP25,1s,1,3156,2025-09-12 10:12:36,24042.25,24043.25,24042,24042.75,58,1.25,0.5,0.5,0.25,1,,,,
MNQ SEP25,1s,1,3157,2025-09-12 10:12:37,24042.75,24043.25,24042,24042,51,1.25,0.75,0.5,0,-1,,,,
MNQ SEP25,1s,1,3158,2025-09-12 10:12:38,24042.5,24042.75,24040,24040.5,267,2.75,2,0.25,0.5,-1,,,,
MNQ SEP25,1s,1,3159,2025-09-12 10:12:39,24040.25,24041,24039,24040.75,336,2,0.5,0.25,1.25,1,,,,
MNQ SEP25,1s,1,3160,2025-09-12 10:12:40,24040.75,24042.75,24040.5,24042.75,166,2.25,2,0,0.25,1,,,,
MNQ SEP25,10s,10,5715,2025-09-12 10:12:40,24045,24045.5,24039,24042.75,1508,6.5,2.25,0.5,3.75,-1,306.45,144.8,65,75.91
MNQ SEP25,20s,20,5857,2025-09-12 10:12:40,24049.25,24050.25,24039,24042.75,1940,11.25,6.5,1,3.75,-1,273.25,-14.2,11.53333333,-4.33
MNQ SEP25,1s,1,3161,2025-09-12 10:12:41,24042.75,24043,24040.75,24041.75,128,2.25,1,0.25,1,-1,,,,
MNQ SEP25,1s,1,3162,2025-09-12 10:12:42,24041.5,24042.25,24040.75,24041,90,1.5,0.5,0.75,0.25,-1,,,,
MNQ SEP25,1s,1,3163,2025-09-12 10:12:43,24041.25,24042.25,24041,24041.25,66,1.25,0,1,0.25,0,,,,
MNQ SEP25,1s,1,3164,2025-09-12 10:12:44,24041.25,24042,24040.75,24041.25,33,1.25,0,0.75,0.5,0,,,,
MNQ SEP25,1s,1,3165,2025-09-12 10:12:45,24041.5,24042,24040.75,24041.5,38,1.25,0,0.5,0.75,0,,,,
MNQ SEP25,1s,1,3166,2025-09-12 10:12:46,24041.5,24042,24041,24042,32,1,0.5,0,0.5,1,,,,
MNQ SEP25,1s,1,3167,2025-09-12 10:12:47,24041.75,24042.5,24041.5,24042.25,56,1,0.5,0.25,0.25,1,,,,
MNQ SEP25,1s,1,3168,2025-09-12 10:12:48,24041.75,24042.25,24041.5,24041.5,39,0.75,0.25,0.5,0,-1,,,,
MNQ SEP25,1s,1,3169,2025-09-12 10:12:49,24041.5,24042,24040.25,24040.25,38,1.75,1.25,0.5,0,-1,,,,
MNQ SEP25,1s,1,3170,2025-09-12 10:12:50,24040.25,24040.5,24039,24039.25,124,1.5,1,0.25,0.25,-1,,,,
MNQ SEP25,10s,10,5716,2025-09-12 10:12:50,24042.75,24043,24039,24039.25,644,4,3.5,0.25,0.25,-1,335,28.55,64.2,85.98
MNQ SEP25,1s,1,3171,2025-09-12 10:12:51,24039.5,24040,24038.75,24040,142,1.25,0.5,0,0.75,1,,,,
MNQ SEP25,1s,1,3172,2025-09-12 10:12:52,24039.75,24042,24039.5,24041.25,101,2.5,1.5,0.75,0.25,1,,,,
MNQ SEP25,1s,1,3173,2025-09-12 10:12:53,24040.75,24041.25,24039.75,24040.25,56,1.5,0.5,0.5,0.5,-1,,,,
MNQ SEP25,1s,1,3174,2025-09-12 10:12:54,24039.75,24040.75,24039.5,24040.5,45,1.25,0.75,0.25,0.25,1,,,,
MNQ SEP25,1s,1,3175,2025-09-12 10:12:55,24041,24042,24041,24041,51,1,0,1,0,0,,,,
MNQ SEP25,1s,1,3176,2025-09-12 10:12:56,24041.5,24041.5,24040.5,24041,43,1,0.5,0,0.5,-1,,,,
MNQ SEP25,1s,1,3177,2025-09-12 10:12:57,24040.75,24040.75,24040.25,24040.75,30,0.5,0,0,0.5,0,,,,
MNQ SEP25,1s,1,3178,2025-09-12 10:12:58,24040.75,24041.75,24040.5,24040.75,60,1.25,0,1,0.25,0,,,,
MNQ SEP25,1s,1,3179,2025-09-12 10:12:59,24040.5,24041.25,24040,24040.5,35,1.25,0,0.75,0.5,0,,,,
MNQ SEP25,1s,1,3180,2025-09-12 10:13:00,24040.75,24041,24040,24040.5,35,1,0.25,0.25,0.5,-1,,,,
MNQ SEP25,10s,10,5717,2025-09-12 10:13:00,24039.5,24042,24038.75,24040.5,598,3.25,1,1.5,0.75,1,79.6,-255.4,-27.35,-6.37
MNQ SEP25,20s,20,5858,2025-09-12 10:13:00,24042.75,24043,24038.75,24040.5,1242,4.25,2.25,0.25,1.75,-1,306.15,32.9,26.58333333,6.41
MNQ SEP25,1s,1,3181,2025-09-12 10:13:01,24040.75,24041.25,24040,24040.75,49,1.25,0,0.5,0.75,0,,,,
MNQ SEP25,1s,1,3182,2025-09-12 10:13:02,24041,24041.75,24040.5,24040.75,53,1.25,0.25,0.75,0.25,-1,,,,
MNQ SEP25,1s,1,3183,2025-09-12 10:13:03,24041.25,24041.75,24040.75,24041.75,48,1,0.5,0,0.5,1,,,,
MNQ SEP25,1s,1,3184,2025-09-12 10:13:04,24041.25,24041.25,24038.75,24040,95,2.5,1.25,0,1.25,-1,,,,
MNQ SEP25,1s,1,3185,2025-09-12 10:13:05,24039.75,24040.75,24039.5,24040.5,49,1.25,0.75,0.25,0.25,1,,,,
MNQ SEP25,1s,1,3186,2025-09-12 10:13:06,24040.25,24040.75,24039.25,24039.25,72,1.5,1,0.5,0,-1,,,,
MNQ SEP25,1s,1,3187,2025-09-12 10:13:07,24039.5,24040,24037.25,24037.75,208,2.75,1.75,0.5,0.5,-1,,,,
MNQ SEP25,1s,1,3188,2025-09-12 10:13:08,24037.75,24039.75,24037.5,24039.5,98,2.25,1.75,0.25,0.25,1,,,,
MNQ SEP25,1s,1,3189,2025-09-12 10:13:09,24039.5,24039.75,24038.5,24039.75,65,1.25,0.25,0,1,1,,,,
MNQ SEP25,1s,1,3190,2025-09-12 10:13:10,24039,24040,24037.75,24038.25,184,2.25,0.75,1,0.5,-1,,,,
MNQ SEP25,10s,10,5718,2025-09-12 10:13:10,24040.75,24041.75,24037.25,24038.25,921,4.5,2.5,1,1,-1,124.85,45.25,-60.53333333,-3.51
MNQ SEP25,1s,1,3191,2025-09-12 10:13:11,24038,24038.75,24037.75,24038.25,85,1,0.25,0.5,0.25,1,,,,
MNQ SEP25,1s,1,3192,2025-09-12 10:13:12,24038.5,24040.5,24038,24040,112,2.5,1.5,0.5,0.5,1,,,,
MNQ SEP25,1s,1,3193,2025-09-12 10:13:13,24040,24041,24039.5,24040.25,99,1.5,0.25,0.75,0.5,1,,,,
MNQ SEP25,1s,1,3194,2025-09-12 10:13:14,24040.5,24040.75,24038.5,24038.5,52,2.25,2,0.25,0,-1,,,,
MNQ SEP25,1s,1,3195,2025-09-12 10:13:15,24039.25,24039.25,24037.75,24037.75,65,1.5,1.5,0,0,-1,,,,
MNQ SEP25,1s,1,3196,2025-09-12 10:13:16,24038,24038.5,24036.5,24038.25,122,2,0.25,0.25,1.5,1,,,,
MNQ SEP25,1s,1,3197,2025-09-12 10:13:17,24038,24038.25,24036.75,24036.75,65,1.5,1.25,0.25,0,-1,,,,
MNQ SEP25,1s,1,3198,2025-09-12 10:13:18,24036.5,24037.5,24036.5,24037.25,66,1,0.75,0.25,0,1,,,,
MNQ SEP25,1s,1,3199,2025-09-12 10:13:19,24037.5,24038,24036.5,24038,53,1.5,0.5,0,1,1,,,,
MNQ SEP25,1s,1,3200,2025-09-12 10:13:20,24037.75,24038.25,24037,24037.75,90,1.25,0,0.5,0.75,0,,,,
MNQ SEP25,10s,10,5719,2025-09-12 10:13:20,24038,24041,24036.5,24037.75,809,4.5,0.25,3,1.25,-1,175.5,50.65,-53.16666667,2.77
MNQ SEP25,20s,20,5859,2025-09-12 10:13:20,24040.75,24041.75,24036.5,24037.75,1730,5.25,3,1,1.25,-1,457.1,150.95,56.55,43.69
MNQ SEP25,1s,1,3201,2025-09-12 10:13:21,24038.25,24038.25,24035.5,24035.5,268,2.75,2.75,0,0,-1,,,,
MNQ SEP25,1s,1,3202,2025-09-12 10:13:22,24035.5,24037.25,24035.25,24037,105,2,1.5,0.25,0.25,1,,,,
MNQ SEP25,1s,1,3203,2025-09-12 10:13:23,24037.75,24039,24037.75,24038.5,132,1.25,0.75,0.5,0,1,,,,
MNQ SEP25,1s,1,3204,2025-09-12 10:13:24,24038.25,24038.75,24036.75,24037,66,2,1.25,0.5,0.25,-1,,,,
MNQ SEP25,1s,1,3205,2025-09-12 10:13:25,24036.5,24037.25,24036,24036.75,36,1.25,0.25,0.5,0.5,1,,,,
MNQ SEP25,1s,1,3206,2025-09-12 10:13:26,24036.75,24039,24036.75,24038.25,38,2.25,1.5,0.75,0,1,,,,
MNQ SEP25,1s,1,3207,2025-09-12 10:13:27,24038.5,24038.75,24038,24038,33,0.75,0.5,0.25,0,-1,,,,
MNQ SEP25,1s,1,3208,2025-09-12 10:13:28,24038,24039.75,24038,24039.75,65,1.75,1.75,0,0,1,,,,
MNQ SEP25,1s,1,3209,2025-09-12 10:13:29,24039.5,24040.25,24039.25,24039.75,77,1,0.25,0.5,0.25,1,,,,
MNQ SEP25,1s,1,3210,2025-09-12 10:13:30,24039.25,24039.25,24037.25,24037.75,53,2,1.5,0,0.5,-1,,,,
MNQ SEP25,10s,10,5720,2025-09-12 10:13:30,24038.25,24040.25,24035.25,24037.75,873,5,0.5,2,2.5,-1,37.9,-137.6,-13.9,-53.71
MNQ SEP25,1s,1,3211,2025-09-12 10:13:31,24038.25,24038.25,24037,24037,40,1.25,1.25,0,0,-1,,,,
MNQ SEP25,1s,1,3212,2025-09-12 10:13:32,24037.5,24038,24037,24037,32,1,0.5,0.5,0,-1,,,,
MNQ SEP25,1s,1,3213,2025-09-12 10:13:33,24037,24038.5,24036.75,24038,38,1.75,1,0.5,0.25,1,,,,
MNQ SEP25,1s,1,3214,2025-09-12 10:13:34,24037.5,24037.5,24035.75,24036.25,91,1.75,1.25,0,0.5,-1,,,,
MNQ SEP25,1s,1,3215,2025-09-12 10:13:35,24036,24036.5,24034,24034.25,232,2.5,1.75,0.5,0.25,-1,,,,
MNQ SEP25,1s,1,3216,2025-09-12 10:13:36,24034.75,24035.25,24032.75,24033.5,259,2.5,1.25,0.5,0.75,-1,,,,
MNQ SEP25,1s,1,3217,2025-09-12 10:13:37,24033.25,24034.25,24032.5,24032.75,136,1.75,0.5,1,0.25,-1,,,,
MNQ SEP25,1s,1,3218,2025-09-12 10:13:38,24033,24034.75,24032.75,24034.25,81,2,1.25,0.5,0.25,1,,,,
MNQ SEP25,1s,1,3219,2025-09-12 10:13:39,24034.5,24036.25,24034,24036,101,2.25,1.5,0.25,0.5,1,,,,
MNQ SEP25,1s,1,3220,2025-09-12 10:13:40,24035.75,24036.75,24035.5,24036,60,1.25,0.25,0.75,0.25,1,,,,
MNQ SEP25,10s,10,5721,2025-09-12 10:13:40,24038.25,24038.5,24032.5,24036,1070,6,2.25,0.25,3.5,-1,89.5,51.6,-11.78333333,-49.1
MNQ SEP25,20s,20,5860,2025-09-12 10:13:40,24038.25,24040.25,24032.5,24036,1943,7.75,2.25,2,3.5,-1,611.25,154.15,112.66666667,76.97
MNQ SEP25,1s,1,3221,2025-09-12 10:13:41,24036.5,24036.5,24035.75,24036.5,73,0.75,0,0,0.75,0,,,,
MNQ SEP25,1s,1,3222,2025-09-12 10:13:42,24036.75,24037.25,24036,24036.5,62,1.25,0.25,0.5,0.5,-1,,,,
MNQ SEP25,1s,1,3223,2025-09-12 10:13:43,24036.5,24036.5,24035.5,24035.5,47,1,1,0,0,-1,,,,
MNQ SEP25,1s,1,3224,2025-09-12 10:13:44,24036,24036,24035.25,24035.25,15,0.75,0.75,0,0,-1,,,,
MNQ SEP25,1s,1,3225,2025-09-12 10:13:45,24035.25,24035.25,24033.75,24034,43,1.5,1.25,0,0.25,-1,,,,
MNQ SEP25,1s,1,3226,2025-09-12 10:13:46,24034,24035.5,24033.75,24033.75,55,1.75,0.25,1.5,0,-1,,,,
MNQ SEP25,1s,1,3227,2025-09-12 10:13:47,24033.75,24034.25,24033.25,24033.5,49,1,0.25,0.5,0.25,-1,,,,
MNQ SEP25,1s,1,3228,2025-09-12 10:13:48,24034,24035,24033.25,24034.5,82,1.75,0.5,0.5,0.75,1,,,,
MNQ SEP25,1s,1,3229,2025-09-12 10:13:49,24035,24035,24033.75,24034.5,33,1.25,0.5,0,0.75,-1,,,,
MNQ SEP25,1s,1,3230,2025-09-12 10:13:50,24034.5,24035.75,24034.25,24035,29,1.5,0.5,0.75,0.25,1,,,,
MNQ SEP25,10s,10,5722,2025-09-12 10:13:50,24036.5,24037.25,24033.25,24035,488,4,1.5,0.75,1.75,-1,91.9,2.4,-27.86666667,2.46
MNQ SEP25,1s,1,3231,2025-09-12 10:13:51,24035.25,24035.75,24034.25,24034.75,30,1.5,0.5,0.5,0.5,-1,,,,
MNQ SEP25,1s,1,3232,2025-09-12 10:13:52,24034.75,24035,24032.75,24033.25,100,2.25,1.5,0.25,0.5,-1,,,,
MNQ SEP25,1s,1,3233,2025-09-12 10:13:53,24033.5,24033.5,24031.5,24032,119,2,1.5,0,0.5,-1,,,,
MNQ SEP25,1s,1,3234,2025-09-12 10:13:54,24032.25,24032.25,24030,24030.5,250,2.25,1.75,0,0.5,-1,,,,
MNQ SEP25,1s,1,3235,2025-09-12 10:13:55,24030.5,24031.25,24030,24030,191,1.25,0.5,0.75,0,-1,,,,
MNQ SEP25,1s,1,3236,2025-09-12 10:13:56,24030,24031.5,24030,24030.75,163,1.5,0.75,0.75,0,1,,,,
MNQ SEP25,1s,1,3237,2025-09-12 10:13:57,24030.75,24031.75,24029,24030.5,182,2.75,0.25,1,1.5,-1,,,,
MNQ SEP25,1s,1,3238,2025-09-12 10:13:58,24030.5,24031.75,24030,24031.25,107,1.75,0.75,0.5,0.5,1,,,,
MNQ SEP25,1s,1,3239,2025-09-12 10:13:59,24031.5,24032.25,24031.25,24032,71,1,0.5,0.25,0.25,1,,,,
MNQ SEP25,1s,1,3240,2025-09-12 10:14:00,24032.25,24033,24031.25,24032.5,156,1.75,0.25,0.5,1,1,,,,
MNQ SEP25,10s,10,5723,2025-09-12 10:14:00,24035.25,24035.75,24029,24032.5,1369,6.75,2.75,0.5,3.5,-1,149.3,57.4,37.13333333,4.89
MNQ SEP25,20s,20,5861,2025-09-12 10:14:00,24036.5,24037.25,24029,24032.5,1857,8.25,4,0.75,3.5,-1,481.45,-129.8,58.43333333,38.8
MNQ SEP25,1s,1,3241,2025-09-12 10:14:01,24032.5,24033,24031,24031.5,208,2,1,0.5,0.5,-1,,,,
MNQ SEP25,1s,1,3242,2025-09-12 10:14:02,24031.25,24032.25,24030.5,24031.25,86,1.75,0,1,0.75,0,,,,
MNQ SEP25,1s,1,3243,2025-09-12 10:14:03,24031,24031.5,24030.25,24030.5,70,1.25,0.5,0.5,0.25,-1,,,,
MNQ SEP25,1s,1,3244,2025-09-12 10:14:04,24030.75,24032.5,24030.5,24032.5,71,2,1.75,0,0.25,1,,,,
MNQ SEP25,1s,1,3245,2025-09-12 10:14:05,24032.75,24036,24032.75,24036,200,3.25,3.25,0,0,1,,,,
MNQ SEP25,1s,1,3246,2025-09-12 10:14:06,24035.25,24036.5,24034.5,24036,188,2,0.75,0.5,0.75,1,,,,
MNQ SEP25,1s,1,3247,2025-09-12 10:14:07,24035.75,24036.5,24035.25,24035.75,76,1.25,0,0.75,0.5,0,,,,
MNQ SEP25,1s,1,3248,2025-09-12 10:14:08,24035.75,24036,24034.75,24035,69,1.25,0.75,0.25,0.25,-1,,,,
MNQ SEP25,1s,1,3249,2025-09-12 10:14:09,24034.75,24035.25,24034,24035,82,1.25,0.25,0.25,0.75,1,,,,
MNQ SEP25,1s,1,3250,2025-09-12 10:14:10,24035,24036.25,24034.75,24036.25,66,1.5,1.25,0,0.25,1,,,,
MNQ SEP25,10s,10,5724,2025-09-12 10:14:10,24032.5,24036.5,24030.25,24036.25,1116,6.25,3.75,0.25,2.25,1,215.3,66,41.93333333,7.96
MNQ SEP25,1s,1,3251,2025-09-12 10:14:11,24036.25,24036.5,24035,24035.25,67,1.5,1,0.25,0.25,-1,,,,
MNQ SEP25,1s,1,3252,2025-09-12 10:14:12,24035.75,24036,24034.75,24035.25,37,1.25,0.5,0.25,0.5,-1,,,,
MNQ SEP25,1s,1,3253,2025-09-12 10:14:13,24034.75,24035.75,24034.25,24035.25,58,1.5,0.5,0.5,0.5,1,,,,
MNQ SEP25,1s,1,3254,2025-09-12 10:14:14,24035.25,24036.5,24035.25,24036.25,34,1.25,1,0.25,0,1,,,,
MNQ SEP25,1s,1,3255,2025-09-12 10:14:15,24036,24036.5,24035.25,24035.5,39,1.25,0.5,0.5,0.25,-1,,,,
MNQ SEP25,1s,1,3256,2025-09-12 10:14:16,24035.5,24036,24034.75,24035,35,1.25,0.5,0.5,0.25,-1,,,,
MNQ SEP25,1s,1,3257,2025-09-12 10:14:17,24035,24035.5,24034.25,24034.75,74,1.25,0.25,0.5,0.5,-1,,,,
MNQ SEP25,1s,1,3258,2025-09-12 10:14:18,24034.25,24035.5,24034,24034.25,40,1.5,0,1.25,0.25,0,,,,
MNQ SEP25,1s,1,3259,2025-09-12 10:14:19,24034,24034.75,24033.75,24034.75,44,1,0.75,0,0.25,1,,,,
MNQ SEP25,1s,1,3260,2025-09-12 10:14:20,24034.75,24035.25,24034.25,24035.25,45,1,0.5,0,0.5,1,,,,
MNQ SEP25,10s,10,5725,2025-09-12 10:14:20,24036.25,24036.5,24033.75,24035.25,473,2.75,1,0.25,1.5,-1,132.65,-82.65,13.58333333,18.95
MNQ SEP25,20s,20,5862,2025-09-12 10:14:20,24032.5,24036.5,24030.25,24035.25,1589,6.25,2.75,1.25,2.25,1,399.3,-82.15,-19.26666667,25.21
MNQ SEP25,1s,1,3261,2025-09-12 10:14:21,24035.5,24038.25,24035.5,24038,120,2.75,2.5,0.25,0,1,,,,
MNQ SEP25,1s,1,3262,2025-09-12 10:14:22,24038,24038.25,24036,24036.25,125,2.25,1.75,0.25,0.25,-1,,,,
MNQ SEP25,1s,1,3263,2025-09-12 10:14:23,24036,24036,24034.75,24035,70,1.25,1,0,0.25,-1,,,,
MNQ SEP25,1s,1,3264,2025-09-12 10:14:24,24035,24035.5,24034.75,24035.25,33,0.75,0.25,0.25,0.25,1,,,,
MNQ SEP25,1s,1,3265,2025-09-12 10:14:25,24035,24035.75,24034.5,24034.75,50,1.25,0.25,0.75,0.25,-1,,,,
MNQ SEP25,1s,1,3266,2025-09-12 10:14:26,24034.75,24034.75,24033.75,24034,39,1,0.75,0,0.25,-1,,,,
MNQ SEP25,1s,1,3267,2025-09-12 10:14:27,24034,24035.25,24034,24035.25,20,1.25,1.25,0,0,1,,,,
MNQ SEP25,1s,1,3268,2025-09-12 10:14:28,24034.5,24035.5,24034.25,24034.75,22,1.25,0.25,0.75,0.25,1,,,,
MNQ SEP25,1s,1,3269,2025-09-12 10:14:29,24034.75,24035.25,24034,24034.25,44,1.25,0.5,0.5,0.25,-1,,,,
MNQ SEP25,1s,1,3270,2025-09-12 10:14:30,24034.75,24035.25,24034.25,24034.25,18,1,0.5,0.5,0,-1,,,,
MNQ SEP25,10s,10,5726,2025-09-12 10:14:30,24035.5,24038.25,24033.75,24034.25,541,4.5,1.25,2.75,0.5,-1,26.35,-106.3,-40.98333333,-12.63
MNQ SEP25,1s,1,3271,2025-09-12 10:14:31,24034.5,24035,24033.25,24033.75,62,1.75,0.75,0.5,0.5,-1,,,,
MNQ SEP25,1s,1,3272,2025-09-12 10:14:32,24033.75,24034.25,24031.75,24032.5,75,2.5,1.25,0.5,0.75,-1,,,,
MNQ SEP25,1s,1,3273,2025-09-12 10:14:33,24032.5,24033.75,24032.5,24033.5,60,1.25,1,0.25,0,1,,,,
MNQ SEP25,1s,1,3274,2025-09-12 10:14:34,24033.5,24034.25,24033.25,24034.25,33,1,0.75,0,0.25,1,,,,
MNQ SEP25,1s,1,3275,2025-09-12 10:14:35,24034.25,24035,24032.75,24032.75,29,2.25,1.5,0.75,0,-1,,,,
MNQ SEP25,1s,1,3276,2025-09-12 10:14:36,24033,24033.25,24032.75,24033,18,0.5,0,0.25,0.25,0,,,,
MNQ SEP25,1s,1,3277,2025-09-12 10:14:37,24032.25,24033,24031.25,24032.25,45,1.75,0,0.75,1,0,,,,
MNQ SEP25,1s,1,3278,2025-09-12 10:14:38,24033,24033.25,24031.5,24031.75,43,1.75,1.25,0.25,0.25,-1,,,,
MNQ SEP25,1s,1,3279,2025-09-12 10:14:39,24031.75,24032.25,24031.5,24031.5,21,0.75,0.25,0.5,0,-1,,,,
MNQ SEP25,1s,1,3280,2025-09-12 10:14:40,24031.5,24031.5,24030.75,24030.75,62,0.75,0.75,0,0,-1,,,,
MNQ SEP25,10s,10,5727,2025-09-12 10:14:40,24034.5,24035,24030.75,24030.75,448,4.25,3.75,0.5,0,-1,16.45,-9.9,-66.28333333,-15.09
MNQ SEP25,20s,20,5863,2025-09-12 10:14:40,24035.5,24038.25,24030.75,24030.75,989,7.5,4.75,2.75,0,-1,324.55,-74.75,-95.56666667,3.68
MNQ SEP25,1s,1,3281,2025-09-12 10:14:41,24030.75,24032,24030.75,24031.5,76,1.25,0.75,0.5,0,1,,,,
MNQ SEP25,1s,1,3282,2025-09-12 10:14:42,24031.25,24031.75,24031,24031,26,0.75,0.25,0.5,0,-1,,,,
MNQ SEP25,1s,1,3283,2025-09-12 10:14:43,24031.25,24031.5,24029.5,24030.25,128,2,1,0.25,0.75,-1,,,,
MNQ SEP25,1s,1,3284,2025-09-12 10:14:44,24029.75,24030.5,24029.25,24029.75,62,1.25,0,0.75,0.5,0,,,,
MNQ SEP25,1s,1,3285,2025-09-12 10:14:45,24029.25,24029.5,24028.25,24028.5,258,1.25,0.75,0.25,0.25,-1,,,,
MNQ SEP25,1s,1,3286,2025-09-12 10:14:46,24029,24029.75,24028.5,24029.5,81,1.25,0.5,0.25,0.5,1,,,,
MNQ SEP25,1s,1,3287,2025-09-12 10:14:47,24029.25,24031.5,24029.25,24031,120,2.25,1.75,0.5,0,1,,,,
MNQ SEP25,1s,1,3288,2025-09-12 10:14:48,24031.25,24031.25,24030.25,24031,34,1,0.25,0,0.75,-1,,,,
MNQ SEP25,1s,1,3289,2025-09-12 10:14:49,24031.25,24032.25,24030.75,24031.75,34,1.5,0.5,0.5,0.5,1,,,,
MNQ SEP25,1s,1,3290,2025-09-12 10:14:50,24031.5,24031.5,24030,24030,31,1.5,1.5,0,0,-1,,,,
MNQ SEP25,10s,10,5728,2025-09-12 10:14:50,24030.75,24032.25,24028.25,24030,850,4,0.75,1.5,1.75,-1,-112.25,-128.7,-81.63333333,-52.31
MNQ SEP25,1s,1,3291,2025-09-12 10:14:51,24030,24031,24030,24031,21,1,1,0,0,1,,,,
MNQ SEP25,1s,1,3292,2025-09-12 10:14:52,24030.75,24030.75,24030,24030.75,22,0.75,0,0,0.75,0,,,,
MNQ SEP25,1s,1,3293,2025-09-12 10:14:53,24030.75,24030.75,24030,24030.25,33,0.75,0.5,0,0.25,-1,,,,
MNQ SEP25,1s,1,3294,2025-09-12 10:14:54,24030.75,24030.75,24030,24030,27,0.75,0.75,0,0,-1,,,,
MNQ SEP25,1s,1,3295,2025-09-12 10:14:55,24030,24030.25,24029.25,24029.5,43,1,0.5,0.25,0.25,-1,,,,
MNQ SEP25,1s,1,3296,2025-09-12 10:14:56,24029.25,24030.75,24029.25,24030.5,31,1.5,1.25,0.25,0,1,,,,
MNQ SEP25,1s,1,3297,2025-09-12 10:14:57,24030.25,24030.75,24029.75,24030.25,54,1,0,0.5,0.5,0,,,,
MNQ SEP25,1s,1,3298,2025-09-12 10:14:58,24031,24031.75,24030.25,24031,38,1.5,0,0.75,0.75,0,,,,
MNQ SEP25,1s,1,3299,2025-09-12 10:14:59,24031,24032.25,24031,24031.5,71,1.25,0.5,0.75,0,1,,,,
MNQ SEP25,1s,1,3300,2025-09-12 10:15:00,24031.25,24032,24031.25,24031.25,29,0.75,0,0.75,0,0,,,,
MNQ SEP25,10s,10,5729,2025-09-12 10:15:00,24030,24032.25,24029.25,24031.25,369,3,1.25,1,0.75,1,-261.3,-149.05,-95.88333333,-95.32
MNQ SEP25,20s,20,5864,2025-09-12 10:15:00,24030.75,24032.25,24028.25,24031.25,1219,4,0.5,1,2.5,1,226.55,-98,-84.96666667,-46.11
MNQ SEP25,1s,1,3301,2025-09-12 10:15:01,24031.25,24032.5,24030.25,24032.25,179,2.25,1,0.25,1,1,,,,
MNQ SEP25,1s,1,3302,2025-09-12 10:15:02,24032,24032.5,24029.75,24030.75,103,2.75,1.25,0.5,1,-1,,,,
MNQ SEP25,1s,1,3303,2025-09-12 10:15:03,24031,24031,24029.5,24029.75,81,1.5,1.25,0,0.25,-1,,,,
MNQ SEP25,1s,1,3304,2025-09-12 10:15:04,24030,24031.75,24029.75,24031.5,64,2,1.5,0.25,0.25,1,,,,
MNQ SEP25,1s,1,3305,2025-09-12 10:15:05,24031,24031.5,24030.25,24031.5,37,1.25,0.5,0,0.75,1,,,,
MNQ SEP25,1s,1,3306,2025-09-12 10:15:06,24031.75,24031.75,24030.75,24031,52,1,0.75,0,0.25,-1,,,,
MNQ SEP25,1s,1,3307,2025-09-12 10:15:07,24031,24032.5,24030.75,24032,55,1.75,1,0.5,0.25,1,,,,
MNQ SEP25,1s,1,3308,2025-09-12 10:15:08,24031.5,24031.5,24030.5,24031,79,1,0.5,0,0.5,-1,,,,
MNQ SEP25,1s,1,3309,2025-09-12 10:15:09,24031.5,24032.5,24031.25,24031.75,37,1.25,0.25,0.75,0.25,1,,,,
MNQ SEP25,1s,1,3310,2025-09-12 10:15:10,24031.75,24032.25,24030.75,24031,59,1.5,0.75,0.5,0.25,-1,,,,
MNQ SEP25,10s,10,5730,2025-09-12 10:15:10,24031.25,24032.5,24029.5,24031,746,3,0.25,1.25,1.5,-1,-219.25,42.05,-78.56666667,-70.38
MNQ SEP25,1s,1,3311,2025-09-12 10:15:11,24031,24031.25,24030.75,24031,24,0.5,0,0.25,0.25,0,,,,
MNQ SEP25,1s,1,3312,2025-09-12 10:15:12,24030.75,24031.25,24028,24028.25,214,3.25,2.5,0.5,0.25,-1,,,,
MNQ SEP25,1s,1,3313,2025-09-12 10:15:13,24028.5,24028.75,24026.5,24027.75,338,2.25,0.75,0.25,1.25,-1,,,,
MNQ SEP25,1s,1,3314,2025-09-12 10:15:14,24027.5,24029.5,24027.5,24028.5,157,2,1,1,0,1,,,,
MNQ SEP25,1s,1,3315,2025-09-12 10:15:15,24028.5,24029.75,24028,24029.5,158,1.75,1,0.25,0.5,1,,,,
MNQ SEP25,1s,1,3316,2025-09-12 10:15:16,24029.5,24029.5,24028,24028.5,124,1.5,1,0,0.5,-1,,,,
MNQ SEP25,1s,1,3317,2025-09-12 10:15:17,24028,24029,24027.75,24028.25,38,1.25,0.25,0.75,0.25,1,,,,
MNQ SEP25,1s,1,3318,2025-09-12 10:15:18,24028.5,24030.25,24028,24029.75,47,2.25,1.25,0.5,0.5,1,,,,
MNQ SEP25,1s,1,3319,2025-09-12 10:15:19,24029.75,24030.25,24029,24029.75,68,1.25,0,0.5,0.75,0,,,,
MNQ SEP25,1s,1,3320,2025-09-12 10:15:20,24029.5,24030.75,24029,24030,82,1.75,0.5,0.75,0.5,1,,,,
MNQ SEP25,10s,10,5731,2025-09-12 10:15:20,24031,24031.25,24026.5,24030,1250,4.75,1,0.25,3.5,-1,-115.05,104.2,-0.93333333,-28.28
MNQ SEP25,20s,20,5865,2025-09-12 10:15:20,24031.25,24032.5,24026.5,24030,1996,6,1.25,1.25,3.5,-1,161.25,-65.3,-79.35,-90
MNQ SEP25,1s,1,3321,2025-09-12 10:15:21,24030,24030.5,24029.75,24030.25,36,0.75,0.25,0.25,0.25,1,,,,
MNQ SEP25,1s,1,3322,2025-09-12 10:15:22,24029.75,24029.75,24028.5,24028.75,35,1.25,1,0,0.25,-1,,,,
MNQ SEP25,1s,1,3323,2025-09-12 10:15:23,24029,24030.25,24028.25,24030.25,53,2,1.25,0,0.75,1,,,,
MNQ SEP25,1s,1,3324,2025-09-12 10:15:24,24030.25,24031,24030,24030.25,69,1,0,0.75,0.25,0,,,,
MNQ SEP25,1s,1,3325,2025-09-12 10:15:25,24030.5,24031.25,24029.25,24031.25,49,2,0.75,0,1.25,1,,,,
MNQ SEP25,1s,1,3326,2025-09-12 10:15:26,24030.75,24032,24030.75,24031.25,55,1.25,0.5,0.75,0,1,,,,
MNQ SEP25,1s,1,3327,2025-09-12 10:15:27,24031.5,24032,24030.5,24031.25,58,1.5,0.25,0.5,0.75,-1,,,,
MNQ SEP25,1s,1,3328,2025-09-12 10:15:28,24031.25,24031.25,24030,24030,26,1.25,1.25,0,0,-1,,,,
MNQ SEP25,1s,1,3329,2025-09-12 10:15:29,24030.75,24032.25,24030.75,24031.5,36,1.5,0.75,0.75,0,1,,,,
MNQ SEP25,1s,1,3330,2025-09-12 10:15:30,24031.25,24031.5,24031,24031.5,27,0.5,0.25,0,0.25,1,,,,
MNQ SEP25,10s,10,5732,2025-09-12 10:15:30,24030,24032.25,24028.25,24031.5,444,4,1.5,0.75,1.75,1,-46.2,68.85,71.7,-12.53
MNQ SEP25,1s,1,3331,2025-09-12 10:15:31,24032.25,24034,24032.25,24033.5,117,1.75,1.25,0.5,0,1,,,,
MNQ SEP25,1s,1,3332,2025-09-12 10:15:32,24033.5,24033.75,24032.75,24032.75,86,1,0.75,0.25,0,-1,,,,
MNQ SEP25,1s,1,3333,2025-09-12 10:15:33,24033,24036,24032.5,24035.25,145,3.5,2.25,0.75,0.5,1,,,,
MNQ SEP25,1s,1,3334,2025-09-12 10:15:34,24035,24038,24035,24037.5,220,3,2.5,0.5,0,1,,,,
MNQ SEP25,1s,1,3335,2025-09-12 10:15:35,24037.25,24038,24036.75,24037.75,173,1.25,0.5,0.25,0.5,1,,,,
MNQ SEP25,1s,1,3336,2025-09-12 10:15:36,24037.25,24037.75,24036,24036.5,111,1.75,0.75,0.5,0.5,-1,,,,
MNQ SEP25,1s,1,3337,2025-09-12 10:15:37,24036.75,24037.75,24036.25,24037.75,75,1.5,1,0,0.5,1,,,,
MNQ SEP25,1s,1,3338,2025-09-12 10:15:38,24037.5,24038.25,24036.5,24036.75,71,1.75,0.75,0.75,0.25,-1,,,,
MNQ SEP25,1s,1,3339,2025-09-12 10:15:39,24037,24037.5,24036.25,24036.25,69,1.25,0.75,0.5,0,-1,,,,
MNQ SEP25,1s,1,3340,2025-09-12 10:15:40,24036.75,24037,24036,24036.25,62,1,0.5,0.25,0.25,-1,,,,
MNQ SEP25,10s,10,5733,2025-09-12 10:15:40,24032.25,24038.25,24032.25,24036.25,1129,6,4,2,0,1,-16.3,29.9,67.65,19.19
MNQ SEP25,20s,20,5866,2025-09-12 10:15:40,24030,24038.25,24028.25,24036.25,1573,10,6.25,2,1.75,1,48.3,-112.95,-92.08333333,-86.63
MNQ SEP25,1s,1,3341,2025-09-12 10:15:41,24036.25,24037,24036,24036.5,61,1,0.25,0.5,0.25,1,,,,
MNQ SEP25,1s,1,3342,2025-09-12 10:15:42,24037,24038,24036.75,24037.25,62,1.25,0.25,0.75,0.25,1,,,,
MNQ SEP25,1s,1,3343,2025-09-12 10:15:43,24037.25,24037.5,24035.5,24036.5,57,2,0.75,0.25,1,-1,,,,
MNQ SEP25,1s,1,3344,2025-09-12 10:15:44,24036.5,24037.5,24036,24037,40,1.5,0.5,0.5,0.5,1,,,,
MNQ SEP25,1s,1,3345,2025-09-12 10:15:45,24037,24037.5,24036.5,24036.5,58,1,0.5,0.5,0,-1,,,,
MNQ SEP25,1s,1,3346,2025-09-12 10:15:46,24036.5,24036.5,24035,24035.5,49,1.5,1,0,0.5,-1,,,,
MNQ SEP25,1s,1,3347,2025-09-12 10:15:47,24035,24036,24034.5,24035.25,91,1.5,0.25,0.75,0.5,1,,,,
MNQ SEP25,1s,1,3348,2025-09-12 10:15:48,24035.5,24036.5,24035.5,24036.25,19,1,0.75,0.25,0,1,,,,
MNQ SEP25,1s,1,3349,2025-09-12 10:15:49,24036.5,24036.75,24036,24036.25,45,0.75,0.25,0.25,0.25,-1,,,,
MNQ SEP25,1s,1,3350,2025-09-12 10:15:50,24036.25,24036.25,24034.5,24034.5,56,1.75,1.75,0,0,-1,,,,
MNQ SEP25,10s,10,5734,2025-09-12 10:15:50,24036.25,24038,24034.5,24034.5,538,3.5,1.75,1.75,0,-1,12.2,28.5,42.41666667,54.7
MNQ SEP25,1s,1,3351,2025-09-12 10:15:51,24034.75,24034.75,24033.75,24034.25,37,1,0.5,0,0.5,-1,,,,
MNQ SEP25,1s,1,3352,2025-09-12 10:15:52,24034.5,24034.75,24032,24032.75,92,2.75,1.75,0.25,0.75,-1,,,,
MNQ SEP25,1s,1,3353,2025-09-12 10:15:53,24032.25,24032.5,24031.75,24031.75,47,0.75,0.5,0.25,0,-1,,,,
MNQ SEP25,1s,1,3354,2025-09-12 10:15:54,24032,24032.75,24031.75,24032.75,52,1,0.75,0,0.25,1,,,,
MNQ SEP25,1s,1,3355,2025-09-12 10:15:55,24033,24033.25,24032.5,24033,17,0.75,0,0.25,0.5,0,,,,
MNQ SEP25,1s,1,3356,2025-09-12 10:15:56,24032.5,24033.25,24031.75,24031.75,31,1.5,0.75,0.75,0,-1,,,,
MNQ SEP25,1s,1,3357,2025-09-12 10:15:57,24031.75,24034,24031,24033,56,3,1.25,1,0.75,1,,,,
MNQ SEP25,1s,1,3358,2025-09-12 10:15:58,24033.25,24033.75,24032.75,24033.25,30,1,0,0.5,0.5,0,,,,
MNQ SEP25,1s,1,3359,2025-09-12 10:15:59,24033.5,24034.5,24033.25,24033.25,28,1.25,0.25,1,0,-1,,,,
MNQ SEP25,1s,1,3360,2025-09-12 10:16:00,24033.5,24033.75,24032.75,24033.5,29,1,0,0.25,0.75,0,,,,
MNQ SEP25,10s,10,5735,2025-09-12 10:16:00,24034.75,24034.75,24031,24033.5,419,3.75,1.25,0,2.5,-1,1.25,-10.95,15.81666667,44.1
MNQ SEP25,20s,20,5867,2025-09-12 10:16:00,24036.25,24038,24031,24033.5,957,7,2.75,1.75,2.5,-1,-78.7,-127,-101.75,-95.6
MNQ SEP25,1s,1,3361,2025-09-12 10:16:01,24032.75,24033.25,24031.25,24033,120,2,0.25,0.25,1.5,1,,,,
MNQ SEP25,1s,1,3362,2025-09-12 10:16:02,24032.5,24033.75,24032.25,24033.25,34,1.5,0.75,0.5,0.25,1,,,,
MNQ SEP25,1s,1,3363,2025-09-12 10:16:03,24033.5,24033.75,24032.75,24032.75,39,1,0.75,0.25,0,-1,,,,
MNQ SEP25,1s,1,3364,2025-09-12 10:16:04,24033,24034,24033,24033,49,1,0,1,0,0,,,,
MNQ SEP25,1s,1,3365,2025-09-12 10:16:05,24033.5,24033.5,24032.75,24033.25,29,0.75,0.25,0,0.5,-1,,,,
MNQ SEP25,1s,1,3366,2025-09-12 10:16:06,24033.5,24034,24033.25,24033.75,42,0.75,0.25,0.25,0.25,1,,,,
MNQ SEP25,1s,1,3367,2025-09-12 10:16:07,24033.5,24034.25,24033.25,24033.75,26,1,0.25,0.5,0.25,1,,,,
MNQ SEP25,1s,1,3368,2025-09-12 10:16:08,24034.25,24035.5,24034,24035.5,65,1.5,1.25,0,0.25,1,,,,
MNQ SEP25,1s,1,3369,2025-09-12 10:16:09,24035.25,24035.75,24035,24035.5,49,0.75,0.25,0.25,0.25,1,,,,
MNQ SEP25,1s,1,3370,2025-09-12 10:16:10,24035.5,24037.25,24035.25,24035.75,128,2,0.25,1.5,0.25,1,,,,
MNQ SEP25,10s,10,5736,2025-09-12 10:16:10,24032.75,24037.25,24031.25,24035.75,581,6,3,1.5,1.5,1,-129.4,-130.65,-37.7,-2.87
MNQ SEP25,1s,1,3371,2025-09-12 10:16:11,24036.5,24037.75,24036,24036.25,65,1.75,0.25,1.25,0.25,-1,,,,
MNQ SEP25,1s,1,3372,2025-09-12 10:16:12,24035.75,24036.25,24035.75,24035.75,35,0.5,0,0.5,0,0,,,,
MNQ SEP25,1s,1,3373,2025-09-12 10:16:13,24035.75,24036,24034.75,24034.75,52,1.25,1,0.25,0,-1,,,,
MNQ SEP25,1s,1,3374,2025-09-12 10:16:14,24035,24035.25,24033.5,24033.75,85,1.75,1.25,0.25,0.25,-1,,,,
MNQ SEP25,1s,1,3375,2025-09-12 10:16:15,24033.75,24034.5,24032.5,24033.25,64,2,0.5,0.75,0.75,-1,,,,
MNQ SEP25,1s,1,3376,2025-09-12 10:16:16,24033,24033.25,24032.25,24032.75,30,1,0.25,0.25,0.5,-1,,,,
MNQ SEP25,1s,1,3377,2025-09-12 10:16:17,24033,24033.5,24032.5,24033.25,43,1,0.25,0.25,0.5,1,,,,
MNQ SEP25,1s,1,3378,2025-09-12 10:16:18,24033.5,24034.5,24033.5,24034.5,25,1,1,0,0,1,,,,
MNQ SEP25,1s,1,3379,2025-09-12 10:16:19,24034.5,24034.5,24033,24033.75,18,1.5,0.75,0,0.75,-1,,,,
MNQ SEP25,1s,1,3380,2025-09-12 10:16:20,24033.5,24034.25,24033.25,24034.25,26,1,0.75,0,0.25,1,,,,
MNQ SEP25,10s,10,5737,2025-09-12 10:16:20,24036.5,24037.75,24032.25,24034.25,443,5.5,2.25,1.25,2,-1,-121.85,7.55,-44.68333333,-15.13
MNQ SEP25,20s,20,5868,2025-09-12 10:16:20,24032.75,24037.75,24031.25,24034.25,1024,6.5,1.5,3.5,1.5,1,-69.05,9.65,-76.76666667,-78.72
MNQ SEP25,1s,1,3381,2025-09-12 10:16:21,24033.75,24034.75,24033.75,24034,25,1,0.25,0.75,0,1,,,,
MNQ SEP25,1s,1,3382,2025-09-12 10:16:22,24034,24034.5,24034,24034.25,13,0.5,0.25,0.25,0,1,,,,
MNQ SEP25,1s,1,3383,2025-09-12 10:16:23,24034.5,24034.5,24033.5,24033.5,23,1,1,0,0,-1,,,,
MNQ SEP25,1s,1,3384,2025-09-12 10:16:24,24033.5,24033.75,24032.75,24033,39,1,0.5,0.25,0.25,-1,,,,
MNQ SEP25,1s,1,3385,2025-09-12 10:16:25,24032.75,24034,24032.5,24034,16,1.5,1.25,0,0.25,1,,,,
MNQ SEP25,1s,1,3386,2025-09-12 10:16:26,24033.75,24035.25,24033.75,24034.75,61,1.5,1,0.5,0,1,,,,
MNQ SEP25,1s,1,3387,2025-09-12 10:16:27,24034.75,24035,24034.25,24034.75,40,0.75,0,0.25,0.5,0,,,,
MNQ SEP25,1s,1,3388,2025-09-12 10:16:28,24034.5,24035.75,24034,24035.75,44,1.75,1.25,0,0.5,1,,,,
MNQ SEP25,1s,1,3389,2025-09-12 10:16:29,24035.75,24037,24035.5,24036.75,37,1.5,1,0.25,0.25,1,,,,
MNQ SEP25,1s,1,3390,2025-09-12 10:16:30,24036.75,24037.5,24036.25,24036.25,67,1.25,0.5,0.75,0,-1,,,,
MNQ SEP25,10s,10,5738,2025-09-12 10:16:30,24033.75,24037.5,24032.5,24036.25,365,5,2.5,1.25,1.25,1,-246.85,-125,-82.7,-46.11
MNQ SEP25,1s,1,3391,2025-09-12 10:16:31,24036.25,24037.5,24036,24037,99,1.5,0.75,0.5,0.25,1,,,,
MNQ SEP25,1s,1,3392,2025-09-12 10:16:32,24037,24037.5,24036.75,24037,39,0.75,0,0.5,0.25,0,,,,
MNQ SEP25,1s,1,3393,2025-09-12 10:16:33,24037.75,24039.25,24037.5,24039.25,184,1.75,1.5,0,0.25,1,,,,
MNQ SEP25,1s,1,3394,2025-09-12 10:16:34,24039.25,24040,24038.25,24040,196,1.75,0.75,0,1,1,,,,
MNQ SEP25,1s,1,3395,2025-09-12 10:16:35,24040,24042.5,24039.75,24041.75,386,2.75,1.75,0.75,0.25,1,,,,
MNQ SEP25,1s,1,3396,2025-09-12 10:16:36,24041.75,24042,24040.75,24041.75,143,1.25,0,0.25,1,0,,,,
MNQ SEP25,1s,1,3397,2025-09-12 10:16:37,24041.25,24042.5,24041.25,24041.5,116,1.25,0.25,1,0,1,,,,
MNQ SEP25,1s,1,3398,2025-09-12 10:16:38,24041.5,24042,24040.75,24041.25,61,1.25,0.25,0.5,0.5,-1,,,,
MNQ SEP25,1s,1,3399,2025-09-12 10:16:39,24041.25,24042.5,24041.25,24041.75,60,1.25,0.5,0.75,0,1,,,,
MNQ SEP25,1s,1,3400,2025-09-12 10:16:40,24041.75,24042.5,24041.75,24042.5,66,0.75,0.75,0,0,1,,,,
MNQ SEP25,10s,10,5739,2025-09-12 10:16:40,24036.25,24042.5,24036,24042.5,1350,6.5,6.25,0,0.25,1,-111.5,135.35,5.96666667,-24.74
MNQ SEP25,20s,20,5869,2025-09-12 10:16:40,24033.75,24042.5,24032.5,24042.5,1715,10,8.75,0,1.25,1,-10.6,58.45,-19.63333333,-47.43
MNQ SEP25,1s,1,3401,2025-09-12 10:16:41,24042.25,24043.25,24041.75,24043,170,1.5,0.75,0.25,0.5,1,,,,
MNQ SEP25,1s,1,3402,2025-09-12 10:16:42,24043,24043.25,24041.5,24041.5,105,1.75,1.5,0.25,0,-1,,,,
MNQ SEP25,1s,1,3403,2025-09-12 10:16:43,24041.5,24041.5,24039.75,24040,94,1.75,1.5,0,0.25,-1,,,,
MNQ SEP25,1s,1,3404,2025-09-12 10:16:44,24039.75,24040,24039,24039.25,83,1,0.5,0.25,0.25,-1,,,,
MNQ SEP25,1s,1,3405,2025-09-12 10:16:45,24039.5,24040.25,24039.5,24039.75,35,0.75,0.25,0.5,0,1,,,,
MNQ SEP25,1s,1,3406,2025-09-12 10:16:46,24039.75,24040.25,24039.5,24040,56,0.75,0.25,0.25,0.25,1,,,,
MNQ SEP25,1s,1,3407,2025-09-12 10:16:47,24039.5,24039.5,24036.25,24037.25,165,3.25,2.25,0,1,-1,,,,
MNQ SEP25,1s,1,3408,2025-09-12 10:16:48,24037,24037.75,24035.75,24036,110,2,1,0.75,0.25,-1,,,,
MNQ SEP25,1s,1,3409,2025-09-12 10:16:49,24036,24036.75,24035,24036,86,1.75,0,0.75,1,0,,,,
MNQ SEP25,1s,1,3410,2025-09-12 10:16:50,24036,24037,24036,24037,50,1,1,0,0,1,,,,
MNQ SEP25,10s,10,5740,2025-09-12 10:16:50,24042.25,24043.25,24035,24037,954,8.25,5.25,1,2,-1,-8.55,102.95,37.76666667,-1.96
MNQ SEP25,1s,1,3411,2025-09-12 10:16:51,24037,24038,24036.5,24037.75,27,1.5,0.75,0.25,0.5,1,,,,
MNQ SEP25,1s,1,3412,2025-09-12 10:16:52,24037.75,24037.75,24034.75,24035,69,3,2.75,0,0.25,-1,,,,
MNQ SEP25,1s,1,3413,2025-09-12 10:16:53,24035.25,24035.75,24034.5,24035,57,1.25,0.25,0.5,0.5,-1,,,,
MNQ SEP25,1s,1,3414,2025-09-12 10:16:54,24035.25,24035.5,24034.75,24035.25,42,0.75,0,0.25,0.5,0,,,,
MNQ SEP25,1s,1,3415,2025-09-12 10:16:55,24035.25,24036.75,24035.25,24036.5,30,1.5,1.25,0.25,0,1,,,,
MNQ SEP25,1s,1,3416,2025-09-12 10:16:56,24036.5,24037,24036,24036.75,30,1,0.25,0.25,0.5,1,,,,
MNQ SEP25,1s,1,3417,2025-09-12 10:16:57,24036.75,24036.75,24035.75,24036.25,14,1,0.5,0,0.5,-1,,,,
MNQ SEP25,1s,1,3418,2025-09-12 10:16:58,24036,24036.75,24035.75,24036.5,25,1,0.5,0.25,0.25,1,,,,
MNQ SEP25,1s,1,3419,2025-09-12 10:16:59,24036.75,24037.25,24036.5,24037.25,15,0.75,0.5,0,0.25,1,,,,
MNQ SEP25,1s,1,3420,2025-09-12 10:17:00,24037.25,24037.5,24036.25,24037,28,1.25,0.25,0.25,0.75,-1,,,,
MNQ SEP25,10s,10,5741,2025-09-12 10:17:00,24037,24038,24034.5,24037,337,3.5,0,1,2.5,0,-20.7,-12.15,75.38333333,21.74
MNQ SEP25,20s,20,5870,2025-09-12 10:17:00,24042.25,24043.25,24034.5,24037,1291,8.75,5.25,1,2.5,-1,-163.2,-152.6,-28.16666667,-64.89
MNQ SEP25,1s,1,3421,2025-09-12 10:17:01,24036.25,24036.25,24035,24035.75,55,1.25,0.5,0,0.75,-1,,,,
MNQ SEP25,1s,1,3422,2025-09-12 10:17:02,24036,24036.5,24035.5,24035.75,44,1,0.25,0.5,0.25,-1,,,,
MNQ SEP25,1s,1,3423,2025-09-12 10:17:03,24036.25,24036.25,24035.5,24036.25,48,0.75,0,0,0.75,0,,,,
MNQ SEP25,1s,1,3424,2025-09-12 10:17:04,24036.75,24037.25,24036.5,24037,34,0.75,0.25,0.25,0.25,1,,,,
MNQ SEP25,1s,1,3425,2025-09-12 10:17:05,24037,24037.5,24036,24036.75,49,1.5,0.25,0.5,0.75,-1,,,,
MNQ SEP25,1s,1,3426,2025-09-12 10:17:06,24036.75,24037.25,24036.75,24037,31,0.5,0.25,0.25,0,1,,,,
MNQ SEP25,1s,1,3427,2025-09-12 10:17:07,24036.5,24037,24035.5,24035.5,31,1.5,1,0.5,0,-1,,,,
MNQ SEP25,1s,1,3428,2025-09-12 10:17:08,24035.5,24036,24035.25,24035.5,18,0.75,0,0.5,0.25,0,,,,
MNQ SEP25,1s,1,3429,2025-09-12 10:17:09,24035.5,24036.25,24035.5,24036,33,0.75,0.5,0.25,0,1,,,,
MNQ SEP25,1s,1,3430,2025-09-12 10:17:10,24036.25,24038,24036.25,24037.5,72,1.75,1.25,0.5,0,1,,,,
MNQ SEP25,10s,10,5742,2025-09-12 10:17:10,24036.25,24038,24035,24037.5,415,3,1.25,0.5,1.25,1,-22.65,-1.95,29.61666667,19.84
MNQ SEP25,1s,1,3431,2025-09-12 10:17:11,24038,24038.25,24037.25,24037.25,57,1,0.75,0.25,0,-1,,,,
MNQ SEP25,1s,1,3432,2025-09-12 10:17:12,24037.75,24038,24036.75,24037.25,60,1.25,0.5,0.25,0.5,-1,,,,
MNQ SEP25,1s,1,3433,2025-09-12 10:17:13,24037.25,24038,24036.5,24038,26,1.5,0.75,0,0.75,1,,,,
MNQ SEP25,1s,1,3434,2025-09-12 10:17:14,24037.5,24037.5,24036.5,24036.5,28,1,1,0,0,-1,,,,
MNQ SEP25,1s,1,3435,2025-09-12 10:17:15,24036.75,24036.75,24036,24036.5,10,0.75,0.25,0,0.5,-1,,,,
MNQ SEP25,1s,1,3436,2025-09-12 10:17:16,24036.5,24037.5,24035.75,24035.75,34,1.75,0.75,1,0,-1,,,,
MNQ SEP25,1s,1,3437,2025-09-12 10:17:17,24035.5,24036,24035.25,24035.75,23,0.75,0.25,0.25,0.25,1,,,,
MNQ SEP25,1s,1,3438,2025-09-12 10:17:18,24036.25,24036.75,24035.5,24035.5,42,1.25,0.75,0.5,0,-1,,,,
MNQ SEP25,1s,1,3439,2025-09-12 10:17:19,24035.75,24036.25,24035,24035,47,1.25,0.75,0.5,0,-1,,,,
MNQ SEP25,1s,1,3440,2025-09-12 10:17:20,24035,24035.5,24034.5,24034.5,46,1,0.5,0.5,0,-1,,,,
MNQ SEP25,10s,10,5743,2025-09-12 10:17:20,24038,24038.25,24034.5,24034.5,373,3.75,3.5,0.25,0,-1,28.75,51.4,12.43333333,55.12
MNQ SEP25,20s,20,5871,2025-09-12 10:17:20,24036.25,24038.25,24034.5,24034.5,788,3.75,1.75,2,0,-1,-274.55,-111.35,-68.5,-64.57
MNQ SEP25,1s,1,3441,2025-09-12 10:17:21,24034.5,24036.5,24034.25,24036.5,51,2.25,2,0,0.25,1,,,,
MNQ SEP25,1s,1,3442,2025-09-12 10:17:22,24036.25,24038,24036,24038,41,2,1.75,0,0.25,1,,,,
MNQ SEP25,1s,1,3443,2025-09-12 10:17:23,24038.25,24038.5,24038,24038.25,71,0.5,0,0.25,0.25,0,,,,
MNQ SEP25,1s,1,3444,2025-09-12 10:17:24,24038,24038.5,24037.75,24038,50,0.75,0,0.5,0.25,0,,,,
MNQ SEP25,1s,1,3445,2025-09-12 10:17:25,24038.25,24039.75,24038,24039.75,61,1.75,1.5,0,0.25,1,,,,
MNQ SEP25,1s,1,3446,2025-09-12 10:17:26,24039.75,24040.75,24039.5,24040.25,72,1.25,0.5,0.5,0.25,1,,,,
MNQ SEP25,1s,1,3447,2025-09-12 10:17:27,24040.5,24041,24040,24040.75,53,1,0.25,0.25,0.5,1,,,,
MNQ SEP25,1s,1,3448,2025-09-12 10:17:28,24040.5,24041.25,24040.5,24041.25,68,0.75,0.75,0,0,1,,,,
MNQ SEP25,1s,1,3449,2025-09-12 10:17:29,24041.25,24041.75,24040.75,24041.5,106,1,0.25,0.25,0.5,1,,,,
MNQ SEP25,1s,1,3450,2025-09-12 10:17:30,24041.5,24043,24041,24042.5,86,2,1,0.5,0.5,1,,,,
MNQ SEP25,10s,10,5744,2025-09-12 10:17:30,24034.5,24043,24034.25,24042.5,659,8.75,8,0.5,0.25,1,-86.6,-115.35,-21.96666667,4.98
MNQ SEP25,1s,1,3451,2025-09-12 10:17:31,24042.75,24043,24040.25,24040.25,93,2.75,2.5,0.25,0,-1,,,,
MNQ SEP25,1s,1,3452,2025-09-12 10:17:32,24040.5,24040.75,24039.75,24040.25,71,1,0.25,0.25,0.5,-1,,,,
MNQ SEP25,1s,1,3453,2025-09-12 10:17:33,24040.5,24042.75,24040.25,24042.75,71,2.5,2.25,0,0.25,1,,,,
MNQ SEP25,1s,1,3454,2025-09-12 10:17:34,24043,24043,24041.75,24041.75,65,1.25,1.25,0,0,-1,,,,
MNQ SEP25,1s,1,3455,2025-09-12 10:17:35,24042.25,24042.75,24042.25,24042.25,24,0.5,0,0.5,0,0,,,,
MNQ SEP25,1s,1,3456,2025-09-12 10:17:36,24042.75,24043,24042.25,24042.75,40,0.75,0,0.25,0.5,0,,,,
MNQ SEP25,1s,1,3457,2025-09-12 10:17:37,24043.25,24044.5,24042.75,24044.25,191,1.75,1,0.25,0.5,1,,,,
MNQ SEP25,1s,1,3458,2025-09-12 10:17:38,24044,24044.25,24043.25,24043.25,66,1,0.75,0.25,0,-1,,,,
MNQ SEP25,1s,1,3459,2025-09-12 10:17:39,24043.5,24044,24043,24043.75,72,1,0.25,0.25,0.5,1,,,,
MNQ SEP25,1s,1,3460,2025-09-12 10:17:40,24044,24044,24042.75,24043.5,45,1.25,0.5,0,0.75,-1,,,,
MNQ SEP25,10s,10,5745,2025-09-12 10:17:40,24042.75,24044.5,24039.75,24043.5,738,4.75,0.75,1,3,1,-143.05,-56.45,-40.13333333,-26.9
MNQ SEP25,20s,20,5872,2025-09-12 10:17:40,24034.5,24044.5,24034.25,24043.5,1397,10.25,9,1,0.25,1,-175,99.55,-54.8,-19.26
MNQ SEP25,1s,1,3461,2025-09-12 10:17:41,24043.75,24043.75,24042.5,24043.25,43,1.25,0.5,0,0.75,-1,,,,
MNQ SEP25,1s,1,3462,2025-09-12 10:17:42,24042.75,24043,24042,24043,54,1,0.25,0,0.75,1,,,,
MNQ SEP25,1s,1,3463,2025-09-12 10:17:43,24042.5,24045,24042.5,24044.5,94,2.5,2,0.5,0,1,,,,
MNQ SEP25,1s,1,3464,2025-09-12 10:17:44,24044.25,24044.5,24043.5,24044.5,45,1,0.25,0,0.75,1,,,,
MNQ SEP25,1s,1,3465,2025-09-12 10:17:45,24044.5,24046.75,24044.25,24046.75,233,2.5,2.25,0,0.25,1,,,,
MNQ SEP25,1s,1,3466,2025-09-12 10:17:46,24046.5,24047,24045.75,24046,156,1.25,0.5,0.5,0.25,-1,,,,
MNQ SEP25,1s,1,3467,2025-09-12 10:17:47,24046,24047.5,24046,24047.25,132,1.5,1.25,0.25,0,1,,,,
MNQ SEP25,1s,1,3468,2025-09-12 10:17:48,24047.5,24047.75,24046.75,24047.25,99,1,0.25,0.25,0.5,-1,,,,
MNQ SEP25,1s,1,3469,2025-09-12 10:17:49,24047.25,24048.75,24047,24048.25,190,1.75,1,0.5,0.25,1,,,,
MNQ SEP25,1s,1,3470,2025-09-12 10:17:50,24048.75,24048.75,24047.5,24048,115,1.25,0.75,0,0.5,-1,,,,
MNQ SEP25,10s,10,5746,2025-09-12 10:17:50,24043.75,24048.75,24042,24048,1161,6.75,4.25,0.75,1.75,1,-9.25,133.8,-12.66666667,2.29
MNQ SEP25,1s,1,3471,2025-09-12 10:17:51,24048.25,24049,24047.5,24049,91,1.5,0.75,0,0.75,1,,,,
MNQ SEP25,1s,1,3472,2025-09-12 10:17:52,24049,24051.25,24048.5,24050,364,2.75,1,1.25,0.5,1,,,,
MNQ SEP25,1s,1,3473,2025-09-12 10:17:53,24049.75,24050.5,24049.75,24050.25,147,0.75,0.5,0.25,0,1,,,,
MNQ SEP25,1s,1,3474,2025-09-12 10:17:54,24050.25,24051,24049.75,24050.5,158,1.25,0.25,0.5,0.5,1,,,,
MNQ SEP25,1s,1,3475,2025-09-12 10:17:55,24050.5,24052,24050.5,24051.75,190,1.5,1.25,0.25,0,1,,,,
MNQ SEP25,1s,1,3476,2025-09-12 10:17:56,24051.75,24053.5,24051.75,24053,267,1.75,1.25,0.5,0,1,,,,
MNQ SEP25,1s,1,3477,2025-09-12 10:17:57,24053,24053.25,24051.25,24051.25,140,2,1.75,0.25,0,-1,,,,
MNQ SEP25,1s,1,3478,2025-09-12 10:17:58,24051.75,24052.5,24050.5,24050.75,184,2,1,0.75,0.25,-1,,,,
MNQ SEP25,1s,1,3479,2025-09-12 10:17:59,24051.25,24051.75,24050.5,24050.75,107,1.25,0.5,0.5,0.25,-1,,,,
MNQ SEP25,1s,1,3480,2025-09-12 10:18:00,24050.75,24051.75,24050.5,24050.5,78,1.25,0.25,1,0,-1,,,,
MNQ SEP25,10s,10,5747,2025-09-12 10:18:00,24048.25,24053.5,24047.5,24050.5,1726,6,2.25,3,0.75,1,189.05,198.3,91.88333333,42.34
MNQ SEP25,20s,20,5873,2025-09-12 10:18:00,24043.75,24053.5,24042,24050.5,2887,11.5,6.75,3,1.75,1,100.3,275.3,87.83333333,33.87
MNQ SEP25,1s,1,3481,2025-09-12 10:18:01,24050.25,24050.75,24048.5,24049.75,182,2.25,0.5,0.5,1.25,-1,,,,
MNQ SEP25,1s,1,3482,2025-09-12 10:18:02,24049.75,24050.5,24049,24049.25,143,1.5,0.5,0.75,0.25,-1,,,,
MNQ SEP25,1s,1,3483,2025-09-12 10:18:03,24049.75,24050.75,24048.5,24049,98,2.25,0.75,1,0.5,-1,,,,
MNQ SEP25,1s,1,3484,2025-09-12 10:18:04,24049,24049.5,24048,24048.5,77,1.5,0.5,0.5,0.5,-1,,,,
MNQ SEP25,1s,1,3485,2025-09-12 10:18:05,24049,24049.75,24048.5,24049.25,45,1.25,0.25,0.5,0.5,1,,,,
MNQ SEP25,1s,1,3486,2025-09-12 10:18:06,24049.25,24050,24048.25,24048.75,53,1.75,0.5,0.75,0.5,-1,,,,
MNQ SEP25,1s,1,3487,2025-09-12 10:18:07,24048.25,24049,24048.25,24048.25,60,0.75,0,0.75,0,0,,,,
MNQ SEP25,1s,1,3488,2025-09-12 10:18:08,24048.5,24049,24047.75,24047.75,59,1.25,0.75,0.5,0,-1,,,,
MNQ SEP25,1s,1,3489,2025-09-12 10:18:09,24048,24048,24046.5,24046.75,86,1.5,1.25,0,0.25,-1,,,,
MNQ SEP25,1s,1,3490,2025-09-12 10:18:10,24046.75,24048.25,24046.75,24047.25,131,1.5,0.5,1,0,1,,,,
MNQ SEP25,10s,10,5748,2025-09-12 10:18:10,24050.25,24050.75,24046.5,24047.25,934,4.25,3,0.5,0.75,-1,297.05,108,146.7,53.66
MNQ SEP25,1s,1,3491,2025-09-12 10:18:11,24047.5,24047.75,24046.75,24047,51,1,0.5,0.25,0.25,-1,,,,
MNQ SEP25,1s,1,3492,2025-09-12 10:18:12,24047.5,24047.5,24045.75,24046.75,131,1.75,0.75,0,1,-1,,,,
MNQ SEP25,1s,1,3493,2025-09-12 10:18:13,24046.75,24048.5,24046.75,24048,88,1.75,1.25,0.5,0,1,,,,
MNQ SEP25,1s,1,3494,2025-09-12 10:18:14,24048.25,24048.5,24047.25,24047.25,82,1.25,1,0.25,0,-1,,,,
MNQ SEP25,1s,1,3495,2025-09-12 10:18:15,24047.5,24048,24047.25,24047.75,50,0.75,0.25,0.25,0.25,1,,,,
MNQ SEP25,1s,1,3496,2025-09-12 10:18:16,24047.25,24047.75,24047.25,24047.5,26,0.5,0.25,0.25,0,1,,,,
MNQ SEP25,1s,1,3497,2025-09-12 10:18:17,24047.5,24049.75,24047.5,24049,58,2.25,1.5,0.75,0,1,,,,
MNQ SEP25,1s,1,3498,2025-09-12 10:18:18,24049.25,24050,24049,24049,80,1,0.25,0.75,0,-1,,,,
MNQ SEP25,1s,1,3499,2025-09-12 10:18:19,24049,24049.75,24048.5,24049,66,1.25,0,0.75,0.5,0,,,,
MNQ SEP25,1s,1,3500,2025-09-12 10:18:20,24049.5,24050,24049,24049.25,25,1,0.25,0.5,0.25,-1,,,,
MNQ SEP25,10s,10,5749,2025-09-12 10:18:20,24047.5,24050,24045.75,24049.25,657,4.25,1.75,0.75,1.75,1,282.25,-14.8,97.16666667,73.77
MNQ SEP25,20s,20,5874,2025-09-12 10:18:20,24050.25,24050.75,24045.75,24049.25,1591,5,1,0.5,3.5,-1,32.35,-67.95,102.3,8.59
MNQ SEP25,1s,1,3501,2025-09-12 10:18:21,24048.75,24049.5,24047.5,24047.5,53,2,1.25,0.75,0,-1,,,,
MNQ SEP25,1s,1,3502,2025-09-12 10:18:22,24047.5,24048.25,24047.25,24048.25,36,1,0.75,0,0.25,1,,,,
MNQ SEP25,1s,1,3503,2025-09-12 10:18:23,24048,24048.25,24047.5,24047.75,49,0.75,0.25,0.25,0.25,-1,,,,
MNQ SEP25,1s,1,3504,2025-09-12 10:18:24,24047.75,24047.75,24046.75,24046.75,53,1,1,0,0,-1,,,,
MNQ SEP25,1s,1,3505,2025-09-12 10:18:25,24046.5,24048,24046.5,24047.25,41,1.5,0.75,0.75,0,1,,,,
MNQ SEP25,1s,1,3506,2025-09-12 10:18:26,24047.25,24047.5,24046.75,24047.25,19,0.75,0,0.25,0.5,0,,,,
MNQ SEP25,1s,1,3507,2025-09-12 10:18:27,24047.25,24047.75,24046.75,24046.75,38,1,0.5,0.5,0,-1,,,,
MNQ SEP25,1s,1,3508,2025-09-12 10:18:28,24047.25,24047.5,24046.5,24046.5,25,1,0.75,0.25,0,-1,,,,
MNQ SEP25,1s,1,3509,2025-09-12 10:18:29,24046.75,24046.75,24044.75,24045.5,74,2,1.25,0,0.75,-1,,,,
MNQ SEP25,1s,1,3510,2025-09-12 10:18:30,24045.25,24046.75,24044.5,24045.5,90,2.25,0.25,1.25,0.75,1,,,,
MNQ SEP25,10s,10,5750,2025-09-12 10:18:30,24048.75,24049.5,24044.5,24045.5,478,5,3.25,0.75,1,-1,243.65,-38.6,18.2,77.34
MNQ SEP25,1s,1,3511,2025-09-12 10:18:31,24045.75,24047.75,24045.75,24047.25,126,2,1.5,0.5,0,1,,,,
MNQ SEP25,1s,1,3512,2025-09-12 10:18:32,24047,24048,24046.5,24047.75,45,1.5,0.75,0.25,0.5,1,,,,
MNQ SEP25,1s,1,3513,2025-09-12 10:18:33,24048,24048.5,24047.5,24047.5,42,1,0.5,0.5,0,-1,,,,
MNQ SEP25,1s,1,3514,2025-09-12 10:18:34,24047.25,24047.5,24045.5,24045.5,36,2,1.75,0.25,0,-1,,,,
MNQ SEP25,1s,1,3515,2025-09-12 10:18:35,24045.25,24046,24045.25,24045.75,47,0.75,0.5,0.25,0,1,,,,
MNQ SEP25,1s,1,3516,2025-09-12 10:18:36,24046,24046,24044.75,24046,41,1.25,0,0,1.25,0,,,,
MNQ SEP25,1s,1,3517,2025-09-12 10:18:37,24046.5,24046.75,24046,24046.5,21,0.75,0,0.25,0.5,0,,,,
MNQ SEP25,1s,1,3518,2025-09-12 10:18:38,24046.25,24047,24045.5,24047,36,1.5,0.75,0,0.75,1,,,,
MNQ SEP25,1s,1,3519,2025-09-12 10:18:39,24046.5,24047,24046.5,24046.5,10,0.5,0,0.5,0,0,,,,
MNQ SEP25,1s,1,3520,2025-09-12 10:18:40,24046.75,24047.5,24046.75,24047.5,26,0.75,0.75,0,0,1,,,,
MNQ SEP25,10s,10,5751,2025-09-12 10:18:40,24045.75,24048.5,24044.75,24047.5,430,3.75,1.75,1,1,1,138.45,-105.2,-52.86666667,29.54
MNQ SEP25,20s,20,5875,2025-09-12 10:18:40,24048.75,24049.5,24044.5,24047.5,908,5,1.25,0.75,3,-1,-40,-72.35,45,24.64
MNQ SEP25,1s,1,3521,2025-09-12 10:18:41,24047,24047.25,24046,24046.25,48,1.25,0.75,0.25,0.25,-1,,,,
MNQ SEP25,1s,1,3522,2025-09-12 10:18:42,24047,24047,24046.25,24046.5,34,0.75,0.5,0,0.25,-1,,,,
MNQ SEP25,1s,1,3523,2025-09-12 10:18:43,24046.25,24047.25,24046.25,24047.25,26,1,1,0,0,1,,,,
MNQ SEP25,1s,1,3524,2025-09-12 10:18:44,24047,24048,24046.75,24047.25,44,1.25,0.25,0.75,0.25,1,,,,
MNQ SEP25,1s,1,3525,2025-09-12 10:18:45,24047.5,24049.25,24047.5,24048,82,1.75,0.5,1.25,0,1,,,,
MNQ SEP25,1s,1,3526,2025-09-12 10:18:46,24047.5,24048.25,24047,24048,35,1.25,0.5,0.25,0.5,1,,,,
MNQ SEP25,1s,1,3527,2025-09-12 10:18:47,24048.25,24048.25,24047.5,24048,9,0.75,0.25,0,0.5,-1,,,,
MNQ SEP25,1s,1,3528,2025-09-12 10:18:48,24048.25,24049,24048.25,24048.25,32,0.75,0,0.75,0,0,,,,
MNQ SEP25,1s,1,3529,2025-09-12 10:18:49,24048.25,24048.75,24047.5,24048.5,31,1.25,0.25,0.25,0.75,1,,,,
MNQ SEP25,1s,1,3530,2025-09-12 10:18:50,24049.25,24050,24048.75,24048.75,84,1.25,0.5,0.75,0,-1,,,,
MNQ SEP25,10s,10,5752,2025-09-12 10:18:50,24047,24050,24046,24048.75,425,4,1.75,1.25,1,1,-120.8,-259.25,-134.35,-61.97
MNQ SEP25,1s,1,3531,2025-09-12 10:18:51,24048.75,24049.25,24048.75,24049,19,0.5,0.25,0.25,0,1,,,,
MNQ SEP25,1s,1,3532,2025-09-12 10:18:52,24048.75,24048.75,24048.25,24048.75,24,0.5,0,0,0.5,0,,,,
MNQ SEP25,1s,1,3533,2025-09-12 10:18:53,24048.25,24048.75,24048.25,24048.5,12,0.5,0.25,0.25,0,1,,,,
MNQ SEP25,1s,1,3534,2025-09-12 10:18:54,24048.75,24049.5,24048.75,24048.75,22,0.75,0,0.75,0,0,,,,
MNQ SEP25,1s,1,3535,2025-09-12 10:18:55,24049.25,24049.5,24047.75,24047.75,35,1.75,1.5,0.25,0,-1,,,,
MNQ SEP25,1s,1,3536,2025-09-12 10:18:56,24048.25,24048.75,24048,24048.75,29,0.75,0.5,0,0.25,1,,,,
MNQ SEP25,1s,1,3537,2025-09-12 10:18:57,24048.5,24049,24048,24048.5,29,1,0,0.5,0.5,0,,,,
MNQ SEP25,1s,1,3538,2025-09-12 10:18:58,24048.75,24049.25,24048.25,24048.75,23,1,0,0.5,0.5,0,,,,
MNQ SEP25,1s,1,3539,2025-09-12 10:18:59,24047.75,24048.5,24047.5,24047.5,22,1,0.25,0.75,0,-1,,,,
MNQ SEP25,1s,1,3540,2025-09-12 10:19:00,24048.5,24048.5,24047.5,24048.25,18,1,0.25,0,0.75,-1,,,,
MNQ SEP25,10s,10,5753,2025-09-12 10:19:00,24048.75,24049.5,24047.5,24048.25,233,2,0.5,0.75,0.75,-1,-216.2,-95.4,-153.28333333,-102.65
MNQ SEP25,20s,20,5876,2025-09-12 10:19:00,24047,24050,24046,24048.25,658,4,1.25,1.75,1,1,23.5,63.5,-25.6,59.61
MNQ SEP25,1s,1,3541,2025-09-12 10:19:01,24048.25,24049,24047.75,24049,20,1.25,0.75,0,0.5,1,,,,
MNQ SEP25,1s,1,3542,2025-09-12 10:19:02,24049.25,24049.5,24048.5,24049,64,1,0.25,0.25,0.5,-1,,,,
MNQ SEP25,1s,1,3543,2025-09-12 10:19:03,24048.75,24048.75,24047.75,24048.25,25,1,0.5,0,0.5,-1,,,,
MNQ SEP25,1s,1,3544,2025-09-12 10:19:04,24048.25,24048.75,24047.75,24048.5,24,1,0.25,0.25,0.5,1,,,,
MNQ SEP25,1s,1,3545,2025-09-12 10:19:05,24048.75,24049,24047.5,24047.5,13,1.5,1.25,0.25,0,-1,,,,
MNQ SEP25,1s,1,3546,2025-09-12 10:19:06,24047.5,24048,24046.75,24047.25,35,1.25,0.25,0.5,0.5,-1,,,,
MNQ SEP25,1s,1,3547,2025-09-12 10:19:07,24047,24047.25,24046.25,24046.75,62,1,0.25,0.25,0.5,-1,,,,
MNQ SEP25,1s,1,3548,2025-09-12 10:19:08,24047,24047,24045.75,24046.25,48,1.25,0.75,0,0.5,-1,,,,
MNQ SEP25,1s,1,3549,2025-09-12 10:19:09,24046.75,24047,24046.25,24046.5,28,0.75,0.25,0.25,0.25,-1,,,,
MNQ SEP25,1s,1,3550,2025-09-12 10:19:10,24047,24048.25,24046.5,24047.75,64,1.75,0.75,0.5,0.5,1,,,,
MNQ SEP25,10s,10,5754,2025-09-12 10:19:10,24048.25,24049.5,24045.75,24047.75,383,3.75,0.5,1.25,2,-1,-263.25,-47.05,-133.9,-109.1
MNQ SEP25,1s,1,3551,2025-09-12 10:19:11,24048,24048,24047.5,24048,20,0.5,0,0,0.5,0,,,,
MNQ SEP25,1s,1,3552,2025-09-12 10:19:12,24048.25,24048.5,24048.25,24048.25,13,0.25,0,0.25,0,0,,,,
MNQ SEP25,1s,1,3553,2025-09-12 10:19:13,24048.5,24048.5,24047.75,24048,14,0.75,0.5,0,0.25,-1,,,,
MNQ SEP25,1s,1,3554,2025-09-12 10:19:14,24047.75,24048,24047,24047,14,1,0.75,0.25,0,-1,,,,
MNQ SEP25,1s,1,3555,2025-09-12 10:19:15,24047,24047,24046,24046,36,1,1,0,0,-1,,,,
MNQ SEP25,1s,1,3556,2025-09-12 10:19:16,24046,24047.25,24045.75,24046.75,47,1.5,0.75,0.5,0.25,1,,,,
MNQ SEP25,1s,1,3557,2025-09-12 10:19:17,24047.25,24047.5,24047,24047.5,33,0.5,0.25,0,0.25,1,,,,
MNQ SEP25,1s,1,3558,2025-09-12 10:19:18,24046.75,24046.75,24045,24045.5,70,1.75,1.25,0,0.5,-1,,,,
MNQ SEP25,1s,1,3559,2025-09-12 10:19:19,24045.5,24046.25,24045.25,24046,38,1,0.5,0.25,0.25,1,,,,
MNQ SEP25,1s,1,3560,2025-09-12 10:19:20,24046,24046.25,24045.75,24046,22,0.5,0,0.25,0.25,0,,,,
MNQ SEP25,10s,10,5755,2025-09-12 10:19:20,24048,24048.5,24045,24046,307,3.5,2,0.5,1,-1,-291.85,-28.6,-57.01666667,-107.1
MNQ SEP25,20s,20,5877,2025-09-12 10:19:20,24048.25,24049.5,24045,24046,690,4.5,2.25,1.25,1,-1,-55.4,-78.9,-29.25,23.92
MNQ SEP25,1s,1,3561,2025-09-12 10:19:21,24046.25,24047.5,24046,24047.5,45,1.5,1.25,0,0.25,1,,,,
MNQ SEP25,1s,1,3562,2025-09-12 10:19:22,24047.5,24048,24046.75,24047.25,33,1.25,0.25,0.5,0.5,-1,,,,
MNQ SEP25,1s,1,3563,2025-09-12 10:19:23,24047,24048.25,24047,24048,19,1.25,1,0.25,0,1,,,,
MNQ SEP25,1s,1,3564,2025-09-12 10:19:24,24048.25,24048.75,24048,24048.5,30,0.75,0.25,0.25,0.25,1,,,,
MNQ SEP25,1s,1,3565,2025-09-12 10:19:25,24048,24048.5,24047.5,24048.25,14,1,0.25,0.25,0.5,1,,,,
MNQ SEP25,1s,1,3566,2025-09-12 10:19:26,24047.75,24048,24047.5,24048,23,0.5,0.25,0,0.25,1,,,,
MNQ SEP25,1s,1,3567,2025-09-12 10:19:27,24048,24048.5,24047.5,24047.75,13,1,0.25,0.5,0.25,-1,,,,
MNQ SEP25,1s,1,3568,2025-09-12 10:19:28,24047.5,24047.5,24047,24047.5,11,0.5,0,0,0.5,0,,,,
MNQ SEP25,1s,1,3569,2025-09-12 10:19:29,24047,24047.5,24047,24047,14,0.5,0,0.5,0,0,,,,
MNQ SEP25,1s,1,3570,2025-09-12 10:19:30,24047.25,24048.75,24047.25,24048.75,53,1.5,1.5,0,0,1,,,,
MNQ SEP25,10s,10,5756,2025-09-12 10:19:30,24046.25,24048.75,24046,24048.75,255,2.75,2.5,0,0.25,1,-310.55,-18.7,-31.45,-89.8
MNQ SEP25,1s,1,3571,2025-09-12 10:19:31,24049,24049,24048.25,24048.25,34,0.75,0.75,0,0,-1,,,,
MNQ SEP25,1s,1,3572,2025-09-12 10:19:32,24049,24049.25,24048.5,24048.5,35,0.75,0.5,0.25,0,-1,,,,
MNQ SEP25,1s,1,3573,2025-09-12 10:19:33,24048.25,24051.5,24048.25,24051.5,150,3.25,3.25,0,0,1,,,,
MNQ SEP25,1s,1,3574,2025-09-12 10:19:34,24051.75,24052,24051.25,24052,122,0.75,0.25,0,0.5,1,,,,
MNQ SEP25,1s,1,3575,2025-09-12 10:19:35,24051.75,24052,24050.5,24051.25,72,1.5,0.5,0.25,0.75,-1,,,,
MNQ SEP25,1s,1,3576,2025-09-12 10:19:36,24051.5,24052.75,24051.25,24051.25,106,1.5,0.25,1.25,0,-1,,,,
MNQ SEP25,1s,1,3577,2025-09-12 10:19:37,24051,24052,24051,24052,34,1,1,0,0,1,,,,
MNQ SEP25,1s,1,3578,2025-09-12 10:19:38,24051.5,24051.5,24050.75,24050.75,21,0.75,0.75,0,0,-1,,,,
MNQ SEP25,1s,1,3579,2025-09-12 10:19:39,24051.25,24052,24051,24052,28,1,0.75,0,0.25,1,,,,
MNQ SEP25,1s,1,3580,2025-09-12 10:19:40,24051.75,24052,24051,24051.25,30,1,0.5,0.25,0.25,-1,,,,
MNQ SEP25,10s,10,5757,2025-09-12 10:19:40,24049,24052.75,24048.25,24051.25,632,4.5,2.25,1.5,0.75,1,-278.6,31.95,-5.11666667,-31.56
MNQ SEP25,20s,20,5878,2025-09-12 10:19:40,24046.25,24052.75,24046,24051.25,887,6.75,5,1.5,0.25,1,-437.65,-382.25,-132.55,-107.59
MNQ SEP25,1s,1,3581,2025-09-12 10:19:41,24051,24051,24050.75,24051,23,0.25,0,0,0.25,0,,,,
MNQ SEP25,1s,1,3582,2025-09-12 10:19:42,24050.75,24051,24050,24050,32,1,0.75,0.25,0,-1,,,,
MNQ SEP25,1s,1,3583,2025-09-12 10:19:43,24050,24051,24050,24050,23,1,0,1,0,0,,,,
MNQ SEP25,1s,1,3584,2025-09-12 10:19:44,24050.25,24051,24050.25,24051,31,0.75,0.75,0,0,1,,,,
MNQ SEP25,1s,1,3585,2025-09-12 10:19:45,24050.5,24051,24050.25,24051,16,0.75,0.5,0,0.25,1,,,,
MNQ SEP25,1s,1,3586,2025-09-12 10:19:46,24050.75,24051,24050.75,24050.75,4,0.25,0,0.25,0,0,,,,
MNQ SEP25,1s,1,3587,2025-09-12 10:19:47,24051,24052.5,24050.75,24051.5,33,1.75,0.5,1,0.25,1,,,,
MNQ SEP25,1s,1,3588,2025-09-12 10:19:48,24051.75,24052,24051.25,24051.5,31,0.75,0.25,0.25,0.25,-1,,,,
MNQ SEP25,1s,1,3589,2025-09-12 10:19:49,24051.5,24052,24051,24051.25,56,1,0.25,0.5,0.25,-1,,,,
MNQ SEP25,1s,1,3590,2025-09-12 10:19:50,24051.5,24052.5,24051.25,24051.75,45,1.25,0.25,0.75,0.25,1,,,,
MNQ SEP25,10s,10,5758,2025-09-12 10:19:50,24051,24052.5,24050,24051.75,294,2.5,0.75,0.75,1,1,-262.85,15.75,9.66666667,-9.33
MNQ SEP25,1s,1,3591,2025-09-12 10:19:51,24051.75,24055,24051.5,24053.25,399,3.5,1.5,1.75,0.25,1,,,,
MNQ SEP25,1s,1,3592,2025-09-12 10:19:52,24053.25,24054.5,24053,24054.25,122,1.5,1,0.25,0.25,1,,,,
MNQ SEP25,1s,1,3593,2025-09-12 10:19:53,24054,24054.25,24053.5,24053.75,57,0.75,0.25,0.25,0.25,-1,,,,
MNQ SEP25,1s,1,3594,2025-09-12 10:19:54,24053.5,24054.5,24053.5,24054.5,71,1,1,0,0,1,,,,
MNQ SEP25,1s,1,3595,2025-09-12 10:19:55,24054.5,24056.25,24054.25,24055.75,170,2,1.25,0.5,0.25,1,,,,
MNQ SEP25,1s,1,3596,2025-09-12 10:19:56,24055.5,24055.75,24054.25,24054.75,132,1.5,0.75,0.25,0.5,-1,,,,
MNQ SEP25,1s,1,3597,2025-09-12 10:19:57,24054.5,24055,24053.75,24054,84,1.25,0.5,0.5,0.25,-1,,,,
MNQ SEP25,1s,1,3598,2025-09-12 10:19:58,24053.75,24055,24053.75,24054,96,1.25,0.25,1,0,1,,,,
MNQ SEP25,1s,1,3599,2025-09-12 10:19:59,24054.25,24054.75,24053.5,24054.25,58,1.25,0,0.5,0.75,0,,,,
MNQ SEP25,1s,1,3600,2025-09-12 10:20:00,24054.25,24054.75,24053.75,24054,45,1,0.25,0.5,0.25,-1,,,,
MNQ SEP25,10s,10,5759,2025-09-12 10:20:00,24051.75,24056.25,24051.5,24054,1234,4.75,2.25,2.25,0.25,1,-86.85,176,74.56666667,35.28
MNQ SEP25,20s,20,5879,2025-09-12 10:20:00,24051,24056.25,24050,24054,1528,6.25,3,2.25,1,1,-440.15,-2.5,-154.55,-94.5
MNQ SEP25,1s,1,3601,2025-09-12 10:20:01,24053.75,24054.5,24053,24054.5,86,1.5,0.75,0,0.75,1,,,,
MNQ SEP25,1s,1,3602,2025-09-12 10:20:02,24054.25,24055.75,24054,24055.75,63,1.75,1.5,0,0.25,1,,,,
MNQ SEP25,1s,1,3603,2025-09-12 10:20:03,24055.25,24056.5,24055.25,24056,92,1.25,0.75,0.5,0,1,,,,
MNQ SEP25,1s,1,3604,2025-09-12 10:20:04,24056,24057,24054.75,24054.75,169,2.25,1.25,1,0,-1,,,,
MNQ SEP25,1s,1,3605,2025-09-12 10:20:05,24055.25,24055.75,24054.5,24055.25,96,1.25,0,0.5,0.75,0,,,,
MNQ SEP25,1s,1,3606,2025-09-12 10:20:06,24055.5,24056.25,24055.25,24055.5,69,1,0,0.75,0.25,0,,,,
MNQ SEP25,1s,1,3607,2025-09-12 10:20:07,24055.25,24055.75,24054.25,24054.5,106,1.5,0.75,0.5,0.25,-1,,,,
MNQ SEP25,1s,1,3608,2025-09-12 10:20:08,24054.25,24054.25,24052.75,24053.5,83,1.5,0.75,0,0.75,-1,,,,
MNQ SEP25,1s,1,3609,2025-09-12 10:20:09,24054,24054.75,24053.25,24053.25,49,1.5,0.75,0.75,0,-1,,,,
MNQ SEP25,1s,1,3610,2025-09-12 10:20:10,24053.75,24054.25,24053.25,24054.25,40,1,0.5,0,0.5,1,,,,
MNQ SEP25,10s,10,5760,2025-09-12 10:20:10,24053.75,24057,24052.75,24054.25,853,4.25,0.5,2.75,1,1,27.4,114.25,102,63.85
MNQ SEP25,1s,1,3611,2025-09-12 10:20:11,24054.25,24054.75,24053.25,24053.5,77,1.5,0.75,0.5,0.25,-1,,,,
MNQ SEP25,1s,1,3612,2025-09-12 10:20:12,24053.75,24053.75,24052.5,24052.5,40,1.25,1.25,0,0,-1,,,,
MNQ SEP25,1s,1,3613,2025-09-12 10:20:13,24052.75,24053,24052,24052,58,1,0.75,0.25,0,-1,,,,
MNQ SEP25,1s,1,3614,2025-09-12 10:20:14,24052,24053.75,24052,24053.25,53,1.75,1.25,0.5,0,1,,,,
MNQ SEP25,1s,1,3615,2025-09-12 10:20:15,24053.75,24054,24053,24053.5,43,1,0.25,0.25,0.5,-1,,,,
MNQ SEP25,1s,1,3616,2025-09-12 10:20:16,24053.75,24053.75,24053,24053,21,0.75,0.75,0,0,-1,,,,
MNQ SEP25,1s,1,3617,2025-09-12 10:20:17,24053.5,24053.5,24052,24052.25,26,1.5,1.25,0,0.25,-1,,,,
MNQ SEP25,1s,1,3618,2025-09-12 10:20:18,24052,24052.25,24050.5,24051,66,1.75,1,0.25,0.5,-1,,,,
MNQ SEP25,1s,1,3619,2025-09-12 10:20:19,24051.25,24052.5,24051.25,24052.5,56,1.25,1.25,0,0,1,,,,
MNQ SEP25,1s,1,3620,2025-09-12 10:20:20,24052.75,24053.25,24052,24052,34,1.25,0.75,0.5,0,-1,,,,
MNQ SEP25,10s,10,5761,2025-09-12 10:20:20,24054.25,24054.75,24050.5,24052,474,4.25,2.25,0.5,1.5,-1,64.35,36.95,109.06666667,74.98
MNQ SEP25,20s,20,5880,2025-09-12 10:20:20,24053.75,24057,24050.5,24052,1327,6.5,1.75,3.25,1.5,-1,-325.55,114.6,-90.05,-57.11
MNQ SEP25,1s,1,3621,2025-09-12 10:20:21,24052.5,24053.5,24052.25,24053,30,1.25,0.5,0.5,0.25,1,,,,
MNQ SEP25,1s,1,3622,2025-09-12 10:20:22,24053.75,24054.5,24053.5,24053.5,37,1,0.25,0.75,0,-1,,,,
MNQ SEP25,1s,1,3623,2025-09-12 10:20:23,24054,24055.75,24053.25,24055.25,94,2.5,1.25,0.5,0.75,1,,,,
MNQ SEP25,1s,1,3624,2025-09-12 10:20:24,24055.5,24055.5,24055,24055.25,35,0.5,0.25,0,0.25,-1,,,,
MNQ SEP25,1s,1,3625,2025-09-12 10:20:25,24055.25,24055.5,24054.75,24055,35,0.75,0.25,0.25,0.25,-1,,,,
MNQ SEP25,1s,1,3626,2025-09-12 10:20:26,24055,24055.5,24054.5,24055.5,52,1,0.5,0,0.5,1,,,,
MNQ SEP25,1s,1,3627,2025-09-12 10:20:27,24055.75,24055.75,24054.5,24055,45,1.25,0.75,0,0.5,-1,,,,
MNQ SEP25,1s,1,3628,2025-09-12 10:20:28,24055.25,24055.25,24053,24054.25,83,2.25,1,0,1.25,-1,,,,
MNQ SEP25,1s,1,3629,2025-09-12 10:20:29,24055,24055,24054.25,24054.25,19,0.75,0.75,0,0,-1,,,,
MNQ SEP25,1s,1,3630,2025-09-12 10:20:30,24054.5,24055,24054,24055,27,1,0.5,0,0.5,1,,,,
MNQ SEP25,10s,10,5762,2025-09-12 10:20:30,24052.5,24055.75,24052.25,24055,457,3.5,2.5,0.75,0.25,1,27.25,-37.1,38.03333333,61.17
MNQ SEP25,1s,1,3631,2025-09-12 10:20:31,24055.25,24056.25,24054.25,24055.25,119,2,0,1,1,0,,,,
MNQ SEP25,1s,1,3632,2025-09-12 10:20:32,24055,24055.75,24054.75,24055.25,45,1,0.25,0.5,0.25,1,,,,
MNQ SEP25,1s,1,3633,2025-09-12 10:20:33,24055.75,24056,24055.25,24055.25,27,0.75,0.5,0.25,0,-1,,,,
MNQ SEP25,1s,1,3634,2025-09-12 10:20:34,24055.25,24056.5,24054.75,24056,57,1.75,0.75,0.5,0.5,1,,,,
MNQ SEP25,1s,1,3635,2025-09-12 10:20:35,24056.25,24056.75,24055.75,24056.75,45,1,0.5,0,0.5,1,,,,
MNQ SEP25,1s,1,3636,2025-09-12 10:20:36,24057,24057.75,24056.25,24057.25,116,1.5,0.25,0.5,0.75,1,,,,
MNQ SEP25,1s,1,3637,2025-09-12 10:20:37,24057.5,24058.25,24057.25,24057.75,163,1,0.25,0.5,0.25,1,,,,
MNQ SEP25,1s,1,3638,2025-09-12 10:20:38,24057.5,24057.75,24056.75,24056.75,66,1,0.75,0.25,0,-1,,,,
MNQ SEP25,1s,1,3639,2025-09-12 10:20:39,24057.25,24058.25,24056.75,24057.25,78,1.5,0,1,0.5,0,,,,
MNQ SEP25,1s,1,3640,2025-09-12 10:20:40,24057,24057,24056,24056,79,1,1,0,0,-1,,,,
MNQ SEP25,10s,10,5763,2025-09-12 10:20:40,24055.25,24058.25,24054.25,24056,795,4,0.75,2.25,1,1,106.35,79.1,26.31666667,73.84
MNQ SEP25,20s,20,5881,2025-09-12 10:20:40,24052.5,24058.25,24052.25,24056,1252,6,3.5,2.25,0.25,1,-176.5,149.05,87.05,-40
MNQ SEP25,1s,1,3641,2025-09-12 10:20:41,24056.25,24056.75,24055.25,24055.25,39,1.5,1,0.5,0,-1,,,,
MNQ SEP25,1s,1,3642,2025-09-12 10:20:42,24055.25,24055.75,24055,24055.5,27,0.75,0.25,0.25,0.25,1,,,,
MNQ SEP25,1s,1,3643,2025-09-12 10:20:43,24055.75,24055.75,24054.75,24054.75,24,1,1,0,0,-1,,,,
MNQ SEP25,1s,1,3644,2025-09-12 10:20:44,24055,24055.25,24054.75,24054.75,30,0.5,0.25,0.25,0,-1,,,,
MNQ SEP25,1s,1,3645,2025-09-12 10:20:45,24054.75,24055.5,24054.75,24055,21,0.75,0.25,0.5,0,1,,,,
MNQ SEP25,1s,1,3646,2025-09-12 10:20:46,24054.75,24055.25,24054.75,24055,12,0.5,0.25,0.25,0,1,,,,
MNQ SEP25,1s,1,3647,2025-09-12 10:20:47,24054.75,24054.75,24054.25,24054.5,23,0.5,0.25,0,0.25,-1,,,,
MNQ SEP25,1s,1,3648,2025-09-12 10:20:48,24054.25,24054.5,24053.5,24053.75,51,1,0.5,0.25,0.25,-1,,,,
MNQ SEP25,1s,1,3649,2025-09-12 10:20:49,24053.75,24054,24052.75,24053.25,48,1.25,0.5,0.25,0.5,-1,,,,
MNQ SEP25,1s,1,3650,2025-09-12 10:20:50,24053,24053.25,24052.75,24053,51,0.5,0,0.25,0.25,0,,,,
MNQ SEP25,10s,10,5764,2025-09-12 10:20:50,24056.25,24056.75,24052.75,24053,326,4,3.25,0.5,0.25,-1,-58.6,-164.95,-40.98333333,5.65
MNQ SEP25,1s,1,3651,2025-09-12 10:20:51,24053.25,24054,24053,24053.5,47,1,0.25,0.5,0.25,1,,,,
MNQ SEP25,1s,1,3652,2025-09-12 10:20:52,24053.75,24054.5,24053.5,24054.5,46,1,0.75,0,0.25,1,,,,
MNQ SEP25,1s,1,3653,2025-09-12 10:20:53,24054.75,24055.5,24054.75,24055,36,0.75,0.25,0.5,0,1,,,,
MNQ SEP25,1s,1,3654,2025-09-12 10:20:54,24055,24055,24054.5,24054.75,13,0.5,0.25,0,0.25,-1,,,,
MNQ SEP25,1s,1,3655,2025-09-12 10:20:55,24055.25,24055.5,24054.5,24054.5,31,1,0.75,0.25,0,-1,,,,
MNQ SEP25,1s,1,3656,2025-09-12 10:20:56,24054.75,24055,24054,24054.25,16,1,0.5,0.25,0.25,-1,,,,
MNQ SEP25,1s,1,3657,2025-09-12 10:20:57,24054.5,24054.75,24054,24054.25,25,0.75,0.25,0.25,0.25,-1,,,,
MNQ SEP25,1s,1,3658,2025-09-12 10:20:58,24054.5,24054.5,24051.5,24051.75,118,3,2.75,0,0.25,-1,,,,
MNQ SEP25,1s,1,3659,2025-09-12 10:20:59,24051.75,24054,24051.75,24053.5,57,2.25,1.75,0.5,0,1,,,,
MNQ SEP25,1s,1,3660,2025-09-12 10:21:00,24053.25,24054.25,24053,24054,39,1.25,0.75,0.25,0.25,1,,,,
MNQ SEP25,10s,10,5765,2025-09-12 10:21:00,24053.25,24055.5,24051.5,24054,428,4,0.75,1.5,1.75,1,-128.1,-69.5,-51.78333333,-31.1
MNQ SEP25,20s,20,5882,2025-09-12 10:21:00,24056.25,24056.75,24051.5,24054,754,5.25,2.25,0.5,2.5,-1,-121.95,54.55,106.06666667,-13.31
MNQ SEP25,1s,1,3661,2025-09-12 10:21:01,24054,24056,24054,24055.75,38,2,1.75,0.25,0,1,,,,
MNQ SEP25,1s,1,3662,2025-09-12 10:21:02,24056,24056.25,24055.5,24056.25,24,0.75,0.25,0,0.5,1,,,,
MNQ SEP25,1s,1,3663,2025-09-12 10:21:03,24055.75,24056.25,24055.75,24056,22,0.5,0.25,0.25,0,1,,,,
MNQ SEP25,1s,1,3664,2025-09-12 10:21:04,24056,24057,24055.5,24057,42,1.5,1,0,0.5,1,,,,
MNQ SEP25,1s,1,3665,2025-09-12 10:21:05,24056.75,24058.5,24056.75,24058.5,135,1.75,1.75,0,0,1,,,,
MNQ SEP25,1s,1,3666,2025-09-12 10:21:06,24058.75,24059,24058,24058.75,110,1,0,0.25,0.75,0,,,,
MNQ SEP25,1s,1,3667,2025-09-12 10:21:07,24058.25,24058.5,24057.5,24057.5,62,1,0.75,0.25,0,-1,,,,
MNQ SEP25,1s,1,3668,2025-09-12 10:21:08,24057.25,24058.25,24057,24057.25,43,1.25,0,1,0.25,0,,,,
MNQ SEP25,1s,1,3669,2025-09-12 10:21:09,24057,24058.75,24057,24058.5,30,1.75,1.5,0.25,0,1,,,,
MNQ SEP25,1s,1,3670,2025-09-12 10:21:10,24058.75,24060.5,24058.75,24060.5,292,1.75,1.75,0,0,1,,,,
MNQ SEP25,10s,10,5766,2025-09-12 10:21:10,24054,24060.5,24054,24060.5,798,6.5,6.5,0,0,1,-45.15,82.95,-50.5,-21.9
MNQ SEP25,1s,1,3671,2025-09-12 10:21:11,24060,24060.5,24059.5,24060.5,77,1,0.5,0,0.5,1,,,,
MNQ SEP25,1s,1,3672,2025-09-12 10:21:12,24060.5,24067.75,24060,24062.5,2159,7.75,2,5.25,0.5,1,,,,
MNQ SEP25,1s,1,3673,2025-09-12 10:21:13,24062.25,24063.25,24061.5,24062.25,214,1.75,0,1,0.75,0,,,,
MNQ SEP25,1s,1,3674,2025-09-12 10:21:14,24062,24062.25,24060.75,24061.25,114,1.5,0.75,0.25,0.5,-1,,,,
MNQ SEP25,1s,1,3675,2025-09-12 10:21:15,24061,24062,24061,24061.25,105,1,0.25,0.75,0,1,,,,
MNQ SEP25,1s,1,3676,2025-09-12 10:21:16,24061.5,24062,24060.5,24062,62,1.5,0.5,0,1,1,,,,
MNQ SEP25,1s,1,3677,2025-09-12 10:21:17,24062,24062.25,24061,24062.25,76,1.25,0.25,0,1,1,,,,
MNQ SEP25,1s,1,3678,2025-09-12 10:21:18,24062.25,24066.25,24061.75,24065,307,4.5,2.75,1.25,0.5,1,,,,
MNQ SEP25,1s,1,3679,2025-09-12 10:21:19,24065.25,24067.25,24064.5,24067,240,2.75,1.75,0.25,0.75,1,,,,
MNQ SEP25,1s,1,3680,2025-09-12 10:21:20,24067,24067.75,24066.5,24067,203,1.25,0,0.75,0.5,0,,,,
MNQ SEP25,10s,10,5767,2025-09-12 10:21:20,24060,24067.75,24059.5,24067,3557,8.25,7,0.75,0.5,1,483.3,528.45,180.63333333,91.21
MNQ SEP25,20s,20,5883,2025-09-12 10:21:20,24054,24067.75,24054,24067,4355,13.75,13,0.75,0,1,403.35,525.3,242.96666667,168.2
MNQ SEP25,1s,1,3681,2025-09-12 10:21:21,24067.25,24070.5,24066.5,24069.5,1037,4,2.25,1,0.75,1,,,,
MNQ SEP25,1s,1,3682,2025-09-12 10:21:22,24069.75,24070.5,24069.25,24069.75,241,1.25,0,0.75,0.5,0,,,,
MNQ SEP25,1s,1,3683,2025-09-12 10:21:23,24069.5,24069.75,24068.25,24069,199,1.5,0.5,0.25,0.75,-1,,,,
MNQ SEP25,1s,1,3684,2025-09-12 10:21:24,24068.5,24069,24067.5,24067.5,171,1.5,1,0.5,0,-1,,,,
MNQ SEP25,1s,1,3685,2025-09-12 10:21:25,24067.5,24068.5,24067,24068,166,1.5,0.5,0.5,0.5,1,,,,
MNQ SEP25,1s,1,3686,2025-09-12 10:21:26,24067.75,24067.75,24066,24066,107,1.75,1.75,0,0,-1,,,,
MNQ SEP25,1s,1,3687,2025-09-12 10:21:27,24066,24067,24066,24066.5,108,1,0.5,0.5,0,1,,,,
MNQ SEP25,1s,1,3688,2025-09-12 10:21:28,24066.25,24068.25,24064.75,24065,239,3.5,1.25,2,0.25,-1,,,,
MNQ SEP25,1s,1,3689,2025-09-12 10:21:29,24064.75,24066.5,24064.75,24066,114,1.75,1.25,0.5,0,1,,,,
MNQ SEP25,1s,1,3690,2025-09-12 10:21:30,24066.25,24067.25,24066,24066.75,79,1.25,0.5,0.5,0.25,1,,,,
MNQ SEP25,10s,10,5768,2025-09-12 10:21:30,24067.25,24070.5,24064.75,24066.75,2461,5.75,0.5,3.25,2,-1,740.15,256.85,289.41666667,126.76
MNQ SEP25,1s,1,3691,2025-09-12 10:21:31,24066.75,24067.75,24066.25,24066.25,84,1.5,0.5,1,0,-1,,,,
MNQ SEP25,1s,1,3692,2025-09-12 10:21:32,24066,24067,24066,24067,41,1,1,0,0,1,,,,
MNQ SEP25,1s,1,3693,2025-09-12 10:21:33,24067,24067.5,24066.5,24067,95,1,0,0.5,0.5,0,,,,
MNQ SEP25,1s,1,3694,2025-09-12 10:21:34,24067,24068.25,24067,24067.75,85,1.25,0.75,0.5,0,1,,,,
MNQ SEP25,1s,1,3695,2025-09-12 10:21:35,24067.25,24067.75,24066.75,24067.25,90,1,0,0.5,0.5,0,,,,
MNQ SEP25,1s,1,3696,2025-09-12 10:21:36,24067,24067.5,24066.25,24067.25,70,1.25,0.25,0.25,0.75,1,,,,
MNQ SEP25,1s,1,3697,2025-09-12 10:21:37,24067.25,24069.5,24067.25,24069.5,92,2.25,2.25,0,0,1,,,,
MNQ SEP25,1s,1,3698,2025-09-12 10:21:38,24069,24070.5,24068.5,24069.75,102,2,0.75,0.75,0.5,1,,,,
MNQ SEP25,1s,1,3699,2025-09-12 10:21:39,24069.5,24070.25,24068.5,24069.25,93,1.75,0.25,0.75,0.75,-1,,,,
MNQ SEP25,1s,1,3700,2025-09-12 10:21:40,24069.25,24069.25,24067.75,24068,69,1.5,1.25,0,0.25,-1,,,,
MNQ SEP25,10s,10,5769,2025-09-12 10:21:40,24066.75,24070.5,24066,24068,821,4.5,1.25,2.5,0.75,1,830.95,90.8,292.03333333,177.91
MNQ SEP25,20s,20,5884,2025-09-12 10:21:40,24067.25,24070.5,24064.75,24068,3282,5.75,0.75,2.5,2.5,1,651,247.65,275.83333333,218.23
MNQ SEP25,1s,1,3701,2025-09-12 10:21:41,24068.25,24068.5,24067.75,24068.25,74,0.75,0,0.25,0.5,0,,,,
MNQ SEP25,1s,1,3702,2025-09-12 10:21:42,24068.25,24068.5,24067,24068.25,223,1.5,0,0.25,1.25,0,,,,
MNQ SEP25,1s,1,3703,2025-09-12 10:21:43,24068.25,24068.75,24068,24068.75,44,0.75,0.5,0,0.25,1,,,,
MNQ SEP25,1s,1,3704,2025-09-12 10:21:44,24068.25,24068.75,24067.5,24068.5,60,1.25,0.25,0.25,0.75,1,,,,
MNQ SEP25,1s,1,3705,2025-09-12 10:21:45,24067.75,24069.75,24067.75,24069.5,71,2,1.75,0.25,0,1,,,,
MNQ SEP25,1s,1,3706,2025-09-12 10:21:46,24069.25,24070.5,24069.25,24070.5,78,1.25,1.25,0,0,1,,,,
MNQ SEP25,1s,1,3707,2025-09-12 10:21:47,24070.5,24072,24070,24071,433,2,0.5,1,0.5,1,,,,
MNQ SEP25,1s,1,3708,2025-09-12 10:21:48,24070.75,24071,24069.25,24069.25,123,1.75,1.5,0.25,0,-1,,,,
MNQ SEP25,1s,1,3709,2025-09-12 10:21:49,24069.75,24070.25,24069,24070.25,76,1.25,0.5,0,0.75,1,,,,
MNQ SEP25,1s,1,3710,2025-09-12 10:21:50,24070,24070.25,24069.5,24070,42,0.75,0,0.25,0.5,0,,,,
MNQ SEP25,10s,10,5770,2025-09-12 10:21:50,24068.25,24072,24067,24070,1224,5,1.75,2,1.25,1,952.85,121.9,156.51666667,216.19
MNQ SEP25,1s,1,3711,2025-09-12 10:21:51,24069.75,24070.75,24069.5,24070.25,59,1.25,0.5,0.5,0.25,1,,,,
MNQ SEP25,1s,1,3712,2025-09-12 10:21:52,24070,24070.75,24070,24070.75,49,0.75,0.75,0,0,1,,,,
MNQ SEP25,1s,1,3713,2025-09-12 10:21:53,24070,24070.75,24069.75,24070.5,57,1,0.5,0.25,0.25,1,,,,
MNQ SEP25,1s,1,3714,2025-09-12 10:21:54,24070.25,24070.75,24069.75,24069.75,40,1,0.5,0.5,0,-1,,,,
MNQ SEP25,1s,1,3715,2025-09-12 10:21:55,24070,24070.25,24069.5,24070.25,61,0.75,0.25,0,0.5,1,,,,
MNQ SEP25,1s,1,3716,2025-09-12 10:21:56,24069.75,24070,24069,24069,53,1,0.75,0.25,0,-1,,,,
MNQ SEP25,1s,1,3717,2025-09-12 10:21:57,24069,24069.25,24067.5,24067.75,142,1.75,1.25,0.25,0.25,-1,,,,
MNQ SEP25,1s,1,3718,2025-09-12 10:21:58,24067.5,24068.5,24067.5,24067.5,73,1,0,1,0,0,,,,
MNQ SEP25,1s,1,3719,2025-09-12 10:21:59,24067.75,24068.5,24067.75,24068.25,49,0.75,0.5,0.25,0,1,,,,
MNQ SEP25,1s,1,3720,2025-09-12 10:22:00,24068.25,24069.25,24067.75,24069,81,1.5,0.75,0.25,0.5,1,,,,
MNQ SEP25,10s,10,5771,2025-09-12 10:22:00,24069.75,24070.75,24067.5,24069,664,3.25,0.75,1,1.5,-1,914.35,-38.5,58.06666667,191.9
MNQ SEP25,20s,20,5885,2025-09-12 10:22:00,24068.25,24072,24067,24069,1888,5,0.75,3,1.25,1,768.6,117.6,296.85,218.83
MNQ SEP25,1s,1,3721,2025-09-12 10:22:01,24069.25,24069.25,24068.5,24068.75,93,0.75,0.5,0,0.25,-1,,,,
MNQ SEP25,1s,1,3722,2025-09-12 10:22:02,24068.75,24069,24066.5,24067.5,182,2.5,1.25,0.25,1,-1,,,,
MNQ SEP25,1s,1,3723,2025-09-12 10:22:03,24067.25,24067.5,24066.25,24066.75,90,1.25,0.5,0.25,0.5,-1,,,,
MNQ SEP25,1s,1,3724,2025-09-12 10:22:04,24066.75,24067.25,24066.25,24066.25,68,1,0.5,0.5,0,-1,,,,
MNQ SEP25,1s,1,3725,2025-09-12 10:22:05,24066.25,24067,24065.25,24066,127,1.75,0.25,0.75,0.75,-1,,,,
MNQ SEP25,1s,1,3726,2025-09-12 10:22:06,24066.25,24067.25,24066,24067.25,71,1.25,1,0,0.25,1,,,,
MNQ SEP25,1s,1,3727,2025-09-12 10:22:07,24067.5,24067.75,24066.75,24067.5,46,1,0,0.25,0.75,0,,,,
MNQ SEP25,1s,1,3728,2025-09-12 10:22:08,24067.5,24067.5,24066.5,24066.75,38,1,0.75,0,0.25,-1,,,,
MNQ SEP25,1s,1,3729,2025-09-12 10:22:09,24066.5,24067.25,24066.5,24066.5,58,0.75,0,0.75,0,0,,,,
MNQ SEP25,1s,1,3730,2025-09-12 10:22:10,24066.25,24067,24066,24067,41,1,0.75,0,0.25,1,,,,
MNQ SEP25,10s,10,5772,2025-09-12 10:22:10,24069.25,24069.25,24065.25,24067,814,4,2.25,0,1.75,-1,346.3,-568.05,-161.55,-27.4
MNQ SEP25,1s,1,3731,2025-09-12 10:22:11,24066.5,24067,24066,24066,55,1,0.5,0.5,0,-1,,,,
MNQ SEP25,1s,1,3732,2025-09-12 10:22:12,24066.25,24066.5,24065.75,24065.75,51,0.75,0.5,0.25,0,-1,,,,
MNQ SEP25,1s,1,3733,2025-09-12 10:22:13,24066,24066.75,24066,24066,69,0.75,0,0.75,0,0,,,,
MNQ SEP25,1s,1,3734,2025-09-12 10:22:14,24066,24066.25,24064.5,24064.5,128,1.75,1.5,0.25,0,-1,,,,
MNQ SEP25,1s,1,3735,2025-09-12 10:22:15,24064.25,24064.5,24063,24063.5,230,1.5,0.75,0.25,0.5,-1,,,,
MNQ SEP25,1s,1,3736,2025-09-12 10:22:16,24064,24065.75,24063.75,24065.25,96,2,1.25,0.5,0.25,1,,,,
MNQ SEP25,1s,1,3737,2025-09-12 10:22:17,24065.25,24065.5,24064.75,24065,62,0.75,0.25,0.25,0.25,-1,,,,
MNQ SEP25,1s,1,3738,2025-09-12 10:22:18,24065,24065.25,24064.5,24064.75,21,0.75,0.25,0.25,0.25,-1,,,,
MNQ SEP25,1s,1,3739,2025-09-12 10:22:19,24064.75,24065,24063.25,24063.5,73,1.75,1.25,0.25,0.25,-1,,,,
MNQ SEP25,1s,1,3740,2025-09-12 10:22:20,24063.75,24065,24063.25,24064,46,1.75,0.25,1,0.5,1,,,,
MNQ SEP25,10s,10,5773,2025-09-12 10:22:20,24066.5,24067,24063,24064,831,4,2.5,0.5,1,-1,-9.6,-355.9,-320.81666667,-149.95
MNQ SEP25,20s,20,5886,2025-09-12 10:22:20,24069.25,24069.25,24063,24064,1645,6.25,5.25,0,1,-1,843.6,75,146.75,204.02
MNQ SEP25,1s,1,3741,2025-09-12 10:22:21,24064.25,24064.75,24063.5,24064,51,1.25,0.25,0.5,0.5,-1,,,,
MNQ SEP25,1s,1,3742,2025-09-12 10:22:22,24063.75,24064.25,24063,24064.25,46,1.25,0.5,0,0.75,1,,,,
MNQ SEP25,1s,1,3743,2025-09-12 10:22:23,24064.75,24065.25,24064.75,24065,33,0.5,0.25,0.25,0,1,,,,
MNQ SEP25,1s,1,3744,2025-09-12 10:22:24,24065.25,24066.25,24065.25,24066,63,1,0.75,0.25,0,1,,,,
MNQ SEP25,1s,1,3745,2025-09-12 10:22:25,24065.75,24066.25,24064.75,24064.75,75,1.5,1,0.5,0,-1,,,,
MNQ SEP25,1s,1,3746,2025-09-12 10:22:26,24065.5,24066.25,24065,24066,30,1.25,0.5,0.25,0.5,1,,,,
MNQ SEP25,1s,1,3747,2025-09-12 10:22:27,24066.25,24066.25,24065,24065,34,1.25,1.25,0,0,-1,,,,
MNQ SEP25,1s,1,3748,2025-09-12 10:22:28,24064.75,24064.75,24063.5,24063.75,42,1.25,1,0,0.25,-1,,,,
MNQ SEP25,1s,1,3749,2025-09-12 10:22:29,24063.75,24064,24063.5,24063.75,20,0.5,0,0.25,0.25,0,,,,
MNQ SEP25,1s,1,3750,2025-09-12 10:22:30,24063.5,24064.5,24063.5,24064,68,1,0.5,0.5,0,1,,,,
MNQ SEP25,10s,10,5774,2025-09-12 10:22:30,24064.25,24066.25,24063,24064,462,3.25,0.25,2,1,-1,-85.35,-75.75,-333.23333333,-183.26
MNQ SEP25,1s,1,3751,2025-09-12 10:22:31,24064.5,24065.75,24063.75,24065,49,2,0.5,0.75,0.75,1,,,,
MNQ SEP25,1s,1,3752,2025-09-12 10:22:32,24065,24066,24064.75,24065.5,47,1.25,0.5,0.5,0.25,1,,,,
MNQ SEP25,1s,1,3753,2025-09-12 10:22:33,24065.5,24068.25,24065,24068.25,133,3.25,2.75,0,0.5,1,,,,
MNQ SEP25,1s,1,3754,2025-09-12 10:22:34,24067.5,24070,24067.5,24070,78,2.5,2.5,0,0,1,,,,
MNQ SEP25,1s,1,3755,2025-09-12 10:22:35,24069.5,24070.5,24069.5,24070,123,1,0.5,0.5,0,1,,,,
MNQ SEP25,1s,1,3756,2025-09-12 10:22:36,24070,24070.5,24069.25,24069.25,120,1.25,0.75,0.5,0,-1,,,,
MNQ SEP25,1s,1,3757,2025-09-12 10:22:37,24069.25,24070.75,24069.25,24070.75,59,1.5,1.5,0,0,1,,,,
MNQ SEP25,1s,1,3758,2025-09-12 10:22:38,24070.75,24071.5,24070.25,24070.75,80,1.25,0,0.75,0.5,0,,,,
MNQ SEP25,1s,1,3759,2025-09-12 10:22:39,24070.75,24071.25,24069.5,24069.5,70,1.75,1.25,0.5,0,-1,,,,
MNQ SEP25,1s,1,3760,2025-09-12 10:22:40,24070.25,24071.5,24069,24071.25,98,2.5,1,0.25,1.25,1,,,,
MNQ SEP25,10s,10,5775,2025-09-12 10:22:40,24064.5,24071.5,24063.75,24071.25,857,7.75,6.75,0.25,0.75,1,-186.25,-100.9,-177.51666667,-227.82
MNQ SEP25,20s,20,5887,2025-09-12 10:22:40,24064.25,24071.5,24063,24071.25,1319,8.5,7,0.25,1.25,1,938.5,94.9,95.83333333,212.09
MNQ SEP25,1s,1,3761,2025-09-12 10:22:41,24071,24071.5,24070.5,24071.5,101,1,0.5,0,0.5,1,,,,
MNQ SEP25,1s,1,3762,2025-09-12 10:22:42,24071.5,24071.75,24070.5,24070.75,76,1.25,0.75,0.25,0.25,-1,,,,
MNQ SEP25,1s,1,3763,2025-09-12 10:22:43,24071,24071.5,24069.75,24071,117,1.75,0,0.5,1.25,0,,,,
MNQ SEP25,1s,1,3764,2025-09-12 10:22:44,24071,24071,24069.75,24069.75,52,1.25,1.25,0,0,-1,,,,
MNQ SEP25,1s,1,3765,2025-09-12 10:22:45,24070,24072.5,24070,24072.25,159,2.5,2.25,0.25,0,1,,,,
MNQ SEP25,1s,1,3766,2025-09-12 10:22:46,24072,24074,24071.75,24073,201,2.25,1,1,0.25,1,,,,
MNQ SEP25,1s,1,3767,2025-09-12 10:22:47,24073,24073.25,24072,24072.25,135,1.25,0.75,0.25,0.25,-1,,,,
MNQ SEP25,1s,1,3768,2025-09-12 10:22:48,24072.25,24072.5,24070.75,24071.75,89,1.75,0.5,0.25,1,-1,,,,
MNQ SEP25,1s,1,3769,2025-09-12 10:22:49,24071.5,24071.75,24070.75,24070.75,44,1,0.75,0.25,0,-1,,,,
MNQ SEP25,1s,1,3770,2025-09-12 10:22:50,24071.25,24071.5,24070.25,24070.25,69,1.25,1,0.25,0,-1,,,,
MNQ SEP25,10s,10,5776,2025-09-12 10:22:50,24071,24074,24069.75,24070.25,1043,4.25,0.75,3,0.5,-1,-149.85,36.4,-46.75,-212.84
MNQ SEP25,1s,1,3771,2025-09-12 10:22:51,24070.25,24070.75,24070,24070.5,43,0.75,0.25,0.25,0.25,1,,,,
MNQ SEP25,1s,1,3772,2025-09-12 10:22:52,24070.5,24071.5,24070.5,24071,43,1,0.5,0.5,0,1,,,,
MNQ SEP25,1s,1,3773,2025-09-12 10:22:53,24070.75,24071.25,24070.5,24071,37,0.75,0.25,0.25,0.25,1,,,,
MNQ SEP25,1s,1,3774,2025-09-12 10:22:54,24070.75,24071.25,24070.25,24070.25,37,1,0.5,0.5,0,-1,,,,
MNQ SEP25,1s,1,3775,2025-09-12 10:22:55,24070,24070.75,24069.75,24069.75,49,1,0.25,0.75,0,-1,,,,
MNQ SEP25,1s,1,3776,2025-09-12 10:22:56,24070,24070,24069,24070,68,1,0,0,1,0,,,,
MNQ SEP25,1s,1,3777,2025-09-12 10:22:57,24069.75,24069.75,24068.75,24069.5,75,1,0.25,0,0.75,-1,,,,
MNQ SEP25,1s,1,3778,2025-09-12 10:22:58,24069,24071.25,24069,24069.5,166,2.25,0.5,1.75,0,1,,,,
MNQ SEP25,1s,1,3779,2025-09-12 10:22:59,24069.5,24069.75,24068.25,24068.25,41,1.5,1.25,0.25,0,-1,,,,
MNQ SEP25,1s,1,3780,2025-09-12 10:23:00,24068,24069.5,24068,24068.5,71,1.5,0.5,1,0,1,,,,
MNQ SEP25,10s,10,5777,2025-09-12 10:23:00,24070.25,24071.5,24068,24068.5,630,3.5,1.75,1.25,0.5,-1,-186.55,-36.7,-33.73333333,-106.57
MNQ SEP25,20s,20,5888,2025-09-12 10:23:00,24071,24074,24068,24068.5,1673,6,2.5,3,0.5,-1,369.65,-568.85,-132.98333333,-6.74
MNQ SEP25,1s,1,3781,2025-09-12 10:23:01,24068.5,24068.5,24067.25,24068,169,1.25,0.5,0,0.75,-1,,,,
MNQ SEP25,1s,1,3782,2025-09-12 10:23:02,24068.5,24068.5,24067.25,24068.25,73,1.25,0.25,0,1,-1,,,,
MNQ SEP25,1s,1,3783,2025-09-12 10:23:03,24068,24068.75,24067.75,24068.75,104,1,0.75,0,0.25,1,,,,
MNQ SEP25,1s,1,3784,2025-09-12 10:23:04,24068.5,24069,24066.75,24067.75,64,2.25,0.75,0.5,1,-1,,,,
MNQ SEP25,1s,1,3785,2025-09-12 10:23:05,24068,24069,24067.75,24067.75,32,1.25,0.25,1,0,-1,,,,
MNQ SEP25,1s,1,3786,2025-09-12 10:23:06,24067.75,24068.75,24067.5,24068,49,1.25,0.25,0.75,0.25,1,,,,
MNQ SEP25,1s,1,3787,2025-09-12 10:23:07,24067.75,24067.75,24067,24067.25,43,0.75,0.5,0,0.25,-1,,,,
MNQ SEP25,1s,1,3788,2025-09-12 10:23:08,24067.75,24068,24066.75,24067,45,1.25,0.75,0.25,0.25,-1,,,,
MNQ SEP25,1s,1,3789,2025-09-12 10:23:09,24067.25,24068.25,24067.25,24067.75,88,1,0.5,0.5,0,1,,,,
MNQ SEP25,1s,1,3790,2025-09-12 10:23:10,24067.25,24067.75,24066.75,24067.5,218,1,0.25,0.25,0.5,1,,,,
MNQ SEP25,10s,10,5778,2025-09-12 10:23:10,24068.5,24069,24066.75,24067.5,885,2.25,1,0.5,0.75,-1,-205.3,-18.75,-6.35,-39.14
MNQ SEP25,1s,1,3791,2025-09-12 10:23:11,24067.5,24069,24067.25,24069,78,1.75,1.5,0,0.25,1,,,,
MNQ SEP25,1s,1,3792,2025-09-12 10:23:12,24068.75,24069.75,24068.75,24069.75,31,1,1,0,0,1,,,,
MNQ SEP25,1s,1,3793,2025-09-12 10:23:13,24069.5,24069.75,24068.75,24069.75,66,1,0.25,0,0.75,1,,,,
MNQ SEP25,1s,1,3794,2025-09-12 10:23:14,24069.75,24069.75,24069.25,24069.5,14,0.5,0.25,0,0.25,-1,,,,
MNQ SEP25,1s,1,3795,2025-09-12 10:23:15,24069.25,24069.5,24068.5,24069,16,1,0.25,0.25,0.5,-1,,,,
MNQ SEP25,1s,1,3796,2025-09-12 10:23:16,24068.75,24069.5,24068.75,24069.5,12,0.75,0.75,0,0,1,,,,
MNQ SEP25,1s,1,3797,2025-09-12 10:23:17,24069.75,24069.75,24068.75,24069.25,24,1,0.5,0,0.5,-1,,,,
MNQ SEP25,1s,1,3798,2025-09-12 10:23:18,24068.75,24069,24067.5,24067.5,48,1.5,1.25,0.25,0,-1,,,,
MNQ SEP25,1s,1,3799,2025-09-12 10:23:19,24067.75,24068.5,24067.25,24068.5,36,1.25,0.75,0,0.5,1,,,,
MNQ SEP25,1s,1,3800,2025-09-12 10:23:20,24067.75,24067.75,24067,24067.25,60,0.75,0.5,0,0.25,-1,,,,
MNQ SEP25,10s,10,5779,2025-09-12 10:23:20,24067.5,24069.75,24067,24067.25,385,2.75,0.25,2.25,0.25,-1,-178.25,27.05,-9.46666667,-18.58
MNQ SEP25,20s,20,5889,2025-09-12 10:23:20,24068.5,24069.75,24066.75,24067.25,1270,3,1.25,1.25,0.5,-1,-10.5,-380.15,-284.7,-132.3
MNQ SEP25,1s,1,3801,2025-09-12 10:23:21,24067.25,24067.25,24066.75,24066.75,34,0.5,0.5,0,0,-1,,,,
MNQ SEP25,1s,1,3802,2025-09-12 10:23:22,24066.75,24066.75,24066,24066.75,60,0.75,0,0,0.75,0,,,,
MNQ SEP25,1s,1,3803,2025-09-12 10:23:23,24066.5,24068,24066.5,24067.75,32,1.5,1.25,0.25,0,1,,,,
MNQ SEP25,1s,1,3804,2025-09-12 10:23:24,24068,24068,24066.25,24066.25,21,1.75,1.75,0,0,-1,,,,
MNQ SEP25,1s,1,3805,2025-09-12 10:23:25,24066,24066.75,24065.25,24066,112,1.5,0,0.75,0.75,0,,,,
MNQ SEP25,1s,1,3806,2025-09-12 10:23:26,24066.25,24067,24065.75,24066.75,34,1.25,0.5,0.25,0.5,1,,,,
MNQ SEP25,1s,1,3807,2025-09-12 10:23:27,24066.5,24066.5,24065.5,24066.25,34,1,0.25,0,0.75,-1,,,,
MNQ SEP25,1s,1,3808,2025-09-12 10:23:28,24065.5,24065.75,24064.25,24064.5,83,1.5,1,0.25,0.25,-1,,,,
MNQ SEP25,1s,1,3809,2025-09-12 10:23:29,24065,24065.5,24064.5,24064.5,106,1,0.5,0.5,0,-1,,,,
MNQ SEP25,1s,1,3810,2025-09-12 10:23:30,24064.5,24065,24063.5,24064.75,128,1.5,0.25,0.25,1,1,,,,
MNQ SEP25,10s,10,5780,2025-09-12 10:23:30,24067.25,24068,24063.5,24064.75,644,4.5,2.5,0.75,1.25,-1,-210.4,-32.15,-7.95,-4.83
MNQ SEP25,1s,1,3811,2025-09-12 10:23:31,24064.75,24066,24064.75,24066,41,1.25,1.25,0,0,1,,,,
MNQ SEP25,1s,1,3812,2025-09-12 10:23:32,24066,24066,24065.5,24065.5,32,0.5,0.5,0,0,-1,,,,
MNQ SEP25,1s,1,3813,2025-09-12 10:23:33,24066,24066,24065,24065,34,1,1,0,0,-1,,,,
MNQ SEP25,1s,1,3814,2025-09-12 10:23:34,24065,24065.5,24065,24065.25,19,0.5,0.25,0.25,0,1,,,,
MNQ SEP25,1s,1,3815,2025-09-12 10:23:35,24065,24065.5,24064.5,24065.25,30,1,0.25,0.25,0.5,1,,,,
MNQ SEP25,1s,1,3816,2025-09-12 10:23:36,24065.25,24065.5,24064.75,24065,37,0.75,0.25,0.25,0.25,-1,,,,
MNQ SEP25,1s,1,3817,2025-09-12 10:23:37,24065.25,24065.25,24064.75,24064.75,17,0.5,0.5,0,0,-1,,,,
MNQ SEP25,1s,1,3818,2025-09-12 10:23:38,24064.75,24067.5,24064.5,24067.25,151,3,2.5,0.25,0.25,1,,,,
MNQ SEP25,1s,1,3819,2025-09-12 10:23:39,24067,24068.5,24067,24068.25,63,1.5,1.25,0.25,0,1,,,,
MNQ SEP25,1s,1,3820,2025-09-12 10:23:40,24068.25,24068.5,24067.75,24068.5,51,0.75,0.25,0,0.5,1,,,,
MNQ SEP25,10s,10,5781,2025-09-12 10:23:40,24064.75,24068.5,24064.5,24068.5,475,4,3.75,0,0.25,1,-324.05,-113.65,-39.58333333,-34.84
MNQ SEP25,20s,20,5890,2025-09-12 10:23:40,24067.25,24068.5,24063.5,24068.5,1119,5,1.25,0,3.75,1,-155.7,-145.2,-364.73333333,-184.86
MNQ SEP25,1s,1,3821,2025-09-12 10:23:41,24067.75,24067.75,24067.5,24067.5,22,0.25,0.25,0,0,-1,,,,
MNQ SEP25,1s,1,3822,2025-09-12 10:23:42,24067.75,24068.25,24067.75,24068,22,0.5,0.25,0.25,0,1,,,,
MNQ SEP25,1s,1,3823,2025-09-12 10:23:43,24067.75,24068,24067.5,24067.5,11,0.5,0.25,0.25,0,-1,,,,
MNQ SEP25,1s,1,3824,2025-09-12 10:23:44,24067.75,24068,24067.5,24067.5,8,0.5,0.25,0.25,0,-1,,,,
MNQ SEP25,1s,1,3825,2025-09-12 10:23:45,24067.5,24068,24067.25,24067.5,30,0.75,0,0.5,0.25,0,,,,
MNQ SEP25,1s,1,3826,2025-09-12 10:23:46,24067.25,24068,24067.25,24068,29,0.75,0.75,0,0,1,,,,
MNQ SEP25,1s,1,3827,2025-09-12 10:23:47,24068,24068,24067.25,24067.25,9,0.75,0.75,0,0,-1,,,,
MNQ SEP25,1s,1,3828,2025-09-12 10:23:48,24067.75,24067.75,24067,24067,29,0.75,0.75,0,0,-1,,,,
MNQ SEP25,1s,1,3829,2025-09-12 10:23:49,24067.5,24067.5,24066.25,24067,12,1.25,0.5,0,0.75,-1,,,,
MNQ SEP25,1s,1,3830,2025-09-12 10:23:50,24067.25,24067.5,24066.75,24067.5,14,0.75,0.25,0,0.5,1,,,,
MNQ SEP25,10s,10,5782,2025-09-12 10:23:50,24067.75,24068.25,24066.25,24067.5,186,2,0.25,0.5,1.25,-1,-399.3,-75.25,-73.68333333,-42.55
MNQ SEP25,1s,1,3831,2025-09-12 10:23:51,24067,24067.25,24066.75,24067,16,0.5,0,0.25,0.25,0,,,,
MNQ SEP25,1s,1,3832,2025-09-12 10:23:52,24066.5,24067,24066.5,24066.75,8,0.5,0.25,0.25,0,1,,,,
MNQ SEP25,1s,1,3833,2025-09-12 10:23:53,24066.75,24067.5,24066.75,24067.5,16,0.75,0.75,0,0,1,,,,
MNQ SEP25,1s,1,3834,2025-09-12 10:23:54,24067,24067.75,24067,24067.5,15,0.75,0.5,0.25,0,1,,,,
MNQ SEP25,1s,1,3835,2025-09-12 10:23:55,24067.75,24068.25,24067.5,24068.25,24,0.75,0.5,0,0.25,1,,,,
MNQ SEP25,1s,1,3836,2025-09-12 10:23:56,24068.25,24068.25,24067.75,24068.25,36,0.5,0,0,0.5,0,,,,
MNQ SEP25,1s,1,3837,2025-09-12 10:23:57,24068,24068.25,24067,24067.25,36,1.25,0.75,0.25,0.25,-1,,,,
MNQ SEP25,1s,1,3838,2025-09-12 10:23:58,24067.5,24067.75,24067,24067.75,9,0.75,0.25,0,0.5,1,,,,
MNQ SEP25,1s,1,3839,2025-09-12 10:23:59,24067.75,24068.5,24067.75,24068.5,25,0.75,0.75,0,0,1,,,,
MNQ SEP25,1s,1,3840,2025-09-12 10:24:00,24068.25,24069.25,24068.25,24069,43,1,0.75,0.25,0,1,,,,
MNQ SEP25,10s,10,5783,2025-09-12 10:24:00,24067,24069.25,24066.5,24069,228,2.75,2,0.25,0.5,1,-502.35,-103.05,-97.31666667,-59.41
MNQ SEP25,20s,20,5891,2025-09-12 10:24:00,24067.75,24069.25,24066.25,24069,414,3,1.25,0.25,1.5,1,-383.2,-227.5,-250.95,-245.36
MNQ SEP25,1s,1,3841,2025-09-12 10:24:01,24068.5,24071.75,24068.25,24070.25,339,3.5,1.75,1.5,0.25,1,,,,
MNQ SEP25,1s,1,3842,2025-09-12 10:24:02,24070.75,24070.75,24068.75,24069,183,2,1.75,0,0.25,-1,,,,
MNQ SEP25,1s,1,3843,2025-09-12 10:24:03,24069,24069.25,24068.25,24068.75,79,1,0.25,0.25,0.5,-1,,,,
MNQ SEP25,1s,1,3844,2025-09-12 10:24:04,24068.75,24069.75,24068.5,24069.75,71,1.25,1,0,0.25,1,,,,
MNQ SEP25,1s,1,3845,2025-09-12 10:24:05,24069.5,24069.75,24069.25,24069.75,34,0.5,0.25,0,0.25,1,,,,
MNQ SEP25,1s,1,3846,2025-09-12 10:24:06,24070,24070,24068.5,24068.5,25,1.5,1.5,0,0,-1,,,,
MNQ SEP25,1s,1,3847,2025-09-12 10:24:07,24068.25,24068.75,24068.25,24068.75,20,0.5,0.5,0,0,1,,,,
MNQ SEP25,1s,1,3848,2025-09-12 10:24:08,24068.5,24068.75,24067.5,24067.5,41,1.25,1,0.25,0,-1,,,,
MNQ SEP25,1s,1,3849,2025-09-12 10:24:09,24067.5,24068.25,24067.5,24068,27,0.75,0.5,0.25,0,1,,,,
MNQ SEP25,1s,1,3850,2025-09-12 10:24:10,24068.5,24068.5,24067,24068.5,46,1.5,0,0,1.5,0,,,,
MNQ SEP25,10s,10,5784,2025-09-12 10:24:10,24068.5,24071.75,24067,24068.5,865,4.75,0,3.25,1.5,0,-433.3,69.05,-36.41666667,-51.01
MNQ SEP25,1s,1,3851,2025-09-12 10:24:11,24068,24068.25,24067.25,24068,35,1,0,0.25,0.75,0,,,,
MNQ SEP25,1s,1,3852,2025-09-12 10:24:12,24067.75,24067.75,24067.5,24067.75,13,0.25,0,0,0.25,0,,,,
MNQ SEP25,1s,1,3853,2025-09-12 10:24:13,24067.75,24069.25,24067.75,24068.25,25,1.5,0.5,1,0,1,,,,
MNQ SEP25,1s,1,3854,2025-09-12 10:24:14,24068.25,24069,24067.75,24068.75,21,1.25,0.5,0.25,0.5,1,,,,
MNQ SEP25,1s,1,3855,2025-09-12 10:24:15,24069,24069.75,24069,24069.25,33,0.75,0.25,0.5,0,1,,,,
MNQ SEP25,1s,1,3856,2025-09-12 10:24:16,24069.5,24069.75,24068,24068.75,42,1.75,0.75,0.25,0.75,-1,,,,
MNQ SEP25,1s,1,3857,2025-09-12 10:24:17,24068.5,24069,24068.25,24068.25,16,0.75,0.25,0.5,0,-1,,,,
MNQ SEP25,1s,1,3858,2025-09-12 10:24:18,24069.5,24071.25,24069.5,24070.5,59,1.75,1,0.75,0,1,,,,
MNQ SEP25,1s,1,3859,2025-09-12 10:24:19,24070.5,24071,24070.5,24070.5,28,0.5,0,0.5,0,0,,,,
MNQ SEP25,1s,1,3860,2025-09-12 10:24:20,24070.25,24071.25,24070.25,24071.25,22,1,1,0,0,1,,,,
MNQ SEP25,10s,10,5785,2025-09-12 10:24:20,24068,24071.25,24067.25,24071.25,294,4,3.25,0,0.75,1,-496.6,-63.3,-32.43333333,-57.24
MNQ SEP25,20s,20,5892,2025-09-12 10:24:20,24068.5,24071.75,24067,24071.25,1159,4.75,2.75,0.5,1.5,1,-403.3,-20.1,-130.93333333,-268.36
MNQ SEP25,1s,1,3861,2025-09-12 10:24:21,24071.5,24071.5,24069.75,24070.25,37,1.75,1.25,0,0.5,-1,,,,
MNQ SEP25,1s,1,3862,2025-09-12 10:24:22,24069.75,24070.75,24069.75,24070.75,51,1,1,0,0,1,,,,
MNQ SEP25,1s,1,3863,2025-09-12 10:24:23,24070.25,24071.5,24069.75,24071.25,26,1.75,1,0.25,0.5,1,,,,
MNQ SEP25,1s,1,3864,2025-09-12 10:24:24,24071.5,24072.75,24071,24072.25,109,1.75,0.75,0.5,0.5,1,,,,
MNQ SEP25,1s,1,3865,2025-09-12 10:24:25,24072.5,24073.25,24071.75,24072.5,109,1.5,0,0.75,0.75,0,,,,
MNQ SEP25,1s,1,3866,2025-09-12 10:24:26,24072.5,24073.25,24072.25,24072.75,46,1,0.25,0.5,0.25,1,,,,
MNQ SEP25,1s,1,3867,2025-09-12 10:24:27,24072.5,24072.75,24072,24072.25,57,0.75,0.25,0.25,0.25,-1,,,,
MNQ SEP25,1s,1,3868,2025-09-12 10:24:28,24072,24072,24071,24071.25,36,1,0.75,0,0.25,-1,,,,
MNQ SEP25,1s,1,3869,2025-09-12 10:24:29,24071.75,24072.5,24071.5,24071.5,48,1,0.25,0.75,0,-1,,,,
MNQ SEP25,1s,1,3870,2025-09-12 10:24:30,24071.75,24072,24070.5,24070.5,54,1.5,1.25,0.25,0,-1,,,,
MNQ SEP25,10s,10,5786,2025-09-12 10:24:30,24071.5,24073.25,24069.75,24070.5,573,3.5,1,1.75,0.75,-1,-465.75,30.85,12.2,-28.34
MNQ SEP25,1s,1,3871,2025-09-12 10:24:31,24070.25,24070.75,24069.5,24069.75,85,1.25,0.5,0.5,0.25,-1,,,,
MNQ SEP25,1s,1,3872,2025-09-12 10:24:32,24069.75,24070.75,24069.5,24070,28,1.25,0.25,0.75,0.25,1,,,,
MNQ SEP25,1s,1,3873,2025-09-12 10:24:33,24070.5,24071.25,24070.25,24071.25,18,1,0.75,0,0.25,1,,,,
MNQ SEP25,1s,1,3874,2025-09-12 10:24:34,24070.75,24071.25,24070.25,24070.25,24,1,0.5,0.5,0,-1,,,,
MNQ SEP25,1s,1,3875,2025-09-12 10:24:35,24069.75,24071.5,24069.75,24070.25,108,1.75,0.5,1.25,0,1,,,,
MNQ SEP25,1s,1,3876,2025-09-12 10:24:36,24070,24070.5,24069.5,24070.5,30,1,0.5,0,0.5,1,,,,
MNQ SEP25,1s,1,3877,2025-09-12 10:24:37,24070,24070.5,24070,24070.5,37,0.5,0.5,0,0,1,,,,
MNQ SEP25,1s,1,3878,2025-09-12 10:24:38,24070.5,24070.5,24070.5,24070.5,6,0,0,0,0,0,,,,
MNQ SEP25,1s,1,3879,2025-09-12 10:24:39,24071.25,24072.25,24071.25,24071.25,27,1,0,1,0,0,,,,
MNQ SEP25,1s,1,3880,2025-09-12 10:24:40,24071.5,24071.75,24070.75,24070.75,26,1,0.75,0.25,0,-1,,,,
MNQ SEP25,10s,10,5787,2025-09-12 10:24:40,24070.25,24072.25,24069.5,24070.75,389,2.75,0.5,1.5,0.75,1,-266.75,199,55.51666667,26.51
MNQ SEP25,20s,20,5893,2025-09-12 10:24:40,24071.5,24073.25,24069.5,24070.75,962,3.75,0.75,1.75,1.25,-1,-449.25,-45.95,-97.85,-163.78
MNQ SEP25,1s,1,3881,2025-09-12 10:24:41,24070.75,24071.5,24070.75,24071.25,38,0.75,0.5,0.25,0,1,,,,
MNQ SEP25,1s,1,3882,2025-09-12 10:24:42,24071.5,24071.5,24071,24071.25,20,0.5,0.25,0,0.25,-1,,,,
MNQ SEP25,1s,1,3883,2025-09-12 10:24:43,24071.5,24071.5,24070.5,24070.5,38,1,1,0,0,-1,,,,
MNQ SEP25,1s,1,3884,2025-09-12 10:24:44,24070.25,24070.75,24070.25,24070.5,12,0.5,0.25,0.25,0,1,,,,
MNQ SEP25,1s,1,3885,2025-09-12 10:24:45,24070.75,24071,24070.5,24071,20,0.5,0.25,0,0.25,1,,,,
MNQ SEP25,1s,1,3886,2025-09-12 10:24:46,24071.75,24071.75,24071.5,24071.5,9,0.25,0.25,0,0,-1,,,,
MNQ SEP25,1s,1,3887,2025-09-12 10:24:47,24071.25,24071.75,24070.5,24070.75,39,1.25,0.5,0.5,0.25,-1,,,,
MNQ SEP25,1s,1,3888,2025-09-12 10:24:48,24071.5,24072,24071,24071.5,12,1,0,0.5,0.5,0,,,,
MNQ SEP25,1s,1,3889,2025-09-12 10:24:49,24071.5,24073.5,24071.5,24073.5,112,2,2,0,0,1,,,,
MNQ SEP25,1s,1,3890,2025-09-12 10:24:50,24073,24073.25,24072,24072.25,57,1.25,0.75,0.25,0.25,-1,,,,
MNQ SEP25,10s,10,5788,2025-09-12 10:24:50,24070.75,24073.5,24070.25,24072.25,357,3.25,1.5,1.25,0.5,1,-135.75,131,120.28333333,73.32
MNQ SEP25,1s,1,3891,2025-09-12 10:24:51,24072.25,24072.25,24071.75,24071.75,41,0.5,0.5,0,0,-1,,,,
MNQ SEP25,1s,1,3892,2025-09-12 10:24:52,24072,24072.25,24071.5,24071.75,28,0.75,0.25,0.25,0.25,-1,,,,
MNQ SEP25,1s,1,3893,2025-09-12 10:24:53,24072,24072,24071.5,24072,10,0.5,0,0,0.5,0,,,,
MNQ SEP25,1s,1,3894,2025-09-12 10:24:54,24072,24072.25,24071.5,24071.5,9,0.75,0.5,0.25,0,-1,,,,
MNQ SEP25,1s,1,3895,2025-09-12 10:24:55,24071.75,24072,24071,24072,38,1,0.25,0,0.75,1,,,,
MNQ SEP25,1s,1,3896,2025-09-12 10:24:56,24072,24072,24071,24071.25,10,1,0.75,0,0.25,-1,,,,
MNQ SEP25,1s,1,3897,2025-09-12 10:24:57,24071.25,24072,24071,24071.25,22,1,0,0.75,0.25,0,,,,
MNQ SEP25,1s,1,3898,2025-09-12 10:24:58,24071.75,24072,24071,24071.25,31,1,0.5,0.25,0.25,-1,,,,
MNQ SEP25,1s,1,3899,2025-09-12 10:24:59,24071.25,24072.25,24070.75,24071.5,40,1.5,0.25,0.75,0.5,1,,,,
MNQ SEP25,1s,1,3900,2025-09-12 10:25:00,24071.75,24072,24071.25,24071.5,32,0.75,0.25,0.25,0.25,-1,,,,
MNQ SEP25,10s,10,5789,2025-09-12 10:25:00,24072.25,24072.25,24070.75,24071.5,261,1.5,0.75,0,0.75,-1,-228.55,-92.8,79.06666667,40.95
MNQ SEP25,20s,20,5894,2025-09-12 10:25:00,24070.75,24073.5,24070.25,24071.5,618,3.25,0.75,2,0.5,1,-531,-81.75,-49.26666667,-104.1
MNQ SEP25,1s,1,3901,2025-09-12 10:25:01,24071,24071.75,24070.25,24071.25,105,1.5,0.25,0.5,0.75,1,,,,
MNQ SEP25,1s,1,3902,2025-09-12 10:25:02,24071.5,24072.75,24071.5,24072.5,84,1.25,1,0.25,0,1,,,,
MNQ SEP25,1s,1,3903,2025-09-12 10:25:03,24072.75,24073.25,24072.25,24072.25,81,1,0.5,0.5,0,-1,,,,
MNQ SEP25,1s,1,3904,2025-09-12 10:25:04,24072.5,24073.5,24072.25,24072.5,54,1.25,0,1,0.25,0,,,,
MNQ SEP25,1s,1,3905,2025-09-12 10:25:05,24072.75,24073.5,24072.75,24073,51,0.75,0.25,0.5,0,1,,,,
MNQ SEP25,1s,1,3906,2025-09-12 10:25:06,24073.5,24074,24072.75,24073.25,246,1.25,0.25,0.5,0.5,-1,,,,
MNQ SEP25,1s,1,3907,2025-09-12 10:25:07,24073.25,24073.5,24072.75,24073.25,44,0.75,0,0.25,0.5,0,,,,
MNQ SEP25,1s,1,3908,2025-09-12 10:25:08,24074,24075.5,24074,24075,383,1.5,1,0.5,0,1,,,,
MNQ SEP25,1s,1,3909,2025-09-12 10:25:09,24075,24075,24073,24073.5,130,2,1.5,0,0.5,-1,,,,
MNQ SEP25,1s,1,3910,2025-09-12 10:25:10,24073.5,24073.75,24072.5,24072.75,74,1.25,0.75,0.25,0.25,-1,,,,
MNQ SEP25,10s,10,5790,2025-09-12 10:25:10,24071,24075.5,24070.25,24072.75,1252,5.25,1.75,2.75,0.75,1,-38.35,190.2,76.13333333,91.65
MNQ SEP25,1s,1,3911,2025-09-12 10:25:11,24073,24073.5,24072.75,24072.75,21,0.75,0.25,0.5,0,-1,,,,
MNQ SEP25,1s,1,3912,2025-09-12 10:25:12,24072.5,24072.75,24072,24072,55,0.75,0.5,0.25,0,-1,,,,
MNQ SEP25,1s,1,3913,2025-09-12 10:25:13,24072,24072.75,24071.75,24072.75,98,1,0.75,0,0.25,1,,,,
MNQ SEP25,1s,1,3914,2025-09-12 10:25:14,24072.75,24072.75,24072.25,24072.75,102,0.5,0,0,0.5,0,,,,
MNQ SEP25,1s,1,3915,2025-09-12 10:25:15,24073,24073,24072.5,24072.75,28,0.5,0.25,0,0.25,-1,,,,
MNQ SEP25,1s,1,3916,2025-09-12 10:25:16,24072.25,24072.5,24071.5,24071.5,39,1,0.75,0.25,0,-1,,,,
MNQ SEP25,1s,1,3917,2025-09-12 10:25:17,24071.5,24072,24071.5,24072,26,0.5,0.5,0,0,1,,,,
MNQ SEP25,1s,1,3918,2025-09-12 10:25:18,24071.5,24072.5,24071,24072.25,54,1.5,0.75,0.25,0.5,1,,,,
MNQ SEP25,1s,1,3919,2025-09-12 10:25:19,24072.25,24073.5,24072.25,24073,62,1.25,0.75,0.5,0,1,,,,
MNQ SEP25,1s,1,3920,2025-09-12 10:25:20,24073.25,24074,24072.75,24073.5,40,1.25,0.25,0.5,0.5,1,,,,
MNQ SEP25,10s,10,5791,2025-09-12 10:25:20,24073,24074,24071,24073.5,525,3,0.5,0.5,2,1,-41,-2.65,31.58333333,84.95
MNQ SEP25,20s,20,5895,2025-09-12 10:25:20,24071,24075.5,24070.25,24073.5,1777,5.25,2.5,2,0.75,1,-442.85,88.15,-13.18333333,-57.43
MNQ SEP25,1s,1,3921,2025-09-12 10:25:21,24073.5,24073.5,24072.75,24073,32,0.75,0.5,0,0.25,-1,,,,
MNQ SEP25,1s,1,3922,2025-09-12 10:25:22,24073,24074,24073,24073.75,20,1,0.75,0.25,0,1,,,,
MNQ SEP25,1s,1,3923,2025-09-12 10:25:23,24073.5,24073.75,24072.75,24073.25,24,1,0.25,0.25,0.5,-1,,,,
MNQ SEP25,1s,1,3924,2025-09-12 10:25:24,24073,24073.25,24072.5,24072.5,13,0.75,0.5,0.25,0,-1,,,,
MNQ SEP25,1s,1,3925,2025-09-12 10:25:25,24072.25,24073.5,24071.75,24073.25,53,1.75,1,0.25,0.5,1,,,,
MNQ SEP25,1s,1,3926,2025-09-12 10:25:26,24072.75,24073.5,24071.75,24072,32,1.75,0.75,0.75,0.25,-1,,,,
MNQ SEP25,1s,1,3927,2025-09-12 10:25:27,24072.25,24072.25,24070.75,24071.25,47,1.5,1,0,0.5,-1,,,,
MNQ SEP25,1s,1,3928,2025-09-12 10:25:28,24071.5,24071.5,24070,24070.75,102,1.5,0.75,0,0.75,-1,,,,
MNQ SEP25,1s,1,3929,2025-09-12 10:25:29,24070.5,24071,24069.25,24070.75,102,1.75,0.25,0.25,1.25,1,,,,
MNQ SEP25,1s,1,3930,2025-09-12 10:25:30,24070.75,24071.25,24070,24071.25,48,1.25,0.5,0,0.75,1,,,,
MNQ SEP25,10s,10,5792,2025-09-12 10:25:30,24073.5,24074,24069.25,24071.25,473,4.75,2.25,0.5,2,-1,-7.15,33.85,73.8,51.92
MNQ SEP25,1s,1,3931,2025-09-12 10:25:31,24071,24071,24069.75,24069.75,60,1.25,1.25,0,0,-1,,,,
MNQ SEP25,1s,1,3932,2025-09-12 10:25:32,24070,24070.5,24069.75,24070.25,57,0.75,0.25,0.25,0.25,1,,,,
MNQ SEP25,1s,1,3933,2025-09-12 10:25:33,24070.25,24071.25,24070.25,24071.25,73,1,1,0,0,1,,,,
MNQ SEP25,1s,1,3934,2025-09-12 10:25:34,24071.5,24072,24071.25,24071.5,38,0.75,0,0.5,0.25,0,,,,
MNQ SEP25,1s,1,3935,2025-09-12 10:25:35,24071.25,24071.75,24070.75,24070.75,44,1,0.5,0.5,0,-1,,,,
MNQ SEP25,1s,1,3936,2025-09-12 10:25:36,24070.5,24070.5,24069.5,24070,22,1,0.5,0,0.5,-1,,,,
MNQ SEP25,1s,1,3937,2025-09-12 10:25:37,24070.25,24071.75,24070.25,24071.5,47,1.5,1.25,0.25,0,1,,,,
MNQ SEP25,1s,1,3938,2025-09-12 10:25:38,24071.75,24072,24071.25,24071.5,39,0.75,0.25,0.25,0.25,-1,,,,
MNQ SEP25,1s,1,3939,2025-09-12 10:25:39,24071.5,24071.75,24071.25,24071.5,6,0.5,0,0.25,0.25,0,,,,
MNQ SEP25,1s,1,3940,2025-09-12 10:25:40,24071.25,24071.5,24071,24071.25,19,0.5,0,0.25,0.25,0,,,,
MNQ SEP25,10s,10,5793,2025-09-12 10:25:40,24071,24072,24069.5,24071.25,405,2.5,0.25,0.75,1.5,1,23.75,30.9,20.7,31.9
MNQ SEP25,20s,20,5896,2025-09-12 10:25:40,24073.5,24074,24069.25,24071.25,878,4.75,2.25,0.5,2,-1,-361.05,81.8,29.4,4.43
MNQ SEP25,1s,1,3941,2025-09-12 10:25:41,24071.5,24072.5,24071.25,24072.5,36,1.25,1,0,0.25,1,,,,
MNQ SEP25,1s,1,3942,2025-09-12 10:25:42,24072.25,24072.5,24071.75,24072,18,0.75,0.25,0.25,0.25,-1,,,,
MNQ SEP25,1s,1,3943,2025-09-12 10:25:43,24072,24072,24071,24071.25,47,1,0.75,0,0.25,-1,,,,
MNQ SEP25,1s,1,3944,2025-09-12 10:25:44,24071.5,24071.75,24071.5,24071.5,17,0.25,0,0.25,0,0,,,,
MNQ SEP25,1s,1,3945,2025-09-12 10:25:45,24071.75,24072,24071.5,24072,10,0.5,0.25,0,0.25,1,,,,
MNQ SEP25,1s,1,3946,2025-09-12 10:25:46,24071.5,24072.25,24071.5,24072,21,0.75,0.5,0.25,0,1,,,,
MNQ SEP25,1s,1,3947,2025-09-12 10:25:47,24072,24072,24071.5,24071.5,3,0.5,0.5,0,0,-1,,,,
MNQ SEP25,1s,1,3948,2025-09-12 10:25:48,24072,24072.25,24072,24072.25,12,0.25,0.25,0,0,1,,,,
MNQ SEP25,1s,1,3949,2025-09-12 10:25:49,24072.25,24074,24072.25,24074,93,1.75,1.75,0,0,1,,,,
MNQ SEP25,1s,1,3950,2025-09-12 10:25:50,24074,24074.5,24073.25,24074.25,31,1.25,0.25,0.25,0.75,1,,,,
MNQ SEP25,10s,10,5794,2025-09-12 10:25:50,24071.5,24074.5,24071,24074.25,288,3.5,2.75,0.25,0.5,1,37.85,14.1,26.28333333,53.28
MNQ SEP25,1s,1,3951,2025-09-12 10:25:51,24074.25,24076.5,24074.25,24076,183,2.25,1.75,0.5,0,1,,,,
MNQ SEP25,1s,1,3952,2025-09-12 10:25:52,24076,24076,24075,24075.25,114,1,0.75,0,0.25,-1,,,,
MNQ SEP25,1s,1,3953,2025-09-12 10:25:53,24075,24075.5,24073.75,24074.5,55,1.75,0.5,0.5,0.75,-1,,,,
MNQ SEP25,1s,1,3954,2025-09-12 10:25:54,24074.5,24075,24074,24075,45,1,0.5,0,0.5,1,,,,
MNQ SEP25,1s,1,3955,2025-09-12 10:25:55,24074.75,24075,24074.25,24074.25,29,0.75,0.5,0.25,0,-1,,,,
MNQ SEP25,1s,1,3956,2025-09-12 10:25:56,24074.75,24075.25,24073.75,24073.75,47,1.5,1,0.5,0,-1,,,,
MNQ SEP25,1s,1,3957,2025-09-12 10:25:57,24074.5,24074.75,24074.25,24074.75,6,0.5,0.25,0,0.25,1,,,,
MNQ SEP25,1s,1,3958,2025-09-12 10:25:58,24074.75,24074.75,24074,24074.5,20,0.75,0.25,0,0.5,-1,,,,
MNQ SEP25,1s,1,3959,2025-09-12 10:25:59,24074,24074.5,24073.5,24073.75,24,1,0.25,0.5,0.25,-1,,,,
MNQ SEP25,1s,1,3960,2025-09-12 10:26:00,24074,24074,24073.25,24073.25,39,0.75,0.75,0,0,-1,,,,
MNQ SEP25,10s,10,5795,2025-09-12 10:26:00,24074.25,24076.5,24073.25,24073.25,562,3.25,1,2.25,0,-1,-85.4,-123.25,-26.08333333,-9.41
MNQ SEP25,20s,20,5897,2025-09-12 10:26:00,24071.5,24076.5,24071,24073.25,850,5.5,1.75,3.25,0.5,1,-430.85,-69.8,33.38333333,-5.51
MNQ SEP25,1s,1,3961,2025-09-12 10:26:01,24073.25,24073.5,24073,24073,46,0.5,0.25,0.25,0,-1,,,,
MNQ SEP25,1s,1,3962,2025-09-12 10:26:02,24073.5,24073.75,24072.75,24073,40,1,0.5,0.25,0.25,-1,,,,
MNQ SEP25,1s,1,3963,2025-09-12 10:26:03,24072.75,24074.25,24072.75,24073.75,39,1.5,1,0.5,0,1,,,,
MNQ SEP25,1s,1,3964,2025-09-12 10:26:04,24074.25,24075.75,24073.75,24075.5,87,2,1.25,0.25,0.5,1,,,,
MNQ SEP25,1s,1,3965,2025-09-12 10:26:05,24075.5,24075.5,24074.75,24075.5,42,0.75,0,0,0.75,0,,,,
MNQ SEP25,1s,1,3966,2025-09-12 10:26:06,24075.75,24076,24075.25,24075.75,83,0.75,0,0.25,0.5,0,,,,
MNQ SEP25,1s,1,3967,2025-09-12 10:26:07,24075.5,24076,24075,24075.5,24,1,0,0.5,0.5,0,,,,
MNQ SEP25,1s,1,3968,2025-09-12 10:26:08,24075,24075.25,24074.5,24075,24,0.75,0,0.25,0.5,0,,,,
MNQ SEP25,1s,1,3969,2025-09-12 10:26:09,24074.5,24075,24074.5,24074.75,21,0.5,0.25,0.25,0,1,,,,
MNQ SEP25,1s,1,3970,2025-09-12 10:26:10,24074.75,24075,24074.5,24075,19,0.5,0.25,0,0.25,1,,,,
MNQ SEP25,10s,10,5796,2025-09-12 10:26:10,24073.25,24076,24072.75,24075,425,3.25,1.75,1,0.5,1,-74.5,10.9,-32.75,-6.7
MNQ SEP25,1s,1,3971,2025-09-12 10:26:11,24074.75,24074.75,24074,24074.75,61,0.75,0,0,0.75,0,,,,
MNQ SEP25,1s,1,3972,2025-09-12 10:26:12,24074.5,24074.75,24074.25,24074.5,13,0.5,0,0.25,0.25,0,,,,
MNQ SEP25,1s,1,3973,2025-09-12 10:26:13,24074.25,24075.75,24074.25,24075.5,40,1.5,1.25,0.25,0,1,,,,
MNQ SEP25,1s,1,3974,2025-09-12 10:26:14,24075.5,24075.5,24074,24074.75,20,1.5,0.75,0,0.75,-1,,,,
MNQ SEP25,1s,1,3975,2025-09-12 10:26:15,24074.5,24074.75,24073.75,24073.75,27,1,0.75,0.25,0,-1,,,,
MNQ SEP25,1s,1,3976,2025-09-12 10:26:16,24074.25,24074.25,24073.5,24073.75,9,0.75,0.5,0,0.25,-1,,,,
MNQ SEP25,1s,1,3977,2025-09-12 10:26:17,24073.5,24074,24073.25,24073.75,25,0.75,0.25,0.25,0.25,1,,,,
MNQ SEP25,1s,1,3978,2025-09-12 10:26:18,24073.5,24074,24073.25,24073.75,29,0.75,0.25,0.25,0.25,1,,,,
MNQ SEP25,1s,1,3979,2025-09-12 10:26:19,24073.75,24073.75,24072.75,24073.5,36,1,0.25,0,0.75,-1,,,,
MNQ SEP25,1s,1,3980,2025-09-12 10:26:20,24073.75,24074.25,24073,24074,56,1.25,0.25,0.25,0.75,1,,,,
MNQ SEP25,10s,10,5797,2025-09-12 10:26:20,24074.75,24075.75,24072.75,24074,316,3,0.75,1,1.25,-1,-90.2,-15.7,-42.68333333,-16.61
MNQ SEP25,20s,20,5898,2025-09-12 10:26:20,24073.25,24076,24072.75,24074,741,3.25,0.75,2,0.5,1,-467.75,-36.9,-8.3,-3.7
MNQ SEP25,1s,1,3981,2025-09-12 10:26:21,24074,24074.5,24073.5,24073.75,21,1,0.25,0.5,0.25,-1,,,,
MNQ SEP25,1s,1,3982,2025-09-12 10:26:22,24073.5,24073.75,24072.75,24072.75,60,1,0.75,0.25,0,-1,,,,
MNQ SEP25,1s,1,3983,2025-09-12 10:26:23,24073.5,24073.75,24073.25,24073.75,37,0.5,0.25,0,0.25,1,,,,
MNQ SEP25,1s,1,3984,2025-09-12 10:26:24,24073.75,24074,24073,24073.75,29,1,0,0.25,0.75,0,,,,
MNQ SEP25,1s,1,3985,2025-09-12 10:26:25,24074,24074.25,24072.75,24072.75,28,1.5,1.25,0.25,0,-1,,,,
MNQ SEP25,1s,1,3986,2025-09-12 10:26:26,24073.5,24073.5,24072.5,24072.5,45,1,1,0,0,-1,,,,
MNQ SEP25,1s,1,3987,2025-09-12 10:26:27,24072.75,24073.75,24072.25,24073.25,31,1.5,0.5,0.5,0.5,1,,,,
MNQ SEP25,1s,1,3988,2025-09-12 10:26:28,24073.75,24074,24073,24073.5,33,1,0.25,0.25,0.5,-1,,,,
MNQ SEP25,1s,1,3989,2025-09-12 10:26:29,24073.75,24073.75,24073,24073,23,0.75,0.75,0,0,-1,,,,
MNQ SEP25,1s,1,3990,2025-09-12 10:26:30,24073,24075,24073,24075,31,2,2,0,0,1,,,,
MNQ SEP25,10s,10,5798,2025-09-12 10:26:30,24074,24075,24072.25,24075,338,2.75,1,0,1.75,1,-76.25,13.95,3.05,-20
MNQ SEP25,1s,1,3991,2025-09-12 10:26:31,24074.75,24075.25,24074.5,24075.25,53,0.75,0.5,0,0.25,1,,,,
MNQ SEP25,1s,1,3992,2025-09-12 10:26:32,24075.25,24075.25,24074.75,24075,11,0.5,0.25,0,0.25,-1,,,,
MNQ SEP25,1s,1,3993,2025-09-12 10:26:33,24075.25,24075.75,24075,24075.75,25,0.75,0.5,0,0.25,1,,,,
MNQ SEP25,1s,1,3994,2025-09-12 10:26:34,24075.75,24076,24075,24075,32,1,0.75,0.25,0,-1,,,,
MNQ SEP25,1s,1,3995,2025-09-12 10:26:35,24074.75,24076.25,24074.75,24075.75,69,1.5,1,0.5,0,1,,,,
MNQ SEP25,1s,1,3996,2025-09-12 10:26:36,24076,24076,24075.5,24076,27,0.5,0,0,0.5,0,,,,
MNQ SEP25,1s,1,3997,2025-09-12 10:26:37,24075.75,24075.75,24074,24074.25,69,1.75,1.5,0,0.25,-1,,,,
MNQ SEP25,1s,1,3998,2025-09-12 10:26:38,24074.5,24074.5,24073,24073,21,1.5,1.5,0,0,-1,,,,
MNQ SEP25,1s,1,3999,2025-09-12 10:26:39,24073.5,24074,24073.25,24073.75,40,0.75,0.25,0.25,0.25,1,,,,
MNQ SEP25,1s,1,4000,2025-09-12 10:26:40,24073.25,24073.75,24073,24073.5,11,0.75,0.25,0.25,0.25,1,,,,
MNQ SEP25,10s,10,5799,2025-09-12 10:26:40,24074.75,24076.25,24073,24073.5,358,3.25,1.25,1.5,0.5,-1,-60.9,15.35,4.53333333,-19.75
MNQ SEP25,20s,20,5899,2025-09-12 10:26:40,24074,24076.25,24072.25,24073.5,696,4,0.5,2.25,1.25,-1,-410.55,57.2,-16.5,24.09
MNQ SEP25,1s,1,4001,2025-09-12 10:26:41,24073.5,24073.75,24073,24073,34,0.75,0.5,0.25,0,-1,,,,
MNQ SEP25,1s,1,4002,2025-09-12 10:26:42,24073,24073.25,24072.75,24073,27,0.5,0,0.25,0.25,0,,,,
MNQ SEP25,1s,1,4003,2025-09-12 10:26:43,24073.5,24074.25,24073.5,24073.75,16,0.75,0.25,0.5,0,1,,,,
MNQ SEP25,1s,1,4004,2025-09-12 10:26:44,24073.75,24074.5,24073.75,24074.5,25,0.75,0.75,0,0,1,,,,
MNQ SEP25,1s,1,4005,2025-09-12 10:26:45,24074,24074.75,24073.75,24074.75,25,1,0.75,0,0.25,1,,,,
MNQ SEP25,1s,1,4006,2025-09-12 10:26:46,24074.5,24075.25,24074.5,24075.25,44,0.75,0.75,0,0,1,,,,
MNQ SEP25,1s,1,4007,2025-09-12 10:26:47,24074.75,24075,24074.25,24074.5,19,0.75,0.25,0.25,0.25,-1,,,,
MNQ SEP25,1s,1,4008,2025-09-12 10:26:48,24074.75,24074.75,24074,24074,22,0.75,0.75,0,0,-1,,,,
MNQ SEP25,1s,1,4009,2025-09-12 10:26:49,24074,24074.25,24073.75,24074.25,18,0.5,0.25,0,0.25,1,,,,
MNQ SEP25,1s,1,4010,2025-09-12 10:26:50,24073.75,24075,24073.75,24075,17,1.25,1.25,0,0,1,,,,
MNQ SEP25,10s,10,5800,2025-09-12 10:26:50,24073.5,24075.25,24072.75,24075,247,2.5,1.5,0.25,0.75,1,-104.05,-43.15,-4.61666667,-3.73
MNQ SEP25,1s,1,4011,2025-09-12 10:26:51,24075,24075,24074.5,24075,14,0.5,0,0,0.5,0,,,,
MNQ SEP25,1s,1,4012,2025-09-12 10:26:52,24075,24075.25,24074.75,24075,18,0.5,0,0.25,0.25,0,,,,
MNQ SEP25,1s,1,4013,2025-09-12 10:26:53,24074.5,24074.5,24073.5,24074.25,27,1,0.25,0,0.75,-1,,,,
MNQ SEP25,1s,1,4014,2025-09-12 10:26:54,24074.5,24075,24074.5,24075,10,0.5,0.5,0,0,1,,,,
MNQ SEP25,1s,1,4015,2025-09-12 10:26:55,24075,24075.25,24073.75,24074.25,20,1.5,0.75,0.25,0.5,-1,,,,
MNQ SEP25,1s,1,4016,2025-09-12 10:26:56,24074.25,24074.5,24074,24074.5,13,0.5,0.25,0,0.25,1,,,,
MNQ SEP25,1s,1,4017,2025-09-12 10:26:57,24074.5,24074.75,24074.25,24074.5,10,0.5,0,0.25,0.25,0,,,,
MNQ SEP25,1s,1,4018,2025-09-12 10:26:58,24074.5,24074.75,24074,24074,9,0.75,0.5,0.25,0,-1,,,,
MNQ SEP25,1s,1,4019,2025-09-12 10:26:59,24074.75,24075,24074.25,24074.5,26,0.75,0.25,0.25,0.25,-1,,,,
MNQ SEP25,1s,1,4020,2025-09-12 10:27:00,24074.5,24074.5,24073.5,24073.5,37,1,1,0,0,-1,,,,
MNQ SEP25,10s,10,5801,2025-09-12 10:27:00,24075,24075.25,24073.5,24073.5,184,1.75,1.5,0.25,0,-1,-137.7,-33.65,-20.48333333,-12.64
MNQ SEP25,20s,20,5900,2025-09-12 10:27:00,24073.5,24075.25,24072.75,24073.5,431,2.5,0,1.75,0.75,0,-634.95,-224.4,-68.03333333,-38.42
MNQ SEP25,1s,1,4021,2025-09-12 10:27:01,24073.25,24074,24073,24074,49,1,0.75,0,0.25,1,,,,
MNQ SEP25,1s,1,4022,2025-09-12 10:27:02,24074,24074.25,24073,24074,110,1.25,0,0.25,1,0,,,,
MNQ SEP25,1s,1,4023,2025-09-12 10:27:03,24074,24074.25,24072,24072,91,2.25,2,0.25,0,-1,,,,
MNQ SEP25,1s,1,4024,2025-09-12 10:27:04,24072.25,24072.75,24070.75,24071.25,127,2,1,0.5,0.5,-1,,,,
MNQ SEP25,1s,1,4025,2025-09-12 10:27:05,24071.25,24071.75,24068.5,24069.25,259,3.25,2,0.5,0.75,-1,,,,
MNQ SEP25,1s,1,4026,2025-09-12 10:27:06,24069,24069.5,24066.75,24068.5,337,2.75,0.5,0.5,1.75,-1,,,,
MNQ SEP25,1s,1,4027,2025-09-12 10:27:07,24068.75,24069.75,24068.75,24069,94,1,0.25,0.75,0,1,,,,
MNQ SEP25,1s,1,4028,2025-09-12 10:27:08,24069,24071.25,24069,24070.75,94,2.25,1.75,0.5,0,1,,,,
MNQ SEP25,1s,1,4029,2025-09-12 10:27:09,24070.5,24070.75,24070,24070.75,49,0.75,0.25,0,0.5,1,,,,
MNQ SEP25,1s,1,4030,2025-09-12 10:27:10,24071,24071.75,24070.25,24070.5,56,1.5,0.5,0.75,0.25,-1,,,,
MNQ SEP25,10s,10,5802,2025-09-12 10:27:10,24073.25,24074.25,24066.75,24070.5,1266,7.5,2.75,1,3.75,-1,-1.7,136,19.73333333,17.7
MNQ SEP25,1s,1,4031,2025-09-12 10:27:11,24070.5,24071.5,24070.25,24070.75,38,1.25,0.25,0.75,0.25,1,,,,
MNQ SEP25,1s,1,4032,2025-09-12 10:27:12,24070.75,24071.75,24070.75,24071.25,34,1,0.5,0.5,0,1,,,,
MNQ SEP25,1s,1,4033,2025-09-12 10:27:13,24071.5,24071.75,24070.5,24071.25,26,1.25,0.25,0.25,0.75,-1,,,,
MNQ SEP25,1s,1,4034,2025-09-12 10:27:14,24072,24072.25,24071.25,24071.75,17,1,0.25,0.25,0.5,-1,,,,
MNQ SEP25,1s,1,4035,2025-09-12 10:27:15,24071.75,24072.25,24070.75,24071.25,56,1.5,0.5,0.5,0.5,-1,,,,
MNQ SEP25,1s,1,4036,2025-09-12 10:27:16,24071,24071,24069.25,24069.75,118,1.75,1.25,0,0.5,-1,,,,
MNQ SEP25,1s,1,4037,2025-09-12 10:27:17,24069.75,24070,24069.25,24069.25,65,0.75,0.5,0.25,0,-1,,,,
MNQ SEP25,1s,1,4038,2025-09-12 10:27:18,24069,24069.5,24068.25,24069.25,43,1.25,0.25,0.25,0.75,1,,,,
MNQ SEP25,1s,1,4039,2025-09-12 10:27:19,24069.75,24070.5,24069.75,24070,57,0.75,0.25,0.5,0,1,,,,
MNQ SEP25,1s,1,4040,2025-09-12 10:27:20,24070,24071,24070,24070,39,1,0,1,0,0,,,,
MNQ SEP25,10s,10,5803,2025-09-12 10:27:20,24070.5,24072.25,24068.25,24070,493,4,0.5,1.75,1.75,-1,16.05,17.75,40.03333333,18.46
MNQ SEP25,20s,20,5901,2025-09-12 10:27:20,24073.25,24074.25,24066.75,24070,1759,7.5,3.25,1,3.25,-1,-484.1,150.85,-5.45,-24.61
MNQ SEP25,1s,1,4041,2025-09-12 10:27:21,24070.5,24070.5,24069,24069,29,1.5,1.5,0,0,-1,,,,
MNQ SEP25,1s,1,4042,2025-09-12 10:27:22,24068.75,24069.75,24068.75,24069.75,37,1,1,0,0,1,,,,
MNQ SEP25,1s,1,4043,2025-09-12 10:27:23,24069.5,24070,24069.25,24069.75,21,0.75,0.25,0.25,0.25,1,,,,
MNQ SEP25,1s,1,4044,2025-09-12 10:27:24,24070.25,24070.25,24069.25,24069.5,19,1,0.75,0,0.25,-1,,,,
MNQ SEP25,1s,1,4045,2025-09-12 10:27:25,24069.75,24070.5,24069.25,24070.25,55,1.25,0.5,0.25,0.5,1,,,,
MNQ SEP25,1s,1,4046,2025-09-12 10:27:26,24070,24070.25,24069.5,24070.25,16,0.75,0.25,0,0.5,1,,,,
MNQ SEP25,1s,1,4047,2025-09-12 10:27:27,24070,24070.5,24069.25,24069.75,49,1.25,0.25,0.5,0.5,-1,,,,
MNQ SEP25,1s,1,4048,2025-09-12 10:27:28,24069.75,24070,24069.25,24069.5,37,0.75,0.25,0.25,0.25,-1,,,,
MNQ SEP25,1s,1,4049,2025-09-12 10:27:29,24069.5,24070.25,24069.5,24070,13,0.75,0.5,0.25,0,1,,,,
MNQ SEP25,1s,1,4050,2025-09-12 10:27:30,24070.25,24070.25,24069,24069.5,29,1.25,0.75,0,0.5,-1,,,,
MNQ SEP25,10s,10,5804,2025-09-12 10:27:30,24070.5,24070.5,24068.75,24069.5,305,1.75,1,0,0.75,-1,33.45,17.4,57.05,18.87
MNQ SEP25,1s,1,4051,2025-09-12 10:27:31,24069.25,24069.75,24069,24069.25,14,0.75,0,0.5,0.25,0,,,,
MNQ SEP25,1s,1,4052,2025-09-12 10:27:32,24069.25,24069.5,24068.75,24069,35,0.75,0.25,0.25,0.25,-1,,,,
MNQ SEP25,1s,1,4053,2025-09-12 10:27:33,24069.5,24070.25,24069.25,24069.75,45,1,0.25,0.5,0.25,1,,,,
MNQ SEP25,1s,1,4054,2025-09-12 10:27:34,24070,24070.5,24069.5,24070,34,1,0,0.5,0.5,0,,,,
MNQ SEP25,1s,1,4055,2025-09-12 10:27:35,24069.75,24071.5,24069.75,24071.25,29,1.75,1.5,0.25,0,1,,,,
MNQ SEP25,1s,1,4056,2025-09-12 10:27:36,24070.5,24070.5,24069.5,24069.5,25,1,1,0,0,-1,,,,
MNQ SEP25,1s,1,4057,2025-09-12 10:27:37,24069,24069.5,24068.5,24068.75,39,1,0.25,0.5,0.25,-1,,,,
MNQ SEP25,1s,1,4058,2025-09-12 10:27:38,24068.75,24069.5,24068.5,24068.75,26,1,0,0.75,0.25,0,,,,
MNQ SEP25,1s,1,4059,2025-09-12 10:27:39,24069,24069.5,24068.75,24068.75,24,0.75,0.25,0.5,0,-1,,,,
MNQ SEP25,1s,1,4060,2025-09-12 10:27:40,24068.5,24069.25,24068.5,24068.75,35,0.75,0.25,0.5,0,1,,,,
MNQ SEP25,10s,10,5805,2025-09-12 10:27:40,24069.25,24071.5,24068.5,24068.75,306,3,0.5,2.25,0.25,-1,44.65,11.2,15.45,29.74
MNQ SEP25,20s,20,5902,2025-09-12 10:27:40,24070.5,24071.5,24068.5,24068.75,611,3,1.75,1,0.25,-1,-524.75,-40.65,-38.06666667,-18.78
MNQ SEP25,1s,1,4061,2025-09-12 10:27:41,24068.75,24069.5,24068.5,24069.25,38,1,0.5,0.25,0.25,1,,,,
MNQ SEP25,1s,1,4062,2025-09-12 10:27:42,24069.25,24069.25,24068.75,24069,17,0.5,0.25,0,0.25,-1,,,,
MNQ SEP25,1s,1,4063,2025-09-12 10:27:43,24068.75,24069,24067.25,24067.75,132,1.75,1,0.25,0.5,-1,,,,
MNQ SEP25,1s,1,4064,2025-09-12 10:27:44,24067.5,24067.5,24065.75,24066,217,1.75,1.5,0,0.25,-1,,,,
MNQ SEP25,1s,1,4065,2025-09-12 10:27:45,24066.5,24068.75,24066.5,24068.25,120,2.25,1.75,0.5,0,1,,,,
MNQ SEP25,1s,1,4066,2025-09-12 10:27:46,24068.75,24070,24068.25,24069.75,83,1.75,1,0.25,0.5,1,,,,
MNQ SEP25,1s,1,4067,2025-09-12 10:27:47,24069.5,24069.75,24068.75,24068.75,48,1,0.75,0.25,0,-1,,,,
MNQ SEP25,1s,1,4068,2025-09-12 10:27:48,24068.75,24069.5,24068.75,24069.5,37,0.75,0.75,0,0,1,,,,
MNQ SEP25,1s,1,4069,2025-09-12 10:27:49,24069.75,24070.5,24069.5,24070,40,1,0.25,0.5,0.25,1,,,,
MNQ SEP25,1s,1,4070,2025-09-12 10:27:50,24070.25,24070.5,24069.75,24070,24,0.75,0.25,0.25,0.25,-1,,,,
MNQ SEP25,10s,10,5806,2025-09-12 10:27:50,24068.75,24070.5,24065.75,24070,756,4.75,1.25,0.5,3,1,149.9,105.25,44.61666667,57.52
MNQ SEP25,1s,1,4071,2025-09-12 10:27:51,24069.75,24070.25,24069.25,24069.75,38,1,0,0.5,0.5,0,,,,
MNQ SEP25,1s,1,4072,2025-09-12 10:27:52,24069.75,24069.75,24069,24069.75,26,0.75,0,0,0.75,0,,,,
MNQ SEP25,1s,1,4073,2025-09-12 10:27:53,24069.75,24070,24069.25,24069.25,19,0.75,0.5,0.25,0,-1,,,,
MNQ SEP25,1s,1,4074,2025-09-12 10:27:54,24069.5,24069.75,24069.25,24069.5,25,0.5,0,0.25,0.25,0,,,,
MNQ SEP25,1s,1,4075,2025-09-12 10:27:55,24069.25,24069.5,24069,24069.25,20,0.5,0,0.25,0.25,0,,,,
MNQ SEP25,1s,1,4076,2025-09-12 10:27:56,24069,24069.25,24068.25,24068.5,14,1,0.5,0.25,0.25,-1,,,,
MNQ SEP25,1s,1,4077,2025-09-12 10:27:57,24068.5,24069,24068.25,24068.25,37,0.75,0.25,0.5,0,-1,,,,
MNQ SEP25,1s,1,4078,2025-09-12 10:27:58,24068.25,24069,24068.25,24068.75,24,0.75,0.5,0.25,0,1,,,,
MNQ SEP25,1s,1,4079,2025-09-12 10:27:59,24068.5,24068.75,24067.75,24068.75,21,1,0.25,0,0.75,1,,,,
MNQ SEP25,1s,1,4080,2025-09-12 10:28:00,24068.5,24068.5,24067.5,24068,40,1,0.5,0,0.5,-1,,,,
MNQ SEP25,10s,10,5807,2025-09-12 10:28:00,24069.75,24070.25,24067.5,24068,264,2.75,1.75,0.5,0.5,-1,-44.25,-194.15,-25.9,-8.51
MNQ SEP25,20s,20,5903,2025-09-12 10:28:00,24068.75,24070.5,24065.75,24068,1020,4.75,0.75,1.75,2.25,-1,-302.2,222.55,110.91666667,33.11
MNQ SEP25,1s,1,4081,2025-09-12 10:28:01,24068,24068.75,24068,24068.5,26,0.75,0.5,0.25,0,1,,,,
MNQ SEP25,1s,1,4082,2025-09-12 10:28:02,24068.5,24069.25,24068,24069.25,69,1.25,0.75,0,0.5,1,,,,
MNQ SEP25,1s,1,4083,2025-09-12 10:28:03,24069.5,24072.25,24069.5,24072,169,2.75,2.5,0.25,0,1,,,,
MNQ SEP25,1s,1,4084,2025-09-12 10:28:04,24072,24072.5,24071.5,24072,106,1,0,0.5,0.5,0,,,,
MNQ SEP25,1s,1,4085,2025-09-12 10:28:05,24071.75,24072,24071,24071,15,1,0.75,0.25,0,-1,,,,
MNQ SEP25,1s,1,4086,2025-09-12 10:28:06,24071.25,24071.75,24071,24071.5,23,0.75,0.25,0.25,0.25,1,,,,
MNQ SEP25,1s,1,4087,2025-09-12 10:28:07,24071.25,24071.75,24070.75,24071,39,1,0.25,0.5,0.25,-1,,,,
MNQ SEP25,1s,1,4088,2025-09-12 10:28:08,24071.5,24071.75,24070.75,24071,36,1,0.5,0.25,0.25,-1,,,,
MNQ SEP25,1s,1,4089,2025-09-12 10:28:09,24071.5,24072,24071.5,24071.5,11,0.5,0,0.5,0,0,,,,
MNQ SEP25,1s,1,4090,2025-09-12 10:28:10,24071.75,24071.75,24070.5,24070.75,56,1.25,1,0,0.25,-1,,,,
MNQ SEP25,10s,10,5808,2025-09-12 10:28:10,24068,24072.5,24068,24070.75,550,4.5,2.75,1.75,0,1,-42.5,1.75,-29.05,-11.71
MNQ SEP25,1s,1,4091,2025-09-12 10:28:11,24071.25,24071.25,24070.5,24070.5,26,0.75,0.75,0,0,-1,,,,
MNQ SEP25,1s,1,4092,2025-09-12 10:28:12,24070,24070,24068.75,24069,29,1.25,1,0,0.25,-1,,,,
MNQ SEP25,1s,1,4093,2025-09-12 10:28:13,24069.75,24071,24069,24070,79,2,0.25,1,0.75,1,,,,
MNQ SEP25,1s,1,4094,2025-09-12 10:28:14,24069.75,24070.5,24069.75,24070.25,29,0.75,0.5,0.25,0,1,,,,
MNQ SEP25,1s,1,4095,2025-09-12 10:28:15,24070.25,24070.5,24069.75,24069.75,31,0.75,0.5,0.25,0,-1,,,,
MNQ SEP25,1s,1,4096,2025-09-12 10:28:16,24069.5,24070,24069,24069.75,34,1,0.25,0.25,0.5,1,,,,
MNQ SEP25,1s,1,4097,2025-09-12 10:28:17,24070,24070,24069.75,24069.75,44,0.25,0.25,0,0,-1,,,,
MNQ SEP25,1s,1,4098,2025-09-12 10:28:18,24070.25,24070.25,24069.25,24069.5,36,1,0.75,0,0.25,-1,,,,
MNQ SEP25,1s,1,4099,2025-09-12 10:28:19,24069.5,24069.75,24068.75,24068.75,29,1,0.75,0.25,0,-1,,,,
MNQ SEP25,1s,1,4100,2025-09-12 10:28:20,24069.5,24069.5,24069.25,24069.25,10,0.25,0.25,0,0,-1,,,,
MNQ SEP25,10s,10,5809,2025-09-12 10:28:20,24071.25,24071.25,24068.75,24069.25,347,2.5,2,0,0.5,-1,-38.4,4.1,-62.76666667,-14.37
MNQ SEP25,20s,20,5904,2025-09-12 10:28:20,24068,24072.5,24068,24069.25,897,4.5,1.25,3.25,0,1,-142.75,159.45,113.78333333,53.56
MNQ SEP25,1s,1,4101,2025-09-12 10:28:21,24069.5,24070.25,24069,24070.25,24,1.25,0.75,0,0.5,1,,,,
MNQ SEP25,1s,1,4102,2025-09-12 10:28:22,24070,24070.5,24069.75,24070,10,0.75,0,0.5,0.25,0,,,,
MNQ SEP25,1s,1,4103,2025-09-12 10:28:23,24069.75,24069.75,24068.75,24069.5,28,1,0.25,0,0.75,-1,,,,
MNQ SEP25,1s,1,4104,2025-09-12 10:28:24,24069.25,24069.75,24068.75,24069.75,10,1,0.5,0,0.5,1,,,,
MNQ SEP25,1s,1,4105,2025-09-12 10:28:25,24069.5,24069.5,24069,24069.5,26,0.5,0,0,0.5,0,,,,
MNQ SEP25,1s,1,4106,2025-09-12 10:28:26,24070,24071.5,24070,24071.5,31,1.5,1.5,0,0,1,,,,
MNQ SEP25,1s,1,4107,2025-09-12 10:28:27,24071.5,24072.25,24071.25,24071.5,39,1,0,0.75,0.25,0,,,,
MNQ SEP25,1s,1,4108,2025-09-12 10:28:28,24071.75,24072,24070.25,24070.5,37,1.75,1.25,0.25,0.25,-1,,,,
MNQ SEP25,1s,1,4109,2025-09-12 10:28:29,24070.75,24071.75,24070,24071.5,53,1.75,0.75,0.25,0.75,1,,,,
MNQ SEP25,1s,1,4110,2025-09-12 10:28:30,24071.5,24073,24070.75,24070.75,69,2.25,0.75,1.5,0,-1,,,,
MNQ SEP25,10s,10,5810,2025-09-12 10:28:30,24069.5,24073,24068.75,24070.75,327,4.25,1.25,2.25,0.75,1,12.05,50.45,18.76666667,-6.52
MNQ SEP25,1s,1,4111,2025-09-12 10:28:31,24071,24071.5,24070.75,24071.5,14,0.75,0.5,0,0.25,1,,,,
MNQ SEP25,1s,1,4112,2025-09-12 10:28:32,24071.5,24071.75,24070.5,24071,45,1.25,0.5,0.25,0.5,-1,,,,
MNQ SEP25,1s,1,4113,2025-09-12 10:28:33,24071.25,24071.25,24071,24071,12,0.25,0.25,0,0,-1,,,,
MNQ SEP25,1s,1,4114,2025-09-12 10:28:34,24070.75,24070.75,24069,24069,50,1.75,1.75,0,0,-1,,,,
MNQ SEP25,1s,1,4115,2025-09-12 10:28:35,24069,24069.75,24068.75,24069,33,1,0,0.75,0.25,0,,,,
MNQ SEP25,1s,1,4116,2025-09-12 10:28:36,24069,24069.5,24068.75,24069.5,24,0.75,0.5,0,0.25,1,,,,
MNQ SEP25,1s,1,4117,2025-09-12 10:28:37,24069.5,24069.5,24068.75,24069,16,0.75,0.5,0,0.25,-1,,,,
MNQ SEP25,1s,1,4118,2025-09-12 10:28:38,24068.75,24069.25,24068.25,24069.25,52,1,0.5,0,0.5,1,,,,
MNQ SEP25,1s,1,4119,2025-09-12 10:28:39,24069,24070,24068.75,24069.75,27,1.25,0.75,0.25,0.25,1,,,,
MNQ SEP25,1s,1,4120,2025-09-12 10:28:40,24069.75,24069.75,24069,24069.5,28,0.75,0.25,0,0.5,-1,,,,
MNQ SEP25,10s,10,5811,2025-09-12 10:28:40,24071,24071.75,24068.25,24069.5,301,3.5,1.5,0.75,1.25,-1,-67.75,-79.8,-8.41666667,-43.53
MNQ SEP25,20s,20,5905,2025-09-12 10:28:40,24069.5,24073,24068.25,24069.5,628,4.75,0,3.5,1.25,0,-40.35,102.4,161.46666667,118.92
MNQ SEP25,1s,1,4121,2025-09-12 10:28:41,24069.25,24069.75,24069.25,24069.75,9,0.5,0.5,0,0,1,,,,
MNQ SEP25,1s,1,4122,2025-09-12 10:28:42,24069.25,24069.5,24069,24069,16,0.5,0.25,0.25,0,-1,,,,
MNQ SEP25,1s,1,4123,2025-09-12 10:28:43,24069,24069.25,24068,24068.75,49,1.25,0.25,0.25,0.75,-1,,,,
MNQ SEP25,1s,1,4124,2025-09-12 10:28:44,24068.25,24069.75,24068.25,24069.25,52,1.5,1,0.5,0,1,,,,
MNQ SEP25,1s,1,4125,2025-09-12 10:28:45,24069,24069.75,24069,24069.75,18,0.75,0.75,0,0,1,,,,
MNQ SEP25,1s,1,4126,2025-09-12 10:28:46,24069.5,24070,24069.25,24069.75,29,0.75,0.25,0.25,0.25,1,,,,
MNQ SEP25,1s,1,4127,2025-09-12 10:28:47,24069.25,24070,24069.25,24069.5,17,0.75,0.25,0.5,0,1,,,,
MNQ SEP25,1s,1,4128,2025-09-12 10:28:48,24069,24069,24068.5,24069,4,0.5,0,0,0.5,0,,,,
MNQ SEP25,1s,1,4129,2025-09-12 10:28:49,24068.5,24069.25,24068.5,24069,14,0.75,0.5,0.25,0,1,,,,
MNQ SEP25,1s,1,4130,2025-09-12 10:28:50,24068.75,24068.75,24068.5,24068.5,14,0.25,0.25,0,0,-1,,,,
MNQ SEP25,10s,10,5812,2025-09-12 10:28:50,24069.25,24070,24068,24068.5,222,2,0.75,0.75,0.5,-1,-63.6,4.15,-8.4,-3.87
MNQ SEP25,1s,1,4131,2025-09-12 10:28:51,24068.25,24070,24068.25,24069.5,40,1.75,1.25,0.5,0,1,,,,
MNQ SEP25,1s,1,4132,2025-09-12 10:28:52,24069.25,24069.5,24068.75,24068.75,11,0.75,0.5,0.25,0,-1,,,,
MNQ SEP25,1s,1,4133,2025-09-12 10:28:53,24069.25,24069.25,24068.75,24068.75,3,0.5,0.5,0,0,-1,,,,
MNQ SEP25,1s,1,4134,2025-09-12 10:28:54,24069,24069.25,24068.5,24068.5,10,0.75,0.5,0.25,0,-1,,,,
MNQ SEP25,1s,1,4135,2025-09-12 10:28:55,24068.25,24068.75,24068,24068.5,29,0.75,0.25,0.25,0.25,1,,,,
MNQ SEP25,1s,1,4136,2025-09-12 10:28:56,24068.75,24068.75,24067.25,24067.75,26,1.5,1,0,0.5,-1,,,,
MNQ SEP25,1s,1,4137,2025-09-12 10:28:57,24067.75,24068.25,24066.5,24067.25,165,1.75,0.5,0.5,0.75,-1,,,,
MNQ SEP25,1s,1,4138,2025-09-12 10:28:58,24067.5,24067.75,24067,24067.75,37,0.75,0.25,0,0.5,1,,,,
MNQ SEP25,1s,1,4139,2025-09-12 10:28:59,24067.25,24067.5,24066.5,24066.75,62,1,0.5,0.25,0.25,-1,,,,
MNQ SEP25,1s,1,4140,2025-09-12 10:29:00,24067.25,24067.5,24066.75,24067,30,0.75,0.25,0.25,0.25,-1,,,,
MNQ SEP25,10s,10,5813,2025-09-12 10:29:00,24068.25,24070,24066.5,24067,413,3.5,1.25,1.75,0.5,-1,-91.4,-27.8,-34.48333333,-9.78
MNQ SEP25,20s,20,5906,2025-09-12 10:29:00,24069.25,24070,24066.5,24067,635,3.5,2.25,0.75,0.5,-1,-214.65,-174.3,29.18333333,53.89
MNQ SEP25,1s,1,4141,2025-09-12 10:29:01,24067,24067.75,24066.75,24067.5,94,1,0.5,0.25,0.25,1,,,,
MNQ SEP25,1s,1,4142,2025-09-12 10:29:02,24067,24067.5,24066.5,24066.75,31,1,0.25,0.5,0.25,-1,,,,
MNQ SEP25,1s,1,4143,2025-09-12 10:29:03,24067,24068.25,24067,24067.75,48,1.25,0.75,0.5,0,1,,,,
MNQ SEP25,1s,1,4144,2025-09-12 10:29:04,24067.75,24068,24067.5,24067.5,11,0.5,0.25,0.25,0,-1,,,,
MNQ SEP25,1s,1,4145,2025-09-12 10:29:05,24067.25,24068,24066.75,24068,41,1.25,0.75,0,0.5,1,,,,
MNQ SEP25,1s,1,4146,2025-09-12 10:29:06,24067.75,24069.5,24067.5,24068.75,32,2,1,0.75,0.25,1,,,,
MNQ SEP25,1s,1,4147,2025-09-12 10:29:07,24068.75,24069.25,24068.25,24069,42,1,0.25,0.25,0.5,1,,,,
MNQ SEP25,1s,1,4148,2025-09-12 10:29:08,24068.75,24069.25,24068.5,24069,22,0.75,0.25,0.25,0.25,1,,,,
MNQ SEP25,1s,1,4149,2025-09-12 10:29:09,24068.75,24069.25,24068.25,24068.5,30,1,0.25,0.5,0.25,-1,,,,
MNQ SEP25,1s,1,4150,2025-09-12 10:29:10,24068.5,24068.75,24067.75,24068.75,30,1,0.25,0,0.75,1,,,,
MNQ SEP25,10s,10,5814,2025-09-12 10:29:10,24067,24069.5,24066.5,24068.75,381,3,1.75,0.75,0.5,1,-89.25,2.15,-7.16666667,-10.17
MNQ SEP25,1s,1,4151,2025-09-12 10:29:11,24069,24069.75,24068.5,24069.75,25,1.25,0.75,0,0.5,1,,,,
MNQ SEP25,1s,1,4152,2025-09-12 10:29:12,24069.5,24069.5,24068.25,24068.25,13,1.25,1.25,0,0,-1,,,,
MNQ SEP25,1s,1,4153,2025-09-12 10:29:13,24068.75,24069,24068.5,24068.75,35,0.5,0,0.25,0.25,0,,,,
MNQ SEP25,1s,1,4154,2025-09-12 10:29:14,24068.75,24068.75,24068.5,24068.5,19,0.25,0.25,0,0,-1,,,,
MNQ SEP25,1s,1,4155,2025-09-12 10:29:15,24068.5,24068.75,24067.75,24068.5,18,1,0,0.25,0.75,0,,,,
MNQ SEP25,1s,1,4156,2025-09-12 10:29:16,24069,24069.25,24068.75,24069.25,12,0.5,0.25,0,0.25,1,,,,
MNQ SEP25,1s,1,4157,2025-09-12 10:29:17,24069,24069.25,24068.75,24069,7,0.5,0,0.25,0.25,0,,,,
MNQ SEP25,1s,1,4158,2025-09-12 10:29:18,24069,24069.5,24068.75,24069.25,9,0.75,0.25,0.25,0.25,1,,,,
MNQ SEP25,1s,1,4159,2025-09-12 10:29:19,24069.25,24070,24069.25,24069.5,36,0.75,0.25,0.5,0,1,,,,
MNQ SEP25,1s,1,4160,2025-09-12 10:29:20,24070,24070.25,24069.75,24070.25,28,0.5,0.25,0,0.25,1,,,,
MNQ SEP25,10s,10,5815,2025-09-12 10:29:20,24069,24070.25,24067.75,24070.25,202,2.5,1.25,0,1.25,1,-96.25,-7,-10.88333333,-21.66
MNQ SEP25,20s,20,5907,2025-09-12 10:29:20,24067,24070.25,24066.5,24070.25,583,3.75,3.25,0,0.5,1,-183.45,31.2,-13.56666667,68.26
MNQ SEP25,1s,1,4161,2025-09-12 10:29:21,24069.75,24070,24069,24069,65,1,0.75,0.25,0,-1,,,,
MNQ SEP25,1s,1,4162,2025-09-12 10:29:22,24069.25,24070,24069.25,24069.25,26,0.75,0,0.75,0,0,,,,
MNQ SEP25,1s,1,4163,2025-09-12 10:29:23,24069.5,24069.5,24069.25,24069.25,5,0.25,0.25,0,0,-1,,,,
MNQ SEP25,1s,1,4164,2025-09-12 10:29:24,24069,24069.75,24069,24069.5,19,0.75,0.5,0.25,0,1,,,,
MNQ SEP25,1s,1,4165,2025-09-12 10:29:25,24069.25,24070.25,24069.25,24070.25,33,1,1,0,0,1,,,,
MNQ SEP25,1s,1,4166,2025-09-12 10:29:26,24070.25,24070.5,24069.75,24070.25,30,0.75,0,0.25,0.5,0,,,,
MNQ SEP25,1s,1,4167,2025-09-12 10:29:27,24070,24071.25,24070,24070.25,52,1.25,0.25,1,0,1,,,,
MNQ SEP25,1s,1,4168,2025-09-12 10:29:28,24070.25,24070.25,24070,24070.25,12,0.25,0,0,0.25,0,,,,
MNQ SEP25,1s,1,4169,2025-09-12 10:29:29,24070.25,24070.5,24069.75,24069.75,13,0.75,0.5,0.25,0,-1,,,,
MNQ SEP25,1s,1,4170,2025-09-12 10:29:30,24069.5,24070,24069.25,24070,26,0.75,0.5,0,0.25,1,,,,
MNQ SEP25,10s,10,5816,2025-09-12 10:29:30,24069.75,24071.25,24069,24070,281,2.25,0.25,1.25,0.75,1,-93.05,3.2,-0.55,-5.06
MNQ SEP25,1s,1,4171,2025-09-12 10:29:31,24070,24070.75,24069.75,24069.75,24,1,0.25,0.75,0,-1,,,,
MNQ SEP25,1s,1,4172,2025-09-12 10:29:32,24070,24070.5,24070,24070.5,8,0.5,0.5,0,0,1,,,,
MNQ SEP25,1s,1,4173,2025-09-12 10:29:33,24070.75,24071,24070.75,24070.75,6,0.25,0,0.25,0,0,,,,
MNQ SEP25,1s,1,4174,2025-09-12 10:29:34,24070.75,24071,24070.75,24070.75,13,0.25,0,0.25,0,0,,,,
MNQ SEP25,1s,1,4175,2025-09-12 10:29:35,24070.75,24071,24070.5,24070.5,12,0.5,0.25,0.25,0,-1,,,,
MNQ SEP25,1s,1,4176,2025-09-12 10:29:36,24070.5,24071,24070.5,24071,16,0.5,0.5,0,0,1,,,,
MNQ SEP25,1s,1,4177,2025-09-12 10:29:37,24070.75,24070.75,24070.5,24070.5,13,0.25,0.25,0,0,-1,,,,
MNQ SEP25,1s,1,4178,2025-09-12 10:29:38,24070.25,24070.25,24069.5,24069.75,20,0.75,0.5,0,0.25,-1,,,,
MNQ SEP25,1s,1,4179,2025-09-12 10:29:39,24070.25,24071.25,24070,24071,45,1.25,0.75,0.25,0.25,1,,,,
MNQ SEP25,1s,1,4180,2025-09-12 10:29:40,24070.75,24071,24069,24069.75,31,2,1,0.25,0.75,-1,,,,
MNQ SEP25,10s,10,5817,2025-09-12 10:29:40,24070,24071.25,24069,24069.75,188,2.25,0.25,1.25,0.75,-1,-93.45,-0.4,-1.4,-5.97
MNQ SEP25,20s,20,5908,2025-09-12 10:29:40,24069.75,24071.25,24069,24069.75,469,2.25,0,1.5,0.75,0,-233.45,-50,-64.36666667,13.75
MNQ SEP25,1s,1,4181,2025-09-12 10:29:41,24070.5,24070.5,24070,24070,12,0.5,0.5,0,0,-1,,,,
MNQ SEP25,1s,1,4182,2025-09-12 10:29:42,24070,24070.25,24069.75,24070,19,0.5,0,0.25,0.25,0,,,,
MNQ SEP25,1s,1,4183,2025-09-12 10:29:43,24070.25,24071.75,24070.25,24071.25,43,1.5,1,0.5,0,1,,,,
MNQ SEP25,1s,1,4184,2025-09-12 10:29:44,24071.25,24071.5,24071,24071.25,18,0.5,0,0.25,0.25,0,,,,
MNQ SEP25,1s,1,4185,2025-09-12 10:29:45,24071.25,24071.5,24071.25,24071.5,7,0.25,0.25,0,0,1,,,,
MNQ SEP25,1s,1,4186,2025-09-12 10:29:46,24071.5,24071.75,24071.25,24071.25,17,0.5,0.25,0.25,0,-1,,,,
MNQ SEP25,1s,1,4187,2025-09-12 10:29:47,24071,24071.5,24071,24071.5,17,0.5,0.5,0,0,1,,,,
MNQ SEP25,1s,1,4188,2025-09-12 10:29:48,24071.25,24071.25,24069.75,24070,17,1.5,1.25,0,0.25,-1,,,,
MNQ SEP25,1s,1,4189,2025-09-12 10:29:49,24070,24070.5,24070,24070.5,16,0.5,0.5,0,0,1,,,,
MNQ SEP25,1s,1,4190,2025-09-12 10:29:50,24071,24071,24070.5,24070.5,7,0.5,0.5,0,0,-1,,,,
MNQ SEP25,10s,10,5818,2025-09-12 10:29:50,24070.5,24071.75,24069.75,24070.5,173,2,0,1.25,0.75,0,-133.2,-39.75,-12.31666667,-8.36
MNQ SEP25,1s,1,4191,2025-09-12 10:29:51,24070.5,24070.75,24070,24070,25,0.75,0.5,0.25,0,-1,,,,
MNQ SEP25,1s,1,4192,2025-09-12 10:29:52,24070.25,24070.25,24069.75,24070.25,8,0.5,0,0,0.5,0,,,,
MNQ SEP25,1s,1,4193,2025-09-12 10:29:53,24070,24070.5,24069.75,24070.25,49,0.75,0.25,0.25,0.25,1,,,,
MNQ SEP25,1s,1,4194,2025-09-12 10:29:54,24070.5,24070.5,24070,24070.5,13,0.5,0,0,0.5,0,,,,
MNQ SEP25,1s,1,4195,2025-09-12 10:29:55,24070.75,24070.75,24070.25,24070.25,5,0.5,0.5,0,0,-1,,,,
MNQ SEP25,1s,1,4196,2025-09-12 10:29:56,24069.75,24069.75,24069.25,24069.5,17,0.5,0.25,0,0.25,-1,,,,
MNQ SEP25,1s,1,4197,2025-09-12 10:29:57,24069.5,24069.5,24068.5,24069.25,26,1,0.25,0,0.75,-1,,,,
MNQ SEP25,1s,1,4198,2025-09-12 10:29:58,24068.75,24069.25,24068.5,24068.75,39,0.75,0,0.5,0.25,0,,,,
MNQ SEP25,1s,1,4199,2025-09-12 10:29:59,24069.5,24070.75,24069.5,24070.25,45,1.25,0.75,0.5,0,1,,,,
MNQ SEP25,1s,1,4200,2025-09-12 10:30:00,24070.25,24071.75,24070,24071.75,108,1.75,1.5,0,0.25,1,,,,
MNQ SEP25,10s,10,5819,2025-09-12 10:30:00,24070.5,24071.75,24068.5,24071.75,335,3.25,1.25,0,2,1,-141.25,-8.05,-16.06666667,-10.4
MNQ SEP25,20s,20,5909,2025-09-12 10:30:00,24070.5,24071.75,24068.5,24071.75,508,3.25,1.25,0,2,1,-273.15,-39.7,-19.5,-26.08
MNQ SEP25,1s,1,4201,2025-09-12 10:30:01,24071.75,24072.25,24071.25,24072,178,1,0.25,0.25,0.5,1,,,,
MNQ SEP25,1s,1,4202,2025-09-12 10:30:02,24071.5,24072,24070.5,24071,93,1.5,0.5,0.5,0.5,-1,,,,
MNQ SEP25,1s,1,4203,2025-09-12 10:30:03,24071,24072,24071,24071.5,76,1,0.5,0.5,0,1,,,,
MNQ SEP25,1s,1,4204,2025-09-12 10:30:04,24072,24072.25,24071.5,24072.25,53,0.75,0.25,0,0.5,1,,,,
MNQ SEP25,1s,1,4205,2025-09-12 10:30:05,24072,24072.5,24071,24071.75,70,1.5,0.25,0.5,0.75,-1,,,,
MNQ SEP25,1s,1,4206,2025-09-12 10:30:06,24071.5,24072.75,24071,24072.5,63,1.75,1,0.25,0.5,1,,,,
MNQ SEP25,1s,1,4207,2025-09-12 10:30:07,24072.75,24073,24071.5,24071.75,69,1.5,1,0.25,0.25,-1,,,,
MNQ SEP25,1s,1,4208,2025-09-12 10:30:08,24072.25,24072.5,24071.75,24072.25,31,0.75,0,0.25,0.5,0,,,,
MNQ SEP25,1s,1,4209,2025-09-12 10:30:09,24072,24072.5,24071.75,24072.25,26,0.75,0.25,0.25,0.25,1,,,,
MNQ SEP25,1s,1,4210,2025-09-12 10:30:10,24071.75,24072,24069.5,24070,98,2.5,1.75,0.25,0.5,-1,,,,
MNQ SEP25,10s,10,5820,2025-09-12 10:30:10,24071.75,24073,24069.5,24070,757,3.5,1.75,1.25,0.5,-1,-55.75,85.5,12.56666667,8.1
MNQ SEP25,1s,1,4211,2025-09-12 10:30:11,24070,24070.5,24069.25,24069.5,29,1.25,0.5,0.5,0.25,-1,,,,
MNQ SEP25,1s,1,4212,2025-09-12 10:30:12,24069.75,24070,24069.5,24070,29,0.5,0.25,0,0.25,1,,,,
MNQ SEP25,1s,1,4213,2025-09-12 10:30:13,24070.25,24072,24070,24071.5,78,2,1.25,0.5,0.25,1,,,,
MNQ SEP25,1s,1,4214,2025-09-12 10:30:14,24072,24072.25,24071.5,24072,58,0.75,0,0.25,0.5,0,,,,
MNQ SEP25,1s,1,4215,2025-09-12 10:30:15,24072.5,24073.5,24072.5,24073.5,80,1,1,0,0,1,,,,
MNQ SEP25,1s,1,4216,2025-09-12 10:30:16,24072.75,24073,24071.25,24071.75,71,1.75,1,0.25,0.5,-1,,,,
MNQ SEP25,1s,1,4217,2025-09-12 10:30:17,24071.25,24071.75,24070.25,24070.25,35,1.5,1,0.5,0,-1,,,,
MNQ SEP25,1s,1,4218,2025-09-12 10:30:18,24071,24071.5,24070.75,24071.25,21,0.75,0.25,0.25,0.25,1,,,,
MNQ SEP25,1s,1,4219,2025-09-12 10:30:19,24070.75,24071.25,24070.5,24070.5,27,0.75,0.25,0.5,0,-1,,,,
MNQ SEP25,1s,1,4220,2025-09-12 10:30:20,24070.5,24071.25,24070.5,24070.75,40,0.75,0.25,0.5,0,1,,,,
MNQ SEP25,10s,10,5821,2025-09-12 10:30:20,24070,24073.5,24069.25,24070.75,468,4.25,0.75,2.75,0.75,1,-32.55,23.2,33.55,12.1
MNQ SEP25,20s,20,5910,2025-09-12 10:30:20,24071.75,24073.5,24069.25,24070.75,1225,4.25,1,1.75,1.5,-1,-159.05,114.1,8.13333333,-23.74
MNQ SEP25,1s,1,4221,2025-09-12 10:30:21,24071.75,24073,24071.5,24073,37,1.5,1.25,0,0.25,1,,,,
MNQ SEP25,1s,1,4222,2025-09-12 10:30:22,24072.5,24073.25,24072.25,24072.5,25,1,0,0.75,0.25,0,,,,
MNQ SEP25,1s,1,4223,2025-09-12 10:30:23,24073,24075,24072.75,24073.75,198,2.25,0.75,1.25,0.25,1,,,,
MNQ SEP25,1s,1,4224,2025-09-12 10:30:24,24073.5,24073.5,24072.5,24072.5,41,1,1,0,0,-1,,,,
MNQ SEP25,1s,1,4225,2025-09-12 10:30:25,24072.25,24073,24072.25,24073,24,0.75,0.75,0,0,1,,,,
MNQ SEP25,1s,1,4226,2025-09-12 10:30:26,24073.5,24074,24073.5,24073.75,22,0.5,0.25,0.25,0,1,,,,
MNQ SEP25,1s,1,4227,2025-09-12 10:30:27,24073.75,24074,24072.75,24074,49,1.25,0.25,0,1,1,,,,
MNQ SEP25,1s,1,4228,2025-09-12 10:30:28,24073.75,24073.75,24072.5,24073.5,43,1.25,0.25,0,1,-1,,,,
MNQ SEP25,1s,1,4229,2025-09-12 10:30:29,24073.5,24073.75,24073,24073.5,37,0.75,0,0.25,0.5,0,,,,
MNQ SEP25,1s,1,4230,2025-09-12 10:30:30,24073.5,24074.5,24073.25,24074.25,22,1.25,0.75,0.25,0.25,1,,,,
MNQ SEP25,10s,10,5822,2025-09-12 10:30:30,24071.75,24075,24071.5,24074.25,498,3.5,2.5,0.75,0.25,1,67.85,100.4,69.7,32.26
MNQ SEP25,1s,1,4231,2025-09-12 10:30:31,24074.5,24075.25,24074.5,24074.75,86,0.75,0.25,0.5,0,1,,,,
MNQ SEP25,1s,1,4232,2025-09-12 10:30:32,24075,24075,24073.75,24074.25,42,1.25,0.75,0,0.5,-1,,,,
MNQ SEP25,1s,1,4233,2025-09-12 10:30:33,24074,24074.5,24073.5,24074.25,36,1,0.25,0.25,0.5,1,,,,
MNQ SEP25,1s,1,4234,2025-09-12 10:30:34,24074.25,24074.25,24072.75,24073,31,1.5,1.25,0,0.25,-1,,,,
MNQ SEP25,1s,1,4235,2025-09-12 10:30:35,24072.75,24073.5,24072.5,24072.75,28,1,0,0.75,0.25,0,,,,
MNQ SEP25,1s,1,4236,2025-09-12 10:30:36,24072.5,24072.75,24072.25,24072.75,11,0.5,0.25,0,0.25,1,,,,
MNQ SEP25,1s,1,4237,2025-09-12 10:30:37,24072.25,24072.25,24071.5,24071.75,26,0.75,0.5,0,0.25,-1,,,,
MNQ SEP25,1s,1,4238,2025-09-12 10:30:38,24072,24073.5,24072,24073.25,24,1.5,1.25,0.25,0,1,,,,
MNQ SEP25,1s,1,4239,2025-09-12 10:30:39,24073.25,24073.5,24072.75,24072.75,9,0.75,0.5,0.25,0,-1,,,,
MNQ SEP25,1s,1,4240,2025-09-12 10:30:40,24072.75,24073.25,24072.75,24072.75,15,0.5,0,0.5,0,0,,,,
MNQ SEP25,10s,10,5823,2025-09-12 10:30:40,24074.5,24075.25,24071.5,24072.75,308,3.75,1.75,0.75,1.25,-1,104.1,36.25,53.28333333,47.46
MNQ SEP25,20s,20,5911,2025-09-12 10:30:40,24071.75,24075.25,24071.5,24072.75,806,3.75,1,2.5,0.25,1,-144.45,14.6,29.66666667,14.04
MNQ SEP25,1s,1,4241,2025-09-12 10:30:41,24072.25,24072.25,24071.75,24072.25,9,0.5,0,0,0.5,0,,,,
MNQ SEP25,1s,1,4242,2025-09-12 10:30:42,24072.5,24072.75,24072.25,24072.75,12,0.5,0.25,0,0.25,1,,,,
MNQ SEP25,1s,1,4243,2025-09-12 10:30:43,24072.5,24072.5,24072.25,24072.25,3,0.25,0.25,0,0,-1,,,,
MNQ SEP25,1s,1,4244,2025-09-12 10:30:44,24072.25,24072.25,24071.5,24071.75,22,0.75,0.5,0,0.25,-1,,,,
MNQ SEP25,1s,1,4245,2025-09-12 10:30:45,24071.75,24071.75,24071,24071.5,33,0.75,0.25,0,0.5,-1,,,,
MNQ SEP25,1s,1,4246,2025-09-12 10:30:46,24071.5,24071.5,24070.75,24070.75,31,0.75,0.75,0,0,-1,,,,
MNQ SEP25,1s,1,4247,2025-09-12 10:30:47,24071,24071.25,24070.25,24070.5,33,1,0.5,0.25,0.25,-1,,,,
MNQ SEP25,1s,1,4248,2025-09-12 10:30:48,24070.75,24070.75,24069,24069.25,27,1.75,1.5,0,0.25,-1,,,,
MNQ SEP25,1s,1,4249,2025-09-12 10:30:49,24069.25,24069.5,24067.25,24067.5,99,2.25,1.75,0.25,0.25,-1,,,,
MNQ SEP25,1s,1,4250,2025-09-12 10:30:50,24067.75,24068.25,24067.25,24068.25,79,1,0.5,0,0.5,1,,,,
MNQ SEP25,10s,10,5824,2025-09-12 10:30:50,24072.25,24072.75,24067.25,24068.25,348,5.5,4,0.5,1,-1,104.55,0.45,45.7,49.16
MNQ SEP25,1s,1,4251,2025-09-12 10:30:51,24068,24068.5,24067.5,24067.75,60,1,0.25,0.5,0.25,-1,,,,
MNQ SEP25,1s,1,4252,2025-09-12 10:30:52,24067.75,24068.75,24067.25,24068.25,66,1.5,0.5,0.5,0.5,1,,,,
MNQ SEP25,1s,1,4253,2025-09-12 10:30:53,24068.25,24069.75,24068,24069.75,62,1.75,1.5,0,0.25,1,,,,
MNQ SEP25,1s,1,4254,2025-09-12 10:30:54,24070,24070.25,24069,24069,20,1.25,1,0.25,0,-1,,,,
MNQ SEP25,1s,1,4255,2025-09-12 10:30:55,24069.75,24070.25,24069.25,24070.25,19,1,0.5,0,0.5,1,,,,
MNQ SEP25,1s,1,4256,2025-09-12 10:30:56,24070,24070.25,24068.75,24069,29,1.5,1,0.25,0.25,-1,,,,
MNQ SEP25,1s,1,4257,2025-09-12 10:30:57,24069,24069,24068.25,24068.25,9,0.75,0.75,0,0,-1,,,,
MNQ SEP25,1s,1,4258,2025-09-12 10:30:58,24068.25,24069,24068,24069,8,1,0.75,0,0.25,1,,,,
MNQ SEP25,1s,1,4259,2025-09-12 10:30:59,24068.75,24069.5,24068.25,24068.25,11,1.25,0.5,0.75,0,-1,,,,
MNQ SEP25,1s,1,4260,2025-09-12 10:31:00,24068.5,24068.75,24068,24068.5,41,0.75,0,0.25,0.5,0,,,,
MNQ SEP25,10s,10,5825,2025-09-12 10:31:00,24068,24070.25,24067.25,24068.5,325,3,0.5,1.75,0.75,1,17.2,-87.35,-16.88333333,14.59
MNQ SEP25,20s,20,5912,2025-09-12 10:31:00,24072.25,24072.75,24067.25,24068.5,673,5.5,3.75,0.5,1.25,-1,-102.15,42.3,57,16.26
MNQ SEP25,1s,1,4261,2025-09-12 10:31:01,24068.25,24069,24068,24068.5,31,1,0.25,0.5,0.25,1,,,,
MNQ SEP25,1s,1,4262,2025-09-12 10:31:02,24068.5,24068.5,24067.75,24068,55,0.75,0.5,0,0.25,-1,,,,
MNQ SEP25,1s,1,4263,2025-09-12 10:31:03,24068,24068.75,24068,24068.5,19,0.75,0.5,0.25,0,1,,,,
MNQ SEP25,1s,1,4264,2025-09-12 10:31:04,24068.75,24070.25,24068.75,24069.75,38,1.5,1,0.5,0,1,,,,
MNQ SEP25,1s,1,4265,2025-09-12 10:31:05,24070.5,24070.5,24069,24069,18,1.5,1.5,0,0,-1,,,,
MNQ SEP25,1s,1,4266,2025-09-12 10:31:06,24069.25,24069.5,24068.75,24069.25,21,0.75,0,0.25,0.5,0,,,,
MNQ SEP25,1s,1,4267,2025-09-12 10:31:07,24069.5,24069.5,24068.75,24068.75,20,0.75,0.75,0,0,-1,,,,
MNQ SEP25,1s,1,4268,2025-09-12 10:31:08,24068.5,24069,24068,24068,13,1,0.5,0.5,0,-1,,,,
MNQ SEP25,1s,1,4269,2025-09-12 10:31:09,24067.75,24068.25,24066.5,24067,111,1.75,0.75,0.5,0.5,-1,,,,
MNQ SEP25,1s,1,4270,2025-09-12 10:31:10,24067,24067,24064.5,24065.75,327,2.5,1.25,0,1.25,-1,,,,
MNQ SEP25,10s,10,5826,2025-09-12 10:31:10,24068.25,24070.5,24064.5,24065.75,653,6,2.5,2.25,1.25,-1,59.35,42.15,-14.91666667,18.38
MNQ SEP25,1s,1,4271,2025-09-12 10:31:11,24065.75,24066.25,24065,24065.5,117,1.25,0.25,0.5,0.5,-1,,,,
MNQ SEP25,1s,1,4272,2025-09-12 10:31:12,24065.75,24066.75,24065,24065.25,86,1.75,0.5,1,0.25,-1,,,,
MNQ SEP25,1s,1,4273,2025-09-12 10:31:13,24065.5,24065.75,24064.75,24065.5,77,1,0,0.25,0.75,0,,,,
MNQ SEP25,1s,1,4274,2025-09-12 10:31:14,24065.75,24067.25,24065.25,24066.75,100,2,1,0.5,0.5,1,,,,
MNQ SEP25,1s,1,4275,2025-09-12 10:31:15,24066.75,24067.25,24066.5,24067.25,26,0.75,0.5,0,0.25,1,,,,
MNQ SEP25,1s,1,4276,2025-09-12 10:31:16,24067.25,24068,24067.25,24067.25,40,0.75,0,0.75,0,0,,,,
MNQ SEP25,1s,1,4277,2025-09-12 10:31:17,24067.5,24067.75,24066.5,24067.5,36,1.25,0,0.25,1,0,,,,
MNQ SEP25,1s,1,4278,2025-09-12 10:31:18,24068,24068.5,24067,24067,66,1.5,1,0.5,0,-1,,,,
MNQ SEP25,1s,1,4279,2025-09-12 10:31:19,24067.25,24067.5,24066.75,24067.5,12,0.75,0.25,0,0.5,1,,,,
MNQ SEP25,1s,1,4280,2025-09-12 10:31:20,24066.5,24066.5,24066,24066,23,0.5,0.5,0,0,-1,,,,
MNQ SEP25,10s,10,5827,2025-09-12 10:31:20,24065.75,24068.5,24064.75,24066,583,3.75,0.25,2.5,1,1,60.4,1.05,-14.71666667,-1.49
MNQ SEP25,20s,20,5913,2025-09-12 10:31:20,24068.25,24070.5,24064.5,24066,1236,6,2.25,2.25,1.5,-1,37.55,139.7,65.53333333,54.2
MNQ SEP25,1s,1,4281,2025-09-12 10:31:21,24066,24067,24065.75,24066.75,40,1.25,0.75,0.25,0.25,1,,,,
MNQ SEP25,1s,1,4282,2025-09-12 10:31:22,24066.75,24067,24066.5,24066.75,9,0.5,0,0.25,0.25,0,,,,
MNQ SEP25,1s,1,4283,2025-09-12 10:31:23,24066.5,24066.75,24066.5,24066.5,20,0.25,0,0.25,0,0,,,,
MNQ SEP25,1s,1,4284,2025-09-12 10:31:24,24066.75,24067.25,24066.5,24067,18,0.75,0.25,0.25,0.25,1,,,,
MNQ SEP25,1s,1,4285,2025-09-12 10:31:25,24067.5,24068.75,24067,24068.75,61,1.75,1.25,0,0.5,1,,,,
MNQ SEP25,1s,1,4286,2025-09-12 10:31:26,24068,24068.5,24067,24067,42,1.5,1,0.5,0,-1,,,,
MNQ SEP25,1s,1,4287,2025-09-12 10:31:27,24067.25,24068.25,24066.75,24068.25,27,1.5,1,0,0.5,1,,,,
MNQ SEP25,1s,1,4288,2025-09-12 10:31:28,24068,24068,24067,24067.25,17,1,0.75,0,0.25,-1,,,,
MNQ SEP25,1s,1,4289,2025-09-12 10:31:29,24067.5,24068.25,24067.5,24068.25,14,0.75,0.75,0,0,1,,,,
MNQ SEP25,1s,1,4290,2025-09-12 10:31:30,24067,24067.25,24065.75,24066,41,1.5,1,0.25,0.25,-1,,,,
MNQ SEP25,10s,10,5828,2025-09-12 10:31:30,24066,24068.75,24065.75,24066,289,3,0,2.75,0.25,0,69.65,9.25,17.48333333,-6.89
MNQ SEP25,1s,1,4291,2025-09-12 10:31:31,24066,24067,24066,24067,57,1,1,0,0,1,,,,
MNQ SEP25,1s,1,4292,2025-09-12 10:31:32,24066.75,24066.75,24065.75,24066.25,37,1,0.5,0,0.5,-1,,,,
MNQ SEP25,1s,1,4293,2025-09-12 10:31:33,24066,24066.5,24065.5,24065.5,24,1,0.5,0.5,0,-1,,,,
MNQ SEP25,1s,1,4294,2025-09-12 10:31:34,24065.5,24066.25,24065.5,24066,20,0.75,0.5,0.25,0,1,,,,
MNQ SEP25,1s,1,4295,2025-09-12 10:31:35,24066,24066.25,24064.5,24064.5,80,1.75,1.5,0.25,0,-1,,,,
MNQ SEP25,1s,1,4296,2025-09-12 10:31:36,24065.25,24066.5,24065,24066,125,1.5,0.75,0.5,0.25,1,,,,
MNQ SEP25,1s,1,4297,2025-09-12 10:31:37,24066,24066.75,24065.75,24066.5,30,1,0.5,0.25,0.25,1,,,,
MNQ SEP25,1s,1,4298,2025-09-12 10:31:38,24066.5,24067.25,24066.25,24066.5,45,1,0,0.75,0.25,0,,,,
MNQ SEP25,1s,1,4299,2025-09-12 10:31:39,24066.5,24066.75,24066.25,24066.25,11,0.5,0.25,0.25,0,-1,,,,
MNQ SEP25,1s,1,4300,2025-09-12 10:31:40,24066.75,24066.75,24065.75,24066,15,1,0.75,0,0.25,-1,,,,
MNQ SEP25,10s,10,5829,2025-09-12 10:31:40,24066,24067.25,24064.5,24066,444,2.75,0,1.25,1.5,0,84,14.35,8.21666667,-4.11
MNQ SEP25,20s,20,5914,2025-09-12 10:31:40,24066,24068.75,24064.5,24066,733,4.25,0,2.75,1.5,0,76.8,39.25,73.75,69.99
MNQ SEP25,1s,1,4301,2025-09-12 10:31:41,24065.75,24067.25,24065.75,24066.25,16,1.5,0.5,1,0,1,,,,
MNQ SEP25,1s,1,4302,2025-09-12 10:31:42,24066,24066.5,24065.75,24066.25,23,0.75,0.25,0.25,0.25,1,,,,
MNQ SEP25,1s,1,4303,2025-09-12 10:31:43,24066,24067.25,24065.75,24067,22,1.5,1,0.25,0.25,1,,,,
MNQ SEP25,1s,1,4304,2025-09-12 10:31:44,24067,24067.75,24066.75,24067.25,31,1,0.25,0.5,0.25,1,,,,
MNQ SEP25,1s,1,4305,2025-09-12 10:31:45,24068,24069,24068,24068.5,49,1,0.5,0.5,0,1,,,,
MNQ SEP25,1s,1,4306,2025-09-12 10:31:46,24068.5,24068.75,24067.75,24067.75,17,1,0.75,0.25,0,-1,,,,
MNQ SEP25,1s,1,4307,2025-09-12 10:31:47,24067.75,24068.25,24067.5,24068.25,13,0.75,0.5,0,0.25,1,,,,
MNQ SEP25,1s,1,4308,2025-09-12 10:31:48,24067.75,24067.75,24066.75,24066.75,12,1,1,0,0,-1,,,,
MNQ SEP25,1s,1,4309,2025-09-12 10:31:49,24067,24067.25,24066.75,24067,15,0.5,0,0.25,0.25,0,,,,
MNQ SEP25,1s,1,4310,2025-09-12 10:31:50,24066.5,24067,24066.25,24067,6,0.75,0.5,0,0.25,1,,,,
MNQ SEP25,10s,10,5830,2025-09-12 10:31:50,24065.75,24069,24065.75,24067,204,3.25,1.25,2,0,1,65.95,-18.05,1.85,9.75
MNQ SEP25,1s,1,4311,2025-09-12 10:31:51,24067.5,24067.5,24067,24067,15,0.5,0.5,0,0,-1,,,,
MNQ SEP25,1s,1,4312,2025-09-12 10:31:52,24067,24067.25,24067,24067.25,10,0.25,0.25,0,0,1,,,,
MNQ SEP25,1s,1,4313,2025-09-12 10:31:53,24067,24067.25,24066.75,24067,6,0.5,0,0.25,0.25,0,,,,
MNQ SEP25,1s,1,4314,2025-09-12 10:31:54,24067.75,24068.5,24067.75,24068,33,0.75,0.25,0.5,0,1,,,,
MNQ SEP25,1s,1,4315,2025-09-12 10:31:55,24068,24068,24067.25,24067.5,30,0.75,0.5,0,0.25,-1,,,,
MNQ SEP25,1s,1,4316,2025-09-12 10:31:56,24067.5,24068,24067.25,24067.25,26,0.75,0.25,0.5,0,-1,,,,
MNQ SEP25,1s,1,4317,2025-09-12 10:31:57,24067,24067.5,24066.5,24066.5,21,1,0.5,0.5,0,-1,,,,
MNQ SEP25,1s,1,4318,2025-09-12 10:31:58,24067,24068,24067,24068,13,1,1,0,0,1,,,,
MNQ SEP25,1s,1,4319,2025-09-12 10:31:59,24068.25,24068.5,24067.5,24068.25,30,1,0,0.25,0.75,0,,,,
MNQ SEP25,1s,1,4320,2025-09-12 10:32:00,24068,24068.5,24067,24067.5,41,1.5,0.5,0.5,0.5,-1,,,,
MNQ SEP25,10s,10,5831,2025-09-12 10:32:00,24067.5,24068.5,24066.5,24067.5,225,2,0,1,1,0,-15.85,-81.8,-28.5,-15.04
MNQ SEP25,20s,20,5915,2025-09-12 10:32:00,24065.75,24069,24065.75,24067.5,429,3.25,1.75,1.5,0,1,-15,-91.8,29.05,28.81
MNQ SEP25,1s,1,4321,2025-09-12 10:32:01,24067,24068,24067,24067.25,14,1,0.25,0.75,0,1,,,,
MNQ SEP25,1s,1,4322,2025-09-12 10:32:02,24067.25,24068.25,24067,24068,20,1.25,0.75,0.25,0.25,1,,,,
MNQ SEP25,1s,1,4323,2025-09-12 10:32:03,24068.5,24068.5,24068,24068.25,11,0.5,0.25,0,0.25,-1,,,,
MNQ SEP25,1s,1,4324,2025-09-12 10:32:04,24068,24068.5,24067.5,24067.5,33,1,0.5,0.5,0,-1,,,,
MNQ SEP25,1s,1,4325,2025-09-12 10:32:05,24067.75,24068.25,24067.5,24068,17,0.75,0.25,0.25,0.25,1,,,,
MNQ SEP25,1s,1,4326,2025-09-12 10:32:06,24068,24068.5,24067.25,24068,44,1.25,0,0.5,0.75,0,,,,
MNQ SEP25,1s,1,4327,2025-09-12 10:32:07,24067.5,24067.75,24067.25,24067.75,16,0.5,0.25,0,0.25,1,,,,
MNQ SEP25,1s,1,4328,2025-09-12 10:32:08,24067.5,24067.5,24067.5,24067.5,2,0,0,0,0,0,,,,
MNQ SEP25,1s,1,4329,2025-09-12 10:32:09,24067.75,24068,24067.75,24068,4,0.25,0.25,0,0,1,,,,
MNQ SEP25,1s,1,4330,2025-09-12 10:32:10,24068,24068.75,24067.75,24068.75,45,1,0.75,0,0.25,1,,,,
MNQ SEP25,10s,10,5832,2025-09-12 10:32:10,24067,24068.75,24067,24068.75,206,1.75,1.75,0,0,1,-90.45,-74.6,-58.15,-30.17
MNQ SEP25,1s,1,4331,2025-09-12 10:32:11,24069,24069,24067.75,24067.75,19,1.25,1.25,0,0,-1,,,,
MNQ SEP25,1s,1,4332,2025-09-12 10:32:12,24068.25,24068.25,24067.25,24067.25,14,1,1,0,0,-1,,,,
MNQ SEP25,1s,1,4333,2025-09-12 10:32:13,24067.25,24067.25,24066,24066.75,34,1.25,0.5,0,0.75,-1,,,,
MNQ SEP25,1s,1,4334,2025-09-12 10:32:14,24067,24067.25,24066.25,24066.25,34,1,0.75,0.25,0,-1,,,,
MNQ SEP25,1s,1,4335,2025-09-12 10:32:15,24066,24066.5,24065,24065.25,70,1.5,0.75,0.5,0.25,-1,,,,
MNQ SEP25,1s,1,4336,2025-09-12 10:32:16,24065,24065.75,24064.75,24065.5,89,1,0.5,0.25,0.25,1,,,,
MNQ SEP25,1s,1,4337,2025-09-12 10:32:17,24065,24066,24065,24066,33,1,1,0,0,1,,,,
MNQ SEP25,1s,1,4338,2025-09-12 10:32:18,24065.5,24066.25,24065,24065,49,1.25,0.5,0.75,0,-1,,,,
MNQ SEP25,1s,1,4339,2025-09-12 10:32:19,24064.75,24066,24064.5,24066,52,1.5,1.25,0,0.25,1,,,,
MNQ SEP25,1s,1,4340,2025-09-12 10:32:20,24065.5,24067,24065.5,24067,47,1.5,1.5,0,0,1,,,,
MNQ SEP25,10s,10,5833,2025-09-12 10:32:20,24069,24069,24064.5,24067,441,4.5,2,0,2.5,-1,-61.45,29,-42.46666667,-26.22
MNQ SEP25,20s,20,5916,2025-09-12 10:32:20,24067,24069,24064.5,24067,647,4.5,0,2,2.5,0,-35.25,-20.25,-24.26666667,21.84
MNQ SEP25,1s,1,4341,2025-09-12 10:32:21,24066.75,24067,24066.5,24066.75,31,0.5,0,0.25,0.25,0,,,,
MNQ SEP25,1s,1,4342,2025-09-12 10:32:22,24066.5,24067.75,24066.5,24067.25,56,1.25,0.75,0.5,0,1,,,,
MNQ SEP25,1s,1,4343,2025-09-12 10:32:23,24067.5,24067.5,24067,24067,20,0.5,0.5,0,0,-1,,,,
MNQ SEP25,1s,1,4344,2025-09-12 10:32:24,24067.75,24069.75,24067.5,24068.75,128,2.25,1,1,0.25,1,,,,
MNQ SEP25,1s,1,4345,2025-09-12 10:32:25,24069,24070.25,24069,24070.25,69,1.25,1.25,0,0,1,,,,
MNQ SEP25,1s,1,4346,2025-09-12 10:32:26,24070,24070.5,24069.75,24069.75,50,0.75,0.25,0.5,0,-1,,,,
MNQ SEP25,1s,1,4347,2025-09-12 10:32:27,24070.25,24070.5,24070,24070.5,16,0.5,0.25,0,0.25,1,,,,
MNQ SEP25,1s,1,4348,2025-09-12 10:32:28,24070.75,24072.75,24070.75,24072.5,167,2,1.75,0.25,0,1,,,,
MNQ SEP25,1s,1,4349,2025-09-12 10:32:29,24072.25,24073.25,24072.25,24072.75,140,1,0.5,0.5,0,1,,,,
MNQ SEP25,1s,1,4350,2025-09-12 10:32:30,24073,24084.5,24072.5,24076.25,3077,12,3.25,8.25,0.5,1,,,,
MNQ SEP25,10s,10,5834,2025-09-12 10:32:30,24066.75,24084.5,24066.5,24076.25,3754,18,9.5,8.25,0.25,1,431.9,493.35,149.25,69.58
MNQ SEP25,1s,1,4351,2025-09-12 10:32:31,24075.75,24076.25,24074.75,24075,199,1.5,0.75,0.5,0.25,-1,,,,
MNQ SEP25,1s,1,4352,2025-09-12 10:32:32,24074.75,24078,24074.25,24074.75,294,3.75,0,3.25,0.5,0,,,,
MNQ SEP25,1s,1,4353,2025-09-12 10:32:33,24074.75,24075.5,24074.25,24075,73,1.25,0.25,0.5,0.5,1,,,,
MNQ SEP25,1s,1,4354,2025-09-12 10:32:34,24075.5,24076.75,24074.75,24075.75,158,2,0.25,1,0.75,1,,,,
MNQ SEP25,1s,1,4355,2025-09-12 10:32:35,24075.75,24075.75,24074.75,24075.5,126,1,0.25,0,0.75,-1,,,,
MNQ SEP25,1s,1,4356,2025-09-12 10:32:36,24075.25,24075.5,24074.25,24074.75,43,1.25,0.5,0.25,0.5,-1,,,,
MNQ SEP25,1s,1,4357,2025-09-12 10:32:37,24074.5,24075,24074.25,24074.5,54,0.75,0,0.5,0.25,0,,,,
MNQ SEP25,1s,1,4358,2025-09-12 10:32:38,24075,24075,24073.25,24074.25,119,1.75,0.75,0,1,-1,,,,
MNQ SEP25,1s,1,4359,2025-09-12 10:32:39,24074.25,24074.5,24073.25,24073.75,68,1.25,0.5,0.25,0.5,-1,,,,
MNQ SEP25,1s,1,4360,2025-09-12 10:32:40,24073.5,24074.25,24073.25,24074.25,59,1,0.75,0,0.25,1,,,,
MNQ SEP25,10s,10,5835,2025-09-12 10:32:40,24075.75,24078,24073.25,24074.25,1193,4.75,1.5,2.25,1,-1,580.15,148.25,223.53333333,102.84
MNQ SEP25,20s,20,5917,2025-09-12 10:32:40,24066.75,24084.5,24066.5,24074.25,4947,18,7.5,10.25,0.25,1,614.7,649.95,179.3,143.37
MNQ SEP25,1s,1,4361,2025-09-12 10:32:41,24074,24074,24073.25,24073.75,35,0.75,0.25,0,0.5,-1,,,,
MNQ SEP25,1s,1,4362,2025-09-12 10:32:42,24074,24074.25,24073.25,24074,55,1,0,0.25,0.75,0,,,,
MNQ SEP25,1s,1,4363,2025-09-12 10:32:43,24074,24074.25,24073.5,24073.75,65,0.75,0.25,0.25,0.25,-1,,,,
MNQ SEP25,1s,1,4364,2025-09-12 10:32:44,24073.25,24073.5,24072.75,24073,80,0.75,0.25,0.25,0.25,-1,,,,
MNQ SEP25,1s,1,4365,2025-09-12 10:32:45,24073.25,24074.25,24073,24073.75,65,1.25,0.5,0.5,0.25,1,,,,
MNQ SEP25,1s,1,4366,2025-09-12 10:32:46,24074,24075,24073.5,24074.75,35,1.5,0.75,0.25,0.5,1,,,,
MNQ SEP25,1s,1,4367,2025-09-12 10:32:47,24074.75,24075,24074.25,24074.25,31,0.75,0.5,0.25,0,-1,,,,
MNQ SEP25,1s,1,4368,2025-09-12 10:32:48,24074.5,24074.5,24072,24072.5,102,2.5,2,0,0.5,-1,,,,
MNQ SEP25,1s,1,4369,2025-09-12 10:32:49,24072.75,24073.5,24072.75,24073,34,0.75,0.25,0.5,0,1,,,,
MNQ SEP25,1s,1,4370,2025-09-12 10:32:50,24072.75,24073.5,24072.5,24073.25,29,1,0.5,0.25,0.25,1,,,,
MNQ SEP25,10s,10,5836,2025-09-12 10:32:50,24074,24075,24072,24073.25,531,3,0.75,1,1.25,-1,628.85,48.7,230.1,128.94
MNQ SEP25,1s,1,4371,2025-09-12 10:32:51,24073.25,24074,24073.25,24073.5,28,0.75,0.25,0.5,0,1,,,,
MNQ SEP25,1s,1,4372,2025-09-12 10:32:52,24073.5,24074.25,24073,24073.75,12,1.25,0.25,0.5,0.5,1,,,,
MNQ SEP25,1s,1,4373,2025-09-12 10:32:53,24073.75,24074.75,24073.75,24074.25,52,1,0.5,0.5,0,1,,,,
MNQ SEP25,1s,1,4374,2025-09-12 10:32:54,24073.75,24074.25,24073.5,24073.75,33,0.75,0,0.5,0.25,0,,,,
MNQ SEP25,1s,1,4375,2025-09-12 10:32:55,24073.75,24074.25,24073.75,24074.25,17,0.5,0.5,0,0,1,,,,
MNQ SEP25,1s,1,4376,2025-09-12 10:32:56,24073.75,24074.25,24073.25,24073.75,22,1,0,0.5,0.5,0,,,,
MNQ SEP25,1s,1,4377,2025-09-12 10:32:57,24073.5,24075,24073.5,24074.5,39,1.5,1,0.5,0,1,,,,
MNQ SEP25,1s,1,4378,2025-09-12 10:32:58,24075.25,24075.5,24074.25,24075.5,17,1.25,0.25,0,1,1,,,,
MNQ SEP25,1s,1,4379,2025-09-12 10:32:59,24075,24076.5,24075,24076.5,49,1.5,1.5,0,0,1,,,,
MNQ SEP25,1s,1,4380,2025-09-12 10:33:00,24076.25,24076.5,24075.25,24075.25,58,1.25,1,0.25,0,-1,,,,
MNQ SEP25,10s,10,5837,2025-09-12 10:33:00,24073.25,24076.5,24073,24075.25,327,3.5,2,1.25,0.25,1,646.1,17.25,71.4,147.31
MNQ SEP25,20s,20,5918,2025-09-12 10:33:00,24074,24076.5,24072,24075.25,858,4.5,1.25,1.25,2,1,533.25,-81.45,182.75,99.14
MNQ SEP25,1s,1,4381,2025-09-12 10:33:01,24075.25,24076,24075,24075.75,46,1,0.5,0.25,0.25,1,,,,
MNQ SEP25,1s,1,4382,2025-09-12 10:33:02,24075.5,24076.25,24075.5,24076.25,64,0.75,0.75,0,0,1,,,,
MNQ SEP25,1s,1,4383,2025-09-12 10:33:03,24076.25,24076.25,24075.5,24076,47,0.75,0.25,0,0.5,-1,,,,
MNQ SEP25,1s,1,4384,2025-09-12 10:33:04,24075.5,24075.75,24074.75,24075.5,37,1,0,0.25,0.75,0,,,,
MNQ SEP25,1s,1,4385,2025-09-12 10:33:05,24075.25,24075.5,24074.25,24074.5,55,1.25,0.75,0.25,0.25,-1,,,,
MNQ SEP25,1s,1,4386,2025-09-12 10:33:06,24074.5,24074.75,24074.5,24074.75,29,0.25,0.25,0,0,1,,,,
MNQ SEP25,1s,1,4387,2025-09-12 10:33:07,24074.75,24075.25,24074.75,24075.25,15,0.5,0.5,0,0,1,,,,
MNQ SEP25,1s,1,4388,2025-09-12 10:33:08,24074.75,24075,24074.25,24074.75,6,0.75,0,0.25,0.5,0,,,,
MNQ SEP25,1s,1,4389,2025-09-12 10:33:09,24074.5,24074.5,24074,24074,21,0.5,0.5,0,0,-1,,,,
MNQ SEP25,1s,1,4390,2025-09-12 10:33:10,24074.5,24074.75,24074,24074.25,31,0.75,0.25,0.25,0.25,-1,,,,
MNQ SEP25,10s,10,5838,2025-09-12 10:33:10,24075.25,24076.25,24074,24074.25,351,2.25,1,1,0.25,-1,619.2,-26.9,13.01666667,136.13
MNQ SEP25,1s,1,4391,2025-09-12 10:33:11,24074.5,24074.75,24074.25,24074.75,21,0.5,0.25,0,0.25,1,,,,
MNQ SEP25,1s,1,4392,2025-09-12 10:33:12,24075,24075.25,24074.25,24074.5,31,1,0.5,0.25,0.25,-1,,,,
MNQ SEP25,1s,1,4393,2025-09-12 10:33:13,24074.5,24074.75,24074.5,24074.75,11,0.25,0.25,0,0,1,,,,
MNQ SEP25,1s,1,4394,2025-09-12 10:33:14,24074.25,24074.25,24073,24073.25,62,1.25,1,0,0.25,-1,,,,
MNQ SEP25,1s,1,4395,2025-09-12 10:33:15,24073.25,24073.5,24072.25,24072.25,92,1.25,1,0.25,0,-1,,,,
MNQ SEP25,1s,1,4396,2025-09-12 10:33:16,24072.25,24072.5,24071.5,24072,94,1,0.25,0.25,0.5,-1,,,,
MNQ SEP25,1s,1,4397,2025-09-12 10:33:17,24071.75,24072.25,24071.25,24072.25,54,1,0.5,0,0.5,1,,,,
MNQ SEP25,1s,1,4398,2025-09-12 10:33:18,24071.75,24072.5,24071.75,24072.5,28,0.75,0.75,0,0,1,,,,
MNQ SEP25,1s,1,4399,2025-09-12 10:33:19,24073,24073,24072,24073,34,1,0,0,1,0,,,,
MNQ SEP25,1s,1,4400,2025-09-12 10:33:20,24073,24073,24072,24072,19,1,1,0,0,-1,,,,
MNQ SEP25,10s,10,5839,2025-09-12 10:33:20,24074.5,24075.25,24071.25,24072,446,4,2.5,0.75,0.75,-1,-47.95,-667.15,-225.6,-95.97
MNQ SEP25,20s,20,5919,2025-09-12 10:33:20,24075.25,24076.25,24071.25,24072,797,5,3.25,1,0.75,-1,541,7.75,192.08333333,92.84
MNQ SEP25,1s,1,4401,2025-09-12 10:33:21,24071.75,24072.5,24071.75,24072.25,7,0.75,0.5,0.25,0,1,,,,
MNQ SEP25,1s,1,4402,2025-09-12 10:33:22,24072.25,24072.75,24072.25,24072.75,14,0.5,0.5,0,0,1,,,,
MNQ SEP25,1s,1,4403,2025-09-12 10:33:23,24072.75,24072.75,24072.25,24072.75,17,0.5,0,0,0.5,0,,,,
MNQ SEP25,1s,1,4404,2025-09-12 10:33:24,24072.75,24073,24072.25,24073,33,0.75,0.25,0,0.5,1,,,,
MNQ SEP25,1s,1,4405,2025-09-12 10:33:25,24073,24075,24072.75,24075,47,2.25,2,0,0.25,1,,,,
MNQ SEP25,1s,1,4406,2025-09-12 10:33:26,24074.5,24075,24074,24074.75,72,1,0.25,0.25,0.5,1,,,,
MNQ SEP25,1s,1,4407,2025-09-12 10:33:27,24074.75,24075.25,24074.25,24074.5,26,1,0.25,0.5,0.25,-1,,,,
MNQ SEP25,1s,1,4408,2025-09-12 10:33:28,24074.25,24074.75,24074.25,24074.5,13,0.5,0.25,0.25,0,1,,,,
MNQ SEP25,1s,1,4409,2025-09-12 10:33:29,24074.5,24076,24074.25,24075,56,1.75,0.5,1,0.25,1,,,,
MNQ SEP25,1s,1,4410,2025-09-12 10:33:30,24075.5,24076,24075.25,24075.75,36,0.75,0.25,0.25,0.25,1,,,,
MNQ SEP25,10s,10,5840,2025-09-12 10:33:30,24071.75,24076,24071.75,24075.75,321,4.25,4,0.25,0,1,-200.55,-152.6,-282.21666667,-156.14
MNQ SEP25,1s,1,4411,2025-09-12 10:33:31,24075.5,24076,24075,24075.75,38,1,0.25,0.25,0.5,1,,,,
MNQ SEP25,1s,1,4412,2025-09-12 10:33:32,24076,24076,24074.75,24074.75,27,1.25,1.25,0,0,-1,,,,
MNQ SEP25,1s,1,4413,2025-09-12 10:33:33,24075.5,24075.5,24074.5,24075,47,1,0.5,0,0.5,-1,,,,
MNQ SEP25,1s,1,4414,2025-09-12 10:33:34,24074.5,24074.75,24074,24074.25,20,0.75,0.25,0.25,0.25,-1,,,,
MNQ SEP25,1s,1,4415,2025-09-12 10:33:35,24074,24074.75,24074,24074.75,32,0.75,0.75,0,0,1,,,,
MNQ SEP25,1s,1,4416,2025-09-12 10:33:36,24074.5,24074.75,24074,24074.5,12,0.75,0,0.25,0.5,0,,,,
MNQ SEP25,1s,1,4417,2025-09-12 10:33:37,24074.5,24074.5,24074.25,24074.5,5,0.25,0,0,0.25,0,,,,
MNQ SEP25,1s,1,4418,2025-09-12 10:33:38,24074,24074.75,24074,24074.75,15,0.75,0.75,0,0,1,,,,
MNQ SEP25,1s,1,4419,2025-09-12 10:33:39,24075,24075,24074.5,24075,13,0.5,0,0,0.5,0,,,,
MNQ SEP25,1s,1,4420,2025-09-12 10:33:40,24075.25,24075.5,24074.5,24075.5,9,1,0.25,0,0.75,1,,,,
MNQ SEP25,10s,10,5841,2025-09-12 10:33:40,24075.5,24076,24074,24075.5,218,2,0,0.5,1.5,0,-250.65,-50.1,-289.95,-175.9
MNQ SEP25,20s,20,5920,2025-09-12 10:33:40,24071.75,24076,24071.75,24075.5,539,4.25,3.75,0.5,0,1,557.6,16.6,-19.03333333,114.52
MNQ SEP25,1s,1,4421,2025-09-12 10:33:41,24075.5,24075.5,24075,24075.5,14,0.5,0,0,0.5,0,,,,
MNQ SEP25,1s,1,4422,2025-09-12 10:33:42,24075,24076,24075,24075.5,22,1,0.5,0.5,0,1,,,,
MNQ SEP25,1s,1,4423,2025-09-12 10:33:43,24075,24076.5,24075,24076,31,1.5,1,0.5,0,1,,,,
MNQ SEP25,1s,1,4424,2025-09-12 10:33:44,24076.25,24078,24076.25,24077.75,198,1.75,1.5,0.25,0,1,,,,
MNQ SEP25,1s,1,4425,2025-09-12 10:33:45,24077.75,24078.5,24077,24077.75,111,1.5,0,0.75,0.75,0,,,,
MNQ SEP25,1s,1,4426,2025-09-12 10:33:46,24078,24078.25,24077.25,24077.25,78,1,0.75,0.25,0,-1,,,,
MNQ SEP25,1s,1,4427,2025-09-12 10:33:47,24077.25,24078,24076.5,24076.75,91,1.5,0.5,0.75,0.25,-1,,,,
MNQ SEP25,1s,1,4428,2025-09-12 10:33:48,24076.75,24077.5,24076.25,24077.25,46,1.25,0.5,0.25,0.5,1,,,,
MNQ SEP25,1s,1,4429,2025-09-12 10:33:49,24077.5,24078.25,24077,24077.25,57,1.25,0.25,0.75,0.25,-1,,,,
MNQ SEP25,1s,1,4430,2025-09-12 10:33:50,24077.75,24077.75,24076.5,24077.25,44,1.25,0.5,0,0.75,-1,,,,
MNQ SEP25,10s,10,5842,2025-09-12 10:33:50,24075.5,24078.5,24075,24077.25,692,3.5,1.75,1.25,0.5,1,-187.35,63.3,-46.46666667,-166.69
MNQ SEP25,1s,1,4431,2025-09-12 10:33:51,24077.25,24077.5,24077,24077.5,23,0.5,0.25,0,0.25,1,,,,
MNQ SEP25,1s,1,4432,2025-09-12 10:33:52,24077.5,24077.75,24077.25,24077.75,22,0.5,0.25,0,0.25,1,,,,
MNQ SEP25,1s,1,4433,2025-09-12 10:33:53,24078,24078.5,24077.75,24078,31,0.75,0,0.5,0.25,0,,,,
MNQ SEP25,1s,1,4434,2025-09-12 10:33:54,24077.75,24078.5,24077.5,24078,39,1,0.25,0.5,0.25,1,,,,
MNQ SEP25,1s,1,4435,2025-09-12 10:33:55,24077.5,24078.25,24077.5,24077.75,35,0.75,0.25,0.5,0,1,,,,
MNQ SEP25,1s,1,4436,2025-09-12 10:33:56,24078,24078.25,24077.25,24077.5,31,1,0.5,0.25,0.25,-1,,,,
MNQ SEP25,1s,1,4437,2025-09-12 10:33:57,24077.5,24077.75,24077,24077.75,23,0.75,0.25,0,0.5,1,,,,
MNQ SEP25,1s,1,4438,2025-09-12 10:33:58,24078,24078.5,24077.75,24078.25,38,0.75,0.25,0.25,0.25,1,,,,
MNQ SEP25,1s,1,4439,2025-09-12 10:33:59,24078.25,24079.25,24078.25,24078.75,63,1,0.5,0.5,0,1,,,,
MNQ SEP25,1s,1,4440,2025-09-12 10:34:00,24078.75,24079,24078.25,24078.75,69,0.75,0,0.25,0.5,0,,,,
MNQ SEP25,10s,10,5843,2025-09-12 10:34:00,24077.25,24079.25,24077,24078.75,374,2.25,1.5,0.5,0.25,1,-186.05,1.3,4.83333333,-161.05
MNQ SEP25,20s,20,5921,2025-09-12 10:34:00,24075.5,24079.25,24075,24078.75,1066,4.25,3.25,0.5,0.5,1,676.05,118.45,47.6,142.26
MNQ SEP25,1s,1,4441,2025-09-12 10:34:01,24078.25,24078.5,24077.75,24078.25,47,0.75,0,0.25,0.5,0,,,,
MNQ SEP25,1s,1,4442,2025-09-12 10:34:02,24077.5,24078.75,24077.25,24078.5,94,1.5,1,0.25,0.25,1,,,,
MNQ SEP25,1s,1,4443,2025-09-12 10:34:03,24078.75,24079.75,24078.25,24079.5,76,1.5,0.75,0.25,0.5,1,,,,
MNQ SEP25,1s,1,4444,2025-09-12 10:34:04,24079.25,24081.75,24079,24081.25,234,2.75,2,0.5,0.25,1,,,,
MNQ SEP25,1s,1,4445,2025-09-12 10:34:05,24081,24081.5,24080.75,24081.25,120,0.75,0.25,0.25,0.25,1,,,,
MNQ SEP25,1s,1,4446,2025-09-12 10:34:06,24081.5,24081.5,24080.5,24080.75,115,1,0.75,0,0.25,-1,,,,
MNQ SEP25,1s,1,4447,2025-09-12 10:34:07,24080.75,24081.75,24080.25,24081.5,112,1.5,0.75,0.25,0.5,1,,,,
MNQ SEP25,1s,1,4448,2025-09-12 10:34:08,24081.5,24082,24081,24081.5,52,1,0,0.5,0.5,0,,,,
MNQ SEP25,1s,1,4449,2025-09-12 10:34:09,24081.25,24082,24081,24081.25,71,1,0,0.75,0.25,0,,,,
MNQ SEP25,1s,1,4450,2025-09-12 10:34:10,24081,24082,24081,24081.75,49,1,0.75,0.25,0,1,,,,
MNQ SEP25,10s,10,5844,2025-09-12 10:34:10,24078.25,24082,24077.25,24081.75,970,4.75,3.5,0.25,1,1,-112.35,73.7,46.1,-12.88
MNQ SEP25,1s,1,4451,2025-09-12 10:34:11,24081.5,24082,24081.25,24081.5,66,0.75,0,0.5,0.25,0,,,,
MNQ SEP25,1s,1,4452,2025-09-12 10:34:12,24081.25,24081.5,24080.75,24081.25,50,0.75,0,0.25,0.5,0,,,,
MNQ SEP25,1s,1,4453,2025-09-12 10:34:13,24081.25,24081.5,24080.5,24081,70,1,0.25,0.25,0.5,-1,,,,
MNQ SEP25,1s,1,4454,2025-09-12 10:34:14,24081.25,24082.5,24081.25,24082.25,69,1.25,1,0.25,0,1,,,,
MNQ SEP25,1s,1,4455,2025-09-12 10:34:15,24082.25,24082.75,24081.75,24081.75,66,1,0.5,0.5,0,-1,,,,
MNQ SEP25,1s,1,4456,2025-09-12 10:34:16,24082,24083.25,24082,24083,69,1.25,1,0.25,0,1,,,,
MNQ SEP25,1s,1,4457,2025-09-12 10:34:17,24083,24083.25,24081.75,24082.25,130,1.5,0.75,0.25,0.5,-1,,,,
MNQ SEP25,1s,1,4458,2025-09-12 10:34:18,24082.25,24082.5,24081.75,24081.75,60,0.75,0.5,0.25,0,-1,,,,
MNQ SEP25,1s,1,4459,2025-09-12 10:34:19,24082.25,24083,24081.5,24081.5,65,1.5,0.75,0.75,0,-1,,,,
MNQ SEP25,1s,1,4460,2025-09-12 10:34:20,24082,24082.75,24082,24082,28,0.75,0,0.75,0,0,,,,
MNQ SEP25,10s,10,5845,2025-09-12 10:34:20,24081.5,24083.25,24080.5,24082,673,2.75,0.5,1.25,1,1,-59.35,53,42.66666667,28.24
MNQ SEP25,20s,20,5922,2025-09-12 10:34:20,24078.25,24083.25,24077.25,24082,1643,6,3.75,1.25,1,1,-36.35,-712.4,-192.45,-130.21
MNQ SEP25,1s,1,4461,2025-09-12 10:34:21,24081.75,24082.75,24081.75,24081.75,29,1,0,1,0,0,,,,
MNQ SEP25,1s,1,4462,2025-09-12 10:34:22,24081.75,24082.25,24081.25,24082.25,51,1,0.5,0,0.5,1,,,,
MNQ SEP25,1s,1,4463,2025-09-12 10:34:23,24082,24082.5,24081.75,24082.25,22,0.75,0.25,0.25,0.25,1,,,,
MNQ SEP25,1s,1,4464,2025-09-12 10:34:24,24082,24082.25,24082,24082,27,0.25,0,0.25,0,0,,,,
MNQ SEP25,1s,1,4465,2025-09-12 10:34:25,24081.75,24082.5,24081.25,24081.75,178,1.25,0,0.75,0.5,0,,,,
MNQ SEP25,1s,1,4466,2025-09-12 10:34:26,24081.5,24082.25,24081.5,24081.75,49,0.75,0.25,0.5,0,1,,,,
MNQ SEP25,1s,1,4467,2025-09-12 10:34:27,24081.75,24082.25,24081.25,24081.75,31,1,0,0.5,0.5,0,,,,
MNQ SEP25,1s,1,4468,2025-09-12 10:34:28,24081.75,24082.25,24081.5,24082.25,27,0.75,0.5,0,0.25,1,,,,
MNQ SEP25,1s,1,4469,2025-09-12 10:34:29,24081.75,24082.5,24081.75,24082.5,12,0.75,0.75,0,0,1,,,,
MNQ SEP25,1s,1,4470,2025-09-12 10:34:30,24082,24082.25,24081.75,24082.25,26,0.5,0.25,0,0.25,1,,,,
MNQ SEP25,10s,10,5846,2025-09-12 10:34:30,24081.75,24082.75,24081.25,24082.25,452,1.5,0.5,0.5,0.5,1,-2.5,56.85,61.18333333,49.63
MNQ SEP25,1s,1,4471,2025-09-12 10:34:31,24082.5,24084.25,24082.5,24083.5,170,1.75,1,0.75,0,1,,,,
MNQ SEP25,1s,1,4472,2025-09-12 10:34:32,24084.25,24084.5,24083.5,24084,143,1,0.25,0.25,0.5,-1,,,,
MNQ SEP25,1s,1,4473,2025-09-12 10:34:33,24084,24084,24082.5,24083.25,278,1.5,0.75,0,0.75,-1,,,,
MNQ SEP25,1s,1,4474,2025-09-12 10:34:34,24083.25,24083.5,24082.5,24083.25,51,1,0,0.25,0.75,0,,,,
MNQ SEP25,1s,1,4475,2025-09-12 10:34:35,24083,24083,24082.25,24082.25,64,0.75,0.75,0,0,-1,,,,
MNQ SEP25,1s,1,4476,2025-09-12 10:34:36,24082.25,24083,24082,24082.5,105,1,0.25,0.5,0.25,1,,,,
MNQ SEP25,1s,1,4477,2025-09-12 10:34:37,24082.5,24083,24082,24083,34,1,0.5,0,0.5,1,,,,
MNQ SEP25,1s,1,4478,2025-09-12 10:34:38,24082.5,24082.75,24082,24082.25,41,0.75,0.25,0.25,0.25,-1,,,,
MNQ SEP25,1s,1,4479,2025-09-12 10:34:39,24082.25,24082.75,24082.25,24082.25,33,0.5,0,0.5,0,0,,,,
MNQ SEP25,1s,1,4480,2025-09-12 10:34:40,24082.25,24083,24082.25,24082.75,37,0.75,0.5,0.25,0,1,,,,
MNQ SEP25,10s,10,5847,2025-09-12 10:34:40,24082.5,24084.5,24082,24082.75,956,2.5,0.25,1.75,0.5,1,31.65,34.15,48,43.8
MNQ SEP25,20s,20,5923,2025-09-12 10:34:40,24081.75,24084.5,24081.25,24082.75,1408,3.25,1,1.75,0.5,1,54.25,90.6,-167.78333333,-95.8
MNQ SEP25,1s,1,4481,2025-09-12 10:34:41,24082.5,24083,24082.25,24082.75,30,0.75,0.25,0.25,0.25,1,,,,
MNQ SEP25,1s,1,4482,2025-09-12 10:34:42,24082.75,24082.75,24081.5,24082,148,1.25,0.75,0,0.5,-1,,,,
MNQ SEP25,1s,1,4483,2025-09-12 10:34:43,24082,24082.75,24081.75,24082.25,74,1,0.25,0.5,0.25,1,,,,
MNQ SEP25,1s,1,4484,2025-09-12 10:34:44,24082.5,24082.75,24082.25,24082.25,29,0.5,0.25,0.25,0,-1,,,,
MNQ SEP25,1s,1,4485,2025-09-12 10:34:45,24082.5,24083,24082.25,24082.5,55,0.75,0,0.5,0.25,0,,,,
MNQ SEP25,1s,1,4486,2025-09-12 10:34:46,24082.5,24082.5,24082.25,24082.25,8,0.25,0.25,0,0,-1,,,,
MNQ SEP25,1s,1,4487,2025-09-12 10:34:47,24082,24082,24081,24081.25,52,1,0.75,0,0.25,-1,,,,
MNQ SEP25,1s,1,4488,2025-09-12 10:34:48,24081.5,24081.75,24080.25,24080.75,118,1.5,0.75,0.25,0.5,-1,,,,
MNQ SEP25,1s,1,4489,2025-09-12 10:34:49,24081,24081.75,24080.5,24081.5,59,1.25,0.5,0.25,0.5,1,,,,
MNQ SEP25,1s,1,4490,2025-09-12 10:34:50,24082,24082.5,24080.75,24081.25,106,1.75,0.75,0.5,0.5,-1,,,,
MNQ SEP25,10s,10,5848,2025-09-12 10:34:50,24082.5,24083,24080.25,24081.25,679,2.75,1.25,0.5,1,-1,73.15,41.5,44.16666667,51.84
MNQ SEP25,1s,1,4491,2025-09-12 10:34:51,24081.5,24081.75,24081,24081.5,44,0.75,0,0.25,0.5,0,,,,
MNQ SEP25,1s,1,4492,2025-09-12 10:34:52,24081.25,24081.75,24081,24081.5,23,0.75,0.25,0.25,0.25,1,,,,
MNQ SEP25,1s,1,4493,2025-09-12 10:34:53,24082,24082,24080.75,24081.25,75,1.25,0.75,0,0.5,-1,,,,
MNQ SEP25,1s,1,4494,2025-09-12 10:34:54,24080.75,24081.75,24080.75,24081.5,64,1,0.75,0.25,0,1,,,,
MNQ SEP25,1s,1,4495,2025-09-12 10:34:55,24081.25,24081.5,24081,24081.5,15,0.5,0.25,0,0.25,1,,,,
MNQ SEP25,1s,1,4496,2025-09-12 10:34:56,24081,24081.5,24080.75,24081.25,21,0.75,0.25,0.25,0.25,1,,,,
MNQ SEP25,1s,1,4497,2025-09-12 10:34:57,24081.25,24081.25,24080.5,24080.5,13,0.75,0.75,0,0,-1,,,,
MNQ SEP25,1s,1,4498,2025-09-12 10:34:58,24080.5,24080.5,24079.75,24080,56,0.75,0.5,0,0.25,-1,,,,
MNQ SEP25,1s,1,4499,2025-09-12 10:34:59,24080,24080.5,24079.75,24080,21,0.75,0,0.5,0.25,0,,,,
MNQ SEP25,1s,1,4500,2025-09-12 10:35:00,24080,24080.5,24079.75,24079.75,55,0.75,0.25,0.5,0,-1,,,,
MNQ SEP25,10s,10,5849,2025-09-12 10:35:00,24081.5,24082,24079.75,24079.75,387,2.25,1.75,0.5,0,-1,-40.6,-113.75,-12.7,14.35
MNQ SEP25,20s,20,5924,2025-09-12 10:35:00,24082.5,24083,24079.75,24079.75,1066,3.25,2.75,0.5,0,-1,99.6,45.35,-192.15,-88.28
MNQ SEP25,1s,1,4501,2025-09-12 10:35:01,24080,24080.75,24079,24079.25,116,1.75,0.75,0.75,0.25,-1,,,,
MNQ SEP25,1s,1,4502,2025-09-12 10:35:02,24079.75,24079.75,24078.25,24078.5,57,1.5,1.25,0,0.25,-1,,,,
MNQ SEP25,1s,1,4503,2025-09-12 10:35:03,24079,24079.75,24078.5,24079.5,135,1.25,0.5,0.25,0.5,1,,,,
MNQ SEP25,1s,1,4504,2025-09-12 10:35:04,24079.5,24080.5,24079,24080.25,150,1.5,0.75,0.25,0.5,1,,,,
MNQ SEP25,1s,1,4505,2025-09-12 10:35:05,24080.5,24080.5,24079.5,24080.25,32,1,0.25,0,0.75,-1,,,,
MNQ SEP25,1s,1,4506,2025-09-12 10:35:06,24080,24080.75,24080,24080.75,20,0.75,0.75,0,0,1,,,,
MNQ SEP25,1s,1,4507,2025-09-12 10:35:07,24080.5,24081,24080.25,24080.75,10,0.75,0.25,0.25,0.25,1,,,,
MNQ SEP25,1s,1,4508,2025-09-12 10:35:08,24081,24081.25,24080.75,24081,21,0.5,0,0.25,0.25,0,,,,
MNQ SEP25,1s,1,4509,2025-09-12 10:35:09,24080.75,24081,24080.5,24081,43,0.5,0.25,0,0.25,1,,,,
MNQ SEP25,1s,1,4510,2025-09-12 10:35:10,24081.25,24082,24080.75,24081.75,44,1.25,0.5,0.25,0.5,1,,,,
MNQ SEP25,10s,10,5850,2025-09-12 10:35:10,24080,24082,24078.25,24081.75,628,3.75,1.75,0.25,1.75,1,-70.8,-30.2,-34.15,-2.29
MNQ SEP25,1s,1,4511,2025-09-12 10:35:11,24081.75,24082.75,24081.75,24082.5,42,1,0.75,0.25,0,1,,,,
MNQ SEP25,1s,1,4512,2025-09-12 10:35:12,24082,24083,24082,24083,31,1,1,0,0,1,,,,
MNQ SEP25,1s,1,4513,2025-09-12 10:35:13,24083.25,24083.25,24082.75,24083,38,0.5,0.25,0,0.25,-1,,,,
MNQ SEP25,1s,1,4514,2025-09-12 10:35:14,24082.75,24084,24082.75,24083.25,66,1.25,0.5,0.75,0,1,,,,
MNQ SEP25,1s,1,4515,2025-09-12 10:35:15,24083.25,24083.25,24082,24082,29,1.25,1.25,0,0,-1,,,,
MNQ SEP25,1s,1,4516,2025-09-12 10:35:16,24082,24082.5,24082,24082.5,41,0.5,0.5,0,0,1,,,,
MNQ SEP25,1s,1,4517,2025-09-12 10:35:17,24082.75,24083,24082.5,24082.75,21,0.5,0,0.25,0.25,0,,,,
MNQ SEP25,1s,1,4518,2025-09-12 10:35:18,24083,24083.25,24082.5,24083,33,0.75,0,0.25,0.5,0,,,,
MNQ SEP25,1s,1,4519,2025-09-12 10:35:19,24083,24084,24082.25,24082.25,69,1.75,0.75,1,0,-1,,,,
MNQ SEP25,1s,1,4520,2025-09-12 10:35:20,24082.5,24083,24082.5,24082.5,24,0.5,0,0.5,0,0,,,,
MNQ SEP25,10s,10,5851,2025-09-12 10:35:20,24081.75,24084,24081.75,24082.5,394,2.25,0.75,1.5,0,1,-90.85,-20.05,-54.66666667,-17.67
MNQ SEP25,20s,20,5925,2025-09-12 10:35:20,24080,24084,24078.25,24082.5,1022,5.75,2.5,1.5,1.75,1,176.5,76.9,70.95,-76.22
MNQ SEP25,1s,1,4521,2025-09-12 10:35:21,24082.75,24083.75,24082.5,24083.5,64,1.25,0.75,0.25,0.25,1,,,,
MNQ SEP25,1s,1,4522,2025-09-12 10:35:22,24083.75,24087,24083.75,24084.75,520,3.25,1,2.25,0,1,,,,
MNQ SEP25,1s,1,4523,2025-09-12 10:35:23,24084.75,24085.25,24083.25,24083.5,155,2,1.25,0.5,0.25,-1,,,,
MNQ SEP25,1s,1,4524,2025-09-12 10:35:24,24084,24084.25,24083.75,24084.25,65,0.5,0.25,0,0.25,1,,,,
MNQ SEP25,1s,1,4525,2025-09-12 10:35:25,24084.25,24084.5,24083.5,24083.75,69,1,0.5,0.25,0.25,-1,,,,
MNQ SEP25,1s,1,4526,2025-09-12 10:35:26,24083.5,24084.75,24083.5,24083.5,66,1.25,0,1.25,0,0,,,,
MNQ SEP25,1s,1,4527,2025-09-12 10:35:27,24083.75,24083.75,24082.75,24083,33,1,0.75,0,0.25,-1,,,,
MNQ SEP25,1s,1,4528,2025-09-12 10:35:28,24083.25,24083.25,24082.5,24083.25,33,0.75,0,0,0.75,0,,,,
MNQ SEP25,1s,1,4529,2025-09-12 10:35:29,24083.25,24083.75,24083,24083,48,0.75,0.25,0.5,0,-1,,,,
MNQ SEP25,1s,1,4530,2025-09-12 10:35:30,24083.75,24084.25,24083.25,24083.5,47,1,0.25,0.5,0.25,-1,,,,
MNQ SEP25,10s,10,5852,2025-09-12 10:35:30,24082.75,24087,24082.5,24083.5,1100,4.5,0.75,3.5,0.25,1,-106.75,-15.9,-22.05,-27.68
MNQ SEP25,1s,1,4531,2025-09-12 10:35:31,24083.75,24084.75,24083,24084.5,43,1.75,0.75,0.25,0.75,1,,,,
MNQ SEP25,1s,1,4532,2025-09-12 10:35:32,24084.75,24085,24083.25,24083.25,76,1.75,1.5,0.25,0,-1,,,,
MNQ SEP25,1s,1,4533,2025-09-12 10:35:33,24083.25,24083.75,24083.25,24083.25,25,0.5,0,0.5,0,0,,,,
MNQ SEP25,1s,1,4534,2025-09-12 10:35:34,24083.75,24084.25,24083.5,24084,32,0.75,0.25,0.25,0.25,1,,,,
MNQ SEP25,1s,1,4535,2025-09-12 10:35:35,24083.75,24084.25,24083.75,24084,12,0.5,0.25,0.25,0,1,,,,
MNQ SEP25,1s,1,4536,2025-09-12 10:35:36,24084,24084,24083.25,24083.25,21,0.75,0.75,0,0,-1,,,,
MNQ SEP25,1s,1,4537,2025-09-12 10:35:37,24083.5,24083.75,24083.25,24083.25,19,0.5,0.25,0.25,0,-1,,,,
MNQ SEP25,1s,1,4538,2025-09-12 10:35:38,24083.5,24083.5,24082.75,24082.75,22,0.75,0.75,0,0,-1,,,,
MNQ SEP25,1s,1,4539,2025-09-12 10:35:39,24083.25,24083.5,24083,24083.5,18,0.5,0.25,0,0.25,1,,,,
MNQ SEP25,1s,1,4540,2025-09-12 10:35:40,24082.75,24083.5,24082.75,24083.5,23,0.75,0.75,0,0,1,,,,
MNQ SEP25,10s,10,5853,2025-09-12 10:35:40,24083.75,24085,24082.75,24083.5,291,2.25,0.25,1.25,0.75,-1,-176.85,-70.1,-35.35,-50
MNQ SEP25,20s,20,5926,2025-09-12 10:35:40,24082.75,24087,24082.5,24083.5,1391,4.5,0.75,3.5,0.25,1,203.7,27.2,49.81666667,-94.47
MNQ SEP25,1s,1,4541,2025-09-12 10:35:41,24083.5,24083.5,24083.25,24083.5,7,0.25,0,0,0.25,0,,,,
MNQ SEP25,1s,1,4542,2025-09-12 10:35:42,24083.75,24084.25,24083.5,24083.75,27,0.75,0,0.5,0.25,0,,,,
MNQ SEP25,1s,1,4543,2025-09-12 10:35:43,24084.25,24085.75,24084,24085.75,83,1.75,1.5,0,0.25,1,,,,
MNQ SEP25,1s,1,4544,2025-09-12 10:35:44,24085.5,24085.5,24084.5,24085,72,1,0.5,0,0.5,-1,,,,
MNQ SEP25,1s,1,4545,2025-09-12 10:35:45,24085,24085.75,24085,24085.5,26,0.75,0.5,0.25,0,1,,,,
MNQ SEP25,1s,1,4546,2025-09-12 10:35:46,24085.25,24085.75,24085,24085.25,26,0.75,0,0.5,0.25,0,,,,
MNQ SEP25,1s,1,4547,2025-09-12 10:35:47,24085,24085.5,24085,24085,26,0.5,0,0.5,0,0,,,,
MNQ SEP25,1s,1,4548,2025-09-12 10:35:48,24085.25,24085.5,24084.5,24084.5,43,1,0.75,0.25,0,-1,,,,
MNQ SEP25,1s,1,4549,2025-09-12 10:35:49,24085,24085.25,24084.5,24084.5,33,0.75,0.5,0.25,0,-1,,,,
MNQ SEP25,1s,1,4550,2025-09-12 10:35:50,24085,24085.25,24084.75,24085,16,0.5,0,0.25,0.25,0,,,,
MNQ SEP25,10s,10,5854,2025-09-12 10:35:50,24083.5,24085.75,24083.25,24085,359,2.5,1.5,0.75,0.25,1,-12.7,164.15,26.05,5.58
MNQ SEP25,1s,1,4551,2025-09-12 10:35:51,24085,24085,24084.25,24084.5,15,0.75,0.5,0,0.25,-1,,,,
MNQ SEP25,1s,1,4552,2025-09-12 10:35:52,24084.75,24084.75,24083.75,24084,58,1,0.75,0,0.25,-1,,,,
MNQ SEP25,1s,1,4553,2025-09-12 10:35:53,24084,24085.25,24084,24084.25,51,1.25,0.25,1,0,1,,,,
MNQ SEP25,1s,1,4554,2025-09-12 10:35:54,24084.25,24084.75,24084.25,24084.5,23,0.5,0.25,0.25,0,1,,,,
MNQ SEP25,1s,1,4555,2025-09-12 10:35:55,24084.75,24084.75,24084.5,24084.75,17,0.25,0,0,0.25,0,,,,
MNQ SEP25,1s,1,4556,2025-09-12 10:35:56,24084.5,24084.5,24084.25,24084.25,2,0.25,0.25,0,0,-1,,,,
MNQ SEP25,1s,1,4557,2025-09-12 10:35:57,24084.5,24084.75,24083.5,24084.25,74,1.25,0.25,0.25,0.75,-1,,,,
MNQ SEP25,1s,1,4558,2025-09-12 10:35:58,24084.25,24084.25,24083.75,24083.75,18,0.5,0.5,0,0,-1,,,,
MNQ SEP25,1s,1,4559,2025-09-12 10:35:59,24083.75,24084.25,24083.5,24083.75,17,0.75,0,0.5,0.25,0,,,,
MNQ SEP25,1s,1,4560,2025-09-12 10:36:00,24083.5,24084.5,24083.5,24084.5,15,1,1,0,0,1,,,,
MNQ SEP25,10s,10,5855,2025-09-12 10:36:00,24085,24085.25,24083.5,24084.5,290,1.75,0.5,0.25,1,-1,-35.15,-22.45,23.86666667,7.13
MNQ SEP25,20s,20,5927,2025-09-12 10:36:00,24083.5,24085.75,24083.25,24084.5,649,2.5,1,1.25,0.25,1,1.6,-202.1,-32.66666667,7.59
MNQ SEP25,1s,1,4561,2025-09-12 10:36:01,24084.5,24084.75,24083.5,24084,46,1.25,0.5,0.25,0.5,-1,,,,
MNQ SEP25,1s,1,4562,2025-09-12 10:36:02,24083.75,24084.25,24083.5,24083.5,27,0.75,0.25,0.5,0,-1,,,,
MNQ SEP25,1s,1,4563,2025-09-12 10:36:03,24083.25,24084.25,24083,24083.75,33,1.25,0.5,0.5,0.25,1,,,,
MNQ SEP25,1s,1,4564,2025-09-12 10:36:04,24083.25,24084,24083,24083.5,38,1,0.25,0.5,0.25,1,,,,
MNQ SEP25,1s,1,4565,2025-09-12 10:36:05,24083.5,24084.25,24083.5,24083.75,18,0.75,0.25,0.5,0,1,,,,
MNQ SEP25,1s,1,4566,2025-09-12 10:36:06,24083.75,24084.75,24083.5,24084,30,1.25,0.25,0.75,0.25,1,,,,
MNQ SEP25,1s,1,4567,2025-09-12 10:36:07,24084.25,24084.75,24084.25,24084.75,17,0.5,0.5,0,0,1,,,,
MNQ SEP25,1s,1,4568,2025-09-12 10:36:08,24084.75,24085.25,24084.5,24085,28,0.75,0.25,0.25,0.25,1,,,,
MNQ SEP25,1s,1,4569,2025-09-12 10:36:09,24085.25,24085.5,24084.5,24085.25,37,1,0,0.25,0.75,0,,,,
MNQ SEP25,1s,1,4570,2025-09-12 10:36:10,24085,24085.75,24085,24085.25,61,0.75,0.25,0.5,0,1,,,,
MNQ SEP25,10s,10,5856,2025-09-12 10:36:10,24084.5,24085.75,24083,24085.25,335,2.75,0.75,0.5,1.5,1,-37.15,-2,46.56666667,10.74
MNQ SEP25,1s,1,4571,2025-09-12 10:36:11,24085.25,24085.75,24085,24085,25,0.75,0.25,0.5,0,-1,,,,
MNQ SEP25,1s,1,4572,2025-09-12 10:36:12,24085.25,24085.5,24084.75,24085,50,0.75,0.25,0.25,0.25,-1,,,,
MNQ SEP25,1s,1,4573,2025-09-12 10:36:13,24084.75,24085.25,24084.5,24085,18,0.75,0.25,0.25,0.25,1,,,,
MNQ SEP25,1s,1,4574,2025-09-12 10:36:14,24084.5,24085,24084.5,24084.5,18,0.5,0,0.5,0,0,,,,
MNQ SEP25,1s,1,4575,2025-09-12 10:36:15,24085,24085.25,24084.5,24084.5,46,0.75,0.5,0.25,0,-1,,,,
MNQ SEP25,1s,1,4576,2025-09-12 10:36:16,24084.25,24084.75,24083.75,24083.75,39,1,0.5,0.5,0,-1,,,,
MNQ SEP25,1s,1,4577,2025-09-12 10:36:17,24083.75,24084.5,24083.5,24083.75,57,1,0,0.75,0.25,0,,,,
MNQ SEP25,1s,1,4578,2025-09-12 10:36:18,24084.25,24084.25,24083.25,24083.5,16,1,0.75,0,0.25,-1,,,,
MNQ SEP25,1s,1,4579,2025-09-12 10:36:19,24084.25,24085.5,24083.75,24084.25,87,1.75,0,1.25,0.5,0,,,,
MNQ SEP25,1s,1,4580,2025-09-12 10:36:20,24084.75,24084.75,24084.25,24084.25,13,0.5,0.5,0,0,-1,,,,
MNQ SEP25,10s,10,5857,2025-09-12 10:36:20,24085.25,24085.75,24083.25,24084.25,369,2.5,1,0.5,1,-1,-185.45,-148.3,-57.58333333,-15.74
MNQ SEP25,20s,20,5928,2025-09-12 10:36:20,24084.5,24085.75,24083,24084.25,704,2.75,0.25,1.25,1.25,-1,-150.95,-152.55,-109.15,-41.04
MNQ SEP25,1s,1,4581,2025-09-12 10:36:21,24084,24084.25,24083.75,24084,19,0.5,0,0.25,0.25,0,,,,
MNQ SEP25,1s,1,4582,2025-09-12 10:36:22,24084,24084,24083.75,24083.75,17,0.25,0.25,0,0,-1,,,,
MNQ SEP25,1s,1,4583,2025-09-12 10:36:23,24084.25,24084.5,24084,24084.5,16,0.5,0.25,0,0.25,1,,,,
MNQ SEP25,1s,1,4584,2025-09-12 10:36:24,24084.5,24084.75,24084,24084.25,12,0.75,0.25,0.25,0.25,-1,,,,
MNQ SEP25,1s,1,4585,2025-09-12 10:36:25,24084.25,24085.25,24084.25,24085.25,37,1,1,0,0,1,,,,
MNQ SEP25,1s,1,4586,2025-09-12 10:36:26,24085,24085.5,24085,24085.25,21,0.5,0.25,0.25,0,1,,,,
MNQ SEP25,1s,1,4587,2025-09-12 10:36:27,24084.75,24085.75,24084.75,24085.5,23,1,0.75,0.25,0,1,,,,
MNQ SEP25,1s,1,4588,2025-09-12 10:36:28,24085.25,24088.25,24085.25,24088.25,336,3,3,0,0,1,,,,
MNQ SEP25,1s,1,4589,2025-09-12 10:36:29,24088,24088.25,24086.75,24086.75,102,1.5,1.25,0.25,0,-1,,,,
MNQ SEP25,1s,1,4590,2025-09-12 10:36:30,24086.75,24087,24085.75,24086,55,1.25,0.75,0.25,0.25,-1,,,,
MNQ SEP25,10s,10,5858,2025-09-12 10:36:30,24084,24088.25,24083.75,24086,638,4.5,2,2.25,0.25,1,-130.4,55.05,-31.75,9.29
MNQ SEP25,1s,1,4591,2025-09-12 10:36:31,24085.75,24087.25,24085.5,24085.5,104,1.75,0.25,1.5,0,-1,,,,
MNQ SEP25,1s,1,4592,2025-09-12 10:36:32,24085.5,24086,24085,24085.25,41,1,0.25,0.5,0.25,-1,,,,
MNQ SEP25,1s,1,4593,2025-09-12 10:36:33,24085.25,24086,24084,24084.5,139,2,0.75,0.75,0.5,-1,,,,
MNQ SEP25,1s,1,4594,2025-09-12 10:36:34,24084.75,24084.75,24083.5,24083.5,56,1.25,1.25,0,0,-1,,,,
MNQ SEP25,1s,1,4595,2025-09-12 10:36:35,24083.75,24084.25,24083.5,24083.75,32,0.75,0,0.5,0.25,0,,,,
MNQ SEP25,1s,1,4596,2025-09-12 10:36:36,24084,24084.25,24083.5,24083.75,36,0.75,0.25,0.25,0.25,-1,,,,
MNQ SEP25,1s,1,4597,2025-09-12 10:36:37,24083.75,24084,24083,24083.5,61,1,0.25,0.25,0.5,-1,,,,
MNQ SEP25,1s,1,4598,2025-09-12 10:36:38,24083.5,24084.25,24083,24084.25,27,1.25,0.75,0,0.5,1,,,,
MNQ SEP25,1s,1,4599,2025-09-12 10:36:39,24084,24084.75,24082.5,24083.25,108,2.25,0.75,0.75,0.75,-1,,,,
MNQ SEP25,1s,1,4600,2025-09-12 10:36:40,24083.25,24083.25,24082.5,24083,30,0.75,0.25,0,0.5,-1,,,,
MNQ SEP25,10s,10,5859,2025-09-12 10:36:40,24085.75,24087.25,24082.5,24083,634,4.75,2.75,1.5,0.5,-1,-84.8,45.6,-15.88333333,-14.42
MNQ SEP25,20s,20,5929,2025-09-12 10:36:40,24084,24088.25,24082.5,24083,1272,5.75,1,4.25,0.5,-1,-147.95,3,-117.21666667,-49.51
MNQ SEP25,1s,1,4601,2025-09-12 10:36:41,24082.5,24083.25,24082.5,24083,30,0.75,0.5,0.25,0,1,,,,
MNQ SEP25,1s,1,4602,2025-09-12 10:36:42,24082.75,24084,24082.75,24083.75,25,1.25,1,0.25,0,1,,,,
MNQ SEP25,1s,1,4603,2025-09-12 10:36:43,24083.75,24084,24082.75,24083.5,27,1.25,0.25,0.25,0.75,-1,,,,
MNQ SEP25,1s,1,4604,2025-09-12 10:36:44,24083.5,24085,24083.5,24085,41,1.5,1.5,0,0,1,,,,
MNQ SEP25,1s,1,4605,2025-09-12 10:36:45,24085.25,24085.25,24084.75,24085,12,0.5,0.25,0,0.25,-1,,,,
MNQ SEP25,1s,1,4606,2025-09-12 10:36:46,24085,24085.25,24084.75,24084.75,7,0.5,0.25,0.25,0,-1,,,,
MNQ SEP25,1s,1,4607,2025-09-12 10:36:47,24084.75,24085.75,24084.5,24085.75,21,1.25,1,0,0.25,1,,,,
MNQ SEP25,1s,1,4608,2025-09-12 10:36:48,24085.5,24086,24085.25,24085.5,18,0.75,0,0.5,0.25,0,,,,
MNQ SEP25,1s,1,4609,2025-09-12 10:36:49,24086,24086,24085.5,24085.75,20,0.5,0.25,0,0.25,-1,,,,
MNQ SEP25,1s,1,4610,2025-09-12 10:36:50,24085.25,24085.75,24085.25,24085.75,9,0.5,0.5,0,0,1,,,,
MNQ SEP25,10s,10,5860,2025-09-12 10:36:50,24082.5,24086,24082.5,24085.75,210,3.5,3.25,0.25,0,1,-95.25,-10.45,30.06666667,-12.02
MNQ SEP25,1s,1,4611,2025-09-12 10:36:51,24086,24086,24085.25,24085.5,26,0.75,0.5,0,0.25,-1,,,,
MNQ SEP25,1s,1,4612,2025-09-12 10:36:52,24085.25,24085.75,24085,24085.5,20,0.75,0.25,0.25,0.25,1,,,,
MNQ SEP25,1s,1,4613,2025-09-12 10:36:53,24085.75,24085.75,24083.75,24083.75,38,2,2,0,0,-1,,,,
MNQ SEP25,1s,1,4614,2025-09-12 10:36:54,24083.75,24084.25,24083.25,24083.5,20,1,0.25,0.5,0.25,-1,,,,
MNQ SEP25,1s,1,4615,2025-09-12 10:36:55,24083.25,24083.25,24083,24083,5,0.25,0.25,0,0,-1,,,,
MNQ SEP25,1s,1,4616,2025-09-12 10:36:56,24083.75,24084.25,24083.25,24084,29,1,0.25,0.25,0.5,1,,,,
MNQ SEP25,1s,1,4617,2025-09-12 10:36:57,24084.25,24084.5,24083.5,24084.5,53,1,0.25,0,0.75,1,,,,
MNQ SEP25,1s,1,4618,2025-09-12 10:36:58,24084,24084,24083.25,24083.5,14,0.75,0.5,0,0.25,-1,,,,
MNQ SEP25,1s,1,4619,2025-09-12 10:36:59,24083.5,24083.75,24083.25,24083.25,8,0.5,0.25,0.25,0,-1,,,,
MNQ SEP25,1s,1,4620,2025-09-12 10:37:00,24083.25,24083.5,24083,24083.5,21,0.5,0.25,0,0.25,1,,,,
MNQ SEP25,10s,10,5861,2025-09-12 10:37:00,24086,24086,24083,24083.5,234,3,2.5,0,0.5,-1,-116.25,-21,4.71666667,-15.82
MNQ SEP25,20s,20,5930,2025-09-12 10:37:00,24082.5,24086,24082.5,24083.5,444,3.5,1,2.5,0,1,-224.5,-76.55,-75.36666667,-80.2
MNQ SEP25,1s,1,4621,2025-09-12 10:37:01,24083,24083.25,24082.25,24082.75,43,1,0.25,0.25,0.5,-1,,,,
MNQ SEP25,1s,1,4622,2025-09-12 10:37:02,24082.75,24083.5,24082.25,24083.5,52,1.25,0.75,0,0.5,1,,,,
MNQ SEP25,1s,1,4623,2025-09-12 10:37:03,24083.5,24084.25,24083.5,24084,73,0.75,0.5,0.25,0,1,,,,
MNQ SEP25,1s,1,4624,2025-09-12 10:37:04,24083.75,24084.25,24083.25,24084,25,1,0.25,0.25,0.5,1,,,,
MNQ SEP25,1s,1,4625,2025-09-12 10:37:05,24084.25,24084.75,24084.25,24084.25,16,0.5,0,0.5,0,0,,,,
MNQ SEP25,1s,1,4626,2025-09-12 10:37:06,24084,24084.25,24084,24084,15,0.25,0,0.25,0,0,,,,
MNQ SEP25,1s,1,4627,2025-09-12 10:37:07,24083.75,24083.75,24083.25,24083.75,23,0.5,0,0,0.5,0,,,,
MNQ SEP25,1s,1,4628,2025-09-12 10:37:08,24083.75,24083.75,24083,24083.25,33,0.75,0.5,0,0.25,-1,,,,
MNQ SEP25,1s,1,4629,2025-09-12 10:37:09,24083.75,24084,24083.5,24084,32,0.5,0.25,0,0.25,1,,,,
MNQ SEP25,1s,1,4630,2025-09-12 10:37:10,24084,24084.75,24084,24084.75,114,0.75,0.75,0,0,1,,,,
MNQ SEP25,10s,10,5862,2025-09-12 10:37:10,24083,24084.75,24082.25,24084.75,426,2.5,1.75,0,0.75,1,-91.55,24.7,-2.25,18.78
MNQ SEP25,1s,1,4631,2025-09-12 10:37:11,24085,24085,24084.25,24084.25,34,0.75,0.75,0,0,-1,,,,
MNQ SEP25,1s,1,4632,2025-09-12 10:37:12,24084.25,24084.25,24083.5,24083.5,20,0.75,0.75,0,0,-1,,,,
MNQ SEP25,1s,1,4633,2025-09-12 10:37:13,24083.25,24084,24083,24083.25,15,1,0,0.75,0.25,0,,,,
MNQ SEP25,1s,1,4634,2025-09-12 10:37:14,24083.5,24083.5,24082.25,24082.5,42,1.25,1,0,0.25,-1,,,,
MNQ SEP25,1s,1,4635,2025-09-12 10:37:15,24082.5,24082.75,24082.25,24082.5,25,0.5,0,0.25,0.25,0,,,,
MNQ SEP25,1s,1,4636,2025-09-12 10:37:16,24082.5,24083.25,24082,24082,76,1.25,0.5,0.75,0,-1,,,,
MNQ SEP25,1s,1,4637,2025-09-12 10:37:17,24082,24082.75,24082,24082.25,66,0.75,0.25,0.5,0,1,,,,
MNQ SEP25,1s,1,4638,2025-09-12 10:37:18,24082.25,24083.25,24082,24082.5,54,1.25,0.25,0.75,0.25,1,,,,
MNQ SEP25,1s,1,4639,2025-09-12 10:37:19,24082.75,24083.25,24082.25,24082.5,35,1,0.25,0.5,0.25,-1,,,,
MNQ SEP25,1s,1,4640,2025-09-12 10:37:20,24082.75,24082.75,24082.25,24082.5,15,0.5,0.25,0,0.25,-1,,,,
MNQ SEP25,10s,10,5863,2025-09-12 10:37:20,24085,24085,24082,24082.5,382,3,2.5,0,0.5,-1,-143.15,-51.6,-15.96666667,-2.55
MNQ SEP25,20s,20,5931,2025-09-12 10:37:20,24083,24085,24082,24082.5,808,3,0.5,2,0.5,-1,-341.2,-116.7,-63.41666667,-108.98
MNQ SEP25,1s,1,4641,2025-09-12 10:37:21,24083,24084,24083,24083.5,26,1,0.5,0.5,0,1,,,,
MNQ SEP25,1s,1,4642,2025-09-12 10:37:22,24083,24084.25,24083,24084.25,44,1.25,1.25,0,0,1,,,,
MNQ SEP25,1s,1,4643,2025-09-12 10:37:23,24084.25,24084.75,24084,24084.25,23,0.75,0,0.5,0.25,0,,,,
MNQ SEP25,1s,1,4644,2025-09-12 10:37:24,24084.5,24084.5,24082.5,24082.75,23,2,1.75,0,0.25,-1,,,,
MNQ SEP25,1s,1,4645,2025-09-12 10:37:25,24083.5,24083.5,24082.5,24082.75,11,1,0.75,0,0.25,-1,,,,
MNQ SEP25,1s,1,4646,2025-09-12 10:37:26,24082.75,24083,24082.25,24082.5,38,0.75,0.25,0.25,0.25,-1,,,,
MNQ SEP25,1s,1,4647,2025-09-12 10:37:27,24082.75,24083,24080.5,24080.5,131,2.5,2.25,0.25,0,-1,,,,
MNQ SEP25,1s,1,4648,2025-09-12 10:37:28,24080.5,24080.75,24080,24080.25,132,0.75,0.25,0.25,0.25,-1,,,,
MNQ SEP25,1s,1,4649,2025-09-12 10:37:29,24080.5,24080.75,24079.25,24080,119,1.5,0.5,0.25,0.75,-1,,,,
MNQ SEP25,1s,1,4650,2025-09-12 10:37:30,24079.75,24081,24079.75,24079.75,25,1.25,0,1.25,0,0,,,,
MNQ SEP25,10s,10,5864,2025-09-12 10:37:30,24083,24084.75,24079.25,24079.75,572,5.5,3.25,1.75,0.5,-1,-135.65,7.5,-6.46666667,-10.17
MNQ SEP25,1s,1,4651,2025-09-12 10:37:31,24079.75,24080.25,24079,24079.5,69,1.25,0.25,0.5,0.5,-1,,,,
MNQ SEP25,1s,1,4652,2025-09-12 10:37:32,24079.5,24081,24079.25,24080.25,116,1.75,0.75,0.75,0.25,1,,,,
MNQ SEP25,1s,1,4653,2025-09-12 10:37:33,24080.5,24081.5,24080.5,24081.25,48,1,0.75,0.25,0,1,,,,
MNQ SEP25,1s,1,4654,2025-09-12 10:37:34,24081.5,24081.75,24080.5,24080.5,31,1.25,1,0.25,0,-1,,,,
MNQ SEP25,1s,1,4655,2025-09-12 10:37:35,24080.5,24081,24080.5,24080.75,31,0.5,0.25,0.25,0,1,,,,
MNQ SEP25,1s,1,4656,2025-09-12 10:37:36,24081,24081.5,24080.75,24081.5,29,0.75,0.5,0,0.25,1,,,,
MNQ SEP25,1s,1,4657,2025-09-12 10:37:37,24081.25,24082.25,24080.75,24082.25,21,1.5,1,0,0.5,1,,,,
MNQ SEP25,1s,1,4658,2025-09-12 10:37:38,24082.25,24082.75,24082,24082.5,24,0.75,0.25,0.25,0.25,1,,,,
MNQ SEP25,1s,1,4659,2025-09-12 10:37:39,24082.5,24083.75,24082.5,24083.5,54,1.25,1,0.25,0,1,,,,
MNQ SEP25,1s,1,4660,2025-09-12 10:37:40,24083,24083,24082.5,24082.75,29,0.5,0.25,0,0.25,-1,,,,
MNQ SEP25,10s,10,5865,2025-09-12 10:37:40,24079.75,24083.75,24079,24082.75,452,4.75,3,1,0.75,1,-76.2,59.45,5.11666667,3.81
MNQ SEP25,20s,20,5932,2025-09-12 10:37:40,24083,24084.75,24079,24082.75,1024,5.75,0.25,1.75,3.75,-1,-283.75,57.45,-45.26666667,-57.07
MNQ SEP25,1s,1,4661,2025-09-12 10:37:41,24083,24083,24082.75,24082.75,3,0.25,0.25,0,0,-1,,,,
MNQ SEP25,1s,1,4662,2025-09-12 10:37:42,24083,24084,24083,24083.75,21,1,0.75,0.25,0,1,,,,
MNQ SEP25,1s,1,4663,2025-09-12 10:37:43,24084,24084.75,24083.75,24084.5,49,1,0.5,0.25,0.25,1,,,,
MNQ SEP25,1s,1,4664,2025-09-12 10:37:44,24083.75,24084.5,24083.75,24084,34,0.75,0.25,0.5,0,1,,,,
MNQ SEP25,1s,1,4665,2025-09-12 10:37:45,24083.75,24084,24083.25,24083.25,27,0.75,0.5,0.25,0,-1,,,,
MNQ SEP25,1s,1,4666,2025-09-12 10:37:46,24084.5,24085.5,24084.25,24085,35,1.25,0.5,0.5,0.25,1,,,,
MNQ SEP25,1s,1,4667,2025-09-12 10:37:47,24085.25,24086.5,24085.25,24086.5,37,1.25,1.25,0,0,1,,,,
MNQ SEP25,1s,1,4668,2025-09-12 10:37:48,24086.25,24086.5,24084.75,24086,96,1.75,0.25,0.25,1.25,-1,,,,
MNQ SEP25,1s,1,4669,2025-09-12 10:37:49,24085.5,24085.5,24084.75,24085,37,0.75,0.5,0,0.25,-1,,,,
MNQ SEP25,1s,1,4670,2025-09-12 10:37:50,24084.75,24085.25,24084.5,24085,33,0.75,0.25,0.25,0.25,1,,,,
MNQ SEP25,10s,10,5866,2025-09-12 10:37:50,24083,24086.5,24082.75,24085,372,3.75,2,1.5,0.25,1,-44.6,31.6,32.85,14.33
MNQ SEP25,1s,1,4671,2025-09-12 10:37:51,24085,24085,24083.25,24084,38,1.75,1,0,0.75,-1,,,,
MNQ SEP25,1s,1,4672,2025-09-12 10:37:52,24083.5,24084,24083.25,24083.25,14,0.75,0.25,0.5,0,-1,,,,
MNQ SEP25,1s,1,4673,2025-09-12 10:37:53,24083.25,24083.25,24082.5,24082.5,35,0.75,0.75,0,0,-1,,,,
MNQ SEP25,1s,1,4674,2025-09-12 10:37:54,24083,24083,24081.5,24081.75,23,1.5,1.25,0,0.25,-1,,,,
MNQ SEP25,1s,1,4675,2025-09-12 10:37:55,24082,24082,24081.5,24081.75,8,0.5,0.25,0,0.25,-1,,,,
MNQ SEP25,1s,1,4676,2025-09-12 10:37:56,24082,24082.25,24082,24082.25,6,0.25,0.25,0,0,1,,,,
MNQ SEP25,1s,1,4677,2025-09-12 10:37:57,24082,24082.75,24082,24082.75,14,0.75,0.75,0,0,1,,,,
MNQ SEP25,1s,1,4678,2025-09-12 10:37:58,24082.25,24082.25,24081.5,24081.75,16,0.75,0.5,0,0.25,-1,,,,
MNQ SEP25,1s,1,4679,2025-09-12 10:37:59,24082,24082.5,24081.75,24082.25,45,0.75,0.25,0.25,0.25,1,,,,
MNQ SEP25,1s,1,4680,2025-09-12 10:38:00,24082.25,24082.25,24081.5,24081.5,17,0.75,0.75,0,0,-1,,,,
MNQ SEP25,10s,10,5867,2025-09-12 10:38:00,24085,24085,24081.5,24081.5,216,3.5,3.5,0,0,-1,-49.6,-5,28.68333333,8.39
MNQ SEP25,20s,20,5933,2025-09-12 10:38:00,24083,24086.5,24081.5,24081.5,588,5,1.5,3.5,0,-1,-274.55,9.2,-16.68333333,-24.72
MNQ SEP25,1s,1,4681,2025-09-12 10:38:01,24081.5,24082,24080.75,24081.25,33,1.25,0.25,0.5,0.5,-1,,,,
MNQ SEP25,1s,1,4682,2025-09-12 10:38:02,24081.25,24081.25,24080.75,24081,22,0.5,0.25,0,0.25,-1,,,,
MNQ SEP25,1s,1,4683,2025-09-12 10:38:03,24080.75,24081.5,24080.75,24081,16,0.75,0.25,0.5,0,1,,,,
MNQ SEP25,1s,1,4684,2025-09-12 10:38:04,24081,24081,24080.5,24080.5,25,0.5,0.5,0,0,-1,,,,
MNQ SEP25,1s,1,4685,2025-09-12 10:38:05,24080.5,24081,24080.25,24081,20,0.75,0.5,0,0.25,1,,,,
MNQ SEP25,1s,1,4686,2025-09-12 10:38:06,24080.5,24081.75,24080.25,24081.75,57,1.5,1.25,0,0.25,1,,,,
MNQ SEP25,1s,1,4687,2025-09-12 10:38:07,24081.75,24082,24081.25,24081.5,30,0.75,0.25,0.25,0.25,-1,,,,
MNQ SEP25,1s,1,4688,2025-09-12 10:38:08,24081,24081.25,24080.25,24080.25,13,1,0.75,0.25,0,-1,,,,
MNQ SEP25,1s,1,4689,2025-09-12 10:38:09,24080,24081.75,24079.75,24081.25,69,2,1.25,0.5,0.25,1,,,,
MNQ SEP25,1s,1,4690,2025-09-12 10:38:10,24081.75,24081.75,24080.5,24080.5,19,1.25,1.25,0,0,-1,,,,
MNQ SEP25,10s,10,5868,2025-09-12 10:38:10,24081.5,24082,24079.75,24080.5,304,2.25,1,0.5,0.75,-1,-46.45,3.15,9.91666667,19.34
MNQ SEP25,1s,1,4691,2025-09-12 10:38:11,24080.75,24080.75,24080,24080,13,0.75,0.75,0,0,-1,,,,
MNQ SEP25,1s,1,4692,2025-09-12 10:38:12,24079.75,24080,24079.25,24079.5,71,0.75,0.25,0.25,0.25,-1,,,,
MNQ SEP25,1s,1,4693,2025-09-12 10:38:13,24079.25,24080.25,24079,24080,44,1.25,0.75,0.25,0.25,1,,,,
MNQ SEP25,1s,1,4694,2025-09-12 10:38:14,24080.25,24080.75,24079.75,24080.5,32,1,0.25,0.25,0.5,1,,,,
MNQ SEP25,1s,1,4695,2025-09-12 10:38:15,24080,24080.75,24078.75,24079.25,126,2,0.75,0.75,0.5,-1,,,,
MNQ SEP25,1s,1,4696,2025-09-12 10:38:16,24079.5,24080.75,24079.25,24080.75,62,1.5,1.25,0,0.25,1,,,,
MNQ SEP25,1s,1,4697,2025-09-12 10:38:17,24080.75,24081.25,24080.5,24080.5,38,0.75,0.25,0.5,0,-1,,,,
MNQ SEP25,1s,1,4698,2025-09-12 10:38:18,24080.75,24080.75,24080.25,24080.5,18,0.5,0.25,0,0.25,-1,,,,
MNQ SEP25,1s,1,4699,2025-09-12 10:38:19,24080.25,24080.75,24080,24080.5,23,0.75,0.25,0.25,0.25,1,,,,
MNQ SEP25,1s,1,4700,2025-09-12 10:38:20,24080.75,24081,24080.75,24081,21,0.25,0.25,0,0,1,,,,
MNQ SEP25,10s,10,5869,2025-09-12 10:38:20,24080.75,24081.25,24078.75,24081,448,2.5,0.25,0.25,2,1,-74.3,-27.85,-9.9,12.27
MNQ SEP25,20s,20,5934,2025-09-12 10:38:20,24081.5,24082,24078.75,24081,752,3.25,0.5,0.5,2.25,-1,-379.5,-104.95,-12.76666667,-46.31
MNQ SEP25,1s,1,4701,2025-09-12 10:38:21,24081,24081.5,24080.75,24081.25,70,0.75,0.25,0.25,0.25,1,,,,
MNQ SEP25,1s,1,4702,2025-09-12 10:38:22,24080.75,24080.75,24080,24080.5,32,0.75,0.25,0,0.5,-1,,,,
MNQ SEP25,1s,1,4703,2025-09-12 10:38:23,24081,24081,24080.5,24081,15,0.5,0,0,0.5,0,,,,
MNQ SEP25,1s,1,4704,2025-09-12 10:38:24,24081,24081,24080.5,24080.75,15,0.5,0.25,0,0.25,-1,,,,
MNQ SEP25,1s,1,4705,2025-09-12 10:38:25,24080.5,24081.25,24080.5,24080.75,12,0.75,0.25,0.5,0,1,,,,
MNQ SEP25,1s,1,4706,2025-09-12 10:38:26,24080.5,24081,24080.25,24080.75,8,0.75,0.25,0.25,0.25,1,,,,
MNQ SEP25,1s,1,4707,2025-09-12 10:38:27,24080.75,24081.5,24080.25,24081,28,1.25,0.25,0.5,0.5,1,,,,
MNQ SEP25,1s,1,4708,2025-09-12 10:38:28,24081,24081.25,24080.5,24081.25,20,0.75,0.25,0,0.5,1,,,,
MNQ SEP25,1s,1,4709,2025-09-12 10:38:29,24081.5,24082,24081.5,24081.5,17,0.5,0,0.5,0,0,,,,
MNQ SEP25,1s,1,4710,2025-09-12 10:38:30,24081.5,24082.5,24081,24082.5,43,1.5,1,0,0.5,1,,,,
MNQ SEP25,10s,10,5870,2025-09-12 10:38:30,24081,24082.5,24080,24082.5,260,2.5,1.5,0,1,1,-94.3,-20,-14.9,-3.62
MNQ SEP25,1s,1,4711,2025-09-12 10:38:31,24082.5,24082.5,24082,24082.25,19,0.5,0.25,0,0.25,-1,,,,
MNQ SEP25,1s,1,4712,2025-09-12 10:38:32,24082.5,24082.5,24081.75,24082,22,0.75,0.5,0,0.25,-1,,,,
MNQ SEP25,1s,1,4713,2025-09-12 10:38:33,24082.75,24083,24082,24082,32,1,0.75,0.25,0,-1,,,,
MNQ SEP25,1s,1,4714,2025-09-12 10:38:34,24081.75,24083,24081.75,24082.5,18,1.25,0.75,0.5,0,1,,,,
MNQ SEP25,1s,1,4715,2025-09-12 10:38:35,24082.5,24082.5,24082,24082.25,8,0.5,0.25,0,0.25,-1,,,,
MNQ SEP25,1s,1,4716,2025-09-12 10:38:36,24082.25,24082.25,24081.5,24081.5,15,0.75,0.75,0,0,-1,,,,
MNQ SEP25,1s,1,4717,2025-09-12 10:38:37,24081.25,24081.25,24080.5,24080.5,21,0.75,0.75,0,0,-1,,,,
MNQ SEP25,1s,1,4718,2025-09-12 10:38:38,24080.25,24080.5,24080.25,24080.25,12,0.25,0,0.25,0,0,,,,
MNQ SEP25,1s,1,4719,2025-09-12 10:38:39,24080.5,24080.5,24080.25,24080.25,6,0.25,0.25,0,0,-1,,,,
MNQ SEP25,1s,1,4720,2025-09-12 10:38:40,24080.25,24081,24080.25,24080.75,9,0.75,0.5,0.25,0,1,,,,
MNQ SEP25,10s,10,5871,2025-09-12 10:38:40,24082.5,24083,24080.25,24080.75,162,2.75,1.75,0.5,0.5,-1,-124.7,-30.4,-26.08333333,-16.02
MNQ SEP25,20s,20,5935,2025-09-12 10:38:40,24081,24083,24080,24080.75,422,3,0.25,2,0.75,-1,-383.55,-4.05,-33.26666667,-31.81
MNQ SEP25,1s,1,4721,2025-09-12 10:38:41,24080.5,24080.75,24079.75,24080.25,35,1,0.25,0.25,0.5,-1,,,,
MNQ SEP25,1s,1,4722,2025-09-12 10:38:42,24080.75,24080.75,24079.75,24079.75,12,1,1,0,0,-1,,,,
MNQ SEP25,1s,1,4723,2025-09-12 10:38:43,24080,24080.75,24079.75,24080.75,13,1,0.75,0,0.25,1,,,,
MNQ SEP25,1s,1,4724,2025-09-12 10:38:44,24080.75,24081,24080.5,24081,15,0.5,0.25,0,0.25,1,,,,
MNQ SEP25,1s,1,4725,2025-09-12 10:38:45,24080.75,24081.25,24080.5,24080.5,10,0.75,0.25,0.5,0,-1,,,,
MNQ SEP25,1s,1,4726,2025-09-12 10:38:46,24080.75,24080.75,24078.75,24078.75,72,2,2,0,0,-1,,,,
MNQ SEP25,1s,1,4727,2025-09-12 10:38:47,24079,24080,24078.75,24079.75,28,1.25,0.75,0.25,0.25,1,,,,
MNQ SEP25,1s,1,4728,2025-09-12 10:38:48,24080,24080.5,24079.75,24079.75,35,0.75,0.25,0.5,0,-1,,,,
MNQ SEP25,1s,1,4729,2025-09-12 10:38:49,24080,24080.5,24080,24080,26,0.5,0,0.5,0,0,,,,
MNQ SEP25,1s,1,4730,2025-09-12 10:38:50,24080.25,24080.25,24079.5,24079.5,18,0.75,0.75,0,0,-1,,,,
MNQ SEP25,10s,10,5872,2025-09-12 10:38:50,24080.5,24081.25,24078.75,24079.5,264,2.5,1,0.75,0.75,-1,-73.3,51.4,0.33333333,-4.74
MNQ SEP25,1s,1,4731,2025-09-12 10:38:51,24079.5,24080,24079.5,24079.75,42,0.5,0.25,0.25,0,1,,,,
MNQ SEP25,1s,1,4732,2025-09-12 10:38:52,24080,24080,24079.25,24079.25,47,0.75,0.75,0,0,-1,,,,
MNQ SEP25,1s,1,4733,2025-09-12 10:38:53,24079.25,24079.25,24077,24077.75,211,2.25,1.5,0,0.75,-1,,,,
MNQ SEP25,1s,1,4734,2025-09-12 10:38:54,24077.75,24078,24076.75,24077.25,99,1.25,0.5,0.25,0.5,-1,,,,
MNQ SEP25,1s,1,4735,2025-09-12 10:38:55,24077.5,24078,24077.25,24077.5,29,0.75,0,0.5,0.25,0,,,,
MNQ SEP25,1s,1,4736,2025-09-12 10:38:56,24077.75,24078.5,24077.5,24078,71,1,0.25,0.5,0.25,1,,,,
MNQ SEP25,1s,1,4737,2025-09-12 10:38:57,24078.25,24078.5,24078,24078,23,0.5,0.25,0.25,0,-1,,,,
MNQ SEP25,1s,1,4738,2025-09-12 10:38:58,24078,24078.25,24076.75,24077.25,51,1.5,0.75,0.25,0.5,-1,,,,
MNQ SEP25,1s,1,4739,2025-09-12 10:38:59,24077,24078,24077,24077.5,39,1,0.5,0.5,0,1,,,,
MNQ SEP25,1s,1,4740,2025-09-12 10:39:00,24077.75,24078.5,24077.5,24078,52,1,0.25,0.5,0.25,1,,,,
MNQ SEP25,10s,10,5873,2025-09-12 10:39:00,24079.5,24080,24076.75,24078,664,3.25,1.5,0.5,1.25,-1,-19.95,53.35,24.78333333,5.3
MNQ SEP25,20s,20,5936,2025-09-12 10:39:00,24080.5,24081.25,24076.75,24078,928,4.5,2.5,0.75,1.25,-1,-373.6,9.95,-33.01666667,-6.48
MNQ SEP25,1s,1,4741,2025-09-12 10:39:01,24078.25,24078.5,24078,24078.25,55,0.5,0,0.25,0.25,0,,,,
MNQ SEP25,1s,1,4742,2025-09-12 10:39:02,24078,24079,24077.75,24078.75,66,1.25,0.75,0.25,0.25,1,,,,
MNQ SEP25,1s,1,4743,2025-09-12 10:39:03,24078.75,24079.5,24078.75,24079,40,0.75,0.25,0.5,0,1,,,,
MNQ SEP25,1s,1,4744,2025-09-12 10:39:04,24078.75,24080,24078.75,24079,35,1.25,0.25,1,0,1,,,,
MNQ SEP25,1s,1,4745,2025-09-12 10:39:05,24079.5,24080.25,24079.5,24080.25,40,0.75,0.75,0,0,1,,,,
MNQ SEP25,1s,1,4746,2025-09-12 10:39:06,24080.25,24080.5,24079.75,24080.25,17,0.75,0,0.25,0.5,0,,,,
MNQ SEP25,1s,1,4747,2025-09-12 10:39:07,24080.5,24080.5,24079.75,24079.75,12,0.75,0.75,0,0,-1,,,,
MNQ SEP25,1s,1,4748,2025-09-12 10:39:08,24079.5,24080,24079.25,24079.75,12,0.75,0.25,0.25,0.25,1,,,,
MNQ SEP25,1s,1,4749,2025-09-12 10:39:09,24079.5,24079.75,24078.75,24079,32,1,0.5,0.25,0.25,-1,,,,
MNQ SEP25,1s,1,4750,2025-09-12 10:39:10,24079.5,24079.5,24079.5,24079.5,1,0,0,0,0,0,,,,
MNQ SEP25,10s,10,5874,2025-09-12 10:39:10,24078.25,24080.5,24077.75,24079.5,310,2.75,1.25,1,0.5,1,-45.1,-25.15,26.53333333,5.84
MNQ SEP25,1s,1,4751,2025-09-12 10:39:11,24079.25,24079.25,24079,24079,8,0.25,0.25,0,0,-1,,,,
MNQ SEP25,1s,1,4752,2025-09-12 10:39:12,24079.25,24080.25,24079.25,24080.25,32,1,1,0,0,1,,,,
MNQ SEP25,1s,1,4753,2025-09-12 10:39:13,24080.5,24081.5,24080.25,24081.5,40,1.25,1,0,0.25,1,,,,
MNQ SEP25,1s,1,4754,2025-09-12 10:39:14,24081.5,24081.75,24080.25,24080.25,56,1.5,1.25,0.25,0,-1,,,,
MNQ SEP25,1s,1,4755,2025-09-12 10:39:15,24080.5,24080.5,24079.5,24080,23,1,0.5,0,0.5,-1,,,,
MNQ SEP25,1s,1,4756,2025-09-12 10:39:16,24080,24080.5,24079.75,24080.5,35,0.75,0.5,0,0.25,1,,,,
MNQ SEP25,1s,1,4757,2025-09-12 10:39:17,24080.25,24080.5,24079.5,24079.5,5,1,0.75,0.25,0,-1,,,,
MNQ SEP25,1s,1,4758,2025-09-12 10:39:18,24080,24080.25,24079.75,24079.75,9,0.5,0.25,0.25,0,-1,,,,
MNQ SEP25,1s,1,4759,2025-09-12 10:39:19,24080.25,24080.5,24079.75,24080.25,11,0.75,0,0.25,0.5,0,,,,
MNQ SEP25,1s,1,4760,2025-09-12 10:39:20,24079.75,24080.25,24079.75,24079.75,4,0.5,0,0.5,0,0,,,,
MNQ SEP25,10s,10,5875,2025-09-12 10:39:20,24079.25,24081.75,24079,24079.75,223,2.75,0.5,2,0.25,1,-49.15,-4.05,8.05,9.03
MNQ SEP25,20s,20,5937,2025-09-12 10:39:20,24078.25,24081.75,24077.75,24079.75,533,4,1.5,2,0.5,1,-251.1,122.5,42.8,6.53
MNQ SEP25,1s,1,4761,2025-09-12 10:39:21,24080,24080,24078.5,24078.75,22,1.5,1.25,0,0.25,-1,,,,
MNQ SEP25,1s,1,4762,2025-09-12 10:39:22,24078.75,24079.5,24078.5,24079.5,12,1,0.75,0,0.25,1,,,,
MNQ SEP25,1s,1,4763,2025-09-12 10:39:23,24079.5,24079.75,24079.25,24079.75,7,0.5,0.25,0,0.25,1,,,,
MNQ SEP25,1s,1,4764,2025-09-12 10:39:24,24080,24080,24079.75,24080,4,0.25,0,0,0.25,0,,,,
MNQ SEP25,1s,1,4765,2025-09-12 10:39:25,24080,24080.25,24079.75,24080,15,0.5,0,0.25,0.25,0,,,,
MNQ SEP25,1s,1,4766,2025-09-12 10:39:26,24080,24080.5,24079.75,24080.5,10,0.75,0.5,0,0.25,1,,,,
MNQ SEP25,1s,1,4767,2025-09-12 10:39:27,24080,24080.25,24079.5,24079.5,13,0.75,0.5,0.25,0,-1,,,,
MNQ SEP25,1s,1,4768,2025-09-12 10:39:28,24079.5,24079.5,24079,24079.25,6,0.5,0.25,0,0.25,-1,,,,
MNQ SEP25,1s,1,4769,2025-09-12 10:39:29,24079,24079.5,24079,24079.5,19,0.5,0.5,0,0,1,,,,
MNQ SEP25,1s,1,4770,2025-09-12 10:39:30,24079.5,24079.75,24079.5,24079.5,6,0.25,0,0.25,0,0,,,,
MNQ SEP25,10s,10,5876,2025-09-12 10:39:30,24080,24080.5,24078.5,24079.5,114,2,0.5,0.5,1,-1,-47.7,1.45,-9.25,15.4
MNQ SEP25,1s,1,4771,2025-09-12 10:39:31,24080.25,24081,24080,24080.25,41,1,0,0.75,0.25,0,,,,
MNQ SEP25,1s,1,4772,2025-09-12 10:39:32,24080,24081,24080,24081,26,1,1,0,0,1,,,,
MNQ SEP25,1s,1,4773,2025-09-12 10:39:33,24080.75,24081.25,24080.75,24080.75,19,0.5,0,0.5,0,0,,,,
MNQ SEP25,1s,1,4774,2025-09-12 10:39:34,24081,24081.5,24080.75,24081.5,10,0.75,0.5,0,0.25,1,,,,
MNQ SEP25,1s,1,4775,2025-09-12 10:39:35,24081.5,24081.75,24081.25,24081.5,10,0.5,0,0.25,0.25,0,,,,
MNQ SEP25,1s,1,4776,2025-09-12 10:39:36,24081.5,24081.5,24080.25,24080.75,57,1.25,0.75,0,0.5,-1,,,,
MNQ SEP25,1s,1,4777,2025-09-12 10:39:37,24080.5,24080.75,24080.25,24080.75,15,0.5,0.25,0,0.25,1,,,,
MNQ SEP25,1s,1,4778,2025-09-12 10:39:38,24080.5,24081,24079.5,24080,11,1.5,0.5,0.5,0.5,-1,,,,
MNQ SEP25,1s,1,4779,2025-09-12 10:39:39,24080.5,24080.75,24080.25,24080.25,16,0.5,0.25,0.25,0,-1,,,,
MNQ SEP25,1s,1,4780,2025-09-12 10:39:40,24080,24080.25,24080,24080.25,22,0.25,0.25,0,0,1,,,,
MNQ SEP25,10s,10,5877,2025-09-12 10:39:40,24080.25,24081.75,24079.5,24080.25,227,2.25,0,1.5,0.75,0,-48,-0.3,-0.96666667,5.06
MNQ SEP25,20s,20,5938,2025-09-12 10:39:40,24080,24081.75,24078.5,24080.25,341,3.25,0.25,1.5,1.5,1,-274.65,-23.55,36.3,-0.02
MNQ SEP25,1s,1,4781,2025-09-12 10:39:41,24080.5,24081.25,24080.5,24081,14,0.75,0.5,0.25,0,1,,,,
MNQ SEP25,1s,1,4782,2025-09-12 10:39:42,24081,24081.25,24081,24081,5,0.25,0,0.25,0,0,,,,
MNQ SEP25,1s,1,4783,2025-09-12 10:39:43,24081.25,24081.25,24080.75,24081,12,0.5,0.25,0,0.25,-1,,,,
MNQ SEP25,1s,1,4784,2025-09-12 10:39:44,24081.25,24081.25,24080.5,24080.5,11,0.75,0.75,0,0,-1,,,,
MNQ SEP25,1s,1,4785,2025-09-12 10:39:45,24081,24081.75,24080.75,24081.5,33,1,0.5,0.25,0.25,1,,,,
MNQ SEP25,1s,1,4786,2025-09-12 10:39:46,24081.25,24082,24081.25,24082,10,0.75,0.75,0,0,1,,,,
MNQ SEP25,1s,1,4787,2025-09-12 10:39:47,24081.5,24082.5,24081.5,24082.5,45,1,1,0,0,1,,,,
MNQ SEP25,1s,1,4788,2025-09-12 10:39:48,24082.5,24083,24082.25,24083,51,0.75,0.5,0,0.25,1,,,,
MNQ SEP25,1s,1,4789,2025-09-12 10:39:49,24082.75,24083.5,24082.5,24083.5,93,1,0.75,0,0.25,1,,,,
MNQ SEP25,1s,1,4790,2025-09-12 10:39:50,24083.25,24084.5,24082.5,24084,93,2,0.75,0.5,0.75,1,,,,
MNQ SEP25,10s,10,5878,2025-09-12 10:39:50,24080.5,24084.5,24080.5,24084,367,4,3.5,0.5,0,1,-93.85,-45.85,-14.9,-14.78
MNQ SEP25,1s,1,4791,2025-09-12 10:39:51,24083.75,24083.75,24083,24083.75,31,0.75,0,0,0.75,0,,,,
MNQ SEP25,1s,1,4792,2025-09-12 10:39:52,24083.75,24083.75,24083.25,24083.25,19,0.5,0.5,0,0,-1,,,,
MNQ SEP25,1s,1,4793,2025-09-12 10:39:53,24083,24083.25,24082.75,24083,19,0.5,0,0.25,0.25,0,,,,
MNQ SEP25,1s,1,4794,2025-09-12 10:39:54,24082.5,24082.75,24081.75,24082,26,1,0.5,0.25,0.25,-1,,,,
MNQ SEP25,1s,1,4795,2025-09-12 10:39:55,24082,24082.25,24081.25,24082,10,1,0,0.25,0.75,0,,,,
MNQ SEP25,1s,1,4796,2025-09-12 10:39:56,24081.75,24082.75,24081.75,24082.25,95,1,0.5,0.5,0,1,,,,
MNQ SEP25,1s,1,4797,2025-09-12 10:39:57,24082.5,24082.5,24081.75,24081.75,5,0.75,0.75,0,0,-1,,,,
MNQ SEP25,1s,1,4798,2025-09-12 10:39:58,24081.75,24082,24081.5,24082,9,0.5,0.25,0,0.25,1,,,,
MNQ SEP25,1s,1,4799,2025-09-12 10:39:59,24082.25,24082.25,24081.75,24082.25,8,0.5,0,0,0.5,0,,,,
MNQ SEP25,1s,1,4800,2025-09-12 10:40:00,24081.75,24081.75,24081.5,24081.5,9,0.25,0.25,0,0,-1,,,,
MNQ SEP25,10s,10,5879,2025-09-12 10:40:00,24083.75,24083.75,24081.25,24081.5,231,2.5,2.25,0,0.25,-1,-89.5,4.35,-13.93333333,-8.88
MNQ SEP25,20s,20,5939,2025-09-12 10:40:00,24080.5,24084.5,24080.5,24081.5,598,4,1,3,0,1,-295.5,-20.85,26.03333333,16.8
MNQ SEP25,1s,1,4801,2025-09-12 10:40:01,24082,24082.25,24081.5,24082.25,40,0.75,0.25,0,0.5,1,,,,
MNQ SEP25,1s,1,4802,2025-09-12 10:40:02,24082.25,24083,24082.25,24082.75,43,0.75,0.5,0.25,0,1,,,,
MNQ SEP25,1s,1,4803,2025-09-12 10:40:03,24082.75,24083.5,24082.5,24083.5,22,1,0.75,0,0.25,1,,,,
MNQ SEP25,1s,1,4804,2025-09-12 10:40:04,24083.5,24084,24083.25,24084,23,0.75,0.5,0,0.25,1,,,,
MNQ SEP25,1s,1,4805,2025-09-12 10:40:05,24084,24085,24084,24085,62,1,1,0,0,1,,,,
MNQ SEP25,1s,1,4806,2025-09-12 10:40:06,24085,24085.25,24084.75,24085,85,0.5,0,0.25,0.25,0,,,,
MNQ SEP25,1s,1,4807,2025-09-12 10:40:07,24085,24085.5,24084.5,24085,78,1,0,0.5,0.5,0,,,,
MNQ SEP25,1s,1,4808,2025-09-12 10:40:08,24084.5,24084.75,24084.25,24084.75,13,0.5,0.25,0,0.25,1,,,,
MNQ SEP25,1s,1,4809,2025-09-12 10:40:09,24084.5,24084.75,24084.25,24084.5,18,0.5,0,0.25,0.25,0,,,,
MNQ SEP25,1s,1,4810,2025-09-12 10:40:10,24084.5,24085.5,24084.5,24085.5,23,1,1,0,0,1,,,,
MNQ SEP25,10s,10,5880,2025-09-12 10:40:10,24082,24085.5,24081.5,24085.5,407,4,3.5,0,0.5,1,-62.55,26.95,-4.85,-2.68
MNQ SEP25,1s,1,4811,2025-09-12 10:40:11,24085,24086,24085,24085,41,1,0,1,0,0,,,,
MNQ SEP25,1s,1,4812,2025-09-12 10:40:12,24085.5,24085.5,24083.75,24084,66,1.75,1.5,0,0.25,-1,,,,
MNQ SEP25,1s,1,4813,2025-09-12 10:40:13,24084.25,24084.75,24084.25,24084.75,19,0.5,0.5,0,0,1,,,,
MNQ SEP25,1s,1,4814,2025-09-12 10:40:14,24084.5,24084.5,24084,24084.5,12,0.5,0,0,0.5,0,,,,
MNQ SEP25,1s,1,4815,2025-09-12 10:40:15,24084.75,24085.25,24084.5,24084.5,20,0.75,0.25,0.5,0,-1,,,,
MNQ SEP25,1s,1,4816,2025-09-12 10:40:16,24084.75,24085.25,24084.25,24085,27,1,0.25,0.25,0.5,1,,,,
MNQ SEP25,1s,1,4817,2025-09-12 10:40:17,24085.25,24085.75,24084.75,24084.75,25,1,0.5,0.5,0,-1,,,,
MNQ SEP25,1s,1,4818,2025-09-12 10:40:18,24084,24084.75,24084,24084,63,0.75,0,0.75,0,0,,,,
MNQ SEP25,1s,1,4819,2025-09-12 10:40:19,24084.75,24085.5,24084.5,24084.75,34,1,0,0.75,0.25,0,,,,
MNQ SEP25,1s,1,4820,2025-09-12 10:40:20,24085,24086.5,24085,24086.5,67,1.5,1.5,0,0,1,,,,
MNQ SEP25,10s,10,5881,2025-09-12 10:40:20,24085,24086.5,24083.75,24086.5,374,2.75,1.5,0,1.25,1,-17.55,45,25.43333333,6.03
MNQ SEP25,20s,20,5940,2025-09-12 10:40:20,24082,24086.5,24081.5,24086.5,781,5,4.5,0,0.5,1,-235.8,59.7,5.1,29.55
MNQ SEP25,1s,1,4821,2025-09-12 10:40:21,24086.75,24087,24086.5,24087,58,0.5,0.25,0,0.25,1,,,,
MNQ SEP25,1s,1,4822,2025-09-12 10:40:22,24087,24087.25,24086.5,24086.5,48,0.75,0.5,0.25,0,-1,,,,
MNQ SEP25,1s,1,4823,2025-09-12 10:40:23,24086.5,24087.25,24086.5,24087.25,61,0.75,0.75,0,0,1,,,,
MNQ SEP25,1s,1,4824,2025-09-12 10:40:24,24087,24087.25,24086,24086,38,1.25,1,0.25,0,-1,,,,
MNQ SEP25,1s,1,4825,2025-09-12 10:40:25,24086.25,24086.25,24085,24085,53,1.25,1.25,0,0,-1,,,,
MNQ SEP25,1s,1,4826,2025-09-12 10:40:26,24085,24085.25,24084.5,24085.25,34,0.75,0.25,0,0.5,1,,,,
MNQ SEP25,1s,1,4827,2025-09-12 10:40:27,24085.25,24085.5,24084.5,24084.75,31,1,0.5,0.25,0.25,-1,,,,
MNQ SEP25,1s,1,4828,2025-09-12 10:40:28,24085,24085,24084.5,24084.5,9,0.5,0.5,0,0,-1,,,,
MNQ SEP25,1s,1,4829,2025-09-12 10:40:29,24084.75,24085,24084.25,24084.5,39,0.75,0.25,0.25,0.25,-1,,,,
MNQ SEP25,1s,1,4830,2025-09-12 10:40:30,24084.5,24085,24083.5,24083.5,24,1.5,1,0.5,0,-1,,,,
MNQ SEP25,10s,10,5882,2025-09-12 10:40:30,24086.75,24087.25,24083.5,24083.5,395,3.75,3.25,0.5,0,-1,17.6,35.15,35.7,13.12
MNQ SEP25,1s,1,4831,2025-09-12 10:40:31,24083.75,24084,24083.5,24083.5,15,0.5,0.25,0.25,0,-1,,,,
MNQ SEP25,1s,1,4832,2025-09-12 10:40:32,24083.75,24084.5,24083.75,24084.5,14,0.75,0.75,0,0,1,,,,
MNQ SEP25,1s,1,4833,2025-09-12 10:40:33,24084.25,24084.5,24083.5,24084,21,1,0.25,0.25,0.5,-1,,,,
MNQ SEP25,1s,1,4834,2025-09-12 10:40:34,24083.75,24084,24082.5,24083,43,1.5,0.75,0.25,0.5,-1,,,,
MNQ SEP25,1s,1,4835,2025-09-12 10:40:35,24083,24083.25,24082.5,24083,16,0.75,0,0.25,0.5,0,,,,
MNQ SEP25,1s,1,4836,2025-09-12 10:40:36,24083,24083,24081.75,24082,32,1.25,1,0,0.25,-1,,,,
MNQ SEP25,1s,1,4837,2025-09-12 10:40:37,24082,24082.5,24081.75,24081.75,32,0.75,0.25,0.5,0,-1,,,,
MNQ SEP25,1s,1,4838,2025-09-12 10:40:38,24082,24082.5,24081.25,24081.25,34,1.25,0.75,0.5,0,-1,,,,
MNQ SEP25,1s,1,4839,2025-09-12 10:40:39,24081.25,24081.75,24080.25,24080.75,63,1.5,0.5,0.5,0.5,-1,,,,
MNQ SEP25,1s,1,4840,2025-09-12 10:40:40,24080.75,24081,24080.25,24080.25,45,0.75,0.5,0.25,0,-1,,,,
MNQ SEP25,10s,10,5883,2025-09-12 10:40:40,24083.75,24084.5,24080.25,24080.25,315,4.25,3.5,0.75,0,-1,10.55,-7.05,24.36666667,20.88
MNQ SEP25,20s,20,5941,2025-09-12 10:40:40,24086.75,24087.25,24080.25,24080.25,710,7,6.5,0.5,0,-1,-261.6,-25.8,4.35,22.4
MNQ SEP25,1s,1,4841,2025-09-12 10:40:41,24080.5,24081,24080.25,24081,37,0.75,0.5,0,0.25,1,,,,
MNQ SEP25,1s,1,4842,2025-09-12 10:40:42,24080.5,24081.5,24080.5,24081.5,28,1,1,0,0,1,,,,
MNQ SEP25,1s,1,4843,2025-09-12 10:40:43,24081,24082,24081,24081.75,33,1,0.75,0.25,0,1,,,,
MNQ SEP25,1s,1,4844,2025-09-12 10:40:44,24082,24082,24081.5,24081.75,9,0.5,0.25,0,0.25,-1,,,,
MNQ SEP25,1s,1,4845,2025-09-12 10:40:45,24081.75,24082.75,24081.5,24081.5,28,1.25,0.25,1,0,-1,,,,
MNQ SEP25,1s,1,4846,2025-09-12 10:40:46,24081.75,24081.75,24081,24081.25,18,0.75,0.5,0,0.25,-1,,,,
MNQ SEP25,1s,1,4847,2025-09-12 10:40:47,24081,24081.25,24080.25,24080.25,33,1,0.75,0.25,0,-1,,,,
MNQ SEP25,1s,1,4848,2025-09-12 10:40:48,24080.5,24081,24080.5,24080.5,33,0.5,0,0.5,0,0,,,,
MNQ SEP25,1s,1,4849,2025-09-12 10:40:49,24080.75,24080.75,24080,24080.25,53,0.75,0.5,0,0.25,-1,,,,
MNQ SEP25,1s,1,4850,2025-09-12 10:40:50,24080.5,24081.25,24080.25,24080.75,42,1,0.25,0.5,0.25,1,,,,
MNQ SEP25,10s,10,5884,2025-09-12 10:40:50,24080.5,24082.75,24080,24080.75,314,2.75,0.25,2,0.5,1,40.05,29.5,19.2,25.91
MNQ SEP25,1s,1,4851,2025-09-12 10:40:51,24080.25,24080.25,24080,24080.25,24,0.25,0,0,0.25,0,,,,
MNQ SEP25,1s,1,4852,2025-09-12 10:40:52,24080,24080,24078.75,24079.5,134,1.25,0.5,0,0.75,-1,,,,
MNQ SEP25,1s,1,4853,2025-09-12 10:40:53,24079.25,24079.5,24078,24078,65,1.5,1.25,0.25,0,-1,,,,
MNQ SEP25,1s,1,4854,2025-09-12 10:40:54,24078.25,24079.25,24078,24078.25,42,1.25,0,1,0.25,0,,,,
MNQ SEP25,1s,1,4855,2025-09-12 10:40:55,24078,24078,24077,24077.75,93,1,0.25,0,0.75,-1,,,,
MNQ SEP25,1s,1,4856,2025-09-12 10:40:56,24077.5,24078.5,24077.5,24077.75,45,1,0.25,0.75,0,1,,,,
MNQ SEP25,1s,1,4857,2025-09-12 10:40:57,24077.75,24078.25,24077,24077.25,52,1.25,0.5,0.5,0.25,-1,,,,
MNQ SEP25,1s,1,4858,2025-09-12 10:40:58,24077.25,24077.75,24075.75,24076.5,198,2,0.75,0.5,0.75,-1,,,,
MNQ SEP25,1s,1,4859,2025-09-12 10:40:59,24076.75,24077.25,24076.25,24076.75,58,1,0,0.5,0.5,0,,,,
MNQ SEP25,1s,1,4860,2025-09-12 10:41:00,24077,24077.25,24076.25,24076.5,60,1,0.5,0.25,0.25,-1,,,,
MNQ SEP25,10s,10,5885,2025-09-12 10:41:00,24080.25,24080.25,24075.75,24076.5,771,4.5,3.75,0,0.75,-1,96.9,56.85,26.43333333,31.89
MNQ SEP25,20s,20,5942,2025-09-12 10:41:00,24080.5,24082.75,24075.75,24076.5,1085,7,4,2.25,0.75,-1,-123.3,138.3,57.4,25.56
MNQ SEP25,1s,1,4861,2025-09-12 10:41:01,24076.5,24077,24076,24076.5,47,1,0,0.5,0.5,0,,,,
MNQ SEP25,1s,1,4862,2025-09-12 10:41:02,24076.25,24077,24076.25,24076.25,73,0.75,0,0.75,0,0,,,,
MNQ SEP25,1s,1,4863,2025-09-12 10:41:03,24076.25,24077,24075.25,24076,127,1.75,0.25,0.75,0.75,-1,,,,
MNQ SEP25,1s,1,4864,2025-09-12 10:41:04,24076,24077,24076,24076.75,73,1,0.75,0.25,0,1,,,,
MNQ SEP25,1s,1,4865,2025-09-12 10:41:05,24076.5,24076.75,24075.5,24076.25,80,1.25,0.25,0.25,0.75,-1,,,,
MNQ SEP25,1s,1,4866,2025-09-12 10:41:06,24076.75,24078.25,24076.75,24078,97,1.5,1.25,0.25,0,1,,,,
MNQ SEP25,1s,1,4867,2025-09-12 10:41:07,24078,24079,24077.75,24079,56,1.25,1,0,0.25,1,,,,
MNQ SEP25,1s,1,4868,2025-09-12 10:41:08,24078.75,24079.5,24078.75,24079.25,41,0.75,0.5,0.25,0,1,,,,
MNQ SEP25,1s,1,4869,2025-09-12 10:41:09,24079,24079,24078.25,24078.75,23,0.75,0.25,0,0.5,-1,,,,
MNQ SEP25,1s,1,4870,2025-09-12 10:41:10,24078.75,24079,24078.25,24078.75,44,0.75,0,0.25,0.5,0,,,,
MNQ SEP25,10s,10,5886,2025-09-12 10:41:10,24076.5,24079.5,24075.25,24078.75,661,4.25,2.25,0.75,1.25,1,139.85,42.95,43.1,31.48
MNQ SEP25,1s,1,4871,2025-09-12 10:41:11,24078.75,24079.25,24078.5,24078.5,17,0.75,0.25,0.5,0,-1,,,,
MNQ SEP25,1s,1,4872,2025-09-12 10:41:12,24078.75,24079.75,24078.75,24079.75,16,1,1,0,0,1,,,,
MNQ SEP25,1s,1,4873,2025-09-12 10:41:13,24079.5,24080,24079.25,24079.25,41,0.75,0.25,0.5,0,-1,,,,
MNQ SEP25,1s,1,4874,2025-09-12 10:41:14,24079.5,24080,24079,24079,14,1,0.5,0.5,0,-1,,,,
MNQ SEP25,1s,1,4875,2025-09-12 10:41:15,24079,24080.75,24079,24080.75,73,1.75,1.75,0,0,1,,,,
MNQ SEP25,1s,1,4876,2025-09-12 10:41:16,24080.75,24081.25,24080.5,24081.25,37,0.75,0.5,0,0.25,1,,,,
MNQ SEP25,1s,1,4877,2025-09-12 10:41:17,24081,24082,24081,24082,28,1,1,0,0,1,,,,
MNQ SEP25,1s,1,4878,2025-09-12 10:41:18,24081.75,24082.25,24081.75,24082,36,0.5,0.25,0.25,0,1,,,,
MNQ SEP25,1s,1,4879,2025-09-12 10:41:19,24081.75,24082,24081,24081,14,1,0.75,0.25,0,-1,,,,
MNQ SEP25,1s,1,4880,2025-09-12 10:41:20,24081,24081.5,24080.5,24081,13,1,0,0.5,0.5,0,,,,
MNQ SEP25,10s,10,5887,2025-09-12 10:41:20,24078.75,24082.25,24078.5,24081,289,3.75,2.25,1.25,0.25,1,115,-24.85,24.98333333,19.48
MNQ SEP25,20s,20,5943,2025-09-12 10:41:20,24076.5,24082.25,24075.25,24081,950,7,4.5,1.25,1.25,1,21.4,144.7,85.73333333,59.21
MNQ SEP25,1s,1,4881,2025-09-12 10:41:21,24081.25,24081.75,24080.5,24080.75,29,1.25,0.5,0.5,0.25,-1,,,,
MNQ SEP25,1s,1,4882,2025-09-12 10:41:22,24081,24081,24080,24080.5,26,1,0.5,0,0.5,-1,,,,
MNQ SEP25,1s,1,4883,2025-09-12 10:41:23,24081,24081.5,24080.75,24081,23,0.75,0,0.5,0.25,0,,,,
MNQ SEP25,1s,1,4884,2025-09-12 10:41:24,24081,24081.5,24081,24081.5,20,0.5,0.5,0,0,1,,,,
MNQ SEP25,1s,1,4885,2025-09-12 10:41:25,24080.75,24081,24079.25,24079.25,27,1.75,1.5,0.25,0,-1,,,,
MNQ SEP25,1s,1,4886,2025-09-12 10:41:26,24079.5,24079.75,24079,24079.25,18,0.75,0.25,0.25,0.25,-1,,,,
MNQ SEP25,1s,1,4887,2025-09-12 10:41:27,24079.25,24079.75,24078.75,24079.5,26,1,0.25,0.25,0.5,1,,,,
MNQ SEP25,1s,1,4888,2025-09-12 10:41:28,24079.25,24079.25,24077.5,24077.5,24,1.75,1.75,0,0,-1,,,,
MNQ SEP25,1s,1,4889,2025-09-12 10:41:29,24077.5,24077.75,24076.75,24077.5,19,1,0,0.25,0.75,0,,,,
MNQ SEP25,1s,1,4890,2025-09-12 10:41:30,24077.5,24077.75,24077.25,24077.5,21,0.5,0,0.25,0.25,0,,,,
MNQ SEP25,10s,10,5888,2025-09-12 10:41:30,24081.25,24081.75,24076.75,24077.5,233,5,3.75,0.5,0.75,-1,102.15,-12.85,1.75,18.32
MNQ SEP25,1s,1,4891,2025-09-12 10:41:31,24078,24078.25,24077.5,24077.75,11,0.75,0.25,0.25,0.25,-1,,,,
MNQ SEP25,1s,1,4892,2025-09-12 10:41:32,24077.75,24078,24077,24077,51,1,0.75,0.25,0,-1,,,,
MNQ SEP25,1s,1,4893,2025-09-12 10:41:33,24077.5,24077.75,24077.25,24077.75,14,0.5,0.25,0,0.25,1,,,,
MNQ SEP25,1s,1,4894,2025-09-12 10:41:34,24077.75,24078,24077.5,24078,16,0.5,0.25,0,0.25,1,,,,
MNQ SEP25,1s,1,4895,2025-09-12 10:41:35,24077.75,24078,24077.5,24078,11,0.5,0.25,0,0.25,1,,,,
MNQ SEP25,1s,1,4896,2025-09-12 10:41:36,24077.5,24077.75,24077.5,24077.75,7,0.25,0.25,0,0,1,,,,
MNQ SEP25,1s,1,4897,2025-09-12 10:41:37,24077.75,24078.75,24077.75,24078.75,13,1,1,0,0,1,,,,
MNQ SEP25,1s,1,4898,2025-09-12 10:41:38,24079,24079.25,24078.75,24078.75,15,0.5,0.25,0.25,0,-1,,,,
MNQ SEP25,1s,1,4899,2025-09-12 10:41:39,24078.5,24079.25,24078.25,24079,18,1,0.5,0.25,0.25,1,,,,
MNQ SEP25,1s,1,4900,2025-09-12 10:41:40,24079.25,24079.25,24078.75,24079,19,0.5,0.25,0,0.25,-1,,,,
MNQ SEP25,10s,10,5889,2025-09-12 10:41:40,24078,24079.25,24077,24079,175,2.25,1,0.25,1,1,88,-14.15,-17.28333333,9.59
MNQ SEP25,20s,20,5944,2025-09-12 10:41:40,24081.25,24081.75,24076.75,24079,408,5,2.25,0.5,2.25,-1,16.3,-5.1,92.63333333,62.36
MNQ SEP25,1s,1,4901,2025-09-12 10:41:41,24079.25,24079.75,24079.25,24079.5,14,0.5,0.25,0.25,0,1,,,,
MNQ SEP25,1s,1,4902,2025-09-12 10:41:42,24079.75,24080,24079.5,24080,18,0.5,0.25,0,0.25,1,,,,
MNQ SEP25,1s,1,4903,2025-09-12 10:41:43,24079.75,24079.75,24079,24079,18,0.75,0.75,0,0,-1,,,,
MNQ SEP25,1s,1,4904,2025-09-12 10:41:44,24079.5,24079.5,24079.5,24079.5,1,0,0,0,0,0,,,,
MNQ SEP25,1s,1,4905,2025-09-12 10:41:45,24078.75,24079,24078.5,24078.75,16,0.5,0,0.25,0.25,0,,,,
MNQ SEP25,1s,1,4906,2025-09-12 10:41:46,24078.75,24078.75,24078.5,24078.75,8,0.25,0,0,0.25,0,,,,
MNQ SEP25,1s,1,4907,2025-09-12 10:41:47,24079.25,24080.25,24079,24080.25,27,1.25,1,0,0.25,1,,,,
MNQ SEP25,1s,1,4908,2025-09-12 10:41:48,24080.75,24081,24080.5,24080.5,14,0.5,0.25,0.25,0,-1,,,,
MNQ SEP25,1s,1,4909,2025-09-12 10:41:49,24080.25,24080.25,24079.5,24079.5,10,0.75,0.75,0,0,-1,,,,
MNQ SEP25,1s,1,4910,2025-09-12 10:41:50,24079.5,24079.75,24079.25,24079.25,12,0.5,0.25,0.25,0,-1,,,,
MNQ SEP25,10s,10,5890,2025-09-12 10:41:50,24079.25,24081,24078.5,24079.25,138,2.5,0,1.75,0.75,0,-32.5,-120.5,-49.16666667,-25.88
MNQ SEP25,1s,1,4911,2025-09-12 10:41:51,24079,24079,24078.5,24078.5,7,0.5,0.5,0,0,-1,,,,
MNQ SEP25,1s,1,4912,2025-09-12 10:41:52,24078.25,24078.75,24077.75,24078,10,1,0.25,0.5,0.25,-1,,,,
MNQ SEP25,1s,1,4913,2025-09-12 10:41:53,24078,24078.5,24077.75,24078,21,0.75,0,0.5,0.25,0,,,,
MNQ SEP25,1s,1,4914,2025-09-12 10:41:54,24078.25,24078.25,24078,24078.25,12,0.25,0,0,0.25,0,,,,
MNQ SEP25,1s,1,4915,2025-09-12 10:41:55,24078,24078.25,24077.75,24078.25,15,0.5,0.25,0,0.25,1,,,,
MNQ SEP25,1s,1,4916,2025-09-12 10:41:56,24078,24079,24078,24079,24,1,1,0,0,1,,,,
MNQ SEP25,1s,1,4917,2025-09-12 10:41:57,24077.75,24078.25,24077.75,24078,13,0.5,0.25,0.25,0,1,,,,
MNQ SEP25,1s,1,4918,2025-09-12 10:41:58,24078,24078.25,24077.25,24078,19,1,0,0.25,0.75,0,,,,
MNQ SEP25,1s,1,4919,2025-09-12 10:41:59,24078,24078.75,24078,24078.5,13,0.75,0.5,0.25,0,1,,,,
MNQ SEP25,1s,1,4920,2025-09-12 10:42:00,24078.25,24078.75,24078,24078.75,21,0.75,0.5,0,0.25,1,,,,
MNQ SEP25,10s,10,5891,2025-09-12 10:42:00,24079,24079,24077.25,24078.75,155,1.75,0.25,0,1.5,-1,-133.35,-100.85,-78.5,-54.64
MNQ SEP25,20s,20,5945,2025-09-12 10:42:00,24079.25,24081,24077.25,24078.75,293,3.75,0.5,1.75,1.5,-1,-44.85,-61.15,26.15,38.19
MNQ SEP25,1s,1,4921,2025-09-12 10:42:01,24078.5,24079.5,24078.25,24079,37,1.25,0.5,0.5,0.25,1,,,,
MNQ SEP25,1s,1,4922,2025-09-12 10:42:02,24079.25,24079.5,24078.5,24079.25,45,1,0,0.25,0.75,0,,,,
MNQ SEP25,1s,1,4923,2025-09-12 10:42:03,24079,24079,24078.5,24078.75,11,0.5,0.25,0,0.25,-1,,,,
MNQ SEP25,1s,1,4924,2025-09-12 10:42:04,24078.75,24079.75,24078.75,24079.5,40,1,0.75,0.25,0,1,,,,
MNQ SEP25,1s,1,4925,2025-09-12 10:42:05,24079.25,24079.5,24078.25,24078.75,40,1.25,0.5,0.25,0.5,-1,,,,
MNQ SEP25,1s,1,4926,2025-09-12 10:42:06,24079,24079,24078.25,24078.5,6,0.75,0.5,0,0.25,-1,,,,
MNQ SEP25,1s,1,4927,2025-09-12 10:42:07,24078.25,24078.5,24078,24078.25,20,0.5,0,0.25,0.25,0,,,,
MNQ SEP25,1s,1,4928,2025-09-12 10:42:08,24078,24078,24077.5,24078,18,0.5,0,0,0.5,0,,,,
MNQ SEP25,1s,1,4929,2025-09-12 10:42:09,24077.75,24078.75,24077.5,24078.75,36,1.25,1,0,0.25,1,,,,
MNQ SEP25,1s,1,4930,2025-09-12 10:42:10,24079,24079.25,24078.5,24079,15,0.75,0,0.25,0.5,0,,,,
MNQ SEP25,10s,10,5892,2025-09-12 10:42:10,24078.5,24079.75,24077.5,24079,268,2.25,0.5,0.75,1,1,-137.75,-4.4,-75.25,-50.55
MNQ SEP25,1s,1,4931,2025-09-12 10:42:11,24079.25,24079.5,24079,24079,14,0.5,0.25,0.25,0,-1,,,,
MNQ SEP25,1s,1,4932,2025-09-12 10:42:12,24078.75,24079.25,24078.75,24079,12,0.5,0.25,0.25,0,1,,,,
MNQ SEP25,1s,1,4933,2025-09-12 10:42:13,24079.5,24079.75,24079.25,24079.25,30,0.5,0.25,0.25,0,-1,,,,
MNQ SEP25,1s,1,4934,2025-09-12 10:42:14,24079,24079.25,24078.75,24079,15,0.5,0,0.25,0.25,0,,,,
MNQ SEP25,1s,1,4935,2025-09-12 10:42:15,24079,24079.75,24078.75,24078.75,21,1,0.25,0.75,0,-1,,,,
MNQ SEP25,1s,1,4936,2025-09-12 10:42:16,24078.75,24079,24078.5,24079,17,0.5,0.25,0,0.25,1,,,,
MNQ SEP25,1s,1,4937,2025-09-12 10:42:17,24079,24079.25,24078.5,24078.5,15,0.75,0.5,0.25,0,-1,,,,
MNQ SEP25,1s,1,4938,2025-09-12 10:42:18,24078.5,24078.75,24078.5,24078.75,2,0.25,0.25,0,0,1,,,,
MNQ SEP25,1s,1,4939,2025-09-12 10:42:19,24078.5,24078.75,24078.5,24078.5,9,0.25,0,0.25,0,0,,,,
MNQ SEP25,1s,1,4940,2025-09-12 10:42:20,24078.5,24079,24078.5,24078.75,15,0.5,0.25,0.25,0,1,,,,
MNQ SEP25,10s,10,5893,2025-09-12 10:42:20,24079.25,24079.75,24078.5,24078.75,150,1.25,0.5,0.5,0.25,-1,-128.65,9.1,-32.05,-46.16
MNQ SEP25,20s,20,5946,2025-09-12 10:42:20,24078.5,24079.75,24077.5,24078.75,418,2.25,0.25,1,1,1,-54.6,-9.75,-25.33333333,41.4
MNQ SEP25,1s,1,4941,2025-09-12 10:42:21,24079.25,24079.25,24079,24079.25,3,0.25,0,0,0.25,0,,,,
MNQ SEP25,1s,1,4942,2025-09-12 10:42:22,24078.5,24078.75,24078.5,24078.75,11,0.25,0.25,0,0,1,,,,
MNQ SEP25,1s,1,4943,2025-09-12 10:42:23,24078.5,24078.5,24078.25,24078.25,9,0.25,0.25,0,0,-1,,,,
MNQ SEP25,1s,1,4944,2025-09-12 10:42:24,24078,24078.25,24077,24077,37,1.25,1,0.25,0,-1,,,,
MNQ SEP25,1s,1,4945,2025-09-12 10:42:25,24077.25,24078,24077,24078,41,1,0.75,0,0.25,1,,,,
MNQ SEP25,1s,1,4946,2025-09-12 10:42:26,24078,24078.25,24077.75,24078.25,19,0.5,0.25,0,0.25,1,,,,
MNQ SEP25,1s,1,4947,2025-09-12 10:42:27,24078.5,24079.25,24078.5,24079,11,0.75,0.5,0.25,0,1,,,,
MNQ SEP25,1s,1,4948,2025-09-12 10:42:28,24079,24079.25,24077.75,24077.75,11,1.5,1.25,0.25,0,-1,,,,
MNQ SEP25,1s,1,4949,2025-09-12 10:42:29,24078,24078.5,24078,24078.5,17,0.5,0.5,0,0,1,,,,
MNQ SEP25,1s,1,4950,2025-09-12 10:42:30,24078,24078.5,24078,24078.25,13,0.5,0.25,0.25,0,1,,,,
MNQ SEP25,10s,10,5894,2025-09-12 10:42:30,24079.25,24079.25,24077,24078.25,172,2.25,1,0,1.25,-1,-122.35,6.3,3.66666667,-42.07
MNQ SEP25,1s,1,4951,2025-09-12 10:42:31,24078.75,24079.25,24078.75,24079,7,0.5,0.25,0.25,0,1,,,,
MNQ SEP25,1s,1,4952,2025-09-12 10:42:32,24079.5,24079.5,24079,24079.25,9,0.5,0.25,0,0.25,-1,,,,
MNQ SEP25,1s,1,4953,2025-09-12 10:42:33,24079.25,24079.75,24079.25,24079.75,4,0.5,0.5,0,0,1,,,,
MNQ SEP25,1s,1,4954,2025-09-12 10:42:34,24079.5,24079.75,24079,24079,10,0.75,0.5,0.25,0,-1,,,,
MNQ SEP25,1s,1,4955,2025-09-12 10:42:35,24080,24080.25,24079,24079,40,1.25,1,0.25,0,-1,,,,
MNQ SEP25,1s,1,4956,2025-09-12 10:42:36,24079.5,24079.75,24079.5,24079.75,2,0.25,0.25,0,0,1,,,,
MNQ SEP25,1s,1,4957,2025-09-12 10:42:37,24079.5,24080.75,24079.5,24080,43,1.25,0.5,0.75,0,1,,,,
MNQ SEP25,1s,1,4958,2025-09-12 10:42:38,24080,24080.5,24079.75,24080.25,21,0.75,0.25,0.25,0.25,1,,,,
MNQ SEP25,1s,1,4959,2025-09-12 10:42:39,24079.75,24080.75,24079.75,24080.5,45,1,0.75,0.25,0,1,,,,
MNQ SEP25,1s,1,4960,2025-09-12 10:42:40,24080.5,24081,24080,24080,24,1,0.5,0.5,0,-1,,,,
MNQ SEP25,10s,10,5895,2025-09-12 10:42:40,24078.75,24081,24078.75,24080,205,2.25,1.25,1,0,1,-108.05,14.3,9.9,-15.11
MNQ SEP25,20s,20,5947,2025-09-12 10:42:40,24079.25,24081,24077,24080,377,4,0.75,1,2.25,1,-182.6,-128,-66.3,-11.86
MNQ SEP25,1s,1,4961,2025-09-12 10:42:41,24080.5,24081.25,24080.25,24081.25,22,1,0.75,0,0.25,1,,,,
MNQ SEP25,1s,1,4962,2025-09-12 10:42:42,24081,24081.25,24080.5,24080.75,15,0.75,0.25,0.25,0.25,-1,,,,
MNQ SEP25,1s,1,4963,2025-09-12 10:42:43,24081,24083,24081,24082.75,110,2,1.75,0.25,0,1,,,,
MNQ SEP25,1s,1,4964,2025-09-12 10:42:44,24082.75,24082.75,24081.75,24082.25,48,1,0.5,0,0.5,-1,,,,
MNQ SEP25,1s,1,4965,2025-09-12 10:42:45,24081.75,24082.5,24081.75,24082.5,15,0.75,0.75,0,0,1,,,,
MNQ SEP25,1s,1,4966,2025-09-12 10:42:46,24082.25,24082.5,24082,24082.5,12,0.5,0.25,0,0.25,1,,,,
MNQ SEP25,1s,1,4967,2025-09-12 10:42:47,24082.25,24082.5,24081.75,24082.25,31,0.75,0,0.25,0.5,0,,,,
MNQ SEP25,1s,1,4968,2025-09-12 10:42:48,24081.75,24082,24080.75,24081,54,1.25,0.75,0.25,0.25,-1,,,,
MNQ SEP25,1s,1,4969,2025-09-12 10:42:49,24080.75,24081.25,24080.5,24081.25,51,0.75,0.5,0,0.25,1,,,,
MNQ SEP25,1s,1,4970,2025-09-12 10:42:50,24081.5,24081.75,24081.25,24081.5,20,0.5,0,0.25,0.25,0,,,,
MNQ SEP25,10s,10,5896,2025-09-12 10:42:50,24080.5,24083,24080.25,24081.5,378,2.75,1,1.5,0.25,1,-76.65,31.4,17.33333333,11.34
MNQ SEP25,1s,1,4971,2025-09-12 10:42:51,24081.75,24082.5,24081.75,24082.25,17,0.75,0.5,0.25,0,1,,,,
MNQ SEP25,1s,1,4972,2025-09-12 10:42:52,24082.25,24084.75,24081.75,24084.5,165,3,2.25,0.25,0.5,1,,,,
MNQ SEP25,1s,1,4973,2025-09-12 10:42:53,24084.5,24085,24084,24084.75,128,1,0.25,0.25,0.5,1,,,,
MNQ SEP25,1s,1,4974,2025-09-12 10:42:54,24084.25,24085.5,24084.25,24085.5,62,1.25,1.25,0,0,1,,,,
MNQ SEP25,1s,1,4975,2025-09-12 10:42:55,24085.25,24086,24085,24086,99,1,0.75,0,0.25,1,,,,
MNQ SEP25,1s,1,4976,2025-09-12 10:42:56,24085.5,24085.5,24084.75,24085.25,22,0.75,0.25,0,0.5,-1,,,,
MNQ SEP25,1s,1,4977,2025-09-12 10:42:57,24084.75,24084.75,24084.25,24084.75,38,0.5,0,0,0.5,0,,,,
MNQ SEP25,1s,1,4978,2025-09-12 10:42:58,24084.75,24085,24084.5,24084.75,20,0.5,0,0.25,0.25,0,,,,
MNQ SEP25,1s,1,4979,2025-09-12 10:42:59,24085,24085.25,24084.75,24085,16,0.5,0,0.25,0.25,0,,,,
MNQ SEP25,1s,1,4980,2025-09-12 10:43:00,24084.75,24085,24084.5,24084.75,17,0.5,0,0.25,0.25,0,,,,
MNQ SEP25,10s,10,5897,2025-09-12 10:43:00,24081.75,24086,24081.75,24084.75,584,4.25,3,1.25,0,1,-31.3,45.35,30.35,21.29
MNQ SEP25,20s,20,5948,2025-09-12 10:43:00,24080.5,24086,24080.25,24084.75,962,5.75,4.25,1.25,0.25,1,-193.1,-10.5,-49.41666667,-42.9
MNQ SEP25,1s,1,4981,2025-09-12 10:43:01,24084.5,24085,24084,24084.5,39,1,0,0.5,0.5,0,,,,
MNQ SEP25,1s,1,4982,2025-09-12 10:43:02,24085.25,24085.75,24085,24085.5,50,0.75,0.25,0.25,0.25,1,,,,
MNQ SEP25,1s,1,4983,2025-09-12 10:43:03,24085.25,24085.75,24083.5,24084,57,2.25,1.25,0.5,0.5,-1,,,,
MNQ SEP25,1s,1,4984,2025-09-12 10:43:04,24083.5,24083.75,24083,24083.75,28,0.75,0.25,0,0.5,1,,,,
MNQ SEP25,1s,1,4985,2025-09-12 10:43:05,24083.25,24084,24083,24083.5,15,1,0.25,0.5,0.25,1,,,,
MNQ SEP25,1s,1,4986,2025-09-12 10:43:06,24083.25,24083.5,24082.25,24082.75,79,1.25,0.5,0.25,0.5,-1,,,,
MNQ SEP25,1s,1,4987,2025-09-12 10:43:07,24083,24083,24082.25,24082.75,27,0.75,0.25,0,0.5,-1,,,,
MNQ SEP25,1s,1,4988,2025-09-12 10:43:08,24083,24083.75,24082.5,24083.5,45,1.25,0.5,0.25,0.5,1,,,,
MNQ SEP25,1s,1,4989,2025-09-12 10:43:09,24084,24084.5,24083.75,24084.5,19,0.75,0.5,0,0.25,1,,,,
MNQ SEP25,1s,1,4990,2025-09-12 10:43:10,24084.25,24084.5,24083.25,24084.25,32,1.25,0,0.25,1,0,,,,
MNQ SEP25,10s,10,5898,2025-09-12 10:43:10,24084.5,24085.75,24082.25,24084.25,391,3.5,0.25,1.25,2,-1,15.7,47,41.25,28.87
MNQ SEP25,1s,1,4991,2025-09-12 10:43:11,24084.25,24084.25,24083.25,24083.75,11,1,0.5,0,0.5,-1,,,,
MNQ SEP25,1s,1,4992,2025-09-12 10:43:12,24084,24084.25,24083.5,24083.5,5,0.75,0.5,0.25,0,-1,,,,
MNQ SEP25,1s,1,4993,2025-09-12 10:43:13,24083.5,24083.75,24083.25,24083.25,14,0.5,0.25,0.25,0,-1,,,,
MNQ SEP25,1s,1,4994,2025-09-12 10:43:14,24083,24083,24082.5,24083,20,0.5,0,0,0.5,0,,,,
MNQ SEP25,1s,1,4995,2025-09-12 10:43:15,24082.75,24083.75,24082.75,24083.5,14,1,0.75,0.25,0,1,,,,
MNQ SEP25,1s,1,4996,2025-09-12 10:43:16,24083,24083.25,24082.5,24082.75,19,0.75,0.25,0.25,0.25,-1,,,,
MNQ SEP25,1s,1,4997,2025-09-12 10:43:17,24083,24083.25,24082.25,24083.25,23,1,0.25,0,0.75,1,,,,
MNQ SEP25,1s,1,4998,2025-09-12 10:43:18,24082.5,24082.75,24082.25,24082.25,14,0.5,0.25,0.25,0,-1,,,,
MNQ SEP25,1s,1,4999,2025-09-12 10:43:19,24082.5,24082.5,24082,24082,5,0.5,0.5,0,0,-1,,,,
MNQ SEP25,1s,1,5000,2025-09-12 10:43:20,24082,24082,24081.5,24082,31,0.5,0,0,0.5,0,,,,
MNQ SEP25,10s,10,5899,2025-09-12 10:43:20,24084.25,24084.25,24081.5,24082,156,2.75,2.25,0,0.5,-1,16.25,0.55,30.96666667,27.72
MNQ SEP25,20s,20,5949,2025-09-12 10:43:20,24084.5,24085.75,24081.5,24082,547,4.25,2.5,1.25,0.5,-1,-129.05,64.05,-24.81666667,-29.07
MNQ SEP25,1s,1,5001,2025-09-12 10:43:21,24081.75,24081.75,24080.5,24080.75,55,1.25,1,0,0.25,-1,,,,
MNQ SEP25,1s,1,5002,2025-09-12 10:43:22,24080.25,24080.75,24080.25,24080.75,22,0.5,0.5,0,0,1,,,,
MNQ SEP25,1s,1,5003,2025-09-12 10:43:23,24080.5,24081.25,24080.5,24080.75,5,0.75,0.25,0.5,0,1,,,,
MNQ SEP25,1s,1,5004,2025-09-12 10:43:24,24081,24081.25,24080.5,24081.25,12,0.75,0.25,0,0.5,1,,,,
MNQ SEP25,1s,1,5005,2025-09-12 10:43:25,24080.75,24081.25,24079,24079,64,2.25,1.75,0.5,0,-1,,,,
MNQ SEP25,1s,1,5006,2025-09-12 10:43:26,24079,24079.5,24078.5,24079.25,36,1,0.25,0.25,0.5,1,,,,
MNQ SEP25,1s,1,5007,2025-09-12 10:43:27,24079,24079.75,24078.5,24079.75,21,1.25,0.75,0,0.5,1,,,,
MNQ SEP25,1s,1,5008,2025-09-12 10:43:28,24080.5,24081,24080.25,24080.75,17,0.75,0.25,0.25,0.25,1,,,,
MNQ SEP25,1s,1,5009,2025-09-12 10:43:29,24080.5,24081,24080,24080,8,1,0.5,0.5,0,-1,,,,
MNQ SEP25,1s,1,5010,2025-09-12 10:43:30,24080,24080.25,24080,24080.25,8,0.25,0.25,0,0,1,,,,
MNQ SEP25,10s,10,5900,2025-09-12 10:43:30,24081.75,24081.75,24078.5,24080.25,248,3.25,1.5,0,1.75,-1,32.8,16.55,21.36666667,28.17
MNQ SEP25,1s,1,5011,2025-09-12 10:43:31,24080,24080.25,24080,24080.25,18,0.25,0.25,0,0,1,,,,
MNQ SEP25,1s,1,5012,2025-09-12 10:43:32,24080,24080,24079.5,24079.5,7,0.5,0.5,0,0,-1,,,,
MNQ SEP25,1s,1,5013,2025-09-12 10:43:33,24080,24080,24079.5,24080,6,0.5,0,0,0.5,0,,,,
MNQ SEP25,1s,1,5014,2025-09-12 10:43:34,24079.75,24080,24079.5,24079.5,11,0.5,0.25,0.25,0,-1,,,,
MNQ SEP25,1s,1,5015,2025-09-12 10:43:35,24079.5,24079.5,24079,24079.25,10,0.5,0.25,0,0.25,-1,,,,
MNQ SEP25,1s,1,5016,2025-09-12 10:43:36,24079.5,24081,24079.5,24080.5,27,1.5,1,0.5,0,1,,,,
MNQ SEP25,1s,1,5017,2025-09-12 10:43:37,24081,24081.75,24081,24081.75,8,0.75,0.75,0,0,1,,,,
MNQ SEP25,1s,1,5018,2025-09-12 10:43:38,24081.25,24081.25,24081,24081,12,0.25,0.25,0,0,-1,,,,
MNQ SEP25,1s,1,5019,2025-09-12 10:43:39,24081.25,24081.5,24081,24081.25,21,0.5,0,0.25,0.25,0,,,,
MNQ SEP25,1s,1,5020,2025-09-12 10:43:40,24081,24081.25,24080.5,24080.75,13,0.75,0.25,0.25,0.25,-1,,,,
MNQ SEP25,10s,10,5901,2025-09-12 10:43:40,24080,24081.75,24079,24080.75,133,2.75,0.75,1,1,1,-4.15,-36.95,-6.61666667,14.5
MNQ SEP25,20s,20,5950,2025-09-12 10:43:40,24081.75,24081.75,24078.5,24080.75,381,3.25,1,0,2.25,-1,-108.3,20.75,24.76666667,-12.69
MNQ SEP25,1s,1,5021,2025-09-12 10:43:41,24080.75,24080.75,24079.5,24079.5,25,1.25,1.25,0,0,-1,,,,
MNQ SEP25,1s,1,5022,2025-09-12 10:43:42,24079.75,24079.75,24079.75,24079.75,4,0,0,0,0,0,,,,
MNQ SEP25,1s,1,5023,2025-09-12 10:43:43,24080.25,24080.25,24080,24080,8,0.25,0.25,0,0,-1,,,,
MNQ SEP25,1s,1,5024,2025-09-12 10:43:44,24080.25,24080.25,24080,24080,6,0.25,0.25,0,0,-1,,,,
MNQ SEP25,1s,1,5025,2025-09-12 10:43:45,24080.5,24081,24080.5,24081,5,0.5,0.5,0,0,1,,,,
MNQ SEP25,1s,1,5026,2025-09-12 10:43:46,24080.75,24080.75,24080.25,24080.5,11,0.5,0.25,0,0.25,-1,,,,
MNQ SEP25,1s,1,5027,2025-09-12 10:43:47,24079.75,24080.25,24079.75,24080.25,11,0.5,0.5,0,0,1,,,,
MNQ SEP25,1s,1,5028,2025-09-12 10:43:48,24080.25,24080.25,24080,24080,7,0.25,0.25,0,0,-1,,,,
MNQ SEP25,1s,1,5029,2025-09-12 10:43:49,24080.25,24080.25,24079.5,24079.5,6,0.75,0.75,0,0,-1,,,,
MNQ SEP25,1s,1,5030,2025-09-12 10:43:50,24079,24079.75,24079,24079.5,6,0.75,0.5,0.25,0,1,,,,
MNQ SEP25,10s,10,5902,2025-09-12 10:43:50,24080.75,24081,24079,24079.5,89,2,1.25,0.25,0.5,-1,-87.85,-83.7,-34.7,-11.31
MNQ SEP25,1s,1,5031,2025-09-12 10:43:51,24080,24080.25,24080,24080,6,0.25,0,0.25,0,0,,,,
MNQ SEP25,1s,1,5032,2025-09-12 10:43:52,24079,24079,24078.5,24078.75,24,0.5,0.25,0,0.25,-1,,,,
MNQ SEP25,1s,1,5033,2025-09-12 10:43:53,24078.75,24079,24078.25,24078.75,28,0.75,0,0.25,0.5,0,,,,
MNQ SEP25,1s,1,5034,2025-09-12 10:43:54,24078.5,24079.25,24078.5,24079.25,9,0.75,0.75,0,0,1,,,,
MNQ SEP25,1s,1,5035,2025-09-12 10:43:55,24079.25,24079.5,24079.25,24079.5,7,0.25,0.25,0,0,1,,,,
MNQ SEP25,1s,1,5036,2025-09-12 10:43:56,24079.5,24079.5,24078.75,24079,14,0.75,0.5,0,0.25,-1,,,,
MNQ SEP25,1s,1,5037,2025-09-12 10:43:57,24078.75,24080,24078.75,24080,19,1.25,1.25,0,0,1,,,,
MNQ SEP25,1s,1,5038,2025-09-12 10:43:58,24079.5,24080.5,24079.25,24080.25,34,1.25,0.75,0.25,0.25,1,,,,
MNQ SEP25,1s,1,5039,2025-09-12 10:43:59,24080.25,24080.5,24080,24080.25,15,0.5,0,0.25,0.25,0,,,,
MNQ SEP25,1s,1,5040,2025-09-12 10:44:00,24080.25,24080.25,24079.75,24079.75,7,0.5,0.5,0,0,-1,,,,
MNQ SEP25,10s,10,5903,2025-09-12 10:44:00,24080,24080.5,24078.25,24079.75,163,2.25,0.25,0.5,1.5,-1,-125.85,-38,-52.88333333,-28.31
MNQ SEP25,20s,20,5951,2025-09-12 10:44:00,24080.75,24081,24078.25,24079.75,252,2.75,1,0.25,1.5,-1,-113.7,-5.4,26.46666667,-11.82
MNQ SEP25,1s,1,5041,2025-09-12 10:44:01,24079.75,24081.25,24079.75,24081.25,39,1.5,1.5,0,0,1,,,,
MNQ SEP25,1s,1,5042,2025-09-12 10:44:02,24080.5,24081.75,24080.25,24081.5,26,1.5,1,0.25,0.25,1,,,,
MNQ SEP25,1s,1,5043,2025-09-12 10:44:03,24081.5,24082.5,24081.25,24082.5,48,1.25,1,0,0.25,1,,,,
MNQ SEP25,1s,1,5044,2025-09-12 10:44:04,24082.25,24082.5,24081.75,24082,14,0.75,0.25,0.25,0.25,-1,,,,
MNQ SEP25,1s,1,5045,2025-09-12 10:44:05,24082.5,24082.5,24081.75,24082.25,7,0.75,0.25,0,0.5,-1,,,,
MNQ SEP25,1s,1,5046,2025-09-12 10:44:06,24082.25,24082.5,24081.75,24082.5,8,0.75,0.25,0,0.5,1,,,,
MNQ SEP25,1s,1,5047,2025-09-12 10:44:07,24083,24083,24082,24082.5,21,1,0.5,0,0.5,-1,,,,
MNQ SEP25,1s,1,5048,2025-09-12 10:44:08,24082.5,24082.5,24081.5,24081.5,6,1,1,0,0,-1,,,,
MNQ SEP25,1s,1,5049,2025-09-12 10:44:09,24081.75,24082.75,24081.5,24082.5,25,1.25,0.75,0.25,0.25,1,,,,
MNQ SEP25,1s,1,5050,2025-09-12 10:44:10,24082.25,24083.25,24082.25,24082.75,15,1,0.5,0.5,0,1,,,,
MNQ SEP25,10s,10,5904,2025-09-12 10:44:10,24079.75,24083.25,24079.75,24082.75,209,3.5,3,0.5,0,1,-110,15.85,-35.28333333,-25.25
MNQ SEP25,1s,1,5051,2025-09-12 10:44:11,24082.5,24082.5,24082,24082.25,10,0.5,0.25,0,0.25,-1,,,,
MNQ SEP25,1s,1,5052,2025-09-12 10:44:12,24082.25,24082.25,24082,24082.25,7,0.25,0,0,0.25,0,,,,
MNQ SEP25,1s,1,5053,2025-09-12 10:44:13,24082.5,24083,24082.25,24082.25,5,0.75,0.25,0.5,0,-1,,,,
MNQ SEP25,1s,1,5054,2025-09-12 10:44:14,24082.5,24082.5,24081.25,24082,33,1.25,0.5,0,0.75,-1,,,,
MNQ SEP25,1s,1,5055,2025-09-12 10:44:15,24081.75,24082.75,24081.75,24082.5,12,1,0.75,0.25,0,1,,,,
MNQ SEP25,1s,1,5056,2025-09-12 10:44:16,24082,24082,24082,24082,1,0,0,0,0,0,,,,
MNQ SEP25,1s,1,5057,2025-09-12 10:44:17,24082.25,24082.75,24082.25,24082.75,5,0.5,0.5,0,0,1,,,,
MNQ SEP25,1s,1,5058,2025-09-12 10:44:18,24082.25,24083.25,24082.25,24082.25,30,1,0,1,0,0,,,,
MNQ SEP25,1s,1,5059,2025-09-12 10:44:19,24082.75,24083,24082.75,24082.75,4,0.25,0,0.25,0,0,,,,
MNQ SEP25,1s,1,5060,2025-09-12 10:44:20,24083,24083,24082.25,24082.25,14,0.75,0.75,0,0,-1,,,,
MNQ SEP25,10s,10,5905,2025-09-12 10:44:20,24082.5,24083.25,24081.25,24082.25,121,2,0.25,0.75,1,-1,-102.9,7.1,-5.01666667,-27.14
MNQ SEP25,20s,20,5952,2025-09-12 10:44:20,24079.75,24083.25,24079.75,24082.25,330,3.5,2.5,1,0,1,-88.4,25.3,13.55,18.84
MNQ SEP25,1s,1,5061,2025-09-12 10:44:21,24083,24083.25,24082.75,24083,10,0.5,0,0.25,0.25,0,,,,
MNQ SEP25,1s,1,5062,2025-09-12 10:44:22,24082.5,24082.5,24081.5,24081.5,11,1,1,0,0,-1,,,,
MNQ SEP25,1s,1,5063,2025-09-12 10:44:23,24082.5,24082.5,24082.25,24082.25,6,0.25,0.25,0,0,-1,,,,
MNQ SEP25,1s,1,5064,2025-09-12 10:44:24,24082.75,24082.75,24082.25,24082.25,13,0.5,0.5,0,0,-1,,,,
MNQ SEP25,1s,1,5065,2025-09-12 10:44:25,24082.5,24083.25,24082.5,24083.25,14,0.75,0.75,0,0,1,,,,
MNQ SEP25,1s,1,5066,2025-09-12 10:44:26,24083,24083,24082,24082.5,12,1,0.5,0,0.5,-1,,,,
MNQ SEP25,1s,1,5067,2025-09-12 10:44:27,24082,24082,24080.75,24081.25,24,1.25,0.75,0,0.5,-1,,,,
MNQ SEP25,1s,1,5068,2025-09-12 10:44:28,24081.5,24081.75,24081,24081.25,13,0.75,0.25,0.25,0.25,-1,,,,
MNQ SEP25,1s,1,5069,2025-09-12 10:44:29,24081.25,24081.5,24081.25,24081.25,17,0.25,0,0.25,0,0,,,,
MNQ SEP25,1s,1,5070,2025-09-12 10:44:30,24081.75,24082.5,24081.5,24082.5,10,1,0.75,0,0.25,1,,,,
MNQ SEP25,10s,10,5906,2025-09-12 10:44:30,24083,24083.25,24080.75,24082.5,130,2.5,0.5,0.25,1.75,-1,-76.95,25.95,16.3,-14.56
MNQ SEP25,1s,1,5071,2025-09-12 10:44:31,24082.5,24082.75,24082,24082,16,0.75,0.5,0.25,0,-1,,,,
MNQ SEP25,1s,1,5072,2025-09-12 10:44:32,24082.25,24082.25,24082,24082,4,0.25,0.25,0,0,-1,,,,
MNQ SEP25,1s,1,5073,2025-09-12 10:44:33,24081.75,24082.25,24081.75,24082,13,0.5,0.25,0.25,0,1,,,,
MNQ SEP25,1s,1,5074,2025-09-12 10:44:34,24082,24082,24081.5,24081.5,14,0.5,0.5,0,0,-1,,,,
MNQ SEP25,1s,1,5075,2025-09-12 10:44:35,24081.5,24081.5,24080.75,24081.25,7,0.75,0.25,0,0.5,-1,,,,
MNQ SEP25,1s,1,5076,2025-09-12 10:44:36,24081.5,24081.75,24081,24081,11,0.75,0.5,0.25,0,-1,,,,
MNQ SEP25,1s,1,5077,2025-09-12 10:44:37,24081,24081,24080.75,24080.75,2,0.25,0.25,0,0,-1,,,,
MNQ SEP25,1s,1,5078,2025-09-12 10:44:38,24080.75,24081.25,24080.75,24080.75,6,0.5,0,0.5,0,0,,,,
MNQ SEP25,1s,1,5079,2025-09-12 10:44:39,24081.25,24082,24081.25,24081.75,13,0.75,0.5,0.25,0,1,,,,
MNQ SEP25,1s,1,5080,2025-09-12 10:44:40,24081,24081,24080.75,24080.75,4,0.25,0.25,0,0,-1,,,,
MNQ SEP25,10s,10,5907,2025-09-12 10:44:40,24082.5,24082.75,24080.75,24080.75,90,2,1.75,0.25,0,-1,-66.8,10.15,14.4,4.21
MNQ SEP25,20s,20,5953,2025-09-12 10:44:40,24083,24083.25,24080.75,24080.75,220,2.5,2.25,0.25,0,-1,-218.4,-130,-36.7,-5.06
MNQ SEP25,1s,1,5081,2025-09-12 10:44:41,24081.25,24081.5,24080.25,24080.5,16,1.25,0.75,0.25,0.25,-1,,,,
MNQ SEP25,1s,1,5082,2025-09-12 10:44:42,24081.25,24081.25,24081,24081,3,0.25,0.25,0,0,-1,,,,
MNQ SEP25,1s,1,5083,2025-09-12 10:44:43,24080.75,24081.5,24080.5,24081,12,1,0.25,0.5,0.25,1,,,,
MNQ SEP25,1s,1,5084,2025-09-12 10:44:44,24080.25,24081,24080.25,24081,5,0.75,0.75,0,0,1,,,,
MNQ SEP25,1s,1,5085,2025-09-12 10:44:45,24081.25,24081.25,24081,24081,10,0.25,0.25,0,0,-1,,,,
MNQ SEP25,1s,1,5086,2025-09-12 10:44:46,24080.75,24081.25,24080.5,24080.5,3,0.75,0.25,0.5,0,-1,,,,
MNQ SEP25,1s,1,5087,2025-09-12 10:44:47,24081,24081.75,24080.75,24081.75,11,1,0.75,0,0.25,1,,,,
MNQ SEP25,1s,1,5088,2025-09-12 10:44:48,24081.25,24081.25,24081.25,24081.25,5,0,0,0,0,0,,,,
MNQ SEP25,1s,1,5089,2025-09-12 10:44:49,24081.75,24082,24081.75,24082,2,0.25,0.25,0,0,1,,,,
MNQ SEP25,1s,1,5090,2025-09-12 10:44:50,24081.75,24082.25,24081.25,24082.25,21,1,0.5,0,0.5,1,,,,
MNQ SEP25,10s,10,5908,2025-09-12 10:44:50,24081.25,24082.25,24080.25,24082.25,88,2,1,0,1,1,-74.55,-7.75,9.45,10.26
MNQ SEP25,1s,1,5091,2025-09-12 10:44:51,24082.25,24082.75,24082,24082.5,14,0.75,0.25,0.25,0.25,1,,,,
MNQ SEP25,1s,1,5092,2025-09-12 10:44:52,24082.25,24082.25,24081.25,24081.5,8,1,0.75,0,0.25,-1,,,,
MNQ SEP25,1s,1,5093,2025-09-12 10:44:53,24081,24081.5,24080.75,24081.5,24,0.75,0.5,0,0.25,1,,,,
MNQ SEP25,1s,1,5094,2025-09-12 10:44:54,24081.5,24081.5,24080.75,24080.75,16,0.75,0.75,0,0,-1,,,,
MNQ SEP25,1s,1,5095,2025-09-12 10:44:55,24080.75,24080.75,24080.5,24080.5,13,0.25,0.25,0,0,-1,,,,
MNQ SEP25,1s,1,5096,2025-09-12 10:44:56,24081,24081.25,24080.75,24081,15,0.5,0,0.25,0.25,0,,,,
MNQ SEP25,1s,1,5097,2025-09-12 10:44:57,24080.75,24081.25,24080.75,24081,10,0.5,0.25,0.25,0,1,,,,
MNQ SEP25,1s,1,5098,2025-09-12 10:44:58,24081.5,24081.5,24080.5,24080.75,9,1,0.75,0,0.25,-1,,,,
MNQ SEP25,1s,1,5099,2025-09-12 10:44:59,24081.25,24081.25,24081,24081,5,0.25,0.25,0,0,-1,,,,
MNQ SEP25,1s,1,5100,2025-09-12 10:45:00,24081.5,24081.5,24081.5,24081.5,4,0,0,0,0,0,,,,
MNQ SEP25,10s,10,5909,2025-09-12 10:45:00,24082.25,24082.75,24080.5,24081.5,118,2.25,0.75,0.5,1,-1,-89.9,-15.35,-4.31666667,4.02
MNQ SEP25,20s,20,5954,2025-09-12 10:45:00,24081.25,24082.75,24080.25,24081.5,206,2.5,0.25,1.25,1,1,-259.3,-40.9,-48.53333333,-26.05
MNQ SEP25,1s,1,5101,2025-09-12 10:45:01,24081.75,24084.5,24081.75,24084,220,2.75,2.25,0.5,0,1,,,,
MNQ SEP25,1s,1,5102,2025-09-12 10:45:02,24084.25,24085,24084,24084,117,1,0.25,0.75,0,-1,,,,
MNQ SEP25,1s,1,5103,2025-09-12 10:45:03,24083.75,24084.5,24083.5,24083.5,36,1,0.25,0.75,0,-1,,,,
MNQ SEP25,1s,1,5104,2025-09-12 10:45:04,24083.5,24084,24083.5,24083.5,36,0.5,0,0.5,0,0,,,,
MNQ SEP25,1s,1,5105,2025-09-12 10:45:05,24083.75,24085,24083.75,24084,57,1.25,0.25,1,0,1,,,,
MNQ SEP25,1s,1,5106,2025-09-12 10:45:06,24084.75,24084.75,24083.5,24083.5,71,1.25,1.25,0,0,-1,,,,
MNQ SEP25,1s,1,5107,2025-09-12 10:45:07,24083.5,24084.5,24083.5,24084,108,1,0.5,0.5,0,1,,,,
MNQ SEP25,1s,1,5108,2025-09-12 10:45:08,24084.25,24084.5,24083.75,24084.5,58,0.75,0.25,0,0.5,1,,,,
MNQ SEP25,1s,1,5109,2025-09-12 10:45:09,24084.5,24084.5,24083.75,24084.25,58,0.75,0.25,0,0.5,-1,,,,
MNQ SEP25,1s,1,5110,2025-09-12 10:45:10,24084,24084.25,24083.75,24083.75,15,0.5,0.25,0.25,0,-1,,,,
MNQ SEP25,10s,10,5910,2025-09-12 10:45:10,24081.75,24085,24081.75,24083.75,776,3.25,2,1.25,0,1,9.2,99.1,25.33333333,22.42
MNQ SEP25,1s,1,5111,2025-09-12 10:45:11,24084.25,24084.5,24084,24084.25,7,0.5,0,0.25,0.25,0,,,,
MNQ SEP25,1s,1,5112,2025-09-12 10:45:12,24084,24084.25,24083.5,24083.75,45,0.75,0.25,0.25,0.25,-1,,,,
MNQ SEP25,1s,1,5113,2025-09-12 10:45:13,24083.5,24083.75,24083,24083.25,27,0.75,0.25,0.25,0.25,-1,,,,
MNQ SEP25,1s,1,5114,2025-09-12 10:45:14,24083.75,24083.75,24083,24083.5,28,0.75,0.25,0,0.5,-1,,,,
MNQ SEP25,1s,1,5115,2025-09-12 10:45:15,24083.25,24083.25,24082.75,24083,32,0.5,0.25,0,0.25,-1,,,,
MNQ SEP25,1s,1,5116,2025-09-12 10:45:16,24083.5,24083.5,24083,24083.5,19,0.5,0,0,0.5,0,,,,
MNQ SEP25,1s,1,5117,2025-09-12 10:45:17,24083.25,24084,24083,24084,11,1,0.75,0,0.25,1,,,,
MNQ SEP25,1s,1,5118,2025-09-12 10:45:18,24083.75,24083.75,24083.5,24083.75,11,0.25,0,0,0.25,0,,,,
MNQ SEP25,1s,1,5119,2025-09-12 10:45:19,24083.5,24083.75,24082.5,24082.5,26,1.25,1,0.25,0,-1,,,,
MNQ SEP25,1s,1,5120,2025-09-12 10:45:20,24082.5,24083,24082.25,24083,17,0.75,0.5,0,0.25,1,,,,
MNQ SEP25,10s,10,5911,2025-09-12 10:45:20,24084.25,24084.5,24082.25,24083,223,2.25,1.25,0.25,0.75,-1,24.4,15.2,32.98333333,20.27
MNQ SEP25,20s,20,5955,2025-09-12 10:45:20,24081.75,24085,24081.75,24083,999,3.25,1.25,2,0,1,-164.55,94.75,-25.38333333,-11.25
MNQ SEP25,1s,1,5121,2025-09-12 10:45:21,24082,24082.5,24082,24082.25,12,0.5,0.25,0.25,0,1,,,,
MNQ SEP25,1s,1,5122,2025-09-12 10:45:22,24081.75,24082.25,24081.25,24082.25,59,1,0.5,0,0.5,1,,,,
MNQ SEP25,1s,1,5123,2025-09-12 10:45:23,24082.25,24082.5,24081.25,24081.5,30,1.25,0.75,0.25,0.25,-1,,,,
MNQ SEP25,1s,1,5124,2025-09-12 10:45:24,24081,24081.25,24080.5,24080.75,16,0.75,0.25,0.25,0.25,-1,,,,
MNQ SEP25,1s,1,5125,2025-09-12 10:45:25,24081,24081,24080.25,24080.5,31,0.75,0.5,0,0.25,-1,,,,
MNQ SEP25,1s,1,5126,2025-09-12 10:45:26,24080,24081.75,24079.25,24080.75,128,2.5,0.75,1,0.75,1,,,,
MNQ SEP25,1s,1,5127,2025-09-12 10:45:27,24080.75,24081.25,24080.75,24081,14,0.5,0.25,0.25,0,1,,,,
MNQ SEP25,1s,1,5128,2025-09-12 10:45:28,24081,24081,24080,24080.5,14,1,0.5,0,0.5,-1,,,,
MNQ SEP25,1s,1,5129,2025-09-12 10:45:29,24079.75,24082,24079.5,24081.5,19,2.5,1.75,0.5,0.25,1,,,,
MNQ SEP25,1s,1,5130,2025-09-12 10:45:30,24082,24082.75,24082,24082.75,19,0.75,0.75,0,0,1,,,,
MNQ SEP25,10s,10,5912,2025-09-12 10:45:30,24082,24082.75,24079.25,24082.75,342,3.5,0.75,0,2.75,1,71.1,46.7,53.66666667,27.58
MNQ SEP25,1s,1,5131,2025-09-12 10:45:31,24082.25,24082.25,24082.25,24082.25,3,0,0,0,0,0,,,,
MNQ SEP25,1s,1,5132,2025-09-12 10:45:32,24083,24083.25,24083,24083.25,9,0.25,0.25,0,0,1,,,,
MNQ SEP25,1s,1,5133,2025-09-12 10:45:33,24083.5,24083.75,24083.5,24083.75,8,0.25,0.25,0,0,1,,,,
MNQ SEP25,1s,1,5134,2025-09-12 10:45:34,24083.5,24083.5,24083.25,24083.5,10,0.25,0,0,0.25,0,,,,
MNQ SEP25,1s,1,5135,2025-09-12 10:45:35,24083.75,24084,24083.5,24083.5,34,0.5,0.25,0.25,0,-1,,,,
MNQ SEP25,1s,1,5136,2025-09-12 10:45:36,24083.75,24085.5,24083.75,24085.25,94,1.75,1.5,0.25,0,1,,,,
MNQ SEP25,1s,1,5137,2025-09-12 10:45:37,24085.5,24086.5,24085.5,24085.75,125,1,0.25,0.75,0,1,,,,
MNQ SEP25,1s,1,5138,2025-09-12 10:45:38,24085.5,24086,24085.25,24085.75,34,0.75,0.25,0.25,0.25,1,,,,
MNQ SEP25,1s,1,5139,2025-09-12 10:45:39,24086,24086.75,24085.75,24086.5,41,1,0.5,0.25,0.25,1,,,,
MNQ SEP25,1s,1,5140,2025-09-12 10:45:40,24086.25,24086.5,24085.75,24086.25,57,0.75,0,0.25,0.5,0,,,,
MNQ SEP25,10s,10,5913,2025-09-12 10:45:40,24082.25,24086.75,24082.25,24086.25,415,4.5,4,0.5,0,1,123.25,52.15,38.01666667,39.56
MNQ SEP25,20s,20,5956,2025-09-12 10:45:40,24082,24086.75,24079.25,24086.25,757,7.5,4.25,0.5,2.75,1,-55,109.55,54.46666667,11.74
MNQ SEP25,1s,1,5141,2025-09-12 10:45:41,24086,24086.5,24085.75,24085.75,31,0.75,0.25,0.5,0,-1,,,,
MNQ SEP25,1s,1,5142,2025-09-12 10:45:42,24086.25,24086.25,24085.75,24086,23,0.5,0.25,0,0.25,-1,,,,
MNQ SEP25,1s,1,5143,2025-09-12 10:45:43,24086,24088,24086,24087.5,145,2,1.5,0.5,0,1,,,,
MNQ SEP25,1s,1,5144,2025-09-12 10:45:44,24088,24089.75,24088,24088.25,569,1.75,0.25,1.5,0,1,,,,
MNQ SEP25,1s,1,5145,2025-09-12 10:45:45,24088.25,24088.5,24087.25,24088.25,96,1.25,0,0.25,1,0,,,,
MNQ SEP25,1s,1,5146,2025-09-12 10:45:46,24088.5,24089.5,24088.25,24089.25,70,1.25,0.75,0.25,0.25,1,,,,
MNQ SEP25,1s,1,5147,2025-09-12 10:45:47,24089.25,24089.25,24088.25,24089,71,1,0.25,0,0.75,-1,,,,
MNQ SEP25,1s,1,5148,2025-09-12 10:45:48,24088.75,24089,24088,24088.5,34,1,0.25,0.25,0.5,-1,,,,
MNQ SEP25,1s,1,5149,2025-09-12 10:45:49,24088.5,24088.5,24087,24087,46,1.5,1.5,0,0,-1,,,,
MNQ SEP25,1s,1,5150,2025-09-12 10:45:50,24087,24087.75,24086.75,24087.25,67,1,0.25,0.5,0.25,1,,,,
MNQ SEP25,10s,10,5914,2025-09-12 10:45:50,24086,24089.75,24085.75,24087.25,1152,4,1.25,2.5,0.25,1,281.05,157.8,85.55,74.19
MNQ SEP25,1s,1,5151,2025-09-12 10:45:51,24087.25,24088,24087.25,24088,61,0.75,0.75,0,0,1,,,,
MNQ SEP25,1s,1,5152,2025-09-12 10:45:52,24087.75,24088.5,24087.75,24088,20,0.75,0.25,0.5,0,1,,,,
MNQ SEP25,1s,1,5153,2025-09-12 10:45:53,24088,24088,24087,24087.75,42,1,0.25,0,0.75,-1,,,,
MNQ SEP25,1s,1,5154,2025-09-12 10:45:54,24087.5,24088.25,24087.5,24088.25,19,0.75,0.75,0,0,1,,,,
MNQ SEP25,1s,1,5155,2025-09-12 10:45:55,24088.5,24088.5,24087.75,24087.75,25,0.75,0.75,0,0,-1,,,,
MNQ SEP25,1s,1,5156,2025-09-12 10:45:56,24088,24088.5,24087.75,24087.75,27,0.75,0.25,0.5,0,-1,,,,
MNQ SEP25,1s,1,5157,2025-09-12 10:45:57,24087.75,24088,24086.75,24087,43,1.25,0.75,0.25,0.25,-1,,,,
MNQ SEP25,1s,1,5158,2025-09-12 10:45:58,24087.75,24087.75,24086.5,24086.5,63,1.25,1.25,0,0,-1,,,,
MNQ SEP25,1s,1,5159,2025-09-12 10:45:59,24086.5,24086.5,24086,24086,36,0.5,0.5,0,0,-1,,,,
MNQ SEP25,1s,1,5160,2025-09-12 10:46:00,24086.25,24086.5,24086.25,24086.5,26,0.25,0.25,0,0,1,,,,
MNQ SEP25,10s,10,5915,2025-09-12 10:46:00,24087.25,24088.5,24086,24086.5,362,2.5,0.75,1.25,0.5,-1,190.4,-90.65,39.76666667,36.24
MNQ SEP25,20s,20,5957,2025-09-12 10:46:00,24086,24089.75,24085.75,24086.5,1514,4,0.5,3.25,0.25,1,132.75,187.75,130.68333333,44.23
MNQ SEP25,1s,1,5161,2025-09-12 10:46:01,24086.25,24086.75,24086.25,24086.5,26,0.5,0.25,0.25,0,1,,,,
MNQ SEP25,1s,1,5162,2025-09-12 10:46:02,24086.5,24087.25,24086.5,24087.25,31,0.75,0.75,0,0,1,,,,
MNQ SEP25,1s,1,5163,2025-09-12 10:46:03,24087.5,24088.25,24087.5,24088.25,33,0.75,0.75,0,0,1,,,,
MNQ SEP25,1s,1,5164,2025-09-12 10:46:04,24088,24089,24088,24089,76,1,1,0,0,1,,,,
MNQ SEP25,1s,1,5165,2025-09-12 10:46:05,24088.5,24088.75,24088,24088.5,20,0.75,0,0.25,0.5,0,,,,
MNQ SEP25,1s,1,5166,2025-09-12 10:46:06,24088.5,24089,24088.25,24088.5,30,0.75,0,0.5,0.25,0,,,,
MNQ SEP25,1s,1,5167,2025-09-12 10:46:07,24088.75,24088.75,24087.5,24087.5,31,1.25,1.25,0,0,-1,,,,
MNQ SEP25,1s,1,5168,2025-09-12 10:46:08,24087.5,24087.5,24086.75,24086.75,31,0.75,0.75,0,0,-1,,,,
MNQ SEP25,1s,1,5169,2025-09-12 10:46:09,24086.75,24087.5,24086.75,24087.25,36,0.75,0.5,0.25,0,1,,,,
MNQ SEP25,1s,1,5170,2025-09-12 10:46:10,24087.5,24087.75,24087,24087.5,30,0.75,0,0.25,0.5,0,,,,
MNQ SEP25,10s,10,5916,2025-09-12 10:46:10,24086.25,24089,24086.25,24087.5,344,2.75,1.25,1.5,0,1,216.3,25.9,31.01666667,38.38
MNQ SEP25,1s,1,5171,2025-09-12 10:46:11,24087.75,24087.75,24085.75,24085.75,38,2,2,0,0,-1,,,,
MNQ SEP25,1s,1,5172,2025-09-12 10:46:12,24085.5,24085.75,24085,24085.25,61,0.75,0.25,0.25,0.25,-1,,,,
MNQ SEP25,1s,1,5173,2025-09-12 10:46:13,24085,24085.25,24083.5,24084.75,87,1.75,0.25,0.25,1.25,-1,,,,
MNQ SEP25,1s,1,5174,2025-09-12 10:46:14,24084.75,24085.75,24084.75,24085.25,28,1,0.5,0.5,0,1,,,,
MNQ SEP25,1s,1,5175,2025-09-12 10:46:15,24085.75,24086,24085.5,24085.75,19,0.5,0,0.25,0.25,0,,,,
MNQ SEP25,1s,1,5176,2025-09-12 10:46:16,24086,24086.25,24085.5,24086,23,0.75,0,0.25,0.5,0,,,,
MNQ SEP25,1s,1,5177,2025-09-12 10:46:17,24086.5,24087,24086.5,24087,7,0.5,0.5,0,0,1,,,,
MNQ SEP25,1s,1,5178,2025-09-12 10:46:18,24086.75,24087,24086.75,24086.75,9,0.25,0,0.25,0,0,,,,
MNQ SEP25,1s,1,5179,2025-09-12 10:46:19,24087.25,24087.25,24086.75,24087,8,0.5,0.25,0,0.25,-1,,,,
MNQ SEP25,1s,1,5180,2025-09-12 10:46:20,24087.25,24087.25,24085.75,24086,15,1.5,1.25,0,0.25,-1,,,,
MNQ SEP25,10s,10,5917,2025-09-12 10:46:20,24087.75,24087.75,24083.5,24086,295,4.25,1.75,0,2.5,-1,221.35,5.05,-19.9,30.05
MNQ SEP25,20s,20,5958,2025-09-12 10:46:20,24086.25,24089,24083.5,24086,639,5.5,0.25,2.75,2.5,-1,201.65,68.9,122.06666667,84.01
MNQ SEP25,1s,1,5181,2025-09-12 10:46:21,24085.75,24087,24085.75,24086.75,13,1.25,1,0.25,0,1,,,,
MNQ SEP25,1s,1,5182,2025-09-12 10:46:22,24086.75,24086.75,24086.25,24086.75,11,0.5,0,0,0.5,0,,,,
MNQ SEP25,1s,1,5183,2025-09-12 10:46:23,24086.5,24087,24086.25,24086.25,6,0.75,0.25,0.5,0,-1,,,,
MNQ SEP25,1s,1,5184,2025-09-12 10:46:24,24086.25,24086.5,24086.25,24086.25,11,0.25,0,0.25,0,0,,,,
MNQ SEP25,1s,1,5185,2025-09-12 10:46:25,24086.25,24086.25,24085.5,24085.5,8,0.75,0.75,0,0,-1,,,,
MNQ SEP25,1s,1,5186,2025-09-12 10:46:26,24085.75,24086,24084.75,24084.75,57,1.25,1,0.25,0,-1,,,,
MNQ SEP25,1s,1,5187,2025-09-12 10:46:27,24085.5,24085.5,24085.25,24085.25,5,0.25,0.25,0,0,-1,,,,
MNQ SEP25,1s,1,5188,2025-09-12 10:46:28,24084.75,24085.25,24084.75,24085.25,2,0.5,0.5,0,0,1,,,,
MNQ SEP25,1s,1,5189,2025-09-12 10:46:29,24085,24085,24084.75,24085,13,0.25,0,0,0.25,0,,,,
MNQ SEP25,1s,1,5190,2025-09-12 10:46:30,24085.75,24085.75,24085.25,24085.25,11,0.5,0.5,0,0,-1,,,,
MNQ SEP25,10s,10,5918,2025-09-12 10:46:30,24085.75,24087,24084.75,24085.25,137,2.25,0.5,1.25,0.5,-1,178.45,-42.9,-3.98333333,11.04
MNQ SEP25,1s,1,5191,2025-09-12 10:46:31,24085.25,24086,24085.25,24085.5,18,0.75,0.25,0.5,0,1,,,,
MNQ SEP25,1s,1,5192,2025-09-12 10:46:32,24086,24087.5,24086,24087.25,33,1.5,1.25,0.25,0,1,,,,
MNQ SEP25,1s,1,5193,2025-09-12 10:46:33,24087.75,24087.75,24087.5,24087.5,6,0.25,0.25,0,0,-1,,,,
MNQ SEP25,1s,1,5194,2025-09-12 10:46:34,24087.25,24087.5,24087,24087,7,0.5,0.25,0.25,0,-1,,,,
MNQ SEP25,1s,1,5195,2025-09-12 10:46:35,24087,24087,24086.5,24087,10,0.5,0,0,0.5,0,,,,
MNQ SEP25,1s,1,5196,2025-09-12 10:46:36,24087.25,24087.75,24086.75,24087.75,26,1,0.5,0,0.5,1,,,,
MNQ SEP25,1s,1,5197,2025-09-12 10:46:37,24087.25,24087.75,24087,24087,11,0.75,0.25,0.5,0,-1,,,,
MNQ SEP25,1s,1,5198,2025-09-12 10:46:38,24087.25,24087.5,24087,24087,28,0.5,0.25,0.25,0,-1,,,,
MNQ SEP25,1s,1,5199,2025-09-12 10:46:39,24087.5,24089.25,24087.5,24089.25,68,1.75,1.75,0,0,1,,,,
MNQ SEP25,1s,1,5200,2025-09-12 10:46:40,24089,24089.25,24088.75,24089,12,0.5,0,0.25,0.25,0,,,,
MNQ SEP25,10s,10,5919,2025-09-12 10:46:40,24085.25,24089.25,24085.25,24089,219,4,3.75,0.25,0,1,-11.3,-189.75,-75.86666667,-58.47
MNQ SEP25,20s,20,5959,2025-09-12 10:46:40,24085.75,24089.25,24084.75,24089,356,4.5,3.25,0.25,1,1,243.75,42.1,99.58333333,100.61
MNQ SEP25,1s,1,5201,2025-09-12 10:46:41,24088.75,24090.5,24088.75,24090,488,1.75,1.25,0.5,0,1,,,,
MNQ SEP25,1s,1,5202,2025-09-12 10:46:42,24089.75,24090,24089.5,24089.5,115,0.5,0.25,0.25,0,-1,,,,
MNQ SEP25,1s,1,5203,2025-09-12 10:46:43,24089.25,24089.75,24088.5,24088.5,52,1.25,0.75,0.5,0,-1,,,,
MNQ SEP25,1s,1,5204,2025-09-12 10:46:44,24088.5,24089.5,24088.25,24089.5,39,1.25,1,0,0.25,1,,,,
MNQ SEP25,1s,1,5205,2025-09-12 10:46:45,24089.5,24089.75,24089.25,24089.25,43,0.5,0.25,0.25,0,-1,,,,
MNQ SEP25,1s,1,5206,2025-09-12 10:46:46,24089.25,24090,24089,24089.75,46,1,0.5,0.25,0.25,1,,,,
MNQ SEP25,1s,1,5207,2025-09-12 10:46:47,24089.75,24090,24089.75,24089.75,13,0.25,0,0.25,0,0,,,,
MNQ SEP25,1s,1,5208,2025-09-12 10:46:48,24089.75,24090.25,24089.5,24089.5,93,0.75,0.25,0.5,0,-1,,,,
MNQ SEP25,1s,1,5209,2025-09-12 10:46:49,24090,24090.25,24089.5,24090.25,55,0.75,0.25,0,0.5,1,,,,
MNQ SEP25,1s,1,5210,2025-09-12 10:46:50,24090.5,24091.5,24090.25,24091,192,1.25,0.5,0.5,0.25,1,,,,
MNQ SEP25,10s,10,5920,2025-09-12 10:46:50,24088.75,24091.5,24088.25,24091,1136,3.25,2.25,0.5,0.5,1,99.1,110.4,-40.75,-18.26
MNQ SEP25,1s,1,5211,2025-09-12 10:46:51,24091.25,24091.5,24090.5,24091.25,71,1,0,0.25,0.75,0,,,,
MNQ SEP25,1s,1,5212,2025-09-12 10:46:52,24091.75,24092.5,24091.75,24092.25,208,0.75,0.5,0.25,0,1,,,,
MNQ SEP25,1s,1,5213,2025-09-12 10:46:53,24092,24092.5,24091,24091,95,1.5,1,0.5,0,-1,,,,
MNQ SEP25,1s,1,5214,2025-09-12 10:46:54,24091.25,24092,24090.75,24090.75,83,1.25,0.5,0.75,0,-1,,,,
MNQ SEP25,1s,1,5215,2025-09-12 10:46:55,24090.75,24091.5,24090.75,24091.5,57,0.75,0.75,0,0,1,,,,
MNQ SEP25,1s,1,5216,2025-09-12 10:46:56,24091.5,24091.75,24091,24091.25,46,0.75,0.25,0.25,0.25,-1,,,,
MNQ SEP25,1s,1,5217,2025-09-12 10:46:57,24091.5,24091.5,24090,24090.5,29,1.5,1,0,0.5,-1,,,,
MNQ SEP25,1s,1,5218,2025-09-12 10:46:58,24090.5,24090.75,24090,24090.5,20,0.75,0,0.25,0.5,0,,,,
MNQ SEP25,1s,1,5219,2025-09-12 10:46:59,24090.5,24091.25,24090.5,24090.75,14,0.75,0.25,0.5,0,1,,,,
MNQ SEP25,1s,1,5220,2025-09-12 10:47:00,24091.25,24093.75,24091,24091.5,294,2.75,0.25,2.25,0.25,1,,,,
MNQ SEP25,10s,10,5921,2025-09-12 10:47:00,24091.25,24093.75,24090,24091.5,917,3.75,0.25,2.25,1.25,1,174.5,75.4,-1.31666667,-8.36
MNQ SEP25,20s,20,5960,2025-09-12 10:47:00,24088.75,24093.75,24088.25,24091.5,2053,5.5,2.75,2.25,0.5,1,390.95,147.2,86.06666667,111.1
MNQ SEP25,1s,1,5221,2025-09-12 10:47:01,24091.25,24091.75,24091,24091.25,48,0.75,0,0.5,0.25,0,,,,
MNQ SEP25,1s,1,5222,2025-09-12 10:47:02,24091,24091.5,24090.5,24090.5,53,1,0.5,0.5,0,-1,,,,
MNQ SEP25,1s,1,5223,2025-09-12 10:47:03,24090.5,24090.75,24090.25,24090.25,32,0.5,0.25,0.25,0,-1,,,,
MNQ SEP25,1s,1,5224,2025-09-12 10:47:04,24090.5,24090.75,24090,24090.5,37,0.75,0,0.25,0.5,0,,,,
MNQ SEP25,1s,1,5225,2025-09-12 10:47:05,24090.75,24090.75,24090.25,24090.5,26,0.5,0.25,0,0.25,-1,,,,
MNQ SEP25,1s,1,5226,2025-09-12 10:47:06,24090.25,24090.5,24090,24090.5,48,0.5,0.25,0,0.25,1,,,,
MNQ SEP25,1s,1,5227,2025-09-12 10:47:07,24090.25,24090.5,24089.5,24089.75,30,1,0.5,0.25,0.25,-1,,,,
MNQ SEP25,1s,1,5228,2025-09-12 10:47:08,24089.5,24090,24088.75,24088.75,93,1.25,0.75,0.5,0,-1,,,,
MNQ SEP25,1s,1,5229,2025-09-12 10:47:09,24089,24089.5,24088.25,24089.25,64,1.25,0.25,0.25,0.75,1,,,,
MNQ SEP25,1s,1,5230,2025-09-12 10:47:10,24089.25,24090,24089,24090,223,1,0.75,0,0.25,1,,,,
MNQ SEP25,10s,10,5922,2025-09-12 10:47:10,24091.25,24091.75,24088.25,24090,654,3.5,1.25,0.5,1.75,-1,218.05,43.55,76.45,-0.66
MNQ SEP25,1s,1,5231,2025-09-12 10:47:11,24090.25,24090.25,24089.75,24089.75,26,0.5,0.5,0,0,-1,,,,
MNQ SEP25,1s,1,5232,2025-09-12 10:47:12,24089.5,24090.75,24089.25,24090.5,53,1.5,1,0.25,0.25,1,,,,
MNQ SEP25,1s,1,5233,2025-09-12 10:47:13,24090.25,24091.25,24089.5,24089.5,51,1.75,0.75,1,0,-1,,,,
MNQ SEP25,1s,1,5234,2025-09-12 10:47:14,24089.25,24089.5,24089.25,24089.25,13,0.25,0,0.25,0,0,,,,
MNQ SEP25,1s,1,5235,2025-09-12 10:47:15,24089.25,24089.5,24089,24089.5,13,0.5,0.25,0,0.25,1,,,,
MNQ SEP25,1s,1,5236,2025-09-12 10:47:16,24088.75,24090,24088.75,24090,22,1.25,1.25,0,0,1,,,,
MNQ SEP25,1s,1,5237,2025-09-12 10:47:17,24089.75,24089.75,24089.25,24089.25,6,0.5,0.5,0,0,-1,,,,
MNQ SEP25,1s,1,5238,2025-09-12 10:47:18,24089.5,24090,24089,24089,10,1,0.5,0.5,0,-1,,,,
MNQ SEP25,1s,1,5239,2025-09-12 10:47:19,24089,24089.5,24088.75,24088.75,18,0.75,0.25,0.5,0,-1,,,,
MNQ SEP25,1s,1,5240,2025-09-12 10:47:20,24089,24090.25,24088.75,24090.25,74,1.5,1.25,0,0.25,1,,,,
MNQ SEP25,10s,10,5923,2025-09-12 10:47:20,24090.25,24091.25,24088.75,24090.25,286,2.5,0,1,1.5,0,241.7,23.65,47.53333333,12.65
MNQ SEP25,20s,20,5961,2025-09-12 10:47:20,24091.25,24091.75,24088.25,24090.25,940,3.5,1,0.5,2,-1,416.05,25.1,71.46666667,94.21
MNQ SEP25,1s,1,5241,2025-09-12 10:47:21,24090,24090.25,24089.75,24089.75,10,0.5,0.25,0.25,0,-1,,,,
MNQ SEP25,1s,1,5242,2025-09-12 10:47:22,24090,24090,24089,24089.25,32,1,0.75,0,0.25,-1,,,,
MNQ SEP25,1s,1,5243,2025-09-12 10:47:23,24089.25,24089.25,24088.5,24088.75,10,0.75,0.5,0,0.25,-1,,,,
MNQ SEP25,1s,1,5244,2025-09-12 10:47:24,24089.5,24089.5,24089,24089,15,0.5,0.5,0,0,-1,,,,
MNQ SEP25,1s,1,5245,2025-09-12 10:47:25,24089.25,24090,24089.25,24090,8,0.75,0.75,0,0,1,,,,
MNQ SEP25,1s,1,5246,2025-09-12 10:47:26,24090.25,24090.25,24089.5,24090,31,0.75,0.25,0,0.5,-1,,,,
MNQ SEP25,1s,1,5247,2025-09-12 10:47:27,24089.75,24090.25,24089.75,24090.25,6,0.5,0.5,0,0,1,,,,
MNQ SEP25,1s,1,5248,2025-09-12 10:47:28,24090.25,24090.75,24089.75,24090.5,69,1,0.25,0.25,0.5,1,,,,
MNQ SEP25,1s,1,5249,2025-09-12 10:47:29,24090.25,24090.25,24089.25,24089.25,19,1,1,0,0,-1,,,,
MNQ SEP25,1s,1,5250,2025-09-12 10:47:30,24089.25,24090,24089,24089.25,12,1,0,0.75,0.25,0,,,,
MNQ SEP25,10s,10,5924,2025-09-12 10:47:30,24090,24090.75,24088.5,24089.25,212,2.25,0.75,0.75,0.75,-1,240.15,-1.55,21.88333333,50.29
MNQ SEP25,1s,1,5251,2025-09-12 10:47:31,24090.25,24091,24090,24090.75,37,1,0.5,0.25,0.25,1,,,,
MNQ SEP25,1s,1,5252,2025-09-12 10:47:32,24090.5,24091,24090.5,24090.5,30,0.5,0,0.5,0,0,,,,
MNQ SEP25,1s,1,5253,2025-09-12 10:47:33,24090.75,24091,24090,24090.25,25,1,0.5,0.25,0.25,-1,,,,
MNQ SEP25,1s,1,5254,2025-09-12 10:47:34,24090.5,24090.75,24090,24090.75,26,0.75,0.25,0,0.5,1,,,,
MNQ SEP25,1s,1,5255,2025-09-12 10:47:35,24090.5,24090.5,24090.5,24090.5,1,0,0,0,0,0,,,,
MNQ SEP25,1s,1,5256,2025-09-12 10:47:36,24090.75,24091.5,24090.75,24091.5,36,0.75,0.75,0,0,1,,,,
MNQ SEP25,1s,1,5257,2025-09-12 10:47:37,24091.5,24092.5,24091.25,24092,96,1.25,0.5,0.5,0.25,1,,,,
MNQ SEP25,1s,1,5258,2025-09-12 10:47:38,24091.75,24092.5,24091.75,24092.25,19,0.75,0.5,0.25,0,1,,,,
MNQ SEP25,1s,1,5259,2025-09-12 10:47:39,24092.5,24092.5,24091.5,24092,46,1,0.5,0,0.5,-1,,,,
MNQ SEP25,1s,1,5260,2025-09-12 10:47:40,24092.25,24092.25,24091.5,24092,22,0.75,0.25,0,0.5,-1,,,,
MNQ SEP25,10s,10,5925,2025-09-12 10:47:40,24090.25,24092.5,24090,24092,338,2.5,1.75,0.5,0.25,1,69.7,-170.45,-49.45,-5.88
MNQ SEP25,20s,20,5962,2025-09-12 10:47:40,24090,24092.5,24088.5,24092,550,4,2,0.5,1.5,1,250,-166.05,2.08333333,23.45
MNQ SEP25,1s,1,5261,2025-09-12 10:47:41,24092,24092.5,24091.75,24092,18,0.75,0,0.5,0.25,0,,,,
MNQ SEP25,1s,1,5262,2025-09-12 10:47:42,24092.5,24093,24092,24092.5,31,1,0,0.5,0.5,0,,,,
MNQ SEP25,1s,1,5263,2025-09-12 10:47:43,24092.75,24093.75,24092.5,24093,138,1.25,0.25,0.75,0.25,1,,,,
MNQ SEP25,1s,1,5264,2025-09-12 10:47:44,24093.25,24094,24093,24093.75,131,1,0.5,0.25,0.25,1,,,,
MNQ SEP25,1s,1,5265,2025-09-12 10:47:45,24093.75,24095,24093,24093.25,398,2,0.5,1.25,0.25,-1,,,,
MNQ SEP25,1s,1,5266,2025-09-12 10:47:46,24092.75,24093.25,24092.5,24093,45,0.75,0.25,0.25,0.25,1,,,,
MNQ SEP25,1s,1,5267,2025-09-12 10:47:47,24092.75,24093,24092.25,24092.25,27,0.75,0.5,0.25,0,-1,,,,
MNQ SEP25,1s,1,5268,2025-09-12 10:47:48,24092.5,24093,24092.5,24092.75,23,0.5,0.25,0.25,0,1,,,,
MNQ SEP25,1s,1,5269,2025-09-12 10:47:49,24092.75,24093.25,24092.5,24092.75,31,0.75,0,0.5,0.25,0,,,,
MNQ SEP25,1s,1,5270,2025-09-12 10:47:50,24093,24093.25,24092.75,24092.75,39,0.5,0.25,0.25,0,-1,,,,
MNQ SEP25,10s,10,5926,2025-09-12 10:47:50,24092,24095,24091.75,24092.75,881,3.25,0.75,2.25,0.25,1,24.95,-44.75,-72.25,-29.91
MNQ SEP25,1s,1,5271,2025-09-12 10:47:51,24093,24093.5,24092.5,24093.5,38,1,0.5,0,0.5,1,,,,
MNQ SEP25,1s,1,5272,2025-09-12 10:47:52,24093.25,24093.75,24093,24093.5,23,0.75,0.25,0.25,0.25,1,,,,
MNQ SEP25,1s,1,5273,2025-09-12 10:47:53,24093.5,24093.5,24093,24093,39,0.5,0.5,0,0,-1,,,,
MNQ SEP25,1s,1,5274,2025-09-12 10:47:54,24093,24093.5,24092.75,24093.25,13,0.75,0.25,0.25,0.25,1,,,,
MNQ SEP25,1s,1,5275,2025-09-12 10:47:55,24093.75,24093.75,24092.25,24092.5,40,1.5,1.25,0,0.25,-1,,,,
MNQ SEP25,1s,1,5276,2025-09-12 10:47:56,24092.75,24092.75,24091,24091.5,105,1.75,1.25,0,0.5,-1,,,,
MNQ SEP25,1s,1,5277,2025-09-12 10:47:57,24091.25,24092.5,24091,24091.5,216,1.5,0.25,1,0.25,1,,,,
MNQ SEP25,1s,1,5278,2025-09-12 10:47:58,24091.75,24091.75,24091,24091.25,36,0.75,0.5,0,0.25,-1,,,,
MNQ SEP25,1s,1,5279,2025-09-12 10:47:59,24091.5,24091.5,24091,24091.25,20,0.5,0.25,0,0.25,-1,,,,
MNQ SEP25,1s,1,5280,2025-09-12 10:48:00,24091.75,24092,24091.25,24091.75,12,0.75,0,0.25,0.5,0,,,,
MNQ SEP25,10s,10,5927,2025-09-12 10:48:00,24093,24093.75,24091,24091.75,542,2.75,1.25,0.75,0.75,-1,-20.05,-45,-86.73333333,-47.62
MNQ SEP25,20s,20,5963,2025-09-12 10:48:00,24092,24095,24091,24091.75,1423,4,0.25,3,0.75,-1,383.15,133.15,-2.6,36.3
MNQ SEP25,1s,1,5281,2025-09-12 10:48:01,24091.25,24091.25,24090.25,24091.25,66,1,0,0,1,0,,,,
MNQ SEP25,1s,1,5282,2025-09-12 10:48:02,24091.25,24091.75,24091,24091.5,32,0.75,0.25,0.25,0.25,1,,,,
MNQ SEP25,1s,1,5283,2025-09-12 10:48:03,24091.25,24092,24091.25,24092,20,0.75,0.75,0,0,1,,,,
MNQ SEP25,1s,1,5284,2025-09-12 10:48:04,24091.75,24092.25,24091.5,24091.75,10,0.75,0,0.5,0.25,0,,,,
MNQ SEP25,1s,1,5285,2025-09-12 10:48:05,24092,24092,24091,24091.5,77,1,0.5,0,0.5,-1,,,,
MNQ SEP25,1s,1,5286,2025-09-12 10:48:06,24091,24091.25,24090.5,24090.5,37,0.75,0.5,0.25,0,-1,,,,
MNQ SEP25,1s,1,5287,2025-09-12 10:48:07,24090.75,24091,24090.25,24091,30,0.75,0.25,0,0.5,1,,,,
MNQ SEP25,1s,1,5288,2025-09-12 10:48:08,24090.75,24091,24090.5,24090.75,22,0.5,0,0.25,0.25,0,,,,
MNQ SEP25,1s,1,5289,2025-09-12 10:48:09,24090.75,24091.25,24090.5,24090.75,32,0.75,0,0.5,0.25,0,,,,
MNQ SEP25,1s,1,5290,2025-09-12 10:48:10,24090.75,24091.25,24090.5,24090.5,18,0.75,0.25,0.5,0,-1,,,,
MNQ SEP25,10s,10,5928,2025-09-12 10:48:10,24091.25,24092.25,24090.25,24090.5,344,2,0.75,1,0.25,-1,-21.25,-1.2,-30.31666667,-52.59
MNQ SEP25,1s,1,5291,2025-09-12 10:48:11,24090.75,24091.25,24090.5,24091,31,0.75,0.25,0.25,0.25,1,,,,
MNQ SEP25,1s,1,5292,2025-09-12 10:48:12,24091.25,24092,24091,24091.5,37,1,0.25,0.5,0.25,1,,,,
MNQ SEP25,1s,1,5293,2025-09-12 10:48:13,24091.5,24092,24090.75,24090.75,39,1.25,0.75,0.5,0,-1,,,,
MNQ SEP25,1s,1,5294,2025-09-12 10:48:14,24091.25,24091.25,24090.75,24091,22,0.5,0.25,0,0.25,-1,,,,
MNQ SEP25,1s,1,5295,2025-09-12 10:48:15,24091.5,24092,24091.25,24091.75,22,0.75,0.25,0.25,0.25,1,,,,
MNQ SEP25,1s,1,5296,2025-09-12 10:48:16,24092.25,24092.75,24092,24092.5,26,0.75,0.25,0.25,0.25,1,,,,
MNQ SEP25,1s,1,5297,2025-09-12 10:48:17,24092.25,24093.25,24092,24092.75,10,1.25,0.5,0.5,0.25,1,,,,
MNQ SEP25,1s,1,5298,2025-09-12 10:48:18,24092.75,24092.75,24091.75,24092.25,63,1,0.5,0,0.5,-1,,,,
MNQ SEP25,1s,1,5299,2025-09-12 10:48:19,24092.25,24093.25,24092,24093,104,1.25,0.75,0.25,0.25,1,,,,
MNQ SEP25,1s,1,5300,2025-09-12 10:48:20,24092.75,24093.25,24092,24092.25,37,1.25,0.5,0.5,0.25,-1,,,,
MNQ SEP25,10s,10,5929,2025-09-12 10:48:20,24090.75,24093.25,24090.5,24092.25,391,2.75,1.5,1,0.25,1,0.9,22.15,-8.01666667,-47.85
MNQ SEP25,20s,20,5964,2025-09-12 10:48:20,24091.25,24093.25,24090.25,24092.25,735,3,1,1,1,1,442.6,59.45,8.85,39.77
MNQ SEP25,1s,1,5301,2025-09-12 10:48:21,24092.5,24092.5,24091.75,24092,13,0.75,0.5,0,0.25,-1,,,,
MNQ SEP25,1s,1,5302,2025-09-12 10:48:22,24091.75,24091.75,24090.5,24090.75,79,1.25,1,0,0.25,-1,,,,
MNQ SEP25,1s,1,5303,2025-09-12 10:48:23,24091,24091,24090.75,24091,13,0.25,0,0,0.25,0,,,,
MNQ SEP25,1s,1,5304,2025-09-12 10:48:24,24091,24092,24091,24092,25,1,1,0,0,1,,,,
MNQ SEP25,1s,1,5305,2025-09-12 10:48:25,24091.75,24092.25,24090.75,24091,28,1.5,0.75,0.5,0.25,-1,,,,
MNQ SEP25,1s,1,5306,2025-09-12 10:48:26,24091,24091,24090.5,24090.5,12,0.5,0.5,0,0,-1,,,,
MNQ SEP25,1s,1,5307,2025-09-12 10:48:27,24090.5,24091,24090.25,24090.5,55,0.75,0,0.5,0.25,0,,,,
MNQ SEP25,1s,1,5308,2025-09-12 10:48:28,24091.25,24091.75,24091,24091.75,42,0.75,0.5,0,0.25,1,,,,
MNQ SEP25,1s,1,5309,2025-09-12 10:48:29,24091.25,24091.5,24091.25,24091.5,10,0.25,0.25,0,0,1,,,,
MNQ SEP25,1s,1,5310,2025-09-12 10:48:30,24091.5,24091.5,24090.5,24090.75,15,1,0.75,0,0.25,-1,,,,
MNQ SEP25,10s,10,5930,2025-09-12 10:48:30,24092.5,24092.5,24090.25,24090.75,292,2.25,1.75,0,0.5,-1,15.9,15,11.98333333,-10.76
MNQ SEP25,1s,1,5311,2025-09-12 10:48:31,24091,24091,24090.75,24090.75,2,0.25,0.25,0,0,-1,,,,
MNQ SEP25,1s,1,5312,2025-09-12 10:48:32,24091.25,24091.75,24091.25,24091.25,13,0.5,0,0.5,0,0,,,,
MNQ SEP25,1s,1,5313,2025-09-12 10:48:33,24091.5,24091.5,24090.75,24090.75,20,0.75,0.75,0,0,-1,,,,
MNQ SEP25,1s,1,5314,2025-09-12 10:48:34,24091,24091.25,24090.75,24091,44,0.5,0,0.25,0.25,0,,,,
MNQ SEP25,1s,1,5315,2025-09-12 10:48:35,24091.25,24091.25,24091,24091,10,0.25,0.25,0,0,-1,,,,
MNQ SEP25,1s,1,5316,2025-09-12 10:48:36,24091,24091.5,24090.75,24091.5,17,0.75,0.5,0,0.25,1,,,,
MNQ SEP25,1s,1,5317,2025-09-12 10:48:37,24091.5,24091.75,24091.25,24091.5,21,0.5,0,0.25,0.25,0,,,,
MNQ SEP25,1s,1,5318,2025-09-12 10:48:38,24091.75,24091.75,24091.5,24091.75,12,0.25,0,0,0.25,0,,,,
MNQ SEP25,1s,1,5319,2025-09-12 10:48:39,24091.5,24092,24091.5,24091.5,14,0.5,0,0.5,0,0,,,,
MNQ SEP25,1s,1,5320,2025-09-12 10:48:40,24091.5,24091.5,24091,24091.25,7,0.5,0.25,0,0.25,-1,,,,
MNQ SEP25,10s,10,5931,2025-09-12 10:48:40,24091,24092,24090.75,24091.25,160,1.25,0.25,0.75,0.25,1,-125.15,-141.05,-34.63333333,-30.02
MNQ SEP25,20s,20,5965,2025-09-12 10:48:40,24092.5,24092.5,24090.25,24091.25,452,2.25,1.25,0,1,-1,114.45,-328.15,-45.18333333,-55.3
MNQ SEP25,1s,1,5321,2025-09-12 10:48:41,24091.25,24091.5,24091,24091,7,0.5,0.25,0.25,0,-1,,,,
MNQ SEP25,1s,1,5322,2025-09-12 10:48:42,24090.75,24090.75,24090.5,24090.5,15,0.25,0.25,0,0,-1,,,,
MNQ SEP25,1s,1,5323,2025-09-12 10:48:43,24090.75,24091,24090.25,24090.5,10,0.75,0.25,0.25,0.25,-1,,,,
MNQ SEP25,1s,1,5324,2025-09-12 10:48:44,24090.75,24090.75,24089.25,24089.5,99,1.5,1.25,0,0.25,-1,,,,
MNQ SEP25,1s,1,5325,2025-09-12 10:48:45,24089.25,24089.25,24088.75,24089,84,0.5,0.25,0,0.25,-1,,,,
MNQ SEP25,1s,1,5326,2025-09-12 10:48:46,24089,24089.5,24088.75,24089,21,0.75,0,0.5,0.25,0,,,,
MNQ SEP25,1s,1,5327,2025-09-12 10:48:47,24089.25,24089.25,24088.5,24088.75,31,0.75,0.5,0,0.25,-1,,,,
MNQ SEP25,1s,1,5328,2025-09-12 10:48:48,24088.5,24089.25,24088.5,24089.25,32,0.75,0.75,0,0,1,,,,
MNQ SEP25,1s,1,5329,2025-09-12 10:48:49,24089,24089.75,24089,24089.5,14,0.75,0.5,0.25,0,1,,,,
MNQ SEP25,1s,1,5330,2025-09-12 10:48:50,24089.25,24089.75,24089.25,24089.75,25,0.5,0.5,0,0,1,,,,
MNQ SEP25,10s,10,5932,2025-09-12 10:48:50,24091.25,24091.5,24088.5,24089.75,338,3,1.5,0.25,1.25,-1,-165.75,-40.6,-55.55,-29.14
MNQ SEP25,1s,1,5331,2025-09-12 10:48:51,24089.5,24090.5,24089.25,24090.5,29,1.25,1,0,0.25,1,,,,
MNQ SEP25,1s,1,5332,2025-09-12 10:48:52,24090.75,24090.75,24090.25,24090.25,14,0.5,0.5,0,0,-1,,,,
MNQ SEP25,1s,1,5333,2025-09-12 10:48:53,24090,24090.75,24090,24090.25,8,0.75,0.25,0.5,0,1,,,,
MNQ SEP25,1s,1,5334,2025-09-12 10:48:54,24091,24091.25,24090.5,24090.5,30,0.75,0.5,0.25,0,-1,,,,
MNQ SEP25,1s,1,5335,2025-09-12 10:48:55,24090.5,24090.75,24090,24090,12,0.75,0.5,0.25,0,-1,,,,
MNQ SEP25,1s,1,5336,2025-09-12 10:48:56,24090,24090.25,24089.75,24090,22,0.5,0,0.25,0.25,0,,,,
MNQ SEP25,1s,1,5337,2025-09-12 10:48:57,24090.25,24090.25,24089.75,24089.75,6,0.5,0.5,0,0,-1,,,,
MNQ SEP25,1s,1,5338,2025-09-12 10:48:58,24089.75,24090,24089.5,24089.5,17,0.5,0.25,0.25,0,-1,,,,
MNQ SEP25,1s,1,5339,2025-09-12 10:48:59,24089.75,24090.5,24089.75,24090,20,0.75,0.25,0.5,0,1,,,,
MNQ SEP25,1s,1,5340,2025-09-12 10:49:00,24090.5,24091,24090.5,24090.75,16,0.5,0.25,0.25,0,1,,,,
MNQ SEP25,10s,10,5933,2025-09-12 10:49:00,24089.5,24091.25,24089.25,24090.75,174,2,1.25,0.5,0.25,1,-187.7,-21.95,-67.86666667,-33.29
MNQ SEP25,20s,20,5966,2025-09-12 10:49:00,24091.25,24091.5,24088.5,24090.75,512,3,0.5,0.25,2.25,-1,24.15,-90.3,-119.66666667,-78.38
MNQ SEP25,1s,1,5341,2025-09-12 10:49:01,24090.5,24091,24090.5,24091,6,0.5,0.5,0,0,1,,,,
MNQ SEP25,1s,1,5342,2025-09-12 10:49:02,24091,24091.5,24090.75,24091,11,0.75,0,0.5,0.25,0,,,,
MNQ SEP25,1s,1,5343,2025-09-12 10:49:03,24091.5,24091.5,24090.75,24091,14,0.75,0.5,0,0.25,-1,,,,
MNQ SEP25,1s,1,5344,2025-09-12 10:49:04,24090.5,24091,24090.5,24091,6,0.5,0.5,0,0,1,,,,
MNQ SEP25,1s,1,5345,2025-09-12 10:49:05,24090.75,24091.5,24090.75,24091,16,0.75,0.25,0.5,0,1,,,,
MNQ SEP25,1s,1,5346,2025-09-12 10:49:06,24091,24091.25,24090.75,24091.25,18,0.5,0.25,0,0.25,1,,,,
MNQ SEP25,1s,1,5347,2025-09-12 10:49:08,24091,24092,24091,24092,38,1,1,0,0,1,,,,
MNQ SEP25,1s,1,5348,2025-09-12 10:49:09,24092,24092.5,24091.5,24091.75,21,1,0.25,0.5,0.25,-1,,,,
MNQ SEP25,1s,1,5349,2025-09-12 10:49:10,24091.5,24092.25,24091.5,24092,10,0.75,0.5,0.25,0,1,,,,
MNQ SEP25,10s,10,5934,2025-09-12 10:49:10,24090.5,24092.5,24090.5,24092,140,2,1.5,0.5,0,1,-187.3,0.4,-20.71666667,-37.64
MNQ SEP25,1s,1,5350,2025-09-12 10:49:11,24092,24092.25,24091.5,24091.5,20,0.75,0.5,0.25,0,-1,,,,
MNQ SEP25,1s,1,5351,2025-09-12 10:49:12,24091.75,24091.75,24091.75,24091.75,3,0,0,0,0,0,,,,
MNQ SEP25,1s,1,5352,2025-09-12 10:49:13,24091.75,24091.75,24091.25,24091.5,10,0.5,0.25,0,0.25,-1,,,,
MNQ SEP25,1s,1,5353,2025-09-12 10:49:14,24091.5,24091.5,24091.5,24091.5,8,0,0,0,0,0,,,,
MNQ SEP25,1s,1,5354,2025-09-12 10:49:15,24091.25,24091.25,24089.75,24089.75,12,1.5,1.5,0,0,-1,,,,
MNQ SEP25,1s,1,5355,2025-09-12 10:49:16,24089.75,24090,24089,24090,39,1,0.25,0,0.75,1,,,,
MNQ SEP25,1s,1,5356,2025-09-12 10:49:17,24089.75,24090,24089.75,24089.75,5,0.25,0,0.25,0,0,,,,
MNQ SEP25,1s,1,5357,2025-09-12 10:49:18,24089.75,24090.25,24089.75,24090.25,7,0.5,0.5,0,0,1,,,,
MNQ SEP25,1s,1,5358,2025-09-12 10:49:19,24090,24090.75,24090,24090.5,26,0.75,0.5,0.25,0,1,,,,
MNQ SEP25,1s,1,5359,2025-09-12 10:49:20,24090.75,24090.75,24090,24090.5,19,0.75,0.25,0,0.5,-1,,,,
MNQ SEP25,10s,10,5935,2025-09-12 10:49:20,24092,24092.25,24089,24090.5,149,3.25,1.5,0.25,1.5,-1,-205.25,-17.95,-13.16666667,-44.23
MNQ SEP25,20s,20,5967,2025-09-12 10:49:20,24090.5,24092.5,24089,24090.5,289,3.5,0,2,1.5,0,-23.65,-47.8,-155.41666667,-54.73
MNQ SEP25,1s,1,5360,2025-09-12 10:49:21,24090.75,24091.5,24090.5,24091.5,22,1,0.75,0,0.25,1,,,,
MNQ SEP25,1s,1,5361,2025-09-12 10:49:22,24091.5,24092.25,24091.25,24092,20,1,0.5,0.25,0.25,1,,,,
MNQ SEP25,1s,1,5362,2025-09-12 10:49:23,24092.25,24092.75,24092,24092.5,26,0.75,0.25,0.25,0.25,1,,,,
MNQ SEP25,1s,1,5363,2025-09-12 10:49:24,24092.5,24092.5,24092.25,24092.25,11,0.25,0.25,0,0,-1,,,,
MNQ SEP25,1s,1,5364,2025-09-12 10:49:25,24092.25,24092.75,24092.25,24092.5,14,0.5,0.25,0.25,0,1,,,,
MNQ SEP25,1s,1,5365,2025-09-12 10:49:26,24092.5,24092.5,24092.25,24092.25,7,0.25,0.25,0,0,-1,,,,
MNQ SEP25,1s,1,5366,2025-09-12 10:49:27,24092.75,24093,24092.25,24092.75,13,0.75,0,0.25,0.5,0,,,,
MNQ SEP25,1s,1,5367,2025-09-12 10:49:28,24093,24093.25,24092.75,24093.25,23,0.5,0.25,0,0.25,1,,,,
MNQ SEP25,1s,1,5368,2025-09-12 10:49:29,24093.25,24094,24093.25,24094,63,0.75,0.75,0,0,1,,,,
MNQ SEP25,1s,1,5369,2025-09-12 10:49:30,24093.75,24094,24093.25,24093.5,53,0.75,0.25,0.25,0.25,-1,,,,
MNQ SEP25,10s,10,5936,2025-09-12 10:49:30,24090.75,24094,24090.5,24093.5,252,3.5,2.75,0.5,0.25,1,-182.25,23,1.81666667,-11.42
MNQ SEP25,1s,1,5370,2025-09-12 10:49:31,24093.75,24094.5,24093.75,24093.75,72,0.75,0,0.75,0,0,,,,
MNQ SEP25,1s,1,5371,2025-09-12 10:49:32,24093.5,24094,24092.75,24093.25,43,1.25,0.25,0.5,0.5,-1,,,,
MNQ SEP25,1s,1,5372,2025-09-12 10:49:33,24092.75,24094,24092.75,24094,18,1.25,1.25,0,0,1,,,,
MNQ SEP25,1s,1,5373,2025-09-12 10:49:34,24093.5,24094,24093.25,24093.5,21,0.75,0,0.5,0.25,0,,,,
MNQ SEP25,1s,1,5374,2025-09-12 10:49:35,24094,24094,24093,24093,23,1,1,0,0,-1,,,,
MNQ SEP25,1s,1,5375,2025-09-12 10:49:36,24093.25,24093.25,24093.25,24093.25,2,0,0,0,0,0,,,,
MNQ SEP25,1s,1,5376,2025-09-12 10:49:37,24093.5,24093.5,24093.25,24093.5,12,0.25,0,0,0.25,0,,,,
MNQ SEP25,1s,1,5377,2025-09-12 10:49:38,24093.25,24094,24093.25,24094,14,0.75,0.75,0,0,1,,,,
MNQ SEP25,1s,1,5378,2025-09-12 10:49:39,24094.25,24094.5,24094,24094.5,40,0.5,0.25,0,0.25,1,,,,
MNQ SEP25,1s,1,5379,2025-09-12 10:49:40,24094,24094.5,24094,24094.5,18,0.5,0.5,0,0,1,,,,
MNQ SEP25,10s,10,5937,2025-09-12 10:49:40,24093.75,24094.5,24092.75,24094.5,263,1.75,0.75,0,1,1,-195.65,-13.4,-2.78333333,-5.98
MNQ SEP25,20s,20,5968,2025-09-12 10:49:40,24090.75,24094.5,24090.5,24094.5,515,4,3.75,0,0.25,1,-182.9,-159.25,-99.11666667,-113.21
MNQ SEP25,1s,1,5380,2025-09-12 10:49:41,24094.75,24095,24094.5,24094.75,64,0.5,0,0.25,0.25,0,,,,
MNQ SEP25,1s,1,5381,2025-09-12 10:49:42,24094.75,24095.25,24094.5,24094.75,107,0.75,0,0.5,0.25,0,,,,
MNQ SEP25,1s,1,5382,2025-09-12 10:49:43,24095.25,24095.25,24094.5,24095.25,95,0.75,0,0,0.75,0,,,,
MNQ SEP25,1s,1,5383,2025-09-12 10:49:44,24095,24095,24094.25,24094.5,50,0.75,0.5,0,0.25,-1,,,,
MNQ SEP25,1s,1,5384,2025-09-12 10:49:45,24094.5,24094.5,24093.75,24093.75,26,0.75,0.75,0,0,-1,,,,
MNQ SEP25,1s,1,5385,2025-09-12 10:49:46,24094,24094.5,24093.5,24094,41,1,0,0.5,0.5,0,,,,
MNQ SEP25,1s,1,5386,2025-09-12 10:49:47,24094,24094,24093.25,24093.75,13,0.75,0.25,0,0.5,-1,,,,
MNQ SEP25,1s,1,5387,2025-09-12 10:49:48,24093.5,24093.75,24093,24093.5,13,0.75,0,0.25,0.5,0,,,,
MNQ SEP25,1s,1,5388,2025-09-12 10:49:49,24093.25,24093.75,24093.25,24093.25,20,0.5,0,0.5,0,0,,,,
MNQ SEP25,1s,1,5389,2025-09-12 10:49:50,24093.75,24094.5,24093.75,24094,31,0.75,0.25,0.5,0,1,,,,
MNQ SEP25,10s,10,5938,2025-09-12 10:49:50,24094.75,24095.25,24093,24094,460,2.25,0.75,0.5,1,-1,-154.6,41.05,16.88333333,6.62
MNQ SEP25,1s,1,5390,2025-09-12 10:49:51,24094,24094.75,24094,24094.5,16,0.75,0.5,0.25,0,1,,,,
MNQ SEP25,1s,1,5391,2025-09-12 10:49:52,24094.5,24094.75,24093.75,24094,82,1,0.5,0.25,0.25,-1,,,,
MNQ SEP25,1s,1,5392,2025-09-12 10:49:53,24094,24095.25,24093.75,24095.25,76,1.5,1.25,0,0.25,1,,,,
MNQ SEP25,1s,1,5393,2025-09-12 10:49:54,24095.25,24096.5,24094.5,24094.75,315,2,0.5,1.25,0.25,-1,,,,
MNQ SEP25,1s,1,5394,2025-09-12 10:49:55,24095,24095.75,24094.5,24095.25,147,1.25,0.25,0.5,0.5,1,,,,
MNQ SEP25,1s,1,5395,2025-09-12 10:49:56,24095,24095.5,24094.5,24095.5,88,1,0.5,0,0.5,1,,,,
MNQ SEP25,1s,1,5396,2025-09-12 10:49:57,24095.25,24095.75,24095,24095.5,60,0.75,0.25,0.25,0.25,1,,,,
MNQ SEP25,1s,1,5397,2025-09-12 10:49:58,24095.5,24096,24095.25,24095.5,30,0.75,0,0.5,0.25,0,,,,
MNQ SEP25,1s,1,5398,2025-09-12 10:49:59,24095.25,24095.5,24094.5,24095,60,1,0.25,0.25,0.5,-1,,,,
MNQ SEP25,1s,1,5399,2025-09-12 10:50:00,24095,24095.5,24095,24095,34,0.5,0,0.5,0,0,,,,
MNQ SEP25,10s,10,5939,2025-09-12 10:50:00,24094,24096.5,24093.75,24095,908,2.75,1,1.5,0.25,1,-35.45,119.15,48.93333333,30.37
MNQ SEP25,20s,20,5969,2025-09-12 10:50:00,24094.75,24096.5,24093,24095,1368,3.5,0.25,1.5,1.75,1,-97.35,85.55,-40.5,-107.99
MNQ SEP25,1s,1,5400,2025-09-12 10:50:01,24094.75,24095.25,24094.5,24095,100,0.75,0.25,0.25,0.25,1,,,,
MNQ SEP25,1s,1,5401,2025-09-12 10:50:02,24095,24096,24095,24095.25,79,1,0.25,0.75,0,1,,,,
MNQ SEP25,1s,1,5402,2025-09-12 10:50:03,24095.25,24095.5,24095,24095,196,0.5,0.25,0.25,0,-1,,,,
MNQ SEP25,1s,1,5403,2025-09-12 10:50:04,24095,24095,24094,24094.5,98,1,0.5,0,0.5,-1,,,,
MNQ SEP25,1s,1,5404,2025-09-12 10:50:05,24094.25,24095,24093.75,24093.75,61,1.25,0.5,0.75,0,-1,,,,
MNQ SEP25,1s,1,5405,2025-09-12 10:50:06,24093.75,24094,24093.5,24094,31,0.5,0.25,0,0.25,1,,,,
MNQ SEP25,1s,1,5406,2025-09-12 10:50:07,24094.25,24094.5,24093.75,24094.5,40,0.75,0.25,0,0.5,1,,,,
MNQ SEP25,1s,1,5407,2025-09-12 10:50:08,24094.5,24095.75,24094.5,24095.75,41,1.25,1.25,0,0,1,,,,
MNQ SEP25,1s,1,5408,2025-09-12 10:50:09,24095.5,24095.75,24095.25,24095.5,17,0.5,0,0.25,0.25,0,,,,
MNQ SEP25,1s,1,5409,2025-09-12 10:50:10,24095.25,24095.25,24094.5,24094.5,35,0.75,0.75,0,0,-1,,,,
MNQ SEP25,10s,10,5940,2025-09-12 10:50:10,24094.75,24096,24093.5,24094.5,698,2.5,0.25,1.25,1,-1,96.25,131.7,97.3,60.3
MNQ SEP25,1s,1,5410,2025-09-12 10:50:11,24094.25,24094.5,24093.75,24093.75,8,0.75,0.5,0.25,0,-1,,,,
MNQ SEP25,1s,1,5411,2025-09-12 10:50:12,24094.25,24095.25,24094,24095,271,1.25,0.75,0.25,0.25,1,,,,
MNQ SEP25,1s,1,5412,2025-09-12 10:50:13,24095.5,24096.5,24095,24096.25,41,1.5,0.75,0.25,0.5,1,,,,
MNQ SEP25,1s,1,5413,2025-09-12 10:50:14,24096,24096.5,24096,24096,21,0.5,0,0.5,0,0,,,,
MNQ SEP25,1s,1,5414,2025-09-12 10:50:15,24096,24096.5,24095,24095.25,132,1.5,0.75,0.5,0.25,-1,,,,
MNQ SEP25,1s,1,5415,2025-09-12 10:50:16,24095,24095.25,24094.75,24094.75,34,0.5,0.25,0.25,0,-1,,,,
MNQ SEP25,1s,1,5416,2025-09-12 10:50:17,24094.75,24095.75,24094.75,24095.5,41,1,0.75,0.25,0,1,,,,
MNQ SEP25,1s,1,5417,2025-09-12 10:50:18,24095.25,24095.75,24095.25,24095.75,22,0.5,0.5,0,0,1,,,,
MNQ SEP25,1s,1,5418,2025-09-12 10:50:19,24096,24096,24095.5,24095.5,28,0.5,0.5,0,0,-1,,,,
MNQ SEP25,1s,1,5419,2025-09-12 10:50:20,24095.5,24095.5,24094.5,24095,42,1,0.5,0,0.5,-1,,,,
MNQ SEP25,10s,10,5941,2025-09-12 10:50:20,24094.25,24096.5,24093.75,24095,640,2.75,0.75,1.5,0.5,1,187.7,91.45,114.1,73.99
MNQ SEP25,20s,20,5970,2025-09-12 10:50:20,24094.75,24096.5,24093.5,24095,1338,3,0.25,1.5,1.25,1,32,129.35,18.55,-16.49
MNQ SEP25,1s,1,5420,2025-09-12 10:50:21,24094.75,24095,24094.5,24095,32,0.5,0.25,0,0.25,1,,,,
MNQ SEP25,1s,1,5421,2025-09-12 10:50:22,24094.75,24095.25,24094.5,24094.5,10,0.75,0.25,0.5,0,-1,,,,
MNQ SEP25,1s,1,5422,2025-09-12 10:50:23,24095,24095,24094.75,24094.75,15,0.25,0.25,0,0,-1,,,,
MNQ SEP25,1s,1,5423,2025-09-12 10:50:24,24095.25,24095.25,24094.75,24094.75,13,0.5,0.5,0,0,-1,,,,
MNQ SEP25,1s,1,5424,2025-09-12 10:50:25,24095.25,24095.5,24095,24095,21,0.5,0.25,0.25,0,-1,,,,
MNQ SEP25,1s,1,5425,2025-09-12 10:50:26,24095,24095.5,24094.5,24095,21,1,0,0.5,0.5,0,,,,
MNQ SEP25,1s,1,5426,2025-09-12 10:50:27,24095,24095,24094.5,24094.5,13,0.5,0.5,0,0,-1,,,,
MNQ SEP25,1s,1,5427,2025-09-12 10:50:28,24094.75,24095,24094.25,24094.25,22,0.75,0.5,0.25,0,-1,,,,
MNQ SEP25,1s,1,5428,2025-09-12 10:50:29,24094.25,24094.5,24094.25,24094.25,20,0.25,0,0.25,0,0,,,,
MNQ SEP25,1s,1,5429,2025-09-12 10:50:30,24094,24094.25,24093.25,24093.75,52,1,0.25,0.25,0.5,-1,,,,
MNQ SEP25,10s,10,5942,2025-09-12 10:50:30,24094.75,24095.5,24093.25,24093.75,219,2.25,1,0.75,0.5,-1,200.65,12.95,78.7,79.26
MNQ SEP25,1s,1,5430,2025-09-12 10:50:31,24093.75,24095,24093.75,24094.75,67,1.25,1,0.25,0,1,,,,
MNQ SEP25,1s,1,5431,2025-09-12 10:50:32,24094.75,24094.75,24093.75,24094,26,1,0.75,0,0.25,-1,,,,
MNQ SEP25,1s,1,5432,2025-09-12 10:50:33,24094,24094.75,24094,24094.25,11,0.75,0.25,0.5,0,1,,,,
MNQ SEP25,1s,1,5433,2025-09-12 10:50:34,24094.25,24094.75,24094.25,24094.75,9,0.5,0.5,0,0,1,,,,
MNQ SEP25,1s,1,5434,2025-09-12 10:50:35,24094.5,24094.5,24094,24094,2,0.5,0.5,0,0,-1,,,,
MNQ SEP25,1s,1,5435,2025-09-12 10:50:36,24094.5,24095.25,24094.5,24094.75,27,0.75,0.25,0.5,0,1,,,,
MNQ SEP25,1s,1,5436,2025-09-12 10:50:37,24094.75,24095.25,24094.75,24094.75,13,0.5,0,0.5,0,0,,,,
MNQ SEP25,1s,1,5437,2025-09-12 10:50:38,24094.5,24095,24094.5,24094.75,5,0.5,0.25,0.25,0,1,,,,
MNQ SEP25,1s,1,5438,2025-09-12 10:50:39,24094.75,24094.75,24093.75,24093.75,15,1,1,0,0,-1,,,,
MNQ SEP25,1s,1,5439,2025-09-12 10:50:40,24093.75,24094.25,24093.75,24094.25,17,0.5,0.5,0,0,1,,,,
MNQ SEP25,10s,10,5943,2025-09-12 10:50:40,24093.75,24095.25,24093.75,24094.25,192,1.5,0.5,1,0,1,151.75,-48.9,18.5,61.27
MNQ SEP25,20s,20,5971,2025-09-12 10:50:40,24094.75,24095.5,24093.25,24094.25,411,2.25,0.5,0.75,1,-1,3.85,-28.15,62.25,-4.06
MNQ SEP25,1s,1,5440,2025-09-12 10:50:41,24094.25,24094.5,24094.25,24094.25,13,0.25,0,0.25,0,0,,,,
MNQ SEP25,1s,1,5441,2025-09-12 10:50:42,24094,24094,24093.75,24093.75,22,0.25,0.25,0,0,-1,,,,
MNQ SEP25,1s,1,5442,2025-09-12 10:50:43,24093.75,24094.25,24093.75,24094.25,5,0.5,0.5,0,0,1,,,,
MNQ SEP25,1s,1,5443,2025-09-12 10:50:44,24094.5,24094.5,24094.25,24094.5,11,0.25,0,0,0.25,0,,,,
MNQ SEP25,1s,1,5444,2025-09-12 10:50:45,24094.75,24096,24094.75,24096,43,1.25,1.25,0,0,1,,,,
MNQ SEP25,1s,1,5445,2025-09-12 10:50:46,24095.5,24095.75,24095.25,24095.5,14,0.5,0,0.25,0.25,0,,,,
MNQ SEP25,1s,1,5446,2025-09-12 10:50:47,24095.5,24096,24095.25,24095.75,13,0.75,0.25,0.25,0.25,1,,,,
MNQ SEP25,1s,1,5447,2025-09-12 10:50:48,24096,24096,24095.25,24095.25,7,0.75,0.75,0,0,-1,,,,
MNQ SEP25,1s,1,5448,2025-09-12 10:50:49,24095.75,24095.75,24095,24095.5,21,0.75,0.25,0,0.5,-1,,,,
MNQ SEP25,1s,1,5449,2025-09-12 10:50:50,24095.25,24095.5,24094.5,24094.75,26,1,0.5,0.25,0.25,-1,,,,
MNQ SEP25,10s,10,5944,2025-09-12 10:50:50,24094.25,24096,24093.75,24094.75,175,2.25,0.5,1.25,0.5,1,7,-144.75,-60.23333333,8.49
MNQ SEP25,1s,1,5450,2025-09-12 10:50:51,24094.75,24095.5,24094.5,24095,10,1,0.25,0.5,0.25,1,,,,
MNQ SEP25,1s,1,5451,2025-09-12 10:50:52,24095.75,24095.75,24095.5,24095.75,14,0.25,0,0,0.25,0,,,,
MNQ SEP25,1s,1,5452,2025-09-12 10:50:53,24096,24096.25,24095.5,24096,29,0.75,0,0.25,0.5,0,,,,
MNQ SEP25,1s,1,5453,2025-09-12 10:50:54,24096,24096.5,24096,24096.25,15,0.5,0.25,0.25,0,1,,,,
MNQ SEP25,1s,1,5454,2025-09-12 10:50:55,24096.5,24098,24096.5,24097.75,217,1.5,1.25,0.25,0,1,,,,
MNQ SEP25,1s,1,5455,2025-09-12 10:50:56,24097.5,24097.5,24096.25,24096.75,142,1.25,0.75,0,0.5,-1,,,,
MNQ SEP25,1s,1,5456,2025-09-12 10:50:57,24096.5,24096.75,24096,24096.5,45,0.75,0,0.25,0.5,0,,,,
MNQ SEP25,1s,1,5457,2025-09-12 10:50:58,24096.5,24096.75,24096.25,24096.25,21,0.5,0.25,0.25,0,-1,,,,
MNQ SEP25,1s,1,5458,2025-09-12 10:50:59,24096.5,24097,24096,24097,32,1,0.5,0,0.5,1,,,,
MNQ SEP25,1s,1,5459,2025-09-12 10:51:00,24097,24097.25,24096.5,24096.75,15,0.75,0.25,0.25,0.25,-1,,,,
MNQ SEP25,10s,10,5945,2025-09-12 10:51:00,24094.75,24098,24094.5,24096.75,540,3.5,2,1.25,0.25,1,-34.7,-41.7,-78.45,-26.19
MNQ SEP25,20s,20,5972,2025-09-12 10:51:00,24094.25,24098,24093.75,24096.75,715,4.25,2.5,1.25,0.5,1,69.8,65.95,55.71666667,18.69
MNQ SEP25,1s,1,5460,2025-09-12 10:51:01,24096.75,24096.75,24096,24096,57,0.75,0.75,0,0,-1,,,,
MNQ SEP25,1s,1,5461,2025-09-12 10:51:02,24096,24096.5,24095.75,24096.25,26,0.75,0.25,0.25,0.25,1,,,,
MNQ SEP25,1s,1,5462,2025-09-12 10:51:03,24096.25,24096.75,24096,24096.25,119,0.75,0,0.5,0.25,0,,,,
MNQ SEP25,1s,1,5463,2025-09-12 10:51:04,24097,24097,24096.75,24096.75,6,0.25,0.25,0,0,-1,,,,
MNQ SEP25,1s,1,5464,2025-09-12 10:51:05,24096.5,24098,24096.5,24097.5,44,1.5,1,0.5,0,1,,,,
MNQ SEP25,1s,1,5465,2025-09-12 10:51:06,24097.75,24098,24097.25,24097.75,34,0.75,0,0.25,0.5,0,,,,
MNQ SEP25,1s,1,5466,2025-09-12 10:51:07,24097.75,24098,24097.25,24097.5,41,0.75,0.25,0.25,0.25,-1,,,,
MNQ SEP25,1s,1,5467,2025-09-12 10:51:08,24097.75,24098.5,24097.5,24098,95,1,0.25,0.5,0.25,1,,,,
MNQ SEP25,1s,1,5468,2025-09-12 10:51:09,24098.5,24098.5,24097.5,24097.75,47,1,0.75,0,0.25,-1,,,,
MNQ SEP25,1s,1,5469,2025-09-12 10:51:10,24097.5,24097.5,24097,24097.5,63,0.5,0,0,0.5,0,,,,
MNQ SEP25,10s,10,5946,2025-09-12 10:51:10,24096.75,24098.5,24095.75,24097.5,532,2.75,0.75,1,1,1,-38.85,-4.15,-63.53333333,-45.31
MNQ SEP25,1s,1,5470,2025-09-12 10:51:11,24097,24097.25,24096.75,24097.25,20,0.5,0.25,0,0.25,1,,,,
MNQ SEP25,1s,1,5471,2025-09-12 10:51:12,24097.5,24097.75,24097,24097,38,0.75,0.5,0.25,0,-1,,,,
MNQ SEP25,1s,1,5472,2025-09-12 10:51:13,24097.25,24098.75,24097.25,24098.75,117,1.5,1.5,0,0,1,,,,
MNQ SEP25,1s,1,5473,2025-09-12 10:51:14,24098.75,24098.75,24098,24098.5,43,0.75,0.25,0,0.5,-1,,,,
MNQ SEP25,1s,1,5474,2025-09-12 10:51:15,24098.5,24098.5,24097,24097,105,1.5,1.5,0,0,-1,,,,
MNQ SEP25,1s,1,5475,2025-09-12 10:51:16,24096.75,24098,24096.75,24097.5,31,1.25,0.75,0.5,0,1,,,,
MNQ SEP25,1s,1,5476,2025-09-12 10:51:17,24097.5,24097.5,24096.75,24096.75,24,0.75,0.75,0,0,-1,,,,
MNQ SEP25,1s,1,5477,2025-09-12 10:51:18,24096.75,24096.75,24096.25,24096.25,68,0.5,0.5,0,0,-1,,,,
MNQ SEP25,1s,1,5478,2025-09-12 10:51:19,24096,24096.5,24095.75,24095.75,21,0.75,0.25,0.5,0,-1,,,,
MNQ SEP25,1s,1,5479,2025-09-12 10:51:20,24095.5,24095.5,24095,24095.5,63,0.5,0,0,0.5,0,,,,
MNQ SEP25,10s,10,5947,2025-09-12 10:51:20,24097,24098.75,24095,24095.5,530,3.75,1.5,1.75,0.5,-1,23.95,62.8,5.65,-35.34
MNQ SEP25,20s,20,5973,2025-09-12 10:51:20,24096.75,24098.75,24095,24095.5,1062,3.75,1.25,2,0.5,-1,137.1,67.3,35.03333333,64
MNQ SEP25,1s,1,5480,2025-09-12 10:51:21,24095.75,24096.25,24095,24095.5,84,1.25,0.25,0.5,0.5,-1,,,,
MNQ SEP25,1s,1,5481,2025-09-12 10:51:22,24095.5,24095.75,24095.25,24095.75,23,0.5,0.25,0,0.25,1,,,,
MNQ SEP25,1s,1,5482,2025-09-12 10:51:23,24095.5,24095.5,24092.5,24092.75,189,3,2.75,0,0.25,-1,,,,
MNQ SEP25,1s,1,5483,2025-09-12 10:51:24,24093,24093.5,24092.25,24092.5,79,1.25,0.5,0.5,0.25,-1,,,,
MNQ SEP25,1s,1,5484,2025-09-12 10:51:25,24092.5,24093,24091,24092,267,2,0.5,0.5,1,-1,,,,
MNQ SEP25,1s,1,5485,2025-09-12 10:51:26,24091.75,24092.5,24091.25,24092,138,1.25,0.25,0.5,0.5,1,,,,
MNQ SEP25,1s,1,5486,2025-09-12 10:51:27,24092,24093.5,24092,24093.5,32,1.5,1.5,0,0,1,,,,
MNQ SEP25,1s,1,5487,2025-09-12 10:51:28,24093.25,24094.5,24093.25,24094.25,25,1.25,1,0.25,0,1,,,,
MNQ SEP25,1s,1,5488,2025-09-12 10:51:29,24094.25,24094.25,24093.5,24093.5,12,0.75,0.75,0,0,-1,,,,
MNQ SEP25,1s,1,5489,2025-09-12 10:51:30,24093.5,24093.75,24093.25,24093.25,19,0.5,0.25,0.25,0,-1,,,,
MNQ SEP25,10s,10,5948,2025-09-12 10:51:30,24095.75,24096.25,24091,24093.25,868,5.25,2.5,0.5,2.25,-1,132.95,109,55.88333333,-3.76
MNQ SEP25,1s,1,5490,2025-09-12 10:51:31,24093.5,24093.5,24092.75,24093,46,0.75,0.5,0,0.25,-1,,,,
MNQ SEP25,1s,1,5491,2025-09-12 10:51:32,24093.25,24094,24093,24093.25,41,1,0,0.75,0.25,0,,,,
MNQ SEP25,1s,1,5492,2025-09-12 10:51:33,24093,24093.5,24092.5,24093.25,52,1,0.25,0.25,0.5,1,,,,
MNQ SEP25,1s,1,5493,2025-09-12 10:51:34,24093.25,24094.25,24093,24094.25,34,1.25,1,0,0.25,1,,,,
MNQ SEP25,1s,1,5494,2025-09-12 10:51:35,24094,24094.25,24093.75,24093.75,9,0.5,0.25,0.25,0,-1,,,,
MNQ SEP25,1s,1,5495,2025-09-12 10:51:36,24094.25,24094.5,24093.25,24093.25,31,1.25,1,0.25,0,-1,,,,
MNQ SEP25,1s,1,5496,2025-09-12 10:51:37,24093.5,24093.75,24092.75,24093,40,1,0.5,0.25,0.25,-1,,,,
MNQ SEP25,1s,1,5497,2025-09-12 10:51:38,24093,24093.75,24093,24093.25,12,0.75,0.25,0.5,0,1,,,,
MNQ SEP25,1s,1,5498,2025-09-12 10:51:39,24093.5,24093.5,24092.75,24093.5,19,0.75,0,0,0.75,0,,,,
MNQ SEP25,1s,1,5499,2025-09-12 10:51:40,24093.75,24093.75,24093.5,24093.75,6,0.25,0,0,0.25,0,,,,
MNQ SEP25,10s,10,5949,2025-09-12 10:51:40,24093.5,24094.5,24092.5,24093.75,290,2,0.25,0.75,1,1,161,28.05,66.61666667,30.8
MNQ SEP25,20s,20,5974,2025-09-12 10:51:40,24095.75,24096.25,24091,24093.75,1158,5.25,2,0.5,2.75,-1,47.5,-89.6,14.55,28.97
MNQ SEP25,1s,1,5500,2025-09-12 10:51:41,24093.75,24094,24093.5,24093.75,11,0.5,0,0.25,0.25,0,,,,
MNQ SEP25,1s,1,5501,2025-09-12 10:51:42,24093.5,24093.5,24092.75,24092.75,13,0.75,0.75,0,0,-1,,,,
MNQ SEP25,1s,1,5502,2025-09-12 10:51:43,24093,24093,24092.5,24092.75,38,0.5,0.25,0,0.25,-1,,,,
MNQ SEP25,1s,1,5503,2025-09-12 10:51:44,24093,24093.25,24091.75,24092.5,81,1.5,0.5,0.25,0.75,-1,,,,
MNQ SEP25,1s,1,5504,2025-09-12 10:51:45,24092.75,24092.75,24092,24092.25,24,0.75,0.5,0,0.25,-1,,,,
MNQ SEP25,1s,1,5505,2025-09-12 10:51:46,24092.75,24093.25,24092.75,24092.75,24,0.5,0,0.5,0,0,,,,
MNQ SEP25,1s,1,5506,2025-09-12 10:51:47,24093,24093.25,24092.5,24092.5,23,0.75,0.5,0.25,0,-1,,,,
MNQ SEP25,1s,1,5507,2025-09-12 10:51:48,24093,24093,24092.5,24092.75,13,0.5,0.25,0,0.25,-1,,,,
MNQ SEP25,1s,1,5508,2025-09-12 10:51:49,24093,24094,24093,24093.75,17,1,0.75,0.25,0,1,,,,
MNQ SEP25,1s,1,5509,2025-09-12 10:51:50,24093.5,24094,24093.5,24094,7,0.5,0.5,0,0,1,,,,
MNQ SEP25,10s,10,5950,2025-09-12 10:51:50,24093.75,24094,24091.75,24094,251,2.25,0.25,0,2,1,105.25,-55.75,27.1,27.99
MNQ SEP25,1s,1,5510,2025-09-12 10:51:51,24094,24094,24093.5,24094,8,0.5,0,0,0.5,0,,,,
MNQ SEP25,1s,1,5511,2025-09-12 10:51:52,24094.25,24094.75,24093.75,24094.25,26,1,0,0.5,0.5,0,,,,
MNQ SEP25,1s,1,5512,2025-09-12 10:51:53,24094.5,24095,24094.5,24094.75,23,0.5,0.25,0.25,0,1,,,,
MNQ SEP25,1s,1,5513,2025-09-12 10:51:54,24095,24095.5,24094.5,24095,106,1,0,0.5,0.5,0,,,,
MNQ SEP25,1s,1,5514,2025-09-12 10:51:55,24095.25,24096.25,24095.25,24096,41,1,0.75,0.25,0,1,,,,
MNQ SEP25,1s,1,5515,2025-09-12 10:51:56,24096,24096.75,24095.75,24096.75,36,1,0.75,0,0.25,1,,,,
MNQ SEP25,1s,1,5516,2025-09-12 10:51:57,24096.75,24096.75,24095.5,24096.25,32,1.25,0.5,0,0.75,-1,,,,
MNQ SEP25,1s,1,5517,2025-09-12 10:51:58,24096,24096.25,24095,24095.25,21,1.25,0.75,0.25,0.25,-1,,,,
MNQ SEP25,1s,1,5518,2025-09-12 10:51:59,24095.25,24095.25,24094.75,24094.75,20,0.5,0.5,0,0,-1,,,,
MNQ SEP25,1s,1,5519,2025-09-12 10:52:00,24094.75,24095,24094.5,24094.75,9,0.5,0,0.25,0.25,0,,,,
MNQ SEP25,10s,10,5951,2025-09-12 10:52:00,24094,24096.75,24093.5,24094.75,322,3.25,0.75,2,0.5,1,55.15,-50.1,-25.93333333,18.8
MNQ SEP25,20s,20,5975,2025-09-12 10:52:00,24093.75,24096.75,24091.75,24094.75,573,5,1,2,2,1,-84.2,-131.7,-51.33333333,-23.24
MNQ SEP25,1s,1,5520,2025-09-12 10:52:01,24094.5,24096.25,24094.5,24096.25,37,1.75,1.75,0,0,1,,,,
MNQ SEP25,1s,1,5521,2025-09-12 10:52:02,24096.25,24096.5,24096,24096.5,37,0.5,0.25,0,0.25,1,,,,
MNQ SEP25,1s,1,5522,2025-09-12 10:52:03,24096.75,24097.5,24096.75,24096.75,57,0.75,0,0.75,0,0,,,,
MNQ SEP25,1s,1,5523,2025-09-12 10:52:04,24097,24097.25,24096.5,24097,21,0.75,0,0.25,0.5,0,,,,
MNQ SEP25,1s,1,5524,2025-09-12 10:52:05,24097,24097,24096.25,24096.25,25,0.75,0.75,0,0,-1,,,,
MNQ SEP25,1s,1,5525,2025-09-12 10:52:06,24096.75,24097.25,24096.75,24096.75,24,0.5,0,0.5,0,0,,,,
MNQ SEP25,1s,1,5526,2025-09-12 10:52:07,24096.75,24097,24096.25,24097,10,0.75,0.25,0,0.5,1,,,,
MNQ SEP25,1s,1,5527,2025-09-12 10:52:08,24096.75,24097.75,24096.75,24097.75,45,1,1,0,0,1,,,,
MNQ SEP25,1s,1,5528,2025-09-12 10:52:09,24098,24098,24097.5,24098,17,0.5,0,0,0.5,0,,,,
MNQ SEP25,1s,1,5529,2025-09-12 10:52:10,24098,24098.25,24097.5,24098,44,0.75,0,0.25,0.5,0,,,,
MNQ SEP25,10s,10,5952,2025-09-12 10:52:10,24094.5,24098.25,24094.5,24098,317,3.75,3.5,0.25,0,1,13.6,-41.55,-49.13333333,-2.07
MNQ SEP25,1s,1,5530,2025-09-12 10:52:11,24097.75,24097.75,24096.5,24097,75,1.25,0.75,0,0.5,-1,,,,
MNQ SEP25,1s,1,5531,2025-09-12 10:52:12,24097.5,24098,24097.25,24097.75,16,0.75,0.25,0.25,0.25,1,,,,
MNQ SEP25,1s,1,5532,2025-09-12 10:52:13,24097.75,24097.75,24097,24097.25,36,0.75,0.5,0,0.25,-1,,,,
MNQ SEP25,1s,1,5533,2025-09-12 10:52:14,24097.25,24097.5,24097,24097.5,7,0.5,0.25,0,0.25,1,,,,
MNQ SEP25,1s,1,5534,2025-09-12 10:52:15,24098,24098,24097.5,24098,8,0.5,0,0,0.5,0,,,,
MNQ SEP25,1s,1,5535,2025-09-12 10:52:16,24098,24098.5,24098,24098.25,32,0.5,0.25,0.25,0,1,,,,
MNQ SEP25,1s,1,5536,2025-09-12 10:52:17,24098,24098.25,24097.75,24098,26,0.5,0,0.25,0.25,0,,,,
MNQ SEP25,1s,1,5537,2025-09-12 10:52:18,24098.25,24098.5,24097.5,24097.75,40,1,0.5,0.25,0.25,-1,,,,
MNQ SEP25,1s,1,5538,2025-09-12 10:52:19,24097.75,24098,24097,24097.25,31,1,0.5,0.25,0.25,-1,,,,
MNQ SEP25,1s,1,5539,2025-09-12 10:52:20,24097.25,24097.5,24096.75,24097.5,39,0.75,0.25,0,0.5,1,,,,
MNQ SEP25,10s,10,5953,2025-09-12 10:52:20,24097.75,24098.5,24096.5,24097.5,310,2,0.25,0.75,1,-1,-104.8,-118.4,-70.01666667,-47.55
MNQ SEP25,20s,20,5976,2025-09-12 10:52:20,24094.5,24098.5,24094.5,24097.5,627,4,3,1,0,1,-34.5,49.7,-57.2,-7.67
MNQ SEP25,1s,1,5540,2025-09-12 10:52:21,24097.5,24099.5,24097.5,24099.5,214,2,2,0,0,1,,,,
MNQ SEP25,1s,1,5541,2025-09-12 10:52:22,24099.75,24100.25,24099.5,24100,533,0.75,0.25,0.25,0.25,1,,,,
MNQ SEP25,1s,1,5542,2025-09-12 10:52:23,24099.75,24100.25,24099,24099,86,1.25,0.75,0.5,0,-1,,,,
MNQ SEP25,1s,1,5543,2025-09-12 10:52:24,24099.25,24099.5,24099,24099.25,51,0.5,0,0.25,0.25,0,,,,
MNQ SEP25,1s,1,5544,2025-09-12 10:52:25,24099.25,24100.25,24099.25,24100,69,1,0.75,0.25,0,1,,,,
MNQ SEP25,1s,1,5545,2025-09-12 10:52:26,24100.5,24101.5,24100.25,24100.5,208,1.25,0,1,0.25,0,,,,
MNQ SEP25,1s,1,5546,2025-09-12 10:52:27,24100.5,24101,24100.25,24100.25,74,0.75,0.25,0.5,0,-1,,,,
MNQ SEP25,1s,1,5547,2025-09-12 10:52:28,24100.5,24100.75,24099.5,24100,93,1.25,0.5,0.25,0.5,-1,,,,
MNQ SEP25,1s,1,5548,2025-09-12 10:52:29,24100,24100.25,24100,24100.25,42,0.25,0.25,0,0,1,,,,
MNQ SEP25,1s,1,5549,2025-09-12 10:52:30,24100,24100.5,24099.5,24099.75,78,1,0.25,0.5,0.25,-1,,,,
MNQ SEP25,10s,10,5954,2025-09-12 10:52:30,24097.5,24101.5,24097.5,24099.75,1448,4,2.25,1.75,0,1,61.4,166.2,2.08333333,-19.92
MNQ SEP25,1s,1,5550,2025-09-12 10:52:31,24100,24100.25,24099.25,24099.5,73,1,0.5,0.25,0.25,-1,,,,
MNQ SEP25,1s,1,5551,2025-09-12 10:52:32,24099.75,24100.25,24099.5,24100.25,16,0.75,0.5,0,0.25,1,,,,
MNQ SEP25,1s,1,5552,2025-09-12 10:52:33,24100.25,24100.5,24099.75,24099.75,29,0.75,0.5,0.25,0,-1,,,,
MNQ SEP25,1s,1,5553,2025-09-12 10:52:34,24100.25,24100.75,24100.25,24100.75,45,0.5,0.5,0,0,1,,,,
MNQ SEP25,1s,1,5554,2025-09-12 10:52:35,24100.75,24100.75,24099,24099.5,59,1.75,1.25,0,0.5,-1,,,,
MNQ SEP25,1s,1,5555,2025-09-12 10:52:36,24099.75,24100.75,24099.25,24099.75,247,1.5,0,1,0.5,0,,,,
MNQ SEP25,1s,1,5556,2025-09-12 10:52:37,24100,24100.25,24099.75,24100,27,0.5,0,0.25,0.25,0,,,,
MNQ SEP25,1s,1,5557,2025-09-12 10:52:38,24099.75,24099.75,24099.25,24099.25,13,0.5,0.5,0,0,-1,,,,
MNQ SEP25,1s,1,5558,2025-09-12 10:52:39,24099.5,24099.75,24099.25,24099.25,26,0.5,0.25,0.25,0,-1,,,,
MNQ SEP25,1s,1,5559,2025-09-12 10:52:40,24099.5,24100,24099.25,24099.75,23,0.75,0.25,0.25,0.25,1,,,,
MNQ SEP25,10s,10,5955,2025-09-12 10:52:40,24100,24100.75,24099,24099.75,558,1.75,0.25,0.75,0.75,-1,102.35,40.95,29.58333333,-0.58
MNQ SEP25,20s,20,5977,2025-09-12 10:52:40,24097.5,24101.5,24097.5,24099.75,2006,4,2.25,1.75,0,1,199.1,233.6,50.53333333,25.86
MNQ SEP25,1s,1,5560,2025-09-12 10:52:41,24100,24100,24099.25,24099.25,28,0.75,0.75,0,0,-1,,,,
MNQ SEP25,1s,1,5561,2025-09-12 10:52:42,24099.25,24100.25,24099,24099.75,56,1.25,0.5,0.5,0.25,1,,,,
MNQ SEP25,1s,1,5562,2025-09-12 10:52:43,24099.75,24100.5,24099.75,24100,38,0.75,0.25,0.5,0,1,,,,
MNQ SEP25,1s,1,5563,2025-09-12 10:52:44,24100,24100.75,24099,24099.25,265,1.75,0.75,0.75,0.25,-1,,,,
MNQ SEP25,1s,1,5564,2025-09-12 10:52:45,24098.75,24099.75,24098.75,24099.75,25,1,1,0,0,1,,,,
MNQ SEP25,1s,1,5565,2025-09-12 10:52:46,24099.5,24099.5,24098.75,24099,19,0.75,0.5,0,0.25,-1,,,,
MNQ SEP25,1s,1,5566,2025-09-12 10:52:47,24099.25,24099.75,24099.25,24099.25,4,0.5,0,0.5,0,0,,,,
MNQ SEP25,1s,1,5567,2025-09-12 10:52:48,24099.25,24099.25,24098,24098.75,45,1.25,0.5,0,0.75,-1,,,,
MNQ SEP25,1s,1,5568,2025-09-12 10:52:49,24099,24099,24098.25,24098.25,11,0.75,0.75,0,0,-1,,,,
MNQ SEP25,1s,1,5569,2025-09-12 10:52:50,24098.25,24098.25,24098,24098.25,12,0.25,0,0,0.25,0,,,,
MNQ SEP25,10s,10,5956,2025-09-12 10:52:50,24100,24100.75,24098,24098.25,503,2.75,1.75,0.75,0.25,-1,126,23.65,76.93333333,14.17
MNQ SEP25,1s,1,5570,2025-09-12 10:52:51,24098.25,24098.5,24098,24098.5,43,0.5,0.25,0,0.25,1,,,,
MNQ SEP25,1s,1,5571,2025-09-12 10:52:52,24098.5,24099.25,24098.25,24098.5,46,1,0,0.75,0.25,0,,,,
MNQ SEP25,1s,1,5572,2025-09-12 10:52:53,24098.5,24098.75,24097.5,24098,47,1.25,0.5,0.25,0.5,-1,,,,
MNQ SEP25,1s,1,5573,2025-09-12 10:52:54,24098,24098.5,24098,24098.25,40,0.5,0.25,0.25,0,1,,,,
MNQ SEP25,1s,1,5574,2025-09-12 10:52:55,24098.5,24099,24098.5,24098.5,46,0.5,0,0.5,0,0,,,,
MNQ SEP25,1s,1,5575,2025-09-12 10:52:56,24098.75,24099.75,24098.75,24099.25,23,1,0.5,0.5,0,1,,,,
MNQ SEP25,1s,1,5576,2025-09-12 10:52:57,24099.25,24099.25,24098.25,24098.5,21,1,0.75,0,0.25,-1,,,,
MNQ SEP25,1s,1,5577,2025-09-12 10:52:58,24098.5,24099,24098.5,24098.75,25,0.5,0.25,0.25,0,1,,,,
MNQ SEP25,1s,1,5578,2025-09-12 10:52:59,24098.75,24098.75,24098.25,24098.25,6,0.5,0.5,0,0,-1,,,,
MNQ SEP25,1s,1,5579,2025-09-12 10:53:00,24098.75,24098.75,24098.25,24098.25,14,0.5,0.5,0,0,-1,,,,
MNQ SEP25,10s,10,5957,2025-09-12 10:53:00,24098.25,24099.75,24097.5,24098.25,311,2.25,0,1.5,0.75,0,122.4,-3.6,20.33333333,21.76
MNQ SEP25,20s,20,5978,2025-09-12 10:53:00,24100,24100.75,24097.5,24098.25,814,3.25,1.75,0.75,0.75,-1,140.75,-58.35,74.98333333,0.73
MNQ SEP25,1s,1,5580,2025-09-12 10:53:01,24098.25,24098.75,24097.75,24097.75,41,1,0.5,0.5,0,-1,,,,
MNQ SEP25,1s,1,5581,2025-09-12 10:53:02,24097.75,24098,24096.75,24097,78,1.25,0.75,0.25,0.25,-1,,,,
MNQ SEP25,1s,1,5582,2025-09-12 10:53:03,24096.75,24097,24096.25,24096.5,45,0.75,0.25,0.25,0.25,-1,,,,
MNQ SEP25,1s,1,5583,2025-09-12 10:53:04,24096.75,24097,24096,24096.25,39,1,0.5,0.25,0.25,-1,,,,
MNQ SEP25,1s,1,5584,2025-09-12 10:53:05,24096.25,24097.25,24096.25,24097,53,1,0.75,0.25,0,1,,,,
MNQ SEP25,1s,1,5585,2025-09-12 10:53:06,24096.5,24097,24095.5,24096.25,63,1.5,0.25,0.5,0.75,-1,,,,
MNQ SEP25,1s,1,5586,2025-09-12 10:53:07,24096.5,24097,24096.5,24096.75,28,0.5,0.25,0.25,0,1,,,,
MNQ SEP25,1s,1,5587,2025-09-12 10:53:08,24096.75,24097,24096.5,24096.75,17,0.5,0,0.25,0.25,0,,,,
MNQ SEP25,1s,1,5588,2025-09-12 10:53:09,24096.75,24097,24096.5,24096.75,18,0.5,0,0.25,0.25,0,,,,
MNQ SEP25,1s,1,5589,2025-09-12 10:53:10,24096.75,24096.75,24096.25,24096.75,14,0.5,0,0,0.5,0,,,,
MNQ SEP25,10s,10,5958,2025-09-12 10:53:10,24098.25,24098.75,24095.5,24096.75,396,3.25,1.5,0.5,1.25,-1,142.8,20.4,13.48333333,49.52
MNQ SEP25,1s,1,5590,2025-09-12 10:53:11,24096.5,24096.5,24095.75,24095.75,15,0.75,0.75,0,0,-1,,,,
MNQ SEP25,1s,1,5591,2025-09-12 10:53:12,24095.75,24096.25,24095.5,24095.75,32,0.75,0,0.5,0.25,0,,,,
MNQ SEP25,1s,1,5592,2025-09-12 10:53:13,24095.75,24096.5,24095.25,24096,112,1.25,0.25,0.5,0.5,1,,,,
MNQ SEP25,1s,1,5593,2025-09-12 10:53:14,24096.25,24096.25,24095.75,24095.75,14,0.5,0.5,0,0,-1,,,,
MNQ SEP25,1s,1,5594,2025-09-12 10:53:15,24095.75,24095.75,24094.75,24095,41,1,0.75,0,0.25,-1,,,,
MNQ SEP25,1s,1,5595,2025-09-12 10:53:16,24094.75,24095.25,24094.5,24095.25,28,0.75,0.5,0,0.25,1,,,,
MNQ SEP25,1s,1,5596,2025-09-12 10:53:17,24095,24095.25,24094.5,24095,54,0.75,0,0.25,0.5,0,,,,
MNQ SEP25,1s,1,5597,2025-09-12 10:53:18,24094.75,24095,24094.5,24095,39,0.5,0.25,0,0.25,1,,,,
MNQ SEP25,1s,1,5598,2025-09-12 10:53:19,24094.5,24095.75,24094.5,24095.25,42,1.25,0.75,0.5,0,1,,,,
MNQ SEP25,1s,1,5599,2025-09-12 10:53:20,24095.25,24096,24095.25,24095.5,11,0.75,0.25,0.5,0,1,,,,
MNQ SEP25,10s,10,5959,2025-09-12 10:53:20,24096.5,24096.5,24094.5,24095.5,388,2,1,0,1,-1,-43.2,-186,-56.4,-20.92
MNQ SEP25,20s,20,5979,2025-09-12 10:53:20,24098.25,24098.75,24094.5,24095.5,784,4.25,2.75,0.5,1,-1,44.55,-96.2,26.35,-0.59
MNQ SEP25,1s,1,5600,2025-09-12 10:53:21,24095.5,24096,24095.25,24095.25,24,0.75,0.25,0.5,0,-1,,,,
MNQ SEP25,1s,1,5601,2025-09-12 10:53:22,24095.5,24096.25,24095.5,24096.25,19,0.75,0.75,0,0,1,,,,
MNQ SEP25,1s,1,5602,2025-09-12 10:53:23,24096.25,24096.25,24095.25,24095.75,9,1,0.5,0,0.5,-1,,,,
MNQ SEP25,1s,1,5603,2025-09-12 10:53:24,24096,24096.25,24095.75,24095.75,34,0.5,0.25,0.25,0,-1,,,,
MNQ SEP25,1s,1,5604,2025-09-12 10:53:25,24095.75,24096.25,24095.5,24096.25,26,0.75,0.5,0,0.25,1,,,,
MNQ SEP25,1s,1,5605,2025-09-12 10:53:26,24096.25,24096.25,24095.75,24096.25,14,0.5,0,0,0.5,0,,,,
MNQ SEP25,1s,1,5606,2025-09-12 10:53:27,24095.5,24095.5,24094.75,24095.25,33,0.75,0.25,0,0.5,-1,,,,
MNQ SEP25,1s,1,5607,2025-09-12 10:53:28,24095,24095.25,24094.5,24094.5,8,0.75,0.5,0.25,0,-1,,,,
MNQ SEP25,1s,1,5608,2025-09-12 10:53:29,24095,24095.25,24094.5,24094.5,8,0.75,0.5,0.25,0,-1,,,,
MNQ SEP25,1s,1,5609,2025-09-12 10:53:30,24094.75,24096,24094.75,24096,28,1.25,1.25,0,0,1,,,,
MNQ SEP25,10s,10,5960,2025-09-12 10:53:30,24095.5,24096.25,24094.5,24096,203,1.75,0.5,0.25,1,1,-89.45,-46.25,-70.61666667,-38.36
MNQ SEP25,1s,1,5610,2025-09-12 10:53:31,24096,24096,24095.25,24095.5,5,0.75,0.5,0,0.25,-1,,,,
MNQ SEP25,1s,1,5611,2025-09-12 10:53:32,24095.5,24095.75,24095,24095.5,22,0.75,0,0.25,0.5,0,,,,
MNQ SEP25,1s,1,5612,2025-09-12 10:53:33,24096,24096.75,24096,24096.75,30,0.75,0.75,0,0,1,,,,
MNQ SEP25,1s,1,5613,2025-09-12 10:53:34,24097,24097,24096.5,24097,10,0.5,0,0,0.5,0,,,,
MNQ SEP25,1s,1,5614,2025-09-12 10:53:35,24097,24097.25,24096.25,24096.25,22,1,0.75,0.25,0,-1,,,,
MNQ SEP25,1s,1,5615,2025-09-12 10:53:36,24096.5,24098.75,24096.5,24098.25,47,2.25,1.75,0.5,0,1,,,,
MNQ SEP25,1s,1,5616,2025-09-12 10:53:37,24098.25,24099.25,24097.5,24099,61,1.75,0.75,0.25,0.75,1,,,,
MNQ SEP25,1s,1,5617,2025-09-12 10:53:38,24099,24099.25,24098.5,24098.5,27,0.75,0.5,0.25,0,-1,,,,
MNQ SEP25,1s,1,5618,2025-09-12 10:53:39,24098.25,24098.75,24098.25,24098.5,8,0.5,0.25,0.25,0,1,,,,
MNQ SEP25,1s,1,5619,2025-09-12 10:53:40,24098.5,24099.25,24098.5,24099,26,0.75,0.5,0.25,0,1,,,,
MNQ SEP25,10s,10,5961,2025-09-12 10:53:40,24096,24099.25,24095,24099,258,4.25,3,0.25,1,1,-119.35,-29.9,-87.38333333,-49.07
MNQ SEP25,20s,20,5980,2025-09-12 10:53:40,24095.5,24099.25,24094.5,24099,461,4.75,3.5,0.25,1,1,101.75,57.2,-32.45,37.19
MNQ SEP25,1s,1,5620,2025-09-12 10:53:41,24099.25,24099.5,24099,24099.5,34,0.5,0.25,0,0.25,1,,,,
MNQ SEP25,1s,1,5621,2025-09-12 10:53:42,24099,24099.75,24099,24099.5,37,0.75,0.5,0.25,0,1,,,,
MNQ SEP25,1s,1,5622,2025-09-12 10:53:43,24099.5,24099.75,24099.25,24099.5,7,0.5,0,0.25,0.25,0,,,,
MNQ SEP25,1s,1,5623,2025-09-12 10:53:44,24099.5,24099.5,24098.25,24098.25,47,1.25,1.25,0,0,-1,,,,
MNQ SEP25,1s,1,5624,2025-09-12 10:53:45,24099,24099,24097.5,24097.75,36,1.5,1.25,0,0.25,-1,,,,
MNQ SEP25,1s,1,5625,2025-09-12 10:53:46,24097.75,24098.5,24097.25,24097.25,34,1.25,0.5,0.75,0,-1,,,,
MNQ SEP25,1s,1,5626,2025-09-12 10:53:47,24098,24098.75,24098,24098.75,8,0.75,0.75,0,0,1,,,,
MNQ SEP25,1s,1,5627,2025-09-12 10:53:48,24098.5,24098.75,24098.25,24098.25,10,0.5,0.25,0.25,0,-1,,,,
MNQ SEP25,1s,1,5628,2025-09-12 10:53:49,24098.75,24099.25,24098.5,24098.75,21,0.75,0,0.5,0.25,0,,,,
MNQ SEP25,1s,1,5629,2025-09-12 10:53:50,24099,24099.25,24098.75,24098.75,6,0.5,0.25,0.25,0,-1,,,,
MNQ SEP25,10s,10,5962,2025-09-12 10:53:50,24099.25,24099.75,24097.25,24098.75,240,2.5,0.5,0.5,1.5,-1,-134.6,-15.25,-30.46666667,-51.4
MNQ SEP25,1s,1,5630,2025-09-12 10:53:51,24098.75,24099,24098.75,24099,20,0.25,0.25,0,0,1,,,,
MNQ SEP25,1s,1,5631,2025-09-12 10:53:52,24098.75,24099.25,24098.75,24099.25,4,0.5,0.5,0,0,1,,,,
MNQ SEP25,1s,1,5632,2025-09-12 10:53:53,24099.5,24100.25,24099.5,24100,48,0.75,0.5,0.25,0,1,,,,
MNQ SEP25,1s,1,5633,2025-09-12 10:53:54,24100.25,24100.25,24099.75,24099.75,26,0.5,0.5,0,0,-1,,,,
MNQ SEP25,1s,1,5634,2025-09-12 10:53:55,24099.75,24100.5,24099.75,24100.5,21,0.75,0.75,0,0,1,,,,
MNQ SEP25,1s,1,5635,2025-09-12 10:53:56,24100.5,24101,24100.25,24101,20,0.75,0.5,0,0.25,1,,,,
MNQ SEP25,1s,1,5636,2025-09-12 10:53:57,24101,24101,24100.75,24101,20,0.25,0,0,0.25,0,,,,
MNQ SEP25,1s,1,5637,2025-09-12 10:53:58,24101,24101,24100.5,24100.5,41,0.5,0.5,0,0,-1,,,,
MNQ SEP25,1s,1,5638,2025-09-12 10:53:59,24100.75,24101.5,24100.75,24101.5,59,0.75,0.75,0,0,1,,,,
MNQ SEP25,1s,1,5639,2025-09-12 10:54:00,24101.5,24102.25,24101.5,24101.5,160,0.75,0,0.75,0,0,,,,
MNQ SEP25,10s,10,5963,2025-09-12 10:54:00,24098.75,24102.25,24098.75,24101.5,419,3.5,2.75,0.75,0,1,-141.35,-6.75,-17.3,-56.83
MNQ SEP25,20s,20,5981,2025-09-12 10:54:00,24099.25,24102.25,24097.25,24101.5,659,5,2.25,0.75,2,1,122.2,20.45,-6.18333333,31.34
MNQ SEP25,1s,1,5640,2025-09-12 10:54:01,24101.75,24104,24101,24103.75,378,3,2,0.25,0.75,1,,,,
MNQ SEP25,1s,1,5641,2025-09-12 10:54:02,24103.75,24104.25,24103.5,24103.5,129,0.75,0.25,0.5,0,-1,,,,
MNQ SEP25,1s,1,5642,2025-09-12 10:54:03,24103.5,24104.25,24103.25,24104.25,114,1,0.75,0,0.25,1,,,,
MNQ SEP25,1s,1,5643,2025-09-12 10:54:04,24103.75,24104.25,24103.5,24103.5,85,0.75,0.25,0.5,0,-1,,,,
MNQ SEP25,1s,1,5644,2025-09-12 10:54:05,24103.75,24104.25,24103.75,24104.25,54,0.5,0.5,0,0,1,,,,
MNQ SEP25,1s,1,5645,2025-09-12 10:54:06,24104,24105,24103.75,24105,196,1.25,1,0,0.25,1,,,,
MNQ SEP25,1s,1,5646,2025-09-12 10:54:07,24105,24105,24104.25,24105,95,0.75,0,0,0.75,0,,,,
MNQ SEP25,1s,1,5647,2025-09-12 10:54:08,24104.75,24105,24104.25,24104.25,88,0.75,0.5,0.25,0,-1,,,,
MNQ SEP25,1s,1,5648,2025-09-12 10:54:09,24104.75,24104.75,24103.75,24104,57,1,0.75,0,0.25,-1,,,,
MNQ SEP25,1s,1,5649,2025-09-12 10:54:10,24103.75,24104,24103.25,24103.5,56,0.75,0.25,0.25,0.25,-1,,,,
MNQ SEP25,10s,10,5964,2025-09-12 10:54:10,24101.75,24105,24101,24103.5,1252,4,1.75,1.5,0.75,1,-22.4,118.95,32.31666667,4.16
MNQ SEP25,1s,1,5650,2025-09-12 10:54:11,24103.5,24104.25,24103.5,24104.25,54,0.75,0.75,0,0,1,,,,
MNQ SEP25,1s,1,5651,2025-09-12 10:54:12,24104.25,24104.25,24103.5,24103.75,41,0.75,0.5,0,0.25,-1,,,,
MNQ SEP25,1s,1,5652,2025-09-12 10:54:13,24103.5,24104.25,24103.5,24104.25,33,0.75,0.75,0,0,1,,,,
MNQ SEP25,1s,1,5653,2025-09-12 10:54:14,24104,24104.5,24104,24104.25,28,0.5,0.25,0.25,0,1,,,,
MNQ SEP25,1s,1,5654,2025-09-12 10:54:15,24104,24105,24104,24104.75,50,1,0.75,0.25,0,1,,,,
MNQ SEP25,1s,1,5655,2025-09-12 10:54:16,24105,24105.5,24104.5,24104.75,73,1,0.25,0.5,0.25,-1,,,,
MNQ SEP25,1s,1,5656,2025-09-12 10:54:17,24104.75,24105,24104.25,24104.75,22,0.75,0,0.25,0.5,0,,,,
MNQ SEP25,1s,1,5657,2025-09-12 10:54:18,24104.25,24105,24104.25,24104.5,35,0.75,0.25,0.5,0,1,,,,
MNQ SEP25,1s,1,5658,2025-09-12 10:54:19,24104.5,24104.5,24103.75,24104.25,48,0.75,0.25,0,0.5,-1,,,,
MNQ SEP25,1s,1,5659,2025-09-12 10:54:20,24104.25,24104.25,24103.5,24103.5,20,0.75,0.75,0,0,-1,,,,
MNQ SEP25,10s,10,5965,2025-09-12 10:54:20,24103.5,24105.5,24103.5,24103.5,404,2,0,2,0,0,24.6,47,53.06666667,22.81
MNQ SEP25,20s,20,5982,2025-09-12 10:54:20,24101.75,24105.5,24101,24103.5,1656,4.5,1.75,2,0.75,1,-3.1,-125.3,-15.88333333,-40.44
MNQ SEP25,1s,1,5660,2025-09-12 10:54:21,24103.5,24103.5,24102.75,24103.25,76,0.75,0.25,0,0.5,-1,,,,
MNQ SEP25,1s,1,5661,2025-09-12 10:54:22,24103,24103.5,24102.5,24103.25,42,1,0.25,0.25,0.5,1,,,,
MNQ SEP25,1s,1,5662,2025-09-12 10:54:23,24103.5,24103.75,24103,24103.5,49,0.75,0,0.25,0.5,0,,,,
MNQ SEP25,1s,1,5663,2025-09-12 10:54:24,24103.5,24104,24103,24104,22,1,0.5,0,0.5,1,,,,
MNQ SEP25,1s,1,5664,2025-09-12 10:54:25,24103.5,24103.75,24103,24103.75,24,0.75,0.25,0,0.5,1,,,,
MNQ SEP25,1s,1,5665,2025-09-12 10:54:26,24103.5,24103.75,24103.25,24103.75,29,0.5,0.25,0,0.25,1,,,,
MNQ SEP25,1s,1,5666,2025-09-12 10:54:27,24104,24104,24103.5,24104,25,0.5,0,0,0.5,0,,,,
MNQ SEP25,1s,1,5667,2025-09-12 10:54:28,24104.25,24104.25,24103.5,24103.5,23,0.75,0.75,0,0,-1,,,,
MNQ SEP25,1s,1,5668,2025-09-12 10:54:29,24103.5,24103.75,24103.25,24103.75,14,0.5,0.25,0,0.25,1,,,,
MNQ SEP25,1s,1,5669,2025-09-12 10:54:30,24103.75,24104,24103.5,24103.5,7,0.5,0.25,0.25,0,-1,,,,
MNQ SEP25,10s,10,5966,2025-09-12 10:54:30,24103.5,24104.25,24102.5,24103.5,311,1.75,0,0.75,1,0,46.25,21.65,62.53333333,33.12
MNQ SEP25,1s,1,5670,2025-09-12 10:54:31,24103.75,24104.75,24103.75,24104.5,24,1,0.75,0.25,0,1,,,,
MNQ SEP25,1s,1,5671,2025-09-12 10:54:32,24105,24105.25,24104.75,24104.75,19,0.5,0.25,0.25,0,-1,,,,
MNQ SEP25,1s,1,5672,2025-09-12 10:54:33,24105,24105.25,24104.75,24104.75,31,0.5,0.25,0.25,0,-1,,,,
MNQ SEP25,1s,1,5673,2025-09-12 10:54:34,24104.75,24104.75,24103.75,24104,74,1,0.75,0,0.25,-1,,,,
MNQ SEP25,1s,1,5674,2025-09-12 10:54:35,24103.75,24104.5,24103.75,24104.25,56,0.75,0.5,0.25,0,1,,,,
MNQ SEP25,1s,1,5675,2025-09-12 10:54:36,24104.25,24104.75,24104,24104.75,26,0.75,0.5,0,0.25,1,,,,
MNQ SEP25,1s,1,5676,2025-09-12 10:54:37,24104.75,24104.75,24104.25,24104.25,17,0.5,0.5,0,0,-1,,,,
MNQ SEP25,1s,1,5677,2025-09-12 10:54:38,24104.25,24104.5,24104,24104.5,32,0.5,0.25,0,0.25,1,,,,
MNQ SEP25,1s,1,5678,2025-09-12 10:54:39,24104.25,24104.5,24104,24104.5,18,0.5,0.25,0,0.25,1,,,,
MNQ SEP25,1s,1,5679,2025-09-12 10:54:40,24104.5,24104.75,24104.5,24104.5,13,0.25,0,0.25,0,0,,,,
MNQ SEP25,10s,10,5967,2025-09-12 10:54:40,24103.75,24105.25,24103.75,24104.5,310,1.5,0.75,0.75,0,1,71.25,25,31.21666667,41.17
MNQ SEP25,20s,20,5983,2025-09-12 10:54:40,24103.5,24105.25,24102.5,24104.5,621,2.75,1,0.75,1,1,-1.6,1.5,-34.45,-28.47
MNQ SEP25,1s,1,5680,2025-09-12 10:54:41,24104.25,24104.5,24104,24104,11,0.5,0.25,0.25,0,-1,,,,
MNQ SEP25,1s,1,5681,2025-09-12 10:54:42,24104.25,24104.75,24104.25,24104.5,15,0.5,0.25,0.25,0,1,,,,
MNQ SEP25,1s,1,5682,2025-09-12 10:54:43,24104.25,24105,24104.25,24105,19,0.75,0.75,0,0,1,,,,
MNQ SEP25,1s,1,5683,2025-09-12 10:54:44,24104.75,24105,24104,24104,21,1,0.75,0.25,0,-1,,,,
MNQ SEP25,1s,1,5684,2025-09-12 10:54:45,24104,24104.5,24104,24104.25,24,0.5,0.25,0.25,0,1,,,,
MNQ SEP25,1s,1,5685,2025-09-12 10:54:46,24104.75,24105,24104.5,24105,17,0.5,0.25,0,0.25,1,,,,
MNQ SEP25,1s,1,5686,2025-09-12 10:54:47,24104.75,24104.75,24104.25,24104.5,5,0.5,0.25,0,0.25,-1,,,,
MNQ SEP25,1s,1,5687,2025-09-12 10:54:48,24104.75,24104.75,24104.5,24104.75,21,0.25,0,0,0.25,0,,,,
MNQ SEP25,1s,1,5688,2025-09-12 10:54:49,24104.5,24104.75,24104.25,24104.5,26,0.5,0,0.25,0.25,0,,,,
MNQ SEP25,1s,1,5689,2025-09-12 10:54:50,24104.5,24104.75,24103.75,24103.75,42,1,0.75,0.25,0,-1,,,,
MNQ SEP25,10s,10,5968,2025-09-12 10:54:50,24104.25,24105,24103.75,24103.75,201,1.25,0.5,0.75,0,-1,61,-10.25,12.13333333,40.47
MNQ SEP25,1s,1,5690,2025-09-12 10:54:51,24103.75,24104,24103.25,24103.75,35,0.75,0,0.25,0.5,0,,,,
MNQ SEP25,1s,1,5691,2025-09-12 10:54:52,24103.5,24103.75,24103.25,24103.25,16,0.5,0.25,0.25,0,-1,,,,
MNQ SEP25,1s,1,5692,2025-09-12 10:54:53,24103.75,24104.25,24103.5,24104,61,0.75,0.25,0.25,0.25,1,,,,
MNQ SEP25,1s,1,5693,2025-09-12 10:54:54,24104.25,24104.5,24104,24104.5,25,0.5,0.25,0,0.25,1,,,,
MNQ SEP25,1s,1,5694,2025-09-12 10:54:55,24104.75,24106.5,24104.75,24106.25,207,1.75,1.5,0.25,0,1,,,,
MNQ SEP25,1s,1,5695,2025-09-12 10:54:56,24106.25,24106.5,24106,24106.5,35,0.5,0.25,0,0.25,1,,,,
MNQ SEP25,1s,1,5696,2025-09-12 10:54:57,24106.5,24106.75,24106.25,24106.25,47,0.5,0.25,0.25,0,-1,,,,
MNQ SEP25,1s,1,5697,2025-09-12 10:54:58,24106.5,24106.75,24106.25,24106.5,59,0.5,0,0.25,0.25,0,,,,
MNQ SEP25,1s,1,5698,2025-09-12 10:54:59,24106.75,24107,24106.5,24107,81,0.5,0.25,0,0.25,1,,,,
MNQ SEP25,1s,1,5699,2025-09-12 10:55:00,24106.5,24107.25,24106.5,24107,48,0.75,0.5,0.25,0,1,,,,
MNQ SEP25,10s,10,5969,2025-09-12 10:55:00,24103.75,24107.25,24103.25,24107,614,4,3.25,0.25,0.5,1,-82.8,-143.8,-43.01666667,-12.08
MNQ SEP25,20s,20,5984,2025-09-12 10:55:00,24104.25,24107.25,24103.25,24107,815,4,2.75,0.25,1,1,0.6,2.2,-40.53333333,-8.79
MNQ SEP25,1s,1,5700,2025-09-12 10:55:01,24107,24107.25,24106.5,24107.25,134,0.75,0.25,0,0.5,1,,,,
MNQ SEP25,1s,1,5701,2025-09-12 10:55:02,24107.25,24107.25,24105.5,24106,116,1.75,1.25,0,0.5,-1,,,,
MNQ SEP25,1s,1,5702,2025-09-12 10:55:03,24106.25,24106.5,24105.25,24105.5,91,1.25,0.75,0.25,0.25,-1,,,,
MNQ SEP25,1s,1,5703,2025-09-12 10:55:04,24105.75,24106.25,24105.5,24105.75,36,0.75,0,0.5,0.25,0,,,,
MNQ SEP25,1s,1,5704,2025-09-12 10:55:05,24105.75,24106,24105.25,24105.5,47,0.75,0.25,0.25,0.25,-1,,,,
MNQ SEP25,1s,1,5705,2025-09-12 10:55:06,24105.75,24106,24105.25,24105.25,30,0.75,0.5,0.25,0,-1,,,,
MNQ SEP25,1s,1,5706,2025-09-12 10:55:07,24105.75,24106,24105.25,24106,50,0.75,0.25,0,0.5,1,,,,
MNQ SEP25,1s,1,5707,2025-09-12 10:55:08,24106,24108,24105.75,24107.5,224,2.25,1.5,0.5,0.25,1,,,,
MNQ SEP25,1s,1,5708,2025-09-12 10:55:09,24108,24108.25,24107.25,24108,188,1,0,0.25,0.75,0,,,,
MNQ SEP25,1s,1,5709,2025-09-12 10:55:10,24107.75,24108.5,24107.25,24107.5,266,1.25,0.25,0.75,0.25,-1,,,,
MNQ SEP25,10s,10,5970,2025-09-12 10:55:10,24107,24108.5,24105.25,24107.5,1182,3.25,0.5,1,1.75,1,26.25,109.05,-15,0.33
MNQ SEP25,1s,1,5710,2025-09-12 10:55:11,24107.5,24108,24107.25,24108,65,0.75,0.5,0,0.25,1,,,,
MNQ SEP25,1s,1,5711,2025-09-12 10:55:12,24107.75,24108,24106.75,24106.75,66,1.25,1,0.25,0,-1,,,,
MNQ SEP25,1s,1,5712,2025-09-12 10:55:13,24107,24108,24106.75,24107.75,117,1.25,0.75,0.25,0.25,1,,,,
MNQ SEP25,1s,1,5713,2025-09-12 10:55:14,24107.25,24108,24107,24108,46,1,0.75,0,0.25,1,,,,
MNQ SEP25,1s,1,5714,2025-09-12 10:55:15,24108,24108.25,24107.75,24108.25,53,0.5,0.25,0,0.25,1,,,,
MNQ SEP25,1s,1,5715,2025-09-12 10:55:16,24108,24109.5,24107.5,24109.25,258,2,1.25,0.25,0.5,1,,,,
MNQ SEP25,1s,1,5716,2025-09-12 10:55:17,24109,24110.75,24107.75,24110,547,3,1,0.75,1.25,1,,,,
MNQ SEP25,1s,1,5717,2025-09-12 10:55:18,24109.75,24111,24109.25,24111,259,1.75,1.25,0,0.5,1,,,,
MNQ SEP25,1s,1,5718,2025-09-12 10:55:19,24110.5,24115.75,24110.25,24111,713,5.5,0.5,4.75,0.25,1,,,,
MNQ SEP25,1s,1,5719,2025-09-12 10:55:20,24111.25,24111.5,24110.25,24111.5,156,1.25,0.25,0,1,1,,,,
MNQ SEP25,10s,10,5971,2025-09-12 10:55:20,24107.5,24115.75,24106.75,24111.5,2280,9,4,4.25,0.75,1,322.15,295.9,87.05,55.18
MNQ SEP25,20s,20,5985,2025-09-12 10:55:20,24107,24115.75,24105.25,24111.5,3462,10.5,4.5,4.25,1.75,1,450.3,449.7,151.13333333,69.71
MNQ SEP25,1s,1,5720,2025-09-12 10:55:21,24111.25,24112.75,24111,24112.25,229,1.75,1,0.5,0.25,1,,,,
MNQ SEP25,1s,1,5721,2025-09-12 10:55:22,24112.25,24113.25,24111.75,24112.25,189,1.5,0,1,0.5,0,,,,
MNQ SEP25,1s,1,5722,2025-09-12 10:55:23,24112.5,24112.75,24111.75,24112,106,1,0.5,0.25,0.25,-1,,,,
MNQ SEP25,1s,1,5723,2025-09-12 10:55:24,24111.75,24112.75,24111.5,24112.25,119,1.25,0.5,0.5,0.25,1,,,,
MNQ SEP25,1s,1,5724,2025-09-12 10:55:25,24112.25,24113.5,24112,24113,131,1.5,0.75,0.5,0.25,1,,,,
MNQ SEP25,1s,1,5725,2025-09-12 10:55:26,24113,24113.75,24112.25,24113.5,224,1.5,0.5,0.25,0.75,1,,,,
MNQ SEP25,1s,1,5726,2025-09-12 10:55:27,24112.75,24115.75,24112.75,24115,231,3,2.25,0.75,0,1,,,,
MNQ SEP25,1s,1,5727,2025-09-12 10:55:28,24115,24115.25,24114,24114.25,187,1.25,0.75,0.25,0.25,-1,,,,
MNQ SEP25,1s,1,5728,2025-09-12 10:55:29,24114.5,24114.5,24112.25,24112.5,158,2.25,2,0,0.25,-1,,,,
MNQ SEP25,1s,1,5729,2025-09-12 10:55:30,24112,24112,24109.75,24110.25,331,2.25,1.75,0,0.5,-1,,,,
MNQ SEP25,10s,10,5972,2025-09-12 10:55:30,24111.25,24115.75,24109.75,24110.25,1905,6,1,4.5,0.5,-1,561.75,239.6,214.85,98.1
MNQ SEP25,1s,1,5730,2025-09-12 10:55:31,24110.25,24112,24110,24111.25,304,2,1,0.75,0.25,1,,,,
MNQ SEP25,1s,1,5731,2025-09-12 10:55:32,24111.5,24112.5,24111.25,24111.25,85,1.25,0.25,1,0,-1,,,,
MNQ SEP25,1s,1,5732,2025-09-12 10:55:33,24111,24111.75,24110.25,24111.25,68,1.5,0.25,0.5,0.75,1,,,,
MNQ SEP25,1s,1,5733,2025-09-12 10:55:34,24110.75,24112.25,24110.5,24112.25,72,1.75,1.5,0,0.25,1,,,,
MNQ SEP25,1s,1,5734,2025-09-12 10:55:35,24112,24112,24111.25,24111.25,74,0.75,0.75,0,0,-1,,,,
MNQ SEP25,1s,1,5735,2025-09-12 10:55:36,24111.25,24112,24110.75,24110.75,78,1.25,0.5,0.75,0,-1,,,,
MNQ SEP25,1s,1,5736,2025-09-12 10:55:37,24110.5,24111,24110.25,24110.75,41,0.75,0.25,0.25,0.25,1,,,,
MNQ SEP25,1s,1,5737,2025-09-12 10:55:38,24110.25,24110.5,24108.5,24109.75,99,2,0.5,0.25,1.25,-1,,,,
MNQ SEP25,1s,1,5738,2025-09-12 10:55:39,24109.5,24110.75,24109.5,24110.25,61,1.25,0.75,0.5,0,1,,,,
MNQ SEP25,1s,1,5739,2025-09-12 10:55:40,24110.5,24111.25,24110,24111.25,69,1.25,0.75,0,0.5,1,,,,
MNQ SEP25,10s,10,5973,2025-09-12 10:55:40,24110.25,24112.5,24108.5,24111.25,951,4,1,1.25,1.75,1,679.7,117.95,217.81666667,123.74
MNQ SEP25,20s,20,5986,2025-09-12 10:55:40,24111.25,24115.75,24108.5,24111.25,2856,7.25,0,4.5,2.75,0,772.5,322.2,258.03333333,130.06
MNQ SEP25,1s,1,5740,2025-09-12 10:55:41,24111.25,24111.25,24109.25,24109.25,95,2,2,0,0,-1,,,,
MNQ SEP25,1s,1,5741,2025-09-12 10:55:42,24109,24109,24107.25,24108,101,1.75,1,0,0.75,-1,,,,
MNQ SEP25,1s,1,5742,2025-09-12 10:55:43,24108.25,24108.25,24106.5,24106.75,129,1.75,1.5,0,0.25,-1,,,,
MNQ SEP25,1s,1,5743,2025-09-12 10:55:44,24107,24108.25,24107,24107.5,77,1.25,0.5,0.75,0,1,,,,
MNQ SEP25,1s,1,5744,2025-09-12 10:55:45,24107.5,24107.75,24106.5,24107,258,1.25,0.5,0.25,0.5,-1,,,,
MNQ SEP25,1s,1,5745,2025-09-12 10:55:46,24106.5,24106.5,24105.5,24106.5,75,1,0,0,1,0,,,,
MNQ SEP25,1s,1,5746,2025-09-12 10:55:47,24106.25,24108.5,24105.75,24108,75,2.75,1.75,0.5,0.5,1,,,,
MNQ SEP25,1s,1,5747,2025-09-12 10:55:48,24108.25,24109.25,24107.75,24108.5,41,1.5,0.25,0.75,0.5,1,,,,
MNQ SEP25,1s,1,5748,2025-09-12 10:55:49,24109.25,24109.25,24108.5,24109.25,14,0.75,0,0,0.75,0,,,,
MNQ SEP25,1s,1,5749,2025-09-12 10:55:50,24109.25,24109.75,24109,24109.5,25,0.75,0.25,0.25,0.25,1,,,,
MNQ SEP25,10s,10,5974,2025-09-12 10:55:50,24111.25,24111.25,24105.5,24109.5,890,5.75,1.75,0,4,-1,762.8,83.1,146.88333333,169.12
MNQ SEP25,1s,1,5750,2025-09-12 10:55:51,24109,24109.25,24108.25,24108.5,40,1,0.5,0.25,0.25,-1,,,,
MNQ SEP25,1s,1,5751,2025-09-12 10:55:52,24108.25,24108.5,24107,24107.5,48,1.5,0.75,0.25,0.5,-1,,,,
MNQ SEP25,1s,1,5752,2025-09-12 10:55:53,24107,24107.25,24106.75,24106.75,17,0.5,0.25,0.25,0,-1,,,,
MNQ SEP25,1s,1,5753,2025-09-12 10:55:54,24107.25,24107.5,24106.5,24107,54,1,0.25,0.25,0.5,-1,,,,
MNQ SEP25,1s,1,5754,2025-09-12 10:55:55,24107,24107.5,24106.75,24107.5,23,0.75,0.5,0,0.25,1,,,,
MNQ SEP25,1s,1,5755,2025-09-12 10:55:56,24107.25,24107.75,24107,24107.25,15,0.75,0,0.5,0.25,0,,,,
MNQ SEP25,1s,1,5756,2025-09-12 10:55:57,24107.25,24107.5,24106.75,24107.25,18,0.75,0,0.25,0.5,0,,,,
MNQ SEP25,1s,1,5757,2025-09-12 10:55:58,24107.25,24108,24106.75,24107.5,41,1.25,0.25,0.5,0.5,1,,,,
MNQ SEP25,1s,1,5758,2025-09-12 10:55:59,24107,24107.5,24106.5,24107.5,62,1,0.5,0,0.5,1,,,,
MNQ SEP25,1s,1,5759,2025-09-12 10:56:00,24107.25,24107.5,24107,24107.25,25,0.5,0,0.25,0.25,0,,,,
MNQ SEP25,10s,10,5975,2025-09-12 10:56:00,24109,24109.25,24106.5,24107.25,343,2.75,1.75,0.25,0.75,-1,605.75,-157.05,14.66666667,115.9
MNQ SEP25,20s,20,5987,2025-09-12 10:56:00,24111.25,24111.25,24105.5,24107.25,1233,5.75,4,0,1.75,-1,640.7,-131.8,213.36666667,128.76
MNQ SEP25,1s,1,5760,2025-09-12 10:56:01,24107.25,24108,24107,24107.5,38,1,0.25,0.5,0.25,1,,,,
MNQ SEP25,1s,1,5761,2025-09-12 10:56:02,24107.75,24108,24107.5,24107.75,23,0.5,0,0.25,0.25,0,,,,
MNQ SEP25,1s,1,5762,2025-09-12 10:56:03,24107.25,24108,24107.25,24108,11,0.75,0.75,0,0,1,,,,
MNQ SEP25,1s,1,5763,2025-09-12 10:56:04,24107.5,24108,24107,24107,29,1,0.5,0.5,0,-1,,,,
MNQ SEP25,1s,1,5764,2025-09-12 10:56:05,24107.5,24107.75,24107,24107.75,50,0.75,0.25,0,0.5,1,,,,
MNQ SEP25,1s,1,5765,2025-09-12 10:56:06,24107.5,24107.5,24107.25,24107.25,8,0.25,0.25,0,0,-1,,,,
MNQ SEP25,1s,1,5766,2025-09-12 10:56:07,24107.25,24107.5,24106.25,24106.5,64,1.25,0.75,0.25,0.25,-1,,,,
MNQ SEP25,1s,1,5767,2025-09-12 10:56:08,24106.5,24107.75,24106.25,24106.5,53,1.5,0,1.25,0.25,0,,,,
MNQ SEP25,1s,1,5768,2025-09-12 10:56:09,24106.75,24106.75,24106.25,24106.75,22,0.5,0,0,0.5,0,,,,
MNQ SEP25,1s,1,5769,2025-09-12 10:56:10,24106.75,24107.5,24106.75,24107.25,26,0.75,0.5,0.25,0,1,,,,
MNQ SEP25,10s,10,5976,2025-09-12 10:56:10,24107.25,24108,24106.25,24107.25,324,1.75,0,0.75,1,0,223.5,-382.25,-152.06666667,-19.73
MNQ SEP25,1s,1,5770,2025-09-12 10:56:11,24107,24108,24106.75,24107.5,63,1.25,0.5,0.5,0.25,1,,,,
MNQ SEP25,1s,1,5771,2025-09-12 10:56:12,24107.5,24108.25,24107.5,24107.75,30,0.75,0.25,0.5,0,1,,,,
MNQ SEP25,1s,1,5772,2025-09-12 10:56:13,24108,24108.25,24107.75,24108,15,0.5,0,0.25,0.25,0,,,,
MNQ SEP25,1s,1,5773,2025-09-12 10:56:14,24107.75,24108.75,24107.5,24108.75,22,1.25,1,0,0.25,1,,,,
MNQ SEP25,1s,1,5774,2025-09-12 10:56:15,24108.5,24109.75,24108.5,24109,45,1.25,0.5,0.75,0,1,,,,
MNQ SEP25,1s,1,5775,2025-09-12 10:56:16,24109,24109.25,24107.75,24108.5,42,1.5,0.5,0.25,0.75,-1,,,,
MNQ SEP25,1s,1,5776,2025-09-12 10:56:17,24108.25,24108.5,24108,24108.25,23,0.5,0,0.25,0.25,0,,,,
MNQ SEP25,1s,1,5777,2025-09-12 10:56:18,24108,24109,24108,24108.25,20,1,0.25,0.75,0,1,,,,
MNQ SEP25,1s,1,5778,2025-09-12 10:56:19,24108.75,24108.75,24107.75,24108.25,25,1,0.5,0,0.5,-1,,,,
MNQ SEP25,1s,1,5779,2025-09-12 10:56:20,24108.25,24108.25,24107.75,24107.75,5,0.5,0.5,0,0,-1,,,,
MNQ SEP25,10s,10,5977,2025-09-12 10:56:20,24107,24109.75,24106.75,24107.75,290,3,0.75,2,0.25,1,-98.45,-321.95,-287.08333333,-132.04
MNQ SEP25,20s,20,5988,2025-09-12 10:56:20,24107.25,24109.75,24106.25,24107.75,614,3.5,0.5,2,1,1,634.35,-6.35,61.35,127.19
MNQ SEP25,1s,1,5780,2025-09-12 10:56:21,24108.25,24108.25,24106.25,24106.5,31,2,1.75,0,0.25,-1,,,,
MNQ SEP25,1s,1,5781,2025-09-12 10:56:22,24106.75,24107.25,24106.5,24106.75,37,0.75,0,0.5,0.25,0,,,,
MNQ SEP25,1s,1,5782,2025-09-12 10:56:23,24106,24106.25,24105.25,24105.25,62,1,0.75,0.25,0,-1,,,,
MNQ SEP25,1s,1,5783,2025-09-12 10:56:24,24105.5,24106.5,24105.5,24106.25,59,1,0.75,0.25,0,1,,,,
MNQ SEP25,1s,1,5784,2025-09-12 10:56:25,24106.5,24106.75,24106,24106,32,0.75,0.5,0.25,0,-1,,,,
MNQ SEP25,1s,1,5785,2025-09-12 10:56:26,24106.25,24106.5,24104.5,24104.5,108,2,1.75,0.25,0,-1,,,,
MNQ SEP25,1s,1,5786,2025-09-12 10:56:27,24105,24105,24104.5,24105,56,0.5,0,0,0.5,0,,,,
MNQ SEP25,1s,1,5787,2025-09-12 10:56:28,24105.25,24105.75,24104.75,24104.75,100,1,0.5,0.5,0,-1,,,,
MNQ SEP25,1s,1,5788,2025-09-12 10:56:29,24104.75,24105.25,24103.75,24104,92,1.5,0.75,0.5,0.25,-1,,,,
MNQ SEP25,1s,1,5789,2025-09-12 10:56:30,24103.75,24105,24103.75,24104.75,100,1.25,1,0.25,0,1,,,,
MNQ SEP25,10s,10,5978,2025-09-12 10:56:30,24108.25,24108.25,24103.75,24104.75,677,4.5,3.5,0,1,-1,-167.3,-68.85,-257.68333333,-169.4
MNQ SEP25,1s,1,5790,2025-09-12 10:56:31,24104.75,24105.5,24104.75,24104.75,65,0.75,0,0.75,0,0,,,,
MNQ SEP25,1s,1,5791,2025-09-12 10:56:32,24105.5,24105.75,24105,24105.5,32,0.75,0,0.25,0.5,0,,,,
MNQ SEP25,1s,1,5792,2025-09-12 10:56:33,24105.75,24105.75,24105.25,24105.5,32,0.5,0.25,0,0.25,-1,,,,
MNQ SEP25,1s,1,5793,2025-09-12 10:56:34,24106,24106.25,24105.5,24106.25,52,0.75,0.25,0,0.5,1,,,,
MNQ SEP25,1s,1,5794,2025-09-12 10:56:35,24106.25,24106.5,24105.75,24105.75,25,0.75,0.5,0.25,0,-1,,,,
MNQ SEP25,1s,1,5795,2025-09-12 10:56:36,24106,24106.25,24105.5,24106,40,0.75,0,0.25,0.5,0,,,,
MNQ SEP25,1s,1,5796,2025-09-12 10:56:37,24106,24106.25,24105.5,24105.75,24,0.75,0.25,0.25,0.25,-1,,,,
MNQ SEP25,1s,1,5797,2025-09-12 10:56:38,24105.5,24105.5,24103.25,24103.25,55,2.25,2.25,0,0,-1,,,,
MNQ SEP25,1s,1,5798,2025-09-12 10:56:39,24103.75,24103.75,24102,24103,233,1.75,0.75,0,1,-1,,,,
MNQ SEP25,1s,1,5799,2025-09-12 10:56:40,24102.75,24103.75,24102.5,24102.75,109,1.25,0,1,0.25,0,,,,
MNQ SEP25,10s,10,5979,2025-09-12 10:56:40,24104.75,24106.5,24102,24102.75,667,4.5,2,1.75,0.75,-1,-225.85,-58.55,-149.78333333,-197.73
MNQ SEP25,20s,20,5989,2025-09-12 10:56:40,24108.25,24108.25,24102,24102.75,1344,6.25,5.5,0,0.75,-1,741.35,107,-10.38333333,148.15
MNQ SEP25,1s,1,5800,2025-09-12 10:56:41,24103,24104.25,24102.5,24103.75,66,1.75,0.75,0.5,0.5,1,,,,
MNQ SEP25,1s,1,5801,2025-09-12 10:56:42,24103.75,24104,24103.25,24103.25,26,0.75,0.5,0.25,0,-1,,,,
MNQ SEP25,1s,1,5802,2025-09-12 10:56:43,24103.75,24104.75,24103.5,24104.5,21,1.25,0.75,0.25,0.25,1,,,,
MNQ SEP25,1s,1,5803,2025-09-12 10:56:44,24104.5,24104.75,24103.75,24104,38,1,0.5,0.25,0.25,-1,,,,
MNQ SEP25,1s,1,5804,2025-09-12 10:56:45,24104.25,24104.25,24103.5,24104,26,0.75,0.25,0,0.5,-1,,,,
MNQ SEP25,1s,1,5805,2025-09-12 10:56:46,24104,24104.25,24103.5,24104.25,18,0.75,0.25,0,0.5,1,,,,
MNQ SEP25,1s,1,5806,2025-09-12 10:56:47,24104.5,24105.25,24104,24104.75,28,1.25,0.25,0.5,0.5,1,,,,
MNQ SEP25,1s,1,5807,2025-09-12 10:56:48,24104.75,24106,24104.75,24106,43,1.25,1.25,0,0,1,,,,
MNQ SEP25,1s,1,5808,2025-09-12 10:56:49,24106.25,24106.25,24104.75,24104.75,36,1.5,1.5,0,0,-1,,,,
MNQ SEP25,1s,1,5809,2025-09-12 10:56:50,24104.75,24105.75,24104.75,24105,46,1,0.25,0.75,0,1,,,,
MNQ SEP25,10s,10,5980,2025-09-12 10:56:50,24103,24106.25,24102.5,24105,348,3.75,2,1.25,0.5,1,-232.1,-6.25,-44.55,-167.57
MNQ SEP25,1s,1,5810,2025-09-12 10:56:51,24104.75,24105,24104.25,24104.25,28,0.75,0.5,0.25,0,-1,,,,
MNQ SEP25,1s,1,5811,2025-09-12 10:56:52,24104,24104.25,24103,24103,33,1.25,1,0.25,0,-1,,,,
MNQ SEP25,1s,1,5812,2025-09-12 10:56:53,24103.25,24103.75,24103,24103.25,28,0.75,0,0.5,0.25,0,,,,
MNQ SEP25,1s,1,5813,2025-09-12 10:56:54,24103.25,24103.75,24103.25,24103.75,14,0.5,0.5,0,0,1,,,,
MNQ SEP25,1s,1,5814,2025-09-12 10:56:55,24103.5,24104,24103.5,24103.75,13,0.5,0.25,0.25,0,1,,,,
MNQ SEP25,1s,1,5815,2025-09-12 10:56:56,24104,24104,24103.25,24103.75,13,0.75,0.25,0,0.5,-1,,,,
MNQ SEP25,1s,1,5816,2025-09-12 10:56:57,24103.5,24103.5,24102.5,24103.25,55,1,0.25,0,0.75,-1,,,,
MNQ SEP25,1s,1,5817,2025-09-12 10:56:58,24103.5,24103.5,24102.75,24102.75,31,0.75,0.75,0,0,-1,,,,
MNQ SEP25,1s,1,5818,2025-09-12 10:56:59,24102.75,24103.25,24102.75,24103,9,0.5,0.25,0.25,0,1,,,,
MNQ SEP25,1s,1,5819,2025-09-12 10:57:00,24103,24104.25,24103,24103.5,39,1.25,0.5,0.75,0,1,,,,
MNQ SEP25,10s,10,5981,2025-09-12 10:57:00,24104.75,24105,24102.5,24103.5,263,2.5,1.25,0.25,1,-1,-244.55,-12.45,-25.75,-93.61
MNQ SEP25,20s,20,5990,2025-09-12 10:57:00,24103,24106.25,24102.5,24103.5,611,3.75,0.5,2.75,0.5,1,207.5,-533.85,-144.4,-48.56
MNQ SEP25,1s,1,5820,2025-09-12 10:57:01,24103.5,24104.25,24103.5,24103.75,53,0.75,0.25,0.5,0,1,,,,
MNQ SEP25,1s,1,5821,2025-09-12 10:57:02,24103.5,24104,24102.75,24103,45,1.25,0.5,0.5,0.25,-1,,,,
MNQ SEP25,1s,1,5822,2025-09-12 10:57:03,24103,24103.75,24103,24103.25,26,0.75,0.25,0.5,0,1,,,,
MNQ SEP25,1s,1,5823,2025-09-12 10:57:04,24103.5,24103.75,24103,24103.25,35,0.75,0.25,0.25,0.25,-1,,,,
MNQ SEP25,1s,1,5824,2025-09-12 10:57:05,24103.25,24104,24103.25,24104,23,0.75,0.75,0,0,1,,,,
MNQ SEP25,1s,1,5825,2025-09-12 10:57:06,24104,24104.75,24103.75,24104.5,64,1,0.5,0.25,0.25,1,,,,
MNQ SEP25,1s,1,5826,2025-09-12 10:57:07,24104.25,24104.5,24104,24104,10,0.5,0.25,0.25,0,-1,,,,
MNQ SEP25,1s,1,5827,2025-09-12 10:57:08,24104.5,24106,24104.25,24105.25,68,1.75,0.75,0.75,0.25,1,,,,
MNQ SEP25,1s,1,5828,2025-09-12 10:57:09,24105.25,24105.75,24105,24105.25,46,0.75,0,0.5,0.25,0,,,,
MNQ SEP25,1s,1,5829,2025-09-12 10:57:10,24106,24106.5,24105.75,24106.25,59,0.75,0.25,0.25,0.25,1,,,,
MNQ SEP25,10s,10,5982,2025-09-12 10:57:10,24103.5,24106.5,24102.75,24106.25,429,3.75,2.75,0.25,0.75,1,-226.2,18.35,-0.11666667,-25.55
MNQ SEP25,1s,1,5830,2025-09-12 10:57:11,24106.25,24107.25,24106.25,24107.25,54,1,1,0,0,1,,,,
MNQ SEP25,1s,1,5831,2025-09-12 10:57:12,24107,24107.75,24106.25,24107,74,1.5,0,0.75,0.75,0,,,,
MNQ SEP25,1s,1,5832,2025-09-12 10:57:13,24106.5,24107.25,24106.25,24107.25,25,1,0.75,0,0.25,1,,,,
MNQ SEP25,1s,1,5833,2025-09-12 10:57:14,24107.25,24107.75,24106.75,24106.75,44,1,0.5,0.5,0,-1,,,,
MNQ SEP25,1s,1,5834,2025-09-12 10:57:15,24106.75,24107.25,24106.25,24106.25,36,1,0.5,0.5,0,-1,,,,
MNQ SEP25,1s,1,5835,2025-09-12 10:57:16,24106.75,24107,24106.25,24106.75,32,0.75,0,0.25,0.5,0,,,,
MNQ SEP25,1s,1,5836,2025-09-12 10:57:17,24107,24107,24105.25,24105.5,38,1.75,1.5,0,0.25,-1,,,,
MNQ SEP25,1s,1,5837,2025-09-12 10:57:18,24105.25,24105.25,24104.25,24104.5,41,1,0.75,0,0.25,-1,,,,
MNQ SEP25,1s,1,5838,2025-09-12 10:57:19,24104,24104.25,24104,24104,12,0.25,0,0.25,0,0,,,,
MNQ SEP25,1s,1,5839,2025-09-12 10:57:20,24104.5,24104.5,24102.25,24102.75,57,2.25,1.75,0,0.5,-1,,,,
MNQ SEP25,10s,10,5983,2025-09-12 10:57:20,24106.25,24107.75,24102.25,24102.75,413,5.5,3.5,1.5,0.5,-1,-278.7,-52.5,-15.53333333,-22.28
MNQ SEP25,20s,20,5991,2025-09-12 10:57:20,24103.5,24107.75,24102.25,24102.75,842,5.5,0.75,4.25,0.5,-1,-216.85,-424.35,-283.73333333,-197.87
MNQ SEP25,1s,1,5840,2025-09-12 10:57:21,24102.5,24103,24102,24102.75,70,1,0.25,0.25,0.5,1,,,,
MNQ SEP25,1s,1,5841,2025-09-12 10:57:22,24102.75,24103,24100.75,24101.5,136,2.25,1.25,0.25,0.75,-1,,,,
MNQ SEP25,1s,1,5842,2025-09-12 10:57:23,24101.5,24102,24101.25,24102,66,0.75,0.5,0,0.25,1,,,,
MNQ SEP25,1s,1,5843,2025-09-12 10:57:24,24101.75,24102,24101.5,24101.75,30,0.5,0,0.25,0.25,0,,,,
MNQ SEP25,1s,1,5844,2025-09-12 10:57:25,24101.75,24102.25,24101.5,24101.75,37,0.75,0,0.5,0.25,0,,,,
MNQ SEP25,1s,1,5845,2025-09-12 10:57:26,24102,24102.25,24100.75,24101.75,78,1.5,0.25,0.25,1,-1,,,,
MNQ SEP25,1s,1,5846,2025-09-12 10:57:27,24101.25,24102.25,24101.25,24102.25,35,1,1,0,0,1,,,,
MNQ SEP25,1s,1,5847,2025-09-12 10:57:28,24101.5,24102.5,24101.25,24102.5,59,1.25,1,0,0.25,1,,,,
MNQ SEP25,1s,1,5848,2025-09-12 10:57:29,24101.75,24102.25,24101.5,24101.75,46,0.75,0,0.5,0.25,0,,,,
MNQ SEP25,1s,1,5849,2025-09-12 10:57:30,24102.25,24102.5,24101.5,24102.25,34,1,0,0.25,0.75,0,,,,
MNQ SEP25,10s,10,5984,2025-09-12 10:57:30,24102.5,24103,24100.75,24102.25,591,2.25,0.25,0.5,1.5,-1,-260.85,17.85,-5.43333333,-7
MNQ SEP25,1s,1,5850,2025-09-12 10:57:31,24102.25,24102.5,24102,24102,33,0.5,0.25,0.25,0,-1,,,,
MNQ SEP25,1s,1,5851,2025-09-12 10:57:32,24102,24102.5,24101.5,24102,36,1,0,0.5,0.5,0,,,,
MNQ SEP25,1s,1,5852,2025-09-12 10:57:33,24102,24102.5,24101,24101.5,49,1.5,0.5,0.5,0.5,-1,,,,
MNQ SEP25,1s,1,5853,2025-09-12 10:57:34,24101.25,24101.75,24101,24101.25,32,0.75,0,0.5,0.25,0,,,,
MNQ SEP25,1s,1,5854,2025-09-12 10:57:35,24101.25,24102.75,24101.25,24102,35,1.5,0.75,0.75,0,1,,,,
MNQ SEP25,1s,1,5855,2025-09-12 10:57:36,24102.25,24102.25,24100.75,24100.75,38,1.5,1.5,0,0,-1,,,,
MNQ SEP25,1s,1,5856,2025-09-12 10:57:37,24101,24101.25,24100.25,24100.75,130,1,0.25,0.25,0.5,-1,,,,
MNQ SEP25,1s,1,5857,2025-09-12 10:57:38,24100.75,24101.5,24100.5,24100.75,28,1,0,0.75,0.25,0,,,,
MNQ SEP25,1s,1,5858,2025-09-12 10:57:39,24101,24102.25,24100.75,24102,72,1.5,1,0.25,0.25,1,,,,
MNQ SEP25,1s,1,5859,2025-09-12 10:57:40,24102,24102.5,24102,24102.5,26,0.5,0.5,0,0,1,,,,
MNQ SEP25,10s,10,5985,2025-09-12 10:57:40,24102.25,24102.75,24100.25,24102.5,479,2.5,0.25,0.25,2,1,-238.4,22.45,-4.06666667,-1.26
MNQ SEP25,20s,20,5992,2025-09-12 10:57:40,24102.5,24103,24100.25,24102.5,1070,2.75,0,0.5,2.25,0,-267.2,-50.35,-336.18333333,-181.58
MNQ SEP25,1s,1,5860,2025-09-12 10:57:41,24102.25,24103,24102,24102.75,33,1,0.5,0.25,0.25,1,,,,
MNQ SEP25,1s,1,5861,2025-09-12 10:57:42,24102.5,24103.25,24102.5,24103,37,0.75,0.5,0.25,0,1,,,,
MNQ SEP25,1s,1,5862,2025-09-12 10:57:43,24103,24103,24102.75,24103,14,0.25,0,0,0.25,0,,,,
MNQ SEP25,1s,1,5863,2025-09-12 10:57:44,24103.75,24105,24103.75,24104.75,56,1.25,1,0.25,0,1,,,,
MNQ SEP25,1s,1,5864,2025-09-12 10:57:45,24105,24105.25,24104,24104.5,82,1.25,0.5,0.25,0.5,-1,,,,
MNQ SEP25,1s,1,5865,2025-09-12 10:57:46,24104,24104.75,24104,24104.5,21,0.75,0.5,0.25,0,1,,,,
MNQ SEP25,1s,1,5866,2025-09-12 10:57:47,24104.5,24104.75,24104.25,24104.5,31,0.5,0,0.25,0.25,0,,,,
MNQ SEP25,1s,1,5867,2025-09-12 10:57:48,24104.25,24104.5,24103.25,24103.25,15,1.25,1,0.25,0,-1,,,,
MNQ SEP25,1s,1,5868,2025-09-12 10:57:49,24103,24103.25,24102.5,24103.25,30,0.75,0.25,0,0.5,1,,,,
MNQ SEP25,1s,1,5869,2025-09-12 10:57:50,24103.25,24104,24103.25,24103.5,36,0.75,0.25,0.5,0,1,,,,
MNQ SEP25,10s,10,5986,2025-09-12 10:57:50,24102.25,24105.25,24102,24103.5,355,3.25,1.25,1.75,0.25,1,-222.2,16.2,18.83333333,4.47
MNQ SEP25,1s,1,5870,2025-09-12 10:57:51,24103,24103.5,24102.75,24103.25,20,0.75,0.25,0.25,0.25,1,,,,
MNQ SEP25,1s,1,5871,2025-09-12 10:57:52,24103.5,24104,24103.25,24103.25,34,0.75,0.25,0.5,0,-1,,,,
MNQ SEP25,1s,1,5872,2025-09-12 10:57:53,24103.25,24103.25,24103,24103,7,0.25,0.25,0,0,-1,,,,
MNQ SEP25,1s,1,5873,2025-09-12 10:57:54,24103.75,24104.25,24103.75,24104.25,19,0.5,0.5,0,0,1,,,,
MNQ SEP25,1s,1,5874,2025-09-12 10:57:55,24104.25,24104.5,24104,24104.25,21,0.5,0,0.25,0.25,0,,,,
MNQ SEP25,1s,1,5875,2025-09-12 10:57:56,24103.75,24103.75,24103.5,24103.75,7,0.25,0,0,0.25,0,,,,
MNQ SEP25,1s,1,5876,2025-09-12 10:57:57,24103.5,24103.75,24103.25,24103.25,10,0.5,0.25,0.25,0,-1,,,,
MNQ SEP25,1s,1,5877,2025-09-12 10:57:58,24103.75,24104.5,24103.75,24104,16,0.75,0.25,0.5,0,1,,,,
MNQ SEP25,1s,1,5878,2025-09-12 10:57:59,24104.5,24104.5,24103.75,24104.5,24,0.75,0,0,0.75,0,,,,
MNQ SEP25,1s,1,5879,2025-09-12 10:58:00,24104.5,24104.5,24103.75,24104.25,10,0.75,0.25,0,0.5,-1,,,,
MNQ SEP25,10s,10,5987,2025-09-12 10:58:00,24103,24104.5,24102.75,24104.25,168,1.75,1.25,0.25,0.25,1,-267.3,-45.1,-2.15,-8.22
MNQ SEP25,20s,20,5993,2025-09-12 10:58:00,24102.25,24105.25,24102,24104.25,523,3.25,2,1,0.25,1,-258.45,8.75,-155.31666667,-178.56
MNQ SEP25,1s,1,5880,2025-09-12 10:58:01,24104.25,24104.75,24103.75,24104.75,18,1,0.5,0,0.5,1,,,,
MNQ SEP25,1s,1,5881,2025-09-12 10:58:02,24104.75,24105.5,24104.75,24105.5,57,0.75,0.75,0,0,1,,,,
MNQ SEP25,1s,1,5882,2025-09-12 10:58:03,24105.75,24106.5,24105.75,24106.25,54,0.75,0.5,0.25,0,1,,,,
MNQ SEP25,1s,1,5883,2025-09-12 10:58:04,24106.5,24106.75,24106,24106,20,0.75,0.5,0.25,0,-1,,,,
MNQ SEP25,1s,1,5884,2025-09-12 10:58:05,24106,24106.75,24105.75,24106.75,18,1,0.75,0,0.25,1,,,,
MNQ SEP25,1s,1,5885,2025-09-12 10:58:06,24106.25,24106.75,24106.25,24106.5,11,0.5,0.25,0.25,0,1,,,,
MNQ SEP25,1s,1,5886,2025-09-12 10:58:07,24106.25,24106.25,24105.5,24105.5,23,0.75,0.75,0,0,-1,,,,
MNQ SEP25,1s,1,5887,2025-09-12 10:58:08,24105.5,24106,24105.5,24105.75,19,0.5,0.25,0.25,0,1,,,,
MNQ SEP25,1s,1,5888,2025-09-12 10:58:09,24105.5,24106.25,24105.5,24106.25,14,0.75,0.75,0,0,1,,,,
MNQ SEP25,1s,1,5889,2025-09-12 10:58:10,24106.25,24106.5,24106,24106,20,0.5,0.25,0.25,0,-1,,,,
MNQ SEP25,10s,10,5988,2025-09-12 10:58:10,24104.25,24106.75,24103.75,24106,254,3,1.75,0.75,0.5,1,-301.75,-34.45,-21.11666667,-4.61
MNQ SEP25,1s,1,5890,2025-09-12 10:58:11,24106.25,24106.5,24105.75,24106,15,0.75,0.25,0.25,0.25,-1,,,,
MNQ SEP25,1s,1,5891,2025-09-12 10:58:12,24105.75,24105.75,24105,24105,38,0.75,0.75,0,0,-1,,,,
MNQ SEP25,1s,1,5892,2025-09-12 10:58:13,24104.75,24105,24104.5,24104.5,39,0.5,0.25,0.25,0,-1,,,,
MNQ SEP25,1s,1,5893,2025-09-12 10:58:14,24104.75,24105,24104.75,24105,18,0.25,0.25,0,0,1,,,,
MNQ SEP25,1s,1,5894,2025-09-12 10:58:15,24104.75,24105.25,24104.75,24105.25,7,0.5,0.5,0,0,1,,,,
MNQ SEP25,1s,1,5895,2025-09-12 10:58:16,24104.75,24105,24104,24104.25,19,1,0.5,0.25,0.25,-1,,,,
MNQ SEP25,1s,1,5896,2025-09-12 10:58:17,24104.75,24104.75,24104.5,24104.75,6,0.25,0,0,0.25,0,,,,
MNQ SEP25,1s,1,5897,2025-09-12 10:58:18,24104.5,24104.75,24104,24104.25,11,0.75,0.25,0.25,0.25,-1,,,,
MNQ SEP25,1s,1,5898,2025-09-12 10:58:19,24104.25,24104.75,24103.5,24104.25,33,1.25,0,0.5,0.75,0,,,,
MNQ SEP25,1s,1,5899,2025-09-12 10:58:20,24104.5,24104.75,24104,24104.75,12,0.75,0.25,0,0.5,1,,,,
MNQ SEP25,10s,10,5989,2025-09-12 10:58:20,24106.25,24106.5,24103.5,24104.75,198,3,1.5,0.25,1.25,-1,-359.55,-57.8,-45.78333333,-19.74
MNQ SEP25,20s,20,5994,2025-09-12 10:58:20,24104.25,24106.75,24103.5,24104.75,452,3.25,0.5,2,0.75,1,-401.55,-143.1,-61.56666667,-228.58
MNQ SEP25,1s,1,5900,2025-09-12 10:58:21,24104.25,24104.25,24103.75,24104.25,4,0.5,0,0,0.5,0,,,,
MNQ SEP25,1s,1,5901,2025-09-12 10:58:22,24104.25,24104.5,24104,24104.25,8,0.5,0,0.25,0.25,0,,,,
MNQ SEP25,1s,1,5902,2025-09-12 10:58:23,24104.25,24104.25,24102.5,24103,32,1.75,1.25,0,0.5,-1,,,,
MNQ SEP25,1s,1,5903,2025-09-12 10:58:24,24103.25,24103.25,24102.5,24102.75,30,0.75,0.5,0,0.25,-1,,,,
MNQ SEP25,1s,1,5904,2025-09-12 10:58:25,24102.25,24102.75,24102,24102.5,21,0.75,0.25,0.25,0.25,1,,,,
MNQ SEP25,1s,1,5905,2025-09-12 10:58:26,24102.75,24104,24102.75,24103.25,23,1.25,0.5,0.75,0,1,,,,
MNQ SEP25,1s,1,5906,2025-09-12 10:58:27,24103.75,24104,24103.5,24103.5,7,0.5,0.25,0.25,0,-1,,,,
MNQ SEP25,1s,1,5907,2025-09-12 10:58:28,24103.75,24104,24103.5,24103.5,9,0.5,0.25,0.25,0,-1,,,,
MNQ SEP25,1s,1,5908,2025-09-12 10:58:29,24103.25,24104.25,24103.25,24104.25,24,1,1,0,0,1,,,,
MNQ SEP25,1s,1,5909,2025-09-12 10:58:30,24103.5,24104,24103.25,24103.5,12,0.75,0,0.5,0.25,0,,,,
MNQ SEP25,10s,10,5990,2025-09-12 10:58:30,24104.25,24104.5,24102,24103.5,170,2.5,0.75,0.25,1.5,-1,-370.75,-11.2,-34.48333333,-26.47
MNQ SEP25,1s,1,5910,2025-09-12 10:58:31,24103.75,24104.5,24103.5,24104.25,36,1,0.5,0.25,0.25,1,,,,
MNQ SEP25,1s,1,5911,2025-09-12 10:58:32,24104.75,24104.75,24104,24104,15,0.75,0.75,0,0,-1,,,,
MNQ SEP25,1s,1,5912,2025-09-12 10:58:33,24104,24104,24103.25,24103.5,15,0.75,0.5,0,0.25,-1,,,,
MNQ SEP25,1s,1,5913,2025-09-12 10:58:34,24103.5,24104.25,24103.5,24104.25,7,0.75,0.75,0,0,1,,,,
MNQ SEP25,1s,1,5914,2025-09-12 10:58:35,24104,24104,24103.75,24103.75,8,0.25,0.25,0,0,-1,,,,
MNQ SEP25,1s,1,5915,2025-09-12 10:58:36,24103.5,24104,24103.5,24104,14,0.5,0.5,0,0,1,,,,
MNQ SEP25,1s,1,5916,2025-09-12 10:58:37,24104,24104,24103,24103,15,1,1,0,0,-1,,,,
MNQ SEP25,1s,1,5917,2025-09-12 10:58:38,24103,24103.25,24102.75,24103.25,14,0.5,0.25,0,0.25,1,,,,
MNQ SEP25,1s,1,5918,2025-09-12 10:58:39,24103.5,24104,24103.25,24103.25,10,0.75,0.25,0.5,0,-1,,,,
MNQ SEP25,1s,1,5919,2025-09-12 10:58:40,24103.5,24103.75,24103.25,24103.25,12,0.5,0.25,0.25,0,-1,,,,
MNQ SEP25,10s,10,5991,2025-09-12 10:58:40,24103.75,24104.75,24102.75,24103.25,146,2,0.5,1,0.5,-1,-305.85,64.9,-1.36666667,-16.73
MNQ SEP25,20s,20,5995,2025-09-12 10:58:40,24104.25,24104.75,24102,24103.25,316,2.75,1,0.5,1.25,-1,-447.7,-46.15,-60.16666667,-131.04
MNQ SEP25,1s,1,5920,2025-09-12 10:58:41,24103.5,24103.75,24103,24103,21,0.75,0.5,0.25,0,-1,,,,
MNQ SEP25,1s,1,5921,2025-09-12 10:58:42,24103.5,24103.5,24103.25,24103.25,2,0.25,0.25,0,0,-1,,,,
MNQ SEP25,1s,1,5922,2025-09-12 10:58:43,24103,24103,24102.5,24102.5,13,0.5,0.5,0,0,-1,,,,
MNQ SEP25,1s,1,5923,2025-09-12 10:58:44,24102.75,24102.75,24102,24102.25,18,0.75,0.5,0,0.25,-1,,,,
MNQ SEP25,1s,1,5924,2025-09-12 10:58:45,24102.5,24102.5,24102.25,24102.25,7,0.25,0.25,0,0,-1,,,,
MNQ SEP25,1s,1,5925,2025-09-12 10:58:46,24102.5,24102.5,24102,24102,11,0.5,0.5,0,0,-1,,,,
MNQ SEP25,1s,1,5926,2025-09-12 10:58:47,24102,24102.25,24101.75,24102,20,0.5,0,0.25,0.25,0,,,,
MNQ SEP25,1s,1,5927,2025-09-12 10:58:48,24102,24102.25,24101.75,24102,18,0.5,0,0.25,0.25,0,,,,
MNQ SEP25,1s,1,5928,2025-09-12 10:58:49,24102.25,24102.25,24101.5,24101.75,18,0.75,0.5,0,0.25,-1,,,,
MNQ SEP25,1s,1,5929,2025-09-12 10:58:50,24102,24103,24101.75,24102.75,45,1.25,0.75,0.25,0.25,1,,,,
MNQ SEP25,10s,10,5992,2025-09-12 10:58:50,24103.5,24103.75,24101.5,24102.75,173,2.25,0.75,0.25,1.25,-1,-218.25,87.6,47.1,9.81
MNQ SEP25,1s,1,5930,2025-09-12 10:58:51,24103,24103,24103,24103,9,0,0,0,0,0,,,,
MNQ SEP25,1s,1,5931,2025-09-12 10:58:52,24103.25,24103.5,24103,24103.5,34,0.5,0.25,0,0.25,1,,,,
MNQ SEP25,1s,1,5932,2025-09-12 10:58:53,24103.5,24103.5,24103,24103,8,0.5,0.5,0,0,-1,,,,
MNQ SEP25,1s,1,5933,2025-09-12 10:58:54,24103.25,24103.5,24103,24103,11,0.5,0.25,0.25,0,-1,,,,
MNQ SEP25,1s,1,5934,2025-09-12 10:58:55,24103.25,24103.25,24103,24103,3,0.25,0.25,0,0,-1,,,,
MNQ SEP25,1s,1,5935,2025-09-12 10:58:56,24103,24103,24102.75,24102.75,7,0.25,0.25,0,0,-1,,,,
MNQ SEP25,1s,1,5936,2025-09-12 10:58:57,24103.25,24103.25,24102.25,24102.25,10,1,1,0,0,-1,,,,
MNQ SEP25,1s,1,5937,2025-09-12 10:58:58,24102.5,24102.5,24102.25,24102.25,3,0.25,0.25,0,0,-1,,,,
MNQ SEP25,1s,1,5938,2025-09-12 10:58:59,24102,24102.75,24101.5,24102.75,25,1.25,0.75,0,0.5,1,,,,
MNQ SEP25,1s,1,5939,2025-09-12 10:59:00,24102.75,24103.5,24102.75,24103.5,23,0.75,0.75,0,0,1,,,,
MNQ SEP25,10s,10,5993,2025-09-12 10:59:00,24103,24103.5,24101.5,24103.5,133,2,0.5,0,1.5,1,-201.55,16.7,56.4,20.04
MNQ SEP25,20s,20,5996,2025-09-12 10:59:00,24103.5,24103.75,24101.5,24103.5,306,2.25,0,0.25,2,0,-538.85,-91.15,-93.46666667,-64.4
MNQ SEP25,1s,1,5940,2025-09-12 10:59:01,24103.25,24103.25,24103,24103.25,4,0.25,0,0,0.25,0,,,,
MNQ SEP25,1s,1,5941,2025-09-12 10:59:02,24103.25,24103.5,24103,24103.5,13,0.5,0.25,0,0.25,1,,,,
MNQ SEP25,1s,1,5942,2025-09-12 10:59:03,24103.75,24104.25,24103.75,24104,25,0.5,0.25,0.25,0,1,,,,
MNQ SEP25,1s,1,5943,2025-09-12 10:59:04,24104.25,24105.5,24104.25,24105.5,41,1.25,1.25,0,0,1,,,,
MNQ SEP25,1s,1,5944,2025-09-12 10:59:05,24105.75,24106,24105.5,24106,30,0.5,0.25,0,0.25,1,,,,
MNQ SEP25,1s,1,5945,2025-09-12 10:59:06,24106.25,24107,24105.75,24107,48,1.25,0.75,0,0.5,1,,,,
MNQ SEP25,1s,1,5946,2025-09-12 10:59:07,24107,24107.5,24106.75,24107.5,32,0.75,0.5,0,0.25,1,,,,
MNQ SEP25,1s,1,5947,2025-09-12 10:59:08,24107.5,24107.5,24106.5,24106.5,38,1,1,0,0,-1,,,,
MNQ SEP25,1s,1,5948,2025-09-12 10:59:09,24107,24107.25,24106.25,24107.25,41,1,0.25,0,0.75,1,,,,
MNQ SEP25,1s,1,5949,2025-09-12 10:59:10,24107.25,24107.25,24106.75,24107,14,0.5,0.25,0,0.25,-1,,,,
MNQ SEP25,10s,10,5994,2025-09-12 10:59:10,24103.25,24107.5,24103,24107,286,4.5,3.75,0.5,0.25,1,-153.75,47.8,50.7,41.16
MNQ SEP25,1s,1,5950,2025-09-12 10:59:11,24107.5,24109,24107.5,24108.5,101,1.5,1,0.5,0,1,,,,
MNQ SEP25,1s,1,5951,2025-09-12 10:59:12,24108.5,24108.75,24108.5,24108.75,42,0.25,0.25,0,0,1,,,,
MNQ SEP25,1s,1,5952,2025-09-12 10:59:13,24108.5,24109,24107.75,24108.5,76,1.25,0,0.5,0.75,0,,,,
MNQ SEP25,1s,1,5953,2025-09-12 10:59:14,24108.25,24108.75,24108,24108.25,40,0.75,0,0.5,0.25,0,,,,
MNQ SEP25,1s,1,5954,2025-09-12 10:59:15,24108.75,24109,24108,24108.5,44,1,0.25,0.25,0.5,-1,,,,
MNQ SEP25,1s,1,5955,2025-09-12 10:59:16,24108,24108.25,24107.75,24108,32,0.5,0,0.25,0.25,0,,,,
MNQ SEP25,1s,1,5956,2025-09-12 10:59:17,24107.75,24109,24107.75,24108,22,1.25,0.25,1,0,1,,,,
MNQ SEP25,1s,1,5957,2025-09-12 10:59:18,24108.5,24108.5,24107.75,24107.75,18,0.75,0.75,0,0,-1,,,,
MNQ SEP25,1s,1,5958,2025-09-12 10:59:19,24108,24108.5,24107.75,24108.25,10,0.75,0.25,0.25,0.25,1,,,,
MNQ SEP25,1s,1,5959,2025-09-12 10:59:20,24108.5,24108.5,24108,24108.25,14,0.5,0.25,0,0.25,-1,,,,
MNQ SEP25,10s,10,5995,2025-09-12 10:59:20,24107.5,24109,24107.5,24108.25,399,1.5,0.75,0.75,0,1,-110.75,43,35.83333333,52
MNQ SEP25,20s,20,5997,2025-09-12 10:59:20,24103.25,24109,24103,24108.25,685,6,5,0.75,0.25,1,-549.8,-10.95,-49.41666667,-56.52
MNQ SEP25,1s,1,5960,2025-09-12 10:59:21,24108.25,24108.25,24107,24107.5,36,1.25,0.75,0,0.5,-1,,,,
MNQ SEP25,1s,1,5961,2025-09-12 10:59:22,24108,24108.75,24108,24108.25,34,0.75,0.25,0.5,0,1,,,,
MNQ SEP25,1s,1,5962,2025-09-12 10:59:23,24108,24108,24107.5,24108,27,0.5,0,0,0.5,0,,,,
MNQ SEP25,1s,1,5963,2025-09-12 10:59:24,24108.25,24108.5,24108,24108.25,16,0.5,0,0.25,0.25,0,,,,
MNQ SEP25,1s,1,5964,2025-09-12 10:59:25,24108,24108.5,24108,24108,13,0.5,0,0.5,0,0,,,,
MNQ SEP25,1s,1,5965,2025-09-12 10:59:26,24108.5,24108.5,24107.5,24107.5,13,1,1,0,0,-1,,,,
MNQ SEP25,1s,1,5966,2025-09-12 10:59:27,24107.5,24107.75,24107.25,24107.5,12,0.5,0,0.25,0.25,0,,,,
MNQ SEP25,1s,1,5967,2025-09-12 10:59:28,24107.5,24107.75,24107.25,24107.25,7,0.5,0.25,0.25,0,-1,,,,
MNQ SEP25,1s,1,5968,2025-09-12 10:59:29,24107.25,24107.75,24107.25,24107.75,22,0.5,0.5,0,0,1,,,,
MNQ SEP25,1s,1,5969,2025-09-12 10:59:30,24107.5,24108,24107.5,24108,4,0.5,0.5,0,0,1,,,,
MNQ SEP25,10s,10,5996,2025-09-12 10:59:30,24108.25,24108.75,24107,24108,184,1.75,0.25,0.5,1,-1,-96.15,14.6,35.13333333,41.94
MNQ SEP25,1s,1,5970,2025-09-12 10:59:31,24108,24108.25,24107.75,24108.25,8,0.5,0.25,0,0.25,1,,,,
MNQ SEP25,1s,1,5971,2025-09-12 10:59:32,24108.5,24108.5,24107.5,24107.75,11,1,0.75,0,0.25,-1,,,,
MNQ SEP25,1s,1,5972,2025-09-12 10:59:33,24108,24108.25,24107.75,24107.75,20,0.5,0.25,0.25,0,-1,,,,
MNQ SEP25,1s,1,5973,2025-09-12 10:59:34,24107.5,24108,24107.25,24107.25,22,0.75,0.25,0.5,0,-1,,,,
MNQ SEP25,1s,1,5974,2025-09-12 10:59:35,24107.75,24107.75,24107.5,24107.5,8,0.25,0.25,0,0,-1,,,,
MNQ SEP25,1s,1,5975,2025-09-12 10:59:36,24107.75,24108.25,24107.25,24108.25,13,1,0.5,0,0.5,1,,,,
MNQ SEP25,1s,1,5976,2025-09-12 10:59:37,24108,24108,24107.5,24108,29,0.5,0,0,0.5,0,,,,
MNQ SEP25,1s,1,5977,2025-09-12 10:59:38,24107.25,24108,24106.75,24106.75,33,1.25,0.5,0.75,0,-1,,,,
MNQ SEP25,1s,1,5978,2025-09-12 10:59:39,24106.75,24107.25,24106.75,24107.25,4,0.5,0.5,0,0,1,,,,
MNQ SEP25,1s,1,5979,2025-09-12 10:59:40,24107,24107.25,24106.75,24107,127,0.5,0,0.25,0.25,0,,,,
MNQ SEP25,10s,10,5997,2025-09-12 10:59:40,24108,24108.5,24106.75,24107,275,1.75,1,0.5,0.25,-1,-75,21.15,26.25,28.65
MNQ SEP25,20s,20,5998,2025-09-12 10:59:40,24108.25,24108.75,24106.75,24107,459,2,1.25,0.5,0.25,-1,-544.85,4.95,-32.38333333,-57.28
MNQ SEP25,1s,1,5980,2025-09-12 10:59:41,24107.25,24107.25,24106.5,24106.5,14,0.75,0.75,0,0,-1,,,,
MNQ SEP25,1s,1,5981,2025-09-12 10:59:42,24106.5,24107,24105.5,24105.75,58,1.5,0.75,0.5,0.25,-1,,,,
MNQ SEP25,1s,1,5982,2025-09-12 10:59:43,24105.75,24106,24105.25,24105.5,35,0.75,0.25,0.25,0.25,-1,,,,
MNQ SEP25,1s,1,5983,2025-09-12 10:59:44,24105.5,24105.5,24105,24105.25,19,0.5,0.25,0,0.25,-1,,,,
MNQ SEP25,1s,1,5984,2025-09-12 10:59:45,24105,24105.75,24105,24105.5,26,0.75,0.5,0.25,0,1,,,,
MNQ SEP25,1s,1,5985,2025-09-12 10:59:46,24105,24105.5,24105,24105.25,28,0.5,0.25,0.25,0,1,,,,
MNQ SEP25,1s,1,5986,2025-09-12 10:59:47,24105.25,24106,24105.25,24105.75,26,0.75,0.5,0.25,0,1,,,,
MNQ SEP25,1s,1,5987,2025-09-12 10:59:48,24105.75,24105.75,24105.25,24105.25,12,0.5,0.5,0,0,-1,,,,
MNQ SEP25,1s,1,5988,2025-09-12 10:59:49,24105.75,24106.75,24105.5,24106.75,30,1.25,1,0,0.25,1,,,,
MNQ SEP25,1s,1,5989,2025-09-12 10:59:50,24106.5,24107,24106.5,24107,17,0.5,0.5,0,0,1,,,,
MNQ SEP25,10s,10,5998,2025-09-12 10:59:50,24107.25,24107.25,24105,24107,265,2.25,0.25,0,2,-1,-28,47,27.58333333,34.71
MNQ SEP25,1s,1,5990,2025-09-12 10:59:51,24107,24107,24106.5,24106.5,14,0.5,0.5,0,0,-1,,,,
MNQ SEP25,1s,1,5991,2025-09-12 10:59:52,24107,24107.5,24107,24107.25,20,0.5,0.25,0.25,0,1,,,,
MNQ SEP25,1s,1,5992,2025-09-12 10:59:53,24107.5,24107.5,24106.5,24106.5,26,1,1,0,0,-1,,,,
MNQ SEP25,1s,1,5993,2025-09-12 10:59:54,24106.25,24106.5,24105.5,24106.5,16,1,0.25,0,0.75,1,,,,
MNQ SEP25,1s,1,5994,2025-09-12 10:59:55,24106.25,24106.25,24105.75,24106.25,11,0.5,0,0,0.5,0,,,,
MNQ SEP25,1s,1,5995,2025-09-12 10:59:56,24106.25,24106.25,24106,24106.25,5,0.25,0,0,0.25,0,,,,
MNQ SEP25,1s,1,5996,2025-09-12 10:59:57,24105.75,24106.5,24105.75,24106.25,15,0.75,0.5,0.25,0,1,,,,
MNQ SEP25,1s,1,5997,2025-09-12 10:59:58,24106.25,24106.75,24106,24106.5,17,0.75,0.25,0.25,0.25,1,,,,
MNQ SEP25,1s,1,5998,2025-09-12 10:59:59,24106.25,24106.5,24106,24106,10,0.5,0.25,0.25,0,-1,,,,
