Instrument,Series,SeriesSeconds,BarIndex,Time,Open,High,Low,Close,Volume,Range,Body,UpperWick,LowerWick,Direction,VO,VO_Change,VO_Slope3,VO_Slope5
MNQ SEP25,1s,1,0,2025-07-14 09:19:42,22897.5,22897.5,22897.5,22897.5,1,0,0,0,0,0,,,,
MNQ SEP25,1s,1,1,2025-07-14 09:19:43,22897.25,22897.5,22897,22897,3,0.5,0.25,0.25,0,-1,,,,
MNQ SEP25,1s,1,2,2025-07-14 09:19:45,22897.25,22897.25,22897.25,22897.25,3,0,0,0,0,0,,,,
MNQ SEP25,1s,1,3,2025-07-14 09:19:47,22897.25,22898.25,22897.25,22898,9,1,0.75,0.25,0,1,,,,
MNQ SEP25,1s,1,4,2025-07-14 09:19:48,22897.75,22897.75,22897.75,22897.75,3,0,0,0,0,0,,,,
MNQ SEP25,1s,1,5,2025-07-14 09:19:49,22897.5,22897.75,22897,22897.75,8,0.75,0.25,0,0.5,1,,,,
MNQ SEP25,1s,1,6,2025-07-14 09:19:50,22896.75,22897.5,22896.75,22897.5,6,0.75,0.75,0,0,1,,,,
MNQ SEP25,10s,10,5398,2025-07-14 09:19:50,22897.75,22898.25,22896.75,22897.5,39,1.5,0.25,0.5,0.75,-1,15.2,0.85,9.4,3.46
MNQ SEP25,1s,1,7,2025-07-14 09:19:51,22897.25,22897.25,22896.75,22896.75,3,0.5,0.5,0,0,-1,,,,
MNQ SEP25,1s,1,8,2025-07-14 09:19:52,22896.75,22897.25,22896.5,22896.5,26,0.75,0.25,0.5,0,-1,,,,
MNQ SEP25,1s,1,9,2025-07-14 09:19:54,22896.5,22896.5,22896.5,22896.5,1,0,0,0,0,0,,,,
MNQ SEP25,1s,1,10,2025-07-14 09:19:55,22896.75,22897.25,22896.75,22897.25,3,0.5,0.5,0,0,1,,,,
MNQ SEP25,1s,1,11,2025-07-14 09:19:56,22897.25,22897.5,22897.25,22897.5,7,0.25,0.25,0,0,1,,,,
MNQ SEP25,1s,1,12,2025-07-14 09:19:57,22897.75,22898.5,22897.75,22898.5,3,0.75,0.75,0,0,1,,,,
MNQ SEP25,1s,1,13,2025-07-14 09:19:58,22897.75,22897.75,22897.75,22897.75,2,0,0,0,0,0,,,,
MNQ SEP25,1s,1,14,2025-07-14 09:20:00,22897.75,22897.75,22897,22897,6,0.75,0.75,0,0,-1,,,,
MNQ SEP25,10s,10,5399,2025-07-14 09:20:00,22897.25,22898.5,22896.5,22897,51,2,0.25,1.25,0.5,-1,20.85,5.65,6.76666667,5.47
MNQ SEP25,20s,20,5699,2025-07-14 09:20:00,22897.75,22898.5,22896.5,22897,90,2,0.75,0.75,0.5,-1,-13.55,-0.7,12.1,6.15
MNQ SEP25,1s,1,15,2025-07-14 09:20:01,22896.75,22896.75,22896.25,22896.25,14,0.5,0.5,0,0,-1,,,,
MNQ SEP25,1s,1,16,2025-07-14 09:20:02,22896.5,22896.75,22896.5,22896.75,5,0.25,0.25,0,0,1,,,,
MNQ SEP25,1s,1,17,2025-07-14 09:20:03,22897,22897.5,22897,22897.5,15,0.5,0.5,0,0,1,,,,
MNQ SEP25,1s,1,18,2025-07-14 09:20:04,22897.5,22897.5,22897.25,22897.5,14,0.25,0,0,0.25,0,,,,
MNQ SEP25,1s,1,19,2025-07-14 09:20:05,22897.75,22897.75,22897.25,22897.25,2,0.5,0.5,0,0,-1,,,,
MNQ SEP25,1s,1,20,2025-07-14 09:20:06,22897.75,22898,22897.75,22897.75,6,0.25,0,0.25,0,0,,,,
MNQ SEP25,1s,1,21,2025-07-14 09:20:07,22898,22898.5,22897.75,22897.75,13,0.75,0.25,0.5,0,-1,,,,
MNQ SEP25,1s,1,22,2025-07-14 09:20:08,22898.25,22898.25,22896.75,22897.25,12,1.5,1,0,0.5,-1,,,,
MNQ SEP25,1s,1,23,2025-07-14 09:20:09,22897.25,22897.25,22896.75,22897,8,0.5,0.25,0,0.25,-1,,,,
MNQ SEP25,1s,1,24,2025-07-14 09:20:10,22897,22897.25,22897,22897.25,3,0.25,0.25,0,0,1,,,,
MNQ SEP25,10s,10,5400,2025-07-14 09:20:10,22896.75,22898.5,22896.25,22897.25,92,2.25,0.5,1.25,0.5,1,26.8,5.95,4.15,7.96
MNQ SEP25,1s,1,25,2025-07-14 09:20:11,22897.5,22897.75,22897.5,22897.75,4,0.25,0.25,0,0,1,,,,
MNQ SEP25,1s,1,26,2025-07-14 09:20:12,22898,22898,22898,22898,4,0,0,0,0,0,,,,
MNQ SEP25,1s,1,27,2025-07-14 09:20:13,22898,22898.75,22898,22898.75,30,0.75,0.75,0,0,1,,,,
MNQ SEP25,1s,1,28,2025-07-14 09:20:14,22898,22898.75,22898,22898.75,9,0.75,0.75,0,0,1,,,,
MNQ SEP25,1s,1,29,2025-07-14 09:20:15,22899,22899.25,22899,22899.25,4,0.25,0.25,0,0,1,,,,
MNQ SEP25,1s,1,30,2025-07-14 09:20:16,22898.75,22899.25,22898.75,22899.25,2,0.5,0.5,0,0,1,,,,
MNQ SEP25,1s,1,31,2025-07-14 09:20:17,22899.25,22899.5,22898.75,22898.75,17,0.75,0.5,0.25,0,-1,,,,
MNQ SEP25,1s,1,32,2025-07-14 09:20:18,22898.25,22898.25,22898.25,22898.25,4,0,0,0,0,0,,,,
MNQ SEP25,1s,1,33,2025-07-14 09:20:19,22898.5,22898.5,22897.5,22897.5,34,1,1,0,0,-1,,,,
MNQ SEP25,1s,1,34,2025-07-14 09:20:20,22898.25,22898.5,22898.25,22898.5,6,0.25,0.25,0,0,1,,,,
MNQ SEP25,10s,10,5401,2025-07-14 09:20:20,22897.5,22899.5,22897.5,22898.5,114,2,1,1,0,1,19.7,-7.1,1.5,3.83
MNQ SEP25,20s,20,5700,2025-07-14 09:20:20,22896.75,22899.5,22896.25,22898.5,206,3.25,1.75,1,0.5,1,-7.9,5.65,11.36666667,8.42
MNQ SEP25,1s,1,35,2025-07-14 09:20:21,22898.25,22898.25,22898.25,22898.25,1,0,0,0,0,0,,,,
MNQ SEP25,1s,1,36,2025-07-14 09:20:22,22898.75,22899.5,22898.75,22899.5,33,0.75,0.75,0,0,1,,,,
MNQ SEP25,1s,1,37,2025-07-14 09:20:23,22898.75,22898.75,22898.5,22898.5,6,0.25,0.25,0,0,-1,,,,
MNQ SEP25,1s,1,38,2025-07-14 09:20:24,22898.5,22898.75,22898.5,22898.75,4,0.25,0.25,0,0,1,,,,
MNQ SEP25,1s,1,39,2025-07-14 09:20:25,22899,22899.25,22899,22899.25,8,0.25,0.25,0,0,1,,,,
MNQ SEP25,1s,1,40,2025-07-14 09:20:26,22899,22899.5,22899,22899.5,2,0.5,0.5,0,0,1,,,,
MNQ SEP25,1s,1,41,2025-07-14 09:20:27,22899.75,22900,22899.75,22900,17,0.25,0.25,0,0,1,,,,
MNQ SEP25,1s,1,42,2025-07-14 09:20:28,22899.75,22899.75,22899.75,22899.75,2,0,0,0,0,0,,,,
MNQ SEP25,1s,1,43,2025-07-14 09:20:29,22899.75,22900,22899.75,22900,3,0.25,0.25,0,0,1,,,,
MNQ SEP25,1s,1,44,2025-07-14 09:20:30,22900,22900.25,22900,22900.25,10,0.25,0.25,0,0,1,,,,
MNQ SEP25,10s,10,5402,2025-07-14 09:20:30,22898.25,22900.25,22898.25,22900.25,86,2,2,0,0,1,13.55,-6.15,-2.43333333,-0.16
MNQ SEP25,1s,1,45,2025-07-14 09:20:31,22900.5,22901.5,22900.5,22901.25,20,1,0.75,0.25,0,1,,,,
MNQ SEP25,1s,1,46,2025-07-14 09:20:32,22901.5,22901.5,22901,22901,12,0.5,0.5,0,0,-1,,,,
MNQ SEP25,1s,1,47,2025-07-14 09:20:33,22900.75,22901.5,22900.75,22901,8,0.75,0.25,0.5,0,1,,,,
MNQ SEP25,1s,1,48,2025-07-14 09:20:34,22901.5,22901.5,22900,22900,31,1.5,1.5,0,0,-1,,,,
MNQ SEP25,1s,1,49,2025-07-14 09:20:35,22901.25,22901.25,22901.25,22901.25,1,0,0,0,0,0,,,,
MNQ SEP25,1s,1,50,2025-07-14 09:20:36,22901.5,22901.5,22901,22901.5,3,0.5,0,0,0.5,0,,,,
MNQ SEP25,1s,1,51,2025-07-14 09:20:37,22901.5,22901.5,22901,22901,3,0.5,0.5,0,0,-1,,,,
MNQ SEP25,1s,1,52,2025-07-14 09:20:38,22901,22903,22900.75,22902.5,68,2.25,1.5,0.5,0.25,1,,,,
MNQ SEP25,1s,1,53,2025-07-14 09:20:39,22902,22902.5,22902,22902.5,4,0.5,0.5,0,0,1,,,,
MNQ SEP25,1s,1,54,2025-07-14 09:20:40,22902,22902.5,22902,22902.5,7,0.5,0.5,0,0,1,,,,
MNQ SEP25,10s,10,5403,2025-07-14 09:20:40,22900.5,22903,22900,22902.5,157,3,2,0.5,0.5,1,30.8,17.25,1.33333333,3.12
MNQ SEP25,20s,20,5701,2025-07-14 09:20:40,22898.25,22903,22898.25,22902.5,243,4.75,4.25,0.5,0,1,10.35,18.25,7.73333333,12.04
MNQ SEP25,1s,1,55,2025-07-14 09:20:41,22902.25,22904.25,22902.25,22902.5,65,2,0.25,1.75,0,1,,,,
MNQ SEP25,1s,1,56,2025-07-14 09:20:42,22902.75,22903,22902.25,22903,9,0.75,0.25,0,0.5,1,,,,
MNQ SEP25,1s,1,57,2025-07-14 09:20:43,22903.5,22903.5,22903.5,22903.5,2,0,0,0,0,0,,,,
MNQ SEP25,1s,1,58,2025-07-14 09:20:44,22903,22903.5,22903,22903.25,4,0.5,0.25,0.25,0,1,,,,
MNQ SEP25,1s,1,59,2025-07-14 09:20:45,22903.5,22903.5,22903.25,22903.5,9,0.25,0,0,0.25,0,,,,
MNQ SEP25,1s,1,60,2025-07-14 09:20:46,22903.75,22904,22902.75,22903.5,33,1.25,0.25,0.25,0.75,-1,,,,
MNQ SEP25,1s,1,61,2025-07-14 09:20:47,22903.25,22903.5,22903,22903.5,3,0.5,0.25,0,0.25,1,,,,
MNQ SEP25,1s,1,62,2025-07-14 09:20:48,22903.75,22903.75,22903.75,22903.75,8,0,0,0,0,0,,,,
MNQ SEP25,1s,1,63,2025-07-14 09:20:49,22904,22904,22903.25,22903.25,2,0.75,0.75,0,0,-1,,,,
MNQ SEP25,10s,10,5404,2025-07-14 09:20:50,22902.25,22904.25,22902.25,22903.25,135,2,1,1,0,1,42.3,11.5,7.53333333,4.29
MNQ SEP25,1s,1,64,2025-07-14 09:20:51,22903.25,22904,22903.25,22904,12,0.75,0.75,0,0,1,,,,
MNQ SEP25,1s,1,65,2025-07-14 09:20:52,22903.75,22904.25,22903.75,22903.75,12,0.5,0,0.5,0,0,,,,
MNQ SEP25,1s,1,66,2025-07-14 09:20:53,22904,22904,22903.5,22903.5,9,0.5,0.5,0,0,-1,,,,
MNQ SEP25,1s,1,67,2025-07-14 09:20:54,22903.75,22903.75,22903.75,22903.75,1,0,0,0,0,0,,,,
MNQ SEP25,1s,1,68,2025-07-14 09:20:55,22904.25,22904.25,22904,22904,6,0.25,0.25,0,0,-1,,,,
MNQ SEP25,1s,1,69,2025-07-14 09:20:56,22903.5,22903.5,22902.25,22902.75,12,1.25,0.75,0,0.5,-1,,,,
MNQ SEP25,1s,1,70,2025-07-14 09:20:57,22902.75,22902.75,22902.25,22902.25,5,0.5,0.5,0,0,-1,,,,
MNQ SEP25,1s,1,71,2025-07-14 09:20:58,22902,22902,22902,22902,1,0,0,0,0,0,,,,
MNQ SEP25,1s,1,72,2025-07-14 09:20:59,22902.5,22902.5,22902.5,22902.5,3,0,0,0,0,0,,,,
MNQ SEP25,1s,1,73,2025-07-14 09:21:00,22902,22902.5,22902,22902.5,2,0.5,0.5,0,0,1,,,,
MNQ SEP25,10s,10,5405,2025-07-14 09:21:00,22903.25,22904.25,22902,22902.5,63,2.25,0.75,1,0.5,-1,35.9,-6.4,7.45,1.82
MNQ SEP25,20s,20,5702,2025-07-14 09:21:00,22902.25,22904.25,22902,22902.5,198,2.25,0.25,1.75,0.25,1,37.2,26.85,16.91666667,15.84
MNQ SEP25,1s,1,74,2025-07-14 09:21:01,22902,22903,22900.75,22903,62,2.25,1,0,1.25,1,,,,
MNQ SEP25,1s,1,75,2025-07-14 09:21:02,22902.75,22903.25,22902.75,22903.25,2,0.5,0.5,0,0,1,,,,
MNQ SEP25,1s,1,76,2025-07-14 09:21:03,22903.25,22903.5,22903.25,22903.5,4,0.25,0.25,0,0,1,,,,
MNQ SEP25,1s,1,77,2025-07-14 09:21:04,22903.5,22903.5,22903.5,22903.5,3,0,0,0,0,0,,,,
MNQ SEP25,1s,1,78,2025-07-14 09:21:05,22903.75,22904,22903.75,22904,4,0.25,0.25,0,0,1,,,,
MNQ SEP25,1s,1,79,2025-07-14 09:21:06,22903.5,22903.5,22903.5,22903.5,4,0,0,0,0,0,,,,
MNQ SEP25,1s,1,80,2025-07-14 09:21:08,22902.75,22902.75,22902.75,22902.75,1,0,0,0,0,0,,,,
MNQ SEP25,1s,1,81,2025-07-14 09:21:09,22903.25,22903.25,22902.75,22903.25,4,0.5,0,0,0.5,0,,,,
MNQ SEP25,1s,1,82,2025-07-14 09:21:10,22903.75,22905.25,22903.75,22904.5,33,1.5,0.75,0.75,0,1,,,,
MNQ SEP25,10s,10,5406,2025-07-14 09:21:10,22902,22905.25,22900.75,22904.5,117,4.5,2.5,0.75,1.25,1,33.55,-2.35,0.91666667,2.77
MNQ SEP25,1s,1,83,2025-07-14 09:21:11,22905.25,22905.25,22904.75,22904.75,8,0.5,0.5,0,0,-1,,,,
MNQ SEP25,1s,1,84,2025-07-14 09:21:12,22904.75,22904.75,22904.5,22904.75,4,0.25,0,0,0.25,0,,,,
MNQ SEP25,1s,1,85,2025-07-14 09:21:13,22904.75,22904.75,22904.25,22904.25,3,0.5,0.5,0,0,-1,,,,
MNQ SEP25,1s,1,86,2025-07-14 09:21:14,22904.75,22904.75,22904.75,22904.75,2,0,0,0,0,0,,,,
MNQ SEP25,1s,1,87,2025-07-14 09:21:15,22904.25,22904.75,22904.25,22904.75,12,0.5,0.5,0,0,1,,,,
MNQ SEP25,1s,1,88,2025-07-14 09:21:16,22905,22905.25,22904.75,22905.25,20,0.5,0.25,0,0.25,1,,,,
MNQ SEP25,1s,1,89,2025-07-14 09:21:17,22905.25,22905.25,22905.25,22905.25,5,0,0,0,0,0,,,,
MNQ SEP25,1s,1,90,2025-07-14 09:21:18,22905.25,22905.25,22905.25,22905.25,1,0,0,0,0,0,,,,
MNQ SEP25,1s,1,91,2025-07-14 09:21:19,22904.75,22905.25,22904.75,22904.75,7,0.5,0,0.5,0,0,,,,
MNQ SEP25,1s,1,92,2025-07-14 09:21:20,22904.75,22905,22904.75,22905,6,0.25,0.25,0,0,1,,,,
MNQ SEP25,10s,10,5407,2025-07-14 09:21:20,22905.25,22905.25,22904.25,22905,68,1,0.25,0,0.75,-1,27.6,-5.95,-4.9,2.81
MNQ SEP25,20s,20,5703,2025-07-14 09:21:20,22902,22905.25,22900.75,22905,185,4.5,3,0.25,1.25,1,26.35,-10.85,11.41666667,7.84
MNQ SEP25,1s,1,93,2025-07-14 09:21:21,22904.5,22904.5,22904.5,22904.5,1,0,0,0,0,0,,,,
MNQ SEP25,1s,1,94,2025-07-14 09:21:22,22905,22905,22905,22905,1,0,0,0,0,0,,,,
MNQ SEP25,1s,1,95,2025-07-14 09:21:23,22904.5,22905,22904.5,22905,3,0.5,0.5,0,0,1,,,,
MNQ SEP25,1s,1,96,2025-07-14 09:21:24,22904.5,22904.5,22904.5,22904.5,1,0,0,0,0,0,,,,
MNQ SEP25,1s,1,97,2025-07-14 09:21:25,22904.5,22905.25,22904.5,22905.25,4,0.75,0.75,0,0,1,,,,
MNQ SEP25,1s,1,98,2025-07-14 09:21:26,22904.75,22904.75,22904.75,22904.75,1,0,0,0,0,0,,,,
MNQ SEP25,1s,1,99,2025-07-14 09:21:28,22904.25,22905,22904.25,22905,3,0.75,0.75,0,0,1,,,,
MNQ SEP25,1s,1,100,2025-07-14 09:21:29,22904.25,22904.75,22904.25,22904.5,4,0.5,0.25,0.25,0,1,,,,
MNQ SEP25,1s,1,101,2025-07-14 09:21:30,22904.5,22904.5,22904.25,22904.25,7,0.25,0.25,0,0,-1,,,,
MNQ SEP25,10s,10,5408,2025-07-14 09:21:30,22904.5,22905.25,22904.25,22904.25,25,1,0.25,0.75,0,-1,0.75,-26.85,-11.71666667,-6.01
MNQ SEP25,1s,1,102,2025-07-14 09:21:31,22904.25,22904.5,22904.25,22904.5,3,0.25,0.25,0,0,1,,,,
MNQ SEP25,1s,1,103,2025-07-14 09:21:32,22904.75,22904.75,22904.75,22904.75,1,0,0,0,0,0,,,,
MNQ SEP25,1s,1,104,2025-07-14 09:21:34,22905,22905,22903.75,22903.75,22,1.25,1.25,0,0,-1,,,,
MNQ SEP25,1s,1,105,2025-07-14 09:21:35,22903.75,22904,22903.75,22904,5,0.25,0.25,0,0,1,,,,
MNQ SEP25,1s,1,106,2025-07-14 09:21:37,22903.5,22904.5,22903.25,22903.25,14,1.25,0.25,1,0,-1,,,,
MNQ SEP25,1s,1,107,2025-07-14 09:21:38,22903.5,22903.75,22903,22903.75,6,0.75,0.25,0,0.5,1,,,,
MNQ SEP25,1s,1,108,2025-07-14 09:21:39,22903.75,22903.75,22903.75,22903.75,1,0,0,0,0,0,,,,
MNQ SEP25,1s,1,109,2025-07-14 09:21:40,22903.75,22903.75,22903.75,22903.75,1,0,0,0,0,0,,,,
MNQ SEP25,10s,10,5409,2025-07-14 09:21:40,22904.25,22905,22903,22903.75,53,2,0.5,0.75,0.75,-1,-14.65,-15.4,-16.06666667,-11.39
MNQ SEP25,20s,20,5704,2025-07-14 09:21:40,22904.5,22905.25,22903,22903.75,78,2.25,0.75,0.75,0.75,-1,26.35,0,5.33333333,7.98
MNQ SEP25,1s,1,110,2025-07-14 09:21:41,22903.75,22903.75,22903.5,22903.5,9,0.25,0.25,0,0,-1,,,,
MNQ SEP25,1s,1,111,2025-07-14 09:21:42,22904,22904,22903.75,22903.75,5,0.25,0.25,0,0,-1,,,,
MNQ SEP25,1s,1,112,2025-07-14 09:21:43,22904.25,22904.25,22903.75,22903.75,2,0.5,0.5,0,0,-1,,,,
MNQ SEP25,1s,1,113,2025-07-14 09:21:44,22903.5,22903.5,22903.25,22903.25,6,0.25,0.25,0,0,-1,,,,
MNQ SEP25,1s,1,114,2025-07-14 09:21:45,22903.5,22903.75,22903.5,22903.5,4,0.25,0,0.25,0,0,,,,
MNQ SEP25,1s,1,115,2025-07-14 09:21:46,22904,22904.5,22904,22904.5,40,0.5,0.5,0,0,1,,,,
MNQ SEP25,1s,1,116,2025-07-14 09:21:47,22904.25,22904.75,22904,22904.25,6,0.75,0,0.5,0.25,0,,,,
MNQ SEP25,1s,1,117,2025-07-14 09:21:48,22904,22904,22903.75,22903.75,10,0.25,0.25,0,0,-1,,,,
MNQ SEP25,1s,1,118,2025-07-14 09:21:49,22904.5,22905,22904.5,22905,5,0.5,0.5,0,0,1,,,,
MNQ SEP25,10s,10,5410,2025-07-14 09:21:50,22903.75,22905,22903.25,22905,87,1.75,1.25,0,0.5,1,-9.95,4.7,-12.51666667,-9.17
MNQ SEP25,1s,1,119,2025-07-14 09:21:51,22905,22905.25,22905,22905.25,4,0.25,0.25,0,0,1,,,,
MNQ SEP25,1s,1,120,2025-07-14 09:21:52,22905,22905,22905,22905,1,0,0,0,0,0,,,,
MNQ SEP25,1s,1,121,2025-07-14 09:21:54,22905.5,22906,22905.5,22905.75,17,0.5,0.25,0.25,0,1,,,,
MNQ SEP25,1s,1,122,2025-07-14 09:21:55,22906,22906.5,22905.75,22906.25,26,0.75,0.25,0.25,0.25,1,,,,
MNQ SEP25,1s,1,123,2025-07-14 09:21:56,22906.5,22907.25,22906.25,22906.75,69,1,0.25,0.5,0.25,1,,,,
MNQ SEP25,1s,1,124,2025-07-14 09:21:57,22906.5,22907.25,22906.25,22906.75,27,1,0.25,0.5,0.25,1,,,,
MNQ SEP25,1s,1,125,2025-07-14 09:21:58,22907,22908,22906.5,22907,65,1.5,0,1,0.5,0,,,,
MNQ SEP25,1s,1,126,2025-07-14 09:21:59,22907,22907.5,22906.5,22907,29,1,0,0.5,0.5,0,,,,
MNQ SEP25,1s,1,127,2025-07-14 09:22:00,22907.25,22907.5,22907,22907,7,0.5,0.25,0.25,0,-1,,,,
MNQ SEP25,10s,10,5411,2025-07-14 09:22:00,22905,22908,22905,22907,245,3,2,1,0,1,6.1,16.05,1.78333333,-5.49
MNQ SEP25,20s,20,5705,2025-07-14 09:22:00,22903.75,22908,22903.25,22907,332,4.75,3.25,1,0.5,1,50.65,24.3,4.48333333,11.71
MNQ SEP25,1s,1,128,2025-07-14 09:22:01,22906.75,22907.25,22906.5,22907.25,16,0.75,0.5,0,0.25,1,,,,
MNQ SEP25,1s,1,129,2025-07-14 09:22:02,22907,22907.5,22907,22907.5,5,0.5,0.5,0,0,1,,,,
MNQ SEP25,1s,1,130,2025-07-14 09:22:03,22907,22908.25,22906.75,22908.25,29,1.5,1.25,0,0.25,1,,,,
MNQ SEP25,1s,1,131,2025-07-14 09:22:04,22908.25,22909,22907.75,22907.75,52,1.25,0.5,0.75,0,-1,,,,
MNQ SEP25,1s,1,132,2025-07-14 09:22:05,22908,22908.25,22906.75,22907.5,21,1.5,0.5,0.25,0.75,-1,,,,
MNQ SEP25,1s,1,133,2025-07-14 09:22:06,22907.75,22908,22907.25,22907.5,21,0.75,0.25,0.25,0.25,-1,,,,
MNQ SEP25,1s,1,134,2025-07-14 09:22:07,22907,22907.5,22906.5,22906.5,11,1,0.5,0.5,0,-1,,,,
MNQ SEP25,1s,1,135,2025-07-14 09:22:08,22907.25,22907.5,22907.25,22907.25,13,0.25,0,0.25,0,0,,,,
MNQ SEP25,1s,1,136,2025-07-14 09:22:09,22906.75,22908.25,22906.75,22907.5,15,1.5,0.75,0.75,0,1,,,,
MNQ SEP25,1s,1,137,2025-07-14 09:22:10,22908,22908.25,22907.5,22908.25,10,0.75,0.25,0,0.5,1,,,,
MNQ SEP25,10s,10,5412,2025-07-14 09:22:10,22906.75,22909,22906.5,22908.25,193,2.5,1.5,0.75,0.25,1,24.25,18.15,12.96666667,-0.67
MNQ SEP25,1s,1,138,2025-07-14 09:22:11,22908.25,22908.75,22908,22908.25,10,0.75,0,0.5,0.25,0,,,,
MNQ SEP25,1s,1,139,2025-07-14 09:22:12,22908.25,22908.25,22908.25,22908.25,1,0,0,0,0,0,,,,
MNQ SEP25,1s,1,140,2025-07-14 09:22:13,22908.5,22908.5,22908.25,22908.25,7,0.25,0.25,0,0,-1,,,,
MNQ SEP25,1s,1,141,2025-07-14 09:22:14,22908.5,22908.75,22908,22908.5,6,0.75,0,0.25,0.5,0,,,,
MNQ SEP25,1s,1,142,2025-07-14 09:22:15,22908,22908.75,22908,22908.5,13,0.75,0.5,0.25,0,1,,,,
MNQ SEP25,1s,1,143,2025-07-14 09:22:16,22908.5,22908.5,22908.5,22908.5,5,0,0,0,0,0,,,,
MNQ SEP25,1s,1,144,2025-07-14 09:22:17,22908.75,22908.75,22908.75,22908.75,2,0,0,0,0,0,,,,
MNQ SEP25,1s,1,145,2025-07-14 09:22:18,22908.75,22909,22908.25,22908.25,12,0.75,0.5,0.25,0,-1,,,,
MNQ SEP25,1s,1,146,2025-07-14 09:22:19,22908.5,22909,22908,22908.75,21,1,0.25,0.25,0.5,1,,,,
MNQ SEP25,1s,1,147,2025-07-14 09:22:20,22908.75,22908.75,22908.75,22908.75,2,0,0,0,0,0,,,,
MNQ SEP25,10s,10,5413,2025-07-14 09:22:20,22908.25,22909,22908,22908.75,79,1,0.5,0.25,0.25,1,33.8,9.55,14.58333333,6.61
MNQ SEP25,20s,20,5706,2025-07-14 09:22:20,22906.75,22909,22906.5,22908.75,272,2.5,2,0.25,0.25,1,48.9,-1.75,7.51666667,7.71
MNQ SEP25,1s,1,148,2025-07-14 09:22:21,22908.75,22909,22908.25,22908.25,19,0.75,0.5,0.25,0,-1,,,,
MNQ SEP25,1s,1,149,2025-07-14 09:22:22,22908.5,22908.75,22908.5,22908.75,3,0.25,0.25,0,0,1,,,,
MNQ SEP25,1s,1,150,2025-07-14 09:22:23,22909,22909,22908.75,22908.75,5,0.25,0.25,0,0,-1,,,,
MNQ SEP25,1s,1,151,2025-07-14 09:22:24,22908.75,22908.75,22907.75,22908.25,13,1,0.5,0,0.5,-1,,,,
MNQ SEP25,1s,1,152,2025-07-14 09:22:25,22908,22908.25,22907.75,22907.75,7,0.5,0.25,0.25,0,-1,,,,
MNQ SEP25,1s,1,153,2025-07-14 09:22:26,22907.25,22908,22907.25,22907.75,9,0.75,0.5,0.25,0,1,,,,
MNQ SEP25,1s,1,154,2025-07-14 09:22:27,22907.75,22908.75,22907.5,22908.25,18,1.25,0.5,0.5,0.25,1,,,,
MNQ SEP25,1s,1,155,2025-07-14 09:22:29,22908.75,22908.75,22908.5,22908.5,10,0.25,0.25,0,0,-1,,,,
MNQ SEP25,1s,1,156,2025-07-14 09:22:30,22908.5,22908.75,22907.75,22907.75,21,1,0.75,0.25,0,-1,,,,
MNQ SEP25,10s,10,5414,2025-07-14 09:22:30,22908.75,22909,22907.25,22907.75,105,1.75,1,0.25,0.5,-1,41,7.2,11.63333333,11.13
MNQ SEP25,1s,1,157,2025-07-14 09:22:31,22908.25,22908.75,22908.25,22908.75,8,0.5,0.5,0,0,1,,,,
MNQ SEP25,1s,1,158,2025-07-14 09:22:32,22908.25,22908.75,22908.25,22908.25,13,0.5,0,0.5,0,0,,,,
MNQ SEP25,1s,1,159,2025-07-14 09:22:33,22908,22908.75,22907.75,22907.75,8,1,0.25,0.75,0,-1,,,,
MNQ SEP25,1s,1,160,2025-07-14 09:22:34,22908.25,22908.5,22907.75,22907.75,13,0.75,0.5,0.25,0,-1,,,,
MNQ SEP25,1s,1,161,2025-07-14 09:22:35,22908.25,22908.25,22908,22908,9,0.25,0.25,0,0,-1,,,,
MNQ SEP25,1s,1,162,2025-07-14 09:22:36,22907.5,22908,22907.5,22908,2,0.5,0.5,0,0,1,,,,
MNQ SEP25,1s,1,163,2025-07-14 09:22:38,22907.75,22907.75,22907.75,22907.75,1,0,0,0,0,0,,,,
MNQ SEP25,1s,1,164,2025-07-14 09:22:39,22908,22908.25,22908,22908.25,3,0.25,0.25,0,0,1,,,,
MNQ SEP25,1s,1,165,2025-07-14 09:22:40,22908.5,22908.75,22908.5,22908.75,4,0.25,0.25,0,0,1,,,,
MNQ SEP25,10s,10,5415,2025-07-14 09:22:40,22908.25,22908.75,22907.5,22908.75,61,1.25,0.5,0,0.75,1,35.6,-5.4,3.78333333,9.11
MNQ SEP25,20s,20,5707,2025-07-14 09:22:40,22908.75,22909,22907.25,22908.75,166,1.75,0,0.25,1.5,0,40.2,-8.7,4.61666667,0.6
MNQ SEP25,1s,1,166,2025-07-14 09:22:41,22908.5,22910.5,22908.5,22909.5,230,2,1,1,0,1,,,,
MNQ SEP25,1s,1,167,2025-07-14 09:22:42,22909.5,22909.5,22908.75,22909,16,0.75,0.5,0,0.25,-1,,,,
MNQ SEP25,1s,1,168,2025-07-14 09:22:43,22909.25,22909.5,22909,22909.25,9,0.5,0,0.25,0.25,0,,,,
MNQ SEP25,1s,1,169,2025-07-14 09:22:44,22909.25,22909.5,22908.75,22909.25,20,0.75,0,0.25,0.5,0,,,,
MNQ SEP25,1s,1,170,2025-07-14 09:22:45,22909.25,22909.25,22908.75,22909,10,0.5,0.25,0,0.25,-1,,,,
MNQ SEP25,1s,1,171,2025-07-14 09:22:46,22909.25,22909.25,22909.25,22909.25,2,0,0,0,0,0,,,,
MNQ SEP25,1s,1,172,2025-07-14 09:22:47,22909.25,22909.25,22908.75,22908.75,7,0.5,0.5,0,0,-1,,,,
MNQ SEP25,1s,1,173,2025-07-14 09:22:48,22909.25,22909.75,22908.75,22909.25,18,1,0,0.5,0.5,0,,,,
MNQ SEP25,1s,1,174,2025-07-14 09:22:49,22908.75,22909.75,22908.75,22909.75,17,1,1,0,0,1,,,,
MNQ SEP25,1s,1,175,2025-07-14 09:22:50,22909.5,22909.5,22909,22909.5,3,0.5,0,0,0.5,0,,,,
MNQ SEP25,10s,10,5416,2025-07-14 09:22:50,22908.5,22910.5,22908.5,22909.5,332,2,1,1,0,1,43.3,7.7,3.16666667,7.44
MNQ SEP25,1s,1,176,2025-07-14 09:22:51,22909,22909.25,22908.75,22908.75,7,0.5,0.25,0.25,0,-1,,,,
MNQ SEP25,1s,1,177,2025-07-14 09:22:52,22909,22909.5,22908.75,22909.25,15,0.75,0.25,0.25,0.25,1,,,,
MNQ SEP25,1s,1,178,2025-07-14 09:22:53,22909.25,22909.5,22909,22909.5,6,0.5,0.25,0,0.25,1,,,,
MNQ SEP25,1s,1,179,2025-07-14 09:22:54,22909.25,22909.5,22909.25,22909.5,2,0.25,0.25,0,0,1,,,,
MNQ SEP25,1s,1,180,2025-07-14 09:22:56,22909,22909.25,22909,22909.25,4,0.25,0.25,0,0,1,,,,
MNQ SEP25,1s,1,181,2025-07-14 09:22:57,22908.75,22908.75,22908.75,22908.75,1,0,0,0,0,0,,,,
MNQ SEP25,1s,1,182,2025-07-14 09:22:58,22908.75,22908.75,22908.75,22908.75,7,0,0,0,0,0,,,,
MNQ SEP25,1s,1,183,2025-07-14 09:22:59,22908.75,22909.25,22908.75,22908.75,10,0.5,0,0.5,0,0,,,,
MNQ SEP25,1s,1,184,2025-07-14 09:23:00,22909.25,22909.25,22908,22908.25,16,1.25,1,0,0.25,-1,,,,
MNQ SEP25,10s,10,5417,2025-07-14 09:23:00,22909,22909.5,22908,22908.25,68,1.5,0.75,0.5,0.25,-1,20.5,-22.8,-6.83333333,-0.75
MNQ SEP25,20s,20,5708,2025-07-14 09:23:00,22908.5,22910.5,22908,22908.25,400,2.5,0.25,2,0.25,-1,75.05,34.85,8.13333333,9.74
MNQ SEP25,1s,1,185,2025-07-14 09:23:01,22908,22909,22908,22908,19,1,0,1,0,0,,,,
MNQ SEP25,1s,1,186,2025-07-14 09:23:02,22908.25,22908.25,22908,22908,16,0.25,0.25,0,0,-1,,,,
MNQ SEP25,1s,1,187,2025-07-14 09:23:05,22908.5,22908.5,22908,22908,12,0.5,0.5,0,0,-1,,,,
MNQ SEP25,1s,1,188,2025-07-14 09:23:06,22908,22908,22907,22907,11,1,1,0,0,-1,,,,
MNQ SEP25,1s,1,189,2025-07-14 09:23:07,22907,22907.75,22906.75,22906.75,11,1,0.25,0.75,0,-1,,,,
MNQ SEP25,1s,1,190,2025-07-14 09:23:08,22907,22907.5,22907,22907.25,8,0.5,0.25,0.25,0,1,,,,
MNQ SEP25,1s,1,191,2025-07-14 09:23:09,22907.5,22907.5,22907.25,22907.25,6,0.25,0.25,0,0,-1,,,,
MNQ SEP25,1s,1,192,2025-07-14 09:23:10,22907.75,22907.75,22907,22907,4,0.75,0.75,0,0,-1,,,,
MNQ SEP25,10s,10,5418,2025-07-14 09:23:10,22908,22909,22906.75,22907,87,2.25,1,1,0.25,-1,19.7,-0.8,-5.3,-2.82
MNQ SEP25,1s,1,193,2025-07-14 09:23:11,22907,22907,22907,22907,6,0,0,0,0,0,,,,
MNQ SEP25,1s,1,194,2025-07-14 09:23:12,22907,22907,22907,22907,1,0,0,0,0,0,,,,
MNQ SEP25,1s,1,195,2025-07-14 09:23:13,22906.75,22907.5,22906.75,22907.5,12,0.75,0.75,0,0,1,,,,
MNQ SEP25,1s,1,196,2025-07-14 09:23:14,22907.5,22907.75,22907.25,22907.75,10,0.5,0.25,0,0.25,1,,,,
MNQ SEP25,1s,1,197,2025-07-14 09:23:15,22907.5,22908,22907.5,22908,4,0.5,0.5,0,0,1,,,,
MNQ SEP25,1s,1,198,2025-07-14 09:23:16,22908,22908,22908,22908,2,0,0,0,0,0,,,,
MNQ SEP25,1s,1,199,2025-07-14 09:23:17,22907.75,22907.75,22907.75,22907.75,1,0,0,0,0,0,,,,
MNQ SEP25,1s,1,200,2025-07-14 09:23:18,22907.25,22907.25,22907.25,22907.25,2,0,0,0,0,0,,,,
MNQ SEP25,1s,1,201,2025-07-14 09:23:19,22907.75,22907.75,22907.75,22907.75,1,0,0,0,0,0,,,,
MNQ SEP25,1s,1,202,2025-07-14 09:23:20,22907.5,22907.5,22907,22907,4,0.5,0.5,0,0,-1,,,,
MNQ SEP25,10s,10,5419,2025-07-14 09:23:20,22907,22908,22906.75,22907,43,1.25,0,1,0.25,0,7.7,-12,-11.86666667,-6.66
MNQ SEP25,20s,20,5709,2025-07-14 09:23:20,22908,22909,22906.75,22907,130,2.25,1,1,0.25,-1,90.95,15.9,14.01666667,12.92
MNQ SEP25,1s,1,203,2025-07-14 09:23:21,22907,22907,22906.5,22907,14,0.5,0,0,0.5,0,,,,
MNQ SEP25,1s,1,204,2025-07-14 09:23:22,22906.5,22907.5,22906.5,22907.5,11,1,1,0,0,1,,,,
MNQ SEP25,1s,1,205,2025-07-14 09:23:23,22907.5,22907.75,22907.5,22907.75,18,0.25,0.25,0,0,1,,,,
MNQ SEP25,1s,1,206,2025-07-14 09:23:24,22908,22908.5,22908,22908.25,15,0.5,0.25,0.25,0,1,,,,
MNQ SEP25,1s,1,207,2025-07-14 09:23:25,22908.25,22909,22908.25,22908.5,6,0.75,0.25,0.5,0,1,,,,
MNQ SEP25,1s,1,208,2025-07-14 09:23:26,22908.5,22908.75,22908.5,22908.75,7,0.25,0.25,0,0,1,,,,
MNQ SEP25,1s,1,209,2025-07-14 09:23:27,22908.75,22908.75,22908.25,22908.25,4,0.5,0.5,0,0,-1,,,,
MNQ SEP25,1s,1,210,2025-07-14 09:23:29,22908.5,22908.5,22908.5,22908.5,1,0,0,0,0,0,,,,
MNQ SEP25,1s,1,211,2025-07-14 09:23:30,22908.25,22908.75,22908.25,22908.75,3,0.5,0.5,0,0,1,,,,
MNQ SEP25,10s,10,5420,2025-07-14 09:23:30,22907,22909,22906.5,22908.75,79,2.5,1.75,0.25,0.5,1,11.95,4.25,-2.85,-4.73
MNQ SEP25,1s,1,212,2025-07-14 09:23:31,22908.25,22908.25,22908.25,22908.25,4,0,0,0,0,0,,,,
MNQ SEP25,1s,1,213,2025-07-14 09:23:34,22909,22909.5,22909,22909.5,12,0.5,0.5,0,0,1,,,,
MNQ SEP25,1s,1,214,2025-07-14 09:23:35,22909.5,22909.75,22909.25,22909.25,5,0.5,0.25,0.25,0,-1,,,,
MNQ SEP25,1s,1,215,2025-07-14 09:23:36,22909.75,22910.25,22909.75,22910,22,0.5,0.25,0.25,0,1,,,,
MNQ SEP25,1s,1,216,2025-07-14 09:23:37,22910,22910.25,22909.75,22910,15,0.5,0,0.25,0.25,0,,,,
MNQ SEP25,1s,1,217,2025-07-14 09:23:38,22910.5,22911.75,22910.25,22911,73,1.5,0.5,0.75,0.25,1,,,,
MNQ SEP25,1s,1,218,2025-07-14 09:23:39,22911,22911.5,22911,22911.5,13,0.5,0.5,0,0,1,,,,
MNQ SEP25,1s,1,219,2025-07-14 09:23:40,22911.75,22911.75,22911.25,22911.5,25,0.5,0.25,0,0.25,-1,,,,
MNQ SEP25,10s,10,5421,2025-07-14 09:23:40,22908.25,22911.75,22908.25,22911.5,169,3.5,3.25,0.25,0,1,-23.4,-35.35,-14.36666667,-13.34
MNQ SEP25,20s,20,5710,2025-07-14 09:23:40,22907,22911.75,22906.5,22911.5,248,5.25,4.5,0.25,0.5,1,68.7,-22.25,9.5,3.61
MNQ SEP25,1s,1,220,2025-07-14 09:23:41,22911.75,22911.75,22911,22911,28,0.75,0.75,0,0,-1,,,,
MNQ SEP25,1s,1,221,2025-07-14 09:23:42,22911.5,22911.75,22911.25,22911.5,20,0.5,0,0.25,0.25,0,,,,
MNQ SEP25,1s,1,222,2025-07-14 09:23:43,22911.5,22913,22911.5,22912.75,75,1.5,1.25,0.25,0,1,,,,
MNQ SEP25,1s,1,223,2025-07-14 09:23:44,22912.75,22913.5,22912.25,22913.5,93,1.25,0.75,0,0.5,1,,,,
MNQ SEP25,1s,1,224,2025-07-14 09:23:45,22912.5,22913.75,22912,22912.5,84,1.75,0,1.25,0.5,0,,,,
MNQ SEP25,1s,1,225,2025-07-14 09:23:46,22912,22912.75,22912,22912.75,21,0.75,0.75,0,0,1,,,,
MNQ SEP25,1s,1,226,2025-07-14 09:23:47,22912.75,22914.5,22912.75,22914.5,63,1.75,1.75,0,0,1,,,,
MNQ SEP25,1s,1,227,2025-07-14 09:23:48,22914,22914.5,22913.25,22914.5,75,1.25,0.5,0,0.75,1,,,,
MNQ SEP25,1s,1,228,2025-07-14 09:23:49,22914.25,22915,22913.75,22915,146,1.25,0.75,0,0.5,1,,,,
MNQ SEP25,1s,1,229,2025-07-14 09:23:50,22915,22915,22914.5,22915,35,0.5,0,0,0.5,0,,,,
MNQ SEP25,10s,10,5422,2025-07-14 09:23:50,22911.75,22915,22911,22915,640,4,3.25,0,0.75,1,63.3,86.7,18.53333333,8.56
MNQ SEP25,1s,1,230,2025-07-14 09:23:51,22915,22915.5,22914.5,22915.5,98,1,0.5,0,0.5,1,,,,
MNQ SEP25,1s,1,231,2025-07-14 09:23:52,22915.25,22915.5,22915.25,22915.5,26,0.25,0.25,0,0,1,,,,
MNQ SEP25,1s,1,232,2025-07-14 09:23:53,22915.5,22915.75,22915.25,22915.25,48,0.5,0.25,0.25,0,-1,,,,
MNQ SEP25,1s,1,233,2025-07-14 09:23:54,22915.5,22917,22915.5,22917,86,1.5,1.5,0,0,1,,,,
MNQ SEP25,1s,1,234,2025-07-14 09:23:55,22916.5,22917.25,22916.25,22916.75,67,1,0.25,0.5,0.25,1,,,,
MNQ SEP25,1s,1,235,2025-07-14 09:23:56,22916.75,22917.25,22916.25,22916.75,39,1,0,0.5,0.5,0,,,,
MNQ SEP25,1s,1,236,2025-07-14 09:23:57,22916.5,22917,22916.25,22916.25,20,0.75,0.25,0.5,0,-1,,,,
MNQ SEP25,1s,1,237,2025-07-14 09:23:58,22916.25,22917,22916.25,22916.75,18,0.75,0.5,0.25,0,1,,,,
MNQ SEP25,1s,1,238,2025-07-14 09:23:59,22916.5,22917.5,22916.5,22916.5,40,1,0,1,0,0,,,,
MNQ SEP25,1s,1,239,2025-07-14 09:24:00,22917,22917.5,22916.75,22917,44,0.75,0,0.5,0.25,0,,,,
MNQ SEP25,10s,10,5423,2025-07-14 09:24:00,22915,22917.5,22914.5,22917,486,3,2,0.5,0.5,1,126.65,63.35,38.23333333,21.39
MNQ SEP25,20s,20,5711,2025-07-14 09:24:00,22911.75,22917.5,22911,22917,1126,6.5,5.25,0.5,0.75,1,188.05,119.35,37.66666667,27.83
MNQ SEP25,1s,1,240,2025-07-14 09:24:01,22917,22919.5,22917,22919,201,2.5,2,0.5,0,1,,,,
MNQ SEP25,1s,1,241,2025-07-14 09:24:02,22918.5,22920.75,22918.5,22920.5,206,2.25,2,0.25,0,1,,,,
MNQ SEP25,1s,1,242,2025-07-14 09:24:03,22920,22920.5,22918.75,22919.25,126,1.75,0.75,0.5,0.5,-1,,,,
MNQ SEP25,1s,1,243,2025-07-14 09:24:04,22919.5,22919.75,22918.5,22918.75,50,1.25,0.75,0.25,0.25,-1,,,,
MNQ SEP25,1s,1,244,2025-07-14 09:24:05,22918.75,22919.25,22918.5,22919.25,20,0.75,0.5,0,0.25,1,,,,
MNQ SEP25,1s,1,245,2025-07-14 09:24:06,22919,22919.75,22918.75,22918.75,27,1,0.25,0.75,0,-1,,,,
MNQ SEP25,1s,1,246,2025-07-14 09:24:07,22919.25,22919.25,22918,22918.25,34,1.25,1,0,0.25,-1,,,,
MNQ SEP25,1s,1,247,2025-07-14 09:24:08,22918.75,22919,22918,22918.25,18,1,0.5,0.25,0.25,-1,,,,
MNQ SEP25,1s,1,248,2025-07-14 09:24:09,22918.25,22918.5,22917.75,22917.75,20,0.75,0.5,0.25,0,-1,,,,
MNQ SEP25,1s,1,249,2025-07-14 09:24:10,22918.25,22919,22918,22918.25,13,1,0,0.75,0.25,0,,,,
MNQ SEP25,10s,10,5424,2025-07-14 09:24:10,22917,22920.75,22917,22918.25,715,3.75,1.25,2.5,0,1,232.05,105.4,85.15,44.87
MNQ SEP25,1s,1,250,2025-07-14 09:24:11,22918.75,22918.75,22917.75,22918.25,15,1,0.5,0,0.5,-1,,,,
MNQ SEP25,1s,1,251,2025-07-14 09:24:12,22918.5,22919,22918.25,22919,9,0.75,0.5,0,0.25,1,,,,
MNQ SEP25,1s,1,252,2025-07-14 09:24:13,22919.5,22920,22918.75,22919.5,52,1.25,0,0.5,0.75,0,,,,
MNQ SEP25,1s,1,253,2025-07-14 09:24:14,22919.25,22919.25,22918.75,22918.75,22,0.5,0.5,0,0,-1,,,,
MNQ SEP25,1s,1,254,2025-07-14 09:24:15,22918.75,22918.75,22918.25,22918.25,5,0.5,0.5,0,0,-1,,,,
MNQ SEP25,1s,1,255,2025-07-14 09:24:16,22918.25,22918.25,22918,22918.25,11,0.25,0,0,0.25,0,,,,
MNQ SEP25,1s,1,256,2025-07-14 09:24:17,22918.5,22918.5,22917.5,22917.75,23,1,0.75,0,0.25,-1,,,,
MNQ SEP25,1s,1,257,2025-07-14 09:24:18,22918.5,22919.25,22918.25,22918.75,7,1,0.25,0.5,0.25,1,,,,
MNQ SEP25,1s,1,258,2025-07-14 09:24:19,22918.5,22919.5,22918.5,22919.25,14,1,0.75,0.25,0,1,,,,
MNQ SEP25,1s,1,259,2025-07-14 09:24:20,22919,22919.25,22918.5,22919,8,0.75,0,0.25,0.5,0,,,,
MNQ SEP25,10s,10,5425,2025-07-14 09:24:20,22918.75,22920,22917.5,22919,166,2.5,0.25,1,1.25,1,244.3,12.25,60.33333333,46.47
MNQ SEP25,20s,20,5712,2025-07-14 09:24:20,22917,22920.75,22917,22919,881,3.75,2,1.75,0,1,291,102.95,66.68333333,50.16
MNQ SEP25,1s,1,260,2025-07-14 09:24:21,22919,22919.75,22919,22919.75,13,0.75,0.75,0,0,1,,,,
MNQ SEP25,1s,1,261,2025-07-14 09:24:22,22920,22920.75,22920,22920.75,24,0.75,0.75,0,0,1,,,,
MNQ SEP25,1s,1,262,2025-07-14 09:24:23,22920.25,22921,22920,22920.25,63,1,0,0.75,0.25,0,,,,
MNQ SEP25,1s,1,263,2025-07-14 09:24:24,22920.75,22921,22919.5,22920,29,1.5,0.75,0.25,0.5,-1,,,,
MNQ SEP25,1s,1,264,2025-07-14 09:24:25,22919.5,22920.5,22919.25,22919.75,42,1.25,0.25,0.75,0.25,1,,,,
MNQ SEP25,1s,1,265,2025-07-14 09:24:26,22920.25,22920.5,22919.5,22919.5,14,1,0.75,0.25,0,-1,,,,
MNQ SEP25,1s,1,266,2025-07-14 09:24:27,22919.25,22919.75,22919.25,22919.25,15,0.5,0,0.5,0,0,,,,
MNQ SEP25,1s,1,267,2025-07-14 09:24:28,22919.25,22919.75,22919,22919.5,10,0.75,0.25,0.25,0.25,1,,,,
MNQ SEP25,1s,1,268,2025-07-14 09:24:29,22919.75,22919.75,22919.75,22919.75,1,0,0,0,0,0,,,,
MNQ SEP25,1s,1,269,2025-07-14 09:24:30,22919.75,22919.75,22919.25,22919.25,6,0.5,0.5,0,0,-1,,,,
MNQ SEP25,10s,10,5426,2025-07-14 09:24:30,22919,22921,22919,22919.25,217,2,0.25,1.75,0,1,248.9,4.6,40.75,54.46
MNQ SEP25,1s,1,270,2025-07-14 09:24:31,22919.5,22920,22919.25,22919.25,12,0.75,0.25,0.5,0,-1,,,,
MNQ SEP25,1s,1,271,2025-07-14 09:24:32,22919.75,22920.25,22919.75,22920,28,0.5,0.25,0.25,0,1,,,,
MNQ SEP25,1s,1,272,2025-07-14 09:24:33,22920.5,22921,22920,22920,19,1,0.5,0.5,0,-1,,,,
MNQ SEP25,1s,1,273,2025-07-14 09:24:34,22920,22920.25,22919.75,22920,15,0.5,0,0.25,0.25,0,,,,
MNQ SEP25,1s,1,274,2025-07-14 09:24:35,22920.25,22920.25,22919.75,22919.75,9,0.5,0.5,0,0,-1,,,,
MNQ SEP25,1s,1,275,2025-07-14 09:24:36,22920,22920.5,22920,22920.5,4,0.5,0.5,0,0,1,,,,
MNQ SEP25,1s,1,276,2025-07-14 09:24:37,22920.5,22920.5,22919.75,22919.75,11,0.75,0.75,0,0,-1,,,,
MNQ SEP25,1s,1,277,2025-07-14 09:24:38,22920.5,22920.5,22920,22920,9,0.5,0.5,0,0,-1,,,,
MNQ SEP25,1s,1,278,2025-07-14 09:24:39,22919.75,22920,22919.5,22919.5,9,0.5,0.25,0.25,0,-1,,,,
MNQ SEP25,1s,1,279,2025-07-14 09:24:40,22920,22920.5,22919.75,22919.75,10,0.75,0.25,0.5,0,-1,,,,
MNQ SEP25,10s,10,5427,2025-07-14 09:24:40,22919.5,22921,22919.25,22919.75,126,1.75,0.25,1.25,0.25,1,143.2,-105.7,-29.61666667,15.98
MNQ SEP25,20s,20,5713,2025-07-14 09:24:40,22919,22921,22919,22919.75,343,2,0.75,1.25,0,1,266.4,-24.6,65.9,38.27
MNQ SEP25,1s,1,280,2025-07-14 09:24:41,22920.25,22920.75,22920.25,22920.25,16,0.5,0,0.5,0,0,,,,
MNQ SEP25,1s,1,281,2025-07-14 09:24:42,22920,22920.75,22920,22920.75,11,0.75,0.75,0,0,1,,,,
MNQ SEP25,1s,1,282,2025-07-14 09:24:43,22920,22920.75,22920,22920,16,0.75,0,0.75,0,0,,,,
MNQ SEP25,1s,1,283,2025-07-14 09:24:44,22919.75,22919.75,22919,22919.75,12,0.75,0,0,0.75,0,,,,
MNQ SEP25,1s,1,284,2025-07-14 09:24:45,22919.75,22920,22919.75,22919.75,7,0.25,0,0.25,0,0,,,,
MNQ SEP25,1s,1,285,2025-07-14 09:24:46,22920,22920.25,22918.5,22919.5,47,1.75,0.5,0.25,1,-1,,,,
MNQ SEP25,1s,1,286,2025-07-14 09:24:47,22919.5,22919.5,22918.5,22918.5,20,1,1,0,0,-1,,,,
MNQ SEP25,1s,1,287,2025-07-14 09:24:48,22918.75,22919,22918.5,22918.75,9,0.5,0,0.25,0.25,0,,,,
MNQ SEP25,1s,1,288,2025-07-14 09:24:49,22919.25,22919.25,22919.25,22919.25,4,0,0,0,0,0,,,,
MNQ SEP25,1s,1,289,2025-07-14 09:24:50,22919.75,22919.75,22919,22919,2,0.75,0.75,0,0,-1,,,,
MNQ SEP25,10s,10,5428,2025-07-14 09:24:50,22920.25,22920.75,22918.5,22919,144,2.25,1.25,0.5,0.5,-1,68.85,-74.35,-58.48333333,-11.56
MNQ SEP25,1s,1,290,2025-07-14 09:24:51,22919.5,22920,22919.5,22919.5,11,0.5,0,0.5,0,0,,,,
MNQ SEP25,1s,1,291,2025-07-14 09:24:52,22920,22920,22919.25,22920,9,0.75,0,0,0.75,0,,,,
MNQ SEP25,1s,1,292,2025-07-14 09:24:53,22919.75,22920,22919.5,22919.5,8,0.5,0.25,0.25,0,-1,,,,
MNQ SEP25,1s,1,293,2025-07-14 09:24:54,22920,22920,22919.5,22919.5,9,0.5,0.5,0,0,-1,,,,
MNQ SEP25,1s,1,294,2025-07-14 09:24:55,22920,22920.5,22920,22920.25,17,0.5,0.25,0.25,0,1,,,,
MNQ SEP25,1s,1,295,2025-07-14 09:24:56,22920.75,22920.75,22920.75,22920.75,5,0,0,0,0,0,,,,
MNQ SEP25,1s,1,296,2025-07-14 09:24:57,22920.5,22921,22920.25,22921,15,0.75,0.5,0,0.25,1,,,,
MNQ SEP25,1s,1,297,2025-07-14 09:24:58,22920.5,22921,22920,22920.75,44,1,0.25,0.25,0.5,1,,,,
MNQ SEP25,1s,1,298,2025-07-14 09:24:59,22920.75,22921,22920.5,22920.5,12,0.5,0.25,0.25,0,-1,,,,
MNQ SEP25,1s,1,299,2025-07-14 09:25:00,22921,22921.25,22920.5,22920.5,35,0.75,0.5,0.25,0,-1,,,,
MNQ SEP25,10s,10,5429,2025-07-14 09:25:00,22919.5,22921.25,22919.25,22920.5,165,2,1,0.75,0.25,1,-46.75,-115.6,-98.55,-55.76
MNQ SEP25,20s,20,5714,2025-07-14 09:25:00,22920.25,22921.25,22918.5,22920.5,309,2.75,0.25,0.75,1.75,1,291.2,24.8,34.38333333,40.05
MNQ SEP25,1s,1,300,2025-07-14 09:25:01,22920.75,22922.75,22920,22920.25,155,2.75,0.5,2,0.25,-1,,,,
MNQ SEP25,1s,1,301,2025-07-14 09:25:02,22920.5,22921,22920.5,22920.5,9,0.5,0,0.5,0,0,,,,
MNQ SEP25,1s,1,302,2025-07-14 09:25:03,22920.25,22920.75,22920,22920.5,20,0.75,0.25,0.25,0.25,1,,,,
MNQ SEP25,1s,1,303,2025-07-14 09:25:04,22920.75,22920.75,22919.5,22920.75,31,1.25,0,0,1.25,0,,,,
MNQ SEP25,1s,1,304,2025-07-14 09:25:05,22920.25,22921,22920.25,22921,23,0.75,0.75,0,0,1,,,,
MNQ SEP25,1s,1,305,2025-07-14 09:25:06,22921.25,22921.75,22921.25,22921.25,22,0.5,0,0.5,0,0,,,,
MNQ SEP25,1s,1,306,2025-07-14 09:25:07,22921.75,22921.75,22918.75,22919.75,48,3,2,0,1,-1,,,,
MNQ SEP25,1s,1,307,2025-07-14 09:25:08,22920,22920.5,22919,22920,25,1.5,0,0.5,1,0,,,,
MNQ SEP25,1s,1,308,2025-07-14 09:25:09,22919.5,22919.75,22918.5,22919,17,1.25,0.5,0.25,0.5,-1,,,,
MNQ SEP25,1s,1,309,2025-07-14 09:25:10,22919,22919.5,22918.75,22919,11,0.75,0,0.5,0.25,0,,,,
MNQ SEP25,10s,10,5430,2025-07-14 09:25:10,22920.75,22922.75,22918.5,22919,361,4.25,1.75,2,0.5,-1,-21.45,25.3,-54.88333333,-53.15
MNQ SEP25,1s,1,310,2025-07-14 09:25:11,22919,22919.75,22918.5,22918.5,37,1.25,0.5,0.75,0,-1,,,,
MNQ SEP25,1s,1,311,2025-07-14 09:25:12,22918.75,22919.25,22917.5,22918.75,70,1.75,0,0.5,1.25,0,,,,
MNQ SEP25,1s,1,312,2025-07-14 09:25:13,22919,22919,22917.5,22919,49,1.5,0,0,1.5,0,,,,
MNQ SEP25,1s,1,313,2025-07-14 09:25:14,22919,22919.25,22918.25,22919,27,1,0,0.25,0.75,0,,,,
MNQ SEP25,1s,1,314,2025-07-14 09:25:15,22919.25,22919.5,22919,22919,3,0.5,0.25,0.25,0,-1,,,,
MNQ SEP25,1s,1,315,2025-07-14 09:25:16,22919,22919.5,22919,22919.5,7,0.5,0.5,0,0,1,,,,
MNQ SEP25,1s,1,316,2025-07-14 09:25:17,22919.5,22919.5,22919.5,22919.5,2,0,0,0,0,0,,,,
MNQ SEP25,1s,1,317,2025-07-14 09:25:18,22919.75,22920,22919.75,22919.75,14,0.25,0,0.25,0,0,,,,
MNQ SEP25,1s,1,318,2025-07-14 09:25:19,22920.25,22920.5,22920,22920.5,14,0.5,0.25,0,0.25,1,,,,
MNQ SEP25,1s,1,319,2025-07-14 09:25:20,22920.5,22920.75,22920.5,22920.5,7,0.25,0,0.25,0,0,,,,
MNQ SEP25,10s,10,5431,2025-07-14 09:25:20,22919,22920.75,22917.5,22920.5,230,3.25,1.5,0.25,1.5,1,-18.1,3.35,-28.98333333,-53.4
MNQ SEP25,20s,20,5715,2025-07-14 09:25:20,22920.75,22922.75,22917.5,22920.5,591,5.25,0.25,2,3,-1,337.2,46,15.4,53.7
MNQ SEP25,1s,1,320,2025-07-14 09:25:21,22921,22921.25,22920.5,22920.75,12,0.75,0.25,0.25,0.25,-1,,,,
MNQ SEP25,1s,1,321,2025-07-14 09:25:22,22921.25,22921.75,22921.25,22921.75,16,0.5,0.5,0,0,1,,,,
MNQ SEP25,1s,1,322,2025-07-14 09:25:23,22921.25,22921.75,22921.25,22921.25,11,0.5,0,0.5,0,0,,,,
MNQ SEP25,1s,1,323,2025-07-14 09:25:24,22921,22921.75,22921,22921.25,19,0.75,0.25,0.5,0,1,,,,
MNQ SEP25,1s,1,324,2025-07-14 09:25:25,22921.25,22921.75,22921,22921.75,16,0.75,0.5,0,0.25,1,,,,
MNQ SEP25,1s,1,325,2025-07-14 09:25:26,22921.75,22921.75,22920.75,22921.5,8,1,0.25,0,0.75,-1,,,,
MNQ SEP25,1s,1,326,2025-07-14 09:25:27,22921.5,22921.5,22920.75,22921,15,0.75,0.5,0,0.25,-1,,,,
MNQ SEP25,1s,1,327,2025-07-14 09:25:28,22921,22921.25,22920,22920,9,1.25,1,0.25,0,-1,,,,
MNQ SEP25,1s,1,328,2025-07-14 09:25:29,22920,22920.75,22920,22920,6,0.75,0,0.75,0,0,,,,
MNQ SEP25,1s,1,329,2025-07-14 09:25:30,22920,22920,22919.75,22919.75,7,0.25,0.25,0,0,-1,,,,
MNQ SEP25,10s,10,5432,2025-07-14 09:25:30,22921,22921.75,22919.75,22919.75,119,2,1.25,0.75,0,-1,-15.8,2.3,10.31666667,-31.8
MNQ SEP25,1s,1,330,2025-07-14 09:25:31,22920,22921,22920,22921,15,1,1,0,0,1,,,,
MNQ SEP25,1s,1,331,2025-07-14 09:25:32,22920.5,22921.25,22920.25,22920.25,24,1,0.25,0.75,0,-1,,,,
MNQ SEP25,1s,1,332,2025-07-14 09:25:33,22921.5,22921.75,22921.25,22921.25,3,0.5,0.25,0.25,0,-1,,,,
MNQ SEP25,1s,1,333,2025-07-14 09:25:34,22921.25,22922,22921.25,22921.5,10,0.75,0.25,0.5,0,1,,,,
MNQ SEP25,1s,1,334,2025-07-14 09:25:35,22921.5,22921.75,22921.5,22921.5,7,0.25,0,0.25,0,0,,,,
MNQ SEP25,1s,1,335,2025-07-14 09:25:36,22921.75,22922,22921.5,22922,14,0.5,0.25,0,0.25,1,,,,
MNQ SEP25,1s,1,336,2025-07-14 09:25:37,22921.75,22921.75,22921.75,22921.75,2,0,0,0,0,0,,,,
MNQ SEP25,1s,1,337,2025-07-14 09:25:38,22921,22921,22921,22921,1,0,0,0,0,0,,,,
MNQ SEP25,1s,1,338,2025-07-14 09:25:39,22921.75,22922.75,22921.75,22922.75,41,1,1,0,0,1,,,,
MNQ SEP25,1s,1,339,2025-07-14 09:25:40,22922,22922.5,22922,22922.5,11,0.5,0.5,0,0,1,,,,
MNQ SEP25,10s,10,5433,2025-07-14 09:25:40,22920,22922.75,22920,22922.5,128,2.75,2.5,0.25,0,1,-21.45,-5.65,0,-18.06
MNQ SEP25,20s,20,5716,2025-07-14 09:25:40,22921,22922.75,22919.75,22922.5,247,3,1.5,0.25,1.25,1,154.55,-182.65,-37.28333333,-6.7
MNQ SEP25,1s,1,340,2025-07-14 09:25:41,22922.25,22922.5,22922,22922.5,4,0.5,0.25,0,0.25,1,,,,
MNQ SEP25,1s,1,341,2025-07-14 09:25:42,22922,22923.5,22922,22922.25,70,1.5,0.25,1.25,0,1,,,,
MNQ SEP25,1s,1,342,2025-07-14 09:25:43,22922.5,22923.5,22922.5,22923,21,1,0.5,0.5,0,1,,,,
MNQ SEP25,1s,1,343,2025-07-14 09:25:44,22923,22923.25,22923,22923.25,19,0.25,0.25,0,0,1,,,,
MNQ SEP25,1s,1,344,2025-07-14 09:25:45,22923,22923.25,22922.5,22923,8,0.75,0,0.25,0.5,0,,,,
MNQ SEP25,1s,1,345,2025-07-14 09:25:46,22922.5,22922.75,22921.75,22922,24,1,0.5,0.25,0.25,-1,,,,
MNQ SEP25,1s,1,346,2025-07-14 09:25:47,22921.5,22922.25,22921.5,22922.25,7,0.75,0.75,0,0,1,,,,
MNQ SEP25,1s,1,347,2025-07-14 09:25:48,22922,22922.5,22922,22922,7,0.5,0,0.5,0,0,,,,
MNQ SEP25,1s,1,348,2025-07-14 09:25:49,22922.5,22922.5,22922.25,22922.5,4,0.25,0,0,0.25,0,,,,
MNQ SEP25,1s,1,349,2025-07-14 09:25:50,22922.5,22923,22922.25,22922.75,10,0.75,0.25,0.25,0.25,1,,,,
MNQ SEP25,10s,10,5434,2025-07-14 09:25:50,22922.25,22923.5,22921.5,22922.75,174,2,0.5,0.75,0.75,1,-23.1,-1.65,-1.66666667,4.73
MNQ SEP25,1s,1,350,2025-07-14 09:25:51,22922.75,22923.5,22922.25,22922.75,42,1.25,0,0.75,0.5,0,,,,
MNQ SEP25,1s,1,351,2025-07-14 09:25:52,22922.5,22922.5,22922,22922.5,14,0.5,0,0,0.5,0,,,,
MNQ SEP25,1s,1,352,2025-07-14 09:25:53,22922.25,22922.5,22922.25,22922.5,4,0.25,0.25,0,0,1,,,,
MNQ SEP25,1s,1,353,2025-07-14 09:25:54,22922.5,22922.5,22921.5,22922.25,12,1,0.25,0,0.75,-1,,,,
MNQ SEP25,1s,1,354,2025-07-14 09:25:55,22921.75,22922.25,22921.75,22922,4,0.5,0.25,0.25,0,1,,,,
MNQ SEP25,1s,1,355,2025-07-14 09:25:56,22921.75,22921.75,22921.5,22921.5,7,0.25,0.25,0,0,-1,,,,
MNQ SEP25,1s,1,356,2025-07-14 09:25:57,22922,22922.25,22921.5,22921.5,11,0.75,0.5,0.25,0,-1,,,,
MNQ SEP25,1s,1,357,2025-07-14 09:25:58,22922.25,22922.25,22921.75,22921.75,2,0.5,0.5,0,0,-1,,,,
MNQ SEP25,1s,1,358,2025-07-14 09:25:59,22921.75,22922.25,22921.5,22921.5,15,0.75,0.25,0.5,0,-1,,,,
MNQ SEP25,1s,1,359,2025-07-14 09:26:00,22921.75,22922,22921.75,22922,4,0.25,0.25,0,0,1,,,,
MNQ SEP25,10s,10,5435,2025-07-14 09:26:00,22922.75,22923.5,22921.5,22922,115,2,0.75,0.75,0.5,-1,-75,-51.9,-19.73333333,-10.71
MNQ SEP25,20s,20,5717,2025-07-14 09:26:00,22922.25,22923.5,22921.5,22922,289,2,0.25,1.25,0.5,-1,26.6,-127.95,-88.2,-52.88
MNQ SEP25,1s,1,360,2025-07-14 09:26:01,22921.75,22922.5,22921.75,22922.25,24,0.75,0.5,0.25,0,1,,,,
MNQ SEP25,1s,1,361,2025-07-14 09:26:02,22922.5,22922.5,22922.5,22922.5,3,0,0,0,0,0,,,,
MNQ SEP25,1s,1,362,2025-07-14 09:26:03,22922.25,22922.75,22922.25,22922.5,25,0.5,0.25,0.25,0,1,,,,
MNQ SEP25,1s,1,363,2025-07-14 09:26:04,22922.75,22923,22922.5,22923,19,0.5,0.25,0,0.25,1,,,,
MNQ SEP25,1s,1,364,2025-07-14 09:26:05,22922.5,22923.25,22922.25,22922.75,22,1,0.25,0.5,0.25,1,,,,
MNQ SEP25,1s,1,365,2025-07-14 09:26:06,22922.5,22924,22922.5,22923.5,32,1.5,1,0.5,0,1,,,,
MNQ SEP25,1s,1,366,2025-07-14 09:26:07,22923.75,22924,22923.25,22923.75,23,0.75,0,0.25,0.5,0,,,,
MNQ SEP25,1s,1,367,2025-07-14 09:26:08,22923.25,22924.75,22923.25,22924.75,63,1.5,1.5,0,0,1,,,,
MNQ SEP25,1s,1,368,2025-07-14 09:26:09,22925,22925,22924.25,22924.75,40,0.75,0.25,0,0.5,-1,,,,
MNQ SEP25,1s,1,369,2025-07-14 09:26:10,22925,22925.5,22923.75,22923.75,59,1.75,1.25,0.5,0,-1,,,,
MNQ SEP25,10s,10,5436,2025-07-14 09:26:10,22921.75,22925.5,22921.75,22923.75,310,3.75,2,1.75,0,1,-57.9,17.1,-12.15,-7.96
MNQ SEP25,1s,1,370,2025-07-14 09:26:11,22924.25,22925,22924.25,22924.75,13,0.75,0.5,0.25,0,1,,,,
MNQ SEP25,1s,1,371,2025-07-14 09:26:12,22924.75,22925.75,22924,22924.75,51,1.75,0,1,0.75,0,,,,
MNQ SEP25,1s,1,372,2025-07-14 09:26:13,22924.75,22925.5,22924.5,22925.25,11,1,0.5,0.25,0.25,1,,,,
MNQ SEP25,1s,1,373,2025-07-14 09:26:14,22925.75,22925.75,22925.25,22925.5,6,0.5,0.25,0,0.25,-1,,,,
MNQ SEP25,1s,1,374,2025-07-14 09:26:15,22925.75,22926,22925.25,22925.75,61,0.75,0,0.25,0.5,0,,,,
MNQ SEP25,1s,1,375,2025-07-14 09:26:16,22925.75,22927.5,22925.75,22927.25,62,1.75,1.5,0.25,0,1,,,,
MNQ SEP25,1s,1,376,2025-07-14 09:26:17,22927.25,22927.25,22926,22926,29,1.25,1.25,0,0,-1,,,,
MNQ SEP25,1s,1,377,2025-07-14 09:26:18,22926.25,22926.25,22924.75,22925.25,51,1.5,1,0,0.5,-1,,,,
MNQ SEP25,1s,1,378,2025-07-14 09:26:19,22925.5,22926,22924.75,22924.75,42,1.25,0.75,0.5,0,-1,,,,
MNQ SEP25,1s,1,379,2025-07-14 09:26:20,22924.75,22925.75,22924.5,22925,22,1.25,0.25,0.75,0.25,1,,,,
MNQ SEP25,10s,10,5437,2025-07-14 09:26:20,22924.25,22927.5,22924,22925,348,3.5,0.75,2.5,0.25,1,-26.1,31.8,-1,-2.06
MNQ SEP25,20s,20,5718,2025-07-14 09:26:20,22921.75,22927.5,22921.75,22925,658,5.75,3.25,2.5,0,1,69.2,42.6,-89.33333333,-39.44
MNQ SEP25,1s,1,380,2025-07-14 09:26:21,22925,22925.5,22925,22925,4,0.5,0,0.5,0,0,,,,
MNQ SEP25,1s,1,381,2025-07-14 09:26:22,22925.5,22927.75,22925.5,22927.75,43,2.25,2.25,0,0,1,,,,
MNQ SEP25,1s,1,382,2025-07-14 09:26:23,22927,22927.75,22926.75,22927,29,1,0,0.75,0.25,0,,,,
MNQ SEP25,1s,1,383,2025-07-14 09:26:24,22927.5,22928,22927,22927.25,24,1,0.25,0.5,0.25,-1,,,,
MNQ SEP25,1s,1,384,2025-07-14 09:26:25,22927.5,22927.5,22927.25,22927.5,6,0.25,0,0,0.25,0,,,,
MNQ SEP25,1s,1,385,2025-07-14 09:26:26,22927.5,22927.5,22926,22927,28,1.5,0.5,0,1,-1,,,,
MNQ SEP25,1s,1,386,2025-07-14 09:26:27,22926.5,22926.75,22926.25,22926.75,9,0.5,0.25,0,0.25,1,,,,
MNQ SEP25,1s,1,387,2025-07-14 09:26:28,22926.5,22927,22925.75,22926.5,31,1.25,0,0.5,0.75,0,,,,
MNQ SEP25,1s,1,388,2025-07-14 09:26:29,22926.5,22926.5,22925.25,22925.5,31,1.25,1,0,0.25,-1,,,,
MNQ SEP25,1s,1,389,2025-07-14 09:26:30,22925.5,22926.5,22925.5,22926.5,13,1,1,0,0,1,,,,
MNQ SEP25,10s,10,5438,2025-07-14 09:26:30,22925,22928,22925,22926.5,218,3,1.5,1.5,0,1,-14.65,11.45,20.11666667,1.36
MNQ SEP25,1s,1,390,2025-07-14 09:26:31,22927.25,22928,22927.25,22927.25,37,0.75,0,0.75,0,0,,,,
MNQ SEP25,1s,1,391,2025-07-14 09:26:32,22927.25,22928.5,22927,22928.25,29,1.5,1,0.25,0.25,1,,,,
MNQ SEP25,1s,1,392,2025-07-14 09:26:33,22927.75,22929.5,22927.5,22928,113,2,0.25,1.5,0.25,1,,,,
MNQ SEP25,1s,1,393,2025-07-14 09:26:34,22928,22928.5,22927.25,22927.75,23,1.25,0.25,0.5,0.5,-1,,,,
MNQ SEP25,1s,1,394,2025-07-14 09:26:35,22927.75,22928.75,22927.5,22927.75,27,1.25,0,1,0.25,0,,,,
MNQ SEP25,1s,1,395,2025-07-14 09:26:36,22928.5,22928.75,22927.75,22928.75,12,1,0.25,0,0.75,1,,,,
MNQ SEP25,1s,1,396,2025-07-14 09:26:37,22928.25,22929.5,22928.25,22928.75,30,1.25,0.5,0.75,0,1,,,,
MNQ SEP25,1s,1,397,2025-07-14 09:26:38,22929,22929.25,22927.75,22928.5,23,1.5,0.5,0.25,0.75,-1,,,,
MNQ SEP25,1s,1,398,2025-07-14 09:26:39,22929.25,22929.75,22929,22929.75,29,0.75,0.5,0,0.25,1,,,,
MNQ SEP25,1s,1,399,2025-07-14 09:26:40,22929,22929.75,22928.25,22928.25,24,1.5,0.75,0.75,0,-1,,,,
MNQ SEP25,10s,10,5439,2025-07-14 09:26:40,22927.25,22929.75,22927,22928.25,347,2.75,1,1.5,0.25,1,4.75,19.4,20.88333333,5.57
MNQ SEP25,20s,20,5719,2025-07-14 09:26:40,22925,22929.75,22925,22928.25,565,4.75,3.25,1.5,0,1,96.65,27.45,-19.3,-38.91
MNQ SEP25,1s,1,400,2025-07-14 09:26:41,22928.75,22928.75,22928.25,22928.25,15,0.5,0.5,0,0,-1,,,,
MNQ SEP25,1s,1,401,2025-07-14 09:26:42,22928,22928.75,22928,22928.75,17,0.75,0.75,0,0,1,,,,
MNQ SEP25,1s,1,402,2025-07-14 09:26:43,22928,22928.5,22928,22928.5,5,0.5,0.5,0,0,1,,,,
MNQ SEP25,1s,1,403,2025-07-14 09:26:44,22928.75,22928.75,22928.25,22928.5,10,0.5,0.25,0,0.25,-1,,,,
MNQ SEP25,1s,1,404,2025-07-14 09:26:45,22928.5,22928.5,22927.75,22927.75,10,0.75,0.75,0,0,-1,,,,
MNQ SEP25,1s,1,405,2025-07-14 09:26:46,22927.75,22928.25,22927.25,22927.5,39,1,0.25,0.5,0.25,-1,,,,
MNQ SEP25,1s,1,406,2025-07-14 09:26:47,22927.25,22928,22927.25,22927.5,7,0.75,0.25,0.5,0,1,,,,
MNQ SEP25,1s,1,407,2025-07-14 09:26:48,22928,22928,22927.75,22927.75,9,0.25,0.25,0,0,-1,,,,
MNQ SEP25,1s,1,408,2025-07-14 09:26:49,22928.25,22928.25,22927.75,22927.75,9,0.5,0.5,0,0,-1,,,,
MNQ SEP25,1s,1,409,2025-07-14 09:26:50,22927.75,22929,22927.75,22928.75,18,1.25,1,0.25,0,1,,,,
MNQ SEP25,10s,10,5440,2025-07-14 09:26:50,22928.75,22929,22927.25,22928.75,139,1.75,0,0.25,1.5,0,6.55,1.8,10.88333333,16.31
MNQ SEP25,1s,1,410,2025-07-14 09:26:51,22929.25,22929.25,22928.25,22929,12,1,0.25,0,0.75,-1,,,,
MNQ SEP25,1s,1,411,2025-07-14 09:26:52,22929,22930,22928.5,22930,57,1.5,1,0,0.5,1,,,,
MNQ SEP25,1s,1,412,2025-07-14 09:26:53,22930,22930.25,22929.5,22929.75,111,0.75,0.25,0.25,0.25,-1,,,,
MNQ SEP25,1s,1,413,2025-07-14 09:26:54,22930,22930.25,22929.5,22930.25,29,0.75,0.25,0,0.5,1,,,,
MNQ SEP25,1s,1,414,2025-07-14 09:26:55,22930,22930.5,22929.75,22930.25,23,0.75,0.25,0.25,0.25,1,,,,
MNQ SEP25,1s,1,415,2025-07-14 09:26:56,22930.25,22930.5,22930.25,22930.25,27,0.25,0,0.25,0,0,,,,
MNQ SEP25,1s,1,416,2025-07-14 09:26:57,22930.5,22930.75,22930,22930.5,21,0.75,0,0.25,0.5,0,,,,
MNQ SEP25,1s,1,417,2025-07-14 09:26:58,22930.5,22930.75,22930.25,22930.75,18,0.5,0.25,0,0.25,1,,,,
MNQ SEP25,1s,1,418,2025-07-14 09:26:59,22930.5,22932.25,22930.5,22931.75,78,1.75,1.25,0.5,0,1,,,,
MNQ SEP25,1s,1,419,2025-07-14 09:27:00,22932.5,22932.5,22931.5,22931.5,24,1,1,0,0,-1,,,,
MNQ SEP25,10s,10,5441,2025-07-14 09:27:00,22929.25,22932.5,22928.25,22931.5,400,4.25,2.25,1,1,1,13,6.45,9.21666667,14.18
MNQ SEP25,20s,20,5720,2025-07-14 09:27:00,22928.75,22932.5,22927.25,22931.5,539,5.25,2.75,1,1.5,1,69.6,-27.05,14.33333333,-53.52
MNQ SEP25,1s,1,420,2025-07-14 09:27:01,22931.5,22931.75,22926,22928.5,225,5.75,3,0.25,2.5,-1,,,,
MNQ SEP25,1s,1,421,2025-07-14 09:27:02,22928,22928.25,22927.75,22928,24,0.5,0,0.25,0.25,0,,,,
MNQ SEP25,1s,1,422,2025-07-14 09:27:03,22928,22928.25,22927.25,22928,50,1,0,0.25,0.75,0,,,,
MNQ SEP25,1s,1,423,2025-07-14 09:27:04,22927.75,22927.75,22927,22927,37,0.75,0.75,0,0,-1,,,,
MNQ SEP25,1s,1,424,2025-07-14 09:27:05,22927,22927,22925.5,22927,36,1.5,0,0,1.5,0,,,,
MNQ SEP25,1s,1,425,2025-07-14 09:27:06,22927,22927,22926.25,22926.5,46,0.75,0.5,0,0.25,-1,,,,
MNQ SEP25,1s,1,426,2025-07-14 09:27:07,22926.5,22927,22926,22927,42,1,0.5,0,0.5,1,,,,
MNQ SEP25,1s,1,427,2025-07-14 09:27:08,22927,22928,22927,22927.25,48,1,0.25,0.75,0,1,,,,
MNQ SEP25,1s,1,428,2025-07-14 09:27:09,22927.75,22927.75,22927.25,22927.5,9,0.5,0.25,0,0.25,-1,,,,
MNQ SEP25,1s,1,429,2025-07-14 09:27:10,22927.25,22927.75,22927,22927,49,0.75,0.25,0.5,0,-1,,,,
MNQ SEP25,10s,10,5442,2025-07-14 09:27:10,22931.5,22931.75,22925.5,22927,566,6.25,4.5,0.25,1.5,-1,60.3,47.3,18.51666667,17.28
MNQ SEP25,1s,1,430,2025-07-14 09:27:11,22927.5,22927.75,22927.25,22927.75,11,0.5,0.25,0,0.25,1,,,,
MNQ SEP25,1s,1,431,2025-07-14 09:27:12,22927.75,22927.75,22927,22927.25,24,0.75,0.5,0,0.25,-1,,,,
MNQ SEP25,1s,1,432,2025-07-14 09:27:13,22927.25,22927.75,22927,22927,14,0.75,0.25,0.5,0,-1,,,,
MNQ SEP25,1s,1,433,2025-07-14 09:27:14,22927.75,22927.75,22927.5,22927.5,6,0.25,0.25,0,0,-1,,,,
MNQ SEP25,1s,1,434,2025-07-14 09:27:15,22927.5,22928.75,22927.5,22928.5,28,1.25,1,0.25,0,1,,,,
MNQ SEP25,1s,1,435,2025-07-14 09:27:16,22928.5,22928.75,22928.25,22928.5,7,0.5,0,0.25,0.25,0,,,,
MNQ SEP25,1s,1,436,2025-07-14 09:27:17,22928.25,22928.75,22928,22928.75,17,0.75,0.5,0,0.25,1,,,,
MNQ SEP25,1s,1,437,2025-07-14 09:27:18,22928.75,22929,22928.25,22928.25,14,0.75,0.5,0.25,0,-1,,,,
MNQ SEP25,1s,1,438,2025-07-14 09:27:19,22928,22928,22927.5,22927.75,5,0.5,0.25,0,0.25,-1,,,,
MNQ SEP25,1s,1,439,2025-07-14 09:27:20,22927.75,22927.75,22927.5,22927.5,7,0.25,0.25,0,0,-1,,,,
MNQ SEP25,10s,10,5443,2025-07-14 09:27:20,22927.5,22929,22927,22927.5,133,2,0,1.5,0.5,0,60.95,0.65,18.13333333,15.12
MNQ SEP25,20s,20,5721,2025-07-14 09:27:20,22931.5,22931.75,22925.5,22927.5,699,6.25,4,0.25,2,-1,137.2,67.6,22.66666667,-3.47
MNQ SEP25,1s,1,440,2025-07-14 09:27:21,22927.5,22928,22927.25,22927.75,12,0.75,0.25,0.25,0.25,1,,,,
MNQ SEP25,1s,1,441,2025-07-14 09:27:22,22927.5,22927.5,22927,22927,16,0.5,0.5,0,0,-1,,,,
MNQ SEP25,1s,1,442,2025-07-14 09:27:23,22927.75,22927.75,22927.75,22927.75,1,0,0,0,0,0,,,,
MNQ SEP25,1s,1,443,2025-07-14 09:27:24,22927.5,22927.75,22927,22927.75,15,0.75,0.25,0,0.5,1,,,,
MNQ SEP25,1s,1,444,2025-07-14 09:27:25,22927.5,22928.25,22927.5,22927.75,15,0.75,0.25,0.5,0,1,,,,
MNQ SEP25,1s,1,445,2025-07-14 09:27:26,22927.5,22927.75,22927.5,22927.75,7,0.25,0.25,0,0,1,,,,
MNQ SEP25,1s,1,446,2025-07-14 09:27:27,22927.75,22927.75,22927.5,22927.5,3,0.25,0.25,0,0,-1,,,,
MNQ SEP25,1s,1,447,2025-07-14 09:27:28,22927.75,22928.25,22927.75,22927.75,19,0.5,0,0.5,0,0,,,,
MNQ SEP25,1s,1,448,2025-07-14 09:27:29,22928,22928.5,22927.5,22928,15,1,0,0.5,0.5,0,,,,
MNQ SEP25,1s,1,449,2025-07-14 09:27:30,22928,22928.5,22927.25,22928.5,34,1.25,0.5,0,0.75,1,,,,
MNQ SEP25,10s,10,5444,2025-07-14 09:27:30,22927.5,22928.5,22927,22928.5,137,1.5,1,0,0.5,1,47.85,-13.1,11.61666667,8.62
MNQ SEP25,1s,1,450,2025-07-14 09:27:31,22928,22929.5,22927.75,22929.5,39,1.75,1.5,0,0.25,1,,,,
MNQ SEP25,1s,1,451,2025-07-14 09:27:32,22929.25,22930.5,22929.25,22929.75,33,1.25,0.5,0.75,0,1,,,,
MNQ SEP25,1s,1,452,2025-07-14 09:27:33,22930,22930,22929.5,22929.5,3,0.5,0.5,0,0,-1,,,,
MNQ SEP25,1s,1,453,2025-07-14 09:27:34,22929.75,22929.75,22928.5,22929,15,1.25,0.75,0,0.5,-1,,,,
MNQ SEP25,1s,1,454,2025-07-14 09:27:35,22929.25,22930.5,22929.25,22930.5,47,1.25,1.25,0,0,1,,,,
MNQ SEP25,1s,1,455,2025-07-14 09:27:36,22930.25,22931.25,22929.5,22930.75,50,1.75,0.5,0.5,0.75,1,,,,
MNQ SEP25,1s,1,456,2025-07-14 09:27:37,22930.75,22931.5,22930.25,22931.25,36,1.25,0.5,0.25,0.5,1,,,,
MNQ SEP25,1s,1,457,2025-07-14 09:27:38,22931.5,22931.75,22930.25,22931.5,48,1.5,0,0.25,1.25,0,,,,
MNQ SEP25,1s,1,458,2025-07-14 09:27:39,22931.25,22931.5,22930.25,22930.25,21,1.25,1,0.25,0,-1,,,,
MNQ SEP25,1s,1,459,2025-07-14 09:27:40,22931,22931,22930,22930,25,1,1,0,0,-1,,,,
MNQ SEP25,10s,10,5445,2025-07-14 09:27:40,22928,22931.75,22927.75,22930,317,4,2,1.75,0.25,1,75.9,28.05,5.2,13.87
MNQ SEP25,20s,20,5722,2025-07-14 09:27:40,22927.5,22931.75,22927,22930,454,4.75,2.5,1.75,0.5,1,157.4,20.2,20.25,26.16
MNQ SEP25,1s,1,460,2025-07-14 09:27:41,22930.5,22933,22930.5,22932,175,2.5,1.5,1,0,1,,,,
MNQ SEP25,1s,1,461,2025-07-14 09:27:42,22931.75,22932.75,22931.5,22932.5,17,1.25,0.75,0.25,0.25,1,,,,
MNQ SEP25,1s,1,462,2025-07-14 09:27:43,22932.75,22932.75,22932.5,22932.5,25,0.25,0.25,0,0,-1,,,,
MNQ SEP25,1s,1,463,2025-07-14 09:27:44,22933,22933,22931.75,22932,36,1.25,1,0,0.25,-1,,,,
MNQ SEP25,1s,1,464,2025-07-14 09:27:45,22931.75,22931.75,22931,22931,32,0.75,0.75,0,0,-1,,,,
MNQ SEP25,1s,1,465,2025-07-14 09:27:46,22931.5,22931.5,22931,22931.5,14,0.5,0,0,0.5,0,,,,
MNQ SEP25,1s,1,466,2025-07-14 09:27:47,22931.25,22931.25,22931,22931,8,0.25,0.25,0,0,-1,,,,
MNQ SEP25,1s,1,467,2025-07-14 09:27:48,22931.25,22931.5,22930.75,22931.25,14,0.75,0,0.25,0.5,0,,,,
MNQ SEP25,1s,1,468,2025-07-14 09:27:49,22931,22931.5,22931,22931,15,0.5,0,0.5,0,0,,,,
MNQ SEP25,1s,1,469,2025-07-14 09:27:50,22931.25,22931.25,22930.5,22931,25,0.75,0.25,0,0.5,-1,,,,
MNQ SEP25,10s,10,5446,2025-07-14 09:27:50,22930.5,22933,22930.5,22931,361,2.5,0.5,2,0,1,60.9,-15,-0.01666667,9.58
MNQ SEP25,1s,1,470,2025-07-14 09:27:51,22931,22931.25,22929.25,22930.25,105,2,0.75,0.25,1,-1,,,,
MNQ SEP25,1s,1,471,2025-07-14 09:27:52,22930.25,22930.75,22930,22930.75,9,0.75,0.5,0,0.25,1,,,,
MNQ SEP25,1s,1,472,2025-07-14 09:27:53,22930.25,22930.25,22930,22930.25,14,0.25,0,0,0.25,0,,,,
MNQ SEP25,1s,1,473,2025-07-14 09:27:54,22930,22930.75,22929.75,22930.25,18,1,0.25,0.5,0.25,1,,,,
MNQ SEP25,1s,1,474,2025-07-14 09:27:55,22930.25,22931.25,22930,22931.25,11,1.25,1,0,0.25,1,,,,
MNQ SEP25,1s,1,475,2025-07-14 09:27:56,22931,22931,22930.25,22930.75,6,0.75,0.25,0,0.5,-1,,,,
MNQ SEP25,1s,1,476,2025-07-14 09:27:57,22930.25,22931,22929.75,22930.75,15,1.25,0.5,0.25,0.5,1,,,,
MNQ SEP25,1s,1,477,2025-07-14 09:27:58,22930.75,22931.25,22930.5,22930.75,21,0.75,0,0.5,0.25,0,,,,
MNQ SEP25,1s,1,478,2025-07-14 09:27:59,22930.75,22931.25,22930.5,22930.75,22,0.75,0,0.5,0.25,0,,,,
MNQ SEP25,1s,1,479,2025-07-14 09:28:00,22931,22931.5,22930.75,22931.25,19,0.75,0.25,0.25,0.25,1,,,,
MNQ SEP25,10s,10,5447,2025-07-14 09:28:00,22931,22931.5,22929.25,22931.25,240,2.25,0.25,0.25,1.75,1,-10,-70.9,-19.28333333,-14.06
MNQ SEP25,20s,20,5723,2025-07-14 09:28:00,22930.5,22933,22929.25,22931.25,601,3.75,0.75,1.75,1.25,1,125.2,-32.2,18.53333333,11.2
MNQ SEP25,1s,1,480,2025-07-14 09:28:01,22931.5,22932.25,22929.25,22931,161,3,0.5,0.75,1.75,-1,,,,
MNQ SEP25,1s,1,481,2025-07-14 09:28:02,22930.75,22931,22930.75,22931,6,0.25,0.25,0,0,1,,,,
MNQ SEP25,1s,1,482,2025-07-14 09:28:03,22931.5,22932.5,22931,22932.5,27,1.5,1,0,0.5,1,,,,
MNQ SEP25,1s,1,483,2025-07-14 09:28:04,22932.5,22933.5,22932.5,22933.25,48,1,0.75,0.25,0,1,,,,
MNQ SEP25,1s,1,484,2025-07-14 09:28:05,22932.75,22933.5,22931.75,22933.5,30,1.75,0.75,0,1,1,,,,
MNQ SEP25,1s,1,485,2025-07-14 09:28:06,22933.25,22934.5,22933.25,22934.5,197,1.25,1.25,0,0,1,,,,
MNQ SEP25,1s,1,486,2025-07-14 09:28:07,22934.5,22934.5,22934,22934.5,24,0.5,0,0,0.5,0,,,,
MNQ SEP25,1s,1,487,2025-07-14 09:28:08,22934.5,22934.5,22934,22934,12,0.5,0.5,0,0,-1,,,,
MNQ SEP25,1s,1,488,2025-07-14 09:28:09,22934.25,22935,22933.75,22934,80,1.25,0.25,0.75,0.25,-1,,,,
MNQ SEP25,1s,1,489,2025-07-14 09:28:10,22934.5,22934.75,22934.25,22934.25,28,0.5,0.25,0.25,0,-1,,,,
MNQ SEP25,10s,10,5448,2025-07-14 09:28:10,22931.5,22935,22929.25,22934.25,613,5.75,2.75,0.75,2.25,1,62.55,72.55,-4.45,0.32
MNQ SEP25,1s,1,490,2025-07-14 09:28:11,22934.25,22934.5,22933.75,22934.25,17,0.75,0,0.25,0.5,0,,,,
MNQ SEP25,1s,1,491,2025-07-14 09:28:12,22934.5,22934.75,22934,22934.25,28,0.75,0.25,0.25,0.25,-1,,,,
MNQ SEP25,1s,1,492,2025-07-14 09:28:13,22934.5,22934.75,22934,22934.75,19,0.75,0.25,0,0.5,1,,,,
MNQ SEP25,1s,1,493,2025-07-14 09:28:14,22934,22934.75,22934,22934.75,15,0.75,0.75,0,0,1,,,,
MNQ SEP25,1s,1,494,2025-07-14 09:28:15,22935,22935,22934.25,22934.25,27,0.75,0.75,0,0,-1,,,,
MNQ SEP25,1s,1,495,2025-07-14 09:28:16,22934.5,22935.5,22934.5,22934.75,90,1,0.25,0.75,0,1,,,,
MNQ SEP25,1s,1,496,2025-07-14 09:28:17,22935,22935,22934.75,22934.75,8,0.25,0.25,0,0,-1,,,,
MNQ SEP25,1s,1,497,2025-07-14 09:28:18,22934.75,22935.25,22933.5,22934.75,60,1.75,0,0.5,1.25,0,,,,
MNQ SEP25,1s,1,498,2025-07-14 09:28:19,22934.75,22934.75,22934.25,22934.25,17,0.5,0.5,0,0,-1,,,,
MNQ SEP25,1s,1,499,2025-07-14 09:28:20,22934.5,22935,22934.25,22935,18,0.75,0.5,0,0.25,1,,,,
MNQ SEP25,10s,10,5449,2025-07-14 09:28:20,22934.25,22935.5,22933.5,22935,299,2,0.75,0.5,0.75,1,88.25,25.7,9.11666667,8.08
MNQ SEP25,20s,20,5724,2025-07-14 09:28:20,22931.5,22935.5,22929.25,22935,912,6.25,3.5,0.5,2.25,1,152.9,27.7,5.23333333,11.25
MNQ SEP25,1s,1,500,2025-07-14 09:28:21,22935,22935,22934.25,22934.25,12,0.75,0.75,0,0,-1,,,,
MNQ SEP25,1s,1,501,2025-07-14 09:28:22,22934.75,22934.75,22933.75,22933.75,11,1,1,0,0,-1,,,,
MNQ SEP25,1s,1,502,2025-07-14 09:28:23,22934.25,22934.75,22934,22934.75,19,0.75,0.5,0,0.25,1,,,,
MNQ SEP25,1s,1,503,2025-07-14 09:28:24,22934.5,22935,22934,22934,10,1,0.5,0.5,0,-1,,,,
MNQ SEP25,1s,1,504,2025-07-14 09:28:25,22934,22934.25,22933.25,22933.25,19,1,0.75,0.25,0,-1,,,,
MNQ SEP25,1s,1,505,2025-07-14 09:28:26,22933.5,22934,22933.25,22933.5,18,0.75,0,0.5,0.25,0,,,,
MNQ SEP25,1s,1,506,2025-07-14 09:28:27,22933.5,22935.25,22933.25,22935,26,2,1.5,0.25,0.25,1,,,,
MNQ SEP25,1s,1,507,2025-07-14 09:28:28,22935,22935.5,22934.75,22935.25,35,0.75,0.25,0.25,0.25,1,,,,
MNQ SEP25,1s,1,508,2025-07-14 09:28:29,22935,22935.25,22934.5,22935,21,0.75,0,0.25,0.5,0,,,,
MNQ SEP25,1s,1,509,2025-07-14 09:28:30,22935,22935.5,22935,22935,14,0.5,0,0.5,0,0,,,,
MNQ SEP25,10s,10,5450,2025-07-14 09:28:30,22935,22935.5,22933.25,22935,185,2.25,0,0.5,1.75,0,70.65,-17.6,26.88333333,-1.05
MNQ SEP25,1s,1,510,2025-07-14 09:28:31,22934.75,22935.75,22934.75,22935.25,54,1,0.5,0.5,0,1,,,,
MNQ SEP25,1s,1,511,2025-07-14 09:28:32,22935.75,22936,22935.25,22935.75,21,0.75,0,0.25,0.5,0,,,,
MNQ SEP25,1s,1,512,2025-07-14 09:28:33,22935.25,22935.75,22935.25,22935.75,23,0.5,0.5,0,0,1,,,,
MNQ SEP25,1s,1,513,2025-07-14 09:28:34,22936,22936,22935.5,22936,22,0.5,0,0,0.5,0,,,,
MNQ SEP25,1s,1,514,2025-07-14 09:28:35,22936,22936.5,22936,22936.5,26,0.5,0.5,0,0,1,,,,
MNQ SEP25,1s,1,515,2025-07-14 09:28:36,22936,22936,22935.25,22935.25,31,0.75,0.75,0,0,-1,,,,
MNQ SEP25,1s,1,516,2025-07-14 09:28:37,22935.75,22935.75,22934.75,22935.25,14,1,0.5,0,0.5,-1,,,,
MNQ SEP25,1s,1,517,2025-07-14 09:28:38,22934.75,22935.5,22934.75,22935,9,0.75,0.25,0.5,0,1,,,,
MNQ SEP25,1s,1,518,2025-07-14 09:28:39,22935,22935.25,22933.5,22933.5,57,1.75,1.5,0.25,0,-1,,,,
MNQ SEP25,1s,1,519,2025-07-14 09:28:40,22934,22934.5,22933.75,22934.25,20,0.75,0.25,0.25,0.25,1,,,,
MNQ SEP25,10s,10,5451,2025-07-14 09:28:40,22934.75,22936.5,22933.5,22934.25,277,3,0.5,1.75,0.75,-1,51.5,-19.15,-3.68333333,-1.88
MNQ SEP25,20s,20,5725,2025-07-14 09:28:40,22935,22936.5,22933.25,22934.25,462,3.25,0.75,1.5,1,-1,131,-21.9,-8.8,12.28
MNQ SEP25,1s,1,520,2025-07-14 09:28:41,22934,22934,22934,22934,2,0,0,0,0,0,,,,
MNQ SEP25,1s,1,521,2025-07-14 09:28:42,22934,22935,22934,22934.75,34,1,0.75,0.25,0,1,,,,
MNQ SEP25,1s,1,522,2025-07-14 09:28:43,22934.5,22935,22934.25,22934.75,9,0.75,0.25,0.25,0.25,1,,,,
MNQ SEP25,1s,1,523,2025-07-14 09:28:44,22934.25,22935.5,22934.25,22935,17,1.25,0.75,0.5,0,1,,,,
MNQ SEP25,1s,1,524,2025-07-14 09:28:45,22935.25,22935.75,22935.25,22935.25,5,0.5,0,0.5,0,0,,,,
MNQ SEP25,1s,1,525,2025-07-14 09:28:46,22935.25,22935.75,22935,22935.75,6,0.75,0.5,0,0.25,1,,,,
MNQ SEP25,1s,1,526,2025-07-14 09:28:47,22935.25,22935.75,22934.75,22934.75,15,1,0.5,0.5,0,-1,,,,
MNQ SEP25,1s,1,527,2025-07-14 09:28:48,22935.25,22935.5,22935,22935,5,0.5,0.25,0.25,0,-1,,,,
MNQ SEP25,1s,1,528,2025-07-14 09:28:49,22935.25,22935.25,22935.25,22935.25,1,0,0,0,0,0,,,,
MNQ SEP25,1s,1,529,2025-07-14 09:28:50,22935.75,22936.25,22935.25,22935.5,25,1,0.25,0.5,0.25,-1,,,,
MNQ SEP25,10s,10,5452,2025-07-14 09:28:50,22934,22936.25,22934,22935.5,119,2.25,1.5,0.75,0,1,27.3,-24.2,-20.31666667,7.46
MNQ SEP25,1s,1,530,2025-07-14 09:28:51,22935.5,22935.5,22935.25,22935.5,5,0.25,0,0,0.25,0,,,,
MNQ SEP25,1s,1,531,2025-07-14 09:28:52,22935.5,22935.5,22935.25,22935.25,2,0.25,0.25,0,0,-1,,,,
MNQ SEP25,1s,1,532,2025-07-14 09:28:53,22935.25,22935.5,22935,22935.5,9,0.5,0.25,0,0.25,1,,,,
MNQ SEP25,1s,1,533,2025-07-14 09:28:54,22935,22935.25,22934.75,22934.75,4,0.5,0.25,0.25,0,-1,,,,
MNQ SEP25,1s,1,534,2025-07-14 09:28:55,22935.25,22935.5,22935,22935,7,0.5,0.25,0.25,0,-1,,,,
MNQ SEP25,1s,1,535,2025-07-14 09:28:56,22935.25,22935.75,22935,22935.75,9,0.75,0.5,0,0.25,1,,,,
MNQ SEP25,1s,1,536,2025-07-14 09:28:57,22935.75,22935.75,22934.5,22934.5,22,1.25,1.25,0,0,-1,,,,
MNQ SEP25,1s,1,537,2025-07-14 09:28:58,22935,22935,22934.5,22934.5,15,0.5,0.5,0,0,-1,,,,
MNQ SEP25,1s,1,538,2025-07-14 09:28:59,22934.75,22935,22934,22934.5,29,1,0.25,0.25,0.5,-1,,,,
MNQ SEP25,1s,1,539,2025-07-14 09:29:00,22934.25,22934.75,22934,22934.25,20,0.75,0,0.5,0.25,0,,,,
MNQ SEP25,10s,10,5453,2025-07-14 09:29:00,22935.5,22935.75,22934,22934.25,122,1.75,1.25,0.25,0.25,-1,-70.6,-97.9,-47.08333333,-26.63
MNQ SEP25,20s,20,5726,2025-07-14 09:29:00,22934,22936.25,22934,22934.25,241,2.25,0.25,2,0,1,40.95,-90.05,-28.08333333,-19.25
MNQ SEP25,1s,1,540,2025-07-14 09:29:01,22934.25,22934.75,22933.5,22934.25,35,1.25,0,0.5,0.75,0,,,,
MNQ SEP25,1s,1,541,2025-07-14 09:29:02,22934,22935.25,22934,22934.25,32,1.25,0.25,1,0,1,,,,
MNQ SEP25,1s,1,542,2025-07-14 09:29:03,22934.75,22935,22934.75,22934.75,16,0.25,0,0.25,0,0,,,,
MNQ SEP25,1s,1,543,2025-07-14 09:29:04,22934.25,22935,22934.25,22934.5,18,0.75,0.25,0.5,0,1,,,,
MNQ SEP25,1s,1,544,2025-07-14 09:29:05,22935,22935.75,22935,22935,25,0.75,0,0.75,0,0,,,,
MNQ SEP25,1s,1,545,2025-07-14 09:29:06,22935.5,22935.75,22934.75,22935.25,19,1,0.25,0.25,0.5,-1,,,,
MNQ SEP25,1s,1,546,2025-07-14 09:29:07,22935,22935.75,22935,22935.75,2,0.75,0.75,0,0,1,,,,
MNQ SEP25,1s,1,547,2025-07-14 09:29:08,22935.25,22935.75,22935.25,22935.75,2,0.5,0.5,0,0,1,,,,
MNQ SEP25,1s,1,548,2025-07-14 09:29:09,22935,22935,22934.75,22935,9,0.25,0,0,0.25,0,,,,
MNQ SEP25,1s,1,549,2025-07-14 09:29:10,22935.5,22935.5,22935.25,22935.5,5,0.25,0,0,0.25,0,,,,
MNQ SEP25,10s,10,5454,2025-07-14 09:29:10,22934.25,22935.75,22933.5,22935.5,163,2.25,1.25,0.25,0.75,1,-97.25,-26.65,-49.58333333,-37.1
MNQ SEP25,1s,1,550,2025-07-14 09:29:11,22935.25,22935.5,22934.75,22935.5,11,0.75,0.25,0,0.5,1,,,,
MNQ SEP25,1s,1,551,2025-07-14 09:29:12,22935,22935.25,22934.5,22934.75,23,0.75,0.25,0.25,0.25,-1,,,,
MNQ SEP25,1s,1,552,2025-07-14 09:29:13,22935.25,22935.5,22934.75,22935,21,0.75,0.25,0.25,0.25,-1,,,,
MNQ SEP25,1s,1,553,2025-07-14 09:29:14,22934.75,22935.5,22934.75,22934.75,11,0.75,0,0.75,0,0,,,,
MNQ SEP25,1s,1,554,2025-07-14 09:29:15,22935.25,22935.25,22934,22935,40,1.25,0.25,0,1,-1,,,,
MNQ SEP25,1s,1,555,2025-07-14 09:29:16,22935,22936.5,22935,22936.25,59,1.5,1.25,0.25,0,1,,,,
MNQ SEP25,1s,1,556,2025-07-14 09:29:17,22936.5,22936.5,22936.25,22936.5,10,0.25,0,0,0.25,0,,,,
MNQ SEP25,1s,1,557,2025-07-14 09:29:18,22936.5,22936.75,22936,22936.5,14,0.75,0,0.25,0.5,0,,,,
MNQ SEP25,1s,1,558,2025-07-14 09:29:19,22936.75,22936.75,22935.75,22935.75,9,1,1,0,0,-1,,,,
MNQ SEP25,1s,1,559,2025-07-14 09:29:20,22937,22940.75,22937,22940.25,456,3.75,3.25,0.5,0,1,,,,
MNQ SEP25,10s,10,5455,2025-07-14 09:29:20,22935.25,22940.75,22934,22940.25,654,6.75,5,0.5,1.25,1,-30.4,66.85,-19.23333333,-20.21
MNQ SEP25,20s,20,5727,2025-07-14 09:29:20,22934.25,22940.75,22933.5,22940.25,817,7.25,6,0.5,0.75,1,81,40.05,-23.96666667,-15.28
MNQ SEP25,1s,1,560,2025-07-14 09:29:21,22940.5,22940.75,22939.25,22940.25,94,1.5,0.25,0.25,1,-1,,,,
MNQ SEP25,1s,1,561,2025-07-14 09:29:22,22940.25,22940.5,22939.25,22939.75,42,1.25,0.5,0.25,0.5,-1,,,,
MNQ SEP25,1s,1,562,2025-07-14 09:29:23,22939.75,22942.25,22939.75,22942.25,76,2.5,2.5,0,0,1,,,,
MNQ SEP25,1s,1,563,2025-07-14 09:29:24,22942.25,22944.5,22942.25,22944,123,2.25,1.75,0.5,0,1,,,,
MNQ SEP25,1s,1,564,2025-07-14 09:29:25,22944,22944.5,22942.75,22943.5,46,1.75,0.5,0.5,0.75,-1,,,,
MNQ SEP25,1s,1,565,2025-07-14 09:29:26,22943.25,22944.25,22942,22943,74,2.25,0.25,1,1,-1,,,,
MNQ SEP25,1s,1,566,2025-07-14 09:29:27,22943,22943,22941.75,22941.75,32,1.25,1.25,0,0,-1,,,,
MNQ SEP25,1s,1,567,2025-07-14 09:29:28,22942.5,22944.25,22941.75,22941.75,82,2.5,0.75,1.75,0,-1,,,,
MNQ SEP25,1s,1,568,2025-07-14 09:29:29,22941.75,22942.5,22941.5,22941.5,31,1,0.25,0.75,0,-1,,,,
MNQ SEP25,1s,1,569,2025-07-14 09:29:30,22942,22942,22940.75,22942,18,1.25,0,0,1.25,0,,,,
MNQ SEP25,10s,10,5456,2025-07-14 09:29:30,22940.5,22944.5,22939.25,22942,618,5.25,1.5,2.5,1.25,1,22.4,52.8,31,-5.82
MNQ SEP25,1s,1,570,2025-07-14 09:29:31,22942.25,22943.75,22942,22943.25,23,1.75,1,0.5,0.25,1,,,,
MNQ SEP25,1s,1,571,2025-07-14 09:29:32,22943.25,22943.75,22942.75,22943.25,30,1,0,0.5,0.5,0,,,,
MNQ SEP25,1s,1,572,2025-07-14 09:29:33,22943,22943.75,22942.5,22942.5,21,1.25,0.5,0.75,0,-1,,,,
MNQ SEP25,1s,1,573,2025-07-14 09:29:34,22942.75,22943.25,22942.25,22942.25,23,1,0.5,0.5,0,-1,,,,
MNQ SEP25,1s,1,574,2025-07-14 09:29:35,22942.75,22943.5,22942.25,22942.25,31,1.25,0.5,0.75,0,-1,,,,
MNQ SEP25,1s,1,575,2025-07-14 09:29:36,22943.25,22943.75,22942.5,22943.25,20,1.25,0,0.5,0.75,0,,,,
MNQ SEP25,1s,1,576,2025-07-14 09:29:37,22943,22943.5,22942.25,22942.25,24,1.25,0.75,0.5,0,-1,,,,
MNQ SEP25,1s,1,577,2025-07-14 09:29:38,22942.5,22942.5,22941.5,22942.5,47,1,0,0,1,0,,,,
MNQ SEP25,1s,1,578,2025-07-14 09:29:39,22942.25,22943.75,22942.25,22943.75,25,1.5,1.5,0,0,1,,,,
MNQ SEP25,1s,1,579,2025-07-14 09:29:40,22943.75,22944,22942.25,22943.25,41,1.75,0.5,0.25,1,-1,,,,
MNQ SEP25,10s,10,5457,2025-07-14 09:29:40,22942.25,22944,22941.5,22943.25,285,2.5,1,0.75,0.75,1,58.75,36.35,52,6.29
MNQ SEP25,20s,20,5728,2025-07-14 09:29:40,22940.5,22944.5,22939.25,22943.25,903,5.25,2.75,1.25,1.25,1,116.25,35.25,-4.91666667,-1.79
MNQ SEP25,1s,1,580,2025-07-14 09:29:41,22943,22943.25,22942.25,22942.25,13,1,0.75,0.25,0,-1,,,,
MNQ SEP25,1s,1,581,2025-07-14 09:29:42,22942.5,22942.75,22942,22942.5,10,0.75,0,0.25,0.5,0,,,,
MNQ SEP25,1s,1,582,2025-07-14 09:29:43,22942.75,22944.25,22942.5,22944.25,37,1.75,1.5,0,0.25,1,,,,
MNQ SEP25,1s,1,583,2025-07-14 09:29:44,22943.75,22944.25,22943.5,22943.5,17,0.75,0.25,0.5,0,-1,,,,
MNQ SEP25,1s,1,584,2025-07-14 09:29:45,22943.75,22944.5,22943.25,22944,44,1.25,0.25,0.5,0.5,1,,,,
MNQ SEP25,1s,1,585,2025-07-14 09:29:46,22943.75,22944.75,22943.25,22943.25,28,1.5,0.5,1,0,-1,,,,
MNQ SEP25,1s,1,586,2025-07-14 09:29:47,22943.5,22944,22942.25,22943.75,53,1.75,0.25,0.25,1.25,1,,,,
MNQ SEP25,1s,1,587,2025-07-14 09:29:48,22943.5,22943.75,22943.25,22943.25,13,0.5,0.25,0.25,0,-1,,,,
MNQ SEP25,1s,1,588,2025-07-14 09:29:49,22943,22943.25,22942,22942,15,1.25,1,0.25,0,-1,,,,
MNQ SEP25,1s,1,589,2025-07-14 09:29:50,22942,22943.25,22941,22941.25,91,2.25,0.75,1.25,0.25,-1,,,,
MNQ SEP25,10s,10,5458,2025-07-14 09:29:50,22943,22944.75,22941,22941.25,321,3.75,1.75,1.75,0.25,-1,93.4,34.65,41.26666667,32.8
MNQ SEP25,1s,1,590,2025-07-14 09:29:51,22941.75,22942.75,22941.5,22942.75,35,1.25,1,0,0.25,1,,,,
MNQ SEP25,1s,1,591,2025-07-14 09:29:52,22942.5,22943,22941.25,22942.5,75,1.75,0,0.5,1.25,0,,,,
MNQ SEP25,1s,1,592,2025-07-14 09:29:53,22942.75,22942.75,22941.75,22942.25,27,1,0.5,0,0.5,-1,,,,
MNQ SEP25,1s,1,593,2025-07-14 09:29:54,22942.25,22943.25,22941,22941,49,2.25,1.25,1,0,-1,,,,
MNQ SEP25,1s,1,594,2025-07-14 09:29:55,22941.25,22941.25,22938.75,22940.5,131,2.5,0.75,0,1.75,-1,,,,
MNQ SEP25,1s,1,595,2025-07-14 09:29:56,22940.75,22941,22939.75,22940.75,56,1.25,0,0.25,1,0,,,,
MNQ SEP25,1s,1,596,2025-07-14 09:29:57,22941.25,22943.5,22941.25,22942.25,86,2.25,1,1.25,0,1,,,,
MNQ SEP25,1s,1,597,2025-07-14 09:29:58,22941.5,22942.25,22941.5,22942,19,0.75,0.5,0.25,0,1,,,,
MNQ SEP25,1s,1,598,2025-07-14 09:29:59,22942.5,22942.75,22941.25,22942.5,49,1.5,0,0.25,1.25,0,,,,
MNQ SEP25,1s,1,599,2025-07-14 09:30:00,22942,22944.75,22942,22943.5,80,2.75,1.5,1.25,0,1,,,,
MNQ SEP25,10s,10,5459,2025-07-14 09:30:00,22941.75,22944.75,22938.75,22943.5,607,6,1.75,1.25,3,1,169.2,75.8,48.93333333,53.29
MNQ SEP25,20s,20,5729,2025-07-14 09:30:00,22943,22944.75,22938.75,22943.5,928,6,0.5,1.25,4.25,1,79.55,-36.7,12.86666667,-14.67
MNQ SEP25,1s,1,600,2025-07-14 09:30:01,22943,22944.25,22940.75,22940.75,502,3.5,2.25,1.25,0,-1,,,,
MNQ SEP25,1s,1,601,2025-07-14 09:30:02,22941,22946.5,22940.75,22943,322,5.75,2,3.5,0.25,1,,,,
MNQ SEP25,1s,1,602,2025-07-14 09:30:03,22942.5,22947,22942,22945,332,5,2.5,2,0.5,1,,,,
MNQ SEP25,1s,1,603,2025-07-14 09:30:04,22944.75,22946.25,22942.75,22945.5,137,3.5,0.75,0.75,2,1,,,,
MNQ SEP25,1s,1,604,2025-07-14 09:30:05,22945.5,22946.25,22944,22945.25,106,2.25,0.25,0.75,1.25,-1,,,,
MNQ SEP25,1s,1,605,2025-07-14 09:30:06,22944.75,22948.25,22944.25,22947.5,189,4,2.75,0.75,0.5,1,,,,
MNQ SEP25,1s,1,606,2025-07-14 09:30:07,22947.75,22953,22947.75,22953,715,5.25,5.25,0,0,1,,,,
MNQ SEP25,1s,1,607,2025-07-14 09:30:08,22953,22953.75,22951.5,22952.5,314,2.25,0.5,0.75,1,-1,,,,
MNQ SEP25,1s,1,608,2025-07-14 09:30:09,22952.75,22955,22948.75,22950,460,6.25,2.75,2.25,1.25,-1,,,,
MNQ SEP25,1s,1,609,2025-07-14 09:30:10,22950.5,22950.75,22944.75,22948.25,283,6,2.25,0.25,3.5,-1,,,,
MNQ SEP25,10s,10,5460,2025-07-14 09:30:10,22943,22955,22940.75,22948.25,3360,14.25,5.25,6.75,2.25,1,549.35,380.15,163.53333333,115.95
MNQ SEP25,1s,1,610,2025-07-14 09:30:11,22948,22951.5,22947.25,22950,282,4.25,2,1.5,0.75,1,,,,
MNQ SEP25,1s,1,611,2025-07-14 09:30:12,22949.75,22952.25,22949.75,22952.25,107,2.5,2.5,0,0,1,,,,
MNQ SEP25,1s,1,612,2025-07-14 09:30:13,22952,22954.5,22951.75,22954,101,2.75,2,0.5,0.25,1,,,,
MNQ SEP25,1s,1,613,2025-07-14 09:30:14,22954.25,22955,22953.5,22953.5,94,1.5,0.75,0.75,0,-1,,,,
MNQ SEP25,1s,1,614,2025-07-14 09:30:15,22953,22954.25,22952.75,22953.25,94,1.5,0.25,1,0.25,1,,,,
MNQ SEP25,1s,1,615,2025-07-14 09:30:16,22953,22953.75,22950.75,22951.5,133,3,1.5,0.75,0.75,-1,,,,
MNQ SEP25,1s,1,616,2025-07-14 09:30:17,22950.75,22951.5,22949,22950.25,120,2.5,0.5,0.75,1.25,-1,,,,
MNQ SEP25,1s,1,617,2025-07-14 09:30:18,22950.5,22951.5,22948.25,22949.25,91,3.25,1.25,1,1,-1,,,,
MNQ SEP25,1s,1,618,2025-07-14 09:30:19,22949,22949.75,22946.75,22946.75,62,3,2.25,0.75,0,-1,,,,
MNQ SEP25,1s,1,619,2025-07-14 09:30:20,22946.75,22948.25,22945,22945.75,214,3.25,1,1.5,0.75,-1,,,,
MNQ SEP25,10s,10,5461,2025-07-14 09:30:20,22948,22955,22945,22945.75,1298,10,2.25,7,0.75,-1,640.45,91.1,182.35,123.61
MNQ SEP25,20s,20,5730,2025-07-14 09:30:20,22943,22955,22940.75,22945.75,4658,14.25,2.75,9.25,2.25,1,698.25,618.7,205.75,113.45
MNQ SEP25,1s,1,620,2025-07-14 09:30:21,22945.25,22949.25,22944.75,22947.25,310,4.5,2,2,0.5,1,,,,
MNQ SEP25,1s,1,621,2025-07-14 09:30:22,22947,22951.5,22947,22950,180,4.5,3,1.5,0,1,,,,
MNQ SEP25,1s,1,622,2025-07-14 09:30:23,22949.75,22952,22949.25,22950,165,2.75,0.25,2,0.5,1,,,,
MNQ SEP25,1s,1,623,2025-07-14 09:30:24,22950,22952,22949.25,22951.25,85,2.75,1.25,0.75,0.75,1,,,,
MNQ SEP25,1s,1,624,2025-07-14 09:30:25,22951.25,22951.25,22948,22948.5,136,3.25,2.75,0,0.5,-1,,,,
MNQ SEP25,1s,1,625,2025-07-14 09:30:26,22948.5,22948.75,22946.5,22947.25,69,2.25,1.25,0.25,0.75,-1,,,,
MNQ SEP25,1s,1,626,2025-07-14 09:30:27,22947.5,22951.5,22947.25,22950.25,116,4.25,2.75,1.25,0.25,1,,,,
MNQ SEP25,1s,1,627,2025-07-14 09:30:28,22949.75,22952.75,22949.5,22951.25,117,3.25,1.5,1.5,0.25,1,,,,
MNQ SEP25,1s,1,628,2025-07-14 09:30:29,22951.25,22952.25,22938.5,22941.75,834,13.75,9.5,1,3.25,-1,,,,
MNQ SEP25,1s,1,629,2025-07-14 09:30:30,22941.5,22942.75,22940.25,22941.5,99,2.5,0,1.25,1.25,0,,,,
MNQ SEP25,10s,10,5462,2025-07-14 09:30:30,22945.25,22952.75,22938.5,22941.5,2111,14.25,3.75,7.5,3,-1,928.4,287.95,253.06666667,173.93
MNQ SEP25,1s,1,630,2025-07-14 09:30:31,22941.25,22943.25,22941.25,22941.5,145,2,0.25,1.75,0,1,,,,
MNQ SEP25,1s,1,631,2025-07-14 09:30:32,22941.25,22941.25,22936,22937.5,363,5.25,3.75,0,1.5,-1,,,,
MNQ SEP25,1s,1,632,2025-07-14 09:30:33,22937,22938.25,22932.25,22936.75,454,6,0.25,1.25,4.5,-1,,,,
MNQ SEP25,1s,1,633,2025-07-14 09:30:34,22936.75,22937.5,22934,22937.25,207,3.5,0.5,0.25,2.75,1,,,,
MNQ SEP25,1s,1,634,2025-07-14 09:30:35,22936.75,22939.75,22936.75,22938.5,194,3,1.75,1.25,0,1,,,,
MNQ SEP25,1s,1,635,2025-07-14 09:30:36,22938,22942.5,22938,22942.5,149,4.5,4.5,0,0,1,,,,
MNQ SEP25,1s,1,636,2025-07-14 09:30:37,22942.75,22943,22941,22942,101,2,0.75,0.25,1,-1,,,,
MNQ SEP25,1s,1,637,2025-07-14 09:30:38,22941.75,22941.75,22938.25,22940.25,86,3.5,1.5,0,2,-1,,,,
MNQ SEP25,1s,1,638,2025-07-14 09:30:39,22940.25,22940.25,22937,22939.5,84,3.25,0.75,0,2.5,-1,,,,
MNQ SEP25,1s,1,639,2025-07-14 09:30:40,22939,22940.5,22937.5,22940.5,108,3,1.5,0,1.5,1,,,,
MNQ SEP25,10s,10,5463,2025-07-14 09:30:40,22941.25,22943.25,22932.25,22940.5,1891,11,0.75,2,8.25,-1,1154.5,226.1,201.71666667,212.22
MNQ SEP25,20s,20,5731,2025-07-14 09:30:40,22945.25,22952.75,22932.25,22940.5,4002,20.5,4.75,7.5,8.25,-1,1306.65,608.4,396.8,253.14
MNQ SEP25,1s,1,640,2025-07-14 09:30:41,22940.75,22945.5,22940.75,22942.75,210,4.75,2,2.75,0,1,,,,
MNQ SEP25,1s,1,641,2025-07-14 09:30:42,22943.5,22949,22943.25,22948.5,132,5.75,5,0.5,0.25,1,,,,
MNQ SEP25,1s,1,642,2025-07-14 09:30:43,22948.25,22948.75,22945.75,22947,150,3,1.25,0.5,1.25,-1,,,,
MNQ SEP25,1s,1,643,2025-07-14 09:30:44,22946.25,22947.25,22945.5,22946.75,67,1.75,0.5,0.5,0.75,1,,,,
MNQ SEP25,1s,1,644,2025-07-14 09:30:45,22947,22952,22946.75,22951,151,5.25,4,1,0.25,1,,,,
MNQ SEP25,1s,1,645,2025-07-14 09:30:46,22951.25,22951.5,22949.75,22950,115,1.75,1.25,0.25,0.25,-1,,,,
MNQ SEP25,1s,1,646,2025-07-14 09:30:47,22950,22953.5,22950,22953.5,97,3.5,3.5,0,0,1,,,,
MNQ SEP25,1s,1,647,2025-07-14 09:30:48,22953,22953.5,22951.5,22951.75,86,2,1.25,0.5,0.25,-1,,,,
MNQ SEP25,1s,1,648,2025-07-14 09:30:49,22951.75,22956.5,22951.5,22954.75,252,5,3,1.75,0.25,1,,,,
MNQ SEP25,1s,1,649,2025-07-14 09:30:50,22955,22956.5,22953.5,22955.25,210,3,0.25,1.25,1.5,1,,,,
MNQ SEP25,10s,10,5464,2025-07-14 09:30:50,22940.75,22956.5,22940.75,22955.25,1470,15.75,14.5,1.25,0,1,1260.45,105.95,206.66666667,218.25
MNQ SEP25,1s,1,650,2025-07-14 09:30:51,22955,22959.25,22955,22959.25,320,4.25,4.25,0,0,1,,,,
MNQ SEP25,1s,1,651,2025-07-14 09:30:52,22958.75,22959.75,22943.25,22947.25,670,16.5,11.5,1,4,-1,,,,
MNQ SEP25,1s,1,652,2025-07-14 09:30:53,22947.25,22950,22947,22949,111,3,1.75,1,0.25,1,,,,
MNQ SEP25,1s,1,653,2025-07-14 09:30:54,22948.75,22949.5,22946.5,22948,92,3,0.75,0.75,1.5,-1,,,,
MNQ SEP25,1s,1,654,2025-07-14 09:30:55,22948.25,22951.5,22946.75,22950.75,69,4.75,2.5,0.75,1.5,1,,,,
MNQ SEP25,1s,1,655,2025-07-14 09:30:56,22951.25,22952.75,22948.75,22951,82,4,0.25,1.5,2.25,-1,,,,
MNQ SEP25,1s,1,656,2025-07-14 09:30:57,22951,22952.25,22950.5,22951.25,45,1.75,0.25,1,0.5,1,,,,
MNQ SEP25,1s,1,657,2025-07-14 09:30:58,22951.5,22952.5,22949.5,22950.5,85,3,1,1,1,-1,,,,
MNQ SEP25,1s,1,658,2025-07-14 09:30:59,22950.5,22952.25,22950.5,22951.75,42,1.75,1.25,0.5,0,1,,,,
MNQ SEP25,1s,1,659,2025-07-14 09:31:00,22951.75,22951.75,22949.75,22950.5,35,2,1.25,0,0.75,-1,,,,
MNQ SEP25,10s,10,5465,2025-07-14 09:31:00,22955,22959.75,22943.25,22950.5,1551,16.5,4.5,4.75,7.25,-1,836.95,-423.5,-30.48333333,57.52
MNQ SEP25,20s,20,5732,2025-07-14 09:31:00,22940.75,22959.75,22940.75,22950.5,3021,19,9.75,9.25,0,1,1640.45,333.8,520.3,311.89
MNQ SEP25,1s,1,660,2025-07-14 09:31:01,22950.5,22953.5,22947.5,22953.25,278,6,2.75,0.25,3,1,,,,
MNQ SEP25,1s,1,661,2025-07-14 09:31:02,22953,22953,22948.75,22949.25,128,4.25,3.75,0,0.5,-1,,,,
MNQ SEP25,1s,1,662,2025-07-14 09:31:03,22949.5,22950.5,22947.25,22950.5,188,3.25,1,0,2.25,1,,,,
MNQ SEP25,1s,1,663,2025-07-14 09:31:04,22950.25,22954.25,22948.25,22953,116,6,2.75,1.25,2,1,,,,
MNQ SEP25,1s,1,664,2025-07-14 09:31:05,22953,22955.25,22951.75,22954.5,114,3.5,1.5,0.75,1.25,1,,,,
MNQ SEP25,1s,1,665,2025-07-14 09:31:06,22954.75,22958.25,22954.25,22955,148,4,0.25,3.25,0.5,1,,,,
MNQ SEP25,1s,1,666,2025-07-14 09:31:07,22954.75,22957.25,22953.5,22955.5,105,3.75,0.75,1.75,1.25,1,,,,
MNQ SEP25,1s,1,667,2025-07-14 09:31:08,22955.25,22956.5,22954,22955.25,113,2.5,0,1.25,1.25,0,,,,
MNQ SEP25,1s,1,668,2025-07-14 09:31:09,22955.5,22956.75,22953,22953,99,3.75,2.5,1.25,0,-1,,,,
MNQ SEP25,1s,1,669,2025-07-14 09:31:10,22953.5,22953.5,22949.25,22951.5,139,4.25,2,0,2.25,-1,,,,
MNQ SEP25,10s,10,5466,2025-07-14 09:31:10,22950.5,22958.25,22947.25,22951.5,1428,11,1,6.75,3.25,1,809.6,-27.35,-114.96666667,33.83
MNQ SEP25,1s,1,670,2025-07-14 09:31:11,22951.5,22952.75,22950.25,22952.25,129,2.5,0.75,0.5,1.25,1,,,,
MNQ SEP25,1s,1,671,2025-07-14 09:31:12,22952,22952.5,22949.5,22951.75,97,3,0.25,0.5,2.25,-1,,,,
MNQ SEP25,1s,1,672,2025-07-14 09:31:13,22952.25,22958.5,22952.25,22958.5,179,6.25,6.25,0,0,1,,,,
MNQ SEP25,1s,1,673,2025-07-14 09:31:14,22958.5,22962,22957.75,22960.5,357,4.25,2,1.5,0.75,1,,,,
MNQ SEP25,1s,1,674,2025-07-14 09:31:15,22961.25,22961.5,22958.75,22961,195,2.75,0.25,0.25,2.25,-1,,,,
MNQ SEP25,1s,1,675,2025-07-14 09:31:16,22961.25,22962.5,22959.75,22961.5,203,2.75,0.25,1,1.5,1,,,,
MNQ SEP25,1s,1,676,2025-07-14 09:31:17,22961,22964.25,22960.5,22963.5,225,3.75,2.5,0.75,0.5,1,,,,
MNQ SEP25,1s,1,677,2025-07-14 09:31:18,22963.5,22966.25,22963,22965.5,268,3.25,2,0.75,0.5,1,,,,
MNQ SEP25,1s,1,678,2025-07-14 09:31:19,22965,22967,22964,22965.5,230,3,0.5,1.5,1,1,,,,
MNQ SEP25,1s,1,679,2025-07-14 09:31:20,22965.5,22967.75,22965,22967,233,2.75,1.5,0.75,0.5,1,,,,
MNQ SEP25,10s,10,5467,2025-07-14 09:31:20,22951.5,22967.75,22949.5,22967,2116,18.25,15.5,0.75,2,1,716.8,-92.8,-181.21666667,-42.32
MNQ SEP25,20s,20,5733,2025-07-14 09:31:20,22950.5,22967.75,22947.25,22967,3544,20.5,16.5,0.75,3.25,1,2008.6,368.15,436.78333333,378.47
MNQ SEP25,1s,1,680,2025-07-14 09:31:21,22966.75,22970.25,22966,22969.25,345,4.25,2.5,1,0.75,1,,,,
MNQ SEP25,1s,1,681,2025-07-14 09:31:22,22969.25,22970.75,22968.5,22969.5,248,2.25,0.25,1.25,0.75,1,,,,
MNQ SEP25,1s,1,682,2025-07-14 09:31:23,22970.5,22974.75,22970,22973.25,278,4.75,2.75,1.5,0.5,1,,,,
MNQ SEP25,1s,1,683,2025-07-14 09:31:24,22973.25,22975,22973,22974.75,278,2,1.5,0.25,0.25,1,,,,
MNQ SEP25,1s,1,684,2025-07-14 09:31:25,22974.5,22977.5,22974.5,22977,345,3,2.5,0.5,0,1,,,,
MNQ SEP25,1s,1,685,2025-07-14 09:31:26,22977,22978,22976,22976,297,2,1,1,0,-1,,,,
MNQ SEP25,1s,1,686,2025-07-14 09:31:27,22976,22979,22976,22978.5,201,3,2.5,0.5,0,1,,,,
MNQ SEP25,1s,1,687,2025-07-14 09:31:28,22978.25,22979,22975.25,22978,269,3.75,0.25,0.75,2.75,-1,,,,
MNQ SEP25,1s,1,688,2025-07-14 09:31:29,22977.75,22978.75,22975,22976.25,174,3.75,1.5,1,1.25,-1,,,,
MNQ SEP25,1s,1,689,2025-07-14 09:31:30,22976.5,22977.5,22972.25,22973.25,208,5.25,3.25,1,1,-1,,,,
MNQ SEP25,10s,10,5468,2025-07-14 09:31:30,22966.75,22979,22966,22973.25,2643,13,6.5,5.75,0.75,1,765.7,48.9,-23.75,-77.76
MNQ SEP25,1s,1,690,2025-07-14 09:31:31,22973.25,22973.25,22970.5,22971.5,220,2.75,1.75,0,1,-1,,,,
MNQ SEP25,1s,1,691,2025-07-14 09:31:32,22971.5,22974.75,22969.75,22973,284,5,1.5,1.75,1.75,1,,,,
MNQ SEP25,1s,1,692,2025-07-14 09:31:33,22973.5,22974.25,22971.75,22972.75,96,2.5,0.75,0.75,1,-1,,,,
MNQ SEP25,1s,1,693,2025-07-14 09:31:34,22972.25,22972.25,22967,22968.75,230,5.25,3.5,0,1.75,-1,,,,
MNQ SEP25,1s,1,694,2025-07-14 09:31:35,22969.5,22971.25,22955.25,22959.25,756,16,10.25,1.75,4,-1,,,,
MNQ SEP25,1s,1,695,2025-07-14 09:31:36,22959.5,22960.75,22957.75,22960.5,244,3,1,0.25,1.75,1,,,,
MNQ SEP25,1s,1,696,2025-07-14 09:31:37,22959.75,22962.5,22959.75,22962.25,129,2.75,2.5,0.25,0,1,,,,
MNQ SEP25,1s,1,697,2025-07-14 09:31:38,22961.5,22962.25,22959,22960.25,122,3.25,1.25,0.75,1.25,-1,,,,
MNQ SEP25,1s,1,698,2025-07-14 09:31:39,22960,22963.25,22958.5,22962.25,140,4.75,2.25,1,1.5,1,,,,
MNQ SEP25,1s,1,699,2025-07-14 09:31:40,22962.25,22965,22961.75,22963.75,93,3.25,1.5,1.25,0.5,1,,,,
MNQ SEP25,10s,10,5469,2025-07-14 09:31:40,22973.25,22974.75,22955.25,22963.75,2314,19.5,9.5,1.5,8.5,-1,833.75,68.05,8.05,-85.34
MNQ SEP25,20s,20,5734,2025-07-14 09:31:40,22966.75,22979,22955.25,22963.75,4957,23.75,3,12.25,8.5,-1,2582,573.4,425.11666667,500.49
MNQ SEP25,1s,1,700,2025-07-14 09:31:41,22964.25,22965.5,22963,22963.25,101,2.5,1,1.25,0.25,-1,,,,
MNQ SEP25,1s,1,701,2025-07-14 09:31:42,22963.5,22964,22959.25,22959.75,79,4.75,3.75,0.5,0.5,-1,,,,
MNQ SEP25,1s,1,702,2025-07-14 09:31:43,22960.5,22960.5,22955.75,22956.75,100,4.75,3.75,0,1,-1,,,,
MNQ SEP25,1s,1,703,2025-07-14 09:31:44,22956.25,22958,22953,22954.5,103,5,1.75,1.75,1.5,-1,,,,
MNQ SEP25,1s,1,704,2025-07-14 09:31:45,22954.5,22955.25,22953.25,22954.25,114,2,0.25,0.75,1,-1,,,,
MNQ SEP25,1s,1,705,2025-07-14 09:31:46,22954.75,22955.75,22953.75,22955.5,98,2,0.75,0.25,1,1,,,,
MNQ SEP25,1s,1,706,2025-07-14 09:31:47,22955.5,22958.25,22942.5,22945.75,610,15.75,9.75,2.75,3.25,-1,,,,
MNQ SEP25,1s,1,707,2025-07-14 09:31:48,22945.75,22947.25,22943,22944,363,4.25,1.75,1.5,1,-1,,,,
MNQ SEP25,1s,1,708,2025-07-14 09:31:49,22943.75,22946.75,22943.5,22943.5,205,3.25,0.25,3,0,-1,,,,
MNQ SEP25,1s,1,709,2025-07-14 09:31:50,22943.75,22945.75,22942.25,22942.5,119,3.5,1.25,2,0.25,-1,,,,
MNQ SEP25,10s,10,5470,2025-07-14 09:31:50,22964.25,22965.5,22942.25,22942.5,1892,23.25,21.75,1.25,0.25,-1,816.6,-17.15,33.26666667,-4.07
MNQ SEP25,1s,1,710,2025-07-14 09:31:51,22942.75,22947.5,22941.5,22945,186,6,2.25,2.5,1.25,1,,,,
MNQ SEP25,1s,1,711,2025-07-14 09:31:52,22945,22947.75,22944.5,22947.75,79,3.25,2.75,0,0.5,1,,,,
MNQ SEP25,1s,1,712,2025-07-14 09:31:53,22947.5,22947.5,22945,22946.25,128,2.5,1.25,0,1.25,-1,,,,
MNQ SEP25,1s,1,713,2025-07-14 09:31:54,22946.5,22947,22945.75,22946.25,107,1.25,0.25,0.5,0.5,-1,,,,
MNQ SEP25,1s,1,714,2025-07-14 09:31:55,22946,22946.5,22944.25,22945,74,2.25,1,0.5,0.75,-1,,,,
MNQ SEP25,1s,1,715,2025-07-14 09:31:56,22945.5,22945.75,22941,22941,141,4.75,4.5,0.25,0,-1,,,,
MNQ SEP25,1s,1,716,2025-07-14 09:31:57,22941,22942.75,22938.25,22939,249,4.5,2,1.75,0.75,-1,,,,
MNQ SEP25,1s,1,717,2025-07-14 09:31:58,22939.5,22942,22938.75,22941.75,152,3.25,2.25,0.25,0.75,1,,,,
MNQ SEP25,1s,1,718,2025-07-14 09:31:59,22941.5,22945,22941.5,22945,194,3.5,3.5,0,0,1,,,,
MNQ SEP25,1s,1,719,2025-07-14 09:32:00,22944.5,22945.75,22943.5,22945.5,94,2.25,1,0.25,1,1,,,,
MNQ SEP25,10s,10,5471,2025-07-14 09:32:00,22942.75,22947.75,22938.25,22945.5,1404,9.5,2.75,2.25,4.5,1,755.45,-61.15,-3.41666667,-10.83
MNQ SEP25,20s,20,5735,2025-07-14 09:32:00,22964.25,22965.5,22938.25,22945.5,3296,27.25,18.75,1.25,7.25,-1,2174.35,-407.65,177.96666667,295.22
MNQ SEP25,1s,1,720,2025-07-14 09:32:01,22945.5,22945.5,22939.25,22940,243,6.25,5.5,0,0.75,-1,,,,
MNQ SEP25,1s,1,721,2025-07-14 09:32:02,22940,22942,22939.5,22940.25,118,2.5,0.25,1.75,0.5,1,,,,
MNQ SEP25,1s,1,722,2025-07-14 09:32:03,22941.25,22943.75,22939.5,22939.5,83,4.25,1.75,2.5,0,-1,,,,
MNQ SEP25,1s,1,723,2025-07-14 09:32:04,22939.5,22944.25,22939,22943,148,5.25,3.5,1.25,0.5,1,,,,
MNQ SEP25,1s,1,724,2025-07-14 09:32:05,22942.5,22943,22940,22942.5,86,3,0,0.5,2.5,0,,,,
MNQ SEP25,1s,1,725,2025-07-14 09:32:06,22942.5,22945.5,22941.5,22944.25,123,4,1.75,1.25,1,1,,,,
MNQ SEP25,1s,1,726,2025-07-14 09:32:07,22944.25,22946.75,22943.5,22944.75,116,3.25,0.5,2,0.75,1,,,,
MNQ SEP25,1s,1,727,2025-07-14 09:32:08,22945,22946.25,22943.25,22944.5,73,3,0.5,1.25,1.25,-1,,,,
MNQ SEP25,1s,1,728,2025-07-14 09:32:09,22944.5,22948,22944.5,22947,89,3.5,2.5,1,0,1,,,,
MNQ SEP25,1s,1,729,2025-07-14 09:32:10,22946.75,22946.75,22943.75,22945.25,108,3,1.5,0,1.5,-1,,,,
MNQ SEP25,10s,10,5472,2025-07-14 09:32:10,22945.5,22948,22939,22945.25,1187,9,0.25,2.5,6.25,-1,516.25,-239.2,-105.83333333,-40.11
MNQ SEP25,1s,1,730,2025-07-14 09:32:11,22945.75,22948.25,22945,22948,87,3.25,2.25,0.25,0.75,1,,,,
MNQ SEP25,1s,1,731,2025-07-14 09:32:12,22947.5,22947.5,22944.5,22947,64,3,0.5,0,2.5,-1,,,,
MNQ SEP25,1s,1,732,2025-07-14 09:32:13,22947,22949.25,22946,22946.75,75,3.25,0.25,2.25,0.75,-1,,,,
MNQ SEP25,1s,1,733,2025-07-14 09:32:14,22945.75,22946.75,22944.25,22946.5,60,2.5,0.75,0.25,1.5,1,,,,
MNQ SEP25,1s,1,734,2025-07-14 09:32:15,22946.75,22947.25,22945.5,22946.25,67,1.75,0.5,0.5,0.75,-1,,,,
MNQ SEP25,1s,1,735,2025-07-14 09:32:16,22946.25,22947,22944.75,22945.25,48,2.25,1,0.75,0.5,-1,,,,
MNQ SEP25,1s,1,736,2025-07-14 09:32:17,22946,22947.5,22945.75,22946.5,63,1.75,0.5,1,0.25,1,,,,
MNQ SEP25,1s,1,737,2025-07-14 09:32:18,22947,22949.5,22946.75,22948.75,51,2.75,1.75,0.75,0.25,1,,,,
MNQ SEP25,1s,1,738,2025-07-14 09:32:19,22948.75,22949.5,22947.75,22947.75,67,1.75,1,0.75,0,-1,,,,
MNQ SEP25,1s,1,739,2025-07-14 09:32:20,22948.5,22949.75,22947.5,22948.75,72,2.25,0.25,1,1,1,,,,
MNQ SEP25,10s,10,5473,2025-07-14 09:32:20,22945.75,22949.75,22944.25,22948.75,654,5.5,3,1,1.5,1,91.85,-424.4,-241.58333333,-134.77
MNQ SEP25,20s,20,5736,2025-07-14 09:32:20,22945.5,22949.75,22939,22948.75,1841,10.75,3.25,1,6.5,1,1662.45,-511.9,-115.38333333,71.16
MNQ SEP25,1s,1,740,2025-07-14 09:32:21,22949.25,22950,22945,22947,95,5,2.25,0.75,2,-1,,,,
MNQ SEP25,1s,1,741,2025-07-14 09:32:22,22947.25,22948.5,22947,22947.75,55,1.5,0.5,0.75,0.25,1,,,,
MNQ SEP25,1s,1,742,2025-07-14 09:32:23,22947.5,22948.25,22946.5,22946.75,72,1.75,0.75,0.75,0.25,-1,,,,
MNQ SEP25,1s,1,743,2025-07-14 09:32:24,22946.25,22946.5,22941.75,22942.75,108,4.75,3.5,0.25,1,-1,,,,
MNQ SEP25,1s,1,744,2025-07-14 09:32:25,22942.5,22944.5,22941,22941.25,130,3.5,1.25,2,0.25,-1,,,,
MNQ SEP25,1s,1,745,2025-07-14 09:32:26,22941.25,22941.5,22938.5,22939.25,121,3,2,0.25,0.75,-1,,,,
MNQ SEP25,1s,1,746,2025-07-14 09:32:27,22939.25,22942,22939.25,22940.75,82,2.75,1.5,1.25,0,1,,,,
MNQ SEP25,1s,1,747,2025-07-14 09:32:28,22941,22942.5,22939,22941.75,78,3.5,0.75,0.75,2,1,,,,
MNQ SEP25,1s,1,748,2025-07-14 09:32:29,22942,22948.25,22941,22948.25,104,7.25,6.25,0,1,1,,,,
MNQ SEP25,1s,1,749,2025-07-14 09:32:30,22947.75,22949.25,22946.75,22948.5,128,2.5,0.75,0.75,1,1,,,,
MNQ SEP25,10s,10,5474,2025-07-14 09:32:30,22949.25,22950,22938.5,22948.5,973,11.5,0.75,0.75,10,-1,-216.85,-308.7,-324.1,-210.12
MNQ SEP25,1s,1,750,2025-07-14 09:32:31,22948.75,22951.25,22948.25,22950.25,117,3,1.5,1,0.5,1,,,,
MNQ SEP25,1s,1,751,2025-07-14 09:32:32,22949.5,22950,22947,22947.5,64,3,2,0.5,0.5,-1,,,,
MNQ SEP25,1s,1,752,2025-07-14 09:32:33,22947.75,22949.5,22947.25,22947.5,64,2.25,0.25,1.75,0.25,-1,,,,
MNQ SEP25,1s,1,753,2025-07-14 09:32:34,22948,22950.5,22945.75,22949.75,71,4.75,1.75,0.75,2.25,1,,,,
MNQ SEP25,1s,1,754,2025-07-14 09:32:35,22949.75,22951.25,22948.25,22951,49,3,1.25,0.25,1.5,1,,,,
MNQ SEP25,1s,1,755,2025-07-14 09:32:36,22951,22953.5,22950.75,22952.5,133,2.75,1.5,1,0.25,1,,,,
MNQ SEP25,1s,1,756,2025-07-14 09:32:37,22952.25,22954.25,22950.75,22951.75,112,3.5,0.5,2,1,-1,,,,
MNQ SEP25,1s,1,757,2025-07-14 09:32:38,22951,22952,22948.5,22948.5,97,3.5,2.5,1,0,-1,,,,
MNQ SEP25,1s,1,758,2025-07-14 09:32:39,22948.75,22949.5,22946.75,22947.25,97,2.75,1.5,0.75,0.5,-1,,,,
MNQ SEP25,1s,1,759,2025-07-14 09:32:40,22948,22948.5,22946.5,22948.25,35,2,0.25,0.25,1.5,1,,,,
MNQ SEP25,10s,10,5475,2025-07-14 09:32:40,22948.75,22954.25,22945.75,22948.25,839,8.5,0.5,5.5,2.5,-1,-436.7,-219.85,-317.65,-250.66
MNQ SEP25,20s,20,5737,2025-07-14 09:32:40,22949.25,22954.25,22938.5,22948.25,1812,15.75,1,5,9.75,-1,1344.5,-317.95,-412.5,-59.19
MNQ SEP25,1s,1,760,2025-07-14 09:32:41,22947.25,22947.75,22943.75,22944.75,93,4,2.5,0.5,1,-1,,,,
MNQ SEP25,1s,1,761,2025-07-14 09:32:42,22944.5,22945.75,22942.5,22942.75,83,3.25,1.75,1.25,0.25,-1,,,,
MNQ SEP25,1s,1,762,2025-07-14 09:32:43,22943,22943,22940,22940.75,128,3,2.25,0,0.75,-1,,,,
MNQ SEP25,1s,1,763,2025-07-14 09:32:44,22940.75,22941.5,22939.5,22940.5,89,2,0.25,0.75,1,-1,,,,
MNQ SEP25,1s,1,764,2025-07-14 09:32:45,22940,22940.75,22938.5,22939.75,88,2.25,0.25,0.75,1.25,-1,,,,
MNQ SEP25,1s,1,765,2025-07-14 09:32:46,22939.75,22941.75,22939.75,22941.25,67,2,1.5,0.5,0,1,,,,
MNQ SEP25,1s,1,766,2025-07-14 09:32:47,22941.5,22947.25,22941.25,22946.75,129,6,5.25,0.5,0.25,1,,,,
MNQ SEP25,1s,1,767,2025-07-14 09:32:48,22946.75,22948.25,22946.75,22947.25,67,1.5,0.5,1,0,1,,,,
MNQ SEP25,1s,1,768,2025-07-14 09:32:49,22948.25,22948.5,22947,22947.25,44,1.5,1,0.25,0.25,-1,,,,
MNQ SEP25,1s,1,769,2025-07-14 09:32:50,22947.25,22948,22945.5,22948,41,2.5,0.75,0,1.75,1,,,,
MNQ SEP25,10s,10,5476,2025-07-14 09:32:50,22947.25,22948.5,22938.5,22948,829,10,0.75,0.5,8.75,1,-562.25,-125.55,-218.03333333,-263.54
MNQ SEP25,1s,1,770,2025-07-14 09:32:51,22947.25,22947.75,22945.25,22946.25,37,2.5,1,0.5,1,-1,,,,
MNQ SEP25,1s,1,771,2025-07-14 09:32:52,22946.5,22946.5,22944.75,22945,39,1.75,1.5,0,0.25,-1,,,,
MNQ SEP25,1s,1,772,2025-07-14 09:32:53,22945.25,22945.75,22943.5,22943.5,54,2.25,1.75,0.5,0,-1,,,,
MNQ SEP25,1s,1,773,2025-07-14 09:32:54,22944.25,22944.5,22942.75,22943.75,69,1.75,0.5,0.25,1,-1,,,,
MNQ SEP25,1s,1,774,2025-07-14 09:32:55,22944.25,22945.25,22942.75,22945.25,43,2.5,1,0,1.5,1,,,,
MNQ SEP25,1s,1,775,2025-07-14 09:32:56,22945,22947.75,22945,22947,64,2.75,2,0.75,0,1,,,,
MNQ SEP25,1s,1,776,2025-07-14 09:32:57,22947,22948.5,22946.25,22946.25,62,2.25,0.75,1.5,0,-1,,,,
MNQ SEP25,1s,1,777,2025-07-14 09:32:58,22945.75,22947,22944.25,22947,44,2.75,1.25,0,1.5,1,,,,
MNQ SEP25,1s,1,778,2025-07-14 09:32:59,22946.75,22948.25,22946.25,22947,39,2,0.25,1.25,0.5,1,,,,
MNQ SEP25,1s,1,779,2025-07-14 09:33:00,22946.75,22949,22946.75,22947.75,36,2.25,1,1.25,0,1,,,,
MNQ SEP25,10s,10,5477,2025-07-14 09:33:00,22947.25,22949,22942.75,22947.75,487,6.25,0.5,1.25,4.5,1,-712.35,-150.1,-165.16666667,-245.72
MNQ SEP25,20s,20,5738,2025-07-14 09:33:00,22947.25,22949,22938.5,22947.75,1316,10.5,0.5,1.25,8.75,1,866,-478.5,-436.11666667,-228.52
MNQ SEP25,1s,1,780,2025-07-14 09:33:01,22948.5,22951.5,22948.5,22948.5,174,3,0,3,0,0,,,,
MNQ SEP25,1s,1,781,2025-07-14 09:33:02,22948.5,22950.75,22947.5,22949.75,68,3.25,1.25,1,1,1,,,,
MNQ SEP25,1s,1,782,2025-07-14 09:33:03,22949,22951.25,22946.5,22950.5,83,4.75,1.5,0.75,2.5,1,,,,
MNQ SEP25,1s,1,783,2025-07-14 09:33:04,22950.75,22951,22949,22950.75,54,2,0,0.25,1.75,0,,,,
MNQ SEP25,1s,1,784,2025-07-14 09:33:05,22949.75,22953,22949.75,22951.5,77,3.25,1.75,1.5,0,1,,,,
MNQ SEP25,1s,1,785,2025-07-14 09:33:06,22951,22951,22948.5,22950,100,2.5,1,0,1.5,-1,,,,
MNQ SEP25,1s,1,786,2025-07-14 09:33:07,22950.75,22952.25,22949,22950.75,55,3.25,0,1.5,1.75,0,,,,
MNQ SEP25,1s,1,787,2025-07-14 09:33:08,22950.5,22952,22949.25,22952,54,2.75,1.5,0,1.25,1,,,,
MNQ SEP25,1s,1,788,2025-07-14 09:33:09,22952,22952,22949.75,22949.75,81,2.25,2.25,0,0,-1,,,,
MNQ SEP25,1s,1,789,2025-07-14 09:33:10,22949.75,22950.5,22949.25,22949.75,26,1.25,0,0.75,0.5,0,,,,
MNQ SEP25,10s,10,5478,2025-07-14 09:33:10,22948.5,22953,22946.5,22949.75,772,6.5,1.25,3.25,2,1,-711.3,1.05,-91.53333333,-160.63
MNQ SEP25,1s,1,790,2025-07-14 09:33:11,22949,22953.5,22949,22952.75,41,4.5,3.75,0.75,0,1,,,,
MNQ SEP25,1s,1,791,2025-07-14 09:33:12,22952.75,22953.25,22950.75,22952,50,2.5,0.75,0.5,1.25,-1,,,,
MNQ SEP25,1s,1,792,2025-07-14 09:33:13,22952.25,22952.5,22951,22951.75,34,1.5,0.5,0.25,0.75,-1,,,,
MNQ SEP25,1s,1,793,2025-07-14 09:33:14,22952.25,22953.25,22951.5,22952.5,26,1.75,0.25,0.75,0.75,1,,,,
MNQ SEP25,1s,1,794,2025-07-14 09:33:15,22952.25,22953,22951.5,22952,56,1.5,0.25,0.75,0.5,-1,,,,
MNQ SEP25,1s,1,795,2025-07-14 09:33:16,22951.75,22952.5,22950.5,22951,42,2,0.75,0.75,0.5,-1,,,,
MNQ SEP25,1s,1,796,2025-07-14 09:33:17,22951.5,22951.75,22949.5,22951,31,2.25,0.5,0.25,1.5,-1,,,,
MNQ SEP25,1s,1,797,2025-07-14 09:33:18,22950.25,22950.75,22948.75,22950.25,59,2,0,0.5,1.5,0,,,,
MNQ SEP25,1s,1,798,2025-07-14 09:33:19,22950.75,22951.25,22948.75,22949.5,29,2.5,1.25,0.5,0.75,-1,,,,
MNQ SEP25,1s,1,799,2025-07-14 09:33:20,22949,22949.25,22947.5,22948.25,50,1.75,0.75,0.25,0.75,-1,,,,
MNQ SEP25,10s,10,5479,2025-07-14 09:33:20,22949,22953.5,22947.5,22948.25,418,6,0.75,4.5,0.75,-1,-812.85,-101.55,-83.53333333,-119.2
MNQ SEP25,20s,20,5739,2025-07-14 09:33:20,22948.5,22953.5,22946.5,22948.25,1190,7,0.25,5,1.75,-1,81.35,-784.65,-527.03333333,-500.13
MNQ SEP25,1s,1,800,2025-07-14 09:33:21,22948.75,22952.5,22948.75,22952.25,56,3.75,3.5,0.25,0,1,,,,
MNQ SEP25,1s,1,801,2025-07-14 09:33:22,22952.5,22954.75,22952,22954,105,2.75,1.5,0.75,0.5,1,,,,
MNQ SEP25,1s,1,802,2025-07-14 09:33:23,22955,22957.25,22955,22956,217,2.25,1,1.25,0,1,,,,
MNQ SEP25,1s,1,803,2025-07-14 09:33:24,22956.25,22958.5,22954.5,22958.25,129,4,2,0.25,1.75,1,,,,
MNQ SEP25,1s,1,804,2025-07-14 09:33:25,22958,22960,22957.5,22959.25,138,2.5,1.25,0.75,0.5,1,,,,
MNQ SEP25,1s,1,805,2025-07-14 09:33:26,22959.5,22961.25,22958.5,22961,121,2.75,1.5,0.25,1,1,,,,
MNQ SEP25,1s,1,806,2025-07-14 09:33:27,22960.5,22964.25,22960.25,22964.25,243,4,3.75,0,0.25,1,,,,
MNQ SEP25,1s,1,807,2025-07-14 09:33:28,22964,22964.75,22963,22963.25,100,1.75,0.75,0.75,0.25,-1,,,,
MNQ SEP25,1s,1,808,2025-07-14 09:33:29,22963.5,22964,22960.5,22961.25,120,3.5,2.25,0.5,0.75,-1,,,,
MNQ SEP25,1s,1,809,2025-07-14 09:33:30,22961,22962.75,22960.25,22960.25,49,2.5,0.75,1.75,0,-1,,,,
MNQ SEP25,10s,10,5480,2025-07-14 09:33:30,22948.75,22964.75,22948.75,22960.25,1278,16,11.5,4.5,0,1,-620.95,191.9,30.46666667,-36.85
MNQ SEP25,1s,1,810,2025-07-14 09:33:31,22960.75,22961,22959,22959.75,64,2,1,0.25,0.75,-1,,,,
MNQ SEP25,1s,1,811,2025-07-14 09:33:32,22959.75,22960.25,22958,22959.5,91,2.25,0.25,0.5,1.5,-1,,,,
MNQ SEP25,1s,1,812,2025-07-14 09:33:33,22958.75,22959.5,22958.5,22959.5,40,1,0.75,0,0.25,1,,,,
MNQ SEP25,1s,1,813,2025-07-14 09:33:34,22959,22959.5,22957,22957.25,51,2.5,1.75,0.5,0.25,-1,,,,
MNQ SEP25,1s,1,814,2025-07-14 09:33:35,22957.25,22959.25,22957.25,22959.25,65,2,2,0,0,1,,,,
MNQ SEP25,1s,1,815,2025-07-14 09:33:36,22959,22959.75,22958.25,22958.5,22,1.5,0.5,0.75,0.25,-1,,,,
MNQ SEP25,1s,1,816,2025-07-14 09:33:37,22958,22959.25,22957.25,22957.25,46,2,0.75,1.25,0,-1,,,,
MNQ SEP25,1s,1,817,2025-07-14 09:33:38,22957,22957,22954.25,22955,118,2.75,2,0,0.75,-1,,,,
MNQ SEP25,1s,1,818,2025-07-14 09:33:39,22955.25,22956.25,22954.5,22954.5,50,1.75,0.75,1,0,-1,,,,
MNQ SEP25,1s,1,819,2025-07-14 09:33:40,22954.5,22955,22950.5,22951.75,119,4.5,2.75,0.5,1.25,-1,,,,
MNQ SEP25,10s,10,5481,2025-07-14 09:33:40,22960.75,22961,22950.5,22951.75,666,10.5,9,0.25,1.25,-1,-621.95,-1,29.78333333,-11.94
MNQ SEP25,20s,20,5740,2025-07-14 09:33:40,22948.75,22964.75,22948.75,22951.75,1944,16,3,13,0,1,-259.3,-340.65,-534.6,-486.73
MNQ SEP25,1s,1,820,2025-07-14 09:33:41,22952,22952.5,22950.5,22951.75,77,2,0.25,0.5,1.25,-1,,,,
MNQ SEP25,1s,1,821,2025-07-14 09:33:42,22951.25,22952,22951.25,22951.75,35,0.75,0.5,0.25,0,1,,,,
MNQ SEP25,1s,1,822,2025-07-14 09:33:43,22951.5,22953.25,22951.5,22953,34,1.75,1.5,0.25,0,1,,,,
MNQ SEP25,1s,1,823,2025-07-14 09:33:44,22952.75,22954,22952,22952.5,45,2,0.25,1.25,0.5,-1,,,,
MNQ SEP25,1s,1,824,2025-07-14 09:33:45,22952,22954,22951.75,22952.75,70,2.25,0.75,1.25,0.25,1,,,,
MNQ SEP25,1s,1,825,2025-07-14 09:33:46,22953.25,22954,22952.5,22953.25,18,1.5,0,0.75,0.75,0,,,,
MNQ SEP25,1s,1,826,2025-07-14 09:33:47,22953,22953.75,22951.25,22951.5,34,2.5,1.5,0.75,0.25,-1,,,,
MNQ SEP25,1s,1,827,2025-07-14 09:33:48,22951.5,22952,22950.5,22951.25,26,1.5,0.25,0.5,0.75,-1,,,,
MNQ SEP25,1s,1,828,2025-07-14 09:33:49,22951,22951.75,22950.25,22950.75,29,1.5,0.25,0.75,0.5,-1,,,,
MNQ SEP25,1s,1,829,2025-07-14 09:33:50,22950.5,22951.75,22948.5,22951.75,90,3.25,1.25,0,2,1,,,,
MNQ SEP25,10s,10,5482,2025-07-14 09:33:50,22952,22954,22948.5,22951.75,458,5.5,0.25,2,3.25,-1,-545.1,76.85,89.25,33.45
MNQ SEP25,1s,1,830,2025-07-14 09:33:51,22952,22952.25,22948.5,22949.5,69,3.75,2.5,0.25,1,-1,,,,
MNQ SEP25,1s,1,831,2025-07-14 09:33:52,22949.5,22950.5,22948.75,22949.5,31,1.75,0,1,0.75,0,,,,
MNQ SEP25,1s,1,832,2025-07-14 09:33:53,22949.5,22950.25,22949,22949.25,22,1.25,0.25,0.75,0.25,-1,,,,
MNQ SEP25,1s,1,833,2025-07-14 09:33:54,22948.25,22949.25,22946.75,22948.75,76,2.5,0.5,0.5,1.5,1,,,,
MNQ SEP25,1s,1,834,2025-07-14 09:33:55,22948.75,22949,22945.75,22946.5,79,3.25,2.25,0.25,0.75,-1,,,,
MNQ SEP25,1s,1,835,2025-07-14 09:33:56,22946.25,22947.5,22945.25,22947.5,81,2.25,1.25,0,1,1,,,,
MNQ SEP25,1s,1,836,2025-07-14 09:33:57,22947.5,22948.75,22946.75,22947.25,42,2,0.25,1.25,0.5,-1,,,,
MNQ SEP25,1s,1,837,2025-07-14 09:33:58,22947,22948,22946.25,22946.75,49,1.75,0.25,1,0.5,-1,,,,
MNQ SEP25,1s,1,838,2025-07-14 09:33:59,22947,22948,22946,22948,55,2,1,0,1,1,,,,
MNQ SEP25,1s,1,839,2025-07-14 09:34:00,22948,22950,22948,22948.5,45,2,0.5,1.5,0,1,,,,
MNQ SEP25,10s,10,5483,2025-07-14 09:34:00,22952,22952.25,22945.25,22948.5,549,7,3.5,0.25,3.25,-1,-522.6,22.5,32.78333333,37.74
MNQ SEP25,20s,20,5741,2025-07-14 09:34:00,22952,22954,22945.25,22948.5,1007,8.75,3.5,2,3.25,-1,-441.5,-182.2,-435.83333333,-420.79
MNQ SEP25,1s,1,840,2025-07-14 09:34:01,22949.5,22950.25,22947.5,22948.5,62,2.75,1,0.75,1,-1,,,,
MNQ SEP25,1s,1,841,2025-07-14 09:34:02,22948.75,22950.25,22947.5,22948.75,83,2.75,0,1.5,1.25,0,,,,
MNQ SEP25,1s,1,842,2025-07-14 09:34:03,22949,22950.25,22948.25,22948.25,39,2,0.75,1.25,0,-1,,,,
MNQ SEP25,1s,1,843,2025-07-14 09:34:04,22948,22950,22947.75,22948.5,54,2.25,0.5,1.5,0.25,1,,,,
MNQ SEP25,1s,1,844,2025-07-14 09:34:05,22948,22948,22941,22941,141,7,7,0,0,-1,,,,
MNQ SEP25,1s,1,845,2025-07-14 09:34:06,22941,22942.25,22940.75,22942.25,103,1.5,1.25,0,0.25,1,,,,
MNQ SEP25,1s,1,846,2025-07-14 09:34:07,22942.25,22943.75,22941.75,22943.75,81,2,1.5,0,0.5,1,,,,
MNQ SEP25,1s,1,847,2025-07-14 09:34:08,22943.25,22944,22941,22941.25,70,3,2,0.75,0.25,-1,,,,
MNQ SEP25,1s,1,848,2025-07-14 09:34:09,22940.75,22941.25,22940,22940,136,1.25,0.75,0.5,0,-1,,,,
MNQ SEP25,1s,1,849,2025-07-14 09:34:10,22940.75,22941,22939.25,22939.5,132,1.75,1.25,0.25,0.25,-1,,,,
MNQ SEP25,10s,10,5484,2025-07-14 09:34:10,22949.5,22950.25,22939.25,22939.5,901,11,10,0.75,0.25,-1,-397.55,125.05,74.8,83.06
MNQ SEP25,1s,1,850,2025-07-14 09:34:11,22939.5,22939.75,22938.25,22939.5,92,1.5,0,0.25,1.25,0,,,,
MNQ SEP25,1s,1,851,2025-07-14 09:34:12,22938.5,22938.75,22937.75,22938.25,92,1,0.25,0.25,0.5,-1,,,,
MNQ SEP25,1s,1,852,2025-07-14 09:34:13,22937.75,22938.5,22936.5,22937.5,139,2,0.25,0.75,1,-1,,,,
MNQ SEP25,1s,1,853,2025-07-14 09:34:14,22937.25,22940,22937.25,22938.75,88,2.75,1.5,1.25,0,1,,,,
MNQ SEP25,1s,1,854,2025-07-14 09:34:15,22939,22939.25,22937,22938,82,2.25,1,0.25,1,-1,,,,
MNQ SEP25,1s,1,855,2025-07-14 09:34:16,22937.5,22938,22936.5,22937.75,58,1.5,0.25,0.25,1,1,,,,
MNQ SEP25,1s,1,856,2025-07-14 09:34:17,22936.75,22937,22934.75,22934.75,150,2.25,2,0.25,0,-1,,,,
MNQ SEP25,1s,1,857,2025-07-14 09:34:18,22934.75,22936.5,22934.25,22935.5,117,2.25,0.75,1,0.5,1,,,,
MNQ SEP25,1s,1,858,2025-07-14 09:34:19,22935.5,22936.5,22932.25,22932.5,278,4.25,3,1,0.25,-1,,,,
MNQ SEP25,1s,1,859,2025-07-14 09:34:20,22933.5,22935,22933,22933.75,105,2,0.25,1.25,0.5,1,,,,
MNQ SEP25,10s,10,5485,2025-07-14 09:34:20,22939.5,22940,22932.25,22933.75,1201,7.75,5.75,0.5,1.5,-1,-395.45,2.1,49.88333333,45.1
MNQ SEP25,20s,20,5742,2025-07-14 09:34:20,22949.5,22950.25,22932.25,22933.75,2102,18,15.75,0.75,1.5,-1,-465.9,-24.4,-182.41666667,-362.08
MNQ SEP25,1s,1,860,2025-07-14 09:34:21,22933.5,22936.75,22933.25,22934.5,153,3.5,1,2.25,0.25,1,,,,
MNQ SEP25,1s,1,861,2025-07-14 09:34:22,22934,22935.5,22933.5,22934,97,2,0,1.5,0.5,0,,,,
MNQ SEP25,1s,1,862,2025-07-14 09:34:23,22933.5,22935.75,22932.5,22934.5,126,3.25,1,1.25,1,1,,,,
MNQ SEP25,1s,1,863,2025-07-14 09:34:24,22933.75,22934.75,22933.25,22934.5,84,1.5,0.75,0.25,0.5,1,,,,
MNQ SEP25,1s,1,864,2025-07-14 09:34:25,22934,22934.25,22932.75,22933.75,58,1.5,0.25,0.25,1,-1,,,,
MNQ SEP25,1s,1,865,2025-07-14 09:34:26,22933.75,22935,22933,22933.25,59,2,0.5,1.25,0.25,-1,,,,
MNQ SEP25,1s,1,866,2025-07-14 09:34:27,22933.25,22933.25,22930.25,22932.25,162,3,1,0,2,-1,,,,
MNQ SEP25,1s,1,867,2025-07-14 09:34:28,22932.25,22934.5,22931,22933.75,123,3.5,1.5,0.75,1.25,1,,,,
MNQ SEP25,1s,1,868,2025-07-14 09:34:29,22934,22934.25,22931,22931.25,91,3.25,2.75,0.25,0.25,-1,,,,
MNQ SEP25,1s,1,869,2025-07-14 09:34:30,22931,22932.75,22930.75,22931,82,2,0,1.75,0.25,0,,,,
MNQ SEP25,10s,10,5486,2025-07-14 09:34:30,22933.5,22936.75,22930.25,22931,1035,6.5,2.5,3.25,0.75,-1,-302,93.45,73.53333333,63.99
MNQ SEP25,1s,1,870,2025-07-14 09:34:31,22931,22932.5,22930.25,22931.75,59,2.25,0.75,0.75,0.75,1,,,,
MNQ SEP25,1s,1,871,2025-07-14 09:34:32,22931.25,22932.25,22930,22931.75,89,2.25,0.5,0.5,1.25,1,,,,
MNQ SEP25,1s,1,872,2025-07-14 09:34:33,22930.5,22931.5,22928,22929,187,3.5,1.5,1,1,-1,,,,
MNQ SEP25,1s,1,873,2025-07-14 09:34:34,22928.5,22929.5,22927.5,22927.75,145,2,0.75,1,0.25,-1,,,,
MNQ SEP25,1s,1,874,2025-07-14 09:34:35,22928.25,22928.5,22925.25,22925.75,223,3.25,2.5,0.25,0.5,-1,,,,
MNQ SEP25,1s,1,875,2025-07-14 09:34:36,22926,22926.75,22924,22924,171,2.75,2,0.75,0,-1,,,,
MNQ SEP25,1s,1,876,2025-07-14 09:34:37,22924.25,22924.75,22922.25,22923,229,2.5,1.25,0.5,0.75,-1,,,,
MNQ SEP25,1s,1,877,2025-07-14 09:34:38,22923,22924,22922,22922,163,2,1,1,0,-1,,,,
MNQ SEP25,1s,1,878,2025-07-14 09:34:39,22922.25,22925,22922,22925,155,3,2.75,0,0.25,1,,,,
MNQ SEP25,1s,1,879,2025-07-14 09:34:40,22924.5,22925.75,22924,22924.75,132,1.75,0.25,1,0.5,1,,,,
MNQ SEP25,10s,10,5487,2025-07-14 09:34:40,22931,22932.5,22922,22924.75,1553,10.5,6.25,1.5,2.75,-1,-54.85,247.15,114.23333333,98.05
MNQ SEP25,20s,20,5743,2025-07-14 09:34:40,22933.5,22936.75,22922,22924.75,2588,14.75,8.75,3.25,2.75,-1,-310.85,155.05,-17.18333333,-235.37
MNQ SEP25,1s,1,880,2025-07-14 09:34:41,22925.25,22925.75,22923.75,22923.75,131,2,1.5,0.5,0,-1,,,,
MNQ SEP25,1s,1,881,2025-07-14 09:34:42,22923.75,22925.5,22923,22924.75,154,2.5,1,0.75,0.75,1,,,,
MNQ SEP25,1s,1,882,2025-07-14 09:34:43,22924.75,22929.5,22924.75,22928.5,159,4.75,3.75,1,0,1,,,,
MNQ SEP25,1s,1,883,2025-07-14 09:34:44,22928.5,22930,22928.25,22928.25,175,1.75,0.25,1.5,0,-1,,,,
MNQ SEP25,1s,1,884,2025-07-14 09:34:45,22928,22928.25,22925.25,22926,108,3,2,0.25,0.75,-1,,,,
MNQ SEP25,1s,1,885,2025-07-14 09:34:46,22925.25,22928,22925.25,22927.5,79,2.75,2.25,0.5,0,1,,,,
MNQ SEP25,1s,1,886,2025-07-14 09:34:47,22927,22929,22927,22928,34,2,1,1,0,1,,,,
MNQ SEP25,1s,1,887,2025-07-14 09:34:48,22928.25,22929.75,22927.25,22929.5,76,2.5,1.25,0.25,1,1,,,,
MNQ SEP25,1s,1,888,2025-07-14 09:34:49,22930,22931.25,22929.5,22930.5,112,1.75,0.5,0.75,0.5,1,,,,
MNQ SEP25,1s,1,889,2025-07-14 09:34:50,22930.5,22931.5,22929.75,22931,74,1.75,0.5,0.5,0.75,1,,,,
MNQ SEP25,10s,10,5488,2025-07-14 09:34:50,22925.25,22931.5,22923,22931,1102,8.5,5.75,0.5,2.25,1,132.8,187.65,176.08333333,131.08
MNQ SEP25,1s,1,890,2025-07-14 09:34:51,22931.75,22932,22931,22931.75,67,1,0,0.25,0.75,0,,,,
MNQ SEP25,1s,1,891,2025-07-14 09:34:52,22931.75,22932.75,22931.25,22932.25,86,1.5,0.5,0.5,0.5,1,,,,
MNQ SEP25,1s,1,892,2025-07-14 09:34:53,22931.5,22934.25,22931.25,22933.25,111,3,1.75,1,0.25,1,,,,
MNQ SEP25,1s,1,893,2025-07-14 09:34:54,22932.5,22933.75,22932.5,22933.25,48,1.25,0.75,0.5,0,1,,,,
MNQ SEP25,1s,1,894,2025-07-14 09:34:55,22934,22935.75,22933.75,22935,148,2,1,0.75,0.25,1,,,,
MNQ SEP25,1s,1,895,2025-07-14 09:34:56,22935,22936.5,22934.5,22935.25,121,2,0.25,1.25,0.5,1,,,,
MNQ SEP25,1s,1,896,2025-07-14 09:34:57,22935.75,22935.75,22934.25,22935.5,44,1.5,0.25,0,1.25,-1,,,,
MNQ SEP25,1s,1,897,2025-07-14 09:34:58,22934.5,22935.5,22933.75,22935.5,60,1.75,1,0,0.75,1,,,,
MNQ SEP25,1s,1,898,2025-07-14 09:34:59,22935.25,22936.25,22935,22935.75,45,1.25,0.5,0.5,0.25,1,,,,
MNQ SEP25,1s,1,899,2025-07-14 09:35:00,22936.25,22936.75,22935.5,22935.5,54,1.25,0.75,0.5,0,-1,,,,
MNQ SEP25,10s,10,5489,2025-07-14 09:35:00,22931.75,22936.75,22931,22935.5,784,5.75,3.75,1.25,0.75,1,185.9,53.1,162.63333333,116.69
MNQ SEP25,20s,20,5744,2025-07-14 09:35:00,22925.25,22936.75,22923,22935.5,1886,13.75,10.25,1.25,2.25,1,-220.35,90.5,73.71666667,-60.34
MNQ SEP25,1s,1,900,2025-07-14 09:35:01,22935.25,22935.75,22932.5,22934.25,182,3.25,1,0.5,1.75,-1,,,,
MNQ SEP25,1s,1,901,2025-07-14 09:35:02,22934,22938.25,22934,22936.5,184,4.25,2.5,1.75,0,1,,,,
MNQ SEP25,1s,1,902,2025-07-14 09:35:03,22936.75,22937,22933,22934.5,57,4,2.25,0.25,1.5,-1,,,,
MNQ SEP25,1s,1,903,2025-07-14 09:35:04,22933.75,22934.5,22930.75,22930.75,134,3.75,3,0.75,0,-1,,,,
MNQ SEP25,1s,1,904,2025-07-14 09:35:05,22930.75,22934,22930.75,22932.5,70,3.25,1.75,1.5,0,1,,,,
MNQ SEP25,1s,1,905,2025-07-14 09:35:06,22933.75,22933.75,22931.5,22932.75,61,2.25,1,0,1.25,-1,,,,
MNQ SEP25,1s,1,906,2025-07-14 09:35:07,22932.25,22934,22931.25,22934,79,2.75,1.75,0,1,1,,,,
MNQ SEP25,1s,1,907,2025-07-14 09:35:08,22933.5,22936,22933.5,22933.5,54,2.5,0,2.5,0,0,,,,
MNQ SEP25,1s,1,908,2025-07-14 09:35:09,22934.25,22936.25,22933,22934.25,21,3.25,0,2,1.25,0,,,,
MNQ SEP25,1s,1,909,2025-07-14 09:35:10,22933.75,22935,22933,22933.5,28,2,0.25,1.25,0.5,-1,,,,
MNQ SEP25,10s,10,5490,2025-07-14 09:35:10,22935.25,22938.25,22930.75,22933.5,870,7.5,1.75,3,2.75,-1,170.8,-15.1,75.21666667,113.25
MNQ SEP25,1s,1,910,2025-07-14 09:35:11,22934.25,22936.25,22933,22934.75,44,3.25,0.5,1.5,1.25,1,,,,
MNQ SEP25,1s,1,911,2025-07-14 09:35:12,22934.5,22935.75,22933.5,22934.25,38,2.25,0.25,1.25,0.75,-1,,,,
MNQ SEP25,1s,1,912,2025-07-14 09:35:13,22933.75,22936.25,22933,22934.75,32,3.25,1,1.5,0.75,1,,,,
MNQ SEP25,1s,1,913,2025-07-14 09:35:14,22935,22935.75,22930,22932.75,58,5.75,2.25,0.75,2.75,-1,,,,
MNQ SEP25,1s,1,914,2025-07-14 09:35:15,22932.5,22933,22929,22929.75,70,4,2.75,0.5,0.75,-1,,,,
MNQ SEP25,1s,1,915,2025-07-14 09:35:16,22928.75,22930.5,22928,22928.5,107,2.5,0.25,1.75,0.5,-1,,,,
MNQ SEP25,1s,1,916,2025-07-14 09:35:17,22928.75,22931.75,22928.5,22931.5,102,3.25,2.75,0.25,0.25,1,,,,
MNQ SEP25,1s,1,917,2025-07-14 09:35:18,22931,22932.5,22930.5,22931.25,26,2,0.25,1.25,0.5,1,,,,
MNQ SEP25,1s,1,918,2025-07-14 09:35:19,22931,22931.25,22929.5,22930,29,1.75,1,0.25,0.5,-1,,,,
MNQ SEP25,1s,1,919,2025-07-14 09:35:20,22929.75,22929.75,22926.75,22928.75,73,3,1,0,2,-1,,,,
MNQ SEP25,10s,10,5491,2025-07-14 09:35:20,22934.25,22936.25,22926.75,22928.75,579,9.5,5.5,2,2,-1,120.85,-49.95,-3.98333333,84.57
MNQ SEP25,20s,20,5745,2025-07-14 09:35:20,22935.25,22938.25,22926.75,22928.75,1449,11.5,6.5,3,2,-1,-368.7,-148.35,32.4,-21.88
MNQ SEP25,1s,1,920,2025-07-14 09:35:21,22928.5,22928.5,22926.25,22927,106,2.25,1.5,0,0.75,-1,,,,
MNQ SEP25,1s,1,921,2025-07-14 09:35:22,22926.25,22927.5,22924.25,22926.25,164,3.25,0,1.25,2,0,,,,
MNQ SEP25,1s,1,922,2025-07-14 09:35:23,22926.5,22930.25,22926.5,22930.25,94,3.75,3.75,0,0,1,,,,
MNQ SEP25,1s,1,923,2025-07-14 09:35:24,22930.25,22932.5,22930,22931.75,95,2.5,1.5,0.75,0.25,1,,,,
MNQ SEP25,1s,1,924,2025-07-14 09:35:25,22931.25,22931.5,22925.75,22925.75,53,5.75,5.5,0.25,0,-1,,,,
MNQ SEP25,1s,1,925,2025-07-14 09:35:26,22926,22926,22923,22923,87,3,3,0,0,-1,,,,
MNQ SEP25,1s,1,926,2025-07-14 09:35:27,22923,22924,22921.75,22923.25,172,2.25,0.25,0.75,1.25,1,,,,
MNQ SEP25,1s,1,927,2025-07-14 09:35:28,22922.75,22923,22919,22920.25,267,4,2.5,0.25,1.25,-1,,,,
MNQ SEP25,1s,1,928,2025-07-14 09:35:29,22919.75,22919.75,22917,22917,232,2.75,2.75,0,0,-1,,,,
MNQ SEP25,1s,1,929,2025-07-14 09:35:30,22917,22920.25,22916.75,22918.25,166,3.5,1.25,2,0.25,1,,,,
MNQ SEP25,10s,10,5492,2025-07-14 09:35:30,22928.5,22932.5,22916.75,22918.25,1436,15.75,10.25,4,1.5,-1,85,-35.85,-33.63333333,27.97
MNQ SEP25,1s,1,930,2025-07-14 09:35:31,22918.5,22922.25,22917.25,22921.75,227,5,3.25,0.5,1.25,1,,,,
MNQ SEP25,1s,1,931,2025-07-14 09:35:32,22922.25,22924.5,22921.5,22924,139,3,1.75,0.5,0.75,1,,,,
MNQ SEP25,1s,1,932,2025-07-14 09:35:33,22923.75,22925.75,22923,22923.5,117,2.75,0.25,2,0.5,-1,,,,
MNQ SEP25,1s,1,933,2025-07-14 09:35:34,22923.5,22923.75,22921.5,22923.5,64,2.25,0,0.25,2,0,,,,
MNQ SEP25,1s,1,934,2025-07-14 09:35:35,22923.25,22923.25,22920,22921.5,87,3.25,1.75,0,1.5,-1,,,,
MNQ SEP25,1s,1,935,2025-07-14 09:35:36,22921.25,22923.25,22921,22922,59,2.25,0.75,1.25,0.25,1,,,,
MNQ SEP25,1s,1,936,2025-07-14 09:35:37,22922.25,22923.75,22921.75,22922.5,38,2,0.25,1.25,0.5,1,,,,
MNQ SEP25,1s,1,937,2025-07-14 09:35:38,22922.75,22927.75,22922.25,22927.25,130,5.5,4.5,0.5,0.5,1,,,,
MNQ SEP25,1s,1,938,2025-07-14 09:35:39,22927.25,22927.5,22924.5,22925,50,3,2.25,0.25,0.5,-1,,,,
MNQ SEP25,1s,1,939,2025-07-14 09:35:40,22926,22927.5,22924.5,22925.25,96,3,0.75,1.5,0.75,-1,,,,
MNQ SEP25,10s,10,5493,2025-07-14 09:35:40,22918.5,22927.75,22917.25,22925.25,1007,10.5,6.75,2.5,1.25,1,48.35,-36.65,-40.81666667,-16.89
MNQ SEP25,20s,20,5746,2025-07-14 09:35:40,22928.5,22932.5,22916.75,22925.25,2443,15.75,3.25,4,8.5,-1,-191.6,177.1,39.75,49.98
MNQ SEP25,1s,1,940,2025-07-14 09:35:41,22925.75,22926,22922,22923,56,4,2.75,0.25,1,-1,,,,
MNQ SEP25,1s,1,941,2025-07-14 09:35:42,22923,22925.25,22922.5,22925.25,35,2.75,2.25,0,0.5,1,,,,
MNQ SEP25,1s,1,942,2025-07-14 09:35:43,22924.5,22928.5,22924,22928.5,56,4.5,4,0,0.5,1,,,,
MNQ SEP25,1s,1,943,2025-07-14 09:35:44,22928.5,22930,22928.5,22929.5,100,1.5,1,0.5,0,1,,,,
MNQ SEP25,1s,1,944,2025-07-14 09:35:45,22929.75,22930,22927.5,22928.25,54,2.5,1.5,0.25,0.75,-1,,,,
MNQ SEP25,1s,1,945,2025-07-14 09:35:46,22928.25,22928.75,22926.75,22927.25,48,2,1,0.5,0.5,-1,,,,
MNQ SEP25,1s,1,946,2025-07-14 09:35:47,22927.25,22928.25,22926.75,22927.25,41,1.5,0,1,0.5,0,,,,
MNQ SEP25,1s,1,947,2025-07-14 09:35:48,22926.75,22927.5,22925.25,22926,37,2.25,0.75,0.75,0.75,-1,,,,
MNQ SEP25,1s,1,948,2025-07-14 09:35:49,22925.25,22927,22925.25,22926.5,32,1.75,1.25,0.5,0,1,,,,
MNQ SEP25,1s,1,949,2025-07-14 09:35:50,22926.5,22930,22926.5,22929.75,41,3.5,3.25,0.25,0,1,,,,
MNQ SEP25,10s,10,5494,2025-07-14 09:35:50,22925.75,22930,22922,22929.75,500,8,4,0.25,3.75,1,15.2,-33.15,-35.21666667,-34.14
MNQ SEP25,1s,1,950,2025-07-14 09:35:51,22930,22930,22929,22929.25,17,1,0.75,0,0.25,-1,,,,
MNQ SEP25,1s,1,951,2025-07-14 09:35:52,22928.75,22933,22928.25,22932.75,105,4.75,4,0.25,0.5,1,,,,
MNQ SEP25,1s,1,952,2025-07-14 09:35:53,22932.5,22935.25,22932,22934.5,157,3.25,2,0.75,0.5,1,,,,
MNQ SEP25,1s,1,953,2025-07-14 09:35:54,22934.75,22939,22934.75,22938.75,251,4.25,4,0.25,0,1,,,,
MNQ SEP25,1s,1,954,2025-07-14 09:35:55,22938.25,22939.25,22935.5,22936.25,145,3.75,2,1,0.75,-1,,,,
MNQ SEP25,1s,1,955,2025-07-14 09:35:56,22936.25,22936.75,22934.75,22935.25,53,2,1,0.5,0.5,-1,,,,
MNQ SEP25,1s,1,956,2025-07-14 09:35:57,22934.75,22939,22934.5,22937.25,46,4.5,2.5,1.75,0.25,1,,,,
MNQ SEP25,1s,1,957,2025-07-14 09:35:58,22937.75,22938,22934.75,22935.25,64,3.25,2.5,0.25,0.5,-1,,,,
MNQ SEP25,1s,1,958,2025-07-14 09:35:59,22936,22938,22935,22937.5,80,3,1.5,0.5,1,1,,,,
MNQ SEP25,1s,1,959,2025-07-14 09:36:00,22938.25,22939.75,22937.5,22939.75,59,2.25,1.5,0,0.75,1,,,,
MNQ SEP25,10s,10,5495,2025-07-14 09:36:00,22930,22939.75,22928.25,22939.75,977,11.5,9.75,0,1.75,1,29.7,14.5,-18.43333333,-28.22
MNQ SEP25,20s,20,5747,2025-07-14 09:36:00,22925.75,22939.75,22922,22939.75,1477,17.75,14,0,3.75,1,-349.6,-158,-43.08333333,23.26
MNQ SEP25,1s,1,960,2025-07-14 09:36:01,22939.5,22939.5,22936.25,22938.5,103,3.25,1,0,2.25,-1,,,,
MNQ SEP25,1s,1,961,2025-07-14 09:36:02,22938.25,22941.25,22937,22940.75,139,4.25,2.5,0.5,1.25,1,,,,
MNQ SEP25,1s,1,962,2025-07-14 09:36:03,22940.75,22942.75,22939.5,22942.75,184,3.25,2,0,1.25,1,,,,
MNQ SEP25,1s,1,963,2025-07-14 09:36:04,22942.25,22943.75,22940.75,22943,211,3,0.75,0.75,1.5,1,,,,
MNQ SEP25,1s,1,964,2025-07-14 09:36:05,22942.5,22943.75,22941.5,22943.75,121,2.25,1.25,0,1,1,,,,
MNQ SEP25,1s,1,965,2025-07-14 09:36:06,22943.75,22945,22942.75,22943.5,196,2.25,0.25,1.25,0.75,-1,,,,
MNQ SEP25,1s,1,966,2025-07-14 09:36:07,22943.75,22943.75,22940.25,22941.5,129,3.5,2.25,0,1.25,-1,,,,
MNQ SEP25,1s,1,967,2025-07-14 09:36:08,22941.75,22941.75,22938.5,22941.25,103,3.25,0.5,0,2.75,-1,,,,
MNQ SEP25,1s,1,968,2025-07-14 09:36:09,22941.25,22941.25,22939,22940.5,59,2.25,0.75,0,1.5,-1,,,,
MNQ SEP25,1s,1,969,2025-07-14 09:36:10,22940,22941.5,22939,22941.5,85,2.5,1.5,0,1,1,,,,
MNQ SEP25,10s,10,5496,2025-07-14 09:36:10,22939.5,22945,22936.25,22941.5,1330,8.75,2,3.5,3.25,1,154.85,125.15,35.5,6.8
MNQ SEP25,1s,1,970,2025-07-14 09:36:11,22941,22942.5,22938.75,22941.75,65,3.75,0.75,0.75,2.25,1,,,,
MNQ SEP25,1s,1,971,2025-07-14 09:36:12,22941.25,22944.25,22941,22942.75,75,3.25,1.5,1.5,0.25,1,,,,
MNQ SEP25,1s,1,972,2025-07-14 09:36:13,22943.5,22944.25,22942.5,22943.5,85,1.75,0,0.75,1,0,,,,
MNQ SEP25,1s,1,973,2025-07-14 09:36:14,22943.5,22947,22943.25,22947,193,3.75,3.5,0,0.25,1,,,,
MNQ SEP25,1s,1,974,2025-07-14 09:36:15,22946,22947,22944.75,22945.5,102,2.25,0.5,1,0.75,-1,,,,
MNQ SEP25,1s,1,975,2025-07-14 09:36:16,22945.75,22945.75,22942.5,22942.5,126,3.25,3.25,0,0,-1,,,,
MNQ SEP25,1s,1,976,2025-07-14 09:36:17,22942.75,22944.5,22942.75,22944.25,56,1.75,1.5,0.25,0,1,,,,
MNQ SEP25,1s,1,977,2025-07-14 09:36:18,22943.75,22946,22942.75,22943.25,80,3.25,0.5,2.25,0.5,-1,,,,
MNQ SEP25,1s,1,978,2025-07-14 09:36:19,22944.25,22945.5,22943.25,22945,61,2.25,0.75,0.5,1,1,,,,
MNQ SEP25,1s,1,979,2025-07-14 09:36:20,22945,22946,22943.5,22945,73,2.5,0,1,1.5,0,,,,
MNQ SEP25,10s,10,5497,2025-07-14 09:36:20,22941,22947,22938.75,22945,916,8.25,4,2,2.25,1,29.4,-125.45,4.73333333,-11.12
MNQ SEP25,20s,20,5748,2025-07-14 09:36:20,22939.5,22947,22936.25,22945,2246,10.75,5.5,2,3.25,1,-485.15,-135.55,-38.81666667,-34.86
MNQ SEP25,1s,1,980,2025-07-14 09:36:21,22944.5,22945,22942.5,22945,63,2.5,0.5,0,2,1,,,,
MNQ SEP25,1s,1,981,2025-07-14 09:36:22,22944.75,22945.75,22940.75,22941.5,85,5,3.25,1,0.75,-1,,,,
MNQ SEP25,1s,1,982,2025-07-14 09:36:23,22941.75,22944.25,22940,22943.5,82,4.25,1.75,0.75,1.75,1,,,,
MNQ SEP25,1s,1,983,2025-07-14 09:36:24,22943.5,22944,22941.75,22942,41,2.25,1.5,0.5,0.25,-1,,,,
MNQ SEP25,1s,1,984,2025-07-14 09:36:25,22943,22944,22941.75,22942.25,30,2.25,0.75,1,0.5,-1,,,,
MNQ SEP25,1s,1,985,2025-07-14 09:36:26,22942.75,22944.25,22942.75,22943.75,26,1.5,1,0.5,0,1,,,,
MNQ SEP25,1s,1,986,2025-07-14 09:36:27,22944.25,22945.75,22944.25,22944.25,42,1.5,0,1.5,0,0,,,,
MNQ SEP25,1s,1,987,2025-07-14 09:36:28,22944.25,22944.5,22942.75,22944.25,53,1.75,0,0.25,1.5,0,,,,
MNQ SEP25,1s,1,988,2025-07-14 09:36:29,22944.5,22946.25,22944,22946,67,2.25,1.5,0.25,0.5,1,,,,
MNQ SEP25,1s,1,989,2025-07-14 09:36:30,22946,22948.75,22946,22948.25,106,2.75,2.25,0.5,0,1,,,,
MNQ SEP25,10s,10,5498,2025-07-14 09:36:30,22944.5,22948.75,22940,22948.25,595,8.75,3.75,0.5,4.5,1,-44.15,-73.55,-24.61666667,-18.5
MNQ SEP25,1s,1,990,2025-07-14 09:36:31,22948,22952.75,22948,22951.75,375,4.75,3.75,1,0,1,,,,
MNQ SEP25,1s,1,991,2025-07-14 09:36:32,22952,22953.75,22951.5,22953.5,132,2.25,1.5,0.25,0.5,1,,,,
MNQ SEP25,1s,1,992,2025-07-14 09:36:33,22953.75,22954.25,22952.25,22952.75,165,2,1,0.5,0.5,-1,,,,
MNQ SEP25,1s,1,993,2025-07-14 09:36:34,22953.25,22953.75,22949.75,22950.75,127,4,2.5,0.5,1,-1,,,,
MNQ SEP25,1s,1,994,2025-07-14 09:36:35,22950.25,22952.75,22950,22952,126,2.75,1.75,0.75,0.25,1,,,,
MNQ SEP25,1s,1,995,2025-07-14 09:36:36,22952.75,22956,22952.25,22955.75,193,3.75,3,0.25,0.5,1,,,,
MNQ SEP25,1s,1,996,2025-07-14 09:36:37,22955.5,22956.25,22952.25,22952.5,127,4,3,0.75,0.25,-1,,,,
MNQ SEP25,1s,1,997,2025-07-14 09:36:38,22952.75,22954.5,22952.25,22953.25,105,2.25,0.5,1.25,0.5,1,,,,
MNQ SEP25,1s,1,998,2025-07-14 09:36:39,22953,22953.75,22951.5,22952,80,2.25,1,0.75,0.5,-1,,,,
MNQ SEP25,1s,1,999,2025-07-14 09:36:40,22951.75,22953,22950.75,22951,55,2.25,0.75,1.25,0.25,-1,,,,
MNQ SEP25,10s,10,5499,2025-07-14 09:36:40,22948,22956.25,22948,22951,1485,8.25,3,5.25,0,1,99.5,143.65,-18.45,16.86
MNQ SEP25,20s,20,5749,2025-07-14 09:36:40,22944.5,22956.25,22940,22951,2080,16.25,6.5,5.25,4.5,1,-503.95,-18.8,-104.11666667,-56.72
MNQ SEP25,1s,1,1000,2025-07-14 09:36:41,22951.5,22954.5,22950.75,22954.5,91,3.75,3,0,0.75,1,,,,
MNQ SEP25,1s,1,1001,2025-07-14 09:36:42,22953.25,22954,22953,22953.75,55,1,0.5,0.25,0.25,1,,,,
MNQ SEP25,1s,1,1002,2025-07-14 09:36:43,22954.25,22956.75,22954,22955.75,133,2.75,1.5,1,0.25,1,,,,
MNQ SEP25,1s,1,1003,2025-07-14 09:36:44,22955.75,22955.75,22953.25,22954,90,2.5,1.75,0,0.75,-1,,,,
MNQ SEP25,1s,1,1004,2025-07-14 09:36:45,22953.75,22956.25,22952.5,22955.5,66,3.75,1.75,0.75,1.25,1,,,,
MNQ SEP25,1s,1,1005,2025-07-14 09:36:46,22955.25,22955.5,22953.75,22955,56,1.75,0.25,0.25,1.25,-1,,,,
MNQ SEP25,1s,1,1006,2025-07-14 09:36:47,22954.75,22955.25,22954,22954.25,35,1.25,0.5,0.5,0.25,-1,,,,
MNQ SEP25,1s,1,1007,2025-07-14 09:36:48,22955,22955.5,22952.25,22953,28,3.25,2,0.5,0.75,-1,,,,
MNQ SEP25,1s,1,1008,2025-07-14 09:36:49,22953.25,22954.75,22952.5,22954.5,36,2.25,1.25,0.25,0.75,1,,,,
MNQ SEP25,1s,1,1009,2025-07-14 09:36:50,22954.5,22956.75,22954.25,22956.25,45,2.5,1.75,0.5,0.25,1,,,,
MNQ SEP25,10s,10,5500,2025-07-14 09:36:50,22951.5,22956.75,22950.75,22956.25,635,6,4.75,0.5,0.75,1,63.25,-36.25,11.28333333,6.71
MNQ SEP25,1s,1,1010,2025-07-14 09:36:51,22957,22957.5,22955.5,22956.75,90,2,0.25,0.5,1.25,-1,,,,
MNQ SEP25,1s,1,1011,2025-07-14 09:36:52,22957,22957.25,22955.75,22957.25,50,1.5,0.25,0,1.25,1,,,,
MNQ SEP25,1s,1,1012,2025-07-14 09:36:53,22957,22958.5,22956.5,22958,107,2,1,0.5,0.5,1,,,,
MNQ SEP25,1s,1,1013,2025-07-14 09:36:54,22957.25,22959,22957,22958,90,2,0.75,1,0.25,1,,,,
MNQ SEP25,1s,1,1014,2025-07-14 09:36:55,22957.5,22958,22954.75,22955.25,67,3.25,2.25,0.5,0.5,-1,,,,
MNQ SEP25,1s,1,1015,2025-07-14 09:36:56,22955.5,22955.75,22954,22954.25,65,1.75,1.25,0.25,0.25,-1,,,,
MNQ SEP25,1s,1,1016,2025-07-14 09:36:57,22954.5,22956.5,22954.25,22956.5,58,2.25,2,0,0.25,1,,,,
MNQ SEP25,1s,1,1017,2025-07-14 09:36:58,22957,22957.25,22956.25,22957.25,27,1,0.25,0,0.75,1,,,,
MNQ SEP25,1s,1,1018,2025-07-14 09:36:59,22957.5,22958.25,22957.5,22957.5,62,0.75,0,0.75,0,0,,,,
MNQ SEP25,1s,1,1019,2025-07-14 09:37:00,22958.25,22958.5,22955,22955.75,71,3.5,2.5,0.25,0.75,-1,,,,
MNQ SEP25,10s,10,5501,2025-07-14 09:37:00,22957,22959,22954,22955.75,687,5,1.25,2,1.75,-1,-66.4,-129.65,-7.41666667,-44.25
MNQ SEP25,20s,20,5750,2025-07-14 09:37:00,22951.5,22959,22950.75,22955.75,1322,8.25,4.25,3.25,0.75,1,-362.55,141.4,-4.31666667,1.23
MNQ SEP25,1s,1,1020,2025-07-14 09:37:01,22955.5,22957.25,22953.5,22954,125,3.75,1.5,1.75,0.5,-1,,,,
MNQ SEP25,1s,1,1021,2025-07-14 09:37:02,22954.25,22956.5,22954,22956.25,72,2.5,2,0.25,0.25,1,,,,
MNQ SEP25,1s,1,1022,2025-07-14 09:37:03,22956.25,22958.25,22955,22956.25,99,3.25,0,2,1.25,0,,,,
MNQ SEP25,1s,1,1023,2025-07-14 09:37:04,22956,22957,22954.25,22956.25,72,2.75,0.25,0.75,1.75,1,,,,
MNQ SEP25,1s,1,1024,2025-07-14 09:37:05,22956.25,22956.25,22952.75,22954.5,58,3.5,1.75,0,1.75,-1,,,,
MNQ SEP25,1s,1,1025,2025-07-14 09:37:06,22953.75,22955.25,22951.75,22952.25,100,3.5,1.5,1.5,0.5,-1,,,,
MNQ SEP25,1s,1,1026,2025-07-14 09:37:07,22952.75,22953.25,22948.75,22950.5,198,4.5,2.25,0.5,1.75,-1,,,,
MNQ SEP25,1s,1,1027,2025-07-14 09:37:08,22950.25,22951.75,22950.25,22950.75,74,1.5,0.5,1,0,1,,,,
MNQ SEP25,1s,1,1028,2025-07-14 09:37:09,22951.25,22952.25,22950.5,22951.5,73,1.75,0.25,0.75,0.75,1,,,,
MNQ SEP25,1s,1,1029,2025-07-14 09:37:10,22951.5,22952,22948.75,22949.5,39,3.25,2,0.5,0.75,-1,,,,
MNQ SEP25,10s,10,5502,2025-07-14 09:37:10,22955.5,22958.25,22948.75,22949.5,910,9.5,6,2.75,0.75,-1,-90.2,-23.8,-63.23333333,-23.92
MNQ SEP25,1s,1,1030,2025-07-14 09:37:11,22950,22952.25,22949.5,22951.75,70,2.75,1.75,0.5,0.5,1,,,,
MNQ SEP25,1s,1,1031,2025-07-14 09:37:12,22952,22953.25,22951.25,22952,41,2,0,1.25,0.75,0,,,,
MNQ SEP25,1s,1,1032,2025-07-14 09:37:13,22952.5,22954,22951.75,22951.75,56,2.25,0.75,1.5,0,-1,,,,
MNQ SEP25,1s,1,1033,2025-07-14 09:37:14,22951.25,22953.5,22950.75,22953,23,2.75,1.75,0.5,0.5,1,,,,
MNQ SEP25,1s,1,1034,2025-07-14 09:37:15,22953,22954.5,22951.5,22953.5,45,3,0.5,1,1.5,1,,,,
MNQ SEP25,1s,1,1035,2025-07-14 09:37:16,22952.75,22953,22950.25,22951.25,46,2.75,1.5,0.25,1,-1,,,,
MNQ SEP25,1s,1,1036,2025-07-14 09:37:17,22951,22952.25,22950,22951.25,61,2.25,0.25,1,1,1,,,,
MNQ SEP25,1s,1,1037,2025-07-14 09:37:18,22950.5,22950.75,22949.5,22950,51,1.25,0.5,0.25,0.5,-1,,,,
MNQ SEP25,1s,1,1038,2025-07-14 09:37:19,22949.75,22951.5,22949.5,22951.5,32,2,1.75,0,0.25,1,,,,
MNQ SEP25,1s,1,1039,2025-07-14 09:37:20,22950.75,22952,22950.25,22951,20,1.75,0.25,1,0.5,1,,,,
MNQ SEP25,10s,10,5503,2025-07-14 09:37:20,22950,22954.5,22949.5,22951,445,5,1,3.5,0.5,1,-115,-24.8,-59.41666667,-14.17
MNQ SEP25,20s,20,5751,2025-07-14 09:37:20,22955.5,22958.25,22948.75,22951,1355,9.5,4.5,2.75,2.25,-1,-447.8,-85.25,12.45,-51.24
MNQ SEP25,1s,1,1040,2025-07-14 09:37:21,22950.75,22951.25,22949.25,22951,48,2,0.25,0.25,1.5,1,,,,
MNQ SEP25,1s,1,1041,2025-07-14 09:37:22,22950.25,22951.25,22949.25,22950.5,20,2,0.25,0.75,1,1,,,,
MNQ SEP25,1s,1,1042,2025-07-14 09:37:23,22950.5,22952.25,22950,22951,57,2.25,0.5,1.25,0.5,1,,,,
MNQ SEP25,1s,1,1043,2025-07-14 09:37:24,22950.75,22953.75,22950.25,22952.5,87,3.5,1.75,1.25,0.5,1,,,,
MNQ SEP25,1s,1,1044,2025-07-14 09:37:25,22953.25,22954.25,22951,22951.25,57,3.25,2,1,0.25,-1,,,,
MNQ SEP25,1s,1,1045,2025-07-14 09:37:26,22951.5,22951.75,22950.5,22951.25,20,1.25,0.25,0.25,0.75,-1,,,,
MNQ SEP25,1s,1,1046,2025-07-14 09:37:27,22951.75,22952.25,22951.25,22951.5,33,1,0.25,0.5,0.25,-1,,,,
MNQ SEP25,1s,1,1047,2025-07-14 09:37:28,22951.75,22953,22951.75,22953,13,1.25,1.25,0,0,1,,,,
MNQ SEP25,1s,1,1048,2025-07-14 09:37:29,22953.75,22955.25,22952.5,22952.5,61,2.75,1.25,1.5,0,-1,,,,
MNQ SEP25,1s,1,1049,2025-07-14 09:37:30,22953,22956,22953,22955,62,3,2,1,0,1,,,,
MNQ SEP25,10s,10,5504,2025-07-14 09:37:30,22950.75,22956,22949.25,22955,458,6.75,4.25,1,1.5,1,-298.25,-183.25,-77.28333333,-79.55
MNQ SEP25,1s,1,1050,2025-07-14 09:37:31,22954.75,22956.5,22954.25,22955,38,2.25,0.25,1.5,0.5,1,,,,
MNQ SEP25,1s,1,1051,2025-07-14 09:37:32,22955.5,22957.25,22954.5,22957.25,75,2.75,1.75,0,1,1,,,,
MNQ SEP25,1s,1,1052,2025-07-14 09:37:33,22956.5,22958.5,22955.25,22958,90,3.25,1.5,0.5,1.25,1,,,,
MNQ SEP25,1s,1,1053,2025-07-14 09:37:34,22958.5,22961,22958.25,22959.25,295,2.75,0.75,1.75,0.25,1,,,,
MNQ SEP25,1s,1,1054,2025-07-14 09:37:35,22959.5,22959.75,22957.75,22958.25,114,2,1.25,0.25,0.5,-1,,,,
MNQ SEP25,1s,1,1055,2025-07-14 09:37:36,22958.25,22958.5,22955.5,22956.25,77,3,2,0.25,0.75,-1,,,,
MNQ SEP25,1s,1,1056,2025-07-14 09:37:37,22956.25,22956.25,22954.25,22954.75,35,2,1.5,0,0.5,-1,,,,
MNQ SEP25,1s,1,1057,2025-07-14 09:37:38,22954.5,22955.5,22953.75,22955.25,45,1.75,0.75,0.25,0.75,1,,,,
MNQ SEP25,1s,1,1058,2025-07-14 09:37:39,22955,22956,22954.25,22955.75,22,1.75,0.75,0.25,0.75,1,,,,
MNQ SEP25,1s,1,1059,2025-07-14 09:37:40,22955.5,22956.75,22955,22956.5,18,1.75,1,0.25,0.5,1,,,,
MNQ SEP25,10s,10,5505,2025-07-14 09:37:40,22954.75,22961,22953.75,22956.5,809,7.25,1.75,4.5,1,1,-243.85,54.4,-51.21666667,-61.42
MNQ SEP25,20s,20,5752,2025-07-14 09:37:40,22950.75,22961,22949.25,22956.5,1267,11.75,5.75,4.5,1.5,1,-402.1,45.7,33.95,-10.5
MNQ SEP25,1s,1,1060,2025-07-14 09:37:41,22956.5,22956.75,22954.5,22955,53,2.25,1.5,0.25,0.5,-1,,,,
MNQ SEP25,1s,1,1061,2025-07-14 09:37:42,22955,22955.25,22954,22954,38,1.25,1,0.25,0,-1,,,,
MNQ SEP25,1s,1,1062,2025-07-14 09:37:43,22954.5,22954.5,22952.5,22953.5,80,2,1,0,1,-1,,,,
MNQ SEP25,1s,1,1063,2025-07-14 09:37:44,22953,22954.25,22951.75,22952.5,40,2.5,0.5,1.25,0.75,-1,,,,
MNQ SEP25,1s,1,1064,2025-07-14 09:37:45,22952.25,22952.75,22951.5,22952.25,20,1.25,0,0.5,0.75,0,,,,
MNQ SEP25,1s,1,1065,2025-07-14 09:37:46,22952.25,22952.25,22950.25,22950.25,63,2,2,0,0,-1,,,,
MNQ SEP25,1s,1,1066,2025-07-14 09:37:47,22950.25,22950.25,22945.75,22946,212,4.5,4.25,0,0.25,-1,,,,
MNQ SEP25,1s,1,1067,2025-07-14 09:37:48,22946,22947.75,22946,22946.25,55,1.75,0.25,1.5,0,1,,,,
MNQ SEP25,1s,1,1068,2025-07-14 09:37:49,22946.75,22946.75,22944.5,22945.75,147,2.25,1,0,1.25,-1,,,,
MNQ SEP25,1s,1,1069,2025-07-14 09:37:50,22945.75,22946.25,22944.25,22944.25,86,2,1.5,0.5,0,-1,,,,
MNQ SEP25,10s,10,5506,2025-07-14 09:37:50,22956.5,22956.75,22944.25,22944.25,794,12.5,12.25,0.25,0,-1,-210.4,33.45,-31.8,-28.8
MNQ SEP25,1s,1,1070,2025-07-14 09:37:51,22944.5,22946.5,22944.25,22946,72,2.25,1.5,0.5,0.25,1,,,,
MNQ SEP25,1s,1,1071,2025-07-14 09:37:52,22945.75,22947,22945.75,22946,72,1.25,0.25,1,0,1,,,,
MNQ SEP25,1s,1,1072,2025-07-14 09:37:53,22946,22947.75,22945.75,22947.75,44,2,1.75,0,0.25,1,,,,
MNQ SEP25,1s,1,1073,2025-07-14 09:37:54,22947.75,22948.5,22947.25,22948.25,41,1.25,0.5,0.25,0.5,1,,,,
MNQ SEP25,1s,1,1074,2025-07-14 09:37:55,22949,22949.75,22946,22946.5,71,3.75,2.5,0.75,0.5,-1,,,,
MNQ SEP25,1s,1,1075,2025-07-14 09:37:56,22946.25,22948,22945.75,22946.25,55,2.25,0,1.75,0.5,0,,,,
MNQ SEP25,1s,1,1076,2025-07-14 09:37:57,22946.25,22948.25,22945.75,22945.75,41,2.5,0.5,2,0,-1,,,,
MNQ SEP25,1s,1,1077,2025-07-14 09:37:58,22946.25,22947,22945.5,22946,36,1.5,0.25,0.75,0.5,-1,,,,
MNQ SEP25,1s,1,1078,2025-07-14 09:37:59,22945.5,22946.75,22945.25,22946.25,29,1.5,0.75,0.5,0.25,1,,,,
MNQ SEP25,1s,1,1079,2025-07-14 09:38:00,22945.5,22946,22944.5,22946,39,1.5,0.5,0,1,1,,,,
MNQ SEP25,10s,10,5507,2025-07-14 09:38:00,22944.5,22949.75,22944.25,22946,500,5.5,1.5,3.75,0.25,1,-239.75,-29.35,19.5,-29.91
MNQ SEP25,20s,20,5753,2025-07-14 09:38:00,22956.5,22956.75,22944.25,22946,1294,12.5,10.5,0.25,1.75,-1,-480,-77.9,-39.15,1.03
MNQ SEP25,1s,1,1080,2025-07-14 09:38:01,22945.75,22947.5,22945.5,22947.5,53,2,1.75,0,0.25,1,,,,
MNQ SEP25,1s,1,1081,2025-07-14 09:38:02,22947.5,22947.75,22945.5,22945.5,74,2.25,2,0.25,0,-1,,,,
MNQ SEP25,1s,1,1082,2025-07-14 09:38:03,22945.25,22946.25,22945,22945.25,29,1.25,0,1,0.25,0,,,,
MNQ SEP25,1s,1,1083,2025-07-14 09:38:04,22944.75,22944.75,22940.5,22943,380,4.25,1.75,0,2.5,-1,,,,
MNQ SEP25,1s,1,1084,2025-07-14 09:38:05,22943.5,22944.5,22942,22942.75,78,2.5,0.75,1,0.75,-1,,,,
MNQ SEP25,1s,1,1085,2025-07-14 09:38:06,22942.75,22943,22940.75,22941.5,66,2.25,1.25,0.25,0.75,-1,,,,
MNQ SEP25,1s,1,1086,2025-07-14 09:38:07,22941.75,22941.75,22939.75,22941.25,126,2,0.5,0,1.5,-1,,,,
MNQ SEP25,1s,1,1087,2025-07-14 09:38:08,22940.75,22941.25,22939,22939.75,81,2.25,1,0.5,0.75,-1,,,,
MNQ SEP25,1s,1,1088,2025-07-14 09:38:09,22940,22940,22937.75,22938.25,108,2.25,1.75,0,0.5,-1,,,,
MNQ SEP25,1s,1,1089,2025-07-14 09:38:10,22938.75,22939.25,22938,22939.25,90,1.25,0.5,0,0.75,1,,,,
MNQ SEP25,10s,10,5508,2025-07-14 09:38:10,22945.75,22947.75,22937.75,22939.25,1085,10,6.5,2,1.5,-1,-110.9,128.85,44.31666667,0.82
MNQ SEP25,1s,1,1090,2025-07-14 09:38:11,22939,22939,22936,22938,195,3,1,0,2,-1,,,,
MNQ SEP25,1s,1,1091,2025-07-14 09:38:12,22938.25,22939.5,22936.75,22937.5,104,2.75,0.75,1.25,0.75,-1,,,,
MNQ SEP25,1s,1,1092,2025-07-14 09:38:13,22936.25,22937.75,22934.25,22934.75,205,3.5,1.5,1.5,0.5,-1,,,,
MNQ SEP25,1s,1,1093,2025-07-14 09:38:14,22935,22938.5,22935,22938,147,3.5,3,0.5,0,1,,,,
MNQ SEP25,1s,1,1094,2025-07-14 09:38:15,22937.75,22938.5,22936.25,22938,49,2.25,0.25,0.5,1.5,1,,,,
MNQ SEP25,1s,1,1095,2025-07-14 09:38:16,22938,22939.5,22937.5,22938.5,73,2,0.5,1,0.5,1,,,,
MNQ SEP25,1s,1,1096,2025-07-14 09:38:17,22939,22939.25,22937.25,22939.25,48,2,0.25,0,1.75,1,,,,
MNQ SEP25,1s,1,1097,2025-07-14 09:38:18,22939.25,22939.25,22936.5,22938.25,46,2.75,1,0,1.75,-1,,,,
MNQ SEP25,1s,1,1098,2025-07-14 09:38:19,22938.75,22939.25,22936.5,22938.25,73,2.75,0.5,0.5,1.75,-1,,,,
MNQ SEP25,1s,1,1099,2025-07-14 09:38:20,22937.75,22939,22936.25,22937.75,51,2.75,0,1.25,1.5,0,,,,
MNQ SEP25,10s,10,5509,2025-07-14 09:38:20,22939,22939.5,22934.25,22937.75,991,5.25,1.25,0.5,3.5,-1,-14.65,96.25,65.25,56.72
MNQ SEP25,20s,20,5754,2025-07-14 09:38:20,22945.75,22947.75,22934.25,22937.75,2076,13.5,8,2,3.5,-1,-336.75,143.25,37.01666667,33.44
MNQ SEP25,1s,1,1100,2025-07-14 09:38:21,22937.5,22937.5,22936.25,22936.5,37,1.25,1,0,0.25,-1,,,,
MNQ SEP25,1s,1,1101,2025-07-14 09:38:22,22936.75,22937.75,22935.5,22936,73,2.25,0.75,1,0.5,-1,,,,
MNQ SEP25,1s,1,1102,2025-07-14 09:38:23,22935.75,22937,22935.75,22936.25,38,1.25,0.5,0.75,0,1,,,,
MNQ SEP25,1s,1,1103,2025-07-14 09:38:24,22935.75,22936.25,22934.25,22934.5,84,2,1.25,0.5,0.25,-1,,,,
MNQ SEP25,1s,1,1104,2025-07-14 09:38:25,22934,22934.25,22932.5,22933.25,133,1.75,0.75,0.25,0.75,-1,,,,
MNQ SEP25,1s,1,1105,2025-07-14 09:38:26,22933.75,22935.25,22932.75,22933.5,135,2.5,0.25,1.5,0.75,-1,,,,
MNQ SEP25,1s,1,1106,2025-07-14 09:38:27,22933.75,22933.75,22932,22932,42,1.75,1.75,0,0,-1,,,,
MNQ SEP25,1s,1,1107,2025-07-14 09:38:28,22932,22932.5,22931,22932.25,75,1.5,0.25,0.25,1,1,,,,
MNQ SEP25,1s,1,1108,2025-07-14 09:38:29,22931.75,22933.25,22930.5,22931.75,110,2.75,0,1.5,1.25,0,,,,
MNQ SEP25,1s,1,1109,2025-07-14 09:38:30,22931.75,22932.25,22930.5,22931.5,70,1.75,0.25,0.5,1,-1,,,,
MNQ SEP25,10s,10,5510,2025-07-14 09:38:30,22937.5,22937.75,22930.5,22931.5,797,7.25,6,0.25,1,-1,-13.4,1.25,75.45,46.09
MNQ SEP25,1s,1,1110,2025-07-14 09:38:31,22930.75,22932.5,22930.5,22931,59,2,0.25,1.5,0.25,1,,,,
MNQ SEP25,1s,1,1111,2025-07-14 09:38:32,22931.5,22931.75,22929,22929.5,119,2.75,2,0.25,0.5,-1,,,,
MNQ SEP25,1s,1,1112,2025-07-14 09:38:33,22929,22931.25,22928.75,22930.5,68,2.5,1.5,0.75,0.25,1,,,,
MNQ SEP25,1s,1,1113,2025-07-14 09:38:34,22930.75,22933.5,22930.5,22932.5,94,3,1.75,1,0.25,1,,,,
MNQ SEP25,1s,1,1114,2025-07-14 09:38:35,22932.25,22932.75,22929.25,22930,86,3.5,2.25,0.5,0.75,-1,,,,
MNQ SEP25,1s,1,1115,2025-07-14 09:38:36,22930,22930,22927,22928.25,99,3,1.75,0,1.25,-1,,,,
MNQ SEP25,1s,1,1116,2025-07-14 09:38:37,22928.5,22929.75,22927.75,22929,65,2,0.5,0.75,0.75,1,,,,
MNQ SEP25,1s,1,1117,2025-07-14 09:38:38,22929,22933.25,22928.75,22931.5,169,4.5,2.5,1.75,0.25,1,,,,
MNQ SEP25,1s,1,1118,2025-07-14 09:38:39,22931.5,22932,22930.75,22931.5,42,1.25,0,0.5,0.75,0,,,,
MNQ SEP25,1s,1,1119,2025-07-14 09:38:40,22932,22933.5,22931.5,22933.25,71,2,1.25,0.25,0.5,1,,,,
MNQ SEP25,10s,10,5511,2025-07-14 09:38:40,22930.75,22933.5,22927,22933.25,872,6.5,2.5,0.25,3.75,1,-12.45,0.95,32.81666667,39.59
MNQ SEP25,20s,20,5755,2025-07-14 09:38:40,22937.5,22937.75,22927,22933.25,1669,10.75,4.25,0.25,6.25,-1,-186,150.75,72.03333333,35.31
MNQ SEP25,1s,1,1120,2025-07-14 09:38:41,22933.25,22933.75,22931.5,22932.75,60,2.25,0.5,0.5,1.25,-1,,,,
MNQ SEP25,1s,1,1121,2025-07-14 09:38:42,22932.75,22934,22932.5,22933.25,41,1.5,0.5,0.75,0.25,1,,,,
MNQ SEP25,1s,1,1122,2025-07-14 09:38:43,22933.25,22934,22932.25,22932.25,37,1.75,1,0.75,0,-1,,,,
MNQ SEP25,1s,1,1123,2025-07-14 09:38:44,22932.75,22932.75,22931.5,22931.75,17,1.25,1,0,0.25,-1,,,,
MNQ SEP25,1s,1,1124,2025-07-14 09:38:45,22932,22935.75,22932,22934.25,70,3.75,2.25,1.5,0,1,,,,
MNQ SEP25,1s,1,1125,2025-07-14 09:38:46,22934.25,22934.25,22932.25,22932.25,48,2,2,0,0,-1,,,,
MNQ SEP25,1s,1,1126,2025-07-14 09:38:47,22932.75,22934.25,22932.75,22933.5,37,1.5,0.75,0.75,0,1,,,,
MNQ SEP25,1s,1,1127,2025-07-14 09:38:48,22933.75,22936,22932.25,22935.5,67,3.75,1.75,0.5,1.5,1,,,,
MNQ SEP25,1s,1,1128,2025-07-14 09:38:49,22935.75,22937.5,22935,22936,91,2.5,0.25,1.5,0.75,1,,,,
MNQ SEP25,1s,1,1129,2025-07-14 09:38:50,22935.5,22936.25,22934,22934.5,27,2.25,1,0.75,0.5,-1,,,,
MNQ SEP25,10s,10,5512,2025-07-14 09:38:50,22933.25,22937.5,22931.5,22934.5,495,6,1.25,3,1.75,1,33.6,46.05,16.08333333,54.67
MNQ SEP25,1s,1,1130,2025-07-14 09:38:51,22934.5,22935.5,22932.25,22932.75,55,3.25,1.75,1,0.5,-1,,,,
MNQ SEP25,1s,1,1131,2025-07-14 09:38:52,22932.25,22933,22931.5,22932.25,28,1.5,0,0.75,0.75,0,,,,
MNQ SEP25,1s,1,1132,2025-07-14 09:38:53,22931.75,22934.25,22931.75,22933.5,37,2.5,1.75,0.75,0,1,,,,
MNQ SEP25,1s,1,1133,2025-07-14 09:38:54,22933.75,22935.25,22933.5,22935.25,26,1.75,1.5,0,0.25,1,,,,
MNQ SEP25,1s,1,1134,2025-07-14 09:38:55,22935.25,22936.25,22934.5,22936,34,1.75,0.75,0.25,0.75,1,,,,
MNQ SEP25,1s,1,1135,2025-07-14 09:38:56,22936,22936.75,22935.25,22936.75,23,1.5,0.75,0,0.75,1,,,,
MNQ SEP25,1s,1,1136,2025-07-14 09:38:57,22935.5,22937.5,22935.5,22937,49,2,1.5,0.5,0,1,,,,
MNQ SEP25,1s,1,1137,2025-07-14 09:38:58,22936.25,22936.5,22934.5,22936,26,2,0.25,0.25,1.5,-1,,,,
MNQ SEP25,1s,1,1138,2025-07-14 09:38:59,22934.75,22935,22933.5,22934,20,1.5,0.75,0.25,0.5,-1,,,,
MNQ SEP25,1s,1,1139,2025-07-14 09:39:00,22934,22936,22934,22935.25,39,2,1.25,0.75,0,1,,,,
MNQ SEP25,10s,10,5513,2025-07-14 09:39:00,22934.5,22937.5,22931.5,22935.25,337,6,0.75,2.25,3,1,-82.5,-116.1,-23.03333333,5.68
MNQ SEP25,20s,20,5756,2025-07-14 09:39:00,22933.25,22937.5,22931.5,22935.25,832,6,2,2.25,1.75,1,-240.15,-54.15,79.95,41.53
MNQ SEP25,1s,1,1140,2025-07-14 09:39:01,22935.5,22937.5,22935.25,22936.5,44,2.25,1,1,0.25,1,,,,
MNQ SEP25,1s,1,1141,2025-07-14 09:39:02,22936.25,22936.25,22932.25,22933.25,66,4,3,0,1,-1,,,,
MNQ SEP25,1s,1,1142,2025-07-14 09:39:03,22933.25,22934.75,22932.25,22934.75,35,2.5,1.5,0,1,1,,,,
MNQ SEP25,1s,1,1143,2025-07-14 09:39:04,22934,22935.25,22933,22933,20,2.25,1,1.25,0,-1,,,,
MNQ SEP25,1s,1,1144,2025-07-14 09:39:05,22932.75,22933.5,22931.5,22931.5,39,2,1.25,0.75,0,-1,,,,
MNQ SEP25,1s,1,1145,2025-07-14 09:39:06,22931.5,22931.5,22927.75,22928.5,128,3.75,3,0,0.75,-1,,,,
MNQ SEP25,1s,1,1146,2025-07-14 09:39:07,22928.25,22929,22926.75,22928,102,2.25,0.25,0.75,1.25,-1,,,,
MNQ SEP25,1s,1,1147,2025-07-14 09:39:08,22927,22927,22924.25,22925,220,2.75,2,0,0.75,-1,,,,
MNQ SEP25,1s,1,1148,2025-07-14 09:39:09,22924.25,22924.75,22921,22923,268,3.75,1.25,0.5,2,-1,,,,
MNQ SEP25,1s,1,1149,2025-07-14 09:39:10,22922.75,22924,22921.5,22921.5,126,2.5,1.25,1.25,0,-1,,,,
MNQ SEP25,10s,10,5514,2025-07-14 09:39:10,22935.5,22937.5,22921,22921.5,1048,16.5,14,2,0.5,-1,-98.5,-16,-28.68333333,-16.77
MNQ SEP25,1s,1,1150,2025-07-14 09:39:11,22921,22922.25,22920,22920.5,179,2.25,0.5,1.25,0.5,-1,,,,
MNQ SEP25,1s,1,1151,2025-07-14 09:39:12,22920.25,22920.5,22917,22919.5,265,3.5,0.75,0.25,2.5,-1,,,,
MNQ SEP25,1s,1,1152,2025-07-14 09:39:13,22920,22922.5,22919.5,22921.5,93,3,1.5,1,0.5,1,,,,
MNQ SEP25,1s,1,1153,2025-07-14 09:39:14,22920.75,22924.75,22920.75,22923.75,154,4,3,1,0,1,,,,
MNQ SEP25,1s,1,1154,2025-07-14 09:39:15,22923.5,22927,22923.5,22926.5,135,3.5,3,0.5,0,1,,,,
MNQ SEP25,1s,1,1155,2025-07-14 09:39:16,22926.25,22929.75,22926.25,22928.75,123,3.5,2.5,1,0,1,,,,
MNQ SEP25,1s,1,1156,2025-07-14 09:39:17,22929.75,22929.75,22927,22927.5,68,2.75,2.25,0,0.5,-1,,,,
MNQ SEP25,1s,1,1157,2025-07-14 09:39:18,22928,22928,22926,22926.75,62,2,1.25,0,0.75,-1,,,,
MNQ SEP25,1s,1,1158,2025-07-14 09:39:19,22926.5,22926.5,22924,22924,29,2.5,2.5,0,0,-1,,,,
MNQ SEP25,1s,1,1159,2025-07-14 09:39:20,22924,22926.25,22923.75,22925,67,2.5,1,1.25,0.25,1,,,,
MNQ SEP25,10s,10,5515,2025-07-14 09:39:20,22921,22929.75,22917,22925,1175,12.75,4,4.75,4,1,-32.8,65.7,-22.13333333,-3.88
MNQ SEP25,20s,20,5757,2025-07-14 09:39:20,22935.5,22937.5,22917,22925,2223,20.5,10.5,2,8,-1,-69.5,170.65,89.08333333,66.52
MNQ SEP25,1s,1,1160,2025-07-14 09:39:21,22925.5,22928.75,22925.5,22928.25,81,3.25,2.75,0.5,0,1,,,,
MNQ SEP25,1s,1,1161,2025-07-14 09:39:22,22928.25,22930.75,22928.25,22930.75,85,2.5,2.5,0,0,1,,,,
MNQ SEP25,1s,1,1162,2025-07-14 09:39:23,22929.75,22929.75,22928.25,22928.75,38,1.5,1,0,0.5,-1,,,,
MNQ SEP25,1s,1,1163,2025-07-14 09:39:24,22929.25,22929.75,22928.5,22929,18,1.25,0.25,0.5,0.5,-1,,,,
MNQ SEP25,1s,1,1164,2025-07-14 09:39:25,22929,22929.25,22925.5,22926.5,75,3.75,2.5,0.25,1,-1,,,,
MNQ SEP25,1s,1,1165,2025-07-14 09:39:26,22926.5,22929.5,22925.75,22929.5,87,3.75,3,0,0.75,1,,,,
MNQ SEP25,1s,1,1166,2025-07-14 09:39:27,22929,22931.75,22928.75,22931.5,77,3,2.5,0.25,0.25,1,,,,
MNQ SEP25,1s,1,1167,2025-07-14 09:39:28,22931.25,22933,22930.5,22932.75,91,2.5,1.5,0.25,0.75,1,,,,
MNQ SEP25,1s,1,1168,2025-07-14 09:39:29,22932.75,22937,22932.75,22937,156,4.25,4.25,0,0,1,,,,
MNQ SEP25,1s,1,1169,2025-07-14 09:39:30,22937,22937.75,22934.25,22934.75,106,3.5,2.25,0.75,0.5,-1,,,,
MNQ SEP25,10s,10,5516,2025-07-14 09:39:30,22925.5,22937.75,22925.5,22934.75,814,12.25,9.25,3,0,1,-18.6,14.2,21.3,-1.23
MNQ SEP25,1s,1,1170,2025-07-14 09:39:31,22934.5,22935,22932.25,22932.25,62,2.75,2.25,0.5,0,-1,,,,
MNQ SEP25,1s,1,1171,2025-07-14 09:39:32,22933,22933.75,22931.75,22932.25,41,2,0.75,0.75,0.5,-1,,,,
MNQ SEP25,1s,1,1172,2025-07-14 09:39:33,22933.25,22934.25,22933,22933,24,1.25,0.25,1,0,-1,,,,
MNQ SEP25,1s,1,1173,2025-07-14 09:39:34,22932.75,22933,22931.75,22931.75,47,1.25,1,0.25,0,-1,,,,
MNQ SEP25,1s,1,1174,2025-07-14 09:39:35,22933,22933,22931,22931.5,32,2,1.5,0,0.5,-1,,,,
MNQ SEP25,1s,1,1175,2025-07-14 09:39:36,22932,22933.5,22932,22933.5,16,1.5,1.5,0,0,1,,,,
MNQ SEP25,1s,1,1176,2025-07-14 09:39:37,22932.75,22932.75,22931.25,22931.75,26,1.5,1,0,0.5,-1,,,,
MNQ SEP25,1s,1,1177,2025-07-14 09:39:38,22930.25,22930.75,22928.5,22929,55,2.25,1.25,0.5,0.5,-1,,,,
MNQ SEP25,1s,1,1178,2025-07-14 09:39:39,22928.75,22929.5,22927.5,22929.5,56,2,0.75,0,1.25,1,,,,
MNQ SEP25,1s,1,1179,2025-07-14 09:39:40,22929.5,22932.75,22929.5,22932.5,64,3.25,3,0.25,0,1,,,,
MNQ SEP25,10s,10,5517,2025-07-14 09:39:40,22934.5,22935,22927.5,22932.5,423,7.5,2,0.5,5,-1,-8.35,10.25,30.05,-8.39
MNQ SEP25,20s,20,5758,2025-07-14 09:39:40,22925.5,22937.75,22925.5,22932.5,1237,12.25,7,5.25,0,1,-76.95,-7.45,36.35,80.61
MNQ SEP25,1s,1,1180,2025-07-14 09:39:41,22932.5,22932.5,22930.5,22931.75,43,2,0.75,0,1.25,-1,,,,
MNQ SEP25,1s,1,1181,2025-07-14 09:39:42,22931,22932,22930.5,22931.75,33,1.5,0.75,0.25,0.5,1,,,,
MNQ SEP25,1s,1,1182,2025-07-14 09:39:43,22931,22932.25,22931,22931.75,16,1.25,0.75,0.5,0,1,,,,
MNQ SEP25,1s,1,1183,2025-07-14 09:39:44,22932.25,22933.75,22932.25,22933.75,43,1.5,1.5,0,0,1,,,,
MNQ SEP25,1s,1,1184,2025-07-14 09:39:45,22933.25,22933.25,22931,22931,19,2.25,2.25,0,0,-1,,,,
MNQ SEP25,1s,1,1185,2025-07-14 09:39:46,22931,22931.5,22930.5,22930.5,14,1,0.5,0.5,0,-1,,,,
MNQ SEP25,1s,1,1186,2025-07-14 09:39:47,22930.5,22933.5,22930.5,22933.25,24,3,2.75,0.25,0,1,,,,
MNQ SEP25,1s,1,1187,2025-07-14 09:39:48,22933.5,22934.5,22933,22933.25,13,1.5,0.25,1,0.25,-1,,,,
MNQ SEP25,1s,1,1188,2025-07-14 09:39:49,22934.25,22934.5,22933.25,22934.25,50,1.25,0,0.25,1,0,,,,
MNQ SEP25,1s,1,1189,2025-07-14 09:39:50,22933,22933,22930.75,22932,21,2.25,1,0,1.25,-1,,,,
MNQ SEP25,10s,10,5518,2025-07-14 09:39:50,22932.5,22934.5,22930.5,22932,276,4,0.5,2,1.5,-1,-4.6,3.75,9.4,15.58
MNQ SEP25,1s,1,1190,2025-07-14 09:39:51,22931.75,22932.25,22930.25,22932.25,18,2,0.5,0,1.5,1,,,,
MNQ SEP25,1s,1,1191,2025-07-14 09:39:52,22931.5,22932.5,22931,22931.25,31,1.5,0.25,1,0.25,-1,,,,
MNQ SEP25,1s,1,1192,2025-07-14 09:39:53,22931,22931,22930.5,22931,8,0.5,0,0,0.5,0,,,,
MNQ SEP25,1s,1,1193,2025-07-14 09:39:54,22930.25,22930.75,22929.75,22930.25,21,1,0,0.5,0.5,0,,,,
MNQ SEP25,1s,1,1194,2025-07-14 09:39:55,22930,22930.25,22928.5,22928.5,51,1.75,1.5,0.25,0,-1,,,,
MNQ SEP25,1s,1,1195,2025-07-14 09:39:56,22929.25,22932.75,22928.5,22932.5,73,4.25,3.25,0.25,0.75,1,,,,
MNQ SEP25,1s,1,1196,2025-07-14 09:39:57,22932,22933.75,22932,22933.5,17,1.75,1.5,0.25,0,1,,,,
MNQ SEP25,1s,1,1197,2025-07-14 09:39:58,22933.5,22934.25,22932.25,22934,39,2,0.5,0.25,1.25,1,,,,
MNQ SEP25,1s,1,1198,2025-07-14 09:39:59,22934,22934.5,22933,22933,44,1.5,1,0.5,0,-1,,,,
MNQ SEP25,1s,1,1199,2025-07-14 09:40:00,22932.5,22933.75,22932.25,22933.25,27,1.5,0.75,0.5,0.25,1,,,,
MNQ SEP25,10s,10,5519,2025-07-14 09:40:00,22931.75,22934.5,22928.5,22933.25,329,6,1.5,1.25,3.25,1,-90.6,-86,-24,1.58
MNQ SEP25,20s,20,5759,2025-07-14 09:40:00,22932.5,22934.5,22928.5,22933.25,605,6,0.75,1.25,4,1,-341.9,-264.95,-33.91666667,-1.03
MNQ SEP25,1s,1,1200,2025-07-14 09:40:01,22933,22933.75,22930.25,22933,66,3.5,0,0.75,2.75,0,,,,
MNQ SEP25,1s,1,1201,2025-07-14 09:40:02,22933.25,22933.5,22930.25,22931.5,47,3.25,1.75,0.25,1.25,-1,,,,
MNQ SEP25,1s,1,1202,2025-07-14 09:40:03,22931.75,22932,22929.75,22931.25,38,2.25,0.5,0.25,1.5,-1,,,,
MNQ SEP25,1s,1,1203,2025-07-14 09:40:04,22930.5,22931,22929.75,22930.25,22,1.25,0.25,0.5,0.5,-1,,,,
MNQ SEP25,1s,1,1204,2025-07-14 09:40:05,22930.5,22933.75,22930.5,22933,33,3.25,2.5,0.75,0,1,,,,
MNQ SEP25,1s,1,1205,2025-07-14 09:40:06,22933.75,22933.75,22931.5,22932.25,37,2.25,1.5,0,0.75,-1,,,,
MNQ SEP25,1s,1,1206,2025-07-14 09:40:07,22932.25,22932.25,22928.5,22928.5,44,3.75,3.75,0,0,-1,,,,
MNQ SEP25,1s,1,1207,2025-07-14 09:40:08,22928.5,22929.75,22926.75,22929,76,3,0.5,0.75,1.75,1,,,,
MNQ SEP25,1s,1,1208,2025-07-14 09:40:09,22929.5,22929.5,22928.25,22929.25,25,1.25,0.25,0,1,-1,,,,
MNQ SEP25,1s,1,1209,2025-07-14 09:40:10,22929.25,22930.75,22929,22929.25,45,1.75,0,1.5,0.25,0,,,,
MNQ SEP25,10s,10,5520,2025-07-14 09:40:10,22933,22933.75,22926.75,22929.25,433,7,3.75,0.75,2.5,-1,-228.9,-138.3,-73.51666667,-39.22
MNQ SEP25,1s,1,1210,2025-07-14 09:40:11,22929,22929,22927,22927,27,2,2,0,0,-1,,,,
MNQ SEP25,1s,1,1211,2025-07-14 09:40:12,22927.5,22928.75,22926,22928.75,52,2.75,1.25,0,1.5,1,,,,
MNQ SEP25,1s,1,1212,2025-07-14 09:40:13,22927.75,22932.25,22927.5,22931.25,82,4.75,3.5,1,0.25,1,,,,
MNQ SEP25,1s,1,1213,2025-07-14 09:40:14,22931.75,22934.25,22931.5,22932.75,56,2.75,1,1.5,0.25,1,,,,
MNQ SEP25,1s,1,1214,2025-07-14 09:40:15,22933.25,22936.75,22933.25,22936.5,122,3.5,3.25,0.25,0,1,,,,
MNQ SEP25,1s,1,1215,2025-07-14 09:40:16,22936,22937.75,22936,22936.25,92,1.75,0.25,1.5,0,1,,,,
MNQ SEP25,1s,1,1216,2025-07-14 09:40:17,22936.25,22936.75,22934.75,22934.75,67,2,1.5,0.5,0,-1,,,,
MNQ SEP25,1s,1,1217,2025-07-14 09:40:18,22934.5,22935.25,22933.75,22935,46,1.5,0.5,0.25,0.75,1,,,,
MNQ SEP25,1s,1,1218,2025-07-14 09:40:19,22934.75,22934.75,22932.25,22932.25,27,2.5,2.5,0,0,-1,,,,
MNQ SEP25,1s,1,1219,2025-07-14 09:40:20,22932.5,22933,22931.75,22932.75,14,1.25,0.25,0.25,0.75,1,,,,
MNQ SEP25,10s,10,5521,2025-07-14 09:40:20,22929,22937.75,22926,22932.75,585,11.75,3.75,5,3,1,-269.6,-40.7,-88.33333333,-50.2
MNQ SEP25,20s,20,5760,2025-07-14 09:40:20,22933,22937.75,22926,22932.75,1018,11.75,0.25,4.75,6.75,-1,-425.8,-83.9,-118.76666667,-47.96
MNQ SEP25,1s,1,1220,2025-07-14 09:40:21,22933.25,22933.25,22932,22932,9,1.25,1.25,0,0,-1,,,,
MNQ SEP25,1s,1,1221,2025-07-14 09:40:22,22932.75,22933.25,22929.25,22929.5,36,4,3.25,0.5,0.25,-1,,,,
MNQ SEP25,1s,1,1222,2025-07-14 09:40:23,22930,22930,22926.5,22927.25,103,3.5,2.75,0,0.75,-1,,,,
MNQ SEP25,1s,1,1223,2025-07-14 09:40:24,22927.5,22928.25,22925.5,22925.75,88,2.75,1.75,0.75,0.25,-1,,,,
MNQ SEP25,1s,1,1224,2025-07-14 09:40:25,22926,22928,22925.75,22927.5,84,2.25,1.5,0.5,0.25,1,,,,
MNQ SEP25,1s,1,1225,2025-07-14 09:40:26,22927,22928.75,22926.75,22927.75,53,2,0.75,1,0.25,1,,,,
MNQ SEP25,1s,1,1226,2025-07-14 09:40:27,22927.5,22931,22927.5,22930.75,48,3.5,3.25,0.25,0,1,,,,
MNQ SEP25,1s,1,1227,2025-07-14 09:40:28,22929.5,22930.25,22927.5,22927.5,36,2.75,2,0.75,0,-1,,,,
MNQ SEP25,1s,1,1228,2025-07-14 09:40:29,22927.25,22928,22926.75,22927.25,40,1.25,0,0.75,0.5,0,,,,
MNQ SEP25,1s,1,1229,2025-07-14 09:40:30,22927.25,22927.25,22923.75,22923.75,92,3.5,3.5,0,0,-1,,,,
MNQ SEP25,10s,10,5522,2025-07-14 09:40:30,22933.25,22933.25,22923.75,22923.75,589,9.5,9.5,0,0,-1,-220.35,49.25,-43.25,-42.4
MNQ SEP25,1s,1,1230,2025-07-14 09:40:31,22924,22924.5,22922.5,22924.25,85,2,0.25,0.25,1.5,1,,,,
MNQ SEP25,1s,1,1231,2025-07-14 09:40:32,22924.75,22926,22924.25,22925.5,54,1.75,0.75,0.5,0.5,1,,,,
MNQ SEP25,1s,1,1232,2025-07-14 09:40:33,22925.5,22925.5,22924.25,22925,28,1.25,0.5,0,0.75,-1,,,,
MNQ SEP25,1s,1,1233,2025-07-14 09:40:34,22925.25,22927,22925.25,22926.5,33,1.75,1.25,0.5,0,1,,,,
MNQ SEP25,1s,1,1234,2025-07-14 09:40:35,22927,22928.5,22926.75,22928.5,24,1.75,1.5,0,0.25,1,,,,
MNQ SEP25,1s,1,1235,2025-07-14 09:40:36,22928.75,22929,22927.5,22928,30,1.5,0.75,0.25,0.5,-1,,,,
MNQ SEP25,1s,1,1236,2025-07-14 09:40:37,22927.25,22928.5,22926.25,22927.25,34,2.25,0,1.25,1,0,,,,
MNQ SEP25,1s,1,1237,2025-07-14 09:40:38,22927.25,22929,22927,22927.5,17,2,0.25,1.5,0.25,1,,,,
MNQ SEP25,1s,1,1238,2025-07-14 09:40:39,22927,22929.5,22927,22928.75,18,2.5,1.75,0.75,0,1,,,,
MNQ SEP25,1s,1,1239,2025-07-14 09:40:40,22928.75,22929.75,22928,22928.5,28,1.75,0.25,1,0.5,-1,,,,
MNQ SEP25,10s,10,5523,2025-07-14 09:40:40,22924,22929.75,22922.5,22928.5,351,7.25,4.5,1.25,1.5,1,-200.65,19.7,9.41666667,-39.21
MNQ SEP25,20s,20,5761,2025-07-14 09:40:40,22933.25,22933.25,22922.5,22928.5,940,10.75,4.75,0,6,-1,-400.85,24.95,-107.96666667,-32.14
MNQ SEP25,1s,1,1240,2025-07-14 09:40:41,22928.25,22930,22927.75,22927.75,21,2.25,0.5,1.75,0,-1,,,,
MNQ SEP25,1s,1,1241,2025-07-14 09:40:42,22928,22928,22927,22927.25,18,1,0.75,0,0.25,-1,,,,
MNQ SEP25,1s,1,1242,2025-07-14 09:40:43,22927.5,22928.5,22927.25,22928.5,22,1.25,1,0,0.25,1,,,,
MNQ SEP25,1s,1,1243,2025-07-14 09:40:44,22928.25,22928.25,22926.5,22926.75,24,1.75,1.5,0,0.25,-1,,,,
MNQ SEP25,1s,1,1244,2025-07-14 09:40:45,22926.75,22928.75,22926.75,22927.75,19,2,1,1,0,1,,,,
MNQ SEP25,1s,1,1245,2025-07-14 09:40:46,22928.25,22929.25,22927.25,22927.25,21,2,1,1,0,-1,,,,
MNQ SEP25,1s,1,1246,2025-07-14 09:40:47,22927.25,22927.75,22924.5,22924.5,41,3.25,2.75,0.5,0,-1,,,,
MNQ SEP25,1s,1,1247,2025-07-14 09:40:48,22924.5,22927.25,22924.5,22927.25,33,2.75,2.75,0,0,1,,,,
MNQ SEP25,1s,1,1248,2025-07-14 09:40:49,22927.25,22927.5,22926.25,22926.75,32,1.25,0.5,0.25,0.5,-1,,,,
MNQ SEP25,1s,1,1249,2025-07-14 09:40:50,22927,22928.25,22927,22927.25,19,1.25,0.25,1,0,1,,,,
MNQ SEP25,10s,10,5524,2025-07-14 09:40:50,22928.25,22930,22924.5,22927.25,250,5.5,1,1.75,2.75,-1,-206.05,-5.4,21.18333333,-23.09
MNQ SEP25,1s,1,1250,2025-07-14 09:40:51,22927.25,22927.25,22924.75,22925.5,30,2.5,1.75,0,0.75,-1,,,,
MNQ SEP25,1s,1,1251,2025-07-14 09:40:52,22924.5,22925.25,22923.25,22924,28,2,0.5,0.75,0.75,-1,,,,
MNQ SEP25,1s,1,1252,2025-07-14 09:40:53,22923.25,22924,22921.5,22921.75,117,2.5,1.5,0.75,0.25,-1,,,,
MNQ SEP25,1s,1,1253,2025-07-14 09:40:54,22921,22921.25,22919,22919,207,2.25,2,0.25,0,-1,,,,
MNQ SEP25,1s,1,1254,2025-07-14 09:40:55,22918.5,22919.25,22917,22917.75,127,2.25,0.75,0.75,0.75,-1,,,,
MNQ SEP25,1s,1,1255,2025-07-14 09:40:56,22918,22918.75,22915,22918.25,329,3.75,0.25,0.5,3,1,,,,
MNQ SEP25,1s,1,1256,2025-07-14 09:40:57,22918,22919,22916.5,22917.5,188,2.5,0.5,1,1,-1,,,,
MNQ SEP25,1s,1,1257,2025-07-14 09:40:58,22917.5,22918,22916.25,22917.75,108,1.75,0.25,0.25,1.25,1,,,,
MNQ SEP25,1s,1,1258,2025-07-14 09:40:59,22917,22917.25,22914.5,22916.5,130,2.75,0.5,0.25,2,-1,,,,
MNQ SEP25,1s,1,1259,2025-07-14 09:41:00,22916.25,22917,22914.25,22917,126,2.75,0.75,0,2,1,,,,
MNQ SEP25,10s,10,5525,2025-07-14 09:41:00,22927.25,22927.25,22914.25,22917,1390,13,10.25,0,2.75,-1,-43.7,162.35,58.88333333,37.04
MNQ SEP25,20s,20,5762,2025-07-14 09:41:00,22928.25,22930,22914.25,22917,1640,15.75,11.25,1.75,2.75,-1,-494.35,-93.5,-50.81666667,-84.97
MNQ SEP25,1s,1,1260,2025-07-14 09:41:01,22916.25,22918,22914.75,22917.5,138,3.25,1.25,0.5,1.5,1,,,,
MNQ SEP25,1s,1,1261,2025-07-14 09:41:02,22917.75,22919.25,22916.75,22918.75,167,2.5,1,0.5,1,1,,,,
MNQ SEP25,1s,1,1262,2025-07-14 09:41:03,22919.25,22921.5,22918,22919.75,104,3.5,0.5,1.75,1.25,1,,,,
MNQ SEP25,1s,1,1263,2025-07-14 09:41:04,22920,22920.25,22916.75,22918.5,158,3.5,1.5,0.25,1.75,-1,,,,
MNQ SEP25,1s,1,1264,2025-07-14 09:41:05,22918.25,22920.5,22917.25,22917.5,97,3.25,0.75,2.25,0.25,-1,,,,
MNQ SEP25,1s,1,1265,2025-07-14 09:41:06,22917.25,22917.25,22914,22914.5,99,3.25,2.75,0,0.5,-1,,,,
MNQ SEP25,1s,1,1266,2025-07-14 09:41:07,22915,22916.5,22914,22916.5,101,2.5,1.5,0,1,1,,,,
MNQ SEP25,1s,1,1267,2025-07-14 09:41:08,22916,22916.75,22913.75,22914.5,115,3,1.5,0.75,0.75,-1,,,,
MNQ SEP25,1s,1,1268,2025-07-14 09:41:09,22914.5,22914.75,22913.25,22914.25,120,1.5,0.25,0.25,1,-1,,,,
MNQ SEP25,1s,1,1269,2025-07-14 09:41:10,22913.5,22916.25,22913,22914.5,102,3.25,1,1.75,0.5,1,,,,
MNQ SEP25,10s,10,5526,2025-07-14 09:41:10,22916.25,22921.5,22913,22914.5,1201,8.5,1.75,5.25,1.5,-1,59.15,102.85,86.6,65.75
MNQ SEP25,1s,1,1270,2025-07-14 09:41:11,22914,22915.5,22912.5,22914.5,96,3,0.5,1,1.5,1,,,,
MNQ SEP25,1s,1,1271,2025-07-14 09:41:12,22914.5,22916.5,22914.25,22915,85,2.25,0.5,1.5,0.25,1,,,,
MNQ SEP25,1s,1,1272,2025-07-14 09:41:13,22915.25,22917.75,22914.25,22914.25,68,3.5,1,2.5,0,-1,,,,
MNQ SEP25,1s,1,1273,2025-07-14 09:41:14,22914,22917,22914,22916.25,49,3,2.25,0.75,0,1,,,,
MNQ SEP25,1s,1,1274,2025-07-14 09:41:15,22915.5,22915.75,22912.5,22912.75,91,3.25,2.75,0.25,0.25,-1,,,,
MNQ SEP25,1s,1,1275,2025-07-14 09:41:16,22912.25,22912.5,22911,22911.75,162,1.5,0.5,0.25,0.75,-1,,,,
MNQ SEP25,1s,1,1276,2025-07-14 09:41:17,22911.75,22912,22909.75,22910.5,196,2.25,1.25,0.25,0.75,-1,,,,
MNQ SEP25,1s,1,1277,2025-07-14 09:41:18,22910.25,22912,22910.25,22911.25,82,1.75,1,0.75,0,1,,,,
MNQ SEP25,1s,1,1278,2025-07-14 09:41:19,22911.5,22911.75,22909.75,22909.75,69,2,1.75,0.25,0,-1,,,,
MNQ SEP25,1s,1,1279,2025-07-14 09:41:20,22909.5,22909.75,22907.25,22908.25,276,2.5,1.25,0.25,1,-1,,,,
MNQ SEP25,10s,10,5527,2025-07-14 09:41:20,22914,22917.75,22907.25,22908.25,1174,10.5,5.75,3.75,1,-1,142.45,83.3,116.16666667,72.56
MNQ SEP25,20s,20,5763,2025-07-14 09:41:20,22916.25,22921.5,22907.25,22908.25,2375,14.25,8,5.25,1,-1,-256.1,238.25,56.56666667,-35.83
MNQ SEP25,1s,1,1280,2025-07-14 09:41:21,22908.25,22911.5,22908,22909.5,153,3.5,1.25,2,0.25,1,,,,
MNQ SEP25,1s,1,1281,2025-07-14 09:41:22,22909.75,22913,22909,22912.25,161,4,2.5,0.75,0.75,1,,,,
MNQ SEP25,1s,1,1282,2025-07-14 09:41:23,22912.25,22914,22911.75,22911.75,189,2.25,0.5,1.75,0,-1,,,,
MNQ SEP25,1s,1,1283,2025-07-14 09:41:24,22911.5,22914.25,22911.5,22913.25,77,2.75,1.75,1,0,1,,,,
MNQ SEP25,1s,1,1284,2025-07-14 09:41:25,22913,22914.75,22912,22914.25,91,2.75,1.25,0.5,1,1,,,,
MNQ SEP25,1s,1,1285,2025-07-14 09:41:26,22914.25,22918,22914,22917.5,112,4,3.25,0.5,0.25,1,,,,
MNQ SEP25,1s,1,1286,2025-07-14 09:41:27,22916.75,22918.5,22916,22917.25,103,2.5,0.5,1.25,0.75,1,,,,
MNQ SEP25,1s,1,1287,2025-07-14 09:41:28,22917.25,22917.75,22916,22916.5,70,1.75,0.75,0.5,0.5,-1,,,,
MNQ SEP25,1s,1,1288,2025-07-14 09:41:29,22916,22916.75,22914,22914.5,76,2.75,1.5,0.75,0.5,-1,,,,
MNQ SEP25,1s,1,1289,2025-07-14 09:41:30,22915,22915.75,22913.75,22914,66,2,1,0.75,0.25,-1,,,,
MNQ SEP25,10s,10,5528,2025-07-14 09:41:30,22908.25,22918.5,22908,22914,1098,10.5,5.75,4.5,0.25,1,291.2,148.75,111.63333333,98.37
MNQ SEP25,1s,1,1290,2025-07-14 09:41:31,22914.25,22914.5,22912,22913.25,59,2.5,1,0.25,1.25,-1,,,,
MNQ SEP25,1s,1,1291,2025-07-14 09:41:32,22913.5,22914.25,22912.75,22913,29,1.5,0.5,0.75,0.25,-1,,,,
MNQ SEP25,1s,1,1292,2025-07-14 09:41:33,22913,22914,22912,22912.75,65,2,0.25,1,0.75,-1,,,,
MNQ SEP25,1s,1,1293,2025-07-14 09:41:34,22912.75,22913,22911.25,22911.5,76,1.75,1.25,0.25,0.25,-1,,,,
MNQ SEP25,1s,1,1294,2025-07-14 09:41:35,22911.25,22912.25,22911,22912,30,1.25,0.75,0.25,0.25,1,,,,
MNQ SEP25,1s,1,1295,2025-07-14 09:41:36,22911.75,22913.25,22911.25,22912.25,36,2,0.5,1,0.5,1,,,,
MNQ SEP25,1s,1,1296,2025-07-14 09:41:37,22912.5,22917,22912.5,22916.5,73,4.5,4,0.5,0,1,,,,
MNQ SEP25,1s,1,1297,2025-07-14 09:41:38,22916,22916.5,22912.75,22913.5,52,3.75,2.5,0.5,0.75,-1,,,,
MNQ SEP25,1s,1,1298,2025-07-14 09:41:39,22913.5,22914.75,22913.25,22913.5,20,1.5,0,1.25,0.25,0,,,,
MNQ SEP25,1s,1,1299,2025-07-14 09:41:40,22914,22915.5,22912.75,22915.5,48,2.75,1.5,0,1.25,1,,,,
MNQ SEP25,10s,10,5529,2025-07-14 09:41:40,22914.25,22917,22911,22915.5,488,6,1.25,1.5,3.25,1,363.95,72.75,101.6,114
MNQ SEP25,20s,20,5764,2025-07-14 09:41:40,22908.25,22918.5,22908,22915.5,1586,10.5,7.25,3,0.25,1,-44.9,211.2,118.65,59.4
MNQ SEP25,1s,1,1300,2025-07-14 09:41:41,22915.5,22915.5,22913.25,22914.75,23,2.25,0.75,0,1.5,-1,,,,
MNQ SEP25,1s,1,1301,2025-07-14 09:41:42,22914.75,22914.75,22912.75,22914,44,2,0.75,0,1.25,-1,,,,
MNQ SEP25,1s,1,1302,2025-07-14 09:41:43,22913.25,22915.75,22913,22915,35,2.75,1.75,0.75,0.25,1,,,,
MNQ SEP25,1s,1,1303,2025-07-14 09:41:44,22914.75,22915,22913.5,22914.25,44,1.5,0.5,0.25,0.75,-1,,,,
MNQ SEP25,1s,1,1304,2025-07-14 09:41:45,22914.5,22920.75,22914.5,22919.25,190,6.25,4.75,1.5,0,1,,,,
MNQ SEP25,1s,1,1305,2025-07-14 09:41:46,22918.75,22919.25,22916.25,22916.5,104,3,2.25,0.5,0.25,-1,,,,
MNQ SEP25,1s,1,1306,2025-07-14 09:41:47,22916.5,22917.75,22916,22916.75,50,1.75,0.25,1,0.5,1,,,,
MNQ SEP25,1s,1,1307,2025-07-14 09:41:48,22918.25,22918.25,22916.25,22917,47,2,1.25,0,0.75,-1,,,,
MNQ SEP25,1s,1,1308,2025-07-14 09:41:49,22917.25,22917.25,22916.5,22917,18,0.75,0.25,0,0.5,-1,,,,
MNQ SEP25,1s,1,1309,2025-07-14 09:41:50,22916.5,22918.25,22916.5,22917.5,45,1.75,1,0.75,0,1,,,,
MNQ SEP25,10s,10,5530,2025-07-14 09:41:50,22915.5,22920.75,22912.75,22917.5,600,8,2,3.25,2.75,1,215.8,-148.15,24.45,51.9
MNQ SEP25,1s,1,1310,2025-07-14 09:41:51,22918.25,22918.25,22915.75,22916.25,28,2.5,2,0,0.5,-1,,,,
MNQ SEP25,1s,1,1311,2025-07-14 09:41:52,22915.75,22916.5,22914.75,22914.75,45,1.75,1,0.75,0,-1,,,,
MNQ SEP25,1s,1,1312,2025-07-14 09:41:53,22914.5,22915.5,22914,22914.5,28,1.5,0,1,0.5,0,,,,
MNQ SEP25,1s,1,1313,2025-07-14 09:41:54,22914.5,22915.75,22914,22915.75,30,1.75,1.25,0,0.5,1,,,,
MNQ SEP25,1s,1,1314,2025-07-14 09:41:55,22915.5,22917,22915.5,22916.75,26,1.5,1.25,0.25,0,1,,,,
MNQ SEP25,1s,1,1315,2025-07-14 09:41:56,22916,22916.5,22915,22916.25,18,1.5,0.25,0.25,1,1,,,,
MNQ SEP25,1s,1,1316,2025-07-14 09:41:57,22915.75,22917.5,22915.25,22915.25,29,2.25,0.5,1.75,0,-1,,,,
MNQ SEP25,1s,1,1317,2025-07-14 09:41:58,22915.5,22917.5,22915.5,22917.25,14,2,1.75,0.25,0,1,,,,
MNQ SEP25,1s,1,1318,2025-07-14 09:41:59,22917.25,22917.75,22916.25,22916.25,26,1.5,1,0.5,0,-1,,,,
MNQ SEP25,1s,1,1319,2025-07-14 09:42:00,22915.75,22916.25,22914,22914,53,2.25,1.75,0.5,0,-1,,,,
MNQ SEP25,10s,10,5531,2025-07-14 09:42:00,22918.25,22918.25,22914,22914,297,4.25,4.25,0,0,-1,63.75,-152.05,-75.81666667,0.92
MNQ SEP25,20s,20,5765,2025-07-14 09:42:00,22915.5,22920.75,22912.75,22914,897,8,1.5,5.25,1.25,-1,-41.5,3.4,150.95,76.86
MNQ SEP25,1s,1,1320,2025-07-14 09:42:01,22913.5,22916.75,22913.25,22915,43,3.5,1.5,1.75,0.25,1,,,,
MNQ SEP25,1s,1,1321,2025-07-14 09:42:02,22915,22916,22914.25,22914.75,44,1.75,0.25,1,0.5,-1,,,,
MNQ SEP25,1s,1,1322,2025-07-14 09:42:03,22915,22915.75,22913,22914,45,2.75,1,0.75,1,-1,,,,
MNQ SEP25,1s,1,1323,2025-07-14 09:42:04,22913.5,22913.5,22910.75,22912,71,2.75,1.5,0,1.25,-1,,,,
MNQ SEP25,1s,1,1324,2025-07-14 09:42:05,22911.5,22911.5,22908.25,22909,158,3.25,2.5,0,0.75,-1,,,,
MNQ SEP25,1s,1,1325,2025-07-14 09:42:06,22909.25,22909.75,22908.25,22909,83,1.5,0.25,0.5,0.75,-1,,,,
MNQ SEP25,1s,1,1326,2025-07-14 09:42:07,22908.75,22909.5,22907.75,22908.25,76,1.75,0.5,0.75,0.5,-1,,,,
MNQ SEP25,1s,1,1327,2025-07-14 09:42:08,22908,22909.25,22906.75,22906.75,145,2.5,1.25,1.25,0,-1,,,,
MNQ SEP25,1s,1,1328,2025-07-14 09:42:09,22906.5,22908,22905.5,22907,178,2.5,0.5,1,1,1,,,,
MNQ SEP25,1s,1,1329,2025-07-14 09:42:10,22905.75,22907,22905,22906,170,2,0.25,1,0.75,1,,,,
MNQ SEP25,10s,10,5532,2025-07-14 09:42:10,22913.5,22916.75,22905,22906,1013,11.75,7.5,3.25,1,-1,5.65,-58.1,-119.43333333,-27.36
MNQ SEP25,1s,1,1330,2025-07-14 09:42:11,22906,22906.25,22904.25,22905.25,120,2,0.75,0.25,1,-1,,,,
MNQ SEP25,1s,1,1331,2025-07-14 09:42:12,22904.5,22904.75,22902.25,22902.5,182,2.5,2,0.25,0.25,-1,,,,
MNQ SEP25,1s,1,1332,2025-07-14 09:42:13,22902.75,22905.25,22902.5,22904.25,114,2.75,1.5,1,0.25,1,,,,
MNQ SEP25,1s,1,1333,2025-07-14 09:42:14,22904.25,22904.75,22902.5,22904.5,93,2.25,0.25,0.25,1.75,1,,,,
MNQ SEP25,1s,1,1334,2025-07-14 09:42:15,22904.75,22905,22903.5,22903.5,70,1.5,1.25,0.25,0,-1,,,,
MNQ SEP25,1s,1,1335,2025-07-14 09:42:16,22904.25,22905.75,22904,22905,63,1.75,0.75,0.75,0.25,1,,,,
MNQ SEP25,1s,1,1336,2025-07-14 09:42:17,22904.5,22905.75,22904.25,22905,92,1.5,0.5,0.75,0.25,1,,,,
MNQ SEP25,1s,1,1337,2025-07-14 09:42:18,22904.25,22904.75,22902.75,22903.25,64,2,1,0.5,0.5,-1,,,,
MNQ SEP25,1s,1,1338,2025-07-14 09:42:19,22902.75,22903.25,22901.75,22902.25,133,1.5,0.5,0.5,0.5,-1,,,,
MNQ SEP25,1s,1,1339,2025-07-14 09:42:20,22902.75,22905.25,22902.75,22904.75,109,2.5,2,0.5,0,1,,,,
MNQ SEP25,10s,10,5533,2025-07-14 09:42:20,22906,22906.25,22901.75,22904.75,1040,4.5,1.25,0.25,3,-1,-41.1,-46.75,-85.63333333,-66.46
MNQ SEP25,20s,20,5766,2025-07-14 09:42:20,22913.5,22916.75,22901.75,22904.75,2053,15,8.75,3.25,3,-1,200.6,242.1,152.23333333,120.29
MNQ SEP25,1s,1,1340,2025-07-14 09:42:21,22905,22906.75,22903.75,22905.75,94,3,0.75,1,1.25,1,,,,
MNQ SEP25,1s,1,1341,2025-07-14 09:42:22,22905.5,22905.75,22904.25,22905,47,1.5,0.5,0.25,0.75,-1,,,,
MNQ SEP25,1s,1,1342,2025-07-14 09:42:23,22904.5,22904.5,22902,22902.5,171,2.5,2,0,0.5,-1,,,,
MNQ SEP25,1s,1,1343,2025-07-14 09:42:24,22902,22902,22900.5,22901.25,170,1.5,0.75,0,0.75,-1,,,,
MNQ SEP25,1s,1,1344,2025-07-14 09:42:25,22901.75,22902.75,22901,22902,101,1.75,0.25,0.75,0.75,1,,,,
MNQ SEP25,1s,1,1345,2025-07-14 09:42:26,22902.25,22902.75,22900.75,22902.25,60,2,0,0.5,1.5,0,,,,
MNQ SEP25,1s,1,1346,2025-07-14 09:42:27,22902.25,22903.5,22902.25,22902.5,48,1.25,0.25,1,0,1,,,,
MNQ SEP25,1s,1,1347,2025-07-14 09:42:28,22902.75,22903.75,22902,22902.75,82,1.75,0,1,0.75,0,,,,
MNQ SEP25,1s,1,1348,2025-07-14 09:42:29,22902.25,22905.5,22902.25,22903.5,86,3.25,1.25,2,0,1,,,,
MNQ SEP25,1s,1,1349,2025-07-14 09:42:30,22904,22905,22902.75,22904.75,59,2.25,0.75,0.25,1.25,1,,,,
MNQ SEP25,10s,10,5534,2025-07-14 09:42:30,22905,22906.75,22900.5,22904.75,918,6.25,0.25,1.75,4.25,-1,51.4,92.5,-4.11666667,-62.51
MNQ SEP25,1s,1,1350,2025-07-14 09:42:31,22903.75,22905,22903.5,22904.75,36,1.5,1,0.25,0.25,1,,,,
MNQ SEP25,1s,1,1351,2025-07-14 09:42:32,22904.75,22906.5,22904.25,22905,78,2.25,0.25,1.5,0.5,1,,,,
MNQ SEP25,1s,1,1352,2025-07-14 09:42:33,22904.5,22905.5,22902.25,22902.5,101,3.25,2,1,0.25,-1,,,,
MNQ SEP25,1s,1,1353,2025-07-14 09:42:34,22902.5,22902.5,22901,22901.5,66,1.5,1,0,0.5,-1,,,,
MNQ SEP25,1s,1,1354,2025-07-14 09:42:35,22901,22901.25,22899,22899,272,2.25,2,0.25,0,-1,,,,
MNQ SEP25,1s,1,1355,2025-07-14 09:42:36,22899,22901,22898.5,22900.25,163,2.5,1.25,0.75,0.5,1,,,,
MNQ SEP25,1s,1,1356,2025-07-14 09:42:37,22900,22902,22898.25,22901.5,181,3.75,1.5,0.5,1.75,1,,,,
MNQ SEP25,1s,1,1357,2025-07-14 09:42:38,22901,22901.25,22898,22898.5,160,3.25,2.5,0.25,0.5,-1,,,,
MNQ SEP25,1s,1,1358,2025-07-14 09:42:39,22898.25,22898.75,22897.25,22898,111,1.5,0.25,0.5,0.75,-1,,,,
MNQ SEP25,1s,1,1359,2025-07-14 09:42:40,22898,22898.75,22896.5,22896.5,181,2.25,1.5,0.75,0,-1,,,,
MNQ SEP25,10s,10,5535,2025-07-14 09:42:40,22903.75,22906.5,22896.5,22896.5,1349,10,7.25,2.75,0,-1,192.5,141.1,62.28333333,-4.66
MNQ SEP25,20s,20,5767,2025-07-14 09:42:40,22905,22906.75,22896.5,22896.5,2267,10.25,8.5,1.75,0,-1,286.5,85.9,110.46666667,156.17
MNQ SEP25,1s,1,1360,2025-07-14 09:42:41,22897,22897.5,22891,22891.25,548,6.5,5.75,0.5,0.25,-1,,,,
MNQ SEP25,1s,1,1361,2025-07-14 09:42:42,22891,22891.5,22889,22890,475,2.5,1,0.5,1,-1,,,,
MNQ SEP25,1s,1,1362,2025-07-14 09:42:43,22889.75,22892,22889.25,22891.75,210,2.75,2,0.25,0.5,1,,,,
MNQ SEP25,1s,1,1363,2025-07-14 09:42:44,22891.75,22892.5,22890.75,22891.25,181,1.75,0.5,0.75,0.5,-1,,,,
MNQ SEP25,1s,1,1364,2025-07-14 09:42:45,22891.25,22891.5,22888.25,22889,242,3.25,2.25,0.25,0.75,-1,,,,
MNQ SEP25,1s,1,1365,2025-07-14 09:42:46,22888.5,22890.25,22887.75,22889.25,252,2.5,0.75,1,0.75,1,,,,
MNQ SEP25,1s,1,1366,2025-07-14 09:42:47,22889,22889.75,22888,22888.5,149,1.75,0.5,0.75,0.5,-1,,,,
MNQ SEP25,1s,1,1367,2025-07-14 09:42:48,22888.25,22888.75,22886.25,22886.5,241,2.5,1.75,0.5,0.25,-1,,,,
MNQ SEP25,1s,1,1368,2025-07-14 09:42:49,22886.5,22888,22886,22887.5,150,2,1,0.5,0.5,1,,,,
MNQ SEP25,1s,1,1369,2025-07-14 09:42:50,22887.25,22887.5,22886,22886.75,101,1.5,0.5,0.25,0.75,-1,,,,
MNQ SEP25,10s,10,5536,2025-07-14 09:42:50,22897,22897.5,22886,22886.75,2549,11.5,10.25,0.5,0.75,-1,556.15,363.65,199.08333333,98.48
MNQ SEP25,1s,1,1370,2025-07-14 09:42:51,22886.75,22887.25,22885.5,22886,149,1.75,0.75,0.5,0.5,-1,,,,
MNQ SEP25,1s,1,1371,2025-07-14 09:42:52,22886.25,22886.5,22882.75,22884.75,308,3.75,1.5,0.25,2,-1,,,,
MNQ SEP25,1s,1,1372,2025-07-14 09:42:53,22884,22885.25,22882.5,22882.5,117,2.75,1.5,1.25,0,-1,,,,
MNQ SEP25,1s,1,1373,2025-07-14 09:42:54,22882.5,22883.25,22881.75,22882.5,171,1.5,0,0.75,0.75,0,,,,
MNQ SEP25,1s,1,1374,2025-07-14 09:42:55,22882.75,22883.5,22881.25,22882.5,130,2.25,0.25,0.75,1.25,-1,,,,
MNQ SEP25,1s,1,1375,2025-07-14 09:42:56,22882,22882.75,22881.25,22882.25,110,1.5,0.25,0.5,0.75,1,,,,
MNQ SEP25,1s,1,1376,2025-07-14 09:42:57,22882.75,22883.25,22880.25,22880.75,116,3,2,0.5,0.5,-1,,,,
MNQ SEP25,1s,1,1377,2025-07-14 09:42:58,22880.5,22880.5,22876,22879,561,4.5,1.5,0,3,-1,,,,
MNQ SEP25,1s,1,1378,2025-07-14 09:42:59,22879,22879,22877,22878,206,2,1,0,1,-1,,,,
MNQ SEP25,1s,1,1379,2025-07-14 09:43:00,22877.5,22879.25,22876,22878.75,216,3.25,1.25,0.5,1.5,1,,,,
MNQ SEP25,10s,10,5537,2025-07-14 09:43:00,22886.75,22887.25,22876,22878.75,2084,11.25,8,0.5,2.75,-1,687.3,131.15,211.96666667,136.33
MNQ SEP25,20s,20,5768,2025-07-14 09:43:00,22897,22897.5,22876,22878.75,4633,21.5,18.25,0.5,2.75,-1,618.75,332.25,220.08333333,174.97
MNQ SEP25,1s,1,1380,2025-07-14 09:43:01,22878.25,22878.25,22874,22875,530,4.25,3.25,0,1,-1,,,,
MNQ SEP25,1s,1,1381,2025-07-14 09:43:02,22874.5,22875,22865.25,22866,751,9.75,8.5,0.5,0.75,-1,,,,
MNQ SEP25,1s,1,1382,2025-07-14 09:43:03,22866.75,22868,22865.25,22868,299,2.75,1.25,0,1.5,1,,,,
MNQ SEP25,1s,1,1383,2025-07-14 09:43:04,22867.5,22870,22866.5,22868.5,285,3.5,1,1.5,1,1,,,,
MNQ SEP25,1s,1,1384,2025-07-14 09:43:05,22868.5,22871,22868.25,22870.5,227,2.75,2,0.5,0.25,1,,,,
MNQ SEP25,1s,1,1385,2025-07-14 09:43:06,22870.5,22871.75,22868.5,22869.75,246,3.25,0.75,1.25,1.25,-1,,,,
MNQ SEP25,1s,1,1386,2025-07-14 09:43:07,22870,22872.5,22868.5,22869.75,256,4,0.25,2.5,1.25,-1,,,,
MNQ SEP25,1s,1,1387,2025-07-14 09:43:08,22869.5,22869.75,22866.25,22867.5,217,3.5,2,0.25,1.25,-1,,,,
MNQ SEP25,1s,1,1388,2025-07-14 09:43:09,22868,22868.5,22866,22867.25,161,2.5,0.75,0.5,1.25,-1,,,,
MNQ SEP25,1s,1,1389,2025-07-14 09:43:10,22867.75,22867.75,22865,22866.5,154,2.75,1.25,0,1.5,-1,,,,
MNQ SEP25,10s,10,5538,2025-07-14 09:43:10,22878.25,22878.25,22865,22866.5,3126,13.25,11.75,0,1.5,-1,962,274.7,256.5,200.62
MNQ SEP25,1s,1,1390,2025-07-14 09:43:11,22866.75,22867.25,22864.5,22865.5,146,2.75,1.25,0.5,1,-1,,,,
MNQ SEP25,1s,1,1391,2025-07-14 09:43:12,22866,22867.75,22864.75,22866.75,141,3,0.75,1,1.25,1,,,,
MNQ SEP25,1s,1,1392,2025-07-14 09:43:13,22865.75,22869,22865.75,22868.25,128,3.25,2.5,0.75,0,1,,,,
MNQ SEP25,1s,1,1393,2025-07-14 09:43:14,22868.25,22869.75,22867.25,22869.5,106,2.5,1.25,0.25,1,1,,,,
MNQ SEP25,1s,1,1394,2025-07-14 09:43:15,22869.25,22870.5,22868.25,22869.75,125,2.25,0.5,0.75,1,1,,,,
MNQ SEP25,1s,1,1395,2025-07-14 09:43:16,22868.75,22869.25,22863.25,22863.75,242,6,5,0.5,0.5,-1,,,,
MNQ SEP25,1s,1,1396,2025-07-14 09:43:17,22863.5,22866.5,22863.25,22866.25,139,3.25,2.75,0.25,0.25,1,,,,
MNQ SEP25,1s,1,1397,2025-07-14 09:43:18,22866.75,22869.25,22866.5,22867,113,2.75,0.25,2.25,0.25,1,,,,
MNQ SEP25,1s,1,1398,2025-07-14 09:43:19,22866.5,22867.75,22864.75,22867.5,90,3,1,0.25,1.75,1,,,,
MNQ SEP25,1s,1,1399,2025-07-14 09:43:20,22867.75,22868.25,22864.5,22864.5,89,3.75,3.25,0.5,0,-1,,,,
MNQ SEP25,10s,10,5539,2025-07-14 09:43:20,22866.75,22870.5,22863.25,22864.5,1319,7.25,2.25,3.75,1.25,-1,992.7,30.7,145.51666667,188.26
MNQ SEP25,20s,20,5769,2025-07-14 09:43:20,22878.25,22878.25,22863.25,22864.5,4445,15,13.75,0,1.25,-1,1072.3,453.55,290.56666667,223.44
MNQ SEP25,1s,1,1400,2025-07-14 09:43:21,22864.5,22865.25,22863.25,22865,68,2,0.5,0.25,1.25,1,,,,
MNQ SEP25,1s,1,1401,2025-07-14 09:43:22,22865,22865.5,22862.5,22863,166,3,2,0.5,0.5,-1,,,,
MNQ SEP25,1s,1,1402,2025-07-14 09:43:23,22863,22863.75,22861.5,22861.5,195,2.25,1.5,0.75,0,-1,,,,
MNQ SEP25,1s,1,1403,2025-07-14 09:43:24,22861.25,22861.75,22858.5,22861.75,370,3.25,0.5,0,2.75,1,,,,
MNQ SEP25,1s,1,1404,2025-07-14 09:43:25,22861.25,22862.5,22860,22860,101,2.5,1.25,1.25,0,-1,,,,
MNQ SEP25,1s,1,1405,2025-07-14 09:43:26,22860,22861,22858,22859.5,162,3,0.5,1,1.5,-1,,,,
MNQ SEP25,1s,1,1406,2025-07-14 09:43:27,22859.5,22862,22858.75,22862,144,3.25,2.5,0,0.75,1,,,,
MNQ SEP25,1s,1,1407,2025-07-14 09:43:28,22861.5,22863.75,22860.5,22863.5,129,3.25,2,0.25,1,1,,,,
MNQ SEP25,1s,1,1408,2025-07-14 09:43:29,22863,22863.75,22860.25,22861,131,3.5,2,0.75,0.75,-1,,,,
MNQ SEP25,1s,1,1409,2025-07-14 09:43:30,22861.5,22864,22861.5,22862.5,124,2.5,1,1.5,0,1,,,,
MNQ SEP25,10s,10,5540,2025-07-14 09:43:30,22864.5,22865.5,22858,22862.5,1590,7.5,2,1,4.5,-1,983.05,-9.65,98.58333333,158.11
MNQ SEP25,1s,1,1410,2025-07-14 09:43:31,22862.25,22862.75,22861.25,22862,139,1.5,0.25,0.5,0.75,-1,,,,
MNQ SEP25,1s,1,1411,2025-07-14 09:43:32,22862.75,22866.5,22862.25,22864.5,231,4.25,1.75,2,0.5,1,,,,
MNQ SEP25,1s,1,1412,2025-07-14 09:43:33,22865,22865,22863.25,22864,160,1.75,1,0,0.75,-1,,,,
MNQ SEP25,1s,1,1413,2025-07-14 09:43:34,22863.25,22866.75,22862.75,22864.75,141,4,1.5,2,0.5,1,,,,
MNQ SEP25,1s,1,1414,2025-07-14 09:43:35,22864.5,22866,22862.25,22862.25,131,3.75,2.25,1.5,0,-1,,,,
MNQ SEP25,1s,1,1415,2025-07-14 09:43:36,22862.5,22866,22861,22864.75,152,5,2.25,1.25,1.5,1,,,,
MNQ SEP25,1s,1,1416,2025-07-14 09:43:37,22864.75,22864.75,22858.75,22859.5,147,6,5.25,0,0.75,-1,,,,
MNQ SEP25,1s,1,1417,2025-07-14 09:43:38,22859.5,22859.75,22858,22858.75,138,1.75,0.75,0.25,0.75,-1,,,,
MNQ SEP25,1s,1,1418,2025-07-14 09:43:39,22858.75,22859.75,22857.25,22859.75,206,2.5,1,0,1.5,1,,,,
MNQ SEP25,1s,1,1419,2025-07-14 09:43:40,22859.75,22862,22858.75,22859,74,3.25,0.75,2.25,0.25,-1,,,,
MNQ SEP25,10s,10,5541,2025-07-14 09:43:40,22862.25,22866.75,22857.25,22859,1519,9.5,3.25,4.5,1.75,-1,730.35,-252.7,-77.21666667,34.84
MNQ SEP25,20s,20,5770,2025-07-14 09:43:40,22864.5,22866.75,22857.25,22859,3109,9.5,5.5,2.25,1.75,-1,1425.35,353.05,379.61666667,293.37
MNQ SEP25,1s,1,1420,2025-07-14 09:43:41,22859.25,22859.25,22856.5,22858,117,2.75,1.25,0,1.5,-1,,,,
MNQ SEP25,1s,1,1421,2025-07-14 09:43:42,22858.5,22858.75,22856.5,22856.75,103,2.25,1.75,0.25,0.25,-1,,,,
MNQ SEP25,1s,1,1422,2025-07-14 09:43:43,22857,22858.75,22855.75,22855.75,145,3,1.25,1.75,0,-1,,,,
MNQ SEP25,1s,1,1423,2025-07-14 09:43:44,22855.75,22856.25,22854,22856,226,2.25,0.25,0.25,1.75,1,,,,
MNQ SEP25,1s,1,1424,2025-07-14 09:43:45,22856,22858.5,22854.75,22857.75,104,3.75,1.75,0.75,1.25,1,,,,
MNQ SEP25,1s,1,1425,2025-07-14 09:43:46,22857.75,22861.25,22857.25,22861.25,170,4,3.5,0,0.5,1,,,,
MNQ SEP25,1s,1,1426,2025-07-14 09:43:47,22859.75,22861.75,22858.75,22861,129,3,1.25,0.75,1,1,,,,
MNQ SEP25,1s,1,1427,2025-07-14 09:43:48,22860.75,22861.5,22859,22859,84,2.5,1.75,0.75,0,-1,,,,
MNQ SEP25,1s,1,1428,2025-07-14 09:43:49,22858.5,22859.25,22857.5,22858.5,77,1.75,0,0.75,1,0,,,,
MNQ SEP25,1s,1,1429,2025-07-14 09:43:50,22858.75,22860.5,22858.75,22859.75,61,1.75,1,0.75,0,1,,,,
MNQ SEP25,10s,10,5542,2025-07-14 09:43:50,22859.25,22861.75,22854,22859.75,1216,7.75,0.5,2,5.25,1,525.4,-204.95,-155.76666667,-32.38
MNQ SEP25,1s,1,1430,2025-07-14 09:43:51,22859,22861.5,22857.75,22861.25,84,3.75,2.25,0.25,1.25,1,,,,
MNQ SEP25,1s,1,1431,2025-07-14 09:43:52,22860.5,22860.5,22857.75,22860,95,2.75,0.5,0,2.25,-1,,,,
MNQ SEP25,1s,1,1432,2025-07-14 09:43:53,22860,22863.25,22859.75,22862.75,107,3.5,2.75,0.5,0.25,1,,,,
MNQ SEP25,1s,1,1433,2025-07-14 09:43:54,22862,22864.75,22862,22864,167,2.75,2,0.75,0,1,,,,
MNQ SEP25,1s,1,1434,2025-07-14 09:43:55,22864.25,22864.75,22862.5,22863.25,129,2.25,1,0.5,0.75,-1,,,,
MNQ SEP25,1s,1,1435,2025-07-14 09:43:56,22863,22867,22861.5,22866.5,176,5.5,3.5,0.5,1.5,1,,,,
MNQ SEP25,1s,1,1436,2025-07-14 09:43:57,22866.75,22868,22866,22867.25,112,2,0.5,0.75,0.75,1,,,,
MNQ SEP25,1s,1,1437,2025-07-14 09:43:58,22867.25,22869.75,22867,22869,150,2.75,1.75,0.75,0.25,1,,,,
MNQ SEP25,1s,1,1438,2025-07-14 09:43:59,22869,22870,22868.25,22869.25,149,1.75,0.25,0.75,0.75,1,,,,
MNQ SEP25,1s,1,1439,2025-07-14 09:44:00,22869.25,22869.75,22868,22868.25,137,1.75,1,0.5,0.25,-1,,,,
MNQ SEP25,10s,10,5543,2025-07-14 09:44:00,22859,22870,22857.75,22868.25,1306,12.25,9.25,1.75,1.25,1,113.65,-411.75,-289.8,-169.67
MNQ SEP25,20s,20,5771,2025-07-14 09:44:00,22859.25,22870,22854,22868.25,2522,16,9,1.75,5.25,1,1460.8,35.45,280.68333333,252.04
MNQ SEP25,1s,1,1440,2025-07-14 09:44:01,22868,22868,22864.5,22866.25,259,3.5,1.75,0,1.75,-1,,,,
MNQ SEP25,1s,1,1441,2025-07-14 09:44:02,22866.25,22869.5,22865.25,22869.5,114,4.25,3.25,0,1,1,,,,
MNQ SEP25,1s,1,1442,2025-07-14 09:44:03,22869.75,22871.25,22869,22869.25,193,2.25,0.5,1.5,0.25,-1,,,,
MNQ SEP25,1s,1,1443,2025-07-14 09:44:04,22869.75,22870.25,22868.75,22870,106,1.5,0.25,0.25,1,1,,,,
MNQ SEP25,1s,1,1444,2025-07-14 09:44:05,22869,22871.5,22868.75,22871.5,91,2.75,2.5,0,0.25,1,,,,
MNQ SEP25,1s,1,1445,2025-07-14 09:44:06,22871.5,22873.5,22870.75,22872.25,197,2.75,0.75,1.25,0.75,1,,,,
MNQ SEP25,1s,1,1446,2025-07-14 09:44:07,22872.5,22872.75,22869.75,22870,141,3,2.5,0.25,0.25,-1,,,,
MNQ SEP25,1s,1,1447,2025-07-14 09:44:08,22870.5,22874.5,22870.25,22872.5,159,4.25,2,2,0.25,1,,,,
MNQ SEP25,1s,1,1448,2025-07-14 09:44:09,22872.5,22873.75,22871.5,22872,113,2.25,0.5,1.25,0.5,-1,,,,
MNQ SEP25,1s,1,1449,2025-07-14 09:44:10,22871.5,22872.5,22870,22872.5,108,2.5,1,0,1.5,1,,,,
MNQ SEP25,10s,10,5544,2025-07-14 09:44:10,22868,22874.5,22864.5,22872.5,1481,10,4.5,2,3.5,1,84.5,-29.15,-215.28333333,-181.64
MNQ SEP25,1s,1,1450,2025-07-14 09:44:11,22872,22872,22870,22870,60,2,2,0,0,-1,,,,
MNQ SEP25,1s,1,1451,2025-07-14 09:44:12,22870.5,22872,22870.25,22872,83,1.75,1.5,0,0.25,1,,,,
MNQ SEP25,1s,1,1452,2025-07-14 09:44:13,22871.5,22873,22871.5,22872.5,61,1.5,1,0.5,0,1,,,,
MNQ SEP25,1s,1,1453,2025-07-14 09:44:14,22873,22874,22872,22872.5,89,2,0.5,1,0.5,-1,,,,
MNQ SEP25,1s,1,1454,2025-07-14 09:44:15,22872.25,22873.25,22865.5,22867,203,7.75,5.25,1,1.5,-1,,,,
MNQ SEP25,1s,1,1455,2025-07-14 09:44:16,22866.75,22868.5,22865.75,22866.75,115,2.75,0,1.75,1,0,,,,
MNQ SEP25,1s,1,1456,2025-07-14 09:44:17,22867,22867,22864,22864.5,108,3,2.5,0,0.5,-1,,,,
MNQ SEP25,1s,1,1457,2025-07-14 09:44:18,22864.75,22865,22862.75,22864.75,115,2.25,0,0.25,2,0,,,,
MNQ SEP25,1s,1,1458,2025-07-14 09:44:19,22864.5,22866.25,22864.25,22865.25,48,2,0.75,1,0.25,1,,,,
MNQ SEP25,1s,1,1459,2025-07-14 09:44:20,22865.75,22867.25,22865.5,22866.75,68,1.75,1,0.5,0.25,1,,,,
MNQ SEP25,10s,10,5545,2025-07-14 09:44:20,22872,22874,22862.75,22866.75,950,11.25,5.25,2,4,-1,-21.5,-106,-182.3,-200.91
MNQ SEP25,20s,20,5772,2025-07-14 09:44:20,22868,22874.5,22862.75,22866.75,2431,11.75,1.25,6.5,4,-1,1435.4,-25.4,121.03333333,229.78
MNQ SEP25,1s,1,1460,2025-07-14 09:44:21,22867.5,22869.75,22867.5,22867.5,46,2.25,0,2.25,0,0,,,,
MNQ SEP25,1s,1,1461,2025-07-14 09:44:22,22867.75,22867.75,22865,22865.5,59,2.75,2.25,0,0.5,-1,,,,
MNQ SEP25,1s,1,1462,2025-07-14 09:44:23,22865.75,22867.75,22865.75,22866.75,33,2,1,1,0,1,,,,
MNQ SEP25,1s,1,1463,2025-07-14 09:44:24,22866.25,22867.75,22866,22867.5,38,1.75,1.25,0.25,0.25,1,,,,
MNQ SEP25,1s,1,1464,2025-07-14 09:44:25,22868,22868,22866,22866.75,39,2,1.25,0,0.75,-1,,,,
MNQ SEP25,1s,1,1465,2025-07-14 09:44:26,22867,22869,22866.75,22867.25,35,2.25,0.25,1.75,0.25,1,,,,
MNQ SEP25,1s,1,1466,2025-07-14 09:44:27,22866.25,22866.25,22863.5,22863.75,63,2.75,2.5,0,0.25,-1,,,,
MNQ SEP25,1s,1,1467,2025-07-14 09:44:28,22864,22864.25,22863,22863.75,51,1.25,0.25,0.25,0.75,-1,,,,
MNQ SEP25,1s,1,1468,2025-07-14 09:44:29,22864,22864.75,22863.5,22864.75,35,1.25,0.75,0,0.5,1,,,,
MNQ SEP25,1s,1,1469,2025-07-14 09:44:30,22864.75,22868,22864.25,22866.25,69,3.75,1.5,1.75,0.5,1,,,,
MNQ SEP25,10s,10,5546,2025-07-14 09:44:30,22867.5,22869.75,22863,22866.25,468,6.75,1.25,2.25,3.25,-1,-195.05,-173.55,-102.9,-185.08
MNQ SEP25,1s,1,1470,2025-07-14 09:44:31,22866.25,22867.25,22865,22865,60,2.25,1.25,1,0,-1,,,,
MNQ SEP25,1s,1,1471,2025-07-14 09:44:32,22865.25,22865.25,22862.75,22863,80,2.5,2.25,0,0.25,-1,,,,
MNQ SEP25,1s,1,1472,2025-07-14 09:44:33,22862.75,22865.25,22862,22863.75,54,3.25,1,1.5,0.75,1,,,,
MNQ SEP25,1s,1,1473,2025-07-14 09:44:34,22864.25,22866,22861.5,22861.5,124,4.5,2.75,1.75,0,-1,,,,
MNQ SEP25,1s,1,1474,2025-07-14 09:44:35,22862,22862,22861,22862,61,1,0,0,1,0,,,,
MNQ SEP25,1s,1,1475,2025-07-14 09:44:36,22863.25,22864.5,22861.75,22864.5,130,2.75,1.25,0,1.5,1,,,,
MNQ SEP25,1s,1,1476,2025-07-14 09:44:37,22864.25,22865.25,22862.75,22864.75,41,2.5,0.5,0.5,1.5,1,,,,
MNQ SEP25,1s,1,1477,2025-07-14 09:44:38,22865.25,22866.75,22864.5,22866.25,46,2.25,1,0.5,0.75,1,,,,
MNQ SEP25,1s,1,1478,2025-07-14 09:44:39,22866.25,22866.75,22863.5,22863.5,42,3.25,2.75,0.5,0,-1,,,,
MNQ SEP25,1s,1,1479,2025-07-14 09:44:40,22863.25,22864,22862,22863.25,41,2,0,0.75,1.25,0,,,,
MNQ SEP25,10s,10,5547,2025-07-14 09:44:40,22866.25,22867.25,22861,22863.25,679,6.25,3,1,2.25,-1,-277.7,-82.65,-120.73333333,-160.62
MNQ SEP25,20s,20,5773,2025-07-14 09:44:40,22867.5,22869.75,22861,22863.25,1147,8.75,4.25,2.25,2.25,-1,745.55,-689.85,-226.6,25.36
MNQ SEP25,1s,1,1480,2025-07-14 09:44:41,22863,22864.25,22862.75,22863.25,48,1.5,0.25,1,0.25,1,,,,
MNQ SEP25,1s,1,1481,2025-07-14 09:44:42,22863,22863.75,22862.25,22863,30,1.5,0,0.75,0.75,0,,,,
MNQ SEP25,1s,1,1482,2025-07-14 09:44:43,22863,22866.5,22863,22865.25,56,3.5,2.25,1.25,0,1,,,,
MNQ SEP25,1s,1,1483,2025-07-14 09:44:44,22864,22864.25,22860.5,22860.5,77,3.75,3.5,0.25,0,-1,,,,
MNQ SEP25,1s,1,1484,2025-07-14 09:44:45,22860.5,22862,22860.25,22861.75,62,1.75,1.25,0.25,0.25,1,,,,
MNQ SEP25,1s,1,1485,2025-07-14 09:44:46,22861.75,22861.75,22857.25,22858,152,4.5,3.75,0,0.75,-1,,,,
MNQ SEP25,1s,1,1486,2025-07-14 09:44:47,22857.75,22859.25,22857.5,22858.5,79,1.75,0.75,0.75,0.25,1,,,,
MNQ SEP25,1s,1,1487,2025-07-14 09:44:48,22858.25,22859,22856.25,22856.75,68,2.75,1.5,0.75,0.5,-1,,,,
MNQ SEP25,1s,1,1488,2025-07-14 09:44:49,22856.25,22857.25,22855.5,22855.5,115,1.75,0.75,1,0,-1,,,,
MNQ SEP25,1s,1,1489,2025-07-14 09:44:50,22856,22857.75,22855.5,22855.75,91,2.25,0.25,1.75,0.25,-1,,,,
MNQ SEP25,10s,10,5548,2025-07-14 09:44:50,22863,22866.5,22855.5,22855.75,778,11,7.25,3.5,0.25,-1,-367.3,-89.6,-115.26666667,-96.19
MNQ SEP25,1s,1,1490,2025-07-14 09:44:51,22855.75,22856.5,22854.25,22854.25,84,2.25,1.5,0.75,0,-1,,,,
MNQ SEP25,1s,1,1491,2025-07-14 09:44:52,22854,22855,22852,22854,279,3,0,1,2,0,,,,
MNQ SEP25,1s,1,1492,2025-07-14 09:44:53,22854.5,22856,22853.75,22855.25,124,2.25,0.75,0.75,0.75,1,,,,
MNQ SEP25,1s,1,1493,2025-07-14 09:44:54,22854.75,22856.25,22854,22855.25,122,2.25,0.5,1,0.75,1,,,,
MNQ SEP25,1s,1,1494,2025-07-14 09:44:55,22854.75,22856,22854.25,22855.25,90,1.75,0.5,0.75,0.5,1,,,,
MNQ SEP25,1s,1,1495,2025-07-14 09:44:56,22856,22856.25,22855.5,22856,58,0.75,0,0.25,0.5,0,,,,
MNQ SEP25,1s,1,1496,2025-07-14 09:44:57,22855.75,22856.5,22854.75,22855,89,1.75,0.75,0.75,0.25,-1,,,,
MNQ SEP25,1s,1,1497,2025-07-14 09:44:58,22854.5,22854.75,22853.75,22854.5,37,1,0,0.25,0.75,0,,,,
MNQ SEP25,1s,1,1498,2025-07-14 09:44:59,22855,22855.75,22853.75,22854.5,79,2,0.5,0.75,0.75,-1,,,,
MNQ SEP25,1s,1,1499,2025-07-14 09:45:00,22854.5,22856.5,22853.5,22853.5,119,3,1,2,0,-1,,,,
MNQ SEP25,10s,10,5549,2025-07-14 09:45:00,22855.75,22856.5,22852,22853.5,1081,4.5,2.25,0.75,1.5,-1,-476.95,-109.65,-93.96666667,-112.29
MNQ SEP25,20s,20,5774,2025-07-14 09:45:00,22863,22866.5,22852,22853.5,1859,14.5,9.5,3.5,1.5,-1,239.2,-506.35,-407.2,-166.62
MNQ SEP25,1s,1,1500,2025-07-14 09:45:01,22853.75,22854.5,22850,22851.5,648,4.5,2.25,0.75,1.5,-1,,,,
MNQ SEP25,1s,1,1501,2025-07-14 09:45:02,22851.5,22852,22848.75,22850.5,309,3.25,1,0.5,1.75,-1,,,,
MNQ SEP25,1s,1,1502,2025-07-14 09:45:03,22850.25,22851,22848.5,22849.25,220,2.5,1,0.75,0.75,-1,,,,
MNQ SEP25,1s,1,1503,2025-07-14 09:45:04,22849.25,22853.75,22849.25,22851.75,188,4.5,2.5,2,0,1,,,,
MNQ SEP25,1s,1,1504,2025-07-14 09:45:05,22852,22852.75,22848.5,22850,153,4.25,2,0.75,1.5,-1,,,,
MNQ SEP25,1s,1,1505,2025-07-14 09:45:06,22850.75,22850.75,22847.25,22848.75,193,3.5,2,0,1.5,-1,,,,
MNQ SEP25,1s,1,1506,2025-07-14 09:45:07,22848.25,22849.75,22847,22848.5,185,2.75,0.25,1.25,1.25,1,,,,
MNQ SEP25,1s,1,1507,2025-07-14 09:45:08,22848,22850.75,22848,22849.25,149,2.75,1.25,1.5,0,1,,,,
MNQ SEP25,1s,1,1508,2025-07-14 09:45:09,22849,22849,22846,22847.25,235,3,1.75,0,1.25,-1,,,,
MNQ SEP25,1s,1,1509,2025-07-14 09:45:10,22847,22847.75,22843.75,22844.25,272,4,2.75,0.75,0.5,-1,,,,
MNQ SEP25,10s,10,5550,2025-07-14 09:45:10,22853.75,22854.5,22843.75,22844.25,2552,10.75,9.5,0.75,0.5,-1,-254.15,222.8,7.85,-46.53
MNQ SEP25,1s,1,1510,2025-07-14 09:45:11,22844.25,22846.25,22842.5,22845.75,201,3.75,1.5,0.5,1.75,1,,,,
MNQ SEP25,1s,1,1511,2025-07-14 09:45:12,22845.5,22848.75,22845,22848.5,187,3.75,3,0.25,0.5,1,,,,
MNQ SEP25,1s,1,1512,2025-07-14 09:45:13,22848,22849.75,22847,22848,215,2.75,0,1.75,1,0,,,,
MNQ SEP25,1s,1,1513,2025-07-14 09:45:14,22847.75,22848.5,22845.5,22848,114,3,0.25,0.5,2.25,1,,,,
MNQ SEP25,1s,1,1514,2025-07-14 09:45:15,22846.5,22849.5,22846,22849.5,88,3.5,3,0,0.5,1,,,,
MNQ SEP25,1s,1,1515,2025-07-14 09:45:16,22849.5,22851.5,22845.5,22846.5,225,6,3,2,1,-1,,,,
MNQ SEP25,1s,1,1516,2025-07-14 09:45:17,22847,22853.75,22846.5,22853,153,7.25,6,0.75,0.5,1,,,,
MNQ SEP25,1s,1,1517,2025-07-14 09:45:18,22853,22854.25,22850.25,22851,235,4,2,1.25,0.75,-1,,,,
MNQ SEP25,1s,1,1518,2025-07-14 09:45:19,22850.75,22853.25,22850.5,22853,81,2.75,2.25,0.25,0.25,1,,,,
MNQ SEP25,1s,1,1519,2025-07-14 09:45:20,22852.75,22853.75,22852,22853.5,86,1.75,0.75,0.25,0.75,1,,,,
MNQ SEP25,10s,10,5551,2025-07-14 09:45:20,22844.25,22854.25,22842.5,22853.5,1585,11.75,9.25,0.75,1.75,1,-95.15,159,90.71666667,19.98
MNQ SEP25,20s,20,5775,2025-07-14 09:45:20,22853.75,22854.5,22842.5,22853.5,4137,12,0.25,0.75,11,-1,321.4,82.2,-371.33333333,-220.79
MNQ SEP25,1s,1,1520,2025-07-14 09:45:21,22854,22854.5,22851.5,22853.5,117,3,0.5,0.5,2,-1,,,,
MNQ SEP25,1s,1,1521,2025-07-14 09:45:22,22853.5,22854.25,22851.5,22852.25,117,2.75,1.25,0.75,0.75,-1,,,,
MNQ SEP25,1s,1,1522,2025-07-14 09:45:23,22852.5,22855.5,22852.25,22855.5,95,3.25,3,0,0.25,1,,,,
MNQ SEP25,1s,1,1523,2025-07-14 09:45:24,22855.75,22860.25,22855.5,22859.5,347,4.75,3.75,0.75,0.25,1,,,,
MNQ SEP25,1s,1,1524,2025-07-14 09:45:25,22859,22862.25,22858.75,22861.5,352,3.5,2.5,0.75,0.25,1,,,,
MNQ SEP25,1s,1,1525,2025-07-14 09:45:26,22861.5,22863.5,22859.75,22860.5,189,3.75,1,2,0.75,-1,,,,
MNQ SEP25,1s,1,1526,2025-07-14 09:45:27,22860.75,22862.5,22860.25,22860.75,207,2.25,0,1.75,0.5,0,,,,
MNQ SEP25,1s,1,1527,2025-07-14 09:45:28,22860.75,22860.75,22858.5,22859.75,123,2.25,1,0,1.25,-1,,,,
MNQ SEP25,1s,1,1528,2025-07-14 09:45:29,22859.75,22859.75,22858,22859,71,1.75,0.75,0,1,-1,,,,
MNQ SEP25,1s,1,1529,2025-07-14 09:45:30,22858.5,22858.75,22854.25,22855,122,4.5,3.5,0.25,0.75,-1,,,,
MNQ SEP25,10s,10,5552,2025-07-14 09:45:30,22854,22863.5,22851.5,22855,1740,12,1,8.5,2.5,1,80.7,175.85,185.88333333,71.68
MNQ SEP25,1s,1,1530,2025-07-14 09:45:31,22854.75,22854.75,22847,22848.25,346,7.75,6.5,0,1.25,-1,,,,
MNQ SEP25,1s,1,1531,2025-07-14 09:45:32,22847.5,22848.25,22846.25,22847.25,136,2,0.25,0.75,1,-1,,,,
MNQ SEP25,1s,1,1532,2025-07-14 09:45:33,22847,22848.75,22846.5,22847,96,2.25,0,1.75,0.5,0,,,,
MNQ SEP25,1s,1,1533,2025-07-14 09:45:34,22846.75,22847.25,22845.75,22847.25,68,1.5,0.5,0,1,1,,,,
MNQ SEP25,1s,1,1534,2025-07-14 09:45:35,22847,22848.5,22846,22846,81,2.5,1,1.5,0,-1,,,,
MNQ SEP25,1s,1,1535,2025-07-14 09:45:36,22846,22846.5,22844.5,22844.5,146,2,1.5,0.5,0,-1,,,,
MNQ SEP25,1s,1,1536,2025-07-14 09:45:37,22844.75,22845,22843.25,22843.75,100,1.75,1,0.25,0.5,-1,,,,
MNQ SEP25,1s,1,1537,2025-07-14 09:45:38,22843.5,22845,22842.5,22844,166,2.5,0.5,1,1,1,,,,
MNQ SEP25,1s,1,1538,2025-07-14 09:45:39,22844.5,22847,22843.75,22846,158,3.25,1.5,1,0.75,1,,,,
MNQ SEP25,1s,1,1539,2025-07-14 09:45:40,22846,22849.5,22845.75,22849.5,84,3.75,3.5,0,0.25,1,,,,
MNQ SEP25,10s,10,5553,2025-07-14 09:45:40,22854.75,22854.75,22842.5,22849.5,1381,12.25,5.25,0,7,-1,184.25,103.55,146.13333333,110.31
MNQ SEP25,20s,20,5776,2025-07-14 09:45:40,22854,22863.5,22842.5,22849.5,3121,21,4.5,9.5,7,-1,326.75,5.35,-139.6,-226.81
MNQ SEP25,1s,1,1540,2025-07-14 09:45:41,22849.5,22850.25,22848.25,22848.25,68,2,1.25,0.75,0,-1,,,,
MNQ SEP25,1s,1,1541,2025-07-14 09:45:42,22848,22852.5,22847.5,22851.75,120,5,3.75,0.75,0.5,1,,,,
MNQ SEP25,1s,1,1542,2025-07-14 09:45:43,22851.75,22854.75,22851.75,22853,129,3,1.25,1.75,0,1,,,,
MNQ SEP25,1s,1,1543,2025-07-14 09:45:44,22853,22855,22852.75,22855,103,2.25,2,0,0.25,1,,,,
MNQ SEP25,1s,1,1544,2025-07-14 09:45:45,22855,22857.25,22854.5,22856.5,70,2.75,1.5,0.75,0.5,1,,,,
MNQ SEP25,1s,1,1545,2025-07-14 09:45:46,22857.25,22857.5,22855,22856,72,2.5,1.25,0.25,1,-1,,,,
MNQ SEP25,1s,1,1546,2025-07-14 09:45:47,22856.5,22857.75,22855.25,22855.75,77,2.5,0.75,1.25,0.5,-1,,,,
MNQ SEP25,1s,1,1547,2025-07-14 09:45:48,22855.75,22856.5,22855,22855,60,1.5,0.75,0.75,0,-1,,,,
MNQ SEP25,1s,1,1548,2025-07-14 09:45:49,22855.5,22856.75,22854,22856.5,52,2.75,1,0.25,1.5,1,,,,
MNQ SEP25,1s,1,1549,2025-07-14 09:45:50,22857,22858.25,22856.5,22857.75,65,1.75,0.75,0.5,0.5,1,,,,
MNQ SEP25,10s,10,5554,2025-07-14 09:45:50,22849.5,22858.25,22847.5,22857.75,816,10.75,8.25,0.5,2,1,136.35,-47.9,77.16666667,122.66
MNQ SEP25,1s,1,1550,2025-07-14 09:45:51,22857.5,22860.5,22857.5,22860.5,107,3,3,0,0,1,,,,
MNQ SEP25,1s,1,1551,2025-07-14 09:45:52,22860.5,22862.5,22860.5,22861.75,150,2,1.25,0.75,0,1,,,,
MNQ SEP25,1s,1,1552,2025-07-14 09:45:53,22862.25,22862.25,22860.25,22860.75,83,2,1.5,0,0.5,-1,,,,
MNQ SEP25,1s,1,1553,2025-07-14 09:45:54,22860.75,22862.5,22860.5,22860.75,68,2,0,1.75,0.25,0,,,,
MNQ SEP25,1s,1,1554,2025-07-14 09:45:55,22861.25,22863.25,22860.5,22863,95,2.75,1.75,0.25,0.75,1,,,,
MNQ SEP25,1s,1,1555,2025-07-14 09:45:56,22863.25,22866,22863.25,22866,194,2.75,2.75,0,0,1,,,,
MNQ SEP25,1s,1,1556,2025-07-14 09:45:57,22865.5,22868.5,22865.25,22866.25,262,3.25,0.75,2.25,0.25,1,,,,
MNQ SEP25,1s,1,1557,2025-07-14 09:45:58,22867,22868.5,22865.5,22867.5,138,3,0.5,1,1.5,1,,,,
MNQ SEP25,1s,1,1558,2025-07-14 09:45:59,22868,22869,22866.75,22867.5,159,2.25,0.5,1,0.75,-1,,,,
MNQ SEP25,1s,1,1559,2025-07-14 09:46:00,22867,22867,22864.5,22865.25,151,2.5,1.75,0,0.75,-1,,,,
MNQ SEP25,10s,10,5555,2025-07-14 09:46:00,22857.5,22869,22857.5,22865.25,1407,11.5,7.75,3.75,0,1,-95.55,-231.9,-58.75,31.72
MNQ SEP25,20s,20,5777,2025-07-14 09:46:00,22849.5,22869,22847.5,22865.25,2223,21.5,15.75,3.75,2,1,285.15,-41.6,15.31666667,-230.05
MNQ SEP25,1s,1,1560,2025-07-14 09:46:01,22865.5,22866.5,22862.75,22864.5,166,3.75,1,1,1.75,-1,,,,
MNQ SEP25,1s,1,1561,2025-07-14 09:46:02,22864.5,22867.25,22863.5,22867,120,3.75,2.5,0.25,1,1,,,,
MNQ SEP25,1s,1,1562,2025-07-14 09:46:03,22867.25,22867.75,22863.5,22864.5,170,4.25,2.75,0.5,1,-1,,,,
MNQ SEP25,1s,1,1563,2025-07-14 09:46:04,22864.75,22868,22864.25,22867,113,3.75,2.25,1,0.5,1,,,,
MNQ SEP25,1s,1,1564,2025-07-14 09:46:05,22867.25,22870,22867,22869,158,3,1.75,1,0.25,1,,,,
MNQ SEP25,1s,1,1565,2025-07-14 09:46:06,22869,22870,22867.75,22869.75,137,2.25,0.75,0.25,1.25,1,,,,
MNQ SEP25,1s,1,1566,2025-07-14 09:46:07,22869.25,22870,22866.5,22866.75,161,3.5,2.5,0.75,0.25,-1,,,,
MNQ SEP25,1s,1,1567,2025-07-14 09:46:08,22866.5,22867.5,22861,22862.5,182,6.5,4,1,1.5,-1,,,,
MNQ SEP25,1s,1,1568,2025-07-14 09:46:09,22862.5,22862.5,22857.75,22857.75,227,4.75,4.75,0,0,-1,,,,
MNQ SEP25,1s,1,1569,2025-07-14 09:46:10,22857.75,22860.25,22857.75,22859.75,91,2.5,2,0.5,0,1,,,,
MNQ SEP25,10s,10,5556,2025-07-14 09:46:10,22865.5,22870,22857.75,22859.75,1525,12.25,5.75,4.5,2,-1,-56.35,39.2,-80.2,7.76
MNQ SEP25,1s,1,1570,2025-07-14 09:46:11,22859.75,22861.75,22858.25,22858.5,78,3.5,1.25,2,0.25,-1,,,,
MNQ SEP25,1s,1,1571,2025-07-14 09:46:12,22858.5,22860.25,22857.75,22859,86,2.5,0.5,1.25,0.75,1,,,,
MNQ SEP25,1s,1,1572,2025-07-14 09:46:13,22858.5,22859.75,22857.75,22859.5,55,2,1,0.25,0.75,1,,,,
MNQ SEP25,1s,1,1573,2025-07-14 09:46:14,22858.75,22859,22856.75,22857.75,55,2.25,1,0.25,1,-1,,,,
MNQ SEP25,1s,1,1574,2025-07-14 09:46:15,22857.5,22860.5,22857.25,22859.5,139,3.25,2,1,0.25,1,,,,
MNQ SEP25,1s,1,1575,2025-07-14 09:46:16,22860.25,22864.75,22859.5,22862.75,61,5.25,2.5,2,0.75,1,,,,
MNQ SEP25,1s,1,1576,2025-07-14 09:46:17,22863,22864,22862,22862,43,2,1,1,0,-1,,,,
MNQ SEP25,1s,1,1577,2025-07-14 09:46:18,22861.75,22863.25,22860.5,22861,43,2.75,0.75,1.5,0.5,-1,,,,
MNQ SEP25,1s,1,1578,2025-07-14 09:46:19,22860.5,22861.5,22859,22859,56,2.5,1.5,1,0,-1,,,,
MNQ SEP25,1s,1,1579,2025-07-14 09:46:20,22859.75,22861.5,22859.5,22861.5,31,2,1.75,0,0.25,1,,,,
MNQ SEP25,10s,10,5557,2025-07-14 09:46:20,22859.75,22864.75,22856.75,22861.5,647,8,1.75,3.25,3,1,-203.1,-146.75,-113.15,-56.76
MNQ SEP25,20s,20,5778,2025-07-14 09:46:20,22865.5,22870,22856.75,22861.5,2172,13.25,4,4.5,4.75,-1,443.4,158.25,40.66666667,-60.43
MNQ SEP25,1s,1,1580,2025-07-14 09:46:21,22861.5,22861.75,22859,22861.25,42,2.75,0.25,0.25,2.25,-1,,,,
MNQ SEP25,1s,1,1581,2025-07-14 09:46:22,22861.5,22861.5,22858,22859.75,55,3.5,1.75,0,1.75,-1,,,,
MNQ SEP25,1s,1,1582,2025-07-14 09:46:23,22860,22861.75,22859.75,22860.25,29,2,0.25,1.5,0.25,1,,,,
MNQ SEP25,1s,1,1583,2025-07-14 09:46:24,22860.75,22860.75,22859.75,22860.75,34,1,0,0,1,0,,,,
MNQ SEP25,1s,1,1584,2025-07-14 09:46:25,22859.75,22860,22857,22857.25,59,3,2.5,0.25,0.25,-1,,,,
MNQ SEP25,1s,1,1585,2025-07-14 09:46:26,22856.5,22856.75,22853.25,22856.75,158,3.5,0.25,0,3.25,1,,,,
MNQ SEP25,1s,1,1586,2025-07-14 09:46:27,22856.5,22857.25,22855.25,22855.75,55,2,0.75,0.75,0.5,-1,,,,
MNQ SEP25,1s,1,1587,2025-07-14 09:46:28,22855.75,22856.75,22855.75,22855.75,28,1,0,1,0,0,,,,
MNQ SEP25,1s,1,1588,2025-07-14 09:46:29,22856,22861.25,22856,22860.5,108,5.25,4.5,0.75,0,1,,,,
MNQ SEP25,1s,1,1589,2025-07-14 09:46:30,22860.5,22861.75,22859,22859.5,63,2.75,1,1.25,0.5,-1,,,,
MNQ SEP25,10s,10,5558,2025-07-14 09:46:30,22861.5,22861.75,22853.25,22859.5,631,8.5,2,0.25,6.25,-1,-228.35,-25.25,-44.26666667,-82.52
MNQ SEP25,1s,1,1590,2025-07-14 09:46:31,22859.25,22860,22858,22858.25,49,2,1,0.75,0.25,-1,,,,
MNQ SEP25,1s,1,1591,2025-07-14 09:46:32,22858,22858.25,22855.75,22856.75,50,2.5,1.25,0.25,1,-1,,,,
MNQ SEP25,1s,1,1592,2025-07-14 09:46:33,22857.25,22859.25,22856.75,22857,45,2.5,0.25,2,0.25,-1,,,,
MNQ SEP25,1s,1,1593,2025-07-14 09:46:34,22856.75,22857.25,22855.25,22856.5,33,2,0.25,0.5,1.25,-1,,,,
MNQ SEP25,1s,1,1594,2025-07-14 09:46:35,22857,22860,22856.5,22859.5,27,3.5,2.5,0.5,0.5,1,,,,
MNQ SEP25,1s,1,1595,2025-07-14 09:46:36,22858.25,22858.25,22856.5,22857.5,29,1.75,0.75,0,1,-1,,,,
MNQ SEP25,1s,1,1596,2025-07-14 09:46:37,22856.75,22860.5,22856.75,22860.5,47,3.75,3.75,0,0,1,,,,
MNQ SEP25,1s,1,1597,2025-07-14 09:46:38,22860,22860.75,22859.5,22860.75,34,1.25,0.75,0,0.5,1,,,,
MNQ SEP25,1s,1,1598,2025-07-14 09:46:39,22860.25,22860.25,22857.25,22858,60,3,2.25,0,0.75,-1,,,,
MNQ SEP25,1s,1,1599,2025-07-14 09:46:40,22858,22858,22856.75,22857.5,38,1.25,0.5,0,0.75,-1,,,,
MNQ SEP25,10s,10,5559,2025-07-14 09:46:40,22859.25,22860.75,22855.25,22857.5,412,5.5,1.75,1.5,2.25,-1,-263.8,-35.45,-69.15,-80.03
MNQ SEP25,20s,20,5779,2025-07-14 09:46:40,22861.5,22861.75,22853.25,22857.5,1043,8.5,4,0.25,4.25,-1,258.3,-185.1,-22.81666667,3.82
MNQ SEP25,1s,1,1600,2025-07-14 09:46:41,22858,22860,22857.75,22860,41,2.25,2,0,0.25,1,,,,
MNQ SEP25,1s,1,1601,2025-07-14 09:46:42,22860.25,22860.25,22856.75,22856.75,27,3.5,3.5,0,0,-1,,,,
MNQ SEP25,1s,1,1602,2025-07-14 09:46:43,22856.25,22857.75,22855.75,22857.75,36,2,1.5,0,0.5,1,,,,
MNQ SEP25,1s,1,1603,2025-07-14 09:46:44,22857.75,22862,22857.75,22861.5,49,4.25,3.75,0.5,0,1,,,,
MNQ SEP25,1s,1,1604,2025-07-14 09:46:45,22861.25,22861.5,22859.25,22859.75,31,2.25,1.5,0.25,0.5,-1,,,,
MNQ SEP25,1s,1,1605,2025-07-14 09:46:46,22859.75,22860,22858.25,22859.5,21,1.75,0.25,0.25,1.25,-1,,,,
MNQ SEP25,1s,1,1606,2025-07-14 09:46:47,22859.5,22860.5,22859.25,22860.25,26,1.25,0.75,0.25,0.25,1,,,,
MNQ SEP25,1s,1,1607,2025-07-14 09:46:48,22859,22860,22859,22859.5,27,1,0.5,0.5,0,1,,,,
MNQ SEP25,1s,1,1608,2025-07-14 09:46:49,22859.5,22860.75,22859.5,22860.25,29,1.25,0.75,0.5,0,1,,,,
MNQ SEP25,1s,1,1609,2025-07-14 09:46:50,22860.25,22861.25,22859.5,22860.5,54,1.75,0.25,0.75,0.75,1,,,,
MNQ SEP25,10s,10,5560,2025-07-14 09:46:50,22858,22862,22855.75,22860.5,341,6.25,2.5,1.5,2.25,1,-414.55,-150.75,-70.48333333,-63.8
MNQ SEP25,1s,1,1610,2025-07-14 09:46:51,22860,22860.25,22858,22859.25,39,2.25,0.75,0.25,1.25,-1,,,,
MNQ SEP25,1s,1,1611,2025-07-14 09:46:52,22859.75,22860.5,22858.75,22859.5,31,1.75,0.25,0.75,0.75,-1,,,,
MNQ SEP25,1s,1,1612,2025-07-14 09:46:53,22859.5,22861.75,22859.5,22860.75,20,2.25,1.25,1,0,1,,,,
MNQ SEP25,1s,1,1613,2025-07-14 09:46:54,22860.25,22864.75,22860.25,22864.75,82,4.5,4.5,0,0,1,,,,
MNQ SEP25,1s,1,1614,2025-07-14 09:46:55,22864.75,22866,22864.25,22864.5,93,1.75,0.25,1.25,0.25,-1,,,,
MNQ SEP25,1s,1,1615,2025-07-14 09:46:56,22864,22864.5,22862.75,22863.25,43,1.75,0.75,0.5,0.5,-1,,,,
MNQ SEP25,1s,1,1616,2025-07-14 09:46:57,22862.5,22862.75,22861.25,22861.5,29,1.5,1,0.25,0.25,-1,,,,
MNQ SEP25,1s,1,1617,2025-07-14 09:46:58,22861.25,22863.5,22860.5,22862,59,3,0.75,1.5,0.75,1,,,,
MNQ SEP25,1s,1,1618,2025-07-14 09:46:59,22862.5,22862.75,22860.5,22860.5,17,2.25,2,0.25,0,-1,,,,
MNQ SEP25,1s,1,1619,2025-07-14 09:47:00,22862.75,22863,22861.25,22862.25,44,1.75,0.5,0.25,1,-1,,,,
MNQ SEP25,10s,10,5561,2025-07-14 09:47:00,22860,22866,22858,22862.25,457,8,2.25,3.75,2,1,-575.05,-160.5,-115.56666667,-103.74
MNQ SEP25,20s,20,5780,2025-07-14 09:47:00,22858,22866,22855.75,22862.25,798,10.25,4.25,3.75,2.25,1,-398.5,-656.8,-227.88333333,-143.98
MNQ SEP25,1s,1,1620,2025-07-14 09:47:01,22862.75,22864.25,22858,22858.75,130,6.25,4,1.5,0.75,-1,,,,
MNQ SEP25,1s,1,1621,2025-07-14 09:47:02,22858.5,22858.75,22856,22857.25,154,2.75,1.25,0.25,1.25,-1,,,,
MNQ SEP25,1s,1,1622,2025-07-14 09:47:03,22856.75,22858.75,22856.25,22858,75,2.5,1.25,0.75,0.5,1,,,,
MNQ SEP25,1s,1,1623,2025-07-14 09:47:04,22857.25,22858.5,22856.75,22858,41,1.75,0.75,0.5,0.5,1,,,,
MNQ SEP25,1s,1,1624,2025-07-14 09:47:05,22858,22859.25,22857,22858.75,44,2.25,0.75,0.5,1,1,,,,
MNQ SEP25,1s,1,1625,2025-07-14 09:47:06,22859,22860.25,22858.5,22858.5,53,1.75,0.5,1.25,0,-1,,,,
MNQ SEP25,1s,1,1626,2025-07-14 09:47:07,22857.25,22857.5,22855.5,22857,62,2,0.25,0.25,1.5,-1,,,,
MNQ SEP25,1s,1,1627,2025-07-14 09:47:08,22856.75,22858,22855.5,22856.5,53,2.5,0.25,1.25,1,-1,,,,
MNQ SEP25,1s,1,1628,2025-07-14 09:47:09,22857,22858.75,22856.75,22858.5,38,2,1.5,0.25,0.25,1,,,,
MNQ SEP25,1s,1,1629,2025-07-14 09:47:10,22858.75,22859,22855.75,22857,46,3.25,1.75,0.25,1.25,-1,,,,
MNQ SEP25,10s,10,5562,2025-07-14 09:47:10,22862.75,22864.25,22855.5,22857,696,8.75,5.75,1.5,1.5,-1,-539.25,35.8,-91.81666667,-67.23
MNQ SEP25,1s,1,1630,2025-07-14 09:47:11,22856.5,22856.75,22854.25,22854.25,106,2.5,2.25,0.25,0,-1,,,,
MNQ SEP25,1s,1,1631,2025-07-14 09:47:12,22855,22855.75,22852.5,22855.5,105,3.25,0.5,0.25,2.5,1,,,,
MNQ SEP25,1s,1,1632,2025-07-14 09:47:13,22856,22859.5,22855,22859.5,62,4.5,3.5,0,1,1,,,,
MNQ SEP25,1s,1,1633,2025-07-14 09:47:14,22859,22861,22858.75,22860.25,44,2.25,1.25,0.75,0.25,1,,,,
MNQ SEP25,1s,1,1634,2025-07-14 09:47:15,22860,22860.25,22858.25,22858.25,61,2,1.75,0.25,0,-1,,,,
MNQ SEP25,1s,1,1635,2025-07-14 09:47:16,22857.75,22858.25,22855.25,22855.75,42,3,2,0.5,0.5,-1,,,,
MNQ SEP25,1s,1,1636,2025-07-14 09:47:17,22857,22858.75,22856.75,22856.75,31,2,0.25,1.75,0,-1,,,,
MNQ SEP25,1s,1,1637,2025-07-14 09:47:18,22856.5,22858.25,22856,22856.5,30,2.25,0,1.75,0.5,0,,,,
MNQ SEP25,1s,1,1638,2025-07-14 09:47:19,22857,22858.5,22856.5,22858,34,2,1,0.5,0.5,1,,,,
MNQ SEP25,1s,1,1639,2025-07-14 09:47:20,22858.5,22863,22858.25,22863,70,4.75,4.5,0,0.25,1,,,,
MNQ SEP25,10s,10,5563,2025-07-14 09:47:20,22856.5,22863,22852.5,22863,585,10.5,6.5,0,4,1,-512.4,26.85,-32.61666667,-56.81
MNQ SEP25,20s,20,5781,2025-07-14 09:47:20,22862.75,22864.25,22852.5,22863,1281,11.75,0.25,1.25,10.25,1,-783.55,-385.05,-408.98333333,-222.06
MNQ SEP25,1s,1,1640,2025-07-14 09:47:21,22863.25,22863.25,22861,22861.5,54,2.25,1.75,0,0.5,-1,,,,
MNQ SEP25,1s,1,1641,2025-07-14 09:47:22,22862.5,22864.25,22862.25,22863.25,67,2,0.75,1,0.25,1,,,,
MNQ SEP25,1s,1,1642,2025-07-14 09:47:23,22864.25,22867.25,22863.75,22865.75,149,3.5,1.5,1.5,0.5,1,,,,
MNQ SEP25,1s,1,1643,2025-07-14 09:47:24,22865.75,22868.25,22865.5,22867.5,97,2.75,1.75,0.75,0.25,1,,,,
MNQ SEP25,1s,1,1644,2025-07-14 09:47:25,22867.5,22869.25,22867.5,22869.25,117,1.75,1.75,0,0,1,,,,
MNQ SEP25,1s,1,1645,2025-07-14 09:47:26,22869.5,22869.5,22867.5,22867.5,98,2,2,0,0,-1,,,,
MNQ SEP25,1s,1,1646,2025-07-14 09:47:27,22868,22869.25,22867,22867.25,85,2.25,0.75,1.25,0.25,-1,,,,
MNQ SEP25,1s,1,1647,2025-07-14 09:47:28,22867.5,22869.25,22866.5,22868.5,65,2.75,1,0.75,1,1,,,,
MNQ SEP25,1s,1,1648,2025-07-14 09:47:29,22868.75,22869.5,22867.75,22869.5,43,1.75,0.75,0,1,1,,,,
MNQ SEP25,1s,1,1649,2025-07-14 09:47:30,22869.25,22872.5,22869.25,22871.75,219,3.25,2.5,0.75,0,1,,,,
MNQ SEP25,10s,10,5564,2025-07-14 09:47:30,22863.25,22872.5,22861,22871.75,994,11.5,8.5,0.75,2.25,1,-371.65,140.75,67.8,-21.57
MNQ SEP25,1s,1,1650,2025-07-14 09:47:31,22872.5,22877.25,22872,22876.25,611,5.25,3.75,1,0.5,1,,,,
MNQ SEP25,1s,1,1651,2025-07-14 09:47:32,22876.5,22877.5,22876.25,22877,216,1.25,0.5,0.5,0.25,1,,,,
MNQ SEP25,1s,1,1652,2025-07-14 09:47:33,22877.5,22879,22875.75,22876.75,264,3.25,0.75,1.5,1,-1,,,,
MNQ SEP25,1s,1,1653,2025-07-14 09:47:34,22876.25,22876.75,22873.5,22873.75,178,3.25,2.5,0.5,0.25,-1,,,,
MNQ SEP25,1s,1,1654,2025-07-14 09:47:35,22874.5,22875.75,22873,22874.75,128,2.75,0.25,1,1.5,1,,,,
MNQ SEP25,1s,1,1655,2025-07-14 09:47:36,22874.25,22876.5,22873.75,22875.75,80,2.75,1.5,0.75,0.5,1,,,,
MNQ SEP25,1s,1,1656,2025-07-14 09:47:37,22875.75,22878.5,22875.5,22878,136,3,2.25,0.5,0.25,1,,,,
MNQ SEP25,1s,1,1657,2025-07-14 09:47:38,22878,22879.75,22877.5,22877.5,186,2.25,0.5,1.75,0,-1,,,,
MNQ SEP25,1s,1,1658,2025-07-14 09:47:39,22877.75,22878.25,22876.75,22877,117,1.5,0.75,0.5,0.25,-1,,,,
MNQ SEP25,1s,1,1659,2025-07-14 09:47:40,22876.75,22880,22876.75,22879.5,113,3.25,2.75,0.5,0,1,,,,
MNQ SEP25,10s,10,5565,2025-07-14 09:47:40,22872.5,22880,22872,22879.5,2029,8,7,0.5,0.5,1,-88,283.65,150.41666667,65.31
MNQ SEP25,20s,20,5782,2025-07-14 09:47:40,22863.25,22880,22861,22879.5,3023,19,16.25,0.5,2.25,1,-692.7,90.85,-317,-195.57
MNQ SEP25,1s,1,1660,2025-07-14 09:47:41,22879.75,22880.75,22878.75,22879.25,167,2,0.5,1,0.5,-1,,,,
MNQ SEP25,1s,1,1661,2025-07-14 09:47:42,22879.5,22882,22878.5,22881.25,184,3.5,1.75,0.75,1,1,,,,
MNQ SEP25,1s,1,1662,2025-07-14 09:47:43,22881.25,22882,22880.5,22881.5,123,1.5,0.25,0.5,0.75,1,,,,
MNQ SEP25,1s,1,1663,2025-07-14 09:47:44,22881.5,22882.5,22881,22881.75,126,1.5,0.25,0.75,0.5,1,,,,
MNQ SEP25,1s,1,1664,2025-07-14 09:47:45,22882.25,22883,22880.75,22882,156,2.25,0.25,0.75,1.25,-1,,,,
MNQ SEP25,1s,1,1665,2025-07-14 09:47:46,22882.25,22883.25,22881.75,22883,162,1.5,0.75,0.25,0.5,1,,,,
MNQ SEP25,1s,1,1666,2025-07-14 09:47:47,22882.75,22883,22881.25,22881.75,62,1.75,1,0.25,0.5,-1,,,,
MNQ SEP25,1s,1,1667,2025-07-14 09:47:48,22881.5,22881.75,22879.5,22880.75,137,2.25,0.75,0.25,1.25,-1,,,,
MNQ SEP25,1s,1,1668,2025-07-14 09:47:49,22880.5,22881.25,22878.5,22878.5,134,2.75,2,0.75,0,-1,,,,
MNQ SEP25,1s,1,1669,2025-07-14 09:47:50,22879,22880.5,22877,22880.25,186,3.5,1.25,0.25,2,1,,,,
MNQ SEP25,10s,10,5566,2025-07-14 09:47:50,22879.75,22883.25,22877,22880.25,1437,6.25,0.5,3,2.75,1,59.55,147.55,190.65,126.92
MNQ SEP25,1s,1,1670,2025-07-14 09:47:51,22880.25,22881.25,22880,22880.25,70,1.25,0,1,0.25,0,,,,
MNQ SEP25,1s,1,1671,2025-07-14 09:47:52,22880.5,22882,22880.5,22882,79,1.5,1.5,0,0,1,,,,
MNQ SEP25,1s,1,1672,2025-07-14 09:47:53,22882.25,22883.25,22881,22882,104,2.25,0.25,1,1,-1,,,,
MNQ SEP25,1s,1,1673,2025-07-14 09:47:54,22881.5,22882.25,22880.5,22880.75,72,1.75,0.75,0.75,0.25,-1,,,,
MNQ SEP25,1s,1,1674,2025-07-14 09:47:55,22881,22882,22880.75,22881.5,67,1.25,0.5,0.5,0.25,1,,,,
MNQ SEP25,1s,1,1675,2025-07-14 09:47:56,22881.25,22882.25,22880,22880.5,99,2.25,0.75,1,0.5,-1,,,,
MNQ SEP25,1s,1,1676,2025-07-14 09:47:57,22881.25,22881.25,22878.75,22879,86,2.5,2.25,0,0.25,-1,,,,
MNQ SEP25,1s,1,1677,2025-07-14 09:47:58,22879.25,22879.75,22878.25,22879.75,42,1.5,0.5,0,1,1,,,,
MNQ SEP25,1s,1,1678,2025-07-14 09:47:59,22879.5,22881.75,22879.25,22881.5,69,2.5,2,0.25,0.25,1,,,,
MNQ SEP25,1s,1,1679,2025-07-14 09:48:00,22881.25,22882.25,22881,22881,32,1.25,0.25,1,0,-1,,,,
MNQ SEP25,10s,10,5567,2025-07-14 09:48:00,22880.25,22883.25,22878.25,22881,720,5,0.75,2.25,2,1,62.3,2.75,144.65,120.31
MNQ SEP25,20s,20,5783,2025-07-14 09:48:00,22879.75,22883.25,22877,22881,2157,6.25,1.25,2.25,2.75,1,-684.8,7.9,-95.43333333,-225.64
MNQ SEP25,1s,1,1680,2025-07-14 09:48:01,22881.5,22881.5,22879.75,22880,107,1.75,1.5,0,0.25,-1,,,,
MNQ SEP25,1s,1,1681,2025-07-14 09:48:02,22879.75,22882.25,22879.75,22881.75,105,2.5,2,0.5,0,1,,,,
MNQ SEP25,1s,1,1682,2025-07-14 09:48:03,22882.25,22882.5,22880.25,22880.75,78,2.25,1.5,0.25,0.5,-1,,,,
MNQ SEP25,1s,1,1683,2025-07-14 09:48:04,22880.75,22884,22880.5,22883.25,180,3.5,2.5,0.75,0.25,1,,,,
MNQ SEP25,1s,1,1684,2025-07-14 09:48:05,22883.5,22884.75,22883,22883.5,109,1.75,0,1.25,0.5,0,,,,
MNQ SEP25,1s,1,1685,2025-07-14 09:48:06,22883.5,22884,22882,22884,107,2,0.5,0,1.5,1,,,,
MNQ SEP25,1s,1,1686,2025-07-14 09:48:07,22883.5,22884.5,22883.5,22883.75,81,1,0.25,0.75,0,1,,,,
MNQ SEP25,1s,1,1687,2025-07-14 09:48:08,22884,22887.25,22884,22887.25,243,3.25,3.25,0,0,1,,,,
MNQ SEP25,1s,1,1688,2025-07-14 09:48:09,22887.25,22889.5,22887,22888,307,2.5,0.75,1.5,0.25,1,,,,
MNQ SEP25,1s,1,1689,2025-07-14 09:48:10,22888,22891.25,22887.25,22890.75,262,4,2.75,0.5,0.75,1,,,,
MNQ SEP25,10s,10,5568,2025-07-14 09:48:10,22881.5,22891.25,22879.75,22890.75,1579,11.5,9.25,0.5,1.75,1,221.05,158.75,103.01666667,146.69
MNQ SEP25,1s,1,1690,2025-07-14 09:48:11,22890.5,22891.5,22889.25,22890.75,203,2.25,0.25,0.75,1.25,1,,,,
MNQ SEP25,1s,1,1691,2025-07-14 09:48:12,22891,22895,22891,22894.25,299,4,3.25,0.75,0,1,,,,
MNQ SEP25,1s,1,1692,2025-07-14 09:48:13,22894.5,22895,22893,22893.75,179,2,0.75,0.5,0.75,-1,,,,
MNQ SEP25,1s,1,1693,2025-07-14 09:48:14,22893.75,22895.5,22893.75,22895,124,1.75,1.25,0.5,0,1,,,,
MNQ SEP25,1s,1,1694,2025-07-14 09:48:15,22895,22896.5,22893.5,22895.5,185,3,0.5,1,1.5,1,,,,
MNQ SEP25,1s,1,1695,2025-07-14 09:48:16,22895.25,22896.25,22894.25,22894.25,247,2,1,1,0,-1,,,,
MNQ SEP25,1s,1,1696,2025-07-14 09:48:17,22894.5,22895.75,22894.25,22894.5,114,1.5,0,1.25,0.25,0,,,,
MNQ SEP25,1s,1,1697,2025-07-14 09:48:18,22894.75,22896.5,22894,22896,105,2.5,1.25,0.5,0.75,1,,,,
MNQ SEP25,1s,1,1698,2025-07-14 09:48:19,22896.25,22897,22895.25,22895.75,123,1.75,0.5,0.75,0.5,-1,,,,
MNQ SEP25,1s,1,1699,2025-07-14 09:48:20,22896.25,22899.5,22896,22899,247,3.5,2.75,0.5,0.25,1,,,,
MNQ SEP25,10s,10,5569,2025-07-14 09:48:20,22890.5,22899.5,22889.25,22899,1826,10.25,8.5,0.5,1.25,1,350.2,129.15,96.88333333,144.37
MNQ SEP25,20s,20,5784,2025-07-14 09:48:20,22881.5,22899.5,22879.75,22899,3405,19.75,17.5,0.5,1.75,1,-303.35,381.45,160.06666667,-112.33
MNQ SEP25,1s,1,1700,2025-07-14 09:48:21,22899.5,22900.25,22898.25,22899.5,225,2,0,0.75,1.25,0,,,,
MNQ SEP25,1s,1,1701,2025-07-14 09:48:22,22899.75,22901,22898.25,22900.75,303,2.75,1,0.25,1.5,1,,,,
MNQ SEP25,1s,1,1702,2025-07-14 09:48:23,22900.5,22901,22899.75,22900.75,77,1.25,0.25,0.25,0.75,1,,,,
MNQ SEP25,1s,1,1703,2025-07-14 09:48:24,22900.75,22903.5,22900.5,22902.5,158,3,1.75,1,0.25,1,,,,
MNQ SEP25,1s,1,1704,2025-07-14 09:48:25,22902.75,22905.75,22902.5,22904,283,3.25,1.25,1.75,0.25,1,,,,
MNQ SEP25,1s,1,1705,2025-07-14 09:48:26,22903.5,22904.75,22902,22902,169,2.75,1.5,1.25,0,-1,,,,
MNQ SEP25,1s,1,1706,2025-07-14 09:48:27,22902.75,22904.25,22901,22902.5,294,3.25,0.25,1.5,1.5,-1,,,,
MNQ SEP25,1s,1,1707,2025-07-14 09:48:28,22902.5,22903.5,22901.5,22901.5,122,2,1,1,0,-1,,,,
MNQ SEP25,1s,1,1708,2025-07-14 09:48:29,22902.25,22904.25,22901.75,22903.5,102,2.5,1.25,0.75,0.5,1,,,,
MNQ SEP25,1s,1,1709,2025-07-14 09:48:30,22903.5,22903.75,22902,22902.5,97,1.75,1,0.25,0.5,-1,,,,
MNQ SEP25,10s,10,5570,2025-07-14 09:48:30,22899.5,22905.75,22898.25,22902.5,1830,7.5,3,3.25,1.25,1,346.5,-3.7,94.73333333,86.9
MNQ SEP25,1s,1,1710,2025-07-14 09:48:31,22902.75,22903.5,22901.25,22903,98,2.25,0.25,0.5,1.5,1,,,,
MNQ SEP25,1s,1,1711,2025-07-14 09:48:32,22904,22905,22903.5,22904.25,145,1.5,0.25,0.75,0.5,1,,,,
MNQ SEP25,1s,1,1712,2025-07-14 09:48:33,22904.5,22907,22904.5,22905.75,138,2.5,1.25,1.25,0,1,,,,
MNQ SEP25,1s,1,1713,2025-07-14 09:48:34,22905.75,22907.25,22905.75,22906,89,1.5,0.25,1.25,0,1,,,,
MNQ SEP25,1s,1,1714,2025-07-14 09:48:35,22906.25,22906.5,22903.25,22903.25,85,3.25,3,0.25,0,-1,,,,
MNQ SEP25,1s,1,1715,2025-07-14 09:48:36,22903.75,22905.5,22902.25,22903.5,86,3.25,0.25,1.75,1.25,-1,,,,
MNQ SEP25,1s,1,1716,2025-07-14 09:48:37,22903.5,22903.75,22900,22900.75,207,3.75,2.75,0.25,0.75,-1,,,,
MNQ SEP25,1s,1,1717,2025-07-14 09:48:38,22901.25,22901.25,22899.75,22900.25,133,1.5,1,0,0.5,-1,,,,
MNQ SEP25,1s,1,1718,2025-07-14 09:48:39,22900,22901.25,22898.75,22899,159,2.5,1,1.25,0.25,-1,,,,
MNQ SEP25,1s,1,1719,2025-07-14 09:48:40,22899,22899,22896.75,22897,169,2.25,2,0,0.25,-1,,,,
MNQ SEP25,10s,10,5571,2025-07-14 09:48:40,22902.75,22907.25,22896.75,22897,1309,10.5,5.75,4.5,0.25,-1,334.7,-11.8,37.88333333,55.03
MNQ SEP25,20s,20,5785,2025-07-14 09:48:40,22899.5,22907.25,22896.75,22897,3139,10.5,2.5,7.75,0.25,-1,52.75,356.1,248.48333333,90.25
MNQ SEP25,1s,1,1720,2025-07-14 09:48:41,22897.25,22900.25,22897.25,22900,125,3,2.75,0.25,0,1,,,,
MNQ SEP25,1s,1,1721,2025-07-14 09:48:42,22900,22901.5,22899.75,22900.5,61,1.75,0.5,1,0.25,1,,,,
MNQ SEP25,1s,1,1722,2025-07-14 09:48:43,22901,22901.5,22900.25,22901,40,1.25,0,0.5,0.75,0,,,,
MNQ SEP25,1s,1,1723,2025-07-14 09:48:44,22900.75,22902.75,22900.5,22902.5,69,2.25,1.75,0.25,0.25,1,,,,
MNQ SEP25,1s,1,1724,2025-07-14 09:48:45,22902,22903.75,22901.75,22903.5,85,2,1.5,0.25,0.25,1,,,,
MNQ SEP25,1s,1,1725,2025-07-14 09:48:46,22903.75,22904,22902.75,22903.25,38,1.25,0.5,0.25,0.5,-1,,,,
MNQ SEP25,1s,1,1726,2025-07-14 09:48:47,22903.5,22904.25,22901,22904.25,80,3.25,0.75,0,2.5,1,,,,
MNQ SEP25,1s,1,1727,2025-07-14 09:48:48,22904,22905.25,22903.75,22905,75,1.5,1,0.25,0.25,1,,,,
MNQ SEP25,1s,1,1728,2025-07-14 09:48:49,22904.5,22905.25,22903.75,22904.75,38,1.5,0.25,0.5,0.75,1,,,,
MNQ SEP25,1s,1,1729,2025-07-14 09:48:50,22905.25,22906.5,22905,22906.5,67,1.5,1.25,0,0.25,1,,,,
MNQ SEP25,10s,10,5572,2025-07-14 09:48:50,22897.25,22906.5,22897.25,22906.5,678,9.25,9.25,0,0,1,379.4,44.7,9.73333333,63.42
MNQ SEP25,1s,1,1730,2025-07-14 09:48:51,22905.75,22906,22904,22905.25,51,2,0.5,0.25,1.25,-1,,,,
MNQ SEP25,1s,1,1731,2025-07-14 09:48:52,22905.25,22906.5,22904.75,22906.25,41,1.75,1,0.25,0.5,1,,,,
MNQ SEP25,1s,1,1732,2025-07-14 09:48:53,22906.25,22906.75,22906,22906,56,0.75,0.25,0.5,0,-1,,,,
MNQ SEP25,1s,1,1733,2025-07-14 09:48:54,22906,22906.25,22904.5,22905.25,56,1.75,0.75,0.25,0.75,-1,,,,
MNQ SEP25,1s,1,1734,2025-07-14 09:48:55,22905.5,22908.25,22905.25,22908,108,3,2.5,0.25,0.25,1,,,,
MNQ SEP25,1s,1,1735,2025-07-14 09:48:56,22907.5,22908.25,22906.5,22907,71,1.75,0.5,0.75,0.5,-1,,,,
MNQ SEP25,1s,1,1736,2025-07-14 09:48:57,22907.75,22910,22907.75,22908.5,166,2.25,0.75,1.5,0,1,,,,
MNQ SEP25,1s,1,1737,2025-07-14 09:48:58,22908.25,22909.25,22907.75,22908.75,83,1.5,0.5,0.5,0.5,1,,,,
MNQ SEP25,1s,1,1738,2025-07-14 09:48:59,22909,22910,22909,22909.5,56,1,0.5,0.5,0,1,,,,
MNQ SEP25,1s,1,1739,2025-07-14 09:49:00,22909.75,22909.75,22908,22909.75,125,1.75,0,0,1.75,0,,,,
MNQ SEP25,10s,10,5573,2025-07-14 09:49:00,22905.75,22910,22904,22909.75,813,6,4,0.25,1.75,1,254.6,-124.8,-30.63333333,6.71
MNQ SEP25,20s,20,5786,2025-07-14 09:49:00,22897.25,22910,22897.25,22909.75,1491,12.75,12.5,0.25,0,1,122.85,70.1,269.21666667,181.28
MNQ SEP25,1s,1,1740,2025-07-14 09:49:01,22909.5,22913.25,22908.5,22913,339,4.75,3.5,0.25,1,1,,,,
MNQ SEP25,1s,1,1741,2025-07-14 09:49:02,22912.75,22915,22912.75,22914.25,195,2.25,1.5,0.75,0,1,,,,
MNQ SEP25,1s,1,1742,2025-07-14 09:49:03,22913.75,22918.75,22913.75,22917.5,488,5,3.75,1.25,0,1,,,,
MNQ SEP25,1s,1,1743,2025-07-14 09:49:04,22917.25,22920.5,22917.25,22920,269,3.25,2.75,0.5,0,1,,,,
MNQ SEP25,1s,1,1744,2025-07-14 09:49:05,22920,22921,22919,22919,216,2,1,1,0,-1,,,,
MNQ SEP25,1s,1,1745,2025-07-14 09:49:06,22919.75,22920.75,22919,22919,161,1.75,0.75,1,0,-1,,,,
MNQ SEP25,1s,1,1746,2025-07-14 09:49:07,22919,22921.25,22918.5,22920.25,146,2.75,1.25,1,0.5,1,,,,
MNQ SEP25,1s,1,1747,2025-07-14 09:49:08,22920.25,22921.75,22920,22921,159,1.75,0.75,0.75,0.25,1,,,,
MNQ SEP25,1s,1,1748,2025-07-14 09:49:09,22921.25,22921.75,22919,22920.75,155,2.75,0.5,0.5,1.75,-1,,,,
MNQ SEP25,1s,1,1749,2025-07-14 09:49:10,22920.75,22921.25,22920,22920.75,83,1.25,0,0.5,0.75,0,,,,
MNQ SEP25,10s,10,5574,2025-07-14 09:49:10,22909.5,22921.75,22908.5,22920.75,2211,13.25,11.25,1,1,1,261.85,7.25,-24.28333333,-17.67
MNQ SEP25,1s,1,1750,2025-07-14 09:49:11,22920.5,22923,22920.5,22921.5,210,2.5,1,1.5,0,1,,,,
MNQ SEP25,1s,1,1751,2025-07-14 09:49:12,22921.5,22924.5,22921,22923,139,3.5,1.5,1.5,0.5,1,,,,
MNQ SEP25,1s,1,1752,2025-07-14 09:49:13,22923.25,22923.5,22921.25,22921.5,127,2.25,1.75,0.25,0.25,-1,,,,
MNQ SEP25,1s,1,1753,2025-07-14 09:49:14,22921.25,22922.25,22919.5,22919.5,71,2.75,1.75,1,0,-1,,,,
MNQ SEP25,1s,1,1754,2025-07-14 09:49:15,22920.25,22920.25,22917.25,22917.75,174,3,2.5,0,0.5,-1,,,,
MNQ SEP25,1s,1,1755,2025-07-14 09:49:16,22917.75,22918,22916.75,22917,137,1.25,0.75,0.25,0.25,-1,,,,
MNQ SEP25,1s,1,1756,2025-07-14 09:49:17,22917.25,22917.5,22915.75,22916.25,123,1.75,1,0.25,0.5,-1,,,,
MNQ SEP25,1s,1,1757,2025-07-14 09:49:18,22916.25,22916.25,22914.25,22914.75,135,2,1.5,0,0.5,-1,,,,
MNQ SEP25,1s,1,1758,2025-07-14 09:49:19,22915,22915.25,22913.5,22913.75,68,1.75,1.25,0.25,0.25,-1,,,,
MNQ SEP25,1s,1,1759,2025-07-14 09:49:20,22913.75,22914.25,22913,22913.75,91,1.25,0,0.5,0.75,0,,,,
MNQ SEP25,10s,10,5575,2025-07-14 09:49:20,22920.5,22924.5,22913,22913.75,1275,11.5,6.75,4,0.75,-1,157.45,-104.4,-73.98333333,-37.81
MNQ SEP25,20s,20,5787,2025-07-14 09:49:20,22909.5,22924.5,22908.5,22913.75,3486,16,4.25,10.75,1,1,154.5,31.65,152.61666667,169.44
MNQ SEP25,1s,1,1760,2025-07-14 09:49:21,22914,22916.5,22914,22916.25,110,2.5,2.25,0.25,0,1,,,,
MNQ SEP25,1s,1,1761,2025-07-14 09:49:22,22916.25,22917,22915,22916,56,2,0.25,0.75,1,-1,,,,
MNQ SEP25,1s,1,1762,2025-07-14 09:49:23,22915.75,22916,22913,22913.25,66,3,2.5,0.25,0.25,-1,,,,
MNQ SEP25,1s,1,1763,2025-07-14 09:49:24,22913.75,22915,22912,22912.25,123,3,1.5,1.25,0.25,-1,,,,
MNQ SEP25,1s,1,1764,2025-07-14 09:49:25,22912.25,22912.75,22907.5,22907.75,243,5.25,4.5,0.5,0.25,-1,,,,
MNQ SEP25,1s,1,1765,2025-07-14 09:49:26,22907.75,22910,22907,22909.25,151,3,1.5,0.75,0.75,1,,,,
MNQ SEP25,1s,1,1766,2025-07-14 09:49:27,22909.5,22911,22908.75,22909.25,82,2.25,0.25,1.5,0.5,-1,,,,
MNQ SEP25,1s,1,1767,2025-07-14 09:49:28,22909.25,22911.5,22909.25,22911.5,80,2.25,2.25,0,0,1,,,,
MNQ SEP25,1s,1,1768,2025-07-14 09:49:29,22911.5,22914,22911.25,22913.25,90,2.75,1.75,0.75,0.25,1,,,,
MNQ SEP25,1s,1,1769,2025-07-14 09:49:30,22913.25,22915,22913.25,22914.25,90,1.75,1,0.75,0,1,,,,
MNQ SEP25,10s,10,5576,2025-07-14 09:49:30,22914,22917,22907,22914.25,1091,10,0.25,2.75,7,1,135.55,-21.9,-39.68333333,-39.83
MNQ SEP25,1s,1,1770,2025-07-14 09:49:31,22914,22914.25,22913,22913.25,28,1.25,0.75,0.25,0.25,-1,,,,
MNQ SEP25,1s,1,1771,2025-07-14 09:49:32,22913.75,22914.5,22913,22913.5,53,1.5,0.25,0.75,0.5,-1,,,,
MNQ SEP25,1s,1,1772,2025-07-14 09:49:33,22914.5,22915.5,22914,22915.25,61,1.5,0.75,0.25,0.5,1,,,,
MNQ SEP25,1s,1,1773,2025-07-14 09:49:34,22914.75,22916.75,22914,22915.5,70,2.75,0.75,1.25,0.75,1,,,,
MNQ SEP25,1s,1,1774,2025-07-14 09:49:35,22915,22916,22914.25,22915.75,29,1.75,0.75,0.25,0.75,1,,,,
MNQ SEP25,1s,1,1775,2025-07-14 09:49:36,22915.75,22917.5,22915.5,22917,59,2,1.25,0.5,0.25,1,,,,
MNQ SEP25,1s,1,1776,2025-07-14 09:49:37,22917,22917.75,22915.75,22916,43,2,1,0.75,0.25,-1,,,,
MNQ SEP25,1s,1,1777,2025-07-14 09:49:38,22916,22917,22915.5,22916.25,23,1.5,0.25,0.75,0.5,1,,,,
MNQ SEP25,1s,1,1778,2025-07-14 09:49:39,22915.75,22917.75,22914.75,22916.75,72,3,1,1,1,1,,,,
MNQ SEP25,1s,1,1779,2025-07-14 09:49:40,22917,22918.5,22916.75,22917.25,80,1.75,0.25,1.25,0.25,1,,,,
MNQ SEP25,10s,10,5577,2025-07-14 09:49:40,22914,22918.5,22913,22917.25,518,5.5,3.25,1.25,1,1,110,-25.55,-50.61666667,-53.88
MNQ SEP25,20s,20,5788,2025-07-14 09:49:40,22914,22918.5,22907,22917.25,1609,11.5,3.25,1.25,7,1,196.1,41.6,47.78333333,176.18
MNQ SEP25,1s,1,1780,2025-07-14 09:49:41,22917.25,22918,22917,22917.5,39,1,0.25,0.5,0.25,1,,,,
MNQ SEP25,1s,1,1781,2025-07-14 09:49:42,22917.5,22917.5,22916.5,22917.5,19,1,0,0,1,0,,,,
MNQ SEP25,1s,1,1782,2025-07-14 09:49:43,22917,22919.25,22917,22919,43,2.25,2,0.25,0,1,,,,
MNQ SEP25,1s,1,1783,2025-07-14 09:49:44,22919.25,22920.25,22918.75,22920,119,1.5,0.75,0.25,0.5,1,,,,
MNQ SEP25,1s,1,1784,2025-07-14 09:49:45,22919.75,22921,22917.5,22918,112,3.5,1.75,1.25,0.5,-1,,,,
MNQ SEP25,1s,1,1785,2025-07-14 09:49:46,22918,22919.75,22918,22919,33,1.75,1,0.75,0,1,,,,
MNQ SEP25,1s,1,1786,2025-07-14 09:49:47,22919,22919.5,22918.75,22919,19,0.75,0,0.5,0.25,0,,,,
MNQ SEP25,1s,1,1787,2025-07-14 09:49:48,22917.5,22919,22917,22918.5,64,2,1,0.5,0.5,1,,,,
MNQ SEP25,1s,1,1788,2025-07-14 09:49:49,22918,22919,22918,22918.5,21,1,0.5,0.5,0,1,,,,
MNQ SEP25,1s,1,1789,2025-07-14 09:49:50,22918.5,22919.75,22918.5,22919,44,1.25,0.5,0.75,0,1,,,,
MNQ SEP25,10s,10,5578,2025-07-14 09:49:50,22917.25,22921,22916.5,22919,513,4.5,1.75,2,0.75,1,55.9,-54.1,-33.85,-39.74
MNQ SEP25,1s,1,1790,2025-07-14 09:49:51,22919.25,22919.25,22918.25,22918.75,26,1,0.5,0,0.5,-1,,,,
MNQ SEP25,1s,1,1791,2025-07-14 09:49:52,22918.75,22918.75,22917.75,22918,18,1,0.75,0,0.25,-1,,,,
MNQ SEP25,1s,1,1792,2025-07-14 09:49:53,22918.5,22919,22918,22918.75,31,1,0.25,0.25,0.5,1,,,,
MNQ SEP25,1s,1,1793,2025-07-14 09:49:54,22918.75,22919.75,22918.5,22919.75,24,1.25,1,0,0.25,1,,,,
MNQ SEP25,1s,1,1794,2025-07-14 09:49:55,22919.25,22919.75,22918.5,22918.75,60,1.25,0.5,0.5,0.25,-1,,,,
MNQ SEP25,1s,1,1795,2025-07-14 09:49:56,22918.75,22919,22917,22917,33,2,1.75,0.25,0,-1,,,,
MNQ SEP25,1s,1,1796,2025-07-14 09:49:57,22916.75,22919,22916.5,22918.5,46,2.5,1.75,0.5,0.25,1,,,,
MNQ SEP25,1s,1,1797,2025-07-14 09:49:58,22918.75,22919,22917.75,22918.5,58,1.25,0.25,0.25,0.75,-1,,,,
MNQ SEP25,1s,1,1798,2025-07-14 09:49:59,22918.25,22919.5,22918,22919.25,58,1.5,1,0.25,0.25,1,,,,
MNQ SEP25,1s,1,1799,2025-07-14 09:50:00,22919,22920,22919,22919.5,60,1,0.5,0.5,0,1,,,,
MNQ SEP25,10s,10,5579,2025-07-14 09:50:00,22919.25,22920,22916.5,22919.5,414,3.5,0.25,0.5,2.75,1,-303.6,-359.5,-146.38333333,-113.09
MNQ SEP25,20s,20,5789,2025-07-14 09:50:00,22917.25,22921,22916.5,22919.5,927,4.5,2.25,1.5,0.75,1,-123.6,-319.7,-82.15,35.95
MNQ SEP25,1s,1,1800,2025-07-14 09:50:01,22919.5,22922,22918.25,22920.25,142,3.75,0.75,1.75,1.25,1,,,,
MNQ SEP25,1s,1,1801,2025-07-14 09:50:02,22920.25,22921,22920,22921,77,1,0.75,0,0.25,1,,,,
MNQ SEP25,1s,1,1802,2025-07-14 09:50:03,22920.75,22922.5,22920.5,22921.25,111,2,0.5,1.25,0.25,1,,,,
MNQ SEP25,1s,1,1803,2025-07-14 09:50:04,22921.25,22921.25,22919,22919.25,92,2.25,2,0,0.25,-1,,,,
MNQ SEP25,1s,1,1804,2025-07-14 09:50:05,22919.5,22919.5,22918,22918.5,43,1.5,1,0,0.5,-1,,,,
MNQ SEP25,1s,1,1805,2025-07-14 09:50:06,22919,22920,22917.75,22920,75,2.25,1,0,1.25,1,,,,
MNQ SEP25,1s,1,1806,2025-07-14 09:50:07,22920,22920.25,22918.5,22918.5,41,1.75,1.5,0.25,0,-1,,,,
MNQ SEP25,1s,1,1807,2025-07-14 09:50:08,22918,22921.25,22917.75,22920.25,94,3.5,2.25,1,0.25,1,,,,
MNQ SEP25,1s,1,1808,2025-07-14 09:50:09,22920.25,22920.75,22918.5,22919.5,64,2.25,0.75,0.5,1,-1,,,,
MNQ SEP25,1s,1,1809,2025-07-14 09:50:10,22919.5,22920,22919,22919.5,37,1,0,0.5,0.5,0,,,,
MNQ SEP25,10s,10,5580,2025-07-14 09:50:10,22919.5,22922.5,22917.75,22919.5,776,4.75,0,3,1.75,0,-425.15,-121.55,-178.38333333,-116.52
MNQ SEP25,1s,1,1810,2025-07-14 09:50:11,22919.75,22920.5,22919.25,22920.5,38,1.25,0.75,0,0.5,1,,,,
MNQ SEP25,1s,1,1811,2025-07-14 09:50:12,22920,22920.5,22918,22918.25,42,2.5,1.75,0.5,0.25,-1,,,,
MNQ SEP25,1s,1,1812,2025-07-14 09:50:13,22918.75,22919.25,22918,22918,40,1.25,0.75,0.5,0,-1,,,,
MNQ SEP25,1s,1,1813,2025-07-14 09:50:14,22918.25,22919.25,22918,22919,36,1.25,0.75,0.25,0.25,1,,,,
MNQ SEP25,1s,1,1814,2025-07-14 09:50:15,22918.25,22918.75,22916.75,22917,78,2,1.25,0.5,0.25,-1,,,,
MNQ SEP25,1s,1,1815,2025-07-14 09:50:16,22917,22918,22916,22917.25,85,2,0.25,0.75,1,1,,,,
MNQ SEP25,1s,1,1816,2025-07-14 09:50:17,22917,22922.5,22916.75,22919.75,146,5.75,2.75,2.75,0.25,1,,,,
MNQ SEP25,1s,1,1817,2025-07-14 09:50:18,22920,22923,22919.75,22921.75,65,3.25,1.75,1.25,0.25,1,,,,
MNQ SEP25,1s,1,1818,2025-07-14 09:50:19,22922.25,22924.5,22921.5,22924.5,113,3,2.25,0,0.75,1,,,,
MNQ SEP25,1s,1,1819,2025-07-14 09:50:20,22924.25,22925.5,22923.5,22923.5,228,2,0.75,1.25,0,-1,,,,
MNQ SEP25,10s,10,5581,2025-07-14 09:50:20,22919.75,22925.5,22916,22923.5,871,9.5,3.75,2,3.75,1,-489.85,-64.7,-181.91666667,-125.08
MNQ SEP25,20s,20,5790,2025-07-14 09:50:20,22919.5,22925.5,22916,22923.5,1647,9.5,4,2,3.5,1,-348.9,-225.3,-167.8,-80.33
MNQ SEP25,1s,1,1820,2025-07-14 09:50:21,22924,22925.25,22923.25,22925.25,103,2,1.25,0,0.75,1,,,,
MNQ SEP25,1s,1,1821,2025-07-14 09:50:22,22925.25,22925.25,22924,22925.25,49,1.25,0,0,1.25,0,,,,
MNQ SEP25,1s,1,1822,2025-07-14 09:50:23,22924.75,22926,22924.25,22925,101,1.75,0.25,1,0.5,1,,,,
MNQ SEP25,1s,1,1823,2025-07-14 09:50:24,22925,22927.5,22924.75,22927,149,2.75,2,0.5,0.25,1,,,,
MNQ SEP25,1s,1,1824,2025-07-14 09:50:25,22926.5,22929.5,22926.25,22928.75,338,3.25,2.25,0.75,0.25,1,,,,
MNQ SEP25,1s,1,1825,2025-07-14 09:50:26,22928.75,22929.25,22925.75,22926,173,3.5,2.75,0.5,0.25,-1,,,,
MNQ SEP25,1s,1,1826,2025-07-14 09:50:27,22926,22927.25,22924.75,22925.25,107,2.5,0.75,1.25,0.5,-1,,,,
MNQ SEP25,1s,1,1827,2025-07-14 09:50:28,22925.75,22926,22925,22925,50,1,0.75,0.25,0,-1,,,,
MNQ SEP25,1s,1,1828,2025-07-14 09:50:29,22925,22926.5,22924.75,22925.75,49,1.75,0.75,0.75,0.25,1,,,,
MNQ SEP25,1s,1,1829,2025-07-14 09:50:30,22925.25,22925.25,22922.25,22922.5,121,3,2.75,0,0.25,-1,,,,
MNQ SEP25,10s,10,5582,2025-07-14 09:50:30,22924,22929.5,22922.25,22922.5,1240,7.25,1.5,5.5,0.25,-1,-372.65,117.2,-23.01666667,-96.53
MNQ SEP25,1s,1,1830,2025-07-14 09:50:31,22922.75,22924.75,22922.5,22923.75,70,2.25,1,1,0.25,1,,,,
MNQ SEP25,1s,1,1831,2025-07-14 09:50:32,22923.25,22923.75,22921.5,22923.25,68,2.25,0,0.5,1.75,0,,,,
MNQ SEP25,1s,1,1832,2025-07-14 09:50:33,22923.5,22924,22923,22923.5,28,1,0,0.5,0.5,0,,,,
MNQ SEP25,1s,1,1833,2025-07-14 09:50:34,22923.5,22923.5,22921.25,22921.25,82,2.25,2.25,0,0,-1,,,,
MNQ SEP25,1s,1,1834,2025-07-14 09:50:35,22921.5,22922,22920.5,22921.25,91,1.5,0.25,0.5,0.75,-1,,,,
MNQ SEP25,1s,1,1835,2025-07-14 09:50:36,22921.25,22921.25,22918,22918,89,3.25,3.25,0,0,-1,,,,
MNQ SEP25,1s,1,1836,2025-07-14 09:50:37,22918,22918.25,22916.25,22918.25,97,2,0.25,0,1.75,1,,,,
MNQ SEP25,1s,1,1837,2025-07-14 09:50:38,22917.25,22918,22916.75,22917.5,57,1.25,0.25,0.5,0.5,1,,,,
MNQ SEP25,1s,1,1838,2025-07-14 09:50:39,22917.75,22918.75,22916.5,22918.25,77,2.25,0.5,0.5,1.25,1,,,,
MNQ SEP25,1s,1,1839,2025-07-14 09:50:40,22919,22919.75,22918,22918,48,1.75,1,0.75,0,-1,,,,
MNQ SEP25,10s,10,5583,2025-07-14 09:50:40,22922.75,22924.75,22916.25,22918,707,8.5,4.75,2,1.75,-1,-339.95,32.7,28.4,-79.17
MNQ SEP25,20s,20,5791,2025-07-14 09:50:40,22924,22929.5,22916.25,22918,1947,13.25,6,5.5,1.75,-1,-228.95,119.95,-141.68333333,-70.36
MNQ SEP25,1s,1,1840,2025-07-14 09:50:41,22917.25,22920,22917.25,22918.5,81,2.75,1.25,1.5,0,1,,,,
MNQ SEP25,1s,1,1841,2025-07-14 09:50:42,22918.5,22920,22918.5,22919.75,23,1.5,1.25,0.25,0,1,,,,
MNQ SEP25,1s,1,1842,2025-07-14 09:50:43,22919.25,22920.25,22918.5,22918.5,49,1.75,0.75,1,0,-1,,,,
MNQ SEP25,1s,1,1843,2025-07-14 09:50:44,22919.25,22919.25,22918.25,22918.5,25,1,0.75,0,0.25,-1,,,,
MNQ SEP25,1s,1,1844,2025-07-14 09:50:45,22919,22921.75,22918.75,22921.75,77,3,2.75,0,0.25,1,,,,
MNQ SEP25,1s,1,1845,2025-07-14 09:50:46,22921,22923,22920.5,22921.25,60,2.5,0.25,1.75,0.5,1,,,,
MNQ SEP25,1s,1,1846,2025-07-14 09:50:47,22920.75,22920.75,22919.25,22919.75,48,1.5,1,0,0.5,-1,,,,
MNQ SEP25,1s,1,1847,2025-07-14 09:50:48,22920.25,22921.25,22920,22920.5,38,1.25,0.25,0.75,0.25,1,,,,
MNQ SEP25,1s,1,1848,2025-07-14 09:50:49,22920.5,22922.75,22920.5,22921.75,40,2.25,1.25,1,0,1,,,,
MNQ SEP25,1s,1,1849,2025-07-14 09:50:50,22921.75,22922,22920.75,22922,42,1.25,0.25,0,1,1,,,,
MNQ SEP25,10s,10,5584,2025-07-14 09:50:50,22917.25,22923,22917.25,22922,483,5.75,4.75,1,0,1,-300.6,39.35,63.08333333,0.6
MNQ SEP25,1s,1,1850,2025-07-14 09:50:51,22922,22923.75,22922,22923,61,1.75,1,0.75,0,1,,,,
MNQ SEP25,1s,1,1851,2025-07-14 09:50:52,22923.25,22924.5,22923,22923.75,67,1.5,0.5,0.75,0.25,1,,,,
MNQ SEP25,1s,1,1852,2025-07-14 09:50:53,22924,22925,22923.5,22924.75,47,1.5,0.75,0.25,0.5,1,,,,
MNQ SEP25,1s,1,1853,2025-07-14 09:50:54,22924.75,22925.25,22924,22924.5,42,1.25,0.25,0.5,0.5,-1,,,,
MNQ SEP25,1s,1,1854,2025-07-14 09:50:55,22924.5,22925,22923.5,22924.5,32,1.5,0,0.5,1,0,,,,
MNQ SEP25,1s,1,1855,2025-07-14 09:50:56,22924,22924.5,22922.75,22924.25,40,1.75,0.25,0.25,1.25,1,,,,
MNQ SEP25,1s,1,1856,2025-07-14 09:50:57,22923.75,22924,22921.25,22922.25,37,2.75,1.5,0.25,1,-1,,,,
MNQ SEP25,1s,1,1857,2025-07-14 09:50:58,22921.75,22921.75,22919.5,22920,96,2.25,1.75,0,0.5,-1,,,,
MNQ SEP25,1s,1,1858,2025-07-14 09:50:59,22920.25,22921.25,22919.5,22920.25,29,1.75,0,1,0.75,0,,,,
MNQ SEP25,1s,1,1859,2025-07-14 09:51:00,22920.5,22922.5,22920.5,22922,53,2,1.5,0.5,0,1,,,,
MNQ SEP25,10s,10,5585,2025-07-14 09:51:00,22922,22925.25,22919.5,22922,504,5.75,0,3.25,2.5,0,-278.75,21.85,31.3,29.28
MNQ SEP25,20s,20,5792,2025-07-14 09:51:00,22917.25,22925.25,22917.25,22922,987,8,4.75,3.25,0,1,-656.55,-427.6,-177.65,-162.21
MNQ SEP25,1s,1,1860,2025-07-14 09:51:01,22922.5,22924,22921.25,22922.75,98,2.75,0.25,1.25,1.25,1,,,,
MNQ SEP25,1s,1,1861,2025-07-14 09:51:02,22922.5,22923.25,22921.75,22923.25,50,1.5,0.75,0,0.75,1,,,,
MNQ SEP25,1s,1,1862,2025-07-14 09:51:03,22924,22924.5,22923.25,22923.25,41,1.25,0.75,0.5,0,-1,,,,
MNQ SEP25,1s,1,1863,2025-07-14 09:51:04,22923.25,22924.75,22923.25,22924,50,1.5,0.75,0.75,0,1,,,,
MNQ SEP25,1s,1,1864,2025-07-14 09:51:05,22924.25,22926,22924.25,22925.5,66,1.75,1.25,0.5,0,1,,,,
MNQ SEP25,1s,1,1865,2025-07-14 09:51:06,22925.5,22925.75,22924.5,22924.5,52,1.25,1,0.25,0,-1,,,,
MNQ SEP25,1s,1,1866,2025-07-14 09:51:07,22925.25,22925.75,22923.5,22924.5,55,2.25,0.75,0.5,1,-1,,,,
MNQ SEP25,1s,1,1867,2025-07-14 09:51:08,22925,22926.75,22925,22926.75,61,1.75,1.75,0,0,1,,,,
MNQ SEP25,1s,1,1868,2025-07-14 09:51:09,22926.5,22927,22925.25,22926,88,1.75,0.5,0.5,0.75,-1,,,,
MNQ SEP25,1s,1,1869,2025-07-14 09:51:10,22926.5,22926.5,22923.5,22923.75,86,3,2.75,0,0.25,-1,,,,
MNQ SEP25,10s,10,5586,2025-07-14 09:51:10,22922.5,22927,22921.25,22923.75,647,5.75,1.25,3.25,1.25,1,-284.05,-5.3,18.63333333,41.16
MNQ SEP25,1s,1,1870,2025-07-14 09:51:11,22923.5,22924,22922.75,22924,35,1.25,0.5,0,0.75,1,,,,
MNQ SEP25,1s,1,1871,2025-07-14 09:51:12,22924,22925,22923,22923,15,2,1,1,0,-1,,,,
MNQ SEP25,1s,1,1872,2025-07-14 09:51:13,22923.5,22926.5,22923.5,22924.75,23,3,1.25,1.75,0,1,,,,
MNQ SEP25,1s,1,1873,2025-07-14 09:51:14,22924.25,22925.25,22922.75,22923.25,46,2.5,1,1,0.5,-1,,,,
MNQ SEP25,1s,1,1874,2025-07-14 09:51:15,22923.5,22924.75,22923,22924.5,39,1.75,1,0.25,0.5,1,,,,
MNQ SEP25,1s,1,1875,2025-07-14 09:51:16,22924.25,22924.25,22920.5,22920.75,78,3.75,3.5,0,0.25,-1,,,,
MNQ SEP25,1s,1,1876,2025-07-14 09:51:17,22921,22921.25,22919.25,22919.5,77,2,1.5,0.25,0.25,-1,,,,
MNQ SEP25,1s,1,1877,2025-07-14 09:51:18,22919.25,22920.75,22919.25,22920.5,30,1.5,1.25,0.25,0,1,,,,
MNQ SEP25,1s,1,1878,2025-07-14 09:51:19,22920.75,22921.5,22920,22920.5,42,1.5,0.25,0.75,0.5,-1,,,,
MNQ SEP25,1s,1,1879,2025-07-14 09:51:20,22920.5,22921,22920,22920.75,28,1,0.25,0.25,0.5,1,,,,
MNQ SEP25,10s,10,5587,2025-07-14 09:51:20,22923.5,22926.5,22919.25,22920.75,413,7.25,2.75,3,1.5,-1,-434.1,-150.05,-44.5,-12.29
MNQ SEP25,20s,20,5793,2025-07-14 09:51:20,22922.5,22927,22919.25,22920.75,1060,7.75,1.75,4.5,1.5,-1,-762,-105.45,-137.7,-191.62
MNQ SEP25,1s,1,1880,2025-07-14 09:51:21,22920.25,22920.75,22919.75,22920.25,30,1,0,0.5,0.5,0,,,,
MNQ SEP25,1s,1,1881,2025-07-14 09:51:22,22921,22921,22919.5,22920.5,64,1.5,0.5,0,1,-1,,,,
MNQ SEP25,1s,1,1882,2025-07-14 09:51:23,22920.25,22921.5,22920.25,22920.75,9,1.25,0.5,0.75,0,1,,,,
MNQ SEP25,1s,1,1883,2025-07-14 09:51:24,22921.25,22922,22919,22919.5,47,3,1.75,0.75,0.5,-1,,,,
MNQ SEP25,1s,1,1884,2025-07-14 09:51:25,22920.75,22921,22920,22920.25,15,1,0.5,0.25,0.25,-1,,,,
MNQ SEP25,1s,1,1885,2025-07-14 09:51:26,22920.75,22921.75,22920,22921,33,1.75,0.25,0.75,0.75,1,,,,
MNQ SEP25,1s,1,1886,2025-07-14 09:51:27,22921,22923.25,22921,22922.5,26,2.25,1.5,0.75,0,1,,,,
MNQ SEP25,1s,1,1887,2025-07-14 09:51:28,22922.25,22923.75,22922.25,22923,34,1.5,0.75,0.75,0,1,,,,
MNQ SEP25,1s,1,1888,2025-07-14 09:51:29,22923.75,22924.75,22923,22923.5,83,1.75,0.25,1,0.5,-1,,,,
MNQ SEP25,1s,1,1889,2025-07-14 09:51:30,22923.25,22923.25,22921.75,22922.5,25,1.5,0.75,0,0.75,-1,,,,
MNQ SEP25,10s,10,5588,2025-07-14 09:51:30,22920.25,22924.75,22919,22922.5,366,5.75,2.25,2.25,1.25,1,-441.65,-7.55,-54.3,-20.34
MNQ SEP25,1s,1,1890,2025-07-14 09:51:31,22922.25,22922.25,22921,22921,30,1.25,1.25,0,0,-1,,,,
MNQ SEP25,1s,1,1891,2025-07-14 09:51:32,22920.75,22921,22919,22920,44,2,0.75,0.25,1,-1,,,,
MNQ SEP25,1s,1,1892,2025-07-14 09:51:33,22920,22920.75,22918.5,22918.75,55,2.25,1.25,0.75,0.25,-1,,,,
MNQ SEP25,1s,1,1893,2025-07-14 09:51:34,22918.75,22919.25,22917,22917.5,89,2.25,1.25,0.5,0.5,-1,,,,
MNQ SEP25,1s,1,1894,2025-07-14 09:51:35,22917.5,22918.5,22917.5,22918.5,64,1,1,0,0,1,,,,
MNQ SEP25,1s,1,1895,2025-07-14 09:51:36,22918.25,22920.25,22918.25,22920.25,44,2,2,0,0,1,,,,
MNQ SEP25,1s,1,1896,2025-07-14 09:51:37,22920,22920.5,22918.25,22918.75,32,2.25,1.25,0.5,0.5,-1,,,,
MNQ SEP25,1s,1,1897,2025-07-14 09:51:38,22919,22920.5,22918.75,22918.75,23,1.75,0.25,1.5,0,-1,,,,
MNQ SEP25,1s,1,1898,2025-07-14 09:51:39,22919,22920.75,22919,22920,21,1.75,1,0.75,0,1,,,,
MNQ SEP25,1s,1,1899,2025-07-14 09:51:40,22919.5,22921.25,22919.25,22921.25,21,2,1.75,0,0.25,1,,,,
MNQ SEP25,10s,10,5589,2025-07-14 09:51:40,22922.25,22922.25,22917,22921.25,423,5.25,1,0,4.25,-1,-383.5,58.15,-33.15,-16.58
MNQ SEP25,20s,20,5794,2025-07-14 09:51:40,22920.25,22924.75,22917,22921.25,789,7.75,1,3.5,3.25,1,-736.1,25.9,-169.05,-122.5
MNQ SEP25,1s,1,1900,2025-07-14 09:51:41,22920.75,22925.75,22920.75,22925.25,72,5,4.5,0.5,0,1,,,,
MNQ SEP25,1s,1,1901,2025-07-14 09:51:42,22925,22925.75,22923.5,22925.25,121,2.25,0.25,0.5,1.5,1,,,,
MNQ SEP25,1s,1,1902,2025-07-14 09:51:43,22925,22926.5,22924.5,22925.25,52,2,0.25,1.25,0.5,1,,,,
MNQ SEP25,1s,1,1903,2025-07-14 09:51:44,22925.5,22927,22924.5,22924.75,100,2.5,0.75,1.5,0.25,-1,,,,
MNQ SEP25,1s,1,1904,2025-07-14 09:51:45,22924.75,22926,22924.5,22925,77,1.5,0.25,1,0.25,1,,,,
MNQ SEP25,1s,1,1905,2025-07-14 09:51:46,22925,22925.25,22924.5,22924.75,18,0.75,0.25,0.25,0.25,-1,,,,
MNQ SEP25,1s,1,1906,2025-07-14 09:51:47,22925.25,22925.25,22924,22924.5,23,1.25,0.75,0,0.5,-1,,,,
MNQ SEP25,1s,1,1907,2025-07-14 09:51:48,22924.75,22924.75,22922.75,22923.75,28,2,1,0,1,-1,,,,
MNQ SEP25,1s,1,1908,2025-07-14 09:51:49,22923.75,22927,22923.75,22927,48,3.25,3.25,0,0,1,,,,
MNQ SEP25,1s,1,1909,2025-07-14 09:51:50,22926.5,22929.5,22926,22929.25,144,3.5,2.75,0.25,0.5,1,,,,
MNQ SEP25,10s,10,5590,2025-07-14 09:51:50,22920.75,22929.5,22920.75,22929.25,683,8.75,8.5,0.25,0,1,-290.35,93.15,47.91666667,-2.32
MNQ SEP25,1s,1,1910,2025-07-14 09:51:51,22928.75,22930.5,22928,22930,180,2.5,1.25,0.5,0.75,1,,,,
MNQ SEP25,1s,1,1911,2025-07-14 09:51:52,22930,22930.5,22929,22930.25,129,1.5,0.25,0.25,1,1,,,,
MNQ SEP25,1s,1,1912,2025-07-14 09:51:53,22930.5,22932,22930.5,22931.5,154,1.5,1,0.5,0,1,,,,
MNQ SEP25,1s,1,1913,2025-07-14 09:51:54,22931.5,22934.5,22931.25,22934.25,312,3.25,2.75,0.25,0.25,1,,,,
MNQ SEP25,1s,1,1914,2025-07-14 09:51:55,22933.75,22934,22931.75,22933,168,2.25,0.75,0.25,1.25,-1,,,,
MNQ SEP25,1s,1,1915,2025-07-14 09:51:56,22932.75,22934.75,22932,22934,80,2.75,1.25,0.75,0.75,1,,,,
MNQ SEP25,1s,1,1916,2025-07-14 09:51:57,22934.5,22935,22933.5,22933.5,138,1.5,1,0.5,0,-1,,,,
MNQ SEP25,1s,1,1917,2025-07-14 09:51:58,22934,22934.5,22933.5,22934,47,1,0,0.5,0.5,0,,,,
MNQ SEP25,1s,1,1918,2025-07-14 09:51:59,22933.75,22934.5,22932.75,22934,119,1.75,0.25,0.5,1,1,,,,
MNQ SEP25,1s,1,1919,2025-07-14 09:52:00,22934,22934.75,22933.5,22934.75,70,1.25,0.75,0,0.5,1,,,,
MNQ SEP25,10s,10,5591,2025-07-14 09:52:00,22928.75,22935,22928,22934.75,1397,7,6,0.25,0.75,1,-144.75,145.6,98.96666667,27.86
MNQ SEP25,20s,20,5795,2025-07-14 09:52:00,22920.75,22935,22920.75,22934.75,2080,14.25,14,0.25,0,1,-546.65,189.45,36.63333333,-39.55
MNQ SEP25,1s,1,1920,2025-07-14 09:52:01,22934.75,22935.75,22931.75,22932,284,4,2.75,1,0.25,-1,,,,
MNQ SEP25,1s,1,1921,2025-07-14 09:52:02,22931.5,22933,22930.75,22932.5,156,2.25,1,0.5,0.75,1,,,,
MNQ SEP25,1s,1,1922,2025-07-14 09:52:03,22932.25,22932.5,22929.75,22932.5,106,2.75,0.25,0,2.5,1,,,,
MNQ SEP25,1s,1,1923,2025-07-14 09:52:04,22933,22934.25,22931.75,22931.75,118,2.5,1.25,1.25,0,-1,,,,
MNQ SEP25,1s,1,1924,2025-07-14 09:52:05,22932.25,22932.75,22928.75,22929.25,142,4,3,0.5,0.5,-1,,,,
MNQ SEP25,1s,1,1925,2025-07-14 09:52:06,22928.75,22930.25,22928.25,22929.25,91,2,0.5,1,0.5,1,,,,
MNQ SEP25,1s,1,1926,2025-07-14 09:52:07,22929,22929.5,22926.5,22926.5,81,3,2.5,0.5,0,-1,,,,
MNQ SEP25,1s,1,1927,2025-07-14 09:52:08,22926.75,22929.25,22926.25,22928,73,3,1.25,1.25,0.5,1,,,,
MNQ SEP25,1s,1,1928,2025-07-14 09:52:09,22928,22928.5,22927.5,22928.25,25,1,0.25,0.25,0.5,1,,,,
MNQ SEP25,1s,1,1929,2025-07-14 09:52:10,22927.75,22928.75,22927.25,22927.75,38,1.5,0,1,0.5,0,,,,
MNQ SEP25,10s,10,5592,2025-07-14 09:52:10,22934.75,22935.75,22926.25,22927.75,1114,9.5,7,1,1.5,-1,-26.35,118.4,119.05,81.55
MNQ SEP25,1s,1,1930,2025-07-14 09:52:11,22927.75,22933,22927.75,22932.25,61,5.25,4.5,0.75,0,1,,,,
MNQ SEP25,1s,1,1931,2025-07-14 09:52:12,22932.5,22933,22931.75,22932.75,44,1.25,0.25,0.25,0.75,1,,,,
MNQ SEP25,1s,1,1932,2025-07-14 09:52:13,22932.5,22932.5,22930.75,22931,56,1.75,1.5,0,0.25,-1,,,,
MNQ SEP25,1s,1,1933,2025-07-14 09:52:14,22931.25,22932,22930.75,22931.5,33,1.25,0.25,0.5,0.5,1,,,,
MNQ SEP25,1s,1,1934,2025-07-14 09:52:15,22931.25,22932.5,22931.25,22932.5,24,1.25,1.25,0,0,1,,,,
MNQ SEP25,1s,1,1935,2025-07-14 09:52:16,22932,22935,22932,22934.75,72,3,2.75,0.25,0,1,,,,
MNQ SEP25,1s,1,1936,2025-07-14 09:52:17,22934.75,22935,22932.75,22933.25,69,2.25,1.5,0.25,0.5,-1,,,,
MNQ SEP25,1s,1,1937,2025-07-14 09:52:18,22933.5,22934,22932.75,22932.75,35,1.25,0.75,0.5,0,-1,,,,
MNQ SEP25,1s,1,1938,2025-07-14 09:52:19,22933.25,22933.25,22928,22928.75,110,5.25,4.5,0,0.75,-1,,,,
MNQ SEP25,1s,1,1939,2025-07-14 09:52:20,22929,22930,22929,22929.75,50,1,0.75,0.25,0,1,,,,
MNQ SEP25,10s,10,5593,2025-07-14 09:52:20,22927.75,22935,22927.75,22929.75,554,7.25,2,5.25,0,1,24.2,50.55,104.85,93.17
MNQ SEP25,20s,20,5796,2025-07-14 09:52:20,22934.75,22935.75,22926.25,22929.75,1668,9.5,5,1,3.5,-1,-529.8,16.85,77.4,-60.17
MNQ SEP25,1s,1,1940,2025-07-14 09:52:21,22929.5,22929.5,22928.25,22928.25,39,1.25,1.25,0,0,-1,,,,
MNQ SEP25,1s,1,1941,2025-07-14 09:52:22,22929,22929.25,22927.75,22928.25,84,1.5,0.75,0.25,0.5,-1,,,,
MNQ SEP25,1s,1,1942,2025-07-14 09:52:23,22928.75,22929,22924.5,22925.75,133,4.5,3,0.25,1.25,-1,,,,
MNQ SEP25,1s,1,1943,2025-07-14 09:52:24,22925.5,22926.75,22925,22926.75,55,1.75,1.25,0,0.5,1,,,,
MNQ SEP25,1s,1,1944,2025-07-14 09:52:25,22926.25,22928.75,22926.25,22927.75,86,2.5,1.5,1,0,1,,,,
MNQ SEP25,1s,1,1945,2025-07-14 09:52:26,22928,22928.5,22927.5,22928.25,33,1,0.25,0.25,0.5,1,,,,
MNQ SEP25,1s,1,1946,2025-07-14 09:52:27,22928.25,22929,22928,22928.5,49,1,0.25,0.5,0.25,1,,,,
MNQ SEP25,1s,1,1947,2025-07-14 09:52:28,22928.75,22928.75,22926,22927,51,2.75,1.75,0,1,-1,,,,
MNQ SEP25,1s,1,1948,2025-07-14 09:52:29,22927,22927,22924.25,22924.25,46,2.75,2.75,0,0,-1,,,,
MNQ SEP25,1s,1,1949,2025-07-14 09:52:30,22924.25,22926,22923.25,22923.75,90,2.75,0.5,1.75,0.5,-1,,,,
MNQ SEP25,10s,10,5594,2025-07-14 09:52:30,22929.5,22929.5,22923.25,22923.75,666,6.25,5.75,0,0.5,-1,150.05,125.85,98.26666667,106.71
MNQ SEP25,1s,1,1950,2025-07-14 09:52:31,22924.25,22925.5,22923.5,22924,89,2,0.25,1.25,0.5,-1,,,,
MNQ SEP25,1s,1,1951,2025-07-14 09:52:32,22924,22924.25,22922,22923,102,2.25,1,0.25,1,-1,,,,
MNQ SEP25,1s,1,1952,2025-07-14 09:52:33,22922.75,22925.25,22922.25,22925,87,3,2.25,0.25,0.5,1,,,,
MNQ SEP25,1s,1,1953,2025-07-14 09:52:34,22925.25,22928.5,22925.25,22927.75,83,3.25,2.5,0.75,0,1,,,,
MNQ SEP25,1s,1,1954,2025-07-14 09:52:35,22927.5,22928,22926.5,22926.5,69,1.5,1,0.5,0,-1,,,,
MNQ SEP25,1s,1,1955,2025-07-14 09:52:36,22926,22926.75,22923.25,22923.5,66,3.5,2.5,0.75,0.25,-1,,,,
MNQ SEP25,1s,1,1956,2025-07-14 09:52:37,22923.75,22925,22923.75,22925,46,1.25,1.25,0,0,1,,,,
MNQ SEP25,1s,1,1957,2025-07-14 09:52:38,22925,22926.75,22924.25,22926.5,51,2.5,1.5,0.25,0.75,1,,,,
MNQ SEP25,1s,1,1958,2025-07-14 09:52:39,22926.5,22927.75,22925.75,22926.5,34,2,0,1.25,0.75,0,,,,
MNQ SEP25,1s,1,1959,2025-07-14 09:52:40,22926.75,22927.25,22926.25,22927.25,35,1,0.5,0,0.5,1,,,,
MNQ SEP25,10s,10,5595,2025-07-14 09:52:40,22924.25,22928.5,22922,22927.25,662,6.5,3,1.25,2.25,1,176.5,26.45,67.61666667,93.37
MNQ SEP25,20s,20,5797,2025-07-14 09:52:40,22929.5,22929.5,22922,22927.25,1328,7.5,2.25,0,5.25,-1,-416.85,112.95,106.41666667,47.94
MNQ SEP25,1s,1,1960,2025-07-14 09:52:41,22927.25,22927.75,22925.5,22927.75,37,2.25,0.5,0,1.75,1,,,,
MNQ SEP25,1s,1,1961,2025-07-14 09:52:42,22927.75,22928.25,22926.75,22926.75,41,1.5,1,0.5,0,-1,,,,
MNQ SEP25,1s,1,1962,2025-07-14 09:52:43,22927.5,22927.5,22925,22925,34,2.5,2.5,0,0,-1,,,,
MNQ SEP25,1s,1,1963,2025-07-14 09:52:44,22925,22925,22923.75,22924.5,35,1.25,0.5,0,0.75,-1,,,,
MNQ SEP25,1s,1,1964,2025-07-14 09:52:45,22924.25,22924.5,22923.25,22924,45,1.25,0.25,0.25,0.75,-1,,,,
MNQ SEP25,1s,1,1965,2025-07-14 09:52:46,22923.75,22924.25,22923.25,22923.75,29,1,0,0.5,0.5,0,,,,
MNQ SEP25,1s,1,1966,2025-07-14 09:52:47,22923.25,22924,22923,22923.25,24,1,0,0.75,0.25,0,,,,
MNQ SEP25,1s,1,1967,2025-07-14 09:52:48,22923.5,22925,22922,22924.5,57,3,1,0.5,1.5,1,,,,
MNQ SEP25,1s,1,1968,2025-07-14 09:52:49,22924.25,22925,22924,22924.25,35,1,0,0.75,0.25,0,,,,
MNQ SEP25,1s,1,1969,2025-07-14 09:52:50,22924.75,22925.25,22922,22922,34,3.25,2.75,0.5,0,-1,,,,
MNQ SEP25,10s,10,5596,2025-07-14 09:52:50,22927.25,22928.25,22922,22922,371,6.25,5.25,1,0,-1,7.3,-169.2,-5.63333333,30.41
MNQ SEP25,1s,1,1970,2025-07-14 09:52:51,22922.25,22923,22922,22922.5,13,1,0.25,0.5,0.25,1,,,,
MNQ SEP25,1s,1,1971,2025-07-14 09:52:52,22922.5,22923.25,22921.5,22921.5,40,1.75,1,0.75,0,-1,,,,
MNQ SEP25,1s,1,1972,2025-07-14 09:52:53,22921.75,22921.75,22918.5,22919.5,237,3.25,2.25,0,1,-1,,,,
MNQ SEP25,1s,1,1973,2025-07-14 09:52:54,22919.5,22920.25,22918.75,22919.25,80,1.5,0.25,0.75,0.5,-1,,,,
MNQ SEP25,1s,1,1974,2025-07-14 09:52:55,22919,22920.5,22918.25,22920,85,2.25,1,0.5,0.75,1,,,,
MNQ SEP25,1s,1,1975,2025-07-14 09:52:56,22920.5,22920.5,22919.5,22919.75,48,1,0.75,0,0.25,-1,,,,
MNQ SEP25,1s,1,1976,2025-07-14 09:52:57,22920.25,22921.5,22919.5,22920.75,41,2,0.5,0.75,0.75,1,,,,
MNQ SEP25,1s,1,1977,2025-07-14 09:52:58,22921.25,22921.25,22920,22920,31,1.25,1.25,0,0,-1,,,,
MNQ SEP25,1s,1,1978,2025-07-14 09:52:59,22920,22921.25,22919.75,22920.5,31,1.5,0.5,0.75,0.25,1,,,,
MNQ SEP25,1s,1,1979,2025-07-14 09:53:00,22920.75,22921.75,22920.75,22921.75,24,1,1,0,0,1,,,,
MNQ SEP25,10s,10,5597,2025-07-14 09:53:00,22922.25,22923.25,22918.25,22921.75,630,5,0.5,1,3.5,-1,-95.1,-102.4,-81.71666667,-13.75
MNQ SEP25,20s,20,5798,2025-07-14 09:53:00,22927.25,22928.25,22918.25,22921.75,1001,10,5.5,1,3.5,-1,-370.1,46.75,58.85,78.38
MNQ SEP25,1s,1,1980,2025-07-14 09:53:01,22922,22923,22919.5,22920.5,38,3.5,1.5,1,1,-1,,,,
MNQ SEP25,1s,1,1981,2025-07-14 09:53:02,22921,22921.75,22919.5,22919.75,47,2.25,1.25,0.75,0.25,-1,,,,
MNQ SEP25,1s,1,1982,2025-07-14 09:53:03,22919.25,22920.25,22917.75,22918.5,98,2.5,0.75,1,0.75,-1,,,,
MNQ SEP25,1s,1,1983,2025-07-14 09:53:04,22918.5,22918.75,22916,22916,157,2.75,2.5,0.25,0,-1,,,,
MNQ SEP25,1s,1,1984,2025-07-14 09:53:05,22916.25,22916.75,22913.75,22916.25,323,3,0,0.5,2.5,0,,,,
MNQ SEP25,1s,1,1985,2025-07-14 09:53:06,22916.25,22916.5,22913.25,22913.75,157,3.25,2.5,0.25,0.5,-1,,,,
MNQ SEP25,1s,1,1986,2025-07-14 09:53:07,22913.5,22915.25,22913.25,22914.5,120,2,1,0.75,0.25,1,,,,
MNQ SEP25,1s,1,1987,2025-07-14 09:53:08,22914.25,22919,22914,22918,150,5,3.75,1,0.25,1,,,,
MNQ SEP25,1s,1,1988,2025-07-14 09:53:09,22918.5,22918.75,22916.5,22917.75,70,2.25,0.75,0.25,1.25,-1,,,,
MNQ SEP25,1s,1,1989,2025-07-14 09:53:10,22917.75,22918.25,22916.25,22916.5,80,2,1.25,0.5,0.25,-1,,,,
MNQ SEP25,10s,10,5598,2025-07-14 09:53:10,22922,22923,22913.25,22916.5,1240,9.75,5.5,1,3.25,-1,5.75,100.85,-56.91666667,-3.69
MNQ SEP25,1s,1,1990,2025-07-14 09:53:11,22916.5,22918.25,22916.5,22916.75,86,1.75,0.25,1.5,0,1,,,,
MNQ SEP25,1s,1,1991,2025-07-14 09:53:12,22915.75,22915.75,22913,22913.25,76,2.75,2.5,0,0.25,-1,,,,
MNQ SEP25,1s,1,1992,2025-07-14 09:53:13,22913,22913.5,22912,22912.5,87,1.5,0.5,0.5,0.5,-1,,,,
MNQ SEP25,1s,1,1993,2025-07-14 09:53:14,22912.25,22913,22911.75,22912.25,91,1.25,0,0.75,0.5,0,,,,
MNQ SEP25,1s,1,1994,2025-07-14 09:53:15,22912.5,22912.75,22910.25,22911.5,151,2.5,1,0.25,1.25,-1,,,,
MNQ SEP25,1s,1,1995,2025-07-14 09:53:16,22911.75,22911.75,22908,22908.5,236,3.75,3.25,0,0.5,-1,,,,
MNQ SEP25,1s,1,1996,2025-07-14 09:53:17,22908.5,22909.75,22908.25,22909.25,139,1.5,0.75,0.5,0.25,1,,,,
MNQ SEP25,1s,1,1997,2025-07-14 09:53:18,22909.5,22913.25,22909.5,22912.25,148,3.75,2.75,1,0,1,,,,
MNQ SEP25,1s,1,1998,2025-07-14 09:53:19,22911.75,22913.25,22911.75,22913.25,90,1.5,1.5,0,0,1,,,,
MNQ SEP25,1s,1,1999,2025-07-14 09:53:20,22913,22913.5,22912.5,22912.75,50,1,0.25,0.5,0.25,-1,,,,
MNQ SEP25,10s,10,5599,2025-07-14 09:53:20,22916.5,22918.25,22908,22912.75,1154,10.25,3.75,1.75,4.75,-1,66.35,60.6,19.68333333,-16.74
MNQ SEP25,20s,20,5799,2025-07-14 09:53:20,22922,22923,22908,22912.75,2394,15,9.25,1,4.75,-1,-116.65,253.45,137.71666667,123.89
MNQ SEP25,1s,1,2000,2025-07-14 09:53:21,22913,22914,22911.25,22911.25,62,2.75,1.75,1,0,-1,,,,
MNQ SEP25,1s,1,2001,2025-07-14 09:53:22,22911.25,22911.75,22909,22910.75,102,2.75,0.5,0.5,1.75,-1,,,,
MNQ SEP25,1s,1,2002,2025-07-14 09:53:23,22910.75,22910.75,22908.75,22909.5,32,2,1.25,0,0.75,-1,,,,
MNQ SEP25,1s,1,2003,2025-07-14 09:53:24,22909,22910.25,22908.75,22909.25,49,1.5,0.25,1,0.25,1,,,,
MNQ SEP25,1s,1,2004,2025-07-14 09:53:25,22910.25,22910.25,22908.75,22909.5,45,1.5,0.75,0,0.75,-1,,,,
MNQ SEP25,1s,1,2005,2025-07-14 09:53:26,22910,22913.5,22909.25,22913.25,115,4.25,3.25,0.25,0.75,1,,,,
MNQ SEP25,1s,1,2006,2025-07-14 09:53:27,22913.5,22913.75,22911.75,22913.5,48,2,0,0.25,1.75,0,,,,
MNQ SEP25,1s,1,2007,2025-07-14 09:53:28,22913.5,22913.5,22910.25,22910.75,50,3.25,2.75,0,0.5,-1,,,,
MNQ SEP25,1s,1,2008,2025-07-14 09:53:29,22911.5,22912.25,22910,22910.5,37,2.25,1,0.75,0.5,-1,,,,
MNQ SEP25,1s,1,2009,2025-07-14 09:53:30,22911,22915,22911,22915,52,4,4,0,0,1,,,,
MNQ SEP25,10s,10,5600,2025-07-14 09:53:30,22913,22915,22908.75,22915,592,6.25,2,0,4.25,1,61.55,-4.8,52.21666667,-22.99
MNQ SEP25,1s,1,2010,2025-07-14 09:53:31,22914.75,22917,22913.75,22916.5,104,3.25,1.75,0.5,1,1,,,,
MNQ SEP25,1s,1,2011,2025-07-14 09:53:32,22916.25,22918,22915.75,22916,63,2.25,0.25,1.75,0.25,-1,,,,
MNQ SEP25,1s,1,2012,2025-07-14 09:53:33,22916.25,22916.25,22914.25,22914.25,42,2,2,0,0,-1,,,,
MNQ SEP25,1s,1,2013,2025-07-14 09:53:34,22915,22916.25,22914.5,22915.75,37,1.75,0.75,0.5,0.5,1,,,,
MNQ SEP25,1s,1,2014,2025-07-14 09:53:35,22917,22919.25,22916.5,22919,51,2.75,2,0.25,0.5,1,,,,
MNQ SEP25,1s,1,2015,2025-07-14 09:53:36,22918.5,22919.75,22918,22918,63,1.75,0.5,1.25,0,-1,,,,
MNQ SEP25,1s,1,2016,2025-07-14 09:53:37,22918.25,22919.25,22917.25,22917.75,36,2,0.5,1,0.5,-1,,,,
MNQ SEP25,1s,1,2017,2025-07-14 09:53:38,22917.25,22919.5,22917,22919.5,50,2.5,2.25,0,0.25,1,,,,
MNQ SEP25,1s,1,2018,2025-07-14 09:53:39,22919.5,22920.25,22919,22920.25,76,1.25,0.75,0,0.5,1,,,,
MNQ SEP25,1s,1,2019,2025-07-14 09:53:40,22920.25,22921.75,22919.75,22921.25,73,2,1,0.5,0.5,1,,,,
MNQ SEP25,10s,10,5601,2025-07-14 09:53:40,22914.75,22921.75,22913.75,22921.25,595,8,6.5,0.5,1,1,120.15,58.6,38.13333333,22.57
MNQ SEP25,20s,20,5800,2025-07-14 09:53:40,22913,22921.75,22908.75,22921.25,1187,13,8.25,0.5,4.25,1,-314.7,-198.05,34.05,46.39
MNQ SEP25,1s,1,2020,2025-07-14 09:53:41,22921,22925,22920,22924.75,153,5,3.75,0.25,1,1,,,,
MNQ SEP25,1s,1,2021,2025-07-14 09:53:42,22925,22925,22923.25,22924.5,120,1.75,0.5,0,1.25,-1,,,,
MNQ SEP25,1s,1,2022,2025-07-14 09:53:43,22924.5,22925,22923,22923,124,2,1.5,0.5,0,-1,,,,
MNQ SEP25,1s,1,2023,2025-07-14 09:53:44,22923.75,22924.5,22923.25,22923.25,43,1.25,0.5,0.75,0,-1,,,,
MNQ SEP25,1s,1,2024,2025-07-14 09:53:45,22923.5,22924.75,22923.25,22924,29,1.5,0.5,0.75,0.25,1,,,,
MNQ SEP25,1s,1,2025,2025-07-14 09:53:46,22924,22925,22923.5,22924.25,56,1.5,0.25,0.75,0.5,1,,,,
MNQ SEP25,1s,1,2026,2025-07-14 09:53:47,22924.75,22927.5,22924.5,22925.75,101,3,1,1.75,0.25,1,,,,
MNQ SEP25,1s,1,2027,2025-07-14 09:53:48,22925.75,22926.25,22924.75,22925.25,98,1.5,0.5,0.5,0.5,-1,,,,
MNQ SEP25,1s,1,2028,2025-07-14 09:53:49,22925.5,22926.5,22925.25,22925.25,75,1.25,0.25,1,0,-1,,,,
MNQ SEP25,1s,1,2029,2025-07-14 09:53:50,22925.25,22925.5,22923.75,22925,60,1.75,0.25,0.25,1.25,-1,,,,
MNQ SEP25,10s,10,5602,2025-07-14 09:53:50,22921,22927.5,22920,22925,859,7.5,4,2.5,1,1,185,64.85,39.55,56.02
MNQ SEP25,1s,1,2030,2025-07-14 09:53:51,22925.5,22926.5,22924.5,22926.5,39,2,1,0,1,1,,,,
MNQ SEP25,1s,1,2031,2025-07-14 09:53:52,22926.25,22926.25,22922.5,22924.25,65,3.75,2,0,1.75,-1,,,,
MNQ SEP25,1s,1,2032,2025-07-14 09:53:53,22924.25,22926.5,22924.25,22926.5,26,2.25,2.25,0,0,1,,,,
MNQ SEP25,1s,1,2033,2025-07-14 09:53:54,22926.25,22927.25,22926,22926.75,29,1.25,0.5,0.5,0.25,1,,,,
MNQ SEP25,1s,1,2034,2025-07-14 09:53:55,22927,22928.75,22926.75,22928.5,116,2,1.5,0.25,0.25,1,,,,
MNQ SEP25,1s,1,2035,2025-07-14 09:53:56,22928.5,22928.75,22927.75,22928,76,1,0.5,0.25,0.25,-1,,,,
MNQ SEP25,1s,1,2036,2025-07-14 09:53:57,22928.5,22928.75,22927,22927,52,1.75,1.5,0.25,0,-1,,,,
MNQ SEP25,1s,1,2037,2025-07-14 09:53:58,22927,22927.25,22926,22926.75,45,1.25,0.25,0.25,0.75,-1,,,,
MNQ SEP25,1s,1,2038,2025-07-14 09:53:59,22926,22926.75,22924.5,22926.75,35,2.25,0.75,0,1.5,1,,,,
MNQ SEP25,1s,1,2039,2025-07-14 09:54:00,22927.25,22928.25,22927,22928.25,28,1.25,1,0,0.25,1,,,,
MNQ SEP25,10s,10,5603,2025-07-14 09:54:00,22925.5,22928.75,22922.5,22928.25,511,6.25,2.75,0.5,3,1,49,-136,-4.18333333,8.65
MNQ SEP25,20s,20,5801,2025-07-14 09:54:00,22921,22928.75,22920,22928.25,1370,8.75,7.25,0.5,1,1,-378.75,-64.05,-2.88333333,30.21
MNQ SEP25,1s,1,2040,2025-07-14 09:54:01,22928.75,22931.5,22928.5,22929.5,167,3,0.75,2,0.25,1,,,,
MNQ SEP25,1s,1,2041,2025-07-14 09:54:02,22929.25,22929.75,22928.25,22929.25,48,1.5,0,0.5,1,0,,,,
MNQ SEP25,1s,1,2042,2025-07-14 09:54:03,22930,22930.75,22929,22930.5,39,1.75,0.5,0.25,1,1,,,,
MNQ SEP25,1s,1,2043,2025-07-14 09:54:04,22930.75,22931.75,22930,22931,44,1.75,0.25,0.75,0.75,1,,,,
MNQ SEP25,1s,1,2044,2025-07-14 09:54:05,22931,22931.5,22930.25,22930.75,57,1.25,0.25,0.5,0.5,-1,,,,
MNQ SEP25,1s,1,2045,2025-07-14 09:54:06,22930.5,22931.25,22929.25,22930.75,51,2,0.25,0.5,1.25,1,,,,
MNQ SEP25,1s,1,2046,2025-07-14 09:54:07,22930.75,22931.5,22930,22930.5,46,1.5,0.25,0.75,0.5,-1,,,,
MNQ SEP25,1s,1,2047,2025-07-14 09:54:08,22930.25,22930.75,22928,22928.5,34,2.75,1.75,0.5,0.5,-1,,,,
MNQ SEP25,1s,1,2048,2025-07-14 09:54:09,22929,22930,22928.75,22930,44,1.25,1,0,0.25,1,,,,
MNQ SEP25,1s,1,2049,2025-07-14 09:54:10,22930,22930.5,22928.75,22928.75,39,1.75,1.25,0.5,0,-1,,,,
MNQ SEP25,10s,10,5604,2025-07-14 09:54:10,22928.75,22931.75,22928,22928.75,569,3.75,0,3,0.75,0,-72.3,-121.3,-64.15,-27.73
MNQ SEP25,1s,1,2050,2025-07-14 09:54:11,22928.5,22929.75,22927.5,22929,73,2.25,0.5,0.75,1,1,,,,
MNQ SEP25,1s,1,2051,2025-07-14 09:54:12,22929.5,22930.25,22928.5,22928.75,67,1.75,0.75,0.75,0.25,-1,,,,
MNQ SEP25,1s,1,2052,2025-07-14 09:54:13,22928.75,22930,22928.5,22928.5,28,1.5,0.25,1.25,0,-1,,,,
MNQ SEP25,1s,1,2053,2025-07-14 09:54:14,22928,22928.75,22928,22928.5,8,0.75,0.5,0.25,0,1,,,,
MNQ SEP25,1s,1,2054,2025-07-14 09:54:15,22928.25,22929,22927.5,22928.5,21,1.5,0.25,0.5,0.75,1,,,,
MNQ SEP25,1s,1,2055,2025-07-14 09:54:16,22928.5,22929.75,22928,22929,24,1.75,0.5,0.75,0.5,1,,,,
MNQ SEP25,1s,1,2056,2025-07-14 09:54:17,22927.75,22928,22926.75,22927.5,25,1.25,0.25,0.25,0.75,-1,,,,
MNQ SEP25,1s,1,2057,2025-07-14 09:54:18,22927.25,22928.75,22927,22928.75,36,1.75,1.5,0,0.25,1,,,,
MNQ SEP25,1s,1,2058,2025-07-14 09:54:19,22929.5,22930.25,22929.25,22929.5,44,1,0,0.75,0.25,0,,,,
MNQ SEP25,1s,1,2059,2025-07-14 09:54:20,22930,22931,22929.5,22930.75,37,1.5,0.75,0.25,0.5,1,,,,
MNQ SEP25,10s,10,5605,2025-07-14 09:54:20,22928.5,22931,22926.75,22930.75,363,4.25,2.25,0.25,1.75,1,-111.05,-38.75,-98.68333333,-34.52
MNQ SEP25,20s,20,5802,2025-07-14 09:54:20,22928.75,22931.75,22926.75,22930.75,932,5,2,1,2,1,-353.4,25.35,-78.91666667,12.69
MNQ SEP25,1s,1,2060,2025-07-14 09:54:21,22930.25,22931,22930,22930,29,1,0.25,0.75,0,-1,,,,
MNQ SEP25,1s,1,2061,2025-07-14 09:54:22,22930.5,22930.5,22927.75,22927.75,39,2.75,2.75,0,0,-1,,,,
MNQ SEP25,1s,1,2062,2025-07-14 09:54:23,22928.25,22929.75,22927.5,22929.75,35,2.25,1.5,0,0.75,1,,,,
MNQ SEP25,1s,1,2063,2025-07-14 09:54:24,22929.75,22930.25,22928.25,22928.25,19,2,1.5,0.5,0,-1,,,,
MNQ SEP25,1s,1,2064,2025-07-14 09:54:25,22928,22929.25,22926.75,22929,60,2.5,1,0.25,1.25,1,,,,
MNQ SEP25,1s,1,2065,2025-07-14 09:54:26,22928.75,22929.25,22928,22929.25,36,1.25,0.5,0,0.75,1,,,,
MNQ SEP25,1s,1,2066,2025-07-14 09:54:27,22928.75,22928.75,22926,22926,38,2.75,2.75,0,0,-1,,,,
MNQ SEP25,1s,1,2067,2025-07-14 09:54:28,22926.5,22927.5,22926.25,22927.5,38,1.25,1,0,0.25,1,,,,
MNQ SEP25,1s,1,2068,2025-07-14 09:54:29,22928,22929,22927.75,22928.25,33,1.25,0.25,0.75,0.25,1,,,,
MNQ SEP25,1s,1,2069,2025-07-14 09:54:30,22928.5,22928.5,22927,22927.5,12,1.5,1,0,0.5,-1,,,,
MNQ SEP25,10s,10,5606,2025-07-14 09:54:30,22930.25,22931,22926,22927.5,339,5,2.75,0.75,1.5,-1,-146.85,-35.8,-65.28333333,-53.4
MNQ SEP25,1s,1,2070,2025-07-14 09:54:31,22927,22928.25,22927,22927.75,12,1.25,0.75,0.5,0,1,,,,
MNQ SEP25,1s,1,2071,2025-07-14 09:54:32,22927.75,22928.75,22927.75,22928.75,35,1,1,0,0,1,,,,
MNQ SEP25,1s,1,2072,2025-07-14 09:54:33,22928.25,22928.25,22926.25,22927,29,2,1.25,0,0.75,-1,,,,
MNQ SEP25,1s,1,2073,2025-07-14 09:54:34,22926.75,22928.5,22926.75,22928.25,20,1.75,1.5,0.25,0,1,,,,
MNQ SEP25,1s,1,2074,2025-07-14 09:54:35,22928.75,22929.5,22928,22929,22,1.5,0.25,0.5,0.75,1,,,,
MNQ SEP25,1s,1,2075,2025-07-14 09:54:36,22928.75,22929.25,22926,22927.25,29,3.25,1.5,0.5,1.25,-1,,,,
MNQ SEP25,1s,1,2076,2025-07-14 09:54:37,22927,22927.25,22926.75,22927,19,0.5,0,0.25,0.25,0,,,,
MNQ SEP25,1s,1,2077,2025-07-14 09:54:38,22926.75,22928.25,22926.75,22927.5,29,1.5,0.75,0.75,0,1,,,,
MNQ SEP25,1s,1,2078,2025-07-14 09:54:39,22927.25,22929.25,22927.25,22929.25,20,2,2,0,0,1,,,,
MNQ SEP25,1s,1,2079,2025-07-14 09:54:40,22928.75,22929.75,22928.75,22929.75,22,1,1,0,0,1,,,,
MNQ SEP25,10s,10,5607,2025-07-14 09:54:40,22927,22929.75,22926,22929.75,237,3.75,2.75,0,1,1,-262.45,-115.6,-63.38333333,-89.49
MNQ SEP25,20s,20,5803,2025-07-14 09:54:40,22930.25,22931,22926,22929.75,576,5,0.5,0.75,3.75,-1,-359.35,-5.95,-14.88333333,2.15
MNQ SEP25,1s,1,2080,2025-07-14 09:54:41,22929,22930,22928.75,22928.75,31,1.25,0.25,1,0,-1,,,,
MNQ SEP25,1s,1,2081,2025-07-14 09:54:42,22928.75,22928.75,22926.75,22926.75,64,2,2,0,0,-1,,,,
MNQ SEP25,1s,1,2082,2025-07-14 09:54:43,22926.5,22926.5,22925,22926.25,36,1.5,0.25,0,1.25,-1,,,,
MNQ SEP25,1s,1,2083,2025-07-14 09:54:44,22927,22928.5,22926.75,22927.75,48,1.75,0.75,0.75,0.25,1,,,,
MNQ SEP25,1s,1,2084,2025-07-14 09:54:45,22928.25,22929.25,22928,22929.25,18,1.25,1,0,0.25,1,,,,
MNQ SEP25,1s,1,2085,2025-07-14 09:54:46,22929,22930.75,22929,22930.25,40,1.75,1.25,0.5,0,1,,,,
MNQ SEP25,1s,1,2086,2025-07-14 09:54:47,22930.25,22930.5,22929,22929.75,34,1.5,0.5,0.25,0.75,-1,,,,
MNQ SEP25,1s,1,2087,2025-07-14 09:54:48,22930.25,22930.75,22929.5,22930,17,1.25,0.25,0.5,0.5,-1,,,,
MNQ SEP25,1s,1,2088,2025-07-14 09:54:49,22930,22930,22929.75,22930,13,0.25,0,0,0.25,0,,,,
MNQ SEP25,1s,1,2089,2025-07-14 09:54:50,22930,22930.5,22929.25,22929.25,26,1.25,0.75,0.5,0,-1,,,,
MNQ SEP25,10s,10,5608,2025-07-14 09:54:50,22929,22930.75,22925,22929.25,327,5.75,0.25,1.5,4,1,-297.3,-34.85,-62.08333333,-69.26
MNQ SEP25,1s,1,2090,2025-07-14 09:54:51,22929.5,22930.25,22929.5,22930,17,0.75,0.5,0.25,0,1,,,,
MNQ SEP25,1s,1,2091,2025-07-14 09:54:52,22930,22930.75,22929,22930.5,76,1.75,0.5,0.25,1,1,,,,
MNQ SEP25,1s,1,2092,2025-07-14 09:54:53,22930.75,22931.25,22930.5,22931.25,28,0.75,0.5,0,0.25,1,,,,
MNQ SEP25,1s,1,2093,2025-07-14 09:54:54,22931,22931,22930.5,22931,25,0.5,0,0,0.5,0,,,,
MNQ SEP25,1s,1,2094,2025-07-14 09:54:55,22930.75,22930.75,22929.75,22930.25,12,1,0.5,0,0.5,-1,,,,
MNQ SEP25,1s,1,2095,2025-07-14 09:54:56,22930.75,22931.25,22930,22930.25,33,1.25,0.5,0.5,0.25,-1,,,,
MNQ SEP25,1s,1,2096,2025-07-14 09:54:57,22930,22930.75,22929.75,22929.75,12,1,0.25,0.75,0,-1,,,,
MNQ SEP25,1s,1,2097,2025-07-14 09:54:58,22929.5,22930.25,22929.25,22930,28,1,0.5,0.25,0.25,1,,,,
MNQ SEP25,1s,1,2098,2025-07-14 09:54:59,22930.25,22930.5,22929.25,22930.25,26,1.25,0,0.25,1,0,,,,
MNQ SEP25,1s,1,2099,2025-07-14 09:55:00,22930.5,22932,22930.5,22931.5,40,1.5,1,0.5,0,1,,,,
MNQ SEP25,10s,10,5609,2025-07-14 09:55:00,22929.5,22932,22929,22931.5,297,3,2,0.5,0.5,1,-345.4,-48.1,-66.18333333,-54.62
MNQ SEP25,20s,20,5804,2025-07-14 09:55:00,22929,22932,22925,22931.5,624,7,2.5,0.5,4,1,-574.3,-214.95,-65.18333333,-91.53
MNQ SEP25,1s,1,2100,2025-07-14 09:55:01,22931.25,22933,22930.75,22932,102,2.25,0.75,1,0.5,1,,,,
MNQ SEP25,1s,1,2101,2025-07-14 09:55:02,22932,22932,22928.5,22929,47,3.5,3,0,0.5,-1,,,,
MNQ SEP25,1s,1,2102,2025-07-14 09:55:03,22928.75,22929.25,22927.25,22929.25,78,2,0.5,0,1.5,1,,,,
MNQ SEP25,1s,1,2103,2025-07-14 09:55:04,22929.5,22930.5,22929,22929.75,20,1.5,0.25,0.75,0.5,1,,,,
MNQ SEP25,1s,1,2104,2025-07-14 09:55:05,22929.5,22929.5,22927.75,22927.75,23,1.75,1.75,0,0,-1,,,,
MNQ SEP25,1s,1,2105,2025-07-14 09:55:06,22927.75,22930,22927.75,22929.25,25,2.25,1.5,0.75,0,1,,,,
MNQ SEP25,1s,1,2106,2025-07-14 09:55:07,22929.25,22929.25,22925.5,22927.5,74,3.75,1.75,0,2,-1,,,,
MNQ SEP25,1s,1,2107,2025-07-14 09:55:08,22926.5,22929.75,22926.5,22929,66,3.25,2.5,0.75,0,1,,,,
MNQ SEP25,1s,1,2108,2025-07-14 09:55:09,22929,22930,22929,22929.75,14,1,0.75,0.25,0,1,,,,
MNQ SEP25,1s,1,2109,2025-07-14 09:55:10,22929.5,22929.5,22927.25,22928,17,2.25,1.5,0,0.75,-1,,,,
MNQ SEP25,10s,10,5610,2025-07-14 09:55:10,22931.25,22933,22925.5,22928,466,7.5,3.25,1.75,2.5,-1,-313.95,31.45,-17.16666667,-40.58
MNQ SEP25,1s,1,2110,2025-07-14 09:55:11,22928.25,22929.5,22928,22929,12,1.5,0.75,0.5,0.25,1,,,,
MNQ SEP25,1s,1,2111,2025-07-14 09:55:12,22928.75,22929,22928,22928.25,30,1,0.5,0.25,0.25,-1,,,,
MNQ SEP25,1s,1,2112,2025-07-14 09:55:13,22928.25,22930.75,22927.75,22930.75,37,3,2.5,0,0.5,1,,,,
MNQ SEP25,1s,1,2113,2025-07-14 09:55:14,22930.5,22930.5,22928.25,22928.75,25,2.25,1.75,0,0.5,-1,,,,
MNQ SEP25,1s,1,2114,2025-07-14 09:55:15,22928.5,22929,22927,22929,58,2,0.5,0,1.5,1,,,,
MNQ SEP25,1s,1,2115,2025-07-14 09:55:16,22929.5,22931.25,22929,22930.5,47,2.25,1,0.75,0.5,1,,,,
MNQ SEP25,1s,1,2116,2025-07-14 09:55:17,22931.5,22932.5,22930.5,22931,72,2,0.5,1,0.5,-1,,,,
MNQ SEP25,1s,1,2117,2025-07-14 09:55:18,22931.25,22931.25,22930.25,22930.5,22,1,0.75,0,0.25,-1,,,,
MNQ SEP25,1s,1,2118,2025-07-14 09:55:19,22930.75,22933.25,22930.25,22933.25,25,3,2.5,0,0.5,1,,,,
MNQ SEP25,1s,1,2119,2025-07-14 09:55:20,22933.25,22934,22932.5,22934,85,1.5,0.75,0,0.75,1,,,,
MNQ SEP25,10s,10,5611,2025-07-14 09:55:20,22928.25,22934,22927,22934,413,7,5.75,0,1.25,1,-249.95,64,15.78333333,-20.62
MNQ SEP25,20s,20,5805,2025-07-14 09:55:20,22931.25,22934,22925.5,22934,879,8.5,2.75,0,5.75,1,-522.9,51.4,-56.5,-41.64
MNQ SEP25,1s,1,2120,2025-07-14 09:55:21,22934,22936.75,22933.5,22935.5,294,3.25,1.5,1.25,0.5,1,,,,
MNQ SEP25,1s,1,2121,2025-07-14 09:55:22,22935,22935.5,22933.25,22934,268,2.25,1,0.5,0.75,-1,,,,
MNQ SEP25,1s,1,2122,2025-07-14 09:55:23,22934,22934.25,22932.25,22932.25,60,2,1.75,0.25,0,-1,,,,
MNQ SEP25,1s,1,2123,2025-07-14 09:55:24,22932.75,22933,22932,22932.75,21,1,0,0.25,0.75,0,,,,
MNQ SEP25,1s,1,2124,2025-07-14 09:55:25,22932.75,22932.75,22930.5,22931,33,2.25,1.75,0,0.5,-1,,,,
MNQ SEP25,1s,1,2125,2025-07-14 09:55:26,22930.5,22931.25,22930.25,22931,20,1,0.5,0.25,0.25,1,,,,
MNQ SEP25,1s,1,2126,2025-07-14 09:55:27,22930.25,22931.5,22925.75,22926.5,117,5.75,3.75,1.25,0.75,-1,,,,
MNQ SEP25,1s,1,2127,2025-07-14 09:55:28,22926,22928.5,22925.75,22928.5,62,2.75,2.5,0,0.25,1,,,,
MNQ SEP25,1s,1,2128,2025-07-14 09:55:29,22928.25,22928.75,22927,22928,48,1.75,0.25,0.5,1,-1,,,,
MNQ SEP25,1s,1,2129,2025-07-14 09:55:30,22927.75,22928.5,22927,22927.25,50,1.5,0.5,0.75,0.25,-1,,,,
MNQ SEP25,10s,10,5612,2025-07-14 09:55:30,22934,22936.75,22925.75,22927.25,973,11,6.75,2.75,1.5,-1,-95.7,154.25,83.23333333,33.35
MNQ SEP25,1s,1,2130,2025-07-14 09:55:31,22927.75,22929,22926,22929,34,3,1.25,0,1.75,1,,,,
MNQ SEP25,1s,1,2131,2025-07-14 09:55:32,22929.25,22929.25,22926.75,22927.25,28,2.5,2,0,0.5,-1,,,,
MNQ SEP25,1s,1,2132,2025-07-14 09:55:33,22928.25,22928.25,22927.25,22927.75,20,1,0.5,0,0.5,-1,,,,
MNQ SEP25,1s,1,2133,2025-07-14 09:55:34,22927.5,22927.5,22925.75,22926,31,1.75,1.5,0,0.25,-1,,,,
MNQ SEP25,1s,1,2134,2025-07-14 09:55:35,22926,22927,22925,22926,55,2,0,1,1,0,,,,
MNQ SEP25,1s,1,2135,2025-07-14 09:55:36,22926.25,22927.75,22926,22926.75,33,1.75,0.5,1,0.25,1,,,,
MNQ SEP25,1s,1,2136,2025-07-14 09:55:37,22927.75,22927.75,22926,22926.25,18,1.75,1.5,0,0.25,-1,,,,
MNQ SEP25,1s,1,2137,2025-07-14 09:55:38,22927,22927.75,22923.5,22923.5,105,4.25,3.5,0.75,0,-1,,,,
MNQ SEP25,1s,1,2138,2025-07-14 09:55:39,22923.5,22924.25,22921.75,22922,172,2.5,1.5,0.75,0.25,-1,,,,
MNQ SEP25,1s,1,2139,2025-07-14 09:55:40,22922.25,22922.5,22920,22922.5,180,2.5,0.25,0,2.25,1,,,,
MNQ SEP25,10s,10,5613,2025-07-14 09:55:40,22927.75,22929.25,22920,22922.5,676,9.25,5.25,1.5,2.5,-1,-32,63.7,93.98333333,53.06
MNQ SEP25,20s,20,5806,2025-07-14 09:55:40,22934,22936.75,22920,22922.5,1649,16.75,11.5,2.75,2.5,-1,-475,47.9,-38.55,-19.25
MNQ SEP25,1s,1,2140,2025-07-14 09:55:41,22921.75,22922.75,22920.75,22922,100,2,0.25,0.75,1,1,,,,
MNQ SEP25,1s,1,2141,2025-07-14 09:55:42,22922.25,22922.5,22921.5,22921.5,38,1,0.75,0.25,0,-1,,,,
MNQ SEP25,1s,1,2142,2025-07-14 09:55:43,22921.25,22921.5,22920.5,22921.25,53,1,0,0.25,0.75,0,,,,
MNQ SEP25,1s,1,2143,2025-07-14 09:55:44,22921.25,22921.5,22919.25,22920.25,121,2.25,1,0.25,1,-1,,,,
MNQ SEP25,1s,1,2144,2025-07-14 09:55:45,22919.75,22921.25,22919.75,22921.25,42,1.5,1.5,0,0,1,,,,
MNQ SEP25,1s,1,2145,2025-07-14 09:55:46,22921.5,22923.5,22921.5,22922,49,2,0.5,1.5,0,1,,,,
MNQ SEP25,1s,1,2146,2025-07-14 09:55:47,22922,22922,22918,22918.5,102,4,3.5,0,0.5,-1,,,,
MNQ SEP25,1s,1,2147,2025-07-14 09:55:48,22919,22919,22918,22918,60,1,1,0,0,-1,,,,
MNQ SEP25,1s,1,2148,2025-07-14 09:55:49,22918.25,22918.5,22916.5,22916.5,122,2,1.75,0.25,0,-1,,,,
MNQ SEP25,1s,1,2149,2025-07-14 09:55:50,22917,22917.25,22914.5,22914.75,172,2.75,2.25,0.25,0.25,-1,,,,
MNQ SEP25,10s,10,5614,2025-07-14 09:55:50,22921.75,22923.5,22914.5,22914.75,859,9,7,1.75,0.25,-1,70.75,102.75,106.9,83.23
MNQ SEP25,1s,1,2150,2025-07-14 09:55:51,22915,22915.25,22912.75,22913.75,124,2.5,1.25,0.25,1,-1,,,,
MNQ SEP25,1s,1,2151,2025-07-14 09:55:52,22914.5,22915,22913.75,22913.75,86,1.25,0.75,0.5,0,-1,,,,
MNQ SEP25,1s,1,2152,2025-07-14 09:55:53,22914.25,22915.25,22913.5,22914,97,1.75,0.25,1,0.5,-1,,,,
MNQ SEP25,1s,1,2153,2025-07-14 09:55:54,22914.5,22916.25,22914.25,22916,43,2,1.5,0.25,0.25,1,,,,
MNQ SEP25,1s,1,2154,2025-07-14 09:55:55,22916.5,22918.25,22916.25,22917.5,75,2,1,0.75,0.25,1,,,,
MNQ SEP25,1s,1,2155,2025-07-14 09:55:56,22917.5,22919.5,22917.5,22918.75,66,2,1.25,0.75,0,1,,,,
MNQ SEP25,1s,1,2156,2025-07-14 09:55:57,22918.5,22918.75,22917.5,22918.5,39,1.25,0,0.25,1,0,,,,
MNQ SEP25,1s,1,2157,2025-07-14 09:55:58,22918,22918.25,22916.25,22917.25,53,2,0.75,0.25,1,-1,,,,
MNQ SEP25,1s,1,2158,2025-07-14 09:55:59,22917.25,22917.75,22915.75,22916.25,45,2,1,0.5,0.5,-1,,,,
MNQ SEP25,1s,1,2159,2025-07-14 09:56:00,22917,22918.25,22917,22917.5,34,1.25,0.5,0.75,0,1,,,,
MNQ SEP25,10s,10,5615,2025-07-14 09:56:00,22915,22919.5,22912.75,22917.5,662,6.75,2.5,2,2.25,1,109.95,39.2,68.55,84.78
MNQ SEP25,20s,20,5807,2025-07-14 09:56:00,22921.75,22923.5,22912.75,22917.5,1521,10.75,4.25,1.75,4.75,-1,-258.95,216.05,105.11666667,18.89
MNQ SEP25,1s,1,2160,2025-07-14 09:56:01,22918,22918.5,22916.5,22917,44,2,1,0.5,0.5,-1,,,,
MNQ SEP25,1s,1,2161,2025-07-14 09:56:02,22916.75,22920.25,22916.25,22920,52,4,3.25,0.25,0.5,1,,,,
MNQ SEP25,1s,1,2162,2025-07-14 09:56:03,22920.5,22923.5,22920.5,22922.75,93,3,2.25,0.75,0,1,,,,
MNQ SEP25,1s,1,2163,2025-07-14 09:56:04,22922.5,22922.5,22921,22921.5,60,1.5,1,0,0.5,-1,,,,
MNQ SEP25,1s,1,2164,2025-07-14 09:56:05,22921.5,22921.5,22919.25,22920.25,17,2.25,1.25,0,1,-1,,,,
MNQ SEP25,1s,1,2165,2025-07-14 09:56:06,22920.75,22922,22920.75,22921,40,1.25,0.25,1,0,1,,,,
MNQ SEP25,1s,1,2166,2025-07-14 09:56:07,22921,22921.75,22920.75,22921.25,21,1,0.25,0.5,0.25,1,,,,
MNQ SEP25,1s,1,2167,2025-07-14 09:56:08,22921.75,22922.25,22920.75,22921.25,52,1.5,0.5,0.5,0.5,-1,,,,
MNQ SEP25,1s,1,2168,2025-07-14 09:56:09,22921,22921,22919,22919,42,2,2,0,0,-1,,,,
MNQ SEP25,1s,1,2169,2025-07-14 09:56:10,22920.25,22921.75,22920.25,22920.5,22,1.5,0.25,1.25,0,1,,,,
MNQ SEP25,10s,10,5616,2025-07-14 09:56:10,22918,22923.5,22916.25,22920.5,443,7.25,2.5,3,1.75,1,112.35,2.4,48.11666667,72.46
MNQ SEP25,1s,1,2170,2025-07-14 09:56:11,22921.25,22921.5,22920.25,22920.25,17,1.25,1,0.25,0,-1,,,,
MNQ SEP25,1s,1,2171,2025-07-14 09:56:12,22920.25,22920.5,22919,22919.25,48,1.5,1,0.25,0.25,-1,,,,
MNQ SEP25,1s,1,2172,2025-07-14 09:56:13,22919.5,22922.5,22919.25,22922,36,3.25,2.5,0.5,0.25,1,,,,
MNQ SEP25,1s,1,2173,2025-07-14 09:56:14,22921.75,22922.25,22921,22921.5,23,1.25,0.25,0.5,0.5,-1,,,,
MNQ SEP25,1s,1,2174,2025-07-14 09:56:15,22921,22921,22917.25,22917.25,65,3.75,3.75,0,0,-1,,,,
MNQ SEP25,1s,1,2175,2025-07-14 09:56:16,22917.75,22918.25,22917.25,22917.25,32,1,0.5,0.5,0,-1,,,,
MNQ SEP25,1s,1,2176,2025-07-14 09:56:17,22917,22917,22914.5,22916,68,2.5,1,0,1.5,-1,,,,
MNQ SEP25,1s,1,2177,2025-07-14 09:56:18,22915.5,22917,22915,22917,44,2,1.5,0,0.5,1,,,,
MNQ SEP25,1s,1,2178,2025-07-14 09:56:19,22917.25,22917.75,22914.5,22915.5,106,3.25,1.75,0.5,1,-1,,,,
MNQ SEP25,1s,1,2179,2025-07-14 09:56:20,22915.25,22916,22914.5,22916,38,1.5,0.75,0,0.75,1,,,,
MNQ SEP25,10s,10,5617,2025-07-14 09:56:20,22921.25,22922.5,22914.5,22916,477,8,5.25,1.25,1.5,-1,20.8,-91.55,-16.65,23.3
MNQ SEP25,20s,20,5808,2025-07-14 09:56:20,22918,22923.5,22914.5,22916,920,9,2,5.5,1.5,-1,-155.7,103.25,122.4,40.73
MNQ SEP25,1s,1,2180,2025-07-14 09:56:21,22916,22916.25,22915,22915,20,1.25,1,0.25,0,-1,,,,
MNQ SEP25,1s,1,2181,2025-07-14 09:56:22,22915.5,22915.75,22914,22915.75,36,1.75,0.25,0,1.5,1,,,,
MNQ SEP25,1s,1,2182,2025-07-14 09:56:23,22915.75,22918.75,22915.5,22918.75,72,3.25,3,0,0.25,1,,,,
MNQ SEP25,1s,1,2183,2025-07-14 09:56:24,22918,22919.5,22917.75,22919.5,32,1.75,1.5,0,0.25,1,,,,
MNQ SEP25,1s,1,2184,2025-07-14 09:56:25,22919.5,22919.75,22918.75,22918.75,13,1,0.75,0.25,0,-1,,,,
MNQ SEP25,1s,1,2185,2025-07-14 09:56:26,22919.25,22919.5,22918.25,22919.5,25,1.25,0.25,0,1,1,,,,
MNQ SEP25,1s,1,2186,2025-07-14 09:56:27,22919.25,22919.25,22917.5,22919.25,18,1.75,0,0,1.75,0,,,,
MNQ SEP25,1s,1,2187,2025-07-14 09:56:28,22919.25,22919.5,22918.75,22919.5,8,0.75,0.25,0,0.5,1,,,,
MNQ SEP25,1s,1,2188,2025-07-14 09:56:29,22919.75,22919.75,22916.75,22916.75,53,3,3,0,0,-1,,,,
MNQ SEP25,1s,1,2189,2025-07-14 09:56:30,22916,22916,22913.75,22914,67,2.25,2,0,0.25,-1,,,,
MNQ SEP25,10s,10,5618,2025-07-14 09:56:30,22916,22919.75,22913.75,22914,344,6,2,3.75,0.25,-1,-0.8,-21.6,-36.91666667,6.24
MNQ SEP25,1s,1,2190,2025-07-14 09:56:31,22913.75,22914,22911.5,22911.5,134,2.5,2.25,0.25,0,-1,,,,
MNQ SEP25,1s,1,2191,2025-07-14 09:56:32,22911.5,22913,22910.25,22912.25,158,2.75,0.75,0.75,1.25,1,,,,
MNQ SEP25,1s,1,2192,2025-07-14 09:56:33,22912.25,22914.5,22912.25,22914,106,2.25,1.75,0.5,0,1,,,,
MNQ SEP25,1s,1,2193,2025-07-14 09:56:34,22914,22915.25,22913.25,22914,71,2,0,1.25,0.75,0,,,,
MNQ SEP25,1s,1,2194,2025-07-14 09:56:35,22912.75,22914.5,22912.75,22914.5,20,1.75,1.75,0,0,1,,,,
MNQ SEP25,1s,1,2195,2025-07-14 09:56:36,22914.25,22915,22913.25,22913.5,22,1.75,0.75,0.75,0.25,-1,,,,
MNQ SEP25,1s,1,2196,2025-07-14 09:56:37,22913,22914.75,22913,22914.5,28,1.75,1.5,0.25,0,1,,,,
MNQ SEP25,1s,1,2197,2025-07-14 09:56:38,22914.25,22914.5,22913.5,22913.5,25,1,0.75,0.25,0,-1,,,,
MNQ SEP25,1s,1,2198,2025-07-14 09:56:39,22913.75,22913.75,22912.25,22913,33,1.5,0.75,0,0.75,-1,,,,
MNQ SEP25,1s,1,2199,2025-07-14 09:56:40,22913,22913.25,22911,22911.25,47,2.25,1.75,0.25,0.25,-1,,,,
MNQ SEP25,10s,10,5619,2025-07-14 09:56:40,22913.75,22915.25,22910.25,22911.25,644,5,2.5,1.5,1,-1,-18.3,-17.5,-43.55,-17.81
MNQ SEP25,20s,20,5809,2025-07-14 09:56:40,22916,22919.75,22910.25,22911.25,988,9.5,4.75,3.75,1,-1,-85.95,69.75,129.68333333,97.67
MNQ SEP25,1s,1,2200,2025-07-14 09:56:41,22911.25,22911.5,22905,22907,435,6.5,4.25,0.25,2,-1,,,,
MNQ SEP25,1s,1,2201,2025-07-14 09:56:42,22907,22909.5,22907,22909.25,118,2.5,2.25,0.25,0,1,,,,
MNQ SEP25,1s,1,2202,2025-07-14 09:56:43,22909,22911,22908.5,22910.5,119,2.5,1.5,0.5,0.5,1,,,,
MNQ SEP25,1s,1,2203,2025-07-14 09:56:44,22910.75,22913,22910,22910,119,3,0.75,2.25,0,-1,,,,
MNQ SEP25,1s,1,2204,2025-07-14 09:56:45,22910.25,22911.5,22910.25,22910.75,39,1.25,0.5,0.75,0,1,,,,
MNQ SEP25,1s,1,2205,2025-07-14 09:56:46,22911.5,22912.5,22911.25,22912.25,61,1.25,0.75,0.25,0.25,1,,,,
MNQ SEP25,1s,1,2206,2025-07-14 09:56:47,22912,22912,22910,22911,54,2,1,0,1,-1,,,,
MNQ SEP25,1s,1,2207,2025-07-14 09:56:48,22910.25,22911,22909.75,22910.75,58,1.25,0.5,0.25,0.5,1,,,,
MNQ SEP25,1s,1,2208,2025-07-14 09:56:49,22911.25,22914,22911.25,22913.25,105,2.75,2,0.75,0,1,,,,
MNQ SEP25,1s,1,2209,2025-07-14 09:56:50,22913.75,22913.75,22910.75,22911.25,70,3,2.5,0,0.5,-1,,,,
MNQ SEP25,10s,10,5620,2025-07-14 09:56:50,22911.25,22914,22905,22911.25,1178,9,0,2.75,6.25,0,55.6,73.9,11.6,-10.87
MNQ SEP25,1s,1,2210,2025-07-14 09:56:51,22911.25,22912,22911,22912,31,1,0.75,0,0.25,1,,,,
MNQ SEP25,1s,1,2211,2025-07-14 09:56:52,22911.75,22911.75,22909.25,22910.5,39,2.5,1.25,0,1.25,-1,,,,
MNQ SEP25,1s,1,2212,2025-07-14 09:56:53,22911,22911.5,22909.5,22910.25,49,2,0.75,0.5,0.75,-1,,,,
MNQ SEP25,1s,1,2213,2025-07-14 09:56:54,22910.25,22910.75,22908.75,22908.75,43,2,1.5,0.5,0,-1,,,,
MNQ SEP25,1s,1,2214,2025-07-14 09:56:55,22909.25,22911.25,22909,22911.25,25,2.25,2,0,0.25,1,,,,
MNQ SEP25,1s,1,2215,2025-07-14 09:56:56,22911.25,22915.5,22911.25,22915,61,4.25,3.75,0.5,0,1,,,,
MNQ SEP25,1s,1,2216,2025-07-14 09:56:57,22915,22917.25,22914.75,22917.25,75,2.5,2.25,0,0.25,1,,,,
MNQ SEP25,1s,1,2217,2025-07-14 09:56:58,22916.75,22918.25,22916,22918,57,2.25,1.25,0.25,0.75,1,,,,
MNQ SEP25,1s,1,2218,2025-07-14 09:56:59,22918.25,22919.25,22917.5,22918,73,1.75,0.25,1,0.5,-1,,,,
MNQ SEP25,1s,1,2219,2025-07-14 09:57:00,22918.25,22918.75,22917.75,22918.75,25,1,0.5,0,0.5,1,,,,
MNQ SEP25,10s,10,5621,2025-07-14 09:57:00,22911.25,22919.25,22908.75,22918.75,478,10.5,7.5,0.5,2.5,1,68.45,12.85,23.08333333,-8.78
MNQ SEP25,20s,20,5810,2025-07-14 09:57:00,22911.25,22919.25,22905,22918.75,1656,14.25,7.5,0.5,6.25,1,69,154.95,109.31666667,118.38
MNQ SEP25,1s,1,2220,2025-07-14 09:57:01,22918.75,22920.25,22916.25,22917.25,81,4,1.5,1.5,1,-1,,,,
MNQ SEP25,1s,1,2221,2025-07-14 09:57:02,22917.5,22918.25,22915.75,22916.75,41,2.5,0.75,0.75,1,-1,,,,
MNQ SEP25,1s,1,2222,2025-07-14 09:57:03,22916.75,22917.25,22915,22916.75,34,2.25,0,0.5,1.75,0,,,,
MNQ SEP25,1s,1,2223,2025-07-14 09:57:04,22917.25,22917.75,22916.5,22917,22,1.25,0.25,0.5,0.5,-1,,,,
MNQ SEP25,1s,1,2224,2025-07-14 09:57:05,22916.25,22917.75,22915.75,22917.75,33,2,1.5,0,0.5,1,,,,
MNQ SEP25,1s,1,2225,2025-07-14 09:57:06,22917.75,22917.75,22916.25,22917,13,1.5,0.75,0,0.75,-1,,,,
MNQ SEP25,1s,1,2226,2025-07-14 09:57:07,22917,22917.25,22916.75,22917,19,0.5,0,0.25,0.25,0,,,,
MNQ SEP25,1s,1,2227,2025-07-14 09:57:08,22916.75,22917.5,22916,22916,28,1.5,0.75,0.75,0,-1,,,,
MNQ SEP25,1s,1,2228,2025-07-14 09:57:09,22917,22917,22915.75,22916,14,1.25,1,0,0.25,-1,,,,
MNQ SEP25,1s,1,2229,2025-07-14 09:57:10,22917,22918.75,22917,22917.5,25,1.75,0.5,1.25,0,1,,,,
MNQ SEP25,10s,10,5622,2025-07-14 09:57:10,22918.75,22920.25,22915,22917.5,310,5.25,1.25,1.5,2.5,-1,62.5,-5.95,26.93333333,8.34
MNQ SEP25,1s,1,2230,2025-07-14 09:57:11,22917.5,22919.25,22916,22918.5,45,3.25,1,0.75,1.5,1,,,,
MNQ SEP25,1s,1,2231,2025-07-14 09:57:12,22918.25,22918.75,22917.5,22918,29,1.25,0.25,0.5,0.5,-1,,,,
MNQ SEP25,1s,1,2232,2025-07-14 09:57:13,22918,22918,22916.75,22917.75,39,1.25,0.25,0,1,-1,,,,
MNQ SEP25,1s,1,2233,2025-07-14 09:57:14,22918,22919.75,22918,22918.5,37,1.75,0.5,1.25,0,1,,,,
MNQ SEP25,1s,1,2234,2025-07-14 09:57:15,22919,22919.25,22916.5,22916.5,42,2.75,2.5,0.25,0,-1,,,,
MNQ SEP25,1s,1,2235,2025-07-14 09:57:16,22916.75,22918.25,22915.25,22917,41,3,0.25,1.25,1.5,1,,,,
MNQ SEP25,1s,1,2236,2025-07-14 09:57:17,22916.5,22917.25,22916.25,22917.25,13,1,0.75,0,0.25,1,,,,
MNQ SEP25,1s,1,2237,2025-07-14 09:57:18,22917,22917.25,22916,22916.75,28,1.25,0.25,0.25,0.75,-1,,,,
MNQ SEP25,1s,1,2238,2025-07-14 09:57:19,22917.5,22917.5,22916,22916,9,1.5,1.5,0,0,-1,,,,
MNQ SEP25,1s,1,2239,2025-07-14 09:57:20,22917,22918,22916.5,22918,12,1.5,1,0,0.5,1,,,,
MNQ SEP25,10s,10,5623,2025-07-14 09:57:20,22917.5,22919.75,22915.25,22918,295,4.5,0.5,1.75,2.25,1,63.5,1,2.63333333,12.86
MNQ SEP25,20s,20,5811,2025-07-14 09:57:20,22918.75,22920.25,22915,22918,605,5.25,0.75,1.5,3,-1,-72.7,-141.7,27.66666667,80.46
MNQ SEP25,1s,1,2240,2025-07-14 09:57:21,22917.5,22917.5,22914,22916.5,35,3.5,1,0,2.5,-1,,,,
MNQ SEP25,1s,1,2241,2025-07-14 09:57:22,22916,22916.5,22915.5,22915.5,9,1,0.5,0.5,0,-1,,,,
MNQ SEP25,1s,1,2242,2025-07-14 09:57:23,22915.5,22917.25,22915.25,22917.25,26,2,1.75,0,0.25,1,,,,
MNQ SEP25,1s,1,2243,2025-07-14 09:57:24,22916.75,22917,22914.5,22915,26,2.5,1.75,0.25,0.5,-1,,,,
MNQ SEP25,1s,1,2244,2025-07-14 09:57:25,22914.75,22914.75,22912.75,22913.5,46,2,1.25,0,0.75,-1,,,,
MNQ SEP25,1s,1,2245,2025-07-14 09:57:26,22913.75,22913.75,22912,22912.75,36,1.75,1,0,0.75,-1,,,,
MNQ SEP25,1s,1,2246,2025-07-14 09:57:27,22912.75,22912.75,22911.5,22912.75,41,1.25,0,0,1.25,0,,,,
MNQ SEP25,1s,1,2247,2025-07-14 09:57:28,22912.5,22915.75,22912.25,22915.25,37,3.5,2.75,0.5,0.25,1,,,,
MNQ SEP25,1s,1,2248,2025-07-14 09:57:29,22915.75,22916,22914.25,22915.25,83,1.75,0.5,0.25,1,-1,,,,
MNQ SEP25,1s,1,2249,2025-07-14 09:57:30,22915.5,22916.5,22914.5,22916.5,58,2,1,0,1,1,,,,
MNQ SEP25,10s,10,5624,2025-07-14 09:57:30,22917.5,22917.5,22911.5,22916.5,397,6,1,0,5,-1,22.7,-40.8,-15.25,8.2
MNQ SEP25,1s,1,2250,2025-07-14 09:57:31,22917,22917,22915.75,22916.5,35,1.25,0.5,0,0.75,-1,,,,
MNQ SEP25,1s,1,2251,2025-07-14 09:57:32,22916.5,22917.75,22916.5,22917.75,13,1.25,1.25,0,0,1,,,,
MNQ SEP25,1s,1,2252,2025-07-14 09:57:33,22917.25,22918.25,22916.5,22918.25,60,1.75,1,0,0.75,1,,,,
MNQ SEP25,1s,1,2253,2025-07-14 09:57:34,22917.25,22917.75,22917,22917.75,10,0.75,0.5,0,0.25,1,,,,
MNQ SEP25,1s,1,2254,2025-07-14 09:57:35,22916.5,22917,22915.75,22916.75,11,1.25,0.25,0.25,0.75,1,,,,
MNQ SEP25,1s,1,2255,2025-07-14 09:57:36,22916.75,22918,22916.75,22917.25,39,1.25,0.5,0.75,0,1,,,,
MNQ SEP25,1s,1,2256,2025-07-14 09:57:37,22918,22918.25,22916.75,22917.75,14,1.5,0.25,0.25,1,-1,,,,
MNQ SEP25,1s,1,2257,2025-07-14 09:57:38,22917.5,22919,22917.5,22918.75,19,1.5,1.25,0.25,0,1,,,,
MNQ SEP25,1s,1,2258,2025-07-14 09:57:39,22919,22919.25,22917.25,22917.75,33,2,1.25,0.25,0.5,-1,,,,
MNQ SEP25,1s,1,2259,2025-07-14 09:57:40,22917,22917,22914,22914,51,3,3,0,0,-1,,,,
MNQ SEP25,10s,10,5625,2025-07-14 09:57:40,22917,22919.25,22914,22914,285,5.25,3,2.25,0,-1,-152,-174.7,-71.5,-41.52
MNQ SEP25,20s,20,5812,2025-07-14 09:57:40,22917.5,22919.25,22911.5,22914,682,7.75,3.5,1.75,2.5,-1,-225.25,-152.55,-46.43333333,6.74
MNQ SEP25,1s,1,2260,2025-07-14 09:57:41,22914.5,22914.75,22914,22914.75,13,0.75,0.25,0,0.5,1,,,,
MNQ SEP25,1s,1,2261,2025-07-14 09:57:42,22914.5,22915,22914.25,22915,16,0.75,0.5,0,0.25,1,,,,
MNQ SEP25,1s,1,2262,2025-07-14 09:57:43,22915.25,22915.25,22913.25,22913.75,28,2,1.5,0,0.5,-1,,,,
MNQ SEP25,1s,1,2263,2025-07-14 09:57:44,22914,22914,22912.75,22912.75,12,1.25,1.25,0,0,-1,,,,
MNQ SEP25,1s,1,2264,2025-07-14 09:57:45,22912.5,22912.5,22909.25,22910.75,110,3.25,1.75,0,1.5,-1,,,,
MNQ SEP25,1s,1,2265,2025-07-14 09:57:46,22910,22911,22909.25,22910.5,92,1.75,0.5,0.5,0.75,1,,,,
MNQ SEP25,1s,1,2266,2025-07-14 09:57:47,22911,22911,22909,22909.75,42,2,1.25,0,0.75,-1,,,,
MNQ SEP25,1s,1,2267,2025-07-14 09:57:48,22909.75,22911.75,22909.75,22911.25,58,2,1.5,0.5,0,1,,,,
MNQ SEP25,1s,1,2268,2025-07-14 09:57:49,22912,22912,22910.75,22911.75,40,1.25,0.25,0,1,-1,,,,
MNQ SEP25,1s,1,2269,2025-07-14 09:57:50,22911.5,22911.5,22909,22910,36,2.5,1.5,0,1,-1,,,,
MNQ SEP25,10s,10,5626,2025-07-14 09:57:50,22914.5,22915.25,22909,22910,447,6.25,4.5,0.75,1,-1,-163.6,-11.6,-75.7,-46.41
MNQ SEP25,1s,1,2270,2025-07-14 09:57:51,22910.5,22911.25,22909.75,22911.25,36,1.5,0.75,0,0.75,1,,,,
MNQ SEP25,1s,1,2271,2025-07-14 09:57:52,22910.75,22911.25,22909.5,22910.5,34,1.75,0.25,0.5,1,-1,,,,
MNQ SEP25,1s,1,2272,2025-07-14 09:57:53,22910.75,22911,22910,22910.25,22,1,0.5,0.25,0.25,-1,,,,
MNQ SEP25,1s,1,2273,2025-07-14 09:57:54,22910.25,22912.75,22910,22912.5,33,2.75,2.25,0.25,0.25,1,,,,
MNQ SEP25,1s,1,2274,2025-07-14 09:57:55,22912.5,22912.5,22909.5,22909.5,30,3,3,0,0,-1,,,,
MNQ SEP25,1s,1,2275,2025-07-14 09:57:56,22909.75,22911,22908.5,22910.25,65,2.5,0.5,0.75,1.25,1,,,,
MNQ SEP25,1s,1,2276,2025-07-14 09:57:57,22910.75,22911.5,22909.25,22909.25,32,2.25,1.5,0.75,0,-1,,,,
MNQ SEP25,1s,1,2277,2025-07-14 09:57:58,22908.5,22909.75,22908.5,22909.75,23,1.25,1.25,0,0,1,,,,
MNQ SEP25,1s,1,2278,2025-07-14 09:57:59,22910,22910,22908.25,22908.75,32,1.75,1.25,0,0.5,-1,,,,
MNQ SEP25,1s,1,2279,2025-07-14 09:58:00,22909.25,22909.5,22906.25,22907.5,199,3.25,1.75,0.25,1.25,-1,,,,
MNQ SEP25,10s,10,5627,2025-07-14 09:58:00,22910.5,22912.75,22906.25,22907.5,506,6.5,3,2.25,1.25,-1,-137.85,25.75,-53.51666667,-40.07
MNQ SEP25,20s,20,5813,2025-07-14 09:58:00,22914.5,22915.25,22906.25,22907.5,953,9,7,0.75,1.25,-1,-213.3,11.95,-94.1,-11.52
MNQ SEP25,1s,1,2280,2025-07-14 09:58:01,22907.5,22907.75,22906.25,22906.25,52,1.5,1.25,0.25,0,-1,,,,
MNQ SEP25,1s,1,2281,2025-07-14 09:58:02,22906.75,22908,22903.75,22905.75,212,4.25,1,1.25,2,-1,,,,
MNQ SEP25,1s,1,2282,2025-07-14 09:58:03,22905.5,22906.75,22905.25,22906.5,90,1.5,1,0.25,0.25,1,,,,
MNQ SEP25,1s,1,2283,2025-07-14 09:58:04,22906.5,22909.75,22906,22908.5,119,3.75,2,1.25,0.5,1,,,,
MNQ SEP25,1s,1,2284,2025-07-14 09:58:05,22908,22909.25,22907.75,22908,45,1.5,0,1.25,0.25,0,,,,
MNQ SEP25,1s,1,2285,2025-07-14 09:58:06,22907.75,22907.75,22906,22906.25,34,1.75,1.5,0,0.25,-1,,,,
MNQ SEP25,1s,1,2286,2025-07-14 09:58:07,22906.5,22906.5,22903.25,22903.5,104,3.25,3,0,0.25,-1,,,,
MNQ SEP25,1s,1,2287,2025-07-14 09:58:08,22903.75,22904.5,22902,22904.25,168,2.5,0.5,0.25,1.75,1,,,,
MNQ SEP25,1s,1,2288,2025-07-14 09:58:09,22903.75,22905.75,22903.5,22905.75,116,2.25,2,0,0.25,1,,,,
MNQ SEP25,1s,1,2289,2025-07-14 09:58:10,22905.5,22905.5,22903.75,22904,79,1.75,1.5,0,0.25,-1,,,,
MNQ SEP25,10s,10,5628,2025-07-14 09:58:10,22907.5,22909.75,22902,22904,1019,7.75,3.5,2.25,2,-1,-27.65,110.2,41.45,-18.23
MNQ SEP25,1s,1,2290,2025-07-14 09:58:11,22904.75,22905.75,22904.25,22905.5,43,1.5,0.75,0.25,0.5,1,,,,
MNQ SEP25,1s,1,2291,2025-07-14 09:58:12,22905,22905.25,22903.25,22903.75,76,2,1.25,0.25,0.5,-1,,,,
MNQ SEP25,1s,1,2292,2025-07-14 09:58:13,22903.5,22906.5,22903.5,22906,67,3,2.5,0.5,0,1,,,,
MNQ SEP25,1s,1,2293,2025-07-14 09:58:14,22905.75,22906.25,22904.75,22905.25,30,1.5,0.5,0.5,0.5,-1,,,,
MNQ SEP25,1s,1,2294,2025-07-14 09:58:15,22905.75,22906,22904,22904.5,35,2,1.25,0.25,0.5,-1,,,,
MNQ SEP25,1s,1,2295,2025-07-14 09:58:16,22904.25,22904.5,22902.5,22904.25,43,2,0,0.25,1.75,0,,,,
MNQ SEP25,1s,1,2296,2025-07-14 09:58:17,22903.5,22904,22902.25,22902.75,53,1.75,0.75,0.5,0.5,-1,,,,
MNQ SEP25,1s,1,2297,2025-07-14 09:58:18,22902.25,22903.5,22902.25,22902.75,48,1.25,0.5,0.75,0,1,,,,
MNQ SEP25,1s,1,2298,2025-07-14 09:58:19,22902.75,22903.25,22902,22902.75,69,1.25,0,0.5,0.75,0,,,,
MNQ SEP25,1s,1,2299,2025-07-14 09:58:20,22902.25,22905.25,22902,22904.5,82,3.25,2.25,0.75,0.25,1,,,,
MNQ SEP25,10s,10,5629,2025-07-14 09:58:20,22904.75,22906.5,22902,22904.5,546,4.5,0.25,1.75,2.5,-1,-10.3,17.35,51.1,-6.6
MNQ SEP25,20s,20,5814,2025-07-14 09:58:20,22907.5,22909.75,22902,22904.5,1565,7.75,3,2.25,2.5,-1,-136.7,76.6,-21.33333333,-10.15
MNQ SEP25,1s,1,2300,2025-07-14 09:58:21,22904.75,22906.25,22903.75,22905.25,57,2.5,0.5,1,1,1,,,,
MNQ SEP25,1s,1,2301,2025-07-14 09:58:22,22905.25,22907,22904.25,22906.5,52,2.75,1.25,0.5,1,1,,,,
MNQ SEP25,1s,1,2302,2025-07-14 09:58:23,22905.75,22907.5,22905.25,22906.5,25,2.25,0.75,1,0.5,1,,,,
MNQ SEP25,1s,1,2303,2025-07-14 09:58:24,22906.75,22907,22905.5,22905.75,48,1.5,1,0.25,0.25,-1,,,,
MNQ SEP25,1s,1,2304,2025-07-14 09:58:25,22905.75,22907.5,22905.75,22907,34,1.75,1.25,0.5,0,1,,,,
MNQ SEP25,1s,1,2305,2025-07-14 09:58:26,22907.5,22907.5,22906.5,22907,53,1,0.5,0,0.5,-1,,,,
MNQ SEP25,1s,1,2306,2025-07-14 09:58:27,22907,22909.25,22907,22909,57,2.25,2,0.25,0,1,,,,
MNQ SEP25,1s,1,2307,2025-07-14 09:58:28,22909.25,22910.5,22908,22908.5,154,2.5,0.75,1.25,0.5,-1,,,,
MNQ SEP25,1s,1,2308,2025-07-14 09:58:29,22908.5,22909.75,22908,22909.5,39,1.75,1,0.25,0.5,1,,,,
MNQ SEP25,1s,1,2309,2025-07-14 09:58:30,22909.5,22910.75,22909.5,22910.25,27,1.25,0.75,0.5,0,1,,,,
MNQ SEP25,10s,10,5630,2025-07-14 09:58:30,22904.75,22910.75,22903.75,22910.25,546,7,5.5,0.5,1,1,37.9,48.2,58.58333333,37.98
MNQ SEP25,1s,1,2310,2025-07-14 09:58:31,22909.75,22911.25,22909.25,22909.25,56,2,0.5,1.5,0,-1,,,,
MNQ SEP25,1s,1,2311,2025-07-14 09:58:32,22910,22910.25,22908.25,22909,55,2,1,0.25,0.75,-1,,,,
MNQ SEP25,1s,1,2312,2025-07-14 09:58:33,22909.25,22909.25,22908,22908,24,1.25,1.25,0,0,-1,,,,
MNQ SEP25,1s,1,2313,2025-07-14 09:58:34,22908.75,22908.75,22906,22906.5,63,2.75,2.25,0,0.5,-1,,,,
MNQ SEP25,1s,1,2314,2025-07-14 09:58:35,22907.75,22910.25,22907.75,22909.75,28,2.5,2,0.5,0,1,,,,
MNQ SEP25,1s,1,2315,2025-07-14 09:58:36,22909.25,22909.25,22907.25,22908.5,18,2,0.75,0,1.25,-1,,,,
MNQ SEP25,1s,1,2316,2025-07-14 09:58:37,22908.5,22911.75,22908.5,22911.75,33,3.25,3.25,0,0,1,,,,
MNQ SEP25,1s,1,2317,2025-07-14 09:58:38,22911.5,22913.25,22911.25,22911.25,106,2,0.25,1.75,0,-1,,,,
MNQ SEP25,1s,1,2318,2025-07-14 09:58:39,22911.25,22911.25,22908.5,22909.5,61,2.75,1.75,0,1,-1,,,,
MNQ SEP25,1s,1,2319,2025-07-14 09:58:40,22909.5,22910,22907.75,22908.25,42,2.25,1.25,0.5,0.5,-1,,,,
MNQ SEP25,10s,10,5631,2025-07-14 09:58:40,22909.75,22913.25,22906,22908.25,486,7.25,1.5,3.5,2.25,-1,42.05,4.15,23.23333333,41.13
MNQ SEP25,20s,20,5815,2025-07-14 09:58:40,22904.75,22913.25,22903.75,22908.25,1032,9.5,3.5,5,1,1,-209.1,-72.4,5.38333333,-55.62
MNQ SEP25,1s,1,2320,2025-07-14 09:58:41,22907.75,22908.25,22906.5,22907,27,1.75,0.75,0.5,0.5,-1,,,,
MNQ SEP25,1s,1,2321,2025-07-14 09:58:42,22907,22907.75,22906,22906.5,26,1.75,0.5,0.75,0.5,-1,,,,
MNQ SEP25,1s,1,2322,2025-07-14 09:58:43,22907,22907,22904.5,22905.5,76,2.5,1.5,0,1,-1,,,,
MNQ SEP25,1s,1,2323,2025-07-14 09:58:44,22905.25,22907.5,22904.75,22907,68,2.75,1.75,0.5,0.5,1,,,,
MNQ SEP25,1s,1,2324,2025-07-14 09:58:45,22907,22908.25,22906.25,22908,51,2,1,0.25,0.75,1,,,,
MNQ SEP25,1s,1,2325,2025-07-14 09:58:46,22907.75,22907.75,22905.5,22907.5,32,2.25,0.25,0,2,-1,,,,
MNQ SEP25,1s,1,2326,2025-07-14 09:58:47,22907.5,22907.5,22906.75,22907.25,13,0.75,0.25,0,0.5,-1,,,,
MNQ SEP25,1s,1,2327,2025-07-14 09:58:48,22907.5,22907.75,22907,22907,17,0.75,0.5,0.25,0,-1,,,,
MNQ SEP25,1s,1,2328,2025-07-14 09:58:49,22907.5,22909.5,22907.25,22908,28,2.25,0.5,1.5,0.25,1,,,,
MNQ SEP25,1s,1,2329,2025-07-14 09:58:50,22908.25,22909,22908,22908.75,15,1,0.5,0.25,0.25,1,,,,
MNQ SEP25,10s,10,5632,2025-07-14 09:58:50,22907.75,22909.5,22904.5,22908.75,353,5,1,0.75,3.25,1,42.45,0.4,17.58333333,36.06
MNQ SEP25,1s,1,2330,2025-07-14 09:58:51,22908.75,22910.5,22908.5,22909.5,17,2,0.75,1,0.25,1,,,,
MNQ SEP25,1s,1,2331,2025-07-14 09:58:52,22910,22911,22909.5,22910,43,1.5,0,1,0.5,0,,,,
MNQ SEP25,1s,1,2332,2025-07-14 09:58:53,22910.5,22910.75,22907.5,22908.25,36,3.25,2.25,0.25,0.75,-1,,,,
MNQ SEP25,1s,1,2333,2025-07-14 09:58:54,22908.25,22908.25,22907.5,22908,16,0.75,0.25,0,0.5,-1,,,,
MNQ SEP25,1s,1,2334,2025-07-14 09:58:55,22908,22908.25,22907.25,22908.25,26,1,0.25,0,0.75,1,,,,
MNQ SEP25,1s,1,2335,2025-07-14 09:58:56,22908,22908,22907,22907.75,19,1,0.25,0,0.75,-1,,,,
MNQ SEP25,1s,1,2336,2025-07-14 09:58:57,22907.5,22908.25,22907.25,22908.25,14,1,0.75,0,0.25,1,,,,
MNQ SEP25,1s,1,2337,2025-07-14 09:58:58,22908.5,22908.5,22906,22907.25,21,2.5,1.25,0,1.25,-1,,,,
MNQ SEP25,1s,1,2338,2025-07-14 09:58:59,22906.5,22907.5,22906.5,22907.25,14,1,0.75,0.25,0,1,,,,
MNQ SEP25,1s,1,2339,2025-07-14 09:59:00,22907,22907,22906,22906.75,13,1,0.25,0,0.75,-1,,,,
MNQ SEP25,10s,10,5633,2025-07-14 09:59:00,22908.75,22911,22906,22906.75,219,5,2,2.25,0.75,-1,-94.7,-137.15,-44.2,-13.41
MNQ SEP25,20s,20,5816,2025-07-14 09:59:00,22907.75,22911,22904.5,22906.75,572,6.5,1,3.25,2.25,-1,-160.9,48.2,17.46666667,-17.64
MNQ SEP25,1s,1,2340,2025-07-14 09:59:01,22906.5,22909.5,22906.25,22908.5,60,3.25,2,1,0.25,1,,,,
MNQ SEP25,1s,1,2341,2025-07-14 09:59:02,22908.75,22911,22907.5,22910,66,3.5,1.25,1,1.25,1,,,,
MNQ SEP25,1s,1,2342,2025-07-14 09:59:03,22909.75,22910.75,22909.25,22909.25,27,1.5,0.5,1,0,-1,,,,
MNQ SEP25,1s,1,2343,2025-07-14 09:59:04,22909.75,22909.75,22908.5,22909.75,36,1.25,0,0,1.25,0,,,,
MNQ SEP25,1s,1,2344,2025-07-14 09:59:05,22910,22911.25,22910,22910.75,36,1.25,0.75,0.5,0,1,,,,
MNQ SEP25,1s,1,2345,2025-07-14 09:59:06,22910.75,22911.5,22908.25,22909.5,51,3.25,1.25,0.75,1.25,-1,,,,
MNQ SEP25,1s,1,2346,2025-07-14 09:59:07,22909,22909.25,22907.5,22908,24,1.75,1,0.25,0.5,-1,,,,
MNQ SEP25,1s,1,2347,2025-07-14 09:59:08,22907.25,22908.5,22907,22908.5,46,1.5,1.25,0,0.25,1,,,,
MNQ SEP25,1s,1,2348,2025-07-14 09:59:09,22908.25,22909.75,22907.5,22909.75,27,2.25,1.5,0,0.75,1,,,,
MNQ SEP25,1s,1,2349,2025-07-14 09:59:10,22909.25,22911,22909.25,22911,30,1.75,1.75,0,0,1,,,,
MNQ SEP25,10s,10,5634,2025-07-14 09:59:10,22906.5,22911.5,22906.25,22911,403,5.25,4.5,0.5,0.25,1,-100.5,-5.8,-47.51666667,-18.04
MNQ SEP25,1s,1,2350,2025-07-14 09:59:11,22910.25,22910.25,22908.5,22908.75,28,1.75,1.5,0,0.25,-1,,,,
MNQ SEP25,1s,1,2351,2025-07-14 09:59:12,22908.75,22909.75,22908.75,22909.25,8,1,0.5,0.5,0,1,,,,
MNQ SEP25,1s,1,2352,2025-07-14 09:59:13,22909,22909.25,22908.5,22909.25,7,0.75,0.25,0,0.5,1,,,,
MNQ SEP25,1s,1,2353,2025-07-14 09:59:14,22909.25,22910.5,22909,22910,35,1.5,0.75,0.5,0.25,1,,,,
MNQ SEP25,1s,1,2354,2025-07-14 09:59:15,22910,22914.5,22910,22913.5,143,4.5,3.5,1,0,1,,,,
MNQ SEP25,1s,1,2355,2025-07-14 09:59:16,22913.25,22914.75,22913,22914,177,1.75,0.75,0.75,0.25,1,,,,
MNQ SEP25,1s,1,2356,2025-07-14 09:59:17,22914.25,22914.75,22913.75,22914.75,49,1,0.5,0,0.5,1,,,,
MNQ SEP25,1s,1,2357,2025-07-14 09:59:18,22914.75,22915.5,22913.75,22915.25,109,1.75,0.5,0.25,1,1,,,,
MNQ SEP25,1s,1,2358,2025-07-14 09:59:19,22915.25,22917.25,22914.25,22915.75,116,3,0.5,1.5,1,1,,,,
MNQ SEP25,1s,1,2359,2025-07-14 09:59:20,22915.75,22918.5,22915.5,22917,104,3,1.25,1.5,0.25,1,,,,
MNQ SEP25,10s,10,5635,2025-07-14 09:59:20,22910.25,22918.5,22908.5,22917,776,10,6.75,1.5,1.75,1,-60.2,40.3,-34.21666667,-19.62
MNQ SEP25,20s,20,5817,2025-07-14 09:59:20,22906.5,22918.5,22906.25,22917,1179,12.25,10.5,1.5,0.25,1,-54.05,106.85,27.55,34.24
MNQ SEP25,1s,1,2360,2025-07-14 09:59:21,22917,22917.75,22916.25,22917.5,72,1.5,0.5,0.25,0.75,1,,,,
MNQ SEP25,1s,1,2361,2025-07-14 09:59:22,22917.5,22917.75,22916.5,22917.25,73,1.25,0.25,0.25,0.75,-1,,,,
MNQ SEP25,1s,1,2362,2025-07-14 09:59:23,22917,22917.75,22915.75,22916.75,34,2,0.25,0.75,1,-1,,,,
MNQ SEP25,1s,1,2363,2025-07-14 09:59:24,22916.75,22917,22915.5,22915.5,41,1.5,1.25,0.25,0,-1,,,,
MNQ SEP25,1s,1,2364,2025-07-14 09:59:25,22915.25,22915.25,22914,22914.25,39,1.25,1,0,0.25,-1,,,,
MNQ SEP25,1s,1,2365,2025-07-14 09:59:26,22914.5,22914.5,22913,22913.25,32,1.5,1.25,0,0.25,-1,,,,
MNQ SEP25,1s,1,2366,2025-07-14 09:59:27,22913,22913.5,22911.25,22912.5,47,2.25,0.5,0.5,1.25,-1,,,,
MNQ SEP25,1s,1,2367,2025-07-14 09:59:28,22913,22913.75,22912.25,22913.25,38,1.5,0.25,0.5,0.75,1,,,,
MNQ SEP25,1s,1,2368,2025-07-14 09:59:29,22913,22913,22911.75,22912.75,22,1.25,0.25,0,1,-1,,,,
MNQ SEP25,1s,1,2369,2025-07-14 09:59:30,22912.75,22914,22912.25,22913.75,19,1.75,1,0.25,0.5,1,,,,
MNQ SEP25,10s,10,5636,2025-07-14 09:59:30,22917,22917.75,22911.25,22913.75,417,6.5,3.25,0.75,2.5,-1,-72.7,-12.5,7.33333333,-22.95
MNQ SEP25,1s,1,2370,2025-07-14 09:59:31,22913.5,22915,22913.5,22914.5,22,1.5,1,0.5,0,1,,,,
MNQ SEP25,1s,1,2371,2025-07-14 09:59:32,22914.25,22914.25,22911.5,22912,26,2.75,2.25,0,0.5,-1,,,,
MNQ SEP25,1s,1,2372,2025-07-14 09:59:33,22912,22912.75,22910.25,22912.75,45,2.5,0.75,0,1.75,1,,,,
MNQ SEP25,1s,1,2373,2025-07-14 09:59:34,22912.75,22913.25,22911.5,22912,26,1.75,0.75,0.5,0.5,-1,,,,
MNQ SEP25,1s,1,2374,2025-07-14 09:59:35,22910.75,22911.25,22910.5,22911.25,39,0.75,0.5,0,0.25,1,,,,
MNQ SEP25,1s,1,2375,2025-07-14 09:59:36,22911.25,22913.75,22911.25,22913,30,2.5,1.75,0.75,0,1,,,,
MNQ SEP25,1s,1,2376,2025-07-14 09:59:37,22912.75,22915,22912.75,22915,36,2.25,2.25,0,0,1,,,,
MNQ SEP25,1s,1,2377,2025-07-14 09:59:38,22915.25,22915.25,22914.5,22915.25,14,0.75,0,0,0.75,0,,,,
MNQ SEP25,1s,1,2378,2025-07-14 09:59:39,22915,22915.5,22914.5,22914.75,24,1,0.25,0.5,0.25,-1,,,,
MNQ SEP25,1s,1,2379,2025-07-14 09:59:40,22914.75,22915.75,22914.75,22915,11,1,0.25,0.75,0,1,,,,
MNQ SEP25,10s,10,5637,2025-07-14 09:59:40,22913.5,22915.75,22910.25,22915,273,5.5,1.5,0.75,3.25,1,-78.5,-5.8,7.33333333,-24.19
MNQ SEP25,20s,20,5818,2025-07-14 09:59:40,22917,22917.75,22910.25,22915,690,7.5,2,0.75,4.75,-1,-91.1,-37.05,39.33333333,24.44
MNQ SEP25,1s,1,2380,2025-07-14 09:59:41,22915.25,22915.25,22914.25,22914.5,16,1,0.75,0,0.25,-1,,,,
MNQ SEP25,1s,1,2381,2025-07-14 09:59:42,22914.5,22914.5,22913,22913,15,1.5,1.5,0,0,-1,,,,
MNQ SEP25,1s,1,2382,2025-07-14 09:59:43,22914,22915,22913.75,22914.75,13,1.25,0.75,0.25,0.25,1,,,,
MNQ SEP25,1s,1,2383,2025-07-14 09:59:44,22914.75,22914.75,22913.75,22914,10,1,0.75,0,0.25,-1,,,,
MNQ SEP25,1s,1,2384,2025-07-14 09:59:45,22914.25,22914.75,22914.25,22914.25,8,0.5,0,0.5,0,0,,,,
MNQ SEP25,1s,1,2385,2025-07-14 09:59:46,22914.5,22916.5,22913.75,22913.75,86,2.75,0.75,2,0,-1,,,,
MNQ SEP25,1s,1,2386,2025-07-14 09:59:47,22914,22914.5,22913.25,22913.75,56,1.25,0.25,0.5,0.5,-1,,,,
MNQ SEP25,1s,1,2387,2025-07-14 09:59:48,22913.25,22915,22913.25,22914.25,39,1.75,1,0.75,0,1,,,,
MNQ SEP25,1s,1,2388,2025-07-14 09:59:49,22914.25,22914.25,22913.25,22914,20,1,0.25,0,0.75,-1,,,,
MNQ SEP25,1s,1,2389,2025-07-14 09:59:50,22914.25,22914.75,22914,22914.5,10,0.75,0.25,0.25,0.25,1,,,,
MNQ SEP25,10s,10,5638,2025-07-14 09:59:50,22915.25,22916.5,22913,22914.5,273,3.5,0.75,1.25,1.5,-1,-64.15,14.35,-1.31666667,6.11
MNQ SEP25,1s,1,2390,2025-07-14 09:59:51,22914.25,22914.25,22913.5,22914.25,19,0.75,0,0,0.75,0,,,,
MNQ SEP25,1s,1,2391,2025-07-14 09:59:52,22913.75,22914.75,22913.75,22913.75,17,1,0,1,0,0,,,,
MNQ SEP25,1s,1,2392,2025-07-14 09:59:53,22914,22914,22912.25,22912.5,24,1.75,1.5,0,0.25,-1,,,,
MNQ SEP25,1s,1,2393,2025-07-14 09:59:54,22913,22913.5,22912.75,22913,24,0.75,0,0.5,0.25,0,,,,
MNQ SEP25,1s,1,2394,2025-07-14 09:59:55,22913.25,22913.75,22912.5,22913,17,1.25,0.25,0.5,0.5,-1,,,,
MNQ SEP25,1s,1,2395,2025-07-14 09:59:56,22913.5,22913.5,22912.5,22912.75,19,1,0.75,0,0.25,-1,,,,
MNQ SEP25,1s,1,2396,2025-07-14 09:59:57,22912.25,22913,22912.25,22913,18,0.75,0.75,0,0,1,,,,
MNQ SEP25,1s,1,2397,2025-07-14 09:59:58,22913,22914.25,22912,22912,19,2.25,1,1.25,0,-1,,,,
MNQ SEP25,1s,1,2398,2025-07-14 09:59:59,22912,22913.25,22912,22912.75,19,1.25,0.75,0.5,0,1,,,,
MNQ SEP25,1s,1,2399,2025-07-14 10:00:00,22912.25,22913,22911,22911.75,58,2,0.5,0.75,0.75,-1,,,,
MNQ SEP25,10s,10,5639,2025-07-14 10:00:00,22914.25,22914.75,22911,22911.75,234,3.75,2.5,0.5,0.75,-1,-77.45,-13.3,-1.58333333,4.61
MNQ SEP25,20s,20,5819,2025-07-14 10:00:00,22915.25,22916.5,22911,22911.75,507,5.5,3.5,1.25,0.75,-1,-208.35,-117.25,-15.81666667,-14.33
MNQ SEP25,1s,1,2400,2025-07-14 10:00:01,22912,22916.25,22912,22913.75,240,4.25,1.75,2.5,0,1,,,,
MNQ SEP25,1s,1,2401,2025-07-14 10:00:02,22913.75,22917.5,22913.75,22916.5,91,3.75,2.75,1,0,1,,,,
MNQ SEP25,1s,1,2402,2025-07-14 10:00:03,22917,22917,22914.5,22915.5,71,2.5,1.5,0,1,-1,,,,
MNQ SEP25,1s,1,2403,2025-07-14 10:00:04,22915.25,22915.5,22912,22915,92,3.5,0.25,0.25,3,-1,,,,
MNQ SEP25,1s,1,2404,2025-07-14 10:00:05,22915,22917.75,22915,22915.5,67,2.75,0.5,2.25,0,1,,,,
MNQ SEP25,1s,1,2405,2025-07-14 10:00:06,22915.25,22915.75,22913.75,22914.75,58,2,0.5,0.5,1,-1,,,,
MNQ SEP25,1s,1,2406,2025-07-14 10:00:07,22915,22916.75,22914.75,22916.5,21,2,1.5,0.25,0.25,1,,,,
MNQ SEP25,1s,1,2407,2025-07-14 10:00:08,22916.75,22917,22915.5,22916.25,29,1.5,0.5,0.25,0.75,-1,,,,
MNQ SEP25,1s,1,2408,2025-07-14 10:00:09,22916.75,22918.5,22915,22915.5,60,3.5,1.25,1.75,0.5,-1,,,,
MNQ SEP25,1s,1,2409,2025-07-14 10:00:10,22915.5,22915.5,22912.5,22912.5,50,3,3,0,0,-1,,,,
MNQ SEP25,10s,10,5640,2025-07-14 10:00:10,22912,22918.5,22912,22912.5,779,6.5,0.5,6,0,1,-56.9,20.55,7.2,0.66
MNQ SEP25,1s,1,2410,2025-07-14 10:00:11,22912.25,22914.25,22911,22913.25,70,3.25,1,1,1.25,1,,,,
MNQ SEP25,1s,1,2411,2025-07-14 10:00:12,22913,22915,22911.75,22913.5,41,3.25,0.5,1.5,1.25,1,,,,
MNQ SEP25,1s,1,2412,2025-07-14 10:00:13,22913.75,22914,22912.25,22913.75,30,1.75,0,0.25,1.5,0,,,,
MNQ SEP25,1s,1,2413,2025-07-14 10:00:14,22914,22915.75,22914,22915.25,14,1.75,1.25,0.5,0,1,,,,
MNQ SEP25,1s,1,2414,2025-07-14 10:00:15,22916,22921.75,22916,22921.5,220,5.75,5.5,0.25,0,1,,,,
MNQ SEP25,1s,1,2415,2025-07-14 10:00:16,22921.25,22921.5,22918.75,22919.5,102,2.75,1.75,0.25,0.75,-1,,,,
MNQ SEP25,1s,1,2416,2025-07-14 10:00:17,22919.5,22920,22918,22919,65,2,0.5,0.5,1,-1,,,,
MNQ SEP25,1s,1,2417,2025-07-14 10:00:18,22919,22919.75,22918.25,22919.25,65,1.5,0.25,0.5,0.75,1,,,,
MNQ SEP25,1s,1,2418,2025-07-14 10:00:19,22919.5,22923.75,22919,22923.25,166,4.75,3.75,0.5,0.5,1,,,,
MNQ SEP25,1s,1,2419,2025-07-14 10:00:20,22923,22923.75,22920.5,22920.5,155,3.25,2.5,0.75,0,-1,,,,
MNQ SEP25,10s,10,5641,2025-07-14 10:00:20,22912.25,22923.75,22911,22920.5,928,12.75,8.25,3.25,1.25,1,22.8,79.7,28.98333333,19.1
MNQ SEP25,20s,20,5820,2025-07-14 10:00:20,22912,22923.75,22911,22920.5,1707,12.75,8.5,3.25,1,1,-99.35,109,-15.1,21.95
MNQ SEP25,1s,1,2420,2025-07-14 10:00:21,22921,22922.75,22920,22921,114,2.75,0,1.75,1,0,,,,
MNQ SEP25,1s,1,2421,2025-07-14 10:00:22,22920.75,22922.5,22920,22922.5,55,2.5,1.75,0,0.75,1,,,,
MNQ SEP25,1s,1,2422,2025-07-14 10:00:23,22921.75,22925,22921.5,22921.5,171,3.5,0.25,3.25,0,-1,,,,
MNQ SEP25,1s,1,2423,2025-07-14 10:00:24,22921.5,22922.5,22918.25,22922.5,120,4.25,1,0,3.25,1,,,,
MNQ SEP25,1s,1,2424,2025-07-14 10:00:25,22921.75,22922.25,22920.75,22921,49,1.5,0.75,0.5,0.25,-1,,,,
MNQ SEP25,1s,1,2425,2025-07-14 10:00:26,22921,22922.25,22916.5,22917.25,87,5.75,3.75,1.25,0.75,-1,,,,
MNQ SEP25,1s,1,2426,2025-07-14 10:00:27,22916.75,22918.75,22916.5,22918.25,86,2.25,1.5,0.5,0.25,1,,,,
MNQ SEP25,1s,1,2427,2025-07-14 10:00:28,22919.5,22920,22916,22916.25,67,4,3.25,0.5,0.25,-1,,,,
MNQ SEP25,1s,1,2428,2025-07-14 10:00:29,22917.25,22917.5,22916.25,22916.25,41,1.25,1,0.25,0,-1,,,,
MNQ SEP25,1s,1,2429,2025-07-14 10:00:30,22916,22917.75,22915.75,22917,59,2,1,0.75,0.25,1,,,,
MNQ SEP25,10s,10,5642,2025-07-14 10:00:30,22921,22925,22915.75,22917,849,9.25,4,4,1.25,-1,111.05,88.25,62.83333333,37.91
MNQ SEP25,1s,1,2430,2025-07-14 10:00:31,22916.75,22916.75,22913.25,22914.25,89,3.5,2.5,0,1,-1,,,,
MNQ SEP25,1s,1,2431,2025-07-14 10:00:32,22914.5,22915.5,22913.25,22914.5,84,2.25,0,1,1.25,0,,,,
MNQ SEP25,1s,1,2432,2025-07-14 10:00:33,22914.5,22915,22912.5,22914.5,55,2.5,0,0.5,2,0,,,,
MNQ SEP25,1s,1,2433,2025-07-14 10:00:34,22914.25,22914.5,22911.75,22914,59,2.75,0.25,0.25,2.25,-1,,,,
MNQ SEP25,1s,1,2434,2025-07-14 10:00:35,22914,22915,22913.5,22913.5,25,1.5,0.5,1,0,-1,,,,
MNQ SEP25,1s,1,2435,2025-07-14 10:00:36,22914.5,22916.25,22914,22916.25,29,2.25,1.75,0,0.5,1,,,,
MNQ SEP25,1s,1,2436,2025-07-14 10:00:37,22915.5,22917.25,22915.5,22915.75,52,1.75,0.25,1.5,0,1,,,,
MNQ SEP25,1s,1,2437,2025-07-14 10:00:38,22916.25,22917,22914,22914.25,39,3,2,0.75,0.25,-1,,,,
MNQ SEP25,1s,1,2438,2025-07-14 10:00:39,22913.75,22914.5,22913.5,22913.5,29,1,0.25,0.75,0,-1,,,,
MNQ SEP25,1s,1,2439,2025-07-14 10:00:40,22914,22914.5,22913.5,22914.5,27,1,0.5,0,0.5,1,,,,
MNQ SEP25,10s,10,5643,2025-07-14 10:00:40,22916.75,22917.25,22911.75,22914.5,488,5.5,2.25,0.5,2.75,-1,144.4,33.35,67.1,41.71
MNQ SEP25,20s,20,5821,2025-07-14 10:00:40,22921,22925,22911.75,22914.5,1337,13.25,6.5,4,2.75,-1,55.3,154.65,48.8,43.24
MNQ SEP25,1s,1,2440,2025-07-14 10:00:41,22914.5,22915.25,22913.25,22913.5,23,2,1,0.75,0.25,-1,,,,
MNQ SEP25,1s,1,2441,2025-07-14 10:00:42,22913.25,22913.25,22910.5,22912.25,87,2.75,1,0,1.75,-1,,,,
MNQ SEP25,1s,1,2442,2025-07-14 10:00:43,22912.25,22912.75,22910.25,22911.75,119,2.5,0.5,0.5,1.5,-1,,,,
MNQ SEP25,1s,1,2443,2025-07-14 10:00:44,22912,22912.5,22911.5,22911.75,25,1,0.25,0.5,0.25,-1,,,,
MNQ SEP25,1s,1,2444,2025-07-14 10:00:45,22911.5,22911.75,22908.25,22910.25,161,3.5,1.25,0.25,2,-1,,,,
MNQ SEP25,1s,1,2445,2025-07-14 10:00:46,22910.5,22911.5,22909.75,22911.5,119,1.75,1,0,0.75,1,,,,
MNQ SEP25,1s,1,2446,2025-07-14 10:00:47,22911,22911.75,22908.25,22908.5,51,3.5,2.5,0.75,0.25,-1,,,,
MNQ SEP25,1s,1,2447,2025-07-14 10:00:48,22908,22910.25,22907.5,22909.25,112,2.75,1.25,1,0.5,1,,,,
MNQ SEP25,1s,1,2448,2025-07-14 10:00:49,22909.5,22913.75,22909.5,22912.25,57,4.25,2.75,1.5,0,1,,,,
MNQ SEP25,1s,1,2449,2025-07-14 10:00:50,22911.75,22913.25,22911.5,22912.75,47,1.75,1,0.5,0.25,1,,,,
MNQ SEP25,10s,10,5644,2025-07-14 10:00:50,22914.5,22915.25,22907.5,22912.75,801,7.75,1.75,0.75,5.25,-1,237.6,93.2,71.6,63.01
MNQ SEP25,1s,1,2450,2025-07-14 10:00:51,22912.75,22914.25,22912.5,22913,37,1.75,0.25,1.25,0.25,1,,,,
MNQ SEP25,1s,1,2451,2025-07-14 10:00:52,22913.25,22914,22913.25,22913.5,17,0.75,0.25,0.5,0,1,,,,
MNQ SEP25,1s,1,2452,2025-07-14 10:00:53,22913.5,22917,22913,22915.5,66,4,2,1.5,0.5,1,,,,
MNQ SEP25,1s,1,2453,2025-07-14 10:00:54,22915.25,22917.75,22915.25,22915.75,25,2.5,0.5,2,0,1,,,,
MNQ SEP25,1s,1,2454,2025-07-14 10:00:55,22915.25,22915.75,22913.75,22915.5,31,2,0.25,0.25,1.5,1,,,,
MNQ SEP25,1s,1,2455,2025-07-14 10:00:56,22916,22916,22914.5,22915,16,1.5,1,0,0.5,-1,,,,
MNQ SEP25,1s,1,2456,2025-07-14 10:00:57,22914.5,22916.75,22914.5,22916.75,20,2.25,2.25,0,0,1,,,,
MNQ SEP25,1s,1,2457,2025-07-14 10:00:58,22916.25,22916.75,22914,22915.25,40,2.75,1,0.5,1.25,-1,,,,
MNQ SEP25,1s,1,2458,2025-07-14 10:00:59,22915,22917.25,22915,22915.25,27,2.25,0.25,2,0,1,,,,
MNQ SEP25,1s,1,2459,2025-07-14 10:01:00,22915,22915.5,22913,22914.25,29,2.5,0.75,0.5,1.25,-1,,,,
MNQ SEP25,10s,10,5645,2025-07-14 10:01:00,22912.75,22917.75,22912.5,22914.25,308,5.25,1.5,3.5,0.25,1,142.25,-95.35,10.4,39.83
MNQ SEP25,20s,20,5822,2025-07-14 10:01:00,22914.5,22917.75,22907.5,22914.25,1109,10.25,0.25,3.25,6.75,-1,32.45,-22.85,80.26666667,17.3
MNQ SEP25,1s,1,2460,2025-07-14 10:01:01,22914,22915.25,22911,22911.25,64,4.25,2.75,1.25,0.25,-1,,,,
MNQ SEP25,1s,1,2461,2025-07-14 10:01:02,22911,22911.5,22908.75,22910.5,94,2.75,0.5,0.5,1.75,-1,,,,
MNQ SEP25,1s,1,2462,2025-07-14 10:01:03,22910.25,22910.25,22906,22907.5,158,4.25,2.75,0,1.5,-1,,,,
MNQ SEP25,1s,1,2463,2025-07-14 10:01:04,22907.25,22907.5,22906,22906.5,55,1.5,0.75,0.25,0.5,-1,,,,
MNQ SEP25,1s,1,2464,2025-07-14 10:01:05,22906.5,22907.25,22905.5,22905.75,99,1.75,0.75,0.75,0.25,-1,,,,
MNQ SEP25,1s,1,2465,2025-07-14 10:01:06,22907.25,22910,22906.25,22909.75,127,3.75,2.5,0.25,1,1,,,,
MNQ SEP25,1s,1,2466,2025-07-14 10:01:07,22909.75,22912,22909,22910.75,75,3,1,1.25,0.75,1,,,,
MNQ SEP25,1s,1,2467,2025-07-14 10:01:08,22910.75,22911.75,22910,22911.75,34,1.75,1,0,0.75,1,,,,
MNQ SEP25,1s,1,2468,2025-07-14 10:01:09,22911.5,22911.5,22909.25,22909.25,29,2.25,2.25,0,0,-1,,,,
MNQ SEP25,1s,1,2469,2025-07-14 10:01:10,22908.5,22909.75,22907.75,22909.5,33,2,1,0.25,0.75,1,,,,
MNQ SEP25,10s,10,5646,2025-07-14 10:01:10,22914,22915.25,22905.5,22909.5,768,9.75,4.5,1.25,4,-1,94.2,-48.05,-16.73333333,14.28
MNQ SEP25,1s,1,2470,2025-07-14 10:01:11,22909,22910.25,22907.5,22908.5,68,2.75,0.5,1.25,1,-1,,,,
MNQ SEP25,1s,1,2471,2025-07-14 10:01:12,22908.5,22911,22907.5,22908,63,3.5,0.5,2.5,0.5,-1,,,,
MNQ SEP25,1s,1,2472,2025-07-14 10:01:13,22908,22908.5,22907,22908,65,1.5,0,0.5,1,0,,,,
MNQ SEP25,1s,1,2473,2025-07-14 10:01:14,22908.25,22911.25,22907.5,22911,68,3.75,2.75,0.25,0.75,1,,,,
MNQ SEP25,1s,1,2474,2025-07-14 10:01:15,22910.75,22911.5,22910,22910,39,1.5,0.75,0.75,0,-1,,,,
MNQ SEP25,1s,1,2475,2025-07-14 10:01:16,22909.75,22910,22908.5,22908.5,29,1.5,1.25,0.25,0,-1,,,,
MNQ SEP25,1s,1,2476,2025-07-14 10:01:17,22908,22912,22908,22911.75,35,4,3.75,0.25,0,1,,,,
MNQ SEP25,1s,1,2477,2025-07-14 10:01:18,22911.25,22912.5,22910.75,22911.5,59,1.75,0.25,1,0.5,1,,,,
MNQ SEP25,1s,1,2478,2025-07-14 10:01:19,22911.5,22911.5,22908.75,22909,62,2.75,2.5,0,0.25,-1,,,,
MNQ SEP25,1s,1,2479,2025-07-14 10:01:20,22908.5,22911.5,22907.5,22910.75,30,4,2.25,0.75,1,1,,,,
MNQ SEP25,10s,10,5647,2025-07-14 10:01:20,22909,22912.5,22907,22910.75,518,5.5,1.75,1.75,2,1,27.4,-66.8,-70.06666667,-16.73
MNQ SEP25,20s,20,5823,2025-07-14 10:01:20,22914,22915.25,22905.5,22910.75,1286,9.75,3.25,1.25,5.25,-1,116.15,83.7,71.83333333,41.45
MNQ SEP25,1s,1,2480,2025-07-14 10:01:21,22911.25,22912.75,22911,22912.25,51,1.75,1,0.5,0.25,1,,,,
MNQ SEP25,1s,1,2481,2025-07-14 10:01:22,22912.75,22913.25,22911.25,22911.25,38,2,1.5,0.5,0,-1,,,,
MNQ SEP25,1s,1,2482,2025-07-14 10:01:23,22911.5,22912,22910.75,22912,13,1.25,0.5,0,0.75,1,,,,
MNQ SEP25,1s,1,2483,2025-07-14 10:01:24,22912.25,22914.75,22912.25,22914.75,80,2.5,2.5,0,0,1,,,,
MNQ SEP25,1s,1,2484,2025-07-14 10:01:25,22914.75,22916.25,22913.25,22915.25,109,3,0.5,1,1.5,1,,,,
MNQ SEP25,1s,1,2485,2025-07-14 10:01:26,22916,22918.5,22915.5,22918,57,3,2,0.5,0.5,1,,,,
MNQ SEP25,1s,1,2486,2025-07-14 10:01:27,22918.25,22918.25,22916,22917.75,55,2.25,0.5,0,1.75,-1,,,,
MNQ SEP25,1s,1,2487,2025-07-14 10:01:28,22918,22919.75,22918,22919,75,1.75,1,0.75,0,1,,,,
MNQ SEP25,1s,1,2488,2025-07-14 10:01:29,22919.25,22922.25,22918.5,22922,180,3.75,2.75,0.25,0.75,1,,,,
MNQ SEP25,1s,1,2489,2025-07-14 10:01:30,22921.5,22922.5,22920.75,22920.75,84,1.75,0.75,1,0,-1,,,,
MNQ SEP25,10s,10,5648,2025-07-14 10:01:30,22911.25,22922.5,22910.75,22920.75,742,11.75,9.5,1.75,0.5,1,92.05,64.65,-16.73333333,-10.47
MNQ SEP25,1s,1,2490,2025-07-14 10:01:31,22921,22921,22918.25,22918.25,79,2.75,2.75,0,0,-1,,,,
MNQ SEP25,1s,1,2491,2025-07-14 10:01:32,22918,22918.75,22916.75,22917.25,60,2,0.75,0.75,0.5,-1,,,,
MNQ SEP25,1s,1,2492,2025-07-14 10:01:33,22917,22917.25,22913,22913.25,59,4.25,3.75,0.25,0.25,-1,,,,
MNQ SEP25,1s,1,2493,2025-07-14 10:01:34,22913.75,22914,22913,22913,24,1,0.75,0.25,0,-1,,,,
MNQ SEP25,1s,1,2494,2025-07-14 10:01:35,22913,22914.25,22912.75,22912.75,30,1.5,0.25,1.25,0,-1,,,,
MNQ SEP25,1s,1,2495,2025-07-14 10:01:36,22912.5,22912.5,22911.25,22911.75,23,1.25,0.75,0,0.5,-1,,,,
MNQ SEP25,1s,1,2496,2025-07-14 10:01:37,22911.5,22911.75,22910.75,22910.75,45,1,0.75,0.25,0,-1,,,,
MNQ SEP25,1s,1,2497,2025-07-14 10:01:38,22911.25,22912.25,22909.75,22912.25,49,2.5,1,0,1.5,1,,,,
MNQ SEP25,1s,1,2498,2025-07-14 10:01:39,22912.5,22915.75,22912.5,22915.25,27,3.25,2.75,0.5,0,1,,,,
MNQ SEP25,1s,1,2499,2025-07-14 10:01:40,22914.25,22915.5,22914.25,22915.5,22,1.25,1.25,0,0,1,,,,
MNQ SEP25,10s,10,5649,2025-07-14 10:01:40,22921,22921,22909.75,22915.5,418,11.25,5.5,0,5.75,-1,21.85,-70.2,-24.11666667,-43.15
MNQ SEP25,20s,20,5824,2025-07-14 10:01:40,22911.25,22922.5,22909.75,22915.5,1160,12.75,4.25,7,1.5,1,219.95,103.8,54.88333333,85.66
MNQ SEP25,1s,1,2500,2025-07-14 10:01:41,22915.5,22916.5,22915.25,22915.75,17,1.25,0.25,0.75,0.25,1,,,,
MNQ SEP25,1s,1,2501,2025-07-14 10:01:42,22915.25,22916.5,22914.75,22916.5,25,1.75,1.25,0,0.5,1,,,,
MNQ SEP25,1s,1,2502,2025-07-14 10:01:43,22916,22917.25,22915.75,22916,30,1.5,0,1.25,0.25,0,,,,
MNQ SEP25,1s,1,2503,2025-07-14 10:01:44,22916,22916,22913.5,22914,71,2.5,2,0,0.5,-1,,,,
MNQ SEP25,1s,1,2504,2025-07-14 10:01:45,22913.5,22914.25,22913.5,22913.75,24,0.75,0.25,0.5,0,1,,,,
MNQ SEP25,1s,1,2505,2025-07-14 10:01:46,22914.5,22916,22913.25,22916,27,2.75,1.5,0,1.25,1,,,,
MNQ SEP25,1s,1,2506,2025-07-14 10:01:47,22916,22916.5,22915.5,22915.75,13,1,0.25,0.5,0.25,-1,,,,
MNQ SEP25,1s,1,2507,2025-07-14 10:01:48,22916,22916,22914.25,22915,28,1.75,1,0,0.75,-1,,,,
MNQ SEP25,1s,1,2508,2025-07-14 10:01:49,22914.75,22914.75,22913.25,22913.5,22,1.5,1.25,0,0.25,-1,,,,
MNQ SEP25,1s,1,2509,2025-07-14 10:01:50,22913,22913,22911.75,22912.25,35,1.25,0.75,0,0.5,-1,,,,
MNQ SEP25,10s,10,5650,2025-07-14 10:01:50,22915.5,22917.25,22911.75,22912.25,292,5.5,3.25,1.75,0.5,-1,31.35,9.5,1.31666667,-22.18
MNQ SEP25,1s,1,2510,2025-07-14 10:01:51,22911.75,22912.25,22911.5,22911.5,16,0.75,0.25,0.5,0,-1,,,,
MNQ SEP25,1s,1,2511,2025-07-14 10:01:52,22911.75,22912.75,22910.75,22911.25,43,2,0.5,1,0.5,-1,,,,
MNQ SEP25,1s,1,2512,2025-07-14 10:01:53,22911.25,22912.5,22910.75,22912.25,28,1.75,1,0.25,0.5,1,,,,
MNQ SEP25,1s,1,2513,2025-07-14 10:01:54,22912,22913,22911.75,22913,19,1.25,1,0,0.25,1,,,,
MNQ SEP25,1s,1,2514,2025-07-14 10:01:55,22912.75,22913.75,22910.25,22910.75,20,3.5,2,1,0.5,-1,,,,
MNQ SEP25,1s,1,2515,2025-07-14 10:01:56,22911.25,22911.5,22910.75,22911.25,18,0.75,0,0.25,0.5,0,,,,
MNQ SEP25,1s,1,2516,2025-07-14 10:01:57,22911.25,22911.75,22910.25,22911.25,20,1.5,0,0.5,1,0,,,,
MNQ SEP25,1s,1,2517,2025-07-14 10:01:58,22911,22912.5,22911,22912,10,1.5,1,0.5,0,1,,,,
MNQ SEP25,1s,1,2518,2025-07-14 10:01:59,22912.5,22912.5,22910.5,22910.75,15,2,1.75,0,0.25,-1,,,,
MNQ SEP25,1s,1,2519,2025-07-14 10:02:00,22910.5,22912,22909.5,22911.75,50,2.5,1.25,0.25,1,1,,,,
MNQ SEP25,10s,10,5651,2025-07-14 10:02:00,22911.75,22913.75,22909.5,22911.75,239,4.25,0,2,2.25,0,-62.1,-93.45,-51.38333333,-31.26
MNQ SEP25,20s,20,5825,2025-07-14 10:02:00,22915.5,22917.25,22909.5,22911.75,531,7.75,3.75,1.75,2.25,-1,2.15,-217.8,-10.1,20.3
MNQ SEP25,1s,1,2520,2025-07-14 10:02:01,22911,22913.75,22909.25,22913.25,79,4.5,2.25,0.5,1.75,1,,,,
MNQ SEP25,1s,1,2521,2025-07-14 10:02:02,22913.5,22914.75,22913.5,22914.25,36,1.25,0.75,0.5,0,1,,,,
MNQ SEP25,1s,1,2522,2025-07-14 10:02:03,22914.25,22914.25,22911.5,22911.5,12,2.75,2.75,0,0,-1,,,,
MNQ SEP25,1s,1,2523,2025-07-14 10:02:04,22911.5,22911.75,22910,22910,29,1.75,1.5,0.25,0,-1,,,,
MNQ SEP25,1s,1,2524,2025-07-14 10:02:05,22911.25,22912.5,22909.5,22912.5,23,3,1.25,0,1.75,1,,,,
MNQ SEP25,1s,1,2525,2025-07-14 10:02:06,22912.5,22915.5,22912.5,22915,46,3,2.5,0.5,0,1,,,,
MNQ SEP25,1s,1,2526,2025-07-14 10:02:07,22914.75,22915,22913.5,22913.5,7,1.5,1.25,0.25,0,-1,,,,
MNQ SEP25,1s,1,2527,2025-07-14 10:02:08,22913.75,22914,22913.25,22914,8,0.75,0.25,0,0.5,1,,,,
MNQ SEP25,1s,1,2528,2025-07-14 10:02:09,22913.75,22915.25,22913.5,22914,24,1.75,0.25,1.25,0.25,1,,,,
MNQ SEP25,1s,1,2529,2025-07-14 10:02:10,22914,22916.25,22913.75,22913.75,21,2.5,0.25,2.25,0,-1,,,,
MNQ SEP25,10s,10,5652,2025-07-14 10:02:10,22911,22916.25,22909.25,22913.75,285,7,2.75,2.5,1.75,1,-105.3,-43.2,-42.38333333,-26.54
MNQ SEP25,1s,1,2530,2025-07-14 10:02:11,22914.25,22914.75,22913.5,22914.75,29,1.25,0.5,0,0.75,1,,,,
MNQ SEP25,1s,1,2531,2025-07-14 10:02:12,22915.5,22918,22915,22918,53,3,2.5,0,0.5,1,,,,
MNQ SEP25,1s,1,2532,2025-07-14 10:02:13,22918,22920.5,22918,22920.5,118,2.5,2.5,0,0,1,,,,
MNQ SEP25,1s,1,2533,2025-07-14 10:02:14,22920.75,22923.25,22920.75,22922.25,257,2.5,1.5,1,0,1,,,,
MNQ SEP25,1s,1,2534,2025-07-14 10:02:15,22921.75,22922.25,22919.5,22919.5,57,2.75,2.25,0.5,0,-1,,,,
MNQ SEP25,1s,1,2535,2025-07-14 10:02:16,22919.75,22921,22919.5,22920,33,1.5,0.25,1,0.25,1,,,,
MNQ SEP25,1s,1,2536,2025-07-14 10:02:17,22920,22920.75,22919.75,22920.25,25,1,0.25,0.5,0.25,1,,,,
MNQ SEP25,1s,1,2537,2025-07-14 10:02:18,22919.75,22920.75,22918.5,22918.75,35,2.25,1,1,0.25,-1,,,,
MNQ SEP25,1s,1,2538,2025-07-14 10:02:19,22918.75,22920.5,22918.75,22919.5,34,1.75,0.75,1,0,1,,,,
MNQ SEP25,1s,1,2539,2025-07-14 10:02:20,22919.5,22921.5,22919.5,22921.5,49,2,2,0,0,1,,,,
MNQ SEP25,10s,10,5653,2025-07-14 10:02:20,22914.25,22923.25,22913.5,22921.5,690,9.75,7.25,1.75,0.75,1,-139.25,-33.95,-56.86666667,-46.26
MNQ SEP25,20s,20,5826,2025-07-14 10:02:20,22911,22923.25,22909.25,22921.5,975,14,10.5,1.75,1.75,1,-36.55,-38.7,-50.9,-18.37
MNQ SEP25,1s,1,2540,2025-07-14 10:02:21,22921.75,22923.75,22921.75,22923.75,78,2,2,0,0,1,,,,
MNQ SEP25,1s,1,2541,2025-07-14 10:02:22,22923.75,22926.75,22923.75,22924,338,3,0.25,2.75,0,1,,,,
MNQ SEP25,1s,1,2542,2025-07-14 10:02:23,22924.25,22925.5,22921.25,22922.5,139,4.25,1.75,1.25,1.25,-1,,,,
MNQ SEP25,1s,1,2543,2025-07-14 10:02:24,22922.5,22923,22920.25,22920.75,69,2.75,1.75,0.5,0.5,-1,,,,
MNQ SEP25,1s,1,2544,2025-07-14 10:02:25,22920.75,22921.75,22918.5,22918.75,61,3.25,2,1,0.25,-1,,,,
MNQ SEP25,1s,1,2545,2025-07-14 10:02:26,22918.25,22920.25,22917.5,22920.25,47,2.75,2,0,0.75,1,,,,
MNQ SEP25,1s,1,2546,2025-07-14 10:02:27,22920.5,22920.75,22919.5,22919.75,29,1.25,0.75,0.25,0.25,-1,,,,
MNQ SEP25,1s,1,2547,2025-07-14 10:02:28,22919.5,22920,22918.75,22919,22,1.25,0.5,0.5,0.25,-1,,,,
MNQ SEP25,1s,1,2548,2025-07-14 10:02:29,22918.25,22921,22918,22920.25,29,3,2,0.75,0.25,1,,,,
MNQ SEP25,1s,1,2549,2025-07-14 10:02:30,22920.25,22921.5,22918.5,22919.25,47,3,1,1.25,0.75,-1,,,,
MNQ SEP25,10s,10,5654,2025-07-14 10:02:30,22921.75,22926.75,22917.5,22919.25,859,9.25,2.5,5,1.75,-1,-73.85,65.4,-3.91666667,-19.14
MNQ SEP25,1s,1,2550,2025-07-14 10:02:31,22919,22920.75,22918.5,22920,30,2.25,1,0.75,0.5,1,,,,
MNQ SEP25,1s,1,2551,2025-07-14 10:02:32,22920.5,22923.25,22920.25,22921.75,34,3,1.25,1.5,0.25,1,,,,
MNQ SEP25,1s,1,2552,2025-07-14 10:02:33,22921.75,22924,22921.75,22924,28,2.25,2.25,0,0,1,,,,
MNQ SEP25,1s,1,2553,2025-07-14 10:02:34,22924,22924.25,22923,22923.25,38,1.25,0.75,0.25,0.25,-1,,,,
MNQ SEP25,1s,1,2554,2025-07-14 10:02:35,22922.75,22923.5,22922.75,22923,23,0.75,0.25,0.5,0,1,,,,
MNQ SEP25,1s,1,2555,2025-07-14 10:02:36,22922.75,22922.75,22920.5,22921.75,35,2.25,1,0,1.25,-1,,,,
MNQ SEP25,1s,1,2556,2025-07-14 10:02:37,22921.75,22925,22921.5,22924.5,39,3.5,2.75,0.5,0.25,1,,,,
MNQ SEP25,1s,1,2557,2025-07-14 10:02:38,22924.25,22924.25,22922,22923,46,2.25,1.25,0,1,-1,,,,
MNQ SEP25,1s,1,2558,2025-07-14 10:02:39,22923,22923.75,22922,22922.5,41,1.75,0.5,0.75,0.5,-1,,,,
MNQ SEP25,1s,1,2559,2025-07-14 10:02:40,22922.5,22924.5,22922.25,22923,30,2.25,0.5,1.5,0.25,1,,,,
MNQ SEP25,10s,10,5655,2025-07-14 10:02:40,22919,22925,22918.5,22923,344,6.5,4,2,0.5,1,-41.85,32,21.15,-14.64
MNQ SEP25,20s,20,5827,2025-07-14 10:02:40,22921.75,22926.75,22917.5,22923,1203,9.25,1.25,3.75,4.25,1,-1.85,34.7,-73.93333333,-6.86
MNQ SEP25,1s,1,2560,2025-07-14 10:02:41,22923.25,22924.5,22923,22923.5,38,1.5,0.25,1,0.25,1,,,,
MNQ SEP25,1s,1,2561,2025-07-14 10:02:42,22923.25,22925.75,22922.75,22924.5,82,3,1.25,1.25,0.5,1,,,,
MNQ SEP25,1s,1,2562,2025-07-14 10:02:43,22924.75,22926.5,22923.75,22924,59,2.75,0.75,1.75,0.25,-1,,,,
MNQ SEP25,1s,1,2563,2025-07-14 10:02:44,22924.25,22924.5,22923,22923,42,1.5,1.25,0.25,0,-1,,,,
MNQ SEP25,1s,1,2564,2025-07-14 10:02:45,22923.75,22924.75,22923,22923.5,48,1.75,0.25,1,0.5,-1,,,,
MNQ SEP25,1s,1,2565,2025-07-14 10:02:46,22923.25,22924.5,22922,22923.25,51,2.5,0,1.25,1.25,0,,,,
MNQ SEP25,1s,1,2566,2025-07-14 10:02:47,22922.75,22923,22922,22922.75,20,1,0,0.25,0.75,0,,,,
MNQ SEP25,1s,1,2567,2025-07-14 10:02:48,22922.75,22923.5,22921.75,22922,78,1.75,0.75,0.75,0.25,-1,,,,
MNQ SEP25,1s,1,2568,2025-07-14 10:02:49,22922.25,22922.5,22920.25,22921.75,31,2.25,0.5,0.25,1.5,-1,,,,
MNQ SEP25,1s,1,2569,2025-07-14 10:02:50,22921.75,22922.25,22920.25,22920.25,28,2,1.5,0.5,0,-1,,,,
MNQ SEP25,10s,10,5656,2025-07-14 10:02:50,22923.25,22926.5,22920.25,22920.25,477,6.25,3,3.25,0,-1,2.75,44.6,47.33333333,12.97
MNQ SEP25,1s,1,2570,2025-07-14 10:02:51,22920.25,22921,22917.75,22921,127,3.25,0.75,0,2.5,1,,,,
MNQ SEP25,1s,1,2571,2025-07-14 10:02:52,22921.25,22922.5,22921,22921.25,20,1.5,0,1.25,0.25,0,,,,
MNQ SEP25,1s,1,2572,2025-07-14 10:02:53,22922.25,22923.5,22920.5,22923.25,64,3,1,0.25,1.75,1,,,,
MNQ SEP25,1s,1,2573,2025-07-14 10:02:54,22923.75,22925.5,22923.75,22924,66,1.75,0.25,1.5,0,1,,,,
MNQ SEP25,1s,1,2574,2025-07-14 10:02:55,22923.5,22923.75,22922.75,22923.25,17,1,0.25,0.25,0.5,-1,,,,
MNQ SEP25,1s,1,2575,2025-07-14 10:02:56,22923,22923.75,22921.5,22922.25,44,2.25,0.75,0.75,0.75,-1,,,,
MNQ SEP25,1s,1,2576,2025-07-14 10:02:57,22922.75,22923.5,22922.25,22923,25,1.25,0.25,0.5,0.5,1,,,,
MNQ SEP25,1s,1,2577,2025-07-14 10:02:58,22923.25,22927.5,22923,22926.5,84,4.5,3.25,1,0.25,1,,,,
MNQ SEP25,1s,1,2578,2025-07-14 10:02:59,22926.5,22927.25,22925.5,22927.25,53,1.75,0.75,0,1,1,,,,
MNQ SEP25,1s,1,2579,2025-07-14 10:03:00,22927,22928.5,22926.5,22927.25,161,2,0.25,1.25,0.5,1,,,,
MNQ SEP25,10s,10,5657,2025-07-14 10:03:00,22920.25,22928.5,22917.75,22927.25,661,10.75,7,1.25,2.5,1,58.55,55.8,44.13333333,32.77
MNQ SEP25,20s,20,5828,2025-07-14 10:03:00,22923.25,22928.5,22917.75,22927.25,1138,10.75,4,1.25,5.5,1,-42.35,-40.5,-14.83333333,-31.7
MNQ SEP25,1s,1,2580,2025-07-14 10:03:01,22927.75,22929,22927.25,22928.75,170,1.75,1,0.25,0.5,1,,,,
MNQ SEP25,1s,1,2581,2025-07-14 10:03:02,22928,22929.75,22927.75,22929,114,2,1,0.75,0.25,1,,,,
MNQ SEP25,1s,1,2582,2025-07-14 10:03:03,22929,22930.25,22928.75,22930,119,1.5,1,0.25,0.25,1,,,,
MNQ SEP25,1s,1,2583,2025-07-14 10:03:04,22930.25,22931.5,22929.75,22931.25,148,1.75,1,0.25,0.5,1,,,,
MNQ SEP25,1s,1,2584,2025-07-14 10:03:05,22931.25,22931.5,22929.75,22930.5,88,1.75,0.75,0.25,0.75,-1,,,,
MNQ SEP25,1s,1,2585,2025-07-14 10:03:06,22930.75,22931.5,22929.5,22929.75,95,2,1,0.75,0.25,-1,,,,
MNQ SEP25,1s,1,2586,2025-07-14 10:03:07,22930,22930.5,22926,22926.5,100,4.5,3.5,0.5,0.5,-1,,,,
MNQ SEP25,1s,1,2587,2025-07-14 10:03:08,22926.75,22927,22925.75,22926.5,99,1.25,0.25,0.25,0.75,-1,,,,
MNQ SEP25,1s,1,2588,2025-07-14 10:03:09,22926.25,22927,22925.5,22926.25,42,1.5,0,0.75,0.75,0,,,,
MNQ SEP25,1s,1,2589,2025-07-14 10:03:10,22925.75,22926,22923.75,22924,69,2.25,1.75,0.25,0.25,-1,,,,
MNQ SEP25,10s,10,5658,2025-07-14 10:03:10,22927.75,22931.5,22923.75,22924,1044,7.75,3.75,3.75,0.25,-1,90.8,32.25,44.21666667,46.01
MNQ SEP25,1s,1,2590,2025-07-14 10:03:11,22924.25,22924.75,22922.25,22923.25,83,2.5,1,0.5,1,-1,,,,
MNQ SEP25,1s,1,2591,2025-07-14 10:03:12,22923.75,22923.75,22921.25,22922.25,53,2.5,1.5,0,1,-1,,,,
MNQ SEP25,1s,1,2592,2025-07-14 10:03:13,22921.5,22921.5,22920.5,22920.75,86,1,0.75,0,0.25,-1,,,,
MNQ SEP25,1s,1,2593,2025-07-14 10:03:14,22920.75,22922.5,22920.75,22922.25,34,1.75,1.5,0.25,0,1,,,,
MNQ SEP25,1s,1,2594,2025-07-14 10:03:15,22921.75,22922.75,22921.75,22922.5,33,1,0.75,0.25,0,1,,,,
MNQ SEP25,1s,1,2595,2025-07-14 10:03:16,22923.25,22923.25,22922.25,22923,17,1,0.25,0,0.75,-1,,,,
MNQ SEP25,1s,1,2596,2025-07-14 10:03:17,22923.25,22924.75,22922.75,22923.75,34,2,0.5,1,0.5,1,,,,
MNQ SEP25,1s,1,2597,2025-07-14 10:03:18,22923.5,22925.5,22923.25,22925,33,2.25,1.5,0.5,0.25,1,,,,
MNQ SEP25,1s,1,2598,2025-07-14 10:03:19,22924.5,22926.75,22924.5,22926.75,32,2.25,2.25,0,0,1,,,,
MNQ SEP25,1s,1,2599,2025-07-14 10:03:20,22926.25,22926.75,22925.5,22926,36,1.25,0.25,0.5,0.5,-1,,,,
MNQ SEP25,10s,10,5659,2025-07-14 10:03:20,22924.25,22926.75,22920.5,22926,441,6.25,1.75,0.75,3.75,1,-3.15,-93.95,-1.96666667,14.14
MNQ SEP25,20s,20,5829,2025-07-14 10:03:20,22927.75,22931.5,22920.5,22926,1485,11,1.75,3.75,5.5,-1,-2.2,40.15,11.45,-44.43
MNQ SEP25,1s,1,2600,2025-07-14 10:03:21,22926.25,22926.5,22924,22925,26,2.5,1.25,0.25,1,-1,,,,
MNQ SEP25,1s,1,2601,2025-07-14 10:03:22,22925,22925.5,22923,22923.5,38,2.5,1.5,0.5,0.5,-1,,,,
MNQ SEP25,1s,1,2602,2025-07-14 10:03:23,22923.25,22925.25,22923.25,22924.5,34,2,1.25,0.75,0,1,,,,
MNQ SEP25,1s,1,2603,2025-07-14 10:03:24,22925.25,22925.25,22924.25,22925,13,1,0.25,0,0.75,-1,,,,
MNQ SEP25,1s,1,2604,2025-07-14 10:03:25,22925,22925.25,22924.75,22925.25,7,0.5,0.25,0,0.25,1,,,,
MNQ SEP25,1s,1,2605,2025-07-14 10:03:26,22924.5,22925,22924.25,22925,10,0.75,0.5,0,0.25,1,,,,
MNQ SEP25,1s,1,2606,2025-07-14 10:03:27,22925,22925,22923.75,22923.75,9,1.25,1.25,0,0,-1,,,,
MNQ SEP25,1s,1,2607,2025-07-14 10:03:28,22924,22926.75,22924,22926.25,27,2.75,2.25,0.5,0,1,,,,
MNQ SEP25,1s,1,2608,2025-07-14 10:03:29,22926.25,22926.5,22924.5,22926.5,28,2,0.25,0,1.75,1,,,,
MNQ SEP25,1s,1,2609,2025-07-14 10:03:30,22926.25,22926.25,22923,22923.75,48,3.25,2.5,0,0.75,-1,,,,
MNQ SEP25,10s,10,5660,2025-07-14 10:03:30,22926.25,22926.75,22923,22923.75,240,3.75,2.5,0.5,0.75,-1,3,6.15,-18.51666667,8.97
MNQ SEP25,1s,1,2610,2025-07-14 10:03:31,22923.5,22924.25,22922.5,22923,31,1.75,0.5,0.75,0.5,-1,,,,
MNQ SEP25,1s,1,2611,2025-07-14 10:03:32,22922.75,22924,22922,22922,26,2,0.75,1.25,0,-1,,,,
MNQ SEP25,1s,1,2612,2025-07-14 10:03:33,22922,22922,22920,22921.75,87,2,0.25,0,1.75,-1,,,,
MNQ SEP25,1s,1,2613,2025-07-14 10:03:34,22921.75,22921.75,22920.75,22921,17,1,0.75,0,0.25,-1,,,,
MNQ SEP25,1s,1,2614,2025-07-14 10:03:35,22921,22921.5,22921,22921.5,19,0.5,0.5,0,0,1,,,,
MNQ SEP25,1s,1,2615,2025-07-14 10:03:36,22921.25,22923.75,22921.25,22923,29,2.5,1.75,0.75,0,1,,,,
MNQ SEP25,1s,1,2616,2025-07-14 10:03:37,22923.5,22924,22923.25,22923.5,20,0.75,0,0.5,0.25,0,,,,
MNQ SEP25,1s,1,2617,2025-07-14 10:03:38,22923.25,22924,22923,22923,20,1,0.25,0.75,0,-1,,,,
MNQ SEP25,1s,1,2618,2025-07-14 10:03:39,22922.5,22923.25,22921.5,22922.25,18,1.75,0.25,0.75,0.75,-1,,,,
MNQ SEP25,1s,1,2619,2025-07-14 10:03:40,22922.5,22922.5,22921.5,22921.5,13,1,1,0,0,-1,,,,
MNQ SEP25,10s,10,5661,2025-07-14 10:03:40,22923.5,22924.25,22920,22921.5,280,4.25,2,0.75,1.5,-1,-4,-7,-31.6,-1.35
MNQ SEP25,20s,20,5830,2025-07-14 10:03:40,22926.25,22926.75,22920,22921.5,520,6.75,4.75,0.5,1.5,-1,52.4,54.6,18.08333333,10.05
MNQ SEP25,1s,1,2620,2025-07-14 10:03:41,22922.75,22923.25,22922.5,22923.25,11,0.75,0.5,0,0.25,1,,,,
MNQ SEP25,1s,1,2621,2025-07-14 10:03:42,22922.75,22923.5,22921.5,22921.5,13,2,1.25,0.75,0,-1,,,,
MNQ SEP25,1s,1,2622,2025-07-14 10:03:43,22921.75,22923.25,22921.25,22923.25,31,2,1.5,0,0.5,1,,,,
MNQ SEP25,1s,1,2623,2025-07-14 10:03:44,22923.5,22924.5,22923.5,22924.5,23,1,1,0,0,1,,,,
MNQ SEP25,1s,1,2624,2025-07-14 10:03:45,22924.25,22924.25,22922.25,22924,35,2,0.25,0,1.75,-1,,,,
MNQ SEP25,1s,1,2625,2025-07-14 10:03:46,22923.5,22923.5,22922.5,22922.75,7,1,0.75,0,0.25,-1,,,,
MNQ SEP25,1s,1,2626,2025-07-14 10:03:47,22922.75,22922.75,22922.25,22922.5,5,0.5,0.25,0,0.25,-1,,,,
MNQ SEP25,1s,1,2627,2025-07-14 10:03:48,22922,22922.25,22921.25,22921.25,9,1,0.75,0.25,0,-1,,,,
MNQ SEP25,1s,1,2628,2025-07-14 10:03:49,22921,22921.25,22920.5,22920.75,41,0.75,0.25,0.25,0.25,-1,,,,
MNQ SEP25,1s,1,2629,2025-07-14 10:03:50,22922,22923,22921.75,22923,15,1.25,1,0,0.25,1,,,,
MNQ SEP25,10s,10,5662,2025-07-14 10:03:50,22922.75,22924.5,22920.5,22923,190,4,0.25,1.5,2.25,1,-65.25,-61.25,-20.7,-24.76
MNQ SEP25,1s,1,2630,2025-07-14 10:03:51,22922.5,22922.5,22922,22922,7,0.5,0.5,0,0,-1,,,,
MNQ SEP25,1s,1,2631,2025-07-14 10:03:52,22922,22923,22921.75,22922.25,18,1.25,0.25,0.75,0.25,1,,,,
MNQ SEP25,1s,1,2632,2025-07-14 10:03:53,22922.25,22923.75,22922.25,22923.25,15,1.5,1,0.5,0,1,,,,
MNQ SEP25,1s,1,2633,2025-07-14 10:03:54,22923.25,22923.25,22922.75,22922.75,10,0.5,0.5,0,0,-1,,,,
MNQ SEP25,1s,1,2634,2025-07-14 10:03:55,22923.5,22924,22923.25,22923.5,18,0.75,0,0.5,0.25,0,,,,
MNQ SEP25,1s,1,2635,2025-07-14 10:03:56,22923.75,22924,22923,22923.25,32,1,0.5,0.25,0.25,-1,,,,
MNQ SEP25,1s,1,2636,2025-07-14 10:03:57,22923.75,22924.75,22923.5,22924.25,26,1.25,0.5,0.5,0.25,1,,,,
MNQ SEP25,1s,1,2637,2025-07-14 10:03:58,22924.25,22924.75,22923.5,22923.5,19,1.25,0.75,0.5,0,-1,,,,
MNQ SEP25,1s,1,2638,2025-07-14 10:03:59,22923,22924,22923,22924,9,1,1,0,0,1,,,,
MNQ SEP25,1s,1,2639,2025-07-14 10:04:00,22923.25,22923.25,22921.5,22923.25,28,1.75,0,0,1.75,0,,,,
MNQ SEP25,10s,10,5663,2025-07-14 10:04:00,22922.5,22924.75,22921.5,22923.25,182,3.25,0.75,1.5,1,1,-222.35,-157.1,-75.11666667,-62.63
MNQ SEP25,20s,20,5831,2025-07-14 10:04:00,22922.75,22924.75,22920.5,22923.25,372,4.25,0.5,1.5,2.25,1,-56.55,-108.95,-4.73333333,-4
MNQ SEP25,1s,1,2640,2025-07-14 10:04:01,22924,22926.75,22924,22926.75,79,2.75,2.75,0,0,1,,,,
MNQ SEP25,1s,1,2641,2025-07-14 10:04:02,22926.75,22930.5,22926.75,22929.75,157,3.75,3,0.75,0,1,,,,
MNQ SEP25,1s,1,2642,2025-07-14 10:04:03,22930.25,22930.25,22928.75,22929.75,83,1.5,0.5,0,1,-1,,,,
MNQ SEP25,1s,1,2643,2025-07-14 10:04:04,22929.75,22930.25,22928.5,22928.5,61,1.75,1.25,0.5,0,-1,,,,
MNQ SEP25,1s,1,2644,2025-07-14 10:04:05,22929,22929,22927.75,22928.25,42,1.25,0.75,0,0.5,-1,,,,
MNQ SEP25,1s,1,2645,2025-07-14 10:04:06,22928.25,22929.75,22928.25,22929.25,34,1.5,1,0.5,0,1,,,,
MNQ SEP25,1s,1,2646,2025-07-14 10:04:07,22929.5,22930.25,22928,22928.75,35,2.25,0.75,0.75,0.75,-1,,,,
MNQ SEP25,1s,1,2647,2025-07-14 10:04:08,22928.5,22928.5,22926.75,22927.25,25,1.75,1.25,0,0.5,-1,,,,
MNQ SEP25,1s,1,2648,2025-07-14 10:04:09,22926.75,22927.5,22926,22926,27,1.5,0.75,0.75,0,-1,,,,
MNQ SEP25,1s,1,2649,2025-07-14 10:04:10,22926,22928.25,22926,22927.75,32,2.25,1.75,0.5,0,1,,,,
MNQ SEP25,10s,10,5664,2025-07-14 10:04:10,22924,22930.5,22924,22927.75,575,6.5,3.75,2.75,0,1,-184.25,38.1,-60.08333333,-36.22
MNQ SEP25,1s,1,2650,2025-07-14 10:04:11,22928.5,22928.5,22927,22927,20,1.5,1.5,0,0,-1,,,,
MNQ SEP25,1s,1,2651,2025-07-14 10:04:12,22927.25,22929.5,22927,22929.5,26,2.5,2.25,0,0.25,1,,,,
MNQ SEP25,1s,1,2652,2025-07-14 10:04:13,22928.75,22929,22928.25,22929,5,0.75,0.25,0,0.5,1,,,,
MNQ SEP25,1s,1,2653,2025-07-14 10:04:14,22928.5,22928.75,22928.25,22928.5,14,0.5,0,0.25,0.25,0,,,,
MNQ SEP25,1s,1,2654,2025-07-14 10:04:15,22929.25,22929.25,22928.75,22928.75,11,0.5,0.5,0,0,-1,,,,
MNQ SEP25,1s,1,2655,2025-07-14 10:04:16,22928.5,22928.75,22927.5,22928.75,22,1.25,0.25,0,1,1,,,,
MNQ SEP25,1s,1,2656,2025-07-14 10:04:17,22928.5,22933,22928.5,22931.5,203,4.5,3,1.5,0,1,,,,
MNQ SEP25,1s,1,2657,2025-07-14 10:04:18,22931.25,22931.75,22930.75,22931.25,45,1,0,0.5,0.5,0,,,,
MNQ SEP25,1s,1,2658,2025-07-14 10:04:19,22931.75,22932.25,22929.25,22929.25,55,3,2.5,0.5,0,-1,,,,
MNQ SEP25,1s,1,2659,2025-07-14 10:04:20,22929.75,22930.25,22928.25,22929,33,2,0.75,0.5,0.75,-1,,,,
MNQ SEP25,10s,10,5665,2025-07-14 10:04:20,22928.5,22933,22927,22929,434,6,0.5,4,1.5,1,-151.75,32.5,-28.83333333,-30.95
MNQ SEP25,20s,20,5832,2025-07-14 10:04:20,22924,22933,22924,22929,1009,9,5,4,0,1,-111.7,-55.15,-36.5,-21.97
MNQ SEP25,1s,1,2660,2025-07-14 10:04:21,22928.25,22930,22928.25,22929.25,32,1.75,1,0.75,0,1,,,,
MNQ SEP25,1s,1,2661,2025-07-14 10:04:22,22929.5,22931.5,22929.5,22930.75,22,2,1.25,0.75,0,1,,,,
MNQ SEP25,1s,1,2662,2025-07-14 10:04:23,22930.75,22931.5,22930.25,22930.25,42,1.25,0.5,0.75,0,-1,,,,
MNQ SEP25,1s,1,2663,2025-07-14 10:04:24,22930.5,22930.75,22930,22930,24,0.75,0.5,0.25,0,-1,,,,
MNQ SEP25,1s,1,2664,2025-07-14 10:04:25,22929.5,22930.5,22929.5,22929.75,18,1,0.25,0.75,0,1,,,,
MNQ SEP25,1s,1,2665,2025-07-14 10:04:26,22929.5,22929.5,22927.75,22928.75,38,1.75,0.75,0,1,-1,,,,
MNQ SEP25,1s,1,2666,2025-07-14 10:04:27,22928.75,22930,22928.5,22930,21,1.5,1.25,0,0.25,1,,,,
MNQ SEP25,1s,1,2667,2025-07-14 10:04:28,22930.25,22930.75,22930.25,22930.5,33,0.5,0.25,0.25,0,1,,,,
MNQ SEP25,1s,1,2668,2025-07-14 10:04:29,22930.5,22931.5,22930,22931.25,21,1.5,0.75,0.25,0.5,1,,,,
MNQ SEP25,1s,1,2669,2025-07-14 10:04:30,22930.75,22931.25,22930.5,22930.5,18,0.75,0.25,0.5,0,-1,,,,
MNQ SEP25,10s,10,5666,2025-07-14 10:04:30,22928.25,22931.5,22927.75,22930.5,269,3.75,2.25,1,0.5,1,-129,22.75,31.11666667,-25
MNQ SEP25,1s,1,2670,2025-07-14 10:04:31,22930.25,22930.25,22926.25,22926.25,77,4,4,0,0,-1,,,,
MNQ SEP25,1s,1,2671,2025-07-14 10:04:32,22926,22926.5,22925.25,22925.75,62,1.25,0.25,0.5,0.5,-1,,,,
MNQ SEP25,1s,1,2672,2025-07-14 10:04:33,22925.5,22925.5,22924.5,22925.5,36,1,0,0,1,0,,,,
MNQ SEP25,1s,1,2673,2025-07-14 10:04:34,22926,22926,22924,22925,47,2,1,0,1,-1,,,,
MNQ SEP25,1s,1,2674,2025-07-14 10:04:35,22925,22927,22924.75,22925.25,57,2.25,0.25,1.75,0.25,1,,,,
MNQ SEP25,1s,1,2675,2025-07-14 10:04:36,22925,22926,22924.75,22926,16,1.25,1,0,0.25,1,,,,
MNQ SEP25,1s,1,2676,2025-07-14 10:04:37,22926.5,22928,22926.5,22928,34,1.5,1.5,0,0,1,,,,
MNQ SEP25,1s,1,2677,2025-07-14 10:04:38,22928,22928.5,22927.5,22928.25,19,1,0.25,0.25,0.5,1,,,,
MNQ SEP25,1s,1,2678,2025-07-14 10:04:39,22928.5,22928.5,22927,22927.25,19,1.5,1.25,0,0.25,-1,,,,
MNQ SEP25,1s,1,2679,2025-07-14 10:04:40,22927.25,22928.75,22926.75,22928.75,9,2,1.5,0,0.5,1,,,,
MNQ SEP25,10s,10,5667,2025-07-14 10:04:40,22930.25,22930.25,22924,22928.75,376,6.25,1.5,0,4.75,-1,-84.7,44.3,33.18333333,-3.89
MNQ SEP25,20s,20,5833,2025-07-14 10:04:40,22928.25,22931.5,22924,22928.75,645,7.5,0.5,2.75,4.25,1,-194.9,-83.2,-82.43333333,-30.51
MNQ SEP25,1s,1,2680,2025-07-14 10:04:41,22928.5,22929.25,22928,22928.5,19,1.25,0,0.75,0.5,0,,,,
MNQ SEP25,1s,1,2681,2025-07-14 10:04:42,22928.75,22929.75,22928.5,22929.75,16,1.25,1,0,0.25,1,,,,
MNQ SEP25,1s,1,2682,2025-07-14 10:04:43,22930,22930.25,22928.5,22929.5,25,1.75,0.5,0.25,1,-1,,,,
MNQ SEP25,1s,1,2683,2025-07-14 10:04:44,22930,22930,22928.25,22929.25,12,1.75,0.75,0,1,-1,,,,
MNQ SEP25,1s,1,2684,2025-07-14 10:04:45,22929.5,22930.75,22929.5,22930.75,27,1.25,1.25,0,0,1,,,,
MNQ SEP25,1s,1,2685,2025-07-14 10:04:46,22929.75,22930,22928.5,22928.5,17,1.5,1.25,0.25,0,-1,,,,
MNQ SEP25,1s,1,2686,2025-07-14 10:04:47,22929,22929.5,22929,22929.5,5,0.5,0.5,0,0,1,,,,
MNQ SEP25,1s,1,2687,2025-07-14 10:04:48,22930.25,22930.5,22929.5,22929.5,27,1,0.75,0.25,0,-1,,,,
MNQ SEP25,1s,1,2688,2025-07-14 10:04:49,22929.5,22930.75,22929.5,22930.75,13,1.25,1.25,0,0,1,,,,
MNQ SEP25,1s,1,2689,2025-07-14 10:04:50,22930.5,22930.5,22930.5,22930.5,13,0,0,0,0,0,,,,
MNQ SEP25,10s,10,5668,2025-07-14 10:04:50,22928.5,22930.75,22928,22930.5,174,2.75,2,0.25,0.5,1,-57.9,26.8,31.28333333,32.89
MNQ SEP25,1s,1,2690,2025-07-14 10:04:51,22930.75,22931,22929,22929.25,28,2,1.5,0.25,0.25,-1,,,,
MNQ SEP25,1s,1,2691,2025-07-14 10:04:52,22929.5,22931.25,22929,22930.75,30,2.25,1.25,0.5,0.5,1,,,,
MNQ SEP25,1s,1,2692,2025-07-14 10:04:53,22931.25,22931.5,22930.25,22930.25,27,1.25,1,0.25,0,-1,,,,
MNQ SEP25,1s,1,2693,2025-07-14 10:04:54,22931,22931.75,22930.5,22931.75,31,1.25,0.75,0,0.5,1,,,,
MNQ SEP25,1s,1,2694,2025-07-14 10:04:55,22931.75,22932.25,22931.5,22932,37,0.75,0.25,0.25,0.25,1,,,,
MNQ SEP25,1s,1,2695,2025-07-14 10:04:56,22932.5,22932.75,22932,22932,25,0.75,0.5,0.25,0,-1,,,,
MNQ SEP25,1s,1,2696,2025-07-14 10:04:57,22932,22934.5,22932,22933.5,139,2.5,1.5,1,0,1,,,,
MNQ SEP25,1s,1,2697,2025-07-14 10:04:58,22933.75,22933.75,22932.75,22933.75,45,1,0,0,1,0,,,,
MNQ SEP25,1s,1,2698,2025-07-14 10:04:59,22933.25,22934.25,22932.5,22934.25,58,1.75,1,0,0.75,1,,,,
MNQ SEP25,1s,1,2699,2025-07-14 10:05:00,22934,22935,22933.75,22933.75,58,1.25,0.25,1,0,-1,,,,
MNQ SEP25,10s,10,5669,2025-07-14 10:05:00,22930.75,22935,22929,22933.75,478,6,3,1.25,1.75,1,-80.3,-22.4,16.23333333,20.79
MNQ SEP25,20s,20,5834,2025-07-14 10:05:00,22928.5,22935,22928,22933.75,652,7,5.25,1.25,0.5,1,-315.85,-120.95,-86.43333333,-62.73
MNQ SEP25,1s,1,2700,2025-07-14 10:05:01,22934.25,22935.25,22932.75,22933.25,143,2.5,1,1,0.5,-1,,,,
MNQ SEP25,1s,1,2701,2025-07-14 10:05:02,22933.75,22934.25,22933.25,22933.25,102,1,0.5,0.5,0,-1,,,,
MNQ SEP25,1s,1,2702,2025-07-14 10:05:03,22933.75,22933.75,22932.25,22932.75,44,1.5,1,0,0.5,-1,,,,
MNQ SEP25,1s,1,2703,2025-07-14 10:05:04,22932.75,22933.75,22931.5,22932.75,51,2.25,0,1,1.25,0,,,,
MNQ SEP25,1s,1,2704,2025-07-14 10:05:05,22933,22933.5,22931,22932.25,50,2.5,0.75,0.5,1.25,-1,,,,
MNQ SEP25,1s,1,2705,2025-07-14 10:05:06,22932.25,22932.25,22930,22931,39,2.25,1.25,0,1,-1,,,,
MNQ SEP25,1s,1,2706,2025-07-14 10:05:07,22931,22932.25,22930.75,22932,52,1.5,1,0.25,0.25,1,,,,
MNQ SEP25,1s,1,2707,2025-07-14 10:05:08,22932.75,22933.75,22932,22932.5,42,1.75,0.25,1,0.5,-1,,,,
MNQ SEP25,1s,1,2708,2025-07-14 10:05:09,22933,22933.5,22932.5,22933.25,35,1,0.25,0.25,0.5,1,,,,
MNQ SEP25,1s,1,2709,2025-07-14 10:05:10,22933,22934.75,22933,22934.75,30,1.75,1.75,0,0,1,,,,
MNQ SEP25,10s,10,5670,2025-07-14 10:05:10,22934.25,22935.25,22930,22934.75,588,5.25,0.5,0.5,4.25,1,-64.3,16,6.8,17.49
MNQ SEP25,1s,1,2710,2025-07-14 10:05:11,22934.75,22935,22932.75,22933,36,2.25,1.75,0.25,0.25,-1,,,,
MNQ SEP25,1s,1,2711,2025-07-14 10:05:12,22932.75,22933.25,22930.25,22930.5,48,3,2.25,0.5,0.25,-1,,,,
MNQ SEP25,1s,1,2712,2025-07-14 10:05:13,22930.25,22931.75,22929.75,22931.75,59,2,1.5,0,0.5,1,,,,
MNQ SEP25,1s,1,2713,2025-07-14 10:05:14,22931.75,22934.5,22931.75,22934.5,40,2.75,2.75,0,0,1,,,,
MNQ SEP25,1s,1,2714,2025-07-14 10:05:15,22934.5,22934.75,22933.5,22933.5,31,1.25,1,0.25,0,-1,,,,
MNQ SEP25,1s,1,2715,2025-07-14 10:05:16,22933.25,22933.75,22930.75,22930.75,31,3,2.5,0.5,0,-1,,,,
MNQ SEP25,1s,1,2716,2025-07-14 10:05:17,22930.75,22931,22928,22929,106,3,1.75,0.25,1,-1,,,,
MNQ SEP25,1s,1,2717,2025-07-14 10:05:18,22928.75,22929,22928,22928.25,43,1,0.5,0.25,0.25,-1,,,,
MNQ SEP25,1s,1,2718,2025-07-14 10:05:19,22928.75,22929.75,22928.5,22928.5,50,1.25,0.25,1,0,-1,,,,
MNQ SEP25,1s,1,2719,2025-07-14 10:05:20,22929,22929,22926.75,22928,84,2.25,1,0,1.25,-1,,,,
MNQ SEP25,10s,10,5671,2025-07-14 10:05:20,22934.75,22935,22926.75,22928,528,8.25,6.75,0.25,1.25,-1,-26.95,37.35,10.31666667,20.41
MNQ SEP25,20s,20,5835,2025-07-14 10:05:20,22934.25,22935.25,22926.75,22928,1116,8.5,6.25,1,1.25,-1,-200.85,115,-29.71666667,-50.65
MNQ SEP25,1s,1,2720,2025-07-14 10:05:21,22927.5,22928,22927.25,22927.75,30,0.75,0.25,0.25,0.25,1,,,,
MNQ SEP25,1s,1,2721,2025-07-14 10:05:22,22927.75,22928.75,22927,22927,46,1.75,0.75,1,0,-1,,,,
MNQ SEP25,1s,1,2722,2025-07-14 10:05:23,22927.25,22927.75,22927,22927,31,0.75,0.25,0.5,0,-1,,,,
MNQ SEP25,1s,1,2723,2025-07-14 10:05:24,22926.75,22928,22925,22925.25,82,3,1.5,1.25,0.25,-1,,,,
MNQ SEP25,1s,1,2724,2025-07-14 10:05:25,22926.25,22927.25,22926,22927,38,1.25,0.75,0.25,0.25,1,,,,
MNQ SEP25,1s,1,2725,2025-07-14 10:05:26,22927,22928.25,22927,22927.5,25,1.25,0.5,0.75,0,1,,,,
MNQ SEP25,1s,1,2726,2025-07-14 10:05:27,22927.5,22928.25,22926.75,22928.25,39,1.5,0.75,0,0.75,1,,,,
MNQ SEP25,1s,1,2727,2025-07-14 10:05:28,22928,22929,22927.5,22929,15,1.5,1,0,0.5,1,,,,
MNQ SEP25,1s,1,2728,2025-07-14 10:05:29,22929,22929.25,22926.25,22927.5,43,3,1.5,0.25,1.25,-1,,,,
MNQ SEP25,1s,1,2729,2025-07-14 10:05:30,22926.75,22928.5,22926.75,22928,34,1.75,1.25,0.5,0,1,,,,
MNQ SEP25,10s,10,5672,2025-07-14 10:05:30,22927.5,22929.25,22925,22928,383,4.25,0.5,1.25,2.5,1,-30.45,-3.5,16.61666667,10.85
MNQ SEP25,1s,1,2730,2025-07-14 10:05:31,22927.75,22929,22927.5,22928.75,28,1.5,1,0.25,0.25,1,,,,
MNQ SEP25,1s,1,2731,2025-07-14 10:05:32,22928.75,22929,22927.5,22928.5,24,1.5,0.25,0.25,1,-1,,,,
MNQ SEP25,1s,1,2732,2025-07-14 10:05:33,22928.5,22929.5,22928.25,22929.5,39,1.25,1,0,0.25,1,,,,
MNQ SEP25,1s,1,2733,2025-07-14 10:05:34,22929.25,22929.5,22928.25,22928.25,8,1.25,1,0.25,0,-1,,,,
MNQ SEP25,1s,1,2734,2025-07-14 10:05:35,22928,22929,22927.5,22927.5,21,1.5,0.5,1,0,-1,,,,
MNQ SEP25,1s,1,2735,2025-07-14 10:05:36,22928.25,22929.25,22928.25,22929.25,9,1,1,0,0,1,,,,
MNQ SEP25,1s,1,2736,2025-07-14 10:05:37,22929.25,22932.5,22929.25,22931.75,47,3.25,2.5,0.75,0,1,,,,
MNQ SEP25,1s,1,2737,2025-07-14 10:05:38,22932,22932,22931,22931.75,31,1,0.25,0,0.75,-1,,,,
MNQ SEP25,1s,1,2738,2025-07-14 10:05:39,22931.5,22932.5,22931.5,22932,27,1,0.5,0.5,0,1,,,,
MNQ SEP25,1s,1,2739,2025-07-14 10:05:40,22932.5,22933.25,22932.5,22933.25,27,0.75,0.75,0,0,1,,,,
MNQ SEP25,10s,10,5673,2025-07-14 10:05:40,22927.75,22933.25,22927.5,22933.25,261,5.75,5.5,0,0.25,1,8.4,38.85,24.23333333,13.26
MNQ SEP25,20s,20,5836,2025-07-14 10:05:40,22927.5,22933.25,22925,22933.25,644,8.25,5.75,0,2.5,1,-150.05,50.8,14.95,-18.7
MNQ SEP25,1s,1,2740,2025-07-14 10:05:41,22933,22933.25,22932.5,22933,24,0.75,0,0.25,0.5,0,,,,
MNQ SEP25,1s,1,2741,2025-07-14 10:05:42,22932.75,22933.75,22932.75,22933.5,14,1,0.75,0.25,0,1,,,,
MNQ SEP25,1s,1,2742,2025-07-14 10:05:43,22933,22933.25,22931,22931.5,33,2.25,1.5,0.25,0.5,-1,,,,
MNQ SEP25,1s,1,2743,2025-07-14 10:05:44,22932,22932.75,22931.25,22932.25,28,1.5,0.25,0.5,0.75,1,,,,
MNQ SEP25,1s,1,2744,2025-07-14 10:05:45,22933,22933.25,22932,22932.75,36,1.25,0.25,0.25,0.75,-1,,,,
MNQ SEP25,1s,1,2745,2025-07-14 10:05:46,22933,22934.25,22932,22932,19,2.25,1,1.25,0,-1,,,,
MNQ SEP25,1s,1,2746,2025-07-14 10:05:47,22932,22932.5,22930.25,22930.25,46,2.25,1.75,0.5,0,-1,,,,
MNQ SEP25,1s,1,2747,2025-07-14 10:05:48,22930.5,22931.75,22930.5,22930.5,39,1.25,0,1.25,0,0,,,,
MNQ SEP25,1s,1,2748,2025-07-14 10:05:49,22929.75,22931.75,22929.25,22931.75,43,2.5,2,0,0.5,1,,,,
MNQ SEP25,1s,1,2749,2025-07-14 10:05:50,22932.5,22932.75,22931.25,22931.25,17,1.5,1.25,0.25,0,-1,,,,
MNQ SEP25,10s,10,5674,2025-07-14 10:05:50,22933,22934.25,22929.25,22931.25,299,5,1.75,1.25,2,-1,0.6,-7.8,9.18333333,16.18
MNQ SEP25,1s,1,2750,2025-07-14 10:05:51,22931.25,22931.75,22930.5,22930.75,13,1.25,0.5,0.5,0.25,-1,,,,
MNQ SEP25,1s,1,2751,2025-07-14 10:05:52,22931,22931.25,22929.5,22929.5,29,1.75,1.5,0.25,0,-1,,,,
MNQ SEP25,1s,1,2752,2025-07-14 10:05:53,22930.5,22930.75,22928.75,22929.5,28,2,1,0.25,0.75,-1,,,,
MNQ SEP25,1s,1,2753,2025-07-14 10:05:54,22929.25,22929.25,22928.75,22928.75,14,0.5,0.5,0,0,-1,,,,
MNQ SEP25,1s,1,2754,2025-07-14 10:05:55,22929,22929.25,22928.75,22929.25,16,0.5,0.25,0,0.25,1,,,,
MNQ SEP25,1s,1,2755,2025-07-14 10:05:56,22929,22929.5,22927.5,22929,94,2,0,0.5,1.5,0,,,,
MNQ SEP25,1s,1,2756,2025-07-14 10:05:57,22928.25,22929.25,22928,22928.5,54,1.25,0.25,0.75,0.25,1,,,,
MNQ SEP25,1s,1,2757,2025-07-14 10:05:58,22928,22928.25,22927.75,22927.75,16,0.5,0.25,0.25,0,-1,,,,
MNQ SEP25,1s,1,2758,2025-07-14 10:05:59,22927.5,22927.75,22925.75,22926,44,2,1.5,0.25,0.25,-1,,,,
MNQ SEP25,1s,1,2759,2025-07-14 10:06:00,22926,22927,22925.25,22927,46,1.75,1,0,0.75,1,,,,
MNQ SEP25,10s,10,5675,2025-07-14 10:06:00,22931.25,22931.75,22925.25,22927,354,6.5,4.25,0.5,1.75,-1,-46.7,-47.3,-5.41666667,3.52
MNQ SEP25,20s,20,5837,2025-07-14 10:06:00,22933,22934.25,22925.25,22927,653,9,6,1.25,1.75,-1,-194.95,-44.9,40.3,-16.65
MNQ SEP25,1s,1,2760,2025-07-14 10:06:01,22926,22926.5,22925.25,22925.25,18,1.25,0.75,0.5,0,-1,,,,
MNQ SEP25,1s,1,2761,2025-07-14 10:06:02,22925.25,22925.5,22924.75,22924.75,34,0.75,0.5,0.25,0,-1,,,,
MNQ SEP25,1s,1,2762,2025-07-14 10:06:03,22924.75,22925,22923,22923.25,98,2,1.5,0.25,0.25,-1,,,,
MNQ SEP25,1s,1,2763,2025-07-14 10:06:04,22922.75,22923.5,22921,22923.5,189,2.5,0.75,0,1.75,1,,,,
MNQ SEP25,1s,1,2764,2025-07-14 10:06:05,22923.5,22924,22921.75,22921.75,76,2.25,1.75,0.5,0,-1,,,,
MNQ SEP25,1s,1,2765,2025-07-14 10:06:06,22921.75,22924.5,22921.75,22924.25,51,2.75,2.5,0.25,0,1,,,,
MNQ SEP25,1s,1,2766,2025-07-14 10:06:07,22924.75,22925,22923.25,22924.75,30,1.75,0,0.25,1.5,0,,,,
MNQ SEP25,1s,1,2767,2025-07-14 10:06:08,22925,22926.5,22924.5,22925.5,28,2,0.5,1,0.5,1,,,,
MNQ SEP25,1s,1,2768,2025-07-14 10:06:09,22925,22926,22924.5,22925.75,33,1.5,0.75,0.25,0.5,1,,,,
MNQ SEP25,1s,1,2769,2025-07-14 10:06:10,22925.5,22927.25,22925.5,22927.25,24,1.75,1.75,0,0,1,,,,
MNQ SEP25,10s,10,5676,2025-07-14 10:06:10,22926,22927.25,22921,22927.25,581,6.25,1.25,0,5,1,-41.3,5.4,-16.56666667,-2.87
MNQ SEP25,1s,1,2770,2025-07-14 10:06:11,22926.5,22929,22926.5,22928.75,53,2.5,2.25,0.25,0,1,,,,
MNQ SEP25,1s,1,2771,2025-07-14 10:06:12,22928.75,22929.75,22928,22929.5,20,1.75,0.75,0.25,0.75,1,,,,
MNQ SEP25,1s,1,2772,2025-07-14 10:06:13,22929.25,22929.5,22928.5,22929.25,28,1,0,0.25,0.75,0,,,,
MNQ SEP25,1s,1,2773,2025-07-14 10:06:14,22929.75,22929.75,22928,22929.25,24,1.75,0.5,0,1.25,-1,,,,
MNQ SEP25,1s,1,2774,2025-07-14 10:06:15,22929.25,22931,22928.75,22930,37,2.25,0.75,1,0.5,1,,,,
MNQ SEP25,1s,1,2775,2025-07-14 10:06:16,22930.5,22930.5,22929,22929.5,36,1.5,1,0,0.5,-1,,,,
MNQ SEP25,1s,1,2776,2025-07-14 10:06:17,22928.5,22928.5,22927.25,22927.25,22,1.25,1.25,0,0,-1,,,,
MNQ SEP25,1s,1,2777,2025-07-14 10:06:18,22927.25,22929.5,22927.25,22929.25,36,2.25,2,0.25,0,1,,,,
MNQ SEP25,1s,1,2778,2025-07-14 10:06:19,22929,22930.5,22928.75,22930.5,23,1.75,1.5,0,0.25,1,,,,
MNQ SEP25,1s,1,2779,2025-07-14 10:06:20,22930.5,22931,22929.75,22930.25,52,1.25,0.25,0.5,0.5,-1,,,,
MNQ SEP25,10s,10,5677,2025-07-14 10:06:20,22926.5,22931,22926.5,22930.25,331,4.5,3.75,0.75,0,1,-35.2,6.1,-11.93333333,-0.95
MNQ SEP25,20s,20,5838,2025-07-14 10:06:20,22926,22931,22921,22930.25,912,10,4.25,0.75,5,1,-152.65,42.3,16.06666667,8.45
MNQ SEP25,1s,1,2780,2025-07-14 10:06:21,22929.5,22930.5,22928,22928.5,37,2.5,1,1,0.5,-1,,,,
MNQ SEP25,1s,1,2781,2025-07-14 10:06:22,22928.25,22929.5,22928.25,22929,25,1.25,0.75,0.5,0,1,,,,
MNQ SEP25,1s,1,2782,2025-07-14 10:06:23,22928.75,22928.75,22926,22926.5,38,2.75,2.25,0,0.5,-1,,,,
MNQ SEP25,1s,1,2783,2025-07-14 10:06:24,22926,22926,22924.5,22924.5,32,1.5,1.5,0,0,-1,,,,
MNQ SEP25,1s,1,2784,2025-07-14 10:06:25,22925,22926.75,22924,22926.5,16,2.75,1.5,0.25,1,1,,,,
MNQ SEP25,1s,1,2785,2025-07-14 10:06:26,22926.25,22926.25,22924,22924.5,13,2.25,1.75,0,0.5,-1,,,,
MNQ SEP25,1s,1,2786,2025-07-14 10:06:27,22924.25,22927.75,22924.25,22926,35,3.5,1.75,1.75,0,1,,,,
MNQ SEP25,1s,1,2787,2025-07-14 10:06:28,22925.75,22926,22924.5,22925.75,19,1.5,0,0.25,1.25,0,,,,
MNQ SEP25,1s,1,2788,2025-07-14 10:06:29,22925.25,22926.75,22925.25,22926.75,12,1.5,1.5,0,0,1,,,,
MNQ SEP25,1s,1,2789,2025-07-14 10:06:30,22926.5,22928,22926.5,22927.5,10,1.5,1,0.5,0,1,,,,
MNQ SEP25,10s,10,5678,2025-07-14 10:06:30,22929.5,22930.5,22924,22927.5,237,6.5,2,1,3.5,-1,0.35,35.55,15.68333333,-1.61
MNQ SEP25,1s,1,2790,2025-07-14 10:06:31,22927.5,22927.5,22926.75,22927,12,0.75,0.5,0,0.25,-1,,,,
MNQ SEP25,1s,1,2791,2025-07-14 10:06:32,22926,22927.5,22925.75,22927,22,1.75,1,0.5,0.25,1,,,,
MNQ SEP25,1s,1,2792,2025-07-14 10:06:33,22927.5,22927.5,22926.75,22926.75,18,0.75,0.75,0,0,-1,,,,
MNQ SEP25,1s,1,2793,2025-07-14 10:06:34,22928,22929.25,22928,22928.5,13,1.25,0.5,0.75,0,1,,,,
MNQ SEP25,1s,1,2794,2025-07-14 10:06:35,22928.25,22929,22928,22928.25,15,1,0,0.75,0.25,0,,,,
MNQ SEP25,1s,1,2795,2025-07-14 10:06:36,22928.25,22929.5,22928.25,22929.5,12,1.25,1.25,0,0,1,,,,
MNQ SEP25,1s,1,2796,2025-07-14 10:06:37,22929.5,22929.75,22928.5,22929,13,1.25,0.5,0.25,0.5,-1,,,,
MNQ SEP25,1s,1,2797,2025-07-14 10:06:38,22928.75,22929,22928.25,22928.25,6,0.75,0.5,0.25,0,-1,,,,
MNQ SEP25,1s,1,2798,2025-07-14 10:06:39,22927.75,22927.75,22926.5,22926.75,14,1.25,1,0,0.25,-1,,,,
MNQ SEP25,1s,1,2799,2025-07-14 10:06:40,22928.25,22928.25,22926.25,22926.25,29,2,2,0,0,-1,,,,
MNQ SEP25,10s,10,5679,2025-07-14 10:06:40,22927.5,22929.75,22925.75,22926.25,154,4,1.25,2.25,0.5,-1,-14.3,-14.65,9,-2.98
MNQ SEP25,20s,20,5839,2025-07-14 10:06:40,22929.5,22930.5,22924,22926.25,391,6.5,3.25,1,2.25,-1,-199.05,-46.4,-16.33333333,23.36
MNQ SEP25,1s,1,2800,2025-07-14 10:06:41,22926,22928.75,22926,22928.25,17,2.75,2.25,0.5,0,1,,,,
MNQ SEP25,1s,1,2801,2025-07-14 10:06:42,22928,22929.5,22928,22929.25,24,1.5,1.25,0.25,0,1,,,,
MNQ SEP25,1s,1,2802,2025-07-14 10:06:43,22928.75,22931.5,22928.75,22931.25,83,2.75,2.5,0.25,0,1,,,,
MNQ SEP25,1s,1,2803,2025-07-14 10:06:44,22931.25,22931.25,22929.5,22929.75,17,1.75,1.5,0,0.25,-1,,,,
MNQ SEP25,1s,1,2804,2025-07-14 10:06:45,22929,22929,22927.75,22928.5,17,1.25,0.5,0,0.75,-1,,,,
MNQ SEP25,1s,1,2805,2025-07-14 10:06:46,22928.25,22928.25,22926.75,22927.25,30,1.5,1,0,0.5,-1,,,,
MNQ SEP25,1s,1,2806,2025-07-14 10:06:47,22926.5,22926.75,22925,22925,51,1.75,1.5,0.25,0,-1,,,,
MNQ SEP25,1s,1,2807,2025-07-14 10:06:48,22925,22926.75,22925,22926.75,25,1.75,1.75,0,0,1,,,,
MNQ SEP25,1s,1,2808,2025-07-14 10:06:49,22927.5,22928.75,22927.25,22928.5,15,1.5,1,0.25,0.25,1,,,,
MNQ SEP25,1s,1,2809,2025-07-14 10:06:50,22928.75,22929,22927.75,22928,17,1.25,0.75,0.25,0.25,-1,,,,
MNQ SEP25,10s,10,5680,2025-07-14 10:06:50,22926,22931.5,22925,22928,296,6.5,2,3.5,1,1,-28.7,-14.4,2.16666667,3.6
MNQ SEP25,1s,1,2810,2025-07-14 10:06:51,22928,22928,22926.5,22928,21,1.5,0,0,1.5,0,,,,
MNQ SEP25,1s,1,2811,2025-07-14 10:06:52,22928.5,22930.5,22928.5,22930,24,2,1.5,0.5,0,1,,,,
MNQ SEP25,1s,1,2812,2025-07-14 10:06:53,22930,22930,22929.5,22929.5,4,0.5,0.5,0,0,-1,,,,
MNQ SEP25,1s,1,2813,2025-07-14 10:06:54,22928.75,22929,22927.25,22929,46,1.75,0.25,0,1.5,1,,,,
MNQ SEP25,1s,1,2814,2025-07-14 10:06:55,22928.5,22929.5,22928.5,22929.5,14,1,1,0,0,1,,,,
MNQ SEP25,1s,1,2815,2025-07-14 10:06:56,22929.75,22930.25,22929.25,22929.5,20,1,0.25,0.5,0.25,-1,,,,
MNQ SEP25,1s,1,2816,2025-07-14 10:06:57,22930.25,22930.25,22929.5,22929.5,13,0.75,0.75,0,0,-1,,,,
MNQ SEP25,1s,1,2817,2025-07-14 10:06:58,22929.75,22931,22929.75,22930.75,24,1.25,1,0.25,0,1,,,,
MNQ SEP25,1s,1,2818,2025-07-14 10:06:59,22931,22931.75,22930.75,22930.75,35,1,0.25,0.75,0,-1,,,,
MNQ SEP25,1s,1,2819,2025-07-14 10:07:00,22931.25,22932.5,22931.25,22931.25,53,1.25,0,1.25,0,0,,,,
MNQ SEP25,10s,10,5681,2025-07-14 10:07:00,22928,22932.5,22926.5,22931.25,254,6,3.25,1.25,1.5,1,-92.8,-64.1,-31.05,-10.3
MNQ SEP25,20s,20,5840,2025-07-14 10:07:00,22926,22932.5,22925,22931.25,550,7.5,5.25,1.25,1,1,-254.4,-55.35,-19.81666667,-10.71
MNQ SEP25,1s,1,2820,2025-07-14 10:07:01,22932,22932.5,22931.25,22932.5,35,1.25,0.5,0,0.75,1,,,,
MNQ SEP25,1s,1,2821,2025-07-14 10:07:02,22933,22933.5,22930.75,22930.75,67,2.75,2.25,0.5,0,-1,,,,
MNQ SEP25,1s,1,2822,2025-07-14 10:07:03,22931,22931.75,22930,22931.75,46,1.75,0.75,0,1,1,,,,
MNQ SEP25,1s,1,2823,2025-07-14 10:07:04,22931.25,22934.75,22931.25,22934.75,105,3.5,3.5,0,0,1,,,,
MNQ SEP25,1s,1,2824,2025-07-14 10:07:05,22934.25,22935,22934,22934,49,1,0.25,0.75,0,-1,,,,
MNQ SEP25,1s,1,2825,2025-07-14 10:07:06,22934,22935,22933.75,22934.75,33,1.25,0.75,0.25,0.25,1,,,,
MNQ SEP25,1s,1,2826,2025-07-14 10:07:07,22934.5,22935.25,22934.25,22935.25,29,1,0.75,0,0.25,1,,,,
MNQ SEP25,1s,1,2827,2025-07-14 10:07:08,22935.5,22939.5,22935,22937.75,603,4.5,2.25,1.75,0.5,1,,,,
MNQ SEP25,1s,1,2828,2025-07-14 10:07:09,22937.75,22938,22936.5,22937.25,112,1.5,0.5,0.25,0.75,-1,,,,
MNQ SEP25,1s,1,2829,2025-07-14 10:07:10,22937,22938.5,22936.25,22937,91,2.25,0,1.5,0.75,0,,,,
MNQ SEP25,10s,10,5682,2025-07-14 10:07:10,22932,22939.5,22930,22937,1170,9.5,5,2.5,2,1,26,118.8,13.43333333,12.24
MNQ SEP25,1s,1,2830,2025-07-14 10:07:11,22938,22938,22936,22936.25,58,2,1.75,0,0.25,-1,,,,
MNQ SEP25,1s,1,2831,2025-07-14 10:07:12,22936.5,22937,22935.75,22935.75,63,1.25,0.75,0.5,0,-1,,,,
MNQ SEP25,1s,1,2832,2025-07-14 10:07:13,22936,22937.25,22936,22936.75,32,1.25,0.75,0.5,0,1,,,,
MNQ SEP25,1s,1,2833,2025-07-14 10:07:14,22936.75,22937.75,22935.5,22935.75,47,2.25,1,1,0.25,-1,,,,
MNQ SEP25,1s,1,2834,2025-07-14 10:07:15,22936.25,22936.5,22934.5,22935,86,2,1.25,0.25,0.5,-1,,,,
MNQ SEP25,1s,1,2835,2025-07-14 10:07:16,22934.75,22934.75,22933.75,22934.25,36,1,0.5,0,0.5,-1,,,,
MNQ SEP25,1s,1,2836,2025-07-14 10:07:17,22934.25,22934.75,22933,22933.25,68,1.75,1,0.5,0.25,-1,,,,
MNQ SEP25,1s,1,2837,2025-07-14 10:07:18,22933.25,22934.25,22933,22934.25,39,1.25,1,0,0.25,1,,,,
MNQ SEP25,1s,1,2838,2025-07-14 10:07:19,22933.75,22934.25,22933.75,22934.25,16,0.5,0.5,0,0,1,,,,
MNQ SEP25,1s,1,2839,2025-07-14 10:07:20,22933.75,22934.5,22933.75,22933.75,9,0.75,0,0.75,0,0,,,,
MNQ SEP25,10s,10,5683,2025-07-14 10:07:20,22938,22938,22933,22933.75,454,5,4.25,0,0.75,-1,55.8,29.8,28.16666667,11.09
MNQ SEP25,20s,20,5841,2025-07-14 10:07:20,22932,22939.5,22930,22933.75,1624,9.5,1.75,5.75,2,1,-72.75,181.65,26.63333333,15.46
MNQ SEP25,1s,1,2840,2025-07-14 10:07:21,22934,22934.5,22933,22934,26,1.5,0,0.5,1,0,,,,
MNQ SEP25,1s,1,2841,2025-07-14 10:07:22,22933.75,22934.25,22933.25,22933.25,9,1,0.5,0.5,0,-1,,,,
MNQ SEP25,1s,1,2842,2025-07-14 10:07:23,22933.5,22934,22932.75,22932.75,34,1.25,0.75,0.5,0,-1,,,,
MNQ SEP25,1s,1,2843,2025-07-14 10:07:24,22933.25,22933.75,22933,22933.5,13,0.75,0.25,0.25,0.25,1,,,,
MNQ SEP25,1s,1,2844,2025-07-14 10:07:25,22934,22936.25,22934,22936,44,2.25,2,0.25,0,1,,,,
MNQ SEP25,1s,1,2845,2025-07-14 10:07:26,22936.25,22938,22936,22938,88,2,1.75,0,0.25,1,,,,
MNQ SEP25,1s,1,2846,2025-07-14 10:07:27,22938.25,22938.75,22937.75,22938.5,55,1,0.25,0.25,0.5,1,,,,
MNQ SEP25,1s,1,2847,2025-07-14 10:07:28,22938.25,22938.5,22937.25,22938,63,1.25,0.25,0.25,0.75,-1,,,,
MNQ SEP25,1s,1,2848,2025-07-14 10:07:29,22937.75,22938,22936.75,22937.75,27,1.25,0,0.25,1,0,,,,
MNQ SEP25,1s,1,2849,2025-07-14 10:07:30,22937.5,22937.5,22936.75,22937.5,28,0.75,0,0,0.75,0,,,,
MNQ SEP25,10s,10,5684,2025-07-14 10:07:30,22934,22938.75,22932.75,22937.5,387,6,3.5,1.25,1.25,1,111.8,56,68.2,25.22
MNQ SEP25,1s,1,2850,2025-07-14 10:07:31,22937,22937.75,22936.5,22937.75,40,1.25,0.75,0,0.5,1,,,,
MNQ SEP25,1s,1,2851,2025-07-14 10:07:32,22937.5,22938.5,22936.75,22937.25,48,1.75,0.25,1,0.5,-1,,,,
MNQ SEP25,1s,1,2852,2025-07-14 10:07:33,22937.5,22937.5,22936.75,22937.25,18,0.75,0.25,0,0.5,-1,,,,
MNQ SEP25,1s,1,2853,2025-07-14 10:07:34,22937.5,22937.75,22936.75,22936.75,29,1,0.75,0.25,0,-1,,,,
MNQ SEP25,1s,1,2854,2025-07-14 10:07:35,22937.25,22937.25,22934.5,22934.75,45,2.75,2.5,0,0.25,-1,,,,
MNQ SEP25,1s,1,2855,2025-07-14 10:07:36,22934.75,22935.25,22934.75,22934.75,28,0.5,0,0.5,0,0,,,,
MNQ SEP25,1s,1,2856,2025-07-14 10:07:37,22935.25,22936,22935.25,22935.5,19,0.75,0.25,0.5,0,1,,,,
MNQ SEP25,1s,1,2857,2025-07-14 10:07:38,22936.5,22937.75,22936.5,22936.75,31,1.25,0.25,1,0,1,,,,
MNQ SEP25,1s,1,2858,2025-07-14 10:07:39,22937.25,22937.75,22937,22937.5,26,0.75,0.25,0.25,0.25,1,,,,
MNQ SEP25,1s,1,2859,2025-07-14 10:07:40,22937.5,22938,22936.75,22937.25,38,1.25,0.25,0.5,0.5,-1,,,,
MNQ SEP25,10s,10,5685,2025-07-14 10:07:40,22937,22938.5,22934.5,22937.25,322,4,0.25,1.25,2.5,1,122.6,10.8,32.2,30.26
MNQ SEP25,20s,20,5842,2025-07-14 10:07:40,22934,22938.75,22932.75,22937.25,709,6,3.25,1.5,1.25,1,-41.55,31.2,52.5,30.68
MNQ SEP25,1s,1,2860,2025-07-14 10:07:41,22937,22937.5,22935.5,22935.75,40,2,1.25,0.5,0.25,-1,,,,
MNQ SEP25,1s,1,2861,2025-07-14 10:07:42,22935.5,22935.75,22935,22935.75,16,0.75,0.25,0,0.5,1,,,,
MNQ SEP25,1s,1,2862,2025-07-14 10:07:43,22935.5,22935.5,22934.25,22935,39,1.25,0.5,0,0.75,-1,,,,
MNQ SEP25,1s,1,2863,2025-07-14 10:07:44,22935,22936,22934.75,22934.75,20,1.25,0.25,1,0,-1,,,,
MNQ SEP25,1s,1,2864,2025-07-14 10:07:45,22935,22936,22935,22935,14,1,0,1,0,0,,,,
MNQ SEP25,1s,1,2865,2025-07-14 10:07:46,22935.5,22937.5,22935.5,22937.25,30,2,1.75,0.25,0,1,,,,
MNQ SEP25,1s,1,2866,2025-07-14 10:07:47,22937.5,22938.25,22937,22937.5,27,1.25,0,0.75,0.5,0,,,,
MNQ SEP25,1s,1,2867,2025-07-14 10:07:48,22937.25,22938,22937.25,22937.25,18,0.75,0,0.75,0,0,,,,
MNQ SEP25,1s,1,2868,2025-07-14 10:07:49,22937,22938.25,22937,22938.25,41,1.25,1.25,0,0,1,,,,
MNQ SEP25,1s,1,2869,2025-07-14 10:07:50,22937.75,22938,22936.5,22936.75,32,1.5,1,0.25,0.25,-1,,,,
MNQ SEP25,10s,10,5686,2025-07-14 10:07:50,22937,22938.25,22934.25,22936.75,277,4,0.25,1.25,2.5,-1,126.8,4.2,23.66666667,43.92
MNQ SEP25,1s,1,2870,2025-07-14 10:07:51,22937,22937.5,22936.5,22936.75,17,1,0.25,0.5,0.25,-1,,,,
MNQ SEP25,1s,1,2871,2025-07-14 10:07:52,22937,22937.25,22936.25,22936.25,13,1,0.75,0.25,0,-1,,,,
MNQ SEP25,1s,1,2872,2025-07-14 10:07:53,22936.75,22937.75,22936.25,22937.75,29,1.5,1,0,0.5,1,,,,
MNQ SEP25,1s,1,2873,2025-07-14 10:07:54,22937.5,22937.75,22936.75,22936.75,7,1,0.75,0.25,0,-1,,,,
MNQ SEP25,1s,1,2874,2025-07-14 10:07:55,22937.5,22937.5,22935,22936.25,49,2.5,1.25,0,1.25,-1,,,,
MNQ SEP25,1s,1,2875,2025-07-14 10:07:56,22936.5,22936.5,22935.5,22935.75,19,1,0.75,0,0.25,-1,,,,
MNQ SEP25,1s,1,2876,2025-07-14 10:07:57,22936.25,22936.5,22935.75,22935.75,22,0.75,0.5,0.25,0,-1,,,,
MNQ SEP25,1s,1,2877,2025-07-14 10:07:58,22935.25,22935.25,22934,22934.25,36,1.25,1,0,0.25,-1,,,,
MNQ SEP25,1s,1,2878,2025-07-14 10:07:59,22934.5,22936,22934.5,22935.5,26,1.5,1,0.5,0,1,,,,
MNQ SEP25,1s,1,2879,2025-07-14 10:08:00,22936,22936.75,22935.5,22936,18,1.25,0,0.75,0.5,0,,,,
MNQ SEP25,10s,10,5687,2025-07-14 10:08:00,22937,22937.75,22934,22936,236,3.75,1,0.75,2,-1,-53,-179.8,-54.93333333,-15.8
MNQ SEP25,20s,20,5843,2025-07-14 10:08:00,22937,22938.25,22934,22936,513,4.25,1,1.25,2,-1,-82.7,-41.15,57.23333333,13.99
MNQ SEP25,1s,1,2880,2025-07-14 10:08:01,22936.75,22937.75,22936,22936,51,1.75,0.75,1,0,-1,,,,
MNQ SEP25,1s,1,2881,2025-07-14 10:08:02,22936.75,22939,22936.75,22937.5,128,2.25,0.75,1.5,0,1,,,,
MNQ SEP25,1s,1,2882,2025-07-14 10:08:03,22938.5,22938.75,22937.5,22938.25,25,1.25,0.25,0.25,0.75,-1,,,,
MNQ SEP25,1s,1,2883,2025-07-14 10:08:04,22938.5,22938.75,22937.25,22938,33,1.5,0.5,0.25,0.75,-1,,,,
MNQ SEP25,1s,1,2884,2025-07-14 10:08:05,22937.5,22938.25,22934.75,22934.75,81,3.5,2.75,0.75,0,-1,,,,
MNQ SEP25,1s,1,2885,2025-07-14 10:08:06,22934.75,22936.75,22934.75,22936.5,44,2,1.75,0.25,0,1,,,,
MNQ SEP25,1s,1,2886,2025-07-14 10:08:07,22936.25,22936.25,22932.25,22932.25,103,4,4,0,0,-1,,,,
MNQ SEP25,1s,1,2887,2025-07-14 10:08:08,22932,22933.5,22930.5,22933.25,140,3,1.25,0.25,1.5,1,,,,
MNQ SEP25,1s,1,2888,2025-07-14 10:08:09,22933.25,22934.25,22932.75,22933.75,29,1.5,0.5,0.5,0.5,1,,,,
MNQ SEP25,1s,1,2889,2025-07-14 10:08:10,22933.75,22935.75,22933.5,22935.5,21,2.25,1.75,0.25,0.25,1,,,,
MNQ SEP25,10s,10,5688,2025-07-14 10:08:10,22936.75,22939,22930.5,22935.5,655,8.5,1.25,2.25,5,-1,-36.85,16.15,-53.15,-18.53
MNQ SEP25,1s,1,2890,2025-07-14 10:08:11,22935.5,22935.75,22935.25,22935.25,18,0.5,0.25,0.25,0,-1,,,,
MNQ SEP25,1s,1,2891,2025-07-14 10:08:12,22935.75,22936,22935,22935.5,17,1,0.25,0.25,0.5,-1,,,,
MNQ SEP25,1s,1,2892,2025-07-14 10:08:13,22935.75,22936.25,22935.5,22936.25,29,0.75,0.5,0,0.25,1,,,,
MNQ SEP25,1s,1,2893,2025-07-14 10:08:14,22936.5,22937,22935.75,22935.75,19,1.25,0.75,0.5,0,-1,,,,
MNQ SEP25,1s,1,2894,2025-07-14 10:08:15,22935.25,22936.25,22935,22935.25,13,1.25,0,1,0.25,0,,,,
MNQ SEP25,1s,1,2895,2025-07-14 10:08:16,22936,22937.5,22935.75,22937.5,19,1.75,1.5,0,0.25,1,,,,
MNQ SEP25,1s,1,2896,2025-07-14 10:08:17,22937.25,22938.25,22937.25,22937.5,25,1,0.25,0.75,0,1,,,,
MNQ SEP25,1s,1,2897,2025-07-14 10:08:18,22937.5,22939.25,22937.5,22939,32,1.75,1.5,0.25,0,1,,,,
MNQ SEP25,1s,1,2898,2025-07-14 10:08:19,22938.25,22939.25,22938,22938.5,49,1.25,0.25,0.75,0.25,1,,,,
MNQ SEP25,1s,1,2899,2025-07-14 10:08:20,22938.25,22938.75,22937.75,22938.75,17,1,0.5,0,0.5,1,,,,
MNQ SEP25,10s,10,5689,2025-07-14 10:08:20,22935.5,22939.25,22935,22938.75,238,4.25,3.25,0.5,0.5,1,-54.65,-17.8,-60.48333333,-33.29
MNQ SEP25,20s,20,5844,2025-07-14 10:08:20,22936.75,22939.25,22930.5,22938.75,893,8.75,2,0.5,6.25,1,31.05,113.75,34.6,46.02
MNQ SEP25,1s,1,2900,2025-07-14 10:08:21,22938.5,22938.75,22937.75,22937.75,34,1,0.75,0.25,0,-1,,,,
MNQ SEP25,1s,1,2901,2025-07-14 10:08:22,22938.25,22939.5,22938.25,22939.25,52,1.25,1,0.25,0,1,,,,
MNQ SEP25,1s,1,2902,2025-07-14 10:08:23,22939.25,22939.25,22937.75,22938.5,29,1.5,0.75,0,0.75,-1,,,,
MNQ SEP25,1s,1,2903,2025-07-14 10:08:24,22937.75,22937.75,22935.75,22936.25,43,2,1.5,0,0.5,-1,,,,
MNQ SEP25,1s,1,2904,2025-07-14 10:08:25,22936,22936.75,22935.75,22936.25,22,1,0.25,0.5,0.25,1,,,,
MNQ SEP25,1s,1,2905,2025-07-14 10:08:26,22936.25,22936.5,22935.25,22935.5,68,1.25,0.75,0.25,0.25,-1,,,,
MNQ SEP25,1s,1,2906,2025-07-14 10:08:27,22935.5,22935.75,22934.25,22934.25,43,1.5,1.25,0.25,0,-1,,,,
MNQ SEP25,1s,1,2907,2025-07-14 10:08:28,22934.75,22935,22933.75,22934.5,26,1.25,0.25,0.25,0.75,-1,,,,
MNQ SEP25,1s,1,2908,2025-07-14 10:08:29,22934.5,22934.5,22934,22934,13,0.5,0.5,0,0,-1,,,,
MNQ SEP25,1s,1,2909,2025-07-14 10:08:30,22934.25,22934.75,22933.75,22934.75,21,1,0.5,0,0.5,1,,,,
MNQ SEP25,10s,10,5690,2025-07-14 10:08:30,22938.5,22939.5,22933.75,22934.75,351,5.75,3.75,1,1,-1,-37,17.65,5.33333333,-31.92
MNQ SEP25,1s,1,2910,2025-07-14 10:08:31,22934.5,22935,22934.25,22934.75,24,0.75,0.25,0.25,0.25,1,,,,
MNQ SEP25,1s,1,2911,2025-07-14 10:08:32,22934.25,22935,22933.5,22933.5,28,1.5,0.75,0.75,0,-1,,,,
MNQ SEP25,1s,1,2912,2025-07-14 10:08:33,22934,22934.25,22933.5,22934,12,0.75,0,0.25,0.5,0,,,,
MNQ SEP25,1s,1,2913,2025-07-14 10:08:34,22933.75,22934.25,22932.5,22932.5,35,1.75,1.25,0.5,0,-1,,,,
MNQ SEP25,1s,1,2914,2025-07-14 10:08:35,22932.5,22933.5,22932,22932,89,1.5,0.5,1,0,-1,,,,
MNQ SEP25,1s,1,2915,2025-07-14 10:08:36,22932,22933,22931.75,22932.75,34,1.25,0.75,0.25,0.25,1,,,,
MNQ SEP25,1s,1,2916,2025-07-14 10:08:37,22932.5,22932.75,22931,22931.25,47,1.75,1.25,0.25,0.25,-1,,,,
MNQ SEP25,1s,1,2917,2025-07-14 10:08:38,22930.75,22931,22929.5,22929.75,80,1.5,1,0.25,0.25,-1,,,,
MNQ SEP25,1s,1,2918,2025-07-14 10:08:39,22930.25,22931,22929.75,22930.75,45,1.25,0.5,0.25,0.5,1,,,,
MNQ SEP25,1s,1,2919,2025-07-14 10:08:40,22931,22931.25,22930.25,22930.25,26,1,0.75,0.25,0,-1,,,,
MNQ SEP25,10s,10,5691,2025-07-14 10:08:40,22934.5,22935,22929.5,22930.25,420,5.5,4.25,0.5,0.75,-1,-3,34,11.28333333,-25.96
MNQ SEP25,20s,20,5845,2025-07-14 10:08:40,22938.5,22939.5,22929.5,22930.25,771,10,8.25,1,0.75,-1,63.25,32.2,34.93333333,63.53
MNQ SEP25,1s,1,2920,2025-07-14 10:08:41,22930.25,22930.5,22926.25,22927.5,202,4.25,2.75,0.25,1.25,-1,,,,
MNQ SEP25,1s,1,2921,2025-07-14 10:08:42,22927.25,22928.75,22927.25,22928.5,78,1.5,1.25,0.25,0,1,,,,
MNQ SEP25,1s,1,2922,2025-07-14 10:08:43,22927.75,22929.25,22927.75,22928.5,39,1.5,0.75,0.75,0,1,,,,
MNQ SEP25,1s,1,2923,2025-07-14 10:08:44,22929,22930.5,22928.75,22930,44,1.75,1,0.5,0.25,1,,,,
MNQ SEP25,1s,1,2924,2025-07-14 10:08:45,22930.5,22931.75,22930.25,22931.75,26,1.5,1.25,0,0.25,1,,,,
MNQ SEP25,1s,1,2925,2025-07-14 10:08:46,22931,22931.25,22930,22930,29,1.25,1,0.25,0,-1,,,,
MNQ SEP25,1s,1,2926,2025-07-14 10:08:47,22930.75,22931.25,22930.5,22931,27,0.75,0.25,0.25,0.25,1,,,,
MNQ SEP25,1s,1,2927,2025-07-14 10:08:48,22930.5,22932.5,22930.5,22931.5,16,2,1,1,0,1,,,,
MNQ SEP25,1s,1,2928,2025-07-14 10:08:49,22932,22932,22931,22931.25,13,1,0.75,0,0.25,-1,,,,
MNQ SEP25,1s,1,2929,2025-07-14 10:08:50,22930,22930.5,22930,22930.5,9,0.5,0.5,0,0,1,,,,
MNQ SEP25,10s,10,5692,2025-07-14 10:08:50,22930.25,22932.5,22926.25,22930.5,483,6.25,0.25,2,4,1,41.4,44.4,32.01666667,18.88
MNQ SEP25,1s,1,2930,2025-07-14 10:08:51,22930.5,22931,22930,22930,14,1,0.5,0.5,0,-1,,,,
MNQ SEP25,1s,1,2931,2025-07-14 10:08:52,22930.75,22931,22930.25,22930.25,15,0.75,0.5,0.25,0,-1,,,,
MNQ SEP25,1s,1,2932,2025-07-14 10:08:53,22930.5,22931,22930.5,22930.75,4,0.5,0.25,0.25,0,1,,,,
MNQ SEP25,1s,1,2933,2025-07-14 10:08:54,22931,22931.75,22930.75,22931,16,1,0,0.75,0.25,0,,,,
MNQ SEP25,1s,1,2934,2025-07-14 10:08:55,22931.25,22931.75,22931.25,22931.75,10,0.5,0.5,0,0,1,,,,
MNQ SEP25,1s,1,2935,2025-07-14 10:08:56,22932,22932.75,22932,22932.5,17,0.75,0.5,0.25,0,1,,,,
MNQ SEP25,1s,1,2936,2025-07-14 10:08:57,22932.25,22933,22932,22932.25,16,1,0,0.75,0.25,0,,,,
MNQ SEP25,1s,1,2937,2025-07-14 10:08:58,22932.75,22933,22932.25,22933,13,0.75,0.25,0,0.5,1,,,,
MNQ SEP25,1s,1,2938,2025-07-14 10:08:59,22932.25,22932.25,22931.25,22932,14,1,0.25,0,0.75,-1,,,,
MNQ SEP25,1s,1,2939,2025-07-14 10:09:00,22931.25,22932.5,22931.25,22932.5,19,1.25,1.25,0,0,1,,,,
MNQ SEP25,10s,10,5693,2025-07-14 10:09:00,22930.5,22933,22930,22932.5,138,3,2,0.5,0.5,1,-55.85,-97.25,-6.28333333,-3.8
MNQ SEP25,20s,20,5846,2025-07-14 10:09:00,22930.25,22933,22926.25,22932.5,621,6.75,2.25,0.5,4,1,-119.65,-182.9,-12.31666667,-9.38
MNQ SEP25,1s,1,2940,2025-07-14 10:09:01,22931.75,22933,22930.75,22932.75,32,2.25,1,0.25,1,1,,,,
MNQ SEP25,1s,1,2941,2025-07-14 10:09:02,22932.25,22932.75,22932,22932,6,0.75,0.25,0.5,0,-1,,,,
MNQ SEP25,1s,1,2942,2025-07-14 10:09:03,22931.5,22931.5,22929.25,22929.75,24,2.25,1.75,0,0.5,-1,,,,
MNQ SEP25,1s,1,2943,2025-07-14 10:09:04,22930.25,22930.25,22929.5,22929.5,14,0.75,0.75,0,0,-1,,,,
MNQ SEP25,1s,1,2944,2025-07-14 10:09:05,22929.5,22930.5,22929,22930.5,20,1.5,1,0,0.5,1,,,,
MNQ SEP25,1s,1,2945,2025-07-14 10:09:06,22929.75,22933.75,22929.75,22933.75,32,4,4,0,0,1,,,,
MNQ SEP25,1s,1,2946,2025-07-14 10:09:07,22932.75,22934.5,22932.5,22933.5,29,2,0.75,1,0.25,1,,,,
MNQ SEP25,1s,1,2947,2025-07-14 10:09:08,22933.25,22933.25,22932.25,22932.25,7,1,1,0,0,-1,,,,
MNQ SEP25,1s,1,2948,2025-07-14 10:09:09,22932,22932,22930.25,22931,27,1.75,1,0,0.75,-1,,,,
MNQ SEP25,1s,1,2949,2025-07-14 10:09:10,22931,22932,22931,22932,26,1,1,0,0,1,,,,
MNQ SEP25,10s,10,5694,2025-07-14 10:09:10,22931.75,22934.5,22929,22932,217,5.5,0.25,2.5,2.75,1,-55.95,-0.1,-17.65,-0.26
MNQ SEP25,1s,1,2950,2025-07-14 10:09:11,22932.25,22932.5,22931.75,22932,20,0.75,0.25,0.25,0.25,-1,,,,
MNQ SEP25,1s,1,2951,2025-07-14 10:09:12,22932.25,22935.25,22932.25,22935,35,3,2.75,0.25,0,1,,,,
MNQ SEP25,1s,1,2952,2025-07-14 10:09:13,22935,22935.25,22933.5,22934.25,41,1.75,0.75,0.25,0.75,-1,,,,
MNQ SEP25,1s,1,2953,2025-07-14 10:09:14,22935,22935.5,22933.75,22933.75,37,1.75,1.25,0.5,0,-1,,,,
MNQ SEP25,1s,1,2954,2025-07-14 10:09:15,22933.5,22934.25,22932.25,22932.5,23,2,1,0.75,0.25,-1,,,,
MNQ SEP25,1s,1,2955,2025-07-14 10:09:16,22932.75,22934,22932.75,22934,3,1.25,1.25,0,0,1,,,,
MNQ SEP25,1s,1,2956,2025-07-14 10:09:17,22933.75,22933.75,22932.75,22932.75,17,1,1,0,0,-1,,,,
MNQ SEP25,1s,1,2957,2025-07-14 10:09:18,22932.75,22933.75,22932.75,22933.5,16,1,0.75,0.25,0,1,,,,
MNQ SEP25,1s,1,2958,2025-07-14 10:09:19,22933.25,22933.75,22933,22933.75,14,0.75,0.5,0,0.25,1,,,,
MNQ SEP25,1s,1,2959,2025-07-14 10:09:20,22933.75,22933.75,22930.75,22930.75,20,3,3,0,0,-1,,,,
MNQ SEP25,10s,10,5695,2025-07-14 10:09:20,22932.25,22935.5,22930.75,22930.75,226,4.75,1.5,3.25,0,-1,-74.55,-18.6,-38.65,-7.51
MNQ SEP25,20s,20,5847,2025-07-14 10:09:20,22931.75,22935.5,22929,22930.75,443,6.5,1,3.75,1.75,-1,-134.85,-15.2,-55.3,-18.66
MNQ SEP25,1s,1,2960,2025-07-14 10:09:21,22932.75,22932.75,22932,22932,3,0.75,0.75,0,0,-1,,,,
MNQ SEP25,1s,1,2961,2025-07-14 10:09:22,22932,22933,22932,22932.25,13,1,0.25,0.75,0,1,,,,
MNQ SEP25,1s,1,2962,2025-07-14 10:09:23,22933.25,22933.25,22932,22932,11,1.25,1.25,0,0,-1,,,,
MNQ SEP25,1s,1,2963,2025-07-14 10:09:24,22932.75,22933.5,22932.75,22933.25,6,0.75,0.5,0.25,0,1,,,,
MNQ SEP25,1s,1,2964,2025-07-14 10:09:25,22933.25,22933.25,22931.75,22931.75,13,1.5,1.5,0,0,-1,,,,
MNQ SEP25,1s,1,2965,2025-07-14 10:09:26,22932.75,22933.5,22932.5,22933.5,16,1,0.75,0,0.25,1,,,,
MNQ SEP25,1s,1,2966,2025-07-14 10:09:27,22932.5,22933,22932.25,22932.25,9,0.75,0.25,0.5,0,-1,,,,
MNQ SEP25,1s,1,2967,2025-07-14 10:09:28,22932.5,22933.25,22932,22932,18,1.25,0.5,0.75,0,-1,,,,
MNQ SEP25,1s,1,2968,2025-07-14 10:09:29,22931.5,22931.75,22929.5,22930,29,2.25,1.5,0.25,0.5,-1,,,,
MNQ SEP25,1s,1,2969,2025-07-14 10:09:30,22930.25,22930.75,22930,22930.75,15,0.75,0.5,0,0.25,1,,,,
MNQ SEP25,10s,10,5696,2025-07-14 10:09:30,22932.75,22933.5,22929.5,22930.75,133,4,2,0.75,1.25,-1,-109.55,-35,-17.9,-21.31
MNQ SEP25,1s,1,2970,2025-07-14 10:09:31,22930.75,22930.75,22930.5,22930.5,4,0.25,0.25,0,0,-1,,,,
MNQ SEP25,1s,1,2971,2025-07-14 10:09:32,22930.75,22931.25,22930.25,22930.75,9,1,0,0.5,0.5,0,,,,
MNQ SEP25,1s,1,2972,2025-07-14 10:09:33,22930.75,22931.75,22930,22931.75,25,1.75,1,0,0.75,1,,,,
MNQ SEP25,1s,1,2973,2025-07-14 10:09:34,22932,22932.5,22931.75,22931.75,47,0.75,0.25,0.5,0,-1,,,,
MNQ SEP25,1s,1,2974,2025-07-14 10:09:35,22932.75,22933.75,22932.75,22933.75,8,1,1,0,0,1,,,,
MNQ SEP25,1s,1,2975,2025-07-14 10:09:36,22933.5,22934,22933.5,22934,14,0.5,0.5,0,0,1,,,,
MNQ SEP25,1s,1,2976,2025-07-14 10:09:37,22933.75,22934.5,22933.25,22934,27,1.25,0.25,0.5,0.5,1,,,,
MNQ SEP25,1s,1,2977,2025-07-14 10:09:38,22933.25,22934,22933,22933.25,10,1,0,0.75,0.25,0,,,,
MNQ SEP25,1s,1,2978,2025-07-14 10:09:39,22934,22934.25,22933.75,22933.75,7,0.5,0.25,0.25,0,-1,,,,
MNQ SEP25,1s,1,2979,2025-07-14 10:09:40,22934.5,22935,22934,22934.25,14,1,0.25,0.5,0.25,-1,,,,
MNQ SEP25,10s,10,5697,2025-07-14 10:09:40,22930.75,22935,22930,22934.25,165,5,3.5,0.75,0.75,1,-164.85,-55.3,-36.3,-41.25
MNQ SEP25,20s,20,5848,2025-07-14 10:09:40,22932.75,22935,22929.5,22934.25,298,5.5,1.5,0.75,3.25,1,-135.85,-1,-66.36666667,-10.63
MNQ SEP25,1s,1,2980,2025-07-14 10:09:41,22934.25,22934.25,22933.5,22934.25,21,0.75,0,0,0.75,0,,,,
MNQ SEP25,1s,1,2981,2025-07-14 10:09:42,22933.75,22934.25,22933.75,22934,11,0.5,0.25,0.25,0,1,,,,
MNQ SEP25,1s,1,2982,2025-07-14 10:09:43,22933.75,22935,22933.75,22934,12,1.25,0.25,1,0,1,,,,
MNQ SEP25,1s,1,2983,2025-07-14 10:09:44,22933.75,22934,22933,22933,25,1,0.75,0.25,0,-1,,,,
MNQ SEP25,1s,1,2984,2025-07-14 10:09:45,22932.25,22933,22932,22932,22,1,0.25,0.75,0,-1,,,,
MNQ SEP25,1s,1,2985,2025-07-14 10:09:46,22932.75,22934.75,22932.75,22934.5,28,2,1.75,0.25,0,1,,,,
MNQ SEP25,1s,1,2986,2025-07-14 10:09:47,22934,22934.5,22933,22933,38,1.5,1,0.5,0,-1,,,,
MNQ SEP25,1s,1,2987,2025-07-14 10:09:48,22933.25,22933.5,22933.25,22933.5,4,0.25,0.25,0,0,1,,,,
MNQ SEP25,1s,1,2988,2025-07-14 10:09:49,22934,22934.25,22934,22934,6,0.25,0,0.25,0,0,,,,
MNQ SEP25,1s,1,2989,2025-07-14 10:09:50,22934.5,22935,22934.25,22934.5,51,0.75,0,0.5,0.25,0,,,,
MNQ SEP25,10s,10,5698,2025-07-14 10:09:50,22934.25,22935,22932,22934.5,218,3,0.25,0.5,2.25,1,-147.9,16.95,-24.45,-18.41
MNQ SEP25,1s,1,2990,2025-07-14 10:09:51,22934,22934.75,22933.5,22933.5,12,1.25,0.5,0.75,0,-1,,,,
MNQ SEP25,1s,1,2991,2025-07-14 10:09:52,22933.5,22935,22933.5,22934.75,11,1.5,1.25,0.25,0,1,,,,
MNQ SEP25,1s,1,2992,2025-07-14 10:09:53,22934.5,22934.5,22933.5,22933.5,4,1,1,0,0,-1,,,,
MNQ SEP25,1s,1,2993,2025-07-14 10:09:54,22933.5,22934.75,22933.25,22934.75,26,1.5,1.25,0,0.25,1,,,,
MNQ SEP25,1s,1,2994,2025-07-14 10:09:55,22934.75,22934.75,22934.75,22934.75,1,0,0,0,0,0,,,,
MNQ SEP25,1s,1,2995,2025-07-14 10:09:56,22934.5,22934.75,22934.25,22934.75,3,0.5,0.25,0,0.25,1,,,,
MNQ SEP25,1s,1,2996,2025-07-14 10:09:57,22934.75,22935,22934.75,22935,6,0.25,0.25,0,0,1,,,,
MNQ SEP25,1s,1,2997,2025-07-14 10:09:58,22934,22935.25,22934,22935.25,16,1.25,1.25,0,0,1,,,,
MNQ SEP25,1s,1,2998,2025-07-14 10:09:59,22935.5,22935.5,22935,22935.5,18,0.5,0,0,0.5,0,,,,
MNQ SEP25,1s,1,2999,2025-07-14 10:10:00,22935,22936,22934.75,22934.75,32,1.25,0.25,1,0,-1,,,,
MNQ SEP25,10s,10,5699,2025-07-14 10:10:00,22934,22936,22933.25,22934.75,129,2.75,0.75,1.25,0.75,1,-164.25,-16.35,-18.23333333,-21.66
MNQ SEP25,20s,20,5849,2025-07-14 10:10:00,22934.25,22936,22932,22934.75,347,4,0.5,1.25,2.25,1,-188.15,-52.3,-22.83333333,-43.84
MNQ SEP25,1s,1,3000,2025-07-14 10:10:01,22934.25,22936.5,22934.25,22936.5,38,2.25,2.25,0,0,1,,,,
MNQ SEP25,1s,1,3001,2025-07-14 10:10:02,22936.5,22936.5,22935.25,22936.25,19,1.25,0.25,0,1,-1,,,,
MNQ SEP25,1s,1,3002,2025-07-14 10:10:03,22936.5,22936.75,22935.75,22935.75,18,1,0.75,0.25,0,-1,,,,
MNQ SEP25,1s,1,3003,2025-07-14 10:10:04,22936,22936.25,22935.75,22936.25,16,0.5,0.25,0,0.25,1,,,,
MNQ SEP25,1s,1,3004,2025-07-14 10:10:05,22936.5,22937,22936,22936,22,1,0.5,0.5,0,-1,,,,
MNQ SEP25,1s,1,3005,2025-07-14 10:10:06,22936,22936,22934.5,22934.5,28,1.5,1.5,0,0,-1,,,,
MNQ SEP25,1s,1,3006,2025-07-14 10:10:07,22934.25,22935.5,22934.25,22935.5,23,1.25,1.25,0,0,1,,,,
MNQ SEP25,1s,1,3007,2025-07-14 10:10:08,22935.75,22936.5,22934.75,22935.25,25,1.75,0.5,0.75,0.5,-1,,,,
MNQ SEP25,1s,1,3008,2025-07-14 10:10:09,22935,22935.25,22933,22933.5,23,2.25,1.5,0.25,0.5,-1,,,,
MNQ SEP25,1s,1,3009,2025-07-14 10:10:10,22933.5,22935.5,22933.5,22935.5,22,2,2,0,0,1,,,,
MNQ SEP25,10s,10,5700,2025-07-14 10:10:10,22934.25,22937,22933,22935.5,234,4,1.25,1.5,1.25,1,-159.55,4.7,1.76666667,-17
MNQ SEP25,1s,1,3010,2025-07-14 10:10:11,22935.75,22936.25,22935.25,22935.25,13,1,0.5,0.5,0,-1,,,,
MNQ SEP25,1s,1,3011,2025-07-14 10:10:12,22934.75,22936.25,22934.25,22935.75,19,2,1,0.5,0.5,1,,,,
MNQ SEP25,1s,1,3012,2025-07-14 10:10:13,22935.25,22935.25,22933.75,22933.75,15,1.5,1.5,0,0,-1,,,,
MNQ SEP25,1s,1,3013,2025-07-14 10:10:14,22933,22933.75,22932.5,22933.75,28,1.25,0.75,0,0.5,1,,,,
MNQ SEP25,1s,1,3014,2025-07-14 10:10:15,22933.75,22934.75,22933.75,22933.75,24,1,0,1,0,0,,,,
MNQ SEP25,1s,1,3015,2025-07-14 10:10:16,22934,22935.75,22933.25,22933.25,15,2.5,0.75,1.75,0,-1,,,,
MNQ SEP25,1s,1,3016,2025-07-14 10:10:17,22933.25,22933.75,22933.25,22933.75,5,0.5,0.5,0,0,1,,,,
MNQ SEP25,1s,1,3017,2025-07-14 10:10:18,22933,22933,22932.25,22933,10,0.75,0,0,0.75,0,,,,
MNQ SEP25,1s,1,3018,2025-07-14 10:10:19,22933,22934.25,22932.5,22934.25,16,1.75,1.25,0,0.5,1,,,,
MNQ SEP25,1s,1,3019,2025-07-14 10:10:20,22933.5,22934.75,22932.5,22934.5,16,2.25,1,0.25,1,1,,,,
MNQ SEP25,10s,10,5701,2025-07-14 10:10:20,22935.75,22936.25,22932.25,22934.5,161,4,1.25,0.5,2.25,-1,-149.3,10.25,-0.46666667,-7.95
MNQ SEP25,20s,20,5850,2025-07-14 10:10:20,22934.25,22937,22932.25,22934.5,395,4.75,0.25,2.5,2,1,-257.1,-68.95,-40.75,-64.07
MNQ SEP25,1s,1,3020,2025-07-14 10:10:21,22934.5,22934.75,22934,22934.75,16,0.75,0.25,0,0.5,1,,,,
MNQ SEP25,1s,1,3021,2025-07-14 10:10:22,22934.5,22934.5,22934,22934.25,4,0.5,0.25,0,0.25,-1,,,,
MNQ SEP25,1s,1,3022,2025-07-14 10:10:23,22933.25,22935,22933.25,22935,6,1.75,1.75,0,0,1,,,,
MNQ SEP25,1s,1,3023,2025-07-14 10:10:24,22935.25,22937.25,22935,22937.25,40,2.25,2,0,0.25,1,,,,
MNQ SEP25,1s,1,3024,2025-07-14 10:10:25,22937.5,22937.5,22934.75,22935.75,61,2.75,1.75,0,1,-1,,,,
MNQ SEP25,1s,1,3025,2025-07-14 10:10:26,22935.5,22936.75,22935.5,22936.75,10,1.25,1.25,0,0,1,,,,
MNQ SEP25,1s,1,3026,2025-07-14 10:10:27,22935.75,22935.75,22935,22935.25,8,0.75,0.5,0,0.25,-1,,,,
MNQ SEP25,1s,1,3027,2025-07-14 10:10:28,22935.75,22936.5,22933.5,22933.5,19,3,2.25,0.75,0,-1,,,,
MNQ SEP25,1s,1,3028,2025-07-14 10:10:29,22934.25,22935.25,22934,22934.25,12,1.25,0,1,0.25,0,,,,
MNQ SEP25,1s,1,3029,2025-07-14 10:10:30,22934.25,22934.75,22934.25,22934.75,8,0.5,0.5,0,0,1,,,,
MNQ SEP25,10s,10,5702,2025-07-14 10:10:30,22934.5,22937.5,22933.25,22934.75,184,4.25,0.25,2.75,1.25,1,-96.2,53.1,22.68333333,13.73
MNQ SEP25,1s,1,3030,2025-07-14 10:10:31,22934.25,22935.5,22934.25,22935.5,11,1.25,1.25,0,0,1,,,,
MNQ SEP25,1s,1,3031,2025-07-14 10:10:32,22935.75,22936,22935.25,22935.25,9,0.75,0.5,0.25,0,-1,,,,
MNQ SEP25,1s,1,3032,2025-07-14 10:10:33,22934.75,22934.75,22933.75,22933.75,5,1,1,0,0,-1,,,,
MNQ SEP25,1s,1,3033,2025-07-14 10:10:34,22933.5,22934,22933.5,22934,4,0.5,0.5,0,0,1,,,,
MNQ SEP25,1s,1,3034,2025-07-14 10:10:35,22934.75,22934.75,22934,22934.75,5,0.75,0,0,0.75,0,,,,
MNQ SEP25,1s,1,3035,2025-07-14 10:10:36,22934.25,22934.25,22933.5,22934,18,0.75,0.25,0,0.5,-1,,,,
MNQ SEP25,1s,1,3036,2025-07-14 10:10:37,22935,22935,22934.25,22934.25,3,0.75,0.75,0,0,-1,,,,
MNQ SEP25,1s,1,3037,2025-07-14 10:10:38,22934.75,22935.25,22934.25,22934.25,7,1,0.5,0.5,0,-1,,,,
MNQ SEP25,1s,1,3038,2025-07-14 10:10:39,22935.25,22937.25,22935.25,22936.25,57,2,1,1,0,1,,,,
MNQ SEP25,1s,1,3039,2025-07-14 10:10:40,22936.25,22938.75,22936.25,22938.75,54,2.5,2.5,0,0,1,,,,
MNQ SEP25,10s,10,5703,2025-07-14 10:10:40,22934.25,22938.75,22933.5,22938.75,173,5.25,4.5,0,0.75,1,-91.15,5.05,22.8,11.35
MNQ SEP25,20s,20,5851,2025-07-14 10:10:40,22934.5,22938.75,22933.25,22938.75,357,5.5,4.25,0,1.25,1,-309.15,-52.05,-57.76666667,-37.9
MNQ SEP25,1s,1,3040,2025-07-14 10:10:41,22938.75,22939.25,22938.25,22938.5,53,1,0.25,0.5,0.25,-1,,,,
MNQ SEP25,1s,1,3041,2025-07-14 10:10:42,22938.5,22939,22937.25,22938.5,33,1.75,0,0.5,1.25,0,,,,
MNQ SEP25,1s,1,3042,2025-07-14 10:10:43,22938,22942,22938,22940.5,385,4,2.5,1.5,0,1,,,,
MNQ SEP25,1s,1,3043,2025-07-14 10:10:44,22940,22942,22940,22941.25,94,2,1.25,0.75,0,1,,,,
MNQ SEP25,1s,1,3044,2025-07-14 10:10:45,22941,22943.5,22940.75,22943.5,204,2.75,2.5,0,0.25,1,,,,
MNQ SEP25,1s,1,3045,2025-07-14 10:10:46,22943.75,22944.25,22941.75,22942.75,158,2.5,1,0.5,1,-1,,,,
MNQ SEP25,1s,1,3046,2025-07-14 10:10:47,22942.75,22943.5,22941.25,22941.25,152,2.25,1.5,0.75,0,-1,,,,
MNQ SEP25,1s,1,3047,2025-07-14 10:10:48,22941.75,22941.75,22938.25,22938.5,140,3.5,3.25,0,0.25,-1,,,,
MNQ SEP25,1s,1,3048,2025-07-14 10:10:49,22938.5,22939.5,22937.75,22938,57,1.75,0.5,1,0.25,-1,,,,
MNQ SEP25,1s,1,3049,2025-07-14 10:10:50,22938.25,22939.25,22937.5,22937.5,76,1.75,0.75,1,0,-1,,,,
MNQ SEP25,10s,10,5704,2025-07-14 10:10:50,22938.75,22944.25,22937.25,22937.5,1352,7,1.25,5.5,0.25,-1,105.2,196.35,84.83333333,53.89
MNQ SEP25,1s,1,3050,2025-07-14 10:10:51,22937.75,22937.75,22934.75,22935.25,138,3,2.5,0,0.5,-1,,,,
MNQ SEP25,1s,1,3051,2025-07-14 10:10:52,22934.75,22935.25,22933.75,22935.25,59,1.5,0.5,0,1,1,,,,
MNQ SEP25,1s,1,3052,2025-07-14 10:10:53,22935.5,22935.75,22935,22935.5,26,0.75,0,0.25,0.5,0,,,,
MNQ SEP25,1s,1,3053,2025-07-14 10:10:54,22935.5,22935.5,22934.25,22934.5,19,1.25,1,0,0.25,-1,,,,
MNQ SEP25,1s,1,3054,2025-07-14 10:10:55,22934.75,22934.75,22933.25,22934.25,34,1.5,0.5,0,1,-1,,,,
MNQ SEP25,1s,1,3055,2025-07-14 10:10:56,22934.25,22935.75,22934.25,22935.75,28,1.5,1.5,0,0,1,,,,
MNQ SEP25,1s,1,3056,2025-07-14 10:10:57,22935,22935.5,22934.5,22935.5,14,1,0.5,0,0.5,1,,,,
MNQ SEP25,1s,1,3057,2025-07-14 10:10:58,22935.75,22936,22933.75,22933.75,30,2.25,2,0.25,0,-1,,,,
MNQ SEP25,1s,1,3058,2025-07-14 10:10:59,22933.75,22934.25,22933.25,22933.25,43,1,0.5,0.5,0,-1,,,,
MNQ SEP25,1s,1,3059,2025-07-14 10:11:00,22933.25,22933.5,22929.5,22930,220,4,3.25,0.25,0.5,-1,,,,
MNQ SEP25,10s,10,5705,2025-07-14 10:11:00,22937.75,22937.75,22929.5,22930,611,8.25,7.75,0,0.5,-1,166.15,60.95,87.45,65.14
MNQ SEP25,20s,20,5852,2025-07-14 10:11:00,22938.75,22944.25,22929.5,22930,1963,14.75,8.75,5.5,0.5,-1,-52.85,256.3,45.1,16.4
MNQ SEP25,1s,1,3060,2025-07-14 10:11:01,22930.25,22931,22928,22928.25,141,3,2,0.75,0.25,-1,,,,
MNQ SEP25,1s,1,3061,2025-07-14 10:11:02,22928.25,22929.75,22928,22928.75,113,1.75,0.5,1,0.25,1,,,,
MNQ SEP25,1s,1,3062,2025-07-14 10:11:03,22929,22930.25,22928.75,22929.5,47,1.5,0.5,0.75,0.25,1,,,,
MNQ SEP25,1s,1,3063,2025-07-14 10:11:04,22929.25,22929.25,22927.5,22927.75,80,1.75,1.5,0,0.25,-1,,,,
MNQ SEP25,1s,1,3064,2025-07-14 10:11:05,22927.75,22929,22926.75,22929,148,2.25,1.25,0,1,1,,,,
MNQ SEP25,1s,1,3065,2025-07-14 10:11:06,22928.5,22929.75,22927.75,22929,81,2,0.5,0.75,0.75,1,,,,
MNQ SEP25,1s,1,3066,2025-07-14 10:11:07,22929.5,22930,22928.75,22930,43,1.25,0.5,0,0.75,1,,,,
MNQ SEP25,1s,1,3067,2025-07-14 10:11:08,22930.25,22931.5,22929.75,22930.5,54,1.75,0.25,1,0.5,1,,,,
MNQ SEP25,1s,1,3068,2025-07-14 10:11:09,22930.75,22933.75,22930.75,22933.75,56,3,3,0,0,1,,,,
MNQ SEP25,1s,1,3069,2025-07-14 10:11:10,22933.75,22935,22932.25,22933.25,120,2.75,0.5,1.25,1,-1,,,,
MNQ SEP25,10s,10,5706,2025-07-14 10:11:10,22930.25,22935,22926.75,22933.25,883,8.25,3,1.75,3.5,1,280.25,114.1,123.8,85.91
MNQ SEP25,1s,1,3070,2025-07-14 10:11:11,22933.25,22933.25,22932.5,22932.75,43,0.75,0.5,0,0.25,-1,,,,
MNQ SEP25,1s,1,3071,2025-07-14 10:11:12,22933.25,22933.5,22932.25,22932.5,48,1.25,0.75,0.25,0.25,-1,,,,
MNQ SEP25,1s,1,3072,2025-07-14 10:11:13,22932.75,22933.5,22932.25,22933.5,26,1.25,0.75,0,0.5,1,,,,
MNQ SEP25,1s,1,3073,2025-07-14 10:11:14,22933.25,22933.5,22933,22933,11,0.5,0.25,0.25,0,-1,,,,
MNQ SEP25,1s,1,3074,2025-07-14 10:11:15,22933.25,22933.5,22932,22933.25,32,1.5,0,0.25,1.25,0,,,,
MNQ SEP25,1s,1,3075,2025-07-14 10:11:16,22933.25,22933.75,22933.25,22933.5,9,0.5,0.25,0.25,0,1,,,,
MNQ SEP25,1s,1,3076,2025-07-14 10:11:17,22934,22934,22933.25,22934,12,0.75,0,0,0.75,0,,,,
MNQ SEP25,1s,1,3077,2025-07-14 10:11:18,22934.25,22934.75,22933.75,22933.75,39,1,0.5,0.5,0,-1,,,,
MNQ SEP25,1s,1,3078,2025-07-14 10:11:19,22934.25,22934.25,22931.75,22931.75,21,2.5,2.5,0,0,-1,,,,
MNQ SEP25,1s,1,3079,2025-07-14 10:11:20,22932,22932.5,22931.25,22932.25,53,1.25,0.25,0.25,0.75,1,,,,
MNQ SEP25,10s,10,5707,2025-07-14 10:11:20,22933.25,22934.75,22931.25,22932.25,294,3.5,1,1.5,1,-1,299.35,19.1,64.71666667,79.11
MNQ SEP25,20s,20,5853,2025-07-14 10:11:20,22930.25,22935,22926.75,22932.25,1177,8.25,2,2.75,3.5,1,96.35,149.2,117.81666667,46.44
MNQ SEP25,1s,1,3080,2025-07-14 10:11:21,22932.25,22934.25,22931.25,22934.25,14,3,2,0,1,1,,,,
MNQ SEP25,1s,1,3081,2025-07-14 10:11:22,22933.25,22933.75,22933.25,22933.25,5,0.5,0,0.5,0,0,,,,
MNQ SEP25,1s,1,3082,2025-07-14 10:11:23,22933.25,22933.5,22932.25,22932.5,15,1.25,0.75,0.25,0.25,-1,,,,
MNQ SEP25,1s,1,3083,2025-07-14 10:11:24,22931.5,22932,22931.5,22932,10,0.5,0.5,0,0,1,,,,
MNQ SEP25,1s,1,3084,2025-07-14 10:11:25,22931.5,22932.75,22931,22932.75,15,1.75,1.25,0,0.5,1,,,,
MNQ SEP25,1s,1,3085,2025-07-14 10:11:26,22932.75,22933.75,22932.75,22933.25,21,1,0.5,0.5,0,1,,,,
MNQ SEP25,1s,1,3086,2025-07-14 10:11:27,22933,22934,22932.5,22934,64,1.5,1,0,0.5,1,,,,
MNQ SEP25,1s,1,3087,2025-07-14 10:11:28,22932.75,22932.75,22932.75,22932.75,10,0,0,0,0,0,,,,
MNQ SEP25,1s,1,3088,2025-07-14 10:11:29,22933.5,22934.5,22932.75,22933.5,15,1.75,0,1,0.75,0,,,,
MNQ SEP25,1s,1,3089,2025-07-14 10:11:30,22933.25,22933.25,22932,22932,9,1.25,1.25,0,0,-1,,,,
MNQ SEP25,10s,10,5708,2025-07-14 10:11:30,22932.25,22934.5,22931,22932,178,3.5,0.25,2.25,1,-1,324.2,24.85,52.68333333,83.07
MNQ SEP25,1s,1,3090,2025-07-14 10:11:31,22932.5,22932.75,22932.5,22932.5,13,0.25,0,0.25,0,0,,,,
MNQ SEP25,1s,1,3091,2025-07-14 10:11:32,22932,22932.5,22932,22932.5,6,0.5,0.5,0,0,1,,,,
MNQ SEP25,1s,1,3092,2025-07-14 10:11:33,22932.25,22932.5,22931.5,22931.5,14,1,0.75,0.25,0,-1,,,,
MNQ SEP25,1s,1,3093,2025-07-14 10:11:34,22931.75,22933,22931.5,22932.75,25,1.5,1,0.25,0.25,1,,,,
MNQ SEP25,1s,1,3094,2025-07-14 10:11:35,22933,22934.25,22933,22934,34,1.25,1,0.25,0,1,,,,
MNQ SEP25,1s,1,3095,2025-07-14 10:11:36,22934.25,22935.75,22933.75,22935.75,95,2,1.5,0,0.5,1,,,,
MNQ SEP25,1s,1,3096,2025-07-14 10:11:37,22935.25,22935.5,22934.5,22935,12,1,0.25,0.25,0.5,-1,,,,
MNQ SEP25,1s,1,3097,2025-07-14 10:11:38,22935,22935.75,22934.5,22934.75,31,1.25,0.25,0.75,0.25,-1,,,,
MNQ SEP25,1s,1,3098,2025-07-14 10:11:39,22935.25,22936.5,22935.25,22936,50,1.25,0.75,0.5,0,1,,,,
MNQ SEP25,1s,1,3099,2025-07-14 10:11:40,22935.5,22935.75,22935,22935.75,13,0.75,0.25,0,0.5,1,,,,
MNQ SEP25,10s,10,5709,2025-07-14 10:11:40,22932.5,22936.5,22931.5,22935.75,293,5,3.25,0.75,1,1,109.65,-214.55,-56.86666667,0.89
MNQ SEP25,20s,20,5854,2025-07-14 10:11:40,22932.25,22936.5,22931,22935.75,471,5.5,3.5,0.75,1.25,1,130.2,33.85,146.45,63.67
MNQ SEP25,1s,1,3100,2025-07-14 10:11:41,22935.5,22935.5,22933.25,22933.25,23,2.25,2.25,0,0,-1,,,,
MNQ SEP25,1s,1,3101,2025-07-14 10:11:42,22933.75,22934,22933,22933.75,23,1,0,0.25,0.75,0,,,,
MNQ SEP25,1s,1,3102,2025-07-14 10:11:43,22933.75,22934.5,22933.5,22934.5,13,1,0.75,0,0.25,1,,,,
MNQ SEP25,1s,1,3103,2025-07-14 10:11:44,22935,22935,22934,22934,19,1,1,0,0,-1,,,,
MNQ SEP25,1s,1,3104,2025-07-14 10:11:45,22933.75,22935,22933.75,22935,27,1.25,1.25,0,0,1,,,,
MNQ SEP25,1s,1,3105,2025-07-14 10:11:46,22934.75,22934.75,22934.5,22934.5,7,0.25,0.25,0,0,-1,,,,
MNQ SEP25,1s,1,3106,2025-07-14 10:11:47,22934.5,22936,22933.75,22935.25,31,2.25,0.75,0.75,0.75,1,,,,
MNQ SEP25,1s,1,3107,2025-07-14 10:11:48,22935.5,22936,22935.5,22936,9,0.5,0.5,0,0,1,,,,
MNQ SEP25,1s,1,3108,2025-07-14 10:11:49,22936.25,22937.5,22936,22937,41,1.5,0.75,0.5,0.25,1,,,,
MNQ SEP25,1s,1,3109,2025-07-14 10:11:50,22937,22937,22935.5,22936,30,1.5,1,0,0.5,-1,,,,
MNQ SEP25,10s,10,5710,2025-07-14 10:11:50,22935.5,22937.5,22933,22936,223,4.5,0.5,1.5,2.5,1,38.45,-71.2,-86.96666667,-25.54
MNQ SEP25,1s,1,3110,2025-07-14 10:11:51,22935.5,22935.75,22934.25,22934.5,26,1.5,1,0.25,0.25,-1,,,,
MNQ SEP25,1s,1,3111,2025-07-14 10:11:52,22934.75,22935,22934,22934.75,38,1,0,0.25,0.75,0,,,,
MNQ SEP25,1s,1,3112,2025-07-14 10:11:53,22934.75,22935,22934.75,22935,2,0.25,0.25,0,0,1,,,,
MNQ SEP25,1s,1,3113,2025-07-14 10:11:54,22936,22936,22935.75,22935.75,5,0.25,0.25,0,0,-1,,,,
MNQ SEP25,1s,1,3114,2025-07-14 10:11:55,22936.25,22937.5,22936.25,22937.5,37,1.25,1.25,0,0,1,,,,
MNQ SEP25,1s,1,3115,2025-07-14 10:11:56,22936.75,22938.25,22936.75,22938.25,66,1.5,1.5,0,0,1,,,,
MNQ SEP25,1s,1,3116,2025-07-14 10:11:57,22937.75,22938.25,22936,22936,14,2.25,1.75,0.5,0,-1,,,,
MNQ SEP25,1s,1,3117,2025-07-14 10:11:58,22935.25,22935.25,22935,22935.25,8,0.25,0,0,0.25,0,,,,
MNQ SEP25,1s,1,3118,2025-07-14 10:11:59,22935.25,22935.25,22934.5,22934.75,33,0.75,0.5,0,0.25,-1,,,,
MNQ SEP25,1s,1,3119,2025-07-14 10:12:00,22935.5,22935.75,22935.5,22935.75,5,0.25,0.25,0,0,1,,,,
MNQ SEP25,10s,10,5711,2025-07-14 10:12:00,22935.5,22938.25,22934,22935.75,234,4.25,0.25,2.5,1.5,1,-82.05,-120.5,-135.41666667,-72.46
MNQ SEP25,20s,20,5855,2025-07-14 10:12:00,22935.5,22938.25,22933,22935.75,457,5.25,0.25,2.5,2.5,1,175.55,45.35,76.13333333,86.53
MNQ SEP25,1s,1,3120,2025-07-14 10:12:01,22935.75,22936.5,22935,22935,19,1.5,0.75,0.75,0,-1,,,,
MNQ SEP25,1s,1,3121,2025-07-14 10:12:02,22934.75,22936.75,22934.75,22936.25,29,2,1.5,0.5,0,1,,,,
MNQ SEP25,1s,1,3122,2025-07-14 10:12:03,22936.5,22936.5,22934.5,22935.25,28,2,1.25,0,0.75,-1,,,,
MNQ SEP25,1s,1,3123,2025-07-14 10:12:04,22935.25,22936,22935,22935,27,1,0.25,0.75,0,-1,,,,
MNQ SEP25,1s,1,3124,2025-07-14 10:12:05,22935,22935.5,22934.75,22935.5,16,0.75,0.5,0,0.25,1,,,,
MNQ SEP25,1s,1,3125,2025-07-14 10:12:06,22934.75,22935.75,22934.5,22935.25,58,1.25,0.5,0.5,0.25,1,,,,
MNQ SEP25,1s,1,3126,2025-07-14 10:12:07,22935,22937,22935,22936.5,35,2,1.5,0.5,0,1,,,,
MNQ SEP25,1s,1,3127,2025-07-14 10:12:08,22937,22937,22935.25,22936.25,30,1.75,0.75,0,1,-1,,,,
MNQ SEP25,1s,1,3128,2025-07-14 10:12:09,22936.5,22936.5,22933.75,22933.75,41,2.75,2.75,0,0,-1,,,,
MNQ SEP25,1s,1,3129,2025-07-14 10:12:10,22933.75,22934,22933.25,22933.75,14,0.75,0,0.25,0.5,0,,,,
MNQ SEP25,10s,10,5712,2025-07-14 10:12:10,22935.75,22937,22933.25,22933.75,297,3.75,2,1.25,0.5,-1,-72.15,9.9,-60.6,-74.3
MNQ SEP25,1s,1,3130,2025-07-14 10:12:11,22933.25,22933.75,22932.75,22933.5,35,1,0.25,0.25,0.5,1,,,,
MNQ SEP25,1s,1,3131,2025-07-14 10:12:12,22933.5,22933.5,22931.75,22932.75,42,1.75,0.75,0,1,-1,,,,
MNQ SEP25,1s,1,3132,2025-07-14 10:12:13,22933,22933.5,22932.25,22933.5,15,1.25,0.5,0,0.75,1,,,,
MNQ SEP25,1s,1,3133,2025-07-14 10:12:14,22932.5,22932.5,22932,22932,16,0.5,0.5,0,0,-1,,,,
MNQ SEP25,1s,1,3134,2025-07-14 10:12:15,22932.75,22932.75,22931.75,22932,7,1,0.75,0,0.25,-1,,,,
MNQ SEP25,1s,1,3135,2025-07-14 10:12:16,22931.5,22931.5,22929,22929,80,2.5,2.5,0,0,-1,,,,
MNQ SEP25,1s,1,3136,2025-07-14 10:12:17,22928.75,22931.5,22928.75,22929.25,71,2.75,0.5,2.25,0,1,,,,
MNQ SEP25,1s,1,3137,2025-07-14 10:12:18,22929.5,22929.75,22928,22929.75,60,1.75,0.25,0,1.5,1,,,,
MNQ SEP25,1s,1,3138,2025-07-14 10:12:19,22929.75,22932.25,22929.25,22932.25,29,3,2.5,0,0.5,1,,,,
MNQ SEP25,1s,1,3139,2025-07-14 10:12:20,22932.25,22934,22931.75,22933.5,29,2.25,1.25,0.5,0.5,1,,,,
MNQ SEP25,10s,10,5713,2025-07-14 10:12:20,22933.25,22934,22928,22933.5,384,6,0.25,0.5,5.25,1,-43.25,28.9,-27.23333333,-73.49
MNQ SEP25,20s,20,5856,2025-07-14 10:12:20,22935.75,22937,22928,22933.5,681,9,2.25,1.25,5.5,-1,238.5,62.95,47.38333333,109.53
MNQ SEP25,1s,1,3140,2025-07-14 10:12:21,22933,22933.5,22932.5,22933,20,1,0,0.5,0.5,0,,,,
MNQ SEP25,1s,1,3141,2025-07-14 10:12:22,22933,22934.25,22933,22933.75,19,1.25,0.75,0.5,0,1,,,,
MNQ SEP25,1s,1,3142,2025-07-14 10:12:23,22933.75,22934,22933.75,22933.75,7,0.25,0,0.25,0,0,,,,
MNQ SEP25,1s,1,3143,2025-07-14 10:12:24,22934,22934.25,22933,22933.25,22,1.25,0.75,0.25,0.25,-1,,,,
MNQ SEP25,1s,1,3144,2025-07-14 10:12:25,22933.25,22933.75,22933,22933.25,14,0.75,0,0.5,0.25,0,,,,
MNQ SEP25,1s,1,3145,2025-07-14 10:12:26,22933.25,22933.25,22930.25,22930.75,56,3,2.5,0,0.5,-1,,,,
MNQ SEP25,1s,1,3146,2025-07-14 10:12:27,22930.5,22931,22930,22930.5,26,1,0,0.5,0.5,0,,,,
MNQ SEP25,1s,1,3147,2025-07-14 10:12:28,22930.25,22931,22930,22930.25,32,1,0,0.75,0.25,0,,,,
MNQ SEP25,1s,1,3148,2025-07-14 10:12:29,22929.75,22929.75,22928.5,22929,36,1.25,0.75,0,0.5,-1,,,,
MNQ SEP25,1s,1,3149,2025-07-14 10:12:30,22928.75,22928.75,22927.25,22928,62,1.5,0.75,0,0.75,-1,,,,
MNQ SEP25,10s,10,5714,2025-07-14 10:12:30,22933,22934.25,22927.25,22928,294,7,5,1.25,0.75,-1,-46.9,-3.65,11.71666667,-31.31
MNQ SEP25,1s,1,3150,2025-07-14 10:12:31,22928,22928,22925.5,22927.25,152,2.5,0.75,0,1.75,-1,,,,
MNQ SEP25,1s,1,3151,2025-07-14 10:12:32,22926.75,22927.25,22922,22924,314,5.25,2.75,0.5,2,-1,,,,
MNQ SEP25,1s,1,3152,2025-07-14 10:12:33,22923.5,22925,22923.25,22924,79,1.75,0.5,1,0.25,1,,,,
MNQ SEP25,1s,1,3153,2025-07-14 10:12:34,22924,22924.5,22923.25,22924.5,45,1.25,0.5,0,0.75,1,,,,
MNQ SEP25,1s,1,3154,2025-07-14 10:12:35,22925.25,22925.5,22921.75,22923.25,113,3.75,2,0.25,1.5,-1,,,,
MNQ SEP25,1s,1,3155,2025-07-14 10:12:36,22923.25,22924,22922,22922.75,97,2,0.5,0.75,0.75,-1,,,,
MNQ SEP25,1s,1,3156,2025-07-14 10:12:37,22923.25,22925,22923.25,22923.5,42,1.75,0.25,1.5,0,1,,,,
MNQ SEP25,1s,1,3157,2025-07-14 10:12:38,22923.75,22924.5,22923,22924,57,1.5,0.25,0.5,0.75,1,,,,
MNQ SEP25,1s,1,3158,2025-07-14 10:12:39,22923.75,22924.5,22923.5,22923.75,38,1,0,0.75,0.25,0,,,,
MNQ SEP25,1s,1,3159,2025-07-14 10:12:40,22924,22926.25,22922.25,22925.5,123,4,1.5,0.75,1.75,1,,,,
MNQ SEP25,10s,10,5715,2025-07-14 10:12:40,22928,22928,22921.75,22925.5,1060,6.25,2.5,0,3.75,-1,78.8,125.7,50.31666667,8.07
MNQ SEP25,20s,20,5857,2025-07-14 10:12:40,22933,22934.25,22921.75,22925.5,1354,12.5,7.5,1.25,3.75,-1,81.65,-156.85,-16.18333333,26.9
MNQ SEP25,1s,1,3160,2025-07-14 10:12:41,22925.75,22927.25,22925.25,22926,63,2,0.25,1.25,0.5,1,,,,
MNQ SEP25,1s,1,3161,2025-07-14 10:12:42,22926,22926.5,22925.5,22926,21,1,0,0.5,0.5,0,,,,
MNQ SEP25,1s,1,3162,2025-07-14 10:12:43,22926,22926.5,22925.25,22925.25,23,1.25,0.75,0.5,0,-1,,,,
MNQ SEP25,1s,1,3163,2025-07-14 10:12:44,22925.5,22927,22925.25,22925.25,64,1.75,0.25,1.5,0,-1,,,,
MNQ SEP25,1s,1,3164,2025-07-14 10:12:45,22925.25,22925.5,22924.5,22925,30,1,0.25,0.25,0.5,-1,,,,
MNQ SEP25,1s,1,3165,2025-07-14 10:12:46,22924.75,22924.75,22923.25,22923.5,86,1.5,1.25,0,0.25,-1,,,,
MNQ SEP25,1s,1,3166,2025-07-14 10:12:47,22923.5,22924.5,22923,22923,55,1.5,0.5,1,0,-1,,,,
MNQ SEP25,1s,1,3167,2025-07-14 10:12:48,22922.75,22923.5,22922.75,22923,29,0.75,0.25,0.5,0,1,,,,
MNQ SEP25,1s,1,3168,2025-07-14 10:12:49,22923.5,22923.5,22920,22921.5,195,3.5,2,0,1.5,-1,,,,
MNQ SEP25,1s,1,3169,2025-07-14 10:12:50,22921.5,22923.25,22921.5,22922.75,61,1.75,1.25,0.5,0,1,,,,
MNQ SEP25,10s,10,5716,2025-07-14 10:12:50,22925.75,22927.25,22920,22922.75,627,7.25,3,1.5,2.75,-1,132.7,53.9,58.65,42.95
MNQ SEP25,1s,1,3170,2025-07-14 10:12:51,22922.25,22923.75,22922,22923.5,40,1.75,1.25,0.25,0.25,1,,,,
MNQ SEP25,1s,1,3171,2025-07-14 10:12:52,22923.5,22923.75,22921.25,22921.25,38,2.5,2.25,0.25,0,-1,,,,
MNQ SEP25,1s,1,3172,2025-07-14 10:12:53,22921.25,22921.25,22916,22920.5,408,5.25,0.75,0,4.5,-1,,,,
MNQ SEP25,1s,1,3173,2025-07-14 10:12:54,22920.5,22920.5,22918.75,22919.25,57,1.75,1.25,0,0.5,-1,,,,
MNQ SEP25,1s,1,3174,2025-07-14 10:12:55,22918.75,22920,22918.75,22919.5,59,1.25,0.75,0.5,0,1,,,,
MNQ SEP25,1s,1,3175,2025-07-14 10:12:56,22919.25,22920,22919.25,22919.5,50,0.75,0.25,0.5,0,1,,,,
MNQ SEP25,1s,1,3176,2025-07-14 10:12:57,22919.75,22920.25,22919,22919.5,57,1.25,0.25,0.5,0.5,-1,,,,
MNQ SEP25,1s,1,3177,2025-07-14 10:12:58,22919,22919.25,22918.25,22919,56,1,0,0.25,0.75,0,,,,
MNQ SEP25,1s,1,3178,2025-07-14 10:12:59,22919,22919,22917.25,22918,46,1.75,1,0,0.75,-1,,,,
MNQ SEP25,1s,1,3179,2025-07-14 10:13:00,22918.25,22919,22916.75,22917.5,72,2.25,0.75,0.75,0.75,-1,,,,
MNQ SEP25,10s,10,5717,2025-07-14 10:13:00,22922.25,22923.75,22916,22917.5,883,7.75,4.75,1.5,1.5,-1,214,81.3,86.96666667,57.23
MNQ SEP25,20s,20,5858,2025-07-14 10:13:00,22925.75,22927.25,22916,22917.5,1510,11.25,8.25,1.5,1.5,-1,118.35,36.7,-19.06666667,4.4
MNQ SEP25,1s,1,3180,2025-07-14 10:13:01,22917.25,22917.25,22915.25,22916,157,2,1.25,0,0.75,-1,,,,
MNQ SEP25,1s,1,3181,2025-07-14 10:13:02,22915.75,22916.25,22912,22912.5,356,4.25,3.25,0.5,0.5,-1,,,,
MNQ SEP25,1s,1,3182,2025-07-14 10:13:03,22912.25,22914,22910,22912.5,407,4,0.25,1.5,2.25,1,,,,
MNQ SEP25,1s,1,3183,2025-07-14 10:13:04,22913.25,22916.25,22912.25,22916,230,4,2.75,0.25,1,1,,,,
MNQ SEP25,1s,1,3184,2025-07-14 10:13:05,22916.25,22918.5,22915.5,22918,215,3,1.75,0.5,0.75,1,,,,
MNQ SEP25,1s,1,3185,2025-07-14 10:13:06,22917.5,22919,22917.25,22919,74,1.75,1.5,0,0.25,1,,,,
MNQ SEP25,1s,1,3186,2025-07-14 10:13:07,22918.75,22919.75,22918.25,22919.5,58,1.5,0.75,0.25,0.5,1,,,,
MNQ SEP25,1s,1,3187,2025-07-14 10:13:08,22919.5,22920.5,22919,22919.5,85,1.5,0,1,0.5,0,,,,
MNQ SEP25,1s,1,3188,2025-07-14 10:13:09,22919.5,22919.75,22918.25,22919,33,1.5,0.5,0.25,0.75,-1,,,,
MNQ SEP25,1s,1,3189,2025-07-14 10:13:10,22919.25,22921,22918,22921,84,3,1.75,0,1.25,1,,,,
MNQ SEP25,10s,10,5718,2025-07-14 10:13:10,22917.25,22921,22910,22921,1699,11,3.75,0,7.25,1,402.95,188.95,108.05,89.24
MNQ SEP25,1s,1,3190,2025-07-14 10:13:11,22921,22923.75,22920.75,22922.5,138,3,1.5,1.25,0.25,1,,,,
MNQ SEP25,1s,1,3191,2025-07-14 10:13:12,22921.5,22923.75,22921.25,22923.75,47,2.5,2.25,0,0.25,1,,,,
MNQ SEP25,1s,1,3192,2025-07-14 10:13:13,22923.5,22926,22923.5,22925.25,94,2.5,1.75,0.75,0,1,,,,
MNQ SEP25,1s,1,3193,2025-07-14 10:13:14,22925,22925.25,22923.5,22924.75,82,1.75,0.25,0.25,1.25,-1,,,,
MNQ SEP25,1s,1,3194,2025-07-14 10:13:15,22924.75,22925.75,22924.25,22925.5,23,1.5,0.75,0.25,0.5,1,,,,
MNQ SEP25,1s,1,3195,2025-07-14 10:13:16,22925.25,22927,22925.25,22926.75,59,1.75,1.5,0.25,0,1,,,,
MNQ SEP25,1s,1,3196,2025-07-14 10:13:17,22926.75,22927.25,22926.25,22926.75,35,1,0,0.5,0.5,0,,,,
MNQ SEP25,1s,1,3197,2025-07-14 10:13:18,22927,22927,22924.5,22925.25,88,2.5,1.75,0,0.75,-1,,,,
MNQ SEP25,1s,1,3198,2025-07-14 10:13:19,22925.75,22926.25,22925.5,22926,33,0.75,0.25,0.25,0.25,1,,,,
MNQ SEP25,1s,1,3199,2025-07-14 10:13:20,22926,22926.25,22925,22926.25,36,1.25,0.25,0,1,1,,,,
MNQ SEP25,10s,10,5719,2025-07-14 10:13:20,22921,22927.25,22920.75,22926.25,635,6.5,5.25,1,0.25,1,445.85,42.9,104.38333333,98.55
MNQ SEP25,20s,20,5859,2025-07-14 10:13:20,22917.25,22927.25,22910,22926.25,2334,17.25,9,1,7.25,1,393.8,275.45,51.76666667,52.72
MNQ SEP25,1s,1,3200,2025-07-14 10:13:21,22926.5,22927,22926.25,22926.5,21,0.75,0,0.5,0.25,0,,,,
MNQ SEP25,1s,1,3201,2025-07-14 10:13:22,22927.25,22929.5,22926.75,22929.5,100,2.75,2.25,0,0.5,1,,,,
MNQ SEP25,1s,1,3202,2025-07-14 10:13:23,22929.5,22934.5,22929.5,22933.25,274,5,3.75,1.25,0,1,,,,
MNQ SEP25,1s,1,3203,2025-07-14 10:13:24,22932.75,22933,22931.5,22932.25,84,1.5,0.5,0.25,0.75,-1,,,,
MNQ SEP25,1s,1,3204,2025-07-14 10:13:25,22932,22932.5,22931.25,22932,95,1.25,0,0.5,0.75,0,,,,
MNQ SEP25,1s,1,3205,2025-07-14 10:13:26,22932.25,22933.5,22931.75,22933.25,86,1.75,1,0.25,0.5,1,,,,
MNQ SEP25,1s,1,3206,2025-07-14 10:13:27,22933,22934.5,22932.75,22934.5,74,1.75,1.5,0,0.25,1,,,,
MNQ SEP25,1s,1,3207,2025-07-14 10:13:28,22934.25,22934.75,22933.5,22933.75,46,1.25,0.5,0.5,0.25,-1,,,,
MNQ SEP25,1s,1,3208,2025-07-14 10:13:29,22933.75,22934.5,22933.5,22933.75,53,1,0,0.75,0.25,0,,,,
MNQ SEP25,1s,1,3209,2025-07-14 10:13:30,22933.5,22935,22933.5,22934.75,63,1.5,1.25,0.25,0,1,,,,
MNQ SEP25,10s,10,5720,2025-07-14 10:13:30,22926.5,22935,22926.25,22934.75,896,8.75,8.25,0.25,0.25,1,379.95,-65.9,55.31666667,60.23
MNQ SEP25,1s,1,3210,2025-07-14 10:13:31,22934.75,22936.75,22934.25,22936.25,90,2.5,1.5,0.5,0.5,1,,,,
MNQ SEP25,1s,1,3211,2025-07-14 10:13:32,22936.25,22936.75,22934.5,22936.5,98,2.25,0.25,0.25,1.75,1,,,,
MNQ SEP25,1s,1,3212,2025-07-14 10:13:33,22936.75,22940,22936.75,22939.75,247,3.25,3,0.25,0,1,,,,
MNQ SEP25,1s,1,3213,2025-07-14 10:13:34,22939.75,22940,22938.5,22939,104,1.5,0.75,0.25,0.5,-1,,,,
MNQ SEP25,1s,1,3214,2025-07-14 10:13:35,22939.25,22941.25,22938.25,22940,202,3,0.75,1.25,1,1,,,,
MNQ SEP25,1s,1,3215,2025-07-14 10:13:36,22940,22940,22937.75,22938,116,2.25,2,0,0.25,-1,,,,
MNQ SEP25,1s,1,3216,2025-07-14 10:13:37,22938,22938.5,22937,22937.5,70,1.5,0.5,0.5,0.5,-1,,,,
MNQ SEP25,1s,1,3217,2025-07-14 10:13:38,22937.75,22938,22935.5,22935.75,110,2.5,2,0.25,0.25,-1,,,,
MNQ SEP25,1s,1,3218,2025-07-14 10:13:39,22935.5,22936,22935,22935,43,1,0.5,0.5,0,-1,,,,
MNQ SEP25,1s,1,3219,2025-07-14 10:13:40,22935,22935.5,22934.25,22935,63,1.25,0,0.5,0.75,0,,,,
MNQ SEP25,10s,10,5721,2025-07-14 10:13:40,22934.75,22941.25,22934.25,22935,1143,7,0.25,6.25,0.5,1,434.05,54.1,10.36666667,60.27
MNQ SEP25,20s,20,5860,2025-07-14 10:13:40,22926.5,22941.25,22926.25,22935,2039,15,8.5,6.25,0.25,1,635.75,241.95,184.7,92.04
MNQ SEP25,1s,1,3220,2025-07-14 10:13:41,22935.5,22935.5,22934.75,22935,30,0.75,0.5,0,0.25,-1,,,,
MNQ SEP25,1s,1,3221,2025-07-14 10:13:42,22935.25,22936.5,22935.25,22936.25,34,1.25,1,0.25,0,1,,,,
MNQ SEP25,1s,1,3222,2025-07-14 10:13:43,22936,22936.75,22935.5,22936.75,37,1.25,0.75,0,0.5,1,,,,
MNQ SEP25,1s,1,3223,2025-07-14 10:13:44,22936.5,22938.75,22936.5,22937.75,100,2.25,1.25,1,0,1,,,,
MNQ SEP25,1s,1,3224,2025-07-14 10:13:45,22937.5,22938.75,22937.5,22938.5,30,1.25,1,0.25,0,1,,,,
MNQ SEP25,1s,1,3225,2025-07-14 10:13:46,22938.75,22939.25,22938,22938.5,82,1.25,0.25,0.5,0.5,-1,,,,
MNQ SEP25,1s,1,3226,2025-07-14 10:13:47,22938.75,22939,22938.25,22939,25,0.75,0.25,0,0.5,1,,,,
MNQ SEP25,1s,1,3227,2025-07-14 10:13:48,22938.5,22939.5,22938.25,22938.25,49,1.25,0.25,1,0,-1,,,,
MNQ SEP25,1s,1,3228,2025-07-14 10:13:49,22938.25,22939.5,22937.25,22939.5,75,2.25,1.25,0,1,1,,,,
MNQ SEP25,1s,1,3229,2025-07-14 10:13:50,22939.5,22939.75,22938.5,22939.5,47,1.25,0,0.25,1,0,,,,
MNQ SEP25,10s,10,5722,2025-07-14 10:13:50,22935.5,22939.75,22934.75,22939.5,509,5,4,0.25,0.75,1,343,-91.05,-34.28333333,25.8
MNQ SEP25,1s,1,3230,2025-07-14 10:13:51,22939.75,22940.25,22939.5,22940.25,22,0.75,0.5,0,0.25,1,,,,
MNQ SEP25,1s,1,3231,2025-07-14 10:13:52,22939.5,22941,22939.25,22939.75,58,1.75,0.25,1.25,0.25,1,,,,
MNQ SEP25,1s,1,3232,2025-07-14 10:13:53,22940,22942,22940,22942,103,2,2,0,0,1,,,,
MNQ SEP25,1s,1,3233,2025-07-14 10:13:54,22942,22942.75,22941.25,22942.5,62,1.5,0.5,0.25,0.75,1,,,,
MNQ SEP25,1s,1,3234,2025-07-14 10:13:55,22942.5,22942.75,22941.5,22942.5,75,1.25,0,0.25,1,0,,,,
MNQ SEP25,1s,1,3235,2025-07-14 10:13:56,22942,22943,22941.5,22942.75,95,1.5,0.75,0.25,0.5,1,,,,
MNQ SEP25,1s,1,3236,2025-07-14 10:13:57,22943,22946,22943,22943.75,442,3,0.75,2.25,0,1,,,,
MNQ SEP25,1s,1,3237,2025-07-14 10:13:58,22943.75,22944.5,22943.25,22943.75,90,1.25,0,0.75,0.5,0,,,,
MNQ SEP25,1s,1,3238,2025-07-14 10:13:59,22944,22944.75,22942.5,22943.25,111,2.25,0.75,0.75,0.75,-1,,,,
MNQ SEP25,1s,1,3239,2025-07-14 10:14:00,22942.5,22943,22941,22941.5,82,2,1,0.5,0.5,-1,,,,
MNQ SEP25,10s,10,5723,2025-07-14 10:14:00,22939.75,22946,22939.25,22941.5,1140,6.75,1.75,4.5,0.5,1,182.85,-160.15,-65.7,-44.02
MNQ SEP25,20s,20,5861,2025-07-14 10:14:00,22935.5,22946,22934.75,22941.5,1649,11.25,6,4.5,0.75,1,828.1,192.35,236.58333333,117.92
MNQ SEP25,1s,1,3240,2025-07-14 10:14:01,22941.25,22942.75,22939.25,22940.5,173,3.5,0.75,1.5,1.25,-1,,,,
MNQ SEP25,1s,1,3241,2025-07-14 10:14:02,22940.25,22941.5,22940,22941.5,52,1.5,1.25,0,0.25,1,,,,
MNQ SEP25,1s,1,3242,2025-07-14 10:14:03,22941.5,22941.5,22938,22938.75,77,3.5,2.75,0,0.75,-1,,,,
MNQ SEP25,1s,1,3243,2025-07-14 10:14:04,22938.5,22939.75,22938.25,22938.5,79,1.5,0,1.25,0.25,0,,,,
MNQ SEP25,1s,1,3244,2025-07-14 10:14:05,22938.5,22941.5,22938.5,22941,48,3,2.5,0.5,0,1,,,,
MNQ SEP25,1s,1,3245,2025-07-14 10:14:06,22940.75,22941.5,22940,22940.75,26,1.5,0,0.75,0.75,0,,,,
MNQ SEP25,1s,1,3246,2025-07-14 10:14:07,22940.5,22941.25,22940,22940.75,44,1.25,0.25,0.5,0.5,1,,,,
MNQ SEP25,1s,1,3247,2025-07-14 10:14:08,22940.75,22941.25,22940,22940,43,1.25,0.75,0.5,0,-1,,,,
MNQ SEP25,1s,1,3248,2025-07-14 10:14:09,22940,22940.5,22939,22939,76,1.5,1,0.5,0,-1,,,,
MNQ SEP25,1s,1,3249,2025-07-14 10:14:10,22939,22939.75,22938.75,22939.75,20,1,0.75,0,0.25,1,,,,
MNQ SEP25,10s,10,5724,2025-07-14 10:14:10,22941.25,22942.75,22938,22939.75,638,4.75,1.5,1.5,1.75,-1,219.15,36.3,-71.63333333,-45.34
MNQ SEP25,1s,1,3250,2025-07-14 10:14:11,22939.75,22940,22939.5,22939.5,25,0.5,0.25,0.25,0,-1,,,,
MNQ SEP25,1s,1,3251,2025-07-14 10:14:12,22939.5,22940.5,22939.5,22940.25,33,1,0.75,0.25,0,1,,,,
MNQ SEP25,1s,1,3252,2025-07-14 10:14:13,22940,22940.25,22938,22938,26,2.25,2,0.25,0,-1,,,,
MNQ SEP25,1s,1,3253,2025-07-14 10:14:14,22938,22938.25,22936.75,22938,83,1.5,0,0.25,1.25,0,,,,
MNQ SEP25,1s,1,3254,2025-07-14 10:14:15,22938,22938.5,22937.5,22938,80,1,0,0.5,0.5,0,,,,
MNQ SEP25,1s,1,3255,2025-07-14 10:14:16,22937.75,22937.75,22936.5,22937.75,36,1.25,0,0,1.25,0,,,,
MNQ SEP25,1s,1,3256,2025-07-14 10:14:17,22938,22938.5,22937.5,22938,24,1,0,0.5,0.5,0,,,,
MNQ SEP25,1s,1,3257,2025-07-14 10:14:18,22937.5,22938,22937.25,22937.75,27,0.75,0.25,0.25,0.25,1,,,,
MNQ SEP25,1s,1,3258,2025-07-14 10:14:19,22937.5,22937.5,22935.25,22935.25,70,2.25,2.25,0,0,-1,,,,
MNQ SEP25,1s,1,3259,2025-07-14 10:14:20,22935.25,22936.75,22935,22936.75,99,1.75,1.5,0,0.25,1,,,,
MNQ SEP25,10s,10,5725,2025-07-14 10:14:20,22939.75,22940.5,22935,22936.75,503,5.5,3,0.75,1.75,-1,145.95,-73.2,-65.68333333,-46.8
MNQ SEP25,20s,20,5862,2025-07-14 10:14:20,22941.25,22942.75,22935,22936.75,1141,7.75,4.5,1.5,1.75,-1,763.9,-64.2,123.36666667,136.45
MNQ SEP25,1s,1,3260,2025-07-14 10:14:21,22937.5,22938.25,22936.75,22937.75,59,1.5,0.25,0.5,0.75,1,,,,
MNQ SEP25,1s,1,3261,2025-07-14 10:14:22,22937.75,22938.75,22937.75,22938.5,18,1,0.75,0.25,0,1,,,,
MNQ SEP25,1s,1,3262,2025-07-14 10:14:23,22939,22940,22938.75,22939.75,16,1.25,0.75,0.25,0.25,1,,,,
MNQ SEP25,1s,1,3263,2025-07-14 10:14:24,22939.25,22939.75,22938.25,22938.5,37,1.5,0.75,0.5,0.25,-1,,,,
MNQ SEP25,1s,1,3264,2025-07-14 10:14:25,22938.75,22939.5,22938.75,22939,36,0.75,0.25,0.5,0,1,,,,
MNQ SEP25,1s,1,3265,2025-07-14 10:14:26,22939.25,22940,22938.75,22939.5,24,1.25,0.25,0.5,0.5,1,,,,
MNQ SEP25,1s,1,3266,2025-07-14 10:14:27,22939.75,22940.25,22939.25,22939.25,40,1,0.5,0.5,0,-1,,,,
MNQ SEP25,1s,1,3267,2025-07-14 10:14:28,22939.75,22940.5,22939.25,22939.5,26,1.25,0.25,0.75,0.25,-1,,,,
MNQ SEP25,1s,1,3268,2025-07-14 10:14:29,22939.5,22939.75,22938,22939.75,31,1.75,0.25,0,1.5,1,,,,
MNQ SEP25,1s,1,3269,2025-07-14 10:14:30,22939.75,22940,22939.25,22939.75,10,0.75,0,0.25,0.5,0,,,,
MNQ SEP25,10s,10,5726,2025-07-14 10:14:30,22937.5,22940.5,22936.75,22939.75,297,3.75,2.25,0.75,0.75,1,6.05,-139.9,-58.93333333,-85.6
MNQ SEP25,1s,1,3270,2025-07-14 10:14:31,22939.25,22940.25,22939,22939,24,1.25,0.25,1,0,-1,,,,
MNQ SEP25,1s,1,3271,2025-07-14 10:14:32,22939.5,22940.5,22939.5,22940.25,21,1,0.75,0.25,0,1,,,,
MNQ SEP25,1s,1,3272,2025-07-14 10:14:33,22940,22941,22939.75,22941,15,1.25,1,0,0.25,1,,,,
MNQ SEP25,1s,1,3273,2025-07-14 10:14:34,22941,22942.75,22941,22942.75,48,1.75,1.75,0,0,1,,,,
MNQ SEP25,1s,1,3274,2025-07-14 10:14:35,22943,22946.5,22943,22945,172,3.5,2,1.5,0,1,,,,
MNQ SEP25,1s,1,3275,2025-07-14 10:14:36,22944.75,22945.75,22944.5,22944.5,79,1.25,0.25,1,0,-1,,,,
MNQ SEP25,1s,1,3276,2025-07-14 10:14:37,22945,22946,22944.5,22945.5,95,1.5,0.5,0.5,0.5,1,,,,
MNQ SEP25,1s,1,3277,2025-07-14 10:14:38,22945.5,22948,22945,22947,206,3,1.5,1,0.5,1,,,,
MNQ SEP25,1s,1,3278,2025-07-14 10:14:39,22947.25,22947.5,22945.5,22946,147,2,1.25,0.25,0.5,-1,,,,
MNQ SEP25,1s,1,3279,2025-07-14 10:14:40,22946,22946.5,22945,22946,79,1.5,0,0.5,1,0,,,,
MNQ SEP25,10s,10,5727,2025-07-14 10:14:40,22939.25,22948,22939,22946,886,9,6.75,2,0.25,1,51.85,45.8,-55.76666667,-58.23
MNQ SEP25,20s,20,5863,2025-07-14 10:14:40,22937.5,22948,22936.75,22946,1183,11.25,8.5,2,0.75,1,665,-98.9,9.75,109.33
MNQ SEP25,1s,1,3280,2025-07-14 10:14:41,22945.75,22946,22945,22945.5,45,1,0.25,0.25,0.5,-1,,,,
MNQ SEP25,1s,1,3281,2025-07-14 10:14:42,22946,22946,22944.25,22945,40,1.75,1,0,0.75,-1,,,,
MNQ SEP25,1s,1,3282,2025-07-14 10:14:43,22945,22945,22942.75,22943.5,69,2.25,1.5,0,0.75,-1,,,,
MNQ SEP25,1s,1,3283,2025-07-14 10:14:44,22944,22944,22942.5,22942.5,15,1.5,1.5,0,0,-1,,,,
MNQ SEP25,1s,1,3284,2025-07-14 10:14:45,22942.75,22943,22942.75,22942.75,8,0.25,0,0.25,0,0,,,,
MNQ SEP25,1s,1,3285,2025-07-14 10:14:46,22943.5,22944.75,22943.25,22944.5,22,1.5,1,0.25,0.25,1,,,,
MNQ SEP25,1s,1,3286,2025-07-14 10:14:47,22945,22945,22944.25,22944.25,9,0.75,0.75,0,0,-1,,,,
MNQ SEP25,1s,1,3287,2025-07-14 10:14:48,22944.75,22945.25,22944.75,22945,27,0.5,0.25,0.25,0,1,,,,
MNQ SEP25,1s,1,3288,2025-07-14 10:14:49,22945,22945.25,22944.5,22945,23,0.75,0,0.25,0.5,0,,,,
MNQ SEP25,1s,1,3289,2025-07-14 10:14:50,22945,22945.25,22944.5,22944.75,39,0.75,0.25,0.25,0.25,-1,,,,
MNQ SEP25,10s,10,5728,2025-07-14 10:14:50,22945.75,22946,22942.5,22944.75,297,3.5,1,0.25,2.25,-1,-122.7,-174.55,-89.55,-61.11
MNQ SEP25,1s,1,3290,2025-07-14 10:14:51,22944.25,22945.25,22944,22944.75,54,1.25,0.5,0.5,0.25,1,,,,
MNQ SEP25,1s,1,3291,2025-07-14 10:14:52,22944,22945.5,22944,22945.5,29,1.5,1.5,0,0,1,,,,
MNQ SEP25,1s,1,3292,2025-07-14 10:14:53,22945.5,22946.25,22945,22946.25,54,1.25,0.75,0,0.5,1,,,,
MNQ SEP25,1s,1,3293,2025-07-14 10:14:54,22946.25,22946.25,22944,22944.5,40,2.25,1.75,0,0.5,-1,,,,
MNQ SEP25,1s,1,3294,2025-07-14 10:14:55,22945,22945,22943.25,22943.25,81,1.75,1.75,0,0,-1,,,,
MNQ SEP25,1s,1,3295,2025-07-14 10:14:56,22943,22943.5,22942.75,22943.25,27,0.75,0.25,0.25,0.25,1,,,,
MNQ SEP25,1s,1,3296,2025-07-14 10:14:57,22942.5,22943.75,22942.5,22943.25,32,1.25,0.75,0.5,0,1,,,,
MNQ SEP25,1s,1,3297,2025-07-14 10:14:58,22943.5,22944,22943.25,22944,21,0.75,0.5,0,0.25,1,,,,
MNQ SEP25,1s,1,3298,2025-07-14 10:14:59,22944.5,22945,22944,22944.25,14,1,0.25,0.5,0.25,-1,,,,
MNQ SEP25,1s,1,3299,2025-07-14 10:15:00,22944.75,22945.25,22944,22945,34,1.25,0.25,0.25,0.75,1,,,,
MNQ SEP25,10s,10,5729,2025-07-14 10:15:00,22944.25,22946.25,22942.5,22945,386,3.75,0.75,1.25,1.75,1,-177.75,-55.05,-61.26666667,-79.38
MNQ SEP25,20s,20,5864,2025-07-14 10:15:00,22945.75,22946.25,22942.5,22945,683,3.75,0.75,0.5,2.5,-1,345.3,-319.7,-160.93333333,-9.7
MNQ SEP25,1s,1,3300,2025-07-14 10:15:01,22945.5,22946.75,22945.5,22946.75,107,1.25,1.25,0,0,1,,,,
MNQ SEP25,1s,1,3301,2025-07-14 10:15:02,22946.5,22948,22946.25,22947.75,173,1.75,1.25,0.25,0.25,1,,,,
MNQ SEP25,1s,1,3302,2025-07-14 10:15:03,22947.75,22948.5,22946,22946.25,118,2.5,1.5,0.75,0.25,-1,,,,
MNQ SEP25,1s,1,3303,2025-07-14 10:15:04,22946,22947.5,22945.75,22946.75,109,1.75,0.75,0.75,0.25,1,,,,
MNQ SEP25,1s,1,3304,2025-07-14 10:15:05,22947.5,22949.75,22947,22949.25,212,2.75,1.75,0.5,0.5,1,,,,
MNQ SEP25,1s,1,3305,2025-07-14 10:15:06,22948.75,22949.25,22948,22948.5,64,1.25,0.25,0.5,0.5,-1,,,,
MNQ SEP25,1s,1,3306,2025-07-14 10:15:07,22948.75,22950,22947.75,22949.75,193,2.25,1,0.25,1,1,,,,
MNQ SEP25,1s,1,3307,2025-07-14 10:15:08,22950,22950.75,22948.5,22948.5,146,2.25,1.5,0.75,0,-1,,,,
MNQ SEP25,1s,1,3308,2025-07-14 10:15:09,22948.75,22949,22947,22948.5,123,2,0.25,0.25,1.5,-1,,,,
MNQ SEP25,1s,1,3309,2025-07-14 10:15:10,22948.5,22949,22947.5,22948.25,92,1.5,0.25,0.5,0.75,-1,,,,
MNQ SEP25,10s,10,5730,2025-07-14 10:15:10,22945.5,22950.75,22945.5,22948.25,1337,5.25,2.75,2.5,0,1,-66.65,111.1,-39.5,-42.52
MNQ SEP25,1s,1,3310,2025-07-14 10:15:11,22947.75,22948.75,22947.5,22947.5,60,1.25,0.25,1,0,-1,,,,
MNQ SEP25,1s,1,3311,2025-07-14 10:15:12,22947.25,22947.5,22945.75,22947.25,90,1.75,0,0.25,1.5,0,,,,
MNQ SEP25,1s,1,3312,2025-07-14 10:15:13,22947,22948,22945.75,22947.75,58,2.25,0.75,0.25,1.25,1,,,,
MNQ SEP25,1s,1,3313,2025-07-14 10:15:14,22948.25,22949,22946.25,22946.75,48,2.75,1.5,0.75,0.5,-1,,,,
MNQ SEP25,1s,1,3314,2025-07-14 10:15:15,22946.25,22948,22946,22946.75,31,2,0.5,1.25,0.25,1,,,,
MNQ SEP25,1s,1,3315,2025-07-14 10:15:16,22947,22949.25,22946.75,22949.25,51,2.5,2.25,0,0.25,1,,,,
MNQ SEP25,1s,1,3316,2025-07-14 10:15:17,22948.75,22949.25,22948.25,22949,34,1,0.25,0.25,0.5,1,,,,
MNQ SEP25,1s,1,3317,2025-07-14 10:15:18,22949,22950,22948.5,22949.5,76,1.5,0.5,0.5,0.5,1,,,,
MNQ SEP25,1s,1,3318,2025-07-14 10:15:19,22949.5,22950.25,22949,22949.75,43,1.25,0.25,0.5,0.5,1,,,,
MNQ SEP25,1s,1,3319,2025-07-14 10:15:20,22950,22950.5,22949,22949.75,46,1.5,0.25,0.5,0.75,-1,,,,
MNQ SEP25,10s,10,5731,2025-07-14 10:15:20,22947.75,22950.5,22945.75,22949.75,537,4.75,2,0.75,2,1,-33.8,32.85,29.63333333,-7.97
MNQ SEP25,20s,20,5865,2025-07-14 10:15:20,22945.5,22950.75,22945.5,22949.75,1874,5.25,4.25,1,0,1,257.15,-88.15,-168.91666667,-75.72
MNQ SEP25,1s,1,3320,2025-07-14 10:15:21,22949.5,22951.25,22949,22950.5,82,2.25,1,0.75,0.5,1,,,,
MNQ SEP25,1s,1,3321,2025-07-14 10:15:22,22950.5,22950.5,22947.25,22947.25,84,3.25,3.25,0,0,-1,,,,
MNQ SEP25,1s,1,3322,2025-07-14 10:15:23,22947.75,22948.75,22946.75,22948,87,2,0.25,0.75,1,1,,,,
MNQ SEP25,1s,1,3323,2025-07-14 10:15:24,22947.75,22948,22947.25,22947.25,31,0.75,0.5,0.25,0,-1,,,,
MNQ SEP25,1s,1,3324,2025-07-14 10:15:25,22947.25,22947.25,22943.75,22944.75,198,3.5,2.5,0,1,-1,,,,
MNQ SEP25,1s,1,3325,2025-07-14 10:15:26,22944.25,22945.5,22943.75,22943.75,81,1.75,0.5,1.25,0,-1,,,,
MNQ SEP25,1s,1,3326,2025-07-14 10:15:27,22944.25,22945.25,22943.25,22944,95,2,0.25,1,0.75,-1,,,,
MNQ SEP25,1s,1,3327,2025-07-14 10:15:28,22943.75,22944.5,22943.5,22943.5,40,1,0.25,0.75,0,-1,,,,
MNQ SEP25,1s,1,3328,2025-07-14 10:15:29,22943.5,22945.75,22943,22945.5,86,2.75,2,0.25,0.5,1,,,,
MNQ SEP25,1s,1,3329,2025-07-14 10:15:30,22946,22946.5,22945,22946,48,1.5,0,0.5,1,0,,,,
MNQ SEP25,10s,10,5732,2025-07-14 10:15:30,22949.5,22951.25,22943,22946,832,8.25,3.5,1.75,3,-1,-71.35,-37.55,35.46666667,-24.64
MNQ SEP25,1s,1,3330,2025-07-14 10:15:31,22946,22946.5,22945.5,22946.25,42,1,0.25,0.25,0.5,1,,,,
MNQ SEP25,1s,1,3331,2025-07-14 10:15:32,22945.75,22946,22944.75,22944.75,52,1.25,1,0.25,0,-1,,,,
MNQ SEP25,1s,1,3332,2025-07-14 10:15:33,22945.25,22947,22945.25,22946.75,37,1.75,1.5,0.25,0,1,,,,
MNQ SEP25,1s,1,3333,2025-07-14 10:15:34,22946.75,22947.25,22945.75,22946.25,38,1.5,0.5,0.5,0.5,-1,,,,
MNQ SEP25,1s,1,3334,2025-07-14 10:15:35,22945.5,22946.5,22944.75,22945.75,43,1.75,0.25,0.75,0.75,1,,,,
MNQ SEP25,1s,1,3335,2025-07-14 10:15:36,22945.5,22947.5,22945.5,22947.5,29,2,2,0,0,1,,,,
MNQ SEP25,1s,1,3336,2025-07-14 10:15:37,22947.25,22947.75,22947.25,22947.75,16,0.5,0.5,0,0,1,,,,
MNQ SEP25,1s,1,3337,2025-07-14 10:15:38,22947.5,22948.25,22947,22947.75,34,1.25,0.25,0.5,0.5,1,,,,
MNQ SEP25,1s,1,3338,2025-07-14 10:15:39,22947.5,22949.5,22947.5,22949.5,28,2,2,0,0,1,,,,
MNQ SEP25,1s,1,3339,2025-07-14 10:15:40,22949.25,22949.5,22948.25,22948.5,38,1.25,0.75,0.25,0.25,-1,,,,
MNQ SEP25,10s,10,5733,2025-07-14 10:15:40,22946,22949.5,22944.75,22948.5,357,4.75,2.5,1,1.25,1,-58,13.35,2.88333333,12.94
MNQ SEP25,20s,20,5866,2025-07-14 10:15:40,22949.5,22951.25,22943,22948.5,1189,8.25,1,1.75,5.5,-1,136.75,-120.4,-176.08333333,-138.27
MNQ SEP25,1s,1,3340,2025-07-14 10:15:41,22948,22948.5,22947.25,22948.25,63,1.25,0.25,0.25,0.75,1,,,,
MNQ SEP25,1s,1,3341,2025-07-14 10:15:42,22948,22948.5,22947.75,22948.25,17,0.75,0.25,0.25,0.25,1,,,,
MNQ SEP25,1s,1,3342,2025-07-14 10:15:43,22948,22948.75,22948,22948,15,0.75,0,0.75,0,0,,,,
MNQ SEP25,1s,1,3343,2025-07-14 10:15:44,22948,22948.5,22947.75,22947.75,28,0.75,0.25,0.5,0,-1,,,,
MNQ SEP25,1s,1,3344,2025-07-14 10:15:45,22947.5,22948,22947.5,22947.75,12,0.5,0.25,0.25,0,1,,,,
MNQ SEP25,1s,1,3345,2025-07-14 10:15:46,22947.25,22948,22947,22948,32,1,0.75,0,0.25,1,,,,
MNQ SEP25,1s,1,3346,2025-07-14 10:15:47,22946.75,22947.25,22944.75,22945,39,2.5,1.75,0.5,0.25,-1,,,,
MNQ SEP25,1s,1,3347,2025-07-14 10:15:48,22945.5,22946.5,22945.5,22946.5,27,1,1,0,0,1,,,,
MNQ SEP25,1s,1,3348,2025-07-14 10:15:49,22947.25,22947.5,22946.75,22947.25,13,0.75,0,0.25,0.5,0,,,,
MNQ SEP25,1s,1,3349,2025-07-14 10:15:50,22948,22948.25,22947.5,22948,15,0.75,0,0.25,0.5,0,,,,
MNQ SEP25,10s,10,5734,2025-07-14 10:15:50,22948,22948.75,22944.75,22948,261,4,0,0.75,3.25,0,-81.35,-23.35,-15.85,19.28
MNQ SEP25,1s,1,3350,2025-07-14 10:15:51,22947.75,22948.25,22946.5,22947,71,1.75,0.75,0.5,0.5,-1,,,,
MNQ SEP25,1s,1,3351,2025-07-14 10:15:52,22947.75,22948,22946.75,22947.25,12,1.25,0.5,0.25,0.5,-1,,,,
MNQ SEP25,1s,1,3352,2025-07-14 10:15:53,22946.75,22947.5,22946,22947.5,41,1.5,0.75,0,0.75,1,,,,
MNQ SEP25,1s,1,3353,2025-07-14 10:15:54,22947.5,22947.5,22946.25,22946.5,18,1.25,1,0,0.25,-1,,,,
MNQ SEP25,1s,1,3354,2025-07-14 10:15:55,22947.25,22947.25,22946,22947,18,1.25,0.25,0,1,-1,,,,
MNQ SEP25,1s,1,3355,2025-07-14 10:15:56,22947.5,22947.5,22947,22947.5,18,0.5,0,0,0.5,0,,,,
MNQ SEP25,1s,1,3356,2025-07-14 10:15:57,22947.75,22947.75,22946.75,22947,18,1,0.75,0,0.25,-1,,,,
MNQ SEP25,1s,1,3357,2025-07-14 10:15:58,22947.25,22948,22947,22947,20,1,0.25,0.75,0,-1,,,,
MNQ SEP25,1s,1,3358,2025-07-14 10:15:59,22947.25,22947.25,22946.75,22946.75,8,0.5,0.5,0,0,-1,,,,
MNQ SEP25,1s,1,3359,2025-07-14 10:16:00,22946.5,22948.75,22946.25,22948,145,2.5,1.5,0.75,0.25,1,,,,
MNQ SEP25,10s,10,5735,2025-07-14 10:16:00,22947.75,22948.75,22946,22948,369,2.75,0.25,0.75,1.75,1,-240.4,-159.05,-56.35,-34.75
MNQ SEP25,20s,20,5867,2025-07-14 10:16:00,22948,22948.75,22944.75,22948,630,4,0,0.75,3.25,0,25.2,-111.55,-106.7,-147.74
MNQ SEP25,1s,1,3360,2025-07-14 10:16:01,22948.25,22948.5,22947.5,22947.75,27,1,0.5,0.25,0.25,-1,,,,
MNQ SEP25,1s,1,3361,2025-07-14 10:16:02,22948.25,22949.25,22947.75,22948.75,23,1.5,0.5,0.5,0.5,1,,,,
MNQ SEP25,1s,1,3362,2025-07-14 10:16:03,22949.25,22949.75,22948.75,22949.75,40,1,0.5,0,0.5,1,,,,
MNQ SEP25,1s,1,3363,2025-07-14 10:16:04,22949.25,22950,22949,22949.5,45,1,0.25,0.5,0.25,1,,,,
MNQ SEP25,1s,1,3364,2025-07-14 10:16:05,22949.5,22950.25,22949.5,22949.75,44,0.75,0.25,0.5,0,1,,,,
MNQ SEP25,1s,1,3365,2025-07-14 10:16:06,22949.75,22950,22948,22948.75,36,2,1,0.25,0.75,-1,,,,
MNQ SEP25,1s,1,3366,2025-07-14 10:16:07,22948.75,22950,22948.25,22949.75,59,1.75,1,0.25,0.5,1,,,,
MNQ SEP25,1s,1,3367,2025-07-14 10:16:08,22949.25,22950,22948.75,22950,14,1.25,0.75,0,0.5,1,,,,
MNQ SEP25,1s,1,3368,2025-07-14 10:16:09,22949.75,22950.25,22949,22949.5,52,1.25,0.25,0.5,0.5,-1,,,,
MNQ SEP25,1s,1,3369,2025-07-14 10:16:10,22949.75,22949.75,22948.25,22949.25,37,1.5,0.5,0,1,-1,,,,
MNQ SEP25,10s,10,5736,2025-07-14 10:16:10,22948.25,22950.25,22947.5,22949.25,377,2.75,1,1,0.75,1,-259.9,-19.5,-67.3,-45.22
MNQ SEP25,1s,1,3370,2025-07-14 10:16:11,22949.25,22949.75,22948.75,22949,34,1,0.25,0.5,0.25,-1,,,,
MNQ SEP25,1s,1,3371,2025-07-14 10:16:12,22949.25,22949.5,22947,22947,46,2.5,2.25,0.25,0,-1,,,,
MNQ SEP25,1s,1,3372,2025-07-14 10:16:13,22946.75,22948.25,22946.5,22948,83,1.75,1.25,0.25,0.25,1,,,,
MNQ SEP25,1s,1,3373,2025-07-14 10:16:14,22948,22949,22948,22949,13,1,1,0,0,1,,,,
MNQ SEP25,1s,1,3374,2025-07-14 10:16:15,22948.5,22948.75,22948.25,22948.25,3,0.5,0.25,0.25,0,-1,,,,
MNQ SEP25,1s,1,3375,2025-07-14 10:16:16,22948.75,22951,22948.75,22951,57,2.25,2.25,0,0,1,,,,
MNQ SEP25,1s,1,3376,2025-07-14 10:16:17,22950.75,22951.75,22950.25,22950.75,127,1.5,0,1,0.5,0,,,,
MNQ SEP25,1s,1,3377,2025-07-14 10:16:18,22950.5,22951.75,22950,22951.25,33,1.75,0.75,0.5,0.5,1,,,,
MNQ SEP25,1s,1,3378,2025-07-14 10:16:19,22951.25,22951.25,22949.5,22950.25,37,1.75,1,0,0.75,-1,,,,
MNQ SEP25,1s,1,3379,2025-07-14 10:16:20,22949.75,22949.75,22947.25,22948.25,43,2.5,1.5,0,1,-1,,,,
MNQ SEP25,10s,10,5737,2025-07-14 10:16:20,22949.25,22951.75,22946.5,22948.25,476,5.25,1,2.5,1.75,-1,-310.75,-50.85,-76.46666667,-47.88
MNQ SEP25,20s,20,5868,2025-07-14 10:16:20,22948.25,22951.75,22946.5,22948.25,853,5.25,0,3.5,1.75,0,-68.55,-93.75,-108.56666667,-146.71
MNQ SEP25,1s,1,3380,2025-07-14 10:16:21,22948.25,22948.25,22947,22948.25,31,1.25,0,0,1.25,0,,,,
MNQ SEP25,1s,1,3381,2025-07-14 10:16:22,22947.75,22948,22947,22947.25,27,1,0.5,0.25,0.25,-1,,,,
MNQ SEP25,1s,1,3382,2025-07-14 10:16:23,22947.75,22948.25,22947.25,22947.25,75,1,0.5,0.5,0,-1,,,,
MNQ SEP25,1s,1,3383,2025-07-14 10:16:24,22948.5,22948.5,22947.25,22947.25,15,1.25,1.25,0,0,-1,,,,
MNQ SEP25,1s,1,3384,2025-07-14 10:16:25,22947.25,22947.25,22945.5,22946,45,1.75,1.25,0,0.5,-1,,,,
MNQ SEP25,1s,1,3385,2025-07-14 10:16:26,22945.75,22947.25,22945.75,22946.25,34,1.5,0.5,1,0,1,,,,
MNQ SEP25,1s,1,3386,2025-07-14 10:16:27,22946.75,22947.5,22946.75,22947.25,12,0.75,0.5,0.25,0,1,,,,
MNQ SEP25,1s,1,3387,2025-07-14 10:16:28,22947.25,22947.75,22947.25,22947.75,16,0.5,0.5,0,0,1,,,,
MNQ SEP25,1s,1,3388,2025-07-14 10:16:29,22947.25,22949,22947.25,22948.75,30,1.75,1.5,0.25,0,1,,,,
MNQ SEP25,1s,1,3389,2025-07-14 10:16:30,22949,22949.25,22948.75,22948.75,25,0.5,0.25,0.25,0,-1,,,,
MNQ SEP25,10s,10,5738,2025-07-14 10:16:30,22948.25,22949.25,22945.5,22948.75,310,3.75,0.5,0.5,2.75,1,-250.7,60.05,-3.43333333,-38.54
MNQ SEP25,1s,1,3390,2025-07-14 10:16:31,22948.25,22948.75,22948,22948,14,0.75,0.25,0.5,0,-1,,,,
MNQ SEP25,1s,1,3391,2025-07-14 10:16:32,22948.5,22949.75,22948.5,22949.75,20,1.25,1.25,0,0,1,,,,
MNQ SEP25,1s,1,3392,2025-07-14 10:16:33,22949.5,22950.5,22949.5,22950.5,18,1,1,0,0,1,,,,
MNQ SEP25,1s,1,3393,2025-07-14 10:16:34,22950.5,22951.25,22950,22951,71,1.25,0.5,0.25,0.5,1,,,,
MNQ SEP25,1s,1,3394,2025-07-14 10:16:35,22950.5,22951.25,22950.25,22951.25,31,1,0.75,0,0.25,1,,,,
MNQ SEP25,1s,1,3395,2025-07-14 10:16:36,22951.25,22951.25,22950.5,22950.5,37,0.75,0.75,0,0,-1,,,,
MNQ SEP25,1s,1,3396,2025-07-14 10:16:37,22950.5,22951.5,22950.25,22950.75,35,1.25,0.25,0.75,0.25,1,,,,
MNQ SEP25,1s,1,3397,2025-07-14 10:16:38,22950.75,22951,22950.25,22950.25,35,0.75,0.5,0.25,0,-1,,,,
MNQ SEP25,1s,1,3398,2025-07-14 10:16:39,22949.75,22950,22947.75,22947.75,70,2.25,2,0.25,0,-1,,,,
MNQ SEP25,1s,1,3399,2025-07-14 10:16:40,22948,22948,22947,22947.5,16,1,0.5,0,0.5,-1,,,,
MNQ SEP25,10s,10,5739,2025-07-14 10:16:40,22948.25,22951.5,22947,22947.5,347,4.5,0.75,3.25,0.5,-1,-219.1,31.6,13.6,-27.55
MNQ SEP25,20s,20,5869,2025-07-14 10:16:40,22948.25,22951.5,22945.5,22947.5,657,6,0.75,3.25,2,-1,-89.25,-20.7,-75.33333333,-86.91
MNQ SEP25,1s,1,3400,2025-07-14 10:16:41,22948,22948.75,22947.5,22948.75,23,1.25,0.75,0,0.5,1,,,,
MNQ SEP25,1s,1,3401,2025-07-14 10:16:42,22948,22950,22948,22949.5,57,2,1.5,0.5,0,1,,,,
MNQ SEP25,1s,1,3402,2025-07-14 10:16:43,22950,22950.25,22949.25,22949.75,23,1,0.25,0.25,0.5,-1,,,,
MNQ SEP25,1s,1,3403,2025-07-14 10:16:44,22950.25,22952.5,22950.25,22952.5,122,2.25,2.25,0,0,1,,,,
MNQ SEP25,1s,1,3404,2025-07-14 10:16:45,22952.25,22952.5,22951.5,22951.5,41,1,0.75,0.25,0,-1,,,,
MNQ SEP25,1s,1,3405,2025-07-14 10:16:46,22951.25,22951.75,22950.25,22950.75,32,1.5,0.5,0.5,0.5,-1,,,,
MNQ SEP25,1s,1,3406,2025-07-14 10:16:47,22950.25,22950.5,22949.75,22950,22,0.75,0.25,0.25,0.25,-1,,,,
MNQ SEP25,1s,1,3407,2025-07-14 10:16:48,22950.5,22951,22950.25,22950.25,14,0.75,0.25,0.5,0,-1,,,,
MNQ SEP25,1s,1,3408,2025-07-14 10:16:49,22950.25,22951.25,22950.25,22951.25,15,1,1,0,0,1,,,,
MNQ SEP25,1s,1,3409,2025-07-14 10:16:50,22951.5,22951.75,22951,22951,23,0.75,0.5,0.25,0,-1,,,,
MNQ SEP25,10s,10,5740,2025-07-14 10:16:50,22948,22952.5,22947.5,22951,372,5,3,1.5,0.5,1,-192.3,26.8,39.48333333,9.62
MNQ SEP25,1s,1,3410,2025-07-14 10:16:51,22950.75,22951.75,22950.75,22951.25,15,1,0.5,0.5,0,1,,,,
MNQ SEP25,1s,1,3411,2025-07-14 10:16:52,22951.5,22952.25,22951,22952.25,35,1.25,0.75,0,0.5,1,,,,
MNQ SEP25,1s,1,3412,2025-07-14 10:16:53,22952,22953,22951.25,22953,76,1.75,1,0,0.75,1,,,,
MNQ SEP25,1s,1,3413,2025-07-14 10:16:54,22953.25,22954.25,22953,22954.25,111,1.25,1,0,0.25,1,,,,
MNQ SEP25,1s,1,3414,2025-07-14 10:16:55,22954,22955,22954,22954.75,188,1,0.75,0.25,0,1,,,,
MNQ SEP25,1s,1,3415,2025-07-14 10:16:56,22954.5,22955,22954.25,22954.75,54,0.75,0.25,0.25,0.25,1,,,,
MNQ SEP25,1s,1,3416,2025-07-14 10:16:57,22954.5,22955.5,22954.5,22955,97,1,0.5,0.5,0,1,,,,
MNQ SEP25,1s,1,3417,2025-07-14 10:16:58,22954.75,22956.75,22953.75,22954,246,3,0.75,2,0.25,-1,,,,
MNQ SEP25,1s,1,3418,2025-07-14 10:16:59,22953.75,22954.25,22953,22954.25,57,1.25,0.5,0,0.75,1,,,,
MNQ SEP25,1s,1,3419,2025-07-14 10:17:00,22953.75,22954.25,22953,22953,28,1.25,0.75,0.5,0,-1,,,,
MNQ SEP25,10s,10,5741,2025-07-14 10:17:00,22950.75,22956.75,22950.75,22953,907,6,2.25,3.75,0,1,-74.5,117.8,58.73333333,37.08
MNQ SEP25,20s,20,5870,2025-07-14 10:17:00,22948,22956.75,22947.5,22953,1279,9.25,5,3.75,0.5,1,-252.45,-163.2,-92.55,-101.92
MNQ SEP25,1s,1,3420,2025-07-14 10:17:01,22953.5,22954.25,22953,22954.25,58,1.25,0.75,0,0.5,1,,,,
MNQ SEP25,1s,1,3421,2025-07-14 10:17:02,22954.25,22955.5,22954.25,22954.75,82,1.25,0.5,0.75,0,1,,,,
MNQ SEP25,1s,1,3422,2025-07-14 10:17:03,22955,22955.5,22954.25,22955.25,43,1.25,0.25,0.25,0.75,1,,,,
MNQ SEP25,1s,1,3423,2025-07-14 10:17:04,22955.25,22955.5,22954,22954.5,73,1.5,0.75,0.25,0.5,-1,,,,
MNQ SEP25,1s,1,3424,2025-07-14 10:17:05,22954.5,22955,22953.75,22953.75,48,1.25,0.75,0.5,0,-1,,,,
MNQ SEP25,1s,1,3425,2025-07-14 10:17:06,22953.5,22954.25,22953.5,22954.25,26,0.75,0.75,0,0,1,,,,
MNQ SEP25,1s,1,3426,2025-07-14 10:17:07,22954.5,22954.75,22954,22954.5,18,0.75,0,0.25,0.5,0,,,,
MNQ SEP25,1s,1,3427,2025-07-14 10:17:08,22954,22954,22952.25,22953,58,1.75,1,0,0.75,-1,,,,
MNQ SEP25,1s,1,3428,2025-07-14 10:17:09,22953,22953.5,22952.5,22953.25,42,1,0.25,0.25,0.5,1,,,,
MNQ SEP25,1s,1,3429,2025-07-14 10:17:10,22953.5,22954.75,22953.5,22954.5,40,1.25,1,0.25,0,1,,,,
MNQ SEP25,10s,10,5742,2025-07-14 10:17:10,22953.5,22955.5,22952.25,22954.5,488,3.25,1,1,1.25,1,-71.05,3.45,49.35,47.94
MNQ SEP25,1s,1,3430,2025-07-14 10:17:11,22954.75,22955,22954.25,22955,32,0.75,0.25,0,0.5,1,,,,
MNQ SEP25,1s,1,3431,2025-07-14 10:17:12,22954.75,22955.25,22954.25,22954.5,36,1,0.25,0.5,0.25,-1,,,,
MNQ SEP25,1s,1,3432,2025-07-14 10:17:13,22955,22955,22954.5,22954.75,11,0.5,0.25,0,0.25,-1,,,,
MNQ SEP25,1s,1,3433,2025-07-14 10:17:14,22954.5,22955.25,22954.5,22954.5,30,0.75,0,0.75,0,0,,,,
MNQ SEP25,1s,1,3434,2025-07-14 10:17:15,22954.5,22955.25,22954.5,22954.75,9,0.75,0.25,0.5,0,1,,,,
MNQ SEP25,1s,1,3435,2025-07-14 10:17:16,22954.75,22955,22954.5,22955,18,0.5,0.25,0,0.25,1,,,,
MNQ SEP25,1s,1,3436,2025-07-14 10:17:17,22954.75,22955,22954.5,22955,25,0.5,0.25,0,0.25,1,,,,
MNQ SEP25,1s,1,3437,2025-07-14 10:17:18,22955,22956.5,22955,22956,73,1.5,1,0.5,0,1,,,,
MNQ SEP25,1s,1,3438,2025-07-14 10:17:19,22956.25,22956.75,22955.75,22956,40,1,0.25,0.5,0.25,-1,,,,
MNQ SEP25,1s,1,3439,2025-07-14 10:17:20,22956,22956,22954.25,22954.75,49,1.75,1.25,0,0.5,-1,,,,
MNQ SEP25,10s,10,5743,2025-07-14 10:17:20,22954.75,22956.75,22954.25,22954.75,323,2.5,0,2,0.5,0,-27.6,43.45,54.9,44.62
MNQ SEP25,20s,20,5871,2025-07-14 10:17:20,22953.5,22956.75,22952.25,22954.75,811,4.5,1.25,2,1.25,1,-350.75,-98.3,-94.06666667,-97.5
MNQ SEP25,1s,1,3440,2025-07-14 10:17:21,22954.25,22956,22953,22955.75,57,3,1.5,0.25,1.25,1,,,,
MNQ SEP25,1s,1,3441,2025-07-14 10:17:22,22956.25,22957,22956,22957,86,1,0.75,0,0.25,1,,,,
MNQ SEP25,1s,1,3442,2025-07-14 10:17:23,22956.75,22957,22956.25,22956.25,33,0.75,0.5,0.25,0,-1,,,,
MNQ SEP25,1s,1,3443,2025-07-14 10:17:24,22956,22956.75,22955.5,22956.25,32,1.25,0.25,0.5,0.5,1,,,,
MNQ SEP25,1s,1,3444,2025-07-14 10:17:25,22956,22956.25,22955.5,22956,40,0.75,0,0.25,0.5,0,,,,
MNQ SEP25,1s,1,3445,2025-07-14 10:17:26,22955,22955.5,22954.5,22955.5,37,1,0.5,0,0.5,1,,,,
MNQ SEP25,1s,1,3446,2025-07-14 10:17:27,22955.25,22955.75,22954.75,22955.25,24,1,0,0.5,0.5,0,,,,
MNQ SEP25,1s,1,3447,2025-07-14 10:17:28,22955,22955.75,22954.75,22955.5,51,1,0.5,0.25,0.25,1,,,,
MNQ SEP25,1s,1,3448,2025-07-14 10:17:29,22955.5,22955.5,22955.25,22955.25,2,0.25,0.25,0,0,-1,,,,
MNQ SEP25,1s,1,3449,2025-07-14 10:17:30,22955.5,22955.5,22955,22955.5,13,0.5,0,0,0.5,0,,,,
MNQ SEP25,10s,10,5744,2025-07-14 10:17:30,22954.25,22957,22953,22955.5,375,4,1.25,1.5,1.25,1,-8.85,18.75,21.88333333,42.05
MNQ SEP25,1s,1,3450,2025-07-14 10:17:31,22954.75,22956.5,22954.75,22956.25,31,1.75,1.5,0.25,0,1,,,,
MNQ SEP25,1s,1,3451,2025-07-14 10:17:32,22956.75,22957.5,22956.75,22957.5,55,0.75,0.75,0,0,1,,,,
MNQ SEP25,1s,1,3452,2025-07-14 10:17:33,22957,22959,22956.75,22958.5,178,2.25,1.5,0.5,0.25,1,,,,
MNQ SEP25,1s,1,3453,2025-07-14 10:17:34,22958.75,22959.75,22958.5,22959.5,211,1.25,0.75,0.25,0.25,1,,,,
MNQ SEP25,1s,1,3454,2025-07-14 10:17:35,22959.25,22960.5,22959,22960,213,1.5,0.75,0.5,0.25,1,,,,
MNQ SEP25,1s,1,3455,2025-07-14 10:17:36,22959.75,22962,22959.5,22961,196,2.5,1.25,1,0.25,1,,,,
MNQ SEP25,1s,1,3456,2025-07-14 10:17:37,22961.25,22961.75,22961,22961.25,74,0.75,0,0.5,0.25,0,,,,
MNQ SEP25,1s,1,3457,2025-07-14 10:17:38,22961,22963.25,22960.5,22963,125,2.75,2,0.25,0.5,1,,,,
MNQ SEP25,1s,1,3458,2025-07-14 10:17:39,22963.25,22964,22962.25,22962.5,136,1.75,0.75,0.75,0.25,-1,,,,
MNQ SEP25,1s,1,3459,2025-07-14 10:17:40,22962.5,22962.75,22961.5,22962.5,106,1.25,0,0.25,1,0,,,,
MNQ SEP25,10s,10,5745,2025-07-14 10:17:40,22954.75,22964,22954.75,22962.5,1325,9.25,7.75,1.5,0,1,140.65,149.5,70.56666667,66.59
MNQ SEP25,20s,20,5872,2025-07-14 10:17:40,22954.25,22964,22953,22962.5,1700,11,8.25,1.5,1.25,1,-123.6,227.15,-11.45,-29.76
MNQ SEP25,1s,1,3460,2025-07-14 10:17:41,22962.5,22963.75,22962,22963.75,78,1.75,1.25,0,0.5,1,,,,
MNQ SEP25,1s,1,3461,2025-07-14 10:17:42,22963.5,22965.75,22963.5,22964.5,229,2.25,1,1.25,0,1,,,,
MNQ SEP25,1s,1,3462,2025-07-14 10:17:43,22964.75,22965,22963,22963,109,2,1.75,0.25,0,-1,,,,
MNQ SEP25,1s,1,3463,2025-07-14 10:17:44,22963,22963.5,22962.5,22963,91,1,0,0.5,0.5,0,,,,
MNQ SEP25,1s,1,3464,2025-07-14 10:17:45,22963,22963,22962,22962.75,50,1,0.25,0,0.75,-1,,,,
MNQ SEP25,1s,1,3465,2025-07-14 10:17:46,22962.5,22965.75,22962.5,22964.25,127,3.25,1.75,1.5,0,1,,,,
MNQ SEP25,1s,1,3466,2025-07-14 10:17:47,22964.25,22965,22963.5,22964.25,54,1.5,0,0.75,0.75,0,,,,
MNQ SEP25,1s,1,3467,2025-07-14 10:17:48,22964.25,22964.75,22961.75,22962.75,109,3,1.5,0.5,1,-1,,,,
MNQ SEP25,1s,1,3468,2025-07-14 10:17:49,22962.75,22963.25,22962.5,22963,27,0.75,0.25,0.25,0.25,1,,,,
MNQ SEP25,1s,1,3469,2025-07-14 10:17:50,22962.75,22963,22962.25,22962.5,31,0.75,0.25,0.25,0.25,-1,,,,
MNQ SEP25,10s,10,5746,2025-07-14 10:17:50,22962.5,22965.75,22961.75,22962.5,905,4,0,3.25,0.75,0,109.85,-30.8,45.81666667,36.87
MNQ SEP25,1s,1,3470,2025-07-14 10:17:51,22962,22962.5,22961,22961,88,1.5,1,0.5,0,-1,,,,
MNQ SEP25,1s,1,3471,2025-07-14 10:17:52,22961.5,22962,22959,22959.25,167,3,2.25,0.5,0.25,-1,,,,
MNQ SEP25,1s,1,3472,2025-07-14 10:17:53,22959.5,22960,22958.75,22959.5,80,1.25,0,0.5,0.75,0,,,,
MNQ SEP25,1s,1,3473,2025-07-14 10:17:54,22959.25,22960.5,22959.25,22960.5,47,1.25,1.25,0,0,1,,,,
MNQ SEP25,1s,1,3474,2025-07-14 10:17:55,22960.5,22961.75,22960.25,22961.75,54,1.5,1.25,0,0.25,1,,,,
MNQ SEP25,1s,1,3475,2025-07-14 10:17:56,22962,22962.25,22961,22961.75,74,1.25,0.25,0.25,0.75,-1,,,,
MNQ SEP25,1s,1,3476,2025-07-14 10:17:57,22962.25,22962.5,22960.75,22961,39,1.75,1.25,0.25,0.25,-1,,,,
MNQ SEP25,1s,1,3477,2025-07-14 10:17:58,22961,22961.5,22960.75,22961,27,0.75,0,0.5,0.25,0,,,,
MNQ SEP25,1s,1,3478,2025-07-14 10:17:59,22960,22960,22959,22959,74,1,1,0,0,-1,,,,
MNQ SEP25,1s,1,3479,2025-07-14 10:18:00,22959.75,22960.5,22959.5,22960.5,40,1,0.75,0,0.25,1,,,,
MNQ SEP25,10s,10,5747,2025-07-14 10:18:00,22962,22962.5,22958.75,22960.5,690,3.75,1.5,0.5,1.75,-1,160.05,50.2,56.3,46.22
MNQ SEP25,20s,20,5873,2025-07-14 10:18:00,22962.5,22965.75,22958.75,22960.5,1595,7,2,3.25,1.75,-1,3.9,127.5,85.45,14.49
MNQ SEP25,1s,1,3480,2025-07-14 10:18:01,22960.5,22960.5,22959.25,22960.25,79,1.25,0.25,0,1,-1,,,,
MNQ SEP25,1s,1,3481,2025-07-14 10:18:02,22960,22960.5,22958.75,22958.75,41,1.75,1.25,0.5,0,-1,,,,
MNQ SEP25,1s,1,3482,2025-07-14 10:18:03,22958.75,22959.5,22958.75,22959.25,61,0.75,0.5,0.25,0,1,,,,
MNQ SEP25,1s,1,3483,2025-07-14 10:18:04,22959,22959.75,22957.5,22957.75,85,2.25,1.25,0.75,0.25,-1,,,,
MNQ SEP25,1s,1,3484,2025-07-14 10:18:05,22957.75,22958.75,22957.5,22958,73,1.25,0.25,0.75,0.25,1,,,,
MNQ SEP25,1s,1,3485,2025-07-14 10:18:06,22958,22958.75,22958,22958.5,39,0.75,0.5,0.25,0,1,,,,
MNQ SEP25,1s,1,3486,2025-07-14 10:18:07,22958.75,22959,22957.75,22958,20,1.25,0.75,0.25,0.25,-1,,,,
MNQ SEP25,1s,1,3487,2025-07-14 10:18:08,22958,22958.75,22957.75,22958,23,1,0,0.75,0.25,0,,,,
MNQ SEP25,1s,1,3488,2025-07-14 10:18:09,22957.75,22959,22957.75,22959,30,1.25,1.25,0,0,1,,,,
MNQ SEP25,1s,1,3489,2025-07-14 10:18:10,22959.25,22959.25,22958.25,22958.25,30,1,1,0,0,-1,,,,
MNQ SEP25,10s,10,5748,2025-07-14 10:18:10,22960.5,22960.5,22957.5,22958.25,481,3,2.25,0,0.75,-1,182.45,22.4,13.93333333,42.01
MNQ SEP25,1s,1,3490,2025-07-14 10:18:11,22958.5,22958.75,22957.75,22958.5,44,1,0,0.25,0.75,0,,,,
MNQ SEP25,1s,1,3491,2025-07-14 10:18:12,22958.5,22960,22958,22959.5,92,2,1,0.5,0.5,1,,,,
MNQ SEP25,1s,1,3492,2025-07-14 10:18:13,22959.75,22960,22959.5,22959.75,22,0.5,0,0.25,0.25,0,,,,
MNQ SEP25,1s,1,3493,2025-07-14 10:18:14,22959.75,22960,22958.75,22959.5,47,1.25,0.25,0.25,0.75,-1,,,,
MNQ SEP25,1s,1,3494,2025-07-14 10:18:15,22958.75,22960.25,22958.75,22959,26,1.5,0.25,1.25,0,1,,,,
MNQ SEP25,1s,1,3495,2025-07-14 10:18:16,22958.75,22959.25,22958.75,22959,15,0.5,0.25,0.25,0,1,,,,
MNQ SEP25,1s,1,3496,2025-07-14 10:18:17,22959.25,22959.25,22958.5,22958.5,15,0.75,0.75,0,0,-1,,,,
MNQ SEP25,1s,1,3497,2025-07-14 10:18:18,22958.75,22959.75,22958.5,22959.25,38,1.25,0.5,0.5,0.25,1,,,,
MNQ SEP25,1s,1,3498,2025-07-14 10:18:19,22959,22959.5,22958.25,22959.25,25,1.25,0.25,0.25,0.75,1,,,,
MNQ SEP25,1s,1,3499,2025-07-14 10:18:20,22958.75,22959.25,22957.75,22957.75,19,1.5,1,0.5,0,-1,,,,
MNQ SEP25,10s,10,5749,2025-07-14 10:18:20,22958.5,22960.25,22957.75,22957.75,343,2.5,0.75,1.75,0,-1,178.2,-4.25,22.78333333,37.41
MNQ SEP25,20s,20,5874,2025-07-14 10:18:20,22960.5,22960.5,22957.5,22957.75,824,3,2.75,0,0.25,-1,19.65,15.75,123.46666667,21.78
MNQ SEP25,1s,1,3500,2025-07-14 10:18:21,22958,22959.75,22958,22959.5,13,1.75,1.5,0.25,0,1,,,,
MNQ SEP25,1s,1,3501,2025-07-14 10:18:22,22959.5,22960.25,22958.75,22959.75,48,1.5,0.25,0.5,0.75,1,,,,
MNQ SEP25,1s,1,3502,2025-07-14 10:18:23,22959.5,22961.25,22959.5,22961.25,39,1.75,1.75,0,0,1,,,,
MNQ SEP25,1s,1,3503,2025-07-14 10:18:24,22961.25,22963.25,22960.5,22963.25,81,2.75,2,0,0.75,1,,,,
MNQ SEP25,1s,1,3504,2025-07-14 10:18:25,22963,22963.25,22962.25,22962.5,80,1,0.5,0.25,0.25,-1,,,,
MNQ SEP25,1s,1,3505,2025-07-14 10:18:26,22962.5,22963.75,22962,22962.75,36,1.75,0.25,1,0.5,1,,,,
MNQ SEP25,1s,1,3506,2025-07-14 10:18:27,22963,22963.25,22962.25,22962.75,22,1,0.25,0.25,0.5,-1,,,,
MNQ SEP25,1s,1,3507,2025-07-14 10:18:28,22962.75,22963.25,22962.25,22962.5,34,1,0.25,0.5,0.25,-1,,,,
MNQ SEP25,1s,1,3508,2025-07-14 10:18:29,22962.5,22963.5,22962.5,22963.5,31,1,1,0,0,1,,,,
MNQ SEP25,1s,1,3509,2025-07-14 10:18:30,22963,22963.75,22962.75,22963.25,26,1,0.25,0.5,0.25,1,,,,
MNQ SEP25,10s,10,5750,2025-07-14 10:18:30,22958,22963.75,22958,22963.25,410,5.75,5.25,0.5,0,1,41.55,-136.65,-39.5,-19.82
MNQ SEP25,1s,1,3510,2025-07-14 10:18:31,22963.75,22965,22963.5,22964.25,108,1.5,0.5,0.75,0.25,1,,,,
MNQ SEP25,1s,1,3511,2025-07-14 10:18:32,22964,22964.25,22961.75,22962.25,80,2.5,1.75,0.25,0.5,-1,,,,
MNQ SEP25,1s,1,3512,2025-07-14 10:18:33,22962.25,22962.5,22962,22962,33,0.5,0.25,0.25,0,-1,,,,
MNQ SEP25,1s,1,3513,2025-07-14 10:18:34,22961.75,22961.75,22960.75,22961,51,1,0.75,0,0.25,-1,,,,
MNQ SEP25,1s,1,3514,2025-07-14 10:18:35,22960.5,22961.25,22960.5,22960.75,30,0.75,0.25,0.5,0,1,,,,
MNQ SEP25,1s,1,3515,2025-07-14 10:18:36,22960.75,22961.75,22960.5,22961.25,20,1.25,0.5,0.5,0.25,1,,,,
MNQ SEP25,1s,1,3516,2025-07-14 10:18:37,22961.75,22962.75,22961.5,22962.75,25,1.25,1,0,0.25,1,,,,
MNQ SEP25,1s,1,3517,2025-07-14 10:18:38,22962.5,22962.5,22961.5,22961.5,22,1,1,0,0,-1,,,,
MNQ SEP25,1s,1,3518,2025-07-14 10:18:39,22961.75,22962.5,22961.75,22962.5,16,0.75,0.75,0,0,1,,,,
MNQ SEP25,1s,1,3519,2025-07-14 10:18:40,22962.25,22962.25,22961.75,22962,14,0.5,0.25,0,0.25,-1,,,,
MNQ SEP25,10s,10,5751,2025-07-14 10:18:40,22963.75,22965,22960.5,22962,399,4.5,1.75,1.25,1.5,-1,-52.75,-94.3,-78.4,-32.52
MNQ SEP25,20s,20,5875,2025-07-14 10:18:40,22958,22965,22958,22962,809,7,4,3,0,1,-91.95,-111.6,10.55,32.1
MNQ SEP25,1s,1,3520,2025-07-14 10:18:41,22961.75,22962.25,22961.5,22962.25,26,0.75,0.5,0,0.25,1,,,,
MNQ SEP25,1s,1,3521,2025-07-14 10:18:42,22962,22962.5,22961.5,22962.25,52,1,0.25,0.25,0.5,1,,,,
MNQ SEP25,1s,1,3522,2025-07-14 10:18:43,22961.75,22963.25,22961.5,22963,27,1.75,1.25,0.25,0.25,1,,,,
MNQ SEP25,1s,1,3523,2025-07-14 10:18:44,22963,22963,22961.25,22961.25,12,1.75,1.75,0,0,-1,,,,
MNQ SEP25,1s,1,3524,2025-07-14 10:18:45,22961,22961.5,22960.5,22961.25,17,1,0.25,0.25,0.5,1,,,,
MNQ SEP25,1s,1,3525,2025-07-14 10:18:46,22960.5,22961,22960.25,22961,17,0.75,0.5,0,0.25,1,,,,
MNQ SEP25,1s,1,3526,2025-07-14 10:18:47,22960.25,22961.5,22960,22961.5,79,1.5,1.25,0,0.25,1,,,,
MNQ SEP25,1s,1,3527,2025-07-14 10:18:48,22961.5,22961.75,22961.25,22961.75,17,0.5,0.25,0,0.25,1,,,,
MNQ SEP25,1s,1,3528,2025-07-14 10:18:49,22961.25,22962,22960.75,22961,35,1.25,0.25,0.75,0.25,-1,,,,
MNQ SEP25,1s,1,3529,2025-07-14 10:18:50,22961.25,22962.25,22960.75,22962.25,26,1.5,1,0,0.5,1,,,,
MNQ SEP25,10s,10,5752,2025-07-14 10:18:50,22961.75,22963.25,22960,22962.25,308,3.25,0.5,1,1.75,1,-102.95,-50.2,-93.71666667,-52.6
MNQ SEP25,1s,1,3530,2025-07-14 10:18:51,22962,22963.25,22961.5,22963.25,37,1.75,1.25,0,0.5,1,,,,
MNQ SEP25,1s,1,3531,2025-07-14 10:18:52,22963,22963.5,22962.5,22963,41,1,0,0.5,0.5,0,,,,
MNQ SEP25,1s,1,3532,2025-07-14 10:18:53,22962.5,22962.75,22961.5,22962,27,1.25,0.5,0.25,0.5,-1,,,,
MNQ SEP25,1s,1,3533,2025-07-14 10:18:54,22962,22962,22961,22961,25,1,1,0,0,-1,,,,
MNQ SEP25,1s,1,3534,2025-07-14 10:18:55,22961.25,22962.75,22961.25,22962,38,1.5,0.75,0.75,0,1,,,,
MNQ SEP25,1s,1,3535,2025-07-14 10:18:56,22962.25,22963,22962,22962.5,38,1,0.25,0.5,0.25,1,,,,
MNQ SEP25,1s,1,3536,2025-07-14 10:18:57,22962.75,22963.5,22962.5,22962.75,29,1,0,0.75,0.25,0,,,,
MNQ SEP25,1s,1,3537,2025-07-14 10:18:58,22962.75,22963.75,22962.75,22963.75,44,1,1,0,0,1,,,,
MNQ SEP25,1s,1,3538,2025-07-14 10:18:59,22963.5,22963.75,22963,22963.75,13,0.75,0.25,0,0.5,1,,,,
MNQ SEP25,1s,1,3539,2025-07-14 10:19:00,22964,22964.75,22963.75,22964.25,64,1,0.25,0.5,0.25,1,,,,
MNQ SEP25,10s,10,5753,2025-07-14 10:19:00,22962,22964.75,22961,22964.25,356,3.75,2.25,0.5,1,1,-127.9,-24.95,-56.48333333,-62.07
MNQ SEP25,20s,20,5876,2025-07-14 10:19:00,22961.75,22964.75,22960,22964.25,664,4.75,2.5,0.5,1.75,1,-120.5,-28.55,-41.46666667,46.05
MNQ SEP25,1s,1,3540,2025-07-14 10:19:01,22964.25,22964.25,22963.25,22964.25,23,1,0,0,1,0,,,,
MNQ SEP25,1s,1,3541,2025-07-14 10:19:02,22964.75,22964.75,22963.75,22964.25,44,1,0.5,0,0.5,-1,,,,
MNQ SEP25,1s,1,3542,2025-07-14 10:19:03,22965,22965,22964.25,22964.75,49,0.75,0.25,0,0.5,-1,,,,
MNQ SEP25,1s,1,3543,2025-07-14 10:19:04,22964.75,22965.25,22964.25,22965,37,1,0.25,0.25,0.5,1,,,,
MNQ SEP25,1s,1,3544,2025-07-14 10:19:05,22964.75,22965.25,22964.5,22965,48,0.75,0.25,0.25,0.25,1,,,,
MNQ SEP25,1s,1,3545,2025-07-14 10:19:06,22964.5,22965,22964.25,22964.5,21,0.75,0,0.5,0.25,0,,,,
MNQ SEP25,1s,1,3546,2025-07-14 10:19:07,22964.75,22964.75,22964.25,22964.25,29,0.5,0.5,0,0,-1,,,,
MNQ SEP25,1s,1,3547,2025-07-14 10:19:08,22964.25,22964.75,22964,22964,32,0.75,0.25,0.5,0,-1,,,,
MNQ SEP25,1s,1,3548,2025-07-14 10:19:09,22964.5,22964.75,22964.25,22964.5,11,0.5,0,0.25,0.25,0,,,,
MNQ SEP25,1s,1,3549,2025-07-14 10:19:10,22964.5,22966.75,22964.5,22965.75,128,2.25,1.25,1,0,1,,,,
MNQ SEP25,10s,10,5754,2025-07-14 10:19:10,22964.25,22966.75,22963.25,22965.75,422,3.5,1.5,1,1,1,-120.15,7.75,-22.46666667,-59.67
MNQ SEP25,1s,1,3550,2025-07-14 10:19:11,22965.5,22966.25,22965.25,22965.5,69,1,0,0.75,0.25,0,,,,
MNQ SEP25,1s,1,3551,2025-07-14 10:19:12,22965.75,22966.5,22964,22964,65,2.5,1.75,0.75,0,-1,,,,
MNQ SEP25,1s,1,3552,2025-07-14 10:19:13,22964.25,22964.5,22963.25,22963.25,23,1.25,1,0.25,0,-1,,,,
MNQ SEP25,1s,1,3553,2025-07-14 10:19:14,22963.25,22964,22963.25,22963.5,11,0.75,0.25,0.5,0,1,,,,
MNQ SEP25,1s,1,3554,2025-07-14 10:19:15,22963.25,22963.75,22963.25,22963.75,16,0.5,0.5,0,0,1,,,,
MNQ SEP25,1s,1,3555,2025-07-14 10:19:16,22964,22964.5,22963.75,22964.5,23,0.75,0.5,0,0.25,1,,,,
MNQ SEP25,1s,1,3556,2025-07-14 10:19:17,22964,22964.25,22962.75,22963.25,31,1.5,0.75,0.25,0.5,-1,,,,
MNQ SEP25,1s,1,3557,2025-07-14 10:19:18,22962.75,22963,22961.5,22962.25,39,1.5,0.5,0.25,0.75,-1,,,,
MNQ SEP25,1s,1,3558,2025-07-14 10:19:19,22961.75,22963,22961.75,22962.75,36,1.25,1,0.25,0,1,,,,
MNQ SEP25,1s,1,3559,2025-07-14 10:19:20,22962.25,22962.75,22961.5,22961.5,40,1.25,0.75,0.5,0,-1,,,,
MNQ SEP25,10s,10,5755,2025-07-14 10:19:20,22965.5,22966.5,22961.5,22961.5,353,5,4,1,0,-1,-130.75,-10.6,-9.26666667,-34.46
MNQ SEP25,20s,20,5877,2025-07-14 10:19:20,22964.25,22966.75,22961.5,22961.5,775,5.25,2.75,2.5,0,-1,-276.55,-156.05,-98.73333333,-30.59
MNQ SEP25,1s,1,3560,2025-07-14 10:19:21,22962,22962.25,22959,22959.75,175,3.25,2.25,0.25,0.75,-1,,,,
MNQ SEP25,1s,1,3561,2025-07-14 10:19:22,22959.5,22960,22959,22959.5,77,1,0,0.5,0.5,0,,,,
MNQ SEP25,1s,1,3562,2025-07-14 10:19:23,22959.75,22961,22959.75,22960.25,94,1.25,0.5,0.75,0,1,,,,
MNQ SEP25,1s,1,3563,2025-07-14 10:19:24,22960,22960.75,22959,22959.25,46,1.75,0.75,0.75,0.25,-1,,,,
MNQ SEP25,1s,1,3564,2025-07-14 10:19:25,22960,22960,22958.25,22958.75,54,1.75,1.25,0,0.5,-1,,,,
MNQ SEP25,1s,1,3565,2025-07-14 10:19:26,22958.5,22959,22958.25,22958.75,45,0.75,0.25,0.25,0.25,1,,,,
MNQ SEP25,1s,1,3566,2025-07-14 10:19:27,22958,22958.25,22956.25,22957.75,157,2,0.25,0.25,1.5,-1,,,,
MNQ SEP25,1s,1,3567,2025-07-14 10:19:28,22957.75,22958.75,22957.25,22957.5,62,1.5,0.25,1,0.25,-1,,,,
MNQ SEP25,1s,1,3568,2025-07-14 10:19:29,22957.5,22958,22956.75,22957,74,1.25,0.5,0.5,0.25,-1,,,,
MNQ SEP25,1s,1,3569,2025-07-14 10:19:30,22957.5,22958.25,22957,22957.5,41,1.25,0,0.75,0.5,0,,,,
MNQ SEP25,10s,10,5756,2025-07-14 10:19:30,22962,22962.25,22956.25,22957.5,825,6,4.5,0.25,1.25,-1,-67.95,62.8,19.98333333,-3.04
MNQ SEP25,1s,1,3570,2025-07-14 10:19:31,22957.5,22957.75,22957,22957.5,49,0.75,0,0.25,0.5,0,,,,
MNQ SEP25,1s,1,3571,2025-07-14 10:19:32,22957.25,22958.5,22957.25,22958,41,1.25,0.75,0.5,0,1,,,,
MNQ SEP25,1s,1,3572,2025-07-14 10:19:33,22958,22961,22958,22960.5,94,3,2.5,0.5,0,1,,,,
MNQ SEP25,1s,1,3573,2025-07-14 10:19:34,22960.75,22962,22960.75,22961.25,30,1.25,0.5,0.75,0,1,,,,
MNQ SEP25,1s,1,3574,2025-07-14 10:19:35,22961.25,22961.5,22960.75,22961.25,26,0.75,0,0.25,0.5,0,,,,
MNQ SEP25,1s,1,3575,2025-07-14 10:19:36,22961.5,22961.5,22960.75,22961.25,14,0.75,0.25,0,0.5,-1,,,,
MNQ SEP25,1s,1,3576,2025-07-14 10:19:37,22961,22961.25,22960.75,22961,10,0.5,0,0.25,0.25,0,,,,
MNQ SEP25,1s,1,3577,2025-07-14 10:19:38,22960.75,22960.75,22959.5,22959.5,16,1.25,1.25,0,0,-1,,,,
MNQ SEP25,1s,1,3578,2025-07-14 10:19:39,22959.75,22959.75,22959.25,22959.5,16,0.5,0.25,0,0.25,-1,,,,
MNQ SEP25,1s,1,3579,2025-07-14 10:19:40,22959.25,22959.5,22959,22959,27,0.5,0.25,0.25,0,-1,,,,
MNQ SEP25,10s,10,5757,2025-07-14 10:19:40,22957.5,22962,22957,22959,323,5,1.5,3,0.5,1,-57.3,10.65,20.95,9.13
MNQ SEP25,20s,20,5878,2025-07-14 10:19:40,22962,22962.25,22956.25,22959,1148,6,3,0.25,2.75,-1,-347.85,-71.3,-85.3,-70.35
MNQ SEP25,1s,1,3580,2025-07-14 10:19:41,22959.5,22959.75,22959,22959.25,19,0.75,0.25,0.25,0.25,-1,,,,
MNQ SEP25,1s,1,3581,2025-07-14 10:19:42,22959.25,22960.75,22959.25,22960.25,27,1.5,1,0.5,0,1,,,,
MNQ SEP25,1s,1,3582,2025-07-14 10:19:43,22960.75,22961.75,22960.5,22961.25,45,1.25,0.5,0.5,0.25,1,,,,
MNQ SEP25,1s,1,3583,2025-07-14 10:19:44,22961.75,22962.25,22961.5,22961.75,32,0.75,0,0.5,0.25,0,,,,
MNQ SEP25,1s,1,3584,2025-07-14 10:19:45,22961.75,22961.75,22961,22961.25,13,0.75,0.5,0,0.25,-1,,,,
MNQ SEP25,1s,1,3585,2025-07-14 10:19:46,22961.75,22962.75,22961.5,22962.75,17,1.25,1,0,0.25,1,,,,
MNQ SEP25,1s,1,3586,2025-07-14 10:19:47,22962.5,22963.5,22962.5,22963,34,1,0.5,0.5,0,1,,,,
MNQ SEP25,1s,1,3587,2025-07-14 10:19:48,22963,22963.5,22962.75,22962.75,24,0.75,0.25,0.5,0,-1,,,,
MNQ SEP25,1s,1,3588,2025-07-14 10:19:49,22963,22963,22962,22962.5,22,1,0.5,0,0.5,-1,,,,
MNQ SEP25,1s,1,3589,2025-07-14 10:19:50,22962.5,22963.25,22962.5,22963.25,13,0.75,0.75,0,0,1,,,,
MNQ SEP25,10s,10,5758,2025-07-14 10:19:50,22959.5,22963.5,22959,22963.25,246,4.5,3.75,0.25,0.5,1,-76.1,-18.8,18.21666667,10.36
MNQ SEP25,1s,1,3590,2025-07-14 10:19:51,22963.25,22964.25,22962.75,22963.5,32,1.5,0.25,0.75,0.5,1,,,,
MNQ SEP25,1s,1,3591,2025-07-14 10:19:52,22963.75,22964,22963.25,22964,26,0.75,0.25,0,0.5,1,,,,
MNQ SEP25,1s,1,3592,2025-07-14 10:19:53,22964.25,22965.25,22963.5,22964.5,51,1.75,0.25,0.75,0.75,1,,,,
MNQ SEP25,1s,1,3593,2025-07-14 10:19:54,22964.5,22965.25,22964.25,22965.25,44,1,0.75,0,0.25,1,,,,
MNQ SEP25,1s,1,3594,2025-07-14 10:19:55,22965,22965.5,22964.75,22964.75,42,0.75,0.25,0.5,0,-1,,,,
MNQ SEP25,1s,1,3595,2025-07-14 10:19:56,22964.75,22965.25,22964.75,22964.75,20,0.5,0,0.5,0,0,,,,
MNQ SEP25,1s,1,3596,2025-07-14 10:19:57,22964.75,22966,22964.5,22965.5,58,1.5,0.75,0.5,0.25,1,,,,
MNQ SEP25,1s,1,3597,2025-07-14 10:19:58,22965.5,22966,22965.25,22965.25,21,0.75,0.25,0.5,0,-1,,,,
MNQ SEP25,1s,1,3598,2025-07-14 10:19:59,22965,22965.25,22964.5,22965,28,0.75,0,0.25,0.5,0,,,,
MNQ SEP25,1s,1,3599,2025-07-14 10:20:00,22965,22965,22963.5,22963.75,56,1.5,1.25,0,0.25,-1,,,,
MNQ SEP25,10s,10,5759,2025-07-14 10:20:00,22963.25,22966,22962.75,22963.75,378,3.25,0.5,2.25,0.5,1,-86.45,-10.35,-6.16666667,6.74
MNQ SEP25,20s,20,5879,2025-07-14 10:20:00,22959.5,22966,22959,22963.75,624,7,4.25,2.25,0.5,1,-302.35,45.5,-60.61666667,-64.4
MNQ SEP25,1s,1,3600,2025-07-14 10:20:01,22964,22966.25,22963.75,22966,62,2.5,2,0.25,0.25,1,,,,
MNQ SEP25,1s,1,3601,2025-07-14 10:20:02,22966.25,22966.75,22964.25,22964.75,95,2.5,1.5,0.5,0.5,-1,,,,
MNQ SEP25,1s,1,3602,2025-07-14 10:20:03,22964.75,22965.5,22964.5,22965.25,79,1,0.5,0.25,0.25,1,,,,
MNQ SEP25,1s,1,3603,2025-07-14 10:20:04,22965,22965,22963.5,22964.25,50,1.5,0.75,0,0.75,-1,,,,
MNQ SEP25,1s,1,3604,2025-07-14 10:20:05,22964.75,22965.75,22964.75,22965.25,16,1,0.5,0.5,0,1,,,,
MNQ SEP25,1s,1,3605,2025-07-14 10:20:06,22966,22966,22964,22964,62,2,2,0,0,-1,,,,
MNQ SEP25,1s,1,3606,2025-07-14 10:20:07,22964.25,22964.25,22963.75,22964.25,12,0.5,0,0,0.5,0,,,,
MNQ SEP25,1s,1,3607,2025-07-14 10:20:08,22964.5,22964.5,22964,22964.25,12,0.5,0.25,0,0.25,-1,,,,
MNQ SEP25,1s,1,3608,2025-07-14 10:20:09,22963.75,22964.25,22963.25,22963.75,32,1,0,0.5,0.5,0,,,,
MNQ SEP25,1s,1,3609,2025-07-14 10:20:10,22963.25,22963.75,22963,22963.5,32,0.75,0.25,0.25,0.25,1,,,,
MNQ SEP25,10s,10,5760,2025-07-14 10:20:10,22964,22966.75,22963,22963.5,452,3.75,0.5,2.75,0.5,-1,-70.65,15.8,-4.45,12.02
MNQ SEP25,1s,1,3610,2025-07-14 10:20:11,22963.25,22963.5,22962.25,22962.25,27,1.25,1,0.25,0,-1,,,,
MNQ SEP25,1s,1,3611,2025-07-14 10:20:12,22962.25,22963.5,22962.25,22962.75,45,1.25,0.5,0.75,0,1,,,,
MNQ SEP25,1s,1,3612,2025-07-14 10:20:13,22962.75,22963,22961,22961.5,53,2,1.25,0.25,0.5,-1,,,,
MNQ SEP25,1s,1,3613,2025-07-14 10:20:14,22961.75,22962.5,22961.5,22962.25,34,1,0.5,0.25,0.25,1,,,,
MNQ SEP25,1s,1,3614,2025-07-14 10:20:15,22962,22963.5,22962,22963.5,19,1.5,1.5,0,0,1,,,,
MNQ SEP25,1s,1,3615,2025-07-14 10:20:16,22963.5,22963.5,22962.75,22963.25,17,0.75,0.25,0,0.5,-1,,,,
MNQ SEP25,1s,1,3616,2025-07-14 10:20:17,22963,22964,22963,22963.25,46,1,0.25,0.75,0,1,,,,
MNQ SEP25,1s,1,3617,2025-07-14 10:20:18,22963,22963,22961.75,22962,33,1.25,1,0,0.25,-1,,,,
MNQ SEP25,1s,1,3618,2025-07-14 10:20:19,22961.5,22961.75,22961.5,22961.75,6,0.25,0.25,0,0,1,,,,
MNQ SEP25,1s,1,3619,2025-07-14 10:20:20,22961.75,22962.5,22961.25,22962.5,48,1.25,0.75,0,0.5,1,,,,
MNQ SEP25,10s,10,5761,2025-07-14 10:20:20,22963.25,22964,22961,22962.5,328,3,0.75,0.75,1.5,-1,-141.1,-70.45,-21.66666667,-14.63
MNQ SEP25,20s,20,5880,2025-07-14 10:20:20,22964,22966.75,22961,22962.5,780,5.75,1.5,2.75,1.5,-1,-245.2,57.15,10.45,-30.65
MNQ SEP25,1s,1,3620,2025-07-14 10:20:21,22962.5,22964.25,22962,22964.25,39,2.25,1.75,0,0.5,1,,,,
MNQ SEP25,1s,1,3621,2025-07-14 10:20:22,22964.25,22964.25,22963.25,22963.25,12,1,1,0,0,-1,,,,
MNQ SEP25,1s,1,3622,2025-07-14 10:20:23,22962.75,22963,22962.25,22962.75,21,0.75,0,0.25,0.5,0,,,,
MNQ SEP25,1s,1,3623,2025-07-14 10:20:24,22962.5,22962.75,22962,22962,13,0.75,0.5,0.25,0,-1,,,,
MNQ SEP25,1s,1,3624,2025-07-14 10:20:25,22961.5,22962.25,22961.5,22961.75,14,0.75,0.25,0.5,0,1,,,,
MNQ SEP25,1s,1,3625,2025-07-14 10:20:26,22962.25,22962.25,22961.25,22961.5,29,1,0.75,0,0.25,-1,,,,
MNQ SEP25,1s,1,3626,2025-07-14 10:20:27,22961.5,22962,22961.25,22962,23,0.75,0.5,0,0.25,1,,,,
MNQ SEP25,1s,1,3627,2025-07-14 10:20:28,22961.5,22964.25,22961.5,22964,41,2.75,2.5,0.25,0,1,,,,
MNQ SEP25,1s,1,3628,2025-07-14 10:20:29,22964,22964.25,22963.75,22963.75,24,0.5,0.25,0.25,0,-1,,,,
MNQ SEP25,1s,1,3629,2025-07-14 10:20:30,22963.75,22963.75,22962.25,22962.75,29,1.5,1,0,0.5,-1,,,,
MNQ SEP25,10s,10,5762,2025-07-14 10:20:30,22962.5,22964.25,22961.25,22962.75,245,3,0.25,1.5,1.25,1,-144.55,-3.45,-19.36666667,-17.45
MNQ SEP25,1s,1,3630,2025-07-14 10:20:31,22963,22963.25,22962.5,22963.25,9,0.75,0.25,0,0.5,1,,,,
MNQ SEP25,1s,1,3631,2025-07-14 10:20:32,22963.5,22964,22963.5,22963.75,22,0.5,0.25,0.25,0,1,,,,
MNQ SEP25,1s,1,3632,2025-07-14 10:20:33,22963.5,22963.75,22961.5,22962,58,2.25,1.5,0.25,0.5,-1,,,,
MNQ SEP25,1s,1,3633,2025-07-14 10:20:34,22961.5,22962,22961.5,22961.75,11,0.5,0.25,0.25,0,1,,,,
MNQ SEP25,1s,1,3634,2025-07-14 10:20:35,22962,22962.25,22961.25,22961.5,40,1,0.5,0.25,0.25,-1,,,,
MNQ SEP25,1s,1,3635,2025-07-14 10:20:36,22961.75,22962.25,22961,22961,19,1.25,0.75,0.5,0,-1,,,,
MNQ SEP25,1s,1,3636,2025-07-14 10:20:37,22961,22961,22960.25,22961,56,0.75,0,0,0.75,0,,,,
MNQ SEP25,1s,1,3637,2025-07-14 10:20:38,22960.75,22961.5,22959.5,22959.5,42,2,1.25,0.75,0,-1,,,,
MNQ SEP25,1s,1,3638,2025-07-14 10:20:39,22959.5,22959.5,22958.25,22958.75,66,1.25,0.75,0,0.5,-1,,,,
MNQ SEP25,1s,1,3639,2025-07-14 10:20:40,22958.75,22960,22958.5,22959.5,21,1.5,0.75,0.5,0.25,1,,,,
MNQ SEP25,10s,10,5763,2025-07-14 10:20:40,22963,22964,22958.25,22959.5,344,5.75,3.5,1,1.25,-1,-126,18.55,-18.45,-9.98
MNQ SEP25,20s,20,5881,2025-07-14 10:20:40,22962.5,22964.25,22958.25,22959.5,589,6,3,1.75,1.25,-1,-207.2,38,46.88333333,-17.34
MNQ SEP25,1s,1,3640,2025-07-14 10:20:41,22959.5,22961.25,22959.5,22961,66,1.75,1.5,0.25,0,1,,,,
MNQ SEP25,1s,1,3641,2025-07-14 10:20:42,22960.75,22961.75,22960.5,22961.25,37,1.25,0.5,0.5,0.25,1,,,,
MNQ SEP25,1s,1,3642,2025-07-14 10:20:43,22961,22961.5,22959,22959.5,41,2.5,1.5,0.5,0.5,-1,,,,
MNQ SEP25,1s,1,3643,2025-07-14 10:20:44,22959.5,22961.5,22959,22961.25,16,2.5,1.75,0.25,0.5,1,,,,
MNQ SEP25,1s,1,3644,2025-07-14 10:20:45,22960.5,22963,22960.5,22962.25,70,2.5,1.75,0.75,0,1,,,,
MNQ SEP25,1s,1,3645,2025-07-14 10:20:46,22962.5,22962.75,22962,22962.5,8,0.75,0,0.25,0.5,0,,,,
MNQ SEP25,1s,1,3646,2025-07-14 10:20:47,22962.5,22962.5,22961.25,22961.25,36,1.25,1.25,0,0,-1,,,,
MNQ SEP25,1s,1,3647,2025-07-14 10:20:48,22961.5,22961.75,22960.75,22961,16,1,0.5,0.25,0.25,-1,,,,
MNQ SEP25,1s,1,3648,2025-07-14 10:20:49,22960.75,22961,22960.5,22960.5,20,0.5,0.25,0.25,0,-1,,,,
MNQ SEP25,1s,1,3649,2025-07-14 10:20:50,22961,22961,22960,22960.75,15,1,0.25,0,0.75,-1,,,,
MNQ SEP25,10s,10,5764,2025-07-14 10:20:50,22959.5,22963,22959,22960.75,325,4,1.25,2.25,0.5,1,-134.1,-8.1,2.33333333,-9.53
MNQ SEP25,1s,1,3650,2025-07-14 10:20:51,22960.25,22961.75,22960.25,22961.5,19,1.5,1.25,0.25,0,1,,,,
MNQ SEP25,1s,1,3651,2025-07-14 10:20:52,22961.25,22963.5,22961.25,22963,33,2.25,1.75,0.5,0,1,,,,
MNQ SEP25,1s,1,3652,2025-07-14 10:20:53,22963.25,22964,22962.75,22964,38,1.25,0.75,0,0.5,1,,,,
MNQ SEP25,1s,1,3653,2025-07-14 10:20:54,22963.75,22964.25,22963,22964.25,23,1.25,0.5,0,0.75,1,,,,
MNQ SEP25,1s,1,3654,2025-07-14 10:20:55,22964.25,22964.5,22964,22964.25,28,0.5,0,0.25,0.25,0,,,,
MNQ SEP25,1s,1,3655,2025-07-14 10:20:56,22964,22965.75,22964,22965.75,94,1.75,1.75,0,0,1,,,,
MNQ SEP25,1s,1,3656,2025-07-14 10:20:57,22965.5,22966,22964.5,22965.5,41,1.5,0,0.5,1,0,,,,
MNQ SEP25,1s,1,3657,2025-07-14 10:20:58,22965.5,22966.75,22964.75,22966,78,2,0.5,0.75,0.75,1,,,,
MNQ SEP25,1s,1,3658,2025-07-14 10:20:59,22965.75,22967,22965.25,22966.25,79,1.75,0.5,0.75,0.5,1,,,,
MNQ SEP25,1s,1,3659,2025-07-14 10:21:00,22966.25,22967.5,22966.25,22967.25,79,1.25,1,0.25,0,1,,,,
MNQ SEP25,10s,10,5765,2025-07-14 10:21:00,22960.25,22967.5,22960.25,22967.25,512,7.25,7,0.25,0,1,-81.45,52.65,21.03333333,-2.16
MNQ SEP25,20s,20,5882,2025-07-14 10:21:00,22959.5,22967.5,22959,22967.25,837,8.5,7.75,0.25,0.5,1,-179.6,27.6,40.91666667,19.39
MNQ SEP25,1s,1,3660,2025-07-14 10:21:01,22967,22976.5,22967,22974.25,1170,9.5,7.25,2.25,0,1,,,,
MNQ SEP25,1s,1,3661,2025-07-14 10:21:02,22973.75,22975.25,22972.75,22974,275,2.5,0.25,1.25,1,1,,,,
MNQ SEP25,1s,1,3662,2025-07-14 10:21:03,22974.25,22976,22973,22975.75,251,3,1.5,0.25,1.25,1,,,,
MNQ SEP25,1s,1,3663,2025-07-14 10:21:04,22976,22981.75,22975.5,22981.75,849,6.25,5.75,0,0.5,1,,,,
MNQ SEP25,1s,1,3664,2025-07-14 10:21:05,22981.75,22988,22981.75,22986.5,1289,6.25,4.75,1.5,0,1,,,,
MNQ SEP25,1s,1,3665,2025-07-14 10:21:06,22986.5,22987,22984.5,22985,279,2.5,1.5,0.5,0.5,-1,,,,
MNQ SEP25,1s,1,3666,2025-07-14 10:21:07,22985,22985.5,22981,22981.75,313,4.5,3.25,0.5,0.75,-1,,,,
MNQ SEP25,1s,1,3667,2025-07-14 10:21:08,22981.75,22981.75,22979.75,22979.75,104,2,2,0,0,-1,,,,
MNQ SEP25,1s,1,3668,2025-07-14 10:21:09,22979.5,22980,22977.75,22979.25,185,2.25,0.25,0.5,1.5,-1,,,,
MNQ SEP25,1s,1,3669,2025-07-14 10:21:10,22979.5,22980.25,22978.5,22978.5,147,1.75,1,0.75,0,-1,,,,
MNQ SEP25,10s,10,5766,2025-07-14 10:21:10,22967,22988,22967,22978.5,4862,21,11.5,9.5,0,1,627.5,708.95,251.16666667,153.72
MNQ SEP25,1s,1,3670,2025-07-14 10:21:11,22978.5,22978.75,22977.5,22977.5,70,1.25,1,0.25,0,-1,,,,
MNQ SEP25,1s,1,3671,2025-07-14 10:21:12,22977.25,22978.5,22976.75,22978.25,109,1.75,1,0.25,0.5,1,,,,
MNQ SEP25,1s,1,3672,2025-07-14 10:21:13,22978,22979.5,22978,22978.75,128,1.5,0.75,0.75,0,1,,,,
MNQ SEP25,1s,1,3673,2025-07-14 10:21:14,22979,22979,22977.5,22977.5,85,1.5,1.5,0,0,-1,,,,
MNQ SEP25,1s,1,3674,2025-07-14 10:21:15,22977.75,22978.75,22977.25,22978.75,90,1.5,1,0,0.5,1,,,,
MNQ SEP25,1s,1,3675,2025-07-14 10:21:16,22978.75,22979,22978,22978.25,69,1,0.5,0.25,0.25,-1,,,,
MNQ SEP25,1s,1,3676,2025-07-14 10:21:17,22978.5,22979,22977.75,22978.25,74,1.25,0.25,0.5,0.5,-1,,,,
MNQ SEP25,1s,1,3677,2025-07-14 10:21:18,22978,22979.75,22977.5,22979.5,102,2.25,1.5,0.25,0.5,1,,,,
MNQ SEP25,1s,1,3678,2025-07-14 10:21:19,22980,22983.5,22980,22983,144,3.5,3,0.5,0,1,,,,
MNQ SEP25,1s,1,3679,2025-07-14 10:21:20,22983.25,22983.75,22982.75,22983,61,1,0.25,0.5,0.25,-1,,,,
MNQ SEP25,10s,10,5767,2025-07-14 10:21:20,22978.5,22983.75,22976.75,22983,932,7,4.5,0.75,1.75,1,752.8,125.3,295.63333333,179.47
MNQ SEP25,20s,20,5883,2025-07-14 10:21:20,22967,22988,22967,22983,5794,21,16,5,0,1,519.05,698.65,254.75,173.38
MNQ SEP25,1s,1,3680,2025-07-14 10:21:21,22983,22984.75,22982.75,22984.5,119,2,1.5,0.25,0.25,1,,,,
MNQ SEP25,1s,1,3681,2025-07-14 10:21:22,22984.25,22985.25,22983.75,22984.25,167,1.5,0,1,0.5,0,,,,
MNQ SEP25,1s,1,3682,2025-07-14 10:21:23,22983.75,22984,22981.75,22982.5,114,2.25,1.25,0.25,0.75,-1,,,,
MNQ SEP25,1s,1,3683,2025-07-14 10:21:24,22982.5,22982.5,22981.25,22981.5,66,1.25,1,0,0.25,-1,,,,
MNQ SEP25,1s,1,3684,2025-07-14 10:21:25,22981,22981.25,22980,22980.75,73,1.25,0.25,0.25,0.75,-1,,,,
MNQ SEP25,1s,1,3685,2025-07-14 10:21:26,22980.5,22981.5,22980.25,22981.5,56,1.25,1,0,0.25,1,,,,
MNQ SEP25,1s,1,3686,2025-07-14 10:21:27,22981.75,22982,22979.5,22980,93,2.5,1.75,0.25,0.5,-1,,,,
MNQ SEP25,1s,1,3687,2025-07-14 10:21:28,22980,22980.75,22979.75,22980.25,54,1,0.25,0.5,0.25,1,,,,
MNQ SEP25,1s,1,3688,2025-07-14 10:21:29,22980.25,22981,22979.75,22981,21,1.25,0.75,0,0.5,1,,,,
MNQ SEP25,1s,1,3689,2025-07-14 10:21:30,22980.75,22981,22979,22979,50,2,1.75,0.25,0,-1,,,,
MNQ SEP25,10s,10,5768,2025-07-14 10:21:30,22983,22985.25,22979,22979,813,6.25,4,2.25,0,-1,830,77.2,303.81666667,191.2
MNQ SEP25,1s,1,3690,2025-07-14 10:21:31,22979,22979.5,22977.25,22977.5,98,2.25,1.5,0.5,0.25,-1,,,,
MNQ SEP25,1s,1,3691,2025-07-14 10:21:32,22977.25,22978.5,22977.25,22977.75,72,1.25,0.5,0.75,0,1,,,,
MNQ SEP25,1s,1,3692,2025-07-14 10:21:33,22978,22979.75,22977.5,22979.75,80,2.25,1.75,0,0.5,1,,,,
MNQ SEP25,1s,1,3693,2025-07-14 10:21:34,22979.75,22980.75,22979.25,22980,37,1.5,0.25,0.75,0.5,1,,,,
MNQ SEP25,1s,1,3694,2025-07-14 10:21:35,22979.75,22981.25,22979.75,22981.25,14,1.5,1.5,0,0,1,,,,
MNQ SEP25,1s,1,3695,2025-07-14 10:21:36,22981.25,22981.25,22980,22980.25,48,1.25,1,0,0.25,-1,,,,
MNQ SEP25,1s,1,3696,2025-07-14 10:21:37,22981,22981.25,22980,22980.5,54,1.25,0.5,0.25,0.5,-1,,,,
MNQ SEP25,1s,1,3697,2025-07-14 10:21:38,22980.25,22981.25,22979.5,22979.5,52,1.75,0.75,1,0,-1,,,,
MNQ SEP25,1s,1,3698,2025-07-14 10:21:39,22980,22980.75,22980,22980.5,13,0.75,0.5,0.25,0,1,,,,
MNQ SEP25,1s,1,3699,2025-07-14 10:21:40,22981,22981,22980,22980,32,1,1,0,0,-1,,,,
MNQ SEP25,10s,10,5769,2025-07-14 10:21:40,22979,22981.25,22977.25,22980,500,4,1,1.25,1.75,1,857.15,27.15,76.55,198.25
MNQ SEP25,20s,20,5884,2025-07-14 10:21:40,22983,22985.25,22977.25,22980,1313,8,3,2.25,2.75,-1,625.35,106.3,277.51666667,185.54
MNQ SEP25,1s,1,3700,2025-07-14 10:21:41,22980.5,22981.25,22979.75,22979.75,31,1.5,0.75,0.75,0,-1,,,,
MNQ SEP25,1s,1,3701,2025-07-14 10:21:42,22980,22980.25,22979,22979,88,1.25,1,0.25,0,-1,,,,
MNQ SEP25,1s,1,3702,2025-07-14 10:21:43,22979,22979,22978.25,22978.5,25,0.75,0.5,0,0.25,-1,,,,
MNQ SEP25,1s,1,3703,2025-07-14 10:21:44,22978.75,22980.25,22978.5,22980.25,40,1.75,1.5,0,0.25,1,,,,
MNQ SEP25,1s,1,3704,2025-07-14 10:21:45,22980.25,22980.75,22979.5,22979.75,35,1.25,0.5,0.5,0.25,-1,,,,
MNQ SEP25,1s,1,3705,2025-07-14 10:21:46,22979.75,22979.75,22978.25,22978.5,56,1.5,1.25,0,0.25,-1,,,,
MNQ SEP25,1s,1,3706,2025-07-14 10:21:47,22978.25,22978.5,22976.25,22977,59,2.25,1.25,0.25,0.75,-1,,,,
MNQ SEP25,1s,1,3707,2025-07-14 10:21:48,22977,22978.25,22977,22978,34,1.25,1,0.25,0,1,,,,
MNQ SEP25,1s,1,3708,2025-07-14 10:21:49,22978,22978.75,22978,22978,18,0.75,0,0.75,0,0,,,,
MNQ SEP25,1s,1,3709,2025-07-14 10:21:50,22978,22980.75,22978,22980,87,2.75,2,0.75,0,1,,,,
MNQ SEP25,10s,10,5770,2025-07-14 10:21:50,22980.5,22981.25,22976.25,22980,473,5,0.5,0.75,3.75,-1,846.2,-10.95,31.13333333,185.53
MNQ SEP25,1s,1,3710,2025-07-14 10:21:51,22979.75,22981.25,22979.75,22980.25,43,1.5,0.5,1,0,1,,,,
MNQ SEP25,1s,1,3711,2025-07-14 10:21:52,22980.5,22981,22979.25,22979.5,29,1.75,1,0.5,0.25,-1,,,,
MNQ SEP25,1s,1,3712,2025-07-14 10:21:53,22979.25,22980.25,22979,22979.75,37,1.25,0.5,0.5,0.25,1,,,,
MNQ SEP25,1s,1,3713,2025-07-14 10:21:54,22980,22980,22979,22979.5,20,1,0.5,0,0.5,-1,,,,
MNQ SEP25,1s,1,3714,2025-07-14 10:21:55,22979,22979.5,22979,22979.5,9,0.5,0.5,0,0,1,,,,
MNQ SEP25,1s,1,3715,2025-07-14 10:21:56,22979.5,22980.25,22979.5,22980.25,18,0.75,0.75,0,0,1,,,,
MNQ SEP25,1s,1,3716,2025-07-14 10:21:57,22979.5,22980.25,22979.5,22979.75,25,0.75,0.25,0.5,0,1,,,,
MNQ SEP25,1s,1,3717,2025-07-14 10:21:58,22979.25,22980.5,22979.25,22979.75,59,1.25,0.5,0.75,0,1,,,,
MNQ SEP25,1s,1,3718,2025-07-14 10:21:59,22979.5,22980.5,22979.5,22980,30,1,0.5,0.5,0,1,,,,
MNQ SEP25,1s,1,3719,2025-07-14 10:22:00,22980,22980.25,22979.5,22979.75,59,0.75,0.25,0.25,0.25,-1,,,,
MNQ SEP25,10s,10,5771,2025-07-14 10:22:00,22979.75,22981.25,22979,22979.75,329,2.25,0,1.5,0.75,0,-56.9,-903.1,-295.63333333,-136.88
MNQ SEP25,20s,20,5885,2025-07-14 10:22:00,22980.5,22981.25,22976.25,22979.75,802,5,0.75,0.75,3.5,-1,683.35,58,287.65,185.71
MNQ SEP25,1s,1,3720,2025-07-14 10:22:01,22980,22980,22976.25,22977.5,113,3.75,2.5,0,1.25,-1,,,,
MNQ SEP25,1s,1,3721,2025-07-14 10:22:02,22977.5,22981.5,22977.5,22980.75,179,4,3.25,0.75,0,1,,,,
MNQ SEP25,1s,1,3722,2025-07-14 10:22:03,22980.5,22982.25,22979.5,22981.75,140,2.75,1.25,0.5,1,1,,,,
MNQ SEP25,1s,1,3723,2025-07-14 10:22:04,22981.75,22983,22981.75,22982.75,80,1.25,1,0.25,0,1,,,,
MNQ SEP25,1s,1,3724,2025-07-14 10:22:05,22982.75,22984,22982.25,22983.25,127,1.75,0.5,0.75,0.5,1,,,,
MNQ SEP25,1s,1,3725,2025-07-14 10:22:06,22983.25,22984.75,22982,22982.25,114,2.75,1,1.5,0.25,-1,,,,
MNQ SEP25,1s,1,3726,2025-07-14 10:22:07,22981.75,22981.75,22980.5,22980.5,42,1.25,1.25,0,0,-1,,,,
MNQ SEP25,1s,1,3727,2025-07-14 10:22:08,22980.5,22980.75,22979.5,22980.5,44,1.25,0,0.25,1,0,,,,
MNQ SEP25,1s,1,3728,2025-07-14 10:22:09,22980.75,22981.25,22980.25,22980.5,49,1,0.25,0.5,0.25,-1,,,,
MNQ SEP25,1s,1,3729,2025-07-14 10:22:10,22981,22981.25,22980.25,22980.25,24,1,0.75,0.25,0,-1,,,,
MNQ SEP25,10s,10,5772,2025-07-14 10:22:10,22980,22984.75,22976.25,22980.25,912,8.5,0.25,4.5,3.75,1,-91.1,-34.2,-316.08333333,-168.78
MNQ SEP25,1s,1,3730,2025-07-14 10:22:11,22980,22981.75,22979.5,22981.75,80,2.25,1.75,0,0.5,1,,,,
MNQ SEP25,1s,1,3731,2025-07-14 10:22:12,22981.75,22981.75,22980.5,22980.75,43,1.25,1,0,0.25,-1,,,,
MNQ SEP25,1s,1,3732,2025-07-14 10:22:13,22980.75,22981.25,22980,22980.5,42,1.25,0.25,0.5,0.5,-1,,,,
MNQ SEP25,1s,1,3733,2025-07-14 10:22:14,22980.25,22981,22980,22980.75,29,1,0.5,0.25,0.25,1,,,,
MNQ SEP25,1s,1,3734,2025-07-14 10:22:15,22980.75,22980.75,22979,22979,46,1.75,1.75,0,0,-1,,,,
MNQ SEP25,1s,1,3735,2025-07-14 10:22:16,22979.25,22980,22978.75,22980,43,1.25,0.75,0,0.5,1,,,,
MNQ SEP25,1s,1,3736,2025-07-14 10:22:17,22979.75,22980.5,22979.5,22980,15,1,0.25,0.5,0.25,1,,,,
MNQ SEP25,1s,1,3737,2025-07-14 10:22:18,22980.25,22981.25,22980,22981,74,1.25,0.75,0.25,0.25,1,,,,
MNQ SEP25,1s,1,3738,2025-07-14 10:22:19,22981,22981.25,22980.5,22980.5,19,0.75,0.5,0.25,0,-1,,,,
MNQ SEP25,1s,1,3739,2025-07-14 10:22:20,22980.75,22981.25,22980,22980,16,1.25,0.75,0.5,0,-1,,,,
MNQ SEP25,10s,10,5773,2025-07-14 10:22:20,22980,22981.75,22978.75,22980,407,3,0,1.75,1.25,0,-174.85,-83.75,-340.35,-200.97
MNQ SEP25,20s,20,5886,2025-07-14 10:22:20,22980,22984.75,22976.25,22980,1319,8.5,0,4.75,3.75,0,822.85,139.5,101.26666667,206.01
MNQ SEP25,1s,1,3740,2025-07-14 10:22:21,22980.25,22980.5,22979.5,22980.5,16,1,0.25,0,0.75,1,,,,
MNQ SEP25,1s,1,3741,2025-07-14 10:22:22,22980.5,22981.75,22980,22981.5,52,1.75,1,0.25,0.5,1,,,,
MNQ SEP25,1s,1,3742,2025-07-14 10:22:23,22981,22981.5,22980.75,22981,15,0.75,0,0.5,0.25,0,,,,
MNQ SEP25,1s,1,3743,2025-07-14 10:22:24,22981.25,22981.5,22980.25,22980.25,30,1.25,1,0.25,0,-1,,,,
MNQ SEP25,1s,1,3744,2025-07-14 10:22:25,22980.5,22980.5,22978.75,22979.5,20,1.75,1,0,0.75,-1,,,,
MNQ SEP25,1s,1,3745,2025-07-14 10:22:26,22979.75,22980.75,22979.5,22980.75,21,1.25,1,0,0.25,1,,,,
MNQ SEP25,1s,1,3746,2025-07-14 10:22:27,22980.5,22981.25,22980.25,22981,47,1,0.5,0.25,0.25,1,,,,
MNQ SEP25,1s,1,3747,2025-07-14 10:22:28,22980.5,22981.5,22980.5,22981.5,9,1,1,0,0,1,,,,
MNQ SEP25,1s,1,3748,2025-07-14 10:22:29,22981.5,22982,22981.25,22981.5,40,0.75,0,0.5,0.25,0,,,,
MNQ SEP25,1s,1,3749,2025-07-14 10:22:30,22981,22981.25,22980,22980.5,20,1.25,0.5,0.25,0.5,-1,,,,
MNQ SEP25,10s,10,5774,2025-07-14 10:22:30,22980.25,22982,22978.75,22980.5,270,3.25,0.25,1.5,1.5,1,-213.25,-38.4,-52.11666667,-214.08
MNQ SEP25,1s,1,3750,2025-07-14 10:22:31,22980.25,22980.75,22979.75,22979.75,13,1,0.5,0.5,0,-1,,,,
MNQ SEP25,1s,1,3751,2025-07-14 10:22:32,22980.25,22981.75,22979.75,22981.25,19,2,1,0.5,0.5,1,,,,
MNQ SEP25,1s,1,3752,2025-07-14 10:22:33,22981.75,22983.5,22981.5,22983,57,2,1.25,0.5,0.25,1,,,,
MNQ SEP25,1s,1,3753,2025-07-14 10:22:34,22982.75,22983,22982.5,22982.75,29,0.5,0,0.25,0.25,0,,,,
MNQ SEP25,1s,1,3754,2025-07-14 10:22:35,22983,22983.25,22982,22982,24,1.25,1,0.25,0,-1,,,,
MNQ SEP25,1s,1,3755,2025-07-14 10:22:36,22982.25,22982.25,22981.75,22981.75,18,0.5,0.5,0,0,-1,,,,
MNQ SEP25,1s,1,3756,2025-07-14 10:22:37,22981,22981.75,22980.75,22980.75,14,1,0.25,0.75,0,-1,,,,
MNQ SEP25,1s,1,3757,2025-07-14 10:22:38,22981,22981.25,22980,22980,11,1.25,1,0.25,0,-1,,,,
MNQ SEP25,1s,1,3758,2025-07-14 10:22:39,22980,22980,22979.5,22979.75,14,0.5,0.25,0,0.25,-1,,,,
MNQ SEP25,1s,1,3759,2025-07-14 10:22:40,22980,22980.5,22980,22980,19,0.5,0,0.5,0,0,,,,
MNQ SEP25,10s,10,5775,2025-07-14 10:22:40,22980.25,22983.5,22979.5,22980,218,4,0.25,3.25,0.5,-1,-257.5,-44.25,-55.46666667,-220.74
MNQ SEP25,20s,20,5887,2025-07-14 10:22:40,22980.25,22983.5,22978.75,22980,488,4.75,0.25,3.25,1.25,-1,760.15,-62.7,44.93333333,187.95
MNQ SEP25,1s,1,3760,2025-07-14 10:22:41,22980.25,22980.5,22980,22980.5,9,0.5,0.25,0,0.25,1,,,,
MNQ SEP25,1s,1,3761,2025-07-14 10:22:42,22980.25,22982,22980.25,22981.75,22,1.75,1.5,0.25,0,1,,,,
MNQ SEP25,1s,1,3762,2025-07-14 10:22:43,22982.25,22982.25,22981.25,22981.75,41,1,0.5,0,0.5,-1,,,,
MNQ SEP25,1s,1,3763,2025-07-14 10:22:44,22981.5,22982.5,22981.5,22982.5,20,1,1,0,0,1,,,,
MNQ SEP25,1s,1,3764,2025-07-14 10:22:45,22982.5,22982.75,22981,22981,28,1.75,1.5,0.25,0,-1,,,,
MNQ SEP25,1s,1,3765,2025-07-14 10:22:46,22981.5,22981.5,22980.75,22981.25,4,0.75,0.25,0,0.5,-1,,,,
MNQ SEP25,1s,1,3766,2025-07-14 10:22:47,22981.25,22982.5,22981.25,22982,15,1.25,0.75,0.5,0,1,,,,
MNQ SEP25,1s,1,3767,2025-07-14 10:22:48,22982,22982,22981,22981.25,7,1,0.75,0,0.25,-1,,,,
MNQ SEP25,1s,1,3768,2025-07-14 10:22:49,22981.25,22981.5,22981,22981.25,8,0.5,0,0.25,0.25,0,,,,
MNQ SEP25,1s,1,3769,2025-07-14 10:22:50,22981.75,22981.75,22980.75,22981,9,1,0.75,0,0.25,-1,,,,
MNQ SEP25,10s,10,5776,2025-07-14 10:22:50,22980.25,22982.75,22980,22981,163,2.75,0.75,1.75,0.25,1,-257.6,-0.1,-27.58333333,-40.14
MNQ SEP25,1s,1,3770,2025-07-14 10:22:51,22981,22981,22979.5,22980.25,23,1.5,0.75,0,0.75,-1,,,,
MNQ SEP25,1s,1,3771,2025-07-14 10:22:52,22980.25,22980.5,22980,22980.25,9,0.5,0,0.25,0.25,0,,,,
MNQ SEP25,1s,1,3772,2025-07-14 10:22:53,22980.25,22981,22980,22981,15,1,0.75,0,0.25,1,,,,
MNQ SEP25,1s,1,3773,2025-07-14 10:22:54,22980.75,22981.5,22980.5,22981,14,1,0.25,0.5,0.25,1,,,,
MNQ SEP25,1s,1,3774,2025-07-14 10:22:55,22981.5,22981.5,22980.25,22981.25,11,1.25,0.25,0,1,-1,,,,
MNQ SEP25,1s,1,3775,2025-07-14 10:22:56,22981,22982.75,22981,22982.5,58,1.75,1.5,0.25,0,1,,,,
MNQ SEP25,1s,1,3776,2025-07-14 10:22:57,22982.5,22983,22982,22982,14,1,0.5,0.5,0,-1,,,,
MNQ SEP25,1s,1,3777,2025-07-14 10:22:58,22982.5,22982.5,22981.25,22982.25,38,1.25,0.25,0,1,-1,,,,
MNQ SEP25,1s,1,3778,2025-07-14 10:22:59,22982.5,22983.25,22982,22982,27,1.25,0.5,0.75,0,-1,,,,
MNQ SEP25,1s,1,3779,2025-07-14 10:23:00,22981.75,22981.75,22981,22981.5,54,0.75,0.25,0,0.5,-1,,,,
MNQ SEP25,10s,10,5777,2025-07-14 10:23:00,22981,22983.25,22979.5,22981.5,263,3.75,0.5,1.75,1.5,1,-384.4,-126.8,-57.05,-58.66
MNQ SEP25,20s,20,5888,2025-07-14 10:23:00,22980.25,22983.25,22979.5,22981.5,426,3.75,1.25,1.75,0.75,1,-292.1,-1052.25,-325.15,-162.23
MNQ SEP25,1s,1,3780,2025-07-14 10:23:01,22981.25,22981.5,22980,22980.25,70,1.5,1,0.25,0.25,-1,,,,
MNQ SEP25,1s,1,3781,2025-07-14 10:23:02,22980.25,22981.75,22979.25,22980.5,148,2.5,0.25,1.25,1,1,,,,
MNQ SEP25,1s,1,3782,2025-07-14 10:23:03,22980.5,22981.25,22979,22979.75,46,2.25,0.75,0.75,0.75,-1,,,,
MNQ SEP25,1s,1,3783,2025-07-14 10:23:04,22979.5,22980,22978.5,22980,55,1.5,0.5,0,1,1,,,,
MNQ SEP25,1s,1,3784,2025-07-14 10:23:05,22979.5,22980.25,22979.25,22979.5,26,1,0,0.75,0.25,0,,,,
MNQ SEP25,1s,1,3785,2025-07-14 10:23:06,22979.25,22980,22979.25,22979.5,27,0.75,0.25,0.5,0,1,,,,
MNQ SEP25,1s,1,3786,2025-07-14 10:23:07,22979.75,22981.25,22979.75,22980.5,36,1.5,0.75,0.75,0,1,,,,
MNQ SEP25,1s,1,3787,2025-07-14 10:23:08,22980,22980.75,22980,22980,24,0.75,0,0.75,0,0,,,,
MNQ SEP25,1s,1,3788,2025-07-14 10:23:09,22979.75,22980.75,22979.5,22980.75,23,1.25,1,0,0.25,1,,,,
MNQ SEP25,1s,1,3789,2025-07-14 10:23:10,22980.5,22982.5,22980.5,22981.75,33,2,1.25,0.75,0,1,,,,
MNQ SEP25,10s,10,5778,2025-07-14 10:23:10,22981.25,22982.5,22978.5,22981.75,488,4,0.5,0.75,2.75,1,-380.3,4.1,-40.93333333,-41.09
MNQ SEP25,1s,1,3790,2025-07-14 10:23:11,22982.25,22983.5,22981.5,22983.5,66,2,1.25,0,0.75,1,,,,
MNQ SEP25,1s,1,3791,2025-07-14 10:23:12,22983.5,22984,22983,22983.75,50,1,0.25,0.25,0.5,1,,,,
MNQ SEP25,1s,1,3792,2025-07-14 10:23:13,22984,22984,22983,22983.25,28,1,0.75,0,0.25,-1,,,,
MNQ SEP25,1s,1,3793,2025-07-14 10:23:14,22983.25,22984.25,22983.25,22984,50,1,0.75,0.25,0,1,,,,
MNQ SEP25,1s,1,3794,2025-07-14 10:23:15,22983.5,22984,22983,22983,21,1,0.5,0.5,0,-1,,,,
MNQ SEP25,1s,1,3795,2025-07-14 10:23:16,22982.75,22983.5,22982.75,22983,14,0.75,0.25,0.5,0,1,,,,
MNQ SEP25,1s,1,3796,2025-07-14 10:23:17,22983,22984,22983,22984,25,1,1,0,0,1,,,,
MNQ SEP25,1s,1,3797,2025-07-14 10:23:18,22983.75,22984.25,22983.5,22983.75,25,0.75,0,0.5,0.25,0,,,,
MNQ SEP25,1s,1,3798,2025-07-14 10:23:19,22984.25,22984.5,22983.75,22984,21,0.75,0.25,0.25,0.25,-1,,,,
MNQ SEP25,1s,1,3799,2025-07-14 10:23:20,22984.25,22984.25,22984,22984,22,0.25,0.25,0,0,-1,,,,
MNQ SEP25,10s,10,5779,2025-07-14 10:23:20,22982.25,22984.5,22981.5,22984,322,3,1.75,0.5,0.75,1,-367.1,13.2,-36.5,-30.77
MNQ SEP25,20s,20,5889,2025-07-14 10:23:20,22981.25,22984.5,22978.5,22984,810,6,2.75,0.5,2.75,1,-400.35,-108.25,-407.73333333,-205.14
MNQ SEP25,1s,1,3800,2025-07-14 10:23:21,22983.75,22984.5,22983.75,22983.75,48,0.75,0,0.75,0,0,,,,
MNQ SEP25,1s,1,3801,2025-07-14 10:23:22,22983.75,22983.75,22983.25,22983.75,28,0.5,0,0,0.5,0,,,,
MNQ SEP25,1s,1,3802,2025-07-14 10:23:23,22984,22984,22982,22982,21,2,2,0,0,-1,,,,
MNQ SEP25,1s,1,3803,2025-07-14 10:23:24,22982.25,22982.25,22981.5,22981.5,28,0.75,0.75,0,0,-1,,,,
MNQ SEP25,1s,1,3804,2025-07-14 10:23:25,22981.5,22981.75,22981,22981,5,0.75,0.5,0.25,0,-1,,,,
MNQ SEP25,1s,1,3805,2025-07-14 10:23:26,22981.25,22981.5,22980.75,22981,19,0.75,0.25,0.25,0.25,-1,,,,
MNQ SEP25,1s,1,3806,2025-07-14 10:23:27,22981,22981.5,22981,22981.5,3,0.5,0.5,0,0,1,,,,
MNQ SEP25,1s,1,3807,2025-07-14 10:23:28,22981.25,22981.5,22980.75,22981.25,22,0.75,0,0.25,0.5,0,,,,
MNQ SEP25,1s,1,3808,2025-07-14 10:23:29,22981.25,22982,22981.25,22981.25,15,0.75,0,0.75,0,0,,,,
MNQ SEP25,1s,1,3809,2025-07-14 10:23:30,22981.25,22981.75,22980.75,22981.25,33,1,0,0.5,0.5,0,,,,
MNQ SEP25,10s,10,5780,2025-07-14 10:23:30,22983.75,22984.5,22980.75,22981.25,222,3.75,2.5,0.75,0.5,-1,-354.8,12.3,9.86666667,-19.46
MNQ SEP25,1s,1,3810,2025-07-14 10:23:31,22981,22981.25,22980.75,22980.75,15,0.5,0.25,0.25,0,-1,,,,
MNQ SEP25,1s,1,3811,2025-07-14 10:23:32,22981.25,22981.25,22979.75,22980,52,1.5,1.25,0,0.25,-1,,,,
MNQ SEP25,1s,1,3812,2025-07-14 10:23:33,22980.25,22982,22980.25,22981.5,27,1.75,1.25,0.5,0,1,,,,
MNQ SEP25,1s,1,3813,2025-07-14 10:23:34,22981.75,22982.5,22981.25,22982,39,1.25,0.25,0.5,0.5,1,,,,
MNQ SEP25,1s,1,3814,2025-07-14 10:23:35,22981.75,22982.25,22981.5,22982.25,12,0.75,0.5,0,0.25,1,,,,
MNQ SEP25,1s,1,3815,2025-07-14 10:23:36,22982.75,22982.75,22982.5,22982.5,5,0.25,0.25,0,0,-1,,,,
MNQ SEP25,1s,1,3816,2025-07-14 10:23:37,22982.5,22983,22982,22982,10,1,0.5,0.5,0,-1,,,,
MNQ SEP25,1s,1,3817,2025-07-14 10:23:38,22982.25,22982.25,22981,22981.75,25,1.25,0.5,0,0.75,-1,,,,
MNQ SEP25,1s,1,3818,2025-07-14 10:23:39,22981.75,22982.25,22981.5,22982,18,0.75,0.25,0.25,0.25,1,,,,
MNQ SEP25,1s,1,3819,2025-07-14 10:23:40,22982.25,22983.75,22982,22983.5,42,1.75,1.25,0.25,0.25,1,,,,
MNQ SEP25,10s,10,5781,2025-07-14 10:23:40,22981,22983.75,22979.75,22983.5,245,4,2.5,0.25,1.25,1,-334.25,20.55,15.35,-15.33
MNQ SEP25,20s,20,5890,2025-07-14 10:23:40,22983.75,22984.5,22979.75,22983.5,467,4.75,0.25,0.75,3.75,-1,-426.75,-26.4,-395.63333333,-222.02
MNQ SEP25,1s,1,3820,2025-07-14 10:23:41,22983.75,22985.25,22983.5,22984.25,95,1.75,0.5,1,0.25,1,,,,
MNQ SEP25,1s,1,3821,2025-07-14 10:23:42,22984.25,22984.5,22982.75,22983,51,1.75,1.25,0.25,0.25,-1,,,,
MNQ SEP25,1s,1,3822,2025-07-14 10:23:43,22982.5,22983.5,22982.25,22983,42,1.25,0.5,0.5,0.25,1,,,,
MNQ SEP25,1s,1,3823,2025-07-14 10:23:44,22982.5,22983,22982.25,22982.5,19,0.75,0,0.5,0.25,0,,,,
MNQ SEP25,1s,1,3824,2025-07-14 10:23:45,22982.25,22982.5,22982.25,22982.25,17,0.25,0,0.25,0,0,,,,
MNQ SEP25,1s,1,3825,2025-07-14 10:23:46,22982,22982.25,22981.5,22981.75,25,0.75,0.25,0.25,0.25,-1,,,,
MNQ SEP25,1s,1,3826,2025-07-14 10:23:47,22982,22982.25,22981.5,22981.75,22,0.75,0.25,0.25,0.25,-1,,,,
MNQ SEP25,1s,1,3827,2025-07-14 10:23:48,22981.5,22981.75,22981.25,22981.25,11,0.5,0.25,0.25,0,-1,,,,
MNQ SEP25,1s,1,3828,2025-07-14 10:23:49,22981.75,22982,22981,22981,22,1,0.75,0.25,0,-1,,,,
MNQ SEP25,1s,1,3829,2025-07-14 10:23:50,22981,22981.25,22980.5,22980.75,26,0.75,0.25,0.25,0.25,-1,,,,
MNQ SEP25,10s,10,5782,2025-07-14 10:23:50,22983.75,22985.25,22980.5,22980.75,330,4.75,3,1.5,0.25,-1,-325.1,9.15,14,11.86
MNQ SEP25,1s,1,3830,2025-07-14 10:23:51,22980.5,22981,22980.5,22981,21,0.5,0.5,0,0,1,,,,
MNQ SEP25,1s,1,3831,2025-07-14 10:23:52,22981,22981,22980.5,22981,11,0.5,0,0,0.5,0,,,,
MNQ SEP25,1s,1,3832,2025-07-14 10:23:53,22981,22981,22979,22979,78,2,2,0,0,-1,,,,
MNQ SEP25,1s,1,3833,2025-07-14 10:23:54,22979,22979.5,22978.75,22979.25,51,0.75,0.25,0.25,0.25,1,,,,
MNQ SEP25,1s,1,3834,2025-07-14 10:23:55,22979,22979.5,22979,22979.5,19,0.5,0.5,0,0,1,,,,
MNQ SEP25,1s,1,3835,2025-07-14 10:23:56,22979.5,22979.75,22979,22979.75,24,0.75,0.25,0,0.5,1,,,,
MNQ SEP25,1s,1,3836,2025-07-14 10:23:57,22979.5,22980.25,22979.25,22980.25,19,1,0.75,0,0.25,1,,,,
MNQ SEP25,1s,1,3837,2025-07-14 10:23:58,22980.25,22980.5,22979.25,22979.75,43,1.25,0.5,0.25,0.5,-1,,,,
MNQ SEP25,1s,1,3838,2025-07-14 10:23:59,22979.75,22979.75,22979,22979,13,0.75,0.75,0,0,-1,,,,
MNQ SEP25,1s,1,3839,2025-07-14 10:24:00,22979.25,22979.75,22977.75,22978.5,77,2,0.75,0.5,0.75,-1,,,,
MNQ SEP25,10s,10,5783,2025-07-14 10:24:00,22980.5,22981,22977.75,22978.5,356,3.25,2,0.5,0.75,-1,-352.1,-27,0.9,5.64
MNQ SEP25,20s,20,5891,2025-07-14 10:24:00,22983.75,22985.25,22977.75,22978.5,686,7.5,5.25,1.5,0.75,-1,-547.1,-120.35,-85,-273.99
MNQ SEP25,1s,1,3840,2025-07-14 10:24:01,22978.25,22979.75,22978,22979.25,71,1.75,1,0.5,0.25,1,,,,
MNQ SEP25,1s,1,3841,2025-07-14 10:24:02,22979.5,22979.5,22978,22978,71,1.5,1.5,0,0,-1,,,,
MNQ SEP25,1s,1,3842,2025-07-14 10:24:03,22978.25,22978.5,22977,22977.5,81,1.5,0.75,0.25,0.5,-1,,,,
MNQ SEP25,1s,1,3843,2025-07-14 10:24:04,22977.5,22978,22977.25,22978,75,0.75,0.5,0,0.25,1,,,,
MNQ SEP25,1s,1,3844,2025-07-14 10:24:05,22978,22978.75,22977.25,22977.75,71,1.5,0.25,0.75,0.5,-1,,,,
MNQ SEP25,1s,1,3845,2025-07-14 10:24:06,22977.75,22978.75,22977.5,22978,52,1.25,0.25,0.75,0.25,1,,,,
MNQ SEP25,1s,1,3846,2025-07-14 10:24:07,22978,22978.25,22975.5,22977.25,143,2.75,0.75,0.25,1.75,-1,,,,
MNQ SEP25,1s,1,3847,2025-07-14 10:24:08,22977.25,22977.75,22975,22975,98,2.75,2.25,0.5,0,-1,,,,
MNQ SEP25,1s,1,3848,2025-07-14 10:24:09,22975,22975.25,22973.25,22974.25,198,2,0.75,0.25,1,-1,,,,
MNQ SEP25,1s,1,3849,2025-07-14 10:24:10,22974,22974,22972.75,22973.25,124,1.25,0.75,0,0.5,-1,,,,
MNQ SEP25,10s,10,5784,2025-07-14 10:24:10,22978.25,22979.75,22972.75,22973.25,984,7,5,1.5,0.5,-1,-252.65,99.45,27.2,22.89
MNQ SEP25,1s,1,3850,2025-07-14 10:24:11,22973,22973,22971,22972.25,270,2,0.75,0,1.25,-1,,,,
MNQ SEP25,1s,1,3851,2025-07-14 10:24:12,22972.25,22973.25,22971.75,22972,107,1.5,0.25,1,0.25,-1,,,,
MNQ SEP25,1s,1,3852,2025-07-14 10:24:13,22972,22973,22971.25,22971.5,84,1.75,0.5,1,0.25,-1,,,,
MNQ SEP25,1s,1,3853,2025-07-14 10:24:14,22971.75,22972.25,22971.25,22971.5,71,1,0.25,0.5,0.25,-1,,,,
MNQ SEP25,1s,1,3854,2025-07-14 10:24:15,22971.25,22971.75,22971,22971.75,42,0.75,0.5,0,0.25,1,,,,
MNQ SEP25,1s,1,3855,2025-07-14 10:24:16,22971.75,22973,22971.25,22972.5,88,1.75,0.75,0.5,0.5,1,,,,
MNQ SEP25,1s,1,3856,2025-07-14 10:24:17,22973,22973,22971.75,22972.5,71,1.25,0.5,0,0.75,-1,,,,
MNQ SEP25,1s,1,3857,2025-07-14 10:24:18,22972.75,22973,22972.5,22973,27,0.5,0.25,0,0.25,1,,,,
MNQ SEP25,1s,1,3858,2025-07-14 10:24:19,22973,22973.75,22972.75,22973.25,33,1,0.25,0.5,0.25,1,,,,
MNQ SEP25,1s,1,3859,2025-07-14 10:24:20,22973,22974,22972.75,22974,33,1.25,1,0,0.25,1,,,,
MNQ SEP25,10s,10,5785,2025-07-14 10:24:20,22973,22974,22971,22974,826,3,1,0,2,1,-147.55,105.1,59.18333333,41.45
MNQ SEP25,20s,20,5892,2025-07-14 10:24:20,22978.25,22979.75,22971,22974,1810,8.75,4.25,1.5,3,-1,-288.2,258.9,37.38333333,-209.67
MNQ SEP25,1s,1,3860,2025-07-14 10:24:21,22973.75,22974.75,22973.25,22973.25,76,1.5,0.5,1,0,-1,,,,
MNQ SEP25,1s,1,3861,2025-07-14 10:24:22,22973.25,22974.5,22973,22974,36,1.5,0.75,0.5,0.25,1,,,,
MNQ SEP25,1s,1,3862,2025-07-14 10:24:23,22973.75,22974.25,22973,22973.5,29,1.25,0.25,0.5,0.5,-1,,,,
MNQ SEP25,1s,1,3863,2025-07-14 10:24:24,22973,22975.25,22973,22975.25,33,2.25,2.25,0,0,1,,,,
MNQ SEP25,1s,1,3864,2025-07-14 10:24:25,22975,22975.75,22974.5,22975,56,1.25,0,0.75,0.5,0,,,,
MNQ SEP25,1s,1,3865,2025-07-14 10:24:26,22975,22975.25,22974.25,22975,39,1,0,0.25,0.75,0,,,,
MNQ SEP25,1s,1,3866,2025-07-14 10:24:27,22975.25,22975.5,22974.5,22975.25,21,1,0,0.25,0.75,0,,,,
MNQ SEP25,1s,1,3867,2025-07-14 10:24:28,22975,22975.25,22974.75,22975,40,0.5,0,0.25,0.25,0,,,,
MNQ SEP25,1s,1,3868,2025-07-14 10:24:29,22975.5,22976.25,22975,22975.75,39,1.25,0.25,0.5,0.5,1,,,,
MNQ SEP25,1s,1,3869,2025-07-14 10:24:30,22974.75,22976.75,22974.5,22975.75,34,2.25,1,1,0.25,1,,,,
MNQ SEP25,10s,10,5786,2025-07-14 10:24:30,22973.75,22976.75,22973,22975.75,403,3.75,2,1,0.75,1,107,254.55,153.03333333,88.25
MNQ SEP25,1s,1,3870,2025-07-14 10:24:31,22975.25,22976.25,22974.75,22976,29,1.5,0.75,0.25,0.5,1,,,,
MNQ SEP25,1s,1,3871,2025-07-14 10:24:32,22976.25,22976.25,22975.5,22975.5,22,0.75,0.75,0,0,-1,,,,
MNQ SEP25,1s,1,3872,2025-07-14 10:24:33,22976.25,22976.25,22975.25,22976,14,1,0.25,0,0.75,-1,,,,
MNQ SEP25,1s,1,3873,2025-07-14 10:24:34,22975.5,22975.75,22975,22975,12,0.75,0.5,0.25,0,-1,,,,
MNQ SEP25,1s,1,3874,2025-07-14 10:24:35,22975.75,22976,22975.5,22975.75,20,0.5,0,0.25,0.25,0,,,,
MNQ SEP25,1s,1,3875,2025-07-14 10:24:36,22976,22976.5,22973.75,22973.75,50,2.75,2.25,0.5,0,-1,,,,
MNQ SEP25,1s,1,3876,2025-07-14 10:24:37,22973.5,22975,22973.25,22975,15,1.75,1.5,0,0.25,1,,,,
MNQ SEP25,1s,1,3877,2025-07-14 10:24:38,22974.75,22975,22974.5,22974.75,13,0.5,0,0.25,0.25,0,,,,
MNQ SEP25,1s,1,3878,2025-07-14 10:24:39,22974.75,22976.5,22974.75,22975.5,47,1.75,0.75,1,0,1,,,,
MNQ SEP25,1s,1,3879,2025-07-14 10:24:40,22975.75,22976.5,22975.75,22976.5,23,0.75,0.75,0,0,1,,,,
MNQ SEP25,10s,10,5787,2025-07-14 10:24:40,22975.25,22976.5,22973.25,22976.5,245,3.25,1.25,0,2,1,124.35,17.35,125.66666667,89.89
MNQ SEP25,20s,20,5893,2025-07-14 10:24:40,22973.75,22976.75,22973,22976.5,648,3.75,2.75,0.25,0.75,1,-196.45,91.75,76.76666667,19.13
MNQ SEP25,1s,1,3880,2025-07-14 10:24:41,22976.75,22978.25,22976.5,22977.75,74,1.75,1,0.5,0.25,1,,,,
MNQ SEP25,1s,1,3881,2025-07-14 10:24:42,22978,22978.25,22977.75,22978,26,0.5,0,0.25,0.25,0,,,,
MNQ SEP25,1s,1,3882,2025-07-14 10:24:43,22977.75,22977.75,22976.75,22977.25,40,1,0.5,0,0.5,-1,,,,
MNQ SEP25,1s,1,3883,2025-07-14 10:24:44,22977.75,22978.75,22977.25,22977.75,53,1.5,0,1,0.5,0,,,,
MNQ SEP25,1s,1,3884,2025-07-14 10:24:45,22977.5,22977.75,22975.5,22975.5,33,2.25,2,0.25,0,-1,,,,
MNQ SEP25,1s,1,3885,2025-07-14 10:24:46,22975.5,22975.75,22974.75,22975.25,37,1,0.25,0.25,0.5,-1,,,,
MNQ SEP25,1s,1,3886,2025-07-14 10:24:47,22974.75,22975.5,22974.25,22975,27,1.25,0.25,0.5,0.5,1,,,,
MNQ SEP25,1s,1,3887,2025-07-14 10:24:48,22975.5,22975.75,22975,22975.5,11,0.75,0,0.25,0.5,0,,,,
MNQ SEP25,1s,1,3888,2025-07-14 10:24:49,22975.75,22975.75,22975.5,22975.75,5,0.25,0,0,0.25,0,,,,
MNQ SEP25,1s,1,3889,2025-07-14 10:24:50,22975.5,22975.75,22975.25,22975.5,22,0.5,0,0.25,0.25,0,,,,
MNQ SEP25,10s,10,5788,2025-07-14 10:24:50,22976.75,22978.75,22974.25,22975.5,328,4.5,1.25,2,1.25,-1,143,18.65,96.85,99.02
MNQ SEP25,1s,1,3890,2025-07-14 10:24:51,22975.75,22975.75,22975.25,22975.5,22,0.5,0.25,0,0.25,-1,,,,
MNQ SEP25,1s,1,3891,2025-07-14 10:24:52,22975.25,22975.75,22975,22975.25,21,0.75,0,0.5,0.25,0,,,,
MNQ SEP25,1s,1,3892,2025-07-14 10:24:53,22975,22975,22974.5,22975,23,0.5,0,0,0.5,0,,,,
MNQ SEP25,1s,1,3893,2025-07-14 10:24:54,22975.25,22975.75,22975,22975.75,18,0.75,0.5,0,0.25,1,,,,
MNQ SEP25,1s,1,3894,2025-07-14 10:24:55,22976,22976.25,22975.5,22975.5,28,0.75,0.5,0.25,0,-1,,,,
MNQ SEP25,1s,1,3895,2025-07-14 10:24:56,22976,22976,22975.25,22975.5,7,0.75,0.5,0,0.25,-1,,,,
MNQ SEP25,1s,1,3896,2025-07-14 10:24:57,22975,22975,22974,22974.75,30,1,0.25,0,0.75,-1,,,,
MNQ SEP25,1s,1,3897,2025-07-14 10:24:58,22975,22975.25,22974,22974.5,35,1.25,0.5,0.25,0.5,-1,,,,
MNQ SEP25,1s,1,3898,2025-07-14 10:24:59,22974.25,22975.75,22974.25,22975.25,15,1.5,1,0.5,0,1,,,,
MNQ SEP25,1s,1,3899,2025-07-14 10:25:00,22975.5,22977.75,22975.5,22977.75,40,2.25,2.25,0,0,1,,,,
MNQ SEP25,10s,10,5789,2025-07-14 10:25:00,22975.75,22977.75,22974,22977.75,239,3.75,2,0,1.75,1,7.05,-135.95,-33.31666667,51.94
MNQ SEP25,20s,20,5894,2025-07-14 10:25:00,22976.75,22978.75,22974,22977.75,567,4.75,1,1,2.75,1,-232.2,-35.75,104.96666667,33.63
MNQ SEP25,1s,1,3900,2025-07-14 10:25:01,22977.5,22978.25,22977,22977.75,67,1.25,0.25,0.5,0.5,1,,,,
MNQ SEP25,1s,1,3901,2025-07-14 10:25:02,22977.75,22978.5,22977.25,22978,49,1.25,0.25,0.5,0.5,1,,,,
MNQ SEP25,1s,1,3902,2025-07-14 10:25:03,22978.5,22978.5,22976.5,22977,52,2,1.5,0,0.5,-1,,,,
MNQ SEP25,1s,1,3903,2025-07-14 10:25:04,22977.25,22977.25,22975.5,22976.75,37,1.75,0.5,0,1.25,-1,,,,
MNQ SEP25,1s,1,3904,2025-07-14 10:25:05,22976.25,22976.75,22975.75,22976.75,16,1,0.5,0,0.5,1,,,,
MNQ SEP25,1s,1,3905,2025-07-14 10:25:06,22976.75,22977.25,22975.75,22975.75,23,1.5,1,0.5,0,-1,,,,
MNQ SEP25,1s,1,3906,2025-07-14 10:25:07,22976,22977,22976,22976.75,17,1,0.75,0.25,0,1,,,,
MNQ SEP25,1s,1,3907,2025-07-14 10:25:08,22976.75,22976.75,22976,22976.5,13,0.75,0.25,0,0.5,-1,,,,
MNQ SEP25,1s,1,3908,2025-07-14 10:25:09,22976.25,22976.25,22976,22976.25,4,0.25,0,0,0.25,0,,,,
MNQ SEP25,1s,1,3909,2025-07-14 10:25:10,22976.5,22978,22976.25,22978,77,1.75,1.5,0,0.25,1,,,,
MNQ SEP25,10s,10,5790,2025-07-14 10:25:10,22977.5,22978.5,22975.5,22978,355,3,0.5,0.5,2,1,-81.25,-88.3,-68.53333333,13.26
MNQ SEP25,1s,1,3910,2025-07-14 10:25:11,22978,22978.25,22977,22977.5,69,1.25,0.5,0.25,0.5,-1,,,,
MNQ SEP25,1s,1,3911,2025-07-14 10:25:12,22977.25,22977.75,22976,22976.75,31,1.75,0.5,0.5,0.75,-1,,,,
MNQ SEP25,1s,1,3912,2025-07-14 10:25:13,22976.75,22977.5,22976.5,22977.5,29,1,0.75,0,0.25,1,,,,
MNQ SEP25,1s,1,3913,2025-07-14 10:25:14,22977.25,22977.25,22975.75,22976.25,62,1.5,1,0,0.5,-1,,,,
MNQ SEP25,1s,1,3914,2025-07-14 10:25:15,22976.25,22977.5,22975.75,22977.25,12,1.75,1,0.25,0.5,1,,,,
MNQ SEP25,1s,1,3915,2025-07-14 10:25:16,22977.5,22977.5,22976.75,22977.25,25,0.75,0.25,0,0.5,-1,,,,
MNQ SEP25,1s,1,3916,2025-07-14 10:25:17,22977.75,22978.5,22977.5,22977.75,23,1,0,0.75,0.25,0,,,,
MNQ SEP25,1s,1,3917,2025-07-14 10:25:18,22978,22978.5,22977,22977,39,1.5,1,0.5,0,-1,,,,
MNQ SEP25,1s,1,3918,2025-07-14 10:25:19,22976.75,22976.75,22975,22975.5,48,1.75,1.25,0,0.5,-1,,,,
MNQ SEP25,1s,1,3919,2025-07-14 10:25:20,22975.25,22975.75,22974.5,22974.5,13,1.25,0.75,0.5,0,-1,,,,
MNQ SEP25,10s,10,5791,2025-07-14 10:25:20,22978,22978.5,22974.5,22974.5,351,4,3.5,0.5,0,-1,-92.75,-11.5,-78.58333333,-39.95
MNQ SEP25,20s,20,5895,2025-07-14 10:25:20,22977.5,22978.5,22974.5,22974.5,706,4,3,1,0,-1,-179.25,52.95,36.31666667,49.5
MNQ SEP25,1s,1,3920,2025-07-14 10:25:21,22975,22975,22972.5,22973,115,2.5,2,0,0.5,-1,,,,
MNQ SEP25,1s,1,3921,2025-07-14 10:25:22,22973,22973,22969,22971.75,237,4,1.25,0,2.75,-1,,,,
MNQ SEP25,1s,1,3922,2025-07-14 10:25:23,22971.5,22972.25,22970.75,22970.75,60,1.5,0.75,0.75,0,-1,,,,
MNQ SEP25,1s,1,3923,2025-07-14 10:25:24,22971.25,22971.25,22969.75,22970,79,1.5,1.25,0,0.25,-1,,,,
MNQ SEP25,1s,1,3924,2025-07-14 10:25:25,22970.5,22971.25,22968.25,22969.25,215,3,1.25,0.75,1,-1,,,,
MNQ SEP25,1s,1,3925,2025-07-14 10:25:26,22969,22969.75,22968.75,22969.75,107,1,0.75,0,0.25,1,,,,
MNQ SEP25,1s,1,3926,2025-07-14 10:25:27,22969.25,22970.5,22968.5,22970.25,67,2,1,0.25,0.75,1,,,,
MNQ SEP25,1s,1,3927,2025-07-14 10:25:28,22970,22971.75,22969.75,22971.5,96,2,1.5,0.25,0.25,1,,,,
MNQ SEP25,1s,1,3928,2025-07-14 10:25:29,22971.5,22971.75,22969.75,22970.25,61,2,1.25,0.25,0.5,-1,,,,
MNQ SEP25,1s,1,3929,2025-07-14 10:25:30,22970.25,22972,22969.5,22972,55,2.5,1.75,0,0.75,1,,,,
MNQ SEP25,10s,10,5792,2025-07-14 10:25:30,22975,22975,22968.25,22972,1092,6.75,3,0,3.75,-1,67.65,160.4,20.2,-11.34
MNQ SEP25,1s,1,3930,2025-07-14 10:25:31,22972.25,22972.5,22971.25,22972,37,1.25,0.25,0.25,0.75,-1,,,,
MNQ SEP25,1s,1,3931,2025-07-14 10:25:32,22972.5,22973.25,22972.25,22973,55,1,0.5,0.25,0.25,1,,,,
MNQ SEP25,1s,1,3932,2025-07-14 10:25:33,22973,22973.5,22971,22971,130,2.5,2,0.5,0,-1,,,,
MNQ SEP25,1s,1,3933,2025-07-14 10:25:34,22971.25,22971.5,22969.5,22969.75,40,2,1.5,0.25,0.25,-1,,,,
MNQ SEP25,1s,1,3934,2025-07-14 10:25:35,22969.5,22970.25,22968.75,22968.75,48,1.5,0.75,0.75,0,-1,,,,
MNQ SEP25,1s,1,3935,2025-07-14 10:25:36,22969,22969.5,22968,22968.25,77,1.5,0.75,0.5,0.25,-1,,,,
MNQ SEP25,1s,1,3936,2025-07-14 10:25:37,22968,22968.5,22967.5,22967.75,67,1,0.25,0.5,0.25,-1,,,,
MNQ SEP25,1s,1,3937,2025-07-14 10:25:38,22967.75,22967.75,22962,22965,439,5.75,2.75,0,3,-1,,,,
MNQ SEP25,1s,1,3938,2025-07-14 10:25:39,22965,22966.25,22964.5,22965.75,184,1.75,0.75,0.5,0.5,1,,,,
MNQ SEP25,1s,1,3939,2025-07-14 10:25:40,22966,22966.5,22965,22965,80,1.5,1,0.5,0,-1,,,,
MNQ SEP25,10s,10,5793,2025-07-14 10:25:40,22972.25,22973.5,22962,22965,1157,11.5,7.25,1.25,3,-1,195.95,128.3,92.4,10.59
MNQ SEP25,20s,20,5896,2025-07-14 10:25:40,22975,22975,22962,22965,2249,13,10,0,3,-1,54.1,233.35,83.51666667,120.24
MNQ SEP25,1s,1,3940,2025-07-14 10:25:41,22965.75,22966.5,22964.5,22965,34,2,0.75,0.75,0.5,-1,,,,
MNQ SEP25,1s,1,3941,2025-07-14 10:25:42,22965.25,22965.5,22964.75,22965.25,41,0.75,0,0.25,0.5,0,,,,
MNQ SEP25,1s,1,3942,2025-07-14 10:25:43,22965.25,22967.25,22965,22966.5,59,2.25,1.25,0.75,0.25,1,,,,
MNQ SEP25,1s,1,3943,2025-07-14 10:25:44,22966.75,22967.25,22966.25,22966.75,50,1,0,0.5,0.5,0,,,,
MNQ SEP25,1s,1,3944,2025-07-14 10:25:45,22966.5,22967.25,22966.5,22967,19,0.75,0.5,0.25,0,1,,,,
MNQ SEP25,1s,1,3945,2025-07-14 10:25:46,22966.5,22967,22965,22965.5,29,2,1,0.5,0.5,-1,,,,
MNQ SEP25,1s,1,3946,2025-07-14 10:25:47,22965.75,22966.25,22965,22965,43,1.25,0.75,0.5,0,-1,,,,
MNQ SEP25,1s,1,3947,2025-07-14 10:25:48,22965.25,22965.25,22964,22964,25,1.25,1.25,0,0,-1,,,,
MNQ SEP25,1s,1,3948,2025-07-14 10:25:49,22963.75,22964.75,22963.75,22963.75,31,1,0,1,0,0,,,,
MNQ SEP25,1s,1,3949,2025-07-14 10:25:50,22963.75,22965.5,22963.75,22965.5,50,1.75,1.75,0,0,1,,,,
MNQ SEP25,10s,10,5794,2025-07-14 10:25:50,22965.75,22967.25,22963.75,22965.5,381,3.5,0.25,1.5,1.75,-1,218.8,22.85,103.85,42.35
MNQ SEP25,1s,1,3950,2025-07-14 10:25:51,22965.25,22965.25,22963.75,22963.75,53,1.5,1.5,0,0,-1,,,,
MNQ SEP25,1s,1,3951,2025-07-14 10:25:52,22963.75,22965,22963.5,22963.5,22,1.5,0.25,1.25,0,-1,,,,
MNQ SEP25,1s,1,3952,2025-07-14 10:25:53,22963.75,22963.75,22962.75,22962.75,28,1,1,0,0,-1,,,,
MNQ SEP25,1s,1,3953,2025-07-14 10:25:54,22962.75,22963.75,22962.5,22963,112,1.25,0.25,0.75,0.25,1,,,,
MNQ SEP25,1s,1,3954,2025-07-14 10:25:55,22962.75,22963.5,22962.75,22963,37,0.75,0.25,0.5,0,1,,,,
MNQ SEP25,1s,1,3955,2025-07-14 10:25:56,22963.25,22963.25,22962,22962.25,65,1.25,1,0,0.25,-1,,,,
MNQ SEP25,1s,1,3956,2025-07-14 10:25:57,22962.75,22964.5,22962,22964.25,84,2.5,1.5,0.25,0.75,1,,,,
MNQ SEP25,1s,1,3957,2025-07-14 10:25:58,22964,22964.5,22963.75,22964.5,54,0.75,0.5,0,0.25,1,,,,
MNQ SEP25,1s,1,3958,2025-07-14 10:25:59,22964.5,22966.25,22964,22965.5,81,2.25,1,0.75,0.5,1,,,,
MNQ SEP25,1s,1,3959,2025-07-14 10:26:00,22965.5,22966,22964,22964.25,54,2,1.25,0.5,0.25,-1,,,,
MNQ SEP25,10s,10,5795,2025-07-14 10:26:00,22965.25,22966.25,22962,22964.25,590,4.25,1,1,2.25,-1,247.2,28.4,59.85,65.69
MNQ SEP25,20s,20,5897,2025-07-14 10:26:00,22965.75,22967.25,22962,22964.25,971,5.25,1.5,1.5,2.25,-1,-123.5,-177.6,36.23333333,32.94
MNQ SEP25,1s,1,3960,2025-07-14 10:26:01,22963.75,22964.25,22962.25,22963.5,99,2,0.25,0.5,1.25,-1,,,,
MNQ SEP25,1s,1,3961,2025-07-14 10:26:02,22963.25,22964.5,22962.75,22964.25,64,1.75,1,0.25,0.5,1,,,,
MNQ SEP25,1s,1,3962,2025-07-14 10:26:03,22964,22964.5,22963.5,22963.75,43,1,0.25,0.5,0.25,-1,,,,
MNQ SEP25,1s,1,3963,2025-07-14 10:26:04,22963.75,22966,22963.5,22964.75,93,2.5,1,1.25,0.25,1,,,,
MNQ SEP25,1s,1,3964,2025-07-14 10:26:05,22964.75,22965,22964,22965,36,1,0.25,0,0.75,1,,,,
MNQ SEP25,1s,1,3965,2025-07-14 10:26:06,22965,22965,22963.25,22964,48,1.75,1,0,0.75,-1,,,,
MNQ SEP25,1s,1,3966,2025-07-14 10:26:07,22964,22964.5,22963.5,22963.5,40,1,0.5,0.5,0,-1,,,,
MNQ SEP25,1s,1,3967,2025-07-14 10:26:08,22963.5,22965.25,22963.25,22964.25,44,2,0.75,1,0.25,1,,,,
MNQ SEP25,1s,1,3968,2025-07-14 10:26:09,22964,22964.5,22963.75,22964.25,17,0.75,0.25,0.25,0.25,1,,,,
MNQ SEP25,1s,1,3969,2025-07-14 10:26:10,22963.75,22964.25,22963.25,22963.75,40,1,0,0.5,0.5,0,,,,
MNQ SEP25,10s,10,5796,2025-07-14 10:26:10,22963.75,22966,22962.25,22963.75,524,3.75,0,2.25,1.5,0,263.75,16.55,22.6,71.3
MNQ SEP25,1s,1,3970,2025-07-14 10:26:11,22963.5,22963.75,22962,22962.75,23,1.75,0.75,0.25,0.75,-1,,,,
MNQ SEP25,1s,1,3971,2025-07-14 10:26:12,22963,22963,22961.5,22962.75,67,1.5,0.25,0,1.25,-1,,,,
MNQ SEP25,1s,1,3972,2025-07-14 10:26:13,22962.75,22963.5,22962,22962,70,1.5,0.75,0.75,0,-1,,,,
MNQ SEP25,1s,1,3973,2025-07-14 10:26:14,22962.25,22965,22962.25,22965,23,2.75,2.75,0,0,1,,,,
MNQ SEP25,1s,1,3974,2025-07-14 10:26:15,22964.5,22965,22963.75,22964,27,1.25,0.5,0.5,0.25,-1,,,,
MNQ SEP25,1s,1,3975,2025-07-14 10:26:16,22963.75,22965,22963.25,22964.75,49,1.75,1,0.25,0.5,1,,,,
MNQ SEP25,1s,1,3976,2025-07-14 10:26:17,22964.75,22965.5,22964.5,22965.5,43,1,0.75,0,0.25,1,,,,
MNQ SEP25,1s,1,3977,2025-07-14 10:26:18,22965.5,22966.75,22965.25,22965.5,65,1.5,0,1.25,0.25,0,,,,
MNQ SEP25,1s,1,3978,2025-07-14 10:26:19,22965.25,22965.5,22963.75,22964.75,52,1.75,0.5,0.25,1,-1,,,,
MNQ SEP25,1s,1,3979,2025-07-14 10:26:20,22965,22965.5,22963.75,22964.25,63,1.75,0.75,0.5,0.5,-1,,,,
MNQ SEP25,10s,10,5797,2025-07-14 10:26:20,22963.5,22966.75,22961.5,22964.25,482,5.25,0.75,2.5,2,1,130.8,-132.95,-29.33333333,12.63
MNQ SEP25,20s,20,5898,2025-07-14 10:26:20,22963.75,22966.75,22961.5,22964.25,1006,5.25,0.5,2.5,2.25,1,-44.8,78.7,44.81666667,30.33
MNQ SEP25,1s,1,3980,2025-07-14 10:26:21,22963.75,22963.75,22962.5,22962.5,17,1.25,1.25,0,0,-1,,,,
MNQ SEP25,1s,1,3981,2025-07-14 10:26:22,22963,22963,22962.5,22962.5,16,0.5,0.5,0,0,-1,,,,
MNQ SEP25,1s,1,3982,2025-07-14 10:26:23,22962.5,22962.75,22961.5,22962.25,67,1.25,0.25,0.25,0.75,-1,,,,
MNQ SEP25,1s,1,3983,2025-07-14 10:26:24,22961.5,22962,22961.25,22961.75,26,0.75,0.25,0.25,0.25,1,,,,
MNQ SEP25,1s,1,3984,2025-07-14 10:26:25,22961.75,22963,22961.5,22961.5,32,1.5,0.25,1.25,0,-1,,,,
MNQ SEP25,1s,1,3985,2025-07-14 10:26:26,22961.75,22961.75,22960.25,22960.75,92,1.5,1,0,0.5,-1,,,,
MNQ SEP25,1s,1,3986,2025-07-14 10:26:27,22961,22961,22959.5,22959.75,110,1.5,1.25,0,0.25,-1,,,,
MNQ SEP25,1s,1,3987,2025-07-14 10:26:28,22959.75,22960.25,22959,22960.25,77,1.25,0.5,0,0.75,1,,,,
MNQ SEP25,1s,1,3988,2025-07-14 10:26:29,22960,22960.5,22959.5,22959.5,65,1,0.5,0.5,0,-1,,,,
MNQ SEP25,1s,1,3989,2025-07-14 10:26:30,22959.75,22960.75,22959.5,22960,45,1.25,0.25,0.75,0.25,1,,,,
MNQ SEP25,10s,10,5798,2025-07-14 10:26:30,22963.75,22963.75,22959,22960,547,4.75,3.75,0,1,-1,5.85,-124.95,-80.45,-38.02
MNQ SEP25,1s,1,3990,2025-07-14 10:26:31,22960.25,22960.5,22958,22959,144,2.5,1.25,0.25,1,-1,,,,
MNQ SEP25,1s,1,3991,2025-07-14 10:26:32,22959.5,22961.75,22959.5,22960.75,71,2.25,1.25,1,0,1,,,,
MNQ SEP25,1s,1,3992,2025-07-14 10:26:33,22960.5,22962.5,22960.5,22962.5,65,2,2,0,0,1,,,,
MNQ SEP25,1s,1,3993,2025-07-14 10:26:34,22962,22962.5,22961.5,22961.5,36,1,0.5,0.5,0,-1,,,,
MNQ SEP25,1s,1,3994,2025-07-14 10:26:35,22961.75,22962,22960.75,22961.25,37,1.25,0.5,0.25,0.5,-1,,,,
MNQ SEP25,1s,1,3995,2025-07-14 10:26:36,22961.25,22961.75,22961,22961,31,0.75,0.25,0.5,0,-1,,,,
MNQ SEP25,1s,1,3996,2025-07-14 10:26:37,22960.75,22961.25,22960.75,22961.25,12,0.5,0.5,0,0,1,,,,
MNQ SEP25,1s,1,3997,2025-07-14 10:26:38,22961.75,22963.75,22961.75,22963.5,72,2,1.75,0.25,0,1,,,,
MNQ SEP25,1s,1,3998,2025-07-14 10:26:39,22963,22963.5,22962,22962.5,18,1.5,0.5,0.5,0.5,-1,,,,
MNQ SEP25,1s,1,3999,2025-07-14 10:26:40,22962.75,22963.5,22962.25,22963.5,22,1.25,0.75,0,0.5,1,,,,
MNQ SEP25,10s,10,5799,2025-07-14 10:26:40,22960.25,22963.75,22958,22963.5,508,5.75,3.25,0.25,2.25,1,21.95,16.1,-80.6,-39.37
MNQ SEP25,20s,20,5899,2025-07-14 10:26:40,22963.75,22963.75,22958,22963.5,1055,5.75,0.25,0,5.5,-1,31.25,76.05,-7.61666667,52.69
MNQ SEP25,1s,1,4000,2025-07-14 10:26:41,22963,22963,22962,22962,18,1,1,0,0,-1,,,,
MNQ SEP25,1s,1,4001,2025-07-14 10:26:42,22962.5,22962.5,22961.5,22962.5,17,1,0,0,1,0,,,,
MNQ SEP25,1s,1,4002,2025-07-14 10:26:43,22962.25,22962.25,22961.5,22961.5,4,0.75,0.75,0,0,-1,,,,
MNQ SEP25,1s,1,4003,2025-07-14 10:26:44,22962,22962.5,22961.75,22962.5,21,0.75,0.5,0,0.25,1,,,,
MNQ SEP25,1s,1,4004,2025-07-14 10:26:45,22962.5,22962.5,22959.5,22959.5,59,3,3,0,0,-1,,,,
MNQ SEP25,1s,1,4005,2025-07-14 10:26:46,22959.5,22959.75,22959,22959.75,25,0.75,0.25,0,0.5,1,,,,
MNQ SEP25,1s,1,4006,2025-07-14 10:26:47,22960.75,22961,22959.75,22960.25,28,1.25,0.5,0.25,0.5,-1,,,,
MNQ SEP25,1s,1,4007,2025-07-14 10:26:48,22960.5,22960.5,22959.75,22960.25,19,0.75,0.25,0,0.5,-1,,,,
MNQ SEP25,1s,1,4008,2025-07-14 10:26:49,22960.75,22960.75,22959.25,22960,58,1.5,0.75,0,0.75,-1,,,,
MNQ SEP25,1s,1,4009,2025-07-14 10:26:50,22960,22961.5,22959.5,22960.75,28,2,0.75,0.75,0.5,1,,,,
MNQ SEP25,10s,10,5800,2025-07-14 10:26:50,22963,22963,22959,22960.75,277,4,2.25,0,1.75,-1,-43.4,-65.35,-58.06666667,-58.12
MNQ SEP25,1s,1,4010,2025-07-14 10:26:51,22960.5,22961.75,22960,22960.5,33,1.75,0,1.25,0.5,0,,,,
MNQ SEP25,1s,1,4011,2025-07-14 10:26:52,22960.75,22960.75,22960,22960.25,24,0.75,0.5,0,0.25,-1,,,,
MNQ SEP25,1s,1,4012,2025-07-14 10:26:53,22961,22961.75,22959.75,22960.25,23,2,0.75,0.75,0.5,-1,,,,
MNQ SEP25,1s,1,4013,2025-07-14 10:26:54,22960.5,22961.5,22960.5,22961,15,1,0.5,0.5,0,1,,,,
MNQ SEP25,1s,1,4014,2025-07-14 10:26:55,22961,22961,22960.75,22960.75,9,0.25,0.25,0,0,-1,,,,
MNQ SEP25,1s,1,4015,2025-07-14 10:26:56,22960.5,22961,22959.5,22961,30,1.5,0.5,0,1,1,,,,
MNQ SEP25,1s,1,4016,2025-07-14 10:26:57,22960.75,22961,22960.25,22961,44,0.75,0.25,0,0.5,1,,,,
MNQ SEP25,1s,1,4017,2025-07-14 10:26:58,22961.75,22962,22961,22961.5,30,1,0.25,0.25,0.5,-1,,,,
MNQ SEP25,1s,1,4018,2025-07-14 10:26:59,22961.5,22961.75,22960.25,22960.25,14,1.5,1.25,0.25,0,-1,,,,
MNQ SEP25,1s,1,4019,2025-07-14 10:27:00,22960.5,22961.75,22960.5,22961,35,1.25,0.5,0.75,0,1,,,,
MNQ SEP25,10s,10,5801,2025-07-14 10:27:00,22960.5,22962,22959.5,22961,257,2.5,0.5,1,1,1,-97.4,-54,-34.41666667,-72.23
MNQ SEP25,20s,20,5900,2025-07-14 10:27:00,22963,22963,22959,22961,534,4,2,0,2,-1,9.15,-22.1,44.21666667,37.68
MNQ SEP25,1s,1,4020,2025-07-14 10:27:01,22960.75,22960.75,22958.5,22958.75,163,2.25,2,0,0.25,-1,,,,
MNQ SEP25,1s,1,4021,2025-07-14 10:27:02,22958.75,22959,22957.25,22959,135,1.75,0.25,0,1.5,1,,,,
MNQ SEP25,1s,1,4022,2025-07-14 10:27:03,22959,22959.5,22958.5,22959,49,1,0,0.5,0.5,0,,,,
MNQ SEP25,1s,1,4023,2025-07-14 10:27:04,22959.25,22959.25,22958.25,22959,34,1,0.25,0,0.75,-1,,,,
MNQ SEP25,1s,1,4024,2025-07-14 10:27:05,22959,22959.75,22958.75,22958.75,24,1,0.25,0.75,0,-1,,,,
MNQ SEP25,1s,1,4025,2025-07-14 10:27:06,22958.25,22960.5,22958.25,22960.5,36,2.25,2.25,0,0,1,,,,
MNQ SEP25,1s,1,4026,2025-07-14 10:27:07,22959.75,22960.25,22959.5,22959.5,19,0.75,0.25,0.5,0,-1,,,,
MNQ SEP25,1s,1,4027,2025-07-14 10:27:08,22959.25,22960,22958.75,22958.75,29,1.25,0.5,0.75,0,-1,,,,
MNQ SEP25,1s,1,4028,2025-07-14 10:27:09,22959.25,22961.25,22959,22960.25,39,2.25,1,1,0.25,1,,,,
MNQ SEP25,1s,1,4029,2025-07-14 10:27:10,22960.25,22960.75,22958,22958,37,2.75,2.25,0.5,0,-1,,,,
MNQ SEP25,10s,10,5802,2025-07-14 10:27:10,22960.75,22961.25,22957.25,22958,565,4,2.75,0.5,0.75,-1,-92.55,4.85,-38.16666667,-44.67
MNQ SEP25,1s,1,4030,2025-07-14 10:27:11,22958,22958.25,22957,22957,60,1.25,1,0.25,0,-1,,,,
MNQ SEP25,1s,1,4031,2025-07-14 10:27:12,22957.25,22957.25,22952.25,22952.75,450,5,4.5,0,0.5,-1,,,,
MNQ SEP25,1s,1,4032,2025-07-14 10:27:13,22952.25,22954.25,22952.25,22953.25,173,2,1,1,0,1,,,,
MNQ SEP25,1s,1,4033,2025-07-14 10:27:14,22953.25,22953.75,22950.25,22950.75,270,3.5,2.5,0.5,0.5,-1,,,,
MNQ SEP25,1s,1,4034,2025-07-14 10:27:15,22950.75,22951.25,22946,22946.75,483,5.25,4,0.5,0.75,-1,,,,
MNQ SEP25,1s,1,4035,2025-07-14 10:27:16,22947,22947.5,22943.75,22946,349,3.75,1,0.5,2.25,-1,,,,
MNQ SEP25,1s,1,4036,2025-07-14 10:27:17,22946,22948.5,22946,22948.5,180,2.5,2.5,0,0,1,,,,
MNQ SEP25,1s,1,4037,2025-07-14 10:27:18,22948.5,22949,22946.75,22947,134,2.25,1.5,0.5,0.25,-1,,,,
MNQ SEP25,1s,1,4038,2025-07-14 10:27:19,22946.5,22947.25,22946,22946.5,102,1.25,0,0.75,0.5,0,,,,
MNQ SEP25,1s,1,4039,2025-07-14 10:27:20,22946.5,22946.75,22945,22946.5,92,1.75,0,0.25,1.5,0,,,,
MNQ SEP25,10s,10,5803,2025-07-14 10:27:20,22958,22958.25,22943.75,22946.5,2293,14.5,11.5,0.25,2.75,-1,159.8,252.35,67.73333333,30.79
MNQ SEP25,20s,20,5901,2025-07-14 10:27:20,22960.75,22961.25,22943.75,22946.5,2858,17.5,14.25,0.5,2.75,-1,17.5,8.35,20.76666667,-7.32
MNQ SEP25,1s,1,4040,2025-07-14 10:27:21,22946.5,22946.5,22945,22945.5,92,1.5,1,0,0.5,-1,,,,
MNQ SEP25,1s,1,4041,2025-07-14 10:27:22,22945.25,22946.5,22945,22946,92,1.5,0.75,0.5,0.25,1,,,,
MNQ SEP25,1s,1,4042,2025-07-14 10:27:23,22945.5,22946.5,22945,22946.25,67,1.5,0.75,0.25,0.5,1,,,,
MNQ SEP25,1s,1,4043,2025-07-14 10:27:24,22946.5,22949,22946,22948.25,89,3,1.75,0.75,0.5,1,,,,
MNQ SEP25,1s,1,4044,2025-07-14 10:27:25,22948.5,22949.5,22947.5,22949.25,67,2,0.75,0.25,1,1,,,,
MNQ SEP25,1s,1,4045,2025-07-14 10:27:26,22949,22949,22946.5,22947.5,100,2.5,1.5,0,1,-1,,,,
MNQ SEP25,1s,1,4046,2025-07-14 10:27:27,22947.75,22948.25,22947.25,22947.25,62,1,0.5,0.5,0,-1,,,,
MNQ SEP25,1s,1,4047,2025-07-14 10:27:28,22947.25,22949.5,22947,22948.75,53,2.5,1.5,0.75,0.25,1,,,,
MNQ SEP25,1s,1,4048,2025-07-14 10:27:29,22948.5,22949,22947.25,22948.5,57,1.75,0,0.5,1.25,0,,,,
MNQ SEP25,1s,1,4049,2025-07-14 10:27:30,22947.75,22949,22947,22947,52,2,0.75,1.25,0,-1,,,,
MNQ SEP25,10s,10,5804,2025-07-14 10:27:30,22946.5,22949.5,22945,22947,731,4.5,0.5,2.5,1.5,1,217.05,57.25,104.81666667,39.02
MNQ SEP25,1s,1,4050,2025-07-14 10:27:31,22946.5,22946.75,22946,22946.75,31,0.75,0.25,0,0.5,1,,,,
MNQ SEP25,1s,1,4051,2025-07-14 10:27:32,22946.5,22947,22946,22947,59,1,0.5,0,0.5,1,,,,
MNQ SEP25,1s,1,4052,2025-07-14 10:27:33,22947,22947.5,22945.75,22945.75,40,1.75,1.25,0.5,0,-1,,,,
MNQ SEP25,1s,1,4053,2025-07-14 10:27:34,22946.5,22946.75,22944.5,22945,77,2.25,1.5,0.25,0.5,-1,,,,
MNQ SEP25,1s,1,4054,2025-07-14 10:27:35,22944.5,22948.25,22944.5,22947.25,103,3.75,2.75,1,0,1,,,,
MNQ SEP25,1s,1,4055,2025-07-14 10:27:36,22947.25,22950.5,22946.5,22950,102,4,2.75,0.5,0.75,1,,,,
MNQ SEP25,1s,1,4056,2025-07-14 10:27:37,22950,22952.75,22949.5,22952,138,3.25,2,0.75,0.5,1,,,,
MNQ SEP25,1s,1,4057,2025-07-14 10:27:38,22951.75,22953.5,22951.75,22952.25,90,1.75,0.5,1.25,0,1,,,,
MNQ SEP25,1s,1,4058,2025-07-14 10:27:39,22952.5,22952.75,22951.5,22951.75,73,1.25,0.75,0.25,0.25,-1,,,,
MNQ SEP25,1s,1,4059,2025-07-14 10:27:40,22951.25,22951.5,22950,22950.25,45,1.5,1,0.25,0.25,-1,,,,
MNQ SEP25,10s,10,5805,2025-07-14 10:27:40,22946.5,22953.5,22944.5,22950.25,758,9,3.75,3.25,2,1,316.65,99.6,136.4,72.01
MNQ SEP25,20s,20,5902,2025-07-14 10:27:40,22946.5,22953.5,22944.5,22950.25,1489,9,3.75,3.25,2,1,88.5,71,19.08333333,42.4
MNQ SEP25,1s,1,4060,2025-07-14 10:27:41,22950.25,22952.5,22950.25,22952,36,2.25,1.75,0.5,0,1,,,,
MNQ SEP25,1s,1,4061,2025-07-14 10:27:42,22952,22952.5,22949.75,22950,54,2.75,2,0.5,0.25,-1,,,,
MNQ SEP25,1s,1,4062,2025-07-14 10:27:43,22949.75,22950.5,22949.25,22950,34,1.25,0.25,0.5,0.5,1,,,,
MNQ SEP25,1s,1,4063,2025-07-14 10:27:44,22950.25,22950.25,22949.25,22949.5,24,1,0.75,0,0.25,-1,,,,
MNQ SEP25,1s,1,4064,2025-07-14 10:27:45,22949.5,22950.5,22949.5,22949.5,31,1,0,1,0,0,,,,
MNQ SEP25,1s,1,4065,2025-07-14 10:27:46,22949.5,22950,22949.5,22949.75,20,0.5,0.25,0.25,0,1,,,,
MNQ SEP25,1s,1,4066,2025-07-14 10:27:47,22949.75,22951.5,22949.75,22950.25,52,1.75,0.5,1.25,0,1,,,,
MNQ SEP25,1s,1,4067,2025-07-14 10:27:48,22950.25,22950.75,22949.25,22950.75,60,1.5,0.5,0,1,1,,,,
MNQ SEP25,1s,1,4068,2025-07-14 10:27:49,22950.25,22950.75,22950,22950.75,18,0.75,0.5,0,0.25,1,,,,
MNQ SEP25,1s,1,4069,2025-07-14 10:27:50,22950,22950.5,22949.5,22950,32,1,0,0.5,0.5,0,,,,
MNQ SEP25,10s,10,5806,2025-07-14 10:27:50,22950.25,22952.5,22949.25,22950,361,3.25,0.25,2.25,0.75,-1,339.55,22.9,59.91666667,87.39
MNQ SEP25,1s,1,4070,2025-07-14 10:27:51,22950.25,22950.25,22949.25,22949.75,27,1,0.5,0,0.5,-1,,,,
MNQ SEP25,1s,1,4071,2025-07-14 10:27:52,22950.25,22950.25,22948,22948,63,2.25,2.25,0,0,-1,,,,
MNQ SEP25,1s,1,4072,2025-07-14 10:27:53,22948,22948.5,22947.5,22947.5,43,1,0.5,0.5,0,-1,,,,
MNQ SEP25,1s,1,4073,2025-07-14 10:27:54,22947.75,22948.75,22946.5,22948.75,66,2.25,1,0,1.25,1,,,,
MNQ SEP25,1s,1,4074,2025-07-14 10:27:55,22948.25,22949,22948,22948,22,1,0.25,0.75,0,-1,,,,
MNQ SEP25,1s,1,4075,2025-07-14 10:27:56,22947.25,22948,22947,22947,29,1,0.25,0.75,0,-1,,,,
MNQ SEP25,1s,1,4076,2025-07-14 10:27:57,22947.25,22947.5,22946.25,22946.5,39,1.25,0.75,0.25,0.25,-1,,,,
MNQ SEP25,1s,1,4077,2025-07-14 10:27:58,22946,22948.25,22945.5,22948.25,128,2.75,2.25,0,0.5,1,,,,
MNQ SEP25,1s,1,4078,2025-07-14 10:27:59,22947.75,22948.75,22947.25,22948.75,43,1.5,1,0,0.5,1,,,,
MNQ SEP25,1s,1,4079,2025-07-14 10:28:00,22948.75,22948.75,22946.75,22947.25,33,2,1.5,0,0.5,-1,,,,
MNQ SEP25,10s,10,5807,2025-07-14 10:28:00,22950.25,22950.25,22945.5,22947.25,493,4.75,3,0,1.75,-1,312.75,-26.8,31.9,81.06
MNQ SEP25,20s,20,5903,2025-07-14 10:28:00,22950.25,22952.5,22945.5,22947.25,854,7,3,2.25,1.75,-1,305.1,216.6,98.65,69.98
MNQ SEP25,1s,1,4080,2025-07-14 10:28:01,22947,22947,22942.5,22945,345,4.5,2,0,2.5,-1,,,,
MNQ SEP25,1s,1,4081,2025-07-14 10:28:02,22945.25,22945.5,22944.5,22944.75,58,1,0.5,0.25,0.25,-1,,,,
MNQ SEP25,1s,1,4082,2025-07-14 10:28:03,22944.25,22946.75,22944.25,22946.25,72,2.5,2,0.5,0,1,,,,
MNQ SEP25,1s,1,4083,2025-07-14 10:28:04,22946.25,22946.75,22945,22945,35,1.75,1.25,0.5,0,-1,,,,
MNQ SEP25,1s,1,4084,2025-07-14 10:28:05,22945.25,22945.75,22944.75,22945.5,44,1,0.25,0.25,0.5,1,,,,
MNQ SEP25,1s,1,4085,2025-07-14 10:28:06,22945.25,22945.75,22941.25,22942.25,178,4.5,3,0.5,1,-1,,,,
MNQ SEP25,1s,1,4086,2025-07-14 10:28:07,22941.75,22944,22941.75,22942.25,122,2.25,0.5,1.75,0,1,,,,
MNQ SEP25,1s,1,4087,2025-07-14 10:28:08,22942.25,22943.25,22941,22941,85,2.25,1.25,1,0,-1,,,,
MNQ SEP25,1s,1,4088,2025-07-14 10:28:09,22941.5,22942.25,22941,22941.75,73,1.25,0.25,0.5,0.5,1,,,,
MNQ SEP25,1s,1,4089,2025-07-14 10:28:10,22941.5,22943.25,22941,22943.25,70,2.25,1.75,0,0.5,1,,,,
MNQ SEP25,10s,10,5808,2025-07-14 10:28:10,22947,22947,22941,22943.25,1082,6,3.75,0,2.25,-1,32.85,-279.9,-94.6,-25.39
MNQ SEP25,1s,1,4090,2025-07-14 10:28:11,22943.25,22943.5,22941.5,22941.75,48,2,1.5,0.25,0.25,-1,,,,
MNQ SEP25,1s,1,4091,2025-07-14 10:28:12,22941.75,22943.25,22941.5,22942.5,51,1.75,0.75,0.75,0.25,1,,,,
MNQ SEP25,1s,1,4092,2025-07-14 10:28:13,22942,22942.5,22941.75,22942.25,38,0.75,0.25,0.25,0.25,1,,,,
MNQ SEP25,1s,1,4093,2025-07-14 10:28:14,22942.5,22943.25,22941.5,22942,45,1.75,0.5,0.75,0.5,-1,,,,
MNQ SEP25,1s,1,4094,2025-07-14 10:28:15,22941.5,22942.25,22939.25,22940.25,281,3,1.25,0.75,1,-1,,,,
MNQ SEP25,1s,1,4095,2025-07-14 10:28:16,22940,22940.75,22939.5,22940.5,64,1.25,0.5,0.25,0.5,1,,,,
MNQ SEP25,1s,1,4096,2025-07-14 10:28:17,22940,22940.75,22938.25,22940.25,116,2.5,0.25,0.5,1.75,1,,,,
MNQ SEP25,1s,1,4097,2025-07-14 10:28:18,22940,22940.5,22939,22939.75,58,1.5,0.25,0.5,0.75,-1,,,,
MNQ SEP25,1s,1,4098,2025-07-14 10:28:19,22939.75,22940.5,22938.75,22940,60,1.75,0.25,0.5,1,1,,,,
MNQ SEP25,1s,1,4099,2025-07-14 10:28:20,22940,22942.25,22939.75,22941.75,54,2.5,1.75,0.5,0.25,1,,,,
MNQ SEP25,10s,10,5809,2025-07-14 10:28:20,22943.25,22943.5,22938.25,22941.75,815,5.25,1.5,0.25,3.5,-1,20.85,-12,-106.23333333,-39.24
MNQ SEP25,20s,20,5904,2025-07-14 10:28:20,22947,22947,22938.25,22941.75,1897,8.75,5.25,0,3.5,-1,444.3,139.2,142.26666667,82.61
MNQ SEP25,1s,1,4100,2025-07-14 10:28:21,22942,22943.25,22941.5,22942.75,114,1.75,0.75,0.5,0.5,1,,,,
MNQ SEP25,1s,1,4101,2025-07-14 10:28:22,22942,22942,22941.25,22941.75,82,0.75,0.25,0,0.5,-1,,,,
MNQ SEP25,1s,1,4102,2025-07-14 10:28:23,22941.75,22941.75,22939.75,22939.75,48,2,2,0,0,-1,,,,
MNQ SEP25,1s,1,4103,2025-07-14 10:28:24,22940,22940.75,22939.25,22939.75,53,1.5,0.25,0.75,0.5,-1,,,,
MNQ SEP25,1s,1,4104,2025-07-14 10:28:25,22939.25,22940.25,22938.5,22940.25,46,1.75,1,0,0.75,1,,,,
MNQ SEP25,1s,1,4105,2025-07-14 10:28:26,22940,22940.75,22937.25,22938,138,3.5,2,0.75,0.75,-1,,,,
MNQ SEP25,1s,1,4106,2025-07-14 10:28:27,22937.5,22938.5,22937,22938,90,1.5,0.5,0.5,0.5,1,,,,
MNQ SEP25,1s,1,4107,2025-07-14 10:28:28,22938.25,22939.5,22937.75,22938.5,66,1.75,0.25,1,0.5,1,,,,
MNQ SEP25,1s,1,4108,2025-07-14 10:28:29,22939,22939,22937,22937.25,63,2,1.75,0,0.25,-1,,,,
MNQ SEP25,1s,1,4109,2025-07-14 10:28:30,22937.25,22937.75,22936.25,22937.5,94,1.5,0.25,0.25,1,1,,,,
MNQ SEP25,10s,10,5810,2025-07-14 10:28:30,22942,22943.25,22936.25,22937.5,794,7,4.5,1.25,1.25,-1,6.1,-14.75,-102.21666667,-62.11
MNQ SEP25,1s,1,4110,2025-07-14 10:28:31,22937.25,22937.25,22935,22936.5,235,2.25,0.75,0,1.5,-1,,,,
MNQ SEP25,1s,1,4111,2025-07-14 10:28:32,22936.75,22936.75,22930.5,22933.5,397,6.25,3.25,0,3,-1,,,,
MNQ SEP25,1s,1,4112,2025-07-14 10:28:33,22933.25,22935.5,22933,22934.75,139,2.5,1.5,0.75,0.25,1,,,,
MNQ SEP25,1s,1,4113,2025-07-14 10:28:34,22935,22935.5,22934,22934.75,111,1.5,0.25,0.5,0.75,-1,,,,
MNQ SEP25,1s,1,4114,2025-07-14 10:28:35,22934.75,22935,22934,22934.25,77,1,0.5,0.25,0.25,-1,,,,
MNQ SEP25,1s,1,4115,2025-07-14 10:28:36,22934.75,22935,22934,22935,49,1,0.25,0,0.75,1,,,,
MNQ SEP25,1s,1,4116,2025-07-14 10:28:37,22934.5,22935.75,22934.5,22935.25,55,1.25,0.75,0.5,0,1,,,,
MNQ SEP25,1s,1,4117,2025-07-14 10:28:38,22934.75,22935.25,22933.5,22933.75,50,1.75,1,0.5,0.25,-1,,,,
MNQ SEP25,1s,1,4118,2025-07-14 10:28:39,22933.5,22936,22933.5,22934.5,110,2.5,1,1.5,0,1,,,,
MNQ SEP25,1s,1,4119,2025-07-14 10:28:40,22934.5,22934.5,22932,22932.75,82,2.5,1.75,0,0.75,-1,,,,
MNQ SEP25,10s,10,5811,2025-07-14 10:28:40,22937.25,22937.25,22930.5,22932.75,1305,6.75,4.5,0,2.25,-1,147.2,141.1,38.11666667,-38.47
MNQ SEP25,20s,20,5905,2025-07-14 10:28:40,22942,22943.25,22930.5,22932.75,2099,12.75,9.25,1.25,2.25,-1,692.45,248.15,201.31666667,136.66
MNQ SEP25,1s,1,4120,2025-07-14 10:28:41,22932.5,22933.75,22932,22932.5,82,1.75,0,1.25,0.5,0,,,,
MNQ SEP25,1s,1,4121,2025-07-14 10:28:42,22932,22933.75,22932,22933.75,50,1.75,1.75,0,0,1,,,,
MNQ SEP25,1s,1,4122,2025-07-14 10:28:43,22933.25,22933.25,22931.25,22932.5,101,2,0.75,0,1.25,-1,,,,
MNQ SEP25,1s,1,4123,2025-07-14 10:28:44,22932.75,22933.75,22932.5,22932.75,92,1.25,0,1,0.25,0,,,,
MNQ SEP25,1s,1,4124,2025-07-14 10:28:45,22932.5,22935.75,22932.5,22935.75,51,3.25,3.25,0,0,1,,,,
MNQ SEP25,1s,1,4125,2025-07-14 10:28:46,22936,22936,22934.75,22935.5,59,1.25,0.5,0,0.75,-1,,,,
MNQ SEP25,1s,1,4126,2025-07-14 10:28:47,22935.5,22935.75,22934.75,22934.75,43,1,0.75,0.25,0,-1,,,,
MNQ SEP25,1s,1,4127,2025-07-14 10:28:48,22935,22937,22935,22936.5,50,2,1.5,0.5,0,1,,,,
MNQ SEP25,1s,1,4128,2025-07-14 10:28:49,22936.5,22936.5,22934.25,22934.75,89,2.25,1.75,0,0.5,-1,,,,
MNQ SEP25,1s,1,4129,2025-07-14 10:28:50,22934.75,22936.75,22934,22936,77,2.75,1.25,0.75,0.75,1,,,,
MNQ SEP25,10s,10,5812,2025-07-14 10:28:50,22932.5,22937,22931.25,22936,694,5.75,3.5,1,1.25,1,207.3,60.1,62.15,-21.09
MNQ SEP25,1s,1,4130,2025-07-14 10:28:51,22936,22936.25,22935.5,22936.25,38,0.75,0.25,0,0.5,1,,,,
MNQ SEP25,1s,1,4131,2025-07-14 10:28:52,22935.5,22936,22935.25,22936,24,0.75,0.5,0,0.25,1,,,,
MNQ SEP25,1s,1,4132,2025-07-14 10:28:53,22935.75,22936.75,22934.75,22936.5,52,2,0.75,0.25,1,1,,,,
MNQ SEP25,1s,1,4133,2025-07-14 10:28:54,22936.75,22938.75,22936.5,22937.25,76,2.25,0.5,1.5,0.25,1,,,,
MNQ SEP25,1s,1,4134,2025-07-14 10:28:55,22937.75,22939.25,22936.75,22939,89,2.5,1.25,0.25,1,1,,,,
MNQ SEP25,1s,1,4135,2025-07-14 10:28:56,22938,22938.25,22936.25,22937,76,2,1,0.25,0.75,-1,,,,
MNQ SEP25,1s,1,4136,2025-07-14 10:28:57,22936.25,22937.25,22935.5,22937.25,41,1.75,1,0,0.75,1,,,,
MNQ SEP25,1s,1,4137,2025-07-14 10:28:58,22937.5,22937.75,22937,22937.75,54,0.75,0.25,0,0.5,1,,,,
MNQ SEP25,1s,1,4138,2025-07-14 10:28:59,22937.25,22937.75,22935.75,22936.25,28,2,1,0.5,0.5,-1,,,,
MNQ SEP25,1s,1,4139,2025-07-14 10:29:00,22936.25,22936.25,22934.25,22935,65,2,1.25,0,0.75,-1,,,,
MNQ SEP25,10s,10,5813,2025-07-14 10:29:00,22936,22939.25,22934.25,22935,543,5,1,3.25,0.75,-1,130.2,-77.1,41.36666667,19.47
MNQ SEP25,20s,20,5906,2025-07-14 10:29:00,22932.5,22939.25,22931.25,22935,1237,8,2.5,4.25,1.25,1,372.35,-320.1,22.41666667,70.97
MNQ SEP25,1s,1,4140,2025-07-14 10:29:01,22934.75,22934.75,22931,22932.25,231,3.75,2.5,0,1.25,-1,,,,
MNQ SEP25,1s,1,4141,2025-07-14 10:29:02,22932,22932.75,22931.75,22932.5,35,1,0.5,0.25,0.25,1,,,,
MNQ SEP25,1s,1,4142,2025-07-14 10:29:03,22932.25,22933,22931,22931.75,105,2,0.5,0.75,0.75,-1,,,,
MNQ SEP25,1s,1,4143,2025-07-14 10:29:04,22931.5,22934,22931.25,22933.25,67,2.75,1.75,0.75,0.25,1,,,,
MNQ SEP25,1s,1,4144,2025-07-14 10:29:05,22933.75,22934,22932.5,22932.75,57,1.5,1,0.25,0.25,-1,,,,
MNQ SEP25,1s,1,4145,2025-07-14 10:29:06,22932.5,22934.5,22932.5,22933.5,51,2,1,1,0,1,,,,
MNQ SEP25,1s,1,4146,2025-07-14 10:29:07,22933.25,22933.75,22930,22930.5,218,3.75,2.75,0.5,0.5,-1,,,,
MNQ SEP25,1s,1,4147,2025-07-14 10:29:08,22930.5,22931.75,22930.25,22931,59,1.5,0.5,0.75,0.25,1,,,,
MNQ SEP25,1s,1,4148,2025-07-14 10:29:09,22931.5,22933.75,22930.5,22933,67,3.25,1.5,0.75,1,1,,,,
MNQ SEP25,1s,1,4149,2025-07-14 10:29:10,22933.5,22935.25,22933,22933.25,82,2.25,0.25,1.75,0.25,-1,,,,
MNQ SEP25,10s,10,5814,2025-07-14 10:29:10,22934.75,22935.25,22930,22933.25,972,5.25,1.5,0.5,3.25,-1,132.05,1.85,-5.05,22.24
MNQ SEP25,1s,1,4150,2025-07-14 10:29:11,22933.25,22933.75,22932.25,22933.75,49,1.5,0.5,0,1,1,,,,
MNQ SEP25,1s,1,4151,2025-07-14 10:29:12,22933.75,22934.25,22933.5,22934,26,0.75,0.25,0.25,0.25,1,,,,
MNQ SEP25,1s,1,4152,2025-07-14 10:29:13,22933.25,22933.25,22932.75,22933,19,0.5,0.25,0,0.25,-1,,,,
MNQ SEP25,1s,1,4153,2025-07-14 10:29:14,22933,22934.5,22932.5,22934,41,2,1,0.5,0.5,1,,,,
MNQ SEP25,1s,1,4154,2025-07-14 10:29:15,22933.75,22934.75,22933.75,22933.75,31,1,0,1,0,0,,,,
MNQ SEP25,1s,1,4155,2025-07-14 10:29:16,22934,22935,22933.25,22933.25,55,1.75,0.75,1,0,-1,,,,
MNQ SEP25,1s,1,4156,2025-07-14 10:29:17,22932.75,22932.75,22931.75,22932.5,41,1,0.25,0,0.75,-1,,,,
MNQ SEP25,1s,1,4157,2025-07-14 10:29:18,22932.5,22934,22932.25,22934,28,1.75,1.5,0,0.25,1,,,,
MNQ SEP25,1s,1,4158,2025-07-14 10:29:19,22933.5,22933.5,22932.75,22933,29,0.75,0.5,0,0.25,-1,,,,
MNQ SEP25,1s,1,4159,2025-07-14 10:29:20,22933,22934,22930.5,22931.25,71,3.5,1.75,1,0.75,-1,,,,
MNQ SEP25,10s,10,5815,2025-07-14 10:29:20,22933.25,22935,22930.5,22931.25,390,4.5,2,1.75,0.75,-1,61.25,-70.8,-48.68333333,11.03
MNQ SEP25,20s,20,5907,2025-07-14 10:29:20,22934.75,22935.25,22930,22931.25,1362,5.25,3.5,0.5,1.25,-1,303.25,-69.1,-47.01666667,42.95
MNQ SEP25,1s,1,4160,2025-07-14 10:29:21,22930.5,22931.25,22929.5,22931.25,91,1.75,0.75,0,1,1,,,,
MNQ SEP25,1s,1,4161,2025-07-14 10:29:22,22931.25,22932,22930.25,22931.5,100,1.75,0.25,0.5,1,1,,,,
MNQ SEP25,1s,1,4162,2025-07-14 10:29:23,22931.75,22933,22931.75,22932.25,52,1.25,0.5,0.75,0,1,,,,
MNQ SEP25,1s,1,4163,2025-07-14 10:29:24,22932.75,22933,22932.5,22932.75,14,0.5,0,0.25,0.25,0,,,,
MNQ SEP25,1s,1,4164,2025-07-14 10:29:25,22932.75,22933.75,22932.5,22933.75,28,1.25,1,0,0.25,1,,,,
MNQ SEP25,1s,1,4165,2025-07-14 10:29:26,22933.25,22933.75,22932.5,22933.25,44,1.25,0,0.5,0.75,0,,,,
MNQ SEP25,1s,1,4166,2025-07-14 10:29:27,22933.25,22933.5,22932,22932,24,1.5,1.25,0.25,0,-1,,,,
MNQ SEP25,1s,1,4167,2025-07-14 10:29:28,22932,22933.25,22932,22932.75,46,1.25,0.75,0.5,0,1,,,,
MNQ SEP25,1s,1,4168,2025-07-14 10:29:29,22932.75,22934.75,22932.5,22934.75,57,2.25,2,0,0.25,1,,,,
MNQ SEP25,1s,1,4169,2025-07-14 10:29:30,22934.5,22934.75,22932,22932.5,58,2.75,2,0.25,0.5,-1,,,,
MNQ SEP25,10s,10,5816,2025-07-14 10:29:30,22930.5,22934.75,22929.5,22932.5,514,5.25,2,2.25,1,1,-96.45,-157.7,-75.55,-48.73
MNQ SEP25,1s,1,4170,2025-07-14 10:29:31,22932.5,22932.75,22931.5,22932.5,45,1.25,0,0.25,1,0,,,,
MNQ SEP25,1s,1,4171,2025-07-14 10:29:32,22931.75,22933.25,22931.75,22932.25,25,1.5,0.5,1,0,1,,,,
MNQ SEP25,1s,1,4172,2025-07-14 10:29:33,22932,22933,22931.75,22932.75,32,1.25,0.75,0.25,0.25,1,,,,
MNQ SEP25,1s,1,4173,2025-07-14 10:29:34,22933.25,22934.25,22932.5,22934,28,1.75,0.75,0.25,0.75,1,,,,
MNQ SEP25,1s,1,4174,2025-07-14 10:29:35,22934.25,22935,22934,22934.75,34,1,0.5,0.25,0.25,1,,,,
MNQ SEP25,1s,1,4175,2025-07-14 10:29:36,22934.75,22934.75,22934,22934.75,28,0.75,0,0,0.75,0,,,,
MNQ SEP25,1s,1,4176,2025-07-14 10:29:37,22935.25,22936,22934.75,22935.25,77,1.25,0,0.75,0.5,0,,,,
MNQ SEP25,1s,1,4177,2025-07-14 10:29:38,22935,22936.25,22935,22935.75,61,1.25,0.75,0.5,0,1,,,,
MNQ SEP25,1s,1,4178,2025-07-14 10:29:39,22936.25,22937.5,22935.75,22936.25,127,1.75,0,1.25,0.5,0,,,,
MNQ SEP25,1s,1,4179,2025-07-14 10:29:40,22936.5,22937.25,22936.25,22936.5,78,1,0,0.75,0.25,0,,,,
MNQ SEP25,10s,10,5817,2025-07-14 10:29:40,22932.5,22937.5,22931.5,22936.5,535,6,4,1,1,1,-130.9,-34.45,-87.65,-67.64
MNQ SEP25,20s,20,5908,2025-07-14 10:29:40,22930.5,22937.5,22929.5,22936.5,1049,8,6,1,1,1,311.1,7.85,-127.11666667,1.2
MNQ SEP25,1s,1,4180,2025-07-14 10:29:41,22936.75,22936.75,22935,22935.25,73,1.75,1.5,0,0.25,-1,,,,
MNQ SEP25,1s,1,4181,2025-07-14 10:29:42,22935,22937,22935,22936.25,39,2,1.25,0.75,0,1,,,,
MNQ SEP25,1s,1,4182,2025-07-14 10:29:43,22936,22936,22935.25,22936,49,0.75,0,0,0.75,0,,,,
MNQ SEP25,1s,1,4183,2025-07-14 10:29:44,22935.5,22936.25,22935,22936,27,1.25,0.5,0.25,0.5,1,,,,
MNQ SEP25,1s,1,4184,2025-07-14 10:29:45,22935.5,22936.5,22935.5,22936.25,10,1,0.75,0.25,0,1,,,,
MNQ SEP25,1s,1,4185,2025-07-14 10:29:46,22936,22937.5,22936,22937.5,65,1.5,1.5,0,0,1,,,,
MNQ SEP25,1s,1,4186,2025-07-14 10:29:47,22937.75,22938.25,22937.5,22938.25,86,0.75,0.5,0,0.25,1,,,,
MNQ SEP25,1s,1,4187,2025-07-14 10:29:48,22937.5,22937.75,22936.75,22937.5,53,1,0,0.25,0.75,0,,,,
MNQ SEP25,1s,1,4188,2025-07-14 10:29:49,22938,22938.5,22937.25,22937.75,41,1.25,0.25,0.5,0.5,-1,,,,
MNQ SEP25,1s,1,4189,2025-07-14 10:29:50,22937.75,22940.75,22937.75,22940.5,105,3,2.75,0.25,0,1,,,,
MNQ SEP25,10s,10,5818,2025-07-14 10:29:50,22936.75,22940.75,22935,22940.5,548,5.75,3.75,0.25,1.75,1,-129.95,0.95,-63.73333333,-52.03
MNQ SEP25,1s,1,4190,2025-07-14 10:29:51,22940,22941.5,22940,22940.5,173,1.5,0.5,1,0,1,,,,
MNQ SEP25,1s,1,4191,2025-07-14 10:29:52,22940.5,22941.5,22940,22940.75,56,1.5,0.25,0.75,0.5,1,,,,
MNQ SEP25,1s,1,4192,2025-07-14 10:29:53,22941,22941.5,22940,22940.25,83,1.5,0.75,0.5,0.25,-1,,,,
MNQ SEP25,1s,1,4193,2025-07-14 10:29:54,22940.5,22940.75,22939.75,22940.25,71,1,0.25,0.25,0.5,-1,,,,
MNQ SEP25,1s,1,4194,2025-07-14 10:29:55,22940,22940.5,22939.5,22939.5,51,1,0.5,0.5,0,-1,,,,
MNQ SEP25,1s,1,4195,2025-07-14 10:29:56,22939.75,22940.5,22939.25,22940,30,1.25,0.25,0.5,0.5,1,,,,
MNQ SEP25,1s,1,4196,2025-07-14 10:29:57,22940.5,22941,22938.75,22939.25,79,2.25,1.25,0.5,0.5,-1,,,,
MNQ SEP25,1s,1,4197,2025-07-14 10:29:58,22939.75,22939.75,22938.75,22939.5,29,1,0.25,0,0.75,-1,,,,
MNQ SEP25,1s,1,4198,2025-07-14 10:29:59,22939.25,22940.5,22939.25,22940,30,1.25,0.75,0.5,0,1,,,,
MNQ SEP25,1s,1,4199,2025-07-14 10:30:00,22940,22940.25,22939.25,22939.25,30,1,0.75,0.25,0,-1,,,,
MNQ SEP25,10s,10,5819,2025-07-14 10:30:00,22940,22941.5,22938.75,22939.25,632,2.75,0.75,1.5,0.5,-1,-204.15,-74.2,-35.9,-67.24
MNQ SEP25,20s,20,5909,2025-07-14 10:30:00,22936.75,22941.5,22935,22939.25,1180,6.5,2.5,2.25,1.75,1,149.2,-161.9,-74.38333333,-59.02
MNQ SEP25,1s,1,4200,2025-07-14 10:30:01,22939,22939.25,22936.5,22936.75,296,2.75,2.25,0.25,0.25,-1,,,,
MNQ SEP25,1s,1,4201,2025-07-14 10:30:02,22936.75,22936.75,22931.25,22932.25,377,5.5,4.5,0,1,-1,,,,
MNQ SEP25,1s,1,4202,2025-07-14 10:30:03,22932.25,22935.75,22932.25,22933.25,148,3.5,1,2.5,0,1,,,,
MNQ SEP25,1s,1,4203,2025-07-14 10:30:04,22933.25,22933.75,22932.5,22933,64,1.25,0.25,0.5,0.5,-1,,,,
MNQ SEP25,1s,1,4204,2025-07-14 10:30:05,22933,22935.75,22932.75,22934.25,70,3,1.25,1.5,0.25,1,,,,
MNQ SEP25,1s,1,4205,2025-07-14 10:30:06,22934.25,22935.5,22933.75,22935.5,76,1.75,1.25,0,0.5,1,,,,
MNQ SEP25,1s,1,4206,2025-07-14 10:30:07,22935.75,22936.25,22934.75,22935.5,51,1.5,0.25,0.5,0.75,-1,,,,
MNQ SEP25,1s,1,4207,2025-07-14 10:30:08,22935.5,22936.75,22935.5,22935.5,62,1.25,0,1.25,0,0,,,,
MNQ SEP25,1s,1,4208,2025-07-14 10:30:09,22935.75,22937.25,22935.75,22936,48,1.5,0.25,1.25,0,1,,,,
MNQ SEP25,1s,1,4209,2025-07-14 10:30:10,22936,22936,22934.25,22935,120,1.75,1,0,0.75,-1,,,,
MNQ SEP25,10s,10,5820,2025-07-14 10:30:10,22939,22939.25,22931.25,22935,1312,8,4,0.25,3.75,-1,-71.5,132.65,19.8,-26.55
MNQ SEP25,1s,1,4210,2025-07-14 10:30:11,22935.75,22936.5,22934.75,22936,38,1.75,0.25,0.5,1,1,,,,
MNQ SEP25,1s,1,4211,2025-07-14 10:30:12,22935.75,22937.5,22935.5,22936,102,2,0.25,1.5,0.25,1,,,,
MNQ SEP25,1s,1,4212,2025-07-14 10:30:13,22936.25,22937.5,22936,22936.5,40,1.5,0.25,1,0.25,1,,,,
MNQ SEP25,1s,1,4213,2025-07-14 10:30:14,22936.5,22937.25,22935.25,22936.5,52,2,0,0.75,1.25,0,,,,
MNQ SEP25,1s,1,4214,2025-07-14 10:30:15,22936.25,22939,22936.25,22938.5,57,2.75,2.25,0.5,0,1,,,,
MNQ SEP25,1s,1,4215,2025-07-14 10:30:16,22939,22939.5,22936,22936.5,69,3.5,2.5,0.5,0.5,-1,,,,
MNQ SEP25,1s,1,4216,2025-07-14 10:30:17,22936.5,22936.5,22935.25,22935.75,49,1.25,0.75,0,0.5,-1,,,,
MNQ SEP25,1s,1,4217,2025-07-14 10:30:18,22935.75,22936.75,22935.25,22936.75,39,1.5,1,0,0.5,1,,,,
MNQ SEP25,1s,1,4218,2025-07-14 10:30:19,22936.5,22937.75,22936.25,22937.75,53,1.5,1.25,0,0.25,1,,,,
MNQ SEP25,1s,1,4219,2025-07-14 10:30:20,22937.75,22939,22937.5,22937.5,49,1.5,0.25,1.25,0,-1,,,,
MNQ SEP25,10s,10,5821,2025-07-14 10:30:20,22935.75,22939.5,22934.75,22937.5,548,4.75,1.75,2,1,1,-79.25,-7.75,16.9,3.44
MNQ SEP25,20s,20,5910,2025-07-14 10:30:20,22939,22939.5,22931.25,22937.5,1860,8.25,1.5,0.5,6.25,-1,31.75,-117.45,-90.5,-132.14
MNQ SEP25,1s,1,4220,2025-07-14 10:30:21,22938,22938,22936.5,22937,36,1.5,1,0,0.5,-1,,,,
MNQ SEP25,1s,1,4221,2025-07-14 10:30:22,22937.25,22938,22936.75,22936.75,23,1.25,0.5,0.75,0,-1,,,,
MNQ SEP25,1s,1,4222,2025-07-14 10:30:23,22937,22937,22936,22937,23,1,0,0,1,0,,,,
MNQ SEP25,1s,1,4223,2025-07-14 10:30:24,22937,22937.5,22937,22937.5,13,0.5,0.5,0,0,1,,,,
MNQ SEP25,1s,1,4224,2025-07-14 10:30:25,22937.25,22938,22936.75,22937.25,17,1.25,0,0.75,0.5,0,,,,
MNQ SEP25,1s,1,4225,2025-07-14 10:30:26,22936.75,22938.25,22936.75,22938.25,11,1.5,1.5,0,0,1,,,,
MNQ SEP25,1s,1,4226,2025-07-14 10:30:27,22938,22938,22937,22937.5,25,1,0.5,0,0.5,-1,,,,
MNQ SEP25,1s,1,4227,2025-07-14 10:30:28,22937,22937.5,22936.25,22936.25,28,1.25,0.75,0.5,0,-1,,,,
MNQ SEP25,1s,1,4228,2025-07-14 10:30:29,22936,22936,22927.25,22929.75,473,8.75,6.25,0,2.5,-1,,,,
MNQ SEP25,1s,1,4229,2025-07-14 10:30:30,22929.75,22931.25,22929,22931,120,2.25,1.25,0.25,0.75,1,,,,
MNQ SEP25,10s,10,5822,2025-07-14 10:30:30,22938,22938.25,22927.25,22931,769,11,7,0.25,3.75,-1,-42.65,36.6,53.83333333,17.65
MNQ SEP25,1s,1,4230,2025-07-14 10:30:31,22931.5,22936,22931.25,22936,128,4.75,4.5,0,0.25,1,,,,
MNQ SEP25,1s,1,4231,2025-07-14 10:30:32,22935.5,22936.5,22935,22936,88,1.5,0.5,0.5,0.5,1,,,,
MNQ SEP25,1s,1,4232,2025-07-14 10:30:33,22936,22937.25,22936,22936.75,68,1.25,0.75,0.5,0,1,,,,
MNQ SEP25,1s,1,4233,2025-07-14 10:30:34,22937,22937.75,22936.5,22936.75,54,1.25,0.25,0.75,0.25,-1,,,,
MNQ SEP25,1s,1,4234,2025-07-14 10:30:35,22936.75,22937.75,22936.5,22937.25,41,1.25,0.5,0.5,0.25,1,,,,
MNQ SEP25,1s,1,4235,2025-07-14 10:30:36,22937.5,22938,22936.5,22937,54,1.5,0.5,0.5,0.5,-1,,,,
MNQ SEP25,1s,1,4236,2025-07-14 10:30:37,22936.75,22936.75,22934.5,22936,51,2.25,0.75,0,1.5,-1,,,,
MNQ SEP25,1s,1,4237,2025-07-14 10:30:38,22936,22937.25,22936,22937.25,40,1.25,1.25,0,0,1,,,,
MNQ SEP25,1s,1,4238,2025-07-14 10:30:39,22937.75,22937.75,22935.5,22936.75,43,2.25,1,0,1.25,-1,,,,
MNQ SEP25,1s,1,4239,2025-07-14 10:30:40,22936.75,22938.75,22936.75,22938.5,46,2,1.75,0.25,0,1,,,,
MNQ SEP25,10s,10,5823,2025-07-14 10:30:40,22931.5,22938.75,22931.25,22938.5,613,7.5,7,0.25,0.25,1,54.35,97,41.95,36.86
MNQ SEP25,20s,20,5911,2025-07-14 10:30:40,22938,22938.75,22927.25,22938.5,1382,11.5,0.5,0.25,10.75,1,25.95,-5.8,-95.05,-69.28
MNQ SEP25,1s,1,4240,2025-07-14 10:30:41,22938.5,22940.75,22938.5,22940,111,2.25,1.5,0.75,0,1,,,,
MNQ SEP25,1s,1,4241,2025-07-14 10:30:42,22940.25,22942,22939.5,22941.25,116,2.5,1,0.75,0.75,1,,,,
MNQ SEP25,1s,1,4242,2025-07-14 10:30:43,22941.5,22942,22940.25,22941.5,82,1.75,0,0.5,1.25,0,,,,
MNQ SEP25,1s,1,4243,2025-07-14 10:30:44,22941.5,22942,22940.5,22941.5,69,1.5,0,0.5,1,0,,,,
MNQ SEP25,1s,1,4244,2025-07-14 10:30:45,22941.25,22941.75,22940.75,22940.75,27,1,0.5,0.5,0,-1,,,,
MNQ SEP25,1s,1,4245,2025-07-14 10:30:46,22941.5,22942.75,22941.5,22942,126,1.25,0.5,0.75,0,1,,,,
MNQ SEP25,1s,1,4246,2025-07-14 10:30:47,22942,22943,22941.75,22942.5,101,1.25,0.5,0.5,0.25,1,,,,
MNQ SEP25,1s,1,4247,2025-07-14 10:30:48,22943,22943.75,22942,22943.75,101,1.75,0.75,0,1,1,,,,
MNQ SEP25,1s,1,4248,2025-07-14 10:30:49,22943.75,22944.75,22943.25,22943.75,184,1.5,0,1,0.5,0,,,,
MNQ SEP25,1s,1,4249,2025-07-14 10:30:50,22943.75,22943.75,22939.5,22939.5,151,4.25,4.25,0,0,-1,,,,
MNQ SEP25,10s,10,5824,2025-07-14 10:30:50,22938.5,22944.75,22938.5,22939.5,1068,6.25,1,5.25,0,1,124.7,70.35,67.98333333,65.77
MNQ SEP25,1s,1,4250,2025-07-14 10:30:51,22940,22940,22938.75,22939,69,1.25,1,0,0.25,-1,,,,
MNQ SEP25,1s,1,4251,2025-07-14 10:30:52,22939.25,22940.5,22938.5,22940.25,74,2,1,0.25,0.75,1,,,,
MNQ SEP25,1s,1,4252,2025-07-14 10:30:53,22940.5,22941,22938.25,22938.25,60,2.75,2.25,0.5,0,-1,,,,
MNQ SEP25,1s,1,4253,2025-07-14 10:30:54,22938.75,22938.75,22937.5,22938.25,27,1.25,0.5,0,0.75,-1,,,,
MNQ SEP25,1s,1,4254,2025-07-14 10:30:55,22937.75,22938.75,22937.5,22938,45,1.25,0.25,0.75,0.25,1,,,,
MNQ SEP25,1s,1,4255,2025-07-14 10:30:56,22938.5,22939.25,22938.5,22939.25,40,0.75,0.75,0,0,1,,,,
MNQ SEP25,1s,1,4256,2025-07-14 10:30:57,22939,22942.5,22939,22942.5,70,3.5,3.5,0,0,1,,,,
MNQ SEP25,1s,1,4257,2025-07-14 10:30:58,22942.25,22943.25,22942,22942,52,1.25,0.25,1,0,-1,,,,
MNQ SEP25,1s,1,4258,2025-07-14 10:30:59,22941.75,22942,22941.25,22941.75,54,0.75,0,0.25,0.5,0,,,,
MNQ SEP25,1s,1,4259,2025-07-14 10:31:00,22942,22942.75,22941.5,22941.5,40,1.25,0.5,0.75,0,-1,,,,
MNQ SEP25,10s,10,5825,2025-07-14 10:31:00,22940,22943.25,22937.5,22941.5,531,5.75,1.5,1.75,2.5,1,-20.15,-144.85,7.5,10.27
MNQ SEP25,20s,20,5912,2025-07-14 10:31:00,22938.5,22944.75,22937.5,22941.5,1599,7.25,3,3.25,1,1,83.9,57.95,-21.76666667,-43.87
MNQ SEP25,1s,1,4260,2025-07-14 10:31:01,22941.5,22941.75,22939.5,22941.25,151,2.25,0.25,0.25,1.75,-1,,,,
MNQ SEP25,1s,1,4261,2025-07-14 10:31:02,22941.25,22941.25,22939,22939,51,2.25,2.25,0,0,-1,,,,
MNQ SEP25,1s,1,4262,2025-07-14 10:31:03,22938.75,22939.25,22938.5,22938.5,34,0.75,0.25,0.5,0,-1,,,,
MNQ SEP25,1s,1,4263,2025-07-14 10:31:04,22939,22939,22937.75,22938.5,45,1.25,0.5,0,0.75,-1,,,,
MNQ SEP25,1s,1,4264,2025-07-14 10:31:05,22938.5,22940.75,22938.5,22940.5,34,2.25,2,0.25,0,1,,,,
MNQ SEP25,1s,1,4265,2025-07-14 10:31:06,22940.25,22941,22937.5,22938,57,3.5,2.25,0.75,0.5,-1,,,,
MNQ SEP25,1s,1,4266,2025-07-14 10:31:07,22938,22939.5,22938,22939.5,64,1.5,1.5,0,0,1,,,,
MNQ SEP25,1s,1,4267,2025-07-14 10:31:08,22939,22939.5,22937.75,22938.5,46,1.75,0.5,0.5,0.75,-1,,,,
MNQ SEP25,1s,1,4268,2025-07-14 10:31:09,22939,22940.5,22938.5,22940.25,37,2,1.25,0.25,0.5,1,,,,
MNQ SEP25,1s,1,4269,2025-07-14 10:31:10,22940.5,22941.25,22940,22941,24,1.25,0.5,0.25,0.5,1,,,,
MNQ SEP25,10s,10,5826,2025-07-14 10:31:10,22941.5,22941.75,22937.5,22941,543,4.25,0.5,0.25,3.5,-1,-30.25,-10.1,-28.2,9.8
MNQ SEP25,1s,1,4270,2025-07-14 10:31:11,22940.75,22941,22939.75,22940.75,28,1.25,0,0.25,1,0,,,,
MNQ SEP25,1s,1,4271,2025-07-14 10:31:12,22940.5,22941.75,22940,22941.5,42,1.75,1,0.25,0.5,1,,,,
MNQ SEP25,1s,1,4272,2025-07-14 10:31:13,22942,22942,22940.5,22941,41,1.5,1,0,0.5,-1,,,,
MNQ SEP25,1s,1,4273,2025-07-14 10:31:14,22940.25,22940.75,22939.75,22940.5,43,1,0.25,0.25,0.5,1,,,,
MNQ SEP25,1s,1,4274,2025-07-14 10:31:15,22940.25,22941.25,22940.25,22941.25,5,1,1,0,0,1,,,,
MNQ SEP25,1s,1,4275,2025-07-14 10:31:16,22940.75,22940.75,22939.5,22939.75,30,1.25,1,0,0.25,-1,,,,
MNQ SEP25,1s,1,4276,2025-07-14 10:31:17,22939.5,22940,22938.75,22939,48,1.25,0.5,0.5,0.25,-1,,,,
MNQ SEP25,1s,1,4277,2025-07-14 10:31:18,22939.25,22939.5,22939.25,22939.5,36,0.25,0.25,0,0,1,,,,
MNQ SEP25,1s,1,4278,2025-07-14 10:31:19,22939.25,22940.75,22939,22940.75,22,1.75,1.5,0,0.25,1,,,,
MNQ SEP25,1s,1,4279,2025-07-14 10:31:20,22941,22941,22940,22940.5,19,1,0.5,0,0.5,-1,,,,
MNQ SEP25,10s,10,5827,2025-07-14 10:31:20,22940.75,22942,22938.75,22940.5,314,3.25,0.25,1.25,1.75,-1,-112.3,-82.05,-79,-13.93
MNQ SEP25,20s,20,5913,2025-07-14 10:31:20,22941.5,22942,22937.5,22940.5,857,4.5,1,0.5,3,-1,35.05,-48.85,1.1,-55.21
MNQ SEP25,1s,1,4280,2025-07-14 10:31:21,22940.75,22940.75,22939,22939.5,40,1.75,1.25,0,0.5,-1,,,,
MNQ SEP25,1s,1,4281,2025-07-14 10:31:22,22939.75,22940.75,22938.5,22940.75,80,2.25,1,0,1.25,1,,,,
MNQ SEP25,1s,1,4282,2025-07-14 10:31:23,22940.75,22941.5,22940.25,22941,49,1.25,0.25,0.5,0.5,1,,,,
MNQ SEP25,1s,1,4283,2025-07-14 10:31:24,22940.75,22940.75,22939,22939.25,29,1.75,1.5,0,0.25,-1,,,,
MNQ SEP25,1s,1,4284,2025-07-14 10:31:25,22939.25,22940,22938.75,22940,15,1.25,0.75,0,0.5,1,,,,
MNQ SEP25,1s,1,4285,2025-07-14 10:31:26,22940.25,22941,22939,22941,29,2,0.75,0,1.25,1,,,,
MNQ SEP25,1s,1,4286,2025-07-14 10:31:27,22941,22942,22940.5,22941,39,1.5,0,1,0.5,0,,,,
MNQ SEP25,1s,1,4287,2025-07-14 10:31:28,22941.25,22942.25,22940.75,22942,35,1.5,0.75,0.25,0.5,1,,,,
MNQ SEP25,1s,1,4288,2025-07-14 10:31:29,22941.5,22942.5,22941.25,22942,39,1.25,0.5,0.5,0.25,1,,,,
MNQ SEP25,1s,1,4289,2025-07-14 10:31:30,22941.5,22942.5,22941.5,22941.5,33,1,0,1,0,0,,,,
MNQ SEP25,10s,10,5828,2025-07-14 10:31:30,22940.75,22942.5,22938.5,22941.5,388,4,0.75,1,2.25,1,-122.6,-10.3,-34.15,-35.39
MNQ SEP25,1s,1,4290,2025-07-14 10:31:31,22941.5,22944.25,22941.5,22944.25,83,2.75,2.75,0,0,1,,,,
MNQ SEP25,1s,1,4291,2025-07-14 10:31:32,22944,22944.5,22943.75,22944.5,46,0.75,0.5,0,0.25,1,,,,
MNQ SEP25,1s,1,4292,2025-07-14 10:31:33,22944,22944.5,22942.75,22942.75,64,1.75,1.25,0.5,0,-1,,,,
MNQ SEP25,1s,1,4293,2025-07-14 10:31:34,22942.5,22943.25,22942.5,22942.75,43,0.75,0.25,0.5,0,1,,,,
MNQ SEP25,1s,1,4294,2025-07-14 10:31:35,22942.5,22943.25,22941.25,22942.75,76,2,0.25,0.5,1.25,1,,,,
MNQ SEP25,1s,1,4295,2025-07-14 10:31:36,22942.25,22944.25,22942.25,22943.75,38,2,1.5,0.5,0,1,,,,
MNQ SEP25,1s,1,4296,2025-07-14 10:31:37,22943.5,22945,22942.25,22942.5,111,2.75,1,1.5,0.25,-1,,,,
MNQ SEP25,1s,1,4297,2025-07-14 10:31:38,22942.75,22943.25,22942.5,22943,29,0.75,0.25,0.25,0.25,1,,,,
MNQ SEP25,1s,1,4298,2025-07-14 10:31:39,22942.5,22943,22941.75,22941.75,66,1.25,0.75,0.5,0,-1,,,,
MNQ SEP25,1s,1,4299,2025-07-14 10:31:40,22941.5,22943.25,22941.25,22942.75,28,2,1.25,0.5,0.25,1,,,,
MNQ SEP25,10s,10,5829,2025-07-14 10:31:40,22941.5,22945,22941.25,22942.75,584,3.75,1.25,2.25,0.25,1,-207.85,-85.25,-59.2,-66.51
MNQ SEP25,20s,20,5914,2025-07-14 10:31:40,22940.75,22945,22938.5,22942.75,972,6.5,2,2.25,2.25,1,-26.8,-61.85,-17.58333333,-35.2
MNQ SEP25,1s,1,4300,2025-07-14 10:31:41,22943.25,22943.5,22943,22943,36,0.5,0.25,0.25,0,-1,,,,
MNQ SEP25,1s,1,4301,2025-07-14 10:31:42,22943,22943,22938.75,22939,81,4.25,4,0,0.25,-1,,,,
MNQ SEP25,1s,1,4302,2025-07-14 10:31:43,22939,22939.75,22936.75,22937,111,3,2,0.75,0.25,-1,,,,
MNQ SEP25,1s,1,4303,2025-07-14 10:31:44,22937,22938.25,22935.5,22936,67,2.75,1,1.25,0.5,-1,,,,
MNQ SEP25,1s,1,4304,2025-07-14 10:31:45,22936.25,22937.5,22936.25,22937.5,60,1.25,1.25,0,0,1,,,,
MNQ SEP25,1s,1,4305,2025-07-14 10:31:46,22937.5,22938,22937,22937.5,37,1,0,0.5,0.5,0,,,,
MNQ SEP25,1s,1,4306,2025-07-14 10:31:47,22938,22938,22936.75,22937.75,37,1.25,0.25,0,1,-1,,,,
MNQ SEP25,1s,1,4307,2025-07-14 10:31:48,22937.75,22939,22937.75,22938.5,30,1.25,0.75,0.5,0,1,,,,
MNQ SEP25,1s,1,4308,2025-07-14 10:31:49,22938.5,22940.25,22938.5,22939.25,50,1.75,0.75,1,0,1,,,,
MNQ SEP25,1s,1,4309,2025-07-14 10:31:50,22938.75,22939,22936.75,22939,29,2.25,0.25,0,2,1,,,,
MNQ SEP25,10s,10,5830,2025-07-14 10:31:50,22943.25,22943.5,22935.5,22939,538,8,4.25,0.25,3.5,-1,-193.65,14.2,-27.11666667,-34.7
MNQ SEP25,1s,1,4310,2025-07-14 10:31:51,22939.25,22939.75,22939,22939.75,40,0.75,0.5,0,0.25,1,,,,
MNQ SEP25,1s,1,4311,2025-07-14 10:31:52,22939,22939.25,22938.25,22939.25,13,1,0.25,0,0.75,1,,,,
MNQ SEP25,1s,1,4312,2025-07-14 10:31:53,22939,22940,22939,22939.75,24,1,0.75,0.25,0,1,,,,
MNQ SEP25,1s,1,4313,2025-07-14 10:31:54,22939.75,22939.75,22938.5,22939.5,32,1.25,0.25,0,1,-1,,,,
MNQ SEP25,1s,1,4314,2025-07-14 10:31:55,22939,22939.75,22939,22939,36,0.75,0,0.75,0,0,,,,
MNQ SEP25,1s,1,4315,2025-07-14 10:31:56,22939.25,22939.75,22938,22938.75,55,1.75,0.5,0.5,0.75,-1,,,,
MNQ SEP25,1s,1,4316,2025-07-14 10:31:57,22939,22939.5,22938.5,22938.5,22,1,0.5,0.5,0,-1,,,,
MNQ SEP25,1s,1,4317,2025-07-14 10:31:58,22938.5,22938.5,22938,22938,9,0.5,0.5,0,0,-1,,,,
MNQ SEP25,1s,1,4318,2025-07-14 10:31:59,22938.5,22938.5,22937.25,22937.25,32,1.25,1.25,0,0,-1,,,,
MNQ SEP25,1s,1,4319,2025-07-14 10:32:00,22937.25,22938.75,22937.25,22937.75,34,1.5,0.5,1,0,1,,,,
MNQ SEP25,10s,10,5831,2025-07-14 10:32:00,22939.25,22940,22937.25,22937.75,297,2.75,1.5,0.75,0.5,-1,-192.45,1.2,-23.28333333,-32.44
MNQ SEP25,20s,20,5915,2025-07-14 10:32:00,22943.25,22943.5,22935.5,22937.75,835,8,5.5,0.25,2.25,-1,-238.25,-211.45,-107.38333333,-54
MNQ SEP25,1s,1,4320,2025-07-14 10:32:01,22937,22937.25,22934.25,22935,175,3,2,0.25,0.75,-1,,,,
MNQ SEP25,1s,1,4321,2025-07-14 10:32:02,22935,22936.75,22934.5,22934.5,61,2.25,0.5,1.75,0,-1,,,,
MNQ SEP25,1s,1,4322,2025-07-14 10:32:03,22934.5,22934.5,22933,22933,108,1.5,1.5,0,0,-1,,,,
MNQ SEP25,1s,1,4323,2025-07-14 10:32:04,22933.25,22933.25,22930,22930.5,224,3.25,2.75,0,0.5,-1,,,,
MNQ SEP25,1s,1,4324,2025-07-14 10:32:05,22930.5,22931.5,22929.5,22930,113,2,0.5,1,0.5,-1,,,,
MNQ SEP25,1s,1,4325,2025-07-14 10:32:06,22930.25,22931.25,22930,22931.25,80,1.25,1,0,0.25,1,,,,
MNQ SEP25,1s,1,4326,2025-07-14 10:32:07,22931.25,22932,22930.75,22931.25,84,1.25,0,0.75,0.5,0,,,,
MNQ SEP25,1s,1,4327,2025-07-14 10:32:08,22931.25,22931.5,22930.75,22931.5,69,0.75,0.25,0,0.5,1,,,,
MNQ SEP25,1s,1,4328,2025-07-14 10:32:09,22931.75,22932.5,22931.5,22932.5,76,1,0.75,0,0.25,1,,,,
MNQ SEP25,1s,1,4329,2025-07-14 10:32:10,22932.5,22933,22930.5,22930.5,70,2.5,2,0.5,0,-1,,,,
MNQ SEP25,10s,10,5832,2025-07-14 10:32:10,22937,22937.25,22929.5,22930.5,1060,7.75,6.5,0.25,1,-1,-61.55,130.9,48.76666667,10.15
MNQ SEP25,1s,1,4330,2025-07-14 10:32:11,22930.75,22931,22929.5,22929.75,40,1.5,1,0.25,0.25,-1,,,,
MNQ SEP25,1s,1,4331,2025-07-14 10:32:12,22930.25,22931.25,22929.75,22929.75,64,1.5,0.5,1,0,-1,,,,
MNQ SEP25,1s,1,4332,2025-07-14 10:32:13,22930,22930.75,22928.5,22929.5,113,2.25,0.5,0.75,1,-1,,,,
MNQ SEP25,1s,1,4333,2025-07-14 10:32:14,22929.5,22930.25,22928.25,22929.75,91,2,0.25,0.5,1.25,1,,,,
MNQ SEP25,1s,1,4334,2025-07-14 10:32:15,22929.75,22929.75,22926.25,22928.25,256,3.5,1.5,0,2,-1,,,,
MNQ SEP25,1s,1,4335,2025-07-14 10:32:16,22928.75,22931.25,22928.25,22930,147,3,1.25,1.25,0.5,1,,,,
MNQ SEP25,1s,1,4336,2025-07-14 10:32:17,22929.75,22931.5,22929.25,22931.5,56,2.25,1.75,0,0.5,1,,,,
MNQ SEP25,1s,1,4337,2025-07-14 10:32:18,22931.75,22934.25,22930.5,22934,104,3.75,2.25,0.25,1.25,1,,,,
MNQ SEP25,1s,1,4338,2025-07-14 10:32:19,22933.75,22935.25,22933.5,22934.25,67,1.75,0.5,1,0.25,1,,,,
MNQ SEP25,1s,1,4339,2025-07-14 10:32:20,22934.75,22935,22934,22934,25,1,0.75,0.25,0,-1,,,,
MNQ SEP25,10s,10,5833,2025-07-14 10:32:20,22930.75,22935.25,22926.25,22934,963,9,3.25,1.25,4.5,1,32.45,94,75.36666667,31.01
MNQ SEP25,20s,20,5916,2025-07-14 10:32:20,22937,22937.25,22926.25,22934,2023,11,3,0.25,7.75,-1,-98.75,139.5,-44.6,-24.94
MNQ SEP25,1s,1,4340,2025-07-14 10:32:21,22933.75,22934.75,22933.5,22934.75,21,1.25,1,0,0.25,1,,,,
MNQ SEP25,1s,1,4341,2025-07-14 10:32:22,22934.25,22934.75,22932,22932,42,2.75,2.25,0.5,0,-1,,,,
MNQ SEP25,1s,1,4342,2025-07-14 10:32:23,22931.75,22931.75,22929.5,22929.5,62,2.25,2.25,0,0,-1,,,,
MNQ SEP25,1s,1,4343,2025-07-14 10:32:24,22930,22930.5,22927.75,22928,48,2.75,2,0.5,0.25,-1,,,,
MNQ SEP25,1s,1,4344,2025-07-14 10:32:25,22928,22929,22927.5,22927.5,33,1.5,0.5,1,0,-1,,,,
MNQ SEP25,1s,1,4345,2025-07-14 10:32:26,22928,22929,22928,22928.5,30,1,0.5,0.5,0,1,,,,
MNQ SEP25,1s,1,4346,2025-07-14 10:32:27,22928.75,22929.5,22928.25,22928.5,36,1.25,0.25,0.75,0.25,-1,,,,
MNQ SEP25,1s,1,4347,2025-07-14 10:32:28,22929,22929.5,22927.25,22927.5,62,2.25,1.5,0.5,0.25,-1,,,,
MNQ SEP25,1s,1,4348,2025-07-14 10:32:29,22928,22928.5,22926.5,22926.5,82,2,1.5,0.5,0,-1,,,,
MNQ SEP25,1s,1,4349,2025-07-14 10:32:30,22926.5,22928.75,22926.25,22927.75,89,2.5,1.25,1,0.25,1,,,,
MNQ SEP25,10s,10,5834,2025-07-14 10:32:30,22933.75,22934.75,22926.25,22927.75,505,8.5,6,1,1.5,-1,40,7.55,77.48333333,49.57
MNQ SEP25,1s,1,4350,2025-07-14 10:32:31,22927.75,22927.75,22923.25,22926.5,328,4.5,1.25,0,3.25,-1,,,,
MNQ SEP25,1s,1,4351,2025-07-14 10:32:32,22926.75,22927,22922.5,22923,213,4.5,3.75,0.25,0.5,-1,,,,
MNQ SEP25,1s,1,4352,2025-07-14 10:32:33,22923,22925.5,22923,22924.75,206,2.5,1.75,0.75,0,1,,,,
MNQ SEP25,1s,1,4353,2025-07-14 10:32:34,22924.75,22926.75,22924.25,22925.5,72,2.5,0.75,1.25,0.5,1,,,,
MNQ SEP25,1s,1,4354,2025-07-14 10:32:35,22926,22928,22925.5,22928,187,2.5,2,0,0.5,1,,,,
MNQ SEP25,1s,1,4355,2025-07-14 10:32:36,22928.5,22930,22928.25,22930,82,1.75,1.5,0,0.25,1,,,,
MNQ SEP25,1s,1,4356,2025-07-14 10:32:37,22930,22930,22928.25,22929,76,1.75,1,0,0.75,-1,,,,
MNQ SEP25,1s,1,4357,2025-07-14 10:32:38,22929.25,22930,22928.75,22929,90,1.25,0.25,0.75,0.25,-1,,,,
MNQ SEP25,1s,1,4358,2025-07-14 10:32:39,22929,22930.25,22929,22930.25,55,1.25,1.25,0,0,1,,,,
MNQ SEP25,1s,1,4359,2025-07-14 10:32:40,22930,22930,22927.5,22928.25,48,2.5,1.75,0,0.75,-1,,,,
MNQ SEP25,10s,10,5835,2025-07-14 10:32:40,22927.75,22930.25,22922.5,22928.25,1357,7.75,0.5,2,5.25,1,155.45,115.45,72.33333333,69.82
MNQ SEP25,20s,20,5917,2025-07-14 10:32:40,22933.75,22934.75,22922.5,22928.25,1862,12.25,5.5,1,5.75,-1,-90.7,8.05,-21.3,-34.92
MNQ SEP25,1s,1,4360,2025-07-14 10:32:41,22928.25,22928.25,22927.5,22928,26,0.75,0.25,0,0.5,-1,,,,
MNQ SEP25,1s,1,4361,2025-07-14 10:32:42,22928.5,22930.75,22928.5,22930.25,41,2.25,1.75,0.5,0,1,,,,
MNQ SEP25,1s,1,4362,2025-07-14 10:32:43,22930.5,22932,22930.5,22931.75,45,1.5,1.25,0.25,0,1,,,,
MNQ SEP25,1s,1,4363,2025-07-14 10:32:44,22932,22932.5,22931.25,22932,41,1.25,0,0.5,0.75,0,,,,
MNQ SEP25,1s,1,4364,2025-07-14 10:32:45,22932,22933,22931.5,22932.25,55,1.5,0.25,0.75,0.5,1,,,,
MNQ SEP25,1s,1,4365,2025-07-14 10:32:46,22932.25,22932.75,22931.5,22932,34,1.25,0.25,0.5,0.5,-1,,,,
MNQ SEP25,1s,1,4366,2025-07-14 10:32:47,22931.75,22933.5,22931.5,22933.25,30,2,1.5,0.25,0.25,1,,,,
MNQ SEP25,1s,1,4367,2025-07-14 10:32:48,22933,22933.5,22932.75,22933.25,18,0.75,0.25,0.25,0.25,1,,,,
MNQ SEP25,1s,1,4368,2025-07-14 10:32:49,22933,22933,22931.5,22932.25,40,1.5,0.75,0,0.75,-1,,,,
MNQ SEP25,1s,1,4369,2025-07-14 10:32:50,22932,22932.5,22930.5,22932.5,60,2,0.5,0,1.5,1,,,,
MNQ SEP25,10s,10,5836,2025-07-14 10:32:50,22928.25,22933.5,22927.5,22932.5,390,6,4.25,1,0.75,1,180.25,24.8,49.26666667,74.54
MNQ SEP25,1s,1,4370,2025-07-14 10:32:51,22931.75,22932.25,22931.5,22932,11,0.75,0.25,0.25,0.25,1,,,,
MNQ SEP25,1s,1,4371,2025-07-14 10:32:52,22931.75,22932.75,22931.75,22932.5,13,1,0.75,0.25,0,1,,,,
MNQ SEP25,1s,1,4372,2025-07-14 10:32:53,22932.75,22933,22931.25,22931.5,43,1.75,1.25,0.25,0.25,-1,,,,
MNQ SEP25,1s,1,4373,2025-07-14 10:32:54,22931,22933,22929.75,22933,78,3.25,2,0,1.25,1,,,,
MNQ SEP25,1s,1,4374,2025-07-14 10:32:55,22932.5,22933,22932.25,22932.5,30,0.75,0,0.5,0.25,0,,,,
MNQ SEP25,1s,1,4375,2025-07-14 10:32:56,22932.25,22933.75,22932.25,22933.5,29,1.5,1.25,0.25,0,1,,,,
MNQ SEP25,1s,1,4376,2025-07-14 10:32:57,22933.25,22933.5,22932.5,22932.5,29,1,0.75,0.25,0,-1,,,,
MNQ SEP25,1s,1,4377,2025-07-14 10:32:58,22932.5,22933,22932.5,22933,7,0.5,0.5,0,0,1,,,,
MNQ SEP25,1s,1,4378,2025-07-14 10:32:59,22933.5,22936.75,22933.5,22935.5,130,3.25,2,1.25,0,1,,,,
MNQ SEP25,1s,1,4379,2025-07-14 10:33:00,22935.5,22936.25,22933.75,22934,74,2.5,1.5,0.75,0.25,-1,,,,
MNQ SEP25,10s,10,5837,2025-07-14 10:33:00,22931.75,22936.75,22929.75,22934,444,7,2.25,2.75,2,1,61.6,-118.65,7.2,24.63
MNQ SEP25,20s,20,5918,2025-07-14 10:33:00,22928.25,22936.75,22927.5,22934,834,9.25,5.75,2.75,0.75,1,-86.7,4,50.51666667,-24.35
MNQ SEP25,1s,1,4380,2025-07-14 10:33:01,22933.75,22935,22931.75,22935,125,3.25,1.25,0,2,1,,,,
MNQ SEP25,1s,1,4381,2025-07-14 10:33:02,22934.75,22937.25,22934.5,22937.25,58,2.75,2.5,0,0.25,1,,,,
MNQ SEP25,1s,1,4382,2025-07-14 10:33:03,22937,22938,22936.5,22937.5,86,1.5,0.5,0.5,0.5,1,,,,
MNQ SEP25,1s,1,4383,2025-07-14 10:33:04,22937.5,22937.75,22937,22937.75,59,0.75,0.25,0,0.5,1,,,,
MNQ SEP25,1s,1,4384,2025-07-14 10:33:05,22938,22939.75,22937.5,22938.75,97,2.25,0.75,1,0.5,1,,,,
MNQ SEP25,1s,1,4385,2025-07-14 10:33:06,22938.5,22938.5,22935.75,22936.25,83,2.75,2.25,0,0.5,-1,,,,
MNQ SEP25,1s,1,4386,2025-07-14 10:33:07,22936.75,22938.25,22936,22936.5,58,2.25,0.25,1.5,0.5,-1,,,,
MNQ SEP25,1s,1,4387,2025-07-14 10:33:08,22936.75,22938,22936.5,22938,35,1.5,1.25,0,0.25,1,,,,
MNQ SEP25,1s,1,4388,2025-07-14 10:33:09,22937.75,22937.75,22935.5,22935.75,32,2.25,2,0,0.25,-1,,,,
MNQ SEP25,1s,1,4389,2025-07-14 10:33:10,22935.25,22936.75,22935,22936.5,57,1.75,1.25,0.25,0.25,1,,,,
MNQ SEP25,10s,10,5838,2025-07-14 10:33:10,22933.75,22939.75,22931.75,22936.5,690,8,2.75,3.25,2,1,-0.1,-61.7,-51.85,-6.51
MNQ SEP25,1s,1,4390,2025-07-14 10:33:11,22936.25,22938,22935.5,22937.5,38,2.5,1.25,0.5,0.75,1,,,,
MNQ SEP25,1s,1,4391,2025-07-14 10:33:12,22937.5,22938.75,22937.5,22938.25,33,1.25,0.75,0.5,0,1,,,,
MNQ SEP25,1s,1,4392,2025-07-14 10:33:13,22938,22938.5,22937.25,22937.5,48,1.25,0.5,0.5,0.25,-1,,,,
MNQ SEP25,1s,1,4393,2025-07-14 10:33:14,22937.25,22937.75,22936,22936.25,20,1.75,1,0.5,0.25,-1,,,,
MNQ SEP25,1s,1,4394,2025-07-14 10:33:15,22936.5,22936.5,22936,22936.25,18,0.5,0.25,0,0.25,-1,,,,
MNQ SEP25,1s,1,4395,2025-07-14 10:33:16,22936,22936.5,22934.5,22936.5,49,2,0.5,0,1.5,1,,,,
MNQ SEP25,1s,1,4396,2025-07-14 10:33:17,22935.5,22936.25,22935.5,22935.75,16,0.75,0.25,0.5,0,1,,,,
MNQ SEP25,1s,1,4397,2025-07-14 10:33:18,22936.25,22937.25,22936.25,22937,27,1,0.75,0.25,0,1,,,,
MNQ SEP25,1s,1,4398,2025-07-14 10:33:19,22936.75,22937.75,22936.75,22936.75,62,1,0,1,0,0,,,,
MNQ SEP25,1s,1,4399,2025-07-14 10:33:20,22937.25,22938.75,22937.25,22938,24,1.5,0.75,0.75,0,1,,,,
MNQ SEP25,10s,10,5839,2025-07-14 10:33:20,22936.25,22938.75,22934.5,22938,335,4.25,1.75,0.75,1.75,1,-19.25,-19.15,-66.5,-11.85
MNQ SEP25,20s,20,5919,2025-07-14 10:33:20,22933.75,22939.75,22931.75,22938,1025,8,4.25,1.75,2,1,-74.6,12.1,8.05,-9.56
MNQ SEP25,1s,1,4400,2025-07-14 10:33:21,22938.25,22938.25,22936.25,22936.25,41,2,2,0,0,-1,,,,
MNQ SEP25,1s,1,4401,2025-07-14 10:33:22,22936,22936,22934.5,22935.25,41,1.5,0.75,0,0.75,-1,,,,
MNQ SEP25,1s,1,4402,2025-07-14 10:33:23,22935.25,22935.75,22935,22935.75,22,0.75,0.5,0,0.25,1,,,,
MNQ SEP25,1s,1,4403,2025-07-14 10:33:24,22935,22935.75,22935,22935.75,8,0.75,0.75,0,0,1,,,,
MNQ SEP25,1s,1,4404,2025-07-14 10:33:25,22936.25,22937.5,22936,22937.5,25,1.5,1.25,0,0.25,1,,,,
MNQ SEP25,1s,1,4405,2025-07-14 10:33:26,22937.5,22938.75,22937.5,22938,27,1.25,0.5,0.75,0,1,,,,
MNQ SEP25,1s,1,4406,2025-07-14 10:33:27,22937.5,22937.5,22935.75,22937.25,35,1.75,0.25,0,1.5,-1,,,,
MNQ SEP25,1s,1,4407,2025-07-14 10:33:28,22936.75,22937.75,22936.75,22937.75,15,1,1,0,0,1,,,,
MNQ SEP25,1s,1,4408,2025-07-14 10:33:29,22938,22938.75,22937.5,22937.5,13,1.25,0.5,0.75,0,-1,,,,
MNQ SEP25,1s,1,4409,2025-07-14 10:33:30,22937,22937.25,22936.75,22937.25,13,0.5,0.25,0,0.25,1,,,,
MNQ SEP25,10s,10,5840,2025-07-14 10:33:30,22938.25,22938.75,22934.5,22937.25,240,4.25,1,0.5,2.75,-1,-189.05,-169.8,-83.55,-68.9
MNQ SEP25,1s,1,4410,2025-07-14 10:33:31,22937,22937.25,22934.75,22934.75,48,2.5,2.25,0.25,0,-1,,,,
MNQ SEP25,1s,1,4411,2025-07-14 10:33:32,22935,22935.5,22934.25,22935,19,1.25,0,0.5,0.75,0,,,,
MNQ SEP25,1s,1,4412,2025-07-14 10:33:33,22935,22935.5,22935,22935.25,7,0.5,0.25,0.25,0,1,,,,
MNQ SEP25,1s,1,4413,2025-07-14 10:33:34,22934.5,22936.25,22934.5,22936,40,1.75,1.5,0.25,0,1,,,,
MNQ SEP25,1s,1,4414,2025-07-14 10:33:35,22936.25,22936.5,22935.5,22935.5,22,1,0.75,0.25,0,-1,,,,
MNQ SEP25,1s,1,4415,2025-07-14 10:33:36,22935.25,22935.5,22934.75,22935.25,21,0.75,0,0.25,0.5,0,,,,
MNQ SEP25,1s,1,4416,2025-07-14 10:33:37,22935,22935.25,22934.5,22934.5,8,0.75,0.5,0.25,0,-1,,,,
MNQ SEP25,1s,1,4417,2025-07-14 10:33:38,22934.5,22935.5,22934,22935.5,39,1.5,1,0,0.5,1,,,,
MNQ SEP25,1s,1,4418,2025-07-14 10:33:39,22935.25,22935.25,22934.5,22934.5,7,0.75,0.75,0,0,-1,,,,
MNQ SEP25,1s,1,4419,2025-07-14 10:33:40,22934.75,22934.75,22933.5,22933.75,24,1.25,1,0,0.25,-1,,,,
MNQ SEP25,10s,10,5841,2025-07-14 10:33:40,22937,22937.25,22933.5,22933.75,235,3.75,3.25,0.25,0.25,-1,-204.4,-15.35,-68.1,-76.93
MNQ SEP25,20s,20,5920,2025-07-14 10:33:40,22938.25,22938.75,22933.5,22933.75,475,5.25,4.5,0.5,0.25,-1,-143.65,-69.05,-17.65,18.92
MNQ SEP25,1s,1,4420,2025-07-14 10:33:41,22933.5,22934.75,22933,22933,40,1.75,0.5,1.25,0,-1,,,,
MNQ SEP25,1s,1,4421,2025-07-14 10:33:42,22933.5,22934.5,22933,22933,53,1.5,0.5,1,0,-1,,,,
MNQ SEP25,1s,1,4422,2025-07-14 10:33:43,22933,22933.25,22932.75,22933.25,21,0.5,0.25,0,0.25,1,,,,
MNQ SEP25,1s,1,4423,2025-07-14 10:33:44,22934.75,22934.75,22932.25,22932.25,28,2.5,2.5,0,0,-1,,,,
MNQ SEP25,1s,1,4424,2025-07-14 10:33:45,22932.25,22933,22932,22932.25,28,1,0,0.75,0.25,0,,,,
MNQ SEP25,1s,1,4425,2025-07-14 10:33:46,22932.75,22933,22932.25,22932.25,24,0.75,0.5,0.25,0,-1,,,,
MNQ SEP25,1s,1,4426,2025-07-14 10:33:47,22932.75,22932.75,22931,22931,19,1.75,1.75,0,0,-1,,,,
MNQ SEP25,1s,1,4427,2025-07-14 10:33:48,22931,22931.25,22927.75,22927.75,133,3.5,3.25,0.25,0,-1,,,,
MNQ SEP25,1s,1,4428,2025-07-14 10:33:49,22928.25,22930.5,22928.25,22930.5,77,2.25,2.25,0,0,1,,,,
MNQ SEP25,1s,1,4429,2025-07-14 10:33:50,22930,22931,22929.25,22929.25,45,1.75,0.75,1,0,-1,,,,
MNQ SEP25,10s,10,5842,2025-07-14 10:33:50,22933.5,22934.75,22927.75,22929.25,468,7,4.25,1.25,1.5,-1,-184.55,19.85,-55.1,-49.23
MNQ SEP25,1s,1,4430,2025-07-14 10:33:51,22929.5,22929.75,22928,22928,27,1.75,1.5,0.25,0,-1,,,,
MNQ SEP25,1s,1,4431,2025-07-14 10:33:52,22928.5,22929.75,22928.5,22929.5,45,1.25,1,0.25,0,1,,,,
MNQ SEP25,1s,1,4432,2025-07-14 10:33:53,22929,22929.75,22928.25,22928.75,35,1.5,0.25,0.75,0.5,-1,,,,
MNQ SEP25,1s,1,4433,2025-07-14 10:33:54,22928.5,22929.25,22928.25,22928.75,25,1,0.25,0.5,0.25,1,,,,
MNQ SEP25,1s,1,4434,2025-07-14 10:33:55,22928.5,22928.75,22928.5,22928.5,12,0.25,0,0.25,0,0,,,,
MNQ SEP25,1s,1,4435,2025-07-14 10:33:56,22928.5,22929.5,22928,22928.25,22,1.5,0.25,1,0.25,-1,,,,
MNQ SEP25,1s,1,4436,2025-07-14 10:33:57,22928.5,22929,22928,22928.25,16,1,0.25,0.5,0.25,-1,,,,
MNQ SEP25,1s,1,4437,2025-07-14 10:33:58,22928.25,22929,22928,22928.25,22,1,0,0.75,0.25,0,,,,
MNQ SEP25,1s,1,4438,2025-07-14 10:33:59,22928,22929,22927.5,22927.5,25,1.5,0.5,1,0,-1,,,,
MNQ SEP25,1s,1,4439,2025-07-14 10:34:00,22928,22928,22927,22927.75,65,1,0.25,0,0.75,-1,,,,
MNQ SEP25,10s,10,5843,2025-07-14 10:34:00,22929.5,22929.75,22927,22927.75,294,2.75,1.75,0.25,0.75,-1,-247.8,-63.25,-19.58333333,-49.54
MNQ SEP25,20s,20,5921,2025-07-14 10:34:00,22933.5,22934.75,22927,22927.75,762,7.75,5.75,1.25,0.75,-1,-291.05,-147.4,-68.11666667,-38.46
MNQ SEP25,1s,1,4440,2025-07-14 10:34:01,22927.75,22928.25,22926.25,22928,85,2,0.25,0.25,1.5,1,,,,
MNQ SEP25,1s,1,4441,2025-07-14 10:34:02,22928,22929.75,22927.25,22929,64,2.5,1,0.75,0.75,1,,,,
MNQ SEP25,1s,1,4442,2025-07-14 10:34:03,22929,22929.25,22926.5,22926.75,89,2.75,2.25,0.25,0.25,-1,,,,
MNQ SEP25,1s,1,4443,2025-07-14 10:34:04,22926.25,22927.25,22924.75,22925.25,85,2.5,1,1,0.5,-1,,,,
MNQ SEP25,1s,1,4444,2025-07-14 10:34:05,22924.75,22926.5,22924.5,22926.25,72,2,1.5,0.25,0.25,1,,,,
MNQ SEP25,1s,1,4445,2025-07-14 10:34:06,22926,22927,22925.25,22925.25,52,1.75,0.75,1,0,-1,,,,
MNQ SEP25,1s,1,4446,2025-07-14 10:34:07,22925.25,22926,22925,22925,64,1,0.25,0.75,0,-1,,,,
MNQ SEP25,1s,1,4447,2025-07-14 10:34:08,22925.25,22926,22924.25,22925.75,67,1.75,0.5,0.25,1,1,,,,
MNQ SEP25,1s,1,4448,2025-07-14 10:34:09,22926,22927,22926,22927,37,1,1,0,0,1,,,,
MNQ SEP25,1s,1,4449,2025-07-14 10:34:10,22926.75,22928,22925.75,22926.5,51,2.25,0.25,1.25,0.75,-1,,,,
MNQ SEP25,10s,10,5844,2025-07-14 10:34:10,22927.75,22929.75,22924.25,22926.5,666,5.5,1.25,2,2.25,-1,-161.5,86.3,14.3,-28.45
MNQ SEP25,1s,1,4450,2025-07-14 10:34:11,22926.75,22927.75,22926.25,22927.75,25,1.5,1,0,0.5,1,,,,
MNQ SEP25,1s,1,4451,2025-07-14 10:34:12,22927.75,22928.75,22926.75,22927.5,32,2,0.25,1,0.75,-1,,,,
MNQ SEP25,1s,1,4452,2025-07-14 10:34:13,22927.5,22928.25,22927,22928.25,22,1.25,0.75,0,0.5,1,,,,
MNQ SEP25,1s,1,4453,2025-07-14 10:34:14,22928.25,22930.25,22928.25,22929.75,64,2,1.5,0.5,0,1,,,,
MNQ SEP25,1s,1,4454,2025-07-14 10:34:15,22929.75,22930.5,22929,22930,59,1.5,0.25,0.5,0.75,1,,,,
MNQ SEP25,1s,1,4455,2025-07-14 10:34:16,22929.75,22930,22928.25,22928.5,46,1.75,1.25,0.25,0.25,-1,,,,
MNQ SEP25,1s,1,4456,2025-07-14 10:34:17,22928.5,22928.75,22927.75,22928,30,1,0.5,0.25,0.25,-1,,,,
MNQ SEP25,1s,1,4457,2025-07-14 10:34:18,22928.25,22929.25,22928,22929,12,1.25,0.75,0.25,0.25,1,,,,
MNQ SEP25,1s,1,4458,2025-07-14 10:34:19,22928.75,22928.75,22927.5,22927.75,35,1.25,1,0,0.25,-1,,,,
MNQ SEP25,1s,1,4459,2025-07-14 10:34:20,22927.5,22927.5,22926,22926,59,1.5,1.5,0,0,-1,,,,
MNQ SEP25,10s,10,5845,2025-07-14 10:34:20,22926.75,22930.5,22926,22926,384,4.5,0.75,3.75,0,-1,-125.35,36.15,19.73333333,12.74
MNQ SEP25,20s,20,5922,2025-07-14 10:34:20,22927.75,22930.5,22924.25,22926,1050,6.25,1.75,2.75,1.75,-1,-431.5,-140.45,-118.96666667,-68.16
MNQ SEP25,1s,1,4460,2025-07-14 10:34:21,22925.5,22926,22925.25,22925.5,34,0.75,0,0.5,0.25,0,,,,
MNQ SEP25,1s,1,4461,2025-07-14 10:34:22,22926,22928,22925.5,22927.25,37,2.5,1.25,0.75,0.5,1,,,,
MNQ SEP25,1s,1,4462,2025-07-14 10:34:23,22927.5,22928.25,22927,22927.75,32,1.25,0.25,0.5,0.5,1,,,,
MNQ SEP25,1s,1,4463,2025-07-14 10:34:24,22927.5,22927.75,22926.75,22927.75,7,1,0.25,0,0.75,1,,,,
MNQ SEP25,1s,1,4464,2025-07-14 10:34:25,22927.75,22927.75,22926.5,22926.75,25,1.25,1,0,0.25,-1,,,,
MNQ SEP25,1s,1,4465,2025-07-14 10:34:26,22926.25,22927.5,22926.25,22926.75,25,1.25,0.5,0.75,0,1,,,,
MNQ SEP25,1s,1,4466,2025-07-14 10:34:27,22926.75,22927.25,22925.25,22925.25,26,2,1.5,0.5,0,-1,,,,
MNQ SEP25,1s,1,4467,2025-07-14 10:34:28,22925.25,22925.25,22923.75,22923.75,112,1.5,1.5,0,0,-1,,,,
MNQ SEP25,1s,1,4468,2025-07-14 10:34:29,22924.75,22924.75,22923.5,22924,40,1.25,0.75,0,0.5,-1,,,,
MNQ SEP25,1s,1,4469,2025-07-14 10:34:30,22923.75,22927,22923.75,22926.25,98,3.25,2.5,0.75,0,1,,,,
MNQ SEP25,10s,10,5846,2025-07-14 10:34:30,22925.5,22928.25,22923.5,22926.25,436,4.75,0.75,2,2,1,-79.8,45.55,56,24.92
MNQ SEP25,1s,1,4470,2025-07-14 10:34:31,22926.25,22926.25,22924.5,22924.75,38,1.75,1.5,0,0.25,-1,,,,
MNQ SEP25,1s,1,4471,2025-07-14 10:34:32,22924.75,22925.75,22924.25,22925.25,32,1.5,0.5,0.5,0.5,1,,,,
MNQ SEP25,1s,1,4472,2025-07-14 10:34:33,22925.5,22925.5,22924.75,22924.75,16,0.75,0.75,0,0,-1,,,,
MNQ SEP25,1s,1,4473,2025-07-14 10:34:34,22925,22925,22924.25,22924.5,21,0.75,0.5,0,0.25,-1,,,,
MNQ SEP25,1s,1,4474,2025-07-14 10:34:35,22925,22925,22924,22924.75,40,1,0.25,0,0.75,-1,,,,
MNQ SEP25,1s,1,4475,2025-07-14 10:34:36,22924.25,22926.5,22923.75,22926.5,107,2.75,2.25,0,0.5,1,,,,
MNQ SEP25,1s,1,4476,2025-07-14 10:34:37,22926.5,22927.5,22926.25,22926.75,33,1.25,0.25,0.75,0.25,1,,,,
MNQ SEP25,1s,1,4477,2025-07-14 10:34:38,22926.25,22926.75,22925.5,22926.75,32,1.25,0.5,0,0.75,1,,,,
MNQ SEP25,1s,1,4478,2025-07-14 10:34:39,22926.5,22927,22924.75,22927,77,2.25,0.5,0,1.75,1,,,,
MNQ SEP25,1s,1,4479,2025-07-14 10:34:40,22927.5,22928,22927.25,22927.5,18,0.75,0,0.5,0.25,0,,,,
MNQ SEP25,10s,10,5847,2025-07-14 10:34:40,22926.25,22928,22923.75,22927.5,414,4.25,1.25,0.5,2.5,1,-95.6,-15.8,21.96666667,17.79
MNQ SEP25,20s,20,5923,2025-07-14 10:34:40,22925.5,22928.25,22923.5,22927.5,850,4.75,2,0.75,2,1,-428.1,3.4,-94.81666667,-68.28
MNQ SEP25,1s,1,4480,2025-07-14 10:34:41,22927.25,22929.25,22927.25,22928.75,51,2,1.5,0.5,0,1,,,,
MNQ SEP25,1s,1,4481,2025-07-14 10:34:42,22929.25,22931.25,22929,22930,67,2.25,0.75,1.25,0.25,1,,,,
MNQ SEP25,1s,1,4482,2025-07-14 10:34:43,22930,22931.25,22929,22930.5,54,2.25,0.5,0.75,1,1,,,,
MNQ SEP25,1s,1,4483,2025-07-14 10:34:44,22930.5,22930.5,22929.5,22930.25,20,1,0.25,0,0.75,-1,,,,
MNQ SEP25,1s,1,4484,2025-07-14 10:34:45,22930,22930,22928.25,22929,46,1.75,1,0,0.75,-1,,,,
MNQ SEP25,1s,1,4485,2025-07-14 10:34:46,22929.25,22929.25,22927.5,22927.5,12,1.75,1.75,0,0,-1,,,,
MNQ SEP25,1s,1,4486,2025-07-14 10:34:47,22927.5,22927.5,22926.25,22927.5,40,1.25,0,0,1.25,0,,,,
MNQ SEP25,1s,1,4487,2025-07-14 10:34:48,22927.75,22927.75,22926.75,22927,18,1,0.75,0,0.25,-1,,,,
MNQ SEP25,1s,1,4488,2025-07-14 10:34:49,22927,22927.75,22927,22927.5,10,0.75,0.5,0.25,0,1,,,,
MNQ SEP25,1s,1,4489,2025-07-14 10:34:50,22928,22929.25,22928,22929,18,1.25,1,0.25,0,1,,,,
MNQ SEP25,10s,10,5848,2025-07-14 10:34:50,22927.25,22931.25,22926.25,22929,336,5,1.75,2.25,1,1,-84.6,11,13.58333333,32.64
MNQ SEP25,1s,1,4490,2025-07-14 10:34:51,22929.25,22930.25,22929.25,22929.75,12,1,0.5,0.5,0,1,,,,
MNQ SEP25,1s,1,4491,2025-07-14 10:34:52,22929.25,22930,22929.25,22929.5,12,0.75,0.25,0.5,0,1,,,,
MNQ SEP25,1s,1,4492,2025-07-14 10:34:53,22929.5,22930.25,22929,22929,19,1.25,0.5,0.75,0,-1,,,,
MNQ SEP25,1s,1,4493,2025-07-14 10:34:54,22929.25,22930.25,22929.25,22930,21,1,0.75,0.25,0,1,,,,
MNQ SEP25,1s,1,4494,2025-07-14 10:34:55,22929.75,22931,22929.75,22930.75,28,1.25,1,0.25,0,1,,,,
MNQ SEP25,1s,1,4495,2025-07-14 10:34:56,22931,22931,22928.75,22928.75,61,2.25,2.25,0,0,-1,,,,
MNQ SEP25,1s,1,4496,2025-07-14 10:34:57,22928.5,22929,22927.75,22928.5,35,1.25,0,0.5,0.75,0,,,,
MNQ SEP25,1s,1,4497,2025-07-14 10:34:58,22928.5,22928.5,22927.75,22928.5,10,0.75,0,0,0.75,0,,,,
MNQ SEP25,1s,1,4498,2025-07-14 10:34:59,22928.75,22929.5,22928.25,22929.5,17,1.25,0.75,0,0.5,1,,,,
MNQ SEP25,1s,1,4499,2025-07-14 10:35:00,22929.25,22929.75,22929,22929.25,13,0.75,0,0.5,0.25,0,,,,
MNQ SEP25,10s,10,5849,2025-07-14 10:35:00,22929.25,22931,22927.75,22929.25,228,3.25,0,1.75,1.5,0,-154.4,-69.8,-24.86666667,1.42
MNQ SEP25,20s,20,5924,2025-07-14 10:35:00,22927.25,22931.25,22926.25,22929.25,564,5,2,2,1,1,-453.65,-25.55,-54.2,-75.81
MNQ SEP25,1s,1,4500,2025-07-14 10:35:01,22928.75,22928.75,22926.5,22927.75,56,2.25,1,0,1.25,-1,,,,
MNQ SEP25,1s,1,4501,2025-07-14 10:35:02,22927,22927.25,22925.5,22925.75,82,1.75,1.25,0.25,0.25,-1,,,,
MNQ SEP25,1s,1,4502,2025-07-14 10:35:03,22926,22926,22924.75,22926,58,1.25,0,0,1.25,0,,,,
MNQ SEP25,1s,1,4503,2025-07-14 10:35:04,22926,22927.5,22924.5,22926.25,114,3,0.25,1.25,1.5,1,,,,
MNQ SEP25,1s,1,4504,2025-07-14 10:35:05,22926.25,22927,22925.25,22927,83,1.75,0.75,0,1,1,,,,
MNQ SEP25,1s,1,4505,2025-07-14 10:35:06,22927,22928,22925,22925,60,3,2,1,0,-1,,,,
MNQ SEP25,1s,1,4506,2025-07-14 10:35:07,22925.5,22926.5,22925.5,22926.5,33,1,1,0,0,1,,,,
MNQ SEP25,1s,1,4507,2025-07-14 10:35:08,22926.25,22929.75,22926,22928.75,74,3.75,2.5,1,0.25,1,,,,
MNQ SEP25,1s,1,4508,2025-07-14 10:35:09,22928.75,22929,22928.25,22928.75,21,0.75,0,0.25,0.5,0,,,,
MNQ SEP25,1s,1,4509,2025-07-14 10:35:10,22928.75,22929,22927.75,22929,15,1.25,0.25,0,1,1,,,,
MNQ SEP25,10s,10,5850,2025-07-14 10:35:10,22928.75,22929.75,22924.5,22929,596,5.25,0.25,0.75,4.25,1,-114.9,39.5,-6.43333333,2.09
MNQ SEP25,1s,1,4510,2025-07-14 10:35:11,22929,22929,22928,22928.5,10,1,0.5,0,0.5,-1,,,,
MNQ SEP25,1s,1,4511,2025-07-14 10:35:12,22928.25,22929.75,22927.25,22929.25,33,2.5,1,0.5,1,1,,,,
MNQ SEP25,1s,1,4512,2025-07-14 10:35:13,22929,22929.25,22928.75,22929.25,16,0.5,0.25,0,0.25,1,,,,
MNQ SEP25,1s,1,4513,2025-07-14 10:35:14,22929.75,22929.75,22925.5,22926.5,54,4.25,3.25,0,1,-1,,,,
MNQ SEP25,1s,1,4514,2025-07-14 10:35:15,22926.5,22927.25,22926.5,22927,7,0.75,0.5,0.25,0,1,,,,
MNQ SEP25,1s,1,4515,2025-07-14 10:35:16,22927,22927.75,22926.5,22927.75,32,1.25,0.75,0,0.5,1,,,,
MNQ SEP25,1s,1,4516,2025-07-14 10:35:17,22927.25,22928.75,22927.25,22928.5,19,1.5,1.25,0.25,0,1,,,,
MNQ SEP25,1s,1,4517,2025-07-14 10:35:18,22928,22928.5,22927.5,22928.5,17,1,0.5,0,0.5,1,,,,
MNQ SEP25,1s,1,4518,2025-07-14 10:35:19,22928,22928.75,22926.5,22926.5,22,2.25,1.5,0.75,0,-1,,,,
MNQ SEP25,1s,1,4519,2025-07-14 10:35:20,22927,22927.75,22926.75,22927.5,18,1,0.5,0.25,0.25,1,,,,
MNQ SEP25,10s,10,5851,2025-07-14 10:35:20,22929,22929.75,22925.5,22927.5,228,4.25,1.5,0.75,2,-1,-153.05,-38.15,-22.81666667,-14.65
MNQ SEP25,20s,20,5925,2025-07-14 10:35:20,22928.75,22929.75,22924.5,22927.5,824,5.25,1.25,1,3,-1,-320.1,133.55,37.13333333,-35.29
MNQ SEP25,1s,1,4520,2025-07-14 10:35:21,22927.5,22930,22927.5,22930,35,2.5,2.5,0,0,1,,,,
MNQ SEP25,1s,1,4521,2025-07-14 10:35:22,22928.75,22930.25,22928.5,22930.25,50,1.75,1.5,0,0.25,1,,,,
MNQ SEP25,1s,1,4522,2025-07-14 10:35:23,22930.25,22930.5,22929,22929,51,1.5,1.25,0.25,0,-1,,,,
MNQ SEP25,1s,1,4523,2025-07-14 10:35:24,22928.75,22928.75,22926.25,22926.75,37,2.5,2,0,0.5,-1,,,,
MNQ SEP25,1s,1,4524,2025-07-14 10:35:25,22926.75,22927.5,22926.75,22927.25,21,0.75,0.5,0.25,0,1,,,,
MNQ SEP25,1s,1,4525,2025-07-14 10:35:26,22927,22927.5,22926.5,22927.5,17,1,0.5,0,0.5,1,,,,
MNQ SEP25,1s,1,4526,2025-07-14 10:35:27,22928,22930.5,22927.75,22930,27,2.75,2,0.5,0.25,1,,,,
MNQ SEP25,1s,1,4527,2025-07-14 10:35:28,22930.5,22932.25,22930.25,22932.25,66,2,1.75,0,0.25,1,,,,
MNQ SEP25,1s,1,4528,2025-07-14 10:35:29,22932,22933.75,22932,22933.5,80,1.75,1.5,0.25,0,1,,,,
MNQ SEP25,1s,1,4529,2025-07-14 10:35:30,22933.5,22934.5,22933,22934.5,56,1.5,1,0,0.5,1,,,,
MNQ SEP25,10s,10,5852,2025-07-14 10:35:30,22927.5,22934.5,22926.25,22934.5,440,8.25,7,0,1.25,1,-116.85,36.2,12.51666667,-4.25
MNQ SEP25,1s,1,4530,2025-07-14 10:35:31,22934.25,22935.25,22934.25,22934.75,62,1,0.5,0.5,0,1,,,,
MNQ SEP25,1s,1,4531,2025-07-14 10:35:32,22934.5,22935.5,22934,22935.25,60,1.5,0.75,0.25,0.5,1,,,,
MNQ SEP25,1s,1,4532,2025-07-14 10:35:33,22935.25,22935.25,22933.75,22934,45,1.5,1.25,0,0.25,-1,,,,
MNQ SEP25,1s,1,4533,2025-07-14 10:35:34,22933.75,22934.25,22933.25,22934.25,47,1,0.5,0,0.5,1,,,,
MNQ SEP25,1s,1,4534,2025-07-14 10:35:35,22934.25,22934.25,22933,22933.75,29,1.25,0.5,0,0.75,-1,,,,
MNQ SEP25,1s,1,4535,2025-07-14 10:35:36,22934.25,22935.25,22934,22934.75,63,1.25,0.5,0.5,0.25,1,,,,
MNQ SEP25,1s,1,4536,2025-07-14 10:35:37,22935,22935.25,22934.5,22934.75,29,0.75,0.25,0.25,0.25,-1,,,,
MNQ SEP25,1s,1,4537,2025-07-14 10:35:38,22935,22936.5,22934.75,22935.5,72,1.75,0.5,1,0.25,1,,,,
MNQ SEP25,1s,1,4538,2025-07-14 10:35:39,22936,22936,22935.5,22935.5,30,0.5,0.5,0,0,-1,,,,
MNQ SEP25,1s,1,4539,2025-07-14 10:35:40,22935.25,22935.75,22934.5,22934.5,33,1.25,0.75,0.5,0,-1,,,,
MNQ SEP25,10s,10,5853,2025-07-14 10:35:40,22934.25,22936.5,22933,22934.5,470,3.5,0.25,2,1.25,1,-65.4,51.45,16.5,3.84
MNQ SEP25,20s,20,5926,2025-07-14 10:35:40,22927.5,22936.5,22926.25,22934.5,910,10.25,7,2,1.25,1,-274.15,45.95,51.31666667,3.38
MNQ SEP25,1s,1,4540,2025-07-14 10:35:41,22934.25,22934.25,22932,22933,48,2.25,1.25,0,1,-1,,,,
MNQ SEP25,1s,1,4541,2025-07-14 10:35:42,22932.5,22933.5,22932.5,22932.75,26,1,0.25,0.75,0,1,,,,
MNQ SEP25,1s,1,4542,2025-07-14 10:35:43,22933.25,22933.75,22932,22932.5,20,1.75,0.75,0.5,0.5,-1,,,,
MNQ SEP25,1s,1,4543,2025-07-14 10:35:44,22932.5,22933.5,22931.25,22932.25,106,2.25,0.25,1,1,-1,,,,
MNQ SEP25,1s,1,4544,2025-07-14 10:35:45,22932.5,22934.25,22932.25,22934,29,2,1.5,0.25,0.25,1,,,,
MNQ SEP25,1s,1,4545,2025-07-14 10:35:46,22934.25,22935.75,22934,22934.75,63,1.75,0.5,1,0.25,1,,,,
MNQ SEP25,1s,1,4546,2025-07-14 10:35:47,22934.75,22936.25,22934.75,22936,28,1.5,1.25,0.25,0,1,,,,
MNQ SEP25,1s,1,4547,2025-07-14 10:35:48,22936,22936.25,22934.25,22934.25,95,2,1.75,0.25,0,-1,,,,
MNQ SEP25,1s,1,4548,2025-07-14 10:35:49,22934.25,22934.25,22933,22933.5,32,1.25,0.75,0,0.5,-1,,,,
MNQ SEP25,1s,1,4549,2025-07-14 10:35:50,22933.75,22934.25,22933.5,22934.25,36,0.75,0.5,0,0.25,1,,,,
MNQ SEP25,10s,10,5854,2025-07-14 10:35:50,22934.25,22936.25,22931.25,22934.25,483,5,0,2,3,0,-13.3,52.1,46.58333333,28.22
MNQ SEP25,1s,1,4550,2025-07-14 10:35:51,22934.5,22935,22933.75,22934.25,27,1.25,0.25,0.5,0.5,-1,,,,
MNQ SEP25,1s,1,4551,2025-07-14 10:35:52,22934.25,22934.75,22934.25,22934.5,18,0.5,0.25,0.25,0,1,,,,
MNQ SEP25,1s,1,4552,2025-07-14 10:35:53,22934.5,22934.75,22933.75,22933.75,22,1,0.75,0.25,0,-1,,,,
MNQ SEP25,1s,1,4553,2025-07-14 10:35:54,22934.5,22935.25,22934.5,22935,17,0.75,0.5,0.25,0,1,,,,
MNQ SEP25,1s,1,4554,2025-07-14 10:35:55,22935,22935.5,22934.5,22934.75,17,1,0.25,0.5,0.25,-1,,,,
MNQ SEP25,1s,1,4555,2025-07-14 10:35:56,22935.5,22936,22934.75,22934.75,31,1.25,0.75,0.5,0,-1,,,,
MNQ SEP25,1s,1,4556,2025-07-14 10:35:57,22935.25,22935.5,22934,22934,17,1.5,1.25,0.25,0,-1,,,,
MNQ SEP25,1s,1,4557,2025-07-14 10:35:58,22934.25,22934.5,22933,22934.25,56,1.5,0,0.25,1.25,0,,,,
MNQ SEP25,1s,1,4558,2025-07-14 10:35:59,22934.5,22934.75,22934,22934.75,10,0.75,0.25,0,0.5,1,,,,
MNQ SEP25,1s,1,4559,2025-07-14 10:36:00,22934.5,22935.25,22934.5,22934.75,13,0.75,0.25,0.5,0,1,,,,
MNQ SEP25,10s,10,5855,2025-07-14 10:36:00,22934.5,22936,22933,22934.75,228,3,0.25,1.25,1.5,1,-30.45,-17.15,28.8,16.89
MNQ SEP25,20s,20,5927,2025-07-14 10:36:00,22934.25,22936.25,22931.25,22934.75,711,5,0.5,1.5,3,1,-309.4,-35.25,48.08333333,24.42
MNQ SEP25,1s,1,4560,2025-07-14 10:36:01,22934.75,22938,22934.75,22937.75,130,3.25,3,0.25,0,1,,,,
MNQ SEP25,1s,1,4561,2025-07-14 10:36:02,22938,22938,22935.5,22936.25,75,2.5,1.75,0,0.75,-1,,,,
MNQ SEP25,1s,1,4562,2025-07-14 10:36:03,22936,22936.5,22935.75,22935.75,23,0.75,0.25,0.5,0,-1,,,,
MNQ SEP25,1s,1,4563,2025-07-14 10:36:04,22935.75,22935.75,22934.25,22935.5,48,1.5,0.25,0,1.25,-1,,,,
MNQ SEP25,1s,1,4564,2025-07-14 10:36:05,22935.75,22936.5,22935,22936.5,71,1.5,0.75,0,0.75,1,,,,
MNQ SEP25,1s,1,4565,2025-07-14 10:36:06,22936.75,22937.25,22935.75,22935.75,33,1.5,1,0.5,0,-1,,,,
MNQ SEP25,1s,1,4566,2025-07-14 10:36:07,22935.75,22936.25,22935.5,22936.25,29,0.75,0.5,0,0.25,1,,,,
MNQ SEP25,1s,1,4567,2025-07-14 10:36:08,22936,22937,22935.5,22937,32,1.5,1,0,0.5,1,,,,
MNQ SEP25,1s,1,4568,2025-07-14 10:36:09,22936.75,22936.75,22934.25,22934.75,57,2.5,2,0,0.5,-1,,,,
MNQ SEP25,1s,1,4569,2025-07-14 10:36:10,22935,22935,22933.25,22934,31,1.75,1,0,0.75,-1,,,,
MNQ SEP25,10s,10,5856,2025-07-14 10:36:10,22934.75,22938,22933.25,22934,529,4.75,0.75,3.25,0.75,-1,22.8,53.25,29.4,35.17
MNQ SEP25,1s,1,4570,2025-07-14 10:36:11,22934.25,22934.5,22933.25,22933.25,28,1.25,1,0.25,0,-1,,,,
MNQ SEP25,1s,1,4571,2025-07-14 10:36:12,22933,22933.75,22932.75,22933,33,1,0,0.75,0.25,0,,,,
MNQ SEP25,1s,1,4572,2025-07-14 10:36:13,22932.5,22933.25,22932.25,22932.75,28,1,0.25,0.5,0.25,1,,,,
MNQ SEP25,1s,1,4573,2025-07-14 10:36:14,22933.25,22934.25,22932.75,22934.25,9,1.5,1,0,0.5,1,,,,
MNQ SEP25,1s,1,4574,2025-07-14 10:36:15,22934.5,22937,22934,22936.25,33,3,1.75,0.75,0.5,1,,,,
MNQ SEP25,1s,1,4575,2025-07-14 10:36:16,22936.25,22937,22935.75,22935.75,17,1.25,0.5,0.75,0,-1,,,,
MNQ SEP25,1s,1,4576,2025-07-14 10:36:17,22936.5,22936.5,22935.75,22936,14,0.75,0.5,0,0.25,-1,,,,
MNQ SEP25,1s,1,4577,2025-07-14 10:36:18,22936.5,22936.5,22933.25,22935,32,3.25,1.5,0,1.75,-1,,,,
MNQ SEP25,1s,1,4578,2025-07-14 10:36:19,22934.5,22935,22933.75,22934.25,18,1.25,0.25,0.5,0.5,-1,,,,
MNQ SEP25,1s,1,4579,2025-07-14 10:36:20,22934.5,22936.75,22934.5,22936.25,18,2.25,1.75,0.5,0,1,,,,
MNQ SEP25,10s,10,5857,2025-07-14 10:36:20,22934.25,22937,22932.25,22936.25,230,4.75,2,0.75,2,1,-8.5,-31.3,1.6,21.67
MNQ SEP25,20s,20,5928,2025-07-14 10:36:20,22934.75,22938,22932.25,22936.25,759,5.75,1.5,1.75,2.5,1,-313.1,-3.7,2.33333333,23
MNQ SEP25,1s,1,4580,2025-07-14 10:36:21,22934.25,22934.25,22933.25,22934,47,1,0.25,0,0.75,-1,,,,
MNQ SEP25,1s,1,4581,2025-07-14 10:36:22,22934,22935.5,22934,22935.5,18,1.5,1.5,0,0,1,,,,
MNQ SEP25,1s,1,4582,2025-07-14 10:36:23,22934.75,22934.75,22934.5,22934.5,12,0.25,0.25,0,0,-1,,,,
MNQ SEP25,1s,1,4583,2025-07-14 10:36:24,22934.5,22935,22933.5,22933.5,12,1.5,1,0.5,0,-1,,,,
MNQ SEP25,1s,1,4584,2025-07-14 10:36:25,22933.75,22933.75,22932.75,22932.75,16,1,1,0,0,-1,,,,
MNQ SEP25,1s,1,4585,2025-07-14 10:36:26,22932.5,22932.5,22930.25,22931.5,113,2.25,1,0,1.25,-1,,,,
MNQ SEP25,1s,1,4586,2025-07-14 10:36:27,22931.25,22933,22931.25,22933,43,1.75,1.75,0,0,1,,,,
MNQ SEP25,1s,1,4587,2025-07-14 10:36:28,22933.5,22933.5,22932.5,22932.75,16,1,0.75,0,0.25,-1,,,,
MNQ SEP25,1s,1,4588,2025-07-14 10:36:29,22932.75,22932.75,22930.25,22930.25,23,2.5,2.5,0,0,-1,,,,
MNQ SEP25,1s,1,4589,2025-07-14 10:36:30,22930,22930,22928,22929.25,116,2,0.75,0,1.25,-1,,,,
MNQ SEP25,10s,10,5858,2025-07-14 10:36:30,22934.25,22935.5,22928,22929.25,416,7.5,5,1.25,1.25,-1,-5.6,2.9,8.28333333,11.96
MNQ SEP25,1s,1,4590,2025-07-14 10:36:31,22929.25,22930.5,22929,22929.75,46,1.5,0.5,0.75,0.25,1,,,,
MNQ SEP25,1s,1,4591,2025-07-14 10:36:32,22930.75,22931.75,22930,22930.75,31,1.75,0,1,0.75,0,,,,
MNQ SEP25,1s,1,4592,2025-07-14 10:36:33,22931,22932,22930.25,22930.25,22,1.75,0.75,1,0,-1,,,,
MNQ SEP25,1s,1,4593,2025-07-14 10:36:34,22930.5,22930.75,22930.25,22930.75,15,0.5,0.25,0,0.25,1,,,,
MNQ SEP25,1s,1,4594,2025-07-14 10:36:35,22931.25,22931.25,22930.25,22930.25,12,1,1,0,0,-1,,,,
MNQ SEP25,1s,1,4595,2025-07-14 10:36:36,22930.5,22930.5,22927.5,22927.75,44,3,2.75,0,0.25,-1,,,,
MNQ SEP25,1s,1,4596,2025-07-14 10:36:37,22927.75,22927.75,22926,22926.75,106,1.75,1,0,0.75,-1,,,,
MNQ SEP25,1s,1,4597,2025-07-14 10:36:38,22926.75,22928.25,22926,22927.5,48,2.25,0.75,0.75,0.75,1,,,,
MNQ SEP25,1s,1,4598,2025-07-14 10:36:39,22928,22928.25,22927.25,22927.75,44,1,0.25,0.25,0.5,-1,,,,
MNQ SEP25,1s,1,4599,2025-07-14 10:36:40,22928,22930.25,22928,22930.25,22,2.25,2.25,0,0,1,,,,
MNQ SEP25,10s,10,5859,2025-07-14 10:36:40,22929.25,22932,22926,22930.25,390,6,1,1.75,3.25,1,-26.95,-21.35,-16.58333333,-2.73
MNQ SEP25,20s,20,5929,2025-07-14 10:36:40,22934.25,22935.5,22926,22930.25,806,9.5,4,1.25,4.25,-1,-246,67.1,9.38333333,41.53
MNQ SEP25,1s,1,4600,2025-07-14 10:36:41,22930.25,22930.5,22928.5,22928.5,17,2,1.75,0.25,0,-1,,,,
MNQ SEP25,1s,1,4601,2025-07-14 10:36:42,22928.75,22930.5,22928.5,22930.25,22,2,1.5,0.25,0.25,1,,,,
MNQ SEP25,1s,1,4602,2025-07-14 10:36:43,22930.5,22931,22930.25,22931,26,0.75,0.5,0,0.25,1,,,,
MNQ SEP25,1s,1,4603,2025-07-14 10:36:44,22931,22932.5,22931,22932,30,1.5,1,0.5,0,1,,,,
MNQ SEP25,1s,1,4604,2025-07-14 10:36:45,22932,22933.5,22932,22933.5,14,1.5,1.5,0,0,1,,,,
MNQ SEP25,1s,1,4605,2025-07-14 10:36:46,22932.75,22933.25,22932.5,22932.75,6,0.75,0,0.5,0.25,0,,,,
MNQ SEP25,1s,1,4606,2025-07-14 10:36:47,22933.25,22933.25,22932.5,22933.25,32,0.75,0,0,0.75,0,,,,
MNQ SEP25,1s,1,4607,2025-07-14 10:36:48,22932,22932,22930.25,22930.5,14,1.75,1.5,0,0.25,-1,,,,
MNQ SEP25,1s,1,4608,2025-07-14 10:36:49,22930,22930.75,22929.5,22929.5,20,1.25,0.5,0.75,0,-1,,,,
MNQ SEP25,1s,1,4609,2025-07-14 10:36:50,22929.5,22930.25,22929.25,22930,11,1,0.5,0.25,0.25,1,,,,
MNQ SEP25,10s,10,5860,2025-07-14 10:36:50,22930.25,22933.5,22928.5,22930,192,5,0.25,3.25,1.5,-1,-31.75,-4.8,-7.75,-0.26
MNQ SEP25,1s,1,4610,2025-07-14 10:36:51,22929.75,22930.25,22929,22930,27,1.25,0.25,0.25,0.75,1,,,,
MNQ SEP25,1s,1,4611,2025-07-14 10:36:52,22930,22930.25,22929.25,22930.25,21,1,0.25,0,0.75,1,,,,
MNQ SEP25,1s,1,4612,2025-07-14 10:36:53,22930,22930.75,22930,22930.5,8,0.75,0.5,0.25,0,1,,,,
MNQ SEP25,1s,1,4613,2025-07-14 10:36:54,22930.5,22931,22930.5,22931,6,0.5,0.5,0,0,1,,,,
MNQ SEP25,1s,1,4614,2025-07-14 10:36:55,22931.25,22931.75,22928.75,22929.75,24,3,1.5,0.5,1,-1,,,,
MNQ SEP25,1s,1,4615,2025-07-14 10:36:56,22929.25,22929.5,22928.75,22929.25,9,0.75,0,0.25,0.5,0,,,,
MNQ SEP25,1s,1,4616,2025-07-14 10:36:57,22929.5,22929.5,22927.5,22928.5,45,2,1,0,1,-1,,,,
MNQ SEP25,1s,1,4617,2025-07-14 10:36:58,22928,22928,22927.75,22928,7,0.25,0,0,0.25,0,,,,
MNQ SEP25,1s,1,4618,2025-07-14 10:36:59,22928.5,22929.25,22927.75,22929,49,1.5,0.5,0.25,0.75,1,,,,
MNQ SEP25,1s,1,4619,2025-07-14 10:37:00,22929.25,22930,22929.25,22930,11,0.75,0.75,0,0,1,,,,
MNQ SEP25,10s,10,5861,2025-07-14 10:37:00,22929.75,22931.75,22927.5,22930,207,4.25,0.25,1.75,2.25,1,-94.75,-63,-29.71666667,-23.51
MNQ SEP25,20s,20,5930,2025-07-14 10:37:00,22930.25,22933.5,22927.5,22930,399,6,0.25,3.25,2.5,-1,-257.95,-11.95,17.15,12.43
MNQ SEP25,1s,1,4620,2025-07-14 10:37:01,22930.75,22932,22930.25,22931.5,45,1.75,0.75,0.5,0.5,1,,,,
MNQ SEP25,1s,1,4621,2025-07-14 10:37:02,22930.75,22931.25,22930.5,22930.75,6,0.75,0,0.5,0.25,0,,,,
MNQ SEP25,1s,1,4622,2025-07-14 10:37:03,22931.5,22931.75,22929.5,22930.25,25,2.25,1.25,0.25,0.75,-1,,,,
MNQ SEP25,1s,1,4623,2025-07-14 10:37:04,22930,22930.25,22929.5,22930,9,0.75,0,0.25,0.5,0,,,,
MNQ SEP25,1s,1,4624,2025-07-14 10:37:05,22929.5,22930.5,22929.5,22929.5,8,1,0,1,0,0,,,,
MNQ SEP25,1s,1,4625,2025-07-14 10:37:06,22929.25,22929.5,22928.5,22929.5,20,1,0.25,0,0.75,1,,,,
MNQ SEP25,1s,1,4626,2025-07-14 10:37:07,22928.75,22929.25,22928,22929,25,1.25,0.25,0.25,0.75,1,,,,
MNQ SEP25,1s,1,4627,2025-07-14 10:37:08,22928.5,22931.75,22928.5,22931.75,66,3.25,3.25,0,0,1,,,,
MNQ SEP25,1s,1,4628,2025-07-14 10:37:09,22931.75,22933.25,22931.25,22933.25,41,2,1.5,0,0.5,1,,,,
MNQ SEP25,1s,1,4629,2025-07-14 10:37:10,22933.25,22934.5,22933.25,22934,55,1.25,0.75,0.5,0,1,,,,
MNQ SEP25,10s,10,5862,2025-07-14 10:37:10,22930.75,22934.5,22928,22934,300,6.5,3.25,0.5,2.75,1,-72.35,22.4,-15.13333333,-12.77
MNQ SEP25,1s,1,4630,2025-07-14 10:37:11,22934.5,22934.5,22933.5,22933.75,23,1,0.75,0,0.25,-1,,,,
MNQ SEP25,1s,1,4631,2025-07-14 10:37:12,22934.25,22935,22934,22934,40,1,0.25,0.75,0,-1,,,,
MNQ SEP25,1s,1,4632,2025-07-14 10:37:13,22934,22935.5,22934,22935.25,18,1.5,1.25,0.25,0,1,,,,
MNQ SEP25,1s,1,4633,2025-07-14 10:37:14,22935.5,22940,22935.25,22940,397,4.75,4.5,0,0.25,1,,,,
MNQ SEP25,1s,1,4634,2025-07-14 10:37:15,22940,22941.25,22938.5,22938.75,191,2.75,1.25,1.25,0.25,-1,,,,
MNQ SEP25,1s,1,4635,2025-07-14 10:37:16,22939.25,22939.25,22938.25,22938.75,42,1,0.5,0,0.5,-1,,,,
MNQ SEP25,1s,1,4636,2025-07-14 10:37:17,22938.5,22939.25,22938.5,22939,47,0.75,0.5,0.25,0,1,,,,
MNQ SEP25,1s,1,4637,2025-07-14 10:37:18,22939,22940.25,22938.75,22939.75,37,1.5,0.75,0.5,0.25,1,,,,
MNQ SEP25,1s,1,4638,2025-07-14 10:37:19,22940.25,22940.25,22939,22939.5,35,1.25,0.75,0,0.5,-1,,,,
MNQ SEP25,1s,1,4639,2025-07-14 10:37:20,22939,22939.75,22939,22939.25,25,0.75,0.25,0.5,0,1,,,,
MNQ SEP25,10s,10,5863,2025-07-14 10:37:20,22934.5,22941.25,22933.5,22939.25,855,7.75,4.75,2,1,1,-12.6,59.75,6.38333333,-1.4
MNQ SEP25,20s,20,5931,2025-07-14 10:37:20,22930.75,22941.25,22928,22939.25,1155,13.25,8.5,2,2.75,1,-197.6,60.35,38.5,15.31
MNQ SEP25,1s,1,4640,2025-07-14 10:37:21,22939.5,22939.75,22937.25,22937.5,94,2.5,2,0.25,0.25,-1,,,,
MNQ SEP25,1s,1,4641,2025-07-14 10:37:22,22938,22940.25,22937.75,22940.25,57,2.5,2.25,0,0.25,1,,,,
MNQ SEP25,1s,1,4642,2025-07-14 10:37:23,22940,22940.25,22939.5,22940,23,0.75,0,0.25,0.5,0,,,,
MNQ SEP25,1s,1,4643,2025-07-14 10:37:24,22939.5,22940,22939.5,22939.5,28,0.5,0,0.5,0,0,,,,
MNQ SEP25,1s,1,4644,2025-07-14 10:37:25,22939.75,22940.25,22938.5,22939.75,55,1.75,0,0.5,1.25,0,,,,
MNQ SEP25,1s,1,4645,2025-07-14 10:37:26,22939.75,22940.5,22939,22940,38,1.5,0.25,0.5,0.75,1,,,,
MNQ SEP25,1s,1,4646,2025-07-14 10:37:27,22940.25,22940.25,22939,22939.5,37,1.25,0.75,0,0.5,-1,,,,
MNQ SEP25,1s,1,4647,2025-07-14 10:37:28,22939.75,22941,22939.5,22939.75,34,1.5,0,1.25,0.25,0,,,,
MNQ SEP25,1s,1,4648,2025-07-14 10:37:29,22939.5,22940.5,22939.25,22940.5,33,1.25,1,0,0.25,1,,,,
MNQ SEP25,1s,1,4649,2025-07-14 10:37:30,22940,22940.25,22939.5,22940.25,28,0.75,0.25,0,0.5,1,,,,
MNQ SEP25,10s,10,5864,2025-07-14 10:37:30,22939.5,22941,22937.25,22940.25,427,3.75,0.75,0.75,2.25,1,6.75,19.35,33.83333333,6.74
MNQ SEP25,1s,1,4650,2025-07-14 10:37:31,22940.25,22940.25,22939.25,22939.5,52,1,0.75,0,0.25,-1,,,,
MNQ SEP25,1s,1,4651,2025-07-14 10:37:32,22939.5,22940.5,22939.25,22940,57,1.25,0.5,0.5,0.25,1,,,,
MNQ SEP25,1s,1,4652,2025-07-14 10:37:33,22940,22941.25,22940,22940,47,1.25,0,1.25,0,0,,,,
MNQ SEP25,1s,1,4653,2025-07-14 10:37:34,22940.75,22940.75,22939.75,22940,26,1,0.75,0,0.25,-1,,,,
MNQ SEP25,1s,1,4654,2025-07-14 10:37:35,22940,22940,22938.5,22938.75,43,1.5,1.25,0,0.25,-1,,,,
MNQ SEP25,1s,1,4655,2025-07-14 10:37:36,22938.25,22938.5,22937.25,22937.75,60,1.25,0.5,0.25,0.5,-1,,,,
MNQ SEP25,1s,1,4656,2025-07-14 10:37:37,22937.5,22938.25,22936.75,22936.75,45,1.5,0.75,0.75,0,-1,,,,
MNQ SEP25,1s,1,4657,2025-07-14 10:37:38,22936.75,22937.5,22936.75,22937.25,29,0.75,0.5,0.25,0,1,,,,
MNQ SEP25,1s,1,4658,2025-07-14 10:37:39,22937.25,22938,22937,22937.5,37,1,0.25,0.5,0.25,1,,,,
MNQ SEP25,1s,1,4659,2025-07-14 10:37:40,22937.25,22937.5,22936.75,22936.75,26,0.75,0.5,0.25,0,-1,,,,
MNQ SEP25,10s,10,5865,2025-07-14 10:37:40,22940.25,22941.25,22936.75,22936.75,422,4.5,3.5,1,0,-1,50.85,44.1,41.06666667,16.52
MNQ SEP25,20s,20,5932,2025-07-14 10:37:40,22939.5,22941.25,22936.75,22936.75,849,4.5,2.75,1.75,0,-1,-132.5,65.1,37.83333333,35.38
MNQ SEP25,1s,1,4660,2025-07-14 10:37:41,22937,22938.25,22937,22938,26,1.25,1,0.25,0,1,,,,
MNQ SEP25,1s,1,4661,2025-07-14 10:37:42,22937.75,22938,22936.5,22936.5,19,1.5,1.25,0.25,0,-1,,,,
MNQ SEP25,1s,1,4662,2025-07-14 10:37:43,22936.25,22936.75,22936.25,22936.5,6,0.5,0.25,0.25,0,1,,,,
MNQ SEP25,1s,1,4663,2025-07-14 10:37:44,22936.5,22937,22936.25,22937,13,0.75,0.5,0,0.25,1,,,,
MNQ SEP25,1s,1,4664,2025-07-14 10:37:45,22936.5,22937.5,22936.5,22937,6,1,0.5,0.5,0,1,,,,
MNQ SEP25,1s,1,4665,2025-07-14 10:37:46,22937.5,22937.5,22936.5,22936.75,22,1,0.75,0,0.25,-1,,,,
MNQ SEP25,1s,1,4666,2025-07-14 10:37:47,22937.25,22938.25,22937.25,22938.25,14,1,1,0,0,1,,,,
MNQ SEP25,1s,1,4667,2025-07-14 10:37:48,22938,22938.75,22937.75,22938.75,37,1,0.75,0,0.25,1,,,,
MNQ SEP25,1s,1,4668,2025-07-14 10:37:49,22938.5,22940,22938.5,22939,83,1.5,0.5,1,0,1,,,,
MNQ SEP25,1s,1,4669,2025-07-14 10:37:50,22939,22941.25,22939,22941,43,2.25,2,0.25,0,1,,,,
MNQ SEP25,10s,10,5866,2025-07-14 10:37:50,22937,22941.25,22936.25,22941,269,5,4,0.25,0.75,1,71.6,20.75,28.06666667,33.27
MNQ SEP25,1s,1,4670,2025-07-14 10:37:51,22940.75,22941.25,22940.25,22941.25,20,1,0.5,0,0.5,1,,,,
MNQ SEP25,1s,1,4671,2025-07-14 10:37:52,22941.5,22942,22940,22940.75,46,2,0.75,0.5,0.75,-1,,,,
MNQ SEP25,1s,1,4672,2025-07-14 10:37:53,22940.75,22941,22939.75,22940,47,1.25,0.75,0.25,0.25,-1,,,,
MNQ SEP25,1s,1,4673,2025-07-14 10:37:54,22940.5,22941,22940,22940.25,41,1,0.25,0.5,0.25,-1,,,,
MNQ SEP25,1s,1,4674,2025-07-14 10:37:55,22940.5,22940.5,22939.5,22939.75,31,1,0.75,0,0.25,-1,,,,
MNQ SEP25,1s,1,4675,2025-07-14 10:37:56,22940,22940,22939.5,22939.75,21,0.5,0.25,0,0.25,-1,,,,
MNQ SEP25,1s,1,4676,2025-07-14 10:37:57,22939.75,22939.75,22938.75,22938.75,12,1,1,0,0,-1,,,,
MNQ SEP25,1s,1,4677,2025-07-14 10:37:58,22938.75,22939.75,22938.75,22939.75,15,1,1,0,0,1,,,,
MNQ SEP25,1s,1,4678,2025-07-14 10:37:59,22939.5,22940,22939.25,22939.5,19,0.75,0,0.5,0.25,0,,,,
MNQ SEP25,1s,1,4679,2025-07-14 10:38:00,22939.5,22939.5,22939.25,22939.5,14,0.25,0,0,0.25,0,,,,
MNQ SEP25,10s,10,5867,2025-07-14 10:38:00,22940.75,22942,22938.75,22939.5,266,3.25,1.25,1.25,0.75,-1,72.2,0.6,21.81666667,28.91
MNQ SEP25,20s,20,5933,2025-07-14 10:38:00,22937,22942,22936.25,22939.5,535,5.75,2.5,2.5,0.75,1,-161.2,-28.7,32.25,30.38
MNQ SEP25,1s,1,4680,2025-07-14 10:38:01,22939.75,22940,22938.5,22939,44,1.5,0.75,0.25,0.5,-1,,,,
MNQ SEP25,1s,1,4681,2025-07-14 10:38:02,22939,22939,22937,22937,100,2,2,0,0,-1,,,,
MNQ SEP25,1s,1,4682,2025-07-14 10:38:03,22937.5,22939,22937,22937.75,65,2,0.25,1.25,0.5,1,,,,
MNQ SEP25,1s,1,4683,2025-07-14 10:38:04,22938,22938.25,22936,22937.75,45,2.25,0.25,0.25,1.75,-1,,,,
MNQ SEP25,1s,1,4684,2025-07-14 10:38:05,22937,22937.75,22937,22937.75,6,0.75,0.75,0,0,1,,,,
MNQ SEP25,1s,1,4685,2025-07-14 10:38:06,22938.25,22938.25,22937.25,22937.5,16,1,0.75,0,0.25,-1,,,,
MNQ SEP25,1s,1,4686,2025-07-14 10:38:07,22937.5,22938.25,22936.75,22938.25,6,1.5,0.75,0,0.75,1,,,,
MNQ SEP25,1s,1,4687,2025-07-14 10:38:08,22938.5,22938.5,22937.5,22937.75,15,1,0.75,0,0.25,-1,,,,
MNQ SEP25,1s,1,4688,2025-07-14 10:38:09,22938.5,22938.75,22938,22938.5,16,0.75,0,0.25,0.5,0,,,,
MNQ SEP25,1s,1,4689,2025-07-14 10:38:10,22938.75,22938.75,22936.75,22937.25,27,2,1.5,0,0.5,-1,,,,
MNQ SEP25,10s,10,5868,2025-07-14 10:38:10,22939.75,22940,22936,22937.25,340,4,2.5,0.25,1.25,-1,-31,-103.2,-27.28333333,-3.68
MNQ SEP25,1s,1,4690,2025-07-14 10:38:11,22937.25,22938,22937,22937.5,26,1,0.25,0.5,0.25,1,,,,
MNQ SEP25,1s,1,4691,2025-07-14 10:38:12,22937.75,22938.25,22937,22937.5,41,1.25,0.25,0.5,0.5,-1,,,,
MNQ SEP25,1s,1,4692,2025-07-14 10:38:13,22937.5,22937.5,22936,22936,42,1.5,1.5,0,0,-1,,,,
MNQ SEP25,1s,1,4693,2025-07-14 10:38:14,22936,22936.75,22935.75,22935.75,19,1,0.25,0.75,0,-1,,,,
MNQ SEP25,1s,1,4694,2025-07-14 10:38:15,22936,22936,22934.5,22935,63,1.5,1,0,0.5,-1,,,,
MNQ SEP25,1s,1,4695,2025-07-14 10:38:16,22935.25,22935.75,22934.5,22934.75,36,1.25,0.5,0.5,0.25,-1,,,,
MNQ SEP25,1s,1,4696,2025-07-14 10:38:17,22934.75,22936.5,22934.75,22936.25,23,1.75,1.5,0.25,0,1,,,,
MNQ SEP25,1s,1,4697,2025-07-14 10:38:18,22936.5,22937.75,22936.25,22937.75,41,1.5,1.25,0,0.25,1,,,,
MNQ SEP25,1s,1,4698,2025-07-14 10:38:19,22938,22939.5,22938,22939.25,34,1.5,1.25,0.25,0,1,,,,
MNQ SEP25,1s,1,4699,2025-07-14 10:38:20,22938.75,22939.75,22938.75,22939.5,34,1,0.75,0.25,0,1,,,,
MNQ SEP25,10s,10,5869,2025-07-14 10:38:20,22937.25,22939.75,22934.5,22939.5,359,5.25,2.25,0.25,2.75,1,-51.15,-20.15,-40.91666667,-11.58
MNQ SEP25,20s,20,5934,2025-07-14 10:38:20,22939.75,22940,22934.5,22939.5,699,5.5,0.25,0.25,5,-1,-168.95,-7.75,9.55,15.41
MNQ SEP25,1s,1,4700,2025-07-14 10:38:21,22939.5,22939.75,22938.75,22939.75,23,1,0.25,0,0.75,1,,,,
MNQ SEP25,1s,1,4701,2025-07-14 10:38:22,22939.75,22940,22939.75,22940,18,0.25,0.25,0,0,1,,,,
MNQ SEP25,1s,1,4702,2025-07-14 10:38:23,22939.5,22940,22938.5,22938.5,35,1.5,1,0.5,0,-1,,,,
MNQ SEP25,1s,1,4703,2025-07-14 10:38:24,22938.5,22938.75,22938.5,22938.75,7,0.25,0.25,0,0,1,,,,
MNQ SEP25,1s,1,4704,2025-07-14 10:38:25,22938.5,22938.5,22936,22936,47,2.5,2.5,0,0,-1,,,,
MNQ SEP25,1s,1,4705,2025-07-14 10:38:26,22936.5,22936.75,22936,22936.25,31,0.75,0.25,0.25,0.25,-1,,,,
MNQ SEP25,1s,1,4706,2025-07-14 10:38:27,22936.5,22937.5,22936.5,22937.5,19,1,1,0,0,1,,,,
MNQ SEP25,1s,1,4707,2025-07-14 10:38:28,22937.75,22938.5,22937.75,22938.25,10,0.75,0.5,0.25,0,1,,,,
MNQ SEP25,1s,1,4708,2025-07-14 10:38:29,22938,22938.5,22935.75,22936.5,40,2.75,1.5,0.5,0.75,-1,,,,
MNQ SEP25,1s,1,4709,2025-07-14 10:38:30,22936.25,22936.25,22935.75,22935.75,9,0.5,0.5,0,0,-1,,,,
MNQ SEP25,10s,10,5870,2025-07-14 10:38:30,22939.5,22940,22935.75,22935.75,239,4.25,3.75,0.5,0,-1,-69.9,-18.75,-47.36666667,-24.15
MNQ SEP25,1s,1,4710,2025-07-14 10:38:31,22935.75,22936.5,22935.25,22936.5,24,1.25,0.75,0,0.5,1,,,,
MNQ SEP25,1s,1,4711,2025-07-14 10:38:32,22936.5,22936.75,22935.75,22936.25,13,1,0.25,0.25,0.5,-1,,,,
MNQ SEP25,1s,1,4712,2025-07-14 10:38:33,22936,22937,22936,22937,19,1,1,0,0,1,,,,
MNQ SEP25,1s,1,4713,2025-07-14 10:38:34,22936.5,22936.5,22936,22936.5,9,0.5,0,0,0.5,0,,,,
MNQ SEP25,1s,1,4714,2025-07-14 10:38:35,22936.5,22937.75,22936.5,22937.25,29,1.25,0.75,0.5,0,1,,,,
MNQ SEP25,1s,1,4715,2025-07-14 10:38:36,22938,22938.5,22937.5,22938.5,23,1,0.5,0,0.5,1,,,,
MNQ SEP25,1s,1,4716,2025-07-14 10:38:37,22939.25,22939.5,22938.5,22938.75,19,1,0.5,0.25,0.25,-1,,,,
MNQ SEP25,1s,1,4717,2025-07-14 10:38:38,22938.5,22938.5,22937.5,22937.5,15,1,1,0,0,-1,,,,
MNQ SEP25,1s,1,4718,2025-07-14 10:38:39,22937.75,22939,22937.75,22939,9,1.25,1.25,0,0,1,,,,
MNQ SEP25,1s,1,4719,2025-07-14 10:38:40,22939,22939.75,22939,22939.75,11,0.75,0.75,0,0,1,,,,
MNQ SEP25,10s,10,5871,2025-07-14 10:38:40,22935.75,22939.75,22935.25,22939.75,171,4.5,4,0,0.5,1,-86.65,-16.75,-18.55,-31.65
MNQ SEP25,20s,20,5935,2025-07-14 10:38:40,22939.5,22940,22935.25,22939.75,410,4.75,0.25,0.25,4.25,1,-145.5,23.45,-4.33333333,22.49
MNQ SEP25,1s,1,4720,2025-07-14 10:38:41,22939.5,22941.25,22939.5,22941,51,1.75,1.5,0.25,0,1,,,,
MNQ SEP25,1s,1,4721,2025-07-14 10:38:42,22941,22941.25,22939.75,22940.25,29,1.5,0.75,0.25,0.5,-1,,,,
MNQ SEP25,1s,1,4722,2025-07-14 10:38:43,22940.5,22943.5,22940.25,22943.25,122,3.25,2.75,0.25,0.25,1,,,,
MNQ SEP25,1s,1,4723,2025-07-14 10:38:44,22943.25,22945,22942.75,22944.5,177,2.25,1.25,0.5,0.5,1,,,,
MNQ SEP25,1s,1,4724,2025-07-14 10:38:45,22944.5,22944.75,22942.75,22943,115,2,1.5,0.25,0.25,-1,,,,
MNQ SEP25,1s,1,4725,2025-07-14 10:38:46,22942.75,22943.75,22942.75,22943.5,23,1,0.75,0.25,0,1,,,,
MNQ SEP25,1s,1,4726,2025-07-14 10:38:47,22943,22944.5,22943,22943.75,62,1.5,0.75,0.75,0,1,,,,
MNQ SEP25,1s,1,4727,2025-07-14 10:38:48,22943.5,22944.75,22943.5,22944.25,58,1.25,0.75,0.5,0,1,,,,
MNQ SEP25,1s,1,4728,2025-07-14 10:38:49,22944.25,22945,22943.5,22944,60,1.5,0.25,0.75,0.5,-1,,,,
MNQ SEP25,1s,1,4729,2025-07-14 10:38:50,22944.25,22945.25,22944,22945.25,79,1.25,1,0,0.25,1,,,,
MNQ SEP25,10s,10,5872,2025-07-14 10:38:50,22939.5,22945.25,22939.5,22945.25,776,5.75,5.75,0,0,1,-1.45,85.2,16.56666667,-14.73
MNQ SEP25,1s,1,4730,2025-07-14 10:38:51,22945.25,22947.25,22944,22944.25,328,3.25,1,2,0.25,-1,,,,
MNQ SEP25,1s,1,4731,2025-07-14 10:38:52,22944.5,22945,22944.5,22944.5,34,0.5,0,0.5,0,0,,,,
MNQ SEP25,1s,1,4732,2025-07-14 10:38:53,22944.25,22944.5,22942.25,22943.75,93,2.25,0.5,0.25,1.5,-1,,,,
MNQ SEP25,1s,1,4733,2025-07-14 10:38:54,22943.75,22944.5,22943.5,22944,38,1,0.25,0.5,0.25,1,,,,
MNQ SEP25,1s,1,4734,2025-07-14 10:38:55,22943.75,22944.25,22943.5,22943.75,25,0.75,0,0.5,0.25,0,,,,
MNQ SEP25,1s,1,4735,2025-07-14 10:38:56,22944.25,22944.75,22943.5,22943.5,35,1.25,0.75,0.5,0,-1,,,,
MNQ SEP25,1s,1,4736,2025-07-14 10:38:57,22943.5,22944.5,22943.5,22944.25,27,1,0.75,0.25,0,1,,,,
MNQ SEP25,1s,1,4737,2025-07-14 10:38:58,22944,22944.5,22943,22943.5,35,1.5,0.5,0.5,0.5,-1,,,,
MNQ SEP25,1s,1,4738,2025-07-14 10:38:59,22943,22943,22942.25,22942.75,42,0.75,0.25,0,0.5,-1,,,,
MNQ SEP25,1s,1,4739,2025-07-14 10:39:00,22942.5,22943,22942.25,22943,41,0.75,0.5,0,0.25,1,,,,
MNQ SEP25,10s,10,5873,2025-07-14 10:39:00,22945.25,22947.25,22942.25,22943,698,5,2.25,2,0.75,-1,58.75,60.2,42.88333333,17.95
MNQ SEP25,20s,20,5936,2025-07-14 10:39:00,22939.5,22947.25,22939.5,22943,1474,7.75,3.5,4.25,0,1,-54.25,91.25,35.65,28.67
MNQ SEP25,1s,1,4740,2025-07-14 10:39:01,22943.25,22943.25,22941.75,22942.5,25,1.5,0.75,0,0.75,-1,,,,
MNQ SEP25,1s,1,4741,2025-07-14 10:39:02,22942.25,22942.25,22941.25,22942,48,1,0.25,0,0.75,-1,,,,
MNQ SEP25,1s,1,4742,2025-07-14 10:39:03,22941.25,22942.75,22941.25,22942.25,26,1.5,1,0.5,0,1,,,,
MNQ SEP25,1s,1,4743,2025-07-14 10:39:04,22941.75,22944,22941.75,22943.75,21,2.25,2,0.25,0,1,,,,
MNQ SEP25,1s,1,4744,2025-07-14 10:39:05,22944,22944,22941.75,22942.75,52,2.25,1.25,0,1,-1,,,,
MNQ SEP25,1s,1,4745,2025-07-14 10:39:06,22942.5,22942.75,22941.25,22941.75,31,1.5,0.75,0.25,0.5,-1,,,,
MNQ SEP25,1s,1,4746,2025-07-14 10:39:07,22942,22943,22941.25,22942.5,28,1.75,0.5,0.5,0.75,1,,,,
MNQ SEP25,1s,1,4747,2025-07-14 10:39:08,22943,22943.75,22942.25,22943.75,16,1.5,0.75,0,0.75,1,,,,
MNQ SEP25,1s,1,4748,2025-07-14 10:39:09,22944,22944.5,22943.25,22944.25,35,1.25,0.25,0.25,0.75,1,,,,
MNQ SEP25,1s,1,4749,2025-07-14 10:39:10,22944,22944.25,22943.5,22944.25,22,0.75,0.25,0,0.5,1,,,,
MNQ SEP25,10s,10,5874,2025-07-14 10:39:10,22943.25,22944.5,22941.25,22944.25,304,3.25,1,0.25,2,1,56.7,-2.05,47.78333333,21.57
MNQ SEP25,1s,1,4750,2025-07-14 10:39:11,22944.5,22945,22944,22945,20,1,0.5,0,0.5,1,,,,
MNQ SEP25,1s,1,4751,2025-07-14 10:39:12,22945,22945,22943.25,22944,23,1.75,1,0,0.75,-1,,,,
MNQ SEP25,1s,1,4752,2025-07-14 10:39:13,22944,22944,22943,22943.75,13,1,0.25,0,0.75,-1,,,,
MNQ SEP25,1s,1,4753,2025-07-14 10:39:14,22943.5,22943.75,22943,22943.25,6,0.75,0.25,0.25,0.25,-1,,,,
MNQ SEP25,1s,1,4754,2025-07-14 10:39:15,22943.75,22943.75,22942.5,22943,29,1.25,0.75,0,0.5,-1,,,,
MNQ SEP25,1s,1,4755,2025-07-14 10:39:16,22942.75,22943,22941.75,22942.75,57,1.25,0,0.25,1,0,,,,
MNQ SEP25,1s,1,4756,2025-07-14 10:39:17,22942.75,22945,22942.75,22944.25,38,2.25,1.5,0.75,0,1,,,,
MNQ SEP25,1s,1,4757,2025-07-14 10:39:18,22944.75,22945,22944,22944,24,1,0.75,0.25,0,-1,,,,
MNQ SEP25,1s,1,4758,2025-07-14 10:39:19,22945,22946,22945,22945.5,24,1,0.5,0.5,0,1,,,,
MNQ SEP25,1s,1,4759,2025-07-14 10:39:20,22945,22945.5,22944.5,22945.5,26,1,0.5,0,0.5,1,,,,
MNQ SEP25,10s,10,5875,2025-07-14 10:39:20,22944.5,22946,22941.75,22945.5,260,4.25,1,0.5,2.75,1,59.3,2.6,20.25,25.84
MNQ SEP25,20s,20,5937,2025-07-14 10:39:20,22943.25,22946,22941.25,22945.5,564,4.75,2.25,0.5,2,1,-46.35,7.9,40.86666667,17.23
MNQ SEP25,1s,1,4760,2025-07-14 10:39:21,22945.5,22945.5,22944,22944.75,33,1.5,0.75,0,0.75,-1,,,,
MNQ SEP25,1s,1,4761,2025-07-14 10:39:22,22945.25,22945.75,22945,22945.75,19,0.75,0.5,0,0.25,1,,,,
MNQ SEP25,1s,1,4762,2025-07-14 10:39:23,22945.5,22945.5,22944.25,22944.75,57,1.25,0.75,0,0.5,-1,,,,
MNQ SEP25,1s,1,4763,2025-07-14 10:39:24,22944.5,22944.5,22943,22943,29,1.5,1.5,0,0,-1,,,,
MNQ SEP25,1s,1,4764,2025-07-14 10:39:25,22943.5,22944.75,22943,22944.75,25,1.75,1.25,0,0.5,1,,,,
MNQ SEP25,1s,1,4765,2025-07-14 10:39:26,22944.75,22945.75,22943.5,22945,50,2.25,0.25,0.75,1.25,1,,,,
MNQ SEP25,1s,1,4766,2025-07-14 10:39:27,22944.5,22945,22943.25,22943.25,28,1.75,1.25,0.5,0,-1,,,,
MNQ SEP25,1s,1,4767,2025-07-14 10:39:28,22944,22944,22942.5,22942.5,29,1.5,1.5,0,0,-1,,,,
MNQ SEP25,1s,1,4768,2025-07-14 10:39:29,22942.25,22942.25,22940.5,22940.5,82,1.75,1.75,0,0,-1,,,,
MNQ SEP25,1s,1,4769,2025-07-14 10:39:30,22940.25,22941,22940,22940.5,78,1,0.25,0.5,0.25,1,,,,
MNQ SEP25,10s,10,5876,2025-07-14 10:39:30,22945.5,22945.75,22940,22940.5,430,5.75,5,0.25,0.5,-1,116.05,56.75,19.1,40.54
MNQ SEP25,1s,1,4770,2025-07-14 10:39:31,22940,22940.5,22939.5,22940,25,1,0,0.5,0.5,0,,,,
MNQ SEP25,1s,1,4771,2025-07-14 10:39:32,22940,22940.5,22939.75,22939.75,16,0.75,0.25,0.5,0,-1,,,,
MNQ SEP25,1s,1,4772,2025-07-14 10:39:33,22940,22940.75,22939.75,22940.75,44,1,0.75,0,0.25,1,,,,
MNQ SEP25,1s,1,4773,2025-07-14 10:39:34,22940.75,22941.5,22940.75,22941,12,0.75,0.25,0.5,0,1,,,,
MNQ SEP25,1s,1,4774,2025-07-14 10:39:35,22940.75,22941,22940.5,22940.75,17,0.5,0,0.25,0.25,0,,,,
MNQ SEP25,1s,1,4775,2025-07-14 10:39:36,22940.5,22940.75,22940.25,22940.25,14,0.5,0.25,0.25,0,-1,,,,
MNQ SEP25,1s,1,4776,2025-07-14 10:39:37,22940,22940.5,22939,22940.25,50,1.5,0.25,0.25,1,1,,,,
MNQ SEP25,1s,1,4777,2025-07-14 10:39:38,22940.5,22941,22939.75,22939.75,18,1.25,0.75,0.5,0,-1,,,,
MNQ SEP25,1s,1,4778,2025-07-14 10:39:39,22940.25,22942,22940,22941.75,16,2,1.5,0.25,0.25,1,,,,
MNQ SEP25,1s,1,4779,2025-07-14 10:39:40,22941.75,22941.75,22941,22941.5,12,0.75,0.25,0,0.5,-1,,,,
MNQ SEP25,10s,10,5877,2025-07-14 10:39:40,22940,22942,22939,22941.5,224,3,1.5,0.5,1,1,5.95,-110.1,-16.91666667,1.48
MNQ SEP25,20s,20,5938,2025-07-14 10:39:40,22945.5,22945.75,22939,22941.5,654,6.75,4,0.25,2.5,-1,-13.55,32.8,43.98333333,29.53
MNQ SEP25,1s,1,4780,2025-07-14 10:39:41,22941.75,22942.75,22941,22942.75,21,1.75,1,0,0.75,1,,,,
MNQ SEP25,1s,1,4781,2025-07-14 10:39:42,22943,22943,22942.25,22942.25,13,0.75,0.75,0,0,-1,,,,
MNQ SEP25,1s,1,4782,2025-07-14 10:39:43,22942.5,22943.75,22942,22943,19,1.75,0.5,0.75,0.5,1,,,,
MNQ SEP25,1s,1,4783,2025-07-14 10:39:44,22942.75,22942.75,22942,22942.5,21,0.75,0.25,0,0.5,-1,,,,
MNQ SEP25,1s,1,4784,2025-07-14 10:39:45,22942.5,22942.75,22942.5,22942.75,2,0.25,0.25,0,0,1,,,,
MNQ SEP25,1s,1,4785,2025-07-14 10:39:46,22942.75,22942.75,22942.75,22942.75,12,0,0,0,0,0,,,,
MNQ SEP25,1s,1,4786,2025-07-14 10:39:47,22943,22943.5,22943,22943.25,7,0.5,0.25,0.25,0,1,,,,
MNQ SEP25,1s,1,4787,2025-07-14 10:39:48,22943.5,22943.75,22942.75,22942.75,10,1,0.75,0.25,0,-1,,,,
MNQ SEP25,1s,1,4788,2025-07-14 10:39:49,22942.5,22943.25,22942.5,22943.25,10,0.75,0.75,0,0,1,,,,
MNQ SEP25,1s,1,4789,2025-07-14 10:39:50,22944,22944,22943.25,22943.75,15,0.75,0.25,0,0.5,-1,,,,
MNQ SEP25,10s,10,5878,2025-07-14 10:39:50,22941.75,22944,22941,22943.75,130,3,2,0.25,0.75,1,-93.35,-99.3,-50.88333333,-30.42
MNQ SEP25,1s,1,4790,2025-07-14 10:39:51,22943,22944,22943,22944,12,1,1,0,0,1,,,,
MNQ SEP25,1s,1,4791,2025-07-14 10:39:52,22944.25,22944.75,22944.25,22944.75,30,0.5,0.5,0,0,1,,,,
MNQ SEP25,1s,1,4792,2025-07-14 10:39:53,22945,22945,22943.25,22943.25,38,1.75,1.75,0,0,-1,,,,
MNQ SEP25,1s,1,4793,2025-07-14 10:39:54,22943.5,22944,22943.25,22943.75,12,0.75,0.25,0.25,0.25,1,,,,
MNQ SEP25,1s,1,4794,2025-07-14 10:39:55,22944,22945.5,22943.5,22945.5,28,2,1.5,0,0.5,1,,,,
MNQ SEP25,1s,1,4795,2025-07-14 10:39:56,22945.25,22945.25,22943,22943,27,2.25,2.25,0,0,-1,,,,
MNQ SEP25,1s,1,4796,2025-07-14 10:39:57,22942.75,22943,22942,22942,28,1,0.75,0.25,0,-1,,,,
MNQ SEP25,1s,1,4797,2025-07-14 10:39:58,22942.25,22943.25,22942.25,22943.25,5,1,1,0,0,1,,,,
MNQ SEP25,1s,1,4798,2025-07-14 10:39:59,22942.75,22943.25,22941.25,22942,34,2,0.75,0.5,0.75,-1,,,,
MNQ SEP25,1s,1,4799,2025-07-14 10:40:00,22941.5,22941.75,22941.5,22941.5,7,0.25,0,0.25,0,0,,,,
MNQ SEP25,10s,10,5879,2025-07-14 10:40:00,22943,22945.5,22941.25,22941.5,221,4.25,1.5,2.5,0.25,-1,-101.5,-8.15,-72.51666667,-31.64
MNQ SEP25,20s,20,5939,2025-07-14 10:40:00,22941.75,22945.5,22941,22941.5,351,4.5,0.25,3.75,0.5,-1,-49.45,-35.9,1.6,23.9
MNQ SEP25,1s,1,4800,2025-07-14 10:40:01,22941.5,22941.5,22939.5,22940,62,2,1.5,0,0.5,-1,,,,
MNQ SEP25,1s,1,4801,2025-07-14 10:40:02,22939.5,22941,22939.25,22940.5,44,1.75,1,0.5,0.25,1,,,,
MNQ SEP25,1s,1,4802,2025-07-14 10:40:03,22940.75,22940.75,22939.5,22940.5,35,1.25,0.25,0,1,-1,,,,
MNQ SEP25,1s,1,4803,2025-07-14 10:40:04,22940.75,22940.75,22939.5,22939.75,17,1.25,1,0,0.25,-1,,,,
MNQ SEP25,1s,1,4804,2025-07-14 10:40:05,22939.5,22939.75,22938,22938.75,99,1.75,0.75,0.25,0.75,-1,,,,
MNQ SEP25,1s,1,4805,2025-07-14 10:40:06,22938.75,22938.75,22936.5,22936.5,110,2.25,2.25,0,0,-1,,,,
MNQ SEP25,1s,1,4806,2025-07-14 10:40:07,22937,22937,22935,22935.5,169,2,1.5,0,0.5,-1,,,,
MNQ SEP25,1s,1,4807,2025-07-14 10:40:08,22935.5,22936.5,22935.5,22936.5,81,1,1,0,0,1,,,,
MNQ SEP25,1s,1,4808,2025-07-14 10:40:09,22936.5,22938,22936.25,22937.75,44,1.75,1.25,0.25,0.25,1,,,,
MNQ SEP25,1s,1,4809,2025-07-14 10:40:10,22938,22938.75,22937.5,22938.5,34,1.25,0.5,0.25,0.5,1,,,,
MNQ SEP25,10s,10,5880,2025-07-14 10:40:10,22941.5,22941.5,22935,22938.5,695,6.5,3,0,3.5,-1,-39.65,61.85,-15.2,-19.79
MNQ SEP25,1s,1,4810,2025-07-14 10:40:11,22938.25,22940.75,22938.25,22940.75,43,2.5,2.5,0,0,1,,,,
MNQ SEP25,1s,1,4811,2025-07-14 10:40:12,22940.75,22942,22940.75,22941.75,39,1.25,1,0.25,0,1,,,,
MNQ SEP25,1s,1,4812,2025-07-14 10:40:13,22941.5,22941.75,22940.25,22940.5,29,1.5,1,0.25,0.25,-1,,,,
MNQ SEP25,1s,1,4813,2025-07-14 10:40:14,22941,22941,22939.5,22939.75,24,1.5,1.25,0,0.25,-1,,,,
MNQ SEP25,1s,1,4814,2025-07-14 10:40:15,22939.25,22940,22937.75,22937.75,28,2.25,1.5,0.75,0,-1,,,,
MNQ SEP25,1s,1,4815,2025-07-14 10:40:16,22938.25,22940,22938.25,22939.75,16,1.75,1.5,0.25,0,1,,,,
MNQ SEP25,1s,1,4816,2025-07-14 10:40:17,22939.25,22939.5,22938.5,22938.75,31,1,0.5,0.25,0.25,-1,,,,
MNQ SEP25,1s,1,4817,2025-07-14 10:40:18,22938.75,22939.5,22938.5,22939.5,20,1,0.75,0,0.25,1,,,,
MNQ SEP25,1s,1,4818,2025-07-14 10:40:19,22940.25,22941.25,22940.25,22941.25,27,1,1,0,0,1,,,,
MNQ SEP25,1s,1,4819,2025-07-14 10:40:20,22941.5,22942,22941.5,22942,12,0.5,0.5,0,0,1,,,,
MNQ SEP25,10s,10,5881,2025-07-14 10:40:20,22938.25,22942,22937.75,22942,269,4.25,3.75,0,0.5,1,-74.95,-35.3,6.13333333,-38.2
MNQ SEP25,20s,20,5940,2025-07-14 10:40:20,22941.5,22942,22935,22942,964,7,0.5,0,6.5,1,36.9,86.35,27.75,36.48
MNQ SEP25,1s,1,4820,2025-07-14 10:40:21,22941.5,22943.5,22941.5,22942.75,43,2,1.25,0.75,0,1,,,,
MNQ SEP25,1s,1,4821,2025-07-14 10:40:22,22942.5,22944.75,22942.25,22943.25,51,2.5,0.75,1.5,0.25,1,,,,
MNQ SEP25,1s,1,4822,2025-07-14 10:40:23,22943.5,22943.75,22942.5,22942.75,32,1.25,0.75,0.25,0.25,-1,,,,
MNQ SEP25,1s,1,4823,2025-07-14 10:40:24,22943.25,22943.75,22943,22943.75,33,0.75,0.5,0,0.25,1,,,,
MNQ SEP25,1s,1,4824,2025-07-14 10:40:25,22943.5,22943.75,22943.25,22943.5,21,0.5,0,0.25,0.25,0,,,,
MNQ SEP25,1s,1,4825,2025-07-14 10:40:26,22944,22946.5,22943.75,22944.5,142,2.75,0.5,2,0.25,1,,,,
MNQ SEP25,1s,1,4826,2025-07-14 10:40:27,22944.5,22946.5,22944.5,22946,59,2,1.5,0.5,0,1,,,,
MNQ SEP25,1s,1,4827,2025-07-14 10:40:28,22946,22946.25,22944.25,22944.25,42,2,1.75,0.25,0,-1,,,,
MNQ SEP25,1s,1,4828,2025-07-14 10:40:29,22944.5,22944.5,22941.5,22941.5,65,3,3,0,0,-1,,,,
MNQ SEP25,1s,1,4829,2025-07-14 10:40:30,22941.5,22942.25,22941.5,22942,19,0.75,0.5,0.25,0,1,,,,
MNQ SEP25,10s,10,5882,2025-07-14 10:40:30,22941.5,22946.5,22941.5,22942,507,5,0.5,4.5,0,1,-28.7,46.25,24.26666667,-6.93
MNQ SEP25,1s,1,4830,2025-07-14 10:40:31,22942,22942,22941.25,22941.25,6,0.75,0.75,0,0,-1,,,,
MNQ SEP25,1s,1,4831,2025-07-14 10:40:32,22941.25,22941.25,22939.75,22940,27,1.5,1.25,0,0.25,-1,,,,
MNQ SEP25,1s,1,4832,2025-07-14 10:40:33,22940.5,22940.5,22939.25,22939.5,24,1.25,1,0,0.25,-1,,,,
MNQ SEP25,1s,1,4833,2025-07-14 10:40:34,22939.25,22940.25,22939,22939.5,23,1.25,0.25,0.75,0.25,1,,,,
MNQ SEP25,1s,1,4834,2025-07-14 10:40:35,22939.25,22939.25,22938.5,22939,28,0.75,0.25,0,0.5,-1,,,,
MNQ SEP25,1s,1,4835,2025-07-14 10:40:36,22939,22940.25,22939,22940,15,1.25,1,0.25,0,1,,,,
MNQ SEP25,1s,1,4836,2025-07-14 10:40:37,22940.25,22940.25,22939.5,22940,15,0.75,0.25,0,0.5,-1,,,,
MNQ SEP25,1s,1,4837,2025-07-14 10:40:38,22939.75,22941.5,22939.75,22940.25,27,1.75,0.5,1.25,0,1,,,,
MNQ SEP25,1s,1,4838,2025-07-14 10:40:39,22940.25,22940.75,22940.25,22940.75,8,0.5,0.5,0,0,1,,,,
MNQ SEP25,1s,1,4839,2025-07-14 10:40:40,22940.75,22942,22940.75,22942,7,1.25,1.25,0,0,1,,,,
MNQ SEP25,10s,10,5883,2025-07-14 10:40:40,22942,22942,22938.5,22942,180,3.5,0,0,3.5,0,15.05,43.75,18.23333333,21.68
MNQ SEP25,20s,20,5941,2025-07-14 10:40:40,22941.5,22946.5,22938.5,22942,687,8,0.5,4.5,3,1,-116.75,-153.65,-34.4,-12.5
MNQ SEP25,1s,1,4840,2025-07-14 10:40:41,22941.75,22941.75,22941.5,22941.5,8,0.25,0.25,0,0,-1,,,,
MNQ SEP25,1s,1,4841,2025-07-14 10:40:42,22942,22942,22941.25,22941.5,8,0.75,0.5,0,0.25,-1,,,,
MNQ SEP25,1s,1,4842,2025-07-14 10:40:43,22941.25,22941.25,22941,22941,17,0.25,0.25,0,0,-1,,,,
MNQ SEP25,1s,1,4843,2025-07-14 10:40:44,22940.75,22942,22940.75,22942,18,1.25,1.25,0,0,1,,,,
MNQ SEP25,1s,1,4844,2025-07-14 10:40:45,22942,22942.75,22942,22942.75,9,0.75,0.75,0,0,1,,,,
MNQ SEP25,1s,1,4845,2025-07-14 10:40:46,22942.5,22943,22942,22943,17,1,0.5,0,0.5,1,,,,
MNQ SEP25,1s,1,4846,2025-07-14 10:40:47,22942.75,22942.75,22941.25,22941.75,18,1.5,1,0,0.5,-1,,,,
MNQ SEP25,1s,1,4847,2025-07-14 10:40:48,22941.75,22941.75,22938.75,22939,33,3,2.75,0,0.25,-1,,,,
MNQ SEP25,1s,1,4848,2025-07-14 10:40:49,22939,22939.75,22939,22939,33,0.75,0,0.75,0,0,,,,
MNQ SEP25,1s,1,4849,2025-07-14 10:40:50,22939.75,22940.5,22939.75,22939.75,27,0.75,0,0.75,0,0,,,,
MNQ SEP25,10s,10,5884,2025-07-14 10:40:50,22941.75,22943,22938.75,22939.75,188,4.25,2,1.25,1,-1,20.4,5.35,31.78333333,24.38
MNQ SEP25,1s,1,4850,2025-07-14 10:40:51,22940,22940,22938.5,22939,18,1.5,1,0,0.5,-1,,,,
MNQ SEP25,1s,1,4851,2025-07-14 10:40:52,22938.75,22938.75,22938.25,22938.25,20,0.5,0.5,0,0,-1,,,,
MNQ SEP25,1s,1,4852,2025-07-14 10:40:53,22938.75,22941.5,22938.75,22941.5,33,2.75,2.75,0,0,1,,,,
MNQ SEP25,1s,1,4853,2025-07-14 10:40:54,22941.25,22941.25,22940.5,22940.5,5,0.75,0.75,0,0,-1,,,,
MNQ SEP25,1s,1,4854,2025-07-14 10:40:55,22941,22941,22940.25,22941,17,0.75,0,0,0.75,0,,,,
MNQ SEP25,1s,1,4855,2025-07-14 10:40:56,22941,22942.25,22941,22941.25,24,1.25,0.25,1,0,1,,,,
MNQ SEP25,1s,1,4856,2025-07-14 10:40:57,22941.75,22942.25,22941.5,22941.75,8,0.75,0,0.5,0.25,0,,,,
MNQ SEP25,1s,1,4857,2025-07-14 10:40:58,22941.75,22943.75,22941.75,22943,20,2,1.25,0.75,0,1,,,,
MNQ SEP25,1s,1,4858,2025-07-14 10:40:59,22943,22943.75,22943,22943.25,15,0.75,0.25,0.5,0,1,,,,
MNQ SEP25,1s,1,4859,2025-07-14 10:41:00,22943.5,22943.5,22942.5,22942.5,12,1,1,0,0,-1,,,,
MNQ SEP25,10s,10,5885,2025-07-14 10:41:00,22940,22943.75,22938.25,22942.5,172,5.5,2.5,1.25,1.75,1,-71.7,-92.1,-14.33333333,-6.41
MNQ SEP25,20s,20,5942,2025-07-14 10:41:00,22941.75,22943.75,22938.25,22942.5,360,5.5,0.75,1.25,3.5,1,-123.05,-6.3,-24.53333333,-15.34
MNQ SEP25,1s,1,4860,2025-07-14 10:41:01,22942.75,22942.75,22942.5,22942.5,6,0.25,0.25,0,0,-1,,,,
MNQ SEP25,1s,1,4861,2025-07-14 10:41:02,22943,22943.25,22942.5,22943.25,14,0.75,0.25,0,0.5,1,,,,
MNQ SEP25,1s,1,4862,2025-07-14 10:41:03,22943.25,22944.25,22943,22944.25,12,1.25,1,0,0.25,1,,,,
MNQ SEP25,1s,1,4863,2025-07-14 10:41:04,22944.25,22947,22943.75,22947,95,3.25,2.75,0,0.5,1,,,,
MNQ SEP25,1s,1,4864,2025-07-14 10:41:05,22946.75,22947.25,22946.5,22947.25,30,0.75,0.5,0,0.25,1,,,,
MNQ SEP25,1s,1,4865,2025-07-14 10:41:06,22947.25,22947.25,22944.75,22945.5,63,2.5,1.75,0,0.75,-1,,,,
MNQ SEP25,1s,1,4866,2025-07-14 10:41:07,22945.25,22945.75,22944.25,22944.25,40,1.5,1,0.5,0,-1,,,,
MNQ SEP25,1s,1,4867,2025-07-14 10:41:08,22944.5,22944.75,22943.5,22943.5,16,1.25,1,0.25,0,-1,,,,
MNQ SEP25,1s,1,4868,2025-07-14 10:41:09,22943,22944,22943,22943.75,15,1,0.75,0.25,0,1,,,,
MNQ SEP25,1s,1,4869,2025-07-14 10:41:10,22943.5,22944,22943.25,22943.75,20,0.75,0.25,0.25,0.25,1,,,,
MNQ SEP25,10s,10,5886,2025-07-14 10:41:10,22942.75,22947.25,22942.5,22943.75,311,4.75,1,3.5,0.25,1,-65.4,6.3,-26.81666667,1.91
MNQ SEP25,1s,1,4870,2025-07-14 10:41:11,22943.5,22944.25,22942.75,22944,20,1.5,0.5,0.25,0.75,1,,,,
MNQ SEP25,1s,1,4871,2025-07-14 10:41:12,22943.5,22943.5,22942.5,22942.5,9,1,1,0,0,-1,,,,
MNQ SEP25,1s,1,4872,2025-07-14 10:41:13,22943,22943,22941.5,22942,30,1.5,1,0,0.5,-1,,,,
MNQ SEP25,1s,1,4873,2025-07-14 10:41:14,22942.25,22943.25,22941.75,22943.25,13,1.5,1,0,0.5,1,,,,
MNQ SEP25,1s,1,4874,2025-07-14 10:41:15,22943.75,22943.75,22943.25,22943.75,11,0.5,0,0,0.5,0,,,,
MNQ SEP25,1s,1,4875,2025-07-14 10:41:16,22943.75,22944,22941.25,22943.25,43,2.75,0.5,0.25,2,-1,,,,
MNQ SEP25,1s,1,4876,2025-07-14 10:41:17,22942.75,22945.5,22942.75,22945.5,19,2.75,2.75,0,0,1,,,,
MNQ SEP25,1s,1,4877,2025-07-14 10:41:18,22945.75,22945.75,22945,22945.5,5,0.75,0.25,0,0.5,-1,,,,
MNQ SEP25,1s,1,4878,2025-07-14 10:41:19,22945.25,22945.25,22944,22944.75,20,1.25,0.5,0,0.75,-1,,,,
MNQ SEP25,1s,1,4879,2025-07-14 10:41:20,22944,22944,22942.75,22943.5,15,1.25,0.5,0,0.75,-1,,,,
MNQ SEP25,10s,10,5887,2025-07-14 10:41:20,22943.5,22945.75,22941.25,22943.5,185,4.5,0,2.25,2.25,0,-125.75,-60.35,-48.71666667,-19.41
MNQ SEP25,20s,20,5943,2025-07-14 10:41:20,22942.75,22947.25,22941.25,22943.5,496,6,0.75,3.75,1.5,1,-136.95,-13.9,-57.95,-24.68
MNQ SEP25,1s,1,4880,2025-07-14 10:41:21,22943.25,22945.75,22943.25,22945.75,25,2.5,2.5,0,0,1,,,,
MNQ SEP25,1s,1,4881,2025-07-14 10:41:22,22945.75,22946.25,22945.5,22945.75,23,0.75,0,0.5,0.25,0,,,,
MNQ SEP25,1s,1,4882,2025-07-14 10:41:23,22945.75,22946.25,22944.25,22944.5,21,2,1.25,0.5,0.25,-1,,,,
MNQ SEP25,1s,1,4883,2025-07-14 10:41:24,22944.5,22944.5,22942.5,22943,23,2,1.5,0,0.5,-1,,,,
MNQ SEP25,1s,1,4884,2025-07-14 10:41:25,22942.75,22943.5,22942.5,22943.25,19,1,0.5,0.25,0.25,1,,,,
MNQ SEP25,1s,1,4885,2025-07-14 10:41:26,22943.5,22943.5,22942.25,22943.25,13,1.25,0.25,0,1,-1,,,,
MNQ SEP25,1s,1,4886,2025-07-14 10:41:27,22943,22943,22943,22943,2,0,0,0,0,0,,,,
MNQ SEP25,1s,1,4887,2025-07-14 10:41:28,22944,22944.5,22943.5,22943.75,6,1,0.25,0.5,0.25,-1,,,,
MNQ SEP25,1s,1,4888,2025-07-14 10:41:29,22943.75,22943.75,22943,22943.75,10,0.75,0,0,0.75,0,,,,
MNQ SEP25,1s,1,4889,2025-07-14 10:41:30,22943.25,22944.75,22943.25,22944.75,7,1.5,1.5,0,0,1,,,,
MNQ SEP25,10s,10,5888,2025-07-14 10:41:30,22943.25,22946.25,22942.25,22944.75,149,4,1.5,1.5,1,1,-122.4,3.35,-16.9,-27.49
MNQ SEP25,1s,1,4890,2025-07-14 10:41:31,22943.75,22944,22943,22943,4,1,0.75,0.25,0,-1,,,,
MNQ SEP25,1s,1,4891,2025-07-14 10:41:32,22943,22943.75,22942.75,22943.75,3,1,0.75,0,0.25,1,,,,
MNQ SEP25,1s,1,4892,2025-07-14 10:41:33,22943.75,22944.5,22943.5,22943.5,7,1,0.25,0.75,0,-1,,,,
MNQ SEP25,1s,1,4893,2025-07-14 10:41:34,22943,22943,22942,22942.25,40,1,0.75,0,0.25,-1,,,,
MNQ SEP25,1s,1,4894,2025-07-14 10:41:35,22942,22942,22940.5,22941.5,64,1.5,0.5,0,1,-1,,,,
MNQ SEP25,1s,1,4895,2025-07-14 10:41:36,22941,22943.5,22940.5,22943,45,3,2,0.5,0.5,1,,,,
MNQ SEP25,1s,1,4896,2025-07-14 10:41:37,22943.25,22943.5,22941.75,22941.75,18,1.75,1.5,0.25,0,-1,,,,
MNQ SEP25,1s,1,4897,2025-07-14 10:41:38,22941.5,22941.75,22941.5,22941.75,7,0.25,0.25,0,0,1,,,,
MNQ SEP25,1s,1,4898,2025-07-14 10:41:39,22941.75,22942,22941.75,22942,4,0.25,0.25,0,0,1,,,,
MNQ SEP25,1s,1,4899,2025-07-14 10:41:40,22942.25,22942.5,22942,22942,17,0.5,0.25,0.25,0,-1,,,,
MNQ SEP25,10s,10,5889,2025-07-14 10:41:40,22943.75,22944.5,22940.5,22942,209,4,1.75,0.75,1.5,-1,-110.7,11.7,-15.1,-26.22
MNQ SEP25,20s,20,5944,2025-07-14 10:41:40,22943.25,22946.25,22940.5,22942,358,5.75,1.25,3,1.5,-1,-125.25,11.7,-2.83333333,-15.16
MNQ SEP25,1s,1,4900,2025-07-14 10:41:41,22942,22942.75,22941.75,22942.75,4,1,0.75,0,0.25,1,,,,
MNQ SEP25,1s,1,4901,2025-07-14 10:41:42,22942.25,22943.5,22942.25,22943.5,4,1.25,1.25,0,0,1,,,,
MNQ SEP25,1s,1,4902,2025-07-14 10:41:43,22943.75,22943.75,22941,22941.25,30,2.75,2.5,0,0.25,-1,,,,
MNQ SEP25,1s,1,4903,2025-07-14 10:41:44,22941,22941.75,22940.75,22941.5,25,1,0.5,0.25,0.25,1,,,,
MNQ SEP25,1s,1,4904,2025-07-14 10:41:45,22941.75,22943,22941.75,22943,12,1.25,1.25,0,0,1,,,,
MNQ SEP25,1s,1,4905,2025-07-14 10:41:46,22943.25,22944.75,22942.5,22944.75,26,2.25,1.5,0,0.75,1,,,,
MNQ SEP25,1s,1,4906,2025-07-14 10:41:47,22945,22945,22944.25,22944.25,21,0.75,0.75,0,0,-1,,,,
MNQ SEP25,1s,1,4907,2025-07-14 10:41:48,22945,22946.75,22945,22945.75,90,1.75,0.75,1,0,1,,,,
MNQ SEP25,1s,1,4908,2025-07-14 10:41:49,22946,22946.75,22945.75,22946,37,1,0,0.75,0.25,0,,,,
MNQ SEP25,1s,1,4909,2025-07-14 10:41:50,22946.25,22946.5,22945.75,22946.25,21,0.75,0,0.25,0.5,0,,,,
MNQ SEP25,10s,10,5890,2025-07-14 10:41:50,22942,22946.75,22940.75,22946.25,270,6,4.25,0.5,1.25,1,-92.65,18.05,11.03333333,-4.19
MNQ SEP25,1s,1,4910,2025-07-14 10:41:51,22946,22946.5,22946,22946.25,18,0.5,0.25,0.25,0,1,,,,
MNQ SEP25,1s,1,4911,2025-07-14 10:41:52,22946,22947.5,22945.75,22947.25,52,1.75,1.25,0.25,0.25,1,,,,
MNQ SEP25,1s,1,4912,2025-07-14 10:41:53,22947.5,22949,22946.75,22947.25,160,2.25,0.25,1.5,0.5,-1,,,,
MNQ SEP25,1s,1,4913,2025-07-14 10:41:54,22947.5,22947.5,22945.5,22946.25,60,2,1.25,0,0.75,-1,,,,
MNQ SEP25,1s,1,4914,2025-07-14 10:41:55,22946.5,22946.75,22946,22946.75,33,0.75,0.25,0,0.5,1,,,,
MNQ SEP25,1s,1,4915,2025-07-14 10:41:56,22946.25,22946.5,22946.25,22946.5,4,0.25,0.25,0,0,1,,,,
MNQ SEP25,1s,1,4916,2025-07-14 10:41:57,22947,22947,22945.5,22945.5,21,1.5,1.5,0,0,-1,,,,
MNQ SEP25,1s,1,4917,2025-07-14 10:41:58,22945.25,22945.25,22944,22944.75,27,1.25,0.5,0,0.75,-1,,,,
MNQ SEP25,1s,1,4918,2025-07-14 10:41:59,22944.5,22945.75,22944.5,22945.5,28,1.25,1,0.25,0,1,,,,
MNQ SEP25,1s,1,4919,2025-07-14 10:42:00,22945.25,22945.25,22945,22945.25,28,0.25,0,0,0.25,0,,,,
MNQ SEP25,10s,10,5891,2025-07-14 10:42:00,22946,22949,22944,22945.25,431,5,0.75,3,1.25,-1,-81.65,11,13.58333333,-3.25
MNQ SEP25,20s,20,5945,2025-07-14 10:42:00,22942,22949,22940.75,22945.25,701,8.25,3.25,3.75,1.25,1,-171.7,-46.45,-16.21666667,-41.72
MNQ SEP25,1s,1,4920,2025-07-14 10:42:01,22944.75,22945,22943.75,22944.5,55,1.25,0.25,0.25,0.75,-1,,,,
MNQ SEP25,1s,1,4921,2025-07-14 10:42:02,22944.75,22945,22944.5,22944.75,14,0.5,0,0.25,0.25,0,,,,
MNQ SEP25,1s,1,4922,2025-07-14 10:42:03,22944.25,22944.75,22943.75,22944,27,1,0.25,0.5,0.25,-1,,,,
MNQ SEP25,1s,1,4923,2025-07-14 10:42:04,22945,22946.75,22945,22946.5,9,1.75,1.5,0.25,0,1,,,,
MNQ SEP25,1s,1,4924,2025-07-14 10:42:05,22945.75,22946.5,22945.25,22945.25,15,1.25,0.5,0.75,0,-1,,,,
MNQ SEP25,1s,1,4925,2025-07-14 10:42:06,22945.25,22945.25,22943.75,22944.75,28,1.5,0.5,0,1,-1,,,,
MNQ SEP25,1s,1,4926,2025-07-14 10:42:07,22945,22946.5,22944.75,22946.5,20,1.75,1.5,0,0.25,1,,,,
MNQ SEP25,1s,1,4927,2025-07-14 10:42:08,22946.75,22946.75,22945.75,22946.5,14,1,0.25,0,0.75,-1,,,,
MNQ SEP25,1s,1,4928,2025-07-14 10:42:09,22946,22946,22945.75,22945.75,14,0.25,0.25,0,0,-1,,,,
MNQ SEP25,1s,1,4929,2025-07-14 10:42:10,22945.5,22946.25,22944.5,22945.75,39,1.75,0.25,0.5,1,1,,,,
MNQ SEP25,10s,10,5892,2025-07-14 10:42:10,22944.75,22946.75,22943.75,22945.75,235,3,1,1,1,1,-44.6,37.05,22.03333333,16.23
MNQ SEP25,1s,1,4930,2025-07-14 10:42:11,22945.25,22945.5,22945.25,22945.5,5,0.25,0.25,0,0,1,,,,
MNQ SEP25,1s,1,4931,2025-07-14 10:42:12,22945.5,22947.25,22945.5,22947.25,23,1.75,1.75,0,0,1,,,,
MNQ SEP25,1s,1,4932,2025-07-14 10:42:13,22947,22947.75,22947,22947.5,21,0.75,0.5,0.25,0,1,,,,
MNQ SEP25,1s,1,4933,2025-07-14 10:42:14,22947.25,22947.5,22943.25,22943.75,67,4.25,3.5,0.25,0.5,-1,,,,
MNQ SEP25,1s,1,4934,2025-07-14 10:42:15,22943.75,22944,22943.25,22944,36,0.75,0.25,0,0.5,1,,,,
MNQ SEP25,1s,1,4935,2025-07-14 10:42:16,22943.5,22945.25,22943.5,22945,8,1.75,1.5,0.25,0,1,,,,
MNQ SEP25,1s,1,4936,2025-07-14 10:42:17,22945,22946,22945,22945.5,14,1,0.5,0.5,0,1,,,,
MNQ SEP25,1s,1,4937,2025-07-14 10:42:18,22946,22946.25,22945.5,22945.75,18,0.75,0.25,0.25,0.25,-1,,,,
MNQ SEP25,1s,1,4938,2025-07-14 10:42:19,22946.5,22946.75,22945.25,22945.75,18,1.5,0.75,0.25,0.5,-1,,,,
MNQ SEP25,1s,1,4939,2025-07-14 10:42:20,22945.25,22946.75,22944.5,22946.5,33,2.25,1.25,0.25,0.75,1,,,,
MNQ SEP25,10s,10,5893,2025-07-14 10:42:20,22945.25,22947.75,22943.25,22946.5,243,4.5,1.25,1.25,2,1,-3.05,41.55,29.86666667,23.87
MNQ SEP25,20s,20,5946,2025-07-14 10:42:20,22944.75,22947.75,22943.25,22946.5,478,4.5,1.75,1.25,1.5,1,-191.9,-20.2,-18.31666667,-15.03
MNQ SEP25,1s,1,4940,2025-07-14 10:42:21,22946.25,22946.5,22946,22946,7,0.5,0.25,0.25,0,-1,,,,
MNQ SEP25,1s,1,4941,2025-07-14 10:42:22,22946.5,22946.75,22946.25,22946.75,11,0.5,0.25,0,0.25,1,,,,
MNQ SEP25,1s,1,4942,2025-07-14 10:42:23,22946.25,22946.25,22945,22945.75,50,1.25,0.5,0,0.75,-1,,,,
MNQ SEP25,1s,1,4943,2025-07-14 10:42:24,22945.5,22946,22945.5,22946,6,0.5,0.5,0,0,1,,,,
MNQ SEP25,1s,1,4944,2025-07-14 10:42:25,22945.5,22945.5,22944.5,22944.75,24,1,0.75,0,0.25,-1,,,,
MNQ SEP25,1s,1,4945,2025-07-14 10:42:26,22945,22946.25,22943.75,22946.25,27,2.5,1.25,0,1.25,1,,,,
MNQ SEP25,1s,1,4946,2025-07-14 10:42:27,22946.25,22946.25,22945,22945,22,1.25,1.25,0,0,-1,,,,
MNQ SEP25,1s,1,4947,2025-07-14 10:42:28,22945.25,22945.75,22944.75,22944.75,19,1,0.5,0.5,0,-1,,,,
MNQ SEP25,1s,1,4948,2025-07-14 10:42:29,22944.5,22945.25,22944.25,22944.25,14,1,0.25,0.75,0,-1,,,,
MNQ SEP25,1s,1,4949,2025-07-14 10:42:30,22944,22944,22943.5,22943.75,12,0.5,0.25,0,0.25,-1,,,,
MNQ SEP25,10s,10,5894,2025-07-14 10:42:30,22946.25,22946.75,22943.5,22943.75,192,3.25,2.5,0.5,0.25,-1,-0.85,2.2,26.93333333,21.97
MNQ SEP25,1s,1,4950,2025-07-14 10:42:31,22944.25,22944.75,22943.5,22944.25,42,1.25,0,0.5,0.75,0,,,,
MNQ SEP25,1s,1,4951,2025-07-14 10:42:32,22944.5,22945.75,22944.25,22945.75,22,1.5,1.25,0,0.25,1,,,,
MNQ SEP25,1s,1,4952,2025-07-14 10:42:33,22946,22946.25,22946,22946,5,0.25,0,0.25,0,0,,,,
MNQ SEP25,1s,1,4953,2025-07-14 10:42:34,22946.25,22946.5,22946,22946,11,0.5,0.25,0.25,0,-1,,,,
MNQ SEP25,1s,1,4954,2025-07-14 10:42:35,22945.25,22945.5,22944,22944,28,1.5,1.25,0.25,0,-1,,,,
MNQ SEP25,1s,1,4955,2025-07-14 10:42:36,22944.75,22946,22944.5,22946,18,1.5,1.25,0,0.25,1,,,,
MNQ SEP25,1s,1,4956,2025-07-14 10:42:37,22946.25,22946.25,22945.75,22945.75,10,0.5,0.5,0,0,-1,,,,
MNQ SEP25,1s,1,4957,2025-07-14 10:42:38,22946,22947,22946,22946.5,18,1,0.5,0.5,0,1,,,,
MNQ SEP25,1s,1,4958,2025-07-14 10:42:39,22946.5,22946.75,22946.5,22946.75,2,0.25,0.25,0,0,1,,,,
MNQ SEP25,1s,1,4959,2025-07-14 10:42:40,22946.75,22946.75,22945.5,22946.5,43,1.25,0.25,0,1,-1,,,,
MNQ SEP25,10s,10,5895,2025-07-14 10:42:40,22944.25,22947,22943.5,22946.5,199,3.5,2.25,0.5,0.75,1,-12,-11.15,10.86666667,16.13
MNQ SEP25,20s,20,5947,2025-07-14 10:42:40,22946.25,22947,22943.5,22946.5,391,3.5,0.25,0.5,2.75,1,-169.7,22.2,-14.81666667,-9.33
MNQ SEP25,1s,1,4960,2025-07-14 10:42:41,22946.75,22948.5,22946.25,22948.5,52,2.25,1.75,0,0.5,1,,,,
MNQ SEP25,1s,1,4961,2025-07-14 10:42:42,22948.25,22950.75,22948.25,22950.75,266,2.5,2.5,0,0,1,,,,
MNQ SEP25,1s,1,4962,2025-07-14 10:42:43,22950.75,22951.5,22950,22950.75,115,1.5,0,0.75,0.75,0,,,,
MNQ SEP25,1s,1,4963,2025-07-14 10:42:44,22951,22951.5,22950.5,22951.25,48,1,0.25,0.25,0.5,1,,,,
MNQ SEP25,1s,1,4964,2025-07-14 10:42:45,22951,22952,22950.75,22951,126,1.25,0,1,0.25,0,,,,
MNQ SEP25,1s,1,4965,2025-07-14 10:42:46,22950.75,22951.25,22950.5,22951,46,0.75,0.25,0.25,0.25,1,,,,
MNQ SEP25,1s,1,4966,2025-07-14 10:42:47,22951.25,22951.75,22950.75,22951.25,41,1,0,0.5,0.5,0,,,,
MNQ SEP25,1s,1,4967,2025-07-14 10:42:48,22951.5,22952.25,22951,22951.25,59,1.25,0.25,0.75,0.25,-1,,,,
MNQ SEP25,1s,1,4968,2025-07-14 10:42:49,22951.5,22951.5,22950.5,22951.5,47,1,0,0,1,0,,,,
MNQ SEP25,1s,1,4969,2025-07-14 10:42:50,22951,22951.5,22949.25,22949.25,93,2.25,1.75,0.5,0,-1,,,,
MNQ SEP25,10s,10,5896,2025-07-14 10:42:50,22946.75,22952.25,22946.25,22949.25,893,6,2.5,3,0.5,1,57.25,69.25,20.1,27.78
MNQ SEP25,1s,1,4970,2025-07-14 10:42:51,22949.75,22950,22949.25,22950,29,0.75,0.25,0,0.5,1,,,,
MNQ SEP25,1s,1,4971,2025-07-14 10:42:52,22950,22950.25,22949,22949.75,40,1.25,0.25,0.25,0.75,-1,,,,
MNQ SEP25,1s,1,4972,2025-07-14 10:42:53,22950.5,22950.5,22949.5,22950,14,1,0.5,0,0.5,-1,,,,
MNQ SEP25,1s,1,4973,2025-07-14 10:42:54,22949.75,22950.75,22949.25,22949.75,49,1.5,0,1,0.5,0,,,,
MNQ SEP25,1s,1,4974,2025-07-14 10:42:55,22950,22950.5,22949.75,22949.75,27,0.75,0.25,0.5,0,-1,,,,
MNQ SEP25,1s,1,4975,2025-07-14 10:42:56,22949.75,22950.5,22949.75,22950.5,21,0.75,0.75,0,0,1,,,,
MNQ SEP25,1s,1,4976,2025-07-14 10:42:57,22950.75,22952.5,22950.25,22952.5,67,2.25,1.75,0,0.5,1,,,,
MNQ SEP25,1s,1,4977,2025-07-14 10:42:58,22952.5,22952.75,22952,22952.5,30,0.75,0,0.25,0.5,0,,,,
MNQ SEP25,1s,1,4978,2025-07-14 10:42:59,22952.75,22952.75,22952,22952.5,37,0.75,0.25,0,0.5,-1,,,,
MNQ SEP25,1s,1,4979,2025-07-14 10:43:00,22952.75,22953,22951.75,22952.25,49,1.25,0.5,0.25,0.5,-1,,,,
MNQ SEP25,10s,10,5897,2025-07-14 10:43:00,22949.75,22953,22949,22952.25,363,4,2.5,0.75,0.75,1,75.9,18.65,25.58333333,24.1
MNQ SEP25,20s,20,5948,2025-07-14 10:43:00,22946.75,22953,22946.25,22952.25,1256,6.75,5.5,0.75,0.5,1,-42.55,127.15,43.05,18.88
MNQ SEP25,1s,1,4980,2025-07-14 10:43:01,22952,22952.75,22951,22952.5,86,1.75,0.5,0.25,1,1,,,,
MNQ SEP25,1s,1,4981,2025-07-14 10:43:02,22952.25,22954,22952.25,22953.75,107,1.75,1.5,0.25,0,1,,,,
MNQ SEP25,1s,1,4982,2025-07-14 10:43:03,22953.5,22954,22952.75,22954,67,1.25,0.5,0,0.75,1,,,,
MNQ SEP25,1s,1,4983,2025-07-14 10:43:04,22953.75,22954.25,22953.5,22954.25,70,0.75,0.5,0,0.25,1,,,,
MNQ SEP25,1s,1,4984,2025-07-14 10:43:05,22954.5,22955.75,22954.25,22955,154,1.5,0.5,0.75,0.25,1,,,,
MNQ SEP25,1s,1,4985,2025-07-14 10:43:06,22955.25,22955.5,22953.75,22954.5,56,1.75,0.75,0.25,0.75,-1,,,,
MNQ SEP25,1s,1,4986,2025-07-14 10:43:07,22954.5,22956,22954.5,22954.5,82,1.5,0,1.5,0,0,,,,
MNQ SEP25,1s,1,4987,2025-07-14 10:43:08,22954,22955.25,22953.75,22954.75,97,1.5,0.75,0.5,0.25,1,,,,
MNQ SEP25,1s,1,4988,2025-07-14 10:43:09,22954.25,22954.5,22953.5,22954.25,42,1,0,0.25,0.75,0,,,,
MNQ SEP25,1s,1,4989,2025-07-14 10:43:10,22953.75,22954.25,22953.5,22953.75,28,0.75,0,0.5,0.25,0,,,,
MNQ SEP25,10s,10,5898,2025-07-14 10:43:10,22952,22956,22951,22953.75,789,5,1.75,2.25,1,1,152.15,76.25,54.71666667,31.04
MNQ SEP25,1s,1,4990,2025-07-14 10:43:11,22953.75,22955,22953.75,22954.25,36,1.25,0.5,0.75,0,1,,,,
MNQ SEP25,1s,1,4991,2025-07-14 10:43:12,22954.5,22954.75,22954.25,22954.25,23,0.5,0.25,0.25,0,-1,,,,
MNQ SEP25,1s,1,4992,2025-07-14 10:43:13,22954.5,22954.5,22953,22953,48,1.5,1.5,0,0,-1,,,,
MNQ SEP25,1s,1,4993,2025-07-14 10:43:14,22953.25,22954.25,22953.25,22953.75,46,1,0.5,0.5,0,1,,,,
MNQ SEP25,1s,1,4994,2025-07-14 10:43:15,22953.75,22955,22953.75,22955,30,1.25,1.25,0,0,1,,,,
MNQ SEP25,1s,1,4995,2025-07-14 10:43:16,22955,22955,22953.75,22954.25,20,1.25,0.75,0,0.5,-1,,,,
MNQ SEP25,1s,1,4996,2025-07-14 10:43:17,22953.75,22954.75,22953.5,22954.25,54,1.25,0.5,0.5,0.25,1,,,,
MNQ SEP25,1s,1,4997,2025-07-14 10:43:18,22954.5,22955,22954.25,22954.5,10,0.75,0,0.5,0.25,0,,,,
MNQ SEP25,1s,1,4998,2025-07-14 10:43:19,22954.25,22955,22954,22955,31,1,0.75,0,0.25,1,,,,
MNQ SEP25,1s,1,4999,2025-07-14 10:43:20,22954.5,22955.5,22954.5,22955.5,43,1,1,0,0,1,,,,
MNQ SEP25,10s,10,5899,2025-07-14 10:43:20,22953.75,22955.5,22953,22955.5,341,2.5,1.75,0,0.75,1,175.95,23.8,39.56666667,35.36
MNQ SEP25,20s,20,5949,2025-07-14 10:43:20,22952,22956,22951,22955.5,1130,5,3.5,0.5,1,1,95.65,138.2,95.85,44.18
MNQ SEP25,1s,1,5000,2025-07-14 10:43:21,22955.25,22955.5,22955,22955,22,0.5,0.25,0.25,0,-1,,,,
MNQ SEP25,1s,1,5001,2025-07-14 10:43:22,22955.25,22957,22955.25,22956.5,99,1.75,1.25,0.5,0,1,,,,
MNQ SEP25,1s,1,5002,2025-07-14 10:43:23,22956.75,22957.25,22956.25,22957.25,88,1,0.5,0,0.5,1,,,,
MNQ SEP25,1s,1,5003,2025-07-14 10:43:24,22957,22958,22956.75,22958,70,1.25,1,0,0.25,1,,,,
MNQ SEP25,1s,1,5004,2025-07-14 10:43:25,22957.75,22959,22957,22959,114,2,1.25,0,0.75,1,,,,
MNQ SEP25,1s,1,5005,2025-07-14 10:43:26,22958.75,22959,22958.25,22958.25,78,0.75,0.5,0.25,0,-1,,,,
MNQ SEP25,1s,1,5006,2025-07-14 10:43:27,22958.75,22959.25,22958.25,22958.5,84,1,0.25,0.5,0.25,-1,,,,
MNQ SEP25,1s,1,5007,2025-07-14 10:43:28,22959,22959,22958.5,22958.5,15,0.5,0.5,0,0,-1,,,,
MNQ SEP25,1s,1,5008,2025-07-14 10:43:29,22958.5,22958.75,22958,22958.25,41,0.75,0.25,0.25,0.25,-1,,,,
MNQ SEP25,1s,1,5009,2025-07-14 10:43:30,22958.5,22959,22958.25,22958.5,18,0.75,0,0.5,0.25,0,,,,
MNQ SEP25,10s,10,5900,2025-07-14 10:43:30,22955.25,22959.25,22955,22958.5,629,4.25,3.25,0.75,0.25,1,265.25,89.3,63.11666667,55.45
MNQ SEP25,1s,1,5010,2025-07-14 10:43:31,22958.75,22959,22957.75,22958.5,36,1.25,0.25,0.25,0.75,-1,,,,
MNQ SEP25,1s,1,5011,2025-07-14 10:43:32,22958.75,22959.25,22958.25,22959.25,66,1,0.5,0,0.5,1,,,,
MNQ SEP25,1s,1,5012,2025-07-14 10:43:33,22958.75,22959.25,22958.75,22958.75,47,0.5,0,0.5,0,0,,,,
MNQ SEP25,1s,1,5013,2025-07-14 10:43:34,22958.5,22958.75,22957.75,22957.75,86,1,0.75,0.25,0,-1,,,,
MNQ SEP25,1s,1,5014,2025-07-14 10:43:35,22958.25,22959.5,22958.25,22958.75,46,1.25,0.5,0.75,0,1,,,,
MNQ SEP25,1s,1,5015,2025-07-14 10:43:36,22958.75,22958.75,22958.25,22958.25,50,0.5,0.5,0,0,-1,,,,
MNQ SEP25,1s,1,5016,2025-07-14 10:43:37,22958.25,22959,22958,22958,30,1,0.25,0.75,0,-1,,,,
MNQ SEP25,1s,1,5017,2025-07-14 10:43:38,22958.25,22958.5,22956.5,22956.75,74,2,1.5,0.25,0.25,-1,,,,
MNQ SEP25,1s,1,5018,2025-07-14 10:43:39,22956.75,22957,22956.25,22956.25,53,0.75,0.5,0.25,0,-1,,,,
MNQ SEP25,1s,1,5019,2025-07-14 10:43:40,22956.75,22957.25,22955.75,22955.75,64,1.5,1,0.5,0,-1,,,,
MNQ SEP25,10s,10,5901,2025-07-14 10:43:40,22958.75,22959.5,22955.75,22955.75,552,3.75,3,0.75,0,-1,182.9,-82.35,10.25,25.13
MNQ SEP25,20s,20,5950,2025-07-14 10:43:40,22955.25,22959.5,22955,22955.75,1181,4.5,0.5,3.75,0.25,1,152.55,56.9,107.41666667,64.85
MNQ SEP25,1s,1,5020,2025-07-14 10:43:41,22956.25,22956.5,22955.75,22956.5,28,0.75,0.25,0,0.5,1,,,,
MNQ SEP25,1s,1,5021,2025-07-14 10:43:42,22956.25,22956.75,22956,22956.25,20,0.75,0,0.5,0.25,0,,,,
MNQ SEP25,1s,1,5022,2025-07-14 10:43:43,22956.5,22958,22956,22958,49,2,1.5,0,0.5,1,,,,
MNQ SEP25,1s,1,5023,2025-07-14 10:43:44,22958,22958,22957.25,22957.25,20,0.75,0.75,0,0,-1,,,,
MNQ SEP25,1s,1,5024,2025-07-14 10:43:45,22957.5,22958,22957,22957.75,48,1,0.25,0.25,0.5,1,,,,
MNQ SEP25,1s,1,5025,2025-07-14 10:43:46,22957.75,22957.75,22957,22957,7,0.75,0.75,0,0,-1,,,,
MNQ SEP25,1s,1,5026,2025-07-14 10:43:47,22956.5,22957,22956.25,22956.75,22,0.75,0.25,0.25,0.25,1,,,,
MNQ SEP25,1s,1,5027,2025-07-14 10:43:48,22956.75,22957,22955.25,22955.75,103,1.75,1,0.25,0.5,-1,,,,
MNQ SEP25,1s,1,5028,2025-07-14 10:43:49,22956.5,22957,22956.25,22956.5,25,0.75,0,0.5,0.25,0,,,,
MNQ SEP25,1s,1,5029,2025-07-14 10:43:50,22956.5,22956.5,22955,22955,44,1.5,1.5,0,0,-1,,,,
MNQ SEP25,10s,10,5902,2025-07-14 10:43:50,22956.25,22958,22955,22955,366,3,1.25,1.75,0,-1,190.55,7.65,4.86666667,22.93
MNQ SEP25,1s,1,5030,2025-07-14 10:43:51,22955.25,22955.75,22955,22955.25,15,0.75,0,0.5,0.25,0,,,,
MNQ SEP25,1s,1,5031,2025-07-14 10:43:52,22955.25,22957.75,22955.25,22957,46,2.5,1.75,0.75,0,1,,,,
MNQ SEP25,1s,1,5032,2025-07-14 10:43:53,22957.25,22957.25,22956.25,22956.5,38,1,0.75,0,0.25,-1,,,,
MNQ SEP25,1s,1,5033,2025-07-14 10:43:54,22956.25,22957.25,22956,22956.25,16,1.25,0,1,0.25,0,,,,
MNQ SEP25,1s,1,5034,2025-07-14 10:43:55,22956.25,22956.75,22955.5,22955.5,29,1.25,0.75,0.5,0,-1,,,,
MNQ SEP25,1s,1,5035,2025-07-14 10:43:56,22955.5,22956,22955.25,22955.75,12,0.75,0.25,0.25,0.25,1,,,,
MNQ SEP25,1s,1,5036,2025-07-14 10:43:57,22955.5,22957.75,22955.5,22957.25,23,2.25,1.75,0.5,0,1,,,,
MNQ SEP25,1s,1,5037,2025-07-14 10:43:58,22957.25,22957.75,22957,22957,25,0.75,0.25,0.5,0,-1,,,,
MNQ SEP25,1s,1,5038,2025-07-14 10:43:59,22957.5,22958,22956.75,22957,50,1.25,0.5,0.5,0.25,-1,,,,
MNQ SEP25,1s,1,5039,2025-07-14 10:44:00,22957.25,22957.5,22956,22956,24,1.5,1.25,0.25,0,-1,,,,
MNQ SEP25,10s,10,5903,2025-07-14 10:44:00,22955.25,22958,22955,22956,278,3,0.75,2,0.25,1,83.45,-107.1,-60.6,-13.74
MNQ SEP25,20s,20,5951,2025-07-14 10:44:00,22956.25,22958,22955,22956,644,3,0.25,1.75,1,-1,211.3,58.75,84.61666667,80.64
MNQ SEP25,1s,1,5040,2025-07-14 10:44:01,22956.25,22957,22955,22956.25,88,2,0,0.75,1.25,0,,,,
MNQ SEP25,1s,1,5041,2025-07-14 10:44:02,22956,22956.75,22956,22956.5,25,0.75,0.5,0.25,0,1,,,,
MNQ SEP25,1s,1,5042,2025-07-14 10:44:03,22956.25,22956.75,22955.75,22956.5,28,1,0.25,0.25,0.5,1,,,,
MNQ SEP25,1s,1,5043,2025-07-14 10:44:04,22956.75,22956.75,22955.75,22956,25,1,0.75,0,0.25,-1,,,,
MNQ SEP25,1s,1,5044,2025-07-14 10:44:05,22956.5,22957,22954.75,22956,76,2.25,0.5,0.5,1.25,-1,,,,
MNQ SEP25,1s,1,5045,2025-07-14 10:44:06,22956,22956,22954.75,22955,17,1.25,1,0,0.25,-1,,,,
MNQ SEP25,1s,1,5046,2025-07-14 10:44:07,22955,22955,22954,22954.25,32,1,0.75,0,0.25,-1,,,,
MNQ SEP25,1s,1,5047,2025-07-14 10:44:08,22954,22954.75,22952.5,22952.75,79,2.25,1.25,0.75,0.25,-1,,,,
MNQ SEP25,1s,1,5048,2025-07-14 10:44:09,22952.5,22953,22951.75,22952.25,72,1.25,0.25,0.5,0.5,-1,,,,
MNQ SEP25,1s,1,5049,2025-07-14 10:44:10,22952.75,22953.5,22952,22952.5,73,1.5,0.25,0.75,0.5,-1,,,,
MNQ SEP25,10s,10,5904,2025-07-14 10:44:10,22956.25,22957,22951.75,22952.5,515,5.25,3.75,0.75,0.75,-1,101.9,18.45,-27,-14.81
MNQ SEP25,1s,1,5050,2025-07-14 10:44:11,22952,22953.25,22952,22952.75,24,1.25,0.75,0.5,0,1,,,,
MNQ SEP25,1s,1,5051,2025-07-14 10:44:12,22952.75,22954,22952.75,22954,31,1.25,1.25,0,0,1,,,,
MNQ SEP25,1s,1,5052,2025-07-14 10:44:13,22954,22954,22952.5,22952.5,44,1.5,1.5,0,0,-1,,,,
MNQ SEP25,1s,1,5053,2025-07-14 10:44:14,22952.5,22953.25,22952.5,22953,5,0.75,0.5,0.25,0,1,,,,
MNQ SEP25,1s,1,5054,2025-07-14 10:44:15,22953.75,22954.75,22953.5,22953.75,16,1.25,0,1,0.25,0,,,,
MNQ SEP25,1s,1,5055,2025-07-14 10:44:16,22953.25,22953.75,22953.25,22953.25,18,0.5,0,0.5,0,0,,,,
MNQ SEP25,1s,1,5056,2025-07-14 10:44:17,22953,22954,22953,22953,31,1,0,1,0,0,,,,
MNQ SEP25,1s,1,5057,2025-07-14 10:44:18,22953,22953.25,22951,22951.5,77,2.25,1.5,0.25,0.5,-1,,,,
MNQ SEP25,1s,1,5058,2025-07-14 10:44:19,22952,22953.25,22952,22952.75,30,1.25,0.75,0.5,0,1,,,,
MNQ SEP25,1s,1,5059,2025-07-14 10:44:20,22952.75,22953,22952.25,22952.75,25,0.75,0,0.25,0.5,0,,,,
MNQ SEP25,10s,10,5905,2025-07-14 10:44:20,22952,22954.75,22951,22952.75,301,3.75,0.75,2,1,1,29.85,-72.05,-53.56666667,-47.08
MNQ SEP25,20s,20,5952,2025-07-14 10:44:20,22956.25,22957,22951,22952.75,816,6,3.5,0.75,1.75,-1,297.95,86.65,67.43333333,93.53
MNQ SEP25,1s,1,5060,2025-07-14 10:44:21,22952.75,22952.75,22952.5,22952.5,12,0.25,0.25,0,0,-1,,,,
MNQ SEP25,1s,1,5061,2025-07-14 10:44:22,22952.75,22954.5,22952.25,22954,45,2.25,1.25,0.5,0.5,1,,,,
MNQ SEP25,1s,1,5062,2025-07-14 10:44:23,22953.75,22955,22953.5,22955,33,1.5,1.25,0,0.25,1,,,,
MNQ SEP25,1s,1,5063,2025-07-14 10:44:24,22955.25,22956,22955,22956,36,1,0.75,0,0.25,1,,,,
MNQ SEP25,1s,1,5064,2025-07-14 10:44:25,22956.25,22956.5,22954.5,22954.75,45,2,1.5,0.25,0.25,-1,,,,
MNQ SEP25,1s,1,5065,2025-07-14 10:44:26,22955.25,22955.5,22954.75,22955.5,18,0.75,0.25,0,0.5,1,,,,
MNQ SEP25,1s,1,5066,2025-07-14 10:44:27,22955.25,22956.5,22954.75,22956.5,13,1.75,1.25,0,0.5,1,,,,
MNQ SEP25,1s,1,5067,2025-07-14 10:44:28,22956.25,22957,22956,22956.75,19,1,0.5,0.25,0.25,1,,,,
MNQ SEP25,1s,1,5068,2025-07-14 10:44:29,22956.75,22956.75,22955.25,22955.5,12,1.5,1.25,0,0.25,-1,,,,
MNQ SEP25,1s,1,5069,2025-07-14 10:44:30,22955.75,22956,22954.5,22955.25,21,1.5,0.5,0.25,0.75,-1,,,,
MNQ SEP25,10s,10,5906,2025-07-14 10:44:30,22952.75,22957,22952.25,22955.25,254,4.75,2.5,1.75,0.5,1,-26.9,-56.75,-36.78333333,-41.96
MNQ SEP25,1s,1,5070,2025-07-14 10:44:31,22954.75,22955.25,22954.75,22955.25,11,0.5,0.5,0,0,1,,,,
MNQ SEP25,1s,1,5071,2025-07-14 10:44:32,22955,22955.25,22954.5,22954.75,27,0.75,0.25,0.25,0.25,-1,,,,
MNQ SEP25,1s,1,5072,2025-07-14 10:44:33,22954.75,22956,22954.75,22955.75,19,1.25,1,0.25,0,1,,,,
MNQ SEP25,1s,1,5073,2025-07-14 10:44:34,22955.5,22956,22955.25,22955.25,14,0.75,0.25,0.5,0,-1,,,,
MNQ SEP25,1s,1,5074,2025-07-14 10:44:35,22955.25,22955.75,22955.25,22955.75,6,0.5,0.5,0,0,1,,,,
MNQ SEP25,1s,1,5075,2025-07-14 10:44:36,22955.5,22955.5,22953.5,22953.5,24,2,2,0,0,-1,,,,
MNQ SEP25,1s,1,5076,2025-07-14 10:44:37,22954.5,22954.5,22953.25,22953.25,15,1.25,1.25,0,0,-1,,,,
MNQ SEP25,1s,1,5077,2025-07-14 10:44:38,22954,22954.25,22953.25,22954.25,9,1,0.25,0,0.75,1,,,,
MNQ SEP25,1s,1,5078,2025-07-14 10:44:39,22954,22954.25,22954,22954.25,5,0.25,0.25,0,0,1,,,,
MNQ SEP25,1s,1,5079,2025-07-14 10:44:40,22954.75,22954.75,22953.75,22954.25,13,1,0.5,0,0.5,-1,,,,
MNQ SEP25,10s,10,5907,2025-07-14 10:44:40,22954.75,22956,22953.25,22954.25,143,2.75,0.5,1.25,1,-1,-69.4,-42.5,-57.1,-51.99
MNQ SEP25,20s,20,5953,2025-07-14 10:44:40,22952.75,22957,22952.25,22954.25,397,4.75,1.5,2.75,0.5,1,133.05,-164.9,-6.5,35.12
MNQ SEP25,1s,1,5080,2025-07-14 10:44:41,22954,22954.5,22954,22954,11,0.5,0,0.5,0,0,,,,
MNQ SEP25,1s,1,5081,2025-07-14 10:44:42,22954,22955.25,22953.75,22955.25,30,1.5,1.25,0,0.25,1,,,,
MNQ SEP25,1s,1,5082,2025-07-14 10:44:43,22955.5,22955.5,22954.5,22955.25,9,1,0.25,0,0.75,-1,,,,
MNQ SEP25,1s,1,5083,2025-07-14 10:44:44,22955.5,22956,22955.5,22955.5,10,0.5,0,0.5,0,0,,,,
MNQ SEP25,1s,1,5084,2025-07-14 10:44:45,22955.5,22956.25,22955.5,22955.5,9,0.75,0,0.75,0,0,,,,
MNQ SEP25,1s,1,5085,2025-07-14 10:44:46,22955.75,22956,22955.5,22955.5,10,0.5,0.25,0.25,0,-1,,,,
MNQ SEP25,1s,1,5086,2025-07-14 10:44:47,22955.75,22956,22954.75,22954.75,30,1.25,1,0.25,0,-1,,,,
MNQ SEP25,1s,1,5087,2025-07-14 10:44:48,22954.5,22954.75,22954,22954.5,19,0.75,0,0.25,0.5,0,,,,
MNQ SEP25,1s,1,5088,2025-07-14 10:44:49,22955,22956,22955,22955.5,19,1,0.5,0.5,0,1,,,,
MNQ SEP25,1s,1,5089,2025-07-14 10:44:50,22955.25,22956,22954,22955,39,2,0.25,0.75,1,-1,,,,
MNQ SEP25,10s,10,5908,2025-07-14 10:44:50,22954,22956.25,22953.75,22955,186,2.5,1,1.25,0.25,1,-89.65,-20.25,-39.83333333,-34.62
MNQ SEP25,1s,1,5090,2025-07-14 10:44:51,22955,22955.25,22954.75,22955,5,0.5,0,0.25,0.25,0,,,,
MNQ SEP25,1s,1,5091,2025-07-14 10:44:52,22955.25,22955.25,22954.5,22954.5,21,0.75,0.75,0,0,-1,,,,
MNQ SEP25,1s,1,5092,2025-07-14 10:44:53,22954.75,22955.25,22954.75,22955,7,0.5,0.25,0.25,0,1,,,,
MNQ SEP25,1s,1,5093,2025-07-14 10:44:54,22955.25,22956.25,22955,22956,13,1.25,0.75,0.25,0.25,1,,,,
MNQ SEP25,1s,1,5094,2025-07-14 10:44:55,22955.5,22955.5,22955,22955,4,0.5,0.5,0,0,-1,,,,
MNQ SEP25,1s,1,5095,2025-07-14 10:44:56,22954.75,22955,22954.25,22954.5,30,0.75,0.25,0.25,0.25,-1,,,,
MNQ SEP25,1s,1,5096,2025-07-14 10:44:57,22955.5,22956.25,22955.5,22955.75,12,0.75,0.25,0.5,0,1,,,,
MNQ SEP25,1s,1,5097,2025-07-14 10:44:58,22956,22958.25,22955.75,22958.25,59,2.5,2.25,0,0.25,1,,,,
MNQ SEP25,1s,1,5098,2025-07-14 10:44:59,22958,22958.75,22957.5,22958.75,22,1.25,0.75,0,0.5,1,,,,
MNQ SEP25,1s,1,5099,2025-07-14 10:45:00,22958.5,22958.75,22957.25,22957.75,47,1.5,0.75,0.25,0.5,-1,,,,
MNQ SEP25,10s,10,5909,2025-07-14 10:45:00,22955,22958.75,22954.25,22957.75,220,4.5,2.75,1,0.75,1,-149.2,-59.55,-40.76666667,-50.22
MNQ SEP25,20s,20,5954,2025-07-14 10:45:00,22954,22958.75,22953.75,22957.75,406,5,3.75,1,0.25,1,2.9,-130.15,-69.46666667,-18.55
MNQ SEP25,1s,1,5100,2025-07-14 10:45:01,22958,22958.25,22956.25,22958.25,70,2,0.25,0,1.75,1,,,,
MNQ SEP25,1s,1,5101,2025-07-14 10:45:02,22958.5,22960.5,22958,22959.5,209,2.5,1,1,0.5,1,,,,
MNQ SEP25,1s,1,5102,2025-07-14 10:45:03,22959.5,22961.25,22959,22960.5,126,2.25,1,0.75,0.5,1,,,,
MNQ SEP25,1s,1,5103,2025-07-14 10:45:04,22960.5,22961.25,22960,22960.75,80,1.25,0.25,0.5,0.5,1,,,,
MNQ SEP25,1s,1,5104,2025-07-14 10:45:05,22960.75,22961,22958.75,22959.5,79,2.25,1.25,0.25,0.75,-1,,,,
MNQ SEP25,1s,1,5105,2025-07-14 10:45:06,22960,22960,22958.25,22959.5,81,1.75,0.5,0,1.25,-1,,,,
MNQ SEP25,1s,1,5106,2025-07-14 10:45:07,22959.5,22959.5,22959,22959,20,0.5,0.5,0,0,-1,,,,
MNQ SEP25,1s,1,5107,2025-07-14 10:45:08,22959,22959,22957.75,22958.75,21,1.25,0.25,0,1,-1,,,,
MNQ SEP25,1s,1,5108,2025-07-14 10:45:09,22958.5,22959.5,22958,22959.5,48,1.5,1,0,0.5,1,,,,
MNQ SEP25,1s,1,5109,2025-07-14 10:45:10,22958.75,22959.5,22958.5,22958.5,32,1,0.25,0.75,0,-1,,,,
MNQ SEP25,10s,10,5910,2025-07-14 10:45:10,22958,22961.25,22956.25,22958.5,766,5,0.5,2.75,1.75,1,-81,68.2,-3.86666667,-22.17
MNQ SEP25,1s,1,5110,2025-07-14 10:45:11,22959,22959,22958.25,22958.75,11,0.75,0.25,0,0.5,-1,,,,
MNQ SEP25,1s,1,5111,2025-07-14 10:45:12,22959,22959.75,22957.25,22957.25,41,2.5,1.75,0.75,0,-1,,,,
MNQ SEP25,1s,1,5112,2025-07-14 10:45:13,22957,22958,22957,22957.75,16,1,0.75,0.25,0,1,,,,
MNQ SEP25,1s,1,5113,2025-07-14 10:45:14,22957,22957.25,22955.75,22956.25,46,1.5,0.75,0.25,0.5,-1,,,,
MNQ SEP25,1s,1,5114,2025-07-14 10:45:15,22956,22956,22955.5,22956,24,0.5,0,0,0.5,0,,,,
MNQ SEP25,1s,1,5115,2025-07-14 10:45:16,22955.5,22957.5,22955.25,22957.5,50,2.25,2,0,0.25,1,,,,
MNQ SEP25,1s,1,5116,2025-07-14 10:45:17,22957,22957.5,22955.75,22955.75,23,1.75,1.25,0.5,0,-1,,,,
MNQ SEP25,1s,1,5117,2025-07-14 10:45:18,22955.75,22955.75,22955,22955.5,40,0.75,0.25,0,0.5,-1,,,,
MNQ SEP25,1s,1,5118,2025-07-14 10:45:19,22955.5,22955.5,22954,22954.5,48,1.5,1,0,0.5,-1,,,,
MNQ SEP25,1s,1,5119,2025-07-14 10:45:20,22954.75,22954.75,22953.25,22953.75,41,1.5,1,0,0.5,-1,,,,
MNQ SEP25,10s,10,5911,2025-07-14 10:45:20,22959,22959.75,22953.25,22953.75,340,6.5,5.25,0.75,0.5,-1,-59.25,21.75,10.13333333,-6.47
MNQ SEP25,20s,20,5955,2025-07-14 10:45:20,22958,22961.25,22953.25,22953.75,1106,8,4.25,3.25,0.5,-1,-46.9,-49.8,-114.95,-39.89
MNQ SEP25,1s,1,5120,2025-07-14 10:45:21,22953.75,22956.5,22953.75,22956,61,2.75,2.25,0.5,0,1,,,,
MNQ SEP25,1s,1,5121,2025-07-14 10:45:22,22956.25,22958.25,22956.25,22958.25,37,2,2,0,0,1,,,,
MNQ SEP25,1s,1,5122,2025-07-14 10:45:23,22958.5,22958.5,22957.75,22958.5,5,0.75,0,0,0.75,0,,,,
MNQ SEP25,1s,1,5123,2025-07-14 10:45:24,22958.25,22959,22958,22958,21,1,0.25,0.75,0,-1,,,,
MNQ SEP25,1s,1,5124,2025-07-14 10:45:25,22957.75,22958.5,22957.5,22958.25,17,1,0.5,0.25,0.25,1,,,,
MNQ SEP25,1s,1,5125,2025-07-14 10:45:26,22958.5,22959.25,22958.5,22958.75,19,0.75,0.25,0.5,0,1,,,,
MNQ SEP25,1s,1,5126,2025-07-14 10:45:27,22959.5,22959.5,22958,22958.5,35,1.5,1,0,0.5,-1,,,,
MNQ SEP25,1s,1,5127,2025-07-14 10:45:28,22958.25,22959.25,22958.25,22959.25,11,1,1,0,0,1,,,,
MNQ SEP25,1s,1,5128,2025-07-14 10:45:29,22959,22961.25,22959,22960.5,58,2.25,1.5,0.75,0,1,,,,
MNQ SEP25,1s,1,5129,2025-07-14 10:45:30,22960.75,22961,22960.25,22961,23,0.75,0.25,0,0.5,1,,,,
MNQ SEP25,10s,10,5912,2025-07-14 10:45:30,22953.75,22961.25,22953.75,22961,287,7.5,7.25,0.25,0,1,-33.05,26.2,38.71666667,7.27
MNQ SEP25,1s,1,5130,2025-07-14 10:45:31,22960.75,22963,22960.75,22961,188,2.25,0.25,2,0,1,,,,
MNQ SEP25,1s,1,5131,2025-07-14 10:45:32,22961,22961.75,22961,22961.75,45,0.75,0.75,0,0,1,,,,
MNQ SEP25,1s,1,5132,2025-07-14 10:45:33,22961.75,22961.75,22961,22961.5,24,0.75,0.25,0,0.5,-1,,,,
MNQ SEP25,1s,1,5133,2025-07-14 10:45:34,22961.25,22961.75,22960.75,22960.75,26,1,0.5,0.5,0,-1,,,,
MNQ SEP25,1s,1,5134,2025-07-14 10:45:35,22961,22961.75,22960.75,22961.25,30,1,0.25,0.5,0.25,1,,,,
MNQ SEP25,1s,1,5135,2025-07-14 10:45:36,22961.5,22963.5,22961,22962.25,165,2.5,0.75,1.25,0.5,1,,,,
MNQ SEP25,1s,1,5136,2025-07-14 10:45:37,22962,22963,22961.25,22961.5,62,1.75,0.5,1,0.25,-1,,,,
MNQ SEP25,1s,1,5137,2025-07-14 10:45:38,22961,22962,22960.75,22962,34,1.25,1,0,0.25,1,,,,
MNQ SEP25,1s,1,5138,2025-07-14 10:45:39,22962,22963.25,22961.5,22963,40,1.75,1,0.25,0.5,1,,,,
MNQ SEP25,1s,1,5139,2025-07-14 10:45:40,22963.5,22964.25,22963.5,22963.5,68,0.75,0,0.75,0,0,,,,
MNQ SEP25,10s,10,5913,2025-07-14 10:45:40,22960.75,22964.25,22960.75,22963.5,682,3.5,2.75,0.75,0,1,44.2,77.25,41.73333333,26.77
MNQ SEP25,20s,20,5956,2025-07-14 10:45:40,22953.75,22964.25,22953.75,22963.5,969,10.5,9.75,0.75,0,1,43.35,90.25,-29.9,-33.59
MNQ SEP25,1s,1,5140,2025-07-14 10:45:41,22963.75,22964.5,22963.5,22964.5,81,1,0.75,0,0.25,1,,,,
MNQ SEP25,1s,1,5141,2025-07-14 10:45:42,22964.25,22964.75,22963.75,22964.5,42,1,0.25,0.25,0.5,1,,,,
MNQ SEP25,1s,1,5142,2025-07-14 10:45:43,22964.75,22965,22964.5,22964.75,41,0.5,0,0.25,0.25,0,,,,
MNQ SEP25,1s,1,5143,2025-07-14 10:45:44,22964.25,22965,22964.25,22964.75,40,0.75,0.5,0.25,0,1,,,,
MNQ SEP25,1s,1,5144,2025-07-14 10:45:45,22964.75,22965,22964.25,22964.5,22,0.75,0.25,0.25,0.25,-1,,,,
MNQ SEP25,1s,1,5145,2025-07-14 10:45:46,22964.5,22965,22964.5,22964.75,47,0.5,0.25,0.25,0,1,,,,
MNQ SEP25,1s,1,5146,2025-07-14 10:45:47,22965,22965,22964.5,22965,25,0.5,0,0,0.5,0,,,,
MNQ SEP25,1s,1,5147,2025-07-14 10:45:48,22964.75,22964.75,22964,22964.5,36,0.75,0.25,0,0.5,-1,,,,
MNQ SEP25,1s,1,5148,2025-07-14 10:45:49,22963.75,22965,22963.75,22964.5,21,1.25,0.75,0.5,0,1,,,,
MNQ SEP25,1s,1,5149,2025-07-14 10:45:50,22964.5,22965.25,22963.75,22965.25,28,1.5,0.75,0,0.75,1,,,,
MNQ SEP25,10s,10,5914,2025-07-14 10:45:50,22963.75,22965.25,22963.5,22965.25,383,1.75,1.5,0,0.25,1,67.25,23.05,42.16666667,43.29
MNQ SEP25,1s,1,5150,2025-07-14 10:45:51,22965.5,22966.75,22965.5,22966.25,182,1.25,0.75,0.5,0,1,,,,
MNQ SEP25,1s,1,5151,2025-07-14 10:45:52,22966.75,22966.75,22965.5,22965.75,38,1.25,1,0,0.25,-1,,,,
MNQ SEP25,1s,1,5152,2025-07-14 10:45:53,22965.5,22966,22964.75,22965.75,66,1.25,0.25,0.25,0.75,1,,,,
MNQ SEP25,1s,1,5153,2025-07-14 10:45:54,22966,22966,22965.5,22965.5,22,0.5,0.5,0,0,-1,,,,
MNQ SEP25,1s,1,5154,2025-07-14 10:45:55,22965.25,22965.75,22965.25,22965.5,20,0.5,0.25,0.25,0,1,,,,
MNQ SEP25,1s,1,5155,2025-07-14 10:45:56,22965.5,22966.25,22965.5,22965.75,22,0.75,0.25,0.5,0,1,,,,
MNQ SEP25,1s,1,5156,2025-07-14 10:45:57,22965.75,22965.75,22964.5,22964.75,47,1.25,1,0,0.25,-1,,,,
MNQ SEP25,1s,1,5157,2025-07-14 10:45:58,22965.25,22965.5,22965,22965.5,30,0.5,0.25,0,0.25,1,,,,
MNQ SEP25,1s,1,5158,2025-07-14 10:45:59,22965.5,22966,22964.75,22965.25,54,1.25,0.25,0.5,0.5,-1,,,,
MNQ SEP25,1s,1,5159,2025-07-14 10:46:00,22965.5,22966.25,22965.5,22966,29,0.75,0.5,0.25,0,1,,,,
MNQ SEP25,10s,10,5915,2025-07-14 10:46:00,22965.5,22966.75,22964.5,22966,510,2.25,0.5,0.75,1,1,0.5,-66.75,11.18333333,16.3
MNQ SEP25,20s,20,5957,2025-07-14 10:46:00,22963.75,22966.75,22963.5,22966,893,3.25,2.25,0.75,0.25,1,42.3,-1.05,13.13333333,-51.13
MNQ SEP25,1s,1,5160,2025-07-14 10:46:01,22966.25,22967.25,22966,22966,110,1.25,0.25,1,0,-1,,,,
MNQ SEP25,1s,1,5161,2025-07-14 10:46:02,22966.25,22967.25,22966,22966.25,36,1.25,0,1,0.25,0,,,,
MNQ SEP25,1s,1,5162,2025-07-14 10:46:03,22966.25,22967.5,22966,22966.75,56,1.5,0.5,0.75,0.25,1,,,,
MNQ SEP25,1s,1,5163,2025-07-14 10:46:04,22967,22968.25,22966.75,22968.25,83,1.5,1.25,0,0.25,1,,,,
MNQ SEP25,1s,1,5164,2025-07-14 10:46:05,22968,22968.5,22967.5,22967.5,73,1,0.5,0.5,0,-1,,,,
MNQ SEP25,1s,1,5165,2025-07-14 10:46:06,22968.75,22969.5,22968.5,22969,107,1,0.25,0.5,0.25,1,,,,
MNQ SEP25,1s,1,5166,2025-07-14 10:46:07,22969.5,22970.75,22969,22969.25,238,1.75,0.25,1.25,0.25,-1,,,,
MNQ SEP25,1s,1,5167,2025-07-14 10:46:08,22969.5,22970,22968.75,22970,47,1.25,0.5,0,0.75,1,,,,
MNQ SEP25,1s,1,5168,2025-07-14 10:46:09,22969.25,22969.5,22968.75,22968.75,32,0.75,0.5,0.25,0,-1,,,,
MNQ SEP25,1s,1,5169,2025-07-14 10:46:10,22968.5,22969.75,22968.5,22969.75,42,1.25,1.25,0,0,1,,,,
MNQ SEP25,10s,10,5916,2025-07-14 10:46:10,22966.25,22970.75,22966,22969.75,824,4.75,3.5,1,0.25,1,100.75,100.25,18.85,32
MNQ SEP25,1s,1,5170,2025-07-14 10:46:11,22969.75,22969.75,22969.25,22969.25,23,0.5,0.5,0,0,-1,,,,
MNQ SEP25,1s,1,5171,2025-07-14 10:46:12,22969,22969.75,22968.75,22969.5,28,1,0.5,0.25,0.25,1,,,,
MNQ SEP25,1s,1,5172,2025-07-14 10:46:13,22969,22969.25,22968.75,22969.25,40,0.5,0.25,0,0.25,1,,,,
MNQ SEP25,1s,1,5173,2025-07-14 10:46:14,22969.25,22969.75,22968.75,22969.75,49,1,0.5,0,0.5,1,,,,
MNQ SEP25,1s,1,5174,2025-07-14 10:46:15,22969.5,22969.75,22968,22968.25,45,1.75,1.25,0.25,0.25,-1,,,,
MNQ SEP25,1s,1,5175,2025-07-14 10:46:16,22968,22969.5,22968,22968.25,48,1.5,0.25,1.25,0,1,,,,
MNQ SEP25,1s,1,5176,2025-07-14 10:46:17,22967.75,22969.25,22967.5,22969.25,61,1.75,1.5,0,0.25,1,,,,
MNQ SEP25,1s,1,5177,2025-07-14 10:46:18,22969.25,22969.75,22968.75,22969.5,46,1,0.25,0.25,0.5,1,,,,
MNQ SEP25,1s,1,5178,2025-07-14 10:46:19,22969.5,22970,22969.25,22969.5,38,0.75,0,0.5,0.25,0,,,,
MNQ SEP25,1s,1,5179,2025-07-14 10:46:20,22969.5,22970.5,22969.25,22970.25,46,1.25,0.75,0.25,0.25,1,,,,
MNQ SEP25,10s,10,5917,2025-07-14 10:46:20,22969.75,22970.5,22967.5,22970.25,424,3,0.5,0.25,2.25,1,125.1,24.35,19.28333333,31.63
MNQ SEP25,20s,20,5958,2025-07-14 10:46:20,22966.25,22970.75,22966,22970.25,1248,4.75,4,0.5,0.25,1,182.8,140.5,76.56666667,9.95
MNQ SEP25,1s,1,5180,2025-07-14 10:46:21,22970.25,22970.25,22969,22970,21,1.25,0.25,0,1,-1,,,,
MNQ SEP25,1s,1,5181,2025-07-14 10:46:22,22969.25,22969.5,22969,22969.5,28,0.5,0.25,0,0.25,1,,,,
MNQ SEP25,1s,1,5182,2025-07-14 10:46:23,22969.5,22969.5,22968.5,22968.5,35,1,1,0,0,-1,,,,
MNQ SEP25,1s,1,5183,2025-07-14 10:46:24,22969.25,22969.25,22969,22969.25,18,0.25,0,0,0.25,0,,,,
MNQ SEP25,1s,1,5184,2025-07-14 10:46:25,22969,22969.25,22968.5,22969.25,18,0.75,0.25,0,0.5,1,,,,
MNQ SEP25,1s,1,5185,2025-07-14 10:46:26,22969.25,22969.25,22967.75,22967.75,11,1.5,1.5,0,0,-1,,,,
MNQ SEP25,1s,1,5186,2025-07-14 10:46:27,22968,22968.5,22967.25,22967.25,29,1.25,0.75,0.5,0,-1,,,,
MNQ SEP25,1s,1,5187,2025-07-14 10:46:28,22967.75,22968.5,22967.25,22968.5,64,1.25,0.75,0,0.5,1,,,,
MNQ SEP25,1s,1,5188,2025-07-14 10:46:29,22968.25,22969,22968.25,22968.25,11,0.75,0,0.75,0,0,,,,
MNQ SEP25,1s,1,5189,2025-07-14 10:46:30,22968,22968.5,22968,22968,23,0.5,0,0.5,0,0,,,,
MNQ SEP25,10s,10,5918,2025-07-14 10:46:30,22970.25,22970.25,22967.25,22968,258,3,2.25,0,0.75,-1,66.85,-58.25,22.11666667,4.53
MNQ SEP25,1s,1,5190,2025-07-14 10:46:31,22967.5,22968.25,22967,22967.5,38,1.25,0,0.75,0.5,0,,,,
MNQ SEP25,1s,1,5191,2025-07-14 10:46:32,22967.5,22968.75,22967,22968.75,38,1.75,1.25,0,0.5,1,,,,
MNQ SEP25,1s,1,5192,2025-07-14 10:46:33,22968.5,22968.5,22968,22968.5,36,0.5,0,0,0.5,0,,,,
MNQ SEP25,1s,1,5193,2025-07-14 10:46:34,22968.5,22968.5,22967.5,22967.5,20,1,1,0,0,-1,,,,
MNQ SEP25,1s,1,5194,2025-07-14 10:46:35,22968,22969.25,22967.5,22968.25,30,1.75,0.25,1,0.5,1,,,,
MNQ SEP25,1s,1,5195,2025-07-14 10:46:36,22968.25,22969.25,22968.25,22968.25,18,1,0,1,0,0,,,,
MNQ SEP25,1s,1,5196,2025-07-14 10:46:37,22968.75,22969,22968.5,22968.5,18,0.5,0.25,0.25,0,-1,,,,
MNQ SEP25,1s,1,5197,2025-07-14 10:46:38,22968.75,22969,22967.25,22967.25,66,1.75,1.5,0.25,0,-1,,,,
MNQ SEP25,1s,1,5198,2025-07-14 10:46:39,22967,22967.75,22966.75,22967.25,39,1,0.25,0.5,0.25,1,,,,
MNQ SEP25,1s,1,5199,2025-07-14 10:46:40,22967.5,22967.5,22967,22967,17,0.5,0.5,0,0,-1,,,,
MNQ SEP25,10s,10,5919,2025-07-14 10:46:40,22967.5,22969.25,22966.75,22967,320,2.5,0.5,1.75,0.25,-1,55.3,-11.55,-15.15,-2.39
MNQ SEP25,20s,20,5959,2025-07-14 10:46:40,22970.25,22970.25,22966.75,22967,578,3.5,3.25,0,0.25,-1,205.85,23.05,54.16666667,40.59
MNQ SEP25,1s,1,5200,2025-07-14 10:46:41,22967,22968,22966.75,22967.25,37,1.25,0.25,0.75,0.25,1,,,,
MNQ SEP25,1s,1,5201,2025-07-14 10:46:42,22966.75,22966.75,22965,22965.5,130,1.75,1.25,0,0.5,-1,,,,
MNQ SEP25,1s,1,5202,2025-07-14 10:46:43,22965.5,22966.25,22965.25,22966.25,51,1,0.75,0,0.25,1,,,,
MNQ SEP25,1s,1,5203,2025-07-14 10:46:44,22965.75,22966,22965.25,22966,20,0.75,0.25,0,0.5,1,,,,
MNQ SEP25,1s,1,5204,2025-07-14 10:46:45,22966.25,22966.5,22965.5,22966.25,18,1,0,0.25,0.75,0,,,,
MNQ SEP25,1s,1,5205,2025-07-14 10:46:46,22965.75,22966.25,22965,22965.5,27,1.25,0.25,0.5,0.5,-1,,,,
MNQ SEP25,1s,1,5206,2025-07-14 10:46:47,22965.5,22965.5,22964.25,22964.75,55,1.25,0.75,0,0.5,-1,,,,
MNQ SEP25,1s,1,5207,2025-07-14 10:46:48,22964.5,22965.75,22964,22965.75,67,1.75,1.25,0,0.5,1,,,,
MNQ SEP25,1s,1,5208,2025-07-14 10:46:49,22965.5,22966.5,22965.5,22965.75,31,1,0.25,0.75,0,1,,,,
MNQ SEP25,1s,1,5209,2025-07-14 10:46:50,22966.5,22966.5,22965.75,22965.75,6,0.75,0.75,0,0,-1,,,,
MNQ SEP25,10s,10,5920,2025-07-14 10:46:50,22967,22968,22964,22965.75,442,4,1.25,1,1.75,-1,51.05,-4.25,-24.68333333,10.11
MNQ SEP25,1s,1,5210,2025-07-14 10:46:51,22965.75,22966.25,22965,22965,17,1.25,0.75,0.5,0,-1,,,,
MNQ SEP25,1s,1,5211,2025-07-14 10:46:52,22965.25,22966,22965,22965.5,26,1,0.25,0.5,0.25,1,,,,
MNQ SEP25,1s,1,5212,2025-07-14 10:46:53,22965.25,22965.75,22965.25,22965.5,12,0.5,0.25,0.25,0,1,,,,
MNQ SEP25,1s,1,5213,2025-07-14 10:46:54,22965.5,22966.25,22965.5,22966,10,0.75,0.5,0.25,0,1,,,,
MNQ SEP25,1s,1,5214,2025-07-14 10:46:55,22966.5,22966.5,22965.5,22966,28,1,0.5,0,0.5,-1,,,,
MNQ SEP25,1s,1,5215,2025-07-14 10:46:56,22965.75,22966,22965.25,22965.75,24,0.75,0,0.25,0.5,0,,,,
MNQ SEP25,1s,1,5216,2025-07-14 10:46:57,22965.25,22965.75,22965.25,22965.5,8,0.5,0.25,0.25,0,1,,,,
MNQ SEP25,1s,1,5217,2025-07-14 10:46:58,22965.25,22965.75,22965,22965.25,28,0.75,0,0.5,0.25,0,,,,
MNQ SEP25,1s,1,5218,2025-07-14 10:46:59,22965.75,22966,22965.25,22965.25,11,0.75,0.5,0.25,0,-1,,,,
MNQ SEP25,1s,1,5219,2025-07-14 10:47:00,22965.25,22966,22965.25,22966,4,0.75,0.75,0,0,1,,,,
MNQ SEP25,10s,10,5921,2025-07-14 10:47:00,22965.75,22966.5,22965,22966,168,1.5,0.25,0.5,0.75,1,-60.95,-112,-42.6,-32.34
MNQ SEP25,20s,20,5960,2025-07-14 10:47:00,22967,22968,22964,22966,610,4,1,1,2,-1,124.35,-81.5,27.35,34.25
MNQ SEP25,1s,1,5220,2025-07-14 10:47:01,22966,22969.25,22966,22968.5,119,3.25,2.5,0.75,0,1,,,,
MNQ SEP25,1s,1,5221,2025-07-14 10:47:02,22968.5,22968.5,22968,22968,11,0.5,0.5,0,0,-1,,,,
MNQ SEP25,1s,1,5222,2025-07-14 10:47:03,22967.5,22967.5,22966.75,22967.5,32,0.75,0,0,0.75,0,,,,
MNQ SEP25,1s,1,5223,2025-07-14 10:47:04,22967,22967,22965.75,22965.75,33,1.25,1.25,0,0,-1,,,,
MNQ SEP25,1s,1,5224,2025-07-14 10:47:05,22965.5,22966.75,22965.5,22966.5,23,1.25,1,0.25,0,1,,,,
MNQ SEP25,1s,1,5225,2025-07-14 10:47:06,22966.5,22967,22966.5,22966.75,10,0.5,0.25,0.25,0,1,,,,
MNQ SEP25,1s,1,5226,2025-07-14 10:47:07,22967.25,22968,22966.5,22968,28,1.5,0.75,0,0.75,1,,,,
MNQ SEP25,1s,1,5227,2025-07-14 10:47:08,22967.75,22968.25,22967.5,22968.25,16,0.75,0.5,0,0.25,1,,,,
MNQ SEP25,1s,1,5228,2025-07-14 10:47:09,22967.75,22968.25,22967.5,22967.5,24,0.75,0.25,0.5,0,-1,,,,
MNQ SEP25,1s,1,5229,2025-07-14 10:47:10,22968,22968,22966.5,22966.5,12,1.5,1.5,0,0,-1,,,,
MNQ SEP25,10s,10,5922,2025-07-14 10:47:10,22966,22969.25,22965.5,22966.5,308,3.75,0.5,2.75,0.5,1,-81.25,-20.3,-45.51666667,-41.27
MNQ SEP25,1s,1,5230,2025-07-14 10:47:11,22966.25,22966.25,22965,22965.75,37,1.25,0.5,0,0.75,-1,,,,
MNQ SEP25,1s,1,5231,2025-07-14 10:47:12,22966,22966.5,22965.75,22965.75,34,0.75,0.25,0.5,0,-1,,,,
MNQ SEP25,1s,1,5232,2025-07-14 10:47:13,22966,22966.25,22965.5,22965.5,99,0.75,0.5,0.25,0,-1,,,,
MNQ SEP25,1s,1,5233,2025-07-14 10:47:14,22965.75,22965.75,22965.5,22965.5,3,0.25,0.25,0,0,-1,,,,
MNQ SEP25,1s,1,5234,2025-07-14 10:47:15,22965.75,22965.75,22965.5,22965.75,9,0.25,0,0,0.25,0,,,,
MNQ SEP25,1s,1,5235,2025-07-14 10:47:16,22965.75,22966,22965.25,22965.75,13,0.75,0,0.25,0.5,0,,,,
MNQ SEP25,1s,1,5236,2025-07-14 10:47:17,22965.5,22965.75,22965,22965,22,0.75,0.5,0.25,0,-1,,,,
MNQ SEP25,1s,1,5237,2025-07-14 10:47:18,22965.5,22966,22965.5,22966,15,0.5,0.5,0,0,1,,,,
MNQ SEP25,1s,1,5238,2025-07-14 10:47:19,22965.5,22966.5,22965.25,22966.25,50,1.25,0.75,0.25,0.25,1,,,,
MNQ SEP25,1s,1,5239,2025-07-14 10:47:20,22966,22967.5,22966,22966.5,44,1.5,0.5,1,0,1,,,,
MNQ SEP25,10s,10,5923,2025-07-14 10:47:20,22966.25,22967.5,22965,22966.5,326,2.5,0.25,1,1.25,1,-70.05,11.2,-40.36666667,-27.38
MNQ SEP25,20s,20,5961,2025-07-14 10:47:20,22966,22969.25,22965,22966.5,634,4.25,0.5,2.75,1,1,60,-64.35,-40.93333333,3.33
MNQ SEP25,1s,1,5240,2025-07-14 10:47:21,22966.5,22967,22966.25,22966.5,8,0.75,0,0.5,0.25,0,,,,
MNQ SEP25,1s,1,5241,2025-07-14 10:47:22,22967,22967.25,22966.75,22967,6,0.5,0,0.25,0.25,0,,,,
MNQ SEP25,1s,1,5242,2025-07-14 10:47:23,22966.75,22967,22966.5,22966.75,35,0.5,0,0.25,0.25,0,,,,
MNQ SEP25,1s,1,5243,2025-07-14 10:47:24,22966.5,22966.75,22966.25,22966.25,7,0.5,0.25,0.25,0,-1,,,,
MNQ SEP25,1s,1,5244,2025-07-14 10:47:25,22966,22966.25,22966,22966,10,0.25,0,0.25,0,0,,,,
MNQ SEP25,1s,1,5245,2025-07-14 10:47:26,22966,22966.75,22965.75,22965.75,21,1,0.25,0.75,0,-1,,,,
MNQ SEP25,1s,1,5246,2025-07-14 10:47:27,22966,22966.25,22965.75,22966,9,0.5,0,0.25,0.25,0,,,,
MNQ SEP25,1s,1,5247,2025-07-14 10:47:28,22966.25,22966.25,22965.75,22965.75,8,0.5,0.5,0,0,-1,,,,
MNQ SEP25,1s,1,5248,2025-07-14 10:47:29,22966,22966.5,22966,22966.5,10,0.5,0.5,0,0,1,,,,
MNQ SEP25,1s,1,5249,2025-07-14 10:47:30,22965.75,22966.25,22965.25,22966.25,63,1,0.5,0,0.5,1,,,,
MNQ SEP25,10s,10,5924,2025-07-14 10:47:30,22966.5,22967.25,22965.25,22966.25,177,2,0.25,0.75,1,-1,-81.75,-11.7,-6.93333333,-27.41
MNQ SEP25,1s,1,5250,2025-07-14 10:47:31,22965.75,22966,22965.25,22966,18,0.75,0.25,0,0.5,1,,,,
MNQ SEP25,1s,1,5251,2025-07-14 10:47:32,22966,22966.25,22965.5,22966,13,0.75,0,0.25,0.5,0,,,,
MNQ SEP25,1s,1,5252,2025-07-14 10:47:33,22965.5,22965.5,22962.5,22963.25,194,3,2.25,0,0.75,-1,,,,
MNQ SEP25,1s,1,5253,2025-07-14 10:47:34,22963.25,22964.25,22963.25,22963.5,54,1,0.25,0.75,0,1,,,,
MNQ SEP25,1s,1,5254,2025-07-14 10:47:35,22963.5,22964,22963.5,22963.75,29,0.5,0.25,0.25,0,1,,,,
MNQ SEP25,1s,1,5255,2025-07-14 10:47:36,22963.5,22964.25,22963.25,22963.75,12,1,0.25,0.5,0.25,1,,,,
MNQ SEP25,1s,1,5256,2025-07-14 10:47:37,22963.5,22963.75,22962.75,22962.75,51,1,0.75,0.25,0,-1,,,,
MNQ SEP25,1s,1,5257,2025-07-14 10:47:38,22962.5,22962.75,22961.75,22962,69,1,0.5,0.25,0.25,-1,,,,
MNQ SEP25,1s,1,5258,2025-07-14 10:47:39,22962,22962,22956.75,22957.25,485,5.25,4.75,0,0.5,-1,,,,
MNQ SEP25,1s,1,5259,2025-07-14 10:47:40,22957.75,22958,22956.75,22956.75,99,1.25,1,0.25,0,-1,,,,
MNQ SEP25,10s,10,5925,2025-07-14 10:47:40,22965.75,22966.25,22956.75,22956.75,1024,9.5,9,0.5,0,-1,-1.5,80.25,26.58333333,-10.51
MNQ SEP25,20s,20,5962,2025-07-14 10:47:40,22966.5,22967.25,22956.75,22956.75,1201,10.5,9.75,0.75,0,-1,79.55,19.55,-42.1,7.45
MNQ SEP25,1s,1,5260,2025-07-14 10:47:41,22957,22958,22956.75,22957.5,62,1.25,0.5,0.5,0.25,1,,,,
MNQ SEP25,1s,1,5261,2025-07-14 10:47:42,22957.75,22958.5,22957,22957,39,1.5,0.75,0.75,0,-1,,,,
MNQ SEP25,1s,1,5262,2025-07-14 10:47:43,22957.25,22958,22957,22958,38,1,0.75,0,0.25,1,,,,
MNQ SEP25,1s,1,5263,2025-07-14 10:47:44,22957.5,22957.5,22955.25,22955.75,141,2.25,1.75,0,0.5,-1,,,,
MNQ SEP25,1s,1,5264,2025-07-14 10:47:45,22956.25,22956.5,22955.5,22955.75,42,1,0.5,0.25,0.25,-1,,,,
MNQ SEP25,1s,1,5265,2025-07-14 10:47:46,22956,22956,22953.5,22953.5,200,2.5,2.5,0,0,-1,,,,
MNQ SEP25,1s,1,5266,2025-07-14 10:47:47,22954,22954,22951.75,22952.75,197,2.25,1.25,0,1,-1,,,,
MNQ SEP25,1s,1,5267,2025-07-14 10:47:48,22953,22954,22953,22953.25,77,1,0.25,0.75,0,1,,,,
MNQ SEP25,1s,1,5268,2025-07-14 10:47:49,22953.5,22954,22953,22954,78,1,0.5,0,0.5,1,,,,
MNQ SEP25,1s,1,5269,2025-07-14 10:47:50,22953.5,22955,22953.25,22955,62,1.75,1.5,0,0.25,1,,,,
MNQ SEP25,10s,10,5926,2025-07-14 10:47:50,22957,22958.5,22951.75,22955,936,6.75,2,1.5,3.25,-1,118,119.5,62.68333333,35.79
MNQ SEP25,1s,1,5270,2025-07-14 10:47:51,22955.25,22956.75,22955.25,22955.75,66,1.5,0.5,1,0,1,,,,
MNQ SEP25,1s,1,5271,2025-07-14 10:47:52,22956,22956.5,22955.25,22956,47,1.25,0,0.5,0.75,0,,,,
MNQ SEP25,1s,1,5272,2025-07-14 10:47:53,22956.5,22956.75,22955.5,22956.25,36,1.25,0.25,0.25,0.75,-1,,,,
MNQ SEP25,1s,1,5273,2025-07-14 10:47:54,22955.75,22956,22955.5,22956,18,0.5,0.25,0,0.25,1,,,,
MNQ SEP25,1s,1,5274,2025-07-14 10:47:55,22956.25,22956.25,22955,22955.75,17,1.25,0.5,0,0.75,-1,,,,
MNQ SEP25,1s,1,5275,2025-07-14 10:47:56,22955,22956,22955,22956,34,1,1,0,0,1,,,,
MNQ SEP25,1s,1,5276,2025-07-14 10:47:57,22955.75,22956.75,22955.75,22956.75,42,1,1,0,0,1,,,,
MNQ SEP25,1s,1,5277,2025-07-14 10:47:58,22956.75,22957.75,22956.25,22957,55,1.5,0.25,0.75,0.5,1,,,,
MNQ SEP25,1s,1,5278,2025-07-14 10:47:59,22957.75,22959,22957.75,22959,42,1.25,1.25,0,0,1,,,,
MNQ SEP25,1s,1,5279,2025-07-14 10:48:00,22959,22959,22956.25,22957,55,2.75,2,0,0.75,-1,,,,
MNQ SEP25,10s,10,5927,2025-07-14 10:48:00,22955.25,22959,22955,22957,412,4,1.75,2,0.25,1,125.35,7.35,69.03333333,41.32
MNQ SEP25,20s,20,5963,2025-07-14 10:48:00,22957,22959,22951.75,22957,1348,7.25,0,2,5.25,0,56.95,-22.6,-22.46666667,-25.17
MNQ SEP25,1s,1,5280,2025-07-14 10:48:01,22956.5,22958.75,22956.5,22958,68,2.25,1.5,0.75,0,1,,,,
MNQ SEP25,1s,1,5281,2025-07-14 10:48:02,22958.25,22961,22957.75,22961,102,3.25,2.75,0,0.5,1,,,,
MNQ SEP25,1s,1,5282,2025-07-14 10:48:03,22960.75,22961.5,22960,22961,93,1.5,0.25,0.5,0.75,1,,,,
MNQ SEP25,1s,1,5283,2025-07-14 10:48:04,22961,22961,22959.25,22960,41,1.75,1,0,0.75,-1,,,,
MNQ SEP25,1s,1,5284,2025-07-14 10:48:05,22960,22960,22959,22959.5,42,1,0.5,0,0.5,-1,,,,
MNQ SEP25,1s,1,5285,2025-07-14 10:48:06,22959.25,22959.25,22957,22957,53,2.25,2.25,0,0,-1,,,,
MNQ SEP25,1s,1,5286,2025-07-14 10:48:07,22956.5,22957,22956.25,22957,19,0.75,0.5,0,0.25,1,,,,
MNQ SEP25,1s,1,5287,2025-07-14 10:48:08,22956.5,22957.5,22956.5,22956.75,26,1,0.25,0.75,0,1,,,,
MNQ SEP25,1s,1,5288,2025-07-14 10:48:09,22957.5,22958,22957.5,22957.75,14,0.5,0.25,0.25,0,1,,,,
MNQ SEP25,1s,1,5289,2025-07-14 10:48:10,22957.75,22958.25,22957.5,22958.25,19,0.75,0.5,0,0.25,1,,,,
MNQ SEP25,10s,10,5928,2025-07-14 10:48:10,22956.5,22961.5,22956.25,22958.25,477,5.25,1.75,3.25,0.25,1,141,15.65,47.5,42.21
MNQ SEP25,1s,1,5290,2025-07-14 10:48:11,22958.25,22958.25,22957,22958,40,1.25,0.25,0,1,-1,,,,
MNQ SEP25,1s,1,5291,2025-07-14 10:48:12,22958,22958.25,22957.75,22958,13,0.5,0,0.25,0.25,0,,,,
MNQ SEP25,1s,1,5292,2025-07-14 10:48:13,22957.25,22958,22957,22957.75,26,1,0.5,0.25,0.25,1,,,,
MNQ SEP25,1s,1,5293,2025-07-14 10:48:14,22957.75,22958.75,22957.5,22957.5,16,1.25,0.25,1,0,-1,,,,
MNQ SEP25,1s,1,5294,2025-07-14 10:48:15,22957.25,22957.75,22955.25,22956.5,51,2.5,0.75,0.5,1.25,-1,,,,
MNQ SEP25,1s,1,5295,2025-07-14 10:48:16,22957,22957.25,22956,22956.25,27,1.25,0.75,0.25,0.25,-1,,,,
MNQ SEP25,1s,1,5296,2025-07-14 10:48:17,22956,22956.75,22955.75,22956.5,26,1,0.5,0.25,0.25,1,,,,
MNQ SEP25,1s,1,5297,2025-07-14 10:48:18,22956.25,22956.25,22955,22955.5,26,1.25,0.75,0,0.5,-1,,,,
MNQ SEP25,1s,1,5298,2025-07-14 10:48:19,22955.5,22956,22955,22955.75,19,1,0.25,0.25,0.5,1,,,,
MNQ SEP25,1s,1,5299,2025-07-14 10:48:20,22955.5,22955.75,22954.5,22954.5,22,1.25,1,0.25,0,-1,,,,
MNQ SEP25,10s,10,5929,2025-07-14 10:48:20,22958.25,22958.75,22954.5,22954.5,266,4.25,3.75,0.5,0,-1,156.5,15.5,12.83333333,47.65
MNQ SEP25,20s,20,5964,2025-07-14 10:48:20,22956.5,22961.5,22954.5,22954.5,743,7,2,5,0,-1,70.7,13.75,3.56666667,-27.03
MNQ SEP25,1s,1,5300,2025-07-14 10:48:21,22955,22955.75,22954.5,22955,46,1.25,0,0.75,0.5,0,,,,
MNQ SEP25,1s,1,5301,2025-07-14 10:48:22,22954.5,22954.5,22953,22953,85,1.5,1.5,0,0,-1,,,,
MNQ SEP25,1s,1,5302,2025-07-14 10:48:23,22953.5,22954,22953,22953.5,44,1,0,0.5,0.5,0,,,,
MNQ SEP25,1s,1,5303,2025-07-14 10:48:24,22953.5,22954.25,22953.25,22953.75,39,1,0.25,0.5,0.25,1,,,,
MNQ SEP25,1s,1,5304,2025-07-14 10:48:25,22953.25,22954,22952.75,22952.75,55,1.25,0.5,0.75,0,-1,,,,
MNQ SEP25,1s,1,5305,2025-07-14 10:48:26,22953,22953.75,22952.5,22952.75,44,1.25,0.25,0.75,0.25,-1,,,,
MNQ SEP25,1s,1,5306,2025-07-14 10:48:27,22952.5,22954.25,22952.5,22953.75,47,1.75,1.25,0.5,0,1,,,,
MNQ SEP25,1s,1,5307,2025-07-14 10:48:28,22953.25,22954.5,22953.25,22954,61,1.25,0.75,0.5,0,1,,,,
MNQ SEP25,1s,1,5308,2025-07-14 10:48:29,22954.25,22954.25,22953.5,22953.5,36,0.75,0.75,0,0,-1,,,,
MNQ SEP25,1s,1,5309,2025-07-14 10:48:30,22953.5,22953.75,22953.5,22953.75,3,0.25,0.25,0,0,1,,,,
MNQ SEP25,10s,10,5930,2025-07-14 10:48:30,22955,22955.75,22952.5,22953.75,460,3.25,1.25,0.75,1.25,-1,59,-97.5,-22.11666667,12.1
MNQ SEP25,1s,1,5310,2025-07-14 10:48:31,22953.75,22955.75,22953.5,22955.75,75,2.25,2,0,0.25,1,,,,
MNQ SEP25,1s,1,5311,2025-07-14 10:48:32,22955.75,22956.5,22955,22955.25,68,1.5,0.5,0.75,0.25,-1,,,,
MNQ SEP25,1s,1,5312,2025-07-14 10:48:33,22955,22955.25,22954.75,22954.75,23,0.5,0.25,0.25,0,-1,,,,
MNQ SEP25,1s,1,5313,2025-07-14 10:48:34,22954.75,22955.25,22954.5,22955.25,29,0.75,0.5,0,0.25,1,,,,
MNQ SEP25,1s,1,5314,2025-07-14 10:48:35,22955.25,22955.75,22954.75,22955,24,1,0.25,0.5,0.25,-1,,,,
MNQ SEP25,1s,1,5315,2025-07-14 10:48:36,22955.25,22956,22953,22953.75,79,3,1.5,0.75,0.75,-1,,,,
MNQ SEP25,1s,1,5316,2025-07-14 10:48:37,22953.5,22954,22953,22953.25,49,1,0.25,0.5,0.25,-1,,,,
MNQ SEP25,1s,1,5317,2025-07-14 10:48:38,22953,22954.25,22952.5,22953.5,70,1.75,0.5,0.75,0.5,1,,,,
MNQ SEP25,1s,1,5318,2025-07-14 10:48:39,22953.75,22954,22953.75,22953.75,20,0.25,0,0.25,0,0,,,,
MNQ SEP25,1s,1,5319,2025-07-14 10:48:40,22953.75,22954.5,22953.5,22953.75,47,1,0,0.75,0.25,0,,,,
MNQ SEP25,10s,10,5931,2025-07-14 10:48:40,22953.75,22956.5,22952.5,22953.75,484,4,0,2.75,1.25,0,-38.6,-97.6,-59.86666667,-31.32
MNQ SEP25,20s,20,5965,2025-07-14 10:48:40,22955,22956.5,22952.5,22953.75,944,4,1.25,1.5,1.25,-1,125.35,54.65,15.26666667,0.2
MNQ SEP25,1s,1,5320,2025-07-14 10:48:41,22953.75,22954.5,22953.75,22954,17,0.75,0.25,0.5,0,1,,,,
MNQ SEP25,1s,1,5321,2025-07-14 10:48:42,22954.25,22954.5,22953.5,22954.5,11,1,0.25,0,0.75,1,,,,
MNQ SEP25,1s,1,5322,2025-07-14 10:48:43,22954,22956.25,22953.75,22956.25,36,2.5,2.25,0,0.25,1,,,,
MNQ SEP25,1s,1,5323,2025-07-14 10:48:44,22956,22957,22956,22956.5,50,1,0.5,0.5,0,1,,,,
MNQ SEP25,1s,1,5324,2025-07-14 10:48:45,22956.75,22956.75,22955.75,22956.25,13,1,0.5,0,0.5,-1,,,,
MNQ SEP25,1s,1,5325,2025-07-14 10:48:46,22956.25,22956.5,22955.75,22956.5,10,0.75,0.25,0,0.5,1,,,,
MNQ SEP25,1s,1,5326,2025-07-14 10:48:47,22956.75,22957.5,22956.5,22956.5,25,1,0.25,0.75,0,-1,,,,
MNQ SEP25,1s,1,5327,2025-07-14 10:48:48,22957,22957,22956.75,22957,3,0.25,0,0,0.25,0,,,,
MNQ SEP25,1s,1,5328,2025-07-14 10:48:49,22957.75,22959,22957.75,22958.25,44,1.25,0.5,0.75,0,1,,,,
MNQ SEP25,1s,1,5329,2025-07-14 10:48:50,22958.75,22959,22958.25,22958.75,27,0.75,0,0.25,0.5,0,,,,
MNQ SEP25,10s,10,5932,2025-07-14 10:48:50,22953.75,22959,22953.5,22958.75,236,5.5,5,0.25,0.25,1,-71.25,-32.65,-75.91666667,-39.32
MNQ SEP25,1s,1,5330,2025-07-14 10:48:51,22958.75,22959,22957.25,22958.25,20,1.75,0.5,0.25,1,-1,,,,
MNQ SEP25,1s,1,5331,2025-07-14 10:48:52,22958,22958.5,22957.5,22958.25,46,1,0.25,0.25,0.5,1,,,,
MNQ SEP25,1s,1,5332,2025-07-14 10:48:53,22958.5,22959,22958.25,22959,21,0.75,0.5,0,0.25,1,,,,
MNQ SEP25,1s,1,5333,2025-07-14 10:48:54,22958.5,22959.5,22958.5,22958.75,25,1,0.25,0.75,0,1,,,,
MNQ SEP25,1s,1,5334,2025-07-14 10:48:55,22958.75,22959.5,22958.75,22959.25,27,0.75,0.5,0.25,0,1,,,,
MNQ SEP25,1s,1,5335,2025-07-14 10:48:56,22958.75,22959.5,22958.5,22958.5,13,1,0.25,0.75,0,-1,,,,
MNQ SEP25,1s,1,5336,2025-07-14 10:48:57,22958,22960.75,22958,22960.75,46,2.75,2.75,0,0,1,,,,
MNQ SEP25,1s,1,5337,2025-07-14 10:48:58,22960.5,22961.5,22960.5,22960.5,60,1,0,1,0,0,,,,
MNQ SEP25,1s,1,5338,2025-07-14 10:48:59,22961.25,22961.25,22959.75,22960.25,48,1.5,1,0,0.5,-1,,,,
MNQ SEP25,1s,1,5339,2025-07-14 10:49:00,22960,22961,22959.75,22960.75,41,1.25,0.75,0.25,0.25,1,,,,
MNQ SEP25,10s,10,5933,2025-07-14 10:49:00,22958.75,22961.5,22957.25,22960.75,347,4.25,2,0.75,1.5,1,-80.5,-9.25,-46.5,-44.3
MNQ SEP25,20s,20,5966,2025-07-14 10:49:00,22953.75,22961.5,22953.5,22960.75,583,8,7,0.75,0.25,1,109.9,-15.45,17.65,9.98
MNQ SEP25,1s,1,5340,2025-07-14 10:49:01,22960.25,22962.5,22960,22962.5,70,2.5,2.25,0,0.25,1,,,,
MNQ SEP25,1s,1,5341,2025-07-14 10:49:02,22962,22963,22962,22963,53,1,1,0,0,1,,,,
MNQ SEP25,1s,1,5342,2025-07-14 10:49:03,22963,22963,22961.75,22961.75,52,1.25,1.25,0,0,-1,,,,
MNQ SEP25,1s,1,5343,2025-07-14 10:49:04,22962,22962.25,22961.25,22962.25,14,1,0.25,0,0.75,1,,,,
MNQ SEP25,1s,1,5344,2025-07-14 10:49:05,22962.5,22962.75,22961.75,22962.5,42,1,0,0.25,0.75,0,,,,
MNQ SEP25,1s,1,5345,2025-07-14 10:49:06,22962.5,22963.25,22962.5,22963,33,0.75,0.5,0.25,0,1,,,,
MNQ SEP25,1s,1,5346,2025-07-14 10:49:07,22963.25,22963.25,22962.5,22963,34,0.75,0.25,0,0.5,-1,,,,
MNQ SEP25,1s,1,5347,2025-07-14 10:49:08,22963,22963.5,22962.75,22963.5,41,0.75,0.5,0,0.25,1,,,,
MNQ SEP25,1s,1,5348,2025-07-14 10:49:09,22963.5,22964.5,22962.5,22962.5,89,2,1,1,0,-1,,,,
MNQ SEP25,1s,1,5349,2025-07-14 10:49:10,22963.25,22963.25,22962.5,22963.25,13,0.75,0,0,0.75,0,,,,
MNQ SEP25,10s,10,5934,2025-07-14 10:49:10,22960.25,22964.5,22960,22963.25,441,4.5,3,1.25,0.25,1,-48.4,32.1,-3.26666667,-40.98
MNQ SEP25,1s,1,5350,2025-07-14 10:49:11,22962.5,22963.5,22962.25,22963,54,1.25,0.5,0.5,0.25,1,,,,
MNQ SEP25,1s,1,5351,2025-07-14 10:49:12,22963,22963.5,22962.25,22962.25,15,1.25,0.75,0.5,0,-1,,,,
MNQ SEP25,1s,1,5352,2025-07-14 10:49:13,22962.25,22962.25,22961.25,22961.75,36,1,0.5,0,0.5,-1,,,,
MNQ SEP25,1s,1,5353,2025-07-14 10:49:14,22961.25,22961.25,22960.75,22961,30,0.5,0.25,0,0.25,-1,,,,
MNQ SEP25,1s,1,5354,2025-07-14 10:49:15,22961,22961.5,22958.5,22958.5,52,3,2.5,0.5,0,-1,,,,
MNQ SEP25,1s,1,5355,2025-07-14 10:49:16,22958.75,22959.5,22956.5,22956.5,79,3,2.25,0.75,0,-1,,,,
MNQ SEP25,1s,1,5356,2025-07-14 10:49:17,22957,22957.5,22956.25,22956.25,81,1.25,0.75,0.5,0,-1,,,,
MNQ SEP25,1s,1,5357,2025-07-14 10:49:18,22957,22957.25,22955.75,22956,29,1.5,1,0.25,0.25,-1,,,,
MNQ SEP25,1s,1,5358,2025-07-14 10:49:19,22956,22956.75,22956,22956.5,24,0.75,0.5,0.25,0,1,,,,
MNQ SEP25,1s,1,5359,2025-07-14 10:49:20,22956.5,22957,22954.5,22955.75,99,2.5,0.75,0.5,1.25,-1,,,,
MNQ SEP25,10s,10,5935,2025-07-14 10:49:20,22962.5,22963.5,22954.5,22955.75,499,9,6.75,1,1.25,-1,-40.05,8.35,10.4,-19.81
MNQ SEP25,20s,20,5967,2025-07-14 10:49:20,22960.25,22964.5,22954.5,22955.75,940,10,4.5,4.25,1.25,-1,30.25,-79.65,-13.48333333,-9.86
MNQ SEP25,1s,1,5360,2025-07-14 10:49:21,22956,22957,22955.75,22956.25,42,1.25,0.25,0.75,0.25,1,,,,
MNQ SEP25,1s,1,5361,2025-07-14 10:49:22,22956.5,22958.25,22956.5,22958.25,22,1.75,1.75,0,0,1,,,,
MNQ SEP25,1s,1,5362,2025-07-14 10:49:23,22958.5,22959.25,22957.75,22959,32,1.5,0.5,0.25,0.75,1,,,,
MNQ SEP25,1s,1,5363,2025-07-14 10:49:24,22959,22960.25,22959,22959.75,16,1.25,0.75,0.5,0,1,,,,
MNQ SEP25,1s,1,5364,2025-07-14 10:49:25,22960.25,22960.25,22959.25,22959.75,18,1,0.5,0,0.5,-1,,,,
MNQ SEP25,1s,1,5365,2025-07-14 10:49:26,22960,22961,22959.75,22960.5,25,1.25,0.5,0.5,0.25,1,,,,
MNQ SEP25,1s,1,5366,2025-07-14 10:49:27,22960.75,22960.75,22959.75,22960.5,18,1,0.25,0,0.75,-1,,,,
MNQ SEP25,1s,1,5367,2025-07-14 10:49:28,22960.5,22960.5,22959.5,22959.5,11,1,1,0,0,-1,,,,
MNQ SEP25,1s,1,5368,2025-07-14 10:49:29,22959.25,22959.25,22958.75,22959.25,24,0.5,0,0,0.5,0,,,,
MNQ SEP25,1s,1,5369,2025-07-14 10:49:30,22959,22960.25,22958.75,22959,57,1.5,0,1.25,0.25,0,,,,
MNQ SEP25,10s,10,5936,2025-07-14 10:49:30,22956,22961,22955.75,22959,265,5.25,3,2,0.25,1,-55.9,-15.85,8.2,-3.46
MNQ SEP25,1s,1,5370,2025-07-14 10:49:31,22958.75,22959.25,22958.5,22959.25,11,0.75,0.5,0,0.25,1,,,,
MNQ SEP25,1s,1,5371,2025-07-14 10:49:32,22959.5,22959.5,22958.5,22958.5,22,1,1,0,0,-1,,,,
MNQ SEP25,1s,1,5372,2025-07-14 10:49:33,22958.25,22958.5,22957.5,22957.75,28,1,0.5,0.25,0.25,-1,,,,
MNQ SEP25,1s,1,5373,2025-07-14 10:49:34,22957.75,22958,22957.5,22958,21,0.5,0.25,0,0.25,1,,,,
MNQ SEP25,1s,1,5374,2025-07-14 10:49:35,22957.75,22958,22957.25,22957.5,26,0.75,0.25,0.25,0.25,-1,,,,
MNQ SEP25,1s,1,5375,2025-07-14 10:49:36,22957.75,22957.75,22955.5,22955.5,28,2.25,2.25,0,0,-1,,,,
MNQ SEP25,1s,1,5376,2025-07-14 10:49:37,22955.5,22956.25,22955.5,22956,20,0.75,0.5,0.25,0,1,,,,
MNQ SEP25,1s,1,5377,2025-07-14 10:49:38,22956,22956.5,22955.75,22955.75,26,0.75,0.25,0.5,0,-1,,,,
MNQ SEP25,1s,1,5378,2025-07-14 10:49:39,22955.75,22956.5,22955.75,22956,12,0.75,0.25,0.5,0,1,,,,
MNQ SEP25,1s,1,5379,2025-07-14 10:49:40,22956,22956,22954.75,22955.5,56,1.25,0.5,0,0.75,-1,,,,
MNQ SEP25,10s,10,5937,2025-07-14 10:49:40,22958.75,22959.5,22954.75,22955.5,250,4.75,3.25,0.75,0.75,-1,-44.4,11.5,1.33333333,5.37
MNQ SEP25,20s,20,5968,2025-07-14 10:49:40,22956,22961,22954.75,22955.5,515,6.25,0.5,5,0.75,-1,-99.3,-129.55,-74.88333333,-31.25
MNQ SEP25,1s,1,5380,2025-07-14 10:49:41,22956,22956,22955.25,22955.75,23,0.75,0.25,0,0.5,-1,,,,
MNQ SEP25,1s,1,5381,2025-07-14 10:49:42,22955.75,22957.25,22955.75,22957,42,1.5,1.25,0.25,0,1,,,,
MNQ SEP25,1s,1,5382,2025-07-14 10:49:43,22957.25,22957.25,22955.75,22955.75,29,1.5,1.5,0,0,-1,,,,
MNQ SEP25,1s,1,5383,2025-07-14 10:49:44,22955.75,22956.75,22955.75,22956.25,17,1,0.5,0.5,0,1,,,,
MNQ SEP25,1s,1,5384,2025-07-14 10:49:45,22956.75,22957.25,22956.25,22957.25,18,1,0.5,0,0.5,1,,,,
MNQ SEP25,1s,1,5385,2025-07-14 10:49:46,22957.5,22958.25,22957.5,22958.25,13,0.75,0.75,0,0,1,,,,
MNQ SEP25,1s,1,5386,2025-07-14 10:49:47,22957.75,22958.5,22957.25,22957.25,18,1.25,0.5,0.75,0,-1,,,,
MNQ SEP25,1s,1,5387,2025-07-14 10:49:48,22957.5,22957.5,22956.25,22956.25,14,1.25,1.25,0,0,-1,,,,
MNQ SEP25,1s,1,5388,2025-07-14 10:49:49,22956,22956.75,22956,22956.25,17,0.75,0.25,0.5,0,1,,,,
MNQ SEP25,1s,1,5389,2025-07-14 10:49:50,22955.75,22956.75,22955.75,22956.75,2,1,1,0,0,1,,,,
MNQ SEP25,10s,10,5938,2025-07-14 10:49:50,22956,22958.5,22955.25,22956.75,193,3.25,0.75,1.75,0.75,1,-71.95,-27.55,-10.63333333,1.71
MNQ SEP25,1s,1,5390,2025-07-14 10:49:51,22956.75,22956.75,22955.25,22955.25,21,1.5,1.5,0,0,-1,,,,
MNQ SEP25,1s,1,5391,2025-07-14 10:49:52,22955.25,22955.5,22954.5,22955.25,22,1,0,0.25,0.75,0,,,,
MNQ SEP25,1s,1,5392,2025-07-14 10:49:53,22954.75,22954.75,22953.75,22954.25,46,1,0.5,0,0.5,-1,,,,
MNQ SEP25,1s,1,5393,2025-07-14 10:49:54,22954.25,22954.75,22954,22954.75,53,0.75,0.5,0,0.25,1,,,,
MNQ SEP25,1s,1,5394,2025-07-14 10:49:55,22954.25,22955,22954.25,22954.75,21,0.75,0.5,0.25,0,1,,,,
MNQ SEP25,1s,1,5395,2025-07-14 10:49:56,22953.75,22955.5,22953.5,22955.25,48,2,1.5,0.25,0.25,1,,,,
MNQ SEP25,1s,1,5396,2025-07-14 10:49:57,22954.5,22954.5,22953.5,22953.5,29,1,1,0,0,-1,,,,
MNQ SEP25,1s,1,5397,2025-07-14 10:49:58,22953.75,22955,22953.5,22955,41,1.5,1.25,0,0.25,1,,,,
MNQ SEP25,1s,1,5398,2025-07-14 10:49:59,22955.25,22955.5,22955,22955,7,0.5,0.25,0.25,0,-1,,,,
MNQ SEP25,1s,1,5399,2025-07-14 10:50:00,22955.5,22957,22955.5,22956.75,70,1.5,1.25,0.25,0,1,,,,
MNQ SEP25,10s,10,5939,2025-07-14 10:50:00,22956.75,22957,22953.5,22956.75,358,3.5,0,0.25,3.25,0,-90.45,-18.5,-11.51666667,-8.41
MNQ SEP25,20s,20,5969,2025-07-14 10:50:00,22956,22958.5,22953.5,22956.75,551,5,0.75,1.75,2.5,1,-108.75,-9.45,-72.88333333,-35.89
MNQ SEP25,1s,1,5400,2025-07-14 10:50:01,22956.75,22960,22956.5,22959.5,119,3.5,2.75,0.5,0.25,1,,,,
MNQ SEP25,1s,1,5401,2025-07-14 10:50:02,22960,22960,22958.5,22959.5,44,1.5,0.5,0,1,-1,,,,
MNQ SEP25,1s,1,5402,2025-07-14 10:50:03,22959.5,22960.25,22957.75,22957.75,33,2.5,1.75,0.75,0,-1,,,,
MNQ SEP25,1s,1,5403,2025-07-14 10:50:04,22957.75,22958.5,22957.75,22958.5,16,0.75,0.75,0,0,1,,,,
MNQ SEP25,1s,1,5404,2025-07-14 10:50:05,22958.5,22958.5,22957,22957,16,1.5,1.5,0,0,-1,,,,
MNQ SEP25,1s,1,5405,2025-07-14 10:50:06,22957,22957,22956,22956,26,1,1,0,0,-1,,,,
MNQ SEP25,1s,1,5406,2025-07-14 10:50:07,22956.25,22956.25,22955.75,22955.75,10,0.5,0.5,0,0,-1,,,,
MNQ SEP25,1s,1,5407,2025-07-14 10:50:08,22956,22956.5,22955.75,22955.75,13,0.75,0.25,0.5,0,-1,,,,
MNQ SEP25,1s,1,5408,2025-07-14 10:50:09,22955.75,22956,22955,22955,50,1,0.75,0.25,0,-1,,,,
MNQ SEP25,1s,1,5409,2025-07-14 10:50:10,22955,22957,22955,22956.5,28,2,1.5,0.5,0,1,,,,
MNQ SEP25,10s,10,5940,2025-07-14 10:50:10,22956.75,22960.25,22955,22956.5,355,5.25,0.25,3.5,1.5,-1,-114.9,-24.45,-23.5,-14.97
MNQ SEP25,1s,1,5410,2025-07-14 10:50:11,22956.75,22958.5,22956.5,22958.5,37,2,1.75,0,0.25,1,,,,
MNQ SEP25,1s,1,5411,2025-07-14 10:50:12,22958.5,22959,22958.5,22958.75,15,0.5,0.25,0.25,0,1,,,,
MNQ SEP25,1s,1,5412,2025-07-14 10:50:13,22958.75,22958.75,22956,22956.75,30,2.75,2,0,0.75,-1,,,,
MNQ SEP25,1s,1,5413,2025-07-14 10:50:14,22956.75,22957,22956.5,22957,10,0.5,0.25,0,0.25,1,,,,
MNQ SEP25,1s,1,5414,2025-07-14 10:50:15,22957.25,22959.25,22957.25,22959.25,21,2,2,0,0,1,,,,
MNQ SEP25,1s,1,5415,2025-07-14 10:50:16,22959.75,22961.75,22959.75,22961.75,64,2,2,0,0,1,,,,
MNQ SEP25,1s,1,5416,2025-07-14 10:50:17,22961.75,22961.75,22959,22959.5,55,2.75,2.25,0,0.5,-1,,,,
MNQ SEP25,1s,1,5417,2025-07-14 10:50:18,22959.5,22959.5,22958.75,22958.75,30,0.75,0.75,0,0,-1,,,,
MNQ SEP25,1s,1,5418,2025-07-14 10:50:19,22958.25,22958.75,22957.5,22958,24,1.25,0.25,0.5,0.5,-1,,,,
MNQ SEP25,1s,1,5419,2025-07-14 10:50:20,22958.5,22959.75,22958.5,22959.25,10,1.25,0.75,0.5,0,1,,,,
MNQ SEP25,10s,10,5941,2025-07-14 10:50:20,22956.75,22961.75,22956,22959.25,296,5.75,2.5,2.5,0.75,1,-115.1,-0.2,-14.38333333,-11.84
MNQ SEP25,20s,20,5970,2025-07-14 10:50:20,22956.75,22961.75,22955,22959.25,651,6.75,2.5,2.5,1.75,1,-140.85,-32.1,-57.03333333,-53.24
MNQ SEP25,1s,1,5420,2025-07-14 10:50:21,22959.25,22959.25,22959,22959,6,0.25,0.25,0,0,-1,,,,
MNQ SEP25,1s,1,5421,2025-07-14 10:50:22,22958.75,22958.75,22957.75,22958.25,16,1,0.5,0,0.5,-1,,,,
MNQ SEP25,1s,1,5422,2025-07-14 10:50:23,22958.5,22960,22958.5,22959.75,14,1.5,1.25,0.25,0,1,,,,
MNQ SEP25,1s,1,5423,2025-07-14 10:50:24,22960,22960.75,22959.75,22960.75,19,1,0.75,0,0.25,1,,,,
MNQ SEP25,1s,1,5424,2025-07-14 10:50:25,22961,22961.5,22960,22960.25,33,1.5,0.75,0.5,0.25,-1,,,,
MNQ SEP25,1s,1,5425,2025-07-14 10:50:26,22960,22960,22958.5,22958.5,31,1.5,1.5,0,0,-1,,,,
MNQ SEP25,1s,1,5426,2025-07-14 10:50:27,22958.25,22958.25,22956.75,22956.75,32,1.5,1.5,0,0,-1,,,,
MNQ SEP25,1s,1,5427,2025-07-14 10:50:28,22956.5,22956.5,22955.25,22956,55,1.25,0.5,0,0.75,-1,,,,
MNQ SEP25,1s,1,5428,2025-07-14 10:50:29,22955.5,22956.25,22955,22956,39,1.25,0.5,0.25,0.5,1,,,,
MNQ SEP25,1s,1,5429,2025-07-14 10:50:30,22956,22956,22955.25,22955.25,15,0.75,0.75,0,0,-1,,,,
MNQ SEP25,10s,10,5942,2025-07-14 10:50:30,22959.25,22961.5,22955,22955.25,260,6.5,4,2.25,0.25,-1,-110.7,4.4,-6.75,-13.26
MNQ SEP25,1s,1,5430,2025-07-14 10:50:31,22955.25,22956.5,22955,22956.5,25,1.5,1.25,0,0.25,1,,,,
MNQ SEP25,1s,1,5431,2025-07-14 10:50:32,22956.5,22956.75,22956.25,22956.75,8,0.5,0.25,0,0.25,1,,,,
MNQ SEP25,1s,1,5432,2025-07-14 10:50:33,22956.5,22957.25,22956.5,22957.25,5,0.75,0.75,0,0,1,,,,
MNQ SEP25,1s,1,5433,2025-07-14 10:50:34,22957.75,22958.5,22957.25,22958,20,1.25,0.25,0.5,0.5,1,,,,
MNQ SEP25,1s,1,5434,2025-07-14 10:50:35,22958,22958,22957.25,22957.75,15,0.75,0.25,0,0.5,-1,,,,
MNQ SEP25,1s,1,5435,2025-07-14 10:50:36,22957,22957.5,22957,22957.5,3,0.5,0.5,0,0,1,,,,
MNQ SEP25,1s,1,5436,2025-07-14 10:50:37,22956.75,22956.75,22956.25,22956.25,3,0.5,0.5,0,0,-1,,,,
MNQ SEP25,1s,1,5437,2025-07-14 10:50:38,22956,22956,22954.75,22954.75,28,1.25,1.25,0,0,-1,,,,
MNQ SEP25,1s,1,5438,2025-07-14 10:50:39,22954.5,22955.25,22953.75,22954.75,38,1.5,0.25,0.5,0.75,1,,,,
MNQ SEP25,1s,1,5439,2025-07-14 10:50:40,22954.75,22955.25,22954.5,22954.75,27,0.75,0,0.5,0.25,0,,,,
MNQ SEP25,10s,10,5943,2025-07-14 10:50:40,22955.25,22958.5,22953.75,22954.75,172,4.75,0.5,3.25,1,-1,-107.2,3.5,2.56666667,-7.05
MNQ SEP25,20s,20,5971,2025-07-14 10:50:40,22959.25,22961.5,22953.75,22954.75,432,7.75,4.5,2.25,1,-1,-160.45,-19.6,-20.38333333,-54.07
MNQ SEP25,1s,1,5440,2025-07-14 10:50:41,22954.75,22955,22954,22954,18,1,0.75,0.25,0,-1,,,,
MNQ SEP25,1s,1,5441,2025-07-14 10:50:42,22954,22955.5,22954,22955.25,18,1.5,1.25,0.25,0,1,,,,
MNQ SEP25,1s,1,5442,2025-07-14 10:50:43,22954.75,22955.25,22954.75,22955,9,0.5,0.25,0.25,0,1,,,,
MNQ SEP25,1s,1,5443,2025-07-14 10:50:44,22955.25,22955.5,22955.25,22955.25,10,0.25,0,0.25,0,0,,,,
MNQ SEP25,1s,1,5444,2025-07-14 10:50:45,22955.75,22957.25,22955.75,22956.75,20,1.5,1,0.5,0,1,,,,
MNQ SEP25,1s,1,5445,2025-07-14 10:50:46,22957.25,22958,22956,22957.5,32,2,0.25,0.5,1.25,1,,,,
MNQ SEP25,1s,1,5446,2025-07-14 10:50:47,22957.5,22958.75,22957.5,22958.5,24,1.25,1,0.25,0,1,,,,
MNQ SEP25,1s,1,5447,2025-07-14 10:50:48,22958.75,22959.5,22958.75,22959.5,21,0.75,0.75,0,0,1,,,,
MNQ SEP25,1s,1,5448,2025-07-14 10:50:49,22959.25,22959.75,22958.25,22958.5,30,1.5,0.75,0.5,0.25,-1,,,,
MNQ SEP25,1s,1,5449,2025-07-14 10:50:50,22959.25,22959.5,22959,22959.5,17,0.5,0.25,0,0.25,1,,,,
MNQ SEP25,10s,10,5944,2025-07-14 10:50:50,22954.75,22959.75,22954,22959.5,199,5.75,4.75,0.25,0.75,1,-140.1,-32.9,-8.33333333,-9.93
MNQ SEP25,1s,1,5450,2025-07-14 10:50:51,22959,22959.5,22959,22959.25,8,0.5,0.25,0.25,0,1,,,,
MNQ SEP25,1s,1,5451,2025-07-14 10:50:52,22959.75,22960.75,22959.75,22959.75,21,1,0,1,0,0,,,,
MNQ SEP25,1s,1,5452,2025-07-14 10:50:53,22960.25,22960.75,22960,22960.75,17,0.75,0.5,0,0.25,1,,,,
MNQ SEP25,1s,1,5453,2025-07-14 10:50:54,22961,22961.5,22960.5,22961.5,14,1,0.5,0,0.5,1,,,,
MNQ SEP25,1s,1,5454,2025-07-14 10:50:55,22961.25,22961.25,22960.25,22960.25,27,1,1,0,0,-1,,,,
MNQ SEP25,1s,1,5455,2025-07-14 10:50:56,22960.75,22961,22960.25,22960.25,25,0.75,0.5,0.25,0,-1,,,,
MNQ SEP25,1s,1,5456,2025-07-14 10:50:57,22960.25,22960.5,22959.75,22960,13,0.75,0.25,0.25,0.25,-1,,,,
MNQ SEP25,1s,1,5457,2025-07-14 10:50:58,22959.75,22960.25,22959.75,22959.75,29,0.5,0,0.5,0,0,,,,
MNQ SEP25,1s,1,5458,2025-07-14 10:50:59,22959.5,22960.25,22959,22959.75,38,1.25,0.25,0.5,0.5,1,,,,
MNQ SEP25,1s,1,5459,2025-07-14 10:51:00,22959.75,22960,22959.25,22959.75,16,0.75,0,0.25,0.5,0,,,,
MNQ SEP25,10s,10,5945,2025-07-14 10:51:00,22959,22961.5,22959,22959.75,208,2.5,0.75,1.75,0,1,-128.7,11.4,-6,-2.76
MNQ SEP25,20s,20,5972,2025-07-14 10:51:00,22954.75,22961.5,22954,22959.75,407,7.5,5,1.75,0.75,1,-246.6,-86.15,-45.95,-55.37
MNQ SEP25,1s,1,5460,2025-07-14 10:51:01,22959.75,22961,22959.25,22960.5,42,1.75,0.75,0.5,0.5,1,,,,
MNQ SEP25,1s,1,5461,2025-07-14 10:51:02,22960.75,22961.5,22960.75,22961,23,0.75,0.25,0.5,0,1,,,,
MNQ SEP25,1s,1,5462,2025-07-14 10:51:03,22961.25,22963.5,22961.25,22963.25,92,2.25,2,0.25,0,1,,,,
MNQ SEP25,1s,1,5463,2025-07-14 10:51:04,22963.25,22963.5,22962.5,22963,65,1,0.25,0.25,0.5,-1,,,,
MNQ SEP25,1s,1,5464,2025-07-14 10:51:05,22963,22963.75,22963,22963.5,55,0.75,0.5,0.25,0,1,,,,
MNQ SEP25,1s,1,5465,2025-07-14 10:51:06,22963.25,22965,22963.25,22965,94,1.75,1.75,0,0,1,,,,
MNQ SEP25,1s,1,5466,2025-07-14 10:51:07,22964.75,22965.25,22964.5,22965,69,0.75,0.25,0.25,0.25,1,,,,
MNQ SEP25,1s,1,5467,2025-07-14 10:51:08,22964.75,22965.25,22964,22964.25,59,1.25,0.5,0.5,0.25,-1,,,,
MNQ SEP25,1s,1,5468,2025-07-14 10:51:09,22964.25,22964.75,22963.75,22964.75,29,1,0.5,0,0.5,1,,,,
MNQ SEP25,1s,1,5469,2025-07-14 10:51:10,22965,22965.75,22964.5,22965,66,1.25,0,0.75,0.5,0,,,,
MNQ SEP25,10s,10,5946,2025-07-14 10:51:10,22959.75,22965.75,22959.25,22965,594,6.5,5.25,0.75,0.5,1,-52,76.7,18.4,12.62
MNQ SEP25,1s,1,5470,2025-07-14 10:51:11,22965.25,22966,22964.75,22966,33,1.25,0.75,0,0.5,1,,,,
MNQ SEP25,1s,1,5471,2025-07-14 10:51:12,22965.75,22965.75,22964.75,22964.75,33,1,1,0,0,-1,,,,
MNQ SEP25,1s,1,5472,2025-07-14 10:51:13,22965,22965.25,22964.5,22964.75,23,0.75,0.25,0.25,0.25,-1,,,,
MNQ SEP25,1s,1,5473,2025-07-14 10:51:14,22964.5,22965,22963.5,22963.5,47,1.5,1,0.5,0,-1,,,,
MNQ SEP25,1s,1,5474,2025-07-14 10:51:15,22963,22963.25,22962.75,22963,19,0.5,0,0.25,0.25,0,,,,
MNQ SEP25,1s,1,5475,2025-07-14 10:51:16,22963,22963,22960.25,22961.5,94,2.75,1.5,0,1.25,-1,,,,
MNQ SEP25,1s,1,5476,2025-07-14 10:51:17,22961.5,22961.75,22961.25,22961.5,9,0.5,0,0.25,0.25,0,,,,
MNQ SEP25,1s,1,5477,2025-07-14 10:51:18,22961.75,22963,22961.75,22962.25,11,1.25,0.5,0.75,0,1,,,,
MNQ SEP25,1s,1,5478,2025-07-14 10:51:19,22962.25,22962.75,22962.25,22962.75,19,0.5,0.5,0,0,1,,,,
MNQ SEP25,1s,1,5479,2025-07-14 10:51:20,22963,22963,22961.75,22962.75,20,1.25,0.25,0,1,-1,,,,
MNQ SEP25,10s,10,5947,2025-07-14 10:51:20,22965.25,22966,22960.25,22962.75,308,5.75,2.5,0.75,2.5,-1,-37.2,14.8,34.3,14.7
MNQ SEP25,20s,20,5973,2025-07-14 10:51:20,22959.75,22966,22959.25,22962.75,902,6.75,3,3.25,0.5,1,-194.45,52.15,-17.86666667,-19.03
MNQ SEP25,1s,1,5480,2025-07-14 10:51:21,22962.75,22964.25,22962.5,22964.25,46,1.75,1.5,0,0.25,1,,,,
MNQ SEP25,1s,1,5481,2025-07-14 10:51:22,22964.5,22964.5,22963.5,22963.5,18,1,1,0,0,-1,,,,
MNQ SEP25,1s,1,5482,2025-07-14 10:51:23,22964,22964.25,22962.5,22962.5,14,1.75,1.5,0.25,0,-1,,,,
MNQ SEP25,1s,1,5483,2025-07-14 10:51:24,22963,22963,22962.25,22962.25,23,0.75,0.75,0,0,-1,,,,
MNQ SEP25,1s,1,5484,2025-07-14 10:51:25,22962.75,22963.25,22962.75,22963.25,13,0.5,0.5,0,0,1,,,,
MNQ SEP25,1s,1,5485,2025-07-14 10:51:26,22963.25,22965.25,22963.25,22964.75,86,2,1.5,0.5,0,1,,,,
MNQ SEP25,1s,1,5486,2025-07-14 10:51:27,22965.25,22965.5,22964.75,22965.25,17,0.75,0,0.25,0.5,0,,,,
MNQ SEP25,1s,1,5487,2025-07-14 10:51:28,22965,22966,22965,22965.5,21,1,0.5,0.5,0,1,,,,
MNQ SEP25,1s,1,5488,2025-07-14 10:51:29,22965.5,22965.75,22965.25,22965.75,9,0.5,0.25,0,0.25,1,,,,
MNQ SEP25,1s,1,5489,2025-07-14 10:51:30,22965.5,22966,22965.25,22966,11,0.75,0.5,0,0.25,1,,,,
MNQ SEP25,10s,10,5948,2025-07-14 10:51:30,22962.75,22966,22962.25,22966,258,3.75,3.25,0,0.5,1,-9.05,28.15,39.88333333,19.63
MNQ SEP25,1s,1,5490,2025-07-14 10:51:31,22966,22966.25,22964.5,22964.5,57,1.75,1.5,0.25,0,-1,,,,
MNQ SEP25,1s,1,5491,2025-07-14 10:51:32,22964.5,22965.25,22964.25,22964.5,27,1,0,0.75,0.25,0,,,,
MNQ SEP25,1s,1,5492,2025-07-14 10:51:33,22964.25,22965,22964,22964.5,27,1,0.25,0.5,0.25,1,,,,
MNQ SEP25,1s,1,5493,2025-07-14 10:51:34,22964.75,22965,22964.5,22965,6,0.5,0.25,0,0.25,1,,,,
MNQ SEP25,1s,1,5494,2025-07-14 10:51:35,22964.75,22965.75,22964.5,22964.75,37,1.25,0,1,0.25,0,,,,
MNQ SEP25,1s,1,5495,2025-07-14 10:51:36,22965.25,22965.75,22965.25,22965.75,14,0.5,0.5,0,0,1,,,,
MNQ SEP25,1s,1,5496,2025-07-14 10:51:37,22966,22967,22966,22966,66,1,0,1,0,0,,,,
MNQ SEP25,1s,1,5497,2025-07-14 10:51:38,22965.5,22967.25,22965.5,22966.75,69,1.75,1.25,0.5,0,1,,,,
MNQ SEP25,1s,1,5498,2025-07-14 10:51:39,22966.75,22967.25,22966.75,22967,12,0.5,0.25,0.25,0,1,,,,
MNQ SEP25,1s,1,5499,2025-07-14 10:51:40,22966.75,22968,22966.5,22967.75,50,1.5,1,0.25,0.25,1,,,,
MNQ SEP25,10s,10,5949,2025-07-14 10:51:40,22966,22968,22964,22967.75,365,4,1.75,0.25,2,1,19.2,28.25,23.73333333,31.86
MNQ SEP25,20s,20,5974,2025-07-14 10:51:40,22962.75,22968,22962.25,22967.75,623,5.75,5,0.25,0.5,1,-190.9,3.55,-10.15,-16.43
MNQ SEP25,1s,1,5500,2025-07-14 10:51:41,22967.75,22973.25,22967.75,22970.5,505,5.5,2.75,2.75,0,1,,,,
MNQ SEP25,1s,1,5501,2025-07-14 10:51:42,22970.5,22971.75,22970,22971.25,77,1.75,0.75,0.5,0.5,1,,,,
MNQ SEP25,1s,1,5502,2025-07-14 10:51:43,22971.75,22972,22970.75,22971.75,85,1.25,0,0.25,1,0,,,,
MNQ SEP25,1s,1,5503,2025-07-14 10:51:44,22971.5,22971.5,22970.75,22971.25,39,0.75,0.25,0,0.5,-1,,,,
MNQ SEP25,1s,1,5504,2025-07-14 10:51:45,22971.25,22972.25,22971,22972.25,59,1.25,1,0,0.25,1,,,,
MNQ SEP25,1s,1,5505,2025-07-14 10:51:46,22972,22972.75,22972,22972.75,49,0.75,0.75,0,0,1,,,,
MNQ SEP25,1s,1,5506,2025-07-14 10:51:47,22972.5,22973.5,22972.25,22973.25,88,1.25,0.75,0.25,0.25,1,,,,
MNQ SEP25,1s,1,5507,2025-07-14 10:51:48,22973.5,22974.5,22973.25,22974.5,70,1.25,1,0,0.25,1,,,,
MNQ SEP25,1s,1,5508,2025-07-14 10:51:49,22974.25,22974.75,22974,22974.5,83,0.75,0.25,0.25,0.25,1,,,,
MNQ SEP25,1s,1,5509,2025-07-14 10:51:50,22974.5,22974.75,22974,22974,56,0.75,0.5,0.25,0,-1,,,,
MNQ SEP25,10s,10,5950,2025-07-14 10:51:50,22967.75,22974.75,22967.75,22974,1111,7,6.25,0.75,0,1,167.25,148.05,68.15,59.19
MNQ SEP25,1s,1,5510,2025-07-14 10:51:51,22974,22974.5,22973.75,22974.25,38,0.75,0.25,0.25,0.25,1,,,,
MNQ SEP25,1s,1,5511,2025-07-14 10:51:52,22974.5,22975,22974.25,22975,101,0.75,0.5,0,0.25,1,,,,
MNQ SEP25,1s,1,5512,2025-07-14 10:51:53,22974.5,22975.25,22974.5,22975,58,0.75,0.5,0.25,0,1,,,,
MNQ SEP25,1s,1,5513,2025-07-14 10:51:54,22975.5,22977,22975.25,22975.5,227,1.75,0,1.5,0.25,0,,,,
MNQ SEP25,1s,1,5514,2025-07-14 10:51:55,22975.5,22976,22975.25,22975.75,83,0.75,0.25,0.25,0.25,1,,,,
MNQ SEP25,1s,1,5515,2025-07-14 10:51:56,22976,22976,22974.75,22975.75,36,1.25,0.25,0,1,-1,,,,
MNQ SEP25,1s,1,5516,2025-07-14 10:51:57,22975.75,22975.75,22972.5,22972.75,96,3.25,3,0,0.25,-1,,,,
MNQ SEP25,1s,1,5517,2025-07-14 10:51:58,22973,22973,22971,22971.75,128,2,1.25,0,0.75,-1,,,,
MNQ SEP25,1s,1,5518,2025-07-14 10:51:59,22971.75,22972,22971,22971.25,47,1,0.5,0.25,0.25,-1,,,,
MNQ SEP25,1s,1,5519,2025-07-14 10:52:00,22971,22972.5,22970.5,22972.25,65,2,1.25,0.25,0.5,1,,,,
MNQ SEP25,10s,10,5951,2025-07-14 10:52:00,22974,22977,22970.5,22972.25,879,6.5,1.75,3,1.75,-1,204.5,37.25,71.18333333,51.3
MNQ SEP25,20s,20,5975,2025-07-14 10:52:00,22967.75,22977,22967.75,22972.25,1990,9.25,4.5,4.75,0,1,32.7,223.6,93.1,34.71
MNQ SEP25,1s,1,5520,2025-07-14 10:52:01,22972.5,22974,22972.25,22973,127,1.75,0.5,1,0.25,1,,,,
MNQ SEP25,1s,1,5521,2025-07-14 10:52:02,22973.5,22974,22972,22972.5,75,2,1,0.5,0.5,-1,,,,
MNQ SEP25,1s,1,5522,2025-07-14 10:52:03,22973,22973.25,22972.25,22972.75,40,1,0.25,0.25,0.5,-1,,,,
MNQ SEP25,1s,1,5523,2025-07-14 10:52:04,22972.75,22974,22972.75,22974,31,1.25,1.25,0,0,1,,,,
MNQ SEP25,1s,1,5524,2025-07-14 10:52:05,22974,22974.5,22973.25,22973.5,66,1.25,0.5,0.5,0.25,-1,,,,
MNQ SEP25,1s,1,5525,2025-07-14 10:52:06,22973.75,22973.75,22972.5,22972.5,30,1.25,1.25,0,0,-1,,,,
MNQ SEP25,1s,1,5526,2025-07-14 10:52:07,22973,22974.5,22972.5,22974,30,2,1,0.5,0.5,1,,,,
MNQ SEP25,1s,1,5527,2025-07-14 10:52:08,22973.5,22973.5,22971.5,22972.5,21,2,1,0,1,-1,,,,
MNQ SEP25,1s,1,5528,2025-07-14 10:52:09,22972,22972.5,22971.5,22972,18,1,0,0.5,0.5,0,,,,
MNQ SEP25,1s,1,5529,2025-07-14 10:52:10,22972.5,22973,22972.5,22973,29,0.5,0.5,0,0,1,,,,
MNQ SEP25,10s,10,5952,2025-07-14 10:52:10,22972.5,22974.5,22971.5,22973,467,3,0.5,1.5,1,1,224.75,20.25,68.51666667,52.39
MNQ SEP25,1s,1,5530,2025-07-14 10:52:11,22973,22973.25,22972.25,22972.25,29,1,0.75,0.25,0,-1,,,,
MNQ SEP25,1s,1,5531,2025-07-14 10:52:12,22972.25,22972.5,22970.25,22970.5,49,2.25,1.75,0.25,0.25,-1,,,,
MNQ SEP25,1s,1,5532,2025-07-14 10:52:13,22970.25,22971,22969.75,22970.5,78,1.25,0.25,0.5,0.5,1,,,,
MNQ SEP25,1s,1,5533,2025-07-14 10:52:14,22970.5,22972.25,22970.5,22972.25,46,1.75,1.75,0,0,1,,,,
MNQ SEP25,1s,1,5534,2025-07-14 10:52:15,22972.25,22972.75,22972.25,22972.75,43,0.5,0.5,0,0,1,,,,
MNQ SEP25,1s,1,5535,2025-07-14 10:52:16,22972.75,22972.75,22972,22972,20,0.75,0.75,0,0,-1,,,,
MNQ SEP25,1s,1,5536,2025-07-14 10:52:17,22972.5,22972.5,22969,22969.75,48,3.5,2.75,0,0.75,-1,,,,
MNQ SEP25,1s,1,5537,2025-07-14 10:52:18,22970.25,22971,22969.75,22970.75,13,1.25,0.5,0.25,0.5,1,,,,
MNQ SEP25,1s,1,5538,2025-07-14 10:52:19,22971.25,22971.5,22971,22971.25,14,0.5,0,0.25,0.25,0,,,,
MNQ SEP25,1s,1,5539,2025-07-14 10:52:20,22971.5,22971.75,22970.75,22970.75,25,1,0.75,0.25,0,-1,,,,
MNQ SEP25,10s,10,5953,2025-07-14 10:52:20,22973,22973.25,22969,22970.75,365,4.25,2.25,0.25,1.75,-1,245.25,20.5,26,50.86
MNQ SEP25,20s,20,5976,2025-07-14 10:52:20,22972.5,22974.5,22969,22970.75,832,5.5,1.75,2,1.75,-1,119.55,86.85,104.66666667,56
MNQ SEP25,1s,1,5540,2025-07-14 10:52:21,22971,22971,22970,22970,22,1,1,0,0,-1,,,,
MNQ SEP25,1s,1,5541,2025-07-14 10:52:22,22970,22970.75,22969.5,22970.75,57,1.25,0.75,0,0.5,1,,,,
MNQ SEP25,1s,1,5542,2025-07-14 10:52:23,22970.75,22972,22970.75,22971.5,32,1.25,0.75,0.5,0,1,,,,
MNQ SEP25,1s,1,5543,2025-07-14 10:52:24,22972,22972.75,22971.25,22972.75,26,1.5,0.75,0,0.75,1,,,,
MNQ SEP25,1s,1,5544,2025-07-14 10:52:25,22972.5,22974.5,22972.5,22974.5,41,2,2,0,0,1,,,,
MNQ SEP25,1s,1,5545,2025-07-14 10:52:26,22974.25,22975.5,22974.25,22975.25,77,1.25,1,0.25,0,1,,,,
MNQ SEP25,1s,1,5546,2025-07-14 10:52:27,22975,22975.25,22974.75,22975.25,29,0.5,0.25,0,0.25,1,,,,
MNQ SEP25,1s,1,5547,2025-07-14 10:52:28,22975.5,22975.75,22974.75,22975.25,26,1,0.25,0.25,0.5,-1,,,,
MNQ SEP25,1s,1,5548,2025-07-14 10:52:29,22974.75,22975.75,22974.75,22975.25,58,1,0.5,0.5,0,1,,,,
MNQ SEP25,1s,1,5549,2025-07-14 10:52:30,22974.75,22975,22974.5,22975,36,0.5,0.25,0,0.25,1,,,,
MNQ SEP25,10s,10,5954,2025-07-14 10:52:30,22971,22975.75,22969.5,22975,404,6.25,4,0.75,1.5,1,254.9,9.65,16.8,47.14
MNQ SEP25,1s,1,5550,2025-07-14 10:52:31,22975.25,22975.25,22972.75,22973,64,2.5,2.25,0,0.25,-1,,,,
MNQ SEP25,1s,1,5551,2025-07-14 10:52:32,22973.5,22973.5,22971.75,22972.25,41,1.75,1.25,0,0.5,-1,,,,
MNQ SEP25,1s,1,5552,2025-07-14 10:52:33,22972.5,22972.5,22971.5,22972.25,27,1,0.25,0,0.75,-1,,,,
MNQ SEP25,1s,1,5553,2025-07-14 10:52:34,22972.25,22972.5,22971.75,22972,27,0.75,0.25,0.25,0.25,-1,,,,
MNQ SEP25,1s,1,5554,2025-07-14 10:52:35,22971.75,22972,22971,22971.5,46,1,0.25,0.25,0.5,-1,,,,
MNQ SEP25,1s,1,5555,2025-07-14 10:52:36,22971.25,22971.75,22971.25,22971.5,20,0.5,0.25,0.25,0,1,,,,
MNQ SEP25,1s,1,5556,2025-07-14 10:52:37,22971,22971,22969.5,22971,58,1.5,0,0,1.5,0,,,,
MNQ SEP25,1s,1,5557,2025-07-14 10:52:38,22970.5,22971.5,22970.5,22971.5,18,1,1,0,0,1,,,,
MNQ SEP25,1s,1,5558,2025-07-14 10:52:39,22971.75,22972.5,22971.5,22972,22,1,0.25,0.5,0.25,1,,,,
MNQ SEP25,1s,1,5559,2025-07-14 10:52:40,22972,22972,22971.25,22971.75,22,0.75,0.25,0,0.5,-1,,,,
MNQ SEP25,10s,10,5955,2025-07-14 10:52:40,22975.25,22975.25,22969.5,22971.75,345,5.75,3.5,0,2.25,-1,109.4,-145.5,-38.45,-11.57
MNQ SEP25,20s,20,5977,2025-07-14 10:52:40,22971,22975.75,22969.5,22971.75,749,6.25,0.75,4,1.5,1,195.15,75.6,128.68333333,88.35
MNQ SEP25,1s,1,5560,2025-07-14 10:52:41,22972.25,22973.5,22972.25,22972.75,23,1.25,0.5,0.75,0,1,,,,
MNQ SEP25,1s,1,5561,2025-07-14 10:52:42,22972.25,22972.75,22971.75,22971.75,22,1,0.5,0.5,0,-1,,,,
MNQ SEP25,1s,1,5562,2025-07-14 10:52:43,22971.75,22972,22971.75,22972,7,0.25,0.25,0,0,1,,,,
MNQ SEP25,1s,1,5563,2025-07-14 10:52:44,22972,22973.25,22971.25,22973.25,49,2,1.25,0,0.75,1,,,,
MNQ SEP25,1s,1,5564,2025-07-14 10:52:45,22973.25,22973.5,22972.75,22973.5,10,0.75,0.25,0,0.5,1,,,,
MNQ SEP25,1s,1,5565,2025-07-14 10:52:46,22973.5,22973.75,22973,22973,19,0.75,0.5,0.25,0,-1,,,,
MNQ SEP25,1s,1,5566,2025-07-14 10:52:47,22973.5,22974,22973,22973.5,8,1,0,0.5,0.5,0,,,,
MNQ SEP25,1s,1,5567,2025-07-14 10:52:48,22973.5,22974.25,22973.5,22974.25,32,0.75,0.75,0,0,1,,,,
MNQ SEP25,1s,1,5568,2025-07-14 10:52:49,22974,22974.5,22973.75,22973.75,11,0.75,0.25,0.5,0,-1,,,,
MNQ SEP25,1s,1,5569,2025-07-14 10:52:50,22974.5,22974.5,22973.5,22974,17,1,0.5,0,0.5,-1,,,,
MNQ SEP25,10s,10,5956,2025-07-14 10:52:50,22972.25,22974.5,22971.25,22974,198,3.25,1.75,0.5,1,1,-23.45,-132.85,-89.56666667,-45.59
MNQ SEP25,1s,1,5570,2025-07-14 10:52:51,22973.75,22974,22972.75,22973.5,12,1.25,0.25,0.25,0.75,-1,,,,
MNQ SEP25,1s,1,5571,2025-07-14 10:52:52,22973.75,22974,22973.25,22973.25,29,0.75,0.5,0.25,0,-1,,,,
MNQ SEP25,1s,1,5572,2025-07-14 10:52:53,22973.25,22973.25,22972,22972.5,29,1.25,0.75,0,0.5,-1,,,,
MNQ SEP25,1s,1,5573,2025-07-14 10:52:54,22972.5,22973.75,22972.25,22973.75,15,1.5,1.25,0,0.25,1,,,,
MNQ SEP25,1s,1,5574,2025-07-14 10:52:55,22973.25,22974.75,22973,22974.25,37,1.75,1,0.5,0.25,1,,,,
MNQ SEP25,1s,1,5575,2025-07-14 10:52:56,22974,22975.75,22973.75,22975.5,116,2,1.5,0.25,0.25,1,,,,
MNQ SEP25,1s,1,5576,2025-07-14 10:52:57,22975.5,22975.75,22975,22975.75,25,0.75,0.25,0,0.5,1,,,,
MNQ SEP25,1s,1,5577,2025-07-14 10:52:58,22975.75,22976,22974.75,22975.75,50,1.25,0,0.25,1,0,,,,
MNQ SEP25,1s,1,5578,2025-07-14 10:52:59,22975.75,22976.5,22975.25,22975.5,37,1.25,0.25,0.75,0.25,-1,,,,
MNQ SEP25,1s,1,5579,2025-07-14 10:53:00,22975.25,22975.75,22974.75,22975.75,37,1,0.5,0,0.5,1,,,,
MNQ SEP25,10s,10,5957,2025-07-14 10:53:00,22973.75,22976.5,22972,22975.75,387,4.5,2,0.75,1.75,1,-46.3,-22.85,-100.4,-54.21
MNQ SEP25,20s,20,5978,2025-07-14 10:53:00,22972.25,22976.5,22971.25,22975.75,585,5.25,3.5,0.75,1,1,164.9,-30.25,44.06666667,71.87
MNQ SEP25,1s,1,5580,2025-07-14 10:53:01,22975.75,22976.5,22974.75,22975,57,1.75,0.75,0.75,0.25,-1,,,,
MNQ SEP25,1s,1,5581,2025-07-14 10:53:02,22975.5,22975.75,22974.75,22975.5,21,1,0,0.25,0.75,0,,,,
MNQ SEP25,1s,1,5582,2025-07-14 10:53:03,22975.25,22976.25,22975.25,22976,41,1,0.75,0.25,0,1,,,,
MNQ SEP25,1s,1,5583,2025-07-14 10:53:04,22976,22978,22976,22977.5,187,2,1.5,0.5,0,1,,,,
MNQ SEP25,1s,1,5584,2025-07-14 10:53:05,22977.25,22978,22976.75,22977.75,66,1.25,0.5,0.25,0.5,1,,,,
MNQ SEP25,1s,1,5585,2025-07-14 10:53:06,22977.75,22977.75,22977,22977.5,17,0.75,0.25,0,0.5,-1,,,,
MNQ SEP25,1s,1,5586,2025-07-14 10:53:07,22978,22978.5,22977.75,22978,85,0.75,0,0.5,0.25,0,,,,
MNQ SEP25,1s,1,5587,2025-07-14 10:53:08,22978.25,22978.25,22977.25,22977.5,32,1,0.75,0,0.25,-1,,,,
MNQ SEP25,1s,1,5588,2025-07-14 10:53:09,22977.75,22978.5,22977.75,22978.5,36,0.75,0.75,0,0,1,,,,
MNQ SEP25,1s,1,5589,2025-07-14 10:53:10,22978,22978.5,22977.75,22978,65,0.75,0,0.5,0.25,0,,,,
MNQ SEP25,10s,10,5958,2025-07-14 10:53:10,22975.75,22978.5,22974.75,22978,607,3.75,2.25,0.5,1,1,-18.6,27.7,-42.66666667,-52.77
MNQ SEP25,1s,1,5590,2025-07-14 10:53:11,22978,22978.25,22975.75,22975.75,56,2.5,2.25,0.25,0,-1,,,,
MNQ SEP25,1s,1,5591,2025-07-14 10:53:12,22976.25,22976.25,22974.75,22975,33,1.5,1.25,0,0.25,-1,,,,
MNQ SEP25,1s,1,5592,2025-07-14 10:53:13,22975.25,22975.75,22975,22975.75,14,0.75,0.5,0,0.25,1,,,,
MNQ SEP25,1s,1,5593,2025-07-14 10:53:14,22975.25,22975.25,22974.75,22975.25,14,0.5,0,0,0.5,0,,,,
MNQ SEP25,1s,1,5594,2025-07-14 10:53:15,22975.25,22975.75,22974.75,22975.75,18,1,0.5,0,0.5,1,,,,
MNQ SEP25,1s,1,5595,2025-07-14 10:53:16,22974.75,22975.5,22974.5,22975.25,11,1,0.5,0.25,0.25,1,,,,
MNQ SEP25,1s,1,5596,2025-07-14 10:53:17,22975,22976.5,22975,22976.5,21,1.5,1.5,0,0,1,,,,
MNQ SEP25,1s,1,5597,2025-07-14 10:53:18,22976.75,22976.75,22976,22976.25,16,0.75,0.5,0,0.25,-1,,,,
MNQ SEP25,1s,1,5598,2025-07-14 10:53:19,22976.25,22976.75,22976.25,22976.25,10,0.5,0,0.5,0,0,,,,
MNQ SEP25,1s,1,5599,2025-07-14 10:53:20,22976,22976.75,22975,22975,25,1.75,1,0.75,0,-1,,,,
MNQ SEP25,10s,10,5959,2025-07-14 10:53:20,22978,22978.25,22974.5,22975,218,3.75,3,0.25,0.5,-1,-48.8,-30.2,-8.45,-60.74
MNQ SEP25,20s,20,5979,2025-07-14 10:53:20,22975.75,22978.5,22974.5,22975,825,4,0.75,2.75,0.5,-1,192.95,28.05,24.46666667,76.77
MNQ SEP25,1s,1,5600,2025-07-14 10:53:21,22975,22975,22974,22974.25,8,1,0.75,0,0.25,-1,,,,
MNQ SEP25,1s,1,5601,2025-07-14 10:53:22,22974.25,22974.25,22973.25,22974.25,50,1,0,0,1,0,,,,
MNQ SEP25,1s,1,5602,2025-07-14 10:53:23,22973.75,22974.75,22973.5,22974.25,42,1.25,0.5,0.5,0.25,1,,,,
MNQ SEP25,1s,1,5603,2025-07-14 10:53:24,22974.25,22976.75,22974.25,22976.75,68,2.5,2.5,0,0,1,,,,
MNQ SEP25,1s,1,5604,2025-07-14 10:53:25,22976.5,22976.5,22975.75,22975.75,25,0.75,0.75,0,0,-1,,,,
MNQ SEP25,1s,1,5605,2025-07-14 10:53:26,22976,22976.75,22976,22976.75,12,0.75,0.75,0,0,1,,,,
MNQ SEP25,1s,1,5606,2025-07-14 10:53:27,22976.5,22976.5,22975.75,22975.75,9,0.75,0.75,0,0,-1,,,,
MNQ SEP25,1s,1,5607,2025-07-14 10:53:28,22975.5,22975.5,22973,22973.25,45,2.5,2.25,0,0.25,-1,,,,
MNQ SEP25,1s,1,5608,2025-07-14 10:53:29,22973.5,22974.25,22973.25,22974.25,13,1,0.75,0,0.25,1,,,,
MNQ SEP25,1s,1,5609,2025-07-14 10:53:30,22974.25,22975.25,22974,22975,28,1.25,0.75,0.25,0.25,1,,,,
MNQ SEP25,10s,10,5960,2025-07-14 10:53:30,22975,22976.75,22973,22975,300,3.75,0,1.75,2,0,-55.05,-6.25,-2.91666667,-32.89
MNQ SEP25,1s,1,5610,2025-07-14 10:53:31,22975.25,22975.5,22974.5,22975.5,21,1,0.25,0,0.75,1,,,,
MNQ SEP25,1s,1,5611,2025-07-14 10:53:32,22975.75,22977,22975.75,22975.75,41,1.25,0,1.25,0,0,,,,
MNQ SEP25,1s,1,5612,2025-07-14 10:53:33,22976,22977.25,22976,22976.75,22,1.25,0.75,0.5,0,1,,,,
MNQ SEP25,1s,1,5613,2025-07-14 10:53:34,22977,22977.5,22977,22977,15,0.5,0,0.5,0,0,,,,
MNQ SEP25,1s,1,5614,2025-07-14 10:53:35,22977,22977.5,22977,22977,18,0.5,0,0.5,0,0,,,,
MNQ SEP25,1s,1,5615,2025-07-14 10:53:36,22977.5,22978.25,22977.25,22978.25,44,1,0.75,0,0.25,1,,,,
MNQ SEP25,1s,1,5616,2025-07-14 10:53:37,22978.25,22979.75,22978.25,22979.75,158,1.5,1.5,0,0,1,,,,
MNQ SEP25,1s,1,5617,2025-07-14 10:53:38,22980,22980.5,22979.25,22979.5,210,1.25,0.5,0.5,0.25,-1,,,,
MNQ SEP25,1s,1,5618,2025-07-14 10:53:39,22979.5,22980,22979.25,22979.25,32,0.75,0.25,0.5,0,-1,,,,
MNQ SEP25,1s,1,5619,2025-07-14 10:53:40,22979.25,22979.5,22978.75,22979.25,37,0.75,0,0.25,0.5,0,,,,
MNQ SEP25,10s,10,5961,2025-07-14 10:53:40,22975.25,22980.5,22974.5,22979.25,598,6,4,1.25,0.75,1,9.85,64.9,9.48333333,6.66
MNQ SEP25,20s,20,5980,2025-07-14 10:53:40,22975,22980.5,22973,22979.25,898,7.5,4.25,1.25,2,1,-39.85,-232.8,-78.33333333,-14.51
MNQ SEP25,1s,1,5620,2025-07-14 10:53:41,22978.75,22980,22978.5,22980,33,1.5,1.25,0,0.25,1,,,,
MNQ SEP25,1s,1,5621,2025-07-14 10:53:42,22980,22980,22979.5,22979.5,18,0.5,0.5,0,0,-1,,,,
MNQ SEP25,1s,1,5622,2025-07-14 10:53:43,22979.5,22980,22979.5,22979.75,20,0.5,0.25,0.25,0,1,,,,
MNQ SEP25,1s,1,5623,2025-07-14 10:53:44,22980,22980.25,22979.5,22980,24,0.75,0,0.25,0.5,0,,,,
MNQ SEP25,1s,1,5624,2025-07-14 10:53:45,22980.25,22980.25,22979.25,22979.25,24,1,1,0,0,-1,,,,
MNQ SEP25,1s,1,5625,2025-07-14 10:53:46,22979.25,22980.75,22979.25,22980.25,49,1.5,1,0.5,0,1,,,,
MNQ SEP25,1s,1,5626,2025-07-14 10:53:47,22980.5,22980.75,22980,22980,23,0.75,0.5,0.25,0,-1,,,,
MNQ SEP25,1s,1,5627,2025-07-14 10:53:48,22979.75,22980.25,22979,22979.25,23,1.25,0.5,0.5,0.25,-1,,,,
MNQ SEP25,1s,1,5628,2025-07-14 10:53:49,22979,22980,22978.75,22979.5,30,1.25,0.5,0.5,0.25,1,,,,
MNQ SEP25,1s,1,5629,2025-07-14 10:53:50,22979.5,22979.75,22979.25,22979.75,7,0.5,0.25,0,0.25,1,,,,
MNQ SEP25,10s,10,5962,2025-07-14 10:53:50,22978.75,22980.75,22978.5,22979.75,251,2.25,1,1,0.25,1,-16.9,-26.75,10.63333333,5.88
MNQ SEP25,1s,1,5630,2025-07-14 10:53:51,22979.75,22980,22978.75,22979.75,47,1.25,0,0.25,1,0,,,,
MNQ SEP25,1s,1,5631,2025-07-14 10:53:52,22979.75,22980.25,22979.5,22980.25,23,0.75,0.5,0,0.25,1,,,,
MNQ SEP25,1s,1,5632,2025-07-14 10:53:53,22980.5,22981.25,22980.25,22981,71,1,0.5,0.25,0.25,1,,,,
MNQ SEP25,1s,1,5633,2025-07-14 10:53:54,22980.75,22981.75,22980.75,22981.75,87,1,1,0,0,1,,,,
MNQ SEP25,1s,1,5634,2025-07-14 10:53:55,22981,22981.5,22980.75,22981.25,46,0.75,0.25,0.25,0.25,1,,,,
MNQ SEP25,1s,1,5635,2025-07-14 10:53:56,22980.5,22981,22980.5,22981,14,0.5,0.5,0,0,1,,,,
MNQ SEP25,1s,1,5636,2025-07-14 10:53:57,22980.75,22981,22980,22980.5,31,1,0.25,0.25,0.5,-1,,,,
MNQ SEP25,1s,1,5637,2025-07-14 10:53:58,22980.75,22981,22980.25,22981,18,0.75,0.25,0,0.5,1,,,,
MNQ SEP25,1s,1,5638,2025-07-14 10:53:59,22981,22981,22980.25,22980.25,7,0.75,0.75,0,0,-1,,,,
MNQ SEP25,1s,1,5639,2025-07-14 10:54:00,22980.25,22981,22980,22981,57,1,0.75,0,0.25,1,,,,
MNQ SEP25,10s,10,5963,2025-07-14 10:54:00,22979.75,22981.75,22978.75,22981,401,3,1.25,0.75,1,1,-69.55,-52.65,-4.83333333,-10.19
MNQ SEP25,20s,20,5981,2025-07-14 10:54:00,22978.75,22981.75,22978.5,22981,652,3.25,2.25,0.75,0.25,1,-76.75,-36.9,-80.55,-39.26
MNQ SEP25,1s,1,5640,2025-07-14 10:54:01,22981,22982,22978.75,22979,158,3.25,2,1,0.25,-1,,,,
MNQ SEP25,1s,1,5641,2025-07-14 10:54:02,22979,22979.25,22978.75,22979.25,21,0.5,0.25,0,0.25,1,,,,
MNQ SEP25,1s,1,5642,2025-07-14 10:54:03,22979,22979.25,22978.25,22978.75,65,1,0.25,0.25,0.5,-1,,,,
MNQ SEP25,1s,1,5643,2025-07-14 10:54:04,22978.5,22979.25,22977.75,22978.25,40,1.5,0.25,0.75,0.5,-1,,,,
MNQ SEP25,1s,1,5644,2025-07-14 10:54:05,22978,22980.25,22978,22979.25,43,2.25,1.25,1,0,1,,,,
MNQ SEP25,1s,1,5645,2025-07-14 10:54:06,22978.75,22978.75,22978,22978,33,0.75,0.75,0,0,-1,,,,
MNQ SEP25,1s,1,5646,2025-07-14 10:54:07,22978.25,22978.75,22978,22978.25,43,0.75,0,0.5,0.25,0,,,,
MNQ SEP25,1s,1,5647,2025-07-14 10:54:08,22978.25,22978.5,22977.75,22978.25,20,0.75,0,0.25,0.5,0,,,,
MNQ SEP25,1s,1,5648,2025-07-14 10:54:09,22978.5,22979,22978.5,22978.5,28,0.5,0,0.5,0,0,,,,
MNQ SEP25,1s,1,5649,2025-07-14 10:54:10,22978.75,22979,22978.5,22978.5,6,0.5,0.25,0.25,0,-1,,,,
MNQ SEP25,10s,10,5964,2025-07-14 10:54:10,22981,22982,22977.75,22978.5,457,4.25,2.5,1,0.75,-1,-34.65,34.9,-14.83333333,2.83
MNQ SEP25,1s,1,5650,2025-07-14 10:54:11,22978.25,22979,22977.75,22978.75,29,1.25,0.5,0.25,0.5,1,,,,
MNQ SEP25,1s,1,5651,2025-07-14 10:54:12,22978.75,22979.25,22978.25,22978.75,16,1,0,0.5,0.5,0,,,,
MNQ SEP25,1s,1,5652,2025-07-14 10:54:13,22978.75,22979.25,22978.5,22978.5,19,0.75,0.25,0.5,0,-1,,,,
MNQ SEP25,1s,1,5653,2025-07-14 10:54:14,22978.75,22979.5,22978.75,22978.75,32,0.75,0,0.75,0,0,,,,
MNQ SEP25,1s,1,5654,2025-07-14 10:54:15,22979.25,22979.5,22978,22978.25,20,1.5,1,0.25,0.25,-1,,,,
MNQ SEP25,1s,1,5655,2025-07-14 10:54:16,22978.5,22978.5,22976.5,22977.5,65,2,1,0,1,-1,,,,
MNQ SEP25,1s,1,5656,2025-07-14 10:54:17,22978,22978,22976,22976.5,51,2,1.5,0,0.5,-1,,,,
MNQ SEP25,1s,1,5657,2025-07-14 10:54:18,22976.25,22976.75,22976,22976.5,39,0.75,0.25,0.25,0.25,1,,,,
MNQ SEP25,1s,1,5658,2025-07-14 10:54:19,22976.75,22976.75,22976,22976.25,51,0.75,0.5,0,0.25,-1,,,,
MNQ SEP25,1s,1,5659,2025-07-14 10:54:20,22976,22976.5,22974,22974.5,118,2.5,1.5,0.5,0.5,-1,,,,
MNQ SEP25,10s,10,5965,2025-07-14 10:54:20,22978.25,22979.5,22974,22974.5,440,5.5,3.75,1.25,0.5,-1,-18.25,16.4,-0.45,7.36
MNQ SEP25,20s,20,5982,2025-07-14 10:54:20,22981,22982,22974,22974.5,897,8,6.5,1,0.5,-1,-31.95,44.8,-74.96666667,-45.42
MNQ SEP25,1s,1,5660,2025-07-14 10:54:21,22974.5,22975,22974,22974.5,33,1,0,0.5,0.5,0,,,,
MNQ SEP25,1s,1,5661,2025-07-14 10:54:22,22974.5,22975.25,22974,22975,58,1.25,0.5,0.25,0.5,1,,,,
MNQ SEP25,1s,1,5662,2025-07-14 10:54:23,22974.5,22974.75,22974.25,22974.25,21,0.5,0.25,0.25,0,-1,,,,
MNQ SEP25,1s,1,5663,2025-07-14 10:54:24,22974.25,22974.75,22974.25,22974.75,19,0.5,0.5,0,0,1,,,,
MNQ SEP25,1s,1,5664,2025-07-14 10:54:25,22975,22975.25,22974.5,22975.25,22,0.75,0.25,0,0.5,1,,,,
MNQ SEP25,1s,1,5665,2025-07-14 10:54:26,22975.75,22975.75,22975.5,22975.5,6,0.25,0.25,0,0,-1,,,,
MNQ SEP25,1s,1,5666,2025-07-14 10:54:27,22976,22977.5,22976,22976.75,31,1.5,0.75,0.75,0,1,,,,
MNQ SEP25,1s,1,5667,2025-07-14 10:54:28,22976.75,22976.75,22976.25,22976.25,20,0.5,0.5,0,0,-1,,,,
MNQ SEP25,1s,1,5668,2025-07-14 10:54:29,22976.75,22976.75,22975.75,22975.75,10,1,1,0,0,-1,,,,
MNQ SEP25,1s,1,5669,2025-07-14 10:54:30,22976.5,22977.25,22976.25,22977,9,1,0.5,0.25,0.25,1,,,,
MNQ SEP25,10s,10,5966,2025-07-14 10:54:30,22974.5,22977.5,22974,22977,229,3.5,2.5,0.5,0.5,1,-73.8,-55.55,-1.41666667,-16.73
MNQ SEP25,1s,1,5670,2025-07-14 10:54:31,22977,22977.25,22977,22977,8,0.25,0,0.25,0,0,,,,
MNQ SEP25,1s,1,5671,2025-07-14 10:54:32,22977.5,22977.5,22976.5,22976.75,17,1,0.75,0,0.25,-1,,,,
MNQ SEP25,1s,1,5672,2025-07-14 10:54:33,22977,22977.25,22976.75,22977,5,0.5,0,0.25,0.25,0,,,,
MNQ SEP25,1s,1,5673,2025-07-14 10:54:34,22977.25,22978.5,22976.75,22978,28,1.75,0.75,0.5,0.5,1,,,,
MNQ SEP25,1s,1,5674,2025-07-14 10:54:35,22978,22978.75,22978,22978.5,25,0.75,0.5,0.25,0,1,,,,
MNQ SEP25,1s,1,5675,2025-07-14 10:54:36,22978.25,22978.75,22977.5,22977.5,21,1.25,0.75,0.5,0,-1,,,,
MNQ SEP25,1s,1,5676,2025-07-14 10:54:37,22978,22978.5,22977.75,22978.25,45,0.75,0.25,0.25,0.25,1,,,,
MNQ SEP25,1s,1,5677,2025-07-14 10:54:38,22978.25,22978.5,22977.75,22977.75,10,0.75,0.5,0.25,0,-1,,,,
MNQ SEP25,1s,1,5678,2025-07-14 10:54:39,22977,22977.25,22976.25,22976.5,19,1,0.5,0.25,0.25,-1,,,,
MNQ SEP25,1s,1,5679,2025-07-14 10:54:40,22976.75,22977.75,22976.75,22977.25,6,1,0.5,0.5,0,1,,,,
MNQ SEP25,10s,10,5967,2025-07-14 10:54:40,22977,22978.75,22976.25,22977.25,184,2.5,0.25,1.5,0.75,1,-81,-7.2,-15.45,-12.82
MNQ SEP25,20s,20,5983,2025-07-14 10:54:40,22974.5,22978.75,22974,22977.25,413,4.75,2.75,1.5,0.5,1,-19.6,12.35,6.75,-36.9
MNQ SEP25,1s,1,5680,2025-07-14 10:54:41,22976.75,22976.75,22976,22976,20,0.75,0.75,0,0,-1,,,,
MNQ SEP25,1s,1,5681,2025-07-14 10:54:42,22976.25,22976.25,22975.75,22975.75,12,0.5,0.5,0,0,-1,,,,
MNQ SEP25,1s,1,5682,2025-07-14 10:54:43,22976.25,22976.5,22975.75,22976.25,15,0.75,0,0.25,0.5,0,,,,
MNQ SEP25,1s,1,5683,2025-07-14 10:54:44,22976.25,22976.25,22976.25,22976.25,3,0,0,0,0,0,,,,
MNQ SEP25,1s,1,5684,2025-07-14 10:54:45,22975.75,22975.75,22975.5,22975.75,3,0.25,0,0,0.25,0,,,,
MNQ SEP25,1s,1,5685,2025-07-14 10:54:46,22975.5,22976,22975.25,22975.25,13,0.75,0.25,0.5,0,-1,,,,
MNQ SEP25,1s,1,5686,2025-07-14 10:54:47,22975.75,22975.75,22975.75,22975.75,8,0,0,0,0,0,,,,
MNQ SEP25,1s,1,5687,2025-07-14 10:54:48,22975.5,22975.5,22974.25,22974.25,33,1.25,1.25,0,0,-1,,,,
MNQ SEP25,1s,1,5688,2025-07-14 10:54:49,22974.25,22975,22974.25,22974.5,16,0.75,0.25,0.5,0,1,,,,
MNQ SEP25,1s,1,5689,2025-07-14 10:54:50,22974.5,22976.5,22974.5,22976,58,2,1.5,0.5,0,1,,,,
MNQ SEP25,10s,10,5968,2025-07-14 10:54:50,22976.75,22976.75,22974.25,22976,181,2.5,0.75,0,1.75,-1,-121.15,-40.15,-34.3,-10.32
MNQ SEP25,1s,1,5690,2025-07-14 10:54:51,22975.75,22976.25,22975.25,22976.25,54,1,0.5,0,0.5,1,,,,
MNQ SEP25,1s,1,5691,2025-07-14 10:54:52,22976,22976.25,22975.75,22975.75,20,0.5,0.25,0.25,0,-1,,,,
MNQ SEP25,1s,1,5692,2025-07-14 10:54:53,22975.75,22976.25,22975.75,22975.75,6,0.5,0,0.5,0,0,,,,
MNQ SEP25,1s,1,5693,2025-07-14 10:54:54,22975.75,22976.25,22975.5,22975.75,6,0.75,0,0.5,0.25,0,,,,
MNQ SEP25,1s,1,5694,2025-07-14 10:54:55,22976.25,22977,22976,22976,59,1,0.25,0.75,0,-1,,,,
MNQ SEP25,1s,1,5695,2025-07-14 10:54:56,22976,22976,22975.5,22976,11,0.5,0,0,0.5,0,,,,
MNQ SEP25,1s,1,5696,2025-07-14 10:54:57,22976,22976,22975.25,22975.75,7,0.75,0.25,0,0.5,-1,,,,
MNQ SEP25,1s,1,5697,2025-07-14 10:54:58,22975.75,22976.25,22975.5,22975.75,24,0.75,0,0.5,0.25,0,,,,
MNQ SEP25,1s,1,5698,2025-07-14 10:54:59,22975.5,22975.75,22975,22975.75,17,0.75,0.25,0,0.5,1,,,,
MNQ SEP25,1s,1,5699,2025-07-14 10:55:00,22975.5,22977,22975.5,22976.5,33,1.5,1,0.5,0,1,,,,
MNQ SEP25,10s,10,5969,2025-07-14 10:55:00,22975.75,22977,22975,22976.5,237,2,0.75,0.5,0.75,1,-158.75,-37.6,-28.31666667,-24.82
MNQ SEP25,20s,20,5984,2025-07-14 10:55:00,22976.75,22977,22974.25,22976.5,418,2.75,0.25,0.25,2.25,-1,-84.75,-65.15,-2.66666667,-55.54
MNQ SEP25,1s,1,5700,2025-07-14 10:55:01,22976.25,22977.25,22975.25,22976.5,117,2,0.25,0.75,1,1,,,,
MNQ SEP25,1s,1,5701,2025-07-14 10:55:02,22976.5,22977.25,22976.5,22976.75,22,0.75,0.25,0.5,0,1,,,,
MNQ SEP25,1s,1,5702,2025-07-14 10:55:03,22977,22978.5,22977,22978,63,1.5,1,0.5,0,1,,,,
MNQ SEP25,1s,1,5703,2025-07-14 10:55:04,22978,22978.75,22978,22978.5,59,0.75,0.5,0.25,0,1,,,,
MNQ SEP25,1s,1,5704,2025-07-14 10:55:05,22979,22979,22978,22978.5,39,1,0.5,0,0.5,-1,,,,
MNQ SEP25,1s,1,5705,2025-07-14 10:55:06,22978,22978,22975.75,22977.5,83,2.25,0.5,0,1.75,-1,,,,
MNQ SEP25,1s,1,5706,2025-07-14 10:55:07,22977.5,22978.25,22977.5,22978,20,0.75,0.5,0.25,0,1,,,,
MNQ SEP25,1s,1,5707,2025-07-14 10:55:08,22977.5,22978.5,22977.5,22978.5,19,1,1,0,0,1,,,,
MNQ SEP25,1s,1,5708,2025-07-14 10:55:09,22978.5,22978.5,22978,22978.5,22,0.5,0,0,0.5,0,,,,
MNQ SEP25,1s,1,5709,2025-07-14 10:55:10,22978.5,22979,22978.5,22978.5,14,0.5,0,0.5,0,0,,,,
MNQ SEP25,10s,10,5970,2025-07-14 10:55:10,22976.25,22979,22975.25,22978.5,458,3.75,2.25,0.5,1,1,-122.5,36.25,-13.83333333,-20.85
MNQ SEP25,1s,1,5710,2025-07-14 10:55:11,22978.25,22978.25,22977.25,22977.25,20,1,1,0,0,-1,,,,
MNQ SEP25,1s,1,5711,2025-07-14 10:55:12,22977.5,22977.75,22976.25,22977,38,1.5,0.5,0.25,0.75,-1,,,,
MNQ SEP25,1s,1,5712,2025-07-14 10:55:13,22977.25,22977.75,22976.75,22977,18,1,0.25,0.5,0.25,-1,,,,
MNQ SEP25,1s,1,5713,2025-07-14 10:55:14,22977,22977,22976.75,22976.75,11,0.25,0.25,0,0,-1,,,,
MNQ SEP25,1s,1,5714,2025-07-14 10:55:15,22976.75,22976.75,22976.5,22976.5,13,0.25,0.25,0,0,-1,,,,
MNQ SEP25,1s,1,5715,2025-07-14 10:55:16,22976.75,22976.75,22975.5,22975.5,12,1.25,1.25,0,0,-1,,,,
MNQ SEP25,1s,1,5716,2025-07-14 10:55:17,22975.5,22976.5,22975.25,22975.75,13,1.25,0.25,0.75,0.25,1,,,,
MNQ SEP25,1s,1,5717,2025-07-14 10:55:18,22976.25,22976.75,22975.5,22975.5,27,1.25,0.75,0.5,0,-1,,,,
MNQ SEP25,1s,1,5718,2025-07-14 10:55:19,22975.25,22975.25,22974.75,22974.75,25,0.5,0.5,0,0,-1,,,,
MNQ SEP25,1s,1,5719,2025-07-14 10:55:20,22975.25,22976.25,22975,22976,28,1.25,0.75,0.25,0.25,1,,,,
MNQ SEP25,10s,10,5971,2025-07-14 10:55:20,22978.25,22978.25,22974.75,22976,205,3.5,2.25,0,1.25,-1,-93.6,28.9,9.18333333,-3.96
MNQ SEP25,20s,20,5985,2025-07-14 10:55:20,22976.25,22979,22974.75,22976,663,4.25,0.25,2.75,1.25,-1,-117.7,-32.95,-28.58333333,-15.57
MNQ SEP25,1s,1,5720,2025-07-14 10:55:21,22976,22976,22975.5,22976,8,0.5,0,0,0.5,0,,,,
MNQ SEP25,1s,1,5721,2025-07-14 10:55:22,22975.5,22975.5,22974.75,22975,16,0.75,0.5,0,0.25,-1,,,,
MNQ SEP25,1s,1,5722,2025-07-14 10:55:23,22975,22976.5,22974.75,22975.75,20,1.75,0.75,0.75,0.25,1,,,,
MNQ SEP25,1s,1,5723,2025-07-14 10:55:24,22976.25,22976.5,22975.5,22976.5,7,1,0.25,0,0.75,1,,,,
MNQ SEP25,1s,1,5724,2025-07-14 10:55:25,22976.75,22977.25,22975.75,22976,52,1.5,0.75,0.5,0.25,-1,,,,
MNQ SEP25,1s,1,5725,2025-07-14 10:55:26,22975.75,22975.75,22975.5,22975.5,22,0.25,0.25,0,0,-1,,,,
MNQ SEP25,1s,1,5726,2025-07-14 10:55:27,22975.5,22976,22975.25,22976,25,0.75,0.5,0,0.25,1,,,,
MNQ SEP25,1s,1,5727,2025-07-14 10:55:28,22976,22977.25,22976,22976.25,22,1.25,0.25,1,0,1,,,,
MNQ SEP25,1s,1,5728,2025-07-14 10:55:29,22976.25,22979.25,22976.25,22978,75,3,1.75,1.25,0,1,,,,
MNQ SEP25,1s,1,5729,2025-07-14 10:55:30,22977.75,22979,22977.75,22978.75,19,1.25,1,0.25,0,1,,,,
MNQ SEP25,10s,10,5972,2025-07-14 10:55:30,22976,22979.25,22974.75,22978.75,266,4.5,2.75,0.5,1.25,1,-67.15,26.45,30.53333333,2.77
MNQ SEP25,1s,1,5730,2025-07-14 10:55:31,22978.75,22979,22978.25,22979,19,0.75,0.25,0,0.5,1,,,,
MNQ SEP25,1s,1,5731,2025-07-14 10:55:32,22979,22979,22978,22978,37,1,1,0,0,-1,,,,
MNQ SEP25,1s,1,5732,2025-07-14 10:55:33,22978,22978.25,22978,22978.25,11,0.25,0.25,0,0,1,,,,
MNQ SEP25,1s,1,5733,2025-07-14 10:55:34,22978.5,22978.75,22978.5,22978.5,8,0.25,0,0.25,0,0,,,,
MNQ SEP25,1s,1,5734,2025-07-14 10:55:35,22978.5,22979.5,22978.5,22979,29,1,0.5,0.5,0,1,,,,
MNQ SEP25,1s,1,5735,2025-07-14 10:55:36,22979,22979,22978.25,22978.75,16,0.75,0.25,0,0.5,-1,,,,
MNQ SEP25,1s,1,5736,2025-07-14 10:55:37,22978.75,22979,22978.5,22979,8,0.5,0.25,0,0.25,1,,,,
MNQ SEP25,1s,1,5737,2025-07-14 10:55:38,22979.25,22980,22979.25,22979.75,75,0.75,0.5,0.25,0,1,,,,
MNQ SEP25,1s,1,5738,2025-07-14 10:55:39,22979.75,22980.25,22979.5,22979.75,33,0.75,0,0.5,0.25,0,,,,
MNQ SEP25,1s,1,5739,2025-07-14 10:55:40,22979.5,22979.5,22978.25,22978.5,46,1.25,1,0,0.25,-1,,,,
MNQ SEP25,10s,10,5973,2025-07-14 10:55:40,22978.75,22980.25,22978,22978.5,282,2.25,0.25,1.5,0.5,-1,-42.8,24.35,26.56666667,15.67
MNQ SEP25,20s,20,5986,2025-07-14 10:55:40,22976,22980.25,22974.75,22978.5,548,5.5,2.5,1.75,1.25,1,-136.75,-19.05,-39.05,-12
MNQ SEP25,1s,1,5740,2025-07-14 10:55:41,22978,22978,22976.75,22978,46,1.25,0,0,1.25,0,,,,
MNQ SEP25,1s,1,5741,2025-07-14 10:55:42,22978.25,22979.25,22978.25,22979.25,11,1,1,0,0,1,,,,
MNQ SEP25,1s,1,5742,2025-07-14 10:55:43,22979,22980.5,22979,22979.75,83,1.5,0.75,0.75,0,1,,,,
MNQ SEP25,1s,1,5743,2025-07-14 10:55:44,22980,22983.25,22979,22981.5,237,4.25,1.5,1.75,1,1,,,,
MNQ SEP25,1s,1,5744,2025-07-14 10:55:45,22981.75,22983,22981.5,22982.5,86,1.5,0.75,0.5,0.25,1,,,,
MNQ SEP25,1s,1,5745,2025-07-14 10:55:46,22982.5,22982.75,22981.5,22982.5,104,1.25,0,0.25,1,0,,,,
MNQ SEP25,1s,1,5746,2025-07-14 10:55:47,22982.5,22983,22981.25,22981.5,105,1.75,1,0.5,0.25,-1,,,,
MNQ SEP25,1s,1,5747,2025-07-14 10:55:48,22981.5,22982.25,22981.25,22982,42,1,0.5,0.25,0.25,1,,,,
MNQ SEP25,1s,1,5748,2025-07-14 10:55:49,22982.25,22982.25,22981,22981.75,33,1.25,0.5,0,0.75,-1,,,,
MNQ SEP25,1s,1,5749,2025-07-14 10:55:50,22981.25,22983.25,22981.25,22983,35,2,1.75,0.25,0,1,,,,
MNQ SEP25,10s,10,5974,2025-07-14 10:55:50,22978,22983.25,22976.75,22983,782,6.5,5,0.25,1.25,1,47.3,90.1,46.96666667,41.21
MNQ SEP25,1s,1,5750,2025-07-14 10:55:51,22983,22983.5,22982.25,22982.75,30,1.25,0.25,0.5,0.5,-1,,,,
MNQ SEP25,1s,1,5751,2025-07-14 10:55:52,22982.75,22983,22982.25,22982.25,22,0.75,0.5,0.25,0,-1,,,,
MNQ SEP25,1s,1,5752,2025-07-14 10:55:53,22983,22984,22982.5,22983.5,76,1.5,0.5,0.5,0.5,1,,,,
MNQ SEP25,1s,1,5753,2025-07-14 10:55:54,22983.75,22984,22983.5,22983.75,54,0.5,0,0.25,0.25,0,,,,
MNQ SEP25,1s,1,5754,2025-07-14 10:55:55,22983.5,22984,22983,22984,40,1,0.5,0,0.5,1,,,,
MNQ SEP25,1s,1,5755,2025-07-14 10:55:56,22983.25,22984.25,22983.25,22984,28,1,0.75,0.25,0,1,,,,
MNQ SEP25,1s,1,5756,2025-07-14 10:55:57,22983.5,22984,22983,22983.25,35,1,0.25,0.5,0.25,-1,,,,
MNQ SEP25,1s,1,5757,2025-07-14 10:55:58,22983.5,22984.25,22983,22984,37,1.25,0.5,0.25,0.5,1,,,,
MNQ SEP25,1s,1,5758,2025-07-14 10:55:59,22984,22987.75,22983.75,22987.25,463,4,3.25,0.5,0.25,1,,,,
MNQ SEP25,1s,1,5759,2025-07-14 10:56:00,22987.25,22991,22986.75,22988.25,645,4.25,1,2.75,0.5,1,,,,
MNQ SEP25,10s,10,5975,2025-07-14 10:56:00,22983,22991,22982.25,22988.25,1430,8.75,5.25,2.75,0.75,1,187.45,140.15,84.86666667,61.99
MNQ SEP25,20s,20,5987,2025-07-14 10:56:00,22978,22991,22976.75,22988.25,2212,14.25,10.25,2.75,1.25,1,62.65,199.4,49.13333333,18.92
MNQ SEP25,1s,1,5760,2025-07-14 10:56:01,22988.25,22989,22986.25,22986.75,275,2.75,1.5,0.75,0.5,-1,,,,
MNQ SEP25,1s,1,5761,2025-07-14 10:56:02,22986.75,22987.5,22986.25,22987.5,83,1.25,0.75,0,0.5,1,,,,
MNQ SEP25,1s,1,5762,2025-07-14 10:56:03,22987.5,22987.5,22985.75,22986.75,86,1.75,0.75,0,1,-1,,,,
MNQ SEP25,1s,1,5763,2025-07-14 10:56:04,22986.75,22986.75,22986,22986.75,29,0.75,0,0,0.75,0,,,,
MNQ SEP25,1s,1,5764,2025-07-14 10:56:05,22986.25,22988.5,22986.25,22988.5,68,2.25,2.25,0,0,1,,,,
MNQ SEP25,1s,1,5765,2025-07-14 10:56:06,22988.5,22988.5,22987.25,22987.5,49,1.25,1,0,0.25,-1,,,,
MNQ SEP25,1s,1,5766,2025-07-14 10:56:07,22987.5,22988.5,22987,22988.5,25,1.5,1,0,0.5,1,,,,
MNQ SEP25,1s,1,5767,2025-07-14 10:56:08,22988.25,22988.25,22986.25,22986.75,69,2,1.5,0,0.5,-1,,,,
MNQ SEP25,1s,1,5768,2025-07-14 10:56:09,22986.75,22987.75,22986.25,22987.25,56,1.5,0.5,0.5,0.5,1,,,,
MNQ SEP25,1s,1,5769,2025-07-14 10:56:10,22987.25,22987.5,22986.25,22987.25,85,1.25,0,0.25,1,0,,,,
MNQ SEP25,10s,10,5976,2025-07-14 10:56:10,22988.25,22989,22985.75,22987.25,825,3.25,1,0.75,1.5,-1,280.1,92.65,107.63333333,74.74
MNQ SEP25,1s,1,5770,2025-07-14 10:56:11,22986.75,22986.75,22985.75,22986.25,32,1,0.5,0,0.5,-1,,,,
MNQ SEP25,1s,1,5771,2025-07-14 10:56:12,22986,22986.25,22984.75,22985.25,91,1.5,0.75,0.25,0.5,-1,,,,
MNQ SEP25,1s,1,5772,2025-07-14 10:56:13,22985,22986.5,22985,22986.5,77,1.5,1.5,0,0,1,,,,
MNQ SEP25,1s,1,5773,2025-07-14 10:56:14,22986.25,22986.75,22986,22986.5,32,0.75,0.25,0.25,0.25,1,,,,
MNQ SEP25,1s,1,5774,2025-07-14 10:56:15,22986.75,22987.5,22986.75,22987.25,68,0.75,0.5,0.25,0,1,,,,
MNQ SEP25,1s,1,5775,2025-07-14 10:56:16,22987.25,22987.25,22986.5,22986.75,25,0.75,0.5,0,0.25,-1,,,,
MNQ SEP25,1s,1,5776,2025-07-14 10:56:17,22987.25,22988,22986.75,22987.5,42,1.25,0.25,0.5,0.5,1,,,,
MNQ SEP25,1s,1,5777,2025-07-14 10:56:18,22987.5,22987.5,22986.75,22986.75,17,0.75,0.75,0,0,-1,,,,
MNQ SEP25,1s,1,5778,2025-07-14 10:56:19,22986.5,22986.75,22986.25,22986.25,7,0.5,0.25,0.25,0,-1,,,,
MNQ SEP25,1s,1,5779,2025-07-14 10:56:20,22986.5,22986.75,22985.5,22985.5,56,1.25,1,0.25,0,-1,,,,
MNQ SEP25,10s,10,5977,2025-07-14 10:56:20,22986.75,22988,22984.75,22985.5,447,3.25,1.25,1.25,0.75,-1,313.3,33.2,88.66666667,76.09
MNQ SEP25,20s,20,5988,2025-07-14 10:56:20,22988.25,22989,22984.75,22985.5,1272,4.25,2.75,0.75,0.75,-1,196.6,133.95,104.76666667,43.24
MNQ SEP25,1s,1,5780,2025-07-14 10:56:21,22985.75,22986.5,22985.5,22985.5,30,1,0.25,0.75,0,-1,,,,
MNQ SEP25,1s,1,5781,2025-07-14 10:56:22,22985.5,22986.5,22985.25,22986.5,44,1.25,1,0,0.25,1,,,,
MNQ SEP25,1s,1,5782,2025-07-14 10:56:23,22986,22986.75,22985.75,22986.75,69,1,0.75,0,0.25,1,,,,
MNQ SEP25,1s,1,5783,2025-07-14 10:56:24,22986.75,22986.75,22986,22986,31,0.75,0.75,0,0,-1,,,,
MNQ SEP25,1s,1,5784,2025-07-14 10:56:25,22986,22986.5,22985.75,22986.25,10,0.75,0.25,0.25,0.25,1,,,,
MNQ SEP25,1s,1,5785,2025-07-14 10:56:26,22985.75,22985.75,22983,22984.75,117,2.75,1,0,1.75,-1,,,,
MNQ SEP25,1s,1,5786,2025-07-14 10:56:27,22984.75,22984.75,22983.25,22983.25,25,1.5,1.5,0,0,-1,,,,
MNQ SEP25,1s,1,5787,2025-07-14 10:56:28,22983,22984,22982.25,22983,90,1.75,0,1,0.75,0,,,,
MNQ SEP25,1s,1,5788,2025-07-14 10:56:29,22983,22983,22981.75,22982.25,79,1.25,0.75,0,0.5,-1,,,,
MNQ SEP25,1s,1,5789,2025-07-14 10:56:30,22981.75,22983,22981,22982.75,112,2,1,0.25,0.75,1,,,,
MNQ SEP25,10s,10,5978,2025-07-14 10:56:30,22985.75,22986.75,22981,22982.75,607,5.75,3,1,1.75,-1,378.3,65,63.61666667,84.22
MNQ SEP25,1s,1,5790,2025-07-14 10:56:31,22982.75,22983,22981.75,22981.75,72,1.25,1,0.25,0,-1,,,,
MNQ SEP25,1s,1,5791,2025-07-14 10:56:32,22982,22983,22982,22983,22,1,1,0,0,1,,,,
MNQ SEP25,1s,1,5792,2025-07-14 10:56:33,22982.75,22984,22982.5,22983.75,28,1.5,1,0.25,0.25,1,,,,
MNQ SEP25,1s,1,5793,2025-07-14 10:56:34,22983.75,22984,22983,22983,17,1,0.75,0.25,0,-1,,,,
MNQ SEP25,1s,1,5794,2025-07-14 10:56:35,22983.5,22983.5,22983,22983.25,13,0.5,0.25,0,0.25,-1,,,,
MNQ SEP25,1s,1,5795,2025-07-14 10:56:36,22983,22983,22981.75,22981.75,33,1.25,1.25,0,0,-1,,,,
MNQ SEP25,1s,1,5796,2025-07-14 10:56:37,22982,22982.5,22981.5,22982.5,24,1,0.5,0,0.5,1,,,,
MNQ SEP25,1s,1,5797,2025-07-14 10:56:38,22982.25,22982.25,22979,22980.5,153,3.25,1.75,0,1.5,-1,,,,
MNQ SEP25,1s,1,5798,2025-07-14 10:56:39,22980.5,22980.75,22980,22980.75,57,0.75,0.25,0,0.5,1,,,,
MNQ SEP25,1s,1,5799,2025-07-14 10:56:40,22980.5,22981.5,22980.5,22981.5,29,1,1,0,0,1,,,,
MNQ SEP25,10s,10,5979,2025-07-14 10:56:40,22982.75,22984,22979,22981.5,448,5,1.25,1.25,2.5,-1,300,-78.3,6.63333333,50.54
MNQ SEP25,20s,20,5989,2025-07-14 10:56:40,22985.75,22986.75,22979,22981.5,1055,7.75,4.25,1,2.5,-1,298.8,102.2,145.18333333,76.71
MNQ SEP25,1s,1,5800,2025-07-14 10:56:41,22981.25,22982,22981,22981.75,14,1,0.5,0.25,0.25,1,,,,
MNQ SEP25,1s,1,5801,2025-07-14 10:56:42,22981.5,22982.25,22980.25,22980.25,40,2,1.25,0.75,0,-1,,,,
MNQ SEP25,1s,1,5802,2025-07-14 10:56:43,22980,22980.25,22979.75,22980.25,17,0.5,0.25,0,0.25,1,,,,
MNQ SEP25,1s,1,5803,2025-07-14 10:56:44,22980.5,22981.25,22980.5,22981.25,15,0.75,0.75,0,0,1,,,,
MNQ SEP25,1s,1,5804,2025-07-14 10:56:45,22981.25,22981.5,22980.75,22981.5,16,0.75,0.25,0,0.5,1,,,,
MNQ SEP25,1s,1,5805,2025-07-14 10:56:46,22981.25,22982.5,22981,22981,41,1.5,0.25,1.25,0,-1,,,,
MNQ SEP25,1s,1,5806,2025-07-14 10:56:47,22981.25,22981.25,22979.75,22980.75,50,1.5,0.5,0,1,-1,,,,
MNQ SEP25,1s,1,5807,2025-07-14 10:56:48,22980.75,22981.5,22980.5,22981.25,16,1,0.5,0.25,0.25,1,,,,
MNQ SEP25,1s,1,5808,2025-07-14 10:56:49,22981.25,22981.25,22980.25,22980.5,33,1,0.75,0,0.25,-1,,,,
MNQ SEP25,1s,1,5809,2025-07-14 10:56:50,22980.5,22980.5,22979,22979,36,1.5,1.5,0,0,-1,,,,
MNQ SEP25,10s,10,5980,2025-07-14 10:56:50,22981.25,22982.5,22979,22979,278,3.5,2.25,1.25,0,-1,70.7,-229.3,-80.86666667,-23.35
MNQ SEP25,1s,1,5810,2025-07-14 10:56:51,22979,22979,22978,22978.25,45,1,0.75,0,0.25,-1,,,,
MNQ SEP25,1s,1,5811,2025-07-14 10:56:52,22978.5,22978.5,22977.5,22977.75,26,1,0.75,0,0.25,-1,,,,
MNQ SEP25,1s,1,5812,2025-07-14 10:56:53,22978,22978.25,22977.5,22978,36,0.75,0,0.25,0.5,0,,,,
MNQ SEP25,1s,1,5813,2025-07-14 10:56:54,22978,22978.5,22977.5,22978.25,47,1,0.25,0.25,0.5,1,,,,
MNQ SEP25,1s,1,5814,2025-07-14 10:56:55,22978.5,22978.5,22977.75,22978,14,0.75,0.5,0,0.25,-1,,,,
MNQ SEP25,1s,1,5815,2025-07-14 10:56:56,22977.75,22977.75,22976.75,22977,73,1,0.75,0,0.25,-1,,,,
MNQ SEP25,1s,1,5816,2025-07-14 10:56:57,22977.25,22977.75,22976.75,22977.75,30,1,0.5,0,0.5,1,,,,
MNQ SEP25,1s,1,5817,2025-07-14 10:56:58,22977.5,22977.75,22977,22977,30,0.75,0.5,0.25,0,-1,,,,
MNQ SEP25,1s,1,5818,2025-07-14 10:56:59,22977,22977.25,22976.5,22977,42,0.75,0,0.25,0.5,0,,,,
MNQ SEP25,1s,1,5819,2025-07-14 10:57:00,22977.25,22978,22976.75,22977.75,57,1.25,0.5,0.25,0.5,1,,,,
MNQ SEP25,10s,10,5981,2025-07-14 10:57:00,22979,22979,22976.5,22977.75,400,2.5,1.25,0,1.25,-1,-4.4,-75.1,-127.56666667,-56.9
MNQ SEP25,20s,20,5990,2025-07-14 10:57:00,22981.25,22982.5,22976.5,22977.75,678,6,3.5,1.25,1.25,-1,300.45,1.65,79.26666667,83.63
MNQ SEP25,1s,1,5820,2025-07-14 10:57:01,22977.75,22979.25,22977,22977.25,103,2.25,0.5,1.5,0.25,-1,,,,
MNQ SEP25,1s,1,5821,2025-07-14 10:57:02,22977.25,22977.75,22977,22977.5,41,0.75,0.25,0.25,0.25,1,,,,
MNQ SEP25,1s,1,5822,2025-07-14 10:57:03,22977.5,22978.25,22977.5,22978.25,23,0.75,0.75,0,0,1,,,,
MNQ SEP25,1s,1,5823,2025-07-14 10:57:04,22977.5,22977.75,22976.75,22977.75,38,1,0.25,0,0.75,1,,,,
MNQ SEP25,1s,1,5824,2025-07-14 10:57:05,22977.5,22977.75,22976.25,22977,34,1.5,0.5,0.25,0.75,-1,,,,
MNQ SEP25,1s,1,5825,2025-07-14 10:57:06,22976.25,22977.75,22976,22977.75,109,1.75,1.5,0,0.25,1,,,,
MNQ SEP25,1s,1,5826,2025-07-14 10:57:07,22978,22978,22977.25,22978,52,0.75,0,0,0.75,0,,,,
MNQ SEP25,1s,1,5827,2025-07-14 10:57:08,22977.5,22978.5,22977.5,22977.5,50,1,0,1,0,0,,,,
MNQ SEP25,1s,1,5828,2025-07-14 10:57:09,22977.5,22978.25,22976.75,22977.5,35,1.5,0,0.75,0.75,0,,,,
MNQ SEP25,1s,1,5829,2025-07-14 10:57:10,22977.5,22977.75,22976.75,22976.75,16,1,0.75,0.25,0,-1,,,,
MNQ SEP25,10s,10,5982,2025-07-14 10:57:10,22977.75,22979.25,22976,22976.75,501,3.25,1,1.5,0.75,-1,-6.1,-1.7,-102.03333333,-63.88
MNQ SEP25,1s,1,5830,2025-07-14 10:57:11,22977,22977.75,22976.75,22977,22,1,0,0.75,0.25,0,,,,
MNQ SEP25,1s,1,5831,2025-07-14 10:57:12,22977.25,22979,22977.25,22979,24,1.75,1.75,0,0,1,,,,
MNQ SEP25,1s,1,5832,2025-07-14 10:57:13,22978.75,22979,22978.5,22978.5,15,0.5,0.25,0.25,0,-1,,,,
MNQ SEP25,1s,1,5833,2025-07-14 10:57:14,22978.5,22979.5,22978.25,22979,38,1.25,0.5,0.5,0.25,1,,,,
MNQ SEP25,1s,1,5834,2025-07-14 10:57:15,22979,22979.25,22979,22979.25,16,0.25,0.25,0,0,1,,,,
MNQ SEP25,1s,1,5835,2025-07-14 10:57:16,22979,22979.75,22978.75,22978.75,39,1,0.25,0.75,0,-1,,,,
MNQ SEP25,1s,1,5836,2025-07-14 10:57:17,22979,22979,22976.5,22976.5,50,2.5,2.5,0,0,-1,,,,
MNQ SEP25,1s,1,5837,2025-07-14 10:57:18,22976.5,22978,22976.5,22977.5,112,1.5,1,0.5,0,1,,,,
MNQ SEP25,1s,1,5838,2025-07-14 10:57:19,22977.75,22978.5,22977.5,22978.5,41,1,0.75,0,0.25,1,,,,
MNQ SEP25,1s,1,5839,2025-07-14 10:57:20,22978.5,22978.5,22978,22978.5,15,0.5,0,0,0.5,0,,,,
MNQ SEP25,10s,10,5983,2025-07-14 10:57:20,22977,22979.75,22976.5,22978.5,372,3.25,1.5,1.25,0.5,1,-51.65,-45.55,-40.78333333,-85.99
MNQ SEP25,20s,20,5991,2025-07-14 10:57:20,22977.75,22979.75,22976,22978.5,873,3.75,0.75,1.25,1.75,1,343.4,42.95,48.93333333,96.03
MNQ SEP25,1s,1,5840,2025-07-14 10:57:21,22978.25,22978.5,22976,22976.5,27,2.5,1.75,0.25,0.5,-1,,,,
MNQ SEP25,1s,1,5841,2025-07-14 10:57:22,22976.5,22977.75,22976.5,22977.75,32,1.25,1.25,0,0,1,,,,
MNQ SEP25,1s,1,5842,2025-07-14 10:57:23,22977.5,22977.5,22977,22977.5,8,0.5,0,0,0.5,0,,,,
MNQ SEP25,1s,1,5843,2025-07-14 10:57:24,22977.5,22977.5,22976.25,22976.75,8,1.25,0.75,0,0.5,-1,,,,
MNQ SEP25,1s,1,5844,2025-07-14 10:57:25,22976.5,22976.5,22976,22976.25,13,0.5,0.25,0,0.25,-1,,,,
MNQ SEP25,1s,1,5845,2025-07-14 10:57:26,22976.25,22976.5,22975.75,22976.25,28,0.75,0,0.25,0.5,0,,,,
MNQ SEP25,1s,1,5846,2025-07-14 10:57:27,22976.5,22977.75,22976.5,22977,53,1.25,0.5,0.75,0,1,,,,
MNQ SEP25,1s,1,5847,2025-07-14 10:57:28,22977.5,22978.25,22977.25,22978,17,1,0.5,0.25,0.25,1,,,,
MNQ SEP25,1s,1,5848,2025-07-14 10:57:29,22978.25,22978.25,22977.25,22977.75,8,1,0.5,0,0.5,-1,,,,
MNQ SEP25,1s,1,5849,2025-07-14 10:57:30,22977.5,22977.75,22976.5,22977.5,16,1.25,0,0.25,1,0,,,,
MNQ SEP25,10s,10,5984,2025-07-14 10:57:30,22978.25,22978.5,22975.75,22977.5,210,2.75,0.75,0.25,1.75,-1,-86.9,-35.25,-27.5,-77.38
MNQ SEP25,1s,1,5850,2025-07-14 10:57:31,22977.5,22977.5,22976.5,22976.5,13,1,1,0,0,-1,,,,
MNQ SEP25,1s,1,5851,2025-07-14 10:57:32,22976,22976,22975.25,22975.5,74,0.75,0.5,0,0.25,-1,,,,
MNQ SEP25,1s,1,5852,2025-07-14 10:57:33,22975,22976.25,22975,22975.5,60,1.25,0.5,0.75,0,1,,,,
MNQ SEP25,1s,1,5853,2025-07-14 10:57:34,22975.5,22976,22975.5,22975.5,44,0.5,0,0.5,0,0,,,,
MNQ SEP25,1s,1,5854,2025-07-14 10:57:35,22975.5,22976,22974.75,22975.5,50,1.25,0,0.5,0.75,0,,,,
MNQ SEP25,1s,1,5855,2025-07-14 10:57:36,22975.75,22976.25,22974.75,22974.75,26,1.5,1,0.5,0,-1,,,,
MNQ SEP25,1s,1,5856,2025-07-14 10:57:37,22975.5,22976,22975,22976,23,1,0.5,0,0.5,1,,,,
MNQ SEP25,1s,1,5857,2025-07-14 10:57:38,22976,22977,22975.75,22977,25,1.25,1,0,0.25,1,,,,
MNQ SEP25,1s,1,5858,2025-07-14 10:57:39,22977,22977.25,22976.25,22976.25,21,1,0.75,0.25,0,-1,,,,
MNQ SEP25,1s,1,5859,2025-07-14 10:57:40,22977,22979,22977,22978.5,45,2,1.5,0.5,0,1,,,,
MNQ SEP25,10s,10,5985,2025-07-14 10:57:40,22977.5,22979,22974.75,22978.5,381,4.25,1,0.5,2.75,1,-63.35,23.55,-19.08333333,-26.81
MNQ SEP25,20s,20,5992,2025-07-14 10:57:40,22978.25,22979,22974.75,22978.5,591,4.25,0.25,0.5,3.5,1,10,-333.4,-96.26666667,-10.53
MNQ SEP25,1s,1,5860,2025-07-14 10:57:41,22979,22979.75,22978,22979.5,47,1.75,0.5,0.25,1,1,,,,
MNQ SEP25,1s,1,5861,2025-07-14 10:57:42,22979.25,22980.75,22978.75,22979.75,71,2,0.5,1,0.5,1,,,,
MNQ SEP25,1s,1,5862,2025-07-14 10:57:43,22980.25,22980.75,22980,22980.25,22,0.75,0,0.5,0.25,0,,,,
MNQ SEP25,1s,1,5863,2025-07-14 10:57:44,22980.25,22981.75,22980.25,22981,132,1.5,0.75,0.75,0,1,,,,
MNQ SEP25,1s,1,5864,2025-07-14 10:57:45,22981,22981,22980.5,22981,17,0.5,0,0,0.5,0,,,,
MNQ SEP25,1s,1,5865,2025-07-14 10:57:46,22981.5,22981.5,22980.75,22981.5,11,0.75,0,0,0.75,0,,,,
MNQ SEP25,1s,1,5866,2025-07-14 10:57:47,22981,22982.25,22980.5,22982,30,1.75,1,0.25,0.5,1,,,,
MNQ SEP25,1s,1,5867,2025-07-14 10:57:48,22981.75,22982,22981.75,22982,25,0.25,0.25,0,0,1,,,,
MNQ SEP25,1s,1,5868,2025-07-14 10:57:49,22982,22982,22981,22981,23,1,1,0,0,-1,,,,
MNQ SEP25,1s,1,5869,2025-07-14 10:57:50,22981.25,22981.75,22981,22981.5,18,0.75,0.25,0.25,0.25,1,,,,
MNQ SEP25,10s,10,5986,2025-07-14 10:57:50,22979,22982.25,22978,22981.5,396,4.25,2.5,0.75,1,1,-72.5,-9.15,-6.95,-13.62
MNQ SEP25,1s,1,5870,2025-07-14 10:57:51,22981.5,22982,22981.25,22981.25,13,0.75,0.25,0.5,0,-1,,,,
MNQ SEP25,1s,1,5871,2025-07-14 10:57:52,22981.5,22982,22980.75,22981.25,39,1.25,0.25,0.5,0.5,-1,,,,
MNQ SEP25,1s,1,5872,2025-07-14 10:57:53,22981.25,22981.5,22980.75,22981,31,0.75,0.25,0.25,0.25,-1,,,,
MNQ SEP25,1s,1,5873,2025-07-14 10:57:54,22981,22981.25,22980.5,22981,19,0.75,0,0.25,0.5,0,,,,
MNQ SEP25,1s,1,5874,2025-07-14 10:57:55,22981.25,22982.25,22981.25,22982.25,16,1,1,0,0,1,,,,
MNQ SEP25,1s,1,5875,2025-07-14 10:57:56,22982.25,22983.25,22982,22982.75,34,1.25,0.5,0.5,0.25,1,,,,
MNQ SEP25,1s,1,5876,2025-07-14 10:57:57,22982.75,22983.25,22982.5,22983.25,31,0.75,0.5,0,0.25,1,,,,
MNQ SEP25,1s,1,5877,2025-07-14 10:57:58,22983.25,22985,22983.25,22984.75,68,1.75,1.5,0.25,0,1,,,,
MNQ SEP25,1s,1,5878,2025-07-14 10:57:59,22984.5,22985.25,22984,22985.25,94,1.25,0.75,0,0.5,1,,,,
MNQ SEP25,1s,1,5879,2025-07-14 10:58:00,22985,22985.5,22984.75,22985.25,41,0.75,0.25,0.25,0.25,1,,,,
MNQ SEP25,10s,10,5987,2025-07-14 10:58:00,22981.5,22985.5,22980.5,22985.25,386,5,3.75,0.25,1,1,-105.6,-33.1,-6.23333333,-19.9
MNQ SEP25,20s,20,5993,2025-07-14 10:58:00,22979,22985.5,22978,22985.25,782,7.5,6.25,0.25,1,1,-82,-92,-127.48333333,-55.72
MNQ SEP25,1s,1,5880,2025-07-14 10:58:01,22985.75,22987.5,22985.25,22985.5,155,2.25,0.25,1.75,0.25,-1,,,,
MNQ SEP25,1s,1,5881,2025-07-14 10:58:02,22985.75,22987.25,22985.75,22987.25,30,1.5,1.5,0,0,1,,,,
MNQ SEP25,1s,1,5882,2025-07-14 10:58:03,22987.5,22989.5,22987.5,22989,249,2,1.5,0.5,0,1,,,,
MNQ SEP25,1s,1,5883,2025-07-14 10:58:04,22989,22989.25,22987.75,22988,97,1.5,1,0.25,0.25,-1,,,,
MNQ SEP25,1s,1,5884,2025-07-14 10:58:05,22988,22988.5,22987,22987,50,1.5,1,0.5,0,-1,,,,
MNQ SEP25,1s,1,5885,2025-07-14 10:58:06,22987.5,22988.25,22987,22988.25,38,1.25,0.75,0,0.5,1,,,,
MNQ SEP25,1s,1,5886,2025-07-14 10:58:07,22987.75,22987.75,22986.5,22987,40,1.25,0.75,0,0.5,-1,,,,
MNQ SEP25,1s,1,5887,2025-07-14 10:58:08,22987.25,22987.75,22987,22987.5,46,0.75,0.25,0.25,0.25,1,,,,
MNQ SEP25,1s,1,5888,2025-07-14 10:58:09,22987.5,22987.75,22986.25,22986.25,27,1.5,1.25,0.25,0,-1,,,,
MNQ SEP25,1s,1,5889,2025-07-14 10:58:10,22986.75,22986.75,22985.25,22985.75,36,1.5,1,0,0.5,-1,,,,
MNQ SEP25,10s,10,5988,2025-07-14 10:58:10,22985.75,22989.5,22985.25,22985.75,768,4.25,0,3.75,0.5,0,-55.75,49.85,2.53333333,-0.82
MNQ SEP25,1s,1,5890,2025-07-14 10:58:11,22985.25,22986.5,22985.25,22986.5,24,1.25,1.25,0,0,1,,,,
MNQ SEP25,1s,1,5891,2025-07-14 10:58:12,22986.5,22986.75,22986.25,22986.75,11,0.5,0.25,0,0.25,1,,,,
MNQ SEP25,1s,1,5892,2025-07-14 10:58:13,22986.25,22986.25,22985.25,22985.75,26,1,0.5,0,0.5,-1,,,,
MNQ SEP25,1s,1,5893,2025-07-14 10:58:14,22985.75,22987,22985.5,22986.5,34,1.5,0.75,0.5,0.25,1,,,,
MNQ SEP25,1s,1,5894,2025-07-14 10:58:15,22986.5,22987,22986.5,22986.5,17,0.5,0,0.5,0,0,,,,
MNQ SEP25,1s,1,5895,2025-07-14 10:58:16,22986.75,22987.5,22986.25,22986.75,61,1.25,0,0.75,0.5,0,,,,
MNQ SEP25,1s,1,5896,2025-07-14 10:58:17,22987.25,22987.25,22987,22987,11,0.25,0.25,0,0,-1,,,,
MNQ SEP25,1s,1,5897,2025-07-14 10:58:18,22987.25,22988.75,22987.25,22987.75,43,1.5,0.5,1,0,1,,,,
MNQ SEP25,1s,1,5898,2025-07-14 10:58:19,22987.25,22987.75,22986.75,22986.75,27,1,0.5,0.5,0,-1,,,,
MNQ SEP25,1s,1,5899,2025-07-14 10:58:20,22987,22988.5,22986.75,22988.5,40,1.75,1.5,0,0.25,1,,,,
MNQ SEP25,10s,10,5989,2025-07-14 10:58:20,22985.25,22988.75,22985.25,22988.5,294,3.5,3.25,0.25,0,1,-41.8,13.95,10.23333333,9.02
MNQ SEP25,20s,20,5994,2025-07-14 10:58:20,22985.75,22989.5,22985.25,22988.5,1062,4.25,2.75,1,0.5,1,-102.55,-20.55,-148.65,-80.27
MNQ SEP25,1s,1,5900,2025-07-14 10:58:21,22988.5,22990.25,22988.5,22989.5,104,1.75,1,0.75,0,1,,,,
MNQ SEP25,1s,1,5901,2025-07-14 10:58:22,22990,22990.5,22989.5,22990.25,41,1,0.25,0.25,0.5,1,,,,
MNQ SEP25,1s,1,5902,2025-07-14 10:58:23,22990,22991.75,22990,22991.25,231,1.75,1.25,0.5,0,1,,,,
MNQ SEP25,1s,1,5903,2025-07-14 10:58:24,22991,22991.5,22990.75,22991,74,0.75,0,0.5,0.25,0,,,,
MNQ SEP25,1s,1,5904,2025-07-14 10:58:25,22990.75,22991,22989.75,22990.5,48,1.25,0.25,0.25,0.75,-1,,,,
MNQ SEP25,1s,1,5905,2025-07-14 10:58:26,22990,22991,22990,22990.5,28,1,0.5,0.5,0,1,,,,
MNQ SEP25,1s,1,5906,2025-07-14 10:58:27,22990,22991,22990,22990.25,52,1,0.25,0.75,0,1,,,,
MNQ SEP25,1s,1,5907,2025-07-14 10:58:28,22990.5,22991,22990.25,22991,24,0.75,0.5,0,0.25,1,,,,
MNQ SEP25,1s,1,5908,2025-07-14 10:58:29,22991,22991,22989.5,22990.75,47,1.5,0.25,0,1.25,-1,,,,
MNQ SEP25,1s,1,5909,2025-07-14 10:58:30,22990,22990.25,22989.5,22990,24,0.75,0,0.25,0.5,0,,,,
MNQ SEP25,10s,10,5990,2025-07-14 10:58:30,22988.5,22991.75,22988.5,22990,673,3.25,1.5,1.75,0,1,5.85,47.65,37.15,13.84
MNQ SEP25,1s,1,5910,2025-07-14 10:58:31,22990,22990.75,22990,22990.5,18,0.75,0.5,0.25,0,1,,,,
MNQ SEP25,1s,1,5911,2025-07-14 10:58:32,22990.5,22991,22990.25,22991,22,0.75,0.5,0,0.25,1,,,,
MNQ SEP25,1s,1,5912,2025-07-14 10:58:33,22990.75,22992.5,22990.75,22992.5,107,1.75,1.75,0,0,1,,,,
MNQ SEP25,1s,1,5913,2025-07-14 10:58:34,22992.5,22992.75,22991.25,22991.25,92,1.5,1.25,0.25,0,-1,,,,
MNQ SEP25,1s,1,5914,2025-07-14 10:58:35,22990.75,22992,22990.75,22991.75,33,1.25,1,0.25,0,1,,,,
MNQ SEP25,1s,1,5915,2025-07-14 10:58:36,22991.5,22992,22991,22991.5,27,1,0,0.5,0.5,0,,,,
MNQ SEP25,1s,1,5916,2025-07-14 10:58:37,22992,22992.25,22991.5,22991.75,28,0.75,0.25,0.25,0.25,-1,,,,
MNQ SEP25,1s,1,5917,2025-07-14 10:58:38,22991.75,22992,22991.5,22991.5,17,0.5,0.25,0.25,0,-1,,,,
MNQ SEP25,1s,1,5918,2025-07-14 10:58:39,22991.75,22991.75,22991,22991.25,22,0.75,0.5,0,0.25,-1,,,,
MNQ SEP25,1s,1,5919,2025-07-14 10:58:40,22991.25,22991.25,22989.75,22989.75,73,1.5,1.5,0,0,-1,,,,
MNQ SEP25,10s,10,5991,2025-07-14 10:58:40,22990,22992.75,22989.75,22989.75,439,3,0.25,2.75,0,-1,2.75,-3.1,19.5,15.05
MNQ SEP25,20s,20,5995,2025-07-14 10:58:40,22988.5,22992.75,22988.5,22989.75,1112,4.25,1.25,3,0,1,28.15,130.7,6.05,-54.46
MNQ SEP25,1s,1,5920,2025-07-14 10:58:41,22990,22990.5,22989.75,22990.25,41,0.75,0.25,0.25,0.25,1,,,,
MNQ SEP25,1s,1,5921,2025-07-14 10:58:42,22990.25,22990.25,22989.75,22990,12,0.5,0.25,0,0.25,-1,,,,
MNQ SEP25,1s,1,5922,2025-07-14 10:58:43,22990,22990,22988,22988.5,70,2,1.5,0,0.5,-1,,,,
MNQ SEP25,1s,1,5923,2025-07-14 10:58:44,22988.5,22990.25,22988.5,22990.25,69,1.75,1.75,0,0,1,,,,
MNQ SEP25,1s,1,5924,2025-07-14 10:58:45,22990,22990.25,22989.5,22990.25,31,0.75,0.25,0,0.5,1,,,,
MNQ SEP25,1s,1,5925,2025-07-14 10:58:46,22990,22990.25,22989.25,22989.75,28,1,0.25,0.25,0.5,-1,,,,
MNQ SEP25,1s,1,5926,2025-07-14 10:58:47,22989.75,22990,22989.25,22989.25,32,0.75,0.5,0.25,0,-1,,,,
MNQ SEP25,1s,1,5927,2025-07-14 10:58:48,22989,22989.25,22989,22989.25,3,0.25,0.25,0,0,1,,,,
MNQ SEP25,1s,1,5928,2025-07-14 10:58:49,22989.75,22989.75,22988.75,22989,24,1,0.75,0,0.25,-1,,,,
MNQ SEP25,1s,1,5929,2025-07-14 10:58:50,22989.25,22990,22988.75,22990,33,1.25,0.75,0,0.5,1,,,,
MNQ SEP25,10s,10,5992,2025-07-14 10:58:50,22990,22990.5,22988,22990,343,2.5,0,0.5,2,0,-9.7,-12.45,10.7,19.18
MNQ SEP25,1s,1,5930,2025-07-14 10:58:51,22990,22990.25,22989.75,22990.25,21,0.5,0.25,0,0.25,1,,,,
MNQ SEP25,1s,1,5931,2025-07-14 10:58:52,22990,22990.25,22989.75,22990.25,13,0.5,0.25,0,0.25,1,,,,
MNQ SEP25,1s,1,5932,2025-07-14 10:58:53,22990.5,22990.75,22990.25,22990.5,17,0.5,0,0.25,0.25,0,,,,
MNQ SEP25,1s,1,5933,2025-07-14 10:58:54,22990.75,22990.75,22989.25,22989.5,35,1.5,1.25,0,0.25,-1,,,,
MNQ SEP25,1s,1,5934,2025-07-14 10:58:55,22989.5,22990,22989.5,22989.75,16,0.5,0.25,0.25,0,1,,,,
MNQ SEP25,1s,1,5935,2025-07-14 10:58:56,22990,22990.5,22989.5,22989.75,30,1,0.25,0.5,0.25,-1,,,,
MNQ SEP25,1s,1,5936,2025-07-14 10:58:57,22990.25,22991.75,22990,22991.25,25,1.75,1,0.5,0.25,1,,,,
MNQ SEP25,1s,1,5937,2025-07-14 10:58:58,22991.5,22991.75,22990,22990.5,36,1.75,1,0.25,0.5,-1,,,,
MNQ SEP25,1s,1,5938,2025-07-14 10:58:59,22990.5,22991.75,22990.5,22991.5,23,1.25,1,0.25,0,1,,,,
MNQ SEP25,1s,1,5939,2025-07-14 10:59:00,22991.75,22991.75,22990.5,22991,42,1.25,0.75,0,0.5,-1,,,,
MNQ SEP25,10s,10,5993,2025-07-14 10:59:00,22990,22991.75,22989.25,22991,258,2.5,1,0.75,0.75,1,-110.5,-100.8,-38.78333333,-10.95
MNQ SEP25,20s,20,5996,2025-07-14 10:59:00,22990,22991.75,22988,22991,601,3.75,1,0.75,2,1,-14.7,-42.85,22.43333333,-71.62
MNQ SEP25,1s,1,5940,2025-07-14 10:59:01,22990.75,22992,22990.5,22990.75,95,1.5,0,1.25,0.25,0,,,,
MNQ SEP25,1s,1,5941,2025-07-14 10:59:02,22990.5,22990.75,22990.25,22990.25,26,0.5,0.25,0.25,0,-1,,,,
MNQ SEP25,1s,1,5942,2025-07-14 10:59:03,22990.5,22991.5,22990.5,22991.25,27,1,0.75,0.25,0,1,,,,
MNQ SEP25,1s,1,5943,2025-07-14 10:59:04,22991.5,22991.75,22990.75,22991,17,1,0.5,0.25,0.25,-1,,,,
MNQ SEP25,1s,1,5944,2025-07-14 10:59:05,22991.25,22991.25,22990.5,22991,20,0.75,0.25,0,0.5,-1,,,,
MNQ SEP25,1s,1,5945,2025-07-14 10:59:06,22990.5,22990.75,22989.75,22990,29,1,0.5,0.25,0.25,-1,,,,
MNQ SEP25,1s,1,5946,2025-07-14 10:59:07,22990,22990.25,22989.75,22990,25,0.5,0,0.25,0.25,0,,,,
MNQ SEP25,1s,1,5947,2025-07-14 10:59:08,22990.25,22991,22989.25,22990,66,1.75,0.25,0.75,0.75,-1,,,,
MNQ SEP25,1s,1,5948,2025-07-14 10:59:09,22989.75,22990.25,22989.25,22989.25,24,1,0.5,0.5,0,-1,,,,
MNQ SEP25,1s,1,5949,2025-07-14 10:59:10,22989.25,22989.25,22987.25,22987.75,80,2,1.5,0,0.5,-1,,,,
MNQ SEP25,10s,10,5994,2025-07-14 10:59:10,22990.75,22992,22987.25,22987.75,409,4.75,3,1.25,0.5,-1,-68.85,41.65,-23.86666667,-5.41
MNQ SEP25,1s,1,5950,2025-07-14 10:59:11,22987.75,22988.25,22986.75,22987,66,1.5,0.75,0.5,0.25,-1,,,,
MNQ SEP25,1s,1,5951,2025-07-14 10:59:12,22987.25,22987.25,22986.75,22987,21,0.5,0.25,0,0.25,-1,,,,
MNQ SEP25,1s,1,5952,2025-07-14 10:59:13,22987.25,22988.5,22987,22987.25,60,1.5,0,1.25,0.25,0,,,,
MNQ SEP25,1s,1,5953,2025-07-14 10:59:14,22987.5,22988,22987.5,22988,19,0.5,0.5,0,0,1,,,,
MNQ SEP25,1s,1,5954,2025-07-14 10:59:15,22988,22988.25,22987.5,22988,9,0.75,0,0.25,0.5,0,,,,
MNQ SEP25,1s,1,5955,2025-07-14 10:59:16,22987.5,22989.25,22987.5,22988.75,27,1.75,1.25,0.5,0,1,,,,
MNQ SEP25,1s,1,5956,2025-07-14 10:59:17,22989,22989,22988,22988.25,15,1,0.75,0,0.25,-1,,,,
MNQ SEP25,1s,1,5957,2025-07-14 10:59:18,22988.5,22988.5,22988.25,22988.5,10,0.25,0,0,0.25,0,,,,
MNQ SEP25,1s,1,5958,2025-07-14 10:59:19,22988.75,22990.5,22988.75,22990.5,24,1.75,1.75,0,0,1,,,,
MNQ SEP25,1s,1,5959,2025-07-14 10:59:20,22990.75,22991,22990.5,22990.5,13,0.5,0.25,0.25,0,-1,,,,
MNQ SEP25,10s,10,5995,2025-07-14 10:59:20,22987.75,22991,22986.75,22990.5,264,4.25,2.75,0.5,1,1,-92.35,-23.5,-27.55,-19.64
MNQ SEP25,20s,20,5997,2025-07-14 10:59:20,22990.75,22992,22986.75,22990.5,673,5.25,0.25,1.25,3.75,-1,5.5,20.2,36.01666667,-0.9
MNQ SEP25,1s,1,5960,2025-07-14 10:59:21,22991,22991,22990.5,22991,20,0.5,0,0,0.5,0,,,,
MNQ SEP25,1s,1,5961,2025-07-14 10:59:22,22990.5,22991,22990.25,22990.75,27,0.75,0.25,0.25,0.25,1,,,,
MNQ SEP25,1s,1,5962,2025-07-14 10:59:23,22990.75,22990.75,22990,22990,13,0.75,0.75,0,0,-1,,,,
MNQ SEP25,1s,1,5963,2025-07-14 10:59:24,22990.5,22990.5,22989.25,22989.25,20,1.25,1.25,0,0,-1,,,,
MNQ SEP25,1s,1,5964,2025-07-14 10:59:25,22989.25,22989.75,22988.75,22988.75,22,1,0.5,0.5,0,-1,,,,
MNQ SEP25,1s,1,5965,2025-07-14 10:59:26,22989,22989.75,22988.75,22989.25,57,1,0.25,0.5,0.25,1,,,,
MNQ SEP25,1s,1,5966,2025-07-14 10:59:27,22989,22989.5,22988.5,22988.75,17,1,0.25,0.5,0.25,-1,,,,
MNQ SEP25,1s,1,5967,2025-07-14 10:59:28,22988.5,22989,22988.5,22989,5,0.5,0.5,0,0,1,,,,
MNQ SEP25,1s,1,5968,2025-07-14 10:59:29,22989,22989.5,22988.75,22988.75,6,0.75,0.25,0.5,0,-1,,,,
MNQ SEP25,1s,1,5969,2025-07-14 10:59:30,22988.75,22988.75,22988,22988.25,29,0.75,0.5,0,0.25,-1,,,,
MNQ SEP25,10s,10,5996,2025-07-14 10:59:30,22991,22991,22988,22988.25,216,3,2.75,0,0.25,-1,-106.5,-14.15,1.33333333,-21.85
MNQ SEP25,1s,1,5970,2025-07-14 10:59:31,22988,22988.25,22987.75,22988.25,24,0.5,0.25,0,0.25,1,,,,
MNQ SEP25,1s,1,5971,2025-07-14 10:59:32,22988.25,22989,22988.25,22988.75,21,0.75,0.5,0.25,0,1,,,,
MNQ SEP25,1s,1,5972,2025-07-14 10:59:33,22988.75,22989.25,22988.25,22989,26,1,0.25,0.25,0.5,1,,,,
MNQ SEP25,1s,1,5973,2025-07-14 10:59:34,22989.25,22989.25,22989,22989.25,7,0.25,0,0,0.25,0,,,,
MNQ SEP25,1s,1,5974,2025-07-14 10:59:35,22988.5,22989.25,22988.5,22989.25,9,0.75,0.75,0,0,1,,,,
MNQ SEP25,1s,1,5975,2025-07-14 10:59:36,22988.75,22989,22988.5,22988.5,11,0.5,0.25,0.25,0,-1,,,,
MNQ SEP25,1s,1,5976,2025-07-14 10:59:37,22988.75,22988.75,22988.5,22988.75,10,0.25,0,0,0.25,0,,,,
MNQ SEP25,1s,1,5977,2025-07-14 10:59:38,22988.5,22990,22988.5,22989.75,25,1.5,1.25,0.25,0,1,,,,
MNQ SEP25,1s,1,5978,2025-07-14 10:59:39,22990,22990.5,22990,22990.5,10,0.5,0.5,0,0,1,,,,
MNQ SEP25,1s,1,5979,2025-07-14 10:59:40,22990.25,22991.25,22990.25,22990.75,22,1,0.5,0.5,0,1,,,,
MNQ SEP25,10s,10,5997,2025-07-14 10:59:40,22988,22991.25,22987.75,22990.75,165,3.5,2.75,0.5,0.25,1,-128,-21.5,-19.71666667,-23.66
MNQ SEP25,20s,20,5998,2025-07-14 10:59:40,22991,22991.25,22987.75,22990.75,381,3.5,0.25,0.25,3,-1,-64.5,-70,-30.88333333,3.5
MNQ SEP25,1s,1,5980,2025-07-14 10:59:41,22991,22991.5,22990.75,22991.25,16,0.75,0.25,0.25,0.25,1,,,,
MNQ SEP25,1s,1,5981,2025-07-14 10:59:42,22991,22991.25,22990.75,22990.75,18,0.5,0.25,0.25,0,-1,,,,
MNQ SEP25,1s,1,5982,2025-07-14 10:59:43,22991,22991,22990,22990,18,1,1,0,0,-1,,,,
MNQ SEP25,1s,1,5983,2025-07-14 10:59:44,22990.25,22990.25,22989.25,22989.25,19,1,1,0,0,-1,,,,
MNQ SEP25,1s,1,5984,2025-07-14 10:59:45,22989.25,22989.5,22988.75,22989.25,16,0.75,0,0.25,0.5,0,,,,
MNQ SEP25,1s,1,5985,2025-07-14 10:59:46,22988.75,22988.75,22988.25,22988.5,24,0.5,0.25,0,0.25,-1,,,,
MNQ SEP25,1s,1,5986,2025-07-14 10:59:47,22988.5,22989.25,22988,22989.25,25,1.25,0.75,0,0.5,1,,,,
MNQ SEP25,1s,1,5987,2025-07-14 10:59:48,22989.25,22989.25,22989,22989,6,0.25,0.25,0,0,-1,,,,
MNQ SEP25,1s,1,5988,2025-07-14 10:59:49,22988.75,22989.5,22988.75,22989.5,15,0.75,0.75,0,0,1,,,,
MNQ SEP25,1s,1,5989,2025-07-14 10:59:50,22989.25,22989.5,22988.75,22988.75,28,0.75,0.5,0.25,0,-1,,,,
MNQ SEP25,10s,10,5998,2025-07-14 10:59:50,22991,22991.5,22988,22988.75,185,3.5,2.25,0.5,0.75,-1,-121.5,6.5,-9.71666667,-2.2
MNQ SEP25,1s,1,5990,2025-07-14 10:59:51,22989.25,22989.75,22988.5,22989.75,25,1.25,0.5,0,0.75,1,,,,
MNQ SEP25,1s,1,5991,2025-07-14 10:59:52,22989.25,22990,22989,22990,15,1,0.75,0,0.25,1,,,,
MNQ SEP25,1s,1,5992,2025-07-14 10:59:53,22989.75,22990,22989.75,22989.75,7,0.25,0,0.25,0,0,,,,
MNQ SEP25,1s,1,5993,2025-07-14 10:59:54,22989.75,22990.25,22989,22989.5,33,1.25,0.25,0.5,0.5,-1,,,,
MNQ SEP25,1s,1,5994,2025-07-14 10:59:55,22989.25,22991.25,22989.25,22991.25,14,2,2,0,0,1,,,,
MNQ SEP25,1s,1,5995,2025-07-14 10:59:56,22991,22991.5,22991,22991.5,19,0.5,0.5,0,0,1,,,,
MNQ SEP25,1s,1,5996,2025-07-14 10:59:57,22991.5,22991.5,22990,22990.75,21,1.5,0.75,0,0.75,-1,,,,
MNQ SEP25,1s,1,5997,2025-07-14 10:59:58,22990.75,22991.5,22990.75,22991,10,0.75,0.25,0.5,0,1,,,,
MNQ SEP25,1s,1,5998,2025-07-14 10:59:59,22991,22991.5,22990.75,22991.25,24,0.75,0.25,0.25,0.25,1,,,,
