time,open,high,low,close,volume,bid,ask,spread
2026-06-30 09:20:00,30023.00,30023.00,30023.00,30023.00,3,30023.00,30023.00,0.00
2026-06-30 09:20:01,30022.50,30022.75,30021.50,30021.75,33,30021.75,30021.75,0.00
2026-06-30 09:20:02,30022.00,30022.00,30020.25,30021.00,37,30021.00,30021.00,0.00
2026-06-30 09:20:03,30021.25,30022.25,30021.25,30022.25,12,30022.25,30022.25,0.00
2026-06-30 09:20:04,30023.00,30023.75,30023.00,30023.00,17,30023.00,30023.00,0.00
2026-06-30 09:20:05,30023.25,30023.75,30023.00,30023.00,15,30023.00,30023.00,0.00
2026-06-30 09:20:06,30022.75,30023.25,30022.25,30023.25,5,30023.25,30023.25,0.00
2026-06-30 09:20:07,30022.75,30024.75,30022.75,30024.75,11,30024.75,30024.75,0.00
2026-06-30 09:20:08,30024.50,30024.75,30024.50,30024.50,6,30024.50,30024.50,0.00
2026-06-30 09:20:09,30024.75,30024.75,30023.00,30023.75,27,30023.75,30023.75,0.00
2026-06-30 09:20:10,30024.00,30024.25,30024.00,30024.25,8,30024.25,30024.25,0.00
2026-06-30 09:20:11,30024.50,30024.50,30023.50,30023.75,8,30023.75,30023.75,0.00
2026-06-30 09:20:12,30024.50,30024.75,30024.00,30024.50,19,30024.50,30024.50,0.00
2026-06-30 09:20:13,30024.75,30025.00,30024.75,30025.00,5,30025.00,30025.00,0.00
2026-06-30 09:20:14,30024.75,30025.00,30021.50,30022.75,22,30022.75,30022.75,0.00
2026-06-30 09:20:15,30022.75,30027.25,30022.50,30025.75,39,30025.75,30025.75,0.00
2026-06-30 09:20:16,30026.25,30027.25,30026.25,30027.25,22,30027.25,30027.25,0.00
2026-06-30 09:20:17,30028.00,30028.25,30025.25,30025.75,27,30025.75,30025.75,0.00
2026-06-30 09:20:18,30024.75,30025.00,30024.00,30024.00,11,30024.00,30024.00,0.00
2026-06-30 09:20:19,30024.50,30024.50,30024.25,30024.50,8,30024.50,30024.50,0.00
2026-06-30 09:20:20,30024.50,30025.75,30024.50,30025.25,17,30025.25,30025.25,0.00
2026-06-30 09:20:21,30025.50,30025.50,30024.75,30024.75,3,30024.75,30024.75,0.00
2026-06-30 09:20:22,30025.00,30025.25,30024.25,30024.25,12,30024.25,30024.25,0.00
2026-06-30 09:20:23,30023.50,30024.00,30023.50,30024.00,5,30024.00,30024.00,0.00
2026-06-30 09:20:24,30023.75,30023.75,30023.00,30023.00,12,30023.00,30023.00,0.00
2026-06-30 09:20:25,30022.75,30023.25,30021.75,30022.25,16,30022.25,30022.25,0.00
2026-06-30 09:20:26,30022.00,30022.00,30020.50,30020.50,11,30020.50,30020.50,0.00
2026-06-30 09:20:27,30020.50,30020.75,30019.75,30019.75,26,30019.75,30019.75,0.00
2026-06-30 09:20:28,30020.00,30020.25,30017.50,30017.75,56,30017.75,30017.75,0.00
2026-06-30 09:20:29,30017.50,30019.00,30017.25,30018.75,36,30018.75,30018.75,0.00
2026-06-30 09:20:30,30018.00,30018.75,30017.75,30018.75,18,30018.75,30018.75,0.00
2026-06-30 09:20:31,30018.75,30019.75,30018.75,30018.75,4,30018.75,30018.75,0.00
2026-06-30 09:20:32,30019.50,30019.75,30019.00,30019.00,19,30019.00,30019.00,0.00
2026-06-30 09:20:33,30018.75,30019.00,30018.75,30019.00,2,30019.00,30019.00,0.00
2026-06-30 09:20:34,30018.75,30018.75,30018.25,30018.25,3,30018.25,30018.25,0.00
2026-06-30 09:20:35,30019.25,30020.25,30018.75,30020.25,22,30020.25,30020.25,0.00
2026-06-30 09:20:37,30020.00,30020.50,30018.00,30020.50,36,30020.50,30020.50,0.00
2026-06-30 09:20:38,30020.25,30022.75,30020.25,30022.50,40,30022.50,30022.50,0.00
2026-06-30 09:20:39,30022.50,30023.25,30022.25,30022.25,12,30022.25,30022.25,0.00
2026-06-30 09:20:40,30022.25,30022.50,30022.00,30022.00,9,30022.00,30022.00,0.00
2026-06-30 09:20:41,30021.75,30022.00,30019.75,30019.75,21,30019.75,30019.75,0.00
2026-06-30 09:20:42,30020.75,30020.75,30020.75,30020.75,1,30020.75,30020.75,0.00
2026-06-30 09:20:43,30020.75,30021.00,30020.75,30020.75,6,30020.75,30020.75,0.00
2026-06-30 09:20:44,30020.00,30020.50,30020.00,30020.50,2,30020.50,30020.50,0.00
2026-06-30 09:20:45,30020.00,30020.00,30019.50,30020.00,14,30020.00,30020.00,0.00
2026-06-30 09:20:46,30019.50,30019.50,30019.50,30019.50,3,30019.50,30019.50,0.00
2026-06-30 09:20:47,30019.00,30019.50,30019.00,30019.50,8,30019.50,30019.50,0.00
2026-06-30 09:20:48,30019.50,30019.50,30019.00,30019.50,5,30019.50,30019.50,0.00
2026-06-30 09:20:49,30019.75,30019.75,30019.25,30019.25,12,30019.25,30019.25,0.00
2026-06-30 09:20:51,30019.25,30019.50,30018.75,30019.25,10,30019.25,30019.25,0.00
2026-06-30 09:20:52,30019.25,30019.50,30019.25,30019.50,3,30019.50,30019.50,0.00
2026-06-30 09:20:53,30020.00,30020.75,30020.00,30020.75,5,30020.75,30020.75,0.00
2026-06-30 09:20:54,30020.75,30020.75,30020.75,30020.75,2,30020.75,30020.75,0.00
2026-06-30 09:20:55,30020.50,30020.50,30020.50,30020.50,1,30020.50,30020.50,0.00
2026-06-30 09:20:56,30020.50,30020.50,30020.00,30020.25,5,30020.25,30020.25,0.00
2026-06-30 09:20:57,30020.25,30021.50,30020.25,30021.25,17,30021.25,30021.25,0.00
2026-06-30 09:20:58,30021.50,30021.50,30021.00,30021.50,10,30021.50,30021.50,0.00
2026-06-30 09:20:59,30021.50,30021.50,30020.25,30020.25,5,30020.25,30020.25,0.00
2026-06-30 09:21:00,30021.25,30022.50,30021.25,30022.00,12,30022.00,30022.00,0.00
2026-06-30 09:21:01,30021.75,30023.00,30021.50,30022.75,38,30022.75,30022.75,0.00
2026-06-30 09:21:02,30022.00,30022.00,30021.50,30021.50,5,30021.50,30021.50,0.00
2026-06-30 09:21:03,30021.25,30022.25,30021.00,30021.75,17,30021.75,30021.75,0.00
2026-06-30 09:21:05,30021.75,30022.25,30021.50,30022.25,11,30022.25,30022.25,0.00
2026-06-30 09:21:06,30023.00,30023.00,30020.00,30021.00,54,30021.00,30021.00,0.00
2026-06-30 09:21:07,30021.00,30021.00,30018.25,30018.50,25,30018.50,30018.50,0.00
2026-06-30 09:21:08,30018.50,30018.50,30017.50,30018.00,37,30018.00,30018.00,0.00
2026-06-30 09:21:09,30018.50,30018.50,30016.75,30017.25,29,30017.25,30017.25,0.00
2026-06-30 09:21:10,30017.00,30017.00,30013.50,30014.75,147,30014.75,30014.75,0.00
2026-06-30 09:21:11,30014.50,30014.50,30013.00,30013.75,83,30013.75,30013.75,0.00
2026-06-30 09:21:12,30013.75,30015.50,30013.75,30015.25,36,30015.25,30015.25,0.00
2026-06-30 09:21:13,30015.75,30019.00,30015.75,30019.00,135,30019.00,30019.00,0.00
2026-06-30 09:21:14,30019.00,30020.50,30018.75,30018.75,63,30018.75,30018.75,0.00
2026-06-30 09:21:15,30019.00,30019.75,30018.75,30019.25,14,30019.25,30019.25,0.00
2026-06-30 09:21:16,30018.50,30020.00,30018.25,30019.00,29,30019.00,30019.00,0.00
2026-06-30 09:21:17,30019.75,30019.75,30018.50,30019.75,46,30019.75,30019.75,0.00
2026-06-30 09:21:18,30019.75,30020.50,30019.25,30019.25,14,30019.25,30019.25,0.00
2026-06-30 09:21:19,30018.50,30019.75,30018.25,30019.50,13,30019.50,30019.50,0.00
2026-06-30 09:21:20,30020.00,30021.00,30018.25,30018.25,54,30018.25,30018.25,0.00
2026-06-30 09:21:21,30018.25,30020.00,30018.00,30019.50,23,30019.50,30019.50,0.00
2026-06-30 09:21:22,30020.00,30020.25,30019.75,30020.25,15,30020.25,30020.25,0.00
2026-06-30 09:21:24,30019.75,30019.75,30018.00,30019.25,32,30019.25,30019.25,0.00
2026-06-30 09:21:25,30019.25,30019.75,30019.00,30019.75,7,30019.75,30019.75,0.00
2026-06-30 09:21:26,30019.75,30019.75,30018.50,30019.25,6,30019.25,30019.25,0.00
2026-06-30 09:21:27,30019.50,30020.75,30019.50,30020.50,10,30020.50,30020.50,0.00
2026-06-30 09:21:28,30020.75,30021.75,30020.75,30021.50,28,30021.50,30021.50,0.00
2026-06-30 09:21:29,30021.75,30022.50,30021.25,30022.00,81,30022.00,30022.00,0.00
2026-06-30 09:21:30,30022.00,30024.00,30021.75,30024.00,49,30024.00,30024.00,0.00
2026-06-30 09:21:31,30024.00,30024.50,30023.75,30024.25,10,30024.25,30024.25,0.00
2026-06-30 09:21:32,30024.00,30024.25,30022.50,30022.75,56,30022.75,30022.75,0.00
2026-06-30 09:21:33,30022.25,30022.25,30021.75,30021.75,6,30021.75,30021.75,0.00
2026-06-30 09:21:34,30022.00,30022.00,30022.00,30022.00,4,30022.00,30022.00,0.00
2026-06-30 09:21:35,30022.75,30023.00,30022.00,30022.00,12,30022.00,30022.00,0.00
2026-06-30 09:21:36,30022.25,30022.25,30022.25,30022.25,1,30022.25,30022.25,0.00
2026-06-30 09:21:37,30022.25,30022.25,30022.00,30022.00,2,30022.00,30022.00,0.00
2026-06-30 09:21:38,30022.25,30022.50,30021.75,30022.00,20,30022.00,30022.00,0.00
2026-06-30 09:21:39,30022.75,30022.75,30022.50,30022.75,8,30022.75,30022.75,0.00
2026-06-30 09:21:40,30022.00,30022.25,30021.75,30021.75,23,30021.75,30021.75,0.00
2026-06-30 09:21:41,30022.50,30023.00,30022.25,30022.25,13,30022.25,30022.25,0.00
2026-06-30 09:21:42,30022.50,30022.75,30022.25,30022.25,11,30022.25,30022.25,0.00
2026-06-30 09:21:43,30022.50,30022.50,30021.25,30021.50,11,30021.50,30021.50,0.00
2026-06-30 09:21:44,30021.00,30021.00,30021.00,30021.00,1,30021.00,30021.00,0.00
2026-06-30 09:21:45,30021.25,30021.50,30020.50,30021.00,10,30021.00,30021.00,0.00
2026-06-30 09:21:46,30020.25,30022.50,30020.25,30021.00,57,30021.00,30021.00,0.00
2026-06-30 09:21:47,30021.25,30021.25,30020.50,30020.75,12,30020.75,30020.75,0.00
2026-06-30 09:21:48,30020.50,30021.50,30020.50,30020.50,13,30020.50,30020.50,0.00
2026-06-30 09:21:49,30020.25,30020.25,30015.50,30016.50,83,30016.50,30016.50,0.00
2026-06-30 09:21:50,30016.50,30016.75,30015.00,30015.25,47,30015.25,30015.25,0.00
2026-06-30 09:21:51,30016.00,30016.25,30015.00,30016.00,37,30016.00,30016.00,0.00
2026-06-30 09:21:52,30015.50,30016.50,30015.25,30016.50,14,30016.50,30016.50,0.00
2026-06-30 09:21:53,30016.75,30017.00,30014.50,30015.00,46,30015.00,30015.00,0.00
2026-06-30 09:21:54,30015.25,30015.25,30014.00,30015.00,21,30015.00,30015.00,0.00
2026-06-30 09:21:55,30014.75,30015.50,30014.75,30015.25,7,30015.25,30015.25,0.00
2026-06-30 09:21:56,30015.75,30017.25,30015.75,30016.25,59,30016.25,30016.25,0.00
2026-06-30 09:21:57,30016.75,30016.75,30016.00,30016.00,3,30016.00,30016.00,0.00
2026-06-30 09:21:58,30016.75,30017.00,30016.25,30016.50,13,30016.50,30016.50,0.00
2026-06-30 09:21:59,30016.75,30017.00,30016.75,30016.75,5,30016.75,30016.75,0.00
2026-06-30 09:22:00,30016.25,30016.75,30015.75,30016.25,18,30016.25,30016.25,0.00
2026-06-30 09:22:01,30016.25,30017.00,30016.25,30017.00,9,30017.00,30017.00,0.00
2026-06-30 09:22:02,30017.25,30017.50,30017.00,30017.00,9,30017.00,30017.00,0.00
2026-06-30 09:22:03,30017.25,30018.25,30017.00,30017.75,13,30017.75,30017.75,0.00
2026-06-30 09:22:04,30017.75,30018.25,30017.75,30018.00,6,30018.00,30018.00,0.00
2026-06-30 09:22:05,30018.50,30019.50,30018.50,30018.75,8,30018.75,30018.75,0.00
2026-06-30 09:22:06,30018.75,30021.50,30018.50,30020.75,57,30020.75,30020.75,0.00
2026-06-30 09:22:07,30020.75,30021.00,30020.50,30021.00,22,30021.00,30021.00,0.00
2026-06-30 09:22:08,30021.25,30022.75,30021.25,30022.50,27,30022.50,30022.50,0.00
2026-06-30 09:22:09,30022.25,30022.25,30022.00,30022.00,2,30022.00,30022.00,0.00
2026-06-30 09:22:10,30022.25,30023.25,30021.75,30021.75,31,30021.75,30021.75,0.00
2026-06-30 09:22:11,30020.75,30021.50,30020.00,30020.25,41,30020.25,30020.25,0.00
2026-06-30 09:22:12,30019.75,30019.75,30016.00,30016.00,49,30016.00,30016.00,0.00
2026-06-30 09:22:13,30016.00,30017.25,30016.00,30017.25,14,30017.25,30017.25,0.00
2026-06-30 09:22:14,30017.50,30017.50,30016.75,30017.00,8,30017.00,30017.00,0.00
2026-06-30 09:22:15,30017.00,30017.25,30017.00,30017.25,7,30017.25,30017.25,0.00
2026-06-30 09:22:16,30017.25,30022.00,30017.00,30021.50,82,30021.50,30021.50,0.00
2026-06-30 09:22:17,30022.00,30023.75,30022.00,30023.50,50,30023.50,30023.50,0.00
2026-06-30 09:22:18,30023.25,30023.25,30021.50,30022.25,20,30022.25,30022.25,0.00
2026-06-30 09:22:19,30021.50,30021.50,30021.50,30021.50,1,30021.50,30021.50,0.00
2026-06-30 09:22:20,30020.00,30020.25,30020.00,30020.25,3,30020.25,30020.25,0.00
2026-06-30 09:22:21,30020.00,30020.50,30019.75,30019.75,22,30019.75,30019.75,0.00
2026-06-30 09:22:22,30020.75,30021.50,30020.75,30021.50,3,30021.50,30021.50,0.00
2026-06-30 09:22:23,30021.75,30024.00,30021.75,30023.50,28,30023.50,30023.50,0.00
2026-06-30 09:22:24,30024.00,30026.50,30023.25,30025.00,45,30025.00,30025.00,0.00
2026-06-30 09:22:25,30025.25,30026.50,30025.00,30025.75,30,30025.75,30025.75,0.00
2026-06-30 09:22:26,30025.75,30032.50,30025.75,30030.50,185,30030.50,30030.50,0.00
2026-06-30 09:22:27,30030.00,30031.50,30030.00,30031.00,58,30031.00,30031.00,0.00
2026-06-30 09:22:28,30031.00,30031.00,30030.25,30030.50,32,30030.50,30030.50,0.00
2026-06-30 09:22:29,30030.75,30031.00,30029.50,30030.25,53,30030.25,30030.25,0.00
2026-06-30 09:22:30,30030.00,30030.25,30029.25,30029.25,27,30029.25,30029.25,0.00
2026-06-30 09:22:31,30029.50,30030.75,30029.25,30029.50,27,30029.50,30029.50,0.00
2026-06-30 09:22:32,30029.25,30029.50,30028.75,30028.75,23,30028.75,30028.75,0.00
2026-06-30 09:22:33,30028.50,30028.50,30027.75,30027.75,6,30027.75,30027.75,0.00
2026-06-30 09:22:34,30028.00,30029.00,30028.00,30029.00,22,30029.00,30029.00,0.00
2026-06-30 09:22:35,30028.75,30028.75,30027.75,30028.50,16,30028.50,30028.50,0.00
2026-06-30 09:22:36,30028.25,30029.50,30028.25,30029.25,23,30029.25,30029.25,0.00
2026-06-30 09:22:37,30028.75,30029.50,30028.75,30029.25,11,30029.25,30029.25,0.00
2026-06-30 09:22:38,30028.75,30028.75,30027.75,30027.75,9,30027.75,30027.75,0.00
2026-06-30 09:22:39,30027.75,30027.75,30026.75,30027.00,18,30027.00,30027.00,0.00
2026-06-30 09:22:40,30027.50,30027.50,30027.00,30027.50,17,30027.50,30027.50,0.00
2026-06-30 09:22:41,30027.50,30027.50,30024.50,30025.25,41,30025.25,30025.25,0.00
2026-06-30 09:22:42,30026.25,30026.25,30026.25,30026.25,2,30026.25,30026.25,0.00
2026-06-30 09:22:43,30026.25,30026.25,30024.50,30025.25,23,30025.25,30025.25,0.00
2026-06-30 09:22:44,30024.75,30024.75,30023.75,30023.75,19,30023.75,30023.75,0.00
2026-06-30 09:22:45,30023.75,30024.25,30023.75,30024.25,11,30024.25,30024.25,0.00
2026-06-30 09:22:46,30024.25,30025.00,30024.25,30024.50,17,30024.50,30024.50,0.00
2026-06-30 09:22:47,30024.50,30024.50,30021.25,30022.50,62,30022.50,30022.50,0.00
2026-06-30 09:22:48,30022.50,30023.25,30022.50,30023.25,30,30023.25,30023.25,0.00
2026-06-30 09:22:49,30023.25,30023.25,30022.00,30022.25,15,30022.25,30022.25,0.00
2026-06-30 09:22:50,30022.00,30022.75,30022.00,30022.50,8,30022.50,30022.50,0.00
2026-06-30 09:22:51,30022.50,30022.50,30022.00,30022.50,12,30022.50,30022.50,0.00
2026-06-30 09:22:52,30022.00,30022.25,30022.00,30022.25,5,30022.25,30022.25,0.00
2026-06-30 09:22:53,30022.75,30022.75,30022.00,30022.00,2,30022.00,30022.00,0.00
2026-06-30 09:22:54,30022.50,30022.50,30022.00,30022.00,3,30022.00,30022.00,0.00
2026-06-30 09:22:55,30022.00,30022.00,30020.75,30020.75,18,30020.75,30020.75,0.00
2026-06-30 09:22:56,30020.25,30020.75,30020.00,30020.00,16,30020.00,30020.00,0.00
2026-06-30 09:22:57,30020.75,30020.75,30019.75,30020.25,15,30020.25,30020.25,0.00
2026-06-30 09:22:58,30020.50,30020.50,30019.50,30020.25,14,30020.25,30020.25,0.00
2026-06-30 09:22:59,30020.25,30020.50,30019.25,30019.25,17,30019.25,30019.25,0.00
2026-06-30 09:23:00,30019.25,30019.50,30019.25,30019.50,5,30019.50,30019.50,0.00
2026-06-30 09:23:01,30019.75,30020.50,30019.50,30019.75,49,30019.75,30019.75,0.00
2026-06-30 09:23:02,30019.50,30019.50,30018.50,30018.50,20,30018.50,30018.50,0.00
2026-06-30 09:23:03,30018.75,30020.00,30018.75,30020.00,23,30020.00,30020.00,0.00
2026-06-30 09:23:04,30019.75,30020.50,30019.50,30020.25,14,30020.25,30020.25,0.00
2026-06-30 09:23:05,30019.50,30020.25,30019.00,30019.00,17,30019.00,30019.00,0.00
2026-06-30 09:23:06,30019.00,30020.25,30019.00,30019.75,20,30019.75,30019.75,0.00
2026-06-30 09:23:07,30019.75,30019.75,30019.00,30019.00,39,30019.00,30019.00,0.00
2026-06-30 09:23:08,30018.75,30018.75,30017.25,30017.75,53,30017.75,30017.75,0.00
2026-06-30 09:23:09,30017.50,30017.75,30016.50,30017.00,45,30017.00,30017.00,0.00
2026-06-30 09:23:10,30017.50,30018.00,30016.75,30017.50,32,30017.50,30017.50,0.00
2026-06-30 09:23:11,30017.25,30017.50,30016.75,30017.25,23,30017.25,30017.25,0.00
2026-06-30 09:23:12,30016.50,30017.50,30015.75,30016.50,44,30016.50,30016.50,0.00
2026-06-30 09:23:13,30016.75,30016.75,30014.00,30014.00,84,30014.00,30014.00,0.00
2026-06-30 09:23:14,30013.75,30015.25,30013.50,30015.25,88,30015.25,30015.25,0.00
2026-06-30 09:23:15,30014.75,30015.25,30014.50,30014.75,21,30014.75,30014.75,0.00
2026-06-30 09:23:16,30015.00,30015.75,30014.75,30015.75,15,30015.75,30015.75,0.00
2026-06-30 09:23:17,30015.50,30016.00,30014.25,30015.00,43,30015.00,30015.00,0.00
2026-06-30 09:23:18,30016.00,30016.00,30015.25,30015.75,18,30015.75,30015.75,0.00
2026-06-30 09:23:19,30015.50,30015.50,30013.50,30014.50,27,30014.50,30014.50,0.00
2026-06-30 09:23:20,30014.25,30014.75,30014.00,30014.25,20,30014.25,30014.25,0.00
2026-06-30 09:23:21,30014.25,30015.00,30014.25,30014.50,5,30014.50,30014.50,0.00
2026-06-30 09:23:22,30014.75,30015.00,30014.75,30015.00,3,30015.00,30015.00,0.00
2026-06-30 09:23:23,30015.00,30015.50,30014.50,30014.50,16,30014.50,30014.50,0.00
2026-06-30 09:23:24,30014.00,30014.75,30014.00,30014.00,29,30014.00,30014.00,0.00
2026-06-30 09:23:25,30014.25,30015.25,30014.00,30014.75,19,30014.75,30014.75,0.00
2026-06-30 09:23:26,30015.00,30019.25,30014.75,30018.00,143,30018.00,30018.00,0.00
2026-06-30 09:23:27,30018.00,30018.25,30017.25,30017.50,32,30017.50,30017.50,0.00
2026-06-30 09:23:28,30016.75,30016.75,30014.50,30014.75,52,30014.75,30014.75,0.00
2026-06-30 09:23:29,30014.00,30014.00,30011.25,30013.00,131,30013.00,30013.00,0.00
2026-06-30 09:23:30,30013.25,30014.25,30013.25,30014.25,18,30014.25,30014.25,0.00
2026-06-30 09:23:31,30014.00,30014.25,30012.25,30014.00,60,30014.00,30014.00,0.00
2026-06-30 09:23:32,30014.25,30015.00,30014.00,30014.00,23,30014.00,30014.00,0.00
2026-06-30 09:23:33,30014.50,30016.50,30014.00,30016.50,50,30016.50,30016.50,0.00
2026-06-30 09:23:34,30015.00,30015.75,30015.00,30015.75,11,30015.75,30015.75,0.00
2026-06-30 09:23:35,30015.25,30016.00,30015.00,30015.75,13,30015.75,30015.75,0.00
2026-06-30 09:23:36,30015.50,30016.00,30014.50,30014.50,20,30014.50,30014.50,0.00
2026-06-30 09:23:37,30015.25,30015.25,30015.00,30015.00,10,30015.00,30015.00,0.00
2026-06-30 09:23:38,30015.00,30016.25,30014.75,30015.50,14,30015.50,30015.50,0.00
2026-06-30 09:23:39,30015.50,30015.75,30015.50,30015.75,7,30015.75,30015.75,0.00
2026-06-30 09:23:40,30016.00,30016.00,30015.50,30015.75,6,30015.75,30015.75,0.00
2026-06-30 09:23:41,30016.00,30016.00,30012.50,30014.25,64,30014.25,30014.25,0.00
2026-06-30 09:23:42,30014.00,30014.25,30013.75,30013.75,12,30013.75,30013.75,0.00
2026-06-30 09:23:43,30014.00,30014.00,30012.00,30014.00,64,30014.00,30014.00,0.00
2026-06-30 09:23:44,30012.50,30012.50,30010.75,30012.25,56,30012.25,30012.25,0.00
2026-06-30 09:23:45,30012.25,30012.25,30011.75,30012.25,8,30012.25,30012.25,0.00
2026-06-30 09:23:46,30011.75,30012.50,30010.50,30011.50,54,30011.50,30011.50,0.00
2026-06-30 09:23:47,30011.25,30011.50,30008.75,30009.00,116,30009.00,30009.00,0.00
2026-06-30 09:23:48,30009.00,30010.75,30008.50,30010.25,101,30010.25,30010.25,0.00
2026-06-30 09:23:49,30010.00,30010.75,30010.00,30010.00,24,30010.00,30010.00,0.00
2026-06-30 09:23:50,30010.00,30011.00,30010.00,30010.75,14,30010.75,30010.75,0.00
2026-06-30 09:23:51,30010.75,30012.75,30010.50,30012.25,46,30012.25,30012.25,0.00
2026-06-30 09:23:52,30012.75,30013.25,30012.50,30012.50,18,30012.50,30012.50,0.00
2026-06-30 09:23:53,30012.75,30013.00,30011.75,30013.00,45,30013.00,30013.00,0.00
2026-06-30 09:23:54,30013.00,30014.25,30013.00,30013.25,27,30013.25,30013.25,0.00
2026-06-30 09:23:55,30013.75,30014.00,30012.75,30012.75,22,30012.75,30012.75,0.00
2026-06-30 09:23:56,30013.00,30013.25,30012.75,30012.75,3,30012.75,30012.75,0.00
2026-06-30 09:23:57,30013.25,30013.50,30012.00,30012.25,29,30012.25,30012.25,0.00
2026-06-30 09:23:58,30012.75,30014.75,30012.75,30013.75,32,30013.75,30013.75,0.00
2026-06-30 09:23:59,30014.00,30014.50,30013.75,30014.25,22,30014.25,30014.25,0.00
2026-06-30 09:24:00,30013.50,30013.50,30012.75,30012.75,15,30012.75,30012.75,0.00
2026-06-30 09:24:01,30013.00,30013.50,30013.00,30013.00,14,30013.00,30013.00,0.00
2026-06-30 09:24:02,30013.25,30013.50,30012.50,30012.50,16,30012.50,30012.50,0.00
2026-06-30 09:24:03,30013.00,30013.25,30011.50,30012.00,14,30012.00,30012.00,0.00
2026-06-30 09:24:04,30011.75,30011.75,30009.00,30009.00,53,30009.00,30009.00,0.00
2026-06-30 09:24:05,30009.00,30009.50,30008.50,30008.75,59,30008.75,30008.75,0.00
2026-06-30 09:24:06,30009.00,30009.75,30007.50,30008.00,191,30008.00,30008.00,0.00
2026-06-30 09:24:07,30007.50,30008.75,30005.75,30005.75,67,30005.75,30005.75,0.00
2026-06-30 09:24:08,30006.25,30007.00,30006.00,30007.00,37,30007.00,30007.00,0.00
2026-06-30 09:24:09,30006.75,30007.50,30006.00,30006.25,34,30006.25,30006.25,0.00
2026-06-30 09:24:10,30006.75,30007.25,30006.25,30006.25,20,30006.25,30006.25,0.00
2026-06-30 09:24:11,30006.50,30006.50,30000.00,30004.00,412,30004.00,30004.00,0.00
2026-06-30 09:24:12,30003.50,30004.50,30001.75,30002.00,275,30002.00,30002.00,0.00
2026-06-30 09:24:13,30002.00,30002.75,30001.75,30002.00,50,30002.00,30002.00,0.00
2026-06-30 09:24:14,30001.50,30002.75,30001.00,30002.00,45,30002.00,30002.00,0.00
2026-06-30 09:24:15,30001.75,30003.50,30001.25,30003.50,111,30003.50,30003.50,0.00
2026-06-30 09:24:16,30003.25,30003.50,30002.50,30003.50,53,30003.50,30003.50,0.00
2026-06-30 09:24:17,30002.75,30002.75,29999.25,30001.00,119,30001.00,30001.00,0.00
2026-06-30 09:24:18,30001.00,30001.50,30000.50,30001.00,54,30001.00,30001.00,0.00
2026-06-30 09:24:19,30001.25,30001.75,29998.25,30000.00,130,30000.00,30000.00,0.00
2026-06-30 09:24:20,30000.00,30000.50,29999.25,30000.00,27,30000.00,30000.00,0.00
2026-06-30 09:24:21,30000.50,30000.75,29999.25,30000.50,72,30000.50,30000.50,0.00
2026-06-30 09:24:22,30000.00,30000.25,29999.00,29999.75,56,29999.75,29999.75,0.00
2026-06-30 09:24:23,29999.75,30003.00,29999.75,30003.00,104,30003.00,30003.00,0.00
2026-06-30 09:24:24,30003.00,30003.25,30002.00,30002.50,77,30002.50,30002.50,0.00
2026-06-30 09:24:25,30002.75,30004.25,30002.50,30003.75,47,30003.75,30003.75,0.00
2026-06-30 09:24:26,30004.00,30004.00,30001.75,30001.75,28,30001.75,30001.75,0.00
2026-06-30 09:24:27,30001.75,30003.25,30000.50,30000.75,72,30000.75,30000.75,0.00
2026-06-30 09:24:28,30001.25,30002.50,30001.25,30002.00,19,30002.00,30002.00,0.00
2026-06-30 09:24:29,30001.50,30001.50,30000.50,30000.50,16,30000.50,30000.50,0.00
2026-06-30 09:24:30,30000.50,30001.00,29998.50,29999.50,44,29999.50,29999.50,0.00
2026-06-30 09:24:31,30000.00,30000.00,29998.50,30000.00,68,30000.00,30000.00,0.00
2026-06-30 09:24:32,29999.75,30000.00,29999.00,29999.50,43,29999.50,29999.50,0.00
2026-06-30 09:24:33,30000.25,30000.25,29999.50,29999.50,11,29999.50,29999.50,0.00
2026-06-30 09:24:34,29999.25,30001.25,29999.25,30000.25,81,30000.25,30000.25,0.00
2026-06-30 09:24:35,30000.00,30001.00,29999.75,30000.75,25,30000.75,30000.75,0.00
2026-06-30 09:24:36,30000.25,30000.75,30000.25,30000.75,7,30000.75,30000.75,0.00
2026-06-30 09:24:37,30000.75,30000.75,29997.75,29998.00,72,29998.00,29998.00,0.00
2026-06-30 09:24:38,29998.00,29998.50,29997.25,29998.50,57,29998.50,29998.50,0.00
2026-06-30 09:24:39,29998.25,29998.25,29996.50,29998.00,85,29998.00,29998.00,0.00
2026-06-30 09:24:40,29998.00,29999.25,29998.00,29998.50,41,29998.50,29998.50,0.00
2026-06-30 09:24:41,29998.25,29999.25,29997.75,29998.25,27,29998.25,29998.25,0.00
2026-06-30 09:24:42,29998.75,29999.25,29997.50,29999.25,34,29999.25,29999.25,0.00
2026-06-30 09:24:43,29999.00,29999.25,29998.75,29998.75,8,29998.75,29998.75,0.00
2026-06-30 09:24:44,29998.75,29999.00,29998.50,29999.00,14,29999.00,29999.00,0.00
2026-06-30 09:24:45,29999.25,30000.25,29999.25,29999.50,22,29999.50,29999.50,0.00
2026-06-30 09:24:46,29999.75,29999.75,29999.00,29999.00,25,29999.00,29999.00,0.00
2026-06-30 09:24:47,29999.50,30000.00,29998.75,30000.00,13,30000.00,30000.00,0.00
2026-06-30 09:24:48,29999.75,30000.25,29998.50,29999.50,45,29999.50,29999.50,0.00
2026-06-30 09:24:49,30000.00,30001.25,29998.50,29998.50,79,29998.50,29998.50,0.00
2026-06-30 09:24:50,29999.00,29999.00,29997.50,29998.00,18,29998.00,29998.00,0.00
2026-06-30 09:24:51,29998.50,29999.00,29997.50,29997.50,21,29997.50,29997.50,0.00
2026-06-30 09:24:52,29997.25,29998.25,29997.00,29997.00,19,29997.00,29997.00,0.00
2026-06-30 09:24:53,29997.50,29998.75,29997.50,29998.50,23,29998.50,29998.50,0.00
2026-06-30 09:24:54,29998.00,29998.75,29997.75,29998.00,14,29998.00,29998.00,0.00
2026-06-30 09:24:55,29998.50,29999.00,29997.75,29998.25,25,29998.25,29998.25,0.00
2026-06-30 09:24:56,29998.75,30000.25,29998.50,29998.50,24,29998.50,29998.50,0.00
2026-06-30 09:24:57,29999.00,30000.25,29998.50,30000.25,13,30000.25,30000.25,0.00
2026-06-30 09:24:58,30000.25,30000.25,29998.75,29998.75,16,29998.75,29998.75,0.00
2026-06-30 09:24:59,29999.00,30000.00,29999.00,29999.25,18,29999.25,29999.25,0.00
2026-06-30 09:25:00,29999.75,30000.75,29999.75,30000.50,31,30000.50,30000.50,0.00
2026-06-30 09:25:01,29999.75,30016.00,29999.75,30014.75,643,30014.75,30014.75,0.00
2026-06-30 09:25:02,30014.75,30019.50,30013.75,30016.25,231,30016.25,30016.25,0.00
2026-06-30 09:25:03,30016.25,30017.00,30015.75,30016.75,64,30016.75,30016.75,0.00
2026-06-30 09:25:04,30017.25,30019.50,30017.25,30019.50,89,30019.50,30019.50,0.00
2026-06-30 09:25:05,30019.50,30019.50,30017.75,30018.00,57,30018.00,30018.00,0.00
2026-06-30 09:25:06,30017.75,30022.25,30017.75,30021.75,122,30021.75,30021.75,0.00
2026-06-30 09:25:07,30021.75,30022.25,30019.25,30022.25,113,30022.25,30022.25,0.00
2026-06-30 09:25:08,30021.25,30022.25,30020.75,30021.25,62,30021.25,30021.25,0.00
2026-06-30 09:25:09,30020.75,30023.75,30020.50,30022.00,99,30022.00,30022.00,0.00
2026-06-30 09:25:10,30022.50,30023.50,30022.25,30023.50,48,30023.50,30023.50,0.00
2026-06-30 09:25:11,30023.50,30025.00,30023.25,30024.50,88,30024.50,30024.50,0.00
2026-06-30 09:25:12,30024.50,30024.75,30023.00,30023.50,64,30023.50,30023.50,0.00
2026-06-30 09:25:13,30024.00,30024.50,30021.75,30021.75,86,30021.75,30021.75,0.00
2026-06-30 09:25:14,30021.75,30022.50,30020.50,30021.25,48,30021.25,30021.25,0.00
2026-06-30 09:25:15,30021.50,30022.50,30021.25,30022.00,34,30022.00,30022.00,0.00
2026-06-30 09:25:16,30022.25,30022.50,30021.75,30021.75,28,30021.75,30021.75,0.00
2026-06-30 09:25:17,30021.50,30022.50,30021.50,30021.50,27,30021.50,30021.50,0.00
2026-06-30 09:25:18,30021.50,30023.50,30021.25,30023.50,50,30023.50,30023.50,0.00
2026-06-30 09:25:19,30024.00,30024.75,30023.25,30023.75,46,30023.75,30023.75,0.00
2026-06-30 09:25:20,30023.75,30025.25,30023.25,30024.25,85,30024.25,30024.25,0.00
2026-06-30 09:25:21,30024.25,30026.25,30024.25,30026.00,49,30026.00,30026.00,0.00
2026-06-30 09:25:22,30025.50,30026.75,30025.25,30026.50,48,30026.50,30026.50,0.00
2026-06-30 09:25:23,30026.00,30026.25,30025.00,30025.50,43,30025.50,30025.50,0.00
2026-06-30 09:25:24,30025.75,30026.50,30025.50,30026.00,33,30026.00,30026.00,0.00
2026-06-30 09:25:25,30026.00,30027.00,30025.25,30026.00,35,30026.00,30026.00,0.00
2026-06-30 09:25:26,30026.00,30027.25,30025.25,30026.50,44,30026.50,30026.50,0.00
2026-06-30 09:25:27,30027.25,30027.75,30026.50,30026.50,30,30026.50,30026.50,0.00
2026-06-30 09:25:28,30026.50,30027.00,30025.75,30027.00,34,30027.00,30027.00,0.00
2026-06-30 09:25:29,30026.50,30027.00,30025.25,30026.50,66,30026.50,30026.50,0.00
2026-06-30 09:25:30,30026.25,30026.25,30024.00,30025.25,31,30025.25,30025.25,0.00
2026-06-30 09:25:31,30025.75,30027.00,30025.25,30025.75,62,30025.75,30025.75,0.00
2026-06-30 09:25:32,30025.75,30027.50,30025.50,30026.50,35,30026.50,30026.50,0.00
2026-06-30 09:25:33,30027.00,30027.25,30027.00,30027.00,19,30027.00,30027.00,0.00
2026-06-30 09:25:34,30026.50,30027.50,30026.50,30027.25,17,30027.25,30027.25,0.00
2026-06-30 09:25:35,30027.00,30027.25,30027.00,30027.25,8,30027.25,30027.25,0.00
2026-06-30 09:25:36,30027.25,30027.25,30026.50,30026.50,9,30026.50,30026.50,0.00
2026-06-30 09:25:37,30026.25,30027.50,30025.25,30027.50,82,30027.50,30027.50,0.00
2026-06-30 09:25:38,30027.75,30027.75,30026.75,30027.00,38,30027.00,30027.00,0.00
2026-06-30 09:25:39,30027.25,30027.50,30026.50,30027.25,28,30027.25,30027.25,0.00
2026-06-30 09:25:40,30027.25,30027.50,30026.75,30027.00,16,30027.00,30027.00,0.00
2026-06-30 09:25:41,30026.75,30028.25,30026.25,30028.25,48,30028.25,30028.25,0.00
2026-06-30 09:25:42,30026.75,30027.75,30026.75,30027.00,7,30027.00,30027.00,0.00
2026-06-30 09:25:43,30027.75,30027.75,30027.00,30027.25,5,30027.25,30027.25,0.00
2026-06-30 09:25:44,30026.75,30026.75,30026.00,30026.25,15,30026.25,30026.25,0.00
2026-06-30 09:25:45,30026.75,30027.00,30026.25,30026.75,12,30026.75,30026.75,0.00
2026-06-30 09:25:46,30026.25,30027.00,30026.25,30026.25,14,30026.25,30026.25,0.00
2026-06-30 09:25:47,30026.25,30026.25,30024.75,30025.50,15,30025.50,30025.50,0.00
2026-06-30 09:25:48,30025.75,30025.75,30025.75,30025.75,4,30025.75,30025.75,0.00
2026-06-30 09:25:49,30025.00,30026.50,30025.00,30025.50,19,30025.50,30025.50,0.00
2026-06-30 09:25:50,30025.75,30027.00,30024.50,30024.50,53,30024.50,30024.50,0.00
2026-06-30 09:25:51,30026.00,30026.25,30025.25,30025.75,23,30025.75,30025.75,0.00
2026-06-30 09:25:52,30026.25,30026.25,30025.50,30026.00,5,30026.00,30026.00,0.00
2026-06-30 09:25:53,30026.75,30026.75,30026.75,30026.75,3,30026.75,30026.75,0.00
2026-06-30 09:25:54,30027.00,30028.75,30026.75,30028.25,19,30028.25,30028.25,0.00
2026-06-30 09:25:55,30028.75,30029.00,30027.00,30027.00,71,30027.00,30027.00,0.00
2026-06-30 09:25:56,30026.50,30026.50,30025.25,30026.50,35,30026.50,30026.50,0.00
2026-06-30 09:25:57,30027.00,30027.00,30026.50,30027.00,6,30027.00,30027.00,0.00
2026-06-30 09:25:58,30026.50,30026.50,30024.50,30025.50,30,30025.50,30025.50,0.00
2026-06-30 09:25:59,30024.75,30025.75,30024.75,30025.50,11,30025.50,30025.50,0.00
2026-06-30 09:26:00,30025.00,30025.25,30024.50,30025.25,11,30025.25,30025.25,0.00
2026-06-30 09:26:01,30024.75,30026.00,30023.75,30025.00,49,30025.00,30025.00,0.00
2026-06-30 09:26:02,30024.00,30025.50,30023.25,30023.25,17,30023.25,30023.25,0.00
2026-06-30 09:26:03,30023.25,30023.25,30021.75,30022.50,45,30022.50,30022.50,0.00
2026-06-30 09:26:04,30022.25,30024.00,30022.25,30023.50,16,30023.50,30023.50,0.00
2026-06-30 09:26:05,30023.50,30025.75,30023.50,30025.75,37,30025.75,30025.75,0.00
2026-06-30 09:26:06,30025.50,30027.75,30025.50,30027.00,54,30027.00,30027.00,0.00
2026-06-30 09:26:07,30027.25,30029.25,30026.75,30028.50,70,30028.50,30028.50,0.00
2026-06-30 09:26:08,30028.25,30029.00,30027.50,30029.00,35,30029.00,30029.00,0.00
2026-06-30 09:26:09,30029.00,30029.00,30026.00,30026.75,29,30026.75,30026.75,0.00
2026-06-30 09:26:10,30026.50,30027.00,30026.00,30027.00,32,30027.00,30027.00,0.00
2026-06-30 09:26:11,30026.50,30027.00,30025.75,30026.25,13,30026.25,30026.25,0.00
2026-06-30 09:26:12,30026.75,30026.75,30025.50,30025.50,10,30025.50,30025.50,0.00
2026-06-30 09:26:13,30026.00,30026.00,30024.25,30024.25,41,30024.25,30024.25,0.00
2026-06-30 09:26:14,30025.00,30025.00,30024.25,30024.75,8,30024.75,30024.75,0.00
2026-06-30 09:26:15,30024.50,30025.50,30024.50,30025.50,9,30025.50,30025.50,0.00
2026-06-30 09:26:16,30025.75,30026.25,30025.50,30025.50,25,30025.50,30025.50,0.00
2026-06-30 09:26:17,30025.50,30030.00,30025.50,30030.00,170,30030.00,30030.00,0.00
2026-06-30 09:26:18,30026.50,30026.75,30024.75,30026.25,88,30026.25,30026.25,0.00
2026-06-30 09:26:19,30027.00,30027.75,30025.00,30027.25,61,30027.25,30027.25,0.00
2026-06-30 09:26:20,30027.00,30029.00,30027.00,30028.50,26,30028.50,30028.50,0.00
2026-06-30 09:26:21,30028.00,30029.00,30027.50,30028.75,34,30028.75,30028.75,0.00
2026-06-30 09:26:22,30028.75,30029.25,30028.00,30029.25,34,30029.25,30029.25,0.00
2026-06-30 09:26:23,30028.75,30029.50,30028.75,30029.50,10,30029.50,30029.50,0.00
2026-06-30 09:26:24,30029.00,30029.00,30025.00,30028.25,124,30028.25,30028.25,0.00
2026-06-30 09:26:25,30028.50,30028.75,30026.25,30027.00,25,30027.00,30027.00,0.00
2026-06-30 09:26:26,30026.25,30026.75,30025.75,30025.75,13,30025.75,30025.75,0.00
2026-06-30 09:26:27,30025.75,30026.50,30023.75,30024.00,26,30024.00,30024.00,0.00
2026-06-30 09:26:28,30024.50,30026.75,30024.50,30026.00,11,30026.00,30026.00,0.00
2026-06-30 09:26:29,30027.50,30029.00,30027.50,30029.00,20,30029.00,30029.00,0.00
2026-06-30 09:26:30,30028.75,30029.25,30028.50,30028.75,31,30028.75,30028.75,0.00
2026-06-30 09:26:31,30028.00,30028.75,30028.00,30028.75,5,30028.75,30028.75,0.00
2026-06-30 09:26:32,30027.75,30029.25,30027.75,30028.25,26,30028.25,30028.25,0.00
2026-06-30 09:26:33,30028.25,30028.75,30027.50,30027.50,14,30027.50,30027.50,0.00
2026-06-30 09:26:34,30028.00,30028.00,30027.25,30027.25,5,30027.25,30027.25,0.00
2026-06-30 09:26:35,30027.25,30027.75,30027.00,30027.75,16,30027.75,30027.75,0.00
2026-06-30 09:26:36,30028.00,30028.00,30027.00,30027.75,12,30027.75,30027.75,0.00
2026-06-30 09:26:37,30027.75,30027.75,30027.50,30027.50,4,30027.50,30027.50,0.00
2026-06-30 09:26:38,30027.50,30028.25,30027.25,30028.25,8,30028.25,30028.25,0.00
2026-06-30 09:26:39,30028.00,30028.75,30027.50,30028.75,12,30028.75,30028.75,0.00
2026-06-30 09:26:40,30028.25,30030.50,30028.25,30030.50,30,30030.50,30030.50,0.00
2026-06-30 09:26:41,30030.50,30030.50,30024.75,30026.00,114,30026.00,30026.00,0.00
2026-06-30 09:26:42,30026.25,30027.25,30026.25,30027.25,18,30027.25,30027.25,0.00
2026-06-30 09:26:43,30028.00,30028.00,30024.50,30024.50,22,30024.50,30024.50,0.00
2026-06-30 09:26:44,30025.00,30025.50,30025.00,30025.25,8,30025.25,30025.25,0.00
2026-06-30 09:26:45,30025.25,30025.75,30025.25,30025.25,6,30025.25,30025.25,0.00
2026-06-30 09:26:46,30025.75,30026.50,30025.25,30026.50,12,30026.50,30026.50,0.00
2026-06-30 09:26:47,30026.25,30026.25,30025.25,30025.25,10,30025.25,30025.25,0.00
2026-06-30 09:26:48,30025.25,30025.75,30025.25,30025.75,3,30025.75,30025.75,0.00
2026-06-30 09:26:49,30025.50,30025.50,30024.50,30025.00,9,30025.00,30025.00,0.00
2026-06-30 09:26:50,30025.00,30025.25,30023.00,30023.25,61,30023.25,30023.25,0.00
2026-06-30 09:26:51,30022.75,30022.75,30017.50,30020.50,186,30020.50,30020.50,0.00
2026-06-30 09:26:52,30020.50,30023.00,30020.50,30022.50,88,30022.50,30022.50,0.00
2026-06-30 09:26:53,30022.75,30023.00,30021.00,30021.75,47,30021.75,30021.75,0.00
2026-06-30 09:26:54,30020.75,30021.75,30020.75,30021.25,14,30021.25,30021.25,0.00
2026-06-30 09:26:55,30021.75,30023.25,30021.75,30022.75,15,30022.75,30022.75,0.00
2026-06-30 09:26:56,30022.75,30023.25,30022.25,30022.75,29,30022.75,30022.75,0.00
2026-06-30 09:26:57,30023.00,30023.00,30022.00,30022.75,14,30022.75,30022.75,0.00
2026-06-30 09:26:58,30023.50,30024.25,30023.25,30023.25,17,30023.25,30023.25,0.00
2026-06-30 09:26:59,30023.25,30023.25,30021.25,30021.50,35,30021.50,30021.50,0.00
2026-06-30 09:27:00,30021.75,30022.25,30021.00,30022.25,9,30022.25,30022.25,0.00
2026-06-30 09:27:01,30022.00,30023.25,30021.50,30021.50,45,30021.50,30021.50,0.00
2026-06-30 09:27:02,30021.50,30022.75,30021.50,30021.75,11,30021.75,30021.75,0.00
2026-06-30 09:27:03,30022.50,30026.75,30022.00,30026.50,65,30026.50,30026.50,0.00
2026-06-30 09:27:04,30026.75,30029.50,30026.75,30029.00,35,30029.00,30029.00,0.00
2026-06-30 09:27:05,30028.50,30029.75,30024.75,30027.75,190,30027.75,30027.75,0.00
2026-06-30 09:27:06,30027.25,30028.00,30027.00,30028.00,23,30028.00,30028.00,0.00
2026-06-30 09:27:07,30028.00,30029.00,30028.00,30028.75,25,30028.75,30028.75,0.00
2026-06-30 09:27:08,30029.25,30030.25,30029.00,30029.50,29,30029.50,30029.50,0.00
2026-06-30 09:27:09,30029.25,30029.75,30027.75,30028.50,28,30028.50,30028.50,0.00
2026-06-30 09:27:10,30028.75,30029.25,30028.25,30028.75,14,30028.75,30028.75,0.00
2026-06-30 09:27:11,30028.75,30029.50,30028.25,30028.50,47,30028.50,30028.50,0.00
2026-06-30 09:27:12,30029.00,30029.00,30028.50,30028.75,10,30028.75,30028.75,0.00
2026-06-30 09:27:13,30027.75,30027.75,30025.75,30025.75,29,30025.75,30025.75,0.00
2026-06-30 09:27:14,30025.75,30025.75,30025.00,30025.00,14,30025.00,30025.00,0.00
2026-06-30 09:27:15,30024.50,30025.75,30024.00,30024.50,43,30024.50,30024.50,0.00
2026-06-30 09:27:16,30024.50,30025.00,30024.25,30024.75,18,30024.75,30024.75,0.00
2026-06-30 09:27:17,30024.50,30026.25,30024.00,30026.25,35,30026.25,30026.25,0.00
2026-06-30 09:27:18,30025.75,30027.00,30025.75,30027.00,12,30027.00,30027.00,0.00
2026-06-30 09:27:19,30027.25,30027.25,30026.50,30026.50,8,30026.50,30026.50,0.00
2026-06-30 09:27:20,30026.00,30026.50,30025.25,30026.50,20,30026.50,30026.50,0.00
2026-06-30 09:27:21,30026.50,30029.75,30026.50,30028.25,50,30028.25,30028.25,0.00
2026-06-30 09:27:22,30027.50,30027.50,30026.00,30026.50,11,30026.50,30026.50,0.00
2026-06-30 09:27:23,30026.75,30029.25,30026.25,30028.50,17,30028.50,30028.50,0.00
2026-06-30 09:27:24,30028.25,30029.50,30028.00,30028.25,35,30028.25,30028.25,0.00
2026-06-30 09:27:25,30029.75,30029.75,30028.00,30028.50,25,30028.50,30028.50,0.00
2026-06-30 09:27:26,30029.25,30029.50,30028.50,30029.00,8,30029.00,30029.00,0.00
2026-06-30 09:27:27,30028.50,30030.75,30028.50,30030.50,53,30030.50,30030.50,0.00
2026-06-30 09:27:28,30030.75,30032.50,30030.25,30031.00,89,30031.00,30031.00,0.00
2026-06-30 09:27:29,30031.00,30032.25,30030.75,30031.75,18,30031.75,30031.75,0.00
2026-06-30 09:27:30,30031.25,30032.00,30029.00,30029.50,38,30029.50,30029.50,0.00
2026-06-30 09:27:31,30030.75,30030.75,30029.25,30030.00,62,30030.00,30030.00,0.00
2026-06-30 09:27:32,30029.75,30030.75,30029.50,30029.75,18,30029.75,30029.75,0.00
2026-06-30 09:27:33,30030.00,30030.00,30025.75,30026.50,77,30026.50,30026.50,0.00
2026-06-30 09:27:34,30026.25,30026.25,30024.50,30025.75,39,30025.75,30025.75,0.00
2026-06-30 09:27:35,30026.00,30027.00,30026.00,30027.00,11,30027.00,30027.00,0.00
2026-06-30 09:27:36,30027.00,30028.00,30027.00,30027.50,9,30027.50,30027.50,0.00
2026-06-30 09:27:37,30027.00,30027.00,30025.25,30025.75,24,30025.75,30025.75,0.00
2026-06-30 09:27:38,30025.75,30026.00,30025.00,30025.25,13,30025.25,30025.25,0.00
2026-06-30 09:27:39,30025.00,30026.00,30025.00,30025.25,13,30025.25,30025.25,0.00
2026-06-30 09:27:40,30025.75,30027.75,30025.75,30027.75,32,30027.75,30027.75,0.00
2026-06-30 09:27:41,30027.50,30035.00,30027.50,30033.50,356,30033.50,30033.50,0.00
2026-06-30 09:27:42,30033.50,30033.75,30032.00,30033.25,89,30033.25,30033.25,0.00
2026-06-30 09:27:43,30032.75,30033.00,30032.25,30032.75,29,30032.75,30032.75,0.00
2026-06-30 09:27:44,30032.75,30034.75,30032.75,30034.50,40,30034.50,30034.50,0.00
2026-06-30 09:27:45,30034.75,30036.50,30033.50,30034.25,87,30034.25,30034.25,0.00
2026-06-30 09:27:46,30034.00,30035.75,30033.00,30035.25,43,30035.25,30035.25,0.00
2026-06-30 09:27:47,30036.00,30036.25,30034.25,30034.75,42,30034.75,30034.75,0.00
2026-06-30 09:27:48,30034.75,30035.75,30034.25,30034.75,38,30034.75,30034.75,0.00
2026-06-30 09:27:49,30034.75,30035.75,30033.75,30035.00,37,30035.00,30035.00,0.00
2026-06-30 09:27:50,30035.00,30035.75,30034.50,30035.25,37,30035.25,30035.25,0.00
2026-06-30 09:27:51,30035.75,30041.75,30035.75,30039.00,279,30039.00,30039.00,0.00
2026-06-30 09:27:52,30039.00,30039.75,30037.50,30037.75,114,30037.75,30037.75,0.00
2026-06-30 09:27:53,30038.25,30039.50,30038.25,30038.75,52,30038.75,30038.75,0.00
2026-06-30 09:27:54,30039.00,30039.00,30036.25,30036.75,43,30036.75,30036.75,0.00
2026-06-30 09:27:55,30036.75,30037.75,30036.25,30037.75,29,30037.75,30037.75,0.00
2026-06-30 09:27:56,30037.25,30037.25,30035.00,30035.25,73,30035.25,30035.25,0.00
2026-06-30 09:27:57,30036.00,30038.25,30036.00,30038.00,30,30038.00,30038.00,0.00
2026-06-30 09:27:58,30038.25,30039.00,30037.00,30037.00,24,30037.00,30037.00,0.00
2026-06-30 09:27:59,30037.75,30038.50,30037.50,30037.75,27,30037.75,30037.75,0.00
2026-06-30 09:28:00,30038.25,30039.00,30034.00,30034.75,56,30034.75,30034.75,0.00
2026-06-30 09:28:01,30034.50,30034.50,30021.50,30022.50,549,30022.50,30022.50,0.00
2026-06-30 09:28:02,30022.50,30022.75,30016.25,30017.00,252,30017.00,30017.00,0.00
2026-06-30 09:28:03,30018.00,30020.25,30017.50,30020.00,69,30020.00,30020.00,0.00
2026-06-30 09:28:04,30020.50,30021.50,30019.50,30020.50,59,30020.50,30020.50,0.00
2026-06-30 09:28:05,30020.75,30022.25,30020.25,30022.25,51,30022.25,30022.25,0.00
2026-06-30 09:28:06,30021.75,30023.00,30020.25,30020.75,45,30020.75,30020.75,0.00
2026-06-30 09:28:07,30020.50,30023.25,30020.25,30022.75,40,30022.75,30022.75,0.00
2026-06-30 09:28:08,30022.50,30024.25,30022.25,30022.25,49,30022.25,30022.25,0.00
2026-06-30 09:28:09,30023.25,30024.50,30023.00,30023.25,22,30023.25,30023.25,0.00
2026-06-30 09:28:10,30022.75,30023.50,30022.25,30022.75,15,30022.75,30022.75,0.00
2026-06-30 09:28:11,30022.25,30022.75,30021.75,30022.00,26,30022.00,30022.00,0.00
2026-06-30 09:28:12,30021.75,30023.50,30021.25,30023.50,32,30023.50,30023.50,0.00
2026-06-30 09:28:13,30023.25,30023.25,30021.25,30022.25,50,30022.25,30022.25,0.00
2026-06-30 09:28:14,30022.00,30023.00,30022.00,30022.50,38,30022.50,30022.50,0.00
2026-06-30 09:28:15,30023.00,30024.25,30022.75,30024.00,34,30024.00,30024.00,0.00
2026-06-30 09:28:16,30023.25,30025.00,30022.75,30023.50,76,30023.50,30023.50,0.00
2026-06-30 09:28:17,30023.25,30023.75,30022.75,30022.75,18,30022.75,30022.75,0.00
2026-06-30 09:28:18,30022.75,30026.25,30022.75,30023.50,134,30023.50,30023.50,0.00
2026-06-30 09:28:19,30023.50,30025.25,30023.25,30024.25,48,30024.25,30024.25,0.00
2026-06-30 09:28:20,30024.50,30026.00,30024.50,30025.50,34,30025.50,30025.50,0.00
2026-06-30 09:28:21,30025.75,30027.25,30025.00,30025.75,60,30025.75,30025.75,0.00
2026-06-30 09:28:22,30025.50,30029.50,30025.25,30029.50,91,30029.50,30029.50,0.00
2026-06-30 09:28:23,30028.50,30030.25,30028.50,30030.00,39,30030.00,30030.00,0.00
2026-06-30 09:28:24,30029.75,30031.75,30029.00,30031.75,31,30031.75,30031.75,0.00
2026-06-30 09:28:25,30032.00,30032.00,30031.00,30031.50,22,30031.50,30031.50,0.00
2026-06-30 09:28:26,30031.75,30032.50,30031.00,30032.50,52,30032.50,30032.50,0.00
2026-06-30 09:28:27,30032.50,30033.00,30031.50,30033.00,26,30033.00,30033.00,0.00
2026-06-30 09:28:28,30032.00,30033.25,30031.75,30032.00,38,30032.00,30032.00,0.00
2026-06-30 09:28:29,30032.00,30032.50,30030.75,30032.25,32,30032.25,30032.25,0.00
2026-06-30 09:28:30,30032.00,30034.50,30032.00,30033.25,45,30033.25,30033.25,0.00
2026-06-30 09:28:31,30033.75,30034.25,30032.75,30033.25,31,30033.25,30033.25,0.00
2026-06-30 09:28:32,30033.25,30036.50,30033.00,30035.25,63,30035.25,30035.25,0.00
2026-06-30 09:28:33,30035.50,30035.50,30034.25,30035.00,16,30035.00,30035.00,0.00
2026-06-30 09:28:34,30035.00,30035.00,30034.25,30034.50,4,30034.50,30034.50,0.00
2026-06-30 09:28:35,30034.00,30034.00,30031.50,30032.00,44,30032.00,30032.00,0.00
2026-06-30 09:28:36,30032.25,30033.25,30031.25,30032.75,57,30032.75,30032.75,0.00
2026-06-30 09:28:37,30032.75,30033.75,30032.50,30033.50,25,30033.50,30033.50,0.00
2026-06-30 09:28:38,30033.75,30033.75,30032.25,30032.25,14,30032.25,30032.25,0.00
2026-06-30 09:28:39,30032.50,30033.00,30032.50,30033.00,4,30033.00,30033.00,0.00
2026-06-30 09:28:40,30033.25,30033.25,30031.75,30032.75,11,30032.75,30032.75,0.00
2026-06-30 09:28:41,30033.00,30033.25,30031.00,30032.00,29,30032.00,30032.00,0.00
2026-06-30 09:28:42,30032.50,30033.00,30032.50,30032.75,10,30032.75,30032.75,0.00
2026-06-30 09:28:43,30032.75,30033.00,30031.75,30031.75,21,30031.75,30031.75,0.00
2026-06-30 09:28:44,30031.50,30031.50,30029.25,30030.00,61,30030.00,30030.00,0.00
2026-06-30 09:28:45,30029.75,30031.25,30028.00,30030.50,49,30030.50,30030.50,0.00
2026-06-30 09:28:46,30030.75,30030.75,30026.75,30030.00,187,30030.00,30030.00,0.00
2026-06-30 09:28:47,30030.25,30031.75,30030.00,30031.75,23,30031.75,30031.75,0.00
2026-06-30 09:28:48,30032.00,30033.25,30031.75,30033.25,14,30033.25,30033.25,0.00
2026-06-30 09:28:49,30032.50,30034.25,30032.25,30033.50,41,30033.50,30033.50,0.00
2026-06-30 09:28:50,30033.25,30035.25,30033.25,30034.75,51,30034.75,30034.75,0.00
2026-06-30 09:28:51,30034.25,30034.25,30033.25,30034.25,30,30034.25,30034.25,0.00
2026-06-30 09:28:52,30034.50,30035.25,30033.25,30034.50,51,30034.50,30034.50,0.00
2026-06-30 09:28:53,30034.00,30035.50,30033.25,30034.75,42,30034.75,30034.75,0.00
2026-06-30 09:28:54,30034.50,30035.50,30034.25,30034.75,22,30034.75,30034.75,0.00
2026-06-30 09:28:55,30034.50,30034.75,30033.25,30034.75,66,30034.75,30034.75,0.00
2026-06-30 09:28:56,30035.25,30037.00,30035.25,30036.75,22,30036.75,30036.75,0.00
2026-06-30 09:28:57,30037.00,30037.75,30035.50,30035.50,28,30035.50,30035.50,0.00
2026-06-30 09:28:58,30034.50,30036.00,30034.50,30035.25,22,30035.25,30035.25,0.00
2026-06-30 09:28:59,30034.75,30036.00,30034.50,30036.00,15,30036.00,30036.00,0.00
2026-06-30 09:29:00,30036.00,30037.00,30035.75,30036.25,35,30036.25,30036.25,0.00
2026-06-30 09:29:01,30036.25,30039.75,30036.25,30037.75,87,30037.75,30037.75,0.00
2026-06-30 09:29:02,30038.50,30043.00,30037.00,30042.00,151,30042.00,30042.00,0.00
2026-06-30 09:29:03,30042.00,30044.50,30041.50,30042.00,92,30042.00,30042.00,0.00
2026-06-30 09:29:04,30041.50,30046.50,30041.25,30043.00,289,30043.00,30043.00,0.00
2026-06-30 09:29:05,30042.25,30042.25,30039.75,30040.50,22,30040.50,30040.50,0.00
2026-06-30 09:29:06,30040.25,30040.75,30038.25,30038.25,57,30038.25,30038.25,0.00
2026-06-30 09:29:07,30038.25,30038.50,30036.50,30036.75,58,30036.75,30036.75,0.00
2026-06-30 09:29:08,30037.00,30038.00,30036.00,30037.25,39,30037.25,30037.25,0.00
2026-06-30 09:29:09,30037.50,30038.75,30036.75,30037.50,43,30037.50,30037.50,0.00
2026-06-30 09:29:10,30037.50,30037.50,30035.00,30036.50,49,30036.50,30036.50,0.00
2026-06-30 09:29:11,30037.25,30037.50,30035.25,30035.50,37,30035.50,30035.50,0.00
2026-06-30 09:29:12,30036.25,30037.00,30036.25,30036.75,11,30036.75,30036.75,0.00
2026-06-30 09:29:13,30036.25,30037.75,30036.00,30036.00,28,30036.00,30036.00,0.00
2026-06-30 09:29:14,30036.00,30037.00,30035.75,30037.00,16,30037.00,30037.00,0.00
2026-06-30 09:29:15,30037.00,30038.75,30037.00,30037.25,61,30037.25,30037.25,0.00
2026-06-30 09:29:16,30037.25,30037.25,30033.50,30036.00,112,30036.00,30036.00,0.00
2026-06-30 09:29:17,30036.25,30037.75,30034.50,30037.00,134,30037.00,30037.00,0.00
2026-06-30 09:29:18,30036.75,30038.00,30036.50,30036.50,10,30036.50,30036.50,0.00
2026-06-30 09:29:19,30037.00,30037.50,30036.75,30036.75,8,30036.75,30036.75,0.00
2026-06-30 09:29:20,30037.00,30038.25,30036.00,30037.75,70,30037.75,30037.75,0.00
2026-06-30 09:29:21,30038.00,30038.75,30038.00,30038.25,14,30038.25,30038.25,0.00
2026-06-30 09:29:22,30038.25,30039.75,30037.75,30038.50,81,30038.50,30038.50,0.00
2026-06-30 09:29:23,30038.25,30038.25,30037.50,30038.00,23,30038.00,30038.00,0.00
2026-06-30 09:29:24,30038.00,30038.75,30037.25,30038.50,32,30038.50,30038.50,0.00
2026-06-30 09:29:25,30037.50,30037.50,30036.00,30036.50,51,30036.50,30036.50,0.00
2026-06-30 09:29:26,30036.50,30037.25,30035.25,30036.00,60,30036.00,30036.00,0.00
2026-06-30 09:29:27,30036.50,30037.25,30035.50,30036.50,52,30036.50,30036.50,0.00
2026-06-30 09:29:28,30036.50,30038.50,30036.25,30038.00,41,30038.00,30038.00,0.00
2026-06-30 09:29:29,30037.25,30038.25,30037.00,30038.25,29,30038.25,30038.25,0.00
2026-06-30 09:29:30,30038.00,30039.75,30037.50,30039.75,28,30039.75,30039.75,0.00
2026-06-30 09:29:31,30039.25,30040.50,30038.00,30039.25,50,30039.25,30039.25,0.00
2026-06-30 09:29:32,30039.50,30040.75,30038.25,30040.00,38,30040.00,30040.00,0.00
2026-06-30 09:29:33,30039.75,30040.25,30039.00,30039.75,33,30039.75,30039.75,0.00
2026-06-30 09:29:34,30040.75,30040.75,30037.75,30038.50,44,30038.50,30038.50,0.00
2026-06-30 09:29:35,30039.00,30040.50,30038.25,30040.00,35,30040.00,30040.00,0.00
2026-06-30 09:29:36,30039.75,30041.25,30039.50,30041.25,29,30041.25,30041.25,0.00
2026-06-30 09:29:37,30041.00,30042.50,30039.75,30042.50,73,30042.50,30042.50,0.00
2026-06-30 09:29:38,30042.25,30044.50,30042.00,30043.25,63,30043.25,30043.25,0.00
2026-06-30 09:29:39,30043.50,30044.75,30043.50,30044.25,39,30044.25,30044.25,0.00
2026-06-30 09:29:40,30043.75,30044.50,30042.75,30044.25,64,30044.25,30044.25,0.00
2026-06-30 09:29:41,30043.75,30047.00,30043.00,30044.50,263,30044.50,30044.50,0.00
2026-06-30 09:29:42,30044.25,30046.50,30044.00,30045.75,55,30045.75,30045.75,0.00
2026-06-30 09:29:43,30045.50,30048.25,30045.50,30047.75,118,30047.75,30047.75,0.00
2026-06-30 09:29:44,30047.75,30048.75,30047.00,30047.75,78,30047.75,30047.75,0.00
2026-06-30 09:29:45,30048.25,30048.25,30046.50,30048.00,73,30048.00,30048.00,0.00
2026-06-30 09:29:46,30047.75,30048.00,30044.50,30046.00,91,30046.00,30046.00,0.00
2026-06-30 09:29:47,30045.50,30046.00,30044.75,30045.25,65,30045.25,30045.25,0.00
2026-06-30 09:29:48,30045.75,30047.50,30045.00,30047.00,47,30047.00,30047.00,0.00
2026-06-30 09:29:49,30047.50,30050.50,30046.75,30050.25,156,30050.25,30050.25,0.00
2026-06-30 09:29:50,30050.75,30051.50,30049.75,30051.00,89,30051.00,30051.00,0.00
2026-06-30 09:29:51,30050.75,30052.00,30050.25,30050.75,62,30050.75,30050.75,0.00
2026-06-30 09:29:52,30050.50,30051.25,30050.00,30050.25,81,30050.25,30050.25,0.00
2026-06-30 09:29:53,30050.00,30051.50,30050.00,30050.50,62,30050.50,30050.50,0.00
2026-06-30 09:29:54,30050.50,30052.00,30047.00,30050.00,212,30050.00,30050.00,0.00
2026-06-30 09:29:55,30050.25,30050.25,30045.75,30049.25,205,30049.25,30049.25,0.00
2026-06-30 09:29:56,30049.50,30053.50,30049.00,30050.50,247,30050.50,30050.50,0.00
2026-06-30 09:29:57,30050.50,30050.50,30048.50,30049.25,83,30049.25,30049.25,0.00
2026-06-30 09:29:58,30048.75,30048.75,30041.50,30045.25,397,30045.25,30045.25,0.00
2026-06-30 09:29:59,30045.50,30051.75,30045.00,30046.50,312,30046.50,30046.50,0.00
2026-06-30 09:30:00,30046.50,30048.25,30039.00,30046.75,484,30046.75,30046.75,0.00
2026-06-30 09:30:01,30046.75,30058.50,30045.00,30055.50,1021,30055.50,30055.50,0.00
2026-06-30 09:30:02,30055.00,30061.00,30049.50,30057.50,653,30057.50,30057.50,0.00
2026-06-30 09:30:03,30056.75,30071.50,30052.50,30068.00,1633,30068.00,30068.00,0.00
2026-06-30 09:30:04,30068.50,30077.25,30058.50,30064.25,743,30064.25,30064.25,0.00
2026-06-30 09:30:05,30064.50,30071.75,30060.25,30062.00,391,30062.00,30062.00,0.00
2026-06-30 09:30:06,30060.75,30064.50,30052.50,30061.50,376,30061.50,30061.50,0.00
2026-06-30 09:30:07,30059.75,30061.25,30052.50,30053.25,548,30053.25,30053.25,0.00
2026-06-30 09:30:08,30053.00,30067.00,30051.25,30062.25,304,30062.25,30062.25,0.00
2026-06-30 09:30:09,30062.50,30077.50,30061.75,30073.25,408,30073.25,30073.25,0.00
2026-06-30 09:30:10,30073.00,30077.00,30071.25,30076.50,357,30076.50,30076.50,0.00
2026-06-30 09:30:11,30076.00,30078.25,30065.00,30065.00,388,30065.00,30065.00,0.00
2026-06-30 09:30:12,30064.25,30067.50,30058.75,30062.50,497,30062.50,30062.50,0.00
2026-06-30 09:30:13,30061.75,30069.50,30060.25,30069.25,189,30069.25,30069.25,0.00
2026-06-30 09:30:14,30069.50,30073.50,30065.25,30072.75,184,30072.75,30072.75,0.00
2026-06-30 09:30:15,30073.50,30077.50,30072.00,30076.50,223,30076.50,30076.50,0.00
2026-06-30 09:30:16,30076.25,30077.25,30067.50,30069.25,336,30069.25,30069.25,0.00
2026-06-30 09:30:17,30068.25,30068.50,30061.25,30063.75,198,30063.75,30063.75,0.00
2026-06-30 09:30:18,30063.75,30069.75,30060.50,30069.00,298,30069.00,30069.00,0.00
2026-06-30 09:30:19,30067.50,30075.50,30067.00,30073.75,198,30073.75,30073.75,0.00
2026-06-30 09:30:20,30074.50,30076.50,30070.00,30074.00,154,30074.00,30074.00,0.00
2026-06-30 09:30:21,30073.50,30076.50,30068.50,30072.25,223,30072.25,30072.25,0.00
2026-06-30 09:30:22,30071.50,30073.25,30068.25,30072.00,145,30072.00,30072.00,0.00
2026-06-30 09:30:23,30071.00,30071.25,30057.75,30058.00,214,30058.00,30058.00,0.00
2026-06-30 09:30:24,30058.50,30059.00,30053.00,30053.50,240,30053.50,30053.50,0.00
2026-06-30 09:30:25,30054.00,30055.50,30043.75,30046.25,343,30046.25,30046.25,0.00
2026-06-30 09:30:26,30046.25,30047.00,30037.25,30042.75,409,30042.75,30042.75,0.00
2026-06-30 09:30:27,30043.50,30052.00,30042.50,30050.75,268,30050.75,30050.75,0.00
2026-06-30 09:30:28,30051.50,30054.00,30034.25,30044.00,481,30044.00,30044.00,0.00
2026-06-30 09:30:29,30043.50,30044.75,30034.50,30035.75,223,30035.75,30035.75,0.00
2026-06-30 09:30:30,30035.75,30038.00,30034.25,30037.50,178,30037.50,30037.50,0.00
2026-06-30 09:30:31,30037.25,30042.50,30034.75,30038.75,296,30038.75,30038.75,0.00
2026-06-30 09:30:32,30039.00,30049.50,30037.75,30047.25,273,30047.25,30047.25,0.00
2026-06-30 09:30:33,30047.25,30050.75,30044.00,30050.25,179,30050.25,30050.25,0.00
2026-06-30 09:30:34,30050.00,30051.00,30045.25,30051.00,195,30051.00,30051.00,0.00
2026-06-30 09:30:35,30050.25,30051.25,30043.00,30043.75,151,30043.75,30043.75,0.00
2026-06-30 09:30:36,30043.25,30045.75,30040.50,30040.75,125,30040.75,30040.75,0.00
2026-06-30 09:30:37,30041.75,30045.25,30038.00,30039.75,168,30039.75,30039.75,0.00
2026-06-30 09:30:38,30039.75,30046.50,30039.50,30040.25,152,30040.25,30040.25,0.00
2026-06-30 09:30:39,30040.75,30044.50,30040.25,30040.75,71,30040.75,30040.75,0.00
2026-06-30 09:30:40,30041.25,30044.75,30038.00,30044.75,109,30044.75,30044.75,0.00
2026-06-30 09:30:41,30044.75,30064.75,30043.00,30062.50,468,30062.50,30062.50,0.00
2026-06-30 09:30:42,30062.75,30064.50,30056.75,30061.25,235,30061.25,30061.25,0.00
2026-06-30 09:30:43,30061.25,30064.00,30057.25,30059.50,196,30059.50,30059.50,0.00
2026-06-30 09:30:44,30059.50,30067.75,30059.50,30066.50,135,30066.50,30066.50,0.00
2026-06-30 09:30:45,30067.25,30083.75,30067.25,30081.50,566,30081.50,30081.50,0.00
2026-06-30 09:30:46,30081.50,30083.25,30077.25,30082.00,386,30082.00,30082.00,0.00
2026-06-30 09:30:47,30081.50,30086.25,30080.00,30084.00,324,30084.00,30084.00,0.00
2026-06-30 09:30:48,30084.00,30092.00,30081.75,30090.25,587,30090.25,30090.25,0.00
2026-06-30 09:30:49,30089.75,30092.25,30082.75,30086.25,456,30086.25,30086.25,0.00
2026-06-30 09:30:50,30085.25,30090.50,30081.50,30083.50,346,30083.50,30083.50,0.00
2026-06-30 09:30:51,30083.50,30085.25,30078.00,30082.50,313,30082.50,30082.50,0.00
2026-06-30 09:30:52,30082.25,30085.00,30080.50,30082.25,197,30082.25,30082.25,0.00
2026-06-30 09:30:53,30082.25,30087.50,30082.25,30085.75,169,30085.75,30085.75,0.00
2026-06-30 09:30:54,30085.00,30087.00,30082.75,30083.25,130,30083.25,30083.25,0.00
2026-06-30 09:30:55,30082.75,30085.25,30079.50,30082.50,155,30082.50,30082.50,0.00
2026-06-30 09:30:56,30081.50,30084.00,30079.00,30082.00,191,30082.00,30082.00,0.00
2026-06-30 09:30:57,30082.75,30082.75,30075.25,30082.00,224,30082.00,30082.00,0.00
2026-06-30 09:30:58,30081.75,30090.00,30080.75,30087.00,219,30087.00,30087.00,0.00
2026-06-30 09:30:59,30087.75,30090.75,30087.00,30087.75,161,30087.75,30087.75,0.00
2026-06-30 09:31:00,30088.00,30089.50,30083.00,30086.75,289,30086.75,30086.75,0.00
2026-06-30 09:31:01,30087.25,30088.25,30081.25,30085.00,195,30085.00,30085.00,0.00
2026-06-30 09:31:02,30084.00,30091.75,30083.00,30090.25,229,30090.25,30090.25,0.00
2026-06-30 09:31:03,30090.00,30093.25,30087.50,30088.00,189,30088.00,30088.00,0.00
2026-06-30 09:31:04,30087.75,30093.25,30086.25,30090.50,264,30090.50,30090.50,0.00
2026-06-30 09:31:05,30091.00,30103.00,30090.50,30102.00,729,30102.00,30102.00,0.00
2026-06-30 09:31:06,30101.25,30104.50,30100.25,30104.50,473,30104.50,30104.50,0.00
2026-06-30 09:31:07,30104.00,30109.75,30101.75,30109.50,407,30109.50,30109.50,0.00
2026-06-30 09:31:08,30109.25,30116.25,30108.25,30115.50,562,30115.50,30115.50,0.00
2026-06-30 09:31:09,30115.75,30119.00,30113.25,30116.50,478,30116.50,30116.50,0.00
2026-06-30 09:31:10,30117.00,30122.00,30113.50,30115.25,409,30115.25,30115.25,0.00
2026-06-30 09:31:11,30114.50,30119.50,30114.25,30116.75,351,30116.75,30116.75,0.00
2026-06-30 09:31:12,30116.75,30117.50,30109.75,30111.50,266,30111.50,30111.50,0.00
2026-06-30 09:31:13,30112.50,30117.00,30111.00,30114.25,190,30114.25,30114.25,0.00
2026-06-30 09:31:14,30114.75,30120.00,30114.50,30115.75,187,30115.75,30115.75,0.00
2026-06-30 09:31:15,30115.00,30118.25,30111.50,30116.50,296,30116.50,30116.50,0.00
2026-06-30 09:31:16,30116.75,30124.00,30115.75,30121.50,322,30121.50,30121.50,0.00
2026-06-30 09:31:17,30122.00,30124.25,30118.50,30121.75,215,30121.75,30121.75,0.00
2026-06-30 09:31:18,30122.00,30123.25,30109.50,30109.50,341,30109.50,30109.50,0.00
2026-06-30 09:31:19,30110.00,30111.75,30107.00,30111.25,335,30111.25,30111.25,0.00
2026-06-30 09:31:20,30112.25,30118.50,30111.25,30116.75,196,30116.75,30116.75,0.00
2026-06-30 09:31:21,30117.25,30124.75,30116.25,30122.25,252,30122.25,30122.25,0.00
2026-06-30 09:31:22,30122.25,30129.00,30121.50,30128.75,308,30128.75,30128.75,0.00
2026-06-30 09:31:23,30128.75,30131.25,30128.00,30129.25,358,30129.25,30129.25,0.00
2026-06-30 09:31:24,30129.00,30130.75,30126.00,30128.50,288,30128.50,30128.50,0.00
2026-06-30 09:31:25,30128.25,30129.25,30125.50,30128.75,181,30128.75,30128.75,0.00
2026-06-30 09:31:26,30128.50,30134.25,30126.25,30126.25,278,30126.25,30126.25,0.00
2026-06-30 09:31:27,30126.25,30128.75,30123.50,30126.00,177,30126.00,30126.00,0.00
2026-06-30 09:31:28,30124.50,30128.25,30122.75,30126.00,197,30126.00,30126.00,0.00
2026-06-30 09:31:29,30127.00,30128.00,30123.75,30125.00,152,30125.00,30125.00,0.00
2026-06-30 09:31:30,30124.75,30127.25,30123.50,30125.25,174,30125.25,30125.25,0.00
2026-06-30 09:31:31,30125.75,30126.00,30120.00,30122.25,204,30122.25,30122.25,0.00
2026-06-30 09:31:32,30122.00,30131.00,30117.50,30131.00,214,30131.00,30131.00,0.00
2026-06-30 09:31:33,30131.25,30132.25,30128.25,30132.25,180,30132.25,30132.25,0.00
2026-06-30 09:31:34,30132.00,30133.25,30129.25,30130.00,121,30130.00,30130.00,0.00
2026-06-30 09:31:35,30130.25,30130.75,30126.75,30128.75,163,30128.75,30128.75,0.00
2026-06-30 09:31:36,30128.25,30136.50,30127.00,30135.25,204,30135.25,30135.25,0.00
2026-06-30 09:31:37,30135.00,30136.50,30132.50,30135.75,178,30135.75,30135.75,0.00
2026-06-30 09:31:38,30135.50,30136.75,30129.50,30132.75,247,30132.75,30132.75,0.00
2026-06-30 09:31:39,30132.75,30136.75,30129.75,30130.50,199,30130.50,30130.50,0.00
2026-06-30 09:31:40,30130.75,30132.25,30126.50,30131.00,216,30131.00,30131.00,0.00
2026-06-30 09:31:41,30131.25,30136.00,30130.50,30130.50,203,30130.50,30130.50,0.00
2026-06-30 09:31:42,30130.25,30138.00,30130.00,30136.00,285,30136.00,30136.00,0.00
2026-06-30 09:31:43,30136.00,30138.25,30135.25,30137.00,137,30137.00,30137.00,0.00
2026-06-30 09:31:44,30136.00,30137.25,30132.50,30136.75,187,30136.75,30136.75,0.00
2026-06-30 09:31:45,30135.75,30139.75,30132.50,30139.00,172,30139.00,30139.00,0.00
2026-06-30 09:31:46,30138.50,30139.00,30134.00,30135.50,211,30135.50,30135.50,0.00
2026-06-30 09:31:47,30135.50,30135.75,30132.25,30133.50,177,30133.50,30133.50,0.00
2026-06-30 09:31:48,30133.25,30133.50,30127.50,30129.00,166,30129.00,30129.00,0.00
2026-06-30 09:31:49,30129.50,30131.00,30127.00,30130.00,222,30130.00,30130.00,0.00
2026-06-30 09:31:50,30130.00,30131.00,30128.75,30130.25,80,30130.25,30130.25,0.00
2026-06-30 09:31:51,30130.50,30131.50,30127.00,30130.00,85,30130.00,30130.00,0.00
2026-06-30 09:31:52,30129.25,30131.00,30127.50,30130.75,91,30130.75,30130.75,0.00
2026-06-30 09:31:53,30130.75,30132.75,30125.00,30125.75,217,30125.75,30125.75,0.00
2026-06-30 09:31:54,30126.25,30127.00,30122.75,30126.00,155,30126.00,30126.00,0.00
2026-06-30 09:31:55,30125.50,30126.25,30123.75,30125.00,127,30125.00,30125.00,0.00
2026-06-30 09:31:56,30124.25,30132.00,30124.00,30131.50,182,30131.50,30131.50,0.00
2026-06-30 09:31:57,30131.25,30132.50,30129.00,30130.50,116,30130.50,30130.50,0.00
2026-06-30 09:31:58,30130.00,30130.75,30118.25,30125.50,349,30125.50,30125.50,0.00
2026-06-30 09:31:59,30126.25,30132.50,30125.00,30131.50,113,30131.50,30131.50,0.00
2026-06-30 09:32:00,30131.25,30131.25,30128.75,30128.75,106,30128.75,30128.75,0.00
2026-06-30 09:32:01,30128.75,30128.75,30114.50,30115.25,321,30115.25,30115.25,0.00
2026-06-30 09:32:02,30116.00,30118.00,30110.00,30113.25,614,30113.25,30113.25,0.00
2026-06-30 09:32:03,30113.50,30117.50,30110.50,30114.50,411,30114.50,30114.50,0.00
2026-06-30 09:32:04,30114.00,30121.25,30111.50,30121.00,265,30121.00,30121.00,0.00
2026-06-30 09:32:05,30120.75,30120.75,30112.50,30113.00,169,30113.00,30113.00,0.00
2026-06-30 09:32:06,30112.50,30117.25,30110.00,30112.50,213,30112.50,30112.50,0.00
2026-06-30 09:32:07,30112.75,30114.00,30110.25,30111.25,177,30111.25,30111.25,0.00
2026-06-30 09:32:08,30111.50,30115.25,30109.25,30113.00,198,30113.00,30113.00,0.00
2026-06-30 09:32:09,30113.50,30116.00,30112.25,30112.25,151,30112.25,30112.25,0.00
2026-06-30 09:32:10,30112.00,30116.25,30110.00,30114.75,156,30114.75,30114.75,0.00
2026-06-30 09:32:11,30114.50,30116.75,30105.00,30108.00,415,30108.00,30108.00,0.00
2026-06-30 09:32:12,30107.25,30110.00,30105.00,30108.25,165,30108.25,30108.25,0.00
2026-06-30 09:32:13,30108.25,30115.00,30107.75,30115.00,146,30115.00,30115.00,0.00
2026-06-30 09:32:14,30115.25,30115.50,30108.75,30108.75,120,30108.75,30108.75,0.00
2026-06-30 09:32:15,30108.50,30110.25,30103.75,30104.25,127,30104.25,30104.25,0.00
2026-06-30 09:32:16,30106.50,30111.00,30105.00,30107.75,189,30107.75,30107.75,0.00
2026-06-30 09:32:17,30107.75,30111.25,30104.25,30105.25,124,30105.25,30105.25,0.00
2026-06-30 09:32:18,30105.75,30108.75,30101.50,30102.75,227,30102.75,30102.75,0.00
2026-06-30 09:32:19,30102.75,30105.25,30101.25,30101.50,172,30101.50,30101.50,0.00
2026-06-30 09:32:20,30101.75,30105.00,30101.75,30103.75,114,30103.75,30103.75,0.00
2026-06-30 09:32:21,30104.25,30104.50,30101.00,30104.50,182,30104.50,30104.50,0.00
2026-06-30 09:32:22,30104.25,30106.00,30099.25,30103.00,222,30103.00,30103.00,0.00
2026-06-30 09:32:23,30102.75,30103.00,30097.00,30098.50,235,30098.50,30098.50,0.00
2026-06-30 09:32:24,30099.75,30102.00,30090.50,30101.00,611,30101.00,30101.00,0.00
2026-06-30 09:32:25,30101.75,30103.00,30100.50,30101.25,194,30101.25,30101.25,0.00
2026-06-30 09:32:26,30102.00,30106.00,30100.75,30101.25,183,30101.25,30101.25,0.00
2026-06-30 09:32:27,30100.50,30102.75,30096.00,30098.75,346,30098.75,30098.75,0.00
2026-06-30 09:32:28,30098.75,30099.75,30096.00,30097.75,141,30097.75,30097.75,0.00
2026-06-30 09:32:29,30096.50,30104.00,30094.75,30103.75,198,30103.75,30103.75,0.00
2026-06-30 09:32:30,30103.25,30106.25,30099.25,30101.75,188,30101.75,30101.75,0.00
2026-06-30 09:32:31,30102.50,30103.00,30098.50,30102.00,102,30102.00,30102.00,0.00
2026-06-30 09:32:32,30100.75,30103.00,30099.25,30101.25,85,30101.25,30101.25,0.00
2026-06-30 09:32:33,30101.75,30107.00,30101.50,30106.75,137,30106.75,30106.75,0.00
2026-06-30 09:32:34,30107.25,30122.25,30107.25,30120.50,623,30120.50,30120.50,0.00
2026-06-30 09:32:35,30120.00,30125.00,30118.00,30124.50,379,30124.50,30124.50,0.00
2026-06-30 09:32:36,30124.00,30134.00,30122.50,30134.00,341,30134.00,30134.00,0.00
2026-06-30 09:32:37,30133.75,30135.00,30132.00,30134.50,286,30134.50,30134.50,0.00
2026-06-30 09:32:38,30134.00,30135.00,30131.75,30132.25,263,30132.25,30132.25,0.00
2026-06-30 09:32:39,30132.25,30144.25,30131.50,30141.25,446,30141.25,30141.25,0.00
2026-06-30 09:32:40,30140.25,30144.25,30139.00,30143.50,342,30143.50,30143.50,0.00
2026-06-30 09:32:41,30143.50,30143.75,30136.75,30140.00,410,30140.00,30140.00,0.00
2026-06-30 09:32:42,30140.00,30146.75,30133.75,30141.75,634,30141.75,30141.75,0.00
2026-06-30 09:32:43,30141.50,30147.50,30141.25,30142.00,306,30142.00,30142.00,0.00
2026-06-30 09:32:44,30142.50,30148.00,30139.50,30147.25,322,30147.25,30147.25,0.00
2026-06-30 09:32:45,30146.75,30148.00,30143.50,30145.00,184,30145.00,30145.00,0.00
2026-06-30 09:32:46,30144.75,30146.75,30142.50,30144.50,162,30144.50,30144.50,0.00
2026-06-30 09:32:47,30144.50,30147.75,30140.50,30142.25,140,30142.25,30142.25,0.00
2026-06-30 09:32:48,30141.75,30148.50,30141.25,30145.75,255,30145.75,30145.75,0.00
2026-06-30 09:32:49,30145.25,30146.00,30134.75,30138.50,367,30138.50,30138.50,0.00
2026-06-30 09:32:50,30140.00,30140.75,30133.50,30135.25,222,30135.25,30135.25,0.00
2026-06-30 09:32:51,30136.00,30139.00,30132.75,30134.25,216,30134.25,30134.25,0.00
2026-06-30 09:32:52,30135.00,30140.25,30131.50,30138.75,180,30138.75,30138.75,0.00
2026-06-30 09:32:53,30138.50,30139.00,30132.00,30135.00,141,30135.00,30135.00,0.00
2026-06-30 09:32:54,30136.25,30137.75,30133.50,30135.50,96,30135.50,30135.50,0.00
2026-06-30 09:32:55,30135.00,30138.25,30134.50,30135.00,94,30135.00,30135.00,0.00
2026-06-30 09:32:56,30135.00,30139.25,30134.75,30137.50,174,30137.50,30137.50,0.00
2026-06-30 09:32:57,30138.25,30140.00,30136.50,30137.00,113,30137.00,30137.00,0.00
2026-06-30 09:32:58,30137.50,30141.75,30137.00,30141.25,143,30141.25,30141.25,0.00
2026-06-30 09:32:59,30141.00,30142.75,30135.75,30136.25,151,30136.25,30136.25,0.00
2026-06-30 09:33:00,30136.00,30138.50,30134.00,30136.50,148,30136.50,30136.50,0.00
2026-06-30 09:33:01,30135.25,30136.00,30130.75,30132.50,217,30132.50,30132.50,0.00
2026-06-30 09:33:02,30132.50,30138.25,30129.50,30137.75,220,30137.75,30137.75,0.00
2026-06-30 09:33:03,30137.50,30142.50,30135.50,30137.00,186,30137.00,30137.00,0.00
2026-06-30 09:33:04,30137.25,30140.75,30136.25,30136.50,129,30136.50,30136.50,0.00
2026-06-30 09:33:05,30136.50,30138.00,30133.75,30136.50,120,30136.50,30136.50,0.00
2026-06-30 09:33:06,30136.50,30136.50,30132.50,30134.25,104,30134.25,30134.25,0.00
2026-06-30 09:33:07,30133.75,30136.00,30130.75,30135.25,127,30135.25,30135.25,0.00
2026-06-30 09:33:08,30134.25,30139.50,30134.00,30139.25,121,30139.25,30139.25,0.00
2026-06-30 09:33:09,30139.50,30140.00,30136.75,30139.25,103,30139.25,30139.25,0.00
2026-06-30 09:33:10,30138.50,30141.75,30137.75,30139.25,102,30139.25,30139.25,0.00
2026-06-30 09:33:11,30138.75,30140.00,30135.25,30136.50,116,30136.50,30136.50,0.00
2026-06-30 09:33:12,30136.25,30138.00,30134.50,30134.50,82,30134.50,30134.50,0.00
2026-06-30 09:33:13,30136.25,30139.50,30135.00,30137.25,113,30137.25,30137.25,0.00
2026-06-30 09:33:14,30136.75,30139.50,30132.50,30139.50,131,30139.50,30139.50,0.00
2026-06-30 09:33:15,30139.75,30141.25,30133.50,30137.75,173,30137.75,30137.75,0.00
2026-06-30 09:33:16,30137.25,30138.25,30132.75,30135.50,85,30135.50,30135.50,0.00
2026-06-30 09:33:17,30135.25,30138.75,30134.50,30137.25,93,30137.25,30137.25,0.00
2026-06-30 09:33:18,30136.75,30146.00,30136.25,30144.50,281,30144.50,30144.50,0.00
2026-06-30 09:33:19,30144.75,30152.50,30144.25,30148.50,570,30148.50,30148.50,0.00
2026-06-30 09:33:20,30147.75,30151.75,30146.00,30151.25,210,30151.25,30151.25,0.00
2026-06-30 09:33:21,30150.50,30156.00,30149.50,30156.00,403,30156.00,30156.00,0.00
2026-06-30 09:33:22,30155.75,30157.00,30152.50,30154.50,238,30154.50,30154.50,0.00
2026-06-30 09:33:23,30155.25,30155.25,30151.75,30153.25,172,30153.25,30153.25,0.00
2026-06-30 09:33:24,30154.25,30155.50,30152.25,30153.25,158,30153.25,30153.25,0.00
2026-06-30 09:33:25,30153.00,30156.00,30152.75,30154.00,165,30154.00,30154.00,0.00
2026-06-30 09:33:26,30153.75,30157.75,30151.00,30155.75,319,30155.75,30155.75,0.00
2026-06-30 09:33:27,30156.25,30159.25,30155.75,30157.50,231,30157.50,30157.50,0.00
2026-06-30 09:33:28,30157.50,30160.00,30156.25,30157.25,137,30157.25,30157.25,0.00
2026-06-30 09:33:29,30156.50,30159.00,30156.00,30156.50,115,30156.50,30156.50,0.00
2026-06-30 09:33:30,30156.50,30158.25,30152.00,30152.75,170,30152.75,30152.75,0.00
2026-06-30 09:33:31,30152.25,30157.50,30151.50,30155.25,163,30155.25,30155.25,0.00
2026-06-30 09:33:32,30155.50,30155.50,30144.75,30148.75,456,30148.75,30148.75,0.00
2026-06-30 09:33:33,30149.50,30151.50,30148.00,30150.25,160,30150.25,30150.25,0.00
2026-06-30 09:33:34,30151.25,30153.25,30149.00,30151.00,246,30151.00,30151.00,0.00
2026-06-30 09:33:35,30151.50,30152.00,30146.50,30150.50,169,30150.50,30150.50,0.00
2026-06-30 09:33:36,30150.25,30158.00,30149.75,30157.25,185,30157.25,30157.25,0.00
2026-06-30 09:33:37,30157.00,30161.50,30157.00,30158.75,243,30158.75,30158.75,0.00
2026-06-30 09:33:38,30159.75,30160.00,30156.00,30157.50,186,30157.50,30157.50,0.00
2026-06-30 09:33:39,30157.50,30159.75,30157.00,30158.50,141,30158.50,30158.50,0.00
2026-06-30 09:33:40,30158.25,30162.75,30158.00,30161.00,197,30161.00,30161.00,0.00
2026-06-30 09:33:41,30160.50,30162.00,30158.50,30158.50,159,30158.50,30158.50,0.00
2026-06-30 09:33:42,30158.75,30166.50,30158.50,30165.25,344,30165.25,30165.25,0.00
2026-06-30 09:33:43,30165.75,30166.25,30162.00,30162.50,230,30162.50,30162.50,0.00
2026-06-30 09:33:44,30163.25,30163.25,30153.50,30154.25,218,30154.25,30154.25,0.00
2026-06-30 09:33:45,30154.00,30155.50,30150.25,30151.25,260,30151.25,30151.25,0.00
2026-06-30 09:33:46,30151.00,30152.50,30145.75,30147.25,226,30147.25,30147.25,0.00
2026-06-30 09:33:47,30146.75,30147.25,30141.25,30143.50,258,30143.50,30143.50,0.00
2026-06-30 09:33:48,30144.00,30145.75,30142.50,30142.50,229,30142.50,30142.50,0.00
2026-06-30 09:33:49,30143.75,30147.25,30141.75,30146.00,175,30146.00,30146.00,0.00
2026-06-30 09:33:50,30145.75,30151.25,30145.25,30150.25,198,30150.25,30150.25,0.00
2026-06-30 09:33:51,30150.50,30155.75,30150.25,30154.25,178,30154.25,30154.25,0.00
2026-06-30 09:33:52,30154.50,30156.75,30153.50,30156.75,111,30156.75,30156.75,0.00
2026-06-30 09:33:53,30156.00,30158.75,30154.50,30157.50,179,30157.50,30157.50,0.00
2026-06-30 09:33:54,30157.75,30159.50,30155.50,30155.50,167,30155.50,30155.50,0.00
2026-06-30 09:33:55,30155.25,30156.25,30153.25,30154.00,150,30154.00,30154.00,0.00
2026-06-30 09:33:56,30154.00,30155.00,30151.75,30154.25,115,30154.25,30154.25,0.00
2026-06-30 09:33:57,30154.00,30154.50,30148.00,30153.75,188,30153.75,30153.75,0.00
2026-06-30 09:33:58,30153.25,30164.25,30153.25,30162.00,283,30162.00,30162.00,0.00
2026-06-30 09:33:59,30162.25,30162.25,30156.50,30156.50,176,30156.50,30156.50,0.00
2026-06-30 09:34:00,30156.50,30159.50,30153.50,30159.50,149,30159.50,30159.50,0.00
2026-06-30 09:34:01,30158.75,30163.25,30158.75,30160.50,273,30160.50,30160.50,0.00
2026-06-30 09:34:02,30161.50,30162.00,30157.75,30159.50,170,30159.50,30159.50,0.00
2026-06-30 09:34:03,30159.50,30161.25,30157.25,30161.00,160,30161.00,30161.00,0.00
2026-06-30 09:34:04,30159.00,30162.50,30158.25,30161.25,120,30161.25,30161.25,0.00
2026-06-30 09:34:05,30160.25,30163.50,30160.00,30161.00,233,30161.00,30161.00,0.00
2026-06-30 09:34:06,30161.00,30162.75,30155.75,30155.75,242,30155.75,30155.75,0.00
2026-06-30 09:34:07,30155.25,30162.50,30154.75,30160.25,152,30160.25,30160.25,0.00
2026-06-30 09:34:08,30160.75,30171.50,30160.00,30171.00,522,30171.00,30171.00,0.00
2026-06-30 09:34:09,30170.75,30177.00,30170.75,30174.75,680,30174.75,30174.75,0.00
2026-06-30 09:34:10,30175.25,30176.25,30170.75,30171.25,339,30171.25,30171.25,0.00
2026-06-30 09:34:11,30171.00,30172.00,30166.75,30169.50,356,30169.50,30169.50,0.00
2026-06-30 09:34:12,30168.75,30169.75,30165.00,30167.50,197,30167.50,30167.50,0.00
2026-06-30 09:34:13,30168.00,30171.00,30167.50,30169.50,126,30169.50,30169.50,0.00
2026-06-30 09:34:14,30169.00,30171.25,30167.25,30167.50,136,30167.50,30167.50,0.00
2026-06-30 09:34:15,30168.75,30169.25,30162.50,30166.50,168,30166.50,30166.50,0.00
2026-06-30 09:34:16,30166.00,30167.25,30162.00,30164.25,182,30164.25,30164.25,0.00
2026-06-30 09:34:17,30164.75,30165.75,30161.75,30164.75,145,30164.75,30164.75,0.00
2026-06-30 09:34:18,30164.25,30171.00,30164.25,30169.25,268,30169.25,30169.25,0.00
2026-06-30 09:34:19,30169.25,30171.75,30168.25,30171.25,140,30171.25,30171.25,0.00
2026-06-30 09:34:20,30170.75,30182.50,30170.75,30182.25,613,30182.25,30182.25,0.00
2026-06-30 09:34:21,30182.50,30188.00,30182.50,30186.50,545,30186.50,30186.50,0.00
2026-06-30 09:34:22,30187.50,30189.25,30184.50,30187.75,305,30187.75,30187.75,0.00
2026-06-30 09:34:23,30187.75,30187.75,30180.50,30183.25,379,30183.25,30183.25,0.00
2026-06-30 09:34:24,30183.25,30185.25,30181.25,30182.25,203,30182.25,30182.25,0.00
2026-06-30 09:34:25,30182.00,30185.25,30175.75,30178.50,593,30178.50,30178.50,0.00
2026-06-30 09:34:26,30178.75,30178.75,30176.25,30177.25,138,30177.25,30177.25,0.00
2026-06-30 09:34:27,30177.00,30177.00,30171.00,30172.25,195,30172.25,30172.25,0.00
2026-06-30 09:34:28,30172.75,30173.00,30170.00,30172.50,215,30172.50,30172.50,0.00
2026-06-30 09:34:29,30172.25,30184.00,30172.25,30184.00,213,30184.00,30184.00,0.00
2026-06-30 09:34:30,30183.50,30186.50,30183.50,30185.00,168,30185.00,30185.00,0.00
2026-06-30 09:34:31,30185.75,30188.50,30184.75,30186.75,189,30186.75,30186.75,0.00
2026-06-30 09:34:32,30185.50,30187.75,30181.75,30182.50,160,30182.50,30182.50,0.00
2026-06-30 09:34:33,30183.25,30184.00,30178.75,30178.75,124,30178.75,30178.75,0.00
2026-06-30 09:34:34,30178.50,30178.50,30175.25,30177.00,181,30177.00,30177.00,0.00
2026-06-30 09:34:35,30176.50,30177.50,30174.25,30174.50,84,30174.50,30174.50,0.00
2026-06-30 09:34:36,30175.00,30176.50,30173.75,30175.00,116,30175.00,30175.00,0.00
2026-06-30 09:34:37,30175.00,30181.50,30173.50,30181.00,164,30181.00,30181.00,0.00
2026-06-30 09:34:38,30180.75,30182.25,30177.00,30178.25,191,30178.25,30178.25,0.00
2026-06-30 09:34:39,30178.00,30179.75,30175.75,30178.25,182,30178.25,30178.25,0.00
2026-06-30 09:34:40,30178.00,30178.75,30175.25,30175.25,116,30175.25,30175.25,0.00
2026-06-30 09:34:41,30175.50,30178.25,30174.00,30175.50,126,30175.50,30175.50,0.00
2026-06-30 09:34:42,30175.50,30178.50,30174.00,30174.00,171,30174.00,30174.00,0.00
2026-06-30 09:34:43,30174.50,30175.00,30166.75,30169.25,451,30169.25,30169.25,0.00
2026-06-30 09:34:44,30169.50,30169.75,30166.75,30167.25,120,30167.25,30167.25,0.00
2026-06-30 09:34:45,30166.75,30169.00,30164.25,30169.00,263,30169.00,30169.00,0.00
2026-06-30 09:34:46,30168.25,30173.00,30167.50,30172.50,197,30172.50,30172.50,0.00
2026-06-30 09:34:47,30173.00,30176.75,30171.75,30175.75,133,30175.75,30175.75,0.00
2026-06-30 09:34:48,30175.75,30176.75,30174.50,30175.00,88,30175.00,30175.00,0.00
2026-06-30 09:34:49,30174.75,30182.00,30173.00,30181.00,210,30181.00,30181.00,0.00
2026-06-30 09:34:50,30181.00,30181.75,30175.75,30176.75,325,30176.75,30176.75,0.00
2026-06-30 09:34:51,30178.00,30179.00,30174.75,30176.75,131,30176.75,30176.75,0.00
2026-06-30 09:34:52,30175.75,30179.50,30173.50,30176.50,171,30176.50,30176.50,0.00
2026-06-30 09:34:53,30176.25,30184.25,30176.25,30182.75,121,30182.75,30182.75,0.00
2026-06-30 09:34:54,30183.00,30183.25,30181.00,30182.00,160,30182.00,30182.00,0.00
2026-06-30 09:34:55,30182.50,30184.00,30179.50,30181.00,136,30181.00,30181.00,0.00
2026-06-30 09:34:56,30181.25,30185.25,30180.50,30184.25,151,30184.25,30184.25,0.00
2026-06-30 09:34:57,30184.25,30185.00,30182.00,30182.75,77,30182.75,30182.75,0.00
2026-06-30 09:34:58,30183.00,30185.00,30182.75,30184.25,81,30184.25,30184.25,0.00
2026-06-30 09:34:59,30183.75,30184.25,30178.75,30179.00,108,30179.00,30179.00,0.00
2026-06-30 09:35:00,30178.75,30182.75,30178.50,30179.50,125,30179.50,30179.50,0.00
2026-06-30 09:35:01,30179.00,30185.00,30167.75,30169.75,656,30169.75,30169.75,0.00
2026-06-30 09:35:02,30169.50,30172.25,30162.00,30163.75,469,30163.75,30163.75,0.00
2026-06-30 09:35:03,30164.00,30164.75,30160.00,30164.00,332,30164.00,30164.00,0.00
2026-06-30 09:35:04,30164.00,30164.50,30158.50,30160.50,314,30160.50,30160.50,0.00
2026-06-30 09:35:05,30161.25,30161.75,30158.50,30159.00,225,30159.00,30159.00,0.00
2026-06-30 09:35:06,30159.00,30167.00,30156.50,30165.25,318,30165.25,30165.25,0.00
2026-06-30 09:35:07,30165.00,30166.50,30161.50,30163.75,217,30163.75,30163.75,0.00
2026-06-30 09:35:08,30164.00,30171.00,30163.25,30170.00,180,30170.00,30170.00,0.00
2026-06-30 09:35:09,30170.00,30176.00,30166.75,30174.50,181,30174.50,30174.50,0.00
2026-06-30 09:35:10,30174.50,30178.00,30173.75,30178.00,204,30178.00,30178.00,0.00
2026-06-30 09:35:11,30178.00,30180.50,30174.75,30178.25,169,30178.25,30178.25,0.00
2026-06-30 09:35:12,30177.50,30182.75,30177.50,30182.50,162,30182.50,30182.50,0.00
2026-06-30 09:35:13,30181.00,30183.75,30178.50,30182.50,274,30182.50,30182.50,0.00
2026-06-30 09:35:14,30182.50,30182.50,30177.75,30180.50,129,30180.50,30180.50,0.00
2026-06-30 09:35:15,30179.75,30204.50,30179.75,30203.75,1457,30203.75,30203.75,0.00
2026-06-30 09:35:16,30203.75,30206.50,30201.25,30206.25,616,30206.25,30206.25,0.00
2026-06-30 09:35:17,30206.25,30211.00,30205.00,30208.75,529,30208.75,30208.75,0.00
2026-06-30 09:35:18,30208.00,30214.00,30208.00,30212.25,519,30212.25,30212.25,0.00
2026-06-30 09:35:19,30212.75,30225.00,30211.75,30225.00,1025,30225.00,30225.00,0.00
2026-06-30 09:35:20,30224.25,30226.25,30220.50,30222.00,607,30222.00,30222.00,0.00
2026-06-30 09:35:21,30222.25,30229.50,30221.25,30222.75,522,30222.75,30222.75,0.00
2026-06-30 09:35:22,30222.75,30226.50,30222.50,30225.25,289,30225.25,30225.25,0.00
2026-06-30 09:35:23,30225.50,30229.25,30223.75,30227.00,215,30227.00,30227.00,0.00
2026-06-30 09:35:24,30227.25,30227.75,30223.00,30225.00,299,30225.00,30225.00,0.00
2026-06-30 09:35:25,30225.00,30225.75,30222.75,30224.25,183,30224.25,30224.25,0.00
2026-06-30 09:35:26,30223.50,30230.00,30223.00,30229.00,203,30229.00,30229.00,0.00
2026-06-30 09:35:27,30228.00,30230.00,30225.25,30227.75,237,30227.75,30227.75,0.00
2026-06-30 09:35:28,30228.50,30230.75,30226.25,30229.50,242,30229.50,30229.50,0.00
2026-06-30 09:35:29,30230.00,30246.25,30229.00,30239.75,1401,30239.75,30239.75,0.00
2026-06-30 09:35:30,30239.25,30244.50,30239.00,30240.75,337,30240.75,30240.75,0.00
2026-06-30 09:35:31,30241.25,30243.00,30237.50,30242.75,295,30242.75,30242.75,0.00
2026-06-30 09:35:32,30242.00,30246.00,30239.25,30243.25,304,30243.25,30243.25,0.00
2026-06-30 09:35:33,30243.00,30250.75,30242.25,30246.50,604,30246.50,30246.50,0.00
2026-06-30 09:35:34,30246.25,30246.50,30234.25,30235.50,362,30235.50,30235.50,0.00
2026-06-30 09:35:35,30235.75,30236.25,30232.25,30233.00,323,30233.00,30233.00,0.00
2026-06-30 09:35:36,30233.50,30235.50,30229.00,30230.00,293,30230.00,30230.00,0.00
2026-06-30 09:35:37,30229.50,30235.75,30229.00,30233.25,220,30233.25,30233.25,0.00
2026-06-30 09:35:38,30232.50,30237.50,30231.50,30235.75,205,30235.75,30235.75,0.00
2026-06-30 09:35:39,30235.50,30237.25,30233.25,30234.50,106,30234.50,30234.50,0.00
2026-06-30 09:35:40,30235.00,30235.75,30230.75,30231.50,138,30231.50,30231.50,0.00
2026-06-30 09:35:41,30232.25,30232.50,30227.50,30227.75,194,30227.75,30227.75,0.00
2026-06-30 09:35:42,30228.50,30228.50,30226.00,30228.00,178,30228.00,30228.00,0.00
2026-06-30 09:35:43,30227.50,30231.50,30226.25,30227.75,176,30227.75,30227.75,0.00
2026-06-30 09:35:44,30227.25,30228.50,30225.50,30226.50,143,30226.50,30226.50,0.00
2026-06-30 09:35:45,30227.00,30230.00,30226.25,30230.00,236,30230.00,30230.00,0.00
2026-06-30 09:35:46,30229.75,30230.00,30226.25,30227.00,167,30227.00,30227.00,0.00
2026-06-30 09:35:47,30227.25,30234.25,30225.75,30231.75,151,30231.75,30231.75,0.00
2026-06-30 09:35:48,30232.25,30236.00,30230.50,30236.00,121,30236.00,30236.00,0.00
2026-06-30 09:35:49,30236.25,30238.75,30233.25,30234.00,200,30234.00,30234.00,0.00
2026-06-30 09:35:50,30233.50,30235.25,30229.00,30231.50,178,30231.50,30231.50,0.00
2026-06-30 09:35:51,30232.00,30236.00,30231.25,30233.00,194,30233.00,30233.00,0.00
2026-06-30 09:35:52,30232.50,30235.75,30230.75,30234.75,114,30234.75,30234.75,0.00
2026-06-30 09:35:53,30236.25,30237.50,30233.25,30236.25,144,30236.25,30236.25,0.00
2026-06-30 09:35:54,30237.00,30238.50,30235.50,30236.50,131,30236.50,30236.50,0.00
2026-06-30 09:35:55,30236.00,30237.00,30230.50,30231.25,168,30231.25,30231.25,0.00
2026-06-30 09:35:56,30233.00,30237.50,30233.00,30237.25,184,30237.25,30237.25,0.00
2026-06-30 09:35:57,30237.25,30237.75,30234.25,30235.50,133,30235.50,30235.50,0.00
2026-06-30 09:35:58,30236.00,30244.50,30235.00,30243.00,227,30243.00,30243.00,0.00
2026-06-30 09:35:59,30243.25,30251.00,30242.50,30249.50,332,30249.50,30249.50,0.00
2026-06-30 09:36:00,30249.50,30249.75,30246.50,30248.50,270,30248.50,30248.50,0.00
2026-06-30 09:36:01,30247.75,30248.25,30237.25,30238.50,470,30238.50,30238.50,0.00
2026-06-30 09:36:02,30238.25,30239.50,30230.75,30232.50,420,30232.50,30232.50,0.00
2026-06-30 09:36:03,30233.75,30237.25,30231.25,30236.75,300,30236.75,30236.75,0.00
2026-06-30 09:36:04,30236.00,30244.75,30235.00,30244.50,223,30244.50,30244.50,0.00
2026-06-30 09:36:05,30244.50,30248.25,30242.00,30242.50,203,30242.50,30242.50,0.00
2026-06-30 09:36:06,30242.50,30243.25,30234.50,30236.50,179,30236.50,30236.50,0.00
2026-06-30 09:36:07,30236.00,30237.25,30232.00,30236.50,242,30236.50,30236.50,0.00
2026-06-30 09:36:08,30238.00,30241.00,30236.50,30237.00,566,30237.00,30237.00,0.00
2026-06-30 09:36:09,30237.50,30240.50,30235.50,30240.50,125,30240.50,30240.50,0.00
2026-06-30 09:36:10,30240.50,30242.50,30237.75,30239.00,169,30239.00,30239.00,0.00
2026-06-30 09:36:11,30239.25,30239.75,30231.50,30232.50,248,30232.50,30232.50,0.00
2026-06-30 09:36:12,30233.50,30236.25,30232.25,30235.00,155,30235.00,30235.00,0.00
2026-06-30 09:36:13,30234.00,30238.25,30234.00,30237.50,154,30237.50,30237.50,0.00
2026-06-30 09:36:14,30237.50,30240.25,30237.50,30239.00,132,30239.00,30239.00,0.00
2026-06-30 09:36:15,30239.50,30243.00,30239.25,30240.50,130,30240.50,30240.50,0.00
2026-06-30 09:36:16,30240.75,30246.50,30240.75,30244.25,127,30244.25,30244.25,0.00
2026-06-30 09:36:17,30245.25,30251.25,30242.25,30249.75,273,30249.75,30249.75,0.00
2026-06-30 09:36:18,30249.75,30254.25,30248.50,30252.50,427,30252.50,30252.50,0.00
2026-06-30 09:36:19,30252.75,30253.25,30245.50,30247.50,289,30247.50,30247.50,0.00
2026-06-30 09:36:20,30246.25,30247.50,30238.75,30241.50,269,30241.50,30241.50,0.00
2026-06-30 09:36:21,30240.75,30244.00,30240.00,30242.50,190,30242.50,30242.50,0.00
2026-06-30 09:36:22,30243.25,30243.50,30238.50,30240.25,156,30240.25,30240.25,0.00
2026-06-30 09:36:23,30240.50,30246.50,30239.50,30246.00,128,30246.00,30246.00,0.00
2026-06-30 09:36:24,30246.50,30246.75,30243.00,30243.50,156,30243.50,30243.50,0.00
2026-06-30 09:36:25,30243.00,30243.75,30232.50,30233.50,280,30233.50,30233.50,0.00
2026-06-30 09:36:26,30233.50,30235.25,30230.50,30232.50,236,30232.50,30232.50,0.00
2026-06-30 09:36:27,30232.50,30233.25,30229.50,30229.75,200,30229.75,30229.75,0.00
2026-06-30 09:36:28,30230.50,30231.25,30222.50,30225.00,405,30225.00,30225.00,0.00
2026-06-30 09:36:29,30224.75,30226.00,30221.25,30225.75,330,30225.75,30225.75,0.00
2026-06-30 09:36:30,30226.25,30229.00,30224.75,30228.25,220,30228.25,30228.25,0.00
2026-06-30 09:36:31,30228.25,30228.75,30221.50,30223.00,240,30223.00,30223.00,0.00
2026-06-30 09:36:32,30222.75,30226.00,30222.50,30224.50,179,30224.50,30224.50,0.00
2026-06-30 09:36:33,30225.00,30233.50,30223.75,30232.00,294,30232.00,30232.00,0.00
2026-06-30 09:36:34,30232.00,30232.00,30228.25,30229.50,117,30229.50,30229.50,0.00
2026-06-30 09:36:35,30229.50,30232.00,30226.00,30230.50,143,30230.50,30230.50,0.00
2026-06-30 09:36:36,30231.25,30233.50,30227.50,30228.00,165,30228.00,30228.00,0.00
2026-06-30 09:36:37,30227.50,30230.25,30225.75,30226.75,123,30226.75,30226.75,0.00
2026-06-30 09:36:38,30226.25,30227.25,30221.25,30223.00,177,30223.00,30223.00,0.00
2026-06-30 09:36:39,30223.25,30224.00,30218.00,30219.25,364,30219.25,30219.25,0.00
2026-06-30 09:36:40,30219.50,30221.50,30218.25,30221.00,211,30221.00,30221.00,0.00
2026-06-30 09:36:41,30220.50,30221.00,30217.00,30218.50,235,30218.50,30218.50,0.00
2026-06-30 09:36:42,30219.00,30221.50,30218.00,30220.75,136,30220.75,30220.75,0.00
2026-06-30 09:36:43,30221.25,30222.75,30220.50,30221.00,129,30221.00,30221.00,0.00
2026-06-30 09:36:44,30221.25,30224.25,30219.75,30220.25,145,30220.25,30220.25,0.00
2026-06-30 09:36:45,30220.00,30222.00,30219.00,30220.25,93,30220.25,30220.25,0.00
2026-06-30 09:36:46,30220.75,30221.50,30216.00,30221.00,208,30221.00,30221.00,0.00
2026-06-30 09:36:47,30220.75,30226.75,30219.50,30225.50,167,30225.50,30225.50,0.00
2026-06-30 09:36:48,30226.25,30229.75,30225.50,30229.75,167,30229.75,30229.75,0.00
2026-06-30 09:36:49,30228.50,30230.50,30225.25,30227.00,185,30227.00,30227.00,0.00
2026-06-30 09:36:50,30226.50,30226.75,30220.75,30223.75,112,30223.75,30223.75,0.00
2026-06-30 09:36:51,30224.25,30227.75,30223.50,30225.50,115,30225.50,30225.50,0.00
2026-06-30 09:36:52,30226.00,30230.25,30224.00,30226.50,150,30226.50,30226.50,0.00
2026-06-30 09:36:53,30226.25,30226.50,30223.50,30224.75,91,30224.75,30224.75,0.00
2026-06-30 09:36:54,30224.00,30228.00,30222.50,30224.75,118,30224.75,30224.75,0.00
2026-06-30 09:36:55,30225.00,30227.25,30216.50,30219.75,166,30219.75,30219.75,0.00
2026-06-30 09:36:56,30220.00,30220.00,30213.25,30215.00,186,30215.00,30215.00,0.00
2026-06-30 09:36:57,30215.00,30216.25,30212.00,30215.25,261,30215.25,30215.25,0.00
2026-06-30 09:36:58,30215.00,30216.00,30213.00,30214.00,139,30214.00,30214.00,0.00
2026-06-30 09:36:59,30214.75,30217.25,30214.75,30216.75,111,30216.75,30216.75,0.00
2026-06-30 09:37:00,30216.25,30220.00,30216.00,30218.00,142,30218.00,30218.00,0.00
2026-06-30 09:37:01,30216.50,30222.00,30216.00,30219.75,193,30219.75,30219.75,0.00
2026-06-30 09:37:02,30219.50,30223.00,30217.50,30218.75,135,30218.75,30218.75,0.00
2026-06-30 09:37:03,30218.75,30218.75,30212.00,30215.50,219,30215.50,30215.50,0.00
2026-06-30 09:37:04,30215.75,30218.25,30210.50,30212.25,380,30212.25,30212.25,0.00
2026-06-30 09:37:05,30212.75,30214.00,30208.75,30213.50,286,30213.50,30213.50,0.00
2026-06-30 09:37:06,30213.50,30218.50,30212.75,30216.50,187,30216.50,30216.50,0.00
2026-06-30 09:37:07,30217.00,30217.50,30213.25,30214.50,101,30214.50,30214.50,0.00
2026-06-30 09:37:08,30214.75,30220.75,30213.50,30220.75,103,30220.75,30220.75,0.00
2026-06-30 09:37:09,30220.75,30221.50,30216.75,30218.00,156,30218.00,30218.00,0.00
2026-06-30 09:37:10,30218.25,30218.25,30210.25,30213.00,145,30213.00,30213.00,0.00
2026-06-30 09:37:11,30212.75,30216.75,30212.00,30216.75,153,30216.75,30216.75,0.00
2026-06-30 09:37:12,30216.50,30218.50,30213.00,30216.50,92,30216.50,30216.50,0.00
2026-06-30 09:37:13,30215.75,30218.00,30212.25,30217.75,111,30217.75,30217.75,0.00
2026-06-30 09:37:14,30218.00,30221.50,30218.00,30219.50,134,30219.50,30219.50,0.00
2026-06-30 09:37:15,30219.75,30222.50,30218.00,30222.25,125,30222.25,30222.25,0.00
2026-06-30 09:37:16,30222.25,30224.25,30218.25,30224.25,200,30224.25,30224.25,0.00
2026-06-30 09:37:17,30223.50,30232.25,30220.25,30230.25,357,30230.25,30230.25,0.00
2026-06-30 09:37:18,30230.75,30238.00,30230.25,30236.00,416,30236.00,30236.00,0.00
2026-06-30 09:37:19,30235.75,30238.75,30235.25,30237.50,242,30237.50,30237.50,0.00
2026-06-30 09:37:20,30238.00,30239.00,30234.00,30236.75,184,30236.75,30236.75,0.00
2026-06-30 09:37:21,30235.75,30238.25,30234.50,30235.75,193,30235.75,30235.75,0.00
2026-06-30 09:37:22,30235.25,30237.75,30233.75,30235.00,125,30235.00,30235.00,0.00
2026-06-30 09:37:23,30234.75,30239.00,30234.75,30237.50,99,30237.50,30237.50,0.00
2026-06-30 09:37:24,30237.00,30240.50,30236.00,30237.75,158,30237.75,30237.75,0.00
2026-06-30 09:37:25,30237.25,30237.50,30231.25,30233.25,160,30233.25,30233.25,0.00
2026-06-30 09:37:26,30232.75,30235.00,30231.75,30234.00,115,30234.00,30234.00,0.00
2026-06-30 09:37:27,30233.25,30233.50,30229.00,30230.75,110,30230.75,30230.75,0.00
2026-06-30 09:37:28,30231.00,30234.25,30230.50,30230.50,216,30230.50,30230.50,0.00
2026-06-30 09:37:29,30230.00,30237.50,30230.00,30236.00,151,30236.00,30236.00,0.00
2026-06-30 09:37:30,30236.25,30243.25,30235.75,30242.75,164,30242.75,30242.75,0.00
2026-06-30 09:37:31,30243.00,30244.00,30240.25,30242.00,232,30242.00,30242.00,0.00
2026-06-30 09:37:32,30242.00,30243.50,30239.50,30240.75,159,30240.75,30240.75,0.00
2026-06-30 09:37:33,30241.00,30246.00,30240.25,30245.50,209,30245.50,30245.50,0.00
2026-06-30 09:37:34,30245.50,30246.00,30242.25,30243.00,176,30243.00,30243.00,0.00
2026-06-30 09:37:35,30243.25,30259.25,30243.25,30255.75,880,30255.75,30255.75,0.00
2026-06-30 09:37:36,30255.75,30257.75,30254.00,30256.50,360,30256.50,30256.50,0.00
2026-06-30 09:37:37,30256.75,30257.00,30253.25,30254.25,267,30254.25,30254.25,0.00
2026-06-30 09:37:38,30254.25,30258.50,30253.75,30257.75,197,30257.75,30257.75,0.00
2026-06-30 09:37:39,30258.50,30258.50,30251.50,30254.00,284,30254.00,30254.00,0.00
2026-06-30 09:37:40,30254.75,30259.00,30253.50,30258.25,256,30258.25,30258.25,0.00
2026-06-30 09:37:41,30258.75,30260.75,30256.75,30259.25,336,30259.25,30259.25,0.00
2026-06-30 09:37:42,30259.25,30259.75,30251.25,30252.25,257,30252.25,30252.25,0.00
2026-06-30 09:37:43,30252.50,30253.00,30248.50,30249.25,236,30249.25,30249.25,0.00
2026-06-30 09:37:44,30250.00,30251.25,30248.25,30249.00,158,30249.00,30249.00,0.00
2026-06-30 09:37:45,30248.50,30249.25,30244.75,30248.50,196,30248.50,30248.50,0.00
2026-06-30 09:37:46,30248.25,30248.50,30242.75,30243.50,216,30243.50,30243.50,0.00
2026-06-30 09:37:47,30244.75,30248.25,30243.50,30246.50,167,30246.50,30246.50,0.00
2026-06-30 09:37:48,30247.25,30249.75,30245.50,30247.50,104,30247.50,30247.50,0.00
2026-06-30 09:37:49,30247.50,30250.00,30245.75,30249.50,165,30249.50,30249.50,0.00
2026-06-30 09:37:50,30249.25,30254.25,30247.50,30254.25,112,30254.25,30254.25,0.00
2026-06-30 09:37:51,30254.50,30255.25,30252.25,30253.75,145,30253.75,30253.75,0.00
2026-06-30 09:37:52,30253.50,30257.75,30253.00,30256.25,141,30256.25,30256.25,0.00
2026-06-30 09:37:53,30256.00,30260.00,30255.25,30258.00,184,30258.00,30258.00,0.00
2026-06-30 09:37:54,30258.50,30261.75,30258.00,30260.25,212,30260.25,30260.25,0.00
2026-06-30 09:37:55,30260.25,30264.00,30260.00,30262.50,363,30262.50,30262.50,0.00
2026-06-30 09:37:56,30262.50,30263.50,30261.25,30261.25,138,30261.25,30261.25,0.00
2026-06-30 09:37:57,30261.25,30262.00,30257.25,30258.25,152,30258.25,30258.25,0.00
2026-06-30 09:37:58,30257.75,30260.75,30256.25,30259.75,193,30259.75,30259.75,0.00
2026-06-30 09:37:59,30260.50,30261.25,30258.00,30258.25,187,30258.25,30258.25,0.00
2026-06-30 09:38:00,30258.50,30259.25,30255.75,30256.50,137,30256.50,30256.50,0.00
2026-06-30 09:38:01,30256.00,30256.00,30252.25,30255.25,190,30255.25,30255.25,0.00
2026-06-30 09:38:02,30255.00,30259.00,30254.50,30254.50,192,30254.50,30254.50,0.00
2026-06-30 09:38:03,30255.00,30257.00,30252.75,30253.25,161,30253.25,30253.25,0.00
2026-06-30 09:38:04,30252.75,30252.75,30247.50,30250.00,245,30250.00,30250.00,0.00
2026-06-30 09:38:05,30250.00,30252.00,30248.50,30249.25,218,30249.25,30249.25,0.00
2026-06-30 09:38:06,30248.50,30254.25,30247.50,30250.50,211,30250.50,30250.50,0.00
2026-06-30 09:38:07,30250.50,30253.50,30248.50,30253.00,178,30253.00,30253.00,0.00
2026-06-30 09:38:08,30252.50,30252.75,30250.25,30251.50,121,30251.50,30251.50,0.00
2026-06-30 09:38:09,30251.50,30252.50,30246.25,30247.50,111,30247.50,30247.50,0.00
2026-06-30 09:38:10,30247.25,30249.75,30245.50,30247.00,270,30247.00,30247.00,0.00
2026-06-30 09:38:11,30247.00,30248.00,30242.75,30245.50,193,30245.50,30245.50,0.00
2026-06-30 09:38:12,30244.75,30245.25,30238.50,30240.50,263,30240.50,30240.50,0.00
2026-06-30 09:38:13,30241.00,30241.00,30235.00,30236.75,284,30236.75,30236.75,0.00
2026-06-30 09:38:14,30238.00,30238.00,30225.50,30227.00,448,30227.00,30227.00,0.00
2026-06-30 09:38:15,30227.00,30228.75,30226.00,30227.50,186,30227.50,30227.50,0.00
2026-06-30 09:38:16,30227.25,30227.50,30220.75,30223.50,310,30223.50,30223.50,0.00
2026-06-30 09:38:17,30223.50,30225.50,30217.25,30224.25,348,30224.25,30224.25,0.00
2026-06-30 09:38:18,30225.25,30229.50,30223.75,30226.25,276,30226.25,30226.25,0.00
2026-06-30 09:38:19,30226.25,30227.50,30222.25,30224.75,177,30224.75,30224.75,0.00
2026-06-30 09:38:20,30224.75,30225.00,30220.50,30220.50,209,30220.50,30220.50,0.00
2026-06-30 09:38:21,30220.75,30221.50,30216.25,30216.25,203,30216.25,30216.25,0.00
2026-06-30 09:38:22,30216.00,30216.75,30211.25,30213.00,324,30213.00,30213.00,0.00
2026-06-30 09:38:23,30213.75,30216.75,30211.50,30214.25,348,30214.25,30214.25,0.00
2026-06-30 09:38:24,30214.50,30218.25,30214.25,30216.50,213,30216.50,30216.50,0.00
2026-06-30 09:38:25,30217.00,30221.75,30217.00,30221.25,195,30221.25,30221.25,0.00
2026-06-30 09:38:26,30221.50,30222.00,30218.50,30220.50,183,30220.50,30220.50,0.00
2026-06-30 09:38:27,30220.50,30220.75,30216.75,30217.25,138,30217.25,30217.25,0.00
2026-06-30 09:38:28,30217.75,30219.75,30209.00,30210.25,243,30210.25,30210.25,0.00
2026-06-30 09:38:29,30209.75,30211.75,30209.75,30210.25,136,30210.25,30210.25,0.00
2026-06-30 09:38:30,30210.75,30211.25,30206.50,30208.75,280,30208.75,30208.75,0.00
2026-06-30 09:38:31,30209.25,30214.50,30202.75,30204.50,381,30204.50,30204.50,0.00
2026-06-30 09:38:32,30204.75,30206.00,30203.25,30206.00,216,30206.00,30206.00,0.00
2026-06-30 09:38:33,30206.25,30213.25,30206.00,30213.00,319,30213.00,30213.00,0.00
2026-06-30 09:38:34,30212.25,30212.75,30207.50,30208.75,168,30208.75,30208.75,0.00
2026-06-30 09:38:35,30208.50,30208.50,30205.75,30208.00,103,30208.00,30208.00,0.00
2026-06-30 09:38:36,30207.75,30208.50,30203.00,30203.00,146,30203.00,30203.00,0.00
2026-06-30 09:38:37,30203.50,30208.50,30203.50,30206.25,176,30206.25,30206.25,0.00
2026-06-30 09:38:38,30205.50,30212.00,30204.25,30211.50,192,30211.50,30211.50,0.00
2026-06-30 09:38:39,30212.75,30218.50,30209.25,30214.50,229,30214.50,30214.50,0.00
2026-06-30 09:38:40,30214.25,30215.75,30210.75,30212.25,161,30212.25,30212.25,0.00
2026-06-30 09:38:41,30212.00,30212.25,30206.75,30208.00,156,30208.00,30208.00,0.00
2026-06-30 09:38:42,30207.75,30209.50,30203.00,30203.50,116,30203.50,30203.50,0.00
2026-06-30 09:38:43,30203.75,30208.75,30203.75,30205.00,161,30205.00,30205.00,0.00
2026-06-30 09:38:44,30205.25,30206.00,30199.50,30203.75,435,30203.75,30203.75,0.00
2026-06-30 09:38:45,30204.00,30206.50,30203.00,30206.25,155,30206.25,30206.25,0.00
2026-06-30 09:38:46,30205.50,30205.75,30202.75,30204.00,169,30204.00,30204.00,0.00
2026-06-30 09:38:47,30203.75,30204.25,30201.00,30203.50,102,30203.50,30203.50,0.00
2026-06-30 09:38:48,30204.00,30204.00,30196.50,30198.25,295,30198.25,30198.25,0.00
2026-06-30 09:38:49,30198.00,30201.00,30196.75,30199.75,169,30199.75,30199.75,0.00
2026-06-30 09:38:50,30200.00,30203.25,30198.25,30201.75,159,30201.75,30201.75,0.00
2026-06-30 09:38:51,30201.50,30210.00,30201.50,30206.75,246,30206.75,30206.75,0.00
2026-06-30 09:38:52,30207.25,30207.50,30199.50,30200.75,160,30200.75,30200.75,0.00
2026-06-30 09:38:53,30200.50,30204.75,30199.25,30201.00,198,30201.00,30201.00,0.00
2026-06-30 09:38:54,30201.75,30205.50,30199.50,30205.25,155,30205.25,30205.25,0.00
2026-06-30 09:38:55,30203.75,30208.00,30201.75,30205.75,127,30205.75,30205.75,0.00
2026-06-30 09:38:56,30204.75,30206.50,30203.50,30204.00,118,30204.00,30204.00,0.00
2026-06-30 09:38:57,30204.00,30207.00,30202.50,30206.00,119,30206.00,30206.00,0.00
2026-06-30 09:38:58,30206.25,30207.00,30204.00,30205.75,97,30205.75,30205.75,0.00
2026-06-30 09:38:59,30205.50,30216.50,30205.50,30214.50,352,30214.50,30214.50,0.00
2026-06-30 09:39:00,30214.50,30216.50,30211.50,30212.00,221,30212.00,30212.00,0.00
2026-06-30 09:39:01,30212.25,30213.00,30206.75,30208.25,156,30208.25,30208.25,0.00
2026-06-30 09:39:02,30207.75,30208.50,30200.50,30204.25,267,30204.25,30204.25,0.00
2026-06-30 09:39:03,30204.50,30206.25,30194.50,30197.25,391,30197.25,30197.25,0.00
2026-06-30 09:39:04,30196.75,30200.00,30194.50,30198.75,254,30198.75,30198.75,0.00
2026-06-30 09:39:05,30198.25,30201.25,30196.50,30198.25,161,30198.25,30198.25,0.00
2026-06-30 09:39:06,30197.50,30200.25,30195.50,30198.75,196,30198.75,30198.75,0.00
2026-06-30 09:39:07,30198.25,30204.50,30197.75,30202.75,188,30202.75,30202.75,0.00
2026-06-30 09:39:08,30203.00,30209.75,30202.75,30206.50,165,30206.50,30206.50,0.00
2026-06-30 09:39:09,30206.75,30211.50,30205.50,30209.75,162,30209.75,30209.75,0.00
2026-06-30 09:39:10,30209.00,30210.00,30203.00,30203.75,155,30203.75,30203.75,0.00
2026-06-30 09:39:11,30203.50,30204.50,30198.50,30199.75,152,30199.75,30199.75,0.00
2026-06-30 09:39:12,30201.00,30207.50,30199.00,30205.50,136,30205.50,30205.50,0.00
2026-06-30 09:39:13,30205.50,30206.75,30203.25,30204.25,74,30204.25,30204.25,0.00
2026-06-30 09:39:14,30204.50,30206.50,30201.75,30204.25,120,30204.25,30204.25,0.00
2026-06-30 09:39:15,30205.00,30211.50,30205.00,30210.75,142,30210.75,30210.75,0.00
2026-06-30 09:39:16,30211.00,30212.25,30207.50,30208.75,88,30208.75,30208.75,0.00
2026-06-30 09:39:17,30209.00,30213.00,30208.00,30212.50,94,30212.50,30212.50,0.00
2026-06-30 09:39:18,30212.50,30215.50,30209.50,30215.00,185,30215.00,30215.00,0.00
2026-06-30 09:39:19,30214.50,30218.75,30212.25,30217.25,230,30217.25,30217.25,0.00
2026-06-30 09:39:20,30217.50,30217.50,30212.75,30213.25,181,30213.25,30213.25,0.00
2026-06-30 09:39:21,30213.75,30214.50,30205.00,30206.50,253,30206.50,30206.50,0.00
2026-06-30 09:39:22,30206.25,30208.25,30204.75,30205.00,103,30205.00,30205.00,0.00
2026-06-30 09:39:23,30204.50,30206.25,30200.75,30203.75,151,30203.75,30203.75,0.00
2026-06-30 09:39:24,30204.50,30207.75,30199.75,30204.75,126,30204.75,30204.75,0.00
2026-06-30 09:39:25,30204.50,30206.00,30202.00,30203.00,61,30203.00,30203.00,0.00
2026-06-30 09:39:26,30202.00,30205.25,30200.75,30202.25,66,30202.25,30202.25,0.00
2026-06-30 09:39:27,30201.25,30206.25,30200.00,30203.25,113,30203.25,30203.25,0.00
2026-06-30 09:39:28,30203.25,30209.00,30203.00,30208.50,113,30208.50,30208.50,0.00
2026-06-30 09:39:29,30208.25,30208.75,30205.75,30207.75,73,30207.75,30207.75,0.00
2026-06-30 09:39:30,30208.00,30208.25,30201.75,30205.75,149,30205.75,30205.75,0.00
2026-06-30 09:39:31,30205.25,30206.50,30200.50,30203.00,97,30203.00,30203.00,0.00
2026-06-30 09:39:32,30202.75,30205.25,30200.00,30201.50,125,30201.50,30201.50,0.00
2026-06-30 09:39:33,30201.25,30203.50,30200.75,30201.75,63,30201.75,30201.75,0.00
2026-06-30 09:39:34,30201.50,30203.50,30197.50,30202.75,151,30202.75,30202.75,0.00
2026-06-30 09:39:35,30203.00,30205.00,30200.50,30202.00,128,30202.00,30202.00,0.00
2026-06-30 09:39:36,30202.50,30203.75,30198.75,30199.75,69,30199.75,30199.75,0.00
2026-06-30 09:39:37,30199.75,30199.75,30195.75,30196.50,140,30196.50,30196.50,0.00
2026-06-30 09:39:38,30197.00,30197.00,30191.50,30193.00,226,30193.00,30193.00,0.00
2026-06-30 09:39:39,30193.00,30194.50,30188.25,30193.50,386,30193.50,30193.50,0.00
2026-06-30 09:39:40,30193.50,30194.75,30188.00,30194.75,185,30194.75,30194.75,0.00
2026-06-30 09:39:41,30194.00,30194.50,30188.75,30191.25,259,30191.25,30191.25,0.00
2026-06-30 09:39:42,30190.50,30191.00,30183.25,30183.25,447,30183.25,30183.25,0.00
2026-06-30 09:39:43,30183.00,30187.75,30181.00,30184.25,338,30184.25,30184.25,0.00
2026-06-30 09:39:44,30185.25,30187.75,30183.75,30187.00,193,30187.00,30187.00,0.00
2026-06-30 09:39:45,30186.50,30190.25,30185.50,30189.25,215,30189.25,30189.25,0.00
2026-06-30 09:39:46,30190.00,30190.50,30183.75,30189.50,176,30189.50,30189.50,0.00
2026-06-30 09:39:47,30189.00,30193.50,30188.25,30192.00,130,30192.00,30192.00,0.00
2026-06-30 09:39:48,30192.00,30194.25,30190.25,30193.25,128,30193.25,30193.25,0.00
2026-06-30 09:39:49,30192.75,30199.25,30189.50,30196.25,237,30196.25,30196.25,0.00
2026-06-30 09:39:50,30195.50,30197.25,30193.00,30193.50,110,30193.50,30193.50,0.00
2026-06-30 09:39:51,30193.00,30193.75,30188.50,30190.00,124,30190.00,30190.00,0.00
2026-06-30 09:39:52,30190.00,30192.00,30187.00,30189.50,124,30189.50,30189.50,0.00
2026-06-30 09:39:53,30189.75,30194.75,30189.25,30189.75,108,30189.75,30189.75,0.00
2026-06-30 09:39:54,30189.50,30190.50,30187.75,30189.00,75,30189.00,30189.00,0.00
2026-06-30 09:39:55,30189.00,30191.50,30187.25,30188.75,88,30188.75,30188.75,0.00
2026-06-30 09:39:56,30188.50,30192.00,30188.00,30189.75,119,30189.75,30189.75,0.00
2026-06-30 09:39:57,30189.75,30192.50,30188.25,30192.50,66,30192.50,30192.50,0.00
2026-06-30 09:39:58,30192.00,30195.50,30191.25,30194.25,164,30194.25,30194.25,0.00
2026-06-30 09:39:59,30192.75,30193.00,30186.00,30189.75,87,30189.75,30189.75,0.00
2026-06-30 09:40:00,30190.50,30190.75,30187.25,30187.50,67,30187.50,30187.50,0.00
2026-06-30 09:40:01,30187.00,30192.00,30181.75,30182.75,239,30182.75,30182.75,0.00
2026-06-30 09:40:02,30183.00,30187.75,30180.75,30186.00,319,30186.00,30186.00,0.00
2026-06-30 09:40:03,30185.25,30191.50,30183.25,30189.25,222,30189.25,30189.25,0.00
2026-06-30 09:40:04,30187.75,30190.50,30181.25,30181.25,216,30181.25,30181.25,0.00
2026-06-30 09:40:05,30181.25,30181.75,30172.00,30172.50,600,30172.50,30172.50,0.00
2026-06-30 09:40:06,30173.25,30178.50,30172.25,30177.25,391,30177.25,30177.25,0.00
2026-06-30 09:40:07,30178.00,30179.25,30172.75,30178.50,341,30178.50,30178.50,0.00
2026-06-30 09:40:08,30178.75,30181.25,30175.25,30181.25,230,30181.25,30181.25,0.00
2026-06-30 09:40:09,30181.25,30183.50,30178.50,30181.00,182,30181.00,30181.00,0.00
2026-06-30 09:40:10,30181.00,30191.25,30179.75,30189.75,243,30189.75,30189.75,0.00
2026-06-30 09:40:11,30190.75,30202.50,30189.75,30197.00,554,30197.00,30197.00,0.00
2026-06-30 09:40:12,30197.25,30207.50,30197.00,30204.75,393,30204.75,30204.75,0.00
2026-06-30 09:40:13,30205.50,30220.50,30205.25,30217.25,698,30217.25,30217.25,0.00
2026-06-30 09:40:14,30217.00,30223.75,30216.25,30220.50,529,30220.50,30220.50,0.00
2026-06-30 09:40:15,30220.50,30223.00,30216.50,30217.25,298,30217.25,30217.25,0.00
2026-06-30 09:40:16,30218.00,30219.00,30210.75,30216.25,236,30216.25,30216.25,0.00
2026-06-30 09:40:17,30216.00,30218.75,30213.00,30218.00,198,30218.00,30218.00,0.00
2026-06-30 09:40:18,30219.00,30227.00,30217.25,30224.25,302,30224.25,30224.25,0.00
2026-06-30 09:40:19,30224.25,30226.50,30221.50,30224.00,304,30224.00,30224.00,0.00
2026-06-30 09:40:20,30224.00,30224.00,30213.00,30213.50,303,30213.50,30213.50,0.00
2026-06-30 09:40:21,30212.75,30213.50,30204.00,30206.25,301,30206.25,30206.25,0.00
2026-06-30 09:40:22,30206.75,30210.50,30206.50,30209.50,140,30209.50,30209.50,0.00
2026-06-30 09:40:23,30208.75,30212.50,30205.00,30207.00,133,30207.00,30207.00,0.00
2026-06-30 09:40:24,30206.00,30210.75,30204.00,30210.25,115,30210.25,30210.25,0.00
2026-06-30 09:40:25,30210.00,30216.00,30210.00,30215.25,137,30215.25,30215.25,0.00
2026-06-30 09:40:26,30215.25,30217.00,30210.00,30210.00,102,30210.00,30210.00,0.00
2026-06-30 09:40:27,30211.25,30218.25,30211.25,30217.00,139,30217.00,30217.00,0.00
2026-06-30 09:40:28,30216.50,30216.50,30212.25,30213.50,109,30213.50,30213.50,0.00
2026-06-30 09:40:29,30212.75,30213.75,30211.25,30211.75,75,30211.75,30211.75,0.00
2026-06-30 09:40:30,30212.00,30214.50,30209.00,30209.00,112,30209.00,30209.00,0.00
2026-06-30 09:40:31,30210.50,30211.75,30206.50,30211.50,107,30211.50,30211.50,0.00
2026-06-30 09:40:32,30210.75,30218.25,30210.50,30211.25,273,30211.25,30211.25,0.00
2026-06-30 09:40:33,30211.25,30211.50,30207.25,30208.75,176,30208.75,30208.75,0.00
2026-06-30 09:40:34,30209.50,30218.50,30206.75,30217.50,104,30217.50,30217.50,0.00
2026-06-30 09:40:35,30218.50,30222.25,30218.50,30220.25,176,30220.25,30220.25,0.00
2026-06-30 09:40:36,30221.50,30221.75,30215.00,30215.50,108,30215.50,30215.50,0.00
2026-06-30 09:40:37,30216.25,30218.75,30213.00,30218.75,101,30218.75,30218.75,0.00
2026-06-30 09:40:38,30219.00,30230.50,30218.75,30227.00,432,30227.00,30227.00,0.00
2026-06-30 09:40:39,30226.25,30229.00,30224.00,30226.00,226,30226.00,30226.00,0.00
2026-06-30 09:40:40,30226.50,30228.75,30225.25,30226.25,193,30226.25,30226.25,0.00
2026-06-30 09:40:41,30225.75,30226.25,30219.50,30224.25,188,30224.25,30224.25,0.00
2026-06-30 09:40:42,30224.25,30224.50,30218.25,30220.00,76,30220.00,30220.00,0.00
2026-06-30 09:40:43,30220.50,30228.25,30220.50,30226.00,121,30226.00,30226.00,0.00
2026-06-30 09:40:44,30226.00,30226.00,30216.25,30217.50,229,30217.50,30217.50,0.00
2026-06-30 09:40:45,30218.75,30218.75,30210.75,30212.75,145,30212.75,30212.75,0.00
2026-06-30 09:40:46,30213.00,30215.75,30212.75,30214.75,111,30214.75,30214.75,0.00
2026-06-30 09:40:47,30213.50,30215.50,30212.00,30213.25,69,30213.25,30213.25,0.00
2026-06-30 09:40:48,30213.25,30216.00,30211.50,30215.25,103,30215.25,30215.25,0.00
2026-06-30 09:40:49,30214.25,30219.50,30214.00,30218.50,79,30218.50,30218.50,0.00
2026-06-30 09:40:50,30218.00,30221.50,30218.00,30221.00,64,30221.00,30221.00,0.00
2026-06-30 09:40:51,30220.50,30227.50,30220.50,30227.50,168,30227.50,30227.50,0.00
2026-06-30 09:40:52,30226.75,30229.50,30225.25,30226.50,174,30226.50,30226.50,0.00
2026-06-30 09:40:53,30225.00,30227.00,30220.75,30222.75,154,30222.75,30222.75,0.00
2026-06-30 09:40:54,30221.75,30222.25,30219.25,30220.50,167,30220.50,30220.50,0.00
2026-06-30 09:40:55,30220.75,30222.00,30217.75,30221.00,59,30221.00,30221.00,0.00
2026-06-30 09:40:56,30220.75,30222.75,30218.50,30221.50,76,30221.50,30221.50,0.00
2026-06-30 09:40:57,30221.00,30221.50,30215.50,30216.00,121,30216.00,30216.00,0.00
2026-06-30 09:40:58,30216.50,30217.00,30208.00,30209.00,148,30209.00,30209.00,0.00
2026-06-30 09:40:59,30208.75,30208.75,30205.25,30206.50,240,30206.50,30206.50,0.00
2026-06-30 09:41:00,30206.75,30207.25,30200.25,30201.50,239,30201.50,30201.50,0.00
2026-06-30 09:41:01,30201.75,30202.00,30194.25,30195.75,301,30195.75,30195.75,0.00
2026-06-30 09:41:02,30195.50,30198.75,30193.00,30198.75,216,30198.75,30198.75,0.00
2026-06-30 09:41:03,30197.75,30203.75,30197.25,30197.25,177,30197.25,30197.25,0.00
2026-06-30 09:41:04,30197.50,30203.25,30197.50,30200.50,99,30200.50,30200.50,0.00
2026-06-30 09:41:05,30200.75,30209.75,30199.50,30205.75,136,30205.75,30205.75,0.00
2026-06-30 09:41:06,30206.25,30211.00,30205.50,30209.50,103,30209.50,30209.50,0.00
2026-06-30 09:41:07,30210.50,30210.50,30203.00,30203.75,144,30203.75,30203.75,0.00
2026-06-30 09:41:08,30203.00,30204.50,30201.50,30204.00,86,30204.00,30204.00,0.00
2026-06-30 09:41:09,30203.50,30206.00,30199.50,30200.75,142,30200.75,30200.75,0.00
2026-06-30 09:41:10,30200.00,30209.00,30200.00,30204.00,114,30204.00,30204.00,0.00
2026-06-30 09:41:11,30205.25,30206.25,30193.25,30196.25,183,30196.25,30196.25,0.00
2026-06-30 09:41:12,30195.00,30197.75,30194.00,30196.75,88,30196.75,30196.75,0.00
2026-06-30 09:41:13,30196.50,30199.00,30194.00,30198.25,116,30198.25,30198.25,0.00
2026-06-30 09:41:14,30199.50,30205.00,30199.25,30204.25,78,30204.25,30204.25,0.00
2026-06-30 09:41:15,30204.50,30205.00,30199.50,30201.00,82,30201.00,30201.00,0.00
2026-06-30 09:41:16,30199.25,30207.75,30198.50,30207.75,77,30207.75,30207.75,0.00
2026-06-30 09:41:17,30207.75,30214.50,30206.00,30212.25,165,30212.25,30212.25,0.00
2026-06-30 09:41:18,30212.25,30212.75,30205.00,30205.00,173,30205.00,30205.00,0.00
2026-06-30 09:41:19,30206.50,30207.75,30202.25,30202.25,124,30202.25,30202.25,0.00
2026-06-30 09:41:20,30202.00,30207.00,30201.75,30207.00,77,30207.00,30207.00,0.00
2026-06-30 09:41:21,30206.75,30210.75,30205.00,30205.50,103,30205.50,30205.50,0.00
2026-06-30 09:41:22,30205.00,30206.25,30200.00,30201.50,107,30201.50,30201.50,0.00
2026-06-30 09:41:23,30202.25,30203.75,30199.25,30203.25,89,30203.25,30203.25,0.00
2026-06-30 09:41:24,30203.00,30204.75,30200.50,30202.00,59,30202.00,30202.00,0.00
2026-06-30 09:41:25,30203.00,30203.50,30198.00,30198.25,67,30198.25,30198.25,0.00
2026-06-30 09:41:26,30198.25,30201.25,30195.75,30199.75,96,30199.75,30199.75,0.00
2026-06-30 09:41:27,30199.00,30205.00,30198.75,30202.50,121,30202.50,30202.50,0.00
2026-06-30 09:41:28,30203.00,30205.25,30201.00,30205.00,51,30205.00,30205.00,0.00
2026-06-30 09:41:29,30204.50,30206.50,30200.00,30202.25,67,30202.25,30202.25,0.00
2026-06-30 09:41:30,30203.00,30203.50,30201.00,30201.25,53,30201.25,30201.25,0.00
2026-06-30 09:41:31,30200.25,30203.50,30198.00,30198.00,87,30198.00,30198.00,0.00
2026-06-30 09:41:32,30198.50,30201.25,30197.50,30198.00,90,30198.00,30198.00,0.00
2026-06-30 09:41:33,30199.00,30200.00,30190.75,30193.50,211,30193.50,30193.50,0.00
2026-06-30 09:41:34,30193.25,30194.00,30189.00,30191.75,195,30191.75,30191.75,0.00
2026-06-30 09:41:35,30191.50,30194.75,30188.25,30188.75,161,30188.75,30188.75,0.00
2026-06-30 09:41:36,30189.50,30197.00,30188.50,30195.50,163,30195.50,30195.50,0.00
2026-06-30 09:41:37,30196.00,30200.75,30195.00,30199.75,144,30199.75,30199.75,0.00
2026-06-30 09:41:38,30199.50,30199.75,30192.25,30193.25,87,30193.25,30193.25,0.00
2026-06-30 09:41:39,30193.25,30193.75,30190.50,30191.25,45,30191.25,30191.25,0.00
2026-06-30 09:41:40,30191.00,30194.50,30190.50,30193.50,76,30193.50,30193.50,0.00
2026-06-30 09:41:41,30193.75,30196.00,30192.75,30196.00,49,30196.00,30196.00,0.00
2026-06-30 09:41:42,30196.25,30200.00,30194.00,30200.00,106,30200.00,30200.00,0.00
2026-06-30 09:41:43,30199.25,30206.25,30198.50,30204.75,124,30204.75,30204.75,0.00
2026-06-30 09:41:44,30204.25,30212.50,30204.00,30211.25,133,30211.25,30211.25,0.00
2026-06-30 09:41:45,30212.50,30219.00,30210.25,30218.00,263,30218.00,30218.00,0.00
2026-06-30 09:41:46,30218.00,30221.25,30216.75,30218.50,206,30218.50,30218.50,0.00
2026-06-30 09:41:47,30217.50,30218.75,30214.75,30216.25,163,30216.25,30216.25,0.00
2026-06-30 09:41:48,30216.75,30217.50,30213.75,30215.75,84,30215.75,30215.75,0.00
2026-06-30 09:41:49,30216.25,30219.25,30215.25,30218.50,113,30218.50,30218.50,0.00
2026-06-30 09:41:50,30218.50,30218.50,30213.25,30214.00,101,30214.00,30214.00,0.00
2026-06-30 09:41:51,30214.00,30218.75,30214.00,30217.25,99,30217.25,30217.25,0.00
2026-06-30 09:41:52,30217.00,30217.75,30214.00,30215.50,152,30215.50,30215.50,0.00
2026-06-30 09:41:53,30215.25,30215.75,30208.50,30212.50,272,30212.50,30212.50,0.00
2026-06-30 09:41:54,30212.25,30216.75,30208.75,30214.75,151,30214.75,30214.75,0.00
2026-06-30 09:41:55,30216.00,30219.50,30215.00,30216.50,77,30216.50,30216.50,0.00
2026-06-30 09:41:56,30215.25,30218.75,30214.00,30217.50,68,30217.50,30217.50,0.00
2026-06-30 09:41:57,30218.50,30223.75,30215.75,30221.50,144,30221.50,30221.50,0.00
2026-06-30 09:41:58,30221.25,30227.50,30221.25,30225.75,177,30225.75,30225.75,0.00
2026-06-30 09:41:59,30226.00,30226.75,30222.75,30226.00,185,30226.00,30226.00,0.00
2026-06-30 09:42:00,30225.00,30226.50,30221.00,30223.25,113,30223.25,30223.25,0.00
2026-06-30 09:42:01,30222.75,30224.50,30216.75,30218.00,196,30218.00,30218.00,0.00
2026-06-30 09:42:02,30219.50,30223.75,30217.25,30219.75,117,30219.75,30219.75,0.00
2026-06-30 09:42:03,30219.25,30222.75,30217.50,30219.25,87,30219.25,30219.25,0.00
2026-06-30 09:42:04,30218.50,30224.00,30214.75,30222.25,122,30222.25,30222.25,0.00
2026-06-30 09:42:05,30224.00,30229.25,30223.00,30227.75,148,30227.75,30227.75,0.00
2026-06-30 09:42:06,30227.75,30234.75,30225.50,30234.25,371,30234.25,30234.25,0.00
2026-06-30 09:42:07,30232.50,30241.75,30231.50,30240.00,445,30240.00,30240.00,0.00
2026-06-30 09:42:08,30240.25,30242.25,30236.75,30238.25,310,30238.25,30238.25,0.00
2026-06-30 09:42:09,30238.75,30240.25,30234.25,30236.00,233,30236.00,30236.00,0.00
2026-06-30 09:42:10,30236.00,30241.50,30235.00,30241.25,147,30241.25,30241.25,0.00
2026-06-30 09:42:11,30240.50,30241.25,30231.00,30233.25,206,30233.25,30233.25,0.00
2026-06-30 09:42:12,30234.50,30236.50,30228.00,30232.25,169,30232.25,30232.25,0.00
2026-06-30 09:42:13,30230.00,30230.00,30217.50,30221.25,376,30221.25,30221.25,0.00
2026-06-30 09:42:14,30222.25,30222.25,30208.00,30210.50,242,30210.50,30210.50,0.00
2026-06-30 09:42:15,30210.25,30217.50,30208.75,30215.00,189,30215.00,30215.00,0.00
2026-06-30 09:42:16,30215.25,30220.25,30213.00,30219.00,106,30219.00,30219.00,0.00
2026-06-30 09:42:17,30219.00,30221.00,30218.00,30218.25,76,30218.25,30218.25,0.00
2026-06-30 09:42:18,30219.25,30219.25,30214.75,30216.25,63,30216.25,30216.25,0.00
2026-06-30 09:42:19,30216.75,30220.25,30213.25,30214.50,97,30214.50,30214.50,0.00
2026-06-30 09:42:20,30213.25,30217.75,30211.75,30215.25,65,30215.25,30215.25,0.00
2026-06-30 09:42:21,30214.25,30214.25,30201.00,30203.75,331,30203.75,30203.75,0.00
2026-06-30 09:42:22,30203.00,30204.00,30197.50,30200.75,282,30200.75,30200.75,0.00
2026-06-30 09:42:23,30201.50,30208.50,30200.00,30206.75,192,30206.75,30206.75,0.00
2026-06-30 09:42:24,30205.75,30207.00,30203.00,30206.25,80,30206.25,30206.25,0.00
2026-06-30 09:42:25,30206.25,30210.50,30206.00,30208.25,80,30208.25,30208.25,0.00
2026-06-30 09:42:26,30208.25,30210.50,30204.00,30207.25,66,30207.25,30207.25,0.00
2026-06-30 09:42:27,30207.00,30207.75,30200.00,30204.00,88,30204.00,30204.00,0.00
2026-06-30 09:42:28,30203.25,30204.50,30194.50,30196.75,145,30196.75,30196.75,0.00
2026-06-30 09:42:29,30196.75,30197.50,30190.25,30194.50,237,30194.50,30194.50,0.00
2026-06-30 09:42:30,30194.00,30196.00,30184.00,30190.75,335,30190.75,30190.75,0.00
2026-06-30 09:42:31,30191.50,30192.00,30181.00,30187.00,254,30187.00,30187.00,0.00
2026-06-30 09:42:32,30186.75,30191.50,30180.00,30189.00,294,30189.00,30189.00,0.00
2026-06-30 09:42:33,30189.00,30197.75,30187.25,30197.50,240,30197.50,30197.50,0.00
2026-06-30 09:42:34,30196.75,30202.25,30194.50,30198.75,179,30198.75,30198.75,0.00
2026-06-30 09:42:35,30198.75,30199.50,30195.75,30199.50,141,30199.50,30199.50,0.00
2026-06-30 09:42:36,30199.25,30199.50,30193.75,30196.25,111,30196.25,30196.25,0.00
2026-06-30 09:42:37,30195.75,30204.50,30195.50,30202.50,131,30202.50,30202.50,0.00
2026-06-30 09:42:38,30201.50,30203.00,30199.00,30199.50,79,30199.50,30199.50,0.00
2026-06-30 09:42:39,30198.75,30202.00,30197.00,30198.75,58,30198.75,30198.75,0.00
2026-06-30 09:42:40,30199.50,30203.75,30195.00,30200.50,75,30200.50,30200.50,0.00
2026-06-30 09:42:41,30199.25,30201.25,30196.50,30200.00,57,30200.00,30200.00,0.00
2026-06-30 09:42:42,30199.75,30206.00,30196.75,30203.75,91,30203.75,30203.75,0.00
2026-06-30 09:42:43,30202.50,30207.25,30201.00,30203.25,62,30203.25,30203.25,0.00
2026-06-30 09:42:44,30202.50,30202.50,30196.50,30198.25,48,30198.25,30198.25,0.00
2026-06-30 09:42:45,30196.75,30201.25,30196.75,30201.25,32,30201.25,30201.25,0.00
2026-06-30 09:42:46,30202.25,30204.75,30194.75,30198.25,56,30198.25,30198.25,0.00
2026-06-30 09:42:47,30198.75,30200.50,30195.00,30198.50,61,30198.50,30198.50,0.00
2026-06-30 09:42:48,30198.00,30203.25,30197.25,30200.25,79,30200.25,30200.25,0.00
2026-06-30 09:42:49,30200.75,30201.75,30199.25,30199.75,26,30199.75,30199.75,0.00
2026-06-30 09:42:50,30200.25,30203.75,30198.50,30202.25,52,30202.25,30202.25,0.00
2026-06-30 09:42:51,30202.25,30208.75,30201.25,30206.25,68,30206.25,30206.25,0.00
2026-06-30 09:42:52,30207.00,30210.25,30206.50,30206.50,77,30206.50,30206.50,0.00
2026-06-30 09:42:53,30208.75,30213.50,30206.50,30211.75,140,30211.75,30211.75,0.00
2026-06-30 09:42:54,30210.50,30211.25,30204.00,30204.00,96,30204.00,30204.00,0.00
2026-06-30 09:42:55,30206.75,30210.75,30206.75,30210.75,50,30210.75,30210.75,0.00
2026-06-30 09:42:56,30210.50,30212.50,30208.00,30208.50,55,30208.50,30208.50,0.00
2026-06-30 09:42:57,30209.75,30211.00,30207.00,30209.00,27,30209.00,30209.00,0.00
2026-06-30 09:42:58,30208.50,30208.50,30205.25,30208.00,22,30208.00,30208.00,0.00
2026-06-30 09:42:59,30207.00,30210.00,30206.00,30208.75,30,30208.75,30208.75,0.00
2026-06-30 09:43:00,30208.25,30209.50,30206.50,30207.00,53,30207.00,30207.00,0.00
2026-06-30 09:43:01,30208.75,30208.75,30202.75,30203.00,70,30203.00,30203.00,0.00
2026-06-30 09:43:02,30203.75,30205.25,30200.00,30200.00,80,30200.00,30200.00,0.00
2026-06-30 09:43:03,30201.25,30210.00,30201.25,30204.75,79,30204.75,30204.75,0.00
2026-06-30 09:43:04,30206.50,30211.75,30206.25,30209.50,49,30209.50,30209.50,0.00
2026-06-30 09:43:05,30210.75,30211.75,30208.25,30211.75,36,30211.75,30211.75,0.00
2026-06-30 09:43:06,30210.25,30210.25,30207.00,30208.50,57,30208.50,30208.50,0.00
2026-06-30 09:43:07,30208.00,30208.50,30200.00,30201.25,76,30201.25,30201.25,0.00
2026-06-30 09:43:08,30201.50,30201.50,30197.75,30198.75,119,30198.75,30198.75,0.00
2026-06-30 09:43:09,30199.50,30201.50,30197.50,30198.75,63,30198.75,30198.75,0.00
2026-06-30 09:43:10,30199.75,30203.00,30196.75,30197.25,63,30197.25,30197.25,0.00
2026-06-30 09:43:11,30197.25,30197.50,30193.00,30194.50,140,30194.50,30194.50,0.00
2026-06-30 09:43:12,30195.25,30197.50,30190.75,30197.50,97,30197.50,30197.50,0.00
2026-06-30 09:43:13,30197.50,30203.25,30197.00,30201.00,65,30201.00,30201.00,0.00
2026-06-30 09:43:14,30200.50,30206.00,30200.50,30202.00,68,30202.00,30202.00,0.00
2026-06-30 09:43:15,30201.75,30207.00,30199.75,30206.75,48,30206.75,30206.75,0.00
2026-06-30 09:43:16,30206.50,30210.50,30206.25,30207.75,102,30207.75,30207.75,0.00
2026-06-30 09:43:17,30207.75,30209.50,30206.50,30207.25,71,30207.25,30207.25,0.00
2026-06-30 09:43:18,30207.00,30209.00,30205.75,30206.75,54,30206.75,30206.75,0.00
2026-06-30 09:43:19,30207.00,30211.75,30202.00,30205.50,88,30205.50,30205.50,0.00
2026-06-30 09:43:20,30205.25,30207.25,30202.75,30206.50,43,30206.50,30206.50,0.00
2026-06-30 09:43:21,30206.00,30209.00,30202.00,30207.75,49,30207.75,30207.75,0.00
2026-06-30 09:43:22,30207.00,30208.50,30204.75,30206.00,48,30206.00,30206.00,0.00
2026-06-30 09:43:23,30206.50,30208.75,30199.25,30204.25,46,30204.25,30204.25,0.00
2026-06-30 09:43:24,30204.25,30208.75,30203.25,30207.25,55,30207.25,30207.25,0.00
2026-06-30 09:43:25,30207.25,30208.25,30204.00,30207.75,43,30207.75,30207.75,0.00
2026-06-30 09:43:26,30208.25,30208.75,30204.75,30204.75,30,30204.75,30204.75,0.00
2026-06-30 09:43:27,30204.25,30206.25,30200.00,30203.50,76,30203.50,30203.50,0.00
2026-06-30 09:43:28,30203.50,30203.50,30199.75,30201.25,20,30201.25,30201.25,0.00
2026-06-30 09:43:29,30202.75,30203.50,30201.25,30203.50,26,30203.50,30203.50,0.00
2026-06-30 09:43:30,30203.25,30204.00,30196.75,30197.25,41,30197.25,30197.25,0.00
2026-06-30 09:43:31,30199.50,30205.50,30199.00,30203.50,56,30203.50,30203.50,0.00
2026-06-30 09:43:32,30203.00,30204.50,30199.25,30203.50,69,30203.50,30203.50,0.00
2026-06-30 09:43:33,30203.75,30216.25,30203.25,30214.75,197,30214.75,30214.75,0.00
2026-06-30 09:43:34,30215.50,30218.50,30211.75,30212.75,141,30212.75,30212.75,0.00
2026-06-30 09:43:35,30211.75,30214.00,30208.25,30209.50,83,30209.50,30209.50,0.00
2026-06-30 09:43:36,30209.75,30214.75,30208.75,30214.25,65,30214.25,30214.25,0.00
2026-06-30 09:43:37,30214.50,30214.50,30207.75,30211.00,54,30211.00,30211.00,0.00
2026-06-30 09:43:38,30211.25,30213.50,30210.00,30211.25,48,30211.25,30211.25,0.00
2026-06-30 09:43:39,30211.25,30215.00,30206.75,30209.00,52,30209.00,30209.00,0.00
2026-06-30 09:43:40,30208.25,30212.00,30206.50,30212.00,58,30212.00,30212.00,0.00
2026-06-30 09:43:41,30211.50,30212.25,30209.25,30210.25,32,30210.25,30210.25,0.00
2026-06-30 09:43:42,30209.50,30211.00,30208.00,30209.00,36,30209.00,30209.00,0.00
2026-06-30 09:43:43,30208.50,30208.50,30204.50,30205.25,53,30205.25,30205.25,0.00
2026-06-30 09:43:44,30204.50,30209.00,30204.50,30207.00,25,30207.00,30207.00,0.00
2026-06-30 09:43:45,30206.50,30214.75,30203.25,30213.50,77,30213.50,30213.50,0.00
2026-06-30 09:43:46,30213.75,30218.50,30212.75,30216.00,56,30216.00,30216.00,0.00
2026-06-30 09:43:47,30214.75,30220.00,30213.00,30217.00,117,30217.00,30217.00,0.00
2026-06-30 09:43:48,30216.25,30218.00,30215.00,30216.00,85,30216.00,30216.00,0.00
2026-06-30 09:43:49,30215.25,30215.75,30208.75,30211.25,72,30211.25,30211.25,0.00
2026-06-30 09:43:50,30210.75,30212.00,30209.75,30210.00,25,30210.00,30210.00,0.00
2026-06-30 09:43:51,30209.50,30213.50,30206.25,30213.50,42,30213.50,30213.50,0.00
2026-06-30 09:43:52,30213.50,30215.75,30211.75,30213.25,38,30213.25,30213.25,0.00
2026-06-30 09:43:53,30213.00,30213.75,30208.50,30213.00,32,30213.00,30213.00,0.00
2026-06-30 09:43:54,30214.00,30216.50,30212.00,30216.50,23,30216.50,30216.50,0.00
2026-06-30 09:43:55,30217.00,30217.00,30209.25,30211.25,25,30211.25,30211.25,0.00
2026-06-30 09:43:56,30210.50,30210.75,30207.25,30207.25,35,30207.25,30207.25,0.00
2026-06-30 09:43:57,30207.75,30209.00,30204.25,30204.25,53,30204.25,30204.25,0.00
2026-06-30 09:43:58,30204.75,30205.00,30201.50,30203.00,47,30203.00,30203.00,0.00
2026-06-30 09:43:59,30202.75,30203.50,30196.75,30198.25,108,30198.25,30198.25,0.00
2026-06-30 09:44:00,30198.25,30199.25,30194.50,30197.00,107,30197.00,30197.00,0.00
2026-06-30 09:44:01,30196.25,30200.00,30192.75,30200.00,85,30200.00,30200.00,0.00
2026-06-30 09:44:02,30200.50,30201.50,30194.75,30198.00,78,30198.00,30198.00,0.00
2026-06-30 09:44:03,30197.00,30201.00,30197.00,30200.00,41,30200.00,30200.00,0.00
2026-06-30 09:44:04,30200.00,30207.75,30199.25,30206.75,60,30206.75,30206.75,0.00
2026-06-30 09:44:05,30207.50,30207.50,30201.75,30204.25,57,30204.25,30204.25,0.00
2026-06-30 09:44:06,30204.25,30206.00,30199.00,30199.25,34,30199.25,30199.25,0.00
2026-06-30 09:44:07,30198.00,30198.00,30187.50,30189.25,199,30189.25,30189.25,0.00
2026-06-30 09:44:08,30189.00,30190.75,30182.00,30182.75,306,30182.75,30182.75,0.00
2026-06-30 09:44:09,30183.00,30187.50,30180.50,30186.50,246,30186.50,30186.50,0.00
2026-06-30 09:44:10,30187.00,30192.75,30186.75,30190.75,132,30190.75,30190.75,0.00
2026-06-30 09:44:11,30190.50,30191.25,30187.50,30188.50,89,30188.50,30188.50,0.00
2026-06-30 09:44:12,30189.00,30190.25,30182.25,30182.25,78,30182.25,30182.25,0.00
2026-06-30 09:44:13,30182.75,30186.50,30181.75,30184.50,133,30184.50,30184.50,0.00
2026-06-30 09:44:14,30184.75,30190.00,30184.25,30188.50,98,30188.50,30188.50,0.00
2026-06-30 09:44:15,30187.75,30192.50,30185.50,30189.75,102,30189.75,30189.75,0.00
2026-06-30 09:44:16,30188.50,30190.50,30185.75,30189.25,77,30189.25,30189.25,0.00
2026-06-30 09:44:17,30188.75,30190.00,30184.50,30184.50,81,30184.50,30184.50,0.00
2026-06-30 09:44:18,30185.75,30192.25,30184.75,30185.00,181,30185.00,30185.00,0.00
2026-06-30 09:44:19,30185.00,30189.25,30184.50,30188.50,74,30188.50,30188.50,0.00
2026-06-30 09:44:20,30187.75,30188.50,30175.25,30176.00,322,30176.00,30176.00,0.00
2026-06-30 09:44:21,30176.00,30178.50,30174.25,30174.75,263,30174.75,30174.75,0.00
2026-06-30 09:44:22,30174.50,30177.00,30170.00,30174.00,434,30174.00,30174.00,0.00
2026-06-30 09:44:23,30173.75,30177.00,30170.00,30172.00,163,30172.00,30172.00,0.00
2026-06-30 09:44:24,30172.00,30174.25,30166.00,30169.75,363,30169.75,30169.75,0.00
2026-06-30 09:44:25,30168.75,30171.50,30164.00,30167.50,319,30167.50,30167.50,0.00
2026-06-30 09:44:26,30167.00,30169.50,30157.50,30159.00,463,30159.00,30159.00,0.00
2026-06-30 09:44:27,30160.00,30163.75,30152.75,30159.25,604,30159.25,30159.25,0.00
2026-06-30 09:44:28,30158.75,30166.50,30157.75,30165.75,333,30165.75,30165.75,0.00
2026-06-30 09:44:29,30164.25,30167.00,30160.75,30164.25,187,30164.25,30164.25,0.00
2026-06-30 09:44:30,30164.25,30170.00,30163.25,30163.25,158,30163.25,30163.25,0.00
2026-06-30 09:44:31,30164.50,30170.00,30162.75,30170.00,155,30170.00,30170.00,0.00
2026-06-30 09:44:32,30168.50,30173.75,30168.25,30169.00,191,30169.00,30169.00,0.00
2026-06-30 09:44:33,30169.50,30174.00,30169.50,30174.00,112,30174.00,30174.00,0.00
2026-06-30 09:44:34,30174.00,30178.50,30173.00,30175.25,133,30175.25,30175.25,0.00
2026-06-30 09:44:35,30174.00,30175.50,30170.25,30173.75,121,30173.75,30173.75,0.00
2026-06-30 09:44:36,30173.00,30177.75,30163.75,30169.00,279,30169.00,30169.00,0.00
2026-06-30 09:44:37,30168.00,30169.25,30165.00,30165.50,104,30165.50,30165.50,0.00
2026-06-30 09:44:38,30166.75,30168.50,30163.75,30166.75,100,30166.75,30166.75,0.00
2026-06-30 09:44:39,30166.75,30170.75,30165.50,30168.00,74,30168.00,30168.00,0.00
2026-06-30 09:44:40,30168.50,30172.50,30168.50,30171.75,56,30171.75,30171.75,0.00
2026-06-30 09:44:41,30172.50,30172.50,30166.00,30167.50,48,30167.50,30167.50,0.00
2026-06-30 09:44:42,30168.00,30173.00,30166.75,30170.25,73,30170.25,30170.25,0.00
2026-06-30 09:44:43,30169.50,30174.75,30169.25,30173.50,48,30173.50,30173.50,0.00
2026-06-30 09:44:44,30174.50,30175.50,30171.00,30172.75,75,30172.75,30172.75,0.00
2026-06-30 09:44:45,30172.75,30183.75,30172.75,30180.50,309,30180.50,30180.50,0.00
2026-06-30 09:44:46,30181.25,30190.50,30179.75,30186.50,327,30186.50,30186.50,0.00
2026-06-30 09:44:47,30186.25,30200.00,30185.75,30192.50,366,30192.50,30192.50,0.00
2026-06-30 09:44:48,30191.00,30195.00,30187.50,30192.75,225,30192.75,30192.75,0.00
2026-06-30 09:44:49,30192.75,30200.75,30192.25,30196.00,165,30196.00,30196.00,0.00
2026-06-30 09:44:50,30196.00,30199.50,30194.75,30198.75,137,30198.75,30198.75,0.00
2026-06-30 09:44:51,30198.50,30200.25,30192.25,30194.75,192,30194.75,30194.75,0.00
2026-06-30 09:44:52,30195.25,30200.00,30193.25,30200.00,147,30200.00,30200.00,0.00
2026-06-30 09:44:53,30200.00,30203.25,30195.50,30197.50,159,30197.50,30197.50,0.00
2026-06-30 09:44:54,30199.00,30204.25,30198.25,30200.50,150,30200.50,30200.50,0.00
2026-06-30 09:44:55,30202.25,30210.75,30201.25,30208.25,239,30208.25,30208.25,0.00
2026-06-30 09:44:56,30209.75,30216.50,30208.75,30215.75,421,30215.75,30215.75,0.00
2026-06-30 09:44:57,30216.25,30216.75,30208.25,30211.25,254,30211.25,30211.25,0.00
2026-06-30 09:44:58,30211.25,30216.25,30208.00,30212.25,252,30212.25,30212.25,0.00
2026-06-30 09:44:59,30212.75,30218.00,30212.50,30214.50,154,30214.50,30214.50,0.00
2026-06-30 09:45:00,30213.50,30218.50,30213.00,30214.50,134,30214.50,30214.50,0.00
2026-06-30 09:45:01,30214.00,30225.00,30208.75,30225.00,644,30225.00,30225.00,0.00
2026-06-30 09:45:02,30225.00,30248.00,30225.00,30242.25,1021,30242.25,30242.25,0.00
2026-06-30 09:45:03,30241.50,30250.00,30239.25,30245.25,636,30245.25,30245.25,0.00
2026-06-30 09:45:04,30247.25,30249.75,30237.75,30243.25,473,30243.25,30243.25,0.00
2026-06-30 09:45:05,30241.50,30247.25,30241.25,30245.25,345,30245.25,30245.25,0.00
2026-06-30 09:45:06,30243.75,30246.00,30239.75,30241.75,354,30241.75,30241.75,0.00
2026-06-30 09:45:07,30241.75,30246.25,30235.75,30238.50,204,30238.50,30238.50,0.00
2026-06-30 09:45:08,30239.00,30239.25,30230.00,30233.50,320,30233.50,30233.50,0.00
2026-06-30 09:45:09,30233.50,30235.00,30230.50,30230.50,166,30230.50,30230.50,0.00
2026-06-30 09:45:10,30232.00,30232.00,30222.00,30223.00,254,30223.00,30223.00,0.00
2026-06-30 09:45:11,30223.75,30234.25,30222.25,30234.25,213,30234.25,30234.25,0.00
2026-06-30 09:45:12,30233.00,30234.75,30227.75,30232.75,183,30232.75,30232.75,0.00
2026-06-30 09:45:13,30232.25,30236.75,30228.25,30234.50,127,30234.50,30234.50,0.00
2026-06-30 09:45:14,30234.75,30236.50,30229.75,30231.75,125,30231.75,30231.75,0.00
2026-06-30 09:45:15,30232.00,30235.00,30227.50,30231.50,131,30231.50,30231.50,0.00
2026-06-30 09:45:16,30231.75,30237.75,30229.50,30235.00,152,30235.00,30235.00,0.00
2026-06-30 09:45:17,30235.00,30236.75,30230.50,30235.75,103,30235.75,30235.75,0.00
2026-06-30 09:45:18,30236.50,30239.25,30230.50,30232.50,126,30232.50,30232.50,0.00
2026-06-30 09:45:19,30232.50,30235.50,30229.00,30231.75,121,30231.75,30231.75,0.00
2026-06-30 09:45:20,30231.00,30241.75,30231.00,30239.25,131,30239.25,30239.25,0.00
2026-06-30 09:45:21,30239.00,30243.00,30231.25,30236.50,157,30236.50,30236.50,0.00
2026-06-30 09:45:22,30235.25,30235.25,30229.25,30232.25,127,30232.25,30232.25,0.00
2026-06-30 09:45:23,30233.50,30236.75,30230.75,30236.25,89,30236.25,30236.25,0.00
2026-06-30 09:45:24,30237.50,30245.25,30234.75,30243.25,174,30243.25,30243.25,0.00
2026-06-30 09:45:25,30243.00,30246.50,30239.75,30240.25,177,30240.25,30240.25,0.00
2026-06-30 09:45:26,30241.00,30241.00,30227.75,30229.00,174,30229.00,30229.00,0.00
2026-06-30 09:45:27,30230.50,30235.25,30229.50,30233.75,99,30233.75,30233.75,0.00
2026-06-30 09:45:28,30234.00,30237.75,30232.00,30234.25,114,30234.25,30234.25,0.00
2026-06-30 09:45:29,30234.75,30236.75,30231.75,30233.00,101,30233.00,30233.00,0.00
2026-06-30 09:45:30,30233.00,30237.25,30231.25,30237.00,87,30237.00,30237.00,0.00
2026-06-30 09:45:31,30237.00,30238.25,30231.50,30232.50,119,30232.50,30232.50,0.00
2026-06-30 09:45:32,30232.50,30245.00,30229.75,30243.00,160,30243.00,30243.00,0.00
2026-06-30 09:45:33,30242.25,30244.00,30238.50,30239.75,127,30239.75,30239.75,0.00
2026-06-30 09:45:34,30239.25,30239.75,30232.25,30235.75,145,30235.75,30235.75,0.00
2026-06-30 09:45:35,30235.00,30236.75,30217.75,30225.25,341,30225.25,30225.25,0.00
2026-06-30 09:45:36,30225.00,30228.50,30222.00,30227.75,174,30227.75,30227.75,0.00
2026-06-30 09:45:37,30228.25,30228.50,30218.75,30226.00,228,30226.00,30226.00,0.00
2026-06-30 09:45:38,30227.00,30230.50,30224.25,30228.50,131,30228.50,30228.50,0.00
2026-06-30 09:45:39,30230.00,30231.00,30226.25,30226.50,110,30226.50,30226.50,0.00
2026-06-30 09:45:40,30227.25,30232.25,30227.00,30231.50,84,30231.50,30231.50,0.00
2026-06-30 09:45:41,30231.75,30232.50,30227.25,30230.75,103,30230.75,30230.75,0.00
2026-06-30 09:45:42,30231.25,30234.50,30229.00,30230.75,90,30230.75,30230.75,0.00
2026-06-30 09:45:43,30230.75,30230.75,30221.25,30222.25,176,30222.25,30222.25,0.00
2026-06-30 09:45:44,30221.75,30225.25,30218.75,30224.75,128,30224.75,30224.75,0.00
2026-06-30 09:45:45,30224.50,30227.75,30222.75,30226.25,118,30226.25,30226.25,0.00
2026-06-30 09:45:46,30227.00,30227.50,30221.75,30222.00,93,30222.00,30222.00,0.00
2026-06-30 09:45:47,30222.25,30226.25,30216.75,30223.00,165,30223.00,30223.00,0.00
2026-06-30 09:45:48,30222.75,30235.00,30222.25,30234.00,149,30234.00,30234.00,0.00
2026-06-30 09:45:49,30233.50,30234.25,30231.50,30231.75,110,30231.75,30231.75,0.00
2026-06-30 09:45:50,30232.25,30241.25,30232.25,30239.25,163,30239.25,30239.25,0.00
2026-06-30 09:45:51,30240.25,30241.25,30235.75,30239.50,143,30239.50,30239.50,0.00
2026-06-30 09:45:52,30238.50,30246.00,30238.50,30245.75,193,30245.75,30245.75,0.00
2026-06-30 09:45:53,30246.25,30251.25,30245.25,30246.25,468,30246.25,30246.25,0.00
2026-06-30 09:45:54,30246.75,30254.00,30246.50,30248.50,375,30248.50,30248.50,0.00
2026-06-30 09:45:55,30249.25,30250.00,30244.00,30246.50,198,30246.50,30246.50,0.00
2026-06-30 09:45:56,30245.50,30247.25,30243.00,30243.50,157,30243.50,30243.50,0.00
2026-06-30 09:45:57,30243.25,30243.75,30234.00,30236.00,239,30236.00,30236.00,0.00
2026-06-30 09:45:58,30236.75,30244.00,30236.00,30243.50,93,30243.50,30243.50,0.00
2026-06-30 09:45:59,30242.50,30248.00,30242.25,30247.75,122,30247.75,30247.75,0.00
2026-06-30 09:46:00,30247.00,30249.75,30245.50,30247.50,96,30247.50,30247.50,0.00
2026-06-30 09:46:01,30246.25,30249.00,30242.00,30248.50,227,30248.50,30248.50,0.00
2026-06-30 09:46:02,30248.00,30251.50,30246.75,30250.00,150,30250.00,30250.00,0.00
2026-06-30 09:46:03,30250.50,30252.00,30247.25,30248.25,192,30248.25,30248.25,0.00
2026-06-30 09:46:04,30247.50,30248.75,30243.50,30245.75,187,30245.75,30245.75,0.00
2026-06-30 09:46:05,30246.50,30249.50,30245.75,30248.75,91,30248.75,30248.75,0.00
2026-06-30 09:46:06,30247.25,30251.75,30246.50,30249.75,117,30249.75,30249.75,0.00
2026-06-30 09:46:07,30250.00,30252.00,30248.00,30248.25,171,30248.25,30248.25,0.00
2026-06-30 09:46:08,30248.75,30250.50,30238.00,30241.75,219,30241.75,30241.75,0.00
2026-06-30 09:46:09,30242.75,30247.00,30239.75,30245.75,192,30245.75,30245.75,0.00
2026-06-30 09:46:10,30246.00,30246.75,30238.25,30240.50,165,30240.50,30240.50,0.00
2026-06-30 09:46:11,30240.75,30241.25,30232.00,30233.00,199,30233.00,30233.00,0.00
2026-06-30 09:46:12,30233.25,30235.00,30228.25,30229.75,242,30229.75,30229.75,0.00
2026-06-30 09:46:13,30229.75,30234.50,30226.50,30233.00,330,30233.00,30233.00,0.00
2026-06-30 09:46:14,30233.00,30235.75,30231.25,30231.75,131,30231.75,30231.75,0.00
2026-06-30 09:46:15,30231.00,30233.50,30228.00,30230.50,164,30230.50,30230.50,0.00
2026-06-30 09:46:16,30231.25,30233.25,30225.50,30227.25,188,30227.25,30227.25,0.00
2026-06-30 09:46:17,30226.50,30228.50,30222.75,30227.00,211,30227.00,30227.00,0.00
2026-06-30 09:46:18,30227.25,30227.75,30219.50,30222.00,243,30222.00,30222.00,0.00
2026-06-30 09:46:19,30221.50,30223.50,30218.00,30222.00,242,30222.00,30222.00,0.00
2026-06-30 09:46:20,30223.00,30229.75,30223.00,30229.50,281,30229.50,30229.50,0.00
2026-06-30 09:46:21,30229.25,30238.25,30228.00,30237.25,250,30237.25,30237.25,0.00
2026-06-30 09:46:22,30237.25,30238.75,30232.25,30233.25,230,30233.25,30233.25,0.00
2026-06-30 09:46:23,30233.50,30235.00,30231.25,30231.25,131,30231.25,30231.25,0.00
2026-06-30 09:46:24,30232.25,30240.50,30232.00,30239.50,145,30239.50,30239.50,0.00
2026-06-30 09:46:25,30238.50,30238.50,30234.50,30235.75,121,30235.75,30235.75,0.00
2026-06-30 09:46:26,30236.00,30239.50,30235.25,30236.75,111,30236.75,30236.75,0.00
2026-06-30 09:46:27,30237.00,30245.00,30236.50,30244.75,208,30244.75,30244.75,0.00
2026-06-30 09:46:28,30244.25,30248.00,30244.25,30248.00,210,30248.00,30248.00,0.00
2026-06-30 09:46:29,30247.75,30248.50,30240.25,30242.50,160,30242.50,30242.50,0.00
2026-06-30 09:46:30,30242.75,30244.25,30241.25,30242.50,105,30242.50,30242.50,0.00
2026-06-30 09:46:31,30242.00,30244.50,30240.00,30242.75,141,30242.75,30242.75,0.00
2026-06-30 09:46:32,30242.75,30246.25,30242.00,30245.50,113,30245.50,30245.50,0.00
2026-06-30 09:46:33,30245.00,30246.75,30238.00,30240.75,133,30240.75,30240.75,0.00
2026-06-30 09:46:34,30239.75,30240.50,30233.25,30234.50,179,30234.50,30234.50,0.00
2026-06-30 09:46:35,30235.25,30237.25,30233.25,30234.00,115,30234.00,30234.00,0.00
2026-06-30 09:46:36,30236.25,30236.75,30221.00,30221.25,275,30221.25,30221.25,0.00
2026-06-30 09:46:37,30221.00,30223.50,30218.75,30221.75,257,30221.75,30221.75,0.00
2026-06-30 09:46:38,30220.75,30226.25,30220.75,30226.00,135,30226.00,30226.00,0.00
2026-06-30 09:46:39,30225.75,30226.00,30222.00,30223.00,123,30223.00,30223.00,0.00
2026-06-30 09:46:40,30222.75,30226.50,30222.25,30225.25,102,30225.25,30225.25,0.00
2026-06-30 09:46:41,30224.75,30225.25,30219.25,30219.25,146,30219.25,30219.25,0.00
2026-06-30 09:46:42,30219.25,30223.25,30217.75,30220.75,162,30220.75,30220.75,0.00
2026-06-30 09:46:43,30220.50,30227.25,30220.25,30223.75,214,30223.75,30223.75,0.00
2026-06-30 09:46:44,30224.50,30228.50,30224.25,30228.50,147,30228.50,30228.50,0.00
2026-06-30 09:46:45,30228.50,30230.75,30227.50,30229.00,124,30229.00,30229.00,0.00
2026-06-30 09:46:46,30228.75,30233.00,30227.25,30230.25,112,30230.25,30230.25,0.00
2026-06-30 09:46:47,30229.75,30236.00,30227.25,30235.50,160,30235.50,30235.50,0.00
2026-06-30 09:46:48,30235.75,30237.50,30234.00,30235.75,123,30235.75,30235.75,0.00
2026-06-30 09:46:49,30236.25,30236.25,30228.75,30232.00,119,30232.00,30232.00,0.00
2026-06-30 09:46:50,30231.50,30239.25,30230.75,30238.25,146,30238.25,30238.25,0.00
2026-06-30 09:46:51,30239.00,30239.50,30237.50,30238.75,68,30238.75,30238.75,0.00
2026-06-30 09:46:52,30238.75,30239.00,30233.75,30235.75,172,30235.75,30235.75,0.00
2026-06-30 09:46:53,30236.00,30237.25,30233.50,30235.00,81,30235.00,30235.00,0.00
2026-06-30 09:46:54,30235.25,30238.25,30234.25,30238.00,80,30238.00,30238.00,0.00
2026-06-30 09:46:55,30238.25,30239.75,30237.25,30239.00,84,30239.00,30239.00,0.00
2026-06-30 09:46:56,30239.50,30245.25,30238.25,30242.75,211,30242.75,30242.75,0.00
2026-06-30 09:46:57,30242.75,30243.75,30240.50,30240.75,90,30240.75,30240.75,0.00
2026-06-30 09:46:58,30241.50,30244.00,30241.00,30243.25,92,30243.25,30243.25,0.00
2026-06-30 09:46:59,30242.75,30244.50,30242.25,30243.75,96,30243.75,30243.75,0.00
2026-06-30 09:47:00,30243.50,30249.00,30241.75,30245.25,161,30245.25,30245.25,0.00
2026-06-30 09:47:01,30244.50,30244.75,30240.75,30243.75,122,30243.75,30243.75,0.00
2026-06-30 09:47:02,30244.75,30246.50,30242.50,30246.00,158,30246.00,30246.00,0.00
2026-06-30 09:47:03,30246.00,30247.75,30239.00,30240.75,196,30240.75,30240.75,0.00
2026-06-30 09:47:04,30241.75,30243.00,30236.50,30240.50,225,30240.50,30240.50,0.00
2026-06-30 09:47:05,30240.00,30244.75,30240.00,30243.50,147,30243.50,30243.50,0.00
2026-06-30 09:47:06,30243.50,30244.25,30236.50,30238.00,123,30238.00,30238.00,0.00
2026-06-30 09:47:07,30238.25,30240.75,30236.50,30240.25,129,30240.25,30240.25,0.00
2026-06-30 09:47:08,30241.00,30244.50,30239.25,30242.00,84,30242.00,30242.00,0.00
2026-06-30 09:47:09,30242.00,30243.00,30237.25,30241.00,141,30241.00,30241.00,0.00
2026-06-30 09:47:10,30240.25,30243.25,30239.00,30240.25,133,30240.25,30240.25,0.00
2026-06-30 09:47:11,30241.25,30243.25,30238.75,30240.50,89,30240.50,30240.50,0.00
2026-06-30 09:47:12,30239.75,30244.50,30233.75,30235.50,180,30235.50,30235.50,0.00
2026-06-30 09:47:13,30236.00,30237.00,30234.50,30235.75,122,30235.75,30235.75,0.00
2026-06-30 09:47:14,30235.75,30237.50,30232.25,30234.50,197,30234.50,30234.50,0.00
2026-06-30 09:47:15,30234.00,30239.75,30233.25,30238.75,121,30238.75,30238.75,0.00
2026-06-30 09:47:16,30238.50,30239.25,30236.00,30237.00,102,30237.00,30237.00,0.00
2026-06-30 09:47:17,30237.00,30237.75,30235.50,30236.25,77,30236.25,30236.25,0.00
2026-06-30 09:47:18,30235.75,30236.00,30229.00,30230.25,141,30230.25,30230.25,0.00
2026-06-30 09:47:19,30230.50,30232.00,30229.25,30229.25,114,30229.25,30229.25,0.00
2026-06-30 09:47:20,30229.25,30230.50,30228.00,30230.25,92,30230.25,30230.25,0.00
2026-06-30 09:47:21,30230.25,30233.50,30226.75,30229.25,160,30229.25,30229.25,0.00
2026-06-30 09:47:22,30230.50,30237.00,30230.50,30232.50,185,30232.50,30232.50,0.00
2026-06-30 09:47:23,30232.25,30232.25,30228.00,30229.00,110,30229.00,30229.00,0.00
2026-06-30 09:47:24,30230.50,30233.75,30229.00,30233.75,94,30233.75,30233.75,0.00
2026-06-30 09:47:25,30233.00,30235.25,30231.50,30235.25,101,30235.25,30235.25,0.00
2026-06-30 09:47:26,30235.00,30242.50,30233.00,30239.50,177,30239.50,30239.50,0.00
2026-06-30 09:47:27,30240.00,30242.75,30238.75,30241.25,148,30241.25,30241.25,0.00
2026-06-30 09:47:28,30240.50,30241.50,30234.75,30237.75,332,30237.75,30237.75,0.00
2026-06-30 09:47:29,30237.75,30238.00,30234.50,30236.00,119,30236.00,30236.00,0.00
2026-06-30 09:47:30,30237.00,30240.00,30233.50,30237.50,125,30237.50,30237.50,0.00
2026-06-30 09:47:31,30237.75,30237.75,30231.25,30231.75,156,30231.75,30231.75,0.00
2026-06-30 09:47:32,30231.75,30235.75,30230.25,30233.75,159,30233.75,30233.75,0.00
2026-06-30 09:47:33,30234.75,30236.50,30233.00,30233.50,112,30233.50,30233.50,0.00
2026-06-30 09:47:34,30233.75,30238.25,30233.50,30235.00,82,30235.00,30235.00,0.00
2026-06-30 09:47:35,30234.50,30236.50,30231.00,30232.25,107,30232.25,30232.25,0.00
2026-06-30 09:47:36,30231.75,30237.25,30231.00,30237.00,71,30237.00,30237.00,0.00
2026-06-30 09:47:37,30237.50,30238.00,30235.25,30236.75,76,30236.75,30236.75,0.00
2026-06-30 09:47:38,30237.50,30241.25,30236.50,30238.25,145,30238.25,30238.25,0.00
2026-06-30 09:47:39,30239.00,30240.25,30235.25,30237.00,92,30237.00,30237.00,0.00
2026-06-30 09:47:40,30237.50,30238.50,30234.25,30236.25,82,30236.25,30236.25,0.00
2026-06-30 09:47:41,30236.75,30237.50,30233.25,30235.50,128,30235.50,30235.50,0.00
2026-06-30 09:47:42,30235.25,30235.75,30229.75,30232.25,135,30232.25,30232.25,0.00
2026-06-30 09:47:43,30232.00,30233.75,30224.00,30229.25,274,30229.25,30229.25,0.00
2026-06-30 09:47:44,30229.25,30235.50,30228.25,30234.50,108,30234.50,30234.50,0.00
2026-06-30 09:47:45,30234.00,30236.50,30232.00,30234.75,112,30234.75,30234.75,0.00
2026-06-30 09:47:46,30234.25,30234.75,30230.25,30230.25,51,30230.25,30230.25,0.00
2026-06-30 09:47:47,30229.75,30231.50,30228.75,30229.25,68,30229.25,30229.25,0.00
2026-06-30 09:47:48,30229.75,30231.50,30227.25,30230.75,103,30230.75,30230.75,0.00
2026-06-30 09:47:49,30231.25,30231.75,30224.00,30224.50,102,30224.50,30224.50,0.00
2026-06-30 09:47:50,30224.75,30225.50,30223.00,30223.75,122,30223.75,30223.75,0.00
2026-06-30 09:47:51,30223.75,30227.50,30222.25,30223.75,165,30223.75,30223.75,0.00
2026-06-30 09:47:52,30224.00,30224.00,30220.25,30222.75,118,30222.75,30222.75,0.00
2026-06-30 09:47:53,30222.50,30223.25,30215.75,30221.50,284,30221.50,30221.50,0.00
2026-06-30 09:47:54,30220.75,30221.50,30217.25,30217.25,148,30217.25,30217.25,0.00
2026-06-30 09:47:55,30218.25,30218.25,30210.75,30214.25,417,30214.25,30214.25,0.00
2026-06-30 09:47:56,30214.75,30218.00,30213.25,30218.00,202,30218.00,30218.00,0.00
2026-06-30 09:47:57,30218.25,30218.75,30216.25,30218.75,125,30218.75,30218.75,0.00
2026-06-30 09:47:58,30218.25,30218.75,30214.50,30216.25,111,30216.25,30216.25,0.00
2026-06-30 09:47:59,30216.00,30220.00,30215.75,30220.00,120,30220.00,30220.00,0.00
2026-06-30 09:48:00,30220.25,30221.50,30217.75,30218.50,102,30218.50,30218.50,0.00
2026-06-30 09:48:01,30220.00,30224.25,30219.00,30221.50,248,30221.50,30221.50,0.00
2026-06-30 09:48:02,30222.50,30222.75,30218.50,30220.75,176,30220.75,30220.75,0.00
2026-06-30 09:48:03,30220.75,30220.75,30215.75,30218.25,123,30218.25,30218.25,0.00
2026-06-30 09:48:04,30218.50,30220.00,30216.00,30218.25,137,30218.25,30218.25,0.00
2026-06-30 09:48:05,30218.00,30223.00,30217.25,30222.75,99,30222.75,30222.75,0.00
2026-06-30 09:48:06,30222.25,30224.00,30215.50,30216.50,182,30216.50,30216.50,0.00
2026-06-30 09:48:07,30216.00,30217.25,30213.50,30215.50,127,30215.50,30215.50,0.00
2026-06-30 09:48:08,30215.25,30223.50,30215.00,30222.75,173,30222.75,30222.75,0.00
2026-06-30 09:48:09,30222.25,30224.00,30221.50,30223.00,81,30223.00,30223.00,0.00
2026-06-30 09:48:10,30223.75,30226.00,30223.00,30224.00,154,30224.00,30224.00,0.00
2026-06-30 09:48:11,30224.00,30224.00,30217.75,30218.75,141,30218.75,30218.75,0.00
2026-06-30 09:48:12,30220.00,30225.25,30219.25,30224.25,124,30224.25,30224.25,0.00
2026-06-30 09:48:13,30224.00,30226.25,30219.75,30220.25,152,30220.25,30220.25,0.00
2026-06-30 09:48:14,30220.25,30223.75,30219.00,30223.75,110,30223.75,30223.75,0.00
2026-06-30 09:48:15,30223.00,30223.50,30217.75,30221.50,77,30221.50,30221.50,0.00
2026-06-30 09:48:16,30221.25,30221.75,30217.50,30219.00,90,30219.00,30219.00,0.00
2026-06-30 09:48:17,30218.25,30219.00,30212.75,30214.75,114,30214.75,30214.75,0.00
2026-06-30 09:48:18,30214.25,30221.50,30213.50,30220.25,172,30220.25,30220.25,0.00
2026-06-30 09:48:19,30219.25,30220.50,30218.00,30219.75,83,30219.75,30219.75,0.00
2026-06-30 09:48:20,30220.25,30224.25,30216.50,30217.75,131,30217.75,30217.75,0.00
2026-06-30 09:48:21,30218.00,30220.50,30212.25,30219.75,148,30219.75,30219.75,0.00
2026-06-30 09:48:22,30220.75,30225.25,30220.75,30222.50,182,30222.50,30222.50,0.00
2026-06-30 09:48:23,30222.25,30223.75,30218.75,30221.25,85,30221.25,30221.25,0.00
2026-06-30 09:48:24,30222.50,30222.75,30219.50,30221.75,85,30221.75,30221.75,0.00
2026-06-30 09:48:25,30221.75,30227.75,30220.50,30226.50,128,30226.50,30226.50,0.00
2026-06-30 09:48:26,30226.00,30231.25,30224.50,30229.00,189,30229.00,30229.00,0.00
2026-06-30 09:48:27,30228.50,30236.75,30227.75,30235.25,335,30235.25,30235.25,0.00
2026-06-30 09:48:28,30236.25,30241.00,30235.25,30241.00,334,30241.00,30241.00,0.00
2026-06-30 09:48:29,30241.50,30244.25,30240.00,30242.75,225,30242.75,30242.75,0.00
2026-06-30 09:48:30,30242.75,30243.25,30239.25,30240.00,216,30240.00,30240.00,0.00
2026-06-30 09:48:31,30240.25,30243.75,30239.75,30242.00,168,30242.00,30242.00,0.00
2026-06-30 09:48:32,30242.00,30243.50,30239.50,30241.50,146,30241.50,30241.50,0.00
2026-06-30 09:48:33,30242.00,30242.50,30237.25,30238.00,122,30238.00,30238.00,0.00
2026-06-30 09:48:34,30239.00,30240.25,30238.00,30240.25,87,30240.25,30240.25,0.00
2026-06-30 09:48:35,30240.25,30242.00,30237.50,30242.00,100,30242.00,30242.00,0.00
2026-06-30 09:48:36,30242.50,30243.50,30239.00,30240.50,143,30240.50,30240.50,0.00
2026-06-30 09:48:37,30240.25,30244.00,30238.50,30238.75,136,30238.75,30238.75,0.00
2026-06-30 09:48:38,30239.00,30240.50,30236.25,30240.50,90,30240.50,30240.50,0.00
2026-06-30 09:48:39,30240.50,30240.50,30236.25,30238.50,138,30238.50,30238.50,0.00
2026-06-30 09:48:40,30238.75,30240.25,30238.00,30239.00,82,30239.00,30239.00,0.00
2026-06-30 09:48:41,30239.25,30242.75,30238.50,30241.00,127,30241.00,30241.00,0.00
2026-06-30 09:48:42,30241.00,30241.25,30233.75,30235.75,147,30235.75,30235.75,0.00
2026-06-30 09:48:43,30236.00,30237.00,30233.75,30235.50,115,30235.50,30235.50,0.00
2026-06-30 09:48:44,30235.25,30239.25,30234.75,30236.00,66,30236.00,30236.00,0.00
2026-06-30 09:48:45,30235.75,30238.50,30229.00,30231.75,249,30231.75,30231.75,0.00
2026-06-30 09:48:46,30231.75,30235.50,30231.25,30233.00,113,30233.00,30233.00,0.00
2026-06-30 09:48:47,30232.50,30232.50,30226.75,30229.00,102,30229.00,30229.00,0.00
2026-06-30 09:48:48,30228.75,30229.75,30227.75,30229.25,55,30229.25,30229.25,0.00
2026-06-30 09:48:49,30228.75,30229.00,30221.50,30224.00,220,30224.00,30224.00,0.00
2026-06-30 09:48:50,30224.25,30225.50,30219.50,30221.25,197,30221.25,30221.25,0.00
2026-06-30 09:48:51,30221.50,30222.75,30215.50,30216.50,169,30216.50,30216.50,0.00
2026-06-30 09:48:52,30217.00,30218.25,30214.00,30215.75,215,30215.75,30215.75,0.00
2026-06-30 09:48:53,30215.50,30218.25,30214.75,30216.00,173,30216.00,30216.00,0.00
2026-06-30 09:48:54,30216.25,30219.25,30216.00,30219.00,97,30219.00,30219.00,0.00
2026-06-30 09:48:55,30218.50,30219.25,30217.25,30218.75,107,30218.75,30218.75,0.00
2026-06-30 09:48:56,30218.50,30222.25,30218.00,30220.25,116,30220.25,30220.25,0.00
2026-06-30 09:48:57,30221.25,30223.50,30221.00,30222.75,98,30222.75,30222.75,0.00
2026-06-30 09:48:58,30222.25,30226.50,30222.25,30225.00,145,30225.00,30225.00,0.00
2026-06-30 09:48:59,30225.25,30227.75,30224.50,30225.25,79,30225.25,30225.25,0.00
2026-06-30 09:49:00,30225.75,30230.75,30224.25,30225.75,148,30225.75,30225.75,0.00
2026-06-30 09:49:01,30226.00,30234.25,30225.75,30233.50,139,30233.50,30233.50,0.00
2026-06-30 09:49:02,30233.75,30234.50,30230.75,30233.25,79,30233.25,30233.25,0.00
2026-06-30 09:49:03,30232.50,30233.00,30227.75,30230.50,128,30230.50,30230.50,0.00
2026-06-30 09:49:04,30231.00,30234.00,30229.75,30233.25,124,30233.25,30233.25,0.00
2026-06-30 09:49:05,30233.50,30236.75,30232.75,30236.25,131,30236.25,30236.25,0.00
2026-06-30 09:49:06,30236.00,30238.75,30235.25,30237.25,139,30237.25,30237.25,0.00
2026-06-30 09:49:07,30236.75,30236.75,30234.00,30235.00,148,30235.00,30235.00,0.00
2026-06-30 09:49:08,30234.50,30236.25,30231.50,30235.75,133,30235.75,30235.75,0.00
2026-06-30 09:49:09,30235.25,30236.25,30234.00,30235.00,38,30235.00,30235.00,0.00
2026-06-30 09:49:10,30235.25,30236.00,30230.00,30231.75,97,30231.75,30231.75,0.00
2026-06-30 09:49:11,30231.50,30231.75,30226.50,30229.00,173,30229.00,30229.00,0.00
2026-06-30 09:49:12,30229.00,30231.00,30227.75,30230.00,86,30230.00,30230.00,0.00
2026-06-30 09:49:13,30230.75,30230.75,30227.25,30229.25,99,30229.25,30229.25,0.00
2026-06-30 09:49:14,30230.50,30232.25,30229.50,30231.25,83,30231.25,30231.25,0.00
2026-06-30 09:49:15,30230.75,30232.25,30228.25,30231.25,80,30231.25,30231.25,0.00
2026-06-30 09:49:16,30231.00,30232.75,30228.00,30229.25,81,30229.25,30229.25,0.00
2026-06-30 09:49:17,30229.50,30230.75,30226.75,30228.25,67,30228.25,30228.25,0.00
2026-06-30 09:49:18,30227.75,30228.25,30217.75,30219.25,221,30219.25,30219.25,0.00
2026-06-30 09:49:19,30219.25,30219.25,30216.00,30217.50,172,30217.50,30217.50,0.00
2026-06-30 09:49:20,30217.50,30218.00,30212.00,30214.50,256,30214.50,30214.50,0.00
2026-06-30 09:49:21,30215.00,30216.00,30208.50,30209.00,294,30209.00,30209.00,0.00
2026-06-30 09:49:22,30208.50,30210.00,30203.25,30204.00,482,30204.00,30204.00,0.00
2026-06-30 09:49:23,30203.75,30206.50,30197.75,30200.00,448,30200.00,30200.00,0.00
2026-06-30 09:49:24,30199.75,30201.75,30197.50,30199.25,287,30199.25,30199.25,0.00
2026-06-30 09:49:25,30199.50,30202.25,30198.75,30200.50,200,30200.50,30200.50,0.00
2026-06-30 09:49:26,30200.25,30206.75,30199.50,30206.75,266,30206.75,30206.75,0.00
2026-06-30 09:49:27,30207.00,30211.50,30207.00,30209.25,158,30209.25,30209.25,0.00
2026-06-30 09:49:28,30209.75,30214.50,30208.75,30209.50,188,30209.50,30209.50,0.00
2026-06-30 09:49:29,30209.25,30209.50,30201.25,30201.50,180,30201.50,30201.50,0.00
2026-06-30 09:49:30,30201.00,30201.50,30196.50,30198.75,214,30198.75,30198.75,0.00
2026-06-30 09:49:31,30198.50,30200.50,30197.75,30198.25,157,30198.25,30198.25,0.00
2026-06-30 09:49:32,30198.25,30199.00,30194.25,30194.50,225,30194.50,30194.50,0.00
2026-06-30 09:49:33,30194.25,30198.25,30193.00,30197.00,175,30197.00,30197.00,0.00
2026-06-30 09:49:34,30197.25,30198.50,30194.25,30194.50,178,30194.50,30194.50,0.00
2026-06-30 09:49:35,30193.75,30198.25,30192.25,30196.00,199,30196.00,30196.00,0.00
2026-06-30 09:49:36,30195.25,30198.00,30193.75,30195.75,161,30195.75,30195.75,0.00
2026-06-30 09:49:37,30195.50,30195.50,30192.25,30193.00,118,30193.00,30193.00,0.00
2026-06-30 09:49:38,30192.50,30197.75,30191.25,30196.75,152,30196.75,30196.75,0.00
2026-06-30 09:49:39,30196.50,30199.00,30193.00,30196.75,150,30196.75,30196.75,0.00
2026-06-30 09:49:40,30197.00,30197.25,30194.25,30197.25,70,30197.25,30197.25,0.00
2026-06-30 09:49:41,30197.00,30206.00,30197.00,30204.75,179,30204.75,30204.75,0.00
2026-06-30 09:49:42,30204.50,30207.50,30203.75,30205.00,128,30205.00,30205.00,0.00
2026-06-30 09:49:43,30204.25,30205.00,30199.25,30199.50,70,30199.50,30199.50,0.00
2026-06-30 09:49:44,30199.50,30202.50,30199.50,30199.75,58,30199.75,30199.75,0.00
2026-06-30 09:49:45,30200.50,30204.50,30200.00,30203.75,84,30203.75,30203.75,0.00
2026-06-30 09:49:46,30204.50,30208.25,30203.25,30206.50,97,30206.50,30206.50,0.00
2026-06-30 09:49:47,30206.25,30208.75,30206.25,30207.00,101,30207.00,30207.00,0.00
2026-06-30 09:49:48,30207.50,30210.00,30207.25,30209.25,103,30209.25,30209.25,0.00
2026-06-30 09:49:49,30209.00,30223.75,30209.00,30223.00,453,30223.00,30223.00,0.00
2026-06-30 09:49:50,30223.25,30229.50,30222.25,30227.00,351,30227.00,30227.00,0.00
2026-06-30 09:49:51,30227.50,30228.75,30224.00,30224.25,134,30224.25,30224.25,0.00
2026-06-30 09:49:52,30224.25,30224.50,30221.75,30221.75,109,30221.75,30221.75,0.00
2026-06-30 09:49:53,30222.50,30223.50,30221.00,30221.25,78,30221.25,30221.25,0.00
2026-06-30 09:49:54,30222.25,30223.75,30221.50,30223.25,76,30223.25,30223.25,0.00
2026-06-30 09:49:55,30222.75,30223.75,30221.75,30222.50,57,30222.50,30222.50,0.00
2026-06-30 09:49:56,30222.75,30223.25,30215.50,30219.00,154,30219.00,30219.00,0.00
2026-06-30 09:49:57,30218.50,30219.00,30213.25,30213.50,161,30213.50,30213.50,0.00
2026-06-30 09:49:58,30212.75,30216.75,30212.25,30212.25,112,30212.25,30212.25,0.00
2026-06-30 09:49:59,30213.00,30214.25,30211.50,30213.00,90,30213.00,30213.00,0.00
2026-06-30 09:50:00,30212.25,30214.50,30210.50,30212.00,128,30212.00,30212.00,0.00
2026-06-30 09:50:01,30213.25,30214.75,30210.50,30212.75,137,30212.75,30212.75,0.00
2026-06-30 09:50:02,30213.25,30217.25,30213.25,30213.75,144,30213.75,30213.75,0.00
2026-06-30 09:50:03,30214.00,30215.75,30211.75,30215.50,156,30215.50,30215.50,0.00
2026-06-30 09:50:04,30215.25,30221.75,30215.25,30216.75,228,30216.75,30216.75,0.00
2026-06-30 09:50:05,30216.75,30217.75,30211.00,30214.00,110,30214.00,30214.00,0.00
2026-06-30 09:50:06,30214.50,30215.50,30211.75,30212.00,145,30212.00,30212.00,0.00
2026-06-30 09:50:07,30212.00,30213.25,30211.50,30213.25,83,30213.25,30213.25,0.00
2026-06-30 09:50:08,30212.75,30214.25,30206.50,30208.75,190,30208.75,30208.75,0.00
2026-06-30 09:50:09,30208.50,30210.75,30205.50,30206.25,164,30206.25,30206.25,0.00
2026-06-30 09:50:10,30206.50,30208.00,30204.75,30206.50,114,30206.50,30206.50,0.00
2026-06-30 09:50:11,30207.00,30209.75,30204.50,30209.50,135,30209.50,30209.50,0.00
2026-06-30 09:50:12,30210.00,30214.25,30207.50,30213.75,111,30213.75,30213.75,0.00
2026-06-30 09:50:13,30214.25,30218.00,30214.25,30216.25,160,30216.25,30216.25,0.00
2026-06-30 09:50:14,30216.00,30216.25,30213.50,30215.25,140,30215.25,30215.25,0.00
2026-06-30 09:50:15,30214.75,30214.75,30210.75,30212.00,86,30212.00,30212.00,0.00
2026-06-30 09:50:16,30212.00,30219.25,30211.25,30217.00,149,30217.00,30217.00,0.00
2026-06-30 09:50:17,30216.75,30218.75,30215.25,30218.00,148,30218.00,30218.00,0.00
2026-06-30 09:50:18,30218.50,30224.50,30217.00,30217.75,250,30217.75,30217.75,0.00
2026-06-30 09:50:19,30218.00,30222.00,30217.25,30221.50,138,30221.50,30221.50,0.00
2026-06-30 09:50:20,30221.50,30221.50,30215.50,30216.25,148,30216.25,30216.25,0.00
2026-06-30 09:50:21,30216.50,30220.25,30215.75,30219.00,103,30219.00,30219.00,0.00
2026-06-30 09:50:22,30218.25,30220.00,30217.00,30217.00,98,30217.00,30217.00,0.00
2026-06-30 09:50:23,30216.50,30218.75,30215.00,30217.25,101,30217.25,30217.25,0.00
2026-06-30 09:50:24,30216.50,30216.50,30209.75,30212.50,165,30212.50,30212.50,0.00
2026-06-30 09:50:25,30212.50,30213.50,30209.75,30211.50,140,30211.50,30211.50,0.00
2026-06-30 09:50:26,30211.50,30214.75,30207.50,30214.25,177,30214.25,30214.25,0.00
2026-06-30 09:50:27,30214.50,30219.00,30213.75,30219.00,106,30219.00,30219.00,0.00
2026-06-30 09:50:28,30219.25,30222.25,30218.00,30218.50,135,30218.50,30218.50,0.00
2026-06-30 09:50:29,30218.00,30218.25,30208.50,30211.50,175,30211.50,30211.50,0.00
2026-06-30 09:50:30,30211.25,30214.00,30207.75,30208.50,142,30208.50,30208.50,0.00
2026-06-30 09:50:31,30208.50,30209.00,30205.25,30207.75,112,30207.75,30207.75,0.00
2026-06-30 09:50:32,30207.25,30214.25,30204.75,30210.00,272,30210.00,30210.00,0.00
2026-06-30 09:50:33,30209.75,30210.75,30206.50,30206.75,87,30206.75,30206.75,0.00
2026-06-30 09:50:34,30207.00,30208.50,30201.00,30204.75,218,30204.75,30204.75,0.00
2026-06-30 09:50:35,30204.50,30204.50,30200.00,30200.75,160,30200.75,30200.75,0.00
2026-06-30 09:50:36,30201.25,30207.50,30201.00,30202.25,172,30202.25,30202.25,0.00
2026-06-30 09:50:37,30202.25,30204.25,30198.75,30203.00,204,30203.00,30203.00,0.00
2026-06-30 09:50:38,30203.75,30205.25,30201.50,30204.25,125,30204.25,30204.25,0.00
2026-06-30 09:50:39,30205.00,30211.75,30204.75,30211.25,209,30211.25,30211.25,0.00
2026-06-30 09:50:40,30211.75,30228.00,30211.75,30223.50,484,30223.50,30223.50,0.00
2026-06-30 09:50:41,30224.75,30225.50,30221.25,30222.75,165,30222.75,30222.75,0.00
2026-06-30 09:50:42,30222.25,30226.75,30221.50,30226.00,132,30226.00,30226.00,0.00
2026-06-30 09:50:43,30226.00,30233.00,30225.50,30232.00,312,30232.00,30232.00,0.00
2026-06-30 09:50:44,30232.50,30237.00,30232.50,30235.00,360,30235.00,30235.00,0.00
2026-06-30 09:50:45,30235.25,30238.00,30232.00,30232.25,303,30232.25,30232.25,0.00
2026-06-30 09:50:46,30232.25,30233.75,30228.00,30229.75,269,30229.75,30229.75,0.00
2026-06-30 09:50:47,30229.75,30234.25,30229.00,30233.25,137,30233.25,30233.25,0.00
2026-06-30 09:50:48,30233.25,30234.75,30230.75,30232.50,145,30232.50,30232.50,0.00
2026-06-30 09:50:49,30232.25,30233.50,30231.00,30232.00,114,30232.00,30232.00,0.00
2026-06-30 09:50:50,30232.50,30235.75,30230.50,30233.50,158,30233.50,30233.50,0.00
2026-06-30 09:50:51,30233.25,30235.50,30233.00,30235.50,133,30235.50,30235.50,0.00
2026-06-30 09:50:52,30236.00,30236.00,30231.00,30235.25,235,30235.25,30235.25,0.00
2026-06-30 09:50:53,30235.00,30236.25,30233.75,30234.25,143,30234.25,30234.25,0.00
2026-06-30 09:50:54,30234.25,30234.25,30228.50,30230.25,214,30230.25,30230.25,0.00
2026-06-30 09:50:55,30230.00,30232.75,30229.50,30231.25,127,30231.25,30231.25,0.00
2026-06-30 09:50:56,30231.00,30233.25,30231.00,30232.25,67,30232.25,30232.25,0.00
2026-06-30 09:50:57,30233.25,30234.50,30231.25,30234.50,58,30234.50,30234.50,0.00
2026-06-30 09:50:58,30235.00,30236.25,30232.25,30232.25,113,30232.25,30232.25,0.00
2026-06-30 09:50:59,30233.00,30235.00,30233.00,30233.75,68,30233.75,30233.75,0.00
2026-06-30 09:51:00,30234.00,30234.00,30231.75,30232.75,110,30232.75,30232.75,0.00
2026-06-30 09:51:01,30233.00,30237.50,30233.00,30236.00,235,30236.00,30236.00,0.00
2026-06-30 09:51:02,30236.00,30239.50,30234.25,30236.75,239,30236.75,30236.75,0.00
2026-06-30 09:51:03,30236.50,30237.50,30234.25,30235.00,144,30235.00,30235.00,0.00
2026-06-30 09:51:04,30235.75,30242.75,30235.75,30241.00,313,30241.00,30241.00,0.00
2026-06-30 09:51:05,30241.50,30244.00,30238.00,30238.25,275,30238.25,30238.25,0.00
2026-06-30 09:51:06,30238.25,30239.25,30234.50,30235.75,213,30235.75,30235.75,0.00
2026-06-30 09:51:07,30236.00,30237.25,30231.50,30233.50,188,30233.50,30233.50,0.00
2026-06-30 09:51:08,30233.75,30237.00,30230.75,30232.25,104,30232.25,30232.25,0.00
2026-06-30 09:51:09,30232.00,30236.75,30231.50,30236.25,124,30236.25,30236.25,0.00
2026-06-30 09:51:10,30236.75,30237.25,30229.50,30229.75,118,30229.75,30229.75,0.00
2026-06-30 09:51:11,30229.75,30229.75,30224.25,30227.25,230,30227.25,30227.25,0.00
2026-06-30 09:51:12,30227.00,30230.50,30226.75,30227.25,116,30227.25,30227.25,0.00
2026-06-30 09:51:13,30227.00,30282.50,30227.00,30269.25,3766,30269.25,30269.25,0.00
2026-06-30 09:51:14,30269.50,30270.00,30259.75,30267.25,639,30267.25,30267.25,0.00
2026-06-30 09:51:15,30267.50,30280.00,30267.50,30271.50,622,30271.50,30271.50,0.00
2026-06-30 09:51:16,30271.75,30277.25,30269.25,30273.50,629,30273.50,30273.50,0.00
2026-06-30 09:51:17,30273.75,30275.25,30268.75,30271.50,374,30271.50,30271.50,0.00
2026-06-30 09:51:18,30271.50,30276.00,30269.50,30275.50,348,30275.50,30275.50,0.00
2026-06-30 09:51:19,30275.00,30277.25,30271.75,30273.25,292,30273.25,30273.25,0.00
2026-06-30 09:51:20,30273.75,30288.25,30273.50,30287.50,548,30287.50,30287.50,0.00
2026-06-30 09:51:21,30285.75,30286.25,30280.50,30282.50,387,30282.50,30282.50,0.00
2026-06-30 09:51:22,30282.50,30283.50,30279.00,30281.25,341,30281.25,30281.25,0.00
2026-06-30 09:51:23,30281.25,30282.25,30276.75,30278.00,239,30278.00,30278.00,0.00
2026-06-30 09:51:24,30278.25,30280.25,30276.25,30276.75,274,30276.75,30276.75,0.00
2026-06-30 09:51:25,30277.50,30277.50,30271.25,30275.50,278,30275.50,30275.50,0.00
2026-06-30 09:51:26,30275.50,30284.25,30274.50,30282.75,293,30282.75,30282.75,0.00
2026-06-30 09:51:27,30282.00,30282.50,30278.00,30279.50,194,30279.50,30279.50,0.00
2026-06-30 09:51:28,30279.75,30281.75,30278.50,30280.00,202,30280.00,30280.00,0.00
2026-06-30 09:51:29,30280.50,30280.50,30274.50,30277.25,233,30277.25,30277.25,0.00
2026-06-30 09:51:30,30276.75,30278.00,30269.00,30270.50,258,30270.50,30270.50,0.00
2026-06-30 09:51:31,30269.75,30274.50,30268.25,30269.00,309,30269.00,30269.00,0.00
2026-06-30 09:51:32,30268.75,30272.75,30267.25,30272.75,221,30272.75,30272.75,0.00
2026-06-30 09:51:33,30273.00,30276.00,30271.00,30273.50,216,30273.50,30273.50,0.00
2026-06-30 09:51:34,30272.50,30274.25,30268.25,30271.00,190,30271.00,30271.00,0.00
2026-06-30 09:51:35,30271.75,30275.25,30270.00,30272.25,227,30272.25,30272.25,0.00
2026-06-30 09:51:36,30272.50,30282.00,30272.25,30279.75,294,30279.75,30279.75,0.00
2026-06-30 09:51:37,30281.25,30283.75,30276.50,30277.50,233,30277.50,30277.50,0.00
2026-06-30 09:51:38,30277.75,30278.00,30273.50,30276.50,213,30276.50,30276.50,0.00
2026-06-30 09:51:39,30276.50,30277.50,30273.50,30275.25,213,30275.25,30275.25,0.00
2026-06-30 09:51:40,30274.75,30278.00,30270.75,30277.75,353,30277.75,30277.75,0.00
2026-06-30 09:51:41,30278.00,30278.00,30274.50,30276.00,122,30276.00,30276.00,0.00
2026-06-30 09:51:42,30275.25,30277.00,30270.00,30270.50,132,30270.50,30270.50,0.00
2026-06-30 09:51:43,30270.25,30272.00,30269.75,30270.50,156,30270.50,30270.50,0.00
2026-06-30 09:51:44,30270.25,30272.50,30266.75,30272.50,221,30272.50,30272.50,0.00
2026-06-30 09:51:45,30272.00,30274.25,30261.25,30264.50,344,30264.50,30264.50,0.00
2026-06-30 09:51:46,30265.00,30268.25,30263.50,30266.75,185,30266.75,30266.75,0.00
2026-06-30 09:51:47,30267.00,30268.00,30263.75,30267.00,165,30267.00,30267.00,0.00
2026-06-30 09:51:48,30267.25,30269.25,30265.75,30268.25,163,30268.25,30268.25,0.00
2026-06-30 09:51:49,30268.25,30269.50,30264.00,30264.00,128,30264.00,30264.00,0.00
2026-06-30 09:51:50,30264.25,30276.75,30264.00,30274.75,210,30274.75,30274.75,0.00
2026-06-30 09:51:51,30275.00,30279.75,30273.50,30279.75,205,30279.75,30279.75,0.00
2026-06-30 09:51:52,30279.00,30281.00,30276.75,30280.25,128,30280.25,30280.25,0.00
2026-06-30 09:51:53,30280.50,30284.75,30279.25,30284.00,184,30284.00,30284.00,0.00
2026-06-30 09:51:54,30284.25,30293.00,30284.25,30290.50,561,30290.50,30290.50,0.00
2026-06-30 09:51:55,30290.50,30290.50,30285.00,30286.00,287,30286.00,30286.00,0.00
2026-06-30 09:51:56,30286.00,30288.00,30285.00,30286.00,179,30286.00,30286.00,0.00
2026-06-30 09:51:57,30286.00,30289.75,30286.00,30288.75,260,30288.75,30288.75,0.00
2026-06-30 09:51:58,30289.25,30290.00,30287.00,30288.00,119,30288.00,30288.00,0.00
2026-06-30 09:51:59,30288.00,30288.50,30284.50,30287.50,198,30287.50,30287.50,0.00
2026-06-30 09:52:00,30288.00,30288.00,30285.25,30285.50,136,30285.50,30285.50,0.00
2026-06-30 09:52:01,30285.50,30287.75,30283.50,30285.50,161,30285.50,30285.50,0.00
2026-06-30 09:52:02,30285.00,30285.75,30282.00,30284.25,217,30284.25,30284.25,0.00
2026-06-30 09:52:03,30283.75,30286.00,30278.25,30280.75,273,30280.75,30280.75,0.00
2026-06-30 09:52:04,30280.75,30281.25,30277.25,30277.50,197,30277.50,30277.50,0.00
2026-06-30 09:52:05,30278.00,30279.00,30273.25,30273.75,256,30273.75,30273.75,0.00
2026-06-30 09:52:06,30273.75,30274.00,30270.75,30273.50,231,30273.50,30273.50,0.00
2026-06-30 09:52:07,30273.50,30276.00,30272.25,30275.50,96,30275.50,30275.50,0.00
2026-06-30 09:52:08,30276.50,30286.25,30274.00,30286.00,207,30286.00,30286.00,0.00
2026-06-30 09:52:09,30285.50,30290.25,30285.50,30290.25,213,30290.25,30290.25,0.00
2026-06-30 09:52:10,30289.50,30293.00,30289.00,30292.50,327,30292.50,30292.50,0.00
2026-06-30 09:52:11,30292.50,30293.00,30288.25,30292.25,239,30292.25,30292.25,0.00
2026-06-30 09:52:12,30292.50,30293.50,30289.50,30291.50,251,30291.50,30291.50,0.00
2026-06-30 09:52:13,30291.50,30299.00,30291.00,30295.50,448,30295.50,30295.50,0.00
2026-06-30 09:52:14,30296.25,30304.00,30295.50,30303.25,692,30303.25,30303.25,0.00
2026-06-30 09:52:15,30303.25,30307.50,30301.75,30303.75,583,30303.75,30303.75,0.00
2026-06-30 09:52:16,30303.75,30303.75,30297.25,30297.75,359,30297.75,30297.75,0.00
2026-06-30 09:52:17,30298.50,30304.75,30297.75,30303.00,251,30303.00,30303.00,0.00
2026-06-30 09:52:18,30303.75,30305.50,30302.00,30302.75,190,30302.75,30302.75,0.00
2026-06-30 09:52:19,30302.00,30302.00,30298.50,30300.25,222,30300.25,30300.25,0.00
2026-06-30 09:52:20,30301.25,30301.25,30296.25,30300.50,153,30300.50,30300.50,0.00
2026-06-30 09:52:21,30300.00,30302.25,30298.50,30299.75,164,30299.75,30299.75,0.00
2026-06-30 09:52:22,30300.50,30303.25,30298.50,30300.25,241,30300.25,30300.25,0.00
2026-06-30 09:52:23,30300.75,30306.50,30300.50,30305.75,194,30305.75,30305.75,0.00
2026-06-30 09:52:24,30305.75,30305.75,30300.00,30300.00,209,30300.00,30300.00,0.00
2026-06-30 09:52:25,30299.75,30300.75,30297.25,30297.50,169,30297.50,30297.50,0.00
2026-06-30 09:52:26,30297.50,30299.25,30297.50,30298.50,95,30298.50,30298.50,0.00
2026-06-30 09:52:27,30297.75,30301.00,30295.50,30295.75,169,30295.75,30295.75,0.00
2026-06-30 09:52:28,30296.75,30298.25,30293.25,30294.00,171,30294.00,30294.00,0.00
2026-06-30 09:52:29,30293.25,30293.25,30287.75,30288.50,343,30288.50,30288.50,0.00
2026-06-30 09:52:30,30289.25,30294.00,30287.75,30291.75,232,30291.75,30291.75,0.00
2026-06-30 09:52:31,30291.25,30291.50,30289.25,30291.50,129,30291.50,30291.50,0.00
2026-06-30 09:52:32,30290.50,30292.75,30289.50,30290.50,131,30290.50,30290.50,0.00
2026-06-30 09:52:33,30291.00,30293.00,30286.25,30289.50,437,30289.50,30289.50,0.00
2026-06-30 09:52:34,30290.25,30294.50,30287.50,30288.50,99,30288.50,30288.50,0.00
2026-06-30 09:52:35,30288.00,30291.00,30288.00,30290.75,86,30290.75,30290.75,0.00
2026-06-30 09:52:36,30290.75,30292.50,30290.50,30291.75,90,30291.75,30291.75,0.00
2026-06-30 09:52:37,30292.25,30294.00,30288.00,30290.50,110,30290.50,30290.50,0.00
2026-06-30 09:52:38,30291.00,30297.25,30291.00,30294.25,121,30294.25,30294.25,0.00
2026-06-30 09:52:39,30294.00,30297.25,30293.50,30296.50,158,30296.50,30296.50,0.00
2026-06-30 09:52:40,30295.75,30296.25,30292.00,30293.75,111,30293.75,30293.75,0.00
2026-06-30 09:52:41,30293.25,30293.50,30287.75,30288.50,164,30288.50,30288.50,0.00
2026-06-30 09:52:42,30289.25,30289.25,30284.25,30286.50,209,30286.50,30286.50,0.00
2026-06-30 09:52:43,30286.25,30290.00,30285.50,30289.25,103,30289.25,30289.25,0.00
2026-06-30 09:52:44,30289.00,30294.75,30289.00,30294.00,97,30294.00,30294.00,0.00
2026-06-30 09:52:45,30293.75,30299.50,30293.50,30299.50,149,30299.50,30299.50,0.00
2026-06-30 09:52:46,30299.50,30302.00,30298.75,30301.00,165,30301.00,30301.00,0.00
2026-06-30 09:52:47,30301.50,30303.75,30301.00,30303.75,148,30303.75,30303.75,0.00
2026-06-30 09:52:48,30303.25,30305.50,30300.75,30301.50,300,30301.50,30301.50,0.00
2026-06-30 09:52:49,30302.00,30306.25,30301.50,30304.50,182,30304.50,30304.50,0.00
2026-06-30 09:52:50,30304.75,30308.00,30304.50,30305.75,162,30305.75,30305.75,0.00
2026-06-30 09:52:51,30305.00,30306.50,30301.25,30302.25,234,30302.25,30302.25,0.00
2026-06-30 09:52:52,30302.00,30306.25,30302.00,30306.25,168,30306.25,30306.25,0.00
2026-06-30 09:52:53,30306.00,30311.75,30305.75,30310.00,333,30310.00,30310.00,0.00
2026-06-30 09:52:54,30310.25,30310.50,30305.00,30306.50,248,30306.50,30306.50,0.00
2026-06-30 09:52:55,30306.50,30308.00,30302.00,30303.75,175,30303.75,30303.75,0.00
2026-06-30 09:52:56,30304.50,30306.25,30303.00,30305.00,130,30305.00,30305.00,0.00
2026-06-30 09:52:57,30305.00,30306.25,30303.25,30304.25,98,30304.25,30304.25,0.00
2026-06-30 09:52:58,30304.00,30305.50,30301.25,30305.25,155,30305.25,30305.25,0.00
2026-06-30 09:52:59,30304.25,30307.25,30302.00,30306.00,149,30306.00,30306.00,0.00
2026-06-30 09:53:00,30306.25,30306.50,30304.75,30305.75,75,30305.75,30305.75,0.00
2026-06-30 09:53:01,30306.25,30306.25,30301.25,30306.00,180,30306.00,30306.00,0.00
2026-06-30 09:53:02,30305.25,30307.25,30305.00,30306.00,96,30306.00,30306.00,0.00
2026-06-30 09:53:03,30306.25,30312.25,30305.25,30307.75,266,30307.75,30307.75,0.00
2026-06-30 09:53:04,30308.00,30308.50,30303.00,30303.75,127,30303.75,30303.75,0.00
2026-06-30 09:53:05,30304.25,30305.75,30301.50,30302.25,161,30302.25,30302.25,0.00
2026-06-30 09:53:06,30302.50,30304.00,30297.25,30299.75,196,30299.75,30299.75,0.00
2026-06-30 09:53:07,30299.00,30299.50,30296.50,30298.00,150,30298.00,30298.00,0.00
2026-06-30 09:53:08,30298.25,30298.50,30294.50,30295.00,152,30295.00,30295.00,0.00
2026-06-30 09:53:09,30295.50,30295.50,30288.00,30288.50,271,30288.50,30288.50,0.00
2026-06-30 09:53:10,30288.75,30290.75,30287.75,30289.50,150,30289.50,30289.50,0.00
2026-06-30 09:53:11,30289.50,30293.50,30288.50,30292.25,169,30292.25,30292.25,0.00
2026-06-30 09:53:12,30293.25,30293.75,30289.00,30290.75,124,30290.75,30290.75,0.00
2026-06-30 09:53:13,30291.25,30295.50,30290.25,30295.50,149,30295.50,30295.50,0.00
2026-06-30 09:53:14,30295.00,30296.00,30293.00,30293.50,136,30293.50,30293.50,0.00
2026-06-30 09:53:15,30293.75,30294.00,30290.00,30293.25,139,30293.25,30293.25,0.00
2026-06-30 09:53:16,30293.50,30296.75,30293.50,30296.00,143,30296.00,30296.00,0.00
2026-06-30 09:53:17,30296.00,30296.00,30291.50,30292.00,73,30292.00,30292.00,0.00
2026-06-30 09:53:18,30292.50,30292.50,30288.00,30289.50,77,30289.50,30289.50,0.00
2026-06-30 09:53:19,30289.25,30291.50,30289.25,30291.25,62,30291.25,30291.25,0.00
2026-06-30 09:53:20,30292.25,30294.75,30290.75,30292.75,140,30292.75,30292.75,0.00
2026-06-30 09:53:21,30292.75,30296.75,30292.25,30294.25,101,30294.25,30294.25,0.00
2026-06-30 09:53:22,30294.75,30294.75,30290.25,30292.75,120,30292.75,30292.75,0.00
2026-06-30 09:53:23,30293.75,30293.75,30291.00,30293.25,98,30293.25,30293.25,0.00
2026-06-30 09:53:24,30293.25,30298.25,30292.75,30297.00,140,30297.00,30297.00,0.00
2026-06-30 09:53:25,30297.75,30300.50,30297.25,30297.25,162,30297.25,30297.25,0.00
2026-06-30 09:53:26,30297.25,30298.25,30296.00,30296.75,83,30296.75,30296.75,0.00
2026-06-30 09:53:27,30297.50,30298.00,30295.25,30296.00,52,30296.00,30296.00,0.00
2026-06-30 09:53:28,30296.25,30296.75,30293.00,30295.75,84,30295.75,30295.75,0.00
2026-06-30 09:53:29,30295.50,30297.50,30294.75,30295.50,73,30295.50,30295.50,0.00
2026-06-30 09:53:30,30296.25,30296.25,30294.50,30295.50,35,30295.50,30295.50,0.00
2026-06-30 09:53:31,30295.50,30297.00,30290.00,30291.75,117,30291.75,30291.75,0.00
2026-06-30 09:53:32,30292.50,30295.50,30292.00,30294.25,81,30294.25,30294.25,0.00
2026-06-30 09:53:33,30294.75,30298.00,30292.25,30294.75,108,30294.75,30294.75,0.00
2026-06-30 09:53:34,30294.75,30296.00,30293.75,30293.75,69,30293.75,30293.75,0.00
2026-06-30 09:53:35,30295.00,30297.25,30293.50,30296.25,101,30296.25,30296.25,0.00
2026-06-30 09:53:36,30296.25,30296.25,30294.00,30295.25,72,30295.25,30295.25,0.00
2026-06-30 09:53:37,30295.25,30298.75,30295.25,30297.25,54,30297.25,30297.25,0.00
2026-06-30 09:53:38,30297.00,30297.25,30294.00,30297.00,62,30297.00,30297.00,0.00
2026-06-30 09:53:39,30296.00,30298.50,30296.00,30297.00,61,30297.00,30297.00,0.00
2026-06-30 09:53:40,30296.75,30296.75,30293.50,30294.25,70,30294.25,30294.25,0.00
2026-06-30 09:53:41,30294.25,30295.50,30288.50,30290.00,98,30290.00,30290.00,0.00
2026-06-30 09:53:42,30289.00,30292.00,30288.25,30290.00,118,30290.00,30290.00,0.00
2026-06-30 09:53:43,30289.50,30291.50,30285.75,30287.00,233,30287.00,30287.00,0.00
2026-06-30 09:53:44,30287.50,30289.25,30283.75,30285.00,153,30285.00,30285.00,0.00
2026-06-30 09:53:45,30285.75,30288.00,30284.75,30287.00,148,30287.00,30287.00,0.00
2026-06-30 09:53:46,30286.50,30287.25,30283.75,30286.25,90,30286.25,30286.25,0.00
2026-06-30 09:53:47,30285.75,30288.50,30285.25,30288.00,102,30288.00,30288.00,0.00
2026-06-30 09:53:48,30288.75,30289.75,30285.00,30285.75,118,30285.75,30285.75,0.00
2026-06-30 09:53:49,30286.00,30288.25,30281.75,30287.00,171,30287.00,30287.00,0.00
2026-06-30 09:53:50,30287.75,30290.50,30287.25,30290.00,198,30290.00,30290.00,0.00
2026-06-30 09:53:51,30290.75,30294.25,30290.25,30291.75,127,30291.75,30291.75,0.00
2026-06-30 09:53:52,30292.00,30295.25,30291.00,30292.00,91,30292.00,30292.00,0.00
2026-06-30 09:53:53,30293.50,30296.75,30292.25,30295.00,139,30295.00,30295.00,0.00
2026-06-30 09:53:54,30295.25,30299.75,30295.25,30298.75,92,30298.75,30298.75,0.00
2026-06-30 09:53:55,30299.00,30303.00,30297.75,30298.00,166,30298.00,30298.00,0.00
2026-06-30 09:53:56,30298.00,30298.50,30295.00,30295.50,77,30295.50,30295.50,0.00
2026-06-30 09:53:57,30295.50,30296.75,30294.25,30295.25,63,30295.25,30295.25,0.00
2026-06-30 09:53:58,30295.25,30297.00,30294.00,30296.50,73,30296.50,30296.50,0.00
2026-06-30 09:53:59,30297.00,30297.00,30295.50,30296.00,31,30296.00,30296.00,0.00
2026-06-30 09:54:00,30295.75,30297.50,30294.50,30295.75,56,30295.75,30295.75,0.00
2026-06-30 09:54:01,30295.50,30299.75,30294.00,30299.75,119,30299.75,30299.75,0.00
2026-06-30 09:54:02,30300.00,30307.25,30300.00,30304.00,251,30304.00,30304.00,0.00
2026-06-30 09:54:03,30304.50,30305.25,30302.75,30304.25,170,30304.25,30304.25,0.00
2026-06-30 09:54:04,30305.00,30308.25,30304.75,30307.25,149,30307.25,30307.25,0.00
2026-06-30 09:54:05,30307.50,30309.50,30305.50,30306.25,248,30306.25,30306.25,0.00
2026-06-30 09:54:06,30306.75,30307.75,30301.25,30302.25,107,30302.25,30302.25,0.00
2026-06-30 09:54:07,30302.00,30304.25,30300.25,30301.00,316,30301.00,30301.00,0.00
2026-06-30 09:54:08,30301.00,30308.75,30300.25,30308.25,181,30308.25,30308.25,0.00
2026-06-30 09:54:09,30308.75,30311.25,30307.50,30307.75,213,30307.75,30307.75,0.00
2026-06-30 09:54:10,30307.50,30307.50,30300.00,30300.00,189,30300.00,30300.00,0.00
2026-06-30 09:54:11,30300.25,30301.75,30296.25,30301.25,200,30301.25,30301.25,0.00
2026-06-30 09:54:12,30301.00,30302.50,30299.75,30302.50,59,30302.50,30302.50,0.00
2026-06-30 09:54:13,30302.75,30303.75,30300.50,30301.50,81,30301.50,30301.50,0.00
2026-06-30 09:54:14,30301.25,30303.00,30298.50,30302.00,97,30302.00,30302.00,0.00
2026-06-30 09:54:15,30301.00,30302.25,30299.50,30302.25,77,30302.25,30302.25,0.00
2026-06-30 09:54:16,30302.25,30304.50,30301.00,30302.50,90,30302.50,30302.50,0.00
2026-06-30 09:54:17,30303.25,30306.50,30303.25,30305.00,120,30305.00,30305.00,0.00
2026-06-30 09:54:18,30305.00,30308.00,30303.25,30305.75,71,30305.75,30305.75,0.00
2026-06-30 09:54:19,30306.25,30307.25,30303.50,30306.00,79,30306.00,30306.00,0.00
2026-06-30 09:54:20,30305.50,30305.50,30299.50,30301.00,89,30301.00,30301.00,0.00
2026-06-30 09:54:21,30301.25,30303.00,30300.00,30300.25,86,30300.25,30300.25,0.00
2026-06-30 09:54:22,30300.75,30302.00,30300.50,30301.00,49,30301.00,30301.00,0.00
2026-06-30 09:54:23,30301.25,30301.75,30298.75,30299.50,82,30299.50,30299.50,0.00
2026-06-30 09:54:24,30300.50,30301.25,30297.50,30298.25,83,30298.25,30298.25,0.00
2026-06-30 09:54:25,30298.75,30299.25,30295.00,30295.00,160,30295.00,30295.00,0.00
2026-06-30 09:54:26,30294.75,30295.75,30291.50,30292.50,186,30292.50,30292.50,0.00
2026-06-30 09:54:27,30292.75,30296.25,30292.25,30294.25,155,30294.25,30294.25,0.00
2026-06-30 09:54:28,30294.25,30298.50,30294.00,30297.00,99,30297.00,30297.00,0.00
2026-06-30 09:54:29,30297.00,30297.00,30292.00,30292.00,48,30292.00,30292.00,0.00
2026-06-30 09:54:30,30292.75,30292.75,30288.00,30289.50,189,30289.50,30289.50,0.00
2026-06-30 09:54:31,30290.00,30290.50,30288.25,30288.50,117,30288.50,30288.50,0.00
2026-06-30 09:54:32,30289.25,30289.75,30285.00,30286.75,193,30286.75,30286.75,0.00
2026-06-30 09:54:33,30286.50,30286.50,30282.25,30286.00,251,30286.00,30286.00,0.00
2026-06-30 09:54:34,30285.50,30290.00,30284.50,30289.75,153,30289.75,30289.75,0.00
2026-06-30 09:54:35,30290.00,30291.25,30285.00,30285.00,159,30285.00,30285.00,0.00
2026-06-30 09:54:36,30285.00,30289.50,30285.00,30289.50,86,30289.50,30289.50,0.00
2026-06-30 09:54:37,30288.25,30289.50,30286.50,30286.50,118,30286.50,30286.50,0.00
2026-06-30 09:54:38,30286.75,30287.75,30283.00,30285.25,86,30285.25,30285.25,0.00
2026-06-30 09:54:39,30285.50,30286.50,30281.25,30285.75,153,30285.75,30285.75,0.00
2026-06-30 09:54:40,30285.50,30289.50,30285.50,30288.00,103,30288.00,30288.00,0.00
2026-06-30 09:54:41,30287.25,30290.25,30287.00,30290.00,124,30290.00,30290.00,0.00
2026-06-30 09:54:42,30289.75,30289.75,30286.00,30287.25,68,30287.25,30287.25,0.00
2026-06-30 09:54:43,30288.25,30288.50,30281.50,30282.50,85,30282.50,30282.50,0.00
2026-06-30 09:54:44,30282.50,30283.75,30281.75,30283.00,109,30283.00,30283.00,0.00
2026-06-30 09:54:45,30284.00,30288.50,30284.00,30285.75,126,30285.75,30285.75,0.00
2026-06-30 09:54:46,30285.75,30285.75,30280.75,30282.25,83,30282.25,30282.25,0.00
2026-06-30 09:54:47,30282.25,30282.75,30279.00,30279.50,183,30279.50,30279.50,0.00
2026-06-30 09:54:48,30279.75,30283.50,30279.50,30282.50,188,30282.50,30282.50,0.00
2026-06-30 09:54:49,30282.75,30282.75,30279.75,30282.00,89,30282.00,30282.00,0.00
2026-06-30 09:54:50,30281.75,30282.75,30281.00,30282.25,44,30282.25,30282.25,0.00
2026-06-30 09:54:51,30281.75,30287.00,30281.75,30284.50,101,30284.50,30284.50,0.00
2026-06-30 09:54:52,30284.25,30285.50,30281.75,30283.25,68,30283.25,30283.25,0.00
2026-06-30 09:54:53,30283.00,30287.00,30282.00,30283.50,105,30283.50,30283.50,0.00
2026-06-30 09:54:54,30283.00,30290.25,30283.00,30287.75,152,30287.75,30287.75,0.00
2026-06-30 09:54:55,30287.50,30289.75,30286.75,30287.50,105,30287.50,30287.50,0.00
2026-06-30 09:54:56,30287.50,30290.50,30286.00,30290.50,111,30290.50,30290.50,0.00
2026-06-30 09:54:57,30290.25,30295.25,30290.25,30292.75,152,30292.75,30292.75,0.00
2026-06-30 09:54:58,30292.25,30293.00,30290.50,30291.25,85,30291.25,30291.25,0.00
2026-06-30 09:54:59,30290.75,30291.25,30289.50,30290.75,48,30290.75,30290.75,0.00
2026-06-30 09:55:00,30291.25,30293.75,30290.75,30293.50,123,30293.50,30293.50,0.00
2026-06-30 09:55:01,30293.75,30298.75,30293.50,30298.75,189,30298.75,30298.75,0.00
2026-06-30 09:55:02,30299.00,30308.75,30296.75,30308.00,466,30308.00,30308.00,0.00
2026-06-30 09:55:03,30308.00,30311.50,30306.50,30309.75,345,30309.75,30309.75,0.00
2026-06-30 09:55:04,30310.00,30311.50,30306.00,30306.25,248,30306.25,30306.25,0.00
2026-06-30 09:55:05,30307.00,30308.50,30300.75,30303.00,200,30303.00,30303.00,0.00
2026-06-30 09:55:06,30303.00,30315.25,30303.00,30314.50,442,30314.50,30314.50,0.00
2026-06-30 09:55:07,30314.50,30315.25,30312.75,30314.25,223,30314.25,30314.25,0.00
2026-06-30 09:55:08,30314.25,30318.50,30314.25,30318.50,468,30318.50,30318.50,0.00
2026-06-30 09:55:09,30318.75,30319.00,30313.75,30314.50,377,30314.50,30314.50,0.00
2026-06-30 09:55:10,30314.50,30316.00,30312.75,30315.75,272,30315.75,30315.75,0.00
2026-06-30 09:55:11,30315.00,30317.25,30314.25,30314.75,225,30314.75,30314.75,0.00
2026-06-30 09:55:12,30314.75,30317.00,30312.75,30312.75,157,30312.75,30312.75,0.00
2026-06-30 09:55:13,30313.50,30318.25,30313.50,30314.50,159,30314.50,30314.50,0.00
2026-06-30 09:55:14,30315.75,30319.50,30315.50,30317.00,187,30317.00,30317.00,0.00
2026-06-30 09:55:15,30317.50,30319.00,30313.50,30314.00,178,30314.00,30314.00,0.00
2026-06-30 09:55:16,30314.25,30318.00,30314.25,30318.00,142,30318.00,30318.00,0.00
2026-06-30 09:55:17,30317.25,30319.50,30315.00,30317.75,123,30317.75,30317.75,0.00
2026-06-30 09:55:18,30317.75,30318.25,30309.50,30311.50,213,30311.50,30311.50,0.00
2026-06-30 09:55:19,30311.25,30316.50,30311.00,30315.50,128,30315.50,30315.50,0.00
2026-06-30 09:55:20,30315.50,30315.75,30312.75,30314.50,127,30314.50,30314.50,0.00
2026-06-30 09:55:21,30315.00,30315.75,30313.25,30314.25,74,30314.25,30314.25,0.00
2026-06-30 09:55:22,30314.25,30317.00,30314.00,30315.75,88,30315.75,30315.75,0.00
2026-06-30 09:55:23,30315.50,30316.25,30314.00,30316.00,72,30316.00,30316.00,0.00
2026-06-30 09:55:24,30315.75,30317.50,30315.50,30315.50,111,30315.50,30315.50,0.00
2026-06-30 09:55:25,30315.75,30316.00,30312.75,30314.25,115,30314.25,30314.25,0.00
2026-06-30 09:55:26,30314.50,30315.25,30313.00,30315.25,66,30315.25,30315.25,0.00
2026-06-30 09:55:27,30315.75,30319.50,30315.50,30315.75,198,30315.75,30315.75,0.00
2026-06-30 09:55:28,30315.50,30316.75,30313.25,30314.25,110,30314.25,30314.25,0.00
2026-06-30 09:55:29,30313.50,30314.50,30312.00,30313.25,104,30313.25,30313.25,0.00
2026-06-30 09:55:30,30313.50,30316.50,30312.75,30314.75,94,30314.75,30314.75,0.00
2026-06-30 09:55:31,30314.75,30314.75,30312.75,30312.75,73,30312.75,30312.75,0.00
2026-06-30 09:55:32,30312.25,30315.75,30307.50,30315.00,244,30315.00,30315.00,0.00
2026-06-30 09:55:33,30315.25,30315.25,30312.25,30312.25,109,30312.25,30312.25,0.00
2026-06-30 09:55:34,30312.00,30315.25,30312.00,30312.50,79,30312.50,30312.50,0.00
2026-06-30 09:55:35,30313.00,30315.00,30311.50,30313.25,65,30313.25,30313.25,0.00
2026-06-30 09:55:36,30312.75,30317.50,30312.75,30317.25,77,30317.25,30317.25,0.00
2026-06-30 09:55:37,30317.00,30317.50,30312.00,30312.75,109,30312.75,30312.75,0.00
2026-06-30 09:55:38,30313.00,30313.75,30307.75,30307.75,96,30307.75,30307.75,0.00
2026-06-30 09:55:39,30308.00,30308.00,30305.25,30307.25,207,30307.25,30307.25,0.00
2026-06-30 09:55:40,30307.00,30308.00,30303.00,30303.00,193,30303.00,30303.00,0.00
2026-06-30 09:55:41,30303.50,30305.75,30302.25,30303.75,151,30303.75,30303.75,0.00
2026-06-30 09:55:42,30303.50,30310.50,30303.00,30309.25,196,30309.25,30309.25,0.00
2026-06-30 09:55:43,30309.50,30310.25,30307.75,30308.50,79,30308.50,30308.50,0.00
2026-06-30 09:55:44,30308.50,30311.75,30307.50,30310.25,73,30310.25,30310.25,0.00
2026-06-30 09:55:45,30310.50,30320.00,30310.50,30315.50,348,30315.50,30315.50,0.00
2026-06-30 09:55:46,30315.25,30315.25,30312.00,30313.25,90,30313.25,30313.25,0.00
2026-06-30 09:55:47,30312.75,30313.25,30309.50,30310.25,98,30310.25,30310.25,0.00
2026-06-30 09:55:48,30310.50,30318.00,30310.25,30315.50,321,30315.50,30315.50,0.00
2026-06-30 09:55:49,30316.00,30316.00,30312.25,30313.25,69,30313.25,30313.25,0.00
2026-06-30 09:55:50,30313.25,30314.25,30310.25,30311.75,69,30311.75,30311.75,0.00
2026-06-30 09:55:51,30310.75,30311.50,30309.00,30310.00,71,30310.00,30310.00,0.00
2026-06-30 09:55:52,30311.00,30319.50,30310.25,30318.50,103,30318.50,30318.50,0.00
2026-06-30 09:55:53,30318.25,30321.75,30317.25,30320.50,158,30320.50,30320.50,0.00
2026-06-30 09:55:54,30321.00,30324.00,30319.00,30320.00,264,30320.00,30320.00,0.00
2026-06-30 09:55:55,30320.50,30323.00,30319.75,30320.25,113,30320.25,30320.25,0.00
2026-06-30 09:55:56,30320.00,30324.00,30319.75,30322.25,196,30322.25,30322.25,0.00
2026-06-30 09:55:57,30322.50,30322.75,30321.00,30322.75,92,30322.75,30322.75,0.00
2026-06-30 09:55:58,30322.25,30323.50,30322.00,30322.50,78,30322.50,30322.50,0.00
2026-06-30 09:55:59,30322.75,30323.00,30315.75,30317.25,158,30317.25,30317.25,0.00
2026-06-30 09:56:00,30317.25,30318.25,30316.00,30316.00,145,30316.00,30316.00,0.00
2026-06-30 09:56:01,30315.75,30317.50,30313.25,30313.25,149,30313.25,30313.25,0.00
2026-06-30 09:56:02,30313.00,30314.00,30311.00,30312.00,177,30312.00,30312.00,0.00
2026-06-30 09:56:03,30312.25,30314.25,30311.00,30312.25,109,30312.25,30312.25,0.00
2026-06-30 09:56:04,30312.00,30318.00,30310.25,30315.50,368,30315.50,30315.50,0.00
2026-06-30 09:56:05,30315.00,30318.25,30312.00,30312.50,143,30312.50,30312.50,0.00
2026-06-30 09:56:06,30312.25,30312.75,30309.75,30311.75,117,30311.75,30311.75,0.00
2026-06-30 09:56:07,30311.50,30314.75,30311.00,30311.50,142,30311.50,30311.50,0.00
2026-06-30 09:56:08,30311.25,30312.50,30310.75,30312.50,88,30312.50,30312.50,0.00
2026-06-30 09:56:09,30312.00,30312.00,30310.00,30310.75,45,30310.75,30310.75,0.00
2026-06-30 09:56:10,30311.50,30311.75,30310.25,30311.50,51,30311.50,30311.50,0.00
2026-06-30 09:56:11,30311.00,30311.25,30307.00,30310.25,151,30310.25,30310.25,0.00
2026-06-30 09:56:12,30310.25,30312.75,30310.25,30311.50,131,30311.50,30311.50,0.00
2026-06-30 09:56:13,30311.50,30312.25,30309.00,30310.25,74,30310.25,30310.25,0.00
2026-06-30 09:56:14,30308.50,30311.50,30308.50,30311.25,95,30311.25,30311.25,0.00
2026-06-30 09:56:15,30310.25,30312.25,30309.00,30311.00,63,30311.00,30311.00,0.00
2026-06-30 09:56:16,30311.25,30314.50,30310.75,30314.25,89,30314.25,30314.25,0.00
2026-06-30 09:56:17,30314.50,30315.00,30311.75,30312.75,57,30312.75,30312.75,0.00
2026-06-30 09:56:18,30313.25,30315.00,30311.75,30311.75,62,30311.75,30311.75,0.00
2026-06-30 09:56:19,30312.50,30317.75,30312.00,30316.75,128,30316.75,30316.75,0.00
2026-06-30 09:56:20,30317.25,30318.75,30315.00,30316.50,90,30316.50,30316.50,0.00
2026-06-30 09:56:21,30316.50,30317.50,30313.75,30317.25,116,30317.25,30317.25,0.00
2026-06-30 09:56:22,30316.75,30316.75,30314.25,30316.00,93,30316.00,30316.00,0.00
2026-06-30 09:56:23,30316.25,30322.25,30316.25,30321.00,201,30321.00,30321.00,0.00
2026-06-30 09:56:24,30321.25,30321.50,30318.00,30318.50,118,30318.50,30318.50,0.00
2026-06-30 09:56:25,30319.75,30321.50,30319.50,30321.00,96,30321.00,30321.00,0.00
2026-06-30 09:56:26,30320.50,30323.25,30319.50,30321.00,162,30321.00,30321.00,0.00
2026-06-30 09:56:27,30320.75,30327.75,30319.25,30326.50,455,30326.50,30326.50,0.00
2026-06-30 09:56:28,30327.00,30328.75,30325.50,30327.00,279,30327.00,30327.00,0.00
2026-06-30 09:56:29,30327.00,30327.75,30323.50,30323.75,185,30323.75,30323.75,0.00
2026-06-30 09:56:30,30323.75,30325.25,30322.25,30323.50,99,30323.50,30323.50,0.00
2026-06-30 09:56:31,30324.00,30326.50,30323.25,30325.50,69,30325.50,30325.50,0.00
2026-06-30 09:56:32,30325.00,30328.50,30324.75,30326.25,106,30326.25,30326.25,0.00
2026-06-30 09:56:33,30326.50,30327.25,30323.25,30325.00,95,30325.00,30325.00,0.00
2026-06-30 09:56:34,30324.50,30326.50,30323.50,30325.50,130,30325.50,30325.50,0.00
2026-06-30 09:56:35,30325.50,30326.25,30323.00,30323.75,75,30323.75,30323.75,0.00
2026-06-30 09:56:36,30322.50,30325.25,30322.00,30324.50,141,30324.50,30324.50,0.00
2026-06-30 09:56:37,30324.50,30325.00,30322.25,30323.50,66,30323.50,30323.50,0.00
2026-06-30 09:56:38,30324.00,30325.75,30323.25,30323.75,110,30323.75,30323.75,0.00
2026-06-30 09:56:39,30323.25,30326.00,30322.75,30324.50,98,30324.50,30324.50,0.00
2026-06-30 09:56:40,30324.25,30324.75,30321.00,30321.00,83,30321.00,30321.00,0.00
2026-06-30 09:56:41,30321.50,30325.50,30319.50,30323.50,157,30323.50,30323.50,0.00
2026-06-30 09:56:42,30324.00,30325.00,30323.00,30325.00,98,30325.00,30325.00,0.00
2026-06-30 09:56:43,30325.00,30331.50,30325.00,30327.50,333,30327.50,30327.50,0.00
2026-06-30 09:56:44,30326.50,30327.50,30323.00,30325.25,122,30325.25,30325.25,0.00
2026-06-30 09:56:45,30325.25,30326.25,30321.50,30321.75,77,30321.75,30321.75,0.00
2026-06-30 09:56:46,30321.25,30323.00,30320.75,30321.75,52,30321.75,30321.75,0.00
2026-06-30 09:56:47,30321.00,30321.00,30315.25,30317.00,282,30317.00,30317.00,0.00
2026-06-30 09:56:48,30316.50,30318.75,30315.75,30318.50,113,30318.50,30318.50,0.00
2026-06-30 09:56:49,30319.50,30322.75,30318.75,30322.25,60,30322.25,30322.25,0.00
2026-06-30 09:56:50,30322.50,30326.50,30322.50,30325.75,128,30325.75,30325.75,0.00
2026-06-30 09:56:51,30324.75,30325.25,30323.25,30324.50,81,30324.50,30324.50,0.00
2026-06-30 09:56:52,30324.25,30324.25,30322.75,30323.50,54,30323.50,30323.50,0.00
2026-06-30 09:56:53,30323.50,30325.50,30323.25,30324.00,67,30324.00,30324.00,0.00
2026-06-30 09:56:54,30324.00,30324.75,30322.00,30322.75,45,30322.75,30322.75,0.00
2026-06-30 09:56:55,30322.25,30322.75,30319.75,30322.50,81,30322.50,30322.50,0.00
2026-06-30 09:56:56,30321.50,30323.00,30321.25,30322.25,37,30322.25,30322.25,0.00
2026-06-30 09:56:57,30323.25,30326.50,30322.50,30325.00,72,30325.00,30325.00,0.00
2026-06-30 09:56:58,30325.50,30325.50,30322.25,30322.25,36,30322.25,30322.25,0.00
2026-06-30 09:56:59,30321.25,30326.50,30320.75,30325.50,109,30325.50,30325.50,0.00
2026-06-30 09:57:00,30325.25,30325.25,30321.50,30322.50,54,30322.50,30322.50,0.00
2026-06-30 09:57:01,30322.50,30322.50,30320.50,30321.00,47,30321.00,30321.00,0.00
2026-06-30 09:57:02,30321.00,30323.00,30320.25,30322.00,38,30322.00,30322.00,0.00
2026-06-30 09:57:03,30321.50,30321.75,30318.00,30318.00,80,30318.00,30318.00,0.00
2026-06-30 09:57:04,30319.50,30322.50,30319.00,30322.50,85,30322.50,30322.50,0.00
2026-06-30 09:57:05,30322.00,30325.75,30320.50,30324.75,69,30324.75,30324.75,0.00
2026-06-30 09:57:06,30324.75,30324.75,30319.75,30321.25,92,30321.25,30321.25,0.00
2026-06-30 09:57:07,30321.00,30323.50,30319.50,30320.75,76,30320.75,30320.75,0.00
2026-06-30 09:57:08,30319.75,30323.50,30319.50,30322.00,61,30322.00,30322.00,0.00
2026-06-30 09:57:09,30321.25,30321.75,30317.00,30317.50,97,30317.50,30317.50,0.00
2026-06-30 09:57:10,30318.00,30319.75,30314.50,30316.25,132,30316.25,30316.25,0.00
2026-06-30 09:57:11,30315.50,30316.75,30315.00,30315.75,73,30315.75,30315.75,0.00
2026-06-30 09:57:12,30316.50,30318.00,30314.25,30316.25,139,30316.25,30316.25,0.00
2026-06-30 09:57:13,30316.25,30316.50,30311.75,30312.25,187,30312.25,30312.25,0.00
2026-06-30 09:57:14,30313.00,30315.50,30313.00,30314.50,85,30314.50,30314.50,0.00
2026-06-30 09:57:15,30314.50,30314.75,30312.50,30313.75,65,30313.75,30313.75,0.00
2026-06-30 09:57:16,30314.00,30318.25,30314.00,30317.00,60,30317.00,30317.00,0.00
2026-06-30 09:57:17,30317.25,30319.25,30316.25,30317.75,73,30317.75,30317.75,0.00
2026-06-30 09:57:18,30318.25,30320.00,30317.25,30319.25,50,30319.25,30319.25,0.00
2026-06-30 09:57:19,30319.50,30321.75,30318.50,30319.25,70,30319.25,30319.25,0.00
2026-06-30 09:57:20,30319.50,30319.75,30317.25,30318.50,45,30318.50,30318.50,0.00
2026-06-30 09:57:21,30319.00,30322.75,30319.00,30321.50,65,30321.50,30321.50,0.00
2026-06-30 09:57:22,30321.75,30322.25,30320.00,30320.25,58,30320.25,30320.25,0.00
2026-06-30 09:57:23,30320.00,30320.25,30316.50,30318.50,125,30318.50,30318.50,0.00
2026-06-30 09:57:24,30319.25,30321.50,30319.25,30320.50,50,30320.50,30320.50,0.00
2026-06-30 09:57:25,30320.25,30324.50,30318.50,30324.25,136,30324.25,30324.25,0.00
2026-06-30 09:57:26,30324.25,30324.50,30318.75,30321.00,70,30321.00,30321.00,0.00
2026-06-30 09:57:27,30320.50,30323.25,30320.00,30323.25,51,30323.25,30323.25,0.00
2026-06-30 09:57:28,30322.50,30322.75,30319.50,30320.50,55,30320.50,30320.50,0.00
2026-06-30 09:57:29,30320.50,30320.50,30318.00,30319.50,49,30319.50,30319.50,0.00
2026-06-30 09:57:30,30318.75,30318.75,30315.00,30316.50,112,30316.50,30316.50,0.00
2026-06-30 09:57:31,30317.25,30322.00,30316.50,30319.50,92,30319.50,30319.50,0.00
2026-06-30 09:57:32,30319.50,30321.25,30318.75,30319.25,60,30319.25,30319.25,0.00
2026-06-30 09:57:33,30320.00,30321.00,30317.50,30320.00,67,30320.00,30320.00,0.00
2026-06-30 09:57:34,30319.50,30320.50,30318.25,30320.00,46,30320.00,30320.00,0.00
2026-06-30 09:57:35,30319.75,30320.00,30313.25,30314.25,106,30314.25,30314.25,0.00
2026-06-30 09:57:36,30313.00,30313.00,30311.25,30312.00,90,30312.00,30312.00,0.00
2026-06-30 09:57:37,30312.25,30314.00,30311.75,30313.50,108,30313.50,30313.50,0.00
2026-06-30 09:57:38,30312.50,30313.25,30311.75,30312.50,26,30312.50,30312.50,0.00
2026-06-30 09:57:39,30311.25,30315.00,30311.25,30314.50,24,30314.50,30314.50,0.00
2026-06-30 09:57:40,30313.75,30316.00,30313.75,30316.00,66,30316.00,30316.00,0.00
2026-06-30 09:57:41,30315.25,30315.25,30312.75,30315.00,56,30315.00,30315.00,0.00
2026-06-30 09:57:42,30314.25,30316.00,30313.75,30314.75,33,30314.75,30314.75,0.00
2026-06-30 09:57:43,30314.50,30317.75,30314.50,30316.50,50,30316.50,30316.50,0.00
2026-06-30 09:57:44,30316.25,30316.25,30312.25,30314.25,72,30314.25,30314.25,0.00
2026-06-30 09:57:45,30313.50,30315.25,30312.75,30315.25,35,30315.25,30315.25,0.00
2026-06-30 09:57:46,30315.25,30316.00,30312.75,30313.75,37,30313.75,30313.75,0.00
2026-06-30 09:57:47,30313.75,30315.75,30313.00,30314.75,31,30314.75,30314.75,0.00
2026-06-30 09:57:48,30315.25,30317.25,30313.25,30316.50,83,30316.50,30316.50,0.00
2026-06-30 09:57:49,30317.00,30317.50,30314.00,30314.00,37,30314.00,30314.00,0.00
2026-06-30 09:57:50,30316.00,30317.50,30315.25,30315.75,22,30315.75,30315.75,0.00
2026-06-30 09:57:51,30316.50,30317.75,30314.00,30315.00,49,30315.00,30315.00,0.00
2026-06-30 09:57:52,30315.75,30316.25,30314.75,30315.00,27,30315.00,30315.00,0.00
2026-06-30 09:57:53,30313.50,30314.50,30309.00,30311.25,203,30311.25,30311.25,0.00
2026-06-30 09:57:54,30312.25,30314.25,30312.00,30313.50,73,30313.50,30313.50,0.00
2026-06-30 09:57:55,30312.75,30314.75,30310.25,30314.75,52,30314.75,30314.75,0.00
2026-06-30 09:57:56,30314.25,30315.00,30313.00,30314.50,46,30314.50,30314.50,0.00
2026-06-30 09:57:57,30315.25,30315.50,30313.75,30315.25,40,30315.25,30315.25,0.00
2026-06-30 09:57:58,30315.25,30317.50,30315.25,30316.50,39,30316.50,30316.50,0.00
2026-06-30 09:57:59,30315.50,30315.50,30313.00,30314.75,67,30314.75,30314.75,0.00
2026-06-30 09:58:00,30314.75,30315.75,30313.50,30314.75,43,30314.75,30314.75,0.00
2026-06-30 09:58:01,30314.00,30314.50,30312.50,30313.00,33,30313.00,30313.00,0.00
2026-06-30 09:58:02,30313.75,30315.75,30313.00,30314.00,48,30314.00,30314.00,0.00
2026-06-30 09:58:03,30315.00,30316.25,30313.50,30313.50,34,30313.50,30313.50,0.00
2026-06-30 09:58:04,30313.00,30319.00,30311.25,30317.50,165,30317.50,30317.50,0.00
2026-06-30 09:58:05,30318.00,30318.00,30313.50,30315.25,58,30315.25,30315.25,0.00
2026-06-30 09:58:06,30314.50,30316.00,30313.75,30315.75,64,30315.75,30315.75,0.00
2026-06-30 09:58:07,30315.25,30315.75,30312.75,30313.25,47,30313.25,30313.25,0.00
2026-06-30 09:58:08,30314.00,30317.00,30313.50,30316.75,57,30316.75,30316.75,0.00
2026-06-30 09:58:09,30317.00,30319.25,30315.25,30319.25,42,30319.25,30319.25,0.00
2026-06-30 09:58:10,30318.75,30321.25,30312.00,30314.25,167,30314.25,30314.25,0.00
2026-06-30 09:58:11,30314.00,30315.75,30313.75,30315.25,33,30315.25,30315.25,0.00
2026-06-30 09:58:12,30315.00,30316.25,30312.75,30312.75,54,30312.75,30312.75,0.00
2026-06-30 09:58:13,30312.25,30313.75,30311.75,30312.25,44,30312.25,30312.25,0.00
2026-06-30 09:58:14,30312.00,30313.25,30311.75,30312.50,19,30312.50,30312.50,0.00
2026-06-30 09:58:15,30313.00,30316.00,30310.75,30312.75,86,30312.75,30312.75,0.00
2026-06-30 09:58:16,30313.75,30313.75,30310.00,30310.50,73,30310.50,30310.50,0.00
2026-06-30 09:58:17,30309.50,30311.00,30308.75,30309.25,101,30309.25,30309.25,0.00
2026-06-30 09:58:18,30309.25,30312.50,30307.50,30309.00,149,30309.00,30309.00,0.00
2026-06-30 09:58:19,30309.00,30311.25,30308.75,30311.25,40,30311.25,30311.25,0.00
2026-06-30 09:58:20,30311.00,30314.00,30310.25,30311.00,122,30311.00,30311.00,0.00
2026-06-30 09:58:21,30311.00,30311.75,30308.00,30309.75,68,30309.75,30309.75,0.00
2026-06-30 09:58:22,30310.00,30311.25,30308.50,30310.25,71,30310.25,30310.25,0.00
2026-06-30 09:58:23,30311.50,30312.50,30310.00,30310.75,29,30310.75,30310.75,0.00
2026-06-30 09:58:24,30310.00,30310.00,30304.50,30306.25,162,30306.25,30306.25,0.00
2026-06-30 09:58:25,30306.75,30307.50,30304.75,30305.75,107,30305.75,30305.75,0.00
2026-06-30 09:58:26,30305.50,30308.00,30304.00,30307.00,106,30307.00,30307.00,0.00
2026-06-30 09:58:27,30307.00,30309.00,30306.25,30307.50,94,30307.50,30307.50,0.00
2026-06-30 09:58:28,30307.50,30312.50,30305.75,30312.50,73,30312.50,30312.50,0.00
2026-06-30 09:58:29,30312.50,30313.00,30310.75,30311.00,45,30311.00,30311.00,0.00
2026-06-30 09:58:30,30311.25,30312.50,30309.75,30310.75,50,30310.75,30310.75,0.00
2026-06-30 09:58:31,30311.75,30315.00,30311.75,30314.25,73,30314.25,30314.25,0.00
2026-06-30 09:58:32,30314.75,30316.00,30314.25,30315.25,35,30315.25,30315.25,0.00
2026-06-30 09:58:33,30315.25,30321.25,30314.75,30319.00,123,30319.00,30319.00,0.00
2026-06-30 09:58:34,30319.50,30324.25,30319.50,30324.00,166,30324.00,30324.00,0.00
2026-06-30 09:58:35,30324.00,30329.50,30324.00,30329.00,262,30329.00,30329.00,0.00
2026-06-30 09:58:36,30328.75,30331.00,30327.00,30331.00,161,30331.00,30331.00,0.00
2026-06-30 09:58:37,30330.75,30335.00,30327.50,30328.50,421,30328.50,30328.50,0.00
2026-06-30 09:58:38,30328.50,30334.50,30327.50,30331.00,109,30331.00,30331.00,0.00
2026-06-30 09:58:39,30331.25,30333.75,30330.75,30333.00,102,30333.00,30333.00,0.00
2026-06-30 09:58:40,30333.50,30334.75,30332.50,30333.75,167,30333.75,30333.75,0.00
2026-06-30 09:58:41,30333.00,30334.25,30329.00,30330.00,123,30330.00,30330.00,0.00
2026-06-30 09:58:42,30330.50,30330.50,30328.00,30329.50,92,30329.50,30329.50,0.00
2026-06-30 09:58:43,30330.25,30332.00,30329.25,30330.75,82,30330.75,30330.75,0.00
2026-06-30 09:58:44,30330.75,30332.25,30329.50,30331.00,84,30331.00,30331.00,0.00
2026-06-30 09:58:45,30331.00,30332.75,30330.25,30331.25,59,30331.25,30331.25,0.00
2026-06-30 09:58:46,30330.75,30332.25,30328.75,30330.75,57,30330.75,30330.75,0.00
2026-06-30 09:58:47,30330.00,30332.00,30329.75,30331.25,49,30331.25,30331.25,0.00
2026-06-30 09:58:48,30331.00,30331.50,30327.50,30327.75,61,30327.75,30327.75,0.00
2026-06-30 09:58:49,30327.75,30329.50,30326.75,30328.75,60,30328.75,30328.75,0.00
2026-06-30 09:58:50,30329.50,30330.00,30328.25,30330.00,60,30330.00,30330.00,0.00
2026-06-30 09:58:51,30329.75,30331.25,30328.25,30330.50,43,30330.50,30330.50,0.00
2026-06-30 09:58:52,30330.00,30332.00,30330.00,30331.75,38,30331.75,30331.75,0.00
2026-06-30 09:58:53,30331.75,30332.75,30330.50,30331.25,34,30331.25,30331.25,0.00
2026-06-30 09:58:54,30330.25,30331.00,30329.75,30330.50,28,30330.50,30330.50,0.00
2026-06-30 09:58:55,30331.25,30333.75,30331.25,30333.25,95,30333.25,30333.25,0.00
2026-06-30 09:58:56,30333.75,30334.00,30331.75,30331.75,62,30331.75,30331.75,0.00
2026-06-30 09:58:57,30333.00,30335.75,30332.25,30333.00,125,30333.00,30333.00,0.00
2026-06-30 09:58:58,30333.50,30334.50,30332.25,30334.25,89,30334.25,30334.25,0.00
2026-06-30 09:58:59,30334.00,30334.75,30333.75,30333.75,39,30333.75,30333.75,0.00
2026-06-30 09:59:00,30334.25,30336.00,30333.00,30334.00,98,30334.00,30334.00,0.00
2026-06-30 09:59:01,30333.25,30333.75,30330.50,30331.25,107,30331.25,30331.25,0.00
2026-06-30 09:59:02,30330.25,30335.50,30329.50,30335.50,74,30335.50,30335.50,0.00
2026-06-30 09:59:03,30336.00,30336.25,30333.25,30334.75,105,30334.75,30334.75,0.00
2026-06-30 09:59:04,30334.50,30336.00,30333.00,30334.25,66,30334.25,30334.25,0.00
2026-06-30 09:59:05,30334.00,30335.25,30332.25,30333.00,69,30333.00,30333.00,0.00
2026-06-30 09:59:06,30332.50,30338.50,30331.50,30337.50,158,30337.50,30337.50,0.00
2026-06-30 09:59:07,30337.75,30340.00,30337.50,30338.75,128,30338.75,30338.75,0.00
2026-06-30 09:59:08,30339.50,30340.00,30337.25,30338.00,200,30338.00,30338.00,0.00
2026-06-30 09:59:09,30338.00,30339.25,30334.75,30338.25,148,30338.25,30338.25,0.00
2026-06-30 09:59:10,30339.25,30341.50,30337.25,30341.00,133,30341.00,30341.00,0.00
2026-06-30 09:59:11,30341.75,30343.00,30340.00,30341.25,115,30341.25,30341.25,0.00
2026-06-30 09:59:12,30342.00,30345.00,30341.00,30343.00,143,30343.00,30343.00,0.00
2026-06-30 09:59:13,30343.00,30348.00,30343.00,30346.00,257,30346.00,30346.00,0.00
2026-06-30 09:59:14,30346.75,30347.50,30341.25,30342.50,222,30342.50,30342.50,0.00
2026-06-30 09:59:15,30342.25,30345.00,30342.25,30343.50,117,30343.50,30343.50,0.00
2026-06-30 09:59:16,30343.50,30344.50,30342.25,30343.00,70,30343.00,30343.00,0.00
2026-06-30 09:59:17,30343.25,30344.00,30340.00,30342.50,130,30342.50,30342.50,0.00
2026-06-30 09:59:18,30342.25,30345.25,30341.75,30342.25,90,30342.25,30342.25,0.00
2026-06-30 09:59:19,30343.25,30343.50,30341.50,30343.50,59,30343.50,30343.50,0.00
2026-06-30 09:59:20,30343.00,30345.00,30341.25,30345.00,94,30345.00,30345.00,0.00
2026-06-30 09:59:21,30344.50,30345.75,30343.00,30344.75,70,30344.75,30344.75,0.00
2026-06-30 09:59:22,30344.75,30346.00,30344.75,30345.50,32,30345.50,30345.50,0.00
2026-06-30 09:59:23,30345.50,30350.00,30345.50,30349.50,211,30349.50,30349.50,0.00
2026-06-30 09:59:24,30349.00,30356.00,30349.00,30351.50,613,30351.50,30351.50,0.00
2026-06-30 09:59:25,30350.25,30352.75,30347.50,30348.25,187,30348.25,30348.25,0.00
2026-06-30 09:59:26,30347.75,30350.50,30347.25,30348.50,59,30348.50,30348.50,0.00
2026-06-30 09:59:27,30349.25,30350.50,30346.75,30348.25,98,30348.25,30348.25,0.00
2026-06-30 09:59:28,30348.75,30348.75,30343.75,30345.50,104,30345.50,30345.50,0.00
2026-06-30 09:59:29,30345.50,30347.75,30344.50,30347.00,63,30347.00,30347.00,0.00
2026-06-30 09:59:30,30347.00,30348.25,30344.25,30344.25,55,30344.25,30344.25,0.00
2026-06-30 09:59:31,30345.00,30347.25,30344.00,30346.75,128,30346.75,30346.75,0.00
2026-06-30 09:59:32,30346.75,30349.00,30344.75,30346.00,84,30346.00,30346.00,0.00
2026-06-30 09:59:33,30346.50,30348.25,30342.00,30346.50,173,30346.50,30346.50,0.00
2026-06-30 09:59:34,30346.75,30348.00,30343.25,30343.50,74,30343.50,30343.50,0.00
2026-06-30 09:59:35,30344.25,30345.00,30342.50,30343.50,60,30343.50,30343.50,0.00
2026-06-30 09:59:36,30344.25,30345.00,30338.75,30342.25,143,30342.25,30342.25,0.00
2026-06-30 09:59:37,30342.75,30345.75,30341.75,30344.75,52,30344.75,30344.75,0.00
2026-06-30 09:59:38,30344.50,30347.00,30344.25,30345.75,45,30345.75,30345.75,0.00
2026-06-30 09:59:39,30346.50,30348.00,30344.50,30346.50,63,30346.50,30346.50,0.00
2026-06-30 09:59:40,30345.75,30346.50,30344.00,30344.50,32,30344.50,30344.50,0.00
2026-06-30 09:59:41,30344.75,30349.00,30344.75,30347.75,38,30347.75,30347.75,0.00
2026-06-30 09:59:42,30348.50,30351.00,30347.50,30350.00,63,30350.00,30350.00,0.00
2026-06-30 09:59:43,30351.00,30352.25,30349.25,30351.00,68,30351.00,30351.00,0.00
2026-06-30 09:59:44,30351.25,30352.25,30349.00,30349.25,58,30349.25,30349.25,0.00
2026-06-30 09:59:45,30348.50,30350.25,30348.00,30349.00,73,30349.00,30349.00,0.00
2026-06-30 09:59:46,30349.25,30353.00,30348.75,30351.50,63,30351.50,30351.50,0.00
2026-06-30 09:59:47,30351.75,30354.25,30351.75,30353.25,63,30353.25,30353.25,0.00
2026-06-30 09:59:48,30354.25,30354.50,30350.50,30354.00,79,30354.00,30354.00,0.00
2026-06-30 09:59:49,30352.75,30355.00,30352.00,30352.25,42,30352.25,30352.25,0.00
2026-06-30 09:59:50,30352.75,30353.25,30349.00,30350.25,90,30350.25,30350.25,0.00
2026-06-30 09:59:51,30349.75,30352.25,30346.25,30348.75,98,30348.75,30348.75,0.00
2026-06-30 09:59:52,30348.25,30349.50,30347.25,30349.00,49,30349.00,30349.00,0.00
2026-06-30 09:59:53,30348.50,30352.00,30348.25,30350.50,52,30350.50,30350.50,0.00
2026-06-30 09:59:54,30351.25,30355.00,30350.50,30355.00,43,30355.00,30355.00,0.00
2026-06-30 09:59:55,30353.75,30355.00,30352.75,30354.50,65,30354.50,30354.50,0.00
2026-06-30 09:59:56,30355.00,30355.25,30352.25,30354.50,70,30354.50,30354.50,0.00
2026-06-30 09:59:57,30354.75,30361.25,30354.75,30360.75,273,30360.75,30360.75,0.00
2026-06-30 09:59:58,30360.00,30364.25,30358.50,30362.75,268,30362.75,30362.75,0.00
2026-06-30 09:59:59,30363.50,30365.00,30360.50,30364.50,192,30364.50,30364.50,0.00
2026-06-30 10:00:00,30364.25,30367.75,30359.50,30362.00,190,30362.00,30362.00,0.00
2026-06-30 10:00:01,30365.75,30371.75,30360.00,30368.50,528,30368.50,30368.50,0.00
2026-06-30 10:00:02,30367.50,30372.00,30362.00,30367.75,301,30367.75,30367.75,0.00
2026-06-30 10:00:03,30367.00,30367.25,30345.50,30355.75,460,30355.75,30355.75,0.00
2026-06-30 10:00:04,30358.00,30362.75,30352.50,30361.75,316,30361.75,30361.75,0.00
2026-06-30 10:00:05,30360.25,30363.75,30357.75,30360.25,145,30360.25,30360.25,0.00
2026-06-30 10:00:06,30359.50,30363.75,30357.50,30359.25,156,30359.25,30359.25,0.00
2026-06-30 10:00:07,30359.00,30363.00,30351.75,30359.00,192,30359.00,30359.00,0.00
2026-06-30 10:00:08,30358.25,30360.50,30353.50,30358.00,129,30358.00,30358.00,0.00
2026-06-30 10:00:09,30359.25,30363.00,30355.50,30361.75,133,30361.75,30361.75,0.00
2026-06-30 10:00:10,30361.75,30362.25,30358.75,30359.50,90,30359.50,30359.50,0.00
2026-06-30 10:00:11,30359.50,30360.25,30353.00,30358.50,88,30358.50,30358.50,0.00
2026-06-30 10:00:12,30356.50,30361.25,30355.75,30361.25,119,30361.25,30361.25,0.00
2026-06-30 10:00:13,30361.75,30366.00,30361.00,30363.75,142,30363.75,30363.75,0.00
2026-06-30 10:00:14,30363.50,30368.25,30361.25,30368.00,138,30368.00,30368.00,0.00
2026-06-30 10:00:15,30368.75,30369.00,30356.75,30357.75,134,30357.75,30357.75,0.00
2026-06-30 10:00:16,30358.75,30366.00,30357.75,30365.00,139,30365.00,30365.00,0.00
2026-06-30 10:00:17,30365.25,30365.75,30358.75,30360.00,166,30360.00,30360.00,0.00
2026-06-30 10:00:18,30360.25,30361.75,30356.00,30358.00,124,30358.00,30358.00,0.00
2026-06-30 10:00:19,30359.00,30359.00,30352.50,30355.00,102,30355.00,30355.00,0.00
2026-06-30 10:00:20,30355.50,30356.75,30353.00,30356.00,89,30356.00,30356.00,0.00
2026-06-30 10:00:21,30355.50,30357.50,30353.00,30355.75,116,30355.75,30355.75,0.00
2026-06-30 10:00:22,30355.00,30355.50,30350.00,30350.25,137,30350.25,30350.25,0.00
2026-06-30 10:00:23,30350.00,30353.00,30349.00,30350.75,198,30350.75,30350.75,0.00
2026-06-30 10:00:24,30350.50,30354.25,30350.25,30351.00,118,30351.00,30351.00,0.00
2026-06-30 10:00:25,30352.00,30354.50,30350.25,30352.75,147,30352.75,30352.75,0.00
2026-06-30 10:00:26,30353.00,30356.00,30352.00,30355.50,101,30355.50,30355.50,0.00
2026-06-30 10:00:27,30355.50,30356.25,30354.25,30355.25,72,30355.25,30355.25,0.00
2026-06-30 10:00:28,30356.25,30356.25,30351.25,30351.25,91,30351.25,30351.25,0.00
2026-06-30 10:00:29,30351.25,30354.50,30350.00,30353.25,140,30353.25,30353.25,0.00
2026-06-30 10:00:30,30353.25,30354.00,30351.75,30352.50,77,30352.50,30352.50,0.00
2026-06-30 10:00:31,30353.25,30353.50,30350.00,30351.00,125,30351.00,30351.00,0.00
2026-06-30 10:00:32,30350.75,30352.50,30350.00,30351.50,69,30351.50,30351.50,0.00
2026-06-30 10:00:33,30351.00,30354.75,30343.75,30346.50,256,30346.50,30346.50,0.00
2026-06-30 10:00:34,30346.25,30354.50,30346.25,30353.25,167,30353.25,30353.25,0.00
2026-06-30 10:00:35,30352.50,30354.25,30351.50,30352.75,109,30352.75,30352.75,0.00
2026-06-30 10:00:36,30352.75,30354.75,30352.50,30353.50,99,30353.50,30353.50,0.00
2026-06-30 10:00:37,30353.00,30354.00,30351.00,30351.00,57,30351.00,30351.00,0.00
2026-06-30 10:00:38,30350.75,30352.00,30348.75,30349.75,93,30349.75,30349.75,0.00
2026-06-30 10:00:39,30349.50,30351.50,30322.00,30323.25,1009,30323.25,30323.25,0.00
2026-06-30 10:00:40,30322.75,30328.25,30321.25,30325.75,415,30325.75,30325.75,0.00
2026-06-30 10:00:41,30325.50,30329.75,30324.75,30329.00,247,30329.00,30329.00,0.00
2026-06-30 10:00:42,30329.00,30329.25,30325.00,30326.50,210,30326.50,30326.50,0.00
2026-06-30 10:00:43,30325.75,30327.00,30321.25,30323.75,199,30323.75,30323.75,0.00
2026-06-30 10:00:44,30323.25,30325.50,30317.50,30318.50,375,30318.50,30318.50,0.00
2026-06-30 10:00:45,30317.75,30319.75,30310.25,30311.25,499,30311.25,30311.25,0.00
2026-06-30 10:00:46,30312.00,30318.00,30310.25,30314.25,418,30314.25,30314.25,0.00
2026-06-30 10:00:47,30315.25,30317.00,30311.00,30313.75,244,30313.75,30313.75,0.00
2026-06-30 10:00:48,30313.75,30316.25,30312.50,30313.50,156,30313.50,30313.50,0.00
2026-06-30 10:00:49,30312.75,30314.00,30307.25,30309.75,231,30309.75,30309.75,0.00
2026-06-30 10:00:50,30309.75,30313.00,30308.75,30310.50,225,30310.50,30310.50,0.00
2026-06-30 10:00:51,30311.25,30317.00,30310.00,30314.75,190,30314.75,30314.75,0.00
2026-06-30 10:00:52,30314.25,30319.50,30313.00,30318.50,143,30318.50,30318.50,0.00
2026-06-30 10:00:53,30319.50,30320.50,30315.00,30315.75,157,30315.75,30315.75,0.00
2026-06-30 10:00:54,30316.75,30318.00,30314.75,30315.50,169,30315.50,30315.50,0.00
2026-06-30 10:00:55,30314.75,30319.75,30314.75,30316.00,118,30316.00,30316.00,0.00
2026-06-30 10:00:56,30315.50,30317.00,30313.50,30313.50,89,30313.50,30313.50,0.00
2026-06-30 10:00:57,30314.25,30326.00,30314.00,30324.75,229,30324.75,30324.75,0.00
2026-06-30 10:00:58,30324.75,30325.25,30322.50,30325.25,120,30325.25,30325.25,0.00
2026-06-30 10:00:59,30325.00,30325.25,30318.75,30319.25,165,30319.25,30319.25,0.00
2026-06-30 10:01:00,30319.50,30319.50,30313.50,30315.75,148,30315.75,30315.75,0.00
2026-06-30 10:01:01,30316.50,30316.50,30307.00,30308.00,247,30308.00,30308.00,0.00
2026-06-30 10:01:02,30307.00,30311.75,30305.00,30305.25,275,30305.25,30305.25,0.00
2026-06-30 10:01:03,30305.25,30306.25,30300.00,30305.50,453,30305.50,30305.50,0.00
2026-06-30 10:01:04,30305.75,30307.00,30303.25,30305.25,208,30305.25,30305.25,0.00
2026-06-30 10:01:05,30305.00,30307.50,30301.50,30301.50,170,30301.50,30301.50,0.00
2026-06-30 10:01:06,30302.25,30303.00,30294.75,30297.25,455,30297.25,30297.25,0.00
2026-06-30 10:01:07,30297.75,30298.50,30292.00,30296.50,410,30296.50,30296.50,0.00
2026-06-30 10:01:08,30296.50,30298.50,30294.00,30296.25,291,30296.25,30296.25,0.00
2026-06-30 10:01:09,30296.75,30298.50,30289.50,30290.75,366,30290.75,30290.75,0.00
2026-06-30 10:01:10,30291.25,30293.00,30286.75,30291.50,236,30291.50,30291.50,0.00
2026-06-30 10:01:11,30290.75,30296.25,30289.50,30292.25,298,30292.25,30292.25,0.00
2026-06-30 10:01:12,30292.25,30295.75,30291.25,30294.00,252,30294.00,30294.00,0.00
2026-06-30 10:01:13,30293.50,30298.50,30292.50,30297.00,160,30297.00,30297.00,0.00
2026-06-30 10:01:14,30297.00,30298.00,30288.00,30292.25,235,30292.25,30292.25,0.00
2026-06-30 10:01:15,30291.50,30291.75,30286.50,30288.75,240,30288.75,30288.75,0.00
2026-06-30 10:01:16,30289.75,30290.00,30286.25,30286.75,146,30286.75,30286.75,0.00
2026-06-30 10:01:17,30287.25,30290.00,30283.25,30289.25,240,30289.25,30289.25,0.00
2026-06-30 10:01:18,30288.50,30291.00,30285.00,30289.75,170,30289.75,30289.75,0.00
2026-06-30 10:01:19,30290.25,30291.00,30287.25,30288.75,91,30288.75,30288.75,0.00
2026-06-30 10:01:20,30289.50,30294.75,30289.00,30292.25,127,30292.25,30292.25,0.00
2026-06-30 10:01:21,30291.75,30294.00,30288.50,30290.50,100,30290.50,30290.50,0.00
2026-06-30 10:01:22,30290.00,30295.75,30288.50,30294.00,206,30294.00,30294.00,0.00
2026-06-30 10:01:23,30294.50,30294.75,30291.00,30291.75,107,30291.75,30291.75,0.00
2026-06-30 10:01:24,30292.75,30292.75,30282.25,30282.75,189,30282.75,30282.75,0.00
2026-06-30 10:01:25,30282.50,30286.50,30282.50,30285.75,158,30285.75,30285.75,0.00
2026-06-30 10:01:26,30286.25,30287.75,30283.25,30283.25,113,30283.25,30283.25,0.00
2026-06-30 10:01:27,30283.75,30287.50,30281.75,30286.00,185,30286.00,30286.00,0.00
2026-06-30 10:01:28,30286.00,30286.75,30284.00,30284.50,109,30284.50,30284.50,0.00
2026-06-30 10:01:29,30285.00,30286.25,30282.75,30284.75,88,30284.75,30284.75,0.00
2026-06-30 10:01:30,30285.50,30287.25,30282.25,30282.25,88,30282.25,30282.25,0.00
2026-06-30 10:01:31,30282.50,30284.00,30281.50,30283.00,109,30283.00,30283.00,0.00
2026-06-30 10:01:32,30283.25,30284.75,30283.00,30284.00,86,30284.00,30284.00,0.00
2026-06-30 10:01:33,30285.25,30286.75,30281.00,30282.25,128,30282.25,30282.25,0.00
2026-06-30 10:01:34,30282.50,30284.25,30275.00,30278.50,354,30278.50,30278.50,0.00
2026-06-30 10:01:35,30277.50,30283.25,30277.50,30278.25,309,30278.25,30278.25,0.00
2026-06-30 10:01:36,30278.50,30279.25,30274.25,30276.75,196,30276.75,30276.75,0.00
2026-06-30 10:01:37,30276.75,30281.75,30276.25,30281.75,113,30281.75,30281.75,0.00
2026-06-30 10:01:38,30282.00,30284.25,30279.00,30280.75,135,30280.75,30280.75,0.00
2026-06-30 10:01:39,30280.50,30281.75,30278.25,30279.50,160,30279.50,30279.50,0.00
2026-06-30 10:01:40,30281.25,30281.25,30277.25,30279.25,87,30279.25,30279.25,0.00
2026-06-30 10:01:41,30279.25,30285.00,30278.50,30283.50,87,30283.50,30283.50,0.00
2026-06-30 10:01:42,30284.50,30291.00,30283.25,30289.75,252,30289.75,30289.75,0.00
2026-06-30 10:01:43,30289.75,30309.00,30289.75,30306.75,759,30306.75,30306.75,0.00
2026-06-30 10:01:44,30307.00,30307.25,30302.00,30306.75,329,30306.75,30306.75,0.00
2026-06-30 10:01:45,30305.75,30309.25,30305.00,30308.00,185,30308.00,30308.00,0.00
2026-06-30 10:01:46,30307.50,30309.00,30303.25,30307.50,189,30307.50,30307.50,0.00
2026-06-30 10:01:47,30307.25,30314.50,30306.75,30313.50,328,30313.50,30313.50,0.00
2026-06-30 10:01:48,30312.50,30314.50,30311.75,30313.00,216,30313.00,30313.00,0.00
2026-06-30 10:01:49,30312.00,30315.50,30311.75,30312.00,197,30312.00,30312.00,0.00
2026-06-30 10:01:50,30313.00,30321.25,30313.00,30320.50,391,30320.50,30320.50,0.00
2026-06-30 10:01:51,30320.50,30321.25,30318.25,30319.75,244,30319.75,30319.75,0.00
2026-06-30 10:01:52,30319.75,30327.75,30319.50,30324.25,432,30324.25,30324.25,0.00
2026-06-30 10:01:53,30324.25,30326.00,30321.75,30322.25,253,30322.25,30322.25,0.00
2026-06-30 10:01:54,30322.75,30326.25,30318.50,30319.75,223,30319.75,30319.75,0.00
2026-06-30 10:01:55,30319.75,30326.00,30318.25,30321.50,370,30321.50,30321.50,0.00
2026-06-30 10:01:56,30320.50,30320.50,30314.50,30317.25,216,30317.25,30317.25,0.00
2026-06-30 10:01:57,30317.50,30320.25,30316.50,30317.25,115,30317.25,30317.25,0.00
2026-06-30 10:01:58,30317.25,30319.75,30316.50,30318.75,130,30318.75,30318.75,0.00
2026-06-30 10:01:59,30318.75,30318.75,30316.75,30317.50,92,30317.50,30317.50,0.00
2026-06-30 10:02:00,30317.25,30319.25,30317.00,30318.50,100,30318.50,30318.50,0.00
2026-06-30 10:02:01,30317.75,30317.75,30311.75,30315.50,243,30315.50,30315.50,0.00
2026-06-30 10:02:02,30316.00,30317.50,30308.75,30310.00,190,30310.00,30310.00,0.00
2026-06-30 10:02:03,30309.75,30312.50,30308.00,30310.00,162,30310.00,30310.00,0.00
2026-06-30 10:02:04,30310.00,30313.50,30309.25,30310.25,151,30310.25,30310.25,0.00
2026-06-30 10:02:05,30310.25,30312.25,30308.50,30312.25,103,30312.25,30312.25,0.00
2026-06-30 10:02:06,30311.50,30316.00,30309.25,30314.50,169,30314.50,30314.50,0.00
2026-06-30 10:02:07,30314.50,30321.75,30313.00,30318.25,241,30318.25,30318.25,0.00
2026-06-30 10:02:08,30319.00,30320.75,30314.00,30316.00,179,30316.00,30316.00,0.00
2026-06-30 10:02:09,30316.25,30317.50,30312.75,30315.75,119,30315.75,30315.75,0.00
2026-06-30 10:02:10,30316.50,30324.00,30316.50,30322.50,147,30322.50,30322.50,0.00
2026-06-30 10:02:11,30322.25,30324.50,30321.75,30323.00,114,30323.00,30323.00,0.00
2026-06-30 10:02:12,30323.00,30326.75,30321.50,30324.00,175,30324.00,30324.00,0.00
2026-06-30 10:02:13,30323.25,30323.25,30319.50,30322.00,185,30322.00,30322.00,0.00
2026-06-30 10:02:14,30322.25,30323.00,30319.75,30322.00,93,30322.00,30322.00,0.00
2026-06-30 10:02:15,30321.25,30327.50,30320.75,30326.50,125,30326.50,30326.50,0.00
2026-06-30 10:02:16,30327.00,30338.25,30326.25,30337.50,560,30337.50,30337.50,0.00
2026-06-30 10:02:17,30338.00,30338.50,30333.25,30336.50,268,30336.50,30336.50,0.00
2026-06-30 10:02:18,30335.75,30339.00,30333.50,30337.50,196,30337.50,30337.50,0.00
2026-06-30 10:02:19,30337.75,30339.25,30333.00,30333.25,221,30333.25,30333.25,0.00
2026-06-30 10:02:20,30333.00,30336.00,30329.50,30331.50,232,30331.50,30331.50,0.00
2026-06-30 10:02:21,30331.50,30334.00,30326.50,30328.00,193,30328.00,30328.00,0.00
2026-06-30 10:02:22,30328.50,30329.50,30324.50,30328.75,187,30328.75,30328.75,0.00
2026-06-30 10:02:23,30328.75,30330.00,30326.25,30328.00,100,30328.00,30328.00,0.00
2026-06-30 10:02:24,30327.75,30329.50,30325.75,30328.50,106,30328.50,30328.50,0.00
2026-06-30 10:02:25,30329.00,30329.75,30326.25,30329.75,99,30329.75,30329.75,0.00
2026-06-30 10:02:26,30329.25,30332.50,30327.25,30331.50,132,30331.50,30331.50,0.00
2026-06-30 10:02:27,30331.75,30335.25,30330.50,30331.25,99,30331.25,30331.25,0.00
2026-06-30 10:02:28,30331.25,30336.25,30330.00,30335.25,120,30335.25,30335.25,0.00
2026-06-30 10:02:29,30336.25,30338.00,30332.75,30334.50,145,30334.50,30334.50,0.00
2026-06-30 10:02:30,30334.50,30340.00,30332.75,30338.75,169,30338.75,30338.75,0.00
2026-06-30 10:02:31,30338.50,30346.00,30336.75,30343.25,276,30343.25,30343.25,0.00
2026-06-30 10:02:32,30344.00,30344.25,30338.00,30343.75,219,30343.75,30343.75,0.00
2026-06-30 10:02:33,30344.50,30346.00,30341.00,30341.00,221,30341.00,30341.00,0.00
2026-06-30 10:02:34,30341.00,30343.00,30334.50,30337.25,218,30337.25,30337.25,0.00
2026-06-30 10:02:35,30336.50,30339.25,30335.00,30337.00,161,30337.00,30337.00,0.00
2026-06-30 10:02:36,30337.50,30339.00,30333.75,30334.50,129,30334.50,30334.50,0.00
2026-06-30 10:02:37,30334.00,30336.75,30333.75,30336.00,85,30336.00,30336.00,0.00
2026-06-30 10:02:38,30335.25,30337.00,30332.25,30334.25,135,30334.25,30334.25,0.00
2026-06-30 10:02:39,30334.75,30337.25,30333.50,30336.75,122,30336.75,30336.75,0.00
2026-06-30 10:02:40,30337.25,30340.25,30335.00,30337.25,99,30337.25,30337.25,0.00
2026-06-30 10:02:41,30337.00,30338.75,30335.50,30338.00,66,30338.00,30338.00,0.00
2026-06-30 10:02:42,30337.00,30340.75,30335.00,30338.50,130,30338.50,30338.50,0.00
2026-06-30 10:02:43,30337.50,30342.25,30336.25,30337.75,120,30337.75,30337.75,0.00
2026-06-30 10:02:44,30338.25,30341.50,30338.00,30338.00,64,30338.00,30338.00,0.00
2026-06-30 10:02:45,30337.50,30338.75,30335.00,30335.25,79,30335.25,30335.25,0.00
2026-06-30 10:02:46,30336.50,30336.50,30332.75,30333.75,99,30333.75,30333.75,0.00
2026-06-30 10:02:47,30335.00,30340.25,30334.75,30339.00,107,30339.00,30339.00,0.00
2026-06-30 10:02:48,30339.25,30339.75,30336.50,30337.50,80,30337.50,30337.50,0.00
2026-06-30 10:02:49,30337.75,30338.25,30328.25,30333.75,238,30333.75,30333.75,0.00
2026-06-30 10:02:50,30333.75,30337.50,30332.50,30336.25,99,30336.25,30336.25,0.00
2026-06-30 10:02:51,30336.25,30337.75,30335.00,30337.00,60,30337.00,30337.00,0.00
2026-06-30 10:02:52,30336.25,30338.00,30331.25,30333.50,117,30333.50,30333.50,0.00
2026-06-30 10:02:53,30333.50,30335.25,30331.50,30332.50,125,30332.50,30332.50,0.00
2026-06-30 10:02:54,30332.50,30337.00,30332.50,30336.50,198,30336.50,30336.50,0.00
2026-06-30 10:02:55,30336.50,30341.75,30335.50,30340.75,134,30340.75,30340.75,0.00
2026-06-30 10:02:56,30341.00,30341.25,30339.75,30340.75,67,30340.75,30340.75,0.00
2026-06-30 10:02:57,30340.25,30343.50,30340.25,30341.50,88,30341.50,30341.50,0.00
2026-06-30 10:02:58,30342.00,30342.00,30338.50,30339.50,64,30339.50,30339.50,0.00
2026-06-30 10:02:59,30339.00,30340.75,30338.50,30339.75,87,30339.75,30339.75,0.00
2026-06-30 10:03:00,30340.50,30343.75,30339.25,30343.00,72,30343.00,30343.00,0.00
2026-06-30 10:03:01,30343.25,30343.25,30339.25,30342.25,121,30342.25,30342.25,0.00
2026-06-30 10:03:02,30341.25,30347.75,30341.00,30345.00,208,30345.00,30345.00,0.00
2026-06-30 10:03:03,30344.75,30349.75,30344.75,30349.75,231,30349.75,30349.75,0.00
2026-06-30 10:03:04,30348.50,30354.50,30348.50,30353.25,347,30353.25,30353.25,0.00
2026-06-30 10:03:05,30353.00,30358.25,30352.25,30356.25,365,30356.25,30356.25,0.00
2026-06-30 10:03:06,30356.75,30360.25,30356.00,30359.50,358,30359.50,30359.50,0.00
2026-06-30 10:03:07,30360.00,30360.00,30354.00,30356.75,255,30356.75,30356.75,0.00
2026-06-30 10:03:08,30356.75,30360.50,30356.50,30360.00,232,30360.00,30360.00,0.00
2026-06-30 10:03:09,30359.50,30365.25,30358.75,30359.25,425,30359.25,30359.25,0.00
2026-06-30 10:03:10,30359.25,30362.50,30358.50,30361.00,244,30361.00,30361.00,0.00
2026-06-30 10:03:11,30361.00,30365.50,30360.50,30361.50,219,30361.50,30361.50,0.00
2026-06-30 10:03:12,30362.00,30364.25,30361.50,30363.75,173,30363.75,30363.75,0.00
2026-06-30 10:03:13,30363.00,30366.50,30358.00,30366.50,359,30366.50,30366.50,0.00
2026-06-30 10:03:14,30365.50,30376.75,30365.25,30372.25,1023,30372.25,30372.25,0.00
2026-06-30 10:03:15,30372.00,30373.25,30370.00,30372.00,276,30372.00,30372.00,0.00
2026-06-30 10:03:16,30371.75,30372.00,30367.00,30369.75,281,30369.75,30369.75,0.00
2026-06-30 10:03:17,30369.50,30371.50,30367.00,30369.00,294,30369.00,30369.00,0.00
2026-06-30 10:03:18,30368.75,30376.50,30368.75,30375.00,344,30375.00,30375.00,0.00
2026-06-30 10:03:19,30374.50,30377.50,30373.25,30375.25,353,30375.25,30375.25,0.00
2026-06-30 10:03:20,30375.50,30376.25,30372.00,30374.50,270,30374.50,30374.50,0.00
2026-06-30 10:03:21,30374.50,30379.00,30372.50,30378.50,287,30378.50,30378.50,0.00
2026-06-30 10:03:22,30378.25,30379.75,30374.50,30375.50,228,30375.50,30375.50,0.00
2026-06-30 10:03:23,30375.25,30376.50,30373.75,30373.75,173,30373.75,30373.75,0.00
2026-06-30 10:03:24,30373.75,30375.75,30372.75,30374.75,224,30374.75,30374.75,0.00
2026-06-30 10:03:25,30373.50,30376.00,30372.50,30373.75,182,30373.75,30373.75,0.00
2026-06-30 10:03:26,30374.00,30374.00,30364.50,30366.50,356,30366.50,30366.50,0.00
2026-06-30 10:03:27,30367.00,30368.00,30365.00,30367.75,228,30367.75,30367.75,0.00
2026-06-30 10:03:28,30367.75,30376.50,30367.75,30375.25,184,30375.25,30375.25,0.00
2026-06-30 10:03:29,30374.50,30375.50,30370.25,30370.25,143,30370.25,30370.25,0.00
2026-06-30 10:03:30,30370.25,30370.75,30366.00,30369.00,157,30369.00,30369.00,0.00
2026-06-30 10:03:31,30368.75,30374.25,30368.75,30373.00,113,30373.00,30373.00,0.00
2026-06-30 10:03:32,30372.00,30378.75,30371.25,30376.50,144,30376.50,30376.50,0.00
2026-06-30 10:03:33,30376.00,30377.25,30374.25,30376.00,160,30376.00,30376.00,0.00
2026-06-30 10:03:34,30376.50,30376.75,30374.50,30374.50,102,30374.50,30374.50,0.00
2026-06-30 10:03:35,30373.75,30375.50,30371.75,30374.00,134,30374.00,30374.00,0.00
2026-06-30 10:03:36,30373.75,30382.25,30373.75,30380.50,277,30380.50,30380.50,0.00
2026-06-30 10:03:37,30380.00,30381.25,30378.50,30378.50,210,30378.50,30378.50,0.00
2026-06-30 10:03:38,30379.00,30380.50,30377.25,30380.50,177,30380.50,30380.50,0.00
2026-06-30 10:03:39,30380.25,30383.75,30378.75,30381.00,262,30381.00,30381.00,0.00
2026-06-30 10:03:40,30380.50,30383.75,30380.00,30383.75,207,30383.75,30383.75,0.00
2026-06-30 10:03:41,30383.75,30383.75,30379.00,30382.00,196,30382.00,30382.00,0.00
2026-06-30 10:03:42,30381.00,30381.75,30378.75,30379.00,150,30379.00,30379.00,0.00
2026-06-30 10:03:43,30379.00,30381.75,30378.25,30381.25,109,30381.25,30381.25,0.00
2026-06-30 10:03:44,30381.25,30381.25,30375.75,30377.00,195,30377.00,30377.00,0.00
2026-06-30 10:03:45,30376.75,30376.75,30373.00,30375.75,182,30375.75,30375.75,0.00
2026-06-30 10:03:46,30376.25,30377.50,30374.50,30377.50,117,30377.50,30377.50,0.00
2026-06-30 10:03:47,30377.25,30378.25,30375.50,30376.25,80,30376.25,30376.25,0.00
2026-06-30 10:03:48,30375.50,30378.00,30375.50,30376.50,107,30376.50,30376.50,0.00
2026-06-30 10:03:49,30376.50,30378.75,30375.00,30376.50,74,30376.50,30376.50,0.00
2026-06-30 10:03:50,30376.75,30377.75,30375.75,30376.00,43,30376.00,30376.00,0.00
2026-06-30 10:03:51,30376.50,30378.00,30373.75,30376.75,85,30376.75,30376.75,0.00
2026-06-30 10:03:52,30377.00,30386.25,30377.00,30381.25,372,30381.25,30381.25,0.00
2026-06-30 10:03:53,30380.50,30383.75,30380.25,30381.50,118,30381.50,30381.50,0.00
2026-06-30 10:03:54,30381.75,30383.00,30378.75,30381.00,95,30381.00,30381.00,0.00
2026-06-30 10:03:55,30381.50,30382.75,30380.00,30381.50,91,30381.50,30381.50,0.00
2026-06-30 10:03:56,30381.25,30383.75,30380.50,30383.50,123,30383.50,30383.50,0.00
2026-06-30 10:03:57,30384.00,30384.25,30381.75,30381.75,99,30381.75,30381.75,0.00
2026-06-30 10:03:58,30381.75,30385.50,30380.25,30382.50,184,30382.50,30382.50,0.00
2026-06-30 10:03:59,30383.00,30383.50,30381.50,30382.50,128,30382.50,30382.50,0.00
2026-06-30 10:04:00,30382.75,30384.00,30380.50,30382.75,83,30382.75,30382.75,0.00
2026-06-30 10:04:01,30382.25,30382.50,30376.75,30377.75,224,30377.75,30377.75,0.00
2026-06-30 10:04:02,30376.75,30378.75,30374.75,30375.50,276,30375.50,30375.50,0.00
2026-06-30 10:04:03,30375.75,30377.50,30374.75,30375.50,149,30375.50,30375.50,0.00
2026-06-30 10:04:04,30376.00,30377.25,30373.75,30375.00,129,30375.00,30375.00,0.00
2026-06-30 10:04:05,30375.00,30379.25,30374.75,30378.50,102,30378.50,30378.50,0.00
2026-06-30 10:04:06,30377.50,30377.50,30373.75,30376.50,126,30376.50,30376.50,0.00
2026-06-30 10:04:07,30377.25,30378.25,30374.50,30377.00,135,30377.00,30377.00,0.00
2026-06-30 10:04:08,30377.25,30377.25,30367.75,30368.50,301,30368.50,30368.50,0.00
2026-06-30 10:04:09,30368.50,30369.50,30366.75,30368.00,196,30368.00,30368.00,0.00
2026-06-30 10:04:10,30368.00,30371.00,30366.75,30370.25,153,30370.25,30370.25,0.00
2026-06-30 10:04:11,30370.25,30372.25,30369.50,30370.25,89,30370.25,30370.25,0.00
2026-06-30 10:04:12,30371.25,30373.25,30370.00,30370.00,122,30370.00,30370.00,0.00
2026-06-30 10:04:13,30371.00,30372.25,30368.00,30369.25,128,30369.25,30369.25,0.00
2026-06-30 10:04:14,30369.00,30370.00,30360.50,30364.00,394,30364.00,30364.00,0.00
2026-06-30 10:04:15,30364.00,30365.25,30362.75,30364.25,136,30364.25,30364.25,0.00
2026-06-30 10:04:16,30364.25,30369.25,30364.25,30366.75,208,30366.75,30366.75,0.00
2026-06-30 10:04:17,30365.50,30366.50,30363.75,30364.75,139,30364.75,30364.75,0.00
2026-06-30 10:04:18,30364.75,30368.00,30364.50,30366.00,148,30366.00,30366.00,0.00
2026-06-30 10:04:19,30365.50,30365.50,30361.75,30363.75,109,30363.75,30363.75,0.00
2026-06-30 10:04:20,30363.75,30364.00,30361.75,30364.00,133,30364.00,30364.00,0.00
2026-06-30 10:04:21,30364.50,30369.25,30362.00,30369.00,111,30369.00,30369.00,0.00
2026-06-30 10:04:22,30369.25,30372.50,30368.00,30371.50,142,30371.50,30371.50,0.00
2026-06-30 10:04:23,30371.50,30372.25,30367.75,30369.25,154,30369.25,30369.25,0.00
2026-06-30 10:04:24,30370.00,30370.75,30368.75,30370.50,53,30370.50,30370.50,0.00
2026-06-30 10:04:25,30370.25,30373.25,30369.25,30371.25,140,30371.25,30371.25,0.00
2026-06-30 10:04:26,30370.75,30370.75,30368.00,30370.00,82,30370.00,30370.00,0.00
2026-06-30 10:04:27,30370.00,30371.75,30366.00,30366.50,133,30366.50,30366.50,0.00
2026-06-30 10:04:28,30366.50,30370.25,30366.00,30369.50,106,30369.50,30369.50,0.00
2026-06-30 10:04:29,30368.25,30369.75,30366.50,30368.50,117,30368.50,30368.50,0.00
2026-06-30 10:04:30,30368.75,30370.25,30366.50,30366.75,57,30366.75,30366.75,0.00
2026-06-30 10:04:31,30367.00,30367.75,30364.25,30365.25,81,30365.25,30365.25,0.00
2026-06-30 10:04:32,30365.00,30368.50,30365.00,30368.25,74,30368.25,30368.25,0.00
2026-06-30 10:04:33,30368.25,30376.50,30368.25,30375.00,241,30375.00,30375.00,0.00
2026-06-30 10:04:34,30374.50,30378.75,30374.50,30377.75,158,30377.75,30377.75,0.00
2026-06-30 10:04:35,30378.50,30381.25,30377.50,30381.25,182,30381.25,30381.25,0.00
2026-06-30 10:04:36,30381.00,30381.00,30377.00,30377.25,134,30377.25,30377.25,0.00
2026-06-30 10:04:37,30377.50,30379.00,30377.25,30379.00,152,30379.00,30379.00,0.00
2026-06-30 10:04:38,30379.00,30380.25,30377.75,30379.75,114,30379.75,30379.75,0.00
2026-06-30 10:04:39,30380.00,30381.25,30377.50,30379.00,133,30379.00,30379.00,0.00
2026-06-30 10:04:40,30379.00,30380.00,30376.75,30378.25,106,30378.25,30378.25,0.00
2026-06-30 10:04:41,30378.50,30381.25,30376.50,30381.00,117,30381.00,30381.00,0.00
2026-06-30 10:04:42,30380.50,30383.50,30379.50,30381.25,162,30381.25,30381.25,0.00
2026-06-30 10:04:43,30381.25,30383.75,30379.75,30382.50,152,30382.50,30382.50,0.00
2026-06-30 10:04:44,30382.00,30382.75,30378.50,30381.25,161,30381.25,30381.25,0.00
2026-06-30 10:04:45,30381.00,30385.00,30380.00,30382.50,148,30382.50,30382.50,0.00
2026-06-30 10:04:46,30382.75,30384.25,30380.25,30381.50,125,30381.50,30381.50,0.00
2026-06-30 10:04:47,30381.25,30383.50,30380.75,30382.50,83,30382.50,30382.50,0.00
2026-06-30 10:04:48,30383.50,30384.25,30382.75,30383.50,78,30383.50,30383.50,0.00
2026-06-30 10:04:49,30383.25,30385.50,30382.50,30383.00,134,30383.00,30383.00,0.00
2026-06-30 10:04:50,30382.75,30383.00,30381.25,30381.25,88,30381.25,30381.25,0.00
2026-06-30 10:04:51,30381.50,30382.50,30379.75,30381.75,89,30381.75,30381.75,0.00
2026-06-30 10:04:52,30381.50,30385.00,30381.25,30384.75,89,30384.75,30384.75,0.00
2026-06-30 10:04:53,30385.50,30390.00,30385.50,30388.50,513,30388.50,30388.50,0.00
2026-06-30 10:04:54,30388.50,30391.00,30388.25,30389.25,168,30389.25,30389.25,0.00
2026-06-30 10:04:55,30390.00,30390.00,30385.75,30387.50,267,30387.50,30387.50,0.00
2026-06-30 10:04:56,30387.50,30391.50,30387.50,30391.25,190,30391.25,30391.25,0.00
2026-06-30 10:04:57,30390.25,30391.50,30389.25,30390.75,124,30390.75,30390.75,0.00
2026-06-30 10:04:58,30390.00,30391.25,30389.00,30390.25,159,30390.25,30390.25,0.00
2026-06-30 10:04:59,30390.75,30391.00,30389.25,30389.50,122,30389.50,30389.50,0.00
2026-06-30 10:05:00,30390.00,30393.75,30389.50,30391.75,229,30391.75,30391.75,0.00
2026-06-30 10:05:01,30391.50,30391.75,30383.00,30384.75,402,30384.75,30384.75,0.00
2026-06-30 10:05:02,30384.25,30384.75,30381.00,30381.25,257,30381.25,30381.25,0.00
2026-06-30 10:05:03,30381.75,30381.75,30379.50,30381.75,197,30381.75,30381.75,0.00
2026-06-30 10:05:04,30382.00,30382.75,30380.50,30381.00,145,30381.00,30381.00,0.00
2026-06-30 10:05:05,30380.75,30381.50,30378.75,30379.25,111,30379.25,30379.25,0.00
2026-06-30 10:05:06,30379.50,30381.25,30378.00,30380.25,152,30380.25,30380.25,0.00
2026-06-30 10:05:07,30379.75,30383.00,30379.50,30381.00,114,30381.00,30381.00,0.00
2026-06-30 10:05:08,30380.75,30381.00,30379.00,30381.00,78,30381.00,30381.00,0.00
2026-06-30 10:05:09,30381.50,30382.50,30379.50,30381.00,77,30381.00,30381.00,0.00
2026-06-30 10:05:10,30380.75,30380.75,30375.75,30376.75,177,30376.75,30376.75,0.00
2026-06-30 10:05:11,30376.25,30377.25,30373.50,30375.25,203,30375.25,30375.25,0.00
2026-06-30 10:05:12,30375.00,30376.25,30374.25,30375.00,87,30375.00,30375.00,0.00
2026-06-30 10:05:13,30375.00,30377.50,30374.75,30375.00,190,30375.00,30375.00,0.00
2026-06-30 10:05:14,30375.50,30378.25,30374.75,30376.50,118,30376.50,30376.50,0.00
2026-06-30 10:05:15,30376.50,30378.50,30373.00,30373.00,167,30373.00,30373.00,0.00
2026-06-30 10:05:16,30373.75,30375.50,30370.50,30374.50,221,30374.50,30374.50,0.00
2026-06-30 10:05:17,30374.25,30377.50,30371.25,30373.00,325,30373.00,30373.00,0.00
2026-06-30 10:05:18,30373.25,30375.50,30372.50,30374.75,94,30374.75,30374.75,0.00
2026-06-30 10:05:19,30374.25,30376.50,30374.25,30375.00,84,30375.00,30375.00,0.00
2026-06-30 10:05:20,30375.25,30375.75,30370.00,30371.25,153,30371.25,30371.25,0.00
2026-06-30 10:05:21,30371.25,30373.75,30370.00,30371.00,117,30371.00,30371.00,0.00
2026-06-30 10:05:22,30370.50,30372.25,30368.50,30371.50,123,30371.50,30371.50,0.00
2026-06-30 10:05:23,30372.00,30375.00,30369.50,30370.25,154,30370.25,30370.25,0.00
2026-06-30 10:05:24,30369.75,30370.25,30367.50,30369.00,183,30369.00,30369.00,0.00
2026-06-30 10:05:25,30368.25,30371.50,30367.50,30367.50,141,30367.50,30367.50,0.00
2026-06-30 10:05:26,30367.75,30368.25,30366.25,30368.00,112,30368.00,30368.00,0.00
2026-06-30 10:05:27,30368.50,30370.75,30367.25,30368.25,123,30368.25,30368.25,0.00
2026-06-30 10:05:28,30369.25,30369.75,30367.25,30368.50,74,30368.50,30368.50,0.00
2026-06-30 10:05:29,30368.25,30369.25,30364.25,30367.50,174,30367.50,30367.50,0.00
2026-06-30 10:05:30,30367.50,30369.00,30355.00,30357.00,520,30357.00,30357.00,0.00
2026-06-30 10:05:31,30356.50,30359.75,30356.25,30359.25,199,30359.25,30359.25,0.00
2026-06-30 10:05:32,30359.00,30361.50,30358.25,30359.25,243,30359.25,30359.25,0.00
2026-06-30 10:05:33,30359.50,30361.25,30355.25,30356.25,142,30356.25,30356.25,0.00
2026-06-30 10:05:34,30356.00,30362.00,30355.25,30362.00,150,30362.00,30362.00,0.00
2026-06-30 10:05:35,30362.50,30366.75,30361.50,30366.00,148,30366.00,30366.00,0.00
2026-06-30 10:05:36,30366.25,30368.50,30363.75,30367.25,207,30367.25,30367.25,0.00
2026-06-30 10:05:37,30367.00,30370.00,30365.75,30366.25,194,30366.25,30366.25,0.00
2026-06-30 10:05:38,30367.00,30367.50,30362.50,30364.50,80,30364.50,30364.50,0.00
2026-06-30 10:05:39,30364.50,30367.75,30364.50,30367.00,116,30367.00,30367.00,0.00
2026-06-30 10:05:40,30367.25,30368.00,30363.75,30367.25,63,30367.25,30367.25,0.00
2026-06-30 10:05:41,30367.25,30368.00,30364.75,30367.25,135,30367.25,30367.25,0.00
2026-06-30 10:05:42,30366.75,30367.00,30364.50,30367.00,123,30367.00,30367.00,0.00
2026-06-30 10:05:43,30367.25,30370.00,30366.50,30369.50,112,30369.50,30369.50,0.00
2026-06-30 10:05:44,30369.25,30371.25,30368.00,30370.50,91,30370.50,30370.50,0.00
2026-06-30 10:05:45,30370.50,30370.75,30367.00,30368.00,102,30368.00,30368.00,0.00
2026-06-30 10:05:46,30367.00,30368.00,30362.50,30363.00,82,30363.00,30363.00,0.00
2026-06-30 10:05:47,30363.50,30363.50,30357.00,30361.00,242,30361.00,30361.00,0.00
2026-06-30 10:05:48,30360.75,30364.00,30360.75,30363.50,97,30363.50,30363.50,0.00
2026-06-30 10:05:49,30363.25,30365.75,30363.00,30365.00,86,30365.00,30365.00,0.00
2026-06-30 10:05:50,30364.75,30370.25,30363.50,30369.75,84,30369.75,30369.75,0.00
2026-06-30 10:05:51,30370.50,30378.50,30370.00,30375.25,448,30375.25,30375.25,0.00
2026-06-30 10:05:52,30375.25,30377.25,30372.75,30374.50,193,30374.50,30374.50,0.00
2026-06-30 10:05:53,30374.75,30375.25,30372.00,30373.00,101,30373.00,30373.00,0.00
2026-06-30 10:05:54,30372.25,30375.75,30371.00,30373.75,175,30373.75,30373.75,0.00
2026-06-30 10:05:55,30373.00,30373.25,30370.25,30372.00,215,30372.00,30372.00,0.00
2026-06-30 10:05:56,30372.25,30375.25,30372.00,30372.75,82,30372.75,30372.75,0.00
2026-06-30 10:05:57,30372.50,30373.25,30368.75,30370.50,151,30370.50,30370.50,0.00
2026-06-30 10:05:58,30369.75,30370.75,30367.00,30367.25,154,30367.25,30367.25,0.00
2026-06-30 10:05:59,30367.25,30369.50,30367.00,30367.25,62,30367.25,30367.25,0.00
2026-06-30 10:06:00,30366.75,30368.75,30365.25,30366.25,114,30366.25,30366.25,0.00
2026-06-30 10:06:01,30365.00,30367.00,30362.75,30364.00,125,30364.00,30364.00,0.00
2026-06-30 10:06:02,30363.25,30364.00,30358.50,30362.75,229,30362.75,30362.75,0.00
2026-06-30 10:06:03,30363.00,30368.50,30363.00,30366.75,198,30366.75,30366.75,0.00
2026-06-30 10:06:04,30367.00,30371.75,30367.00,30370.00,99,30370.00,30370.00,0.00
2026-06-30 10:06:05,30371.00,30371.00,30365.75,30368.50,197,30368.50,30368.50,0.00
2026-06-30 10:06:06,30368.50,30369.00,30362.25,30362.75,108,30362.75,30362.75,0.00
2026-06-30 10:06:07,30363.00,30363.00,30357.25,30357.25,123,30357.25,30357.25,0.00
2026-06-30 10:06:08,30358.25,30360.25,30352.75,30354.00,356,30354.00,30354.00,0.00
2026-06-30 10:06:09,30355.00,30356.75,30354.00,30355.25,255,30355.25,30355.25,0.00
2026-06-30 10:06:10,30355.25,30356.75,30354.00,30356.25,122,30356.25,30356.25,0.00
2026-06-30 10:06:11,30356.00,30359.25,30355.75,30358.50,136,30358.50,30358.50,0.00
2026-06-30 10:06:12,30359.00,30363.00,30356.25,30357.50,155,30357.50,30357.50,0.00
2026-06-30 10:06:13,30357.25,30358.00,30353.75,30357.25,95,30357.25,30357.25,0.00
2026-06-30 10:06:14,30357.25,30357.25,30350.00,30350.50,220,30350.50,30350.50,0.00
2026-06-30 10:06:15,30350.50,30355.00,30350.50,30351.75,221,30351.75,30351.75,0.00
2026-06-30 10:06:16,30350.75,30356.00,30350.25,30352.00,171,30352.00,30352.00,0.00
2026-06-30 10:06:17,30351.50,30352.50,30349.50,30350.50,155,30350.50,30350.50,0.00
2026-06-30 10:06:18,30350.75,30351.75,30347.50,30349.50,250,30349.50,30349.50,0.00
2026-06-30 10:06:19,30349.50,30351.25,30348.00,30350.75,173,30350.75,30350.75,0.00
2026-06-30 10:06:20,30351.25,30352.50,30348.00,30350.50,197,30350.50,30350.50,0.00
2026-06-30 10:06:21,30350.50,30351.50,30348.75,30349.75,121,30349.75,30349.75,0.00
2026-06-30 10:06:22,30349.25,30350.25,30348.75,30349.75,80,30349.75,30349.75,0.00
2026-06-30 10:06:23,30350.00,30352.25,30349.75,30351.75,113,30351.75,30351.75,0.00
2026-06-30 10:06:24,30351.25,30352.00,30344.50,30345.50,311,30345.50,30345.50,0.00
2026-06-30 10:06:25,30345.00,30352.25,30345.00,30349.50,156,30349.50,30349.50,0.00
2026-06-30 10:06:26,30349.50,30350.75,30349.00,30349.00,121,30349.00,30349.00,0.00
2026-06-30 10:06:27,30348.75,30348.75,30343.50,30346.50,195,30346.50,30346.50,0.00
2026-06-30 10:06:28,30347.00,30348.25,30346.00,30347.25,155,30347.25,30347.25,0.00
2026-06-30 10:06:29,30347.25,30352.75,30347.25,30348.50,229,30348.50,30348.50,0.00
2026-06-30 10:06:30,30348.75,30352.75,30348.25,30352.25,130,30352.25,30352.25,0.00
2026-06-30 10:06:31,30352.00,30357.00,30349.75,30352.50,214,30352.50,30352.50,0.00
2026-06-30 10:06:32,30353.00,30356.50,30352.50,30355.25,97,30355.25,30355.25,0.00
2026-06-30 10:06:33,30355.50,30356.00,30353.25,30355.25,130,30355.25,30355.25,0.00
2026-06-30 10:06:34,30355.25,30359.00,30351.50,30355.00,217,30355.00,30355.00,0.00
2026-06-30 10:06:35,30355.50,30360.50,30355.00,30358.25,131,30358.25,30358.25,0.00
2026-06-30 10:06:36,30358.75,30362.50,30357.00,30358.75,143,30358.75,30358.75,0.00
2026-06-30 10:06:37,30359.25,30360.75,30358.75,30359.75,66,30359.75,30359.75,0.00
2026-06-30 10:06:38,30358.75,30358.75,30353.50,30353.50,106,30353.50,30353.50,0.00
2026-06-30 10:06:39,30354.00,30355.50,30353.50,30355.25,81,30355.25,30355.25,0.00
2026-06-30 10:06:40,30354.50,30355.00,30348.00,30348.50,99,30348.50,30348.50,0.00
2026-06-30 10:06:41,30348.25,30348.25,30345.75,30346.50,48,30346.50,30346.50,0.00
2026-06-30 10:06:42,30347.00,30350.00,30347.00,30348.00,133,30348.00,30348.00,0.00
2026-06-30 10:06:43,30347.25,30348.50,30346.50,30347.50,87,30347.50,30347.50,0.00
2026-06-30 10:06:44,30346.00,30349.00,30344.25,30347.00,124,30347.00,30347.00,0.00
2026-06-30 10:06:45,30347.50,30350.00,30347.00,30349.00,77,30349.00,30349.00,0.00
2026-06-30 10:06:46,30348.50,30351.50,30347.75,30350.25,75,30350.25,30350.25,0.00
2026-06-30 10:06:47,30350.00,30351.50,30346.75,30347.50,137,30347.50,30347.50,0.00
2026-06-30 10:06:48,30347.00,30350.00,30347.00,30349.00,90,30349.00,30349.00,0.00
2026-06-30 10:06:49,30348.50,30351.00,30347.75,30349.00,114,30349.00,30349.00,0.00
2026-06-30 10:06:50,30348.50,30350.75,30348.50,30349.00,94,30349.00,30349.00,0.00
2026-06-30 10:06:51,30349.25,30350.00,30346.75,30348.25,103,30348.25,30348.25,0.00
2026-06-30 10:06:52,30348.50,30348.50,30343.75,30345.00,186,30345.00,30345.00,0.00
2026-06-30 10:06:53,30344.75,30344.75,30340.75,30341.50,240,30341.50,30341.50,0.00
2026-06-30 10:06:54,30341.75,30345.25,30341.75,30344.50,174,30344.50,30344.50,0.00
2026-06-30 10:06:55,30344.25,30346.00,30337.50,30340.50,504,30340.50,30340.50,0.00
2026-06-30 10:06:56,30340.50,30340.50,30335.75,30336.75,207,30336.75,30336.75,0.00
2026-06-30 10:06:57,30336.25,30342.25,30334.25,30340.50,325,30340.50,30340.50,0.00
2026-06-30 10:06:58,30341.25,30342.00,30338.50,30339.75,172,30339.75,30339.75,0.00
2026-06-30 10:06:59,30340.00,30340.00,30336.75,30337.50,100,30337.50,30337.50,0.00
2026-06-30 10:07:00,30337.00,30340.00,30336.25,30337.50,115,30337.50,30337.50,0.00
2026-06-30 10:07:01,30337.50,30342.25,30337.50,30341.00,183,30341.00,30341.00,0.00
2026-06-30 10:07:02,30340.50,30341.00,30337.00,30337.75,149,30337.75,30337.75,0.00
2026-06-30 10:07:03,30337.25,30338.75,30335.25,30336.25,141,30336.25,30336.25,0.00
2026-06-30 10:07:04,30336.75,30343.75,30336.50,30343.75,143,30343.75,30343.75,0.00
2026-06-30 10:07:05,30343.75,30351.25,30341.50,30350.25,279,30350.25,30350.25,0.00
2026-06-30 10:07:06,30350.75,30354.00,30350.50,30353.50,273,30353.50,30353.50,0.00
2026-06-30 10:07:07,30353.50,30358.00,30352.00,30357.25,367,30357.25,30357.25,0.00
2026-06-30 10:07:08,30356.75,30359.50,30356.75,30358.50,232,30358.50,30358.50,0.00
2026-06-30 10:07:09,30359.00,30360.00,30355.50,30357.75,236,30357.75,30357.75,0.00
2026-06-30 10:07:10,30358.00,30358.75,30353.75,30354.00,140,30354.00,30354.00,0.00
2026-06-30 10:07:11,30353.75,30354.50,30351.50,30352.00,150,30352.00,30352.00,0.00
2026-06-30 10:07:12,30352.25,30352.25,30349.75,30350.25,95,30350.25,30350.25,0.00
2026-06-30 10:07:13,30350.50,30350.50,30345.25,30346.25,147,30346.25,30346.25,0.00
2026-06-30 10:07:14,30346.75,30346.75,30341.00,30343.00,141,30343.00,30343.00,0.00
2026-06-30 10:07:15,30343.50,30343.50,30340.75,30342.25,117,30342.25,30342.25,0.00
2026-06-30 10:07:16,30342.00,30345.25,30340.50,30343.50,103,30343.50,30343.50,0.00
2026-06-30 10:07:17,30343.25,30345.25,30340.75,30344.50,113,30344.50,30344.50,0.00
2026-06-30 10:07:18,30344.25,30345.00,30341.75,30343.25,76,30343.25,30343.25,0.00
2026-06-30 10:07:19,30343.50,30349.75,30343.50,30349.00,132,30349.00,30349.00,0.00
2026-06-30 10:07:20,30348.50,30352.75,30348.00,30351.00,156,30351.00,30351.00,0.00
2026-06-30 10:07:21,30351.00,30351.25,30348.50,30350.00,79,30350.00,30350.00,0.00
2026-06-30 10:07:22,30349.75,30352.25,30348.50,30348.50,64,30348.50,30348.50,0.00
2026-06-30 10:07:23,30348.75,30348.75,30344.25,30344.50,68,30344.50,30344.50,0.00
2026-06-30 10:07:24,30343.50,30345.50,30341.50,30344.50,105,30344.50,30344.50,0.00
2026-06-30 10:07:25,30344.75,30345.25,30342.00,30344.00,121,30344.00,30344.00,0.00
2026-06-30 10:07:26,30343.75,30344.00,30340.75,30341.50,96,30341.50,30341.50,0.00
2026-06-30 10:07:27,30341.75,30344.00,30340.75,30343.50,82,30343.50,30343.50,0.00
2026-06-30 10:07:28,30343.75,30344.50,30341.75,30344.00,73,30344.00,30344.00,0.00
2026-06-30 10:07:29,30343.50,30348.50,30343.50,30345.50,125,30345.50,30345.50,0.00
2026-06-30 10:07:30,30344.75,30348.00,30344.25,30345.75,85,30345.75,30345.75,0.00
2026-06-30 10:07:31,30345.75,30346.00,30341.25,30345.50,95,30345.50,30345.50,0.00
2026-06-30 10:07:32,30345.25,30352.50,30345.25,30351.50,141,30351.50,30351.50,0.00
2026-06-30 10:07:33,30351.00,30353.00,30346.50,30347.50,98,30347.50,30347.50,0.00
2026-06-30 10:07:34,30348.00,30351.25,30348.00,30349.25,96,30349.25,30349.25,0.00
2026-06-30 10:07:35,30350.25,30350.25,30347.50,30349.00,78,30349.00,30349.00,0.00
2026-06-30 10:07:36,30348.25,30349.00,30346.00,30348.50,96,30348.50,30348.50,0.00
2026-06-30 10:07:37,30348.50,30351.00,30348.25,30350.50,95,30350.50,30350.50,0.00
2026-06-30 10:07:38,30349.50,30350.50,30345.75,30346.75,110,30346.75,30346.75,0.00
2026-06-30 10:07:39,30347.00,30348.50,30345.75,30348.00,69,30348.00,30348.00,0.00
2026-06-30 10:07:40,30345.50,30346.75,30344.25,30344.25,74,30344.25,30344.25,0.00
2026-06-30 10:07:41,30344.50,30345.00,30341.00,30342.50,194,30342.50,30342.50,0.00
2026-06-30 10:07:42,30342.75,30343.50,30339.00,30340.00,146,30340.00,30340.00,0.00
2026-06-30 10:07:43,30340.00,30341.25,30338.50,30338.50,89,30338.50,30338.50,0.00
2026-06-30 10:07:44,30338.50,30338.50,30333.25,30334.50,413,30334.50,30334.50,0.00
2026-06-30 10:07:45,30334.25,30337.00,30333.75,30336.00,205,30336.00,30336.00,0.00
2026-06-30 10:07:46,30336.50,30339.25,30336.00,30338.75,136,30338.75,30338.75,0.00
2026-06-30 10:07:47,30338.50,30339.00,30333.50,30337.50,140,30337.50,30337.50,0.00
2026-06-30 10:07:48,30337.00,30339.00,30336.50,30338.50,97,30338.50,30338.50,0.00
2026-06-30 10:07:49,30338.75,30343.00,30336.50,30341.00,234,30341.00,30341.00,0.00
2026-06-30 10:07:50,30340.75,30341.75,30337.25,30338.75,69,30338.75,30338.75,0.00
2026-06-30 10:07:51,30339.00,30342.00,30338.50,30341.25,69,30341.25,30341.25,0.00
2026-06-30 10:07:52,30340.75,30341.25,30337.25,30339.50,69,30339.50,30339.50,0.00
2026-06-30 10:07:53,30339.75,30341.25,30338.00,30340.25,42,30340.25,30340.25,0.00
2026-06-30 10:07:54,30339.75,30343.25,30339.00,30343.00,136,30343.00,30343.00,0.00
2026-06-30 10:07:55,30343.00,30343.25,30341.25,30341.25,36,30341.25,30341.25,0.00
2026-06-30 10:07:56,30342.25,30346.50,30338.75,30339.50,152,30339.50,30339.50,0.00
2026-06-30 10:07:57,30339.25,30344.25,30339.25,30341.75,70,30341.75,30341.75,0.00
2026-06-30 10:07:58,30342.50,30343.00,30341.00,30341.00,52,30341.00,30341.00,0.00
2026-06-30 10:07:59,30341.00,30342.00,30340.75,30341.00,27,30341.00,30341.00,0.00
2026-06-30 10:08:00,30341.50,30342.75,30341.25,30342.25,29,30342.25,30342.25,0.00
2026-06-30 10:08:01,30341.25,30344.50,30341.25,30343.25,146,30343.25,30343.25,0.00
2026-06-30 10:08:02,30343.50,30351.00,30343.50,30350.75,286,30350.75,30350.75,0.00
2026-06-30 10:08:03,30350.75,30354.25,30350.75,30353.75,287,30353.75,30353.75,0.00
2026-06-30 10:08:04,30354.25,30359.00,30354.00,30355.75,314,30355.75,30355.75,0.00
2026-06-30 10:08:05,30355.75,30358.25,30355.25,30358.00,127,30358.00,30358.00,0.00
2026-06-30 10:08:06,30357.50,30358.00,30354.00,30356.25,154,30356.25,30356.25,0.00
2026-06-30 10:08:07,30355.75,30357.25,30355.00,30356.00,98,30356.00,30356.00,0.00
2026-06-30 10:08:08,30356.50,30356.75,30352.00,30353.25,111,30353.25,30353.25,0.00
2026-06-30 10:08:09,30353.00,30353.00,30348.25,30350.50,132,30350.50,30350.50,0.00
2026-06-30 10:08:10,30350.50,30350.75,30348.25,30349.50,70,30349.50,30349.50,0.00
2026-06-30 10:08:11,30349.00,30350.25,30348.00,30348.75,49,30348.75,30348.75,0.00
2026-06-30 10:08:12,30349.25,30352.25,30348.75,30349.75,61,30349.75,30349.75,0.00
2026-06-30 10:08:13,30349.25,30354.00,30349.25,30353.50,100,30353.50,30353.50,0.00
2026-06-30 10:08:14,30353.50,30358.75,30352.00,30355.00,126,30355.00,30355.00,0.00
2026-06-30 10:08:15,30355.00,30355.00,30353.00,30353.50,99,30353.50,30353.50,0.00
2026-06-30 10:08:16,30353.25,30354.50,30351.75,30354.50,101,30354.50,30354.50,0.00
2026-06-30 10:08:17,30354.00,30356.25,30353.00,30353.25,96,30353.25,30353.25,0.00
2026-06-30 10:08:18,30353.75,30354.00,30348.50,30348.50,154,30348.50,30348.50,0.00
2026-06-30 10:08:19,30348.25,30350.25,30346.75,30348.75,63,30348.75,30348.75,0.00
2026-06-30 10:08:20,30348.50,30348.50,30343.75,30343.75,129,30343.75,30343.75,0.00
2026-06-30 10:08:21,30344.00,30347.25,30344.00,30346.00,87,30346.00,30346.00,0.00
2026-06-30 10:08:22,30345.25,30346.75,30343.75,30345.50,180,30345.50,30345.50,0.00
2026-06-30 10:08:23,30345.50,30349.50,30345.25,30348.75,105,30348.75,30348.75,0.00
2026-06-30 10:08:24,30349.50,30351.00,30349.00,30350.00,82,30350.00,30350.00,0.00
2026-06-30 10:08:25,30349.75,30353.75,30348.75,30352.50,118,30352.50,30352.50,0.00
2026-06-30 10:08:26,30352.25,30354.25,30350.50,30352.50,105,30352.50,30352.50,0.00
2026-06-30 10:08:27,30352.25,30354.75,30351.75,30352.25,82,30352.25,30352.25,0.00
2026-06-30 10:08:28,30352.00,30353.25,30351.00,30351.25,42,30351.25,30351.25,0.00
2026-06-30 10:08:29,30351.00,30353.50,30349.00,30351.00,94,30351.00,30351.00,0.00
2026-06-30 10:08:30,30350.75,30352.00,30349.50,30350.25,71,30350.25,30350.25,0.00
2026-06-30 10:08:31,30351.00,30352.75,30349.25,30349.50,44,30349.50,30349.50,0.00
2026-06-30 10:08:32,30350.00,30354.25,30350.00,30352.75,99,30352.75,30352.75,0.00
2026-06-30 10:08:33,30353.00,30356.25,30352.00,30355.25,114,30355.25,30355.25,0.00
2026-06-30 10:08:34,30354.25,30355.00,30352.75,30353.50,96,30353.50,30353.50,0.00
2026-06-30 10:08:35,30353.00,30353.50,30351.25,30352.00,119,30352.00,30352.00,0.00
2026-06-30 10:08:36,30352.25,30354.00,30346.75,30346.75,122,30346.75,30346.75,0.00
2026-06-30 10:08:37,30347.00,30348.75,30344.75,30348.75,133,30348.75,30348.75,0.00
2026-06-30 10:08:38,30348.75,30349.75,30345.75,30347.00,122,30347.00,30347.00,0.00
2026-06-30 10:08:39,30346.75,30348.00,30343.00,30343.75,99,30343.75,30343.75,0.00
2026-06-30 10:08:40,30343.75,30347.75,30343.50,30347.75,177,30347.75,30347.75,0.00
2026-06-30 10:08:41,30348.00,30350.00,30347.25,30349.75,75,30349.75,30349.75,0.00
2026-06-30 10:08:42,30349.75,30349.75,30347.25,30347.50,88,30347.50,30347.50,0.00
2026-06-30 10:08:43,30347.00,30350.25,30347.00,30350.00,97,30350.00,30350.00,0.00
2026-06-30 10:08:44,30349.75,30351.25,30349.25,30350.25,48,30350.25,30350.25,0.00
2026-06-30 10:08:45,30350.25,30351.00,30348.00,30348.25,46,30348.25,30348.25,0.00
2026-06-30 10:08:46,30348.50,30349.00,30347.00,30347.50,84,30347.50,30347.50,0.00
2026-06-30 10:08:47,30347.75,30351.25,30347.25,30351.25,98,30351.25,30351.25,0.00
2026-06-30 10:08:48,30350.50,30353.00,30349.25,30350.50,81,30350.50,30350.50,0.00
2026-06-30 10:08:49,30349.50,30349.75,30336.50,30337.75,435,30337.75,30337.75,0.00
2026-06-30 10:08:50,30338.25,30339.75,30337.75,30339.00,96,30339.00,30339.00,0.00
2026-06-30 10:08:51,30339.00,30339.75,30337.50,30338.50,97,30338.50,30338.50,0.00
2026-06-30 10:08:52,30339.00,30340.00,30338.25,30338.25,52,30338.25,30338.25,0.00
2026-06-30 10:08:53,30337.25,30339.25,30336.50,30338.50,98,30338.50,30338.50,0.00
2026-06-30 10:08:54,30338.50,30338.75,30337.25,30337.50,58,30337.50,30337.50,0.00
2026-06-30 10:08:55,30338.00,30341.75,30337.75,30341.50,127,30341.50,30341.50,0.00
2026-06-30 10:08:56,30340.75,30343.00,30340.25,30342.25,119,30342.25,30342.25,0.00
2026-06-30 10:08:57,30342.25,30342.50,30340.50,30342.00,41,30342.00,30342.00,0.00
2026-06-30 10:08:58,30341.50,30342.50,30340.25,30341.75,41,30341.75,30341.75,0.00
2026-06-30 10:08:59,30342.00,30346.50,30342.00,30346.25,149,30346.25,30346.25,0.00
2026-06-30 10:09:00,30346.00,30352.75,30345.50,30350.00,119,30350.00,30350.00,0.00
2026-06-30 10:09:01,30350.00,30350.50,30347.25,30347.75,86,30347.75,30347.75,0.00
2026-06-30 10:09:02,30347.25,30347.25,30344.25,30345.50,131,30345.50,30345.50,0.00
2026-06-30 10:09:03,30345.00,30346.50,30342.00,30342.00,185,30342.00,30342.00,0.00
2026-06-30 10:09:04,30341.75,30342.50,30339.75,30342.25,104,30342.25,30342.25,0.00
2026-06-30 10:09:05,30342.50,30344.50,30341.75,30343.50,95,30343.50,30343.50,0.00
2026-06-30 10:09:06,30343.50,30343.75,30341.75,30342.50,73,30342.50,30342.50,0.00
2026-06-30 10:09:07,30342.50,30343.25,30341.00,30343.25,83,30343.25,30343.25,0.00
2026-06-30 10:09:08,30344.50,30346.75,30343.75,30345.00,105,30345.00,30345.00,0.00
2026-06-30 10:09:09,30345.25,30346.00,30340.50,30341.75,232,30341.75,30341.75,0.00
2026-06-30 10:09:10,30342.25,30343.25,30336.75,30338.25,195,30338.25,30338.25,0.00
2026-06-30 10:09:11,30338.75,30339.75,30336.75,30337.25,146,30337.25,30337.25,0.00
2026-06-30 10:09:12,30337.50,30338.50,30331.50,30334.75,425,30334.75,30334.75,0.00
2026-06-30 10:09:13,30335.50,30336.50,30328.00,30328.25,382,30328.25,30328.25,0.00
2026-06-30 10:09:14,30328.00,30328.25,30321.00,30325.25,843,30325.25,30325.25,0.00
2026-06-30 10:09:15,30325.75,30327.25,30325.00,30326.00,246,30326.00,30326.00,0.00
2026-06-30 10:09:16,30325.25,30328.50,30324.75,30328.25,208,30328.25,30328.25,0.00
2026-06-30 10:09:17,30328.25,30330.00,30326.00,30327.75,165,30327.75,30327.75,0.00
2026-06-30 10:09:18,30328.00,30329.50,30326.75,30327.75,144,30327.75,30327.75,0.00
2026-06-30 10:09:19,30327.50,30327.75,30323.00,30323.75,180,30323.75,30323.75,0.00
2026-06-30 10:09:20,30324.25,30328.00,30323.25,30326.00,302,30326.00,30326.00,0.00
2026-06-30 10:09:21,30326.00,30331.00,30325.00,30329.00,248,30329.00,30329.00,0.00
2026-06-30 10:09:22,30328.50,30330.75,30328.50,30330.75,73,30330.75,30330.75,0.00
2026-06-30 10:09:23,30330.75,30334.50,30330.75,30333.00,170,30333.00,30333.00,0.00
2026-06-30 10:09:24,30333.00,30335.25,30332.00,30334.75,156,30334.75,30334.75,0.00
2026-06-30 10:09:25,30334.75,30336.25,30332.00,30336.25,178,30336.25,30336.25,0.00
2026-06-30 10:09:26,30336.50,30336.75,30333.00,30334.00,118,30334.00,30334.00,0.00
2026-06-30 10:09:27,30334.00,30336.75,30333.25,30335.75,112,30335.75,30335.75,0.00
2026-06-30 10:09:28,30336.25,30338.50,30331.75,30331.75,208,30331.75,30331.75,0.00
2026-06-30 10:09:29,30332.50,30337.25,30332.50,30334.75,154,30334.75,30334.75,0.00
2026-06-30 10:09:30,30335.00,30338.75,30334.50,30337.00,259,30337.00,30337.00,0.00
2026-06-30 10:09:31,30337.75,30341.75,30335.00,30338.00,271,30338.00,30338.00,0.00
2026-06-30 10:09:32,30337.75,30338.00,30334.25,30337.25,125,30337.25,30337.25,0.00
2026-06-30 10:09:33,30337.00,30341.50,30337.00,30340.25,158,30340.25,30340.25,0.00
2026-06-30 10:09:34,30340.00,30341.00,30336.75,30337.50,84,30337.50,30337.50,0.00
2026-06-30 10:09:35,30338.00,30342.25,30337.50,30340.50,118,30340.50,30340.50,0.00
2026-06-30 10:09:36,30341.25,30341.25,30333.75,30335.50,151,30335.50,30335.50,0.00
2026-06-30 10:09:37,30335.50,30336.50,30332.50,30333.50,125,30333.50,30333.50,0.00
2026-06-30 10:09:38,30333.50,30333.75,30328.00,30329.00,128,30329.00,30329.00,0.00
2026-06-30 10:09:39,30329.25,30333.50,30329.25,30332.50,132,30332.50,30332.50,0.00
2026-06-30 10:09:40,30332.00,30334.00,30331.00,30332.50,98,30332.50,30332.50,0.00
2026-06-30 10:09:41,30333.00,30336.25,30331.50,30332.75,82,30332.75,30332.75,0.00
2026-06-30 10:09:42,30333.00,30333.50,30332.25,30332.75,33,30332.75,30332.75,0.00
2026-06-30 10:09:43,30332.00,30333.00,30330.50,30331.25,95,30331.25,30331.25,0.00
2026-06-30 10:09:44,30331.00,30332.50,30328.50,30329.00,104,30329.00,30329.00,0.00
2026-06-30 10:09:45,30329.50,30334.25,30329.50,30333.00,130,30333.00,30333.00,0.00
2026-06-30 10:09:46,30334.25,30334.25,30330.00,30330.00,119,30330.00,30330.00,0.00
2026-06-30 10:09:47,30330.25,30333.00,30330.00,30330.00,80,30330.00,30330.00,0.00
2026-06-30 10:09:48,30330.75,30333.50,30329.50,30329.75,73,30329.75,30329.75,0.00
2026-06-30 10:09:49,30330.25,30330.50,30320.50,30324.75,484,30324.75,30324.75,0.00
2026-06-30 10:09:50,30324.75,30325.75,30322.75,30324.00,151,30324.00,30324.00,0.00
2026-06-30 10:09:51,30324.00,30324.75,30323.25,30324.25,90,30324.25,30324.25,0.00
2026-06-30 10:09:52,30324.50,30324.75,30323.00,30324.50,91,30324.50,30324.50,0.00
2026-06-30 10:09:53,30325.25,30328.00,30324.25,30324.75,109,30324.75,30324.75,0.00
2026-06-30 10:09:54,30325.00,30328.25,30325.00,30326.25,81,30326.25,30326.25,0.00
2026-06-30 10:09:55,30326.50,30328.50,30326.50,30328.00,84,30328.00,30328.00,0.00
2026-06-30 10:09:56,30328.50,30335.25,30328.50,30334.25,100,30334.25,30334.25,0.00
2026-06-30 10:09:57,30334.50,30336.50,30333.50,30336.50,111,30336.50,30336.50,0.00
2026-06-30 10:09:58,30336.50,30338.00,30334.50,30334.50,154,30334.50,30334.50,0.00
2026-06-30 10:09:59,30334.75,30335.25,30333.00,30333.00,63,30333.00,30333.00,0.00
2026-06-30 10:10:00,30332.75,30334.75,30332.50,30334.25,44,30334.00,30334.50,0.50
2026-06-30 10:10:01,30334.00,30337.50,30332.25,30334.25,288,30331.00,30331.25,0.25
2026-06-30 10:10:02,30334.75,30335.50,30330.25,30331.50,139,30319.25,30319.75,0.50
2026-06-30 10:10:03,30331.00,30331.00,30318.25,30319.25,375,30319.00,30319.50,0.50
2026-06-30 10:10:04,30319.50,30320.50,30317.00,30319.50,261,30319.00,30319.50,0.50
2026-06-30 10:10:05,30319.25,30328.00,30318.00,30327.25,276,30323.25,30324.00,0.75
2026-06-30 10:10:06,30326.75,30328.75,30323.75,30323.75,146,30323.25,30324.00,0.75
2026-06-30 10:10:07,30323.25,30324.00,30320.50,30321.25,127,30324.75,30325.25,0.50
2026-06-30 10:10:08,30321.75,30325.50,30321.75,30325.25,128,30323.50,30324.25,0.75
2026-06-30 10:10:09,30325.50,30325.50,30322.00,30323.50,105,30325.75,30326.50,0.75
2026-06-30 10:10:10,30324.25,30326.25,30323.50,30326.25,83,30328.25,30328.75,0.50
2026-06-30 10:10:11,30326.50,30330.25,30326.25,30329.00,169,30328.25,30328.75,0.50
2026-06-30 10:10:12,30328.75,30330.25,30327.50,30329.50,91,30325.75,30326.25,0.50
2026-06-30 10:10:13,30329.50,30329.75,30326.00,30326.00,95,30329.25,30329.75,0.50
2026-06-30 10:10:14,30325.25,30329.25,30323.50,30329.25,258,30327.00,30327.50,0.50
2026-06-30 10:10:15,30330.00,30332.00,30326.50,30327.50,170,30327.50,30328.00,0.50
2026-06-30 10:10:16,30327.50,30328.50,30325.75,30327.50,94,30335.75,30336.25,0.50
2026-06-30 10:10:17,30327.75,30338.50,30326.25,30335.75,288,30335.75,30336.25,0.50
2026-06-30 10:10:18,30336.00,30338.50,30333.50,30336.50,161,30335.75,30336.25,0.50
2026-06-30 10:10:19,30336.25,30345.75,30335.75,30344.50,353,30341.00,30341.50,0.50
2026-06-30 10:10:20,30345.00,30346.50,30339.75,30341.75,330,30341.00,30341.50,0.50
2026-06-30 10:10:21,30341.25,30341.25,30338.50,30338.75,229,30338.50,30339.00,0.50
2026-06-30 10:10:22,30338.75,30340.75,30332.50,30334.75,266,30334.75,30335.25,0.50
2026-06-30 10:10:23,30335.25,30336.75,30332.50,30335.00,128,30322.75,30323.25,0.50
2026-06-30 10:10:24,30334.25,30334.75,30322.50,30322.75,200,30320.50,30321.00,0.50
2026-06-30 10:10:25,30323.00,30325.25,30320.75,30321.25,178,30320.50,30321.00,0.50
2026-06-30 10:10:26,30320.75,30321.25,30318.50,30318.50,161,30319.00,30319.25,0.25
2026-06-30 10:10:27,30318.50,30319.50,30313.50,30315.00,433,30313.75,30314.50,0.75
2026-06-30 10:10:28,30315.25,30315.75,30312.75,30314.50,230,30314.75,30315.25,0.50
2026-06-30 10:10:29,30314.50,30315.50,30309.75,30314.75,392,30309.50,30310.00,0.50
2026-06-30 10:10:30,30314.75,30314.75,30309.25,30309.75,205,30308.25,30308.75,0.50
2026-06-30 10:10:31,30310.00,30312.75,30308.00,30309.00,304,30308.25,30308.75,0.50
2026-06-30 10:10:32,30308.75,30309.75,30306.75,30307.50,246,30310.75,30311.50,0.75
2026-06-30 10:10:33,30307.00,30312.25,30305.75,30311.50,304,30312.00,30312.50,0.50
2026-06-30 10:10:34,30311.00,30314.25,30310.75,30312.00,195,30314.25,30315.00,0.75
2026-06-30 10:10:35,30312.50,30316.00,30312.00,30314.75,191,30314.25,30315.00,0.75
2026-06-30 10:10:36,30314.75,30316.75,30312.75,30314.75,116,30308.50,30309.00,0.50
2026-06-30 10:10:37,30315.00,30315.00,30308.00,30309.50,202,30308.50,30309.00,0.50
2026-06-30 10:10:38,30308.75,30316.75,30308.75,30311.25,223,30307.00,30307.75,0.75
2026-06-30 10:10:39,30311.00,30312.50,30307.25,30307.25,165,30310.25,30310.75,0.50
2026-06-30 10:10:40,30308.25,30311.25,30308.25,30310.50,173,30310.25,30310.75,0.50
2026-06-30 10:10:41,30310.50,30312.00,30309.25,30311.50,113,30316.00,30316.50,0.50
2026-06-30 10:10:42,30311.50,30316.50,30311.25,30316.25,176,30314.75,30315.25,0.50
2026-06-30 10:10:43,30316.00,30318.50,30313.25,30315.00,123,30310.00,30310.25,0.25
2026-06-30 10:10:44,30315.25,30315.50,30310.00,30310.50,134,30311.25,30311.75,0.50
2026-06-30 10:10:45,30309.75,30312.50,30309.25,30312.50,102,30311.00,30311.75,0.75
2026-06-30 10:10:46,30311.25,30313.75,30310.00,30311.50,148,30312.25,30312.75,0.50
2026-06-30 10:10:47,30312.00,30314.25,30310.50,30312.50,132,30311.25,30311.75,0.50
2026-06-30 10:10:48,30312.75,30315.50,30310.75,30311.25,198,30310.75,30311.00,0.25
2026-06-30 10:10:49,30311.25,30312.75,30310.00,30310.75,77,30312.25,30312.75,0.50
2026-06-30 10:10:50,30310.75,30313.75,30306.50,30312.00,310,30313.00,30313.50,0.50
2026-06-30 10:10:51,30312.25,30313.25,30310.50,30312.75,107,30313.25,30313.75,0.50
2026-06-30 10:10:52,30313.50,30315.25,30311.25,30313.50,132,30315.00,30315.50,0.50
2026-06-30 10:10:53,30313.75,30317.75,30313.25,30315.25,261,30318.00,30318.75,0.75
2026-06-30 10:10:54,30315.50,30318.75,30315.25,30318.75,131,30319.50,30320.00,0.50
2026-06-30 10:10:55,30318.50,30322.25,30318.25,30319.50,188,30321.00,30321.25,0.25
2026-06-30 10:10:56,30320.00,30321.75,30318.75,30320.75,95,30319.25,30319.75,0.50
2026-06-30 10:10:57,30321.00,30321.25,30318.50,30319.25,56,30317.75,30318.00,0.25
2026-06-30 10:10:58,30319.00,30319.00,30317.25,30317.75,87,30328.50,30329.25,0.75
2026-06-30 10:10:59,30317.00,30329.50,30316.75,30329.00,327,30327.00,30327.50,0.50
2026-06-30 10:11:00,30329.25,30332.50,30327.00,30327.00,259,30324.75,30325.25,0.50
2026-06-30 10:11:01,30327.50,30329.50,30323.50,30324.75,183,30330.25,30330.75,0.50
2026-06-30 10:11:02,30324.50,30330.75,30324.50,30330.00,162,30328.50,30329.00,0.50
2026-06-30 10:11:03,30330.25,30331.00,30326.75,30329.25,146,30328.75,30329.50,0.75
2026-06-30 10:11:04,30328.75,30329.75,30325.50,30329.00,145,30328.00,30328.50,0.50
2026-06-30 10:11:05,30329.25,30329.50,30327.25,30328.75,87,30322.75,30323.00,0.25
2026-06-30 10:11:06,30328.00,30329.50,30323.25,30323.25,126,30322.75,30323.00,0.25
2026-06-30 10:11:07,30323.00,30334.00,30322.25,30334.00,274,30346.50,30347.25,0.75
2026-06-30 10:11:08,30333.50,30349.50,30332.50,30347.50,723,30346.50,30347.25,0.75
2026-06-30 10:11:09,30347.00,30362.25,30346.50,30359.50,924,30359.50,30360.00,0.50
2026-06-30 10:11:10,30360.00,30367.25,30358.50,30362.50,753,30361.75,30362.50,0.75
2026-06-30 10:11:11,30362.25,30367.00,30360.75,30365.50,451,30356.25,30356.75,0.50
2026-06-30 10:11:12,30364.75,30365.50,30356.50,30356.50,364,30354.50,30355.00,0.50
2026-06-30 10:11:13,30356.50,30357.75,30353.50,30354.75,251,30356.50,30357.00,0.50
2026-06-30 10:11:14,30355.00,30356.50,30353.00,30356.00,240,30356.50,30357.00,0.50
2026-06-30 10:11:15,30356.75,30360.00,30355.25,30359.00,173,30356.00,30356.50,0.50
2026-06-30 10:11:16,30359.00,30360.75,30356.00,30356.00,174,30354.75,30355.25,0.50
2026-06-30 10:11:17,30356.50,30357.25,30354.50,30355.00,128,30356.75,30357.25,0.50
2026-06-30 10:11:18,30355.25,30359.50,30354.00,30357.00,242,30357.50,30358.00,0.50
2026-06-30 10:11:19,30356.75,30363.00,30356.75,30358.00,166,30354.00,30354.50,0.50
2026-06-30 10:11:20,30357.50,30359.25,30354.00,30354.00,181,30355.00,30355.50,0.50
2026-06-30 10:11:21,30354.00,30355.75,30352.50,30355.75,161,30356.25,30356.50,0.25
2026-06-30 10:11:22,30355.50,30356.50,30353.00,30356.50,80,30357.00,30357.50,0.50
2026-06-30 10:11:23,30356.50,30358.25,30354.75,30357.75,89,30361.75,30362.25,0.50
2026-06-30 10:11:24,30357.00,30363.50,30357.00,30362.00,152,30358.50,30359.00,0.50
2026-06-30 10:11:25,30361.75,30362.50,30358.00,30359.25,117,30357.75,30358.25,0.50
2026-06-30 10:11:26,30358.50,30360.00,30357.50,30358.25,117,30357.75,30358.25,0.50
2026-06-30 10:11:27,30358.00,30360.25,30356.50,30357.25,102,30354.50,30355.00,0.50
2026-06-30 10:11:28,30356.75,30357.50,30353.75,30354.75,146,30347.00,30347.50,0.50
2026-06-30 10:11:29,30354.50,30355.25,30347.00,30347.25,222,30347.00,30347.25,0.25
2026-06-30 10:11:30,30347.00,30348.50,30344.50,30347.25,214,30347.00,30347.25,0.25
2026-06-30 10:11:31,30347.00,30350.50,30346.25,30346.75,171,30346.00,30346.50,0.50
2026-06-30 10:11:32,30346.75,30348.00,30345.50,30346.50,78,30347.00,30347.50,0.50
2026-06-30 10:11:33,30346.00,30347.50,30344.00,30347.25,158,30348.00,30348.50,0.50
2026-06-30 10:11:34,30347.25,30349.75,30345.75,30348.25,132,30345.00,30345.50,0.50
2026-06-30 10:11:35,30348.75,30349.50,30344.75,30344.75,97,30350.00,30350.50,0.50
2026-06-30 10:11:36,30346.25,30350.75,30346.25,30349.75,92,30350.75,30351.25,0.50
2026-06-30 10:11:37,30349.75,30352.25,30348.75,30351.25,132,30352.25,30352.50,0.25
2026-06-30 10:11:38,30350.50,30352.75,30348.25,30352.75,104,30350.00,30350.50,0.50
2026-06-30 10:11:39,30352.25,30352.25,30348.50,30350.25,84,30352.50,30353.00,0.50
2026-06-30 10:11:40,30350.25,30353.75,30350.00,30352.25,109,30352.00,30352.75,0.75
2026-06-30 10:11:41,30352.50,30352.50,30349.50,30352.50,86,30357.25,30357.75,0.50
2026-06-30 10:11:42,30352.75,30358.00,30351.50,30357.25,186,30356.00,30356.50,0.50
2026-06-30 10:11:43,30356.75,30357.50,30355.50,30356.50,126,30356.50,30357.00,0.50
2026-06-30 10:11:44,30356.00,30358.00,30355.25,30356.50,119,30356.50,30357.00,0.50
2026-06-30 10:11:45,30357.00,30359.75,30356.25,30357.25,84,30355.75,30356.25,0.50
2026-06-30 10:11:46,30357.00,30357.00,30354.00,30356.00,118,30355.00,30355.50,0.50
2026-06-30 10:11:47,30355.75,30356.75,30352.75,30355.25,114,30357.50,30358.00,0.50
2026-06-30 10:11:48,30355.25,30359.25,30355.25,30357.50,137,30357.50,30358.00,0.50
2026-06-30 10:11:49,30357.75,30360.50,30357.25,30358.00,112,30356.50,30356.75,0.25
2026-06-30 10:11:50,30358.00,30358.75,30356.25,30357.00,75,30356.25,30357.00,0.75
2026-06-30 10:11:51,30356.75,30357.75,30356.25,30357.00,53,30356.25,30357.00,0.75
2026-06-30 10:11:52,30356.75,30358.50,30356.25,30357.75,69,30356.25,30356.75,0.50
2026-06-30 10:11:53,30358.00,30358.50,30355.00,30356.50,82,30357.50,30358.00,0.50
2026-06-30 10:11:54,30357.00,30358.75,30356.00,30358.75,91,30363.50,30364.00,0.50
2026-06-30 10:11:55,30358.00,30364.00,30358.00,30363.50,182,30360.75,30361.00,0.25
2026-06-30 10:11:56,30363.50,30363.50,30360.50,30360.75,100,30359.50,30360.00,0.50
2026-06-30 10:11:57,30361.00,30362.25,30359.00,30359.50,71,30356.50,30357.00,0.50
2026-06-30 10:11:58,30359.50,30359.50,30355.00,30356.75,130,30356.75,30357.25,0.50
2026-06-30 10:11:59,30356.50,30356.75,30354.25,30356.75,83,30357.25,30357.75,0.50
2026-06-30 10:12:00,30356.75,30359.50,30356.75,30357.50,113,30356.50,30357.00,0.50
2026-06-30 10:12:01,30357.75,30359.50,30356.25,30357.50,121,30350.25,30350.75,0.50
2026-06-30 10:12:02,30356.75,30358.75,30349.25,30350.50,283,30356.00,30356.50,0.50
2026-06-30 10:12:03,30350.50,30357.25,30350.50,30356.00,188,30353.75,30354.25,0.50
2026-06-30 10:12:04,30356.00,30357.00,30354.00,30354.00,85,30351.25,30352.00,0.75
2026-06-30 10:12:05,30354.00,30356.75,30351.00,30351.75,209,30353.00,30353.50,0.50
2026-06-30 10:12:06,30352.00,30353.50,30350.50,30353.25,54,30355.00,30355.50,0.50
2026-06-30 10:12:07,30353.00,30355.50,30351.75,30355.25,92,30352.50,30353.00,0.50
2026-06-30 10:12:08,30355.75,30355.75,30352.50,30353.00,50,30348.50,30348.75,0.25
2026-06-30 10:12:09,30353.50,30353.50,30347.00,30349.00,200,30344.50,30345.00,0.50
2026-06-30 10:12:10,30348.50,30349.00,30343.25,30345.00,238,30344.50,30345.00,0.50
2026-06-30 10:12:11,30344.50,30345.25,30343.00,30343.25,189,30343.25,30343.75,0.50
2026-06-30 10:12:12,30343.25,30346.75,30338.25,30339.50,282,30336.00,30336.50,0.50
2026-06-30 10:12:13,30339.75,30339.75,30334.25,30336.75,320,30335.00,30335.50,0.50
2026-06-30 10:12:14,30336.50,30337.50,30333.00,30335.25,290,30337.00,30337.50,0.50
2026-06-30 10:12:15,30335.00,30337.75,30334.25,30337.25,134,30338.00,30338.50,0.50
2026-06-30 10:12:16,30337.50,30338.50,30334.75,30337.75,109,30336.25,30337.00,0.75
2026-06-30 10:12:17,30338.00,30338.50,30334.00,30335.50,134,30336.25,30337.00,0.75
2026-06-30 10:12:18,30336.50,30340.00,30335.50,30337.00,166,30337.00,30337.50,0.50
2026-06-30 10:12:19,30336.50,30339.50,30334.25,30338.25,122,30337.00,30337.50,0.50
2026-06-30 10:12:20,30338.00,30338.00,30333.75,30334.75,130,30336.25,30336.75,0.50
2026-06-30 10:12:21,30334.25,30337.25,30333.50,30336.25,98,30336.00,30336.50,0.50
2026-06-30 10:12:22,30336.75,30337.75,30334.50,30336.50,116,30337.50,30338.00,0.50
2026-06-30 10:12:23,30336.00,30338.75,30335.75,30337.75,100,30336.25,30337.00,0.75
2026-06-30 10:12:24,30338.00,30338.00,30333.00,30337.00,85,30341.25,30341.75,0.50
2026-06-30 10:12:25,30336.50,30342.75,30336.50,30341.25,155,30343.25,30343.75,0.50
2026-06-30 10:12:26,30341.50,30345.00,30341.00,30344.25,131,30343.25,30343.75,0.50
2026-06-30 10:12:27,30343.50,30345.00,30342.50,30344.50,86,30345.50,30346.00,0.50
2026-06-30 10:12:28,30343.75,30344.75,30342.00,30344.75,107,30345.50,30346.00,0.50
2026-06-30 10:12:29,30346.00,30347.00,30343.50,30345.00,129,30347.00,30347.50,0.50
2026-06-30 10:12:30,30345.50,30348.00,30344.25,30347.75,120,30347.00,30347.50,0.50
2026-06-30 10:12:31,30347.50,30353.00,30347.25,30348.75,249,30347.25,30347.75,0.50
2026-06-30 10:12:32,30348.25,30349.00,30346.75,30348.00,127,30347.25,30347.75,0.50
2026-06-30 10:12:33,30347.50,30347.50,30343.50,30344.25,105,30336.75,30337.25,0.50
2026-06-30 10:12:34,30344.00,30344.00,30335.75,30336.75,113,30337.50,30337.75,0.25
2026-06-30 10:12:35,30336.75,30338.00,30334.00,30337.75,155,30337.75,30338.25,0.50
2026-06-30 10:12:36,30337.50,30338.50,30335.75,30338.00,112,30334.75,30335.25,0.50
2026-06-30 10:12:37,30338.00,30338.75,30334.50,30335.00,132,30336.25,30336.75,0.50
2026-06-30 10:12:38,30334.75,30336.75,30332.00,30336.00,174,30333.75,30334.50,0.75
2026-06-30 10:12:39,30336.75,30339.25,30332.50,30334.50,147,30328.00,30328.75,0.75
2026-06-30 10:12:40,30333.25,30334.25,30326.75,30328.25,357,30330.75,30331.25,0.50
2026-06-30 10:12:41,30328.00,30331.00,30327.25,30331.00,175,30335.00,30335.75,0.75
2026-06-30 10:12:42,30331.25,30336.25,30330.75,30335.50,114,30334.00,30334.25,0.25
2026-06-30 10:12:43,30335.75,30336.50,30333.00,30333.75,120,30334.00,30334.25,0.25
2026-06-30 10:12:44,30334.25,30338.50,30332.75,30336.25,131,30335.00,30335.50,0.50
2026-06-30 10:12:45,30336.50,30336.75,30333.50,30335.25,86,30334.50,30335.00,0.50
2026-06-30 10:12:46,30335.00,30336.00,30333.75,30334.75,45,30336.00,30336.50,0.50
2026-06-30 10:12:47,30335.00,30336.75,30334.00,30336.25,54,30341.75,30342.25,0.50
2026-06-30 10:12:48,30336.50,30342.75,30336.50,30342.25,174,30337.50,30338.00,0.50
2026-06-30 10:12:49,30342.00,30342.50,30337.50,30337.50,74,30339.50,30340.00,0.50
2026-06-30 10:12:50,30338.00,30340.00,30338.00,30339.50,41,30341.25,30341.75,0.50
2026-06-30 10:12:51,30340.00,30342.00,30339.00,30341.75,98,30344.25,30344.75,0.50
2026-06-30 10:12:52,30342.00,30345.75,30342.00,30345.00,145,30344.75,30345.25,0.50
2026-06-30 10:12:53,30344.75,30346.50,30344.50,30345.50,98,30348.50,30349.00,0.50
2026-06-30 10:12:54,30344.75,30349.50,30344.75,30349.00,94,30348.50,30349.00,0.50
2026-06-30 10:12:55,30349.00,30352.25,30348.25,30348.75,144,30348.50,30349.00,0.50
2026-06-30 10:12:56,30348.50,30350.25,30347.50,30349.50,164,30349.25,30349.75,0.50
2026-06-30 10:12:57,30349.75,30350.25,30347.25,30347.75,98,30349.00,30349.50,0.50
2026-06-30 10:12:58,30348.25,30350.50,30347.00,30349.25,92,30348.00,30348.50,0.50
2026-06-30 10:12:59,30349.00,30353.25,30348.25,30348.50,163,30346.00,30346.50,0.50
2026-06-30 10:13:00,30348.50,30348.75,30345.50,30346.25,84,30347.25,30347.75,0.50
2026-06-30 10:13:01,30346.00,30348.25,30345.50,30347.75,64,30342.50,30343.00,0.50
2026-06-30 10:13:02,30348.25,30348.75,30339.25,30343.00,175,30344.50,30344.75,0.25
2026-06-30 10:13:03,30343.00,30345.75,30340.00,30344.50,142,30343.75,30344.25,0.50
2026-06-30 10:13:04,30344.75,30346.00,30344.00,30344.00,49,30342.50,30343.00,0.50
2026-06-30 10:13:05,30343.75,30346.75,30340.75,30343.00,77,30344.50,30344.75,0.25
2026-06-30 10:13:06,30343.00,30345.50,30342.75,30344.50,72,30347.75,30348.25,0.50
2026-06-30 10:13:07,30344.50,30349.75,30344.50,30348.75,109,30344.75,30345.25,0.50
2026-06-30 10:13:08,30348.25,30349.00,30344.25,30345.25,114,30338.50,30339.00,0.50
2026-06-30 10:13:09,30345.00,30345.75,30337.25,30338.00,136,30339.75,30340.25,0.50
2026-06-30 10:13:10,30338.50,30341.25,30338.25,30339.50,87,30342.25,30342.75,0.50
2026-06-30 10:13:11,30340.25,30342.00,30338.50,30342.00,111,30341.75,30342.25,0.50
2026-06-30 10:13:12,30342.50,30343.25,30340.75,30342.25,44,30347.75,30348.25,0.50
2026-06-30 10:13:13,30341.50,30349.25,30341.50,30347.75,106,30350.50,30351.00,0.50
2026-06-30 10:13:14,30347.00,30353.25,30347.00,30350.75,164,30350.75,30351.50,0.75
2026-06-30 10:13:15,30350.50,30351.75,30349.25,30351.50,96,30351.50,30352.00,0.50
2026-06-30 10:13:16,30351.50,30355.25,30350.25,30351.75,217,30351.50,30352.00,0.50
2026-06-30 10:13:17,30352.00,30353.00,30349.75,30351.75,96,30348.25,30348.75,0.50
2026-06-30 10:13:18,30351.50,30351.50,30347.25,30348.50,136,30351.50,30351.75,0.25
2026-06-30 10:13:19,30348.25,30352.25,30347.75,30352.25,93,30352.00,30352.50,0.50
2026-06-30 10:13:20,30351.75,30353.00,30350.75,30352.25,84,30352.00,30352.50,0.50
2026-06-30 10:13:21,30351.50,30353.75,30350.25,30352.25,96,30350.75,30351.25,0.50
2026-06-30 10:13:22,30352.00,30352.00,30350.00,30350.75,49,30348.25,30349.00,0.75
2026-06-30 10:13:23,30351.00,30351.00,30346.25,30348.25,78,30349.25,30349.75,0.50
2026-06-30 10:13:24,30348.00,30350.00,30347.75,30349.25,41,30348.75,30349.25,0.50
2026-06-30 10:13:25,30350.00,30352.75,30348.25,30349.50,66,30348.25,30348.75,0.50
2026-06-30 10:13:26,30348.75,30348.75,30345.75,30348.50,71,30350.00,30350.50,0.50
2026-06-30 10:13:27,30348.50,30351.75,30348.50,30350.25,118,30350.00,30350.50,0.50
2026-06-30 10:13:28,30351.00,30352.50,30349.75,30350.75,61,30357.00,30357.50,0.50
2026-06-30 10:13:29,30350.50,30359.25,30350.25,30357.25,326,30353.50,30354.00,0.50
2026-06-30 10:13:30,30357.50,30357.50,30353.75,30353.75,118,30353.75,30354.00,0.25
2026-06-30 10:13:31,30353.50,30355.25,30352.25,30354.00,99,30352.75,30353.25,0.50
2026-06-30 10:13:32,30353.25,30354.25,30351.50,30353.00,65,30352.75,30353.25,0.50
2026-06-30 10:13:33,30352.50,30353.25,30351.00,30353.25,47,30351.50,30352.00,0.50
2026-06-30 10:13:34,30353.25,30353.75,30350.50,30351.25,103,30353.75,30354.25,0.50
2026-06-30 10:13:35,30351.50,30354.00,30350.50,30353.75,110,30351.25,30351.75,0.50
2026-06-30 10:13:36,30353.75,30353.75,30350.25,30351.75,114,30351.50,30352.00,0.50
2026-06-30 10:13:37,30351.25,30353.75,30351.00,30351.75,49,30352.50,30353.00,0.50
2026-06-30 10:13:38,30351.25,30355.00,30351.25,30352.25,90,30349.75,30350.25,0.50
2026-06-30 10:13:39,30353.00,30354.00,30347.50,30350.00,160,30356.50,30357.00,0.50
2026-06-30 10:13:40,30349.75,30358.00,30349.50,30356.75,146,30361.50,30361.75,0.25
2026-06-30 10:13:41,30357.00,30362.25,30355.50,30361.25,251,30358.75,30359.25,0.50
2026-06-30 10:13:42,30361.50,30363.00,30358.25,30359.25,215,30355.25,30355.75,0.50
2026-06-30 10:13:43,30358.75,30360.75,30355.75,30355.75,118,30355.25,30355.75,0.50
2026-06-30 10:13:44,30355.75,30356.50,30353.25,30354.25,92,30354.25,30354.50,0.25
2026-06-30 10:13:45,30354.25,30355.75,30353.25,30353.75,68,30354.00,30354.50,0.50
2026-06-30 10:13:46,30353.75,30356.25,30353.75,30354.00,44,30354.50,30355.00,0.50
2026-06-30 10:13:47,30354.25,30356.00,30354.00,30354.50,86,30355.75,30356.25,0.50
2026-06-30 10:13:48,30354.50,30357.00,30353.00,30356.00,61,30355.25,30355.75,0.50
2026-06-30 10:13:49,30356.00,30356.75,30354.75,30355.50,49,30357.75,30358.25,0.50
2026-06-30 10:13:50,30355.25,30359.00,30354.75,30357.50,86,30357.75,30358.25,0.50
2026-06-30 10:13:51,30358.00,30360.00,30357.50,30357.50,73,30357.25,30357.75,0.50
2026-06-30 10:13:52,30357.25,30358.50,30356.75,30358.00,74,30355.25,30355.50,0.25
2026-06-30 10:13:53,30357.25,30358.25,30355.25,30355.25,77,30355.25,30355.75,0.50
2026-06-30 10:13:54,30355.50,30356.25,30353.00,30356.00,70,30358.00,30358.50,0.50
2026-06-30 10:13:55,30356.00,30358.75,30356.00,30358.50,84,30358.00,30358.50,0.50
2026-06-30 10:13:56,30358.00,30363.00,30357.50,30357.50,112,30355.75,30356.00,0.25
2026-06-30 10:13:57,30357.00,30358.25,30355.50,30355.75,88,30355.75,30356.00,0.25
2026-06-30 10:13:58,30355.75,30357.00,30355.25,30356.00,73,30355.00,30355.25,0.25
2026-06-30 10:13:59,30356.25,30357.25,30355.00,30355.00,72,30353.25,30353.75,0.50
2026-06-30 10:14:00,30355.00,30355.75,30353.25,30353.50,59,30346.50,30347.00,0.50
2026-06-30 10:14:01,30353.25,30353.75,30346.00,30346.50,326,30348.25,30348.75,0.50
2026-06-30 10:14:02,30346.75,30348.75,30345.75,30348.25,166,30350.75,30351.25,0.50
2026-06-30 10:14:03,30348.75,30351.50,30347.25,30350.75,157,30350.75,30351.25,0.50
2026-06-30 10:14:04,30351.25,30352.25,30348.50,30349.75,100,30347.50,30348.00,0.50
2026-06-30 10:14:05,30349.50,30349.75,30345.00,30347.50,88,30345.50,30346.00,0.50
2026-06-30 10:14:06,30347.25,30347.25,30342.50,30345.25,224,30345.50,30346.00,0.50
2026-06-30 10:14:07,30345.50,30350.75,30345.25,30349.75,100,30350.00,30350.50,0.50
2026-06-30 10:14:08,30349.75,30351.75,30348.75,30350.50,74,30351.75,30352.25,0.50
2026-06-30 10:14:09,30350.00,30352.50,30350.00,30351.50,87,30351.50,30352.00,0.50
2026-06-30 10:14:10,30352.50,30352.50,30348.25,30351.50,52,30351.50,30352.00,0.50
2026-06-30 10:14:11,30352.00,30352.25,30349.50,30351.00,69,30353.50,30354.00,0.50
2026-06-30 10:14:12,30351.25,30353.75,30350.25,30353.00,40,30353.50,30354.00,0.50
2026-06-30 10:14:13,30353.75,30357.00,30353.25,30356.25,158,30353.50,30354.00,0.50
2026-06-30 10:14:14,30355.75,30356.25,30352.75,30354.25,88,30353.50,30354.00,0.50
2026-06-30 10:14:15,30354.00,30355.50,30353.25,30353.75,67,30351.00,30351.50,0.50
2026-06-30 10:14:16,30353.25,30355.00,30350.00,30351.25,117,30351.00,30351.50,0.50
2026-06-30 10:14:17,30351.50,30352.25,30350.50,30351.50,34,30353.00,30353.50,0.50
2026-06-30 10:14:18,30351.50,30355.25,30351.50,30353.25,81,30353.00,30353.50,0.50
2026-06-30 10:14:19,30353.25,30354.50,30352.00,30352.50,74,30352.50,30353.00,0.50
2026-06-30 10:14:20,30352.25,30354.00,30352.00,30352.75,56,30352.75,30353.25,0.50
2026-06-30 10:14:21,30352.50,30353.25,30352.00,30353.00,38,30351.25,30351.75,0.50
2026-06-30 10:14:22,30352.75,30353.75,30350.25,30351.75,70,30356.00,30356.25,0.25
2026-06-30 10:14:23,30352.00,30360.00,30351.75,30356.00,279,30356.75,30357.00,0.25
2026-06-30 10:14:24,30356.25,30357.75,30355.25,30356.00,98,30351.25,30351.75,0.50
2026-06-30 10:14:25,30356.75,30356.75,30347.50,30351.50,160,30354.00,30354.50,0.50
2026-06-30 10:14:26,30350.25,30355.25,30350.25,30354.50,60,30353.00,30353.50,0.50
2026-06-30 10:14:27,30353.75,30356.50,30352.50,30354.00,67,30353.75,30354.25,0.50
2026-06-30 10:14:28,30354.25,30355.25,30353.25,30354.00,28,30353.00,30353.50,0.50
2026-06-30 10:14:29,30353.50,30358.00,30352.25,30353.50,124,30352.50,30353.00,0.50
2026-06-30 10:14:30,30353.00,30353.75,30351.00,30352.50,95,30353.50,30354.00,0.50
2026-06-30 10:14:31,30353.00,30354.00,30352.00,30353.75,33,30354.00,30354.50,0.50
2026-06-30 10:14:32,30354.00,30354.50,30352.50,30354.50,50,30360.25,30360.75,0.50
2026-06-30 10:14:33,30354.00,30362.25,30354.00,30360.50,160,30358.00,30358.50,0.50
2026-06-30 10:14:34,30360.75,30360.75,30357.75,30358.00,116,30357.50,30358.00,0.50
2026-06-30 10:14:35,30358.50,30359.50,30356.25,30358.00,68,30357.75,30358.25,0.50
2026-06-30 10:14:36,30357.00,30358.50,30357.00,30358.50,43,30359.50,30360.00,0.50
2026-06-30 10:14:37,30358.50,30360.50,30357.75,30359.50,51,30357.75,30358.25,0.50
2026-06-30 10:14:38,30359.50,30361.25,30357.75,30358.50,114,30358.25,30358.75,0.50
2026-06-30 10:14:39,30357.50,30359.00,30356.00,30358.50,78,30356.75,30357.25,0.50
2026-06-30 10:14:40,30359.25,30360.25,30356.25,30357.25,67,30355.50,30355.75,0.25
2026-06-30 10:14:41,30357.25,30357.25,30355.50,30356.00,42,30350.50,30351.00,0.50
2026-06-30 10:14:42,30355.75,30355.75,30349.50,30350.25,173,30350.50,30351.00,0.50
2026-06-30 10:14:43,30351.25,30352.50,30350.25,30351.25,57,30346.75,30347.25,0.50
2026-06-30 10:14:44,30350.50,30350.50,30346.25,30347.00,189,30344.25,30344.75,0.50
2026-06-30 10:14:45,30346.00,30347.00,30344.25,30344.50,116,30345.50,30345.75,0.25
2026-06-30 10:14:46,30344.25,30346.25,30343.00,30345.75,209,30344.25,30345.00,0.75
2026-06-30 10:14:47,30345.75,30346.00,30343.00,30344.00,105,30346.25,30346.75,0.50
2026-06-30 10:14:48,30344.25,30348.00,30341.50,30346.50,163,30345.50,30346.00,0.50
2026-06-30 10:14:49,30346.25,30346.75,30344.00,30346.00,80,30346.00,30346.50,0.50
2026-06-30 10:14:50,30345.50,30347.50,30344.25,30346.50,68,30346.00,30346.50,0.50
2026-06-30 10:14:51,30346.25,30347.50,30344.75,30347.25,111,30348.25,30348.50,0.25
2026-06-30 10:14:52,30346.25,30349.00,30346.00,30348.75,24,30346.25,30346.75,0.50
2026-06-30 10:14:53,30348.25,30350.75,30344.75,30347.00,93,30348.50,30349.00,0.50
2026-06-30 10:14:54,30346.25,30348.50,30345.25,30348.50,54,30349.75,30350.25,0.50
2026-06-30 10:14:55,30348.25,30350.00,30347.50,30349.75,31,30349.75,30350.25,0.50
2026-06-30 10:14:56,30350.00,30350.50,30349.00,30350.50,35,30350.00,30350.50,0.50
2026-06-30 10:14:57,30350.00,30350.75,30347.75,30350.25,45,30350.00,30350.75,0.75
2026-06-30 10:14:58,30350.00,30351.75,30349.25,30350.50,53,30351.00,30351.75,0.75
2026-06-30 10:14:59,30350.75,30351.25,30349.50,30351.25,29,30352.25,30352.75,0.50
2026-06-30 10:15:00,30351.50,30354.00,30350.00,30352.75,82,30353.00,30353.75,0.75
2026-06-30 10:15:01,30352.25,30354.25,30350.75,30353.25,193,30352.25,30352.75,0.50
2026-06-30 10:15:02,30352.75,30353.25,30351.50,30353.00,66,30352.25,30352.75,0.50
2026-06-30 10:15:03,30353.00,30353.00,30348.25,30352.25,173,30352.25,30352.75,0.50
2026-06-30 10:15:04,30352.25,30352.75,30348.50,30352.25,107,30352.00,30352.50,0.50
2026-06-30 10:15:05,30352.25,30357.75,30351.75,30352.50,235,30354.00,30354.50,0.50
2026-06-30 10:15:06,30352.50,30354.50,30352.50,30354.00,107,30352.75,30353.25,0.50
2026-06-30 10:15:07,30354.00,30354.00,30349.50,30353.00,99,30350.75,30351.25,0.50
2026-06-30 10:15:08,30353.25,30353.25,30350.00,30350.75,59,30352.50,30353.00,0.50
2026-06-30 10:15:09,30350.75,30354.00,30350.75,30353.00,69,30356.00,30356.50,0.50
2026-06-30 10:15:10,30353.00,30356.75,30353.00,30355.50,144,30355.75,30356.25,0.50
2026-06-30 10:15:11,30356.25,30356.25,30355.00,30356.00,17,30354.25,30355.00,0.75
2026-06-30 10:15:12,30355.75,30355.75,30352.75,30354.50,43,30358.50,30359.00,0.50
2026-06-30 10:15:13,30354.25,30359.00,30353.75,30359.00,93,30358.50,30359.00,0.50
2026-06-30 10:15:14,30358.75,30359.00,30356.00,30356.25,126,30357.00,30357.50,0.50
2026-06-30 10:15:15,30356.50,30359.50,30355.50,30357.25,87,30360.25,30360.75,0.50
2026-06-30 10:15:16,30357.00,30362.75,30356.50,30361.25,199,30360.50,30361.00,0.50
2026-06-30 10:15:17,30360.25,30362.25,30360.00,30361.25,123,30360.50,30361.00,0.50
2026-06-30 10:15:18,30360.50,30365.50,30359.25,30365.00,359,30365.00,30365.50,0.50
2026-06-30 10:15:19,30365.25,30369.75,30363.50,30364.25,536,30364.25,30364.75,0.50
2026-06-30 10:15:20,30364.75,30365.75,30361.25,30365.50,239,30361.75,30362.25,0.50
2026-06-30 10:15:21,30365.75,30366.00,30361.00,30361.75,119,30361.75,30362.25,0.50
2026-06-30 10:15:22,30362.25,30364.00,30361.75,30364.00,71,30365.00,30365.50,0.50
2026-06-30 10:15:23,30363.50,30368.00,30363.50,30365.25,200,30365.75,30366.50,0.75
2026-06-30 10:15:24,30366.00,30366.50,30365.25,30365.25,103,30367.00,30367.50,0.50
2026-06-30 10:15:25,30365.75,30367.50,30363.25,30367.50,107,30367.00,30367.50,0.50
2026-06-30 10:15:26,30367.00,30369.00,30360.25,30360.75,217,30363.00,30363.50,0.50
2026-06-30 10:15:27,30361.50,30364.00,30360.50,30362.75,86,30363.50,30364.00,0.50
2026-06-30 10:15:28,30363.25,30364.75,30362.75,30364.00,85,30364.50,30365.00,0.50
2026-06-30 10:15:29,30364.00,30366.75,30362.75,30365.00,117,30356.75,30357.25,0.50
2026-06-30 10:15:30,30364.50,30365.75,30353.75,30356.75,345,30359.50,30360.00,0.50
2026-06-30 10:15:31,30357.00,30360.50,30357.00,30359.75,121,30359.50,30360.00,0.50
2026-06-30 10:15:32,30359.50,30360.00,30353.75,30358.25,210,30357.75,30358.25,0.50
2026-06-30 10:15:33,30358.25,30360.75,30357.25,30360.75,87,30364.50,30365.00,0.50
2026-06-30 10:15:34,30360.25,30364.75,30360.00,30364.50,99,30364.50,30365.00,0.50
2026-06-30 10:15:35,30364.75,30366.00,30361.50,30362.75,158,30365.50,30365.75,0.25
2026-06-30 10:15:36,30362.50,30365.50,30362.25,30364.75,69,30365.50,30365.75,0.25
2026-06-30 10:15:37,30365.00,30368.50,30365.00,30367.00,92,30366.50,30366.75,0.25
2026-06-30 10:15:38,30366.75,30368.00,30365.50,30366.25,133,30366.00,30366.50,0.50
2026-06-30 10:15:39,30366.00,30366.75,30364.75,30366.00,115,30364.00,30364.50,0.50
2026-06-30 10:15:40,30366.00,30366.75,30364.00,30364.50,91,30365.75,30366.50,0.75
2026-06-30 10:15:41,30364.50,30368.25,30364.50,30365.50,114,30365.75,30366.50,0.75
2026-06-30 10:15:42,30366.00,30367.00,30362.50,30366.00,146,30365.00,30365.50,0.50
2026-06-30 10:15:43,30366.00,30366.75,30364.00,30364.50,62,30366.25,30366.75,0.50
2026-06-30 10:15:44,30366.00,30367.25,30364.25,30366.25,68,30364.50,30365.00,0.50
2026-06-30 10:15:45,30366.50,30366.75,30363.75,30365.25,84,30363.50,30364.00,0.50
2026-06-30 10:15:46,30364.75,30365.25,30361.25,30363.75,102,30363.50,30364.00,0.50
2026-06-30 10:15:47,30363.75,30363.75,30360.25,30362.50,95,30362.25,30362.75,0.50
2026-06-30 10:15:48,30362.25,30364.25,30357.75,30360.25,120,30353.75,30354.25,0.50
2026-06-30 10:15:49,30360.00,30361.25,30353.75,30353.75,170,30350.00,30350.50,0.50
2026-06-30 10:15:50,30353.75,30354.00,30349.50,30349.50,283,30346.50,30347.25,0.75
2026-06-30 10:15:51,30350.25,30351.00,30344.75,30347.00,320,30345.50,30346.00,0.50
2026-06-30 10:15:52,30346.50,30346.75,30345.00,30345.50,148,30345.50,30346.00,0.50
2026-06-30 10:15:53,30345.50,30345.50,30339.25,30344.25,426,30344.25,30344.75,0.50
2026-06-30 10:15:54,30344.25,30347.00,30342.50,30346.75,149,30346.75,30347.25,0.50
2026-06-30 10:15:55,30347.25,30349.25,30346.50,30347.25,165,30347.00,30347.50,0.50
2026-06-30 10:15:56,30347.75,30348.75,30346.75,30346.75,52,30350.00,30350.50,0.50
2026-06-30 10:15:57,30347.50,30351.00,30347.25,30350.50,112,30350.25,30350.75,0.50
2026-06-30 10:15:58,30350.50,30351.00,30349.50,30350.50,53,30350.25,30351.00,0.75
2026-06-30 10:15:59,30351.00,30351.50,30350.00,30351.00,36,30350.00,30350.50,0.50
2026-06-30 10:16:00,30350.50,30351.00,30348.25,30350.25,67,30352.00,30352.75,0.75
2026-06-30 10:16:01,30350.75,30353.00,30350.00,30352.00,132,30352.00,30352.75,0.75
2026-06-30 10:16:02,30352.25,30355.75,30351.00,30351.00,123,30348.00,30348.75,0.75
2026-06-30 10:16:03,30350.75,30353.00,30346.50,30348.75,171,30350.50,30351.00,0.50
2026-06-30 10:16:04,30348.75,30351.50,30347.50,30351.00,157,30351.25,30351.75,0.50
2026-06-30 10:16:05,30350.50,30352.25,30349.25,30351.50,109,30354.50,30355.00,0.50
2026-06-30 10:16:06,30351.75,30355.00,30351.75,30355.00,58,30354.75,30355.25,0.50
2026-06-30 10:16:07,30354.25,30356.25,30353.50,30355.25,88,30348.75,30349.25,0.50
2026-06-30 10:16:08,30354.75,30355.50,30349.00,30349.50,73,30351.00,30351.50,0.50
2026-06-30 10:16:09,30349.00,30351.75,30348.00,30351.25,59,30349.50,30349.75,0.25
2026-06-30 10:16:10,30351.50,30353.75,30348.25,30349.75,66,30346.75,30347.25,0.50
2026-06-30 10:16:11,30349.50,30349.75,30343.75,30347.00,147,30347.75,30348.50,0.75
2026-06-30 10:16:12,30346.75,30349.00,30346.25,30347.75,117,30352.25,30352.75,0.50
2026-06-30 10:16:13,30348.50,30352.75,30348.00,30352.75,124,30352.25,30352.75,0.50
2026-06-30 10:16:14,30352.75,30354.00,30350.25,30350.25,117,30350.00,30350.75,0.75
2026-06-30 10:16:15,30350.50,30352.00,30347.50,30351.50,77,30350.00,30350.50,0.50
2026-06-30 10:16:16,30350.25,30351.50,30347.50,30350.00,51,30351.75,30352.25,0.50
2026-06-30 10:16:17,30350.50,30352.00,30347.00,30352.00,75,30352.00,30352.50,0.50
2026-06-30 10:16:18,30351.75,30353.50,30351.50,30352.50,53,30352.50,30353.00,0.50
2026-06-30 10:16:19,30352.00,30354.25,30351.50,30352.50,63,30353.00,30353.75,0.75
2026-06-30 10:16:20,30352.25,30358.00,30351.50,30353.25,219,30352.25,30352.75,0.50
2026-06-30 10:16:21,30352.75,30355.00,30352.50,30352.50,45,30355.25,30355.75,0.50
2026-06-30 10:16:22,30352.75,30355.75,30352.25,30355.75,47,30351.00,30351.50,0.50
2026-06-30 10:16:23,30355.50,30356.75,30351.25,30352.00,65,30345.00,30345.50,0.50
2026-06-30 10:16:24,30351.00,30351.25,30341.50,30345.00,242,30348.00,30348.50,0.50
2026-06-30 10:16:25,30345.25,30349.50,30345.00,30348.50,92,30348.75,30349.25,0.50
2026-06-30 10:16:26,30348.00,30350.00,30347.00,30348.75,38,30350.75,30351.00,0.25
2026-06-30 10:16:27,30348.75,30353.75,30348.50,30350.50,90,30351.00,30351.50,0.50
2026-06-30 10:16:28,30350.75,30353.25,30350.00,30352.50,65,30351.75,30352.25,0.50
2026-06-30 10:16:29,30352.25,30352.75,30350.00,30351.25,47,30357.25,30358.00,0.75
2026-06-30 10:16:30,30352.75,30358.75,30350.25,30358.25,168,30362.25,30362.75,0.50
2026-06-30 10:16:31,30358.50,30364.25,30357.75,30362.25,255,30357.00,30357.50,0.50
2026-06-30 10:16:32,30362.75,30363.50,30356.75,30357.25,216,30355.75,30356.00,0.25
2026-06-30 10:16:33,30357.50,30359.25,30354.75,30355.50,93,30356.75,30357.25,0.50
2026-06-30 10:16:34,30356.75,30358.00,30356.00,30357.00,75,30357.75,30358.00,0.25
2026-06-30 10:16:35,30356.75,30359.50,30356.75,30358.00,75,30357.50,30358.00,0.50
2026-06-30 10:16:36,30357.75,30359.00,30357.00,30357.75,49,30357.00,30357.50,0.50
2026-06-30 10:16:37,30358.00,30358.25,30355.00,30356.75,84,30353.50,30354.00,0.50
2026-06-30 10:16:38,30356.75,30356.75,30352.50,30354.50,69,30359.50,30360.00,0.50
2026-06-30 10:16:39,30353.75,30360.25,30353.50,30359.75,80,30358.00,30358.50,0.50
2026-06-30 10:16:40,30359.75,30361.50,30358.50,30358.75,66,30356.50,30357.00,0.50
2026-06-30 10:16:41,30358.75,30359.50,30355.75,30356.50,58,30356.25,30356.75,0.50
2026-06-30 10:16:42,30356.50,30358.50,30356.25,30356.50,91,30352.75,30353.25,0.50
2026-06-30 10:16:43,30356.75,30356.75,30350.75,30352.25,114,30349.25,30349.75,0.50
2026-06-30 10:16:44,30352.75,30352.75,30346.00,30349.25,129,30350.25,30350.75,0.50
2026-06-30 10:16:45,30349.75,30351.75,30349.75,30350.25,82,30349.50,30350.00,0.50
2026-06-30 10:16:46,30350.75,30351.25,30349.50,30350.25,37,30346.00,30346.50,0.50
2026-06-30 10:16:47,30350.00,30351.75,30346.25,30346.75,70,30349.25,30349.75,0.50
2026-06-30 10:16:48,30346.50,30350.00,30346.50,30349.75,56,30349.25,30349.75,0.50
2026-06-30 10:16:49,30349.25,30349.75,30345.25,30346.75,82,30347.75,30348.25,0.50
2026-06-30 10:16:50,30347.00,30348.25,30343.25,30347.75,165,30346.00,30346.50,0.50
2026-06-30 10:16:51,30347.75,30348.25,30345.00,30345.25,62,30348.00,30348.25,0.25
2026-06-30 10:16:52,30345.50,30348.00,30345.00,30347.75,52,30347.50,30348.00,0.50
2026-06-30 10:16:53,30347.50,30348.50,30344.00,30347.50,75,30349.50,30350.00,0.50
2026-06-30 10:16:54,30348.00,30351.00,30347.50,30350.25,63,30347.00,30347.75,0.75
2026-06-30 10:16:55,30350.00,30350.50,30345.25,30347.25,58,30347.75,30348.50,0.75
2026-06-30 10:16:56,30346.50,30348.75,30346.25,30348.25,32,30347.75,30348.50,0.75
2026-06-30 10:16:57,30348.00,30348.25,30347.00,30347.75,23,30348.50,30349.00,0.50
2026-06-30 10:16:58,30347.50,30350.25,30347.00,30349.25,87,30347.25,30347.75,0.50
2026-06-30 10:16:59,30348.25,30350.00,30347.75,30347.75,33,30345.75,30346.25,0.50
2026-06-30 10:17:00,30347.25,30347.25,30346.00,30346.50,57,30349.00,30349.75,0.75
2026-06-30 10:17:01,30345.75,30350.75,30345.75,30349.50,82,30354.75,30355.25,0.50
2026-06-30 10:17:02,30349.75,30355.75,30349.75,30355.75,92,30351.75,30352.25,0.50
2026-06-30 10:17:03,30355.50,30355.50,30351.50,30352.50,41,30343.00,30343.50,0.50
2026-06-30 10:17:04,30351.75,30351.75,30343.00,30343.00,132,30343.00,30343.75,0.75
2026-06-30 10:17:05,30343.00,30345.75,30341.75,30343.25,119,30344.75,30345.25,0.50
2026-06-30 10:17:06,30344.00,30346.25,30342.50,30345.25,118,30344.75,30345.25,0.50
2026-06-30 10:17:07,30345.25,30347.25,30344.75,30347.25,74,30350.00,30350.50,0.50
2026-06-30 10:17:08,30347.25,30351.00,30346.50,30350.50,36,30351.75,30352.25,0.50
2026-06-30 10:17:09,30350.00,30352.50,30348.75,30351.75,90,30351.50,30352.00,0.50
2026-06-30 10:17:10,30351.75,30355.25,30350.00,30351.50,92,30351.25,30351.75,0.50
2026-06-30 10:17:11,30352.00,30352.00,30349.75,30350.75,63,30351.25,30351.75,0.50
2026-06-30 10:17:12,30351.25,30353.50,30351.00,30352.75,29,30352.00,30352.50,0.50
2026-06-30 10:17:13,30352.75,30352.75,30348.00,30352.50,80,30354.25,30354.50,0.25
2026-06-30 10:17:14,30351.75,30357.50,30351.75,30354.50,84,30354.25,30354.75,0.50
2026-06-30 10:17:15,30354.00,30356.50,30353.00,30354.75,72,30348.25,30348.50,0.25
2026-06-30 10:17:16,30353.50,30355.00,30347.00,30347.50,73,30350.00,30350.50,0.50
2026-06-30 10:17:17,30348.50,30350.75,30347.00,30350.50,73,30352.00,30352.50,0.50
2026-06-30 10:17:18,30350.00,30352.00,30349.50,30352.00,33,30351.50,30352.00,0.50
2026-06-30 10:17:19,30352.00,30353.00,30349.75,30352.25,43,30351.00,30351.50,0.50
2026-06-30 10:17:20,30352.00,30353.75,30351.00,30351.00,49,30352.75,30353.25,0.50
2026-06-30 10:17:21,30350.75,30354.00,30349.00,30352.75,111,30353.25,30353.75,0.50
2026-06-30 10:17:22,30352.75,30353.75,30350.75,30353.25,66,30357.75,30358.25,0.50
2026-06-30 10:17:23,30353.25,30359.50,30352.75,30358.25,121,30357.25,30358.00,0.75
2026-06-30 10:17:24,30358.25,30359.75,30357.00,30357.75,94,30355.25,30356.00,0.75
2026-06-30 10:17:25,30357.75,30359.50,30355.00,30355.25,77,30355.00,30355.75,0.75
2026-06-30 10:17:26,30355.50,30356.25,30352.25,30355.75,64,30353.75,30354.25,0.50
2026-06-30 10:17:27,30354.75,30354.75,30352.75,30354.00,40,30348.25,30348.75,0.50
2026-06-30 10:17:28,30354.00,30354.00,30348.25,30349.00,102,30350.00,30350.50,0.50
2026-06-30 10:17:29,30349.00,30351.75,30348.50,30350.25,62,30349.75,30350.25,0.50
2026-06-30 10:17:30,30350.25,30350.75,30348.50,30348.75,64,30348.75,30349.50,0.75
2026-06-30 10:17:31,30350.50,30352.50,30349.00,30349.50,52,30351.50,30352.00,0.50
2026-06-30 10:17:32,30349.50,30353.25,30348.50,30352.00,51,30349.75,30350.25,0.50
2026-06-30 10:17:33,30351.00,30352.75,30349.25,30350.50,51,30346.25,30346.75,0.50
2026-06-30 10:17:34,30350.25,30350.75,30344.75,30347.00,136,30343.75,30344.50,0.75
2026-06-30 10:17:35,30346.75,30347.50,30343.25,30344.75,76,30343.75,30344.50,0.75
2026-06-30 10:17:36,30344.25,30345.25,30342.50,30342.50,66,30344.25,30344.75,0.50
2026-06-30 10:17:37,30343.25,30347.00,30341.25,30344.25,170,30335.00,30335.75,0.75
2026-06-30 10:17:38,30343.25,30344.75,30334.00,30336.00,555,30337.25,30337.75,0.50
2026-06-30 10:17:39,30335.75,30337.75,30333.25,30337.00,251,30337.25,30337.75,0.50
2026-06-30 10:17:40,30337.25,30338.25,30334.00,30335.25,213,30334.50,30335.25,0.75
2026-06-30 10:17:41,30335.00,30336.25,30333.50,30335.50,155,30336.50,30337.25,0.75
2026-06-30 10:17:42,30335.50,30338.75,30335.50,30336.50,183,30340.00,30340.50,0.50
2026-06-30 10:17:43,30337.25,30341.50,30337.25,30340.50,155,30339.50,30340.00,0.50
2026-06-30 10:17:44,30340.00,30342.75,30339.00,30340.50,138,30339.50,30340.00,0.50
2026-06-30 10:17:45,30340.25,30342.50,30337.75,30338.00,99,30337.25,30338.00,0.75
2026-06-30 10:17:46,30339.25,30339.25,30335.00,30338.00,75,30339.00,30339.75,0.75
2026-06-30 10:17:47,30338.25,30340.25,30337.75,30338.75,102,30346.25,30346.75,0.50
2026-06-30 10:17:48,30339.00,30347.00,30339.00,30346.00,150,30342.25,30343.00,0.75
2026-06-30 10:17:49,30346.25,30346.25,30342.25,30342.75,90,30343.50,30344.00,0.50
2026-06-30 10:17:50,30343.00,30344.50,30341.25,30343.75,43,30344.75,30345.25,0.50
2026-06-30 10:17:51,30343.50,30347.75,30343.50,30345.00,60,30347.00,30347.50,0.50
2026-06-30 10:17:52,30344.75,30350.75,30344.75,30347.50,138,30347.00,30347.50,0.50
2026-06-30 10:17:53,30347.75,30347.75,30344.50,30346.00,91,30349.50,30350.00,0.50
2026-06-30 10:17:54,30346.50,30349.75,30344.75,30349.75,89,30349.50,30349.75,0.25
2026-06-30 10:17:55,30349.75,30354.25,30349.25,30349.50,246,30353.25,30353.75,0.50
2026-06-30 10:17:56,30349.50,30353.25,30349.50,30353.25,68,30351.00,30351.50,0.50
2026-06-30 10:17:57,30353.75,30354.25,30347.25,30351.00,143,30349.25,30349.75,0.50
2026-06-30 10:17:58,30351.00,30351.00,30348.00,30349.25,65,30350.00,30350.50,0.50
2026-06-30 10:17:59,30348.50,30350.25,30347.50,30350.00,34,30358.75,30359.00,0.25
2026-06-30 10:18:00,30351.00,30360.00,30350.75,30358.50,215,30358.75,30359.00,0.25
2026-06-30 10:18:01,30359.00,30359.25,30351.25,30352.25,140,30350.75,30351.25,0.50
2026-06-30 10:18:02,30352.25,30353.00,30350.00,30351.00,100,30354.00,30354.75,0.75
2026-06-30 10:18:03,30351.00,30354.75,30349.25,30354.75,46,30357.00,30357.50,0.50
2026-06-30 10:18:04,30354.00,30357.50,30354.00,30357.50,71,30359.25,30359.75,0.50
2026-06-30 10:18:05,30357.25,30360.00,30357.00,30360.00,86,30358.50,30359.00,0.50
2026-06-30 10:18:06,30359.50,30360.00,30357.00,30359.25,102,30362.00,30362.50,0.50
2026-06-30 10:18:07,30359.50,30363.00,30359.00,30362.75,177,30362.00,30362.50,0.50
2026-06-30 10:18:08,30362.50,30364.50,30361.25,30363.50,206,30360.75,30361.50,0.75
2026-06-30 10:18:09,30363.00,30363.50,30359.50,30361.25,206,30363.25,30363.75,0.50
2026-06-30 10:18:10,30361.00,30363.50,30359.75,30363.50,85,30363.25,30363.75,0.50
2026-06-30 10:18:11,30363.25,30364.25,30361.00,30363.50,83,30362.00,30362.50,0.50
2026-06-30 10:18:12,30363.75,30364.00,30361.25,30362.25,75,30362.00,30362.50,0.50
2026-06-30 10:18:13,30362.00,30363.50,30361.25,30362.00,87,30362.25,30362.75,0.50
2026-06-30 10:18:14,30363.00,30364.25,30362.25,30362.75,78,30362.75,30363.25,0.50
2026-06-30 10:18:15,30362.75,30363.50,30361.00,30363.25,69,30372.00,30372.25,0.25
2026-06-30 10:18:16,30362.75,30375.25,30359.75,30372.75,828,30372.25,30372.75,0.50
2026-06-30 10:18:17,30372.25,30374.50,30371.25,30372.75,263,30372.00,30372.50,0.50
2026-06-30 10:18:18,30372.25,30374.00,30371.25,30372.25,228,30372.00,30372.50,0.50
2026-06-30 10:18:19,30372.50,30373.25,30370.50,30372.50,126,30372.00,30372.50,0.50
2026-06-30 10:18:20,30372.00,30373.75,30370.50,30371.50,152,30371.75,30372.50,0.75
2026-06-30 10:18:21,30372.25,30373.75,30368.50,30369.50,159,30365.50,30366.00,0.50
2026-06-30 10:18:22,30369.75,30369.75,30365.00,30365.75,199,30365.50,30366.00,0.50
2026-06-30 10:18:23,30365.75,30367.00,30364.25,30365.50,128,30365.00,30365.50,0.50
2026-06-30 10:18:24,30366.00,30366.00,30363.00,30365.50,118,30364.75,30365.25,0.50
2026-06-30 10:18:25,30365.50,30370.00,30364.75,30365.50,109,30364.75,30365.25,0.50
2026-06-30 10:18:26,30365.00,30367.25,30363.25,30365.00,115,30359.50,30360.00,0.50
2026-06-30 10:18:27,30365.25,30365.50,30359.50,30360.25,178,30359.50,30360.00,0.50
2026-06-30 10:18:28,30360.00,30362.25,30355.50,30356.25,211,30356.25,30356.75,0.50
2026-06-30 10:18:29,30356.50,30357.75,30352.75,30354.50,179,30346.25,30346.75,0.50
2026-06-30 10:18:30,30354.00,30354.00,30345.50,30346.50,325,30345.50,30346.00,0.50
2026-06-30 10:18:31,30346.50,30346.50,30342.75,30345.25,224,30351.25,30351.75,0.50
2026-06-30 10:18:32,30346.25,30351.75,30345.50,30351.50,212,30354.75,30355.25,0.50
2026-06-30 10:18:33,30351.75,30355.00,30350.50,30354.50,121,30353.25,30353.75,0.50
2026-06-30 10:18:34,30354.75,30355.75,30352.50,30353.50,83,30355.50,30356.00,0.50
2026-06-30 10:18:35,30353.75,30357.25,30353.50,30356.25,74,30355.50,30356.00,0.50
2026-06-30 10:18:36,30355.75,30355.75,30352.00,30353.50,41,30353.50,30354.00,0.50
2026-06-30 10:18:37,30353.50,30354.25,30351.75,30354.00,35,30353.50,30354.00,0.50
2026-06-30 10:18:38,30354.00,30355.00,30352.75,30354.00,55,30360.25,30360.75,0.50
2026-06-30 10:18:39,30354.25,30360.75,30352.75,30360.00,156,30360.25,30360.75,0.50
2026-06-30 10:18:40,30360.25,30360.75,30357.75,30359.00,79,30352.75,30353.25,0.50
2026-06-30 10:18:41,30359.00,30359.00,30353.25,30353.75,134,30351.75,30352.25,0.50
2026-06-30 10:18:42,30352.75,30353.50,30349.25,30351.75,116,30353.25,30354.00,0.75
2026-06-30 10:18:43,30352.25,30355.25,30352.00,30353.50,65,30351.50,30352.00,0.50
2026-06-30 10:18:44,30353.50,30356.00,30351.50,30351.75,86,30350.25,30350.75,0.50
2026-06-30 10:18:45,30351.50,30353.25,30350.25,30350.25,48,30352.75,30353.25,0.50
2026-06-30 10:18:46,30351.00,30354.75,30350.25,30353.00,95,30353.25,30353.75,0.50
2026-06-30 10:18:47,30352.50,30354.00,30351.75,30353.75,44,30351.75,30352.50,0.75
2026-06-30 10:18:48,30353.00,30353.50,30351.75,30351.75,25,30354.25,30354.75,0.50
2026-06-30 10:18:49,30352.25,30355.50,30351.75,30354.75,76,30359.00,30359.50,0.50
2026-06-30 10:18:50,30354.75,30363.75,30354.75,30359.25,113,30359.00,30359.50,0.50
2026-06-30 10:18:51,30359.00,30359.25,30357.25,30359.00,64,30360.50,30361.00,0.50
2026-06-30 10:18:52,30359.00,30361.75,30358.25,30360.75,67,30358.00,30358.50,0.50
2026-06-30 10:18:53,30361.00,30362.00,30357.75,30358.00,76,30360.75,30361.25,0.50
2026-06-30 10:18:54,30358.50,30361.25,30358.25,30360.75,45,30361.00,30361.50,0.50
2026-06-30 10:18:55,30360.75,30363.25,30360.75,30361.50,60,30362.00,30362.50,0.50
2026-06-30 10:18:56,30361.50,30363.50,30361.00,30363.25,30,30360.50,30361.25,0.75
2026-06-30 10:18:57,30361.50,30362.25,30359.75,30360.75,77,30360.50,30361.25,0.75
2026-06-30 10:18:58,30360.75,30363.25,30359.50,30363.25,115,30360.50,30361.00,0.50
2026-06-30 10:18:59,30362.25,30362.25,30358.75,30360.50,37,30359.50,30360.00,0.50
2026-06-30 10:19:00,30361.00,30362.00,30359.25,30359.50,21,30356.75,30357.25,0.50
2026-06-30 10:19:01,30359.75,30359.75,30356.75,30356.75,47,30356.75,30357.25,0.50
2026-06-30 10:19:02,30357.00,30357.25,30355.25,30355.75,67,30359.00,30359.50,0.50
2026-06-30 10:19:03,30355.50,30359.25,30355.50,30359.00,45,30362.25,30362.75,0.50
2026-06-30 10:19:04,30359.25,30362.50,30357.75,30362.50,46,30361.00,30361.50,0.50
2026-06-30 10:19:05,30362.50,30362.50,30360.00,30361.50,63,30367.50,30368.00,0.50
2026-06-30 10:19:06,30361.50,30368.25,30360.00,30368.00,148,30368.25,30369.00,0.75
2026-06-30 10:19:07,30367.50,30369.75,30367.50,30368.75,169,30369.50,30370.00,0.50
2026-06-30 10:19:08,30368.75,30370.00,30366.25,30369.75,97,30369.50,30370.00,0.50
2026-06-30 10:19:09,30370.00,30372.25,30369.00,30369.25,135,30377.25,30377.75,0.50
2026-06-30 10:19:10,30370.00,30378.25,30370.00,30377.50,368,30377.25,30377.75,0.50
2026-06-30 10:19:11,30377.50,30381.25,30377.25,30378.50,391,30377.75,30378.50,0.75
2026-06-30 10:19:12,30377.75,30381.25,30375.75,30380.75,228,30377.25,30377.75,0.50
2026-06-30 10:19:13,30380.25,30380.50,30377.00,30377.50,134,30377.25,30377.75,0.50
2026-06-30 10:19:14,30378.00,30378.00,30373.75,30375.25,163,30375.50,30376.00,0.50
2026-06-30 10:19:15,30375.50,30376.50,30373.75,30375.75,80,30372.50,30373.00,0.50
2026-06-30 10:19:16,30375.50,30375.50,30371.75,30372.75,86,30368.50,30369.25,0.75
2026-06-30 10:19:17,30372.25,30372.50,30368.25,30369.00,120,30368.50,30369.25,0.75
2026-06-30 10:19:18,30369.00,30369.75,30365.25,30367.00,165,30370.50,30371.00,0.50
2026-06-30 10:19:19,30367.25,30372.75,30366.25,30370.50,337,30370.50,30371.00,0.50
2026-06-30 10:19:20,30370.50,30372.00,30369.25,30371.00,156,30374.75,30375.25,0.50
2026-06-30 10:19:21,30371.00,30375.25,30371.00,30375.00,86,30374.00,30374.25,0.25
2026-06-30 10:19:22,30374.50,30375.25,30373.50,30374.25,50,30374.25,30374.75,0.50
2026-06-30 10:19:23,30374.25,30376.25,30373.25,30374.25,99,30375.75,30376.25,0.50
2026-06-30 10:19:24,30374.75,30377.25,30374.75,30375.75,78,30378.00,30378.50,0.50
2026-06-30 10:19:25,30375.75,30378.25,30374.50,30378.25,96,30371.00,30371.50,0.50
2026-06-30 10:19:26,30378.50,30379.00,30369.50,30370.75,195,30372.00,30372.50,0.50
2026-06-30 10:19:27,30371.50,30372.50,30370.75,30371.00,76,30370.75,30371.25,0.50
2026-06-30 10:19:28,30372.00,30372.50,30370.00,30371.00,52,30366.00,30366.75,0.75
2026-06-30 10:19:29,30370.75,30371.25,30366.25,30366.25,123,30365.50,30366.00,0.50
2026-06-30 10:19:30,30366.75,30368.75,30364.25,30365.25,146,30365.50,30366.00,0.50
2026-06-30 10:19:31,30365.50,30369.00,30364.75,30368.50,49,30367.75,30368.25,0.50
2026-06-30 10:19:32,30369.75,30369.75,30365.75,30368.25,84,30368.50,30369.00,0.50
2026-06-30 10:19:33,30367.75,30370.00,30366.00,30368.75,75,30365.75,30366.50,0.75
2026-06-30 10:19:34,30368.50,30368.50,30366.25,30366.50,35,30365.75,30366.50,0.75
2026-06-30 10:19:35,30366.00,30366.00,30363.50,30365.00,64,30367.50,30368.00,0.50
2026-06-30 10:19:36,30365.00,30367.25,30364.50,30367.00,57,30365.00,30365.50,0.50
2026-06-30 10:19:37,30367.50,30367.75,30364.25,30365.00,76,30363.50,30364.00,0.50
2026-06-30 10:19:38,30365.25,30366.00,30361.75,30364.00,145,30364.00,30364.50,0.50
2026-06-30 10:19:39,30363.75,30365.00,30363.25,30364.00,82,30363.50,30364.00,0.50
2026-06-30 10:19:40,30364.75,30365.25,30362.50,30363.25,98,30363.50,30364.00,0.50
2026-06-30 10:19:41,30363.50,30367.00,30360.00,30365.50,158,30366.00,30366.50,0.50
2026-06-30 10:19:42,30365.00,30368.50,30364.50,30366.25,64,30367.50,30368.00,0.50
2026-06-30 10:19:43,30366.50,30369.00,30365.75,30367.75,37,30370.00,30370.50,0.50
2026-06-30 10:19:44,30368.00,30371.50,30368.00,30369.00,60,30371.00,30371.50,0.50
2026-06-30 10:19:45,30370.00,30373.00,30369.00,30371.00,77,30373.25,30373.75,0.50
2026-06-30 10:19:46,30371.25,30374.25,30370.50,30374.00,47,30371.00,30371.50,0.50
2026-06-30 10:19:47,30373.25,30374.00,30371.75,30371.75,50,30373.50,30374.00,0.50
2026-06-30 10:19:48,30371.50,30374.00,30371.50,30374.00,55,30376.75,30377.50,0.75
2026-06-30 10:19:49,30374.00,30378.00,30373.25,30376.75,176,30376.75,30377.50,0.75
2026-06-30 10:19:50,30377.00,30377.00,30374.75,30375.75,46,30371.25,30371.75,0.50
2026-06-30 10:19:51,30375.75,30377.50,30371.25,30371.25,170,30369.00,30369.50,0.50
2026-06-30 10:19:52,30369.75,30371.50,30368.25,30369.00,95,30369.00,30369.50,0.50
2026-06-30 10:19:53,30369.00,30369.75,30366.75,30368.50,62,30369.75,30370.50,0.75
2026-06-30 10:19:54,30369.00,30371.00,30368.50,30370.50,67,30367.75,30368.50,0.75
2026-06-30 10:19:55,30370.25,30370.25,30367.00,30368.00,34,30368.75,30369.25,0.50
2026-06-30 10:19:56,30368.50,30369.50,30367.00,30369.25,56,30368.75,30369.25,0.50
2026-06-30 10:19:57,30369.00,30371.75,30369.00,30371.50,44,30367.00,30367.50,0.50
2026-06-30 10:19:58,30370.50,30371.00,30366.75,30367.25,66,30366.75,30367.25,0.50
2026-06-30 10:19:59,30367.00,30369.00,30366.75,30367.25,48,30364.75,30365.50,0.75
2026-06-30 10:20:00,30366.75,30367.50,30363.75,30365.00,82,30360.25,30360.75,0.50
2026-06-30 10:20:01,30365.50,30365.75,30360.00,30360.50,174,30358.00,30358.50,0.50
2026-06-30 10:20:02,30360.25,30360.25,30354.75,30358.25,271,30355.75,30356.25,0.50
2026-06-30 10:20:03,30357.25,30358.75,30356.00,30356.25,127,30356.00,30356.50,0.50
2026-06-30 10:20:04,30355.75,30358.00,30354.25,30356.00,138,30356.00,30356.50,0.50
2026-06-30 10:20:05,30356.00,30357.75,30355.25,30356.25,83,30357.25,30357.75,0.50
2026-06-30 10:20:06,30356.50,30360.00,30355.25,30357.25,84,30360.50,30360.75,0.25
2026-06-30 10:20:07,30357.75,30361.25,30357.00,30361.00,81,30360.50,30360.75,0.25
2026-06-30 10:20:08,30360.75,30362.50,30359.75,30361.50,89,30357.75,30358.25,0.50
2026-06-30 10:20:09,30361.50,30363.50,30358.00,30358.00,152,30360.50,30361.00,0.50
2026-06-30 10:20:10,30357.75,30361.75,30355.25,30361.75,84,30357.25,30357.75,0.50
2026-06-30 10:20:11,30361.00,30361.75,30357.25,30357.25,72,30358.75,30359.25,0.50
2026-06-30 10:20:12,30357.75,30359.00,30356.00,30358.75,50,30359.75,30360.25,0.50
2026-06-30 10:20:13,30359.00,30361.00,30358.50,30359.75,87,30359.00,30359.75,0.75
2026-06-30 10:20:14,30360.25,30361.75,30359.75,30359.75,36,30360.75,30361.25,0.50
2026-06-30 10:20:15,30359.00,30361.75,30358.50,30360.75,51,30364.00,30364.50,0.50
2026-06-30 10:20:16,30360.75,30365.25,30359.50,30364.00,95,30365.00,30365.50,0.50
2026-06-30 10:20:17,30364.00,30367.00,30362.75,30365.50,141,30364.25,30364.75,0.50
2026-06-30 10:20:18,30365.00,30366.50,30363.75,30364.50,73,30362.25,30362.75,0.50
2026-06-30 10:20:19,30364.50,30364.50,30361.25,30363.25,78,30362.00,30362.50,0.50
2026-06-30 10:20:20,30362.00,30364.00,30362.00,30362.75,49,30365.25,30366.00,0.75
2026-06-30 10:20:21,30361.50,30366.00,30361.50,30365.75,47,30369.25,30369.75,0.50
2026-06-30 10:20:22,30365.75,30369.50,30365.50,30369.50,135,30367.75,30368.50,0.75
2026-06-30 10:20:23,30369.75,30370.25,30367.75,30368.50,120,30364.75,30365.25,0.50
2026-06-30 10:20:24,30367.50,30367.50,30365.00,30365.25,99,30364.75,30365.25,0.50
2026-06-30 10:20:25,30365.00,30365.00,30360.75,30361.50,75,30361.75,30362.25,0.50
2026-06-30 10:20:26,30362.25,30362.75,30361.00,30362.25,18,30358.00,30358.75,0.75
2026-06-30 10:20:27,30361.75,30361.75,30357.75,30358.50,87,30352.50,30353.00,0.50
2026-06-30 10:20:28,30358.75,30359.25,30350.75,30352.75,202,30352.50,30353.00,0.50
2026-06-30 10:20:29,30353.00,30355.00,30351.50,30352.25,126,30351.75,30352.25,0.50
2026-06-30 10:20:30,30352.25,30353.50,30351.00,30352.00,131,30351.00,30351.50,0.50
2026-06-30 10:20:31,30351.75,30353.00,30349.00,30351.50,172,30350.25,30350.75,0.50
2026-06-30 10:20:32,30351.50,30352.75,30349.50,30350.25,87,30351.25,30351.75,0.50
2026-06-30 10:20:33,30350.75,30352.00,30350.00,30351.25,61,30352.00,30352.75,0.75
2026-06-30 10:20:34,30351.50,30354.25,30350.75,30352.25,95,30355.50,30355.75,0.25
2026-06-30 10:20:35,30352.00,30355.50,30352.00,30355.50,78,30361.00,30361.50,0.50
2026-06-30 10:20:36,30355.75,30361.00,30354.50,30361.00,159,30366.75,30367.25,0.50
2026-06-30 10:20:37,30361.75,30367.75,30361.25,30366.25,191,30363.25,30363.75,0.50
2026-06-30 10:20:38,30367.25,30367.25,30362.50,30363.50,90,30358.50,30359.00,0.50
2026-06-30 10:20:39,30363.25,30363.75,30358.75,30358.75,88,30355.50,30356.00,0.50
2026-06-30 10:20:40,30359.25,30359.75,30355.75,30355.75,45,30355.50,30356.00,0.50
2026-06-30 10:20:41,30355.75,30355.75,30352.50,30352.50,53,30353.00,30353.50,0.50
2026-06-30 10:20:42,30353.50,30355.75,30353.00,30353.00,67,30353.00,30353.50,0.50
2026-06-30 10:20:43,30353.25,30353.75,30351.25,30352.25,62,30354.25,30354.50,0.25
2026-06-30 10:20:44,30352.50,30355.00,30352.50,30354.00,61,30353.75,30354.25,0.50
2026-06-30 10:20:45,30354.50,30354.50,30353.25,30354.25,39,30354.75,30355.25,0.50
2026-06-30 10:20:46,30353.75,30355.00,30352.75,30355.00,66,30356.75,30357.50,0.75
2026-06-30 10:20:47,30354.75,30358.75,30354.00,30356.75,73,30356.50,30357.00,0.50
2026-06-30 10:20:48,30356.25,30357.75,30355.00,30357.00,41,30357.00,30357.75,0.75
2026-06-30 10:20:49,30357.75,30358.25,30356.25,30356.75,32,30359.00,30359.75,0.75
2026-06-30 10:20:50,30358.00,30360.25,30357.75,30359.50,52,30361.50,30362.00,0.50
2026-06-30 10:20:51,30360.00,30362.75,30359.50,30361.75,64,30361.75,30362.25,0.50
2026-06-30 10:20:52,30361.50,30362.75,30359.50,30361.25,49,30360.75,30361.25,0.50
2026-06-30 10:20:53,30362.50,30362.50,30359.25,30361.00,97,30360.00,30360.50,0.50
2026-06-30 10:20:54,30361.25,30363.25,30359.25,30359.25,75,30360.75,30361.25,0.50
2026-06-30 10:20:55,30361.00,30361.50,30360.00,30360.50,26,30360.00,30360.50,0.50
2026-06-30 10:20:56,30361.25,30361.25,30359.00,30360.00,50,30363.50,30364.00,0.50
2026-06-30 10:20:57,30361.00,30364.00,30360.50,30363.75,50,30365.25,30365.75,0.50
2026-06-30 10:20:58,30363.75,30366.75,30362.75,30365.25,99,30365.25,30365.75,0.50
2026-06-30 10:20:59,30365.50,30365.50,30363.75,30365.00,37,30368.25,30368.75,0.50
2026-06-30 10:21:00,30365.25,30369.00,30364.75,30368.50,73,30367.00,30367.50,0.50
2026-06-30 10:21:01,30368.50,30368.50,30366.75,30367.25,72,30362.25,30362.50,0.25
2026-06-30 10:21:02,30367.00,30367.00,30361.25,30362.25,285,30364.50,30364.75,0.25
2026-06-30 10:21:03,30363.00,30365.25,30363.00,30364.50,95,30363.00,30363.50,0.50
2026-06-30 10:21:04,30364.75,30366.00,30363.00,30363.00,65,30367.75,30368.25,0.50
2026-06-30 10:21:05,30363.50,30367.75,30363.50,30367.75,55,30372.75,30373.25,0.50
2026-06-30 10:21:06,30367.75,30373.25,30367.50,30373.25,197,30372.75,30373.25,0.50
2026-06-30 10:21:07,30373.25,30376.00,30370.50,30372.75,186,30369.00,30369.50,0.50
2026-06-30 10:21:08,30372.75,30372.75,30368.75,30369.50,71,30369.00,30369.50,0.50
2026-06-30 10:21:09,30368.75,30369.50,30368.25,30369.00,42,30365.50,30366.00,0.50
2026-06-30 10:21:10,30368.50,30368.75,30365.50,30365.50,45,30368.25,30368.50,0.25
2026-06-30 10:21:11,30365.25,30368.50,30365.25,30368.00,32,30368.25,30369.00,0.75
2026-06-30 10:21:12,30368.50,30370.00,30368.00,30368.50,38,30370.00,30370.50,0.50
2026-06-30 10:21:13,30368.00,30371.75,30368.00,30370.00,70,30371.25,30371.75,0.50
2026-06-30 10:21:14,30370.25,30371.50,30369.75,30371.50,66,30371.25,30371.75,0.50
2026-06-30 10:21:15,30371.75,30373.25,30368.50,30371.50,81,30371.25,30371.75,0.50
2026-06-30 10:21:16,30371.50,30372.50,30368.00,30371.75,110,30369.50,30370.00,0.50
2026-06-30 10:21:17,30371.00,30372.00,30369.75,30370.00,36,30368.00,30368.50,0.50
2026-06-30 10:21:18,30369.00,30369.25,30367.75,30368.00,43,30369.25,30369.75,0.50
2026-06-30 10:21:19,30368.75,30371.25,30368.25,30369.00,50,30371.25,30371.50,0.25
2026-06-30 10:21:20,30369.00,30372.50,30369.00,30371.25,49,30369.25,30369.75,0.50
2026-06-30 10:21:21,30371.50,30373.25,30368.75,30369.75,86,30370.25,30370.75,0.50
2026-06-30 10:21:22,30369.50,30372.25,30369.50,30370.50,49,30369.75,30370.25,0.50
2026-06-30 10:21:23,30370.00,30370.50,30369.50,30369.75,32,30368.00,30368.50,0.50
2026-06-30 10:21:24,30370.75,30371.00,30367.50,30368.75,50,30366.00,30366.50,0.50
2026-06-30 10:21:25,30368.25,30369.25,30366.00,30366.50,46,30366.50,30367.00,0.50
2026-06-30 10:21:26,30366.50,30368.75,30365.00,30367.00,83,30368.00,30368.50,0.50
2026-06-30 10:21:27,30367.50,30369.00,30367.25,30369.00,29,30368.75,30369.25,0.50
2026-06-30 10:21:28,30368.00,30369.75,30367.75,30368.25,69,30372.50,30373.00,0.50
2026-06-30 10:21:29,30369.00,30371.75,30367.75,30371.75,69,30372.50,30373.00,0.50
2026-06-30 10:21:30,30372.50,30373.00,30371.00,30371.25,45,30372.25,30372.50,0.25
2026-06-30 10:21:31,30372.00,30375.00,30371.75,30372.50,81,30372.00,30372.50,0.50
2026-06-30 10:21:32,30372.00,30374.50,30371.50,30372.25,59,30372.00,30372.50,0.50
2026-06-30 10:21:33,30372.25,30373.75,30370.25,30370.75,36,30372.25,30372.75,0.50
2026-06-30 10:21:34,30370.75,30373.75,30369.25,30372.50,89,30375.75,30376.25,0.50
2026-06-30 10:21:35,30372.75,30378.25,30372.75,30376.00,144,30374.50,30375.00,0.50
2026-06-30 10:21:36,30375.75,30376.50,30374.00,30374.50,75,30374.50,30375.00,0.50
2026-06-30 10:21:37,30374.75,30375.75,30374.00,30374.50,40,30373.75,30374.25,0.50
2026-06-30 10:21:38,30375.00,30376.25,30373.25,30373.75,83,30371.00,30371.50,0.50
2026-06-30 10:21:39,30373.75,30374.25,30369.50,30371.25,114,30369.50,30370.00,0.50
2026-06-30 10:21:40,30370.75,30372.25,30368.75,30369.75,82,30372.50,30373.00,0.50
2026-06-30 10:21:41,30370.00,30372.75,30369.75,30372.50,33,30373.50,30374.00,0.50
2026-06-30 10:21:42,30372.75,30374.00,30372.00,30374.00,33,30374.25,30374.75,0.50
2026-06-30 10:21:43,30374.50,30374.75,30372.50,30374.75,37,30368.00,30368.50,0.50
2026-06-30 10:21:44,30374.00,30375.25,30367.75,30368.25,109,30370.75,30371.25,0.50
2026-06-30 10:21:45,30367.50,30371.75,30367.25,30370.75,57,30369.25,30369.75,0.50
2026-06-30 10:21:46,30370.75,30371.75,30367.75,30369.25,68,30376.75,30377.00,0.25
2026-06-30 10:21:47,30369.75,30377.25,30369.25,30376.00,95,30376.00,30376.50,0.50
2026-06-30 10:21:48,30377.75,30384.75,30376.00,30376.00,591,30372.50,30373.00,0.50
2026-06-30 10:21:49,30375.75,30376.25,30371.50,30372.75,175,30373.25,30374.00,0.75
2026-06-30 10:21:50,30372.50,30374.50,30371.75,30373.75,52,30372.00,30372.75,0.75
2026-06-30 10:21:51,30373.25,30374.25,30371.25,30372.50,46,30372.00,30372.50,0.50
2026-06-30 10:21:52,30372.00,30374.50,30372.00,30372.25,46,30372.00,30372.75,0.75
2026-06-30 10:21:53,30372.00,30374.25,30372.00,30372.50,58,30373.75,30374.25,0.50
2026-06-30 10:21:54,30372.25,30375.75,30371.75,30374.00,44,30373.75,30374.25,0.50
2026-06-30 10:21:55,30374.00,30374.75,30372.00,30374.25,42,30376.25,30376.75,0.50
2026-06-30 10:21:56,30374.00,30376.75,30374.00,30376.75,43,30376.25,30376.75,0.50
2026-06-30 10:21:57,30376.25,30376.75,30375.75,30376.25,21,30376.00,30376.50,0.50
2026-06-30 10:21:58,30376.25,30377.75,30374.50,30376.25,57,30375.75,30376.25,0.50
2026-06-30 10:21:59,30376.50,30377.25,30375.50,30375.75,65,30374.00,30374.50,0.50
2026-06-30 10:22:00,30376.00,30376.00,30374.25,30374.50,64,30376.00,30376.50,0.50
2026-06-30 10:22:01,30374.75,30376.00,30372.25,30376.00,66,30374.75,30375.25,0.50
2026-06-30 10:22:02,30375.75,30376.50,30375.00,30375.00,45,30376.50,30377.25,0.75
2026-06-30 10:22:03,30374.75,30377.00,30373.50,30377.00,85,30376.00,30376.50,0.50
2026-06-30 10:22:04,30376.75,30377.25,30374.25,30376.50,46,30381.00,30381.50,0.50
2026-06-30 10:22:05,30376.50,30381.25,30376.50,30381.25,115,30380.75,30381.25,0.50
2026-06-30 10:22:06,30381.50,30382.25,30379.75,30381.75,90,30384.00,30384.50,0.50
2026-06-30 10:22:07,30381.25,30384.25,30380.25,30383.75,151,30386.50,30387.25,0.75
2026-06-30 10:22:08,30384.25,30389.00,30383.75,30386.75,529,30384.75,30385.50,0.75
2026-06-30 10:22:09,30386.75,30388.50,30384.75,30385.00,194,30381.50,30381.75,0.25
2026-06-30 10:22:10,30385.00,30385.25,30380.00,30381.00,134,30380.25,30380.75,0.50
2026-06-30 10:22:11,30381.25,30382.50,30380.50,30381.25,84,30379.50,30380.00,0.50
2026-06-30 10:22:12,30380.50,30382.75,30379.50,30379.50,57,30377.50,30378.00,0.50
2026-06-30 10:22:13,30379.50,30380.75,30376.75,30377.50,132,30380.00,30380.25,0.25
2026-06-30 10:22:14,30378.25,30380.00,30377.75,30379.75,87,30380.75,30381.25,0.50
2026-06-30 10:22:15,30381.00,30381.50,30378.75,30381.50,41,30381.75,30382.25,0.50
2026-06-30 10:22:16,30381.50,30382.25,30379.50,30382.25,61,30383.50,30384.00,0.50
2026-06-30 10:22:17,30382.75,30384.50,30381.00,30384.00,65,30382.50,30383.00,0.50
2026-06-30 10:22:18,30383.50,30383.50,30382.00,30382.75,38,30384.75,30385.25,0.50
2026-06-30 10:22:19,30382.50,30386.75,30381.75,30385.25,53,30382.75,30383.25,0.50
2026-06-30 10:22:20,30384.75,30385.25,30383.00,30383.00,110,30385.00,30385.50,0.50
2026-06-30 10:22:21,30382.50,30385.00,30382.00,30384.50,91,30387.75,30388.25,0.50
2026-06-30 10:22:22,30385.00,30388.50,30384.75,30388.25,87,30388.50,30389.00,0.50
2026-06-30 10:22:23,30387.75,30389.75,30386.75,30388.25,156,30388.75,30389.25,0.50
2026-06-30 10:22:24,30388.50,30390.50,30388.50,30389.50,259,30388.75,30389.25,0.50
2026-06-30 10:22:25,30389.25,30389.50,30387.25,30389.25,110,30386.75,30387.25,0.50
2026-06-30 10:22:26,30389.25,30390.00,30384.25,30386.75,213,30386.75,30387.25,0.50
2026-06-30 10:22:27,30387.25,30387.50,30385.25,30387.25,68,30385.25,30385.75,0.50
2026-06-30 10:22:28,30387.00,30387.75,30385.50,30385.50,58,30384.75,30385.25,0.50
2026-06-30 10:22:29,30385.75,30386.25,30384.00,30384.75,37,30385.25,30385.75,0.50
2026-06-30 10:22:30,30385.25,30387.25,30385.00,30385.50,73,30387.75,30388.25,0.50
2026-06-30 10:22:31,30385.50,30388.25,30385.00,30388.25,86,30384.25,30384.75,0.50
2026-06-30 10:22:32,30388.25,30389.50,30384.50,30384.50,88,30383.25,30383.75,0.50
2026-06-30 10:22:33,30384.75,30386.75,30382.75,30383.75,108,30384.25,30384.75,0.50
2026-06-30 10:22:34,30384.00,30385.25,30382.50,30384.50,112,30383.50,30384.00,0.50
2026-06-30 10:22:35,30384.75,30387.25,30383.75,30383.75,76,30387.50,30388.00,0.50
2026-06-30 10:22:36,30384.00,30389.00,30383.75,30387.50,105,30388.00,30388.50,0.50
2026-06-30 10:22:37,30387.50,30388.75,30386.50,30388.25,64,30390.25,30390.50,0.25
2026-06-30 10:22:38,30388.50,30392.25,30388.50,30390.25,243,30389.75,30390.25,0.50
2026-06-30 10:22:39,30390.25,30391.00,30387.50,30389.75,103,30389.00,30389.50,0.50
2026-06-30 10:22:40,30389.25,30389.75,30388.00,30389.00,113,30387.75,30388.25,0.50
2026-06-30 10:22:41,30389.50,30389.50,30386.25,30388.00,109,30390.00,30390.25,0.25
2026-06-30 10:22:42,30387.25,30391.25,30387.00,30390.25,106,30390.25,30390.75,0.50
2026-06-30 10:22:43,30389.75,30392.00,30389.50,30390.25,78,30390.25,30390.75,0.50
2026-06-30 10:22:44,30390.25,30391.25,30389.50,30390.75,85,30393.50,30394.00,0.50
2026-06-30 10:22:45,30391.50,30399.25,30390.75,30393.50,1102,30397.75,30398.25,0.50
2026-06-30 10:22:46,30394.00,30401.25,30393.75,30397.75,805,30397.25,30397.75,0.50
2026-06-30 10:22:47,30397.75,30398.50,30396.50,30397.75,235,30397.25,30397.75,0.50
2026-06-30 10:22:48,30397.25,30401.25,30397.00,30397.75,234,30393.50,30393.75,0.25
2026-06-30 10:22:49,30397.75,30399.75,30393.25,30394.00,282,30393.50,30393.75,0.25
2026-06-30 10:22:50,30393.75,30397.75,30392.75,30397.75,126,30397.25,30397.75,0.50
2026-06-30 10:22:51,30397.50,30403.00,30397.25,30401.75,317,30400.25,30400.75,0.50
2026-06-30 10:22:52,30401.75,30401.75,30398.25,30400.25,208,30401.00,30401.50,0.50
2026-06-30 10:22:53,30400.25,30402.00,30399.00,30401.25,149,30399.00,30399.50,0.50
2026-06-30 10:22:54,30401.50,30403.00,30398.50,30399.50,153,30395.50,30396.00,0.50
2026-06-30 10:22:55,30399.00,30399.25,30395.25,30395.25,181,30398.00,30398.50,0.50
2026-06-30 10:22:56,30396.00,30398.25,30393.25,30398.25,184,30398.00,30398.50,0.50
2026-06-30 10:22:57,30398.50,30399.25,30397.25,30398.50,91,30400.00,30400.50,0.50
2026-06-30 10:22:58,30398.25,30401.25,30397.25,30400.25,172,30399.75,30400.25,0.50
2026-06-30 10:22:59,30400.00,30401.00,30399.75,30400.25,102,30399.75,30400.25,0.50
2026-06-30 10:23:00,30400.25,30401.50,30399.50,30400.25,96,30398.75,30399.25,0.50
2026-06-30 10:23:01,30400.00,30401.25,30397.50,30398.50,168,30398.75,30399.25,0.50
2026-06-30 10:23:02,30399.25,30399.25,30395.50,30396.75,144,30401.50,30402.00,0.50
2026-06-30 10:23:03,30397.00,30402.00,30397.00,30402.00,161,30401.00,30401.75,0.75
2026-06-30 10:23:04,30401.25,30403.00,30400.50,30401.50,178,30398.50,30399.00,0.50
2026-06-30 10:23:05,30401.00,30401.50,30397.75,30397.75,125,30395.75,30396.25,0.50
2026-06-30 10:23:06,30398.50,30398.75,30394.75,30396.25,214,30395.75,30396.25,0.50
2026-06-30 10:23:07,30395.75,30398.25,30394.75,30397.00,126,30398.00,30398.50,0.50
2026-06-30 10:23:08,30396.75,30399.50,30396.50,30398.25,60,30402.75,30403.50,0.75
2026-06-30 10:23:09,30398.75,30406.25,30398.25,30403.50,286,30405.75,30406.00,0.25
2026-06-30 10:23:10,30403.25,30406.00,30403.00,30405.75,200,30405.75,30406.00,0.25
2026-06-30 10:23:11,30406.00,30407.00,30404.00,30405.00,222,30404.50,30405.00,0.50
2026-06-30 10:23:12,30405.00,30405.00,30402.75,30402.75,108,30403.25,30403.75,0.50
2026-06-30 10:23:13,30403.00,30404.50,30402.75,30403.25,71,30404.75,30405.25,0.50
2026-06-30 10:23:14,30403.75,30405.50,30402.75,30405.00,135,30411.75,30412.25,0.50
2026-06-30 10:23:15,30405.25,30413.25,30403.50,30411.75,552,30410.50,30411.00,0.50
2026-06-30 10:23:16,30412.25,30413.00,30409.50,30410.50,238,30410.50,30411.00,0.50
2026-06-30 10:23:17,30410.50,30411.25,30408.00,30409.50,159,30406.50,30407.00,0.50
2026-06-30 10:23:18,30409.50,30409.75,30406.00,30406.75,178,30407.25,30408.00,0.75
2026-06-30 10:23:19,30407.25,30407.50,30404.75,30407.25,104,30407.25,30408.00,0.75
2026-06-30 10:23:20,30407.75,30412.25,30407.75,30411.00,168,30410.00,30410.75,0.75
2026-06-30 10:23:21,30410.50,30410.50,30408.50,30409.25,122,30405.50,30406.00,0.50
2026-06-30 10:23:22,30409.25,30409.25,30402.50,30404.75,201,30405.50,30406.00,0.50
2026-06-30 10:23:23,30405.50,30406.75,30404.25,30406.50,113,30405.50,30406.00,0.50
2026-06-30 10:23:24,30406.50,30406.75,30404.50,30405.50,107,30404.25,30404.75,0.50
2026-06-30 10:23:25,30406.00,30406.25,30403.75,30404.50,79,30405.75,30406.50,0.75
2026-06-30 10:23:26,30404.75,30407.00,30404.25,30406.00,80,30405.75,30406.50,0.75
2026-06-30 10:23:27,30406.00,30406.75,30404.50,30406.00,55,30404.75,30405.25,0.50
2026-06-30 10:23:28,30406.00,30406.50,30404.50,30405.00,47,30406.25,30406.75,0.50
2026-06-30 10:23:29,30404.75,30407.00,30404.50,30407.00,57,30409.75,30410.00,0.25
2026-06-30 10:23:30,30406.25,30410.00,30406.25,30410.00,63,30411.75,30412.25,0.50
2026-06-30 10:23:31,30410.00,30412.25,30410.00,30412.25,105,30412.00,30412.50,0.50
2026-06-30 10:23:32,30412.25,30412.50,30410.00,30412.50,74,30412.00,30412.50,0.50
2026-06-30 10:23:33,30412.50,30413.00,30411.00,30412.50,98,30412.75,30413.25,0.50
2026-06-30 10:23:34,30412.25,30414.50,30412.00,30413.00,260,30412.25,30412.75,0.50
2026-06-30 10:23:35,30413.25,30414.00,30411.50,30412.25,114,30414.00,30414.50,0.50
2026-06-30 10:23:36,30412.25,30415.50,30412.00,30414.00,221,30410.75,30411.50,0.75
2026-06-30 10:23:37,30414.75,30414.75,30411.00,30411.00,119,30411.00,30411.50,0.50
2026-06-30 10:23:38,30411.00,30411.75,30409.50,30411.50,163,30411.00,30411.50,0.50
2026-06-30 10:23:39,30411.50,30413.00,30411.00,30412.25,112,30413.00,30413.50,0.50
2026-06-30 10:23:40,30413.00,30413.50,30412.00,30413.50,71,30413.75,30414.25,0.50
2026-06-30 10:23:41,30413.50,30413.75,30412.25,30413.25,30,30413.75,30414.25,0.50
2026-06-30 10:23:42,30413.75,30414.50,30412.25,30413.75,122,30413.25,30413.75,0.50
2026-06-30 10:23:43,30412.75,30415.00,30412.75,30413.25,58,30412.75,30413.25,0.50
2026-06-30 10:23:44,30413.25,30414.50,30412.50,30412.75,85,30413.25,30413.75,0.50
2026-06-30 10:23:45,30413.25,30414.00,30412.75,30413.50,60,30411.25,30411.75,0.50
2026-06-30 10:23:46,30413.25,30413.25,30411.00,30412.00,82,30411.00,30411.50,0.50
2026-06-30 10:23:47,30410.75,30411.25,30410.25,30411.25,93,30411.50,30412.00,0.50
2026-06-30 10:23:48,30411.25,30411.50,30409.25,30411.00,104,30411.75,30412.25,0.50
2026-06-30 10:23:49,30411.75,30413.00,30411.50,30411.75,97,30411.75,30412.25,0.50
2026-06-30 10:23:50,30412.00,30415.25,30411.75,30415.00,98,30412.50,30413.00,0.50
2026-06-30 10:23:51,30414.75,30415.50,30413.00,30413.50,61,30413.25,30413.75,0.50
2026-06-30 10:23:52,30413.00,30414.25,30412.50,30413.50,71,30412.50,30413.00,0.50
2026-06-30 10:23:53,30413.25,30413.50,30410.50,30413.00,114,30414.25,30414.75,0.50
2026-06-30 10:23:54,30413.00,30414.50,30412.50,30414.25,71,30416.75,30417.25,0.50
2026-06-30 10:23:55,30413.75,30418.50,30413.75,30416.75,204,30416.75,30417.25,0.50
2026-06-30 10:23:56,30417.25,30417.25,30414.75,30415.50,140,30413.25,30413.75,0.50
2026-06-30 10:23:57,30415.00,30416.00,30413.00,30413.25,149,30415.00,30415.25,0.25
2026-06-30 10:23:58,30413.75,30415.75,30413.25,30415.00,68,30416.00,30416.50,0.50
2026-06-30 10:23:59,30415.25,30416.25,30414.75,30415.75,39,30416.50,30417.00,0.50
2026-06-30 10:24:00,30416.00,30417.75,30415.75,30416.75,67,30416.50,30417.00,0.50
2026-06-30 10:24:01,30417.00,30417.50,30413.25,30416.25,200,30417.00,30417.50,0.50
2026-06-30 10:24:02,30416.25,30417.75,30415.50,30417.00,105,30416.25,30416.75,0.50
2026-06-30 10:24:03,30417.50,30417.50,30414.75,30416.25,84,30416.25,30416.75,0.50
2026-06-30 10:24:04,30416.50,30417.25,30414.50,30415.25,164,30417.25,30417.75,0.50
2026-06-30 10:24:05,30416.25,30419.25,30416.25,30417.50,247,30417.50,30418.00,0.50
2026-06-30 10:24:06,30418.00,30418.50,30416.50,30418.00,135,30417.50,30418.00,0.50
2026-06-30 10:24:07,30418.00,30422.75,30417.25,30421.50,320,30417.50,30417.75,0.25
2026-06-30 10:24:08,30421.00,30421.25,30416.50,30417.25,142,30417.50,30418.00,0.50
2026-06-30 10:24:09,30417.75,30418.50,30417.00,30417.50,97,30418.00,30418.25,0.25
2026-06-30 10:24:10,30418.00,30419.50,30417.75,30418.25,69,30414.75,30415.50,0.75
2026-06-30 10:24:11,30418.25,30418.25,30413.75,30414.50,217,30413.25,30413.75,0.50
2026-06-30 10:24:12,30414.75,30416.00,30412.75,30413.25,139,30415.75,30416.25,0.50
2026-06-30 10:24:13,30413.25,30416.00,30413.00,30416.00,110,30413.75,30414.25,0.50
2026-06-30 10:24:14,30416.75,30416.75,30412.75,30414.25,81,30417.25,30417.75,0.50
2026-06-30 10:24:15,30414.75,30417.75,30414.75,30417.00,80,30418.50,30419.00,0.50
2026-06-30 10:24:16,30417.75,30418.75,30416.50,30418.50,73,30419.75,30420.25,0.50
2026-06-30 10:24:17,30418.75,30420.00,30416.75,30420.00,99,30421.50,30421.75,0.25
2026-06-30 10:24:18,30419.50,30423.25,30419.50,30421.75,216,30419.50,30420.00,0.50
2026-06-30 10:24:19,30421.75,30422.00,30419.25,30419.50,84,30418.25,30418.75,0.50
2026-06-30 10:24:20,30419.75,30420.25,30418.25,30418.50,84,30415.50,30416.00,0.50
2026-06-30 10:24:21,30418.50,30418.75,30415.25,30415.75,109,30416.00,30416.50,0.50
2026-06-30 10:24:22,30415.75,30416.75,30415.75,30416.50,57,30415.25,30415.50,0.25
2026-06-30 10:24:23,30415.75,30418.25,30414.75,30415.50,67,30411.25,30411.50,0.25
2026-06-30 10:24:24,30415.25,30415.50,30410.50,30411.25,245,30411.25,30411.50,0.25
2026-06-30 10:24:25,30411.50,30414.00,30410.75,30412.50,131,30412.50,30413.00,0.50
2026-06-30 10:24:26,30412.75,30413.25,30412.00,30412.50,81,30412.50,30413.00,0.50
2026-06-30 10:24:27,30412.75,30413.00,30410.75,30411.50,75,30407.00,30407.50,0.50
2026-06-30 10:24:28,30411.50,30412.00,30407.00,30407.00,254,30409.00,30409.25,0.25
2026-06-30 10:24:29,30407.50,30409.50,30407.50,30409.00,159,30410.50,30411.00,0.50
2026-06-30 10:24:30,30409.00,30411.75,30408.00,30410.75,141,30410.50,30411.25,0.75
2026-06-30 10:24:31,30411.00,30411.75,30409.25,30411.25,97,30409.50,30410.00,0.50
2026-06-30 10:24:32,30410.75,30410.75,30409.25,30409.50,68,30409.25,30409.75,0.50
2026-06-30 10:24:33,30409.50,30410.25,30408.25,30409.25,73,30409.25,30409.50,0.25
2026-06-30 10:24:34,30409.75,30410.50,30409.00,30409.25,47,30411.50,30411.75,0.25
2026-06-30 10:24:35,30409.50,30412.50,30408.50,30411.25,104,30411.50,30411.75,0.25
2026-06-30 10:24:36,30411.75,30412.25,30409.75,30411.25,55,30408.25,30408.50,0.25
2026-06-30 10:24:37,30410.25,30410.25,30408.25,30408.50,60,30406.00,30406.25,0.25
2026-06-30 10:24:38,30408.25,30408.50,30405.25,30406.25,114,30406.00,30406.25,0.25
2026-06-30 10:24:39,30406.50,30406.75,30405.25,30406.25,79,30405.25,30405.50,0.25
2026-06-30 10:24:40,30405.25,30406.00,30403.25,30405.50,132,30406.75,30407.25,0.50
2026-06-30 10:24:41,30405.25,30407.25,30405.00,30407.25,76,30406.25,30406.75,0.50
2026-06-30 10:24:42,30407.25,30407.25,30406.00,30406.50,31,30406.25,30406.75,0.50
2026-06-30 10:24:43,30406.50,30407.50,30406.25,30406.75,38,30405.00,30405.50,0.50
2026-06-30 10:24:44,30406.75,30407.00,30405.00,30405.25,88,30405.00,30405.50,0.50
2026-06-30 10:24:45,30405.50,30410.75,30405.00,30409.25,147,30407.75,30408.25,0.50
2026-06-30 10:24:46,30409.25,30409.75,30407.25,30408.00,72,30407.00,30407.75,0.75
2026-06-30 10:24:47,30407.75,30409.00,30406.75,30406.75,78,30406.50,30407.00,0.50
2026-06-30 10:24:48,30406.75,30407.00,30406.00,30406.25,67,30406.75,30407.00,0.25
2026-06-30 10:24:49,30406.25,30407.50,30406.25,30407.00,22,30408.75,30409.25,0.50
2026-06-30 10:24:50,30407.00,30409.75,30406.25,30409.00,45,30409.00,30409.50,0.50
2026-06-30 10:24:51,30409.00,30409.00,30407.00,30408.75,51,30409.00,30409.50,0.50
2026-06-30 10:24:52,30409.25,30411.25,30406.00,30406.50,69,30408.00,30408.50,0.50
2026-06-30 10:24:53,30406.75,30408.25,30406.25,30408.00,60,30409.50,30410.00,0.50
2026-06-30 10:24:54,30408.00,30410.00,30407.75,30409.75,41,30411.00,30411.25,0.25
2026-06-30 10:24:55,30409.75,30412.50,30409.25,30411.25,78,30410.00,30410.50,0.50
2026-06-30 10:24:56,30411.25,30411.75,30410.00,30410.50,39,30411.50,30411.75,0.25
2026-06-30 10:24:57,30411.00,30413.25,30411.00,30412.00,56,30411.00,30411.25,0.25
2026-06-30 10:24:58,30411.50,30411.75,30409.75,30411.00,46,30411.50,30412.00,0.50
2026-06-30 10:24:59,30410.75,30412.75,30410.75,30411.00,44,30411.50,30412.00,0.50
2026-06-30 10:25:00,30411.50,30412.00,30410.75,30411.50,35,30412.75,30413.25,0.50
2026-06-30 10:25:01,30410.75,30414.75,30410.50,30413.00,161,30407.50,30407.75,0.25
2026-06-30 10:25:02,30413.00,30413.50,30407.25,30407.50,107,30407.25,30407.75,0.50
2026-06-30 10:25:03,30407.75,30408.25,30406.75,30407.50,69,30407.25,30407.75,0.50
2026-06-30 10:25:04,30407.75,30409.50,30406.75,30409.00,73,30408.25,30408.75,0.50
2026-06-30 10:25:05,30409.75,30411.25,30408.00,30408.25,64,30408.25,30408.75,0.50
2026-06-30 10:25:06,30408.50,30409.25,30407.25,30408.50,78,30408.00,30408.25,0.25
2026-06-30 10:25:07,30407.50,30409.00,30407.25,30408.25,115,30407.25,30407.75,0.50
2026-06-30 10:25:08,30408.25,30409.50,30407.25,30407.25,78,30405.75,30406.25,0.50
2026-06-30 10:25:09,30407.25,30407.75,30403.50,30406.25,196,30405.75,30406.25,0.50
2026-06-30 10:25:10,30406.25,30406.25,30404.50,30405.50,77,30407.25,30407.75,0.50
2026-06-30 10:25:11,30405.25,30408.50,30405.25,30407.25,83,30407.25,30407.75,0.50
2026-06-30 10:25:12,30407.50,30410.00,30406.75,30408.25,109,30413.00,30413.50,0.50
2026-06-30 10:25:13,30408.50,30414.00,30408.00,30413.00,115,30412.25,30412.75,0.50
2026-06-30 10:25:14,30413.25,30414.25,30412.00,30412.25,138,30409.50,30410.00,0.50
2026-06-30 10:25:15,30412.25,30412.25,30408.75,30409.75,70,30408.00,30408.50,0.50
2026-06-30 10:25:16,30410.00,30410.25,30407.00,30407.00,56,30408.00,30408.50,0.50
2026-06-30 10:25:17,30408.00,30409.00,30407.75,30408.00,18,30408.00,30408.50,0.50
2026-06-30 10:25:18,30408.50,30408.50,30399.75,30399.75,321,30403.25,30403.75,0.50
2026-06-30 10:25:19,30400.00,30404.50,30399.50,30404.50,110,30400.75,30401.25,0.50
2026-06-30 10:25:20,30403.75,30404.00,30400.50,30401.00,82,30398.00,30398.50,0.50
2026-06-30 10:25:21,30401.00,30401.00,30397.50,30398.00,225,30398.00,30398.50,0.50
2026-06-30 10:25:22,30398.25,30398.50,30393.50,30396.75,329,30397.25,30397.75,0.50
2026-06-30 10:25:23,30397.00,30398.50,30396.50,30397.75,168,30397.25,30397.75,0.50
2026-06-30 10:25:24,30397.25,30400.50,30397.25,30399.25,135,30399.00,30399.50,0.50
2026-06-30 10:25:25,30399.75,30400.25,30397.75,30399.50,79,30399.25,30399.75,0.50
2026-06-30 10:25:26,30399.00,30400.25,30398.50,30399.00,103,30399.25,30399.75,0.50
2026-06-30 10:25:27,30399.75,30400.75,30398.50,30399.50,69,30402.75,30403.25,0.50
2026-06-30 10:25:28,30400.00,30404.75,30399.75,30403.00,141,30402.75,30403.25,0.50
2026-06-30 10:25:29,30402.75,30405.00,30402.50,30402.75,83,30402.00,30402.50,0.50
2026-06-30 10:25:30,30402.75,30403.25,30401.00,30402.00,68,30400.50,30401.00,0.50
2026-06-30 10:25:31,30402.25,30402.75,30400.75,30400.75,64,30399.00,30399.50,0.50
2026-06-30 10:25:32,30400.25,30401.75,30398.50,30398.50,66,30399.25,30399.75,0.50
2026-06-30 10:25:33,30399.00,30400.25,30398.00,30399.25,48,30399.25,30399.75,0.50
2026-06-30 10:25:34,30399.25,30401.25,30398.25,30400.00,122,30399.50,30400.00,0.50
2026-06-30 10:25:35,30400.00,30401.50,30399.50,30400.00,62,30399.75,30400.25,0.50
2026-06-30 10:25:36,30400.00,30402.00,30399.75,30400.25,55,30396.75,30397.25,0.50
2026-06-30 10:25:37,30400.00,30400.25,30396.50,30396.50,100,30394.25,30394.75,0.50
2026-06-30 10:25:38,30396.75,30396.75,30394.25,30394.50,114,30396.25,30397.00,0.75
2026-06-30 10:25:39,30394.75,30397.75,30394.25,30396.75,135,30389.50,30390.00,0.50
2026-06-30 10:25:40,30396.25,30396.50,30388.25,30389.50,417,30388.00,30388.50,0.50
2026-06-30 10:25:41,30389.50,30389.75,30386.25,30388.25,262,30389.00,30389.50,0.50
2026-06-30 10:25:42,30389.00,30390.00,30387.50,30389.25,140,30389.00,30389.50,0.50
2026-06-30 10:25:43,30389.00,30389.75,30387.25,30389.00,120,30389.00,30389.50,0.50
2026-06-30 10:25:44,30388.75,30390.50,30388.25,30390.50,83,30390.50,30391.00,0.50
2026-06-30 10:25:45,30390.75,30394.00,30390.25,30390.75,164,30388.00,30388.50,0.50
2026-06-30 10:25:46,30391.00,30392.25,30389.50,30389.50,175,30388.00,30388.50,0.50
2026-06-30 10:25:47,30389.25,30389.25,30384.50,30386.75,255,30389.00,30389.50,0.50
2026-06-30 10:25:48,30386.25,30389.50,30385.25,30389.25,192,30389.00,30389.50,0.50
2026-06-30 10:25:49,30388.75,30392.50,30388.75,30391.75,148,30391.50,30391.75,0.25
2026-06-30 10:25:50,30392.25,30392.25,30389.25,30390.50,106,30388.25,30388.75,0.50
2026-06-30 10:25:51,30389.75,30391.25,30388.25,30388.25,64,30390.50,30391.25,0.75
2026-06-30 10:25:52,30388.75,30392.00,30388.75,30391.00,41,30390.00,30390.25,0.25
2026-06-30 10:25:53,30390.50,30391.50,30389.50,30390.25,47,30391.25,30391.50,0.25
2026-06-30 10:25:54,30390.50,30392.50,30390.50,30391.00,76,30391.75,30392.00,0.25
2026-06-30 10:25:55,30391.25,30393.75,30388.50,30392.00,96,30393.00,30393.50,0.50
2026-06-30 10:25:56,30392.00,30393.50,30391.50,30393.50,60,30393.50,30393.75,0.25
2026-06-30 10:25:57,30393.00,30394.50,30392.25,30393.50,89,30394.75,30395.25,0.50
2026-06-30 10:25:58,30393.75,30396.50,30393.00,30395.25,90,30390.75,30391.50,0.75
2026-06-30 10:25:59,30394.75,30395.00,30390.50,30390.75,72,30389.25,30389.75,0.50
2026-06-30 10:26:00,30390.75,30392.25,30389.25,30389.25,119,30386.50,30387.00,0.50
2026-06-30 10:26:01,30389.50,30389.50,30386.25,30387.00,139,30389.50,30390.00,0.50
2026-06-30 10:26:02,30386.50,30390.75,30386.25,30389.50,82,30395.50,30396.00,0.50
2026-06-30 10:26:03,30389.50,30396.75,30389.25,30395.75,261,30392.25,30392.75,0.50
2026-06-30 10:26:04,30396.00,30396.00,30393.00,30393.00,85,30393.75,30394.25,0.50
2026-06-30 10:26:05,30393.00,30395.25,30392.75,30394.25,62,30393.75,30394.25,0.50
2026-06-30 10:26:06,30393.75,30394.50,30391.00,30393.75,62,30394.75,30395.00,0.25
2026-06-30 10:26:07,30394.00,30396.75,30393.75,30395.50,107,30396.00,30396.50,0.50
2026-06-30 10:26:08,30395.50,30398.50,30395.00,30396.25,103,30396.00,30396.50,0.50
2026-06-30 10:26:09,30396.25,30406.25,30396.25,30406.25,303,30405.50,30406.00,0.50
2026-06-30 10:26:10,30404.75,30406.50,30404.75,30405.50,148,30403.00,30403.50,0.50
2026-06-30 10:26:11,30405.50,30406.50,30402.25,30403.50,248,30400.25,30400.75,0.50
2026-06-30 10:26:12,30403.00,30403.00,30399.50,30400.25,117,30400.00,30400.50,0.50
2026-06-30 10:26:13,30400.25,30401.00,30398.50,30400.00,72,30402.75,30403.00,0.25
2026-06-30 10:26:14,30400.25,30403.50,30400.25,30402.75,59,30402.25,30402.50,0.25
2026-06-30 10:26:15,30403.25,30403.50,30401.75,30402.50,87,30401.75,30402.25,0.50
2026-06-30 10:26:16,30402.25,30403.50,30401.50,30401.75,81,30401.00,30401.50,0.50
2026-06-30 10:26:17,30402.00,30403.25,30400.25,30400.75,47,30399.00,30399.50,0.50
2026-06-30 10:26:18,30401.00,30401.75,30397.75,30399.25,115,30397.50,30398.00,0.50
2026-06-30 10:26:19,30399.50,30400.25,30397.00,30398.25,70,30399.75,30400.50,0.75
2026-06-30 10:26:20,30397.25,30400.50,30397.25,30400.00,70,30399.50,30400.00,0.50
2026-06-30 10:26:21,30400.00,30400.50,30399.25,30400.00,41,30400.50,30401.00,0.50
2026-06-30 10:26:22,30400.00,30402.00,30400.00,30401.00,35,30401.75,30402.25,0.50
2026-06-30 10:26:23,30400.50,30402.25,30399.75,30402.00,47,30401.75,30402.25,0.50
2026-06-30 10:26:24,30402.00,30402.00,30400.00,30400.50,42,30400.50,30401.00,0.50
2026-06-30 10:26:25,30401.00,30401.25,30397.50,30398.00,83,30396.50,30397.00,0.50
2026-06-30 10:26:26,30398.50,30398.50,30396.00,30396.75,36,30398.00,30398.25,0.25
2026-06-30 10:26:27,30396.50,30398.50,30396.25,30397.75,66,30400.25,30400.75,0.50
2026-06-30 10:26:28,30398.00,30401.00,30398.00,30400.50,75,30400.25,30400.75,0.50
2026-06-30 10:26:29,30400.25,30400.50,30397.25,30398.25,45,30399.75,30400.25,0.50
2026-06-30 10:26:30,30398.50,30400.25,30397.75,30399.75,43,30399.25,30399.50,0.25
2026-06-30 10:26:31,30400.00,30401.25,30399.50,30399.50,53,30399.50,30400.00,0.50
2026-06-30 10:26:32,30399.50,30401.50,30399.50,30400.00,87,30399.50,30400.00,0.50
2026-06-30 10:26:33,30399.75,30401.25,30399.50,30400.00,35,30403.00,30403.50,0.50
2026-06-30 10:26:34,30400.75,30404.75,30400.50,30403.00,120,30404.25,30404.75,0.50
2026-06-30 10:26:35,30403.25,30404.25,30402.00,30404.00,58,30403.50,30404.00,0.50
2026-06-30 10:26:36,30404.75,30406.50,30403.75,30405.00,141,30402.00,30402.50,0.50
2026-06-30 10:26:37,30403.75,30404.75,30400.50,30402.25,136,30402.50,30403.00,0.50
2026-06-30 10:26:38,30402.00,30403.75,30401.50,30402.00,44,30405.25,30405.50,0.25
2026-06-30 10:26:39,30402.50,30406.25,30402.50,30406.00,38,30405.25,30405.50,0.25
2026-06-30 10:26:40,30405.25,30405.50,30404.25,30405.50,33,30407.75,30408.00,0.25
2026-06-30 10:26:41,30405.25,30409.00,30405.25,30407.75,154,30405.00,30405.50,0.50
2026-06-30 10:26:42,30408.00,30408.00,30402.75,30405.25,106,30405.50,30406.00,0.50
2026-06-30 10:26:43,30405.50,30406.25,30404.25,30405.50,80,30408.25,30408.50,0.25
2026-06-30 10:26:44,30406.00,30409.00,30405.25,30408.50,36,30408.25,30408.75,0.50
2026-06-30 10:26:45,30408.00,30409.50,30407.75,30408.50,57,30408.25,30408.75,0.50
2026-06-30 10:26:46,30408.50,30409.00,30406.75,30406.75,133,30406.50,30407.00,0.50
2026-06-30 10:26:47,30408.25,30408.50,30406.50,30406.50,59,30406.00,30406.75,0.75
2026-06-30 10:26:48,30406.75,30407.50,30405.25,30406.75,61,30406.75,30407.25,0.50
2026-06-30 10:26:49,30406.00,30407.25,30405.00,30406.75,68,30407.50,30408.00,0.50
2026-06-30 10:26:50,30407.25,30408.25,30405.75,30407.75,84,30407.25,30408.00,0.75
2026-06-30 10:26:51,30408.00,30409.50,30407.25,30407.25,71,30408.50,30408.75,0.25
2026-06-30 10:26:52,30408.00,30409.25,30407.50,30408.75,42,30409.25,30409.50,0.25
2026-06-30 10:26:53,30408.50,30409.75,30408.00,30409.75,45,30408.50,30409.00,0.50
2026-06-30 10:26:54,30409.25,30410.00,30408.25,30408.25,42,30409.25,30409.50,0.25
2026-06-30 10:26:55,30409.00,30409.25,30408.00,30409.25,29,30410.25,30410.75,0.50
2026-06-30 10:26:56,30409.25,30411.25,30409.25,30410.75,81,30411.75,30412.25,0.50
2026-06-30 10:26:57,30411.00,30412.75,30410.50,30412.25,112,30410.25,30410.75,0.50
2026-06-30 10:26:58,30412.25,30412.75,30410.00,30410.75,88,30409.00,30409.25,0.25
2026-06-30 10:26:59,30410.75,30410.75,30409.25,30409.25,55,30409.00,30409.25,0.25
2026-06-30 10:27:00,30409.00,30409.50,30408.25,30409.25,46,30406.50,30407.00,0.50
2026-06-30 10:27:01,30409.00,30409.00,30406.00,30406.50,131,30411.75,30412.25,0.50
2026-06-30 10:27:02,30406.50,30412.75,30406.50,30412.00,137,30413.00,30413.25,0.25
2026-06-30 10:27:03,30412.00,30414.25,30412.00,30413.25,195,30411.50,30412.00,0.50
2026-06-30 10:27:04,30413.75,30415.00,30411.25,30411.50,108,30411.75,30412.25,0.50
2026-06-30 10:27:05,30411.50,30412.25,30409.75,30411.75,112,30410.00,30410.25,0.25
2026-06-30 10:27:06,30412.00,30412.25,30409.25,30410.25,66,30409.75,30410.00,0.25
2026-06-30 10:27:07,30410.25,30410.50,30408.25,30409.75,79,30406.25,30406.75,0.50
2026-06-30 10:27:08,30409.75,30410.25,30405.50,30406.00,98,30407.50,30407.75,0.25
2026-06-30 10:27:09,30406.25,30408.50,30406.00,30407.50,56,30407.50,30407.75,0.25
2026-06-30 10:27:10,30408.00,30408.25,30406.50,30407.25,38,30407.00,30407.25,0.25
2026-06-30 10:27:11,30408.00,30408.00,30406.75,30407.50,25,30409.25,30409.75,0.50
2026-06-30 10:27:12,30407.00,30409.75,30406.75,30409.50,57,30408.75,30409.25,0.50
2026-06-30 10:27:13,30409.50,30410.75,30407.75,30408.75,38,30409.50,30410.25,0.75
2026-06-30 10:27:14,30409.50,30410.25,30408.00,30409.50,35,30407.25,30407.75,0.50
2026-06-30 10:27:15,30409.75,30409.75,30406.50,30407.25,43,30407.75,30408.50,0.75
2026-06-30 10:27:16,30407.75,30408.50,30407.00,30408.25,31,30408.25,30408.75,0.50
2026-06-30 10:27:17,30408.50,30409.00,30407.50,30408.50,50,30405.75,30406.25,0.50
2026-06-30 10:27:18,30408.25,30408.25,30404.75,30405.75,84,30406.50,30407.00,0.50
2026-06-30 10:27:19,30405.75,30407.25,30405.75,30406.50,44,30408.25,30408.75,0.50
2026-06-30 10:27:20,30407.00,30408.50,30406.50,30408.00,58,30412.75,30413.00,0.25
2026-06-30 10:27:21,30408.75,30413.00,30408.50,30413.00,83,30413.50,30414.25,0.75
2026-06-30 10:27:22,30413.25,30415.00,30413.25,30413.75,99,30411.00,30411.50,0.50
2026-06-30 10:27:23,30414.00,30414.00,30410.50,30411.75,142,30411.50,30412.00,0.50
2026-06-30 10:27:24,30411.50,30412.25,30411.00,30412.00,36,30414.00,30414.50,0.50
2026-06-30 10:27:25,30412.00,30414.50,30411.00,30414.50,47,30412.75,30413.00,0.25
2026-06-30 10:27:26,30414.00,30414.25,30412.50,30413.00,53,30412.75,30413.00,0.25
2026-06-30 10:27:27,30412.75,30413.50,30409.75,30412.00,98,30412.75,30413.00,0.25
2026-06-30 10:27:28,30412.25,30413.25,30411.75,30412.75,33,30413.50,30414.00,0.50
2026-06-30 10:27:29,30412.75,30413.75,30412.25,30413.75,52,30414.25,30414.75,0.50
2026-06-30 10:27:30,30413.50,30415.00,30412.75,30414.50,48,30413.25,30413.50,0.25
2026-06-30 10:27:31,30414.25,30414.25,30412.00,30413.75,49,30413.75,30414.00,0.25
2026-06-30 10:27:32,30413.25,30414.00,30412.75,30413.25,25,30414.75,30415.25,0.50
2026-06-30 10:27:33,30413.75,30418.00,30413.25,30415.25,225,30412.00,30412.25,0.25
2026-06-30 10:27:34,30415.25,30415.25,30412.25,30412.50,56,30410.00,30410.25,0.25
2026-06-30 10:27:35,30412.25,30412.25,30409.50,30409.50,71,30410.00,30410.50,0.50
2026-06-30 10:27:36,30410.25,30411.00,30409.75,30410.00,37,30409.75,30410.50,0.75
2026-06-30 10:27:37,30410.00,30410.50,30409.25,30410.00,56,30405.25,30406.00,0.75
2026-06-30 10:27:38,30409.50,30409.50,30403.50,30405.00,178,30407.25,30407.75,0.50
2026-06-30 10:27:39,30405.75,30408.50,30405.75,30408.00,80,30406.75,30407.00,0.25
2026-06-30 10:27:40,30407.50,30407.75,30406.25,30406.50,49,30410.00,30410.50,0.50
2026-06-30 10:27:41,30408.00,30410.50,30408.00,30409.75,57,30409.75,30410.25,0.50
2026-06-30 10:27:42,30410.50,30410.50,30409.50,30410.25,50,30409.00,30409.50,0.50
2026-06-30 10:27:43,30409.00,30409.50,30408.00,30409.00,22,30408.75,30409.25,0.50
2026-06-30 10:27:44,30409.00,30409.50,30408.25,30408.75,28,30407.75,30408.25,0.50
2026-06-30 10:27:45,30408.75,30409.00,30407.25,30407.25,43,30408.75,30409.25,0.50
2026-06-30 10:27:46,30408.00,30409.50,30407.00,30408.75,28,30408.50,30409.00,0.50
2026-06-30 10:27:47,30408.25,30409.25,30408.25,30409.00,15,30407.25,30407.75,0.50
2026-06-30 10:27:48,30409.00,30409.50,30407.00,30408.00,36,30407.25,30408.00,0.75
2026-06-30 10:27:49,30407.25,30408.50,30405.75,30407.75,61,30408.50,30408.75,0.25
2026-06-30 10:27:50,30408.25,30410.75,30408.25,30408.25,61,30408.75,30409.25,0.50
2026-06-30 10:27:51,30408.75,30409.25,30408.25,30408.75,16,30411.25,30411.50,0.25
2026-06-30 10:27:52,30410.00,30412.00,30409.25,30411.25,55,30411.50,30411.75,0.25
2026-06-30 10:27:53,30411.25,30411.75,30410.75,30411.75,26,30411.25,30411.50,0.25
2026-06-30 10:27:54,30411.50,30412.25,30410.75,30411.75,44,30418.25,30418.75,0.50
2026-06-30 10:27:55,30411.25,30420.75,30411.00,30418.50,330,30418.75,30419.00,0.25
2026-06-30 10:27:56,30418.75,30420.50,30417.75,30420.00,123,30418.25,30418.50,0.25
2026-06-30 10:27:57,30419.25,30419.75,30418.00,30418.25,102,30416.75,30417.00,0.25
2026-06-30 10:27:58,30418.25,30419.00,30416.75,30416.75,68,30416.75,30417.00,0.25
2026-06-30 10:27:59,30416.75,30418.00,30416.50,30417.25,60,30416.75,30417.25,0.50
2026-06-30 10:28:00,30416.75,30417.75,30416.75,30416.75,30,30414.50,30415.00,0.50
2026-06-30 10:28:01,30417.25,30417.25,30414.00,30414.75,80,30415.00,30415.25,0.25
2026-06-30 10:28:02,30414.50,30415.50,30413.75,30415.25,43,30414.25,30414.75,0.50
2026-06-30 10:28:03,30415.00,30415.00,30413.25,30415.00,66,30415.00,30415.50,0.50
2026-06-30 10:28:04,30414.75,30415.25,30413.75,30415.25,37,30413.50,30414.00,0.50
2026-06-30 10:28:05,30415.50,30415.50,30412.25,30414.25,74,30416.25,30416.75,0.50
2026-06-30 10:28:06,30414.25,30416.50,30414.00,30416.50,52,30416.25,30416.75,0.50
2026-06-30 10:28:07,30416.75,30417.75,30415.00,30416.50,79,30414.50,30415.00,0.50
2026-06-30 10:28:08,30416.50,30417.25,30415.25,30415.25,58,30414.50,30415.25,0.75
2026-06-30 10:28:09,30414.50,30415.75,30414.00,30415.00,61,30416.00,30416.50,0.50
2026-06-30 10:28:10,30414.50,30416.50,30414.50,30416.25,45,30412.25,30412.75,0.50
2026-06-30 10:28:11,30416.25,30416.25,30412.50,30412.75,67,30413.25,30413.75,0.50
2026-06-30 10:28:12,30412.75,30413.75,30411.75,30413.50,74,30414.00,30414.50,0.50
2026-06-30 10:28:13,30413.50,30414.50,30413.00,30413.75,56,30414.25,30414.75,0.50
2026-06-30 10:28:14,30413.75,30414.75,30412.50,30414.75,39,30414.25,30414.75,0.50
2026-06-30 10:28:15,30414.50,30416.00,30413.75,30415.00,26,30415.75,30416.25,0.50
2026-06-30 10:28:16,30414.75,30416.75,30414.75,30416.75,14,30416.50,30417.00,0.50
2026-06-30 10:28:17,30415.50,30417.75,30414.25,30416.75,53,30417.50,30418.00,0.50
2026-06-30 10:28:18,30417.00,30418.25,30415.75,30418.00,57,30416.75,30417.00,0.25
2026-06-30 10:28:19,30417.50,30417.50,30416.25,30417.00,52,30416.50,30417.00,0.50
2026-06-30 10:28:20,30417.00,30417.00,30415.00,30416.50,42,30419.00,30419.25,0.25
2026-06-30 10:28:21,30417.25,30420.50,30417.00,30419.00,123,30419.00,30419.25,0.25
2026-06-30 10:28:22,30419.25,30420.50,30418.00,30418.75,117,30418.00,30418.50,0.50
2026-06-30 10:28:23,30419.00,30419.50,30417.75,30418.75,130,30418.00,30418.50,0.50
2026-06-30 10:28:24,30418.25,30419.25,30416.25,30418.25,122,30417.00,30417.50,0.50
2026-06-30 10:28:25,30418.00,30418.00,30416.25,30417.25,36,30417.00,30417.50,0.50
2026-06-30 10:28:26,30417.25,30417.50,30414.75,30414.75,53,30415.25,30415.75,0.50
2026-06-30 10:28:27,30414.25,30415.75,30413.75,30415.75,57,30411.50,30412.00,0.50
2026-06-30 10:28:28,30415.00,30415.25,30410.50,30411.25,93,30411.50,30412.00,0.50
2026-06-30 10:28:29,30411.50,30415.50,30411.50,30414.50,203,30409.25,30409.75,0.50
2026-06-30 10:28:30,30414.00,30414.75,30408.50,30409.25,176,30409.75,30410.25,0.50
2026-06-30 10:28:31,30409.75,30410.25,30408.25,30410.25,46,30409.50,30410.00,0.50
2026-06-30 10:28:32,30410.25,30411.50,30408.75,30409.50,57,30409.50,30410.00,0.50
2026-06-30 10:28:33,30409.75,30410.00,30406.50,30407.00,121,30407.25,30407.75,0.50
2026-06-30 10:28:34,30407.00,30409.75,30407.00,30407.25,93,30410.75,30411.25,0.50
2026-06-30 10:28:35,30407.50,30411.75,30407.50,30410.50,216,30411.75,30412.25,0.50
2026-06-30 10:28:36,30411.25,30412.50,30410.75,30411.50,41,30411.00,30411.25,0.25
2026-06-30 10:28:37,30411.75,30412.50,30411.00,30411.25,30,30414.75,30415.00,0.25
2026-06-30 10:28:38,30410.75,30415.50,30410.75,30415.00,84,30415.00,30415.50,0.50
2026-06-30 10:28:39,30415.25,30416.50,30414.75,30415.25,55,30412.75,30413.25,0.50
2026-06-30 10:28:40,30415.25,30415.25,30412.00,30413.00,121,30413.75,30414.25,0.50
2026-06-30 10:28:41,30413.25,30415.25,30411.00,30414.00,136,30414.00,30414.25,0.25
2026-06-30 10:28:42,30414.25,30414.75,30413.75,30413.75,37,30414.00,30414.25,0.25
2026-06-30 10:28:43,30414.00,30415.25,30413.50,30414.75,58,30415.25,30415.50,0.25
2026-06-30 10:28:44,30415.00,30415.50,30414.25,30415.25,23,30415.25,30415.50,0.25
2026-06-30 10:28:45,30414.75,30417.00,30414.75,30415.25,96,30414.00,30414.50,0.50
2026-06-30 10:28:46,30415.50,30416.00,30414.50,30415.25,42,30411.00,30411.50,0.50
2026-06-30 10:28:47,30414.00,30414.00,30410.50,30411.25,56,30413.25,30413.75,0.50
2026-06-30 10:28:48,30411.50,30413.50,30411.00,30413.50,37,30411.75,30412.25,0.50
2026-06-30 10:28:49,30413.25,30413.25,30411.50,30412.25,27,30410.75,30411.25,0.50
2026-06-30 10:28:50,30412.75,30412.75,30410.50,30410.50,23,30409.50,30410.00,0.50
2026-06-30 10:28:51,30411.00,30411.00,30408.75,30409.50,43,30409.25,30409.50,0.25
2026-06-30 10:28:52,30410.00,30411.50,30409.00,30409.25,34,30408.25,30408.75,0.50
2026-06-30 10:28:53,30409.25,30409.50,30406.75,30408.75,84,30408.75,30409.25,0.50
2026-06-30 10:28:54,30408.00,30409.00,30406.50,30408.75,68,30411.50,30412.00,0.50
2026-06-30 10:28:55,30409.00,30413.00,30408.75,30412.00,113,30411.00,30411.50,0.50
2026-06-30 10:28:56,30411.50,30411.75,30410.00,30411.25,26,30411.00,30411.50,0.50
2026-06-30 10:28:57,30411.00,30412.25,30410.50,30411.50,36,30410.75,30411.50,0.75
2026-06-30 10:28:58,30411.25,30411.75,30411.00,30411.50,23,30416.25,30416.50,0.25
2026-06-30 10:28:59,30411.50,30416.50,30411.50,30416.50,115,30416.25,30416.75,0.50
2026-06-30 10:29:00,30416.50,30417.75,30415.50,30416.25,80,30415.50,30416.00,0.50
2026-06-30 10:29:01,30415.75,30417.00,30415.75,30416.25,41,30416.25,30416.75,0.50
2026-06-30 10:29:02,30416.00,30417.00,30415.50,30417.00,38,30415.50,30416.00,0.50
2026-06-30 10:29:03,30416.50,30416.75,30415.50,30415.50,19,30417.00,30417.50,0.50
2026-06-30 10:29:04,30415.50,30418.00,30415.25,30416.75,39,30415.50,30416.00,0.50
2026-06-30 10:29:05,30417.00,30417.00,30415.00,30415.75,64,30419.00,30419.50,0.50
2026-06-30 10:29:06,30415.75,30421.00,30415.75,30419.50,219,30418.00,30418.50,0.50
2026-06-30 10:29:07,30419.00,30419.00,30417.25,30418.50,96,30418.00,30418.50,0.50
2026-06-30 10:29:08,30418.50,30418.50,30416.25,30416.25,56,30415.25,30415.75,0.50
2026-06-30 10:29:09,30416.25,30416.50,30413.00,30415.50,97,30416.75,30417.25,0.50
2026-06-30 10:29:10,30415.50,30418.00,30414.50,30417.00,92,30422.50,30423.00,0.50
2026-06-30 10:29:11,30417.25,30427.50,30417.25,30422.50,804,30422.00,30422.50,0.50
2026-06-30 10:29:12,30422.50,30423.00,30421.75,30422.50,102,30421.75,30422.00,0.25
2026-06-30 10:29:13,30422.00,30423.00,30421.50,30421.75,125,30420.75,30421.00,0.25
2026-06-30 10:29:14,30421.75,30422.75,30420.50,30421.50,89,30420.50,30421.00,0.50
2026-06-30 10:29:15,30420.75,30421.25,30419.50,30420.75,79,30421.50,30421.75,0.25
2026-06-30 10:29:16,30420.25,30421.75,30419.75,30421.50,60,30422.25,30422.50,0.25
2026-06-30 10:29:17,30421.50,30423.50,30421.50,30422.25,83,30423.00,30423.50,0.50
2026-06-30 10:29:18,30422.25,30424.50,30422.25,30423.50,78,30422.00,30422.50,0.50
2026-06-30 10:29:19,30423.25,30423.50,30421.00,30422.25,62,30421.00,30421.50,0.50
2026-06-30 10:29:20,30422.00,30422.75,30420.50,30421.50,61,30421.25,30422.00,0.75
2026-06-30 10:29:21,30421.00,30422.00,30420.25,30422.00,36,30421.25,30422.00,0.75
2026-06-30 10:29:22,30421.50,30421.50,30420.00,30420.25,65,30420.00,30420.50,0.50
2026-06-30 10:29:23,30420.00,30420.50,30418.25,30419.50,25,30419.25,30419.75,0.50
2026-06-30 10:29:24,30420.00,30420.25,30418.75,30419.25,38,30417.75,30418.25,0.50
2026-06-30 10:29:25,30419.25,30420.00,30417.75,30418.25,45,30417.75,30418.25,0.50
2026-06-30 10:29:26,30418.25,30419.00,30417.00,30418.50,63,30418.00,30418.50,0.50
2026-06-30 10:29:27,30419.00,30419.00,30417.75,30418.25,29,30416.75,30417.25,0.50
2026-06-30 10:29:28,30418.50,30419.50,30417.00,30417.00,59,30416.75,30417.25,0.50
2026-06-30 10:29:29,30416.75,30418.00,30415.00,30415.50,143,30416.50,30417.00,0.50
2026-06-30 10:29:30,30415.75,30417.50,30415.25,30416.50,64,30416.00,30416.50,0.50
2026-06-30 10:29:31,30416.25,30417.50,30415.75,30415.75,73,30411.00,30411.50,0.50
2026-06-30 10:29:32,30416.50,30416.75,30410.75,30411.25,221,30411.00,30411.50,0.50
2026-06-30 10:29:33,30410.75,30412.75,30409.00,30411.00,168,30412.75,30413.25,0.50
2026-06-30 10:29:34,30411.50,30413.00,30409.50,30412.75,63,30409.25,30409.50,0.25
2026-06-30 10:29:35,30412.75,30413.50,30408.50,30409.50,76,30410.50,30411.00,0.50
2026-06-30 10:29:36,30409.50,30410.50,30408.75,30410.25,111,30411.00,30411.50,0.50
2026-06-30 10:29:37,30411.00,30411.75,30408.00,30411.25,154,30411.25,30411.75,0.50
2026-06-30 10:29:38,30412.00,30413.25,30411.25,30411.25,113,30412.50,30413.00,0.50
2026-06-30 10:29:39,30411.75,30413.50,30411.50,30412.00,61,30412.00,30412.50,0.50
2026-06-30 10:29:40,30412.50,30413.25,30411.50,30411.75,60,30409.50,30410.25,0.75
2026-06-30 10:29:41,30411.75,30411.75,30409.75,30409.75,40,30408.25,30408.75,0.50
2026-06-30 10:29:42,30409.50,30409.75,30408.00,30408.75,65,30409.75,30410.00,0.25
2026-06-30 10:29:43,30408.75,30410.75,30408.75,30409.50,59,30409.00,30409.50,0.50
2026-06-30 10:29:44,30410.00,30410.25,30409.00,30409.75,30,30406.75,30407.25,0.50
2026-06-30 10:29:45,30409.25,30409.25,30406.00,30407.00,122,30404.75,30405.25,0.50
2026-06-30 10:29:46,30406.75,30407.25,30403.00,30404.75,245,30405.25,30405.75,0.50
2026-06-30 10:29:47,30404.75,30407.50,30404.50,30405.50,111,30406.50,30407.00,0.50
2026-06-30 10:29:48,30405.50,30407.00,30405.50,30406.50,55,30408.25,30408.75,0.50
2026-06-30 10:29:49,30407.00,30409.00,30407.00,30408.25,42,30408.00,30408.25,0.25
2026-06-30 10:29:50,30408.50,30409.50,30407.00,30408.00,65,30408.50,30409.00,0.50
2026-06-30 10:29:51,30408.25,30409.50,30407.50,30408.75,62,30405.25,30405.75,0.50
2026-06-30 10:29:52,30408.50,30409.00,30404.00,30405.25,98,30406.75,30407.25,0.50
2026-06-30 10:29:53,30407.00,30407.75,30406.00,30407.75,38,30406.75,30407.25,0.50
2026-06-30 10:29:54,30407.25,30407.25,30405.00,30406.75,37,30404.75,30405.25,0.50
2026-06-30 10:29:55,30406.50,30406.75,30403.00,30404.75,100,30404.00,30404.50,0.50
2026-06-30 10:29:56,30404.50,30405.50,30404.25,30404.25,51,30405.50,30406.00,0.50
2026-06-30 10:29:57,30404.50,30406.00,30403.75,30405.50,50,30405.50,30406.00,0.50
2026-06-30 10:29:58,30405.50,30407.25,30405.25,30405.75,35,30410.00,30410.50,0.50
2026-06-30 10:29:59,30406.00,30411.00,30405.25,30410.50,88,30410.00,30410.50,0.50
2026-06-30 10:30:00,30410.00,30410.75,30409.00,30410.00,103,30409.50,30410.00,0.50
2026-06-30 10:30:01,30410.50,30414.50,30409.25,30410.00,362,30409.50,30410.00,0.50
2026-06-30 10:30:02,30410.00,30411.50,30407.75,30407.75,165,30406.50,30407.25,0.75
2026-06-30 10:30:03,30407.00,30408.50,30404.50,30407.25,192,30403.25,30403.75,0.50
2026-06-30 10:30:04,30406.50,30407.75,30403.00,30403.25,81,30405.50,30406.00,0.50
2026-06-30 10:30:05,30403.75,30405.25,30403.25,30404.50,161,30405.50,30406.00,0.50
2026-06-30 10:30:06,30405.50,30409.25,30405.00,30408.00,115,30410.50,30411.25,0.75
2026-06-30 10:30:07,30408.00,30412.50,30408.00,30410.75,323,30410.50,30411.25,0.75
2026-06-30 10:30:08,30410.50,30418.50,30409.25,30418.50,235,30418.00,30418.50,0.50
2026-06-30 10:30:09,30418.25,30418.50,30416.25,30417.75,152,30417.75,30418.25,0.50
2026-06-30 10:30:10,30417.25,30418.25,30416.75,30417.75,97,30418.75,30419.25,0.50
2026-06-30 10:30:11,30417.75,30420.00,30417.75,30419.50,128,30418.75,30419.25,0.50
2026-06-30 10:30:12,30419.25,30425.25,30418.00,30424.50,370,30425.50,30426.00,0.50
2026-06-30 10:30:13,30424.25,30426.25,30422.00,30425.50,292,30425.50,30426.00,0.50
2026-06-30 10:30:14,30425.75,30430.00,30424.75,30428.75,539,30428.50,30429.00,0.50
2026-06-30 10:30:15,30428.75,30432.25,30428.75,30432.00,452,30432.75,30433.25,0.50
2026-06-30 10:30:16,30431.25,30436.00,30430.75,30433.25,550,30434.00,30434.75,0.75
2026-06-30 10:30:17,30433.25,30435.25,30432.25,30434.75,283,30434.25,30434.75,0.50
2026-06-30 10:30:18,30433.25,30436.75,30433.25,30435.00,294,30434.00,30434.50,0.50
2026-06-30 10:30:19,30434.75,30436.25,30434.00,30434.50,174,30432.75,30433.50,0.75
2026-06-30 10:30:20,30434.00,30434.50,30431.75,30433.50,152,30432.75,30433.50,0.75
2026-06-30 10:30:21,30433.50,30434.50,30431.75,30433.75,166,30433.50,30434.00,0.50
2026-06-30 10:30:22,30433.50,30433.75,30431.25,30433.00,131,30433.75,30434.25,0.50
2026-06-30 10:30:23,30433.75,30436.00,30432.00,30434.50,122,30433.25,30433.75,0.50
2026-06-30 10:30:24,30433.75,30434.25,30432.75,30434.00,86,30430.50,30431.25,0.75
2026-06-30 10:30:25,30433.25,30434.25,30429.25,30430.75,128,30428.25,30428.75,0.50
2026-06-30 10:30:26,30430.50,30431.00,30428.25,30428.50,81,30430.25,30430.75,0.50
2026-06-30 10:30:27,30429.75,30431.25,30429.75,30430.25,82,30428.00,30428.50,0.50
2026-06-30 10:30:28,30430.25,30430.50,30428.25,30428.25,79,30429.00,30429.50,0.50
2026-06-30 10:30:29,30428.00,30429.50,30427.25,30429.25,107,30429.00,30429.50,0.50
2026-06-30 10:30:30,30429.25,30429.50,30428.25,30429.00,66,30430.75,30431.25,0.50
2026-06-30 10:30:31,30428.75,30432.00,30428.00,30431.25,160,30429.75,30430.25,0.50
2026-06-30 10:30:32,30430.75,30431.50,30429.50,30430.00,108,30429.25,30429.75,0.50
2026-06-30 10:30:33,30429.75,30430.25,30428.75,30429.75,75,30430.00,30430.50,0.50
2026-06-30 10:30:34,30429.50,30431.25,30429.00,30429.75,120,30429.50,30430.00,0.50
2026-06-30 10:30:35,30430.25,30430.25,30428.50,30430.25,54,30425.75,30426.00,0.25
2026-06-30 10:30:36,30429.50,30429.50,30425.75,30426.25,127,30427.50,30428.00,0.50
2026-06-30 10:30:37,30426.00,30428.25,30424.75,30427.50,91,30429.00,30429.50,0.50
2026-06-30 10:30:38,30427.50,30430.25,30426.75,30429.00,79,30428.75,30429.25,0.50
2026-06-30 10:30:39,30428.75,30430.00,30427.25,30429.50,64,30429.00,30429.50,0.50
2026-06-30 10:30:40,30428.75,30430.25,30428.25,30430.25,57,30428.75,30429.25,0.50
2026-06-30 10:30:41,30429.50,30430.75,30429.25,30429.25,61,30428.00,30428.50,0.50
2026-06-30 10:30:42,30428.50,30429.50,30428.00,30428.25,57,30427.00,30427.50,0.50
2026-06-30 10:30:43,30428.25,30429.00,30426.50,30426.75,83,30427.50,30427.75,0.25
2026-06-30 10:30:44,30427.25,30427.25,30425.75,30427.25,69,30429.50,30430.00,0.50
2026-06-30 10:30:45,30428.00,30429.50,30426.75,30429.50,64,30427.75,30428.00,0.25
2026-06-30 10:30:46,30429.50,30430.50,30427.75,30427.75,53,30429.00,30429.50,0.50
2026-06-30 10:30:47,30428.50,30429.25,30427.50,30429.00,71,30428.25,30428.75,0.50
2026-06-30 10:30:48,30429.50,30430.00,30427.50,30428.25,66,30428.25,30428.75,0.50
2026-06-30 10:30:49,30428.50,30430.00,30427.50,30429.00,22,30427.25,30427.75,0.50
2026-06-30 10:30:50,30428.00,30428.75,30427.50,30427.50,41,30430.00,30430.50,0.50
2026-06-30 10:30:51,30427.75,30430.50,30427.75,30430.50,102,30430.75,30431.25,0.50
2026-06-30 10:30:52,30430.25,30433.00,30429.75,30431.00,98,30429.50,30430.00,0.50
2026-06-30 10:30:53,30431.50,30432.00,30430.00,30430.00,59,30428.75,30429.25,0.50
2026-06-30 10:30:54,30430.00,30430.25,30428.25,30428.75,53,30430.25,30430.75,0.50
2026-06-30 10:30:55,30429.25,30431.50,30429.25,30430.00,83,30429.25,30429.75,0.50
2026-06-30 10:30:56,30430.00,30431.00,30429.25,30429.75,43,30430.00,30430.50,0.50
2026-06-30 10:30:57,30429.75,30430.25,30429.00,30429.75,38,30429.25,30429.75,0.50
2026-06-30 10:30:58,30430.00,30430.00,30428.50,30429.25,28,30428.50,30429.00,0.50
2026-06-30 10:30:59,30429.25,30429.75,30428.25,30429.00,59,30428.50,30429.50,1.00
2026-06-30 10:31:00,30428.75,30430.00,30428.50,30428.50,39,30428.50,30429.50,1.00
2026-06-30 10:31:01,30429.00,30430.50,30428.50,30429.25,126,30424.50,30424.75,0.25
2026-06-30 10:31:02,30429.00,30430.00,30424.00,30425.00,155,30426.00,30426.50,0.50
2026-06-30 10:31:03,30424.75,30426.50,30424.75,30426.50,69,30423.75,30424.00,0.25
2026-06-30 10:31:04,30426.25,30427.50,30424.25,30424.25,141,30423.75,30424.00,0.25
2026-06-30 10:31:05,30424.00,30426.75,30424.00,30425.50,98,30422.75,30423.50,0.75
2026-06-30 10:31:06,30424.75,30425.50,30422.00,30423.00,161,30424.25,30424.75,0.50
2026-06-30 10:31:07,30422.75,30425.25,30422.25,30424.25,101,30425.25,30425.75,0.50
2026-06-30 10:31:08,30424.75,30426.75,30424.25,30425.25,56,30426.50,30427.00,0.50
2026-06-30 10:31:09,30425.25,30428.50,30425.25,30427.25,106,30425.75,30426.25,0.50
2026-06-30 10:31:10,30427.25,30428.75,30425.75,30426.00,66,30424.75,30425.00,0.25
2026-06-30 10:31:11,30426.00,30426.50,30423.50,30425.00,110,30423.25,30423.75,0.50
2026-06-30 10:31:12,30425.00,30425.75,30422.00,30423.75,79,30423.25,30423.75,0.50
2026-06-30 10:31:13,30423.25,30424.50,30422.75,30423.50,91,30425.25,30425.75,0.50
2026-06-30 10:31:14,30423.75,30427.00,30423.75,30425.50,82,30424.75,30425.25,0.50
2026-06-30 10:31:15,30425.00,30425.50,30424.50,30424.75,36,30424.50,30424.75,0.25
2026-06-30 10:31:16,30425.50,30426.25,30424.00,30424.75,61,30424.75,30425.25,0.50
2026-06-30 10:31:17,30424.25,30426.25,30424.25,30425.75,90,30425.75,30426.25,0.50
2026-06-30 10:31:18,30424.75,30427.25,30424.75,30426.00,40,30426.00,30426.25,0.25
2026-06-30 10:31:19,30426.25,30426.50,30425.50,30425.50,28,30425.75,30426.50,0.75
2026-06-30 10:31:20,30426.00,30427.00,30425.00,30426.50,24,30425.75,30426.25,0.50
2026-06-30 10:31:21,30425.75,30427.00,30424.75,30424.75,50,30426.50,30426.75,0.25
2026-06-30 10:31:22,30426.00,30427.25,30426.00,30427.25,40,30427.50,30428.00,0.50
2026-06-30 10:31:23,30426.50,30429.25,30426.50,30428.00,64,30424.00,30424.25,0.25
2026-06-30 10:31:24,30428.75,30428.75,30423.50,30423.50,79,30425.50,30426.00,0.50
2026-06-30 10:31:25,30424.50,30426.00,30423.25,30425.25,93,30424.25,30424.75,0.50
2026-06-30 10:31:26,30426.00,30426.00,30424.75,30424.75,16,30425.50,30426.00,0.50
2026-06-30 10:31:27,30423.75,30425.75,30423.75,30425.75,24,30428.50,30429.00,0.50
2026-06-30 10:31:28,30425.75,30428.75,30423.50,30428.75,92,30430.25,30431.00,0.75
2026-06-30 10:31:29,30428.00,30432.25,30428.00,30430.75,145,30428.25,30428.75,0.50
2026-06-30 10:31:30,30430.25,30430.25,30427.75,30427.75,82,30428.25,30428.75,0.50
2026-06-30 10:31:31,30427.75,30429.00,30427.00,30429.00,63,30429.00,30429.50,0.50
2026-06-30 10:31:32,30428.50,30430.25,30428.50,30429.25,31,30428.25,30428.75,0.50
2026-06-30 10:31:33,30429.50,30431.00,30428.25,30428.75,57,30428.00,30428.25,0.25
2026-06-30 10:31:34,30428.25,30428.25,30426.00,30427.75,91,30430.00,30430.50,0.50
2026-06-30 10:31:35,30427.75,30430.75,30427.25,30430.00,28,30433.25,30433.75,0.50
2026-06-30 10:31:36,30429.75,30433.75,30429.75,30433.75,74,30433.25,30433.75,0.50
2026-06-30 10:31:37,30433.75,30437.75,30433.25,30435.75,361,30435.75,30436.25,0.50
2026-06-30 10:31:38,30435.75,30436.50,30429.75,30432.75,314,30430.00,30430.50,0.50
2026-06-30 10:31:39,30432.50,30432.50,30429.75,30430.00,106,30430.00,30430.50,0.50
2026-06-30 10:31:40,30430.25,30431.25,30429.50,30430.25,35,30429.75,30430.00,0.25
2026-06-30 10:31:41,30430.00,30430.75,30429.00,30429.75,51,30433.50,30433.75,0.25
2026-06-30 10:31:42,30430.00,30435.00,30429.50,30433.50,190,30434.50,30435.00,0.50
2026-06-30 10:31:43,30433.25,30435.25,30433.25,30434.50,70,30433.50,30433.75,0.25
2026-06-30 10:31:44,30434.00,30435.00,30433.75,30433.75,85,30432.25,30432.75,0.50
2026-06-30 10:31:45,30433.75,30434.25,30432.25,30432.50,56,30433.50,30434.00,0.50
2026-06-30 10:31:46,30432.75,30434.75,30432.75,30434.00,73,30433.25,30433.50,0.25
2026-06-30 10:31:47,30433.50,30434.25,30432.50,30433.75,40,30433.50,30434.00,0.50
2026-06-30 10:31:48,30433.50,30434.50,30433.00,30433.75,46,30431.25,30431.50,0.25
2026-06-30 10:31:49,30434.00,30434.75,30431.00,30432.00,162,30431.25,30431.50,0.25
2026-06-30 10:31:50,30431.50,30432.75,30430.25,30432.00,91,30433.25,30433.75,0.50
2026-06-30 10:31:51,30432.50,30434.00,30431.50,30433.25,50,30431.75,30432.25,0.50
2026-06-30 10:31:52,30433.25,30433.25,30431.75,30431.75,28,30432.25,30432.75,0.50
2026-06-30 10:31:53,30432.25,30432.25,30431.00,30431.75,49,30432.25,30432.75,0.50
2026-06-30 10:31:54,30432.75,30433.50,30431.75,30432.00,26,30431.50,30432.00,0.50
2026-06-30 10:31:55,30432.25,30432.50,30430.75,30431.75,101,30431.75,30432.25,0.50
2026-06-30 10:31:56,30431.75,30433.25,30430.50,30432.00,87,30432.25,30432.75,0.50
2026-06-30 10:31:57,30431.75,30433.50,30431.75,30432.25,38,30430.75,30431.00,0.25
2026-06-30 10:31:58,30432.25,30433.00,30430.25,30431.00,40,30431.50,30432.00,0.50
2026-06-30 10:31:59,30431.25,30432.50,30431.25,30432.25,28,30431.50,30432.00,0.50
2026-06-30 10:32:00,30431.75,30431.75,30429.00,30430.25,84,30429.75,30430.25,0.50
2026-06-30 10:32:01,30430.00,30431.25,30428.25,30429.75,72,30432.25,30432.50,0.25
2026-06-30 10:32:02,30430.25,30432.75,30429.75,30432.25,53,30436.25,30436.75,0.50
2026-06-30 10:32:03,30432.25,30436.25,30431.50,30435.50,123,30436.25,30436.75,0.50
2026-06-30 10:32:04,30436.50,30438.25,30436.25,30436.25,173,30433.00,30433.50,0.50
2026-06-30 10:32:05,30436.75,30436.75,30433.00,30433.50,146,30431.00,30431.25,0.25
2026-06-30 10:32:06,30433.50,30433.50,30430.25,30431.50,77,30429.00,30429.50,0.50
2026-06-30 10:32:07,30431.00,30431.50,30429.00,30429.00,50,30429.00,30429.50,0.50
2026-06-30 10:32:08,30429.25,30430.75,30428.00,30429.25,89,30425.00,30425.50,0.50
2026-06-30 10:32:09,30429.50,30429.50,30423.50,30425.25,180,30425.00,30425.50,0.50
2026-06-30 10:32:10,30425.50,30426.00,30423.50,30425.25,149,30425.75,30426.25,0.50
2026-06-30 10:32:11,30425.50,30427.50,30424.50,30425.75,97,30424.50,30425.00,0.50
2026-06-30 10:32:12,30426.25,30426.25,30424.00,30424.75,77,30425.50,30426.00,0.50
2026-06-30 10:32:13,30425.00,30427.50,30424.50,30425.75,107,30427.75,30428.00,0.25
2026-06-30 10:32:14,30426.00,30428.75,30425.50,30428.00,57,30427.75,30428.00,0.25
2026-06-30 10:32:15,30428.00,30429.25,30427.50,30429.00,85,30429.50,30429.75,0.25
2026-06-30 10:32:16,30428.50,30431.00,30428.25,30429.75,129,30427.25,30427.75,0.50
2026-06-30 10:32:17,30429.75,30430.50,30428.00,30428.00,45,30428.75,30429.25,0.50
2026-06-30 10:32:18,30427.50,30429.75,30427.50,30429.00,28,30428.75,30429.25,0.50
2026-06-30 10:32:19,30428.75,30429.25,30428.25,30429.25,32,30428.25,30428.50,0.25
2026-06-30 10:32:20,30429.25,30430.75,30427.75,30428.25,36,30430.00,30430.50,0.50
2026-06-30 10:32:21,30428.75,30430.00,30428.25,30430.00,26,30427.00,30427.25,0.25
2026-06-30 10:32:22,30430.00,30430.00,30427.25,30427.25,41,30428.00,30428.50,0.50
2026-06-30 10:32:23,30427.00,30429.00,30427.00,30428.50,27,30428.00,30428.50,0.50
2026-06-30 10:32:24,30428.50,30430.00,30428.00,30428.50,59,30427.00,30427.50,0.50
2026-06-30 10:32:25,30428.00,30429.25,30427.00,30427.00,30,30426.00,30426.50,0.50
2026-06-30 10:32:26,30427.50,30427.50,30425.75,30426.75,75,30425.50,30425.75,0.25
2026-06-30 10:32:27,30426.50,30426.50,30424.00,30425.50,75,30425.00,30425.50,0.50
2026-06-30 10:32:28,30425.50,30426.00,30424.50,30425.00,62,30424.25,30424.75,0.50
2026-06-30 10:32:29,30425.25,30425.75,30424.50,30424.75,40,30425.75,30426.00,0.25
2026-06-30 10:32:30,30424.75,30425.50,30424.25,30424.75,34,30425.75,30426.00,0.25
2026-06-30 10:32:31,30425.50,30426.50,30424.50,30425.25,50,30423.50,30424.00,0.50
2026-06-30 10:32:32,30425.50,30426.50,30423.50,30423.75,49,30423.25,30423.75,0.50
2026-06-30 10:32:33,30423.75,30424.75,30421.50,30424.00,113,30421.50,30422.00,0.50
2026-06-30 10:32:34,30423.50,30423.50,30418.75,30421.25,251,30422.00,30422.50,0.50
2026-06-30 10:32:35,30421.25,30423.25,30421.00,30421.75,84,30424.00,30424.50,0.50
2026-06-30 10:32:36,30422.75,30424.50,30421.25,30424.25,78,30425.25,30425.75,0.50
2026-06-30 10:32:37,30424.50,30426.25,30423.75,30425.75,39,30427.50,30427.75,0.25
2026-06-30 10:32:38,30426.00,30428.75,30425.25,30427.75,95,30428.00,30428.75,0.75
2026-06-30 10:32:39,30427.75,30429.25,30427.75,30427.75,31,30428.00,30428.75,0.75
2026-06-30 10:32:40,30428.50,30429.25,30427.50,30429.25,51,30429.50,30430.00,0.50
2026-06-30 10:32:41,30429.50,30430.25,30428.50,30429.25,37,30430.25,30430.75,0.50
2026-06-30 10:32:42,30430.00,30434.25,30429.50,30430.75,139,30430.25,30430.75,0.50
2026-06-30 10:32:43,30430.50,30431.75,30430.50,30431.00,89,30428.25,30428.75,0.50
2026-06-30 10:32:44,30430.00,30430.00,30428.00,30428.50,44,30428.00,30428.50,0.50
2026-06-30 10:32:45,30428.25,30428.75,30427.00,30428.00,67,30425.50,30426.00,0.50
2026-06-30 10:32:46,30428.00,30428.50,30425.00,30425.75,187,30428.25,30428.50,0.25
2026-06-30 10:32:47,30426.25,30428.50,30425.25,30428.50,92,30429.25,30429.75,0.50
2026-06-30 10:32:48,30428.25,30429.50,30427.00,30429.50,55,30430.25,30430.50,0.25
2026-06-30 10:32:49,30429.50,30430.75,30429.00,30430.50,63,30430.75,30431.25,0.50
2026-06-30 10:32:50,30430.25,30431.75,30430.00,30431.25,50,30431.00,30431.50,0.50
2026-06-30 10:32:51,30431.50,30431.50,30430.75,30430.75,29,30430.75,30431.25,0.50
2026-06-30 10:32:52,30431.50,30432.75,30430.50,30431.00,37,30431.50,30432.00,0.50
2026-06-30 10:32:53,30431.25,30431.75,30430.75,30431.25,31,30431.50,30432.00,0.50
2026-06-30 10:32:54,30431.75,30432.00,30430.75,30432.00,36,30429.00,30429.50,0.50
2026-06-30 10:32:55,30431.25,30431.25,30429.25,30429.50,47,30428.75,30429.00,0.25
2026-06-30 10:32:56,30428.75,30429.75,30428.25,30429.00,19,30429.75,30430.25,0.50
2026-06-30 10:32:57,30429.25,30430.25,30429.00,30429.75,19,30428.75,30429.25,0.50
2026-06-30 10:32:58,30430.00,30431.50,30429.00,30429.25,53,30425.00,30425.50,0.50
2026-06-30 10:32:59,30428.75,30428.75,30424.25,30424.25,85,30422.75,30423.25,0.50
2026-06-30 10:33:00,30425.50,30426.00,30420.25,30422.50,101,30422.50,30423.00,0.50
2026-06-30 10:33:01,30422.75,30423.75,30422.50,30423.00,78,30422.50,30423.00,0.50
2026-06-30 10:33:02,30422.50,30423.50,30421.50,30422.00,63,30422.50,30423.00,0.50
2026-06-30 10:33:03,30422.50,30425.25,30422.00,30424.25,80,30427.75,30428.25,0.50
2026-06-30 10:33:04,30424.25,30428.25,30423.50,30428.25,104,30433.00,30433.50,0.50
2026-06-30 10:33:05,30428.25,30433.50,30428.25,30433.50,75,30433.00,30433.50,0.50
2026-06-30 10:33:06,30433.75,30435.75,30432.50,30433.50,154,30431.00,30431.50,0.50
2026-06-30 10:33:07,30433.00,30434.25,30431.00,30431.00,108,30430.75,30431.25,0.50
2026-06-30 10:33:08,30430.75,30431.50,30430.25,30431.25,28,30434.25,30434.75,0.50
2026-06-30 10:33:09,30430.75,30434.50,30430.75,30434.50,48,30435.75,30436.25,0.50
2026-06-30 10:33:10,30435.00,30437.25,30435.00,30436.25,115,30433.50,30434.00,0.50
2026-06-30 10:33:11,30435.75,30436.50,30433.25,30433.25,76,30432.25,30432.75,0.50
2026-06-30 10:33:12,30433.25,30434.75,30431.25,30432.50,73,30431.75,30432.25,0.50
2026-06-30 10:33:13,30432.00,30432.75,30431.25,30432.50,38,30430.50,30431.00,0.50
2026-06-30 10:33:14,30431.75,30432.25,30430.00,30430.50,81,30428.50,30429.00,0.50
2026-06-30 10:33:15,30430.50,30431.00,30427.50,30429.00,75,30428.50,30429.00,0.50
2026-06-30 10:33:16,30428.25,30430.50,30428.25,30429.00,52,30428.25,30428.50,0.25
2026-06-30 10:33:17,30428.00,30429.25,30427.25,30428.50,42,30428.50,30429.00,0.50
2026-06-30 10:33:18,30427.00,30429.00,30427.00,30429.00,32,30427.75,30428.25,0.50
2026-06-30 10:33:19,30428.75,30429.25,30427.50,30428.00,40,30426.25,30426.50,0.25
2026-06-30 10:33:20,30427.00,30429.25,30426.25,30426.25,51,30424.75,30425.25,0.50
2026-06-30 10:33:21,30426.50,30426.50,30424.25,30424.75,90,30425.25,30425.75,0.50
2026-06-30 10:33:22,30425.25,30426.50,30424.50,30425.50,35,30424.25,30424.75,0.50
2026-06-30 10:33:23,30425.00,30425.50,30423.75,30424.50,55,30424.00,30424.50,0.50
2026-06-30 10:33:24,30425.00,30425.75,30424.25,30424.50,71,30427.50,30428.00,0.50
2026-06-30 10:33:25,30426.00,30428.50,30425.50,30428.25,80,30427.50,30427.75,0.25
2026-06-30 10:33:26,30427.75,30427.75,30426.00,30427.75,66,30427.75,30428.00,0.25
2026-06-30 10:33:27,30427.50,30428.50,30427.25,30427.75,64,30429.75,30430.00,0.25
2026-06-30 10:33:28,30427.75,30429.50,30427.75,30429.25,30,30429.50,30430.00,0.50
2026-06-30 10:33:29,30430.00,30431.50,30429.50,30430.00,55,30428.50,30429.00,0.50
2026-06-30 10:33:30,30429.50,30430.00,30428.25,30428.75,24,30426.50,30427.00,0.50
2026-06-30 10:33:31,30429.00,30429.25,30427.00,30427.00,74,30427.00,30427.50,0.50
2026-06-30 10:33:32,30426.50,30427.25,30424.00,30427.00,94,30427.25,30427.75,0.50
2026-06-30 10:33:33,30427.50,30428.50,30427.50,30427.75,31,30426.25,30426.75,0.50
2026-06-30 10:33:34,30427.50,30427.50,30425.25,30426.00,29,30426.25,30426.75,0.50
2026-06-30 10:33:35,30426.50,30426.75,30424.25,30426.50,65,30427.75,30428.25,0.50
2026-06-30 10:33:36,30426.75,30428.25,30426.50,30428.25,39,30426.25,30426.75,0.50
2026-06-30 10:33:37,30427.75,30427.75,30425.75,30426.75,45,30427.75,30428.25,0.50
2026-06-30 10:33:38,30426.25,30428.00,30426.25,30427.50,27,30426.50,30426.75,0.25
2026-06-30 10:33:39,30427.75,30427.75,30426.25,30426.75,45,30425.25,30425.75,0.50
2026-06-30 10:33:40,30426.50,30426.50,30424.00,30425.00,84,30426.75,30427.25,0.50
2026-06-30 10:33:41,30425.25,30427.00,30425.00,30427.00,38,30426.75,30427.25,0.50
2026-06-30 10:33:42,30427.00,30427.00,30425.00,30426.25,44,30425.25,30425.75,0.50
2026-06-30 10:33:43,30426.75,30427.00,30425.25,30425.75,13,30424.00,30424.50,0.50
2026-06-30 10:33:44,30425.00,30425.00,30423.50,30424.75,44,30423.00,30423.50,0.50
2026-06-30 10:33:45,30423.75,30426.00,30423.25,30423.25,67,30423.50,30424.00,0.50
2026-06-30 10:33:46,30423.25,30423.75,30421.00,30423.75,125,30423.50,30424.00,0.50
2026-06-30 10:33:47,30423.25,30424.25,30421.75,30423.00,56,30422.50,30422.75,0.25
2026-06-30 10:33:48,30423.00,30423.50,30422.00,30422.25,67,30424.00,30424.50,0.50
2026-06-30 10:33:49,30423.75,30424.50,30422.00,30424.25,34,30424.00,30424.50,0.50
2026-06-30 10:33:50,30424.25,30426.75,30424.00,30425.50,77,30425.25,30425.75,0.50
2026-06-30 10:33:51,30425.50,30426.00,30425.00,30425.75,45,30423.75,30424.00,0.25
2026-06-30 10:33:52,30425.75,30427.00,30423.25,30423.75,63,30425.25,30425.50,0.25
2026-06-30 10:33:53,30423.75,30425.50,30423.25,30425.50,39,30426.00,30426.50,0.50
2026-06-30 10:33:54,30425.25,30426.75,30424.75,30426.50,30,30426.00,30426.50,0.50
2026-06-30 10:33:55,30426.00,30427.00,30426.00,30426.00,27,30426.25,30426.75,0.50
2026-06-30 10:33:56,30425.25,30426.75,30424.50,30426.50,24,30425.00,30425.25,0.25
2026-06-30 10:33:57,30426.50,30426.75,30424.75,30425.75,24,30425.00,30425.25,0.25
2026-06-30 10:33:58,30425.25,30426.00,30424.75,30424.75,19,30423.75,30424.25,0.50
2026-06-30 10:33:59,30425.25,30425.25,30423.75,30424.00,29,30424.50,30425.00,0.50
2026-06-30 10:34:00,30424.25,30424.75,30423.75,30424.75,27,30420.75,30421.00,0.25
2026-06-30 10:34:01,30424.75,30425.00,30420.25,30420.75,112,30418.50,30418.75,0.25
2026-06-30 10:34:02,30420.75,30421.50,30417.50,30418.75,294,30418.50,30418.75,0.25
2026-06-30 10:34:03,30418.50,30420.00,30416.25,30417.00,199,30418.50,30419.00,0.50
2026-06-30 10:34:04,30418.00,30420.25,30418.00,30418.50,85,30418.00,30418.50,0.50
2026-06-30 10:34:05,30418.50,30420.00,30418.00,30418.00,59,30414.50,30414.75,0.25
2026-06-30 10:34:06,30418.50,30419.50,30414.75,30414.75,194,30416.25,30416.75,0.50
2026-06-30 10:34:07,30414.75,30417.25,30412.75,30416.25,233,30416.25,30416.75,0.50
2026-06-30 10:34:08,30416.25,30417.25,30415.50,30416.50,102,30422.75,30423.25,0.50
2026-06-30 10:34:09,30417.00,30424.50,30416.75,30423.00,230,30425.75,30426.25,0.50
2026-06-30 10:34:10,30422.75,30427.25,30422.50,30426.25,126,30422.00,30422.50,0.50
2026-06-30 10:34:11,30426.25,30426.25,30422.00,30422.75,78,30425.50,30425.75,0.25
2026-06-30 10:34:12,30422.00,30425.75,30421.75,30425.50,57,30426.25,30426.75,0.50
2026-06-30 10:34:13,30425.75,30428.00,30425.00,30426.50,74,30426.25,30426.75,0.50
2026-06-30 10:34:14,30426.75,30427.00,30425.50,30426.50,54,30428.75,30429.25,0.50
2026-06-30 10:34:15,30426.75,30429.25,30426.75,30429.00,99,30429.25,30429.50,0.25
2026-06-30 10:34:16,30429.25,30430.25,30429.00,30429.75,90,30425.50,30426.00,0.50
2026-06-30 10:34:17,30429.50,30429.75,30424.00,30425.50,118,30425.50,30426.00,0.50
2026-06-30 10:34:18,30425.75,30428.75,30424.50,30427.25,64,30424.75,30425.25,0.50
2026-06-30 10:34:19,30427.25,30428.00,30424.75,30425.50,57,30423.25,30423.75,0.50
2026-06-30 10:34:20,30425.00,30425.25,30422.75,30423.50,86,30425.25,30425.75,0.50
2026-06-30 10:34:21,30423.75,30426.75,30423.75,30425.50,36,30425.50,30426.00,0.50
2026-06-30 10:34:22,30425.25,30426.00,30424.75,30425.50,31,30426.00,30426.25,0.25
2026-06-30 10:34:23,30425.50,30426.25,30425.50,30426.00,20,30425.75,30426.00,0.25
2026-06-30 10:34:24,30426.00,30426.75,30425.25,30426.00,48,30425.75,30426.00,0.25
2026-06-30 10:34:25,30425.25,30426.25,30424.25,30426.00,43,30424.50,30425.00,0.50
2026-06-30 10:34:26,30426.00,30426.25,30423.25,30424.50,52,30424.50,30425.00,0.50
2026-06-30 10:34:27,30425.25,30425.50,30424.25,30424.75,23,30424.75,30425.25,0.50
2026-06-30 10:34:28,30424.75,30425.75,30422.50,30425.75,64,30424.00,30424.50,0.50
2026-06-30 10:34:29,30425.50,30425.50,30424.75,30424.75,35,30424.00,30424.50,0.50
2026-06-30 10:34:30,30424.75,30425.25,30424.25,30424.75,21,30425.00,30425.50,0.50
2026-06-30 10:34:31,30425.00,30425.25,30424.50,30425.00,11,30423.25,30423.75,0.50
2026-06-30 10:34:32,30425.50,30427.75,30423.25,30423.50,64,30423.75,30424.25,0.50
2026-06-30 10:34:33,30423.75,30425.25,30423.50,30423.50,23,30423.75,30424.25,0.50
2026-06-30 10:34:34,30423.75,30425.50,30423.75,30425.00,66,30425.75,30426.00,0.25
2026-06-30 10:34:35,30424.75,30426.00,30424.25,30425.50,41,30425.75,30426.00,0.25
2026-06-30 10:34:36,30425.75,30427.25,30425.75,30426.00,21,30426.25,30426.75,0.50
2026-06-30 10:34:37,30426.75,30428.25,30426.00,30426.25,63,30426.25,30426.75,0.50
2026-06-30 10:34:38,30426.25,30426.25,30423.50,30425.00,49,30427.75,30428.00,0.25
2026-06-30 10:34:39,30425.25,30427.75,30425.00,30427.50,37,30428.25,30428.75,0.50
2026-06-30 10:34:40,30427.75,30429.25,30427.75,30429.00,78,30426.75,30427.25,0.50
2026-06-30 10:34:41,30428.75,30429.00,30426.50,30426.75,38,30425.50,30426.00,0.50
2026-06-30 10:34:42,30426.75,30426.75,30425.25,30426.00,35,30425.50,30426.00,0.50
2026-06-30 10:34:43,30425.50,30428.25,30425.00,30428.25,68,30427.25,30427.75,0.50
2026-06-30 10:34:44,30429.00,30429.75,30428.00,30428.00,20,30426.25,30426.75,0.50
2026-06-30 10:34:45,30427.50,30428.00,30426.00,30426.25,21,30426.75,30427.25,0.50
2026-06-30 10:34:46,30427.00,30427.50,30426.00,30426.75,25,30427.00,30427.25,0.25
2026-06-30 10:34:47,30427.25,30427.50,30425.75,30427.25,42,30427.50,30428.00,0.50
2026-06-30 10:34:48,30427.25,30428.00,30426.50,30427.50,36,30432.00,30432.25,0.25
2026-06-30 10:34:49,30428.75,30432.50,30428.75,30432.50,156,30434.75,30435.00,0.25
2026-06-30 10:34:50,30432.25,30435.50,30432.25,30435.00,220,30435.50,30435.75,0.25
2026-06-30 10:34:51,30434.75,30438.00,30434.75,30436.00,246,30435.50,30435.75,0.25
2026-06-30 10:34:52,30435.75,30436.25,30434.00,30434.75,107,30435.75,30436.25,0.50
2026-06-30 10:34:53,30434.75,30436.25,30434.50,30436.25,72,30434.75,30435.25,0.50
2026-06-30 10:34:54,30435.75,30435.75,30435.00,30435.25,65,30437.00,30437.50,0.50
2026-06-30 10:34:55,30435.00,30437.50,30435.00,30437.25,66,30437.25,30437.75,0.50
2026-06-30 10:34:56,30437.75,30441.25,30437.25,30437.75,383,30437.00,30437.50,0.50
2026-06-30 10:34:57,30437.25,30438.50,30436.75,30437.50,102,30437.25,30437.75,0.50
2026-06-30 10:34:58,30437.75,30438.25,30436.75,30437.25,74,30439.50,30439.75,0.25
2026-06-30 10:34:59,30437.25,30440.25,30437.00,30439.50,153,30440.25,30440.50,0.25
2026-06-30 10:35:00,30439.50,30441.00,30439.00,30440.50,225,30439.50,30439.75,0.25
2026-06-30 10:35:01,30440.25,30440.50,30438.25,30439.00,144,30439.00,30439.50,0.50
2026-06-30 10:35:02,30439.75,30441.75,30438.75,30439.50,211,30435.75,30436.25,0.50
2026-06-30 10:35:03,30439.00,30439.00,30434.75,30436.25,196,30435.75,30436.25,0.50
2026-06-30 10:35:04,30436.25,30438.75,30435.75,30435.75,171,30435.75,30436.25,0.50
2026-06-30 10:35:05,30436.00,30436.00,30432.75,30432.75,73,30432.50,30433.00,0.50
2026-06-30 10:35:06,30432.75,30433.75,30431.75,30432.50,92,30432.50,30433.00,0.50
2026-06-30 10:35:07,30432.75,30434.00,30432.25,30433.00,88,30430.75,30431.00,0.25
2026-06-30 10:35:08,30433.00,30433.25,30430.25,30430.25,65,30430.25,30430.50,0.25
2026-06-30 10:35:09,30431.00,30431.25,30428.75,30430.50,148,30432.50,30433.00,0.50
2026-06-30 10:35:10,30430.25,30434.00,30430.00,30433.00,79,30434.00,30434.25,0.25
2026-06-30 10:35:11,30433.00,30435.25,30433.00,30434.25,62,30433.50,30434.00,0.50
2026-06-30 10:35:12,30434.50,30434.50,30432.75,30433.25,41,30432.50,30433.00,0.50
2026-06-30 10:35:13,30434.25,30435.50,30432.25,30432.75,45,30435.25,30435.75,0.50
2026-06-30 10:35:14,30433.00,30436.25,30433.00,30435.25,72,30435.25,30435.75,0.50
2026-06-30 10:35:15,30435.75,30435.75,30433.25,30433.75,71,30433.75,30434.25,0.50
2026-06-30 10:35:16,30434.00,30434.25,30433.25,30434.25,31,30433.75,30434.25,0.50
2026-06-30 10:35:17,30434.50,30434.50,30433.25,30434.25,46,30434.00,30434.25,0.25
2026-06-30 10:35:18,30434.75,30435.75,30433.25,30434.25,30,30434.25,30434.50,0.25
2026-06-30 10:35:19,30434.75,30435.00,30434.00,30434.00,46,30431.50,30432.00,0.50
2026-06-30 10:35:20,30434.25,30434.25,30429.75,30431.25,90,30431.50,30432.00,0.50
2026-06-30 10:35:21,30431.75,30433.25,30431.00,30431.75,158,30431.75,30432.25,0.50
2026-06-30 10:35:22,30432.25,30432.75,30432.00,30432.00,36,30434.00,30434.50,0.50
2026-06-30 10:35:23,30431.75,30434.25,30431.75,30434.25,17,30432.25,30432.75,0.50
2026-06-30 10:35:24,30434.00,30434.00,30433.00,30433.00,18,30432.25,30432.75,0.50
2026-06-30 10:35:25,30432.25,30433.00,30430.50,30433.00,46,30430.00,30430.50,0.50
2026-06-30 10:35:26,30432.50,30432.50,30429.75,30429.75,85,30429.50,30430.00,0.50
2026-06-30 10:35:27,30431.00,30431.00,30429.00,30430.00,63,30429.25,30429.50,0.25
2026-06-30 10:35:28,30429.00,30429.75,30428.50,30429.25,66,30429.50,30429.75,0.25
2026-06-30 10:35:29,30429.25,30429.50,30428.50,30429.50,29,30429.50,30429.75,0.25
2026-06-30 10:35:30,30429.50,30430.75,30429.00,30430.00,47,30426.50,30427.25,0.75
2026-06-30 10:35:31,30429.50,30429.75,30426.50,30426.50,96,30426.75,30427.25,0.50
2026-06-30 10:35:32,30427.25,30428.50,30425.25,30426.75,82,30426.25,30426.50,0.25
2026-06-30 10:35:33,30426.50,30427.25,30425.75,30426.50,127,30428.25,30428.75,0.50
2026-06-30 10:35:34,30426.25,30428.50,30425.75,30428.50,60,30424.50,30425.00,0.50
2026-06-30 10:35:35,30428.00,30428.00,30424.50,30425.00,141,30425.00,30425.50,0.50
2026-06-30 10:35:36,30424.50,30425.50,30424.00,30424.75,98,30426.00,30426.50,0.50
2026-06-30 10:35:37,30425.50,30426.75,30425.50,30426.50,63,30426.75,30427.25,0.50
2026-06-30 10:35:38,30426.25,30427.50,30426.25,30426.50,89,30428.50,30428.75,0.25
2026-06-30 10:35:39,30426.75,30428.75,30426.50,30428.75,30,30426.50,30427.00,0.50
2026-06-30 10:35:40,30428.50,30428.75,30426.50,30426.50,85,30426.50,30427.00,0.50
2026-06-30 10:35:41,30427.00,30427.50,30425.75,30427.00,61,30426.75,30427.25,0.50
2026-06-30 10:35:42,30427.25,30428.00,30426.75,30427.25,28,30427.25,30427.75,0.50
2026-06-30 10:35:43,30426.50,30427.00,30425.50,30426.50,44,30425.25,30425.75,0.50
2026-06-30 10:35:44,30428.00,30428.00,30425.25,30425.75,41,30422.50,30423.00,0.50
2026-06-30 10:35:45,30425.75,30425.75,30421.00,30423.00,253,30421.00,30421.25,0.25
2026-06-30 10:35:46,30422.50,30422.75,30420.75,30421.50,94,30421.00,30421.25,0.25
2026-06-30 10:35:47,30421.25,30421.50,30417.00,30419.25,255,30415.50,30416.00,0.50
2026-06-30 10:35:48,30418.75,30418.75,30414.75,30414.75,227,30417.25,30417.50,0.25
2026-06-30 10:35:49,30415.75,30417.75,30415.75,30417.50,118,30417.50,30418.00,0.50
2026-06-30 10:35:50,30417.50,30419.25,30417.00,30418.00,130,30418.75,30419.25,0.50
2026-06-30 10:35:51,30418.25,30420.00,30417.75,30418.50,117,30418.75,30419.25,0.50
2026-06-30 10:35:52,30418.75,30421.75,30418.25,30420.25,82,30421.25,30421.75,0.50
2026-06-30 10:35:53,30420.50,30422.00,30419.75,30421.50,65,30421.50,30421.75,0.25
2026-06-30 10:35:54,30421.50,30422.00,30420.75,30421.50,55,30418.00,30418.50,0.50
2026-06-30 10:35:55,30421.75,30422.00,30417.75,30418.50,74,30416.75,30417.25,0.50
2026-06-30 10:35:56,30418.00,30418.25,30416.50,30417.25,52,30416.50,30417.00,0.50
2026-06-30 10:35:57,30417.75,30417.75,30416.00,30416.50,46,30415.50,30416.00,0.50
2026-06-30 10:35:58,30416.50,30417.75,30415.25,30415.25,50,30413.75,30414.00,0.25
2026-06-30 10:35:59,30415.75,30416.00,30413.50,30414.25,109,30415.00,30415.50,0.50
2026-06-30 10:36:00,30414.00,30416.00,30412.25,30414.75,160,30414.25,30414.75,0.50
2026-06-30 10:36:01,30414.75,30415.00,30413.25,30414.75,117,30414.25,30414.75,0.50
2026-06-30 10:36:02,30414.50,30414.75,30409.50,30411.25,321,30410.75,30411.25,0.50
2026-06-30 10:36:03,30411.00,30413.00,30409.75,30411.00,190,30411.50,30412.00,0.50
2026-06-30 10:36:04,30411.00,30412.25,30409.50,30411.50,146,30408.50,30409.00,0.50
2026-06-30 10:36:05,30411.50,30411.75,30407.50,30408.75,290,30407.75,30408.25,0.50
2026-06-30 10:36:06,30408.50,30409.50,30406.75,30408.00,220,30409.75,30410.25,0.50
2026-06-30 10:36:07,30407.75,30410.50,30407.75,30409.25,130,30406.00,30406.50,0.50
2026-06-30 10:36:08,30409.75,30410.25,30405.25,30406.25,138,30406.00,30406.50,0.50
2026-06-30 10:36:09,30406.00,30406.75,30404.25,30404.50,197,30404.25,30404.75,0.50
2026-06-30 10:36:10,30404.25,30405.00,30401.00,30403.00,360,30403.50,30403.75,0.25
2026-06-30 10:36:11,30403.00,30404.00,30402.25,30402.50,153,30404.25,30404.75,0.50
2026-06-30 10:36:12,30402.50,30405.75,30402.25,30404.25,194,30406.50,30407.00,0.50
2026-06-30 10:36:13,30404.25,30407.50,30404.00,30407.00,86,30406.00,30406.25,0.25
2026-06-30 10:36:14,30407.00,30407.75,30405.00,30406.00,134,30407.75,30408.00,0.25
2026-06-30 10:36:15,30406.25,30408.50,30405.75,30408.00,115,30405.25,30405.75,0.50
2026-06-30 10:36:16,30407.75,30407.75,30404.75,30405.75,71,30410.75,30411.00,0.25
2026-06-30 10:36:17,30405.50,30411.25,30405.25,30411.00,210,30410.75,30411.00,0.25
2026-06-30 10:36:18,30410.75,30411.25,30409.50,30410.75,119,30408.50,30409.00,0.50
2026-06-30 10:36:19,30411.00,30412.75,30408.25,30408.50,221,30408.25,30408.50,0.25
2026-06-30 10:36:20,30408.50,30409.00,30407.50,30408.50,102,30410.00,30410.50,0.50
2026-06-30 10:36:21,30408.75,30410.50,30408.25,30410.50,83,30409.50,30410.00,0.50
2026-06-30 10:36:22,30410.50,30411.50,30408.75,30409.75,108,30409.00,30409.25,0.25
2026-06-30 10:36:23,30409.50,30410.00,30408.75,30409.50,50,30408.50,30408.75,0.25
2026-06-30 10:36:24,30409.00,30411.25,30407.25,30408.50,170,30409.25,30409.75,0.50
2026-06-30 10:36:25,30408.75,30412.00,30408.75,30409.75,76,30408.50,30408.75,0.25
2026-06-30 10:36:26,30409.75,30410.00,30408.00,30408.50,54,30409.25,30409.50,0.25
2026-06-30 10:36:27,30408.50,30411.75,30408.00,30409.50,105,30409.25,30409.50,0.25
2026-06-30 10:36:28,30409.75,30410.75,30408.50,30409.50,83,30405.50,30406.00,0.50
2026-06-30 10:36:29,30409.25,30409.25,30405.50,30406.00,110,30405.25,30405.75,0.50
2026-06-30 10:36:30,30406.00,30407.00,30405.00,30406.00,102,30407.50,30408.00,0.50
2026-06-30 10:36:31,30405.75,30408.00,30405.25,30407.75,62,30404.50,30404.75,0.25
2026-06-30 10:36:32,30407.25,30407.50,30405.00,30405.00,45,30402.75,30403.25,0.50
2026-06-30 10:36:33,30404.50,30405.00,30402.25,30402.75,120,30403.00,30403.50,0.50
2026-06-30 10:36:34,30402.00,30404.00,30400.50,30402.75,138,30403.00,30403.50,0.50
2026-06-30 10:36:35,30403.25,30403.50,30401.75,30403.00,83,30404.50,30405.00,0.50
2026-06-30 10:36:36,30403.50,30405.00,30403.50,30405.00,71,30405.00,30405.50,0.50
2026-06-30 10:36:37,30404.50,30406.50,30404.50,30405.50,69,30405.50,30405.75,0.25
2026-06-30 10:36:38,30405.50,30406.25,30404.25,30406.00,43,30405.75,30406.25,0.50
2026-06-30 10:36:39,30406.50,30406.50,30405.00,30406.00,69,30405.75,30406.25,0.50
2026-06-30 10:36:40,30406.00,30407.75,30405.75,30406.50,90,30406.00,30406.50,0.50
2026-06-30 10:36:41,30406.75,30407.00,30405.75,30406.50,57,30405.00,30405.25,0.25
2026-06-30 10:36:42,30406.50,30407.50,30405.00,30405.50,131,30405.75,30406.25,0.50
2026-06-30 10:36:43,30405.50,30406.50,30405.00,30406.00,54,30407.25,30407.75,0.50
2026-06-30 10:36:44,30406.00,30407.75,30405.25,30407.25,65,30411.00,30411.25,0.25
2026-06-30 10:36:45,30407.25,30411.25,30407.00,30411.00,141,30410.25,30410.75,0.50
2026-06-30 10:36:46,30411.00,30411.00,30408.50,30410.50,83,30406.00,30406.25,0.25
2026-06-30 10:36:47,30410.75,30412.00,30404.75,30406.00,461,30406.00,30406.25,0.25
2026-06-30 10:36:48,30406.00,30406.25,30404.50,30405.50,151,30403.50,30403.75,0.25
2026-06-30 10:36:49,30405.25,30406.25,30403.00,30403.50,114,30401.50,30402.00,0.50
2026-06-30 10:36:50,30403.75,30404.00,30401.25,30401.75,93,30401.25,30401.75,0.50
2026-06-30 10:36:51,30401.50,30402.25,30400.50,30401.25,131,30405.50,30406.00,0.50
2026-06-30 10:36:52,30401.50,30405.75,30401.50,30405.75,115,30406.75,30407.25,0.50
2026-06-30 10:36:53,30405.75,30407.50,30404.50,30407.00,95,30407.25,30407.50,0.25
2026-06-30 10:36:54,30407.25,30408.00,30405.75,30407.25,68,30410.25,30410.75,0.50
2026-06-30 10:36:55,30407.25,30412.00,30406.50,30410.50,191,30411.75,30412.25,0.50
2026-06-30 10:36:56,30410.25,30412.25,30410.00,30411.50,43,30414.00,30414.50,0.50
2026-06-30 10:36:57,30412.25,30415.00,30412.25,30414.50,210,30413.25,30413.50,0.25
2026-06-30 10:36:58,30414.75,30415.00,30413.00,30413.00,82,30412.75,30413.25,0.50
2026-06-30 10:36:59,30413.25,30415.50,30412.75,30412.75,60,30413.00,30413.50,0.50
2026-06-30 10:37:00,30413.25,30414.00,30412.50,30413.25,61,30416.25,30416.50,0.25
2026-06-30 10:37:01,30412.75,30416.75,30412.75,30416.25,79,30414.75,30415.25,0.50
2026-06-30 10:37:02,30416.25,30416.25,30414.75,30414.75,88,30418.00,30418.25,0.25
2026-06-30 10:37:03,30415.25,30418.25,30414.00,30418.25,108,30417.50,30417.75,0.25
2026-06-30 10:37:04,30418.00,30419.75,30416.75,30417.75,174,30419.25,30419.50,0.25
2026-06-30 10:37:05,30417.50,30419.50,30417.00,30419.50,85,30417.75,30418.00,0.25
2026-06-30 10:37:06,30419.50,30419.75,30417.50,30417.50,82,30419.50,30420.00,0.50
2026-06-30 10:37:07,30418.25,30419.50,30417.50,30419.50,58,30419.50,30420.00,0.50
2026-06-30 10:37:08,30419.50,30420.00,30418.00,30420.00,76,30415.50,30416.00,0.50
2026-06-30 10:37:09,30419.50,30419.50,30415.50,30415.50,139,30411.75,30412.25,0.50
2026-06-30 10:37:10,30415.50,30415.50,30410.75,30411.50,216,30407.25,30407.75,0.50
2026-06-30 10:37:11,30412.25,30412.25,30406.75,30407.25,220,30408.25,30408.75,0.50
2026-06-30 10:37:12,30407.00,30409.00,30406.25,30409.00,172,30410.50,30411.00,0.50
2026-06-30 10:37:13,30408.25,30410.75,30408.25,30410.75,74,30409.50,30410.00,0.50
2026-06-30 10:37:14,30410.25,30410.50,30409.50,30410.00,24,30408.50,30409.00,0.50
2026-06-30 10:37:15,30409.50,30410.50,30408.75,30409.00,55,30407.25,30407.75,0.50
2026-06-30 10:37:16,30408.50,30408.50,30406.75,30407.50,48,30410.00,30410.50,0.50
2026-06-30 10:37:17,30408.50,30411.00,30408.50,30409.75,84,30412.00,30412.50,0.50
2026-06-30 10:37:18,30410.50,30412.25,30409.50,30412.25,52,30412.50,30413.00,0.50
2026-06-30 10:37:19,30412.50,30413.50,30412.00,30412.50,70,30412.50,30412.75,0.25
2026-06-30 10:37:20,30413.00,30414.25,30412.25,30412.75,47,30410.00,30410.50,0.50
2026-06-30 10:37:21,30412.50,30412.50,30410.25,30410.25,29,30407.25,30407.75,0.50
2026-06-30 10:37:22,30410.75,30411.50,30407.25,30407.25,77,30403.25,30404.00,0.75
2026-06-30 10:37:23,30407.75,30408.00,30403.00,30403.75,145,30404.50,30405.00,0.50
2026-06-30 10:37:24,30403.50,30406.00,30403.25,30405.50,100,30404.50,30405.00,0.50
2026-06-30 10:37:25,30405.00,30405.50,30404.00,30404.00,95,30402.75,30403.25,0.50
2026-06-30 10:37:26,30403.00,30403.00,30400.50,30402.00,112,30403.75,30404.25,0.50
2026-06-30 10:37:27,30401.75,30405.00,30401.25,30405.00,142,30403.75,30404.25,0.50
2026-06-30 10:37:28,30404.00,30404.50,30403.25,30404.25,86,30401.75,30402.00,0.25
2026-06-30 10:37:29,30404.00,30404.25,30402.00,30402.00,72,30403.50,30404.00,0.50
2026-06-30 10:37:30,30402.00,30403.75,30401.75,30403.25,86,30405.50,30406.00,0.50
2026-06-30 10:37:31,30404.00,30406.50,30403.50,30405.50,86,30406.75,30407.25,0.50
2026-06-30 10:37:32,30406.00,30407.75,30404.25,30407.25,83,30406.25,30406.50,0.25
2026-06-30 10:37:33,30406.25,30407.25,30405.50,30406.00,35,30406.00,30406.50,0.50
2026-06-30 10:37:34,30406.50,30406.50,30405.50,30406.25,66,30406.00,30406.25,0.25
2026-06-30 10:37:35,30406.50,30406.75,30404.75,30405.75,55,30404.00,30404.50,0.50
2026-06-30 10:37:36,30405.75,30406.00,30404.25,30404.25,35,30401.75,30402.25,0.50
2026-06-30 10:37:37,30404.50,30405.00,30400.75,30402.00,237,30401.00,30401.25,0.25
2026-06-30 10:37:38,30402.00,30402.00,30401.00,30401.25,104,30396.50,30397.00,0.50
2026-06-30 10:37:39,30401.00,30402.00,30396.25,30396.75,507,30398.25,30398.50,0.25
2026-06-30 10:37:40,30396.50,30399.25,30396.50,30398.50,148,30398.25,30398.50,0.25
2026-06-30 10:37:41,30398.50,30399.00,30397.75,30398.50,97,30398.25,30398.50,0.25
2026-06-30 10:37:42,30398.25,30400.25,30398.00,30398.50,143,30398.25,30398.50,0.25
2026-06-30 10:37:43,30398.25,30398.50,30395.50,30396.50,242,30396.00,30396.50,0.50
2026-06-30 10:37:44,30396.00,30397.00,30392.50,30393.50,347,30394.00,30394.50,0.50
2026-06-30 10:37:45,30394.50,30395.00,30392.75,30393.50,140,30393.25,30393.50,0.25
2026-06-30 10:37:46,30393.25,30396.25,30393.00,30395.25,258,30394.75,30395.25,0.50
2026-06-30 10:37:47,30395.75,30396.75,30395.00,30395.50,134,30394.75,30395.25,0.50
2026-06-30 10:37:48,30395.25,30401.25,30395.00,30398.50,245,30400.75,30401.00,0.25
2026-06-30 10:37:49,30398.50,30401.00,30397.75,30401.00,92,30400.75,30401.00,0.25
2026-06-30 10:37:50,30400.75,30401.25,30399.00,30399.75,101,30402.50,30403.00,0.50
2026-06-30 10:37:51,30400.75,30403.75,30400.00,30402.75,137,30404.25,30404.75,0.50
2026-06-30 10:37:52,30402.50,30406.75,30402.25,30405.00,178,30403.00,30403.50,0.50
2026-06-30 10:37:53,30404.25,30405.00,30403.00,30403.50,88,30403.75,30404.00,0.25
2026-06-30 10:37:54,30403.25,30404.00,30402.50,30404.00,51,30403.75,30404.25,0.50
2026-06-30 10:37:55,30403.75,30404.00,30403.00,30403.75,72,30404.50,30405.00,0.50
2026-06-30 10:37:56,30403.75,30406.25,30403.75,30405.00,63,30403.75,30404.25,0.50
2026-06-30 10:37:57,30404.50,30404.75,30402.25,30404.00,59,30402.50,30403.00,0.50
2026-06-30 10:37:58,30403.75,30403.75,30402.25,30402.75,33,30405.25,30405.75,0.50
2026-06-30 10:37:59,30402.50,30405.50,30402.50,30405.25,54,30406.75,30407.25,0.50
2026-06-30 10:38:00,30405.25,30407.25,30405.00,30407.25,86,30408.00,30408.25,0.25
2026-06-30 10:38:01,30406.75,30408.75,30404.75,30408.00,128,30408.00,30408.50,0.50
2026-06-30 10:38:02,30408.25,30409.75,30407.00,30408.00,108,30409.50,30410.00,0.50
2026-06-30 10:38:03,30408.50,30411.00,30408.50,30410.00,99,30412.25,30412.75,0.50
2026-06-30 10:38:04,30410.00,30415.50,30410.00,30412.75,245,30413.75,30414.25,0.50
2026-06-30 10:38:05,30412.75,30414.75,30412.50,30413.50,92,30414.75,30415.25,0.50
2026-06-30 10:38:06,30414.25,30415.50,30414.00,30414.75,54,30413.75,30414.25,0.50
2026-06-30 10:38:07,30414.75,30415.50,30413.25,30414.25,88,30412.50,30413.00,0.50
2026-06-30 10:38:08,30413.75,30413.75,30411.50,30412.25,90,30412.00,30412.50,0.50
2026-06-30 10:38:09,30412.50,30413.00,30411.25,30412.00,59,30411.75,30412.25,0.50
2026-06-30 10:38:10,30412.50,30412.75,30411.25,30411.75,32,30411.00,30411.50,0.50
2026-06-30 10:38:11,30412.25,30413.00,30410.25,30411.00,118,30411.25,30411.50,0.25
2026-06-30 10:38:12,30411.25,30412.75,30410.75,30411.75,64,30404.50,30404.75,0.25
2026-06-30 10:38:13,30410.75,30410.75,30403.25,30404.75,192,30402.00,30402.25,0.25
2026-06-30 10:38:14,30404.75,30404.75,30401.50,30402.25,116,30403.00,30403.25,0.25
2026-06-30 10:38:15,30402.00,30404.25,30401.50,30403.00,136,30399.50,30400.00,0.50
2026-06-30 10:38:16,30403.00,30403.00,30398.50,30399.25,128,30398.25,30398.75,0.50
2026-06-30 10:38:17,30399.75,30399.75,30396.75,30398.75,133,30402.75,30403.25,0.50
2026-06-30 10:38:18,30398.25,30403.25,30398.25,30403.25,115,30399.50,30400.00,0.50
2026-06-30 10:38:19,30403.25,30403.25,30399.00,30399.75,92,30397.25,30397.75,0.50
2026-06-30 10:38:20,30400.00,30400.00,30396.25,30397.25,116,30395.00,30395.50,0.50
2026-06-30 10:38:21,30397.75,30398.25,30393.50,30395.25,219,30396.00,30396.50,0.50
2026-06-30 10:38:22,30395.00,30397.00,30395.00,30396.50,92,30396.00,30396.50,0.50
2026-06-30 10:38:23,30396.75,30397.75,30396.00,30396.50,57,30394.00,30394.50,0.50
2026-06-30 10:38:24,30396.00,30396.25,30393.25,30394.00,91,30393.00,30393.50,0.50
2026-06-30 10:38:25,30394.25,30394.75,30393.00,30393.50,107,30394.50,30395.00,0.50
2026-06-30 10:38:26,30393.50,30395.75,30392.75,30394.50,85,30393.75,30394.00,0.25
2026-06-30 10:38:27,30395.00,30395.00,30391.25,30393.75,162,30396.75,30397.25,0.50
2026-06-30 10:38:28,30394.00,30397.50,30393.25,30397.50,96,30396.00,30396.50,0.50
2026-06-30 10:38:29,30396.25,30397.75,30396.00,30396.50,102,30396.00,30396.50,0.50
2026-06-30 10:38:30,30396.75,30396.75,30395.25,30396.25,45,30396.25,30396.75,0.50
2026-06-30 10:38:31,30396.25,30397.50,30395.75,30397.50,64,30396.00,30396.50,0.50
2026-06-30 10:38:32,30396.75,30397.75,30395.25,30395.25,70,30395.25,30395.75,0.50
2026-06-30 10:38:33,30396.50,30397.00,30394.00,30395.25,125,30394.75,30395.25,0.50
2026-06-30 10:38:34,30395.75,30395.75,30394.50,30395.25,64,30396.25,30396.50,0.25
2026-06-30 10:38:35,30394.75,30397.25,30393.75,30395.75,104,30400.00,30400.25,0.25
2026-06-30 10:38:36,30396.25,30401.00,30396.25,30400.50,140,30396.50,30397.00,0.50
2026-06-30 10:38:37,30400.25,30400.25,30396.75,30397.00,120,30394.75,30395.00,0.25
2026-06-30 10:38:38,30397.00,30397.50,30394.25,30394.50,63,30392.00,30392.50,0.50
2026-06-30 10:38:39,30395.00,30395.50,30392.00,30392.25,100,30391.25,30391.75,0.50
2026-06-30 10:38:40,30392.50,30393.00,30390.25,30391.25,134,30393.00,30393.50,0.50
2026-06-30 10:38:41,30391.25,30394.00,30390.50,30393.00,103,30396.00,30396.50,0.50
2026-06-30 10:38:42,30393.00,30396.50,30391.50,30396.50,139,30395.50,30396.00,0.50
2026-06-30 10:38:43,30396.25,30398.25,30395.50,30396.00,144,30394.75,30395.25,0.50
2026-06-30 10:38:44,30396.00,30396.00,30393.25,30394.75,56,30395.75,30396.25,0.50
2026-06-30 10:38:45,30394.50,30396.25,30394.50,30395.75,32,30398.75,30399.25,0.50
2026-06-30 10:38:46,30396.50,30399.50,30396.50,30398.75,76,30398.50,30399.00,0.50
2026-06-30 10:38:47,30398.50,30400.00,30397.75,30399.00,84,30398.25,30398.75,0.50
2026-06-30 10:38:48,30398.50,30400.00,30398.50,30399.00,76,30399.50,30399.75,0.25
2026-06-30 10:38:49,30398.75,30402.75,30398.75,30399.75,160,30401.75,30402.25,0.50
2026-06-30 10:38:50,30399.75,30402.75,30398.50,30402.25,96,30402.50,30402.75,0.25
2026-06-30 10:38:51,30401.75,30403.50,30400.25,30402.50,73,30401.75,30402.00,0.25
2026-06-30 10:38:52,30402.50,30403.50,30401.50,30402.00,36,30402.75,30403.25,0.50
2026-06-30 10:38:53,30403.00,30403.25,30402.25,30402.75,35,30404.00,30404.50,0.50
2026-06-30 10:38:54,30403.25,30404.75,30403.25,30404.25,35,30403.50,30403.75,0.25
2026-06-30 10:38:55,30404.50,30406.50,30403.75,30403.75,118,30403.00,30403.25,0.25
2026-06-30 10:38:56,30403.50,30403.50,30401.50,30402.50,47,30403.50,30404.25,0.75
2026-06-30 10:38:57,30403.00,30404.00,30402.75,30404.00,25,30402.00,30402.25,0.25
2026-06-30 10:38:58,30403.50,30406.00,30401.00,30402.25,122,30400.50,30401.00,0.50
2026-06-30 10:38:59,30402.25,30402.25,30400.00,30400.50,39,30394.25,30394.50,0.25
2026-06-30 10:39:00,30400.50,30401.00,30393.50,30394.00,138,30394.75,30395.25,0.50
2026-06-30 10:39:01,30394.50,30395.75,30394.00,30395.00,91,30395.00,30395.50,0.50
2026-06-30 10:39:02,30394.75,30396.25,30392.75,30395.75,129,30392.75,30393.25,0.50
2026-06-30 10:39:03,30395.50,30395.50,30392.00,30393.00,73,30393.00,30393.25,0.25
2026-06-30 10:39:04,30392.75,30394.00,30391.25,30392.75,102,30390.50,30391.00,0.50
2026-06-30 10:39:05,30393.00,30393.75,30388.75,30390.50,327,30390.00,30390.50,0.50
2026-06-30 10:39:06,30390.50,30391.50,30389.00,30390.00,121,30391.25,30391.75,0.50
2026-06-30 10:39:07,30390.00,30392.50,30389.75,30391.25,123,30393.00,30393.50,0.50
2026-06-30 10:39:08,30391.75,30395.25,30391.00,30393.25,147,30396.75,30397.25,0.50
2026-06-30 10:39:09,30393.75,30398.50,30393.00,30397.50,124,30395.50,30396.00,0.50
2026-06-30 10:39:10,30396.75,30396.75,30394.50,30395.50,68,30397.50,30398.00,0.50
2026-06-30 10:39:11,30395.50,30398.00,30395.25,30397.50,58,30398.50,30399.00,0.50
2026-06-30 10:39:12,30398.00,30399.50,30397.50,30399.00,72,30396.00,30396.50,0.50
2026-06-30 10:39:13,30398.50,30398.50,30395.50,30396.00,92,30394.25,30394.50,0.25
2026-06-30 10:39:14,30396.00,30396.25,30394.00,30394.25,53,30394.75,30395.50,0.75
2026-06-30 10:39:15,30394.25,30396.50,30394.00,30395.00,147,30393.75,30394.00,0.25
2026-06-30 10:39:16,30395.50,30395.50,30393.75,30394.25,52,30395.00,30395.50,0.50
2026-06-30 10:39:17,30393.75,30396.25,30392.75,30395.50,99,30395.00,30395.25,0.25
2026-06-30 10:39:18,30395.25,30396.25,30394.75,30395.00,36,30395.50,30395.75,0.25
2026-06-30 10:39:19,30395.50,30397.00,30395.50,30395.75,59,30393.50,30394.00,0.50
2026-06-30 10:39:20,30395.75,30396.25,30392.75,30393.50,37,30393.00,30393.50,0.50
2026-06-30 10:39:21,30393.75,30395.50,30391.75,30392.75,71,30393.25,30393.75,0.50
2026-06-30 10:39:22,30393.00,30394.25,30393.00,30393.50,31,30392.25,30392.75,0.50
2026-06-30 10:39:23,30393.25,30393.50,30392.00,30392.25,65,30392.25,30392.75,0.50
2026-06-30 10:39:24,30392.25,30395.25,30392.00,30392.50,105,30388.50,30388.75,0.25
2026-06-30 10:39:25,30392.00,30394.25,30387.25,30388.50,181,30389.00,30389.50,0.50
2026-06-30 10:39:26,30388.75,30390.25,30387.00,30388.75,123,30388.25,30388.75,0.50
2026-06-30 10:39:27,30389.50,30389.50,30386.50,30388.25,146,30390.50,30390.75,0.25
2026-06-30 10:39:28,30389.00,30390.75,30389.00,30390.50,121,30393.50,30394.00,0.50
2026-06-30 10:39:29,30390.50,30394.50,30390.25,30393.75,106,30393.50,30393.75,0.25
2026-06-30 10:39:30,30394.00,30394.00,30393.00,30393.25,35,30398.75,30399.00,0.25
2026-06-30 10:39:31,30393.50,30398.75,30393.50,30398.75,124,30397.50,30398.00,0.50
2026-06-30 10:39:32,30399.00,30399.75,30397.25,30397.75,123,30399.75,30400.00,0.25
2026-06-30 10:39:33,30397.50,30400.75,30397.50,30399.75,85,30402.50,30403.00,0.50
2026-06-30 10:39:34,30399.50,30405.00,30399.50,30402.50,213,30398.00,30398.50,0.50
2026-06-30 10:39:35,30402.75,30402.75,30397.50,30398.00,103,30396.75,30397.25,0.50
2026-06-30 10:39:36,30398.25,30399.00,30396.75,30397.50,54,30397.00,30397.50,0.50
2026-06-30 10:39:37,30397.25,30397.50,30395.75,30397.25,40,30397.00,30397.50,0.50
2026-06-30 10:39:38,30397.00,30398.50,30396.25,30396.75,40,30397.25,30398.00,0.75
2026-06-30 10:39:39,30396.50,30398.75,30396.50,30397.75,33,30398.00,30398.50,0.50
2026-06-30 10:39:40,30398.25,30398.50,30396.75,30398.00,59,30401.25,30401.50,0.25
2026-06-30 10:39:41,30399.25,30402.00,30399.25,30401.00,80,30404.00,30404.50,0.50
2026-06-30 10:39:42,30401.75,30404.50,30401.75,30404.25,111,30408.00,30408.25,0.25
2026-06-30 10:39:43,30404.50,30409.00,30403.75,30408.50,205,30407.75,30408.25,0.50
2026-06-30 10:39:44,30408.00,30408.25,30406.25,30407.75,92,30405.25,30405.75,0.50
2026-06-30 10:39:45,30408.00,30408.00,30405.25,30405.75,95,30406.50,30406.75,0.25
2026-06-30 10:39:46,30405.25,30407.25,30405.00,30407.00,60,30405.50,30405.75,0.25
2026-06-30 10:39:47,30406.50,30407.00,30404.75,30405.00,85,30405.00,30405.25,0.25
2026-06-30 10:39:48,30405.50,30405.75,30404.50,30405.25,71,30406.75,30407.25,0.50
2026-06-30 10:39:49,30404.75,30408.50,30404.50,30407.00,93,30407.75,30408.00,0.25
2026-06-30 10:39:50,30407.25,30408.75,30407.25,30408.00,48,30405.50,30405.75,0.25
2026-06-30 10:39:51,30408.00,30408.50,30405.25,30406.00,79,30405.75,30406.25,0.50
2026-06-30 10:39:52,30405.75,30406.50,30405.50,30406.00,33,30406.00,30406.50,0.50
2026-06-30 10:39:53,30405.75,30407.00,30405.50,30406.00,40,30405.00,30405.50,0.50
2026-06-30 10:39:54,30406.75,30406.75,30404.75,30405.25,51,30406.75,30407.25,0.50
2026-06-30 10:39:55,30405.00,30407.50,30404.50,30407.50,57,30405.25,30405.75,0.50
2026-06-30 10:39:56,30407.00,30407.00,30404.75,30405.75,37,30405.75,30406.00,0.25
2026-06-30 10:39:57,30405.75,30407.25,30404.75,30405.25,49,30406.00,30406.50,0.50
2026-06-30 10:39:58,30406.25,30406.75,30405.00,30406.00,52,30404.75,30405.25,0.50
2026-06-30 10:39:59,30405.50,30406.50,30404.75,30405.00,58,30405.75,30406.25,0.50
2026-06-30 10:40:00,30404.50,30406.25,30404.50,30406.25,32,30405.50,30406.00,0.50
2026-06-30 10:40:01,30405.50,30406.25,30402.50,30406.00,187,30400.50,30401.00,0.50
2026-06-30 10:40:02,30405.50,30405.50,30400.50,30400.75,118,30398.50,30399.00,0.50
2026-06-30 10:40:03,30400.50,30400.75,30398.25,30398.25,103,30401.25,30401.75,0.50
2026-06-30 10:40:04,30398.50,30402.00,30398.50,30401.50,70,30401.25,30401.75,0.50
2026-06-30 10:40:05,30401.50,30403.00,30401.25,30401.75,58,30403.75,30404.25,0.50
2026-06-30 10:40:06,30401.75,30404.75,30401.00,30404.25,133,30398.50,30399.00,0.50
2026-06-30 10:40:07,30404.00,30404.00,30399.00,30399.00,90,30399.25,30399.75,0.50
2026-06-30 10:40:08,30398.50,30399.50,30397.50,30399.50,50,30400.75,30401.25,0.50
2026-06-30 10:40:09,30399.25,30401.25,30399.25,30401.00,50,30402.25,30402.75,0.50
2026-06-30 10:40:10,30400.75,30404.00,30400.75,30402.75,43,30407.25,30407.75,0.50
2026-06-30 10:40:11,30402.75,30407.25,30402.50,30407.25,80,30407.25,30407.75,0.50
2026-06-30 10:40:12,30407.25,30410.00,30406.50,30407.00,161,30406.50,30407.00,0.50
2026-06-30 10:40:13,30406.75,30409.00,30406.25,30409.00,91,30411.25,30411.75,0.50
2026-06-30 10:40:14,30408.50,30412.75,30408.50,30411.50,225,30410.50,30411.00,0.50
2026-06-30 10:40:15,30411.25,30411.75,30408.75,30410.50,212,30410.50,30411.00,0.50
2026-06-30 10:40:16,30410.75,30411.25,30408.50,30409.25,128,30409.00,30409.50,0.50
2026-06-30 10:40:17,30409.00,30411.00,30408.50,30410.25,171,30408.50,30409.00,0.50
2026-06-30 10:40:18,30410.75,30411.00,30408.75,30408.75,42,30408.00,30408.50,0.50
2026-06-30 10:40:19,30409.00,30409.75,30408.00,30408.00,42,30408.25,30408.75,0.50
2026-06-30 10:40:20,30408.50,30409.00,30406.75,30408.75,70,30408.25,30408.75,0.50
2026-06-30 10:40:21,30408.50,30411.00,30408.50,30411.00,47,30409.50,30410.00,0.50
2026-06-30 10:40:22,30410.50,30412.25,30409.50,30409.75,89,30406.00,30406.50,0.50
2026-06-30 10:40:23,30409.75,30409.75,30405.50,30406.00,116,30405.50,30406.00,0.50
2026-06-30 10:40:24,30405.50,30406.00,30404.00,30406.00,79,30405.50,30406.00,0.50
2026-06-30 10:40:25,30406.00,30407.00,30404.75,30407.00,57,30408.50,30409.00,0.50
2026-06-30 10:40:26,30407.00,30410.00,30406.75,30408.75,53,30409.25,30409.50,0.25
2026-06-30 10:40:27,30409.00,30410.00,30407.75,30409.25,63,30413.25,30413.50,0.25
2026-06-30 10:40:28,30410.00,30414.00,30409.50,30413.50,126,30412.00,30412.25,0.25
2026-06-30 10:40:29,30413.00,30413.75,30411.75,30412.50,96,30411.75,30412.25,0.50
2026-06-30 10:40:30,30412.00,30412.25,30410.75,30412.00,61,30409.00,30409.50,0.50
2026-06-30 10:40:31,30412.00,30412.00,30408.50,30409.50,75,30409.50,30410.00,0.50
2026-06-30 10:40:32,30409.50,30410.50,30409.00,30409.75,47,30408.50,30409.00,0.50
2026-06-30 10:40:33,30409.25,30410.00,30408.50,30408.50,41,30407.00,30407.50,0.50
2026-06-30 10:40:34,30408.50,30408.50,30406.25,30407.50,96,30405.50,30406.00,0.50
2026-06-30 10:40:35,30406.50,30407.50,30405.50,30406.25,44,30405.75,30406.00,0.25
2026-06-30 10:40:36,30405.75,30406.25,30405.75,30405.75,19,30406.75,30407.25,0.50
2026-06-30 10:40:37,30405.25,30407.50,30405.25,30407.25,46,30406.75,30407.25,0.50
2026-06-30 10:40:38,30406.50,30407.75,30406.00,30407.25,49,30406.50,30407.25,0.75
2026-06-30 10:40:39,30406.25,30407.25,30405.00,30406.75,94,30407.00,30407.25,0.25
2026-06-30 10:40:40,30406.50,30408.25,30406.50,30407.75,29,30405.25,30405.75,0.50
2026-06-30 10:40:41,30407.00,30407.25,30405.25,30405.75,54,30404.25,30404.75,0.50
2026-06-30 10:40:42,30405.25,30406.25,30404.25,30404.25,67,30406.00,30406.50,0.50
2026-06-30 10:40:43,30405.00,30407.50,30405.00,30405.75,53,30404.50,30404.75,0.25
2026-06-30 10:40:44,30406.25,30406.25,30404.50,30404.50,74,30405.25,30405.75,0.50
2026-06-30 10:40:45,30404.50,30406.00,30404.50,30405.50,38,30403.75,30404.25,0.50
2026-06-30 10:40:46,30405.25,30406.75,30403.00,30404.00,77,30404.75,30405.50,0.75
2026-06-30 10:40:47,30403.25,30404.75,30402.75,30404.75,111,30402.00,30402.50,0.50
2026-06-30 10:40:48,30404.75,30405.25,30399.75,30402.25,173,30405.00,30405.50,0.50
2026-06-30 10:40:49,30403.00,30406.50,30403.00,30405.25,81,30405.50,30406.00,0.50
2026-06-30 10:40:50,30405.25,30407.25,30405.25,30405.50,39,30405.75,30406.25,0.50
2026-06-30 10:40:51,30406.25,30406.25,30405.00,30405.00,68,30403.75,30404.25,0.50
2026-06-30 10:40:52,30406.25,30406.25,30403.00,30404.00,43,30400.75,30401.25,0.50
2026-06-30 10:40:53,30403.75,30403.75,30398.75,30401.00,109,30400.25,30400.75,0.50
2026-06-30 10:40:54,30400.50,30401.00,30399.25,30400.25,56,30400.50,30400.75,0.25
2026-06-30 10:40:55,30400.25,30400.50,30398.50,30400.25,87,30401.25,30401.75,0.50
2026-06-30 10:40:56,30400.25,30402.00,30400.25,30401.25,58,30404.00,30404.50,0.50
2026-06-30 10:40:57,30402.00,30404.50,30402.00,30403.50,84,30404.00,30404.50,0.50
2026-06-30 10:40:58,30404.00,30404.00,30402.25,30403.25,45,30403.00,30403.50,0.50
2026-06-30 10:40:59,30403.50,30403.50,30402.25,30403.50,48,30402.50,30402.75,0.25
2026-06-30 10:41:00,30402.75,30403.25,30402.00,30402.75,36,30405.00,30405.25,0.25
2026-06-30 10:41:01,30402.75,30405.75,30401.25,30405.75,74,30410.50,30410.75,0.25
2026-06-30 10:41:02,30405.25,30410.75,30405.25,30409.75,154,30412.00,30412.50,0.50
2026-06-30 10:41:03,30410.75,30412.75,30410.25,30412.75,103,30412.00,30412.50,0.50
2026-06-30 10:41:04,30412.50,30418.25,30412.25,30417.25,398,30417.25,30417.50,0.25
2026-06-30 10:41:05,30417.25,30420.00,30416.00,30420.00,321,30418.50,30419.00,0.50
2026-06-30 10:41:06,30419.75,30419.75,30417.25,30418.50,242,30418.50,30419.00,0.50
2026-06-30 10:41:07,30418.50,30419.25,30417.75,30419.00,127,30417.25,30417.75,0.50
2026-06-30 10:41:08,30418.25,30418.75,30417.00,30417.75,87,30416.75,30417.25,0.50
2026-06-30 10:41:09,30417.00,30417.50,30416.50,30416.50,78,30418.00,30418.50,0.50
2026-06-30 10:41:10,30416.75,30418.50,30416.25,30418.25,43,30418.00,30418.50,0.50
2026-06-30 10:41:11,30418.25,30418.25,30416.50,30416.50,57,30414.75,30415.25,0.50
2026-06-30 10:41:12,30416.50,30417.00,30414.00,30414.50,77,30411.75,30412.25,0.50
2026-06-30 10:41:13,30415.50,30415.50,30411.50,30411.75,141,30412.00,30412.50,0.50
2026-06-30 10:41:14,30411.75,30412.75,30409.25,30412.75,161,30411.75,30412.00,0.25
2026-06-30 10:41:15,30412.75,30413.50,30410.50,30412.25,71,30410.50,30410.75,0.25
2026-06-30 10:41:16,30412.00,30413.00,30409.25,30410.25,84,30411.00,30411.50,0.50
2026-06-30 10:41:17,30410.50,30411.00,30407.50,30411.00,76,30411.00,30411.50,0.50
2026-06-30 10:41:18,30411.25,30412.50,30410.50,30410.50,93,30410.50,30410.75,0.25
2026-06-30 10:41:19,30410.50,30410.50,30404.25,30404.50,173,30405.25,30405.75,0.50
2026-06-30 10:41:20,30405.25,30406.00,30404.75,30405.00,63,30405.25,30405.75,0.50
2026-06-30 10:41:21,30405.25,30405.75,30404.50,30405.25,50,30405.25,30405.75,0.50
2026-06-30 10:41:22,30405.25,30406.00,30404.00,30405.25,35,30404.50,30404.75,0.25
2026-06-30 10:41:23,30406.00,30406.25,30404.25,30404.50,64,30403.25,30403.75,0.50
2026-06-30 10:41:24,30404.75,30404.75,30401.75,30403.75,91,30403.25,30403.50,0.25
2026-06-30 10:41:25,30403.25,30404.25,30402.00,30403.25,55,30396.50,30397.00,0.50
2026-06-30 10:41:26,30403.25,30403.50,30395.00,30397.00,353,30396.25,30396.75,0.50
2026-06-30 10:41:27,30396.75,30398.00,30396.00,30396.75,223,30396.25,30396.75,0.50
2026-06-30 10:41:28,30396.50,30398.25,30395.50,30398.25,99,30396.75,30397.25,0.50
2026-06-30 10:41:29,30398.00,30399.00,30395.25,30397.00,125,30394.50,30395.00,0.50
2026-06-30 10:41:30,30397.00,30397.00,30393.00,30394.75,153,30392.75,30393.00,0.25
2026-06-30 10:41:31,30394.50,30395.25,30392.50,30392.50,146,30388.75,30389.25,0.50
2026-06-30 10:41:32,30392.50,30393.50,30388.50,30388.50,244,30386.00,30386.50,0.50
2026-06-30 10:41:33,30388.75,30389.50,30384.25,30386.25,438,30386.00,30386.50,0.50
2026-06-30 10:41:34,30386.50,30388.50,30384.75,30386.25,356,30384.25,30384.75,0.50
2026-06-30 10:41:35,30386.00,30386.25,30381.75,30384.50,471,30384.25,30384.75,0.50
2026-06-30 10:41:36,30384.50,30388.50,30383.75,30388.00,180,30386.00,30386.50,0.50
2026-06-30 10:41:37,30388.00,30389.25,30384.50,30386.25,131,30388.50,30389.00,0.50
2026-06-30 10:41:38,30386.25,30389.00,30385.25,30389.00,133,30389.50,30389.75,0.25
2026-06-30 10:41:39,30389.25,30390.00,30387.25,30389.25,175,30390.75,30391.00,0.25
2026-06-30 10:41:40,30389.50,30391.75,30388.75,30390.25,140,30391.00,30391.50,0.50
2026-06-30 10:41:41,30391.00,30392.00,30390.75,30391.50,63,30392.50,30393.00,0.50
2026-06-30 10:41:42,30391.50,30393.25,30389.75,30392.50,99,30389.25,30389.75,0.50
2026-06-30 10:41:43,30392.75,30393.00,30389.00,30389.75,100,30389.50,30389.75,0.25
2026-06-30 10:41:44,30389.75,30389.75,30387.75,30389.25,103,30388.75,30389.25,0.50
2026-06-30 10:41:45,30389.50,30390.00,30387.75,30389.00,93,30387.00,30387.25,0.25
2026-06-30 10:41:46,30388.75,30389.75,30386.75,30387.50,148,30386.00,30386.50,0.50
2026-06-30 10:41:47,30387.00,30387.00,30385.00,30386.25,114,30385.25,30385.75,0.50
2026-06-30 10:41:48,30386.25,30386.75,30384.50,30385.25,80,30386.25,30386.75,0.50
2026-06-30 10:41:49,30385.75,30386.75,30385.50,30386.25,61,30390.50,30391.00,0.50
2026-06-30 10:41:50,30386.25,30391.25,30385.50,30390.00,144,30390.50,30391.00,0.50
2026-06-30 10:41:51,30391.00,30391.25,30389.75,30390.50,70,30390.50,30391.00,0.50
2026-06-30 10:41:52,30390.50,30391.00,30389.25,30389.75,84,30390.00,30390.25,0.25
2026-06-30 10:41:53,30390.00,30390.75,30388.75,30390.25,41,30389.75,30390.25,0.50
2026-06-30 10:41:54,30390.00,30390.25,30389.50,30390.25,25,30390.25,30390.75,0.50
2026-06-30 10:41:55,30389.00,30390.50,30389.00,30390.50,38,30388.50,30388.75,0.25
2026-06-30 10:41:56,30390.25,30390.25,30387.25,30388.00,57,30387.75,30388.25,0.50
2026-06-30 10:41:57,30388.25,30389.00,30388.00,30388.00,52,30386.00,30386.50,0.50
2026-06-30 10:41:58,30387.75,30389.25,30385.50,30386.50,57,30385.75,30386.00,0.25
2026-06-30 10:41:59,30386.00,30386.50,30385.50,30385.75,30,30385.00,30385.25,0.25
2026-06-30 10:42:00,30385.75,30387.00,30384.50,30385.00,92,30382.50,30382.75,0.25
2026-06-30 10:42:01,30385.25,30385.75,30381.75,30382.25,265,30382.50,30382.75,0.25
2026-06-30 10:42:02,30382.50,30382.75,30377.50,30379.00,569,30378.25,30378.75,0.50
2026-06-30 10:42:03,30379.00,30379.50,30376.50,30378.50,339,30378.25,30378.75,0.50
2026-06-30 10:42:04,30378.50,30379.75,30377.00,30377.00,256,30377.50,30378.25,0.75
2026-06-30 10:42:05,30378.75,30378.75,30376.00,30377.50,214,30373.75,30374.25,0.50
2026-06-30 10:42:06,30377.25,30377.50,30373.25,30373.75,342,30377.50,30378.00,0.50
2026-06-30 10:42:07,30373.75,30378.50,30372.00,30377.50,311,30381.00,30381.50,0.50
2026-06-30 10:42:08,30377.50,30381.00,30377.25,30380.00,192,30381.00,30381.50,0.50
2026-06-30 10:42:09,30380.75,30382.75,30379.25,30380.50,173,30380.00,30380.50,0.50
2026-06-30 10:42:10,30380.75,30382.00,30380.00,30380.75,106,30380.00,30380.50,0.50
2026-06-30 10:42:11,30380.25,30383.25,30380.00,30382.25,88,30384.75,30385.25,0.50
2026-06-30 10:42:12,30382.00,30385.25,30381.50,30385.25,147,30381.25,30381.75,0.50
2026-06-30 10:42:13,30385.25,30388.00,30380.75,30381.00,384,30383.25,30383.50,0.25
2026-06-30 10:42:14,30381.75,30383.75,30381.75,30383.50,93,30387.50,30387.75,0.25
2026-06-30 10:42:15,30383.25,30388.75,30382.00,30387.50,151,30388.25,30388.75,0.50
2026-06-30 10:42:16,30387.75,30389.50,30386.25,30389.00,99,30383.25,30383.75,0.50
2026-06-30 10:42:17,30388.25,30388.75,30383.25,30383.75,129,30383.75,30384.25,0.50
2026-06-30 10:42:18,30383.50,30385.50,30383.00,30384.25,76,30383.25,30383.75,0.50
2026-06-30 10:42:19,30383.75,30385.50,30383.25,30383.25,63,30382.25,30382.75,0.50
2026-06-30 10:42:20,30383.00,30383.75,30382.00,30382.25,50,30384.00,30384.50,0.50
2026-06-30 10:42:21,30383.00,30386.25,30382.75,30384.25,126,30384.75,30385.25,0.50
2026-06-30 10:42:22,30384.50,30386.25,30383.75,30385.25,47,30386.50,30387.00,0.50
2026-06-30 10:42:23,30385.00,30386.75,30385.00,30386.75,29,30383.75,30384.00,0.25
2026-06-30 10:42:24,30387.00,30387.25,30382.75,30384.00,131,30383.50,30384.00,0.50
2026-06-30 10:42:25,30384.00,30384.00,30382.50,30383.50,66,30387.75,30388.50,0.75
2026-06-30 10:42:26,30384.00,30389.50,30383.75,30387.75,139,30387.50,30388.00,0.50
2026-06-30 10:42:27,30388.00,30389.00,30387.00,30387.75,83,30385.25,30385.75,0.50
2026-06-30 10:42:28,30387.50,30388.00,30385.00,30385.75,54,30385.25,30385.75,0.50
2026-06-30 10:42:29,30385.50,30387.25,30385.50,30387.00,24,30385.00,30385.50,0.50
2026-06-30 10:42:30,30387.00,30387.25,30385.50,30386.00,46,30384.50,30385.00,0.50
2026-06-30 10:42:31,30385.50,30385.75,30383.00,30384.25,72,30382.00,30382.25,0.25
2026-06-30 10:42:32,30385.00,30385.25,30381.75,30382.25,63,30381.50,30382.00,0.50
2026-06-30 10:42:33,30382.25,30382.75,30380.00,30381.75,137,30385.00,30385.50,0.50
2026-06-30 10:42:34,30382.75,30386.00,30382.75,30386.00,78,30384.75,30385.25,0.50
2026-06-30 10:42:35,30385.50,30386.00,30384.75,30385.00,44,30384.25,30384.75,0.50
2026-06-30 10:42:36,30384.75,30387.00,30384.25,30384.75,69,30383.50,30384.00,0.50
2026-06-30 10:42:37,30384.25,30384.75,30383.25,30384.25,51,30382.00,30382.50,0.50
2026-06-30 10:42:38,30384.00,30384.00,30381.75,30382.25,35,30383.25,30383.75,0.50
2026-06-30 10:42:39,30382.50,30384.50,30381.75,30383.50,60,30382.50,30383.00,0.50
2026-06-30 10:42:40,30382.75,30384.00,30382.25,30382.75,59,30381.75,30382.25,0.50
2026-06-30 10:42:41,30383.00,30383.50,30381.50,30382.00,28,30379.50,30379.75,0.25
2026-06-30 10:42:42,30382.25,30382.25,30378.25,30379.00,74,30379.50,30379.75,0.25
2026-06-30 10:42:43,30379.25,30380.50,30377.75,30379.75,116,30382.00,30382.50,0.50
2026-06-30 10:42:44,30379.50,30383.25,30378.75,30382.00,65,30382.50,30383.00,0.50
2026-06-30 10:42:45,30382.00,30383.25,30381.50,30382.25,53,30385.75,30386.25,0.50
2026-06-30 10:42:46,30382.75,30385.75,30382.00,30385.75,69,30385.75,30386.25,0.50
2026-06-30 10:42:47,30386.00,30386.00,30382.50,30382.50,52,30383.25,30383.75,0.50
2026-06-30 10:42:48,30382.00,30384.75,30382.00,30383.75,30,30379.50,30379.75,0.25
2026-06-30 10:42:49,30383.25,30383.25,30379.75,30379.75,25,30377.50,30378.25,0.75
2026-06-30 10:42:50,30379.50,30382.00,30377.00,30377.75,91,30374.50,30375.00,0.50
2026-06-30 10:42:51,30378.00,30378.25,30370.25,30374.75,439,30374.50,30375.00,0.50
2026-06-30 10:42:52,30374.75,30375.00,30372.25,30374.00,140,30374.00,30374.50,0.50
2026-06-30 10:42:53,30374.50,30375.75,30374.00,30374.25,57,30374.50,30375.25,0.75
2026-06-30 10:42:54,30374.00,30375.50,30373.00,30374.50,124,30377.50,30377.75,0.25
2026-06-30 10:42:55,30375.25,30378.75,30374.75,30377.50,124,30377.00,30377.50,0.50
2026-06-30 10:42:56,30377.50,30378.75,30375.25,30377.25,124,30377.00,30377.50,0.50
2026-06-30 10:42:57,30376.75,30381.25,30376.50,30377.25,132,30377.50,30378.00,0.50
2026-06-30 10:42:58,30377.75,30379.50,30377.75,30377.75,53,30376.00,30376.50,0.50
2026-06-30 10:42:59,30378.00,30378.00,30375.50,30376.50,75,30374.75,30375.25,0.50
2026-06-30 10:43:00,30375.75,30376.75,30374.00,30375.00,100,30378.25,30378.75,0.50
2026-06-30 10:43:01,30374.75,30378.75,30374.75,30378.25,100,30378.25,30378.75,0.50
2026-06-30 10:43:02,30378.25,30379.00,30377.25,30379.00,77,30378.25,30378.75,0.50
2026-06-30 10:43:03,30378.50,30379.25,30378.00,30378.25,37,30379.00,30379.50,0.50
2026-06-30 10:43:04,30378.75,30379.50,30377.75,30378.75,33,30382.50,30383.00,0.50
2026-06-30 10:43:05,30379.50,30384.50,30378.75,30382.25,171,30380.25,30380.75,0.50
2026-06-30 10:43:06,30383.00,30383.25,30380.75,30382.00,60,30380.25,30380.75,0.50
2026-06-30 10:43:07,30381.00,30382.75,30378.75,30379.25,110,30380.75,30381.25,0.50
2026-06-30 10:43:08,30379.00,30382.25,30379.00,30380.00,69,30382.25,30382.75,0.50
2026-06-30 10:43:09,30381.25,30383.25,30380.75,30382.50,49,30379.50,30380.25,0.75
2026-06-30 10:43:10,30382.75,30387.00,30379.75,30380.00,280,30377.00,30377.50,0.50
2026-06-30 10:43:11,30380.00,30381.50,30378.00,30378.50,120,30377.00,30377.50,0.50
2026-06-30 10:43:12,30377.75,30377.75,30372.50,30373.75,139,30373.50,30374.00,0.50
2026-06-30 10:43:13,30373.75,30374.25,30372.25,30373.25,127,30373.50,30374.00,0.50
2026-06-30 10:43:14,30373.75,30374.75,30371.50,30372.25,137,30374.00,30374.50,0.50
2026-06-30 10:43:15,30372.25,30374.75,30372.00,30373.75,129,30374.50,30375.00,0.50
2026-06-30 10:43:16,30373.75,30375.50,30373.75,30374.75,83,30374.25,30374.75,0.50
2026-06-30 10:43:17,30375.00,30375.25,30373.50,30374.50,120,30374.75,30375.25,0.50
2026-06-30 10:43:18,30374.75,30375.50,30374.50,30374.75,35,30375.25,30375.75,0.50
2026-06-30 10:43:19,30375.25,30376.00,30374.25,30375.50,37,30374.75,30375.25,0.50
2026-06-30 10:43:20,30375.00,30375.25,30373.25,30375.25,72,30375.00,30375.50,0.50
2026-06-30 10:43:21,30375.25,30376.25,30374.25,30375.25,53,30373.50,30374.00,0.50
2026-06-30 10:43:22,30375.00,30375.00,30373.00,30373.50,64,30375.50,30376.00,0.50
2026-06-30 10:43:23,30373.50,30375.00,30372.00,30375.00,78,30377.00,30377.75,0.75
2026-06-30 10:43:24,30376.50,30378.00,30374.75,30377.75,147,30377.00,30377.75,0.75
2026-06-30 10:43:25,30377.50,30377.50,30375.25,30377.00,66,30376.75,30377.25,0.50
2026-06-30 10:43:26,30376.75,30379.25,30376.75,30377.25,74,30374.75,30375.25,0.50
2026-06-30 10:43:27,30377.25,30377.25,30372.00,30374.75,89,30371.25,30371.75,0.50
2026-06-30 10:43:28,30374.00,30374.50,30369.25,30371.25,335,30372.00,30372.50,0.50
2026-06-30 10:43:29,30371.00,30373.25,30370.75,30372.50,145,30373.50,30374.00,0.50
2026-06-30 10:43:30,30372.00,30374.25,30371.50,30373.50,143,30373.50,30374.00,0.50
2026-06-30 10:43:31,30374.00,30374.50,30371.00,30373.75,64,30375.25,30375.75,0.50
2026-06-30 10:43:32,30374.25,30377.00,30374.25,30375.50,84,30375.75,30376.25,0.50
2026-06-30 10:43:33,30375.25,30378.25,30375.25,30376.50,77,30379.25,30379.75,0.50
2026-06-30 10:43:34,30376.00,30380.00,30375.75,30379.25,90,30376.00,30376.50,0.50
2026-06-30 10:43:35,30379.25,30380.25,30375.75,30376.50,75,30376.50,30377.00,0.50
2026-06-30 10:43:36,30376.25,30378.00,30376.00,30376.50,92,30376.25,30376.50,0.25
2026-06-30 10:43:37,30377.00,30377.50,30376.25,30376.50,49,30377.25,30377.75,0.50
2026-06-30 10:43:38,30376.25,30377.50,30375.00,30377.25,37,30378.00,30378.50,0.50
2026-06-30 10:43:39,30377.75,30379.00,30376.25,30378.75,46,30378.75,30379.25,0.50
2026-06-30 10:43:40,30378.25,30379.25,30376.50,30379.25,58,30377.50,30378.00,0.50
2026-06-30 10:43:41,30378.75,30382.25,30377.25,30377.25,92,30382.25,30382.75,0.50
2026-06-30 10:43:42,30378.25,30383.00,30378.25,30383.00,118,30381.25,30381.75,0.50
2026-06-30 10:43:43,30383.00,30384.00,30380.50,30382.00,105,30381.25,30381.75,0.50
2026-06-30 10:43:44,30381.50,30383.50,30380.75,30380.75,63,30378.75,30379.00,0.25
2026-06-30 10:43:45,30381.00,30382.25,30379.00,30379.00,104,30378.75,30379.00,0.25
2026-06-30 10:43:46,30378.75,30380.25,30374.00,30374.75,99,30372.75,30373.25,0.50
2026-06-30 10:43:47,30375.00,30375.00,30372.50,30372.50,54,30372.75,30373.25,0.50
2026-06-30 10:43:48,30372.75,30374.75,30372.75,30374.50,51,30377.50,30378.00,0.50
2026-06-30 10:43:49,30374.25,30378.50,30374.25,30378.50,73,30377.00,30377.50,0.50
2026-06-30 10:43:50,30378.00,30378.00,30375.50,30377.25,52,30378.50,30379.00,0.50
2026-06-30 10:43:51,30377.00,30378.25,30376.50,30378.25,35,30378.75,30379.25,0.50
2026-06-30 10:43:52,30379.00,30379.50,30378.00,30379.25,43,30386.75,30387.25,0.50
2026-06-30 10:43:53,30379.25,30389.25,30379.25,30387.00,369,30385.75,30386.25,0.50
2026-06-30 10:43:54,30386.75,30387.50,30384.75,30386.25,146,30388.00,30388.50,0.50
2026-06-30 10:43:55,30386.25,30388.50,30385.50,30388.25,48,30385.50,30386.25,0.75
2026-06-30 10:43:56,30388.00,30388.50,30385.50,30385.50,110,30385.50,30386.25,0.75
2026-06-30 10:43:57,30386.25,30386.75,30385.00,30385.00,96,30384.25,30384.75,0.50
2026-06-30 10:43:58,30385.75,30386.25,30384.00,30384.00,94,30384.25,30384.75,0.50
2026-06-30 10:43:59,30384.75,30386.50,30384.00,30386.50,62,30385.50,30386.00,0.50
2026-06-30 10:44:00,30385.75,30386.50,30385.25,30386.50,58,30391.00,30391.75,0.75
2026-06-30 10:44:01,30386.00,30392.25,30385.50,30391.75,355,30394.25,30394.75,0.50
2026-06-30 10:44:02,30391.25,30395.00,30389.75,30395.00,336,30391.00,30391.75,0.75
2026-06-30 10:44:03,30394.50,30395.00,30391.50,30391.75,188,30391.00,30391.75,0.75
2026-06-30 10:44:04,30391.75,30394.75,30390.50,30394.75,122,30395.25,30395.75,0.50
2026-06-30 10:44:05,30394.75,30396.50,30393.25,30395.75,219,30395.25,30395.75,0.50
2026-06-30 10:44:06,30395.75,30395.75,30394.00,30394.25,86,30394.00,30394.50,0.50
2026-06-30 10:44:07,30394.00,30408.75,30393.75,30401.00,750,30401.00,30401.25,0.25
2026-06-30 10:44:08,30401.25,30404.00,30401.25,30402.25,305,30400.50,30401.00,0.50
2026-06-30 10:44:09,30403.00,30403.50,30400.50,30401.00,232,30401.25,30401.75,0.50
2026-06-30 10:44:10,30401.00,30401.50,30398.75,30401.50,193,30398.75,30399.25,0.50
2026-06-30 10:44:11,30401.50,30401.50,30397.50,30398.75,140,30400.75,30401.50,0.75
2026-06-30 10:44:12,30399.00,30401.75,30398.50,30401.00,98,30402.75,30403.25,0.50
2026-06-30 10:44:13,30401.50,30403.50,30400.25,30402.50,141,30401.50,30401.75,0.25
2026-06-30 10:44:14,30402.75,30403.25,30400.75,30400.75,127,30400.00,30400.50,0.50
2026-06-30 10:44:15,30401.75,30402.00,30400.00,30400.00,43,30400.00,30400.50,0.50
2026-06-30 10:44:16,30400.25,30401.75,30400.00,30400.00,36,30399.50,30400.00,0.50
2026-06-30 10:44:17,30400.50,30401.75,30398.75,30399.75,82,30401.00,30401.50,0.50
2026-06-30 10:44:18,30400.00,30401.75,30399.00,30401.00,42,30401.25,30401.75,0.50
2026-06-30 10:44:19,30400.75,30403.25,30400.25,30402.25,85,30401.25,30401.75,0.50
2026-06-30 10:44:20,30401.75,30401.75,30399.00,30400.00,76,30401.00,30401.25,0.25
2026-06-30 10:44:21,30399.75,30401.50,30399.50,30400.75,116,30398.75,30399.25,0.50
2026-06-30 10:44:22,30401.25,30401.75,30399.00,30399.00,44,30402.00,30402.50,0.50
2026-06-30 10:44:23,30399.25,30403.00,30399.25,30402.50,43,30402.00,30402.50,0.50
2026-06-30 10:44:24,30402.00,30402.25,30399.50,30402.25,96,30403.00,30403.75,0.75
2026-06-30 10:44:25,30402.25,30403.75,30401.25,30403.75,78,30403.25,30403.75,0.50
2026-06-30 10:44:26,30403.25,30404.00,30401.75,30403.75,48,30402.25,30402.75,0.50
2026-06-30 10:44:27,30403.75,30403.75,30401.25,30402.75,67,30402.25,30402.75,0.50
2026-06-30 10:44:28,30402.50,30403.50,30401.75,30402.00,45,30400.75,30401.25,0.50
2026-06-30 10:44:29,30401.75,30402.50,30400.75,30401.50,59,30400.75,30401.25,0.50
2026-06-30 10:44:30,30401.00,30407.25,30400.75,30407.25,160,30407.00,30407.50,0.50
2026-06-30 10:44:31,30407.00,30409.50,30406.50,30407.75,176,30406.25,30406.75,0.50
2026-06-30 10:44:32,30407.00,30407.75,30405.75,30406.75,135,30408.25,30408.75,0.50
2026-06-30 10:44:33,30407.00,30408.50,30406.25,30408.50,76,30407.00,30407.50,0.50
2026-06-30 10:44:34,30408.75,30408.75,30406.50,30407.50,124,30407.00,30407.50,0.50
2026-06-30 10:44:35,30407.75,30408.50,30406.75,30407.25,59,30407.00,30407.50,0.50
2026-06-30 10:44:36,30407.00,30409.25,30407.00,30407.25,74,30406.50,30407.00,0.50
2026-06-30 10:44:37,30407.50,30408.00,30406.00,30406.50,54,30405.00,30405.75,0.75
2026-06-30 10:44:38,30406.75,30407.25,30404.50,30404.75,44,30405.25,30405.75,0.50
2026-06-30 10:44:39,30405.25,30405.75,30403.75,30405.25,85,30405.25,30405.75,0.50
2026-06-30 10:44:40,30405.25,30407.25,30404.75,30407.25,48,30408.00,30408.50,0.50
2026-06-30 10:44:41,30407.25,30408.50,30406.00,30408.50,64,30410.75,30411.25,0.50
2026-06-30 10:44:42,30408.50,30411.50,30408.50,30410.50,231,30410.75,30411.25,0.50
2026-06-30 10:44:43,30411.00,30415.00,30410.75,30413.50,320,30412.50,30413.00,0.50
2026-06-30 10:44:44,30413.25,30414.25,30412.50,30412.50,135,30410.75,30411.25,0.50
2026-06-30 10:44:45,30413.00,30413.25,30410.75,30410.75,80,30410.00,30410.50,0.50
2026-06-30 10:44:46,30411.25,30411.50,30409.75,30410.00,59,30411.00,30411.50,0.50
2026-06-30 10:44:47,30410.25,30411.00,30409.25,30410.75,88,30410.75,30411.25,0.50
2026-06-30 10:44:48,30411.00,30412.50,30410.25,30411.25,89,30411.25,30411.75,0.50
2026-06-30 10:44:49,30411.50,30412.00,30411.00,30411.75,36,30412.50,30413.00,0.50
2026-06-30 10:44:50,30411.75,30413.50,30411.50,30412.25,43,30412.50,30413.00,0.50
2026-06-30 10:44:51,30413.00,30413.00,30411.50,30411.50,69,30412.00,30412.25,0.25
2026-06-30 10:44:52,30412.50,30412.75,30411.50,30411.50,32,30410.00,30410.25,0.25
2026-06-30 10:44:53,30412.00,30412.00,30409.75,30410.25,54,30409.75,30410.25,0.50
2026-06-30 10:44:54,30410.00,30410.00,30408.50,30410.00,45,30409.75,30410.25,0.50
2026-06-30 10:44:55,30410.25,30410.75,30409.25,30409.75,60,30411.25,30411.75,0.50
2026-06-30 10:44:56,30410.25,30412.50,30409.25,30411.50,76,30411.50,30412.00,0.50
2026-06-30 10:44:57,30411.75,30412.25,30411.25,30411.75,36,30411.50,30412.00,0.50
2026-06-30 10:44:58,30412.50,30413.25,30411.50,30411.75,46,30414.00,30414.50,0.50
2026-06-30 10:44:59,30412.00,30415.25,30411.50,30414.00,98,30412.25,30413.00,0.75
2026-06-30 10:45:00,30414.25,30415.25,30412.00,30413.00,115,30409.25,30409.75,0.50
2026-06-30 10:45:01,30412.25,30413.00,30408.50,30410.00,162,30409.25,30409.75,0.50
2026-06-30 10:45:02,30409.75,30409.75,30405.25,30406.50,242,30406.50,30407.25,0.75
2026-06-30 10:45:03,30406.00,30407.00,30404.75,30407.00,102,30405.00,30405.50,0.50
2026-06-30 10:45:04,30406.50,30406.50,30402.00,30405.00,198,30404.75,30405.25,0.50
2026-06-30 10:45:05,30404.75,30405.75,30403.25,30405.75,71,30405.50,30406.00,0.50
2026-06-30 10:45:06,30405.00,30406.00,30404.50,30405.75,47,30403.25,30403.75,0.50
2026-06-30 10:45:07,30405.50,30406.00,30403.25,30403.25,67,30403.50,30404.25,0.75
2026-06-30 10:45:08,30403.25,30404.00,30402.00,30403.50,72,30403.50,30404.25,0.75
2026-06-30 10:45:09,30403.50,30405.25,30402.75,30404.00,95,30400.75,30401.25,0.50
2026-06-30 10:45:10,30404.75,30405.75,30398.75,30400.50,184,30403.00,30403.50,0.50
2026-06-30 10:45:11,30400.75,30403.75,30400.50,30403.00,68,30403.00,30403.50,0.50
2026-06-30 10:45:12,30403.00,30406.25,30403.00,30405.50,129,30403.25,30403.75,0.50
2026-06-30 10:45:13,30405.75,30406.00,30403.50,30404.00,104,30403.25,30403.75,0.50
2026-06-30 10:45:14,30403.50,30403.50,30401.50,30403.00,70,30403.50,30403.75,0.25
2026-06-30 10:45:15,30403.25,30403.50,30403.00,30403.50,52,30402.75,30403.25,0.50
2026-06-30 10:45:16,30403.25,30403.75,30402.25,30402.75,32,30402.75,30403.25,0.50
2026-06-30 10:45:17,30403.25,30404.50,30402.50,30402.50,91,30402.00,30402.50,0.50
2026-06-30 10:45:18,30402.25,30403.25,30402.00,30402.50,52,30401.50,30402.00,0.50
2026-06-30 10:45:19,30402.25,30402.75,30400.50,30401.75,80,30402.75,30403.25,0.50
2026-06-30 10:45:20,30402.25,30403.75,30401.75,30403.75,40,30399.50,30400.00,0.50
2026-06-30 10:45:21,30403.00,30403.50,30399.00,30399.75,87,30399.50,30400.00,0.50
2026-06-30 10:45:22,30400.00,30401.00,30399.00,30399.50,52,30396.75,30397.25,0.50
2026-06-30 10:45:23,30399.50,30400.25,30394.75,30396.75,237,30395.50,30396.00,0.50
2026-06-30 10:45:24,30396.25,30396.75,30395.00,30395.25,66,30396.75,30397.50,0.75
2026-06-30 10:45:25,30396.00,30398.50,30394.00,30397.00,197,30395.50,30396.00,0.50
2026-06-30 10:45:26,30397.75,30398.25,30394.00,30396.00,115,30394.50,30395.00,0.50
2026-06-30 10:45:27,30396.00,30396.50,30394.00,30394.75,62,30397.00,30397.50,0.50
2026-06-30 10:45:28,30395.25,30398.25,30395.25,30397.50,98,30397.75,30398.25,0.50
2026-06-30 10:45:29,30397.50,30400.00,30397.00,30397.75,82,30395.75,30396.00,0.25
2026-06-30 10:45:30,30398.00,30398.75,30395.75,30396.00,56,30390.75,30391.25,0.50
2026-06-30 10:45:31,30395.50,30395.50,30391.00,30391.00,289,30387.75,30388.25,0.50
2026-06-30 10:45:32,30390.75,30392.75,30387.25,30387.75,244,30392.00,30392.50,0.50
2026-06-30 10:45:33,30388.25,30392.50,30387.75,30392.00,154,30392.00,30392.50,0.50
2026-06-30 10:45:34,30392.00,30392.00,30390.25,30391.50,100,30390.75,30391.25,0.50
2026-06-30 10:45:35,30391.50,30391.75,30389.00,30391.50,88,30391.25,30391.75,0.50
2026-06-30 10:45:36,30390.75,30391.50,30389.50,30391.25,47,30389.50,30390.00,0.50
2026-06-30 10:45:37,30391.25,30392.00,30388.50,30389.75,96,30387.50,30388.00,0.50
2026-06-30 10:45:38,30390.00,30390.00,30387.00,30387.50,166,30390.00,30390.50,0.50
2026-06-30 10:45:39,30387.75,30390.50,30387.75,30389.75,70,30390.50,30391.00,0.50
2026-06-30 10:45:40,30390.25,30391.50,30390.25,30391.50,74,30387.75,30388.25,0.50
2026-06-30 10:45:41,30391.50,30392.00,30384.50,30388.50,264,30387.75,30388.25,0.50
2026-06-30 10:45:42,30388.50,30389.75,30387.75,30388.00,67,30388.50,30389.00,0.50
2026-06-30 10:45:43,30387.75,30389.00,30386.00,30388.75,58,30392.25,30392.75,0.50
2026-06-30 10:45:44,30388.50,30393.50,30387.50,30392.75,117,30391.75,30392.00,0.25
2026-06-30 10:45:45,30393.25,30393.75,30391.25,30392.00,83,30392.50,30393.00,0.50
2026-06-30 10:45:46,30391.75,30393.50,30391.00,30393.25,78,30389.75,30390.25,0.50
2026-06-30 10:45:47,30393.00,30393.25,30389.25,30389.75,80,30392.00,30392.50,0.50
2026-06-30 10:45:48,30390.25,30392.50,30389.50,30392.25,68,30387.00,30387.50,0.50
2026-06-30 10:45:49,30392.00,30392.50,30386.75,30386.75,55,30382.75,30383.25,0.50
2026-06-30 10:45:50,30386.50,30386.50,30381.50,30383.00,289,30382.75,30383.25,0.50
2026-06-30 10:45:51,30383.00,30384.50,30382.75,30383.25,125,30384.25,30384.75,0.50
2026-06-30 10:45:52,30383.75,30385.75,30382.50,30384.25,50,30383.75,30384.00,0.25
2026-06-30 10:45:53,30385.00,30385.75,30384.00,30384.00,69,30385.50,30386.00,0.50
2026-06-30 10:45:54,30384.00,30386.50,30383.75,30386.00,79,30384.50,30385.25,0.75
2026-06-30 10:45:55,30386.25,30386.50,30384.75,30385.00,53,30384.50,30385.25,0.75
2026-06-30 10:45:56,30385.25,30385.50,30384.00,30385.50,55,30379.50,30380.00,0.50
2026-06-30 10:45:57,30384.75,30385.25,30377.25,30379.50,195,30378.50,30379.00,0.50
2026-06-30 10:45:58,30380.00,30381.50,30378.25,30378.75,145,30378.75,30379.25,0.50
2026-06-30 10:45:59,30378.50,30380.25,30377.50,30378.25,119,30378.75,30379.25,0.50
2026-06-30 10:46:00,30378.50,30381.00,30378.00,30381.00,139,30380.75,30381.25,0.50
2026-06-30 10:46:01,30381.50,30382.25,30380.00,30381.75,154,30380.00,30380.50,0.50
2026-06-30 10:46:02,30380.75,30381.50,30379.75,30380.25,80,30377.00,30377.50,0.50
2026-06-30 10:46:03,30380.00,30380.25,30376.75,30377.00,172,30377.50,30378.00,0.50
2026-06-30 10:46:04,30376.75,30378.00,30375.00,30377.50,168,30377.50,30378.00,0.50
2026-06-30 10:46:05,30377.50,30381.50,30376.50,30380.00,161,30379.50,30380.00,0.50
2026-06-30 10:46:06,30380.00,30380.00,30376.00,30379.00,105,30370.75,30371.25,0.50
2026-06-30 10:46:07,30378.75,30379.25,30371.25,30371.25,252,30370.75,30371.25,0.50
2026-06-30 10:46:08,30371.25,30375.75,30370.75,30373.00,292,30365.75,30366.25,0.50
2026-06-30 10:46:09,30372.75,30374.50,30365.00,30366.25,590,30362.25,30362.75,0.50
2026-06-30 10:46:10,30365.50,30365.75,30361.50,30362.25,477,30362.25,30362.75,0.50
2026-06-30 10:46:11,30362.50,30363.00,30358.75,30362.00,438,30361.00,30361.25,0.25
2026-06-30 10:46:12,30361.75,30363.00,30359.25,30361.25,231,30359.25,30360.00,0.75
2026-06-30 10:46:13,30361.25,30361.25,30358.75,30359.75,141,30359.50,30360.00,0.50
2026-06-30 10:46:14,30360.00,30360.50,30357.75,30359.75,235,30359.50,30360.00,0.50
2026-06-30 10:46:15,30359.75,30360.00,30356.50,30358.25,225,30358.50,30359.00,0.50
2026-06-30 10:46:16,30358.75,30358.75,30355.25,30357.00,198,30355.50,30356.00,0.50
2026-06-30 10:46:17,30356.50,30358.00,30353.50,30355.50,215,30357.00,30357.50,0.50
2026-06-30 10:46:18,30355.75,30358.50,30355.00,30357.00,147,30357.50,30358.00,0.50
2026-06-30 10:46:19,30357.50,30360.25,30356.00,30358.00,171,30360.25,30361.00,0.75
2026-06-30 10:46:20,30357.50,30360.75,30357.25,30360.75,202,30352.75,30353.50,0.75
2026-06-30 10:46:21,30360.25,30360.50,30352.75,30353.25,235,30352.50,30353.00,0.50
2026-06-30 10:46:22,30352.75,30353.00,30350.50,30352.50,189,30351.00,30351.50,0.50
2026-06-30 10:46:23,30353.00,30353.75,30348.75,30351.50,345,30353.25,30354.00,0.75
2026-06-30 10:46:24,30351.00,30354.50,30350.75,30353.75,181,30353.00,30353.50,0.50
2026-06-30 10:46:25,30354.00,30354.50,30351.50,30353.25,104,30355.00,30355.50,0.50
2026-06-30 10:46:26,30353.50,30356.50,30353.00,30355.75,115,30357.00,30357.50,0.50
2026-06-30 10:46:27,30355.25,30358.25,30354.50,30357.00,163,30359.00,30359.50,0.50
2026-06-30 10:46:28,30357.50,30360.00,30357.00,30359.75,213,30354.50,30355.00,0.50
2026-06-30 10:46:29,30359.50,30359.75,30354.00,30355.00,165,30353.25,30353.75,0.50
2026-06-30 10:46:30,30355.00,30355.50,30351.75,30353.75,136,30355.75,30356.00,0.25
2026-06-30 10:46:31,30353.25,30356.25,30353.25,30355.50,92,30354.00,30354.50,0.50
2026-06-30 10:46:32,30355.75,30358.00,30354.25,30354.25,94,30356.75,30357.00,0.25
2026-06-30 10:46:33,30353.75,30357.00,30353.75,30357.00,70,30357.75,30358.25,0.50
2026-06-30 10:46:34,30356.75,30358.00,30355.25,30357.50,83,30360.75,30361.50,0.75
2026-06-30 10:46:35,30357.75,30362.00,30357.00,30361.25,160,30360.75,30361.50,0.75
2026-06-30 10:46:36,30361.50,30361.50,30358.00,30358.25,152,30356.25,30356.75,0.50
2026-06-30 10:46:37,30358.75,30359.25,30356.75,30357.75,83,30360.50,30361.00,0.50
2026-06-30 10:46:38,30356.75,30362.00,30356.25,30360.75,110,30360.75,30361.25,0.50
2026-06-30 10:46:39,30361.50,30362.00,30360.50,30360.75,82,30360.75,30361.25,0.50
2026-06-30 10:46:40,30361.25,30362.50,30360.50,30362.25,65,30361.50,30362.25,0.75
2026-06-30 10:46:41,30362.00,30362.00,30359.50,30361.25,86,30357.75,30358.25,0.50
2026-06-30 10:46:42,30361.50,30361.50,30357.00,30358.00,112,30353.50,30354.25,0.75
2026-06-30 10:46:43,30358.00,30358.50,30352.50,30353.75,116,30357.25,30357.75,0.50
2026-06-30 10:46:44,30353.75,30357.50,30353.25,30357.50,126,30357.25,30357.75,0.50
2026-06-30 10:46:45,30357.50,30357.50,30354.50,30354.50,69,30351.25,30351.75,0.50
2026-06-30 10:46:46,30354.50,30354.50,30350.75,30351.25,98,30355.00,30355.50,0.50
2026-06-30 10:46:47,30351.75,30355.25,30351.75,30354.00,104,30355.00,30355.50,0.50
2026-06-30 10:46:48,30354.50,30357.25,30354.50,30357.00,97,30353.25,30353.75,0.50
2026-06-30 10:46:49,30355.75,30357.50,30352.75,30353.50,60,30354.25,30354.75,0.50
2026-06-30 10:46:50,30353.75,30355.50,30353.00,30354.75,64,30353.50,30354.00,0.50
2026-06-30 10:46:51,30354.75,30355.75,30352.25,30353.25,64,30353.25,30353.75,0.50
2026-06-30 10:46:52,30354.00,30354.75,30352.00,30353.75,84,30354.75,30355.25,0.50
2026-06-30 10:46:53,30354.25,30355.75,30353.50,30355.25,84,30355.00,30355.50,0.50
2026-06-30 10:46:54,30355.50,30356.00,30354.25,30355.00,83,30351.00,30351.50,0.50
2026-06-30 10:46:55,30355.50,30356.25,30350.75,30351.25,189,30350.75,30351.25,0.50
2026-06-30 10:46:56,30352.00,30352.25,30350.75,30350.75,62,30349.50,30350.00,0.50
2026-06-30 10:46:57,30350.75,30351.75,30348.25,30350.00,262,30350.75,30351.25,0.50
2026-06-30 10:46:58,30349.50,30350.75,30348.50,30350.00,148,30348.75,30349.50,0.75
2026-06-30 10:46:59,30351.00,30351.00,30348.50,30348.50,96,30351.75,30352.25,0.50
2026-06-30 10:47:00,30349.00,30352.75,30349.00,30352.00,158,30354.00,30354.50,0.50
2026-06-30 10:47:01,30352.00,30354.75,30351.75,30354.00,138,30348.50,30349.00,0.50
2026-06-30 10:47:02,30354.00,30354.25,30349.00,30349.00,126,30350.75,30351.25,0.50
2026-06-30 10:47:03,30349.00,30353.50,30347.00,30351.25,283,30352.00,30352.50,0.50
2026-06-30 10:47:04,30351.75,30352.50,30348.50,30352.50,144,30352.00,30352.50,0.50
2026-06-30 10:47:05,30352.50,30353.25,30350.75,30351.50,76,30355.00,30355.50,0.50
2026-06-30 10:47:06,30351.00,30357.00,30350.50,30355.50,181,30357.75,30358.25,0.50
2026-06-30 10:47:07,30355.75,30359.00,30354.75,30357.25,225,30357.50,30358.00,0.50
2026-06-30 10:47:08,30358.50,30358.75,30355.75,30358.00,104,30359.75,30360.25,0.50
2026-06-30 10:47:09,30358.00,30362.25,30358.00,30359.25,209,30359.75,30360.25,0.50
2026-06-30 10:47:10,30359.75,30360.50,30357.75,30358.50,128,30355.75,30356.50,0.75
2026-06-30 10:47:11,30358.50,30359.50,30355.75,30355.75,93,30357.75,30358.25,0.50
2026-06-30 10:47:12,30356.25,30358.50,30355.50,30358.25,40,30360.25,30360.75,0.50
2026-06-30 10:47:13,30358.00,30361.50,30357.25,30360.75,119,30360.25,30360.75,0.50
2026-06-30 10:47:14,30360.50,30362.50,30358.50,30361.00,89,30360.50,30361.00,0.50
2026-06-30 10:47:15,30360.50,30365.25,30359.00,30363.75,212,30366.75,30367.25,0.50
2026-06-30 10:47:16,30363.25,30368.00,30362.50,30367.25,303,30368.25,30368.75,0.50
2026-06-30 10:47:17,30366.75,30369.00,30366.50,30368.50,194,30371.00,30371.50,0.50
2026-06-30 10:47:18,30368.00,30371.50,30367.75,30371.25,310,30371.75,30372.25,0.50
2026-06-30 10:47:19,30371.50,30374.50,30370.25,30371.75,245,30367.50,30368.00,0.50
2026-06-30 10:47:20,30372.00,30372.50,30366.50,30367.75,176,30369.00,30369.50,0.50
2026-06-30 10:47:21,30368.00,30370.25,30367.50,30369.00,96,30368.50,30369.00,0.50
2026-06-30 10:47:22,30369.00,30370.50,30367.75,30368.25,70,30368.50,30369.00,0.50
2026-06-30 10:47:23,30368.75,30369.00,30366.75,30368.50,86,30368.50,30369.00,0.50
2026-06-30 10:47:24,30368.25,30370.75,30368.25,30369.25,93,30368.25,30368.75,0.50
2026-06-30 10:47:25,30368.50,30369.00,30367.50,30368.25,55,30370.50,30370.75,0.25
2026-06-30 10:47:26,30368.75,30373.00,30368.75,30371.25,108,30370.50,30370.75,0.25
2026-06-30 10:47:27,30370.50,30373.00,30369.25,30370.75,94,30370.50,30371.00,0.50
2026-06-30 10:47:28,30370.75,30370.75,30367.75,30370.50,109,30365.50,30366.00,0.50
2026-06-30 10:47:29,30369.75,30370.00,30364.50,30366.00,74,30361.50,30362.25,0.75
2026-06-30 10:47:30,30366.00,30366.25,30360.75,30361.50,130,30365.25,30365.75,0.50
2026-06-30 10:47:31,30361.50,30365.50,30361.50,30364.50,110,30366.00,30366.50,0.50
2026-06-30 10:47:32,30366.00,30366.75,30365.00,30366.00,83,30366.75,30367.25,0.50
2026-06-30 10:47:33,30365.75,30366.75,30364.50,30366.75,71,30366.75,30367.00,0.25
2026-06-30 10:47:34,30367.00,30367.25,30366.00,30366.25,31,30367.50,30368.00,0.50
2026-06-30 10:47:35,30366.50,30368.75,30366.00,30367.50,49,30366.75,30367.25,0.50
2026-06-30 10:47:36,30367.75,30368.50,30366.50,30366.75,64,30368.50,30369.00,0.50
2026-06-30 10:47:37,30367.25,30369.00,30367.00,30369.00,38,30369.25,30369.75,0.50
2026-06-30 10:47:38,30369.00,30370.00,30368.75,30370.00,44,30368.00,30368.50,0.50
2026-06-30 10:47:39,30369.25,30369.50,30367.50,30367.75,60,30368.75,30369.25,0.50
2026-06-30 10:47:40,30368.50,30370.25,30368.25,30368.50,66,30369.25,30369.75,0.50
2026-06-30 10:47:41,30368.50,30371.00,30368.00,30369.75,98,30368.75,30369.25,0.50
2026-06-30 10:47:42,30369.25,30369.75,30368.25,30369.00,51,30365.75,30366.50,0.75
2026-06-30 10:47:43,30368.50,30369.75,30365.50,30366.25,86,30367.75,30368.25,0.50
2026-06-30 10:47:44,30367.00,30368.25,30365.00,30367.25,143,30369.00,30369.50,0.50
2026-06-30 10:47:45,30368.25,30370.25,30368.00,30369.25,66,30369.25,30369.75,0.50
2026-06-30 10:47:46,30369.00,30370.00,30368.00,30369.25,33,30368.25,30368.75,0.50
2026-06-30 10:47:47,30369.25,30369.25,30368.00,30368.75,43,30368.25,30368.75,0.50
2026-06-30 10:47:48,30368.25,30369.25,30368.00,30368.75,35,30365.25,30365.75,0.50
2026-06-30 10:47:49,30368.25,30369.25,30364.25,30366.00,81,30359.75,30360.25,0.50
2026-06-30 10:47:50,30365.25,30365.25,30359.00,30360.25,168,30364.50,30365.00,0.50
2026-06-30 10:47:51,30360.25,30365.75,30360.00,30365.25,96,30363.50,30364.00,0.50
2026-06-30 10:47:52,30364.50,30365.50,30363.25,30363.75,69,30363.50,30364.00,0.50
2026-06-30 10:47:53,30364.00,30364.25,30362.00,30364.00,91,30360.25,30360.75,0.50
2026-06-30 10:47:54,30364.00,30364.25,30360.00,30360.25,117,30359.75,30360.25,0.50
2026-06-30 10:47:55,30360.25,30361.75,30359.50,30360.00,57,30361.25,30361.75,0.50
2026-06-30 10:47:56,30360.25,30362.25,30360.25,30360.75,90,30360.50,30361.00,0.50
2026-06-30 10:47:57,30361.00,30362.25,30360.50,30360.50,51,30362.00,30362.50,0.50
2026-06-30 10:47:58,30361.00,30362.50,30360.50,30362.50,59,30362.75,30363.25,0.50
2026-06-30 10:47:59,30362.25,30363.25,30361.50,30363.00,20,30363.25,30363.75,0.50
2026-06-30 10:48:00,30362.50,30364.50,30362.50,30363.75,56,30359.75,30360.25,0.50
2026-06-30 10:48:01,30363.25,30363.25,30359.25,30360.25,105,30365.25,30366.00,0.75
2026-06-30 10:48:02,30359.00,30366.75,30357.50,30365.75,199,30363.00,30363.50,0.50
2026-06-30 10:48:03,30365.00,30365.75,30363.25,30365.00,68,30364.25,30364.75,0.50
2026-06-30 10:48:04,30363.25,30365.25,30362.25,30364.50,59,30364.25,30364.75,0.50
2026-06-30 10:48:05,30363.50,30365.50,30361.50,30364.50,56,30365.50,30366.00,0.50
2026-06-30 10:48:06,30364.50,30366.00,30363.00,30365.75,56,30370.00,30370.75,0.75
2026-06-30 10:48:07,30366.00,30372.00,30365.50,30370.50,169,30374.75,30375.25,0.50
2026-06-30 10:48:08,30370.75,30376.25,30370.50,30375.00,229,30373.00,30373.25,0.25
2026-06-30 10:48:09,30375.25,30376.00,30373.00,30373.00,154,30373.00,30373.25,0.25
2026-06-30 10:48:10,30373.25,30374.50,30372.75,30373.75,97,30373.25,30373.50,0.25
2026-06-30 10:48:11,30373.25,30375.00,30372.50,30375.00,96,30379.00,30379.50,0.50
2026-06-30 10:48:12,30375.25,30382.25,30374.50,30379.00,448,30377.25,30377.75,0.50
2026-06-30 10:48:13,30379.00,30379.00,30376.25,30376.75,197,30377.75,30378.25,0.50
2026-06-30 10:48:14,30377.25,30378.75,30376.00,30378.25,152,30374.75,30375.25,0.50
2026-06-30 10:48:15,30377.75,30377.75,30373.75,30374.25,136,30374.50,30375.00,0.50
2026-06-30 10:48:16,30374.75,30375.75,30373.75,30375.00,80,30374.50,30375.00,0.50
2026-06-30 10:48:17,30375.00,30375.75,30371.00,30372.50,106,30370.25,30370.75,0.50
2026-06-30 10:48:18,30372.25,30373.50,30369.50,30370.00,81,30371.25,30371.75,0.50
2026-06-30 10:48:19,30370.75,30373.00,30370.25,30371.50,69,30372.50,30373.00,0.50
2026-06-30 10:48:20,30372.00,30374.25,30371.50,30373.00,35,30371.75,30372.25,0.50
2026-06-30 10:48:21,30373.50,30373.50,30371.50,30372.50,50,30370.50,30371.00,0.50
2026-06-30 10:48:22,30372.00,30372.00,30370.25,30371.00,14,30369.00,30369.75,0.75
2026-06-30 10:48:23,30370.50,30370.50,30369.00,30369.25,117,30369.75,30370.25,0.50
2026-06-30 10:48:24,30369.00,30370.25,30368.00,30370.00,66,30370.00,30370.50,0.50
2026-06-30 10:48:25,30369.75,30370.25,30369.25,30370.00,38,30368.75,30369.00,0.25
2026-06-30 10:48:26,30370.00,30371.75,30369.75,30369.75,58,30363.25,30363.75,0.50
2026-06-30 10:48:27,30369.00,30370.00,30363.00,30363.25,263,30361.00,30361.50,0.50
2026-06-30 10:48:28,30364.00,30364.25,30360.50,30360.50,161,30357.25,30357.75,0.50
2026-06-30 10:48:29,30361.50,30361.50,30355.00,30357.25,346,30358.75,30359.25,0.50
2026-06-30 10:48:30,30357.75,30360.25,30356.75,30358.75,179,30357.00,30357.50,0.50
2026-06-30 10:48:31,30359.25,30360.00,30356.25,30357.00,101,30356.75,30357.25,0.50
2026-06-30 10:48:32,30356.75,30357.50,30356.00,30357.00,53,30358.25,30358.75,0.50
2026-06-30 10:48:33,30357.00,30359.00,30357.00,30358.75,86,30358.50,30359.00,0.50
2026-06-30 10:48:34,30358.75,30361.75,30358.75,30359.00,132,30358.50,30359.00,0.50
2026-06-30 10:48:35,30359.00,30360.00,30356.75,30359.25,99,30360.50,30361.00,0.50
2026-06-30 10:48:36,30359.25,30361.25,30358.75,30360.25,67,30360.75,30361.25,0.50
2026-06-30 10:48:37,30360.50,30360.75,30359.50,30360.50,45,30361.25,30361.75,0.50
2026-06-30 10:48:38,30361.25,30363.50,30361.00,30361.75,102,30361.50,30362.00,0.50
2026-06-30 10:48:39,30361.00,30362.00,30360.00,30361.25,45,30361.50,30362.00,0.50
2026-06-30 10:48:40,30361.75,30361.75,30358.75,30359.00,54,30360.00,30360.50,0.50
2026-06-30 10:48:41,30359.00,30360.75,30358.50,30360.00,36,30360.00,30360.50,0.50
2026-06-30 10:48:42,30360.75,30362.25,30359.75,30360.00,47,30360.25,30360.75,0.50
2026-06-30 10:48:43,30360.00,30361.00,30358.50,30360.75,42,30358.75,30359.25,0.50
2026-06-30 10:48:44,30361.25,30361.50,30357.00,30359.25,72,30362.50,30363.00,0.50
2026-06-30 10:48:45,30358.50,30363.50,30358.50,30362.75,192,30360.25,30360.75,0.50
2026-06-30 10:48:46,30362.50,30362.75,30360.00,30360.00,48,30360.25,30360.75,0.50
2026-06-30 10:48:47,30360.75,30361.00,30358.75,30360.50,50,30354.75,30355.25,0.50
2026-06-30 10:48:48,30360.25,30360.50,30353.50,30355.00,186,30351.00,30351.50,0.50
2026-06-30 10:48:49,30354.75,30354.75,30351.00,30351.50,140,30351.75,30352.25,0.50
2026-06-30 10:48:50,30351.00,30352.25,30349.25,30352.25,222,30346.75,30347.25,0.50
2026-06-30 10:48:51,30351.75,30352.75,30345.00,30347.00,323,30348.25,30348.75,0.50
2026-06-30 10:48:52,30347.25,30348.25,30345.50,30348.00,204,30349.00,30349.50,0.50
2026-06-30 10:48:53,30349.00,30351.00,30348.25,30348.75,285,30352.00,30352.50,0.50
2026-06-30 10:48:54,30349.75,30352.00,30349.25,30352.00,104,30353.75,30354.25,0.50
2026-06-30 10:48:55,30352.00,30354.25,30352.00,30354.25,88,30352.50,30353.00,0.50
2026-06-30 10:48:56,30353.75,30354.00,30352.50,30352.50,40,30352.50,30353.00,0.50
2026-06-30 10:48:57,30352.75,30356.00,30352.50,30355.00,108,30356.75,30357.00,0.25
2026-06-30 10:48:58,30355.00,30358.25,30354.25,30356.75,153,30357.75,30358.25,0.50
2026-06-30 10:48:59,30357.00,30359.50,30357.00,30358.00,119,30357.25,30357.75,0.50
2026-06-30 10:49:00,30357.50,30358.75,30356.50,30357.25,50,30358.50,30359.00,0.50
2026-06-30 10:49:01,30357.25,30359.75,30356.75,30358.75,96,30358.50,30359.00,0.50
2026-06-30 10:49:02,30358.50,30361.00,30358.25,30358.50,102,30358.50,30359.25,0.75
2026-06-30 10:49:03,30359.00,30360.25,30357.00,30358.75,119,30358.50,30359.25,0.75
2026-06-30 10:49:04,30358.75,30360.50,30355.75,30360.50,73,30361.25,30361.75,0.50
2026-06-30 10:49:05,30360.25,30362.00,30359.00,30361.75,95,30362.25,30363.00,0.75
2026-06-30 10:49:06,30361.25,30365.00,30361.00,30363.00,152,30361.00,30361.25,0.25
2026-06-30 10:49:07,30362.75,30364.25,30360.25,30360.25,161,30361.75,30362.50,0.75
2026-06-30 10:49:08,30360.50,30362.50,30360.25,30361.75,110,30359.75,30360.50,0.75
2026-06-30 10:49:09,30362.00,30363.50,30358.25,30360.50,68,30360.25,30360.75,0.50
2026-06-30 10:49:10,30360.50,30362.50,30359.75,30360.25,77,30358.50,30359.00,0.50
2026-06-30 10:49:11,30360.00,30361.25,30358.75,30358.75,56,30358.00,30358.50,0.50
2026-06-30 10:49:12,30358.50,30360.50,30357.75,30358.00,65,30358.00,30358.50,0.50
2026-06-30 10:49:13,30358.25,30359.50,30357.00,30358.50,50,30359.25,30359.75,0.50
2026-06-30 10:49:14,30357.75,30359.00,30357.50,30358.75,57,30356.50,30357.00,0.50
2026-06-30 10:49:15,30359.75,30360.75,30357.25,30357.25,41,30354.00,30354.50,0.50
2026-06-30 10:49:16,30357.00,30357.25,30352.00,30355.00,163,30353.75,30354.25,0.50
2026-06-30 10:49:17,30354.00,30354.75,30352.25,30353.75,76,30351.50,30352.00,0.50
2026-06-30 10:49:18,30354.25,30354.50,30351.75,30351.75,50,30353.75,30354.00,0.25
2026-06-30 10:49:19,30352.00,30354.25,30352.00,30353.25,60,30361.00,30361.50,0.50
2026-06-30 10:49:20,30354.00,30360.75,30353.50,30360.50,155,30358.75,30359.50,0.75
2026-06-30 10:49:21,30361.50,30361.75,30357.75,30359.00,86,30356.25,30356.75,0.50
2026-06-30 10:49:22,30358.75,30359.00,30356.00,30356.50,49,30358.25,30358.75,0.50
2026-06-30 10:49:23,30356.25,30360.75,30353.75,30358.25,68,30357.75,30358.25,0.50
2026-06-30 10:49:24,30358.25,30359.75,30357.50,30358.00,57,30357.50,30358.00,0.50
2026-06-30 10:49:25,30358.25,30361.25,30356.75,30357.75,111,30357.50,30358.00,0.50
2026-06-30 10:49:26,30357.75,30359.00,30357.00,30358.00,50,30358.50,30359.00,0.50
2026-06-30 10:49:27,30358.25,30358.75,30356.75,30358.50,62,30358.50,30359.00,0.50
2026-06-30 10:49:28,30357.75,30358.50,30357.75,30358.50,14,30357.75,30358.25,0.50
2026-06-30 10:49:29,30357.75,30359.50,30357.75,30358.75,40,30357.75,30358.25,0.50
2026-06-30 10:49:30,30357.75,30358.50,30356.25,30358.50,52,30357.75,30358.25,0.50
2026-06-30 10:49:31,30358.00,30360.00,30356.25,30356.25,56,30351.50,30352.00,0.50
2026-06-30 10:49:32,30356.25,30357.00,30351.75,30352.25,97,30351.50,30352.00,0.50
2026-06-30 10:49:33,30351.75,30354.75,30351.75,30354.25,42,30354.25,30355.00,0.75
2026-06-30 10:49:34,30354.50,30357.00,30354.50,30356.00,79,30354.75,30355.25,0.50
2026-06-30 10:49:35,30355.75,30356.25,30354.75,30355.00,25,30355.25,30355.75,0.50
2026-06-30 10:49:36,30354.25,30356.50,30354.00,30355.50,45,30355.25,30355.75,0.50
2026-06-30 10:49:37,30355.25,30357.25,30352.75,30354.50,73,30354.00,30354.25,0.25
2026-06-30 10:49:38,30354.75,30356.00,30353.75,30354.25,38,30355.00,30355.25,0.25
2026-06-30 10:49:39,30354.25,30356.25,30352.50,30355.75,67,30355.00,30355.25,0.25
2026-06-30 10:49:40,30355.25,30358.75,30355.00,30357.75,58,30357.00,30357.50,0.50
2026-06-30 10:49:41,30358.00,30358.00,30356.50,30356.50,30,30358.25,30358.75,0.50
2026-06-30 10:49:42,30357.75,30360.50,30357.75,30358.00,124,30356.75,30357.25,0.50
2026-06-30 10:49:43,30358.00,30358.75,30356.25,30357.25,64,30364.50,30365.00,0.50
2026-06-30 10:49:44,30357.75,30365.75,30357.50,30365.00,153,30362.25,30362.75,0.50
2026-06-30 10:49:45,30364.00,30364.50,30361.50,30361.75,138,30357.00,30357.50,0.50
2026-06-30 10:49:46,30362.75,30362.75,30355.75,30357.50,121,30357.75,30358.25,0.50
2026-06-30 10:49:47,30357.75,30358.75,30355.75,30358.75,93,30352.50,30353.25,0.75
2026-06-30 10:49:48,30357.75,30358.50,30352.50,30353.00,103,30354.00,30354.50,0.50
2026-06-30 10:49:49,30352.25,30354.25,30352.00,30354.25,45,30354.00,30354.50,0.50
2026-06-30 10:49:50,30354.00,30354.50,30353.25,30354.25,50,30355.50,30355.75,0.25
2026-06-30 10:49:51,30354.00,30355.50,30354.00,30355.50,28,30355.50,30355.75,0.25
2026-06-30 10:49:52,30355.50,30356.25,30354.50,30355.75,49,30357.50,30357.75,0.25
2026-06-30 10:49:53,30355.75,30358.25,30355.50,30357.50,72,30357.25,30358.00,0.75
2026-06-30 10:49:54,30358.00,30358.00,30356.75,30356.75,61,30357.00,30357.50,0.50
2026-06-30 10:49:55,30357.50,30357.75,30356.50,30357.00,30,30356.25,30357.00,0.75
2026-06-30 10:49:56,30357.75,30358.25,30356.75,30357.00,27,30355.75,30356.25,0.50
2026-06-30 10:49:57,30356.50,30356.75,30354.75,30355.50,60,30352.25,30352.75,0.50
2026-06-30 10:49:58,30355.75,30355.75,30351.50,30352.25,127,30350.25,30350.75,0.50
2026-06-30 10:49:59,30352.75,30352.75,30348.00,30350.50,237,30351.25,30351.75,0.50
2026-06-30 10:50:00,30350.75,30352.00,30350.00,30351.25,66,30355.75,30356.25,0.50
2026-06-30 10:50:01,30351.25,30356.25,30349.50,30356.00,128,30355.75,30356.25,0.50
2026-06-30 10:50:02,30356.25,30358.75,30354.75,30355.75,79,30357.00,30357.50,0.50
2026-06-30 10:50:03,30356.00,30360.00,30356.00,30357.00,78,30357.25,30358.00,0.75
2026-06-30 10:50:04,30357.25,30359.25,30356.75,30357.75,34,30354.00,30354.50,0.50
2026-06-30 10:50:05,30357.25,30358.75,30353.25,30354.75,55,30353.25,30354.00,0.75
2026-06-30 10:50:06,30354.00,30354.50,30351.50,30353.25,68,30352.00,30352.75,0.75
2026-06-30 10:50:07,30353.75,30355.00,30352.75,30352.75,72,30352.50,30353.00,0.50
2026-06-30 10:50:08,30352.25,30353.75,30351.25,30352.75,94,30354.75,30355.25,0.50
2026-06-30 10:50:09,30353.50,30356.50,30353.50,30355.00,52,30355.50,30356.00,0.50
2026-06-30 10:50:10,30355.25,30358.50,30353.50,30355.75,99,30358.00,30358.50,0.50
2026-06-30 10:50:11,30355.75,30359.75,30355.00,30358.50,69,30361.50,30362.50,1.00
2026-06-30 10:50:12,30358.50,30362.25,30357.75,30361.50,103,30361.50,30362.50,1.00
2026-06-30 10:50:13,30361.50,30362.25,30357.75,30360.75,83,30361.00,30361.25,0.25
2026-06-30 10:50:14,30361.00,30361.00,30356.75,30357.75,105,30359.50,30360.00,0.50
2026-06-30 10:50:15,30357.50,30361.25,30356.00,30360.25,137,30364.25,30364.50,0.25
2026-06-30 10:50:16,30360.00,30366.25,30359.25,30365.00,210,30364.25,30364.50,0.25
2026-06-30 10:50:17,30364.50,30364.50,30354.25,30354.25,188,30358.75,30359.25,0.50
2026-06-30 10:50:18,30355.25,30359.50,30355.25,30359.25,84,30361.25,30361.75,0.50
2026-06-30 10:50:19,30358.75,30361.50,30358.75,30361.50,42,30361.50,30362.00,0.50
2026-06-30 10:50:20,30361.75,30365.75,30360.25,30362.25,217,30368.25,30368.75,0.50
2026-06-30 10:50:21,30362.25,30369.75,30362.00,30368.50,217,30366.00,30366.50,0.50
2026-06-30 10:50:22,30368.75,30368.75,30365.75,30366.25,79,30366.25,30366.75,0.50
2026-06-30 10:50:23,30365.75,30367.50,30363.75,30366.75,190,30366.50,30367.00,0.50
2026-06-30 10:50:24,30366.75,30368.25,30364.50,30367.00,84,30368.50,30369.00,0.50
2026-06-30 10:50:25,30366.50,30369.00,30365.75,30369.00,54,30369.50,30370.00,0.50
2026-06-30 10:50:26,30369.00,30370.50,30367.25,30370.00,185,30368.25,30368.75,0.50
2026-06-30 10:50:27,30369.75,30370.00,30367.25,30369.00,82,30368.25,30368.75,0.50
2026-06-30 10:50:28,30368.75,30372.50,30366.25,30372.25,211,30371.25,30372.00,0.75
2026-06-30 10:50:29,30372.00,30372.75,30371.00,30371.75,115,30371.25,30372.00,0.75
2026-06-30 10:50:30,30371.75,30373.25,30371.00,30371.75,156,30372.50,30373.00,0.50
2026-06-30 10:50:31,30372.00,30373.00,30369.00,30372.75,108,30372.50,30373.00,0.50
2026-06-30 10:50:32,30372.50,30376.00,30372.25,30374.75,198,30374.50,30374.75,0.25
2026-06-30 10:50:33,30374.50,30375.75,30373.75,30374.25,99,30378.00,30378.50,0.50
2026-06-30 10:50:34,30375.00,30378.50,30374.50,30378.25,175,30376.00,30376.75,0.75
2026-06-30 10:50:35,30378.00,30378.25,30375.75,30376.25,141,30375.75,30376.50,0.75
2026-06-30 10:50:36,30376.25,30377.50,30375.00,30376.75,168,30374.50,30374.75,0.25
2026-06-30 10:50:37,30375.25,30376.75,30375.00,30375.00,88,30374.50,30374.75,0.25
2026-06-30 10:50:38,30374.75,30375.25,30372.75,30373.50,103,30374.00,30374.50,0.50
2026-06-30 10:50:39,30373.25,30377.00,30373.25,30374.50,66,30374.00,30374.50,0.50
2026-06-30 10:50:40,30374.00,30376.75,30372.25,30374.00,60,30374.00,30374.50,0.50
2026-06-30 10:50:41,30374.50,30374.75,30373.25,30374.25,75,30371.75,30372.25,0.50
2026-06-30 10:50:42,30374.50,30374.50,30371.50,30372.00,67,30370.50,30371.00,0.50
2026-06-30 10:50:43,30372.25,30372.50,30369.50,30370.50,121,30374.25,30374.75,0.50
2026-06-30 10:50:44,30371.50,30375.50,30371.00,30375.00,91,30374.25,30374.75,0.50
2026-06-30 10:50:45,30374.75,30377.00,30373.50,30374.50,93,30375.00,30375.50,0.50
2026-06-30 10:50:46,30374.50,30375.25,30374.00,30375.25,33,30378.50,30379.00,0.50
2026-06-30 10:50:47,30375.50,30379.00,30374.75,30378.75,104,30376.50,30377.00,0.50
2026-06-30 10:50:48,30378.75,30378.75,30376.25,30377.25,52,30375.75,30376.25,0.50
2026-06-30 10:50:49,30377.00,30377.50,30375.00,30375.75,83,30374.00,30374.50,0.50
2026-06-30 10:50:50,30375.25,30375.50,30372.75,30373.75,58,30372.75,30373.25,0.50
2026-06-30 10:50:51,30374.25,30374.50,30373.00,30373.00,41,30372.25,30373.00,0.75
2026-06-30 10:50:52,30373.25,30373.75,30372.50,30373.00,52,30373.00,30373.50,0.50
2026-06-30 10:50:53,30373.00,30374.25,30372.75,30373.25,21,30373.50,30374.00,0.50
2026-06-30 10:50:54,30373.25,30373.75,30372.00,30373.75,61,30373.00,30373.50,0.50
2026-06-30 10:50:55,30374.50,30375.50,30373.25,30373.50,39,30369.75,30370.25,0.50
2026-06-30 10:50:56,30372.00,30373.25,30368.75,30370.00,202,30366.25,30366.50,0.25
2026-06-30 10:50:57,30369.75,30371.00,30366.00,30366.00,159,30366.25,30366.50,0.25
2026-06-30 10:50:58,30366.25,30367.00,30364.25,30365.00,156,30364.50,30365.00,0.50
2026-06-30 10:50:59,30365.25,30366.00,30364.00,30364.75,81,30364.00,30364.50,0.50
2026-06-30 10:51:00,30365.00,30365.50,30363.75,30364.25,76,30359.50,30359.75,0.25
2026-06-30 10:51:01,30364.25,30365.25,30358.75,30359.50,199,30357.00,30357.75,0.75
2026-06-30 10:51:02,30359.50,30359.75,30356.00,30357.00,236,30354.50,30355.00,0.50
2026-06-30 10:51:03,30357.00,30358.25,30353.75,30355.50,162,30354.50,30355.00,0.50
2026-06-30 10:51:04,30355.00,30355.75,30353.75,30353.75,86,30357.25,30357.50,0.25
2026-06-30 10:51:05,30355.25,30358.25,30354.00,30357.50,173,30356.50,30357.25,0.75
2026-06-30 10:51:06,30357.25,30359.00,30355.25,30357.00,127,30359.25,30360.00,0.75
2026-06-30 10:51:07,30357.25,30360.25,30357.25,30359.75,65,30354.50,30355.00,0.50
2026-06-30 10:51:08,30360.25,30360.25,30354.00,30354.50,65,30355.75,30356.25,0.50
2026-06-30 10:51:09,30354.25,30355.50,30354.25,30355.50,42,30354.75,30355.25,0.50
2026-06-30 10:51:10,30356.25,30356.50,30354.50,30354.75,116,30356.50,30357.00,0.50
2026-06-30 10:51:11,30355.25,30357.25,30354.50,30356.25,85,30361.00,30361.75,0.75
2026-06-30 10:51:12,30357.25,30361.50,30357.00,30361.25,148,30360.75,30361.25,0.50
2026-06-30 10:51:13,30362.00,30363.25,30360.00,30361.25,77,30360.75,30361.50,0.75
2026-06-30 10:51:14,30360.50,30361.75,30360.25,30361.50,35,30362.00,30362.50,0.50
2026-06-30 10:51:15,30361.00,30362.00,30360.00,30361.75,40,30363.25,30363.75,0.50
2026-06-30 10:51:16,30362.00,30365.00,30361.50,30363.50,122,30362.75,30363.50,0.75
2026-06-30 10:51:17,30363.25,30364.25,30362.00,30363.00,53,30365.50,30366.00,0.50
2026-06-30 10:51:18,30363.00,30365.75,30363.00,30365.75,48,30371.50,30372.00,0.50
2026-06-30 10:51:19,30366.25,30374.25,30366.25,30371.00,301,30371.50,30372.00,0.50
2026-06-30 10:51:20,30371.75,30372.00,30369.75,30369.75,139,30369.25,30369.75,0.50
2026-06-30 10:51:21,30370.50,30371.25,30369.50,30369.75,93,30369.50,30370.00,0.50
2026-06-30 10:51:22,30369.50,30370.00,30368.25,30369.75,57,30368.25,30368.75,0.50
2026-06-30 10:51:23,30369.50,30370.25,30368.50,30368.50,44,30368.00,30368.50,0.50
2026-06-30 10:51:24,30368.50,30369.50,30367.75,30368.25,37,30370.00,30370.50,0.50
2026-06-30 10:51:25,30368.50,30370.75,30368.50,30370.75,30,30372.50,30373.00,0.50
2026-06-30 10:51:26,30370.75,30373.25,30370.25,30373.00,76,30374.50,30375.00,0.50
2026-06-30 10:51:27,30372.75,30375.00,30372.00,30374.75,92,30374.50,30375.00,0.50
2026-06-30 10:51:28,30374.75,30375.00,30373.00,30373.25,146,30372.75,30373.25,0.50
2026-06-30 10:51:29,30373.00,30374.25,30372.00,30372.75,81,30374.50,30375.00,0.50
2026-06-30 10:51:30,30372.75,30375.25,30372.75,30374.75,38,30372.50,30373.00,0.50
2026-06-30 10:51:31,30374.25,30374.25,30372.25,30372.75,28,30372.25,30372.50,0.25
2026-06-30 10:51:32,30373.00,30373.25,30370.75,30372.25,74,30372.50,30373.00,0.50
2026-06-30 10:51:33,30372.50,30373.00,30372.00,30372.50,62,30373.25,30373.75,0.50
2026-06-30 10:51:34,30373.25,30374.75,30372.25,30373.75,41,30373.25,30373.75,0.50
2026-06-30 10:51:35,30373.25,30374.25,30372.75,30373.25,64,30371.25,30371.75,0.50
2026-06-30 10:51:36,30373.25,30373.75,30370.50,30371.50,69,30375.25,30375.75,0.50
2026-06-30 10:51:37,30371.50,30378.25,30371.50,30375.25,165,30374.75,30375.25,0.50
2026-06-30 10:51:38,30375.50,30375.75,30374.75,30375.50,50,30370.75,30371.25,0.50
2026-06-30 10:51:39,30375.00,30376.00,30370.75,30371.50,66,30366.00,30366.50,0.50
2026-06-30 10:51:40,30370.50,30371.25,30366.00,30366.50,202,30364.50,30365.00,0.50
2026-06-30 10:51:41,30366.75,30367.75,30364.25,30365.00,102,30361.75,30362.00,0.25
2026-06-30 10:51:42,30364.25,30364.50,30361.50,30362.00,118,30361.25,30362.00,0.75
2026-06-30 10:51:43,30362.00,30362.25,30360.50,30361.50,98,30366.00,30366.50,0.50
2026-06-30 10:51:44,30361.50,30366.25,30361.25,30366.25,101,30365.25,30365.75,0.50
2026-06-30 10:51:45,30366.00,30366.25,30364.25,30364.50,44,30366.25,30366.75,0.50
2026-06-30 10:51:46,30365.50,30367.00,30364.75,30367.00,27,30366.00,30366.50,0.50
2026-06-30 10:51:47,30366.25,30368.25,30365.75,30366.50,44,30363.75,30364.25,0.50
2026-06-30 10:51:48,30366.75,30367.00,30364.00,30364.00,72,30359.75,30360.25,0.50
2026-06-30 10:51:49,30363.75,30364.50,30357.75,30360.25,164,30360.50,30361.00,0.50
2026-06-30 10:51:50,30360.00,30364.25,30360.00,30361.00,125,30363.00,30363.50,0.50
2026-06-30 10:51:51,30361.00,30362.25,30360.50,30362.25,43,30363.00,30363.50,0.50
2026-06-30 10:51:52,30363.25,30363.50,30361.75,30362.75,42,30363.00,30363.50,0.50
2026-06-30 10:51:53,30363.25,30363.75,30362.00,30363.25,52,30363.00,30363.50,0.50
2026-06-30 10:51:54,30363.25,30363.75,30362.25,30362.50,27,30362.75,30363.25,0.50
2026-06-30 10:51:55,30362.75,30364.25,30362.75,30364.00,30,30365.00,30365.50,0.50
2026-06-30 10:51:56,30363.75,30366.00,30363.25,30365.00,41,30365.25,30365.75,0.50
2026-06-30 10:51:57,30365.50,30366.50,30365.25,30365.50,43,30364.50,30365.00,0.50
2026-06-30 10:51:58,30366.00,30366.50,30364.00,30364.50,17,30364.50,30365.00,0.50
2026-06-30 10:51:59,30364.50,30365.50,30363.00,30365.50,24,30366.00,30366.50,0.50
2026-06-30 10:52:00,30364.25,30366.25,30364.25,30366.25,36,30365.25,30365.75,0.50
2026-06-30 10:52:01,30366.00,30367.25,30365.50,30366.00,73,30360.25,30360.75,0.50
2026-06-30 10:52:02,30365.75,30366.00,30360.00,30360.50,67,30361.75,30362.25,0.50
2026-06-30 10:52:03,30360.25,30362.50,30360.00,30362.25,62,30361.00,30361.50,0.50
2026-06-30 10:52:04,30361.75,30362.50,30359.75,30360.50,49,30361.00,30361.50,0.50
2026-06-30 10:52:05,30361.75,30364.25,30361.50,30364.25,44,30362.00,30362.50,0.50
2026-06-30 10:52:06,30363.50,30363.75,30359.75,30363.00,90,30362.75,30363.50,0.75
2026-06-30 10:52:07,30362.25,30365.00,30361.25,30363.75,82,30358.50,30359.00,0.50
2026-06-30 10:52:08,30362.75,30363.25,30358.25,30358.75,36,30359.50,30360.00,0.50
2026-06-30 10:52:09,30359.00,30360.75,30358.25,30360.00,97,30361.50,30362.00,0.50
2026-06-30 10:52:10,30360.00,30363.00,30359.75,30362.50,43,30360.00,30360.50,0.50
2026-06-30 10:52:11,30362.00,30362.75,30359.25,30360.00,90,30360.00,30360.50,0.50
2026-06-30 10:52:12,30360.50,30362.75,30359.75,30360.50,50,30359.50,30360.00,0.50
2026-06-30 10:52:13,30360.50,30362.75,30359.50,30359.75,54,30360.00,30360.50,0.50
2026-06-30 10:52:14,30360.00,30360.75,30358.25,30360.00,46,30361.00,30361.50,0.50
2026-06-30 10:52:15,30360.25,30364.75,30360.25,30361.50,119,30360.75,30361.25,0.50
2026-06-30 10:52:16,30361.75,30362.00,30360.25,30361.25,44,30362.75,30363.50,0.75
2026-06-30 10:52:17,30361.25,30364.25,30361.25,30363.25,28,30362.25,30362.75,0.50
2026-06-30 10:52:18,30363.50,30363.75,30361.75,30362.75,35,30360.75,30361.25,0.50
2026-06-30 10:52:19,30362.25,30362.50,30360.75,30361.00,42,30362.75,30363.50,0.75
2026-06-30 10:52:20,30361.00,30365.75,30361.00,30363.50,128,30362.75,30363.50,0.75
2026-06-30 10:52:21,30363.25,30363.25,30361.25,30361.50,56,30362.00,30362.50,0.50
2026-06-30 10:52:22,30361.75,30363.00,30361.00,30362.25,23,30360.00,30360.50,0.50
2026-06-30 10:52:23,30362.50,30364.25,30360.00,30360.00,92,30360.00,30360.50,0.50
2026-06-30 10:52:24,30360.25,30360.25,30358.25,30358.25,77,30357.00,30357.50,0.50
2026-06-30 10:52:25,30359.00,30359.00,30356.75,30357.00,52,30357.00,30357.50,0.50
2026-06-30 10:52:26,30357.50,30357.50,30354.25,30357.25,178,30356.75,30357.25,0.50
2026-06-30 10:52:27,30357.75,30359.00,30356.50,30357.25,68,30354.00,30354.50,0.50
2026-06-30 10:52:28,30357.25,30358.25,30354.50,30354.50,105,30352.75,30353.25,0.50
2026-06-30 10:52:29,30354.50,30354.50,30351.50,30353.00,189,30353.50,30354.25,0.75
2026-06-30 10:52:30,30352.75,30354.75,30352.00,30353.50,67,30353.50,30354.25,0.75
2026-06-30 10:52:31,30354.25,30356.00,30353.75,30353.75,69,30354.50,30355.00,0.50
2026-06-30 10:52:32,30353.75,30355.50,30353.75,30354.75,78,30354.75,30355.25,0.50
2026-06-30 10:52:33,30354.00,30355.75,30353.50,30355.50,41,30353.75,30354.25,0.50
2026-06-30 10:52:34,30354.25,30354.25,30352.25,30354.00,128,30353.75,30354.25,0.50
2026-06-30 10:52:35,30353.75,30354.75,30353.50,30353.75,30,30353.75,30354.25,0.50
2026-06-30 10:52:36,30353.75,30354.75,30353.50,30354.50,47,30357.25,30357.75,0.50
2026-06-30 10:52:37,30354.75,30358.75,30354.75,30357.50,177,30355.75,30356.00,0.25
2026-06-30 10:52:38,30357.25,30358.00,30355.75,30355.75,61,30356.25,30356.75,0.50
2026-06-30 10:52:39,30356.00,30357.75,30355.75,30356.75,41,30353.00,30353.50,0.50
2026-06-30 10:52:40,30356.25,30356.25,30352.75,30353.00,84,30348.75,30349.00,0.25
2026-06-30 10:52:41,30353.50,30353.50,30348.50,30349.00,232,30350.00,30350.75,0.75
2026-06-30 10:52:42,30348.75,30351.00,30348.00,30350.50,129,30351.75,30352.00,0.25
2026-06-30 10:52:43,30350.75,30353.25,30348.50,30351.50,93,30349.25,30349.75,0.50
2026-06-30 10:52:44,30351.75,30351.75,30349.25,30350.00,100,30349.25,30349.75,0.50
2026-06-30 10:52:45,30349.50,30349.50,30336.00,30336.75,795,30338.00,30338.75,0.75
2026-06-30 10:52:46,30336.75,30338.75,30334.50,30338.25,378,30338.00,30338.75,0.75
2026-06-30 10:52:47,30338.00,30339.00,30336.25,30337.25,195,30337.00,30337.50,0.50
2026-06-30 10:52:48,30337.50,30338.50,30336.00,30337.25,154,30335.50,30336.00,0.50
2026-06-30 10:52:49,30337.00,30337.75,30334.75,30336.25,201,30336.25,30336.75,0.50
2026-06-30 10:52:50,30335.75,30337.25,30334.50,30336.25,112,30336.25,30336.75,0.50
2026-06-30 10:52:51,30336.25,30337.75,30335.50,30336.75,95,30336.75,30337.25,0.50
2026-06-30 10:52:52,30336.50,30337.75,30335.75,30337.00,90,30336.00,30336.50,0.50
2026-06-30 10:52:53,30337.25,30339.50,30336.00,30336.00,107,30337.75,30338.50,0.75
2026-06-30 10:52:54,30336.75,30338.50,30336.00,30337.75,87,30336.50,30337.00,0.50
2026-06-30 10:52:55,30338.50,30339.00,30336.50,30337.00,92,30335.25,30335.75,0.50
2026-06-30 10:52:56,30336.25,30337.00,30334.50,30335.25,83,30334.50,30335.00,0.50
2026-06-30 10:52:57,30335.50,30335.75,30332.25,30335.00,300,30333.75,30334.25,0.50
2026-06-30 10:52:58,30335.00,30335.75,30332.75,30334.25,178,30337.00,30337.50,0.50
2026-06-30 10:52:59,30333.75,30337.25,30333.50,30336.75,104,30337.25,30337.75,0.50
2026-06-30 10:53:00,30337.00,30338.50,30336.25,30337.25,107,30333.75,30334.25,0.50
2026-06-30 10:53:01,30337.75,30337.75,30332.75,30333.50,134,30335.00,30335.50,0.50
2026-06-30 10:53:02,30334.25,30336.00,30333.25,30335.50,152,30337.50,30338.00,0.50
2026-06-30 10:53:03,30335.00,30337.50,30333.75,30337.50,111,30337.50,30338.00,0.50
2026-06-30 10:53:04,30337.75,30341.75,30336.50,30340.00,214,30339.00,30339.50,0.50
2026-06-30 10:53:05,30340.00,30340.75,30338.75,30338.75,78,30340.00,30340.50,0.50
2026-06-30 10:53:06,30339.00,30341.25,30338.50,30340.25,81,30338.00,30338.50,0.50
2026-06-30 10:53:07,30340.25,30340.25,30335.25,30337.75,155,30337.50,30338.00,0.50
2026-06-30 10:53:08,30338.25,30339.50,30336.00,30337.25,78,30337.50,30338.00,0.50
2026-06-30 10:53:09,30337.50,30342.00,30336.75,30341.75,148,30339.75,30340.25,0.50
2026-06-30 10:53:10,30341.75,30345.25,30340.00,30340.00,199,30339.75,30340.25,0.50
2026-06-30 10:53:11,30340.00,30344.50,30339.75,30344.50,95,30344.75,30345.25,0.50
2026-06-30 10:53:12,30344.50,30345.25,30341.25,30345.00,71,30344.25,30344.75,0.50
2026-06-30 10:53:13,30345.50,30345.50,30343.50,30344.25,119,30344.25,30344.75,0.50
2026-06-30 10:53:14,30344.50,30345.50,30342.75,30343.00,53,30341.25,30341.75,0.50
2026-06-30 10:53:15,30343.00,30343.50,30341.25,30341.75,57,30339.00,30339.50,0.50
2026-06-30 10:53:16,30341.25,30341.50,30338.50,30339.25,73,30339.25,30339.75,0.50
2026-06-30 10:53:17,30339.50,30340.00,30337.75,30340.00,84,30341.75,30342.25,0.50
2026-06-30 10:53:18,30340.25,30341.75,30338.75,30341.75,54,30341.75,30342.25,0.50
2026-06-30 10:53:19,30341.75,30341.75,30340.00,30341.25,37,30345.75,30346.25,0.50
2026-06-30 10:53:20,30342.00,30347.00,30342.00,30346.00,178,30343.00,30343.50,0.50
2026-06-30 10:53:21,30344.75,30345.75,30342.25,30343.50,80,30342.50,30343.00,0.50
2026-06-30 10:53:22,30342.75,30343.25,30341.50,30343.25,75,30343.00,30343.25,0.25
2026-06-30 10:53:23,30343.25,30344.75,30342.75,30343.50,40,30341.25,30341.75,0.50
2026-06-30 10:53:24,30343.50,30343.75,30340.75,30340.75,25,30338.50,30339.00,0.50
2026-06-30 10:53:25,30341.75,30341.75,30337.75,30338.75,95,30339.50,30340.00,0.50
2026-06-30 10:53:26,30338.50,30341.00,30338.25,30339.75,63,30338.50,30339.00,0.50
2026-06-30 10:53:27,30340.00,30341.75,30338.25,30338.25,92,30340.50,30341.00,0.50
2026-06-30 10:53:28,30339.00,30340.75,30338.75,30340.75,26,30342.50,30343.00,0.50
2026-06-30 10:53:29,30340.50,30343.50,30340.50,30342.50,87,30342.25,30342.75,0.50
2026-06-30 10:53:30,30342.50,30343.75,30342.25,30342.25,70,30340.00,30340.50,0.50
2026-06-30 10:53:31,30342.25,30342.25,30340.00,30340.25,74,30340.00,30340.50,0.50
2026-06-30 10:53:32,30340.25,30342.00,30337.75,30340.50,102,30343.25,30343.75,0.50
2026-06-30 10:53:33,30340.75,30344.50,30340.25,30343.50,116,30341.00,30341.50,0.50
2026-06-30 10:53:34,30343.25,30343.50,30341.00,30341.75,53,30338.75,30339.25,0.50
2026-06-30 10:53:35,30341.50,30341.75,30339.00,30339.50,50,30338.75,30339.25,0.50
2026-06-30 10:53:36,30339.25,30339.75,30335.00,30338.75,183,30336.00,30336.50,0.50
2026-06-30 10:53:37,30339.25,30340.50,30335.25,30336.00,66,30336.00,30336.50,0.50
2026-06-30 10:53:38,30336.25,30336.25,30329.00,30329.75,506,30329.50,30330.00,0.50
2026-06-30 10:53:39,30329.25,30330.75,30327.25,30329.50,343,30329.50,30330.00,0.50
2026-06-30 10:53:40,30329.50,30333.00,30329.50,30331.25,145,30333.75,30334.25,0.50
2026-06-30 10:53:41,30331.50,30334.50,30331.00,30334.00,78,30332.00,30332.50,0.50
2026-06-30 10:53:42,30334.50,30334.50,30330.25,30332.25,102,30330.75,30331.25,0.50
2026-06-30 10:53:43,30332.25,30332.50,30331.00,30331.00,48,30331.25,30331.75,0.50
2026-06-30 10:53:44,30331.25,30331.75,30329.25,30331.00,127,30331.75,30332.25,0.50
2026-06-30 10:53:45,30331.25,30332.75,30331.00,30331.75,56,30329.50,30330.00,0.50
2026-06-30 10:53:46,30332.25,30332.50,30328.25,30329.75,74,30329.25,30329.50,0.25
2026-06-30 10:53:47,30330.75,30332.00,30329.00,30329.25,68,30329.25,30329.50,0.25
2026-06-30 10:53:48,30329.50,30331.00,30328.25,30331.00,86,30331.25,30331.75,0.50
2026-06-30 10:53:49,30330.00,30332.75,30329.00,30331.50,106,30331.25,30331.75,0.50
2026-06-30 10:53:50,30331.25,30332.75,30331.25,30331.75,46,30334.50,30335.00,0.50
2026-06-30 10:53:51,30331.50,30335.50,30330.75,30335.00,154,30335.50,30336.00,0.50
2026-06-30 10:53:52,30335.00,30335.25,30333.25,30335.00,89,30335.50,30336.00,0.50
2026-06-30 10:53:53,30335.50,30337.00,30331.25,30331.50,125,30331.25,30331.50,0.25
2026-06-30 10:53:54,30331.25,30332.75,30330.75,30331.25,47,30331.00,30331.50,0.50
2026-06-30 10:53:55,30331.50,30333.00,30331.25,30331.25,61,30332.50,30333.00,0.50
2026-06-30 10:53:56,30331.25,30333.00,30331.25,30332.50,42,30334.50,30335.00,0.50
2026-06-30 10:53:57,30332.50,30335.50,30332.50,30334.75,82,30334.50,30335.00,0.50
2026-06-30 10:53:58,30334.75,30336.50,30333.75,30333.75,130,30332.25,30332.75,0.50
2026-06-30 10:53:59,30333.50,30333.50,30330.50,30332.50,100,30332.25,30332.75,0.50
2026-06-30 10:54:00,30332.25,30332.75,30331.25,30332.75,51,30334.50,30335.00,0.50
2026-06-30 10:54:01,30332.75,30335.75,30331.50,30335.00,98,30337.00,30337.25,0.25
2026-06-30 10:54:02,30334.50,30337.75,30334.50,30336.75,88,30335.75,30336.25,0.50
2026-06-30 10:54:03,30337.00,30338.75,30335.50,30336.25,150,30328.25,30328.75,0.50
2026-06-30 10:54:04,30335.75,30336.00,30327.75,30328.25,160,30329.75,30330.00,0.25
2026-06-30 10:54:05,30328.75,30331.25,30328.25,30330.00,99,30331.75,30332.25,0.50
2026-06-30 10:54:06,30330.00,30332.75,30330.00,30331.75,83,30331.75,30332.25,0.50
2026-06-30 10:54:07,30332.25,30333.00,30331.25,30332.25,39,30331.25,30331.75,0.50
2026-06-30 10:54:08,30332.25,30332.75,30329.00,30332.25,77,30333.50,30334.00,0.50
2026-06-30 10:54:09,30331.00,30333.75,30330.00,30333.75,96,30330.75,30331.50,0.75
2026-06-30 10:54:10,30334.00,30334.25,30330.75,30330.75,47,30331.25,30331.50,0.25
2026-06-30 10:54:11,30330.00,30332.50,30330.00,30331.25,43,30328.75,30329.25,0.50
2026-06-30 10:54:12,30331.25,30331.75,30328.00,30329.25,66,30330.00,30330.50,0.50
2026-06-30 10:54:13,30329.25,30331.00,30329.25,30330.00,59,30329.75,30330.25,0.50
2026-06-30 10:54:14,30330.00,30331.75,30329.00,30330.00,65,30330.00,30330.50,0.50
2026-06-30 10:54:15,30330.25,30331.00,30329.50,30330.00,64,30332.50,30333.25,0.75
2026-06-30 10:54:16,30330.00,30333.50,30329.25,30333.50,83,30331.50,30331.75,0.25
2026-06-30 10:54:17,30333.25,30334.75,30331.25,30331.75,56,30332.25,30332.75,0.50
2026-06-30 10:54:18,30331.50,30335.00,30331.00,30333.00,45,30332.00,30332.50,0.50
2026-06-30 10:54:19,30333.00,30334.00,30332.00,30332.50,29,30333.75,30334.50,0.75
2026-06-30 10:54:20,30333.00,30334.00,30332.50,30334.00,49,30333.00,30333.50,0.50
2026-06-30 10:54:21,30333.75,30334.25,30330.75,30333.50,63,30325.50,30326.25,0.75
2026-06-30 10:54:22,30333.50,30333.50,30324.50,30325.75,324,30324.00,30324.50,0.50
2026-06-30 10:54:23,30326.00,30326.00,30320.75,30324.00,550,30324.00,30324.50,0.50
2026-06-30 10:54:24,30324.00,30325.25,30323.25,30324.75,236,30324.00,30324.50,0.50
2026-06-30 10:54:25,30324.50,30326.00,30324.00,30324.50,58,30323.75,30324.25,0.50
2026-06-30 10:54:26,30324.50,30324.50,30321.25,30323.50,159,30319.00,30319.25,0.25
2026-06-30 10:54:27,30323.75,30324.50,30318.75,30319.50,326,30314.00,30314.50,0.50
2026-06-30 10:54:28,30319.25,30319.25,30314.00,30314.00,437,30314.00,30314.50,0.50
2026-06-30 10:54:29,30314.25,30314.75,30310.50,30311.25,296,30312.75,30313.25,0.50
2026-06-30 10:54:30,30311.25,30313.50,30310.75,30313.00,175,30315.50,30316.00,0.50
2026-06-30 10:54:31,30313.00,30316.50,30311.75,30316.25,191,30314.75,30315.25,0.50
2026-06-30 10:54:32,30314.75,30315.75,30313.00,30315.00,189,30317.00,30317.75,0.75
2026-06-30 10:54:33,30315.25,30318.75,30314.25,30317.75,184,30318.00,30318.25,0.25
2026-06-30 10:54:34,30317.00,30318.75,30316.00,30318.25,118,30322.25,30322.75,0.50
2026-06-30 10:54:35,30318.00,30323.25,30318.00,30322.50,130,30322.00,30322.50,0.50
2026-06-30 10:54:36,30322.75,30323.25,30321.75,30322.25,94,30322.75,30323.50,0.75
2026-06-30 10:54:37,30322.50,30324.00,30322.25,30322.75,61,30322.00,30322.75,0.75
2026-06-30 10:54:38,30322.75,30323.00,30321.25,30322.75,54,30322.00,30322.75,0.75
2026-06-30 10:54:39,30322.25,30323.50,30320.00,30321.25,75,30320.00,30320.50,0.50
2026-06-30 10:54:40,30321.00,30322.25,30320.00,30320.00,57,30319.75,30320.25,0.50
2026-06-30 10:54:41,30320.50,30321.50,30319.75,30320.25,52,30321.75,30322.25,0.50
2026-06-30 10:54:42,30319.75,30323.00,30319.50,30321.50,49,30316.25,30316.75,0.50
2026-06-30 10:54:43,30322.25,30322.25,30315.00,30316.75,110,30318.75,30319.25,0.50
2026-06-30 10:54:44,30316.75,30319.50,30316.75,30318.75,58,30320.00,30320.25,0.25
2026-06-30 10:54:45,30320.00,30321.00,30319.00,30319.50,62,30320.00,30320.25,0.25
2026-06-30 10:54:46,30320.25,30322.25,30320.25,30321.25,56,30321.50,30322.00,0.50
2026-06-30 10:54:47,30321.25,30323.00,30320.50,30321.75,131,30321.50,30322.25,0.75
2026-06-30 10:54:48,30321.50,30323.00,30321.50,30322.25,38,30320.00,30320.50,0.50
2026-06-30 10:54:49,30322.25,30322.50,30320.50,30320.50,45,30322.25,30322.75,0.50
2026-06-30 10:54:50,30320.50,30324.25,30320.00,30322.75,83,30322.25,30322.75,0.50
2026-06-30 10:54:51,30322.50,30322.75,30318.25,30318.50,91,30319.75,30320.25,0.50
2026-06-30 10:54:52,30318.00,30320.75,30318.00,30319.75,59,30316.00,30316.50,0.50
2026-06-30 10:54:53,30319.75,30320.25,30314.75,30316.50,134,30314.50,30314.75,0.25
2026-06-30 10:54:54,30316.25,30316.25,30313.75,30314.75,61,30314.00,30314.50,0.50
2026-06-30 10:54:55,30314.50,30315.25,30313.75,30314.00,126,30315.25,30315.75,0.50
2026-06-30 10:54:56,30314.50,30315.75,30314.25,30315.25,46,30316.75,30317.25,0.50
2026-06-30 10:54:57,30315.50,30317.25,30314.75,30316.50,97,30315.50,30316.00,0.50
2026-06-30 10:54:58,30316.00,30316.50,30315.00,30315.75,43,30315.50,30316.00,0.50
2026-06-30 10:54:59,30316.25,30317.25,30315.25,30316.00,77,30316.00,30316.50,0.50
2026-06-30 10:55:00,30316.00,30317.00,30315.75,30316.25,31,30318.25,30318.75,0.50
2026-06-30 10:55:01,30316.50,30319.50,30316.00,30318.75,215,30311.50,30312.00,0.50
2026-06-30 10:55:02,30318.50,30319.50,30310.75,30312.25,239,30310.25,30310.75,0.50
2026-06-30 10:55:03,30311.25,30312.75,30310.25,30310.75,172,30305.25,30305.75,0.50
2026-06-30 10:55:04,30310.75,30311.25,30305.00,30305.75,577,30305.25,30305.75,0.50
2026-06-30 10:55:05,30305.25,30308.25,30305.00,30308.25,224,30308.50,30309.00,0.50
2026-06-30 10:55:06,30308.25,30310.25,30305.25,30308.25,156,30305.75,30306.00,0.25
2026-06-30 10:55:07,30308.25,30309.75,30306.00,30306.00,116,30303.00,30303.50,0.50
2026-06-30 10:55:08,30305.75,30306.75,30301.50,30303.50,290,30303.00,30303.50,0.50
2026-06-30 10:55:09,30303.50,30305.50,30302.75,30305.25,133,30303.25,30303.75,0.50
2026-06-30 10:55:10,30305.25,30305.25,30301.50,30303.25,198,30305.50,30306.25,0.75
2026-06-30 10:55:11,30303.25,30307.00,30303.00,30305.75,187,30307.00,30307.50,0.50
2026-06-30 10:55:12,30306.00,30308.50,30306.00,30307.50,113,30307.00,30307.50,0.50
2026-06-30 10:55:13,30307.50,30320.25,30307.00,30318.25,457,30322.25,30322.75,0.50
2026-06-30 10:55:14,30318.50,30323.75,30318.25,30322.50,252,30322.25,30322.75,0.50
2026-06-30 10:55:15,30322.75,30322.75,30318.25,30318.75,257,30316.00,30316.75,0.75
2026-06-30 10:55:16,30319.00,30320.00,30314.75,30316.00,275,30316.75,30317.50,0.75
2026-06-30 10:55:17,30316.50,30317.50,30316.00,30317.50,99,30319.75,30320.25,0.50
2026-06-30 10:55:18,30317.50,30320.25,30317.25,30319.75,105,30319.50,30320.00,0.50
2026-06-30 10:55:19,30320.00,30320.50,30318.50,30319.75,90,30321.00,30321.50,0.50
2026-06-30 10:55:20,30320.00,30321.25,30317.25,30321.25,91,30322.25,30322.75,0.50
2026-06-30 10:55:21,30321.00,30323.00,30319.50,30322.50,153,30322.25,30322.75,0.50
2026-06-30 10:55:22,30322.50,30325.75,30322.25,30323.75,219,30323.25,30324.00,0.75
2026-06-30 10:55:23,30323.00,30325.50,30322.75,30324.00,153,30323.25,30324.00,0.75
2026-06-30 10:55:24,30323.75,30324.50,30320.00,30320.50,121,30320.25,30320.75,0.50
2026-06-30 10:55:25,30320.25,30322.25,30320.00,30321.00,84,30323.00,30323.50,0.50
2026-06-30 10:55:26,30321.25,30323.25,30321.25,30322.75,60,30326.50,30327.25,0.75
2026-06-30 10:55:27,30324.25,30327.00,30324.25,30326.75,135,30326.50,30327.25,0.75
2026-06-30 10:55:28,30327.00,30329.00,30326.00,30328.00,166,30323.75,30324.50,0.75
2026-06-30 10:55:29,30328.00,30328.00,30323.50,30324.25,146,30323.25,30323.75,0.50
2026-06-30 10:55:30,30323.75,30324.75,30322.00,30323.50,121,30324.75,30325.00,0.25
2026-06-30 10:55:31,30323.25,30325.25,30322.00,30325.25,99,30324.75,30325.00,0.25
2026-06-30 10:55:32,30325.00,30325.00,30319.00,30320.75,183,30322.75,30323.50,0.75
2026-06-30 10:55:33,30320.75,30324.50,30320.75,30323.00,73,30322.50,30322.75,0.25
2026-06-30 10:55:34,30323.50,30324.50,30321.00,30322.75,147,30319.50,30320.00,0.50
2026-06-30 10:55:35,30322.50,30322.50,30318.50,30320.00,131,30319.50,30320.00,0.50
2026-06-30 10:55:36,30319.50,30320.75,30317.75,30320.50,119,30320.00,30320.50,0.50
2026-06-30 10:55:37,30320.50,30321.25,30319.25,30320.50,89,30318.50,30319.00,0.50
2026-06-30 10:55:38,30320.50,30320.75,30318.75,30319.00,38,30321.50,30322.00,0.50
2026-06-30 10:55:39,30319.00,30323.75,30318.50,30322.00,72,30325.00,30325.25,0.25
2026-06-30 10:55:40,30321.50,30325.50,30321.00,30325.50,86,30323.50,30324.00,0.50
2026-06-30 10:55:41,30325.00,30325.25,30322.75,30324.00,58,30322.50,30323.00,0.50
2026-06-30 10:55:42,30323.50,30325.50,30323.00,30323.50,42,30322.50,30323.00,0.50
2026-06-30 10:55:43,30323.25,30323.25,30318.75,30320.75,110,30319.75,30320.25,0.50
2026-06-30 10:55:44,30320.25,30321.25,30318.75,30320.50,93,30319.75,30320.25,0.50
2026-06-30 10:55:45,30319.75,30321.00,30318.75,30319.50,41,30320.50,30321.00,0.50
2026-06-30 10:55:46,30319.75,30321.00,30317.50,30321.00,168,30318.50,30319.00,0.50
2026-06-30 10:55:47,30321.00,30321.75,30317.25,30318.50,84,30317.00,30317.50,0.50
2026-06-30 10:55:48,30319.00,30320.25,30317.25,30317.25,60,30317.75,30318.25,0.50
2026-06-30 10:55:49,30316.75,30318.50,30315.75,30318.50,81,30315.25,30315.75,0.50
2026-06-30 10:55:50,30317.75,30317.75,30315.50,30316.00,94,30313.75,30314.25,0.50
2026-06-30 10:55:51,30315.75,30315.75,30312.50,30313.50,92,30313.75,30314.25,0.50
2026-06-30 10:55:52,30313.75,30315.50,30313.25,30313.75,68,30313.75,30314.25,0.50
2026-06-30 10:55:53,30314.25,30315.25,30312.00,30315.00,75,30315.00,30315.25,0.25
2026-06-30 10:55:54,30315.00,30316.25,30313.75,30315.00,105,30314.25,30314.75,0.50
2026-06-30 10:55:55,30315.00,30315.25,30311.25,30314.25,136,30318.00,30318.50,0.50
2026-06-30 10:55:56,30314.75,30318.75,30314.25,30318.50,108,30319.75,30320.25,0.50
2026-06-30 10:55:57,30317.75,30321.50,30317.50,30320.75,103,30319.50,30320.00,0.50
2026-06-30 10:55:58,30320.25,30320.50,30319.00,30320.00,55,30322.00,30322.50,0.50
2026-06-30 10:55:59,30319.50,30322.75,30319.25,30321.75,67,30322.75,30323.00,0.25
2026-06-30 10:56:00,30321.75,30324.25,30320.50,30323.25,86,30323.50,30324.00,0.50
2026-06-30 10:56:01,30323.25,30324.50,30322.75,30323.50,86,30327.00,30327.50,0.50
2026-06-30 10:56:02,30324.00,30328.75,30323.50,30327.00,182,30326.00,30326.50,0.50
2026-06-30 10:56:03,30327.50,30329.25,30326.00,30326.50,172,30329.25,30329.50,0.25
2026-06-30 10:56:04,30326.50,30330.25,30324.75,30330.25,171,30329.25,30329.50,0.25
2026-06-30 10:56:05,30329.25,30335.00,30329.00,30334.00,371,30335.25,30335.50,0.25
2026-06-30 10:56:06,30334.25,30337.25,30333.25,30335.25,266,30334.00,30334.75,0.75
2026-06-30 10:56:07,30335.50,30337.25,30333.50,30334.00,233,30331.25,30331.75,0.50
2026-06-30 10:56:08,30334.50,30335.25,30330.75,30331.00,211,30330.25,30331.00,0.75
2026-06-30 10:56:09,30331.25,30333.50,30330.75,30330.75,132,30331.00,30331.75,0.75
2026-06-30 10:56:10,30331.00,30334.00,30331.00,30331.25,83,30333.00,30333.75,0.75
2026-06-30 10:56:11,30331.50,30334.25,30330.75,30332.75,93,30331.00,30331.50,0.50
2026-06-30 10:56:12,30333.25,30333.25,30329.75,30331.00,92,30336.50,30337.25,0.75
2026-06-30 10:56:13,30331.00,30337.25,30331.00,30337.00,188,30333.75,30334.50,0.75
2026-06-30 10:56:14,30337.00,30337.50,30333.75,30334.00,90,30336.50,30337.00,0.50
2026-06-30 10:56:15,30334.00,30336.75,30333.25,30336.75,122,30336.50,30337.00,0.50
2026-06-30 10:56:16,30336.75,30343.50,30336.50,30341.25,443,30340.00,30340.25,0.25
2026-06-30 10:56:17,30341.00,30343.00,30339.25,30339.75,186,30339.25,30339.75,0.50
2026-06-30 10:56:18,30340.25,30340.75,30339.00,30339.25,102,30340.25,30340.75,0.50
2026-06-30 10:56:19,30339.75,30341.00,30338.50,30340.75,53,30338.25,30338.75,0.50
2026-06-30 10:56:20,30340.25,30341.00,30337.75,30339.00,128,30339.00,30339.25,0.25
2026-06-30 10:56:21,30338.50,30339.75,30338.00,30339.00,56,30341.75,30342.50,0.75
2026-06-30 10:56:22,30339.00,30343.00,30339.00,30342.25,102,30342.50,30343.00,0.50
2026-06-30 10:56:23,30342.50,30346.50,30342.00,30343.25,253,30342.50,30343.00,0.50
2026-06-30 10:56:24,30343.00,30345.75,30342.75,30344.00,162,30337.50,30338.00,0.50
2026-06-30 10:56:25,30343.75,30343.75,30336.50,30337.00,228,30335.25,30335.75,0.50
2026-06-30 10:56:26,30337.50,30338.75,30335.25,30335.25,162,30335.50,30336.00,0.50
2026-06-30 10:56:27,30335.00,30335.75,30333.00,30335.75,155,30330.00,30330.50,0.50
2026-06-30 10:56:28,30335.50,30336.00,30329.75,30330.25,200,30330.00,30330.50,0.50
2026-06-30 10:56:29,30330.50,30333.00,30329.75,30332.25,81,30333.00,30333.50,0.50
2026-06-30 10:56:30,30332.50,30334.00,30332.50,30333.25,46,30327.25,30327.75,0.50
2026-06-30 10:56:31,30333.50,30335.75,30327.25,30327.50,154,30322.75,30323.50,0.75
2026-06-30 10:56:32,30327.75,30328.00,30320.75,30323.00,289,30324.00,30324.50,0.50
2026-06-30 10:56:33,30323.25,30324.75,30322.25,30324.50,182,30325.00,30325.50,0.50
2026-06-30 10:56:34,30324.00,30325.75,30324.00,30325.50,76,30320.75,30321.25,0.50
2026-06-30 10:56:35,30324.50,30325.75,30320.50,30321.00,137,30320.75,30321.25,0.50
2026-06-30 10:56:36,30321.00,30321.75,30319.75,30320.50,150,30317.50,30318.00,0.50
2026-06-30 10:56:37,30320.50,30320.50,30317.25,30317.75,127,30315.75,30316.25,0.50
2026-06-30 10:56:38,30318.00,30318.25,30315.00,30315.75,171,30313.75,30314.25,0.50
2026-06-30 10:56:39,30315.75,30316.50,30312.75,30313.75,217,30308.00,30308.50,0.50
2026-06-30 10:56:40,30313.75,30314.75,30307.75,30308.25,269,30309.50,30310.00,0.50
2026-06-30 10:56:41,30308.00,30311.25,30307.25,30309.25,303,30313.75,30314.25,0.50
2026-06-30 10:56:42,30310.00,30314.50,30308.75,30314.25,215,30313.75,30314.25,0.50
2026-06-30 10:56:43,30314.25,30314.75,30313.00,30313.50,125,30310.00,30310.75,0.75
2026-06-30 10:56:44,30313.50,30313.75,30310.50,30311.00,108,30310.00,30310.75,0.75
2026-06-30 10:56:45,30310.50,30311.25,30308.25,30310.50,174,30308.25,30308.75,0.50
2026-06-30 10:56:46,30309.75,30310.50,30307.25,30308.25,91,30306.75,30307.25,0.50
2026-06-30 10:56:47,30308.25,30308.50,30306.00,30306.75,179,30306.00,30306.50,0.50
2026-06-30 10:56:48,30307.00,30307.75,30305.25,30306.25,137,30308.00,30308.50,0.50
2026-06-30 10:56:49,30306.50,30308.50,30303.75,30308.50,199,30309.75,30310.25,0.50
2026-06-30 10:56:50,30307.75,30311.25,30306.75,30310.25,139,30309.75,30310.25,0.50
2026-06-30 10:56:51,30310.25,30313.00,30309.25,30311.25,167,30311.25,30311.75,0.50
2026-06-30 10:56:52,30311.50,30312.75,30310.50,30310.75,73,30312.50,30313.00,0.50
2026-06-30 10:56:53,30311.75,30313.75,30311.25,30312.75,77,30314.75,30315.25,0.50
2026-06-30 10:56:54,30312.50,30315.50,30312.50,30315.00,90,30314.75,30315.25,0.50
2026-06-30 10:56:55,30314.75,30316.75,30314.00,30315.00,114,30314.00,30314.50,0.50
2026-06-30 10:56:56,30315.50,30315.50,30314.00,30314.75,59,30315.00,30315.50,0.50
2026-06-30 10:56:57,30313.75,30316.25,30313.25,30314.75,76,30316.25,30316.75,0.50
2026-06-30 10:56:58,30315.00,30318.00,30315.00,30316.25,70,30317.00,30317.75,0.75
2026-06-30 10:56:59,30316.00,30319.00,30315.50,30317.50,123,30317.00,30317.75,0.75
2026-06-30 10:57:00,30317.75,30321.00,30316.75,30317.75,147,30318.75,30319.25,0.50
2026-06-30 10:57:01,30317.25,30318.75,30316.75,30318.75,54,30318.25,30318.50,0.25
2026-06-30 10:57:02,30318.25,30318.75,30317.25,30318.00,28,30320.25,30320.75,0.50
2026-06-30 10:57:03,30317.75,30321.00,30317.50,30320.75,66,30324.00,30324.50,0.50
2026-06-30 10:57:04,30320.50,30326.00,30320.50,30324.25,254,30320.50,30321.00,0.50
2026-06-30 10:57:05,30324.50,30326.00,30320.50,30320.75,146,30320.50,30321.00,0.50
2026-06-30 10:57:06,30321.00,30321.25,30319.00,30320.50,110,30321.75,30322.25,0.50
2026-06-30 10:57:07,30320.75,30323.00,30319.25,30321.50,140,30321.75,30322.25,0.50
2026-06-30 10:57:08,30321.75,30324.25,30319.50,30323.25,137,30322.00,30322.75,0.75
2026-06-30 10:57:09,30323.25,30323.25,30321.50,30322.75,46,30323.25,30323.75,0.50
2026-06-30 10:57:10,30322.75,30324.00,30321.75,30324.00,61,30323.25,30323.75,0.50
2026-06-30 10:57:11,30323.50,30324.25,30322.00,30323.75,114,30325.25,30325.75,0.50
2026-06-30 10:57:12,30323.00,30326.50,30323.00,30325.75,72,30325.25,30325.75,0.50
2026-06-30 10:57:13,30325.50,30327.00,30322.00,30322.25,95,30319.50,30320.00,0.50
2026-06-30 10:57:14,30322.50,30322.75,30319.50,30319.50,66,30322.00,30322.50,0.50
2026-06-30 10:57:15,30320.00,30322.50,30319.75,30321.75,56,30319.75,30320.25,0.50
2026-06-30 10:57:16,30322.00,30322.00,30318.50,30320.00,54,30323.25,30324.00,0.75
2026-06-30 10:57:17,30320.00,30325.25,30319.25,30325.25,94,30319.75,30320.50,0.75
2026-06-30 10:57:18,30322.75,30322.75,30318.25,30319.75,70,30317.75,30318.25,0.50
2026-06-30 10:57:19,30319.75,30320.50,30316.75,30318.50,82,30309.75,30310.25,0.50
2026-06-30 10:57:20,30318.25,30318.50,30309.00,30309.25,221,30312.25,30312.75,0.50
2026-06-30 10:57:21,30310.00,30312.75,30309.75,30312.75,111,30314.25,30314.75,0.50
2026-06-30 10:57:22,30312.50,30315.50,30312.00,30314.25,67,30315.25,30315.75,0.50
2026-06-30 10:57:23,30315.00,30316.75,30314.00,30315.50,59,30315.25,30315.75,0.50
2026-06-30 10:57:24,30315.75,30317.50,30314.50,30315.50,57,30314.75,30315.25,0.50
2026-06-30 10:57:25,30315.50,30316.50,30314.75,30315.25,69,30314.75,30315.25,0.50
2026-06-30 10:57:26,30315.25,30316.25,30313.50,30313.50,69,30311.50,30312.00,0.50
2026-06-30 10:57:27,30315.00,30315.00,30311.25,30311.50,67,30313.00,30313.50,0.50
2026-06-30 10:57:28,30311.00,30314.00,30311.00,30313.25,79,30311.25,30311.75,0.50
2026-06-30 10:57:29,30313.00,30313.25,30311.00,30311.25,60,30313.25,30313.75,0.50
2026-06-30 10:57:30,30311.25,30313.75,30309.00,30313.00,83,30311.25,30311.75,0.50
2026-06-30 10:57:31,30313.00,30313.75,30310.50,30311.75,85,30305.50,30306.00,0.50
2026-06-30 10:57:32,30312.00,30312.00,30305.50,30305.75,186,30305.50,30306.00,0.50
2026-06-30 10:57:33,30306.00,30308.25,30303.25,30303.50,134,30299.00,30299.50,0.50
2026-06-30 10:57:34,30303.75,30304.75,30298.75,30299.25,539,30299.00,30299.50,0.50
2026-06-30 10:57:35,30299.25,30301.25,30293.25,30294.75,525,30294.25,30294.75,0.50
2026-06-30 10:57:36,30294.50,30295.25,30292.25,30294.50,325,30293.25,30293.75,0.50
2026-06-30 10:57:37,30294.75,30296.50,30292.75,30293.25,222,30293.25,30293.75,0.50
2026-06-30 10:57:38,30293.75,30296.75,30292.50,30295.75,195,30294.75,30295.50,0.75
2026-06-30 10:57:39,30295.50,30296.50,30294.50,30296.00,115,30295.25,30295.75,0.50
2026-06-30 10:57:40,30295.50,30296.00,30293.75,30295.50,123,30295.25,30295.75,0.50
2026-06-30 10:57:41,30295.75,30298.25,30295.25,30297.50,120,30296.00,30296.75,0.75
2026-06-30 10:57:42,30296.50,30297.75,30294.50,30297.00,110,30296.75,30297.25,0.50
2026-06-30 10:57:43,30297.25,30297.25,30290.75,30290.75,158,30291.50,30292.25,0.75
2026-06-30 10:57:44,30291.75,30296.00,30291.75,30295.00,104,30297.50,30298.00,0.50
2026-06-30 10:57:45,30294.75,30298.50,30294.00,30297.50,230,30295.75,30296.25,0.50
2026-06-30 10:57:46,30297.25,30299.00,30296.00,30296.25,114,30298.25,30298.75,0.50
2026-06-30 10:57:47,30296.25,30299.50,30295.75,30299.00,59,30298.25,30298.75,0.50
2026-06-30 10:57:48,30298.75,30303.50,30298.25,30302.25,219,30301.00,30301.50,0.50
2026-06-30 10:57:49,30302.50,30303.25,30300.25,30301.00,128,30302.25,30302.75,0.50
2026-06-30 10:57:50,30301.50,30302.75,30301.50,30302.75,70,30299.25,30300.00,0.75
2026-06-30 10:57:51,30302.50,30302.50,30299.50,30300.25,84,30299.25,30300.00,0.75
2026-06-30 10:57:52,30299.75,30303.50,30299.25,30302.50,86,30303.00,30303.50,0.50
2026-06-30 10:57:53,30302.75,30305.50,30302.00,30303.50,141,30303.25,30304.00,0.75
2026-06-30 10:57:54,30303.75,30304.25,30302.75,30303.50,69,30302.25,30303.00,0.75
2026-06-30 10:57:55,30304.00,30304.00,30301.50,30303.25,68,30302.50,30303.00,0.50
2026-06-30 10:57:56,30302.75,30303.50,30301.50,30302.50,48,30304.75,30305.50,0.75
2026-06-30 10:57:57,30302.50,30305.00,30302.50,30305.00,56,30305.25,30305.75,0.50
2026-06-30 10:57:58,30305.75,30307.00,30304.75,30305.25,109,30304.50,30305.00,0.50
2026-06-30 10:57:59,30305.75,30305.75,30304.00,30305.00,68,30302.25,30302.75,0.50
2026-06-30 10:58:00,30304.25,30304.50,30302.25,30303.00,34,30299.25,30300.00,0.75
2026-06-30 10:58:01,30302.00,30302.25,30298.50,30300.00,291,30301.50,30302.00,0.50
2026-06-30 10:58:02,30300.25,30302.75,30299.25,30302.00,118,30305.25,30305.75,0.50
2026-06-30 10:58:03,30302.00,30306.75,30302.00,30306.00,134,30305.25,30305.75,0.50
2026-06-30 10:58:04,30305.75,30306.75,30303.75,30305.75,128,30304.25,30304.75,0.50
2026-06-30 10:58:05,30306.00,30306.00,30303.50,30304.50,102,30304.75,30305.25,0.50
2026-06-30 10:58:06,30303.50,30306.75,30303.25,30305.00,65,30304.00,30304.50,0.50
2026-06-30 10:58:07,30305.00,30306.75,30303.25,30304.50,84,30303.00,30303.50,0.50
2026-06-30 10:58:08,30304.75,30307.00,30301.00,30303.00,142,30302.00,30302.75,0.75
2026-06-30 10:58:09,30302.50,30304.50,30300.50,30302.50,78,30302.25,30302.75,0.50
2026-06-30 10:58:10,30302.00,30303.75,30300.50,30302.00,93,30299.50,30300.00,0.50
2026-06-30 10:58:11,30302.25,30303.00,30298.00,30299.50,99,30300.75,30301.50,0.75
2026-06-30 10:58:12,30299.50,30301.25,30298.50,30301.25,80,30307.00,30307.50,0.50
2026-06-30 10:58:13,30301.75,30309.00,30301.75,30307.50,205,30308.25,30308.75,0.50
2026-06-30 10:58:14,30307.50,30310.00,30307.50,30308.25,128,30306.25,30307.00,0.75
2026-06-30 10:58:15,30308.75,30309.00,30306.00,30306.25,59,30305.75,30306.25,0.50
2026-06-30 10:58:16,30306.50,30307.75,30305.75,30306.00,74,30306.50,30307.00,0.50
2026-06-30 10:58:17,30306.00,30309.00,30306.00,30306.75,104,30306.50,30307.00,0.50
2026-06-30 10:58:18,30306.75,30308.25,30306.00,30306.25,55,30307.00,30307.50,0.50
2026-06-30 10:58:19,30306.25,30308.25,30306.00,30307.25,49,30308.50,30308.75,0.25
2026-06-30 10:58:20,30306.25,30309.75,30305.75,30309.25,52,30310.75,30311.25,0.50
2026-06-30 10:58:21,30308.75,30313.50,30308.75,30311.50,186,30310.75,30311.25,0.50
2026-06-30 10:58:22,30311.25,30311.50,30308.00,30308.50,135,30305.75,30306.25,0.50
2026-06-30 10:58:23,30307.25,30307.50,30304.50,30305.75,98,30307.50,30308.25,0.75
2026-06-30 10:58:24,30305.50,30308.25,30305.25,30308.25,40,30309.75,30310.25,0.50
2026-06-30 10:58:25,30308.00,30311.00,30308.00,30309.25,57,30307.75,30308.25,0.50
2026-06-30 10:58:26,30310.25,30311.25,30308.25,30308.50,66,30306.75,30307.25,0.50
2026-06-30 10:58:27,30307.75,30309.75,30306.50,30306.50,66,30307.25,30307.75,0.50
2026-06-30 10:58:28,30306.75,30309.00,30306.75,30307.25,32,30307.25,30307.50,0.25
2026-06-30 10:58:29,30307.25,30307.75,30306.50,30307.50,20,30305.75,30306.50,0.75
2026-06-30 10:58:30,30307.75,30309.00,30305.75,30306.50,44,30303.25,30304.00,0.75
2026-06-30 10:58:31,30305.75,30307.25,30301.75,30303.75,142,30306.75,30307.25,0.50
2026-06-30 10:58:32,30303.25,30307.75,30303.00,30306.75,115,30307.25,30307.50,0.25
2026-06-30 10:58:33,30307.50,30308.00,30307.00,30307.50,22,30308.75,30309.50,0.75
2026-06-30 10:58:34,30307.75,30310.50,30307.25,30309.25,37,30305.75,30306.25,0.50
2026-06-30 10:58:35,30308.75,30309.00,30305.50,30305.75,68,30302.50,30303.00,0.50
2026-06-30 10:58:36,30306.00,30306.00,30301.00,30302.50,81,30302.75,30303.25,0.50
2026-06-30 10:58:37,30303.25,30303.75,30301.50,30302.50,49,30301.25,30301.75,0.50
2026-06-30 10:58:38,30303.25,30303.25,30298.75,30301.25,149,30294.00,30294.50,0.50
2026-06-30 10:58:39,30301.75,30302.00,30293.25,30294.00,319,30294.00,30294.50,0.50
2026-06-30 10:58:40,30294.00,30294.25,30291.50,30292.50,220,30292.50,30293.00,0.50
2026-06-30 10:58:41,30292.25,30294.75,30291.75,30293.00,126,30293.75,30294.50,0.75
2026-06-30 10:58:42,30293.00,30295.00,30292.50,30294.25,128,30295.50,30296.00,0.50
2026-06-30 10:58:43,30294.50,30296.25,30293.75,30295.50,82,30294.50,30295.00,0.50
2026-06-30 10:58:44,30295.25,30295.50,30293.75,30295.50,78,30294.50,30295.00,0.50
2026-06-30 10:58:45,30295.00,30295.00,30286.00,30287.00,466,30287.00,30287.75,0.75
2026-06-30 10:58:46,30287.25,30288.00,30282.25,30286.00,386,30291.25,30291.75,0.50
2026-06-30 10:58:47,30286.25,30291.75,30286.25,30291.75,233,30291.25,30291.75,0.50
2026-06-30 10:58:48,30291.50,30294.50,30290.25,30293.00,211,30293.75,30294.25,0.50
2026-06-30 10:58:49,30293.50,30294.25,30292.50,30293.75,102,30294.50,30295.00,0.50
2026-06-30 10:58:50,30294.25,30295.25,30293.00,30294.25,102,30293.75,30294.25,0.50
2026-06-30 10:58:51,30294.50,30294.50,30292.50,30294.00,88,30295.75,30296.25,0.50
2026-06-30 10:58:52,30294.25,30296.50,30293.75,30295.75,112,30295.50,30296.00,0.50
2026-06-30 10:58:53,30295.75,30297.50,30295.50,30295.75,85,30298.25,30298.50,0.25
2026-06-30 10:58:54,30295.75,30299.50,30294.50,30298.25,193,30302.25,30302.75,0.50
2026-06-30 10:58:55,30298.75,30302.75,30298.00,30302.00,138,30302.25,30302.75,0.50
2026-06-30 10:58:56,30302.50,30303.00,30300.25,30301.50,102,30303.25,30303.75,0.50
2026-06-30 10:58:57,30301.75,30303.75,30301.50,30303.75,118,30304.50,30305.25,0.75
2026-06-30 10:58:58,30303.75,30305.00,30302.75,30305.00,82,30306.75,30307.25,0.50
2026-06-30 10:58:59,30305.25,30307.50,30305.00,30306.50,192,30307.00,30307.50,0.50
2026-06-30 10:59:00,30306.75,30308.00,30305.25,30306.75,100,30306.75,30307.25,0.50
2026-06-30 10:59:01,30307.25,30308.00,30305.25,30307.25,122,30306.75,30307.25,0.50
2026-06-30 10:59:02,30307.25,30308.00,30305.50,30307.25,132,30303.75,30304.25,0.50
2026-06-30 10:59:03,30306.75,30306.75,30303.75,30304.00,127,30304.00,30304.75,0.75
2026-06-30 10:59:04,30303.50,30304.75,30302.50,30304.25,84,30305.25,30305.75,0.50
2026-06-30 10:59:05,30304.50,30306.50,30304.25,30306.00,88,30307.00,30307.50,0.50
2026-06-30 10:59:06,30305.25,30309.00,30305.00,30307.75,89,30306.25,30306.75,0.50
2026-06-30 10:59:07,30307.00,30309.25,30306.25,30306.75,124,30306.25,30306.75,0.50
2026-06-30 10:59:08,30306.50,30313.00,30306.50,30311.25,243,30312.50,30313.00,0.50
2026-06-30 10:59:09,30311.75,30314.75,30311.50,30312.75,234,30312.25,30312.75,0.50
2026-06-30 10:59:10,30312.50,30313.00,30311.00,30312.75,106,30310.25,30311.00,0.75
2026-06-30 10:59:11,30312.75,30312.75,30310.00,30310.75,77,30308.00,30308.50,0.50
2026-06-30 10:59:12,30311.00,30311.50,30306.25,30308.50,96,30307.25,30307.75,0.50
2026-06-30 10:59:13,30308.50,30309.25,30307.25,30307.50,96,30306.25,30306.75,0.50
2026-06-30 10:59:14,30307.00,30307.75,30305.00,30306.75,113,30309.75,30310.00,0.25
2026-06-30 10:59:15,30306.25,30310.75,30306.25,30309.75,89,30311.00,30311.50,0.50
2026-06-30 10:59:16,30309.50,30312.00,30309.50,30311.50,93,30315.25,30316.00,0.75
2026-06-30 10:59:17,30310.75,30317.25,30310.75,30316.00,251,30318.00,30318.50,0.50
2026-06-30 10:59:18,30315.50,30319.00,30314.50,30318.00,199,30319.00,30319.50,0.50
2026-06-30 10:59:19,30318.50,30321.25,30317.50,30319.50,185,30318.75,30319.25,0.50
2026-06-30 10:59:20,30319.00,30320.00,30318.25,30319.25,155,30318.25,30318.75,0.50
2026-06-30 10:59:21,30318.75,30319.25,30317.50,30318.50,72,30315.50,30316.00,0.50
2026-06-30 10:59:22,30317.75,30318.00,30315.25,30315.50,88,30314.50,30315.00,0.50
2026-06-30 10:59:23,30315.75,30316.00,30313.75,30313.75,96,30317.25,30318.00,0.75
2026-06-30 10:59:24,30314.75,30318.75,30314.75,30317.75,79,30316.75,30317.25,0.50
2026-06-30 10:59:25,30318.00,30318.25,30315.25,30316.50,64,30316.00,30316.50,0.50
2026-06-30 10:59:26,30316.75,30317.25,30314.50,30316.50,80,30316.00,30316.50,0.50
2026-06-30 10:59:27,30316.00,30318.00,30314.75,30318.00,64,30316.25,30316.75,0.50
2026-06-30 10:59:28,30317.50,30317.50,30315.75,30317.00,64,30316.25,30316.75,0.50
2026-06-30 10:59:29,30316.50,30318.25,30315.75,30318.25,52,30314.25,30314.75,0.50
2026-06-30 10:59:30,30318.25,30319.75,30313.25,30314.75,116,30313.75,30314.50,0.75
2026-06-30 10:59:31,30314.25,30315.50,30313.50,30314.00,65,30313.75,30314.50,0.75
2026-06-30 10:59:32,30314.00,30316.00,30314.00,30315.00,50,30314.75,30315.25,0.50
2026-06-30 10:59:33,30315.00,30317.25,30314.00,30315.75,66,30313.50,30314.00,0.50
2026-06-30 10:59:34,30315.25,30316.00,30313.00,30313.75,59,30313.50,30314.00,0.50
2026-06-30 10:59:35,30313.50,30315.00,30313.00,30314.00,35,30315.00,30315.50,0.50
2026-06-30 10:59:36,30314.25,30316.25,30313.00,30315.00,70,30314.50,30315.00,0.50
2026-06-30 10:59:37,30314.50,30315.25,30312.50,30314.50,87,30316.00,30316.50,0.50
2026-06-30 10:59:38,30314.75,30317.25,30314.75,30316.00,44,30313.75,30314.25,0.50
2026-06-30 10:59:39,30316.25,30316.25,30314.00,30314.50,46,30313.00,30313.50,0.50
2026-06-30 10:59:40,30314.25,30315.00,30312.75,30312.75,57,30309.00,30309.50,0.50
2026-06-30 10:59:41,30313.00,30313.75,30308.00,30309.25,132,30310.75,30311.25,0.50
2026-06-30 10:59:42,30309.50,30312.25,30307.75,30311.25,121,30309.25,30309.75,0.50
2026-06-30 10:59:43,30310.50,30310.75,30308.75,30309.00,44,30309.25,30309.75,0.50
2026-06-30 10:59:44,30309.50,30310.25,30308.50,30309.75,82,30308.50,30309.25,0.75
2026-06-30 10:59:45,30309.50,30310.50,30305.25,30309.00,155,30308.50,30309.25,0.75
2026-06-30 10:59:46,30309.00,30311.25,30307.25,30310.75,129,30307.25,30307.75,0.50
2026-06-30 10:59:47,30310.50,30310.50,30308.00,30308.25,44,30307.00,30307.50,0.50
2026-06-30 10:59:48,30307.50,30308.75,30306.75,30307.50,79,30307.25,30308.00,0.75
2026-06-30 10:59:49,30307.00,30308.50,30306.00,30307.75,86,30307.25,30308.00,0.75
2026-06-30 10:59:50,30307.75,30308.25,30306.50,30306.75,51,30308.00,30308.75,0.75
2026-06-30 10:59:51,30307.00,30309.50,30307.00,30308.00,63,30307.25,30307.75,0.50
2026-06-30 10:59:52,30308.00,30308.75,30307.25,30307.50,35,30305.50,30306.00,0.50
2026-06-30 10:59:53,30307.50,30308.50,30305.75,30305.75,49,30304.25,30305.00,0.75
2026-06-30 10:59:54,30305.75,30306.25,30303.50,30304.25,154,30306.50,30307.00,0.50
2026-06-30 10:59:55,30304.25,30307.00,30302.75,30307.00,83,30306.00,30306.50,0.50
2026-06-30 10:59:56,30307.00,30307.50,30305.50,30305.75,70,30305.25,30305.75,0.50
2026-06-30 10:59:57,30306.00,30307.00,30305.00,30305.00,45,30305.00,30305.50,0.50
2026-06-30 10:59:58,30304.50,30305.25,30304.00,30305.25,31,30304.50,30305.00,0.50
2026-06-30 10:59:59,30305.00,30306.50,30303.75,30305.00,109,30304.50,30305.25,0.75
2026-06-30 11:00:00,30305.00,30307.00,30303.25,30305.00,81,30311.50,30312.00,0.50
2026-06-30 11:00:01,30305.25,30314.25,30304.50,30312.75,354,30311.50,30312.00,0.50
2026-06-30 11:00:02,30312.50,30312.50,30308.00,30310.75,183,30317.50,30317.75,0.25
2026-06-30 11:00:03,30310.75,30317.75,30310.75,30317.75,168,30317.50,30317.75,0.25
2026-06-30 11:00:04,30318.00,30318.50,30312.75,30315.50,213,30317.00,30317.75,0.75
2026-06-30 11:00:05,30315.50,30319.50,30315.50,30318.25,131,30317.00,30317.75,0.75
2026-06-30 11:00:06,30317.75,30320.25,30316.75,30319.50,138,30318.75,30319.25,0.50
2026-06-30 11:00:07,30319.00,30320.00,30317.75,30319.75,75,30317.75,30318.50,0.75
2026-06-30 11:00:08,30319.00,30320.25,30317.75,30318.25,82,30319.50,30320.00,0.50
2026-06-30 11:00:09,30317.75,30320.75,30317.50,30319.75,123,30321.50,30322.00,0.50
2026-06-30 11:00:10,30320.50,30323.25,30320.25,30322.25,192,30322.00,30322.50,0.50
2026-06-30 11:00:11,30322.00,30323.25,30321.25,30322.50,137,30322.75,30323.25,0.50
2026-06-30 11:00:12,30322.75,30325.00,30322.25,30322.75,181,30322.75,30323.25,0.50
2026-06-30 11:00:13,30323.00,30323.00,30318.25,30320.00,184,30319.50,30320.00,0.50
2026-06-30 11:00:14,30319.75,30321.00,30319.50,30320.25,71,30320.00,30320.50,0.50
2026-06-30 11:00:15,30319.75,30321.75,30319.25,30320.50,104,30321.00,30321.50,0.50
2026-06-30 11:00:16,30319.75,30321.75,30319.50,30321.75,77,30322.50,30323.00,0.50
2026-06-30 11:00:17,30321.75,30324.00,30320.75,30322.50,128,30323.50,30324.00,0.50
2026-06-30 11:00:18,30322.25,30325.50,30322.25,30324.25,142,30321.25,30321.75,0.50
2026-06-30 11:00:19,30323.50,30324.25,30320.25,30321.50,128,30321.25,30321.75,0.50
2026-06-30 11:00:20,30321.50,30321.75,30319.50,30321.00,90,30321.25,30321.75,0.50
2026-06-30 11:00:21,30321.75,30323.75,30320.50,30322.50,87,30327.00,30327.50,0.50
2026-06-30 11:00:22,30322.75,30330.75,30322.75,30327.00,338,30323.00,30323.50,0.50
2026-06-30 11:00:23,30327.50,30327.50,30321.50,30323.50,132,30323.50,30324.00,0.50
2026-06-30 11:00:24,30322.75,30325.50,30322.75,30324.00,82,30324.50,30324.75,0.25
2026-06-30 11:00:25,30323.75,30325.25,30322.25,30324.50,92,30322.75,30323.25,0.50
2026-06-30 11:00:26,30324.75,30325.75,30322.25,30322.75,110,30322.75,30323.25,0.50
2026-06-30 11:00:27,30323.00,30323.00,30319.00,30321.50,117,30321.50,30322.00,0.50
2026-06-30 11:00:28,30321.50,30324.75,30321.25,30321.75,74,30321.25,30321.75,0.50
2026-06-30 11:00:29,30322.75,30323.25,30321.00,30321.75,95,30319.50,30320.00,0.50
2026-06-30 11:00:30,30321.50,30322.25,30318.50,30320.50,147,30312.25,30312.75,0.50
2026-06-30 11:00:31,30320.00,30320.00,30312.25,30312.75,361,30310.75,30311.25,0.50
2026-06-30 11:00:32,30312.50,30313.25,30310.00,30311.50,247,30310.25,30310.75,0.50
2026-06-30 11:00:33,30311.00,30312.50,30309.50,30310.75,147,30308.50,30309.00,0.50
2026-06-30 11:00:34,30310.25,30310.50,30298.25,30308.75,598,30310.50,30311.00,0.50
2026-06-30 11:00:35,30309.00,30311.75,30308.00,30310.50,151,30311.75,30312.25,0.50
2026-06-30 11:00:36,30310.50,30313.50,30309.50,30312.00,103,30313.75,30314.50,0.75
2026-06-30 11:00:37,30312.25,30314.50,30312.25,30314.00,73,30313.50,30314.00,0.50
2026-06-30 11:00:38,30313.75,30315.75,30313.00,30313.50,77,30312.75,30313.25,0.50
2026-06-30 11:00:39,30313.75,30315.00,30312.75,30313.00,64,30313.50,30314.00,0.50
2026-06-30 11:00:40,30313.25,30317.00,30313.00,30314.25,107,30315.50,30316.00,0.50
2026-06-30 11:00:41,30314.25,30316.00,30312.50,30315.75,128,30316.00,30316.50,0.50
2026-06-30 11:00:42,30315.50,30318.25,30315.50,30316.50,61,30321.00,30321.50,0.50
2026-06-30 11:00:43,30316.25,30321.25,30316.00,30320.25,118,30321.00,30321.50,0.50
2026-06-30 11:00:44,30320.75,30327.50,30320.75,30326.50,191,30328.00,30328.25,0.25
2026-06-30 11:00:45,30326.50,30328.75,30326.25,30328.00,141,30330.75,30331.25,0.50
2026-06-30 11:00:46,30328.50,30331.75,30328.00,30330.50,239,30329.25,30329.75,0.50
2026-06-30 11:00:47,30330.75,30331.50,30329.00,30329.75,144,30329.25,30329.75,0.50
2026-06-30 11:00:48,30329.25,30332.50,30328.75,30329.25,206,30326.00,30326.25,0.25
2026-06-30 11:00:49,30329.75,30330.00,30325.50,30326.50,121,30328.00,30328.25,0.25
2026-06-30 11:00:50,30325.50,30328.00,30325.50,30328.00,100,30329.75,30330.50,0.75
2026-06-30 11:00:51,30327.75,30331.50,30327.75,30330.50,98,30327.75,30328.25,0.50
2026-06-30 11:00:52,30329.25,30329.50,30327.75,30328.00,105,30329.25,30330.00,0.75
2026-06-30 11:00:53,30328.50,30333.75,30327.50,30330.00,340,30331.25,30332.00,0.75
2026-06-30 11:00:54,30330.00,30333.25,30329.50,30332.00,117,30333.25,30333.75,0.50
2026-06-30 11:00:55,30331.00,30334.50,30330.25,30333.00,176,30336.25,30336.75,0.50
2026-06-30 11:00:56,30333.75,30337.75,30332.50,30336.75,238,30336.25,30336.75,0.50
2026-06-30 11:00:57,30336.75,30337.25,30331.25,30331.25,243,30333.75,30334.25,0.50
2026-06-30 11:00:58,30331.25,30334.25,30329.75,30334.25,185,30332.75,30333.25,0.50
2026-06-30 11:00:59,30333.50,30334.50,30332.25,30333.50,75,30334.00,30334.50,0.50
