time,open,high,low,close,volume,bid,ask,spread
2026-07-01 09:20:00,30282.75,30284.25,30282.00,30283.75,59,30283.75,30283.75,0.00
2026-07-01 09:20:01,30284.00,30286.00,30283.75,30285.75,39,30285.75,30285.75,0.00
2026-07-01 09:20:02,30286.00,30286.75,30285.50,30286.50,39,30286.50,30286.50,0.00
2026-07-01 09:20:03,30286.50,30287.25,30282.50,30284.25,112,30284.25,30284.25,0.00
2026-07-01 09:20:04,30284.25,30286.00,30283.00,30284.00,87,30284.00,30284.00,0.00
2026-07-01 09:20:05,30283.50,30285.50,30283.00,30285.50,38,30285.50,30285.50,0.00
2026-07-01 09:20:06,30285.25,30288.50,30285.25,30288.25,57,30288.25,30288.25,0.00
2026-07-01 09:20:07,30288.50,30289.00,30286.25,30286.25,73,30286.25,30286.25,0.00
2026-07-01 09:20:08,30286.75,30287.00,30285.00,30285.25,35,30285.25,30285.25,0.00
2026-07-01 09:20:09,30285.25,30288.50,30284.75,30285.75,100,30285.75,30285.75,0.00
2026-07-01 09:20:10,30286.25,30288.00,30286.25,30287.75,23,30287.75,30287.75,0.00
2026-07-01 09:20:11,30287.25,30287.25,30284.50,30285.50,50,30285.50,30285.50,0.00
2026-07-01 09:20:12,30285.75,30285.75,30283.75,30285.00,27,30285.00,30285.00,0.00
2026-07-01 09:20:13,30285.00,30285.00,30280.00,30282.00,55,30282.00,30282.00,0.00
2026-07-01 09:20:14,30282.25,30287.00,30282.00,30286.25,63,30286.25,30286.25,0.00
2026-07-01 09:20:15,30286.50,30286.50,30284.50,30284.50,27,30284.50,30284.50,0.00
2026-07-01 09:20:16,30284.50,30287.00,30284.50,30286.50,26,30286.50,30286.50,0.00
2026-07-01 09:20:17,30286.25,30288.25,30286.25,30286.75,49,30286.75,30286.75,0.00
2026-07-01 09:20:18,30286.25,30287.75,30286.25,30287.50,45,30287.50,30287.50,0.00
2026-07-01 09:20:19,30287.75,30288.75,30286.25,30288.75,52,30288.75,30288.75,0.00
2026-07-01 09:20:20,30288.25,30290.75,30287.00,30289.25,75,30289.25,30289.25,0.00
2026-07-01 09:20:21,30289.50,30289.50,30286.50,30287.00,60,30287.00,30287.00,0.00
2026-07-01 09:20:22,30287.50,30288.50,30286.75,30288.25,15,30288.25,30288.25,0.00
2026-07-01 09:20:23,30288.50,30290.00,30287.50,30287.50,43,30287.50,30287.50,0.00
2026-07-01 09:20:24,30288.00,30290.25,30288.00,30290.25,26,30290.25,30290.25,0.00
2026-07-01 09:20:25,30289.25,30289.50,30287.75,30288.50,55,30288.50,30288.50,0.00
2026-07-01 09:20:26,30288.50,30292.25,30288.00,30290.25,55,30290.25,30290.25,0.00
2026-07-01 09:20:27,30289.75,30290.00,30287.75,30288.50,31,30288.50,30288.50,0.00
2026-07-01 09:20:28,30288.00,30289.50,30288.00,30288.75,19,30288.75,30288.75,0.00
2026-07-01 09:20:29,30289.00,30289.50,30289.00,30289.25,22,30289.25,30289.25,0.00
2026-07-01 09:20:30,30289.00,30289.00,30287.50,30288.00,19,30288.00,30288.00,0.00
2026-07-01 09:20:31,30288.00,30290.00,30288.00,30288.00,40,30288.00,30288.00,0.00
2026-07-01 09:20:32,30288.25,30288.50,30286.50,30286.50,48,30286.50,30286.50,0.00
2026-07-01 09:20:33,30287.00,30287.50,30286.00,30287.25,42,30287.25,30287.25,0.00
2026-07-01 09:20:34,30287.00,30287.25,30285.75,30286.75,28,30286.75,30286.75,0.00
2026-07-01 09:20:35,30286.25,30287.50,30284.50,30286.75,46,30286.75,30286.75,0.00
2026-07-01 09:20:36,30287.00,30287.75,30286.75,30287.75,17,30287.75,30287.75,0.00
2026-07-01 09:20:37,30287.75,30287.75,30286.00,30286.00,10,30286.00,30286.00,0.00
2026-07-01 09:20:38,30286.75,30287.00,30285.75,30286.50,32,30286.50,30286.50,0.00
2026-07-01 09:20:39,30286.75,30287.75,30284.75,30285.25,42,30285.25,30285.25,0.00
2026-07-01 09:20:40,30285.75,30286.50,30285.75,30286.00,19,30286.00,30286.00,0.00
2026-07-01 09:20:41,30286.75,30288.50,30286.75,30286.75,35,30286.75,30286.75,0.00
2026-07-01 09:20:42,30286.25,30290.00,30286.25,30289.25,29,30289.25,30289.25,0.00
2026-07-01 09:20:43,30289.25,30289.25,30287.50,30288.00,19,30288.00,30288.00,0.00
2026-07-01 09:20:44,30288.00,30288.00,30285.75,30286.50,16,30286.50,30286.50,0.00
2026-07-01 09:20:45,30286.00,30286.50,30285.00,30285.25,38,30285.25,30285.25,0.00
2026-07-01 09:20:46,30285.00,30285.75,30284.75,30285.75,23,30285.75,30285.75,0.00
2026-07-01 09:20:47,30284.50,30284.75,30283.50,30283.75,21,30283.75,30283.75,0.00
2026-07-01 09:20:48,30283.75,30284.75,30282.75,30284.00,40,30284.00,30284.00,0.00
2026-07-01 09:20:49,30284.25,30287.75,30284.25,30287.00,51,30287.00,30287.00,0.00
2026-07-01 09:20:50,30287.00,30287.25,30284.75,30286.25,22,30286.25,30286.25,0.00
2026-07-01 09:20:51,30286.25,30288.75,30286.25,30288.25,117,30288.25,30288.25,0.00
2026-07-01 09:20:52,30288.50,30292.25,30287.50,30291.00,72,30291.00,30291.00,0.00
2026-07-01 09:20:53,30291.00,30291.50,30289.75,30290.50,22,30290.50,30290.50,0.00
2026-07-01 09:20:54,30290.50,30292.25,30289.75,30291.25,48,30291.25,30291.25,0.00
2026-07-01 09:20:55,30290.75,30291.25,30290.00,30291.25,16,30291.25,30291.25,0.00
2026-07-01 09:20:56,30291.00,30293.00,30290.50,30292.75,54,30292.75,30292.75,0.00
2026-07-01 09:20:57,30292.75,30293.25,30292.00,30292.00,30,30292.00,30292.00,0.00
2026-07-01 09:20:58,30291.75,30292.50,30291.00,30292.25,42,30292.25,30292.25,0.00
2026-07-01 09:20:59,30291.50,30292.25,30291.25,30291.25,17,30291.25,30291.25,0.00
2026-07-01 09:21:00,30291.00,30291.75,30290.50,30291.25,28,30291.25,30291.25,0.00
2026-07-01 09:21:01,30291.75,30292.25,30290.50,30291.50,45,30291.50,30291.50,0.00
2026-07-01 09:21:02,30290.75,30291.75,30290.75,30291.50,12,30291.50,30291.50,0.00
2026-07-01 09:21:03,30290.75,30290.75,30288.75,30290.00,45,30290.00,30290.00,0.00
2026-07-01 09:21:04,30290.00,30292.75,30289.75,30292.75,42,30292.75,30292.75,0.00
2026-07-01 09:21:05,30292.50,30292.50,30290.75,30291.50,48,30291.50,30291.50,0.00
2026-07-01 09:21:06,30291.50,30291.50,30290.25,30290.50,31,30290.50,30290.50,0.00
2026-07-01 09:21:07,30290.75,30290.75,30289.00,30289.00,29,30289.00,30289.00,0.00
2026-07-01 09:21:08,30289.00,30290.50,30287.25,30287.50,70,30287.50,30287.50,0.00
2026-07-01 09:21:09,30287.00,30287.00,30285.75,30286.25,16,30286.25,30286.25,0.00
2026-07-01 09:21:10,30286.75,30287.00,30285.75,30287.00,23,30287.00,30287.00,0.00
2026-07-01 09:21:11,30287.00,30287.75,30285.25,30286.50,27,30286.50,30286.50,0.00
2026-07-01 09:21:12,30286.50,30286.75,30282.25,30282.25,54,30282.25,30282.25,0.00
2026-07-01 09:21:13,30283.00,30283.75,30281.25,30282.75,72,30282.75,30282.75,0.00
2026-07-01 09:21:14,30283.00,30283.00,30281.25,30281.75,37,30281.75,30281.75,0.00
2026-07-01 09:21:15,30281.75,30282.50,30280.75,30281.25,90,30281.25,30281.25,0.00
2026-07-01 09:21:16,30281.25,30282.00,30279.75,30282.00,64,30282.00,30282.00,0.00
2026-07-01 09:21:17,30281.25,30282.25,30280.25,30282.25,66,30282.25,30282.25,0.00
2026-07-01 09:21:18,30281.50,30282.50,30280.00,30280.00,30,30280.00,30280.00,0.00
2026-07-01 09:21:19,30280.50,30281.50,30279.00,30279.25,57,30279.25,30279.25,0.00
2026-07-01 09:21:20,30279.25,30281.50,30279.00,30281.50,32,30281.50,30281.50,0.00
2026-07-01 09:21:21,30281.25,30282.25,30280.75,30281.25,42,30281.25,30281.25,0.00
2026-07-01 09:21:22,30280.75,30282.50,30280.75,30282.50,59,30282.50,30282.50,0.00
2026-07-01 09:21:23,30282.50,30282.50,30282.00,30282.25,8,30282.25,30282.25,0.00
2026-07-01 09:21:24,30281.75,30284.00,30281.50,30284.00,31,30284.00,30284.00,0.00
2026-07-01 09:21:25,30283.75,30285.75,30283.75,30285.50,40,30285.50,30285.50,0.00
2026-07-01 09:21:26,30285.50,30287.50,30285.00,30287.00,61,30287.00,30287.00,0.00
2026-07-01 09:21:27,30287.50,30287.50,30286.25,30287.00,21,30287.00,30287.00,0.00
2026-07-01 09:21:28,30287.25,30287.25,30284.25,30284.25,44,30284.25,30284.25,0.00
2026-07-01 09:21:29,30285.00,30285.25,30284.50,30285.00,17,30285.00,30285.00,0.00
2026-07-01 09:21:30,30285.00,30285.50,30284.75,30285.50,25,30285.50,30285.50,0.00
2026-07-01 09:21:31,30285.25,30285.25,30284.25,30284.25,11,30284.25,30284.25,0.00
2026-07-01 09:21:32,30284.50,30285.25,30283.50,30285.25,25,30285.25,30285.25,0.00
2026-07-01 09:21:33,30285.50,30286.50,30285.00,30285.25,22,30285.25,30285.25,0.00
2026-07-01 09:21:34,30284.75,30286.25,30284.75,30286.25,26,30286.25,30286.25,0.00
2026-07-01 09:21:35,30285.25,30285.25,30283.50,30283.75,14,30283.75,30283.75,0.00
2026-07-01 09:21:36,30284.00,30284.00,30283.25,30283.25,3,30283.25,30283.25,0.00
2026-07-01 09:21:37,30283.25,30286.25,30283.25,30286.25,22,30286.25,30286.25,0.00
2026-07-01 09:21:38,30286.00,30286.25,30284.75,30286.25,63,30286.25,30286.25,0.00
2026-07-01 09:21:39,30286.25,30288.00,30286.25,30287.50,23,30287.50,30287.50,0.00
2026-07-01 09:21:40,30286.75,30287.00,30285.75,30286.75,22,30286.75,30286.75,0.00
2026-07-01 09:21:41,30286.50,30286.50,30283.50,30285.00,50,30285.00,30285.00,0.00
2026-07-01 09:21:42,30284.25,30287.50,30284.00,30287.25,29,30287.25,30287.25,0.00
2026-07-01 09:21:43,30287.00,30288.25,30286.00,30287.00,71,30287.00,30287.00,0.00
2026-07-01 09:21:44,30287.50,30288.25,30287.00,30287.50,22,30287.50,30287.50,0.00
2026-07-01 09:21:45,30287.50,30290.50,30287.50,30290.25,70,30290.25,30290.25,0.00
2026-07-01 09:21:46,30290.00,30290.00,30288.50,30288.50,30,30288.50,30288.50,0.00
2026-07-01 09:21:47,30288.50,30289.50,30287.25,30288.00,53,30288.00,30288.00,0.00
2026-07-01 09:21:48,30287.25,30287.25,30286.25,30286.75,21,30286.75,30286.75,0.00
2026-07-01 09:21:49,30286.50,30291.50,30286.50,30291.50,61,30291.50,30291.50,0.00
2026-07-01 09:21:50,30291.25,30294.50,30291.25,30294.00,113,30294.00,30294.00,0.00
2026-07-01 09:21:51,30293.00,30294.00,30292.25,30293.25,51,30293.25,30293.25,0.00
2026-07-01 09:21:52,30294.00,30294.25,30292.00,30293.25,29,30293.25,30293.25,0.00
2026-07-01 09:21:53,30292.75,30293.50,30292.00,30292.50,32,30292.50,30292.50,0.00
2026-07-01 09:21:54,30292.50,30293.50,30291.50,30291.75,38,30291.75,30291.75,0.00
2026-07-01 09:21:55,30291.75,30292.00,30291.25,30291.50,9,30291.50,30291.50,0.00
2026-07-01 09:21:56,30291.25,30291.50,30289.25,30289.50,36,30289.50,30289.50,0.00
2026-07-01 09:21:57,30290.00,30291.00,30289.75,30290.50,25,30290.50,30290.50,0.00
2026-07-01 09:21:58,30290.50,30290.50,30289.25,30290.00,15,30290.00,30290.00,0.00
2026-07-01 09:21:59,30289.75,30291.00,30289.75,30291.00,3,30291.00,30291.00,0.00
2026-07-01 09:22:00,30290.50,30290.50,30289.50,30290.00,6,30290.00,30290.00,0.00
2026-07-01 09:22:01,30289.75,30290.25,30288.50,30288.50,29,30288.50,30288.50,0.00
2026-07-01 09:22:02,30289.00,30290.75,30289.00,30289.75,42,30289.75,30289.75,0.00
2026-07-01 09:22:03,30289.75,30290.50,30287.75,30290.50,28,30290.50,30290.50,0.00
2026-07-01 09:22:04,30290.00,30291.00,30289.75,30290.75,14,30290.75,30290.75,0.00
2026-07-01 09:22:05,30290.50,30291.00,30285.75,30286.25,84,30286.25,30286.25,0.00
2026-07-01 09:22:06,30286.25,30286.50,30284.50,30284.75,59,30284.75,30284.75,0.00
2026-07-01 09:22:07,30284.75,30287.00,30284.00,30284.00,58,30284.00,30284.00,0.00
2026-07-01 09:22:08,30284.00,30284.00,30282.25,30284.00,72,30284.00,30284.00,0.00
2026-07-01 09:22:09,30283.75,30284.25,30282.75,30282.75,21,30282.75,30282.75,0.00
2026-07-01 09:22:10,30282.75,30282.75,30281.75,30282.25,9,30282.25,30282.25,0.00
2026-07-01 09:22:11,30281.75,30282.75,30281.75,30282.75,21,30282.75,30282.75,0.00
2026-07-01 09:22:12,30282.50,30282.75,30278.50,30279.00,84,30279.00,30279.00,0.00
2026-07-01 09:22:13,30279.00,30279.50,30277.50,30278.75,98,30278.75,30278.75,0.00
2026-07-01 09:22:14,30278.25,30278.25,30277.00,30277.75,59,30277.75,30277.75,0.00
2026-07-01 09:22:15,30277.75,30279.25,30277.25,30278.25,64,30278.25,30278.25,0.00
2026-07-01 09:22:16,30278.75,30279.00,30277.00,30277.00,39,30277.00,30277.00,0.00
2026-07-01 09:22:17,30276.75,30278.50,30274.75,30278.00,173,30278.00,30278.00,0.00
2026-07-01 09:22:18,30278.25,30279.50,30277.25,30279.50,36,30279.50,30279.50,0.00
2026-07-01 09:22:19,30280.00,30281.25,30280.00,30280.75,32,30280.75,30280.75,0.00
2026-07-01 09:22:20,30280.75,30284.25,30280.75,30284.00,45,30284.00,30284.00,0.00
2026-07-01 09:22:21,30284.25,30284.50,30283.50,30284.25,23,30284.25,30284.25,0.00
2026-07-01 09:22:22,30284.75,30284.75,30283.75,30284.00,47,30284.00,30284.00,0.00
2026-07-01 09:22:23,30284.00,30286.75,30283.75,30286.75,85,30286.75,30286.75,0.00
2026-07-01 09:22:24,30286.00,30286.25,30281.75,30282.25,80,30282.25,30282.25,0.00
2026-07-01 09:22:25,30282.25,30282.50,30280.25,30282.00,73,30282.00,30282.00,0.00
2026-07-01 09:22:26,30282.00,30282.50,30281.00,30282.25,21,30282.25,30282.25,0.00
2026-07-01 09:22:27,30282.25,30282.75,30281.50,30281.50,18,30281.50,30281.50,0.00
2026-07-01 09:22:28,30281.25,30281.75,30280.75,30281.75,4,30281.75,30281.75,0.00
2026-07-01 09:22:29,30282.25,30283.25,30282.00,30283.25,9,30283.25,30283.25,0.00
2026-07-01 09:22:30,30283.00,30283.00,30282.50,30282.50,5,30282.50,30282.50,0.00
2026-07-01 09:22:31,30282.50,30283.00,30282.00,30282.25,19,30282.25,30282.25,0.00
2026-07-01 09:22:32,30282.00,30284.50,30282.00,30284.25,25,30284.25,30284.25,0.00
2026-07-01 09:22:33,30283.00,30284.00,30282.50,30283.00,31,30283.00,30283.00,0.00
2026-07-01 09:22:34,30282.75,30283.00,30282.75,30283.00,15,30283.00,30283.00,0.00
2026-07-01 09:22:35,30282.50,30287.25,30282.50,30284.75,76,30284.75,30284.75,0.00
2026-07-01 09:22:36,30284.25,30284.25,30282.50,30282.50,24,30282.50,30282.50,0.00
2026-07-01 09:22:37,30283.00,30283.00,30282.50,30282.75,3,30282.75,30282.75,0.00
2026-07-01 09:22:38,30281.50,30282.75,30281.00,30282.75,41,30282.75,30282.75,0.00
2026-07-01 09:22:39,30283.50,30284.00,30282.75,30283.75,12,30283.75,30283.75,0.00
2026-07-01 09:22:40,30283.75,30285.50,30283.00,30285.50,42,30285.50,30285.50,0.00
2026-07-01 09:22:41,30285.25,30285.75,30284.50,30285.00,19,30285.00,30285.00,0.00
2026-07-01 09:22:42,30285.50,30285.50,30283.50,30285.00,26,30285.00,30285.00,0.00
2026-07-01 09:22:43,30285.00,30286.50,30285.00,30285.75,19,30285.75,30285.75,0.00
2026-07-01 09:22:44,30284.75,30284.75,30284.00,30284.50,11,30284.50,30284.50,0.00
2026-07-01 09:22:45,30284.75,30286.25,30284.75,30286.25,23,30286.25,30286.25,0.00
2026-07-01 09:22:46,30285.75,30286.50,30284.50,30286.00,30,30286.00,30286.00,0.00
2026-07-01 09:22:47,30285.25,30288.25,30285.00,30287.25,85,30287.25,30287.25,0.00
2026-07-01 09:22:48,30286.00,30286.50,30284.25,30284.50,36,30284.50,30284.50,0.00
2026-07-01 09:22:49,30285.00,30287.25,30284.75,30286.75,19,30286.75,30286.75,0.00
2026-07-01 09:22:50,30287.00,30287.00,30285.75,30286.00,19,30286.00,30286.00,0.00
2026-07-01 09:22:51,30286.25,30287.50,30286.25,30287.50,22,30287.50,30287.50,0.00
2026-07-01 09:22:52,30287.75,30288.25,30286.25,30286.75,30,30286.75,30286.75,0.00
2026-07-01 09:22:53,30286.50,30286.75,30283.75,30283.75,22,30283.75,30283.75,0.00
2026-07-01 09:22:54,30284.25,30285.75,30284.25,30284.75,8,30284.75,30284.75,0.00
2026-07-01 09:22:55,30285.50,30285.50,30283.50,30283.75,32,30283.75,30283.75,0.00
2026-07-01 09:22:56,30283.50,30287.25,30283.50,30286.00,55,30286.00,30286.00,0.00
2026-07-01 09:22:57,30286.00,30287.50,30285.25,30287.50,34,30287.50,30287.50,0.00
2026-07-01 09:22:58,30287.00,30288.00,30287.00,30287.75,13,30287.75,30287.75,0.00
2026-07-01 09:22:59,30287.75,30288.00,30287.25,30287.25,23,30287.25,30287.25,0.00
2026-07-01 09:23:00,30287.50,30290.25,30287.50,30290.25,53,30290.25,30290.25,0.00
2026-07-01 09:23:01,30290.00,30290.00,30288.50,30289.75,41,30289.75,30289.75,0.00
2026-07-01 09:23:02,30289.50,30292.75,30289.00,30292.50,66,30292.50,30292.50,0.00
2026-07-01 09:23:03,30293.25,30293.25,30291.00,30291.50,32,30291.50,30291.50,0.00
2026-07-01 09:23:04,30291.75,30294.25,30291.50,30293.50,102,30293.50,30293.50,0.00
2026-07-01 09:23:05,30292.75,30293.50,30291.50,30292.25,49,30292.25,30292.25,0.00
2026-07-01 09:23:06,30292.25,30293.00,30291.75,30293.00,34,30293.00,30293.00,0.00
2026-07-01 09:23:07,30293.50,30296.00,30293.50,30295.50,101,30295.50,30295.50,0.00
2026-07-01 09:23:08,30296.00,30296.00,30293.25,30294.00,38,30294.00,30294.00,0.00
2026-07-01 09:23:09,30293.50,30296.25,30293.00,30295.75,54,30295.75,30295.75,0.00
2026-07-01 09:23:10,30295.25,30297.00,30295.25,30295.75,52,30295.75,30295.75,0.00
2026-07-01 09:23:11,30295.75,30296.75,30293.75,30294.50,40,30294.50,30294.50,0.00
2026-07-01 09:23:12,30293.75,30295.25,30292.50,30294.50,29,30294.50,30294.50,0.00
2026-07-01 09:23:13,30295.00,30295.00,30294.25,30294.75,13,30294.75,30294.75,0.00
2026-07-01 09:23:14,30294.50,30295.50,30294.50,30295.25,18,30295.25,30295.25,0.00
2026-07-01 09:23:15,30295.25,30297.50,30295.25,30296.50,103,30296.50,30296.50,0.00
2026-07-01 09:23:16,30296.50,30297.25,30295.00,30295.00,47,30295.00,30295.00,0.00
2026-07-01 09:23:17,30295.50,30296.25,30292.50,30292.50,44,30292.50,30292.50,0.00
2026-07-01 09:23:18,30292.25,30293.00,30291.25,30291.50,23,30291.50,30291.50,0.00
2026-07-01 09:23:19,30291.25,30292.00,30291.25,30291.50,26,30291.50,30291.50,0.00
2026-07-01 09:23:20,30291.75,30293.00,30291.75,30293.00,31,30293.00,30293.00,0.00
2026-07-01 09:23:21,30292.75,30293.25,30292.50,30293.00,24,30293.00,30293.00,0.00
2026-07-01 09:23:22,30292.75,30292.75,30288.75,30290.00,62,30290.00,30290.00,0.00
2026-07-01 09:23:23,30289.75,30290.50,30289.25,30290.50,11,30290.50,30290.50,0.00
2026-07-01 09:23:24,30291.25,30291.50,30289.25,30289.75,56,30289.75,30289.75,0.00
2026-07-01 09:23:25,30289.25,30290.00,30288.75,30290.00,22,30290.00,30290.00,0.00
2026-07-01 09:23:26,30289.75,30290.25,30289.75,30289.75,12,30289.75,30289.75,0.00
2026-07-01 09:23:27,30290.25,30291.00,30289.75,30289.75,12,30289.75,30289.75,0.00
2026-07-01 09:23:28,30289.50,30290.50,30289.50,30290.25,13,30290.25,30290.25,0.00
2026-07-01 09:23:29,30289.25,30289.25,30285.00,30285.00,53,30285.00,30285.00,0.00
2026-07-01 09:23:30,30285.50,30287.25,30285.25,30286.25,31,30286.25,30286.25,0.00
2026-07-01 09:23:31,30286.00,30286.75,30285.75,30286.25,18,30286.25,30286.25,0.00
2026-07-01 09:23:32,30286.00,30286.00,30285.50,30285.75,13,30285.75,30285.75,0.00
2026-07-01 09:23:33,30285.50,30285.75,30284.00,30284.50,60,30284.50,30284.50,0.00
2026-07-01 09:23:34,30284.75,30285.25,30284.25,30284.50,17,30284.50,30284.50,0.00
2026-07-01 09:23:35,30284.75,30284.75,30280.50,30282.50,56,30282.50,30282.50,0.00
2026-07-01 09:23:36,30281.75,30282.25,30280.75,30281.25,23,30281.25,30281.25,0.00
2026-07-01 09:23:37,30280.25,30282.75,30280.25,30282.75,33,30282.75,30282.75,0.00
2026-07-01 09:23:38,30283.00,30284.75,30281.25,30284.25,36,30284.25,30284.25,0.00
2026-07-01 09:23:39,30283.50,30283.75,30283.00,30283.25,16,30283.25,30283.25,0.00
2026-07-01 09:23:40,30283.75,30284.25,30282.50,30283.25,43,30283.25,30283.25,0.00
2026-07-01 09:23:41,30282.75,30282.75,30281.75,30282.25,24,30282.25,30282.25,0.00
2026-07-01 09:23:42,30282.50,30283.00,30282.00,30282.00,18,30282.00,30282.00,0.00
2026-07-01 09:23:43,30282.50,30283.00,30282.25,30283.00,18,30283.00,30283.00,0.00
2026-07-01 09:23:44,30282.75,30283.00,30281.50,30281.50,21,30281.50,30281.50,0.00
2026-07-01 09:23:45,30282.25,30283.25,30282.25,30283.25,8,30283.25,30283.25,0.00
2026-07-01 09:23:46,30283.00,30283.75,30282.50,30283.00,35,30283.00,30283.00,0.00
2026-07-01 09:23:47,30283.25,30285.50,30282.50,30285.00,29,30285.00,30285.00,0.00
2026-07-01 09:23:48,30284.75,30284.75,30283.75,30284.25,14,30284.25,30284.25,0.00
2026-07-01 09:23:49,30284.50,30285.25,30283.50,30285.25,17,30285.25,30285.25,0.00
2026-07-01 09:23:50,30285.50,30288.00,30284.75,30288.00,113,30288.00,30288.00,0.00
2026-07-01 09:23:51,30287.75,30289.00,30287.50,30289.00,18,30289.00,30289.00,0.00
2026-07-01 09:23:52,30289.00,30289.25,30288.00,30288.50,33,30288.50,30288.50,0.00
2026-07-01 09:23:53,30288.50,30288.50,30288.00,30288.50,7,30288.50,30288.50,0.00
2026-07-01 09:23:54,30288.00,30288.00,30285.25,30286.25,69,30286.25,30286.25,0.00
2026-07-01 09:23:55,30286.50,30286.50,30285.75,30286.00,3,30286.00,30286.00,0.00
2026-07-01 09:23:56,30285.75,30286.50,30285.75,30286.50,4,30286.50,30286.50,0.00
2026-07-01 09:23:57,30285.75,30286.25,30284.25,30286.00,57,30286.00,30286.00,0.00
2026-07-01 09:23:58,30286.00,30286.00,30285.00,30285.50,10,30285.50,30285.50,0.00
2026-07-01 09:23:59,30285.50,30285.50,30284.50,30284.75,14,30284.75,30284.75,0.00
2026-07-01 09:24:00,30284.25,30284.25,30282.25,30283.00,27,30283.00,30283.00,0.00
2026-07-01 09:24:01,30283.50,30283.75,30281.50,30283.00,32,30283.00,30283.00,0.00
2026-07-01 09:24:02,30283.50,30283.75,30282.50,30282.75,10,30282.75,30282.75,0.00
2026-07-01 09:24:03,30283.00,30283.25,30282.25,30282.25,11,30282.25,30282.25,0.00
2026-07-01 09:24:04,30282.50,30283.00,30282.00,30282.00,24,30282.00,30282.00,0.00
2026-07-01 09:24:05,30282.00,30282.75,30281.75,30282.75,12,30282.75,30282.75,0.00
2026-07-01 09:24:06,30282.25,30282.50,30280.75,30280.75,33,30280.75,30280.75,0.00
2026-07-01 09:24:07,30280.75,30282.25,30280.25,30280.75,73,30280.75,30280.75,0.00
2026-07-01 09:24:08,30281.00,30282.50,30281.00,30281.50,19,30281.50,30281.50,0.00
2026-07-01 09:24:09,30281.00,30281.50,30280.25,30280.50,42,30280.50,30280.50,0.00
2026-07-01 09:24:10,30280.25,30280.50,30279.00,30280.50,68,30280.50,30280.50,0.00
2026-07-01 09:24:11,30280.75,30282.25,30280.25,30280.75,69,30280.75,30280.75,0.00
2026-07-01 09:24:12,30281.25,30282.25,30281.25,30282.25,26,30282.25,30282.25,0.00
2026-07-01 09:24:13,30282.75,30282.75,30281.50,30281.75,22,30281.75,30281.75,0.00
2026-07-01 09:24:14,30282.00,30282.75,30282.00,30282.25,16,30282.25,30282.25,0.00
2026-07-01 09:24:15,30282.50,30283.75,30280.75,30283.50,66,30283.50,30283.50,0.00
2026-07-01 09:24:16,30283.00,30283.50,30282.25,30282.25,15,30282.25,30282.25,0.00
2026-07-01 09:24:17,30283.25,30284.75,30283.25,30283.75,31,30283.75,30283.75,0.00
2026-07-01 09:24:18,30284.75,30286.25,30284.50,30285.50,42,30285.50,30285.50,0.00
2026-07-01 09:24:19,30285.00,30287.00,30285.00,30287.00,10,30287.00,30287.00,0.00
2026-07-01 09:24:20,30286.75,30286.75,30286.00,30286.25,11,30286.25,30286.25,0.00
2026-07-01 09:24:21,30286.00,30286.25,30285.75,30286.25,8,30286.25,30286.25,0.00
2026-07-01 09:24:22,30286.25,30286.50,30285.75,30286.00,11,30286.00,30286.00,0.00
2026-07-01 09:24:23,30284.50,30287.25,30284.50,30286.75,60,30286.75,30286.75,0.00
2026-07-01 09:24:24,30286.75,30287.00,30286.50,30286.50,7,30286.50,30286.50,0.00
2026-07-01 09:24:25,30286.75,30286.75,30284.75,30285.75,18,30285.75,30285.75,0.00
2026-07-01 09:24:26,30284.25,30285.75,30281.25,30284.75,115,30284.75,30284.75,0.00
2026-07-01 09:24:27,30285.50,30287.00,30284.75,30284.75,18,30284.75,30284.75,0.00
2026-07-01 09:24:28,30285.00,30286.00,30285.00,30285.75,11,30285.75,30285.75,0.00
2026-07-01 09:24:29,30286.50,30286.75,30285.25,30285.75,20,30285.75,30285.75,0.00
2026-07-01 09:24:30,30286.75,30286.75,30285.00,30285.50,49,30285.50,30285.50,0.00
2026-07-01 09:24:31,30285.25,30285.50,30285.00,30285.00,7,30285.00,30285.00,0.00
2026-07-01 09:24:32,30285.25,30286.50,30285.25,30286.25,18,30286.25,30286.25,0.00
2026-07-01 09:24:33,30286.25,30290.00,30286.25,30289.75,38,30289.75,30289.75,0.00
2026-07-01 09:24:34,30290.00,30294.00,30290.00,30293.50,89,30293.50,30293.50,0.00
2026-07-01 09:24:35,30294.00,30294.00,30292.25,30292.50,24,30292.50,30292.50,0.00
2026-07-01 09:24:36,30292.00,30292.25,30291.50,30292.00,15,30292.00,30292.00,0.00
2026-07-01 09:24:37,30292.25,30292.75,30291.50,30292.75,20,30292.75,30292.75,0.00
2026-07-01 09:24:38,30292.75,30293.00,30292.00,30292.00,42,30292.00,30292.00,0.00
2026-07-01 09:24:39,30292.50,30292.75,30292.00,30292.75,6,30292.75,30292.75,0.00
2026-07-01 09:24:40,30292.75,30293.00,30291.25,30291.25,10,30291.25,30291.25,0.00
2026-07-01 09:24:41,30291.75,30291.75,30290.75,30290.75,17,30290.75,30290.75,0.00
2026-07-01 09:24:42,30290.75,30291.00,30289.00,30289.75,32,30289.75,30289.75,0.00
2026-07-01 09:24:43,30289.75,30290.50,30289.75,30289.75,18,30289.75,30289.75,0.00
2026-07-01 09:24:44,30290.25,30290.75,30290.25,30290.25,10,30290.25,30290.25,0.00
2026-07-01 09:24:45,30290.00,30291.00,30289.00,30289.50,40,30289.50,30289.50,0.00
2026-07-01 09:24:46,30289.50,30292.00,30289.50,30292.00,18,30292.00,30292.00,0.00
2026-07-01 09:24:47,30291.25,30292.50,30291.00,30291.25,40,30291.25,30291.25,0.00
2026-07-01 09:24:48,30291.50,30292.25,30290.25,30291.25,40,30291.25,30291.25,0.00
2026-07-01 09:24:49,30292.00,30292.00,30291.75,30291.75,3,30291.75,30291.75,0.00
2026-07-01 09:24:50,30291.50,30292.25,30290.50,30290.75,22,30290.75,30290.75,0.00
2026-07-01 09:24:51,30290.50,30291.00,30289.25,30290.75,60,30290.75,30290.75,0.00
2026-07-01 09:24:52,30290.75,30290.75,30290.25,30290.25,9,30290.25,30290.25,0.00
2026-07-01 09:24:53,30290.50,30290.50,30289.50,30289.75,16,30289.75,30289.75,0.00
2026-07-01 09:24:54,30290.00,30290.25,30289.50,30289.50,12,30289.50,30289.50,0.00
2026-07-01 09:24:55,30289.50,30290.00,30289.50,30290.00,2,30290.00,30290.00,0.00
2026-07-01 09:24:56,30290.25,30291.50,30289.00,30289.25,25,30289.25,30289.25,0.00
2026-07-01 09:24:57,30289.00,30289.25,30287.25,30287.25,39,30287.25,30287.25,0.00
2026-07-01 09:24:58,30287.50,30288.25,30287.25,30288.00,33,30288.00,30288.00,0.00
2026-07-01 09:24:59,30288.25,30289.00,30287.75,30288.75,24,30288.75,30288.75,0.00
2026-07-01 09:25:00,30289.00,30289.50,30288.00,30289.00,33,30289.00,30289.00,0.00
2026-07-01 09:25:01,30289.00,30292.50,30273.00,30274.50,739,30274.50,30274.50,0.00
2026-07-01 09:25:02,30274.25,30274.25,30271.25,30273.25,124,30273.25,30273.25,0.00
2026-07-01 09:25:03,30272.50,30273.00,30267.50,30270.25,239,30270.25,30270.25,0.00
2026-07-01 09:25:04,30270.50,30271.00,30269.50,30270.50,90,30270.50,30270.50,0.00
2026-07-01 09:25:05,30270.25,30272.25,30269.00,30271.75,103,30271.75,30271.75,0.00
2026-07-01 09:25:06,30272.00,30273.25,30271.50,30272.00,91,30272.00,30272.00,0.00
2026-07-01 09:25:07,30271.50,30272.25,30270.50,30271.00,24,30271.00,30271.00,0.00
2026-07-01 09:25:08,30271.00,30271.00,30269.00,30269.00,79,30269.00,30269.00,0.00
2026-07-01 09:25:09,30269.50,30273.75,30269.00,30273.75,117,30273.75,30273.75,0.00
2026-07-01 09:25:10,30273.00,30276.50,30273.00,30275.75,82,30275.75,30275.75,0.00
2026-07-01 09:25:11,30276.00,30276.00,30273.25,30273.75,40,30273.75,30273.75,0.00
2026-07-01 09:25:12,30273.50,30274.50,30271.25,30272.00,57,30272.00,30272.00,0.00
2026-07-01 09:25:13,30271.25,30271.50,30268.75,30270.50,80,30270.50,30270.50,0.00
2026-07-01 09:25:14,30269.75,30269.75,30267.50,30268.25,75,30268.25,30268.25,0.00
2026-07-01 09:25:15,30268.50,30268.50,30266.75,30267.75,48,30267.75,30267.75,0.00
2026-07-01 09:25:16,30267.25,30267.75,30258.00,30262.00,322,30262.00,30262.00,0.00
2026-07-01 09:25:17,30261.75,30266.00,30261.00,30263.25,167,30263.25,30263.25,0.00
2026-07-01 09:25:18,30263.25,30264.00,30261.00,30262.00,88,30262.00,30262.00,0.00
2026-07-01 09:25:19,30261.25,30261.25,30258.50,30259.50,80,30259.50,30259.50,0.00
2026-07-01 09:25:20,30258.75,30262.00,30258.75,30262.00,127,30262.00,30262.00,0.00
2026-07-01 09:25:21,30262.25,30263.00,30258.75,30263.00,140,30263.00,30263.00,0.00
2026-07-01 09:25:22,30262.50,30263.75,30262.00,30263.25,28,30263.25,30263.25,0.00
2026-07-01 09:25:23,30263.25,30264.25,30262.75,30263.00,26,30263.00,30263.00,0.00
2026-07-01 09:25:24,30262.75,30265.50,30262.25,30263.25,64,30263.25,30263.25,0.00
2026-07-01 09:25:25,30264.00,30264.25,30262.50,30263.25,46,30263.25,30263.25,0.00
2026-07-01 09:25:26,30263.50,30264.75,30261.75,30264.75,53,30264.75,30264.75,0.00
2026-07-01 09:25:27,30264.50,30264.50,30263.50,30264.25,11,30264.25,30264.25,0.00
2026-07-01 09:25:28,30264.00,30264.25,30263.50,30264.25,13,30264.25,30264.25,0.00
2026-07-01 09:25:29,30263.50,30264.00,30262.50,30263.25,60,30263.25,30263.25,0.00
2026-07-01 09:25:30,30262.75,30264.50,30262.25,30264.50,47,30264.50,30264.50,0.00
2026-07-01 09:25:31,30264.25,30264.25,30261.50,30261.50,23,30261.50,30261.50,0.00
2026-07-01 09:25:32,30262.25,30263.00,30257.75,30258.50,71,30258.50,30258.50,0.00
2026-07-01 09:25:33,30258.50,30258.50,30256.50,30257.00,80,30257.00,30257.00,0.00
2026-07-01 09:25:34,30257.00,30258.00,30256.75,30257.75,28,30257.75,30257.75,0.00
2026-07-01 09:25:35,30256.75,30261.00,30256.75,30259.75,67,30259.75,30259.75,0.00
2026-07-01 09:25:36,30260.00,30260.75,30259.50,30259.75,28,30259.75,30259.75,0.00
2026-07-01 09:25:37,30259.75,30260.00,30258.00,30258.00,36,30258.00,30258.00,0.00
2026-07-01 09:25:38,30257.50,30258.00,30254.50,30257.25,76,30257.25,30257.25,0.00
2026-07-01 09:25:39,30256.25,30257.75,30256.25,30257.50,24,30257.50,30257.50,0.00
2026-07-01 09:25:40,30256.75,30257.25,30255.75,30256.00,27,30256.00,30256.00,0.00
2026-07-01 09:25:41,30256.25,30256.50,30251.50,30253.50,93,30253.50,30253.50,0.00
2026-07-01 09:25:42,30253.25,30253.75,30251.50,30253.00,77,30253.00,30253.00,0.00
2026-07-01 09:25:43,30253.50,30255.25,30253.50,30254.25,70,30254.25,30254.25,0.00
2026-07-01 09:25:44,30254.25,30254.75,30254.00,30254.75,16,30254.75,30254.75,0.00
2026-07-01 09:25:45,30255.50,30256.25,30254.25,30255.75,39,30255.75,30255.75,0.00
2026-07-01 09:25:46,30255.75,30255.75,30254.50,30254.50,23,30254.50,30254.50,0.00
2026-07-01 09:25:47,30255.00,30255.75,30254.00,30255.25,29,30255.25,30255.25,0.00
2026-07-01 09:25:48,30254.50,30254.75,30254.00,30254.75,27,30254.75,30254.75,0.00
2026-07-01 09:25:49,30254.00,30254.00,30251.75,30252.75,33,30252.75,30252.75,0.00
2026-07-01 09:25:50,30252.50,30252.50,30247.25,30247.50,362,30247.50,30247.50,0.00
2026-07-01 09:25:51,30247.50,30248.50,30244.50,30248.00,318,30248.00,30248.00,0.00
2026-07-01 09:25:52,30248.50,30249.25,30247.00,30247.75,87,30247.75,30247.75,0.00
2026-07-01 09:25:53,30247.25,30250.50,30247.25,30250.50,40,30250.50,30250.50,0.00
2026-07-01 09:25:54,30250.75,30252.25,30250.75,30251.50,31,30251.50,30251.50,0.00
2026-07-01 09:25:55,30252.50,30253.75,30250.75,30251.50,103,30251.50,30251.50,0.00
2026-07-01 09:25:56,30252.00,30252.50,30251.50,30252.25,53,30252.25,30252.25,0.00
2026-07-01 09:25:57,30252.00,30254.00,30250.50,30253.25,82,30253.25,30253.25,0.00
2026-07-01 09:25:58,30253.00,30253.25,30251.75,30251.75,64,30251.75,30251.75,0.00
2026-07-01 09:25:59,30252.00,30253.25,30250.75,30252.75,89,30252.75,30252.75,0.00
2026-07-01 09:26:00,30252.50,30252.50,30251.25,30251.50,43,30251.50,30251.50,0.00
2026-07-01 09:26:01,30251.25,30251.25,30248.25,30249.50,86,30249.50,30249.50,0.00
2026-07-01 09:26:02,30249.75,30253.25,30249.50,30251.75,97,30251.75,30251.75,0.00
2026-07-01 09:26:03,30252.00,30253.25,30249.75,30253.00,57,30253.00,30253.00,0.00
2026-07-01 09:26:04,30252.50,30253.00,30250.75,30251.50,60,30251.50,30251.50,0.00
2026-07-01 09:26:05,30251.75,30255.50,30251.25,30255.50,101,30255.50,30255.50,0.00
2026-07-01 09:26:06,30255.25,30257.25,30255.25,30256.50,78,30256.50,30256.50,0.00
2026-07-01 09:26:07,30256.25,30258.00,30256.25,30257.50,85,30257.50,30257.50,0.00
2026-07-01 09:26:08,30257.50,30258.00,30256.75,30257.00,56,30257.00,30257.00,0.00
2026-07-01 09:26:09,30256.50,30256.50,30253.50,30254.50,61,30254.50,30254.50,0.00
2026-07-01 09:26:10,30255.00,30255.00,30253.25,30253.50,26,30253.50,30253.50,0.00
2026-07-01 09:26:11,30254.00,30255.00,30253.00,30253.25,56,30253.25,30253.25,0.00
2026-07-01 09:26:12,30252.50,30252.50,30251.50,30251.50,41,30251.50,30251.50,0.00
2026-07-01 09:26:13,30251.25,30252.25,30250.50,30251.50,49,30251.50,30251.50,0.00
2026-07-01 09:26:14,30252.00,30252.50,30251.25,30251.50,26,30251.50,30251.50,0.00
2026-07-01 09:26:15,30251.00,30252.50,30251.00,30251.75,32,30251.75,30251.75,0.00
2026-07-01 09:26:16,30251.50,30253.50,30251.25,30253.50,100,30253.50,30253.50,0.00
2026-07-01 09:26:17,30253.25,30253.75,30252.25,30253.25,34,30253.25,30253.25,0.00
2026-07-01 09:26:18,30254.00,30254.50,30252.25,30252.50,27,30252.50,30252.50,0.00
2026-07-01 09:26:19,30251.75,30251.75,30248.00,30248.00,55,30248.00,30248.00,0.00
2026-07-01 09:26:20,30248.25,30249.25,30246.50,30248.75,65,30248.75,30248.75,0.00
2026-07-01 09:26:21,30249.25,30250.25,30248.50,30250.25,75,30250.25,30250.25,0.00
2026-07-01 09:26:22,30250.25,30251.25,30250.00,30250.25,25,30250.25,30250.25,0.00
2026-07-01 09:26:23,30250.25,30251.50,30247.75,30248.00,55,30248.00,30248.00,0.00
2026-07-01 09:26:24,30248.25,30249.75,30248.25,30248.25,32,30248.25,30248.25,0.00
2026-07-01 09:26:25,30248.25,30249.50,30248.25,30249.50,27,30249.50,30249.50,0.00
2026-07-01 09:26:26,30250.00,30250.25,30249.00,30249.00,53,30249.00,30249.00,0.00
2026-07-01 09:26:27,30249.25,30250.50,30248.25,30248.50,34,30248.50,30248.50,0.00
2026-07-01 09:26:28,30248.75,30250.00,30248.75,30248.75,42,30248.75,30248.75,0.00
2026-07-01 09:26:29,30248.50,30250.25,30247.00,30247.25,56,30247.25,30247.25,0.00
2026-07-01 09:26:30,30247.00,30247.75,30242.25,30244.50,170,30244.50,30244.50,0.00
2026-07-01 09:26:31,30245.00,30245.25,30243.00,30243.00,115,30243.00,30243.00,0.00
2026-07-01 09:26:32,30243.25,30243.75,30242.25,30243.50,74,30243.50,30243.50,0.00
2026-07-01 09:26:33,30243.50,30244.25,30243.00,30243.25,64,30243.25,30243.25,0.00
2026-07-01 09:26:34,30242.50,30244.25,30242.50,30243.50,96,30243.50,30243.50,0.00
2026-07-01 09:26:35,30243.25,30251.25,30243.00,30246.25,247,30246.25,30246.25,0.00
2026-07-01 09:26:36,30246.00,30246.25,30244.75,30245.00,44,30245.00,30245.00,0.00
2026-07-01 09:26:37,30245.75,30245.75,30244.75,30245.25,31,30245.25,30245.25,0.00
2026-07-01 09:26:38,30245.25,30247.25,30245.00,30247.25,31,30247.25,30247.25,0.00
2026-07-01 09:26:39,30246.75,30248.75,30246.50,30248.00,51,30248.00,30248.00,0.00
2026-07-01 09:26:40,30248.00,30249.00,30248.00,30248.75,59,30248.75,30248.75,0.00
2026-07-01 09:26:41,30249.25,30251.75,30249.25,30250.25,56,30250.25,30250.25,0.00
2026-07-01 09:26:42,30250.25,30250.50,30247.75,30248.50,25,30248.50,30248.50,0.00
2026-07-01 09:26:43,30248.00,30251.25,30247.75,30251.25,92,30251.25,30251.25,0.00
2026-07-01 09:26:44,30251.00,30257.25,30251.00,30255.75,121,30255.75,30255.75,0.00
2026-07-01 09:26:45,30254.75,30257.00,30254.75,30256.50,43,30256.50,30256.50,0.00
2026-07-01 09:26:46,30256.25,30259.00,30255.50,30258.25,74,30258.25,30258.25,0.00
2026-07-01 09:26:47,30258.25,30258.25,30255.00,30255.25,112,30255.25,30255.25,0.00
2026-07-01 09:26:48,30255.00,30256.50,30254.25,30256.00,74,30256.00,30256.00,0.00
2026-07-01 09:26:49,30256.00,30256.00,30254.00,30254.00,48,30254.00,30254.00,0.00
2026-07-01 09:26:50,30254.75,30255.00,30252.25,30253.75,98,30253.75,30253.75,0.00
2026-07-01 09:26:51,30253.25,30253.50,30251.50,30253.50,75,30253.50,30253.50,0.00
2026-07-01 09:26:52,30253.75,30254.75,30253.75,30254.75,14,30254.75,30254.75,0.00
2026-07-01 09:26:53,30255.00,30256.50,30254.75,30255.75,34,30255.75,30255.75,0.00
2026-07-01 09:26:54,30256.00,30256.50,30254.75,30255.75,32,30255.75,30255.75,0.00
2026-07-01 09:26:55,30256.00,30257.00,30256.00,30257.00,17,30257.00,30257.00,0.00
2026-07-01 09:26:56,30258.00,30258.00,30256.25,30257.00,42,30257.00,30257.00,0.00
2026-07-01 09:26:57,30256.75,30257.50,30256.25,30257.00,40,30257.00,30257.00,0.00
2026-07-01 09:26:58,30257.25,30257.75,30256.75,30257.75,36,30257.75,30257.75,0.00
2026-07-01 09:26:59,30257.00,30258.00,30256.00,30256.75,120,30256.75,30256.75,0.00
2026-07-01 09:27:00,30256.25,30256.25,30254.25,30254.50,30,30254.50,30254.50,0.00
2026-07-01 09:27:01,30254.50,30258.00,30254.50,30257.00,96,30257.00,30257.00,0.00
2026-07-01 09:27:02,30257.25,30259.75,30257.00,30257.75,53,30257.75,30257.75,0.00
2026-07-01 09:27:03,30257.75,30260.00,30257.25,30259.50,46,30259.50,30259.50,0.00
2026-07-01 09:27:04,30259.50,30261.25,30256.00,30261.00,106,30261.00,30261.00,0.00
2026-07-01 09:27:05,30261.50,30266.75,30260.00,30264.75,273,30264.75,30264.75,0.00
2026-07-01 09:27:06,30265.25,30266.00,30262.75,30263.75,106,30263.75,30263.75,0.00
2026-07-01 09:27:07,30263.75,30264.75,30262.75,30264.25,40,30264.25,30264.25,0.00
2026-07-01 09:27:08,30263.75,30264.75,30263.50,30264.50,36,30264.50,30264.50,0.00
2026-07-01 09:27:09,30264.00,30264.00,30261.50,30262.50,43,30262.50,30262.50,0.00
2026-07-01 09:27:10,30262.25,30263.25,30261.75,30261.75,77,30261.75,30261.75,0.00
2026-07-01 09:27:11,30261.75,30263.00,30260.25,30261.00,62,30261.00,30261.00,0.00
2026-07-01 09:27:12,30260.75,30261.75,30259.75,30259.75,47,30259.75,30259.75,0.00
2026-07-01 09:27:13,30260.25,30261.00,30260.25,30260.50,31,30260.50,30260.50,0.00
2026-07-01 09:27:14,30261.00,30261.00,30259.50,30260.00,24,30260.00,30260.00,0.00
2026-07-01 09:27:15,30260.00,30260.25,30256.50,30259.75,100,30259.75,30259.75,0.00
2026-07-01 09:27:16,30258.75,30260.00,30258.50,30260.00,36,30260.00,30260.00,0.00
2026-07-01 09:27:17,30260.00,30260.00,30258.50,30258.50,24,30258.50,30258.50,0.00
2026-07-01 09:27:18,30258.50,30258.50,30256.75,30257.25,34,30257.25,30257.25,0.00
2026-07-01 09:27:19,30257.75,30258.25,30257.25,30257.75,19,30257.75,30257.75,0.00
2026-07-01 09:27:20,30257.75,30260.00,30257.75,30259.50,23,30259.50,30259.50,0.00
2026-07-01 09:27:21,30260.00,30260.75,30257.00,30259.25,56,30259.25,30259.25,0.00
2026-07-01 09:27:22,30259.25,30260.75,30259.00,30260.50,26,30260.50,30260.50,0.00
2026-07-01 09:27:23,30260.25,30260.25,30257.50,30260.25,36,30260.25,30260.25,0.00
2026-07-01 09:27:24,30260.25,30261.00,30258.00,30258.25,55,30258.25,30258.25,0.00
2026-07-01 09:27:25,30259.00,30260.50,30257.75,30260.00,85,30260.00,30260.00,0.00
2026-07-01 09:27:26,30259.50,30260.25,30258.75,30259.25,27,30259.25,30259.25,0.00
2026-07-01 09:27:27,30260.75,30261.25,30258.75,30258.75,19,30258.75,30258.75,0.00
2026-07-01 09:27:28,30258.75,30260.25,30258.75,30260.25,21,30260.25,30260.25,0.00
2026-07-01 09:27:29,30260.00,30260.00,30256.50,30256.75,61,30256.75,30256.75,0.00
2026-07-01 09:27:30,30256.25,30258.00,30255.75,30257.50,63,30257.50,30257.50,0.00
2026-07-01 09:27:31,30258.00,30262.50,30258.00,30262.25,71,30262.25,30262.25,0.00
2026-07-01 09:27:32,30261.75,30266.75,30261.50,30265.50,83,30265.50,30265.50,0.00
2026-07-01 09:27:33,30265.25,30265.25,30264.00,30264.00,35,30264.00,30264.00,0.00
2026-07-01 09:27:34,30263.50,30263.50,30260.25,30261.00,80,30261.00,30261.00,0.00
2026-07-01 09:27:35,30261.00,30262.00,30260.25,30260.25,27,30260.25,30260.25,0.00
2026-07-01 09:27:36,30261.00,30261.00,30260.25,30260.25,16,30260.25,30260.25,0.00
2026-07-01 09:27:37,30259.50,30259.50,30258.25,30258.50,36,30258.50,30258.50,0.00
2026-07-01 09:27:38,30258.25,30264.00,30257.75,30261.75,84,30261.75,30261.75,0.00
2026-07-01 09:27:39,30261.75,30263.25,30261.75,30261.75,44,30261.75,30261.75,0.00
2026-07-01 09:27:40,30262.00,30262.25,30259.25,30260.75,75,30260.75,30260.75,0.00
2026-07-01 09:27:41,30260.25,30264.00,30259.00,30260.75,236,30260.75,30260.75,0.00
2026-07-01 09:27:42,30260.25,30263.25,30258.00,30263.25,94,30263.25,30263.25,0.00
2026-07-01 09:27:43,30263.00,30263.00,30259.25,30259.75,39,30259.75,30259.75,0.00
2026-07-01 09:27:44,30259.00,30263.75,30259.00,30262.50,197,30262.50,30262.50,0.00
2026-07-01 09:27:45,30262.75,30263.50,30261.50,30262.25,65,30262.25,30262.25,0.00
2026-07-01 09:27:46,30262.25,30262.50,30261.00,30262.25,40,30262.25,30262.25,0.00
2026-07-01 09:27:47,30262.50,30262.50,30261.00,30261.25,35,30261.25,30261.25,0.00
2026-07-01 09:27:48,30260.75,30262.00,30259.25,30261.50,65,30261.50,30261.50,0.00
2026-07-01 09:27:49,30261.50,30261.75,30260.75,30260.75,21,30260.75,30260.75,0.00
2026-07-01 09:27:50,30261.50,30262.25,30260.75,30260.75,53,30260.75,30260.75,0.00
2026-07-01 09:27:51,30260.75,30263.50,30254.00,30255.50,265,30255.50,30255.50,0.00
2026-07-01 09:27:52,30254.75,30254.75,30252.00,30252.75,61,30252.75,30252.75,0.00
2026-07-01 09:27:53,30251.75,30252.00,30249.25,30250.50,99,30250.50,30250.50,0.00
2026-07-01 09:27:54,30250.50,30252.25,30249.25,30251.25,89,30251.25,30251.25,0.00
2026-07-01 09:27:55,30250.75,30253.75,30250.50,30253.75,61,30253.75,30253.75,0.00
2026-07-01 09:27:56,30254.00,30254.75,30252.50,30252.50,40,30252.50,30252.50,0.00
2026-07-01 09:27:57,30253.75,30253.75,30252.00,30253.00,30,30253.00,30253.00,0.00
2026-07-01 09:27:58,30253.00,30253.75,30250.00,30252.50,89,30252.50,30252.50,0.00
2026-07-01 09:27:59,30251.75,30252.25,30250.50,30251.00,63,30251.00,30251.00,0.00
2026-07-01 09:28:00,30251.75,30256.50,30251.75,30255.50,118,30255.50,30255.50,0.00
2026-07-01 09:28:01,30255.75,30260.25,30246.25,30254.00,666,30254.00,30254.00,0.00
2026-07-01 09:28:02,30253.25,30253.25,30242.00,30242.50,222,30242.50,30242.50,0.00
2026-07-01 09:28:03,30242.75,30243.00,30237.50,30239.75,316,30239.75,30239.75,0.00
2026-07-01 09:28:04,30239.25,30242.75,30238.50,30240.50,152,30240.50,30240.50,0.00
2026-07-01 09:28:05,30240.00,30243.00,30237.75,30239.75,247,30239.75,30239.75,0.00
2026-07-01 09:28:06,30240.00,30240.50,30229.50,30231.75,671,30231.75,30231.75,0.00
2026-07-01 09:28:07,30232.00,30239.50,30232.00,30238.50,285,30238.50,30238.50,0.00
2026-07-01 09:28:08,30239.25,30241.75,30237.75,30239.00,107,30239.00,30239.00,0.00
2026-07-01 09:28:09,30238.75,30239.75,30236.25,30238.00,71,30238.00,30238.00,0.00
2026-07-01 09:28:10,30237.00,30239.25,30236.75,30238.75,61,30238.75,30238.75,0.00
2026-07-01 09:28:11,30238.50,30238.50,30236.00,30237.75,112,30237.75,30237.75,0.00
2026-07-01 09:28:12,30237.75,30238.25,30236.25,30237.50,71,30237.50,30237.50,0.00
2026-07-01 09:28:13,30237.50,30238.00,30236.50,30237.50,37,30237.50,30237.50,0.00
2026-07-01 09:28:14,30236.75,30237.75,30235.50,30236.75,62,30236.75,30236.75,0.00
2026-07-01 09:28:15,30236.50,30237.00,30231.50,30232.00,57,30232.00,30232.00,0.00
2026-07-01 09:28:16,30233.25,30233.50,30231.00,30231.00,60,30231.00,30231.00,0.00
2026-07-01 09:28:17,30231.00,30232.00,30229.50,30232.00,96,30232.00,30232.00,0.00
2026-07-01 09:28:18,30232.25,30235.00,30231.25,30232.75,131,30232.75,30232.75,0.00
2026-07-01 09:28:19,30232.00,30237.75,30231.75,30237.25,289,30237.25,30237.25,0.00
2026-07-01 09:28:20,30237.75,30238.25,30236.25,30237.50,56,30237.50,30237.50,0.00
2026-07-01 09:28:21,30238.00,30238.00,30234.75,30235.25,87,30235.25,30235.25,0.00
2026-07-01 09:28:22,30235.50,30235.75,30234.00,30234.50,34,30234.50,30234.50,0.00
2026-07-01 09:28:23,30235.00,30237.75,30235.00,30235.00,56,30235.00,30235.00,0.00
2026-07-01 09:28:24,30235.50,30237.25,30232.75,30233.75,69,30233.75,30233.75,0.00
2026-07-01 09:28:25,30234.00,30235.25,30233.75,30234.25,59,30234.25,30234.25,0.00
2026-07-01 09:28:26,30234.50,30234.50,30230.75,30231.25,89,30231.25,30231.25,0.00
2026-07-01 09:28:27,30232.75,30234.75,30231.75,30233.25,64,30233.25,30233.25,0.00
2026-07-01 09:28:28,30233.50,30235.00,30233.50,30234.25,37,30234.25,30234.25,0.00
2026-07-01 09:28:29,30234.75,30235.75,30233.25,30233.25,42,30233.25,30233.25,0.00
2026-07-01 09:28:30,30233.25,30235.25,30231.50,30232.00,100,30232.00,30232.00,0.00
2026-07-01 09:28:31,30232.25,30232.75,30231.25,30231.25,24,30231.25,30231.25,0.00
2026-07-01 09:28:32,30231.25,30232.75,30231.00,30231.00,61,30231.00,30231.00,0.00
2026-07-01 09:28:33,30231.75,30233.25,30231.25,30231.25,38,30231.25,30231.25,0.00
2026-07-01 09:28:34,30232.00,30232.75,30229.50,30229.50,85,30229.50,30229.50,0.00
2026-07-01 09:28:35,30230.00,30231.25,30229.50,30230.00,93,30230.00,30230.00,0.00
2026-07-01 09:28:36,30230.25,30230.50,30228.25,30228.75,70,30228.75,30228.75,0.00
2026-07-01 09:28:37,30229.50,30232.00,30228.75,30229.50,85,30229.50,30229.50,0.00
2026-07-01 09:28:38,30230.00,30233.25,30230.00,30231.75,50,30231.75,30231.75,0.00
2026-07-01 09:28:39,30232.00,30234.50,30232.00,30233.00,113,30233.00,30233.00,0.00
2026-07-01 09:28:40,30233.50,30234.25,30231.50,30231.50,48,30231.50,30231.50,0.00
2026-07-01 09:28:41,30231.25,30232.75,30231.00,30231.50,74,30231.50,30231.50,0.00
2026-07-01 09:28:42,30231.50,30231.50,30230.50,30230.50,34,30230.50,30230.50,0.00
2026-07-01 09:28:43,30230.25,30230.50,30229.50,30230.25,35,30230.25,30230.25,0.00
2026-07-01 09:28:44,30230.25,30231.25,30230.25,30230.75,53,30230.75,30230.75,0.00
2026-07-01 09:28:45,30231.25,30234.00,30231.25,30233.25,82,30233.25,30233.25,0.00
2026-07-01 09:28:46,30234.00,30234.00,30232.25,30233.50,65,30233.50,30233.50,0.00
2026-07-01 09:28:47,30233.25,30234.25,30232.00,30232.00,71,30232.00,30232.00,0.00
2026-07-01 09:28:48,30232.25,30232.25,30229.25,30230.75,114,30230.75,30230.75,0.00
2026-07-01 09:28:49,30230.50,30234.25,30230.50,30233.50,59,30233.50,30233.50,0.00
2026-07-01 09:28:50,30234.50,30234.50,30232.50,30232.75,51,30232.75,30232.75,0.00
2026-07-01 09:28:51,30232.25,30233.00,30231.25,30233.00,72,30233.00,30233.00,0.00
2026-07-01 09:28:52,30232.75,30233.25,30231.75,30232.75,45,30232.75,30232.75,0.00
2026-07-01 09:28:53,30232.50,30233.25,30231.25,30231.50,51,30231.50,30231.50,0.00
2026-07-01 09:28:54,30231.25,30232.75,30231.25,30231.75,58,30231.75,30231.75,0.00
2026-07-01 09:28:55,30231.25,30232.00,30229.75,30230.50,58,30230.50,30230.50,0.00
2026-07-01 09:28:56,30230.75,30230.75,30228.25,30229.00,40,30229.00,30229.00,0.00
2026-07-01 09:28:57,30228.75,30229.00,30227.50,30229.00,69,30229.00,30229.00,0.00
2026-07-01 09:28:58,30229.00,30231.00,30229.00,30230.25,58,30230.25,30230.25,0.00
2026-07-01 09:28:59,30230.50,30231.75,30230.00,30231.00,67,30231.00,30231.00,0.00
2026-07-01 09:29:00,30230.00,30230.50,30229.00,30229.50,42,30229.50,30229.50,0.00
2026-07-01 09:29:01,30229.75,30232.75,30229.50,30229.75,113,30229.75,30229.75,0.00
2026-07-01 09:29:02,30229.50,30230.00,30227.50,30228.75,92,30228.75,30228.75,0.00
2026-07-01 09:29:03,30228.25,30230.00,30225.75,30227.00,155,30227.00,30227.00,0.00
2026-07-01 09:29:04,30226.75,30229.50,30226.75,30229.00,76,30229.00,30229.00,0.00
2026-07-01 09:29:05,30228.50,30228.50,30226.00,30227.00,88,30227.00,30227.00,0.00
2026-07-01 09:29:06,30226.75,30227.50,30225.75,30227.25,47,30227.25,30227.25,0.00
2026-07-01 09:29:07,30226.75,30226.75,30222.25,30222.75,292,30222.75,30222.75,0.00
2026-07-01 09:29:08,30222.75,30224.50,30218.50,30221.75,418,30221.75,30221.75,0.00
2026-07-01 09:29:09,30222.00,30223.50,30221.50,30223.00,72,30223.00,30223.00,0.00
2026-07-01 09:29:10,30222.50,30223.50,30220.25,30220.25,70,30220.25,30220.25,0.00
2026-07-01 09:29:11,30220.25,30220.25,30217.00,30217.75,130,30217.75,30217.75,0.00
2026-07-01 09:29:12,30217.75,30218.50,30216.00,30216.50,118,30216.50,30216.50,0.00
2026-07-01 09:29:13,30216.50,30219.00,30215.75,30218.50,123,30218.50,30218.50,0.00
2026-07-01 09:29:14,30219.25,30219.50,30217.25,30218.25,90,30218.25,30218.25,0.00
2026-07-01 09:29:15,30219.00,30221.25,30218.25,30218.25,126,30218.25,30218.25,0.00
2026-07-01 09:29:16,30218.00,30222.25,30218.00,30221.50,91,30221.50,30221.50,0.00
2026-07-01 09:29:17,30220.75,30220.75,30217.50,30218.00,111,30218.00,30218.00,0.00
2026-07-01 09:29:18,30219.00,30220.50,30218.75,30219.25,61,30219.25,30219.25,0.00
2026-07-01 09:29:19,30219.25,30219.25,30218.00,30218.50,56,30218.50,30218.50,0.00
2026-07-01 09:29:20,30218.50,30219.00,30216.50,30217.75,86,30217.75,30217.75,0.00
2026-07-01 09:29:21,30218.00,30218.50,30216.50,30218.25,55,30218.25,30218.25,0.00
2026-07-01 09:29:22,30218.00,30218.50,30217.50,30217.75,38,30217.75,30217.75,0.00
2026-07-01 09:29:23,30218.00,30218.50,30215.00,30215.25,173,30215.25,30215.25,0.00
2026-07-01 09:29:24,30214.75,30216.25,30212.75,30216.25,133,30216.25,30216.25,0.00
2026-07-01 09:29:25,30216.00,30219.25,30216.00,30217.50,112,30217.50,30217.50,0.00
2026-07-01 09:29:26,30217.75,30218.75,30216.50,30217.75,97,30217.75,30217.75,0.00
2026-07-01 09:29:27,30217.25,30218.75,30217.25,30218.25,32,30218.25,30218.25,0.00
2026-07-01 09:29:28,30218.75,30219.50,30218.00,30219.50,91,30219.50,30219.50,0.00
2026-07-01 09:29:29,30219.50,30222.25,30219.50,30221.25,98,30221.25,30221.25,0.00
2026-07-01 09:29:30,30221.50,30221.50,30218.50,30219.00,72,30219.00,30219.00,0.00
2026-07-01 09:29:31,30218.50,30221.75,30218.50,30221.00,98,30221.00,30221.00,0.00
2026-07-01 09:29:32,30221.25,30224.50,30220.75,30222.00,94,30222.00,30222.00,0.00
2026-07-01 09:29:33,30221.25,30224.50,30220.75,30224.25,53,30224.25,30224.25,0.00
2026-07-01 09:29:34,30224.75,30227.75,30224.00,30227.00,112,30227.00,30227.00,0.00
2026-07-01 09:29:35,30226.50,30229.25,30226.00,30227.50,144,30227.50,30227.50,0.00
2026-07-01 09:29:36,30227.00,30227.75,30225.75,30227.00,74,30227.00,30227.00,0.00
2026-07-01 09:29:37,30227.25,30227.25,30225.00,30225.25,41,30225.25,30225.25,0.00
2026-07-01 09:29:38,30225.25,30226.00,30223.00,30225.75,112,30225.75,30225.75,0.00
2026-07-01 09:29:39,30225.75,30226.25,30224.75,30225.50,54,30225.50,30225.50,0.00
2026-07-01 09:29:40,30225.50,30227.75,30224.25,30227.75,97,30227.75,30227.75,0.00
2026-07-01 09:29:41,30227.75,30227.75,30225.00,30226.00,133,30226.00,30226.00,0.00
2026-07-01 09:29:42,30226.75,30227.50,30225.75,30226.75,47,30226.75,30226.75,0.00
2026-07-01 09:29:43,30226.25,30227.50,30225.75,30226.25,84,30226.25,30226.25,0.00
2026-07-01 09:29:44,30226.25,30227.75,30226.00,30226.00,72,30226.00,30226.00,0.00
2026-07-01 09:29:45,30226.00,30231.00,30226.00,30230.25,85,30230.25,30230.25,0.00
2026-07-01 09:29:46,30230.25,30233.75,30230.25,30232.75,201,30232.75,30232.75,0.00
2026-07-01 09:29:47,30232.50,30235.50,30231.75,30234.00,126,30234.00,30234.00,0.00
2026-07-01 09:29:48,30234.50,30235.00,30233.25,30235.00,77,30235.00,30235.00,0.00
2026-07-01 09:29:49,30235.25,30235.75,30234.25,30234.75,66,30234.75,30234.75,0.00
2026-07-01 09:29:50,30235.00,30235.00,30233.00,30233.25,87,30233.25,30233.25,0.00
2026-07-01 09:29:51,30233.75,30234.75,30230.75,30233.25,191,30233.25,30233.25,0.00
2026-07-01 09:29:52,30233.75,30246.25,30232.00,30244.25,357,30244.25,30244.25,0.00
2026-07-01 09:29:53,30247.50,30257.75,30246.25,30249.00,738,30249.00,30249.00,0.00
2026-07-01 09:29:54,30248.50,30257.25,30245.75,30256.00,716,30256.00,30256.00,0.00
2026-07-01 09:29:55,30255.50,30256.50,30247.50,30249.75,340,30249.75,30249.75,0.00
2026-07-01 09:29:56,30250.00,30254.50,30244.50,30254.25,326,30254.25,30254.25,0.00
2026-07-01 09:29:57,30254.50,30254.50,30242.75,30243.00,180,30243.00,30243.00,0.00
2026-07-01 09:29:58,30242.00,30246.75,30241.75,30242.75,149,30242.75,30242.75,0.00
2026-07-01 09:29:59,30242.50,30242.50,30228.75,30236.25,746,30236.25,30236.25,0.00
2026-07-01 09:30:00,30237.00,30239.00,30229.50,30235.50,450,30235.50,30235.50,0.00
2026-07-01 09:30:01,30234.50,30241.00,30225.00,30225.50,789,30225.50,30225.50,0.00
2026-07-01 09:30:02,30224.50,30225.75,30209.00,30216.50,1321,30216.50,30216.50,0.00
2026-07-01 09:30:03,30215.75,30219.75,30205.00,30212.50,928,30212.50,30212.50,0.00
2026-07-01 09:30:04,30210.50,30219.75,30206.00,30211.50,626,30211.50,30211.50,0.00
2026-07-01 09:30:05,30212.25,30215.50,30195.25,30198.75,985,30198.75,30198.75,0.00
2026-07-01 09:30:06,30198.50,30210.00,30196.75,30204.50,494,30204.50,30204.50,0.00
2026-07-01 09:30:07,30205.00,30209.00,30197.00,30197.50,356,30197.50,30197.50,0.00
2026-07-01 09:30:08,30197.75,30206.25,30196.75,30203.50,505,30203.50,30203.50,0.00
2026-07-01 09:30:09,30204.25,30211.50,30201.00,30204.50,424,30204.50,30204.50,0.00
2026-07-01 09:30:10,30203.75,30213.75,30203.75,30211.50,324,30211.50,30211.50,0.00
2026-07-01 09:30:11,30211.75,30215.50,30195.25,30196.50,618,30196.50,30196.50,0.00
2026-07-01 09:30:12,30195.25,30201.75,30192.75,30199.25,330,30199.25,30199.25,0.00
2026-07-01 09:30:13,30199.75,30199.75,30185.25,30192.75,529,30192.75,30192.75,0.00
2026-07-01 09:30:14,30194.00,30197.25,30182.25,30184.50,607,30184.50,30184.50,0.00
2026-07-01 09:30:15,30184.75,30189.00,30179.00,30186.25,525,30186.25,30186.25,0.00
2026-07-01 09:30:16,30187.25,30194.00,30184.25,30194.00,462,30194.00,30194.00,0.00
2026-07-01 09:30:17,30193.75,30203.50,30189.50,30199.25,400,30199.25,30199.25,0.00
2026-07-01 09:30:18,30199.50,30208.50,30195.50,30198.50,391,30198.50,30198.50,0.00
2026-07-01 09:30:19,30197.50,30197.75,30187.00,30188.25,269,30188.25,30188.25,0.00
2026-07-01 09:30:20,30188.50,30189.25,30180.00,30181.50,264,30181.50,30181.50,0.00
2026-07-01 09:30:21,30181.25,30186.00,30181.25,30182.50,398,30182.50,30182.50,0.00
2026-07-01 09:30:22,30182.50,30191.50,30180.00,30180.75,626,30180.75,30180.75,0.00
2026-07-01 09:30:23,30181.25,30184.00,30172.75,30182.00,561,30182.00,30182.00,0.00
2026-07-01 09:30:24,30183.50,30185.75,30174.00,30174.75,366,30174.75,30174.75,0.00
2026-07-01 09:30:25,30176.00,30177.75,30172.00,30174.25,304,30174.25,30174.25,0.00
2026-07-01 09:30:26,30173.00,30178.50,30168.25,30172.25,447,30172.25,30172.25,0.00
2026-07-01 09:30:27,30172.50,30184.25,30168.75,30181.25,330,30181.25,30181.25,0.00
2026-07-01 09:30:28,30183.25,30185.25,30177.75,30182.75,392,30182.75,30182.75,0.00
2026-07-01 09:30:29,30184.50,30199.00,30182.75,30197.00,354,30197.00,30197.00,0.00
2026-07-01 09:30:30,30198.00,30208.50,30193.25,30202.75,392,30202.75,30202.75,0.00
2026-07-01 09:30:31,30201.75,30210.25,30195.25,30200.25,414,30200.25,30200.25,0.00
2026-07-01 09:30:32,30199.25,30202.50,30195.00,30199.00,273,30199.00,30199.00,0.00
2026-07-01 09:30:33,30200.00,30200.75,30195.00,30198.25,152,30198.25,30198.25,0.00
2026-07-01 09:30:34,30197.50,30204.00,30197.00,30200.25,205,30200.25,30200.25,0.00
2026-07-01 09:30:35,30199.50,30200.75,30193.25,30195.50,165,30195.50,30195.50,0.00
2026-07-01 09:30:36,30195.25,30198.00,30192.00,30197.50,186,30197.50,30197.50,0.00
2026-07-01 09:30:37,30197.00,30203.75,30191.75,30196.00,236,30196.00,30196.00,0.00
2026-07-01 09:30:38,30196.25,30199.25,30187.25,30189.25,269,30189.25,30189.25,0.00
2026-07-01 09:30:39,30189.25,30194.75,30186.00,30193.50,224,30193.50,30193.50,0.00
2026-07-01 09:30:40,30194.25,30195.50,30190.50,30193.25,257,30193.25,30193.25,0.00
2026-07-01 09:30:41,30193.25,30196.50,30191.00,30195.25,173,30195.25,30195.25,0.00
2026-07-01 09:30:42,30195.75,30205.25,30195.75,30205.25,270,30205.25,30205.25,0.00
2026-07-01 09:30:43,30203.75,30211.50,30203.75,30211.50,272,30211.50,30211.50,0.00
2026-07-01 09:30:44,30211.50,30225.00,30211.50,30221.00,551,30221.00,30221.00,0.00
2026-07-01 09:30:45,30221.00,30222.75,30216.25,30216.25,304,30216.25,30216.25,0.00
2026-07-01 09:30:46,30216.50,30224.50,30205.25,30220.00,897,30220.00,30220.00,0.00
2026-07-01 09:30:47,30219.25,30246.00,30218.75,30241.00,804,30241.00,30241.00,0.00
2026-07-01 09:30:48,30240.50,30250.00,30237.75,30246.50,441,30246.50,30246.50,0.00
2026-07-01 09:30:49,30247.50,30255.25,30245.75,30251.75,505,30251.75,30251.75,0.00
2026-07-01 09:30:50,30250.25,30255.25,30245.25,30251.00,437,30251.00,30251.00,0.00
2026-07-01 09:30:51,30250.00,30255.50,30247.25,30252.25,372,30252.25,30252.25,0.00
2026-07-01 09:30:52,30252.25,30258.00,30251.00,30256.50,281,30256.50,30256.50,0.00
2026-07-01 09:30:53,30256.00,30259.00,30247.50,30248.75,428,30248.75,30248.75,0.00
2026-07-01 09:30:54,30248.50,30249.25,30242.75,30247.50,317,30247.50,30247.50,0.00
2026-07-01 09:30:55,30247.50,30256.50,30242.25,30254.25,290,30254.25,30254.25,0.00
2026-07-01 09:30:56,30254.50,30260.50,30250.25,30257.75,245,30257.75,30257.75,0.00
2026-07-01 09:30:57,30256.50,30257.75,30251.00,30255.75,267,30255.75,30255.75,0.00
2026-07-01 09:30:58,30256.00,30258.75,30248.75,30252.00,252,30252.00,30252.00,0.00
2026-07-01 09:30:59,30251.25,30251.25,30242.00,30244.75,272,30244.75,30244.75,0.00
2026-07-01 09:31:00,30244.00,30244.50,30229.00,30240.00,348,30240.00,30240.00,0.00
2026-07-01 09:31:01,30239.50,30240.25,30220.00,30220.50,469,30220.50,30220.50,0.00
2026-07-01 09:31:02,30220.75,30223.75,30213.75,30216.25,372,30216.25,30216.25,0.00
2026-07-01 09:31:03,30216.00,30219.25,30204.25,30205.75,427,30205.75,30205.75,0.00
2026-07-01 09:31:04,30204.75,30207.00,30197.25,30199.50,423,30199.50,30199.50,0.00
2026-07-01 09:31:05,30199.25,30199.75,30185.50,30189.75,400,30189.75,30189.75,0.00
2026-07-01 09:31:06,30190.50,30208.50,30188.75,30207.75,355,30207.75,30207.75,0.00
2026-07-01 09:31:07,30207.50,30211.50,30198.00,30200.25,407,30200.25,30200.25,0.00
2026-07-01 09:31:08,30200.00,30205.75,30198.25,30198.75,292,30198.75,30198.75,0.00
2026-07-01 09:31:09,30199.50,30199.50,30185.50,30187.75,264,30187.75,30187.75,0.00
2026-07-01 09:31:10,30187.75,30194.00,30185.25,30194.00,227,30194.00,30194.00,0.00
2026-07-01 09:31:11,30194.00,30194.50,30184.50,30184.75,242,30184.75,30184.75,0.00
2026-07-01 09:31:12,30185.50,30198.00,30184.50,30194.75,238,30194.75,30194.75,0.00
2026-07-01 09:31:13,30194.00,30196.25,30191.25,30191.50,204,30191.50,30191.50,0.00
2026-07-01 09:31:14,30192.50,30197.50,30189.75,30195.25,131,30195.25,30195.25,0.00
2026-07-01 09:31:15,30193.75,30215.75,30193.00,30211.25,277,30211.25,30211.25,0.00
2026-07-01 09:31:16,30210.50,30213.50,30199.50,30202.00,336,30202.00,30202.00,0.00
2026-07-01 09:31:17,30201.50,30205.50,30199.50,30204.75,192,30204.75,30204.75,0.00
2026-07-01 09:31:18,30204.75,30209.00,30203.75,30205.50,236,30205.50,30205.50,0.00
2026-07-01 09:31:19,30206.00,30211.50,30205.50,30206.75,235,30206.75,30206.75,0.00
2026-07-01 09:31:20,30205.50,30207.00,30200.75,30203.25,272,30203.25,30203.25,0.00
2026-07-01 09:31:21,30203.75,30205.25,30197.00,30197.25,241,30197.25,30197.25,0.00
2026-07-01 09:31:22,30197.50,30202.75,30196.25,30201.00,206,30201.00,30201.00,0.00
2026-07-01 09:31:23,30200.00,30201.50,30192.25,30195.25,209,30195.25,30195.25,0.00
2026-07-01 09:31:24,30195.00,30198.50,30192.50,30196.00,216,30196.00,30196.00,0.00
2026-07-01 09:31:25,30194.75,30201.25,30191.50,30199.00,269,30199.00,30199.00,0.00
2026-07-01 09:31:26,30199.50,30202.25,30193.25,30201.75,273,30201.75,30201.75,0.00
2026-07-01 09:31:27,30201.50,30204.25,30196.25,30196.75,292,30196.75,30196.75,0.00
2026-07-01 09:31:28,30196.50,30197.25,30182.75,30182.75,215,30182.75,30182.75,0.00
2026-07-01 09:31:29,30183.00,30187.25,30180.50,30186.50,287,30186.50,30186.50,0.00
2026-07-01 09:31:30,30186.50,30189.50,30184.75,30186.50,222,30186.50,30186.50,0.00
2026-07-01 09:31:31,30186.50,30188.25,30179.00,30180.75,302,30180.75,30180.75,0.00
2026-07-01 09:31:32,30180.50,30181.50,30171.25,30172.50,423,30172.50,30172.50,0.00
2026-07-01 09:31:33,30172.50,30182.00,30172.50,30180.25,249,30180.25,30180.25,0.00
2026-07-01 09:31:34,30180.75,30180.75,30176.00,30177.50,276,30177.50,30177.50,0.00
2026-07-01 09:31:35,30176.75,30177.75,30172.25,30173.00,235,30173.00,30173.00,0.00
2026-07-01 09:31:36,30173.50,30176.25,30166.00,30171.00,611,30171.00,30171.00,0.00
2026-07-01 09:31:37,30170.75,30172.75,30169.50,30169.75,261,30169.75,30169.75,0.00
2026-07-01 09:31:38,30170.25,30175.50,30169.75,30172.75,205,30172.75,30172.75,0.00
2026-07-01 09:31:39,30172.50,30174.75,30167.50,30168.25,212,30168.25,30168.25,0.00
2026-07-01 09:31:40,30168.50,30172.00,30164.25,30165.00,275,30165.00,30165.00,0.00
2026-07-01 09:31:41,30165.75,30167.50,30157.00,30159.00,499,30159.00,30159.00,0.00
2026-07-01 09:31:42,30159.00,30165.00,30155.25,30164.50,383,30164.50,30164.50,0.00
2026-07-01 09:31:43,30165.00,30169.50,30163.75,30169.50,340,30169.50,30169.50,0.00
2026-07-01 09:31:44,30168.25,30168.75,30162.00,30166.25,283,30166.25,30166.25,0.00
2026-07-01 09:31:45,30166.50,30172.25,30164.75,30172.00,220,30172.00,30172.00,0.00
2026-07-01 09:31:46,30172.25,30175.75,30169.25,30169.25,229,30169.25,30169.25,0.00
2026-07-01 09:31:47,30169.00,30172.75,30167.75,30171.00,194,30171.00,30171.00,0.00
2026-07-01 09:31:48,30171.50,30178.00,30170.75,30173.00,211,30173.00,30173.00,0.00
2026-07-01 09:31:49,30174.00,30177.25,30169.25,30172.75,229,30172.75,30172.75,0.00
2026-07-01 09:31:50,30172.00,30173.50,30167.75,30171.75,159,30171.75,30171.75,0.00
2026-07-01 09:31:51,30170.75,30178.75,30170.00,30178.75,177,30178.75,30178.75,0.00
2026-07-01 09:31:52,30178.75,30184.25,30178.75,30181.25,250,30181.25,30181.25,0.00
2026-07-01 09:31:53,30182.00,30188.25,30176.50,30179.75,382,30179.75,30179.75,0.00
2026-07-01 09:31:54,30180.25,30190.00,30178.50,30186.50,262,30186.50,30186.50,0.00
2026-07-01 09:31:55,30187.75,30193.25,30185.75,30189.00,333,30189.00,30189.00,0.00
2026-07-01 09:31:56,30189.50,30202.25,30188.00,30201.00,360,30201.00,30201.00,0.00
2026-07-01 09:31:57,30200.75,30201.75,30196.50,30199.50,217,30199.50,30199.50,0.00
2026-07-01 09:31:58,30200.25,30206.75,30196.75,30205.00,314,30205.00,30205.00,0.00
2026-07-01 09:31:59,30207.00,30207.75,30203.50,30206.25,331,30206.25,30206.25,0.00
2026-07-01 09:32:00,30205.00,30216.25,30205.00,30215.00,311,30215.00,30215.00,0.00
2026-07-01 09:32:01,30215.50,30219.75,30213.75,30215.75,314,30215.75,30215.75,0.00
2026-07-01 09:32:02,30215.00,30215.50,30209.00,30211.25,263,30211.25,30211.25,0.00
2026-07-01 09:32:03,30211.75,30217.00,30207.50,30213.00,286,30213.00,30213.00,0.00
2026-07-01 09:32:04,30213.00,30224.50,30212.75,30221.00,371,30221.00,30221.00,0.00
2026-07-01 09:32:05,30220.75,30226.75,30219.75,30224.25,303,30224.25,30224.25,0.00
2026-07-01 09:32:06,30222.75,30232.25,30220.25,30231.00,384,30231.00,30231.00,0.00
2026-07-01 09:32:07,30230.00,30241.75,30228.25,30240.00,419,30240.00,30240.00,0.00
2026-07-01 09:32:08,30240.00,30249.25,30239.50,30245.50,441,30245.50,30245.50,0.00
2026-07-01 09:32:09,30245.00,30247.50,30241.00,30245.25,376,30245.25,30245.25,0.00
2026-07-01 09:32:10,30245.00,30247.75,30241.00,30245.50,204,30245.50,30245.50,0.00
2026-07-01 09:32:11,30245.50,30249.25,30240.00,30245.00,226,30245.00,30245.00,0.00
2026-07-01 09:32:12,30243.50,30252.25,30239.50,30252.00,397,30252.00,30252.00,0.00
2026-07-01 09:32:13,30252.25,30253.50,30240.00,30240.75,537,30240.75,30240.75,0.00
2026-07-01 09:32:14,30241.00,30244.00,30228.00,30230.00,346,30230.00,30230.00,0.00
2026-07-01 09:32:15,30229.75,30231.50,30219.00,30229.00,503,30229.00,30229.00,0.00
2026-07-01 09:32:16,30229.25,30230.25,30216.25,30216.75,391,30216.75,30216.75,0.00
2026-07-01 09:32:17,30217.50,30220.00,30209.75,30213.50,410,30213.50,30213.50,0.00
2026-07-01 09:32:18,30213.00,30214.50,30204.75,30205.25,302,30205.25,30205.25,0.00
2026-07-01 09:32:19,30204.50,30205.50,30197.50,30197.75,418,30197.75,30197.75,0.00
2026-07-01 09:32:20,30198.75,30200.50,30192.00,30193.00,380,30193.00,30193.00,0.00
2026-07-01 09:32:21,30192.75,30195.75,30191.00,30193.25,281,30193.25,30193.25,0.00
2026-07-01 09:32:22,30194.75,30201.25,30190.00,30191.75,219,30191.75,30191.75,0.00
2026-07-01 09:32:23,30191.75,30196.25,30191.75,30194.75,157,30194.75,30194.75,0.00
2026-07-01 09:32:24,30195.25,30201.00,30193.25,30193.25,174,30193.25,30193.25,0.00
2026-07-01 09:32:25,30192.25,30193.75,30188.75,30189.00,163,30189.00,30189.00,0.00
2026-07-01 09:32:26,30188.75,30196.75,30187.00,30196.25,268,30196.25,30196.25,0.00
2026-07-01 09:32:27,30195.25,30196.75,30189.50,30192.75,200,30192.75,30192.75,0.00
2026-07-01 09:32:28,30193.00,30196.50,30190.75,30191.25,205,30191.25,30191.25,0.00
2026-07-01 09:32:29,30192.25,30193.50,30189.25,30191.00,137,30191.00,30191.00,0.00
2026-07-01 09:32:30,30190.75,30190.75,30174.50,30177.25,265,30177.25,30177.25,0.00
2026-07-01 09:32:31,30176.50,30183.25,30176.00,30181.50,378,30181.50,30181.50,0.00
2026-07-01 09:32:32,30182.25,30193.25,30180.00,30192.00,289,30192.00,30192.00,0.00
2026-07-01 09:32:33,30191.75,30202.00,30190.50,30199.25,334,30199.25,30199.25,0.00
2026-07-01 09:32:34,30199.50,30200.25,30194.00,30197.00,233,30197.00,30197.00,0.00
2026-07-01 09:32:35,30197.75,30198.25,30193.75,30196.50,123,30196.50,30196.50,0.00
2026-07-01 09:32:36,30196.75,30199.50,30193.00,30198.50,210,30198.50,30198.50,0.00
2026-07-01 09:32:37,30198.25,30201.50,30194.25,30196.50,115,30196.50,30196.50,0.00
2026-07-01 09:32:38,30196.25,30196.25,30190.50,30195.50,180,30195.50,30195.50,0.00
2026-07-01 09:32:39,30195.50,30199.75,30195.50,30195.50,165,30195.50,30195.50,0.00
2026-07-01 09:32:40,30196.00,30198.25,30192.25,30195.50,233,30195.50,30195.50,0.00
2026-07-01 09:32:41,30194.00,30195.00,30187.25,30190.25,221,30190.25,30190.25,0.00
2026-07-01 09:32:42,30190.75,30190.75,30182.00,30183.25,240,30183.25,30183.25,0.00
2026-07-01 09:32:43,30183.25,30195.25,30182.75,30190.75,243,30190.75,30190.75,0.00
2026-07-01 09:32:44,30190.00,30192.75,30186.50,30191.00,153,30191.00,30191.00,0.00
2026-07-01 09:32:45,30190.75,30190.75,30186.50,30186.75,123,30186.75,30186.75,0.00
2026-07-01 09:32:46,30188.50,30188.50,30181.25,30183.00,169,30183.00,30183.00,0.00
2026-07-01 09:32:47,30183.00,30186.50,30172.00,30172.00,303,30172.00,30172.00,0.00
2026-07-01 09:32:48,30172.25,30173.50,30166.00,30168.75,313,30168.75,30168.75,0.00
2026-07-01 09:32:49,30169.50,30173.50,30168.00,30171.50,220,30171.50,30171.50,0.00
2026-07-01 09:32:50,30171.50,30172.75,30167.25,30168.50,237,30168.50,30168.50,0.00
2026-07-01 09:32:51,30169.00,30178.75,30169.00,30178.75,244,30178.75,30178.75,0.00
2026-07-01 09:32:52,30178.50,30182.75,30176.00,30182.50,234,30182.50,30182.50,0.00
2026-07-01 09:32:53,30182.00,30182.75,30173.00,30174.25,185,30174.25,30174.25,0.00
2026-07-01 09:32:54,30173.50,30177.25,30172.75,30177.25,97,30177.25,30177.25,0.00
2026-07-01 09:32:55,30177.25,30183.00,30176.75,30180.00,250,30180.00,30180.00,0.00
2026-07-01 09:32:56,30179.50,30183.75,30179.50,30182.25,61,30182.25,30182.25,0.00
2026-07-01 09:32:57,30181.75,30183.00,30180.25,30181.75,106,30181.75,30181.75,0.00
2026-07-01 09:32:58,30180.25,30180.25,30171.50,30175.00,129,30175.00,30175.00,0.00
2026-07-01 09:32:59,30174.00,30181.25,30174.00,30176.75,130,30176.75,30176.75,0.00
2026-07-01 09:33:00,30177.25,30179.75,30175.25,30175.50,158,30175.50,30175.50,0.00
2026-07-01 09:33:01,30175.25,30180.25,30171.00,30171.75,207,30171.75,30171.75,0.00
2026-07-01 09:33:02,30172.25,30180.00,30164.00,30164.00,339,30164.00,30164.00,0.00
2026-07-01 09:33:03,30164.50,30165.00,30151.25,30151.50,796,30151.50,30151.50,0.00
2026-07-01 09:33:04,30151.50,30152.75,30144.00,30144.75,812,30144.75,30144.75,0.00
2026-07-01 09:33:05,30144.25,30144.50,30136.50,30137.75,714,30137.75,30137.75,0.00
2026-07-01 09:33:06,30137.00,30151.25,30135.75,30147.75,592,30147.75,30147.75,0.00
2026-07-01 09:33:07,30149.00,30157.50,30148.75,30153.25,382,30153.25,30153.25,0.00
2026-07-01 09:33:08,30153.50,30154.00,30147.50,30148.25,310,30148.25,30148.25,0.00
2026-07-01 09:33:09,30148.50,30148.75,30135.00,30137.00,306,30137.00,30137.00,0.00
2026-07-01 09:33:10,30137.25,30140.75,30135.50,30136.50,274,30136.50,30136.50,0.00
2026-07-01 09:33:11,30136.75,30140.50,30133.00,30139.75,395,30139.75,30139.75,0.00
2026-07-01 09:33:12,30139.50,30142.25,30131.50,30132.00,323,30132.00,30132.00,0.00
2026-07-01 09:33:13,30132.25,30134.75,30129.50,30132.25,364,30132.25,30132.25,0.00
2026-07-01 09:33:14,30132.00,30132.75,30125.50,30129.50,368,30129.50,30129.50,0.00
2026-07-01 09:33:15,30130.00,30141.25,30129.50,30141.00,650,30141.00,30141.00,0.00
2026-07-01 09:33:16,30140.25,30144.25,30136.75,30143.25,331,30143.25,30143.25,0.00
2026-07-01 09:33:17,30143.75,30147.25,30140.50,30141.75,289,30141.75,30141.75,0.00
2026-07-01 09:33:18,30142.00,30147.00,30140.50,30142.75,298,30142.75,30142.75,0.00
2026-07-01 09:33:19,30142.75,30144.50,30135.75,30137.00,239,30137.00,30137.00,0.00
2026-07-01 09:33:20,30137.00,30137.00,30130.50,30133.25,265,30133.25,30133.25,0.00
2026-07-01 09:33:21,30132.00,30132.50,30124.00,30129.75,430,30129.75,30129.75,0.00
2026-07-01 09:33:22,30129.25,30134.25,30127.50,30132.50,319,30132.50,30132.50,0.00
2026-07-01 09:33:23,30132.25,30137.25,30131.25,30133.00,235,30133.00,30133.00,0.00
2026-07-01 09:33:24,30134.50,30141.25,30133.50,30135.50,312,30135.50,30135.50,0.00
2026-07-01 09:33:25,30135.25,30139.75,30134.50,30138.75,193,30138.75,30138.75,0.00
2026-07-01 09:33:26,30138.75,30145.50,30137.00,30141.50,331,30141.50,30141.50,0.00
2026-07-01 09:33:27,30140.75,30141.50,30131.75,30133.50,196,30133.50,30133.50,0.00
2026-07-01 09:33:28,30133.75,30135.50,30127.75,30132.00,282,30132.00,30132.00,0.00
2026-07-01 09:33:29,30132.00,30139.00,30130.75,30137.00,152,30137.00,30137.00,0.00
2026-07-01 09:33:30,30137.00,30142.25,30136.25,30140.25,266,30140.25,30140.25,0.00
2026-07-01 09:33:31,30140.25,30140.25,30134.75,30138.50,163,30138.50,30138.50,0.00
2026-07-01 09:33:32,30139.00,30139.00,30129.75,30129.75,292,30129.75,30129.75,0.00
2026-07-01 09:33:33,30129.75,30133.75,30129.50,30131.75,144,30131.75,30131.75,0.00
2026-07-01 09:33:34,30132.25,30135.25,30131.25,30133.25,194,30133.25,30133.25,0.00
2026-07-01 09:33:35,30133.25,30140.00,30133.00,30136.75,262,30136.75,30136.75,0.00
2026-07-01 09:33:36,30136.75,30138.75,30133.50,30137.25,245,30137.25,30137.25,0.00
2026-07-01 09:33:37,30137.75,30137.75,30131.75,30136.25,236,30136.25,30136.25,0.00
2026-07-01 09:33:38,30137.25,30139.00,30133.50,30134.75,183,30134.75,30134.75,0.00
2026-07-01 09:33:39,30135.50,30141.50,30131.75,30135.25,233,30135.25,30135.25,0.00
2026-07-01 09:33:40,30135.50,30137.50,30131.50,30137.00,191,30137.00,30137.00,0.00
2026-07-01 09:33:41,30137.00,30139.25,30133.75,30135.50,168,30135.50,30135.50,0.00
2026-07-01 09:33:42,30135.00,30136.50,30129.75,30133.75,199,30133.75,30133.75,0.00
2026-07-01 09:33:43,30134.25,30142.25,30134.25,30141.75,319,30141.75,30141.75,0.00
2026-07-01 09:33:44,30141.75,30143.00,30137.00,30139.00,198,30139.00,30139.00,0.00
2026-07-01 09:33:45,30137.50,30138.00,30132.75,30134.00,155,30134.00,30134.00,0.00
2026-07-01 09:33:46,30134.00,30141.75,30134.00,30140.75,270,30140.75,30140.75,0.00
2026-07-01 09:33:47,30141.00,30149.25,30140.00,30147.25,363,30147.25,30147.25,0.00
2026-07-01 09:33:48,30147.75,30147.75,30136.50,30137.25,227,30137.25,30137.25,0.00
2026-07-01 09:33:49,30135.25,30137.50,30129.00,30130.25,473,30130.25,30130.25,0.00
2026-07-01 09:33:50,30129.75,30132.25,30123.50,30124.50,244,30124.50,30124.50,0.00
2026-07-01 09:33:51,30125.00,30128.25,30123.50,30128.00,218,30128.00,30128.00,0.00
2026-07-01 09:33:52,30127.25,30127.50,30118.75,30121.75,377,30121.75,30121.75,0.00
2026-07-01 09:33:53,30121.50,30124.75,30119.50,30123.25,286,30123.25,30123.25,0.00
2026-07-01 09:33:54,30122.75,30132.25,30122.75,30130.75,217,30130.75,30130.75,0.00
2026-07-01 09:33:55,30131.00,30135.50,30129.50,30132.00,274,30132.00,30132.00,0.00
2026-07-01 09:33:56,30132.50,30134.50,30130.00,30131.00,248,30131.00,30131.00,0.00
2026-07-01 09:33:57,30130.75,30130.75,30122.75,30122.75,162,30122.75,30122.75,0.00
2026-07-01 09:33:58,30123.00,30125.50,30121.75,30122.25,163,30122.25,30122.25,0.00
2026-07-01 09:33:59,30123.00,30123.25,30119.00,30120.50,268,30120.50,30120.50,0.00
2026-07-01 09:34:00,30121.00,30123.50,30118.25,30120.75,231,30120.75,30120.75,0.00
2026-07-01 09:34:01,30121.00,30131.25,30120.50,30127.75,480,30127.75,30127.75,0.00
2026-07-01 09:34:02,30127.50,30131.00,30124.25,30128.75,372,30128.75,30128.75,0.00
2026-07-01 09:34:03,30128.50,30137.50,30126.25,30135.25,423,30135.25,30135.25,0.00
2026-07-01 09:34:04,30135.25,30143.25,30135.00,30138.75,580,30138.75,30138.75,0.00
2026-07-01 09:34:05,30138.25,30139.75,30134.00,30137.50,311,30137.50,30137.50,0.00
2026-07-01 09:34:06,30137.50,30144.25,30135.25,30142.50,277,30142.50,30142.50,0.00
2026-07-01 09:34:07,30144.50,30151.75,30144.25,30146.50,507,30146.50,30146.50,0.00
2026-07-01 09:34:08,30147.50,30152.25,30145.25,30147.75,303,30147.75,30147.75,0.00
2026-07-01 09:34:09,30147.75,30151.75,30140.00,30143.50,338,30143.50,30143.50,0.00
2026-07-01 09:34:10,30143.75,30144.50,30138.75,30141.50,214,30141.50,30141.50,0.00
2026-07-01 09:34:11,30140.25,30141.25,30135.50,30137.00,294,30137.00,30137.00,0.00
2026-07-01 09:34:12,30136.75,30139.50,30129.25,30131.25,318,30131.25,30131.25,0.00
2026-07-01 09:34:13,30131.25,30136.50,30130.50,30134.75,239,30134.75,30134.75,0.00
2026-07-01 09:34:14,30136.25,30137.75,30134.75,30137.75,142,30137.75,30137.75,0.00
2026-07-01 09:34:15,30137.50,30137.75,30122.50,30124.25,297,30124.25,30124.25,0.00
2026-07-01 09:34:16,30124.50,30125.00,30112.25,30115.25,500,30115.25,30115.25,0.00
2026-07-01 09:34:17,30115.25,30115.25,30108.50,30109.75,646,30109.75,30109.75,0.00
2026-07-01 09:34:18,30109.00,30111.75,30106.75,30111.00,435,30111.00,30111.00,0.00
2026-07-01 09:34:19,30112.50,30117.50,30110.75,30111.75,373,30111.75,30111.75,0.00
2026-07-01 09:34:20,30111.50,30116.25,30109.25,30110.75,225,30110.75,30110.75,0.00
2026-07-01 09:34:21,30110.75,30114.25,30107.25,30113.25,312,30113.25,30113.25,0.00
2026-07-01 09:34:22,30112.50,30116.50,30110.25,30110.75,319,30110.75,30110.75,0.00
2026-07-01 09:34:23,30111.75,30114.00,30109.00,30110.50,215,30110.50,30110.50,0.00
2026-07-01 09:34:24,30111.50,30111.50,30104.50,30111.00,331,30111.00,30111.00,0.00
2026-07-01 09:34:25,30110.00,30115.25,30108.00,30113.00,377,30113.00,30113.00,0.00
2026-07-01 09:34:26,30112.75,30118.25,30110.75,30115.00,308,30115.00,30115.00,0.00
2026-07-01 09:34:27,30115.75,30118.00,30110.50,30113.00,263,30113.00,30113.00,0.00
2026-07-01 09:34:28,30112.00,30122.25,30110.50,30120.50,390,30120.50,30120.50,0.00
2026-07-01 09:34:29,30121.25,30129.25,30118.75,30124.50,348,30124.50,30124.50,0.00
2026-07-01 09:34:30,30124.50,30128.75,30123.50,30126.50,286,30126.50,30126.50,0.00
2026-07-01 09:34:31,30126.25,30138.50,30124.25,30136.25,315,30136.25,30136.25,0.00
2026-07-01 09:34:32,30136.50,30137.75,30132.00,30135.50,315,30135.50,30135.50,0.00
2026-07-01 09:34:33,30136.50,30138.00,30132.75,30133.75,346,30133.75,30133.75,0.00
2026-07-01 09:34:34,30134.50,30135.25,30126.00,30127.00,221,30127.00,30127.00,0.00
2026-07-01 09:34:35,30126.50,30133.50,30126.50,30131.00,304,30131.00,30131.00,0.00
2026-07-01 09:34:36,30131.50,30132.25,30121.75,30124.25,166,30124.25,30124.25,0.00
2026-07-01 09:34:37,30123.25,30132.75,30123.25,30130.25,158,30130.25,30130.25,0.00
2026-07-01 09:34:38,30130.75,30134.75,30128.75,30133.00,123,30133.00,30133.00,0.00
2026-07-01 09:34:39,30131.75,30144.00,30131.50,30139.50,338,30139.50,30139.50,0.00
2026-07-01 09:34:40,30139.75,30143.50,30137.50,30139.75,185,30139.75,30139.75,0.00
2026-07-01 09:34:41,30139.75,30141.75,30135.00,30137.75,206,30137.75,30137.75,0.00
2026-07-01 09:34:42,30138.00,30138.25,30134.00,30136.25,147,30136.25,30136.25,0.00
2026-07-01 09:34:43,30135.75,30139.50,30133.50,30136.25,165,30136.25,30136.25,0.00
2026-07-01 09:34:44,30137.75,30140.25,30134.25,30137.25,182,30137.25,30137.25,0.00
2026-07-01 09:34:45,30138.25,30141.75,30135.75,30136.25,227,30136.25,30136.25,0.00
2026-07-01 09:34:46,30135.75,30141.00,30132.25,30141.00,150,30141.00,30141.00,0.00
2026-07-01 09:34:47,30140.50,30140.50,30131.25,30132.00,163,30132.00,30132.00,0.00
2026-07-01 09:34:48,30132.00,30132.00,30126.50,30126.50,167,30126.50,30126.50,0.00
2026-07-01 09:34:49,30126.25,30126.25,30115.25,30116.50,259,30116.50,30116.50,0.00
2026-07-01 09:34:50,30116.00,30121.00,30116.00,30118.25,239,30118.25,30118.25,0.00
2026-07-01 09:34:51,30118.00,30119.50,30111.25,30112.75,203,30112.75,30112.75,0.00
2026-07-01 09:34:52,30113.00,30113.50,30111.00,30112.00,230,30112.00,30112.00,0.00
2026-07-01 09:34:53,30112.25,30115.00,30111.75,30114.00,164,30114.00,30114.00,0.00
2026-07-01 09:34:54,30114.75,30121.00,30113.75,30119.75,216,30119.75,30119.75,0.00
2026-07-01 09:34:55,30120.00,30123.00,30117.75,30120.25,218,30120.25,30120.25,0.00
2026-07-01 09:34:56,30121.00,30122.50,30118.25,30119.50,151,30119.50,30119.50,0.00
2026-07-01 09:34:57,30119.50,30122.50,30117.00,30121.50,161,30121.50,30121.50,0.00
2026-07-01 09:34:58,30121.50,30126.50,30119.00,30125.50,232,30125.50,30125.50,0.00
2026-07-01 09:34:59,30125.75,30127.25,30116.75,30118.75,156,30118.75,30118.75,0.00
2026-07-01 09:35:00,30118.25,30120.00,30115.75,30117.50,191,30117.50,30117.50,0.00
2026-07-01 09:35:01,30117.50,30119.75,30109.50,30113.00,633,30113.00,30113.00,0.00
2026-07-01 09:35:02,30113.50,30127.25,30113.00,30124.00,475,30124.00,30124.00,0.00
2026-07-01 09:35:03,30123.50,30123.50,30111.50,30116.50,402,30116.50,30116.50,0.00
2026-07-01 09:35:04,30116.00,30124.25,30114.00,30123.25,336,30123.25,30123.25,0.00
2026-07-01 09:35:05,30123.75,30127.00,30116.50,30119.75,293,30119.75,30119.75,0.00
2026-07-01 09:35:06,30120.00,30136.25,30120.00,30131.00,504,30131.00,30131.00,0.00
2026-07-01 09:35:07,30130.75,30136.25,30129.25,30132.50,340,30132.50,30132.50,0.00
2026-07-01 09:35:08,30133.75,30135.25,30123.50,30123.50,294,30123.50,30123.50,0.00
2026-07-01 09:35:09,30123.25,30127.00,30121.75,30123.50,178,30123.50,30123.50,0.00
2026-07-01 09:35:10,30123.00,30124.75,30118.25,30118.25,195,30118.25,30118.25,0.00
2026-07-01 09:35:11,30119.75,30120.75,30112.50,30115.75,236,30115.75,30115.75,0.00
2026-07-01 09:35:12,30115.25,30115.75,30108.00,30109.00,363,30109.00,30109.00,0.00
2026-07-01 09:35:13,30108.25,30110.75,30105.50,30108.00,385,30108.00,30108.00,0.00
2026-07-01 09:35:14,30107.75,30109.50,30103.00,30107.50,331,30107.50,30107.50,0.00
2026-07-01 09:35:15,30106.75,30123.75,30105.75,30122.00,352,30122.00,30122.00,0.00
2026-07-01 09:35:16,30121.50,30124.75,30119.50,30120.25,305,30120.25,30120.25,0.00
2026-07-01 09:35:17,30120.75,30121.75,30116.75,30120.25,119,30120.25,30120.25,0.00
2026-07-01 09:35:18,30120.00,30120.00,30111.75,30112.75,183,30112.75,30112.75,0.00
2026-07-01 09:35:19,30113.00,30116.75,30112.50,30116.00,152,30116.00,30116.00,0.00
2026-07-01 09:35:20,30117.00,30117.00,30104.25,30106.50,212,30106.50,30106.50,0.00
2026-07-01 09:35:21,30106.50,30111.50,30106.25,30107.00,168,30107.00,30107.00,0.00
2026-07-01 09:35:22,30108.25,30109.75,30098.75,30104.25,661,30104.25,30104.25,0.00
2026-07-01 09:35:23,30104.50,30109.00,30100.25,30106.50,367,30106.50,30106.50,0.00
2026-07-01 09:35:24,30108.25,30115.75,30107.25,30114.25,348,30114.25,30114.25,0.00
2026-07-01 09:35:25,30112.50,30113.75,30109.25,30109.75,177,30109.75,30109.75,0.00
2026-07-01 09:35:26,30111.25,30115.00,30109.50,30109.50,208,30109.50,30109.50,0.00
2026-07-01 09:35:27,30110.00,30114.00,30107.75,30112.75,177,30112.75,30112.75,0.00
2026-07-01 09:35:28,30112.00,30124.25,30112.00,30121.50,325,30121.50,30121.50,0.00
2026-07-01 09:35:29,30121.25,30121.50,30113.50,30114.00,223,30114.00,30114.00,0.00
2026-07-01 09:35:30,30114.25,30119.50,30114.25,30119.00,192,30119.00,30119.00,0.00
2026-07-01 09:35:31,30117.75,30121.50,30111.50,30120.75,229,30120.75,30120.75,0.00
2026-07-01 09:35:32,30119.50,30123.25,30118.25,30121.25,220,30121.25,30121.25,0.00
2026-07-01 09:35:33,30121.00,30127.50,30118.50,30118.50,339,30118.50,30118.50,0.00
2026-07-01 09:35:34,30118.75,30123.00,30117.75,30121.25,173,30121.25,30121.25,0.00
2026-07-01 09:35:35,30120.75,30123.25,30113.25,30115.00,160,30115.00,30115.00,0.00
2026-07-01 09:35:36,30114.50,30119.25,30111.25,30113.50,282,30113.50,30113.50,0.00
2026-07-01 09:35:37,30114.50,30114.50,30102.75,30107.75,308,30107.75,30107.75,0.00
2026-07-01 09:35:38,30107.75,30110.00,30104.75,30106.25,187,30106.25,30106.25,0.00
2026-07-01 09:35:39,30106.00,30110.75,30103.50,30107.50,288,30107.50,30107.50,0.00
2026-07-01 09:35:40,30107.50,30111.75,30100.50,30103.50,251,30103.50,30103.50,0.00
2026-07-01 09:35:41,30104.25,30107.50,30103.50,30104.25,186,30104.25,30104.25,0.00
2026-07-01 09:35:42,30104.75,30106.25,30094.75,30098.75,421,30098.75,30098.75,0.00
2026-07-01 09:35:43,30098.50,30103.00,30096.75,30102.00,268,30102.00,30102.00,0.00
2026-07-01 09:35:44,30102.50,30104.00,30097.75,30100.50,227,30100.50,30100.50,0.00
2026-07-01 09:35:45,30100.00,30100.75,30093.00,30095.50,334,30095.50,30095.50,0.00
2026-07-01 09:35:46,30095.50,30095.50,30091.75,30092.50,392,30092.50,30092.50,0.00
2026-07-01 09:35:47,30092.50,30093.50,30089.00,30093.00,584,30093.00,30093.00,0.00
2026-07-01 09:35:48,30093.25,30094.75,30087.25,30090.50,330,30090.50,30090.50,0.00
2026-07-01 09:35:49,30089.50,30093.00,30088.75,30092.75,249,30092.75,30092.75,0.00
2026-07-01 09:35:50,30092.50,30097.00,30091.00,30097.00,226,30097.00,30097.00,0.00
2026-07-01 09:35:51,30096.75,30099.25,30095.75,30096.75,282,30096.75,30096.75,0.00
2026-07-01 09:35:52,30095.25,30098.00,30090.50,30093.50,195,30093.50,30093.50,0.00
2026-07-01 09:35:53,30092.75,30103.50,30092.75,30100.00,288,30100.00,30100.00,0.00
2026-07-01 09:35:54,30100.00,30102.00,30097.00,30100.00,190,30100.00,30100.00,0.00
2026-07-01 09:35:55,30099.00,30105.25,30096.50,30104.50,260,30104.50,30104.50,0.00
2026-07-01 09:35:56,30104.25,30110.75,30104.00,30110.25,429,30110.25,30110.25,0.00
2026-07-01 09:35:57,30110.00,30113.25,30106.50,30112.50,271,30112.50,30112.50,0.00
2026-07-01 09:35:58,30111.00,30111.75,30105.50,30107.00,282,30107.00,30107.00,0.00
2026-07-01 09:35:59,30107.00,30109.25,30103.75,30108.00,251,30108.00,30108.00,0.00
2026-07-01 09:36:00,30107.00,30107.00,30102.25,30102.25,144,30102.25,30102.25,0.00
2026-07-01 09:36:01,30102.00,30117.50,30101.00,30113.75,478,30113.75,30113.75,0.00
2026-07-01 09:36:02,30112.50,30115.75,30106.50,30106.50,248,30106.50,30106.50,0.00
2026-07-01 09:36:03,30106.00,30106.75,30098.25,30100.00,396,30100.00,30100.00,0.00
2026-07-01 09:36:04,30100.00,30103.50,30098.00,30102.25,217,30102.25,30102.25,0.00
2026-07-01 09:36:05,30102.75,30110.50,30098.00,30110.25,363,30110.25,30110.25,0.00
2026-07-01 09:36:06,30110.00,30121.25,30110.00,30120.50,432,30120.50,30120.50,0.00
2026-07-01 09:36:07,30120.75,30123.25,30119.25,30122.75,283,30122.75,30122.75,0.00
2026-07-01 09:36:08,30122.75,30139.25,30121.75,30135.50,636,30135.50,30135.50,0.00
2026-07-01 09:36:09,30136.00,30140.00,30130.75,30132.25,511,30132.25,30132.25,0.00
2026-07-01 09:36:10,30132.25,30137.50,30131.25,30132.75,333,30132.75,30132.75,0.00
2026-07-01 09:36:11,30133.25,30136.25,30129.00,30134.50,289,30134.50,30134.50,0.00
2026-07-01 09:36:12,30134.25,30136.00,30130.25,30134.25,401,30134.25,30134.25,0.00
2026-07-01 09:36:13,30134.25,30139.25,30131.00,30132.25,256,30132.25,30132.25,0.00
2026-07-01 09:36:14,30132.00,30136.75,30131.50,30132.75,256,30132.75,30132.75,0.00
2026-07-01 09:36:15,30131.75,30134.00,30126.00,30126.75,188,30126.75,30126.75,0.00
2026-07-01 09:36:16,30126.50,30127.25,30119.75,30120.75,345,30120.75,30120.75,0.00
2026-07-01 09:36:17,30120.00,30122.25,30115.50,30117.25,268,30117.25,30117.25,0.00
2026-07-01 09:36:18,30118.50,30119.75,30111.00,30114.00,369,30114.00,30114.00,0.00
2026-07-01 09:36:19,30114.50,30126.50,30113.25,30126.00,222,30126.00,30126.00,0.00
2026-07-01 09:36:20,30125.25,30129.00,30124.25,30127.25,229,30127.25,30127.25,0.00
2026-07-01 09:36:21,30127.00,30134.00,30125.75,30128.25,453,30128.25,30128.25,0.00
2026-07-01 09:36:22,30128.25,30128.75,30122.50,30126.75,231,30126.75,30126.75,0.00
2026-07-01 09:36:23,30126.25,30135.75,30126.25,30133.75,296,30133.75,30133.75,0.00
2026-07-01 09:36:24,30133.50,30134.75,30127.25,30129.50,238,30129.50,30129.50,0.00
2026-07-01 09:36:25,30128.50,30133.00,30128.00,30129.75,284,30129.75,30129.75,0.00
2026-07-01 09:36:26,30129.75,30142.75,30128.50,30138.50,350,30138.50,30138.50,0.00
2026-07-01 09:36:27,30138.50,30140.75,30136.50,30137.25,265,30137.25,30137.25,0.00
2026-07-01 09:36:28,30136.25,30138.00,30132.75,30134.00,280,30134.00,30134.00,0.00
2026-07-01 09:36:29,30134.00,30134.75,30130.25,30133.75,137,30133.75,30133.75,0.00
2026-07-01 09:36:30,30135.00,30137.75,30127.50,30129.75,210,30129.75,30129.75,0.00
2026-07-01 09:36:31,30129.75,30129.75,30121.25,30124.75,337,30124.75,30124.75,0.00
2026-07-01 09:36:32,30125.50,30130.50,30124.75,30126.75,255,30126.75,30126.75,0.00
2026-07-01 09:36:33,30127.00,30129.25,30122.25,30124.75,155,30124.75,30124.75,0.00
2026-07-01 09:36:34,30124.50,30125.50,30114.50,30115.75,370,30115.75,30115.75,0.00
2026-07-01 09:36:35,30116.25,30116.25,30112.00,30113.75,263,30113.75,30113.75,0.00
2026-07-01 09:36:36,30114.25,30115.00,30105.75,30108.50,290,30108.50,30108.50,0.00
2026-07-01 09:36:37,30109.00,30109.00,30101.00,30104.50,406,30104.50,30104.50,0.00
2026-07-01 09:36:38,30104.50,30115.75,30104.00,30112.25,451,30112.25,30112.25,0.00
2026-07-01 09:36:39,30112.00,30116.50,30109.50,30112.25,335,30112.25,30112.25,0.00
2026-07-01 09:36:40,30112.00,30112.75,30102.50,30107.75,284,30107.75,30107.75,0.00
2026-07-01 09:36:41,30108.00,30108.00,30104.00,30107.25,225,30107.25,30107.25,0.00
2026-07-01 09:36:42,30107.25,30112.25,30106.00,30107.00,237,30107.00,30107.00,0.00
2026-07-01 09:36:43,30107.00,30111.50,30105.75,30109.25,170,30109.25,30109.25,0.00
2026-07-01 09:36:44,30108.75,30109.75,30104.00,30109.75,344,30109.75,30109.75,0.00
2026-07-01 09:36:45,30110.25,30117.00,30108.75,30117.00,259,30117.00,30117.00,0.00
2026-07-01 09:36:46,30115.50,30115.50,30106.25,30109.25,222,30109.25,30109.25,0.00
2026-07-01 09:36:47,30109.75,30111.50,30107.25,30108.50,173,30108.50,30108.50,0.00
2026-07-01 09:36:48,30109.00,30115.75,30107.75,30112.00,172,30112.00,30112.00,0.00
2026-07-01 09:36:49,30111.25,30116.25,30109.25,30113.50,140,30113.50,30113.50,0.00
2026-07-01 09:36:50,30113.75,30114.00,30108.50,30108.50,163,30108.50,30108.50,0.00
2026-07-01 09:36:51,30109.25,30112.25,30107.25,30110.50,212,30110.50,30110.50,0.00
2026-07-01 09:36:52,30110.00,30123.00,30109.25,30122.50,346,30122.50,30122.50,0.00
2026-07-01 09:36:53,30122.25,30126.00,30121.75,30122.25,244,30122.25,30122.25,0.00
2026-07-01 09:36:54,30123.00,30124.50,30117.75,30118.25,186,30118.25,30118.25,0.00
2026-07-01 09:36:55,30118.75,30119.75,30112.25,30113.50,207,30113.50,30113.50,0.00
2026-07-01 09:36:56,30113.75,30117.00,30110.75,30114.50,170,30114.50,30114.50,0.00
2026-07-01 09:36:57,30113.50,30113.75,30110.50,30112.50,165,30112.50,30112.50,0.00
2026-07-01 09:36:58,30111.25,30119.25,30111.25,30117.75,204,30117.75,30117.75,0.00
2026-07-01 09:36:59,30117.50,30123.25,30117.50,30121.25,235,30121.25,30121.25,0.00
2026-07-01 09:37:00,30122.00,30124.50,30115.25,30117.00,225,30117.00,30117.00,0.00
2026-07-01 09:37:01,30117.00,30122.50,30116.75,30117.75,285,30117.75,30117.75,0.00
2026-07-01 09:37:02,30117.75,30120.25,30113.50,30120.00,237,30120.00,30120.00,0.00
2026-07-01 09:37:03,30120.25,30123.00,30116.25,30121.50,224,30121.50,30121.50,0.00
2026-07-01 09:37:04,30121.25,30137.25,30121.25,30136.50,343,30136.50,30136.50,0.00
2026-07-01 09:37:05,30136.25,30147.25,30136.00,30146.75,620,30146.75,30146.75,0.00
2026-07-01 09:37:06,30146.25,30157.25,30146.25,30155.50,750,30155.50,30155.50,0.00
2026-07-01 09:37:07,30155.75,30160.00,30153.25,30156.00,567,30156.00,30156.00,0.00
2026-07-01 09:37:08,30155.75,30156.75,30152.00,30156.25,409,30156.25,30156.25,0.00
2026-07-01 09:37:09,30156.25,30159.25,30151.50,30158.75,409,30158.75,30158.75,0.00
2026-07-01 09:37:10,30159.00,30162.25,30157.75,30158.75,346,30158.75,30158.75,0.00
2026-07-01 09:37:11,30158.00,30159.00,30155.75,30158.50,246,30158.50,30158.50,0.00
2026-07-01 09:37:12,30158.25,30158.25,30150.75,30151.75,324,30151.75,30151.75,0.00
2026-07-01 09:37:13,30151.50,30154.25,30151.00,30152.75,255,30152.75,30152.75,0.00
2026-07-01 09:37:14,30151.50,30154.25,30140.00,30140.50,401,30140.50,30140.50,0.00
2026-07-01 09:37:15,30140.50,30143.00,30138.00,30140.25,390,30140.25,30140.25,0.00
2026-07-01 09:37:16,30140.75,30142.50,30137.25,30137.75,237,30137.75,30137.75,0.00
2026-07-01 09:37:17,30137.50,30138.50,30134.25,30138.50,194,30138.50,30138.50,0.00
2026-07-01 09:37:18,30139.00,30155.75,30138.25,30153.00,388,30153.00,30153.00,0.00
2026-07-01 09:37:19,30152.75,30154.00,30148.00,30149.50,268,30149.50,30149.50,0.00
2026-07-01 09:37:20,30150.50,30158.50,30149.50,30153.25,313,30153.25,30153.25,0.00
2026-07-01 09:37:21,30154.00,30156.25,30149.00,30153.00,245,30153.00,30153.00,0.00
2026-07-01 09:37:22,30153.25,30156.25,30150.75,30153.75,284,30153.75,30153.75,0.00
2026-07-01 09:37:23,30155.00,30161.00,30153.00,30159.50,184,30159.50,30159.50,0.00
2026-07-01 09:37:24,30159.00,30161.00,30154.75,30156.75,221,30156.75,30156.75,0.00
2026-07-01 09:37:25,30156.50,30157.25,30151.50,30152.25,241,30152.25,30152.25,0.00
2026-07-01 09:37:26,30151.75,30154.25,30144.25,30147.25,172,30147.25,30147.25,0.00
2026-07-01 09:37:27,30147.00,30150.25,30145.50,30147.50,166,30147.50,30147.50,0.00
2026-07-01 09:37:28,30147.25,30151.75,30144.50,30150.50,289,30150.50,30150.50,0.00
2026-07-01 09:37:29,30150.25,30150.50,30141.75,30144.50,226,30144.50,30144.50,0.00
2026-07-01 09:37:30,30144.00,30147.00,30143.50,30145.00,203,30145.00,30145.00,0.00
2026-07-01 09:37:31,30144.25,30145.25,30138.75,30143.50,235,30143.50,30143.50,0.00
2026-07-01 09:37:32,30143.50,30146.75,30138.00,30139.50,189,30139.50,30139.50,0.00
2026-07-01 09:37:33,30138.75,30140.00,30133.50,30136.25,260,30136.25,30136.25,0.00
2026-07-01 09:37:34,30137.00,30143.75,30137.00,30140.75,184,30140.75,30140.75,0.00
2026-07-01 09:37:35,30141.25,30145.75,30141.25,30142.25,130,30142.25,30142.25,0.00
2026-07-01 09:37:36,30141.75,30146.75,30141.75,30144.25,151,30144.25,30144.25,0.00
2026-07-01 09:37:37,30144.25,30145.00,30139.75,30142.00,221,30142.00,30142.00,0.00
2026-07-01 09:37:38,30142.75,30146.50,30140.00,30146.50,159,30146.50,30146.50,0.00
2026-07-01 09:37:39,30145.50,30147.50,30143.75,30145.25,148,30145.25,30145.25,0.00
2026-07-01 09:37:40,30145.25,30145.75,30138.50,30139.00,138,30139.00,30139.00,0.00
2026-07-01 09:37:41,30139.00,30140.75,30130.25,30135.75,373,30135.75,30135.75,0.00
2026-07-01 09:37:42,30134.75,30135.00,30131.25,30132.75,240,30132.75,30132.75,0.00
2026-07-01 09:37:43,30132.50,30138.75,30132.00,30138.00,278,30138.00,30138.00,0.00
2026-07-01 09:37:44,30135.25,30140.00,30134.25,30138.50,159,30138.50,30138.50,0.00
2026-07-01 09:37:45,30138.25,30141.75,30133.00,30135.75,157,30135.75,30135.75,0.00
2026-07-01 09:37:46,30136.50,30144.25,30135.00,30136.75,172,30136.75,30136.75,0.00
2026-07-01 09:37:47,30138.50,30138.50,30133.00,30135.00,237,30135.00,30135.00,0.00
2026-07-01 09:37:48,30134.75,30138.50,30131.00,30133.00,206,30133.00,30133.00,0.00
2026-07-01 09:37:49,30132.50,30136.25,30119.75,30121.50,478,30121.50,30121.50,0.00
2026-07-01 09:37:50,30121.00,30126.00,30120.25,30123.00,196,30123.00,30123.00,0.00
2026-07-01 09:37:51,30123.00,30130.00,30123.00,30128.75,254,30128.75,30128.75,0.00
2026-07-01 09:37:52,30129.00,30133.75,30126.75,30133.75,133,30133.75,30133.75,0.00
2026-07-01 09:37:53,30133.50,30135.25,30127.00,30132.00,153,30132.00,30132.00,0.00
2026-07-01 09:37:54,30132.75,30133.00,30116.75,30118.00,296,30118.00,30118.00,0.00
2026-07-01 09:37:55,30118.25,30120.00,30116.25,30117.25,146,30117.25,30117.25,0.00
2026-07-01 09:37:56,30117.50,30125.00,30117.50,30123.25,227,30123.25,30123.25,0.00
2026-07-01 09:37:57,30124.50,30125.75,30121.50,30124.00,188,30124.00,30124.00,0.00
2026-07-01 09:37:58,30123.00,30126.00,30119.75,30119.75,143,30119.75,30119.75,0.00
2026-07-01 09:37:59,30120.25,30120.25,30112.25,30114.50,239,30114.50,30114.50,0.00
2026-07-01 09:38:00,30114.50,30119.25,30114.50,30119.00,185,30119.00,30119.00,0.00
2026-07-01 09:38:01,30119.25,30121.75,30113.75,30115.75,253,30115.75,30115.75,0.00
2026-07-01 09:38:02,30116.00,30122.25,30115.50,30120.25,265,30120.25,30120.25,0.00
2026-07-01 09:38:03,30120.25,30126.50,30114.00,30123.50,256,30123.50,30123.50,0.00
2026-07-01 09:38:04,30123.75,30125.75,30118.75,30125.00,195,30125.00,30125.00,0.00
2026-07-01 09:38:05,30123.75,30124.75,30112.25,30112.25,404,30112.25,30112.25,0.00
2026-07-01 09:38:06,30112.25,30114.75,30107.50,30109.50,433,30109.50,30109.50,0.00
2026-07-01 09:38:07,30110.25,30115.25,30108.50,30113.00,353,30113.00,30113.00,0.00
2026-07-01 09:38:08,30113.00,30118.00,30110.50,30111.50,224,30111.50,30111.50,0.00
2026-07-01 09:38:09,30109.75,30111.50,30104.00,30106.25,240,30106.25,30106.25,0.00
2026-07-01 09:38:10,30105.75,30106.50,30099.00,30102.25,406,30102.25,30102.25,0.00
2026-07-01 09:38:11,30102.00,30111.50,30101.50,30108.00,321,30108.00,30108.00,0.00
2026-07-01 09:38:12,30108.25,30121.50,30107.25,30120.50,437,30120.50,30120.50,0.00
2026-07-01 09:38:13,30119.25,30128.50,30119.25,30125.25,247,30125.25,30125.25,0.00
2026-07-01 09:38:14,30125.00,30127.50,30120.50,30120.50,201,30120.50,30120.50,0.00
2026-07-01 09:38:15,30122.25,30122.50,30116.00,30119.50,185,30119.50,30119.50,0.00
2026-07-01 09:38:16,30119.25,30120.00,30111.50,30113.25,120,30113.25,30113.25,0.00
2026-07-01 09:38:17,30113.50,30117.00,30111.75,30116.25,110,30116.25,30116.25,0.00
2026-07-01 09:38:18,30115.25,30127.50,30115.25,30126.50,269,30126.50,30126.50,0.00
2026-07-01 09:38:19,30127.25,30135.75,30127.25,30133.00,352,30133.00,30133.00,0.00
2026-07-01 09:38:20,30133.00,30138.00,30131.50,30135.50,274,30135.50,30135.50,0.00
2026-07-01 09:38:21,30136.00,30139.75,30132.25,30137.25,382,30137.25,30137.25,0.00
2026-07-01 09:38:22,30137.00,30141.25,30132.50,30135.25,392,30135.25,30135.25,0.00
2026-07-01 09:38:23,30135.25,30135.25,30128.50,30128.75,269,30128.75,30128.75,0.00
2026-07-01 09:38:24,30129.75,30133.75,30129.50,30130.50,139,30130.50,30130.50,0.00
2026-07-01 09:38:25,30130.75,30131.00,30123.25,30126.50,211,30126.50,30126.50,0.00
2026-07-01 09:38:26,30125.00,30127.50,30121.75,30126.50,222,30126.50,30126.50,0.00
2026-07-01 09:38:27,30127.00,30133.25,30125.25,30129.50,170,30129.50,30129.50,0.00
2026-07-01 09:38:28,30129.00,30129.75,30122.50,30123.50,123,30123.50,30123.50,0.00
2026-07-01 09:38:29,30123.25,30123.75,30110.25,30112.75,249,30112.75,30112.75,0.00
2026-07-01 09:38:30,30113.25,30115.00,30108.50,30111.75,228,30111.75,30111.75,0.00
2026-07-01 09:38:31,30111.75,30114.25,30108.50,30112.00,193,30112.00,30112.00,0.00
2026-07-01 09:38:32,30111.50,30117.50,30111.25,30114.25,210,30114.25,30114.25,0.00
2026-07-01 09:38:33,30115.25,30115.75,30110.50,30111.75,251,30111.75,30111.75,0.00
2026-07-01 09:38:34,30111.75,30111.75,30102.75,30103.25,342,30103.25,30103.25,0.00
2026-07-01 09:38:35,30103.50,30108.00,30102.50,30104.75,200,30104.75,30104.75,0.00
2026-07-01 09:38:36,30105.25,30105.25,30100.75,30100.75,172,30100.75,30100.75,0.00
2026-07-01 09:38:37,30100.75,30101.50,30094.00,30098.75,515,30098.75,30098.75,0.00
2026-07-01 09:38:38,30099.00,30101.75,30097.50,30099.25,223,30099.25,30099.25,0.00
2026-07-01 09:38:39,30099.25,30101.00,30097.50,30099.25,228,30099.25,30099.25,0.00
2026-07-01 09:38:40,30099.25,30101.75,30097.75,30099.25,153,30099.25,30099.25,0.00
2026-07-01 09:38:41,30100.00,30105.75,30095.00,30105.00,274,30105.00,30105.00,0.00
2026-07-01 09:38:42,30105.50,30106.50,30101.75,30102.75,197,30102.75,30102.75,0.00
2026-07-01 09:38:43,30102.75,30109.25,30102.00,30107.75,166,30107.75,30107.75,0.00
2026-07-01 09:38:44,30107.00,30115.50,30104.75,30110.50,241,30110.50,30110.50,0.00
2026-07-01 09:38:45,30110.75,30110.75,30104.00,30105.75,185,30105.75,30105.75,0.00
2026-07-01 09:38:46,30107.25,30110.25,30104.75,30108.75,121,30108.75,30108.75,0.00
2026-07-01 09:38:47,30107.75,30111.25,30105.50,30107.50,203,30107.50,30107.50,0.00
2026-07-01 09:38:48,30107.50,30109.75,30103.75,30105.75,157,30105.75,30105.75,0.00
2026-07-01 09:38:49,30105.75,30110.25,30105.25,30109.75,112,30109.75,30109.75,0.00
2026-07-01 09:38:50,30110.25,30114.75,30105.00,30105.25,156,30105.25,30105.25,0.00
2026-07-01 09:38:51,30105.00,30107.00,30101.75,30101.75,179,30101.75,30101.75,0.00
2026-07-01 09:38:52,30101.25,30102.50,30099.25,30101.75,143,30101.75,30101.75,0.00
2026-07-01 09:38:53,30103.00,30105.00,30099.50,30101.75,108,30101.75,30101.75,0.00
2026-07-01 09:38:54,30101.00,30102.25,30094.00,30098.75,197,30098.75,30098.75,0.00
2026-07-01 09:38:55,30098.00,30100.25,30094.75,30099.50,162,30099.50,30099.50,0.00
2026-07-01 09:38:56,30099.25,30104.25,30098.00,30101.25,173,30101.25,30101.25,0.00
2026-07-01 09:38:57,30100.50,30107.75,30100.50,30105.25,193,30105.25,30105.25,0.00
2026-07-01 09:38:58,30105.00,30110.00,30101.25,30110.00,338,30110.00,30110.00,0.00
2026-07-01 09:38:59,30109.50,30119.00,30109.50,30118.25,251,30118.25,30118.25,0.00
2026-07-01 09:39:00,30117.50,30120.25,30114.25,30118.75,187,30118.75,30118.75,0.00
2026-07-01 09:39:01,30118.25,30122.25,30117.50,30118.25,264,30118.25,30118.25,0.00
2026-07-01 09:39:02,30117.75,30122.00,30112.00,30115.75,273,30115.75,30115.75,0.00
2026-07-01 09:39:03,30116.25,30117.50,30108.50,30111.00,177,30111.00,30111.00,0.00
2026-07-01 09:39:04,30111.50,30113.50,30107.00,30109.00,199,30109.00,30109.00,0.00
2026-07-01 09:39:05,30108.75,30113.25,30104.75,30112.50,209,30112.50,30112.50,0.00
2026-07-01 09:39:06,30111.75,30113.00,30109.25,30110.75,104,30110.75,30110.75,0.00
2026-07-01 09:39:07,30111.00,30115.00,30110.75,30114.75,123,30114.75,30114.75,0.00
2026-07-01 09:39:08,30113.50,30122.75,30113.25,30120.25,202,30120.25,30120.25,0.00
2026-07-01 09:39:09,30119.75,30120.50,30108.50,30108.50,277,30108.50,30108.50,0.00
2026-07-01 09:39:10,30108.50,30114.50,30106.50,30112.25,172,30112.25,30112.25,0.00
2026-07-01 09:39:11,30111.75,30111.75,30104.25,30106.25,186,30106.25,30106.25,0.00
2026-07-01 09:39:12,30106.50,30108.25,30104.25,30107.25,153,30107.25,30107.25,0.00
2026-07-01 09:39:13,30107.00,30113.25,30106.00,30109.25,143,30109.25,30109.25,0.00
2026-07-01 09:39:14,30110.00,30110.50,30101.25,30101.25,124,30101.25,30101.25,0.00
2026-07-01 09:39:15,30101.25,30105.25,30100.25,30103.00,154,30103.00,30103.00,0.00
2026-07-01 09:39:16,30102.75,30104.50,30099.00,30104.25,217,30104.25,30104.25,0.00
2026-07-01 09:39:17,30104.25,30111.00,30103.00,30104.50,197,30104.50,30104.50,0.00
2026-07-01 09:39:18,30104.75,30109.00,30102.25,30105.75,177,30105.75,30105.75,0.00
2026-07-01 09:39:19,30104.25,30107.25,30100.75,30104.25,170,30104.25,30104.25,0.00
2026-07-01 09:39:20,30103.75,30103.75,30097.75,30099.00,150,30099.00,30099.00,0.00
2026-07-01 09:39:21,30100.00,30100.00,30096.75,30098.50,199,30098.50,30098.50,0.00
2026-07-01 09:39:22,30098.00,30102.00,30096.75,30102.00,162,30102.00,30102.00,0.00
2026-07-01 09:39:23,30101.50,30104.00,30099.25,30103.25,160,30103.25,30103.25,0.00
2026-07-01 09:39:24,30102.25,30110.50,30098.75,30108.75,229,30108.75,30108.75,0.00
2026-07-01 09:39:25,30108.00,30121.25,30107.25,30121.00,321,30121.00,30121.00,0.00
2026-07-01 09:39:26,30120.50,30126.25,30114.75,30116.00,321,30116.00,30116.00,0.00
2026-07-01 09:39:27,30115.75,30117.25,30113.75,30115.25,189,30115.25,30115.25,0.00
2026-07-01 09:39:28,30116.50,30118.75,30112.00,30116.75,181,30116.75,30116.75,0.00
2026-07-01 09:39:29,30116.50,30117.25,30112.00,30113.75,155,30113.75,30113.75,0.00
2026-07-01 09:39:30,30114.25,30116.25,30111.75,30113.50,125,30113.50,30113.50,0.00
2026-07-01 09:39:31,30114.25,30120.00,30113.50,30116.00,198,30116.00,30116.00,0.00
2026-07-01 09:39:32,30115.00,30116.00,30111.25,30111.75,118,30111.75,30111.75,0.00
2026-07-01 09:39:33,30112.00,30113.75,30106.25,30111.50,221,30111.50,30111.50,0.00
2026-07-01 09:39:34,30111.00,30115.25,30110.25,30112.50,98,30112.50,30112.50,0.00
2026-07-01 09:39:35,30112.25,30119.00,30112.25,30115.25,127,30115.25,30115.25,0.00
2026-07-01 09:39:36,30115.50,30128.00,30114.00,30124.50,221,30124.50,30124.50,0.00
2026-07-01 09:39:37,30125.25,30126.75,30121.50,30122.25,237,30122.25,30122.25,0.00
2026-07-01 09:39:38,30121.50,30122.25,30116.75,30119.00,125,30119.00,30119.00,0.00
2026-07-01 09:39:39,30119.25,30121.75,30116.75,30117.00,143,30117.00,30117.00,0.00
2026-07-01 09:39:40,30117.25,30123.00,30117.00,30119.25,98,30119.25,30119.25,0.00
2026-07-01 09:39:41,30118.00,30121.25,30116.00,30120.00,120,30120.00,30120.00,0.00
2026-07-01 09:39:42,30119.25,30121.50,30113.50,30114.75,165,30114.75,30114.75,0.00
2026-07-01 09:39:43,30115.00,30131.50,30115.00,30129.75,267,30129.75,30129.75,0.00
2026-07-01 09:39:44,30129.75,30134.25,30126.75,30134.00,265,30134.00,30134.00,0.00
2026-07-01 09:39:45,30133.50,30134.75,30130.25,30131.00,344,30131.00,30131.00,0.00
2026-07-01 09:39:46,30132.00,30141.50,30132.00,30136.50,490,30136.50,30136.50,0.00
2026-07-01 09:39:47,30137.25,30139.00,30128.75,30130.75,436,30130.75,30130.75,0.00
2026-07-01 09:39:48,30131.25,30133.25,30127.50,30127.50,290,30127.50,30127.50,0.00
2026-07-01 09:39:49,30126.75,30129.00,30121.50,30127.75,222,30127.75,30127.75,0.00
2026-07-01 09:39:50,30128.00,30128.50,30123.75,30125.25,120,30125.25,30125.25,0.00
2026-07-01 09:39:51,30125.75,30136.75,30124.00,30134.00,225,30134.00,30134.00,0.00
2026-07-01 09:39:52,30134.25,30142.50,30134.25,30139.00,268,30139.00,30139.00,0.00
2026-07-01 09:39:53,30139.75,30140.75,30135.50,30138.25,183,30138.25,30138.25,0.00
2026-07-01 09:39:54,30138.75,30141.00,30132.00,30132.50,169,30132.50,30132.50,0.00
2026-07-01 09:39:55,30132.50,30137.00,30131.25,30136.25,196,30136.25,30136.25,0.00
2026-07-01 09:39:56,30136.75,30137.75,30127.25,30127.25,241,30127.25,30127.25,0.00
2026-07-01 09:39:57,30126.50,30129.25,30124.75,30128.00,154,30128.00,30128.00,0.00
2026-07-01 09:39:58,30127.75,30128.75,30119.25,30119.75,195,30119.75,30119.75,0.00
2026-07-01 09:39:59,30120.75,30121.50,30116.50,30118.75,270,30118.75,30118.75,0.00
2026-07-01 09:40:00,30119.00,30119.25,30112.75,30115.25,281,30115.25,30115.25,0.00
2026-07-01 09:40:01,30114.50,30115.75,30102.50,30102.50,489,30102.50,30102.50,0.00
2026-07-01 09:40:02,30102.25,30106.25,30096.00,30105.75,639,30105.75,30105.75,0.00
2026-07-01 09:40:03,30106.50,30110.75,30105.00,30107.75,349,30107.75,30107.75,0.00
2026-07-01 09:40:04,30108.25,30116.50,30107.25,30116.00,436,30116.00,30116.00,0.00
2026-07-01 09:40:05,30116.00,30119.00,30113.00,30115.50,258,30115.50,30115.50,0.00
2026-07-01 09:40:06,30115.00,30122.75,30114.50,30116.50,230,30116.50,30116.50,0.00
2026-07-01 09:40:07,30116.00,30125.75,30115.50,30124.25,222,30124.25,30124.25,0.00
2026-07-01 09:40:08,30123.75,30135.50,30123.50,30134.00,320,30134.00,30134.00,0.00
2026-07-01 09:40:09,30134.25,30137.00,30131.00,30131.75,287,30131.75,30131.75,0.00
2026-07-01 09:40:10,30132.50,30134.00,30126.00,30133.00,240,30133.00,30133.00,0.00
2026-07-01 09:40:11,30131.25,30146.75,30129.50,30142.75,675,30142.75,30142.75,0.00
2026-07-01 09:40:12,30143.00,30146.00,30139.75,30141.25,225,30141.25,30141.25,0.00
2026-07-01 09:40:13,30140.50,30143.50,30132.50,30137.50,327,30137.50,30137.50,0.00
2026-07-01 09:40:14,30137.00,30139.25,30134.00,30136.50,273,30136.50,30136.50,0.00
2026-07-01 09:40:15,30136.50,30144.25,30136.50,30142.25,312,30142.25,30142.25,0.00
2026-07-01 09:40:16,30142.25,30143.50,30139.50,30141.50,194,30141.50,30141.50,0.00
2026-07-01 09:40:17,30141.00,30142.25,30131.50,30132.50,320,30132.50,30132.50,0.00
2026-07-01 09:40:18,30132.75,30137.25,30130.00,30134.75,325,30134.75,30134.75,0.00
2026-07-01 09:40:19,30134.75,30145.00,30132.50,30141.00,259,30141.00,30141.00,0.00
2026-07-01 09:40:20,30141.75,30149.50,30141.00,30148.50,331,30148.50,30148.50,0.00
2026-07-01 09:40:21,30148.25,30152.75,30147.00,30149.00,393,30149.00,30149.00,0.00
2026-07-01 09:40:22,30149.50,30151.25,30147.00,30150.50,237,30150.50,30150.50,0.00
2026-07-01 09:40:23,30149.75,30150.75,30143.75,30145.75,167,30145.75,30145.75,0.00
2026-07-01 09:40:24,30145.00,30147.75,30140.50,30144.75,307,30144.75,30144.75,0.00
2026-07-01 09:40:25,30144.00,30147.25,30140.75,30142.00,208,30142.00,30142.00,0.00
2026-07-01 09:40:26,30141.25,30145.50,30140.25,30142.00,166,30142.00,30142.00,0.00
2026-07-01 09:40:27,30141.75,30142.25,30135.75,30141.00,215,30141.00,30141.00,0.00
2026-07-01 09:40:28,30140.25,30156.50,30140.00,30154.25,342,30154.25,30154.25,0.00
2026-07-01 09:40:29,30154.75,30155.25,30148.00,30150.50,399,30150.50,30150.50,0.00
2026-07-01 09:40:30,30151.25,30159.00,30150.75,30150.75,393,30150.75,30150.75,0.00
2026-07-01 09:40:31,30150.75,30152.50,30148.75,30152.50,252,30152.50,30152.50,0.00
2026-07-01 09:40:32,30153.25,30157.00,30152.25,30155.75,234,30155.75,30155.75,0.00
2026-07-01 09:40:33,30155.50,30155.50,30150.25,30154.00,175,30154.00,30154.00,0.00
2026-07-01 09:40:34,30154.50,30160.25,30153.75,30156.25,302,30156.25,30156.25,0.00
2026-07-01 09:40:35,30156.75,30157.75,30150.50,30153.50,267,30153.50,30153.50,0.00
2026-07-01 09:40:36,30153.75,30157.75,30153.25,30155.00,155,30155.00,30155.00,0.00
2026-07-01 09:40:37,30156.00,30164.25,30155.50,30159.50,459,30159.50,30159.50,0.00
2026-07-01 09:40:38,30159.25,30159.25,30151.50,30154.25,327,30154.25,30154.25,0.00
2026-07-01 09:40:39,30153.75,30155.75,30150.25,30152.00,224,30152.00,30152.00,0.00
2026-07-01 09:40:40,30151.75,30159.25,30151.00,30159.25,238,30159.25,30159.25,0.00
2026-07-01 09:40:41,30157.75,30161.75,30155.75,30159.50,180,30159.50,30159.50,0.00
2026-07-01 09:40:42,30158.75,30159.50,30147.75,30151.75,460,30151.75,30151.75,0.00
2026-07-01 09:40:43,30152.00,30156.75,30150.50,30154.75,130,30154.75,30154.75,0.00
2026-07-01 09:40:44,30154.00,30156.75,30153.75,30156.25,88,30156.25,30156.25,0.00
2026-07-01 09:40:45,30156.25,30157.50,30145.50,30151.25,241,30151.25,30151.25,0.00
2026-07-01 09:40:46,30151.00,30156.25,30150.50,30153.00,179,30153.00,30153.00,0.00
2026-07-01 09:40:47,30153.00,30157.75,30152.50,30154.75,90,30154.75,30154.75,0.00
2026-07-01 09:40:48,30154.50,30154.50,30147.75,30148.00,114,30148.00,30148.00,0.00
2026-07-01 09:40:49,30148.25,30152.00,30145.25,30146.75,137,30146.75,30146.75,0.00
2026-07-01 09:40:50,30146.25,30148.00,30144.25,30147.00,163,30147.00,30147.00,0.00
2026-07-01 09:40:51,30147.25,30148.75,30133.25,30135.50,369,30135.50,30135.50,0.00
2026-07-01 09:40:52,30135.00,30135.25,30122.00,30127.00,657,30127.00,30127.00,0.00
2026-07-01 09:40:53,30127.00,30140.00,30126.25,30139.00,293,30139.00,30139.00,0.00
2026-07-01 09:40:54,30138.25,30143.75,30135.50,30142.75,121,30142.75,30142.75,0.00
2026-07-01 09:40:55,30143.00,30143.25,30138.25,30142.00,149,30142.00,30142.00,0.00
2026-07-01 09:40:56,30142.00,30147.25,30141.25,30146.00,81,30146.00,30146.00,0.00
2026-07-01 09:40:57,30144.75,30147.00,30143.75,30146.25,66,30146.25,30146.25,0.00
2026-07-01 09:40:58,30147.00,30149.75,30145.25,30148.75,151,30148.75,30148.75,0.00
2026-07-01 09:40:59,30149.00,30153.00,30148.50,30150.00,162,30150.00,30150.00,0.00
2026-07-01 09:41:00,30150.25,30150.25,30145.00,30145.50,113,30145.50,30145.50,0.00
2026-07-01 09:41:01,30146.25,30147.75,30142.75,30142.75,141,30142.75,30142.75,0.00
2026-07-01 09:41:02,30143.25,30143.75,30133.50,30135.25,306,30135.25,30135.25,0.00
2026-07-01 09:41:03,30135.00,30136.00,30129.75,30130.75,231,30130.75,30130.75,0.00
2026-07-01 09:41:04,30131.00,30131.75,30121.00,30122.25,316,30122.25,30122.25,0.00
2026-07-01 09:41:05,30123.00,30127.00,30121.25,30125.50,268,30125.50,30125.50,0.00
2026-07-01 09:41:06,30125.00,30131.50,30123.00,30131.50,257,30131.50,30131.50,0.00
2026-07-01 09:41:07,30129.50,30145.25,30129.50,30145.25,310,30145.25,30145.25,0.00
2026-07-01 09:41:08,30144.50,30145.75,30142.75,30145.00,167,30145.00,30145.00,0.00
2026-07-01 09:41:09,30144.50,30150.25,30142.25,30143.75,310,30143.75,30143.75,0.00
2026-07-01 09:41:10,30143.75,30152.25,30143.50,30151.50,280,30151.50,30151.50,0.00
2026-07-01 09:41:11,30151.00,30155.00,30148.50,30150.75,277,30150.75,30150.75,0.00
2026-07-01 09:41:12,30150.75,30155.25,30146.50,30149.75,275,30149.75,30149.75,0.00
2026-07-01 09:41:13,30148.75,30159.00,30147.50,30158.75,267,30158.75,30158.75,0.00
2026-07-01 09:41:14,30158.75,30161.00,30156.50,30160.75,248,30160.75,30160.75,0.00
2026-07-01 09:41:15,30161.25,30161.25,30153.25,30153.25,291,30153.25,30153.25,0.00
2026-07-01 09:41:16,30154.00,30160.00,30151.50,30152.75,246,30152.75,30152.75,0.00
2026-07-01 09:41:17,30152.25,30157.00,30151.25,30154.50,130,30154.50,30154.50,0.00
2026-07-01 09:41:18,30154.50,30162.75,30153.50,30160.50,295,30160.50,30160.50,0.00
2026-07-01 09:41:19,30159.50,30162.00,30159.00,30160.25,205,30160.25,30160.25,0.00
2026-07-01 09:41:20,30160.00,30166.75,30157.50,30164.25,436,30164.25,30164.25,0.00
2026-07-01 09:41:21,30163.75,30165.00,30156.00,30160.75,391,30160.75,30160.75,0.00
2026-07-01 09:41:22,30162.00,30165.25,30161.00,30162.00,221,30162.00,30162.00,0.00
2026-07-01 09:41:23,30162.50,30171.75,30162.00,30166.75,545,30166.75,30166.75,0.00
2026-07-01 09:41:24,30166.25,30167.75,30164.25,30166.50,260,30166.50,30166.50,0.00
2026-07-01 09:41:25,30166.00,30167.25,30159.50,30161.50,384,30161.50,30161.50,0.00
2026-07-01 09:41:26,30160.75,30162.25,30156.50,30159.25,202,30159.25,30159.25,0.00
2026-07-01 09:41:27,30158.75,30173.00,30158.25,30172.00,259,30172.00,30172.00,0.00
2026-07-01 09:41:28,30172.25,30177.25,30171.25,30174.75,525,30174.75,30174.75,0.00
2026-07-01 09:41:29,30173.75,30184.25,30173.00,30183.00,580,30183.00,30183.00,0.00
2026-07-01 09:41:30,30183.00,30184.00,30179.25,30179.50,411,30179.50,30179.50,0.00
2026-07-01 09:41:31,30179.75,30182.25,30178.50,30180.00,353,30180.00,30180.00,0.00
2026-07-01 09:41:32,30179.75,30180.75,30172.75,30174.25,357,30174.25,30174.25,0.00
2026-07-01 09:41:33,30175.00,30175.00,30165.25,30167.25,337,30167.25,30167.25,0.00
2026-07-01 09:41:34,30167.00,30171.25,30165.75,30171.00,228,30171.00,30171.00,0.00
2026-07-01 09:41:35,30171.25,30173.25,30167.25,30173.00,207,30173.00,30173.00,0.00
2026-07-01 09:41:36,30173.00,30177.25,30172.50,30173.25,222,30173.25,30173.25,0.00
2026-07-01 09:41:37,30173.25,30175.00,30167.50,30169.00,151,30169.00,30169.00,0.00
2026-07-01 09:41:38,30169.50,30173.75,30168.00,30173.50,128,30173.50,30173.50,0.00
2026-07-01 09:41:39,30172.50,30176.50,30159.00,30163.50,300,30163.50,30163.50,0.00
2026-07-01 09:41:40,30163.25,30169.00,30160.75,30167.50,177,30167.50,30167.50,0.00
2026-07-01 09:41:41,30168.00,30175.50,30168.00,30172.75,284,30172.75,30172.75,0.00
2026-07-01 09:41:42,30172.75,30172.75,30160.50,30160.75,221,30160.75,30160.75,0.00
2026-07-01 09:41:43,30160.25,30164.25,30159.00,30162.00,208,30162.00,30162.00,0.00
2026-07-01 09:41:44,30162.00,30167.75,30161.00,30165.50,163,30165.50,30165.50,0.00
2026-07-01 09:41:45,30166.00,30167.75,30161.75,30164.00,145,30164.00,30164.00,0.00
2026-07-01 09:41:46,30164.25,30170.00,30161.00,30170.00,158,30170.00,30170.00,0.00
2026-07-01 09:41:47,30168.75,30176.00,30168.25,30172.00,235,30172.00,30172.00,0.00
2026-07-01 09:41:48,30171.75,30172.50,30166.75,30169.00,169,30169.00,30169.00,0.00
2026-07-01 09:41:49,30169.25,30172.50,30159.00,30160.75,168,30160.75,30160.75,0.00
2026-07-01 09:41:50,30160.50,30169.50,30160.50,30169.50,117,30169.50,30169.50,0.00
2026-07-01 09:41:51,30169.50,30175.50,30168.25,30173.50,159,30173.50,30173.50,0.00
2026-07-01 09:41:52,30172.75,30174.50,30171.00,30173.75,142,30173.75,30173.75,0.00
2026-07-01 09:41:53,30173.00,30174.25,30168.50,30172.50,136,30172.50,30172.50,0.00
2026-07-01 09:41:54,30173.00,30177.50,30172.25,30176.75,171,30176.75,30176.75,0.00
2026-07-01 09:41:55,30175.50,30175.75,30168.00,30169.50,156,30169.50,30169.50,0.00
2026-07-01 09:41:56,30169.00,30171.25,30165.75,30169.00,204,30169.00,30169.00,0.00
2026-07-01 09:41:57,30169.00,30170.50,30164.25,30164.25,166,30164.25,30164.25,0.00
2026-07-01 09:41:58,30164.50,30165.00,30159.75,30160.75,207,30160.75,30160.75,0.00
2026-07-01 09:41:59,30161.50,30162.00,30153.75,30158.25,259,30158.25,30158.25,0.00
2026-07-01 09:42:00,30158.25,30162.00,30157.25,30162.00,162,30162.00,30162.00,0.00
2026-07-01 09:42:01,30162.00,30171.75,30161.00,30167.50,240,30167.50,30167.50,0.00
2026-07-01 09:42:02,30167.25,30170.25,30166.75,30167.50,104,30167.50,30167.50,0.00
2026-07-01 09:42:03,30167.00,30168.75,30153.25,30153.75,298,30153.75,30153.75,0.00
2026-07-01 09:42:04,30155.25,30159.50,30150.50,30157.25,375,30157.25,30157.25,0.00
2026-07-01 09:42:05,30157.75,30159.00,30150.75,30152.50,168,30152.50,30152.50,0.00
2026-07-01 09:42:06,30154.75,30155.50,30148.00,30151.25,279,30151.25,30151.25,0.00
2026-07-01 09:42:07,30150.25,30158.25,30146.75,30158.25,294,30158.25,30158.25,0.00
2026-07-01 09:42:08,30158.50,30161.50,30157.00,30161.00,204,30161.00,30161.00,0.00
2026-07-01 09:42:09,30161.50,30163.00,30156.50,30158.25,194,30158.25,30158.25,0.00
2026-07-01 09:42:10,30158.25,30162.75,30155.75,30160.25,112,30160.25,30160.25,0.00
2026-07-01 09:42:11,30159.50,30162.00,30156.00,30157.00,128,30157.00,30157.00,0.00
2026-07-01 09:42:12,30155.75,30158.75,30153.00,30157.25,89,30157.25,30157.25,0.00
2026-07-01 09:42:13,30156.50,30158.50,30153.50,30157.25,110,30157.25,30157.25,0.00
2026-07-01 09:42:14,30157.75,30162.50,30154.50,30155.50,149,30155.50,30155.50,0.00
2026-07-01 09:42:15,30155.50,30163.00,30150.75,30161.00,72,30161.00,30161.00,0.00
2026-07-01 09:42:16,30159.75,30163.00,30158.75,30161.25,72,30161.25,30161.25,0.00
2026-07-01 09:42:17,30159.75,30161.25,30157.75,30160.25,99,30160.25,30160.25,0.00
2026-07-01 09:42:18,30159.50,30161.25,30157.50,30159.50,82,30159.50,30159.50,0.00
2026-07-01 09:42:19,30160.00,30160.00,30154.75,30156.50,111,30156.50,30156.50,0.00
2026-07-01 09:42:20,30156.00,30158.75,30153.50,30156.75,128,30156.75,30156.75,0.00
2026-07-01 09:42:21,30156.25,30161.50,30148.50,30149.75,164,30149.75,30149.75,0.00
2026-07-01 09:42:22,30149.50,30150.25,30142.50,30145.75,278,30145.75,30145.75,0.00
2026-07-01 09:42:23,30144.50,30146.25,30136.75,30140.00,357,30140.00,30140.00,0.00
2026-07-01 09:42:24,30140.75,30147.75,30138.50,30147.75,163,30147.75,30147.75,0.00
2026-07-01 09:42:25,30146.75,30151.50,30146.50,30149.25,135,30149.25,30149.25,0.00
2026-07-01 09:42:26,30149.50,30157.00,30147.25,30154.75,122,30154.75,30154.75,0.00
2026-07-01 09:42:27,30154.25,30161.50,30151.25,30160.75,150,30160.75,30160.75,0.00
2026-07-01 09:42:28,30160.50,30161.25,30153.50,30156.50,103,30156.50,30156.50,0.00
2026-07-01 09:42:29,30155.50,30159.50,30155.00,30156.75,69,30156.75,30156.75,0.00
2026-07-01 09:42:30,30155.75,30159.75,30153.75,30156.75,122,30156.75,30156.75,0.00
2026-07-01 09:42:31,30156.25,30159.00,30152.00,30158.75,109,30158.75,30158.75,0.00
2026-07-01 09:42:32,30157.75,30167.25,30156.50,30162.25,226,30162.25,30162.25,0.00
2026-07-01 09:42:33,30161.00,30163.50,30155.25,30156.25,96,30156.25,30156.25,0.00
2026-07-01 09:42:34,30155.25,30159.25,30148.50,30158.75,154,30158.75,30158.75,0.00
2026-07-01 09:42:35,30157.25,30159.50,30154.75,30158.00,94,30158.00,30158.00,0.00
2026-07-01 09:42:36,30157.50,30162.00,30157.00,30157.25,144,30157.25,30157.25,0.00
2026-07-01 09:42:37,30158.25,30161.25,30155.75,30160.25,124,30160.25,30160.25,0.00
2026-07-01 09:42:38,30161.00,30166.75,30160.50,30163.75,108,30163.75,30163.75,0.00
2026-07-01 09:42:39,30165.25,30166.25,30161.50,30164.25,98,30164.25,30164.25,0.00
2026-07-01 09:42:40,30164.75,30170.25,30163.75,30164.50,175,30164.50,30164.50,0.00
2026-07-01 09:42:41,30164.25,30167.50,30159.50,30160.00,193,30160.00,30160.00,0.00
2026-07-01 09:42:42,30158.75,30163.50,30154.75,30161.50,111,30161.50,30161.50,0.00
2026-07-01 09:42:43,30162.50,30165.00,30160.75,30164.25,44,30164.25,30164.25,0.00
2026-07-01 09:42:44,30165.00,30171.00,30164.00,30169.25,86,30169.25,30169.25,0.00
2026-07-01 09:42:45,30169.75,30175.00,30169.75,30171.25,159,30171.25,30171.25,0.00
2026-07-01 09:42:46,30171.25,30174.00,30169.50,30170.00,132,30170.00,30170.00,0.00
2026-07-01 09:42:47,30169.50,30172.00,30166.50,30170.50,81,30170.50,30170.50,0.00
2026-07-01 09:42:48,30170.50,30173.00,30166.25,30166.25,59,30166.25,30166.25,0.00
2026-07-01 09:42:49,30167.25,30170.00,30159.25,30163.50,129,30163.50,30163.50,0.00
2026-07-01 09:42:50,30163.25,30166.25,30158.00,30165.50,95,30165.50,30165.50,0.00
2026-07-01 09:42:51,30166.50,30168.50,30164.00,30165.25,91,30165.25,30165.25,0.00
2026-07-01 09:42:52,30166.00,30174.00,30164.50,30173.75,86,30173.75,30173.75,0.00
2026-07-01 09:42:53,30172.50,30173.25,30167.75,30167.75,57,30167.75,30167.75,0.00
2026-07-01 09:42:54,30167.50,30171.75,30166.75,30169.25,66,30169.25,30169.25,0.00
2026-07-01 09:42:55,30169.50,30173.00,30169.00,30169.75,70,30169.75,30169.75,0.00
2026-07-01 09:42:56,30170.75,30171.75,30169.00,30169.75,47,30169.75,30169.75,0.00
2026-07-01 09:42:57,30170.00,30173.25,30168.25,30169.00,65,30169.00,30169.00,0.00
2026-07-01 09:42:58,30168.75,30174.25,30168.75,30170.75,63,30170.75,30170.75,0.00
2026-07-01 09:42:59,30171.75,30178.50,30171.75,30175.75,145,30175.75,30175.75,0.00
2026-07-01 09:43:00,30175.75,30176.75,30169.25,30171.00,110,30171.00,30171.00,0.00
2026-07-01 09:43:01,30172.00,30178.50,30171.75,30175.00,155,30175.00,30175.00,0.00
2026-07-01 09:43:02,30176.00,30176.75,30170.25,30171.25,195,30171.25,30171.25,0.00
2026-07-01 09:43:03,30170.75,30171.50,30165.75,30169.50,133,30169.50,30169.50,0.00
2026-07-01 09:43:04,30171.25,30179.75,30167.25,30177.25,128,30177.25,30177.25,0.00
2026-07-01 09:43:05,30177.25,30184.00,30176.50,30180.25,230,30180.25,30180.25,0.00
2026-07-01 09:43:06,30181.00,30181.00,30174.50,30179.25,153,30179.25,30179.25,0.00
2026-07-01 09:43:07,30179.00,30179.25,30174.25,30178.25,100,30178.25,30178.25,0.00
2026-07-01 09:43:08,30178.75,30179.25,30171.75,30172.25,116,30172.25,30172.25,0.00
2026-07-01 09:43:09,30172.25,30174.00,30171.00,30172.50,96,30172.50,30172.50,0.00
2026-07-01 09:43:10,30173.25,30175.00,30169.50,30173.00,94,30173.00,30173.00,0.00
2026-07-01 09:43:11,30172.50,30172.75,30163.00,30164.25,165,30164.25,30164.25,0.00
2026-07-01 09:43:12,30164.25,30165.00,30154.25,30159.25,206,30159.25,30159.25,0.00
2026-07-01 09:43:13,30158.00,30166.25,30157.75,30166.25,143,30166.25,30166.25,0.00
2026-07-01 09:43:14,30165.50,30168.00,30163.75,30167.25,93,30167.25,30167.25,0.00
2026-07-01 09:43:15,30166.25,30174.75,30165.00,30173.75,122,30173.75,30173.75,0.00
2026-07-01 09:43:16,30174.50,30177.00,30174.00,30176.50,92,30176.50,30176.50,0.00
2026-07-01 09:43:17,30175.75,30177.25,30174.25,30177.25,65,30177.25,30177.25,0.00
2026-07-01 09:43:18,30176.50,30180.50,30174.00,30175.00,130,30175.00,30175.00,0.00
2026-07-01 09:43:19,30174.75,30176.00,30167.25,30169.25,109,30169.25,30169.25,0.00
2026-07-01 09:43:20,30167.50,30168.50,30163.00,30164.00,83,30164.00,30164.00,0.00
2026-07-01 09:43:21,30165.00,30170.75,30164.00,30166.00,93,30166.00,30166.00,0.00
2026-07-01 09:43:22,30166.75,30173.50,30166.75,30173.25,66,30173.25,30173.25,0.00
2026-07-01 09:43:23,30173.75,30174.75,30168.25,30172.00,104,30172.00,30172.00,0.00
2026-07-01 09:43:24,30171.75,30173.25,30170.25,30172.75,56,30172.75,30172.75,0.00
2026-07-01 09:43:25,30171.75,30175.50,30168.25,30170.50,167,30170.50,30170.50,0.00
2026-07-01 09:43:26,30170.25,30170.75,30166.25,30167.25,57,30167.25,30167.25,0.00
2026-07-01 09:43:27,30167.50,30170.75,30164.75,30166.50,87,30166.50,30166.50,0.00
2026-07-01 09:43:28,30166.25,30174.25,30165.75,30173.25,47,30173.25,30173.25,0.00
2026-07-01 09:43:29,30173.25,30179.00,30170.50,30177.50,119,30177.50,30177.50,0.00
2026-07-01 09:43:30,30176.75,30180.75,30176.75,30180.25,79,30180.25,30180.25,0.00
2026-07-01 09:43:31,30179.25,30180.00,30175.50,30175.50,93,30175.50,30175.50,0.00
2026-07-01 09:43:32,30172.50,30173.50,30166.00,30170.25,80,30170.25,30170.25,0.00
2026-07-01 09:43:33,30167.75,30172.00,30165.75,30171.50,47,30171.50,30171.50,0.00
2026-07-01 09:43:34,30172.25,30173.50,30169.25,30170.25,59,30170.25,30170.25,0.00
2026-07-01 09:43:35,30170.25,30172.25,30168.50,30171.00,36,30171.00,30171.00,0.00
2026-07-01 09:43:36,30170.00,30170.00,30164.50,30165.50,48,30165.50,30165.50,0.00
2026-07-01 09:43:37,30164.25,30175.25,30164.25,30174.50,52,30174.50,30174.50,0.00
2026-07-01 09:43:38,30174.25,30175.50,30168.50,30168.50,53,30168.50,30168.50,0.00
2026-07-01 09:43:39,30168.75,30168.75,30163.00,30167.25,66,30167.25,30167.25,0.00
2026-07-01 09:43:40,30167.75,30172.50,30164.50,30171.00,52,30171.00,30171.00,0.00
2026-07-01 09:43:41,30171.50,30173.50,30168.00,30169.50,46,30169.50,30169.50,0.00
2026-07-01 09:43:42,30168.75,30168.75,30158.50,30166.00,225,30166.00,30166.00,0.00
2026-07-01 09:43:43,30162.25,30166.25,30160.25,30162.75,69,30162.75,30162.75,0.00
2026-07-01 09:43:44,30163.00,30165.75,30160.25,30160.25,49,30160.25,30160.25,0.00
2026-07-01 09:43:45,30161.00,30161.75,30158.25,30159.75,69,30159.75,30159.75,0.00
2026-07-01 09:43:46,30159.75,30162.50,30157.00,30158.25,101,30158.25,30158.25,0.00
2026-07-01 09:43:47,30158.00,30164.00,30157.50,30162.50,66,30162.50,30162.50,0.00
2026-07-01 09:43:48,30162.25,30162.25,30158.00,30160.00,58,30160.00,30160.00,0.00
2026-07-01 09:43:49,30159.75,30159.75,30153.00,30154.25,145,30154.25,30154.25,0.00
2026-07-01 09:43:50,30154.75,30156.00,30147.50,30150.75,252,30150.75,30150.75,0.00
2026-07-01 09:43:51,30149.75,30153.75,30147.50,30151.75,113,30151.75,30151.75,0.00
2026-07-01 09:43:52,30150.75,30152.25,30141.50,30145.50,224,30145.50,30145.50,0.00
2026-07-01 09:43:53,30145.50,30146.75,30139.75,30142.50,159,30142.50,30142.50,0.00
2026-07-01 09:43:54,30142.00,30144.50,30140.00,30143.00,127,30143.00,30143.00,0.00
2026-07-01 09:43:55,30142.50,30143.75,30137.25,30140.00,182,30140.00,30140.00,0.00
2026-07-01 09:43:56,30138.50,30156.25,30137.75,30151.25,360,30151.25,30151.25,0.00
2026-07-01 09:43:57,30152.00,30152.00,30146.25,30149.50,122,30149.50,30149.50,0.00
2026-07-01 09:43:58,30149.00,30149.50,30145.75,30147.00,86,30147.00,30147.00,0.00
2026-07-01 09:43:59,30146.00,30147.50,30143.25,30146.25,43,30146.25,30146.25,0.00
2026-07-01 09:44:00,30144.75,30148.25,30144.50,30146.25,62,30146.25,30146.25,0.00
2026-07-01 09:44:01,30146.25,30149.75,30144.00,30144.25,115,30144.25,30144.25,0.00
2026-07-01 09:44:02,30145.00,30148.50,30142.50,30147.75,71,30147.75,30147.75,0.00
2026-07-01 09:44:03,30147.75,30148.00,30145.25,30146.00,50,30146.00,30146.00,0.00
2026-07-01 09:44:04,30146.25,30148.50,30141.00,30141.50,62,30141.50,30141.50,0.00
2026-07-01 09:44:05,30142.50,30147.25,30140.00,30145.50,68,30145.50,30145.50,0.00
2026-07-01 09:44:06,30145.25,30147.00,30143.25,30145.25,75,30145.25,30145.25,0.00
2026-07-01 09:44:07,30144.00,30144.50,30139.00,30141.25,75,30141.25,30141.25,0.00
2026-07-01 09:44:08,30142.75,30143.00,30138.00,30139.75,61,30139.75,30139.75,0.00
2026-07-01 09:44:09,30139.75,30141.00,30138.25,30141.00,85,30141.00,30141.00,0.00
2026-07-01 09:44:10,30141.50,30155.75,30141.00,30154.25,172,30154.25,30154.25,0.00
2026-07-01 09:44:11,30152.00,30155.00,30151.25,30154.00,77,30154.00,30154.00,0.00
2026-07-01 09:44:12,30153.50,30153.50,30144.25,30146.75,131,30146.75,30146.75,0.00
2026-07-01 09:44:13,30147.50,30151.50,30146.00,30151.50,49,30151.50,30151.50,0.00
2026-07-01 09:44:14,30152.50,30159.25,30150.50,30156.25,133,30156.25,30156.25,0.00
2026-07-01 09:44:15,30156.25,30157.75,30152.00,30154.25,54,30154.25,30154.25,0.00
2026-07-01 09:44:16,30153.75,30154.75,30147.25,30147.25,63,30147.25,30147.25,0.00
2026-07-01 09:44:17,30148.25,30153.50,30144.75,30152.75,59,30152.75,30152.75,0.00
2026-07-01 09:44:18,30153.00,30158.50,30151.75,30158.00,89,30158.00,30158.00,0.00
2026-07-01 09:44:19,30156.25,30159.00,30154.50,30154.50,56,30154.50,30154.50,0.00
2026-07-01 09:44:20,30154.75,30161.50,30154.00,30155.75,58,30155.75,30155.75,0.00
2026-07-01 09:44:21,30156.00,30158.75,30154.75,30158.75,70,30158.75,30158.75,0.00
2026-07-01 09:44:22,30158.50,30164.00,30158.00,30162.25,118,30162.25,30162.25,0.00
2026-07-01 09:44:23,30161.00,30163.00,30152.50,30155.50,116,30155.50,30155.50,0.00
2026-07-01 09:44:24,30155.50,30156.50,30152.00,30156.00,71,30156.00,30156.00,0.00
2026-07-01 09:44:25,30155.25,30156.75,30153.00,30154.75,35,30154.75,30154.75,0.00
2026-07-01 09:44:26,30155.75,30156.50,30151.50,30155.25,22,30155.25,30155.25,0.00
2026-07-01 09:44:27,30154.75,30155.75,30152.00,30152.25,60,30152.25,30152.25,0.00
2026-07-01 09:44:28,30152.75,30154.75,30149.75,30154.00,57,30154.00,30154.00,0.00
2026-07-01 09:44:29,30153.25,30156.00,30150.50,30155.00,41,30155.00,30155.00,0.00
2026-07-01 09:44:30,30154.00,30155.25,30151.75,30154.25,40,30154.25,30154.25,0.00
2026-07-01 09:44:31,30154.75,30155.75,30152.50,30155.00,27,30155.00,30155.00,0.00
2026-07-01 09:44:32,30156.00,30158.00,30154.00,30155.25,56,30155.25,30155.25,0.00
2026-07-01 09:44:33,30155.25,30157.50,30154.50,30155.75,33,30155.75,30155.75,0.00
2026-07-01 09:44:34,30156.00,30160.25,30152.75,30156.00,60,30156.00,30156.00,0.00
2026-07-01 09:44:35,30156.25,30160.25,30154.25,30156.25,44,30156.25,30156.25,0.00
2026-07-01 09:44:36,30156.00,30158.00,30154.00,30155.25,37,30155.25,30155.25,0.00
2026-07-01 09:44:37,30155.50,30157.00,30152.50,30155.25,50,30155.25,30155.25,0.00
2026-07-01 09:44:38,30153.50,30155.00,30152.00,30152.75,42,30152.75,30152.75,0.00
2026-07-01 09:44:39,30154.00,30154.00,30142.75,30143.00,106,30143.00,30143.00,0.00
2026-07-01 09:44:40,30144.25,30144.25,30137.75,30139.50,355,30139.50,30139.50,0.00
2026-07-01 09:44:41,30138.75,30144.00,30133.50,30136.00,345,30136.00,30136.00,0.00
2026-07-01 09:44:42,30135.75,30139.75,30135.75,30138.50,118,30138.50,30138.50,0.00
2026-07-01 09:44:43,30139.75,30142.25,30139.25,30140.25,66,30140.25,30140.25,0.00
2026-07-01 09:44:44,30140.25,30146.00,30140.25,30145.25,50,30145.25,30145.25,0.00
2026-07-01 09:44:45,30144.75,30149.75,30144.75,30147.25,118,30147.25,30147.25,0.00
2026-07-01 09:44:46,30147.25,30150.00,30145.00,30147.75,61,30147.75,30147.75,0.00
2026-07-01 09:44:47,30148.50,30154.00,30146.50,30153.75,64,30153.75,30153.75,0.00
2026-07-01 09:44:48,30152.75,30158.00,30152.75,30156.25,95,30156.25,30156.25,0.00
2026-07-01 09:44:49,30156.00,30164.50,30156.00,30163.50,133,30163.50,30163.50,0.00
2026-07-01 09:44:50,30163.25,30163.25,30159.75,30162.00,67,30162.00,30162.00,0.00
2026-07-01 09:44:51,30162.25,30169.75,30160.75,30164.50,180,30164.50,30164.50,0.00
2026-07-01 09:44:52,30164.75,30165.75,30159.00,30160.50,126,30160.50,30160.50,0.00
2026-07-01 09:44:53,30160.00,30161.25,30155.50,30155.50,70,30155.50,30155.50,0.00
2026-07-01 09:44:54,30157.00,30161.00,30155.25,30160.00,54,30160.00,30160.00,0.00
2026-07-01 09:44:55,30161.00,30164.75,30160.00,30163.50,73,30163.50,30163.50,0.00
2026-07-01 09:44:56,30162.50,30163.25,30158.50,30159.75,55,30159.75,30159.75,0.00
2026-07-01 09:44:57,30159.00,30159.00,30154.75,30154.75,58,30154.75,30154.75,0.00
2026-07-01 09:44:58,30155.25,30158.25,30153.25,30155.50,48,30155.50,30155.50,0.00
2026-07-01 09:44:59,30157.00,30157.00,30143.50,30145.00,124,30145.00,30145.00,0.00
2026-07-01 09:45:00,30145.00,30146.75,30139.50,30141.50,80,30141.50,30141.50,0.00
2026-07-01 09:45:01,30140.50,30140.50,30123.50,30129.50,778,30129.50,30129.50,0.00
2026-07-01 09:45:02,30128.25,30132.25,30124.50,30132.00,232,30132.00,30132.00,0.00
2026-07-01 09:45:03,30130.50,30141.00,30126.75,30138.75,253,30138.75,30138.75,0.00
2026-07-01 09:45:04,30138.75,30142.50,30134.25,30140.75,219,30140.75,30140.75,0.00
2026-07-01 09:45:05,30140.75,30141.25,30135.00,30137.75,97,30137.75,30137.75,0.00
2026-07-01 09:45:06,30136.75,30136.75,30130.75,30132.50,94,30132.50,30132.50,0.00
2026-07-01 09:45:07,30132.00,30134.25,30123.25,30125.00,121,30125.00,30125.00,0.00
2026-07-01 09:45:08,30125.25,30126.00,30114.75,30119.00,506,30119.00,30119.00,0.00
2026-07-01 09:45:09,30120.25,30123.50,30117.00,30122.25,330,30122.25,30122.25,0.00
2026-07-01 09:45:10,30120.00,30123.50,30113.50,30119.00,227,30119.00,30119.00,0.00
2026-07-01 09:45:11,30118.50,30119.75,30112.00,30119.75,268,30119.75,30119.75,0.00
2026-07-01 09:45:12,30118.00,30120.50,30112.00,30115.75,263,30115.75,30115.75,0.00
2026-07-01 09:45:13,30114.75,30118.00,30112.50,30115.75,197,30115.75,30115.75,0.00
2026-07-01 09:45:14,30115.75,30124.00,30115.00,30120.75,190,30120.75,30120.75,0.00
2026-07-01 09:45:15,30121.25,30133.75,30120.75,30130.00,152,30130.00,30130.00,0.00
2026-07-01 09:45:16,30131.75,30145.25,30129.75,30142.25,245,30142.25,30142.25,0.00
2026-07-01 09:45:17,30142.75,30155.50,30141.75,30152.25,328,30152.25,30152.25,0.00
2026-07-01 09:45:18,30152.00,30153.00,30147.75,30151.75,235,30151.75,30151.75,0.00
2026-07-01 09:45:19,30151.25,30164.25,30151.25,30163.75,300,30163.75,30163.75,0.00
2026-07-01 09:45:20,30163.00,30163.50,30154.00,30157.25,331,30157.25,30157.25,0.00
2026-07-01 09:45:21,30158.00,30167.00,30157.25,30165.25,192,30165.25,30165.25,0.00
2026-07-01 09:45:22,30165.25,30165.50,30157.25,30160.25,249,30160.25,30160.25,0.00
2026-07-01 09:45:23,30160.00,30161.25,30157.25,30158.50,169,30158.50,30158.50,0.00
2026-07-01 09:45:24,30159.25,30160.25,30150.50,30153.00,214,30153.00,30153.00,0.00
2026-07-01 09:45:25,30154.00,30159.75,30152.00,30157.75,163,30157.75,30157.75,0.00
2026-07-01 09:45:26,30157.75,30167.25,30157.50,30165.00,190,30165.00,30165.00,0.00
2026-07-01 09:45:27,30164.75,30169.00,30164.00,30169.00,186,30169.00,30169.00,0.00
2026-07-01 09:45:28,30167.50,30168.50,30155.75,30156.00,312,30156.00,30156.00,0.00
2026-07-01 09:45:29,30156.25,30156.25,30139.00,30141.75,266,30141.75,30141.75,0.00
2026-07-01 09:45:30,30141.00,30154.25,30139.25,30154.25,202,30154.25,30154.25,0.00
2026-07-01 09:45:31,30154.00,30156.25,30150.75,30154.25,151,30154.25,30154.25,0.00
2026-07-01 09:45:32,30153.50,30158.00,30151.75,30157.00,141,30157.00,30157.00,0.00
2026-07-01 09:45:33,30157.75,30159.75,30151.75,30153.25,87,30153.25,30153.25,0.00
2026-07-01 09:45:34,30152.75,30156.00,30149.75,30151.25,96,30151.25,30151.25,0.00
2026-07-01 09:45:35,30151.25,30157.25,30151.25,30156.75,95,30156.75,30156.75,0.00
2026-07-01 09:45:36,30157.00,30162.75,30154.00,30157.00,93,30157.00,30157.00,0.00
2026-07-01 09:45:37,30155.25,30157.25,30152.00,30157.00,83,30157.00,30157.00,0.00
2026-07-01 09:45:38,30157.75,30160.00,30155.75,30157.50,103,30157.50,30157.50,0.00
2026-07-01 09:45:39,30158.00,30163.25,30157.50,30161.00,110,30161.00,30161.00,0.00
2026-07-01 09:45:40,30159.00,30162.75,30158.25,30158.25,121,30158.25,30158.25,0.00
2026-07-01 09:45:41,30158.00,30163.00,30156.00,30161.75,123,30161.75,30161.75,0.00
2026-07-01 09:45:42,30161.75,30164.75,30160.50,30163.00,143,30163.00,30163.00,0.00
2026-07-01 09:45:43,30163.25,30168.50,30161.75,30167.00,289,30167.00,30167.00,0.00
2026-07-01 09:45:44,30167.75,30171.00,30166.00,30168.75,216,30168.75,30168.75,0.00
2026-07-01 09:45:45,30168.50,30170.75,30166.25,30168.25,178,30168.25,30168.25,0.00
2026-07-01 09:45:46,30168.25,30170.50,30163.25,30164.75,201,30164.75,30164.75,0.00
2026-07-01 09:45:47,30166.50,30170.00,30165.00,30166.25,138,30166.25,30166.25,0.00
2026-07-01 09:45:48,30166.75,30168.00,30163.50,30166.50,123,30166.50,30166.50,0.00
2026-07-01 09:45:49,30165.50,30165.50,30157.25,30160.50,200,30160.50,30160.50,0.00
2026-07-01 09:45:50,30160.50,30163.75,30157.00,30162.50,194,30162.50,30162.50,0.00
2026-07-01 09:45:51,30162.50,30166.00,30159.25,30160.25,150,30160.25,30160.25,0.00
2026-07-01 09:45:52,30160.00,30160.00,30152.00,30153.25,192,30153.25,30153.25,0.00
2026-07-01 09:45:53,30152.25,30158.75,30152.25,30156.50,123,30156.50,30156.50,0.00
2026-07-01 09:45:54,30157.00,30161.75,30152.75,30160.75,111,30160.75,30160.75,0.00
2026-07-01 09:45:55,30161.75,30163.75,30159.75,30160.25,83,30160.25,30160.25,0.00
2026-07-01 09:45:56,30160.00,30161.25,30155.25,30155.75,101,30155.75,30155.75,0.00
2026-07-01 09:45:57,30155.00,30159.00,30154.25,30157.75,49,30157.75,30157.75,0.00
2026-07-01 09:45:58,30157.50,30159.75,30155.75,30157.75,84,30157.75,30157.75,0.00
2026-07-01 09:45:59,30157.50,30164.25,30155.25,30159.00,117,30159.00,30159.00,0.00
2026-07-01 09:46:00,30160.00,30163.75,30158.25,30162.25,99,30162.25,30162.25,0.00
2026-07-01 09:46:01,30163.25,30164.25,30155.50,30162.50,209,30162.50,30162.50,0.00
2026-07-01 09:46:02,30163.25,30174.25,30163.25,30174.25,382,30174.25,30174.25,0.00
2026-07-01 09:46:03,30173.75,30174.75,30166.25,30170.00,358,30170.00,30170.00,0.00
2026-07-01 09:46:04,30170.00,30178.75,30169.75,30178.25,270,30178.25,30178.25,0.00
2026-07-01 09:46:05,30177.25,30180.25,30175.75,30178.00,332,30178.00,30178.00,0.00
2026-07-01 09:46:06,30179.00,30180.25,30175.75,30177.75,231,30177.75,30177.75,0.00
2026-07-01 09:46:07,30177.00,30182.00,30175.75,30178.25,285,30178.25,30178.25,0.00
2026-07-01 09:46:08,30178.25,30184.00,30178.25,30180.50,315,30180.50,30180.50,0.00
2026-07-01 09:46:09,30181.50,30187.50,30179.75,30182.00,535,30182.00,30182.00,0.00
2026-07-01 09:46:10,30181.50,30186.00,30180.50,30182.50,279,30182.50,30182.50,0.00
2026-07-01 09:46:11,30183.00,30184.75,30180.75,30182.00,201,30182.00,30182.00,0.00
2026-07-01 09:46:12,30181.75,30184.75,30180.75,30182.25,235,30182.25,30182.25,0.00
2026-07-01 09:46:13,30182.00,30193.00,30182.00,30191.25,418,30191.25,30191.25,0.00
2026-07-01 09:46:14,30190.75,30192.00,30187.50,30188.50,257,30188.50,30188.50,0.00
2026-07-01 09:46:15,30187.75,30190.50,30186.00,30188.25,252,30188.25,30188.25,0.00
2026-07-01 09:46:16,30188.50,30190.00,30182.00,30182.75,345,30182.75,30182.75,0.00
2026-07-01 09:46:17,30183.25,30184.50,30181.25,30182.75,210,30182.75,30182.75,0.00
2026-07-01 09:46:18,30182.50,30186.25,30181.25,30185.50,154,30185.50,30185.50,0.00
2026-07-01 09:46:19,30185.75,30191.25,30184.50,30188.50,201,30188.50,30188.50,0.00
2026-07-01 09:46:20,30188.00,30192.75,30188.00,30192.50,201,30192.50,30192.50,0.00
2026-07-01 09:46:21,30193.25,30193.75,30186.50,30188.25,181,30188.25,30188.25,0.00
2026-07-01 09:46:22,30188.50,30190.00,30185.75,30188.50,187,30188.50,30188.50,0.00
2026-07-01 09:46:23,30188.50,30190.50,30185.50,30190.50,195,30190.50,30190.50,0.00
2026-07-01 09:46:24,30190.00,30193.25,30186.75,30191.75,206,30191.75,30191.75,0.00
2026-07-01 09:46:25,30191.75,30193.50,30189.00,30190.50,209,30190.50,30190.50,0.00
2026-07-01 09:46:26,30191.00,30192.50,30187.00,30188.00,221,30188.00,30188.00,0.00
2026-07-01 09:46:27,30188.25,30193.00,30187.00,30191.75,139,30191.75,30191.75,0.00
2026-07-01 09:46:28,30192.00,30197.25,30190.50,30193.75,349,30193.75,30193.75,0.00
2026-07-01 09:46:29,30193.50,30194.75,30190.25,30192.25,204,30192.25,30192.25,0.00
2026-07-01 09:46:30,30191.75,30193.25,30187.00,30188.50,157,30188.50,30188.50,0.00
2026-07-01 09:46:31,30188.75,30192.50,30187.00,30190.00,166,30190.00,30190.00,0.00
2026-07-01 09:46:32,30190.50,30192.75,30187.25,30187.25,129,30187.25,30187.25,0.00
2026-07-01 09:46:33,30187.75,30187.75,30180.75,30181.75,326,30181.75,30181.75,0.00
2026-07-01 09:46:34,30182.00,30188.25,30181.00,30187.50,170,30187.50,30187.50,0.00
2026-07-01 09:46:35,30187.50,30189.00,30177.50,30182.25,317,30182.25,30182.25,0.00
2026-07-01 09:46:36,30183.50,30187.00,30182.25,30186.25,141,30186.25,30186.25,0.00
2026-07-01 09:46:37,30187.50,30188.50,30185.75,30185.75,137,30185.75,30185.75,0.00
2026-07-01 09:46:38,30186.50,30188.50,30184.75,30186.00,92,30186.00,30186.00,0.00
2026-07-01 09:46:39,30186.50,30191.00,30186.50,30188.50,99,30188.50,30188.50,0.00
2026-07-01 09:46:40,30188.50,30192.25,30187.00,30188.25,130,30188.25,30188.25,0.00
2026-07-01 09:46:41,30187.50,30195.00,30187.50,30193.00,163,30193.00,30193.00,0.00
2026-07-01 09:46:42,30193.25,30194.00,30187.00,30189.00,167,30189.00,30189.00,0.00
2026-07-01 09:46:43,30189.25,30190.50,30184.50,30185.50,205,30185.50,30185.50,0.00
2026-07-01 09:46:44,30185.25,30188.00,30185.00,30187.50,110,30187.50,30187.50,0.00
2026-07-01 09:46:45,30188.50,30189.75,30185.00,30187.25,116,30187.25,30187.25,0.00
2026-07-01 09:46:46,30187.25,30199.00,30186.75,30194.50,369,30194.50,30194.50,0.00
2026-07-01 09:46:47,30194.25,30199.75,30192.25,30199.25,234,30199.25,30199.25,0.00
2026-07-01 09:46:48,30198.75,30202.00,30198.00,30198.75,376,30198.75,30198.75,0.00
2026-07-01 09:46:49,30198.75,30200.50,30196.00,30196.25,241,30196.25,30196.25,0.00
2026-07-01 09:46:50,30196.75,30198.25,30193.00,30197.00,207,30197.00,30197.00,0.00
2026-07-01 09:46:51,30197.75,30203.25,30196.75,30201.75,207,30201.75,30201.75,0.00
2026-07-01 09:46:52,30203.00,30203.25,30199.00,30199.75,177,30199.75,30199.75,0.00
2026-07-01 09:46:53,30199.75,30203.25,30198.50,30202.75,209,30202.75,30202.75,0.00
2026-07-01 09:46:54,30202.50,30205.00,30199.25,30205.00,274,30205.00,30205.00,0.00
2026-07-01 09:46:55,30205.00,30206.00,30202.25,30206.00,226,30206.00,30206.00,0.00
2026-07-01 09:46:56,30205.50,30206.75,30203.50,30204.50,183,30204.50,30204.50,0.00
2026-07-01 09:46:57,30204.50,30205.00,30200.00,30202.00,190,30202.00,30202.00,0.00
2026-07-01 09:46:58,30202.25,30208.00,30202.00,30207.00,236,30207.00,30207.00,0.00
2026-07-01 09:46:59,30207.25,30207.25,30198.75,30199.50,413,30199.50,30199.50,0.00
2026-07-01 09:47:00,30199.75,30201.25,30197.25,30197.75,193,30197.75,30197.75,0.00
2026-07-01 09:47:01,30197.75,30199.25,30195.75,30197.75,333,30197.75,30197.75,0.00
2026-07-01 09:47:02,30197.25,30200.25,30196.75,30198.00,219,30198.00,30198.00,0.00
2026-07-01 09:47:03,30197.75,30198.25,30188.00,30193.75,427,30193.75,30193.75,0.00
2026-07-01 09:47:04,30193.75,30195.25,30190.00,30192.25,218,30192.25,30192.25,0.00
2026-07-01 09:47:05,30193.00,30194.75,30187.75,30188.25,269,30188.25,30188.25,0.00
2026-07-01 09:47:06,30188.50,30191.50,30188.25,30188.25,302,30188.25,30188.25,0.00
2026-07-01 09:47:07,30188.50,30190.25,30186.50,30187.00,238,30187.00,30187.00,0.00
2026-07-01 09:47:08,30187.25,30188.25,30181.50,30185.50,374,30185.50,30185.50,0.00
2026-07-01 09:47:09,30186.00,30186.50,30178.25,30185.00,363,30185.00,30185.00,0.00
2026-07-01 09:47:10,30185.00,30188.75,30181.25,30186.00,274,30186.00,30186.00,0.00
2026-07-01 09:47:11,30185.75,30187.50,30181.50,30187.25,158,30187.25,30187.25,0.00
2026-07-01 09:47:12,30187.25,30197.75,30187.00,30193.25,424,30193.25,30193.25,0.00
2026-07-01 09:47:13,30193.75,30195.50,30191.50,30194.50,184,30194.50,30194.50,0.00
2026-07-01 09:47:14,30195.00,30197.25,30193.75,30196.75,172,30196.75,30196.75,0.00
2026-07-01 09:47:15,30196.75,30206.00,30195.75,30203.50,334,30203.50,30203.50,0.00
2026-07-01 09:47:16,30203.50,30203.50,30200.50,30201.00,230,30201.00,30201.00,0.00
2026-07-01 09:47:17,30200.75,30202.50,30196.00,30197.75,243,30197.75,30197.75,0.00
2026-07-01 09:47:18,30198.00,30200.00,30196.00,30198.00,165,30198.00,30198.00,0.00
2026-07-01 09:47:19,30198.00,30199.25,30197.00,30198.75,112,30198.75,30198.75,0.00
2026-07-01 09:47:20,30198.75,30202.50,30198.50,30200.00,115,30200.00,30200.00,0.00
2026-07-01 09:47:21,30200.75,30205.00,30200.00,30202.00,174,30202.00,30202.00,0.00
2026-07-01 09:47:22,30201.50,30204.50,30197.75,30204.50,185,30204.50,30204.50,0.00
2026-07-01 09:47:23,30204.50,30204.75,30202.00,30202.50,193,30202.50,30202.50,0.00
2026-07-01 09:47:24,30202.25,30212.75,30202.25,30211.50,476,30211.50,30211.50,0.00
2026-07-01 09:47:25,30211.50,30212.25,30206.75,30211.75,305,30211.75,30211.75,0.00
2026-07-01 09:47:26,30211.75,30212.25,30206.50,30207.50,248,30207.50,30207.50,0.00
2026-07-01 09:47:27,30206.50,30208.25,30205.75,30206.75,196,30206.75,30206.75,0.00
2026-07-01 09:47:28,30206.50,30208.50,30204.75,30206.75,193,30206.75,30206.75,0.00
2026-07-01 09:47:29,30206.25,30209.25,30205.75,30207.75,137,30207.75,30207.75,0.00
2026-07-01 09:47:30,30208.00,30211.25,30202.75,30203.50,256,30203.50,30203.50,0.00
2026-07-01 09:47:31,30203.75,30212.00,30202.25,30210.75,357,30210.75,30210.75,0.00
2026-07-01 09:47:32,30210.25,30211.00,30204.75,30206.50,192,30206.50,30206.50,0.00
2026-07-01 09:47:33,30204.75,30205.25,30201.50,30204.00,213,30204.00,30204.00,0.00
2026-07-01 09:47:34,30203.50,30209.75,30203.25,30208.25,156,30208.25,30208.25,0.00
2026-07-01 09:47:35,30208.25,30210.00,30206.75,30208.75,122,30208.75,30208.75,0.00
2026-07-01 09:47:36,30208.50,30210.50,30203.00,30203.75,312,30203.75,30203.75,0.00
2026-07-01 09:47:37,30203.75,30207.25,30201.50,30205.75,118,30205.75,30205.75,0.00
2026-07-01 09:47:38,30206.25,30210.00,30205.00,30206.75,220,30206.75,30206.75,0.00
2026-07-01 09:47:39,30207.00,30216.00,30206.75,30212.50,441,30212.50,30212.50,0.00
2026-07-01 09:47:40,30212.50,30214.25,30210.25,30210.25,236,30210.25,30210.25,0.00
2026-07-01 09:47:41,30210.50,30212.00,30208.00,30211.25,158,30211.25,30211.25,0.00
2026-07-01 09:47:42,30211.75,30212.25,30208.00,30209.50,139,30209.50,30209.50,0.00
2026-07-01 09:47:43,30209.00,30209.75,30205.50,30206.75,175,30206.75,30206.75,0.00
2026-07-01 09:47:44,30206.75,30209.75,30204.75,30208.00,181,30208.00,30208.00,0.00
2026-07-01 09:47:45,30208.25,30209.75,30206.50,30207.50,130,30207.50,30207.50,0.00
2026-07-01 09:47:46,30207.00,30208.25,30193.75,30196.50,447,30196.50,30196.50,0.00
2026-07-01 09:47:47,30196.50,30199.00,30193.00,30195.00,256,30195.00,30195.00,0.00
2026-07-01 09:47:48,30194.75,30197.50,30194.50,30197.50,120,30197.50,30197.50,0.00
2026-07-01 09:47:49,30197.00,30202.50,30196.75,30200.00,194,30200.00,30200.00,0.00
2026-07-01 09:47:50,30200.50,30203.00,30200.50,30202.75,132,30202.75,30202.75,0.00
2026-07-01 09:47:51,30202.50,30206.75,30202.50,30206.25,197,30206.25,30206.25,0.00
2026-07-01 09:47:52,30206.00,30207.25,30200.50,30202.50,144,30202.50,30202.50,0.00
2026-07-01 09:47:53,30202.50,30208.50,30201.75,30207.75,106,30207.75,30207.75,0.00
2026-07-01 09:47:54,30208.00,30211.00,30207.50,30209.50,119,30209.50,30209.50,0.00
2026-07-01 09:47:55,30209.00,30210.75,30206.50,30208.50,165,30208.50,30208.50,0.00
2026-07-01 09:47:56,30209.50,30211.00,30207.00,30208.25,129,30208.25,30208.25,0.00
2026-07-01 09:47:57,30207.50,30207.75,30204.75,30207.00,165,30207.00,30207.00,0.00
2026-07-01 09:47:58,30206.50,30207.25,30202.50,30205.00,145,30205.00,30205.00,0.00
2026-07-01 09:47:59,30204.75,30209.25,30204.00,30207.75,82,30207.75,30207.75,0.00
2026-07-01 09:48:00,30207.75,30208.00,30202.75,30203.25,118,30203.25,30203.25,0.00
2026-07-01 09:48:01,30204.00,30207.50,30203.25,30207.25,208,30207.25,30207.25,0.00
2026-07-01 09:48:02,30207.00,30212.00,30204.00,30204.50,240,30204.50,30204.50,0.00
2026-07-01 09:48:03,30203.75,30209.00,30202.50,30209.00,145,30209.00,30209.00,0.00
2026-07-01 09:48:04,30209.00,30216.75,30206.50,30216.50,304,30216.50,30216.50,0.00
2026-07-01 09:48:05,30215.75,30217.50,30214.50,30215.25,289,30215.25,30215.25,0.00
2026-07-01 09:48:06,30215.00,30218.50,30212.75,30217.00,283,30217.00,30217.00,0.00
2026-07-01 09:48:07,30217.25,30217.50,30214.00,30214.75,180,30214.75,30214.75,0.00
2026-07-01 09:48:08,30215.25,30215.50,30205.50,30206.50,370,30206.50,30206.50,0.00
2026-07-01 09:48:09,30206.50,30211.75,30206.50,30211.00,202,30211.00,30211.00,0.00
2026-07-01 09:48:10,30210.25,30215.00,30209.25,30213.75,104,30213.75,30213.75,0.00
2026-07-01 09:48:11,30214.00,30216.00,30213.00,30213.50,132,30213.50,30213.50,0.00
2026-07-01 09:48:12,30213.75,30219.75,30213.00,30219.50,170,30219.50,30219.50,0.00
2026-07-01 09:48:13,30219.50,30223.25,30217.00,30222.00,446,30222.00,30222.00,0.00
2026-07-01 09:48:14,30222.25,30222.50,30214.75,30216.00,194,30216.00,30216.00,0.00
2026-07-01 09:48:15,30215.50,30224.50,30215.25,30218.25,336,30218.25,30218.25,0.00
2026-07-01 09:48:16,30218.75,30220.00,30212.50,30213.25,226,30213.25,30213.25,0.00
2026-07-01 09:48:17,30213.50,30216.50,30211.75,30215.25,165,30215.25,30215.25,0.00
2026-07-01 09:48:18,30214.50,30215.25,30207.75,30211.50,237,30211.50,30211.50,0.00
2026-07-01 09:48:19,30211.75,30212.25,30206.75,30208.00,109,30208.00,30208.00,0.00
2026-07-01 09:48:20,30207.25,30208.50,30205.00,30206.00,233,30206.00,30206.00,0.00
2026-07-01 09:48:21,30205.75,30207.75,30203.50,30206.75,187,30206.75,30206.75,0.00
2026-07-01 09:48:22,30206.50,30207.75,30203.75,30206.00,220,30206.00,30206.00,0.00
2026-07-01 09:48:23,30206.75,30211.00,30206.50,30208.75,148,30208.75,30208.75,0.00
2026-07-01 09:48:24,30209.25,30210.00,30204.00,30207.00,157,30207.00,30207.00,0.00
2026-07-01 09:48:25,30205.75,30207.50,30201.50,30207.00,171,30207.00,30207.00,0.00
2026-07-01 09:48:26,30207.00,30213.25,30206.00,30211.75,194,30211.75,30211.75,0.00
2026-07-01 09:48:27,30211.75,30213.00,30209.25,30211.00,135,30211.00,30211.00,0.00
2026-07-01 09:48:28,30211.25,30214.75,30211.00,30212.25,100,30212.25,30212.25,0.00
2026-07-01 09:48:29,30212.50,30215.75,30211.75,30212.75,159,30212.75,30212.75,0.00
2026-07-01 09:48:30,30214.00,30214.75,30211.50,30211.75,114,30211.75,30211.75,0.00
2026-07-01 09:48:31,30211.75,30222.50,30211.25,30220.50,319,30220.50,30220.50,0.00
2026-07-01 09:48:32,30221.25,30221.25,30218.00,30219.25,182,30219.25,30219.25,0.00
2026-07-01 09:48:33,30219.00,30219.75,30216.00,30216.25,144,30216.25,30216.25,0.00
2026-07-01 09:48:34,30216.25,30216.75,30213.75,30216.50,173,30216.50,30216.50,0.00
2026-07-01 09:48:35,30216.50,30223.25,30215.75,30222.50,169,30222.50,30222.50,0.00
2026-07-01 09:48:36,30222.75,30225.25,30222.00,30223.25,218,30223.25,30223.25,0.00
2026-07-01 09:48:37,30224.25,30225.25,30222.50,30224.00,177,30224.00,30224.00,0.00
2026-07-01 09:48:38,30223.50,30226.50,30222.75,30223.00,285,30223.00,30223.00,0.00
2026-07-01 09:48:39,30223.00,30224.75,30221.50,30222.50,203,30222.50,30222.50,0.00
2026-07-01 09:48:40,30222.75,30223.50,30219.75,30220.50,126,30220.50,30220.50,0.00
2026-07-01 09:48:41,30221.00,30225.00,30220.25,30220.25,181,30220.25,30220.25,0.00
2026-07-01 09:48:42,30220.50,30222.50,30219.50,30221.00,187,30221.00,30221.00,0.00
2026-07-01 09:48:43,30220.75,30220.75,30216.25,30216.25,216,30216.25,30216.25,0.00
2026-07-01 09:48:44,30216.50,30217.75,30215.25,30217.00,156,30217.00,30217.00,0.00
2026-07-01 09:48:45,30217.75,30219.75,30215.25,30215.25,103,30215.25,30215.25,0.00
2026-07-01 09:48:46,30215.50,30218.25,30213.25,30217.75,182,30217.75,30217.75,0.00
2026-07-01 09:48:47,30217.50,30217.50,30210.50,30212.00,227,30212.00,30212.00,0.00
2026-07-01 09:48:48,30211.25,30216.50,30210.75,30216.00,188,30216.00,30216.00,0.00
2026-07-01 09:48:49,30215.25,30217.75,30211.50,30212.50,159,30212.50,30212.50,0.00
2026-07-01 09:48:50,30212.50,30216.50,30212.50,30215.75,134,30215.75,30215.75,0.00
2026-07-01 09:48:51,30216.50,30216.75,30210.25,30213.75,164,30213.75,30213.75,0.00
2026-07-01 09:48:52,30213.50,30215.00,30209.25,30212.25,220,30212.25,30212.25,0.00
2026-07-01 09:48:53,30212.50,30212.50,30208.50,30209.50,188,30209.50,30209.50,0.00
2026-07-01 09:48:54,30209.75,30211.00,30204.00,30204.50,265,30204.50,30204.50,0.00
2026-07-01 09:48:55,30204.50,30206.75,30203.75,30206.50,147,30206.50,30206.50,0.00
2026-07-01 09:48:56,30206.75,30211.75,30205.75,30208.75,301,30208.75,30208.75,0.00
2026-07-01 09:48:57,30208.50,30210.50,30208.00,30209.50,119,30209.50,30209.50,0.00
2026-07-01 09:48:58,30210.25,30210.25,30204.75,30207.50,144,30207.50,30207.50,0.00
2026-07-01 09:48:59,30207.50,30208.00,30201.50,30202.50,184,30202.50,30202.50,0.00
2026-07-01 09:49:00,30202.00,30204.25,30200.00,30200.50,225,30200.50,30200.50,0.00
2026-07-01 09:49:01,30200.75,30201.50,30198.00,30199.25,244,30199.25,30199.25,0.00
2026-07-01 09:49:02,30199.50,30201.50,30195.25,30200.50,295,30200.50,30200.50,0.00
2026-07-01 09:49:03,30200.00,30201.25,30194.50,30197.00,308,30197.00,30197.00,0.00
2026-07-01 09:49:04,30197.00,30197.00,30191.00,30192.50,431,30192.50,30192.50,0.00
2026-07-01 09:49:05,30192.00,30192.75,30186.25,30187.25,529,30187.25,30187.25,0.00
2026-07-01 09:49:06,30187.50,30190.75,30186.50,30188.25,326,30188.25,30188.25,0.00
2026-07-01 09:49:07,30188.25,30191.00,30187.00,30189.75,195,30189.75,30189.75,0.00
2026-07-01 09:49:08,30189.25,30195.75,30188.75,30190.75,266,30190.75,30190.75,0.00
2026-07-01 09:49:09,30190.75,30191.50,30188.00,30190.25,181,30190.25,30190.25,0.00
2026-07-01 09:49:10,30190.50,30193.75,30179.00,30183.00,502,30183.00,30183.00,0.00
2026-07-01 09:49:11,30183.50,30185.50,30180.25,30182.25,373,30182.25,30182.25,0.00
2026-07-01 09:49:12,30182.25,30184.00,30180.25,30183.00,206,30183.00,30183.00,0.00
2026-07-01 09:49:13,30183.00,30184.00,30180.00,30180.25,226,30180.25,30180.25,0.00
2026-07-01 09:49:14,30179.75,30179.75,30172.75,30175.75,547,30175.75,30175.75,0.00
2026-07-01 09:49:15,30176.00,30178.00,30174.00,30176.00,302,30176.00,30176.00,0.00
2026-07-01 09:49:16,30176.00,30182.25,30175.50,30182.25,244,30182.25,30182.25,0.00
2026-07-01 09:49:17,30182.50,30182.50,30178.75,30181.75,176,30181.75,30181.75,0.00
2026-07-01 09:49:18,30181.25,30181.25,30175.25,30179.50,207,30179.50,30179.50,0.00
2026-07-01 09:49:19,30179.50,30186.50,30178.50,30182.75,304,30182.75,30182.75,0.00
2026-07-01 09:49:20,30182.50,30185.25,30181.75,30183.00,167,30183.00,30183.00,0.00
2026-07-01 09:49:21,30183.25,30186.50,30183.00,30186.50,174,30186.50,30186.50,0.00
2026-07-01 09:49:22,30186.50,30187.00,30182.00,30183.50,172,30183.50,30183.50,0.00
2026-07-01 09:49:23,30182.75,30186.50,30182.75,30185.00,118,30185.00,30185.00,0.00
2026-07-01 09:49:24,30185.50,30185.50,30180.00,30180.50,224,30180.50,30180.50,0.00
2026-07-01 09:49:25,30181.25,30183.75,30180.75,30183.25,142,30183.25,30183.25,0.00
2026-07-01 09:49:26,30183.25,30186.50,30181.75,30185.25,174,30185.25,30185.25,0.00
2026-07-01 09:49:27,30185.00,30185.00,30180.00,30182.25,155,30182.25,30182.25,0.00
2026-07-01 09:49:28,30182.25,30183.25,30176.25,30178.25,158,30178.25,30178.25,0.00
2026-07-01 09:49:29,30178.00,30178.50,30174.50,30176.50,159,30176.50,30176.50,0.00
2026-07-01 09:49:30,30176.25,30178.25,30174.75,30176.50,131,30176.50,30176.50,0.00
2026-07-01 09:49:31,30176.75,30182.50,30176.50,30178.25,187,30178.25,30178.25,0.00
2026-07-01 09:49:32,30177.50,30179.75,30176.00,30177.00,134,30177.00,30177.00,0.00
2026-07-01 09:49:33,30177.00,30181.75,30175.50,30180.50,140,30180.50,30180.50,0.00
2026-07-01 09:49:34,30180.25,30180.50,30174.25,30175.25,121,30175.25,30175.25,0.00
2026-07-01 09:49:35,30175.75,30177.50,30174.50,30176.50,172,30176.50,30176.50,0.00
2026-07-01 09:49:36,30176.25,30184.50,30176.25,30183.75,255,30183.75,30183.75,0.00
2026-07-01 09:49:37,30183.50,30189.50,30183.25,30188.75,192,30188.75,30188.75,0.00
2026-07-01 09:49:38,30188.25,30191.25,30187.50,30190.25,235,30190.25,30190.25,0.00
2026-07-01 09:49:39,30191.00,30199.50,30190.75,30198.75,413,30198.75,30198.75,0.00
2026-07-01 09:49:40,30199.75,30203.50,30197.00,30201.75,505,30201.75,30201.75,0.00
2026-07-01 09:49:41,30202.00,30204.50,30200.00,30200.00,327,30200.00,30200.00,0.00
2026-07-01 09:49:42,30200.50,30204.25,30200.25,30202.75,229,30202.75,30202.75,0.00
2026-07-01 09:49:43,30203.00,30204.75,30202.50,30203.00,169,30203.00,30203.00,0.00
2026-07-01 09:49:44,30202.50,30205.25,30200.75,30204.00,220,30204.00,30204.00,0.00
2026-07-01 09:49:45,30204.75,30207.50,30204.00,30204.25,213,30204.25,30204.25,0.00
2026-07-01 09:49:46,30204.50,30204.50,30201.00,30202.00,184,30202.00,30202.00,0.00
2026-07-01 09:49:47,30201.75,30203.75,30200.25,30202.25,163,30202.25,30202.25,0.00
2026-07-01 09:49:48,30201.50,30203.50,30201.25,30203.25,98,30203.25,30203.25,0.00
2026-07-01 09:49:49,30203.50,30205.00,30197.25,30197.25,384,30197.25,30197.25,0.00
2026-07-01 09:49:50,30197.75,30197.75,30193.25,30193.75,154,30193.75,30193.75,0.00
2026-07-01 09:49:51,30194.00,30194.00,30188.25,30191.00,301,30191.00,30191.00,0.00
2026-07-01 09:49:52,30191.25,30195.00,30190.75,30193.50,150,30193.50,30193.50,0.00
2026-07-01 09:49:53,30193.25,30195.50,30192.75,30193.25,130,30193.25,30193.25,0.00
2026-07-01 09:49:54,30193.25,30194.25,30191.50,30192.25,138,30192.25,30192.25,0.00
2026-07-01 09:49:55,30192.50,30192.75,30190.00,30192.00,73,30192.00,30192.00,0.00
2026-07-01 09:49:56,30192.75,30202.00,30191.25,30201.25,173,30201.25,30201.25,0.00
2026-07-01 09:49:57,30200.75,30203.25,30200.75,30203.00,97,30203.00,30203.00,0.00
2026-07-01 09:49:58,30202.75,30210.50,30202.25,30206.75,265,30206.75,30206.75,0.00
2026-07-01 09:49:59,30206.75,30207.50,30204.75,30206.00,234,30206.00,30206.00,0.00
2026-07-01 09:50:00,30206.25,30207.25,30204.50,30204.50,155,30204.50,30204.50,0.00
2026-07-01 09:50:01,30205.00,30209.50,30204.50,30209.25,234,30209.25,30209.25,0.00
2026-07-01 09:50:02,30209.50,30217.00,30209.50,30214.25,485,30214.25,30214.25,0.00
2026-07-01 09:50:03,30213.75,30216.00,30213.00,30213.25,337,30213.25,30213.25,0.00
2026-07-01 09:50:04,30213.00,30213.00,30205.75,30210.25,269,30210.25,30210.25,0.00
2026-07-01 09:50:05,30210.50,30212.50,30203.50,30206.75,206,30206.75,30206.75,0.00
2026-07-01 09:50:06,30207.25,30211.00,30203.75,30209.75,146,30209.75,30209.75,0.00
2026-07-01 09:50:07,30209.25,30210.00,30206.25,30208.75,165,30208.75,30208.75,0.00
2026-07-01 09:50:08,30209.00,30218.75,30207.75,30217.00,182,30217.00,30217.00,0.00
2026-07-01 09:50:09,30217.00,30217.75,30212.75,30212.75,353,30212.75,30212.75,0.00
2026-07-01 09:50:10,30212.75,30214.00,30209.00,30210.50,294,30210.50,30210.50,0.00
2026-07-01 09:50:11,30210.50,30210.75,30204.50,30205.50,241,30205.50,30205.50,0.00
2026-07-01 09:50:12,30205.50,30211.00,30205.50,30209.75,160,30209.75,30209.75,0.00
2026-07-01 09:50:13,30210.50,30210.50,30204.75,30205.75,178,30205.75,30205.75,0.00
2026-07-01 09:50:14,30206.25,30209.50,30205.50,30209.50,194,30209.50,30209.50,0.00
2026-07-01 09:50:15,30209.25,30209.25,30205.25,30206.75,137,30206.75,30206.75,0.00
2026-07-01 09:50:16,30206.75,30215.25,30206.75,30214.25,187,30214.25,30214.25,0.00
2026-07-01 09:50:17,30215.00,30215.50,30211.25,30211.50,193,30211.50,30211.50,0.00
2026-07-01 09:50:18,30211.75,30211.75,30206.25,30207.75,191,30207.75,30207.75,0.00
2026-07-01 09:50:19,30208.00,30213.00,30207.75,30209.75,163,30209.75,30209.75,0.00
2026-07-01 09:50:20,30210.25,30211.25,30208.75,30210.75,148,30210.75,30210.75,0.00
2026-07-01 09:50:21,30210.50,30213.25,30208.25,30209.25,237,30209.25,30209.25,0.00
2026-07-01 09:50:22,30209.00,30209.25,30199.25,30202.25,337,30202.25,30202.25,0.00
2026-07-01 09:50:23,30202.25,30205.00,30201.50,30203.00,173,30203.00,30203.00,0.00
2026-07-01 09:50:24,30203.00,30205.00,30202.00,30204.25,132,30204.25,30204.25,0.00
2026-07-01 09:50:25,30204.25,30211.50,30204.25,30211.25,158,30211.25,30211.25,0.00
2026-07-01 09:50:26,30211.00,30212.25,30208.00,30209.00,193,30209.00,30209.00,0.00
2026-07-01 09:50:27,30208.50,30208.50,30203.25,30204.75,159,30204.75,30204.75,0.00
2026-07-01 09:50:28,30204.75,30206.00,30199.25,30200.75,201,30200.75,30200.75,0.00
2026-07-01 09:50:29,30200.00,30200.00,30195.25,30197.25,347,30197.25,30197.25,0.00
2026-07-01 09:50:30,30197.25,30198.50,30195.75,30197.75,139,30197.75,30197.75,0.00
2026-07-01 09:50:31,30197.75,30202.50,30194.75,30201.50,288,30201.50,30201.50,0.00
2026-07-01 09:50:32,30201.25,30201.75,30199.25,30201.75,99,30201.75,30201.75,0.00
2026-07-01 09:50:33,30200.75,30203.50,30199.50,30199.50,155,30199.50,30199.50,0.00
2026-07-01 09:50:34,30199.75,30202.75,30198.25,30201.25,160,30201.25,30201.25,0.00
2026-07-01 09:50:35,30201.50,30205.75,30201.00,30202.50,158,30202.50,30202.50,0.00
2026-07-01 09:50:36,30202.50,30202.50,30197.50,30200.50,130,30200.50,30200.50,0.00
2026-07-01 09:50:37,30200.75,30201.50,30197.50,30201.00,197,30201.00,30201.00,0.00
2026-07-01 09:50:38,30200.50,30202.25,30194.00,30195.00,331,30195.00,30195.00,0.00
2026-07-01 09:50:39,30195.00,30195.25,30191.00,30191.75,266,30191.75,30191.75,0.00
2026-07-01 09:50:40,30192.00,30192.25,30187.50,30189.50,290,30189.50,30189.50,0.00
2026-07-01 09:50:41,30189.25,30196.50,30189.00,30196.50,226,30196.50,30196.50,0.00
2026-07-01 09:50:42,30196.25,30199.75,30195.25,30199.00,120,30199.00,30199.00,0.00
2026-07-01 09:50:43,30199.50,30205.50,30199.00,30203.75,202,30203.75,30203.75,0.00
2026-07-01 09:50:44,30204.00,30214.25,30203.00,30212.75,299,30212.75,30212.75,0.00
2026-07-01 09:50:45,30213.00,30217.75,30213.00,30216.75,241,30216.75,30216.75,0.00
2026-07-01 09:50:46,30217.00,30220.00,30216.25,30219.50,302,30219.50,30219.50,0.00
2026-07-01 09:50:47,30219.50,30223.00,30218.75,30219.75,318,30219.75,30219.75,0.00
2026-07-01 09:50:48,30219.50,30223.00,30218.50,30220.75,318,30220.75,30220.75,0.00
2026-07-01 09:50:49,30220.25,30221.00,30216.00,30218.50,192,30218.50,30218.50,0.00
2026-07-01 09:50:50,30218.50,30219.00,30215.50,30217.75,174,30217.75,30217.75,0.00
2026-07-01 09:50:51,30216.75,30219.25,30213.00,30218.75,184,30218.75,30218.75,0.00
2026-07-01 09:50:52,30218.75,30220.25,30216.50,30217.00,99,30217.00,30217.00,0.00
2026-07-01 09:50:53,30216.75,30222.00,30216.00,30221.00,195,30221.00,30221.00,0.00
2026-07-01 09:50:54,30221.50,30224.00,30220.25,30222.25,156,30222.25,30222.25,0.00
2026-07-01 09:50:55,30221.75,30226.75,30221.50,30224.25,320,30224.25,30224.25,0.00
2026-07-01 09:50:56,30225.00,30229.75,30224.75,30228.00,462,30228.00,30228.00,0.00
2026-07-01 09:50:57,30227.25,30229.00,30226.75,30227.50,219,30227.50,30227.50,0.00
2026-07-01 09:50:58,30227.00,30232.75,30227.00,30231.25,451,30231.25,30231.25,0.00
2026-07-01 09:50:59,30231.50,30233.00,30230.50,30232.25,233,30232.25,30232.25,0.00
2026-07-01 09:51:00,30232.25,30232.25,30229.25,30230.00,185,30230.00,30230.00,0.00
2026-07-01 09:51:01,30230.00,30230.50,30226.00,30228.25,246,30228.25,30228.25,0.00
2026-07-01 09:51:02,30228.25,30230.75,30226.25,30228.50,290,30228.50,30228.50,0.00
2026-07-01 09:51:03,30228.00,30228.00,30219.25,30220.75,364,30220.75,30220.75,0.00
2026-07-01 09:51:04,30220.75,30226.25,30220.00,30225.25,245,30225.25,30225.25,0.00
2026-07-01 09:51:05,30224.25,30225.50,30221.00,30225.00,193,30225.00,30225.00,0.00
2026-07-01 09:51:06,30225.00,30227.00,30223.50,30223.75,161,30223.75,30223.75,0.00
2026-07-01 09:51:07,30224.00,30227.00,30223.75,30224.25,165,30224.25,30224.25,0.00
2026-07-01 09:51:08,30224.00,30225.25,30221.00,30224.50,177,30224.50,30224.50,0.00
2026-07-01 09:51:09,30224.25,30225.00,30221.25,30224.00,136,30224.00,30224.00,0.00
2026-07-01 09:51:10,30224.00,30224.25,30221.00,30223.25,80,30223.25,30223.25,0.00
2026-07-01 09:51:11,30223.00,30227.00,30221.25,30221.75,196,30221.75,30221.75,0.00
2026-07-01 09:51:12,30223.50,30227.50,30223.50,30225.50,121,30225.50,30225.50,0.00
2026-07-01 09:51:13,30225.25,30227.00,30223.75,30225.50,100,30225.50,30225.50,0.00
2026-07-01 09:51:14,30225.00,30228.75,30223.75,30228.25,119,30228.25,30228.25,0.00
2026-07-01 09:51:15,30227.75,30228.25,30225.25,30226.00,153,30226.00,30226.00,0.00
2026-07-01 09:51:16,30225.50,30227.25,30224.25,30226.00,106,30226.00,30226.00,0.00
2026-07-01 09:51:17,30226.25,30230.00,30224.50,30228.75,143,30228.75,30228.75,0.00
2026-07-01 09:51:18,30228.25,30231.00,30228.25,30229.25,177,30229.25,30229.25,0.00
2026-07-01 09:51:19,30229.75,30230.25,30225.50,30226.50,180,30226.50,30226.50,0.00
2026-07-01 09:51:20,30227.25,30231.50,30225.50,30230.50,168,30230.50,30230.50,0.00
2026-07-01 09:51:21,30230.75,30235.75,30230.75,30235.50,534,30235.50,30235.50,0.00
2026-07-01 09:51:22,30235.50,30236.25,30226.75,30227.25,396,30227.25,30227.25,0.00
2026-07-01 09:51:23,30227.50,30231.25,30225.50,30230.50,233,30230.50,30230.50,0.00
2026-07-01 09:51:24,30231.00,30236.75,30231.00,30234.25,187,30234.25,30234.25,0.00
2026-07-01 09:51:25,30234.00,30237.50,30234.00,30235.50,263,30235.50,30235.50,0.00
2026-07-01 09:51:26,30235.50,30235.50,30230.75,30233.25,221,30233.25,30233.25,0.00
2026-07-01 09:51:27,30233.00,30235.00,30232.00,30233.25,139,30233.25,30233.25,0.00
2026-07-01 09:51:28,30233.00,30238.75,30232.75,30238.00,259,30238.00,30238.00,0.00
2026-07-01 09:51:29,30237.75,30242.75,30237.25,30238.75,546,30238.75,30238.75,0.00
2026-07-01 09:51:30,30238.50,30240.50,30234.50,30235.50,282,30235.50,30235.50,0.00
2026-07-01 09:51:31,30235.50,30237.50,30231.00,30232.50,349,30232.50,30232.50,0.00
2026-07-01 09:51:32,30232.25,30234.00,30227.25,30231.25,260,30231.25,30231.25,0.00
2026-07-01 09:51:33,30231.00,30235.25,30228.00,30235.25,209,30235.25,30235.25,0.00
2026-07-01 09:51:34,30234.75,30238.50,30234.50,30235.75,215,30235.75,30235.75,0.00
2026-07-01 09:51:35,30236.75,30241.25,30236.75,30238.00,296,30238.00,30238.00,0.00
2026-07-01 09:51:36,30238.50,30238.50,30236.50,30238.00,170,30238.00,30238.00,0.00
2026-07-01 09:51:37,30237.75,30238.50,30236.50,30237.50,160,30237.50,30237.50,0.00
2026-07-01 09:51:38,30238.00,30239.25,30235.25,30237.00,139,30237.00,30237.00,0.00
2026-07-01 09:51:39,30237.50,30237.75,30233.75,30235.25,171,30235.25,30235.25,0.00
2026-07-01 09:51:40,30235.00,30237.50,30234.00,30234.75,106,30234.75,30234.75,0.00
2026-07-01 09:51:41,30235.00,30240.00,30235.00,30239.75,238,30239.75,30239.75,0.00
2026-07-01 09:51:42,30239.50,30241.75,30238.75,30239.25,179,30239.25,30239.25,0.00
2026-07-01 09:51:43,30239.50,30243.00,30238.75,30241.25,172,30241.25,30241.25,0.00
2026-07-01 09:51:44,30241.50,30242.75,30240.50,30240.75,168,30240.75,30240.75,0.00
2026-07-01 09:51:45,30241.25,30242.50,30239.75,30240.00,152,30240.00,30240.00,0.00
2026-07-01 09:51:46,30239.75,30243.50,30239.25,30241.50,226,30241.50,30241.50,0.00
2026-07-01 09:51:47,30241.50,30247.75,30241.00,30243.75,420,30243.75,30243.75,0.00
2026-07-01 09:51:48,30245.25,30248.00,30241.75,30243.00,422,30243.00,30243.00,0.00
2026-07-01 09:51:49,30242.50,30244.25,30241.00,30244.25,173,30244.25,30244.25,0.00
2026-07-01 09:51:50,30244.25,30247.25,30242.00,30246.25,353,30246.25,30246.25,0.00
2026-07-01 09:51:51,30245.75,30248.50,30245.25,30247.00,163,30247.00,30247.00,0.00
2026-07-01 09:51:52,30247.00,30247.50,30244.50,30246.75,218,30246.75,30246.75,0.00
2026-07-01 09:51:53,30246.50,30251.50,30245.75,30249.25,451,30249.25,30249.25,0.00
2026-07-01 09:51:54,30249.25,30251.50,30248.50,30250.25,243,30250.25,30250.25,0.00
2026-07-01 09:51:55,30250.75,30253.00,30249.50,30249.75,267,30249.75,30249.75,0.00
2026-07-01 09:51:56,30250.00,30251.50,30249.50,30249.75,135,30249.75,30249.75,0.00
2026-07-01 09:51:57,30250.00,30250.75,30247.75,30249.25,172,30249.25,30249.25,0.00
2026-07-01 09:51:58,30250.00,30250.00,30243.25,30244.50,225,30244.50,30244.50,0.00
2026-07-01 09:51:59,30244.00,30244.00,30241.50,30243.25,200,30243.25,30243.25,0.00
2026-07-01 09:52:00,30243.25,30244.00,30241.75,30243.00,205,30243.00,30243.00,0.00
2026-07-01 09:52:01,30242.75,30242.75,30237.75,30238.00,313,30238.00,30238.00,0.00
2026-07-01 09:52:02,30238.50,30243.50,30235.50,30242.00,379,30242.00,30242.00,0.00
2026-07-01 09:52:03,30241.75,30243.25,30238.25,30243.25,175,30243.25,30243.25,0.00
2026-07-01 09:52:04,30243.50,30247.25,30242.75,30243.75,170,30243.75,30243.75,0.00
2026-07-01 09:52:05,30243.75,30244.75,30241.25,30241.25,174,30241.25,30241.25,0.00
2026-07-01 09:52:06,30241.50,30243.75,30240.50,30242.75,119,30242.75,30242.75,0.00
2026-07-01 09:52:07,30242.50,30243.75,30240.25,30242.25,148,30242.25,30242.25,0.00
2026-07-01 09:52:08,30242.25,30243.50,30240.75,30242.00,118,30242.00,30242.00,0.00
2026-07-01 09:52:09,30242.75,30244.50,30238.75,30238.75,188,30238.75,30238.75,0.00
2026-07-01 09:52:10,30239.50,30239.50,30236.25,30237.00,122,30237.00,30237.00,0.00
2026-07-01 09:52:11,30237.25,30242.25,30237.25,30239.75,138,30239.75,30239.75,0.00
2026-07-01 09:52:12,30239.75,30241.50,30238.00,30241.25,202,30241.25,30241.25,0.00
2026-07-01 09:52:13,30241.25,30242.75,30239.75,30241.50,128,30241.50,30241.50,0.00
2026-07-01 09:52:14,30241.50,30241.50,30236.50,30236.50,166,30236.50,30236.50,0.00
2026-07-01 09:52:15,30237.25,30238.50,30232.50,30234.50,297,30234.50,30234.50,0.00
2026-07-01 09:52:16,30234.75,30238.50,30234.75,30238.25,179,30238.25,30238.25,0.00
2026-07-01 09:52:17,30238.00,30239.25,30237.25,30239.00,87,30239.00,30239.00,0.00
2026-07-01 09:52:18,30239.50,30241.25,30238.00,30239.25,121,30239.25,30239.25,0.00
2026-07-01 09:52:19,30240.00,30240.25,30236.50,30236.50,95,30236.50,30236.50,0.00
2026-07-01 09:52:20,30236.25,30242.75,30234.25,30238.75,390,30238.75,30238.75,0.00
2026-07-01 09:52:21,30240.25,30241.50,30238.25,30240.75,147,30240.75,30240.75,0.00
2026-07-01 09:52:22,30241.00,30244.00,30239.50,30241.25,159,30241.25,30241.25,0.00
2026-07-01 09:52:23,30241.00,30241.00,30236.00,30238.50,159,30238.50,30238.50,0.00
2026-07-01 09:52:24,30237.25,30241.75,30237.25,30241.50,137,30241.50,30241.50,0.00
2026-07-01 09:52:25,30241.00,30241.00,30237.75,30240.50,97,30240.50,30240.50,0.00
2026-07-01 09:52:26,30240.25,30243.00,30239.50,30240.00,96,30240.00,30240.00,0.00
2026-07-01 09:52:27,30239.25,30239.25,30236.00,30237.75,145,30237.75,30237.75,0.00
2026-07-01 09:52:28,30237.50,30237.75,30226.25,30227.00,501,30227.00,30227.00,0.00
2026-07-01 09:52:29,30227.25,30227.75,30221.75,30222.75,366,30222.75,30222.75,0.00
2026-07-01 09:52:30,30223.00,30227.50,30221.50,30226.50,240,30226.50,30226.50,0.00
2026-07-01 09:52:31,30226.75,30229.50,30226.00,30228.75,189,30228.75,30228.75,0.00
2026-07-01 09:52:32,30228.25,30231.50,30227.00,30231.25,222,30231.25,30231.25,0.00
2026-07-01 09:52:33,30231.50,30233.50,30229.25,30230.25,154,30230.25,30230.25,0.00
2026-07-01 09:52:34,30230.50,30234.00,30228.50,30232.75,180,30232.75,30232.75,0.00
2026-07-01 09:52:35,30233.25,30233.25,30229.00,30232.50,119,30232.50,30232.50,0.00
2026-07-01 09:52:36,30233.00,30236.00,30230.75,30234.25,102,30234.25,30234.25,0.00
2026-07-01 09:52:37,30234.50,30236.50,30234.00,30235.50,150,30235.50,30235.50,0.00
2026-07-01 09:52:38,30234.75,30237.50,30233.50,30236.00,234,30236.00,30236.00,0.00
2026-07-01 09:52:39,30236.00,30237.75,30233.25,30234.00,189,30234.00,30234.00,0.00
2026-07-01 09:52:40,30233.75,30234.50,30227.25,30230.00,190,30230.00,30230.00,0.00
2026-07-01 09:52:41,30230.00,30233.25,30228.50,30231.75,164,30231.75,30231.75,0.00
2026-07-01 09:52:42,30231.75,30231.75,30228.50,30229.00,206,30229.00,30229.00,0.00
2026-07-01 09:52:43,30228.75,30230.50,30227.25,30229.75,126,30229.75,30229.75,0.00
2026-07-01 09:52:44,30229.50,30230.75,30229.00,30230.50,87,30230.50,30230.50,0.00
2026-07-01 09:52:45,30231.25,30233.50,30230.75,30233.25,125,30233.25,30233.25,0.00
2026-07-01 09:52:46,30233.00,30234.25,30231.50,30232.50,117,30232.50,30232.50,0.00
2026-07-01 09:52:47,30232.50,30234.25,30232.25,30233.25,60,30233.25,30233.25,0.00
2026-07-01 09:52:48,30233.75,30234.00,30232.00,30234.00,65,30234.00,30234.00,0.00
2026-07-01 09:52:49,30233.00,30235.00,30230.50,30232.00,114,30232.00,30232.00,0.00
2026-07-01 09:52:50,30232.00,30233.50,30225.75,30228.00,143,30228.00,30228.00,0.00
2026-07-01 09:52:51,30228.25,30232.25,30228.25,30232.25,158,30232.25,30232.25,0.00
2026-07-01 09:52:52,30232.25,30232.50,30230.00,30232.00,112,30232.00,30232.00,0.00
2026-07-01 09:52:53,30231.75,30239.25,30230.50,30239.25,173,30239.25,30239.25,0.00
2026-07-01 09:52:54,30239.50,30244.25,30239.50,30243.00,242,30243.00,30243.00,0.00
2026-07-01 09:52:55,30242.50,30243.25,30238.00,30240.00,158,30240.00,30240.00,0.00
2026-07-01 09:52:56,30240.25,30240.25,30235.25,30235.50,118,30235.50,30235.50,0.00
2026-07-01 09:52:57,30236.25,30239.00,30236.25,30237.25,91,30237.25,30237.25,0.00
2026-07-01 09:52:58,30237.75,30240.50,30237.25,30240.00,69,30240.00,30240.00,0.00
2026-07-01 09:52:59,30239.75,30242.00,30239.25,30240.25,93,30240.25,30240.25,0.00
2026-07-01 09:53:00,30240.25,30241.00,30238.75,30238.75,96,30238.75,30238.75,0.00
2026-07-01 09:53:01,30238.75,30242.25,30238.00,30242.00,150,30242.00,30242.00,0.00
2026-07-01 09:53:02,30242.25,30250.50,30241.25,30249.50,429,30249.50,30249.50,0.00
2026-07-01 09:53:03,30249.50,30249.75,30245.00,30249.00,278,30249.00,30249.00,0.00
2026-07-01 09:53:04,30247.75,30248.25,30242.00,30246.75,242,30246.75,30246.75,0.00
2026-07-01 09:53:05,30246.75,30247.50,30244.50,30246.50,186,30246.50,30246.50,0.00
2026-07-01 09:53:06,30246.25,30249.00,30246.00,30248.75,150,30248.75,30248.75,0.00
2026-07-01 09:53:07,30249.00,30250.50,30248.25,30249.50,185,30249.50,30249.50,0.00
2026-07-01 09:53:08,30250.00,30250.75,30247.75,30249.00,194,30249.00,30249.00,0.00
2026-07-01 09:53:09,30249.00,30249.00,30246.50,30248.75,95,30248.75,30248.75,0.00
2026-07-01 09:53:10,30249.25,30252.50,30247.75,30251.50,188,30251.50,30251.50,0.00
2026-07-01 09:53:11,30251.50,30252.00,30247.75,30248.50,255,30248.50,30248.50,0.00
2026-07-01 09:53:12,30248.50,30249.75,30247.00,30247.75,175,30247.75,30247.75,0.00
2026-07-01 09:53:13,30248.00,30251.25,30247.75,30249.50,147,30249.50,30249.50,0.00
2026-07-01 09:53:14,30249.25,30251.75,30248.75,30249.75,84,30249.75,30249.75,0.00
2026-07-01 09:53:15,30250.00,30250.50,30245.50,30247.75,90,30247.75,30247.75,0.00
2026-07-01 09:53:16,30247.75,30248.50,30246.00,30248.50,138,30248.50,30248.50,0.00
2026-07-01 09:53:17,30248.25,30250.50,30246.75,30250.50,126,30250.50,30250.50,0.00
2026-07-01 09:53:18,30250.25,30251.75,30246.75,30248.75,150,30248.75,30248.75,0.00
2026-07-01 09:53:19,30248.75,30250.75,30246.75,30247.75,82,30247.75,30247.75,0.00
2026-07-01 09:53:20,30247.50,30247.75,30243.25,30243.75,115,30243.75,30243.75,0.00
2026-07-01 09:53:21,30243.50,30245.25,30240.75,30241.75,266,30241.75,30241.75,0.00
2026-07-01 09:53:22,30242.00,30244.25,30241.25,30243.25,105,30243.25,30243.25,0.00
2026-07-01 09:53:23,30244.50,30247.75,30244.00,30245.00,126,30245.00,30245.00,0.00
2026-07-01 09:53:24,30245.25,30247.25,30244.00,30244.25,114,30244.25,30244.25,0.00
2026-07-01 09:53:25,30243.75,30244.00,30236.25,30237.00,333,30237.00,30237.00,0.00
2026-07-01 09:53:26,30237.00,30239.00,30236.00,30238.75,140,30238.75,30238.75,0.00
2026-07-01 09:53:27,30239.00,30243.25,30238.25,30242.75,115,30242.75,30242.75,0.00
2026-07-01 09:53:28,30242.25,30246.00,30242.00,30245.25,87,30245.25,30245.25,0.00
2026-07-01 09:53:29,30246.00,30249.75,30244.75,30248.75,148,30248.75,30248.75,0.00
2026-07-01 09:53:30,30248.25,30253.00,30247.75,30249.75,283,30249.75,30249.75,0.00
2026-07-01 09:53:31,30250.00,30252.00,30247.00,30247.75,129,30247.75,30247.75,0.00
2026-07-01 09:53:32,30247.75,30250.75,30246.75,30248.25,139,30248.25,30248.25,0.00
2026-07-01 09:53:33,30249.25,30250.75,30248.25,30250.00,60,30250.00,30250.00,0.00
2026-07-01 09:53:34,30250.25,30250.50,30247.00,30247.75,88,30247.75,30247.75,0.00
2026-07-01 09:53:35,30248.25,30251.50,30247.00,30248.75,123,30248.75,30248.75,0.00
2026-07-01 09:53:36,30248.50,30250.50,30247.75,30248.75,133,30248.75,30248.75,0.00
2026-07-01 09:53:37,30248.25,30251.50,30245.75,30250.25,102,30250.25,30250.25,0.00
2026-07-01 09:53:38,30250.25,30250.50,30248.50,30249.75,69,30249.75,30249.75,0.00
2026-07-01 09:53:39,30250.00,30250.25,30248.50,30249.00,82,30249.00,30249.00,0.00
2026-07-01 09:53:40,30249.25,30252.75,30247.25,30251.50,153,30251.50,30251.50,0.00
2026-07-01 09:53:41,30251.25,30251.50,30249.50,30251.00,107,30251.00,30251.00,0.00
2026-07-01 09:53:42,30250.75,30251.25,30246.50,30248.75,59,30248.75,30248.75,0.00
2026-07-01 09:53:43,30248.25,30251.50,30246.50,30247.50,188,30247.50,30247.50,0.00
2026-07-01 09:53:44,30247.75,30252.25,30246.50,30251.00,191,30251.00,30251.00,0.00
2026-07-01 09:53:45,30250.50,30251.00,30249.00,30250.25,66,30250.25,30250.25,0.00
2026-07-01 09:53:46,30250.25,30260.25,30250.00,30251.50,871,30251.50,30251.50,0.00
2026-07-01 09:53:47,30252.00,30252.00,30249.75,30251.00,182,30251.00,30251.00,0.00
2026-07-01 09:53:48,30250.75,30254.00,30250.75,30252.50,163,30252.50,30252.50,0.00
2026-07-01 09:53:49,30252.75,30253.00,30246.25,30249.25,263,30249.25,30249.25,0.00
2026-07-01 09:53:50,30249.00,30249.75,30247.75,30248.75,137,30248.75,30248.75,0.00
2026-07-01 09:53:51,30248.75,30250.00,30246.50,30247.50,151,30247.50,30247.50,0.00
2026-07-01 09:53:52,30247.00,30248.00,30242.50,30244.00,259,30244.00,30244.00,0.00
2026-07-01 09:53:53,30243.75,30244.25,30239.75,30241.00,252,30241.00,30241.00,0.00
2026-07-01 09:53:54,30241.00,30241.75,30237.00,30239.00,198,30239.00,30239.00,0.00
2026-07-01 09:53:55,30239.50,30240.25,30238.00,30240.00,144,30240.00,30240.00,0.00
2026-07-01 09:53:56,30239.75,30240.75,30239.00,30239.75,95,30239.75,30239.75,0.00
2026-07-01 09:53:57,30239.75,30241.25,30233.00,30235.00,213,30235.00,30235.00,0.00
2026-07-01 09:53:58,30235.50,30236.00,30233.00,30233.75,153,30233.75,30233.75,0.00
2026-07-01 09:53:59,30234.25,30235.00,30230.25,30232.00,316,30232.00,30232.00,0.00
2026-07-01 09:54:00,30232.50,30233.75,30230.75,30231.50,196,30231.50,30231.50,0.00
2026-07-01 09:54:01,30231.50,30236.00,30231.50,30234.75,296,30234.75,30234.75,0.00
2026-07-01 09:54:02,30234.50,30237.25,30232.75,30237.25,192,30237.25,30237.25,0.00
2026-07-01 09:54:03,30237.00,30237.25,30232.75,30235.25,98,30235.25,30235.25,0.00
2026-07-01 09:54:04,30235.25,30240.25,30235.25,30236.50,178,30236.50,30236.50,0.00
2026-07-01 09:54:05,30236.00,30236.25,30229.50,30230.25,382,30230.25,30230.25,0.00
2026-07-01 09:54:06,30229.50,30232.25,30228.75,30232.00,242,30232.00,30232.00,0.00
2026-07-01 09:54:07,30231.75,30232.75,30229.00,30231.75,187,30231.75,30231.75,0.00
2026-07-01 09:54:08,30232.00,30233.75,30230.75,30232.75,128,30232.75,30232.75,0.00
2026-07-01 09:54:09,30232.50,30234.25,30231.00,30233.25,114,30233.25,30233.25,0.00
2026-07-01 09:54:10,30233.00,30234.00,30230.50,30231.00,123,30231.00,30231.00,0.00
2026-07-01 09:54:11,30231.25,30232.75,30225.00,30225.25,251,30225.25,30225.25,0.00
2026-07-01 09:54:12,30225.50,30227.50,30223.00,30225.25,302,30225.25,30225.25,0.00
2026-07-01 09:54:13,30225.00,30225.00,30218.00,30218.25,510,30218.25,30218.25,0.00
2026-07-01 09:54:14,30218.50,30220.75,30218.25,30220.00,202,30220.00,30220.00,0.00
2026-07-01 09:54:15,30220.25,30221.25,30215.00,30218.25,366,30218.25,30218.25,0.00
2026-07-01 09:54:16,30218.75,30221.50,30216.50,30220.50,223,30220.50,30220.50,0.00
2026-07-01 09:54:17,30220.75,30221.75,30217.50,30220.50,174,30220.50,30220.50,0.00
2026-07-01 09:54:18,30220.00,30225.50,30219.25,30224.25,206,30224.25,30224.25,0.00
2026-07-01 09:54:19,30223.50,30226.25,30223.00,30224.75,139,30224.75,30224.75,0.00
2026-07-01 09:54:20,30224.50,30225.50,30222.50,30222.75,172,30222.75,30222.75,0.00
2026-07-01 09:54:21,30223.25,30226.50,30221.00,30222.00,151,30222.00,30222.00,0.00
2026-07-01 09:54:22,30222.50,30223.00,30220.75,30223.00,135,30223.00,30223.00,0.00
2026-07-01 09:54:23,30223.25,30223.75,30219.50,30223.25,118,30223.25,30223.25,0.00
2026-07-01 09:54:24,30223.00,30233.50,30222.75,30231.50,348,30231.50,30231.50,0.00
2026-07-01 09:54:25,30230.75,30234.25,30230.50,30231.75,189,30231.75,30231.75,0.00
2026-07-01 09:54:26,30231.50,30232.25,30228.75,30229.50,146,30229.50,30229.50,0.00
2026-07-01 09:54:27,30230.50,30232.25,30228.00,30230.00,138,30230.00,30230.00,0.00
2026-07-01 09:54:28,30229.75,30232.50,30227.75,30229.75,119,30229.75,30229.75,0.00
2026-07-01 09:54:29,30229.50,30231.25,30224.50,30225.50,219,30225.50,30225.50,0.00
2026-07-01 09:54:30,30225.00,30227.25,30223.00,30227.00,191,30227.00,30227.00,0.00
2026-07-01 09:54:31,30227.00,30227.75,30225.25,30227.75,129,30227.75,30227.75,0.00
2026-07-01 09:54:32,30227.25,30229.00,30226.50,30229.00,90,30229.00,30229.00,0.00
2026-07-01 09:54:33,30228.50,30228.50,30225.50,30226.00,116,30226.00,30226.00,0.00
2026-07-01 09:54:34,30226.25,30228.25,30225.25,30227.50,118,30227.50,30227.50,0.00
2026-07-01 09:54:35,30225.75,30227.75,30225.50,30226.00,56,30226.00,30226.00,0.00
2026-07-01 09:54:36,30225.50,30230.50,30224.00,30230.25,169,30230.25,30230.25,0.00
2026-07-01 09:54:37,30230.00,30230.50,30226.75,30227.75,129,30227.75,30227.75,0.00
2026-07-01 09:54:38,30227.75,30230.75,30227.75,30230.25,81,30230.25,30230.25,0.00
2026-07-01 09:54:39,30231.25,30234.00,30231.25,30233.75,117,30233.75,30233.75,0.00
2026-07-01 09:54:40,30233.25,30238.25,30230.25,30236.50,539,30236.50,30236.50,0.00
2026-07-01 09:54:41,30236.25,30239.50,30235.25,30237.50,225,30237.50,30237.50,0.00
2026-07-01 09:54:42,30237.25,30237.25,30232.50,30235.25,155,30235.25,30235.25,0.00
2026-07-01 09:54:43,30235.25,30235.50,30230.50,30231.00,129,30231.00,30231.00,0.00
2026-07-01 09:54:44,30231.25,30231.25,30227.25,30228.25,108,30228.25,30228.25,0.00
2026-07-01 09:54:45,30228.75,30229.50,30225.00,30226.75,232,30226.75,30226.75,0.00
2026-07-01 09:54:46,30225.75,30228.75,30224.25,30227.25,114,30227.25,30227.25,0.00
2026-07-01 09:54:47,30227.25,30229.25,30225.75,30227.50,99,30227.50,30227.50,0.00
2026-07-01 09:54:48,30227.50,30227.75,30223.50,30223.75,85,30223.75,30223.75,0.00
2026-07-01 09:54:49,30224.25,30224.25,30217.75,30217.75,215,30217.75,30217.75,0.00
2026-07-01 09:54:50,30217.75,30225.50,30217.50,30225.50,172,30225.50,30225.50,0.00
2026-07-01 09:54:51,30225.25,30230.75,30224.75,30230.50,229,30230.50,30230.50,0.00
2026-07-01 09:54:52,30230.50,30231.25,30229.00,30230.50,93,30230.50,30230.50,0.00
2026-07-01 09:54:53,30230.25,30230.75,30228.50,30229.50,124,30229.50,30229.50,0.00
2026-07-01 09:54:54,30229.00,30230.00,30226.75,30227.75,94,30227.75,30227.75,0.00
2026-07-01 09:54:55,30227.25,30234.50,30226.25,30234.50,139,30234.50,30234.50,0.00
2026-07-01 09:54:56,30234.50,30237.75,30233.75,30236.50,179,30236.50,30236.50,0.00
2026-07-01 09:54:57,30236.50,30236.50,30232.00,30232.50,77,30232.50,30232.50,0.00
2026-07-01 09:54:58,30232.25,30234.25,30232.25,30234.00,33,30234.00,30234.00,0.00
2026-07-01 09:54:59,30233.75,30234.25,30233.00,30233.50,73,30233.50,30233.50,0.00
2026-07-01 09:55:00,30234.00,30235.75,30231.50,30232.00,123,30232.00,30232.00,0.00
2026-07-01 09:55:01,30231.75,30232.50,30229.25,30232.00,141,30232.00,30232.00,0.00
2026-07-01 09:55:02,30232.25,30234.25,30227.00,30227.00,234,30227.00,30227.00,0.00
2026-07-01 09:55:03,30227.25,30230.50,30227.25,30229.75,147,30229.75,30229.75,0.00
2026-07-01 09:55:04,30230.00,30237.50,30229.25,30233.25,401,30233.25,30233.25,0.00
2026-07-01 09:55:05,30233.00,30233.75,30229.75,30230.00,130,30230.00,30230.00,0.00
2026-07-01 09:55:06,30230.25,30230.25,30221.00,30223.50,253,30223.50,30223.50,0.00
2026-07-01 09:55:07,30222.75,30227.00,30222.00,30225.25,151,30225.25,30225.25,0.00
2026-07-01 09:55:08,30225.25,30226.00,30222.50,30224.00,143,30224.00,30224.00,0.00
2026-07-01 09:55:09,30224.25,30226.00,30221.50,30221.50,90,30221.50,30221.50,0.00
2026-07-01 09:55:10,30222.25,30233.00,30221.00,30230.00,398,30230.00,30230.00,0.00
2026-07-01 09:55:11,30229.50,30231.25,30226.25,30229.25,216,30229.25,30229.25,0.00
2026-07-01 09:55:12,30229.25,30234.00,30229.25,30232.25,213,30232.25,30232.25,0.00
2026-07-01 09:55:13,30232.75,30235.75,30232.75,30235.25,151,30235.25,30235.25,0.00
2026-07-01 09:55:14,30235.50,30237.50,30231.75,30233.00,163,30233.00,30233.00,0.00
2026-07-01 09:55:15,30234.00,30244.00,30232.75,30242.00,286,30242.00,30242.00,0.00
2026-07-01 09:55:16,30241.75,30246.00,30241.50,30244.00,268,30244.00,30244.00,0.00
2026-07-01 09:55:17,30243.75,30248.75,30243.00,30245.75,249,30245.75,30245.75,0.00
2026-07-01 09:55:18,30245.50,30250.75,30244.75,30247.75,310,30247.75,30247.75,0.00
2026-07-01 09:55:19,30248.00,30248.50,30246.50,30247.75,143,30247.75,30247.75,0.00
2026-07-01 09:55:20,30248.00,30250.25,30241.25,30241.50,266,30241.50,30241.50,0.00
2026-07-01 09:55:21,30241.75,30245.75,30241.50,30243.75,140,30243.75,30243.75,0.00
2026-07-01 09:55:22,30243.75,30252.00,30243.50,30250.00,197,30250.00,30250.00,0.00
2026-07-01 09:55:23,30249.50,30250.50,30244.75,30246.00,140,30246.00,30246.00,0.00
2026-07-01 09:55:24,30245.75,30246.25,30233.25,30235.50,325,30235.50,30235.50,0.00
2026-07-01 09:55:25,30235.75,30236.75,30233.25,30233.25,120,30233.25,30233.25,0.00
2026-07-01 09:55:26,30234.00,30237.75,30234.00,30236.25,146,30236.25,30236.25,0.00
2026-07-01 09:55:27,30236.25,30236.50,30231.25,30233.00,132,30233.00,30233.00,0.00
2026-07-01 09:55:28,30233.00,30234.00,30230.25,30232.50,105,30232.50,30232.50,0.00
2026-07-01 09:55:29,30233.25,30233.25,30230.75,30231.00,169,30231.00,30231.00,0.00
2026-07-01 09:55:30,30233.50,30235.50,30233.50,30234.50,137,30234.50,30234.50,0.00
2026-07-01 09:55:31,30234.50,30236.50,30233.50,30234.50,82,30234.50,30234.50,0.00
2026-07-01 09:55:32,30235.00,30238.25,30231.75,30236.75,209,30236.75,30236.75,0.00
2026-07-01 09:55:33,30236.50,30238.00,30234.50,30236.00,101,30236.00,30236.00,0.00
2026-07-01 09:55:34,30236.00,30239.75,30235.00,30239.25,95,30239.25,30239.25,0.00
2026-07-01 09:55:35,30238.50,30238.50,30235.50,30236.50,133,30236.50,30236.50,0.00
2026-07-01 09:55:36,30236.50,30238.50,30236.00,30236.00,122,30236.00,30236.00,0.00
2026-07-01 09:55:37,30236.25,30237.00,30230.00,30233.50,206,30233.50,30233.50,0.00
2026-07-01 09:55:38,30234.00,30237.25,30233.00,30236.75,104,30236.75,30236.75,0.00
2026-07-01 09:55:39,30236.75,30238.25,30235.25,30236.25,87,30236.25,30236.25,0.00
2026-07-01 09:55:40,30237.25,30241.75,30236.25,30239.75,178,30239.75,30239.75,0.00
2026-07-01 09:55:41,30239.75,30240.75,30239.25,30240.25,109,30240.25,30240.25,0.00
2026-07-01 09:55:42,30240.50,30245.00,30239.50,30243.75,127,30243.75,30243.75,0.00
2026-07-01 09:55:43,30244.50,30245.75,30241.75,30242.25,138,30242.25,30242.25,0.00
2026-07-01 09:55:44,30241.50,30246.00,30241.25,30245.00,121,30245.00,30245.00,0.00
2026-07-01 09:55:45,30245.25,30245.75,30242.75,30244.25,94,30244.25,30244.25,0.00
2026-07-01 09:55:46,30244.50,30247.75,30240.75,30245.25,189,30245.25,30245.25,0.00
2026-07-01 09:55:47,30245.50,30246.50,30245.00,30245.00,80,30245.00,30245.00,0.00
2026-07-01 09:55:48,30245.00,30245.50,30244.25,30245.00,81,30245.00,30245.00,0.00
2026-07-01 09:55:49,30244.00,30245.00,30240.75,30243.50,101,30243.50,30243.50,0.00
2026-07-01 09:55:50,30244.00,30244.00,30236.00,30237.75,176,30237.75,30237.75,0.00
2026-07-01 09:55:51,30237.75,30240.25,30237.25,30240.00,89,30240.00,30240.00,0.00
2026-07-01 09:55:52,30240.00,30242.75,30239.25,30242.25,88,30242.25,30242.25,0.00
2026-07-01 09:55:53,30242.25,30243.00,30239.25,30241.75,102,30241.75,30241.75,0.00
2026-07-01 09:55:54,30242.25,30246.75,30242.25,30246.25,84,30246.25,30246.25,0.00
2026-07-01 09:55:55,30246.25,30249.25,30246.00,30248.50,105,30248.50,30248.50,0.00
2026-07-01 09:55:56,30248.50,30248.50,30246.25,30247.00,73,30247.00,30247.00,0.00
2026-07-01 09:55:57,30247.00,30248.25,30245.00,30245.50,131,30245.50,30245.50,0.00
2026-07-01 09:55:58,30245.50,30247.25,30244.25,30245.75,171,30245.75,30245.75,0.00
2026-07-01 09:55:59,30245.50,30246.25,30242.50,30243.75,82,30243.75,30243.75,0.00
2026-07-01 09:56:00,30243.25,30244.75,30238.75,30239.00,138,30239.00,30239.00,0.00
2026-07-01 09:56:01,30239.00,30240.25,30236.50,30239.75,235,30239.75,30239.75,0.00
2026-07-01 09:56:02,30240.00,30240.75,30238.00,30240.00,101,30240.00,30240.00,0.00
2026-07-01 09:56:03,30239.00,30239.75,30231.25,30236.75,256,30236.75,30236.75,0.00
2026-07-01 09:56:04,30236.75,30238.75,30235.25,30237.00,121,30237.00,30237.00,0.00
2026-07-01 09:56:05,30236.75,30237.50,30232.00,30235.75,191,30235.75,30235.75,0.00
2026-07-01 09:56:06,30236.00,30239.00,30235.75,30238.75,90,30238.75,30238.75,0.00
2026-07-01 09:56:07,30238.50,30246.75,30237.75,30246.00,141,30246.00,30246.00,0.00
2026-07-01 09:56:08,30245.75,30247.25,30244.75,30245.75,125,30245.75,30245.75,0.00
2026-07-01 09:56:09,30246.00,30246.75,30240.75,30241.25,125,30241.25,30241.25,0.00
2026-07-01 09:56:10,30242.25,30244.50,30240.75,30242.25,84,30242.25,30242.25,0.00
2026-07-01 09:56:11,30242.00,30243.50,30240.50,30242.50,56,30242.50,30242.50,0.00
2026-07-01 09:56:12,30243.25,30245.50,30242.25,30243.50,81,30243.50,30243.50,0.00
2026-07-01 09:56:13,30243.00,30245.00,30241.75,30243.50,89,30243.50,30243.50,0.00
2026-07-01 09:56:14,30243.25,30248.00,30243.25,30244.75,104,30244.75,30244.75,0.00
2026-07-01 09:56:15,30244.25,30246.25,30243.75,30245.75,87,30245.75,30245.75,0.00
2026-07-01 09:56:16,30245.50,30246.50,30240.00,30243.50,136,30243.50,30243.50,0.00
2026-07-01 09:56:17,30242.25,30250.00,30241.50,30248.25,153,30248.25,30248.25,0.00
2026-07-01 09:56:18,30248.25,30251.75,30248.00,30249.75,180,30249.75,30249.75,0.00
2026-07-01 09:56:19,30249.75,30250.00,30247.75,30248.75,117,30248.75,30248.75,0.00
2026-07-01 09:56:20,30248.50,30249.25,30246.25,30247.50,112,30247.50,30247.50,0.00
2026-07-01 09:56:21,30247.00,30248.00,30241.50,30242.50,143,30242.50,30242.50,0.00
2026-07-01 09:56:22,30242.50,30244.00,30241.75,30243.50,82,30243.50,30243.50,0.00
2026-07-01 09:56:23,30243.50,30243.75,30237.00,30239.50,188,30239.50,30239.50,0.00
2026-07-01 09:56:24,30239.25,30239.25,30235.75,30237.00,123,30237.00,30237.00,0.00
2026-07-01 09:56:25,30237.00,30238.25,30235.50,30238.00,124,30238.00,30238.00,0.00
2026-07-01 09:56:26,30238.00,30238.50,30237.50,30238.25,54,30238.25,30238.25,0.00
2026-07-01 09:56:27,30239.25,30242.75,30239.25,30242.00,110,30242.00,30242.00,0.00
2026-07-01 09:56:28,30242.00,30242.00,30239.25,30239.75,88,30239.75,30239.75,0.00
2026-07-01 09:56:29,30240.50,30245.00,30239.75,30239.75,126,30239.75,30239.75,0.00
2026-07-01 09:56:30,30239.50,30241.00,30238.00,30238.50,70,30238.50,30238.50,0.00
2026-07-01 09:56:31,30239.00,30239.50,30236.25,30237.00,98,30237.00,30237.00,0.00
2026-07-01 09:56:32,30237.75,30237.75,30232.50,30234.50,190,30234.50,30234.50,0.00
2026-07-01 09:56:33,30234.75,30237.75,30234.00,30236.50,110,30236.50,30236.50,0.00
2026-07-01 09:56:34,30237.25,30242.25,30237.00,30239.50,133,30239.50,30239.50,0.00
2026-07-01 09:56:35,30239.50,30241.25,30238.00,30240.00,106,30240.00,30240.00,0.00
2026-07-01 09:56:36,30240.50,30243.75,30239.25,30241.00,143,30241.00,30241.00,0.00
2026-07-01 09:56:37,30240.25,30241.00,30226.50,30227.25,393,30227.25,30227.25,0.00
2026-07-01 09:56:38,30227.50,30227.75,30224.25,30225.75,246,30225.75,30225.75,0.00
2026-07-01 09:56:39,30224.75,30229.75,30224.75,30228.75,146,30228.75,30228.75,0.00
2026-07-01 09:56:40,30228.25,30231.25,30228.25,30229.00,94,30229.00,30229.00,0.00
2026-07-01 09:56:41,30229.50,30231.25,30228.50,30228.50,113,30228.50,30228.50,0.00
2026-07-01 09:56:42,30229.25,30229.25,30225.25,30226.50,132,30226.50,30226.50,0.00
2026-07-01 09:56:43,30226.25,30227.50,30222.50,30226.50,252,30226.50,30226.50,0.00
2026-07-01 09:56:44,30226.50,30229.00,30225.75,30226.75,110,30226.75,30226.75,0.00
2026-07-01 09:56:45,30226.75,30227.00,30223.75,30225.50,92,30225.50,30225.50,0.00
2026-07-01 09:56:46,30225.50,30229.00,30224.25,30229.00,193,30229.00,30229.00,0.00
2026-07-01 09:56:47,30228.50,30228.75,30224.50,30228.25,94,30228.25,30228.25,0.00
2026-07-01 09:56:48,30228.50,30230.50,30227.00,30227.25,125,30227.25,30227.25,0.00
2026-07-01 09:56:49,30227.50,30228.00,30224.50,30227.25,107,30227.25,30227.25,0.00
2026-07-01 09:56:50,30227.25,30227.25,30224.00,30225.75,67,30225.75,30225.75,0.00
2026-07-01 09:56:51,30226.00,30226.75,30224.50,30226.50,92,30226.50,30226.50,0.00
2026-07-01 09:56:52,30225.75,30231.00,30225.75,30229.00,128,30229.00,30229.00,0.00
2026-07-01 09:56:53,30229.75,30229.75,30223.75,30223.75,79,30223.75,30223.75,0.00
2026-07-01 09:56:54,30223.75,30224.75,30221.25,30221.75,190,30221.75,30221.75,0.00
2026-07-01 09:56:55,30221.75,30225.75,30220.50,30223.00,149,30223.00,30223.00,0.00
2026-07-01 09:56:56,30222.75,30226.00,30221.25,30224.25,201,30224.25,30224.25,0.00
2026-07-01 09:56:57,30224.00,30225.50,30223.50,30224.75,68,30224.75,30224.75,0.00
2026-07-01 09:56:58,30224.75,30228.75,30224.50,30227.25,151,30227.25,30227.25,0.00
2026-07-01 09:56:59,30227.00,30227.75,30226.00,30226.25,67,30226.25,30226.25,0.00
2026-07-01 09:57:00,30226.50,30232.50,30226.50,30229.75,231,30229.75,30229.75,0.00
2026-07-01 09:57:01,30229.75,30231.00,30226.00,30226.25,150,30226.25,30226.25,0.00
2026-07-01 09:57:02,30225.75,30228.25,30222.75,30224.50,185,30224.50,30224.50,0.00
2026-07-01 09:57:03,30224.25,30226.25,30223.00,30226.00,130,30226.00,30226.00,0.00
2026-07-01 09:57:04,30226.00,30230.00,30222.50,30223.00,144,30223.00,30223.00,0.00
2026-07-01 09:57:05,30223.50,30224.50,30222.50,30222.75,82,30222.75,30222.75,0.00
2026-07-01 09:57:06,30223.25,30229.75,30223.00,30229.75,197,30229.75,30229.75,0.00
2026-07-01 09:57:07,30230.50,30237.00,30230.50,30236.00,198,30236.00,30236.00,0.00
2026-07-01 09:57:08,30235.75,30238.75,30235.25,30236.50,160,30236.50,30236.50,0.00
2026-07-01 09:57:09,30236.25,30236.75,30230.25,30232.25,156,30232.25,30232.25,0.00
2026-07-01 09:57:10,30232.25,30234.00,30231.50,30233.75,77,30233.75,30233.75,0.00
2026-07-01 09:57:11,30233.75,30235.00,30232.00,30232.50,68,30232.50,30232.50,0.00
2026-07-01 09:57:12,30233.50,30233.50,30231.50,30231.75,40,30231.75,30231.75,0.00
2026-07-01 09:57:13,30231.25,30231.25,30225.75,30227.00,138,30227.00,30227.00,0.00
2026-07-01 09:57:14,30228.25,30228.50,30226.00,30226.75,88,30226.75,30226.75,0.00
2026-07-01 09:57:15,30227.00,30230.75,30226.75,30230.00,82,30230.00,30230.00,0.00
2026-07-01 09:57:16,30230.00,30232.00,30228.00,30230.00,89,30230.00,30230.00,0.00
2026-07-01 09:57:17,30230.00,30230.75,30228.00,30228.50,69,30228.50,30228.50,0.00
2026-07-01 09:57:18,30228.50,30228.50,30224.25,30225.75,127,30225.75,30225.75,0.00
2026-07-01 09:57:19,30225.50,30227.25,30223.50,30223.50,90,30223.50,30223.50,0.00
2026-07-01 09:57:20,30223.75,30224.25,30221.25,30221.25,107,30221.25,30221.25,0.00
2026-07-01 09:57:21,30222.00,30224.25,30219.75,30220.50,149,30220.50,30220.50,0.00
2026-07-01 09:57:22,30220.50,30222.50,30219.50,30222.25,156,30222.25,30222.25,0.00
2026-07-01 09:57:23,30221.75,30222.25,30217.00,30219.25,229,30219.25,30219.25,0.00
2026-07-01 09:57:24,30219.50,30222.00,30218.75,30219.75,127,30219.75,30219.75,0.00
2026-07-01 09:57:25,30219.25,30221.50,30218.75,30221.00,70,30221.00,30221.00,0.00
2026-07-01 09:57:26,30220.50,30224.75,30220.50,30221.50,119,30221.50,30221.50,0.00
2026-07-01 09:57:27,30221.50,30222.00,30219.50,30221.25,60,30221.25,30221.25,0.00
2026-07-01 09:57:28,30220.75,30227.00,30220.50,30226.00,91,30226.00,30226.00,0.00
2026-07-01 09:57:29,30227.25,30229.75,30225.75,30229.00,71,30229.00,30229.00,0.00
2026-07-01 09:57:30,30229.75,30236.00,30229.75,30235.00,229,30235.00,30235.00,0.00
2026-07-01 09:57:31,30234.75,30236.00,30233.50,30235.50,158,30235.50,30235.50,0.00
2026-07-01 09:57:32,30235.50,30238.00,30235.00,30237.00,137,30237.00,30237.00,0.00
2026-07-01 09:57:33,30237.00,30241.75,30236.50,30241.75,265,30241.75,30241.75,0.00
2026-07-01 09:57:34,30241.50,30241.50,30234.50,30236.25,145,30236.25,30236.25,0.00
2026-07-01 09:57:35,30236.50,30236.50,30234.75,30236.25,92,30236.25,30236.25,0.00
2026-07-01 09:57:36,30236.25,30239.75,30236.25,30239.00,60,30239.00,30239.00,0.00
2026-07-01 09:57:37,30238.00,30239.25,30235.75,30238.50,84,30238.50,30238.50,0.00
2026-07-01 09:57:38,30239.00,30239.25,30237.25,30239.25,47,30239.25,30239.25,0.00
2026-07-01 09:57:39,30238.00,30241.25,30237.25,30241.25,53,30241.25,30241.25,0.00
2026-07-01 09:57:40,30241.25,30241.50,30239.00,30241.50,55,30241.50,30241.50,0.00
2026-07-01 09:57:41,30241.25,30241.25,30239.25,30239.25,65,30239.25,30239.25,0.00
2026-07-01 09:57:42,30240.00,30243.75,30240.00,30243.00,95,30243.00,30243.00,0.00
2026-07-01 09:57:43,30243.50,30244.50,30242.00,30243.50,73,30243.50,30243.50,0.00
2026-07-01 09:57:44,30243.00,30244.25,30240.75,30242.75,86,30242.75,30242.75,0.00
2026-07-01 09:57:45,30243.50,30243.50,30241.25,30243.00,56,30243.00,30243.00,0.00
2026-07-01 09:57:46,30242.50,30242.75,30240.25,30240.25,162,30240.25,30240.25,0.00
2026-07-01 09:57:47,30241.00,30242.00,30239.25,30241.50,184,30241.50,30241.50,0.00
2026-07-01 09:57:48,30241.50,30244.25,30240.75,30241.50,70,30241.50,30241.50,0.00
2026-07-01 09:57:49,30242.00,30242.00,30237.50,30238.25,61,30238.25,30238.25,0.00
2026-07-01 09:57:50,30237.75,30239.75,30236.50,30239.75,54,30239.75,30239.75,0.00
2026-07-01 09:57:51,30239.00,30241.00,30237.50,30239.00,83,30239.00,30239.00,0.00
2026-07-01 09:57:52,30237.50,30243.00,30237.50,30241.50,49,30241.50,30241.50,0.00
2026-07-01 09:57:53,30241.25,30241.50,30239.00,30240.00,25,30240.00,30240.00,0.00
2026-07-01 09:57:54,30240.25,30240.25,30232.50,30235.00,123,30235.00,30235.00,0.00
2026-07-01 09:57:55,30235.50,30235.75,30231.50,30233.25,87,30233.25,30233.25,0.00
2026-07-01 09:57:56,30234.00,30237.50,30233.50,30237.50,95,30237.50,30237.50,0.00
2026-07-01 09:57:57,30237.00,30240.00,30237.00,30239.50,48,30239.50,30239.50,0.00
2026-07-01 09:57:58,30239.50,30241.75,30239.50,30239.75,26,30239.75,30239.75,0.00
2026-07-01 09:57:59,30240.75,30242.00,30239.75,30241.50,46,30241.50,30241.50,0.00
2026-07-01 09:58:00,30240.25,30242.75,30240.25,30241.25,63,30241.25,30241.25,0.00
2026-07-01 09:58:01,30240.50,30242.00,30238.00,30240.50,87,30240.50,30240.50,0.00
2026-07-01 09:58:02,30240.50,30242.50,30238.75,30239.00,77,30239.00,30239.00,0.00
2026-07-01 09:58:03,30240.00,30247.00,30240.00,30247.00,149,30247.00,30247.00,0.00
2026-07-01 09:58:04,30247.25,30247.50,30235.25,30236.75,187,30236.75,30236.75,0.00
2026-07-01 09:58:05,30237.00,30238.00,30235.50,30235.75,78,30235.75,30235.75,0.00
2026-07-01 09:58:06,30235.75,30237.25,30235.75,30236.50,29,30236.50,30236.50,0.00
2026-07-01 09:58:07,30236.50,30239.25,30236.25,30238.25,76,30238.25,30238.25,0.00
2026-07-01 09:58:08,30238.00,30240.50,30236.25,30236.25,87,30236.25,30236.25,0.00
2026-07-01 09:58:09,30236.50,30238.75,30236.50,30238.50,28,30238.50,30238.50,0.00
2026-07-01 09:58:10,30238.25,30239.75,30236.25,30239.25,40,30239.25,30239.25,0.00
2026-07-01 09:58:11,30239.75,30241.25,30238.25,30239.25,69,30239.25,30239.25,0.00
2026-07-01 09:58:12,30240.00,30242.25,30236.75,30238.75,108,30238.75,30238.75,0.00
2026-07-01 09:58:13,30240.00,30243.50,30239.75,30241.75,48,30241.75,30241.75,0.00
2026-07-01 09:58:14,30242.00,30243.50,30240.75,30241.50,62,30241.50,30241.50,0.00
2026-07-01 09:58:15,30241.75,30245.50,30240.25,30244.25,91,30244.25,30244.25,0.00
2026-07-01 09:58:16,30245.25,30250.75,30245.25,30248.50,226,30248.50,30248.50,0.00
2026-07-01 09:58:17,30249.00,30250.50,30247.75,30250.25,89,30250.25,30250.25,0.00
2026-07-01 09:58:18,30250.50,30253.25,30250.50,30251.25,236,30251.25,30251.25,0.00
2026-07-01 09:58:19,30251.00,30254.00,30248.50,30252.25,223,30252.25,30252.25,0.00
2026-07-01 09:58:20,30252.25,30253.00,30249.75,30249.75,63,30249.75,30249.75,0.00
2026-07-01 09:58:21,30249.75,30250.75,30244.25,30244.75,150,30244.75,30244.75,0.00
2026-07-01 09:58:22,30244.50,30244.75,30240.25,30240.25,126,30240.25,30240.25,0.00
2026-07-01 09:58:23,30240.00,30243.50,30238.00,30242.75,96,30242.75,30242.75,0.00
2026-07-01 09:58:24,30242.00,30243.25,30239.75,30242.00,52,30242.00,30242.00,0.00
2026-07-01 09:58:25,30242.00,30244.50,30242.00,30242.25,34,30242.25,30242.25,0.00
2026-07-01 09:58:26,30242.00,30244.75,30241.75,30244.75,27,30244.75,30244.75,0.00
2026-07-01 09:58:27,30244.00,30247.75,30244.00,30247.75,62,30247.75,30247.75,0.00
2026-07-01 09:58:28,30247.75,30247.75,30245.25,30246.25,39,30246.25,30246.25,0.00
2026-07-01 09:58:29,30246.00,30250.00,30245.50,30248.75,59,30248.75,30248.75,0.00
2026-07-01 09:58:30,30248.25,30249.75,30247.75,30248.50,34,30248.50,30248.50,0.00
2026-07-01 09:58:31,30248.75,30250.00,30246.50,30246.75,52,30246.75,30246.75,0.00
2026-07-01 09:58:32,30246.75,30246.75,30242.50,30242.50,107,30242.50,30242.50,0.00
2026-07-01 09:58:33,30243.50,30243.50,30240.25,30243.25,69,30243.25,30243.25,0.00
2026-07-01 09:58:34,30242.50,30244.00,30240.25,30241.75,57,30241.75,30241.75,0.00
2026-07-01 09:58:35,30242.75,30242.75,30239.50,30239.50,33,30239.50,30239.50,0.00
2026-07-01 09:58:36,30239.75,30240.25,30231.25,30232.75,152,30232.75,30232.75,0.00
2026-07-01 09:58:37,30232.00,30233.50,30230.75,30233.00,73,30233.00,30233.00,0.00
2026-07-01 09:58:38,30233.00,30235.50,30232.50,30234.50,77,30234.50,30234.50,0.00
2026-07-01 09:58:39,30234.50,30235.50,30233.00,30234.25,69,30234.25,30234.25,0.00
2026-07-01 09:58:40,30234.25,30235.50,30233.50,30233.50,39,30233.50,30233.50,0.00
2026-07-01 09:58:41,30234.00,30239.25,30234.00,30239.25,48,30239.25,30239.25,0.00
2026-07-01 09:58:42,30239.25,30241.50,30236.25,30240.00,120,30240.00,30240.00,0.00
2026-07-01 09:58:43,30239.75,30244.25,30239.25,30242.75,68,30242.75,30242.75,0.00
2026-07-01 09:58:44,30243.00,30245.75,30242.75,30245.50,39,30245.50,30245.50,0.00
2026-07-01 09:58:45,30246.00,30248.75,30245.00,30247.00,70,30247.00,30247.00,0.00
2026-07-01 09:58:46,30247.25,30250.75,30246.25,30249.75,70,30249.75,30249.75,0.00
2026-07-01 09:58:47,30250.25,30257.50,30249.25,30255.75,237,30255.75,30255.75,0.00
2026-07-01 09:58:48,30256.00,30258.50,30254.75,30257.00,174,30257.00,30257.00,0.00
2026-07-01 09:58:49,30257.00,30259.00,30255.00,30257.00,151,30257.00,30257.00,0.00
2026-07-01 09:58:50,30257.75,30258.75,30255.50,30256.75,90,30256.75,30256.75,0.00
2026-07-01 09:58:51,30256.50,30256.50,30252.75,30253.00,91,30253.00,30253.00,0.00
2026-07-01 09:58:52,30253.25,30253.25,30250.25,30250.75,74,30250.75,30250.75,0.00
2026-07-01 09:58:53,30251.00,30258.75,30250.75,30258.75,81,30258.75,30258.75,0.00
2026-07-01 09:58:54,30258.25,30258.25,30253.25,30254.50,88,30254.50,30254.50,0.00
2026-07-01 09:58:55,30254.50,30254.50,30250.75,30251.50,38,30251.50,30251.50,0.00
2026-07-01 09:58:56,30251.75,30251.75,30246.50,30246.50,91,30246.50,30246.50,0.00
2026-07-01 09:58:57,30247.00,30251.25,30246.50,30248.25,92,30248.25,30248.25,0.00
2026-07-01 09:58:58,30248.75,30250.00,30246.25,30247.00,47,30247.00,30247.00,0.00
2026-07-01 09:58:59,30246.50,30252.00,30246.50,30250.25,44,30250.25,30250.25,0.00
2026-07-01 09:59:00,30250.50,30252.75,30248.00,30250.75,111,30250.75,30250.75,0.00
2026-07-01 09:59:01,30252.00,30252.00,30249.00,30249.00,38,30249.00,30249.00,0.00
2026-07-01 09:59:02,30249.50,30251.75,30246.50,30251.25,68,30251.25,30251.25,0.00
2026-07-01 09:59:03,30250.00,30251.75,30248.00,30250.25,82,30250.25,30250.25,0.00
2026-07-01 09:59:04,30250.50,30251.25,30246.00,30249.00,64,30249.00,30249.00,0.00
2026-07-01 09:59:05,30248.75,30250.75,30246.50,30250.75,37,30250.75,30250.75,0.00
2026-07-01 09:59:06,30251.25,30252.50,30248.00,30249.00,73,30249.00,30249.00,0.00
2026-07-01 09:59:07,30249.50,30250.00,30247.25,30250.00,26,30250.00,30250.00,0.00
2026-07-01 09:59:08,30250.25,30252.00,30246.75,30251.75,62,30251.75,30251.75,0.00
2026-07-01 09:59:09,30251.00,30255.00,30250.75,30253.25,61,30253.25,30253.25,0.00
2026-07-01 09:59:10,30254.00,30255.00,30250.25,30252.50,60,30252.50,30252.50,0.00
2026-07-01 09:59:11,30251.50,30252.00,30246.75,30246.75,38,30246.75,30246.75,0.00
2026-07-01 09:59:12,30249.00,30252.50,30246.50,30251.25,81,30251.25,30251.25,0.00
2026-07-01 09:59:13,30251.00,30252.75,30250.50,30251.00,20,30251.00,30251.00,0.00
2026-07-01 09:59:14,30252.00,30254.75,30251.00,30252.75,37,30252.75,30252.75,0.00
2026-07-01 09:59:15,30252.00,30252.00,30240.00,30245.50,183,30245.50,30245.50,0.00
2026-07-01 09:59:16,30245.25,30247.25,30243.50,30246.00,38,30246.00,30246.00,0.00
2026-07-01 09:59:17,30245.50,30246.00,30243.00,30244.75,27,30244.75,30244.75,0.00
2026-07-01 09:59:18,30245.50,30247.75,30244.00,30247.75,70,30247.75,30247.75,0.00
2026-07-01 09:59:19,30246.25,30250.25,30246.25,30249.50,39,30249.50,30249.50,0.00
2026-07-01 09:59:20,30250.00,30250.75,30247.50,30247.75,35,30247.75,30247.75,0.00
2026-07-01 09:59:21,30248.25,30248.75,30245.50,30246.75,26,30246.75,30246.75,0.00
2026-07-01 09:59:22,30245.25,30246.75,30243.75,30246.25,44,30246.25,30246.25,0.00
2026-07-01 09:59:23,30247.00,30250.75,30245.00,30250.75,38,30250.75,30250.75,0.00
2026-07-01 09:59:24,30250.75,30251.00,30247.50,30247.50,33,30247.50,30247.50,0.00
2026-07-01 09:59:25,30247.75,30255.00,30247.50,30253.75,70,30253.75,30253.75,0.00
2026-07-01 09:59:26,30254.50,30256.50,30252.75,30255.50,57,30255.50,30255.50,0.00
2026-07-01 09:59:27,30254.50,30254.50,30250.50,30253.00,56,30253.00,30253.00,0.00
2026-07-01 09:59:28,30252.75,30254.25,30251.50,30252.75,35,30252.75,30252.75,0.00
2026-07-01 09:59:29,30252.25,30254.25,30251.00,30253.00,31,30253.00,30253.00,0.00
2026-07-01 09:59:30,30253.50,30254.25,30251.50,30251.50,41,30251.50,30251.50,0.00
2026-07-01 09:59:31,30251.50,30253.00,30250.00,30252.25,28,30252.25,30252.25,0.00
2026-07-01 09:59:32,30252.00,30255.00,30251.25,30254.00,36,30254.00,30254.00,0.00
2026-07-01 09:59:33,30255.00,30264.25,30253.75,30261.00,448,30261.00,30261.00,0.00
2026-07-01 09:59:34,30262.00,30265.50,30255.25,30255.25,213,30255.25,30255.25,0.00
2026-07-01 09:59:35,30259.25,30264.00,30254.25,30256.50,128,30256.50,30256.50,0.00
2026-07-01 09:59:36,30260.75,30262.75,30257.00,30260.50,62,30260.50,30260.50,0.00
2026-07-01 09:59:37,30260.25,30270.25,30259.25,30269.75,404,30269.75,30269.75,0.00
2026-07-01 09:59:38,30269.75,30270.75,30265.25,30267.00,255,30267.00,30267.00,0.00
2026-07-01 09:59:39,30267.00,30273.00,30266.25,30271.75,233,30271.75,30271.75,0.00
2026-07-01 09:59:40,30271.00,30276.75,30268.50,30271.50,377,30271.50,30271.50,0.00
2026-07-01 09:59:41,30272.00,30277.25,30267.00,30271.75,220,30271.75,30271.75,0.00
2026-07-01 09:59:42,30274.25,30277.75,30266.50,30266.50,254,30266.50,30266.50,0.00
2026-07-01 09:59:43,30266.50,30271.25,30264.25,30271.00,141,30271.00,30271.00,0.00
2026-07-01 09:59:44,30271.00,30272.00,30263.25,30271.25,119,30271.25,30271.25,0.00
2026-07-01 09:59:45,30271.50,30271.75,30262.50,30267.50,76,30267.50,30267.50,0.00
2026-07-01 09:59:46,30267.75,30270.75,30265.25,30268.25,38,30268.25,30268.25,0.00
2026-07-01 09:59:47,30270.00,30272.25,30266.25,30272.25,60,30272.25,30272.25,0.00
2026-07-01 09:59:48,30268.75,30272.25,30267.50,30271.00,44,30271.00,30271.00,0.00
2026-07-01 09:59:49,30269.75,30274.25,30269.50,30272.25,57,30272.25,30272.25,0.00
2026-07-01 09:59:50,30270.00,30272.25,30268.00,30269.50,57,30269.50,30269.50,0.00
2026-07-01 09:59:51,30268.25,30270.75,30266.00,30269.25,74,30269.25,30269.25,0.00
2026-07-01 09:59:52,30268.00,30272.75,30264.75,30270.50,123,30270.50,30270.50,0.00
2026-07-01 09:59:53,30270.25,30277.00,30267.00,30276.25,110,30276.25,30276.25,0.00
2026-07-01 09:59:54,30272.75,30279.75,30269.25,30275.75,167,30275.75,30275.75,0.00
2026-07-01 09:59:55,30273.25,30279.75,30271.00,30278.25,161,30278.25,30278.25,0.00
2026-07-01 09:59:56,30274.50,30284.25,30274.00,30280.50,243,30280.50,30280.50,0.00
2026-07-01 09:59:57,30279.25,30285.00,30276.25,30281.50,193,30281.50,30281.50,0.00
2026-07-01 09:59:58,30282.25,30287.50,30277.25,30279.25,188,30279.25,30279.25,0.00
2026-07-01 09:59:59,30279.00,30285.75,30259.25,30283.50,319,30283.50,30283.50,0.00
2026-07-01 10:00:00,30281.25,30285.50,30272.50,30282.50,142,30282.50,30282.50,0.00
2026-07-01 10:00:01,30282.50,30290.75,30273.00,30289.50,578,30289.50,30289.50,0.00
2026-07-01 10:00:02,30289.50,30290.75,30278.75,30283.25,261,30283.25,30283.25,0.00
2026-07-01 10:00:03,30286.50,30290.75,30279.50,30284.75,373,30284.75,30284.75,0.00
2026-07-01 10:00:04,30284.50,30290.75,30278.75,30290.75,324,30290.75,30290.75,0.00
2026-07-01 10:00:05,30290.50,30293.25,30286.00,30290.75,206,30290.75,30290.75,0.00
2026-07-01 10:00:06,30290.75,30293.50,30285.00,30291.00,369,30291.00,30291.00,0.00
2026-07-01 10:00:07,30289.75,30300.00,30288.00,30300.00,502,30300.00,30300.00,0.00
2026-07-01 10:00:08,30300.00,30305.50,30293.25,30305.50,520,30305.50,30305.50,0.00
2026-07-01 10:00:09,30303.75,30307.50,30298.25,30302.75,369,30302.75,30302.75,0.00
2026-07-01 10:00:10,30300.75,30306.50,30288.50,30293.75,320,30293.75,30293.75,0.00
2026-07-01 10:00:11,30293.50,30300.25,30290.75,30300.25,233,30300.25,30300.25,0.00
2026-07-01 10:00:12,30296.50,30300.50,30290.75,30295.00,223,30295.00,30295.00,0.00
2026-07-01 10:00:13,30295.00,30296.75,30285.00,30291.75,306,30291.75,30291.75,0.00
2026-07-01 10:00:14,30291.50,30292.25,30287.75,30288.25,149,30288.25,30288.25,0.00
2026-07-01 10:00:15,30290.00,30297.00,30288.00,30297.00,109,30297.00,30297.00,0.00
2026-07-01 10:00:16,30297.75,30298.75,30290.25,30292.00,135,30292.00,30292.00,0.00
2026-07-01 10:00:17,30290.50,30296.25,30288.50,30296.25,125,30296.25,30296.25,0.00
2026-07-01 10:00:18,30296.50,30304.00,30295.50,30304.00,171,30304.00,30304.00,0.00
2026-07-01 10:00:19,30303.50,30304.75,30299.50,30299.50,139,30299.50,30299.50,0.00
2026-07-01 10:00:20,30301.50,30302.75,30297.75,30300.50,149,30300.50,30300.50,0.00
2026-07-01 10:00:21,30300.00,30302.25,30296.25,30297.75,169,30297.75,30297.75,0.00
2026-07-01 10:00:22,30297.75,30298.50,30293.25,30295.50,215,30295.50,30295.50,0.00
2026-07-01 10:00:23,30294.50,30297.75,30289.00,30289.00,147,30289.00,30289.00,0.00
2026-07-01 10:00:24,30289.50,30293.00,30288.00,30292.00,110,30292.00,30292.00,0.00
2026-07-01 10:00:25,30292.75,30294.75,30291.75,30294.00,103,30294.00,30294.00,0.00
2026-07-01 10:00:26,30295.75,30300.75,30293.75,30295.00,135,30295.00,30295.00,0.00
2026-07-01 10:00:27,30295.25,30297.75,30291.75,30292.50,104,30292.50,30292.50,0.00
2026-07-01 10:00:28,30292.25,30296.50,30291.75,30294.75,85,30294.75,30294.75,0.00
2026-07-01 10:00:29,30294.50,30297.50,30292.00,30293.00,114,30293.00,30293.00,0.00
2026-07-01 10:00:30,30293.75,30296.00,30290.75,30295.00,132,30295.00,30295.00,0.00
2026-07-01 10:00:31,30295.50,30295.50,30287.00,30291.50,182,30291.50,30291.50,0.00
2026-07-01 10:00:32,30290.50,30298.75,30281.25,30283.50,278,30283.50,30283.50,0.00
2026-07-01 10:00:33,30283.75,30284.00,30276.00,30280.25,317,30280.25,30280.25,0.00
2026-07-01 10:00:34,30280.50,30283.50,30278.50,30279.75,156,30279.75,30279.75,0.00
2026-07-01 10:00:35,30279.25,30291.75,30276.75,30291.25,220,30291.25,30291.25,0.00
2026-07-01 10:00:36,30290.50,30298.00,30290.50,30292.75,149,30292.75,30292.75,0.00
2026-07-01 10:00:37,30293.00,30293.75,30289.75,30290.00,89,30290.00,30290.00,0.00
2026-07-01 10:00:38,30290.50,30292.75,30288.25,30292.75,80,30292.75,30292.75,0.00
2026-07-01 10:00:39,30291.75,30292.00,30286.00,30287.00,120,30287.00,30287.00,0.00
2026-07-01 10:00:40,30286.75,30287.00,30281.75,30281.75,163,30281.75,30281.75,0.00
2026-07-01 10:00:41,30283.50,30289.00,30283.50,30286.75,154,30286.75,30286.75,0.00
2026-07-01 10:00:42,30287.25,30291.50,30286.25,30290.50,170,30290.50,30290.50,0.00
2026-07-01 10:00:43,30291.25,30293.00,30289.50,30292.00,104,30292.00,30292.00,0.00
2026-07-01 10:00:44,30292.25,30292.25,30288.50,30291.00,98,30291.00,30291.00,0.00
2026-07-01 10:00:45,30290.25,30293.25,30286.75,30290.50,140,30290.50,30290.50,0.00
2026-07-01 10:00:46,30290.75,30292.50,30285.50,30286.50,105,30286.50,30286.50,0.00
2026-07-01 10:00:47,30288.00,30291.75,30286.75,30290.50,109,30290.50,30290.50,0.00
2026-07-01 10:00:48,30290.50,30295.00,30290.50,30294.00,128,30294.00,30294.00,0.00
2026-07-01 10:00:49,30293.75,30296.75,30292.75,30295.25,86,30295.25,30295.25,0.00
2026-07-01 10:00:50,30296.25,30299.25,30295.75,30296.50,164,30296.50,30296.50,0.00
2026-07-01 10:00:51,30297.00,30299.25,30294.75,30297.75,95,30297.75,30297.75,0.00
2026-07-01 10:00:52,30297.50,30298.00,30294.00,30295.25,141,30295.25,30295.25,0.00
2026-07-01 10:00:53,30295.25,30298.75,30293.75,30296.50,112,30296.50,30296.50,0.00
2026-07-01 10:00:54,30296.75,30301.50,30294.75,30300.00,205,30300.00,30300.00,0.00
2026-07-01 10:00:55,30301.00,30302.50,30299.00,30301.50,157,30301.50,30301.50,0.00
2026-07-01 10:00:56,30301.25,30304.00,30301.00,30301.00,170,30301.00,30301.00,0.00
2026-07-01 10:00:57,30301.50,30302.25,30296.00,30297.50,132,30297.50,30297.50,0.00
2026-07-01 10:00:58,30298.25,30299.00,30295.75,30297.50,194,30297.50,30297.50,0.00
2026-07-01 10:00:59,30297.50,30298.25,30291.75,30295.75,199,30295.75,30295.75,0.00
2026-07-01 10:01:00,30295.50,30296.50,30293.50,30294.25,67,30294.25,30294.25,0.00
2026-07-01 10:01:01,30295.00,30295.50,30287.75,30289.00,175,30289.00,30289.00,0.00
2026-07-01 10:01:02,30288.50,30289.25,30282.25,30287.00,201,30287.00,30287.00,0.00
2026-07-01 10:01:03,30286.75,30288.25,30284.75,30286.25,97,30286.25,30286.25,0.00
2026-07-01 10:01:04,30286.50,30288.75,30284.25,30284.50,170,30284.50,30284.50,0.00
2026-07-01 10:01:05,30285.00,30287.50,30283.25,30285.00,102,30285.00,30285.00,0.00
2026-07-01 10:01:06,30285.25,30293.25,30285.00,30290.75,133,30290.75,30290.75,0.00
2026-07-01 10:01:07,30291.00,30299.00,30290.25,30297.00,165,30297.00,30297.00,0.00
2026-07-01 10:01:08,30297.00,30302.50,30296.50,30299.50,179,30299.50,30299.50,0.00
2026-07-01 10:01:09,30299.25,30300.50,30297.75,30297.75,129,30297.75,30297.75,0.00
2026-07-01 10:01:10,30297.75,30297.75,30294.25,30295.00,96,30295.00,30295.00,0.00
2026-07-01 10:01:11,30295.50,30296.25,30292.50,30294.25,135,30294.25,30294.25,0.00
2026-07-01 10:01:12,30294.00,30300.50,30293.25,30298.00,108,30298.00,30298.00,0.00
2026-07-01 10:01:13,30297.75,30298.25,30294.50,30296.00,72,30296.00,30296.00,0.00
2026-07-01 10:01:14,30295.50,30296.00,30292.75,30295.50,96,30295.50,30295.50,0.00
2026-07-01 10:01:15,30295.25,30296.75,30294.50,30294.50,89,30294.50,30294.50,0.00
2026-07-01 10:01:16,30295.25,30300.25,30293.75,30296.75,175,30296.75,30296.75,0.00
2026-07-01 10:01:17,30296.00,30296.50,30294.00,30294.00,74,30294.00,30294.00,0.00
2026-07-01 10:01:18,30294.00,30296.25,30289.75,30290.50,132,30290.50,30290.50,0.00
2026-07-01 10:01:19,30290.00,30291.50,30288.25,30291.25,154,30291.25,30291.25,0.00
2026-07-01 10:01:20,30291.00,30292.75,30290.75,30290.75,61,30290.75,30290.75,0.00
2026-07-01 10:01:21,30291.25,30295.75,30289.50,30294.50,169,30294.50,30294.50,0.00
2026-07-01 10:01:22,30294.25,30294.25,30279.25,30283.75,432,30283.75,30283.75,0.00
2026-07-01 10:01:23,30283.75,30284.50,30278.00,30279.25,151,30279.25,30279.25,0.00
2026-07-01 10:01:24,30279.50,30279.75,30275.50,30277.00,188,30277.00,30277.00,0.00
2026-07-01 10:01:25,30277.00,30277.25,30268.50,30272.00,555,30272.00,30272.00,0.00
2026-07-01 10:01:26,30271.75,30273.25,30270.50,30271.50,278,30271.50,30271.50,0.00
2026-07-01 10:01:27,30271.50,30273.25,30266.00,30268.75,301,30268.75,30268.75,0.00
2026-07-01 10:01:28,30269.00,30269.25,30264.50,30265.25,306,30265.25,30265.25,0.00
2026-07-01 10:01:29,30265.50,30270.25,30264.25,30269.00,202,30269.00,30269.00,0.00
2026-07-01 10:01:30,30270.00,30274.25,30269.25,30272.00,219,30272.00,30272.00,0.00
2026-07-01 10:01:31,30271.50,30272.75,30268.50,30270.00,148,30270.00,30270.00,0.00
2026-07-01 10:01:32,30270.75,30273.75,30268.75,30273.75,133,30273.75,30273.75,0.00
2026-07-01 10:01:33,30273.25,30275.75,30270.50,30272.75,179,30272.75,30272.75,0.00
2026-07-01 10:01:34,30271.75,30273.50,30270.25,30273.25,127,30273.25,30273.25,0.00
2026-07-01 10:01:35,30272.25,30272.25,30267.25,30269.25,117,30269.25,30269.25,0.00
2026-07-01 10:01:36,30269.50,30274.50,30267.25,30271.75,160,30271.75,30271.75,0.00
2026-07-01 10:01:37,30272.50,30274.25,30272.00,30272.50,81,30272.50,30272.50,0.00
2026-07-01 10:01:38,30272.75,30272.75,30259.50,30259.50,354,30259.50,30259.50,0.00
2026-07-01 10:01:39,30259.50,30260.75,30256.25,30257.50,339,30257.50,30257.50,0.00
2026-07-01 10:01:40,30257.50,30260.00,30257.25,30259.75,174,30259.75,30259.75,0.00
2026-07-01 10:01:41,30259.25,30262.75,30259.00,30259.75,214,30259.75,30259.75,0.00
2026-07-01 10:01:42,30260.25,30263.75,30250.75,30255.50,496,30255.50,30255.50,0.00
2026-07-01 10:01:43,30255.75,30257.25,30254.50,30254.50,177,30254.50,30254.50,0.00
2026-07-01 10:01:44,30254.75,30258.50,30254.25,30256.50,148,30256.50,30256.50,0.00
2026-07-01 10:01:45,30256.50,30258.00,30254.00,30254.75,174,30254.75,30254.75,0.00
2026-07-01 10:01:46,30254.25,30257.00,30254.25,30256.00,116,30256.00,30256.00,0.00
2026-07-01 10:01:47,30256.50,30260.50,30254.50,30258.75,168,30258.75,30258.75,0.00
2026-07-01 10:01:48,30259.00,30262.00,30258.75,30260.75,126,30260.75,30260.75,0.00
2026-07-01 10:01:49,30260.25,30264.75,30259.25,30263.25,253,30263.25,30263.25,0.00
2026-07-01 10:01:50,30263.50,30265.50,30261.50,30263.75,142,30263.75,30263.75,0.00
2026-07-01 10:01:51,30262.75,30266.50,30262.25,30265.00,169,30265.00,30265.00,0.00
2026-07-01 10:01:52,30264.50,30267.25,30260.00,30260.50,134,30260.50,30260.50,0.00
2026-07-01 10:01:53,30260.25,30262.00,30258.50,30260.75,162,30260.75,30260.75,0.00
2026-07-01 10:01:54,30260.50,30260.75,30257.00,30260.50,94,30260.50,30260.50,0.00
2026-07-01 10:01:55,30260.50,30260.50,30256.50,30257.75,135,30257.75,30257.75,0.00
2026-07-01 10:01:56,30259.00,30263.50,30259.00,30261.50,84,30261.50,30261.50,0.00
2026-07-01 10:01:57,30261.50,30263.25,30260.25,30260.25,84,30260.25,30260.25,0.00
2026-07-01 10:01:58,30260.75,30263.50,30259.00,30262.50,80,30262.50,30262.50,0.00
2026-07-01 10:01:59,30261.50,30263.25,30260.00,30262.75,136,30262.75,30262.75,0.00
2026-07-01 10:02:00,30262.00,30266.00,30261.75,30265.25,83,30265.25,30265.25,0.00
2026-07-01 10:02:01,30265.00,30270.75,30263.50,30267.50,256,30267.50,30267.50,0.00
2026-07-01 10:02:02,30268.00,30273.00,30267.50,30271.50,267,30271.50,30271.50,0.00
2026-07-01 10:02:03,30272.25,30277.50,30270.50,30277.00,235,30277.00,30277.00,0.00
2026-07-01 10:02:04,30276.50,30279.25,30276.25,30278.25,214,30278.25,30278.25,0.00
2026-07-01 10:02:05,30278.50,30278.75,30274.50,30275.00,181,30275.00,30275.00,0.00
2026-07-01 10:02:06,30275.50,30275.50,30271.75,30273.25,185,30273.25,30273.25,0.00
2026-07-01 10:02:07,30273.75,30274.00,30268.50,30270.50,144,30270.50,30270.50,0.00
2026-07-01 10:02:08,30272.00,30274.00,30271.25,30274.00,65,30274.00,30274.00,0.00
2026-07-01 10:02:09,30274.25,30278.50,30270.25,30276.25,128,30276.25,30276.25,0.00
2026-07-01 10:02:10,30277.00,30279.25,30275.75,30275.75,186,30275.75,30275.75,0.00
2026-07-01 10:02:11,30275.75,30276.50,30271.00,30275.00,149,30275.00,30275.00,0.00
2026-07-01 10:02:12,30275.75,30276.75,30274.25,30276.75,63,30276.75,30276.75,0.00
2026-07-01 10:02:13,30275.75,30280.00,30275.50,30278.00,128,30278.00,30278.00,0.00
2026-07-01 10:02:14,30278.00,30281.25,30277.75,30279.50,163,30279.50,30279.50,0.00
2026-07-01 10:02:15,30279.25,30279.50,30271.75,30272.75,145,30272.75,30272.75,0.00
2026-07-01 10:02:16,30273.25,30275.75,30273.25,30274.50,108,30274.50,30274.50,0.00
2026-07-01 10:02:17,30274.50,30277.50,30271.50,30277.00,111,30277.00,30277.00,0.00
2026-07-01 10:02:18,30277.75,30279.25,30274.50,30276.50,67,30276.50,30276.50,0.00
2026-07-01 10:02:19,30276.75,30278.75,30275.75,30277.00,73,30277.00,30277.00,0.00
2026-07-01 10:02:20,30279.00,30281.25,30277.00,30277.50,104,30277.50,30277.50,0.00
2026-07-01 10:02:21,30276.75,30277.75,30273.00,30273.00,144,30273.00,30273.00,0.00
2026-07-01 10:02:22,30273.25,30273.50,30265.25,30266.50,243,30266.50,30266.50,0.00
2026-07-01 10:02:23,30266.50,30268.50,30265.75,30268.00,119,30268.00,30268.00,0.00
2026-07-01 10:02:24,30268.25,30270.75,30267.25,30269.00,85,30269.00,30269.00,0.00
2026-07-01 10:02:25,30268.75,30269.50,30262.00,30262.00,198,30262.00,30262.00,0.00
2026-07-01 10:02:26,30262.00,30262.75,30255.25,30257.25,374,30257.25,30257.25,0.00
2026-07-01 10:02:27,30256.50,30257.25,30253.75,30255.25,245,30255.25,30255.25,0.00
2026-07-01 10:02:28,30255.75,30259.25,30253.75,30257.00,151,30257.00,30257.00,0.00
2026-07-01 10:02:29,30257.25,30257.75,30255.25,30255.75,153,30255.75,30255.75,0.00
2026-07-01 10:02:30,30256.50,30260.75,30255.50,30260.00,113,30260.00,30260.00,0.00
2026-07-01 10:02:31,30260.00,30260.50,30256.75,30257.25,108,30257.25,30257.25,0.00
2026-07-01 10:02:32,30257.75,30259.50,30253.50,30255.00,160,30255.00,30255.00,0.00
2026-07-01 10:02:33,30254.50,30255.75,30252.25,30255.25,164,30255.25,30255.25,0.00
2026-07-01 10:02:34,30255.00,30255.50,30252.25,30254.25,133,30254.25,30254.25,0.00
2026-07-01 10:02:35,30254.50,30259.50,30253.75,30256.75,138,30256.75,30256.75,0.00
2026-07-01 10:02:36,30256.25,30258.50,30256.00,30257.50,76,30257.50,30257.50,0.00
2026-07-01 10:02:37,30258.75,30263.50,30258.75,30261.75,185,30261.75,30261.75,0.00
2026-07-01 10:02:38,30261.00,30265.50,30261.00,30264.25,114,30264.25,30264.25,0.00
2026-07-01 10:02:39,30264.00,30266.50,30264.00,30265.25,107,30265.25,30265.25,0.00
2026-07-01 10:02:40,30265.00,30265.25,30260.25,30261.25,136,30261.25,30261.25,0.00
2026-07-01 10:02:41,30261.25,30262.25,30259.50,30262.00,78,30262.00,30262.00,0.00
2026-07-01 10:02:42,30261.75,30265.25,30261.75,30264.00,87,30264.00,30264.00,0.00
2026-07-01 10:02:43,30263.50,30268.25,30262.50,30265.75,164,30265.75,30265.75,0.00
2026-07-01 10:02:44,30265.25,30266.00,30264.00,30265.50,86,30265.50,30265.50,0.00
2026-07-01 10:02:45,30264.75,30265.75,30258.75,30261.00,198,30261.00,30261.00,0.00
2026-07-01 10:02:46,30261.25,30263.00,30258.75,30263.00,113,30263.00,30263.00,0.00
2026-07-01 10:02:47,30263.25,30265.75,30261.75,30263.00,82,30263.00,30263.00,0.00
2026-07-01 10:02:48,30264.00,30265.00,30260.25,30261.75,53,30261.75,30261.75,0.00
2026-07-01 10:02:49,30261.00,30261.00,30257.75,30260.00,98,30260.00,30260.00,0.00
2026-07-01 10:02:50,30259.50,30259.50,30254.75,30255.75,75,30255.75,30255.75,0.00
2026-07-01 10:02:51,30256.50,30258.25,30255.50,30257.50,81,30257.50,30257.50,0.00
2026-07-01 10:02:52,30258.00,30263.00,30258.00,30260.25,107,30260.25,30260.25,0.00
2026-07-01 10:02:53,30261.50,30263.75,30260.50,30261.50,83,30261.50,30261.50,0.00
2026-07-01 10:02:54,30261.75,30262.25,30258.25,30258.75,36,30258.75,30258.75,0.00
2026-07-01 10:02:55,30258.75,30259.00,30255.50,30256.75,87,30256.75,30256.75,0.00
2026-07-01 10:02:56,30257.50,30259.25,30256.75,30257.75,81,30257.75,30257.75,0.00
2026-07-01 10:02:57,30257.25,30261.00,30256.00,30261.00,59,30261.00,30261.00,0.00
2026-07-01 10:02:58,30260.75,30261.25,30259.00,30260.75,93,30260.75,30260.75,0.00
2026-07-01 10:02:59,30261.25,30261.50,30257.25,30258.50,54,30258.50,30258.50,0.00
2026-07-01 10:03:00,30258.00,30258.50,30256.50,30257.00,63,30257.00,30257.00,0.00
2026-07-01 10:03:01,30257.75,30258.25,30253.00,30253.50,156,30253.50,30253.50,0.00
2026-07-01 10:03:02,30253.50,30253.75,30246.50,30249.50,547,30249.50,30249.50,0.00
2026-07-01 10:03:03,30249.75,30256.00,30249.50,30256.00,188,30256.00,30256.00,0.00
2026-07-01 10:03:04,30255.50,30258.50,30254.50,30257.00,159,30257.00,30257.00,0.00
2026-07-01 10:03:05,30256.75,30257.75,30253.50,30253.50,109,30253.50,30253.50,0.00
2026-07-01 10:03:06,30254.00,30255.50,30253.00,30254.00,124,30254.00,30254.00,0.00
2026-07-01 10:03:07,30253.25,30259.25,30253.25,30256.50,97,30256.50,30256.50,0.00
2026-07-01 10:03:08,30256.50,30260.00,30255.50,30256.75,105,30256.75,30256.75,0.00
2026-07-01 10:03:09,30257.50,30261.25,30256.75,30258.50,95,30258.50,30258.50,0.00
2026-07-01 10:03:10,30259.25,30261.25,30258.00,30259.00,121,30259.00,30259.00,0.00
2026-07-01 10:03:11,30259.00,30263.25,30258.25,30261.50,151,30261.50,30261.50,0.00
2026-07-01 10:03:12,30261.00,30263.75,30261.00,30263.25,167,30263.25,30263.25,0.00
2026-07-01 10:03:13,30263.00,30266.75,30262.50,30266.75,179,30266.75,30266.75,0.00
2026-07-01 10:03:14,30266.25,30266.75,30262.50,30263.00,166,30263.00,30263.00,0.00
2026-07-01 10:03:15,30262.50,30263.00,30257.50,30258.00,127,30258.00,30258.00,0.00
2026-07-01 10:03:16,30259.00,30261.25,30258.75,30259.50,75,30259.50,30259.50,0.00
2026-07-01 10:03:17,30260.00,30264.75,30258.50,30263.00,106,30263.00,30263.00,0.00
2026-07-01 10:03:18,30263.75,30263.75,30258.25,30259.25,91,30259.25,30259.25,0.00
2026-07-01 10:03:19,30259.00,30263.25,30258.50,30263.00,90,30263.00,30263.00,0.00
2026-07-01 10:03:20,30262.50,30267.75,30262.00,30266.75,137,30266.75,30266.75,0.00
2026-07-01 10:03:21,30266.75,30269.25,30263.25,30264.00,132,30264.00,30264.00,0.00
2026-07-01 10:03:22,30264.50,30265.25,30261.50,30262.75,64,30262.75,30262.75,0.00
2026-07-01 10:03:23,30262.75,30266.00,30261.25,30265.50,113,30265.50,30265.50,0.00
2026-07-01 10:03:24,30265.75,30266.25,30264.00,30265.75,79,30265.75,30265.75,0.00
2026-07-01 10:03:25,30266.25,30267.50,30264.50,30265.75,88,30265.75,30265.75,0.00
2026-07-01 10:03:26,30266.75,30267.50,30262.25,30262.75,90,30262.75,30262.75,0.00
2026-07-01 10:03:27,30262.25,30265.00,30262.25,30263.75,83,30263.75,30263.75,0.00
2026-07-01 10:03:28,30263.25,30263.75,30259.50,30260.00,56,30260.00,30260.00,0.00
2026-07-01 10:03:29,30261.75,30263.00,30260.75,30261.25,70,30261.25,30261.25,0.00
2026-07-01 10:03:30,30261.50,30261.50,30260.00,30261.25,63,30261.25,30261.25,0.00
2026-07-01 10:03:31,30261.25,30263.00,30258.75,30261.75,142,30261.75,30261.75,0.00
2026-07-01 10:03:32,30261.50,30263.25,30261.00,30263.00,59,30263.00,30263.00,0.00
2026-07-01 10:03:33,30261.50,30265.75,30261.00,30261.75,121,30261.75,30261.75,0.00
2026-07-01 10:03:34,30261.50,30262.75,30261.25,30262.25,51,30262.25,30262.25,0.00
2026-07-01 10:03:35,30262.50,30263.50,30257.50,30258.00,113,30258.00,30258.00,0.00
2026-07-01 10:03:36,30257.75,30259.25,30256.00,30258.75,103,30258.75,30258.75,0.00
2026-07-01 10:03:37,30259.25,30260.50,30257.75,30259.25,100,30259.25,30259.25,0.00
2026-07-01 10:03:38,30259.50,30259.50,30255.00,30256.75,169,30256.75,30256.75,0.00
2026-07-01 10:03:39,30256.75,30256.75,30254.00,30254.50,101,30254.50,30254.50,0.00
2026-07-01 10:03:40,30254.50,30255.50,30252.50,30254.75,148,30254.75,30254.75,0.00
2026-07-01 10:03:41,30255.00,30255.50,30249.25,30252.50,273,30252.50,30252.50,0.00
2026-07-01 10:03:42,30252.50,30252.50,30243.00,30245.25,560,30245.25,30245.25,0.00
2026-07-01 10:03:43,30246.25,30251.25,30246.25,30251.25,225,30251.25,30251.25,0.00
2026-07-01 10:03:44,30250.75,30252.25,30247.25,30249.75,185,30249.75,30249.75,0.00
2026-07-01 10:03:45,30249.50,30250.75,30248.50,30249.75,101,30249.75,30249.75,0.00
2026-07-01 10:03:46,30250.00,30254.50,30250.00,30253.75,139,30253.75,30253.75,0.00
2026-07-01 10:03:47,30253.75,30254.00,30245.25,30247.50,173,30247.50,30247.50,0.00
2026-07-01 10:03:48,30247.50,30254.00,30247.50,30252.25,191,30252.25,30252.25,0.00
2026-07-01 10:03:49,30252.25,30255.00,30251.75,30253.25,132,30253.25,30253.25,0.00
2026-07-01 10:03:50,30253.25,30253.25,30250.25,30252.25,98,30252.25,30252.25,0.00
2026-07-01 10:03:51,30252.00,30255.75,30251.75,30254.75,154,30254.75,30254.75,0.00
2026-07-01 10:03:52,30254.75,30256.25,30253.00,30256.25,121,30256.25,30256.25,0.00
2026-07-01 10:03:53,30256.50,30258.25,30255.75,30256.75,132,30256.75,30256.75,0.00
2026-07-01 10:03:54,30256.75,30260.25,30255.75,30256.50,155,30256.50,30256.50,0.00
2026-07-01 10:03:55,30256.50,30261.00,30256.25,30260.75,135,30260.75,30260.75,0.00
2026-07-01 10:03:56,30260.50,30261.50,30259.00,30261.25,126,30261.25,30261.25,0.00
2026-07-01 10:03:57,30261.50,30267.00,30260.50,30267.00,222,30267.00,30267.00,0.00
2026-07-01 10:03:58,30267.25,30271.50,30265.50,30271.50,313,30271.50,30271.50,0.00
2026-07-01 10:03:59,30271.75,30277.75,30271.75,30277.50,316,30277.50,30277.50,0.00
2026-07-01 10:04:00,30277.75,30279.25,30277.00,30278.75,275,30278.75,30278.75,0.00
2026-07-01 10:04:01,30278.75,30279.00,30274.50,30275.50,322,30275.50,30275.50,0.00
2026-07-01 10:04:02,30276.00,30280.75,30276.00,30279.25,260,30279.25,30279.25,0.00
2026-07-01 10:04:03,30279.50,30285.75,30278.50,30285.00,518,30285.00,30285.00,0.00
2026-07-01 10:04:04,30285.25,30290.00,30285.25,30288.00,417,30288.00,30288.00,0.00
2026-07-01 10:04:05,30288.00,30288.75,30285.25,30285.50,265,30285.50,30285.50,0.00
2026-07-01 10:04:06,30285.50,30286.50,30282.00,30282.50,279,30282.50,30282.50,0.00
2026-07-01 10:04:07,30282.00,30284.00,30281.50,30282.75,119,30282.75,30282.75,0.00
2026-07-01 10:04:08,30283.25,30284.00,30281.25,30282.75,163,30282.75,30282.75,0.00
2026-07-01 10:04:09,30282.75,30283.50,30279.00,30280.25,167,30280.25,30280.25,0.00
2026-07-01 10:04:10,30279.75,30281.00,30278.75,30278.75,128,30278.75,30278.75,0.00
2026-07-01 10:04:11,30279.00,30279.75,30276.75,30277.00,141,30277.00,30277.00,0.00
2026-07-01 10:04:12,30276.75,30278.00,30274.75,30277.50,151,30277.50,30277.50,0.00
2026-07-01 10:04:13,30276.75,30281.75,30276.75,30281.00,163,30281.00,30281.00,0.00
2026-07-01 10:04:14,30280.00,30282.75,30278.75,30282.00,130,30282.00,30282.00,0.00
2026-07-01 10:04:15,30282.00,30284.50,30281.00,30281.50,219,30281.50,30281.50,0.00
2026-07-01 10:04:16,30281.50,30283.75,30280.00,30283.00,181,30283.00,30283.00,0.00
2026-07-01 10:04:17,30283.00,30283.00,30277.25,30279.25,104,30279.25,30279.25,0.00
2026-07-01 10:04:18,30279.00,30280.00,30276.75,30276.75,73,30276.75,30276.75,0.00
2026-07-01 10:04:19,30277.25,30279.50,30276.00,30277.00,202,30277.00,30277.00,0.00
2026-07-01 10:04:20,30277.00,30277.50,30264.75,30266.00,436,30266.00,30266.00,0.00
2026-07-01 10:04:21,30266.00,30270.75,30266.00,30270.25,182,30270.25,30270.25,0.00
2026-07-01 10:04:22,30270.75,30274.50,30270.50,30273.50,129,30273.50,30273.50,0.00
2026-07-01 10:04:23,30273.50,30276.25,30273.25,30275.25,144,30275.25,30275.25,0.00
2026-07-01 10:04:24,30274.75,30278.50,30274.00,30276.50,102,30276.50,30276.50,0.00
2026-07-01 10:04:25,30276.50,30278.75,30275.50,30277.00,120,30277.00,30277.00,0.00
2026-07-01 10:04:26,30276.75,30277.50,30274.00,30276.75,140,30276.75,30276.75,0.00
2026-07-01 10:04:27,30276.50,30282.00,30276.00,30281.50,139,30281.50,30281.50,0.00
2026-07-01 10:04:28,30282.00,30283.75,30280.50,30280.50,66,30280.50,30280.50,0.00
2026-07-01 10:04:29,30280.25,30282.00,30280.25,30281.50,79,30281.50,30281.50,0.00
2026-07-01 10:04:30,30282.00,30283.50,30280.75,30281.00,73,30281.00,30281.00,0.00
2026-07-01 10:04:31,30282.00,30282.00,30275.50,30277.50,151,30277.50,30277.50,0.00
2026-07-01 10:04:32,30279.00,30281.00,30278.50,30280.00,87,30280.00,30280.00,0.00
2026-07-01 10:04:33,30280.75,30281.25,30278.00,30280.75,69,30280.75,30280.75,0.00
2026-07-01 10:04:34,30280.75,30282.25,30277.50,30278.75,78,30278.75,30278.75,0.00
2026-07-01 10:04:35,30278.25,30278.75,30276.75,30278.75,63,30278.75,30278.75,0.00
2026-07-01 10:04:36,30278.00,30280.75,30276.75,30280.50,104,30280.50,30280.50,0.00
2026-07-01 10:04:37,30280.50,30280.75,30278.50,30280.00,111,30280.00,30280.00,0.00
2026-07-01 10:04:38,30280.75,30282.00,30278.00,30278.25,61,30278.25,30278.25,0.00
2026-07-01 10:04:39,30278.00,30278.00,30275.25,30277.00,74,30277.00,30277.00,0.00
2026-07-01 10:04:40,30276.75,30279.75,30276.00,30278.00,93,30278.00,30278.00,0.00
2026-07-01 10:04:41,30277.50,30280.00,30276.00,30278.50,112,30278.50,30278.50,0.00
2026-07-01 10:04:42,30279.25,30283.00,30279.25,30282.00,106,30282.00,30282.00,0.00
2026-07-01 10:04:43,30281.50,30281.75,30278.00,30279.75,93,30279.75,30279.75,0.00
2026-07-01 10:04:44,30279.25,30280.00,30276.50,30279.50,186,30279.50,30279.50,0.00
2026-07-01 10:04:45,30279.50,30280.75,30277.50,30278.00,48,30278.00,30278.00,0.00
2026-07-01 10:04:46,30278.00,30278.50,30272.50,30272.75,237,30272.75,30272.75,0.00
2026-07-01 10:04:47,30272.50,30275.75,30272.00,30275.00,112,30275.00,30275.00,0.00
2026-07-01 10:04:48,30275.00,30276.25,30270.75,30273.25,141,30273.25,30273.25,0.00
2026-07-01 10:04:49,30273.00,30276.25,30272.75,30275.75,57,30275.75,30275.75,0.00
2026-07-01 10:04:50,30275.75,30277.50,30274.75,30277.50,37,30277.50,30277.50,0.00
2026-07-01 10:04:51,30277.25,30277.25,30273.25,30275.75,73,30275.75,30275.75,0.00
2026-07-01 10:04:52,30275.50,30277.75,30275.00,30276.00,50,30276.00,30276.00,0.00
2026-07-01 10:04:53,30275.50,30275.75,30268.50,30269.75,145,30269.75,30269.75,0.00
2026-07-01 10:04:54,30268.25,30269.75,30266.75,30267.00,125,30267.00,30267.00,0.00
2026-07-01 10:04:55,30267.50,30268.25,30261.75,30264.75,275,30264.75,30264.75,0.00
2026-07-01 10:04:56,30265.50,30266.25,30263.75,30264.75,117,30264.75,30264.75,0.00
2026-07-01 10:04:57,30264.50,30265.75,30261.00,30263.00,122,30263.00,30263.00,0.00
2026-07-01 10:04:58,30263.00,30265.50,30261.25,30261.75,182,30261.75,30261.75,0.00
2026-07-01 10:04:59,30261.00,30266.00,30260.50,30264.50,146,30264.50,30264.50,0.00
2026-07-01 10:05:00,30264.25,30265.00,30262.50,30263.50,76,30263.50,30263.50,0.00
2026-07-01 10:05:01,30263.25,30266.00,30262.50,30263.75,164,30263.75,30263.75,0.00
2026-07-01 10:05:02,30264.25,30264.25,30260.50,30262.50,190,30262.50,30262.50,0.00
2026-07-01 10:05:03,30262.75,30263.75,30261.75,30263.75,116,30263.75,30263.75,0.00
2026-07-01 10:05:04,30262.75,30264.50,30262.25,30263.50,123,30263.50,30263.50,0.00
2026-07-01 10:05:05,30263.75,30264.25,30260.75,30261.25,112,30261.25,30261.25,0.00
2026-07-01 10:05:06,30261.50,30265.00,30260.50,30263.50,198,30263.50,30263.50,0.00
2026-07-01 10:05:07,30263.25,30263.75,30259.00,30260.25,237,30260.25,30260.25,0.00
2026-07-01 10:05:08,30260.25,30261.50,30256.75,30260.50,276,30260.50,30260.50,0.00
2026-07-01 10:05:09,30260.50,30261.50,30258.75,30261.25,182,30261.25,30261.25,0.00
2026-07-01 10:05:10,30261.25,30261.25,30256.75,30259.00,144,30259.00,30259.00,0.00
2026-07-01 10:05:11,30259.25,30262.50,30259.25,30260.75,121,30260.75,30260.75,0.00
2026-07-01 10:05:12,30260.75,30263.50,30259.00,30261.75,105,30261.75,30261.75,0.00
2026-07-01 10:05:13,30261.25,30262.75,30260.25,30262.00,73,30262.00,30262.00,0.00
2026-07-01 10:05:14,30262.50,30264.50,30259.50,30262.50,112,30262.50,30262.50,0.00
2026-07-01 10:05:15,30262.25,30264.00,30261.75,30263.25,86,30263.25,30263.25,0.00
2026-07-01 10:05:16,30263.75,30269.00,30262.00,30264.50,348,30264.50,30264.50,0.00
2026-07-01 10:05:17,30264.50,30264.50,30262.50,30263.25,124,30263.25,30263.25,0.00
2026-07-01 10:05:18,30262.00,30263.00,30259.25,30262.25,119,30262.25,30262.25,0.00
2026-07-01 10:05:19,30261.75,30262.75,30259.75,30261.00,206,30261.00,30261.00,0.00
2026-07-01 10:05:20,30260.25,30262.75,30259.75,30260.50,102,30260.50,30260.50,0.00
2026-07-01 10:05:21,30261.75,30262.00,30260.25,30262.00,80,30262.00,30262.00,0.00
2026-07-01 10:05:22,30261.50,30263.00,30259.00,30259.25,116,30259.25,30259.25,0.00
2026-07-01 10:05:23,30260.50,30266.50,30260.50,30261.75,243,30261.75,30261.75,0.00
2026-07-01 10:05:24,30262.00,30262.00,30257.25,30262.00,161,30262.00,30262.00,0.00
2026-07-01 10:05:25,30261.25,30262.00,30256.25,30258.00,126,30258.00,30258.00,0.00
2026-07-01 10:05:26,30258.00,30261.50,30256.75,30261.00,129,30261.00,30261.00,0.00
2026-07-01 10:05:27,30261.00,30264.50,30260.75,30264.50,139,30264.50,30264.50,0.00
2026-07-01 10:05:28,30264.25,30264.25,30263.00,30263.00,56,30263.00,30263.00,0.00
2026-07-01 10:05:29,30263.50,30268.25,30263.50,30265.25,147,30265.25,30265.25,0.00
2026-07-01 10:05:30,30265.00,30266.75,30263.50,30265.75,165,30265.75,30265.75,0.00
2026-07-01 10:05:31,30265.75,30268.25,30264.75,30268.25,81,30268.25,30268.25,0.00
2026-07-01 10:05:32,30268.00,30271.75,30267.00,30270.00,238,30270.00,30270.00,0.00
2026-07-01 10:05:33,30269.75,30270.50,30268.50,30269.00,121,30269.00,30269.00,0.00
2026-07-01 10:05:34,30269.50,30271.50,30266.75,30268.25,130,30268.25,30268.25,0.00
2026-07-01 10:05:35,30268.00,30270.25,30267.00,30269.50,75,30269.50,30269.50,0.00
2026-07-01 10:05:36,30269.25,30272.75,30268.50,30271.75,53,30271.75,30271.75,0.00
2026-07-01 10:05:37,30271.75,30272.25,30268.75,30271.00,122,30271.00,30271.00,0.00
2026-07-01 10:05:38,30271.00,30274.00,30270.75,30272.75,87,30272.75,30272.75,0.00
2026-07-01 10:05:39,30272.25,30274.00,30271.75,30273.50,91,30273.50,30273.50,0.00
2026-07-01 10:05:40,30274.25,30277.75,30274.25,30275.00,224,30275.00,30275.00,0.00
2026-07-01 10:05:41,30274.75,30275.25,30270.00,30271.25,173,30271.25,30271.25,0.00
2026-07-01 10:05:42,30270.75,30273.75,30270.50,30272.75,81,30272.75,30272.75,0.00
2026-07-01 10:05:43,30272.00,30273.25,30270.25,30273.25,98,30273.25,30273.25,0.00
2026-07-01 10:05:44,30273.00,30276.50,30272.50,30275.00,97,30275.00,30275.00,0.00
2026-07-01 10:05:45,30274.00,30274.00,30270.25,30271.25,110,30271.25,30271.25,0.00
2026-07-01 10:05:46,30271.00,30282.00,30271.00,30280.00,364,30280.00,30280.00,0.00
2026-07-01 10:05:47,30279.50,30279.50,30277.25,30278.25,104,30278.25,30278.25,0.00
2026-07-01 10:05:48,30278.25,30281.75,30276.50,30278.25,195,30278.25,30278.25,0.00
2026-07-01 10:05:49,30278.75,30285.25,30278.00,30285.25,237,30285.25,30285.25,0.00
2026-07-01 10:05:50,30285.00,30285.75,30283.50,30284.75,122,30284.75,30284.75,0.00
2026-07-01 10:05:51,30285.00,30286.25,30281.75,30283.25,244,30283.25,30283.25,0.00
2026-07-01 10:05:52,30283.25,30287.00,30282.50,30285.50,165,30285.50,30285.50,0.00
2026-07-01 10:05:53,30285.25,30285.75,30283.50,30283.50,79,30283.50,30283.50,0.00
2026-07-01 10:05:54,30284.00,30291.00,30284.00,30289.50,352,30289.50,30289.50,0.00
2026-07-01 10:05:55,30290.00,30291.50,30283.50,30285.50,312,30285.50,30285.50,0.00
2026-07-01 10:05:56,30285.50,30285.50,30282.00,30283.75,153,30283.75,30283.75,0.00
2026-07-01 10:05:57,30283.50,30283.50,30278.00,30280.50,132,30280.50,30280.50,0.00
2026-07-01 10:05:58,30280.50,30281.50,30279.75,30281.50,84,30281.50,30281.50,0.00
2026-07-01 10:05:59,30281.75,30284.25,30281.75,30283.25,90,30283.25,30283.25,0.00
2026-07-01 10:06:00,30283.75,30284.75,30283.00,30283.75,79,30283.75,30283.75,0.00
2026-07-01 10:06:01,30283.50,30284.00,30281.00,30283.50,189,30283.50,30283.50,0.00
2026-07-01 10:06:02,30283.75,30288.50,30283.00,30286.50,156,30286.50,30286.50,0.00
2026-07-01 10:06:03,30287.25,30288.75,30284.50,30285.00,165,30285.00,30285.00,0.00
2026-07-01 10:06:04,30285.25,30287.50,30284.25,30287.50,121,30287.50,30287.50,0.00
2026-07-01 10:06:05,30287.50,30287.50,30284.25,30284.25,96,30284.25,30284.25,0.00
2026-07-01 10:06:06,30284.50,30285.25,30282.25,30284.25,181,30284.25,30284.25,0.00
2026-07-01 10:06:07,30284.00,30287.50,30283.50,30285.50,94,30285.50,30285.50,0.00
2026-07-01 10:06:08,30285.00,30286.50,30284.00,30286.50,102,30286.50,30286.50,0.00
2026-07-01 10:06:09,30286.00,30286.25,30285.00,30286.25,123,30286.25,30286.25,0.00
2026-07-01 10:06:10,30285.75,30287.25,30283.50,30283.50,133,30283.50,30283.50,0.00
2026-07-01 10:06:11,30283.75,30284.75,30281.50,30281.75,130,30281.75,30281.75,0.00
2026-07-01 10:06:12,30282.75,30286.50,30281.50,30285.25,99,30285.25,30285.25,0.00
2026-07-01 10:06:13,30285.75,30290.00,30285.75,30289.75,220,30289.75,30289.75,0.00
2026-07-01 10:06:14,30289.50,30289.50,30286.00,30288.00,131,30288.00,30288.00,0.00
2026-07-01 10:06:15,30288.00,30288.00,30285.50,30287.25,73,30287.25,30287.25,0.00
2026-07-01 10:06:16,30286.75,30289.75,30286.75,30288.50,71,30288.50,30288.50,0.00
2026-07-01 10:06:17,30288.75,30291.25,30288.50,30291.00,82,30291.00,30291.00,0.00
2026-07-01 10:06:18,30291.50,30292.50,30287.50,30288.50,303,30288.50,30288.50,0.00
2026-07-01 10:06:19,30288.50,30290.25,30286.00,30289.50,188,30289.50,30289.50,0.00
2026-07-01 10:06:20,30289.25,30289.50,30286.25,30287.75,121,30287.75,30287.75,0.00
2026-07-01 10:06:21,30288.00,30288.75,30285.75,30288.75,84,30288.75,30288.75,0.00
2026-07-01 10:06:22,30288.00,30292.50,30287.00,30290.50,156,30290.50,30290.50,0.00
2026-07-01 10:06:23,30290.25,30296.50,30290.00,30295.25,317,30295.25,30295.25,0.00
2026-07-01 10:06:24,30295.50,30296.75,30294.25,30295.25,240,30295.25,30295.25,0.00
2026-07-01 10:06:25,30295.50,30295.50,30291.00,30294.25,265,30294.25,30294.25,0.00
2026-07-01 10:06:26,30294.25,30298.75,30294.25,30298.50,301,30298.50,30298.50,0.00
2026-07-01 10:06:27,30298.50,30300.00,30296.00,30297.50,237,30297.50,30297.50,0.00
2026-07-01 10:06:28,30297.00,30299.00,30295.50,30296.25,169,30296.25,30296.25,0.00
2026-07-01 10:06:29,30295.75,30297.00,30293.75,30295.00,161,30295.00,30295.00,0.00
2026-07-01 10:06:30,30294.75,30295.75,30291.50,30291.50,106,30291.50,30291.50,0.00
2026-07-01 10:06:31,30291.50,30292.50,30285.75,30287.50,222,30287.50,30287.50,0.00
2026-07-01 10:06:32,30288.25,30290.50,30287.50,30289.25,102,30289.25,30289.25,0.00
2026-07-01 10:06:33,30289.25,30290.75,30288.00,30290.25,105,30290.25,30290.25,0.00
2026-07-01 10:06:34,30290.25,30293.00,30289.50,30293.00,179,30293.00,30293.00,0.00
2026-07-01 10:06:35,30292.75,30296.50,30292.50,30295.75,154,30295.75,30295.75,0.00
2026-07-01 10:06:36,30296.00,30296.00,30294.00,30294.50,135,30294.50,30294.50,0.00
2026-07-01 10:06:37,30294.75,30295.50,30293.00,30293.00,73,30293.00,30293.00,0.00
2026-07-01 10:06:38,30292.50,30294.50,30291.75,30294.50,88,30294.50,30294.50,0.00
2026-07-01 10:06:39,30294.50,30297.25,30293.75,30295.00,114,30295.00,30295.00,0.00
2026-07-01 10:06:40,30295.25,30296.25,30294.00,30295.00,95,30295.00,30295.00,0.00
2026-07-01 10:06:41,30294.75,30296.50,30294.00,30295.00,79,30295.00,30295.00,0.00
2026-07-01 10:06:42,30295.00,30296.50,30294.25,30296.25,90,30296.25,30296.25,0.00
2026-07-01 10:06:43,30296.75,30299.00,30294.75,30295.00,174,30295.00,30295.00,0.00
2026-07-01 10:06:44,30295.50,30297.25,30295.50,30296.75,103,30296.75,30296.75,0.00
2026-07-01 10:06:45,30297.00,30301.00,30296.75,30299.25,174,30299.25,30299.25,0.00
2026-07-01 10:06:46,30299.50,30304.00,30299.25,30302.75,393,30302.75,30302.75,0.00
2026-07-01 10:06:47,30303.00,30305.00,30301.75,30301.75,306,30301.75,30301.75,0.00
2026-07-01 10:06:48,30302.25,30302.50,30297.25,30297.50,198,30297.50,30297.50,0.00
2026-07-01 10:06:49,30298.25,30298.50,30296.00,30296.75,128,30296.75,30296.75,0.00
2026-07-01 10:06:50,30296.75,30297.50,30295.00,30296.25,112,30296.25,30296.25,0.00
2026-07-01 10:06:51,30296.25,30297.25,30295.75,30296.25,87,30296.25,30296.25,0.00
2026-07-01 10:06:52,30296.50,30299.25,30296.25,30296.75,106,30296.75,30296.75,0.00
2026-07-01 10:06:53,30297.00,30297.25,30290.75,30292.00,218,30292.00,30292.00,0.00
2026-07-01 10:06:54,30292.25,30292.25,30287.75,30291.50,278,30291.50,30291.50,0.00
2026-07-01 10:06:55,30291.50,30294.75,30291.25,30294.25,105,30294.25,30294.25,0.00
2026-07-01 10:06:56,30294.50,30297.75,30294.50,30297.00,139,30297.00,30297.00,0.00
2026-07-01 10:06:57,30297.25,30298.50,30295.00,30297.25,91,30297.25,30297.25,0.00
2026-07-01 10:06:58,30297.25,30299.25,30296.75,30297.25,80,30297.25,30297.25,0.00
2026-07-01 10:06:59,30297.75,30300.25,30297.75,30299.50,90,30299.50,30299.50,0.00
2026-07-01 10:07:00,30299.75,30300.50,30296.25,30297.25,100,30297.25,30297.25,0.00
2026-07-01 10:07:01,30297.50,30298.25,30296.50,30297.00,94,30297.00,30297.00,0.00
2026-07-01 10:07:02,30297.25,30299.50,30295.00,30297.25,314,30297.25,30297.25,0.00
2026-07-01 10:07:03,30297.25,30298.50,30296.75,30297.75,83,30297.75,30297.75,0.00
2026-07-01 10:07:04,30297.75,30298.50,30294.50,30298.00,113,30298.00,30298.00,0.00
2026-07-01 10:07:05,30298.25,30298.25,30296.50,30297.00,78,30297.00,30297.00,0.00
2026-07-01 10:07:06,30296.25,30297.50,30295.50,30296.75,64,30296.75,30296.75,0.00
2026-07-01 10:07:07,30296.75,30297.75,30295.25,30295.25,96,30295.25,30295.25,0.00
2026-07-01 10:07:08,30295.25,30297.50,30295.25,30296.00,80,30296.00,30296.00,0.00
2026-07-01 10:07:09,30296.25,30300.50,30296.25,30297.00,144,30297.00,30297.00,0.00
2026-07-01 10:07:10,30297.50,30297.50,30292.75,30293.25,147,30293.25,30293.25,0.00
2026-07-01 10:07:11,30294.25,30295.50,30293.50,30295.00,117,30295.00,30295.00,0.00
2026-07-01 10:07:12,30295.25,30296.00,30294.25,30295.50,86,30295.50,30295.50,0.00
2026-07-01 10:07:13,30295.75,30297.00,30294.75,30296.50,56,30296.50,30296.50,0.00
2026-07-01 10:07:14,30296.75,30299.75,30294.75,30298.25,101,30298.25,30298.25,0.00
2026-07-01 10:07:15,30298.25,30298.75,30295.75,30298.00,51,30298.00,30298.00,0.00
2026-07-01 10:07:16,30298.25,30301.25,30297.00,30299.00,154,30299.00,30299.00,0.00
2026-07-01 10:07:17,30298.50,30299.00,30295.50,30299.00,151,30299.00,30299.00,0.00
2026-07-01 10:07:18,30298.75,30299.00,30292.25,30292.25,148,30292.25,30292.25,0.00
2026-07-01 10:07:19,30292.50,30295.25,30292.00,30295.25,104,30295.25,30295.25,0.00
2026-07-01 10:07:20,30294.75,30297.50,30293.75,30297.25,195,30297.25,30297.25,0.00
2026-07-01 10:07:21,30297.50,30298.00,30296.25,30297.25,185,30297.25,30297.25,0.00
2026-07-01 10:07:22,30297.00,30297.25,30294.25,30295.50,73,30295.50,30295.50,0.00
2026-07-01 10:07:23,30295.50,30296.75,30294.75,30295.25,80,30295.25,30295.25,0.00
2026-07-01 10:07:24,30295.00,30298.00,30295.00,30297.25,88,30297.25,30297.25,0.00
2026-07-01 10:07:25,30297.75,30298.00,30290.50,30291.75,165,30291.75,30291.75,0.00
2026-07-01 10:07:26,30292.25,30294.00,30291.00,30291.25,120,30291.25,30291.25,0.00
2026-07-01 10:07:27,30291.50,30292.50,30288.75,30290.00,251,30290.00,30290.00,0.00
2026-07-01 10:07:28,30290.00,30290.00,30287.00,30288.75,217,30288.75,30288.75,0.00
2026-07-01 10:07:29,30288.25,30292.00,30288.25,30291.50,153,30291.50,30291.50,0.00
2026-07-01 10:07:30,30291.50,30292.25,30289.50,30291.75,153,30291.75,30291.75,0.00
2026-07-01 10:07:31,30291.50,30292.00,30289.50,30289.50,138,30289.50,30289.50,0.00
2026-07-01 10:07:32,30289.50,30291.25,30289.50,30289.50,54,30289.50,30289.50,0.00
2026-07-01 10:07:33,30289.50,30290.00,30284.25,30287.25,190,30287.25,30287.25,0.00
2026-07-01 10:07:34,30287.50,30289.75,30287.00,30287.75,116,30287.75,30287.75,0.00
2026-07-01 10:07:35,30288.50,30288.75,30286.00,30288.00,85,30288.00,30288.00,0.00
2026-07-01 10:07:36,30288.25,30288.50,30285.50,30287.75,73,30287.75,30287.75,0.00
2026-07-01 10:07:37,30288.25,30288.75,30286.00,30288.50,66,30288.50,30288.50,0.00
2026-07-01 10:07:38,30288.25,30289.50,30286.50,30286.50,98,30286.50,30286.50,0.00
2026-07-01 10:07:39,30286.75,30287.25,30284.50,30285.75,95,30285.75,30285.75,0.00
2026-07-01 10:07:40,30286.00,30286.50,30284.75,30286.00,53,30286.00,30286.00,0.00
2026-07-01 10:07:41,30286.00,30291.75,30284.00,30290.25,161,30290.25,30290.25,0.00
2026-07-01 10:07:42,30291.00,30293.75,30290.50,30292.25,62,30292.25,30292.25,0.00
2026-07-01 10:07:43,30292.00,30292.75,30291.25,30291.75,65,30291.75,30291.75,0.00
2026-07-01 10:07:44,30292.25,30292.25,30288.50,30288.50,120,30288.50,30288.50,0.00
2026-07-01 10:07:45,30288.25,30290.25,30288.00,30290.00,53,30290.00,30290.00,0.00
2026-07-01 10:07:46,30290.00,30290.75,30288.50,30289.00,117,30289.00,30289.00,0.00
2026-07-01 10:07:47,30289.50,30291.50,30288.75,30291.00,53,30291.00,30291.00,0.00
2026-07-01 10:07:48,30291.50,30296.75,30291.50,30295.25,156,30295.25,30295.25,0.00
2026-07-01 10:07:49,30295.25,30298.50,30295.25,30298.50,118,30298.50,30298.50,0.00
2026-07-01 10:07:50,30298.25,30302.50,30298.00,30302.50,199,30302.50,30302.50,0.00
2026-07-01 10:07:51,30302.00,30305.25,30301.50,30304.75,302,30304.75,30304.75,0.00
2026-07-01 10:07:52,30304.00,30310.00,30303.25,30308.75,532,30308.75,30308.75,0.00
2026-07-01 10:07:53,30308.50,30310.25,30308.25,30309.50,248,30309.50,30309.50,0.00
2026-07-01 10:07:54,30308.75,30313.00,30308.75,30312.00,430,30312.00,30312.00,0.00
2026-07-01 10:07:55,30312.50,30313.00,30311.25,30312.50,174,30312.50,30312.50,0.00
2026-07-01 10:07:56,30312.00,30313.00,30311.50,30312.00,146,30312.00,30312.00,0.00
2026-07-01 10:07:57,30312.00,30313.25,30309.50,30310.75,191,30310.75,30310.75,0.00
2026-07-01 10:07:58,30310.25,30310.25,30307.75,30309.00,151,30309.00,30309.00,0.00
2026-07-01 10:07:59,30308.75,30309.00,30305.75,30306.25,122,30306.25,30306.25,0.00
2026-07-01 10:08:00,30307.00,30307.75,30305.75,30306.25,66,30306.25,30306.25,0.00
2026-07-01 10:08:01,30307.00,30308.75,30306.00,30308.00,71,30308.00,30308.00,0.00
2026-07-01 10:08:02,30307.75,30310.00,30307.50,30308.50,121,30308.50,30308.50,0.00
2026-07-01 10:08:03,30308.50,30309.25,30305.75,30307.50,96,30307.50,30307.50,0.00
2026-07-01 10:08:04,30307.50,30310.25,30307.25,30309.50,63,30309.50,30309.50,0.00
2026-07-01 10:08:05,30309.50,30309.50,30307.50,30308.25,70,30308.25,30308.25,0.00
2026-07-01 10:08:06,30308.25,30310.25,30306.00,30309.00,125,30309.00,30309.00,0.00
2026-07-01 10:08:07,30309.25,30311.75,30308.75,30309.00,121,30309.00,30309.00,0.00
2026-07-01 10:08:08,30309.50,30311.00,30308.50,30309.75,72,30309.75,30309.75,0.00
2026-07-01 10:08:09,30310.00,30310.00,30308.25,30308.25,89,30308.25,30308.25,0.00
2026-07-01 10:08:10,30308.25,30310.75,30308.25,30308.25,72,30308.25,30308.25,0.00
2026-07-01 10:08:11,30307.75,30308.50,30304.50,30306.50,305,30306.50,30306.50,0.00
2026-07-01 10:08:12,30306.25,30308.25,30305.00,30307.25,118,30307.25,30307.25,0.00
2026-07-01 10:08:13,30306.50,30310.25,30306.25,30309.75,152,30309.75,30309.75,0.00
2026-07-01 10:08:14,30310.00,30317.25,30310.00,30315.75,578,30315.75,30315.75,0.00
2026-07-01 10:08:15,30315.50,30316.75,30313.75,30314.25,217,30314.25,30314.25,0.00
2026-07-01 10:08:16,30314.25,30314.75,30312.75,30313.50,172,30313.50,30313.50,0.00
2026-07-01 10:08:17,30313.50,30313.50,30308.50,30309.75,221,30309.75,30309.75,0.00
2026-07-01 10:08:18,30310.00,30311.25,30309.75,30309.75,81,30309.75,30309.75,0.00
2026-07-01 10:08:19,30309.25,30311.50,30309.00,30310.25,58,30310.25,30310.25,0.00
2026-07-01 10:08:20,30310.50,30312.50,30308.25,30309.25,95,30309.25,30309.25,0.00
2026-07-01 10:08:21,30309.00,30310.25,30306.50,30307.75,107,30307.75,30307.75,0.00
2026-07-01 10:08:22,30307.25,30307.50,30303.75,30305.00,263,30305.00,30305.00,0.00
2026-07-01 10:08:23,30305.50,30306.75,30303.50,30304.75,143,30304.75,30304.75,0.00
2026-07-01 10:08:24,30304.00,30304.50,30301.25,30303.25,179,30303.25,30303.25,0.00
2026-07-01 10:08:25,30303.75,30304.75,30302.00,30304.25,103,30304.25,30304.25,0.00
2026-07-01 10:08:26,30303.50,30305.50,30303.50,30304.50,121,30304.50,30304.50,0.00
2026-07-01 10:08:27,30305.00,30308.00,30303.75,30306.25,97,30306.25,30306.25,0.00
2026-07-01 10:08:28,30306.25,30306.75,30303.50,30306.50,109,30306.50,30306.50,0.00
2026-07-01 10:08:29,30306.50,30308.75,30305.50,30306.00,80,30306.00,30306.00,0.00
2026-07-01 10:08:30,30305.50,30305.75,30303.00,30303.25,97,30303.25,30303.25,0.00
2026-07-01 10:08:31,30303.50,30306.50,30303.50,30306.00,84,30306.00,30306.00,0.00
2026-07-01 10:08:32,30306.50,30310.00,30306.00,30308.75,96,30308.75,30308.75,0.00
2026-07-01 10:08:33,30308.50,30308.50,30306.25,30307.00,65,30307.00,30307.00,0.00
2026-07-01 10:08:34,30306.75,30308.00,30306.25,30306.75,84,30306.75,30306.75,0.00
2026-07-01 10:08:35,30307.00,30308.50,30306.25,30306.25,73,30306.25,30306.25,0.00
2026-07-01 10:08:36,30306.25,30308.00,30304.25,30304.75,97,30304.75,30304.75,0.00
2026-07-01 10:08:37,30304.75,30306.00,30304.25,30305.75,71,30305.75,30305.75,0.00
2026-07-01 10:08:38,30305.50,30306.50,30302.50,30303.50,105,30303.50,30303.50,0.00
2026-07-01 10:08:39,30303.75,30304.25,30299.25,30301.00,227,30301.00,30301.00,0.00
2026-07-01 10:08:40,30301.00,30301.50,30300.00,30301.50,74,30301.50,30301.50,0.00
2026-07-01 10:08:41,30301.75,30301.75,30295.00,30298.75,266,30298.75,30298.75,0.00
2026-07-01 10:08:42,30299.00,30299.50,30296.00,30298.00,118,30298.00,30298.00,0.00
2026-07-01 10:08:43,30298.00,30300.25,30298.00,30300.25,89,30300.25,30300.25,0.00
2026-07-01 10:08:44,30299.50,30301.25,30299.25,30300.50,77,30300.50,30300.50,0.00
2026-07-01 10:08:45,30299.50,30304.00,30298.50,30303.50,106,30303.50,30303.50,0.00
2026-07-01 10:08:46,30303.25,30303.50,30301.00,30301.75,73,30301.75,30301.75,0.00
2026-07-01 10:08:47,30302.00,30302.25,30300.50,30302.00,71,30302.00,30302.00,0.00
2026-07-01 10:08:48,30302.50,30304.00,30302.00,30303.50,65,30303.50,30303.50,0.00
2026-07-01 10:08:49,30303.75,30304.25,30302.50,30302.50,54,30302.50,30302.50,0.00
2026-07-01 10:08:50,30302.75,30303.25,30296.50,30298.00,138,30298.00,30298.00,0.00
2026-07-01 10:08:51,30297.50,30298.00,30296.25,30298.00,51,30298.00,30298.00,0.00
2026-07-01 10:08:52,30298.00,30298.50,30296.75,30297.75,63,30297.75,30297.75,0.00
2026-07-01 10:08:53,30298.25,30299.50,30298.00,30299.25,37,30299.25,30299.25,0.00
2026-07-01 10:08:54,30299.25,30300.00,30297.75,30297.75,78,30297.75,30297.75,0.00
2026-07-01 10:08:55,30297.50,30298.75,30296.25,30297.25,102,30297.25,30297.25,0.00
2026-07-01 10:08:56,30298.00,30298.25,30292.50,30294.50,178,30294.50,30294.50,0.00
2026-07-01 10:08:57,30294.25,30295.50,30290.50,30291.50,376,30291.50,30291.50,0.00
2026-07-01 10:08:58,30291.25,30291.75,30290.00,30291.50,141,30291.50,30291.50,0.00
2026-07-01 10:08:59,30291.50,30296.75,30291.50,30295.75,202,30295.75,30295.75,0.00
2026-07-01 10:09:00,30295.75,30296.00,30293.50,30295.25,96,30295.25,30295.25,0.00
2026-07-01 10:09:01,30295.00,30298.75,30294.00,30297.75,134,30297.75,30297.75,0.00
2026-07-01 10:09:02,30297.50,30299.00,30295.75,30296.25,103,30296.25,30296.25,0.00
2026-07-01 10:09:03,30296.00,30296.00,30290.00,30290.50,204,30290.50,30290.50,0.00
2026-07-01 10:09:04,30290.25,30291.50,30287.25,30288.00,225,30288.00,30288.00,0.00
2026-07-01 10:09:05,30288.25,30290.00,30286.00,30289.00,170,30289.00,30289.00,0.00
2026-07-01 10:09:06,30289.25,30293.00,30289.00,30292.00,164,30292.00,30292.00,0.00
2026-07-01 10:09:07,30292.50,30300.25,30292.25,30298.25,145,30298.25,30298.25,0.00
2026-07-01 10:09:08,30298.00,30299.75,30296.00,30296.50,139,30296.50,30296.50,0.00
2026-07-01 10:09:09,30296.00,30296.75,30292.25,30294.75,99,30294.75,30294.75,0.00
2026-07-01 10:09:10,30294.50,30295.25,30293.00,30294.50,102,30294.50,30294.50,0.00
2026-07-01 10:09:11,30294.00,30297.00,30294.00,30295.50,108,30295.50,30295.50,0.00
2026-07-01 10:09:12,30295.00,30295.75,30291.00,30291.50,66,30291.50,30291.50,0.00
2026-07-01 10:09:13,30292.00,30292.50,30290.25,30291.75,84,30291.75,30291.75,0.00
2026-07-01 10:09:14,30291.50,30292.50,30286.00,30287.25,142,30287.25,30287.25,0.00
2026-07-01 10:09:15,30287.00,30292.50,30287.00,30290.25,178,30290.25,30290.25,0.00
2026-07-01 10:09:16,30290.25,30291.25,30288.75,30288.75,109,30288.75,30288.75,0.00
2026-07-01 10:09:17,30289.25,30290.25,30288.75,30289.25,53,30289.25,30289.25,0.00
2026-07-01 10:09:18,30289.75,30292.25,30289.50,30292.25,106,30292.25,30292.25,0.00
2026-07-01 10:09:19,30292.50,30292.50,30288.25,30289.50,105,30289.50,30289.50,0.00
2026-07-01 10:09:20,30289.00,30290.00,30288.00,30288.25,105,30288.25,30288.25,0.00
2026-07-01 10:09:21,30288.75,30289.25,30286.50,30287.00,93,30287.00,30287.00,0.00
2026-07-01 10:09:22,30287.25,30289.00,30287.00,30287.50,93,30287.50,30287.50,0.00
2026-07-01 10:09:23,30287.50,30289.25,30286.00,30289.25,93,30289.25,30289.25,0.00
2026-07-01 10:09:24,30288.75,30289.75,30286.75,30289.25,78,30289.25,30289.25,0.00
2026-07-01 10:09:25,30290.00,30290.50,30287.25,30290.00,64,30290.00,30290.00,0.00
2026-07-01 10:09:26,30290.00,30292.00,30286.50,30287.50,114,30287.50,30287.50,0.00
2026-07-01 10:09:27,30287.75,30289.50,30287.00,30289.25,107,30289.25,30289.25,0.00
2026-07-01 10:09:28,30289.00,30290.25,30287.75,30289.75,67,30289.75,30289.75,0.00
2026-07-01 10:09:29,30289.50,30293.00,30288.25,30293.00,93,30293.00,30293.00,0.00
2026-07-01 10:09:30,30292.00,30293.75,30289.50,30290.75,122,30290.75,30290.75,0.00
2026-07-01 10:09:31,30290.50,30292.75,30290.50,30291.25,45,30291.25,30291.25,0.00
2026-07-01 10:09:32,30290.75,30293.00,30289.75,30292.25,52,30292.25,30292.25,0.00
2026-07-01 10:09:33,30292.50,30292.75,30290.75,30291.50,51,30291.50,30291.50,0.00
2026-07-01 10:09:34,30291.50,30291.50,30288.00,30289.50,66,30289.50,30289.50,0.00
2026-07-01 10:09:35,30289.00,30289.00,30285.25,30286.00,146,30286.00,30286.00,0.00
2026-07-01 10:09:36,30286.25,30291.00,30286.25,30291.00,89,30291.00,30291.00,0.00
2026-07-01 10:09:37,30291.00,30292.00,30290.00,30291.25,54,30291.25,30291.25,0.00
2026-07-01 10:09:38,30291.50,30294.75,30291.00,30291.75,113,30291.75,30291.75,0.00
2026-07-01 10:09:39,30292.50,30293.75,30291.25,30292.00,66,30292.00,30292.00,0.00
2026-07-01 10:09:40,30291.50,30291.50,30288.75,30290.25,70,30290.25,30290.25,0.00
2026-07-01 10:09:41,30290.50,30292.50,30288.00,30288.50,63,30288.50,30288.50,0.00
2026-07-01 10:09:42,30289.50,30289.75,30282.50,30286.25,330,30286.25,30286.25,0.00
2026-07-01 10:09:43,30286.50,30288.25,30286.25,30287.50,50,30287.50,30287.50,0.00
2026-07-01 10:09:44,30288.00,30290.00,30287.00,30289.00,49,30289.00,30289.00,0.00
2026-07-01 10:09:45,30288.25,30290.50,30287.75,30290.50,84,30290.50,30290.50,0.00
2026-07-01 10:09:46,30290.25,30291.25,30289.25,30289.75,61,30289.75,30289.75,0.00
2026-07-01 10:09:47,30290.00,30290.25,30288.00,30288.25,109,30288.25,30288.25,0.00
2026-07-01 10:09:48,30289.00,30296.50,30288.00,30294.50,254,30294.50,30294.50,0.00
2026-07-01 10:09:49,30294.50,30296.25,30294.00,30295.75,111,30295.75,30295.75,0.00
2026-07-01 10:09:50,30296.25,30297.75,30294.25,30295.75,152,30295.75,30295.75,0.00
2026-07-01 10:09:51,30295.50,30297.75,30295.50,30296.25,108,30296.25,30296.25,0.00
2026-07-01 10:09:52,30296.00,30297.75,30295.50,30297.50,83,30297.50,30297.50,0.00
2026-07-01 10:09:53,30297.50,30298.25,30296.00,30296.75,89,30296.75,30296.75,0.00
2026-07-01 10:09:54,30297.00,30297.75,30295.00,30295.50,74,30295.50,30295.50,0.00
2026-07-01 10:09:55,30295.50,30296.25,30295.00,30295.00,29,30295.00,30295.00,0.00
2026-07-01 10:09:56,30295.25,30297.25,30293.50,30294.75,115,30294.75,30294.75,0.00
2026-07-01 10:09:57,30294.75,30297.50,30294.75,30297.50,77,30297.50,30297.50,0.00
2026-07-01 10:09:58,30297.25,30297.25,30295.25,30297.00,43,30297.00,30297.00,0.00
2026-07-01 10:09:59,30297.00,30298.00,30296.00,30296.50,48,30296.50,30296.50,0.00
2026-07-01 10:10:00,30295.75,30297.00,30295.75,30296.75,32,30295.00,30295.75,0.75
2026-07-01 10:10:01,30296.50,30297.25,30294.50,30295.50,128,30296.75,30297.25,0.50
2026-07-01 10:10:02,30295.25,30298.75,30294.00,30297.50,217,30295.75,30296.25,0.50
2026-07-01 10:10:03,30297.25,30297.75,30294.00,30296.00,124,30295.75,30296.25,0.50
2026-07-01 10:10:04,30296.00,30296.75,30295.00,30295.50,68,30295.00,30295.50,0.50
2026-07-01 10:10:05,30297.00,30298.50,30295.50,30295.75,79,30294.00,30294.50,0.50
2026-07-01 10:10:06,30295.25,30295.50,30292.25,30294.50,133,30296.00,30296.50,0.50
2026-07-01 10:10:07,30294.50,30297.75,30293.75,30297.00,90,30293.00,30293.25,0.25
2026-07-01 10:10:08,30296.00,30296.00,30292.75,30293.25,90,30297.00,30297.50,0.50
2026-07-01 10:10:09,30293.25,30297.50,30293.25,30297.00,125,30300.50,30301.00,0.50
2026-07-01 10:10:10,30297.00,30303.00,30296.75,30300.75,274,30302.50,30303.00,0.50
2026-07-01 10:10:11,30300.50,30303.75,30299.25,30303.25,149,30302.00,30302.25,0.25
2026-07-01 10:10:12,30302.50,30304.50,30301.50,30302.75,185,30302.00,30302.25,0.25
2026-07-01 10:10:13,30302.25,30302.50,30298.25,30299.50,151,30298.25,30298.75,0.50
2026-07-01 10:10:14,30299.50,30300.75,30296.75,30298.25,98,30297.75,30298.25,0.50
2026-07-01 10:10:15,30298.75,30300.25,30297.00,30297.75,81,30296.25,30296.75,0.50
2026-07-01 10:10:16,30298.25,30299.00,30296.25,30296.50,92,30295.75,30296.25,0.50
2026-07-01 10:10:17,30296.50,30298.00,30294.50,30297.00,93,30297.00,30297.50,0.50
2026-07-01 10:10:18,30296.25,30297.75,30294.25,30297.00,86,30299.00,30299.25,0.25
2026-07-01 10:10:19,30297.00,30299.25,30296.50,30299.25,106,30300.25,30300.75,0.50
2026-07-01 10:10:20,30299.00,30301.25,30296.75,30300.25,104,30304.00,30304.50,0.50
2026-07-01 10:10:21,30300.00,30305.50,30300.00,30304.00,152,30302.00,30302.25,0.25
2026-07-01 10:10:22,30304.00,30305.25,30301.75,30302.00,103,30299.75,30300.25,0.50
2026-07-01 10:10:23,30302.25,30302.50,30299.75,30300.00,98,30299.75,30300.25,0.50
2026-07-01 10:10:24,30300.00,30301.25,30299.50,30299.75,75,30298.50,30299.00,0.50
2026-07-01 10:10:25,30300.00,30300.25,30297.25,30298.50,169,30296.00,30296.50,0.50
2026-07-01 10:10:26,30299.00,30300.50,30295.50,30296.50,122,30297.75,30298.25,0.50
2026-07-01 10:10:27,30296.75,30298.50,30296.75,30297.75,40,30297.25,30297.75,0.50
2026-07-01 10:10:28,30298.00,30298.25,30296.50,30297.25,49,30297.00,30297.50,0.50
2026-07-01 10:10:29,30297.50,30298.50,30297.00,30297.75,46,30300.00,30300.50,0.50
2026-07-01 10:10:30,30297.25,30300.75,30297.25,30299.75,92,30302.00,30302.50,0.50
2026-07-01 10:10:31,30300.50,30302.25,30300.00,30302.00,88,30302.00,30302.50,0.50
2026-07-01 10:10:32,30302.50,30303.25,30300.25,30303.00,68,30308.00,30308.50,0.50
2026-07-01 10:10:33,30303.00,30308.25,30302.25,30308.25,310,30306.00,30306.50,0.50
2026-07-01 10:10:34,30308.00,30308.00,30304.25,30306.25,161,30306.50,30307.00,0.50
2026-07-01 10:10:35,30306.50,30307.00,30305.75,30306.75,84,30306.50,30307.00,0.50
2026-07-01 10:10:36,30307.00,30307.75,30306.00,30307.00,115,30305.25,30305.75,0.50
2026-07-01 10:10:37,30306.75,30307.50,30305.50,30305.50,74,30308.00,30308.50,0.50
2026-07-01 10:10:38,30305.75,30309.75,30305.50,30308.50,119,30305.75,30306.25,0.50
2026-07-01 10:10:39,30308.50,30308.50,30305.50,30306.25,123,30305.75,30306.25,0.50
2026-07-01 10:10:40,30306.00,30306.75,30304.75,30305.75,58,30303.00,30303.50,0.50
2026-07-01 10:10:41,30306.75,30307.25,30301.50,30303.00,122,30301.25,30301.75,0.50
2026-07-01 10:10:42,30303.00,30304.00,30299.75,30301.50,92,30305.00,30305.25,0.25
2026-07-01 10:10:43,30301.75,30305.75,30301.25,30305.25,96,30306.00,30306.50,0.50
2026-07-01 10:10:44,30305.00,30306.50,30304.50,30306.00,67,30306.75,30307.00,0.25
2026-07-01 10:10:45,30306.25,30307.25,30304.50,30307.25,67,30306.75,30307.25,0.50
2026-07-01 10:10:46,30307.00,30307.75,30306.50,30307.25,58,30306.00,30306.50,0.50
2026-07-01 10:10:47,30307.75,30307.75,30305.50,30306.00,53,30306.00,30306.50,0.50
2026-07-01 10:10:48,30306.00,30307.25,30303.00,30303.00,127,30302.25,30302.75,0.50
2026-07-01 10:10:49,30303.00,30305.00,30298.50,30300.00,175,30301.00,30301.50,0.50
2026-07-01 10:10:50,30300.25,30301.50,30298.75,30301.50,75,30300.25,30300.75,0.50
2026-07-01 10:10:51,30301.00,30302.00,30299.75,30300.50,87,30303.75,30304.00,0.25
2026-07-01 10:10:52,30300.75,30303.75,30300.50,30303.75,67,30303.25,30303.75,0.50
2026-07-01 10:10:53,30304.00,30304.25,30302.50,30303.50,68,30303.75,30304.25,0.50
2026-07-01 10:10:54,30303.75,30303.75,30302.25,30303.50,35,30305.50,30306.00,0.50
2026-07-01 10:10:55,30303.75,30306.75,30303.75,30305.75,87,30308.50,30308.75,0.25
2026-07-01 10:10:56,30305.50,30310.75,30305.50,30308.50,176,30308.50,30309.00,0.50
2026-07-01 10:10:57,30308.50,30310.25,30308.25,30309.00,57,30307.50,30308.00,0.50
2026-07-01 10:10:58,30309.00,30309.50,30307.50,30307.50,78,30306.50,30307.00,0.50
2026-07-01 10:10:59,30307.50,30307.75,30306.25,30306.75,80,30305.75,30306.25,0.50
2026-07-01 10:11:00,30307.00,30307.75,30305.50,30306.50,71,30303.00,30303.50,0.50
2026-07-01 10:11:01,30306.50,30308.00,30300.75,30303.25,197,30306.50,30307.00,0.50
2026-07-01 10:11:02,30303.50,30308.25,30303.50,30306.75,124,30306.00,30306.50,0.50
2026-07-01 10:11:03,30307.25,30309.75,30306.50,30306.50,77,30309.50,30309.75,0.25
2026-07-01 10:11:04,30306.00,30310.00,30305.25,30310.00,91,30311.75,30312.25,0.50
2026-07-01 10:11:05,30309.50,30312.75,30309.50,30312.50,130,30311.75,30312.25,0.50
2026-07-01 10:11:06,30312.50,30316.50,30311.75,30315.50,311,30315.25,30315.75,0.50
2026-07-01 10:11:07,30314.50,30319.50,30313.50,30315.25,541,30314.25,30314.75,0.50
2026-07-01 10:11:08,30315.25,30315.75,30313.00,30314.25,188,30313.25,30313.75,0.50
2026-07-01 10:11:09,30314.00,30314.50,30312.75,30313.25,92,30317.75,30318.25,0.50
2026-07-01 10:11:10,30313.25,30322.00,30313.25,30317.50,465,30316.25,30316.50,0.25
2026-07-01 10:11:11,30318.25,30319.75,30316.50,30316.50,237,30314.50,30315.00,0.50
2026-07-01 10:11:12,30316.50,30317.75,30314.25,30314.75,164,30312.75,30313.25,0.50
2026-07-01 10:11:13,30314.75,30315.00,30312.00,30313.00,152,30314.75,30315.25,0.50
2026-07-01 10:11:14,30313.00,30315.50,30313.00,30315.00,123,30318.25,30318.75,0.50
2026-07-01 10:11:15,30315.25,30319.25,30314.75,30318.75,133,30318.25,30318.75,0.50
2026-07-01 10:11:16,30318.50,30320.25,30317.00,30318.25,210,30318.00,30318.50,0.50
2026-07-01 10:11:17,30318.00,30319.50,30317.00,30318.75,107,30318.00,30318.50,0.50
2026-07-01 10:11:18,30318.50,30318.75,30317.00,30318.00,124,30318.00,30318.50,0.50
2026-07-01 10:11:19,30318.25,30319.25,30316.75,30316.75,108,30318.00,30318.50,0.50
2026-07-01 10:11:20,30317.00,30318.25,30315.00,30317.50,103,30318.00,30318.50,0.50
2026-07-01 10:11:21,30318.00,30321.75,30317.25,30320.75,100,30319.75,30320.25,0.50
2026-07-01 10:11:22,30320.00,30322.00,30317.75,30319.75,118,30318.25,30318.50,0.25
2026-07-01 10:11:23,30319.75,30320.50,30317.75,30318.00,92,30318.25,30318.50,0.25
2026-07-01 10:11:24,30318.25,30319.00,30316.50,30316.75,143,30315.75,30316.25,0.50
2026-07-01 10:11:25,30317.00,30318.25,30314.75,30316.00,169,30315.25,30315.50,0.25
2026-07-01 10:11:26,30316.25,30317.00,30314.75,30315.50,74,30317.25,30317.75,0.50
2026-07-01 10:11:27,30315.25,30317.75,30313.50,30317.25,119,30317.75,30318.25,0.50
2026-07-01 10:11:28,30317.25,30317.75,30315.75,30317.50,128,30315.00,30315.25,0.25
2026-07-01 10:11:29,30317.75,30319.25,30315.25,30315.25,160,30313.75,30314.25,0.50
2026-07-01 10:11:30,30315.25,30315.75,30312.75,30314.00,89,30316.00,30316.50,0.50
2026-07-01 10:11:31,30315.00,30316.50,30310.50,30316.25,165,30313.75,30314.25,0.50
2026-07-01 10:11:32,30316.25,30316.25,30311.50,30314.00,115,30313.75,30314.25,0.50
2026-07-01 10:11:33,30313.75,30315.25,30313.25,30314.50,64,30314.00,30314.25,0.25
2026-07-01 10:11:34,30314.50,30314.50,30312.50,30313.75,91,30312.75,30313.25,0.50
2026-07-01 10:11:35,30314.00,30314.00,30312.00,30313.00,67,30313.50,30314.00,0.50
2026-07-01 10:11:36,30312.75,30315.25,30312.00,30313.75,82,30313.50,30314.00,0.50
2026-07-01 10:11:37,30313.50,30314.50,30312.50,30313.25,54,30309.50,30310.00,0.50
2026-07-01 10:11:38,30313.25,30315.50,30308.00,30309.50,187,30310.00,30310.50,0.50
2026-07-01 10:11:39,30309.50,30311.00,30308.75,30310.75,95,30313.25,30313.50,0.25
2026-07-01 10:11:40,30310.75,30313.75,30310.50,30313.25,90,30314.25,30314.75,0.50
2026-07-01 10:11:41,30313.25,30315.50,30313.25,30314.50,48,30313.25,30313.50,0.25
2026-07-01 10:11:42,30314.00,30315.25,30313.50,30313.50,49,30312.25,30312.75,0.50
2026-07-01 10:11:43,30313.75,30314.00,30312.50,30312.50,35,30312.75,30313.00,0.25
2026-07-01 10:11:44,30312.75,30313.75,30311.25,30312.25,71,30312.00,30312.50,0.50
2026-07-01 10:11:45,30313.00,30313.75,30311.00,30312.75,65,30313.50,30314.00,0.50
2026-07-01 10:11:46,30312.50,30314.00,30311.75,30313.50,64,30315.25,30315.75,0.50
2026-07-01 10:11:47,30313.50,30316.75,30312.50,30315.25,69,30316.50,30317.00,0.50
2026-07-01 10:11:48,30315.50,30317.75,30315.50,30317.00,99,30318.25,30318.75,0.50
2026-07-01 10:11:49,30316.00,30318.50,30315.50,30318.25,96,30315.25,30315.50,0.25
2026-07-01 10:11:50,30318.25,30319.75,30314.50,30315.00,108,30315.25,30315.50,0.25
2026-07-01 10:11:51,30315.50,30317.00,30314.00,30315.00,72,30315.25,30315.75,0.50
2026-07-01 10:11:52,30314.75,30316.00,30314.50,30315.75,56,30317.75,30318.25,0.50
2026-07-01 10:11:53,30315.50,30319.00,30315.25,30318.25,97,30317.50,30318.00,0.50
2026-07-01 10:11:54,30317.50,30319.00,30317.50,30318.00,46,30317.75,30318.25,0.50
2026-07-01 10:11:55,30317.75,30318.75,30316.75,30318.25,65,30319.50,30319.75,0.25
2026-07-01 10:11:56,30318.25,30320.75,30318.25,30319.50,84,30318.00,30318.50,0.50
2026-07-01 10:11:57,30319.25,30320.00,30318.00,30318.00,67,30318.00,30318.50,0.50
2026-07-01 10:11:58,30318.00,30318.50,30315.75,30315.75,81,30315.75,30316.25,0.50
2026-07-01 10:11:59,30315.75,30316.25,30314.25,30315.75,106,30314.25,30314.75,0.50
2026-07-01 10:12:00,30316.00,30316.25,30314.25,30314.25,49,30314.25,30314.75,0.50
2026-07-01 10:12:01,30314.50,30315.25,30312.25,30314.50,104,30314.25,30314.75,0.50
2026-07-01 10:12:02,30314.25,30315.00,30310.50,30312.50,127,30311.00,30311.50,0.50
2026-07-01 10:12:03,30312.50,30313.50,30308.75,30311.50,143,30314.75,30315.25,0.50
2026-07-01 10:12:04,30311.25,30315.00,30310.75,30315.00,113,30313.00,30313.50,0.50
2026-07-01 10:12:05,30315.50,30315.50,30312.50,30313.00,81,30316.25,30316.75,0.50
2026-07-01 10:12:06,30314.00,30318.25,30313.50,30316.75,124,30317.00,30317.50,0.50
2026-07-01 10:12:07,30316.75,30319.25,30316.75,30317.25,81,30320.25,30320.75,0.50
2026-07-01 10:12:08,30317.50,30321.75,30317.25,30320.50,150,30321.00,30321.50,0.50
2026-07-01 10:12:09,30320.75,30321.50,30319.75,30320.75,129,30322.00,30322.50,0.50
2026-07-01 10:12:10,30321.50,30323.50,30319.75,30322.00,249,30322.25,30322.75,0.50
2026-07-01 10:12:11,30321.75,30324.00,30321.50,30322.75,167,30322.50,30323.00,0.50
2026-07-01 10:12:12,30323.25,30324.00,30322.25,30323.00,110,30323.00,30323.25,0.25
2026-07-01 10:12:13,30323.00,30323.75,30322.25,30323.00,81,30323.25,30323.75,0.50
2026-07-01 10:12:14,30323.00,30324.00,30322.75,30323.75,116,30324.25,30324.75,0.50
2026-07-01 10:12:15,30323.25,30327.25,30323.25,30324.50,462,30322.75,30323.25,0.50
2026-07-01 10:12:16,30324.25,30325.25,30322.50,30322.50,156,30323.75,30324.25,0.50
2026-07-01 10:12:17,30323.25,30324.25,30322.75,30323.75,104,30323.50,30323.75,0.25
2026-07-01 10:12:18,30324.25,30324.25,30321.75,30323.75,144,30322.50,30323.00,0.50
2026-07-01 10:12:19,30323.50,30324.75,30322.00,30322.75,106,30321.75,30322.25,0.50
2026-07-01 10:12:20,30322.75,30323.00,30322.00,30322.00,57,30320.00,30320.50,0.50
2026-07-01 10:12:21,30321.75,30322.50,30319.75,30319.75,124,30319.00,30319.50,0.50
2026-07-01 10:12:22,30320.50,30320.75,30317.50,30319.25,151,30319.00,30319.25,0.25
2026-07-01 10:12:23,30320.50,30320.50,30317.00,30319.00,208,30317.00,30317.50,0.50
2026-07-01 10:12:24,30319.00,30319.25,30317.00,30317.00,107,30317.00,30317.50,0.50
2026-07-01 10:12:25,30317.50,30319.50,30317.00,30319.25,93,30319.00,30319.50,0.50
2026-07-01 10:12:26,30319.50,30319.50,30316.75,30318.00,168,30317.50,30318.00,0.50
2026-07-01 10:12:27,30318.00,30319.00,30317.50,30318.25,59,30316.50,30316.75,0.25
2026-07-01 10:12:28,30317.50,30317.50,30313.00,30317.25,216,30316.25,30316.50,0.25
2026-07-01 10:12:29,30316.25,30317.25,30315.00,30316.50,82,30316.50,30317.00,0.50
2026-07-01 10:12:30,30316.50,30317.50,30315.75,30316.50,79,30313.50,30314.00,0.50
2026-07-01 10:12:31,30317.00,30317.75,30313.75,30314.25,145,30313.50,30314.00,0.50
2026-07-01 10:12:32,30313.75,30316.25,30312.50,30316.25,154,30318.75,30319.25,0.50
2026-07-01 10:12:33,30316.50,30319.25,30316.25,30318.50,135,30315.25,30315.75,0.50
2026-07-01 10:12:34,30318.75,30318.75,30315.25,30315.25,103,30315.25,30315.50,0.25
2026-07-01 10:12:35,30315.75,30317.00,30314.50,30315.00,78,30314.00,30314.25,0.25
2026-07-01 10:12:36,30315.50,30316.00,30311.75,30314.50,125,30314.75,30315.25,0.50
2026-07-01 10:12:37,30314.25,30316.00,30313.00,30315.00,79,30314.00,30314.50,0.50
2026-07-01 10:12:38,30315.25,30315.50,30314.00,30314.50,56,30313.00,30313.50,0.50
2026-07-01 10:12:39,30314.00,30314.75,30313.25,30313.25,63,30313.25,30313.50,0.25
2026-07-01 10:12:40,30313.00,30314.25,30311.25,30313.50,181,30313.25,30313.50,0.25
2026-07-01 10:12:41,30313.25,30315.75,30313.00,30313.50,71,30315.00,30315.25,0.25
2026-07-01 10:12:42,30313.75,30315.00,30312.75,30315.00,104,30315.00,30315.25,0.25
2026-07-01 10:12:43,30315.00,30315.00,30312.25,30312.50,83,30313.75,30314.25,0.50
2026-07-01 10:12:44,30312.75,30316.00,30312.75,30313.75,145,30313.50,30314.00,0.50
2026-07-01 10:12:45,30314.00,30314.25,30313.25,30314.00,50,30313.25,30313.75,0.50
2026-07-01 10:12:46,30313.50,30314.00,30311.50,30313.50,115,30313.75,30314.25,0.50
2026-07-01 10:12:47,30313.25,30315.25,30312.75,30314.00,105,30315.00,30315.50,0.50
2026-07-01 10:12:48,30313.50,30315.75,30313.25,30315.25,61,30314.00,30314.50,0.50
2026-07-01 10:12:49,30315.00,30315.75,30314.00,30314.25,50,30312.75,30313.25,0.50
2026-07-01 10:12:50,30314.25,30314.50,30312.75,30312.75,50,30311.00,30311.50,0.50
2026-07-01 10:12:51,30312.75,30314.25,30310.00,30311.00,99,30311.50,30312.00,0.50
2026-07-01 10:12:52,30311.00,30311.75,30310.25,30311.75,76,30312.00,30312.25,0.25
2026-07-01 10:12:53,30311.50,30313.50,30311.00,30312.25,70,30314.00,30314.25,0.25
2026-07-01 10:12:54,30313.50,30314.25,30312.75,30313.75,71,30315.00,30315.50,0.50
2026-07-01 10:12:55,30314.25,30315.75,30313.25,30314.25,103,30316.50,30317.00,0.50
2026-07-01 10:12:56,30314.75,30317.25,30314.75,30316.75,107,30315.25,30315.75,0.50
2026-07-01 10:12:57,30316.50,30317.50,30312.75,30315.50,113,30316.50,30317.00,0.50
2026-07-01 10:12:58,30315.25,30318.75,30314.75,30316.75,96,30316.50,30317.00,0.50
2026-07-01 10:12:59,30316.75,30318.75,30315.00,30315.00,76,30315.75,30316.25,0.50
2026-07-01 10:13:00,30315.25,30317.00,30315.00,30316.25,69,30316.00,30316.50,0.50
2026-07-01 10:13:01,30315.75,30316.50,30314.50,30315.50,87,30317.00,30317.50,0.50
2026-07-01 10:13:02,30315.25,30317.75,30315.25,30317.50,47,30312.75,30313.25,0.50
2026-07-01 10:13:03,30317.25,30317.25,30314.75,30315.00,72,30312.75,30313.25,0.50
2026-07-01 10:13:04,30313.75,30313.75,30309.00,30310.50,186,30314.75,30315.25,0.50
2026-07-01 10:13:05,30310.50,30316.50,30310.50,30315.00,140,30315.00,30315.50,0.50
2026-07-01 10:13:06,30315.00,30316.75,30314.75,30315.25,83,30315.00,30315.50,0.50
2026-07-01 10:13:07,30315.25,30316.50,30313.75,30315.00,63,30314.75,30315.50,0.75
2026-07-01 10:13:08,30315.00,30315.50,30313.00,30313.25,72,30313.25,30313.75,0.50
2026-07-01 10:13:09,30313.25,30313.25,30310.75,30311.75,59,30310.50,30311.00,0.50
2026-07-01 10:13:10,30311.75,30312.00,30310.50,30310.75,67,30315.00,30315.50,0.50
2026-07-01 10:13:11,30311.00,30316.25,30311.00,30315.00,129,30313.00,30313.25,0.25
2026-07-01 10:13:12,30314.50,30314.50,30312.50,30313.50,60,30313.00,30313.25,0.25
2026-07-01 10:13:13,30312.50,30314.00,30311.75,30311.75,71,30315.00,30315.25,0.25
2026-07-01 10:13:14,30311.75,30315.25,30311.50,30315.25,45,30314.00,30314.50,0.50
2026-07-01 10:13:15,30314.75,30315.25,30312.00,30314.00,58,30305.25,30305.75,0.50
2026-07-01 10:13:16,30313.75,30313.75,30303.50,30305.75,543,30302.25,30302.75,0.50
2026-07-01 10:13:17,30305.75,30306.25,30299.25,30302.75,511,30297.50,30298.00,0.50
2026-07-01 10:13:18,30302.75,30303.25,30295.75,30297.75,426,30297.50,30298.00,0.50
2026-07-01 10:13:19,30297.50,30299.75,30297.00,30298.75,237,30299.75,30300.25,0.50
2026-07-01 10:13:20,30298.50,30300.75,30298.00,30299.50,143,30299.25,30299.50,0.25
2026-07-01 10:13:21,30300.00,30302.00,30298.50,30299.50,132,30298.00,30298.25,0.25
2026-07-01 10:13:22,30299.50,30301.25,30298.00,30298.50,151,30297.75,30298.25,0.50
2026-07-01 10:13:23,30298.25,30300.25,30296.75,30297.75,98,30294.50,30295.00,0.50
2026-07-01 10:13:24,30297.25,30297.50,30291.25,30294.75,300,30292.00,30292.50,0.50
2026-07-01 10:13:25,30294.50,30294.50,30292.50,30293.00,141,30292.00,30292.50,0.50
2026-07-01 10:13:26,30292.50,30293.50,30290.00,30292.00,222,30291.00,30291.50,0.50
2026-07-01 10:13:27,30291.75,30293.25,30291.00,30291.25,174,30291.25,30291.75,0.50
2026-07-01 10:13:28,30291.00,30292.00,30288.50,30291.00,189,30291.25,30291.75,0.50
2026-07-01 10:13:29,30291.50,30292.50,30288.75,30291.75,170,30289.75,30290.25,0.50
2026-07-01 10:13:30,30291.75,30291.75,30289.00,30290.25,96,30288.50,30288.75,0.25
2026-07-01 10:13:31,30290.25,30291.25,30288.25,30288.50,177,30289.50,30289.75,0.25
2026-07-01 10:13:32,30289.00,30290.75,30285.75,30289.25,228,30290.75,30291.25,0.50
2026-07-01 10:13:33,30290.00,30291.25,30288.50,30291.00,84,30293.00,30293.50,0.50
2026-07-01 10:13:34,30291.25,30294.25,30289.50,30293.25,194,30293.50,30294.00,0.50
2026-07-01 10:13:35,30292.75,30295.50,30292.75,30293.50,146,30298.75,30299.00,0.25
2026-07-01 10:13:36,30294.50,30299.75,30294.50,30299.25,204,30299.25,30299.75,0.50
2026-07-01 10:13:37,30299.25,30300.75,30299.25,30299.25,157,30299.50,30299.75,0.25
2026-07-01 10:13:38,30299.50,30300.00,30297.25,30299.25,83,30297.00,30297.50,0.50
2026-07-01 10:13:39,30299.75,30299.75,30296.75,30296.75,106,30297.75,30298.25,0.50
2026-07-01 10:13:40,30297.50,30302.50,30297.25,30297.75,210,30297.75,30298.25,0.50
2026-07-01 10:13:41,30298.00,30299.75,30297.25,30299.00,132,30298.75,30299.25,0.50
2026-07-01 10:13:42,30299.00,30300.25,30297.75,30299.25,79,30299.75,30300.25,0.50
2026-07-01 10:13:43,30299.00,30301.50,30298.50,30299.75,176,30302.50,30303.00,0.50
2026-07-01 10:13:44,30300.25,30306.50,30300.00,30302.75,315,30303.50,30304.00,0.50
2026-07-01 10:13:45,30303.00,30305.75,30302.75,30303.50,143,30304.50,30305.00,0.50
2026-07-01 10:13:46,30303.75,30306.00,30303.50,30304.75,158,30303.75,30304.25,0.50
2026-07-01 10:13:47,30304.25,30304.25,30303.00,30303.75,51,30303.75,30304.25,0.50
2026-07-01 10:13:48,30303.75,30305.00,30302.00,30303.50,89,30303.50,30304.00,0.50
2026-07-01 10:13:49,30304.25,30305.25,30303.50,30304.75,68,30306.25,30306.50,0.25
2026-07-01 10:13:50,30304.25,30306.75,30304.25,30305.50,92,30306.25,30306.50,0.25
2026-07-01 10:13:51,30306.25,30309.00,30305.25,30307.50,179,30309.25,30309.75,0.50
2026-07-01 10:13:52,30308.50,30310.50,30307.25,30309.00,119,30308.75,30309.25,0.50
2026-07-01 10:13:53,30309.50,30310.00,30308.75,30309.25,127,30309.75,30310.25,0.50
2026-07-01 10:13:54,30309.25,30310.25,30308.00,30310.25,82,30309.75,30310.00,0.25
2026-07-01 10:13:55,30310.25,30311.25,30309.25,30310.00,114,30309.75,30310.00,0.25
2026-07-01 10:13:56,30309.75,30320.00,30308.25,30320.00,450,30320.00,30320.50,0.50
2026-07-01 10:13:57,30320.00,30320.50,30318.50,30319.00,269,30315.75,30316.25,0.50
2026-07-01 10:13:58,30319.00,30319.50,30315.50,30316.50,193,30316.75,30317.25,0.50
2026-07-01 10:13:59,30316.25,30317.75,30315.50,30316.75,166,30314.50,30315.00,0.50
2026-07-01 10:14:00,30316.75,30318.25,30314.00,30314.00,112,30318.75,30319.00,0.25
2026-07-01 10:14:01,30314.50,30319.25,30313.50,30319.25,157,30320.00,30320.25,0.25
2026-07-01 10:14:02,30318.50,30320.75,30318.50,30320.25,168,30315.50,30316.00,0.50
2026-07-01 10:14:03,30320.00,30320.00,30314.75,30315.75,203,30317.50,30318.00,0.50
2026-07-01 10:14:04,30315.50,30318.75,30315.50,30317.25,88,30317.00,30317.50,0.50
2026-07-01 10:14:05,30318.25,30319.25,30316.00,30317.75,163,30317.00,30317.50,0.50
2026-07-01 10:14:06,30317.00,30319.00,30316.75,30317.25,132,30315.75,30316.25,0.50
2026-07-01 10:14:07,30317.50,30317.50,30315.25,30316.00,72,30316.00,30316.50,0.50
2026-07-01 10:14:08,30316.25,30317.75,30315.00,30316.25,106,30317.50,30318.00,0.50
2026-07-01 10:14:09,30316.00,30318.25,30314.50,30318.00,111,30319.25,30319.75,0.50
2026-07-01 10:14:10,30317.75,30320.50,30317.50,30319.75,108,30319.00,30319.50,0.50
2026-07-01 10:14:11,30318.75,30320.00,30317.75,30319.00,113,30318.00,30318.50,0.50
2026-07-01 10:14:12,30319.25,30321.50,30316.50,30318.25,180,30320.00,30320.50,0.50
2026-07-01 10:14:13,30318.25,30320.25,30318.00,30320.25,41,30317.50,30318.00,0.50
2026-07-01 10:14:14,30320.00,30320.25,30317.25,30317.75,83,30317.50,30318.00,0.50
2026-07-01 10:14:15,30317.75,30319.25,30316.75,30319.25,123,30319.25,30319.50,0.25
2026-07-01 10:14:16,30319.25,30321.75,30319.00,30320.50,108,30321.00,30321.50,0.50
2026-07-01 10:14:17,30320.25,30322.50,30319.50,30321.25,175,30321.00,30321.50,0.50
2026-07-01 10:14:18,30321.50,30322.75,30319.00,30321.25,97,30321.00,30321.50,0.50
2026-07-01 10:14:19,30321.25,30321.25,30318.00,30318.00,65,30316.75,30317.25,0.50
2026-07-01 10:14:20,30318.00,30319.50,30316.00,30317.00,126,30318.25,30318.75,0.50
2026-07-01 10:14:21,30317.00,30318.75,30315.50,30318.50,109,30320.75,30321.25,0.50
2026-07-01 10:14:22,30318.50,30322.75,30318.00,30321.75,147,30320.75,30321.25,0.50
2026-07-01 10:14:23,30321.25,30321.50,30318.75,30319.50,98,30315.00,30315.50,0.50
2026-07-01 10:14:24,30319.25,30319.25,30312.75,30315.00,182,30314.25,30314.75,0.50
2026-07-01 10:14:25,30314.75,30316.00,30313.50,30315.25,78,30311.50,30312.00,0.50
2026-07-01 10:14:26,30314.75,30315.00,30310.25,30311.75,160,30306.50,30307.00,0.50
2026-07-01 10:14:27,30311.50,30311.50,30305.25,30306.50,279,30303.75,30304.25,0.50
2026-07-01 10:14:28,30306.25,30307.25,30302.75,30303.75,286,30304.00,30304.50,0.50
2026-07-01 10:14:29,30303.75,30305.25,30300.75,30304.25,229,30302.50,30303.00,0.50
2026-07-01 10:14:30,30304.00,30305.50,30302.50,30303.00,145,30302.25,30302.75,0.50
2026-07-01 10:14:31,30303.00,30303.50,30301.75,30303.00,112,30303.00,30303.50,0.50
2026-07-01 10:14:32,30302.25,30303.00,30300.50,30302.25,102,30302.50,30302.75,0.25
2026-07-01 10:14:33,30303.50,30303.75,30301.75,30302.75,77,30303.00,30303.50,0.50
2026-07-01 10:14:34,30302.50,30303.75,30301.75,30303.50,58,30301.25,30301.50,0.25
2026-07-01 10:14:35,30304.00,30304.25,30300.75,30301.25,101,30299.25,30299.75,0.50
2026-07-01 10:14:36,30301.50,30302.00,30298.25,30299.75,188,30301.00,30301.50,0.50
2026-07-01 10:14:37,30299.50,30302.50,30299.50,30301.25,99,30301.50,30302.00,0.50
2026-07-01 10:14:38,30300.75,30302.25,30300.50,30302.00,66,30297.75,30298.25,0.50
2026-07-01 10:14:39,30301.50,30301.50,30297.50,30297.75,103,30297.75,30298.25,0.50
2026-07-01 10:14:40,30297.75,30298.50,30294.50,30296.75,243,30300.75,30301.25,0.50
2026-07-01 10:14:41,30296.75,30301.50,30296.00,30301.00,169,30298.75,30299.25,0.50
2026-07-01 10:14:42,30301.25,30301.25,30298.00,30299.25,88,30297.00,30297.25,0.25
2026-07-01 10:14:43,30299.50,30299.75,30297.00,30297.00,96,30295.50,30296.00,0.50
2026-07-01 10:14:44,30296.50,30299.00,30295.00,30295.50,175,30295.00,30295.50,0.50
2026-07-01 10:14:45,30295.00,30295.75,30294.00,30295.00,178,30291.50,30292.00,0.50
2026-07-01 10:14:46,30295.00,30295.25,30292.75,30292.75,110,30291.50,30292.00,0.50
2026-07-01 10:14:47,30292.50,30292.75,30290.00,30290.25,204,30289.50,30289.75,0.25
2026-07-01 10:14:48,30289.75,30291.25,30288.50,30290.25,155,30283.75,30284.25,0.50
2026-07-01 10:14:49,30290.50,30291.00,30278.75,30284.00,880,30283.75,30284.25,0.50
2026-07-01 10:14:50,30284.00,30284.25,30281.00,30281.75,251,30281.50,30282.00,0.50
2026-07-01 10:14:51,30282.50,30283.25,30280.50,30281.75,260,30281.50,30282.00,0.50
2026-07-01 10:14:52,30281.50,30283.00,30281.00,30281.25,117,30283.00,30283.50,0.50
2026-07-01 10:14:53,30281.25,30284.25,30279.75,30283.25,136,30283.00,30283.50,0.50
2026-07-01 10:14:54,30283.50,30284.00,30282.50,30282.75,89,30284.75,30285.00,0.25
2026-07-01 10:14:55,30283.50,30286.50,30283.25,30285.00,157,30284.75,30285.00,0.25
2026-07-01 10:14:56,30284.75,30287.75,30284.50,30284.50,146,30285.00,30285.50,0.50
2026-07-01 10:14:57,30285.00,30286.25,30283.75,30285.25,88,30285.00,30285.50,0.50
2026-07-01 10:14:58,30285.00,30286.75,30285.00,30285.25,61,30286.75,30287.25,0.50
2026-07-01 10:14:59,30285.75,30287.25,30284.25,30286.75,110,30287.00,30287.50,0.50
2026-07-01 10:15:00,30286.75,30288.00,30286.25,30287.25,81,30286.00,30286.25,0.25
2026-07-01 10:15:01,30287.00,30288.75,30285.75,30286.25,260,30290.00,30290.50,0.50
2026-07-01 10:15:02,30286.25,30291.50,30283.75,30290.00,266,30285.25,30285.75,0.50
2026-07-01 10:15:03,30290.25,30291.25,30283.50,30285.50,155,30282.00,30282.50,0.50
2026-07-01 10:15:04,30285.00,30286.75,30281.75,30282.50,191,30283.00,30283.75,0.75
2026-07-01 10:15:05,30282.50,30283.50,30280.25,30283.50,183,30283.00,30283.75,0.75
2026-07-01 10:15:06,30283.25,30283.25,30280.00,30281.50,181,30283.00,30283.50,0.50
2026-07-01 10:15:07,30282.25,30283.75,30280.75,30282.75,134,30284.75,30285.25,0.50
2026-07-01 10:15:08,30283.50,30285.25,30282.25,30284.75,103,30284.75,30285.25,0.50
2026-07-01 10:15:09,30285.25,30287.25,30284.00,30286.50,128,30289.25,30289.75,0.50
2026-07-01 10:15:10,30286.75,30290.25,30286.25,30289.50,109,30288.25,30288.50,0.25
2026-07-01 10:15:11,30290.25,30292.00,30287.00,30288.50,168,30289.25,30289.75,0.50
2026-07-01 10:15:12,30289.25,30290.00,30287.00,30289.75,160,30288.50,30289.00,0.50
2026-07-01 10:15:13,30290.00,30290.50,30288.75,30289.00,55,30292.00,30292.25,0.25
2026-07-01 10:15:14,30288.75,30292.00,30288.50,30291.50,89,30292.00,30292.25,0.25
2026-07-01 10:15:15,30292.00,30297.00,30292.00,30295.00,322,30294.25,30294.50,0.25
2026-07-01 10:15:16,30294.75,30296.50,30292.50,30295.75,187,30295.75,30296.00,0.25
2026-07-01 10:15:17,30296.00,30300.25,30296.00,30298.50,197,30298.25,30298.75,0.50
2026-07-01 10:15:18,30298.50,30299.50,30297.00,30297.00,177,30296.50,30296.75,0.25
2026-07-01 10:15:19,30296.75,30297.00,30294.75,30296.25,118,30294.00,30294.50,0.50
2026-07-01 10:15:20,30296.00,30299.00,30294.25,30294.75,95,30296.00,30296.50,0.50
2026-07-01 10:15:21,30294.00,30296.50,30294.00,30296.50,71,30296.00,30296.50,0.50
2026-07-01 10:15:22,30296.50,30297.00,30294.25,30296.25,77,30295.25,30295.75,0.50
2026-07-01 10:15:23,30296.00,30297.75,30295.50,30295.50,78,30299.25,30299.50,0.25
2026-07-01 10:15:24,30296.00,30299.25,30295.75,30299.25,38,30295.25,30295.75,0.50
2026-07-01 10:15:25,30299.25,30299.50,30291.00,30295.75,255,30294.75,30295.00,0.25
2026-07-01 10:15:26,30295.00,30296.00,30294.50,30294.75,72,30297.25,30297.50,0.25
2026-07-01 10:15:27,30294.75,30297.75,30294.50,30297.50,66,30294.75,30295.25,0.50
2026-07-01 10:15:28,30296.75,30297.00,30294.00,30295.25,66,30292.50,30293.00,0.50
2026-07-01 10:15:29,30294.75,30296.50,30292.75,30292.75,113,30287.75,30288.25,0.50
2026-07-01 10:15:30,30292.25,30293.00,30287.75,30288.00,175,30287.50,30288.00,0.50
2026-07-01 10:15:31,30288.00,30290.00,30287.75,30287.75,127,30285.00,30285.50,0.50
2026-07-01 10:15:32,30287.25,30287.50,30284.50,30285.50,151,30288.75,30289.25,0.50
2026-07-01 10:15:33,30284.75,30289.25,30283.75,30289.00,177,30289.00,30289.50,0.50
2026-07-01 10:15:34,30289.25,30289.50,30286.75,30289.50,91,30288.50,30289.00,0.50
2026-07-01 10:15:35,30289.25,30290.50,30287.75,30288.75,89,30288.50,30289.00,0.50
2026-07-01 10:15:36,30288.50,30291.50,30288.50,30288.50,115,30286.25,30286.75,0.50
2026-07-01 10:15:37,30288.75,30289.75,30286.25,30287.00,124,30286.25,30286.75,0.50
2026-07-01 10:15:38,30286.75,30286.75,30284.25,30286.50,126,30285.25,30285.50,0.25
2026-07-01 10:15:39,30286.75,30286.75,30284.50,30285.25,103,30283.25,30283.75,0.50
2026-07-01 10:15:40,30285.25,30286.25,30282.50,30283.75,164,30283.00,30283.50,0.50
2026-07-01 10:15:41,30283.75,30284.25,30282.25,30283.50,118,30284.00,30284.25,0.25
2026-07-01 10:15:42,30283.25,30285.00,30280.50,30284.25,181,30282.25,30282.50,0.25
2026-07-01 10:15:43,30284.00,30284.00,30281.25,30282.25,148,30282.25,30282.50,0.25
2026-07-01 10:15:44,30282.25,30282.75,30275.75,30277.50,511,30278.50,30279.00,0.50
2026-07-01 10:15:45,30277.75,30280.25,30276.50,30279.00,367,30282.75,30283.25,0.50
2026-07-01 10:15:46,30279.00,30283.25,30278.25,30282.75,305,30282.75,30283.25,0.50
2026-07-01 10:15:47,30283.00,30285.75,30282.75,30285.50,123,30285.50,30285.75,0.25
2026-07-01 10:15:48,30285.25,30285.50,30281.75,30282.25,95,30283.75,30284.25,0.50
2026-07-01 10:15:49,30282.25,30283.75,30281.75,30283.75,71,30281.50,30282.00,0.50
2026-07-01 10:15:50,30284.25,30285.75,30281.25,30282.00,99,30283.25,30283.50,0.25
2026-07-01 10:15:51,30282.25,30283.50,30281.00,30282.75,92,30282.00,30282.50,0.50
2026-07-01 10:15:52,30283.25,30283.25,30280.25,30282.25,100,30281.75,30282.25,0.50
2026-07-01 10:15:53,30282.00,30283.75,30280.75,30281.50,94,30281.75,30282.25,0.50
2026-07-01 10:15:54,30281.75,30282.75,30281.25,30281.75,100,30278.25,30278.75,0.50
2026-07-01 10:15:55,30281.50,30282.00,30277.00,30278.25,135,30276.75,30277.00,0.25
2026-07-01 10:15:56,30278.75,30278.75,30275.00,30276.75,182,30276.25,30276.75,0.50
2026-07-01 10:15:57,30276.50,30276.75,30275.00,30276.25,140,30276.25,30276.75,0.50
2026-07-01 10:15:58,30276.50,30278.50,30275.50,30276.00,135,30274.50,30274.75,0.25
2026-07-01 10:15:59,30276.50,30277.75,30273.75,30274.00,183,30274.50,30274.75,0.25
2026-07-01 10:16:00,30274.50,30276.00,30272.25,30274.25,244,30272.50,30273.00,0.50
2026-07-01 10:16:01,30274.25,30275.75,30272.50,30272.75,210,30278.75,30279.00,0.25
2026-07-01 10:16:02,30273.00,30279.50,30272.75,30279.00,224,30281.00,30281.50,0.50
2026-07-01 10:16:03,30278.75,30281.75,30278.50,30281.50,283,30280.75,30281.25,0.50
2026-07-01 10:16:04,30281.00,30283.00,30280.50,30281.75,223,30279.50,30280.00,0.50
2026-07-01 10:16:05,30281.50,30281.50,30279.50,30279.50,64,30280.75,30281.25,0.50
2026-07-01 10:16:06,30280.25,30280.50,30278.75,30280.25,128,30280.75,30281.25,0.50
2026-07-01 10:16:07,30281.00,30281.75,30277.50,30278.75,189,30280.50,30281.00,0.50
2026-07-01 10:16:08,30279.00,30281.50,30278.25,30281.25,92,30280.50,30281.00,0.50
2026-07-01 10:16:09,30280.75,30282.25,30279.00,30281.00,176,30281.25,30281.75,0.50
2026-07-01 10:16:10,30281.25,30282.00,30280.50,30281.25,73,30276.75,30277.25,0.50
2026-07-01 10:16:11,30281.75,30282.25,30273.50,30277.00,239,30280.00,30280.25,0.25
2026-07-01 10:16:12,30277.25,30279.75,30277.25,30279.50,109,30280.00,30280.25,0.25
2026-07-01 10:16:13,30279.75,30281.00,30278.75,30280.00,78,30278.75,30279.00,0.25
2026-07-01 10:16:14,30280.50,30281.75,30278.25,30279.00,81,30278.00,30278.50,0.50
2026-07-01 10:16:15,30278.50,30279.50,30276.00,30278.50,132,30279.25,30279.75,0.50
2026-07-01 10:16:16,30277.75,30280.00,30277.75,30280.00,69,30279.00,30279.50,0.50
2026-07-01 10:16:17,30279.75,30280.00,30278.25,30279.00,58,30278.00,30278.50,0.50
2026-07-01 10:16:18,30279.00,30280.75,30277.75,30278.50,137,30280.75,30281.25,0.50
2026-07-01 10:16:19,30278.50,30281.75,30278.00,30281.00,78,30276.75,30277.25,0.50
2026-07-01 10:16:20,30281.00,30281.00,30276.25,30277.00,73,30271.50,30272.00,0.50
2026-07-01 10:16:21,30277.00,30279.25,30269.50,30272.00,326,30275.00,30275.50,0.50
2026-07-01 10:16:22,30271.75,30275.25,30271.50,30275.25,122,30275.00,30275.50,0.50
2026-07-01 10:16:23,30275.25,30279.00,30273.75,30276.75,221,30277.00,30277.50,0.50
2026-07-01 10:16:24,30277.00,30280.75,30276.50,30279.25,142,30279.75,30280.00,0.25
2026-07-01 10:16:25,30280.00,30282.75,30279.75,30280.25,121,30278.50,30279.00,0.50
2026-07-01 10:16:26,30280.25,30280.50,30278.25,30279.00,89,30278.50,30279.00,0.50
2026-07-01 10:16:27,30279.00,30280.50,30277.50,30278.75,81,30275.00,30275.50,0.50
2026-07-01 10:16:28,30279.00,30279.00,30274.75,30275.25,106,30268.25,30268.75,0.50
2026-07-01 10:16:29,30275.50,30275.75,30268.00,30268.50,318,30268.25,30268.75,0.50
2026-07-01 10:16:30,30268.25,30268.75,30264.00,30264.25,430,30261.00,30261.50,0.50
2026-07-01 10:16:31,30264.50,30266.25,30260.75,30260.75,483,30260.50,30261.00,0.50
2026-07-01 10:16:32,30261.50,30261.75,30258.75,30261.25,396,30259.50,30260.00,0.50
2026-07-01 10:16:33,30260.50,30260.50,30258.00,30260.00,266,30258.00,30258.50,0.50
2026-07-01 10:16:34,30259.75,30259.75,30257.00,30258.00,191,30260.50,30261.00,0.50
2026-07-01 10:16:35,30258.50,30263.50,30258.25,30261.00,248,30262.00,30262.50,0.50
2026-07-01 10:16:36,30260.75,30264.00,30260.00,30262.25,330,30262.00,30262.50,0.50
2026-07-01 10:16:37,30262.75,30264.00,30258.25,30258.50,209,30258.25,30258.50,0.25
2026-07-01 10:16:38,30258.75,30259.50,30255.50,30258.50,308,30258.25,30258.50,0.25
2026-07-01 10:16:39,30258.50,30258.75,30252.75,30255.00,364,30252.00,30252.50,0.50
2026-07-01 10:16:40,30255.00,30255.25,30251.50,30251.75,272,30252.00,30252.50,0.50
2026-07-01 10:16:41,30252.25,30257.25,30251.25,30257.00,314,30257.00,30257.50,0.50
2026-07-01 10:16:42,30257.00,30259.75,30256.75,30257.75,264,30258.25,30258.75,0.50
2026-07-01 10:16:43,30258.25,30260.25,30257.75,30258.50,106,30260.75,30261.25,0.50
2026-07-01 10:16:44,30258.25,30261.75,30258.00,30261.75,187,30260.75,30261.25,0.50
2026-07-01 10:16:45,30261.00,30261.50,30258.75,30261.25,157,30260.25,30260.75,0.50
2026-07-01 10:16:46,30261.50,30262.00,30259.00,30261.25,185,30260.25,30260.75,0.50
2026-07-01 10:16:47,30260.50,30263.25,30260.00,30261.75,120,30262.25,30262.75,0.50
2026-07-01 10:16:48,30262.75,30265.75,30262.25,30264.00,224,30264.00,30264.50,0.50
2026-07-01 10:16:49,30264.50,30266.50,30263.25,30266.00,118,30264.00,30264.50,0.50
2026-07-01 10:16:50,30265.50,30265.50,30263.50,30264.00,129,30264.00,30264.50,0.50
2026-07-01 10:16:51,30264.25,30268.25,30264.25,30267.25,119,30265.00,30265.50,0.50
2026-07-01 10:16:52,30267.25,30267.50,30264.75,30265.75,114,30267.00,30267.25,0.25
2026-07-01 10:16:53,30265.50,30268.25,30265.25,30268.00,86,30270.75,30271.25,0.50
2026-07-01 10:16:54,30267.00,30272.25,30266.25,30271.25,157,30277.00,30277.50,0.50
2026-07-01 10:16:55,30271.00,30277.75,30270.50,30277.00,315,30276.50,30277.00,0.50
2026-07-01 10:16:56,30277.50,30279.00,30276.75,30277.00,186,30276.50,30277.00,0.50
2026-07-01 10:16:57,30276.75,30277.25,30274.50,30275.50,137,30275.00,30275.50,0.50
2026-07-01 10:16:58,30275.25,30276.75,30274.75,30275.25,117,30278.75,30279.25,0.50
2026-07-01 10:16:59,30275.50,30279.50,30274.50,30279.25,125,30279.75,30280.25,0.50
2026-07-01 10:17:00,30279.25,30284.00,30278.75,30280.25,302,30274.00,30274.50,0.50
2026-07-01 10:17:01,30280.25,30280.50,30273.75,30273.75,285,30270.25,30270.75,0.50
2026-07-01 10:17:02,30274.25,30275.50,30270.25,30270.25,188,30270.25,30270.75,0.50
2026-07-01 10:17:03,30270.50,30273.50,30270.00,30273.00,153,30274.00,30274.50,0.50
2026-07-01 10:17:04,30273.25,30278.75,30273.25,30274.00,187,30273.25,30273.75,0.50
2026-07-01 10:17:05,30274.50,30275.75,30273.00,30274.00,105,30271.25,30272.00,0.75
2026-07-01 10:17:06,30273.75,30279.00,30271.25,30272.00,315,30271.25,30272.00,0.75
2026-07-01 10:17:07,30271.75,30274.25,30271.25,30273.00,66,30274.25,30274.75,0.50
2026-07-01 10:17:08,30273.00,30275.00,30272.75,30274.50,91,30274.50,30275.25,0.75
2026-07-01 10:17:09,30274.25,30276.75,30274.25,30275.00,79,30278.00,30278.50,0.50
2026-07-01 10:17:10,30275.25,30279.25,30274.75,30278.00,150,30277.50,30278.00,0.50
2026-07-01 10:17:11,30278.00,30278.25,30274.25,30277.75,101,30284.50,30285.00,0.50
2026-07-01 10:17:12,30277.75,30285.50,30275.75,30285.25,293,30284.50,30285.00,0.50
2026-07-01 10:17:13,30285.00,30290.50,30284.75,30289.50,483,30289.75,30290.25,0.50
2026-07-01 10:17:14,30290.00,30291.25,30286.75,30287.00,498,30286.75,30287.25,0.50
2026-07-01 10:17:15,30287.75,30288.25,30286.00,30287.00,152,30289.25,30289.75,0.50
2026-07-01 10:17:16,30286.75,30290.50,30286.50,30288.50,150,30288.00,30288.50,0.50
2026-07-01 10:17:17,30289.75,30291.50,30287.25,30288.25,139,30285.00,30285.50,0.50
2026-07-01 10:17:18,30288.50,30290.50,30284.75,30285.50,158,30285.00,30285.50,0.50
2026-07-01 10:17:19,30285.25,30286.25,30282.25,30283.25,141,30281.25,30281.75,0.50
2026-07-01 10:17:20,30283.75,30283.75,30280.75,30281.75,126,30282.75,30283.25,0.50
2026-07-01 10:17:21,30281.00,30283.00,30280.75,30282.50,175,30278.00,30278.50,0.50
2026-07-01 10:17:22,30283.25,30283.25,30277.00,30279.00,162,30278.50,30279.00,0.50
2026-07-01 10:17:23,30278.00,30279.75,30277.50,30279.00,108,30281.75,30282.25,0.50
2026-07-01 10:17:24,30278.50,30283.00,30278.00,30281.75,102,30280.50,30281.00,0.50
2026-07-01 10:17:25,30282.00,30282.75,30279.25,30281.00,84,30283.00,30283.25,0.25
2026-07-01 10:17:26,30281.00,30283.50,30280.75,30283.00,81,30283.75,30284.25,0.50
2026-07-01 10:17:27,30283.50,30284.50,30282.25,30283.75,90,30282.75,30283.25,0.50
2026-07-01 10:17:28,30284.00,30284.75,30282.00,30283.25,76,30282.50,30283.00,0.50
2026-07-01 10:17:29,30283.50,30283.75,30281.25,30283.00,82,30283.75,30284.25,0.50
2026-07-01 10:17:30,30282.25,30285.25,30282.25,30284.00,60,30286.50,30287.00,0.50
2026-07-01 10:17:31,30284.25,30287.25,30284.00,30287.00,77,30286.00,30286.50,0.50
2026-07-01 10:17:32,30287.00,30287.25,30285.50,30286.25,75,30285.75,30286.25,0.50
2026-07-01 10:17:33,30286.00,30288.75,30285.00,30286.25,113,30286.00,30286.50,0.50
2026-07-01 10:17:34,30285.75,30286.75,30284.50,30286.50,107,30284.75,30285.25,0.50
2026-07-01 10:17:35,30286.50,30286.75,30284.75,30285.25,44,30286.50,30286.75,0.25
2026-07-01 10:17:36,30285.25,30288.50,30285.25,30286.75,70,30286.50,30286.75,0.25
2026-07-01 10:17:37,30286.75,30287.00,30285.50,30286.50,74,30283.50,30283.75,0.25
2026-07-01 10:17:38,30287.25,30287.25,30282.50,30283.75,159,30288.75,30289.25,0.50
2026-07-01 10:17:39,30283.75,30289.25,30283.75,30289.25,113,30288.25,30288.75,0.50
2026-07-01 10:17:40,30288.75,30290.25,30287.75,30288.25,127,30288.50,30289.00,0.50
2026-07-01 10:17:41,30288.50,30290.25,30286.50,30288.75,116,30289.50,30290.00,0.50
2026-07-01 10:17:42,30289.00,30290.50,30288.75,30289.50,36,30292.00,30292.25,0.25
2026-07-01 10:17:43,30290.00,30293.75,30290.00,30292.25,531,30293.50,30294.00,0.50
2026-07-01 10:17:44,30292.00,30294.25,30291.75,30294.00,170,30291.50,30292.00,0.50
2026-07-01 10:17:45,30294.00,30294.00,30291.50,30291.75,137,30288.25,30288.50,0.25
2026-07-01 10:17:46,30291.50,30291.75,30287.75,30288.75,205,30289.50,30289.75,0.25
2026-07-01 10:17:47,30288.25,30290.25,30286.25,30290.25,130,30291.25,30291.75,0.50
2026-07-01 10:17:48,30289.50,30292.00,30289.25,30291.25,42,30293.25,30293.75,0.50
2026-07-01 10:17:49,30291.50,30293.75,30291.00,30293.75,77,30295.00,30295.50,0.50
2026-07-01 10:17:50,30293.75,30295.75,30293.75,30295.75,123,30293.25,30293.75,0.50
2026-07-01 10:17:51,30295.00,30295.75,30292.50,30293.50,111,30293.25,30293.75,0.50
2026-07-01 10:17:52,30293.25,30294.25,30292.75,30293.00,92,30292.75,30293.25,0.50
2026-07-01 10:17:53,30293.25,30294.25,30292.25,30293.00,111,30297.50,30298.00,0.50
2026-07-01 10:17:54,30292.75,30298.00,30292.75,30297.50,169,30297.50,30298.00,0.50
2026-07-01 10:17:55,30297.50,30299.50,30297.00,30298.25,215,30298.00,30298.50,0.50
2026-07-01 10:17:56,30298.25,30300.00,30296.00,30299.75,210,30299.50,30299.75,0.25
2026-07-01 10:17:57,30299.75,30300.00,30298.00,30299.75,135,30299.00,30299.75,0.75
2026-07-01 10:17:58,30299.50,30303.50,30298.75,30302.00,295,30301.50,30302.00,0.50
2026-07-01 10:17:59,30302.25,30304.00,30301.25,30303.25,153,30305.75,30306.25,0.50
2026-07-01 10:18:00,30303.00,30307.00,30303.00,30306.00,287,30305.75,30306.25,0.50
2026-07-01 10:18:01,30306.00,30309.00,30305.00,30308.00,306,30305.50,30306.00,0.50
2026-07-01 10:18:02,30308.25,30309.25,30305.25,30305.75,227,30305.75,30306.25,0.50
2026-07-01 10:18:03,30306.00,30307.50,30305.75,30306.25,231,30305.75,30306.25,0.50
2026-07-01 10:18:04,30305.75,30307.75,30304.75,30305.50,119,30299.25,30299.75,0.50
2026-07-01 10:18:05,30305.75,30305.75,30299.00,30299.00,296,30301.25,30301.50,0.25
2026-07-01 10:18:06,30299.75,30302.00,30299.25,30301.00,140,30303.00,30303.50,0.50
2026-07-01 10:18:07,30301.25,30304.50,30300.75,30303.75,153,30303.00,30303.25,0.25
2026-07-01 10:18:08,30303.50,30303.50,30301.75,30303.00,53,30302.00,30302.50,0.50
2026-07-01 10:18:09,30303.00,30303.25,30300.75,30302.25,104,30303.75,30304.00,0.25
2026-07-01 10:18:10,30302.50,30306.00,30301.75,30304.25,98,30305.00,30305.50,0.50
2026-07-01 10:18:11,30304.00,30305.25,30303.25,30305.25,114,30303.00,30303.50,0.50
2026-07-01 10:18:12,30305.00,30305.25,30302.75,30303.25,65,30303.00,30303.50,0.50
2026-07-01 10:18:13,30303.75,30308.00,30300.75,30308.00,255,30306.50,30307.00,0.50
2026-07-01 10:18:14,30307.50,30308.25,30306.00,30306.75,131,30305.75,30306.25,0.50
2026-07-01 10:18:15,30307.00,30307.75,30303.50,30306.25,118,30309.75,30310.25,0.50
2026-07-01 10:18:16,30305.75,30311.25,30305.25,30309.75,201,30309.75,30310.50,0.75
2026-07-01 10:18:17,30309.50,30310.75,30309.00,30310.50,117,30307.25,30307.75,0.50
2026-07-01 10:18:18,30310.25,30310.75,30307.75,30307.75,150,30309.25,30309.75,0.50
2026-07-01 10:18:19,30307.50,30309.50,30307.50,30309.25,73,30309.50,30310.00,0.50
2026-07-01 10:18:20,30309.75,30311.00,30309.25,30310.25,68,30311.00,30311.50,0.50
2026-07-01 10:18:21,30310.00,30313.75,30309.75,30311.50,264,30311.00,30311.50,0.50
2026-07-01 10:18:22,30311.50,30313.00,30308.00,30308.50,136,30304.50,30305.00,0.50
2026-07-01 10:18:23,30308.25,30308.50,30302.50,30305.00,242,30304.75,30305.25,0.50
2026-07-01 10:18:24,30305.00,30306.75,30304.25,30304.75,76,30303.50,30303.75,0.25
2026-07-01 10:18:25,30306.25,30308.00,30303.50,30303.75,118,30304.50,30305.00,0.50
2026-07-01 10:18:26,30303.50,30305.50,30303.25,30305.00,109,30305.00,30305.25,0.25
2026-07-01 10:18:27,30305.00,30305.25,30303.00,30304.75,47,30305.25,30305.75,0.50
2026-07-01 10:18:28,30305.25,30305.75,30304.50,30305.50,54,30305.75,30306.25,0.50
2026-07-01 10:18:29,30305.50,30307.00,30304.50,30306.25,120,30306.50,30307.00,0.50
2026-07-01 10:18:30,30305.50,30307.00,30304.50,30306.50,61,30309.50,30309.75,0.25
2026-07-01 10:18:31,30307.00,30309.75,30306.75,30309.75,117,30308.00,30308.25,0.25
2026-07-01 10:18:32,30309.50,30309.50,30307.50,30308.50,75,30306.25,30306.75,0.50
2026-07-01 10:18:33,30307.75,30307.75,30305.00,30306.50,98,30308.50,30309.00,0.50
2026-07-01 10:18:34,30305.50,30309.75,30304.00,30309.00,127,30308.00,30308.50,0.50
2026-07-01 10:18:35,30308.50,30308.75,30306.00,30308.25,92,30306.50,30307.00,0.50
2026-07-01 10:18:36,30308.50,30309.25,30307.25,30307.25,60,30306.50,30307.00,0.50
2026-07-01 10:18:37,30307.00,30308.75,30306.75,30307.75,39,30306.00,30306.50,0.50
2026-07-01 10:18:38,30308.00,30308.00,30305.75,30306.50,40,30305.75,30306.00,0.25
2026-07-01 10:18:39,30306.50,30307.25,30304.50,30305.75,84,30305.75,30306.00,0.25
2026-07-01 10:18:40,30305.75,30306.75,30304.75,30305.50,53,30302.25,30302.75,0.50
2026-07-01 10:18:41,30305.75,30306.25,30301.50,30302.25,222,30303.25,30303.75,0.50
2026-07-01 10:18:42,30302.75,30304.50,30302.75,30303.75,89,30305.25,30305.75,0.50
2026-07-01 10:18:43,30303.75,30306.00,30303.25,30305.75,62,30304.00,30304.50,0.50
2026-07-01 10:18:44,30305.75,30305.75,30304.00,30304.25,44,30304.00,30304.50,0.50
2026-07-01 10:18:45,30304.25,30305.25,30303.50,30304.00,54,30302.25,30302.75,0.50
2026-07-01 10:18:46,30304.00,30304.75,30302.25,30302.25,74,30297.50,30298.00,0.50
2026-07-01 10:18:47,30302.50,30302.50,30298.25,30298.50,234,30297.50,30298.00,0.50
2026-07-01 10:18:48,30298.25,30298.50,30295.00,30296.25,262,30297.00,30297.25,0.25
2026-07-01 10:18:49,30296.75,30297.50,30294.00,30294.25,193,30294.25,30294.75,0.50
2026-07-01 10:18:50,30293.75,30295.00,30292.00,30294.50,171,30294.25,30294.50,0.25
2026-07-01 10:18:51,30294.75,30295.50,30291.75,30294.00,199,30292.00,30292.50,0.50
2026-07-01 10:18:52,30293.75,30294.25,30291.00,30291.75,119,30290.50,30291.00,0.50
2026-07-01 10:18:53,30292.00,30292.00,30289.50,30291.00,129,30291.75,30292.25,0.50
2026-07-01 10:18:54,30291.00,30293.50,30291.00,30292.00,160,30291.50,30292.00,0.50
2026-07-01 10:18:55,30291.75,30293.00,30290.25,30292.50,75,30291.75,30292.25,0.50
2026-07-01 10:18:56,30292.00,30292.50,30290.75,30292.25,57,30290.25,30290.50,0.25
2026-07-01 10:18:57,30292.00,30292.00,30289.00,30290.25,104,30290.00,30290.50,0.50
2026-07-01 10:18:58,30290.50,30291.25,30288.00,30290.75,100,30290.50,30291.00,0.50
2026-07-01 10:18:59,30290.00,30291.00,30288.50,30291.00,94,30293.75,30294.25,0.50
2026-07-01 10:19:00,30291.00,30294.75,30290.75,30294.25,86,30293.25,30293.50,0.25
2026-07-01 10:19:01,30293.75,30294.50,30293.50,30293.50,44,30291.75,30292.25,0.50
2026-07-01 10:19:02,30293.25,30294.00,30291.50,30292.00,90,30292.50,30293.00,0.50
2026-07-01 10:19:03,30292.50,30293.75,30291.25,30292.00,65,30284.25,30284.75,0.50
2026-07-01 10:19:04,30292.50,30293.25,30282.75,30284.00,356,30286.25,30286.75,0.50
2026-07-01 10:19:05,30284.25,30287.25,30283.75,30286.25,168,30287.75,30288.25,0.50
2026-07-01 10:19:06,30286.50,30288.25,30285.00,30287.75,118,30286.00,30286.50,0.50
2026-07-01 10:19:07,30287.75,30289.00,30286.00,30286.00,95,30286.25,30286.75,0.50
2026-07-01 10:19:08,30286.00,30287.00,30284.75,30286.25,72,30294.00,30294.50,0.50
2026-07-01 10:19:09,30286.75,30294.75,30286.75,30294.75,171,30293.75,30294.25,0.50
2026-07-01 10:19:10,30294.75,30295.00,30293.50,30294.00,77,30296.00,30296.25,0.25
2026-07-01 10:19:11,30293.75,30296.75,30293.75,30296.50,101,30296.75,30297.25,0.50
2026-07-01 10:19:12,30296.25,30299.00,30295.75,30297.00,95,30293.50,30294.00,0.50
2026-07-01 10:19:13,30297.25,30297.50,30293.25,30293.50,112,30291.50,30291.75,0.25
2026-07-01 10:19:14,30294.00,30294.50,30291.25,30291.50,70,30293.75,30294.25,0.50
2026-07-01 10:19:15,30291.50,30294.25,30291.00,30294.00,61,30294.75,30295.25,0.50
2026-07-01 10:19:16,30294.25,30296.50,30293.00,30295.25,79,30295.75,30296.25,0.50
2026-07-01 10:19:17,30294.75,30297.00,30294.75,30296.00,94,30295.75,30296.25,0.50
2026-07-01 10:19:18,30296.00,30299.00,30296.00,30297.50,77,30295.00,30295.50,0.50
2026-07-01 10:19:19,30297.00,30297.75,30294.25,30295.50,87,30294.75,30295.25,0.50
2026-07-01 10:19:20,30295.50,30296.25,30294.25,30294.75,42,30294.50,30295.00,0.50
2026-07-01 10:19:21,30295.00,30295.75,30293.75,30294.75,34,30294.25,30294.75,0.50
2026-07-01 10:19:22,30294.50,30296.00,30293.75,30295.00,83,30294.25,30294.75,0.50
2026-07-01 10:19:23,30294.75,30295.75,30292.50,30293.75,35,30295.25,30295.75,0.50
2026-07-01 10:19:24,30293.50,30295.50,30293.25,30295.50,32,30292.75,30293.25,0.50
2026-07-01 10:19:25,30295.25,30295.25,30292.25,30293.00,40,30291.75,30292.25,0.50
2026-07-01 10:19:26,30293.00,30294.75,30290.50,30292.00,82,30290.75,30291.25,0.50
2026-07-01 10:19:27,30291.50,30292.50,30290.75,30291.00,65,30290.75,30291.25,0.50
2026-07-01 10:19:28,30290.75,30292.25,30290.25,30290.25,27,30288.75,30289.25,0.50
2026-07-01 10:19:29,30289.75,30291.50,30287.00,30288.75,128,30290.50,30291.00,0.50
2026-07-01 10:19:30,30289.25,30293.25,30289.00,30290.25,80,30291.50,30292.00,0.50
2026-07-01 10:19:31,30291.00,30291.75,30289.25,30291.75,56,30288.50,30288.75,0.25
2026-07-01 10:19:32,30291.50,30291.50,30288.00,30288.75,76,30287.75,30288.25,0.50
2026-07-01 10:19:33,30288.50,30289.75,30286.50,30288.00,62,30287.25,30287.75,0.50
2026-07-01 10:19:34,30287.75,30288.25,30285.50,30287.00,81,30288.00,30288.50,0.50
2026-07-01 10:19:35,30287.75,30289.00,30287.50,30288.50,61,30290.00,30290.50,0.50
2026-07-01 10:19:36,30288.25,30290.00,30285.50,30290.00,118,30290.75,30291.25,0.50
2026-07-01 10:19:37,30289.75,30292.75,30288.25,30291.50,181,30291.75,30292.25,0.50
2026-07-01 10:19:38,30291.00,30292.75,30291.00,30292.25,63,30292.50,30293.00,0.50
2026-07-01 10:19:39,30292.00,30293.75,30292.00,30292.75,65,30292.25,30292.75,0.50
2026-07-01 10:19:40,30293.00,30294.50,30292.50,30292.50,55,30292.25,30292.75,0.50
2026-07-01 10:19:41,30292.75,30293.50,30291.50,30292.50,73,30293.00,30293.50,0.50
2026-07-01 10:19:42,30293.00,30293.00,30291.00,30293.00,42,30293.00,30293.50,0.50
2026-07-01 10:19:43,30293.25,30293.25,30291.50,30291.75,18,30297.75,30298.00,0.25
2026-07-01 10:19:44,30292.25,30298.50,30291.75,30298.50,135,30297.75,30298.00,0.25
2026-07-01 10:19:45,30298.00,30304.25,30297.00,30303.25,350,30305.00,30305.50,0.50
2026-07-01 10:19:46,30303.00,30306.50,30301.75,30305.00,194,30307.25,30307.75,0.50
2026-07-01 10:19:47,30305.75,30307.75,30304.25,30307.75,178,30310.75,30311.00,0.25
2026-07-01 10:19:48,30307.75,30311.75,30307.25,30311.00,211,30310.75,30311.00,0.25
2026-07-01 10:19:49,30311.00,30311.75,30307.75,30308.75,214,30308.25,30308.75,0.50
2026-07-01 10:19:50,30308.75,30309.75,30307.25,30307.75,170,30308.25,30308.75,0.50
2026-07-01 10:19:51,30307.75,30309.75,30307.50,30308.75,94,30308.00,30308.25,0.25
2026-07-01 10:19:52,30308.75,30310.00,30305.50,30307.75,133,30305.50,30306.00,0.50
2026-07-01 10:19:53,30307.50,30307.50,30304.75,30306.00,78,30305.50,30306.00,0.50
2026-07-01 10:19:54,30305.75,30307.50,30305.25,30305.25,46,30305.00,30305.25,0.25
2026-07-01 10:19:55,30305.00,30306.25,30304.50,30305.00,54,30304.00,30304.25,0.25
2026-07-01 10:19:56,30305.25,30305.50,30304.00,30304.25,39,30304.00,30304.25,0.25
2026-07-01 10:19:57,30304.00,30305.25,30302.25,30304.75,76,30304.00,30304.25,0.25
2026-07-01 10:19:58,30304.25,30304.50,30301.75,30302.50,31,30300.25,30300.75,0.50
2026-07-01 10:19:59,30303.00,30303.25,30300.50,30300.50,54,30302.00,30302.50,0.50
2026-07-01 10:20:00,30300.75,30302.75,30300.75,30302.50,31,30294.00,30294.50,0.50
2026-07-01 10:20:01,30301.75,30302.00,30293.75,30294.25,279,30294.25,30294.75,0.50
2026-07-01 10:20:02,30294.50,30295.00,30291.00,30294.50,207,30294.25,30294.75,0.50
2026-07-01 10:20:03,30294.50,30295.00,30293.25,30294.25,74,30296.50,30297.00,0.50
2026-07-01 10:20:04,30294.25,30297.25,30293.25,30297.25,113,30297.75,30298.25,0.50
2026-07-01 10:20:05,30296.50,30300.25,30296.25,30298.00,100,30297.75,30298.25,0.50
2026-07-01 10:20:06,30297.75,30299.00,30297.00,30297.75,44,30300.50,30301.00,0.50
2026-07-01 10:20:07,30297.25,30300.50,30296.75,30300.50,125,30300.50,30301.00,0.50
2026-07-01 10:20:08,30300.75,30301.75,30299.75,30299.75,66,30298.25,30298.75,0.50
2026-07-01 10:20:09,30301.00,30301.00,30298.25,30298.25,31,30298.25,30298.75,0.50
2026-07-01 10:20:10,30298.50,30299.75,30296.50,30298.25,53,30296.50,30297.00,0.50
2026-07-01 10:20:11,30297.50,30297.50,30291.50,30292.75,151,30295.00,30295.50,0.50
2026-07-01 10:20:12,30292.75,30295.50,30292.50,30295.25,89,30295.00,30295.50,0.50
2026-07-01 10:20:13,30295.00,30296.50,30294.00,30295.00,73,30292.25,30292.75,0.50
2026-07-01 10:20:14,30294.50,30295.50,30291.00,30292.00,61,30291.50,30292.00,0.50
2026-07-01 10:20:15,30292.50,30293.00,30290.75,30292.75,45,30291.50,30292.00,0.50
2026-07-01 10:20:16,30292.75,30295.00,30291.75,30294.50,48,30293.00,30293.50,0.50
2026-07-01 10:20:17,30294.50,30295.00,30293.25,30293.50,55,30288.50,30289.00,0.50
2026-07-01 10:20:18,30292.75,30293.25,30288.00,30289.00,157,30289.00,30289.25,0.25
2026-07-01 10:20:19,30289.50,30290.25,30287.50,30288.75,89,30288.25,30288.75,0.50
2026-07-01 10:20:20,30289.00,30289.25,30287.50,30288.50,103,30287.25,30287.75,0.50
2026-07-01 10:20:21,30289.75,30291.00,30287.00,30287.25,96,30288.00,30288.50,0.50
2026-07-01 10:20:22,30287.75,30289.00,30287.50,30287.75,82,30287.50,30288.00,0.50
2026-07-01 10:20:23,30288.00,30288.75,30286.25,30287.50,63,30290.50,30291.00,0.50
2026-07-01 10:20:24,30288.00,30291.50,30288.00,30291.00,99,30291.50,30292.00,0.50
2026-07-01 10:20:25,30291.00,30292.75,30289.00,30291.25,130,30285.00,30285.50,0.50
2026-07-01 10:20:26,30291.50,30291.75,30284.75,30285.00,123,30285.50,30286.00,0.50
2026-07-01 10:20:27,30285.00,30286.50,30283.50,30285.50,200,30285.50,30286.00,0.50
2026-07-01 10:20:28,30285.50,30287.00,30284.25,30285.50,120,30286.00,30286.25,0.25
2026-07-01 10:20:29,30285.25,30287.00,30281.75,30286.25,219,30286.00,30286.50,0.50
2026-07-01 10:20:30,30286.00,30287.00,30285.25,30286.00,145,30287.00,30287.50,0.50
2026-07-01 10:20:31,30286.75,30287.25,30286.25,30287.25,95,30291.75,30292.25,0.50
2026-07-01 10:20:32,30287.00,30293.75,30286.75,30292.00,117,30290.50,30291.00,0.50
2026-07-01 10:20:33,30292.25,30292.25,30290.25,30291.50,89,30293.00,30293.50,0.50
2026-07-01 10:20:34,30291.25,30294.50,30291.00,30293.25,125,30291.25,30291.75,0.50
2026-07-01 10:20:35,30293.50,30295.25,30291.25,30291.50,103,30290.50,30290.75,0.25
2026-07-01 10:20:36,30291.75,30292.75,30289.00,30290.75,129,30286.75,30287.25,0.50
2026-07-01 10:20:37,30290.75,30290.75,30285.75,30287.00,143,30284.25,30284.75,0.50
2026-07-01 10:20:38,30287.25,30287.25,30283.50,30284.25,87,30288.00,30288.50,0.50
2026-07-01 10:20:39,30284.75,30289.00,30284.50,30288.25,91,30287.25,30287.75,0.50
2026-07-01 10:20:40,30287.75,30289.50,30286.00,30287.25,73,30288.25,30288.50,0.25
2026-07-01 10:20:41,30287.75,30289.50,30287.25,30288.75,49,30286.00,30286.50,0.50
2026-07-01 10:20:42,30288.25,30288.25,30285.75,30286.50,65,30285.00,30285.50,0.50
2026-07-01 10:20:43,30286.25,30286.50,30283.00,30284.00,85,30286.00,30286.50,0.50
2026-07-01 10:20:44,30285.75,30286.75,30285.00,30286.50,44,30288.75,30289.25,0.50
2026-07-01 10:20:45,30286.50,30290.00,30286.00,30288.50,94,30286.50,30287.00,0.50
2026-07-01 10:20:46,30289.00,30291.00,30286.25,30286.50,113,30285.75,30286.25,0.50
2026-07-01 10:20:47,30287.00,30288.25,30285.00,30285.75,101,30284.00,30284.50,0.50
2026-07-01 10:20:48,30285.75,30286.50,30283.25,30284.25,40,30284.75,30285.25,0.50
2026-07-01 10:20:49,30284.25,30286.00,30282.25,30285.25,173,30279.75,30280.00,0.25
2026-07-01 10:20:50,30284.75,30285.00,30278.00,30279.75,264,30276.50,30277.00,0.50
2026-07-01 10:20:51,30279.75,30281.25,30275.50,30276.00,242,30277.25,30277.75,0.50
2026-07-01 10:20:52,30276.75,30278.25,30276.00,30277.75,163,30278.00,30278.50,0.50
2026-07-01 10:20:53,30277.50,30279.75,30277.00,30277.75,126,30278.50,30279.00,0.50
2026-07-01 10:20:54,30278.50,30279.00,30277.00,30278.25,132,30275.00,30275.50,0.50
2026-07-01 10:20:55,30278.75,30279.50,30272.75,30275.50,179,30275.50,30276.00,0.50
2026-07-01 10:20:56,30275.00,30277.00,30274.50,30276.25,198,30274.75,30275.25,0.50
2026-07-01 10:20:57,30275.75,30276.25,30274.25,30275.50,69,30276.50,30277.00,0.50
2026-07-01 10:20:58,30275.00,30276.75,30274.75,30276.25,81,30277.75,30278.25,0.50
2026-07-01 10:20:59,30276.50,30279.00,30276.25,30277.75,70,30278.00,30278.25,0.25
2026-07-01 10:21:00,30277.75,30278.50,30276.25,30278.50,98,30281.25,30281.75,0.50
2026-07-01 10:21:01,30278.50,30282.75,30278.25,30281.25,150,30283.50,30283.75,0.25
2026-07-01 10:21:02,30281.75,30284.50,30281.50,30283.50,144,30284.75,30285.25,0.50
2026-07-01 10:21:03,30283.50,30287.50,30282.50,30285.50,223,30280.50,30281.00,0.50
2026-07-01 10:21:04,30285.25,30285.25,30279.75,30280.50,127,30278.50,30279.00,0.50
2026-07-01 10:21:05,30280.50,30282.00,30278.00,30279.00,120,30277.00,30277.50,0.50
2026-07-01 10:21:06,30278.75,30279.75,30277.00,30277.25,117,30278.00,30278.50,0.50
2026-07-01 10:21:07,30276.50,30278.25,30275.00,30278.00,96,30280.00,30280.50,0.50
2026-07-01 10:21:08,30278.00,30281.50,30278.00,30280.50,117,30281.00,30281.50,0.50
2026-07-01 10:21:09,30280.00,30282.50,30279.75,30281.50,81,30275.00,30275.50,0.50
2026-07-01 10:21:10,30281.00,30282.00,30275.00,30275.00,82,30275.75,30276.25,0.50
2026-07-01 10:21:11,30275.75,30277.25,30274.75,30276.25,83,30277.00,30277.50,0.50
2026-07-01 10:21:12,30275.75,30278.00,30275.00,30277.25,146,30278.50,30279.00,0.50
2026-07-01 10:21:13,30277.00,30279.50,30276.75,30278.25,92,30277.25,30277.75,0.50
2026-07-01 10:21:14,30278.75,30279.25,30277.25,30277.50,65,30279.00,30279.50,0.50
2026-07-01 10:21:15,30277.50,30281.00,30276.50,30279.25,116,30281.50,30281.75,0.25
2026-07-01 10:21:16,30279.00,30283.75,30279.00,30281.50,147,30281.50,30282.00,0.50
2026-07-01 10:21:17,30281.75,30283.25,30281.25,30281.75,90,30278.00,30278.50,0.50
2026-07-01 10:21:18,30281.50,30282.25,30278.25,30278.75,74,30281.50,30282.00,0.50
2026-07-01 10:21:19,30278.75,30281.75,30277.25,30281.75,85,30276.50,30277.00,0.50
2026-07-01 10:21:20,30281.75,30282.50,30276.50,30276.75,72,30278.50,30279.00,0.50
2026-07-01 10:21:21,30276.75,30279.25,30276.50,30279.00,75,30280.25,30280.75,0.50
2026-07-01 10:21:22,30278.50,30280.50,30278.25,30280.25,122,30277.25,30277.75,0.50
2026-07-01 10:21:23,30280.25,30281.25,30276.00,30277.25,105,30278.75,30279.25,0.50
2026-07-01 10:21:24,30277.25,30280.00,30277.00,30278.50,92,30278.50,30279.00,0.50
2026-07-01 10:21:25,30279.25,30279.75,30278.00,30278.00,54,30273.50,30274.00,0.50
2026-07-01 10:21:26,30278.50,30279.25,30273.75,30273.75,220,30274.50,30275.00,0.50
2026-07-01 10:21:27,30274.00,30277.00,30273.75,30275.00,76,30278.50,30279.00,0.50
2026-07-01 10:21:28,30274.75,30279.25,30274.75,30278.00,121,30279.25,30279.50,0.25
2026-07-01 10:21:29,30278.50,30280.50,30278.25,30278.75,65,30279.00,30279.50,0.50
2026-07-01 10:21:30,30279.50,30280.75,30278.50,30279.75,52,30278.25,30278.75,0.50
2026-07-01 10:21:31,30279.50,30279.50,30277.75,30278.50,29,30279.00,30279.50,0.50
2026-07-01 10:21:32,30278.75,30281.00,30278.25,30279.25,47,30273.50,30274.00,0.50
2026-07-01 10:21:33,30279.25,30279.25,30272.50,30274.00,174,30274.75,30275.25,0.50
2026-07-01 10:21:34,30274.25,30275.50,30273.25,30274.75,104,30278.75,30279.25,0.50
2026-07-01 10:21:35,30274.75,30279.00,30274.25,30279.00,67,30279.00,30279.50,0.50
2026-07-01 10:21:36,30278.25,30279.50,30277.75,30279.25,46,30287.75,30288.25,0.50
2026-07-01 10:21:37,30279.25,30288.25,30278.50,30287.50,228,30284.50,30285.00,0.50
2026-07-01 10:21:38,30287.75,30287.75,30284.50,30284.50,133,30285.00,30285.25,0.25
2026-07-01 10:21:39,30284.50,30286.00,30283.75,30285.25,59,30286.50,30287.00,0.50
2026-07-01 10:21:40,30285.00,30287.00,30285.00,30286.25,54,30287.25,30287.75,0.50
2026-07-01 10:21:41,30286.50,30287.75,30285.75,30287.75,91,30289.25,30289.75,0.50
2026-07-01 10:21:42,30287.75,30291.50,30287.75,30289.75,222,30289.25,30289.75,0.50
2026-07-01 10:21:43,30289.50,30290.50,30288.75,30289.75,86,30288.50,30289.00,0.50
2026-07-01 10:21:44,30289.25,30289.75,30287.75,30288.25,92,30288.25,30288.50,0.25
2026-07-01 10:21:45,30288.50,30288.75,30286.25,30288.50,69,30288.25,30288.75,0.50
2026-07-01 10:21:46,30288.25,30289.00,30286.75,30288.25,84,30291.50,30292.00,0.50
2026-07-01 10:21:47,30288.50,30292.75,30288.50,30292.00,96,30290.75,30291.25,0.50
2026-07-01 10:21:48,30292.00,30292.00,30290.25,30291.00,57,30291.25,30291.75,0.50
2026-07-01 10:21:49,30290.75,30292.00,30290.50,30291.50,70,30290.00,30290.50,0.50
2026-07-01 10:21:50,30291.00,30291.25,30289.00,30290.50,85,30298.25,30298.75,0.50
2026-07-01 10:21:51,30290.00,30298.75,30290.00,30298.25,251,30299.00,30299.50,0.50
2026-07-01 10:21:52,30298.75,30300.50,30298.25,30300.00,157,30299.75,30300.25,0.50
2026-07-01 10:21:53,30299.50,30301.25,30297.75,30300.50,224,30300.00,30300.50,0.50
2026-07-01 10:21:54,30300.25,30300.75,30299.75,30300.75,81,30296.25,30296.75,0.50
2026-07-01 10:21:55,30300.50,30300.50,30295.75,30296.00,134,30295.75,30296.25,0.50
2026-07-01 10:21:56,30296.50,30297.75,30294.50,30296.00,71,30296.25,30296.75,0.50
2026-07-01 10:21:57,30296.00,30297.00,30295.25,30296.75,49,30295.00,30295.50,0.50
2026-07-01 10:21:58,30295.75,30296.75,30295.00,30295.75,37,30293.50,30293.75,0.25
2026-07-01 10:21:59,30294.75,30296.75,30293.50,30293.75,85,30296.00,30296.50,0.50
2026-07-01 10:22:00,30293.50,30297.00,30293.50,30296.50,48,30297.75,30298.25,0.50
2026-07-01 10:22:01,30296.25,30298.50,30294.75,30298.25,63,30300.50,30301.00,0.50
2026-07-01 10:22:02,30298.25,30301.25,30297.75,30300.75,108,30299.00,30299.50,0.50
2026-07-01 10:22:03,30300.50,30301.25,30298.50,30299.25,152,30296.00,30296.50,0.50
2026-07-01 10:22:04,30299.00,30299.25,30295.50,30296.25,129,30293.50,30294.25,0.75
2026-07-01 10:22:05,30296.50,30300.75,30293.25,30293.25,207,30297.00,30297.50,0.50
2026-07-01 10:22:06,30293.75,30298.75,30293.75,30296.75,57,30300.00,30300.50,0.50
2026-07-01 10:22:07,30297.25,30301.50,30297.25,30300.25,120,30300.25,30300.75,0.50
2026-07-01 10:22:08,30300.00,30302.75,30300.00,30300.75,157,30299.75,30300.00,0.25
2026-07-01 10:22:09,30300.00,30301.75,30297.75,30300.25,183,30300.50,30301.00,0.50
2026-07-01 10:22:10,30300.00,30301.00,30299.00,30300.75,57,30302.00,30302.50,0.50
2026-07-01 10:22:11,30300.25,30302.25,30299.50,30302.00,54,30303.50,30303.75,0.25
2026-07-01 10:22:12,30302.50,30305.00,30302.25,30303.50,224,30301.75,30302.00,0.25
2026-07-01 10:22:13,30303.75,30304.75,30300.50,30302.00,105,30301.00,30301.25,0.25
2026-07-01 10:22:14,30301.50,30302.00,30299.00,30301.00,77,30298.50,30299.25,0.75
2026-07-01 10:22:15,30301.00,30302.25,30298.75,30298.75,66,30297.25,30297.75,0.50
2026-07-01 10:22:16,30298.75,30299.00,30297.25,30297.75,85,30294.25,30294.75,0.50
2026-07-01 10:22:17,30297.75,30298.25,30293.50,30295.25,112,30295.50,30296.00,0.50
2026-07-01 10:22:18,30295.00,30296.00,30294.00,30295.75,60,30296.50,30297.00,0.50
2026-07-01 10:22:19,30295.75,30297.50,30294.75,30296.25,74,30297.00,30297.50,0.50
2026-07-01 10:22:20,30296.50,30298.25,30296.25,30297.25,61,30296.25,30296.50,0.25
2026-07-01 10:22:21,30297.00,30297.00,30295.25,30296.25,49,30294.50,30295.00,0.50
2026-07-01 10:22:22,30296.25,30296.50,30293.50,30295.00,52,30294.50,30295.00,0.50
2026-07-01 10:22:23,30294.50,30295.00,30293.00,30294.75,71,30297.50,30298.00,0.50
2026-07-01 10:22:24,30294.75,30298.00,30294.00,30298.00,76,30298.00,30298.25,0.25
2026-07-01 10:22:25,30297.25,30299.75,30297.00,30297.00,93,30293.50,30294.00,0.50
2026-07-01 10:22:26,30298.00,30298.00,30292.25,30294.00,125,30292.50,30292.75,0.25
2026-07-01 10:22:27,30293.50,30295.00,30292.50,30292.50,60,30292.50,30292.75,0.25
2026-07-01 10:22:28,30292.50,30294.50,30292.00,30294.50,64,30295.00,30295.50,0.50
2026-07-01 10:22:29,30294.75,30296.25,30294.25,30295.25,39,30295.00,30295.50,0.50
2026-07-01 10:22:30,30295.50,30297.25,30295.00,30295.00,69,30292.25,30293.00,0.75
2026-07-01 10:22:31,30295.00,30295.75,30291.00,30293.00,104,30292.25,30292.75,0.50
2026-07-01 10:22:32,30292.25,30292.75,30291.25,30292.50,64,30290.75,30291.25,0.50
2026-07-01 10:22:33,30292.25,30292.75,30290.50,30291.00,71,30292.00,30292.25,0.25
2026-07-01 10:22:34,30290.75,30292.75,30290.00,30291.00,63,30289.25,30289.75,0.50
2026-07-01 10:22:35,30292.25,30293.50,30288.50,30289.50,118,30287.50,30288.00,0.50
2026-07-01 10:22:36,30289.75,30290.75,30286.75,30288.25,134,30288.25,30288.50,0.25
2026-07-01 10:22:37,30288.00,30290.25,30287.75,30288.50,68,30291.75,30292.25,0.50
2026-07-01 10:22:38,30288.50,30293.25,30288.50,30292.25,117,30294.50,30295.00,0.50
2026-07-01 10:22:39,30292.25,30295.50,30291.50,30294.50,134,30295.00,30295.50,0.50
2026-07-01 10:22:40,30294.75,30295.25,30293.50,30295.25,32,30295.00,30295.50,0.50
2026-07-01 10:22:41,30295.50,30296.00,30294.25,30295.25,88,30298.50,30299.00,0.50
2026-07-01 10:22:42,30295.00,30299.25,30294.00,30298.25,93,30294.00,30294.50,0.50
2026-07-01 10:22:43,30298.75,30298.75,30294.25,30294.25,78,30293.75,30294.00,0.25
2026-07-01 10:22:44,30294.50,30296.50,30292.00,30293.75,83,30295.50,30296.00,0.50
2026-07-01 10:22:45,30294.25,30295.75,30293.25,30295.50,19,30296.00,30296.50,0.50
2026-07-01 10:22:46,30296.00,30296.50,30295.25,30296.25,31,30298.25,30298.75,0.50
2026-07-01 10:22:47,30295.75,30299.25,30294.25,30298.25,71,30297.50,30298.00,0.50
2026-07-01 10:22:48,30298.00,30298.00,30295.75,30296.75,34,30297.50,30298.00,0.50
2026-07-01 10:22:49,30297.25,30298.75,30297.25,30298.00,43,30295.00,30295.50,0.50
2026-07-01 10:22:50,30298.50,30298.50,30294.50,30295.25,95,30295.75,30296.50,0.75
2026-07-01 10:22:51,30295.75,30297.25,30295.25,30296.25,17,30297.00,30297.25,0.25
2026-07-01 10:22:52,30296.50,30297.75,30295.75,30297.75,35,30298.75,30299.25,0.50
2026-07-01 10:22:53,30297.50,30300.00,30297.25,30298.75,67,30299.00,30299.25,0.25
2026-07-01 10:22:54,30299.25,30300.00,30298.25,30299.25,27,30299.00,30299.25,0.25
2026-07-01 10:22:55,30299.00,30299.00,30297.25,30297.25,69,30298.00,30298.50,0.50
2026-07-01 10:22:56,30297.50,30298.00,30295.50,30297.75,41,30298.00,30298.50,0.50
2026-07-01 10:22:57,30298.50,30301.00,30298.50,30298.75,60,30297.50,30297.75,0.25
2026-07-01 10:22:58,30298.00,30299.50,30297.00,30297.00,55,30293.75,30294.25,0.50
2026-07-01 10:22:59,30297.50,30297.50,30293.25,30294.00,78,30295.50,30296.00,0.50
2026-07-01 10:23:00,30294.25,30295.75,30293.25,30295.75,101,30296.50,30297.00,0.50
2026-07-01 10:23:01,30295.75,30297.00,30294.50,30297.00,53,30296.50,30297.00,0.50
2026-07-01 10:23:02,30296.25,30298.25,30296.25,30296.75,18,30295.75,30296.25,0.50
2026-07-01 10:23:03,30297.00,30298.00,30295.00,30296.75,137,30302.75,30303.00,0.25
2026-07-01 10:23:04,30296.00,30303.50,30296.00,30302.50,329,30302.50,30303.00,0.50
2026-07-01 10:23:05,30303.00,30305.25,30301.75,30303.00,182,30302.75,30303.25,0.50
2026-07-01 10:23:06,30303.00,30303.75,30301.75,30302.75,101,30300.00,30300.50,0.50
2026-07-01 10:23:07,30303.25,30303.50,30299.50,30300.00,85,30301.75,30302.25,0.50
2026-07-01 10:23:08,30300.25,30303.00,30300.25,30302.00,90,30301.25,30301.75,0.50
2026-07-01 10:23:09,30301.25,30302.25,30300.25,30301.25,90,30297.00,30297.50,0.50
2026-07-01 10:23:10,30301.50,30302.00,30296.00,30297.50,164,30298.25,30298.50,0.25
2026-07-01 10:23:11,30297.50,30299.75,30297.50,30298.00,66,30299.50,30300.00,0.50
2026-07-01 10:23:12,30298.00,30300.00,30298.00,30299.50,38,30302.50,30303.00,0.50
2026-07-01 10:23:13,30300.00,30303.00,30299.25,30303.00,97,30300.75,30301.25,0.50
2026-07-01 10:23:14,30303.00,30303.50,30301.25,30301.25,49,30301.00,30301.50,0.50
2026-07-01 10:23:15,30301.50,30302.25,30300.50,30301.50,58,30300.25,30300.75,0.50
2026-07-01 10:23:16,30301.50,30302.75,30300.25,30300.50,50,30300.25,30300.75,0.50
2026-07-01 10:23:17,30301.00,30303.25,30299.25,30303.00,78,30306.75,30307.25,0.50
2026-07-01 10:23:18,30303.25,30308.00,30303.00,30307.25,195,30305.75,30306.25,0.50
2026-07-01 10:23:19,30307.25,30307.25,30305.25,30305.75,112,30305.50,30306.00,0.50
2026-07-01 10:23:20,30306.25,30306.25,30303.00,30305.50,118,30307.25,30307.75,0.50
2026-07-01 10:23:21,30305.50,30308.00,30305.00,30308.00,52,30308.50,30309.00,0.50
2026-07-01 10:23:22,30308.00,30309.50,30307.25,30309.00,133,30308.00,30308.50,0.50
2026-07-01 10:23:23,30308.75,30309.25,30306.25,30308.00,186,30306.00,30306.50,0.50
2026-07-01 10:23:24,30308.25,30308.25,30305.25,30306.75,66,30308.00,30308.50,0.50
2026-07-01 10:23:25,30306.50,30309.00,30306.25,30308.50,68,30308.00,30308.50,0.50
2026-07-01 10:23:26,30308.25,30312.75,30307.75,30311.50,221,30310.25,30310.75,0.50
2026-07-01 10:23:27,30311.50,30311.75,30309.50,30310.50,116,30309.50,30310.00,0.50
2026-07-01 10:23:28,30310.25,30311.00,30308.75,30310.00,144,30308.00,30308.25,0.25
2026-07-01 10:23:29,30309.50,30309.50,30306.50,30307.75,134,30311.25,30311.75,0.50
2026-07-01 10:23:30,30308.25,30315.00,30308.00,30311.25,271,30312.75,30313.25,0.50
2026-07-01 10:23:31,30312.00,30314.00,30311.25,30314.00,90,30311.50,30312.00,0.50
2026-07-01 10:23:32,30312.75,30313.25,30311.75,30311.75,79,30311.00,30311.50,0.50
2026-07-01 10:23:33,30311.50,30312.50,30310.75,30311.50,76,30311.00,30311.50,0.50
2026-07-01 10:23:34,30311.00,30311.50,30309.00,30310.00,101,30310.50,30311.00,0.50
2026-07-01 10:23:35,30311.00,30311.75,30309.25,30310.75,73,30310.00,30310.50,0.50
2026-07-01 10:23:36,30311.25,30311.75,30309.50,30310.50,60,30309.00,30309.50,0.50
2026-07-01 10:23:37,30310.25,30310.75,30307.25,30309.25,52,30302.50,30303.00,0.50
2026-07-01 10:23:38,30308.00,30308.00,30301.50,30303.00,211,30301.25,30301.75,0.50
2026-07-01 10:23:39,30302.50,30303.00,30300.25,30301.50,157,30301.50,30301.75,0.25
2026-07-01 10:23:40,30301.25,30302.25,30300.75,30301.50,56,30303.50,30304.00,0.50
2026-07-01 10:23:41,30301.75,30304.75,30301.25,30304.75,63,30303.50,30304.00,0.50
2026-07-01 10:23:42,30303.75,30305.00,30303.00,30304.75,55,30304.25,30304.75,0.50
2026-07-01 10:23:43,30304.75,30305.50,30303.25,30304.00,57,30302.75,30303.25,0.50
2026-07-01 10:23:44,30304.75,30305.25,30302.25,30304.25,54,30302.75,30303.25,0.50
2026-07-01 10:23:45,30303.00,30303.75,30302.00,30303.00,88,30302.75,30303.25,0.50
2026-07-01 10:23:46,30303.75,30304.00,30302.25,30303.00,39,30302.25,30302.75,0.50
2026-07-01 10:23:47,30302.75,30303.25,30302.00,30302.75,38,30301.50,30302.00,0.50
2026-07-01 10:23:48,30302.25,30302.75,30300.75,30301.50,63,30301.50,30302.00,0.50
2026-07-01 10:23:49,30302.00,30303.75,30301.75,30302.00,41,30301.75,30302.25,0.50
2026-07-01 10:23:50,30302.50,30303.00,30301.75,30301.75,30,30304.75,30305.25,0.50
2026-07-01 10:23:51,30301.75,30306.00,30301.00,30305.00,176,30301.75,30302.25,0.50
2026-07-01 10:23:52,30305.25,30305.25,30300.00,30302.75,102,30301.00,30301.50,0.50
2026-07-01 10:23:53,30301.75,30302.25,30300.25,30301.00,71,30300.50,30301.00,0.50
2026-07-01 10:23:54,30301.00,30301.00,30298.75,30300.50,162,30297.00,30297.25,0.25
2026-07-01 10:23:55,30300.50,30300.50,30296.25,30297.50,188,30296.50,30297.00,0.50
2026-07-01 10:23:56,30297.00,30297.25,30295.25,30296.75,160,30296.50,30297.00,0.50
2026-07-01 10:23:57,30296.25,30297.00,30294.75,30297.00,83,30298.75,30299.25,0.50
2026-07-01 10:23:58,30296.50,30298.75,30296.50,30298.50,46,30298.75,30299.25,0.50
2026-07-01 10:23:59,30298.50,30299.00,30297.50,30297.50,40,30298.75,30299.25,0.50
2026-07-01 10:24:00,30297.75,30299.75,30297.75,30299.25,51,30298.00,30298.50,0.50
2026-07-01 10:24:01,30299.25,30299.50,30297.50,30298.75,56,30298.00,30298.50,0.50
2026-07-01 10:24:02,30298.50,30298.50,30295.00,30295.25,57,30294.75,30295.25,0.50
2026-07-01 10:24:03,30296.00,30296.25,30292.75,30295.00,219,30298.25,30298.75,0.50
2026-07-01 10:24:04,30294.50,30298.50,30294.50,30298.25,112,30301.00,30301.50,0.50
2026-07-01 10:24:05,30298.25,30302.25,30298.25,30301.00,114,30301.00,30301.50,0.50
2026-07-01 10:24:06,30301.25,30302.75,30300.25,30302.75,113,30303.50,30304.00,0.50
2026-07-01 10:24:07,30302.50,30304.50,30298.50,30303.25,256,30301.50,30302.00,0.50
2026-07-01 10:24:08,30303.75,30303.75,30301.25,30301.25,94,30299.75,30300.25,0.50
2026-07-01 10:24:09,30301.50,30302.25,30299.50,30300.25,69,30298.75,30299.25,0.50
2026-07-01 10:24:10,30299.75,30300.25,30298.75,30298.75,27,30296.75,30297.25,0.50
2026-07-01 10:24:11,30299.25,30299.75,30295.50,30297.25,84,30293.75,30294.25,0.50
2026-07-01 10:24:12,30296.00,30296.00,30292.00,30294.00,157,30294.50,30295.00,0.50
2026-07-01 10:24:13,30293.75,30296.50,30291.00,30294.00,134,30294.50,30295.00,0.50
2026-07-01 10:24:14,30294.25,30296.50,30294.25,30295.50,42,30295.50,30296.00,0.50
2026-07-01 10:24:15,30295.75,30299.25,30295.75,30299.25,39,30298.75,30299.25,0.50
2026-07-01 10:24:16,30299.00,30299.75,30296.00,30297.75,87,30297.00,30297.50,0.50
2026-07-01 10:24:17,30297.50,30298.25,30296.50,30297.50,64,30297.50,30298.00,0.50
2026-07-01 10:24:18,30297.25,30297.75,30294.75,30297.75,42,30297.25,30297.75,0.50
2026-07-01 10:24:19,30297.50,30299.00,30297.25,30297.75,35,30295.75,30296.25,0.50
2026-07-01 10:24:20,30297.25,30298.50,30294.75,30296.00,37,30294.00,30294.50,0.50
2026-07-01 10:24:21,30296.25,30296.50,30292.50,30294.00,60,30294.00,30294.50,0.50
2026-07-01 10:24:22,30294.25,30297.50,30294.00,30296.50,45,30295.75,30296.25,0.50
2026-07-01 10:24:23,30296.25,30297.25,30294.50,30296.00,42,30298.00,30298.50,0.50
2026-07-01 10:24:24,30295.75,30298.75,30295.75,30297.75,87,30295.75,30296.00,0.25
2026-07-01 10:24:25,30298.75,30298.75,30295.50,30296.25,79,30291.50,30291.75,0.25
2026-07-01 10:24:26,30295.75,30295.75,30289.75,30291.25,179,30294.00,30294.25,0.25
2026-07-01 10:24:27,30291.50,30294.50,30291.50,30294.50,55,30293.00,30293.50,0.50
2026-07-01 10:24:28,30294.25,30294.50,30293.00,30293.25,42,30291.00,30291.50,0.50
2026-07-01 10:24:29,30293.50,30293.50,30288.75,30291.00,187,30292.00,30292.50,0.50
2026-07-01 10:24:30,30291.00,30293.00,30290.00,30292.25,146,30290.00,30290.25,0.25
2026-07-01 10:24:31,30292.50,30293.50,30289.00,30290.00,101,30289.75,30290.25,0.50
2026-07-01 10:24:32,30290.25,30291.50,30289.50,30290.00,70,30290.00,30290.50,0.50
2026-07-01 10:24:33,30290.25,30292.25,30290.25,30290.50,54,30293.50,30294.00,0.50
2026-07-01 10:24:34,30290.50,30295.00,30290.50,30294.75,90,30294.50,30295.00,0.50
2026-07-01 10:24:35,30293.75,30295.00,30292.25,30295.00,57,30294.25,30294.75,0.50
2026-07-01 10:24:36,30295.25,30296.75,30294.50,30294.50,45,30295.25,30295.75,0.50
2026-07-01 10:24:37,30294.75,30297.50,30294.50,30295.75,61,30295.25,30295.75,0.50
2026-07-01 10:24:38,30295.50,30297.50,30295.50,30296.50,45,30295.50,30296.00,0.50
2026-07-01 10:24:39,30295.75,30302.50,30294.50,30302.00,163,30303.00,30303.50,0.50
2026-07-01 10:24:40,30302.75,30305.75,30302.25,30303.50,152,30302.00,30302.25,0.25
2026-07-01 10:24:41,30303.50,30303.50,30301.75,30301.75,54,30302.00,30302.50,0.50
2026-07-01 10:24:42,30301.75,30303.50,30301.50,30302.25,55,30302.00,30302.25,0.25
2026-07-01 10:24:43,30302.75,30302.75,30301.00,30302.00,46,30297.75,30298.25,0.50
2026-07-01 10:24:44,30301.50,30301.50,30296.75,30297.75,124,30298.00,30298.25,0.25
2026-07-01 10:24:45,30297.75,30299.00,30297.25,30298.25,48,30296.75,30297.25,0.50
2026-07-01 10:24:46,30298.00,30298.00,30295.50,30297.25,76,30296.25,30296.75,0.50
2026-07-01 10:24:47,30297.25,30297.50,30295.75,30296.75,76,30296.50,30297.00,0.50
2026-07-01 10:24:48,30296.75,30297.50,30295.75,30296.50,54,30297.00,30297.50,0.50
2026-07-01 10:24:49,30297.00,30297.50,30295.25,30297.00,44,30295.00,30295.50,0.50
2026-07-01 10:24:50,30296.75,30297.25,30293.75,30295.00,62,30294.00,30294.50,0.50
2026-07-01 10:24:51,30295.25,30296.25,30294.50,30294.75,34,30294.00,30294.50,0.50
2026-07-01 10:24:52,30294.00,30294.75,30291.75,30294.25,83,30294.75,30295.25,0.50
2026-07-01 10:24:53,30294.50,30297.00,30294.25,30295.00,87,30293.00,30293.50,0.50
2026-07-01 10:24:54,30295.25,30295.50,30293.75,30293.75,43,30293.00,30293.50,0.50
2026-07-01 10:24:55,30293.50,30293.50,30291.25,30292.25,77,30292.00,30292.50,0.50
2026-07-01 10:24:56,30292.50,30292.50,30291.75,30291.75,47,30292.25,30292.75,0.50
2026-07-01 10:24:57,30292.75,30293.00,30292.00,30292.25,19,30293.00,30293.50,0.50
2026-07-01 10:24:58,30292.50,30293.50,30292.00,30293.00,20,30292.50,30293.00,0.50
2026-07-01 10:24:59,30293.00,30294.00,30293.00,30293.25,15,30293.00,30293.50,0.50
2026-07-01 10:25:00,30292.75,30294.00,30292.00,30293.75,30,30292.25,30292.75,0.50
2026-07-01 10:25:01,30293.25,30293.75,30291.25,30292.75,44,30292.00,30292.50,0.50
2026-07-01 10:25:02,30292.50,30292.75,30291.00,30292.25,49,30290.50,30291.00,0.50
2026-07-01 10:25:03,30291.75,30292.75,30289.75,30290.50,62,30291.75,30292.25,0.50
2026-07-01 10:25:04,30290.25,30293.50,30289.00,30291.75,122,30290.75,30291.25,0.50
2026-07-01 10:25:05,30291.75,30291.75,30288.50,30291.50,75,30294.00,30294.50,0.50
2026-07-01 10:25:06,30291.25,30294.50,30291.25,30294.25,61,30291.00,30291.25,0.25
2026-07-01 10:25:07,30294.25,30294.25,30291.25,30291.50,82,30292.75,30293.25,0.50
2026-07-01 10:25:08,30291.00,30294.25,30289.50,30292.50,42,30293.50,30293.75,0.25
2026-07-01 10:25:09,30293.00,30294.25,30292.75,30293.75,41,30293.25,30293.75,0.50
2026-07-01 10:25:10,30293.75,30295.25,30292.25,30293.75,103,30293.00,30293.50,0.50
2026-07-01 10:25:11,30293.00,30294.25,30292.25,30293.25,57,30294.50,30295.00,0.50
2026-07-01 10:25:12,30293.25,30295.00,30293.25,30294.75,30,30298.75,30299.25,0.50
2026-07-01 10:25:13,30294.50,30299.50,30293.50,30299.00,135,30300.00,30300.50,0.50
2026-07-01 10:25:14,30299.50,30302.75,30299.50,30300.00,180,30299.75,30300.00,0.25
2026-07-01 10:25:15,30299.75,30302.00,30299.50,30299.50,83,30299.75,30300.00,0.25
2026-07-01 10:25:16,30299.50,30302.00,30299.00,30302.00,72,30299.50,30300.00,0.50
2026-07-01 10:25:17,30301.50,30301.50,30299.75,30299.75,81,30300.00,30300.50,0.50
2026-07-01 10:25:18,30299.75,30300.75,30299.25,30300.50,65,30301.50,30302.00,0.50
2026-07-01 10:25:19,30299.75,30302.50,30299.50,30301.75,79,30301.00,30301.50,0.50
2026-07-01 10:25:20,30302.00,30302.75,30300.25,30301.00,57,30300.25,30300.75,0.50
2026-07-01 10:25:21,30301.00,30303.00,30300.50,30301.00,75,30300.25,30300.75,0.50
2026-07-01 10:25:22,30300.50,30301.00,30299.25,30300.75,38,30299.50,30299.75,0.25
2026-07-01 10:25:23,30301.00,30304.50,30299.50,30299.50,216,30297.25,30297.75,0.50
2026-07-01 10:25:24,30300.00,30300.00,30297.25,30298.50,58,30299.00,30299.50,0.50
2026-07-01 10:25:25,30297.50,30300.75,30297.50,30298.75,48,30298.25,30298.75,0.50
2026-07-01 10:25:26,30299.25,30299.25,30297.75,30298.50,50,30296.75,30297.25,0.50
2026-07-01 10:25:27,30298.50,30298.50,30296.25,30296.75,80,30300.00,30300.50,0.50
2026-07-01 10:25:28,30296.75,30300.00,30296.75,30300.00,41,30300.00,30300.50,0.50
2026-07-01 10:25:29,30300.50,30301.25,30299.50,30300.50,90,30300.25,30300.75,0.50
2026-07-01 10:25:30,30300.00,30301.25,30299.25,30300.75,43,30298.75,30299.25,0.50
2026-07-01 10:25:31,30300.50,30300.75,30298.50,30299.50,72,30294.25,30294.50,0.25
2026-07-01 10:25:32,30299.00,30299.25,30293.50,30294.25,135,30293.75,30294.25,0.50
2026-07-01 10:25:33,30294.25,30295.00,30291.50,30294.00,96,30297.00,30297.25,0.25
2026-07-01 10:25:34,30294.25,30297.50,30294.00,30297.50,121,30295.75,30296.25,0.50
2026-07-01 10:25:35,30297.00,30300.25,30295.75,30295.75,87,30296.75,30297.25,0.50
2026-07-01 10:25:36,30296.00,30297.50,30294.50,30297.50,40,30293.50,30294.00,0.50
2026-07-01 10:25:37,30298.50,30299.75,30293.50,30293.50,102,30289.75,30290.25,0.50
2026-07-01 10:25:38,30293.75,30293.75,30288.75,30289.75,159,30289.00,30289.50,0.50
2026-07-01 10:25:39,30290.25,30290.25,30284.25,30288.75,449,30289.25,30289.50,0.25
2026-07-01 10:25:40,30289.50,30291.75,30289.25,30289.25,101,30289.50,30290.00,0.50
2026-07-01 10:25:41,30289.50,30290.75,30289.00,30289.75,111,30289.50,30290.00,0.50
2026-07-01 10:25:42,30289.50,30290.50,30289.25,30289.75,28,30292.25,30292.75,0.50
2026-07-01 10:25:43,30289.50,30292.25,30288.00,30291.75,78,30292.25,30292.75,0.50
2026-07-01 10:25:44,30292.25,30292.75,30290.50,30292.75,72,30295.00,30295.50,0.50
2026-07-01 10:25:45,30292.75,30295.25,30292.75,30295.00,71,30294.00,30294.50,0.50
2026-07-01 10:25:46,30295.00,30295.50,30294.00,30294.25,13,30295.00,30295.50,0.50
2026-07-01 10:25:47,30294.50,30296.00,30294.50,30295.25,58,30294.25,30294.75,0.50
2026-07-01 10:25:48,30295.50,30295.75,30294.00,30295.00,54,30292.75,30293.25,0.50
2026-07-01 10:25:49,30294.25,30295.50,30292.50,30292.50,17,30291.00,30291.50,0.50
2026-07-01 10:25:50,30293.00,30293.00,30289.50,30290.50,79,30290.75,30291.25,0.50
2026-07-01 10:25:51,30291.50,30292.00,30290.00,30291.25,48,30289.50,30290.00,0.50
2026-07-01 10:25:52,30291.25,30291.25,30289.50,30289.75,38,30289.50,30290.00,0.50
2026-07-01 10:25:53,30289.75,30290.75,30289.25,30290.00,39,30289.75,30290.25,0.50
2026-07-01 10:25:54,30290.00,30290.75,30289.75,30290.00,27,30291.75,30292.25,0.50
2026-07-01 10:25:55,30290.50,30292.50,30290.50,30292.00,50,30293.50,30294.00,0.50
2026-07-01 10:25:56,30292.00,30294.75,30291.75,30294.00,67,30293.75,30294.25,0.50
2026-07-01 10:25:57,30295.00,30296.00,30293.50,30293.75,54,30293.75,30294.25,0.50
2026-07-01 10:25:58,30294.50,30296.50,30293.75,30294.25,53,30293.75,30294.25,0.50
2026-07-01 10:25:59,30294.00,30294.00,30293.00,30293.50,30,30293.75,30294.25,0.50
2026-07-01 10:26:00,30293.75,30294.25,30293.25,30293.75,26,30295.75,30296.25,0.50
2026-07-01 10:26:01,30293.75,30297.00,30293.75,30296.00,51,30295.75,30296.25,0.50
2026-07-01 10:26:02,30296.50,30296.75,30294.75,30295.75,50,30295.25,30295.75,0.50
2026-07-01 10:26:03,30296.25,30296.75,30293.50,30295.00,66,30295.25,30295.75,0.50
2026-07-01 10:26:04,30295.25,30299.50,30294.75,30298.50,108,30299.75,30300.00,0.25
2026-07-01 10:26:05,30298.50,30300.00,30297.75,30300.00,74,30299.75,30300.00,0.25
2026-07-01 10:26:06,30300.00,30301.00,30294.75,30295.00,206,30298.50,30299.00,0.50
2026-07-01 10:26:07,30295.50,30298.25,30294.75,30298.25,33,30303.50,30303.75,0.25
2026-07-01 10:26:08,30299.00,30304.00,30297.50,30303.75,138,30302.00,30302.25,0.25
2026-07-01 10:26:09,30303.50,30303.75,30300.75,30301.75,65,30305.00,30305.50,0.50
2026-07-01 10:26:10,30302.00,30309.00,30301.75,30305.25,289,30303.00,30303.25,0.25
2026-07-01 10:26:11,30305.50,30305.50,30303.00,30303.25,155,30303.00,30303.25,0.25
2026-07-01 10:26:12,30303.50,30303.75,30301.25,30302.75,71,30302.00,30302.50,0.50
2026-07-01 10:26:13,30302.25,30302.25,30301.25,30301.50,51,30303.00,30303.50,0.50
2026-07-01 10:26:14,30301.75,30304.00,30301.00,30303.25,56,30305.50,30306.00,0.50
2026-07-01 10:26:15,30303.50,30306.50,30303.50,30305.50,51,30305.50,30306.00,0.50
2026-07-01 10:26:16,30306.00,30308.75,30305.25,30306.75,94,30306.00,30306.50,0.50
2026-07-01 10:26:17,30308.00,30310.25,30306.00,30306.25,159,30306.50,30307.00,0.50
2026-07-01 10:26:18,30306.00,30307.75,30306.00,30307.00,90,30306.25,30306.50,0.25
2026-07-01 10:26:19,30306.50,30307.50,30306.00,30306.25,75,30305.75,30306.25,0.50
2026-07-01 10:26:20,30306.25,30308.00,30304.50,30306.75,79,30305.50,30306.00,0.50
2026-07-01 10:26:21,30306.50,30307.75,30304.75,30305.00,88,30307.00,30307.50,0.50
2026-07-01 10:26:22,30305.75,30307.75,30305.25,30307.00,57,30306.00,30306.50,0.50
2026-07-01 10:26:23,30307.50,30308.75,30307.00,30307.00,40,30306.75,30307.25,0.50
2026-07-01 10:26:24,30306.00,30307.75,30305.25,30307.50,113,30307.25,30307.75,0.50
2026-07-01 10:26:25,30308.00,30308.75,30306.00,30307.00,100,30310.00,30310.50,0.50
2026-07-01 10:26:26,30307.75,30310.25,30307.00,30310.00,63,30308.50,30309.00,0.50
2026-07-01 10:26:27,30310.25,30312.00,30308.50,30308.50,139,30308.50,30309.00,0.50
2026-07-01 10:26:28,30308.75,30309.00,30306.25,30307.50,79,30306.50,30307.00,0.50
2026-07-01 10:26:29,30308.00,30308.50,30305.75,30307.00,127,30306.50,30307.00,0.50
2026-07-01 10:26:30,30306.50,30308.00,30305.00,30305.50,51,30305.00,30305.50,0.50
2026-07-01 10:26:31,30305.50,30306.75,30304.50,30305.25,68,30305.00,30305.50,0.50
2026-07-01 10:26:32,30305.50,30305.50,30304.25,30305.00,33,30305.50,30306.00,0.50
2026-07-01 10:26:33,30304.75,30308.00,30304.75,30306.00,40,30305.00,30305.50,0.50
2026-07-01 10:26:34,30305.25,30306.00,30304.75,30305.00,41,30301.75,30302.00,0.25
2026-07-01 10:26:35,30305.50,30306.25,30300.00,30301.75,131,30301.75,30302.00,0.25
2026-07-01 10:26:36,30302.00,30306.25,30301.75,30305.25,95,30305.00,30305.50,0.50
2026-07-01 10:26:37,30305.25,30305.75,30304.00,30304.75,45,30305.00,30305.50,0.50
2026-07-01 10:26:38,30305.25,30307.75,30305.25,30307.50,88,30306.00,30306.50,0.50
2026-07-01 10:26:39,30307.50,30307.50,30306.25,30306.50,17,30304.50,30305.00,0.50
2026-07-01 10:26:40,30305.75,30305.75,30304.50,30305.00,44,30305.75,30306.25,0.50
2026-07-01 10:26:41,30305.00,30305.75,30304.25,30305.25,51,30304.50,30305.00,0.50
2026-07-01 10:26:42,30306.25,30306.25,30304.50,30305.00,44,30303.75,30304.25,0.50
2026-07-01 10:26:43,30305.00,30305.75,30303.75,30303.75,69,30303.75,30304.25,0.50
2026-07-01 10:26:44,30304.25,30304.75,30302.75,30304.25,34,30304.50,30305.00,0.50
2026-07-01 10:26:45,30304.00,30306.00,30304.00,30304.25,50,30307.25,30307.75,0.50
2026-07-01 10:26:46,30305.00,30308.50,30304.00,30307.25,99,30304.50,30305.00,0.50
2026-07-01 10:26:47,30307.75,30307.75,30304.50,30304.50,57,30304.25,30304.75,0.50
2026-07-01 10:26:48,30304.75,30305.25,30304.00,30304.00,27,30304.50,30305.00,0.50
2026-07-01 10:26:49,30304.00,30305.50,30303.75,30304.50,16,30303.25,30303.75,0.50
2026-07-01 10:26:50,30305.00,30306.25,30302.75,30303.75,58,30303.25,30303.75,0.50
2026-07-01 10:26:51,30303.25,30304.75,30302.50,30304.75,45,30304.75,30305.25,0.50
2026-07-01 10:26:52,30304.25,30305.75,30303.75,30305.75,30,30305.25,30305.75,0.50
2026-07-01 10:26:53,30305.50,30306.00,30304.00,30305.50,44,30305.00,30305.50,0.50
2026-07-01 10:26:54,30305.25,30306.50,30303.50,30305.00,44,30304.50,30305.00,0.50
2026-07-01 10:26:55,30305.25,30305.75,30304.75,30305.00,17,30304.50,30305.00,0.50
2026-07-01 10:26:56,30305.00,30305.50,30304.25,30304.25,25,30302.25,30302.50,0.25
2026-07-01 10:26:57,30304.75,30304.75,30302.00,30302.00,62,30301.50,30302.00,0.50
2026-07-01 10:26:58,30302.25,30302.75,30300.50,30301.50,96,30301.25,30301.75,0.50
2026-07-01 10:26:59,30302.50,30302.75,30300.25,30301.75,95,30299.50,30300.00,0.50
2026-07-01 10:27:00,30301.75,30301.75,30298.25,30300.00,111,30299.50,30300.00,0.50
2026-07-01 10:27:01,30299.75,30300.75,30297.25,30298.00,136,30300.50,30301.00,0.50
2026-07-01 10:27:02,30298.25,30300.50,30297.00,30300.50,121,30300.50,30301.00,0.50
2026-07-01 10:27:03,30300.50,30301.50,30299.50,30300.75,56,30295.25,30295.75,0.50
2026-07-01 10:27:04,30300.25,30300.25,30293.50,30295.50,183,30295.75,30296.00,0.25
2026-07-01 10:27:05,30295.50,30298.00,30295.25,30296.00,111,30295.00,30295.50,0.50
2026-07-01 10:27:06,30296.00,30296.75,30294.50,30295.00,56,30294.50,30295.00,0.50
2026-07-01 10:27:07,30295.00,30295.75,30294.00,30295.00,43,30294.25,30294.75,0.50
2026-07-01 10:27:08,30294.50,30295.25,30292.50,30294.75,106,30295.00,30295.50,0.50
2026-07-01 10:27:09,30295.00,30297.00,30294.25,30295.50,75,30289.75,30290.25,0.50
2026-07-01 10:27:10,30295.00,30295.50,30289.25,30289.75,169,30290.00,30290.50,0.50
2026-07-01 10:27:11,30290.25,30292.00,30289.75,30290.25,132,30291.25,30291.75,0.50
2026-07-01 10:27:12,30290.25,30292.25,30288.50,30291.75,119,30291.75,30292.25,0.50
2026-07-01 10:27:13,30292.00,30292.75,30291.75,30292.25,54,30292.00,30292.50,0.50
2026-07-01 10:27:14,30292.00,30292.50,30291.75,30291.75,41,30297.25,30297.75,0.50
2026-07-01 10:27:15,30292.50,30298.50,30292.50,30297.75,176,30302.25,30302.50,0.25
2026-07-01 10:27:16,30297.50,30302.50,30297.50,30302.50,87,30300.25,30300.75,0.50
2026-07-01 10:27:17,30302.50,30304.00,30300.75,30300.75,72,30300.00,30300.25,0.25
2026-07-01 10:27:18,30300.25,30301.00,30298.50,30300.25,77,30300.00,30300.25,0.25
2026-07-01 10:27:19,30300.25,30300.50,30298.25,30299.25,90,30300.00,30300.50,0.50
2026-07-01 10:27:20,30300.00,30301.50,30299.00,30301.00,43,30303.25,30303.75,0.50
2026-07-01 10:27:21,30301.00,30304.25,30301.00,30303.50,109,30302.25,30302.75,0.50
2026-07-01 10:27:22,30303.25,30304.25,30302.25,30302.75,81,30300.50,30300.75,0.25
2026-07-01 10:27:23,30302.75,30302.75,30300.25,30301.00,58,30302.00,30302.50,0.50
2026-07-01 10:27:24,30300.75,30302.75,30300.75,30302.50,53,30301.00,30301.50,0.50
2026-07-01 10:27:25,30302.25,30302.25,30300.50,30301.50,55,30302.75,30303.25,0.50
2026-07-01 10:27:26,30301.25,30303.25,30301.00,30302.75,28,30301.75,30302.25,0.50
2026-07-01 10:27:27,30302.50,30302.50,30299.25,30301.75,55,30301.75,30302.00,0.25
2026-07-01 10:27:28,30302.00,30302.50,30301.25,30301.75,27,30299.75,30300.25,0.50
2026-07-01 10:27:29,30301.75,30302.50,30299.75,30300.00,66,30302.25,30302.50,0.25
2026-07-01 10:27:30,30300.25,30304.00,30300.25,30302.25,76,30301.25,30301.75,0.50
2026-07-01 10:27:31,30303.00,30303.75,30297.50,30302.00,132,30302.00,30302.50,0.50
2026-07-01 10:27:32,30301.75,30303.50,30300.50,30302.50,67,30302.25,30302.75,0.50
2026-07-01 10:27:33,30302.50,30303.00,30301.50,30302.50,16,30302.00,30302.50,0.50
2026-07-01 10:27:34,30302.00,30303.25,30301.25,30302.50,39,30304.25,30304.75,0.50
2026-07-01 10:27:35,30302.25,30306.00,30301.25,30304.50,81,30302.75,30303.25,0.50
2026-07-01 10:27:36,30304.75,30305.00,30302.75,30303.00,50,30303.00,30303.50,0.50
2026-07-01 10:27:37,30302.75,30303.50,30302.00,30303.25,49,30306.50,30306.75,0.25
2026-07-01 10:27:38,30304.00,30307.00,30303.25,30307.00,66,30303.75,30304.25,0.50
2026-07-01 10:27:39,30306.50,30307.25,30303.00,30304.00,77,30305.25,30305.75,0.50
2026-07-01 10:27:40,30304.25,30305.50,30303.75,30305.25,54,30305.00,30305.50,0.50
2026-07-01 10:27:41,30305.50,30306.25,30302.50,30305.25,90,30305.00,30305.50,0.50
2026-07-01 10:27:42,30304.75,30305.25,30304.25,30305.00,26,30304.50,30304.75,0.25
2026-07-01 10:27:43,30305.00,30306.75,30305.00,30305.25,20,30301.00,30301.50,0.50
2026-07-01 10:27:44,30304.75,30304.75,30299.75,30301.25,79,30301.50,30302.00,0.50
2026-07-01 10:27:45,30301.50,30301.75,30300.75,30301.50,38,30302.00,30302.50,0.50
2026-07-01 10:27:46,30301.75,30302.75,30301.50,30302.25,41,30297.75,30298.25,0.50
2026-07-01 10:27:47,30301.75,30302.00,30296.50,30298.25,69,30296.00,30296.50,0.50
2026-07-01 10:27:48,30297.75,30297.75,30295.25,30296.00,78,30296.00,30296.50,0.50
2026-07-01 10:27:49,30296.25,30296.25,30294.00,30295.50,62,30295.00,30295.50,0.50
2026-07-01 10:27:50,30294.75,30296.00,30294.25,30295.25,68,30298.00,30298.25,0.25
2026-07-01 10:27:51,30295.00,30298.50,30294.75,30298.00,108,30295.00,30295.50,0.50
2026-07-01 10:27:52,30298.25,30298.75,30294.25,30294.50,47,30297.25,30297.75,0.50
2026-07-01 10:27:53,30295.00,30297.50,30295.00,30297.50,70,30299.00,30299.50,0.50
2026-07-01 10:27:54,30297.25,30298.75,30297.25,30298.75,40,30301.00,30301.75,0.75
2026-07-01 10:27:55,30299.75,30301.25,30299.25,30301.25,68,30301.25,30301.75,0.50
2026-07-01 10:27:56,30301.50,30302.00,30301.00,30301.75,59,30300.25,30300.75,0.50
2026-07-01 10:27:57,30301.75,30301.75,30299.25,30300.25,55,30301.50,30301.75,0.25
2026-07-01 10:27:58,30301.00,30303.25,30300.75,30302.50,120,30302.50,30303.00,0.50
2026-07-01 10:27:59,30301.75,30303.25,30301.75,30302.25,25,30297.75,30298.00,0.25
2026-07-01 10:28:00,30302.50,30302.50,30297.75,30297.75,104,30297.75,30298.25,0.50
2026-07-01 10:28:01,30298.00,30301.25,30297.50,30299.25,109,30294.00,30294.50,0.50
2026-07-01 10:28:02,30298.75,30298.75,30293.50,30294.25,61,30291.75,30292.25,0.50
2026-07-01 10:28:03,30294.25,30295.00,30291.50,30291.50,95,30291.75,30292.25,0.50
2026-07-01 10:28:04,30292.25,30293.00,30291.25,30292.00,78,30293.25,30293.75,0.50
2026-07-01 10:28:05,30292.00,30293.50,30292.00,30293.50,66,30293.00,30293.50,0.50
2026-07-01 10:28:06,30293.75,30295.25,30292.75,30293.25,59,30292.75,30293.25,0.50
2026-07-01 10:28:07,30293.00,30294.50,30291.75,30293.50,46,30293.00,30293.50,0.50
2026-07-01 10:28:08,30292.75,30295.75,30292.75,30293.00,68,30293.75,30294.25,0.50
2026-07-01 10:28:09,30293.50,30293.75,30292.75,30293.75,12,30293.75,30294.25,0.50
2026-07-01 10:28:10,30294.00,30294.75,30293.25,30294.25,31,30294.00,30294.50,0.50
2026-07-01 10:28:11,30294.25,30294.50,30293.00,30294.00,26,30291.25,30291.75,0.50
2026-07-01 10:28:12,30294.75,30295.00,30290.00,30291.75,121,30293.50,30294.00,0.50
2026-07-01 10:28:13,30291.25,30294.50,30291.00,30294.50,79,30293.50,30294.00,0.50
2026-07-01 10:28:14,30293.50,30293.50,30291.50,30292.00,66,30293.50,30294.00,0.50
2026-07-01 10:28:15,30292.00,30295.00,30291.75,30294.00,46,30294.25,30294.50,0.25
2026-07-01 10:28:16,30293.50,30296.75,30292.50,30294.75,73,30294.25,30294.50,0.25
2026-07-01 10:28:17,30294.75,30296.25,30294.25,30295.25,56,30295.50,30296.00,0.50
2026-07-01 10:28:18,30295.50,30296.25,30294.75,30294.75,44,30290.75,30291.25,0.50
2026-07-01 10:28:19,30296.00,30296.00,30289.00,30291.25,103,30290.50,30291.00,0.50
2026-07-01 10:28:20,30290.50,30291.75,30290.00,30291.00,44,30292.50,30293.00,0.50
2026-07-01 10:28:21,30290.75,30293.00,30290.75,30293.00,46,30291.00,30291.50,0.50
2026-07-01 10:28:22,30292.50,30292.75,30291.00,30291.00,58,30292.50,30293.00,0.50
2026-07-01 10:28:23,30291.75,30293.25,30291.75,30292.75,29,30292.50,30293.00,0.50
2026-07-01 10:28:24,30293.00,30293.00,30291.75,30292.50,19,30292.25,30292.75,0.50
2026-07-01 10:28:25,30292.50,30293.50,30291.25,30292.50,48,30291.25,30291.75,0.50
2026-07-01 10:28:26,30291.75,30293.00,30291.25,30291.25,34,30287.50,30287.75,0.25
2026-07-01 10:28:27,30291.25,30291.25,30287.75,30287.75,93,30289.00,30289.50,0.50
2026-07-01 10:28:28,30287.50,30289.50,30286.75,30289.25,143,30288.50,30288.75,0.25
2026-07-01 10:28:29,30289.25,30290.25,30288.00,30288.50,53,30289.00,30289.50,0.50
2026-07-01 10:28:30,30288.75,30289.00,30287.50,30289.00,30,30287.50,30288.00,0.50
2026-07-01 10:28:31,30289.25,30290.00,30287.25,30288.00,60,30285.50,30286.00,0.50
2026-07-01 10:28:32,30288.00,30288.00,30285.50,30285.50,120,30282.75,30283.25,0.50
2026-07-01 10:28:33,30285.50,30285.75,30281.00,30282.75,338,30283.25,30283.75,0.50
2026-07-01 10:28:34,30282.75,30284.50,30282.50,30283.00,192,30279.50,30280.00,0.50
2026-07-01 10:28:35,30283.75,30283.75,30278.25,30280.00,281,30280.75,30281.25,0.50
2026-07-01 10:28:36,30279.50,30281.75,30279.25,30281.00,162,30282.75,30283.00,0.25
2026-07-01 10:28:37,30280.75,30283.50,30280.50,30282.75,100,30283.25,30283.75,0.50
2026-07-01 10:28:38,30283.00,30283.75,30281.50,30283.50,97,30283.25,30283.75,0.50
2026-07-01 10:28:39,30283.50,30283.50,30279.50,30280.25,107,30279.25,30279.50,0.25
2026-07-01 10:28:40,30280.75,30282.00,30278.25,30279.25,110,30276.50,30277.00,0.50
2026-07-01 10:28:41,30279.50,30280.00,30276.00,30276.50,210,30276.50,30277.00,0.50
2026-07-01 10:28:42,30276.50,30280.00,30275.50,30277.00,141,30277.75,30278.25,0.50
2026-07-01 10:28:43,30277.25,30278.25,30276.00,30278.25,110,30272.75,30273.25,0.50
2026-07-01 10:28:44,30277.75,30278.00,30271.00,30273.00,402,30271.50,30272.00,0.50
2026-07-01 10:28:45,30272.75,30273.00,30271.00,30271.75,215,30271.50,30272.00,0.50
2026-07-01 10:28:46,30271.50,30275.25,30271.50,30273.50,247,30274.50,30275.00,0.50
2026-07-01 10:28:47,30273.75,30275.50,30273.00,30274.75,64,30276.50,30277.00,0.50
2026-07-01 10:28:48,30274.50,30278.25,30274.50,30276.50,148,30279.00,30279.50,0.50
2026-07-01 10:28:49,30277.25,30280.50,30277.25,30279.00,161,30279.50,30280.00,0.50
2026-07-01 10:28:50,30279.50,30281.25,30279.25,30280.00,118,30279.75,30280.25,0.50
2026-07-01 10:28:51,30279.50,30281.50,30279.50,30280.25,126,30280.50,30281.00,0.50
2026-07-01 10:28:52,30280.00,30282.25,30279.50,30280.75,117,30280.50,30281.00,0.50
2026-07-01 10:28:53,30280.50,30282.00,30280.25,30281.00,56,30279.25,30279.75,0.50
2026-07-01 10:28:54,30281.00,30281.00,30279.00,30280.25,67,30279.25,30279.75,0.50
2026-07-01 10:28:55,30279.75,30280.75,30279.00,30279.25,43,30279.00,30279.50,0.50
2026-07-01 10:28:56,30279.00,30279.75,30277.75,30279.00,34,30279.00,30279.50,0.50
2026-07-01 10:28:57,30280.00,30281.00,30278.25,30279.00,32,30277.50,30278.00,0.50
2026-07-01 10:28:58,30279.00,30279.00,30276.00,30277.75,80,30279.25,30279.75,0.50
2026-07-01 10:28:59,30277.75,30280.00,30276.75,30279.75,75,30280.00,30280.50,0.50
2026-07-01 10:29:00,30279.75,30280.75,30279.75,30280.25,36,30279.75,30280.25,0.50
2026-07-01 10:29:01,30280.50,30281.00,30279.75,30280.50,65,30278.50,30279.00,0.50
2026-07-01 10:29:02,30280.25,30280.25,30277.75,30278.50,83,30280.50,30281.00,0.50
2026-07-01 10:29:03,30279.00,30283.00,30278.50,30280.75,116,30278.00,30278.25,0.25
2026-07-01 10:29:04,30280.75,30282.25,30278.50,30278.50,81,30278.75,30279.50,0.75
2026-07-01 10:29:05,30278.00,30279.75,30277.50,30279.00,37,30277.25,30277.75,0.50
2026-07-01 10:29:06,30278.50,30280.25,30276.25,30277.75,126,30279.50,30280.00,0.50
2026-07-01 10:29:07,30277.75,30281.00,30276.75,30279.75,61,30279.75,30280.00,0.25
2026-07-01 10:29:08,30280.00,30280.25,30279.00,30279.75,30,30279.50,30279.75,0.25
2026-07-01 10:29:09,30280.00,30280.00,30277.75,30279.75,84,30283.00,30283.50,0.50
2026-07-01 10:29:10,30280.50,30286.00,30280.25,30283.25,202,30284.75,30285.25,0.50
2026-07-01 10:29:11,30283.50,30286.25,30283.00,30285.00,151,30286.25,30286.75,0.50
2026-07-01 10:29:12,30285.00,30287.50,30285.00,30286.75,104,30285.50,30286.00,0.50
2026-07-01 10:29:13,30286.75,30287.00,30285.25,30286.00,79,30285.50,30286.00,0.50
2026-07-01 10:29:14,30286.00,30286.50,30284.75,30285.50,78,30285.00,30285.50,0.50
2026-07-01 10:29:15,30286.00,30286.50,30285.00,30285.25,44,30285.00,30285.50,0.50
2026-07-01 10:29:16,30285.25,30286.50,30285.00,30285.50,38,30284.75,30285.00,0.25
2026-07-01 10:29:17,30285.50,30286.75,30284.50,30284.50,52,30281.00,30281.50,0.50
2026-07-01 10:29:18,30285.00,30285.00,30280.75,30281.25,114,30280.75,30281.00,0.25
2026-07-01 10:29:19,30281.50,30281.75,30280.50,30280.50,38,30280.00,30280.50,0.50
2026-07-01 10:29:20,30281.00,30281.25,30279.50,30279.50,46,30280.00,30280.50,0.50
2026-07-01 10:29:21,30280.00,30281.25,30280.00,30281.00,23,30281.25,30281.50,0.25
2026-07-01 10:29:22,30281.25,30282.00,30280.25,30282.00,53,30281.75,30282.25,0.50
2026-07-01 10:29:23,30281.25,30282.75,30281.00,30282.25,87,30285.25,30285.75,0.50
2026-07-01 10:29:24,30282.25,30285.75,30281.75,30285.75,99,30285.00,30285.50,0.50
2026-07-01 10:29:25,30285.25,30287.25,30284.75,30285.25,82,30283.75,30284.25,0.50
2026-07-01 10:29:26,30285.25,30286.25,30284.25,30284.75,61,30284.25,30284.75,0.50
2026-07-01 10:29:27,30283.75,30285.50,30283.75,30284.50,37,30284.00,30284.25,0.25
2026-07-01 10:29:28,30284.25,30285.00,30283.75,30284.25,31,30284.25,30284.75,0.50
2026-07-01 10:29:29,30284.50,30285.25,30284.25,30284.50,29,30285.25,30285.75,0.50
2026-07-01 10:29:30,30284.75,30287.00,30284.75,30285.50,61,30284.00,30284.50,0.50
2026-07-01 10:29:31,30285.25,30286.25,30283.75,30284.25,95,30284.25,30284.50,0.25
2026-07-01 10:29:32,30283.75,30286.50,30283.75,30284.25,42,30283.50,30284.00,0.50
2026-07-01 10:29:33,30284.50,30285.50,30282.75,30283.75,65,30284.25,30284.50,0.25
2026-07-01 10:29:34,30283.50,30284.25,30282.00,30284.25,48,30281.50,30281.75,0.25
2026-07-01 10:29:35,30284.50,30284.75,30281.00,30281.50,36,30281.00,30281.50,0.50
2026-07-01 10:29:36,30281.75,30282.75,30281.00,30281.00,27,30281.00,30281.50,0.50
2026-07-01 10:29:37,30281.25,30281.75,30279.75,30279.75,90,30280.75,30281.25,0.50
2026-07-01 10:29:38,30279.75,30280.50,30278.25,30280.50,63,30281.50,30281.75,0.25
2026-07-01 10:29:39,30281.25,30282.25,30279.75,30281.50,39,30281.50,30282.00,0.50
2026-07-01 10:29:40,30281.75,30282.50,30280.75,30282.25,60,30279.75,30280.25,0.50
2026-07-01 10:29:41,30282.00,30282.25,30280.00,30280.50,46,30279.50,30280.00,0.50
2026-07-01 10:29:42,30279.75,30281.00,30278.50,30279.75,59,30278.25,30278.75,0.50
2026-07-01 10:29:43,30279.25,30279.50,30277.50,30278.25,70,30279.00,30279.25,0.25
2026-07-01 10:29:44,30279.75,30282.00,30279.25,30279.25,120,30277.25,30277.75,0.50
2026-07-01 10:29:45,30279.00,30279.50,30275.25,30277.50,68,30277.25,30277.75,0.50
2026-07-01 10:29:46,30277.50,30278.25,30275.75,30277.25,65,30279.50,30279.75,0.25
2026-07-01 10:29:47,30277.25,30281.00,30277.00,30279.75,119,30279.50,30279.75,0.25
2026-07-01 10:29:48,30279.75,30282.50,30279.25,30280.75,83,30280.25,30280.75,0.50
2026-07-01 10:29:49,30280.50,30283.00,30280.00,30282.75,74,30281.25,30281.50,0.25
2026-07-01 10:29:50,30283.50,30284.00,30281.75,30282.00,58,30281.25,30281.75,0.50
2026-07-01 10:29:51,30281.50,30282.50,30281.00,30281.50,41,30282.00,30282.50,0.50
2026-07-01 10:29:52,30281.50,30282.50,30278.00,30282.50,92,30281.75,30282.00,0.25
2026-07-01 10:29:53,30282.25,30282.25,30280.50,30281.50,33,30281.75,30282.25,0.50
2026-07-01 10:29:54,30281.50,30282.50,30280.50,30282.25,36,30281.25,30281.50,0.25
2026-07-01 10:29:55,30282.25,30283.50,30281.25,30281.50,36,30281.25,30281.50,0.25
2026-07-01 10:29:56,30281.75,30282.75,30281.25,30281.75,44,30283.50,30284.00,0.50
2026-07-01 10:29:57,30282.00,30283.75,30280.50,30283.50,58,30286.25,30286.75,0.50
2026-07-01 10:29:58,30283.50,30287.25,30283.25,30286.50,82,30286.75,30287.25,0.50
2026-07-01 10:29:59,30286.75,30288.25,30286.25,30287.25,127,30284.25,30284.50,0.25
2026-07-01 10:30:00,30287.00,30287.50,30284.50,30284.50,63,30283.50,30284.00,0.50
2026-07-01 10:30:01,30285.00,30286.75,30283.25,30283.25,138,30284.75,30285.25,0.50
2026-07-01 10:30:02,30283.50,30287.25,30283.50,30285.25,102,30284.25,30284.75,0.50
2026-07-01 10:30:03,30285.25,30287.00,30282.75,30282.75,114,30280.50,30280.75,0.25
2026-07-01 10:30:04,30284.00,30284.00,30279.25,30280.25,147,30279.00,30279.25,0.25
2026-07-01 10:30:05,30281.00,30281.00,30278.00,30279.25,139,30280.00,30280.25,0.25
2026-07-01 10:30:06,30279.00,30282.50,30278.75,30280.50,121,30281.75,30282.25,0.50
2026-07-01 10:30:07,30280.50,30282.75,30280.25,30282.00,69,30282.00,30282.25,0.25
2026-07-01 10:30:08,30282.25,30282.50,30281.25,30282.00,44,30283.00,30283.50,0.50
2026-07-01 10:30:09,30284.00,30284.50,30282.00,30283.25,60,30282.00,30282.50,0.50
2026-07-01 10:30:10,30284.00,30284.00,30281.00,30282.25,53,30282.25,30282.50,0.25
2026-07-01 10:30:11,30282.00,30283.75,30281.50,30283.25,68,30282.25,30282.50,0.25
2026-07-01 10:30:12,30282.50,30283.25,30281.25,30282.50,72,30278.25,30278.75,0.50
2026-07-01 10:30:13,30282.75,30282.75,30277.75,30278.25,87,30282.00,30282.50,0.50
2026-07-01 10:30:14,30278.25,30282.50,30276.50,30282.50,80,30282.00,30282.50,0.50
2026-07-01 10:30:15,30282.25,30284.00,30281.50,30282.50,79,30285.25,30285.75,0.50
2026-07-01 10:30:16,30282.50,30287.00,30282.50,30285.50,114,30285.00,30285.50,0.50
2026-07-01 10:30:17,30285.75,30287.00,30284.75,30284.75,74,30285.75,30286.25,0.50
2026-07-01 10:30:18,30285.50,30286.50,30285.00,30286.25,103,30281.75,30282.00,0.25
2026-07-01 10:30:19,30285.75,30285.75,30281.00,30282.00,82,30283.00,30283.50,0.50
2026-07-01 10:30:20,30282.00,30283.25,30282.00,30283.25,42,30285.50,30286.00,0.50
2026-07-01 10:30:21,30283.25,30287.00,30283.25,30285.50,92,30285.50,30286.00,0.50
2026-07-01 10:30:22,30286.00,30287.50,30284.75,30286.00,47,30288.50,30289.00,0.50
2026-07-01 10:30:23,30286.00,30289.50,30284.25,30288.50,114,30288.50,30289.00,0.50
2026-07-01 10:30:24,30289.00,30289.25,30286.00,30287.75,91,30287.75,30288.25,0.50
2026-07-01 10:30:25,30288.00,30288.00,30284.75,30286.50,66,30284.25,30284.75,0.50
2026-07-01 10:30:26,30286.00,30286.00,30284.00,30284.25,97,30284.50,30285.00,0.50
2026-07-01 10:30:27,30284.75,30285.75,30283.50,30284.25,32,30283.50,30284.00,0.50
2026-07-01 10:30:28,30284.75,30286.00,30279.00,30283.25,130,30280.75,30281.25,0.50
2026-07-01 10:30:29,30284.00,30285.75,30280.25,30280.25,101,30281.00,30281.25,0.25
2026-07-01 10:30:30,30280.25,30283.75,30280.25,30281.50,50,30281.00,30281.25,0.25
2026-07-01 10:30:31,30281.25,30282.50,30277.50,30280.50,159,30282.75,30283.25,0.50
2026-07-01 10:30:32,30280.25,30283.25,30279.50,30283.25,70,30277.75,30278.25,0.50
2026-07-01 10:30:33,30283.25,30283.25,30277.50,30277.50,98,30277.75,30278.25,0.50
2026-07-01 10:30:34,30278.00,30278.00,30273.00,30277.75,242,30277.50,30278.00,0.50
2026-07-01 10:30:35,30277.75,30279.00,30276.00,30277.50,102,30271.75,30272.25,0.50
2026-07-01 10:30:36,30277.75,30278.00,30269.50,30272.00,430,30273.00,30273.25,0.25
2026-07-01 10:30:37,30271.75,30274.00,30270.25,30273.00,318,30269.50,30270.00,0.50
2026-07-01 10:30:38,30273.50,30274.00,30269.50,30269.75,169,30271.50,30272.00,0.50
2026-07-01 10:30:39,30270.00,30272.50,30269.50,30272.00,256,30272.50,30273.00,0.50
2026-07-01 10:30:40,30272.00,30274.00,30271.50,30273.00,135,30274.75,30275.25,0.50
2026-07-01 10:30:41,30273.00,30275.25,30272.75,30275.00,165,30272.75,30273.00,0.25
2026-07-01 10:30:42,30275.25,30275.25,30269.75,30272.75,290,30273.75,30274.00,0.25
2026-07-01 10:30:43,30273.00,30273.75,30271.00,30273.50,259,30271.50,30272.00,0.50
2026-07-01 10:30:44,30273.75,30275.25,30270.75,30271.75,209,30271.50,30272.00,0.50
2026-07-01 10:30:45,30271.75,30272.25,30263.25,30267.25,594,30268.00,30268.50,0.50
2026-07-01 10:30:46,30266.75,30269.25,30266.00,30268.00,248,30261.75,30262.25,0.50
2026-07-01 10:30:47,30268.00,30268.00,30260.00,30262.00,430,30260.75,30261.00,0.25
2026-07-01 10:30:48,30261.75,30263.50,30259.50,30260.50,336,30260.75,30261.00,0.25
2026-07-01 10:30:49,30261.00,30262.50,30260.25,30261.50,236,30261.50,30262.00,0.50
2026-07-01 10:30:50,30261.75,30262.25,30260.50,30261.00,121,30256.25,30256.50,0.25
2026-07-01 10:30:51,30261.25,30262.00,30255.75,30257.00,413,30257.75,30258.25,0.50
2026-07-01 10:30:52,30256.50,30258.50,30254.00,30258.00,371,30258.00,30258.25,0.25
2026-07-01 10:30:53,30257.75,30258.50,30255.50,30258.00,214,30258.00,30258.25,0.25
2026-07-01 10:30:54,30258.00,30258.25,30255.25,30255.75,131,30256.00,30256.50,0.50
2026-07-01 10:30:55,30255.50,30256.75,30254.25,30256.00,157,30257.50,30257.75,0.25
2026-07-01 10:30:56,30256.25,30257.50,30255.00,30257.50,168,30257.50,30257.75,0.25
2026-07-01 10:30:57,30257.75,30257.75,30255.00,30255.50,144,30258.25,30258.75,0.50
2026-07-01 10:30:58,30255.75,30258.50,30255.50,30258.25,129,30258.25,30258.75,0.50
2026-07-01 10:30:59,30258.75,30259.50,30257.25,30259.00,150,30260.50,30261.00,0.50
2026-07-01 10:31:00,30259.25,30261.25,30258.75,30261.00,173,30260.50,30261.00,0.50
2026-07-01 10:31:01,30261.00,30263.75,30257.75,30263.25,281,30259.25,30259.75,0.50
2026-07-01 10:31:02,30262.75,30263.00,30259.25,30259.75,178,30262.75,30263.25,0.50
2026-07-01 10:31:03,30259.25,30263.50,30259.25,30262.75,164,30261.50,30262.00,0.50
2026-07-01 10:31:04,30263.00,30265.25,30260.50,30261.50,306,30257.25,30257.75,0.50
2026-07-01 10:31:05,30262.00,30262.25,30256.25,30257.75,213,30257.25,30257.75,0.50
2026-07-01 10:31:06,30257.75,30258.75,30256.00,30257.25,158,30258.25,30258.75,0.50
2026-07-01 10:31:07,30257.50,30259.25,30256.50,30258.25,151,30255.00,30255.50,0.50
2026-07-01 10:31:08,30258.00,30260.25,30254.25,30255.50,143,30257.75,30258.25,0.50
2026-07-01 10:31:09,30255.00,30258.50,30255.00,30258.25,124,30257.75,30258.25,0.50
2026-07-01 10:31:10,30258.25,30259.25,30256.50,30258.50,131,30260.00,30260.50,0.50
2026-07-01 10:31:11,30258.50,30260.75,30258.00,30260.00,118,30255.75,30256.00,0.25
2026-07-01 10:31:12,30260.50,30260.50,30255.00,30255.25,167,30255.75,30256.00,0.25
2026-07-01 10:31:13,30255.75,30256.25,30246.00,30247.75,858,30246.50,30247.00,0.50
2026-07-01 10:31:14,30247.75,30249.25,30245.75,30246.75,286,30246.50,30247.00,0.50
2026-07-01 10:31:15,30247.00,30248.25,30246.00,30246.75,284,30246.50,30247.00,0.50
2026-07-01 10:31:16,30246.75,30250.75,30246.00,30250.25,309,30248.75,30249.25,0.50
2026-07-01 10:31:17,30250.00,30252.00,30247.50,30249.00,169,30248.75,30249.25,0.50
2026-07-01 10:31:18,30249.00,30250.00,30247.25,30247.75,153,30251.00,30251.50,0.50
2026-07-01 10:31:19,30248.00,30251.50,30247.50,30251.50,222,30252.75,30253.25,0.50
2026-07-01 10:31:20,30251.00,30254.50,30249.75,30253.75,303,30255.25,30255.75,0.50
2026-07-01 10:31:21,30253.25,30255.75,30251.75,30255.75,167,30252.00,30252.25,0.25
2026-07-01 10:31:22,30255.25,30255.50,30251.75,30251.75,155,30252.00,30252.25,0.25
2026-07-01 10:31:23,30252.00,30252.50,30248.75,30248.75,148,30248.75,30249.25,0.50
2026-07-01 10:31:24,30249.25,30252.25,30248.75,30250.75,167,30254.25,30254.75,0.50
2026-07-01 10:31:25,30250.50,30255.25,30250.25,30254.25,179,30250.75,30251.25,0.50
2026-07-01 10:31:26,30254.00,30254.25,30250.25,30251.25,96,30247.00,30247.50,0.50
2026-07-01 10:31:27,30251.25,30251.50,30246.25,30247.25,155,30247.00,30247.50,0.50
2026-07-01 10:31:28,30247.25,30247.50,30245.25,30246.00,130,30245.75,30246.25,0.50
2026-07-01 10:31:29,30246.25,30247.50,30244.00,30245.25,245,30245.75,30246.25,0.50
2026-07-01 10:31:30,30246.00,30246.50,30241.50,30244.25,425,30243.25,30243.75,0.50
2026-07-01 10:31:31,30245.25,30246.25,30242.50,30243.75,165,30239.25,30239.75,0.50
2026-07-01 10:31:32,30243.75,30243.75,30238.00,30239.75,548,30243.25,30243.75,0.50
2026-07-01 10:31:33,30239.75,30244.25,30239.75,30243.25,232,30244.00,30244.25,0.25
2026-07-01 10:31:34,30243.75,30246.00,30243.25,30244.00,176,30244.00,30244.25,0.25
2026-07-01 10:31:35,30244.00,30247.75,30243.75,30246.75,179,30244.00,30244.50,0.50
2026-07-01 10:31:36,30246.50,30250.50,30243.25,30244.25,377,30244.00,30244.50,0.50
2026-07-01 10:31:37,30244.00,30244.50,30242.50,30244.50,91,30243.00,30243.50,0.50
2026-07-01 10:31:38,30244.00,30244.00,30241.00,30242.75,123,30242.00,30242.50,0.50
2026-07-01 10:31:39,30243.00,30243.75,30241.75,30242.50,97,30245.00,30245.50,0.50
2026-07-01 10:31:40,30242.50,30245.50,30242.00,30245.50,123,30245.00,30245.50,0.50
2026-07-01 10:31:41,30245.50,30247.25,30241.50,30241.50,258,30242.50,30243.00,0.50
2026-07-01 10:31:42,30241.50,30243.00,30239.75,30243.00,156,30241.75,30242.25,0.50
2026-07-01 10:31:43,30243.00,30243.25,30240.75,30242.00,104,30241.75,30242.25,0.50
2026-07-01 10:31:44,30241.75,30243.50,30241.25,30241.50,114,30247.50,30248.00,0.50
2026-07-01 10:31:45,30241.75,30248.00,30241.25,30247.75,190,30247.50,30248.00,0.50
2026-07-01 10:31:46,30247.50,30249.50,30246.50,30247.75,186,30251.00,30251.50,0.50
2026-07-01 10:31:47,30247.50,30254.50,30247.25,30251.00,386,30250.75,30251.25,0.50
2026-07-01 10:31:48,30251.00,30251.50,30249.25,30251.25,95,30252.25,30252.75,0.50
2026-07-01 10:31:49,30251.00,30253.00,30249.50,30252.50,166,30255.75,30256.25,0.50
2026-07-01 10:31:50,30252.25,30256.75,30251.50,30256.00,198,30255.50,30256.00,0.50
2026-07-01 10:31:51,30255.75,30256.25,30254.75,30255.50,93,30253.00,30253.50,0.50
2026-07-01 10:31:52,30256.00,30256.25,30252.25,30253.00,136,30251.25,30251.75,0.50
2026-07-01 10:31:53,30253.25,30254.00,30250.75,30251.75,86,30252.00,30252.50,0.50
2026-07-01 10:31:54,30251.25,30252.50,30251.25,30251.50,63,30249.75,30250.25,0.50
2026-07-01 10:31:55,30252.25,30252.50,30248.50,30250.25,100,30249.50,30250.00,0.50
2026-07-01 10:31:56,30249.50,30250.25,30247.75,30249.50,53,30249.00,30249.50,0.50
2026-07-01 10:31:57,30249.50,30250.25,30247.75,30249.25,78,30246.75,30247.25,0.50
2026-07-01 10:31:58,30248.75,30250.00,30246.25,30247.50,93,30247.50,30248.00,0.50
2026-07-01 10:31:59,30247.25,30248.25,30246.75,30248.00,61,30251.50,30252.00,0.50
2026-07-01 10:32:00,30248.50,30251.75,30247.50,30251.75,148,30250.50,30251.00,0.50
2026-07-01 10:32:01,30251.50,30251.75,30248.50,30250.50,194,30255.00,30255.50,0.50
2026-07-01 10:32:02,30251.00,30255.75,30250.50,30255.25,207,30257.00,30257.50,0.50
2026-07-01 10:32:03,30255.50,30258.50,30255.25,30257.25,204,30254.50,30255.00,0.50
2026-07-01 10:32:04,30257.00,30257.50,30254.00,30254.50,163,30254.50,30255.00,0.50
2026-07-01 10:32:05,30254.75,30256.50,30254.00,30256.25,75,30260.25,30260.75,0.50
2026-07-01 10:32:06,30256.50,30262.25,30255.75,30260.75,277,30256.50,30256.75,0.25
2026-07-01 10:32:07,30260.50,30261.25,30255.75,30256.50,207,30255.50,30256.00,0.50
2026-07-01 10:32:08,30256.75,30257.00,30253.75,30256.00,205,30252.75,30253.25,0.50
2026-07-01 10:32:09,30256.00,30256.50,30253.00,30253.00,113,30251.50,30251.75,0.25
2026-07-01 10:32:10,30253.25,30253.50,30250.00,30251.50,151,30246.00,30246.25,0.25
2026-07-01 10:32:11,30251.50,30251.50,30244.75,30246.00,222,30237.25,30237.75,0.50
2026-07-01 10:32:12,30246.00,30246.25,30235.75,30237.75,582,30237.25,30237.75,0.50
2026-07-01 10:32:13,30237.50,30238.00,30234.75,30235.00,343,30234.00,30234.75,0.75
2026-07-01 10:32:14,30235.50,30236.75,30233.25,30234.25,316,30235.00,30235.50,0.50
2026-07-01 10:32:15,30234.50,30238.00,30234.25,30235.25,286,30235.75,30236.25,0.50
2026-07-01 10:32:16,30235.25,30237.25,30234.50,30235.75,191,30237.25,30237.50,0.25
2026-07-01 10:32:17,30235.75,30238.00,30234.00,30237.25,163,30232.00,30232.50,0.50
2026-07-01 10:32:18,30237.25,30237.25,30231.75,30232.25,256,30232.00,30232.50,0.50
2026-07-01 10:32:19,30232.50,30233.75,30230.50,30231.25,315,30229.50,30230.00,0.50
2026-07-01 10:32:20,30231.25,30232.00,30228.00,30228.75,491,30229.50,30230.00,0.50
2026-07-01 10:32:21,30229.75,30232.25,30229.25,30231.25,290,30230.25,30230.75,0.50
2026-07-01 10:32:22,30232.00,30232.75,30230.25,30230.50,175,30227.00,30227.50,0.50
2026-07-01 10:32:23,30230.50,30230.50,30225.50,30227.50,356,30227.50,30228.00,0.50
2026-07-01 10:32:24,30227.00,30228.50,30224.00,30227.50,320,30225.00,30225.50,0.50
2026-07-01 10:32:25,30227.50,30229.50,30225.25,30225.50,206,30225.00,30225.50,0.50
2026-07-01 10:32:26,30225.00,30231.75,30225.00,30227.50,206,30226.50,30227.00,0.50
2026-07-01 10:32:27,30227.00,30227.00,30224.50,30226.50,155,30227.25,30227.75,0.50
2026-07-01 10:32:28,30226.50,30228.25,30225.50,30227.50,109,30228.75,30229.25,0.50
2026-07-01 10:32:29,30227.75,30229.25,30227.75,30229.00,139,30229.50,30230.00,0.50
2026-07-01 10:32:30,30229.00,30231.00,30228.00,30229.75,146,30224.00,30224.50,0.50
2026-07-01 10:32:31,30230.00,30230.75,30224.00,30224.00,313,30224.50,30225.00,0.50
2026-07-01 10:32:32,30224.50,30225.75,30224.25,30224.75,140,30224.50,30225.00,0.50
2026-07-01 10:32:33,30225.00,30225.00,30220.00,30221.00,450,30220.50,30221.00,0.50
2026-07-01 10:32:34,30220.75,30223.25,30219.25,30222.75,298,30222.25,30223.00,0.75
2026-07-01 10:32:35,30223.00,30223.25,30222.00,30222.75,171,30222.25,30223.00,0.75
2026-07-01 10:32:36,30222.50,30225.75,30222.00,30225.75,214,30225.25,30225.75,0.50
2026-07-01 10:32:37,30225.75,30227.75,30223.00,30223.00,167,30224.00,30224.50,0.50
2026-07-01 10:32:38,30223.50,30225.50,30223.25,30225.00,154,30224.00,30224.50,0.50
2026-07-01 10:32:39,30224.75,30225.75,30223.50,30224.75,95,30222.75,30223.00,0.25
2026-07-01 10:32:40,30225.00,30226.00,30223.00,30223.00,215,30222.75,30223.00,0.25
2026-07-01 10:32:41,30223.00,30224.25,30219.75,30223.50,311,30223.00,30223.50,0.50
2026-07-01 10:32:42,30224.00,30224.75,30221.25,30223.50,108,30222.00,30222.25,0.25
2026-07-01 10:32:43,30223.00,30223.50,30221.50,30222.00,91,30222.00,30222.25,0.25
2026-07-01 10:32:44,30222.25,30223.25,30220.75,30221.75,113,30223.25,30223.75,0.50
2026-07-01 10:32:45,30222.75,30223.75,30221.75,30223.50,114,30226.75,30227.00,0.25
2026-07-01 10:32:46,30223.00,30228.50,30223.00,30227.00,235,30224.50,30225.00,0.50
2026-07-01 10:32:47,30226.75,30229.00,30223.50,30224.25,220,30224.50,30225.00,0.50
2026-07-01 10:32:48,30224.75,30226.25,30224.25,30224.50,123,30225.00,30225.50,0.50
2026-07-01 10:32:49,30224.50,30225.50,30223.50,30225.00,79,30226.25,30226.50,0.25
2026-07-01 10:32:50,30225.00,30227.50,30224.50,30227.00,78,30229.25,30229.75,0.50
2026-07-01 10:32:51,30226.75,30230.25,30226.50,30230.25,94,30228.25,30228.75,0.50
2026-07-01 10:32:52,30229.00,30230.25,30228.25,30228.25,98,30227.50,30227.75,0.25
2026-07-01 10:32:53,30228.50,30228.75,30227.25,30227.75,89,30225.00,30225.50,0.50
2026-07-01 10:32:54,30227.75,30227.75,30224.50,30224.75,99,30225.50,30226.00,0.50
2026-07-01 10:32:55,30225.25,30227.00,30225.00,30226.00,68,30226.00,30226.50,0.50
2026-07-01 10:32:56,30226.00,30226.75,30224.50,30226.50,67,30227.25,30227.75,0.50
2026-07-01 10:32:57,30226.50,30229.00,30225.50,30227.75,147,30232.75,30233.25,0.50
2026-07-01 10:32:58,30227.25,30233.50,30227.25,30233.00,164,30234.75,30235.00,0.25
2026-07-01 10:32:59,30232.75,30236.25,30232.50,30235.00,190,30234.75,30235.00,0.25
2026-07-01 10:33:00,30235.00,30237.25,30234.25,30236.25,199,30235.75,30236.00,0.25
2026-07-01 10:33:01,30236.00,30239.25,30234.50,30238.75,236,30240.25,30240.75,0.50
2026-07-01 10:33:02,30238.25,30241.25,30237.25,30240.50,354,30240.50,30241.00,0.50
2026-07-01 10:33:03,30240.75,30242.00,30239.75,30241.00,269,30239.50,30240.00,0.50
2026-07-01 10:33:04,30241.00,30243.00,30238.50,30240.00,249,30238.25,30239.00,0.75
2026-07-01 10:33:05,30239.50,30241.00,30238.25,30239.00,162,30238.25,30239.00,0.75
2026-07-01 10:33:06,30238.75,30239.00,30233.25,30234.75,170,30234.25,30234.75,0.50
2026-07-01 10:33:07,30234.25,30236.75,30233.25,30234.50,131,30237.25,30237.75,0.50
2026-07-01 10:33:08,30234.50,30238.25,30233.50,30237.25,152,30240.50,30241.00,0.50
2026-07-01 10:33:09,30237.25,30241.50,30236.50,30240.75,128,30240.50,30241.00,0.50
2026-07-01 10:33:10,30241.25,30242.50,30240.00,30241.00,109,30240.75,30241.25,0.50
2026-07-01 10:33:11,30240.75,30242.75,30240.50,30241.25,135,30245.25,30245.50,0.25
2026-07-01 10:33:12,30241.25,30247.50,30241.25,30245.00,317,30245.25,30245.50,0.25
2026-07-01 10:33:13,30245.00,30248.50,30245.00,30246.25,141,30246.00,30246.50,0.50
2026-07-01 10:33:14,30246.25,30247.50,30244.75,30246.00,118,30246.00,30246.50,0.50
2026-07-01 10:33:15,30246.25,30246.75,30243.00,30245.75,154,30245.50,30246.00,0.50
2026-07-01 10:33:16,30245.50,30246.00,30244.00,30244.50,102,30240.25,30240.75,0.50
2026-07-01 10:33:17,30244.25,30244.50,30241.00,30241.00,73,30240.25,30240.75,0.50
2026-07-01 10:33:18,30240.75,30242.00,30239.50,30241.00,109,30241.75,30242.25,0.50
2026-07-01 10:33:19,30241.00,30243.00,30239.75,30241.50,140,30242.50,30243.00,0.50
2026-07-01 10:33:20,30241.75,30243.75,30241.00,30242.00,64,30241.75,30242.25,0.50
2026-07-01 10:33:21,30242.50,30243.25,30241.25,30241.50,140,30241.75,30242.25,0.50
2026-07-01 10:33:22,30242.25,30243.25,30241.00,30243.25,129,30242.75,30243.25,0.50
2026-07-01 10:33:23,30243.00,30244.25,30240.75,30241.00,93,30237.50,30238.00,0.50
2026-07-01 10:33:24,30240.50,30240.50,30236.50,30238.00,177,30237.50,30238.00,0.50
2026-07-01 10:33:25,30237.50,30240.00,30237.50,30239.00,87,30238.25,30238.75,0.50
2026-07-01 10:33:26,30239.25,30240.50,30237.50,30237.75,103,30235.00,30235.50,0.50
2026-07-01 10:33:27,30238.50,30238.50,30234.75,30235.25,125,30234.00,30234.50,0.50
2026-07-01 10:33:28,30235.00,30236.25,30233.00,30234.00,205,30234.50,30235.00,0.50
2026-07-01 10:33:29,30234.00,30235.50,30232.75,30234.50,116,30235.75,30236.25,0.50
2026-07-01 10:33:30,30234.50,30236.25,30233.25,30236.25,83,30235.25,30235.75,0.50
2026-07-01 10:33:31,30235.50,30237.75,30234.75,30235.25,174,30234.00,30234.50,0.50
2026-07-01 10:33:32,30235.00,30237.00,30234.25,30234.50,52,30234.00,30234.50,0.50
2026-07-01 10:33:33,30234.25,30234.25,30227.25,30227.50,268,30231.50,30232.00,0.50
2026-07-01 10:33:34,30227.25,30232.25,30227.25,30231.50,161,30231.75,30232.25,0.50
2026-07-01 10:33:35,30231.50,30233.25,30231.25,30232.25,132,30232.50,30233.00,0.50
2026-07-01 10:33:36,30232.25,30233.50,30231.00,30232.50,85,30229.50,30230.00,0.50
2026-07-01 10:33:37,30233.00,30233.75,30229.25,30229.75,92,30229.50,30230.00,0.50
2026-07-01 10:33:38,30229.75,30231.25,30229.25,30229.50,80,30229.75,30230.25,0.50
2026-07-01 10:33:39,30229.75,30231.50,30228.50,30230.25,111,30231.25,30231.75,0.50
2026-07-01 10:33:40,30229.25,30231.25,30229.25,30231.25,101,30229.50,30230.00,0.50
2026-07-01 10:33:41,30231.75,30232.00,30228.75,30229.25,82,30230.00,30230.50,0.50
2026-07-01 10:33:42,30229.50,30232.50,30228.50,30230.75,121,30231.00,30231.25,0.25
2026-07-01 10:33:43,30230.00,30231.25,30229.75,30231.00,69,30231.75,30232.00,0.25
2026-07-01 10:33:44,30231.00,30232.50,30229.75,30231.00,108,30231.75,30232.00,0.25
2026-07-01 10:33:45,30231.25,30232.00,30228.00,30228.00,67,30226.00,30226.50,0.50
2026-07-01 10:33:46,30229.00,30229.75,30225.75,30226.00,123,30231.25,30231.75,0.50
2026-07-01 10:33:47,30226.00,30231.75,30225.75,30231.75,134,30230.75,30231.00,0.25
2026-07-01 10:33:48,30231.25,30232.50,30229.75,30230.50,83,30229.25,30229.75,0.50
2026-07-01 10:33:49,30231.00,30231.00,30228.00,30229.00,87,30228.75,30229.25,0.50
2026-07-01 10:33:50,30230.00,30231.25,30229.00,30229.00,68,30229.50,30230.00,0.50
2026-07-01 10:33:51,30229.00,30231.25,30228.75,30229.50,49,30226.50,30226.75,0.25
2026-07-01 10:33:52,30229.50,30229.50,30225.00,30226.25,150,30224.50,30225.00,0.50
2026-07-01 10:33:53,30226.25,30227.75,30223.75,30224.25,149,30223.00,30223.50,0.50
2026-07-01 10:33:54,30225.25,30225.50,30222.25,30223.50,143,30223.25,30223.75,0.50
2026-07-01 10:33:55,30223.00,30224.00,30221.50,30223.75,145,30224.75,30225.00,0.25
2026-07-01 10:33:56,30223.75,30225.00,30223.00,30224.75,71,30224.50,30225.00,0.50
2026-07-01 10:33:57,30225.00,30225.75,30223.75,30224.50,86,30226.75,30227.00,0.25
2026-07-01 10:33:58,30225.00,30227.00,30224.50,30227.00,88,30227.25,30227.75,0.50
2026-07-01 10:33:59,30227.25,30228.25,30225.75,30227.50,68,30227.25,30227.75,0.50
2026-07-01 10:34:00,30227.50,30228.50,30226.00,30227.50,96,30228.00,30228.25,0.25
2026-07-01 10:34:01,30227.00,30229.00,30226.75,30228.00,92,30232.50,30233.00,0.50
2026-07-01 10:34:02,30228.00,30234.25,30228.00,30232.25,307,30232.00,30232.50,0.50
2026-07-01 10:34:03,30233.00,30233.00,30229.75,30232.50,107,30232.00,30232.50,0.50
2026-07-01 10:34:04,30232.50,30238.75,30232.00,30237.50,296,30234.25,30234.50,0.25
2026-07-01 10:34:05,30236.75,30236.75,30234.25,30234.50,120,30234.25,30234.50,0.25
2026-07-01 10:34:06,30234.50,30234.50,30230.50,30230.50,150,30232.75,30233.25,0.50
2026-07-01 10:34:07,30231.00,30234.00,30231.00,30232.75,96,30231.50,30231.75,0.25
2026-07-01 10:34:08,30232.50,30232.75,30230.75,30231.50,69,30232.25,30232.75,0.50
2026-07-01 10:34:09,30231.50,30233.25,30231.25,30232.50,40,30231.75,30232.25,0.50
2026-07-01 10:34:10,30233.25,30233.75,30230.75,30231.75,73,30231.25,30231.75,0.50
2026-07-01 10:34:11,30232.25,30232.25,30231.00,30231.50,55,30226.50,30227.00,0.50
2026-07-01 10:34:12,30231.00,30231.00,30225.50,30227.00,187,30226.50,30227.00,0.50
2026-07-01 10:34:13,30226.50,30227.00,30223.25,30224.00,153,30223.50,30224.00,0.50
2026-07-01 10:34:14,30224.25,30224.25,30221.00,30223.25,172,30223.50,30224.00,0.50
2026-07-01 10:34:15,30223.50,30225.25,30221.25,30225.00,120,30226.50,30227.00,0.50
2026-07-01 10:34:16,30224.75,30228.50,30224.75,30226.50,139,30226.50,30227.00,0.50
2026-07-01 10:34:17,30227.00,30229.25,30226.50,30228.25,106,30231.00,30231.50,0.50
2026-07-01 10:34:18,30228.00,30232.50,30228.00,30231.75,238,30229.00,30229.50,0.50
2026-07-01 10:34:19,30231.25,30232.00,30228.25,30228.75,253,30229.50,30230.00,0.50
2026-07-01 10:34:20,30229.25,30230.50,30228.50,30229.50,122,30225.75,30226.25,0.50
2026-07-01 10:34:21,30230.00,30231.25,30226.00,30226.00,117,30226.50,30227.00,0.50
2026-07-01 10:34:22,30226.25,30226.75,30225.50,30226.25,93,30228.75,30229.25,0.50
2026-07-01 10:34:23,30226.50,30229.50,30226.50,30229.00,90,30228.00,30228.50,0.50
2026-07-01 10:34:24,30229.00,30229.00,30226.50,30228.00,136,30230.00,30230.25,0.25
2026-07-01 10:34:25,30228.50,30230.75,30228.00,30230.25,65,30230.75,30231.25,0.50
2026-07-01 10:34:26,30230.00,30232.25,30230.00,30231.50,93,30226.00,30226.50,0.50
2026-07-01 10:34:27,30231.25,30231.75,30226.00,30226.25,158,30227.25,30227.75,0.50
2026-07-01 10:34:28,30226.50,30228.75,30226.50,30227.50,62,30230.50,30230.75,0.25
2026-07-01 10:34:29,30227.50,30231.50,30227.25,30230.50,93,30229.25,30229.75,0.50
2026-07-01 10:34:30,30230.75,30231.00,30229.50,30229.50,45,30226.50,30226.75,0.25
2026-07-01 10:34:31,30229.50,30230.75,30226.75,30226.75,67,30226.25,30226.75,0.50
2026-07-01 10:34:32,30226.50,30227.75,30226.00,30226.50,87,30224.75,30225.25,0.50
2026-07-01 10:34:33,30226.50,30227.25,30223.75,30225.00,149,30225.25,30225.75,0.50
2026-07-01 10:34:34,30225.25,30226.00,30223.50,30226.00,80,30225.00,30225.25,0.25
2026-07-01 10:34:35,30225.75,30226.00,30223.75,30225.00,85,30225.25,30225.75,0.50
2026-07-01 10:34:36,30225.25,30226.00,30224.75,30225.00,56,30227.50,30227.75,0.25
2026-07-01 10:34:37,30225.25,30228.75,30225.25,30227.75,94,30228.25,30228.75,0.50
2026-07-01 10:34:38,30227.25,30229.25,30226.75,30228.75,68,30227.25,30227.75,0.50
2026-07-01 10:34:39,30229.00,30229.25,30225.25,30227.75,108,30229.00,30229.50,0.50
2026-07-01 10:34:40,30227.00,30230.00,30227.00,30229.00,91,30228.25,30228.75,0.50
2026-07-01 10:34:41,30229.00,30229.75,30228.25,30228.50,51,30229.25,30229.50,0.25
2026-07-01 10:34:42,30228.25,30231.50,30228.25,30229.50,79,30227.75,30228.25,0.50
2026-07-01 10:34:43,30229.75,30230.50,30228.00,30228.00,99,30226.50,30227.00,0.50
2026-07-01 10:34:44,30228.75,30229.50,30226.00,30226.50,143,30226.75,30227.00,0.25
2026-07-01 10:34:45,30226.50,30227.50,30225.75,30227.25,57,30227.75,30228.00,0.25
2026-07-01 10:34:46,30227.25,30230.25,30227.25,30228.25,95,30227.75,30228.00,0.25
2026-07-01 10:34:47,30228.00,30234.50,30227.75,30234.00,165,30233.50,30234.00,0.50
2026-07-01 10:34:48,30233.75,30234.25,30232.50,30234.00,106,30239.50,30240.00,0.50
2026-07-01 10:34:49,30234.00,30240.00,30233.25,30240.00,343,30241.00,30241.50,0.50
2026-07-01 10:34:50,30239.75,30242.00,30239.25,30241.50,188,30244.50,30244.75,0.25
2026-07-01 10:34:51,30241.50,30244.75,30241.25,30244.75,242,30242.75,30243.25,0.50
2026-07-01 10:34:52,30244.50,30246.25,30242.50,30242.50,335,30241.25,30241.75,0.50
2026-07-01 10:34:53,30242.75,30243.50,30240.25,30241.25,154,30241.25,30241.75,0.50
2026-07-01 10:34:54,30241.75,30242.00,30239.50,30239.75,76,30237.50,30237.75,0.25
2026-07-01 10:34:55,30239.75,30240.75,30237.50,30238.00,92,30236.75,30237.25,0.50
2026-07-01 10:34:56,30238.00,30239.00,30236.75,30237.50,115,30234.25,30234.75,0.50
2026-07-01 10:34:57,30237.00,30238.00,30234.00,30234.50,102,30234.25,30234.75,0.50
2026-07-01 10:34:58,30234.50,30236.50,30234.50,30236.25,82,30237.00,30237.50,0.50
2026-07-01 10:34:59,30236.75,30237.50,30235.75,30237.00,86,30236.50,30237.00,0.50
2026-07-01 10:35:00,30237.00,30238.25,30236.00,30236.25,74,30234.25,30234.75,0.50
2026-07-01 10:35:01,30236.75,30237.50,30232.50,30234.75,191,30232.00,30232.50,0.50
2026-07-01 10:35:02,30234.25,30234.25,30230.75,30232.50,316,30234.00,30234.50,0.50
2026-07-01 10:35:03,30232.00,30235.25,30231.75,30234.25,170,30231.50,30232.00,0.50
2026-07-01 10:35:04,30234.25,30234.25,30230.00,30231.75,148,30234.25,30234.75,0.50
2026-07-01 10:35:05,30231.50,30234.75,30230.75,30234.50,97,30240.00,30240.50,0.50
2026-07-01 10:35:06,30234.25,30240.00,30234.25,30240.00,241,30239.00,30239.50,0.50
2026-07-01 10:35:07,30240.25,30241.75,30237.75,30239.25,158,30237.50,30238.00,0.50
2026-07-01 10:35:08,30239.50,30239.50,30237.25,30237.50,121,30235.00,30235.50,0.50
2026-07-01 10:35:09,30237.50,30238.00,30235.25,30235.50,93,30233.25,30233.75,0.50
2026-07-01 10:35:10,30235.00,30235.50,30232.00,30233.00,91,30233.00,30233.50,0.50
2026-07-01 10:35:11,30233.75,30235.00,30232.50,30234.00,81,30233.00,30233.50,0.50
2026-07-01 10:35:12,30233.25,30235.25,30232.25,30233.00,93,30233.00,30233.50,0.50
2026-07-01 10:35:13,30233.50,30234.25,30232.25,30233.50,48,30232.75,30233.25,0.50
2026-07-01 10:35:14,30233.25,30233.75,30231.75,30233.00,48,30225.50,30226.00,0.50
2026-07-01 10:35:15,30233.00,30233.25,30225.75,30226.00,274,30225.50,30226.00,0.50
2026-07-01 10:35:16,30225.50,30227.25,30225.00,30226.00,248,30225.00,30225.50,0.50
2026-07-01 10:35:17,30226.00,30226.25,30223.50,30225.25,126,30223.75,30224.25,0.50
2026-07-01 10:35:18,30225.00,30225.25,30223.00,30223.50,110,30226.75,30227.25,0.50
2026-07-01 10:35:19,30224.75,30228.00,30224.50,30227.00,73,30228.00,30228.50,0.50
2026-07-01 10:35:20,30227.00,30228.75,30226.00,30228.75,74,30227.00,30227.50,0.50
2026-07-01 10:35:21,30228.50,30229.75,30227.25,30227.75,107,30226.75,30227.25,0.50
2026-07-01 10:35:22,30227.75,30227.75,30226.00,30227.00,104,30227.75,30228.00,0.25
2026-07-01 10:35:23,30227.25,30229.25,30226.50,30228.00,89,30224.00,30224.50,0.50
2026-07-01 10:35:24,30227.25,30228.50,30224.25,30224.25,121,30225.75,30226.25,0.50
2026-07-01 10:35:25,30223.75,30226.50,30223.75,30225.75,135,30225.75,30226.25,0.50
2026-07-01 10:35:26,30226.25,30229.50,30226.00,30226.25,94,30228.50,30229.00,0.50
2026-07-01 10:35:27,30226.25,30231.25,30225.75,30229.25,162,30228.50,30229.00,0.50
2026-07-01 10:35:28,30229.00,30231.50,30226.50,30231.50,93,30228.75,30229.00,0.25
2026-07-01 10:35:29,30230.50,30231.00,30228.75,30229.00,54,30230.50,30231.00,0.50
2026-07-01 10:35:30,30229.00,30231.25,30228.00,30230.50,77,30231.00,30231.50,0.50
2026-07-01 10:35:31,30231.25,30232.75,30229.75,30231.00,94,30226.75,30227.25,0.50
2026-07-01 10:35:32,30231.00,30231.75,30226.75,30227.00,68,30220.25,30220.50,0.25
2026-07-01 10:35:33,30226.50,30229.25,30220.50,30220.50,256,30214.00,30214.25,0.25
2026-07-01 10:35:34,30220.50,30220.50,30212.25,30214.25,986,30215.75,30216.00,0.25
2026-07-01 10:35:35,30214.00,30216.50,30214.00,30215.75,145,30212.75,30213.25,0.50
2026-07-01 10:35:36,30216.00,30217.25,30211.00,30212.75,415,30212.75,30213.25,0.50
2026-07-01 10:35:37,30213.00,30213.75,30209.25,30213.00,377,30212.75,30213.25,0.50
2026-07-01 10:35:38,30213.25,30213.75,30210.00,30213.75,192,30209.75,30210.25,0.50
2026-07-01 10:35:39,30213.00,30213.25,30209.00,30210.50,207,30210.50,30211.00,0.50
2026-07-01 10:35:40,30209.75,30211.00,30208.00,30210.50,224,30210.50,30211.00,0.50
2026-07-01 10:35:41,30211.00,30212.25,30210.25,30210.75,182,30209.75,30210.25,0.50
2026-07-01 10:35:42,30210.75,30210.75,30208.00,30209.75,179,30208.50,30209.00,0.50
2026-07-01 10:35:43,30210.00,30210.75,30208.25,30208.25,179,30208.50,30209.00,0.50
2026-07-01 10:35:44,30208.50,30210.25,30207.00,30208.75,238,30210.00,30210.25,0.25
2026-07-01 10:35:45,30209.00,30210.00,30208.00,30210.00,134,30210.00,30210.25,0.25
2026-07-01 10:35:46,30210.00,30211.75,30209.75,30211.25,138,30208.50,30209.00,0.50
2026-07-01 10:35:47,30210.75,30211.75,30207.75,30209.00,171,30208.50,30209.00,0.50
2026-07-01 10:35:48,30209.00,30210.50,30208.00,30210.00,87,30211.25,30211.50,0.25
2026-07-01 10:35:49,30209.75,30211.75,30208.75,30211.25,153,30209.75,30210.25,0.50
2026-07-01 10:35:50,30211.50,30211.75,30209.75,30210.00,143,30209.75,30210.25,0.50
2026-07-01 10:35:51,30210.25,30211.00,30209.25,30210.00,61,30209.75,30210.25,0.50
2026-07-01 10:35:52,30210.00,30213.25,30210.00,30211.25,159,30213.00,30213.50,0.50
2026-07-01 10:35:53,30211.50,30214.50,30211.25,30213.50,89,30215.50,30216.00,0.50
2026-07-01 10:35:54,30213.50,30216.75,30213.00,30215.50,256,30213.75,30214.25,0.50
2026-07-01 10:35:55,30215.75,30216.00,30213.75,30214.50,88,30213.75,30214.25,0.50
2026-07-01 10:35:56,30214.00,30215.50,30212.50,30214.25,112,30214.00,30214.50,0.50
2026-07-01 10:35:57,30214.00,30214.75,30213.50,30214.75,55,30215.00,30215.50,0.50
2026-07-01 10:35:58,30214.00,30215.75,30213.25,30215.50,57,30214.00,30214.50,0.50
2026-07-01 10:35:59,30215.50,30216.75,30213.75,30214.25,112,30213.50,30214.00,0.50
2026-07-01 10:36:00,30214.25,30215.25,30212.50,30213.75,117,30209.75,30210.00,0.25
2026-07-01 10:36:01,30214.00,30214.25,30207.75,30209.25,175,30209.75,30210.00,0.25
2026-07-01 10:36:02,30209.75,30210.50,30208.50,30209.75,137,30212.50,30213.00,0.50
2026-07-01 10:36:03,30210.00,30214.75,30210.00,30212.50,237,30211.75,30212.25,0.50
2026-07-01 10:36:04,30212.25,30213.25,30209.25,30212.25,100,30212.75,30213.25,0.50
2026-07-01 10:36:05,30211.25,30213.25,30210.75,30213.25,105,30216.00,30216.50,0.50
2026-07-01 10:36:06,30213.25,30216.75,30213.25,30216.75,112,30215.25,30215.50,0.25
2026-07-01 10:36:07,30216.50,30216.50,30214.00,30215.75,128,30209.00,30209.50,0.50
2026-07-01 10:36:08,30215.75,30216.00,30208.75,30209.50,135,30205.50,30205.75,0.25
2026-07-01 10:36:09,30208.50,30208.50,30204.25,30205.50,390,30206.00,30206.50,0.50
2026-07-01 10:36:10,30205.50,30206.75,30203.25,30206.25,210,30205.75,30206.00,0.25
2026-07-01 10:36:11,30206.00,30207.75,30203.75,30205.25,186,30206.75,30207.25,0.50
2026-07-01 10:36:12,30205.75,30207.25,30204.75,30207.25,143,30207.25,30207.75,0.50
2026-07-01 10:36:13,30206.75,30208.00,30204.50,30207.75,194,30208.75,30209.25,0.50
2026-07-01 10:36:14,30207.25,30208.75,30206.75,30208.50,129,30208.75,30209.25,0.50
2026-07-01 10:36:15,30209.00,30211.25,30208.25,30209.25,151,30208.75,30209.25,0.50
2026-07-01 10:36:16,30209.00,30209.50,30208.25,30208.75,110,30208.25,30208.75,0.50
2026-07-01 10:36:17,30208.50,30210.00,30207.50,30209.50,66,30212.00,30212.50,0.50
2026-07-01 10:36:18,30209.50,30212.75,30208.25,30212.25,131,30218.00,30218.25,0.25
2026-07-01 10:36:19,30212.00,30219.50,30211.75,30218.50,316,30218.00,30218.25,0.25
2026-07-01 10:36:20,30218.50,30218.50,30216.00,30217.50,129,30218.50,30219.00,0.50
2026-07-01 10:36:21,30218.00,30221.00,30217.00,30218.50,239,30217.25,30217.75,0.50
2026-07-01 10:36:22,30219.00,30219.50,30216.25,30217.25,162,30218.00,30218.25,0.25
2026-07-01 10:36:23,30217.25,30218.75,30212.75,30217.75,339,30218.00,30218.25,0.25
2026-07-01 10:36:24,30218.00,30219.75,30216.00,30218.50,151,30218.00,30218.25,0.25
2026-07-01 10:36:25,30218.25,30218.75,30213.50,30214.00,128,30213.25,30213.50,0.25
2026-07-01 10:36:26,30213.50,30213.50,30210.25,30213.00,233,30214.00,30214.50,0.50
2026-07-01 10:36:27,30212.25,30214.50,30209.00,30214.50,215,30212.75,30213.25,0.50
2026-07-01 10:36:28,30214.25,30215.00,30213.00,30213.50,98,30212.75,30213.25,0.50
2026-07-01 10:36:29,30213.00,30214.75,30212.50,30214.75,64,30214.25,30214.75,0.50
2026-07-01 10:36:30,30215.25,30217.00,30214.50,30214.75,92,30218.00,30218.50,0.50
2026-07-01 10:36:31,30215.00,30219.00,30215.00,30218.75,110,30218.00,30218.50,0.50
2026-07-01 10:36:32,30219.00,30219.00,30216.00,30217.25,134,30214.75,30215.00,0.25
2026-07-01 10:36:33,30217.00,30219.00,30214.25,30215.25,149,30211.75,30212.25,0.50
2026-07-01 10:36:34,30214.50,30216.25,30212.25,30212.25,128,30213.00,30213.50,0.50
2026-07-01 10:36:35,30211.75,30214.00,30210.25,30213.00,125,30215.50,30216.00,0.50
2026-07-01 10:36:36,30213.50,30216.75,30213.50,30215.75,122,30215.50,30216.00,0.50
2026-07-01 10:36:37,30215.75,30216.75,30215.50,30216.50,66,30217.75,30218.25,0.50
2026-07-01 10:36:38,30216.75,30218.50,30216.50,30217.75,108,30220.75,30221.25,0.50
2026-07-01 10:36:39,30218.25,30222.50,30217.25,30221.00,206,30217.75,30218.25,0.50
2026-07-01 10:36:40,30221.00,30222.25,30217.75,30218.00,196,30216.75,30217.25,0.50
2026-07-01 10:36:41,30218.25,30219.00,30216.00,30217.00,104,30219.50,30220.00,0.50
2026-07-01 10:36:42,30217.00,30220.50,30217.00,30220.00,62,30222.50,30223.25,0.75
2026-07-01 10:36:43,30219.50,30222.25,30218.25,30222.25,54,30222.50,30223.25,0.75
2026-07-01 10:36:44,30222.50,30228.25,30222.50,30227.00,421,30221.50,30222.00,0.50
2026-07-01 10:36:45,30226.50,30226.75,30221.75,30221.75,205,30221.50,30222.00,0.50
2026-07-01 10:36:46,30221.75,30223.25,30217.75,30218.75,148,30219.50,30220.00,0.50
2026-07-01 10:36:47,30218.75,30220.25,30217.75,30220.00,87,30218.00,30218.50,0.50
2026-07-01 10:36:48,30219.25,30220.00,30217.75,30218.25,81,30221.00,30221.50,0.50
2026-07-01 10:36:49,30219.00,30222.25,30219.00,30221.50,77,30223.25,30223.75,0.50
2026-07-01 10:36:50,30221.00,30223.75,30220.75,30223.75,50,30226.50,30227.00,0.50
2026-07-01 10:36:51,30223.75,30227.25,30223.75,30226.75,127,30223.00,30223.50,0.50
2026-07-01 10:36:52,30226.50,30227.50,30223.00,30223.50,125,30222.75,30223.25,0.50
2026-07-01 10:36:53,30223.50,30224.00,30222.00,30223.00,86,30223.75,30224.25,0.50
2026-07-01 10:36:54,30222.75,30224.75,30221.75,30223.75,86,30222.75,30223.25,0.50
2026-07-01 10:36:55,30224.75,30225.00,30220.00,30222.75,126,30222.50,30223.00,0.50
2026-07-01 10:36:56,30222.75,30223.75,30222.00,30223.00,39,30226.00,30226.50,0.50
2026-07-01 10:36:57,30222.50,30226.25,30222.50,30226.25,80,30227.00,30227.50,0.50
2026-07-01 10:36:58,30226.75,30227.75,30226.25,30227.50,42,30227.00,30227.50,0.50
2026-07-01 10:36:59,30227.75,30230.50,30227.75,30229.25,238,30228.50,30229.00,0.50
2026-07-01 10:37:00,30229.25,30232.50,30228.25,30229.00,199,30228.50,30229.00,0.50
2026-07-01 10:37:01,30228.50,30230.75,30228.25,30229.75,84,30230.00,30230.50,0.50
2026-07-01 10:37:02,30229.75,30238.00,30229.75,30237.50,398,30237.50,30238.00,0.50
2026-07-01 10:37:03,30237.50,30249.00,30237.25,30248.50,758,30248.25,30249.00,0.75
2026-07-01 10:37:04,30248.50,30249.75,30246.25,30248.25,369,30246.50,30247.00,0.50
2026-07-01 10:37:05,30248.25,30248.50,30246.00,30246.75,220,30246.50,30247.00,0.50
2026-07-01 10:37:06,30247.00,30248.00,30245.00,30245.25,173,30243.75,30244.25,0.50
2026-07-01 10:37:07,30245.25,30246.75,30243.25,30244.25,184,30245.50,30246.00,0.50
2026-07-01 10:37:08,30244.25,30247.75,30243.50,30246.00,177,30248.75,30249.25,0.50
2026-07-01 10:37:09,30246.00,30249.25,30245.25,30249.25,167,30250.25,30250.75,0.50
2026-07-01 10:37:10,30249.25,30253.00,30249.25,30250.75,351,30248.50,30248.75,0.25
2026-07-01 10:37:11,30250.75,30250.75,30247.50,30248.25,212,30249.50,30250.00,0.50
2026-07-01 10:37:12,30248.25,30249.75,30247.50,30249.25,170,30249.50,30250.00,0.50
2026-07-01 10:37:13,30249.75,30250.25,30247.50,30249.00,155,30247.50,30248.00,0.50
2026-07-01 10:37:14,30248.25,30249.75,30246.75,30247.00,138,30247.75,30248.25,0.50
2026-07-01 10:37:15,30247.50,30249.00,30247.00,30248.25,101,30252.25,30252.75,0.50
2026-07-01 10:37:16,30248.25,30252.50,30247.75,30252.25,243,30251.25,30251.75,0.50
2026-07-01 10:37:17,30252.00,30252.50,30249.25,30251.25,213,30249.75,30250.25,0.50
2026-07-01 10:37:18,30251.75,30252.00,30248.25,30250.50,123,30255.25,30255.75,0.50
2026-07-01 10:37:19,30250.25,30255.50,30250.25,30255.25,376,30255.25,30255.75,0.50
2026-07-01 10:37:20,30255.50,30257.00,30254.25,30254.50,276,30254.25,30254.50,0.25
2026-07-01 10:37:21,30254.50,30254.75,30252.75,30254.00,189,30252.75,30253.50,0.75
2026-07-01 10:37:22,30254.50,30254.75,30252.00,30253.00,196,30255.25,30255.50,0.25
2026-07-01 10:37:23,30253.00,30255.75,30252.75,30255.50,80,30257.00,30257.50,0.50
2026-07-01 10:37:24,30255.75,30258.75,30254.25,30257.25,254,30256.75,30257.25,0.50
2026-07-01 10:37:25,30257.50,30258.25,30256.00,30257.25,98,30258.75,30259.25,0.50
2026-07-01 10:37:26,30256.75,30262.50,30256.50,30259.25,470,30258.75,30259.25,0.50
2026-07-01 10:37:27,30259.25,30259.25,30257.00,30258.00,181,30252.75,30253.25,0.50
2026-07-01 10:37:28,30257.25,30257.75,30251.50,30253.00,241,30249.75,30250.25,0.50
2026-07-01 10:37:29,30253.25,30254.00,30250.00,30250.25,216,30247.25,30247.50,0.25
2026-07-01 10:37:30,30250.00,30251.00,30247.25,30247.75,160,30247.25,30247.50,0.25
2026-07-01 10:37:31,30247.25,30249.00,30246.50,30247.75,141,30246.00,30246.25,0.25
2026-07-01 10:37:32,30247.50,30248.00,30245.75,30246.00,124,30248.75,30249.25,0.50
2026-07-01 10:37:33,30246.25,30249.50,30244.25,30249.00,154,30247.75,30248.25,0.50
2026-07-01 10:37:34,30249.25,30249.25,30247.25,30248.00,101,30247.25,30247.50,0.25
2026-07-01 10:37:35,30247.75,30248.50,30247.00,30247.75,59,30245.50,30246.00,0.50
2026-07-01 10:37:36,30247.25,30249.25,30244.50,30245.75,135,30246.00,30246.25,0.25
2026-07-01 10:37:37,30245.50,30246.25,30244.25,30245.75,89,30244.25,30244.50,0.25
2026-07-01 10:37:38,30245.50,30246.00,30243.50,30244.25,74,30243.00,30243.50,0.50
2026-07-01 10:37:39,30244.25,30244.75,30242.75,30242.75,86,30240.50,30240.75,0.25
2026-07-01 10:37:40,30243.00,30243.00,30239.50,30240.50,320,30240.50,30241.00,0.50
2026-07-01 10:37:41,30240.50,30243.00,30240.25,30240.50,98,30241.75,30242.25,0.50
2026-07-01 10:37:42,30240.00,30242.25,30239.75,30241.50,72,30249.25,30249.50,0.25
2026-07-01 10:37:43,30241.75,30249.75,30240.75,30249.50,216,30249.25,30249.50,0.25
2026-07-01 10:37:44,30249.50,30250.50,30246.75,30247.25,105,30245.50,30245.75,0.25
2026-07-01 10:37:45,30246.50,30247.00,30245.75,30245.75,83,30247.50,30248.00,0.50
2026-07-01 10:37:46,30245.50,30248.25,30245.50,30247.50,61,30247.25,30247.75,0.50
2026-07-01 10:37:47,30247.75,30248.00,30247.00,30248.00,24,30247.25,30247.75,0.50
2026-07-01 10:37:48,30247.50,30248.50,30246.00,30247.25,69,30248.50,30249.00,0.50
2026-07-01 10:37:49,30247.00,30248.75,30247.00,30248.75,33,30252.50,30253.00,0.50
2026-07-01 10:37:50,30249.00,30254.25,30249.00,30252.75,190,30254.25,30254.75,0.50
2026-07-01 10:37:51,30252.75,30255.75,30252.75,30254.25,127,30254.25,30254.75,0.50
2026-07-01 10:37:52,30254.25,30255.75,30253.75,30254.25,129,30254.00,30254.50,0.50
2026-07-01 10:37:53,30254.50,30256.00,30254.25,30254.50,74,30253.00,30253.50,0.50
2026-07-01 10:37:54,30254.50,30256.00,30252.75,30253.50,82,30253.00,30253.50,0.50
2026-07-01 10:37:55,30253.25,30254.25,30252.25,30253.00,119,30252.50,30253.00,0.50
2026-07-01 10:37:56,30252.75,30254.00,30252.25,30252.50,50,30252.50,30253.00,0.50
2026-07-01 10:37:57,30252.50,30253.50,30251.50,30252.50,53,30252.50,30253.00,0.50
2026-07-01 10:37:58,30252.75,30253.75,30250.75,30252.75,92,30253.50,30254.00,0.50
2026-07-01 10:37:59,30253.00,30255.00,30252.75,30254.00,76,30252.75,30253.25,0.50
2026-07-01 10:38:00,30253.50,30253.75,30252.75,30253.25,58,30252.75,30253.25,0.50
2026-07-01 10:38:01,30252.75,30254.00,30252.00,30253.75,81,30254.25,30254.50,0.25
2026-07-01 10:38:02,30254.00,30256.50,30253.75,30254.50,135,30252.00,30252.50,0.50
2026-07-01 10:38:03,30254.25,30255.25,30252.25,30252.25,75,30249.00,30249.50,0.50
2026-07-01 10:38:04,30252.50,30253.50,30248.00,30249.25,163,30249.50,30250.00,0.50
2026-07-01 10:38:05,30249.75,30250.75,30249.00,30249.50,61,30251.00,30251.25,0.25
2026-07-01 10:38:06,30249.75,30251.75,30249.75,30251.00,107,30252.25,30252.75,0.50
2026-07-01 10:38:07,30251.25,30253.50,30251.25,30252.75,70,30253.00,30253.50,0.50
2026-07-01 10:38:08,30252.75,30253.25,30252.25,30253.25,41,30250.50,30251.00,0.50
2026-07-01 10:38:09,30253.00,30253.25,30249.25,30251.00,48,30248.25,30248.75,0.50
2026-07-01 10:38:10,30251.50,30251.50,30247.50,30248.00,89,30246.00,30246.25,0.25
2026-07-01 10:38:11,30248.75,30249.25,30245.25,30246.25,155,30246.25,30246.75,0.50
2026-07-01 10:38:12,30246.25,30247.50,30245.00,30246.00,72,30245.00,30245.25,0.25
2026-07-01 10:38:13,30246.25,30247.00,30244.25,30245.25,89,30242.00,30242.25,0.25
2026-07-01 10:38:14,30245.25,30246.00,30240.50,30242.00,140,30242.75,30243.25,0.50
2026-07-01 10:38:15,30243.25,30244.25,30242.25,30242.25,106,30240.50,30241.00,0.50
2026-07-01 10:38:16,30242.75,30242.75,30239.50,30240.75,168,30240.25,30240.50,0.25
2026-07-01 10:38:17,30240.50,30242.00,30240.00,30240.25,109,30236.25,30236.75,0.50
2026-07-01 10:38:18,30240.75,30241.50,30235.00,30236.25,277,30237.75,30238.00,0.25
2026-07-01 10:38:19,30236.75,30238.75,30235.75,30237.75,138,30240.50,30240.75,0.25
2026-07-01 10:38:20,30237.75,30241.50,30237.25,30241.25,199,30240.50,30240.75,0.25
2026-07-01 10:38:21,30240.75,30241.75,30239.50,30240.00,193,30239.50,30240.00,0.50
2026-07-01 10:38:22,30240.25,30242.00,30238.25,30239.75,159,30240.25,30240.75,0.50
2026-07-01 10:38:23,30239.25,30242.75,30239.25,30240.50,145,30242.25,30242.75,0.50
2026-07-01 10:38:24,30240.25,30243.25,30239.75,30242.50,118,30242.25,30242.75,0.50
2026-07-01 10:38:25,30242.25,30244.50,30240.75,30242.75,106,30243.50,30244.00,0.50
2026-07-01 10:38:26,30243.25,30244.00,30241.50,30243.75,81,30243.00,30243.50,0.50
2026-07-01 10:38:27,30244.00,30244.00,30241.75,30244.00,58,30245.75,30246.25,0.50
2026-07-01 10:38:28,30243.25,30248.25,30243.25,30246.50,214,30247.00,30247.25,0.25
2026-07-01 10:38:29,30246.25,30247.50,30245.50,30247.50,67,30250.25,30250.75,0.50
2026-07-01 10:38:30,30247.00,30251.25,30247.00,30250.25,151,30252.50,30253.00,0.50
2026-07-01 10:38:31,30251.00,30253.50,30251.00,30252.75,181,30254.75,30255.00,0.25
2026-07-01 10:38:32,30252.75,30255.25,30251.50,30254.50,132,30258.75,30259.25,0.50
2026-07-01 10:38:33,30255.00,30260.00,30255.00,30259.25,465,30258.50,30259.00,0.50
2026-07-01 10:38:34,30259.25,30260.25,30257.75,30258.75,182,30258.50,30259.00,0.50
2026-07-01 10:38:35,30259.00,30259.50,30256.50,30256.50,271,30257.75,30258.25,0.50
2026-07-01 10:38:36,30257.00,30258.50,30255.50,30258.25,183,30257.50,30257.75,0.25
2026-07-01 10:38:37,30257.75,30258.50,30257.00,30257.75,100,30255.50,30256.00,0.50
2026-07-01 10:38:38,30257.75,30259.25,30255.25,30256.00,126,30253.00,30253.25,0.25
2026-07-01 10:38:39,30256.00,30256.50,30251.25,30253.00,135,30253.00,30253.25,0.25
2026-07-01 10:38:40,30253.00,30254.00,30251.75,30254.00,72,30253.50,30254.00,0.50
2026-07-01 10:38:41,30253.75,30255.00,30253.25,30253.75,77,30253.75,30254.25,0.50
2026-07-01 10:38:42,30254.00,30254.25,30253.00,30254.25,79,30255.25,30255.50,0.25
2026-07-01 10:38:43,30253.25,30257.00,30252.50,30255.25,72,30255.25,30255.50,0.25
2026-07-01 10:38:44,30255.50,30257.00,30253.00,30255.50,64,30254.75,30255.25,0.50
2026-07-01 10:38:45,30256.25,30256.50,30254.50,30255.50,56,30253.25,30253.75,0.50
2026-07-01 10:38:46,30255.25,30255.50,30252.50,30252.75,107,30253.25,30253.75,0.50
2026-07-01 10:38:47,30253.00,30257.25,30252.50,30257.00,64,30258.00,30258.50,0.50
2026-07-01 10:38:48,30256.50,30259.00,30256.50,30258.50,73,30256.25,30256.75,0.50
2026-07-01 10:38:49,30258.00,30258.50,30256.25,30256.50,75,30254.25,30254.50,0.25
2026-07-01 10:38:50,30256.50,30257.50,30254.00,30254.50,82,30254.25,30254.50,0.25
2026-07-01 10:38:51,30254.50,30254.75,30253.25,30254.00,53,30255.75,30256.25,0.50
2026-07-01 10:38:52,30254.50,30257.00,30254.50,30255.75,68,30255.50,30255.75,0.25
2026-07-01 10:38:53,30256.50,30256.50,30254.75,30256.00,70,30256.00,30256.50,0.50
2026-07-01 10:38:54,30255.75,30257.75,30254.25,30255.75,77,30254.75,30255.25,0.50
2026-07-01 10:38:55,30255.75,30257.25,30254.75,30255.25,25,30252.75,30253.75,1.00
2026-07-01 10:38:56,30255.25,30255.50,30253.50,30253.75,49,30252.75,30253.75,1.00
2026-07-01 10:38:57,30253.50,30254.50,30252.75,30253.75,64,30253.75,30254.25,0.50
2026-07-01 10:38:58,30253.75,30254.50,30253.00,30253.75,44,30253.00,30253.50,0.50
2026-07-01 10:38:59,30254.25,30255.00,30253.00,30253.75,33,30250.00,30250.25,0.25
2026-07-01 10:39:00,30253.75,30253.75,30249.50,30250.00,143,30251.25,30251.75,0.50
2026-07-01 10:39:01,30250.25,30251.75,30249.50,30251.50,83,30251.25,30251.75,0.50
2026-07-01 10:39:02,30251.00,30252.00,30249.75,30251.75,36,30249.25,30249.50,0.25
2026-07-01 10:39:03,30251.25,30251.75,30249.25,30249.25,66,30250.25,30250.75,0.50
2026-07-01 10:39:04,30249.25,30250.75,30247.00,30250.50,157,30250.25,30250.75,0.50
2026-07-01 10:39:05,30250.75,30255.50,30249.50,30254.25,68,30253.00,30253.50,0.50
2026-07-01 10:39:06,30254.00,30255.00,30253.25,30253.25,56,30254.50,30255.00,0.50
2026-07-01 10:39:07,30253.00,30255.00,30253.00,30254.75,57,30255.50,30256.00,0.50
2026-07-01 10:39:08,30254.50,30256.50,30253.75,30255.75,60,30257.50,30258.00,0.50
2026-07-01 10:39:09,30255.50,30258.50,30255.50,30258.00,68,30256.25,30256.75,0.50
2026-07-01 10:39:10,30258.00,30258.50,30256.25,30256.25,75,30256.25,30256.75,0.50
2026-07-01 10:39:11,30256.25,30258.50,30256.25,30257.75,76,30257.25,30257.75,0.50
2026-07-01 10:39:12,30257.75,30258.50,30253.00,30254.50,149,30253.25,30253.75,0.50
2026-07-01 10:39:13,30255.00,30255.00,30253.25,30253.75,50,30253.00,30253.50,0.50
2026-07-01 10:39:14,30253.75,30254.50,30252.50,30252.75,30,30254.00,30254.50,0.50
2026-07-01 10:39:15,30253.50,30256.75,30253.50,30254.00,80,30254.25,30254.75,0.50
2026-07-01 10:39:16,30254.75,30255.25,30253.25,30254.50,50,30252.50,30253.00,0.50
2026-07-01 10:39:17,30254.00,30254.00,30251.75,30252.75,86,30252.25,30252.75,0.50
2026-07-01 10:39:18,30253.00,30253.25,30249.75,30252.50,103,30252.25,30252.75,0.50
2026-07-01 10:39:19,30252.25,30255.00,30252.25,30253.75,148,30255.75,30256.25,0.50
2026-07-01 10:39:20,30254.25,30256.25,30254.00,30256.00,57,30254.50,30255.00,0.50
2026-07-01 10:39:21,30257.00,30257.00,30254.50,30254.50,33,30254.50,30255.00,0.50
2026-07-01 10:39:22,30254.25,30256.00,30253.25,30254.75,78,30259.25,30259.75,0.50
2026-07-01 10:39:23,30255.00,30262.00,30255.00,30259.75,255,30257.75,30258.25,0.50
2026-07-01 10:39:24,30259.75,30260.00,30257.75,30258.00,110,30256.25,30256.75,0.50
2026-07-01 10:39:25,30258.00,30258.25,30255.25,30256.25,53,30256.25,30256.75,0.50
2026-07-01 10:39:26,30256.75,30258.25,30255.50,30256.00,69,30259.25,30259.75,0.50
2026-07-01 10:39:27,30256.25,30260.50,30256.25,30259.25,76,30258.75,30259.25,0.50
2026-07-01 10:39:28,30259.00,30261.25,30258.25,30258.75,88,30259.50,30260.00,0.50
2026-07-01 10:39:29,30259.25,30260.25,30257.25,30259.50,117,30259.50,30260.00,0.50
2026-07-01 10:39:30,30259.75,30261.50,30259.25,30260.00,87,30260.75,30261.25,0.50
2026-07-01 10:39:31,30259.50,30262.00,30259.50,30261.00,110,30257.00,30257.25,0.25
2026-07-01 10:39:32,30261.00,30261.50,30257.25,30257.50,111,30257.00,30257.25,0.25
2026-07-01 10:39:33,30257.00,30258.25,30256.75,30257.25,54,30256.75,30257.25,0.50
2026-07-01 10:39:34,30257.25,30258.00,30255.50,30257.25,42,30255.75,30256.25,0.50
2026-07-01 10:39:35,30257.25,30258.25,30256.00,30256.00,86,30251.75,30252.25,0.50
2026-07-01 10:39:36,30256.00,30257.50,30251.25,30252.00,119,30251.75,30252.25,0.50
2026-07-01 10:39:37,30252.25,30253.25,30251.00,30252.50,91,30254.50,30255.00,0.50
2026-07-01 10:39:38,30253.00,30255.00,30252.25,30254.75,75,30255.75,30256.25,0.50
2026-07-01 10:39:39,30254.50,30256.75,30254.25,30255.75,85,30255.25,30255.75,0.50
2026-07-01 10:39:40,30256.50,30256.50,30255.25,30255.50,23,30255.75,30256.25,0.50
2026-07-01 10:39:41,30255.75,30256.25,30254.25,30256.00,82,30256.00,30256.50,0.50
2026-07-01 10:39:42,30256.25,30257.50,30255.50,30256.25,114,30256.75,30257.00,0.25
2026-07-01 10:39:43,30256.25,30257.00,30255.75,30257.00,40,30255.50,30255.75,0.25
2026-07-01 10:39:44,30257.00,30257.50,30255.00,30255.25,36,30260.25,30260.75,0.50
2026-07-01 10:39:45,30255.75,30261.25,30255.50,30260.25,129,30259.50,30259.75,0.25
2026-07-01 10:39:46,30260.25,30260.75,30259.00,30259.75,84,30259.00,30259.25,0.25
2026-07-01 10:39:47,30260.00,30260.75,30258.25,30258.50,64,30260.50,30260.75,0.25
2026-07-01 10:39:48,30259.25,30260.75,30259.00,30260.75,41,30259.75,30260.25,0.50
2026-07-01 10:39:49,30260.75,30261.25,30260.00,30260.00,72,30253.75,30254.00,0.25
2026-07-01 10:39:50,30260.25,30260.50,30253.50,30253.75,120,30254.25,30254.75,0.50
2026-07-01 10:39:51,30253.75,30254.75,30252.25,30254.75,83,30256.25,30256.75,0.50
2026-07-01 10:39:52,30254.75,30256.75,30254.50,30255.75,39,30257.25,30257.75,0.50
2026-07-01 10:39:53,30257.50,30258.00,30256.75,30257.50,39,30257.00,30257.50,0.50
2026-07-01 10:39:54,30257.25,30259.00,30256.75,30257.50,39,30258.75,30259.25,0.50
2026-07-01 10:39:55,30257.25,30260.00,30257.25,30259.25,22,30260.00,30260.50,0.50
2026-07-01 10:39:56,30258.75,30261.50,30258.75,30259.75,67,30259.25,30259.75,0.50
2026-07-01 10:39:57,30260.00,30260.75,30259.25,30259.75,66,30259.50,30260.00,0.50
2026-07-01 10:39:58,30259.75,30261.25,30259.75,30259.75,39,30259.50,30260.00,0.50
2026-07-01 10:39:59,30260.00,30261.00,30259.75,30259.75,57,30263.50,30263.75,0.25
2026-07-01 10:40:00,30260.50,30265.00,30260.00,30263.75,376,30263.75,30264.25,0.50
2026-07-01 10:40:01,30264.00,30264.25,30262.75,30263.75,146,30262.75,30263.25,0.50
2026-07-01 10:40:02,30264.25,30264.50,30262.50,30263.00,100,30262.00,30262.50,0.50
2026-07-01 10:40:03,30263.50,30265.00,30261.75,30262.50,148,30262.00,30262.50,0.50
2026-07-01 10:40:04,30262.50,30267.25,30262.50,30266.50,280,30266.00,30266.25,0.25
2026-07-01 10:40:05,30266.75,30267.25,30265.00,30266.25,179,30264.00,30264.50,0.50
2026-07-01 10:40:06,30266.25,30266.50,30264.25,30264.25,182,30264.00,30264.50,0.50
2026-07-01 10:40:07,30264.50,30268.50,30263.75,30264.50,192,30263.75,30264.25,0.50
2026-07-01 10:40:08,30264.00,30265.50,30262.00,30264.25,145,30263.75,30264.25,0.50
2026-07-01 10:40:09,30264.25,30264.25,30261.50,30262.50,108,30262.50,30262.75,0.25
2026-07-01 10:40:10,30262.50,30265.50,30261.75,30265.25,109,30263.75,30264.25,0.50
2026-07-01 10:40:11,30265.25,30265.75,30263.00,30263.50,92,30264.00,30264.50,0.50
2026-07-01 10:40:12,30264.25,30265.75,30264.00,30264.00,51,30263.50,30264.00,0.50
2026-07-01 10:40:13,30263.75,30264.75,30262.50,30264.00,44,30265.25,30265.75,0.50
2026-07-01 10:40:14,30263.00,30266.00,30263.00,30265.75,56,30265.25,30265.75,0.50
2026-07-01 10:40:15,30265.25,30267.25,30263.75,30264.00,117,30264.50,30265.00,0.50
2026-07-01 10:40:16,30264.50,30264.75,30261.25,30264.75,173,30263.50,30264.00,0.50
2026-07-01 10:40:17,30265.00,30265.25,30263.00,30263.50,47,30264.25,30264.75,0.50
2026-07-01 10:40:18,30264.00,30265.25,30263.50,30264.25,67,30268.50,30268.75,0.25
2026-07-01 10:40:19,30264.00,30269.00,30264.00,30268.75,166,30268.75,30269.25,0.50
2026-07-01 10:40:20,30268.75,30270.00,30267.75,30269.00,201,30270.25,30270.50,0.25
2026-07-01 10:40:21,30269.25,30271.75,30268.75,30270.50,369,30268.75,30269.00,0.25
2026-07-01 10:40:22,30270.25,30272.00,30268.00,30268.50,215,30266.75,30267.25,0.50
2026-07-01 10:40:23,30269.00,30270.25,30266.75,30267.00,175,30261.50,30262.00,0.50
2026-07-01 10:40:24,30266.75,30267.25,30260.00,30261.50,261,30261.00,30261.50,0.50
2026-07-01 10:40:25,30262.00,30262.25,30261.00,30261.50,82,30259.00,30259.25,0.25
2026-07-01 10:40:26,30261.50,30262.00,30258.50,30259.25,191,30257.50,30257.75,0.25
2026-07-01 10:40:27,30259.00,30259.25,30255.50,30257.50,195,30257.50,30257.75,0.25
2026-07-01 10:40:28,30257.50,30257.50,30254.00,30254.00,241,30254.50,30255.00,0.50
2026-07-01 10:40:29,30254.50,30255.00,30253.00,30255.00,107,30255.50,30256.00,0.50
2026-07-01 10:40:30,30254.75,30258.00,30253.75,30255.50,223,30255.50,30256.00,0.50
2026-07-01 10:40:31,30256.00,30256.75,30255.00,30255.50,86,30258.75,30259.25,0.50
2026-07-01 10:40:32,30255.00,30259.25,30253.75,30259.25,112,30258.75,30259.25,0.50
2026-07-01 10:40:33,30258.75,30259.75,30258.50,30259.00,37,30259.00,30259.50,0.50
2026-07-01 10:40:34,30259.00,30260.50,30259.00,30259.25,59,30258.50,30259.00,0.50
2026-07-01 10:40:35,30259.50,30260.00,30257.75,30258.25,104,30256.75,30257.25,0.50
2026-07-01 10:40:36,30258.50,30259.25,30256.50,30256.75,43,30256.75,30257.25,0.50
2026-07-01 10:40:37,30257.25,30257.50,30255.00,30257.00,53,30253.50,30254.00,0.50
2026-07-01 10:40:38,30257.25,30258.75,30252.75,30253.50,156,30248.25,30248.75,0.50
2026-07-01 10:40:39,30253.50,30255.00,30248.00,30248.75,297,30250.50,30251.00,0.50
2026-07-01 10:40:40,30248.25,30251.00,30247.50,30250.25,189,30251.25,30251.75,0.50
2026-07-01 10:40:41,30251.00,30252.50,30250.75,30251.75,158,30251.25,30251.75,0.50
2026-07-01 10:40:42,30251.75,30252.25,30250.00,30251.75,134,30252.00,30252.50,0.50
2026-07-01 10:40:43,30252.50,30252.50,30250.25,30251.50,64,30250.25,30250.75,0.50
2026-07-01 10:40:44,30251.75,30252.50,30249.50,30250.50,93,30251.50,30251.75,0.25
2026-07-01 10:40:45,30250.25,30253.00,30249.25,30251.50,73,30253.50,30254.00,0.50
2026-07-01 10:40:46,30251.50,30254.50,30250.50,30253.50,67,30255.00,30255.50,0.50
2026-07-01 10:40:47,30253.00,30255.00,30251.50,30254.75,88,30255.00,30255.50,0.50
2026-07-01 10:40:48,30255.25,30255.50,30252.50,30252.75,69,30251.00,30251.50,0.50
2026-07-01 10:40:49,30253.00,30253.75,30251.25,30251.25,46,30251.50,30252.00,0.50
2026-07-01 10:40:50,30251.00,30252.25,30250.50,30252.00,31,30249.75,30250.25,0.50
2026-07-01 10:40:51,30251.75,30251.75,30250.00,30250.00,54,30248.50,30249.00,0.50
2026-07-01 10:40:52,30250.25,30250.25,30248.00,30248.50,52,30247.50,30247.75,0.25
2026-07-01 10:40:53,30248.25,30248.50,30244.50,30247.50,285,30249.75,30250.25,0.50
2026-07-01 10:40:54,30247.50,30250.00,30246.75,30249.50,109,30249.75,30250.25,0.50
2026-07-01 10:40:55,30250.25,30251.75,30250.00,30251.75,84,30251.25,30251.75,0.50
2026-07-01 10:40:56,30251.75,30252.50,30250.75,30252.25,73,30251.75,30252.25,0.50
2026-07-01 10:40:57,30251.75,30252.00,30251.00,30252.00,19,30250.75,30251.00,0.25
2026-07-01 10:40:58,30252.00,30252.00,30250.00,30251.50,55,30249.25,30249.75,0.50
2026-07-01 10:40:59,30250.75,30250.75,30248.00,30249.75,38,30250.00,30250.25,0.25
2026-07-01 10:41:00,30249.75,30251.25,30249.25,30249.75,30,30245.50,30246.00,0.50
2026-07-01 10:41:01,30250.50,30250.75,30245.75,30246.75,146,30244.50,30244.75,0.25
2026-07-01 10:41:02,30246.00,30246.00,30243.00,30244.75,197,30244.50,30244.75,0.25
2026-07-01 10:41:03,30244.50,30246.75,30244.00,30246.50,186,30246.00,30246.50,0.50
2026-07-01 10:41:04,30246.00,30246.25,30240.25,30242.50,248,30239.75,30240.25,0.50
2026-07-01 10:41:05,30242.25,30242.25,30238.75,30239.75,227,30236.50,30237.00,0.50
2026-07-01 10:41:06,30239.75,30241.00,30235.50,30236.75,256,30236.50,30237.00,0.50
2026-07-01 10:41:07,30236.75,30237.25,30235.00,30235.50,209,30237.75,30238.25,0.50
2026-07-01 10:41:08,30235.50,30238.75,30234.00,30237.75,253,30237.75,30238.25,0.50
2026-07-01 10:41:09,30237.75,30238.75,30236.75,30237.25,100,30236.75,30237.25,0.50
2026-07-01 10:41:10,30237.00,30240.50,30236.00,30236.25,227,30230.50,30230.75,0.25
2026-07-01 10:41:11,30236.50,30237.75,30228.50,30230.25,434,30230.00,30230.50,0.50
2026-07-01 10:41:12,30230.75,30230.75,30228.75,30230.00,259,30230.00,30230.50,0.50
2026-07-01 10:41:13,30230.00,30233.25,30230.00,30232.00,223,30231.50,30232.00,0.50
2026-07-01 10:41:14,30231.50,30234.00,30231.50,30231.75,114,30234.75,30235.25,0.50
2026-07-01 10:41:15,30231.50,30235.50,30230.75,30235.00,138,30233.75,30234.00,0.25
2026-07-01 10:41:16,30235.25,30235.75,30233.75,30234.00,86,30232.00,30232.50,0.50
2026-07-01 10:41:17,30234.00,30236.50,30231.75,30231.75,130,30232.00,30232.50,0.50
2026-07-01 10:41:18,30232.00,30232.25,30228.75,30229.25,131,30224.75,30225.00,0.25
2026-07-01 10:41:19,30229.50,30231.00,30224.50,30224.75,280,30223.50,30224.25,0.75
2026-07-01 10:41:20,30225.00,30225.75,30223.00,30223.50,291,30223.50,30224.00,0.50
2026-07-01 10:41:21,30223.50,30225.50,30221.50,30223.50,237,30222.75,30223.25,0.50
2026-07-01 10:41:22,30223.50,30224.75,30221.50,30223.25,267,30222.75,30223.25,0.50
2026-07-01 10:41:23,30223.00,30224.25,30221.50,30224.00,133,30220.25,30220.50,0.25
2026-07-01 10:41:24,30223.50,30224.25,30218.25,30220.75,232,30220.25,30220.50,0.25
2026-07-01 10:41:25,30220.75,30221.25,30218.25,30220.75,242,30220.75,30221.25,0.50
2026-07-01 10:41:26,30221.25,30222.75,30220.00,30221.00,222,30221.75,30222.00,0.25
2026-07-01 10:41:27,30221.25,30222.75,30220.75,30222.00,88,30221.75,30222.25,0.50
2026-07-01 10:41:28,30221.75,30225.00,30221.50,30222.25,196,30224.25,30224.75,0.50
2026-07-01 10:41:29,30222.25,30224.75,30220.75,30224.50,83,30222.75,30223.25,0.50
2026-07-01 10:41:30,30224.75,30225.75,30222.00,30222.75,111,30223.25,30223.75,0.50
2026-07-01 10:41:31,30223.00,30224.50,30222.75,30223.25,88,30224.25,30224.50,0.25
2026-07-01 10:41:32,30223.75,30224.50,30222.75,30224.25,72,30224.25,30224.50,0.25
2026-07-01 10:41:33,30224.25,30226.50,30224.00,30225.50,112,30225.00,30225.25,0.25
2026-07-01 10:41:34,30225.25,30225.25,30223.00,30224.50,138,30223.75,30224.25,0.50
2026-07-01 10:41:35,30224.25,30225.00,30223.25,30224.50,127,30226.50,30227.00,0.50
2026-07-01 10:41:36,30224.00,30228.00,30224.00,30226.75,159,30225.25,30225.50,0.25
2026-07-01 10:41:37,30226.75,30227.25,30224.00,30225.00,169,30225.75,30226.25,0.50
2026-07-01 10:41:38,30225.50,30227.75,30223.00,30226.25,139,30228.25,30228.50,0.25
2026-07-01 10:41:39,30225.25,30228.75,30225.25,30228.50,81,30231.50,30232.00,0.50
2026-07-01 10:41:40,30228.25,30232.25,30228.00,30231.50,194,30228.75,30229.25,0.50
2026-07-01 10:41:41,30231.75,30232.00,30229.00,30229.00,108,30228.75,30229.25,0.50
2026-07-01 10:41:42,30229.25,30233.50,30229.25,30231.75,177,30231.25,30231.75,0.50
2026-07-01 10:41:43,30232.00,30232.75,30230.50,30231.00,190,30230.50,30231.00,0.50
2026-07-01 10:41:44,30231.00,30232.25,30228.50,30231.25,95,30230.50,30231.00,0.50
2026-07-01 10:41:45,30231.00,30231.75,30229.50,30230.50,54,30230.75,30231.25,0.50
2026-07-01 10:41:46,30230.50,30231.25,30230.25,30231.00,42,30228.00,30228.25,0.25
2026-07-01 10:41:47,30230.75,30230.75,30226.50,30228.00,76,30228.00,30228.25,0.25
2026-07-01 10:41:48,30228.25,30228.25,30222.75,30224.25,139,30225.25,30225.75,0.50
2026-07-01 10:41:49,30224.25,30226.25,30223.75,30226.00,74,30223.50,30224.00,0.50
2026-07-01 10:41:50,30225.25,30225.50,30223.75,30223.75,73,30220.00,30220.25,0.25
2026-07-01 10:41:51,30223.50,30224.00,30219.75,30220.25,156,30220.00,30220.25,0.25
2026-07-01 10:41:52,30220.25,30222.25,30218.25,30221.75,204,30226.00,30226.50,0.50
2026-07-01 10:41:53,30221.75,30227.00,30221.00,30226.25,194,30226.00,30226.50,0.50
2026-07-01 10:41:54,30226.50,30227.25,30224.75,30226.50,131,30227.00,30227.50,0.50
2026-07-01 10:41:55,30226.00,30227.75,30225.50,30227.50,106,30227.25,30227.50,0.25
2026-07-01 10:41:56,30227.00,30227.50,30226.25,30227.00,51,30227.25,30227.50,0.25
2026-07-01 10:41:57,30227.75,30228.25,30225.75,30226.75,70,30223.50,30224.00,0.50
2026-07-01 10:41:58,30226.00,30226.00,30222.25,30223.50,133,30223.00,30223.50,0.50
2026-07-01 10:41:59,30223.25,30224.00,30222.00,30223.25,95,30222.75,30223.25,0.50
2026-07-01 10:42:00,30223.25,30227.00,30222.50,30222.50,204,30221.50,30222.00,0.50
2026-07-01 10:42:01,30223.25,30223.75,30220.25,30222.00,150,30221.50,30222.00,0.50
2026-07-01 10:42:02,30221.50,30223.50,30221.25,30222.75,96,30223.00,30223.25,0.25
2026-07-01 10:42:03,30223.00,30224.50,30222.75,30223.50,77,30221.25,30221.75,0.50
2026-07-01 10:42:04,30223.25,30224.25,30220.50,30221.00,123,30221.25,30221.75,0.50
2026-07-01 10:42:05,30221.50,30222.75,30220.75,30221.25,51,30221.75,30222.25,0.50
2026-07-01 10:42:06,30221.75,30223.00,30220.75,30222.00,88,30217.75,30218.25,0.50
2026-07-01 10:42:07,30221.75,30223.00,30217.00,30217.25,200,30217.75,30218.25,0.50
2026-07-01 10:42:08,30218.50,30219.50,30217.00,30217.75,172,30216.00,30216.50,0.50
2026-07-01 10:42:09,30217.50,30218.25,30215.25,30216.75,198,30217.75,30218.25,0.50
2026-07-01 10:42:10,30216.25,30218.25,30214.25,30218.00,299,30217.75,30218.25,0.50
2026-07-01 10:42:11,30218.25,30220.25,30217.25,30217.75,153,30218.50,30219.00,0.50
2026-07-01 10:42:12,30217.75,30219.00,30217.50,30218.75,64,30218.50,30219.00,0.50
2026-07-01 10:42:13,30218.75,30219.50,30217.50,30219.00,64,30219.50,30220.00,0.50
2026-07-01 10:42:14,30219.75,30220.50,30217.25,30217.25,79,30216.75,30217.25,0.50
2026-07-01 10:42:15,30217.25,30218.00,30216.00,30217.00,82,30217.75,30218.25,0.50
2026-07-01 10:42:16,30217.00,30218.00,30216.00,30217.75,106,30217.75,30218.00,0.25
2026-07-01 10:42:17,30218.25,30219.25,30217.50,30218.25,103,30217.75,30218.00,0.25
2026-07-01 10:42:18,30218.00,30218.50,30216.75,30217.75,68,30219.50,30220.00,0.50
2026-07-01 10:42:19,30217.25,30222.00,30216.75,30220.00,124,30220.25,30220.75,0.50
2026-07-01 10:42:20,30219.50,30221.50,30219.50,30220.75,99,30218.25,30218.75,0.50
2026-07-01 10:42:21,30220.75,30221.75,30217.00,30218.50,103,30218.50,30218.75,0.25
2026-07-01 10:42:22,30218.50,30220.00,30218.25,30218.75,63,30218.50,30218.75,0.25
2026-07-01 10:42:23,30218.50,30219.25,30218.00,30219.25,75,30219.00,30219.50,0.50
2026-07-01 10:42:24,30218.75,30219.50,30215.75,30218.75,70,30219.00,30219.50,0.50
2026-07-01 10:42:25,30219.00,30219.50,30216.75,30217.75,78,30217.25,30217.50,0.25
2026-07-01 10:42:26,30218.25,30218.50,30215.00,30217.50,109,30216.50,30217.00,0.50
2026-07-01 10:42:27,30217.25,30217.25,30215.75,30216.50,73,30217.75,30218.25,0.50
2026-07-01 10:42:28,30217.00,30219.00,30216.75,30218.00,93,30219.50,30220.00,0.50
2026-07-01 10:42:29,30218.25,30221.25,30216.25,30220.25,103,30219.50,30220.00,0.50
2026-07-01 10:42:30,30219.75,30220.50,30217.50,30217.50,95,30218.00,30218.25,0.25
2026-07-01 10:42:31,30217.75,30223.25,30217.75,30220.75,153,30220.25,30220.75,0.50
2026-07-01 10:42:32,30220.25,30223.50,30219.75,30222.50,98,30222.50,30223.00,0.50
2026-07-01 10:42:33,30223.00,30225.75,30222.25,30222.75,166,30223.75,30224.25,0.50
2026-07-01 10:42:34,30222.50,30225.00,30222.00,30223.75,130,30226.00,30226.25,0.25
2026-07-01 10:42:35,30224.25,30227.25,30224.25,30226.25,124,30226.25,30226.75,0.50
2026-07-01 10:42:36,30226.00,30228.75,30226.00,30227.00,206,30226.25,30226.75,0.50
2026-07-01 10:42:37,30226.75,30227.50,30226.00,30226.50,118,30226.25,30226.75,0.50
2026-07-01 10:42:38,30226.50,30227.75,30222.00,30222.00,126,30222.50,30223.00,0.50
2026-07-01 10:42:39,30222.00,30222.75,30220.75,30222.25,79,30220.75,30221.25,0.50
2026-07-01 10:42:40,30221.75,30222.25,30220.75,30221.00,82,30217.25,30217.75,0.50
2026-07-01 10:42:41,30221.00,30221.25,30216.50,30217.25,142,30217.50,30217.75,0.25
2026-07-01 10:42:42,30217.00,30217.50,30214.50,30217.50,142,30217.00,30217.25,0.25
2026-07-01 10:42:43,30217.50,30219.25,30216.75,30217.50,168,30217.00,30217.25,0.25
2026-07-01 10:42:44,30217.25,30218.50,30216.75,30218.00,145,30217.00,30217.50,0.50
2026-07-01 10:42:45,30217.50,30217.75,30215.00,30217.25,92,30219.00,30219.50,0.50
2026-07-01 10:42:46,30217.25,30219.50,30216.75,30219.50,85,30217.50,30218.00,0.50
2026-07-01 10:42:47,30219.25,30220.75,30218.00,30218.00,84,30216.75,30217.25,0.50
2026-07-01 10:42:48,30218.00,30218.75,30217.50,30217.50,60,30216.75,30217.25,0.50
2026-07-01 10:42:49,30217.50,30217.50,30215.50,30215.50,53,30213.50,30214.25,0.75
2026-07-01 10:42:50,30215.50,30216.25,30212.50,30213.75,154,30213.50,30214.25,0.75
2026-07-01 10:42:51,30213.50,30215.25,30211.75,30214.50,253,30213.25,30213.50,0.25
2026-07-01 10:42:52,30214.50,30214.50,30212.75,30213.25,94,30211.75,30212.25,0.50
2026-07-01 10:42:53,30213.25,30214.25,30211.75,30212.00,76,30215.25,30215.75,0.50
2026-07-01 10:42:54,30211.75,30216.00,30211.00,30215.75,252,30215.75,30216.25,0.50
2026-07-01 10:42:55,30215.75,30217.00,30214.50,30216.00,95,30216.75,30217.25,0.50
2026-07-01 10:42:56,30215.75,30218.00,30215.75,30217.25,131,30216.25,30216.50,0.25
2026-07-01 10:42:57,30217.25,30217.50,30216.25,30216.25,48,30217.75,30218.25,0.50
2026-07-01 10:42:58,30216.25,30218.50,30215.50,30217.75,66,30218.00,30218.50,0.50
2026-07-01 10:42:59,30217.75,30219.50,30217.25,30218.50,52,30218.00,30218.25,0.25
2026-07-01 10:43:00,30218.00,30219.50,30217.00,30218.25,93,30221.50,30221.75,0.25
2026-07-01 10:43:01,30218.50,30223.25,30218.50,30221.75,204,30221.75,30222.00,0.25
2026-07-01 10:43:02,30221.50,30222.25,30219.75,30221.75,143,30222.25,30222.75,0.50
2026-07-01 10:43:03,30222.25,30223.25,30221.25,30222.50,67,30224.25,30224.50,0.25
2026-07-01 10:43:04,30223.50,30227.75,30223.25,30224.75,242,30224.25,30224.50,0.25
2026-07-01 10:43:05,30224.50,30224.75,30222.50,30223.50,77,30224.25,30224.75,0.50
2026-07-01 10:43:06,30223.25,30225.75,30222.25,30225.00,71,30224.75,30225.25,0.50
2026-07-01 10:43:07,30224.25,30225.00,30223.25,30225.00,119,30223.50,30224.00,0.50
2026-07-01 10:43:08,30225.00,30225.25,30222.00,30224.00,63,30223.25,30223.50,0.25
2026-07-01 10:43:09,30224.00,30224.50,30223.25,30223.25,27,30227.75,30228.00,0.25
2026-07-01 10:43:10,30223.75,30230.00,30223.75,30228.25,253,30228.50,30229.00,0.50
2026-07-01 10:43:11,30228.00,30232.75,30227.25,30229.25,259,30228.50,30229.00,0.50
2026-07-01 10:43:12,30228.50,30230.25,30227.25,30229.00,146,30228.50,30229.00,0.50
2026-07-01 10:43:13,30228.75,30229.75,30228.50,30229.00,51,30230.00,30230.25,0.25
2026-07-01 10:43:14,30229.25,30231.00,30229.25,30230.00,90,30229.50,30230.00,0.50
2026-07-01 10:43:15,30230.00,30232.25,30229.50,30229.50,86,30228.00,30228.25,0.25
2026-07-01 10:43:16,30229.75,30230.50,30226.25,30228.00,143,30228.00,30228.50,0.50
2026-07-01 10:43:17,30227.75,30229.00,30227.00,30227.75,61,30228.50,30229.00,0.50
2026-07-01 10:43:18,30228.00,30230.75,30228.00,30228.75,72,30226.75,30227.25,0.50
2026-07-01 10:43:19,30228.50,30229.00,30227.25,30227.25,23,30226.75,30227.25,0.50
2026-07-01 10:43:20,30227.00,30227.50,30225.25,30225.75,53,30223.25,30223.75,0.50
2026-07-01 10:43:21,30225.75,30225.75,30223.00,30223.50,132,30223.75,30224.00,0.25
2026-07-01 10:43:22,30223.75,30224.25,30222.75,30223.75,40,30223.50,30224.00,0.50
2026-07-01 10:43:23,30223.50,30224.00,30222.00,30223.75,52,30223.50,30224.00,0.50
2026-07-01 10:43:24,30223.75,30224.25,30223.00,30223.50,44,30224.25,30224.75,0.50
2026-07-01 10:43:25,30223.50,30225.25,30223.00,30224.75,31,30223.25,30223.75,0.50
2026-07-01 10:43:26,30224.25,30224.50,30222.50,30223.50,46,30221.25,30221.75,0.50
2026-07-01 10:43:27,30223.50,30223.50,30221.00,30221.50,68,30221.25,30221.75,0.50
2026-07-01 10:43:28,30221.50,30222.25,30221.25,30221.75,98,30225.25,30225.75,0.50
2026-07-01 10:43:29,30221.75,30225.75,30221.50,30225.75,93,30228.00,30228.50,0.50
2026-07-01 10:43:30,30226.50,30229.50,30226.50,30228.75,79,30228.00,30228.50,0.50
2026-07-01 10:43:31,30228.00,30229.00,30227.75,30228.25,99,30228.25,30228.75,0.50
2026-07-01 10:43:32,30228.50,30230.50,30228.25,30228.25,73,30228.50,30229.00,0.50
2026-07-01 10:43:33,30228.75,30229.75,30228.25,30228.75,85,30229.00,30229.25,0.25
2026-07-01 10:43:34,30228.50,30230.50,30228.50,30229.25,61,30228.50,30229.00,0.50
2026-07-01 10:43:35,30228.75,30229.00,30228.00,30228.75,69,30224.75,30225.25,0.50
2026-07-01 10:43:36,30228.75,30229.00,30224.00,30225.25,70,30224.25,30224.50,0.25
2026-07-01 10:43:37,30225.25,30225.75,30224.00,30224.50,42,30224.75,30225.25,0.50
2026-07-01 10:43:38,30224.25,30225.50,30224.00,30225.25,43,30223.50,30223.75,0.25
2026-07-01 10:43:39,30225.00,30226.50,30222.75,30222.75,80,30224.50,30225.00,0.50
2026-07-01 10:43:40,30223.50,30226.00,30223.50,30224.75,57,30225.00,30225.50,0.50
2026-07-01 10:43:41,30225.00,30226.50,30224.75,30225.00,71,30223.25,30223.50,0.25
2026-07-01 10:43:42,30225.00,30225.50,30223.25,30224.00,45,30222.25,30222.75,0.50
2026-07-01 10:43:43,30223.50,30223.50,30221.00,30223.00,71,30223.00,30223.50,0.50
2026-07-01 10:43:44,30221.75,30223.25,30221.75,30223.00,27,30223.75,30224.25,0.50
2026-07-01 10:43:45,30223.25,30223.75,30222.50,30223.75,22,30223.75,30224.25,0.50
2026-07-01 10:43:46,30223.75,30225.25,30223.50,30223.75,25,30224.25,30224.75,0.50
2026-07-01 10:43:47,30224.00,30225.25,30224.00,30224.75,50,30224.00,30224.50,0.50
2026-07-01 10:43:48,30223.00,30225.75,30223.00,30224.00,30,30225.75,30226.25,0.50
2026-07-01 10:43:49,30225.25,30227.25,30225.00,30226.25,65,30227.25,30227.50,0.25
2026-07-01 10:43:50,30227.00,30227.50,30225.50,30227.25,76,30227.25,30227.50,0.25
2026-07-01 10:43:51,30227.25,30231.50,30227.00,30230.75,145,30233.25,30233.75,0.50
2026-07-01 10:43:52,30230.25,30234.50,30230.25,30233.00,179,30231.00,30231.50,0.50
2026-07-01 10:43:53,30233.75,30234.00,30230.25,30231.50,123,30231.00,30231.50,0.50
2026-07-01 10:43:54,30231.00,30231.75,30229.25,30230.75,119,30228.50,30229.00,0.50
2026-07-01 10:43:55,30230.50,30231.00,30228.50,30228.75,69,30226.75,30227.25,0.50
2026-07-01 10:43:56,30228.75,30229.50,30225.50,30227.00,112,30225.25,30225.75,0.50
2026-07-01 10:43:57,30227.75,30229.50,30224.50,30225.00,170,30225.25,30225.75,0.50
2026-07-01 10:43:58,30225.25,30226.25,30224.75,30225.75,84,30225.50,30226.00,0.50
2026-07-01 10:43:59,30226.00,30226.00,30222.00,30222.00,178,30218.50,30219.00,0.50
2026-07-01 10:44:00,30222.50,30222.75,30218.75,30219.00,188,30223.00,30223.25,0.25
2026-07-01 10:44:01,30219.25,30223.75,30219.25,30223.00,120,30223.00,30223.25,0.25
2026-07-01 10:44:02,30223.00,30226.50,30222.75,30225.00,93,30225.75,30226.25,0.50
2026-07-01 10:44:03,30225.75,30226.50,30224.75,30226.00,58,30227.50,30228.00,0.50
2026-07-01 10:44:04,30226.25,30228.00,30225.50,30228.00,67,30230.00,30230.50,0.50
2026-07-01 10:44:05,30228.25,30232.00,30228.00,30230.25,104,30229.75,30230.25,0.50
2026-07-01 10:44:06,30230.25,30231.50,30229.75,30230.25,82,30230.00,30230.50,0.50
2026-07-01 10:44:07,30230.50,30232.00,30229.75,30230.75,63,30230.00,30230.50,0.50
2026-07-01 10:44:08,30230.25,30231.25,30229.00,30230.75,73,30229.50,30230.00,0.50
2026-07-01 10:44:09,30230.75,30231.50,30229.50,30230.00,43,30230.50,30231.00,0.50
2026-07-01 10:44:10,30229.50,30231.00,30229.25,30230.75,79,30231.75,30232.00,0.25
2026-07-01 10:44:11,30231.50,30231.75,30229.00,30231.75,65,30231.50,30232.00,0.50
2026-07-01 10:44:12,30231.75,30233.00,30230.25,30231.50,75,30235.25,30235.75,0.50
2026-07-01 10:44:13,30231.50,30235.00,30231.25,30235.00,185,30235.25,30235.75,0.50
2026-07-01 10:44:14,30235.00,30239.50,30234.25,30237.75,429,30237.00,30237.50,0.50
2026-07-01 10:44:15,30238.00,30238.50,30234.75,30237.00,226,30235.75,30236.25,0.50
2026-07-01 10:44:16,30237.25,30237.50,30233.25,30235.75,135,30235.00,30235.50,0.50
2026-07-01 10:44:17,30236.50,30237.00,30235.25,30235.50,62,30232.25,30232.75,0.50
2026-07-01 10:44:18,30235.00,30235.50,30231.75,30232.50,84,30235.00,30235.25,0.25
2026-07-01 10:44:19,30232.25,30235.25,30232.25,30235.25,46,30235.00,30235.25,0.25
2026-07-01 10:44:20,30235.25,30236.75,30233.75,30233.75,72,30232.50,30233.00,0.50
2026-07-01 10:44:21,30234.00,30235.00,30232.50,30232.75,91,30230.75,30231.25,0.50
2026-07-01 10:44:22,30232.50,30234.50,30229.50,30230.75,77,30230.50,30231.00,0.50
2026-07-01 10:44:23,30231.50,30231.75,30230.50,30230.50,94,30230.50,30231.00,0.50
2026-07-01 10:44:24,30230.50,30232.75,30229.75,30231.50,66,30230.25,30230.75,0.50
2026-07-01 10:44:25,30231.75,30232.00,30230.50,30230.75,55,30224.75,30225.25,0.50
2026-07-01 10:44:26,30230.25,30230.25,30224.75,30224.75,226,30222.25,30222.75,0.50
2026-07-01 10:44:27,30225.00,30225.50,30222.25,30222.50,129,30222.25,30222.75,0.50
2026-07-01 10:44:28,30222.75,30224.25,30222.75,30223.75,70,30224.25,30224.50,0.25
2026-07-01 10:44:29,30224.00,30225.50,30223.50,30224.25,49,30222.50,30223.00,0.50
2026-07-01 10:44:30,30224.50,30225.00,30222.25,30222.75,92,30222.00,30222.50,0.50
2026-07-01 10:44:31,30222.75,30223.50,30221.75,30222.75,112,30220.50,30221.00,0.50
2026-07-01 10:44:32,30222.25,30223.25,30220.25,30221.25,70,30214.50,30215.00,0.50
2026-07-01 10:44:33,30220.25,30220.25,30213.50,30215.00,433,30214.50,30215.00,0.50
2026-07-01 10:44:34,30214.75,30215.50,30212.25,30212.75,168,30214.00,30214.50,0.50
2026-07-01 10:44:35,30213.50,30215.50,30213.00,30214.00,127,30213.25,30213.75,0.50
2026-07-01 10:44:36,30214.50,30214.50,30212.75,30213.25,135,30210.00,30210.25,0.25
2026-07-01 10:44:37,30213.25,30214.50,30209.50,30209.75,284,30208.00,30208.50,0.50
2026-07-01 10:44:38,30210.25,30210.25,30207.50,30208.00,195,30209.75,30210.25,0.50
2026-07-01 10:44:39,30208.50,30211.25,30206.50,30210.00,402,30208.50,30209.00,0.50
2026-07-01 10:44:40,30210.25,30211.00,30208.25,30208.75,133,30210.00,30210.25,0.25
2026-07-01 10:44:41,30208.75,30210.75,30206.50,30210.00,219,30206.75,30207.25,0.50
2026-07-01 10:44:42,30210.00,30210.75,30207.25,30207.25,132,30206.75,30207.25,0.50
2026-07-01 10:44:43,30207.00,30207.25,30204.00,30205.00,344,30209.00,30209.50,0.50
2026-07-01 10:44:44,30205.50,30210.00,30203.75,30209.50,249,30208.25,30208.75,0.50
2026-07-01 10:44:45,30208.50,30209.50,30208.00,30208.75,138,30207.75,30208.25,0.50
2026-07-01 10:44:46,30208.25,30209.50,30207.00,30207.75,121,30213.50,30214.00,0.50
2026-07-01 10:44:47,30207.75,30214.75,30207.75,30214.00,194,30211.00,30211.50,0.50
2026-07-01 10:44:48,30214.00,30215.75,30211.50,30211.50,209,30209.50,30210.00,0.50
2026-07-01 10:44:49,30211.25,30211.25,30208.50,30209.75,130,30207.00,30207.25,0.25
2026-07-01 10:44:50,30209.00,30209.00,30205.25,30206.75,156,30207.25,30207.75,0.50
2026-07-01 10:44:51,30207.00,30208.25,30206.75,30208.00,103,30208.00,30208.50,0.50
2026-07-01 10:44:52,30207.00,30209.50,30207.00,30208.50,50,30206.75,30207.25,0.50
2026-07-01 10:44:53,30209.00,30209.25,30207.00,30207.00,87,30205.75,30206.25,0.50
2026-07-01 10:44:54,30207.25,30208.00,30205.50,30205.50,76,30206.75,30207.25,0.50
2026-07-01 10:44:55,30206.25,30208.25,30206.25,30207.50,89,30208.50,30209.00,0.50
2026-07-01 10:44:56,30207.00,30208.25,30207.00,30207.50,44,30208.50,30209.00,0.50
2026-07-01 10:44:57,30208.50,30210.00,30208.25,30210.00,109,30209.50,30210.00,0.50
2026-07-01 10:44:58,30209.50,30210.00,30205.75,30208.25,145,30208.25,30208.75,0.50
2026-07-01 10:44:59,30208.50,30209.25,30206.50,30206.75,60,30202.00,30203.00,1.00
2026-07-01 10:45:00,30207.00,30207.00,30200.00,30203.00,555,30202.00,30203.00,1.00
2026-07-01 10:45:01,30202.00,30204.00,30197.00,30197.75,661,30197.50,30198.00,0.50
2026-07-01 10:45:02,30197.75,30198.25,30192.50,30193.25,585,30193.00,30193.50,0.50
2026-07-01 10:45:03,30193.00,30194.50,30190.00,30190.50,516,30187.75,30188.00,0.25
2026-07-01 10:45:04,30190.75,30194.75,30187.00,30187.00,673,30187.75,30188.00,0.25
2026-07-01 10:45:05,30187.75,30188.50,30182.75,30184.00,569,30182.00,30182.75,0.75
2026-07-01 10:45:06,30184.00,30185.25,30182.00,30182.50,451,30182.75,30183.25,0.50
2026-07-01 10:45:07,30182.75,30184.00,30181.00,30182.75,425,30179.00,30179.50,0.50
2026-07-01 10:45:08,30183.25,30183.25,30178.75,30179.00,429,30184.25,30184.50,0.25
2026-07-01 10:45:09,30179.75,30185.50,30177.50,30184.50,403,30180.00,30181.00,1.00
2026-07-01 10:45:10,30184.25,30185.00,30180.25,30180.25,241,30180.00,30181.00,1.00
2026-07-01 10:45:11,30180.25,30182.75,30179.75,30180.50,271,30180.25,30180.75,0.50
2026-07-01 10:45:12,30180.75,30181.25,30179.00,30180.00,173,30180.25,30180.75,0.50
2026-07-01 10:45:13,30180.50,30183.75,30180.25,30182.75,227,30183.75,30184.00,0.25
2026-07-01 10:45:14,30183.00,30186.00,30181.50,30183.75,189,30185.75,30186.25,0.50
2026-07-01 10:45:15,30184.00,30187.75,30182.50,30186.00,259,30187.00,30187.50,0.50
2026-07-01 10:45:16,30186.25,30189.25,30186.25,30187.50,291,30182.25,30182.75,0.50
2026-07-01 10:45:17,30187.50,30188.75,30182.00,30182.50,322,30182.00,30182.25,0.25
2026-07-01 10:45:18,30182.75,30183.75,30181.25,30182.25,196,30175.75,30176.00,0.25
2026-07-01 10:45:19,30182.00,30182.00,30175.25,30176.25,292,30175.75,30176.00,0.25
2026-07-01 10:45:20,30176.00,30176.25,30173.00,30173.25,271,30173.00,30173.50,0.50
2026-07-01 10:45:21,30173.50,30175.25,30169.75,30170.50,480,30169.00,30169.50,0.50
2026-07-01 10:45:22,30171.00,30171.25,30166.00,30169.25,443,30170.25,30170.75,0.50
2026-07-01 10:45:23,30169.00,30171.00,30168.00,30170.25,275,30170.25,30170.75,0.50
2026-07-01 10:45:24,30170.50,30172.00,30169.50,30170.50,197,30172.50,30173.00,0.50
2026-07-01 10:45:25,30170.75,30175.00,30170.25,30172.75,202,30172.50,30173.00,0.50
2026-07-01 10:45:26,30172.75,30173.25,30169.25,30170.00,201,30169.50,30170.00,0.50
2026-07-01 10:45:27,30169.50,30170.25,30165.00,30165.25,268,30167.50,30168.00,0.50
2026-07-01 10:45:28,30165.75,30168.50,30164.25,30167.75,240,30167.50,30168.00,0.50
2026-07-01 10:45:29,30167.75,30169.00,30166.25,30168.25,134,30168.25,30168.75,0.50
2026-07-01 10:45:30,30168.25,30169.00,30166.50,30167.25,125,30171.00,30171.50,0.50
2026-07-01 10:45:31,30166.75,30171.75,30166.75,30171.50,201,30171.00,30171.50,0.50
2026-07-01 10:45:32,30171.50,30173.50,30170.00,30170.50,189,30170.75,30171.25,0.50
2026-07-01 10:45:33,30171.00,30173.25,30170.00,30171.25,174,30170.75,30171.25,0.50
2026-07-01 10:45:34,30171.00,30171.50,30168.25,30169.50,162,30169.00,30169.50,0.50
2026-07-01 10:45:35,30169.50,30170.50,30167.75,30169.25,146,30169.50,30170.00,0.50
2026-07-01 10:45:36,30169.75,30170.75,30167.75,30169.25,182,30169.50,30170.00,0.50
2026-07-01 10:45:37,30169.75,30171.00,30166.25,30170.50,242,30170.75,30171.00,0.25
2026-07-01 10:45:38,30170.25,30171.75,30169.75,30171.00,161,30170.25,30170.50,0.25
2026-07-01 10:45:39,30170.75,30171.50,30170.00,30170.25,141,30173.00,30173.50,0.50
2026-07-01 10:45:40,30170.50,30174.75,30170.00,30173.25,175,30172.00,30172.25,0.25
2026-07-01 10:45:41,30173.25,30174.50,30171.50,30172.25,161,30167.25,30167.75,0.50
2026-07-01 10:45:42,30171.75,30171.75,30166.50,30167.50,248,30167.25,30167.75,0.50
2026-07-01 10:45:43,30167.50,30167.75,30163.00,30166.25,406,30157.50,30157.75,0.25
2026-07-01 10:45:44,30166.00,30166.50,30157.75,30157.75,585,30157.50,30157.75,0.25
2026-07-01 10:45:45,30157.75,30157.75,30153.00,30155.50,465,30155.00,30155.50,0.50
2026-07-01 10:45:46,30156.00,30156.00,30153.50,30155.25,187,30156.50,30157.00,0.50
2026-07-01 10:45:47,30155.00,30158.00,30154.75,30156.25,182,30156.50,30157.00,0.50
2026-07-01 10:45:48,30156.75,30158.50,30155.25,30156.00,154,30157.25,30157.75,0.50
2026-07-01 10:45:49,30155.50,30158.75,30154.50,30157.75,133,30159.25,30159.75,0.50
2026-07-01 10:45:50,30157.75,30159.75,30156.75,30159.75,185,30157.00,30157.50,0.50
2026-07-01 10:45:51,30159.50,30159.50,30155.25,30157.25,150,30157.00,30157.50,0.50
2026-07-01 10:45:52,30157.25,30159.25,30156.00,30158.75,123,30157.50,30158.00,0.50
2026-07-01 10:45:53,30158.75,30158.75,30155.25,30157.50,106,30157.50,30158.00,0.50
2026-07-01 10:45:54,30157.75,30158.75,30156.75,30158.00,72,30153.50,30154.00,0.50
2026-07-01 10:45:55,30157.50,30158.00,30153.25,30154.50,95,30154.50,30155.00,0.50
2026-07-01 10:45:56,30153.50,30155.00,30151.75,30155.00,160,30156.00,30156.50,0.50
2026-07-01 10:45:57,30154.50,30157.00,30153.00,30156.25,98,30156.00,30156.50,0.50
2026-07-01 10:45:58,30156.25,30156.75,30154.00,30155.00,72,30152.25,30152.75,0.50
2026-07-01 10:45:59,30154.25,30155.50,30152.25,30152.75,66,30154.00,30154.50,0.50
2026-07-01 10:46:00,30152.25,30154.25,30150.25,30153.75,173,30154.00,30154.50,0.50
2026-07-01 10:46:01,30154.25,30158.00,30154.00,30157.00,247,30156.75,30157.25,0.50
2026-07-01 10:46:02,30157.00,30160.00,30156.00,30158.25,277,30158.00,30158.50,0.50
2026-07-01 10:46:03,30158.25,30158.75,30154.75,30157.00,185,30156.50,30157.00,0.50
2026-07-01 10:46:04,30156.75,30158.25,30154.00,30154.50,118,30154.75,30155.25,0.50
2026-07-01 10:46:05,30155.00,30156.50,30154.25,30156.00,149,30158.75,30159.25,0.50
2026-07-01 10:46:06,30156.00,30161.00,30155.50,30159.25,159,30156.25,30156.50,0.25
2026-07-01 10:46:07,30159.25,30160.75,30157.00,30157.50,150,30156.25,30156.50,0.25
2026-07-01 10:46:08,30157.25,30157.25,30151.25,30152.50,195,30154.25,30154.75,0.50
2026-07-01 10:46:09,30152.50,30155.50,30152.50,30154.75,122,30149.00,30149.25,0.25
2026-07-01 10:46:10,30154.25,30154.75,30148.75,30148.75,255,30149.00,30149.25,0.25
2026-07-01 10:46:11,30149.00,30150.25,30147.25,30147.50,197,30148.00,30148.50,0.50
2026-07-01 10:46:12,30147.25,30148.50,30146.50,30148.50,275,30145.00,30145.50,0.50
2026-07-01 10:46:13,30148.00,30148.00,30144.50,30145.25,272,30145.00,30145.50,0.50
2026-07-01 10:46:14,30145.50,30151.00,30144.75,30149.00,255,30149.00,30149.50,0.50
2026-07-01 10:46:15,30149.00,30153.25,30148.75,30149.25,226,30149.00,30149.50,0.50
2026-07-01 10:46:16,30149.50,30153.25,30147.25,30153.00,153,30153.75,30154.25,0.50
2026-07-01 10:46:17,30152.25,30155.50,30151.75,30154.50,191,30155.50,30156.00,0.50
2026-07-01 10:46:18,30154.25,30156.50,30153.75,30156.00,211,30152.50,30152.75,0.25
2026-07-01 10:46:19,30156.00,30157.00,30152.75,30152.75,118,30150.75,30151.25,0.50
2026-07-01 10:46:20,30153.25,30153.75,30150.50,30151.00,114,30150.75,30151.25,0.50
2026-07-01 10:46:21,30150.75,30156.25,30150.50,30155.00,123,30156.50,30157.00,0.50
2026-07-01 10:46:22,30155.00,30157.25,30154.00,30156.75,86,30154.75,30155.25,0.50
2026-07-01 10:46:23,30157.25,30158.00,30155.00,30155.00,143,30154.75,30155.25,0.50
2026-07-01 10:46:24,30155.00,30156.00,30153.00,30153.00,139,30153.00,30153.50,0.50
2026-07-01 10:46:25,30153.25,30154.00,30151.00,30153.00,92,30154.00,30154.50,0.50
2026-07-01 10:46:26,30153.00,30154.75,30152.75,30154.50,59,30153.00,30153.25,0.25
2026-07-01 10:46:27,30154.25,30157.25,30152.75,30153.25,106,30153.00,30153.25,0.25
2026-07-01 10:46:28,30153.25,30153.75,30151.75,30152.00,73,30151.50,30152.00,0.50
2026-07-01 10:46:29,30152.25,30153.25,30150.50,30151.75,96,30152.50,30153.00,0.50
2026-07-01 10:46:30,30152.25,30154.25,30152.25,30153.00,56,30153.25,30153.75,0.50
2026-07-01 10:46:31,30152.50,30156.00,30151.75,30153.75,130,30154.50,30155.00,0.50
2026-07-01 10:46:32,30153.75,30155.50,30152.50,30155.00,72,30154.50,30155.00,0.50
2026-07-01 10:46:33,30155.00,30156.00,30153.50,30153.50,89,30152.75,30153.25,0.50
2026-07-01 10:46:34,30153.50,30153.50,30143.75,30145.00,282,30144.75,30145.25,0.50
2026-07-01 10:46:35,30144.75,30145.00,30138.00,30138.50,522,30139.50,30140.00,0.50
2026-07-01 10:46:36,30138.50,30139.75,30136.50,30139.00,305,30139.50,30140.00,0.50
2026-07-01 10:46:37,30139.50,30142.75,30139.00,30142.50,221,30139.75,30140.00,0.25
2026-07-01 10:46:38,30143.00,30143.50,30139.75,30140.75,165,30143.00,30143.50,0.50
2026-07-01 10:46:39,30140.00,30143.75,30139.25,30143.50,138,30140.25,30140.75,0.50
2026-07-01 10:46:40,30143.50,30143.50,30139.25,30139.50,135,30140.25,30140.75,0.50
2026-07-01 10:46:41,30140.25,30145.50,30140.25,30145.50,243,30144.75,30145.25,0.50
2026-07-01 10:46:42,30145.25,30147.25,30144.75,30145.25,154,30144.50,30145.00,0.50
2026-07-01 10:46:43,30145.00,30146.25,30144.25,30145.25,144,30145.50,30146.00,0.50
2026-07-01 10:46:44,30145.75,30146.25,30143.00,30144.00,102,30151.75,30152.00,0.25
2026-07-01 10:46:45,30143.75,30153.50,30143.75,30151.75,435,30153.00,30153.50,0.50
2026-07-01 10:46:46,30151.50,30153.50,30150.25,30153.50,144,30160.00,30160.50,0.50
2026-07-01 10:46:47,30153.75,30161.25,30152.50,30160.50,410,30165.00,30165.50,0.50
2026-07-01 10:46:48,30160.25,30167.00,30159.75,30164.75,485,30164.50,30165.00,0.50
2026-07-01 10:46:49,30165.00,30167.00,30164.75,30165.00,338,30164.50,30165.00,0.50
2026-07-01 10:46:50,30164.75,30165.25,30161.75,30163.75,275,30160.75,30161.25,0.50
2026-07-01 10:46:51,30164.25,30164.75,30161.25,30161.25,199,30159.50,30160.00,0.50
2026-07-01 10:46:52,30161.25,30162.75,30160.00,30160.00,118,30159.50,30160.00,0.50
2026-07-01 10:46:53,30160.00,30162.25,30159.75,30161.00,124,30162.25,30162.75,0.50
2026-07-01 10:46:54,30161.50,30163.00,30160.75,30162.25,97,30161.75,30162.25,0.50
2026-07-01 10:46:55,30162.25,30164.75,30161.50,30161.50,160,30162.00,30162.50,0.50
2026-07-01 10:46:56,30162.25,30164.25,30161.50,30162.25,127,30164.00,30164.50,0.50
2026-07-01 10:46:57,30162.50,30164.75,30162.00,30164.50,67,30164.25,30164.75,0.50
2026-07-01 10:46:58,30164.25,30165.50,30163.75,30164.25,131,30165.50,30166.00,0.50
2026-07-01 10:46:59,30165.50,30166.00,30164.00,30166.00,80,30164.00,30164.50,0.50
2026-07-01 10:47:00,30165.50,30166.25,30163.75,30163.75,94,30166.75,30167.00,0.25
2026-07-01 10:47:01,30164.50,30169.75,30164.00,30167.25,227,30164.00,30164.50,0.50
2026-07-01 10:47:02,30166.75,30170.25,30164.00,30164.75,186,30164.00,30164.50,0.50
2026-07-01 10:47:03,30164.50,30167.00,30162.25,30165.50,184,30161.00,30161.50,0.50
2026-07-01 10:47:04,30165.25,30167.25,30161.25,30161.25,133,30161.00,30161.50,0.50
2026-07-01 10:47:05,30161.00,30161.50,30159.25,30159.75,112,30167.00,30167.50,0.50
2026-07-01 10:47:06,30160.00,30167.75,30160.00,30167.50,177,30174.25,30175.00,0.75
2026-07-01 10:47:07,30167.50,30176.75,30167.25,30174.50,409,30173.00,30173.50,0.50
2026-07-01 10:47:08,30175.00,30175.50,30173.25,30173.50,173,30172.25,30172.75,0.50
2026-07-01 10:47:09,30173.00,30174.00,30171.75,30171.75,165,30176.75,30177.25,0.50
2026-07-01 10:47:10,30173.25,30177.50,30172.50,30177.25,169,30177.50,30177.75,0.25
2026-07-01 10:47:11,30176.75,30178.75,30175.75,30177.75,232,30181.25,30181.75,0.50
2026-07-01 10:47:12,30177.50,30181.75,30177.00,30181.50,232,30180.25,30180.75,0.50
2026-07-01 10:47:13,30181.25,30182.75,30180.00,30180.75,223,30180.25,30180.75,0.50
2026-07-01 10:47:14,30180.75,30182.25,30179.50,30182.00,178,30178.50,30178.75,0.25
2026-07-01 10:47:15,30181.75,30181.75,30178.50,30179.00,140,30181.50,30182.00,0.50
2026-07-01 10:47:16,30178.75,30184.00,30178.75,30181.00,309,30181.50,30182.00,0.50
2026-07-01 10:47:17,30181.25,30183.25,30181.00,30181.75,89,30181.00,30181.50,0.50
2026-07-01 10:47:18,30181.50,30183.00,30180.50,30181.00,138,30181.00,30181.50,0.50
2026-07-01 10:47:19,30181.50,30185.75,30180.75,30183.00,208,30181.50,30182.00,0.50
2026-07-01 10:47:20,30183.00,30183.00,30181.00,30181.75,106,30180.75,30181.25,0.50
2026-07-01 10:47:21,30182.00,30183.50,30179.50,30181.00,129,30180.00,30180.50,0.50
2026-07-01 10:47:22,30181.25,30181.25,30179.25,30179.75,124,30184.00,30184.50,0.50
2026-07-01 10:47:23,30180.00,30185.00,30178.75,30184.50,181,30184.75,30185.25,0.50
2026-07-01 10:47:24,30184.75,30187.50,30183.25,30184.75,227,30188.50,30188.75,0.25
2026-07-01 10:47:25,30185.25,30188.75,30184.50,30188.75,215,30187.25,30187.75,0.50
2026-07-01 10:47:26,30188.75,30190.50,30186.25,30187.75,202,30186.00,30186.50,0.50
2026-07-01 10:47:27,30187.75,30187.75,30184.50,30186.25,164,30185.50,30186.00,0.50
2026-07-01 10:47:28,30186.50,30186.50,30184.50,30185.50,123,30183.75,30184.00,0.25
2026-07-01 10:47:29,30185.50,30186.25,30183.50,30183.75,102,30184.25,30184.75,0.50
2026-07-01 10:47:30,30184.00,30185.25,30183.00,30184.50,96,30184.25,30184.75,0.50
2026-07-01 10:47:31,30184.50,30184.75,30181.50,30182.25,99,30180.75,30181.25,0.50
2026-07-01 10:47:32,30182.50,30183.00,30178.50,30181.25,154,30180.75,30181.25,0.50
2026-07-01 10:47:33,30180.75,30182.00,30180.25,30181.25,121,30181.00,30181.50,0.50
2026-07-01 10:47:34,30181.00,30183.00,30180.75,30182.75,59,30182.50,30183.00,0.50
2026-07-01 10:47:35,30182.75,30183.25,30180.50,30182.50,95,30181.75,30182.25,0.50
2026-07-01 10:47:36,30183.00,30183.50,30180.75,30181.25,77,30174.50,30175.00,0.50
2026-07-01 10:47:37,30181.50,30181.50,30175.00,30175.00,279,30174.50,30175.00,0.50
2026-07-01 10:47:38,30174.75,30174.75,30170.50,30171.50,171,30174.25,30174.50,0.25
2026-07-01 10:47:39,30171.75,30174.75,30171.25,30174.50,175,30174.25,30174.50,0.25
2026-07-01 10:47:40,30174.75,30176.75,30174.25,30175.25,124,30171.50,30172.00,0.50
2026-07-01 10:47:41,30175.50,30176.00,30171.50,30171.75,140,30171.75,30172.25,0.50
2026-07-01 10:47:42,30172.00,30172.25,30170.00,30172.00,110,30171.25,30171.75,0.50
2026-07-01 10:47:43,30171.75,30173.50,30171.00,30171.50,85,30171.25,30171.75,0.50
2026-07-01 10:47:44,30171.50,30173.25,30170.50,30171.75,110,30171.75,30172.25,0.50
2026-07-01 10:47:45,30171.75,30172.50,30170.00,30171.00,49,30175.00,30175.25,0.25
2026-07-01 10:47:46,30171.00,30177.00,30171.00,30175.75,144,30173.50,30174.00,0.50
2026-07-01 10:47:47,30175.00,30175.50,30173.00,30173.75,67,30173.50,30174.00,0.50
2026-07-01 10:47:48,30173.75,30174.25,30171.75,30174.25,58,30174.50,30175.00,0.50
2026-07-01 10:47:49,30174.00,30175.25,30173.25,30175.00,69,30176.00,30176.25,0.25
2026-07-01 10:47:50,30174.50,30176.50,30173.75,30176.00,62,30175.75,30176.00,0.25
2026-07-01 10:47:51,30175.50,30177.25,30175.25,30176.00,73,30175.75,30176.25,0.50
2026-07-01 10:47:52,30176.00,30176.25,30175.25,30176.00,50,30173.00,30173.25,0.25
2026-07-01 10:47:53,30175.50,30176.00,30173.00,30173.00,73,30173.00,30173.25,0.25
2026-07-01 10:47:54,30173.00,30175.00,30173.00,30173.75,51,30174.50,30175.00,0.50
2026-07-01 10:47:55,30174.25,30175.25,30173.50,30174.75,56,30172.75,30173.25,0.50
2026-07-01 10:47:56,30175.00,30175.25,30170.50,30172.75,96,30171.75,30172.25,0.50
2026-07-01 10:47:57,30173.00,30173.25,30170.25,30171.75,72,30171.75,30172.25,0.50
2026-07-01 10:47:58,30172.00,30172.50,30170.50,30171.75,79,30170.25,30170.75,0.50
2026-07-01 10:47:59,30171.75,30172.00,30170.00,30170.00,50,30169.25,30169.75,0.50
2026-07-01 10:48:00,30170.25,30171.75,30169.25,30169.25,78,30165.00,30165.50,0.50
2026-07-01 10:48:01,30170.00,30170.00,30164.75,30165.25,246,30166.25,30167.00,0.75
2026-07-01 10:48:02,30165.00,30168.00,30165.00,30167.00,149,30166.25,30167.00,0.75
2026-07-01 10:48:03,30167.00,30171.50,30166.00,30168.25,168,30171.75,30172.00,0.25
2026-07-01 10:48:04,30168.25,30172.00,30168.25,30172.00,126,30174.75,30175.25,0.50
2026-07-01 10:48:05,30171.75,30176.25,30170.75,30175.25,153,30174.75,30175.25,0.50
2026-07-01 10:48:06,30175.25,30177.75,30174.25,30174.50,188,30173.75,30174.25,0.50
2026-07-01 10:48:07,30174.75,30174.75,30169.00,30169.25,132,30164.75,30165.25,0.50
2026-07-01 10:48:08,30169.25,30169.25,30164.75,30165.00,110,30165.00,30165.50,0.50
2026-07-01 10:48:09,30164.75,30165.50,30163.50,30165.25,101,30162.75,30163.25,0.50
2026-07-01 10:48:10,30165.50,30166.25,30162.50,30163.00,107,30164.25,30164.75,0.50
2026-07-01 10:48:11,30163.75,30165.75,30162.50,30164.50,210,30163.75,30164.25,0.50
2026-07-01 10:48:12,30164.25,30165.25,30163.00,30164.25,109,30164.25,30164.75,0.50
2026-07-01 10:48:13,30164.00,30164.75,30161.75,30164.75,92,30166.00,30166.25,0.25
2026-07-01 10:48:14,30164.00,30165.75,30161.75,30165.75,85,30166.00,30166.25,0.25
2026-07-01 10:48:15,30166.25,30166.50,30164.75,30164.75,107,30166.00,30166.50,0.50
2026-07-01 10:48:16,30165.25,30166.75,30164.75,30166.25,42,30163.75,30164.25,0.50
2026-07-01 10:48:17,30166.00,30166.25,30163.75,30164.75,67,30159.00,30159.50,0.50
2026-07-01 10:48:18,30163.75,30164.25,30158.50,30159.25,157,30157.75,30158.25,0.50
2026-07-01 10:48:19,30158.75,30159.50,30156.00,30157.75,254,30163.25,30163.75,0.50
2026-07-01 10:48:20,30157.75,30163.75,30157.50,30163.75,233,30163.25,30163.75,0.50
2026-07-01 10:48:21,30163.50,30167.50,30163.50,30167.00,152,30167.00,30167.50,0.50
2026-07-01 10:48:22,30167.25,30170.00,30167.00,30167.50,174,30166.00,30166.50,0.50
2026-07-01 10:48:23,30167.50,30168.25,30165.25,30166.25,89,30165.00,30165.50,0.50
2026-07-01 10:48:24,30166.00,30166.50,30162.50,30165.00,122,30165.50,30166.00,0.50
2026-07-01 10:48:25,30165.50,30166.50,30164.75,30165.75,36,30167.25,30167.75,0.50
2026-07-01 10:48:26,30166.00,30168.75,30166.00,30167.75,107,30169.50,30170.00,0.50
2026-07-01 10:48:27,30168.00,30169.75,30167.75,30169.75,90,30169.50,30170.00,0.50
2026-07-01 10:48:28,30169.75,30171.50,30168.50,30170.50,111,30171.75,30172.25,0.50
2026-07-01 10:48:29,30170.00,30173.00,30170.00,30172.00,81,30171.25,30171.75,0.50
2026-07-01 10:48:30,30172.25,30172.50,30171.00,30171.75,82,30170.00,30170.50,0.50
2026-07-01 10:48:31,30171.75,30171.75,30168.50,30170.25,166,30170.50,30171.00,0.50
2026-07-01 10:48:32,30170.50,30171.50,30169.25,30171.25,123,30175.00,30175.50,0.50
2026-07-01 10:48:33,30171.00,30176.00,30171.00,30175.25,161,30176.50,30177.00,0.50
2026-07-01 10:48:34,30175.00,30177.00,30175.00,30176.50,151,30177.75,30178.50,0.75
2026-07-01 10:48:35,30176.75,30179.00,30175.75,30178.25,124,30176.25,30176.75,0.50
2026-07-01 10:48:36,30177.75,30178.75,30175.75,30176.25,140,30176.25,30176.75,0.50
2026-07-01 10:48:37,30176.75,30178.25,30176.00,30176.00,71,30174.25,30174.75,0.50
2026-07-01 10:48:38,30176.50,30177.75,30172.50,30174.25,122,30175.25,30175.75,0.50
2026-07-01 10:48:39,30175.50,30176.00,30173.25,30175.50,100,30173.25,30173.75,0.50
2026-07-01 10:48:40,30174.75,30174.75,30173.25,30173.50,39,30171.75,30172.25,0.50
2026-07-01 10:48:41,30173.75,30174.00,30172.00,30172.00,82,30171.75,30172.25,0.50
2026-07-01 10:48:42,30172.25,30173.25,30167.50,30168.50,162,30166.25,30166.75,0.50
2026-07-01 10:48:43,30168.25,30169.00,30166.00,30166.00,91,30168.00,30168.50,0.50
2026-07-01 10:48:44,30166.75,30169.00,30166.75,30168.50,73,30169.00,30169.50,0.50
2026-07-01 10:48:45,30168.00,30169.50,30167.25,30169.00,88,30171.75,30172.25,0.50
2026-07-01 10:48:46,30169.50,30171.50,30169.00,30171.25,77,30171.00,30171.25,0.25
2026-07-01 10:48:47,30171.75,30172.75,30170.50,30171.25,104,30168.25,30168.75,0.50
2026-07-01 10:48:48,30171.00,30171.75,30167.50,30168.50,64,30168.50,30169.00,0.50
2026-07-01 10:48:49,30169.00,30169.50,30167.50,30168.75,50,30166.25,30166.75,0.50
2026-07-01 10:48:50,30168.75,30168.75,30166.00,30166.50,38,30168.50,30168.75,0.25
2026-07-01 10:48:51,30166.75,30168.75,30166.50,30168.50,55,30164.75,30165.25,0.50
2026-07-01 10:48:52,30168.50,30168.50,30164.25,30165.00,83,30167.00,30167.50,0.50
2026-07-01 10:48:53,30165.25,30168.00,30165.00,30166.75,87,30167.00,30167.50,0.50
2026-07-01 10:48:54,30167.25,30170.25,30167.25,30170.25,82,30170.00,30170.50,0.50
2026-07-01 10:48:55,30170.50,30172.25,30170.00,30170.00,92,30171.25,30171.75,0.50
2026-07-01 10:48:56,30170.25,30171.75,30170.25,30171.50,34,30172.25,30172.75,0.50
2026-07-01 10:48:57,30171.25,30173.00,30171.00,30172.25,34,30173.75,30174.25,0.50
2026-07-01 10:48:58,30172.75,30174.75,30172.75,30174.50,95,30173.25,30173.75,0.50
2026-07-01 10:48:59,30174.25,30175.50,30173.25,30173.50,75,30174.25,30174.50,0.25
2026-07-01 10:49:00,30173.75,30174.00,30172.75,30174.00,66,30175.75,30176.25,0.50
2026-07-01 10:49:01,30174.50,30176.50,30173.50,30175.75,84,30179.00,30179.50,0.50
2026-07-01 10:49:02,30176.25,30179.25,30175.75,30179.25,159,30177.50,30178.00,0.50
2026-07-01 10:49:03,30179.25,30179.75,30177.75,30178.00,91,30178.25,30178.75,0.50
2026-07-01 10:49:04,30178.00,30180.00,30175.75,30178.50,131,30180.50,30181.00,0.50
2026-07-01 10:49:05,30178.75,30181.25,30178.25,30180.75,135,30184.75,30185.00,0.25
2026-07-01 10:49:06,30181.25,30186.25,30181.25,30185.50,233,30181.50,30182.00,0.50
2026-07-01 10:49:07,30184.75,30186.00,30181.25,30181.25,183,30181.50,30182.00,0.50
2026-07-01 10:49:08,30181.50,30182.00,30177.50,30179.00,141,30178.50,30178.75,0.25
2026-07-01 10:49:09,30178.50,30180.00,30177.50,30178.50,147,30179.25,30179.75,0.50
2026-07-01 10:49:10,30178.50,30181.25,30177.50,30179.75,74,30177.50,30178.25,0.75
2026-07-01 10:49:11,30179.75,30180.75,30177.50,30177.75,74,30179.50,30180.00,0.50
2026-07-01 10:49:12,30178.00,30179.00,30177.25,30179.00,49,30176.50,30177.00,0.50
2026-07-01 10:49:13,30179.00,30179.00,30175.75,30177.00,82,30177.25,30177.75,0.50
2026-07-01 10:49:14,30176.50,30177.75,30176.00,30177.25,89,30177.25,30177.75,0.50
2026-07-01 10:49:15,30177.50,30179.25,30176.25,30179.25,73,30178.50,30179.00,0.50
2026-07-01 10:49:16,30179.00,30179.25,30177.50,30178.75,67,30180.75,30181.25,0.50
2026-07-01 10:49:17,30179.00,30181.75,30179.00,30181.00,87,30179.25,30179.75,0.50
2026-07-01 10:49:18,30180.75,30181.00,30179.25,30179.50,66,30179.25,30179.75,0.50
2026-07-01 10:49:19,30179.25,30181.00,30179.25,30181.00,66,30180.50,30181.00,0.50
2026-07-01 10:49:20,30181.25,30182.25,30180.50,30181.00,72,30181.00,30181.50,0.50
2026-07-01 10:49:21,30180.50,30182.25,30179.25,30181.25,67,30181.00,30181.50,0.50
2026-07-01 10:49:22,30181.00,30182.25,30178.50,30180.50,83,30183.75,30184.25,0.50
2026-07-01 10:49:23,30180.50,30184.50,30179.75,30183.75,86,30183.25,30183.75,0.50
2026-07-01 10:49:24,30183.75,30185.50,30183.50,30183.50,113,30182.00,30182.50,0.50
2026-07-01 10:49:25,30183.25,30184.50,30181.75,30182.75,66,30181.50,30182.00,0.50
2026-07-01 10:49:26,30182.00,30183.50,30180.00,30181.75,93,30185.25,30185.75,0.50
2026-07-01 10:49:27,30181.50,30186.25,30181.50,30185.50,78,30183.00,30183.50,0.50
2026-07-01 10:49:28,30185.50,30186.25,30183.25,30183.25,47,30183.00,30183.50,0.50
2026-07-01 10:49:29,30183.50,30184.00,30179.25,30180.25,163,30183.50,30184.00,0.50
2026-07-01 10:49:30,30181.00,30184.50,30180.75,30184.25,54,30183.00,30183.50,0.50
2026-07-01 10:49:31,30184.00,30185.25,30182.50,30183.50,90,30179.50,30179.75,0.25
2026-07-01 10:49:32,30183.50,30184.00,30179.50,30180.00,158,30178.00,30178.50,0.50
2026-07-01 10:49:33,30179.50,30180.75,30178.00,30178.00,82,30178.00,30178.50,0.50
2026-07-01 10:49:34,30178.25,30180.00,30177.50,30179.75,68,30178.75,30179.25,0.50
2026-07-01 10:49:35,30179.25,30179.75,30178.25,30179.25,47,30179.00,30179.50,0.50
2026-07-01 10:49:36,30179.25,30179.75,30175.50,30179.25,130,30178.00,30178.25,0.25
2026-07-01 10:49:37,30179.00,30179.00,30177.25,30178.25,57,30177.75,30178.25,0.50
2026-07-01 10:49:38,30178.25,30179.75,30177.75,30178.50,33,30179.50,30180.00,0.50
2026-07-01 10:49:39,30178.25,30181.25,30178.25,30180.00,67,30179.25,30179.75,0.50
2026-07-01 10:49:40,30179.50,30179.75,30178.75,30178.75,32,30179.25,30179.75,0.50
2026-07-01 10:49:41,30179.25,30180.50,30177.50,30179.25,75,30181.25,30181.75,0.50
2026-07-01 10:49:42,30179.75,30182.00,30179.50,30181.50,96,30179.50,30180.00,0.50
2026-07-01 10:49:43,30181.00,30181.25,30179.50,30180.25,34,30179.25,30179.75,0.50
2026-07-01 10:49:44,30180.00,30180.75,30178.25,30179.75,80,30176.75,30177.25,0.50
2026-07-01 10:49:45,30180.00,30180.00,30176.75,30177.00,99,30178.00,30178.50,0.50
2026-07-01 10:49:46,30177.00,30179.25,30176.00,30178.25,86,30177.25,30177.75,0.50
2026-07-01 10:49:47,30178.75,30178.75,30176.75,30176.75,75,30178.25,30178.75,0.50
2026-07-01 10:49:48,30177.00,30179.00,30176.25,30178.25,32,30178.75,30179.25,0.50
2026-07-01 10:49:49,30178.50,30179.75,30176.75,30179.25,74,30182.50,30183.00,0.50
2026-07-01 10:49:50,30179.25,30183.25,30179.00,30182.75,118,30182.50,30183.00,0.50
2026-07-01 10:49:51,30183.00,30189.75,30182.50,30188.75,281,30185.50,30185.75,0.25
2026-07-01 10:49:52,30189.00,30189.25,30186.00,30186.00,169,30184.75,30185.25,0.50
2026-07-01 10:49:53,30185.75,30186.75,30184.75,30184.75,87,30185.25,30185.50,0.25
2026-07-01 10:49:54,30185.50,30186.25,30184.25,30185.50,110,30186.00,30186.50,0.50
2026-07-01 10:49:55,30185.25,30187.00,30185.25,30186.25,40,30186.50,30186.75,0.25
2026-07-01 10:49:56,30186.50,30186.75,30185.00,30186.75,92,30189.75,30190.25,0.50
2026-07-01 10:49:57,30186.25,30191.25,30186.00,30190.00,241,30191.50,30192.00,0.50
2026-07-01 10:49:58,30190.25,30193.50,30190.00,30191.75,310,30194.00,30194.50,0.50
2026-07-01 10:49:59,30192.00,30195.50,30191.00,30194.25,215,30194.00,30194.50,0.50
2026-07-01 10:50:00,30194.00,30195.25,30193.00,30194.25,140,30196.75,30197.25,0.50
2026-07-01 10:50:01,30194.25,30197.25,30193.00,30197.25,333,30196.75,30197.25,0.50
2026-07-01 10:50:02,30197.00,30198.00,30191.50,30194.00,213,30191.50,30192.00,0.50
2026-07-01 10:50:03,30193.50,30194.00,30189.50,30191.50,184,30191.50,30192.00,0.50
2026-07-01 10:50:04,30191.75,30194.00,30190.00,30194.00,134,30201.50,30202.00,0.50
2026-07-01 10:50:05,30193.75,30203.00,30193.75,30201.50,534,30204.25,30204.75,0.50
2026-07-01 10:50:06,30201.50,30206.00,30200.25,30204.75,468,30203.25,30203.75,0.50
2026-07-01 10:50:07,30204.00,30205.75,30202.75,30203.25,234,30202.75,30203.25,0.50
2026-07-01 10:50:08,30203.75,30204.50,30201.00,30203.00,196,30201.75,30202.00,0.25
2026-07-01 10:50:09,30203.25,30204.50,30199.50,30202.00,185,30202.25,30202.50,0.25
2026-07-01 10:50:10,30201.50,30202.75,30200.00,30202.00,86,30205.00,30205.25,0.25
2026-07-01 10:50:11,30202.50,30205.25,30202.00,30205.25,179,30205.00,30205.25,0.25
2026-07-01 10:50:12,30205.25,30208.75,30204.25,30206.75,272,30206.25,30206.75,0.50
2026-07-01 10:50:13,30206.75,30207.25,30205.50,30206.25,199,30206.25,30206.75,0.50
2026-07-01 10:50:14,30206.25,30206.75,30204.50,30206.50,150,30206.25,30206.75,0.50
2026-07-01 10:50:15,30206.50,30209.50,30206.25,30209.00,116,30209.50,30210.00,0.50
2026-07-01 10:50:16,30208.50,30211.25,30207.75,30209.75,203,30215.00,30215.50,0.50
2026-07-01 10:50:17,30209.75,30216.25,30208.75,30215.50,405,30216.25,30216.75,0.50
2026-07-01 10:50:18,30215.25,30218.50,30214.75,30216.50,403,30216.25,30216.75,0.50
2026-07-01 10:50:19,30216.75,30217.25,30213.00,30213.75,337,30214.75,30215.25,0.50
2026-07-01 10:50:20,30214.25,30216.00,30213.75,30214.50,155,30215.75,30216.25,0.50
2026-07-01 10:50:21,30215.25,30217.00,30215.00,30216.00,108,30215.75,30216.25,0.50
2026-07-01 10:50:22,30216.00,30217.75,30214.75,30216.50,219,30215.00,30215.50,0.50
2026-07-01 10:50:23,30216.50,30217.25,30214.25,30215.25,197,30215.00,30215.50,0.50
2026-07-01 10:50:24,30215.25,30216.25,30213.00,30213.75,143,30214.75,30215.25,0.50
2026-07-01 10:50:25,30213.75,30216.25,30213.75,30215.00,105,30214.50,30215.00,0.50
2026-07-01 10:50:26,30215.25,30216.00,30213.25,30215.25,113,30214.50,30215.00,0.50
2026-07-01 10:50:27,30214.75,30215.50,30213.25,30213.75,149,30211.50,30212.00,0.50
2026-07-01 10:50:28,30213.25,30214.50,30211.25,30211.75,198,30206.75,30207.25,0.50
2026-07-01 10:50:29,30211.75,30212.25,30205.00,30206.50,303,30208.25,30208.75,0.50
2026-07-01 10:50:30,30206.75,30209.25,30206.75,30208.25,178,30208.25,30208.75,0.50
2026-07-01 10:50:31,30208.25,30210.50,30208.25,30210.50,125,30208.25,30208.75,0.50
2026-07-01 10:50:32,30210.00,30210.50,30207.75,30208.50,84,30203.50,30204.00,0.50
2026-07-01 10:50:33,30208.50,30208.50,30203.00,30203.75,148,30203.50,30204.00,0.50
2026-07-01 10:50:34,30203.50,30204.00,30198.50,30199.00,271,30198.00,30198.25,0.25
2026-07-01 10:50:35,30199.25,30200.50,30197.25,30198.50,157,30194.75,30195.25,0.50
2026-07-01 10:50:36,30197.75,30199.50,30194.00,30195.00,263,30197.25,30197.50,0.25
2026-07-01 10:50:37,30194.75,30197.50,30193.00,30197.25,241,30197.50,30197.75,0.25
2026-07-01 10:50:38,30197.25,30198.50,30196.25,30197.50,161,30201.50,30202.00,0.50
2026-07-01 10:50:39,30197.75,30202.25,30197.75,30201.25,145,30201.00,30201.25,0.25
2026-07-01 10:50:40,30201.75,30203.50,30201.00,30201.00,138,30199.25,30199.75,0.50
2026-07-01 10:50:41,30201.25,30201.75,30199.00,30199.25,156,30199.25,30199.75,0.50
2026-07-01 10:50:42,30199.75,30201.75,30199.00,30201.00,100,30199.50,30200.00,0.50
2026-07-01 10:50:43,30200.50,30200.75,30198.75,30199.50,64,30199.00,30199.25,0.25
2026-07-01 10:50:44,30199.75,30200.25,30197.75,30199.00,105,30205.00,30205.50,0.50
2026-07-01 10:50:45,30199.50,30205.50,30197.75,30205.00,140,30207.75,30208.25,0.50
2026-07-01 10:50:46,30205.50,30209.00,30205.50,30207.50,147,30207.75,30208.25,0.50
2026-07-01 10:50:47,30207.75,30208.50,30206.25,30207.50,123,30207.50,30207.75,0.25
2026-07-01 10:50:48,30207.00,30208.50,30205.75,30207.75,90,30208.50,30209.00,0.50
2026-07-01 10:50:49,30207.75,30210.75,30207.25,30208.75,143,30208.50,30209.00,0.50
2026-07-01 10:50:50,30208.75,30211.00,30206.25,30209.50,117,30209.00,30209.50,0.50
2026-07-01 10:50:51,30209.50,30211.25,30208.75,30209.50,135,30210.25,30210.50,0.25
2026-07-01 10:50:52,30209.00,30210.25,30208.50,30210.25,58,30208.50,30208.75,0.25
2026-07-01 10:50:53,30209.75,30210.00,30208.25,30208.75,56,30210.75,30211.25,0.50
2026-07-01 10:50:54,30208.75,30211.75,30207.50,30210.75,78,30212.00,30212.25,0.25
2026-07-01 10:50:55,30211.00,30212.25,30210.50,30212.25,51,30212.50,30213.00,0.50
2026-07-01 10:50:56,30212.25,30213.50,30210.75,30213.00,84,30212.50,30213.00,0.50
2026-07-01 10:50:57,30212.75,30214.75,30212.25,30212.75,115,30215.50,30216.00,0.50
2026-07-01 10:50:58,30213.25,30217.25,30213.25,30216.00,146,30217.50,30218.00,0.50
2026-07-01 10:50:59,30216.00,30217.75,30215.00,30217.50,154,30217.50,30218.00,0.50
2026-07-01 10:51:00,30217.75,30222.75,30217.75,30221.00,391,30219.50,30220.00,0.50
2026-07-01 10:51:01,30221.25,30221.50,30218.50,30219.75,292,30219.50,30220.00,0.50
2026-07-01 10:51:02,30219.75,30221.25,30219.25,30219.75,140,30219.00,30219.50,0.50
2026-07-01 10:51:03,30219.25,30219.75,30214.50,30215.50,199,30214.00,30214.25,0.25
2026-07-01 10:51:04,30214.25,30215.00,30212.00,30213.75,168,30214.00,30214.25,0.25
2026-07-01 10:51:05,30214.25,30214.25,30212.00,30213.00,104,30212.75,30213.25,0.50
2026-07-01 10:51:06,30213.75,30213.75,30212.25,30212.50,109,30212.00,30212.50,0.50
2026-07-01 10:51:07,30212.50,30214.00,30212.00,30212.00,91,30213.50,30214.00,0.50
2026-07-01 10:51:08,30212.50,30213.50,30211.75,30213.25,72,30212.25,30212.75,0.50
2026-07-01 10:51:09,30214.00,30214.50,30212.25,30212.75,98,30211.25,30211.75,0.50
2026-07-01 10:51:10,30213.00,30213.75,30211.00,30211.75,69,30214.50,30214.75,0.25
2026-07-01 10:51:11,30211.50,30214.50,30211.25,30214.50,111,30213.00,30213.50,0.50
2026-07-01 10:51:12,30214.75,30216.00,30213.25,30213.25,49,30211.75,30212.00,0.25
2026-07-01 10:51:13,30213.00,30213.75,30212.00,30212.00,52,30211.00,30211.50,0.50
2026-07-01 10:51:14,30211.75,30213.25,30210.00,30210.75,102,30216.75,30217.25,0.50
2026-07-01 10:51:15,30211.25,30217.50,30211.00,30216.75,89,30219.25,30219.50,0.25
2026-07-01 10:51:16,30216.75,30219.25,30216.75,30219.25,134,30219.25,30219.50,0.25
2026-07-01 10:51:17,30219.25,30221.75,30216.75,30218.75,233,30217.75,30218.00,0.25
2026-07-01 10:51:18,30219.00,30219.00,30217.75,30218.00,77,30221.00,30221.50,0.50
2026-07-01 10:51:19,30217.75,30222.00,30217.50,30221.25,105,30221.50,30222.00,0.50
2026-07-01 10:51:20,30221.75,30223.75,30221.50,30222.00,174,30224.50,30225.00,0.50
2026-07-01 10:51:21,30221.75,30225.25,30220.50,30224.50,270,30225.25,30225.75,0.50
2026-07-01 10:51:22,30224.50,30227.50,30224.00,30225.50,315,30224.00,30224.50,0.50
2026-07-01 10:51:23,30225.50,30226.00,30222.50,30224.75,232,30223.75,30224.00,0.25
2026-07-01 10:51:24,30224.75,30225.75,30223.50,30223.75,98,30227.75,30228.00,0.25
2026-07-01 10:51:25,30223.75,30228.75,30223.50,30227.75,199,30228.25,30228.50,0.25
2026-07-01 10:51:26,30228.00,30228.75,30226.50,30228.25,184,30227.00,30227.50,0.50
2026-07-01 10:51:27,30228.50,30228.50,30225.75,30227.50,138,30224.00,30224.25,0.25
2026-07-01 10:51:28,30227.75,30227.75,30223.25,30224.00,137,30227.00,30227.50,0.50
2026-07-01 10:51:29,30224.50,30227.00,30224.50,30227.00,93,30225.50,30226.00,0.50
2026-07-01 10:51:30,30227.25,30227.75,30225.50,30225.50,118,30227.75,30228.25,0.50
2026-07-01 10:51:31,30225.75,30228.50,30225.00,30228.25,130,30232.00,30232.50,0.50
2026-07-01 10:51:32,30228.25,30234.00,30228.25,30232.00,415,30230.50,30230.75,0.25
2026-07-01 10:51:33,30232.25,30233.00,30230.50,30230.75,137,30231.25,30231.75,0.50
2026-07-01 10:51:34,30230.75,30233.00,30230.25,30231.50,159,30231.75,30232.25,0.50
2026-07-01 10:51:35,30231.50,30233.25,30228.75,30232.00,122,30233.25,30233.50,0.25
2026-07-01 10:51:36,30231.75,30234.25,30231.00,30233.25,93,30230.00,30230.50,0.50
2026-07-01 10:51:37,30233.25,30233.25,30229.00,30230.50,115,30230.00,30230.50,0.50
2026-07-01 10:51:38,30230.25,30233.25,30229.25,30232.00,159,30231.50,30232.00,0.50
2026-07-01 10:51:39,30231.75,30231.75,30225.00,30225.75,190,30225.25,30225.75,0.50
2026-07-01 10:51:40,30225.00,30226.75,30224.50,30225.50,151,30227.00,30227.50,0.50
2026-07-01 10:51:41,30225.50,30228.50,30225.50,30227.50,129,30227.75,30228.25,0.50
2026-07-01 10:51:42,30227.25,30228.25,30226.50,30228.00,77,30227.75,30228.25,0.50
2026-07-01 10:51:43,30227.75,30232.00,30227.75,30232.00,96,30234.00,30234.50,0.50
2026-07-01 10:51:44,30231.50,30235.00,30231.50,30234.25,184,30230.75,30231.25,0.50
2026-07-01 10:51:45,30234.00,30234.25,30230.50,30231.25,100,30231.75,30232.25,0.50
2026-07-01 10:51:46,30230.75,30232.50,30230.75,30231.75,78,30232.75,30233.25,0.50
2026-07-01 10:51:47,30232.00,30234.25,30232.00,30232.75,113,30232.75,30233.25,0.50
2026-07-01 10:51:48,30233.00,30234.00,30232.25,30232.75,90,30233.75,30234.25,0.50
2026-07-01 10:51:49,30232.50,30235.00,30232.50,30234.00,113,30235.00,30235.50,0.50
2026-07-01 10:51:50,30234.25,30236.25,30233.50,30235.25,211,30241.25,30241.50,0.25
2026-07-01 10:51:51,30235.75,30241.75,30235.50,30241.50,495,30240.00,30240.50,0.50
2026-07-01 10:51:52,30241.50,30242.75,30239.50,30240.50,213,30237.75,30238.00,0.25
2026-07-01 10:51:53,30240.00,30241.25,30238.00,30238.25,122,30236.50,30236.75,0.25
2026-07-01 10:51:54,30238.00,30239.25,30236.00,30236.50,124,30237.00,30237.25,0.25
2026-07-01 10:51:55,30237.00,30237.75,30236.25,30237.00,76,30237.50,30238.00,0.50
2026-07-01 10:51:56,30237.25,30238.50,30236.25,30237.75,103,30236.25,30236.75,0.50
2026-07-01 10:51:57,30237.75,30237.75,30234.75,30236.50,97,30235.50,30236.00,0.50
2026-07-01 10:51:58,30236.50,30236.75,30234.75,30236.00,72,30234.50,30235.00,0.50
2026-07-01 10:51:59,30235.75,30237.25,30234.75,30234.75,127,30233.25,30233.50,0.25
2026-07-01 10:52:00,30234.50,30234.50,30232.25,30233.25,146,30229.25,30229.75,0.50
2026-07-01 10:52:01,30233.50,30233.75,30229.00,30229.25,252,30227.50,30228.00,0.50
2026-07-01 10:52:02,30229.50,30230.75,30227.25,30227.75,203,30227.50,30228.00,0.50
2026-07-01 10:52:03,30227.75,30228.50,30224.00,30224.00,279,30222.75,30223.25,0.50
2026-07-01 10:52:04,30224.50,30224.75,30221.50,30223.50,209,30218.50,30219.00,0.50
2026-07-01 10:52:05,30223.00,30223.00,30217.75,30219.00,369,30219.75,30220.00,0.25
2026-07-01 10:52:06,30218.75,30220.00,30216.00,30219.75,284,30219.75,30220.00,0.25
2026-07-01 10:52:07,30219.50,30220.25,30216.75,30219.00,214,30219.50,30220.00,0.50
2026-07-01 10:52:08,30219.25,30220.25,30218.50,30220.00,103,30219.50,30220.00,0.50
2026-07-01 10:52:09,30219.75,30222.00,30218.50,30220.75,72,30217.25,30217.75,0.50
2026-07-01 10:52:10,30220.25,30220.75,30217.00,30217.75,62,30216.75,30217.25,0.50
2026-07-01 10:52:11,30217.75,30218.25,30215.00,30217.25,133,30216.75,30217.25,0.50
2026-07-01 10:52:12,30217.25,30218.25,30216.75,30217.75,84,30217.50,30218.00,0.50
2026-07-01 10:52:13,30217.25,30217.75,30216.00,30217.75,71,30216.00,30216.50,0.50
2026-07-01 10:52:14,30217.75,30220.25,30216.50,30216.50,133,30216.00,30216.50,0.50
2026-07-01 10:52:15,30216.50,30217.25,30211.25,30212.00,268,30211.75,30212.00,0.25
2026-07-01 10:52:16,30212.25,30213.25,30211.50,30212.25,178,30211.25,30211.75,0.50
2026-07-01 10:52:17,30211.75,30212.50,30210.75,30212.00,107,30212.25,30212.75,0.50
2026-07-01 10:52:18,30211.75,30213.25,30211.50,30212.50,108,30212.25,30212.75,0.50
2026-07-01 10:52:19,30212.50,30218.00,30212.50,30218.00,175,30219.50,30220.00,0.50
2026-07-01 10:52:20,30217.50,30219.75,30216.75,30219.75,87,30217.75,30218.25,0.50
2026-07-01 10:52:21,30220.00,30220.75,30218.00,30218.25,72,30217.75,30218.25,0.50
2026-07-01 10:52:22,30218.25,30218.50,30216.75,30218.25,87,30220.00,30220.50,0.50
2026-07-01 10:52:23,30218.50,30220.25,30218.25,30220.25,108,30222.50,30223.00,0.50
2026-07-01 10:52:24,30220.50,30223.00,30220.25,30222.75,104,30217.50,30218.00,0.50
2026-07-01 10:52:25,30222.25,30222.50,30216.25,30217.75,137,30217.25,30217.75,0.50
2026-07-01 10:52:26,30217.50,30218.75,30217.00,30217.50,67,30217.50,30218.00,0.50
2026-07-01 10:52:27,30218.00,30219.50,30217.50,30218.00,90,30219.25,30219.50,0.25
2026-07-01 10:52:28,30217.50,30219.75,30216.75,30219.75,64,30217.50,30218.00,0.50
2026-07-01 10:52:29,30219.25,30219.25,30215.25,30217.75,81,30217.25,30217.75,0.50
2026-07-01 10:52:30,30217.50,30219.50,30217.00,30217.50,86,30216.50,30217.00,0.50
2026-07-01 10:52:31,30217.25,30219.00,30215.75,30217.25,72,30216.50,30217.00,0.50
2026-07-01 10:52:32,30217.00,30217.50,30215.50,30216.50,74,30217.25,30217.75,0.50
2026-07-01 10:52:33,30216.50,30217.75,30216.25,30217.00,29,30219.50,30220.00,0.50
2026-07-01 10:52:34,30218.00,30219.75,30217.25,30219.50,88,30226.25,30226.75,0.50
2026-07-01 10:52:35,30220.00,30227.00,30219.75,30226.50,235,30225.25,30225.75,0.50
2026-07-01 10:52:36,30226.00,30227.50,30225.00,30225.50,155,30224.50,30225.00,0.50
2026-07-01 10:52:37,30225.75,30225.75,30224.50,30225.25,76,30223.75,30224.25,0.50
2026-07-01 10:52:38,30224.50,30225.50,30223.75,30223.75,52,30224.25,30224.50,0.25
2026-07-01 10:52:39,30223.50,30225.25,30223.25,30223.75,56,30226.25,30226.75,0.50
2026-07-01 10:52:40,30224.25,30229.50,30224.25,30227.00,235,30226.50,30227.00,0.50
2026-07-01 10:52:41,30226.25,30226.75,30224.75,30226.75,133,30225.75,30226.25,0.50
2026-07-01 10:52:42,30227.25,30227.25,30225.50,30226.00,55,30225.00,30225.50,0.50
2026-07-01 10:52:43,30226.25,30226.50,30225.00,30225.50,84,30225.50,30226.00,0.50
2026-07-01 10:52:44,30224.75,30226.25,30224.00,30225.75,50,30225.75,30226.25,0.50
2026-07-01 10:52:45,30225.50,30226.75,30224.75,30226.25,98,30225.25,30225.50,0.25
2026-07-01 10:52:46,30226.25,30226.75,30225.00,30225.25,46,30225.00,30225.50,0.50
2026-07-01 10:52:47,30225.25,30225.75,30225.00,30225.75,34,30221.00,30221.25,0.25
2026-07-01 10:52:48,30225.00,30225.25,30220.50,30221.25,122,30220.75,30221.25,0.50
2026-07-01 10:52:49,30221.25,30222.75,30221.00,30221.00,55,30221.50,30221.75,0.25
2026-07-01 10:52:50,30221.50,30224.00,30221.25,30222.00,69,30222.00,30222.50,0.50
2026-07-01 10:52:51,30221.25,30223.75,30221.25,30222.50,63,30222.00,30222.50,0.50
2026-07-01 10:52:52,30222.50,30222.75,30220.00,30222.25,62,30221.00,30221.50,0.50
2026-07-01 10:52:53,30221.25,30221.75,30220.75,30221.00,21,30218.25,30218.75,0.50
2026-07-01 10:52:54,30221.25,30221.25,30218.50,30218.75,73,30217.50,30218.00,0.50
2026-07-01 10:52:55,30218.00,30219.25,30216.75,30217.50,114,30214.50,30215.00,0.50
2026-07-01 10:52:56,30217.75,30218.00,30213.50,30214.50,144,30215.50,30215.75,0.25
2026-07-01 10:52:57,30215.25,30216.25,30213.50,30215.75,107,30218.75,30219.00,0.25
2026-07-01 10:52:58,30215.25,30218.75,30215.25,30218.75,61,30218.00,30218.50,0.50
2026-07-01 10:52:59,30219.00,30219.75,30218.00,30218.50,100,30218.50,30219.00,0.50
2026-07-01 10:53:00,30218.25,30219.25,30217.75,30218.50,54,30218.25,30218.75,0.50
2026-07-01 10:53:01,30218.75,30220.25,30218.50,30218.75,53,30218.25,30218.75,0.50
2026-07-01 10:53:02,30218.50,30219.50,30217.75,30219.25,48,30221.25,30221.75,0.50
2026-07-01 10:53:03,30220.25,30221.75,30220.25,30221.25,87,30224.00,30224.50,0.50
2026-07-01 10:53:04,30222.00,30224.50,30221.25,30224.50,85,30224.00,30224.50,0.50
2026-07-01 10:53:05,30224.25,30227.00,30224.00,30227.00,96,30227.25,30227.75,0.50
2026-07-01 10:53:06,30227.25,30228.50,30227.25,30227.50,111,30226.25,30226.75,0.50
2026-07-01 10:53:07,30227.50,30227.75,30226.00,30227.00,78,30226.50,30227.00,0.50
2026-07-01 10:53:08,30226.75,30227.75,30226.50,30226.75,74,30229.00,30229.50,0.50
2026-07-01 10:53:09,30226.75,30229.75,30225.75,30228.75,115,30229.25,30229.75,0.50
2026-07-01 10:53:10,30229.00,30230.25,30227.50,30230.00,103,30228.00,30228.50,0.50
2026-07-01 10:53:11,30229.25,30229.25,30227.75,30228.00,43,30226.75,30227.25,0.50
2026-07-01 10:53:12,30228.50,30228.75,30227.00,30227.25,57,30226.75,30227.25,0.50
2026-07-01 10:53:13,30226.75,30227.25,30225.25,30227.00,55,30227.75,30228.00,0.25
2026-07-01 10:53:14,30226.50,30228.25,30226.50,30228.25,42,30228.00,30228.50,0.50
2026-07-01 10:53:15,30229.25,30229.75,30227.50,30228.25,62,30229.75,30230.00,0.25
2026-07-01 10:53:16,30228.75,30229.75,30227.75,30229.75,28,30228.00,30228.50,0.50
2026-07-01 10:53:17,30228.75,30228.75,30226.00,30228.25,70,30231.00,30231.25,0.25
2026-07-01 10:53:18,30228.25,30231.75,30227.25,30231.25,101,30232.50,30232.75,0.25
2026-07-01 10:53:19,30231.25,30234.75,30230.75,30232.50,134,30232.50,30232.75,0.25
2026-07-01 10:53:20,30232.50,30233.25,30232.00,30232.00,68,30230.00,30230.50,0.50
2026-07-01 10:53:21,30232.25,30232.25,30229.75,30229.75,89,30229.00,30229.50,0.50
2026-07-01 10:53:22,30230.50,30230.75,30229.00,30229.00,56,30226.50,30226.75,0.25
2026-07-01 10:53:23,30229.00,30229.00,30225.50,30226.50,168,30227.00,30227.50,0.50
2026-07-01 10:53:24,30226.75,30228.50,30225.75,30227.25,45,30227.75,30228.25,0.50
2026-07-01 10:53:25,30227.00,30228.25,30225.00,30228.25,107,30226.00,30226.50,0.50
2026-07-01 10:53:26,30228.00,30228.50,30225.75,30226.00,39,30225.25,30225.75,0.50
2026-07-01 10:53:27,30226.75,30227.00,30224.25,30225.25,96,30227.00,30227.25,0.25
2026-07-01 10:53:28,30225.75,30227.75,30224.75,30227.00,46,30226.50,30226.75,0.25
2026-07-01 10:53:29,30227.50,30227.50,30225.75,30226.75,33,30224.50,30225.00,0.50
2026-07-01 10:53:30,30227.25,30227.25,30224.75,30226.00,59,30226.25,30226.50,0.25
2026-07-01 10:53:31,30225.50,30226.75,30225.25,30226.50,44,30229.25,30229.50,0.25
2026-07-01 10:53:32,30226.75,30230.75,30226.75,30229.50,46,30229.50,30229.75,0.25
2026-07-01 10:53:33,30229.25,30229.50,30229.25,30229.50,17,30229.75,30230.00,0.25
2026-07-01 10:53:34,30229.50,30231.50,30229.50,30229.75,29,30229.75,30230.25,0.50
2026-07-01 10:53:35,30230.00,30231.75,30230.00,30230.25,20,30228.75,30229.25,0.50
2026-07-01 10:53:36,30229.75,30229.75,30226.50,30229.25,49,30226.50,30227.00,0.50
2026-07-01 10:53:37,30229.25,30229.25,30226.00,30226.75,49,30226.75,30227.25,0.50
2026-07-01 10:53:38,30226.75,30228.75,30226.75,30227.00,69,30227.75,30228.25,0.50
2026-07-01 10:53:39,30227.50,30228.50,30224.50,30228.25,133,30226.00,30226.25,0.25
2026-07-01 10:53:40,30227.75,30227.75,30223.75,30225.75,81,30230.25,30230.50,0.25
2026-07-01 10:53:41,30226.50,30230.75,30226.50,30230.25,71,30229.50,30230.00,0.50
2026-07-01 10:53:42,30230.25,30231.50,30229.75,30229.75,46,30228.75,30229.25,0.50
2026-07-01 10:53:43,30230.00,30230.50,30229.00,30229.00,41,30229.25,30229.50,0.25
2026-07-01 10:53:44,30229.75,30231.00,30228.75,30229.00,41,30229.75,30230.25,0.50
2026-07-01 10:53:45,30229.50,30230.50,30229.25,30230.25,21,30228.75,30229.25,0.50
2026-07-01 10:53:46,30230.25,30231.00,30228.00,30229.00,59,30228.75,30229.25,0.50
2026-07-01 10:53:47,30229.50,30230.00,30228.50,30229.25,30,30228.75,30229.25,0.50
2026-07-01 10:53:48,30229.25,30229.25,30227.25,30228.75,73,30229.50,30230.00,0.50
2026-07-01 10:53:49,30228.50,30230.25,30227.25,30229.25,67,30226.75,30227.25,0.50
2026-07-01 10:53:50,30229.75,30229.75,30226.75,30227.25,32,30227.50,30228.00,0.50
2026-07-01 10:53:51,30227.50,30228.25,30227.50,30227.75,12,30229.25,30229.50,0.25
2026-07-01 10:53:52,30227.50,30230.50,30226.50,30229.00,47,30226.75,30227.25,0.50
2026-07-01 10:53:53,30229.00,30229.00,30227.00,30227.25,33,30226.75,30227.25,0.50
2026-07-01 10:53:54,30227.00,30227.75,30225.00,30226.50,80,30225.50,30226.00,0.50
2026-07-01 10:53:55,30226.75,30227.25,30225.50,30225.75,93,30225.00,30225.50,0.50
2026-07-01 10:53:56,30226.00,30226.25,30224.75,30225.50,58,30224.50,30225.00,0.50
2026-07-01 10:53:57,30225.50,30226.25,30224.50,30224.50,25,30228.25,30228.75,0.50
2026-07-01 10:53:58,30225.50,30228.75,30225.50,30228.75,57,30229.25,30229.75,0.50
2026-07-01 10:53:59,30228.50,30230.00,30228.25,30230.00,41,30229.00,30229.50,0.50
2026-07-01 10:54:00,30229.75,30230.50,30229.25,30229.50,40,30227.75,30228.25,0.50
2026-07-01 10:54:01,30229.75,30229.75,30228.00,30228.00,39,30229.50,30230.00,0.50
2026-07-01 10:54:02,30228.25,30230.00,30227.75,30229.00,72,30228.75,30229.25,0.50
2026-07-01 10:54:03,30230.00,30230.25,30228.75,30229.25,56,30227.75,30228.25,0.50
2026-07-01 10:54:04,30229.25,30229.75,30225.75,30228.00,102,30225.25,30225.75,0.50
2026-07-01 10:54:05,30227.75,30228.00,30224.00,30225.75,98,30225.50,30226.00,0.50
2026-07-01 10:54:06,30225.75,30226.25,30225.25,30225.75,42,30225.50,30226.00,0.50
2026-07-01 10:54:07,30226.00,30227.25,30226.00,30226.00,31,30225.75,30226.00,0.25
2026-07-01 10:54:08,30226.00,30226.75,30225.75,30226.25,43,30226.00,30226.50,0.50
2026-07-01 10:54:09,30226.25,30226.75,30225.75,30226.75,19,30224.75,30225.25,0.50
2026-07-01 10:54:10,30226.50,30227.00,30223.75,30224.75,67,30225.75,30226.25,0.50
2026-07-01 10:54:11,30225.00,30226.50,30224.75,30225.75,55,30226.00,30226.50,0.50
2026-07-01 10:54:12,30225.75,30226.25,30224.75,30226.00,47,30231.00,30231.50,0.50
2026-07-01 10:54:13,30226.50,30231.50,30226.25,30231.25,82,30231.00,30231.50,0.50
2026-07-01 10:54:14,30231.25,30232.25,30229.75,30229.75,60,30229.50,30230.00,0.50
2026-07-01 10:54:15,30230.25,30230.75,30229.00,30229.75,96,30230.75,30231.25,0.50
2026-07-01 10:54:16,30230.00,30231.25,30229.75,30231.25,41,30222.25,30222.50,0.25
2026-07-01 10:54:17,30230.75,30231.50,30220.75,30222.75,234,30222.75,30223.25,0.50
2026-07-01 10:54:18,30222.00,30223.75,30222.00,30223.00,35,30224.00,30224.50,0.50
2026-07-01 10:54:19,30222.50,30224.50,30222.25,30224.50,32,30225.25,30225.75,0.50
2026-07-01 10:54:20,30224.75,30225.50,30224.25,30225.00,26,30223.75,30224.00,0.25
2026-07-01 10:54:21,30225.75,30226.75,30223.00,30224.00,65,30223.75,30224.00,0.25
2026-07-01 10:54:22,30224.00,30224.75,30222.75,30223.50,35,30222.50,30223.00,0.50
2026-07-01 10:54:23,30223.75,30224.25,30222.50,30222.50,25,30222.25,30222.75,0.50
2026-07-01 10:54:24,30222.25,30222.75,30219.25,30222.75,89,30218.50,30218.75,0.25
2026-07-01 10:54:25,30222.75,30222.75,30217.50,30218.25,169,30214.25,30214.75,0.50
2026-07-01 10:54:26,30218.75,30219.25,30214.00,30215.00,171,30213.00,30213.50,0.50
2026-07-01 10:54:27,30214.25,30214.50,30212.00,30213.00,208,30214.00,30214.50,0.50
2026-07-01 10:54:28,30213.00,30214.50,30213.00,30213.25,117,30212.50,30213.00,0.50
2026-07-01 10:54:29,30214.50,30214.50,30210.50,30213.00,147,30213.75,30214.25,0.50
2026-07-01 10:54:30,30213.00,30215.00,30212.75,30213.00,128,30213.25,30213.50,0.25
2026-07-01 10:54:31,30214.25,30216.00,30213.75,30213.75,97,30213.00,30213.50,0.50
2026-07-01 10:54:32,30213.50,30214.50,30213.25,30213.75,52,30211.75,30212.00,0.25
2026-07-01 10:54:33,30213.50,30216.50,30212.50,30212.50,161,30211.75,30212.00,0.25
2026-07-01 10:54:34,30212.25,30219.75,30212.25,30219.00,110,30221.00,30221.50,0.50
2026-07-01 10:54:35,30218.75,30222.00,30218.75,30221.50,68,30221.50,30222.00,0.50
2026-07-01 10:54:36,30221.50,30222.25,30220.00,30221.75,115,30220.00,30220.50,0.50
2026-07-01 10:54:37,30222.00,30222.00,30219.50,30220.25,38,30220.00,30220.50,0.50
2026-07-01 10:54:38,30220.50,30221.75,30219.75,30220.75,46,30219.75,30220.25,0.50
2026-07-01 10:54:39,30221.00,30221.50,30219.50,30219.75,40,30223.00,30223.50,0.50
2026-07-01 10:54:40,30220.25,30223.50,30220.00,30223.25,62,30222.25,30222.75,0.50
2026-07-01 10:54:41,30223.00,30223.00,30221.50,30222.50,47,30218.50,30219.00,0.50
2026-07-01 10:54:42,30223.00,30223.50,30218.25,30218.25,61,30218.25,30218.75,0.50
2026-07-01 10:54:43,30218.75,30219.00,30216.75,30218.50,48,30215.00,30215.50,0.50
2026-07-01 10:54:44,30218.50,30218.50,30214.75,30215.50,66,30215.75,30216.25,0.50
2026-07-01 10:54:45,30215.00,30216.25,30214.75,30216.00,34,30215.00,30215.50,0.50
2026-07-01 10:54:46,30216.00,30216.50,30215.00,30215.50,34,30215.00,30215.50,0.50
2026-07-01 10:54:47,30215.25,30215.75,30213.50,30215.25,94,30215.25,30215.75,0.50
2026-07-01 10:54:48,30215.25,30216.00,30213.75,30215.25,38,30216.25,30216.75,0.50
2026-07-01 10:54:49,30215.00,30216.50,30214.50,30216.00,26,30214.75,30215.25,0.50
2026-07-01 10:54:50,30216.25,30217.00,30215.00,30215.00,30,30213.00,30213.50,0.50
2026-07-01 10:54:51,30215.75,30215.75,30211.75,30212.75,69,30212.75,30213.25,0.50
2026-07-01 10:54:52,30213.25,30213.75,30212.25,30212.75,49,30212.75,30213.25,0.50
2026-07-01 10:54:53,30212.75,30214.50,30212.50,30213.25,62,30214.25,30214.75,0.50
2026-07-01 10:54:54,30213.00,30215.25,30212.00,30214.75,78,30213.25,30213.75,0.50
2026-07-01 10:54:55,30214.75,30214.75,30213.00,30213.50,37,30214.50,30214.75,0.25
2026-07-01 10:54:56,30214.00,30215.00,30213.00,30214.50,30,30216.00,30216.50,0.50
2026-07-01 10:54:57,30214.75,30216.75,30214.50,30216.00,111,30216.75,30217.25,0.50
2026-07-01 10:54:58,30216.50,30218.25,30215.25,30218.00,99,30215.00,30215.25,0.25
2026-07-01 10:54:59,30217.50,30218.00,30215.00,30215.00,79,30214.50,30215.00,0.50
2026-07-01 10:55:00,30215.25,30216.25,30214.75,30215.00,65,30215.50,30216.00,0.50
2026-07-01 10:55:01,30214.75,30217.50,30214.75,30215.75,98,30217.50,30218.00,0.50
2026-07-01 10:55:02,30215.75,30218.00,30215.75,30217.50,86,30217.75,30218.25,0.50
2026-07-01 10:55:03,30217.50,30220.00,30216.50,30218.25,89,30218.00,30218.50,0.50
2026-07-01 10:55:04,30218.00,30221.75,30217.75,30218.25,107,30218.50,30219.00,0.50
2026-07-01 10:55:05,30218.75,30220.50,30218.25,30218.75,49,30218.50,30219.00,0.50
2026-07-01 10:55:06,30219.00,30219.50,30218.50,30219.50,50,30219.00,30219.50,0.50
2026-07-01 10:55:07,30218.50,30219.50,30217.50,30219.50,57,30218.50,30219.00,0.50
2026-07-01 10:55:08,30219.00,30219.00,30217.00,30218.75,65,30219.50,30219.75,0.25
2026-07-01 10:55:09,30218.00,30220.00,30216.00,30219.75,50,30216.25,30216.50,0.25
2026-07-01 10:55:10,30219.75,30220.00,30215.50,30216.50,108,30216.00,30216.50,0.50
2026-07-01 10:55:11,30216.50,30216.75,30214.50,30216.00,50,30213.75,30214.25,0.50
2026-07-01 10:55:12,30215.25,30216.25,30214.00,30214.25,90,30212.00,30212.50,0.50
2026-07-01 10:55:13,30214.25,30214.25,30211.50,30212.25,123,30212.00,30212.50,0.50
2026-07-01 10:55:14,30212.50,30214.00,30211.00,30212.00,134,30213.50,30213.75,0.25
2026-07-01 10:55:15,30212.50,30214.25,30212.00,30213.50,87,30212.75,30213.25,0.50
2026-07-01 10:55:16,30213.75,30214.75,30212.75,30213.00,67,30214.00,30214.50,0.50
2026-07-01 10:55:17,30213.25,30216.00,30213.25,30214.25,126,30214.25,30214.75,0.50
2026-07-01 10:55:18,30214.25,30215.25,30213.00,30214.50,42,30214.25,30214.75,0.50
2026-07-01 10:55:19,30214.50,30215.25,30213.50,30215.00,49,30207.75,30208.25,0.50
2026-07-01 10:55:20,30214.50,30215.00,30207.50,30207.50,336,30207.75,30208.25,0.50
2026-07-01 10:55:21,30207.75,30209.25,30205.00,30207.75,287,30207.75,30208.25,0.50
2026-07-01 10:55:22,30207.75,30208.50,30206.25,30207.75,161,30213.00,30213.50,0.50
2026-07-01 10:55:23,30208.50,30213.75,30207.50,30213.50,197,30212.50,30212.75,0.25
2026-07-01 10:55:24,30213.00,30216.00,30212.25,30212.25,116,30213.25,30213.75,0.50
2026-07-01 10:55:25,30212.75,30214.50,30211.75,30214.50,57,30212.75,30213.25,0.50
2026-07-01 10:55:26,30213.50,30214.50,30212.50,30212.50,89,30213.75,30214.25,0.50
2026-07-01 10:55:27,30212.75,30215.50,30212.75,30214.00,84,30212.75,30213.25,0.50
2026-07-01 10:55:28,30213.50,30214.25,30211.75,30212.75,44,30207.75,30208.00,0.25
2026-07-01 10:55:29,30213.25,30213.25,30207.50,30207.75,151,30206.75,30207.25,0.50
2026-07-01 10:55:30,30208.00,30209.25,30206.75,30207.00,67,30204.25,30204.75,0.50
2026-07-01 10:55:31,30207.25,30207.25,30201.00,30204.50,383,30204.25,30204.75,0.50
2026-07-01 10:55:32,30204.75,30204.75,30201.50,30203.25,212,30202.25,30202.75,0.50
2026-07-01 10:55:33,30203.50,30203.50,30200.25,30202.00,164,30204.25,30204.75,0.50
2026-07-01 10:55:34,30202.50,30206.25,30202.50,30204.25,196,30200.25,30200.75,0.50
2026-07-01 10:55:35,30204.75,30204.75,30200.00,30200.75,167,30202.25,30202.75,0.50
2026-07-01 10:55:36,30200.75,30202.75,30200.75,30202.25,145,30205.00,30205.50,0.50
2026-07-01 10:55:37,30202.75,30206.25,30202.25,30205.50,127,30201.75,30202.00,0.25
2026-07-01 10:55:38,30205.50,30206.50,30202.75,30202.75,116,30201.75,30202.00,0.25
2026-07-01 10:55:39,30202.25,30202.50,30200.50,30201.00,92,30202.50,30203.00,0.50
2026-07-01 10:55:40,30201.00,30203.25,30200.75,30202.25,69,30202.50,30203.00,0.50
2026-07-01 10:55:41,30202.75,30204.50,30202.25,30204.25,79,30202.50,30202.75,0.25
2026-07-01 10:55:42,30203.75,30204.25,30201.50,30202.50,59,30198.75,30199.25,0.50
2026-07-01 10:55:43,30202.50,30202.50,30198.75,30199.25,144,30199.00,30199.50,0.50
2026-07-01 10:55:44,30198.75,30199.50,30197.25,30199.00,194,30199.25,30199.75,0.50
2026-07-01 10:55:45,30199.00,30200.25,30197.75,30200.00,154,30200.50,30201.00,0.50
2026-07-01 10:55:46,30200.00,30202.50,30198.50,30200.75,178,30196.75,30197.25,0.50
2026-07-01 10:55:47,30200.50,30200.75,30195.00,30197.25,163,30193.50,30194.00,0.50
2026-07-01 10:55:48,30197.75,30198.00,30193.00,30193.50,256,30197.50,30198.00,0.50
2026-07-01 10:55:49,30194.00,30198.25,30193.75,30198.00,289,30196.75,30197.25,0.50
2026-07-01 10:55:50,30197.50,30199.00,30195.75,30197.25,177,30199.50,30200.00,0.50
2026-07-01 10:55:51,30197.00,30200.50,30197.00,30199.50,151,30202.25,30202.75,0.50
2026-07-01 10:55:52,30199.50,30203.25,30198.75,30202.75,139,30202.25,30202.75,0.50
2026-07-01 10:55:53,30202.50,30204.75,30202.00,30203.75,165,30202.50,30203.00,0.50
2026-07-01 10:55:54,30203.50,30204.00,30201.50,30202.75,86,30202.50,30203.00,0.50
2026-07-01 10:55:55,30203.00,30203.00,30199.25,30199.25,143,30199.25,30199.75,0.50
2026-07-01 10:55:56,30199.50,30200.25,30196.50,30197.25,94,30198.00,30198.50,0.50
2026-07-01 10:55:57,30196.50,30198.75,30196.25,30198.25,86,30197.75,30198.25,0.50
2026-07-01 10:55:58,30198.00,30198.00,30196.50,30198.00,91,30200.50,30201.00,0.50
2026-07-01 10:55:59,30197.75,30200.75,30197.50,30200.25,108,30199.25,30199.75,0.50
2026-07-01 10:56:00,30200.50,30200.50,30198.25,30199.50,72,30200.50,30201.00,0.50
2026-07-01 10:56:01,30199.75,30201.25,30199.25,30200.75,112,30202.75,30203.25,0.50
2026-07-01 10:56:02,30200.50,30203.50,30200.00,30203.00,138,30206.50,30207.00,0.50
2026-07-01 10:56:03,30203.00,30207.00,30203.00,30206.50,221,30206.50,30207.00,0.50
2026-07-01 10:56:04,30207.00,30207.00,30203.50,30203.50,112,30203.25,30203.75,0.50
2026-07-01 10:56:05,30203.75,30203.75,30199.00,30200.00,134,30196.75,30197.25,0.50
2026-07-01 10:56:06,30199.50,30200.00,30196.00,30197.00,94,30196.75,30197.25,0.50
2026-07-01 10:56:07,30197.25,30197.50,30195.75,30196.75,169,30196.00,30196.50,0.50
2026-07-01 10:56:08,30196.50,30197.25,30194.25,30196.00,78,30195.75,30196.00,0.25
2026-07-01 10:56:09,30196.00,30197.00,30194.50,30195.75,94,30196.50,30197.00,0.50
2026-07-01 10:56:10,30195.75,30197.00,30194.75,30197.00,79,30197.75,30198.25,0.50
2026-07-01 10:56:11,30196.75,30198.25,30196.25,30198.25,122,30195.25,30195.75,0.50
2026-07-01 10:56:12,30198.25,30198.25,30195.00,30195.50,67,30193.00,30193.50,0.50
2026-07-01 10:56:13,30195.75,30196.25,30191.00,30193.75,223,30192.25,30192.75,0.50
2026-07-01 10:56:14,30193.50,30194.00,30191.50,30192.25,129,30192.25,30192.50,0.25
2026-07-01 10:56:15,30192.25,30192.75,30190.00,30192.25,206,30192.00,30192.50,0.50
2026-07-01 10:56:16,30192.25,30193.00,30191.50,30192.25,123,30191.75,30192.25,0.50
2026-07-01 10:56:17,30192.00,30193.00,30191.50,30191.75,75,30187.75,30188.25,0.50
2026-07-01 10:56:18,30191.75,30192.25,30186.00,30188.00,275,30180.25,30180.50,0.25
2026-07-01 10:56:19,30188.00,30188.25,30180.00,30180.75,656,30181.00,30181.50,0.50
2026-07-01 10:56:20,30180.25,30181.50,30179.50,30181.50,461,30181.00,30181.50,0.50
2026-07-01 10:56:21,30181.50,30183.00,30180.00,30182.75,299,30181.50,30182.00,0.50
2026-07-01 10:56:22,30182.25,30183.25,30181.00,30181.75,234,30181.50,30182.00,0.50
2026-07-01 10:56:23,30181.75,30185.00,30181.00,30183.00,223,30183.75,30184.00,0.25
2026-07-01 10:56:24,30183.75,30185.50,30183.25,30184.00,202,30183.00,30183.50,0.50
2026-07-01 10:56:25,30183.75,30184.00,30181.50,30183.50,171,30184.50,30185.00,0.50
2026-07-01 10:56:26,30183.00,30186.25,30183.00,30184.50,133,30184.50,30185.00,0.50
2026-07-01 10:56:27,30184.75,30191.25,30184.50,30190.50,194,30190.50,30191.00,0.50
2026-07-01 10:56:28,30191.00,30193.75,30190.50,30193.25,186,30193.50,30193.75,0.25
2026-07-01 10:56:29,30193.50,30195.00,30192.00,30193.50,161,30191.50,30191.75,0.25
2026-07-01 10:56:30,30193.50,30194.25,30191.00,30191.75,159,30193.50,30193.75,0.25
2026-07-01 10:56:31,30191.50,30194.25,30190.75,30194.00,104,30193.25,30193.75,0.50
2026-07-01 10:56:32,30193.75,30195.75,30193.00,30193.50,93,30192.75,30193.25,0.50
2026-07-01 10:56:33,30194.25,30197.00,30192.50,30193.00,163,30192.75,30193.25,0.50
2026-07-01 10:56:34,30193.25,30194.25,30192.50,30192.50,62,30191.75,30192.25,0.50
2026-07-01 10:56:35,30192.00,30192.50,30189.75,30190.75,89,30189.00,30189.25,0.25
2026-07-01 10:56:36,30190.50,30191.00,30188.75,30189.75,150,30189.00,30189.50,0.50
2026-07-01 10:56:37,30188.75,30191.00,30187.75,30189.50,100,30190.00,30190.25,0.25
2026-07-01 10:56:38,30188.50,30190.75,30188.50,30189.50,41,30189.25,30189.50,0.25
2026-07-01 10:56:39,30190.00,30190.50,30188.00,30188.75,42,30188.25,30188.75,0.50
2026-07-01 10:56:40,30189.25,30189.75,30187.50,30188.25,34,30186.75,30187.25,0.50
2026-07-01 10:56:41,30188.00,30188.75,30184.50,30186.75,108,30187.00,30187.50,0.50
2026-07-01 10:56:42,30186.75,30188.75,30186.00,30187.75,57,30188.75,30189.00,0.25
2026-07-01 10:56:43,30187.00,30189.50,30184.25,30189.00,185,30188.75,30189.00,0.25
2026-07-01 10:56:44,30188.75,30190.00,30188.75,30189.25,68,30187.75,30188.25,0.50
2026-07-01 10:56:45,30188.75,30190.50,30187.00,30188.25,97,30189.25,30189.75,0.50
2026-07-01 10:56:46,30187.75,30190.50,30187.00,30190.00,79,30190.25,30190.75,0.50
2026-07-01 10:56:47,30189.75,30191.50,30188.75,30190.50,58,30190.75,30191.00,0.25
2026-07-01 10:56:48,30190.25,30190.75,30188.25,30190.75,60,30190.75,30191.00,0.25
2026-07-01 10:56:49,30191.25,30192.75,30190.00,30191.75,84,30192.25,30192.75,0.50
2026-07-01 10:56:50,30190.75,30192.50,30190.75,30192.50,37,30192.25,30192.75,0.50
2026-07-01 10:56:51,30192.75,30193.00,30191.75,30192.25,54,30188.25,30188.75,0.50
2026-07-01 10:56:52,30192.75,30194.75,30188.00,30188.25,131,30187.00,30187.50,0.50
2026-07-01 10:56:53,30189.00,30189.25,30187.25,30187.75,67,30190.25,30190.75,0.50
2026-07-01 10:56:54,30187.00,30191.75,30187.00,30190.50,116,30190.25,30190.75,0.50
2026-07-01 10:56:55,30190.50,30191.25,30190.00,30190.75,53,30189.75,30190.00,0.25
2026-07-01 10:56:56,30191.25,30192.25,30187.50,30189.75,165,30189.75,30190.25,0.50
2026-07-01 10:56:57,30189.75,30190.00,30185.75,30190.00,131,30189.75,30190.25,0.50
2026-07-01 10:56:58,30189.75,30190.50,30188.00,30188.50,48,30188.50,30189.00,0.50
2026-07-01 10:56:59,30188.75,30189.00,30185.75,30187.25,81,30187.25,30187.75,0.50
2026-07-01 10:57:00,30187.75,30188.50,30187.25,30187.25,52,30188.00,30188.25,0.25
2026-07-01 10:57:01,30187.75,30189.25,30184.75,30188.50,132,30188.50,30189.00,0.50
2026-07-01 10:57:02,30187.75,30189.25,30186.50,30189.00,96,30185.00,30185.50,0.50
2026-07-01 10:57:03,30188.50,30189.25,30184.50,30185.25,74,30185.50,30185.75,0.25
2026-07-01 10:57:04,30185.50,30187.50,30185.25,30186.00,105,30184.25,30184.75,0.50
2026-07-01 10:57:05,30185.75,30186.25,30183.00,30184.25,118,30186.25,30186.75,0.50
2026-07-01 10:57:06,30184.75,30189.50,30183.75,30186.75,192,30182.50,30183.00,0.50
2026-07-01 10:57:07,30186.75,30186.75,30181.75,30182.75,154,30182.50,30183.00,0.50
2026-07-01 10:57:08,30183.00,30184.50,30181.50,30183.00,119,30184.25,30184.75,0.50
2026-07-01 10:57:09,30183.00,30185.25,30182.00,30184.50,92,30183.50,30184.00,0.50
2026-07-01 10:57:10,30184.50,30184.50,30182.00,30183.75,80,30185.00,30185.50,0.50
2026-07-01 10:57:11,30183.75,30185.75,30182.75,30185.75,122,30183.50,30184.00,0.50
2026-07-01 10:57:12,30185.50,30186.50,30184.00,30184.00,51,30185.50,30186.00,0.50
2026-07-01 10:57:13,30184.00,30186.25,30184.00,30185.50,70,30188.50,30189.00,0.50
2026-07-01 10:57:14,30185.50,30189.75,30185.25,30188.75,106,30187.75,30188.25,0.50
2026-07-01 10:57:15,30189.00,30189.50,30187.50,30188.25,77,30182.50,30183.00,0.50
2026-07-01 10:57:16,30187.50,30188.00,30182.00,30182.75,86,30182.75,30183.25,0.50
2026-07-01 10:57:17,30183.00,30183.50,30181.25,30183.00,84,30182.75,30183.25,0.50
2026-07-01 10:57:18,30182.75,30183.25,30181.75,30183.25,95,30183.50,30184.00,0.50
2026-07-01 10:57:19,30182.75,30184.50,30182.25,30183.50,37,30182.75,30183.25,0.50
2026-07-01 10:57:20,30184.00,30184.00,30181.75,30183.00,49,30183.75,30184.00,0.25
2026-07-01 10:57:21,30183.00,30183.75,30181.25,30183.50,104,30183.75,30184.25,0.50
2026-07-01 10:57:22,30184.00,30185.00,30183.00,30184.25,46,30183.50,30184.00,0.50
2026-07-01 10:57:23,30184.25,30184.50,30183.25,30184.25,24,30185.50,30186.00,0.50
2026-07-01 10:57:24,30183.50,30187.25,30183.00,30185.50,90,30177.75,30178.25,0.50
2026-07-01 10:57:25,30186.00,30186.00,30177.25,30178.25,288,30177.75,30178.25,0.50
2026-07-01 10:57:26,30178.25,30180.00,30178.00,30178.50,89,30175.50,30176.00,0.50
2026-07-01 10:57:27,30178.00,30178.25,30175.25,30175.50,252,30175.25,30175.75,0.50
2026-07-01 10:57:28,30176.00,30176.00,30173.75,30175.25,340,30175.25,30175.75,0.50
2026-07-01 10:57:29,30175.25,30178.25,30175.25,30176.75,116,30177.25,30177.75,0.50
2026-07-01 10:57:30,30176.25,30178.25,30176.00,30178.25,105,30175.00,30175.50,0.50
2026-07-01 10:57:31,30177.75,30178.75,30173.50,30175.25,176,30181.75,30182.25,0.50
2026-07-01 10:57:32,30175.75,30182.75,30175.75,30182.75,179,30179.75,30180.00,0.25
2026-07-01 10:57:33,30182.00,30182.25,30177.75,30180.25,188,30181.75,30182.00,0.25
2026-07-01 10:57:34,30180.00,30182.25,30180.00,30181.50,102,30180.75,30181.25,0.50
2026-07-01 10:57:35,30181.75,30182.25,30180.25,30180.75,112,30174.25,30174.75,0.50
2026-07-01 10:57:36,30181.25,30181.25,30174.25,30174.25,126,30168.25,30168.75,0.50
2026-07-01 10:57:37,30174.25,30174.50,30167.25,30168.25,487,30167.00,30167.50,0.50
2026-07-01 10:57:38,30168.25,30169.00,30165.25,30167.25,312,30171.75,30172.25,0.50
2026-07-01 10:57:39,30166.75,30173.25,30166.00,30171.75,345,30165.75,30166.25,0.50
2026-07-01 10:57:40,30171.50,30171.75,30165.75,30166.00,209,30165.75,30166.25,0.50
2026-07-01 10:57:41,30166.50,30170.00,30164.00,30166.25,466,30168.25,30168.75,0.50
2026-07-01 10:57:42,30166.25,30169.00,30166.00,30168.25,72,30168.75,30169.25,0.50
2026-07-01 10:57:43,30168.25,30171.50,30167.00,30169.50,163,30169.75,30170.25,0.50
2026-07-01 10:57:44,30169.25,30170.50,30167.25,30170.00,151,30168.50,30169.00,0.50
2026-07-01 10:57:45,30170.25,30170.75,30167.75,30168.50,138,30169.50,30170.00,0.50
2026-07-01 10:57:46,30168.50,30171.00,30168.50,30169.50,92,30172.00,30172.50,0.50
2026-07-01 10:57:47,30170.00,30172.00,30170.00,30172.00,94,30174.00,30174.50,0.50
2026-07-01 10:57:48,30171.50,30174.25,30171.25,30174.25,140,30174.00,30174.50,0.50
2026-07-01 10:57:49,30174.25,30174.25,30172.50,30173.75,98,30174.25,30174.75,0.50
2026-07-01 10:57:50,30174.00,30175.25,30173.25,30174.75,74,30175.25,30175.75,0.50
2026-07-01 10:57:51,30174.50,30176.00,30174.25,30175.50,67,30175.75,30176.25,0.50
2026-07-01 10:57:52,30175.25,30176.75,30174.75,30176.00,74,30175.50,30176.00,0.50
2026-07-01 10:57:53,30175.75,30177.00,30174.50,30175.75,76,30175.50,30176.00,0.50
2026-07-01 10:57:54,30175.75,30176.00,30173.25,30173.50,72,30173.50,30174.00,0.50
2026-07-01 10:57:55,30174.00,30175.50,30172.75,30173.00,100,30172.75,30173.25,0.50
2026-07-01 10:57:56,30173.50,30174.25,30172.75,30173.25,83,30173.50,30174.25,0.75
2026-07-01 10:57:57,30172.75,30175.50,30172.00,30174.50,131,30173.50,30174.25,0.75
2026-07-01 10:57:58,30174.25,30174.25,30167.50,30169.75,138,30169.75,30170.25,0.50
2026-07-01 10:57:59,30169.75,30171.25,30169.50,30169.75,69,30169.75,30170.25,0.50
2026-07-01 10:58:00,30170.00,30170.25,30167.25,30168.00,97,30170.25,30170.75,0.50
2026-07-01 10:58:01,30168.50,30171.50,30168.00,30170.75,114,30172.00,30172.50,0.50
2026-07-01 10:58:02,30170.75,30172.00,30169.50,30172.00,94,30172.00,30172.50,0.50
2026-07-01 10:58:03,30172.25,30173.00,30170.25,30172.50,121,30170.75,30171.25,0.50
2026-07-01 10:58:04,30171.75,30172.50,30170.50,30171.50,105,30168.75,30169.25,0.50
2026-07-01 10:58:05,30171.25,30172.50,30167.50,30169.75,91,30170.50,30171.00,0.50
2026-07-01 10:58:06,30169.25,30171.75,30169.25,30170.75,94,30173.00,30173.50,0.50
2026-07-01 10:58:07,30170.50,30175.00,30170.00,30173.00,111,30173.00,30173.50,0.50
2026-07-01 10:58:08,30173.25,30174.00,30170.75,30172.50,68,30172.25,30172.75,0.50
2026-07-01 10:58:09,30172.00,30173.00,30171.75,30172.50,45,30171.75,30172.00,0.25
2026-07-01 10:58:10,30172.25,30173.50,30168.25,30172.00,152,30175.25,30175.50,0.25
2026-07-01 10:58:11,30172.00,30175.25,30171.75,30175.00,68,30171.75,30172.25,0.50
2026-07-01 10:58:12,30174.50,30174.50,30170.50,30172.00,66,30171.75,30172.25,0.50
2026-07-01 10:58:13,30172.00,30173.50,30170.75,30170.75,58,30172.75,30173.25,0.50
2026-07-01 10:58:14,30170.75,30173.75,30170.75,30172.75,47,30173.50,30174.00,0.50
2026-07-01 10:58:15,30172.75,30174.25,30171.75,30173.75,78,30173.50,30174.00,0.50
2026-07-01 10:58:16,30174.00,30175.50,30173.50,30174.75,73,30173.75,30174.00,0.25
2026-07-01 10:58:17,30175.25,30175.75,30172.50,30174.25,100,30171.25,30171.50,0.25
2026-07-01 10:58:18,30174.50,30174.50,30170.00,30171.50,79,30173.50,30174.00,0.50
2026-07-01 10:58:19,30171.50,30173.75,30171.25,30172.75,59,30170.25,30170.75,0.50
2026-07-01 10:58:20,30173.50,30174.25,30169.75,30170.25,45,30169.50,30170.00,0.50
2026-07-01 10:58:21,30170.75,30171.25,30169.00,30169.75,89,30167.25,30167.75,0.50
2026-07-01 10:58:22,30169.50,30169.50,30167.25,30167.50,75,30169.75,30170.25,0.50
2026-07-01 10:58:23,30167.75,30170.50,30167.00,30169.75,144,30170.25,30170.75,0.50
2026-07-01 10:58:24,30170.25,30171.00,30169.25,30171.00,51,30170.25,30170.75,0.50
2026-07-01 10:58:25,30170.75,30174.75,30170.50,30173.75,105,30170.75,30171.25,0.50
2026-07-01 10:58:26,30174.00,30174.00,30170.75,30171.25,59,30172.00,30172.50,0.50
2026-07-01 10:58:27,30171.00,30172.75,30170.50,30172.00,51,30167.50,30168.00,0.50
2026-07-01 10:58:28,30171.75,30172.50,30167.75,30167.75,99,30167.25,30167.75,0.50
2026-07-01 10:58:29,30167.50,30168.50,30166.00,30167.50,80,30167.25,30167.75,0.50
2026-07-01 10:58:30,30167.50,30168.25,30164.25,30165.25,138,30166.75,30167.25,0.50
2026-07-01 10:58:31,30165.75,30167.25,30165.25,30166.75,92,30169.50,30170.00,0.50
2026-07-01 10:58:32,30167.25,30170.75,30166.75,30170.25,97,30170.00,30170.50,0.50
2026-07-01 10:58:33,30169.75,30172.50,30169.75,30170.50,78,30166.25,30166.50,0.25
2026-07-01 10:58:34,30170.50,30170.75,30166.00,30166.25,83,30166.50,30167.00,0.50
2026-07-01 10:58:35,30166.50,30167.25,30164.75,30167.00,46,30166.50,30167.00,0.50
2026-07-01 10:58:36,30166.75,30167.00,30165.25,30167.00,45,30164.00,30164.50,0.50
2026-07-01 10:58:37,30166.25,30167.50,30163.00,30164.00,124,30163.75,30164.25,0.50
2026-07-01 10:58:38,30164.00,30168.00,30163.75,30164.00,153,30164.25,30164.75,0.50
2026-07-01 10:58:39,30163.75,30165.25,30162.50,30164.00,115,30161.25,30161.75,0.50
2026-07-01 10:58:40,30164.75,30165.50,30161.00,30161.25,134,30161.50,30162.00,0.50
2026-07-01 10:58:41,30161.50,30162.50,30159.75,30161.50,191,30162.25,30162.75,0.50
2026-07-01 10:58:42,30161.75,30164.00,30161.25,30162.75,95,30159.25,30159.75,0.50
2026-07-01 10:58:43,30162.50,30162.50,30158.00,30159.25,138,30160.50,30160.75,0.25
2026-07-01 10:58:44,30159.25,30161.00,30157.00,30160.75,133,30162.25,30162.75,0.50
2026-07-01 10:58:45,30160.75,30164.00,30160.25,30162.75,116,30160.00,30160.50,0.50
2026-07-01 10:58:46,30162.25,30162.50,30160.75,30160.75,83,30160.00,30160.50,0.50
2026-07-01 10:58:47,30160.50,30160.50,30157.00,30157.25,134,30155.50,30156.00,0.50
2026-07-01 10:58:48,30157.25,30157.75,30155.25,30156.00,261,30155.50,30156.00,0.50
2026-07-01 10:58:49,30156.00,30157.25,30154.50,30157.00,209,30155.50,30156.00,0.50
2026-07-01 10:58:50,30156.50,30157.50,30155.25,30155.75,154,30150.75,30151.25,0.50
2026-07-01 10:58:51,30155.50,30155.50,30150.50,30151.25,364,30149.25,30149.75,0.50
2026-07-01 10:58:52,30151.00,30152.00,30148.50,30149.25,337,30150.75,30151.00,0.25
2026-07-01 10:58:53,30149.25,30151.25,30149.25,30150.75,143,30149.25,30149.75,0.50
2026-07-01 10:58:54,30150.75,30151.00,30148.75,30150.00,126,30148.75,30149.25,0.50
2026-07-01 10:58:55,30149.75,30151.00,30148.50,30149.25,119,30148.75,30149.25,0.50
2026-07-01 10:58:56,30149.25,30150.25,30147.75,30149.00,187,30148.75,30149.25,0.50
2026-07-01 10:58:57,30149.00,30149.25,30145.50,30146.25,171,30146.25,30146.75,0.50
2026-07-01 10:58:58,30146.25,30149.25,30146.25,30148.75,117,30146.50,30147.00,0.50
2026-07-01 10:58:59,30148.25,30149.25,30146.00,30146.25,110,30147.25,30147.50,0.25
2026-07-01 10:59:00,30147.00,30148.50,30147.00,30147.75,88,30147.25,30147.75,0.50
2026-07-01 10:59:01,30147.25,30148.50,30145.50,30147.00,311,30147.25,30147.75,0.50
2026-07-01 10:59:02,30147.50,30147.50,30144.00,30146.25,291,30155.50,30155.75,0.25
2026-07-01 10:59:03,30146.25,30156.00,30146.25,30156.00,328,30153.50,30154.00,0.50
2026-07-01 10:59:04,30155.50,30155.75,30153.25,30153.75,199,30153.75,30154.25,0.50
2026-07-01 10:59:05,30154.25,30156.25,30154.00,30154.25,169,30157.50,30158.00,0.50
2026-07-01 10:59:06,30154.25,30159.25,30153.50,30157.75,178,30157.50,30158.00,0.50
2026-07-01 10:59:07,30157.75,30158.75,30156.00,30158.50,195,30158.00,30158.50,0.50
2026-07-01 10:59:08,30158.50,30162.50,30158.50,30161.50,145,30165.50,30166.00,0.50
2026-07-01 10:59:09,30161.75,30167.00,30160.75,30166.00,222,30166.00,30166.50,0.50
2026-07-01 10:59:10,30165.50,30167.00,30165.00,30166.50,135,30164.75,30165.25,0.50
2026-07-01 10:59:11,30166.50,30167.25,30165.00,30165.00,141,30164.75,30165.25,0.50
2026-07-01 10:59:12,30165.25,30166.50,30164.00,30164.00,122,30164.50,30165.00,0.50
2026-07-01 10:59:13,30164.00,30165.75,30163.25,30165.25,91,30166.00,30166.50,0.50
2026-07-01 10:59:14,30164.50,30166.75,30164.50,30166.25,125,30167.75,30168.25,0.50
2026-07-01 10:59:15,30166.00,30169.25,30165.50,30167.75,171,30166.75,30167.00,0.25
2026-07-01 10:59:16,30168.00,30168.75,30166.00,30167.00,160,30168.00,30168.50,0.50
2026-07-01 10:59:17,30166.75,30170.25,30166.75,30168.50,129,30168.50,30168.75,0.25
2026-07-01 10:59:18,30167.75,30169.50,30167.75,30169.00,89,30168.50,30168.75,0.25
2026-07-01 10:59:19,30168.50,30169.50,30164.75,30166.00,127,30167.50,30168.00,0.50
2026-07-01 10:59:20,30166.50,30167.50,30166.00,30167.50,71,30167.50,30168.00,0.50
2026-07-01 10:59:21,30168.00,30168.25,30165.00,30167.75,116,30166.25,30166.50,0.25
2026-07-01 10:59:22,30167.25,30167.50,30165.50,30165.50,56,30165.00,30165.50,0.50
2026-07-01 10:59:23,30166.25,30167.00,30164.00,30165.50,142,30165.50,30165.75,0.25
2026-07-01 10:59:24,30165.25,30167.25,30165.25,30166.00,62,30166.50,30167.00,0.50
2026-07-01 10:59:25,30165.75,30167.25,30165.50,30166.75,48,30167.25,30167.75,0.50
2026-07-01 10:59:26,30166.50,30168.00,30165.25,30167.25,99,30167.25,30167.75,0.50
2026-07-01 10:59:27,30167.75,30168.00,30166.75,30167.25,39,30167.00,30167.50,0.50
2026-07-01 10:59:28,30167.25,30168.00,30165.50,30167.50,46,30167.00,30167.25,0.25
2026-07-01 10:59:29,30167.00,30167.50,30166.00,30167.00,72,30173.75,30174.25,0.50
2026-07-01 10:59:30,30166.50,30176.50,30166.50,30174.25,369,30174.50,30175.00,0.50
2026-07-01 10:59:31,30173.75,30176.00,30172.50,30174.75,171,30173.50,30174.00,0.50
2026-07-01 10:59:32,30174.25,30174.75,30172.25,30173.50,129,30174.25,30174.75,0.50
2026-07-01 10:59:33,30173.25,30176.50,30173.00,30174.50,160,30171.00,30171.50,0.50
2026-07-01 10:59:34,30175.00,30175.50,30171.50,30171.50,97,30174.25,30174.50,0.25
2026-07-01 10:59:35,30171.00,30174.25,30171.00,30174.25,129,30174.25,30174.50,0.25
2026-07-01 10:59:36,30174.25,30174.75,30173.00,30173.75,62,30173.50,30174.00,0.50
2026-07-01 10:59:37,30173.50,30174.75,30173.50,30173.75,58,30172.75,30173.25,0.50
2026-07-01 10:59:38,30173.75,30174.00,30172.50,30173.25,62,30173.50,30174.00,0.50
2026-07-01 10:59:39,30173.25,30174.50,30173.25,30174.25,85,30174.00,30174.50,0.50
2026-07-01 10:59:40,30173.50,30175.75,30173.50,30174.50,72,30178.50,30178.75,0.25
2026-07-01 10:59:41,30174.25,30179.75,30173.75,30179.00,196,30178.75,30179.25,0.50
2026-07-01 10:59:42,30179.00,30180.00,30178.25,30178.75,167,30181.00,30181.50,0.50
2026-07-01 10:59:43,30178.75,30183.75,30178.75,30181.50,221,30177.75,30178.25,0.50
2026-07-01 10:59:44,30181.50,30181.50,30176.25,30178.50,281,30177.75,30178.25,0.50
2026-07-01 10:59:45,30178.00,30179.50,30177.50,30178.25,129,30181.25,30181.50,0.25
2026-07-01 10:59:46,30178.00,30182.75,30178.00,30181.00,127,30183.00,30183.50,0.50
2026-07-01 10:59:47,30181.50,30184.00,30181.25,30182.75,167,30183.25,30183.75,0.50
2026-07-01 10:59:48,30183.50,30184.00,30182.75,30183.50,87,30186.25,30186.50,0.25
2026-07-01 10:59:49,30183.75,30187.75,30183.75,30186.25,224,30187.25,30187.75,0.50
2026-07-01 10:59:50,30186.50,30188.50,30186.00,30187.25,175,30187.25,30187.75,0.50
2026-07-01 10:59:51,30187.50,30187.75,30184.25,30184.75,182,30184.25,30185.00,0.75
2026-07-01 10:59:52,30184.50,30186.50,30184.50,30186.00,110,30185.00,30185.50,0.50
2026-07-01 10:59:53,30186.25,30186.25,30184.00,30185.50,113,30184.25,30184.75,0.50
2026-07-01 10:59:54,30185.00,30185.50,30181.75,30184.50,159,30183.25,30183.75,0.50
2026-07-01 10:59:55,30184.00,30185.00,30183.25,30183.25,137,30182.50,30182.75,0.25
2026-07-01 10:59:56,30183.75,30184.75,30182.00,30182.50,60,30183.25,30183.75,0.50
2026-07-01 10:59:57,30182.75,30184.25,30182.75,30183.75,91,30189.25,30189.50,0.25
2026-07-01 10:59:58,30183.25,30189.50,30182.25,30189.50,169,30193.25,30193.75,0.50
2026-07-01 10:59:59,30189.25,30193.50,30188.50,30193.50,308,30192.25,30192.75,0.50
2026-07-01 11:00:00,30193.25,30195.00,30192.00,30193.00,182,30188.25,30188.75,0.50
2026-07-01 11:00:01,30192.75,30195.00,30188.00,30188.00,396,30188.00,30188.50,0.50
2026-07-01 11:00:02,30188.25,30188.75,30186.00,30188.50,148,30194.00,30194.50,0.50
2026-07-01 11:00:03,30188.50,30194.00,30188.00,30194.00,185,30194.00,30194.50,0.50
2026-07-01 11:00:04,30194.50,30201.00,30193.75,30200.75,576,30200.25,30200.75,0.50
2026-07-01 11:00:05,30201.25,30202.50,30200.25,30200.50,369,30200.00,30200.50,0.50
2026-07-01 11:00:06,30200.75,30202.00,30199.75,30200.25,237,30198.75,30199.25,0.50
2026-07-01 11:00:07,30200.50,30201.50,30198.25,30198.75,170,30201.25,30201.75,0.50
2026-07-01 11:00:08,30199.50,30202.50,30199.00,30201.75,278,30202.25,30202.50,0.25
2026-07-01 11:00:09,30201.25,30203.50,30201.25,30202.00,149,30202.25,30202.50,0.25
2026-07-01 11:00:10,30202.25,30202.75,30200.00,30200.50,197,30199.75,30200.25,0.50
2026-07-01 11:00:11,30200.50,30203.00,30199.75,30200.00,165,30199.75,30200.25,0.50
2026-07-01 11:00:12,30200.00,30203.00,30199.75,30202.00,97,30202.00,30202.50,0.50
2026-07-01 11:00:13,30202.00,30203.50,30202.00,30202.00,97,30199.75,30200.25,0.50
2026-07-01 11:00:14,30202.50,30203.25,30199.75,30200.75,128,30199.75,30200.25,0.50
2026-07-01 11:00:15,30200.00,30200.50,30197.25,30198.50,200,30199.25,30199.75,0.50
2026-07-01 11:00:16,30198.00,30202.75,30198.00,30199.75,130,30200.50,30200.75,0.25
2026-07-01 11:00:17,30199.50,30200.75,30199.00,30200.25,65,30200.00,30200.50,0.50
2026-07-01 11:00:18,30201.00,30201.00,30198.50,30200.50,43,30202.25,30202.75,0.50
2026-07-01 11:00:19,30200.00,30204.00,30200.00,30202.75,81,30202.75,30203.00,0.25
2026-07-01 11:00:20,30202.50,30203.75,30201.50,30203.25,110,30202.75,30203.00,0.25
2026-07-01 11:00:21,30203.25,30207.50,30202.50,30207.50,280,30204.00,30204.50,0.50
2026-07-01 11:00:22,30207.75,30208.75,30203.50,30204.75,242,30200.75,30201.25,0.50
2026-07-01 11:00:23,30204.75,30205.00,30200.50,30201.00,180,30200.75,30201.25,0.50
2026-07-01 11:00:24,30201.00,30201.50,30197.25,30199.50,145,30200.00,30200.25,0.25
2026-07-01 11:00:25,30200.00,30201.50,30199.50,30200.00,93,30199.75,30200.25,0.50
2026-07-01 11:00:26,30200.25,30202.25,30199.50,30200.25,111,30198.50,30199.00,0.50
2026-07-01 11:00:27,30200.00,30200.50,30197.25,30198.75,95,30201.75,30202.25,0.50
2026-07-01 11:00:28,30200.00,30202.00,30199.00,30201.75,101,30204.50,30204.75,0.25
2026-07-01 11:00:29,30201.25,30204.75,30201.00,30204.50,76,30204.50,30204.75,0.25
2026-07-01 11:00:30,30204.75,30205.25,30204.00,30204.75,70,30203.75,30204.00,0.25
2026-07-01 11:00:31,30203.75,30204.50,30201.50,30203.50,192,30204.25,30204.75,0.50
2026-07-01 11:00:32,30203.25,30205.25,30201.25,30204.25,130,30204.25,30204.75,0.50
2026-07-01 11:00:33,30204.50,30206.00,30204.25,30206.00,81,30204.50,30205.00,0.50
2026-07-01 11:00:34,30205.25,30207.00,30204.00,30205.00,80,30204.00,30204.50,0.50
2026-07-01 11:00:35,30204.75,30206.50,30203.75,30204.75,75,30204.00,30204.50,0.50
2026-07-01 11:00:36,30204.25,30207.75,30204.25,30205.25,128,30204.50,30205.00,0.50
2026-07-01 11:00:37,30205.00,30205.50,30203.50,30204.25,146,30204.25,30204.50,0.25
2026-07-01 11:00:38,30204.75,30206.50,30203.75,30206.00,128,30208.50,30209.00,0.50
2026-07-01 11:00:39,30207.25,30209.75,30206.00,30209.00,143,30210.50,30210.75,0.25
2026-07-01 11:00:40,30209.00,30211.50,30207.25,30210.75,149,30210.50,30211.00,0.50
2026-07-01 11:00:41,30211.25,30212.00,30210.25,30210.75,125,30210.75,30211.00,0.25
2026-07-01 11:00:42,30210.50,30211.50,30209.00,30210.75,134,30210.25,30210.75,0.50
2026-07-01 11:00:43,30211.00,30211.50,30210.25,30211.00,105,30208.25,30208.75,0.50
2026-07-01 11:00:44,30210.75,30211.00,30208.00,30208.75,126,30204.75,30205.25,0.50
2026-07-01 11:00:45,30208.75,30209.00,30202.75,30204.50,180,30205.50,30205.75,0.25
2026-07-01 11:00:46,30205.00,30205.75,30204.50,30205.25,104,30204.50,30205.00,0.50
2026-07-01 11:00:47,30205.75,30206.75,30204.50,30205.00,94,30204.50,30205.00,0.50
2026-07-01 11:00:48,30204.75,30205.50,30201.50,30201.75,106,30201.00,30201.50,0.50
2026-07-01 11:00:49,30201.50,30203.25,30200.25,30201.25,119,30200.75,30201.25,0.50
2026-07-01 11:00:50,30200.75,30201.75,30200.50,30201.00,54,30201.25,30201.75,0.50
2026-07-01 11:00:51,30201.00,30202.25,30200.50,30201.50,97,30203.00,30203.50,0.50
2026-07-01 11:00:52,30201.75,30205.50,30201.75,30202.75,121,30203.50,30204.00,0.50
2026-07-01 11:00:53,30203.25,30204.75,30202.75,30203.75,41,30202.00,30202.50,0.50
2026-07-01 11:00:54,30204.00,30205.00,30201.75,30202.50,45,30209.75,30210.25,0.50
2026-07-01 11:00:55,30202.00,30210.75,30200.75,30210.00,227,30209.75,30210.25,0.50
2026-07-01 11:00:56,30210.25,30210.75,30207.50,30208.50,72,30205.25,30205.50,0.25
2026-07-01 11:00:57,30208.25,30209.00,30204.50,30205.00,165,30205.25,30205.50,0.25
2026-07-01 11:00:58,30205.50,30206.25,30204.50,30204.75,62,30201.50,30202.00,0.50
2026-07-01 11:00:59,30205.00,30206.25,30200.00,30201.75,160,30203.00,30203.50,0.50
