Instrument,Series,SeriesSeconds,BarIndex,Time,Open,High,Low,Close,Volume,Range,Body,UpperWick,LowerWick,Direction,VO,VO_Change,VO_Slope3,VO_Slope5
MNQ DEC25,1s,1,0,2025-10-27 09:19:45,25825.5,25826.25,25824.75,25824.75,14,1.5,0.75,0.75,0,-1,,,,
MNQ DEC25,1s,1,1,2025-10-27 09:19:46,25824.75,25825,25824.5,25824.5,8,0.5,0.25,0.25,0,-1,,,,
MNQ DEC25,1s,1,2,2025-10-27 09:19:47,25825,25825.25,25824.75,25824.75,6,0.5,0.25,0.25,0,-1,,,,
MNQ DEC25,1s,1,3,2025-10-27 09:19:48,25824.75,25824.75,25824.5,25824.5,4,0.25,0.25,0,0,-1,,,,
MNQ DEC25,1s,1,4,2025-10-27 09:19:49,25824.5,25824.75,25824.5,25824.5,5,0.25,0,0.25,0,0,,,,
MNQ DEC25,1s,1,5,2025-10-27 09:19:50,25824.5,25824.5,25824.5,25824.5,1,0,0,0,0,0,,,,
MNQ DEC25,10s,10,5398,2025-10-27 09:19:50,25825.5,25826.25,25824.5,25824.5,71,1.75,1,0.75,0,-1,13.75,-30.75,-14.56666667,-6.03
MNQ DEC25,1s,1,6,2025-10-27 09:19:51,25824.5,25825,25823,25823.5,84,2,1,0.5,0.5,-1,,,,
MNQ DEC25,1s,1,7,2025-10-27 09:19:52,25823,25823.75,25823,25823.25,41,0.75,0.25,0.5,0,1,,,,
MNQ DEC25,1s,1,8,2025-10-27 09:19:53,25823,25823.25,25823,25823,11,0.25,0,0.25,0,0,,,,
MNQ DEC25,1s,1,9,2025-10-27 09:19:54,25823.25,25823.25,25823.25,25823.25,5,0,0,0,0,0,,,,
MNQ DEC25,1s,1,10,2025-10-27 09:19:55,25823,25823,25822.75,25822.75,20,0.25,0.25,0,0,-1,,,,
MNQ DEC25,1s,1,11,2025-10-27 09:19:56,25823,25823.75,25823,25823.75,22,0.75,0.75,0,0,1,,,,
MNQ DEC25,1s,1,12,2025-10-27 09:19:57,25823.25,25823.25,25823,25823.25,8,0.25,0,0,0.25,0,,,,
MNQ DEC25,1s,1,13,2025-10-27 09:19:58,25823.25,25823.75,25823,25823,12,0.75,0.25,0.5,0,-1,,,,
MNQ DEC25,1s,1,14,2025-10-27 09:19:59,25823.75,25823.75,25823,25823,10,0.75,0.75,0,0,-1,,,,
MNQ DEC25,1s,1,15,2025-10-27 09:20:00,25823.75,25823.75,25823.25,25823.25,9,0.5,0.5,0,0,-1,,,,
MNQ DEC25,10s,10,5399,2025-10-27 09:20:00,25824.5,25825,25822.75,25823.25,222,2.25,1.25,0.5,0.5,-1,2.6,-11.15,-16.45,-12.92
MNQ DEC25,20s,20,5699,2025-10-27 09:20:00,25825.5,25826.25,25822.75,25823.25,293,3.5,2.25,0.75,0.5,-1,103.95,-6.2,10.7,17.55
MNQ DEC25,1s,1,16,2025-10-27 09:20:01,25823.75,25823.75,25823.25,25823.25,18,0.5,0.5,0,0,-1,,,,
MNQ DEC25,1s,1,17,2025-10-27 09:20:02,25823.25,25823.5,25823.25,25823.5,4,0.25,0.25,0,0,1,,,,
MNQ DEC25,1s,1,18,2025-10-27 09:20:03,25823,25823.25,25822.5,25822.5,6,0.75,0.5,0.25,0,-1,,,,
MNQ DEC25,1s,1,19,2025-10-27 09:20:04,25822.75,25823.25,25822.75,25822.75,9,0.5,0,0.5,0,0,,,,
MNQ DEC25,1s,1,20,2025-10-27 09:20:05,25823.5,25823.75,25823.25,25823.25,8,0.5,0.25,0.25,0,-1,,,,
MNQ DEC25,1s,1,21,2025-10-27 09:20:06,25823.25,25824,25823,25823.25,28,1,0,0.75,0.25,0,,,,
MNQ DEC25,1s,1,22,2025-10-27 09:20:07,25823.25,25824,25823.25,25824,16,0.75,0.75,0,0,1,,,,
MNQ DEC25,1s,1,23,2025-10-27 09:20:08,25823.75,25824,25823.25,25823.25,23,0.75,0.5,0.25,0,-1,,,,
MNQ DEC25,1s,1,24,2025-10-27 09:20:09,25823.75,25823.75,25822.75,25823.25,19,1,0.5,0,0.5,-1,,,,
MNQ DEC25,1s,1,25,2025-10-27 09:20:10,25822.75,25823.25,25822.5,25823.25,9,0.75,0.5,0,0.25,1,,,,
MNQ DEC25,10s,10,5400,2025-10-27 09:20:10,25823.75,25824,25822.5,25823.25,140,1.5,0.5,0.25,0.75,-1,11.45,8.85,-11.01666667,-9.2
MNQ DEC25,1s,1,26,2025-10-27 09:20:11,25823.5,25823.75,25823.5,25823.75,11,0.25,0.25,0,0,1,,,,
MNQ DEC25,1s,1,27,2025-10-27 09:20:12,25823.25,25824,25823.25,25824,6,0.75,0.75,0,0,1,,,,
MNQ DEC25,1s,1,28,2025-10-27 09:20:13,25823.5,25823.75,25822.5,25823.25,17,1.25,0.25,0.25,0.75,-1,,,,
MNQ DEC25,1s,1,29,2025-10-27 09:20:14,25823.25,25823.5,25823.25,25823.5,8,0.25,0.25,0,0,1,,,,
MNQ DEC25,1s,1,30,2025-10-27 09:20:15,25822.75,25823,25822.5,25822.5,9,0.5,0.25,0.25,0,-1,,,,
MNQ DEC25,1s,1,31,2025-10-27 09:20:16,25822.5,25822.75,25822.25,25822.25,12,0.5,0.25,0.25,0,-1,,,,
MNQ DEC25,1s,1,32,2025-10-27 09:20:17,25822.75,25823.25,25822.25,25822.5,24,1,0.25,0.5,0.25,-1,,,,
MNQ DEC25,1s,1,33,2025-10-27 09:20:18,25822.75,25823.25,25822.25,25823.25,15,1,0.5,0,0.5,1,,,,
MNQ DEC25,1s,1,34,2025-10-27 09:20:19,25822.25,25822.25,25821.5,25822,26,0.75,0.25,0,0.5,-1,,,,
MNQ DEC25,1s,1,35,2025-10-27 09:20:20,25822,25822.25,25821.75,25821.75,3,0.5,0.25,0.25,0,-1,,,,
MNQ DEC25,10s,10,5401,2025-10-27 09:20:20,25823.5,25824,25821.5,25821.75,131,2.5,1.75,0.5,0.25,-1,22.3,10.85,2.85,-5.93
MNQ DEC25,20s,20,5700,2025-10-27 09:20:20,25823.75,25824,25821.5,25821.75,271,2.5,2,0.25,0.25,-1,105,1.05,-2.36666667,14.71
MNQ DEC25,1s,1,36,2025-10-27 09:20:21,25822.25,25822.75,25822.25,25822.25,13,0.5,0,0.5,0,0,,,,
MNQ DEC25,1s,1,37,2025-10-27 09:20:22,25822.75,25823,25822.25,25822.25,12,0.75,0.5,0.25,0,-1,,,,
MNQ DEC25,1s,1,38,2025-10-27 09:20:23,25822,25822.25,25822,25822,14,0.25,0,0.25,0,0,,,,
MNQ DEC25,1s,1,39,2025-10-27 09:20:24,25822,25822.75,25822,25822,12,0.75,0,0.75,0,0,,,,
MNQ DEC25,1s,1,40,2025-10-27 09:20:25,25822.25,25824,25822.25,25824,29,1.75,1.75,0,0,1,,,,
MNQ DEC25,1s,1,41,2025-10-27 09:20:26,25824.25,25824.25,25823.75,25823.75,7,0.5,0.5,0,0,-1,,,,
MNQ DEC25,1s,1,42,2025-10-27 09:20:27,25824.25,25824.5,25824.25,25824.25,11,0.25,0,0.25,0,0,,,,
MNQ DEC25,1s,1,43,2025-10-27 09:20:28,25824.25,25824.75,25823.75,25824.5,17,1,0.25,0.25,0.5,1,,,,
MNQ DEC25,1s,1,44,2025-10-27 09:20:29,25824.25,25824.75,25824.25,25824.75,10,0.5,0.5,0,0,1,,,,
MNQ DEC25,1s,1,45,2025-10-27 09:20:30,25824.25,25825,25824.25,25824.5,11,0.75,0.25,0.5,0,1,,,,
MNQ DEC25,10s,10,5402,2025-10-27 09:20:30,25822.25,25825,25822,25824.5,136,3,2.25,0.5,0.25,1,27.25,4.95,8.21666667,-3.45
MNQ DEC25,1s,1,46,2025-10-27 09:20:31,25824.25,25824.25,25824.25,25824.25,1,0,0,0,0,0,,,,
MNQ DEC25,1s,1,47,2025-10-27 09:20:32,25824.25,25824.75,25824.25,25824.75,10,0.5,0.5,0,0,1,,,,
MNQ DEC25,1s,1,48,2025-10-27 09:20:33,25824.75,25825,25824.5,25825,3,0.5,0.25,0,0.25,1,,,,
MNQ DEC25,1s,1,49,2025-10-27 09:20:34,25824.75,25825.25,25824.5,25824.5,13,0.75,0.25,0.5,0,-1,,,,
MNQ DEC25,1s,1,50,2025-10-27 09:20:35,25824,25824.5,25823.25,25823.5,31,1.25,0.5,0.5,0.25,-1,,,,
MNQ DEC25,1s,1,51,2025-10-27 09:20:36,25823.5,25823.5,25823,25823,6,0.5,0.5,0,0,-1,,,,
MNQ DEC25,1s,1,52,2025-10-27 09:20:37,25823.5,25823.5,25821.75,25822.5,14,1.75,1,0,0.75,-1,,,,
MNQ DEC25,1s,1,53,2025-10-27 09:20:38,25822.5,25823.25,25822.5,25823.25,22,0.75,0.75,0,0,1,,,,
MNQ DEC25,1s,1,54,2025-10-27 09:20:39,25822.75,25823,25822,25822.5,10,1,0.25,0.25,0.5,-1,,,,
MNQ DEC25,1s,1,55,2025-10-27 09:20:40,25821.75,25822,25821.25,25822,3,0.75,0.25,0,0.5,1,,,,
MNQ DEC25,10s,10,5403,2025-10-27 09:20:40,25824.25,25825.25,25821.25,25822,113,4,2.25,1,0.75,-1,32,4.75,6.85,3.65
MNQ DEC25,20s,20,5701,2025-10-27 09:20:40,25822.25,25825.25,25821.25,25822,249,4,0.25,3,0.75,-1,80.1,-24.9,-10.01666667,1.65
MNQ DEC25,1s,1,56,2025-10-27 09:20:41,25821.75,25822.5,25821.75,25822.25,16,0.75,0.5,0.25,0,1,,,,
MNQ DEC25,1s,1,57,2025-10-27 09:20:42,25822.5,25822.5,25822.5,25822.5,5,0,0,0,0,0,,,,
MNQ DEC25,1s,1,58,2025-10-27 09:20:43,25822.5,25823,25822.5,25823,9,0.5,0.5,0,0,1,,,,
MNQ DEC25,1s,1,59,2025-10-27 09:20:44,25823.5,25824.75,25823.5,25824.75,18,1.25,1.25,0,0,1,,,,
MNQ DEC25,1s,1,60,2025-10-27 09:20:45,25824.5,25824.5,25823.75,25823.75,9,0.75,0.75,0,0,-1,,,,
MNQ DEC25,1s,1,61,2025-10-27 09:20:46,25824,25824,25824,25824,2,0,0,0,0,0,,,,
MNQ DEC25,1s,1,62,2025-10-27 09:20:47,25824,25824,25824,25824,1,0,0,0,0,0,,,,
MNQ DEC25,1s,1,63,2025-10-27 09:20:48,25824.5,25824.75,25824.25,25824.75,9,0.5,0.25,0,0.25,1,,,,
MNQ DEC25,1s,1,64,2025-10-27 09:20:49,25824.5,25824.5,25824,25824.5,17,0.5,0,0,0.5,0,,,,
MNQ DEC25,1s,1,65,2025-10-27 09:20:50,25824.5,25824.5,25824,25824,8,0.5,0.5,0,0,-1,,,,
MNQ DEC25,10s,10,5404,2025-10-27 09:20:50,25821.75,25824.75,25821.75,25824,94,3,2.25,0.75,0,1,3.7,-28.3,-6.2,0.22
MNQ DEC25,1s,1,66,2025-10-27 09:20:51,25823.75,25823.75,25823.75,25823.75,6,0,0,0,0,0,,,,
MNQ DEC25,1s,1,67,2025-10-27 09:20:53,25823.75,25824.25,25823.75,25824,10,0.5,0.25,0.25,0,1,,,,
MNQ DEC25,1s,1,68,2025-10-27 09:20:54,25824.25,25824.5,25824.25,25824.5,6,0.25,0.25,0,0,1,,,,
MNQ DEC25,1s,1,69,2025-10-27 09:20:55,25824.5,25826,25824.5,25825.75,47,1.5,1.25,0.25,0,1,,,,
MNQ DEC25,1s,1,70,2025-10-27 09:20:56,25825.5,25826,25825.5,25825.75,17,0.5,0.25,0.25,0,1,,,,
MNQ DEC25,1s,1,71,2025-10-27 09:20:57,25825.75,25825.75,25825.25,25825.25,7,0.5,0.5,0,0,-1,,,,
MNQ DEC25,1s,1,72,2025-10-27 09:20:58,25825.5,25825.75,25825.5,25825.75,3,0.25,0.25,0,0,1,,,,
MNQ DEC25,1s,1,73,2025-10-27 09:20:59,25825.75,25825.75,25824.5,25824.75,27,1.25,1,0,0.25,-1,,,,
MNQ DEC25,1s,1,74,2025-10-27 09:21:00,25825,25825.5,25825,25825.5,3,0.5,0.5,0,0,1,,,,
MNQ DEC25,10s,10,5405,2025-10-27 09:21:00,25823.75,25826,25823.75,25825.5,126,2.25,1.75,0.5,0,1,-4.45,-8.15,-10.56666667,-3.18
MNQ DEC25,20s,20,5702,2025-10-27 09:21:00,25821.75,25826,25821.75,25825.5,220,4.25,3.75,0.5,0,1,55.8,-24.3,-16.05,-11.26
MNQ DEC25,1s,1,75,2025-10-27 09:21:01,25825.75,25825.75,25825.25,25825.25,12,0.5,0.5,0,0,-1,,,,
MNQ DEC25,1s,1,76,2025-10-27 09:21:02,25825.5,25825.75,25825.5,25825.75,4,0.25,0.25,0,0,1,,,,
MNQ DEC25,1s,1,77,2025-10-27 09:21:03,25825.25,25825.25,25825,25825,6,0.25,0.25,0,0,-1,,,,
MNQ DEC25,1s,1,78,2025-10-27 09:21:04,25825,25825.5,25824.75,25825,14,0.75,0,0.5,0.25,0,,,,
MNQ DEC25,1s,1,79,2025-10-27 09:21:05,25825.25,25825.25,25824.75,25824.75,3,0.5,0.5,0,0,-1,,,,
MNQ DEC25,1s,1,80,2025-10-27 09:21:06,25824.75,25825.25,25824.75,25824.75,4,0.5,0,0.5,0,0,,,,
MNQ DEC25,1s,1,81,2025-10-27 09:21:07,25825.25,25825.25,25824.75,25824.75,10,0.5,0.5,0,0,-1,,,,
MNQ DEC25,1s,1,82,2025-10-27 09:21:09,25824.75,25825.5,25824.5,25825.5,15,1,0.75,0,0.25,1,,,,
MNQ DEC25,1s,1,83,2025-10-27 09:21:10,25825,25825,25824,25824.25,13,1,0.75,0,0.25,-1,,,,
MNQ DEC25,10s,10,5406,2025-10-27 09:21:10,25825.75,25825.75,25824,25824.25,81,1.75,1.5,0,0.25,-1,-17.15,-12.7,-16.38333333,-7.89
MNQ DEC25,1s,1,84,2025-10-27 09:21:11,25824.25,25824.25,25823.25,25823.5,21,1,0.75,0,0.25,-1,,,,
MNQ DEC25,1s,1,85,2025-10-27 09:21:12,25823.75,25823.75,25823.25,25823.5,5,0.5,0.25,0,0.25,-1,,,,
MNQ DEC25,1s,1,86,2025-10-27 09:21:13,25823.25,25823.75,25823,25823,11,0.75,0.25,0.5,0,-1,,,,
MNQ DEC25,1s,1,87,2025-10-27 09:21:14,25823,25823.25,25823,25823.25,4,0.25,0.25,0,0,1,,,,
MNQ DEC25,1s,1,88,2025-10-27 09:21:16,25822.75,25823.75,25822.75,25823.75,11,1,1,0,0,1,,,,
MNQ DEC25,1s,1,89,2025-10-27 09:21:17,25824,25824,25824,25824,4,0,0,0,0,0,,,,
MNQ DEC25,1s,1,90,2025-10-27 09:21:18,25824.25,25824.25,25822.75,25822.75,8,1.5,1.5,0,0,-1,,,,
MNQ DEC25,1s,1,91,2025-10-27 09:21:19,25823,25823.25,25822.75,25823,21,0.5,0,0.25,0.25,0,,,,
MNQ DEC25,1s,1,92,2025-10-27 09:21:20,25822.5,25823,25822.25,25823,9,0.75,0.5,0,0.25,1,,,,
MNQ DEC25,10s,10,5407,2025-10-27 09:21:20,25824.25,25824.25,25822.25,25823,94,2,1.25,0,0.75,-1,-24.35,-7.2,-9.35,-10.32
MNQ DEC25,20s,20,5703,2025-10-27 09:21:20,25825.75,25825.75,25822.25,25823,175,3.5,2.75,0,0.75,-1,57.5,1.7,-15.83333333,-10.53
MNQ DEC25,1s,1,93,2025-10-27 09:21:21,25822.25,25822.25,25822.25,25822.25,2,0,0,0,0,0,,,,
MNQ DEC25,1s,1,94,2025-10-27 09:21:22,25822.5,25823,25822.5,25823,2,0.5,0.5,0,0,1,,,,
MNQ DEC25,1s,1,95,2025-10-27 09:21:23,25822.5,25822.5,25822.5,25822.5,1,0,0,0,0,0,,,,
MNQ DEC25,1s,1,96,2025-10-27 09:21:24,25822.5,25822.75,25822.5,25822.75,2,0.25,0.25,0,0,1,,,,
MNQ DEC25,1s,1,97,2025-10-27 09:21:25,25823,25823,25823,25823,1,0,0,0,0,0,,,,
MNQ DEC25,1s,1,98,2025-10-27 09:21:26,25823,25823,25823,25823,1,0,0,0,0,0,,,,
MNQ DEC25,1s,1,99,2025-10-27 09:21:27,25822.75,25822.75,25822.75,25822.75,1,0,0,0,0,0,,,,
MNQ DEC25,1s,1,100,2025-10-27 09:21:28,25823,25823.25,25822,25822,19,1.25,1,0.25,0,-1,,,,
MNQ DEC25,1s,1,101,2025-10-27 09:21:29,25821.75,25822.25,25821.5,25822,5,0.75,0.25,0.25,0.25,1,,,,
MNQ DEC25,1s,1,102,2025-10-27 09:21:30,25821.5,25821.5,25820.25,25820.25,69,1.25,1.25,0,0,-1,,,,
MNQ DEC25,10s,10,5408,2025-10-27 09:21:30,25822.25,25823.25,25820.25,25820.25,103,3,2,1,0,-1,-19.9,4.45,-5.15,-10.38
MNQ DEC25,1s,1,103,2025-10-27 09:21:31,25820.75,25820.75,25820.25,25820.5,29,0.5,0.25,0,0.25,-1,,,,
MNQ DEC25,1s,1,104,2025-10-27 09:21:32,25820.5,25820.5,25820,25820.5,33,0.5,0,0,0.5,0,,,,
MNQ DEC25,1s,1,105,2025-10-27 09:21:33,25820.5,25820.75,25820,25820.25,18,0.75,0.25,0.25,0.25,-1,,,,
MNQ DEC25,1s,1,106,2025-10-27 09:21:34,25820.5,25820.5,25819.75,25820,30,0.75,0.5,0,0.25,-1,,,,
MNQ DEC25,1s,1,107,2025-10-27 09:21:35,25820.5,25820.75,25820.25,25820.75,15,0.5,0.25,0,0.25,1,,,,
MNQ DEC25,1s,1,108,2025-10-27 09:21:36,25820.75,25820.75,25820,25820.5,20,0.75,0.25,0,0.5,-1,,,,
MNQ DEC25,1s,1,109,2025-10-27 09:21:37,25820.25,25820.5,25820,25820.25,12,0.5,0,0.25,0.25,0,,,,
MNQ DEC25,1s,1,110,2025-10-27 09:21:38,25820,25820.25,25820,25820.25,18,0.25,0.25,0,0,1,,,,
MNQ DEC25,1s,1,111,2025-10-27 09:21:39,25820.75,25820.75,25820,25820,8,0.75,0.75,0,0,-1,,,,
MNQ DEC25,1s,1,112,2025-10-27 09:21:40,25820,25820.25,25819.75,25819.75,15,0.5,0.25,0.25,0,-1,,,,
MNQ DEC25,10s,10,5409,2025-10-27 09:21:40,25820.75,25820.75,25819.75,25819.75,198,1,1,0,0,-1,-5.75,14.15,3.8,-1.89
MNQ DEC25,20s,20,5704,2025-10-27 09:21:40,25822.25,25823.25,25819.75,25819.75,301,3.5,2.5,1,0,-1,48.3,-9.2,-10.6,-11.13
MNQ DEC25,1s,1,113,2025-10-27 09:21:41,25819.75,25820,25819.5,25819.75,24,0.5,0,0.25,0.25,0,,,,
MNQ DEC25,1s,1,114,2025-10-27 09:21:42,25820,25820,25819.5,25819.5,13,0.5,0.5,0,0,-1,,,,
MNQ DEC25,1s,1,115,2025-10-27 09:21:43,25819.25,25819.5,25819.25,25819.25,9,0.25,0,0.25,0,0,,,,
MNQ DEC25,1s,1,116,2025-10-27 09:21:44,25819.5,25820.75,25819.5,25820.75,21,1.25,1.25,0,0,1,,,,
MNQ DEC25,1s,1,117,2025-10-27 09:21:45,25820.75,25820.75,25820.25,25820.25,7,0.5,0.5,0,0,-1,,,,
MNQ DEC25,1s,1,118,2025-10-27 09:21:46,25820.5,25820.75,25820.25,25820.75,8,0.5,0.25,0,0.25,1,,,,
MNQ DEC25,1s,1,119,2025-10-27 09:21:47,25820.25,25820.25,25820,25820,15,0.25,0.25,0,0,-1,,,,
MNQ DEC25,1s,1,120,2025-10-27 09:21:48,25820.25,25820.25,25818.75,25819,31,1.5,1.25,0,0.25,-1,,,,
MNQ DEC25,1s,1,121,2025-10-27 09:21:49,25819,25819.5,25819,25819,7,0.5,0,0.5,0,0,,,,
MNQ DEC25,1s,1,122,2025-10-27 09:21:50,25819.5,25820,25818,25818.5,62,2,1,0.5,0.5,-1,,,,
MNQ DEC25,10s,10,5410,2025-10-27 09:21:50,25819.75,25820.75,25818,25818.5,197,2.75,1.25,1,0.5,-1,5.75,11.5,10.03333333,2.04
MNQ DEC25,1s,1,123,2025-10-27 09:21:51,25818,25818.5,25815.25,25818.25,212,3.25,0.25,0.25,2.75,1,,,,
MNQ DEC25,1s,1,124,2025-10-27 09:21:52,25818.25,25818.75,25818,25818,18,0.75,0.25,0.5,0,-1,,,,
MNQ DEC25,1s,1,125,2025-10-27 09:21:53,25818.5,25818.5,25818,25818,16,0.5,0.5,0,0,-1,,,,
MNQ DEC25,1s,1,126,2025-10-27 09:21:54,25818.75,25818.75,25818.75,25818.75,2,0,0,0,0,0,,,,
MNQ DEC25,1s,1,127,2025-10-27 09:21:55,25818.5,25818.5,25817.5,25818,15,1,0.5,0,0.5,-1,,,,
MNQ DEC25,1s,1,128,2025-10-27 09:21:56,25818.25,25818.25,25818,25818,6,0.25,0.25,0,0,-1,,,,
MNQ DEC25,1s,1,129,2025-10-27 09:21:57,25817.75,25818.25,25817.5,25818.25,25,0.75,0.5,0,0.25,1,,,,
MNQ DEC25,1s,1,130,2025-10-27 09:21:58,25818,25818,25817.5,25817.5,3,0.5,0.5,0,0,-1,,,,
MNQ DEC25,1s,1,131,2025-10-27 09:21:59,25817.5,25818.25,25817.5,25818.25,14,0.75,0.75,0,0,1,,,,
MNQ DEC25,1s,1,132,2025-10-27 09:22:00,25818.25,25818.5,25817.75,25818.25,18,0.75,0,0.25,0.5,0,,,,
MNQ DEC25,10s,10,5411,2025-10-27 09:22:00,25818,25818.75,25815.25,25818.25,329,3.5,0.25,0.5,2.75,1,43.35,37.6,21.08333333,12.1
MNQ DEC25,20s,20,5705,2025-10-27 09:22:00,25819.75,25820.75,25815.25,25818.25,526,5.5,1.5,1,3,-1,83.6,35.3,9.26666667,-4.28
MNQ DEC25,1s,1,133,2025-10-27 09:22:01,25818.25,25818.5,25817.25,25817.75,29,1.25,0.5,0.25,0.5,-1,,,,
MNQ DEC25,1s,1,134,2025-10-27 09:22:02,25817.25,25817.75,25817.25,25817.5,8,0.5,0.25,0.25,0,1,,,,
MNQ DEC25,1s,1,135,2025-10-27 09:22:03,25817.5,25817.75,25817,25817,9,0.75,0.5,0.25,0,-1,,,,
MNQ DEC25,1s,1,136,2025-10-27 09:22:04,25817.5,25817.5,25817,25817,5,0.5,0.5,0,0,-1,,,,
MNQ DEC25,1s,1,137,2025-10-27 09:22:05,25817,25817.5,25817,25817,10,0.5,0,0.5,0,0,,,,
MNQ DEC25,1s,1,138,2025-10-27 09:22:06,25817.5,25817.5,25817,25817.5,10,0.5,0,0,0.5,0,,,,
MNQ DEC25,1s,1,139,2025-10-27 09:22:07,25817.25,25817.75,25817,25817,9,0.75,0.25,0.5,0,-1,,,,
MNQ DEC25,1s,1,140,2025-10-27 09:22:08,25817,25817.5,25817,25817.5,9,0.5,0.5,0,0,1,,,,
MNQ DEC25,1s,1,141,2025-10-27 09:22:09,25816.75,25817.25,25816.5,25816.75,9,0.75,0,0.5,0.25,0,,,,
MNQ DEC25,1s,1,142,2025-10-27 09:22:10,25817.25,25817.25,25816.25,25816.25,14,1,1,0,0,-1,,,,
MNQ DEC25,10s,10,5412,2025-10-27 09:22:10,25818.25,25818.5,25816.25,25816.25,112,2.25,2,0.25,0,-1,46.75,3.4,17.5,14.22
MNQ DEC25,1s,1,143,2025-10-27 09:22:11,25816.25,25817.25,25816.25,25816.75,17,1,0.5,0.5,0,1,,,,
MNQ DEC25,1s,1,144,2025-10-27 09:22:12,25817,25817,25816.75,25816.75,6,0.25,0.25,0,0,-1,,,,
MNQ DEC25,1s,1,145,2025-10-27 09:22:13,25817.25,25817.5,25817.25,25817.25,10,0.25,0,0.25,0,0,,,,
MNQ DEC25,1s,1,146,2025-10-27 09:22:14,25817,25817.5,25817,25817.5,6,0.5,0.5,0,0,1,,,,
MNQ DEC25,1s,1,147,2025-10-27 09:22:15,25817.75,25817.75,25817.5,25817.5,7,0.25,0.25,0,0,-1,,,,
MNQ DEC25,1s,1,148,2025-10-27 09:22:16,25817.75,25817.75,25817,25817.25,4,0.75,0.5,0,0.25,-1,,,,
MNQ DEC25,1s,1,149,2025-10-27 09:22:17,25817,25817,25815.75,25815.75,28,1.25,1.25,0,0,-1,,,,
MNQ DEC25,1s,1,150,2025-10-27 09:22:18,25815.75,25816.5,25815.75,25816.5,12,0.75,0.75,0,0,1,,,,
MNQ DEC25,1s,1,151,2025-10-27 09:22:19,25815.75,25816.25,25815.25,25815.75,22,1,0,0.5,0.5,0,,,,
MNQ DEC25,1s,1,152,2025-10-27 09:22:20,25816,25816.5,25815.75,25815.75,11,0.75,0.25,0.5,0,-1,,,,
MNQ DEC25,10s,10,5413,2025-10-27 09:22:20,25816.25,25817.75,25815.25,25815.75,123,2.5,0.5,1.5,0.5,-1,55.8,9.05,16.68333333,15.14
MNQ DEC25,20s,20,5706,2025-10-27 09:22:20,25818.25,25818.5,25815.25,25815.75,235,3.25,2.5,0.25,0.5,-1,73.5,-10.1,5.33333333,-1.32
MNQ DEC25,1s,1,153,2025-10-27 09:22:21,25815.5,25815.5,25815.25,25815.5,4,0.25,0,0,0.25,0,,,,
MNQ DEC25,1s,1,154,2025-10-27 09:22:22,25815.5,25816,25815.5,25816,3,0.5,0.5,0,0,1,,,,
MNQ DEC25,1s,1,155,2025-10-27 09:22:23,25816,25817,25815.75,25816.75,21,1.25,0.75,0.25,0.25,1,,,,
MNQ DEC25,1s,1,156,2025-10-27 09:22:24,25817,25817.25,25816.5,25816.75,31,0.75,0.25,0.25,0.25,-1,,,,
MNQ DEC25,1s,1,157,2025-10-27 09:22:25,25816.75,25817.25,25816.75,25817.25,6,0.5,0.5,0,0,1,,,,
MNQ DEC25,1s,1,158,2025-10-27 09:22:26,25817.5,25817.75,25817,25817,28,0.75,0.5,0.25,0,-1,,,,
MNQ DEC25,1s,1,159,2025-10-27 09:22:27,25817.5,25818,25817.25,25817.25,20,0.75,0.25,0.5,0,-1,,,,
MNQ DEC25,1s,1,160,2025-10-27 09:22:28,25817.75,25817.75,25816.5,25816.5,10,1.25,1.25,0,0,-1,,,,
MNQ DEC25,1s,1,161,2025-10-27 09:22:29,25817,25817,25816.25,25816.25,6,0.75,0.75,0,0,-1,,,,
MNQ DEC25,1s,1,162,2025-10-27 09:22:30,25816.75,25816.75,25815.75,25815.75,6,1,1,0,0,-1,,,,
MNQ DEC25,10s,10,5414,2025-10-27 09:22:30,25815.5,25818,25815.25,25815.75,135,2.75,0.25,2.25,0.25,1,47.9,-7.9,1.51666667,10.73
MNQ DEC25,1s,1,163,2025-10-27 09:22:31,25816,25817.5,25816,25817.25,30,1.5,1.25,0.25,0,1,,,,
MNQ DEC25,1s,1,164,2025-10-27 09:22:32,25817.5,25817.75,25817,25817.75,10,0.75,0.25,0,0.5,1,,,,
MNQ DEC25,1s,1,165,2025-10-27 09:22:33,25818,25818,25818,25818,1,0,0,0,0,0,,,,
MNQ DEC25,1s,1,166,2025-10-27 09:22:34,25818,25819.75,25818,25819,57,1.75,1,0.75,0,1,,,,
MNQ DEC25,1s,1,167,2025-10-27 09:22:35,25819,25819.25,25818.75,25819.25,18,0.5,0.25,0,0.25,1,,,,
MNQ DEC25,1s,1,168,2025-10-27 09:22:36,25819,25819,25818,25818.75,22,1,0.25,0,0.75,-1,,,,
MNQ DEC25,1s,1,169,2025-10-27 09:22:37,25819.25,25819.25,25819,25819.25,5,0.25,0,0,0.25,0,,,,
MNQ DEC25,1s,1,170,2025-10-27 09:22:38,25819.25,25819.5,25819.25,25819.5,17,0.25,0.25,0,0,1,,,,
MNQ DEC25,1s,1,171,2025-10-27 09:22:39,25820,25821,25820,25821,43,1,1,0,0,1,,,,
MNQ DEC25,1s,1,172,2025-10-27 09:22:40,25820.5,25821.25,25820.5,25821.25,26,0.75,0.75,0,0,1,,,,
MNQ DEC25,10s,10,5415,2025-10-27 09:22:40,25816,25821.25,25816,25821.25,229,5.25,5.25,0,0,1,46.85,-1.05,0.03333333,8.22
MNQ DEC25,20s,20,5707,2025-10-27 09:22:40,25815.5,25821.25,25815.25,25821.25,364,6,5.75,0,0.25,1,92.9,19.4,14.86666667,7.42
MNQ DEC25,1s,1,173,2025-10-27 09:22:41,25821.25,25822,25820.75,25820.75,82,1.25,0.5,0.75,0,-1,,,,
MNQ DEC25,1s,1,174,2025-10-27 09:22:42,25821.25,25822,25821.25,25821.75,16,0.75,0.5,0.25,0,1,,,,
MNQ DEC25,1s,1,175,2025-10-27 09:22:43,25822,25822.75,25821.5,25822.5,34,1.25,0.5,0.25,0.5,1,,,,
MNQ DEC25,1s,1,176,2025-10-27 09:22:44,25822,25823.25,25822,25823.25,33,1.25,1.25,0,0,1,,,,
MNQ DEC25,1s,1,177,2025-10-27 09:22:45,25823.25,25824,25822.75,25823.25,61,1.25,0,0.75,0.5,0,,,,
MNQ DEC25,1s,1,178,2025-10-27 09:22:46,25823.75,25824,25823.5,25823.75,25,0.5,0,0.25,0.25,0,,,,
MNQ DEC25,1s,1,179,2025-10-27 09:22:47,25824.25,25824.25,25824,25824.25,11,0.25,0,0,0.25,0,,,,
MNQ DEC25,1s,1,180,2025-10-27 09:22:48,25824.25,25824.25,25823.25,25824,16,1,0.25,0,0.75,-1,,,,
MNQ DEC25,1s,1,181,2025-10-27 09:22:49,25824.25,25824.75,25823.5,25824,27,1.25,0.25,0.5,0.5,-1,,,,
MNQ DEC25,1s,1,182,2025-10-27 09:22:50,25823.5,25824,25823.5,25823.5,13,0.5,0,0.5,0,0,,,,
MNQ DEC25,10s,10,5416,2025-10-27 09:22:50,25821.25,25824.75,25820.75,25823.5,318,4,2.25,1.25,0.5,1,31.6,-15.25,-8.06666667,-2.35
MNQ DEC25,1s,1,183,2025-10-27 09:22:51,25823.75,25825.5,25822.75,25825.5,49,2.75,1.75,0,1,1,,,,
MNQ DEC25,1s,1,184,2025-10-27 09:22:52,25825.25,25827,25825.25,25826.25,63,1.75,1,0.75,0,1,,,,
MNQ DEC25,1s,1,185,2025-10-27 09:22:53,25826.25,25826.25,25825.5,25826,25,0.75,0.25,0,0.5,-1,,,,
MNQ DEC25,1s,1,186,2025-10-27 09:22:54,25826,25827,25825.5,25826.5,40,1.5,0.5,0.5,0.5,1,,,,
MNQ DEC25,1s,1,187,2025-10-27 09:22:55,25827,25827,25826,25826.25,31,1,0.75,0,0.25,-1,,,,
MNQ DEC25,1s,1,188,2025-10-27 09:22:56,25826.5,25826.75,25826.25,25826.5,18,0.5,0,0.25,0.25,0,,,,
MNQ DEC25,1s,1,189,2025-10-27 09:22:57,25826,25826.75,25825.25,25826.25,49,1.5,0.25,0.5,0.75,1,,,,
MNQ DEC25,1s,1,190,2025-10-27 09:22:58,25826.75,25826.75,25826,25826.75,8,0.75,0,0,0.75,0,,,,
MNQ DEC25,1s,1,191,2025-10-27 09:22:59,25826.5,25826.75,25826.25,25826.75,13,0.5,0.25,0,0.25,1,,,,
MNQ DEC25,1s,1,192,2025-10-27 09:23:00,25826.5,25827.25,25826.5,25827.25,30,0.75,0.75,0,0,1,,,,
MNQ DEC25,10s,10,5417,2025-10-27 09:23:00,25823.75,25827.25,25822.75,25827.25,326,4.5,3.5,0,1,1,62.3,30.7,4.8,3.11
MNQ DEC25,20s,20,5708,2025-10-27 09:23:00,25821.25,25827.25,25820.75,25827.25,644,6.5,6,0,0.5,1,159.8,66.9,25.4,20.46
MNQ DEC25,1s,1,193,2025-10-27 09:23:01,25827,25828.75,25827,25828.75,87,1.75,1.75,0,0,1,,,,
MNQ DEC25,1s,1,194,2025-10-27 09:23:02,25828,25828.5,25827.25,25828.5,35,1.25,0.5,0,0.75,1,,,,
MNQ DEC25,1s,1,195,2025-10-27 09:23:03,25827.75,25828.5,25827.5,25828,33,1,0.25,0.5,0.25,1,,,,
MNQ DEC25,1s,1,196,2025-10-27 09:23:04,25827.75,25827.75,25827.25,25827.75,6,0.5,0,0,0.5,0,,,,
MNQ DEC25,1s,1,197,2025-10-27 09:23:05,25827.25,25828.25,25827.25,25828,12,1,0.75,0.25,0,1,,,,
MNQ DEC25,1s,1,198,2025-10-27 09:23:06,25828.25,25828.5,25828,25828.5,13,0.5,0.25,0,0.25,1,,,,
MNQ DEC25,1s,1,199,2025-10-27 09:23:07,25828.5,25828.5,25828,25828.5,11,0.5,0,0,0.5,0,,,,
MNQ DEC25,1s,1,200,2025-10-27 09:23:08,25828.25,25829.25,25828.25,25828.5,32,1,0.25,0.75,0,1,,,,
MNQ DEC25,1s,1,201,2025-10-27 09:23:09,25828.75,25829,25827.5,25828,35,1.5,0.75,0.25,0.5,-1,,,,
MNQ DEC25,1s,1,202,2025-10-27 09:23:10,25828.5,25829,25828,25828.75,18,1,0.25,0.25,0.5,1,,,,
MNQ DEC25,10s,10,5418,2025-10-27 09:23:10,25827,25829.25,25827,25828.75,282,2.25,1.75,0.5,0,1,83.55,21.25,12.23333333,5.55
MNQ DEC25,1s,1,203,2025-10-27 09:23:11,25829.25,25829.25,25828.5,25828.75,15,0.75,0.5,0,0.25,-1,,,,
MNQ DEC25,1s,1,204,2025-10-27 09:23:12,25829,25829.25,25828.5,25829,18,0.75,0,0.25,0.5,0,,,,
MNQ DEC25,1s,1,205,2025-10-27 09:23:13,25828.75,25829.25,25828.5,25829,10,0.75,0.25,0.25,0.25,1,,,,
MNQ DEC25,1s,1,206,2025-10-27 09:23:14,25829,25829.25,25828.75,25829,9,0.5,0,0.25,0.25,0,,,,
MNQ DEC25,1s,1,207,2025-10-27 09:23:15,25828.75,25829,25828.5,25828.5,24,0.5,0.25,0.25,0,-1,,,,
MNQ DEC25,1s,1,208,2025-10-27 09:23:16,25828.5,25828.5,25828.5,25828.5,2,0,0,0,0,0,,,,
MNQ DEC25,1s,1,209,2025-10-27 09:23:17,25828.75,25829,25828.5,25828.5,10,0.5,0.25,0.25,0,-1,,,,
MNQ DEC25,1s,1,210,2025-10-27 09:23:18,25828.25,25828.5,25828,25828.5,11,0.5,0.25,0,0.25,1,,,,
MNQ DEC25,1s,1,211,2025-10-27 09:23:19,25828.5,25828.5,25827.75,25827.75,17,0.75,0.75,0,0,-1,,,,
MNQ DEC25,1s,1,212,2025-10-27 09:23:20,25828.25,25828.25,25828.25,25828.25,1,0,0,0,0,0,,,,
MNQ DEC25,10s,10,5419,2025-10-27 09:23:20,25829.25,25829.25,25827.75,25828.25,117,1.5,1,0,0.5,-1,85.2,1.65,17.86666667,7.46
MNQ DEC25,20s,20,5709,2025-10-27 09:23:20,25827,25829.25,25827,25828.25,399,2.25,1.25,1,0,1,164.2,4.4,30.23333333,23.18
MNQ DEC25,1s,1,213,2025-10-27 09:23:21,25828,25828.75,25828,25828.5,20,0.75,0.5,0.25,0,1,,,,
MNQ DEC25,1s,1,214,2025-10-27 09:23:22,25828.25,25828.25,25828,25828,4,0.25,0.25,0,0,-1,,,,
MNQ DEC25,1s,1,215,2025-10-27 09:23:23,25828,25828,25828,25828,1,0,0,0,0,0,,,,
MNQ DEC25,1s,1,216,2025-10-27 09:23:24,25828.5,25828.75,25827.75,25828.75,21,1,0.25,0,0.75,1,,,,
MNQ DEC25,1s,1,217,2025-10-27 09:23:25,25828.75,25829,25828.75,25829,6,0.25,0.25,0,0,1,,,,
MNQ DEC25,1s,1,218,2025-10-27 09:23:26,25829.25,25829.5,25828,25828,16,1.5,1.25,0.25,0,-1,,,,
MNQ DEC25,1s,1,219,2025-10-27 09:23:27,25828.25,25828.5,25828.25,25828.5,5,0.25,0.25,0,0,1,,,,
MNQ DEC25,1s,1,220,2025-10-27 09:23:28,25828,25828,25827.75,25828,7,0.25,0,0,0.25,0,,,,
MNQ DEC25,1s,1,221,2025-10-27 09:23:29,25828,25828,25827.75,25827.75,5,0.25,0.25,0,0,-1,,,,
MNQ DEC25,1s,1,222,2025-10-27 09:23:30,25827.75,25827.75,25827.75,25827.75,3,0,0,0,0,0,,,,
MNQ DEC25,10s,10,5420,2025-10-27 09:23:30,25828,25829.5,25827.75,25827.75,88,1.75,0.25,1.5,0,-1,59.6,-25.6,-0.9,2.55
MNQ DEC25,1s,1,223,2025-10-27 09:23:31,25828.25,25828.5,25828,25828.25,4,0.5,0,0.25,0.25,0,,,,
MNQ DEC25,1s,1,224,2025-10-27 09:23:32,25827.75,25827.75,25827.25,25827.25,7,0.5,0.5,0,0,-1,,,,
MNQ DEC25,1s,1,225,2025-10-27 09:23:33,25828,25828,25827,25827,17,1,1,0,0,-1,,,,
MNQ DEC25,1s,1,226,2025-10-27 09:23:34,25827,25827,25825.25,25825.5,95,1.75,1.5,0,0.25,-1,,,,
MNQ DEC25,1s,1,227,2025-10-27 09:23:35,25825.5,25826,25825,25825.5,25,1,0,0.5,0.5,0,,,,
MNQ DEC25,1s,1,228,2025-10-27 09:23:36,25825.75,25825.75,25825.75,25825.75,6,0,0,0,0,0,,,,
MNQ DEC25,1s,1,229,2025-10-27 09:23:37,25825.25,25825.75,25825.25,25825.75,5,0.5,0.5,0,0,1,,,,
MNQ DEC25,1s,1,230,2025-10-27 09:23:38,25825.25,25826.25,25825.25,25826,15,1,0.75,0.25,0,1,,,,
MNQ DEC25,1s,1,231,2025-10-27 09:23:39,25826,25826.25,25826,25826.25,4,0.25,0.25,0,0,1,,,,
MNQ DEC25,1s,1,232,2025-10-27 09:23:40,25826.25,25826.25,25826.25,25826.25,3,0,0,0,0,0,,,,
MNQ DEC25,10s,10,5421,2025-10-27 09:23:40,25828.25,25828.5,25825,25826.25,181,3.5,2,0.25,1.25,-1,29.7,-29.9,-17.95,-0.38
MNQ DEC25,20s,20,5710,2025-10-27 09:23:40,25828,25829.5,25825,25826.25,269,4.5,1.75,1.5,1.25,-1,105.8,-58.4,4.3,4.44
MNQ DEC25,1s,1,233,2025-10-27 09:23:41,25826,25827,25826,25826.5,18,1,0.5,0.5,0,1,,,,
MNQ DEC25,1s,1,234,2025-10-27 09:23:42,25826.75,25826.75,25826.25,25826.25,4,0.5,0.5,0,0,-1,,,,
MNQ DEC25,1s,1,235,2025-10-27 09:23:43,25827,25827.5,25827,25827,4,0.5,0,0.5,0,0,,,,
MNQ DEC25,1s,1,236,2025-10-27 09:23:44,25827.25,25828,25826.75,25827.75,12,1.25,0.5,0.25,0.5,1,,,,
MNQ DEC25,1s,1,237,2025-10-27 09:23:45,25827.25,25828,25827,25828,10,1,0.75,0,0.25,1,,,,
MNQ DEC25,1s,1,238,2025-10-27 09:23:46,25828,25828.25,25828,25828.25,5,0.25,0.25,0,0,1,,,,
MNQ DEC25,1s,1,239,2025-10-27 09:23:47,25828,25828.75,25828,25828.75,6,0.75,0.75,0,0,1,,,,
MNQ DEC25,1s,1,240,2025-10-27 09:23:48,25828.75,25828.75,25828,25828,17,0.75,0.75,0,0,-1,,,,
MNQ DEC25,1s,1,241,2025-10-27 09:23:49,25828.5,25828.5,25828.5,25828.5,8,0,0,0,0,0,,,,
MNQ DEC25,1s,1,242,2025-10-27 09:23:50,25828,25828,25827.5,25827.5,23,0.5,0.5,0,0,-1,,,,
MNQ DEC25,10s,10,5422,2025-10-27 09:23:50,25826,25828.75,25826,25827.5,107,2.75,1.5,1.25,0,1,-12.65,-42.35,-32.61666667,-14.99
MNQ DEC25,1s,1,243,2025-10-27 09:23:51,25827.25,25827.25,25826.5,25826.5,7,0.75,0.75,0,0,-1,,,,
MNQ DEC25,1s,1,244,2025-10-27 09:23:52,25827,25827.25,25827,25827.25,2,0.25,0.25,0,0,1,,,,
MNQ DEC25,1s,1,245,2025-10-27 09:23:53,25827.25,25827.75,25827.25,25827.75,7,0.5,0.5,0,0,1,,,,
MNQ DEC25,1s,1,246,2025-10-27 09:23:55,25827.75,25827.75,25827.75,25827.75,1,0,0,0,0,0,,,,
MNQ DEC25,1s,1,247,2025-10-27 09:23:56,25827.5,25827.5,25827.25,25827.5,5,0.25,0,0,0.25,0,,,,
MNQ DEC25,1s,1,248,2025-10-27 09:23:57,25827.25,25827.75,25827.25,25827.75,15,0.5,0.5,0,0,1,,,,
MNQ DEC25,1s,1,249,2025-10-27 09:23:58,25827.25,25827.25,25827.25,25827.25,9,0,0,0,0,0,,,,
MNQ DEC25,1s,1,250,2025-10-27 09:23:59,25827.75,25827.75,25827.75,25827.75,3,0,0,0,0,0,,,,
MNQ DEC25,1s,1,251,2025-10-27 09:24:00,25827.75,25828,25827,25827.5,14,1,0.25,0.25,0.5,-1,,,,
MNQ DEC25,10s,10,5423,2025-10-27 09:24:00,25827.25,25828,25826.5,25827.5,63,1.5,0.25,0.5,0.75,1,-53.95,-41.3,-37.85,-27.5
MNQ DEC25,20s,20,5711,2025-10-27 09:24:00,25826,25828.75,25826,25827.5,170,2.75,1.5,1.25,0,1,87.65,-18.15,-24.05,2.83
MNQ DEC25,1s,1,252,2025-10-27 09:24:03,25827.75,25828.5,25827.25,25827.75,29,1.25,0,0.75,0.5,0,,,,
MNQ DEC25,1s,1,253,2025-10-27 09:24:04,25827,25827.5,25827,25827.5,2,0.5,0.5,0,0,1,,,,
MNQ DEC25,1s,1,254,2025-10-27 09:24:05,25827.25,25827.25,25827.25,25827.25,1,0,0,0,0,0,,,,
MNQ DEC25,1s,1,255,2025-10-27 09:24:06,25827.25,25827.25,25827.25,25827.25,2,0,0,0,0,0,,,,
MNQ DEC25,1s,1,256,2025-10-27 09:24:07,25827.75,25827.75,25827.75,25827.75,1,0,0,0,0,0,,,,
MNQ DEC25,1s,1,257,2025-10-27 09:24:08,25827,25827,25827,25827,2,0,0,0,0,0,,,,
MNQ DEC25,1s,1,258,2025-10-27 09:24:09,25827.25,25827.25,25826.75,25826.75,3,0.5,0.5,0,0,-1,,,,
MNQ DEC25,1s,1,259,2025-10-27 09:24:10,25826.75,25827.25,25826.5,25827.25,12,0.75,0.5,0,0.25,1,,,,
MNQ DEC25,10s,10,5424,2025-10-27 09:24:10,25827.75,25828.5,25826.5,25827.25,52,2,0.5,0.75,0.75,-1,-64.85,-10.9,-31.51666667,-30.01
MNQ DEC25,1s,1,260,2025-10-27 09:24:11,25826.75,25827,25826.5,25826.75,6,0.5,0,0.25,0.25,0,,,,
MNQ DEC25,1s,1,261,2025-10-27 09:24:12,25826.5,25826.5,25826.5,25826.5,5,0,0,0,0,0,,,,
MNQ DEC25,1s,1,262,2025-10-27 09:24:13,25826.25,25826.25,25825.5,25825.75,7,0.75,0.5,0,0.25,-1,,,,
MNQ DEC25,1s,1,263,2025-10-27 09:24:14,25825.25,25825.25,25824.5,25824.5,22,0.75,0.75,0,0,-1,,,,
MNQ DEC25,1s,1,264,2025-10-27 09:24:15,25824.75,25825.25,25824.75,25825.25,30,0.5,0.5,0,0,1,,,,
MNQ DEC25,1s,1,265,2025-10-27 09:24:16,25825.5,25825.5,25825,25825.25,20,0.5,0.25,0,0.25,-1,,,,
MNQ DEC25,1s,1,266,2025-10-27 09:24:17,25825.75,25826.75,25825.75,25826.75,18,1,1,0,0,1,,,,
MNQ DEC25,1s,1,267,2025-10-27 09:24:18,25826.5,25827.25,25826.5,25827.25,6,0.75,0.75,0,0,1,,,,
MNQ DEC25,1s,1,268,2025-10-27 09:24:19,25826.75,25827,25826.75,25827,3,0.25,0.25,0,0,1,,,,
MNQ DEC25,1s,1,269,2025-10-27 09:24:20,25826.75,25827.25,25826.75,25826.75,3,0.5,0,0.5,0,0,,,,
MNQ DEC25,10s,10,5425,2025-10-27 09:24:20,25826.75,25827.25,25824.5,25826.75,120,2.75,0,0.5,2.25,0,-58.15,6.7,-15.16666667,-23.55
MNQ DEC25,20s,20,5712,2025-10-27 09:24:20,25827.75,25828.5,25824.5,25826.75,172,4,1,0.75,2.25,-1,43.6,-44.05,-40.2,-9.86
MNQ DEC25,1s,1,270,2025-10-27 09:24:21,25827,25827,25826.5,25826.75,12,0.5,0.25,0,0.25,-1,,,,
MNQ DEC25,1s,1,271,2025-10-27 09:24:22,25826.5,25826.75,25826.5,25826.75,4,0.25,0.25,0,0,1,,,,
MNQ DEC25,1s,1,272,2025-10-27 09:24:24,25826.5,25826.5,25826.25,25826.25,9,0.25,0.25,0,0,-1,,,,
MNQ DEC25,1s,1,273,2025-10-27 09:24:26,25825.75,25826.25,25825.75,25826.25,11,0.5,0.5,0,0,1,,,,
MNQ DEC25,1s,1,274,2025-10-27 09:24:27,25826.75,25827,25826.75,25827,6,0.25,0.25,0,0,1,,,,
MNQ DEC25,1s,1,275,2025-10-27 09:24:28,25827.25,25827.25,25826.75,25826.75,8,0.5,0.5,0,0,-1,,,,
MNQ DEC25,1s,1,276,2025-10-27 09:24:30,25826.5,25826.5,25826.5,25826.5,1,0,0,0,0,0,,,,
MNQ DEC25,10s,10,5426,2025-10-27 09:24:30,25827,25827.25,25825.75,25826.5,51,1.5,0.5,0.25,0.75,-1,-82.65,-24.5,-9.56666667,-22.47
MNQ DEC25,1s,1,277,2025-10-27 09:24:31,25826.25,25826.25,25826,25826,8,0.25,0.25,0,0,-1,,,,
MNQ DEC25,1s,1,278,2025-10-27 09:24:32,25826.25,25826.25,25826.25,25826.25,1,0,0,0,0,0,,,,
MNQ DEC25,1s,1,279,2025-10-27 09:24:35,25826.75,25827,25826.75,25827,4,0.25,0.25,0,0,1,,,,
MNQ DEC25,1s,1,280,2025-10-27 09:24:38,25826.5,25826.5,25826.5,25826.5,1,0,0,0,0,0,,,,
MNQ DEC25,1s,1,281,2025-10-27 09:24:39,25827,25827,25827,25827,1,0,0,0,0,0,,,,
MNQ DEC25,1s,1,282,2025-10-27 09:24:40,25827,25827,25827,25827,2,0,0,0,0,0,,,,
MNQ DEC25,10s,10,5427,2025-10-27 09:24:40,25826.25,25827,25826,25827,17,1,0.75,0,0.25,1,-96.8,-14.15,-10.65,-16.83
MNQ DEC25,20s,20,5713,2025-10-27 09:24:40,25827,25827.25,25825.75,25827,68,1.5,0,0.25,1.25,0,-67.75,-111.35,-57.85,-45.51
MNQ DEC25,1s,1,283,2025-10-27 09:24:41,25827,25827.25,25827,25827.25,3,0.25,0.25,0,0,1,,,,
MNQ DEC25,1s,1,284,2025-10-27 09:24:42,25827.25,25827.75,25826.75,25827.75,8,1,0.5,0,0.5,1,,,,
MNQ DEC25,1s,1,285,2025-10-27 09:24:43,25827.5,25827.75,25827.25,25827.25,8,0.5,0.25,0.25,0,-1,,,,
MNQ DEC25,1s,1,286,2025-10-27 09:24:44,25827,25827,25826,25826,8,1,1,0,0,-1,,,,
MNQ DEC25,1s,1,287,2025-10-27 09:24:45,25826.25,25826.25,25826.25,25826.25,1,0,0,0,0,0,,,,
MNQ DEC25,1s,1,288,2025-10-27 09:24:46,25827.25,25827.5,25827.25,25827.25,5,0.25,0,0.25,0,0,,,,
MNQ DEC25,1s,1,289,2025-10-27 09:24:47,25827.25,25827.25,25827.25,25827.25,1,0,0,0,0,0,,,,
MNQ DEC25,1s,1,290,2025-10-27 09:24:48,25826.25,25826.25,25825.75,25825.75,9,0.5,0.5,0,0,-1,,,,
MNQ DEC25,1s,1,291,2025-10-27 09:24:49,25825.75,25826.5,25825.75,25826.5,4,0.75,0.75,0,0,1,,,,
MNQ DEC25,1s,1,292,2025-10-27 09:24:50,25826,25826.5,25826,25826.25,4,0.5,0.25,0.25,0,1,,,,
MNQ DEC25,10s,10,5428,2025-10-27 09:24:50,25827,25827.75,25825.75,25826.25,51,2,0.75,0.75,0.5,-1,-96.6,0.2,-12.81666667,-8.53
MNQ DEC25,1s,1,293,2025-10-27 09:24:51,25826.75,25827.25,25826.5,25826.5,9,0.75,0.25,0.5,0,-1,,,,
MNQ DEC25,1s,1,294,2025-10-27 09:24:52,25827.25,25827.75,25827.25,25827.25,5,0.5,0,0.5,0,0,,,,
MNQ DEC25,1s,1,295,2025-10-27 09:24:53,25827.75,25828.25,25827.75,25828.25,9,0.5,0.5,0,0,1,,,,
MNQ DEC25,1s,1,296,2025-10-27 09:24:54,25827.25,25827.25,25827.25,25827.25,1,0,0,0,0,0,,,,
MNQ DEC25,1s,1,297,2025-10-27 09:24:55,25827.25,25827.5,25827.25,25827.5,8,0.25,0.25,0,0,1,,,,
MNQ DEC25,1s,1,298,2025-10-27 09:24:56,25827.5,25827.75,25827.5,25827.75,2,0.25,0.25,0,0,1,,,,
MNQ DEC25,1s,1,299,2025-10-27 09:24:59,25828.25,25828.25,25828.25,25828.25,1,0,0,0,0,0,,,,
MNQ DEC25,1s,1,300,2025-10-27 09:25:00,25828.25,25828.5,25827.25,25827.25,25,1.25,1,0.25,0,-1,,,,
MNQ DEC25,10s,10,5429,2025-10-27 09:25:00,25826.75,25828.5,25826.5,25827.25,60,2,0.5,1.25,0.25,1,-88.1,8.5,-1.81666667,-4.65
MNQ DEC25,20s,20,5714,2025-10-27 09:25:00,25827,25828.5,25825.75,25827.25,111,2.75,0.25,1.25,1.25,1,-116.05,-48.3,-67.9,-56.05
MNQ DEC25,1s,1,301,2025-10-27 09:25:01,25827.5,25830.75,25824.25,25825.25,310,6.5,2.25,3.25,1,-1,,,,
MNQ DEC25,1s,1,302,2025-10-27 09:25:02,25824.25,25826.5,25824,25826,31,2.5,1.75,0.5,0.25,1,,,,
MNQ DEC25,1s,1,303,2025-10-27 09:25:03,25826,25826.75,25825.75,25826.25,17,1,0.25,0.5,0.25,1,,,,
MNQ DEC25,1s,1,304,2025-10-27 09:25:04,25826.5,25828,25826.5,25826.75,34,1.5,0.25,1.25,0,1,,,,
MNQ DEC25,1s,1,305,2025-10-27 09:25:05,25825.25,25825.75,25825,25825.25,26,0.75,0,0.5,0.25,0,,,,
MNQ DEC25,1s,1,306,2025-10-27 09:25:06,25825.75,25826,25824.5,25824.5,29,1.5,1.25,0.25,0,-1,,,,
MNQ DEC25,1s,1,307,2025-10-27 09:25:07,25825.25,25825.25,25824.5,25825,15,0.75,0.25,0,0.5,-1,,,,
MNQ DEC25,1s,1,308,2025-10-27 09:25:08,25825,25826.25,25825,25826.25,4,1.25,1.25,0,0,1,,,,
MNQ DEC25,1s,1,309,2025-10-27 09:25:09,25826.25,25826.5,25826,25826.25,9,0.5,0,0.25,0.25,0,,,,
MNQ DEC25,1s,1,310,2025-10-27 09:25:10,25826.25,25827.25,25826.25,25827,8,1,0.75,0.25,0,1,,,,
MNQ DEC25,10s,10,5430,2025-10-27 09:25:10,25827.5,25830.75,25824,25827,483,6.75,0.5,3.25,3,-1,-29.8,58.3,22.33333333,5.67
MNQ DEC25,1s,1,311,2025-10-27 09:25:11,25827.25,25827.25,25826.75,25826.75,7,0.5,0.5,0,0,-1,,,,
MNQ DEC25,1s,1,312,2025-10-27 09:25:12,25826.5,25828.5,25826.5,25828.5,22,2,2,0,0,1,,,,
MNQ DEC25,1s,1,313,2025-10-27 09:25:13,25828.25,25828.25,25828,25828.25,9,0.25,0,0,0.25,0,,,,
MNQ DEC25,1s,1,314,2025-10-27 09:25:14,25827.5,25827.75,25827,25827.5,11,0.75,0,0.25,0.5,0,,,,
MNQ DEC25,1s,1,315,2025-10-27 09:25:15,25827.75,25828.5,25827.75,25828.5,18,0.75,0.75,0,0,1,,,,
MNQ DEC25,1s,1,316,2025-10-27 09:25:16,25828.25,25829,25828.25,25829,11,0.75,0.75,0,0,1,,,,
MNQ DEC25,1s,1,317,2025-10-27 09:25:17,25829,25829.75,25828.75,25829.75,14,1,0.75,0,0.25,1,,,,
MNQ DEC25,1s,1,318,2025-10-27 09:25:18,25830,25830.5,25829.75,25830,30,0.75,0,0.5,0.25,0,,,,
MNQ DEC25,1s,1,319,2025-10-27 09:25:19,25829.75,25831,25829.75,25830.25,34,1.25,0.5,0.75,0,1,,,,
MNQ DEC25,1s,1,320,2025-10-27 09:25:20,25830.5,25830.75,25830,25830,15,0.75,0.5,0.25,0,-1,,,,
MNQ DEC25,10s,10,5431,2025-10-27 09:25:20,25827.25,25831,25826.5,25830,171,4.5,2.75,1,0.75,1,2.1,31.9,32.9,16.95
MNQ DEC25,20s,20,5715,2025-10-27 09:25:20,25827.5,25831,25824,25830,654,7,2.5,1,3.5,1,-60.15,55.9,-34.58333333,-33.19
MNQ DEC25,1s,1,321,2025-10-27 09:25:21,25831,25831,25829.75,25830.75,38,1.25,0.25,0,1,-1,,,,
MNQ DEC25,1s,1,322,2025-10-27 09:25:22,25830.75,25831.5,25830.25,25830.5,42,1.25,0.25,0.75,0.25,-1,,,,
MNQ DEC25,1s,1,323,2025-10-27 09:25:23,25831,25831,25831,25831,6,0,0,0,0,0,,,,
MNQ DEC25,1s,1,324,2025-10-27 09:25:24,25831,25831,25830.75,25830.75,6,0.25,0.25,0,0,-1,,,,
MNQ DEC25,1s,1,325,2025-10-27 09:25:25,25831,25831.5,25830.75,25831.5,10,0.75,0.5,0,0.25,1,,,,
MNQ DEC25,1s,1,326,2025-10-27 09:25:26,25831.75,25832,25831.75,25832,32,0.25,0.25,0,0,1,,,,
MNQ DEC25,1s,1,327,2025-10-27 09:25:27,25831.75,25832.75,25831.75,25832.5,61,1,0.75,0.25,0,1,,,,
MNQ DEC25,1s,1,328,2025-10-27 09:25:28,25832.25,25832.75,25832,25832.75,13,0.75,0.5,0,0.25,1,,,,
MNQ DEC25,1s,1,329,2025-10-27 09:25:29,25832.75,25833.25,25832.5,25833.25,23,0.75,0.5,0,0.25,1,,,,
MNQ DEC25,1s,1,330,2025-10-27 09:25:30,25833.5,25834.25,25833.5,25833.75,46,0.75,0.25,0.5,0,1,,,,
MNQ DEC25,10s,10,5432,2025-10-27 09:25:30,25831,25834.25,25829.75,25833.75,277,4.5,2.75,0.5,1.25,1,45.85,43.75,44.65,28.53
MNQ DEC25,1s,1,331,2025-10-27 09:25:31,25834,25834.75,25833.5,25834.5,44,1.25,0.5,0.25,0.5,1,,,,
MNQ DEC25,1s,1,332,2025-10-27 09:25:32,25834.75,25834.75,25834.5,25834.5,12,0.25,0.25,0,0,-1,,,,
MNQ DEC25,1s,1,333,2025-10-27 09:25:33,25834.75,25835,25833.25,25833.5,49,1.75,1.25,0.25,0.25,-1,,,,
MNQ DEC25,1s,1,334,2025-10-27 09:25:34,25833.25,25834.25,25833.25,25833.5,25,1,0.25,0.75,0,1,,,,
MNQ DEC25,1s,1,335,2025-10-27 09:25:35,25834,25837,25834,25835.25,204,3,1.25,1.75,0,1,,,,
MNQ DEC25,1s,1,336,2025-10-27 09:25:36,25836.25,25836.25,25835.25,25835.25,19,1,1,0,0,-1,,,,
MNQ DEC25,1s,1,337,2025-10-27 09:25:37,25835,25835.25,25834.5,25835,31,0.75,0,0.25,0.5,0,,,,
MNQ DEC25,1s,1,338,2025-10-27 09:25:38,25834.5,25835,25834,25835,27,1,0.5,0,0.5,1,,,,
MNQ DEC25,1s,1,339,2025-10-27 09:25:39,25835,25835.25,25832.75,25833,56,2.5,2,0.25,0.25,-1,,,,
MNQ DEC25,1s,1,340,2025-10-27 09:25:40,25832.75,25832.75,25832,25832,29,0.75,0.75,0,0,-1,,,,
MNQ DEC25,10s,10,5433,2025-10-27 09:25:40,25834,25837,25832,25832,496,5,2,3,0,-1,116.2,70.35,48.66666667,42.56
MNQ DEC25,20s,20,5716,2025-10-27 09:25:40,25831,25837,25829.75,25832,773,7.25,1,5,1.25,1,38.4,98.55,35.38333333,-9.85
MNQ DEC25,1s,1,341,2025-10-27 09:25:41,25832,25832.5,25831.75,25832,20,0.75,0,0.5,0.25,0,,,,
MNQ DEC25,1s,1,342,2025-10-27 09:25:42,25832,25833.25,25831.75,25831.75,18,1.5,0.25,1.25,0,-1,,,,
MNQ DEC25,1s,1,343,2025-10-27 09:25:43,25831.5,25831.75,25829.5,25830.75,86,2.25,0.75,0.25,1.25,-1,,,,
MNQ DEC25,1s,1,344,2025-10-27 09:25:44,25831,25831.5,25830.75,25831.5,10,0.75,0.5,0,0.25,1,,,,
MNQ DEC25,1s,1,345,2025-10-27 09:25:45,25831.5,25831.75,25831.5,25831.5,9,0.25,0,0.25,0,0,,,,
MNQ DEC25,1s,1,346,2025-10-27 09:25:46,25831.75,25831.75,25831.25,25831.75,6,0.5,0,0,0.5,0,,,,
MNQ DEC25,1s,1,347,2025-10-27 09:25:47,25831.5,25832.75,25831.25,25832.75,12,1.5,1.25,0,0.25,1,,,,
MNQ DEC25,1s,1,348,2025-10-27 09:25:48,25832.75,25833,25832.5,25833,18,0.5,0.25,0,0.25,1,,,,
MNQ DEC25,1s,1,349,2025-10-27 09:25:49,25832.25,25833,25832.25,25832.25,12,0.75,0,0.75,0,0,,,,
MNQ DEC25,1s,1,350,2025-10-27 09:25:50,25833,25833.25,25832.5,25833.25,6,0.75,0.25,0,0.5,1,,,,
MNQ DEC25,10s,10,5434,2025-10-27 09:25:50,25832,25833.25,25829.5,25833.25,197,3.75,1.25,0,2.5,1,140.5,24.3,46.13333333,45.72
MNQ DEC25,1s,1,351,2025-10-27 09:25:51,25833.25,25834.25,25833,25834.25,19,1.25,1,0,0.25,1,,,,
MNQ DEC25,1s,1,352,2025-10-27 09:25:52,25834,25834.25,25833.5,25833.5,11,0.75,0.5,0.25,0,-1,,,,
MNQ DEC25,1s,1,353,2025-10-27 09:25:53,25833.5,25834.25,25833.5,25834.25,9,0.75,0.75,0,0,1,,,,
MNQ DEC25,1s,1,354,2025-10-27 09:25:54,25834,25834,25833.5,25833.5,5,0.5,0.5,0,0,-1,,,,
MNQ DEC25,1s,1,355,2025-10-27 09:25:55,25834,25834,25834,25834,3,0,0,0,0,0,,,,
MNQ DEC25,1s,1,356,2025-10-27 09:25:56,25833.5,25833.75,25833.5,25833.5,6,0.25,0,0.25,0,0,,,,
MNQ DEC25,1s,1,357,2025-10-27 09:25:57,25833.25,25833.75,25833,25833.5,15,0.75,0.25,0.25,0.25,1,,,,
MNQ DEC25,1s,1,358,2025-10-27 09:25:58,25833.5,25834,25833.5,25834,7,0.5,0.5,0,0,1,,,,
MNQ DEC25,1s,1,359,2025-10-27 09:25:59,25834,25834,25834,25834,1,0,0,0,0,0,,,,
MNQ DEC25,1s,1,360,2025-10-27 09:26:00,25834.25,25835,25834.25,25835,11,0.75,0.75,0,0,1,,,,
MNQ DEC25,10s,10,5435,2025-10-27 09:26:00,25833.25,25835,25833,25835,87,2,1.75,0,0.25,1,68.4,-72.1,7.51666667,19.64
MNQ DEC25,20s,20,5717,2025-10-27 09:26:00,25832,25835,25829.5,25835,284,5.5,3,0,2.5,1,62.05,23.65,59.36666667,3.69
MNQ DEC25,1s,1,361,2025-10-27 09:26:01,25834.25,25835,25834.25,25834.5,23,0.75,0.25,0.5,0,1,,,,
MNQ DEC25,1s,1,362,2025-10-27 09:26:02,25834.75,25834.75,25834.5,25834.5,4,0.25,0.25,0,0,-1,,,,
MNQ DEC25,1s,1,363,2025-10-27 09:26:03,25835,25835.25,25834.75,25835.25,10,0.5,0.25,0,0.25,1,,,,
MNQ DEC25,1s,1,364,2025-10-27 09:26:04,25835.25,25836,25833.75,25834,54,2.25,1.25,0.75,0.25,-1,,,,
MNQ DEC25,1s,1,365,2025-10-27 09:26:05,25834.25,25834.25,25833.75,25833.75,6,0.5,0.5,0,0,-1,,,,
MNQ DEC25,1s,1,366,2025-10-27 09:26:06,25834.25,25834.75,25834,25834,23,0.75,0.25,0.5,0,-1,,,,
MNQ DEC25,1s,1,367,2025-10-27 09:26:07,25834.5,25834.5,25833.75,25834,9,0.75,0.5,0,0.25,-1,,,,
MNQ DEC25,1s,1,368,2025-10-27 09:26:08,25834.25,25834.5,25834.25,25834.25,5,0.25,0,0.25,0,0,,,,
MNQ DEC25,1s,1,369,2025-10-27 09:26:09,25834.5,25835.75,25834.5,25835,18,1.25,0.5,0.75,0,1,,,,
MNQ DEC25,1s,1,370,2025-10-27 09:26:10,25834.75,25835.5,25834.75,25835.25,5,0.75,0.5,0.25,0,1,,,,
MNQ DEC25,10s,10,5436,2025-10-27 09:26:10,25834.25,25836,25833.75,25835.25,157,2.25,1,0.75,0.5,1,73.65,5.25,-14.18333333,14.31
MNQ DEC25,1s,1,371,2025-10-27 09:26:11,25834.75,25835.75,25834.25,25835.5,27,1.5,0.75,0.25,0.5,1,,,,
MNQ DEC25,1s,1,372,2025-10-27 09:26:12,25835.25,25835.5,25835.25,25835.25,7,0.25,0,0.25,0,0,,,,
MNQ DEC25,1s,1,373,2025-10-27 09:26:13,25835.25,25835.75,25835.25,25835.75,4,0.5,0.5,0,0,1,,,,
MNQ DEC25,1s,1,374,2025-10-27 09:26:14,25836,25836,25835.5,25836,7,0.5,0,0,0.5,0,,,,
MNQ DEC25,1s,1,375,2025-10-27 09:26:15,25836.25,25836.25,25836.25,25836.25,2,0,0,0,0,0,,,,
MNQ DEC25,1s,1,376,2025-10-27 09:26:16,25836.25,25836.5,25835.75,25836,16,0.75,0.25,0.25,0.25,-1,,,,
MNQ DEC25,1s,1,377,2025-10-27 09:26:17,25835.75,25835.75,25835.25,25835.25,16,0.5,0.5,0,0,-1,,,,
MNQ DEC25,1s,1,378,2025-10-27 09:26:18,25835,25838.25,25835,25836.75,121,3.25,1.75,1.5,0,1,,,,
MNQ DEC25,1s,1,379,2025-10-27 09:26:19,25836.5,25837,25836,25836.5,19,1,0,0.5,0.5,0,,,,
MNQ DEC25,1s,1,380,2025-10-27 09:26:20,25836.5,25837,25836.25,25837,22,0.75,0.5,0,0.25,1,,,,
MNQ DEC25,10s,10,5437,2025-10-27 09:26:20,25834.75,25838.25,25834.25,25837,241,4,2.25,1.25,0.5,1,70.7,-2.95,-23.26666667,4.97
MNQ DEC25,20s,20,5718,2025-10-27 09:26:20,25834.25,25838.25,25833.75,25837,398,4.5,2.75,1.25,0.5,1,115.2,53.15,58.45,36.59
MNQ DEC25,1s,1,381,2025-10-27 09:26:21,25836.75,25837,25836.25,25836.75,9,0.75,0,0.25,0.5,0,,,,
MNQ DEC25,1s,1,382,2025-10-27 09:26:22,25836.75,25837.5,25836.75,25837,13,0.75,0.25,0.5,0,1,,,,
MNQ DEC25,1s,1,383,2025-10-27 09:26:23,25837.5,25838.25,25837.25,25837.75,23,1,0.25,0.5,0.25,1,,,,
MNQ DEC25,1s,1,384,2025-10-27 09:26:24,25837.5,25838,25837.25,25837.5,20,0.75,0,0.5,0.25,0,,,,
MNQ DEC25,1s,1,385,2025-10-27 09:26:25,25837.5,25837.75,25837,25837,13,0.75,0.5,0.25,0,-1,,,,
MNQ DEC25,1s,1,386,2025-10-27 09:26:26,25837.5,25837.5,25837,25837.25,5,0.5,0.25,0,0.25,-1,,,,
MNQ DEC25,1s,1,387,2025-10-27 09:26:27,25837.5,25837.75,25837.5,25837.75,4,0.25,0.25,0,0,1,,,,
MNQ DEC25,1s,1,388,2025-10-27 09:26:28,25837.75,25837.75,25837.25,25837.25,8,0.5,0.5,0,0,-1,,,,
MNQ DEC25,1s,1,389,2025-10-27 09:26:29,25837.75,25837.75,25837.5,25837.5,14,0.25,0.25,0,0,-1,,,,
MNQ DEC25,1s,1,390,2025-10-27 09:26:30,25837.25,25837.25,25837,25837.25,6,0.25,0,0,0.25,0,,,,
MNQ DEC25,10s,10,5438,2025-10-27 09:26:30,25836.75,25838.25,25836.25,25837.25,115,2,0.5,1,0.5,1,2.85,-67.85,-21.85,-22.67
MNQ DEC25,1s,1,391,2025-10-27 09:26:31,25837.5,25837.75,25837.25,25837.75,12,0.5,0.25,0,0.25,1,,,,
MNQ DEC25,1s,1,392,2025-10-27 09:26:32,25837,25837.75,25837,25837.5,20,0.75,0.5,0.25,0,1,,,,
MNQ DEC25,1s,1,393,2025-10-27 09:26:33,25837.5,25837.75,25836.75,25837.5,35,1,0,0.25,0.75,0,,,,
MNQ DEC25,1s,1,394,2025-10-27 09:26:34,25837,25837.75,25837,25837.25,9,0.75,0.25,0.5,0,1,,,,
MNQ DEC25,1s,1,395,2025-10-27 09:26:35,25837.75,25838.75,25837.75,25838,40,1,0.25,0.75,0,1,,,,
MNQ DEC25,1s,1,396,2025-10-27 09:26:36,25838.5,25838.5,25837.75,25838.25,11,0.75,0.25,0,0.5,-1,,,,
MNQ DEC25,1s,1,397,2025-10-27 09:26:37,25838.25,25838.25,25837,25837,25,1.25,1.25,0,0,-1,,,,
MNQ DEC25,1s,1,398,2025-10-27 09:26:38,25837.25,25838,25836.25,25836.25,43,1.75,1,0.75,0,-1,,,,
MNQ DEC25,1s,1,399,2025-10-27 09:26:39,25837,25837.5,25836.75,25836.75,15,0.75,0.25,0.5,0,-1,,,,
MNQ DEC25,1s,1,400,2025-10-27 09:26:40,25837.25,25837.75,25837,25837.25,8,0.75,0,0.5,0.25,0,,,,
MNQ DEC25,10s,10,5439,2025-10-27 09:26:40,25837.5,25838.75,25836.25,25837.25,218,2.5,0.25,1.25,1,-1,2,-0.85,-23.88333333,-27.7
MNQ DEC25,20s,20,5719,2025-10-27 09:26:40,25836.75,25838.75,25836.25,25837.25,333,2.5,0.5,1.5,0.5,1,157.6,42.4,39.73333333,54.73
MNQ DEC25,1s,1,401,2025-10-27 09:26:41,25837.25,25838.25,25837.25,25837.75,19,1,0.5,0.5,0,1,,,,
MNQ DEC25,1s,1,402,2025-10-27 09:26:42,25837.75,25838,25837.5,25837.5,9,0.5,0.25,0.25,0,-1,,,,
MNQ DEC25,1s,1,403,2025-10-27 09:26:43,25837.5,25838.25,25837.5,25838.25,4,0.75,0.75,0,0,1,,,,
MNQ DEC25,1s,1,404,2025-10-27 09:26:44,25837.75,25838.25,25837.75,25838.25,10,0.5,0.5,0,0,1,,,,
MNQ DEC25,1s,1,405,2025-10-27 09:26:45,25838,25838.75,25838,25838.75,19,0.75,0.75,0,0,1,,,,
MNQ DEC25,1s,1,406,2025-10-27 09:26:46,25838.75,25838.75,25838,25838.75,23,0.75,0,0,0.75,0,,,,
MNQ DEC25,1s,1,407,2025-10-27 09:26:47,25838.5,25838.75,25838.25,25838.75,6,0.5,0.25,0,0.25,1,,,,
MNQ DEC25,1s,1,408,2025-10-27 09:26:48,25839,25839.25,25838.75,25839.25,25,0.5,0.25,0,0.25,1,,,,
MNQ DEC25,1s,1,409,2025-10-27 09:26:49,25839.25,25839.25,25839,25839,6,0.25,0.25,0,0,-1,,,,
MNQ DEC25,1s,1,410,2025-10-27 09:26:50,25839,25839,25838.5,25838.5,9,0.5,0.5,0,0,-1,,,,
MNQ DEC25,10s,10,5440,2025-10-27 09:26:50,25837.25,25839.25,25837.25,25838.5,130,2,1.25,0.75,0,1,8.5,6.5,-20.73333333,-11.98
MNQ DEC25,1s,1,411,2025-10-27 09:26:51,25839,25839,25838.5,25838.75,12,0.5,0.25,0,0.25,-1,,,,
MNQ DEC25,1s,1,412,2025-10-27 09:26:52,25838.75,25838.75,25838,25838,4,0.75,0.75,0,0,-1,,,,
MNQ DEC25,1s,1,413,2025-10-27 09:26:53,25838,25838.25,25837.5,25837.5,7,0.75,0.5,0.25,0,-1,,,,
MNQ DEC25,1s,1,414,2025-10-27 09:26:54,25837.25,25838,25836.75,25837,41,1.25,0.25,0.75,0.25,-1,,,,
MNQ DEC25,1s,1,415,2025-10-27 09:26:55,25837.5,25838,25837.5,25837.5,8,0.5,0,0.5,0,0,,,,
MNQ DEC25,1s,1,416,2025-10-27 09:26:56,25837.75,25837.75,25837.25,25837.25,2,0.5,0.5,0,0,-1,,,,
MNQ DEC25,1s,1,417,2025-10-27 09:26:57,25837.25,25837.25,25836.75,25837,21,0.5,0.25,0,0.25,-1,,,,
MNQ DEC25,1s,1,418,2025-10-27 09:26:58,25837,25837.5,25837,25837.25,8,0.5,0.25,0.25,0,1,,,,
MNQ DEC25,1s,1,419,2025-10-27 09:26:59,25837,25837.5,25836.5,25837.25,18,1,0.25,0.25,0.5,1,,,,
MNQ DEC25,1s,1,420,2025-10-27 09:27:00,25836.75,25837,25836.5,25836.75,7,0.5,0,0.25,0.25,0,,,,
MNQ DEC25,10s,10,5441,2025-10-27 09:27:00,25839,25839,25836.5,25836.75,128,2.5,2.25,0,0.25,-1,5.35,-3.15,0.83333333,-13.66
MNQ DEC25,20s,20,5720,2025-10-27 09:27:00,25837.25,25839.25,25836.5,25836.75,258,2.75,0.5,2,0.25,-1,79.05,-78.55,5.66666667,27.84
MNQ DEC25,1s,1,421,2025-10-27 09:27:01,25836.5,25837,25836,25837,17,1,0.5,0,0.5,1,,,,
MNQ DEC25,1s,1,422,2025-10-27 09:27:02,25837,25837.25,25837,25837,16,0.25,0,0.25,0,0,,,,
MNQ DEC25,1s,1,423,2025-10-27 09:27:03,25837.5,25837.5,25836.75,25837.25,18,0.75,0.25,0,0.5,-1,,,,
MNQ DEC25,1s,1,424,2025-10-27 09:27:04,25837.25,25837.75,25837,25837.75,29,0.75,0.5,0,0.25,1,,,,
MNQ DEC25,1s,1,425,2025-10-27 09:27:05,25838,25839,25838,25839,36,1,1,0,0,1,,,,
MNQ DEC25,1s,1,426,2025-10-27 09:27:06,25839,25839.5,25838.5,25838.75,25,1,0.25,0.5,0.25,-1,,,,
MNQ DEC25,1s,1,427,2025-10-27 09:27:07,25839.25,25839.25,25838.5,25839,9,0.75,0.25,0,0.5,-1,,,,
MNQ DEC25,1s,1,428,2025-10-27 09:27:08,25838.5,25838.5,25837.75,25838.5,22,0.75,0,0,0.75,0,,,,
MNQ DEC25,1s,1,429,2025-10-27 09:27:09,25838.75,25839,25838.75,25839,2,0.25,0.25,0,0,1,,,,
MNQ DEC25,1s,1,430,2025-10-27 09:27:10,25838.25,25839,25838.25,25838.5,20,0.75,0.25,0.5,0,1,,,,
MNQ DEC25,10s,10,5442,2025-10-27 09:27:10,25836.5,25839.5,25836,25838.5,194,3.5,2,1,0.5,1,-8.4,-13.75,-3.46666667,-15.82
MNQ DEC25,1s,1,431,2025-10-27 09:27:11,25838,25838.5,25837.75,25837.75,8,0.75,0.25,0.5,0,-1,,,,
MNQ DEC25,1s,1,432,2025-10-27 09:27:12,25837.75,25839.25,25837.75,25839.25,11,1.5,1.5,0,0,1,,,,
MNQ DEC25,1s,1,433,2025-10-27 09:27:13,25838.75,25839.25,25838.75,25839.25,8,0.5,0.5,0,0,1,,,,
MNQ DEC25,1s,1,434,2025-10-27 09:27:14,25838.75,25839.25,25838.25,25838.5,22,1,0.25,0.5,0.25,-1,,,,
MNQ DEC25,1s,1,435,2025-10-27 09:27:15,25838,25838,25837.5,25837.5,17,0.5,0.5,0,0,-1,,,,
MNQ DEC25,1s,1,436,2025-10-27 09:27:16,25837.75,25837.75,25837,25837,21,0.75,0.75,0,0,-1,,,,
MNQ DEC25,1s,1,437,2025-10-27 09:27:17,25837.75,25837.75,25837.25,25837.25,5,0.5,0.5,0,0,-1,,,,
MNQ DEC25,1s,1,438,2025-10-27 09:27:18,25837.75,25837.75,25836.75,25837.5,20,1,0.25,0,0.75,-1,,,,
MNQ DEC25,1s,1,439,2025-10-27 09:27:19,25837.75,25837.75,25837.25,25837.25,10,0.5,0.5,0,0,-1,,,,
MNQ DEC25,1s,1,440,2025-10-27 09:27:20,25837.25,25837.5,25837.25,25837.5,6,0.25,0.25,0,0,1,,,,
MNQ DEC25,10s,10,5443,2025-10-27 09:27:20,25838,25839.25,25836.75,25837.5,128,2.5,0.5,1.25,0.75,-1,-9.05,-0.65,-5.85,-2.38
MNQ DEC25,20s,20,5721,2025-10-27 09:27:20,25836.5,25839.5,25836,25837.5,322,3.5,1,2,0.5,1,-14.8,-93.85,-43.33333333,-10.64
MNQ DEC25,1s,1,441,2025-10-27 09:27:21,25837.5,25838,25837.5,25838,6,0.5,0.5,0,0,1,,,,
MNQ DEC25,1s,1,442,2025-10-27 09:27:22,25838.25,25838.25,25838,25838,2,0.25,0.25,0,0,-1,,,,
MNQ DEC25,1s,1,443,2025-10-27 09:27:23,25837.75,25837.75,25836.75,25836.75,28,1,1,0,0,-1,,,,
MNQ DEC25,1s,1,444,2025-10-27 09:27:24,25836.75,25837.25,25836,25836.25,19,1.25,0.5,0.5,0.25,-1,,,,
MNQ DEC25,1s,1,445,2025-10-27 09:27:25,25836,25836,25835.25,25835.25,21,0.75,0.75,0,0,-1,,,,
MNQ DEC25,1s,1,446,2025-10-27 09:27:26,25835.75,25835.75,25835.75,25835.75,4,0,0,0,0,0,,,,
MNQ DEC25,1s,1,447,2025-10-27 09:27:27,25835.75,25836,25835.25,25835.25,16,0.75,0.5,0.25,0,-1,,,,
MNQ DEC25,1s,1,448,2025-10-27 09:27:28,25835,25835.5,25834.25,25835.25,46,1.25,0.25,0.25,0.75,1,,,,
MNQ DEC25,1s,1,449,2025-10-27 09:27:29,25835.75,25835.75,25835,25835.25,7,0.75,0.5,0,0.25,-1,,,,
MNQ DEC25,1s,1,450,2025-10-27 09:27:30,25835.75,25835.75,25835.25,25835.75,19,0.5,0,0,0.5,0,,,,
MNQ DEC25,10s,10,5444,2025-10-27 09:27:30,25837.5,25838.25,25834.25,25835.75,168,4,1.75,0.75,1.5,-1,-24.85,-15.8,-10.06666667,-5.37
MNQ DEC25,1s,1,451,2025-10-27 09:27:32,25835.75,25835.75,25835.75,25835.75,4,0,0,0,0,0,,,,
MNQ DEC25,1s,1,452,2025-10-27 09:27:33,25835.25,25835.25,25833.75,25834.5,182,1.5,0.75,0,0.75,-1,,,,
MNQ DEC25,1s,1,453,2025-10-27 09:27:34,25834.25,25835,25834,25835,13,1,0.75,0,0.25,1,,,,
MNQ DEC25,1s,1,454,2025-10-27 09:27:35,25834.5,25835,25834.5,25834.5,9,0.5,0,0.5,0,0,,,,
MNQ DEC25,1s,1,455,2025-10-27 09:27:36,25834.75,25834.75,25833.75,25833.75,25,1,1,0,0,-1,,,,
MNQ DEC25,1s,1,456,2025-10-27 09:27:37,25833.75,25834,25833.25,25833.75,24,0.75,0,0.25,0.5,0,,,,
MNQ DEC25,1s,1,457,2025-10-27 09:27:38,25833.5,25834.25,25833.5,25833.75,12,0.75,0.25,0.5,0,1,,,,
MNQ DEC25,1s,1,458,2025-10-27 09:27:39,25833.5,25834,25833.5,25833.75,8,0.5,0.25,0.25,0,1,,,,
MNQ DEC25,1s,1,459,2025-10-27 09:27:40,25833.5,25833.5,25833.25,25833.25,6,0.25,0.25,0,0,-1,,,,
MNQ DEC25,10s,10,5445,2025-10-27 09:27:40,25835.75,25835.75,25833.25,25833.25,283,2.5,2.5,0,0,-1,-2.4,22.45,2,-2.18
MNQ DEC25,20s,20,5722,2025-10-27 09:27:40,25837.5,25838.25,25833.25,25833.25,451,5,4.25,0.75,0,-1,7.05,21.85,-50.18333333,-11
MNQ DEC25,1s,1,460,2025-10-27 09:27:41,25834,25835.5,25832.25,25833,172,3.25,1,1.5,0.75,-1,,,,
MNQ DEC25,1s,1,461,2025-10-27 09:27:42,25833,25834,25833,25833,12,1,0,1,0,0,,,,
MNQ DEC25,1s,1,462,2025-10-27 09:27:43,25833.25,25833.5,25832.75,25832.75,14,0.75,0.5,0.25,0,-1,,,,
MNQ DEC25,1s,1,463,2025-10-27 09:27:44,25833,25833.25,25831,25831.25,30,2.25,1.75,0.25,0.25,-1,,,,
MNQ DEC25,1s,1,464,2025-10-27 09:27:45,25831.25,25831.75,25831,25831.75,16,0.75,0.5,0,0.25,1,,,,
MNQ DEC25,1s,1,465,2025-10-27 09:27:46,25831.75,25832.5,25831.75,25832.5,21,0.75,0.75,0,0,1,,,,
MNQ DEC25,1s,1,466,2025-10-27 09:27:47,25832.5,25832.5,25832.5,25832.5,2,0,0,0,0,0,,,,
MNQ DEC25,1s,1,467,2025-10-27 09:27:48,25832.25,25832.5,25832.25,25832.5,2,0.25,0.25,0,0,1,,,,
MNQ DEC25,1s,1,468,2025-10-27 09:27:49,25831.75,25831.75,25831.75,25831.75,4,0,0,0,0,0,,,,
MNQ DEC25,1s,1,469,2025-10-27 09:27:50,25831.75,25832,25831.5,25831.5,18,0.5,0.25,0.25,0,-1,,,,
MNQ DEC25,10s,10,5446,2025-10-27 09:27:50,25834,25835.5,25831,25831.5,291,4.5,2.5,1.5,0.5,-1,18.2,20.6,9.08333333,2.57
MNQ DEC25,1s,1,470,2025-10-27 09:27:51,25832,25833.75,25830.25,25833.75,102,3.5,1.75,0,1.75,1,,,,
MNQ DEC25,1s,1,471,2025-10-27 09:27:52,25833.25,25833.25,25832.25,25832.25,34,1,1,0,0,-1,,,,
MNQ DEC25,1s,1,472,2025-10-27 09:27:53,25833,25833.75,25833,25833.25,10,0.75,0.25,0.5,0,1,,,,
MNQ DEC25,1s,1,473,2025-10-27 09:27:54,25833.75,25834,25833.75,25833.75,6,0.25,0,0.25,0,0,,,,
MNQ DEC25,1s,1,474,2025-10-27 09:27:55,25833.5,25834,25833.5,25834,4,0.5,0.5,0,0,1,,,,
MNQ DEC25,1s,1,475,2025-10-27 09:27:56,25833.75,25834.25,25833.5,25834.25,5,0.75,0.5,0,0.25,1,,,,
MNQ DEC25,1s,1,476,2025-10-27 09:27:57,25834.5,25835,25834.5,25835,13,0.5,0.5,0,0,1,,,,
MNQ DEC25,1s,1,477,2025-10-27 09:27:58,25835,25836.25,25835,25835,18,1.25,0,1.25,0,0,,,,
MNQ DEC25,1s,1,478,2025-10-27 09:27:59,25835.25,25835.5,25835,25835.25,6,0.5,0,0.25,0.25,0,,,,
MNQ DEC25,1s,1,479,2025-10-27 09:28:00,25834.25,25834.25,25834,25834,7,0.25,0.25,0,0,-1,,,,
MNQ DEC25,10s,10,5447,2025-10-27 09:28:00,25832,25836.25,25830.25,25834,205,6,2,2.25,1.75,1,11,-7.2,11.95,3.88
MNQ DEC25,20s,20,5723,2025-10-27 09:28:00,25834,25836.25,25830.25,25834,496,6,0,2.25,3.75,0,10.6,3.55,-22.81666667,-20.92
MNQ DEC25,1s,1,480,2025-10-27 09:28:01,25834.25,25834.25,25826.75,25827.25,264,7.5,7,0,0.5,-1,,,,
MNQ DEC25,1s,1,481,2025-10-27 09:28:02,25827.25,25829.5,25827.25,25827.25,42,2.25,0,2.25,0,0,,,,
MNQ DEC25,1s,1,482,2025-10-27 09:28:03,25827.75,25829,25827.75,25828.25,42,1.25,0.5,0.75,0,1,,,,
MNQ DEC25,1s,1,483,2025-10-27 09:28:04,25828.5,25828.5,25825.25,25826.75,113,3.25,1.75,0,1.5,-1,,,,
MNQ DEC25,1s,1,484,2025-10-27 09:28:05,25826.5,25826.5,25824.5,25824.5,32,2,2,0,0,-1,,,,
MNQ DEC25,1s,1,485,2025-10-27 09:28:06,25826,25826.75,25825.5,25826.5,26,1.25,0.5,0.25,0.5,1,,,,
MNQ DEC25,1s,1,486,2025-10-27 09:28:07,25826.25,25828.5,25826.25,25828.25,26,2.25,2,0.25,0,1,,,,
MNQ DEC25,1s,1,487,2025-10-27 09:28:08,25828,25828,25827.25,25827.25,14,0.75,0.75,0,0,-1,,,,
MNQ DEC25,1s,1,488,2025-10-27 09:28:09,25828,25828,25827,25827,8,1,1,0,0,-1,,,,
MNQ DEC25,1s,1,489,2025-10-27 09:28:10,25827.25,25827.5,25827,25827.5,15,0.5,0.25,0,0.25,1,,,,
MNQ DEC25,10s,10,5448,2025-10-27 09:28:10,25834.25,25834.25,25824.5,25827.5,582,9.75,6.75,0,3,-1,75.25,64.25,25.88333333,16.86
MNQ DEC25,1s,1,490,2025-10-27 09:28:11,25827.25,25827.75,25827,25827.25,11,0.75,0,0.5,0.25,0,,,,
MNQ DEC25,1s,1,491,2025-10-27 09:28:12,25827.25,25829.5,25827.25,25827.75,37,2.25,0.5,1.75,0,1,,,,
MNQ DEC25,1s,1,492,2025-10-27 09:28:13,25827.75,25828,25827,25827.25,11,1,0.5,0.25,0.25,-1,,,,
MNQ DEC25,1s,1,493,2025-10-27 09:28:14,25827.25,25828,25826.75,25826.75,16,1.25,0.5,0.75,0,-1,,,,
MNQ DEC25,1s,1,494,2025-10-27 09:28:15,25827,25827.25,25826.5,25827.25,8,0.75,0.25,0,0.5,1,,,,
MNQ DEC25,1s,1,495,2025-10-27 09:28:16,25826.75,25828,25826.75,25828,9,1.25,1.25,0,0,1,,,,
MNQ DEC25,1s,1,496,2025-10-27 09:28:17,25828.25,25828.75,25827.75,25828.75,11,1,0.5,0,0.5,1,,,,
MNQ DEC25,1s,1,497,2025-10-27 09:28:18,25828.5,25828.5,25827,25827.75,26,1.5,0.75,0,0.75,-1,,,,
MNQ DEC25,1s,1,498,2025-10-27 09:28:19,25827,25827,25823.25,25823.5,77,3.75,3.5,0,0.25,-1,,,,
MNQ DEC25,1s,1,499,2025-10-27 09:28:20,25823.5,25824.75,25823.25,25824.75,35,1.5,1.25,0,0.25,1,,,,
MNQ DEC25,10s,10,5449,2025-10-27 09:28:20,25827.25,25829.5,25823.25,25824.75,241,6.25,2.5,2.25,1.5,-1,80.8,5.55,20.86666667,21.13
MNQ DEC25,20s,20,5724,2025-10-27 09:28:20,25834.25,25834.25,25823.25,25824.75,823,11,9.5,0,1.5,-1,82.5,71.9,32.43333333,-15.02
MNQ DEC25,1s,1,500,2025-10-27 09:28:21,25824.75,25826.5,25824.5,25826,33,2,1.25,0.5,0.25,1,,,,
MNQ DEC25,1s,1,501,2025-10-27 09:28:22,25825.75,25827.25,25825.25,25827.25,43,2,1.5,0,0.5,1,,,,
MNQ DEC25,1s,1,502,2025-10-27 09:28:23,25827.25,25827.25,25827,25827.25,7,0.25,0,0,0.25,0,,,,
MNQ DEC25,1s,1,503,2025-10-27 09:28:24,25827,25827.75,25827,25827.25,18,0.75,0.25,0.5,0,1,,,,
MNQ DEC25,1s,1,504,2025-10-27 09:28:25,25827.75,25828.5,25827.5,25828.25,21,1,0.5,0.25,0.25,1,,,,
MNQ DEC25,1s,1,505,2025-10-27 09:28:26,25828,25828,25828,25828,1,0,0,0,0,0,,,,
MNQ DEC25,1s,1,506,2025-10-27 09:28:27,25827.75,25827.75,25826.75,25826.75,24,1,1,0,0,-1,,,,
MNQ DEC25,1s,1,507,2025-10-27 09:28:28,25827,25827.25,25826.75,25826.75,13,0.5,0.25,0.25,0,-1,,,,
MNQ DEC25,1s,1,508,2025-10-27 09:28:29,25827.75,25827.75,25826.75,25827,30,1,0.75,0,0.25,-1,,,,
MNQ DEC25,1s,1,509,2025-10-27 09:28:30,25826.5,25826.5,25826,25826.5,6,0.5,0,0,0.5,0,,,,
MNQ DEC25,10s,10,5450,2025-10-27 09:28:30,25824.75,25828.5,25824.5,25826.5,196,4,1.75,2,0.25,1,77.75,-3.05,22.25,16.03
MNQ DEC25,1s,1,510,2025-10-27 09:28:31,25827,25828,25826.75,25827.75,18,1.25,0.75,0.25,0.25,1,,,,
MNQ DEC25,1s,1,511,2025-10-27 09:28:32,25827.75,25827.75,25827.25,25827.25,10,0.5,0.5,0,0,-1,,,,
MNQ DEC25,1s,1,512,2025-10-27 09:28:33,25827.25,25827.5,25826.75,25827.5,19,0.75,0.25,0,0.5,1,,,,
MNQ DEC25,1s,1,513,2025-10-27 09:28:34,25827,25827,25826.5,25826.75,15,0.5,0.25,0,0.25,-1,,,,
MNQ DEC25,1s,1,514,2025-10-27 09:28:35,25826.75,25827,25826.75,25827,2,0.25,0.25,0,0,1,,,,
MNQ DEC25,1s,1,515,2025-10-27 09:28:36,25827.25,25827.25,25826.5,25826.75,10,0.75,0.5,0,0.25,-1,,,,
MNQ DEC25,1s,1,516,2025-10-27 09:28:37,25826.75,25827.25,25826.75,25827.25,4,0.5,0.5,0,0,1,,,,
MNQ DEC25,1s,1,517,2025-10-27 09:28:38,25826.75,25826.75,25825.75,25826.25,16,1,0.5,0,0.5,-1,,,,
MNQ DEC25,1s,1,518,2025-10-27 09:28:39,25826.25,25826.75,25826,25826.25,8,0.75,0,0.5,0.25,0,,,,
MNQ DEC25,1s,1,519,2025-10-27 09:28:40,25826.25,25826.25,25825.75,25825.75,8,0.5,0.5,0,0,-1,,,,
MNQ DEC25,10s,10,5451,2025-10-27 09:28:40,25827,25828,25825.75,25825.75,110,2.25,1.25,1,0,-1,44.6,-33.15,-10.21666667,5.28
MNQ DEC25,20s,20,5725,2025-10-27 09:28:40,25824.75,25828.5,25824.5,25825.75,306,4,1,2.75,0.25,1,103.1,20.6,32.01666667,4.81
MNQ DEC25,1s,1,520,2025-10-27 09:28:41,25826,25826.25,25825,25826,25,1.25,0,0.25,1,0,,,,
MNQ DEC25,1s,1,521,2025-10-27 09:28:42,25825.5,25826,25825.25,25825.25,10,0.75,0.25,0.5,0,-1,,,,
MNQ DEC25,1s,1,522,2025-10-27 09:28:43,25825.75,25827.25,25825,25826.5,118,2.25,0.75,0.75,0.75,1,,,,
MNQ DEC25,1s,1,523,2025-10-27 09:28:44,25826,25827,25825.75,25826.5,50,1.25,0.5,0.5,0.25,1,,,,
MNQ DEC25,1s,1,524,2025-10-27 09:28:45,25826,25826.75,25826,25826,7,0.75,0,0.75,0,0,,,,
MNQ DEC25,1s,1,525,2025-10-27 09:28:46,25826.5,25827,25825.75,25826.75,13,1.25,0.25,0.25,0.75,1,,,,
MNQ DEC25,1s,1,526,2025-10-27 09:28:47,25826.75,25826.75,25825.75,25825.75,24,1,1,0,0,-1,,,,
MNQ DEC25,1s,1,527,2025-10-27 09:28:48,25825.25,25826.5,25825.25,25826.5,11,1.25,1.25,0,0,1,,,,
MNQ DEC25,1s,1,528,2025-10-27 09:28:49,25825.75,25826.5,25825.75,25825.75,13,0.75,0,0.75,0,0,,,,
MNQ DEC25,1s,1,529,2025-10-27 09:28:50,25825.25,25825.75,25825.25,25825.25,10,0.5,0,0.5,0,0,,,,
MNQ DEC25,10s,10,5452,2025-10-27 09:28:50,25826,25827.25,25825,25825.25,281,2.25,0.75,1.25,0.25,-1,59.6,15,-7.06666667,9.72
MNQ DEC25,1s,1,530,2025-10-27 09:28:51,25825.5,25825.5,25822,25823,83,3.5,2.5,0,1,-1,,,,
MNQ DEC25,1s,1,531,2025-10-27 09:28:52,25822.75,25823.25,25822,25822.75,31,1.25,0,0.5,0.75,0,,,,
MNQ DEC25,1s,1,532,2025-10-27 09:28:53,25822.75,25824,25822.5,25824,37,1.5,1.25,0,0.25,1,,,,
MNQ DEC25,1s,1,533,2025-10-27 09:28:54,25823.75,25825,25823.75,25824.5,20,1.25,0.75,0.5,0,1,,,,
MNQ DEC25,1s,1,534,2025-10-27 09:28:55,25825,25825.5,25824.25,25825.5,35,1.25,0.5,0,0.75,1,,,,
MNQ DEC25,1s,1,535,2025-10-27 09:28:56,25825.75,25826.25,25825.25,25825.25,22,1,0.5,0.5,0,-1,,,,
MNQ DEC25,1s,1,536,2025-10-27 09:28:57,25825.25,25825.5,25825.25,25825.25,7,0.25,0,0.25,0,0,,,,
MNQ DEC25,1s,1,537,2025-10-27 09:28:58,25825.75,25826.75,25825.75,25826.75,12,1,1,0,0,1,,,,
MNQ DEC25,1s,1,538,2025-10-27 09:28:59,25826.25,25827.25,25826.25,25826.5,25,1,0.25,0.75,0,1,,,,
MNQ DEC25,1s,1,539,2025-10-27 09:29:00,25826.75,25826.75,25826.25,25826.25,15,0.5,0.5,0,0,-1,,,,
MNQ DEC25,10s,10,5453,2025-10-27 09:29:00,25825.5,25827.25,25822,25826.25,287,5.25,0.75,1,3.5,1,11.05,-48.55,-22.23333333,-12.84
MNQ DEC25,20s,20,5726,2025-10-27 09:29:00,25826,25827.25,25822,25826.25,568,5.25,0.25,1,4,1,135.65,32.55,41.68333333,30.09
MNQ DEC25,1s,1,540,2025-10-27 09:29:01,25826.75,25827,25826.25,25826.5,36,0.75,0.25,0.25,0.25,-1,,,,
MNQ DEC25,1s,1,541,2025-10-27 09:29:02,25826.75,25826.75,25825.75,25826.25,16,1,0.5,0,0.5,-1,,,,
MNQ DEC25,1s,1,542,2025-10-27 09:29:03,25826.25,25826.75,25826.25,25826.75,7,0.5,0.5,0,0,1,,,,
MNQ DEC25,1s,1,543,2025-10-27 09:29:04,25826.5,25826.5,25826.5,25826.5,3,0,0,0,0,0,,,,
MNQ DEC25,1s,1,544,2025-10-27 09:29:05,25826.75,25826.75,25826.5,25826.5,5,0.25,0.25,0,0,-1,,,,
MNQ DEC25,1s,1,545,2025-10-27 09:29:06,25827,25827.25,25826.75,25826.75,5,0.5,0.25,0.25,0,-1,,,,
MNQ DEC25,1s,1,546,2025-10-27 09:29:07,25827,25827,25825.25,25825.25,17,1.75,1.75,0,0,-1,,,,
MNQ DEC25,1s,1,547,2025-10-27 09:29:08,25825.5,25825.5,25825,25825.5,7,0.5,0,0,0.5,0,,,,
MNQ DEC25,1s,1,548,2025-10-27 09:29:09,25825,25825,25823,25823.5,47,2,1.5,0,0.5,-1,,,,
MNQ DEC25,1s,1,549,2025-10-27 09:29:10,25823,25823.25,25821.25,25821.75,79,2,1.25,0.25,0.5,-1,,,,
MNQ DEC25,10s,10,5454,2025-10-27 09:29:10,25826.75,25827.25,25821.25,25821.75,222,6,5,0.5,0.5,-1,6,-5.05,-12.86666667,-14.96
MNQ DEC25,1s,1,550,2025-10-27 09:29:11,25822,25822,25821.25,25821.75,26,0.75,0.25,0,0.5,-1,,,,
MNQ DEC25,1s,1,551,2025-10-27 09:29:12,25822.25,25822.5,25821,25821.75,47,1.5,0.5,0.25,0.75,-1,,,,
MNQ DEC25,1s,1,552,2025-10-27 09:29:13,25821.5,25822.75,25821.25,25822.75,17,1.5,1.25,0,0.25,1,,,,
MNQ DEC25,1s,1,553,2025-10-27 09:29:14,25822.75,25823,25822,25822.75,28,1,0,0.25,0.75,0,,,,
MNQ DEC25,1s,1,554,2025-10-27 09:29:15,25822.25,25823.25,25822.25,25822.75,13,1,0.5,0.5,0,1,,,,
MNQ DEC25,1s,1,555,2025-10-27 09:29:16,25822.75,25823.5,25822.75,25823,19,0.75,0.25,0.5,0,1,,,,
MNQ DEC25,1s,1,556,2025-10-27 09:29:17,25822.5,25822.75,25821.75,25822.25,32,1,0.25,0.25,0.5,-1,,,,
MNQ DEC25,1s,1,557,2025-10-27 09:29:18,25822.25,25823,25822,25822,11,1,0.25,0.75,0,-1,,,,
MNQ DEC25,1s,1,558,2025-10-27 09:29:19,25822.5,25823,25822.5,25822.75,15,0.5,0.25,0.25,0,1,,,,
MNQ DEC25,1s,1,559,2025-10-27 09:29:20,25823,25823.75,25822.5,25823,33,1.25,0,0.75,0.5,0,,,,
MNQ DEC25,10s,10,5455,2025-10-27 09:29:20,25822,25823.75,25821,25823,241,2.75,1,0.75,1,1,7.3,1.3,-17.43333333,-14.09
MNQ DEC25,20s,20,5727,2025-10-27 09:29:20,25826.75,25827.25,25821,25823,463,6.25,3.75,0.5,2,-1,133.1,-2.55,16.86666667,25.21
MNQ DEC25,1s,1,560,2025-10-27 09:29:21,25822.5,25823.25,25822.5,25823.25,6,0.75,0.75,0,0,1,,,,
MNQ DEC25,1s,1,561,2025-10-27 09:29:22,25823.5,25824,25823,25823.75,16,1,0.25,0.25,0.5,1,,,,
MNQ DEC25,1s,1,562,2025-10-27 09:29:23,25823.75,25823.75,25822,25823,38,1.75,0.75,0,1,-1,,,,
MNQ DEC25,1s,1,563,2025-10-27 09:29:24,25822.75,25823,25822.75,25823,10,0.25,0.25,0,0,1,,,,
MNQ DEC25,1s,1,564,2025-10-27 09:29:25,25822.5,25822.5,25822,25822,6,0.5,0.5,0,0,-1,,,,
MNQ DEC25,1s,1,565,2025-10-27 09:29:26,25822,25822.25,25820.75,25820.75,41,1.5,1.25,0.25,0,-1,,,,
MNQ DEC25,1s,1,566,2025-10-27 09:29:27,25821.75,25822.25,25821.75,25821.75,9,0.5,0,0.5,0,0,,,,
MNQ DEC25,1s,1,567,2025-10-27 09:29:28,25821.5,25821.5,25820.75,25821.25,11,0.75,0.25,0,0.5,-1,,,,
MNQ DEC25,1s,1,568,2025-10-27 09:29:29,25820.75,25821.5,25820.75,25821.5,19,0.75,0.75,0,0,1,,,,
MNQ DEC25,1s,1,569,2025-10-27 09:29:30,25820.5,25820.5,25819,25819,89,1.5,1.5,0,0,-1,,,,
MNQ DEC25,10s,10,5456,2025-10-27 09:29:30,25822.5,25824,25819,25819,245,5,3.5,1.5,0,-1,29.9,22.6,6.28333333,-2.94
MNQ DEC25,1s,1,570,2025-10-27 09:29:31,25819.25,25821,25819.25,25821,47,1.75,1.75,0,0,1,,,,
MNQ DEC25,1s,1,571,2025-10-27 09:29:32,25820.25,25820.75,25820.25,25820.25,6,0.5,0,0.5,0,0,,,,
MNQ DEC25,1s,1,572,2025-10-27 09:29:33,25820.75,25820.75,25820.25,25820.25,5,0.5,0.5,0,0,-1,,,,
MNQ DEC25,1s,1,573,2025-10-27 09:29:34,25820.25,25821.5,25819.75,25820.75,29,1.75,0.5,0.75,0.5,1,,,,
MNQ DEC25,1s,1,574,2025-10-27 09:29:35,25821.5,25821.75,25820.75,25821.25,24,1,0.25,0.25,0.5,-1,,,,
MNQ DEC25,1s,1,575,2025-10-27 09:29:36,25821,25821.75,25821,25821.5,12,0.75,0.5,0.25,0,1,,,,
MNQ DEC25,1s,1,576,2025-10-27 09:29:37,25821.25,25821.75,25821,25821.25,18,0.75,0,0.5,0.25,0,,,,
MNQ DEC25,1s,1,577,2025-10-27 09:29:38,25821.5,25821.5,25821,25821,3,0.5,0.5,0,0,-1,,,,
MNQ DEC25,1s,1,578,2025-10-27 09:29:39,25821.75,25821.75,25819.75,25819.75,22,2,2,0,0,-1,,,,
MNQ DEC25,1s,1,579,2025-10-27 09:29:40,25820,25820.25,25819.25,25820,16,1,0,0.25,0.75,0,,,,
MNQ DEC25,10s,10,5457,2025-10-27 09:29:40,25819.25,25821.75,25819.25,25820,182,2.5,0.75,1.75,0,1,13.05,-16.85,2.35,-9.31
MNQ DEC25,20s,20,5728,2025-10-27 09:29:40,25822.5,25824,25819,25820,427,5,2.5,1.5,1,-1,130.15,-2.95,9.01666667,23.91
MNQ DEC25,1s,1,580,2025-10-27 09:29:41,25819.25,25820.25,25819.25,25820.25,13,1,1,0,0,1,,,,
MNQ DEC25,1s,1,581,2025-10-27 09:29:42,25820.25,25821.25,25820.25,25820.25,23,1,0,1,0,0,,,,
MNQ DEC25,1s,1,582,2025-10-27 09:29:43,25820.25,25820.5,25819.75,25820,18,0.75,0.25,0.25,0.25,-1,,,,
MNQ DEC25,1s,1,583,2025-10-27 09:29:44,25820.5,25821,25820,25820,26,1,0.5,0.5,0,-1,,,,
MNQ DEC25,1s,1,584,2025-10-27 09:29:45,25821,25822,25820.75,25822,49,1.25,1,0,0.25,1,,,,
MNQ DEC25,1s,1,585,2025-10-27 09:29:46,25821.25,25821.25,25819.25,25819.25,39,2,2,0,0,-1,,,,
MNQ DEC25,1s,1,586,2025-10-27 09:29:47,25819.75,25820.75,25819.75,25820.75,7,1,1,0,0,1,,,,
MNQ DEC25,1s,1,587,2025-10-27 09:29:48,25820.25,25820.75,25820,25820.25,15,0.75,0,0.5,0.25,0,,,,
MNQ DEC25,1s,1,588,2025-10-27 09:29:49,25819.25,25819.25,25818,25818.25,33,1.25,1,0,0.25,-1,,,,
MNQ DEC25,1s,1,589,2025-10-27 09:29:50,25818.75,25818.75,25818,25818,17,0.75,0.75,0,0,-1,,,,
MNQ DEC25,10s,10,5458,2025-10-27 09:29:50,25819.25,25822,25818,25818,240,4,1.25,2.75,0,-1,-2.6,-15.65,-3.3,-2.73
MNQ DEC25,1s,1,590,2025-10-27 09:29:51,25817.75,25817.75,25816.75,25816.75,68,1,1,0,0,-1,,,,
MNQ DEC25,1s,1,591,2025-10-27 09:29:52,25817.75,25819,25817.5,25818.25,46,1.5,0.5,0.75,0.25,1,,,,
MNQ DEC25,1s,1,592,2025-10-27 09:29:53,25818.25,25820.25,25818.25,25819,45,2,0.75,1.25,0,1,,,,
MNQ DEC25,1s,1,593,2025-10-27 09:29:54,25819,25819,25817.75,25817.75,44,1.25,1.25,0,0,-1,,,,
MNQ DEC25,1s,1,594,2025-10-27 09:29:55,25817.75,25817.75,25816,25816.25,45,1.75,1.5,0,0.25,-1,,,,
MNQ DEC25,1s,1,595,2025-10-27 09:29:56,25816.75,25817.25,25815,25815,134,2.25,1.75,0.5,0,-1,,,,
MNQ DEC25,1s,1,596,2025-10-27 09:29:57,25815.5,25816.5,25815,25815.5,83,1.5,0,1,0.5,0,,,,
MNQ DEC25,1s,1,597,2025-10-27 09:29:58,25816,25816.5,25815,25815,64,1.5,1,0.5,0,-1,,,,
MNQ DEC25,1s,1,598,2025-10-27 09:29:59,25815.75,25817.5,25815.75,25816.75,82,1.75,1,0.75,0,1,,,,
MNQ DEC25,1s,1,599,2025-10-27 09:30:00,25817.25,25818.25,25815.5,25815.5,60,2.75,1.75,1,0,-1,,,,
MNQ DEC25,10s,10,5459,2025-10-27 09:30:00,25817.75,25820.25,25815,25815.5,671,5.25,2.25,2.5,0.5,-1,64.55,67.15,11.55,11.71
MNQ DEC25,20s,20,5729,2025-10-27 09:30:00,25819.25,25822,25815,25815.5,911,7,3.75,2.75,0.5,-1,122.15,-8,-4.5,7.93
MNQ DEC25,1s,1,600,2025-10-27 09:30:01,25815.75,25817.75,25813.5,25815.5,442,4.25,0.25,2,2,-1,,,,
MNQ DEC25,1s,1,601,2025-10-27 09:30:02,25815.75,25826.25,25815.75,25825.25,500,10.5,9.5,1,0,1,,,,
MNQ DEC25,1s,1,602,2025-10-27 09:30:03,25825.25,25828.75,25825,25827,239,3.75,1.75,1.75,0.25,1,,,,
MNQ DEC25,1s,1,603,2025-10-27 09:30:04,25827.75,25831.5,25827.25,25828.25,291,4.25,0.5,3.25,0.5,1,,,,
MNQ DEC25,1s,1,604,2025-10-27 09:30:05,25828.5,25830.5,25826.75,25828,139,3.75,0.5,2,1.25,-1,,,,
MNQ DEC25,1s,1,605,2025-10-27 09:30:06,25828.25,25831.75,25827,25831.75,162,4.75,3.5,0,1.25,1,,,,
MNQ DEC25,1s,1,606,2025-10-27 09:30:07,25832,25841,25832,25841,474,9,9,0,0,1,,,,
MNQ DEC25,1s,1,607,2025-10-27 09:30:08,25841,25841.5,25835.5,25837,314,6,4,0.5,1.5,-1,,,,
MNQ DEC25,1s,1,608,2025-10-27 09:30:09,25838.25,25838.75,25835.5,25838,119,3.25,0.25,0.5,2.5,-1,,,,
MNQ DEC25,1s,1,609,2025-10-27 09:30:10,25838.25,25848,25838.25,25847,565,9.75,8.75,1,0,1,,,,
MNQ DEC25,10s,10,5460,2025-10-27 09:30:10,25815.75,25848,25813.5,25847,3245,34.5,31.25,1,2.25,1,509.6,445.05,165.51666667,100.46
MNQ DEC25,1s,1,610,2025-10-27 09:30:11,25847,25848,25845.5,25848,269,2.5,1,0,1.5,1,,,,
MNQ DEC25,1s,1,611,2025-10-27 09:30:12,25848,25851.75,25847.5,25850.25,549,4.25,2.25,1.5,0.5,1,,,,
MNQ DEC25,1s,1,612,2025-10-27 09:30:13,25850,25856,25845.75,25846,1021,10.25,4,6,0.25,-1,,,,
MNQ DEC25,1s,1,613,2025-10-27 09:30:14,25846.75,25849,25844.25,25845.25,260,4.75,1.5,2.25,1,-1,,,,
MNQ DEC25,1s,1,614,2025-10-27 09:30:15,25845.75,25846.75,25842.75,25842.75,164,4,3,1,0,-1,,,,
MNQ DEC25,1s,1,615,2025-10-27 09:30:16,25842.5,25849.75,25842.5,25849.25,243,7.25,6.75,0.5,0,1,,,,
MNQ DEC25,1s,1,616,2025-10-27 09:30:17,25849.25,25851,25848.25,25851,180,2.75,1.75,0,1,1,,,,
MNQ DEC25,1s,1,617,2025-10-27 09:30:18,25850.75,25851.5,25850,25851,127,1.5,0.25,0.5,0.75,1,,,,
MNQ DEC25,1s,1,618,2025-10-27 09:30:19,25850.75,25851.5,25847.5,25848.75,132,4,2,0.75,1.25,-1,,,,
MNQ DEC25,1s,1,619,2025-10-27 09:30:20,25849,25850.5,25847,25849,125,3.5,0,1.5,2,0,,,,
MNQ DEC25,10s,10,5461,2025-10-27 09:30:20,25847,25856,25842.5,25849,3070,13.5,2,7,4.5,1,927.5,417.9,310.03333333,179.52
MNQ DEC25,20s,20,5730,2025-10-27 09:30:20,25815.75,25856,25813.5,25849,6315,42.5,33.25,7,2.25,1,1021.65,899.5,296.18333333,183.71
MNQ DEC25,1s,1,620,2025-10-27 09:30:21,25848.25,25850.5,25847.5,25848.25,147,3,0,2.25,0.75,0,,,,
MNQ DEC25,1s,1,621,2025-10-27 09:30:22,25848.25,25850.5,25848,25849.75,112,2.5,1.5,0.75,0.25,1,,,,
MNQ DEC25,1s,1,622,2025-10-27 09:30:23,25849.75,25850.5,25845.75,25846.25,125,4.75,3.5,0.75,0.5,-1,,,,
MNQ DEC25,1s,1,623,2025-10-27 09:30:24,25846.25,25846.75,25843.25,25844,137,3.5,2.25,0.5,0.75,-1,,,,
MNQ DEC25,1s,1,624,2025-10-27 09:30:25,25844.5,25846.75,25844.25,25846,96,2.5,1.5,0.75,0.25,1,,,,
MNQ DEC25,1s,1,625,2025-10-27 09:30:26,25845.25,25848.5,25845.25,25847.5,77,3.25,2.25,1,0,1,,,,
MNQ DEC25,1s,1,626,2025-10-27 09:30:27,25848.5,25850,25848,25848.5,115,2,0,1.5,0.5,0,,,,
MNQ DEC25,1s,1,627,2025-10-27 09:30:28,25848.75,25851.75,25848.75,25851,128,3,2.25,0.75,0,1,,,,
MNQ DEC25,1s,1,628,2025-10-27 09:30:29,25850,25850.75,25848.5,25849.5,68,2.25,0.5,0.75,1,-1,,,,
MNQ DEC25,1s,1,629,2025-10-27 09:30:30,25849.75,25850.75,25849.25,25850.75,78,1.5,1,0,0.5,1,,,,
MNQ DEC25,10s,10,5462,2025-10-27 09:30:30,25848.25,25851.75,25843.25,25850.75,1083,8.5,2.5,1,5,1,1063.25,135.75,332.9,210.04
MNQ DEC25,1s,1,630,2025-10-27 09:30:31,25850.25,25854.5,25850,25853.5,155,4.5,3.25,1,0.25,1,,,,
MNQ DEC25,1s,1,631,2025-10-27 09:30:32,25853.5,25854.25,25851,25851.5,102,3.25,2,0.75,0.5,-1,,,,
MNQ DEC25,1s,1,632,2025-10-27 09:30:33,25851.75,25852.75,25849.5,25850,132,3.25,1.75,1,0.5,-1,,,,
MNQ DEC25,1s,1,633,2025-10-27 09:30:34,25850.75,25852.25,25847.75,25848.5,156,4.5,2.25,1.5,0.75,-1,,,,
MNQ DEC25,1s,1,634,2025-10-27 09:30:35,25848.75,25848.75,25845.25,25846.25,208,3.5,2.5,0,1,-1,,,,
MNQ DEC25,1s,1,635,2025-10-27 09:30:36,25846.75,25847.5,25843,25844.75,144,4.5,2,0.75,1.75,-1,,,,
MNQ DEC25,1s,1,636,2025-10-27 09:30:37,25844.5,25846.25,25843.25,25845.75,90,3,1.25,0.5,1.25,1,,,,
MNQ DEC25,1s,1,637,2025-10-27 09:30:38,25846.25,25848,25845.75,25847.25,109,2.25,1,0.75,0.5,1,,,,
MNQ DEC25,1s,1,638,2025-10-27 09:30:39,25846.25,25846.25,25844.5,25846,70,1.75,0.25,0,1.5,-1,,,,
MNQ DEC25,1s,1,639,2025-10-27 09:30:40,25846.25,25849,25846,25846.75,86,3,0.5,2.25,0.25,1,,,,
MNQ DEC25,10s,10,5463,2025-10-27 09:30:40,25850.25,25854.5,25843,25846.75,1252,11.5,3.5,4.25,3.75,-1,1209.45,146.2,233.28333333,242.41
MNQ DEC25,20s,20,5731,2025-10-27 09:30:40,25848.25,25854.5,25843,25846.75,2335,11.5,1.5,6.25,3.75,-1,1266.8,245.15,378.88333333,226.23
MNQ DEC25,1s,1,640,2025-10-27 09:30:41,25846.5,25847.75,25842.75,25845,106,5,1.5,1.25,2.25,-1,,,,
MNQ DEC25,1s,1,641,2025-10-27 09:30:42,25844,25845,25843,25843.25,77,2,0.75,1,0.25,-1,,,,
MNQ DEC25,1s,1,642,2025-10-27 09:30:43,25843.75,25844.25,25838.5,25839.25,201,5.75,4.5,0.5,0.75,-1,,,,
MNQ DEC25,1s,1,643,2025-10-27 09:30:44,25839.5,25840.5,25838.25,25838.5,138,2.25,1,1,0.25,-1,,,,
MNQ DEC25,1s,1,644,2025-10-27 09:30:45,25839,25844.25,25839,25842,145,5.25,3,2.25,0,1,,,,
MNQ DEC25,1s,1,645,2025-10-27 09:30:46,25842.5,25842.5,25841,25841.75,113,1.5,0.75,0,0.75,-1,,,,
MNQ DEC25,1s,1,646,2025-10-27 09:30:47,25840.75,25841.5,25838.5,25840.5,87,3,0.25,0.75,2,-1,,,,
MNQ DEC25,1s,1,647,2025-10-27 09:30:48,25840.75,25841,25837.25,25837.5,102,3.75,3.25,0.25,0.25,-1,,,,
MNQ DEC25,1s,1,648,2025-10-27 09:30:49,25838,25839.25,25836.25,25837.5,135,3,0.5,1.25,1.25,-1,,,,
MNQ DEC25,1s,1,649,2025-10-27 09:30:50,25838,25838,25836.25,25836.25,99,1.75,1.75,0,0,-1,,,,
MNQ DEC25,10s,10,5464,2025-10-27 09:30:50,25846.5,25847.75,25836.25,25836.25,1203,11.5,10.25,1.25,0,-1,1264.1,54.65,112.2,239.91
MNQ DEC25,1s,1,650,2025-10-27 09:30:51,25836.75,25839,25836.5,25837.5,140,2.5,0.75,1.5,0.25,1,,,,
MNQ DEC25,1s,1,651,2025-10-27 09:30:52,25838,25838.25,25836.5,25837.25,44,1.75,0.75,0.25,0.75,-1,,,,
MNQ DEC25,1s,1,652,2025-10-27 09:30:53,25837.5,25839.25,25836.25,25837,107,3,0.5,1.75,0.75,-1,,,,
MNQ DEC25,1s,1,653,2025-10-27 09:30:54,25837.5,25841.75,25836.5,25840.75,93,5.25,3.25,1,1,1,,,,
MNQ DEC25,1s,1,654,2025-10-27 09:30:55,25841,25844,25840.25,25843.25,121,3.75,2.25,0.75,0.75,1,,,,
MNQ DEC25,1s,1,655,2025-10-27 09:30:56,25843,25845.5,25842.75,25844.5,114,2.75,1.5,1,0.25,1,,,,
MNQ DEC25,1s,1,656,2025-10-27 09:30:57,25844.5,25845,25842.75,25844.75,82,2.25,0.25,0.25,1.75,1,,,,
MNQ DEC25,1s,1,657,2025-10-27 09:30:58,25844.25,25847.5,25844.25,25847,111,3.25,2.75,0.5,0,1,,,,
MNQ DEC25,1s,1,658,2025-10-27 09:30:59,25847.75,25849.25,25847.5,25848.25,134,1.75,0.5,1,0.25,1,,,,
MNQ DEC25,1s,1,659,2025-10-27 09:31:00,25849.25,25849.25,25846.25,25847.25,112,3,2,0,1,-1,,,,
MNQ DEC25,10s,10,5465,2025-10-27 09:31:00,25836.75,25849.25,25836.25,25847.25,1058,13,10.5,2,0.5,1,787.95,-476.15,-91.76666667,55.67
MNQ DEC25,20s,20,5732,2025-10-27 09:31:00,25846.5,25849.25,25836.25,25847.25,2261,13,0.75,2,10.25,1,1521.95,255.15,466.6,277.77
MNQ DEC25,1s,1,660,2025-10-27 09:31:01,25847.25,25853.5,25847.25,25852.75,304,6.25,5.5,0.75,0,1,,,,
MNQ DEC25,1s,1,661,2025-10-27 09:31:02,25852.75,25854.5,25852,25853.25,228,2.5,0.5,1.25,0.75,1,,,,
MNQ DEC25,1s,1,662,2025-10-27 09:31:03,25852.5,25855,25852.5,25854.25,121,2.5,1.75,0.75,0,1,,,,
MNQ DEC25,1s,1,663,2025-10-27 09:31:04,25854,25857.5,25851.5,25853,333,6,1,3.5,1.5,-1,,,,
MNQ DEC25,1s,1,664,2025-10-27 09:31:05,25852.75,25853,25850.25,25851.5,212,2.75,1.25,0.25,1.25,-1,,,,
MNQ DEC25,1s,1,665,2025-10-27 09:31:06,25851.75,25853.75,25851.25,25852.25,102,2.5,0.5,1.5,0.5,1,,,,
MNQ DEC25,1s,1,666,2025-10-27 09:31:07,25851.75,25854.25,25849.75,25849.75,153,4.5,2,2.5,0,-1,,,,
MNQ DEC25,1s,1,667,2025-10-27 09:31:08,25849.75,25851.25,25847.75,25850.5,110,3.5,0.75,0.75,2,1,,,,
MNQ DEC25,1s,1,668,2025-10-27 09:31:09,25850,25852.25,25848.75,25852,98,3.5,2,0.25,1.25,1,,,,
MNQ DEC25,1s,1,669,2025-10-27 09:31:10,25852.25,25854.75,25852.25,25854.25,91,2.5,2,0.5,0,1,,,,
MNQ DEC25,10s,10,5466,2025-10-27 09:31:10,25847.25,25857.5,25847.25,25854.25,1752,10.25,7,3.25,0,1,451.3,-336.65,-252.71666667,-95.24
MNQ DEC25,1s,1,670,2025-10-27 09:31:11,25853.75,25856.25,25853.5,25855.75,108,2.75,2,0.5,0.25,1,,,,
MNQ DEC25,1s,1,671,2025-10-27 09:31:12,25855.75,25858.75,25854.5,25855.5,244,4.25,0.25,3,1,-1,,,,
MNQ DEC25,1s,1,672,2025-10-27 09:31:13,25854.75,25857,25854.75,25856.25,100,2.25,1.5,0.75,0,1,,,,
MNQ DEC25,1s,1,673,2025-10-27 09:31:14,25856.25,25859.75,25856.25,25857.75,277,3.5,1.5,2,0,1,,,,
MNQ DEC25,1s,1,674,2025-10-27 09:31:15,25858.25,25858.5,25856.25,25857.5,174,2.25,0.75,0.25,1.25,-1,,,,
MNQ DEC25,1s,1,675,2025-10-27 09:31:16,25857.25,25858,25855.5,25855.5,132,2.5,1.75,0.75,0,-1,,,,
MNQ DEC25,1s,1,676,2025-10-27 09:31:17,25855.25,25856.5,25853.5,25855.75,112,3,0.5,0.75,1.75,1,,,,
MNQ DEC25,1s,1,677,2025-10-27 09:31:18,25856.25,25857.25,25854.25,25854.75,92,3,1.5,1,0.5,-1,,,,
MNQ DEC25,1s,1,678,2025-10-27 09:31:19,25856,25857,25855,25855,115,2,1,1,0,-1,,,,
MNQ DEC25,1s,1,679,2025-10-27 09:31:20,25855,25856,25854.5,25855.75,141,1.5,0.75,0.25,0.5,1,,,,
MNQ DEC25,10s,10,5467,2025-10-27 09:31:20,25853.75,25859.75,25853.5,25855.75,1495,6.25,2,4,0.25,1,469.2,17.9,-264.96666667,-118.81
MNQ DEC25,20s,20,5733,2025-10-27 09:31:20,25847.25,25859.75,25847.25,25855.75,3247,12.5,8.5,4,0,1,1927,405.05,301.78333333,359.37
MNQ DEC25,1s,1,680,2025-10-27 09:31:21,25856,25859,25855.75,25857,126,3.25,1,2,0.25,1,,,,
MNQ DEC25,1s,1,681,2025-10-27 09:31:22,25857.25,25858.75,25854.25,25855,95,4.5,2.25,1.5,0.75,-1,,,,
MNQ DEC25,1s,1,682,2025-10-27 09:31:23,25855.25,25857.5,25854.5,25855.25,86,3,0,2.25,0.75,0,,,,
MNQ DEC25,1s,1,683,2025-10-27 09:31:24,25855.5,25856.5,25855,25855.75,82,1.5,0.25,0.75,0.5,1,,,,
MNQ DEC25,1s,1,684,2025-10-27 09:31:25,25856,25858.75,25854.5,25856.75,94,4.25,0.75,2,1.5,1,,,,
MNQ DEC25,1s,1,685,2025-10-27 09:31:26,25857.25,25858.25,25856.25,25856.25,72,2,1,1,0,-1,,,,
MNQ DEC25,1s,1,686,2025-10-27 09:31:27,25856.25,25856.25,25854.5,25855.5,72,1.75,0.75,0,1,-1,,,,
MNQ DEC25,1s,1,687,2025-10-27 09:31:28,25855.25,25856.25,25854.75,25854.75,54,1.5,0.5,1,0,-1,,,,
MNQ DEC25,1s,1,688,2025-10-27 09:31:29,25855,25855,25853.25,25854,60,1.75,1,0,0.75,-1,,,,
MNQ DEC25,1s,1,689,2025-10-27 09:31:30,25854,25855,25853.5,25854.25,43,1.5,0.25,0.75,0.5,1,,,,
MNQ DEC25,10s,10,5468,2025-10-27 09:31:30,25856,25859,25853.25,25854.25,784,5.75,1.75,3,1,-1,365.5,-103.7,-140.81666667,-168.79
MNQ DEC25,1s,1,690,2025-10-27 09:31:31,25854.75,25855.5,25854,25855,63,1.5,0.25,0.5,0.75,1,,,,
MNQ DEC25,1s,1,691,2025-10-27 09:31:32,25855.5,25856,25854.25,25856,86,1.75,0.5,0,1.25,1,,,,
MNQ DEC25,1s,1,692,2025-10-27 09:31:33,25856.25,25858.5,25856,25857.75,105,2.5,1.5,0.75,0.25,1,,,,
MNQ DEC25,1s,1,693,2025-10-27 09:31:34,25858.5,25858.75,25856.75,25857.5,45,2,1,0.25,0.75,-1,,,,
MNQ DEC25,1s,1,694,2025-10-27 09:31:35,25857,25858,25855.75,25857.5,56,2.25,0.5,0.5,1.25,1,,,,
MNQ DEC25,1s,1,695,2025-10-27 09:31:36,25857.75,25858,25856,25856.5,146,2,1.25,0.25,0.5,-1,,,,
MNQ DEC25,1s,1,696,2025-10-27 09:31:37,25856.5,25856.75,25853.25,25854.75,85,3.5,1.75,0.25,1.5,-1,,,,
MNQ DEC25,1s,1,697,2025-10-27 09:31:38,25854.75,25857.25,25854.5,25856.75,72,2.75,2,0.5,0.25,1,,,,
MNQ DEC25,1s,1,698,2025-10-27 09:31:39,25856.75,25858,25856.5,25857.75,54,1.5,1,0.25,0.25,1,,,,
MNQ DEC25,1s,1,699,2025-10-27 09:31:40,25857.75,25859,25857,25858.25,84,2,0.5,0.75,0.75,1,,,,
MNQ DEC25,10s,10,5469,2025-10-27 09:31:40,25854.75,25859,25853.25,25858.25,796,5.75,3.5,0.75,1.5,1,256.35,-109.15,-64.98333333,-201.55
MNQ DEC25,20s,20,5734,2025-10-27 09:31:40,25856,25859,25853.25,25858.25,1580,5.75,2.25,0.75,2.75,1,1987.35,60.35,240.18333333,373.04
MNQ DEC25,1s,1,700,2025-10-27 09:31:41,25857.75,25858.75,25855.25,25855.75,73,3.5,2,1,0.5,-1,,,,
MNQ DEC25,1s,1,701,2025-10-27 09:31:42,25855.75,25858.75,25855.75,25858.75,36,3,3,0,0,1,,,,
MNQ DEC25,1s,1,702,2025-10-27 09:31:43,25858.75,25858.75,25857.75,25858.75,45,1,0,0,1,0,,,,
MNQ DEC25,1s,1,703,2025-10-27 09:31:44,25858.25,25858.25,25852.25,25852.75,120,6,5.5,0,0.5,-1,,,,
MNQ DEC25,1s,1,704,2025-10-27 09:31:45,25852.25,25853.25,25851.75,25852,125,1.5,0.25,1,0.25,-1,,,,
MNQ DEC25,1s,1,705,2025-10-27 09:31:46,25851.75,25852.75,25850.75,25852.75,133,2,1,0,1,1,,,,
MNQ DEC25,1s,1,706,2025-10-27 09:31:47,25853.5,25853.75,25848.5,25850,163,5.25,3.5,0.25,1.5,-1,,,,
MNQ DEC25,1s,1,707,2025-10-27 09:31:48,25849.5,25852.5,25848.5,25851.25,122,4,1.75,1.25,1,1,,,,
MNQ DEC25,1s,1,708,2025-10-27 09:31:49,25851.5,25853,25851,25853,64,2,1.5,0,0.5,1,,,,
MNQ DEC25,1s,1,709,2025-10-27 09:31:50,25852.75,25854.5,25852.25,25853.75,136,2.25,1,0.75,0.5,1,,,,
MNQ DEC25,10s,10,5470,2025-10-27 09:31:50,25857.75,25858.75,25848.5,25853.75,1017,10.25,4,1,5.25,-1,207.1,-49.25,-87.36666667,-116.17
MNQ DEC25,1s,1,710,2025-10-27 09:31:51,25854.5,25857,25853.75,25855.5,120,3.25,1,1.5,0.75,1,,,,
MNQ DEC25,1s,1,711,2025-10-27 09:31:52,25855,25856.75,25854.5,25855.25,46,2.25,0.25,1.5,0.5,1,,,,
MNQ DEC25,1s,1,712,2025-10-27 09:31:53,25855,25855,25849.75,25850.25,90,5.25,4.75,0,0.5,-1,,,,
MNQ DEC25,1s,1,713,2025-10-27 09:31:54,25850.5,25851.75,25849.75,25850.25,101,2,0.25,1.25,0.5,-1,,,,
MNQ DEC25,1s,1,714,2025-10-27 09:31:55,25851,25851.25,25849.25,25850.25,109,2,0.75,0.25,1,-1,,,,
MNQ DEC25,1s,1,715,2025-10-27 09:31:56,25849.5,25851.25,25849,25849.75,42,2.25,0.25,1.5,0.5,1,,,,
MNQ DEC25,1s,1,716,2025-10-27 09:31:57,25850,25850.25,25847.5,25847.5,86,2.75,2.5,0.25,0,-1,,,,
MNQ DEC25,1s,1,717,2025-10-27 09:31:58,25847.5,25849.75,25846.25,25847,231,3.5,0.5,2.25,0.75,-1,,,,
MNQ DEC25,1s,1,718,2025-10-27 09:31:59,25847.75,25848.75,25846.25,25847.75,55,2.5,0,1,1.5,0,,,,
MNQ DEC25,1s,1,719,2025-10-27 09:32:00,25847.75,25849.25,25845.5,25846.75,180,3.75,1,1.5,1.25,-1,,,,
MNQ DEC25,10s,10,5471,2025-10-27 09:32:00,25854.5,25857,25845.5,25846.75,1060,11.5,7.75,2.5,1.25,-1,21.2,-185.9,-114.76666667,-86.02
MNQ DEC25,20s,20,5735,2025-10-27 09:32:00,25857.75,25858.75,25845.5,25846.75,2077,13.25,11,1,1.25,-1,1068.6,-918.75,-151.11666667,9.39
MNQ DEC25,1s,1,720,2025-10-27 09:32:01,25846.75,25846.75,25844.75,25844.75,171,2,2,0,0,-1,,,,
MNQ DEC25,1s,1,721,2025-10-27 09:32:02,25844.75,25846.25,25844,25846.25,181,2.25,1.5,0,0.75,1,,,,
MNQ DEC25,1s,1,722,2025-10-27 09:32:03,25845.75,25845.75,25844.25,25845.75,111,1.5,0,0,1.5,0,,,,
MNQ DEC25,1s,1,723,2025-10-27 09:32:04,25845.5,25849,25844.75,25848.5,97,4.25,3,0.5,0.75,1,,,,
MNQ DEC25,1s,1,724,2025-10-27 09:32:05,25848.75,25850.5,25847,25847.75,139,3.5,1,1.75,0.75,-1,,,,
MNQ DEC25,1s,1,725,2025-10-27 09:32:06,25847.75,25849.5,25847.25,25847.75,90,2.25,0,1.75,0.5,0,,,,
MNQ DEC25,1s,1,726,2025-10-27 09:32:07,25848,25848.5,25847,25848,57,1.5,0,0.5,1,0,,,,
MNQ DEC25,1s,1,727,2025-10-27 09:32:08,25848.75,25851.25,25847.25,25847.25,124,4,1.5,2.5,0,-1,,,,
MNQ DEC25,1s,1,728,2025-10-27 09:32:09,25847.5,25848,25846.25,25846.75,135,1.75,0.75,0.5,0.5,-1,,,,
MNQ DEC25,1s,1,729,2025-10-27 09:32:10,25847.25,25850,25847,25848.75,61,3,1.5,1.25,0.25,1,,,,
MNQ DEC25,10s,10,5472,2025-10-27 09:32:10,25846.75,25851.25,25844,25848.75,1166,7.25,2,2.5,2.75,1,-88.85,-110.05,-115.06666667,-111.61
MNQ DEC25,1s,1,730,2025-10-27 09:32:11,25848.75,25850.25,25847,25847,93,3.25,1.75,1.5,0,-1,,,,
MNQ DEC25,1s,1,731,2025-10-27 09:32:12,25848,25848.5,25846.5,25847.5,51,2,0.5,0.5,1,-1,,,,
MNQ DEC25,1s,1,732,2025-10-27 09:32:13,25847.75,25851.25,25847.75,25850,76,3.5,2.25,1.25,0,1,,,,
MNQ DEC25,1s,1,733,2025-10-27 09:32:14,25850.25,25851,25849.75,25850.25,55,1.25,0,0.75,0.5,0,,,,
MNQ DEC25,1s,1,734,2025-10-27 09:32:15,25849.5,25849.75,25847.25,25847.5,56,2.5,2,0.25,0.25,-1,,,,
MNQ DEC25,1s,1,735,2025-10-27 09:32:16,25848.25,25849,25847,25848.5,62,2,0.25,0.5,1.25,1,,,,
MNQ DEC25,1s,1,736,2025-10-27 09:32:17,25849.25,25849.25,25845.75,25846.75,74,3.5,2.5,0,1,-1,,,,
MNQ DEC25,1s,1,737,2025-10-27 09:32:18,25846.75,25847.25,25846,25847,56,1.25,0.25,0.25,0.75,1,,,,
MNQ DEC25,1s,1,738,2025-10-27 09:32:19,25846.25,25846.25,25845,25845.25,53,1.25,1,0,0.25,-1,,,,
MNQ DEC25,1s,1,739,2025-10-27 09:32:20,25845.5,25845.5,25841.25,25841.5,162,4.25,4,0,0.25,-1,,,,
MNQ DEC25,10s,10,5473,2025-10-27 09:32:20,25848.75,25851.25,25841.25,25841.5,738,10,7.25,2.5,0.25,-1,-120.6,-31.75,-109.23333333,-97.22
MNQ DEC25,20s,20,5736,2025-10-27 09:32:20,25846.75,25851.25,25841.25,25841.5,1904,10,5.25,4.5,0.25,-1,925.85,-142.75,-333.71666667,-68.19
MNQ DEC25,1s,1,740,2025-10-27 09:32:21,25841.5,25842.5,25839.75,25841,247,2.75,0.5,1,1.25,-1,,,,
MNQ DEC25,1s,1,741,2025-10-27 09:32:22,25841.25,25842.75,25840.25,25840.5,113,2.5,0.75,1.5,0.25,-1,,,,
MNQ DEC25,1s,1,742,2025-10-27 09:32:23,25840.25,25842.5,25840,25842,101,2.5,1.75,0.5,0.25,1,,,,
MNQ DEC25,1s,1,743,2025-10-27 09:32:24,25842.5,25842.5,25838,25838.25,210,4.5,4.25,0,0.25,-1,,,,
MNQ DEC25,1s,1,744,2025-10-27 09:32:25,25838.25,25840.75,25838.25,25839.75,99,2.5,1.5,1,0,1,,,,
MNQ DEC25,1s,1,745,2025-10-27 09:32:26,25840,25841.75,25838,25839.5,107,3.75,0.5,1.75,1.5,-1,,,,
MNQ DEC25,1s,1,746,2025-10-27 09:32:27,25839,25841.25,25838.75,25840,80,2.5,1,1.25,0.25,1,,,,
MNQ DEC25,1s,1,747,2025-10-27 09:32:28,25840,25840.5,25837.25,25838.25,85,3.25,1.75,0.5,1,-1,,,,
MNQ DEC25,1s,1,748,2025-10-27 09:32:29,25837.75,25839.5,25837,25837,76,2.5,0.75,1.75,0,-1,,,,
MNQ DEC25,1s,1,749,2025-10-27 09:32:30,25837.25,25838.75,25836.75,25838.5,119,2,1.25,0.25,0.5,1,,,,
MNQ DEC25,10s,10,5474,2025-10-27 09:32:30,25841.5,25842.75,25836.75,25838.5,1237,6,3,1.25,1.75,-1,-83.15,37.45,-34.78333333,-67.9
MNQ DEC25,1s,1,750,2025-10-27 09:32:31,25838.5,25843.75,25837.5,25842.25,151,6.25,3.75,1.5,1,1,,,,
MNQ DEC25,1s,1,751,2025-10-27 09:32:32,25843,25843,25838.75,25840.25,110,4.25,2.75,0,1.5,-1,,,,
MNQ DEC25,1s,1,752,2025-10-27 09:32:33,25840.25,25840.25,25838.25,25839.25,63,2,1,0,1,-1,,,,
MNQ DEC25,1s,1,753,2025-10-27 09:32:34,25839.75,25839.75,25837.75,25839,31,2,0.75,0,1.25,-1,,,,
MNQ DEC25,1s,1,754,2025-10-27 09:32:35,25838.5,25838.5,25836.25,25836.25,120,2.25,2.25,0,0,-1,,,,
MNQ DEC25,1s,1,755,2025-10-27 09:32:36,25836.25,25838,25834.25,25836,219,3.75,0.25,1.75,1.75,-1,,,,
MNQ DEC25,1s,1,756,2025-10-27 09:32:37,25835.5,25836.25,25832,25835.75,241,4.25,0.25,0.5,3.5,1,,,,
MNQ DEC25,1s,1,757,2025-10-27 09:32:38,25835.25,25836.75,25834.25,25835.25,166,2.5,0,1.5,1,0,,,,
MNQ DEC25,1s,1,758,2025-10-27 09:32:39,25835.25,25836.5,25835,25836,99,1.5,0.75,0.5,0.25,1,,,,
MNQ DEC25,1s,1,759,2025-10-27 09:32:40,25835.75,25838.25,25835.25,25835.5,117,3,0.25,2.5,0.25,-1,,,,
MNQ DEC25,10s,10,5475,2025-10-27 09:32:40,25838.5,25843.75,25832,25835.5,1317,11.75,3,5.25,3.5,-1,-76.95,6.2,3.96666667,-56.81
MNQ DEC25,20s,20,5737,2025-10-27 09:32:40,25841.5,25843.75,25832,25835.5,2554,11.75,6,2.25,3.5,-1,870.95,-54.9,-372.13333333,-130.2
MNQ DEC25,1s,1,760,2025-10-27 09:32:41,25835.5,25839.25,25835.25,25838.25,75,4,2.75,1,0.25,1,,,,
MNQ DEC25,1s,1,761,2025-10-27 09:32:42,25838.25,25839.25,25838,25839,67,1.25,0.75,0.25,0.25,1,,,,
MNQ DEC25,1s,1,762,2025-10-27 09:32:43,25838.75,25840,25837.75,25839.75,88,2.25,1,0.25,1,1,,,,
MNQ DEC25,1s,1,763,2025-10-27 09:32:44,25839.25,25842.5,25839.25,25841.25,140,3.25,2,1.25,0,1,,,,
MNQ DEC25,1s,1,764,2025-10-27 09:32:45,25841.5,25844.75,25841.25,25842,146,3.5,0.5,2.75,0.25,1,,,,
MNQ DEC25,1s,1,765,2025-10-27 09:32:46,25841.5,25843.5,25840.25,25843,107,3.25,1.5,0.5,1.25,1,,,,
MNQ DEC25,1s,1,766,2025-10-27 09:32:47,25843,25843,25839.5,25840.25,46,3.5,2.75,0,0.75,-1,,,,
MNQ DEC25,1s,1,767,2025-10-27 09:32:48,25840.75,25842.25,25840.25,25841,61,2,0.25,1.25,0.5,1,,,,
MNQ DEC25,1s,1,768,2025-10-27 09:32:49,25841,25844.25,25841,25843.5,83,3.25,2.5,0.75,0,1,,,,
MNQ DEC25,1s,1,769,2025-10-27 09:32:50,25844.5,25844.5,25841.5,25843.5,66,3,1,0,2,-1,,,,
MNQ DEC25,10s,10,5476,2025-10-27 09:32:50,25835.5,25844.75,25835.25,25843.5,879,9.5,8,1.25,0.25,1,-144.85,-67.9,-8.08333333,-33.21
MNQ DEC25,1s,1,770,2025-10-27 09:32:51,25843.25,25843.75,25841.5,25842.5,60,2.25,0.75,0.5,1,-1,,,,
MNQ DEC25,1s,1,771,2025-10-27 09:32:52,25842.5,25844,25840,25840,81,4,2.5,1.5,0,-1,,,,
MNQ DEC25,1s,1,772,2025-10-27 09:32:53,25840.25,25841.75,25840.25,25841.5,43,1.5,1.25,0.25,0,1,,,,
MNQ DEC25,1s,1,773,2025-10-27 09:32:54,25841.5,25844.25,25841.5,25842.75,49,2.75,1.25,1.5,0,1,,,,
MNQ DEC25,1s,1,774,2025-10-27 09:32:55,25842.5,25844,25842.5,25843.5,50,1.5,1,0.5,0,1,,,,
MNQ DEC25,1s,1,775,2025-10-27 09:32:56,25843.25,25843.25,25841.25,25841.25,24,2,2,0,0,-1,,,,
MNQ DEC25,1s,1,776,2025-10-27 09:32:57,25841.25,25841.75,25839.5,25839.75,55,2.25,1.5,0.5,0.25,-1,,,,
MNQ DEC25,1s,1,777,2025-10-27 09:32:58,25840,25840.75,25839,25839.5,72,1.75,0.5,0.75,0.5,-1,,,,
MNQ DEC25,1s,1,778,2025-10-27 09:32:59,25839.5,25840,25839,25839.5,49,1,0,0.5,0.5,0,,,,
MNQ DEC25,1s,1,779,2025-10-27 09:33:00,25839.75,25840.25,25839,25839.25,48,1.25,0.5,0.5,0.25,-1,,,,
MNQ DEC25,10s,10,5477,2025-10-27 09:33:00,25843.25,25844.25,25839,25839.25,531,5.25,4,1,0.25,-1,-289.3,-144.45,-68.71666667,-40.09
MNQ DEC25,20s,20,5738,2025-10-27 09:33:00,25835.5,25844.75,25835.25,25839.25,1410,9.5,3.75,5.5,0.25,1,452.95,-418,-205.21666667,-294.81
MNQ DEC25,1s,1,780,2025-10-27 09:33:01,25839,25841,25838.5,25840.75,79,2.5,1.75,0.25,0.5,1,,,,
MNQ DEC25,1s,1,781,2025-10-27 09:33:02,25840.5,25842.5,25840.5,25842,75,2,1.5,0.5,0,1,,,,
MNQ DEC25,1s,1,782,2025-10-27 09:33:03,25842,25842.75,25841,25842,71,1.75,0,0.75,1,0,,,,
MNQ DEC25,1s,1,783,2025-10-27 09:33:04,25842.25,25842.75,25841.25,25842.75,44,1.5,0.5,0,1,1,,,,
MNQ DEC25,1s,1,784,2025-10-27 09:33:05,25842.25,25845.75,25842,25845.25,119,3.75,3,0.5,0.25,1,,,,
MNQ DEC25,1s,1,785,2025-10-27 09:33:06,25845.25,25849.5,25845.25,25848.5,184,4.25,3.25,1,0,1,,,,
MNQ DEC25,1s,1,786,2025-10-27 09:33:07,25848.5,25849.75,25847.75,25849.5,114,2,1,0.25,0.75,1,,,,
MNQ DEC25,1s,1,787,2025-10-27 09:33:08,25849.5,25851.5,25847.75,25849.5,186,3.75,0,2,1.75,0,,,,
MNQ DEC25,1s,1,788,2025-10-27 09:33:09,25849,25850,25847.75,25848,105,2.25,1,1,0.25,-1,,,,
MNQ DEC25,1s,1,789,2025-10-27 09:33:10,25848,25849,25845.75,25846.25,83,3.25,1.75,1,0.5,-1,,,,
MNQ DEC25,10s,10,5478,2025-10-27 09:33:10,25839,25851.5,25838.5,25846.25,1060,13,7.25,5.25,0.5,1,-265.9,23.4,-62.98333333,-29.06
MNQ DEC25,1s,1,790,2025-10-27 09:33:11,25846,25847.25,25846,25846.25,73,1.25,0.25,1,0,1,,,,
MNQ DEC25,1s,1,791,2025-10-27 09:33:12,25847.25,25847.25,25843.25,25843.75,73,4,3.5,0,0.5,-1,,,,
MNQ DEC25,1s,1,792,2025-10-27 09:33:13,25843.75,25844.25,25840.5,25840.75,92,3.75,3,0.5,0.25,-1,,,,
MNQ DEC25,1s,1,793,2025-10-27 09:33:14,25841.25,25844,25841.25,25844,70,2.75,2.75,0,0,1,,,,
MNQ DEC25,1s,1,794,2025-10-27 09:33:15,25844.25,25846,25843.75,25845.25,93,2.25,1,0.75,0.5,1,,,,
MNQ DEC25,1s,1,795,2025-10-27 09:33:16,25845.5,25845.75,25842,25842,34,3.75,3.5,0.25,0,-1,,,,
MNQ DEC25,1s,1,796,2025-10-27 09:33:17,25842.25,25842.25,25840.25,25840.5,77,2,1.75,0,0.25,-1,,,,
MNQ DEC25,1s,1,797,2025-10-27 09:33:18,25840.25,25840.5,25838.5,25839.25,95,2,1,0.25,0.75,-1,,,,
MNQ DEC25,1s,1,798,2025-10-27 09:33:19,25839,25839.5,25836.75,25836.75,156,2.75,2.25,0.5,0,-1,,,,
MNQ DEC25,1s,1,799,2025-10-27 09:33:20,25837,25840,25835.75,25839.25,114,4.25,2.25,0.75,1.25,1,,,,
MNQ DEC25,10s,10,5479,2025-10-27 09:33:20,25846,25847.25,25835.75,25839.25,877,11.5,6.75,1.25,3.5,-1,-348.2,-82.3,-67.78333333,-53.01
MNQ DEC25,20s,20,5739,2025-10-27 09:33:20,25839,25851.5,25835.75,25839.25,1937,15.75,0.25,12.25,3.25,1,444.15,-8.8,-160.56666667,-308.64
MNQ DEC25,1s,1,800,2025-10-27 09:33:21,25840,25840,25837.5,25837.75,61,2.5,2.25,0,0.25,-1,,,,
MNQ DEC25,1s,1,801,2025-10-27 09:33:22,25837.5,25838.5,25836.5,25837.75,86,2,0.25,0.75,1,1,,,,
MNQ DEC25,1s,1,802,2025-10-27 09:33:23,25838,25838.5,25837.25,25837.25,65,1.25,0.75,0.5,0,-1,,,,
MNQ DEC25,1s,1,803,2025-10-27 09:33:24,25837.75,25842,25837.25,25841,106,4.75,3.25,1,0.5,1,,,,
MNQ DEC25,1s,1,804,2025-10-27 09:33:25,25840.25,25841,25839,25839.75,35,2,0.5,0.75,0.75,-1,,,,
MNQ DEC25,1s,1,805,2025-10-27 09:33:26,25839.25,25840.25,25838.75,25839.75,39,1.5,0.5,0.5,0.5,1,,,,
MNQ DEC25,1s,1,806,2025-10-27 09:33:27,25839.5,25840.5,25838.25,25840.25,38,2.25,0.75,0.25,1.25,1,,,,
MNQ DEC25,1s,1,807,2025-10-27 09:33:28,25839.5,25840.75,25839,25840.25,27,1.75,0.75,0.5,0.5,1,,,,
MNQ DEC25,1s,1,808,2025-10-27 09:33:29,25840.25,25843.75,25840.25,25843.75,65,3.5,3.5,0,0,1,,,,
MNQ DEC25,1s,1,809,2025-10-27 09:33:30,25844,25844.25,25842.5,25843.75,67,1.75,0.25,0.25,1.25,-1,,,,
MNQ DEC25,10s,10,5480,2025-10-27 09:33:30,25840,25844.25,25836.5,25843.75,589,7.75,3.75,0.5,3.5,1,-361,-12.8,-23.9,-56.81
MNQ DEC25,1s,1,810,2025-10-27 09:33:31,25843.5,25845.5,25843,25844.75,55,2.5,1.25,0.75,0.5,1,,,,
MNQ DEC25,1s,1,811,2025-10-27 09:33:32,25844.5,25846,25843.5,25843.5,42,2.5,1,1.5,0,-1,,,,
MNQ DEC25,1s,1,812,2025-10-27 09:33:33,25843.25,25844,25842,25842,39,2,1.25,0.75,0,-1,,,,
MNQ DEC25,1s,1,813,2025-10-27 09:33:34,25842.5,25844,25841.25,25843.75,54,2.75,1.25,0.25,1.25,1,,,,
MNQ DEC25,1s,1,814,2025-10-27 09:33:35,25843.5,25845.25,25842.5,25842.5,52,2.75,1,1.75,0,-1,,,,
MNQ DEC25,1s,1,815,2025-10-27 09:33:36,25843,25845.75,25842.5,25845.25,35,3.25,2.25,0.5,0.5,1,,,,
MNQ DEC25,1s,1,816,2025-10-27 09:33:37,25845,25845,25843.5,25844,22,1.5,1,0,0.5,-1,,,,
MNQ DEC25,1s,1,817,2025-10-27 09:33:38,25844.5,25847,25844,25846.75,51,3,2.25,0.25,0.5,1,,,,
MNQ DEC25,1s,1,818,2025-10-27 09:33:39,25847,25850.5,25847,25850.25,122,3.5,3.25,0.25,0,1,,,,
MNQ DEC25,1s,1,819,2025-10-27 09:33:40,25849.75,25849.75,25847.5,25848.25,121,2.25,1.5,0,0.75,-1,,,,
MNQ DEC25,10s,10,5481,2025-10-27 09:33:40,25843.5,25850.5,25841.25,25848.25,593,9.25,4.75,2.25,2.25,1,-294.35,66.65,-9.48333333,-29.9
MNQ DEC25,20s,20,5740,2025-10-27 09:33:40,25840,25850.5,25836.5,25848.25,1182,14,8.25,2.25,3.5,1,218.95,-225.2,-217.33333333,-169.93
MNQ DEC25,1s,1,820,2025-10-27 09:33:41,25847.75,25848.75,25846,25847.25,92,2.75,0.5,1,1.25,-1,,,,
MNQ DEC25,1s,1,821,2025-10-27 09:33:42,25847.25,25847.5,25846,25846.25,44,1.5,1,0.25,0.25,-1,,,,
MNQ DEC25,1s,1,822,2025-10-27 09:33:43,25846,25847.25,25845.75,25847.25,25,1.5,1.25,0,0.25,1,,,,
MNQ DEC25,1s,1,823,2025-10-27 09:33:44,25846.75,25847.25,25845.25,25846.25,39,2,0.5,0.5,1,-1,,,,
MNQ DEC25,1s,1,824,2025-10-27 09:33:45,25846.25,25847,25845,25845.25,48,2,1,0.75,0.25,-1,,,,
MNQ DEC25,1s,1,825,2025-10-27 09:33:46,25844.75,25847,25843.5,25846.5,49,3.5,1.75,0.5,1.25,1,,,,
MNQ DEC25,1s,1,826,2025-10-27 09:33:47,25846.75,25848.25,25846.75,25848.25,32,1.5,1.5,0,0,1,,,,
MNQ DEC25,1s,1,827,2025-10-27 09:33:48,25847.75,25848.5,25847,25847.25,36,1.5,0.5,0.75,0.25,-1,,,,
MNQ DEC25,1s,1,828,2025-10-27 09:33:49,25847.25,25847.75,25845.75,25845.75,30,2,1.5,0.5,0,-1,,,,
MNQ DEC25,1s,1,829,2025-10-27 09:33:50,25845.75,25846.25,25844.5,25845.5,30,1.75,0.25,0.5,1,-1,,,,
MNQ DEC25,10s,10,5482,2025-10-27 09:33:50,25847.75,25848.75,25843.5,25845.5,425,5.25,2.25,1,2,-1,-282.65,11.7,21.85,1.33
MNQ DEC25,1s,1,830,2025-10-27 09:33:51,25846,25846.25,25845,25845,39,1.25,1,0.25,0,-1,,,,
MNQ DEC25,1s,1,831,2025-10-27 09:33:52,25844.75,25846,25844.25,25845.25,42,1.75,0.5,0.75,0.5,1,,,,
MNQ DEC25,1s,1,832,2025-10-27 09:33:53,25845,25846,25844.75,25846,8,1.25,1,0,0.25,1,,,,
MNQ DEC25,1s,1,833,2025-10-27 09:33:54,25846.5,25848,25846,25848,68,2,1.5,0,0.5,1,,,,
MNQ DEC25,1s,1,834,2025-10-27 09:33:55,25847.5,25848.75,25847.25,25847.75,41,1.5,0.25,1,0.25,1,,,,
MNQ DEC25,1s,1,835,2025-10-27 09:33:56,25848.25,25848.5,25846.75,25848.25,95,1.75,0,0.25,1.5,0,,,,
MNQ DEC25,1s,1,836,2025-10-27 09:33:57,25848.5,25848.75,25847,25847,37,1.75,1.5,0.25,0,-1,,,,
MNQ DEC25,1s,1,837,2025-10-27 09:33:58,25846,25848.25,25846,25847.5,30,2.25,1.5,0.75,0,1,,,,
MNQ DEC25,1s,1,838,2025-10-27 09:33:59,25848,25849.5,25847.5,25848.75,69,2,0.75,0.75,0.5,1,,,,
MNQ DEC25,1s,1,839,2025-10-27 09:34:00,25848.5,25848.75,25847,25847,45,1.75,1.5,0.25,0,-1,,,,
MNQ DEC25,10s,10,5483,2025-10-27 09:34:00,25846,25849.5,25844.25,25847,474,5.25,1,2.5,1.75,1,-360.95,-78.3,0.01666667,-19.01
MNQ DEC25,20s,20,5741,2025-10-27 09:34:00,25847.75,25849.5,25843.5,25847,899,6,0.75,1.75,3.5,-1,-10.9,-229.85,-154.61666667,-187.35
MNQ DEC25,1s,1,840,2025-10-27 09:34:01,25847.75,25848.25,25843.5,25844,153,4.75,3.75,0.5,0.5,-1,,,,
MNQ DEC25,1s,1,841,2025-10-27 09:34:02,25844.75,25846.25,25844,25845.5,54,2.25,0.75,0.75,0.75,1,,,,
MNQ DEC25,1s,1,842,2025-10-27 09:34:03,25845.5,25847.25,25845.5,25846,26,1.75,0.5,1.25,0,1,,,,
MNQ DEC25,1s,1,843,2025-10-27 09:34:04,25846,25847.5,25845.5,25847.25,66,2,1.25,0.25,0.5,1,,,,
MNQ DEC25,1s,1,844,2025-10-27 09:34:05,25847.25,25847.5,25845.25,25845.25,19,2.25,2,0.25,0,-1,,,,
MNQ DEC25,1s,1,845,2025-10-27 09:34:06,25845.25,25846.5,25845,25845,24,1.5,0.25,1.25,0,-1,,,,
MNQ DEC25,1s,1,846,2025-10-27 09:34:07,25845.5,25845.5,25843.5,25843.5,47,2,2,0,0,-1,,,,
MNQ DEC25,1s,1,847,2025-10-27 09:34:08,25843.5,25844.25,25842.5,25843.5,52,1.75,0,0.75,1,0,,,,
MNQ DEC25,1s,1,848,2025-10-27 09:34:09,25844.25,25845.5,25842.5,25843,27,3,1.25,1.25,0.5,-1,,,,
MNQ DEC25,1s,1,849,2025-10-27 09:34:10,25843.75,25844.25,25841.5,25841.75,54,2.75,2,0.5,0.25,-1,,,,
MNQ DEC25,10s,10,5484,2025-10-27 09:34:10,25847.75,25848.25,25841.5,25841.75,522,6.75,6,0.5,0.25,-1,-397.9,-36.95,-34.51666667,-9.94
MNQ DEC25,1s,1,850,2025-10-27 09:34:11,25842,25843.25,25840,25840.5,82,3.25,1.5,1.25,0.5,-1,,,,
MNQ DEC25,1s,1,851,2025-10-27 09:34:12,25840.5,25841.25,25840.25,25841.25,42,1,0.75,0,0.25,1,,,,
MNQ DEC25,1s,1,852,2025-10-27 09:34:13,25841,25841,25837.5,25838.25,110,3.5,2.75,0,0.75,-1,,,,
MNQ DEC25,1s,1,853,2025-10-27 09:34:14,25838.5,25839.25,25837.5,25838.5,51,1.75,0,0.75,1,0,,,,
MNQ DEC25,1s,1,854,2025-10-27 09:34:15,25839.25,25839.75,25837.25,25837.25,56,2.5,2,0.5,0,-1,,,,
MNQ DEC25,1s,1,855,2025-10-27 09:34:16,25837.5,25838.75,25837.25,25838.25,47,1.5,0.75,0.5,0.25,1,,,,
MNQ DEC25,1s,1,856,2025-10-27 09:34:17,25838.75,25840.25,25837.75,25838.25,52,2.5,0.5,1.5,0.5,-1,,,,
MNQ DEC25,1s,1,857,2025-10-27 09:34:18,25838,25838.75,25837.5,25837.5,35,1.25,0.5,0.75,0,-1,,,,
MNQ DEC25,1s,1,858,2025-10-27 09:34:19,25837.5,25838.25,25836,25836.25,87,2.25,1.25,0.75,0.25,-1,,,,
MNQ DEC25,1s,1,859,2025-10-27 09:34:20,25836.75,25837.25,25831,25832.5,381,6.25,4.25,0.5,1.5,-1,,,,
MNQ DEC25,10s,10,5485,2025-10-27 09:34:20,25842,25843.25,25831,25832.5,943,12.25,9.5,1.25,1.5,-1,-321.35,76.55,-12.9,7.93
MNQ DEC25,20s,20,5742,2025-10-27 09:34:20,25847.75,25848.25,25831,25832.5,1465,17.25,15.25,0.5,1.5,-1,-279.4,-268.5,-241.18333333,-230.07
MNQ DEC25,1s,1,860,2025-10-27 09:34:21,25832.75,25834.25,25832.5,25833,154,1.75,0.25,1.25,0.25,1,,,,
MNQ DEC25,1s,1,861,2025-10-27 09:34:22,25833,25834.25,25831.75,25832.25,130,2.5,0.75,1.25,0.5,-1,,,,
MNQ DEC25,1s,1,862,2025-10-27 09:34:23,25832.25,25832.25,25830.5,25831.25,151,1.75,1,0,0.75,-1,,,,
MNQ DEC25,1s,1,863,2025-10-27 09:34:24,25831.25,25831.5,25828.25,25829.25,251,3.25,2,0.25,1,-1,,,,
MNQ DEC25,1s,1,864,2025-10-27 09:34:25,25828.75,25832,25828,25831,201,4,2.25,1,0.75,1,,,,
MNQ DEC25,1s,1,865,2025-10-27 09:34:26,25831,25833.5,25830.25,25832.5,136,3.25,1.5,1,0.75,1,,,,
MNQ DEC25,1s,1,866,2025-10-27 09:34:27,25832.25,25833.5,25831,25831,74,2.5,1.25,1.25,0,-1,,,,
MNQ DEC25,1s,1,867,2025-10-27 09:34:28,25831.5,25831.75,25830,25830.5,69,1.75,1,0.25,0.5,-1,,,,
MNQ DEC25,1s,1,868,2025-10-27 09:34:29,25830.25,25830.75,25829.5,25830.5,70,1.25,0.25,0.25,0.75,1,,,,
MNQ DEC25,1s,1,869,2025-10-27 09:34:30,25830.25,25830.75,25828.5,25829.25,108,2.25,1,0.5,0.75,-1,,,,
MNQ DEC25,10s,10,5486,2025-10-27 09:34:30,25832.75,25834.25,25828,25829.25,1344,6.25,3.5,1.5,1.25,-1,-150.75,170.6,70.06666667,28.72
MNQ DEC25,1s,1,870,2025-10-27 09:34:31,25829.25,25829.25,25826.75,25826.75,141,2.5,2.5,0,0,-1,,,,
MNQ DEC25,1s,1,871,2025-10-27 09:34:32,25826.5,25827.25,25825.75,25826.75,166,1.5,0.25,0.5,0.75,1,,,,
MNQ DEC25,1s,1,872,2025-10-27 09:34:33,25827,25827,25826,25826.75,74,1,0.25,0,0.75,-1,,,,
MNQ DEC25,1s,1,873,2025-10-27 09:34:34,25827.25,25828.5,25825.5,25828.5,103,3,1.25,0,1.75,1,,,,
MNQ DEC25,1s,1,874,2025-10-27 09:34:35,25828.75,25829.75,25827,25829.5,99,2.75,0.75,0.25,1.75,1,,,,
MNQ DEC25,1s,1,875,2025-10-27 09:34:36,25829.25,25831,25829,25829.75,108,2,0.5,1.25,0.25,1,,,,
MNQ DEC25,1s,1,876,2025-10-27 09:34:37,25830.25,25830.25,25829.25,25830,40,1,0.25,0,0.75,-1,,,,
MNQ DEC25,1s,1,877,2025-10-27 09:34:38,25830,25830.75,25829.25,25829.75,65,1.5,0.25,0.75,0.5,-1,,,,
MNQ DEC25,1s,1,878,2025-10-27 09:34:39,25829.5,25830.25,25829,25830,31,1.25,0.5,0.25,0.5,1,,,,
MNQ DEC25,1s,1,879,2025-10-27 09:34:40,25830,25832,25830,25830.75,81,2,0.75,1.25,0,1,,,,
MNQ DEC25,10s,10,5487,2025-10-27 09:34:40,25829.25,25832,25825.5,25830.75,908,6.5,1.5,1.25,3.75,1,-24.8,125.95,124.36666667,51.57
MNQ DEC25,20s,20,5743,2025-10-27 09:34:40,25832.75,25834.25,25825.5,25830.75,2252,8.75,2,1.5,5.25,-1,-198.8,80.6,-139.25,-130.35
MNQ DEC25,1s,1,880,2025-10-27 09:34:41,25831,25831,25827.75,25828.25,68,3.25,2.75,0,0.5,-1,,,,
MNQ DEC25,1s,1,881,2025-10-27 09:34:42,25828.5,25828.5,25825.75,25826.25,96,2.75,2.25,0,0.5,-1,,,,
MNQ DEC25,1s,1,882,2025-10-27 09:34:43,25825.75,25825.75,25823,25824.25,196,2.75,1.5,0,1.25,-1,,,,
MNQ DEC25,1s,1,883,2025-10-27 09:34:44,25823.75,25826.25,25823.5,25826.25,94,2.75,2.5,0,0.25,1,,,,
MNQ DEC25,1s,1,884,2025-10-27 09:34:45,25825.75,25828.5,25825.5,25828,95,3,2.25,0.5,0.25,1,,,,
MNQ DEC25,1s,1,885,2025-10-27 09:34:46,25828,25828.75,25827,25828.25,70,1.75,0.25,0.5,1,1,,,,
MNQ DEC25,1s,1,886,2025-10-27 09:34:47,25828.25,25828.25,25826.75,25828,62,1.5,0.25,0,1.25,-1,,,,
MNQ DEC25,1s,1,887,2025-10-27 09:34:48,25827.5,25828.75,25826.75,25827.5,69,2,0,1.25,0.75,0,,,,
MNQ DEC25,1s,1,888,2025-10-27 09:34:49,25828.25,25828.75,25827.25,25828.25,35,1.5,0,0.5,1,0,,,,
MNQ DEC25,1s,1,889,2025-10-27 09:34:50,25828.75,25829,25828,25829,33,1,0.25,0,0.75,1,,,,
MNQ DEC25,10s,10,5488,2025-10-27 09:34:50,25831,25831,25823,25829,818,8,2,0,6,-1,42.3,67.1,121.21666667,80.65
MNQ DEC25,1s,1,890,2025-10-27 09:34:51,25828.5,25829.25,25825.5,25826.25,84,3.75,2.25,0.75,0.75,-1,,,,
MNQ DEC25,1s,1,891,2025-10-27 09:34:52,25826.25,25826.75,25825,25825.25,58,1.75,1,0.5,0.25,-1,,,,
MNQ DEC25,1s,1,892,2025-10-27 09:34:53,25825.25,25825.5,25824,25825.5,45,1.5,0.25,0,1.25,1,,,,
MNQ DEC25,1s,1,893,2025-10-27 09:34:54,25825,25826,25823.75,25824,68,2.25,1,1,0.25,-1,,,,
MNQ DEC25,1s,1,894,2025-10-27 09:34:55,25824,25824.25,25820.25,25821.75,223,4,2.25,0.25,1.5,-1,,,,
MNQ DEC25,1s,1,895,2025-10-27 09:34:56,25822,25823.25,25821.25,25822.5,111,2,0.5,0.75,0.75,1,,,,
MNQ DEC25,1s,1,896,2025-10-27 09:34:57,25823,25825.25,25822.25,25824.75,121,3,1.75,0.5,0.75,1,,,,
MNQ DEC25,1s,1,897,2025-10-27 09:34:58,25824.5,25824.75,25823.5,25823.75,59,1.25,0.75,0.25,0.25,-1,,,,
MNQ DEC25,1s,1,898,2025-10-27 09:34:59,25824.25,25824.25,25821.5,25822.75,77,2.75,1.5,0,1.25,-1,,,,
MNQ DEC25,1s,1,899,2025-10-27 09:35:00,25822.75,25823.25,25822,25823,69,1.25,0.25,0.25,0.75,1,,,,
MNQ DEC25,10s,10,5489,2025-10-27 09:35:00,25828.5,25829.25,25820.25,25823,915,9,5.5,0.75,2.75,-1,114.95,72.65,88.56666667,102.57
MNQ DEC25,20s,20,5744,2025-10-27 09:35:00,25831,25831,25820.25,25823,1733,10.75,8,0,2.75,-1,-285.1,-86.3,-91.4,-145.85
MNQ DEC25,1s,1,900,2025-10-27 09:35:01,25823,25825,25821.25,25822.75,257,3.75,0.25,2,1.5,-1,,,,
MNQ DEC25,1s,1,901,2025-10-27 09:35:02,25823.25,25823.25,25820.25,25820.25,112,3,3,0,0,-1,,,,
MNQ DEC25,1s,1,902,2025-10-27 09:35:03,25820.5,25821,25807,25812.75,1082,14,7.75,0.5,5.75,-1,,,,
MNQ DEC25,1s,1,903,2025-10-27 09:35:04,25813,25814.75,25809.25,25811.75,418,5.5,1.25,1.75,2.5,-1,,,,
MNQ DEC25,1s,1,904,2025-10-27 09:35:05,25812,25812.75,25809.75,25811.25,258,3,0.75,0.75,1.5,-1,,,,
MNQ DEC25,1s,1,905,2025-10-27 09:35:06,25811.5,25814.25,25810.75,25813,326,3.5,1.5,1.25,0.75,1,,,,
MNQ DEC25,1s,1,906,2025-10-27 09:35:07,25812.5,25815.5,25812.5,25814,202,3,1.5,1.5,0,1,,,,
MNQ DEC25,1s,1,907,2025-10-27 09:35:08,25814.5,25815.5,25810.25,25810.25,144,5.25,4.25,1,0,-1,,,,
MNQ DEC25,1s,1,908,2025-10-27 09:35:09,25810,25810.5,25806,25806.75,274,4.5,3.25,0.5,0.75,-1,,,,
MNQ DEC25,1s,1,909,2025-10-27 09:35:10,25806.5,25807.5,25804,25807.25,379,3.5,0.75,0.25,2.5,1,,,,
MNQ DEC25,10s,10,5490,2025-10-27 09:35:10,25823,25825,25804,25807.25,3452,21,15.75,2,3.25,-1,495,380.05,173.26666667,163.27
MNQ DEC25,1s,1,910,2025-10-27 09:35:11,25807.25,25808.75,25805,25805.5,261,3.75,1.75,1.5,0.5,-1,,,,
MNQ DEC25,1s,1,911,2025-10-27 09:35:12,25805.75,25808.75,25804.5,25808.75,227,4.25,3,0,1.25,1,,,,
MNQ DEC25,1s,1,912,2025-10-27 09:35:13,25808.25,25809.25,25806.25,25807.25,171,3,1,1,1,-1,,,,
MNQ DEC25,1s,1,913,2025-10-27 09:35:14,25807,25809,25805.75,25807.25,113,3.25,0.25,1.75,1.25,1,,,,
MNQ DEC25,1s,1,914,2025-10-27 09:35:15,25807.75,25810,25804.75,25804.75,201,5.25,3,2.25,0,-1,,,,
MNQ DEC25,1s,1,915,2025-10-27 09:35:16,25805.5,25806,25803,25803,214,3,2.5,0.5,0,-1,,,,
MNQ DEC25,1s,1,916,2025-10-27 09:35:17,25803.5,25805.25,25802.75,25804.25,241,2.5,0.75,1,0.75,1,,,,
MNQ DEC25,1s,1,917,2025-10-27 09:35:18,25804.5,25805,25801.75,25803.5,186,3.25,1,0.5,1.75,-1,,,,
MNQ DEC25,1s,1,918,2025-10-27 09:35:19,25803.25,25805.5,25803,25804.25,184,2.5,1,1.25,0.25,1,,,,
MNQ DEC25,1s,1,919,2025-10-27 09:35:20,25804.75,25805.25,25800,25800.5,367,5.25,4.25,0.5,0.5,-1,,,,
MNQ DEC25,10s,10,5491,2025-10-27 09:35:20,25807.25,25810,25800,25800.5,2165,10,6.75,2.75,0.5,-1,603.95,108.95,187.21666667,150.94
MNQ DEC25,20s,20,5745,2025-10-27 09:35:20,25823,25825,25800,25800.5,5617,25,22.5,2,0.5,-1,336.35,621.45,205.25,23.48
MNQ DEC25,1s,1,920,2025-10-27 09:35:21,25800.5,25801.25,25799,25799.5,286,2.25,1,0.75,0.5,-1,,,,
MNQ DEC25,1s,1,921,2025-10-27 09:35:22,25799.25,25802,25798.25,25801.5,301,3.75,2.25,0.5,1,1,,,,
MNQ DEC25,1s,1,922,2025-10-27 09:35:23,25801.5,25802,25798.75,25800.25,206,3.25,1.25,0.5,1.5,-1,,,,
MNQ DEC25,1s,1,923,2025-10-27 09:35:24,25800.25,25801.75,25799,25800.75,138,2.75,0.5,1,1.25,1,,,,
MNQ DEC25,1s,1,924,2025-10-27 09:35:25,25801,25803.25,25799.25,25800,128,4,1,2.25,0.75,-1,,,,
MNQ DEC25,1s,1,925,2025-10-27 09:35:26,25799.5,25802,25798.75,25801,148,3.25,1.5,1,0.75,1,,,,
MNQ DEC25,1s,1,926,2025-10-27 09:35:27,25801.75,25801.75,25800.25,25800.75,112,1.5,1,0,0.5,-1,,,,
MNQ DEC25,1s,1,927,2025-10-27 09:35:28,25800.75,25801.75,25798.75,25800,137,3,0.75,1,1.25,-1,,,,
MNQ DEC25,1s,1,928,2025-10-27 09:35:29,25800.25,25801.5,25799.25,25800,66,2.25,0.25,1.25,0.75,-1,,,,
MNQ DEC25,1s,1,929,2025-10-27 09:35:30,25799.5,25801.75,25799,25800.5,103,2.75,1,1.25,0.5,1,,,,
MNQ DEC25,10s,10,5492,2025-10-27 09:35:30,25800.5,25803.25,25798.25,25800.5,1625,5,0,2.75,2.25,0,724.4,120.45,203.15,149.84
MNQ DEC25,1s,1,930,2025-10-27 09:35:31,25800.5,25800.75,25797,25797,167,3.75,3.5,0.25,0,-1,,,,
MNQ DEC25,1s,1,931,2025-10-27 09:35:32,25797.5,25800,25796.25,25799,192,3.75,1.5,1,1.25,1,,,,
MNQ DEC25,1s,1,932,2025-10-27 09:35:33,25799,25801.25,25798.75,25801,118,2.5,2,0.25,0.25,1,,,,
MNQ DEC25,1s,1,933,2025-10-27 09:35:34,25800.75,25806.75,25800,25805.25,306,6.75,4.5,1.5,0.75,1,,,,
MNQ DEC25,1s,1,934,2025-10-27 09:35:35,25805,25806,25803.5,25805,141,2.5,0,1,1.5,0,,,,
MNQ DEC25,1s,1,935,2025-10-27 09:35:36,25805.5,25807.5,25805,25806.75,135,2.5,1.25,0.75,0.5,1,,,,
MNQ DEC25,1s,1,936,2025-10-27 09:35:37,25806.75,25807,25804.25,25806.5,154,2.75,0.25,0.25,2.25,-1,,,,
MNQ DEC25,1s,1,937,2025-10-27 09:35:38,25806.75,25806.75,25804.5,25806.5,91,2.25,0.25,0,2,-1,,,,
MNQ DEC25,1s,1,938,2025-10-27 09:35:39,25806.25,25806.75,25803.75,25803.75,98,3,2.5,0.5,0,-1,,,,
MNQ DEC25,1s,1,939,2025-10-27 09:35:40,25803.75,25804,25798.75,25799.25,211,5.25,4.5,0.25,0.5,-1,,,,
MNQ DEC25,10s,10,5493,2025-10-27 09:35:40,25800.5,25807.5,25796.25,25799.25,1613,11.25,1.25,7,3,-1,839.65,115.25,114.88333333,159.47
MNQ DEC25,20s,20,5746,2025-10-27 09:35:40,25800.5,25807.5,25796.25,25799.25,3238,11.25,1.25,7,3,-1,670.65,334.3,289.81666667,136.31
MNQ DEC25,1s,1,940,2025-10-27 09:35:41,25799.25,25799.25,25797,25798,118,2.25,1.25,0,1,-1,,,,
MNQ DEC25,1s,1,941,2025-10-27 09:35:42,25797.75,25798,25796.5,25798,86,1.5,0.25,0,1.25,1,,,,
MNQ DEC25,1s,1,942,2025-10-27 09:35:43,25797.5,25802.25,25796.5,25802.25,142,5.75,4.75,0,1,1,,,,
MNQ DEC25,1s,1,943,2025-10-27 09:35:44,25802.25,25802.25,25800.5,25800.75,93,1.75,1.5,0,0.25,-1,,,,
MNQ DEC25,1s,1,944,2025-10-27 09:35:45,25800.5,25801.75,25799,25801.75,46,2.75,1.25,0,1.5,1,,,,
MNQ DEC25,1s,1,945,2025-10-27 09:35:46,25800.25,25803.25,25799.75,25799.75,77,3.5,0.5,3,0,-1,,,,
MNQ DEC25,1s,1,946,2025-10-27 09:35:47,25800,25801,25799.5,25800.25,57,1.5,0.25,0.75,0.5,1,,,,
MNQ DEC25,1s,1,947,2025-10-27 09:35:48,25800.5,25802.75,25800.25,25802,67,2.5,1.5,0.75,0.25,1,,,,
MNQ DEC25,1s,1,948,2025-10-27 09:35:49,25802.5,25803,25801.5,25802.5,57,1.5,0,0.5,1,0,,,,
MNQ DEC25,1s,1,949,2025-10-27 09:35:50,25802.75,25804.75,25802.5,25804.75,89,2.25,2,0,0.25,1,,,,
MNQ DEC25,10s,10,5494,2025-10-27 09:35:50,25799.25,25804.75,25796.5,25804.75,832,8.25,5.5,0,2.75,1,843.3,3.65,79.78333333,145.67
MNQ DEC25,1s,1,950,2025-10-27 09:35:51,25804.5,25805.5,25804,25805.25,73,1.5,0.75,0.25,0.5,1,,,,
MNQ DEC25,1s,1,951,2025-10-27 09:35:52,25805,25809.75,25805,25809,186,4.75,4,0.75,0,1,,,,
MNQ DEC25,1s,1,952,2025-10-27 09:35:53,25809.25,25809.25,25805.75,25806.75,90,3.5,2.5,0,1,-1,,,,
MNQ DEC25,1s,1,953,2025-10-27 09:35:54,25807.25,25808.25,25806.5,25807.25,66,1.75,0,1,0.75,0,,,,
MNQ DEC25,1s,1,954,2025-10-27 09:35:55,25808,25808,25806,25806,39,2,2,0,0,-1,,,,
MNQ DEC25,1s,1,955,2025-10-27 09:35:56,25805.75,25807.25,25805,25806.75,75,2.25,1,0.5,0.75,1,,,,
MNQ DEC25,1s,1,956,2025-10-27 09:35:57,25807,25811.25,25807,25809.25,134,4.25,2.25,2,0,1,,,,
MNQ DEC25,1s,1,957,2025-10-27 09:35:58,25809.25,25810,25807.75,25809.5,84,2.25,0.25,0.5,1.5,1,,,,
MNQ DEC25,1s,1,958,2025-10-27 09:35:59,25809.5,25809.5,25807.5,25808,69,2,1.5,0,0.5,-1,,,,
MNQ DEC25,1s,1,959,2025-10-27 09:36:00,25808,25809.25,25807.25,25809,37,2,1,0.25,0.75,1,,,,
MNQ DEC25,10s,10,5495,2025-10-27 09:36:00,25804.5,25811.25,25804,25809,853,7.25,4.5,2.25,0.5,1,346.7,-496.6,-125.9,-29.66
MNQ DEC25,20s,20,5747,2025-10-27 09:36:00,25799.25,25811.25,25796.5,25809,1685,14.75,9.75,2.25,2.75,1,653.55,-17.1,312.88333333,186.59
MNQ DEC25,1s,1,960,2025-10-27 09:36:01,25808.75,25810.25,25803.5,25806,354,6.75,2.75,1.5,2.5,-1,,,,
MNQ DEC25,1s,1,961,2025-10-27 09:36:02,25805.25,25805.75,25803.75,25803.75,171,2,1.5,0.5,0,-1,,,,
MNQ DEC25,1s,1,962,2025-10-27 09:36:03,25803.75,25804.75,25801.75,25802.5,75,3,1.25,1,0.75,-1,,,,
MNQ DEC25,1s,1,963,2025-10-27 09:36:04,25802,25805.5,25801.25,25805.25,122,4.25,3.25,0.25,0.75,1,,,,
MNQ DEC25,1s,1,964,2025-10-27 09:36:05,25805.25,25806.75,25804,25806.25,67,2.75,1,0.5,1.25,1,,,,
MNQ DEC25,1s,1,965,2025-10-27 09:36:06,25805.75,25806.5,25803.75,25804.25,61,2.75,1.5,0.75,0.5,-1,,,,
MNQ DEC25,1s,1,966,2025-10-27 09:36:07,25803.75,25804,25802.75,25803.25,52,1.25,0.5,0.25,0.5,-1,,,,
MNQ DEC25,1s,1,967,2025-10-27 09:36:08,25803.5,25805.25,25802.5,25805.25,78,2.75,1.75,0,1,1,,,,
MNQ DEC25,1s,1,968,2025-10-27 09:36:09,25804.75,25805.25,25802,25804.25,97,3.25,0.5,0.5,2.25,-1,,,,
MNQ DEC25,1s,1,969,2025-10-27 09:36:10,25804.75,25806.5,25803.75,25804.75,85,2.75,0,1.75,1,0,,,,
MNQ DEC25,10s,10,5496,2025-10-27 09:36:10,25808.75,25810.25,25801.25,25804.75,1162,9,4,1.5,3.5,-1,131.95,-214.75,-235.9,-94.4
MNQ DEC25,1s,1,970,2025-10-27 09:36:11,25804.5,25806.25,25804,25805.75,54,2.25,1.25,0.5,0.5,1,,,,
MNQ DEC25,1s,1,971,2025-10-27 09:36:12,25805.75,25806.5,25804.5,25805.5,48,2,0.25,0.75,1,-1,,,,
MNQ DEC25,1s,1,972,2025-10-27 09:36:13,25805,25806.25,25804.5,25806.25,31,1.75,1.25,0,0.5,1,,,,
MNQ DEC25,1s,1,973,2025-10-27 09:36:14,25805.5,25808,25805.5,25807.25,48,2.5,1.75,0.75,0,1,,,,
MNQ DEC25,1s,1,974,2025-10-27 09:36:15,25807.5,25808.75,25806.75,25807.5,59,2,0,1.25,0.75,0,,,,
MNQ DEC25,1s,1,975,2025-10-27 09:36:16,25807,25808.25,25806,25806,36,2.25,1,1.25,0,-1,,,,
MNQ DEC25,1s,1,976,2025-10-27 09:36:17,25805.75,25805.75,25802.75,25804.25,115,3,1.5,0,1.5,-1,,,,
MNQ DEC25,1s,1,977,2025-10-27 09:36:18,25804,25804,25802.75,25803.5,36,1.25,0.5,0,0.75,-1,,,,
MNQ DEC25,1s,1,978,2025-10-27 09:36:19,25803.5,25805.5,25801.5,25802.5,75,4,1,2,1,-1,,,,
MNQ DEC25,1s,1,979,2025-10-27 09:36:20,25802.75,25803.75,25802.25,25803.25,28,1.5,0.5,0.5,0.5,1,,,,
MNQ DEC25,10s,10,5497,2025-10-27 09:36:20,25804.5,25808.75,25801.5,25803.25,530,7.25,1.25,4.25,1.75,-1,-87,-218.95,-310.1,-162.28
MNQ DEC25,20s,20,5748,2025-10-27 09:36:20,25808.75,25810.25,25801.25,25803.25,1692,9,5.5,1.5,2,-1,478.3,-175.25,47.31666667,135.42
MNQ DEC25,1s,1,980,2025-10-27 09:36:21,25803.75,25805.25,25803.5,25805,45,1.75,1.25,0.25,0.25,1,,,,
MNQ DEC25,1s,1,981,2025-10-27 09:36:22,25804.75,25805.75,25802.75,25803.5,98,3,1.25,1,0.75,-1,,,,
MNQ DEC25,1s,1,982,2025-10-27 09:36:23,25802.75,25804.25,25802.5,25804,35,1.75,1.25,0.25,0.25,1,,,,
MNQ DEC25,1s,1,983,2025-10-27 09:36:24,25803.75,25805,25803,25803.5,33,2,0.25,1.25,0.5,-1,,,,
MNQ DEC25,1s,1,984,2025-10-27 09:36:25,25802.5,25803,25799.5,25800,145,3.5,2.5,0.5,0.5,-1,,,,
MNQ DEC25,1s,1,985,2025-10-27 09:36:26,25800.25,25801.5,25799.5,25800.25,63,2,0,1.25,0.75,0,,,,
MNQ DEC25,1s,1,986,2025-10-27 09:36:27,25801,25801.25,25799.75,25800.5,45,1.5,0.5,0.25,0.75,-1,,,,
MNQ DEC25,1s,1,987,2025-10-27 09:36:28,25800.5,25802,25799.25,25800.25,102,2.75,0.25,1.5,1,-1,,,,
MNQ DEC25,1s,1,988,2025-10-27 09:36:29,25800.75,25802.25,25799.5,25802.25,47,2.75,1.5,0,1.25,1,,,,
MNQ DEC25,1s,1,989,2025-10-27 09:36:30,25802.5,25803.75,25802,25803.5,84,1.75,1,0.25,0.5,1,,,,
MNQ DEC25,10s,10,5498,2025-10-27 09:36:30,25803.75,25805.75,25799.25,25803.5,697,6.5,0.25,2,4.25,-1,-252.05,-165.05,-199.58333333,-218.34
MNQ DEC25,1s,1,990,2025-10-27 09:36:31,25804,25805,25803.5,25804.75,65,1.5,0.75,0.25,0.5,1,,,,
MNQ DEC25,1s,1,991,2025-10-27 09:36:32,25804.75,25805.25,25803.5,25803.5,37,1.75,1.25,0.5,0,-1,,,,
MNQ DEC25,1s,1,992,2025-10-27 09:36:33,25804,25807.75,25803.25,25807.25,76,4.5,3.25,0.5,0.75,1,,,,
MNQ DEC25,1s,1,993,2025-10-27 09:36:34,25807.5,25807.5,25806.25,25807,28,1.25,0.5,0,0.75,-1,,,,
MNQ DEC25,1s,1,994,2025-10-27 09:36:35,25807,25807.5,25804,25804,75,3.5,3,0.5,0,-1,,,,
MNQ DEC25,1s,1,995,2025-10-27 09:36:36,25804.5,25806.75,25804,25806.5,84,2.75,2,0.25,0.5,1,,,,
MNQ DEC25,1s,1,996,2025-10-27 09:36:37,25807,25808.5,25806.75,25807.75,38,1.75,0.75,0.75,0.25,1,,,,
MNQ DEC25,1s,1,997,2025-10-27 09:36:38,25807.75,25808.25,25806,25806.25,36,2.25,1.5,0.5,0.25,-1,,,,
MNQ DEC25,1s,1,998,2025-10-27 09:36:39,25806.75,25809.25,25806.5,25809.25,64,2.75,2.5,0,0.25,1,,,,
MNQ DEC25,1s,1,999,2025-10-27 09:36:40,25809.75,25812,25809.75,25811.75,142,2.25,2,0.25,0,1,,,,
MNQ DEC25,10s,10,5499,2025-10-27 09:36:40,25804,25812,25803.25,25811.75,645,8.75,7.75,0.25,0.75,1,-277.85,-25.8,-136.6,-224.23
MNQ DEC25,20s,20,5749,2025-10-27 09:36:40,25803.75,25812,25799.25,25811.75,1342,12.75,8,0.25,4.5,1,378.55,-99.75,-97.36666667,132.73
MNQ DEC25,1s,1,1000,2025-10-27 09:36:41,25811.25,25812.5,25811,25811.5,120,1.5,0.25,1,0.25,1,,,,
MNQ DEC25,1s,1,1001,2025-10-27 09:36:42,25811.75,25817,25811,25815.25,366,6,3.5,1.75,0.75,1,,,,
MNQ DEC25,1s,1,1002,2025-10-27 09:36:43,25815.75,25816,25813,25813.5,202,3,2.25,0.25,0.5,-1,,,,
MNQ DEC25,1s,1,1003,2025-10-27 09:36:44,25812.75,25813.25,25811.75,25812.75,132,1.5,0,0.5,1,0,,,,
MNQ DEC25,1s,1,1004,2025-10-27 09:36:45,25813.5,25813.75,25811.5,25812,139,2.25,1.5,0.25,0.5,-1,,,,
MNQ DEC25,1s,1,1005,2025-10-27 09:36:46,25812,25813.5,25812,25813,43,1.5,1,0.5,0,1,,,,
MNQ DEC25,1s,1,1006,2025-10-27 09:36:47,25812.5,25814,25812.25,25812.25,70,1.75,0.25,1.5,0,-1,,,,
MNQ DEC25,1s,1,1007,2025-10-27 09:36:48,25812.25,25812.25,25809.75,25810.25,82,2.5,2,0,0.5,-1,,,,
MNQ DEC25,1s,1,1008,2025-10-27 09:36:49,25810.25,25812.5,25810.25,25811.75,44,2.25,1.5,0.75,0,1,,,,
MNQ DEC25,1s,1,1009,2025-10-27 09:36:50,25811.75,25813.5,25811,25811.75,64,2.5,0,1.75,0.75,0,,,,
MNQ DEC25,10s,10,5500,2025-10-27 09:36:50,25811.25,25817,25809.75,25811.75,1262,7.25,0.5,5.25,1.5,1,-229.7,48.15,-47.56666667,-115.28
MNQ DEC25,1s,1,1010,2025-10-27 09:36:51,25812.5,25812.5,25809,25809.5,53,3.5,3,0,0.5,-1,,,,
MNQ DEC25,1s,1,1011,2025-10-27 09:36:52,25810,25811.25,25809.5,25810.25,32,1.75,0.25,1,0.5,1,,,,
MNQ DEC25,1s,1,1012,2025-10-27 09:36:53,25811,25811,25806.75,25807.5,79,4.25,3.5,0,0.75,-1,,,,
MNQ DEC25,1s,1,1013,2025-10-27 09:36:54,25807.25,25809.5,25807,25807,49,2.5,0.25,2.25,0,-1,,,,
MNQ DEC25,1s,1,1014,2025-10-27 09:36:55,25807.5,25811.5,25807,25811.25,70,4.5,3.75,0.25,0.5,1,,,,
MNQ DEC25,1s,1,1015,2025-10-27 09:36:56,25812,25812.5,25810.5,25810.75,58,2,1.25,0.5,0.25,-1,,,,
MNQ DEC25,1s,1,1016,2025-10-27 09:36:57,25811.75,25813.5,25811.75,25813,57,1.75,1.25,0.5,0,1,,,,
MNQ DEC25,1s,1,1017,2025-10-27 09:36:58,25812.25,25815.75,25812.25,25815.75,81,3.5,3.5,0,0,1,,,,
MNQ DEC25,1s,1,1018,2025-10-27 09:36:59,25815.75,25823.5,25815.25,25819.75,583,8.25,4,3.75,0.5,1,,,,
MNQ DEC25,1s,1,1019,2025-10-27 09:37:00,25819.75,25821.75,25819.25,25820,254,2.5,0.25,1.75,0.5,1,,,,
MNQ DEC25,10s,10,5501,2025-10-27 09:37:00,25812.5,25823.5,25806.75,25820,1316,16.75,7.5,3.5,5.75,1,-235.05,-5.35,5.66666667,-73.4
MNQ DEC25,20s,20,5750,2025-10-27 09:37:00,25811.25,25823.5,25806.75,25820,2578,16.75,8.75,3.5,4.5,1,-42.4,-420.95,-231.98333333,-75.75
MNQ DEC25,1s,1,1020,2025-10-27 09:37:01,25820.5,25821,25815.25,25815.75,194,5.75,4.75,0.5,0.5,-1,,,,
MNQ DEC25,1s,1,1021,2025-10-27 09:37:02,25816.25,25817,25814.75,25815,128,2.25,1.25,0.75,0.25,-1,,,,
MNQ DEC25,1s,1,1022,2025-10-27 09:37:03,25815.75,25816.5,25814.5,25815.25,99,2,0.5,0.75,0.75,-1,,,,
MNQ DEC25,1s,1,1023,2025-10-27 09:37:04,25815.25,25815.25,25813.5,25814.25,69,1.75,1,0,0.75,-1,,,,
MNQ DEC25,1s,1,1024,2025-10-27 09:37:05,25814.75,25818.25,25814.75,25817.5,63,3.5,2.75,0.75,0,1,,,,
MNQ DEC25,1s,1,1025,2025-10-27 09:37:06,25818.25,25820.25,25817,25817.25,123,3.25,1,2,0.25,-1,,,,
MNQ DEC25,1s,1,1026,2025-10-27 09:37:07,25816.75,25817.75,25816.5,25816.75,53,1.25,0,1,0.25,0,,,,
MNQ DEC25,1s,1,1027,2025-10-27 09:37:08,25817.5,25817.5,25815.25,25816,33,2.25,1.5,0,0.75,-1,,,,
MNQ DEC25,1s,1,1028,2025-10-27 09:37:09,25816,25817.25,25815.25,25816.5,47,2,0.5,0.75,0.75,1,,,,
MNQ DEC25,1s,1,1029,2025-10-27 09:37:10,25817.5,25819.5,25817.5,25819.25,80,2,1.75,0.25,0,1,,,,
MNQ DEC25,10s,10,5502,2025-10-27 09:37:10,25820.5,25821,25813.5,25819.25,889,7.5,1.25,0.5,5.75,-1,-186.45,48.6,30.46666667,-19.89
MNQ DEC25,1s,1,1030,2025-10-27 09:37:11,25818.75,25820.25,25818.5,25820.25,80,1.75,1.5,0,0.25,1,,,,
MNQ DEC25,1s,1,1031,2025-10-27 09:37:12,25819.75,25821.75,25819.5,25820,73,2.25,0.25,1.75,0.25,1,,,,
MNQ DEC25,1s,1,1032,2025-10-27 09:37:13,25820,25821.25,25816.75,25816.75,144,4.5,3.25,1.25,0,-1,,,,
MNQ DEC25,1s,1,1033,2025-10-27 09:37:14,25817.25,25817.25,25814.5,25815.5,95,2.75,1.75,0,1,-1,,,,
MNQ DEC25,1s,1,1034,2025-10-27 09:37:15,25816.5,25818.75,25816.5,25818.25,46,2.25,1.75,0.5,0,1,,,,
MNQ DEC25,1s,1,1035,2025-10-27 09:37:16,25818,25818.25,25817.25,25817.75,51,1,0.25,0.25,0.5,-1,,,,
MNQ DEC25,1s,1,1036,2025-10-27 09:37:17,25817.75,25818.5,25814.75,25814.75,48,3.75,3,0.75,0,-1,,,,
MNQ DEC25,1s,1,1037,2025-10-27 09:37:18,25814.5,25815.25,25813.25,25813.5,66,2,1,0.75,0.25,-1,,,,
MNQ DEC25,1s,1,1038,2025-10-27 09:37:19,25813.5,25815.75,25813.5,25815.25,49,2.25,1.75,0.5,0,1,,,,
MNQ DEC25,1s,1,1039,2025-10-27 09:37:20,25815.75,25817.75,25815.5,25816,88,2.25,0.25,1.75,0.25,1,,,,
MNQ DEC25,10s,10,5503,2025-10-27 09:37:20,25818.75,25821.75,25813.25,25816,740,8.5,2.75,3,2.75,-1,-191.15,-4.7,12.85,12.18
MNQ DEC25,20s,20,5751,2025-10-27 09:37:20,25820.5,25821.75,25813.25,25816,1629,8.5,4.5,1.25,2.75,-1,-328.9,-286.5,-269.06666667,-199.91
MNQ DEC25,1s,1,1040,2025-10-27 09:37:21,25816,25817,25813.5,25814.25,51,3.5,1.75,1,0.75,-1,,,,
MNQ DEC25,1s,1,1041,2025-10-27 09:37:22,25814.75,25815,25813.5,25814,25,1.5,0.75,0.25,0.5,-1,,,,
MNQ DEC25,1s,1,1042,2025-10-27 09:37:23,25814.25,25816.5,25814.25,25816.5,34,2.25,2.25,0,0,1,,,,
MNQ DEC25,1s,1,1043,2025-10-27 09:37:24,25817,25818,25815.5,25817,60,2.5,0,1,1.5,0,,,,
MNQ DEC25,1s,1,1044,2025-10-27 09:37:25,25817.5,25819.25,25817.5,25818,37,1.75,0.5,1.25,0,1,,,,
MNQ DEC25,1s,1,1045,2025-10-27 09:37:26,25818,25823.75,25818,25823.75,147,5.75,5.75,0,0,1,,,,
MNQ DEC25,1s,1,1046,2025-10-27 09:37:27,25823.5,25824,25820.5,25822.75,113,3.5,0.75,0.5,2.25,-1,,,,
MNQ DEC25,1s,1,1047,2025-10-27 09:37:28,25822.5,25824.75,25822.5,25824.25,138,2.25,1.75,0.5,0,1,,,,
MNQ DEC25,1s,1,1048,2025-10-27 09:37:29,25824.25,25824.5,25823,25824,65,1.5,0.25,0.25,1,-1,,,,
MNQ DEC25,1s,1,1049,2025-10-27 09:37:30,25824.25,25824.25,25823,25823.75,62,1.25,0.5,0,0.75,-1,,,,
MNQ DEC25,10s,10,5504,2025-10-27 09:37:30,25816,25824.75,25813.5,25823.75,732,11.25,7.75,1,2.5,1,-184.25,6.9,16.93333333,18.72
MNQ DEC25,1s,1,1050,2025-10-27 09:37:31,25823.5,25824,25821,25821.25,72,3,2.25,0.5,0.25,-1,,,,
MNQ DEC25,1s,1,1051,2025-10-27 09:37:32,25821.25,25821.5,25819.75,25820.5,79,1.75,0.75,0.25,0.75,-1,,,,
MNQ DEC25,1s,1,1052,2025-10-27 09:37:33,25820.5,25820.75,25818.75,25819.75,56,2,0.75,0.25,1,-1,,,,
MNQ DEC25,1s,1,1053,2025-10-27 09:37:34,25819.75,25820.5,25818.5,25819,47,2,0.75,0.75,0.5,-1,,,,
MNQ DEC25,1s,1,1054,2025-10-27 09:37:35,25819.75,25820,25818.25,25820,29,1.75,0.25,0,1.5,1,,,,
MNQ DEC25,1s,1,1055,2025-10-27 09:37:36,25819.75,25820.75,25819,25820,36,1.75,0.25,0.75,0.75,1,,,,
MNQ DEC25,1s,1,1056,2025-10-27 09:37:37,25820.75,25822.25,25820.5,25822.25,22,1.75,1.5,0,0.25,1,,,,
MNQ DEC25,1s,1,1057,2025-10-27 09:37:38,25821,25821.25,25818.5,25819.5,54,2.75,1.5,0.25,1,-1,,,,
MNQ DEC25,1s,1,1058,2025-10-27 09:37:39,25819.75,25819.75,25818.5,25819,35,1.25,0.75,0,0.5,-1,,,,
MNQ DEC25,1s,1,1059,2025-10-27 09:37:40,25820,25820,25817,25818,97,3,2,0,1,-1,,,,
MNQ DEC25,10s,10,5505,2025-10-27 09:37:40,25823.5,25824,25817,25818,527,7,5.5,0.5,1,-1,-310.45,-126.2,-41.33333333,-16.15
MNQ DEC25,20s,20,5752,2025-10-27 09:37:40,25816,25824.75,25813.5,25818,1259,11.25,2,6.75,2.5,1,-364,-35.1,-247.51666667,-203.51
MNQ DEC25,1s,1,1060,2025-10-27 09:37:41,25818.25,25818.25,25817,25817.75,43,1.25,0.5,0,0.75,-1,,,,
MNQ DEC25,1s,1,1061,2025-10-27 09:37:42,25817.5,25818.75,25816.75,25818,65,2,0.5,0.75,0.75,1,,,,
MNQ DEC25,1s,1,1062,2025-10-27 09:37:43,25819,25819.75,25818.75,25818.75,36,1,0.25,0.75,0,-1,,,,
MNQ DEC25,1s,1,1063,2025-10-27 09:37:44,25818.75,25822,25818.75,25821.75,57,3.25,3,0.25,0,1,,,,
MNQ DEC25,1s,1,1064,2025-10-27 09:37:45,25822,25822.5,25821.5,25821.75,17,1,0.25,0.5,0.25,-1,,,,
MNQ DEC25,1s,1,1065,2025-10-27 09:37:46,25821.25,25822.25,25821.25,25822.25,47,1,1,0,0,1,,,,
MNQ DEC25,1s,1,1066,2025-10-27 09:37:47,25822.5,25822.5,25820.5,25821,35,2,1.5,0,0.5,-1,,,,
MNQ DEC25,1s,1,1067,2025-10-27 09:37:48,25820.75,25821,25819.5,25820.75,37,1.5,0,0.25,1.25,0,,,,
MNQ DEC25,1s,1,1068,2025-10-27 09:37:49,25820.5,25821.75,25820.25,25821.75,34,1.5,1.25,0,0.25,1,,,,
MNQ DEC25,1s,1,1069,2025-10-27 09:37:50,25822,25823.25,25821.5,25823,100,1.75,1,0.25,0.5,1,,,,
MNQ DEC25,10s,10,5506,2025-10-27 09:37:50,25818.25,25823.25,25816.75,25823,471,6.5,4.75,0.25,1.5,1,-435.8,-125.35,-81.55,-40.15
MNQ DEC25,1s,1,1070,2025-10-27 09:37:51,25823,25824,25823,25823.75,57,1,0.75,0.25,0,1,,,,
MNQ DEC25,1s,1,1071,2025-10-27 09:37:52,25823,25823.5,25822,25822.25,71,1.5,0.75,0.5,0.25,-1,,,,
MNQ DEC25,1s,1,1072,2025-10-27 09:37:53,25822.25,25827,25822.25,25826.25,309,4.75,4,0.75,0,1,,,,
MNQ DEC25,1s,1,1073,2025-10-27 09:37:54,25826,25827.25,25823.75,25825,162,3.5,1,1.25,1.25,-1,,,,
MNQ DEC25,1s,1,1074,2025-10-27 09:37:55,25824.5,25825.75,25822.75,25822.75,80,3,1.75,1.25,0,-1,,,,
MNQ DEC25,1s,1,1075,2025-10-27 09:37:56,25823.25,25824.75,25822.5,25824.75,52,2.25,1.5,0,0.75,1,,,,
MNQ DEC25,1s,1,1076,2025-10-27 09:37:57,25824.25,25824.75,25823.5,25823.5,31,1.25,0.75,0.5,0,-1,,,,
MNQ DEC25,1s,1,1077,2025-10-27 09:37:58,25823.75,25826,25823.5,25824.75,61,2.5,1,1.25,0.25,1,,,,
MNQ DEC25,1s,1,1078,2025-10-27 09:37:59,25825.25,25825.5,25824.25,25825.25,42,1.25,0,0.25,1,0,,,,
MNQ DEC25,1s,1,1079,2025-10-27 09:38:00,25825.25,25826,25824.5,25825.5,57,1.5,0.25,0.5,0.75,1,,,,
MNQ DEC25,10s,10,5507,2025-10-27 09:38:00,25823,25827.25,25822,25825.5,922,5.25,2.5,1.75,1,1,-429.9,5.9,-81.88333333,-48.69
MNQ DEC25,20s,20,5753,2025-10-27 09:38:00,25818.25,25827.25,25816.75,25825.5,1393,10.5,7.25,1.75,1.5,1,-331.1,32.9,-96.23333333,-161.88
MNQ DEC25,1s,1,1080,2025-10-27 09:38:01,25825.5,25827.25,25823,25823.75,110,4.25,1.75,1.75,0.75,-1,,,,
MNQ DEC25,1s,1,1081,2025-10-27 09:38:02,25824.5,25825.5,25823.25,25824,71,2.25,0.5,1,0.75,-1,,,,
MNQ DEC25,1s,1,1082,2025-10-27 09:38:03,25824.25,25825.5,25823,25824.25,144,2.5,0,1.25,1.25,0,,,,
MNQ DEC25,1s,1,1083,2025-10-27 09:38:04,25825,25827.25,25824.75,25827.25,50,2.5,2.25,0,0.25,1,,,,
MNQ DEC25,1s,1,1084,2025-10-27 09:38:05,25827.25,25829,25826.75,25827.25,272,2.25,0,1.75,0.5,0,,,,
MNQ DEC25,1s,1,1085,2025-10-27 09:38:06,25827.25,25828.25,25826.25,25828,89,2,0.75,0.25,1,1,,,,
MNQ DEC25,1s,1,1086,2025-10-27 09:38:07,25828.5,25829.5,25827.75,25827.75,125,1.75,0.75,1,0,-1,,,,
MNQ DEC25,1s,1,1087,2025-10-27 09:38:08,25828.5,25828.5,25826.5,25827.75,81,2,0.75,0,1.25,-1,,,,
MNQ DEC25,1s,1,1088,2025-10-27 09:38:09,25827.5,25828.75,25826.75,25828.75,52,2,1.25,0,0.75,1,,,,
MNQ DEC25,1s,1,1089,2025-10-27 09:38:10,25828.25,25828.75,25827.5,25827.5,62,1.25,0.75,0.5,0,-1,,,,
MNQ DEC25,10s,10,5508,2025-10-27 09:38:10,25825.5,25829.5,25823,25827.5,1056,6.5,2,2,2.5,1,-378.6,51.3,-22.71666667,-37.49
MNQ DEC25,1s,1,1090,2025-10-27 09:38:11,25827.25,25828.25,25824.75,25824.75,103,3.5,2.5,1,0,-1,,,,
MNQ DEC25,1s,1,1091,2025-10-27 09:38:12,25825.25,25826.5,25824.5,25825.5,58,2,0.25,1,0.75,1,,,,
MNQ DEC25,1s,1,1092,2025-10-27 09:38:13,25824.25,25825.25,25824,25825,39,1.25,0.75,0.25,0.25,1,,,,
MNQ DEC25,1s,1,1093,2025-10-27 09:38:14,25824.5,25826,25824.5,25825,53,1.5,0.5,1,0,1,,,,
MNQ DEC25,1s,1,1094,2025-10-27 09:38:15,25824.5,25825.5,25824.5,25824.5,54,1,0,1,0,0,,,,
MNQ DEC25,1s,1,1095,2025-10-27 09:38:16,25824.25,25824.75,25822.75,25824,72,2,0.25,0.5,1.25,-1,,,,
MNQ DEC25,1s,1,1096,2025-10-27 09:38:17,25824,25824,25822.5,25822.5,61,1.5,1.5,0,0,-1,,,,
MNQ DEC25,1s,1,1097,2025-10-27 09:38:18,25822.75,25824,25822.75,25823.25,48,1.25,0.5,0.75,0,1,,,,
MNQ DEC25,1s,1,1098,2025-10-27 09:38:19,25823.25,25825.75,25823.25,25825,70,2.5,1.75,0.75,0,1,,,,
MNQ DEC25,1s,1,1099,2025-10-27 09:38:20,25826,25827,25825.5,25825.75,53,1.5,0.25,1,0.25,-1,,,,
MNQ DEC25,10s,10,5509,2025-10-27 09:38:20,25827.25,25828.25,25822.5,25825.75,611,5.75,1.5,1,3.25,-1,-387.6,-9,16.06666667,-40.67
MNQ DEC25,20s,20,5754,2025-10-27 09:38:20,25825.5,25829.5,25822.5,25825.75,1667,7,0.25,3.75,3,1,-270.45,60.65,19.48333333,-129.8
MNQ DEC25,1s,1,1100,2025-10-27 09:38:21,25826.25,25827.5,25826,25827.5,57,1.5,1.25,0,0.25,1,,,,
MNQ DEC25,1s,1,1101,2025-10-27 09:38:22,25827.25,25828.75,25827,25827.75,80,1.75,0.5,1,0.25,1,,,,
MNQ DEC25,1s,1,1102,2025-10-27 09:38:23,25828.25,25828.25,25826.25,25826.5,53,2,1.75,0,0.25,-1,,,,
MNQ DEC25,1s,1,1103,2025-10-27 09:38:24,25826.5,25828.25,25825.5,25826.5,71,2.75,0,1.75,1,0,,,,
MNQ DEC25,1s,1,1104,2025-10-27 09:38:25,25826,25829.25,25826,25828.25,68,3.25,2.25,1,0,1,,,,
MNQ DEC25,1s,1,1105,2025-10-27 09:38:26,25828.25,25830,25827.5,25828,85,2.5,0.25,1.75,0.5,-1,,,,
MNQ DEC25,1s,1,1106,2025-10-27 09:38:27,25828,25828.75,25827.25,25827.5,25,1.5,0.5,0.75,0.25,-1,,,,
MNQ DEC25,1s,1,1107,2025-10-27 09:38:28,25827.75,25829.75,25827.25,25829.75,35,2.5,2,0,0.5,1,,,,
MNQ DEC25,1s,1,1108,2025-10-27 09:38:29,25829.75,25831,25828.5,25830.75,136,2.5,1,0.25,1.25,1,,,,
MNQ DEC25,1s,1,1109,2025-10-27 09:38:30,25830.5,25831,25829.5,25829.5,85,1.5,1,0.5,0,-1,,,,
MNQ DEC25,10s,10,5510,2025-10-27 09:38:30,25826.25,25831,25825.5,25829.5,695,5.5,3.25,1.5,0.75,1,-216.15,171.45,71.25,18.86
MNQ DEC25,1s,1,1110,2025-10-27 09:38:31,25830.25,25831.75,25829,25830,114,2.75,0.25,1.5,1,-1,,,,
MNQ DEC25,1s,1,1111,2025-10-27 09:38:32,25830,25830.5,25829,25830,83,1.5,0,0.5,1,0,,,,
MNQ DEC25,1s,1,1112,2025-10-27 09:38:33,25830.5,25830.75,25828.5,25829.5,34,2.25,1,0.25,1,-1,,,,
MNQ DEC25,1s,1,1113,2025-10-27 09:38:34,25829,25831,25829,25831,46,2,2,0,0,1,,,,
MNQ DEC25,1s,1,1114,2025-10-27 09:38:35,25830.75,25833,25830.25,25833,123,2.75,2.25,0,0.5,1,,,,
MNQ DEC25,1s,1,1115,2025-10-27 09:38:36,25833,25834.25,25832.5,25833.5,144,1.75,0.5,0.75,0.5,1,,,,
MNQ DEC25,1s,1,1116,2025-10-27 09:38:37,25833.25,25837,25832.75,25836.5,366,4.25,3.25,0.5,0.5,1,,,,
MNQ DEC25,1s,1,1117,2025-10-27 09:38:38,25837,25837,25833.75,25834.25,189,3.25,2.75,0,0.5,-1,,,,
MNQ DEC25,1s,1,1118,2025-10-27 09:38:39,25834.25,25834.5,25832.5,25834,90,2,0.25,0.25,1.5,-1,,,,
MNQ DEC25,1s,1,1119,2025-10-27 09:38:40,25834.25,25836,25833,25836,104,3,1.75,0,1.25,1,,,,
MNQ DEC25,10s,10,5511,2025-10-27 09:38:40,25830.25,25837,25828.5,25836,1293,8.5,5.75,1,1.75,1,-8.15,208,123.48333333,85.53
MNQ DEC25,20s,20,5755,2025-10-27 09:38:40,25826.25,25837,25825.5,25836,1988,11.5,9.75,1,0.75,1,-384,-113.55,-6.66666667,-68.32
MNQ DEC25,1s,1,1120,2025-10-27 09:38:41,25835.75,25836.25,25834.5,25834.75,121,1.75,1,0.5,0.25,-1,,,,
MNQ DEC25,1s,1,1121,2025-10-27 09:38:42,25835,25836,25834.25,25835.5,75,1.75,0.5,0.5,0.75,1,,,,
MNQ DEC25,1s,1,1122,2025-10-27 09:38:43,25835.25,25837,25834.25,25836.75,75,2.75,1.5,0.25,1,1,,,,
MNQ DEC25,1s,1,1123,2025-10-27 09:38:44,25837.25,25837.25,25835,25836.5,133,2.25,0.75,0,1.5,-1,,,,
MNQ DEC25,1s,1,1124,2025-10-27 09:38:45,25835.75,25837.5,25835.75,25836,69,1.75,0.25,1.5,0,1,,,,
MNQ DEC25,1s,1,1125,2025-10-27 09:38:46,25836,25837.5,25835.75,25837.5,78,1.75,1.5,0,0.25,1,,,,
MNQ DEC25,1s,1,1126,2025-10-27 09:38:47,25837,25842.75,25837,25841.75,723,5.75,4.75,1,0,1,,,,
MNQ DEC25,1s,1,1127,2025-10-27 09:38:48,25842,25842.5,25839,25839,252,3.5,3,0.5,0,-1,,,,
MNQ DEC25,1s,1,1128,2025-10-27 09:38:49,25839,25839.75,25836.5,25836.5,121,3.25,2.5,0.75,0,-1,,,,
MNQ DEC25,1s,1,1129,2025-10-27 09:38:50,25836.5,25837.5,25836,25836,74,1.5,0.5,1,0,-1,,,,
MNQ DEC25,10s,10,5512,2025-10-27 09:38:50,25835.75,25842.75,25834.25,25836,1721,8.5,0.25,6.75,1.5,1,146.85,155,178.15,115.35
MNQ DEC25,1s,1,1130,2025-10-27 09:38:51,25836.25,25837.5,25836.25,25837.5,66,1.25,1.25,0,0,1,,,,
MNQ DEC25,1s,1,1131,2025-10-27 09:38:52,25837.25,25837.5,25835.75,25836.5,60,1.75,0.75,0.25,0.75,-1,,,,
MNQ DEC25,1s,1,1132,2025-10-27 09:38:53,25836,25836.5,25835,25835.25,62,1.5,0.75,0.5,0.25,-1,,,,
MNQ DEC25,1s,1,1133,2025-10-27 09:38:54,25836,25836.75,25835,25835.75,70,1.75,0.25,0.75,0.75,-1,,,,
MNQ DEC25,1s,1,1134,2025-10-27 09:38:55,25835.25,25836.5,25834,25836.25,84,2.5,1,0.25,1.25,1,,,,
MNQ DEC25,1s,1,1135,2025-10-27 09:38:56,25836,25836,25834.75,25835.75,27,1.25,0.25,0,1,-1,,,,
MNQ DEC25,1s,1,1136,2025-10-27 09:38:57,25836.25,25836.75,25835.25,25836.5,45,1.5,0.25,0.25,1,1,,,,
MNQ DEC25,1s,1,1137,2025-10-27 09:38:58,25836.25,25837.5,25835.25,25836,45,2.25,0.25,1.25,0.75,-1,,,,
MNQ DEC25,1s,1,1138,2025-10-27 09:38:59,25835.75,25836.75,25835,25836,34,1.75,0.25,0.75,0.75,1,,,,
MNQ DEC25,1s,1,1139,2025-10-27 09:39:00,25835.5,25839,25835.5,25838.75,67,3.5,3.25,0.25,0,1,,,,
MNQ DEC25,10s,10,5513,2025-10-27 09:39:00,25836.25,25839,25834,25838.75,560,5,2.5,0.25,2.25,1,100.3,-46.55,105.48333333,95.78
MNQ DEC25,20s,20,5756,2025-10-27 09:39:00,25835.75,25842.75,25834,25838.75,2281,8.75,3,4,1.75,1,-272.45,111.55,19.55,11.29
MNQ DEC25,1s,1,1140,2025-10-27 09:39:01,25838.5,25841.25,25838.5,25841.25,213,2.75,2.75,0,0,1,,,,
MNQ DEC25,1s,1,1141,2025-10-27 09:39:02,25841.25,25841.25,25839.25,25840.75,130,2,0.5,0,1.5,-1,,,,
MNQ DEC25,1s,1,1142,2025-10-27 09:39:03,25840.25,25840.5,25836.25,25836.5,151,4.25,3.75,0.25,0.25,-1,,,,
MNQ DEC25,1s,1,1143,2025-10-27 09:39:04,25836.5,25837,25835.25,25836.75,118,1.75,0.25,0.25,1.25,1,,,,
MNQ DEC25,1s,1,1144,2025-10-27 09:39:05,25836.75,25837.5,25835.75,25836.5,108,1.75,0.25,0.75,0.75,-1,,,,
MNQ DEC25,1s,1,1145,2025-10-27 09:39:06,25836.5,25838.5,25835.75,25837,164,2.75,0.5,1.5,0.75,1,,,,
MNQ DEC25,1s,1,1146,2025-10-27 09:39:07,25837.5,25838.25,25836.5,25837.25,57,1.75,0.25,0.75,0.75,-1,,,,
MNQ DEC25,1s,1,1147,2025-10-27 09:39:08,25837,25837.5,25836,25837.5,66,1.5,0.5,0,1,1,,,,
MNQ DEC25,1s,1,1148,2025-10-27 09:39:09,25837.5,25838.75,25836.75,25837.25,41,2,0.25,1.25,0.5,-1,,,,
MNQ DEC25,1s,1,1149,2025-10-27 09:39:10,25836.5,25837,25835.75,25837,45,1.25,0.5,0,0.75,1,,,,
MNQ DEC25,10s,10,5514,2025-10-27 09:39:10,25838.5,25841.25,25835.25,25837,1093,6,1.5,2.75,1.75,-1,183.65,83.35,63.93333333,114.25
MNQ DEC25,1s,1,1150,2025-10-27 09:39:11,25836.5,25836.75,25834.75,25835,83,2,1.5,0.25,0.25,-1,,,,
MNQ DEC25,1s,1,1151,2025-10-27 09:39:12,25835,25835.5,25834,25834.5,117,1.5,0.5,0.5,0.5,-1,,,,
MNQ DEC25,1s,1,1152,2025-10-27 09:39:13,25834,25836.5,25833.5,25835.75,89,3,1.75,0.75,0.5,1,,,,
MNQ DEC25,1s,1,1153,2025-10-27 09:39:14,25835.25,25835.5,25834.5,25835.5,15,1,0.25,0,0.75,1,,,,
MNQ DEC25,1s,1,1154,2025-10-27 09:39:15,25835,25836.75,25834.25,25836.75,54,2.5,1.75,0,0.75,1,,,,
MNQ DEC25,1s,1,1155,2025-10-27 09:39:16,25836.25,25836.25,25835.5,25835.75,23,0.75,0.5,0,0.25,-1,,,,
MNQ DEC25,1s,1,1156,2025-10-27 09:39:17,25835.5,25836.5,25835.25,25835.25,53,1.25,0.25,1,0,-1,,,,
MNQ DEC25,1s,1,1157,2025-10-27 09:39:18,25836,25836,25832.25,25832.75,91,3.75,3.25,0,0.5,-1,,,,
MNQ DEC25,1s,1,1158,2025-10-27 09:39:19,25832.5,25832.5,25829.75,25831.25,163,2.75,1.25,0,1.5,-1,,,,
MNQ DEC25,1s,1,1159,2025-10-27 09:39:20,25830.75,25835.25,25830.75,25835.25,109,4.5,4.5,0,0,1,,,,
MNQ DEC25,10s,10,5515,2025-10-27 09:39:20,25836.5,25836.75,25829.75,25835.25,797,7,1.25,0.25,5.5,-1,206.85,23.2,20,84.6
MNQ DEC25,20s,20,5757,2025-10-27 09:39:20,25838.5,25841.25,25829.75,25835.25,1890,11.5,3.25,2.75,5.5,-1,-113.05,159.4,52.46666667,50.19
MNQ DEC25,1s,1,1160,2025-10-27 09:39:21,25835.25,25836.5,25834.75,25835.25,59,1.75,0,1.25,0.5,0,,,,
MNQ DEC25,1s,1,1161,2025-10-27 09:39:22,25835,25836.25,25831.5,25831.5,54,4.75,3.5,1.25,0,-1,,,,
MNQ DEC25,1s,1,1162,2025-10-27 09:39:23,25831.75,25836.5,25831.75,25836,157,4.75,4.25,0.5,0,1,,,,
MNQ DEC25,1s,1,1163,2025-10-27 09:39:24,25836,25836,25833.75,25836,80,2.25,0,0,2.25,0,,,,
MNQ DEC25,1s,1,1164,2025-10-27 09:39:25,25835.25,25836,25834.75,25835.5,42,1.25,0.25,0.5,0.5,1,,,,
MNQ DEC25,1s,1,1165,2025-10-27 09:39:26,25835.25,25838,25835.25,25837.75,65,2.75,2.5,0.25,0,1,,,,
MNQ DEC25,1s,1,1166,2025-10-27 09:39:27,25837.5,25839.25,25837,25838.75,126,2.25,1.25,0.5,0.5,1,,,,
MNQ DEC25,1s,1,1167,2025-10-27 09:39:28,25838.25,25839.5,25837.5,25838,56,2,0.25,1.25,0.5,-1,,,,
MNQ DEC25,1s,1,1168,2025-10-27 09:39:29,25837.5,25837.75,25834.5,25835.75,190,3.25,1.75,0.25,1.25,-1,,,,
MNQ DEC25,1s,1,1169,2025-10-27 09:39:30,25836,25837.25,25836,25836.75,35,1.25,0.75,0.5,0,1,,,,
MNQ DEC25,10s,10,5516,2025-10-27 09:39:30,25835.25,25839.5,25831.5,25836.75,864,8,1.5,2.75,3.75,1,135.95,-70.9,11.88333333,28.82
MNQ DEC25,1s,1,1170,2025-10-27 09:39:31,25837.25,25838,25836.5,25837.75,42,1.5,0.5,0.25,0.75,1,,,,
MNQ DEC25,1s,1,1171,2025-10-27 09:39:32,25837.25,25838.25,25837,25837.5,43,1.25,0.25,0.75,0.25,1,,,,
MNQ DEC25,1s,1,1172,2025-10-27 09:39:33,25838,25838.75,25837.5,25837.75,38,1.25,0.25,0.75,0.25,-1,,,,
MNQ DEC25,1s,1,1173,2025-10-27 09:39:34,25838,25838.5,25837.5,25838,38,1,0,0.5,0.5,0,,,,
MNQ DEC25,1s,1,1174,2025-10-27 09:39:35,25837.75,25838.5,25837.25,25838.5,41,1.25,0.75,0,0.5,1,,,,
MNQ DEC25,1s,1,1175,2025-10-27 09:39:36,25838,25838.25,25836.75,25837,54,1.5,1,0.25,0.25,-1,,,,
MNQ DEC25,1s,1,1176,2025-10-27 09:39:37,25837.5,25838.5,25837,25837.75,52,1.5,0.25,0.75,0.5,1,,,,
MNQ DEC25,1s,1,1177,2025-10-27 09:39:38,25837.75,25838.75,25837.5,25837.75,65,1.25,0,1,0.25,0,,,,
MNQ DEC25,1s,1,1178,2025-10-27 09:39:39,25837.5,25838,25837,25837.5,21,1,0,0.5,0.5,0,,,,
MNQ DEC25,1s,1,1179,2025-10-27 09:39:40,25837.5,25837.75,25836,25836,57,1.75,1.5,0.25,0,-1,,,,
MNQ DEC25,10s,10,5517,2025-10-27 09:39:40,25837.25,25838.75,25836,25836,451,2.75,1.25,1.5,0,-1,-114.1,-250.05,-99.25,-52.19
MNQ DEC25,20s,20,5758,2025-10-27 09:39:40,25835.25,25839.5,25831.5,25836,1315,8,0.75,3.5,3.75,1,-123.9,-10.85,86.7,41.44
MNQ DEC25,1s,1,1180,2025-10-27 09:39:41,25836,25836.75,25835.5,25835.5,16,1.25,0.5,0.75,0,-1,,,,
MNQ DEC25,1s,1,1181,2025-10-27 09:39:42,25836,25838.25,25835.5,25838.25,36,2.75,2.25,0,0.5,1,,,,
MNQ DEC25,1s,1,1182,2025-10-27 09:39:43,25837.75,25838.5,25837.5,25838,39,1,0.25,0.5,0.25,1,,,,
MNQ DEC25,1s,1,1183,2025-10-27 09:39:44,25837.75,25839,25837.5,25837.5,49,1.5,0.25,1.25,0,-1,,,,
MNQ DEC25,1s,1,1184,2025-10-27 09:39:45,25837.75,25838.5,25837.25,25838.5,17,1.25,0.75,0,0.5,1,,,,
MNQ DEC25,1s,1,1185,2025-10-27 09:39:46,25838,25839,25837.75,25838.25,18,1.25,0.25,0.75,0.25,1,,,,
MNQ DEC25,1s,1,1186,2025-10-27 09:39:47,25838.75,25838.75,25837.75,25837.75,13,1,1,0,0,-1,,,,
MNQ DEC25,1s,1,1187,2025-10-27 09:39:48,25837.25,25838.5,25836.75,25837.5,40,1.75,0.25,1,0.5,1,,,,
MNQ DEC25,1s,1,1188,2025-10-27 09:39:49,25836.5,25836.75,25835.75,25836.5,13,1,0,0.25,0.75,0,,,,
MNQ DEC25,1s,1,1189,2025-10-27 09:39:50,25836.25,25836.25,25835.25,25836,28,1,0.25,0,0.75,-1,,,,
MNQ DEC25,10s,10,5518,2025-10-27 09:39:50,25836,25839,25835.25,25836,269,3.75,0,3,0.75,0,-150.9,-36.8,-119.25,-50.24
MNQ DEC25,1s,1,1190,2025-10-27 09:39:51,25836.25,25836.25,25835.5,25835.5,15,0.75,0.75,0,0,-1,,,,
MNQ DEC25,1s,1,1191,2025-10-27 09:39:52,25835.25,25836.75,25835.25,25836.5,28,1.5,1.25,0.25,0,1,,,,
MNQ DEC25,1s,1,1192,2025-10-27 09:39:53,25837,25838.25,25837,25838,33,1.25,1,0.25,0,1,,,,
MNQ DEC25,1s,1,1193,2025-10-27 09:39:54,25838.25,25839,25838,25839,46,1,0.75,0,0.25,1,,,,
MNQ DEC25,1s,1,1194,2025-10-27 09:39:55,25838.25,25839,25838,25838,47,1,0.25,0.75,0,-1,,,,
MNQ DEC25,1s,1,1195,2025-10-27 09:39:56,25838.25,25838.25,25837,25837.75,29,1.25,0.5,0,0.75,-1,,,,
MNQ DEC25,1s,1,1196,2025-10-27 09:39:57,25838,25840,25838,25840,79,2,2,0,0,1,,,,
MNQ DEC25,1s,1,1197,2025-10-27 09:39:58,25839.75,25840.75,25839.25,25839.25,56,1.5,0.5,1,0,-1,,,,
MNQ DEC25,1s,1,1198,2025-10-27 09:39:59,25840,25840.25,25838.5,25840,69,1.75,0,0.25,1.5,0,,,,
MNQ DEC25,1s,1,1199,2025-10-27 09:40:00,25839.75,25840,25839,25839,77,1,0.75,0.25,0,-1,,,,
MNQ DEC25,10s,10,5519,2025-10-27 09:40:00,25836.25,25840.75,25835.25,25839,479,5.5,2.75,1.75,1,1,-265.4,-114.5,-133.78333333,-89.81
MNQ DEC25,20s,20,5759,2025-10-27 09:40:00,25836,25840.75,25835.25,25839,748,5.5,3,1.75,0.75,1,-248.25,-124.35,8.06666667,4.44
MNQ DEC25,1s,1,1200,2025-10-27 09:40:01,25839.25,25841.75,25837.5,25838.25,207,4.25,1,2.5,0.75,-1,,,,
MNQ DEC25,1s,1,1201,2025-10-27 09:40:02,25837.75,25838.25,25836.25,25837.25,85,2,0.5,0.5,1,-1,,,,
MNQ DEC25,1s,1,1202,2025-10-27 09:40:03,25837.25,25838.75,25836.75,25838.75,26,2,1.5,0,0.5,1,,,,
MNQ DEC25,1s,1,1203,2025-10-27 09:40:04,25838.25,25838.25,25836.5,25836.75,45,1.75,1.5,0,0.25,-1,,,,
MNQ DEC25,1s,1,1204,2025-10-27 09:40:05,25837.25,25837.5,25834,25835.25,123,3.5,2,0.25,1.25,-1,,,,
MNQ DEC25,1s,1,1205,2025-10-27 09:40:06,25835.5,25837.5,25834.75,25835.25,103,2.75,0.25,2,0.5,-1,,,,
MNQ DEC25,1s,1,1206,2025-10-27 09:40:07,25835.5,25835.5,25831.75,25834.5,105,3.75,1,0,2.75,-1,,,,
MNQ DEC25,1s,1,1207,2025-10-27 09:40:08,25834,25834.75,25832,25832,77,2.75,2,0.75,0,-1,,,,
MNQ DEC25,1s,1,1208,2025-10-27 09:40:09,25832.25,25832.25,25830.25,25830.5,113,2,1.75,0,0.25,-1,,,,
MNQ DEC25,1s,1,1209,2025-10-27 09:40:10,25830.25,25830.75,25828.5,25830.5,196,2.25,0.25,0.25,1.75,1,,,,
MNQ DEC25,10s,10,5520,2025-10-27 09:40:10,25839.25,25841.75,25828.5,25830.5,1080,13.25,8.75,2.5,2,-1,-199.7,65.7,-28.53333333,-81.31
MNQ DEC25,1s,1,1210,2025-10-27 09:40:11,25830.25,25833.75,25829.75,25833.75,162,4,3.5,0,0.5,1,,,,
MNQ DEC25,1s,1,1211,2025-10-27 09:40:12,25833,25833.25,25830.75,25831,63,2.5,2,0.25,0.25,-1,,,,
MNQ DEC25,1s,1,1212,2025-10-27 09:40:13,25831.5,25831.75,25830.75,25831,53,1,0.5,0.25,0.25,-1,,,,
MNQ DEC25,1s,1,1213,2025-10-27 09:40:14,25830.5,25831.25,25827.5,25829,144,3.75,1.5,0.75,1.5,-1,,,,
MNQ DEC25,1s,1,1214,2025-10-27 09:40:15,25829.25,25830.5,25827,25828,95,3.5,1.25,1.25,1,-1,,,,
MNQ DEC25,1s,1,1215,2025-10-27 09:40:16,25828.25,25830.75,25827.75,25830.75,125,3,2.5,0,0.5,1,,,,
MNQ DEC25,1s,1,1216,2025-10-27 09:40:17,25831,25832,25828,25831,94,4,0,1,3,0,,,,
MNQ DEC25,1s,1,1217,2025-10-27 09:40:18,25830.75,25831,25828.25,25828.5,32,2.75,2.25,0.25,0.25,-1,,,,
MNQ DEC25,1s,1,1218,2025-10-27 09:40:19,25828.25,25828.75,25827.75,25828.75,30,1,0.5,0,0.5,1,,,,
MNQ DEC25,1s,1,1219,2025-10-27 09:40:20,25828.5,25830.75,25828.25,25829,93,2.5,0.5,1.75,0.25,1,,,,
MNQ DEC25,10s,10,5521,2025-10-27 09:40:20,25830.25,25833.75,25827,25829,891,6.75,1.25,3.5,2,-1,-173.05,26.65,-7.38333333,-61.8
MNQ DEC25,20s,20,5760,2025-10-27 09:40:20,25839.25,25841.75,25827,25829,1971,14.75,10.25,2.5,2,-1,-291.1,-42.85,-59.35,18.58
MNQ DEC25,1s,1,1220,2025-10-27 09:40:21,25828.75,25830.75,25828.25,25830,46,2.5,1.25,0.75,0.5,1,,,,
MNQ DEC25,1s,1,1221,2025-10-27 09:40:22,25829.75,25833,25829.75,25832.25,72,3.25,2.5,0.75,0,1,,,,
MNQ DEC25,1s,1,1222,2025-10-27 09:40:23,25833,25836,25832.5,25835.25,126,3.5,2.25,0.75,0.5,1,,,,
MNQ DEC25,1s,1,1223,2025-10-27 09:40:24,25835.5,25838,25835.5,25837.5,103,2.5,2,0.5,0,1,,,,
MNQ DEC25,1s,1,1224,2025-10-27 09:40:25,25837.75,25839.75,25837.25,25839,171,2.5,1.25,0.75,0.5,1,,,,
MNQ DEC25,1s,1,1225,2025-10-27 09:40:26,25838.25,25839.25,25837.75,25838.5,86,1.5,0.25,0.75,0.5,1,,,,
MNQ DEC25,1s,1,1226,2025-10-27 09:40:27,25839,25839.5,25838.25,25838.25,28,1.25,0.75,0.5,0,-1,,,,
MNQ DEC25,1s,1,1227,2025-10-27 09:40:28,25837.75,25838.5,25837.25,25838.25,30,1.25,0.5,0.25,0.5,1,,,,
MNQ DEC25,1s,1,1228,2025-10-27 09:40:29,25837.5,25838,25836.25,25836.5,40,1.75,1,0.5,0.25,-1,,,,
MNQ DEC25,1s,1,1229,2025-10-27 09:40:30,25836.5,25837.5,25836.5,25836.75,25,1,0.25,0.75,0,1,,,,
MNQ DEC25,10s,10,5522,2025-10-27 09:40:30,25828.75,25839.75,25828.25,25836.75,727,11.5,8,3,0.5,1,-109.75,63.3,51.88333333,0.87
MNQ DEC25,1s,1,1230,2025-10-27 09:40:31,25837.5,25839.5,25837.5,25838,70,2,0.5,1.5,0,1,,,,
MNQ DEC25,1s,1,1231,2025-10-27 09:40:32,25837.5,25837.5,25835.25,25837.5,71,2.25,0,0,2.25,0,,,,
MNQ DEC25,1s,1,1232,2025-10-27 09:40:33,25836.5,25837.75,25836.25,25836.75,34,1.5,0.25,1,0.25,1,,,,
MNQ DEC25,1s,1,1233,2025-10-27 09:40:34,25836.5,25837.5,25836.5,25836.75,28,1,0.25,0.75,0,1,,,,
MNQ DEC25,1s,1,1234,2025-10-27 09:40:35,25836,25836.25,25834,25835.25,57,2.25,0.75,0.25,1.25,-1,,,,
MNQ DEC25,1s,1,1235,2025-10-27 09:40:36,25835.25,25836,25834.25,25835.25,26,1.75,0,0.75,1,0,,,,
MNQ DEC25,1s,1,1236,2025-10-27 09:40:37,25835.25,25835.75,25834.5,25835,33,1.25,0.25,0.5,0.5,-1,,,,
MNQ DEC25,1s,1,1237,2025-10-27 09:40:38,25834,25835.25,25833.75,25835.25,32,1.5,1.25,0,0.25,1,,,,
MNQ DEC25,1s,1,1238,2025-10-27 09:40:39,25835.5,25836.5,25835.5,25836,24,1,0.5,0.5,0,1,,,,
MNQ DEC25,1s,1,1239,2025-10-27 09:40:40,25835.25,25835.25,25834.5,25834.5,8,0.75,0.75,0,0,-1,,,,
MNQ DEC25,10s,10,5523,2025-10-27 09:40:40,25837.5,25839.5,25833.75,25834.5,383,5.75,3,2,0.75,-1,-69.1,40.65,43.53333333,16.36
MNQ DEC25,20s,20,5761,2025-10-27 09:40:40,25828.75,25839.75,25828.25,25834.5,1110,11.5,5.75,5.25,0.5,1,-535.85,-244.75,-137.31666667,-52.68
MNQ DEC25,1s,1,1240,2025-10-27 09:40:41,25834,25834.75,25831,25831,55,3.75,3,0.75,0,-1,,,,
MNQ DEC25,1s,1,1241,2025-10-27 09:40:42,25830.5,25833.25,25830.25,25833.25,32,3,2.75,0,0.25,1,,,,
MNQ DEC25,1s,1,1242,2025-10-27 09:40:43,25833.75,25833.75,25832,25832.5,63,1.75,1.25,0,0.5,-1,,,,
MNQ DEC25,1s,1,1243,2025-10-27 09:40:44,25832.5,25838,25832.5,25835.75,151,5.5,3.25,2.25,0,1,,,,
MNQ DEC25,1s,1,1244,2025-10-27 09:40:45,25836,25836,25834.75,25835.5,50,1.25,0.5,0,0.75,-1,,,,
MNQ DEC25,1s,1,1245,2025-10-27 09:40:46,25835.25,25836.75,25835,25836.25,23,1.75,1,0.5,0.25,1,,,,
MNQ DEC25,1s,1,1246,2025-10-27 09:40:47,25836.25,25838.25,25835.75,25838,41,2.5,1.75,0.25,0.5,1,,,,
MNQ DEC25,1s,1,1247,2025-10-27 09:40:48,25837.25,25837.75,25835.75,25836.5,42,2,0.75,0.5,0.75,-1,,,,
MNQ DEC25,1s,1,1248,2025-10-27 09:40:49,25836.75,25839,25836.25,25838.75,81,2.75,2,0.25,0.5,1,,,,
MNQ DEC25,1s,1,1249,2025-10-27 09:40:50,25839,25839,25837.25,25838,25,1.75,1,0,0.75,-1,,,,
MNQ DEC25,10s,10,5524,2025-10-27 09:40:50,25834,25839,25830.25,25838,563,8.75,4,1,3.75,1,-43.85,25.25,43.06666667,44.31
MNQ DEC25,1s,1,1250,2025-10-27 09:40:51,25837.25,25839.25,25837,25839,77,2.25,1.75,0.25,0.25,1,,,,
MNQ DEC25,1s,1,1251,2025-10-27 09:40:52,25839,25841,25838.75,25840.5,119,2.25,1.5,0.5,0.25,1,,,,
MNQ DEC25,1s,1,1252,2025-10-27 09:40:53,25840,25841,25839.5,25839.75,103,1.5,0.25,1,0.25,-1,,,,
MNQ DEC25,1s,1,1253,2025-10-27 09:40:54,25840,25840.25,25838.5,25838.75,51,1.75,1.25,0.25,0.25,-1,,,,
MNQ DEC25,1s,1,1254,2025-10-27 09:40:55,25839,25840.5,25838.5,25839.5,39,2,0.5,1,0.5,1,,,,
MNQ DEC25,1s,1,1255,2025-10-27 09:40:56,25840,25840.5,25838.5,25838.5,37,2,1.5,0.5,0,-1,,,,
MNQ DEC25,1s,1,1256,2025-10-27 09:40:57,25838.75,25839.25,25838,25839,35,1.25,0.25,0.25,0.75,1,,,,
MNQ DEC25,1s,1,1257,2025-10-27 09:40:58,25839.25,25839.5,25837.25,25837.5,37,2.25,1.75,0.25,0.25,-1,,,,
MNQ DEC25,1s,1,1258,2025-10-27 09:40:59,25837.5,25838.25,25837.25,25837.5,23,1,0,0.75,0.25,0,,,,
MNQ DEC25,1s,1,1259,2025-10-27 09:41:00,25837.5,25839,25837.5,25838.25,32,1.5,0.75,0.75,0,1,,,,
MNQ DEC25,10s,10,5525,2025-10-27 09:41:00,25837.25,25841,25837,25838.25,553,4,1,2.75,0.25,1,-150.55,-106.7,-13.6,9.83
MNQ DEC25,20s,20,5762,2025-10-27 09:41:00,25834,25841,25830.25,25838.25,1116,10.75,4.25,2.75,3.75,1,-673.2,-137.35,-141.65,-112.03
MNQ DEC25,1s,1,1260,2025-10-27 09:41:01,25838,25839.75,25837.5,25839.75,68,2.25,1.75,0,0.5,1,,,,
MNQ DEC25,1s,1,1261,2025-10-27 09:41:02,25840,25840.75,25838.75,25839.5,46,2,0.5,0.75,0.75,-1,,,,
MNQ DEC25,1s,1,1262,2025-10-27 09:41:03,25839.5,25840.25,25838.75,25839.25,58,1.5,0.25,0.75,0.5,-1,,,,
MNQ DEC25,1s,1,1263,2025-10-27 09:41:04,25839.75,25840.25,25839,25839.5,18,1.25,0.25,0.5,0.5,-1,,,,
MNQ DEC25,1s,1,1264,2025-10-27 09:41:05,25839.25,25840.75,25839.25,25840.75,43,1.5,1.5,0,0,1,,,,
MNQ DEC25,1s,1,1265,2025-10-27 09:41:06,25840.25,25847,25840.25,25844.5,444,6.75,4.25,2.5,0,1,,,,
MNQ DEC25,1s,1,1266,2025-10-27 09:41:07,25844.75,25845,25843,25843.5,182,2,1.25,0.25,0.5,-1,,,,
MNQ DEC25,1s,1,1267,2025-10-27 09:41:08,25843.5,25844.5,25843.25,25844,65,1.25,0.5,0.5,0.25,1,,,,
MNQ DEC25,1s,1,1268,2025-10-27 09:41:09,25844,25845,25843.5,25845,53,1.5,1,0,0.5,1,,,,
MNQ DEC25,1s,1,1269,2025-10-27 09:41:10,25845,25846.25,25843.75,25844.25,173,2.5,0.75,1.25,0.5,-1,,,,
MNQ DEC25,10s,10,5526,2025-10-27 09:41:10,25838,25847,25837.5,25844.25,1150,9.5,6.25,2.75,0.5,1,-132.7,17.85,-21.2,8.07
MNQ DEC25,1s,1,1270,2025-10-27 09:41:11,25843.75,25845.75,25842.5,25845.75,75,3.25,2,0,1.25,1,,,,
MNQ DEC25,1s,1,1271,2025-10-27 09:41:12,25845.5,25846.5,25844.5,25846,51,2,0.5,0.5,1,1,,,,
MNQ DEC25,1s,1,1272,2025-10-27 09:41:13,25846.25,25847,25845.25,25846,74,1.75,0.25,0.75,0.75,-1,,,,
MNQ DEC25,1s,1,1273,2025-10-27 09:41:14,25845.75,25846.25,25844,25844,114,2.25,1.75,0.5,0,-1,,,,
MNQ DEC25,1s,1,1274,2025-10-27 09:41:15,25843.5,25843.75,25840,25840,121,3.75,3.5,0.25,0,-1,,,,
MNQ DEC25,1s,1,1275,2025-10-27 09:41:16,25840.5,25841.75,25838.75,25841.25,105,3,0.75,0.5,1.75,1,,,,
MNQ DEC25,1s,1,1276,2025-10-27 09:41:17,25840.5,25841.25,25838.75,25840,65,2.5,0.5,0.75,1.25,-1,,,,
MNQ DEC25,1s,1,1277,2025-10-27 09:41:18,25839.75,25839.75,25838.75,25839.25,32,1,0.5,0,0.5,-1,,,,
MNQ DEC25,1s,1,1278,2025-10-27 09:41:19,25839,25839,25836.25,25836.75,156,2.75,2.25,0,0.5,-1,,,,
MNQ DEC25,1s,1,1279,2025-10-27 09:41:20,25837.25,25838.25,25836.75,25838,67,1.5,0.75,0.25,0.5,1,,,,
MNQ DEC25,10s,10,5527,2025-10-27 09:41:20,25843.75,25847,25836.25,25838,860,10.75,5.75,3.25,1.75,-1,-103,29.7,-19.71666667,1.35
MNQ DEC25,20s,20,5763,2025-10-27 09:41:20,25838,25847,25836.25,25838,2010,10.75,0,9,1.75,0,-522.1,151.1,-77,-79.64
MNQ DEC25,1s,1,1280,2025-10-27 09:41:21,25838.25,25838.25,25836.5,25836.75,30,1.75,1.5,0,0.25,-1,,,,
MNQ DEC25,1s,1,1281,2025-10-27 09:41:22,25836.75,25837.5,25836.5,25837,35,1,0.25,0.5,0.25,1,,,,
MNQ DEC25,1s,1,1282,2025-10-27 09:41:23,25836.5,25837.75,25836,25836.75,61,1.75,0.25,1,0.5,1,,,,
MNQ DEC25,1s,1,1283,2025-10-27 09:41:24,25836.25,25837,25833.75,25834,103,3.25,2.25,0.75,0.25,-1,,,,
MNQ DEC25,1s,1,1284,2025-10-27 09:41:25,25834.5,25835,25830.75,25831,180,4.25,3.5,0.5,0.25,-1,,,,
MNQ DEC25,1s,1,1285,2025-10-27 09:41:26,25831.25,25832,25828.75,25829.25,179,3.25,2,0.75,0.5,-1,,,,
MNQ DEC25,1s,1,1286,2025-10-27 09:41:27,25828.5,25828.5,25826.5,25826.75,281,2,1.75,0,0.25,-1,,,,
MNQ DEC25,1s,1,1287,2025-10-27 09:41:28,25826.75,25827,25824,25824.5,265,3,2.25,0.25,0.5,-1,,,,
MNQ DEC25,1s,1,1288,2025-10-27 09:41:29,25825,25825,25821.5,25825,296,3.5,0,0,3.5,0,,,,
MNQ DEC25,1s,1,1289,2025-10-27 09:41:30,25825.25,25827.25,25825,25826,142,2.25,0.75,1.25,0.25,1,,,,
MNQ DEC25,10s,10,5528,2025-10-27 09:41:30,25838.25,25838.25,25821.5,25826,1572,16.75,12.25,0,4.5,-1,109,212,86.51666667,35.62
MNQ DEC25,1s,1,1290,2025-10-27 09:41:31,25826,25828.25,25825.5,25826,85,2.75,0,2.25,0.5,0,,,,
MNQ DEC25,1s,1,1291,2025-10-27 09:41:32,25826.25,25827.25,25825.5,25826.25,83,1.75,0,1,0.75,0,,,,
MNQ DEC25,1s,1,1292,2025-10-27 09:41:33,25826.25,25827.25,25825.5,25826.5,59,1.75,0.25,0.75,0.75,1,,,,
MNQ DEC25,1s,1,1293,2025-10-27 09:41:34,25826.5,25830.5,25826.25,25830.5,92,4.25,4,0,0.25,1,,,,
MNQ DEC25,1s,1,1294,2025-10-27 09:41:35,25829.75,25830.25,25827.25,25827.5,77,3,2.25,0.5,0.25,-1,,,,
MNQ DEC25,1s,1,1295,2025-10-27 09:41:36,25827.5,25828.25,25826,25826.25,66,2.25,1.25,0.75,0.25,-1,,,,
MNQ DEC25,1s,1,1296,2025-10-27 09:41:37,25826.5,25827.25,25825.5,25825.75,46,1.75,0.75,0.75,0.25,-1,,,,
MNQ DEC25,1s,1,1297,2025-10-27 09:41:38,25825.75,25826.5,25825,25825,70,1.5,0.75,0.75,0,-1,,,,
MNQ DEC25,1s,1,1298,2025-10-27 09:41:39,25825,25826.75,25824.75,25826.5,62,2,1.5,0.25,0.25,1,,,,
MNQ DEC25,1s,1,1299,2025-10-27 09:41:40,25826.5,25827.25,25825.25,25825.25,39,2,1.25,0.75,0,-1,,,,
MNQ DEC25,10s,10,5529,2025-10-27 09:41:40,25826,25830.5,25824.75,25825.25,679,5.75,0.75,4.5,0.5,-1,128.8,19.8,87.16666667,34.53
MNQ DEC25,20s,20,5764,2025-10-27 09:41:40,25838.25,25838.25,25821.5,25825.25,2251,16.75,13,0,3.75,-1,-247.4,274.7,96.15,0.17
MNQ DEC25,1s,1,1300,2025-10-27 09:41:41,25826.25,25826.75,25824.5,25826.75,30,2.25,0.5,0,1.75,1,,,,
MNQ DEC25,1s,1,1301,2025-10-27 09:41:42,25826.25,25827,25824.75,25825,59,2.25,1.25,0.75,0.25,-1,,,,
MNQ DEC25,1s,1,1302,2025-10-27 09:41:43,25825,25825.75,25823.75,25824.5,42,2,0.5,0.75,0.75,-1,,,,
MNQ DEC25,1s,1,1303,2025-10-27 09:41:44,25824.75,25825.25,25823.5,25824,55,1.75,0.75,0.5,0.5,-1,,,,
MNQ DEC25,1s,1,1304,2025-10-27 09:41:45,25824,25824.5,25823.5,25823.5,42,1,0.5,0.5,0,-1,,,,
MNQ DEC25,1s,1,1305,2025-10-27 09:41:46,25824,25824.5,25822.5,25823,88,2,1,0.5,0.5,-1,,,,
MNQ DEC25,1s,1,1306,2025-10-27 09:41:47,25822.75,25823.5,25821.75,25822.75,111,1.75,0,0.75,1,0,,,,
MNQ DEC25,1s,1,1307,2025-10-27 09:41:48,25822,25822.75,25819.5,25822,197,3.25,0,0.75,2.5,0,,,,
MNQ DEC25,1s,1,1308,2025-10-27 09:41:49,25822.25,25822.75,25821.75,25822.5,66,1,0.25,0.25,0.5,1,,,,
MNQ DEC25,1s,1,1309,2025-10-27 09:41:50,25821.75,25823.75,25820,25820.5,62,3.75,1.25,2,0.5,-1,,,,
MNQ DEC25,10s,10,5530,2025-10-27 09:41:50,25826.25,25827,25819.5,25820.5,752,7.5,5.75,0.75,1,-1,165.75,36.95,89.58333333,63.26
MNQ DEC25,1s,1,1310,2025-10-27 09:41:51,25820.25,25821.75,25819.5,25821,153,2.25,0.75,0.75,0.75,1,,,,
MNQ DEC25,1s,1,1311,2025-10-27 09:41:52,25821,25823.25,25820.25,25821.75,92,3,0.75,1.5,0.75,1,,,,
MNQ DEC25,1s,1,1312,2025-10-27 09:41:53,25821.5,25823,25820.25,25821,80,2.75,0.5,1.5,0.75,-1,,,,
MNQ DEC25,1s,1,1313,2025-10-27 09:41:54,25820.25,25821.25,25820,25820.75,73,1.25,0.5,0.5,0.25,1,,,,
MNQ DEC25,1s,1,1314,2025-10-27 09:41:55,25821,25821.5,25816.75,25817.5,124,4.75,3.5,0.5,0.75,-1,,,,
MNQ DEC25,1s,1,1315,2025-10-27 09:41:56,25817,25817.75,25816,25817.75,167,1.75,0.75,0,1,1,,,,
MNQ DEC25,1s,1,1316,2025-10-27 09:41:57,25817.5,25818.5,25816.75,25817.75,111,1.75,0.25,0.75,0.75,1,,,,
MNQ DEC25,1s,1,1317,2025-10-27 09:41:58,25816.75,25817.25,25815.25,25815.75,144,2,1,0.5,0.5,-1,,,,
MNQ DEC25,1s,1,1318,2025-10-27 09:41:59,25816,25816.5,25814.25,25815.5,157,2.25,0.5,0.5,1.25,-1,,,,
MNQ DEC25,1s,1,1319,2025-10-27 09:42:00,25815.5,25815.75,25813,25813.75,173,2.75,1.75,0.25,0.75,-1,,,,
MNQ DEC25,10s,10,5531,2025-10-27 09:42:00,25820.25,25823.25,25813,25813.75,1274,10.25,6.5,3,0.75,-1,191.5,25.75,27.5,64.84
MNQ DEC25,20s,20,5765,2025-10-27 09:42:00,25826.25,25827,25813,25813.75,2026,14,12.5,0.75,0.75,-1,-56.85,190.55,205.45,46.85
MNQ DEC25,1s,1,1320,2025-10-27 09:42:01,25813.75,25815,25811.75,25812.75,242,3.25,1,1.25,1,-1,,,,
MNQ DEC25,1s,1,1321,2025-10-27 09:42:02,25813,25813.75,25812,25812.75,128,1.75,0.25,0.75,0.75,-1,,,,
MNQ DEC25,1s,1,1322,2025-10-27 09:42:03,25813.5,25817.5,25813.5,25815,217,4,1.5,2.5,0,1,,,,
MNQ DEC25,1s,1,1323,2025-10-27 09:42:04,25815,25815.5,25813.5,25814.5,73,2,0.5,0.5,1,-1,,,,
MNQ DEC25,1s,1,1324,2025-10-27 09:42:05,25814.25,25819,25814.25,25817.75,91,4.75,3.5,1.25,0,1,,,,
MNQ DEC25,1s,1,1325,2025-10-27 09:42:06,25818,25822,25818,25821,146,4,3,1,0,1,,,,
MNQ DEC25,1s,1,1326,2025-10-27 09:42:07,25821.75,25824,25820.25,25820.25,171,3.75,1.5,2.25,0,-1,,,,
MNQ DEC25,1s,1,1327,2025-10-27 09:42:08,25820.25,25822.75,25820.25,25822.75,90,2.5,2.5,0,0,1,,,,
MNQ DEC25,1s,1,1328,2025-10-27 09:42:09,25822.75,25823,25821,25821.25,78,2,1.5,0.25,0.25,-1,,,,
MNQ DEC25,1s,1,1329,2025-10-27 09:42:10,25821.5,25821.5,25818.75,25819,66,2.75,2.5,0,0.25,-1,,,,
MNQ DEC25,10s,10,5532,2025-10-27 09:42:10,25813.75,25824,25811.75,25819,1302,12.25,5.25,5,2,1,300.85,109.35,57.35,80.77
MNQ DEC25,1s,1,1330,2025-10-27 09:42:11,25819.5,25822.5,25819,25821.25,88,3.5,1.75,1.25,0.5,1,,,,
MNQ DEC25,1s,1,1331,2025-10-27 09:42:12,25821.75,25822,25821,25821.25,49,1,0.5,0.25,0.25,-1,,,,
MNQ DEC25,1s,1,1332,2025-10-27 09:42:13,25822.25,25822.5,25818.75,25819.25,72,3.75,3,0.25,0.5,-1,,,,
MNQ DEC25,1s,1,1333,2025-10-27 09:42:14,25819,25822,25819,25822,42,3,3,0,0,1,,,,
MNQ DEC25,1s,1,1334,2025-10-27 09:42:15,25822.5,25823,25821.25,25821.75,71,1.75,0.75,0.5,0.5,-1,,,,
MNQ DEC25,1s,1,1335,2025-10-27 09:42:16,25822,25822.5,25820,25820,40,2.5,2,0.5,0,-1,,,,
MNQ DEC25,1s,1,1336,2025-10-27 09:42:17,25820.25,25821.5,25819.25,25821.5,59,2.25,1.25,0,1,1,,,,
MNQ DEC25,1s,1,1337,2025-10-27 09:42:18,25821.25,25821.25,25818.75,25819.75,69,2.5,1.5,0,1,-1,,,,
MNQ DEC25,1s,1,1338,2025-10-27 09:42:19,25819.75,25820,25819,25819.5,39,1,0.25,0.25,0.5,-1,,,,
MNQ DEC25,1s,1,1339,2025-10-27 09:42:20,25819.5,25820.75,25819,25819.75,28,1.75,0.25,1,0.5,1,,,,
MNQ DEC25,10s,10,5533,2025-10-27 09:42:20,25819.5,25823,25818.75,25819.75,557,4.25,0.25,3.25,0.75,1,98,-202.85,-22.58333333,-2.2
MNQ DEC25,20s,20,5766,2025-10-27 09:42:20,25813.75,25824,25811.75,25819.75,1859,12.25,6,4.25,2,1,161.9,218.75,228,139.55
MNQ DEC25,1s,1,1340,2025-10-27 09:42:21,25819.75,25820,25818,25819.5,80,2,0.25,0.25,1.5,-1,,,,
MNQ DEC25,1s,1,1341,2025-10-27 09:42:22,25819.25,25821.5,25819.25,25821,49,2.25,1.75,0.5,0,1,,,,
MNQ DEC25,1s,1,1342,2025-10-27 09:42:23,25821,25823.75,25820.75,25823,142,3,2,0.75,0.25,1,,,,
MNQ DEC25,1s,1,1343,2025-10-27 09:42:24,25823.25,25825.25,25822.75,25823.75,121,2.5,0.5,1.5,0.5,1,,,,
MNQ DEC25,1s,1,1344,2025-10-27 09:42:25,25823.5,25823.5,25821.25,25822,60,2.25,1.5,0,0.75,-1,,,,
MNQ DEC25,1s,1,1345,2025-10-27 09:42:26,25822,25822.25,25819.5,25820.25,35,2.75,1.75,0.25,0.75,-1,,,,
MNQ DEC25,1s,1,1346,2025-10-27 09:42:27,25819.75,25821.5,25819.5,25820.5,45,2,0.75,1,0.25,1,,,,
MNQ DEC25,1s,1,1347,2025-10-27 09:42:28,25820.75,25821.25,25819.5,25820,28,1.75,0.75,0.5,0.5,-1,,,,
MNQ DEC25,1s,1,1348,2025-10-27 09:42:29,25819.5,25820,25818,25818.75,50,2,0.75,0.5,0.75,-1,,,,
MNQ DEC25,1s,1,1349,2025-10-27 09:42:30,25819.25,25820,25818,25818.5,15,2,0.75,0.75,0.5,-1,,,,
MNQ DEC25,10s,10,5534,2025-10-27 09:42:30,25819.75,25825.25,25818,25818.5,625,7.25,1.25,5.5,0.5,-1,110.6,12.6,-26.96666667,-3.64
MNQ DEC25,1s,1,1350,2025-10-27 09:42:31,25818.5,25819,25816.25,25817,95,2.75,1.5,0.5,0.75,-1,,,,
MNQ DEC25,1s,1,1351,2025-10-27 09:42:32,25816.5,25818,25815.25,25816.25,100,2.75,0.25,1.5,1,-1,,,,
MNQ DEC25,1s,1,1352,2025-10-27 09:42:33,25815.75,25818.25,25815.25,25817.5,47,3,1.75,0.75,0.5,1,,,,
MNQ DEC25,1s,1,1353,2025-10-27 09:42:34,25817,25817.75,25816,25817.5,26,1.75,0.5,0.25,1,1,,,,
MNQ DEC25,1s,1,1354,2025-10-27 09:42:35,25818,25819.5,25818,25818.75,37,1.5,0.75,0.75,0,1,,,,
MNQ DEC25,1s,1,1355,2025-10-27 09:42:36,25818.5,25818.75,25817.25,25818.75,31,1.5,0.25,0,1.25,1,,,,
MNQ DEC25,1s,1,1356,2025-10-27 09:42:37,25819.25,25819.75,25817.25,25818.25,36,2.5,1,0.5,1,-1,,,,
MNQ DEC25,1s,1,1357,2025-10-27 09:42:38,25818.25,25819,25818,25819,22,1,0.75,0,0.25,1,,,,
MNQ DEC25,1s,1,1358,2025-10-27 09:42:39,25818.75,25819.5,25817.5,25817.75,32,2,1,0.75,0.25,-1,,,,
MNQ DEC25,1s,1,1359,2025-10-27 09:42:40,25817.25,25818.75,25817,25818.25,28,1.75,1,0.5,0.25,1,,,,
MNQ DEC25,10s,10,5535,2025-10-27 09:42:40,25818.5,25819.75,25815.25,25818.25,454,4.5,0.25,1.25,3,-1,68.15,-42.45,-77.56666667,-19.52
MNQ DEC25,20s,20,5767,2025-10-27 09:42:40,25819.75,25825.25,25815.25,25818.25,1079,10,1.5,5.5,3,-1,184.8,22.9,144.06666667,171.6
MNQ DEC25,1s,1,1360,2025-10-27 09:42:41,25818.75,25818.75,25817,25817,20,1.75,1.75,0,0,-1,,,,
MNQ DEC25,1s,1,1361,2025-10-27 09:42:42,25817.25,25817.25,25814.5,25815.25,73,2.75,2,0,0.75,-1,,,,
MNQ DEC25,1s,1,1362,2025-10-27 09:42:43,25815.75,25817.25,25815.75,25816.75,68,1.5,1,0.5,0,1,,,,
MNQ DEC25,1s,1,1363,2025-10-27 09:42:44,25817,25817.5,25815.5,25815.75,38,2,1.25,0.5,0.25,-1,,,,
MNQ DEC25,1s,1,1364,2025-10-27 09:42:45,25815.5,25817.25,25815.5,25817.25,25,1.75,1.75,0,0,1,,,,
MNQ DEC25,1s,1,1365,2025-10-27 09:42:46,25817.75,25819.25,25816.75,25816.75,35,2.5,1,1.5,0,-1,,,,
MNQ DEC25,1s,1,1366,2025-10-27 09:42:47,25816.5,25817.5,25815.25,25817.5,30,2.25,1,0,1.25,1,,,,
MNQ DEC25,1s,1,1367,2025-10-27 09:42:48,25817,25820.25,25816.5,25819.5,73,3.75,2.5,0.75,0.5,1,,,,
MNQ DEC25,1s,1,1368,2025-10-27 09:42:49,25819.75,25821,25819,25820,41,2,0.25,1,0.75,1,,,,
MNQ DEC25,1s,1,1369,2025-10-27 09:42:50,25820.5,25820.5,25818.25,25818.5,40,2.25,2,0,0.25,-1,,,,
MNQ DEC25,10s,10,5536,2025-10-27 09:42:50,25818.75,25821,25814.5,25818.5,443,6.5,0.25,2.25,4,-1,-77,-145.15,-58.33333333,-53.7
MNQ DEC25,1s,1,1370,2025-10-27 09:42:51,25819.5,25819.5,25817.75,25819,18,1.75,0.5,0,1.25,-1,,,,
MNQ DEC25,1s,1,1371,2025-10-27 09:42:52,25819.5,25819.5,25817.75,25818.25,14,1.75,1.25,0,0.5,-1,,,,
MNQ DEC25,1s,1,1372,2025-10-27 09:42:53,25819,25820.75,25819,25820,32,1.75,1,0.75,0,1,,,,
MNQ DEC25,1s,1,1373,2025-10-27 09:42:54,25820,25820.5,25819,25819,26,1.5,1,0.5,0,-1,,,,
MNQ DEC25,1s,1,1374,2025-10-27 09:42:55,25819.25,25821.25,25819.25,25821.25,11,2,2,0,0,1,,,,
MNQ DEC25,1s,1,1375,2025-10-27 09:42:56,25821,25822.25,25819.75,25821.25,68,2.5,0.25,1,1.25,1,,,,
MNQ DEC25,1s,1,1376,2025-10-27 09:42:57,25822,25823.25,25821.5,25823,63,1.75,1,0.25,0.5,1,,,,
MNQ DEC25,1s,1,1377,2025-10-27 09:42:58,25823.25,25824.25,25822.5,25824,101,1.75,0.75,0.25,0.75,1,,,,
MNQ DEC25,1s,1,1378,2025-10-27 09:42:59,25824,25826.25,25823.5,25825.75,124,2.75,1.75,0.5,0.5,1,,,,
MNQ DEC25,1s,1,1379,2025-10-27 09:43:00,25825.75,25826.25,25824,25824.25,69,2.25,1.5,0.5,0.25,-1,,,,
MNQ DEC25,10s,10,5537,2025-10-27 09:43:00,25819.5,25826.25,25817.75,25824.25,526,8.5,4.75,2,1.75,1,-235.95,-158.95,-115.51666667,-107.36
MNQ DEC25,20s,20,5768,2025-10-27 09:43:00,25818.75,25826.25,25814.5,25824.25,969,11.75,5.5,2,4.25,1,12.75,-172.05,23.2,106.97
MNQ DEC25,1s,1,1380,2025-10-27 09:43:01,25824,25824.75,25823.5,25824.5,27,1.25,0.5,0.25,0.5,1,,,,
MNQ DEC25,1s,1,1381,2025-10-27 09:43:02,25825,25825.25,25822.25,25823.75,58,3,1.25,0.25,1.5,-1,,,,
MNQ DEC25,1s,1,1382,2025-10-27 09:43:03,25823.75,25826.25,25823,25826.25,25,3.25,2.5,0,0.75,1,,,,
MNQ DEC25,1s,1,1383,2025-10-27 09:43:04,25826.5,25829.5,25826.5,25828.5,289,3,2,1,0,1,,,,
MNQ DEC25,1s,1,1384,2025-10-27 09:43:05,25828,25828.5,25825.5,25825.5,135,3,2.5,0.5,0,-1,,,,
MNQ DEC25,1s,1,1385,2025-10-27 09:43:06,25825.75,25825.75,25824.25,25824.25,44,1.5,1.5,0,0,-1,,,,
MNQ DEC25,1s,1,1386,2025-10-27 09:43:07,25824,25824.5,25823.5,25823.5,55,1,0.5,0.5,0,-1,,,,
MNQ DEC25,1s,1,1387,2025-10-27 09:43:08,25823.75,25825.25,25823.5,25825.25,23,1.75,1.5,0,0.25,1,,,,
MNQ DEC25,1s,1,1388,2025-10-27 09:43:09,25825,25827.75,25825,25827.75,34,2.75,2.75,0,0,1,,,,
MNQ DEC25,1s,1,1389,2025-10-27 09:43:10,25827.75,25827.75,25826.25,25827,28,1.5,0.75,0,0.75,-1,,,,
MNQ DEC25,10s,10,5538,2025-10-27 09:43:10,25824,25829.5,25822.25,25827,718,7.25,3,2.5,1.75,1,-226.2,9.75,-98.11666667,-64.84
MNQ DEC25,1s,1,1390,2025-10-27 09:43:11,25827.25,25828.75,25826.5,25827.5,71,2.25,0.25,1.25,0.75,1,,,,
MNQ DEC25,1s,1,1391,2025-10-27 09:43:12,25828,25828,25825.75,25826.25,40,2.25,1.75,0,0.5,-1,,,,
MNQ DEC25,1s,1,1392,2025-10-27 09:43:13,25826.25,25828,25826,25827.25,25,2,1,0.75,0.25,1,,,,
MNQ DEC25,1s,1,1393,2025-10-27 09:43:14,25827.25,25830.25,25827.25,25830,101,3,2.75,0.25,0,1,,,,
MNQ DEC25,1s,1,1394,2025-10-27 09:43:15,25829.5,25830.25,25828.25,25828.5,39,2,1,0.75,0.25,-1,,,,
MNQ DEC25,1s,1,1395,2025-10-27 09:43:16,25829,25829,25826.75,25828,45,2.25,1,0,1.25,-1,,,,
MNQ DEC25,1s,1,1396,2025-10-27 09:43:17,25827.5,25828.5,25826.75,25827.75,29,1.75,0.25,0.75,0.75,1,,,,
MNQ DEC25,1s,1,1397,2025-10-27 09:43:18,25828.25,25828.25,25827,25827.25,27,1.25,1,0,0.25,-1,,,,
MNQ DEC25,1s,1,1398,2025-10-27 09:43:19,25827.75,25827.75,25825.25,25826,61,2.5,1.75,0,0.75,-1,,,,
MNQ DEC25,1s,1,1399,2025-10-27 09:43:20,25825.75,25827,25824.5,25826.75,48,2.5,1,0.25,1.25,1,,,,
MNQ DEC25,10s,10,5539,2025-10-27 09:43:20,25827.25,25830.25,25824.5,25826.75,486,5.75,0.5,3,2.25,-1,-254.35,-28.15,-59.11666667,-72.99
MNQ DEC25,20s,20,5769,2025-10-27 09:43:20,25824,25830.25,25822.25,25826.75,1204,8,2.75,3.5,1.75,1,-189.75,-202.5,-117.21666667,11.53
MNQ DEC25,1s,1,1400,2025-10-27 09:43:21,25826.75,25827.25,25825.25,25826.25,31,2,0.5,0.5,1,-1,,,,
MNQ DEC25,1s,1,1401,2025-10-27 09:43:22,25825.75,25826,25824.5,25825,41,1.5,0.75,0.25,0.5,-1,,,,
MNQ DEC25,1s,1,1402,2025-10-27 09:43:23,25824.5,25827.5,25823.75,25827.25,39,3.75,2.75,0.25,0.75,1,,,,
MNQ DEC25,1s,1,1403,2025-10-27 09:43:24,25827.5,25828.25,25826.5,25826.75,29,1.75,0.75,0.75,0.25,-1,,,,
MNQ DEC25,1s,1,1404,2025-10-27 09:43:25,25826.75,25827.5,25826.5,25827.25,17,1,0.5,0.25,0.25,1,,,,
MNQ DEC25,1s,1,1405,2025-10-27 09:43:26,25827.25,25827.25,25826,25826,21,1.25,1.25,0,0,-1,,,,
MNQ DEC25,1s,1,1406,2025-10-27 09:43:27,25825.75,25827.5,25825.25,25827.5,20,2.25,1.75,0,0.5,1,,,,
MNQ DEC25,1s,1,1407,2025-10-27 09:43:28,25827.25,25827.75,25826,25826.5,17,1.75,0.75,0.5,0.5,-1,,,,
MNQ DEC25,1s,1,1408,2025-10-27 09:43:29,25826.5,25827,25825.75,25826,24,1.25,0.5,0.5,0.25,-1,,,,
MNQ DEC25,1s,1,1409,2025-10-27 09:43:30,25826.75,25827.25,25826,25826,27,1.25,0.75,0.5,0,-1,,,,
MNQ DEC25,10s,10,5540,2025-10-27 09:43:30,25826.75,25828.25,25823.75,25826,266,4.5,0.75,1.5,2.25,-1,-251.25,3.1,-5.1,-63.88
MNQ DEC25,1s,1,1410,2025-10-27 09:43:31,25826.25,25826.75,25824.75,25824.75,29,2,1.5,0.5,0,-1,,,,
MNQ DEC25,1s,1,1411,2025-10-27 09:43:32,25824.5,25825.5,25824.5,25825.5,12,1,1,0,0,1,,,,
MNQ DEC25,1s,1,1412,2025-10-27 09:43:33,25825,25826.5,25825,25826.5,31,1.5,1.5,0,0,1,,,,
MNQ DEC25,1s,1,1413,2025-10-27 09:43:34,25827,25827.75,25826.75,25827.5,15,1,0.5,0.25,0.25,1,,,,
MNQ DEC25,1s,1,1414,2025-10-27 09:43:35,25827.25,25828,25826.75,25828,22,1.25,0.75,0,0.5,1,,,,
MNQ DEC25,1s,1,1415,2025-10-27 09:43:36,25827,25828.25,25827,25828.25,28,1.25,1.25,0,0,1,,,,
MNQ DEC25,1s,1,1416,2025-10-27 09:43:37,25827,25827,25826.25,25826.75,11,0.75,0.25,0,0.5,-1,,,,
MNQ DEC25,1s,1,1417,2025-10-27 09:43:38,25826,25826,25825.25,25825.5,35,0.75,0.5,0,0.25,-1,,,,
MNQ DEC25,1s,1,1418,2025-10-27 09:43:39,25825.25,25825.5,25824.75,25825.5,9,0.75,0.25,0,0.5,1,,,,
MNQ DEC25,1s,1,1419,2025-10-27 09:43:40,25825.25,25825.5,25822,25822.25,62,3.5,3,0.25,0.25,-1,,,,
MNQ DEC25,10s,10,5541,2025-10-27 09:43:40,25826.25,25828.25,25822,25822.25,254,6.25,4,2,0.25,-1,-257.2,-5.95,-10.33333333,-36.04
MNQ DEC25,20s,20,5770,2025-10-27 09:43:40,25826.75,25828.25,25822,25822.25,520,6.25,4.5,1.5,0.25,-1,-388.05,-198.3,-190.95,-66.24
MNQ DEC25,1s,1,1420,2025-10-27 09:43:41,25822.5,25824,25820.5,25824,88,3.5,1.5,0,2,1,,,,
MNQ DEC25,1s,1,1421,2025-10-27 09:43:42,25824,25824.5,25823.25,25823.75,36,1.25,0.25,0.5,0.5,-1,,,,
MNQ DEC25,1s,1,1422,2025-10-27 09:43:43,25823.5,25824.25,25820.5,25822,37,3.75,1.5,0.75,1.5,-1,,,,
MNQ DEC25,1s,1,1423,2025-10-27 09:43:44,25822,25825,25822,25824.5,79,3,2.5,0.5,0,1,,,,
MNQ DEC25,1s,1,1424,2025-10-27 09:43:45,25823.5,25824,25822.25,25823,27,1.75,0.5,0.5,0.75,-1,,,,
MNQ DEC25,1s,1,1425,2025-10-27 09:43:46,25824,25825.25,25824,25825,23,1.25,1,0.25,0,1,,,,
MNQ DEC25,1s,1,1426,2025-10-27 09:43:47,25825,25825.25,25824,25824.75,10,1.25,0.25,0.25,0.75,-1,,,,
MNQ DEC25,1s,1,1427,2025-10-27 09:43:48,25824.5,25824.5,25823.75,25823.75,25,0.75,0.75,0,0,-1,,,,
MNQ DEC25,1s,1,1428,2025-10-27 09:43:49,25824.25,25824.5,25824,25824.25,8,0.5,0,0.25,0.25,0,,,,
MNQ DEC25,1s,1,1429,2025-10-27 09:43:50,25824.75,25825.5,25824.5,25825.25,22,1,0.5,0.25,0.25,1,,,,
MNQ DEC25,10s,10,5542,2025-10-27 09:43:50,25822.5,25825.5,25820.5,25825.25,355,5,2.75,0.25,2,1,-272.8,-15.6,-6.15,-7.37
MNQ DEC25,1s,1,1430,2025-10-27 09:43:51,25825.5,25825.5,25821.5,25821.5,44,4,4,0,0,-1,,,,
MNQ DEC25,1s,1,1431,2025-10-27 09:43:52,25820.75,25820.75,25819,25820.25,83,1.75,0.5,0,1.25,-1,,,,
MNQ DEC25,1s,1,1432,2025-10-27 09:43:53,25819.75,25820,25818,25818.5,66,2,1.25,0.25,0.5,-1,,,,
MNQ DEC25,1s,1,1433,2025-10-27 09:43:54,25818.75,25819.75,25817.5,25819.75,104,2.25,1,0,1.25,1,,,,
MNQ DEC25,1s,1,1434,2025-10-27 09:43:55,25819.75,25820.75,25819,25820.25,69,1.75,0.5,0.5,0.75,1,,,,
MNQ DEC25,1s,1,1435,2025-10-27 09:43:56,25820.75,25821.75,25820.25,25821.5,21,1.5,0.75,0.25,0.5,1,,,,
MNQ DEC25,1s,1,1436,2025-10-27 09:43:57,25821.5,25822,25820.75,25821.25,16,1.25,0.25,0.5,0.5,-1,,,,
MNQ DEC25,1s,1,1437,2025-10-27 09:43:58,25820.75,25821,25820.25,25820.75,12,0.75,0,0.25,0.5,0,,,,
MNQ DEC25,1s,1,1438,2025-10-27 09:43:59,25820.5,25821,25819,25819,36,2,1.5,0.5,0,-1,,,,
MNQ DEC25,1s,1,1439,2025-10-27 09:44:00,25819.5,25820.75,25819,25820.75,30,1.75,1.25,0,0.5,1,,,,
MNQ DEC25,10s,10,5543,2025-10-27 09:44:00,25825.5,25825.5,25817.5,25820.75,481,8,4.75,0,3.25,-1,-325.1,-52.3,-24.61666667,-19.78
MNQ DEC25,20s,20,5771,2025-10-27 09:44:00,25822.5,25825.5,25817.5,25820.75,836,8,1.75,3,3.25,-1,-553,-164.95,-188.58333333,-142.98
MNQ DEC25,1s,1,1440,2025-10-27 09:44:01,25820.75,25822,25820.5,25821.75,31,1.5,1,0.25,0.25,1,,,,
MNQ DEC25,1s,1,1441,2025-10-27 09:44:02,25821,25823.25,25821,25823.25,34,2.25,2.25,0,0,1,,,,
MNQ DEC25,1s,1,1442,2025-10-27 09:44:03,25823.25,25825.25,25822.25,25825.25,54,3,2,0,1,1,,,,
MNQ DEC25,1s,1,1443,2025-10-27 09:44:04,25824.5,25826.25,25824.25,25825.5,61,2,1,0.75,0.25,1,,,,
MNQ DEC25,1s,1,1444,2025-10-27 09:44:05,25826.5,25826.75,25825.75,25826.75,42,1,0.25,0,0.75,1,,,,
MNQ DEC25,1s,1,1445,2025-10-27 09:44:06,25826.5,25827.5,25826,25826.25,73,1.5,0.25,1,0.25,-1,,,,
MNQ DEC25,1s,1,1446,2025-10-27 09:44:07,25825.75,25826.5,25825,25826.5,32,1.5,0.75,0,0.75,1,,,,
MNQ DEC25,1s,1,1447,2025-10-27 09:44:08,25827,25828.5,25825.5,25826,75,3,1,1.5,0.5,-1,,,,
MNQ DEC25,1s,1,1448,2025-10-27 09:44:09,25825.75,25827,25825.5,25826,27,1.5,0.25,1,0.25,1,,,,
MNQ DEC25,1s,1,1449,2025-10-27 09:44:10,25826,25826.25,25823.75,25823.75,28,2.5,2.25,0.25,0,-1,,,,
MNQ DEC25,10s,10,5544,2025-10-27 09:44:10,25820.75,25828.5,25820.5,25823.75,457,8,3,4.75,0.25,1,-325.6,-0.5,-22.8,-14.25
MNQ DEC25,1s,1,1450,2025-10-27 09:44:11,25824.25,25826,25824.25,25825.5,20,1.75,1.25,0.5,0,1,,,,
MNQ DEC25,1s,1,1451,2025-10-27 09:44:12,25825.5,25826,25824.5,25824.75,21,1.5,0.75,0.5,0.25,-1,,,,
MNQ DEC25,1s,1,1452,2025-10-27 09:44:13,25824.75,25825.5,25824.5,25825.5,4,1,0.75,0,0.25,1,,,,
MNQ DEC25,1s,1,1453,2025-10-27 09:44:14,25825.5,25825.5,25824.25,25824.75,8,1.25,0.75,0,0.5,-1,,,,
MNQ DEC25,1s,1,1454,2025-10-27 09:44:15,25825.25,25825.25,25824,25824.5,13,1.25,0.75,0,0.5,-1,,,,
MNQ DEC25,1s,1,1455,2025-10-27 09:44:16,25825,25826.75,25825,25826.5,20,1.75,1.5,0.25,0,1,,,,
MNQ DEC25,1s,1,1456,2025-10-27 09:44:17,25827,25827,25825,25825.5,15,2,1.5,0,0.5,-1,,,,
MNQ DEC25,1s,1,1457,2025-10-27 09:44:18,25826,25827.75,25825.75,25827.75,19,2,1.75,0,0.25,1,,,,
MNQ DEC25,1s,1,1458,2025-10-27 09:44:19,25828,25835,25828,25834.5,467,7,6.5,0.5,0,1,,,,
MNQ DEC25,1s,1,1459,2025-10-27 09:44:20,25834.75,25836.5,25834.25,25836.25,274,2.25,1.5,0.25,0.5,1,,,,
MNQ DEC25,10s,10,5545,2025-10-27 09:44:20,25824.25,25836.5,25824,25836.25,861,12.5,12,0.25,0.25,1,-222,103.6,16.93333333,5.85
MNQ DEC25,20s,20,5772,2025-10-27 09:44:20,25820.75,25836.5,25820.5,25836.25,1318,16,15.5,0.25,0.25,1,-508.15,44.85,-106.13333333,-138.59
MNQ DEC25,1s,1,1460,2025-10-27 09:44:21,25835.75,25836.25,25834,25834.5,150,2.25,1.25,0.5,0.5,-1,,,,
MNQ DEC25,1s,1,1461,2025-10-27 09:44:22,25834.75,25835.25,25832.75,25832.75,66,2.5,2,0.5,0,-1,,,,
MNQ DEC25,1s,1,1462,2025-10-27 09:44:23,25833,25835.25,25832.25,25834.5,80,3,1.5,0.75,0.75,1,,,,
MNQ DEC25,1s,1,1463,2025-10-27 09:44:24,25834.5,25835,25833,25833.75,65,2,0.75,0.5,0.75,-1,,,,
MNQ DEC25,1s,1,1464,2025-10-27 09:44:25,25833.5,25834.25,25832.75,25833.75,37,1.5,0.25,0.5,0.75,1,,,,
MNQ DEC25,1s,1,1465,2025-10-27 09:44:26,25834,25834,25832.25,25832.75,37,1.75,1.25,0,0.5,-1,,,,
MNQ DEC25,1s,1,1466,2025-10-27 09:44:27,25833,25834.5,25833,25834.5,34,1.5,1.5,0,0,1,,,,
MNQ DEC25,1s,1,1467,2025-10-27 09:44:28,25834.75,25835,25833.5,25834,58,1.5,0.75,0.25,0.5,-1,,,,
MNQ DEC25,1s,1,1468,2025-10-27 09:44:29,25834.75,25836,25834.5,25836,42,1.5,1.25,0,0.25,1,,,,
MNQ DEC25,1s,1,1469,2025-10-27 09:44:30,25836,25836,25835,25835.5,47,1,0.5,0,0.5,-1,,,,
MNQ DEC25,10s,10,5546,2025-10-27 09:44:30,25835.75,25836.25,25832.25,25835.5,616,4,0.25,0.5,3.25,-1,-122.9,99.1,67.4,26.86
MNQ DEC25,1s,1,1470,2025-10-27 09:44:31,25836,25838.5,25836,25837.5,187,2.5,1.5,1,0,1,,,,
MNQ DEC25,1s,1,1471,2025-10-27 09:44:32,25837.5,25838,25836.5,25837,81,1.5,0.5,0.5,0.5,-1,,,,
MNQ DEC25,1s,1,1472,2025-10-27 09:44:33,25836.75,25838.75,25836,25836.75,81,2.75,0,2,0.75,0,,,,
MNQ DEC25,1s,1,1473,2025-10-27 09:44:34,25836.5,25837.25,25834,25834,55,3.25,2.5,0.75,0,-1,,,,
MNQ DEC25,1s,1,1474,2025-10-27 09:44:35,25834.75,25835,25833.25,25834,64,1.75,0.75,0.25,0.75,-1,,,,
MNQ DEC25,1s,1,1475,2025-10-27 09:44:36,25834.25,25835.25,25833.75,25834.25,45,1.5,0,1,0.5,0,,,,
MNQ DEC25,1s,1,1476,2025-10-27 09:44:37,25834.5,25834.5,25834,25834.25,29,0.5,0.25,0,0.25,-1,,,,
MNQ DEC25,1s,1,1477,2025-10-27 09:44:38,25834.5,25836,25834,25836,23,2,1.5,0,0.5,1,,,,
MNQ DEC25,1s,1,1478,2025-10-27 09:44:39,25836,25837,25836,25837,46,1,1,0,0,1,,,,
MNQ DEC25,1s,1,1479,2025-10-27 09:44:40,25836.75,25838.75,25836.75,25838.75,72,2,2,0,0,1,,,,
MNQ DEC25,10s,10,5547,2025-10-27 09:44:40,25836,25838.75,25833.25,25838.75,683,5.5,2.75,0,2.75,1,-48.45,74.45,92.38333333,44.87
MNQ DEC25,20s,20,5773,2025-10-27 09:44:40,25835.75,25838.75,25832.25,25838.75,1299,6.5,3,0,3.5,1,-437.45,70.7,-16.46666667,-90.04
MNQ DEC25,1s,1,1480,2025-10-27 09:44:41,25838.25,25838.5,25837,25837.25,71,1.5,1,0.25,0.25,-1,,,,
MNQ DEC25,1s,1,1481,2025-10-27 09:44:42,25837.75,25838.75,25836.25,25838.75,98,2.5,1,0,1.5,1,,,,
MNQ DEC25,1s,1,1482,2025-10-27 09:44:43,25837.25,25839.25,25837.25,25839,56,2,1.75,0.25,0,1,,,,
MNQ DEC25,1s,1,1483,2025-10-27 09:44:44,25838.75,25839.25,25837.25,25838.25,54,2,0.5,0.5,1,-1,,,,
MNQ DEC25,1s,1,1484,2025-10-27 09:44:45,25838.75,25838.75,25835.5,25836.75,73,3.25,2,0,1.25,-1,,,,
MNQ DEC25,1s,1,1485,2025-10-27 09:44:46,25836.75,25837.75,25836.25,25836.25,53,1.5,0.5,1,0,-1,,,,
MNQ DEC25,1s,1,1486,2025-10-27 09:44:47,25836.25,25838,25836.25,25836.75,26,1.75,0.5,1.25,0,1,,,,
MNQ DEC25,1s,1,1487,2025-10-27 09:44:48,25837.25,25838.25,25837.25,25838,20,1,0.75,0.25,0,1,,,,
MNQ DEC25,1s,1,1488,2025-10-27 09:44:49,25838.25,25838.5,25837.5,25837.75,31,1,0.5,0.25,0.25,-1,,,,
MNQ DEC25,1s,1,1489,2025-10-27 09:44:50,25837.5,25839.75,25837.25,25839.5,85,2.5,2,0.25,0.25,1,,,,
MNQ DEC25,10s,10,5548,2025-10-27 09:44:50,25838.25,25839.75,25835.5,25839.5,567,4.25,1.25,0.25,2.75,1,19,67.45,80.33333333,68.82
MNQ DEC25,1s,1,1490,2025-10-27 09:44:51,25839.5,25841,25839.25,25840.5,129,1.75,1,0.5,0.25,1,,,,
MNQ DEC25,1s,1,1491,2025-10-27 09:44:52,25840.5,25840.5,25838.75,25839,109,1.75,1.5,0,0.25,-1,,,,
MNQ DEC25,1s,1,1492,2025-10-27 09:44:53,25839.25,25839.5,25837.75,25838.5,44,1.75,0.75,0.25,0.75,-1,,,,
MNQ DEC25,1s,1,1493,2025-10-27 09:44:54,25838.25,25838.75,25836.75,25837.5,45,2,0.75,0.5,0.75,-1,,,,
MNQ DEC25,1s,1,1494,2025-10-27 09:44:55,25837.25,25839.5,25836.5,25838.75,49,3,1.5,0.75,0.75,1,,,,
MNQ DEC25,1s,1,1495,2025-10-27 09:44:56,25839.25,25839.25,25838.25,25838.5,38,1,0.75,0,0.25,-1,,,,
MNQ DEC25,1s,1,1496,2025-10-27 09:44:57,25839,25839.25,25838,25839,22,1.25,0,0.25,1,0,,,,
MNQ DEC25,1s,1,1497,2025-10-27 09:44:58,25839,25839.25,25838.25,25839,49,1,0,0.25,0.75,0,,,,
MNQ DEC25,1s,1,1498,2025-10-27 09:44:59,25838.5,25839.75,25838.25,25839.75,27,1.5,1.25,0,0.25,1,,,,
MNQ DEC25,1s,1,1499,2025-10-27 09:45:00,25839.25,25839.25,25837.75,25838.25,33,1.5,1,0,0.5,-1,,,,
MNQ DEC25,10s,10,5549,2025-10-27 09:45:00,25839.5,25841,25836.5,25838.25,545,4.5,1.25,1.5,1.75,-1,43.3,24.3,55.4,73.78
MNQ DEC25,20s,20,5774,2025-10-27 09:45:00,25838.25,25841,25835.5,25838.25,1112,5.5,0,2.75,2.75,0,-428.1,9.35,41.63333333,-47.67
MNQ DEC25,1s,1,1500,2025-10-27 09:45:01,25839,25839.5,25837.5,25838.25,84,2,0.75,0.5,0.75,-1,,,,
MNQ DEC25,1s,1,1501,2025-10-27 09:45:02,25839,25840.25,25838.25,25839.5,109,2,0.5,0.75,0.75,1,,,,
MNQ DEC25,1s,1,1502,2025-10-27 09:45:03,25839.25,25840.25,25838.75,25838.75,50,1.5,0.5,1,0,-1,,,,
MNQ DEC25,1s,1,1503,2025-10-27 09:45:04,25838.75,25839,25837.5,25837.5,46,1.5,1.25,0.25,0,-1,,,,
MNQ DEC25,1s,1,1504,2025-10-27 09:45:05,25837.5,25837.5,25836,25837,57,1.5,0.5,0,1,-1,,,,
MNQ DEC25,1s,1,1505,2025-10-27 09:45:06,25837,25837.25,25835.25,25836.5,47,2,0.5,0.25,1.25,-1,,,,
MNQ DEC25,1s,1,1506,2025-10-27 09:45:07,25836,25838.25,25836,25836.5,102,2.25,0.5,1.75,0,1,,,,
MNQ DEC25,1s,1,1507,2025-10-27 09:45:08,25836.5,25837.75,25836,25836.75,51,1.75,0.25,1,0.5,1,,,,
MNQ DEC25,1s,1,1508,2025-10-27 09:45:09,25836.75,25838.5,25836.5,25837,41,2,0.25,1.5,0.25,1,,,,
MNQ DEC25,1s,1,1509,2025-10-27 09:45:10,25837.5,25838.25,25836.5,25838.25,37,1.75,0.75,0,1,1,,,,
MNQ DEC25,10s,10,5550,2025-10-27 09:45:10,25839,25840.25,25835.25,25838.25,624,5,0.75,1.25,3,-1,2.3,-41,16.91666667,44.86
MNQ DEC25,1s,1,1510,2025-10-27 09:45:11,25837.5,25838.5,25837,25838.5,43,1.5,1,0,0.5,1,,,,
MNQ DEC25,1s,1,1511,2025-10-27 09:45:12,25838.75,25842.75,25838.75,25842.25,162,4,3.5,0.5,0,1,,,,
MNQ DEC25,1s,1,1512,2025-10-27 09:45:13,25842,25843.75,25841.5,25842.25,230,2.25,0.25,1.5,0.5,1,,,,
MNQ DEC25,1s,1,1513,2025-10-27 09:45:14,25842.25,25843.5,25841.25,25841.25,93,2.25,1,1.25,0,-1,,,,
MNQ DEC25,1s,1,1514,2025-10-27 09:45:15,25841.75,25841.75,25839.25,25841.25,61,2.5,0.5,0,2,-1,,,,
MNQ DEC25,1s,1,1515,2025-10-27 09:45:16,25841.5,25842.25,25840.75,25841.5,65,1.5,0,0.75,0.75,0,,,,
MNQ DEC25,1s,1,1516,2025-10-27 09:45:17,25842,25842,25840,25841,72,2,1,0,1,-1,,,,
MNQ DEC25,1s,1,1517,2025-10-27 09:45:18,25840.5,25842.25,25840.25,25841.25,55,2,0.75,1,0.25,1,,,,
MNQ DEC25,1s,1,1518,2025-10-27 09:45:19,25840.75,25841.75,25839.5,25841,52,2.25,0.25,0.75,1.25,1,,,,
MNQ DEC25,1s,1,1519,2025-10-27 09:45:20,25841,25842.25,25839.25,25840,71,3,1,1.25,0.75,-1,,,,
MNQ DEC25,10s,10,5551,2025-10-27 09:45:20,25837.5,25843.75,25837,25840,904,6.75,2.5,3.75,0.5,1,78.4,76.1,19.8,40.26
MNQ DEC25,20s,20,5775,2025-10-27 09:45:20,25839,25843.75,25835.25,25840,1528,8.5,1,3.75,3.75,1,-203.5,224.6,101.55,36.91
MNQ DEC25,1s,1,1520,2025-10-27 09:45:21,25838.25,25839.75,25838.25,25839.25,55,1.5,1,0.5,0,1,,,,
MNQ DEC25,1s,1,1521,2025-10-27 09:45:22,25840,25840.25,25837.25,25838.5,52,3,1.5,0.25,1.25,-1,,,,
MNQ DEC25,1s,1,1522,2025-10-27 09:45:23,25839.25,25840.25,25838.5,25838.5,57,1.75,0.75,1,0,-1,,,,
MNQ DEC25,1s,1,1523,2025-10-27 09:45:24,25839.25,25839.5,25838.5,25839,14,1,0.25,0.25,0.5,-1,,,,
MNQ DEC25,1s,1,1524,2025-10-27 09:45:25,25839,25839.75,25838.25,25839,22,1.5,0,0.75,0.75,0,,,,
MNQ DEC25,1s,1,1525,2025-10-27 09:45:26,25838.5,25839,25837.25,25837.5,46,1.75,1,0.5,0.25,-1,,,,
MNQ DEC25,1s,1,1526,2025-10-27 09:45:27,25837,25837.75,25834.5,25836.5,103,3.25,0.5,0.75,2,-1,,,,
MNQ DEC25,1s,1,1527,2025-10-27 09:45:28,25835.25,25837,25835.25,25836.25,52,1.75,1,0.75,0,1,,,,
MNQ DEC25,1s,1,1528,2025-10-27 09:45:29,25836.5,25838.25,25835.75,25838.25,60,2.5,1.75,0,0.75,1,,,,
MNQ DEC25,1s,1,1529,2025-10-27 09:45:30,25838,25838.5,25837.25,25837.5,30,1.25,0.5,0.5,0.25,-1,,,,
MNQ DEC25,10s,10,5552,2025-10-27 09:45:30,25838.25,25840.25,25834.5,25837.5,491,5.75,0.75,2,3,-1,80.55,2.15,12.41666667,25.8
MNQ DEC25,1s,1,1530,2025-10-27 09:45:31,25837.75,25839,25837.25,25838,26,1.75,0.25,1,0.5,1,,,,
MNQ DEC25,1s,1,1531,2025-10-27 09:45:32,25838.5,25839.25,25835.75,25835.75,47,3.5,2.75,0.75,0,-1,,,,
MNQ DEC25,1s,1,1532,2025-10-27 09:45:33,25836,25837.75,25836,25837,33,1.75,1,0.75,0,1,,,,
MNQ DEC25,1s,1,1533,2025-10-27 09:45:34,25837,25837.25,25836.25,25837,55,1,0,0.25,0.75,0,,,,
MNQ DEC25,1s,1,1534,2025-10-27 09:45:35,25836.75,25837.75,25836.75,25837.5,26,1,0.75,0.25,0,1,,,,
MNQ DEC25,1s,1,1535,2025-10-27 09:45:36,25837.5,25837.5,25835.25,25835.25,52,2.25,2.25,0,0,-1,,,,
MNQ DEC25,1s,1,1536,2025-10-27 09:45:37,25835.25,25836,25834.25,25835,88,1.75,0.25,0.75,0.75,-1,,,,
MNQ DEC25,1s,1,1537,2025-10-27 09:45:38,25834.75,25836,25833,25834.25,114,3,0.5,1.25,1.25,-1,,,,
MNQ DEC25,1s,1,1538,2025-10-27 09:45:39,25834.25,25836.75,25834.25,25835.5,43,2.5,1.25,1.25,0,1,,,,
MNQ DEC25,1s,1,1539,2025-10-27 09:45:40,25835.5,25835.75,25834,25834.75,62,1.75,0.75,0.25,0.75,-1,,,,
MNQ DEC25,10s,10,5553,2025-10-27 09:45:40,25837.75,25839.25,25833,25834.75,546,6.25,3,1.5,1.75,-1,76.9,-3.65,24.86666667,11.58
MNQ DEC25,20s,20,5776,2025-10-27 09:45:40,25838.25,25840.25,25833,25834.75,1037,7.25,3.5,2,1.75,-1,-101.1,102.4,112.11666667,90.38
MNQ DEC25,1s,1,1540,2025-10-27 09:45:41,25834.75,25835.75,25834.5,25835.25,41,1.25,0.5,0.5,0.25,1,,,,
MNQ DEC25,1s,1,1541,2025-10-27 09:45:42,25835.25,25835.75,25834.75,25834.75,21,1,0.5,0.5,0,-1,,,,
MNQ DEC25,1s,1,1542,2025-10-27 09:45:43,25834.75,25835.25,25833.75,25835,42,1.5,0.25,0.25,1,1,,,,
MNQ DEC25,1s,1,1543,2025-10-27 09:45:44,25835.25,25836.5,25835.25,25836.5,29,1.25,1.25,0,0,1,,,,
MNQ DEC25,1s,1,1544,2025-10-27 09:45:45,25836,25836.75,25834,25834.5,33,2.75,1.5,0.75,0.5,-1,,,,
MNQ DEC25,1s,1,1545,2025-10-27 09:45:46,25834.5,25835,25832.5,25832.75,55,2.5,1.75,0.5,0.25,-1,,,,
MNQ DEC25,1s,1,1546,2025-10-27 09:45:47,25832.75,25835,25832.5,25833.25,72,2.5,0.5,1.75,0.25,1,,,,
MNQ DEC25,1s,1,1547,2025-10-27 09:45:48,25833,25834.25,25832.25,25832.5,57,2,0.5,1.25,0.25,-1,,,,
MNQ DEC25,1s,1,1548,2025-10-27 09:45:49,25833,25834.75,25833,25834.75,27,1.75,1.75,0,0,1,,,,
MNQ DEC25,1s,1,1549,2025-10-27 09:45:50,25834,25834.5,25832,25833.5,85,2.5,0.5,0.5,1.5,-1,,,,
MNQ DEC25,10s,10,5554,2025-10-27 09:45:50,25834.75,25836.75,25832,25833.5,462,4.75,1.25,2,1.5,-1,68.45,-8.45,-3.31666667,5.03
MNQ DEC25,1s,1,1550,2025-10-27 09:45:51,25833.25,25834,25832.25,25832.75,38,1.75,0.5,0.75,0.5,-1,,,,
MNQ DEC25,1s,1,1551,2025-10-27 09:45:52,25833.5,25835.75,25832.5,25835.75,38,3.25,2.25,0,1,1,,,,
MNQ DEC25,1s,1,1552,2025-10-27 09:45:53,25835.75,25836.25,25835.25,25836,17,1,0.25,0.25,0.5,1,,,,
MNQ DEC25,1s,1,1553,2025-10-27 09:45:54,25835.25,25836.25,25833.25,25834.5,33,3,0.75,1,1.25,-1,,,,
MNQ DEC25,1s,1,1554,2025-10-27 09:45:55,25834.5,25835.25,25833.5,25833.5,33,1.75,1,0.75,0,-1,,,,
MNQ DEC25,1s,1,1555,2025-10-27 09:45:56,25833,25833.25,25831.5,25832,59,1.75,1,0.25,0.5,-1,,,,
MNQ DEC25,1s,1,1556,2025-10-27 09:45:57,25832.75,25833.5,25831,25831.5,41,2.5,1.25,0.75,0.5,-1,,,,
MNQ DEC25,1s,1,1557,2025-10-27 09:45:58,25831.5,25832,25828,25829.25,180,4,2.25,0.5,1.25,-1,,,,
MNQ DEC25,1s,1,1558,2025-10-27 09:45:59,25829,25829.25,25826.25,25826.75,154,3,2.25,0.25,0.5,-1,,,,
MNQ DEC25,1s,1,1559,2025-10-27 09:46:00,25827,25827.25,25825,25825.5,185,2.25,1.5,0.25,0.5,-1,,,,
MNQ DEC25,10s,10,5555,2025-10-27 09:46:00,25833.25,25836.25,25825,25825.5,778,11.25,7.75,3,0.5,-1,83.05,14.6,0.83333333,16.15
MNQ DEC25,20s,20,5777,2025-10-27 09:46:00,25834.75,25836.75,25825,25825.5,1240,11.75,9.25,2,0.5,-1,-84.2,16.9,114.63333333,84.79
MNQ DEC25,1s,1,1560,2025-10-27 09:46:01,25825.5,25826.25,25824.5,25825.5,160,1.75,0,0.75,1,0,,,,
MNQ DEC25,1s,1,1561,2025-10-27 09:46:02,25825.25,25826.25,25824.5,25826,126,1.75,0.75,0.25,0.75,1,,,,
MNQ DEC25,1s,1,1562,2025-10-27 09:46:03,25826,25827.5,25825.25,25826.25,76,2.25,0.25,1.25,0.75,1,,,,
MNQ DEC25,1s,1,1563,2025-10-27 09:46:04,25825.75,25829.25,25824.25,25828,105,5,2.25,1.25,1.5,1,,,,
MNQ DEC25,1s,1,1564,2025-10-27 09:46:05,25828,25829,25827.75,25829,50,1.25,1,0,0.25,1,,,,
MNQ DEC25,1s,1,1565,2025-10-27 09:46:06,25829,25830.5,25828.25,25829.5,73,2.25,0.5,1,0.75,1,,,,
MNQ DEC25,1s,1,1566,2025-10-27 09:46:07,25829.75,25832.5,25829.75,25831.5,93,2.75,1.75,1,0,1,,,,
MNQ DEC25,1s,1,1567,2025-10-27 09:46:08,25832,25832.25,25830.25,25830.75,55,2,1.25,0.25,0.5,-1,,,,
MNQ DEC25,1s,1,1568,2025-10-27 09:46:09,25830.75,25833,25830.5,25830.5,72,2.5,0.25,2.25,0,-1,,,,
MNQ DEC25,1s,1,1569,2025-10-27 09:46:10,25830.75,25831,25829.5,25830.25,51,1.5,0.5,0.25,0.75,-1,,,,
MNQ DEC25,10s,10,5556,2025-10-27 09:46:10,25825.5,25833,25824.25,25830.25,861,8.75,4.75,2.75,1.25,1,53.55,-29.5,-7.78333333,-4.97
MNQ DEC25,1s,1,1570,2025-10-27 09:46:11,25830.5,25831,25830,25830.5,34,1,0,0.5,0.5,0,,,,
MNQ DEC25,1s,1,1571,2025-10-27 09:46:12,25830.75,25831.25,25830,25830.5,51,1.25,0.25,0.5,0.5,-1,,,,
MNQ DEC25,1s,1,1572,2025-10-27 09:46:13,25831.25,25834,25831.25,25833.5,58,2.75,2.25,0.5,0,1,,,,
MNQ DEC25,1s,1,1573,2025-10-27 09:46:14,25833.75,25835.75,25833.75,25835.25,83,2,1.5,0.5,0,1,,,,
MNQ DEC25,1s,1,1574,2025-10-27 09:46:15,25835.5,25836.25,25835.25,25835.75,30,1,0.25,0.5,0.25,1,,,,
MNQ DEC25,1s,1,1575,2025-10-27 09:46:16,25836,25837.5,25835.5,25837.5,102,2,1.5,0,0.5,1,,,,
MNQ DEC25,1s,1,1576,2025-10-27 09:46:17,25837.5,25839.25,25837,25838.75,62,2.25,1.25,0.5,0.5,1,,,,
MNQ DEC25,1s,1,1577,2025-10-27 09:46:18,25838.75,25839.25,25838.25,25838.25,52,1,0.5,0.5,0,-1,,,,
MNQ DEC25,1s,1,1578,2025-10-27 09:46:19,25838,25838,25836.75,25837.25,40,1.25,0.75,0,0.5,-1,,,,
MNQ DEC25,1s,1,1579,2025-10-27 09:46:20,25837.5,25839,25837.25,25838.75,31,1.75,1.25,0.25,0.25,1,,,,
MNQ DEC25,10s,10,5557,2025-10-27 09:46:20,25830.5,25839.25,25830,25838.75,543,9.25,8.25,0.5,0.5,1,63.1,9.55,-1.78333333,-3.49
MNQ DEC25,20s,20,5778,2025-10-27 09:46:20,25825.5,25839.25,25824.25,25838.75,1404,15,13.25,0.5,1.25,1,-67.65,16.55,45.28333333,73.96
MNQ DEC25,1s,1,1580,2025-10-27 09:46:21,25839,25841,25838.5,25840.75,137,2.5,1.75,0.25,0.5,1,,,,
MNQ DEC25,1s,1,1581,2025-10-27 09:46:22,25840.75,25841,25839.25,25840.75,75,1.75,0,0.25,1.5,0,,,,
MNQ DEC25,1s,1,1582,2025-10-27 09:46:23,25840.5,25841.5,25839.75,25840,78,1.75,0.5,1,0.25,-1,,,,
MNQ DEC25,1s,1,1583,2025-10-27 09:46:24,25839.5,25839.5,25838,25839,52,1.5,0.5,0,1,-1,,,,
MNQ DEC25,1s,1,1584,2025-10-27 09:46:25,25838.75,25839.5,25837.75,25838.5,42,1.75,0.25,0.75,0.75,-1,,,,
MNQ DEC25,1s,1,1585,2025-10-27 09:46:26,25839.25,25840.25,25838.5,25840.25,18,1.75,1,0,0.75,1,,,,
MNQ DEC25,1s,1,1586,2025-10-27 09:46:27,25840,25840.25,25837.75,25839,34,2.5,1,0.25,1.25,-1,,,,
MNQ DEC25,1s,1,1587,2025-10-27 09:46:28,25839.5,25839.5,25838.5,25839.5,35,1,0,0,1,0,,,,
MNQ DEC25,1s,1,1588,2025-10-27 09:46:29,25839,25839,25838.5,25838.5,13,0.5,0.5,0,0,-1,,,,
MNQ DEC25,1s,1,1589,2025-10-27 09:46:30,25838.75,25839,25836.25,25836.25,24,2.75,2.5,0.25,0,-1,,,,
MNQ DEC25,10s,10,5558,2025-10-27 09:46:30,25839,25841.5,25836.25,25836.25,508,5.25,2.75,2.5,0,-1,66,2.9,-5.68333333,-2.18
MNQ DEC25,1s,1,1590,2025-10-27 09:46:31,25836.75,25839.25,25836.5,25839.25,43,2.75,2.5,0,0.25,1,,,,
MNQ DEC25,1s,1,1591,2025-10-27 09:46:32,25839.5,25839.5,25838.75,25839.25,31,0.75,0.25,0,0.5,-1,,,,
MNQ DEC25,1s,1,1592,2025-10-27 09:46:33,25838.75,25838.75,25836.75,25837.25,25,2,1.5,0,0.5,-1,,,,
MNQ DEC25,1s,1,1593,2025-10-27 09:46:34,25837.75,25838.75,25837.75,25838,40,1,0.25,0.75,0,1,,,,
MNQ DEC25,1s,1,1594,2025-10-27 09:46:35,25839,25840.25,25839,25839.75,28,1.25,0.75,0.5,0,1,,,,
MNQ DEC25,1s,1,1595,2025-10-27 09:46:36,25840,25841,25839.75,25840.25,41,1.25,0.25,0.75,0.25,1,,,,
MNQ DEC25,1s,1,1596,2025-10-27 09:46:37,25840,25840.75,25839.25,25840,33,1.5,0,0.75,0.75,0,,,,
MNQ DEC25,1s,1,1597,2025-10-27 09:46:38,25839.5,25840.5,25839.25,25840,44,1.25,0.5,0.5,0.25,1,,,,
MNQ DEC25,1s,1,1598,2025-10-27 09:46:39,25840,25842,25840,25841.75,73,2,1.75,0.25,0,1,,,,
MNQ DEC25,1s,1,1599,2025-10-27 09:46:40,25842,25842.75,25841.5,25842.25,56,1.25,0.25,0.5,0.5,1,,,,
MNQ DEC25,10s,10,5559,2025-10-27 09:46:40,25836.75,25842.75,25836.5,25842.25,414,6.25,5.5,0.5,0.25,1,60,-6,2.15,-1.69
MNQ DEC25,20s,20,5779,2025-10-27 09:46:40,25839,25842.75,25836.25,25842.25,922,6.5,3.25,0.5,2.75,1,-114.35,-46.7,-4.41666667,62.75
MNQ DEC25,1s,1,1600,2025-10-27 09:46:41,25842.25,25842.5,25841.75,25842,40,0.75,0.25,0.25,0.25,-1,,,,
MNQ DEC25,1s,1,1601,2025-10-27 09:46:42,25842.75,25844.75,25842.75,25844,143,2,1.25,0.75,0,1,,,,
MNQ DEC25,1s,1,1602,2025-10-27 09:46:43,25844,25844.25,25842.5,25843.5,116,1.75,0.5,0.25,1,-1,,,,
MNQ DEC25,1s,1,1603,2025-10-27 09:46:44,25842.5,25843.75,25842.25,25843.25,50,1.5,0.75,0.5,0.25,1,,,,
MNQ DEC25,1s,1,1604,2025-10-27 09:46:45,25843,25844.75,25842.75,25843,52,2,0,1.75,0.25,0,,,,
MNQ DEC25,1s,1,1605,2025-10-27 09:46:46,25843.5,25844.25,25842.75,25842.75,59,1.5,0.75,0.75,0,-1,,,,
MNQ DEC25,1s,1,1606,2025-10-27 09:46:47,25843,25843.5,25841.75,25842,34,1.75,1,0.5,0.25,-1,,,,
MNQ DEC25,1s,1,1607,2025-10-27 09:46:48,25841.5,25842.5,25841.5,25842,49,1,0.5,0.5,0,1,,,,
MNQ DEC25,1s,1,1608,2025-10-27 09:46:49,25841.75,25842.25,25841,25842,25,1.25,0.25,0.25,0.75,1,,,,
MNQ DEC25,1s,1,1609,2025-10-27 09:46:50,25842.25,25842.25,25841.5,25841.5,31,0.75,0.75,0,0,-1,,,,
MNQ DEC25,10s,10,5560,2025-10-27 09:46:50,25842.25,25844.75,25841,25841.5,599,3.75,0.75,2.5,0.5,-1,7.55,-52.45,-18.51666667,-15.1
MNQ DEC25,1s,1,1610,2025-10-27 09:46:51,25841.5,25842.75,25841.5,25842.5,25,1.25,1,0.25,0,1,,,,
MNQ DEC25,1s,1,1611,2025-10-27 09:46:52,25842.25,25842.25,25841.25,25841.5,23,1,0.75,0,0.25,-1,,,,
MNQ DEC25,1s,1,1612,2025-10-27 09:46:53,25842.5,25842.75,25841.75,25842.25,13,1,0.25,0.25,0.5,-1,,,,
MNQ DEC25,1s,1,1613,2025-10-27 09:46:54,25842,25842,25839.25,25839.75,61,2.75,2.25,0,0.5,-1,,,,
MNQ DEC25,1s,1,1614,2025-10-27 09:46:55,25840.25,25840.25,25839,25839.5,33,1.25,0.75,0,0.5,-1,,,,
MNQ DEC25,1s,1,1615,2025-10-27 09:46:56,25839.75,25839.75,25836,25837,126,3.75,2.75,0,1,-1,,,,
MNQ DEC25,1s,1,1616,2025-10-27 09:46:57,25836.5,25837.5,25836,25837.25,41,1.5,0.75,0.25,0.5,1,,,,
MNQ DEC25,1s,1,1617,2025-10-27 09:46:58,25837.5,25838,25837.25,25837.75,24,0.75,0.25,0.25,0.25,1,,,,
MNQ DEC25,1s,1,1618,2025-10-27 09:46:59,25838,25838.25,25837.25,25837.5,35,1,0.5,0.25,0.25,-1,,,,
MNQ DEC25,1s,1,1619,2025-10-27 09:47:00,25838,25838,25837.25,25838,18,0.75,0,0,0.75,0,,,,
MNQ DEC25,10s,10,5561,2025-10-27 09:47:00,25841.5,25842.75,25836,25838,399,6.75,3.5,1.25,2,-1,-92.1,-99.65,-52.7,-29.13
MNQ DEC25,20s,20,5780,2025-10-27 09:47:00,25842.25,25844.75,25836,25838,998,8.75,4.25,2.5,2,-1,-171.7,-57.35,-29.16666667,6.36
MNQ DEC25,1s,1,1620,2025-10-27 09:47:01,25838.25,25839,25837.25,25837.25,39,1.75,1,0.75,0,-1,,,,
MNQ DEC25,1s,1,1621,2025-10-27 09:47:02,25837,25838.25,25836,25838.25,46,2.25,1.25,0,1,1,,,,
MNQ DEC25,1s,1,1622,2025-10-27 09:47:03,25837.75,25838,25836.5,25836.5,23,1.5,1.25,0.25,0,-1,,,,
MNQ DEC25,1s,1,1623,2025-10-27 09:47:04,25838,25838,25837.5,25837.5,8,0.5,0.5,0,0,-1,,,,
MNQ DEC25,1s,1,1624,2025-10-27 09:47:05,25837.5,25839.75,25836.75,25838.5,80,3,1,1.25,0.75,1,,,,
MNQ DEC25,1s,1,1625,2025-10-27 09:47:06,25839.25,25839.25,25838.25,25838.25,16,1,1,0,0,-1,,,,
MNQ DEC25,1s,1,1626,2025-10-27 09:47:07,25839,25839,25837.75,25838.5,15,1.25,0.5,0,0.75,-1,,,,
MNQ DEC25,1s,1,1627,2025-10-27 09:47:08,25838.5,25839.75,25838.25,25839.25,38,1.5,0.75,0.5,0.25,1,,,,
MNQ DEC25,1s,1,1628,2025-10-27 09:47:09,25839.25,25840.5,25837.5,25837.75,40,3,1.5,1.25,0.25,-1,,,,
MNQ DEC25,1s,1,1629,2025-10-27 09:47:10,25837.5,25837.5,25836,25837,27,1.5,0.5,0,1,-1,,,,
MNQ DEC25,10s,10,5562,2025-10-27 09:47:10,25838.25,25840.5,25836,25837,332,4.5,1.25,2.25,1,-1,-133.15,-41.05,-64.38333333,-39.25
MNQ DEC25,1s,1,1630,2025-10-27 09:47:11,25837,25837.75,25836.25,25836.25,25,1.5,0.75,0.75,0,-1,,,,
MNQ DEC25,1s,1,1631,2025-10-27 09:47:12,25836,25836.75,25835.5,25835.75,48,1.25,0.25,0.75,0.25,-1,,,,
MNQ DEC25,1s,1,1632,2025-10-27 09:47:13,25836.25,25836.5,25835.25,25836.5,28,1.25,0.25,0,1,1,,,,
MNQ DEC25,1s,1,1633,2025-10-27 09:47:14,25836.25,25836.25,25835.5,25835.75,13,0.75,0.5,0,0.25,-1,,,,
MNQ DEC25,1s,1,1634,2025-10-27 09:47:15,25836,25836.5,25835.75,25836.5,17,0.75,0.5,0,0.25,1,,,,
MNQ DEC25,1s,1,1635,2025-10-27 09:47:16,25836.75,25837,25836,25836.5,24,1,0.25,0.25,0.5,-1,,,,
MNQ DEC25,1s,1,1636,2025-10-27 09:47:17,25836.25,25837.75,25836.25,25836.75,21,1.5,0.5,1,0,1,,,,
MNQ DEC25,1s,1,1637,2025-10-27 09:47:18,25837,25837,25835.75,25836.25,28,1.25,0.75,0,0.5,-1,,,,
MNQ DEC25,1s,1,1638,2025-10-27 09:47:19,25836.25,25837.75,25836.25,25836.75,44,1.5,0.5,1,0,1,,,,
MNQ DEC25,1s,1,1639,2025-10-27 09:47:20,25836.75,25837.25,25836,25837,16,1.25,0.25,0.25,0.75,1,,,,
MNQ DEC25,10s,10,5563,2025-10-27 09:47:20,25837,25837.75,25835.25,25837,264,2.5,0,0.75,1.75,0,-171.1,-37.95,-59.55,-47.42
MNQ DEC25,20s,20,5781,2025-10-27 09:47:20,25838.25,25840.5,25835.25,25837,596,5.25,1.25,2.25,1.75,-1,-234.2,-62.5,-55.51666667,-26.62
MNQ DEC25,1s,1,1640,2025-10-27 09:47:21,25836.75,25838,25836.75,25838,10,1.25,1.25,0,0,1,,,,
MNQ DEC25,1s,1,1641,2025-10-27 09:47:22,25838,25838.25,25837.75,25838,12,0.5,0,0.25,0.25,0,,,,
MNQ DEC25,1s,1,1642,2025-10-27 09:47:23,25837.75,25837.75,25837.25,25837.75,11,0.5,0,0,0.5,0,,,,
MNQ DEC25,1s,1,1643,2025-10-27 09:47:24,25837.75,25838.75,25836.75,25837.5,16,2,0.25,1,0.75,-1,,,,
MNQ DEC25,1s,1,1644,2025-10-27 09:47:25,25837.75,25838.5,25837.5,25838.25,17,1,0.5,0.25,0.25,1,,,,
MNQ DEC25,1s,1,1645,2025-10-27 09:47:26,25838.75,25839,25838.5,25839,6,0.5,0.25,0,0.25,1,,,,
MNQ DEC25,1s,1,1646,2025-10-27 09:47:27,25839,25839.25,25838,25838,26,1.25,1,0.25,0,-1,,,,
MNQ DEC25,1s,1,1647,2025-10-27 09:47:28,25839,25841.5,25838.5,25841,60,3,2,0.5,0.5,1,,,,
MNQ DEC25,1s,1,1648,2025-10-27 09:47:29,25841,25841.25,25840.25,25841.25,29,1,0.25,0,0.75,1,,,,
MNQ DEC25,1s,1,1649,2025-10-27 09:47:30,25841.25,25841.5,25840.5,25840.5,29,1,0.75,0.25,0,-1,,,,
MNQ DEC25,10s,10,5564,2025-10-27 09:47:30,25836.75,25841.5,25836.75,25840.5,216,4.75,3.75,1,0,1,-198.65,-27.55,-35.51666667,-51.73
MNQ DEC25,1s,1,1650,2025-10-27 09:47:31,25840.5,25841.25,25840.25,25840.25,27,1,0.25,0.75,0,-1,,,,
MNQ DEC25,1s,1,1651,2025-10-27 09:47:32,25839.5,25841,25839.5,25840.5,35,1.5,1,0.5,0,1,,,,
MNQ DEC25,1s,1,1652,2025-10-27 09:47:33,25841,25842.5,25840.5,25840.5,51,2,0.5,1.5,0,-1,,,,
MNQ DEC25,1s,1,1653,2025-10-27 09:47:34,25841,25841,25839.75,25840.25,20,1.25,0.75,0,0.5,-1,,,,
MNQ DEC25,1s,1,1654,2025-10-27 09:47:35,25841,25841.75,25841,25841.5,11,0.75,0.5,0.25,0,1,,,,
MNQ DEC25,1s,1,1655,2025-10-27 09:47:36,25841.75,25842.25,25841.25,25841.25,12,1,0.5,0.5,0,-1,,,,
MNQ DEC25,1s,1,1656,2025-10-27 09:47:37,25841,25841.25,25840.5,25841.25,15,0.75,0.25,0,0.5,1,,,,
MNQ DEC25,1s,1,1657,2025-10-27 09:47:38,25841.5,25841.75,25840.75,25841,25,1,0.5,0.25,0.25,-1,,,,
MNQ DEC25,1s,1,1658,2025-10-27 09:47:39,25841.25,25841.5,25841.25,25841.25,5,0.25,0,0.25,0,0,,,,
MNQ DEC25,1s,1,1659,2025-10-27 09:47:40,25841.5,25841.5,25839.25,25839.5,25,2.25,2,0,0.25,-1,,,,
MNQ DEC25,10s,10,5565,2025-10-27 09:47:40,25840.5,25842.5,25839.25,25839.5,226,3.25,1,2,0.25,-1,-241.5,-42.85,-36.11666667,-49.81
MNQ DEC25,20s,20,5782,2025-10-27 09:47:40,25836.75,25842.5,25836.75,25839.5,442,5.75,2.75,3,0,1,-360.1,-125.9,-81.91666667,-55.18
MNQ DEC25,1s,1,1660,2025-10-27 09:47:41,25839.25,25839.75,25838.5,25838.5,16,1.25,0.75,0.5,0,-1,,,,
MNQ DEC25,1s,1,1661,2025-10-27 09:47:42,25838.5,25839,25837.75,25838,24,1.25,0.5,0.5,0.25,-1,,,,
MNQ DEC25,1s,1,1662,2025-10-27 09:47:43,25838.25,25838.5,25834,25834,93,4.5,4.25,0.25,0,-1,,,,
MNQ DEC25,1s,1,1663,2025-10-27 09:47:44,25834.25,25836.25,25834,25835.75,61,2.25,1.5,0.5,0.25,1,,,,
MNQ DEC25,1s,1,1664,2025-10-27 09:47:45,25836,25837,25836,25836.75,21,1,0.75,0.25,0,1,,,,
MNQ DEC25,1s,1,1665,2025-10-27 09:47:46,25836.75,25836.75,25835,25835.25,18,1.75,1.5,0,0.25,-1,,,,
MNQ DEC25,1s,1,1666,2025-10-27 09:47:47,25834.75,25835.25,25834,25834,46,1.25,0.75,0.5,0,-1,,,,
MNQ DEC25,1s,1,1667,2025-10-27 09:47:48,25834,25835.5,25833.75,25834.5,46,1.75,0.5,1,0.25,1,,,,
MNQ DEC25,1s,1,1668,2025-10-27 09:47:49,25834.5,25836.5,25834.5,25836.25,17,2,1.75,0.25,0,1,,,,
MNQ DEC25,1s,1,1669,2025-10-27 09:47:50,25836.25,25837,25836.25,25837,41,0.75,0.75,0,0,1,,,,
MNQ DEC25,10s,10,5566,2025-10-27 09:47:50,25839.25,25839.75,25833.75,25837,383,6,2.25,0.5,3.25,-1,-233.05,8.45,-20.65,-28.19
MNQ DEC25,1s,1,1670,2025-10-27 09:47:51,25835.25,25835.75,25835.25,25835.75,8,0.5,0.5,0,0,1,,,,
MNQ DEC25,1s,1,1671,2025-10-27 09:47:52,25835.5,25836.25,25835.25,25836.25,13,1,0.75,0,0.25,1,,,,
MNQ DEC25,1s,1,1672,2025-10-27 09:47:53,25836.5,25837.25,25836,25837,20,1.25,0.5,0.25,0.5,1,,,,
MNQ DEC25,1s,1,1673,2025-10-27 09:47:54,25837.75,25839.75,25837.75,25839.75,25,2,2,0,0,1,,,,
MNQ DEC25,1s,1,1674,2025-10-27 09:47:55,25839.5,25839.75,25838.75,25839.5,26,1,0,0.25,0.75,0,,,,
MNQ DEC25,1s,1,1675,2025-10-27 09:47:56,25839,25839,25837.5,25837.5,7,1.5,1.5,0,0,-1,,,,
MNQ DEC25,1s,1,1676,2025-10-27 09:47:57,25838.75,25838.75,25838.5,25838.75,5,0.25,0,0,0.25,0,,,,
MNQ DEC25,1s,1,1677,2025-10-27 09:47:58,25839.25,25839.25,25838.75,25838.75,10,0.5,0.5,0,0,-1,,,,
MNQ DEC25,1s,1,1678,2025-10-27 09:47:59,25839,25840.25,25839,25840,13,1.25,1,0.25,0,1,,,,
MNQ DEC25,1s,1,1679,2025-10-27 09:48:00,25840.5,25842.25,25840.25,25842.25,49,2,1.75,0,0.25,1,,,,
MNQ DEC25,10s,10,5567,2025-10-27 09:48:00,25835.25,25842.25,25835.25,25842.25,176,7,7,0,0,1,-238.9,-5.85,-13.41666667,-21.15
MNQ DEC25,20s,20,5783,2025-10-27 09:48:00,25839.25,25842.25,25833.75,25842.25,559,8.5,3,0,5.5,1,-456.55,-96.45,-94.95,-77.78
MNQ DEC25,1s,1,1680,2025-10-27 09:48:01,25842.25,25844.5,25841.5,25843.75,141,3,1.5,0.75,0.75,1,,,,
MNQ DEC25,1s,1,1681,2025-10-27 09:48:02,25844,25844.5,25842,25842,73,2.5,2,0.5,0,-1,,,,
MNQ DEC25,1s,1,1682,2025-10-27 09:48:03,25842.75,25843.75,25842,25843.25,68,1.75,0.5,0.5,0.75,1,,,,
MNQ DEC25,1s,1,1683,2025-10-27 09:48:04,25843.25,25844.5,25843,25843.75,46,1.5,0.5,0.75,0.25,1,,,,
MNQ DEC25,1s,1,1684,2025-10-27 09:48:05,25844,25845.75,25844,25844.75,160,1.75,0.75,1,0,1,,,,
MNQ DEC25,1s,1,1685,2025-10-27 09:48:06,25845.25,25845.75,25844.5,25845.75,63,1.25,0.5,0,0.75,1,,,,
MNQ DEC25,1s,1,1686,2025-10-27 09:48:07,25845.75,25850,25845.25,25845.5,636,4.75,0.25,4.25,0.25,-1,,,,
MNQ DEC25,1s,1,1687,2025-10-27 09:48:08,25845.25,25845.75,25844.25,25844.5,102,1.5,0.75,0.5,0.25,-1,,,,
MNQ DEC25,1s,1,1688,2025-10-27 09:48:09,25844.25,25845,25844,25844.25,25,1,0,0.75,0.25,0,,,,
MNQ DEC25,1s,1,1689,2025-10-27 09:48:10,25844.25,25844.75,25843.25,25843.25,53,1.5,1,0.5,0,-1,,,,
MNQ DEC25,10s,10,5568,2025-10-27 09:48:10,25842.25,25850,25841.5,25843.25,1367,8.5,1,6.75,0.75,1,-58.3,180.6,61.06666667,22.56
MNQ DEC25,1s,1,1690,2025-10-27 09:48:11,25843,25843.5,25840.5,25840.5,76,3,2.5,0.5,0,-1,,,,
MNQ DEC25,1s,1,1691,2025-10-27 09:48:12,25840.5,25840.5,25838.25,25838.5,87,2.25,2,0,0.25,-1,,,,
MNQ DEC25,1s,1,1692,2025-10-27 09:48:13,25839,25840.5,25839,25839.75,39,1.5,0.75,0.75,0,1,,,,
MNQ DEC25,1s,1,1693,2025-10-27 09:48:14,25840,25840.25,25839.25,25840.25,54,1,0.25,0,0.75,1,,,,
MNQ DEC25,1s,1,1694,2025-10-27 09:48:15,25840.25,25841.5,25840.25,25840.5,36,1.25,0.25,1,0,1,,,,
MNQ DEC25,1s,1,1695,2025-10-27 09:48:16,25840.25,25840.25,25839,25839.25,41,1.25,1,0,0.25,-1,,,,
MNQ DEC25,1s,1,1696,2025-10-27 09:48:17,25839.5,25840.75,25839.5,25840.75,33,1.25,1.25,0,0,1,,,,
MNQ DEC25,1s,1,1697,2025-10-27 09:48:18,25841,25841,25839.25,25840.25,39,1.75,0.75,0,1,-1,,,,
MNQ DEC25,1s,1,1698,2025-10-27 09:48:19,25840.75,25841.25,25840.5,25840.75,38,0.75,0,0.5,0.25,0,,,,
MNQ DEC25,1s,1,1699,2025-10-27 09:48:20,25841,25841,25840,25840,23,1,1,0,0,-1,,,,
MNQ DEC25,10s,10,5569,2025-10-27 09:48:20,25843,25843.5,25838.25,25840,466,5.25,3,0.5,1.75,-1,-4.35,53.95,76.23333333,38.86
MNQ DEC25,20s,20,5784,2025-10-27 09:48:20,25842.25,25850,25838.25,25840,1833,11.75,2.25,7.75,1.75,-1,-253.45,203.1,-6.41666667,-27.82
MNQ DEC25,1s,1,1700,2025-10-27 09:48:21,25839.5,25840.5,25838.5,25838.5,26,2,1,1,0,-1,,,,
MNQ DEC25,1s,1,1701,2025-10-27 09:48:22,25839.5,25839.75,25836.5,25837,92,3.25,2.5,0.25,0.5,-1,,,,
MNQ DEC25,1s,1,1702,2025-10-27 09:48:23,25837,25838.75,25836.5,25836.5,72,2.25,0.5,1.75,0,-1,,,,
MNQ DEC25,1s,1,1703,2025-10-27 09:48:24,25836.5,25837.25,25835.5,25835.5,44,1.75,1,0.75,0,-1,,,,
MNQ DEC25,1s,1,1704,2025-10-27 09:48:25,25835.25,25837.25,25835,25836.25,68,2.25,1,1,0.25,1,,,,
MNQ DEC25,1s,1,1705,2025-10-27 09:48:26,25836.25,25836.25,25832,25832.25,164,4.25,4,0,0.25,-1,,,,
MNQ DEC25,1s,1,1706,2025-10-27 09:48:27,25832.25,25833.25,25831.5,25832.75,118,1.75,0.5,0.5,0.75,1,,,,
MNQ DEC25,1s,1,1707,2025-10-27 09:48:28,25833.25,25833.25,25831.75,25832,50,1.5,1.25,0,0.25,-1,,,,
MNQ DEC25,1s,1,1708,2025-10-27 09:48:29,25832,25832.5,25830.25,25831.5,124,2.25,0.5,0.5,1.25,-1,,,,
MNQ DEC25,1s,1,1709,2025-10-27 09:48:30,25831.5,25831.5,25829.5,25830.75,146,2,0.75,0,1.25,-1,,,,
MNQ DEC25,10s,10,5570,2025-10-27 09:48:30,25839.5,25840.5,25829.5,25830.75,904,11,8.75,1,1.25,-1,117.25,121.6,118.71666667,71.75
MNQ DEC25,1s,1,1710,2025-10-27 09:48:31,25830.25,25831.5,25830.25,25831.25,31,1.25,1,0.25,0,1,,,,
MNQ DEC25,1s,1,1711,2025-10-27 09:48:32,25831.75,25832.5,25831.25,25832,65,1.25,0.25,0.5,0.5,1,,,,
MNQ DEC25,1s,1,1712,2025-10-27 09:48:33,25832.5,25834,25830.75,25830.75,97,3.25,1.75,1.5,0,-1,,,,
MNQ DEC25,1s,1,1713,2025-10-27 09:48:34,25831,25831.25,25829.5,25830,70,1.75,1,0.25,0.5,-1,,,,
MNQ DEC25,1s,1,1714,2025-10-27 09:48:35,25830,25830.75,25828.75,25828.75,76,2,1.25,0.75,0,-1,,,,
MNQ DEC25,1s,1,1715,2025-10-27 09:48:36,25829,25830.75,25828,25830.5,97,2.75,1.5,0.25,1,1,,,,
MNQ DEC25,1s,1,1716,2025-10-27 09:48:37,25830,25831.5,25829,25830.75,79,2.5,0.75,0.75,1,1,,,,
MNQ DEC25,1s,1,1717,2025-10-27 09:48:38,25830.25,25831,25829.5,25830,42,1.5,0.25,0.75,0.5,-1,,,,
MNQ DEC25,1s,1,1718,2025-10-27 09:48:39,25830,25830.75,25829.75,25830.75,26,1,0.75,0,0.25,1,,,,
MNQ DEC25,1s,1,1719,2025-10-27 09:48:40,25831,25831,25830,25830.5,53,1,0.5,0,0.5,-1,,,,
MNQ DEC25,10s,10,5571,2025-10-27 09:48:40,25830.25,25834,25828,25830.5,636,6,0.25,3.5,2.25,1,181.25,64,79.85,82.86
MNQ DEC25,20s,20,5785,2025-10-27 09:48:40,25839.5,25840.5,25828,25830.5,1540,12.5,9,1,2.5,-1,-120.75,132.7,79.78333333,10.19
MNQ DEC25,1s,1,1720,2025-10-27 09:48:41,25831,25832,25829.75,25831.25,90,2.25,0.25,0.75,1.25,1,,,,
MNQ DEC25,1s,1,1721,2025-10-27 09:48:42,25831.5,25832,25831,25831.5,40,1,0,0.5,0.5,0,,,,
MNQ DEC25,1s,1,1722,2025-10-27 09:48:43,25831.75,25832,25831,25832,31,1,0.25,0,0.75,1,,,,
MNQ DEC25,1s,1,1723,2025-10-27 09:48:44,25831.75,25832.25,25830.5,25831.25,36,1.75,0.5,0.5,0.75,-1,,,,
MNQ DEC25,1s,1,1724,2025-10-27 09:48:45,25831.75,25831.75,25831,25831,17,0.75,0.75,0,0,-1,,,,
MNQ DEC25,1s,1,1725,2025-10-27 09:48:46,25831.75,25832.25,25831,25832,63,1.25,0.25,0.25,0.75,1,,,,
MNQ DEC25,1s,1,1726,2025-10-27 09:48:47,25831.5,25831.75,25829.25,25830.75,62,2.5,0.75,0.25,1.5,-1,,,,
MNQ DEC25,1s,1,1727,2025-10-27 09:48:48,25831,25831.5,25830.5,25831.25,24,1,0.25,0.25,0.5,1,,,,
MNQ DEC25,1s,1,1728,2025-10-27 09:48:49,25830.75,25831.25,25829.75,25830,21,1.5,0.75,0.5,0.25,-1,,,,
MNQ DEC25,1s,1,1729,2025-10-27 09:48:50,25830.25,25831,25829.75,25830.5,12,1.25,0.25,0.5,0.5,1,,,,
MNQ DEC25,10s,10,5572,2025-10-27 09:48:50,25831,25832.25,25829.25,25830.5,396,3,0.5,1.25,1.25,-1,230,48.75,78.11666667,93.78
MNQ DEC25,1s,1,1730,2025-10-27 09:48:51,25831,25833.5,25830.25,25832.5,47,3.25,1.5,1,0.75,1,,,,
MNQ DEC25,1s,1,1731,2025-10-27 09:48:52,25832.25,25833.25,25832.25,25833.25,20,1,1,0,0,1,,,,
MNQ DEC25,1s,1,1732,2025-10-27 09:48:53,25833.5,25834.25,25833,25833.25,22,1.25,0.25,0.75,0.25,-1,,,,
MNQ DEC25,1s,1,1733,2025-10-27 09:48:54,25833.25,25833.75,25832.75,25833.25,31,1,0,0.5,0.5,0,,,,
MNQ DEC25,1s,1,1734,2025-10-27 09:48:55,25833.25,25834,25832.25,25832.25,63,1.75,1,0.75,0,-1,,,,
MNQ DEC25,1s,1,1735,2025-10-27 09:48:56,25832.75,25835.25,25832.75,25835.25,41,2.5,2.5,0,0,1,,,,
MNQ DEC25,1s,1,1736,2025-10-27 09:48:57,25834,25836,25833.75,25835.75,55,2.25,1.75,0.25,0.25,1,,,,
MNQ DEC25,1s,1,1737,2025-10-27 09:48:58,25835.5,25836,25834.5,25834.5,54,1.5,1,0.5,0,-1,,,,
MNQ DEC25,1s,1,1738,2025-10-27 09:48:59,25834.75,25835.25,25834.25,25835.25,64,1,0.5,0,0.5,1,,,,
MNQ DEC25,1s,1,1739,2025-10-27 09:49:00,25835.5,25836.25,25835,25836.25,47,1.25,0.75,0,0.5,1,,,,
MNQ DEC25,10s,10,5573,2025-10-27 09:49:00,25831,25836.25,25830.25,25836.25,444,6,5.25,0,0.75,1,50.5,-179.5,-22.25,21.76
MNQ DEC25,20s,20,5786,2025-10-27 09:49:00,25831,25836.25,25829.25,25836.25,840,7,5.25,0,1.75,1,-21,99.75,145.18333333,42.64
MNQ DEC25,1s,1,1740,2025-10-27 09:49:01,25835.75,25836.5,25834.75,25834.75,52,1.75,1,0.75,0,-1,,,,
MNQ DEC25,1s,1,1741,2025-10-27 09:49:02,25835.5,25835.75,25834.5,25834.75,21,1.25,0.75,0.25,0.25,-1,,,,
MNQ DEC25,1s,1,1742,2025-10-27 09:49:03,25834.75,25835.5,25834.5,25834.5,27,1,0.25,0.75,0,-1,,,,
MNQ DEC25,1s,1,1743,2025-10-27 09:49:04,25834.25,25835.5,25834.25,25834.5,51,1.25,0.25,1,0,1,,,,
MNQ DEC25,1s,1,1744,2025-10-27 09:49:05,25834.75,25835,25834,25834.25,17,1,0.5,0.25,0.25,-1,,,,
MNQ DEC25,1s,1,1745,2025-10-27 09:49:06,25834.5,25835.25,25834.5,25835.25,18,0.75,0.75,0,0,1,,,,
MNQ DEC25,1s,1,1746,2025-10-27 09:49:07,25835,25835.75,25834.75,25835.75,8,1,0.75,0,0.25,1,,,,
MNQ DEC25,1s,1,1747,2025-10-27 09:49:08,25836,25837.75,25836,25837,77,1.75,1,0.75,0,1,,,,
MNQ DEC25,1s,1,1748,2025-10-27 09:49:09,25837,25837,25835.75,25836,16,1.25,1,0,0.25,-1,,,,
MNQ DEC25,1s,1,1749,2025-10-27 09:49:10,25835.5,25835.5,25834.75,25834.75,41,0.75,0.75,0,0,-1,,,,
MNQ DEC25,10s,10,5574,2025-10-27 09:49:10,25835.75,25837.75,25834,25834.75,328,3.75,1,2,0.75,-1,29.6,-20.9,-50.55,6.79
MNQ DEC25,1s,1,1750,2025-10-27 09:49:11,25835,25835,25832.75,25834,28,2.25,1,0,1.25,-1,,,,
MNQ DEC25,1s,1,1751,2025-10-27 09:49:12,25834,25834,25833.25,25833.75,15,0.75,0.25,0,0.5,-1,,,,
MNQ DEC25,1s,1,1752,2025-10-27 09:49:13,25834.25,25835,25834.25,25834.75,16,0.75,0.5,0.25,0,1,,,,
MNQ DEC25,1s,1,1753,2025-10-27 09:49:14,25835,25836.5,25834.5,25836.5,11,2,1.5,0,0.5,1,,,,
MNQ DEC25,1s,1,1754,2025-10-27 09:49:15,25837,25838.25,25837,25837.5,23,1.25,0.5,0.75,0,1,,,,
MNQ DEC25,1s,1,1755,2025-10-27 09:49:16,25837.5,25838.25,25837.25,25837.5,9,1,0,0.75,0.25,0,,,,
MNQ DEC25,1s,1,1756,2025-10-27 09:49:17,25837.25,25837.25,25835.75,25836.75,31,1.5,0.5,0,1,-1,,,,
MNQ DEC25,1s,1,1757,2025-10-27 09:49:18,25836.5,25837.25,25836,25836.5,32,1.25,0,0.75,0.5,0,,,,
MNQ DEC25,1s,1,1758,2025-10-27 09:49:19,25837.25,25837.75,25837,25837.75,12,0.75,0.5,0,0.25,1,,,,
MNQ DEC25,1s,1,1759,2025-10-27 09:49:20,25837.5,25840.25,25837.5,25840.25,74,2.75,2.75,0,0,1,,,,
MNQ DEC25,10s,10,5575,2025-10-27 09:49:20,25835,25840.25,25832.75,25840.25,251,7.5,5.25,0,2.25,1,-74.65,-104.25,-101.55,-38.38
MNQ DEC25,20s,20,5787,2025-10-27 09:49:20,25835.75,25840.25,25832.75,25840.25,579,7.5,4.5,0,3,1,31.4,52.4,94.95,78.3
MNQ DEC25,1s,1,1760,2025-10-27 09:49:21,25839.25,25839.5,25838.25,25838.75,52,1.25,0.5,0.25,0.5,-1,,,,
MNQ DEC25,1s,1,1761,2025-10-27 09:49:22,25839.25,25839.25,25837.25,25838.25,69,2,1,0,1,-1,,,,
MNQ DEC25,1s,1,1762,2025-10-27 09:49:23,25838,25838,25836,25836.5,90,2,1.5,0,0.5,-1,,,,
MNQ DEC25,1s,1,1763,2025-10-27 09:49:24,25836.25,25836.5,25835.75,25836.5,22,0.75,0.25,0,0.5,1,,,,
MNQ DEC25,1s,1,1764,2025-10-27 09:49:25,25836.5,25836.75,25836.25,25836.75,7,0.5,0.25,0,0.25,1,,,,
MNQ DEC25,1s,1,1765,2025-10-27 09:49:26,25836.5,25836.75,25835.75,25836.75,19,1,0.25,0,0.75,1,,,,
MNQ DEC25,1s,1,1766,2025-10-27 09:49:27,25836.5,25837.5,25836.5,25837.25,26,1,0.75,0.25,0,1,,,,
MNQ DEC25,1s,1,1767,2025-10-27 09:49:28,25837.25,25838,25837,25837.75,7,1,0.5,0.25,0.25,1,,,,
MNQ DEC25,1s,1,1768,2025-10-27 09:49:29,25837.75,25839,25837.75,25838.5,16,1.25,0.75,0.5,0,1,,,,
MNQ DEC25,1s,1,1769,2025-10-27 09:49:30,25837.75,25838.25,25835.5,25835.75,47,2.75,2,0.5,0.25,-1,,,,
MNQ DEC25,10s,10,5576,2025-10-27 09:49:30,25839.25,25839.5,25835.5,25835.75,355,4,3.5,0.25,0.25,-1,-105.55,-30.9,-52.01666667,-57.36
MNQ DEC25,1s,1,1770,2025-10-27 09:49:31,25835.75,25836,25834,25835,70,2,0.75,0.25,1,-1,,,,
MNQ DEC25,1s,1,1771,2025-10-27 09:49:32,25835,25835,25833.75,25834,29,1.25,1,0,0.25,-1,,,,
MNQ DEC25,1s,1,1772,2025-10-27 09:49:33,25833.75,25834.5,25833.5,25834.5,33,1,0.75,0,0.25,1,,,,
MNQ DEC25,1s,1,1773,2025-10-27 09:49:34,25834.5,25835.75,25834,25835.75,35,1.75,1.25,0,0.5,1,,,,
MNQ DEC25,1s,1,1774,2025-10-27 09:49:35,25835.75,25836.25,25834.25,25835.75,30,2,0,0.5,1.5,0,,,,
MNQ DEC25,1s,1,1775,2025-10-27 09:49:36,25835,25836,25835,25836,11,1,1,0,0,1,,,,
MNQ DEC25,1s,1,1776,2025-10-27 09:49:37,25836,25837,25836,25836.75,9,1,0.75,0.25,0,1,,,,
MNQ DEC25,1s,1,1777,2025-10-27 09:49:38,25837,25837,25836,25836,7,1,1,0,0,-1,,,,
MNQ DEC25,1s,1,1778,2025-10-27 09:49:39,25836.25,25836.25,25834.75,25834.75,11,1.5,1.5,0,0,-1,,,,
MNQ DEC25,1s,1,1779,2025-10-27 09:49:40,25835.25,25835.25,25834,25834.5,16,1.25,0.75,0,0.5,-1,,,,
MNQ DEC25,10s,10,5577,2025-10-27 09:49:40,25835.75,25837,25833.5,25834.5,251,3.5,1.25,1.25,1,-1,-119.95,-14.4,-49.85,-69.99
MNQ DEC25,20s,20,5788,2025-10-27 09:49:40,25839.25,25839.5,25833.5,25834.5,606,6,4.75,0.25,1,-1,58.95,27.55,59.9,103.1
MNQ DEC25,1s,1,1780,2025-10-27 09:49:41,25834.25,25836,25834.25,25835.5,37,1.75,1.25,0.5,0,1,,,,
MNQ DEC25,1s,1,1781,2025-10-27 09:49:42,25835.5,25835.75,25834.25,25835,19,1.5,0.5,0.25,0.75,-1,,,,
MNQ DEC25,1s,1,1782,2025-10-27 09:49:43,25835,25835,25831.5,25831.5,92,3.5,3.5,0,0,-1,,,,
MNQ DEC25,1s,1,1783,2025-10-27 09:49:44,25832,25833.75,25830.75,25831,166,3,1,1.75,0.25,-1,,,,
MNQ DEC25,1s,1,1784,2025-10-27 09:49:45,25830.5,25830.75,25829.25,25829.75,76,1.5,0.75,0.25,0.5,-1,,,,
MNQ DEC25,1s,1,1785,2025-10-27 09:49:46,25829.5,25831.25,25829.25,25830.5,43,2,1,0.75,0.25,1,,,,
MNQ DEC25,1s,1,1786,2025-10-27 09:49:47,25830.75,25830.75,25830.25,25830.5,17,0.5,0.25,0,0.25,-1,,,,
MNQ DEC25,1s,1,1787,2025-10-27 09:49:48,25830.5,25830.5,25828.75,25829.5,39,1.75,1,0,0.75,-1,,,,
MNQ DEC25,1s,1,1788,2025-10-27 09:49:49,25830,25830.5,25829.5,25830.25,30,1,0.25,0.25,0.5,1,,,,
MNQ DEC25,1s,1,1789,2025-10-27 09:49:50,25830.25,25830.5,25828.25,25830.5,93,2.25,0.25,0,2,1,,,,
MNQ DEC25,10s,10,5578,2025-10-27 09:49:50,25834.25,25836,25828.25,25830.5,612,7.75,3.75,1.75,2.25,-1,-91.55,28.4,-5.63333333,-28.41
MNQ DEC25,1s,1,1790,2025-10-27 09:49:51,25830.25,25831,25830.25,25830.75,29,0.75,0.5,0.25,0,1,,,,
MNQ DEC25,1s,1,1791,2025-10-27 09:49:52,25831,25831.25,25830.5,25830.5,20,0.75,0.5,0.25,0,-1,,,,
MNQ DEC25,1s,1,1792,2025-10-27 09:49:53,25830.75,25832.5,25830.75,25832,35,1.75,1.25,0.5,0,1,,,,
MNQ DEC25,1s,1,1793,2025-10-27 09:49:54,25832.25,25833,25832,25832,33,1,0.25,0.75,0,-1,,,,
MNQ DEC25,1s,1,1794,2025-10-27 09:49:55,25831.75,25831.75,25831,25831.5,12,0.75,0.25,0,0.5,-1,,,,
MNQ DEC25,1s,1,1795,2025-10-27 09:49:56,25831.25,25832.5,25830.75,25832.25,37,1.75,1,0.25,0.5,1,,,,
MNQ DEC25,1s,1,1796,2025-10-27 09:49:57,25832.5,25833.25,25831.25,25832,25,2,0.5,0.75,0.75,-1,,,,
MNQ DEC25,1s,1,1797,2025-10-27 09:49:58,25832.25,25832.75,25832.25,25832.5,28,0.5,0.25,0.25,0,1,,,,
MNQ DEC25,1s,1,1798,2025-10-27 09:49:59,25832.25,25833,25831.25,25831.25,26,1.75,1,0.75,0,-1,,,,
MNQ DEC25,1s,1,1799,2025-10-27 09:50:00,25832.75,25833.5,25832.25,25833.5,8,1.25,0.75,0,0.5,1,,,,
MNQ DEC25,10s,10,5579,2025-10-27 09:50:00,25830.25,25833.5,25830.25,25833.5,253,3.25,3.25,0,0,1,-98.5,-6.95,2.35,-25.62
MNQ DEC25,20s,20,5789,2025-10-27 09:50:00,25834.25,25836,25828.25,25833.5,865,7.75,0.75,1.75,5.25,-1,-117.7,-176.65,-32.23333333,27.15
MNQ DEC25,1s,1,1800,2025-10-27 09:50:01,25833,25833,25830.75,25831.5,69,2.25,1.5,0,0.75,-1,,,,
MNQ DEC25,1s,1,1801,2025-10-27 09:50:02,25831.25,25832.25,25831.25,25831.75,25,1,0.5,0.5,0,1,,,,
MNQ DEC25,1s,1,1802,2025-10-27 09:50:03,25831.75,25833.25,25831.75,25831.75,39,1.5,0,1.5,0,0,,,,
MNQ DEC25,1s,1,1803,2025-10-27 09:50:04,25831.75,25831.75,25828.5,25828.5,98,3.25,3.25,0,0,-1,,,,
MNQ DEC25,1s,1,1804,2025-10-27 09:50:05,25828.75,25829.5,25827.25,25828.75,103,2.25,0,0.75,1.5,0,,,,
MNQ DEC25,1s,1,1805,2025-10-27 09:50:06,25827.75,25829.75,25827.5,25829,100,2.25,1.25,0.75,0.25,1,,,,
MNQ DEC25,1s,1,1806,2025-10-27 09:50:07,25829,25829.5,25828,25828.75,24,1.5,0.25,0.5,0.75,-1,,,,
MNQ DEC25,1s,1,1807,2025-10-27 09:50:08,25828.5,25829,25827.25,25828,36,1.75,0.5,0.5,0.75,-1,,,,
MNQ DEC25,1s,1,1808,2025-10-27 09:50:09,25827.5,25829.25,25827.5,25829.25,63,1.75,1.75,0,0,1,,,,
MNQ DEC25,1s,1,1809,2025-10-27 09:50:10,25829.25,25829.25,25824.5,25825,188,4.75,4.25,0,0.5,-1,,,,
MNQ DEC25,10s,10,5580,2025-10-27 09:50:10,25833,25833.25,25824.5,25825,745,8.75,8,0.25,0.5,-1,-7,91.5,37.65,13.53
MNQ DEC25,1s,1,1810,2025-10-27 09:50:11,25825.5,25825.5,25821.5,25822.75,234,4,2.75,0,1.25,-1,,,,
MNQ DEC25,1s,1,1811,2025-10-27 09:50:12,25822.5,25824,25822,25822.5,98,2,0,1.5,0.5,0,,,,
MNQ DEC25,1s,1,1812,2025-10-27 09:50:13,25821.75,25822,25819,25820.25,266,3,1.5,0.25,1.25,-1,,,,
MNQ DEC25,1s,1,1813,2025-10-27 09:50:14,25819.75,25820.5,25818.75,25820.5,160,1.75,0.75,0,1,1,,,,
MNQ DEC25,1s,1,1814,2025-10-27 09:50:15,25819.75,25821,25818.75,25819.25,81,2.25,0.5,1.25,0.5,-1,,,,
MNQ DEC25,1s,1,1815,2025-10-27 09:50:16,25819.25,25819.5,25817,25817.75,145,2.5,1.5,0.25,0.75,-1,,,,
MNQ DEC25,1s,1,1816,2025-10-27 09:50:17,25818,25819,25816.75,25818.25,141,2.25,0.25,0.75,1.25,1,,,,
MNQ DEC25,1s,1,1817,2025-10-27 09:50:18,25817.75,25819,25817.25,25818.5,71,1.75,0.75,0.5,0.5,1,,,,
MNQ DEC25,1s,1,1818,2025-10-27 09:50:19,25818,25818.75,25817.25,25818.75,86,1.5,0.75,0,0.75,1,,,,
MNQ DEC25,1s,1,1819,2025-10-27 09:50:20,25818.25,25820,25817.75,25818.5,85,2.25,0.25,1.5,0.5,1,,,,
MNQ DEC25,10s,10,5581,2025-10-27 09:50:20,25825.5,25825.5,25816.75,25818.5,1367,8.75,7,0,1.75,-1,147,154,79.51666667,50.51
MNQ DEC25,20s,20,5790,2025-10-27 09:50:20,25833,25833.25,25816.75,25818.5,2112,16.5,14.5,0.25,1.75,-1,-82.9,34.8,-38.1,7.57
MNQ DEC25,1s,1,1820,2025-10-27 09:50:21,25818,25820.5,25816.75,25820.5,68,3.75,2.5,0,1.25,1,,,,
MNQ DEC25,1s,1,1821,2025-10-27 09:50:22,25820.5,25821.25,25819.5,25819.5,64,1.75,1,0.75,0,-1,,,,
MNQ DEC25,1s,1,1822,2025-10-27 09:50:23,25819.5,25820.5,25819.5,25819.5,53,1,0,1,0,0,,,,
MNQ DEC25,1s,1,1823,2025-10-27 09:50:24,25819.25,25819.5,25817.5,25817.75,60,2,1.5,0.25,0.25,-1,,,,
MNQ DEC25,1s,1,1824,2025-10-27 09:50:25,25817.75,25818,25816,25816,76,2,1.75,0.25,0,-1,,,,
MNQ DEC25,1s,1,1825,2025-10-27 09:50:26,25816.5,25817.75,25816,25817.25,81,1.75,0.75,0.5,0.5,1,,,,
MNQ DEC25,1s,1,1826,2025-10-27 09:50:27,25816.75,25818,25816.75,25817,60,1.25,0.25,1,0,1,,,,
MNQ DEC25,1s,1,1827,2025-10-27 09:50:28,25817,25817.5,25816.25,25817,53,1.25,0,0.5,0.75,0,,,,
MNQ DEC25,1s,1,1828,2025-10-27 09:50:29,25816.5,25818,25816.25,25816.25,44,1.75,0.25,1.5,0,-1,,,,
MNQ DEC25,1s,1,1829,2025-10-27 09:50:30,25816.5,25819.5,25816.5,25819.5,75,3,3,0,0,1,,,,
MNQ DEC25,10s,10,5582,2025-10-27 09:50:30,25818,25821.25,25816,25819.5,634,5.25,1.5,1.75,2,1,208.5,61.5,102.33333333,65.69
MNQ DEC25,1s,1,1830,2025-10-27 09:50:31,25819.5,25820,25819,25819.5,90,1,0,0.5,0.5,0,,,,
MNQ DEC25,1s,1,1831,2025-10-27 09:50:32,25819,25820,25818.25,25818.75,41,1.75,0.25,1,0.5,-1,,,,
MNQ DEC25,1s,1,1832,2025-10-27 09:50:33,25818.5,25820.5,25818.5,25820.25,62,2,1.75,0.25,0,1,,,,
MNQ DEC25,1s,1,1833,2025-10-27 09:50:34,25820.75,25821.25,25818.25,25818.75,44,3,2,0.5,0.5,-1,,,,
MNQ DEC25,1s,1,1834,2025-10-27 09:50:35,25818.75,25818.75,25817.25,25817.5,42,1.5,1.25,0,0.25,-1,,,,
MNQ DEC25,1s,1,1835,2025-10-27 09:50:36,25818,25818,25817,25817.25,29,1,0.75,0,0.25,-1,,,,
MNQ DEC25,1s,1,1836,2025-10-27 09:50:37,25817.5,25819.25,25817.5,25819,36,1.75,1.5,0.25,0,1,,,,
MNQ DEC25,1s,1,1837,2025-10-27 09:50:38,25819.5,25820,25819,25819.25,27,1,0.25,0.5,0.25,-1,,,,
MNQ DEC25,1s,1,1838,2025-10-27 09:50:39,25819.75,25820.5,25819.25,25820,48,1.25,0.25,0.5,0.5,1,,,,
MNQ DEC25,1s,1,1839,2025-10-27 09:50:40,25820,25822,25820,25821.5,88,2,1.5,0.5,0,1,,,,
MNQ DEC25,10s,10,5583,2025-10-27 09:50:40,25819.5,25822,25817,25821.5,507,5,2,0.5,2.5,1,175.35,-33.15,60.78333333,53.38
MNQ DEC25,20s,20,5791,2025-10-27 09:50:40,25818,25822,25816,25821.5,1141,6,3.5,0.5,2,1,-37.95,44.95,-32.3,-3.39
MNQ DEC25,1s,1,1840,2025-10-27 09:50:41,25822,25822,25821.25,25821.5,34,0.75,0.5,0,0.25,-1,,,,
MNQ DEC25,1s,1,1841,2025-10-27 09:50:42,25821.5,25824.5,25821,25824.5,91,3.5,3,0,0.5,1,,,,
MNQ DEC25,1s,1,1842,2025-10-27 09:50:43,25824,25824.5,25821,25821,72,3.5,3,0.5,0,-1,,,,
MNQ DEC25,1s,1,1843,2025-10-27 09:50:44,25820.75,25820.75,25818.75,25819,58,2,1.75,0,0.25,-1,,,,
MNQ DEC25,1s,1,1844,2025-10-27 09:50:45,25819.25,25820.5,25819,25820.5,24,1.5,1.25,0,0.25,1,,,,
MNQ DEC25,1s,1,1845,2025-10-27 09:50:46,25820.25,25822,25820.25,25822,26,1.75,1.75,0,0,1,,,,
MNQ DEC25,1s,1,1846,2025-10-27 09:50:47,25822.5,25824.25,25822.5,25824,23,1.75,1.5,0.25,0,1,,,,
MNQ DEC25,1s,1,1847,2025-10-27 09:50:48,25824.25,25824.25,25823.25,25823.75,32,1,0.5,0,0.5,-1,,,,
MNQ DEC25,1s,1,1848,2025-10-27 09:50:49,25823.75,25824.5,25823.5,25824.5,23,1,0.75,0,0.25,1,,,,
MNQ DEC25,1s,1,1849,2025-10-27 09:50:50,25824,25825.25,25823.75,25824.25,78,1.5,0.25,1,0.25,1,,,,
MNQ DEC25,10s,10,5584,2025-10-27 09:50:50,25822,25825.25,25818.75,25824.25,461,6.5,2.25,1,3.25,1,204.7,29.35,19.23333333,60.64
MNQ DEC25,1s,1,1850,2025-10-27 09:50:51,25824,25824.25,25821.5,25821.5,55,2.75,2.5,0.25,0,-1,,,,
MNQ DEC25,1s,1,1851,2025-10-27 09:50:52,25822,25822,25821.25,25822,36,0.75,0,0,0.75,0,,,,
MNQ DEC25,1s,1,1852,2025-10-27 09:50:53,25822.75,25822.75,25820.75,25821,43,2,1.75,0,0.25,-1,,,,
MNQ DEC25,1s,1,1853,2025-10-27 09:50:54,25820.5,25821.25,25819.75,25820.5,64,1.5,0,0.75,0.75,0,,,,
MNQ DEC25,1s,1,1854,2025-10-27 09:50:55,25820,25820,25819.75,25819.75,5,0.25,0.25,0,0,-1,,,,
MNQ DEC25,1s,1,1855,2025-10-27 09:50:56,25820.75,25820.75,25820,25820,12,0.75,0.75,0,0,-1,,,,
MNQ DEC25,1s,1,1856,2025-10-27 09:50:57,25820.25,25820.75,25819.75,25820,24,1,0.25,0.5,0.25,-1,,,,
MNQ DEC25,1s,1,1857,2025-10-27 09:50:58,25820.25,25820.75,25820,25820.25,18,0.75,0,0.5,0.25,0,,,,
MNQ DEC25,1s,1,1858,2025-10-27 09:50:59,25820.25,25820.25,25819.25,25820.25,25,1,0,0,1,0,,,,
MNQ DEC25,1s,1,1859,2025-10-27 09:51:00,25820,25820,25818.75,25820,32,1.25,0,0,1.25,0,,,,
MNQ DEC25,10s,10,5585,2025-10-27 09:51:00,25824,25824.25,25818.75,25820,314,5.5,4,0.25,1.25,-1,114.1,-90.6,-31.46666667,24.22
MNQ DEC25,20s,20,5792,2025-10-27 09:51:00,25822,25825.25,25818.75,25820,775,6.5,2,3.25,1.25,-1,28.4,66.35,48.7,-0.6
MNQ DEC25,1s,1,1860,2025-10-27 09:51:01,25819.5,25819.75,25817.25,25817.5,114,2.5,2,0.25,0.25,-1,,,,
MNQ DEC25,1s,1,1861,2025-10-27 09:51:02,25818.5,25820.25,25818.5,25819.5,53,1.75,1,0.75,0,1,,,,
MNQ DEC25,1s,1,1862,2025-10-27 09:51:03,25818.75,25820.25,25818.5,25820.25,53,1.75,1.5,0,0.25,1,,,,
MNQ DEC25,1s,1,1863,2025-10-27 09:51:04,25820.75,25821.5,25820,25820,31,1.5,0.75,0.75,0,-1,,,,
MNQ DEC25,1s,1,1864,2025-10-27 09:51:05,25820.25,25820.75,25819,25820,52,1.75,0.25,0.5,1,-1,,,,
MNQ DEC25,1s,1,1865,2025-10-27 09:51:06,25819.5,25819.5,25818,25818,58,1.5,1.5,0,0,-1,,,,
MNQ DEC25,1s,1,1866,2025-10-27 09:51:07,25818.25,25818.25,25817.25,25817.25,29,1,1,0,0,-1,,,,
MNQ DEC25,1s,1,1867,2025-10-27 09:51:08,25817.5,25819,25817.25,25818,72,1.75,0.5,1,0.25,1,,,,
MNQ DEC25,1s,1,1868,2025-10-27 09:51:09,25818.5,25819.25,25817.5,25817.5,23,1.75,1,0.75,0,-1,,,,
MNQ DEC25,1s,1,1869,2025-10-27 09:51:10,25818,25819.5,25816.75,25819,40,2.75,1,0.5,1.25,1,,,,
MNQ DEC25,10s,10,5586,2025-10-27 09:51:10,25819.5,25821.5,25816.75,25819,525,4.75,0.5,2,2.25,-1,-61.4,-175.5,-78.91666667,-41.68
MNQ DEC25,1s,1,1870,2025-10-27 09:51:11,25818.5,25819.75,25818.25,25819.75,29,1.5,1.25,0,0.25,1,,,,
MNQ DEC25,1s,1,1871,2025-10-27 09:51:12,25819.75,25820.75,25819,25819,57,1.75,0.75,1,0,-1,,,,
MNQ DEC25,1s,1,1872,2025-10-27 09:51:13,25819,25820.75,25818.75,25820.75,29,2,1.75,0,0.25,1,,,,
MNQ DEC25,1s,1,1873,2025-10-27 09:51:14,25819.5,25819.5,25817.75,25818.25,23,1.75,1.25,0,0.5,-1,,,,
MNQ DEC25,1s,1,1874,2025-10-27 09:51:15,25818.25,25818.5,25817.5,25818.5,19,1,0.25,0,0.75,1,,,,
MNQ DEC25,1s,1,1875,2025-10-27 09:51:16,25818.25,25818.25,25817,25817.5,54,1.25,0.75,0,0.5,-1,,,,
MNQ DEC25,1s,1,1876,2025-10-27 09:51:17,25817,25817.5,25816,25816.5,52,1.5,0.5,0.5,0.5,-1,,,,
MNQ DEC25,1s,1,1877,2025-10-27 09:51:18,25817,25817,25814.75,25815.5,176,2.25,1.5,0,0.75,-1,,,,
MNQ DEC25,1s,1,1878,2025-10-27 09:51:19,25815,25815,25808.25,25810.75,679,6.75,4.25,0,2.5,-1,,,,
MNQ DEC25,1s,1,1879,2025-10-27 09:51:20,25810.75,25813,25810.25,25812.5,198,2.75,1.75,0.5,0.5,1,,,,
MNQ DEC25,10s,10,5587,2025-10-27 09:51:20,25818.5,25820.75,25808.25,25812.5,1316,12.5,6,2.25,4.25,-1,18,79.4,-62.23333333,-38.1
MNQ DEC25,20s,20,5793,2025-10-27 09:51:20,25819.5,25821.5,25808.25,25812.5,1841,13.25,7,2,4.25,-1,248.3,219.9,110.4,37.87
MNQ DEC25,1s,1,1880,2025-10-27 09:51:21,25812.5,25813.75,25812.25,25813,77,1.5,0.5,0.75,0.25,1,,,,
MNQ DEC25,1s,1,1881,2025-10-27 09:51:22,25812.5,25813,25810.75,25811.75,51,2.25,0.75,0.5,1,-1,,,,
MNQ DEC25,1s,1,1882,2025-10-27 09:51:23,25811.5,25813.25,25811.25,25812.75,60,2,1.25,0.5,0.25,1,,,,
MNQ DEC25,1s,1,1883,2025-10-27 09:51:24,25813.25,25813.75,25813,25813.5,29,0.75,0.25,0.25,0.25,1,,,,
MNQ DEC25,1s,1,1884,2025-10-27 09:51:25,25813.75,25814,25812.25,25813.5,51,1.75,0.25,0.25,1.25,-1,,,,
MNQ DEC25,1s,1,1885,2025-10-27 09:51:26,25813,25813.5,25812,25812.5,53,1.5,0.5,0.5,0.5,-1,,,,
MNQ DEC25,1s,1,1886,2025-10-27 09:51:27,25811.75,25813.25,25811.5,25813,36,1.75,1.25,0.25,0.25,1,,,,
MNQ DEC25,1s,1,1887,2025-10-27 09:51:28,25812.75,25815,25810.75,25814.25,158,4.25,1.5,0.75,2,1,,,,
MNQ DEC25,1s,1,1888,2025-10-27 09:51:29,25814.75,25815,25813.75,25814,37,1.25,0.75,0.25,0.25,-1,,,,
MNQ DEC25,1s,1,1889,2025-10-27 09:51:30,25814,25817.5,25814,25816.5,102,3.5,2.5,1,0,1,,,,
MNQ DEC25,10s,10,5588,2025-10-27 09:51:30,25812.5,25817.5,25810.75,25816.5,654,6.75,4,1,1.75,1,83.05,65.05,-10.35,-18.46
MNQ DEC25,1s,1,1890,2025-10-27 09:51:31,25816.25,25818.75,25816.25,25818.75,76,2.5,2.5,0,0,1,,,,
MNQ DEC25,1s,1,1891,2025-10-27 09:51:32,25819,25819.25,25817,25818,55,2.25,1,0.25,1,-1,,,,
MNQ DEC25,1s,1,1892,2025-10-27 09:51:33,25817.75,25817.75,25816.25,25816.25,47,1.5,1.5,0,0,-1,,,,
MNQ DEC25,1s,1,1893,2025-10-27 09:51:34,25817,25818.25,25816.5,25818.25,41,1.75,1.25,0,0.5,1,,,,
MNQ DEC25,1s,1,1894,2025-10-27 09:51:35,25818.75,25820,25818,25818,62,2,0.75,1.25,0,-1,,,,
MNQ DEC25,1s,1,1895,2025-10-27 09:51:36,25817.75,25819.25,25817.75,25819.25,42,1.5,1.5,0,0,1,,,,
MNQ DEC25,1s,1,1896,2025-10-27 09:51:37,25819,25819,25816.75,25816.75,36,2.25,2.25,0,0,-1,,,,
MNQ DEC25,1s,1,1897,2025-10-27 09:51:38,25816.5,25817,25815.25,25815.75,37,1.75,0.75,0.5,0.5,-1,,,,
MNQ DEC25,1s,1,1898,2025-10-27 09:51:39,25816.25,25817.5,25815.5,25815.75,37,2,0.5,1.25,0.25,-1,,,,
MNQ DEC25,1s,1,1899,2025-10-27 09:51:40,25815.5,25816.25,25815.25,25815.75,22,1,0.25,0.5,0.25,1,,,,
MNQ DEC25,10s,10,5589,2025-10-27 09:51:40,25816.25,25820,25815.25,25815.75,455,4.75,0.5,3.75,0.5,-1,82.4,-0.65,47.93333333,-24.46
MNQ DEC25,20s,20,5794,2025-10-27 09:51:40,25812.5,25820,25810.75,25815.75,1109,9.25,3.25,4.25,1.75,1,297.25,48.95,111.73333333,82.99
MNQ DEC25,1s,1,1900,2025-10-27 09:51:41,25816,25817.25,25815.75,25816.75,42,1.5,0.75,0.5,0.25,1,,,,
MNQ DEC25,1s,1,1901,2025-10-27 09:51:42,25817,25817.75,25816.75,25817.25,12,1,0.25,0.5,0.25,1,,,,
MNQ DEC25,1s,1,1902,2025-10-27 09:51:43,25817.5,25818.5,25817.5,25818,34,1,0.5,0.5,0,1,,,,
MNQ DEC25,1s,1,1903,2025-10-27 09:51:44,25817.75,25821.75,25817.75,25821.5,102,4,3.75,0.25,0,1,,,,
MNQ DEC25,1s,1,1904,2025-10-27 09:51:45,25821.75,25823.75,25821.5,25822.75,128,2.25,1,1,0.25,1,,,,
MNQ DEC25,1s,1,1905,2025-10-27 09:51:46,25822.25,25827.75,25822.25,25827.75,273,5.5,5.5,0,0,1,,,,
MNQ DEC25,1s,1,1906,2025-10-27 09:51:47,25827.25,25828.5,25826.75,25828.5,135,1.75,1.25,0,0.5,1,,,,
MNQ DEC25,1s,1,1907,2025-10-27 09:51:48,25828.5,25831.75,25828,25831.75,201,3.75,3.25,0,0.5,1,,,,
MNQ DEC25,1s,1,1908,2025-10-27 09:51:49,25831.5,25831.5,25828.5,25829,138,3,2.5,0,0.5,-1,,,,
MNQ DEC25,1s,1,1909,2025-10-27 09:51:50,25829.5,25830.5,25829,25829,92,1.5,0.5,1,0,-1,,,,
MNQ DEC25,10s,10,5590,2025-10-27 09:51:50,25816,25831.75,25815.75,25829,1157,16,13,2.75,0.25,1,238.35,155.95,73.45,24.85
MNQ DEC25,1s,1,1910,2025-10-27 09:51:51,25829.5,25829.75,25827.75,25827.75,98,2,1.75,0.25,0,-1,,,,
MNQ DEC25,1s,1,1911,2025-10-27 09:51:52,25827.5,25827.5,25825,25826,96,2.5,1.5,0,1,-1,,,,
MNQ DEC25,1s,1,1912,2025-10-27 09:51:53,25826.25,25827.5,25826.25,25827,42,1.25,0.75,0.5,0,1,,,,
MNQ DEC25,1s,1,1913,2025-10-27 09:51:54,25827,25828.5,25827,25828.5,15,1.5,1.5,0,0,1,,,,
MNQ DEC25,1s,1,1914,2025-10-27 09:51:55,25828.75,25829,25827.5,25827.5,42,1.5,1.25,0.25,0,-1,,,,
MNQ DEC25,1s,1,1915,2025-10-27 09:51:56,25827.75,25829.25,25827.75,25828,64,1.5,0.25,1.25,0,1,,,,
MNQ DEC25,1s,1,1916,2025-10-27 09:51:57,25829,25829.5,25828.5,25829,65,1,0,0.5,0.5,0,,,,
MNQ DEC25,1s,1,1917,2025-10-27 09:51:58,25829.5,25829.75,25827.25,25827.75,57,2.5,1.75,0.25,0.5,-1,,,,
MNQ DEC25,1s,1,1918,2025-10-27 09:51:59,25828.25,25829.75,25828,25829.5,44,1.75,1.25,0.25,0.25,1,,,,
MNQ DEC25,1s,1,1919,2025-10-27 09:52:00,25829.5,25830.25,25829,25830.25,46,1.25,0.75,0,0.5,1,,,,
MNQ DEC25,10s,10,5591,2025-10-27 09:52:00,25829.5,25830.25,25825,25830.25,569,5.25,0.75,0,4.5,1,250.5,12.15,55.81666667,62.38
MNQ DEC25,20s,20,5795,2025-10-27 09:52:00,25816,25831.75,25815.75,25830.25,1726,16,14.25,1.5,0.25,1,210.15,-87.1,60.58333333,58.61
MNQ DEC25,1s,1,1920,2025-10-27 09:52:01,25830.5,25831.75,25829,25830.75,108,2.75,0.25,1,1.5,1,,,,
MNQ DEC25,1s,1,1921,2025-10-27 09:52:02,25831,25831.75,25830.5,25830.75,49,1.25,0.25,0.75,0.25,-1,,,,
MNQ DEC25,1s,1,1922,2025-10-27 09:52:03,25830.5,25830.75,25829.5,25830.25,52,1.25,0.25,0.25,0.75,-1,,,,
MNQ DEC25,1s,1,1923,2025-10-27 09:52:04,25830.75,25831,25830,25831,25,1,0.25,0,0.75,1,,,,
MNQ DEC25,1s,1,1924,2025-10-27 09:52:05,25831.25,25831.25,25829.25,25829.25,30,2,2,0,0,-1,,,,
MNQ DEC25,1s,1,1925,2025-10-27 09:52:06,25829.5,25829.75,25829,25829.25,49,0.75,0.25,0.25,0.25,-1,,,,
MNQ DEC25,1s,1,1926,2025-10-27 09:52:07,25829.25,25829.5,25827.75,25827.75,42,1.75,1.5,0.25,0,-1,,,,
MNQ DEC25,1s,1,1927,2025-10-27 09:52:08,25828,25829,25827.75,25828.25,28,1.25,0.25,0.75,0.25,1,,,,
MNQ DEC25,1s,1,1928,2025-10-27 09:52:09,25828.25,25828.5,25827.75,25828.25,12,0.75,0,0.25,0.5,0,,,,
MNQ DEC25,1s,1,1929,2025-10-27 09:52:10,25828.75,25829.75,25828.25,25829,69,1.5,0.25,0.75,0.5,1,,,,
MNQ DEC25,10s,10,5592,2025-10-27 09:52:10,25830.5,25831.75,25827.75,25829,464,4,1.5,1.25,1.25,-1,76.7,-173.8,-1.9,11.74
MNQ DEC25,1s,1,1930,2025-10-27 09:52:11,25829.5,25830.25,25829,25829.75,27,1.25,0.25,0.5,0.5,1,,,,
MNQ DEC25,1s,1,1931,2025-10-27 09:52:12,25829,25829,25826,25826.75,57,3,2.25,0,0.75,-1,,,,
MNQ DEC25,1s,1,1932,2025-10-27 09:52:13,25827.25,25828,25826.75,25827.75,38,1.25,0.5,0.25,0.5,1,,,,
MNQ DEC25,1s,1,1933,2025-10-27 09:52:14,25827.25,25829,25827.25,25828.75,60,1.75,1.5,0.25,0,1,,,,
MNQ DEC25,1s,1,1934,2025-10-27 09:52:15,25829.25,25830.5,25829,25830.5,30,1.5,1.25,0,0.25,1,,,,
MNQ DEC25,1s,1,1935,2025-10-27 09:52:16,25830.5,25831.5,25830.25,25831,45,1.25,0.5,0.5,0.25,1,,,,
MNQ DEC25,1s,1,1936,2025-10-27 09:52:17,25831,25831.75,25830.75,25831,43,1,0,0.75,0.25,0,,,,
MNQ DEC25,1s,1,1937,2025-10-27 09:52:18,25831.5,25831.5,25830.75,25831,54,0.75,0.5,0,0.25,-1,,,,
MNQ DEC25,1s,1,1938,2025-10-27 09:52:19,25830.5,25830.5,25828,25829.25,43,2.5,1.25,0,1.25,-1,,,,
MNQ DEC25,1s,1,1939,2025-10-27 09:52:20,25829.25,25829.75,25828.75,25829.25,17,1,0,0.5,0.5,0,,,,
MNQ DEC25,10s,10,5593,2025-10-27 09:52:20,25829.5,25831.75,25826,25829.25,414,5.75,0.25,2.25,3.25,-1,30.2,-46.5,-69.38333333,-10.57
MNQ DEC25,20s,20,5796,2025-10-27 09:52:20,25830.5,25831.75,25826,25829.25,878,5.75,1.25,1.25,3.25,-1,165.5,-44.65,-27.6,40.69
MNQ DEC25,1s,1,1940,2025-10-27 09:52:21,25829.5,25829.5,25828,25828.25,20,1.5,1.25,0,0.25,-1,,,,
MNQ DEC25,1s,1,1941,2025-10-27 09:52:22,25828,25828.75,25827.75,25828.75,27,1,0.75,0,0.25,1,,,,
MNQ DEC25,1s,1,1942,2025-10-27 09:52:23,25828.5,25829.25,25828,25828,13,1.25,0.5,0.75,0,-1,,,,
MNQ DEC25,1s,1,1943,2025-10-27 09:52:24,25828.25,25828.5,25827.5,25828.25,22,1,0,0.25,0.75,0,,,,
MNQ DEC25,1s,1,1944,2025-10-27 09:52:25,25828,25829,25827.75,25828.75,27,1.25,0.75,0.25,0.25,1,,,,
MNQ DEC25,1s,1,1945,2025-10-27 09:52:26,25828.75,25829.5,25827.5,25828,19,2,0.75,0.75,0.5,-1,,,,
MNQ DEC25,1s,1,1946,2025-10-27 09:52:27,25828,25829,25828,25828.5,46,1,0.5,0.5,0,1,,,,
MNQ DEC25,1s,1,1947,2025-10-27 09:52:28,25828.25,25828.75,25828,25828,10,0.75,0.25,0.5,0,-1,,,,
MNQ DEC25,1s,1,1948,2025-10-27 09:52:29,25829,25829.5,25828.5,25828.5,24,1,0.5,0.5,0,-1,,,,
MNQ DEC25,1s,1,1949,2025-10-27 09:52:30,25828.5,25829,25827.75,25829,29,1.25,0.5,0,0.75,1,,,,
MNQ DEC25,10s,10,5594,2025-10-27 09:52:30,25829.5,25829.5,25827.5,25829,237,2,0.5,0,1.5,-1,-8.85,-39.05,-86.45,-18.25
MNQ DEC25,1s,1,1950,2025-10-27 09:52:31,25829,25830.25,25829,25830,27,1.25,1,0.25,0,1,,,,
MNQ DEC25,1s,1,1951,2025-10-27 09:52:32,25830.25,25830.25,25829.25,25830,14,1,0.25,0,0.75,-1,,,,
MNQ DEC25,1s,1,1952,2025-10-27 09:52:33,25829.5,25830,25829.25,25829.25,28,0.75,0.25,0.5,0,-1,,,,
MNQ DEC25,1s,1,1953,2025-10-27 09:52:34,25829.25,25829.5,25829.25,25829.5,2,0.25,0.25,0,0,1,,,,
MNQ DEC25,1s,1,1954,2025-10-27 09:52:35,25829.75,25831.75,25829.75,25831.25,32,2,1.5,0.5,0,1,,,,
MNQ DEC25,1s,1,1955,2025-10-27 09:52:36,25831,25832.75,25830.5,25832.25,78,2.25,1.25,0.5,0.5,1,,,,
MNQ DEC25,1s,1,1956,2025-10-27 09:52:37,25832.25,25833,25831.75,25833,92,1.25,0.75,0,0.5,1,,,,
MNQ DEC25,1s,1,1957,2025-10-27 09:52:38,25833,25835.25,25833,25833.5,226,2.25,0.5,1.75,0,1,,,,
MNQ DEC25,1s,1,1958,2025-10-27 09:52:39,25833.5,25835.75,25833.5,25834.75,126,2.25,1.25,1,0,1,,,,
MNQ DEC25,1s,1,1959,2025-10-27 09:52:40,25834.75,25835.25,25833,25833.75,115,2.25,1,0.5,0.75,-1,,,,
MNQ DEC25,10s,10,5595,2025-10-27 09:52:40,25829,25835.75,25829,25833.75,740,6.75,4.75,2,0,1,-116.7,-107.85,-64.46666667,-71.01
MNQ DEC25,20s,20,5797,2025-10-27 09:52:40,25829.5,25835.75,25827.5,25833.75,977,8.25,4.25,2,2,1,219.05,53.55,-26.06666667,38.13
MNQ DEC25,1s,1,1960,2025-10-27 09:52:41,25833,25834.25,25831.75,25833.75,61,2.5,0.75,0.5,1.25,1,,,,
MNQ DEC25,1s,1,1961,2025-10-27 09:52:42,25834.25,25834.25,25833,25834,43,1.25,0.25,0,1,-1,,,,
MNQ DEC25,1s,1,1962,2025-10-27 09:52:43,25834,25835,25833.5,25834.25,32,1.5,0.25,0.75,0.5,1,,,,
MNQ DEC25,1s,1,1963,2025-10-27 09:52:44,25835,25835.75,25833.75,25833.75,70,2,1.25,0.75,0,-1,,,,
MNQ DEC25,1s,1,1964,2025-10-27 09:52:45,25834.25,25834.75,25833.25,25834,44,1.5,0.25,0.5,0.75,-1,,,,
MNQ DEC25,1s,1,1965,2025-10-27 09:52:46,25834,25834.75,25834,25834.5,34,0.75,0.5,0.25,0,1,,,,
MNQ DEC25,1s,1,1966,2025-10-27 09:52:47,25834.25,25834.25,25832.25,25832.75,116,2,1.5,0,0.5,-1,,,,
MNQ DEC25,1s,1,1967,2025-10-27 09:52:48,25832.5,25832.75,25830.5,25831.25,68,2.25,1.25,0.25,0.75,-1,,,,
MNQ DEC25,1s,1,1968,2025-10-27 09:52:49,25831,25831.75,25831,25831.5,14,0.75,0.5,0.25,0,1,,,,
MNQ DEC25,1s,1,1969,2025-10-27 09:52:50,25831,25831.25,25830.5,25830.5,30,0.75,0.5,0.25,0,-1,,,,
MNQ DEC25,10s,10,5596,2025-10-27 09:52:50,25833,25835.75,25830.5,25830.5,512,5.25,2.5,2.75,0,-1,-135.95,-19.25,-55.38333333,-77.29
MNQ DEC25,1s,1,1970,2025-10-27 09:52:51,25830.5,25832,25830.25,25832,35,1.75,1.5,0,0.25,1,,,,
MNQ DEC25,1s,1,1971,2025-10-27 09:52:52,25832.75,25837.25,25832.5,25836.75,137,4.75,4,0.5,0.25,1,,,,
MNQ DEC25,1s,1,1972,2025-10-27 09:52:53,25836.75,25838.25,25836,25837,73,2.25,0.25,1.25,0.75,1,,,,
MNQ DEC25,1s,1,1973,2025-10-27 09:52:54,25837,25838.5,25836.75,25837.5,74,1.75,0.5,1,0.25,1,,,,
MNQ DEC25,1s,1,1974,2025-10-27 09:52:55,25838.25,25839,25837.75,25839,90,1.25,0.75,0,0.5,1,,,,
MNQ DEC25,1s,1,1975,2025-10-27 09:52:56,25838.75,25839.25,25837,25837.5,70,2.25,1.25,0.5,0.5,-1,,,,
MNQ DEC25,1s,1,1976,2025-10-27 09:52:57,25837.25,25837.5,25836.5,25837,41,1,0.25,0.25,0.5,-1,,,,
MNQ DEC25,1s,1,1977,2025-10-27 09:52:58,25837.5,25837.75,25836.25,25836.75,64,1.5,0.75,0.25,0.5,-1,,,,
MNQ DEC25,1s,1,1978,2025-10-27 09:52:59,25836.5,25837.5,25836.25,25836.75,29,1.25,0.25,0.75,0.25,1,,,,
MNQ DEC25,1s,1,1979,2025-10-27 09:53:00,25836.75,25837.5,25836,25837,49,1.5,0.25,0.5,0.75,1,,,,
MNQ DEC25,10s,10,5597,2025-10-27 09:53:00,25830.5,25839.25,25830.25,25837,662,9,6.5,2.25,0.25,1,-116.9,19.05,-36.01666667,-38.72
MNQ DEC25,20s,20,5798,2025-10-27 09:53:00,25833,25839.25,25830.25,25837,1174,9,4,2.25,2.75,1,97.15,-121.9,-37.66666667,-30.23
MNQ DEC25,1s,1,1980,2025-10-27 09:53:01,25837.25,25838,25836.75,25837.5,104,1.25,0.25,0.5,0.5,1,,,,
MNQ DEC25,1s,1,1981,2025-10-27 09:53:02,25838,25838,25835.75,25835.75,18,2.25,2.25,0,0,-1,,,,
MNQ DEC25,1s,1,1982,2025-10-27 09:53:03,25836,25836,25834.5,25835.5,54,1.5,0.5,0,1,-1,,,,
MNQ DEC25,1s,1,1983,2025-10-27 09:53:04,25835.5,25836.75,25835,25836.75,36,1.75,1.25,0,0.5,1,,,,
MNQ DEC25,1s,1,1984,2025-10-27 09:53:05,25836.5,25837,25835.5,25835.5,43,1.5,1,0.5,0,-1,,,,
MNQ DEC25,1s,1,1985,2025-10-27 09:53:06,25836,25837.75,25835.25,25837.25,36,2.5,1.25,0.5,0.75,1,,,,
MNQ DEC25,1s,1,1986,2025-10-27 09:53:07,25837,25837,25836.25,25837,21,0.75,0,0,0.75,0,,,,
MNQ DEC25,1s,1,1987,2025-10-27 09:53:08,25837.25,25837.25,25836.75,25837.25,11,0.5,0,0,0.5,0,,,,
MNQ DEC25,1s,1,1988,2025-10-27 09:53:09,25837.25,25838,25836.75,25837.5,27,1.25,0.25,0.5,0.5,1,,,,
MNQ DEC25,1s,1,1989,2025-10-27 09:53:10,25837.5,25837.75,25836.25,25836.75,27,1.5,0.75,0.25,0.5,-1,,,,
MNQ DEC25,10s,10,5598,2025-10-27 09:53:10,25837.25,25838,25834.5,25836.75,377,3.5,0.5,0.75,2.25,-1,-112.55,4.35,1.38333333,-28.55
MNQ DEC25,1s,1,1990,2025-10-27 09:53:11,25837,25837.5,25836.25,25836.5,31,1.25,0.5,0.5,0.25,-1,,,,
MNQ DEC25,1s,1,1991,2025-10-27 09:53:12,25836.75,25837,25836.25,25836.25,8,0.75,0.5,0.25,0,-1,,,,
MNQ DEC25,1s,1,1992,2025-10-27 09:53:13,25836.5,25839.25,25836.5,25839,51,2.75,2.5,0.25,0,1,,,,
MNQ DEC25,1s,1,1993,2025-10-27 09:53:14,25839,25840.5,25838.75,25840,168,1.75,1,0.5,0.25,1,,,,
MNQ DEC25,1s,1,1994,2025-10-27 09:53:15,25840.25,25840.5,25839.25,25839.5,37,1.25,0.75,0.25,0.25,-1,,,,
MNQ DEC25,1s,1,1995,2025-10-27 09:53:16,25839.5,25839.5,25836.5,25838.25,105,3,1.25,0,1.75,-1,,,,
MNQ DEC25,1s,1,1996,2025-10-27 09:53:17,25838.5,25838.5,25837.75,25838,15,0.75,0.5,0,0.25,-1,,,,
MNQ DEC25,1s,1,1997,2025-10-27 09:53:18,25837.75,25838.75,25837.75,25838.25,42,1,0.5,0.5,0,1,,,,
MNQ DEC25,1s,1,1998,2025-10-27 09:53:19,25837.75,25838.25,25837.5,25837.75,13,0.75,0,0.5,0.25,0,,,,
MNQ DEC25,1s,1,1999,2025-10-27 09:53:20,25838,25838.25,25837.75,25837.75,11,0.5,0.25,0.25,0,-1,,,,
MNQ DEC25,10s,10,5599,2025-10-27 09:53:20,25837,25840.5,25836.25,25837.75,481,4.25,0.75,2.75,0.75,1,-75.15,37.4,20.26666667,-13.26
MNQ DEC25,20s,20,5799,2025-10-27 09:53:20,25837.25,25840.5,25834.5,25837.75,858,6,0.5,2.75,2.75,1,50.15,-47,-38.45,-49.42
MNQ DEC25,1s,1,2000,2025-10-27 09:53:21,25837.75,25838.25,25837.75,25838,18,0.5,0.25,0.25,0,1,,,,
MNQ DEC25,1s,1,2001,2025-10-27 09:53:22,25838.75,25838.75,25838.5,25838.5,12,0.25,0.25,0,0,-1,,,,
MNQ DEC25,1s,1,2002,2025-10-27 09:53:23,25839,25839.5,25837.25,25837.75,62,2.25,1.25,0.5,0.5,-1,,,,
MNQ DEC25,1s,1,2003,2025-10-27 09:53:24,25838,25839,25837.5,25839,32,1.5,1,0,0.5,1,,,,
MNQ DEC25,1s,1,2004,2025-10-27 09:53:25,25839.25,25840,25839,25839.25,30,1,0,0.75,0.25,0,,,,
MNQ DEC25,1s,1,2005,2025-10-27 09:53:26,25839.25,25839.5,25838,25838,24,1.5,1.25,0.25,0,-1,,,,
MNQ DEC25,1s,1,2006,2025-10-27 09:53:27,25838.25,25839.25,25838.25,25839,19,1,0.75,0.25,0,1,,,,
MNQ DEC25,1s,1,2007,2025-10-27 09:53:28,25839,25839.5,25838.25,25838.25,33,1.25,0.75,0.5,0,-1,,,,
MNQ DEC25,1s,1,2008,2025-10-27 09:53:29,25838,25838,25837,25838,22,1,0,0,1,0,,,,
MNQ DEC25,1s,1,2009,2025-10-27 09:53:30,25837.75,25838.5,25837.25,25837.75,45,1.25,0,0.75,0.5,0,,,,
MNQ DEC25,10s,10,5600,2025-10-27 09:53:30,25837.75,25840,25837,25837.75,297,3,0,2.25,0.75,0,-141.35,-66.2,-8.15,-4.93
MNQ DEC25,1s,1,2010,2025-10-27 09:53:31,25837.75,25838.75,25837.75,25838,20,1,0.25,0.75,0,1,,,,
MNQ DEC25,1s,1,2011,2025-10-27 09:53:32,25838.5,25839.25,25838,25838.5,53,1.25,0,0.75,0.5,0,,,,
MNQ DEC25,1s,1,2012,2025-10-27 09:53:33,25838.75,25838.75,25837.75,25838.25,12,1,0.5,0,0.5,-1,,,,
MNQ DEC25,1s,1,2013,2025-10-27 09:53:34,25838.75,25838.75,25838.25,25838.75,7,0.5,0,0,0.5,0,,,,
MNQ DEC25,1s,1,2014,2025-10-27 09:53:35,25839,25839.25,25838.25,25838.25,16,1,0.75,0.25,0,-1,,,,
MNQ DEC25,1s,1,2015,2025-10-27 09:53:36,25838.75,25839,25837.75,25838.25,22,1.25,0.5,0.25,0.5,-1,,,,
MNQ DEC25,1s,1,2016,2025-10-27 09:53:37,25838.75,25839.25,25837.5,25838.25,29,1.75,0.5,0.5,0.75,-1,,,,
MNQ DEC25,1s,1,2017,2025-10-27 09:53:38,25837.75,25838,25836.5,25836.5,36,1.5,1.25,0.25,0,-1,,,,
MNQ DEC25,1s,1,2018,2025-10-27 09:53:39,25837.25,25837.25,25833.75,25834.75,163,3.5,2.5,0,1,-1,,,,
MNQ DEC25,1s,1,2019,2025-10-27 09:53:40,25834.5,25835,25834,25834.5,70,1,0,0.5,0.5,0,,,,
MNQ DEC25,10s,10,5601,2025-10-27 09:53:40,25837.75,25839.25,25833.75,25834.5,428,5.5,3.25,1.5,0.75,-1,-111.2,30.15,0.45,4.95
MNQ DEC25,20s,20,5800,2025-10-27 09:53:40,25837.75,25840,25833.75,25834.5,725,6.25,3.25,2.25,0.75,-1,-136.4,-186.55,-118.48333333,-69.31
MNQ DEC25,1s,1,2020,2025-10-27 09:53:41,25834.5,25837.75,25834.5,25837.25,144,3.25,2.75,0.5,0,1,,,,
MNQ DEC25,1s,1,2021,2025-10-27 09:53:42,25837.5,25837.5,25836,25837,43,1.5,0.5,0,1,-1,,,,
MNQ DEC25,1s,1,2022,2025-10-27 09:53:43,25837.25,25837.75,25836.5,25836.5,25,1.25,0.75,0.5,0,-1,,,,
MNQ DEC25,1s,1,2023,2025-10-27 09:53:44,25836.25,25836.25,25835.5,25836,5,0.75,0.25,0,0.5,-1,,,,
MNQ DEC25,1s,1,2024,2025-10-27 09:53:45,25836,25836.5,25835.5,25836.25,17,1,0.25,0.25,0.5,1,,,,
MNQ DEC25,1s,1,2025,2025-10-27 09:53:46,25836.25,25836.5,25836,25836,7,0.5,0.25,0.25,0,-1,,,,
MNQ DEC25,1s,1,2026,2025-10-27 09:53:47,25836.5,25837.5,25836.5,25837.5,25,1,1,0,0,1,,,,
MNQ DEC25,1s,1,2027,2025-10-27 09:53:48,25837.75,25839.5,25837.75,25839.5,55,1.75,1.75,0,0,1,,,,
MNQ DEC25,1s,1,2028,2025-10-27 09:53:49,25839.25,25839.25,25838.75,25839,16,0.5,0.25,0,0.25,-1,,,,
MNQ DEC25,1s,1,2029,2025-10-27 09:53:50,25839.75,25840.25,25839.25,25840,70,1,0.25,0.25,0.5,1,,,,
MNQ DEC25,10s,10,5602,2025-10-27 09:53:50,25834.5,25840.25,25834.5,25840,407,5.75,5.5,0.25,0,1,-150.85,-39.65,-25.23333333,-6.79
MNQ DEC25,1s,1,2030,2025-10-27 09:53:51,25840,25840.75,25840,25840.75,28,0.75,0.75,0,0,1,,,,
MNQ DEC25,1s,1,2031,2025-10-27 09:53:52,25840.5,25841.75,25840.5,25841,164,1.25,0.5,0.75,0,1,,,,
MNQ DEC25,1s,1,2032,2025-10-27 09:53:53,25841.25,25841.5,25839.75,25840.25,67,1.75,1,0.25,0.5,-1,,,,
MNQ DEC25,1s,1,2033,2025-10-27 09:53:54,25840.5,25840.5,25838.75,25839,21,1.75,1.5,0,0.25,-1,,,,
MNQ DEC25,1s,1,2034,2025-10-27 09:53:55,25839,25840,25836.75,25837,60,3.25,2,1,0.25,-1,,,,
MNQ DEC25,1s,1,2035,2025-10-27 09:53:56,25836.5,25837.5,25835.75,25837.5,18,1.75,1,0,0.75,1,,,,
MNQ DEC25,1s,1,2036,2025-10-27 09:53:57,25837.75,25837.75,25835.75,25836.25,24,2,1.5,0,0.5,-1,,,,
MNQ DEC25,1s,1,2037,2025-10-27 09:53:58,25836,25836.5,25834.75,25834.75,41,1.75,1.25,0.5,0,-1,,,,
MNQ DEC25,1s,1,2038,2025-10-27 09:53:59,25834.5,25835.25,25834.5,25835.25,30,0.75,0.75,0,0,1,,,,
MNQ DEC25,1s,1,2039,2025-10-27 09:54:00,25834.75,25835,25834.25,25834.5,15,0.75,0.25,0.25,0.25,-1,,,,
MNQ DEC25,10s,10,5603,2025-10-27 09:54:00,25840,25841.75,25834.25,25834.5,468,7.5,5.5,1.75,0.25,-1,-130.7,20.15,3.55,-3.63
MNQ DEC25,20s,20,5801,2025-10-27 09:54:00,25834.5,25841.75,25834.25,25834.5,875,7.5,0,7.25,0.25,0,-150.95,-14.55,-82.7,-63.29
MNQ DEC25,1s,1,2040,2025-10-27 09:54:01,25834.25,25835,25834,25835,42,1,0.75,0,0.25,1,,,,
MNQ DEC25,1s,1,2041,2025-10-27 09:54:02,25834.75,25835.75,25832.75,25832.75,81,3,2,1,0,-1,,,,
MNQ DEC25,1s,1,2042,2025-10-27 09:54:03,25833,25834,25832.75,25833.5,57,1.25,0.5,0.5,0.25,1,,,,
MNQ DEC25,1s,1,2043,2025-10-27 09:54:04,25833.25,25834,25832.75,25833,62,1.25,0.25,0.75,0.25,-1,,,,
MNQ DEC25,1s,1,2044,2025-10-27 09:54:05,25832.5,25835,25832.25,25834.5,69,2.75,2,0.5,0.25,1,,,,
MNQ DEC25,1s,1,2045,2025-10-27 09:54:06,25834.25,25835.25,25834,25835,54,1.25,0.75,0.25,0.25,1,,,,
MNQ DEC25,1s,1,2046,2025-10-27 09:54:07,25835.25,25835.25,25833.5,25834.25,35,1.75,1,0,0.75,-1,,,,
MNQ DEC25,1s,1,2047,2025-10-27 09:54:08,25834.25,25835.75,25834.25,25835.25,55,1.5,1,0.5,0,1,,,,
MNQ DEC25,1s,1,2048,2025-10-27 09:54:09,25835.25,25835.25,25833.25,25833.5,17,2,1.75,0,0.25,-1,,,,
MNQ DEC25,1s,1,2049,2025-10-27 09:54:10,25832.75,25833.5,25832.5,25832.75,12,1,0,0.75,0.25,0,,,,
MNQ DEC25,10s,10,5604,2025-10-27 09:54:10,25834.25,25835.75,25832.25,25832.75,484,3.5,1.5,1.5,0.5,-1,-131.25,-0.55,-6.68333333,-11.22
MNQ DEC25,1s,1,2050,2025-10-27 09:54:11,25833,25833.25,25832.25,25832.5,26,1,0.5,0.25,0.25,-1,,,,
MNQ DEC25,1s,1,2051,2025-10-27 09:54:12,25832.75,25833.25,25831.5,25833.25,70,1.75,0.5,0,1.25,1,,,,
MNQ DEC25,1s,1,2052,2025-10-27 09:54:13,25833,25833,25831.75,25831.75,14,1.25,1.25,0,0,-1,,,,
MNQ DEC25,1s,1,2053,2025-10-27 09:54:14,25831.75,25833.5,25831.75,25832.75,30,1.75,1,0.75,0,1,,,,
MNQ DEC25,1s,1,2054,2025-10-27 09:54:15,25833.5,25835.25,25833,25835.25,63,2.25,1.75,0,0.5,1,,,,
MNQ DEC25,1s,1,2055,2025-10-27 09:54:16,25834.75,25835.25,25833.25,25833.25,30,2,1.5,0.5,0,-1,,,,
MNQ DEC25,1s,1,2056,2025-10-27 09:54:17,25833.25,25834.5,25833.25,25834.25,9,1.25,1,0.25,0,1,,,,
MNQ DEC25,1s,1,2057,2025-10-27 09:54:18,25834.5,25836,25834.5,25835.5,28,1.5,1,0.5,0,1,,,,
MNQ DEC25,1s,1,2058,2025-10-27 09:54:19,25835.5,25836.25,25835.5,25836.25,15,0.75,0.75,0,0,1,,,,
MNQ DEC25,1s,1,2059,2025-10-27 09:54:20,25836.5,25837,25835.75,25837,41,1.25,0.5,0,0.75,1,,,,
MNQ DEC25,10s,10,5605,2025-10-27 09:54:20,25833,25837,25831.5,25837,326,5.5,4,0,1.5,1,-126.05,5.2,8.26666667,3.06
MNQ DEC25,20s,20,5802,2025-10-27 09:54:20,25834.25,25837,25831.5,25837,810,5.5,2.75,0,2.75,1,-202.75,-51.8,-84.3,-84.36
MNQ DEC25,1s,1,2060,2025-10-27 09:54:21,25836.25,25837,25836.25,25837,14,0.75,0.75,0,0,1,,,,
MNQ DEC25,1s,1,2061,2025-10-27 09:54:22,25837,25837,25835.75,25836,16,1.25,1,0,0.25,-1,,,,
MNQ DEC25,1s,1,2062,2025-10-27 09:54:23,25835.5,25836,25834.5,25836,29,1.5,0.5,0,1,1,,,,
MNQ DEC25,1s,1,2063,2025-10-27 09:54:24,25835.5,25836.75,25835.5,25836.5,23,1.25,1,0.25,0,1,,,,
MNQ DEC25,1s,1,2064,2025-10-27 09:54:25,25836.5,25836.75,25836,25836.25,12,0.75,0.25,0.25,0.25,-1,,,,
MNQ DEC25,1s,1,2065,2025-10-27 09:54:26,25836.5,25837,25836,25837,10,1,0.5,0,0.5,1,,,,
MNQ DEC25,1s,1,2066,2025-10-27 09:54:27,25837,25838.75,25836.75,25838.25,47,2,1.25,0.5,0.25,1,,,,
MNQ DEC25,1s,1,2067,2025-10-27 09:54:28,25838.25,25838.75,25838,25838.25,22,0.75,0,0.5,0.25,0,,,,
MNQ DEC25,1s,1,2068,2025-10-27 09:54:29,25839,25839.5,25838,25839.25,13,1.5,0.25,0.25,1,1,,,,
MNQ DEC25,1s,1,2069,2025-10-27 09:54:30,25839.25,25839.25,25838.25,25838.5,21,1,0.75,0,0.25,-1,,,,
MNQ DEC25,10s,10,5606,2025-10-27 09:54:30,25836.25,25839.5,25834.5,25838.5,207,5,2.25,1,1.75,1,-154.35,-28.3,-7.88333333,-8.63
MNQ DEC25,1s,1,2070,2025-10-27 09:54:31,25839.25,25840,25839.25,25840,42,0.75,0.75,0,0,1,,,,
MNQ DEC25,1s,1,2071,2025-10-27 09:54:32,25840,25840,25838,25838.5,54,2,1.5,0,0.5,-1,,,,
MNQ DEC25,1s,1,2072,2025-10-27 09:54:33,25838.5,25838.5,25838,25838.5,9,0.5,0,0,0.5,0,,,,
MNQ DEC25,1s,1,2073,2025-10-27 09:54:34,25839,25839.25,25838.5,25838.75,19,0.75,0.25,0.25,0.25,-1,,,,
MNQ DEC25,1s,1,2074,2025-10-27 09:54:35,25839,25841.75,25839,25841.5,70,2.75,2.5,0.25,0,1,,,,
MNQ DEC25,1s,1,2075,2025-10-27 09:54:36,25841.75,25842,25840.25,25841,44,1.75,0.75,0.25,0.75,-1,,,,
MNQ DEC25,1s,1,2076,2025-10-27 09:54:37,25840.75,25841.25,25839.25,25840.75,26,2,0,0.5,1.5,0,,,,
MNQ DEC25,1s,1,2077,2025-10-27 09:54:38,25840.75,25840.75,25839.75,25840.25,13,1,0.5,0,0.5,-1,,,,
MNQ DEC25,1s,1,2078,2025-10-27 09:54:39,25840.25,25840.75,25840,25840.5,24,0.75,0.25,0.25,0.25,1,,,,
MNQ DEC25,1s,1,2079,2025-10-27 09:54:40,25840.75,25841,25840.25,25840.5,25,0.75,0.25,0.25,0.25,-1,,,,
MNQ DEC25,10s,10,5607,2025-10-27 09:54:40,25839.25,25842,25838,25840.5,326,4,1.25,1.5,1.25,1,-121.05,33.3,3.4,5.96
MNQ DEC25,20s,20,5803,2025-10-27 09:54:40,25836.25,25842,25834.5,25840.5,533,7.5,4.25,1.5,1.75,1,-329.65,-126.9,-64.41666667,-85.36
MNQ DEC25,1s,1,2080,2025-10-27 09:54:41,25840.75,25841.75,25840.5,25841.5,28,1.25,0.75,0.25,0.25,1,,,,
MNQ DEC25,1s,1,2081,2025-10-27 09:54:42,25842,25842.25,25841.5,25842.25,55,0.75,0.25,0,0.5,1,,,,
MNQ DEC25,1s,1,2082,2025-10-27 09:54:43,25842.25,25843,25842,25842.5,83,1,0.25,0.5,0.25,1,,,,
MNQ DEC25,1s,1,2083,2025-10-27 09:54:44,25842.75,25843,25841.25,25841.25,56,1.75,1.5,0.25,0,-1,,,,
MNQ DEC25,1s,1,2084,2025-10-27 09:54:45,25841.75,25842.25,25840.25,25840.25,70,2,1.5,0.5,0,-1,,,,
MNQ DEC25,1s,1,2085,2025-10-27 09:54:46,25840.5,25841.25,25840.25,25840.75,37,1,0.25,0.5,0.25,1,,,,
MNQ DEC25,1s,1,2086,2025-10-27 09:54:47,25840.75,25841.25,25840,25840.75,34,1.25,0,0.5,0.75,0,,,,
MNQ DEC25,1s,1,2087,2025-10-27 09:54:48,25841.75,25842.75,25841.75,25841.75,21,1,0,1,0,0,,,,
MNQ DEC25,1s,1,2088,2025-10-27 09:54:49,25841.75,25842,25840.5,25840.5,21,1.5,1.25,0.25,0,-1,,,,
MNQ DEC25,1s,1,2089,2025-10-27 09:54:50,25840.5,25841.25,25840,25840.25,22,1.25,0.25,0.75,0.25,-1,,,,
MNQ DEC25,10s,10,5608,2025-10-27 09:54:50,25840.75,25843,25840,25840.25,427,3,0.5,2.25,0.25,-1,-117.9,3.15,2.71666667,2.56
MNQ DEC25,1s,1,2090,2025-10-27 09:54:51,25840.25,25841.25,25840.25,25841,36,1,0.75,0.25,0,1,,,,
MNQ DEC25,1s,1,2091,2025-10-27 09:54:52,25840.75,25842.5,25840.75,25842.5,26,1.75,1.75,0,0,1,,,,
MNQ DEC25,1s,1,2092,2025-10-27 09:54:53,25842.5,25843.25,25842,25842.5,38,1.25,0,0.75,0.5,0,,,,
MNQ DEC25,1s,1,2093,2025-10-27 09:54:54,25842.75,25843,25842,25842.25,44,1,0.5,0.25,0.25,-1,,,,
MNQ DEC25,1s,1,2094,2025-10-27 09:54:55,25842.25,25843.25,25842.25,25842.5,54,1,0.25,0.75,0,1,,,,
MNQ DEC25,1s,1,2095,2025-10-27 09:54:56,25842.25,25843.75,25842.25,25842.25,61,1.5,0,1.5,0,0,,,,
MNQ DEC25,1s,1,2096,2025-10-27 09:54:57,25843,25843,25842.25,25842.25,26,0.75,0.75,0,0,-1,,,,
MNQ DEC25,1s,1,2097,2025-10-27 09:54:58,25842.5,25842.75,25841.5,25842.25,30,1.25,0.25,0.25,0.75,-1,,,,
MNQ DEC25,1s,1,2098,2025-10-27 09:54:59,25842,25842.5,25840.5,25841,39,2,1,0.5,0.5,-1,,,,
MNQ DEC25,1s,1,2099,2025-10-27 09:55:00,25840.75,25841.25,25840.75,25840.75,13,0.5,0,0.5,0,0,,,,
MNQ DEC25,10s,10,5609,2025-10-27 09:55:00,25840.25,25843.75,25840.25,25840.75,367,3.5,0.5,3,0,1,-136.9,-19,5.81666667,-1.13
MNQ DEC25,20s,20,5804,2025-10-27 09:55:00,25840.75,25843.75,25840,25840.75,794,3.75,0,3,0.75,0,-290.5,39.15,-46.51666667,-68.13
MNQ DEC25,1s,1,2100,2025-10-27 09:55:01,25841.25,25842.5,25840.75,25842.25,67,1.75,1,0.25,0.5,1,,,,
MNQ DEC25,1s,1,2101,2025-10-27 09:55:02,25842,25842,25840.75,25841.25,69,1.25,0.75,0,0.5,-1,,,,
MNQ DEC25,1s,1,2102,2025-10-27 09:55:03,25841.25,25842,25840.25,25842,45,1.75,0.75,0,1,1,,,,
MNQ DEC25,1s,1,2103,2025-10-27 09:55:04,25841.5,25842,25841.25,25841.25,28,0.75,0.25,0.5,0,-1,,,,
MNQ DEC25,1s,1,2104,2025-10-27 09:55:05,25841.25,25841.25,25839.5,25840.25,35,1.75,1,0,0.75,-1,,,,
MNQ DEC25,1s,1,2105,2025-10-27 09:55:06,25840.25,25840.25,25837.5,25838.5,110,2.75,1.75,0,1,-1,,,,
MNQ DEC25,1s,1,2106,2025-10-27 09:55:07,25838.5,25839.25,25837.75,25838.5,59,1.5,0,0.75,0.75,0,,,,
MNQ DEC25,1s,1,2107,2025-10-27 09:55:08,25838.5,25839,25838.5,25838.5,23,0.5,0,0.5,0,0,,,,
MNQ DEC25,1s,1,2108,2025-10-27 09:55:09,25838.75,25839.75,25838.5,25839.5,14,1.25,0.75,0.25,0.25,1,,,,
MNQ DEC25,1s,1,2109,2025-10-27 09:55:10,25839.5,25840.5,25839,25840.25,24,1.5,0.75,0.25,0.5,1,,,,
MNQ DEC25,10s,10,5610,2025-10-27 09:55:10,25841.25,25842.5,25837.5,25840.25,474,5,1,1.25,2.75,-1,-73.15,63.75,15.96666667,10.58
MNQ DEC25,1s,1,2110,2025-10-27 09:55:11,25840.5,25842,25840.5,25841.5,54,1.5,1,0.5,0,1,,,,
MNQ DEC25,1s,1,2111,2025-10-27 09:55:12,25841.5,25842,25841,25841.25,36,1,0.25,0.5,0.25,-1,,,,
MNQ DEC25,1s,1,2112,2025-10-27 09:55:13,25841.25,25842.25,25841.25,25842.25,37,1,1,0,0,1,,,,
MNQ DEC25,1s,1,2113,2025-10-27 09:55:14,25842.5,25843,25842.25,25842.75,41,0.75,0.25,0.25,0.25,1,,,,
MNQ DEC25,1s,1,2114,2025-10-27 09:55:15,25843,25843.25,25842.5,25843.25,37,0.75,0.25,0,0.5,1,,,,
MNQ DEC25,1s,1,2115,2025-10-27 09:55:16,25843.25,25844,25843,25843.75,88,1,0.5,0.25,0.25,1,,,,
MNQ DEC25,1s,1,2116,2025-10-27 09:55:17,25843.25,25844.75,25843,25843.75,105,1.75,0.5,1,0.25,1,,,,
MNQ DEC25,1s,1,2117,2025-10-27 09:55:18,25843.75,25844.5,25842.75,25844,47,1.75,0.25,0.5,1,1,,,,
MNQ DEC25,1s,1,2118,2025-10-27 09:55:19,25844,25845,25844,25844.25,122,1,0.25,0.75,0,1,,,,
MNQ DEC25,1s,1,2119,2025-10-27 09:55:20,25844.5,25847,25844.5,25846.5,174,2.5,2,0.5,0,1,,,,
MNQ DEC25,10s,10,5611,2025-10-27 09:55:20,25840.5,25847,25840.5,25846.5,741,6.5,6,0.5,0,1,25.05,98.2,47.65,35.88
MNQ DEC25,20s,20,5805,2025-10-27 09:55:20,25841.25,25847,25837.5,25846.5,1215,9.5,5.25,0.5,3.75,1,-176.25,114.25,8.83333333,-7.97
MNQ DEC25,1s,1,2120,2025-10-27 09:55:21,25846.75,25848.75,25846.5,25848.5,248,2.25,1.75,0.25,0.25,1,,,,
MNQ DEC25,1s,1,2121,2025-10-27 09:55:22,25848.25,25848.5,25846,25846.25,124,2.5,2,0.25,0.25,-1,,,,
MNQ DEC25,1s,1,2122,2025-10-27 09:55:23,25846.75,25848,25846.5,25847.5,129,1.5,0.75,0.5,0.25,1,,,,
MNQ DEC25,1s,1,2123,2025-10-27 09:55:24,25847.75,25848,25845.5,25847.75,125,2.5,0,0.25,2.25,0,,,,
MNQ DEC25,1s,1,2124,2025-10-27 09:55:25,25847.75,25848.5,25847.5,25848.25,48,1,0.5,0.25,0.25,1,,,,
MNQ DEC25,1s,1,2125,2025-10-27 09:55:26,25848,25848.5,25847,25847,93,1.5,1,0.5,0,-1,,,,
MNQ DEC25,1s,1,2126,2025-10-27 09:55:27,25847,25847.25,25845.5,25846.25,66,1.75,0.75,0.25,0.75,-1,,,,
MNQ DEC25,1s,1,2127,2025-10-27 09:55:28,25846.5,25846.5,25845.5,25845.5,56,1,1,0,0,-1,,,,
MNQ DEC25,1s,1,2128,2025-10-27 09:55:29,25845.75,25846,25844.5,25845.25,72,1.5,0.5,0.25,0.75,-1,,,,
MNQ DEC25,1s,1,2129,2025-10-27 09:55:30,25845.5,25845.5,25843,25844.25,104,2.5,1.25,0,1.25,-1,,,,
MNQ DEC25,10s,10,5612,2025-10-27 09:55:30,25846.75,25848.75,25843,25844.25,1065,5.75,2.5,2,1.25,-1,142.8,117.75,93.23333333,52.77
MNQ DEC25,1s,1,2130,2025-10-27 09:55:31,25844.5,25845.75,25844.25,25844.75,143,1.5,0.25,1,0.25,1,,,,
MNQ DEC25,1s,1,2131,2025-10-27 09:55:32,25845.5,25846.75,25845,25846.5,40,1.75,1,0.25,0.5,1,,,,
MNQ DEC25,1s,1,2132,2025-10-27 09:55:33,25846.75,25846.75,25845.25,25845.25,46,1.5,1.5,0,0,-1,,,,
MNQ DEC25,1s,1,2133,2025-10-27 09:55:34,25845,25846,25844,25844.25,34,2,0.75,1,0.25,-1,,,,
MNQ DEC25,1s,1,2134,2025-10-27 09:55:35,25844.25,25844.75,25843.5,25843.75,48,1.25,0.5,0.5,0.25,-1,,,,
MNQ DEC25,1s,1,2135,2025-10-27 09:55:36,25843.75,25844.75,25843,25844.5,63,1.75,0.75,0.25,0.75,1,,,,
MNQ DEC25,1s,1,2136,2025-10-27 09:55:37,25844.75,25845.25,25844.25,25844.25,36,1,0.5,0.5,0,-1,,,,
MNQ DEC25,1s,1,2137,2025-10-27 09:55:38,25844.5,25844.75,25843.75,25844.25,26,1,0.25,0.25,0.5,-1,,,,
MNQ DEC25,1s,1,2138,2025-10-27 09:55:39,25844.5,25845,25844.25,25844.75,43,0.75,0.25,0.25,0.25,1,,,,
MNQ DEC25,1s,1,2139,2025-10-27 09:55:40,25844.75,25844.75,25844,25844.25,17,0.75,0.5,0,0.25,-1,,,,
MNQ DEC25,10s,10,5613,2025-10-27 09:55:40,25844.5,25846.75,25843,25844.25,496,3.75,0.25,2.25,1.25,-1,152.5,9.7,75.21666667,54.08
MNQ DEC25,20s,20,5806,2025-10-27 09:55:40,25846.75,25848.75,25843,25844.25,1561,5.75,2.5,2,1.25,-1,-75.1,101.15,84.85,15.17
MNQ DEC25,1s,1,2140,2025-10-27 09:55:41,25844,25844.5,25843.75,25844,32,0.75,0,0.5,0.25,0,,,,
MNQ DEC25,1s,1,2141,2025-10-27 09:55:42,25844,25845.5,25844,25845,21,1.5,1,0.5,0,1,,,,
MNQ DEC25,1s,1,2142,2025-10-27 09:55:43,25845.5,25848,25845.5,25847.5,48,2.5,2,0.5,0,1,,,,
MNQ DEC25,1s,1,2143,2025-10-27 09:55:44,25847.5,25848.5,25847.25,25848,36,1.25,0.5,0.5,0.25,1,,,,
MNQ DEC25,1s,1,2144,2025-10-27 09:55:45,25848,25849,25848,25848.75,76,1,0.75,0.25,0,1,,,,
MNQ DEC25,1s,1,2145,2025-10-27 09:55:46,25848.75,25849.25,25848.5,25849.25,47,0.75,0.5,0,0.25,1,,,,
MNQ DEC25,1s,1,2146,2025-10-27 09:55:47,25849.25,25850,25849,25850,185,1,0.75,0,0.25,1,,,,
MNQ DEC25,1s,1,2147,2025-10-27 09:55:48,25850,25851,25849,25850,435,2,0,1,1,0,,,,
MNQ DEC25,1s,1,2148,2025-10-27 09:55:49,25849.5,25850.25,25849.25,25849.25,61,1,0.25,0.75,0,-1,,,,
MNQ DEC25,1s,1,2149,2025-10-27 09:55:50,25849.75,25850,25849.25,25849.25,48,0.75,0.5,0.25,0,-1,,,,
MNQ DEC25,10s,10,5614,2025-10-27 09:55:50,25844,25851,25843.75,25849.25,989,7.25,5.25,1.75,0.25,1,239.3,86.8,71.41666667,75.24
MNQ DEC25,1s,1,2150,2025-10-27 09:55:51,25849.25,25849.75,25848.5,25849.25,55,1.25,0,0.5,0.75,0,,,,
MNQ DEC25,1s,1,2151,2025-10-27 09:55:52,25849.5,25850.25,25848.75,25849.5,76,1.5,0,0.75,0.75,0,,,,
MNQ DEC25,1s,1,2152,2025-10-27 09:55:53,25849,25849.75,25849,25849.75,85,0.75,0.75,0,0,1,,,,
MNQ DEC25,1s,1,2153,2025-10-27 09:55:54,25849.25,25849.75,25848.75,25849.25,51,1,0,0.5,0.5,0,,,,
MNQ DEC25,1s,1,2154,2025-10-27 09:55:55,25849.25,25849.25,25848.75,25849,24,0.5,0.25,0,0.25,-1,,,,
MNQ DEC25,1s,1,2155,2025-10-27 09:55:56,25849,25850.25,25848.25,25850.25,85,2,1.25,0,0.75,1,,,,
MNQ DEC25,1s,1,2156,2025-10-27 09:55:57,25850.25,25852.25,25850.25,25851.5,237,2,1.25,0.75,0,1,,,,
MNQ DEC25,1s,1,2157,2025-10-27 09:55:58,25850.75,25850.75,25849,25850,80,1.75,0.75,0,1,-1,,,,
MNQ DEC25,1s,1,2158,2025-10-27 09:55:59,25850,25850.5,25849.75,25850.5,38,0.75,0.5,0,0.25,1,,,,
MNQ DEC25,1s,1,2159,2025-10-27 09:56:00,25850.5,25851,25849.25,25849.5,92,1.75,1,0.5,0.25,-1,,,,
MNQ DEC25,10s,10,5615,2025-10-27 09:56:00,25849.25,25852.25,25848.25,25849.5,823,4,0.25,2.75,1,1,304.95,65.65,54.05,75.62
MNQ DEC25,20s,20,5807,2025-10-27 09:56:00,25844,25852.25,25843.75,25849.5,1812,8.5,5.5,2.75,0.25,1,63.65,138.75,118.05,53.28
MNQ DEC25,1s,1,2160,2025-10-27 09:56:01,25849.75,25850,25848.5,25849.25,89,1.5,0.5,0.25,0.75,-1,,,,
MNQ DEC25,1s,1,2161,2025-10-27 09:56:02,25849.5,25849.5,25848.25,25848.75,55,1.25,0.75,0,0.5,-1,,,,
MNQ DEC25,1s,1,2162,2025-10-27 09:56:03,25848.75,25849.5,25848.75,25849,38,0.75,0.25,0.5,0,1,,,,
MNQ DEC25,1s,1,2163,2025-10-27 09:56:04,25848.75,25849,25847.25,25847.75,64,1.75,1,0.25,0.5,-1,,,,
MNQ DEC25,1s,1,2164,2025-10-27 09:56:05,25848,25848,25845.25,25846.75,140,2.75,1.25,0,1.5,-1,,,,
MNQ DEC25,1s,1,2165,2025-10-27 09:56:06,25846.75,25847.75,25846.5,25847.5,96,1.25,0.75,0.25,0.25,1,,,,
MNQ DEC25,1s,1,2166,2025-10-27 09:56:07,25847.25,25847.75,25847,25847.5,43,0.75,0.25,0.25,0.25,1,,,,
MNQ DEC25,1s,1,2167,2025-10-27 09:56:08,25848,25848,25847.25,25848,30,0.75,0,0,0.75,0,,,,
MNQ DEC25,1s,1,2168,2025-10-27 09:56:09,25848,25850,25848,25850,33,2,2,0,0,1,,,,
MNQ DEC25,1s,1,2169,2025-10-27 09:56:10,25850,25851.25,25849.75,25851,61,1.5,1,0.25,0.25,1,,,,
MNQ DEC25,10s,10,5616,2025-10-27 09:56:10,25849.75,25851.25,25845.25,25851,649,6,1.25,0.25,4.5,1,279.7,-25.25,42.4,50.93
MNQ DEC25,1s,1,2170,2025-10-27 09:56:11,25851,25851.5,25850.5,25850.5,37,1,0.5,0.5,0,-1,,,,
MNQ DEC25,1s,1,2171,2025-10-27 09:56:12,25850.75,25851.25,25850,25850.5,42,1.25,0.25,0.5,0.5,-1,,,,
MNQ DEC25,1s,1,2172,2025-10-27 09:56:13,25850.75,25851.25,25849.5,25850.5,43,1.75,0.25,0.5,1,-1,,,,
MNQ DEC25,1s,1,2173,2025-10-27 09:56:14,25850.5,25850.75,25849.75,25850.5,28,1,0,0.25,0.75,0,,,,
MNQ DEC25,1s,1,2174,2025-10-27 09:56:15,25850.75,25851,25850,25850.5,25,1,0.25,0.25,0.5,-1,,,,
MNQ DEC25,1s,1,2175,2025-10-27 09:56:16,25850.25,25850.25,25848.5,25849,34,1.75,1.25,0,0.5,-1,,,,
MNQ DEC25,1s,1,2176,2025-10-27 09:56:17,25848.75,25849,25848,25848.5,41,1,0.25,0.25,0.5,-1,,,,
MNQ DEC25,1s,1,2177,2025-10-27 09:56:18,25848.75,25849,25848.25,25848.5,20,0.75,0.25,0.25,0.25,-1,,,,
MNQ DEC25,1s,1,2178,2025-10-27 09:56:19,25848.25,25849.25,25846.75,25847.25,56,2.5,1,1,0.5,-1,,,,
MNQ DEC25,1s,1,2179,2025-10-27 09:56:20,25847.25,25847.5,25846.5,25847.25,28,1,0,0.25,0.75,0,,,,
MNQ DEC25,10s,10,5617,2025-10-27 09:56:20,25851,25851.5,25846.5,25847.25,354,5,3.75,0.5,0.75,-1,152.9,-126.8,-28.8,2.02
MNQ DEC25,20s,20,5808,2025-10-27 09:56:20,25849.75,25851.5,25845.25,25847.25,1003,6.25,2.5,1.75,2,-1,137.8,74.15,104.68333333,93.49
MNQ DEC25,1s,1,2180,2025-10-27 09:56:21,25847.25,25848,25846.5,25847.5,35,1.5,0.25,0.5,0.75,1,,,,
MNQ DEC25,1s,1,2181,2025-10-27 09:56:22,25847,25848,25847,25848,23,1,1,0,0,1,,,,
MNQ DEC25,1s,1,2182,2025-10-27 09:56:23,25847.75,25847.75,25844,25844.5,90,3.75,3.25,0,0.5,-1,,,,
MNQ DEC25,1s,1,2183,2025-10-27 09:56:24,25845,25845.75,25844.25,25844.75,33,1.5,0.25,0.75,0.5,-1,,,,
MNQ DEC25,1s,1,2184,2025-10-27 09:56:25,25844.5,25845,25843.25,25843.25,65,1.75,1.25,0.5,0,-1,,,,
MNQ DEC25,1s,1,2185,2025-10-27 09:56:26,25843.25,25843.25,25840.5,25840.75,164,2.75,2.5,0,0.25,-1,,,,
MNQ DEC25,1s,1,2186,2025-10-27 09:56:27,25840.5,25841,25838.75,25840.75,140,2.25,0.25,0.25,1.75,1,,,,
MNQ DEC25,1s,1,2187,2025-10-27 09:56:28,25840.25,25840.25,25838.5,25838.75,96,1.75,1.5,0,0.25,-1,,,,
MNQ DEC25,1s,1,2188,2025-10-27 09:56:29,25839.5,25841.25,25838.75,25841,79,2.5,1.5,0.25,0.75,1,,,,
MNQ DEC25,1s,1,2189,2025-10-27 09:56:30,25840.75,25843,25840.75,25843,59,2.25,2.25,0,0,1,,,,
MNQ DEC25,10s,10,5618,2025-10-27 09:56:30,25847.25,25848,25838.5,25843,784,9.5,4.25,0.75,4.5,-1,190.15,37.25,-38.26666667,7.53
MNQ DEC25,1s,1,2190,2025-10-27 09:56:31,25843,25843.5,25841.5,25842,56,2,1,0.5,0.5,-1,,,,
MNQ DEC25,1s,1,2191,2025-10-27 09:56:32,25841.75,25842.25,25841,25841.25,39,1.25,0.5,0.5,0.25,-1,,,,
MNQ DEC25,1s,1,2192,2025-10-27 09:56:33,25841.75,25843.5,25841.25,25843.5,27,2.25,1.75,0,0.5,1,,,,
MNQ DEC25,1s,1,2193,2025-10-27 09:56:34,25843.5,25844.5,25843.25,25844.25,29,1.25,0.75,0.25,0.25,1,,,,
MNQ DEC25,1s,1,2194,2025-10-27 09:56:35,25844,25844.75,25843.25,25844.5,40,1.5,0.5,0.25,0.75,1,,,,
MNQ DEC25,1s,1,2195,2025-10-27 09:56:36,25845,25845.25,25840,25840,86,5.25,5,0.25,0,-1,,,,
MNQ DEC25,1s,1,2196,2025-10-27 09:56:37,25840.75,25841.25,25839.5,25840.25,41,1.75,0.5,0.5,0.75,-1,,,,
MNQ DEC25,1s,1,2197,2025-10-27 09:56:38,25840.5,25840.75,25837.5,25837.75,106,3.25,2.75,0.25,0.25,-1,,,,
MNQ DEC25,1s,1,2198,2025-10-27 09:56:39,25837.25,25837.75,25835.25,25836,144,2.5,1.25,0.5,0.75,-1,,,,
MNQ DEC25,1s,1,2199,2025-10-27 09:56:40,25835.5,25838.5,25835.5,25838.5,94,3,3,0,0,1,,,,
MNQ DEC25,10s,10,5619,2025-10-27 09:56:40,25843,25845.25,25835.25,25838.5,662,10,4.5,2.25,3.25,-1,115.7,-74.45,-54.66666667,-24.72
MNQ DEC25,20s,20,5809,2025-10-27 09:56:40,25847.25,25848,25835.25,25838.5,1446,12.75,8.75,0.75,3.25,-1,239.15,101.35,104.75,105.93
MNQ DEC25,1s,1,2200,2025-10-27 09:56:41,25838,25840,25838,25839.5,41,2,1.5,0.5,0,1,,,,
MNQ DEC25,1s,1,2201,2025-10-27 09:56:42,25839.25,25841.5,25839.25,25840.5,54,2.25,1.25,1,0,1,,,,
MNQ DEC25,1s,1,2202,2025-10-27 09:56:43,25841.5,25841.75,25835.25,25837,137,6.5,4.5,0.25,1.75,-1,,,,
MNQ DEC25,1s,1,2203,2025-10-27 09:56:44,25836.75,25837.25,25836,25836.25,145,1.25,0.5,0.5,0.25,-1,,,,
MNQ DEC25,1s,1,2204,2025-10-27 09:56:45,25836.75,25837,25835.75,25837,47,1.25,0.25,0,1,1,,,,
MNQ DEC25,1s,1,2205,2025-10-27 09:56:46,25836.5,25836.75,25834.25,25835.25,73,2.5,1.25,0.25,1,-1,,,,
MNQ DEC25,1s,1,2206,2025-10-27 09:56:47,25835.25,25835.75,25834.5,25834.5,89,1.25,0.75,0.5,0,-1,,,,
MNQ DEC25,1s,1,2207,2025-10-27 09:56:48,25834.5,25835.25,25834.25,25834.5,92,1,0,0.75,0.25,0,,,,
MNQ DEC25,1s,1,2208,2025-10-27 09:56:49,25834.75,25837.75,25834.75,25836.25,76,3,1.5,1.5,0,1,,,,
MNQ DEC25,1s,1,2209,2025-10-27 09:56:50,25836.5,25837.25,25835.75,25835.75,46,1.5,0.75,0.75,0,-1,,,,
MNQ DEC25,10s,10,5620,2025-10-27 09:56:50,25838,25841.75,25834.25,25835.75,800,7.5,2.25,3.75,1.5,-1,85.95,-29.75,-22.31666667,-43.8
MNQ DEC25,1s,1,2210,2025-10-27 09:56:51,25836,25837.25,25835.25,25836.25,23,2,0.25,1,0.75,1,,,,
MNQ DEC25,1s,1,2211,2025-10-27 09:56:52,25836.25,25837,25835.75,25836,29,1.25,0.25,0.75,0.25,-1,,,,
MNQ DEC25,1s,1,2212,2025-10-27 09:56:53,25835.75,25837.75,25835.75,25837.75,34,2,2,0,0,1,,,,
MNQ DEC25,1s,1,2213,2025-10-27 09:56:54,25837.75,25839.5,25837.75,25839,46,1.75,1.25,0.5,0,1,,,,
MNQ DEC25,1s,1,2214,2025-10-27 09:56:55,25839,25839.25,25838.25,25838.5,29,1,0.5,0.25,0.25,-1,,,,
MNQ DEC25,1s,1,2215,2025-10-27 09:56:56,25838.75,25840,25838.75,25839.5,42,1.25,0.75,0.5,0,1,,,,
MNQ DEC25,1s,1,2216,2025-10-27 09:56:57,25839.5,25840.25,25839.5,25840,21,0.75,0.5,0.25,0,1,,,,
MNQ DEC25,1s,1,2217,2025-10-27 09:56:58,25839.75,25840.5,25839.75,25840.5,23,0.75,0.75,0,0,1,,,,
MNQ DEC25,1s,1,2218,2025-10-27 09:56:59,25840.5,25842,25840.25,25842,34,1.75,1.5,0,0.25,1,,,,
MNQ DEC25,1s,1,2219,2025-10-27 09:57:00,25842.25,25843,25841.5,25842.5,51,1.5,0.25,0.5,0.75,1,,,,
MNQ DEC25,10s,10,5621,2025-10-27 09:57:00,25836,25843,25835.25,25842.5,332,7.75,6.5,0.5,0.75,1,27.35,-58.6,-54.26666667,-50.47
MNQ DEC25,20s,20,5810,2025-10-27 09:57:00,25838,25843,25834.25,25842.5,1132,8.75,4.5,0.5,3.75,1,271.55,32.4,69.3,89.56
MNQ DEC25,1s,1,2220,2025-10-27 09:57:01,25843,25843.25,25842.5,25843,34,0.75,0,0.25,0.5,0,,,,
MNQ DEC25,1s,1,2221,2025-10-27 09:57:02,25842.5,25843.25,25841.75,25841.75,36,1.5,0.75,0.75,0,-1,,,,
MNQ DEC25,1s,1,2222,2025-10-27 09:57:03,25842,25842,25840.25,25840.5,22,1.75,1.5,0,0.25,-1,,,,
MNQ DEC25,1s,1,2223,2025-10-27 09:57:04,25840.5,25841.5,25839.25,25839.75,49,2.25,0.75,1,0.5,-1,,,,
MNQ DEC25,1s,1,2224,2025-10-27 09:57:05,25839,25840,25838.75,25839,50,1.25,0,1,0.25,0,,,,
MNQ DEC25,1s,1,2225,2025-10-27 09:57:06,25839.25,25840.25,25839.25,25839.5,46,1,0.25,0.75,0,1,,,,
MNQ DEC25,1s,1,2226,2025-10-27 09:57:07,25839.25,25839.5,25837.25,25838,46,2.25,1.25,0.25,0.75,-1,,,,
MNQ DEC25,1s,1,2227,2025-10-27 09:57:08,25839,25840.25,25838.5,25839.75,35,1.75,0.75,0.5,0.5,1,,,,
MNQ DEC25,1s,1,2228,2025-10-27 09:57:09,25840.25,25840.25,25838.5,25838.5,12,1.75,1.75,0,0,-1,,,,
MNQ DEC25,1s,1,2229,2025-10-27 09:57:10,25839.25,25840.25,25839,25840.25,14,1.25,1,0,0.25,1,,,,
MNQ DEC25,10s,10,5622,2025-10-27 09:57:10,25843,25843.25,25837.25,25840.25,344,6,2.75,0.25,3,-1,28.5,1.15,-29.06666667,-24.88
MNQ DEC25,1s,1,2230,2025-10-27 09:57:11,25840,25840.5,25839.5,25840.25,23,1,0.25,0.25,0.5,1,,,,
MNQ DEC25,1s,1,2231,2025-10-27 09:57:12,25840,25840,25838.25,25838.5,25,1.75,1.5,0,0.25,-1,,,,
MNQ DEC25,1s,1,2232,2025-10-27 09:57:13,25838.25,25839.25,25838.25,25839.25,18,1,1,0,0,1,,,,
MNQ DEC25,1s,1,2233,2025-10-27 09:57:14,25839.25,25839.25,25838.75,25838.75,4,0.5,0.5,0,0,-1,,,,
MNQ DEC25,1s,1,2234,2025-10-27 09:57:15,25839,25841.25,25838.75,25840.75,44,2.5,1.75,0.5,0.25,1,,,,
MNQ DEC25,1s,1,2235,2025-10-27 09:57:16,25840.75,25841.5,25840.75,25841.25,20,0.75,0.5,0.25,0,1,,,,
MNQ DEC25,1s,1,2236,2025-10-27 09:57:17,25841.75,25843,25841.75,25842.5,75,1.25,0.75,0.5,0,1,,,,
MNQ DEC25,1s,1,2237,2025-10-27 09:57:18,25843.25,25843.75,25842.75,25843.75,43,1,0.5,0,0.5,1,,,,
MNQ DEC25,1s,1,2238,2025-10-27 09:57:19,25843.5,25845.5,25843.25,25845.25,80,2.25,1.75,0.25,0.25,1,,,,
MNQ DEC25,1s,1,2239,2025-10-27 09:57:20,25844.75,25845.5,25844.25,25845.25,66,1.25,0.5,0.25,0.5,1,,,,
MNQ DEC25,10s,10,5623,2025-10-27 09:57:20,25840,25845.5,25838.25,25845.25,398,7.25,5.25,0.25,1.75,1,-45.2,-73.7,-43.71666667,-47.07
MNQ DEC25,20s,20,5811,2025-10-27 09:57:20,25843,25845.5,25837.25,25845.25,742,8.25,2.25,0.25,5.75,1,127.7,-143.85,-3.36666667,40.56
MNQ DEC25,1s,1,2240,2025-10-27 09:57:21,25845.25,25845.75,25844.75,25845.5,63,1,0.25,0.25,0.5,1,,,,
MNQ DEC25,1s,1,2241,2025-10-27 09:57:22,25845.25,25845.5,25843.75,25844.75,52,1.75,0.5,0.25,1,-1,,,,
MNQ DEC25,1s,1,2242,2025-10-27 09:57:23,25844.5,25844.75,25843.5,25844,29,1.25,0.5,0.25,0.5,-1,,,,
MNQ DEC25,1s,1,2243,2025-10-27 09:57:24,25844,25844.5,25842.25,25842.5,47,2.25,1.5,0.5,0.25,-1,,,,
MNQ DEC25,1s,1,2244,2025-10-27 09:57:25,25842.5,25844.5,25842.5,25844.5,20,2,2,0,0,1,,,,
MNQ DEC25,1s,1,2245,2025-10-27 09:57:26,25843.75,25844.25,25843.25,25844.25,26,1,0.5,0,0.5,1,,,,
MNQ DEC25,1s,1,2246,2025-10-27 09:57:27,25844.75,25845.25,25844.5,25844.5,32,0.75,0.25,0.5,0,-1,,,,
MNQ DEC25,1s,1,2247,2025-10-27 09:57:28,25844.75,25845.25,25844.25,25844.25,19,1,0.5,0.5,0,-1,,,,
MNQ DEC25,1s,1,2248,2025-10-27 09:57:29,25844.75,25845.25,25843.75,25843.75,50,1.5,1,0.5,0,-1,,,,
MNQ DEC25,1s,1,2249,2025-10-27 09:57:30,25844,25844.5,25843,25843.75,42,1.5,0.25,0.5,0.75,-1,,,,
MNQ DEC25,10s,10,5624,2025-10-27 09:57:30,25845.25,25845.75,25842.25,25843.75,380,3.5,1.5,0.5,1.5,-1,-96.4,-51.2,-41.25,-42.42
MNQ DEC25,1s,1,2250,2025-10-27 09:57:31,25844,25844.5,25844,25844.5,17,0.5,0.5,0,0,1,,,,
MNQ DEC25,1s,1,2251,2025-10-27 09:57:32,25844.75,25846.75,25844.5,25846.75,66,2.25,2,0,0.25,1,,,,
MNQ DEC25,1s,1,2252,2025-10-27 09:57:33,25846.75,25847.5,25846.75,25847,63,0.75,0.25,0.5,0,1,,,,
MNQ DEC25,1s,1,2253,2025-10-27 09:57:34,25847,25847,25845.75,25846.75,30,1.25,0.25,0,1,-1,,,,
MNQ DEC25,1s,1,2254,2025-10-27 09:57:35,25847,25847.75,25847,25847.75,32,0.75,0.75,0,0,1,,,,
MNQ DEC25,1s,1,2255,2025-10-27 09:57:36,25847.25,25848,25847,25847.75,45,1,0.5,0.25,0.25,1,,,,
MNQ DEC25,1s,1,2256,2025-10-27 09:57:37,25847.25,25848.25,25847,25848.25,37,1.25,1,0,0.25,1,,,,
MNQ DEC25,1s,1,2257,2025-10-27 09:57:38,25847.75,25848.5,25847.5,25847.75,19,1,0,0.75,0.25,0,,,,
MNQ DEC25,1s,1,2258,2025-10-27 09:57:39,25847.5,25848,25846.75,25846.75,72,1.25,0.75,0.5,0,-1,,,,
MNQ DEC25,1s,1,2259,2025-10-27 09:57:40,25846.25,25847,25846,25846,35,1,0.25,0.75,0,-1,,,,
MNQ DEC25,10s,10,5625,2025-10-27 09:57:40,25844,25848.5,25844,25846,416,4.5,2,2.5,0,1,-177.7,-81.3,-68.73333333,-52.73
MNQ DEC25,20s,20,5812,2025-10-27 09:57:40,25845.25,25848.5,25842.25,25846,796,6.25,0.75,2.5,3,1,-76.55,-204.25,-105.23333333,-28.04
MNQ DEC25,1s,1,2260,2025-10-27 09:57:41,25845.75,25845.75,25845,25845.5,21,0.75,0.25,0,0.5,-1,,,,
MNQ DEC25,1s,1,2261,2025-10-27 09:57:42,25845.75,25846,25845,25845,14,1,0.75,0.25,0,-1,,,,
MNQ DEC25,1s,1,2262,2025-10-27 09:57:43,25845,25845.75,25843.75,25845.5,47,2,0.5,0.25,1.25,1,,,,
MNQ DEC25,1s,1,2263,2025-10-27 09:57:44,25845.5,25845.75,25845.25,25845.75,26,0.5,0.25,0,0.25,1,,,,
MNQ DEC25,1s,1,2264,2025-10-27 09:57:45,25846,25846.25,25845.25,25845.5,25,1,0.5,0.25,0.25,-1,,,,
MNQ DEC25,1s,1,2265,2025-10-27 09:57:46,25845.75,25846,25845.5,25845.75,14,0.5,0,0.25,0.25,0,,,,
MNQ DEC25,1s,1,2266,2025-10-27 09:57:47,25845.75,25846.75,25845.75,25846.75,30,1,1,0,0,1,,,,
MNQ DEC25,1s,1,2267,2025-10-27 09:57:48,25846.25,25846.5,25845.5,25845.5,17,1,0.75,0.25,0,-1,,,,
MNQ DEC25,1s,1,2268,2025-10-27 09:57:49,25845.25,25845.25,25843.25,25844,41,2,1.25,0,0.75,-1,,,,
MNQ DEC25,1s,1,2269,2025-10-27 09:57:50,25844.25,25844.25,25843.75,25844.25,20,0.5,0,0,0.5,0,,,,
MNQ DEC25,10s,10,5626,2025-10-27 09:57:50,25845.75,25846.75,25843.25,25844.25,255,3.5,1.5,1,1,-1,-195.5,-17.8,-50.1,-44.57
MNQ DEC25,1s,1,2270,2025-10-27 09:57:51,25844.5,25845,25844.5,25845,6,0.5,0.5,0,0,1,,,,
MNQ DEC25,1s,1,2271,2025-10-27 09:57:52,25845.25,25845.75,25844.75,25845.75,15,1,0.5,0,0.5,1,,,,
MNQ DEC25,1s,1,2272,2025-10-27 09:57:53,25846,25846,25845,25845.5,29,1,0.5,0,0.5,-1,,,,
MNQ DEC25,1s,1,2273,2025-10-27 09:57:54,25845.75,25845.75,25845.5,25845.75,12,0.25,0,0,0.25,0,,,,
MNQ DEC25,1s,1,2274,2025-10-27 09:57:55,25845,25845.75,25844.75,25845,13,1,0,0.75,0.25,0,,,,
MNQ DEC25,1s,1,2275,2025-10-27 09:57:56,25844.5,25844.5,25843.5,25843.75,16,1,0.75,0,0.25,-1,,,,
MNQ DEC25,1s,1,2276,2025-10-27 09:57:57,25843.25,25843.5,25842.5,25843.5,22,1,0.25,0,0.75,1,,,,
MNQ DEC25,1s,1,2277,2025-10-27 09:57:58,25844.25,25844.25,25842,25842.75,35,2.25,1.5,0,0.75,-1,,,,
MNQ DEC25,1s,1,2278,2025-10-27 09:57:59,25842.5,25842.75,25842.25,25842.25,23,0.5,0.25,0.25,0,-1,,,,
MNQ DEC25,1s,1,2279,2025-10-27 09:58:00,25842.75,25843.5,25842.25,25843.5,36,1.25,0.75,0,0.5,1,,,,
MNQ DEC25,10s,10,5627,2025-10-27 09:58:00,25844.5,25846,25842,25843.5,207,4,1,1.5,1.5,-1,-216.95,-21.45,-40.18333333,-49.09
MNQ DEC25,20s,20,5813,2025-10-27 09:58:00,25845.75,25846.75,25842,25843.5,462,4.75,2.25,1,1.5,-1,-115.8,-39.25,-129.11666667,-50.72
MNQ DEC25,1s,1,2280,2025-10-27 09:58:01,25842.75,25843.25,25842.25,25843.25,34,1,0.5,0,0.5,1,,,,
MNQ DEC25,1s,1,2281,2025-10-27 09:58:02,25843.5,25844,25843,25844,40,1,0.5,0,0.5,1,,,,
MNQ DEC25,1s,1,2282,2025-10-27 09:58:03,25844,25844.25,25842.25,25844.25,61,2,0.25,0,1.75,1,,,,
MNQ DEC25,1s,1,2283,2025-10-27 09:58:04,25845,25845,25843.75,25843.75,17,1.25,1.25,0,0,-1,,,,
MNQ DEC25,1s,1,2284,2025-10-27 09:58:05,25843.75,25843.75,25843.25,25843.75,6,0.5,0,0,0.5,0,,,,
MNQ DEC25,1s,1,2285,2025-10-27 09:58:06,25843.5,25845.75,25843.5,25845.75,27,2.25,2.25,0,0,1,,,,
MNQ DEC25,1s,1,2286,2025-10-27 09:58:07,25846,25847,25845.75,25846.5,26,1.25,0.5,0.5,0.25,1,,,,
MNQ DEC25,1s,1,2287,2025-10-27 09:58:08,25846.75,25848.25,25846.75,25848.25,66,1.5,1.5,0,0,1,,,,
MNQ DEC25,1s,1,2288,2025-10-27 09:58:09,25847.5,25848,25847,25847.5,25,1,0,0.5,0.5,0,,,,
MNQ DEC25,1s,1,2289,2025-10-27 09:58:10,25847.5,25847.5,25846,25847,28,1.5,0.5,0,1,-1,,,,
MNQ DEC25,10s,10,5628,2025-10-27 09:58:10,25842.75,25848.25,25842.25,25847,330,6,4.25,1.25,0.5,1,-225.7,-8.75,-16,-36.1
MNQ DEC25,1s,1,2290,2025-10-27 09:58:11,25846.5,25846.75,25846.25,25846.25,11,0.5,0.25,0.25,0,-1,,,,
MNQ DEC25,1s,1,2291,2025-10-27 09:58:12,25846.25,25846.5,25846,25846.5,18,0.5,0.25,0,0.25,1,,,,
MNQ DEC25,1s,1,2292,2025-10-27 09:58:13,25846,25846.25,25845.5,25845.5,17,0.75,0.5,0.25,0,-1,,,,
MNQ DEC25,1s,1,2293,2025-10-27 09:58:14,25846.25,25847.5,25845.5,25847.5,32,2,1.25,0,0.75,1,,,,
MNQ DEC25,1s,1,2294,2025-10-27 09:58:15,25847.5,25847.75,25846.75,25847.25,18,1,0.25,0.25,0.5,-1,,,,
MNQ DEC25,1s,1,2295,2025-10-27 09:58:16,25847,25847.25,25846,25846.75,36,1.25,0.25,0.25,0.75,-1,,,,
MNQ DEC25,1s,1,2296,2025-10-27 09:58:17,25846.25,25848.25,25846.25,25848,26,2,1.75,0.25,0,1,,,,
MNQ DEC25,1s,1,2297,2025-10-27 09:58:18,25848.25,25848.5,25848,25848.5,13,0.5,0.25,0,0.25,1,,,,
MNQ DEC25,1s,1,2298,2025-10-27 09:58:19,25848.25,25849.5,25848.25,25849.5,37,1.25,1.25,0,0,1,,,,
MNQ DEC25,1s,1,2299,2025-10-27 09:58:20,25849.5,25850,25849.25,25849.5,96,0.75,0,0.5,0.25,0,,,,
MNQ DEC25,10s,10,5629,2025-10-27 09:58:20,25846.5,25850,25845.5,25849.5,304,4.5,3,0.5,1,1,-237.75,-12.05,-14.08333333,-28.27
MNQ DEC25,20s,20,5814,2025-10-27 09:58:20,25842.75,25850,25842.25,25849.5,634,7.75,6.75,0.5,0.5,1,-254.45,-138.65,-127.38333333,-98.72
MNQ DEC25,1s,1,2300,2025-10-27 09:58:21,25850,25850.5,25849,25849.75,37,1.5,0.25,0.5,0.75,-1,,,,
MNQ DEC25,1s,1,2301,2025-10-27 09:58:22,25849.75,25850,25849,25849.75,30,1,0,0.25,0.75,0,,,,
MNQ DEC25,1s,1,2302,2025-10-27 09:58:23,25849.5,25851,25849.5,25851,58,1.5,1.5,0,0,1,,,,
MNQ DEC25,1s,1,2303,2025-10-27 09:58:24,25850.5,25851.5,25850.25,25851,111,1.25,0.5,0.5,0.25,1,,,,
MNQ DEC25,1s,1,2304,2025-10-27 09:58:25,25851,25854.5,25850,25852,417,4.5,1,2.5,1,1,,,,
MNQ DEC25,1s,1,2305,2025-10-27 09:58:26,25851.75,25852.25,25851,25851.75,198,1.25,0,0.5,0.75,0,,,,
MNQ DEC25,1s,1,2306,2025-10-27 09:58:27,25851.75,25851.75,25850.25,25850.5,87,1.5,1.25,0,0.25,-1,,,,
MNQ DEC25,1s,1,2307,2025-10-27 09:58:28,25850.25,25850.75,25849.25,25850.25,54,1.5,0,0.5,1,0,,,,
MNQ DEC25,1s,1,2308,2025-10-27 09:58:29,25849.5,25850.5,25849.5,25849.75,26,1,0.25,0.75,0,1,,,,
MNQ DEC25,1s,1,2309,2025-10-27 09:58:30,25849.25,25850.25,25848.5,25850.25,61,1.75,1,0,0.75,1,,,,
MNQ DEC25,10s,10,5630,2025-10-27 09:58:30,25850,25854.5,25848.5,25850.25,1079,6,0.25,4.25,1.5,1,-135.4,102.35,27.18333333,8.46
MNQ DEC25,1s,1,2310,2025-10-27 09:58:31,25850.75,25850.75,25849,25849.25,14,1.75,1.5,0,0.25,-1,,,,
MNQ DEC25,1s,1,2311,2025-10-27 09:58:32,25849.25,25850.25,25848.75,25848.75,55,1.5,0.5,1,0,-1,,,,
MNQ DEC25,1s,1,2312,2025-10-27 09:58:33,25849.25,25849.5,25848.25,25848.25,38,1.25,1,0.25,0,-1,,,,
MNQ DEC25,1s,1,2313,2025-10-27 09:58:34,25848.25,25848.75,25847.5,25848.25,21,1.25,0,0.5,0.75,0,,,,
MNQ DEC25,1s,1,2314,2025-10-27 09:58:35,25848.5,25849,25848.25,25849,21,0.75,0.5,0,0.25,1,,,,
MNQ DEC25,1s,1,2315,2025-10-27 09:58:36,25848.5,25849,25847.25,25849,31,1.75,0.5,0,1.25,1,,,,
MNQ DEC25,1s,1,2316,2025-10-27 09:58:37,25848.5,25849.5,25848.25,25849.5,19,1.25,1,0,0.25,1,,,,
MNQ DEC25,1s,1,2317,2025-10-27 09:58:38,25849.25,25849.5,25848.25,25849,24,1.25,0.25,0.25,0.75,-1,,,,
MNQ DEC25,1s,1,2318,2025-10-27 09:58:39,25849.25,25849.5,25848.5,25849.25,21,1,0,0.25,0.75,0,,,,
MNQ DEC25,1s,1,2319,2025-10-27 09:58:40,25849.25,25850.5,25849.25,25850.5,16,1.25,1.25,0,0,1,,,,
MNQ DEC25,10s,10,5631,2025-10-27 09:58:40,25850.75,25850.75,25847.25,25850.5,260,3.5,0.25,0,3.25,-1,-110.35,25.05,38.45,17.03
MNQ DEC25,20s,20,5815,2025-10-27 09:58:40,25850,25854.5,25847.25,25850.5,1339,7.25,0.5,4,2.75,1,-193.7,60.75,-39.05,-93.05
MNQ DEC25,1s,1,2320,2025-10-27 09:58:41,25850.75,25851.25,25850.25,25851,30,1,0.25,0.25,0.5,1,,,,
MNQ DEC25,1s,1,2321,2025-10-27 09:58:42,25851,25851.5,25850.25,25851,32,1.25,0,0.5,0.75,0,,,,
MNQ DEC25,1s,1,2322,2025-10-27 09:58:43,25851,25851.25,25850.25,25850.75,19,1,0.25,0.25,0.5,-1,,,,
MNQ DEC25,1s,1,2323,2025-10-27 09:58:44,25850.25,25851,25849.75,25850,26,1.25,0.25,0.75,0.25,-1,,,,
MNQ DEC25,1s,1,2324,2025-10-27 09:58:45,25850.5,25851.25,25849.75,25850.5,24,1.5,0,0.75,0.75,0,,,,
MNQ DEC25,1s,1,2325,2025-10-27 09:58:46,25851,25853.5,25851,25853.25,84,2.5,2.25,0.25,0,1,,,,
MNQ DEC25,1s,1,2326,2025-10-27 09:58:47,25852.75,25854.25,25852.75,25854,65,1.5,1.25,0.25,0,1,,,,
MNQ DEC25,1s,1,2327,2025-10-27 09:58:48,25854,25854,25852.75,25853.5,69,1.25,0.5,0,0.75,-1,,,,
MNQ DEC25,1s,1,2328,2025-10-27 09:58:49,25853.5,25853.5,25852.5,25853.5,37,1,0,0,1,0,,,,
MNQ DEC25,1s,1,2329,2025-10-27 09:58:50,25853,25853.25,25852.25,25852.5,51,1,0.5,0.25,0.25,-1,,,,
MNQ DEC25,10s,10,5632,2025-10-27 09:58:50,25850.75,25854.25,25849.75,25852.5,437,4.5,1.75,1.75,1,1,-32.95,77.4,68.26666667,36.8
MNQ DEC25,1s,1,2330,2025-10-27 09:58:51,25852.75,25854,25852.5,25853.75,24,1.5,1,0.25,0.25,1,,,,
MNQ DEC25,1s,1,2331,2025-10-27 09:58:52,25853.75,25854.25,25853.25,25854.25,37,1,0.5,0,0.5,1,,,,
MNQ DEC25,1s,1,2332,2025-10-27 09:58:53,25854.25,25855,25853,25855,191,2,0.75,0,1.25,1,,,,
MNQ DEC25,1s,1,2333,2025-10-27 09:58:54,25854,25854.5,25853.25,25853.75,78,1.25,0.25,0.5,0.5,-1,,,,
MNQ DEC25,1s,1,2334,2025-10-27 09:58:55,25853.5,25854.75,25853.25,25854,52,1.5,0.5,0.75,0.25,1,,,,
MNQ DEC25,1s,1,2335,2025-10-27 09:58:56,25854,25854.5,25851.5,25852,135,3,2,0.5,0.5,-1,,,,
MNQ DEC25,1s,1,2336,2025-10-27 09:58:57,25852,25853,25852,25852.5,48,1,0.5,0.5,0,1,,,,
MNQ DEC25,1s,1,2337,2025-10-27 09:58:58,25852.5,25852.75,25852.25,25852.75,24,0.5,0.25,0,0.25,1,,,,
MNQ DEC25,1s,1,2338,2025-10-27 09:58:59,25852.75,25853,25852.25,25852.25,14,0.75,0.5,0.25,0,-1,,,,
MNQ DEC25,1s,1,2339,2025-10-27 09:59:00,25852.25,25852.75,25851.5,25852,24,1.25,0.25,0.5,0.5,-1,,,,
MNQ DEC25,10s,10,5633,2025-10-27 09:59:00,25852.75,25855,25851.5,25852,627,3.5,0.75,2.25,0.5,-1,19.9,52.85,51.76666667,49.12
MNQ DEC25,20s,20,5816,2025-10-27 09:59:00,25850.75,25855,25849.75,25852,1064,5.25,1.25,3,1,1,-138.6,55.1,-7.6,-53.26
MNQ DEC25,1s,1,2340,2025-10-27 09:59:01,25852,25852.5,25850.5,25851.25,79,2,0.75,0.5,0.75,-1,,,,
MNQ DEC25,1s,1,2341,2025-10-27 09:59:02,25851,25851.25,25850.25,25851,44,1,0,0.25,0.75,0,,,,
MNQ DEC25,1s,1,2342,2025-10-27 09:59:03,25851.25,25851.75,25850,25851.5,59,1.75,0.25,0.25,1.25,1,,,,
MNQ DEC25,1s,1,2343,2025-10-27 09:59:04,25851.25,25852,25850.75,25851.5,51,1.25,0.25,0.5,0.5,1,,,,
MNQ DEC25,1s,1,2344,2025-10-27 09:59:05,25852,25852.25,25851.5,25851.5,35,0.75,0.5,0.25,0,-1,,,,
MNQ DEC25,1s,1,2345,2025-10-27 09:59:06,25851.75,25853.5,25851.75,25853.5,46,1.75,1.75,0,0,1,,,,
MNQ DEC25,1s,1,2346,2025-10-27 09:59:07,25853.75,25854.25,25852.75,25853.75,38,1.5,0,0.5,1,0,,,,
MNQ DEC25,1s,1,2347,2025-10-27 09:59:08,25854,25854,25852.75,25853,30,1.25,1,0,0.25,-1,,,,
MNQ DEC25,1s,1,2348,2025-10-27 09:59:09,25853,25853.25,25851.75,25852.25,37,1.5,0.75,0.25,0.5,-1,,,,
MNQ DEC25,1s,1,2349,2025-10-27 09:59:10,25852.5,25852.5,25851.5,25852.25,25,1,0.25,0,0.75,-1,,,,
MNQ DEC25,10s,10,5634,2025-10-27 09:59:10,25852,25854.25,25850,25852.25,444,4.25,0.25,2,2,1,75.15,55.25,61.83333333,62.58
MNQ DEC25,1s,1,2350,2025-10-27 09:59:11,25851.75,25852.25,25851.5,25852,17,0.75,0.25,0.25,0.25,1,,,,
MNQ DEC25,1s,1,2351,2025-10-27 09:59:12,25851.5,25852,25851,25852,29,1,0.5,0,0.5,1,,,,
MNQ DEC25,1s,1,2352,2025-10-27 09:59:13,25852,25852.25,25850.75,25851.25,45,1.5,0.75,0.25,0.5,-1,,,,
MNQ DEC25,1s,1,2353,2025-10-27 09:59:14,25851.75,25852.5,25851.5,25851.5,12,1,0.25,0.75,0,-1,,,,
MNQ DEC25,1s,1,2354,2025-10-27 09:59:15,25851.75,25851.75,25850.75,25850.75,24,1,1,0,0,-1,,,,
MNQ DEC25,1s,1,2355,2025-10-27 09:59:16,25850.5,25850.5,25847.25,25848,93,3.25,2.5,0,0.75,-1,,,,
MNQ DEC25,1s,1,2356,2025-10-27 09:59:17,25848.25,25849,25847.75,25848.25,57,1.25,0,0.75,0.5,0,,,,
MNQ DEC25,1s,1,2357,2025-10-27 09:59:18,25848.5,25849.75,25848.25,25849.5,19,1.5,1,0.25,0.25,1,,,,
MNQ DEC25,1s,1,2358,2025-10-27 09:59:19,25850,25850,25847.75,25849,50,2.25,1,0,1.25,-1,,,,
MNQ DEC25,1s,1,2359,2025-10-27 09:59:20,25849,25850.25,25849,25849.25,39,1.25,0.25,1,0,1,,,,
MNQ DEC25,10s,10,5635,2025-10-27 09:59:20,25851.75,25852.5,25847.25,25849.25,385,5.25,2.5,0.75,2,-1,-41.75,-116.9,-2.93333333,18.73
MNQ DEC25,20s,20,5817,2025-10-27 09:59:20,25852,25854.25,25847.25,25849.25,829,7,2.75,2.25,2,-1,-124.6,14,43.28333333,-9.61
MNQ DEC25,1s,1,2360,2025-10-27 09:59:21,25849.75,25850.75,25849.5,25850.25,27,1.25,0.5,0.5,0.25,1,,,,
MNQ DEC25,1s,1,2361,2025-10-27 09:59:22,25850.75,25851.25,25850.5,25850.75,14,0.75,0,0.5,0.25,0,,,,
MNQ DEC25,1s,1,2362,2025-10-27 09:59:23,25851.25,25851.5,25851,25851.5,16,0.5,0.25,0,0.25,1,,,,
MNQ DEC25,1s,1,2363,2025-10-27 09:59:24,25851.25,25851.25,25850.75,25851,12,0.5,0.25,0,0.25,-1,,,,
MNQ DEC25,1s,1,2364,2025-10-27 09:59:25,25851,25851.25,25850.25,25850.5,20,1,0.5,0.25,0.25,-1,,,,
MNQ DEC25,1s,1,2365,2025-10-27 09:59:26,25851,25851,25850.25,25850.25,15,0.75,0.75,0,0,-1,,,,
MNQ DEC25,1s,1,2366,2025-10-27 09:59:27,25850.75,25850.75,25850,25850.5,15,0.75,0.25,0,0.5,-1,,,,
MNQ DEC25,1s,1,2367,2025-10-27 09:59:28,25850.5,25850.75,25849.25,25850.5,31,1.5,0,0.25,1.25,0,,,,
MNQ DEC25,1s,1,2368,2025-10-27 09:59:29,25850,25850.5,25849.25,25849.75,48,1.25,0.25,0.5,0.5,-1,,,,
MNQ DEC25,1s,1,2369,2025-10-27 09:59:30,25849.5,25849.75,25848.75,25849.75,26,1,0.25,0,0.75,1,,,,
MNQ DEC25,10s,10,5636,2025-10-27 09:59:30,25849.75,25851.5,25848.75,25849.75,224,2.75,0,1.75,1,0,-27.7,14.05,-15.86666667,16.53
MNQ DEC25,1s,1,2370,2025-10-27 09:59:31,25849.75,25849.75,25848.75,25848.75,31,1,1,0,0,-1,,,,
MNQ DEC25,1s,1,2371,2025-10-27 09:59:32,25848.75,25850,25848,25849.5,36,2,0.75,0.5,0.75,1,,,,
MNQ DEC25,1s,1,2372,2025-10-27 09:59:33,25849.25,25850.25,25848.75,25849.25,24,1.5,0,1,0.5,0,,,,
MNQ DEC25,1s,1,2373,2025-10-27 09:59:34,25848.75,25849,25848.25,25848.25,27,0.75,0.5,0.25,0,-1,,,,
MNQ DEC25,1s,1,2374,2025-10-27 09:59:35,25848.25,25849.25,25848.25,25848.75,39,1,0.5,0.5,0,1,,,,
MNQ DEC25,1s,1,2375,2025-10-27 09:59:36,25848.75,25850.5,25848.75,25850.5,16,1.75,1.75,0,0,1,,,,
MNQ DEC25,1s,1,2376,2025-10-27 09:59:37,25850.25,25851.25,25850.25,25851.25,36,1,1,0,0,1,,,,
MNQ DEC25,1s,1,2377,2025-10-27 09:59:38,25851.25,25851.75,25850.75,25851,24,1,0.25,0.5,0.25,-1,,,,
MNQ DEC25,1s,1,2378,2025-10-27 09:59:39,25850.75,25851.25,25850.75,25851,12,0.5,0.25,0.25,0,1,,,,
MNQ DEC25,1s,1,2379,2025-10-27 09:59:40,25851,25851,25850.5,25850.5,17,0.5,0.5,0,0,-1,,,,
MNQ DEC25,10s,10,5637,2025-10-27 09:59:40,25849.75,25851.75,25848,25850.5,262,3.75,0.75,1.25,1.75,1,-58.1,-30.4,-44.41666667,-5.03
MNQ DEC25,20s,20,5818,2025-10-27 09:59:40,25849.75,25851.75,25848,25850.5,486,3.75,0.75,1.25,1.75,1,-85.4,39.2,36.1,6.08
MNQ DEC25,1s,1,2380,2025-10-27 09:59:41,25851.25,25851.5,25851.25,25851.25,8,0.25,0,0.25,0,0,,,,
MNQ DEC25,1s,1,2381,2025-10-27 09:59:42,25851,25851.5,25850.5,25850.5,21,1,0.5,0.5,0,-1,,,,
MNQ DEC25,1s,1,2382,2025-10-27 09:59:43,25850.5,25850.75,25849.5,25850.25,21,1.25,0.25,0.25,0.75,-1,,,,
MNQ DEC25,1s,1,2383,2025-10-27 09:59:44,25850.25,25850.75,25850,25850.75,10,0.75,0.5,0,0.25,1,,,,
MNQ DEC25,1s,1,2384,2025-10-27 09:59:45,25850,25850.5,25849.5,25849.5,23,1,0.5,0.5,0,-1,,,,
MNQ DEC25,1s,1,2385,2025-10-27 09:59:46,25849.75,25850,25849.25,25849.25,32,0.75,0.5,0.25,0,-1,,,,
MNQ DEC25,1s,1,2386,2025-10-27 09:59:47,25849,25849.5,25849,25849.25,9,0.5,0.25,0.25,0,1,,,,
MNQ DEC25,1s,1,2387,2025-10-27 09:59:48,25849.25,25851,25848.75,25850,15,2.25,0.75,1,0.5,1,,,,
MNQ DEC25,1s,1,2388,2025-10-27 09:59:49,25850.25,25850.5,25849.75,25849.75,23,0.75,0.5,0.25,0,-1,,,,
MNQ DEC25,1s,1,2389,2025-10-27 09:59:50,25849.25,25849.5,25848.75,25849,22,0.75,0.25,0.25,0.25,-1,,,,
MNQ DEC25,10s,10,5638,2025-10-27 09:59:50,25851.25,25851.5,25848.75,25849,184,2.75,2.25,0.25,0.25,-1,-116.7,-58.6,-24.98333333,-27.32
MNQ DEC25,1s,1,2390,2025-10-27 09:59:51,25849.5,25849.75,25848.75,25849.25,27,1,0.25,0.25,0.5,-1,,,,
MNQ DEC25,1s,1,2391,2025-10-27 09:59:52,25849.5,25849.75,25849.25,25849.5,10,0.5,0,0.25,0.25,0,,,,
MNQ DEC25,1s,1,2392,2025-10-27 09:59:53,25849.75,25850,25849.25,25849.75,19,0.75,0,0.25,0.5,0,,,,
MNQ DEC25,1s,1,2393,2025-10-27 09:59:54,25848.5,25848.5,25847.25,25847.75,75,1.25,0.75,0,0.5,-1,,,,
MNQ DEC25,1s,1,2394,2025-10-27 09:59:55,25848,25848.5,25845.75,25847.75,177,2.75,0.25,0.5,2,-1,,,,
MNQ DEC25,1s,1,2395,2025-10-27 09:59:56,25848,25848.5,25847.5,25847.5,45,1,0.5,0.5,0,-1,,,,
MNQ DEC25,1s,1,2396,2025-10-27 09:59:57,25847.75,25849.25,25847.75,25849.25,16,1.5,1.5,0,0,1,,,,
MNQ DEC25,1s,1,2397,2025-10-27 09:59:58,25849,25849,25848.25,25848.5,15,0.75,0.5,0,0.25,-1,,,,
MNQ DEC25,1s,1,2398,2025-10-27 09:59:59,25849,25849.25,25848.5,25849.25,29,0.75,0.25,0,0.5,1,,,,
MNQ DEC25,1s,1,2399,2025-10-27 10:00:00,25849.25,25849.25,25848.25,25848.25,20,1,1,0,0,-1,,,,
MNQ DEC25,10s,10,5639,2025-10-27 10:00:00,25849.5,25850,25845.75,25848.25,433,4.25,1.25,0.5,2.5,-1,-107.45,9.25,-26.58333333,-36.52
MNQ DEC25,20s,20,5819,2025-10-27 10:00:00,25851.25,25851.5,25845.75,25848.25,617,5.75,3,0.25,2.5,-1,-76.75,8.65,20.61666667,35.54
MNQ DEC25,1s,1,2400,2025-10-27 10:00:01,25848.75,25851.75,25848.75,25850.75,267,3,2,1,0,1,,,,
MNQ DEC25,1s,1,2401,2025-10-27 10:00:02,25850.75,25851.75,25848.75,25851.5,136,3,0.75,0.25,2,1,,,,
MNQ DEC25,1s,1,2402,2025-10-27 10:00:03,25851.5,25851.75,25850.25,25850.75,34,1.5,0.75,0.25,0.5,-1,,,,
MNQ DEC25,1s,1,2403,2025-10-27 10:00:04,25850.75,25851.25,25849.5,25850.5,72,1.75,0.25,0.5,1,-1,,,,
MNQ DEC25,1s,1,2404,2025-10-27 10:00:05,25850.75,25850.75,25848,25848.25,106,2.75,2.5,0,0.25,-1,,,,
MNQ DEC25,1s,1,2405,2025-10-27 10:00:06,25848.5,25849.25,25846.5,25848.5,85,2.75,0,0.75,2,0,,,,
MNQ DEC25,1s,1,2406,2025-10-27 10:00:07,25848.75,25849.25,25848,25849.25,41,1.25,0.5,0,0.75,1,,,,
MNQ DEC25,1s,1,2407,2025-10-27 10:00:08,25849,25849,25847.75,25848.25,44,1.25,0.75,0,0.5,-1,,,,
MNQ DEC25,1s,1,2408,2025-10-27 10:00:09,25847.75,25848.5,25846.75,25847.25,45,1.75,0.5,0.75,0.5,-1,,,,
MNQ DEC25,1s,1,2409,2025-10-27 10:00:10,25848,25849,25847,25848.25,61,2,0.25,0.75,1,1,,,,
MNQ DEC25,10s,10,5640,2025-10-27 10:00:10,25848.75,25851.75,25846.5,25848.25,891,5.25,0.5,3,1.75,-1,-10.8,96.65,15.76666667,6.19
MNQ DEC25,1s,1,2410,2025-10-27 10:00:11,25848,25851.25,25847.75,25850.25,66,3.5,2.25,1,0.25,1,,,,
MNQ DEC25,1s,1,2411,2025-10-27 10:00:12,25850.75,25853,25850.25,25852.75,70,2.75,2,0.25,0.5,1,,,,
MNQ DEC25,1s,1,2412,2025-10-27 10:00:13,25853,25855.25,25853,25853.5,154,2.25,0.5,1.75,0,1,,,,
MNQ DEC25,1s,1,2413,2025-10-27 10:00:14,25853,25854.5,25852,25854,99,2.5,1,0.5,1,1,,,,
MNQ DEC25,1s,1,2414,2025-10-27 10:00:15,25854,25854.25,25852.75,25854,20,1.5,0,0.25,1.25,0,,,,
MNQ DEC25,1s,1,2415,2025-10-27 10:00:16,25853.5,25854.5,25852.5,25852.5,60,2,1,1,0,-1,,,,
MNQ DEC25,1s,1,2416,2025-10-27 10:00:17,25853,25853.5,25851.5,25852,41,2,1,0.5,0.5,-1,,,,
MNQ DEC25,1s,1,2417,2025-10-27 10:00:18,25851.5,25852.25,25851.25,25852.25,19,1,0.75,0,0.25,1,,,,
MNQ DEC25,1s,1,2418,2025-10-27 10:00:19,25852.25,25853.75,25852,25853.5,67,1.75,1.25,0.25,0.25,1,,,,
MNQ DEC25,1s,1,2419,2025-10-27 10:00:20,25853.5,25853.5,25851.5,25852,28,2,1.5,0,0.5,-1,,,,
MNQ DEC25,10s,10,5641,2025-10-27 10:00:20,25848,25855.25,25847.75,25852,624,7.5,4,3.25,0.25,1,54.6,65.4,57.1,16.46
MNQ DEC25,20s,20,5820,2025-10-27 10:00:20,25848.75,25855.25,25846.5,25852,1515,8.75,3.25,3.25,2.25,1,-81.05,-4.3,14.51666667,22.53
MNQ DEC25,1s,1,2420,2025-10-27 10:00:21,25852,25852,25850.25,25851.75,54,1.75,0.25,0,1.5,-1,,,,
MNQ DEC25,1s,1,2421,2025-10-27 10:00:22,25851.25,25851.5,25851.25,25851.5,4,0.25,0.25,0,0,1,,,,
MNQ DEC25,1s,1,2422,2025-10-27 10:00:23,25851.5,25852.5,25851.5,25851.75,28,1,0.25,0.75,0,1,,,,
MNQ DEC25,1s,1,2423,2025-10-27 10:00:24,25852.25,25852.25,25851.5,25852,17,0.75,0.25,0,0.5,-1,,,,
MNQ DEC25,1s,1,2424,2025-10-27 10:00:25,25852,25853.75,25852,25853.25,20,1.75,1.25,0.5,0,1,,,,
MNQ DEC25,1s,1,2425,2025-10-27 10:00:26,25853,25854,25852.75,25853.5,36,1.25,0.5,0.5,0.25,1,,,,
MNQ DEC25,1s,1,2426,2025-10-27 10:00:27,25853,25854.25,25853,25853.5,30,1.25,0.5,0.75,0,1,,,,
MNQ DEC25,1s,1,2427,2025-10-27 10:00:28,25853.75,25854.75,25853.25,25854,37,1.5,0.25,0.75,0.5,1,,,,
MNQ DEC25,1s,1,2428,2025-10-27 10:00:29,25854.5,25856.75,25853.75,25854.5,158,3,0,2.25,0.75,0,,,,
MNQ DEC25,1s,1,2429,2025-10-27 10:00:30,25854.75,25855,25852.75,25852.75,76,2.25,2,0.25,0,-1,,,,
MNQ DEC25,10s,10,5642,2025-10-27 10:00:30,25852,25856.75,25850.25,25852.75,460,6.5,0.75,4,1.75,1,88.4,33.8,65.28333333,29.3
MNQ DEC25,1s,1,2430,2025-10-27 10:00:31,25853,25853.5,25850.75,25852,72,2.75,1,0.5,1.25,-1,,,,
MNQ DEC25,1s,1,2431,2025-10-27 10:00:32,25851.25,25851.75,25851.25,25851.75,16,0.5,0.5,0,0,1,,,,
MNQ DEC25,1s,1,2432,2025-10-27 10:00:33,25851.75,25851.75,25850.75,25851.25,29,1,0.5,0,0.5,-1,,,,
MNQ DEC25,1s,1,2433,2025-10-27 10:00:34,25852.25,25852.5,25851,25851.75,17,1.5,0.5,0.25,0.75,-1,,,,
MNQ DEC25,1s,1,2434,2025-10-27 10:00:35,25851.25,25851.25,25848.25,25849.75,118,3,1.5,0,1.5,-1,,,,
MNQ DEC25,1s,1,2435,2025-10-27 10:00:36,25849.5,25851,25849.25,25851,35,1.75,1.5,0,0.25,1,,,,
MNQ DEC25,1s,1,2436,2025-10-27 10:00:37,25851.25,25851.75,25850.25,25851.5,44,1.5,0.25,0.25,1,1,,,,
MNQ DEC25,1s,1,2437,2025-10-27 10:00:38,25852,25853.75,25852,25853.5,25,1.75,1.5,0.25,0,1,,,,
MNQ DEC25,1s,1,2438,2025-10-27 10:00:39,25853.75,25853.75,25851.75,25851.75,20,2,2,0,0,-1,,,,
MNQ DEC25,1s,1,2439,2025-10-27 10:00:40,25852,25852.25,25851.25,25851.5,14,1,0.5,0.25,0.25,-1,,,,
MNQ DEC25,10s,10,5643,2025-10-27 10:00:40,25853,25853.75,25848.25,25851.5,390,5.5,1.5,0.75,3.25,-1,130,41.6,46.93333333,49.34
MNQ DEC25,20s,20,5821,2025-10-27 10:00:40,25852,25856.75,25848.25,25851.5,850,8.5,0.5,4.75,3.25,-1,-122.6,-41.55,-12.4,3.2
MNQ DEC25,1s,1,2440,2025-10-27 10:00:41,25851.5,25852.25,25851.25,25851.75,13,1,0.25,0.5,0.25,1,,,,
MNQ DEC25,1s,1,2441,2025-10-27 10:00:42,25852,25852.5,25850.5,25850.5,48,2,1.5,0.5,0,-1,,,,
MNQ DEC25,1s,1,2442,2025-10-27 10:00:43,25850.75,25851.25,25850,25850.5,32,1.25,0.25,0.5,0.5,-1,,,,
MNQ DEC25,1s,1,2443,2025-10-27 10:00:44,25850.5,25851.75,25850.25,25851.25,33,1.5,0.75,0.5,0.25,1,,,,
MNQ DEC25,1s,1,2444,2025-10-27 10:00:45,25851.25,25852.75,25851,25851.5,27,1.75,0.25,1.25,0.25,1,,,,
MNQ DEC25,1s,1,2445,2025-10-27 10:00:46,25851.75,25852.5,25850.75,25852,27,1.75,0.25,0.5,1,1,,,,
MNQ DEC25,1s,1,2446,2025-10-27 10:00:47,25852.5,25852.5,25851.5,25852,46,1,0.5,0,0.5,-1,,,,
MNQ DEC25,1s,1,2447,2025-10-27 10:00:48,25852.5,25852.75,25852.5,25852.75,16,0.25,0.25,0,0,1,,,,
MNQ DEC25,1s,1,2448,2025-10-27 10:00:49,25853,25853.5,25852.75,25852.75,36,0.75,0.25,0.5,0,-1,,,,
MNQ DEC25,1s,1,2449,2025-10-27 10:00:50,25852.75,25853,25852.75,25852.75,9,0.25,0,0.25,0,0,,,,
MNQ DEC25,10s,10,5644,2025-10-27 10:00:50,25851.5,25853.5,25850,25852.75,287,3.5,1.25,0.75,1.5,1,105.45,-24.55,16.95,42.58
MNQ DEC25,1s,1,2450,2025-10-27 10:00:51,25853.25,25854,25851.5,25852,26,2.5,1.25,0.75,0.5,-1,,,,
MNQ DEC25,1s,1,2451,2025-10-27 10:00:52,25852,25852.75,25852,25852.75,16,0.75,0.75,0,0,1,,,,
MNQ DEC25,1s,1,2452,2025-10-27 10:00:53,25853,25853.25,25852.5,25853.25,20,0.75,0.25,0,0.5,1,,,,
MNQ DEC25,1s,1,2453,2025-10-27 10:00:54,25853,25853.25,25851.25,25852,34,2,1,0.25,0.75,-1,,,,
MNQ DEC25,1s,1,2454,2025-10-27 10:00:55,25852,25852,25850,25851.25,24,2,0.75,0,1.25,-1,,,,
MNQ DEC25,1s,1,2455,2025-10-27 10:00:56,25851,25851,25847.25,25847.5,96,3.75,3.5,0,0.25,-1,,,,
MNQ DEC25,1s,1,2456,2025-10-27 10:00:57,25847.25,25847.25,25844,25844.25,243,3.25,3,0,0.25,-1,,,,
MNQ DEC25,1s,1,2457,2025-10-27 10:00:58,25844.5,25845.75,25842.75,25843,136,3,1.5,1.25,0.25,-1,,,,
MNQ DEC25,1s,1,2458,2025-10-27 10:00:59,25843.25,25843.25,25842.5,25843,47,0.75,0.25,0,0.5,-1,,,,
MNQ DEC25,1s,1,2459,2025-10-27 10:01:00,25843.25,25844.25,25843,25844.25,100,1.25,1,0,0.25,1,,,,
MNQ DEC25,10s,10,5645,2025-10-27 10:01:00,25853.25,25854,25842.5,25844.25,742,11.5,9,0.75,1.75,-1,59.35,-46.1,-9.68333333,14.03
MNQ DEC25,20s,20,5822,2025-10-27 10:01:00,25851.5,25854,25842.5,25844.25,1029,11.5,7.25,2.5,1.75,-1,-93.55,29.05,-5.6,6.21
MNQ DEC25,1s,1,2460,2025-10-27 10:01:01,25844,25846,25844,25845.25,62,2,1.25,0.75,0,1,,,,
MNQ DEC25,1s,1,2461,2025-10-27 10:01:02,25845.25,25846.5,25844.25,25846.25,52,2.25,1,0.25,1,1,,,,
MNQ DEC25,1s,1,2462,2025-10-27 10:01:03,25846.25,25846.75,25845.25,25845.5,37,1.5,0.75,0.5,0.25,-1,,,,
MNQ DEC25,1s,1,2463,2025-10-27 10:01:04,25846,25846.25,25843.25,25843.25,80,3,2.75,0.25,0,-1,,,,
MNQ DEC25,1s,1,2464,2025-10-27 10:01:05,25843.25,25844.25,25842.75,25844,84,1.5,0.75,0.25,0.5,1,,,,
MNQ DEC25,1s,1,2465,2025-10-27 10:01:06,25844,25845.5,25843.5,25844.25,48,2,0.25,1.25,0.5,1,,,,
MNQ DEC25,1s,1,2466,2025-10-27 10:01:07,25844.5,25845.5,25844,25845.5,53,1.5,1,0,0.5,1,,,,
MNQ DEC25,1s,1,2467,2025-10-27 10:01:08,25845.75,25848,25845.25,25847.25,81,2.75,1.5,0.75,0.5,1,,,,
MNQ DEC25,1s,1,2468,2025-10-27 10:01:09,25847.25,25850,25846.75,25849.5,92,3.25,2.25,0.5,0.5,1,,,,
MNQ DEC25,1s,1,2469,2025-10-27 10:01:10,25849.5,25851.25,25849.5,25850.5,45,1.75,1,0.75,0,1,,,,
MNQ DEC25,10s,10,5646,2025-10-27 10:01:10,25844,25851.25,25842.75,25850.5,634,8.5,6.5,0.75,1.25,1,42.4,-16.95,-29.2,-2.44
MNQ DEC25,1s,1,2470,2025-10-27 10:01:11,25851,25851.5,25850.25,25850.5,38,1.25,0.5,0.5,0.25,-1,,,,
MNQ DEC25,1s,1,2471,2025-10-27 10:01:12,25850.5,25850.75,25848.5,25849.25,46,2.25,1.25,0.25,0.75,-1,,,,
MNQ DEC25,1s,1,2472,2025-10-27 10:01:13,25849.25,25849.5,25848.25,25849.25,37,1.25,0,0.25,1,0,,,,
MNQ DEC25,1s,1,2473,2025-10-27 10:01:14,25849.25,25850.75,25848.5,25850.5,43,2.25,1.25,0.25,0.75,1,,,,
MNQ DEC25,1s,1,2474,2025-10-27 10:01:15,25850.75,25852,25850.5,25851.5,34,1.5,0.75,0.5,0.25,1,,,,
MNQ DEC25,1s,1,2475,2025-10-27 10:01:16,25852.25,25853.75,25851.75,25853.75,80,2,1.5,0,0.5,1,,,,
MNQ DEC25,1s,1,2476,2025-10-27 10:01:17,25854,25854.5,25853,25853,78,1.5,1,0.5,0,-1,,,,
MNQ DEC25,1s,1,2477,2025-10-27 10:01:18,25852.75,25853.5,25852.75,25853.25,33,0.75,0.5,0.25,0,1,,,,
MNQ DEC25,1s,1,2478,2025-10-27 10:01:19,25853.5,25853.5,25852.5,25853,57,1,0.5,0,0.5,-1,,,,
MNQ DEC25,1s,1,2479,2025-10-27 10:01:20,25853.25,25853.75,25852,25852.75,33,1.75,0.5,0.5,0.75,-1,,,,
MNQ DEC25,10s,10,5647,2025-10-27 10:01:20,25851,25854.5,25848.25,25852.75,479,6.25,1.75,1.75,2.75,1,32.6,-9.8,-24.28333333,-11.16
MNQ DEC25,20s,20,5823,2025-10-27 10:01:20,25844,25854.5,25842.75,25852.75,1113,11.75,8.75,1.75,1.25,1,2.85,96.4,27.96666667,17.65
MNQ DEC25,1s,1,2480,2025-10-27 10:01:21,25852.75,25854.5,25852.75,25854.25,61,1.75,1.5,0.25,0,1,,,,
MNQ DEC25,1s,1,2481,2025-10-27 10:01:22,25854,25855,25854,25854.5,63,1,0.5,0.5,0,1,,,,
MNQ DEC25,1s,1,2482,2025-10-27 10:01:23,25854,25855.5,25854,25855.25,44,1.5,1.25,0.25,0,1,,,,
MNQ DEC25,1s,1,2483,2025-10-27 10:01:24,25855,25857.5,25855,25856.5,154,2.5,1.5,1,0,1,,,,
MNQ DEC25,1s,1,2484,2025-10-27 10:01:25,25856.25,25856.5,25854.5,25855,111,2,1.25,0.25,0.5,-1,,,,
MNQ DEC25,1s,1,2485,2025-10-27 10:01:26,25855,25855.5,25854.75,25855,47,0.75,0,0.5,0.25,0,,,,
MNQ DEC25,1s,1,2486,2025-10-27 10:01:27,25855.25,25856,25854.5,25855.5,25,1.5,0.25,0.5,0.75,1,,,,
MNQ DEC25,1s,1,2487,2025-10-27 10:01:28,25855.25,25856,25855,25855.25,28,1,0,0.75,0.25,0,,,,
MNQ DEC25,1s,1,2488,2025-10-27 10:01:29,25855.75,25856.5,25855.25,25856,26,1.25,0.25,0.5,0.5,1,,,,
MNQ DEC25,1s,1,2489,2025-10-27 10:01:30,25856.5,25857,25856,25857,43,1,0.5,0,0.5,1,,,,
MNQ DEC25,10s,10,5648,2025-10-27 10:01:30,25852.75,25857.5,25852.75,25857,602,4.75,4.25,0.5,0,1,61.4,28.8,0.68333333,-13.72
MNQ DEC25,1s,1,2490,2025-10-27 10:01:31,25856.75,25859.25,25856,25858.25,287,3.25,1.5,1,0.75,1,,,,
MNQ DEC25,1s,1,2491,2025-10-27 10:01:32,25858.5,25859,25857.75,25858.75,85,1.25,0.25,0.25,0.75,1,,,,
MNQ DEC25,1s,1,2492,2025-10-27 10:01:33,25858.25,25859.25,25857.75,25858.75,93,1.5,0.5,0.5,0.5,1,,,,
MNQ DEC25,1s,1,2493,2025-10-27 10:01:34,25858.75,25865.25,25858.5,25862.75,1615,6.75,4,2.5,0.25,1,,,,
MNQ DEC25,1s,1,2494,2025-10-27 10:01:35,25862.5,25864,25860.75,25861,434,3.25,1.5,1.5,0.25,-1,,,,
MNQ DEC25,1s,1,2495,2025-10-27 10:01:36,25861,25861,25857.25,25857.25,261,3.75,3.75,0,0,-1,,,,
MNQ DEC25,1s,1,2496,2025-10-27 10:01:37,25857.25,25858.5,25856.75,25857.25,112,1.75,0,1.25,0.5,0,,,,
MNQ DEC25,1s,1,2497,2025-10-27 10:01:38,25857.25,25858.5,25856.75,25857.25,66,1.75,0,1.25,0.5,0,,,,
MNQ DEC25,1s,1,2498,2025-10-27 10:01:39,25858,25858.75,25857.5,25858.25,65,1.25,0.25,0.5,0.5,1,,,,
MNQ DEC25,1s,1,2499,2025-10-27 10:01:40,25858.25,25858.5,25857.75,25858.5,29,0.75,0.25,0,0.5,1,,,,
MNQ DEC25,10s,10,5649,2025-10-27 10:01:40,25856.75,25865.25,25856,25858.5,3047,9.25,1.75,6.75,0.75,1,476.25,414.85,144.61666667,74.16
MNQ DEC25,20s,20,5824,2025-10-27 10:01:40,25852.75,25865.25,25852.75,25858.5,3649,12.5,5.75,6.75,0,1,466.5,463.65,196.36666667,108.65
MNQ DEC25,1s,1,2500,2025-10-27 10:01:41,25858,25858.75,25858,25858.5,39,0.75,0.5,0.25,0,1,,,,
MNQ DEC25,1s,1,2501,2025-10-27 10:01:42,25858,25859,25856.5,25857.75,118,2.5,0.25,1,1.25,-1,,,,
MNQ DEC25,1s,1,2502,2025-10-27 10:01:43,25857.25,25857.75,25856.5,25857.25,66,1.25,0,0.5,0.75,0,,,,
MNQ DEC25,1s,1,2503,2025-10-27 10:01:44,25857.25,25857.75,25856.75,25857.75,60,1,0.5,0,0.5,1,,,,
MNQ DEC25,1s,1,2504,2025-10-27 10:01:45,25857.5,25858,25856.5,25857.5,44,1.5,0,0.5,1,0,,,,
MNQ DEC25,1s,1,2505,2025-10-27 10:01:46,25858.25,25859,25856.5,25857.25,71,2.5,1,0.75,0.75,-1,,,,
MNQ DEC25,1s,1,2506,2025-10-27 10:01:47,25857,25858.25,25856.25,25858,44,2,1,0.25,0.75,1,,,,
MNQ DEC25,1s,1,2507,2025-10-27 10:01:48,25858.25,25859.5,25857.25,25858.75,129,2.25,0.5,0.75,1,1,,,,
MNQ DEC25,1s,1,2508,2025-10-27 10:01:49,25858.75,25859,25857.25,25857.5,44,1.75,1.25,0.25,0.25,-1,,,,
MNQ DEC25,1s,1,2509,2025-10-27 10:01:50,25857.5,25859,25857.5,25858.5,54,1.5,1,0.5,0,1,,,,
MNQ DEC25,10s,10,5650,2025-10-27 10:01:50,25858,25859.5,25856.25,25858.5,669,3.25,0.5,1,1.75,1,482.15,5.9,149.85,84.56
MNQ DEC25,1s,1,2510,2025-10-27 10:01:51,25859,25859.5,25858,25858.25,180,1.5,0.75,0.5,0.25,-1,,,,
MNQ DEC25,1s,1,2511,2025-10-27 10:01:52,25858.25,25860,25857.75,25860,55,2.25,1.75,0,0.5,1,,,,
MNQ DEC25,1s,1,2512,2025-10-27 10:01:53,25859.75,25860.5,25859.5,25860.25,47,1,0.5,0.25,0.25,1,,,,
MNQ DEC25,1s,1,2513,2025-10-27 10:01:54,25860.25,25860.25,25859,25860,56,1.25,0.25,0,1,-1,,,,
MNQ DEC25,1s,1,2514,2025-10-27 10:01:55,25859.75,25861.75,25859.5,25861.5,65,2.25,1.75,0.25,0.25,1,,,,
MNQ DEC25,1s,1,2515,2025-10-27 10:01:56,25861.75,25862.25,25860.75,25860.75,56,1.5,1,0.5,0,-1,,,,
MNQ DEC25,1s,1,2516,2025-10-27 10:01:57,25861.5,25861.75,25860.5,25861,45,1.25,0.5,0.25,0.5,-1,,,,
MNQ DEC25,1s,1,2517,2025-10-27 10:01:58,25860.5,25861.25,25860,25861.25,39,1.25,0.75,0,0.5,1,,,,
MNQ DEC25,1s,1,2518,2025-10-27 10:01:59,25861,25861.5,25860.25,25861,51,1.25,0,0.5,0.75,0,,,,
MNQ DEC25,1s,1,2519,2025-10-27 10:02:00,25860.5,25861,25858.75,25860,81,2.25,0.5,0.5,1.25,-1,,,,
MNQ DEC25,10s,10,5651,2025-10-27 10:02:00,25859,25862.25,25857.75,25860,675,4.5,1,2.25,1.25,1,469.6,-12.55,136.06666667,85.44
MNQ DEC25,20s,20,5825,2025-10-27 10:02:00,25858,25862.25,25856.25,25860,1344,6,2,2.25,1.75,1,425.85,-40.65,173.13333333,101.38
MNQ DEC25,1s,1,2520,2025-10-27 10:02:01,25859.75,25862.25,25859,25862.25,171,3.25,2.5,0,0.75,1,,,,
MNQ DEC25,1s,1,2521,2025-10-27 10:02:02,25861.75,25862.5,25859.75,25859.75,125,2.75,2,0.75,0,-1,,,,
MNQ DEC25,1s,1,2522,2025-10-27 10:02:03,25860,25861.75,25860,25861.5,52,1.75,1.5,0.25,0,1,,,,
MNQ DEC25,1s,1,2523,2025-10-27 10:02:04,25860.75,25861.75,25860.5,25861.75,29,1.25,1,0,0.25,1,,,,
MNQ DEC25,1s,1,2524,2025-10-27 10:02:05,25861.25,25861.25,25859.75,25861,47,1.5,0.25,0,1.25,-1,,,,
MNQ DEC25,1s,1,2525,2025-10-27 10:02:06,25860.75,25861.25,25860.25,25860.25,20,1,0.5,0.5,0,-1,,,,
MNQ DEC25,1s,1,2526,2025-10-27 10:02:07,25860.25,25861.25,25859.75,25860.5,43,1.5,0.25,0.75,0.5,1,,,,
MNQ DEC25,1s,1,2527,2025-10-27 10:02:08,25861,25861.75,25860.75,25861.75,27,1,0.75,0,0.25,1,,,,
MNQ DEC25,1s,1,2528,2025-10-27 10:02:09,25861.75,25861.75,25860.75,25861.25,20,1,0.5,0,0.5,-1,,,,
MNQ DEC25,1s,1,2529,2025-10-27 10:02:10,25861.5,25861.5,25860.5,25860.75,43,1,0.75,0,0.25,-1,,,,
MNQ DEC25,10s,10,5652,2025-10-27 10:02:10,25859.75,25862.5,25859,25860.75,577,3.5,1,1.75,0.75,1,482.2,12.6,1.98333333,89.92
MNQ DEC25,1s,1,2530,2025-10-27 10:02:11,25861.25,25861.75,25860.5,25861.25,43,1.25,0,0.5,0.75,0,,,,
MNQ DEC25,1s,1,2531,2025-10-27 10:02:12,25861,25862,25861,25861.75,25,1,0.75,0.25,0,1,,,,
MNQ DEC25,1s,1,2532,2025-10-27 10:02:13,25862,25862.5,25861.75,25861.75,55,0.75,0.25,0.5,0,-1,,,,
MNQ DEC25,1s,1,2533,2025-10-27 10:02:14,25862.75,25863,25860.5,25861.5,52,2.5,1.25,0.25,1,-1,,,,
MNQ DEC25,1s,1,2534,2025-10-27 10:02:15,25861.5,25862.75,25861,25862.75,40,1.75,1.25,0,0.5,1,,,,
MNQ DEC25,1s,1,2535,2025-10-27 10:02:16,25862.25,25863,25862,25862.25,33,1,0,0.75,0.25,0,,,,
MNQ DEC25,1s,1,2536,2025-10-27 10:02:17,25862.75,25863.25,25862,25862.75,83,1.25,0,0.5,0.75,0,,,,
MNQ DEC25,1s,1,2537,2025-10-27 10:02:18,25863,25863,25861.25,25862,79,1.75,1,0,0.75,-1,,,,
MNQ DEC25,1s,1,2538,2025-10-27 10:02:19,25862,25862,25861,25861.25,33,1,0.75,0,0.25,-1,,,,
MNQ DEC25,1s,1,2539,2025-10-27 10:02:20,25862.25,25862.25,25861.5,25861.5,22,0.75,0.75,0,0,-1,,,,
MNQ DEC25,10s,10,5653,2025-10-27 10:02:20,25861.25,25863.25,25860.5,25861.5,465,2.75,0.25,1.75,0.75,1,462.9,-19.3,-6.41666667,80.3
MNQ DEC25,20s,20,5826,2025-10-27 10:02:20,25859.75,25863.25,25859,25861.5,1042,4.25,1.75,1.75,0.75,1,490.2,64.35,162.45,122.56
MNQ DEC25,1s,1,2540,2025-10-27 10:02:21,25861.5,25862.25,25859.75,25860,51,2.5,1.5,0.75,0.25,-1,,,,
MNQ DEC25,1s,1,2541,2025-10-27 10:02:22,25860.5,25861.5,25859.75,25860.25,81,1.75,0.25,1,0.5,-1,,,,
MNQ DEC25,1s,1,2542,2025-10-27 10:02:23,25860.5,25860.5,25859.5,25859.75,24,1,0.75,0,0.25,-1,,,,
MNQ DEC25,1s,1,2543,2025-10-27 10:02:24,25860.25,25861.5,25860,25860.75,23,1.5,0.5,0.75,0.25,1,,,,
MNQ DEC25,1s,1,2544,2025-10-27 10:02:25,25860.75,25861.75,25860.5,25860.5,81,1.25,0.25,1,0,-1,,,,
MNQ DEC25,1s,1,2545,2025-10-27 10:02:26,25861.25,25861.5,25860.75,25861.25,16,0.75,0,0.25,0.5,0,,,,
MNQ DEC25,1s,1,2546,2025-10-27 10:02:27,25861,25861,25860,25860.25,16,1,0.75,0,0.25,-1,,,,
MNQ DEC25,1s,1,2547,2025-10-27 10:02:28,25860,25861.5,25860,25861.5,23,1.5,1.5,0,0,1,,,,
MNQ DEC25,1s,1,2548,2025-10-27 10:02:29,25860.75,25861,25860,25860,35,1,0.75,0.25,0,-1,,,,
MNQ DEC25,1s,1,2549,2025-10-27 10:02:30,25860,25860.75,25858.25,25860.25,80,2.5,0.25,0.5,1.75,1,,,,
MNQ DEC25,10s,10,5654,2025-10-27 10:02:30,25861.5,25862.25,25858.25,25860.25,430,4,1.25,0.75,2,-1,-59.8,-522.7,-176.46666667,-107.21
MNQ DEC25,1s,1,2550,2025-10-27 10:02:31,25860.5,25861.25,25859.5,25859.75,34,1.75,0.75,0.75,0.25,-1,,,,
MNQ DEC25,1s,1,2551,2025-10-27 10:02:32,25859.5,25859.5,25857.5,25859,92,2,0.5,0,1.5,-1,,,,
MNQ DEC25,1s,1,2552,2025-10-27 10:02:33,25858.75,25860.5,25858.5,25859.75,92,2,1,0.75,0.25,1,,,,
MNQ DEC25,1s,1,2553,2025-10-27 10:02:34,25859.75,25860.75,25859.75,25860.5,16,1,0.75,0.25,0,1,,,,
MNQ DEC25,1s,1,2554,2025-10-27 10:02:35,25860.75,25860.75,25860.25,25860.25,29,0.5,0.5,0,0,-1,,,,
MNQ DEC25,1s,1,2555,2025-10-27 10:02:36,25860.25,25860.5,25859,25859,35,1.5,1.25,0.25,0,-1,,,,
MNQ DEC25,1s,1,2556,2025-10-27 10:02:37,25858.75,25859.25,25858,25859.25,43,1.25,0.5,0,0.75,1,,,,
MNQ DEC25,1s,1,2557,2025-10-27 10:02:38,25859,25859,25858,25858.75,48,1,0.25,0,0.75,-1,,,,
MNQ DEC25,1s,1,2558,2025-10-27 10:02:39,25859,25859,25857.5,25858,54,1.5,1,0,0.5,-1,,,,
MNQ DEC25,1s,1,2559,2025-10-27 10:02:40,25858,25859,25858,25858,20,1,0,1,0,0,,,,
MNQ DEC25,10s,10,5655,2025-10-27 10:02:40,25860.5,25861.25,25857.5,25858,463,3.75,2.5,0.75,0.5,-1,-104.9,-45.1,-195.7,-117.41
MNQ DEC25,20s,20,5827,2025-10-27 10:02:40,25861.5,25862.25,25857.5,25858,893,4.75,3.5,0.75,0.5,-1,508.95,18.75,14.15,120.5
MNQ DEC25,1s,1,2560,2025-10-27 10:02:41,25858.5,25859.75,25858,25859.75,36,1.75,1.25,0,0.5,1,,,,
MNQ DEC25,1s,1,2561,2025-10-27 10:02:42,25859.25,25859.5,25858.25,25859,36,1.25,0.25,0.25,0.75,-1,,,,
MNQ DEC25,1s,1,2562,2025-10-27 10:02:43,25858.5,25859.25,25857.5,25858,34,1.75,0.5,0.75,0.5,-1,,,,
MNQ DEC25,1s,1,2563,2025-10-27 10:02:44,25858,25859,25857.75,25859,50,1.25,1,0,0.25,1,,,,
MNQ DEC25,1s,1,2564,2025-10-27 10:02:45,25859.25,25859.25,25858.5,25858.75,17,0.75,0.5,0,0.25,-1,,,,
MNQ DEC25,1s,1,2565,2025-10-27 10:02:46,25858,25859,25857.5,25859,29,1.5,1,0,0.5,1,,,,
MNQ DEC25,1s,1,2566,2025-10-27 10:02:47,25858.5,25860,25858.5,25860,38,1.5,1.5,0,0,1,,,,
MNQ DEC25,1s,1,2567,2025-10-27 10:02:48,25859.75,25860,25859,25859,46,1,0.75,0.25,0,-1,,,,
MNQ DEC25,1s,1,2568,2025-10-27 10:02:49,25858,25858.25,25855,25856.25,214,3.25,1.75,0.25,1.25,-1,,,,
MNQ DEC25,1s,1,2569,2025-10-27 10:02:50,25856.5,25857.5,25855.25,25856.5,69,2.25,0,1,1.25,0,,,,
MNQ DEC25,10s,10,5656,2025-10-27 10:02:50,25858.5,25860,25855,25856.5,569,5,2,1.5,1.5,-1,-143.35,-38.45,-202.08333333,-122.59
MNQ DEC25,1s,1,2570,2025-10-27 10:02:51,25856.5,25857.75,25856.25,25857.75,44,1.5,1.25,0,0.25,1,,,,
MNQ DEC25,1s,1,2571,2025-10-27 10:02:52,25858,25859,25857.5,25858.75,23,1.5,0.75,0.25,0.5,1,,,,
MNQ DEC25,1s,1,2572,2025-10-27 10:02:53,25859,25859.75,25859,25859.25,21,0.75,0.25,0.5,0,1,,,,
MNQ DEC25,1s,1,2573,2025-10-27 10:02:54,25859,25859.75,25859,25859.25,25,0.75,0.25,0.5,0,1,,,,
MNQ DEC25,1s,1,2574,2025-10-27 10:02:55,25859.5,25859.5,25858.5,25858.5,24,1,1,0,0,-1,,,,
MNQ DEC25,1s,1,2575,2025-10-27 10:02:56,25859,25859.25,25858.75,25859.25,11,0.5,0.25,0,0.25,1,,,,
MNQ DEC25,1s,1,2576,2025-10-27 10:02:57,25859.25,25859.5,25858.5,25859,21,1,0.25,0.25,0.5,-1,,,,
MNQ DEC25,1s,1,2577,2025-10-27 10:02:58,25859,25859.25,25858.75,25859.25,20,0.5,0.25,0,0.25,1,,,,
MNQ DEC25,1s,1,2578,2025-10-27 10:02:59,25859.25,25859.25,25857.75,25858.25,45,1.5,1,0,0.5,-1,,,,
MNQ DEC25,1s,1,2579,2025-10-27 10:03:00,25858.75,25858.75,25858.25,25858.5,16,0.5,0.25,0,0.25,-1,,,,
MNQ DEC25,10s,10,5657,2025-10-27 10:03:00,25856.5,25859.75,25856.25,25858.5,250,3.5,2,1.25,0.25,1,-208.15,-64.8,-49.45,-138.07
MNQ DEC25,20s,20,5828,2025-10-27 10:03:00,25858.5,25860,25855,25858.5,819,5,0,1.5,3.5,0,459.35,-49.6,11.16666667,91.3
MNQ DEC25,1s,1,2580,2025-10-27 10:03:01,25858.5,25859,25857.25,25857.75,63,1.75,0.75,0.5,0.5,-1,,,,
MNQ DEC25,1s,1,2581,2025-10-27 10:03:02,25858,25858.75,25857.75,25858.75,14,1,0.75,0,0.25,1,,,,
MNQ DEC25,1s,1,2582,2025-10-27 10:03:03,25859.25,25863.75,25859.25,25863.5,201,4.5,4.25,0.25,0,1,,,,
MNQ DEC25,1s,1,2583,2025-10-27 10:03:04,25863.75,25864.75,25863.25,25864.75,105,1.5,1,0,0.5,1,,,,
MNQ DEC25,1s,1,2584,2025-10-27 10:03:05,25864.75,25864.75,25863.5,25864.5,83,1.25,0.25,0,1,-1,,,,
MNQ DEC25,1s,1,2585,2025-10-27 10:03:06,25864.25,25865,25864.25,25864.25,65,0.75,0,0.75,0,0,,,,
MNQ DEC25,1s,1,2586,2025-10-27 10:03:07,25864.75,25866.75,25864,25865.75,288,2.75,1,1,0.75,1,,,,
MNQ DEC25,1s,1,2587,2025-10-27 10:03:08,25865.75,25866,25864,25865,118,2,0.75,0.25,1,-1,,,,
MNQ DEC25,1s,1,2588,2025-10-27 10:03:09,25864.75,25865,25862.75,25864.5,115,2.25,0.25,0.25,1.75,-1,,,,
MNQ DEC25,1s,1,2589,2025-10-27 10:03:10,25864,25865.25,25863.75,25865.25,83,1.5,1.25,0,0.25,1,,,,
MNQ DEC25,10s,10,5658,2025-10-27 10:03:10,25858.5,25866.75,25857.25,25865.25,1135,9.5,6.75,1.5,1.25,1,-121.7,86.45,-5.6,-116.92
MNQ DEC25,1s,1,2590,2025-10-27 10:03:11,25864.75,25866,25864,25865.5,59,2,0.75,0.5,0.75,1,,,,
MNQ DEC25,1s,1,2591,2025-10-27 10:03:12,25865.5,25867.5,25865,25865.75,218,2.5,0.25,1.75,0.5,1,,,,
MNQ DEC25,1s,1,2592,2025-10-27 10:03:13,25866,25867.25,25865.25,25867.25,135,2,1.25,0,0.75,1,,,,
MNQ DEC25,1s,1,2593,2025-10-27 10:03:14,25866.75,25867.25,25866.25,25866.75,75,1,0,0.5,0.5,0,,,,
MNQ DEC25,1s,1,2594,2025-10-27 10:03:15,25866.75,25867,25865.25,25865.5,80,1.75,1.25,0.25,0.25,-1,,,,
MNQ DEC25,1s,1,2595,2025-10-27 10:03:16,25866,25866,25864,25864.5,83,2,1.5,0,0.5,-1,,,,
MNQ DEC25,1s,1,2596,2025-10-27 10:03:17,25864.25,25865.25,25864,25865,33,1.25,0.75,0.25,0.25,1,,,,
MNQ DEC25,1s,1,2597,2025-10-27 10:03:18,25864.5,25865.25,25864,25865,31,1.25,0.5,0.25,0.5,1,,,,
MNQ DEC25,1s,1,2598,2025-10-27 10:03:19,25865,25865,25863.75,25864,52,1.25,1,0,0.25,-1,,,,
MNQ DEC25,1s,1,2599,2025-10-27 10:03:20,25864.25,25864.5,25863.5,25864.25,27,1,0,0.25,0.75,0,,,,
MNQ DEC25,10s,10,5659,2025-10-27 10:03:20,25864.75,25867.5,25863.5,25864.25,793,4,0.5,2.75,0.75,-1,-67.1,54.6,25.41666667,-1.46
MNQ DEC25,20s,20,5829,2025-10-27 10:03:20,25858.5,25867.5,25857.25,25864.25,1928,10.25,5.75,3.25,1.25,1,91.05,-368.3,-133.05,-75.09
MNQ DEC25,1s,1,2600,2025-10-27 10:03:21,25864.25,25864.5,25863.5,25863.75,62,1,0.5,0.25,0.25,-1,,,,
MNQ DEC25,1s,1,2601,2025-10-27 10:03:22,25863.75,25864,25860.5,25861,204,3.5,2.75,0.25,0.5,-1,,,,
MNQ DEC25,1s,1,2602,2025-10-27 10:03:23,25861,25861.75,25859.75,25859.75,83,2,1.25,0.75,0,-1,,,,
MNQ DEC25,1s,1,2603,2025-10-27 10:03:24,25860.25,25861,25860,25860.5,36,1,0.25,0.5,0.25,1,,,,
MNQ DEC25,1s,1,2604,2025-10-27 10:03:25,25860.25,25861,25859.25,25860.5,80,1.75,0.25,0.5,1,1,,,,
MNQ DEC25,1s,1,2605,2025-10-27 10:03:26,25860.5,25863.5,25860.5,25862.5,56,3,2,1,0,1,,,,
MNQ DEC25,1s,1,2606,2025-10-27 10:03:27,25862.75,25864.5,25862.75,25864,36,1.75,1.25,0.5,0,1,,,,
MNQ DEC25,1s,1,2607,2025-10-27 10:03:28,25864,25865,25863.5,25864.75,22,1.5,0.75,0.25,0.5,1,,,,
MNQ DEC25,1s,1,2608,2025-10-27 10:03:29,25864.75,25865.5,25864.5,25865,71,1,0.25,0.5,0.25,1,,,,
MNQ DEC25,1s,1,2609,2025-10-27 10:03:30,25865.25,25865.5,25864.75,25865.25,35,0.75,0,0.25,0.5,0,,,,
MNQ DEC25,10s,10,5660,2025-10-27 10:03:30,25864.25,25865.5,25859.25,25865.25,685,6.25,1,0.25,5,1,-12.4,54.7,65.25,18.5
MNQ DEC25,1s,1,2610,2025-10-27 10:03:31,25864.75,25866,25864.75,25866,64,1.25,1.25,0,0,1,,,,
MNQ DEC25,1s,1,2611,2025-10-27 10:03:32,25865.75,25865.75,25864.5,25865.25,40,1.25,0.5,0,0.75,-1,,,,
MNQ DEC25,1s,1,2612,2025-10-27 10:03:33,25865,25865,25864.25,25864.25,36,0.75,0.75,0,0,-1,,,,
MNQ DEC25,1s,1,2613,2025-10-27 10:03:34,25864.25,25865,25863.25,25864,61,1.75,0.25,0.75,0.75,-1,,,,
MNQ DEC25,1s,1,2614,2025-10-27 10:03:35,25864.5,25864.5,25863.75,25863.75,24,0.75,0.75,0,0,-1,,,,
MNQ DEC25,1s,1,2615,2025-10-27 10:03:36,25863.75,25864.25,25863.5,25864,41,0.75,0.25,0.25,0.25,1,,,,
MNQ DEC25,1s,1,2616,2025-10-27 10:03:37,25864.5,25865.25,25864.5,25865,41,0.75,0.5,0.25,0,1,,,,
MNQ DEC25,1s,1,2617,2025-10-27 10:03:38,25865,25866.25,25864.75,25865.5,62,1.5,0.5,0.75,0.25,1,,,,
MNQ DEC25,1s,1,2618,2025-10-27 10:03:39,25865.5,25866,25865,25865.75,13,1,0.25,0.25,0.5,1,,,,
MNQ DEC25,1s,1,2619,2025-10-27 10:03:40,25866,25866,25865,25865.25,13,1,0.75,0,0.25,-1,,,,
MNQ DEC25,10s,10,5661,2025-10-27 10:03:40,25864.75,25866.25,25863.25,25865.25,395,3,0.5,1,1.5,1,-35.75,-23.35,28.65,21.52
MNQ DEC25,20s,20,5830,2025-10-27 10:03:40,25864.25,25866.25,25859.25,25865.25,1080,7,1,1,5,1,40.85,-50.2,-156.03333333,-77
MNQ DEC25,1s,1,2620,2025-10-27 10:03:41,25865.25,25866.25,25865.25,25865.75,35,1,0.5,0.5,0,1,,,,
MNQ DEC25,1s,1,2621,2025-10-27 10:03:42,25865.5,25867,25865.25,25867,45,1.75,1.5,0,0.25,1,,,,
MNQ DEC25,1s,1,2622,2025-10-27 10:03:43,25867.25,25868.5,25867.25,25868,123,1.25,0.75,0.5,0,1,,,,
MNQ DEC25,1s,1,2623,2025-10-27 10:03:44,25867.5,25867.5,25866.5,25867,46,1,0.5,0,0.5,-1,,,,
MNQ DEC25,1s,1,2624,2025-10-27 10:03:45,25866.75,25867,25865.75,25867,45,1.25,0.25,0,1,1,,,,
MNQ DEC25,1s,1,2625,2025-10-27 10:03:46,25866.75,25867,25865.75,25866.5,55,1.25,0.25,0.25,0.75,-1,,,,
MNQ DEC25,1s,1,2626,2025-10-27 10:03:47,25866,25867.25,25866,25866.5,39,1.25,0.5,0.75,0,1,,,,
MNQ DEC25,1s,1,2627,2025-10-27 10:03:48,25866.5,25868,25866,25867.75,70,2,1.25,0.25,0.5,1,,,,
MNQ DEC25,1s,1,2628,2025-10-27 10:03:49,25867.75,25867.75,25866.25,25867,47,1.5,0.75,0,0.75,-1,,,,
MNQ DEC25,1s,1,2629,2025-10-27 10:03:50,25867,25868.5,25866.5,25868,41,2,1,0.5,0.5,1,,,,
MNQ DEC25,10s,10,5662,2025-10-27 10:03:50,25865.25,25868.5,25865.25,25868,546,3.25,2.75,0.5,0,1,19.15,54.9,28.75,45.46
MNQ DEC25,1s,1,2630,2025-10-27 10:03:51,25868.25,25869.5,25868,25868,254,1.5,0.25,1.25,0,-1,,,,
MNQ DEC25,1s,1,2631,2025-10-27 10:03:52,25868,25869.25,25868,25868.25,71,1.25,0.25,1,0,1,,,,
MNQ DEC25,1s,1,2632,2025-10-27 10:03:53,25868.75,25868.75,25868,25868.75,39,0.75,0,0,0.75,0,,,,
MNQ DEC25,1s,1,2633,2025-10-27 10:03:54,25868.75,25869,25868,25868.75,78,1,0,0.25,0.75,0,,,,
MNQ DEC25,1s,1,2634,2025-10-27 10:03:55,25868.75,25869.5,25868,25868.5,76,1.5,0.25,0.75,0.5,-1,,,,
MNQ DEC25,1s,1,2635,2025-10-27 10:03:56,25869.25,25869.5,25868.25,25869.25,68,1.25,0,0.25,1,0,,,,
MNQ DEC25,1s,1,2636,2025-10-27 10:03:57,25869,25869.5,25868.25,25869,69,1.25,0,0.5,0.75,0,,,,
MNQ DEC25,1s,1,2637,2025-10-27 10:03:58,25869.5,25873,25868.75,25870.75,451,4.25,1.25,2.25,0.75,1,,,,
MNQ DEC25,1s,1,2638,2025-10-27 10:03:59,25870.5,25871.25,25869.25,25870.25,96,2,0.25,0.75,1,-1,,,,
MNQ DEC25,1s,1,2639,2025-10-27 10:04:00,25870.25,25871,25869.5,25870.75,97,1.5,0.5,0.25,0.75,1,,,,
MNQ DEC25,10s,10,5663,2025-10-27 10:04:00,25868.25,25873,25868,25870.75,1299,5,2.5,2.25,0.25,1,6.5,-12.65,6.3,25.64
MNQ DEC25,20s,20,5831,2025-10-27 10:04:00,25865.25,25873,25865.25,25870.75,1845,7.75,5.5,2.25,0,1,146.3,105.45,-104.35,-68.78
MNQ DEC25,1s,1,2640,2025-10-27 10:04:01,25871,25872.25,25870.75,25871.5,100,1.5,0.5,0.75,0.25,1,,,,
MNQ DEC25,1s,1,2641,2025-10-27 10:04:02,25871.75,25873.5,25871.25,25872.75,133,2.25,1,0.75,0.5,1,,,,
MNQ DEC25,1s,1,2642,2025-10-27 10:04:03,25872.75,25873.75,25872.75,25873,113,1,0.25,0.75,0,1,,,,
MNQ DEC25,1s,1,2643,2025-10-27 10:04:04,25873.25,25875,25873.25,25874.5,246,1.75,1.25,0.5,0,1,,,,
MNQ DEC25,1s,1,2644,2025-10-27 10:04:05,25874.25,25874.75,25872.5,25873.25,82,2.25,1,0.5,0.75,-1,,,,
MNQ DEC25,1s,1,2645,2025-10-27 10:04:06,25872.75,25874.5,25872.75,25874,83,1.75,1.25,0.5,0,1,,,,
MNQ DEC25,1s,1,2646,2025-10-27 10:04:07,25874.5,25875.75,25874,25874.75,151,1.75,0.25,1,0.5,1,,,,
MNQ DEC25,1s,1,2647,2025-10-27 10:04:08,25875,25876.25,25874.5,25874.5,166,1.75,0.5,1.25,0,-1,,,,
MNQ DEC25,1s,1,2648,2025-10-27 10:04:09,25874.75,25875.5,25874.75,25875.25,85,0.75,0.5,0.25,0,1,,,,
MNQ DEC25,1s,1,2649,2025-10-27 10:04:10,25875.25,25875.75,25874.75,25875,81,1,0.25,0.5,0.25,-1,,,,
MNQ DEC25,10s,10,5664,2025-10-27 10:04:10,25871,25876.25,25870.75,25875,1240,5.5,4,1.25,0.25,1,48.25,41.75,28,23.07
MNQ DEC25,1s,1,2650,2025-10-27 10:04:11,25875,25875.75,25874,25875,97,1.75,0,0.75,1,0,,,,
MNQ DEC25,1s,1,2651,2025-10-27 10:04:12,25874.5,25875,25874.25,25874.25,64,0.75,0.25,0.5,0,-1,,,,
MNQ DEC25,1s,1,2652,2025-10-27 10:04:13,25874.75,25875.25,25874.25,25874.75,66,1,0,0.5,0.5,0,,,,
MNQ DEC25,1s,1,2653,2025-10-27 10:04:14,25874,25874.25,25871.25,25871.25,148,3,2.75,0.25,0,-1,,,,
MNQ DEC25,1s,1,2654,2025-10-27 10:04:15,25871.75,25873.25,25871.25,25872.75,105,2,1,0.5,0.5,1,,,,
MNQ DEC25,1s,1,2655,2025-10-27 10:04:16,25872.5,25874.25,25872.5,25873.5,110,1.75,1,0.75,0,1,,,,
MNQ DEC25,1s,1,2656,2025-10-27 10:04:17,25873.75,25873.75,25872,25872,56,1.75,1.75,0,0,-1,,,,
MNQ DEC25,1s,1,2657,2025-10-27 10:04:18,25872.5,25873.5,25872.5,25873.5,166,1,1,0,0,1,,,,
MNQ DEC25,1s,1,2658,2025-10-27 10:04:19,25873.25,25874.25,25873,25873.75,45,1.25,0.5,0.5,0.25,1,,,,
MNQ DEC25,1s,1,2659,2025-10-27 10:04:20,25874.5,25875.25,25874.25,25874.5,129,1,0,0.75,0.25,0,,,,
MNQ DEC25,10s,10,5665,2025-10-27 10:04:20,25875,25875.75,25871.25,25874.5,986,4.5,0.5,0.75,3.25,-1,96.25,48,25.7,21.73
MNQ DEC25,20s,20,5832,2025-10-27 10:04:20,25871,25876.25,25870.75,25874.5,2226,5.5,3.5,1.75,0.25,1,341.4,195.1,83.45,-33.51
MNQ DEC25,1s,1,2660,2025-10-27 10:04:21,25874.75,25875.5,25872.5,25872.5,82,3,2.25,0.75,0,-1,,,,
MNQ DEC25,1s,1,2661,2025-10-27 10:04:22,25872.5,25872.5,25871.5,25872,39,1,0.5,0,0.5,-1,,,,
MNQ DEC25,1s,1,2662,2025-10-27 10:04:23,25872,25872.25,25871,25871.25,65,1.25,0.75,0.25,0.25,-1,,,,
MNQ DEC25,1s,1,2663,2025-10-27 10:04:24,25871.75,25872.25,25871.5,25871.75,48,0.75,0,0.5,0.25,0,,,,
MNQ DEC25,1s,1,2664,2025-10-27 10:04:25,25871.25,25872,25871.25,25871.5,26,0.75,0.25,0.5,0,1,,,,
MNQ DEC25,1s,1,2665,2025-10-27 10:04:26,25871.5,25872,25869.75,25869.75,109,2.25,1.75,0.5,0,-1,,,,
MNQ DEC25,1s,1,2666,2025-10-27 10:04:27,25870.25,25871.25,25869.75,25871,73,1.5,0.75,0.25,0.5,1,,,,
MNQ DEC25,1s,1,2667,2025-10-27 10:04:28,25871,25871.25,25869.5,25870.5,58,1.75,0.5,0.25,1,-1,,,,
MNQ DEC25,1s,1,2668,2025-10-27 10:04:29,25870.75,25870.75,25868,25868.75,119,2.75,2,0,0.75,-1,,,,
MNQ DEC25,1s,1,2669,2025-10-27 10:04:30,25869,25869.75,25867.5,25869.75,96,2.25,0.75,0,1.5,1,,,,
MNQ DEC25,10s,10,5666,2025-10-27 10:04:30,25874.75,25875.5,25867.5,25869.75,715,8,5,0.75,2.25,-1,156.2,59.95,49.9,38.39
MNQ DEC25,1s,1,2670,2025-10-27 10:04:31,25869.75,25870,25868.25,25869.5,182,1.75,0.25,0.25,1.25,-1,,,,
MNQ DEC25,1s,1,2671,2025-10-27 10:04:32,25869.5,25869.75,25869.25,25869.75,38,0.5,0.25,0,0.25,1,,,,
MNQ DEC25,1s,1,2672,2025-10-27 10:04:33,25869.25,25869.5,25868,25868.5,28,1.5,0.75,0.25,0.5,-1,,,,
MNQ DEC25,1s,1,2673,2025-10-27 10:04:34,25868,25869,25867.25,25868.25,51,1.75,0.25,0.75,0.75,1,,,,
MNQ DEC25,1s,1,2674,2025-10-27 10:04:35,25868.25,25869,25868,25868.5,49,1,0.25,0.5,0.25,1,,,,
MNQ DEC25,1s,1,2675,2025-10-27 10:04:36,25869,25870,25868.75,25869.25,76,1.25,0.25,0.75,0.25,1,,,,
MNQ DEC25,1s,1,2676,2025-10-27 10:04:37,25869.75,25869.75,25868.75,25869.5,27,1,0.25,0,0.75,-1,,,,
MNQ DEC25,1s,1,2677,2025-10-27 10:04:38,25869.5,25870,25869,25869.5,37,1,0,0.5,0.5,0,,,,
MNQ DEC25,1s,1,2678,2025-10-27 10:04:39,25870,25870.25,25869.75,25869.75,18,0.5,0.25,0.25,0,-1,,,,
MNQ DEC25,1s,1,2679,2025-10-27 10:04:40,25870.5,25871,25870,25871,57,1,0.5,0,0.5,1,,,,
MNQ DEC25,10s,10,5667,2025-10-27 10:04:40,25869.75,25871,25867.25,25871,563,3.75,1.25,0,2.5,1,155.4,-0.8,35.71666667,27.25
MNQ DEC25,20s,20,5833,2025-10-27 10:04:40,25874.75,25875.5,25867.25,25871,1278,8.25,3.75,0.75,3.75,-1,392.4,51,117.18333333,-13.39
MNQ DEC25,1s,1,2680,2025-10-27 10:04:41,25871,25871.25,25869.75,25870.5,66,1.5,0.5,0.25,0.75,-1,,,,
MNQ DEC25,1s,1,2681,2025-10-27 10:04:42,25870.25,25870.75,25870,25870.75,34,0.75,0.5,0,0.25,1,,,,
MNQ DEC25,1s,1,2682,2025-10-27 10:04:43,25870.75,25871,25869.75,25870.25,22,1.25,0.5,0.25,0.5,-1,,,,
MNQ DEC25,1s,1,2683,2025-10-27 10:04:44,25870.75,25871,25870.25,25870.25,15,0.75,0.5,0.25,0,-1,,,,
MNQ DEC25,1s,1,2684,2025-10-27 10:04:45,25870.25,25870.25,25869.25,25869.5,35,1,0.75,0,0.25,-1,,,,
MNQ DEC25,1s,1,2685,2025-10-27 10:04:46,25869.5,25870,25868.75,25869.25,34,1.25,0.25,0.5,0.5,-1,,,,
MNQ DEC25,1s,1,2686,2025-10-27 10:04:47,25869.25,25869.25,25868.25,25868.25,22,1,1,0,0,-1,,,,
MNQ DEC25,1s,1,2687,2025-10-27 10:04:48,25868,25868.5,25867,25867.5,110,1.5,0.5,0.5,0.5,-1,,,,
MNQ DEC25,1s,1,2688,2025-10-27 10:04:49,25868,25869,25867.75,25868,58,1.25,0,1,0.25,0,,,,
MNQ DEC25,1s,1,2689,2025-10-27 10:04:50,25868.25,25868.75,25867.5,25868.75,29,1.25,0.5,0,0.75,1,,,,
MNQ DEC25,10s,10,5668,2025-10-27 10:04:50,25871,25871.25,25867,25868.75,425,4.25,2.25,0.25,1.75,-1,-10.55,-165.95,-35.6,-3.41
MNQ DEC25,1s,1,2690,2025-10-27 10:04:51,25868.5,25868.5,25867,25867,39,1.5,1.5,0,0,-1,,,,
MNQ DEC25,1s,1,2691,2025-10-27 10:04:52,25867.5,25868,25866.75,25868,43,1.25,0.5,0,0.75,1,,,,
MNQ DEC25,1s,1,2692,2025-10-27 10:04:53,25867.75,25868,25867.25,25867.75,34,0.75,0,0.25,0.5,0,,,,
MNQ DEC25,1s,1,2693,2025-10-27 10:04:54,25868,25868.25,25865.5,25865.5,80,2.75,2.5,0.25,0,-1,,,,
MNQ DEC25,1s,1,2694,2025-10-27 10:04:55,25865.5,25867.5,25865.5,25867,61,2,1.5,0.5,0,1,,,,
MNQ DEC25,1s,1,2695,2025-10-27 10:04:56,25867.25,25867.5,25865.5,25865.5,59,2,1.75,0.25,0,-1,,,,
MNQ DEC25,1s,1,2696,2025-10-27 10:04:57,25866,25866,25863.75,25864.5,237,2.25,1.5,0,0.75,-1,,,,
MNQ DEC25,1s,1,2697,2025-10-27 10:04:58,25864.5,25866.25,25864.25,25865.75,64,2,1.25,0.5,0.25,1,,,,
MNQ DEC25,1s,1,2698,2025-10-27 10:04:59,25865.75,25867.25,25865.5,25866.75,64,1.75,1,0.5,0.25,1,,,,
MNQ DEC25,1s,1,2699,2025-10-27 10:05:00,25867,25867.25,25866.25,25866.25,44,1,0.75,0.25,0,-1,,,,
MNQ DEC25,10s,10,5669,2025-10-27 10:05:00,25868.5,25868.5,25863.75,25866.25,725,4.75,2.25,0,2.5,-1,2.55,13.1,-51.21666667,-9.14
MNQ DEC25,20s,20,5834,2025-10-27 10:05:00,25871,25871.25,25863.75,25866.25,1150,7.5,4.75,0.25,2.5,-1,211,-181.4,21.56666667,23.99
MNQ DEC25,1s,1,2700,2025-10-27 10:05:01,25866.5,25868.75,25866,25868.75,181,2.75,2.25,0,0.5,1,,,,
MNQ DEC25,1s,1,2701,2025-10-27 10:05:02,25868.5,25869.25,25868.5,25868.75,121,0.75,0.25,0.5,0,1,,,,
MNQ DEC25,1s,1,2702,2025-10-27 10:05:03,25868.5,25870.25,25868.25,25869.5,150,2,1,0.75,0.25,1,,,,
MNQ DEC25,1s,1,2703,2025-10-27 10:05:04,25869.25,25870,25869,25869.75,43,1,0.5,0.25,0.25,1,,,,
MNQ DEC25,1s,1,2704,2025-10-27 10:05:05,25869.25,25869.25,25868.25,25869,70,1,0.25,0,0.75,-1,,,,
MNQ DEC25,1s,1,2705,2025-10-27 10:05:06,25869,25869.5,25868.5,25868.5,35,1,0.5,0.5,0,-1,,,,
MNQ DEC25,1s,1,2706,2025-10-27 10:05:07,25869.5,25870,25869,25869.75,33,1,0.25,0.25,0.5,1,,,,
MNQ DEC25,1s,1,2707,2025-10-27 10:05:08,25870.25,25870.5,25870,25870,32,0.5,0.25,0.25,0,-1,,,,
MNQ DEC25,1s,1,2708,2025-10-27 10:05:09,25870,25875,25870,25872,374,5,2,3,0,1,,,,
MNQ DEC25,1s,1,2709,2025-10-27 10:05:10,25871.25,25873.25,25871.25,25872.75,100,2,1.5,0.5,0,1,,,,
MNQ DEC25,10s,10,5670,2025-10-27 10:05:10,25866.5,25875,25866,25872.75,1139,9,6.25,2.25,0.5,1,9.65,7.1,-48.58333333,-17.32
MNQ DEC25,1s,1,2710,2025-10-27 10:05:11,25872.75,25873.5,25872.25,25873,81,1.25,0.25,0.5,0.5,1,,,,
MNQ DEC25,1s,1,2711,2025-10-27 10:05:12,25873,25875.5,25870.75,25871.25,340,4.75,1.75,2.5,0.5,-1,,,,
MNQ DEC25,1s,1,2712,2025-10-27 10:05:13,25871.5,25873,25871.25,25872.25,38,1.75,0.75,0.75,0.25,1,,,,
MNQ DEC25,1s,1,2713,2025-10-27 10:05:14,25872.5,25872.75,25871.25,25871.5,30,1.5,1,0.25,0.25,-1,,,,
MNQ DEC25,1s,1,2714,2025-10-27 10:05:15,25872,25874.75,25871.75,25874.5,69,3,2.5,0.25,0.25,1,,,,
MNQ DEC25,1s,1,2715,2025-10-27 10:05:16,25874.75,25874.75,25871.75,25871.75,62,3,3,0,0,-1,,,,
MNQ DEC25,1s,1,2716,2025-10-27 10:05:17,25871.25,25876.75,25871.25,25873.75,358,5.5,2.5,3,0,1,,,,
MNQ DEC25,1s,1,2717,2025-10-27 10:05:18,25873.5,25874.5,25873.25,25874,46,1.25,0.5,0.5,0.25,1,,,,
MNQ DEC25,1s,1,2718,2025-10-27 10:05:19,25873.5,25874.5,25873,25874,64,1.5,0.5,0.5,0.5,1,,,,
MNQ DEC25,1s,1,2719,2025-10-27 10:05:20,25874,25874,25872,25872,50,2,2,0,0,-1,,,,
MNQ DEC25,10s,10,5671,2025-10-27 10:05:20,25872.75,25876.75,25870.75,25872,1138,6,0.75,4,1.25,-1,71.1,61.45,27.21666667,-17.02
MNQ DEC25,20s,20,5835,2025-10-27 10:05:20,25866.5,25876.75,25866,25872,2277,10.75,5.5,4.75,0.5,1,403.5,192.5,20.7,72.53
MNQ DEC25,1s,1,2720,2025-10-27 10:05:21,25871.75,25872.5,25871.25,25872,81,1.25,0.25,0.5,0.5,1,,,,
MNQ DEC25,1s,1,2721,2025-10-27 10:05:22,25871.25,25872,25870.75,25872,22,1.25,0.75,0,0.5,1,,,,
MNQ DEC25,1s,1,2722,2025-10-27 10:05:23,25872,25872.25,25871,25872,37,1.25,0,0.25,1,0,,,,
MNQ DEC25,1s,1,2723,2025-10-27 10:05:24,25872,25873.75,25872,25872.75,60,1.75,0.75,1,0,1,,,,
MNQ DEC25,1s,1,2724,2025-10-27 10:05:25,25872.25,25873,25872,25872,46,1,0.25,0.75,0,-1,,,,
MNQ DEC25,1s,1,2725,2025-10-27 10:05:26,25872.25,25873.25,25872,25872.5,16,1.25,0.25,0.75,0.25,1,,,,
MNQ DEC25,1s,1,2726,2025-10-27 10:05:27,25871.75,25872.25,25871.75,25871.75,14,0.5,0,0.5,0,0,,,,
MNQ DEC25,1s,1,2727,2025-10-27 10:05:28,25871.75,25871.75,25870.75,25871.25,19,1,0.5,0,0.5,-1,,,,
MNQ DEC25,1s,1,2728,2025-10-27 10:05:29,25870.75,25871.75,25870.75,25871,35,1,0.25,0.75,0,1,,,,
MNQ DEC25,1s,1,2729,2025-10-27 10:05:30,25871.25,25871.25,25870,25870,75,1.25,1.25,0,0,-1,,,,
MNQ DEC25,10s,10,5672,2025-10-27 10:05:30,25871.75,25873.75,25870,25870,405,3.75,1.75,2,0,-1,48.1,-23,15.18333333,-21.46
MNQ DEC25,1s,1,2730,2025-10-27 10:05:31,25870.5,25870.75,25867.75,25868,97,3,2.5,0.25,0.25,-1,,,,
MNQ DEC25,1s,1,2731,2025-10-27 10:05:32,25868,25868.75,25867.75,25868,73,1,0,0.75,0.25,0,,,,
MNQ DEC25,1s,1,2732,2025-10-27 10:05:33,25867.5,25868.25,25866.5,25866.75,72,1.75,0.75,0.75,0.25,-1,,,,
MNQ DEC25,1s,1,2733,2025-10-27 10:05:34,25866.25,25867,25866.25,25866.5,41,0.75,0.25,0.5,0,1,,,,
MNQ DEC25,1s,1,2734,2025-10-27 10:05:35,25866.75,25867.25,25866.25,25867,29,1,0.25,0.25,0.5,1,,,,
MNQ DEC25,1s,1,2735,2025-10-27 10:05:36,25866.75,25868,25866.5,25868,42,1.5,1.25,0,0.25,1,,,,
MNQ DEC25,1s,1,2736,2025-10-27 10:05:37,25867,25868.25,25867,25868.25,43,1.25,1.25,0,0,1,,,,
MNQ DEC25,1s,1,2737,2025-10-27 10:05:38,25868.25,25868.25,25866.75,25867.25,42,1.5,1,0,0.5,-1,,,,
MNQ DEC25,1s,1,2738,2025-10-27 10:05:39,25867.25,25867.75,25867.25,25867.25,24,0.5,0,0.5,0,0,,,,
MNQ DEC25,1s,1,2739,2025-10-27 10:05:40,25868,25868.75,25867.25,25868.75,10,1.5,0.75,0,0.75,1,,,,
MNQ DEC25,10s,10,5673,2025-10-27 10:05:40,25870.5,25870.75,25866.25,25868.75,473,4.5,1.75,0.25,2.5,-1,57.3,9.2,15.88333333,13.57
MNQ DEC25,20s,20,5836,2025-10-27 10:05:40,25871.75,25873.75,25866.25,25868.75,878,7.5,3,2,2.5,-1,219.4,-184.1,-57.66666667,14.62
MNQ DEC25,1s,1,2740,2025-10-27 10:05:41,25868.75,25869.25,25868,25869,87,1.25,0.25,0.25,0.75,1,,,,
MNQ DEC25,1s,1,2741,2025-10-27 10:05:42,25868.75,25870.75,25868.25,25870,43,2.5,1.25,0.75,0.5,1,,,,
MNQ DEC25,1s,1,2742,2025-10-27 10:05:43,25870.5,25870.75,25869.5,25870.25,31,1.25,0.25,0.25,0.75,-1,,,,
MNQ DEC25,1s,1,2743,2025-10-27 10:05:44,25870,25870.5,25869,25870,62,1.5,0,0.5,1,0,,,,
MNQ DEC25,1s,1,2744,2025-10-27 10:05:45,25869.75,25869.75,25868.25,25868.25,15,1.5,1.5,0,0,-1,,,,
MNQ DEC25,1s,1,2745,2025-10-27 10:05:46,25868.75,25868.75,25868,25868.75,22,0.75,0,0,0.75,0,,,,
MNQ DEC25,1s,1,2746,2025-10-27 10:05:47,25869,25869,25867.5,25867.5,38,1.5,1.5,0,0,-1,,,,
MNQ DEC25,1s,1,2747,2025-10-27 10:05:48,25867.5,25868,25867.25,25867.5,23,0.75,0,0.5,0.25,0,,,,
MNQ DEC25,1s,1,2748,2025-10-27 10:05:49,25868,25868.25,25867,25867.5,49,1.25,0.5,0.25,0.5,-1,,,,
MNQ DEC25,1s,1,2749,2025-10-27 10:05:50,25867.75,25867.75,25866.25,25867.25,30,1.5,0.5,0,1,-1,,,,
MNQ DEC25,10s,10,5674,2025-10-27 10:05:50,25868.75,25870.75,25866.25,25867.25,400,4.5,1.5,2,1,-1,-6.2,-63.5,-25.76666667,-1.75
MNQ DEC25,1s,1,2750,2025-10-27 10:05:51,25867.25,25869,25867.25,25868.75,60,1.75,1.5,0.25,0,1,,,,
MNQ DEC25,1s,1,2751,2025-10-27 10:05:52,25868.5,25868.5,25867.75,25868,15,0.75,0.5,0,0.25,-1,,,,
MNQ DEC25,1s,1,2752,2025-10-27 10:05:53,25867.75,25868.25,25867.75,25867.75,16,0.5,0,0.5,0,0,,,,
MNQ DEC25,1s,1,2753,2025-10-27 10:05:54,25867.5,25867.5,25865.5,25866.5,54,2,1,0,1,-1,,,,
MNQ DEC25,1s,1,2754,2025-10-27 10:05:55,25866.25,25867,25866,25866,36,1,0.25,0.75,0,-1,,,,
MNQ DEC25,1s,1,2755,2025-10-27 10:05:56,25866,25866.5,25864.75,25865.5,86,1.75,0.5,0.5,0.75,-1,,,,
MNQ DEC25,1s,1,2756,2025-10-27 10:05:57,25865.25,25865.75,25864,25864.25,86,1.75,1,0.5,0.25,-1,,,,
MNQ DEC25,1s,1,2757,2025-10-27 10:05:58,25864.5,25864.75,25863.5,25864,85,1.25,0.5,0.25,0.5,-1,,,,
MNQ DEC25,1s,1,2758,2025-10-27 10:05:59,25863.5,25865,25863.25,25864.5,122,1.75,1,0.5,0.25,1,,,,
MNQ DEC25,1s,1,2759,2025-10-27 10:06:00,25864.75,25866.5,25864.5,25866.5,62,2,1.75,0,0.25,1,,,,
MNQ DEC25,10s,10,5675,2025-10-27 10:06:00,25867.25,25869,25863.25,25866.5,622,5.75,0.75,1.75,3.25,-1,-117.55,-111.35,-55.21666667,-25.44
MNQ DEC25,20s,20,5837,2025-10-27 10:06:00,25868.75,25870.75,25863.25,25866.5,1022,7.5,2.25,2,3.25,-1,-31.05,-250.45,-80.68333333,-74.49
MNQ DEC25,1s,1,2760,2025-10-27 10:06:01,25866.5,25867.75,25866.25,25867.25,130,1.5,0.75,0.5,0.25,1,,,,
MNQ DEC25,1s,1,2761,2025-10-27 10:06:02,25867.25,25867.75,25866.5,25866.75,69,1.25,0.5,0.5,0.25,-1,,,,
MNQ DEC25,1s,1,2762,2025-10-27 10:06:03,25866.5,25867.75,25865.75,25867.25,106,2,0.75,0.5,0.75,1,,,,
MNQ DEC25,1s,1,2763,2025-10-27 10:06:04,25867,25867.5,25866.25,25867.5,39,1.25,0.5,0,0.75,1,,,,
MNQ DEC25,1s,1,2764,2025-10-27 10:06:05,25867,25867.5,25866.75,25866.75,9,0.75,0.25,0.5,0,-1,,,,
MNQ DEC25,1s,1,2765,2025-10-27 10:06:06,25866.5,25867.25,25866,25866.25,31,1.25,0.25,0.75,0.25,-1,,,,
MNQ DEC25,1s,1,2766,2025-10-27 10:06:07,25866.5,25866.75,25864.5,25865.25,80,2.25,1.25,0.25,0.75,-1,,,,
MNQ DEC25,1s,1,2767,2025-10-27 10:06:08,25864.25,25865.75,25864.25,25864.5,51,1.5,0.25,1.25,0,1,,,,
MNQ DEC25,1s,1,2768,2025-10-27 10:06:09,25864.5,25864.5,25863.5,25863.75,45,1,0.75,0,0.25,-1,,,,
MNQ DEC25,1s,1,2769,2025-10-27 10:06:10,25863.75,25865,25863.25,25863.25,63,1.75,0.5,1.25,0,-1,,,,
MNQ DEC25,10s,10,5676,2025-10-27 10:06:10,25866.5,25867.75,25863.25,25863.25,623,4.5,3.25,1.25,0,-1,-223.25,-105.7,-93.51666667,-58.87
MNQ DEC25,1s,1,2770,2025-10-27 10:06:11,25863.25,25863.5,25862.25,25863.25,155,1.25,0,0.25,1,0,,,,
MNQ DEC25,1s,1,2771,2025-10-27 10:06:12,25863.5,25865,25863.25,25864.5,56,1.75,1,0.5,0.25,1,,,,
MNQ DEC25,1s,1,2772,2025-10-27 10:06:13,25864.75,25865.75,25864.5,25865,35,1.25,0.25,0.75,0.25,1,,,,
MNQ DEC25,1s,1,2773,2025-10-27 10:06:14,25865.5,25866,25864.75,25866,68,1.25,0.5,0,0.75,1,,,,
MNQ DEC25,1s,1,2774,2025-10-27 10:06:15,25866.75,25867.75,25866.25,25867.25,47,1.5,0.5,0.5,0.5,1,,,,
MNQ DEC25,1s,1,2775,2025-10-27 10:06:16,25867.5,25868.25,25867,25868.25,58,1.25,0.75,0,0.5,1,,,,
MNQ DEC25,1s,1,2776,2025-10-27 10:06:17,25868.75,25869.5,25868.75,25869.5,53,0.75,0.75,0,0,1,,,,
MNQ DEC25,1s,1,2777,2025-10-27 10:06:18,25869.5,25870,25869,25869.25,59,1,0.25,0.5,0.25,-1,,,,
MNQ DEC25,1s,1,2778,2025-10-27 10:06:19,25869.25,25869.5,25867.25,25868,64,2.25,1.25,0.25,0.75,-1,,,,
MNQ DEC25,1s,1,2779,2025-10-27 10:06:20,25867.5,25868,25866.75,25867.25,13,1.25,0.25,0.5,0.5,-1,,,,
MNQ DEC25,10s,10,5677,2025-10-27 10:06:20,25863.25,25870,25862.25,25867.25,608,7.75,4,2.75,1,1,-200.55,22.7,-64.78333333,-49.73
MNQ DEC25,20s,20,5838,2025-10-27 10:06:20,25866.5,25870,25862.25,25867.25,1231,7.75,0.75,2.75,4.25,1,-77.7,-46.65,-160.4,-94.02
MNQ DEC25,1s,1,2780,2025-10-27 10:06:21,25867,25868.25,25866.25,25868.25,28,2,1.25,0,0.75,1,,,,
MNQ DEC25,1s,1,2781,2025-10-27 10:06:22,25868.75,25868.75,25866.5,25866.5,25,2.25,2.25,0,0,-1,,,,
MNQ DEC25,1s,1,2782,2025-10-27 10:06:23,25866.75,25867.25,25866,25866.25,18,1.25,0.5,0.5,0.25,-1,,,,
MNQ DEC25,1s,1,2783,2025-10-27 10:06:24,25866.75,25867.75,25866.25,25867.5,25,1.5,0.75,0.25,0.5,1,,,,
MNQ DEC25,1s,1,2784,2025-10-27 10:06:25,25867.25,25868,25866.5,25868,31,1.5,0.75,0,0.75,1,,,,
MNQ DEC25,1s,1,2785,2025-10-27 10:06:26,25867.75,25867.75,25866.5,25866.75,20,1.25,1,0,0.25,-1,,,,
MNQ DEC25,1s,1,2786,2025-10-27 10:06:27,25866.75,25866.75,25865.5,25865.75,14,1.25,1,0,0.25,-1,,,,
MNQ DEC25,1s,1,2787,2025-10-27 10:06:28,25866,25867.5,25865.75,25867.5,18,1.75,1.5,0,0.25,1,,,,
MNQ DEC25,1s,1,2788,2025-10-27 10:06:29,25867.5,25869.25,25867.25,25869.25,21,2,1.75,0,0.25,1,,,,
MNQ DEC25,1s,1,2789,2025-10-27 10:06:30,25868.5,25869,25868.5,25868.5,12,0.5,0,0.5,0,0,,,,
MNQ DEC25,10s,10,5678,2025-10-27 10:06:30,25867,25869.25,25865.5,25868.5,212,3.75,1.5,0.75,1.5,1,-206.6,-6.05,-29.68333333,-52.78
MNQ DEC25,1s,1,2790,2025-10-27 10:06:31,25868.75,25869,25867.5,25867.75,18,1.5,1,0.25,0.25,-1,,,,
MNQ DEC25,1s,1,2791,2025-10-27 10:06:32,25868.25,25868.5,25868,25868.5,11,0.5,0.25,0,0.25,1,,,,
MNQ DEC25,1s,1,2792,2025-10-27 10:06:33,25868.25,25868.25,25866.75,25867.25,22,1.5,1,0,0.5,-1,,,,
MNQ DEC25,1s,1,2793,2025-10-27 10:06:34,25867.25,25867.75,25867,25867.25,11,0.75,0,0.5,0.25,0,,,,
MNQ DEC25,1s,1,2794,2025-10-27 10:06:35,25867.25,25867.75,25866.75,25866.75,8,1,0.5,0.5,0,-1,,,,
MNQ DEC25,1s,1,2795,2025-10-27 10:06:36,25866.75,25866.75,25864.75,25864.75,90,2,2,0,0,-1,,,,
MNQ DEC25,1s,1,2796,2025-10-27 10:06:37,25865,25866.75,25864.25,25866.75,48,2.5,1.75,0,0.75,1,,,,
MNQ DEC25,1s,1,2797,2025-10-27 10:06:38,25866.75,25867.25,25866.25,25866.75,14,1,0,0.5,0.5,0,,,,
MNQ DEC25,1s,1,2798,2025-10-27 10:06:39,25867,25867.25,25864.25,25864.25,34,3,2.75,0.25,0,-1,,,,
MNQ DEC25,1s,1,2799,2025-10-27 10:06:40,25864.25,25865.75,25863.5,25865.25,75,2.25,1,0.5,0.75,1,,,,
MNQ DEC25,10s,10,5679,2025-10-27 10:06:40,25868.75,25869,25863.5,25865.25,331,5.5,3.5,0.25,1.75,-1,-197.3,9.3,8.65,-38.22
MNQ DEC25,20s,20,5839,2025-10-27 10:06:40,25867,25869.25,25863.5,25865.25,543,5.75,1.75,2.25,1.75,-1,-195.4,-117.7,-138.26666667,-81.28
MNQ DEC25,1s,1,2800,2025-10-27 10:06:41,25865.25,25866.5,25865.25,25866.5,67,1.25,1.25,0,0,1,,,,
MNQ DEC25,1s,1,2801,2025-10-27 10:06:42,25866.25,25866.25,25865.25,25865.75,41,1,0.5,0,0.5,-1,,,,
MNQ DEC25,1s,1,2802,2025-10-27 10:06:43,25865.5,25866.25,25865.5,25866,24,0.75,0.5,0.25,0,1,,,,
MNQ DEC25,1s,1,2803,2025-10-27 10:06:44,25866.25,25866.25,25864.5,25864.75,15,1.75,1.5,0,0.25,-1,,,,
MNQ DEC25,1s,1,2804,2025-10-27 10:06:45,25864.75,25865,25864.25,25864.5,17,0.75,0.25,0.25,0.25,-1,,,,
MNQ DEC25,1s,1,2805,2025-10-27 10:06:46,25865,25865.5,25864.5,25865.5,38,1,0.5,0,0.5,1,,,,
MNQ DEC25,1s,1,2806,2025-10-27 10:06:47,25865.25,25865.25,25863.75,25864.25,37,1.5,1,0,0.5,-1,,,,
MNQ DEC25,1s,1,2807,2025-10-27 10:06:48,25864,25865.25,25863.75,25864.75,19,1.5,0.75,0.5,0.25,1,,,,
MNQ DEC25,1s,1,2808,2025-10-27 10:06:49,25865,25865.5,25864.5,25865.5,16,1,0.5,0,0.5,1,,,,
MNQ DEC25,1s,1,2809,2025-10-27 10:06:50,25865.25,25865.75,25865,25865.75,36,0.75,0.5,0,0.25,1,,,,
MNQ DEC25,10s,10,5680,2025-10-27 10:06:50,25865.25,25866.5,25863.75,25865.75,310,2.75,0.5,0.75,1.5,1,-240.95,-43.65,-13.46666667,-24.68
MNQ DEC25,1s,1,2810,2025-10-27 10:06:51,25865.75,25866.5,25865.75,25865.75,11,0.75,0,0.75,0,0,,,,
MNQ DEC25,1s,1,2811,2025-10-27 10:06:52,25865.5,25866,25865.25,25866,9,0.75,0.5,0,0.25,1,,,,
MNQ DEC25,1s,1,2812,2025-10-27 10:06:53,25866,25868.75,25865.75,25868.75,60,3,2.75,0,0.25,1,,,,
MNQ DEC25,1s,1,2813,2025-10-27 10:06:54,25868.75,25869,25868.25,25868.5,13,0.75,0.25,0.25,0.25,-1,,,,
MNQ DEC25,1s,1,2814,2025-10-27 10:06:55,25868.75,25869.25,25868.25,25869,10,1,0.25,0.25,0.5,1,,,,
MNQ DEC25,1s,1,2815,2025-10-27 10:06:56,25869,25869.25,25868.75,25868.75,14,0.5,0.25,0.25,0,-1,,,,
MNQ DEC25,1s,1,2816,2025-10-27 10:06:57,25868.75,25869.75,25868.75,25869.25,41,1,0.5,0.5,0,1,,,,
MNQ DEC25,1s,1,2817,2025-10-27 10:06:58,25869.5,25870.5,25869.25,25869.25,42,1.25,0.25,1,0,-1,,,,
MNQ DEC25,1s,1,2818,2025-10-27 10:06:59,25869.25,25869.75,25868.75,25868.75,19,1,0.5,0.5,0,-1,,,,
MNQ DEC25,1s,1,2819,2025-10-27 10:07:00,25869,25869.25,25868.5,25869,13,0.75,0,0.25,0.5,0,,,,
MNQ DEC25,10s,10,5681,2025-10-27 10:07:00,25865.75,25870.5,25865.25,25869,232,5.25,3.25,1.5,0.5,1,-311,-70.05,-34.8,-17.55
MNQ DEC25,20s,20,5840,2025-10-27 10:07:00,25865.25,25870.5,25863.75,25869,542,6.75,3.75,1.5,1.5,1,-493.75,-298.35,-154.23333333,-179.45
MNQ DEC25,1s,1,2820,2025-10-27 10:07:01,25868.75,25868.75,25867.75,25868.25,19,1,0.5,0,0.5,-1,,,,
MNQ DEC25,1s,1,2821,2025-10-27 10:07:02,25868,25868,25867,25867.25,71,1,0.75,0,0.25,-1,,,,
MNQ DEC25,1s,1,2822,2025-10-27 10:07:03,25867.5,25867.5,25866.5,25867.25,34,1,0.25,0,0.75,-1,,,,
MNQ DEC25,1s,1,2823,2025-10-27 10:07:04,25867.25,25867.25,25865,25865.5,30,2.25,1.75,0,0.5,-1,,,,
MNQ DEC25,1s,1,2824,2025-10-27 10:07:05,25865.75,25866.25,25865.5,25866.25,23,0.75,0.5,0,0.25,1,,,,
MNQ DEC25,1s,1,2825,2025-10-27 10:07:06,25866.25,25866.75,25865.75,25866,38,1,0.25,0.5,0.25,-1,,,,
MNQ DEC25,1s,1,2826,2025-10-27 10:07:07,25865.75,25867.5,25865.75,25867.25,24,1.75,1.5,0.25,0,1,,,,
MNQ DEC25,1s,1,2827,2025-10-27 10:07:08,25867.5,25868.5,25867.25,25867.75,23,1.25,0.25,0.75,0.25,1,,,,
MNQ DEC25,1s,1,2828,2025-10-27 10:07:09,25868.25,25868.25,25867.25,25868,24,1,0.25,0,0.75,-1,,,,
MNQ DEC25,1s,1,2829,2025-10-27 10:07:10,25868,25868,25867.75,25867.75,11,0.25,0.25,0,0,-1,,,,
MNQ DEC25,10s,10,5682,2025-10-27 10:07:10,25868.75,25868.75,25865,25867.75,297,3.75,1,0,2.75,-1,-360.75,-49.75,-54.48333333,-32.04
MNQ DEC25,1s,1,2830,2025-10-27 10:07:11,25868,25868.25,25867,25867.5,9,1.25,0.5,0.25,0.5,-1,,,,
MNQ DEC25,1s,1,2831,2025-10-27 10:07:12,25867.5,25868.5,25867.5,25868.5,17,1,1,0,0,1,,,,
MNQ DEC25,1s,1,2832,2025-10-27 10:07:13,25868.75,25872.5,25868.75,25872.5,133,3.75,3.75,0,0,1,,,,
MNQ DEC25,1s,1,2833,2025-10-27 10:07:14,25872.25,25873.5,25872,25872.75,110,1.5,0.5,0.75,0.25,1,,,,
MNQ DEC25,1s,1,2834,2025-10-27 10:07:15,25872.75,25873,25871.5,25871.75,87,1.5,1,0.25,0.25,-1,,,,
MNQ DEC25,1s,1,2835,2025-10-27 10:07:16,25871.25,25873.5,25871.25,25873.5,39,2.25,2.25,0,0,1,,,,
MNQ DEC25,1s,1,2836,2025-10-27 10:07:17,25873.75,25874,25871.5,25872.5,87,2.5,1.25,0.25,1,-1,,,,
MNQ DEC25,1s,1,2837,2025-10-27 10:07:18,25872,25873,25871.5,25872.75,31,1.5,0.75,0.25,0.5,1,,,,
MNQ DEC25,1s,1,2838,2025-10-27 10:07:19,25872,25872,25871,25871.5,47,1,0.5,0,0.5,-1,,,,
MNQ DEC25,1s,1,2839,2025-10-27 10:07:20,25871.5,25872,25871.25,25871.5,18,0.75,0,0.5,0.25,0,,,,
MNQ DEC25,10s,10,5683,2025-10-27 10:07:20,25868,25874,25867,25871.5,578,7,3.5,2.5,1,1,-251.5,109.25,-3.51666667,-8.98
MNQ DEC25,20s,20,5841,2025-10-27 10:07:20,25868.75,25874,25865,25871.5,875,9,2.75,2.5,3.75,1,-495.6,-1.85,-139.3,-143
MNQ DEC25,1s,1,2840,2025-10-27 10:07:21,25871.25,25871.25,25869.5,25870,41,1.75,1.25,0,0.5,-1,,,,
MNQ DEC25,1s,1,2841,2025-10-27 10:07:22,25869.5,25870.5,25869.25,25869.5,27,1.25,0,1,0.25,0,,,,
MNQ DEC25,1s,1,2842,2025-10-27 10:07:23,25869,25870.75,25868.75,25870,32,2,1,0.75,0.25,1,,,,
MNQ DEC25,1s,1,2843,2025-10-27 10:07:24,25869.75,25870.5,25869,25869.25,16,1.5,0.5,0.75,0.25,-1,,,,
MNQ DEC25,1s,1,2844,2025-10-27 10:07:25,25870.25,25870.5,25869,25869.75,30,1.5,0.5,0.25,0.75,-1,,,,
MNQ DEC25,1s,1,2845,2025-10-27 10:07:26,25870,25870.25,25869.25,25869.5,18,1,0.5,0.25,0.25,-1,,,,
MNQ DEC25,1s,1,2846,2025-10-27 10:07:27,25869.5,25870.75,25868.75,25870.25,43,2,0.75,0.5,0.75,1,,,,
MNQ DEC25,1s,1,2847,2025-10-27 10:07:28,25870.25,25870.5,25869.75,25869.75,23,0.75,0.5,0.25,0,-1,,,,
MNQ DEC25,1s,1,2848,2025-10-27 10:07:29,25869.5,25869.75,25869.25,25869.25,16,0.5,0.25,0.25,0,-1,,,,
MNQ DEC25,1s,1,2849,2025-10-27 10:07:30,25869.75,25869.75,25869,25869,21,0.75,0.75,0,0,-1,,,,
MNQ DEC25,10s,10,5684,2025-10-27 10:07:30,25871.25,25871.25,25868.75,25869,267,2.5,2.25,0,0.25,-1,-215.65,35.85,31.78333333,-3.67
MNQ DEC25,1s,1,2850,2025-10-27 10:07:31,25869.25,25870,25868.75,25870,22,1.25,0.75,0,0.5,1,,,,
MNQ DEC25,1s,1,2851,2025-10-27 10:07:32,25869.5,25870,25869.5,25870,4,0.5,0.5,0,0,1,,,,
MNQ DEC25,1s,1,2852,2025-10-27 10:07:33,25870.25,25871.25,25870.25,25871,15,1,0.75,0.25,0,1,,,,
MNQ DEC25,1s,1,2853,2025-10-27 10:07:34,25871,25872,25871,25872,27,1,1,0,0,1,,,,
MNQ DEC25,1s,1,2854,2025-10-27 10:07:35,25872,25872.25,25870.25,25870.5,39,2,1.5,0.25,0.25,-1,,,,
MNQ DEC25,1s,1,2855,2025-10-27 10:07:36,25871,25871.5,25870.75,25871.25,21,0.75,0.25,0.25,0.25,1,,,,
MNQ DEC25,1s,1,2856,2025-10-27 10:07:37,25870.75,25871,25870.5,25870.75,9,0.5,0,0.25,0.25,0,,,,
MNQ DEC25,1s,1,2857,2025-10-27 10:07:38,25871,25871.25,25870.25,25870.25,12,1,0.75,0.25,0,-1,,,,
MNQ DEC25,1s,1,2858,2025-10-27 10:07:39,25870,25870.25,25869.25,25869.25,13,1,0.75,0.25,0,-1,,,,
MNQ DEC25,1s,1,2859,2025-10-27 10:07:40,25869,25869.25,25868,25869.25,28,1.25,0.25,0,1,1,,,,
MNQ DEC25,10s,10,5685,2025-10-27 10:07:40,25869.25,25872.25,25868,25869.25,190,4.25,0,3,1.25,0,-199.85,15.8,53.63333333,8.22
MNQ DEC25,20s,20,5842,2025-10-27 10:07:40,25871.25,25872.25,25868,25869.25,457,4.25,2,1,1.25,-1,-580,-84.4,-128.2,-109.79
MNQ DEC25,1s,1,2860,2025-10-27 10:07:41,25869.25,25869.25,25868.25,25868.25,15,1,1,0,0,-1,,,,
MNQ DEC25,1s,1,2861,2025-10-27 10:07:42,25868.75,25869.75,25868.75,25869,25,1,0.25,0.75,0,1,,,,
MNQ DEC25,1s,1,2862,2025-10-27 10:07:43,25868.5,25868.5,25867.25,25868,35,1.25,0.5,0,0.75,-1,,,,
MNQ DEC25,1s,1,2863,2025-10-27 10:07:44,25867,25867.5,25866.25,25867.25,19,1.25,0.25,0.25,0.75,1,,,,
MNQ DEC25,1s,1,2864,2025-10-27 10:07:45,25866.5,25868.5,25866.5,25868.5,24,2,2,0,0,1,,,,
MNQ DEC25,1s,1,2865,2025-10-27 10:07:46,25868,25868,25866.25,25866.25,25,1.75,1.75,0,0,-1,,,,
MNQ DEC25,1s,1,2866,2025-10-27 10:07:47,25866.75,25867.25,25866,25866,18,1.25,0.75,0.5,0,-1,,,,
MNQ DEC25,1s,1,2867,2025-10-27 10:07:48,25865.75,25866,25865.25,25866,38,0.75,0.25,0,0.5,1,,,,
MNQ DEC25,1s,1,2868,2025-10-27 10:07:49,25865.75,25867.25,25865.75,25867,33,1.5,1.25,0.25,0,1,,,,
MNQ DEC25,1s,1,2869,2025-10-27 10:07:50,25867,25867.5,25866,25866.75,21,1.5,0.25,0.5,0.75,-1,,,,
MNQ DEC25,10s,10,5686,2025-10-27 10:07:50,25869.25,25869.75,25865.25,25866.75,253,4.5,2.5,0.5,1.5,-1,-172.55,27.3,26.31666667,27.69
MNQ DEC25,1s,1,2870,2025-10-27 10:07:51,25866.25,25867,25866.25,25866.75,24,0.75,0.5,0.25,0,1,,,,
MNQ DEC25,1s,1,2871,2025-10-27 10:07:52,25866.5,25867.25,25866.5,25866.75,14,0.75,0.25,0.5,0,1,,,,
MNQ DEC25,1s,1,2872,2025-10-27 10:07:53,25867.5,25867.75,25866.75,25866.75,25,1,0.75,0.25,0,-1,,,,
MNQ DEC25,1s,1,2873,2025-10-27 10:07:54,25866.75,25866.75,25866.75,25866.75,1,0,0,0,0,0,,,,
MNQ DEC25,1s,1,2874,2025-10-27 10:07:55,25867.5,25867.75,25867.5,25867.5,5,0.25,0,0.25,0,0,,,,
MNQ DEC25,1s,1,2875,2025-10-27 10:07:56,25868.25,25868.25,25867,25867,16,1.25,1.25,0,0,-1,,,,
MNQ DEC25,1s,1,2876,2025-10-27 10:07:57,25867,25867.5,25865.5,25865.75,33,2,1.25,0.5,0.25,-1,,,,
MNQ DEC25,1s,1,2877,2025-10-27 10:07:58,25866.5,25866.75,25866,25866.75,13,0.75,0.25,0,0.5,1,,,,
MNQ DEC25,1s,1,2878,2025-10-27 10:07:59,25867,25867.5,25866.5,25866.5,16,1,0.5,0.5,0,-1,,,,
MNQ DEC25,1s,1,2879,2025-10-27 10:08:00,25866.75,25866.75,25865.25,25865.75,20,1.5,1,0,0.5,-1,,,,
MNQ DEC25,10s,10,5687,2025-10-27 10:08:00,25866.25,25868.25,25865.25,25865.75,167,3,0.5,2,0.5,-1,-178.75,-6.2,12.3,36.4
MNQ DEC25,20s,20,5843,2025-10-27 10:08:00,25869.25,25869.75,25865.25,25865.75,420,4.5,3.5,0.5,0.5,-1,-707.55,-127.55,-71.26666667,-125.97
MNQ DEC25,1s,1,2880,2025-10-27 10:08:01,25866.25,25866.5,25865,25866,62,1.5,0.25,0.25,1,-1,,,,
MNQ DEC25,1s,1,2881,2025-10-27 10:08:02,25865.75,25866.5,25865.25,25866.5,36,1.25,0.75,0,0.5,1,,,,
MNQ DEC25,1s,1,2882,2025-10-27 10:08:03,25866.5,25866.75,25865.75,25866.25,23,1,0.25,0.25,0.5,-1,,,,
MNQ DEC25,1s,1,2883,2025-10-27 10:08:04,25866.25,25866.25,25865.5,25866,21,0.75,0.25,0,0.5,-1,,,,
MNQ DEC25,1s,1,2884,2025-10-27 10:08:05,25865.75,25866.5,25865.25,25865.75,24,1.25,0,0.75,0.5,0,,,,
MNQ DEC25,1s,1,2885,2025-10-27 10:08:06,25866.25,25866.25,25865,25865.75,25,1.25,0.5,0,0.75,-1,,,,
MNQ DEC25,1s,1,2886,2025-10-27 10:08:07,25865.25,25866,25864.5,25864.5,73,1.5,0.75,0.75,0,-1,,,,
MNQ DEC25,1s,1,2887,2025-10-27 10:08:08,25864.25,25865.5,25864.25,25864.75,40,1.25,0.5,0.75,0,1,,,,
MNQ DEC25,1s,1,2888,2025-10-27 10:08:09,25865,25866.25,25865,25866.25,35,1.25,1.25,0,0,1,,,,
MNQ DEC25,1s,1,2889,2025-10-27 10:08:10,25866.25,25867,25866,25866.5,44,1,0.25,0.5,0.25,1,,,,
MNQ DEC25,10s,10,5688,2025-10-27 10:08:10,25866.25,25867,25864.25,25866.5,383,2.75,0.25,0.5,2,1,-215.65,-36.9,-5.26666667,7.17
MNQ DEC25,1s,1,2890,2025-10-27 10:08:11,25866.25,25868,25866.25,25867.75,21,1.75,1.5,0.25,0,1,,,,
MNQ DEC25,1s,1,2891,2025-10-27 10:08:12,25867.5,25868.5,25867.5,25867.5,48,1,0,1,0,0,,,,
MNQ DEC25,1s,1,2892,2025-10-27 10:08:13,25868,25868,25867,25867.75,24,1,0.25,0,0.75,-1,,,,
MNQ DEC25,1s,1,2893,2025-10-27 10:08:14,25867,25867,25865,25865.25,29,2,1.75,0,0.25,-1,,,,
MNQ DEC25,1s,1,2894,2025-10-27 10:08:15,25865.25,25866.25,25865.25,25866.25,14,1,1,0,0,1,,,,
MNQ DEC25,1s,1,2895,2025-10-27 10:08:16,25866.5,25866.5,25865.5,25865.5,23,1,1,0,0,-1,,,,
MNQ DEC25,1s,1,2896,2025-10-27 10:08:17,25865,25865.75,25864.5,25865.5,46,1.25,0.5,0.25,0.5,1,,,,
MNQ DEC25,1s,1,2897,2025-10-27 10:08:18,25865,25865.25,25864,25864.75,66,1.25,0.25,0.25,0.75,-1,,,,
MNQ DEC25,1s,1,2898,2025-10-27 10:08:19,25865.25,25865.75,25865,25865.25,15,0.75,0,0.5,0.25,0,,,,
MNQ DEC25,1s,1,2899,2025-10-27 10:08:20,25865.5,25866.25,25865.5,25865.75,33,0.75,0.25,0.5,0,1,,,,
MNQ DEC25,10s,10,5689,2025-10-27 10:08:20,25866.25,25868.5,25864,25865.75,319,4.5,0.5,2.25,1.75,-1,-184.95,30.7,-4.13333333,6.14
MNQ DEC25,20s,20,5844,2025-10-27 10:08:20,25866.25,25868.5,25864,25865.75,702,4.5,0.5,2.25,1.75,-1,-528.4,179.15,-10.93333333,-66.6
MNQ DEC25,1s,1,2900,2025-10-27 10:08:21,25865.5,25865.5,25864.75,25864.75,10,0.75,0.75,0,0,-1,,,,
MNQ DEC25,1s,1,2901,2025-10-27 10:08:22,25865.25,25866.75,25865,25866.5,75,1.75,1.25,0.25,0.25,1,,,,
MNQ DEC25,1s,1,2902,2025-10-27 10:08:23,25867,25867,25866.5,25866.75,7,0.5,0.25,0,0.25,-1,,,,
MNQ DEC25,1s,1,2903,2025-10-27 10:08:24,25867.5,25867.75,25866.25,25866.75,29,1.5,0.75,0.25,0.5,-1,,,,
MNQ DEC25,1s,1,2904,2025-10-27 10:08:25,25866.5,25867,25866.5,25867,9,0.5,0.5,0,0,1,,,,
MNQ DEC25,1s,1,2905,2025-10-27 10:08:26,25867.5,25867.75,25867.25,25867.25,13,0.5,0.25,0.25,0,-1,,,,
MNQ DEC25,1s,1,2906,2025-10-27 10:08:27,25867,25867.25,25866.5,25867.25,20,0.75,0.25,0,0.5,1,,,,
MNQ DEC25,1s,1,2907,2025-10-27 10:08:28,25868,25870.5,25867.5,25870.5,51,3,2.5,0,0.5,1,,,,
MNQ DEC25,1s,1,2908,2025-10-27 10:08:29,25870.75,25871.25,25870.5,25870.5,45,0.75,0.25,0.5,0,-1,,,,
MNQ DEC25,1s,1,2909,2025-10-27 10:08:30,25871,25871,25870,25870.25,37,1,0.75,0,0.25,-1,,,,
MNQ DEC25,10s,10,5690,2025-10-27 10:08:30,25865.5,25871.25,25864.75,25870.25,296,6.5,4.75,1,0.75,1,-121.6,63.35,19.05,15.65
MNQ DEC25,1s,1,2910,2025-10-27 10:08:31,25870.25,25870.75,25870,25870.75,27,0.75,0.5,0,0.25,1,,,,
MNQ DEC25,1s,1,2911,2025-10-27 10:08:32,25870.75,25871.5,25870.75,25870.75,34,0.75,0,0.75,0,0,,,,
MNQ DEC25,1s,1,2912,2025-10-27 10:08:33,25871.75,25872.5,25871.5,25871.75,78,1,0,0.75,0.25,0,,,,
MNQ DEC25,1s,1,2913,2025-10-27 10:08:34,25871.25,25872.25,25870.75,25871.75,17,1.5,0.5,0.5,0.5,1,,,,
MNQ DEC25,1s,1,2914,2025-10-27 10:08:35,25872,25872.25,25871.25,25872.25,12,1,0.25,0,0.75,1,,,,
MNQ DEC25,1s,1,2915,2025-10-27 10:08:36,25871.75,25871.75,25871,25871.25,20,0.75,0.5,0,0.25,-1,,,,
MNQ DEC25,1s,1,2916,2025-10-27 10:08:37,25871,25871,25869,25870.25,44,2,0.75,0,1.25,-1,,,,
MNQ DEC25,1s,1,2917,2025-10-27 10:08:38,25869.75,25870.5,25869.5,25869.75,13,1,0,0.75,0.25,0,,,,
MNQ DEC25,1s,1,2918,2025-10-27 10:08:39,25869.25,25870,25868.5,25869.75,29,1.5,0.5,0.25,0.75,1,,,,
MNQ DEC25,1s,1,2919,2025-10-27 10:08:40,25870,25871,25869.25,25871,8,1.75,1,0,0.75,1,,,,
MNQ DEC25,10s,10,5691,2025-10-27 10:08:40,25870.25,25872.5,25868.5,25871,282,4,0.75,1.5,1.75,1,-73,48.6,47.55,19.91
MNQ DEC25,20s,20,5845,2025-10-27 10:08:40,25865.5,25872.5,25864.75,25871,578,7.75,5.5,1.5,0.75,1,-482.9,45.5,32.36666667,2.17
MNQ DEC25,1s,1,2920,2025-10-27 10:08:41,25871.5,25872,25871,25871,21,1,0.5,0.5,0,-1,,,,
MNQ DEC25,1s,1,2921,2025-10-27 10:08:42,25871,25871.25,25870,25870.75,16,1.25,0.25,0.25,0.75,-1,,,,
MNQ DEC25,1s,1,2922,2025-10-27 10:08:43,25870.5,25871,25870.5,25871,3,0.5,0.5,0,0,1,,,,
MNQ DEC25,1s,1,2923,2025-10-27 10:08:44,25870.75,25870.75,25870.5,25870.5,2,0.25,0.25,0,0,-1,,,,
MNQ DEC25,1s,1,2924,2025-10-27 10:08:45,25871,25871,25870.5,25870.5,10,0.5,0.5,0,0,-1,,,,
MNQ DEC25,1s,1,2925,2025-10-27 10:08:46,25871,25871.5,25870.75,25871.25,27,0.75,0.25,0.25,0.25,1,,,,
MNQ DEC25,1s,1,2926,2025-10-27 10:08:47,25871.5,25871.5,25870.75,25871.25,15,0.75,0.25,0,0.5,-1,,,,
MNQ DEC25,1s,1,2927,2025-10-27 10:08:48,25871.5,25872.25,25871,25872,22,1.25,0.5,0.25,0.5,1,,,,
MNQ DEC25,1s,1,2928,2025-10-27 10:08:49,25871.5,25872.5,25871,25872.25,41,1.5,0.75,0.25,0.5,1,,,,
MNQ DEC25,1s,1,2929,2025-10-27 10:08:50,25872.25,25872.75,25872.25,25872.5,28,0.5,0.25,0.25,0,1,,,,
MNQ DEC25,10s,10,5692,2025-10-27 10:08:50,25871.5,25872.75,25870,25872.5,185,2.75,1,0.25,1.5,1,-58.4,14.6,42.18333333,24.07
MNQ DEC25,1s,1,2930,2025-10-27 10:08:51,25872.75,25873,25871.5,25871.75,55,1.5,1,0.25,0.25,-1,,,,
MNQ DEC25,1s,1,2931,2025-10-27 10:08:52,25871.25,25871.25,25869.25,25869.5,68,2,1.75,0,0.25,-1,,,,
MNQ DEC25,1s,1,2932,2025-10-27 10:08:53,25869.75,25870,25869.75,25870,13,0.25,0.25,0,0,1,,,,
MNQ DEC25,1s,1,2933,2025-10-27 10:08:54,25870.25,25871.25,25870.25,25870.5,57,1,0.25,0.75,0,1,,,,
MNQ DEC25,1s,1,2934,2025-10-27 10:08:55,25870.5,25870.75,25870,25870.75,19,0.75,0.25,0,0.5,1,,,,
MNQ DEC25,1s,1,2935,2025-10-27 10:08:56,25870.75,25871.5,25870.75,25871,15,0.75,0.25,0.5,0,1,,,,
MNQ DEC25,1s,1,2936,2025-10-27 10:08:57,25872,25872,25871.25,25871.75,7,0.75,0.25,0,0.5,-1,,,,
MNQ DEC25,1s,1,2937,2025-10-27 10:08:58,25871,25871,25870.25,25870.25,16,0.75,0.75,0,0,-1,,,,
MNQ DEC25,1s,1,2938,2025-10-27 10:08:59,25870.75,25870.75,25870,25870.5,5,0.75,0.25,0,0.5,-1,,,,
MNQ DEC25,1s,1,2939,2025-10-27 10:09:00,25870.5,25871.25,25870,25870,23,1.25,0.5,0.75,0,-1,,,,
MNQ DEC25,10s,10,5693,2025-10-27 10:09:00,25872.75,25873,25869.25,25870,278,3.75,2.75,0.25,0.75,-1,-69.65,-11.25,17.31666667,29.2
MNQ DEC25,20s,20,5846,2025-10-27 10:09:00,25871.5,25873,25869.25,25870,463,3.75,1.5,1.5,0.75,-1,-536.35,-53.45,57.06666667,-8.15
MNQ DEC25,1s,1,2940,2025-10-27 10:09:01,25871.25,25871.25,25870.75,25870.75,5,0.5,0.5,0,0,-1,,,,
MNQ DEC25,1s,1,2941,2025-10-27 10:09:02,25870.5,25870.75,25869.75,25870.25,8,1,0.25,0.25,0.5,-1,,,,
MNQ DEC25,1s,1,2942,2025-10-27 10:09:03,25870,25871.25,25870,25870.25,22,1.25,0.25,1,0,1,,,,
MNQ DEC25,1s,1,2943,2025-10-27 10:09:04,25870.75,25870.75,25869.5,25870.75,20,1.25,0,0,1.25,0,,,,
MNQ DEC25,1s,1,2944,2025-10-27 10:09:05,25870.75,25870.75,25870,25870.25,7,0.75,0.5,0,0.25,-1,,,,
MNQ DEC25,1s,1,2945,2025-10-27 10:09:06,25870.75,25871.25,25870.25,25870.5,34,1,0.25,0.5,0.25,-1,,,,
MNQ DEC25,1s,1,2946,2025-10-27 10:09:07,25871,25871.5,25870.5,25871.5,26,1,0.5,0,0.5,1,,,,
MNQ DEC25,1s,1,2947,2025-10-27 10:09:08,25871.75,25871.75,25871,25871.25,25,0.75,0.5,0,0.25,-1,,,,
MNQ DEC25,1s,1,2948,2025-10-27 10:09:09,25870.75,25872.5,25870.75,25871.75,46,1.75,1,0.75,0,1,,,,
MNQ DEC25,1s,1,2949,2025-10-27 10:09:10,25871.5,25871.75,25871.25,25871.25,16,0.5,0.25,0.25,0,-1,,,,
MNQ DEC25,10s,10,5694,2025-10-27 10:09:10,25871.25,25872.5,25869.5,25871.25,209,3,0,1.25,1.75,0,-82.1,-12.45,-3.03333333,20.57
MNQ DEC25,1s,1,2950,2025-10-27 10:09:11,25871.25,25871.5,25870,25870.5,27,1.5,0.75,0.25,0.5,-1,,,,
MNQ DEC25,1s,1,2951,2025-10-27 10:09:12,25870.75,25870.75,25869.75,25870,9,1,0.75,0,0.25,-1,,,,
MNQ DEC25,1s,1,2952,2025-10-27 10:09:13,25870,25870,25869.25,25869.5,20,0.75,0.5,0,0.25,-1,,,,
MNQ DEC25,1s,1,2953,2025-10-27 10:09:14,25869.25,25870.25,25869,25869,37,1.25,0.25,1,0,-1,,,,
MNQ DEC25,1s,1,2954,2025-10-27 10:09:15,25869.25,25870,25869.25,25869.75,22,0.75,0.5,0.25,0,1,,,,
MNQ DEC25,1s,1,2955,2025-10-27 10:09:16,25870,25870,25868.75,25869.25,11,1.25,0.75,0,0.5,-1,,,,
MNQ DEC25,1s,1,2956,2025-10-27 10:09:17,25869.5,25870.25,25869.25,25870.25,25,1,0.75,0,0.25,1,,,,
MNQ DEC25,1s,1,2957,2025-10-27 10:09:18,25870,25871.25,25870,25871.25,11,1.25,1.25,0,0,1,,,,
MNQ DEC25,1s,1,2958,2025-10-27 10:09:19,25871.25,25873.5,25871.25,25872.75,65,2.25,1.5,0.75,0,1,,,,
MNQ DEC25,1s,1,2959,2025-10-27 10:09:20,25873.25,25873.75,25873,25873,42,0.75,0.25,0.5,0,-1,,,,
MNQ DEC25,10s,10,5695,2025-10-27 10:09:20,25871.25,25873.75,25868.75,25873,269,5,1.75,0.75,2.5,1,-69.85,12.25,-3.81666667,10.35
MNQ DEC25,20s,20,5847,2025-10-27 10:09:20,25871.25,25873.75,25868.75,25873,478,5,1.75,0.75,2.5,1,-511.4,24.95,5.66666667,13.72
MNQ DEC25,1s,1,2960,2025-10-27 10:09:21,25873.25,25873.75,25872.5,25873.5,67,1.25,0.25,0.25,0.75,1,,,,
MNQ DEC25,1s,1,2961,2025-10-27 10:09:22,25874,25874,25872.75,25873,30,1.25,1,0,0.25,-1,,,,
MNQ DEC25,1s,1,2962,2025-10-27 10:09:23,25872.75,25873,25870.25,25871,34,2.75,1.75,0.25,0.75,-1,,,,
MNQ DEC25,1s,1,2963,2025-10-27 10:09:24,25870.5,25871.75,25870.25,25871.75,34,1.5,1.25,0,0.25,1,,,,
MNQ DEC25,1s,1,2964,2025-10-27 10:09:25,25871.25,25871.25,25869.75,25869.75,16,1.5,1.5,0,0,-1,,,,
MNQ DEC25,1s,1,2965,2025-10-27 10:09:26,25870,25870.5,25870,25870,16,0.5,0,0.5,0,0,,,,
MNQ DEC25,1s,1,2966,2025-10-27 10:09:27,25870.25,25870.25,25869.5,25869.75,17,0.75,0.5,0,0.25,-1,,,,
MNQ DEC25,1s,1,2967,2025-10-27 10:09:28,25869.25,25870,25869.25,25869.5,21,0.75,0.25,0.5,0,1,,,,
MNQ DEC25,1s,1,2968,2025-10-27 10:09:29,25869,25869.75,25868.25,25869.75,66,1.5,0.75,0,0.75,1,,,,
MNQ DEC25,1s,1,2969,2025-10-27 10:09:30,25869.5,25870.25,25869.25,25870.25,21,1,0.75,0,0.25,1,,,,
MNQ DEC25,10s,10,5696,2025-10-27 10:09:30,25873.25,25874,25868.25,25870.25,322,5.75,3,0.75,2,-1,-46.8,23.05,7.61666667,5.24
MNQ DEC25,1s,1,2970,2025-10-27 10:09:31,25870.75,25871,25870,25870.5,34,1,0.25,0.25,0.5,-1,,,,
MNQ DEC25,1s,1,2971,2025-10-27 10:09:32,25870.75,25870.75,25870,25870,11,0.75,0.75,0,0,-1,,,,
MNQ DEC25,1s,1,2972,2025-10-27 10:09:33,25869.75,25869.75,25869,25869,26,0.75,0.75,0,0,-1,,,,
MNQ DEC25,1s,1,2973,2025-10-27 10:09:34,25869.25,25869.25,25868.75,25868.75,13,0.5,0.5,0,0,-1,,,,
MNQ DEC25,1s,1,2974,2025-10-27 10:09:35,25869.25,25869.25,25868.75,25869.25,8,0.5,0,0,0.5,0,,,,
MNQ DEC25,1s,1,2975,2025-10-27 10:09:36,25869.25,25870,25869.25,25870,9,0.75,0.75,0,0,1,,,,
MNQ DEC25,1s,1,2976,2025-10-27 10:09:37,25869.75,25870.5,25869.75,25869.75,12,0.75,0,0.75,0,0,,,,
MNQ DEC25,1s,1,2977,2025-10-27 10:09:38,25870,25870.25,25869.75,25870,5,0.5,0,0.25,0.25,0,,,,
MNQ DEC25,1s,1,2978,2025-10-27 10:09:39,25870,25870,25869.25,25869.75,12,0.75,0.25,0,0.5,-1,,,,
MNQ DEC25,1s,1,2979,2025-10-27 10:09:40,25869.5,25870.25,25869.5,25870,19,0.75,0.5,0.25,0,1,,,,
MNQ DEC25,10s,10,5697,2025-10-27 10:09:40,25870.75,25871,25868.75,25870,149,2.25,0.75,0.25,1.25,-1,-31.05,15.75,17.01666667,5.47
MNQ DEC25,20s,20,5848,2025-10-27 10:09:40,25873.25,25874,25868.25,25870,471,5.75,3.25,0.75,1.75,-1,-483.8,27.6,-0.3,44.75
MNQ DEC25,1s,1,2980,2025-10-27 10:09:41,25870,25870.5,25870,25870.25,22,0.5,0.25,0.25,0,1,,,,
MNQ DEC25,1s,1,2981,2025-10-27 10:09:42,25870.25,25871,25870.25,25871,14,0.75,0.75,0,0,1,,,,
MNQ DEC25,1s,1,2982,2025-10-27 10:09:43,25871.25,25871.25,25871,25871,11,0.25,0.25,0,0,-1,,,,
MNQ DEC25,1s,1,2983,2025-10-27 10:09:44,25870.75,25871,25870.25,25871,14,0.75,0.25,0,0.5,1,,,,
MNQ DEC25,1s,1,2984,2025-10-27 10:09:45,25871,25871.25,25871,25871,11,0.25,0,0.25,0,0,,,,
MNQ DEC25,1s,1,2985,2025-10-27 10:09:46,25871.25,25872.5,25871.25,25872.5,17,1.25,1.25,0,0,1,,,,
MNQ DEC25,1s,1,2986,2025-10-27 10:09:47,25872.75,25873,25872.5,25872.75,25,0.5,0,0.25,0.25,0,,,,
MNQ DEC25,1s,1,2987,2025-10-27 10:09:48,25872.5,25873,25872.25,25873,33,0.75,0.5,0,0.25,1,,,,
MNQ DEC25,1s,1,2988,2025-10-27 10:09:49,25872.75,25872.75,25871.5,25871.75,19,1.25,1,0,0.25,-1,,,,
MNQ DEC25,1s,1,2989,2025-10-27 10:09:50,25871.5,25872,25871,25871,36,1,0.5,0.5,0,-1,,,,
MNQ DEC25,10s,10,5698,2025-10-27 10:09:50,25870,25873,25870,25871,202,3,1,2,0,1,-45.75,-14.7,8.03333333,4.78
MNQ DEC25,1s,1,2990,2025-10-27 10:09:51,25870.25,25870.25,25869,25869.5,51,1.25,0.75,0,0.5,-1,,,,
MNQ DEC25,1s,1,2991,2025-10-27 10:09:52,25869.25,25870.5,25869.25,25870,13,1.25,0.75,0.5,0,1,,,,
MNQ DEC25,1s,1,2992,2025-10-27 10:09:53,25870.5,25871.25,25870.5,25870.5,21,0.75,0,0.75,0,0,,,,
MNQ DEC25,1s,1,2993,2025-10-27 10:09:54,25870.5,25870.5,25868.75,25868.75,31,1.75,1.75,0,0,-1,,,,
MNQ DEC25,1s,1,2994,2025-10-27 10:09:55,25868.5,25868.5,25867.75,25868,41,0.75,0.5,0,0.25,-1,,,,
MNQ DEC25,1s,1,2995,2025-10-27 10:09:56,25868.25,25868.5,25867.75,25867.75,29,0.75,0.5,0.25,0,-1,,,,
MNQ DEC25,1s,1,2996,2025-10-27 10:09:57,25868.25,25870,25868.25,25868.75,127,1.75,0.5,1.25,0,1,,,,
MNQ DEC25,1s,1,2997,2025-10-27 10:09:58,25868.75,25869.25,25868.25,25868.25,37,1,0.5,0.5,0,-1,,,,
MNQ DEC25,1s,1,2998,2025-10-27 10:09:59,25868.75,25869,25868.5,25868.5,8,0.5,0.25,0.25,0,-1,,,,
MNQ DEC25,1s,1,2999,2025-10-27 10:10:00,25868.25,25868.25,25867,25867.25,27,1.25,1,0,0.25,-1,,,,
MNQ DEC25,10s,10,5699,2025-10-27 10:10:00,25870.25,25871.25,25867,25867.25,385,4.25,3,1,0.25,-1,-13.25,32.5,11.18333333,13.77
MNQ DEC25,20s,20,5849,2025-10-27 10:10:00,25870,25873,25867,25867.25,587,6,2.75,3,0.25,-1,-439.75,44.05,32.2,17.73
MNQ DEC25,1s,1,3000,2025-10-27 10:10:01,25867.75,25868.25,25866.5,25866.75,63,1.75,1,0.5,0.25,-1,,,,
MNQ DEC25,1s,1,3001,2025-10-27 10:10:02,25866.75,25867,25862.75,25863,280,4.25,3.75,0.25,0.25,-1,,,,
MNQ DEC25,1s,1,3002,2025-10-27 10:10:03,25862.75,25863,25860.5,25860.75,450,2.5,2,0.25,0.25,-1,,,,
MNQ DEC25,1s,1,3003,2025-10-27 10:10:04,25861.25,25862.75,25860.5,25861,130,2.25,0.25,1.5,0.5,-1,,,,
MNQ DEC25,1s,1,3004,2025-10-27 10:10:05,25861,25861,25858.5,25858.75,335,2.5,2.25,0,0.25,-1,,,,
MNQ DEC25,1s,1,3005,2025-10-27 10:10:06,25858.5,25861.75,25858.5,25860.5,154,3.25,2,1.25,0,1,,,,
MNQ DEC25,1s,1,3006,2025-10-27 10:10:07,25861,25864.75,25860.5,25864.25,98,4.25,3.25,0.5,0.5,1,,,,
MNQ DEC25,1s,1,3007,2025-10-27 10:10:08,25864.25,25865.75,25864.25,25865,70,1.5,0.75,0.75,0,1,,,,
MNQ DEC25,1s,1,3008,2025-10-27 10:10:09,25865,25866,25862.75,25863,51,3.25,2,1,0.25,-1,,,,
MNQ DEC25,1s,1,3009,2025-10-27 10:10:10,25863.25,25863.75,25861.75,25862.25,63,2,1,0.5,0.5,-1,,,,
MNQ DEC25,10s,10,5700,2025-10-27 10:10:10,25867.75,25868.25,25858.5,25862.25,1694,9.75,5.5,0.5,3.75,-1,202.55,215.8,77.86666667,54.48
MNQ DEC25,1s,1,3010,2025-10-27 10:10:11,25862.25,25863,25861.5,25862.5,61,1.5,0.25,0.5,0.75,1,,,,
MNQ DEC25,1s,1,3011,2025-10-27 10:10:12,25863.25,25866.75,25863.25,25866.75,69,3.5,3.5,0,0,1,,,,
MNQ DEC25,1s,1,3012,2025-10-27 10:10:13,25866,25866.75,25864.75,25865.25,52,2,0.75,0.75,0.5,-1,,,,
MNQ DEC25,1s,1,3013,2025-10-27 10:10:14,25864.75,25864.75,25863.25,25863.25,21,1.5,1.5,0,0,-1,,,,
MNQ DEC25,1s,1,3014,2025-10-27 10:10:15,25863.5,25864,25862.75,25863,30,1.25,0.5,0.5,0.25,-1,,,,
MNQ DEC25,1s,1,3015,2025-10-27 10:10:16,25863,25863.75,25863,25863.75,19,0.75,0.75,0,0,1,,,,
MNQ DEC25,1s,1,3016,2025-10-27 10:10:17,25863.25,25863.5,25862,25862,39,1.5,1.25,0.25,0,-1,,,,
MNQ DEC25,1s,1,3017,2025-10-27 10:10:18,25862.5,25863.25,25862,25862.75,34,1.25,0.25,0.5,0.5,1,,,,
MNQ DEC25,1s,1,3018,2025-10-27 10:10:19,25862.75,25864.25,25862.75,25863.75,30,1.5,1,0.5,0,1,,,,
MNQ DEC25,1s,1,3019,2025-10-27 10:10:20,25864.25,25864.5,25863.5,25863.5,28,1,0.75,0.25,0,-1,,,,
MNQ DEC25,10s,10,5701,2025-10-27 10:10:20,25862.25,25866.75,25861.5,25863.5,383,5.25,1.25,3.25,0.75,1,207.2,4.65,84.31666667,50.8
MNQ DEC25,20s,20,5850,2025-10-27 10:10:20,25867.75,25868.25,25858.5,25863.5,2077,9.75,4.25,0.5,5,-1,-189.8,249.95,107.2,58.62
MNQ DEC25,1s,1,3020,2025-10-27 10:10:21,25864,25866.5,25861.75,25861.75,106,4.75,2.25,2.5,0,-1,,,,
MNQ DEC25,1s,1,3021,2025-10-27 10:10:22,25861.75,25862.25,25859.75,25860.75,85,2.5,1,0.5,1,-1,,,,
MNQ DEC25,1s,1,3022,2025-10-27 10:10:23,25860,25860.25,25858,25858.25,117,2.25,1.75,0.25,0.25,-1,,,,
MNQ DEC25,1s,1,3023,2025-10-27 10:10:24,25858.5,25859.5,25858,25858.75,107,1.5,0.25,0.75,0.5,1,,,,
MNQ DEC25,1s,1,3024,2025-10-27 10:10:25,25858.5,25860,25858.25,25860,58,1.75,1.5,0,0.25,1,,,,
MNQ DEC25,1s,1,3025,2025-10-27 10:10:26,25860.25,25861.5,25859.75,25861.5,60,1.75,1.25,0,0.5,1,,,,
MNQ DEC25,1s,1,3026,2025-10-27 10:10:27,25860.75,25862.25,25860.75,25862,45,1.5,1.25,0.25,0,1,,,,
MNQ DEC25,1s,1,3027,2025-10-27 10:10:28,25861.75,25863.25,25861.25,25861.25,60,2,0.5,1.5,0,-1,,,,
MNQ DEC25,1s,1,3028,2025-10-27 10:10:29,25862,25863.25,25862,25863,25,1.25,1,0.25,0,1,,,,
MNQ DEC25,1s,1,3029,2025-10-27 10:10:30,25862.25,25862.75,25861,25861,24,1.75,1.25,0.5,0,-1,,,,
MNQ DEC25,10s,10,5702,2025-10-27 10:10:30,25864,25866.5,25858,25861,687,8.5,3,2.5,3,-1,295.3,88.1,102.85,65.27
MNQ DEC25,1s,1,3030,2025-10-27 10:10:31,25860.75,25860.75,25859.75,25859.75,25,1,1,0,0,-1,,,,
MNQ DEC25,1s,1,3031,2025-10-27 10:10:32,25859.5,25860,25858.5,25860,56,1.5,0.5,0,1,1,,,,
MNQ DEC25,1s,1,3032,2025-10-27 10:10:33,25859.25,25861.25,25859,25861,44,2.25,1.75,0.25,0.25,1,,,,
MNQ DEC25,1s,1,3033,2025-10-27 10:10:34,25860.25,25861.25,25859,25859,53,2.25,1.25,1,0,-1,,,,
MNQ DEC25,1s,1,3034,2025-10-27 10:10:35,25859.5,25860,25859,25859.5,38,1,0,0.5,0.5,0,,,,
MNQ DEC25,1s,1,3035,2025-10-27 10:10:36,25859.5,25861.75,25859.25,25861.75,22,2.5,2.25,0,0.25,1,,,,
MNQ DEC25,1s,1,3036,2025-10-27 10:10:37,25861.5,25862.75,25861,25861,28,1.75,0.5,1.25,0,-1,,,,
MNQ DEC25,1s,1,3037,2025-10-27 10:10:38,25861.25,25861.25,25859.25,25859.75,115,2,1.5,0,0.5,-1,,,,
MNQ DEC25,1s,1,3038,2025-10-27 10:10:39,25860,25860.25,25859.75,25859.75,14,0.5,0.25,0.25,0,-1,,,,
MNQ DEC25,1s,1,3039,2025-10-27 10:10:40,25860,25860.25,25859.5,25859.75,25,0.75,0.25,0.25,0.25,-1,,,,
MNQ DEC25,10s,10,5703,2025-10-27 10:10:40,25860.75,25862.75,25858.5,25859.75,420,4.25,1,2,1.25,-1,346.8,51.5,48.08333333,78.51
MNQ DEC25,20s,20,5851,2025-10-27 10:10:40,25864,25866.5,25858,25859.75,1107,8.5,4.25,2.5,1.75,-1,-24.1,165.7,153.23333333,102.45
MNQ DEC25,1s,1,3040,2025-10-27 10:10:41,25860,25860.25,25859,25859,35,1.25,1,0.25,0,-1,,,,
MNQ DEC25,1s,1,3041,2025-10-27 10:10:42,25859,25859.75,25858.5,25859.25,37,1.25,0.25,0.5,0.5,1,,,,
MNQ DEC25,1s,1,3042,2025-10-27 10:10:43,25858.75,25859,25857.25,25857.5,98,1.75,1.25,0.25,0.25,-1,,,,
MNQ DEC25,1s,1,3043,2025-10-27 10:10:44,25858,25859.5,25857.5,25859.25,55,2,1.25,0.25,0.5,1,,,,
MNQ DEC25,1s,1,3044,2025-10-27 10:10:45,25859.25,25860.75,25859,25860.75,46,1.75,1.5,0,0.25,1,,,,
MNQ DEC25,1s,1,3045,2025-10-27 10:10:46,25860.75,25861.75,25859.75,25861.75,27,2,1,0,1,1,,,,
MNQ DEC25,1s,1,3046,2025-10-27 10:10:47,25861.5,25861.75,25859.75,25861,32,2,0.5,0.25,1.25,-1,,,,
MNQ DEC25,1s,1,3047,2025-10-27 10:10:48,25860.75,25861,25860.5,25861,10,0.5,0.25,0,0.25,1,,,,
MNQ DEC25,1s,1,3048,2025-10-27 10:10:49,25860.5,25861.25,25859.75,25860.25,23,1.5,0.25,0.75,0.5,-1,,,,
MNQ DEC25,1s,1,3049,2025-10-27 10:10:50,25859.75,25860.25,25859.25,25860,13,1,0.25,0.25,0.5,1,,,,
MNQ DEC25,10s,10,5704,2025-10-27 10:10:50,25860,25861.75,25857.25,25860,376,4.5,0,1.75,2.75,0,339.55,-7.25,44.11666667,70.56
MNQ DEC25,1s,1,3050,2025-10-27 10:10:51,25859.75,25860.25,25859.25,25859.5,31,1,0.25,0.5,0.25,-1,,,,
MNQ DEC25,1s,1,3051,2025-10-27 10:10:52,25859.5,25860,25859,25859.5,26,1,0,0.5,0.5,0,,,,
MNQ DEC25,1s,1,3052,2025-10-27 10:10:53,25859.5,25859.5,25858,25858,34,1.5,1.5,0,0,-1,,,,
MNQ DEC25,1s,1,3053,2025-10-27 10:10:54,25858.5,25858.5,25856,25856.25,120,2.5,2.25,0,0.25,-1,,,,
MNQ DEC25,1s,1,3054,2025-10-27 10:10:55,25856.5,25857,25856.25,25857,47,0.75,0.5,0,0.25,1,,,,
MNQ DEC25,1s,1,3055,2025-10-27 10:10:56,25856.25,25856.5,25854.5,25854.5,208,2,1.75,0.25,0,-1,,,,
MNQ DEC25,1s,1,3056,2025-10-27 10:10:57,25854.75,25856,25852.75,25855.25,312,3.25,0.5,0.75,2,1,,,,
MNQ DEC25,1s,1,3057,2025-10-27 10:10:58,25855.5,25856,25854.25,25855.5,139,1.75,0,0.5,1.25,0,,,,
MNQ DEC25,1s,1,3058,2025-10-27 10:10:59,25855,25855.75,25852.75,25853.25,125,3,1.75,0.75,0.5,-1,,,,
MNQ DEC25,1s,1,3059,2025-10-27 10:11:00,25853.25,25853.75,25850,25851.75,361,3.75,1.5,0.5,1.75,-1,,,,
MNQ DEC25,10s,10,5705,2025-10-27 10:11:00,25859.75,25860.25,25850,25851.75,1403,10.25,8,0.5,1.75,-1,220.7,-118.85,-24.86666667,3.63
MNQ DEC25,20s,20,5852,2025-10-27 10:11:00,25860,25861.75,25850,25851.75,1779,11.75,8.25,1.75,1.75,-1,258.45,282.55,232.73333333,153.97
MNQ DEC25,1s,1,3060,2025-10-27 10:11:01,25852,25852.75,25851.5,25852.5,119,1.25,0.5,0.25,0.5,1,,,,
MNQ DEC25,1s,1,3061,2025-10-27 10:11:02,25852.25,25852.5,25850,25851.5,172,2.5,0.75,0.25,1.5,-1,,,,
MNQ DEC25,1s,1,3062,2025-10-27 10:11:03,25851.5,25855,25851.25,25854,143,3.75,2.5,1,0.25,1,,,,
MNQ DEC25,1s,1,3063,2025-10-27 10:11:04,25854,25854,25853,25853.75,86,1,0.25,0,0.75,-1,,,,
MNQ DEC25,1s,1,3064,2025-10-27 10:11:05,25853.75,25855.5,25853,25855,81,2.5,1.25,0.5,0.75,1,,,,
MNQ DEC25,1s,1,3065,2025-10-27 10:11:06,25855,25857.5,25854.75,25856.75,80,2.75,1.75,0.75,0.25,1,,,,
MNQ DEC25,1s,1,3066,2025-10-27 10:11:07,25856.75,25856.75,25853.75,25853.75,103,3,3,0,0,-1,,,,
MNQ DEC25,1s,1,3067,2025-10-27 10:11:08,25853.75,25855.5,25853.5,25854.5,58,2,0.75,1,0.25,1,,,,
MNQ DEC25,1s,1,3068,2025-10-27 10:11:09,25854.5,25855.5,25853.75,25854,29,1.75,0.5,1,0.25,-1,,,,
MNQ DEC25,1s,1,3069,2025-10-27 10:11:10,25854.25,25854.5,25853.5,25853.75,46,1,0.5,0.25,0.25,-1,,,,
MNQ DEC25,10s,10,5706,2025-10-27 10:11:10,25852,25857.5,25850,25853.75,917,7.5,1.75,3.75,2,1,294.3,73.6,-17.5,17.42
MNQ DEC25,1s,1,3070,2025-10-27 10:11:11,25853.5,25854,25853,25854,38,1,0.5,0,0.5,1,,,,
MNQ DEC25,1s,1,3071,2025-10-27 10:11:12,25853.5,25854.25,25852.25,25854.25,34,2,0.75,0,1.25,1,,,,
MNQ DEC25,1s,1,3072,2025-10-27 10:11:13,25854,25854.5,25853,25854.5,49,1.5,0.5,0,1,1,,,,
MNQ DEC25,1s,1,3073,2025-10-27 10:11:14,25853.75,25854.5,25853.75,25854.25,19,0.75,0.5,0.25,0,1,,,,
MNQ DEC25,1s,1,3074,2025-10-27 10:11:15,25854.5,25855.25,25854,25854.5,32,1.25,0,0.75,0.5,0,,,,
MNQ DEC25,1s,1,3075,2025-10-27 10:11:16,25854.25,25855,25854,25854.75,49,1,0.5,0.25,0.25,1,,,,
MNQ DEC25,1s,1,3076,2025-10-27 10:11:17,25854.25,25854.75,25850.25,25851.25,88,4.5,3,0.5,1,-1,,,,
MNQ DEC25,1s,1,3077,2025-10-27 10:11:18,25851,25851,25848.75,25849,155,2.25,2,0,0.25,-1,,,,
MNQ DEC25,1s,1,3078,2025-10-27 10:11:19,25849,25851,25848.75,25849.25,118,2.25,0.25,1.75,0.25,1,,,,
MNQ DEC25,1s,1,3079,2025-10-27 10:11:20,25849,25852,25849,25851.5,195,3,2.5,0.5,0,1,,,,
MNQ DEC25,10s,10,5707,2025-10-27 10:11:20,25853.5,25855.25,25848.75,25851.5,777,6.5,2,1.75,2.75,-1,281.8,-12.5,-19.25,-2.7
MNQ DEC25,20s,20,5853,2025-10-27 10:11:20,25852,25857.5,25848.75,25851.5,1694,8.75,0.5,5.5,2.75,-1,482.25,223.8,224.01666667,193.21
MNQ DEC25,1s,1,3080,2025-10-27 10:11:21,25850.5,25853.25,25850,25853.25,91,3.25,2.75,0,0.5,1,,,,
MNQ DEC25,1s,1,3081,2025-10-27 10:11:22,25853,25853.5,25852.5,25852.5,32,1,0.5,0.5,0,-1,,,,
MNQ DEC25,1s,1,3082,2025-10-27 10:11:23,25852.75,25852.75,25851.5,25852.25,67,1.25,0.5,0,0.75,-1,,,,
MNQ DEC25,1s,1,3083,2025-10-27 10:11:24,25851.75,25852,25850.5,25852,11,1.5,0.25,0,1.25,1,,,,
MNQ DEC25,1s,1,3084,2025-10-27 10:11:25,25852,25852,25850.25,25850.75,51,1.75,1.25,0,0.5,-1,,,,
MNQ DEC25,1s,1,3085,2025-10-27 10:11:26,25851,25851.5,25849.25,25850.75,77,2.25,0.25,0.5,1.5,-1,,,,
MNQ DEC25,1s,1,3086,2025-10-27 10:11:27,25851.25,25852.25,25851,25851,66,1.25,0.25,1,0,-1,,,,
MNQ DEC25,1s,1,3087,2025-10-27 10:11:28,25851.5,25851.75,25850.25,25850.25,28,1.5,1.25,0.25,0,-1,,,,
MNQ DEC25,1s,1,3088,2025-10-27 10:11:29,25850.5,25851.25,25850,25851,30,1.25,0.5,0.25,0.5,1,,,,
MNQ DEC25,1s,1,3089,2025-10-27 10:11:30,25850.5,25851.5,25850,25851.5,31,1.5,1,0,0.5,1,,,,
MNQ DEC25,10s,10,5708,2025-10-27 10:11:30,25850.5,25853.5,25849.25,25851.5,484,4.25,1,2,1.25,1,289.55,7.75,22.95,-11.45
MNQ DEC25,1s,1,3090,2025-10-27 10:11:31,25851.5,25853.5,25851.25,25853.25,77,2.25,1.75,0.25,0.25,1,,,,
MNQ DEC25,1s,1,3091,2025-10-27 10:11:32,25853,25854.25,25852.5,25853.75,52,1.75,0.75,0.5,0.5,1,,,,
MNQ DEC25,1s,1,3092,2025-10-27 10:11:33,25853.75,25854.5,25852.5,25852.75,49,2,1,0.75,0.25,-1,,,,
MNQ DEC25,1s,1,3093,2025-10-27 10:11:34,25852.5,25854,25852.25,25852.25,34,1.75,0.25,1.5,0,-1,,,,
MNQ DEC25,1s,1,3094,2025-10-27 10:11:35,25852.25,25853,25851.25,25852.5,32,1.75,0.25,0.5,1,1,,,,
MNQ DEC25,1s,1,3095,2025-10-27 10:11:36,25853,25854.75,25852.75,25854,37,2,1,0.75,0.25,1,,,,
MNQ DEC25,1s,1,3096,2025-10-27 10:11:37,25854.5,25855,25852,25852.75,82,3,1.75,0.5,0.75,-1,,,,
MNQ DEC25,1s,1,3097,2025-10-27 10:11:38,25852.75,25853,25852.25,25852.25,19,0.75,0.5,0.25,0,-1,,,,
MNQ DEC25,1s,1,3098,2025-10-27 10:11:39,25852,25852.75,25851.75,25852.5,19,1,0.5,0.25,0.25,1,,,,
MNQ DEC25,1s,1,3099,2025-10-27 10:11:40,25852.75,25852.75,25851.75,25852.75,15,1,0,0,1,0,,,,
MNQ DEC25,10s,10,5709,2025-10-27 10:11:40,25851.5,25855,25851.25,25852.75,416,3.75,1.25,2.25,0.25,1,292.7,3.15,-0.53333333,-9.37
MNQ DEC25,20s,20,5854,2025-10-27 10:11:40,25850.5,25855,25849.25,25852.75,900,5.75,2.25,2.25,1.25,1,557.35,75.1,193.81666667,199.42
MNQ DEC25,1s,1,3100,2025-10-27 10:11:41,25852.25,25853,25852,25853,19,1,0.75,0,0.25,1,,,,
MNQ DEC25,1s,1,3101,2025-10-27 10:11:42,25852.5,25852.5,25851.75,25852.5,20,0.75,0,0,0.75,0,,,,
MNQ DEC25,1s,1,3102,2025-10-27 10:11:43,25852.5,25853,25851.75,25852.5,24,1.25,0,0.5,0.75,0,,,,
MNQ DEC25,1s,1,3103,2025-10-27 10:11:44,25852.5,25854,25852.5,25853.75,39,1.5,1.25,0.25,0,1,,,,
MNQ DEC25,1s,1,3104,2025-10-27 10:11:45,25854,25856.25,25853.75,25855.25,94,2.5,1.25,1,0.25,1,,,,
MNQ DEC25,1s,1,3105,2025-10-27 10:11:46,25854.75,25855.25,25854.5,25854.5,36,0.75,0.25,0.5,0,-1,,,,
MNQ DEC25,1s,1,3106,2025-10-27 10:11:47,25855,25855,25854,25854.5,17,1,0.5,0,0.5,-1,,,,
MNQ DEC25,1s,1,3107,2025-10-27 10:11:48,25854.75,25856.75,25854.75,25856,53,2,1.25,0.75,0,1,,,,
MNQ DEC25,1s,1,3108,2025-10-27 10:11:49,25856.75,25859.75,25856.25,25859.75,134,3.5,3,0,0.5,1,,,,
MNQ DEC25,1s,1,3109,2025-10-27 10:11:50,25859.75,25860.25,25857.25,25858,127,3,1.75,0.5,0.75,-1,,,,
MNQ DEC25,10s,10,5710,2025-10-27 10:11:50,25852.25,25860.25,25851.75,25858,563,8.5,5.75,2.25,0.5,1,111.35,-181.35,-56.81666667,-21.87
MNQ DEC25,1s,1,3110,2025-10-27 10:11:51,25858.25,25859.25,25858.25,25858.75,35,1,0.5,0.5,0,1,,,,
MNQ DEC25,1s,1,3111,2025-10-27 10:11:52,25858.25,25858.75,25857.5,25858.25,39,1.25,0,0.5,0.75,0,,,,
MNQ DEC25,1s,1,3112,2025-10-27 10:11:53,25857.75,25858.25,25857.25,25857.25,50,1,0.5,0.5,0,-1,,,,
MNQ DEC25,1s,1,3113,2025-10-27 10:11:54,25857.75,25859.25,25857.5,25858.5,42,1.75,0.75,0.75,0.25,1,,,,
MNQ DEC25,1s,1,3114,2025-10-27 10:11:55,25858.5,25859,25858,25858.5,23,1,0,0.5,0.5,0,,,,
MNQ DEC25,1s,1,3115,2025-10-27 10:11:56,25858.25,25860.75,25858.25,25859,67,2.5,0.75,1.75,0,1,,,,
MNQ DEC25,1s,1,3116,2025-10-27 10:11:57,25859.75,25860,25859,25860,29,1,0.25,0,0.75,1,,,,
MNQ DEC25,1s,1,3117,2025-10-27 10:11:58,25860,25860.75,25859.75,25860.25,43,1,0.25,0.5,0.25,1,,,,
MNQ DEC25,1s,1,3118,2025-10-27 10:11:59,25860.75,25861.25,25860.5,25861,63,0.75,0.25,0.25,0.25,1,,,,
MNQ DEC25,1s,1,3119,2025-10-27 10:12:00,25861,25864,25861,25863.75,213,3,2.75,0.25,0,1,,,,
MNQ DEC25,10s,10,5711,2025-10-27 10:12:00,25858.25,25864,25857.25,25863.75,604,6.75,5.5,0.25,1,1,32.65,-78.7,-85.63333333,-52.33
MNQ DEC25,20s,20,5855,2025-10-27 10:12:00,25852.25,25864,25851.75,25863.75,1167,12.25,11.5,0.25,0.5,1,430.85,-126.5,57.46666667,124.13
MNQ DEC25,1s,1,3120,2025-10-27 10:12:01,25863.75,25864.75,25862.75,25862.75,159,2,1,1,0,-1,,,,
MNQ DEC25,1s,1,3121,2025-10-27 10:12:02,25863,25863,25858.75,25859,129,4.25,4,0,0.25,-1,,,,
MNQ DEC25,1s,1,3122,2025-10-27 10:12:03,25859,25860.75,25858.75,25859.75,52,2,0.75,1,0.25,1,,,,
MNQ DEC25,1s,1,3123,2025-10-27 10:12:04,25860,25860.25,25859,25859.5,27,1.25,0.5,0.25,0.5,-1,,,,
MNQ DEC25,1s,1,3124,2025-10-27 10:12:05,25859,25859.5,25857.5,25859.25,61,2,0.25,0.25,1.5,1,,,,
MNQ DEC25,1s,1,3125,2025-10-27 10:12:06,25859.25,25859.5,25858,25858,25,1.5,1.25,0.25,0,-1,,,,
MNQ DEC25,1s,1,3126,2025-10-27 10:12:07,25857.5,25859.5,25857.5,25858.5,34,2,1,1,0,1,,,,
MNQ DEC25,1s,1,3127,2025-10-27 10:12:08,25858.25,25858.25,25857.5,25857.75,30,0.75,0.5,0,0.25,-1,,,,
MNQ DEC25,1s,1,3128,2025-10-27 10:12:09,25858,25858,25857.25,25858,30,0.75,0,0,0.75,0,,,,
MNQ DEC25,1s,1,3129,2025-10-27 10:12:10,25858.25,25859.75,25857.75,25859.25,37,2,1,0.5,0.5,1,,,,
MNQ DEC25,10s,10,5712,2025-10-27 10:12:10,25863.75,25864.75,25857.25,25859.25,584,7.5,4.5,1,2,-1,-25.9,-58.55,-106.2,-61.54
MNQ DEC25,1s,1,3130,2025-10-27 10:12:11,25859.75,25862,25859.75,25861.25,73,2.25,1.5,0.75,0,1,,,,
MNQ DEC25,1s,1,3131,2025-10-27 10:12:12,25861.25,25861.75,25860.75,25860.75,38,1,0.5,0.5,0,-1,,,,
MNQ DEC25,1s,1,3132,2025-10-27 10:12:13,25860.5,25861.75,25860,25861.5,32,1.75,1,0.25,0.5,1,,,,
MNQ DEC25,1s,1,3133,2025-10-27 10:12:14,25861.25,25863,25861.25,25862.75,87,1.75,1.5,0.25,0,1,,,,
MNQ DEC25,1s,1,3134,2025-10-27 10:12:15,25863.25,25863.75,25861.75,25863,47,2,0.25,0.5,1.25,-1,,,,
MNQ DEC25,1s,1,3135,2025-10-27 10:12:16,25863,25863.25,25862.25,25863,18,1,0,0.25,0.75,0,,,,
MNQ DEC25,1s,1,3136,2025-10-27 10:12:17,25863,25863.25,25859.75,25859.75,53,3.5,3.25,0.25,0,-1,,,,
MNQ DEC25,1s,1,3137,2025-10-27 10:12:18,25859.75,25860.5,25859.5,25860.25,55,1,0.5,0.25,0.25,1,,,,
MNQ DEC25,1s,1,3138,2025-10-27 10:12:19,25860.75,25860.75,25860,25860.25,21,0.75,0.5,0,0.25,-1,,,,
MNQ DEC25,1s,1,3139,2025-10-27 10:12:20,25859.75,25862,25859.75,25861.75,14,2.25,2,0.25,0,1,,,,
MNQ DEC25,10s,10,5713,2025-10-27 10:12:20,25859.75,25863.75,25859.5,25861.75,438,4.25,2,2,0.25,1,-43.1,-17.2,-51.48333333,-66.53
MNQ DEC25,20s,20,5856,2025-10-27 10:12:20,25863.75,25864.75,25857.25,25861.75,1022,7.5,2,1,4.5,-1,406.65,-24.2,-25.2,86.15
MNQ DEC25,1s,1,3140,2025-10-27 10:12:21,25861.75,25862.75,25860.75,25861.5,25,2,0.25,1,0.75,-1,,,,
MNQ DEC25,1s,1,3141,2025-10-27 10:12:22,25861.5,25861.5,25860.5,25861,18,1,0.5,0,0.5,-1,,,,
MNQ DEC25,1s,1,3142,2025-10-27 10:12:23,25860.75,25861.25,25860.5,25861.25,24,0.75,0.5,0,0.25,1,,,,
MNQ DEC25,1s,1,3143,2025-10-27 10:12:24,25860.5,25861.25,25860.5,25861,9,0.75,0.5,0.25,0,1,,,,
MNQ DEC25,1s,1,3144,2025-10-27 10:12:25,25860.25,25861.5,25860.25,25861,13,1.25,0.75,0.5,0,1,,,,
MNQ DEC25,1s,1,3145,2025-10-27 10:12:26,25861.25,25862,25860.75,25861.75,18,1.25,0.5,0.25,0.5,1,,,,
MNQ DEC25,1s,1,3146,2025-10-27 10:12:27,25862,25862,25860.5,25861.25,37,1.5,0.75,0,0.75,-1,,,,
MNQ DEC25,1s,1,3147,2025-10-27 10:12:28,25861.25,25862.5,25860.75,25862.25,22,1.75,1,0.25,0.5,1,,,,
MNQ DEC25,1s,1,3148,2025-10-27 10:12:29,25862.75,25862.75,25861.5,25862,18,1.25,0.75,0,0.5,-1,,,,
MNQ DEC25,1s,1,3149,2025-10-27 10:12:30,25862,25864,25861.5,25862.75,35,2.5,0.75,1.25,0.5,1,,,,
MNQ DEC25,10s,10,5714,2025-10-27 10:12:30,25861.75,25864,25860.25,25862.75,219,3.75,1,1.25,1.5,1,-83,-39.9,-38.55,-75.14
MNQ DEC25,1s,1,3150,2025-10-27 10:12:31,25862.75,25862.75,25861.75,25862,16,1,0.75,0,0.25,-1,,,,
MNQ DEC25,1s,1,3151,2025-10-27 10:12:32,25863,25863.25,25861.75,25861.75,26,1.5,1.25,0.25,0,-1,,,,
MNQ DEC25,1s,1,3152,2025-10-27 10:12:33,25862,25863,25861.25,25862.5,23,1.75,0.5,0.5,0.75,1,,,,
MNQ DEC25,1s,1,3153,2025-10-27 10:12:34,25863,25864,25863,25864,14,1,1,0,0,1,,,,
MNQ DEC25,1s,1,3154,2025-10-27 10:12:35,25863.25,25863.75,25862.75,25863.75,36,1,0.5,0,0.5,1,,,,
MNQ DEC25,1s,1,3155,2025-10-27 10:12:36,25862.75,25862.75,25861.5,25862.25,25,1.25,0.5,0,0.75,-1,,,,
MNQ DEC25,1s,1,3156,2025-10-27 10:12:37,25862,25862,25860,25861.5,43,2,0.5,0,1.5,-1,,,,
MNQ DEC25,1s,1,3157,2025-10-27 10:12:38,25861.5,25864,25861.25,25863.25,47,2.75,1.75,0.75,0.25,1,,,,
MNQ DEC25,1s,1,3158,2025-10-27 10:12:39,25863.25,25863.75,25862.75,25863,21,1,0.25,0.5,0.25,-1,,,,
MNQ DEC25,1s,1,3159,2025-10-27 10:12:40,25863,25864.5,25862.5,25862.5,50,2,0.5,1.5,0,-1,,,,
MNQ DEC25,10s,10,5715,2025-10-27 10:12:40,25862.75,25864.5,25860,25862.5,301,4.5,0.25,1.75,2.5,-1,-137,-54,-37.03333333,-49.67
MNQ DEC25,20s,20,5857,2025-10-27 10:12:40,25861.75,25864.5,25860,25862.5,520,4.5,0.75,2,1.75,1,179.95,-226.7,-125.8,-15.7
MNQ DEC25,1s,1,3160,2025-10-27 10:12:41,25862,25863.5,25862,25863,16,1.5,1,0.5,0,1,,,,
MNQ DEC25,1s,1,3161,2025-10-27 10:12:42,25863.25,25863.5,25862.25,25863.5,35,1.25,0.25,0,1,1,,,,
MNQ DEC25,1s,1,3162,2025-10-27 10:12:43,25863.75,25864.25,25863.5,25863.75,8,0.75,0,0.5,0.25,0,,,,
MNQ DEC25,1s,1,3163,2025-10-27 10:12:44,25863.75,25864,25861.75,25861.75,25,2.25,2,0.25,0,-1,,,,
MNQ DEC25,1s,1,3164,2025-10-27 10:12:45,25861.75,25862,25861,25862,25,1,0.25,0,0.75,1,,,,
MNQ DEC25,1s,1,3165,2025-10-27 10:12:46,25861.25,25861.75,25860,25860.5,47,1.75,0.75,0.5,0.5,-1,,,,
MNQ DEC25,1s,1,3166,2025-10-27 10:12:47,25860.5,25860.75,25858.25,25858.25,64,2.5,2.25,0.25,0,-1,,,,
MNQ DEC25,1s,1,3167,2025-10-27 10:12:48,25858.5,25859.75,25858.5,25859.75,25,1.25,1.25,0,0,1,,,,
MNQ DEC25,1s,1,3168,2025-10-27 10:12:49,25858.75,25860.5,25858.75,25860.25,14,1.75,1.5,0.25,0,1,,,,
MNQ DEC25,1s,1,3169,2025-10-27 10:12:50,25860,25861.75,25859.75,25861.5,53,2,1.5,0.25,0.25,1,,,,
MNQ DEC25,10s,10,5716,2025-10-27 10:12:50,25862,25864.25,25858.25,25861.5,312,6,0.5,2.25,3.25,-1,-194.9,-57.9,-50.6,-45.51
MNQ DEC25,1s,1,3170,2025-10-27 10:12:51,25861,25861,25859.75,25859.75,15,1.25,1.25,0,0,-1,,,,
MNQ DEC25,1s,1,3171,2025-10-27 10:12:52,25859.75,25860.75,25859.75,25860.25,28,1,0.5,0.5,0,1,,,,
MNQ DEC25,1s,1,3172,2025-10-27 10:12:53,25860.25,25861.5,25859.75,25859.75,22,1.75,0.5,1.25,0,-1,,,,
MNQ DEC25,1s,1,3173,2025-10-27 10:12:54,25859.75,25859.75,25858.5,25859.5,38,1.25,0.25,0,1,-1,,,,
MNQ DEC25,1s,1,3174,2025-10-27 10:12:55,25860,25860.25,25859.5,25859.5,8,0.75,0.5,0.25,0,-1,,,,
MNQ DEC25,1s,1,3175,2025-10-27 10:12:56,25859.75,25860.75,25859.5,25860,21,1.25,0.25,0.75,0.25,1,,,,
MNQ DEC25,1s,1,3176,2025-10-27 10:12:57,25860.5,25860.75,25859.75,25860.75,23,1,0.25,0,0.75,1,,,,
MNQ DEC25,1s,1,3177,2025-10-27 10:12:58,25861,25861.75,25860.75,25860.75,22,1,0.25,0.75,0,-1,,,,
MNQ DEC25,1s,1,3178,2025-10-27 10:12:59,25860.75,25861,25859.75,25860,13,1.25,0.75,0.25,0.25,-1,,,,
MNQ DEC25,1s,1,3179,2025-10-27 10:13:00,25859.5,25859.75,25858.5,25859.25,29,1.25,0.25,0.25,0.75,-1,,,,
MNQ DEC25,10s,10,5717,2025-10-27 10:13:00,25861,25861.75,25858.5,25859.25,219,3.25,1.75,0.75,0.75,-1,-271.4,-76.5,-62.8,-49.1
MNQ DEC25,20s,20,5858,2025-10-27 10:13:00,25862,25864.25,25858.25,25859.25,531,6,2.75,2.25,1,-1,-17.65,-197.6,-149.5,-99.98
MNQ DEC25,1s,1,3180,2025-10-27 10:13:01,25859,25859.25,25858.25,25858.5,18,1,0.5,0.25,0.25,-1,,,,
MNQ DEC25,1s,1,3181,2025-10-27 10:13:02,25858.25,25858.25,25857.25,25857.5,39,1,0.75,0,0.25,-1,,,,
MNQ DEC25,1s,1,3182,2025-10-27 10:13:03,25857.5,25859,25857,25859,74,2,1.5,0,0.5,1,,,,
MNQ DEC25,1s,1,3183,2025-10-27 10:13:04,25857.5,25858.75,25856.25,25858,54,2.5,0.5,0.75,1.25,1,,,,
MNQ DEC25,1s,1,3184,2025-10-27 10:13:05,25857.5,25858.5,25856.25,25856.25,40,2.25,1.25,1,0,-1,,,,
MNQ DEC25,1s,1,3185,2025-10-27 10:13:06,25856.25,25856.75,25853.5,25853.5,161,3.25,2.75,0.5,0,-1,,,,
MNQ DEC25,1s,1,3186,2025-10-27 10:13:07,25854,25854.5,25852.75,25852.75,123,1.75,1.25,0.5,0,-1,,,,
MNQ DEC25,1s,1,3187,2025-10-27 10:13:08,25853,25854,25852.25,25853.75,82,1.75,0.75,0.25,0.75,1,,,,
MNQ DEC25,1s,1,3188,2025-10-27 10:13:09,25853.5,25854.75,25852,25852.25,121,2.75,1.25,1.25,0.25,-1,,,,
MNQ DEC25,1s,1,3189,2025-10-27 10:13:10,25852.5,25852.75,25851.25,25851.5,75,1.5,1,0.25,0.25,-1,,,,
MNQ DEC25,10s,10,5718,2025-10-27 10:13:10,25859,25859.25,25851.25,25851.5,787,8,7.5,0.25,0.25,-1,-230.85,40.55,-31.28333333,-37.55
MNQ DEC25,1s,1,3190,2025-10-27 10:13:11,25851.5,25852,25851.25,25851.5,38,0.75,0,0.5,0.25,0,,,,
MNQ DEC25,1s,1,3191,2025-10-27 10:13:12,25851.5,25851.75,25850.5,25851.25,102,1.25,0.25,0.25,0.75,-1,,,,
MNQ DEC25,1s,1,3192,2025-10-27 10:13:13,25851.25,25855,25851.25,25854.75,113,3.75,3.5,0.25,0,1,,,,
MNQ DEC25,1s,1,3193,2025-10-27 10:13:14,25855,25856.25,25854.25,25855.75,65,2,0.75,0.5,0.75,1,,,,
MNQ DEC25,1s,1,3194,2025-10-27 10:13:15,25856,25857.25,25855.5,25857,59,1.75,1,0.25,0.5,1,,,,
MNQ DEC25,1s,1,3195,2025-10-27 10:13:16,25857.25,25858.25,25856.75,25858.25,58,1.5,1,0,0.5,1,,,,
MNQ DEC25,1s,1,3196,2025-10-27 10:13:17,25858.25,25858.5,25857.5,25858.5,37,1,0.25,0,0.75,1,,,,
MNQ DEC25,1s,1,3197,2025-10-27 10:13:18,25858.75,25859,25858,25858.25,30,1,0.5,0.25,0.25,-1,,,,
MNQ DEC25,1s,1,3198,2025-10-27 10:13:19,25858.5,25860.25,25857.5,25859.5,47,2.75,1,0.75,1,1,,,,
MNQ DEC25,1s,1,3199,2025-10-27 10:13:20,25859,25859.75,25858.25,25859.25,55,1.5,0.25,0.5,0.75,1,,,,
MNQ DEC25,10s,10,5719,2025-10-27 10:13:20,25851.5,25860.25,25850.5,25859.25,604,9.75,7.75,1,1,1,-164.8,66.05,10.03333333,-16.36
MNQ DEC25,20s,20,5859,2025-10-27 10:13:20,25859,25860.25,25850.5,25859.25,1391,9.75,0.25,1,8.5,1,38.15,55.8,-122.83333333,-103.84
MNQ DEC25,1s,1,3200,2025-10-27 10:13:21,25859.25,25861,25859.25,25861,42,1.75,1.75,0,0,1,,,,
MNQ DEC25,1s,1,3201,2025-10-27 10:13:22,25860.5,25860.75,25859,25859,44,1.75,1.5,0.25,0,-1,,,,
MNQ DEC25,1s,1,3202,2025-10-27 10:13:23,25858.75,25859.25,25857,25857,37,2.25,1.75,0.5,0,-1,,,,
MNQ DEC25,1s,1,3203,2025-10-27 10:13:24,25857.25,25857.5,25855.75,25856.25,30,1.75,1,0.25,0.5,-1,,,,
MNQ DEC25,1s,1,3204,2025-10-27 10:13:25,25856.5,25856.5,25855,25856.5,36,1.5,0,0,1.5,0,,,,
MNQ DEC25,1s,1,3205,2025-10-27 10:13:26,25855.5,25855.5,25855,25855.5,29,0.5,0,0,0.5,0,,,,
MNQ DEC25,1s,1,3206,2025-10-27 10:13:27,25854.75,25856,25854.5,25855.75,22,1.5,1,0.25,0.25,1,,,,
MNQ DEC25,1s,1,3207,2025-10-27 10:13:28,25856,25856.75,25855.5,25856.5,47,1.25,0.5,0.25,0.5,1,,,,
MNQ DEC25,1s,1,3208,2025-10-27 10:13:29,25857,25859.5,25856.75,25859,45,2.75,2,0.5,0.25,1,,,,
MNQ DEC25,1s,1,3209,2025-10-27 10:13:30,25858.75,25859.5,25858.25,25859,37,1.25,0.25,0.5,0.5,1,,,,
MNQ DEC25,10s,10,5720,2025-10-27 10:13:30,25859.25,25861,25854.5,25859,369,6.5,0.25,1.75,4.5,-1,-84.95,79.85,62.15,10.41
MNQ DEC25,1s,1,3210,2025-10-27 10:13:31,25858.75,25860,25858.25,25860,16,1.75,1.25,0,0.5,1,,,,
MNQ DEC25,1s,1,3211,2025-10-27 10:13:32,25859.5,25859.5,25858.75,25859.25,23,0.75,0.25,0,0.5,-1,,,,
MNQ DEC25,1s,1,3212,2025-10-27 10:13:33,25859.25,25860.25,25859,25859.5,16,1.25,0.25,0.75,0.25,1,,,,
MNQ DEC25,1s,1,3213,2025-10-27 10:13:34,25860.5,25860.75,25860.25,25860.25,20,0.5,0.25,0.25,0,-1,,,,
MNQ DEC25,1s,1,3214,2025-10-27 10:13:35,25860.75,25860.75,25859.75,25859.75,6,1,1,0,0,-1,,,,
MNQ DEC25,1s,1,3215,2025-10-27 10:13:36,25860.25,25860.75,25859.75,25859.75,15,1,0.5,0.5,0,-1,,,,
MNQ DEC25,1s,1,3216,2025-10-27 10:13:37,25860,25861.5,25860,25861.25,30,1.5,1.25,0.25,0,1,,,,
MNQ DEC25,1s,1,3217,2025-10-27 10:13:38,25861.75,25862.75,25861.25,25861.5,48,1.5,0.25,1,0.25,-1,,,,
MNQ DEC25,1s,1,3218,2025-10-27 10:13:39,25862,25862.75,25861.75,25862.25,26,1,0.25,0.5,0.25,1,,,,
MNQ DEC25,1s,1,3219,2025-10-27 10:13:40,25862.75,25863,25861.25,25861.75,42,1.75,1,0.25,0.5,-1,,,,
MNQ DEC25,10s,10,5721,2025-10-27 10:13:40,25858.75,25863,25858.25,25861.75,242,4.75,3,1.25,0.5,1,-91.9,-6.95,46.31666667,20.6
MNQ DEC25,20s,20,5860,2025-10-27 10:13:40,25859.25,25863,25854.5,25861.75,611,8.5,2.5,1.25,4.75,1,-76.5,-114.65,-85.48333333,-101.47
MNQ DEC25,1s,1,3220,2025-10-27 10:13:41,25862,25862,25860.75,25861.25,30,1.25,0.75,0,0.5,-1,,,,
MNQ DEC25,1s,1,3221,2025-10-27 10:13:42,25860.75,25861,25859.5,25860.5,38,1.5,0.25,0.25,1,-1,,,,
MNQ DEC25,1s,1,3222,2025-10-27 10:13:43,25860.25,25860.5,25859.5,25859.5,12,1,0.75,0.25,0,-1,,,,
MNQ DEC25,1s,1,3223,2025-10-27 10:13:44,25859.25,25859.75,25859.25,25859.5,15,0.5,0.25,0.25,0,1,,,,
MNQ DEC25,1s,1,3224,2025-10-27 10:13:45,25860.5,25861,25860.5,25860.75,14,0.5,0.25,0.25,0,1,,,,
MNQ DEC25,1s,1,3225,2025-10-27 10:13:46,25861.25,25863,25861.25,25862.75,32,1.75,1.5,0.25,0,1,,,,
MNQ DEC25,1s,1,3226,2025-10-27 10:13:47,25861.75,25862.75,25861.75,25862.25,27,1,0.5,0.5,0,1,,,,
MNQ DEC25,1s,1,3227,2025-10-27 10:13:48,25862,25863,25861.75,25861.75,16,1.25,0.25,1,0,-1,,,,
MNQ DEC25,1s,1,3228,2025-10-27 10:13:49,25861.75,25862.5,25861.75,25861.75,6,0.75,0,0.75,0,0,,,,
MNQ DEC25,1s,1,3229,2025-10-27 10:13:50,25861.5,25862.25,25861.5,25862,12,0.75,0.5,0.25,0,1,,,,
MNQ DEC25,10s,10,5722,2025-10-27 10:13:50,25862,25863,25859.25,25862,202,3.75,0,1,2.75,0,-71.05,20.85,31.25,40.07
MNQ DEC25,1s,1,3230,2025-10-27 10:13:51,25862,25863.5,25862,25863.5,21,1.5,1.5,0,0,1,,,,
MNQ DEC25,1s,1,3231,2025-10-27 10:13:52,25863.5,25864.25,25863,25863.5,57,1.25,0,0.75,0.5,0,,,,
MNQ DEC25,1s,1,3232,2025-10-27 10:13:53,25863.75,25863.75,25860.75,25860.75,78,3,3,0,0,-1,,,,
MNQ DEC25,1s,1,3233,2025-10-27 10:13:54,25861,25862,25861,25861.75,30,1,0.75,0.25,0,1,,,,
MNQ DEC25,1s,1,3234,2025-10-27 10:13:55,25862.25,25862.5,25861.75,25861.75,22,0.75,0.5,0.25,0,-1,,,,
MNQ DEC25,1s,1,3235,2025-10-27 10:13:56,25862.25,25862.25,25861.5,25861.5,3,0.75,0.75,0,0,-1,,,,
MNQ DEC25,1s,1,3236,2025-10-27 10:13:57,25862.75,25863.75,25862.5,25863.75,25,1.25,1,0,0.25,1,,,,
MNQ DEC25,1s,1,3237,2025-10-27 10:13:58,25863.5,25865,25863.5,25864.75,65,1.5,1.25,0.25,0,1,,,,
MNQ DEC25,1s,1,3238,2025-10-27 10:13:59,25864.5,25864.75,25863.75,25864.75,36,1,0.25,0,0.75,1,,,,
MNQ DEC25,1s,1,3239,2025-10-27 10:14:00,25864,25864.5,25861,25862,54,3.5,2,0.5,1,-1,,,,
MNQ DEC25,10s,10,5723,2025-10-27 10:14:00,25862,25865,25860.75,25862,391,4.25,0,3,1.25,0,-148.8,-77.75,-21.28333333,16.41
MNQ DEC25,20s,20,5861,2025-10-27 10:14:00,25862,25865,25859.25,25862,593,5.75,0,3,2.75,0,-148.2,-71.7,-43.51666667,-110.97
MNQ DEC25,1s,1,3240,2025-10-27 10:14:01,25861.75,25861.75,25860.25,25861.75,47,1.5,0,0,1.5,0,,,,
MNQ DEC25,1s,1,3241,2025-10-27 10:14:02,25861.5,25861.5,25860.25,25861,24,1.25,0.5,0,0.75,-1,,,,
MNQ DEC25,1s,1,3242,2025-10-27 10:14:03,25861,25861.75,25860.5,25860.5,11,1.25,0.5,0.75,0,-1,,,,
MNQ DEC25,1s,1,3243,2025-10-27 10:14:04,25860.5,25860.5,25859,25859,32,1.5,1.5,0,0,-1,,,,
MNQ DEC25,1s,1,3244,2025-10-27 10:14:05,25859.75,25861,25859.5,25860.75,31,1.5,1,0.25,0.25,1,,,,
MNQ DEC25,1s,1,3245,2025-10-27 10:14:06,25861.5,25863.25,25861.5,25862.25,30,1.75,0.75,1,0,1,,,,
MNQ DEC25,1s,1,3246,2025-10-27 10:14:07,25862.75,25863,25861.75,25862.25,20,1.25,0.5,0.25,0.5,-1,,,,
MNQ DEC25,1s,1,3247,2025-10-27 10:14:08,25862,25862.75,25861.75,25861.75,29,1,0.25,0.75,0,-1,,,,
MNQ DEC25,1s,1,3248,2025-10-27 10:14:09,25862.5,25862.75,25861.5,25861.5,26,1.25,1,0.25,0,-1,,,,
MNQ DEC25,1s,1,3249,2025-10-27 10:14:10,25861.25,25862,25861,25861.75,16,1,0.5,0.25,0.25,1,,,,
MNQ DEC25,10s,10,5724,2025-10-27 10:14:10,25861.75,25863.25,25859,25861.75,266,4.25,0,1.5,2.75,0,-210.9,-62.1,-39.66666667,-9.22
MNQ DEC25,1s,1,3250,2025-10-27 10:14:11,25861.5,25861.5,25860.25,25860.25,12,1.25,1.25,0,0,-1,,,,
MNQ DEC25,1s,1,3251,2025-10-27 10:14:12,25861,25861.25,25860.5,25860.5,8,0.75,0.5,0.25,0,-1,,,,
MNQ DEC25,1s,1,3252,2025-10-27 10:14:13,25860.5,25860.75,25859.5,25860.75,28,1.25,0.25,0,1,1,,,,
MNQ DEC25,1s,1,3253,2025-10-27 10:14:14,25860.5,25861,25860.25,25860.75,6,0.75,0.25,0.25,0.25,1,,,,
MNQ DEC25,1s,1,3254,2025-10-27 10:14:15,25861,25862.25,25861,25862,25,1.25,1,0.25,0,1,,,,
MNQ DEC25,1s,1,3255,2025-10-27 10:14:16,25861.5,25862,25860.5,25860.5,13,1.5,1,0.5,0,-1,,,,
MNQ DEC25,1s,1,3256,2025-10-27 10:14:17,25860.75,25861.5,25860.5,25861,25,1,0.25,0.5,0.25,1,,,,
MNQ DEC25,1s,1,3257,2025-10-27 10:14:18,25861.25,25861.25,25860.5,25861,17,0.75,0.25,0,0.5,-1,,,,
MNQ DEC25,1s,1,3258,2025-10-27 10:14:19,25860.25,25861,25860.25,25861,13,0.75,0.75,0,0,1,,,,
MNQ DEC25,1s,1,3259,2025-10-27 10:14:20,25861.25,25863.5,25861.25,25863.5,25,2.25,2.25,0,0,1,,,,
MNQ DEC25,10s,10,5725,2025-10-27 10:14:20,25861.5,25863.5,25859.5,25863.5,172,4,2,0,2,1,-188.75,22.15,-39.23333333,-20.76
MNQ DEC25,20s,20,5862,2025-10-27 10:14:20,25861.75,25863.5,25859,25863.5,438,4.5,1.75,0,2.75,1,-163.65,-15.45,-67.26666667,-68.72
MNQ DEC25,1s,1,3260,2025-10-27 10:14:21,25863,25864,25862.5,25862.75,27,1.5,0.25,1,0.25,-1,,,,
MNQ DEC25,1s,1,3261,2025-10-27 10:14:22,25862.5,25862.5,25862,25862.5,14,0.5,0,0,0.5,0,,,,
MNQ DEC25,1s,1,3262,2025-10-27 10:14:23,25863,25863,25862.5,25862.75,7,0.5,0.25,0,0.25,-1,,,,
MNQ DEC25,1s,1,3263,2025-10-27 10:14:24,25862,25863.25,25862,25863.25,16,1.25,1.25,0,0,1,,,,
MNQ DEC25,1s,1,3264,2025-10-27 10:14:25,25862.25,25862.75,25862,25862,11,0.75,0.25,0.5,0,-1,,,,
MNQ DEC25,1s,1,3265,2025-10-27 10:14:26,25862,25862.5,25861.5,25861.75,17,1,0.25,0.5,0.25,-1,,,,
MNQ DEC25,1s,1,3266,2025-10-27 10:14:27,25861.25,25862.25,25861.25,25862,10,1,0.75,0.25,0,1,,,,
MNQ DEC25,1s,1,3267,2025-10-27 10:14:28,25862.75,25863,25862,25862,7,1,0.75,0.25,0,-1,,,,
MNQ DEC25,1s,1,3268,2025-10-27 10:14:29,25863,25863,25862.5,25862.5,19,0.5,0.5,0,0,-1,,,,
MNQ DEC25,1s,1,3269,2025-10-27 10:14:30,25862.75,25862.75,25862.25,25862.75,7,0.5,0,0,0.5,0,,,,
MNQ DEC25,10s,10,5726,2025-10-27 10:14:30,25863,25864,25861.25,25862.75,135,2.75,0.25,1,1.5,-1,-171.05,17.7,-7.41666667,-15.83
MNQ DEC25,1s,1,3270,2025-10-27 10:14:31,25863,25864,25862.5,25863,11,1.5,0,1,0.5,0,,,,
MNQ DEC25,1s,1,3271,2025-10-27 10:14:32,25863.25,25865,25862.5,25864.25,49,2.5,1,0.75,0.75,1,,,,
MNQ DEC25,1s,1,3272,2025-10-27 10:14:33,25864.75,25866.25,25864.5,25866.25,143,1.75,1.5,0,0.25,1,,,,
MNQ DEC25,1s,1,3273,2025-10-27 10:14:34,25866.25,25866.5,25865.5,25866.25,70,1,0,0.25,0.75,0,,,,
MNQ DEC25,1s,1,3274,2025-10-27 10:14:35,25866.25,25867.25,25866,25866.5,108,1.25,0.25,0.75,0.25,1,,,,
MNQ DEC25,1s,1,3275,2025-10-27 10:14:36,25865.75,25866.75,25865.5,25866.5,43,1.25,0.75,0.25,0.25,1,,,,
MNQ DEC25,1s,1,3276,2025-10-27 10:14:37,25866.5,25867.25,25866,25866,77,1.25,0.5,0.75,0,-1,,,,
MNQ DEC25,1s,1,3277,2025-10-27 10:14:38,25866.5,25866.75,25865.75,25866.25,46,1,0.25,0.25,0.5,-1,,,,
MNQ DEC25,1s,1,3278,2025-10-27 10:14:39,25866.75,25867,25863.5,25863.5,71,3.5,3.25,0.25,0,-1,,,,
MNQ DEC25,1s,1,3279,2025-10-27 10:14:40,25863.5,25864,25862.75,25863.25,106,1.25,0.25,0.5,0.5,-1,,,,
MNQ DEC25,10s,10,5727,2025-10-27 10:14:40,25863,25867.25,25862.5,25863.25,724,4.75,0.25,4,0.5,1,-64,107.05,48.96666667,1.41
MNQ DEC25,20s,20,5863,2025-10-27 10:14:40,25863,25867.25,25861.25,25863.25,859,6,0.25,4,1.75,1,-120,43.65,-14.5,-20.47
MNQ DEC25,1s,1,3280,2025-10-27 10:14:41,25863.25,25863.5,25862.5,25863.5,31,1,0.25,0,0.75,1,,,,
MNQ DEC25,1s,1,3281,2025-10-27 10:14:42,25863.5,25863.75,25862.75,25863.75,29,1,0.25,0,0.75,1,,,,
MNQ DEC25,1s,1,3282,2025-10-27 10:14:43,25864,25865,25863.75,25864.75,11,1.25,0.75,0.25,0.25,1,,,,
MNQ DEC25,1s,1,3283,2025-10-27 10:14:44,25865.25,25865.25,25863.75,25863.75,24,1.5,1.5,0,0,-1,,,,
MNQ DEC25,1s,1,3284,2025-10-27 10:14:45,25864.25,25864.25,25862,25862.25,32,2.25,2,0,0.25,-1,,,,
MNQ DEC25,1s,1,3285,2025-10-27 10:14:46,25862.75,25862.75,25862,25862,15,0.75,0.75,0,0,-1,,,,
MNQ DEC25,1s,1,3286,2025-10-27 10:14:47,25862.5,25862.5,25861.75,25862.25,15,0.75,0.25,0,0.5,-1,,,,
MNQ DEC25,1s,1,3287,2025-10-27 10:14:48,25861.5,25862,25861,25862,44,1,0.5,0,0.5,1,,,,
MNQ DEC25,1s,1,3288,2025-10-27 10:14:49,25862,25862.5,25861.75,25862.25,16,0.75,0.25,0.25,0.25,1,,,,
MNQ DEC25,1s,1,3289,2025-10-27 10:14:50,25862,25862.75,25861.75,25862.75,12,1,0.75,0,0.25,1,,,,
MNQ DEC25,10s,10,5728,2025-10-27 10:14:50,25863.25,25865.25,25861,25862.75,229,4.25,0.5,2,1.75,-1,-83.65,-19.65,35.03333333,13.03
MNQ DEC25,1s,1,3290,2025-10-27 10:14:51,25862.5,25863.25,25862.5,25863.25,14,0.75,0.75,0,0,1,,,,
MNQ DEC25,1s,1,3291,2025-10-27 10:14:52,25863.25,25864,25862.75,25863.75,21,1.25,0.5,0.25,0.5,1,,,,
MNQ DEC25,1s,1,3292,2025-10-27 10:14:53,25864,25865,25863,25863,31,2,1,1,0,-1,,,,
MNQ DEC25,1s,1,3293,2025-10-27 10:14:54,25863,25863.25,25862.25,25862.25,18,1,0.75,0.25,0,-1,,,,
MNQ DEC25,1s,1,3294,2025-10-27 10:14:55,25862,25862.25,25861.75,25862.25,6,0.5,0.25,0,0.25,1,,,,
MNQ DEC25,1s,1,3295,2025-10-27 10:14:56,25862,25862.25,25861.75,25861.75,5,0.5,0.25,0.25,0,-1,,,,
MNQ DEC25,1s,1,3296,2025-10-27 10:14:57,25862.25,25862.25,25860.5,25861.5,32,1.75,0.75,0,1,-1,,,,
MNQ DEC25,1s,1,3297,2025-10-27 10:14:58,25861,25861.5,25860.75,25860.75,22,0.75,0.25,0.5,0,-1,,,,
MNQ DEC25,1s,1,3298,2025-10-27 10:14:59,25860.75,25861,25860.25,25860.75,31,0.75,0,0.25,0.5,0,,,,
MNQ DEC25,1s,1,3299,2025-10-27 10:15:00,25860.75,25860.75,25859,25859.25,76,1.75,1.5,0,0.25,-1,,,,
MNQ DEC25,10s,10,5729,2025-10-27 10:15:00,25862.5,25865,25859,25859.25,256,6,3.25,2.5,0.25,-1,-77.65,6,31.13333333,26.65
MNQ DEC25,20s,20,5864,2025-10-27 10:15:00,25863.25,25865.25,25859,25859.25,485,6.25,4,2,0.25,-1,-290.35,-170.35,-47.38333333,-65.7
MNQ DEC25,1s,1,3300,2025-10-27 10:15:01,25860,25860.75,25859.25,25860.75,74,1.5,0.75,0,0.75,1,,,,
MNQ DEC25,1s,1,3301,2025-10-27 10:15:02,25860.5,25861.75,25860.25,25861.75,23,1.5,1.25,0,0.25,1,,,,
MNQ DEC25,1s,1,3302,2025-10-27 10:15:03,25861,25861.5,25861,25861.5,8,0.5,0.5,0,0,1,,,,
MNQ DEC25,1s,1,3303,2025-10-27 10:15:04,25861.75,25862.25,25861.75,25861.75,22,0.5,0,0.5,0,0,,,,
MNQ DEC25,1s,1,3304,2025-10-27 10:15:05,25861.75,25862.25,25861.5,25861.75,21,0.75,0,0.5,0.25,0,,,,
MNQ DEC25,1s,1,3305,2025-10-27 10:15:06,25862,25862,25861.25,25861.75,24,0.75,0.25,0,0.5,-1,,,,
MNQ DEC25,1s,1,3306,2025-10-27 10:15:07,25862,25863,25862,25863,23,1,1,0,0,1,,,,
MNQ DEC25,1s,1,3307,2025-10-27 10:15:08,25863.25,25863.5,25862.5,25863.25,36,1,0,0.25,0.75,0,,,,
MNQ DEC25,1s,1,3308,2025-10-27 10:15:09,25863,25863.25,25860.5,25860.5,32,2.75,2.5,0.25,0,-1,,,,
MNQ DEC25,1s,1,3309,2025-10-27 10:15:10,25860.75,25861,25859.75,25860.5,56,1.25,0.25,0.25,0.75,-1,,,,
MNQ DEC25,10s,10,5730,2025-10-27 10:15:10,25860,25863.5,25859.25,25860.5,319,4.25,0.5,3,0.75,1,-36.05,41.6,9.31666667,30.54
MNQ DEC25,1s,1,3310,2025-10-27 10:15:11,25860.5,25861,25860,25860.5,25,1,0,0.5,0.5,0,,,,
MNQ DEC25,1s,1,3311,2025-10-27 10:15:12,25860.5,25861.75,25860,25861.25,25,1.75,0.75,0.5,0.5,1,,,,
MNQ DEC25,1s,1,3312,2025-10-27 10:15:13,25861,25861.5,25860.25,25860.75,11,1.25,0.25,0.5,0.5,-1,,,,
MNQ DEC25,1s,1,3313,2025-10-27 10:15:14,25861,25861.5,25859,25859.75,46,2.5,1.25,0.5,0.75,-1,,,,
MNQ DEC25,1s,1,3314,2025-10-27 10:15:15,25860,25860,25859.25,25859.75,27,0.75,0.25,0,0.5,-1,,,,
MNQ DEC25,1s,1,3315,2025-10-27 10:15:16,25860.25,25860.5,25859.5,25860,24,1,0.25,0.25,0.5,-1,,,,
MNQ DEC25,1s,1,3316,2025-10-27 10:15:17,25860.5,25862.5,25859.25,25859.75,116,3.25,0.75,2,0.5,-1,,,,
MNQ DEC25,1s,1,3317,2025-10-27 10:15:18,25859.5,25860.5,25859.25,25860.25,35,1.25,0.75,0.25,0.25,1,,,,
MNQ DEC25,1s,1,3318,2025-10-27 10:15:19,25860.25,25860.25,25859.25,25859.25,13,1,1,0,0,-1,,,,
MNQ DEC25,1s,1,3319,2025-10-27 10:15:20,25859.25,25859.25,25856.5,25856.75,124,2.75,2.5,0,0.25,-1,,,,
MNQ DEC25,10s,10,5731,2025-10-27 10:15:20,25860.5,25862.5,25856.5,25856.75,446,6,3.75,2,0.25,-1,34.05,70.1,39.23333333,41.02
MNQ DEC25,20s,20,5865,2025-10-27 10:15:20,25860,25863.5,25856.5,25856.75,765,7,3.25,3.5,0.25,-1,-268.9,21.45,-35.08333333,-38.48
MNQ DEC25,1s,1,3320,2025-10-27 10:15:21,25857,25857.25,25855,25855.5,128,2.25,1.5,0.25,0.5,-1,,,,
MNQ DEC25,1s,1,3321,2025-10-27 10:15:22,25855.75,25857.25,25854.5,25857.25,94,2.75,1.5,0,1.25,1,,,,
MNQ DEC25,1s,1,3322,2025-10-27 10:15:23,25857.25,25857.5,25854.75,25855,68,2.75,2.25,0.25,0.25,-1,,,,
MNQ DEC25,1s,1,3323,2025-10-27 10:15:24,25855,25855.25,25854.25,25855,36,1,0,0.25,0.75,0,,,,
MNQ DEC25,1s,1,3324,2025-10-27 10:15:25,25855,25857.5,25855,25857.25,53,2.5,2.25,0.25,0,1,,,,
MNQ DEC25,1s,1,3325,2025-10-27 10:15:26,25857,25857.75,25856.75,25857,18,1,0,0.75,0.25,0,,,,
MNQ DEC25,1s,1,3326,2025-10-27 10:15:27,25856.5,25856.5,25853,25853,52,3.5,3.5,0,0,-1,,,,
MNQ DEC25,1s,1,3327,2025-10-27 10:15:28,25853.25,25855.5,25853.25,25855.5,61,2.25,2.25,0,0,1,,,,
MNQ DEC25,1s,1,3328,2025-10-27 10:15:29,25855.75,25856.5,25855.25,25855.25,30,1.25,0.5,0.75,0,-1,,,,
MNQ DEC25,1s,1,3329,2025-10-27 10:15:30,25856.25,25856.5,25855.25,25856,31,1.25,0.25,0.25,0.75,-1,,,,
MNQ DEC25,10s,10,5732,2025-10-27 10:15:30,25857,25857.75,25853,25856,571,4.75,1,0.75,3,-1,4.1,-29.95,27.25,13.62
MNQ DEC25,1s,1,3330,2025-10-27 10:15:31,25855.75,25857.75,25855.25,25857.25,54,2.5,1.5,0.5,0.5,1,,,,
MNQ DEC25,1s,1,3331,2025-10-27 10:15:32,25857.5,25857.75,25856.5,25857.5,29,1.25,0,0.25,1,0,,,,
MNQ DEC25,1s,1,3332,2025-10-27 10:15:33,25858,25859.75,25857.5,25859.25,52,2.25,1.25,0.5,0.5,1,,,,
MNQ DEC25,1s,1,3333,2025-10-27 10:15:34,25859,25861,25858.75,25860,47,2.25,1,1,0.25,1,,,,
MNQ DEC25,1s,1,3334,2025-10-27 10:15:35,25860,25860.5,25858.75,25860.5,20,1.75,0.5,0,1.25,1,,,,
MNQ DEC25,1s,1,3335,2025-10-27 10:15:36,25860,25861.5,25860,25860.5,44,1.5,0.5,1,0,1,,,,
MNQ DEC25,1s,1,3336,2025-10-27 10:15:37,25860.5,25860.75,25856.5,25856.5,48,4.25,4,0.25,0,-1,,,,
MNQ DEC25,1s,1,3337,2025-10-27 10:15:38,25856.25,25857,25856.25,25856.5,17,0.75,0.25,0.5,0,1,,,,
MNQ DEC25,1s,1,3338,2025-10-27 10:15:39,25857,25857.25,25857,25857,14,0.25,0,0.25,0,0,,,,
MNQ DEC25,1s,1,3339,2025-10-27 10:15:40,25857.25,25858.25,25856.75,25857.5,27,1.5,0.25,0.75,0.5,1,,,,
MNQ DEC25,10s,10,5733,2025-10-27 10:15:40,25855.75,25861.5,25855.25,25857.5,352,6.25,1.75,4,0.5,1,33,28.9,23.01666667,23.33
MNQ DEC25,20s,20,5866,2025-10-27 10:15:40,25857,25861.5,25853,25857.5,923,8.5,0.5,4,4,1,-225.9,43,-35.3,-15.54
MNQ DEC25,1s,1,3340,2025-10-27 10:15:41,25857.5,25857.5,25856.5,25857,21,1,0.5,0,0.5,-1,,,,
MNQ DEC25,1s,1,3341,2025-10-27 10:15:42,25857.5,25857.5,25855.25,25855.75,22,2.25,1.75,0,0.5,-1,,,,
MNQ DEC25,1s,1,3342,2025-10-27 10:15:43,25855.75,25855.75,25855,25855,20,0.75,0.75,0,0,-1,,,,
MNQ DEC25,1s,1,3343,2025-10-27 10:15:44,25854.75,25855.25,25854,25854.25,50,1.25,0.5,0.5,0.25,-1,,,,
MNQ DEC25,1s,1,3344,2025-10-27 10:15:45,25853.75,25854.25,25852.5,25853.25,52,1.75,0.5,0.5,0.75,-1,,,,
MNQ DEC25,1s,1,3345,2025-10-27 10:15:46,25853,25855.75,25853,25855.75,73,2.75,2.75,0,0,1,,,,
MNQ DEC25,1s,1,3346,2025-10-27 10:15:47,25855.25,25857,25854.75,25856.5,49,2.25,1.25,0.5,0.5,1,,,,
MNQ DEC25,1s,1,3347,2025-10-27 10:15:48,25856.75,25857,25855.75,25856.75,19,1.25,0,0.25,1,0,,,,
MNQ DEC25,1s,1,3348,2025-10-27 10:15:49,25856.5,25857.25,25856,25856.25,46,1.25,0.25,0.75,0.25,-1,,,,
MNQ DEC25,1s,1,3349,2025-10-27 10:15:50,25855.75,25856,25854.5,25855.25,24,1.5,0.5,0.25,0.75,-1,,,,
MNQ DEC25,10s,10,5734,2025-10-27 10:15:50,25857.5,25857.5,25852.5,25855.25,376,5,2.25,0,2.75,-1,49.15,16.15,5.03333333,25.36
MNQ DEC25,1s,1,3350,2025-10-27 10:15:51,25855.5,25856.25,25855,25855.75,33,1.25,0.25,0.5,0.5,1,,,,
MNQ DEC25,1s,1,3351,2025-10-27 10:15:52,25855.75,25856,25855,25855,16,1,0.75,0.25,0,-1,,,,
MNQ DEC25,1s,1,3352,2025-10-27 10:15:53,25855.75,25855.75,25854,25854,30,1.75,1.75,0,0,-1,,,,
MNQ DEC25,1s,1,3353,2025-10-27 10:15:54,25854,25854,25852.75,25853.5,63,1.25,0.5,0,0.75,-1,,,,
MNQ DEC25,1s,1,3354,2025-10-27 10:15:55,25854,25854,25853.25,25854,20,0.75,0,0,0.75,0,,,,
MNQ DEC25,1s,1,3355,2025-10-27 10:15:56,25853.25,25854,25852.25,25852.25,41,1.75,1,0.75,0,-1,,,,
MNQ DEC25,1s,1,3356,2025-10-27 10:15:57,25852.75,25852.75,25851.5,25851.75,76,1.25,1,0,0.25,-1,,,,
MNQ DEC25,1s,1,3357,2025-10-27 10:15:58,25851.75,25852.5,25851.25,25851.75,63,1.25,0,0.75,0.5,0,,,,
MNQ DEC25,1s,1,3358,2025-10-27 10:15:59,25851.75,25853,25851.75,25852.25,56,1.25,0.5,0.75,0,1,,,,
MNQ DEC25,1s,1,3359,2025-10-27 10:16:00,25852.25,25854.75,25852,25854.25,74,2.75,2,0.5,0.25,1,,,,
MNQ DEC25,10s,10,5735,2025-10-27 10:16:00,25855.5,25856.25,25851.25,25854.25,472,5,1.25,0.75,3,-1,71.2,22.05,22.36666667,21.45
MNQ DEC25,20s,20,5867,2025-10-27 10:16:00,25857.5,25857.5,25851.25,25854.25,848,6.25,3.25,0,3,-1,-162.4,63.5,42.65,0.25
MNQ DEC25,1s,1,3360,2025-10-27 10:16:01,25854.75,25855.5,25854,25854.75,48,1.5,0,0.75,0.75,0,,,,
MNQ DEC25,1s,1,3361,2025-10-27 10:16:02,25855.25,25856.75,25854.75,25856.25,92,2,1,0.5,0.5,1,,,,
MNQ DEC25,1s,1,3362,2025-10-27 10:16:03,25856.25,25856.75,25855.25,25856.25,26,1.5,0,0.5,1,0,,,,
MNQ DEC25,1s,1,3363,2025-10-27 10:16:04,25856,25856.25,25855.75,25856,8,0.5,0,0.25,0.25,0,,,,
MNQ DEC25,1s,1,3364,2025-10-27 10:16:05,25855.75,25857.5,25855.5,25856.75,48,2,1,0.75,0.25,1,,,,
MNQ DEC25,1s,1,3365,2025-10-27 10:16:06,25857.25,25859,25857.25,25857.5,58,1.75,0.25,1.5,0,1,,,,
MNQ DEC25,1s,1,3366,2025-10-27 10:16:07,25857,25859.75,25856.5,25859.25,60,3.25,2.25,0.5,0.5,1,,,,
MNQ DEC25,1s,1,3367,2025-10-27 10:16:08,25858.75,25859,25857.5,25858.75,25,1.5,0,0.25,1.25,0,,,,
MNQ DEC25,1s,1,3368,2025-10-27 10:16:09,25858.5,25859.75,25858.5,25858.5,17,1.25,0,1.25,0,0,,,,
MNQ DEC25,1s,1,3369,2025-10-27 10:16:10,25859.75,25861.25,25859.25,25860,54,2,0.25,1.25,0.5,1,,,,
MNQ DEC25,10s,10,5736,2025-10-27 10:16:10,25854.75,25861.25,25854,25860,436,7.25,5.25,1.25,0.75,1,63,-8.2,10,5.79
MNQ DEC25,1s,1,3370,2025-10-27 10:16:11,25860.5,25861.25,25860.5,25861,21,0.75,0.5,0.25,0,1,,,,
MNQ DEC25,1s,1,3371,2025-10-27 10:16:12,25861,25861,25859,25860.25,25,2,0.75,0,1.25,-1,,,,
MNQ DEC25,1s,1,3372,2025-10-27 10:16:13,25858.75,25859.75,25857.75,25859.75,31,2,1,0,1,1,,,,
MNQ DEC25,1s,1,3373,2025-10-27 10:16:14,25859.75,25859.75,25858.5,25859,13,1.25,0.75,0,0.5,-1,,,,
MNQ DEC25,1s,1,3374,2025-10-27 10:16:15,25859.75,25859.75,25859,25859,12,0.75,0.75,0,0,-1,,,,
MNQ DEC25,1s,1,3375,2025-10-27 10:16:16,25859.75,25861,25859.75,25860.25,34,1.25,0.5,0.75,0,1,,,,
MNQ DEC25,1s,1,3376,2025-10-27 10:16:17,25860.25,25860.5,25859,25859,19,1.5,1.25,0.25,0,-1,,,,
MNQ DEC25,1s,1,3377,2025-10-27 10:16:18,25859.25,25860.5,25859.25,25860,15,1.25,0.75,0.5,0,1,,,,
MNQ DEC25,1s,1,3378,2025-10-27 10:16:19,25859.5,25859.75,25859.25,25859.25,8,0.5,0.25,0.25,0,-1,,,,
MNQ DEC25,1s,1,3379,2025-10-27 10:16:20,25859.5,25859.75,25859,25859,9,0.75,0.5,0.25,0,-1,,,,
MNQ DEC25,10s,10,5737,2025-10-27 10:16:20,25860.5,25861.25,25857.75,25859,187,3.5,1.5,0.75,1.25,-1,-12.2,-75.2,-20.45,-3.26
MNQ DEC25,20s,20,5868,2025-10-27 10:16:20,25854.75,25861.25,25854,25859,623,7.25,4.25,2.25,0.75,1,-217.2,-54.8,17.23333333,-19.44
MNQ DEC25,1s,1,3380,2025-10-27 10:16:21,25858.75,25860.25,25858.5,25860,21,1.75,1.25,0.25,0.25,1,,,,
MNQ DEC25,1s,1,3381,2025-10-27 10:16:22,25859.75,25860.25,25859.5,25860.25,27,0.75,0.5,0,0.25,1,,,,
MNQ DEC25,1s,1,3382,2025-10-27 10:16:23,25860.5,25860.5,25860,25860.5,11,0.5,0,0,0.5,0,,,,
MNQ DEC25,1s,1,3383,2025-10-27 10:16:24,25860.25,25862.5,25860,25862,69,2.5,1.75,0.5,0.25,1,,,,
MNQ DEC25,1s,1,3384,2025-10-27 10:16:25,25861.5,25861.75,25860.75,25861.5,39,1,0,0.25,0.75,0,,,,
MNQ DEC25,1s,1,3385,2025-10-27 10:16:26,25862.25,25864,25862.25,25864,88,1.75,1.75,0,0,1,,,,
MNQ DEC25,1s,1,3386,2025-10-27 10:16:27,25863.5,25863.5,25861,25861.25,39,2.5,2.25,0,0.25,-1,,,,
MNQ DEC25,1s,1,3387,2025-10-27 10:16:28,25861,25862,25861,25861.25,33,1,0.25,0.75,0,1,,,,
MNQ DEC25,1s,1,3388,2025-10-27 10:16:29,25861.25,25862,25861.25,25861.75,13,0.75,0.5,0.25,0,1,,,,
MNQ DEC25,1s,1,3389,2025-10-27 10:16:30,25862.5,25865,25862.5,25864.5,73,2.5,2,0.5,0,1,,,,
MNQ DEC25,10s,10,5738,2025-10-27 10:16:30,25858.75,25865,25858.5,25864.5,413,6.5,5.75,0.5,0.25,1,18.7,30.9,-17.5,-2.86
MNQ DEC25,1s,1,3390,2025-10-27 10:16:31,25865,25865,25860.75,25861.25,60,4.25,3.75,0,0.5,-1,,,,
MNQ DEC25,1s,1,3391,2025-10-27 10:16:32,25860.75,25861,25859.75,25860.5,67,1.25,0.25,0.25,0.75,-1,,,,
MNQ DEC25,1s,1,3392,2025-10-27 10:16:33,25860.75,25861,25859.5,25859.75,45,1.5,1,0.25,0.25,-1,,,,
MNQ DEC25,1s,1,3393,2025-10-27 10:16:34,25860,25861,25859.5,25861,17,1.5,1,0,0.5,1,,,,
MNQ DEC25,1s,1,3394,2025-10-27 10:16:35,25860.75,25861,25859.25,25859.25,51,1.75,1.5,0.25,0,-1,,,,
MNQ DEC25,1s,1,3395,2025-10-27 10:16:36,25860.5,25860.5,25859,25860.5,28,1.5,0,0,1.5,0,,,,
MNQ DEC25,1s,1,3396,2025-10-27 10:16:37,25860.25,25861,25858.75,25859.25,33,2.25,1,0.75,0.5,-1,,,,
MNQ DEC25,1s,1,3397,2025-10-27 10:16:38,25859,25859,25857.25,25858,28,1.75,1,0,0.75,-1,,,,
MNQ DEC25,1s,1,3398,2025-10-27 10:16:39,25857.5,25858,25855.5,25857,82,2.5,0.5,0.5,1.5,-1,,,,
MNQ DEC25,1s,1,3399,2025-10-27 10:16:40,25856.75,25858,25856.5,25858,27,1.5,1.25,0,0.25,1,,,,
MNQ DEC25,10s,10,5739,2025-10-27 10:16:40,25865,25865,25855.5,25858,438,9.5,7,0,2.5,-1,39.4,20.7,-7.86666667,-1.95
MNQ DEC25,20s,20,5869,2025-10-27 10:16:40,25858.75,25865,25855.5,25858,851,9.5,0.75,6.25,2.5,-1,-157.2,60,22.9,26.63
MNQ DEC25,1s,1,3400,2025-10-27 10:16:41,25858.25,25858.75,25857.75,25858,22,1,0.25,0.5,0.25,-1,,,,
MNQ DEC25,1s,1,3401,2025-10-27 10:16:42,25857.75,25858.5,25857.25,25858,32,1.25,0.25,0.5,0.5,1,,,,
MNQ DEC25,1s,1,3402,2025-10-27 10:16:43,25858,25858,25856.5,25857,56,1.5,1,0,0.5,-1,,,,
MNQ DEC25,1s,1,3403,2025-10-27 10:16:44,25857.25,25857.75,25855.75,25856.25,33,2,1,0.5,0.5,-1,,,,
MNQ DEC25,1s,1,3404,2025-10-27 10:16:45,25856.75,25857.25,25856,25857,20,1.25,0.25,0.25,0.75,1,,,,
MNQ DEC25,1s,1,3405,2025-10-27 10:16:46,25857,25857,25856.75,25857,4,0.25,0,0,0.25,0,,,,
MNQ DEC25,1s,1,3406,2025-10-27 10:16:47,25857.5,25858.5,25857,25858,19,1.5,0.5,0.5,0.5,1,,,,
MNQ DEC25,1s,1,3407,2025-10-27 10:16:48,25858,25858,25856.25,25856.25,20,1.75,1.75,0,0,-1,,,,
MNQ DEC25,1s,1,3408,2025-10-27 10:16:49,25856,25856.25,25854.5,25854.75,60,1.75,1.25,0.25,0.25,-1,,,,
MNQ DEC25,1s,1,3409,2025-10-27 10:16:50,25854.25,25855,25853.75,25854.25,67,1.25,0,0.75,0.5,0,,,,
MNQ DEC25,10s,10,5740,2025-10-27 10:16:50,25858.25,25858.75,25853.75,25854.25,333,5,4,0.5,0.5,-1,13.4,-26,8.53333333,-11.56
MNQ DEC25,1s,1,3410,2025-10-27 10:16:51,25854,25854.5,25853.75,25854,26,0.75,0,0.5,0.25,0,,,,
MNQ DEC25,1s,1,3411,2025-10-27 10:16:52,25853.5,25854,25852.25,25853.25,89,1.75,0.25,0.5,1,-1,,,,
MNQ DEC25,1s,1,3412,2025-10-27 10:16:53,25852.75,25854,25851.5,25852,88,2.5,0.75,1.25,0.5,-1,,,,
MNQ DEC25,1s,1,3413,2025-10-27 10:16:54,25852,25852.75,25849.75,25850,225,3,2,0.75,0.25,-1,,,,
MNQ DEC25,1s,1,3414,2025-10-27 10:16:55,25850,25850,25846,25848.75,648,4,1.25,0,2.75,-1,,,,
MNQ DEC25,1s,1,3415,2025-10-27 10:16:56,25849,25850.25,25848.25,25849,157,2,0,1.25,0.75,0,,,,
MNQ DEC25,1s,1,3416,2025-10-27 10:16:57,25848.5,25849,25844,25845.75,286,5,2.75,0.5,1.75,-1,,,,
MNQ DEC25,1s,1,3417,2025-10-27 10:16:58,25845.25,25845.75,25837.75,25842.25,1146,8,3,0.5,4.5,-1,,,,
MNQ DEC25,1s,1,3418,2025-10-27 10:16:59,25842.75,25845,25842.25,25845,216,2.75,2.25,0,0.5,1,,,,
MNQ DEC25,1s,1,3419,2025-10-27 10:17:00,25844.5,25846.75,25844.25,25846.5,94,2.5,2,0.25,0.25,1,,,,
MNQ DEC25,10s,10,5741,2025-10-27 10:17:00,25854,25854.5,25837.75,25846.5,2975,16.75,7.5,0.5,8.75,-1,384.55,371.15,121.95,64.31
MNQ DEC25,20s,20,5870,2025-10-27 10:17:00,25858.25,25858.75,25837.75,25846.5,3308,21,11.75,0.5,8.75,-1,289.85,447.05,150.75,111.75
MNQ DEC25,1s,1,3420,2025-10-27 10:17:01,25846.75,25847,25844.5,25845.75,94,2.5,1,0.25,1.25,-1,,,,
MNQ DEC25,1s,1,3421,2025-10-27 10:17:02,25845.25,25847.25,25844.75,25847,80,2.5,1.75,0.25,0.5,1,,,,
MNQ DEC25,1s,1,3422,2025-10-27 10:17:03,25846.5,25848.25,25846,25846.5,112,2.25,0,1.75,0.5,0,,,,
MNQ DEC25,1s,1,3423,2025-10-27 10:17:04,25846.25,25846.25,25843.25,25843.75,131,3,2.5,0,0.5,-1,,,,
MNQ DEC25,1s,1,3424,2025-10-27 10:17:05,25844.5,25844.5,25843.5,25844,50,1,0.5,0,0.5,-1,,,,
MNQ DEC25,1s,1,3425,2025-10-27 10:17:06,25843.75,25847.25,25843.75,25847.25,57,3.5,3.5,0,0,1,,,,
MNQ DEC25,1s,1,3426,2025-10-27 10:17:07,25847,25847.75,25846.5,25847,41,1.25,0,0.75,0.5,0,,,,
MNQ DEC25,1s,1,3427,2025-10-27 10:17:08,25846.5,25847.75,25845.75,25847.5,38,2,1,0.25,0.75,1,,,,
MNQ DEC25,1s,1,3428,2025-10-27 10:17:09,25847.5,25849.25,25847,25848.5,110,2.25,1,0.75,0.5,1,,,,
MNQ DEC25,1s,1,3429,2025-10-27 10:17:10,25848.75,25850.5,25848.5,25849.5,110,2,0.75,1,0.25,1,,,,
MNQ DEC25,10s,10,5742,2025-10-27 10:17:10,25846.75,25850.5,25843.25,25849.5,823,7.25,2.75,1,3.5,1,480.7,96.15,147.1,98.58
MNQ DEC25,1s,1,3430,2025-10-27 10:17:11,25849.5,25850,25848.5,25849,63,1.5,0.5,0.5,0.5,-1,,,,
MNQ DEC25,1s,1,3431,2025-10-27 10:17:12,25849,25849.75,25849,25849.25,46,0.75,0.25,0.5,0,1,,,,
MNQ DEC25,1s,1,3432,2025-10-27 10:17:13,25849.25,25850,25849,25849.75,21,1,0.5,0.25,0.25,1,,,,
MNQ DEC25,1s,1,3433,2025-10-27 10:17:14,25849.5,25850,25848.5,25848.75,41,1.5,0.75,0.5,0.25,-1,,,,
MNQ DEC25,1s,1,3434,2025-10-27 10:17:15,25848.5,25848.75,25847.75,25848.25,33,1,0.25,0.25,0.5,-1,,,,
MNQ DEC25,1s,1,3435,2025-10-27 10:17:16,25848.5,25849.25,25847.25,25847.25,35,2,1.25,0.75,0,-1,,,,
MNQ DEC25,1s,1,3436,2025-10-27 10:17:17,25847.25,25847.25,25844.25,25844.25,151,3,3,0,0,-1,,,,
MNQ DEC25,1s,1,3437,2025-10-27 10:17:18,25844.5,25845,25843.5,25844.25,45,1.5,0.25,0.5,0.75,-1,,,,
MNQ DEC25,1s,1,3438,2025-10-27 10:17:19,25844.25,25846.25,25844.25,25845.25,86,2,1,1,0,1,,,,
MNQ DEC25,1s,1,3439,2025-10-27 10:17:20,25845.5,25848,25845.5,25846.5,119,2.5,1,1.5,0,1,,,,
MNQ DEC25,10s,10,5743,2025-10-27 10:17:20,25849.5,25850,25843.5,25846.5,640,6.5,3,0.5,3,-1,513.65,32.95,166.75,98.99
MNQ DEC25,20s,20,5871,2025-10-27 10:17:20,25846.75,25850.5,25843.25,25846.5,1463,7.25,0.25,3.75,3.25,-1,380.05,90.2,199.08333333,121.19
MNQ DEC25,1s,1,3440,2025-10-27 10:17:21,25847,25848.5,25846.5,25848.5,35,2,1.5,0,0.5,1,,,,
MNQ DEC25,1s,1,3441,2025-10-27 10:17:22,25848.5,25848.5,25845.25,25845.25,171,3.25,3.25,0,0,-1,,,,
MNQ DEC25,1s,1,3442,2025-10-27 10:17:23,25845.5,25845.5,25844,25845,92,1.5,0.5,0,1,-1,,,,
MNQ DEC25,1s,1,3443,2025-10-27 10:17:24,25844.5,25846.25,25843.75,25845.75,31,2.5,1.25,0.5,0.75,1,,,,
MNQ DEC25,1s,1,3444,2025-10-27 10:17:25,25846,25846.25,25844.75,25846.25,17,1.5,0.25,0,1.25,1,,,,
MNQ DEC25,1s,1,3445,2025-10-27 10:17:26,25846.25,25850,25846.25,25850,120,3.75,3.75,0,0,1,,,,
MNQ DEC25,1s,1,3446,2025-10-27 10:17:27,25849.5,25850.25,25848.5,25849.5,49,1.75,0,0.75,1,0,,,,
MNQ DEC25,1s,1,3447,2025-10-27 10:17:28,25849.25,25850.25,25849,25849,36,1.25,0.25,1,0,-1,,,,
MNQ DEC25,1s,1,3448,2025-10-27 10:17:29,25849.5,25849.75,25849.25,25849.5,7,0.5,0,0.25,0.25,0,,,,
MNQ DEC25,1s,1,3449,2025-10-27 10:17:30,25849.5,25850,25848.75,25849.5,28,1.25,0,0.5,0.75,0,,,,
MNQ DEC25,10s,10,5744,2025-10-27 10:17:30,25847,25850.25,25843.75,25849.5,586,6.5,2.5,0.75,3.25,1,527.25,13.6,47.56666667,97.57
MNQ DEC25,1s,1,3450,2025-10-27 10:17:31,25848.75,25849.75,25848.25,25848.25,40,1.5,0.5,1,0,-1,,,,
MNQ DEC25,1s,1,3451,2025-10-27 10:17:32,25847.25,25848.25,25845.5,25845.5,51,2.75,1.75,1,0,-1,,,,
MNQ DEC25,1s,1,3452,2025-10-27 10:17:33,25845.25,25846.5,25843.5,25844.25,93,3,1,1.25,0.75,-1,,,,
MNQ DEC25,1s,1,3453,2025-10-27 10:17:34,25843.75,25844.25,25840.5,25840.75,134,3.75,3,0.5,0.25,-1,,,,
MNQ DEC25,1s,1,3454,2025-10-27 10:17:35,25841.75,25842.5,25840.75,25841.75,76,1.75,0,0.75,1,0,,,,
MNQ DEC25,1s,1,3455,2025-10-27 10:17:36,25842,25843.25,25841.25,25841.25,79,2,0.75,1.25,0,-1,,,,
MNQ DEC25,1s,1,3456,2025-10-27 10:17:37,25840.75,25844.25,25840.75,25843.5,63,3.5,2.75,0.75,0,1,,,,
MNQ DEC25,1s,1,3457,2025-10-27 10:17:38,25842.75,25843.25,25841.5,25841.5,43,1.75,1.25,0.5,0,-1,,,,
MNQ DEC25,1s,1,3458,2025-10-27 10:17:39,25841.75,25841.75,25837,25838.25,201,4.75,3.5,0,1.25,-1,,,,
MNQ DEC25,1s,1,3459,2025-10-27 10:17:40,25838,25841.5,25838,25840.75,112,3.5,2.75,0.75,0,1,,,,
MNQ DEC25,10s,10,5745,2025-10-27 10:17:40,25848.75,25849.75,25837,25840.75,892,12.75,8,1,3.75,-1,603.05,75.8,40.78333333,117.93
MNQ DEC25,20s,20,5872,2025-10-27 10:17:40,25847,25850.25,25837,25840.75,1478,13.25,6.25,3.25,3.75,-1,521.1,141.05,226.1,136.7
MNQ DEC25,1s,1,3460,2025-10-27 10:17:41,25840.25,25841.75,25839.5,25839.75,116,2.25,0.5,1.5,0.25,-1,,,,
MNQ DEC25,1s,1,3461,2025-10-27 10:17:42,25840,25841.75,25840,25840.5,46,1.75,0.5,1.25,0,1,,,,
MNQ DEC25,1s,1,3462,2025-10-27 10:17:43,25840.25,25840.5,25838.75,25839.25,62,1.75,1,0.25,0.5,-1,,,,
MNQ DEC25,1s,1,3463,2025-10-27 10:17:44,25839.5,25841.5,25839,25840.75,78,2.5,1.25,0.75,0.5,1,,,,
MNQ DEC25,1s,1,3464,2025-10-27 10:17:45,25840.75,25843.5,25840.75,25843,65,2.75,2.25,0.5,0,1,,,,
MNQ DEC25,1s,1,3465,2025-10-27 10:17:46,25843.25,25844.25,25841.5,25841.75,77,2.75,1.5,1,0.25,-1,,,,
MNQ DEC25,1s,1,3466,2025-10-27 10:17:47,25841.75,25842.25,25840.5,25840.5,22,1.75,1.25,0.5,0,-1,,,,
MNQ DEC25,1s,1,3467,2025-10-27 10:17:48,25840.75,25841.25,25840,25841.25,28,1.25,0.5,0,0.75,1,,,,
MNQ DEC25,1s,1,3468,2025-10-27 10:17:49,25841,25842.5,25841,25841,43,1.5,0,1.5,0,0,,,,
MNQ DEC25,1s,1,3469,2025-10-27 10:17:50,25841.5,25842,25840.25,25842,28,1.75,0.5,0,1.25,1,,,,
MNQ DEC25,10s,10,5746,2025-10-27 10:17:50,25840.25,25844.25,25838.75,25842,565,5.5,1.75,2.25,1.5,1,99.55,-503.5,-138.03333333,-57
MNQ DEC25,1s,1,3470,2025-10-27 10:17:51,25841.75,25842.5,25841.5,25841.5,27,1,0.25,0.75,0,-1,,,,
MNQ DEC25,1s,1,3471,2025-10-27 10:17:52,25841.75,25843.5,25841.5,25842.75,79,2,1,0.75,0.25,1,,,,
MNQ DEC25,1s,1,3472,2025-10-27 10:17:53,25843,25844,25842.5,25843,57,1.5,0,1,0.5,0,,,,
MNQ DEC25,1s,1,3473,2025-10-27 10:17:54,25842.75,25843.5,25842.25,25843.25,50,1.25,0.5,0.25,0.5,1,,,,
MNQ DEC25,1s,1,3474,2025-10-27 10:17:55,25843.25,25843.25,25842,25842.25,45,1.25,1,0,0.25,-1,,,,
MNQ DEC25,1s,1,3475,2025-10-27 10:17:56,25842.75,25842.75,25841,25841,28,1.75,1.75,0,0,-1,,,,
MNQ DEC25,1s,1,3476,2025-10-27 10:17:57,25841,25842.25,25840.75,25841,46,1.5,0,1.25,0.25,0,,,,
MNQ DEC25,1s,1,3477,2025-10-27 10:17:58,25841.5,25842,25841,25841,12,1,0.5,0.5,0,-1,,,,
MNQ DEC25,1s,1,3478,2025-10-27 10:17:59,25841,25841.75,25840,25840,51,1.75,1,0.75,0,-1,,,,
MNQ DEC25,1s,1,3479,2025-10-27 10:18:00,25840,25840.75,25839.25,25840.5,70,1.5,0.5,0.25,0.75,1,,,,
MNQ DEC25,10s,10,5747,2025-10-27 10:18:00,25841.75,25844,25839.25,25840.5,465,4.75,1.25,2.25,1.25,-1,40.9,-58.65,-162.11666667,-87.96
MNQ DEC25,20s,20,5873,2025-10-27 10:18:00,25840.25,25844.25,25838.75,25840.5,1030,5.5,0.25,3.75,1.5,1,635.7,114.6,115.28333333,170.58
MNQ DEC25,1s,1,3480,2025-10-27 10:18:01,25839.75,25841.5,25839.25,25841.5,88,2.25,1.75,0,0.5,1,,,,
MNQ DEC25,1s,1,3481,2025-10-27 10:18:02,25841.25,25841.75,25840.25,25841,53,1.5,0.25,0.5,0.75,-1,,,,
MNQ DEC25,1s,1,3482,2025-10-27 10:18:03,25841,25841.25,25838.5,25839.25,57,2.75,1.75,0.25,0.75,-1,,,,
MNQ DEC25,1s,1,3483,2025-10-27 10:18:04,25839.25,25841.5,25839,25841.5,43,2.5,2.25,0,0.25,1,,,,
MNQ DEC25,1s,1,3484,2025-10-27 10:18:05,25841,25843,25841,25842.5,37,2,1.5,0.5,0,1,,,,
MNQ DEC25,1s,1,3485,2025-10-27 10:18:06,25842.75,25843.5,25842.75,25843.5,47,0.75,0.75,0,0,1,,,,
MNQ DEC25,1s,1,3486,2025-10-27 10:18:07,25843.75,25844,25842,25842.5,36,2,1.25,0.25,0.5,-1,,,,
MNQ DEC25,1s,1,3487,2025-10-27 10:18:08,25842.75,25842.75,25842,25842.25,23,0.75,0.5,0,0.25,-1,,,,
MNQ DEC25,1s,1,3488,2025-10-27 10:18:09,25841.75,25842.25,25840.25,25841.5,22,2,0.25,0.5,1.25,-1,,,,
MNQ DEC25,1s,1,3489,2025-10-27 10:18:10,25841,25841.75,25840.5,25841.75,16,1.25,0.75,0,0.5,1,,,,
MNQ DEC25,10s,10,5748,2025-10-27 10:18:10,25839.75,25844,25838.5,25841.75,422,5.5,2,2.25,1.25,1,-12.35,-53.25,-205.13333333,-105.2
MNQ DEC25,1s,1,3490,2025-10-27 10:18:11,25841.25,25844.5,25841.25,25844.5,65,3.25,3.25,0,0,1,,,,
MNQ DEC25,1s,1,3491,2025-10-27 10:18:12,25844.25,25844.5,25842.75,25843.75,53,1.75,0.5,0.25,1,-1,,,,
MNQ DEC25,1s,1,3492,2025-10-27 10:18:13,25844.5,25845,25843.75,25844.75,91,1.25,0.25,0.25,0.75,1,,,,
MNQ DEC25,1s,1,3493,2025-10-27 10:18:14,25845.25,25845.5,25842.5,25843.25,55,3,2,0.25,0.75,-1,,,,
MNQ DEC25,1s,1,3494,2025-10-27 10:18:15,25842.75,25843.25,25840,25840.5,73,3.25,2.25,0.5,0.5,-1,,,,
MNQ DEC25,1s,1,3495,2025-10-27 10:18:16,25840.25,25840.75,25839.5,25839.5,50,1.25,0.75,0.5,0,-1,,,,
MNQ DEC25,1s,1,3496,2025-10-27 10:18:17,25839.75,25840.25,25839.25,25839.5,35,1,0.25,0.5,0.25,-1,,,,
MNQ DEC25,1s,1,3497,2025-10-27 10:18:18,25840,25840,25838.75,25839.5,29,1.25,0.5,0,0.75,-1,,,,
MNQ DEC25,1s,1,3498,2025-10-27 10:18:19,25839.5,25840.5,25838.25,25840.5,97,2.25,1,0,1.25,1,,,,
MNQ DEC25,1s,1,3499,2025-10-27 10:18:20,25840.75,25841.5,25840,25840.5,27,1.5,0.25,0.75,0.5,-1,,,,
MNQ DEC25,10s,10,5749,2025-10-27 10:18:20,25841.25,25845.5,25838.25,25840.5,575,7.25,0.75,4.25,2.25,-1,-30.5,-18.15,-43.35,-111.55
MNQ DEC25,20s,20,5874,2025-10-27 10:18:20,25839.75,25845.5,25838.25,25840.5,997,7.25,0.75,5,1.5,1,660.05,24.35,93.33333333,163.45
MNQ DEC25,1s,1,3500,2025-10-27 10:18:21,25840,25841,25840,25840.25,29,1,0.25,0.75,0,1,,,,
MNQ DEC25,1s,1,3501,2025-10-27 10:18:22,25840.25,25840.25,25836.75,25837.75,178,3.5,2.5,0,1,-1,,,,
MNQ DEC25,1s,1,3502,2025-10-27 10:18:23,25838.25,25839.75,25838.25,25839,51,1.5,0.75,0.75,0,1,,,,
MNQ DEC25,1s,1,3503,2025-10-27 10:18:24,25839,25840.25,25838.75,25839.5,71,1.5,0.5,0.75,0.25,1,,,,
MNQ DEC25,1s,1,3504,2025-10-27 10:18:25,25839,25839.25,25838.75,25839.25,41,0.5,0.25,0,0.25,1,,,,
MNQ DEC25,1s,1,3505,2025-10-27 10:18:26,25839,25841.25,25839,25840,54,2.25,1,1.25,0,1,,,,
MNQ DEC25,1s,1,3506,2025-10-27 10:18:27,25839.75,25840,25839.25,25839.75,77,0.75,0,0.25,0.5,0,,,,
MNQ DEC25,1s,1,3507,2025-10-27 10:18:28,25840.25,25842.25,25840.25,25841.75,39,2,1.5,0.5,0,1,,,,
MNQ DEC25,1s,1,3508,2025-10-27 10:18:29,25842,25842.75,25841,25842.75,42,1.75,0.75,0,1,1,,,,
MNQ DEC25,1s,1,3509,2025-10-27 10:18:30,25842.25,25844.75,25842.25,25844,73,2.5,1.75,0.75,0,1,,,,
MNQ DEC25,10s,10,5750,2025-10-27 10:18:30,25840,25844.75,25836.75,25844,655,8,4,0.75,3.25,1,-94.7,-64.2,-45.2,-139.55
MNQ DEC25,1s,1,3510,2025-10-27 10:18:31,25844.25,25844.75,25843.75,25843.75,35,1,0.5,0.5,0,-1,,,,
MNQ DEC25,1s,1,3511,2025-10-27 10:18:32,25843.75,25844,25842.25,25844,54,1.75,0.25,0,1.5,1,,,,
MNQ DEC25,1s,1,3512,2025-10-27 10:18:33,25844.25,25844.75,25843.5,25843.75,42,1.25,0.5,0.5,0.25,-1,,,,
MNQ DEC25,1s,1,3513,2025-10-27 10:18:34,25843.25,25846.75,25843.25,25846.75,103,3.5,3.5,0,0,1,,,,
MNQ DEC25,1s,1,3514,2025-10-27 10:18:35,25846.75,25848,25846.5,25846.75,97,1.5,0,1.25,0.25,0,,,,
MNQ DEC25,1s,1,3515,2025-10-27 10:18:36,25846.25,25847.5,25845,25845.75,45,2.5,0.5,1.25,0.75,-1,,,,
MNQ DEC25,1s,1,3516,2025-10-27 10:18:37,25846,25846,25844,25846,59,2,0,0,2,0,,,,
MNQ DEC25,1s,1,3517,2025-10-27 10:18:38,25846.5,25847.25,25846,25847,30,1.25,0.5,0.25,0.5,1,,,,
MNQ DEC25,1s,1,3518,2025-10-27 10:18:39,25847.25,25847.25,25845.25,25845.5,43,2,1.75,0,0.25,-1,,,,
MNQ DEC25,1s,1,3519,2025-10-27 10:18:40,25845.25,25846,25844.25,25844.75,54,1.75,0.5,0.75,0.5,-1,,,,
MNQ DEC25,10s,10,5751,2025-10-27 10:18:40,25844.25,25848,25842.25,25844.75,562,5.75,0.5,3.25,2,1,-101.1,-6.4,-29.58333333,-40.13
MNQ DEC25,20s,20,5875,2025-10-27 10:18:40,25840,25848,25836.75,25844.75,1217,11.25,4.75,3.25,3.25,1,239.35,-420.7,-93.91666667,-10.1
MNQ DEC25,1s,1,3520,2025-10-27 10:18:41,25844.75,25845.5,25844.75,25845.5,17,0.75,0.75,0,0,1,,,,
MNQ DEC25,1s,1,3521,2025-10-27 10:18:42,25845.25,25846,25845.25,25845.75,28,0.75,0.5,0.25,0,1,,,,
MNQ DEC25,1s,1,3522,2025-10-27 10:18:43,25845.75,25845.75,25843.25,25843.75,39,2.5,2,0,0.5,-1,,,,
MNQ DEC25,1s,1,3523,2025-10-27 10:18:44,25844,25844.5,25843.5,25844,22,1,0,0.5,0.5,0,,,,
MNQ DEC25,1s,1,3524,2025-10-27 10:18:45,25844.5,25846.25,25844.5,25845.75,22,1.75,1.25,0.5,0,1,,,,
MNQ DEC25,1s,1,3525,2025-10-27 10:18:46,25846.25,25847,25845.5,25845.5,17,1.5,0.75,0.75,0,-1,,,,
MNQ DEC25,1s,1,3526,2025-10-27 10:18:47,25845.75,25847.25,25845.5,25847,24,1.75,1.25,0.25,0.25,1,,,,
MNQ DEC25,1s,1,3527,2025-10-27 10:18:48,25846.5,25847.5,25846,25846,22,1.5,0.5,1,0,-1,,,,
MNQ DEC25,1s,1,3528,2025-10-27 10:18:49,25847,25848.25,25846.75,25848,21,1.5,1,0.25,0.25,1,,,,
MNQ DEC25,1s,1,3529,2025-10-27 10:18:50,25847.5,25848.5,25847,25847.5,32,1.5,0,1,0.5,0,,,,
MNQ DEC25,10s,10,5752,2025-10-27 10:18:50,25844.75,25848.5,25843.25,25847.5,244,5.25,2.75,1,1.5,1,-128.95,-27.85,-32.81666667,-33.97
MNQ DEC25,1s,1,3530,2025-10-27 10:18:51,25847.5,25847.75,25846.5,25846.5,44,1.25,1,0.25,0,-1,,,,
MNQ DEC25,1s,1,3531,2025-10-27 10:18:52,25847,25847,25845.75,25846.25,26,1.25,0.75,0,0.5,-1,,,,
MNQ DEC25,1s,1,3532,2025-10-27 10:18:53,25847,25847.25,25846.25,25846.75,38,1,0.25,0.25,0.5,-1,,,,
MNQ DEC25,1s,1,3533,2025-10-27 10:18:54,25846.75,25846.75,25844,25844,35,2.75,2.75,0,0,-1,,,,
MNQ DEC25,1s,1,3534,2025-10-27 10:18:55,25843.75,25844,25843.5,25844,22,0.5,0.25,0,0.25,1,,,,
MNQ DEC25,1s,1,3535,2025-10-27 10:18:56,25843.75,25844.75,25843.75,25844.5,20,1,0.75,0.25,0,1,,,,
MNQ DEC25,1s,1,3536,2025-10-27 10:18:57,25844.5,25846.25,25844.25,25845.5,29,2,1,0.75,0.25,1,,,,
MNQ DEC25,1s,1,3537,2025-10-27 10:18:58,25846.25,25847,25845.75,25846.25,13,1.25,0,0.75,0.5,0,,,,
MNQ DEC25,1s,1,3538,2025-10-27 10:18:59,25845.75,25845.75,25844.75,25845.25,11,1,0.5,0,0.5,-1,,,,
MNQ DEC25,1s,1,3539,2025-10-27 10:19:00,25845,25846,25845,25845.5,41,1,0.5,0.5,0,1,,,,
MNQ DEC25,10s,10,5753,2025-10-27 10:19:00,25847.5,25847.75,25843.5,25845.5,279,4.25,2,0.25,2,-1,-153.9,-24.95,-19.73333333,-28.31
MNQ DEC25,20s,20,5876,2025-10-27 10:19:00,25844.75,25848.5,25843.25,25845.5,523,5.25,0.75,3,1.5,1,76.3,-163.05,-186.46666667,-60.75
MNQ DEC25,1s,1,3540,2025-10-27 10:19:01,25845.5,25847.25,25844.75,25847.25,117,2.5,1.75,0,0.75,1,,,,
MNQ DEC25,1s,1,3541,2025-10-27 10:19:02,25847.25,25847.25,25845.5,25845.75,40,1.75,1.5,0,0.25,-1,,,,
MNQ DEC25,1s,1,3542,2025-10-27 10:19:03,25845.75,25847,25843.75,25843.75,39,3.25,2,1.25,0,-1,,,,
MNQ DEC25,1s,1,3543,2025-10-27 10:19:04,25844,25844,25843,25843,41,1,1,0,0,-1,,,,
MNQ DEC25,1s,1,3544,2025-10-27 10:19:05,25843.25,25843.25,25842.25,25842.75,40,1,0.5,0,0.5,-1,,,,
MNQ DEC25,1s,1,3545,2025-10-27 10:19:06,25843,25843,25841,25841,52,2,2,0,0,-1,,,,
MNQ DEC25,1s,1,3546,2025-10-27 10:19:07,25841.5,25841.75,25841.25,25841.75,38,0.5,0.25,0,0.25,1,,,,
MNQ DEC25,1s,1,3547,2025-10-27 10:19:08,25842,25842.75,25841.25,25842.75,42,1.5,0.75,0,0.75,1,,,,
MNQ DEC25,1s,1,3548,2025-10-27 10:19:09,25843,25844.25,25842.5,25843.75,22,1.75,0.75,0.5,0.5,1,,,,
MNQ DEC25,1s,1,3549,2025-10-27 10:19:10,25843.75,25844.75,25843.5,25844.5,31,1.25,0.75,0.25,0.25,1,,,,
MNQ DEC25,10s,10,5754,2025-10-27 10:19:10,25845.5,25847.25,25841,25844.5,462,6.25,1,1.75,3.5,-1,-180.8,-26.9,-26.56666667,-30.06
MNQ DEC25,1s,1,3550,2025-10-27 10:19:11,25844.5,25845.25,25844,25844,35,1.25,0.5,0.75,0,-1,,,,
MNQ DEC25,1s,1,3551,2025-10-27 10:19:12,25843.75,25844.25,25843.5,25843.5,24,0.75,0.25,0.5,0,-1,,,,
MNQ DEC25,1s,1,3552,2025-10-27 10:19:13,25843.5,25844.5,25842.25,25842.25,38,2.25,1.25,1,0,-1,,,,
MNQ DEC25,1s,1,3553,2025-10-27 10:19:14,25843.25,25844.25,25843.25,25844.25,27,1,1,0,0,1,,,,
MNQ DEC25,1s,1,3554,2025-10-27 10:19:15,25844.75,25845.75,25844.25,25845,22,1.5,0.25,0.75,0.5,1,,,,
MNQ DEC25,1s,1,3555,2025-10-27 10:19:16,25845,25845.5,25843.5,25844,23,2,1,0.5,0.5,-1,,,,
MNQ DEC25,1s,1,3556,2025-10-27 10:19:17,25843.5,25843.75,25841.75,25842.75,18,2,0.75,0.25,1,-1,,,,
MNQ DEC25,1s,1,3557,2025-10-27 10:19:18,25843.75,25843.75,25842,25842,18,1.75,1.75,0,0,-1,,,,
MNQ DEC25,1s,1,3558,2025-10-27 10:19:19,25843,25844.25,25842.75,25844.25,34,1.5,1.25,0,0.25,1,,,,
MNQ DEC25,1s,1,3559,2025-10-27 10:19:20,25844.5,25844.75,25843.75,25843.75,22,1,0.75,0.25,0,-1,,,,
MNQ DEC25,10s,10,5755,2025-10-27 10:19:20,25844.5,25845.75,25841.75,25843.75,261,4,0.75,1.25,2,-1,-249.05,-68.25,-40.03333333,-30.87
MNQ DEC25,20s,20,5877,2025-10-27 10:19:20,25845.5,25847.25,25841,25843.75,723,6.25,1.75,1.75,2.75,-1,-84.85,-161.15,-248.3,-121.19
MNQ DEC25,1s,1,3560,2025-10-27 10:19:21,25843.25,25843.75,25843.25,25843.25,8,0.5,0,0.5,0,0,,,,
MNQ DEC25,1s,1,3561,2025-10-27 10:19:22,25843.75,25843.75,25843.5,25843.5,6,0.25,0.25,0,0,-1,,,,
MNQ DEC25,1s,1,3562,2025-10-27 10:19:23,25844.5,25844.75,25844.5,25844.75,4,0.25,0.25,0,0,1,,,,
MNQ DEC25,1s,1,3563,2025-10-27 10:19:24,25843.5,25844.5,25843.25,25844.5,8,1.25,1,0,0.25,1,,,,
MNQ DEC25,1s,1,3564,2025-10-27 10:19:25,25844.75,25844.75,25843.5,25844.25,18,1.25,0.5,0,0.75,-1,,,,
MNQ DEC25,1s,1,3565,2025-10-27 10:19:26,25844,25844,25843,25843.25,28,1,0.75,0,0.25,-1,,,,
MNQ DEC25,1s,1,3566,2025-10-27 10:19:27,25843.5,25843.5,25841.75,25841.75,26,1.75,1.75,0,0,-1,,,,
MNQ DEC25,1s,1,3567,2025-10-27 10:19:28,25841.5,25842.75,25841.25,25842.5,37,1.5,1,0.25,0.25,1,,,,
MNQ DEC25,1s,1,3568,2025-10-27 10:19:29,25842.5,25843.25,25842.5,25842.5,27,0.75,0,0.75,0,0,,,,
MNQ DEC25,1s,1,3569,2025-10-27 10:19:30,25843,25843,25841.75,25841.75,18,1.25,1.25,0,0,-1,,,,
MNQ DEC25,10s,10,5756,2025-10-27 10:19:30,25843.25,25844.75,25841.25,25841.75,180,3.5,1.5,1.5,0.5,-1,-312.65,-63.6,-52.91666667,-42.31
MNQ DEC25,1s,1,3570,2025-10-27 10:19:31,25842.25,25842.75,25842,25842.75,17,0.75,0.5,0,0.25,1,,,,
MNQ DEC25,1s,1,3571,2025-10-27 10:19:32,25842.5,25844.75,25842.5,25844.75,17,2.25,2.25,0,0,1,,,,
MNQ DEC25,1s,1,3572,2025-10-27 10:19:33,25844.25,25845.25,25844,25845.25,22,1.25,1,0,0.25,1,,,,
MNQ DEC25,1s,1,3573,2025-10-27 10:19:34,25845,25846,25844.75,25844.75,43,1.25,0.25,1,0,-1,,,,
MNQ DEC25,1s,1,3574,2025-10-27 10:19:35,25845,25845,25844.25,25844.75,18,0.75,0.25,0,0.5,-1,,,,
MNQ DEC25,1s,1,3575,2025-10-27 10:19:36,25844.25,25844.25,25842.75,25842.75,29,1.5,1.5,0,0,-1,,,,
MNQ DEC25,1s,1,3576,2025-10-27 10:19:37,25843.25,25843.75,25843.25,25843.5,14,0.5,0.25,0.25,0,1,,,,
MNQ DEC25,1s,1,3577,2025-10-27 10:19:38,25844,25844,25842.75,25843.25,13,1.25,0.75,0,0.5,-1,,,,
MNQ DEC25,1s,1,3578,2025-10-27 10:19:39,25843.25,25844,25843.25,25844,27,0.75,0.75,0,0,1,,,,
MNQ DEC25,1s,1,3579,2025-10-27 10:19:40,25843.25,25843.25,25840,25841,73,3.25,2.25,0,1,-1,,,,
MNQ DEC25,10s,10,5757,2025-10-27 10:19:40,25842.25,25846,25840,25841,273,6,1.25,3.75,1,-1,-311.15,1.5,-43.45,-36.44
MNQ DEC25,20s,20,5878,2025-10-27 10:19:40,25843.25,25846,25840,25841,453,6,2.25,2.75,1,-1,-196.35,-111.5,-145.23333333,-166.41
MNQ DEC25,1s,1,3580,2025-10-27 10:19:41,25840.75,25842,25840.5,25841.75,15,1.5,1,0.25,0.25,1,,,,
MNQ DEC25,1s,1,3581,2025-10-27 10:19:42,25842,25842.25,25841.5,25841.5,19,0.75,0.5,0.25,0,-1,,,,
MNQ DEC25,1s,1,3582,2025-10-27 10:19:43,25842,25842.5,25842,25842.5,14,0.5,0.5,0,0,1,,,,
MNQ DEC25,1s,1,3583,2025-10-27 10:19:44,25842,25842,25841.75,25842,7,0.25,0,0,0.25,0,,,,
MNQ DEC25,1s,1,3584,2025-10-27 10:19:45,25841.75,25841.75,25839.75,25840,27,2,1.75,0,0.25,-1,,,,
MNQ DEC25,1s,1,3585,2025-10-27 10:19:46,25839.5,25839.5,25836.75,25837.5,167,2.75,2,0,0.75,-1,,,,
MNQ DEC25,1s,1,3586,2025-10-27 10:19:47,25837,25837.5,25835.25,25836.5,212,2.25,0.5,0.5,1.25,-1,,,,
MNQ DEC25,1s,1,3587,2025-10-27 10:19:48,25836.25,25838.75,25836,25838.5,71,2.75,2.25,0.25,0.25,1,,,,
MNQ DEC25,1s,1,3588,2025-10-27 10:19:49,25838.5,25839.5,25837.75,25838.5,75,1.75,0,1,0.75,0,,,,
MNQ DEC25,1s,1,3589,2025-10-27 10:19:50,25839,25839,25837.75,25838.75,26,1.25,0.25,0,1,-1,,,,
MNQ DEC25,10s,10,5758,2025-10-27 10:19:50,25840.75,25842.5,25835.25,25838.75,633,7.25,2,1.75,3.5,-1,-251.35,59.8,-0.76666667,-19.49
MNQ DEC25,1s,1,3590,2025-10-27 10:19:51,25838.25,25838.25,25833.25,25834.25,312,5,4,0,1,-1,,,,
MNQ DEC25,1s,1,3591,2025-10-27 10:19:52,25834,25835.25,25833,25834.25,96,2.25,0.25,1,1,1,,,,
MNQ DEC25,1s,1,3592,2025-10-27 10:19:53,25834.5,25834.5,25833,25834,85,1.5,0.5,0,1,-1,,,,
MNQ DEC25,1s,1,3593,2025-10-27 10:19:54,25834.25,25834.5,25832.5,25832.75,142,2,1.5,0.25,0.25,-1,,,,
MNQ DEC25,1s,1,3594,2025-10-27 10:19:55,25832.75,25833.75,25832,25832.75,242,1.75,0,1,0.75,0,,,,
MNQ DEC25,1s,1,3595,2025-10-27 10:19:56,25833.25,25834,25832,25832.25,75,2,1,0.75,0.25,-1,,,,
MNQ DEC25,1s,1,3596,2025-10-27 10:19:57,25832.75,25833.25,25831.25,25833,111,2,0.25,0.25,1.5,1,,,,
MNQ DEC25,1s,1,3597,2025-10-27 10:19:58,25832.5,25833.75,25832.5,25832.75,56,1.25,0.25,1,0,1,,,,
MNQ DEC25,1s,1,3598,2025-10-27 10:19:59,25833,25835.75,25833,25835.75,129,2.75,2.75,0,0,1,,,,
MNQ DEC25,1s,1,3599,2025-10-27 10:20:00,25835.25,25835.25,25833.5,25834.5,66,1.75,0.75,0,1,-1,,,,
MNQ DEC25,10s,10,5759,2025-10-27 10:20:00,25838.25,25838.25,25831.25,25834.5,1314,7,3.75,0,3.25,-1,-124.75,126.6,62.63333333,11.21
MNQ DEC25,20s,20,5879,2025-10-27 10:20:00,25840.75,25842.5,25831.25,25834.5,1947,11.25,6.25,1.75,3.25,-1,-34.15,162.2,-36.81666667,-138.84
MNQ DEC25,1s,1,3600,2025-10-27 10:20:01,25834,25835,25831,25834.25,226,4,0.25,0.75,3,1,,,,
MNQ DEC25,1s,1,3601,2025-10-27 10:20:02,25834.25,25835.5,25832,25834.5,133,3.5,0.25,1,2.25,1,,,,
MNQ DEC25,1s,1,3602,2025-10-27 10:20:03,25833.75,25834.75,25831,25832.75,118,3.75,1,1,1.75,-1,,,,
MNQ DEC25,1s,1,3603,2025-10-27 10:20:04,25831.75,25834.5,25831.75,25834,95,2.75,2.25,0.5,0,1,,,,
MNQ DEC25,1s,1,3604,2025-10-27 10:20:05,25833.75,25833.75,25830.25,25831,141,3.5,2.75,0,0.75,-1,,,,
MNQ DEC25,1s,1,3605,2025-10-27 10:20:06,25830.5,25831,25828.5,25829.75,280,2.5,0.75,0.5,1.25,-1,,,,
MNQ DEC25,1s,1,3606,2025-10-27 10:20:07,25830,25830.25,25828.75,25829,163,1.5,1,0.25,0.25,-1,,,,
MNQ DEC25,1s,1,3607,2025-10-27 10:20:08,25828.75,25830.25,25828.5,25829.5,101,1.75,0.75,0.75,0.25,1,,,,
MNQ DEC25,1s,1,3608,2025-10-27 10:20:09,25829.5,25830.25,25828.5,25830,114,1.75,0.5,0.25,1,1,,,,
MNQ DEC25,1s,1,3609,2025-10-27 10:20:10,25829.5,25831.25,25828.5,25829.75,187,2.75,0.25,1.5,1,1,,,,
MNQ DEC25,10s,10,5760,2025-10-27 10:20:10,25834,25835.5,25828.5,25829.75,1558,7,4.25,1.5,1.25,-1,73.4,198.15,128.18333333,64.49
MNQ DEC25,1s,1,3610,2025-10-27 10:20:11,25828.5,25828.5,25822,25824.75,669,6.5,3.75,0,2.75,-1,,,,
MNQ DEC25,1s,1,3611,2025-10-27 10:20:12,25824.75,25826.75,25823,25825,335,3.75,0.25,1.75,1.75,1,,,,
MNQ DEC25,1s,1,3612,2025-10-27 10:20:13,25824.75,25827.75,25824,25827.5,147,3.75,2.75,0.25,0.75,1,,,,
MNQ DEC25,1s,1,3613,2025-10-27 10:20:14,25827.75,25830.5,25827.25,25829,171,3.25,1.25,1.5,0.5,1,,,,
MNQ DEC25,1s,1,3614,2025-10-27 10:20:15,25829.5,25833,25829.25,25832.75,161,3.75,3.25,0.25,0.25,1,,,,
MNQ DEC25,1s,1,3615,2025-10-27 10:20:16,25833,25836.5,25833,25834.25,219,3.5,1.25,2.25,0,1,,,,
MNQ DEC25,1s,1,3616,2025-10-27 10:20:17,25834,25835.75,25831.75,25834,227,4,0,1.75,2.25,0,,,,
MNQ DEC25,1s,1,3617,2025-10-27 10:20:18,25833.75,25834.75,25832.5,25834.75,101,2.25,1,0,1.25,1,,,,
MNQ DEC25,1s,1,3618,2025-10-27 10:20:19,25834.75,25836.5,25834.75,25836,75,1.75,1.25,0.5,0,1,,,,
MNQ DEC25,1s,1,3619,2025-10-27 10:20:20,25836.25,25836.5,25835,25835.5,80,1.5,0.75,0.25,0.5,-1,,,,
MNQ DEC25,10s,10,5761,2025-10-27 10:20:20,25828.5,25836.5,25822,25835.5,2185,14.5,7,1,6.5,1,513.9,440.5,255.08333333,165.31
MNQ DEC25,20s,20,5880,2025-10-27 10:20:20,25834,25836.5,25822,25835.5,3743,14.5,1.5,1,12,1,314.45,348.6,133.1,15.02
MNQ DEC25,1s,1,3620,2025-10-27 10:20:21,25835.75,25835.75,25834.25,25835.25,87,1.5,0.5,0,1,-1,,,,
MNQ DEC25,1s,1,3621,2025-10-27 10:20:22,25835.5,25836,25833.75,25835,67,2.25,0.5,0.5,1.25,-1,,,,
MNQ DEC25,1s,1,3622,2025-10-27 10:20:23,25834.75,25835.25,25832.75,25833,77,2.5,1.75,0.5,0.25,-1,,,,
MNQ DEC25,1s,1,3623,2025-10-27 10:20:24,25833.25,25833.5,25832.5,25832.5,57,1,0.75,0.25,0,-1,,,,
MNQ DEC25,1s,1,3624,2025-10-27 10:20:25,25832.5,25833.75,25830.25,25831.5,68,3.5,1,1.25,1.25,-1,,,,
MNQ DEC25,1s,1,3625,2025-10-27 10:20:26,25831.75,25832.5,25830.75,25831.75,46,1.75,0,0.75,1,0,,,,
MNQ DEC25,1s,1,3626,2025-10-27 10:20:27,25832,25832.5,25830.75,25830.75,44,1.75,1.25,0.5,0,-1,,,,
MNQ DEC25,1s,1,3627,2025-10-27 10:20:28,25830.75,25831.25,25829.5,25830.5,34,1.75,0.25,0.5,1,-1,,,,
MNQ DEC25,1s,1,3628,2025-10-27 10:20:29,25830.5,25830.75,25828.5,25829,22,2.25,1.5,0.25,0.5,-1,,,,
MNQ DEC25,1s,1,3629,2025-10-27 10:20:30,25829,25829,25827.25,25827.5,52,1.75,1.5,0,0.25,-1,,,,
MNQ DEC25,10s,10,5762,2025-10-27 10:20:30,25835.75,25836,25827.25,25827.5,554,8.75,8.25,0.25,0.25,-1,583.55,69.65,236.1,178.94
MNQ DEC25,1s,1,3630,2025-10-27 10:20:31,25827,25830.5,25826.5,25830,94,4,3,0.5,0.5,1,,,,
MNQ DEC25,1s,1,3631,2025-10-27 10:20:32,25830.5,25831,25830,25830.5,39,1,0,0.5,0.5,0,,,,
MNQ DEC25,1s,1,3632,2025-10-27 10:20:33,25831,25833.5,25831,25833.5,61,2.5,2.5,0,0,1,,,,
MNQ DEC25,1s,1,3633,2025-10-27 10:20:34,25833.75,25836.75,25833.75,25836.75,91,3,3,0,0,1,,,,
MNQ DEC25,1s,1,3634,2025-10-27 10:20:35,25836.75,25836.75,25835.5,25836,67,1.25,0.75,0,0.5,-1,,,,
MNQ DEC25,1s,1,3635,2025-10-27 10:20:36,25835.25,25835.75,25834.75,25835.75,22,1,0.5,0,0.5,1,,,,
MNQ DEC25,1s,1,3636,2025-10-27 10:20:37,25836,25838,25835.5,25836.25,119,2.5,0.25,1.75,0.5,1,,,,
MNQ DEC25,1s,1,3637,2025-10-27 10:20:38,25836.25,25836.5,25834.75,25836.5,60,1.75,0.25,0,1.5,1,,,,
MNQ DEC25,1s,1,3638,2025-10-27 10:20:39,25836,25837.5,25836,25837.25,38,1.5,1.25,0.25,0,1,,,,
MNQ DEC25,1s,1,3639,2025-10-27 10:20:40,25837,25840.25,25836.75,25840.25,142,3.5,3.25,0,0.25,1,,,,
MNQ DEC25,10s,10,5763,2025-10-27 10:20:40,25827,25840.25,25826.5,25840.25,733,13.75,13.25,0,0.5,1,598.9,15.35,175.16666667,170.05
MNQ DEC25,20s,20,5881,2025-10-27 10:20:40,25835.75,25840.25,25826.5,25840.25,1287,13.75,4.5,0,9.25,1,432.55,118.1,209.63333333,71.25
MNQ DEC25,1s,1,3640,2025-10-27 10:20:41,25839.5,25841.5,25839.25,25841.5,170,2.25,2,0,0.25,1,,,,
MNQ DEC25,1s,1,3641,2025-10-27 10:20:42,25841.5,25841.75,25840.25,25840.5,151,1.5,1,0.25,0.25,-1,,,,
MNQ DEC25,1s,1,3642,2025-10-27 10:20:43,25840.75,25841.5,25840,25840.75,206,1.5,0,0.75,0.75,0,,,,
MNQ DEC25,1s,1,3643,2025-10-27 10:20:44,25841,25843,25840.75,25841.5,136,2.25,0.5,1.5,0.25,1,,,,
MNQ DEC25,1s,1,3644,2025-10-27 10:20:45,25841.75,25844.5,25841.75,25842.25,152,2.75,0.5,2.25,0,1,,,,
MNQ DEC25,1s,1,3645,2025-10-27 10:20:46,25842,25844.25,25842,25842.75,97,2.25,0.75,1.5,0,1,,,,
MNQ DEC25,1s,1,3646,2025-10-27 10:20:47,25843.25,25844.75,25842.75,25844.25,67,2,1,0.5,0.5,1,,,,
MNQ DEC25,1s,1,3647,2025-10-27 10:20:48,25844.5,25844.5,25843.25,25844,44,1.25,0.5,0,0.75,-1,,,,
MNQ DEC25,1s,1,3648,2025-10-27 10:20:49,25843.75,25844.25,25841.5,25842,115,2.75,1.75,0.5,0.5,-1,,,,
MNQ DEC25,1s,1,3649,2025-10-27 10:20:50,25842.25,25842.5,25839.25,25839.75,90,3.25,2.5,0.25,0.5,-1,,,,
MNQ DEC25,10s,10,5764,2025-10-27 10:20:50,25839.5,25844.75,25839.25,25839.75,1228,5.5,0.25,5,0.25,1,549.6,-49.3,11.9,134.87
MNQ DEC25,1s,1,3650,2025-10-27 10:20:51,25839.75,25841,25839.25,25841,46,1.75,1.25,0,0.5,1,,,,
MNQ DEC25,1s,1,3651,2025-10-27 10:20:52,25841.25,25841.25,25838.5,25838.75,46,2.75,2.5,0,0.25,-1,,,,
MNQ DEC25,1s,1,3652,2025-10-27 10:20:53,25838.75,25839,25837.5,25838.25,47,1.5,0.5,0.25,0.75,-1,,,,
MNQ DEC25,1s,1,3653,2025-10-27 10:20:54,25838,25840.25,25838,25840.25,59,2.25,2.25,0,0,1,,,,
MNQ DEC25,1s,1,3654,2025-10-27 10:20:55,25840,25840.25,25839,25839.25,23,1.25,0.75,0.25,0.25,-1,,,,
MNQ DEC25,1s,1,3655,2025-10-27 10:20:56,25839.75,25841.25,25839.75,25841.25,30,1.5,1.5,0,0,1,,,,
MNQ DEC25,1s,1,3656,2025-10-27 10:20:57,25840.75,25842.75,25840.75,25842.5,76,2,1.75,0.25,0,1,,,,
MNQ DEC25,1s,1,3657,2025-10-27 10:20:58,25842.5,25843.5,25842.25,25843.5,46,1.25,1,0,0.25,1,,,,
MNQ DEC25,1s,1,3658,2025-10-27 10:20:59,25843.25,25844,25842.75,25843.5,52,1.25,0.25,0.5,0.5,1,,,,
MNQ DEC25,1s,1,3659,2025-10-27 10:21:00,25843.5,25844.25,25842,25842.25,61,2.25,1.25,0.75,0.25,-1,,,,
MNQ DEC25,10s,10,5765,2025-10-27 10:21:00,25839.75,25844.25,25837.5,25842.25,486,6.75,2.5,2,2.25,1,355.5,-194.1,-76.01666667,56.42
MNQ DEC25,20s,20,5882,2025-10-27 10:21:00,25839.5,25844.75,25837.5,25842.25,1714,7.25,2.75,2.5,2,1,566.95,134.4,200.36666667,130.36
MNQ DEC25,1s,1,3660,2025-10-27 10:21:01,25841.5,25842.5,25839.75,25841.75,219,2.75,0.25,0.75,1.75,1,,,,
MNQ DEC25,1s,1,3661,2025-10-27 10:21:02,25841.75,25842.25,25841,25842,44,1.25,0.25,0.25,0.75,1,,,,
MNQ DEC25,1s,1,3662,2025-10-27 10:21:03,25842.25,25842.25,25840.5,25842,64,1.75,0.25,0,1.5,-1,,,,
MNQ DEC25,1s,1,3663,2025-10-27 10:21:04,25841.5,25841.75,25839.5,25839.75,39,2.25,1.75,0.25,0.25,-1,,,,
MNQ DEC25,1s,1,3664,2025-10-27 10:21:05,25840.25,25840.5,25839.5,25839.75,26,1,0.5,0.25,0.25,-1,,,,
MNQ DEC25,1s,1,3665,2025-10-27 10:21:06,25839.25,25839.75,25838,25838,43,1.75,1.25,0.5,0,-1,,,,
MNQ DEC25,1s,1,3666,2025-10-27 10:21:07,25838,25838.5,25837.25,25838.25,37,1.25,0.25,0.25,0.75,1,,,,
MNQ DEC25,1s,1,3667,2025-10-27 10:21:08,25838.25,25839,25835.5,25836.5,69,3.5,1.75,0.75,1,-1,,,,
MNQ DEC25,1s,1,3668,2025-10-27 10:21:09,25836,25838.25,25836,25837.75,13,2.25,1.75,0.5,0,1,,,,
MNQ DEC25,1s,1,3669,2025-10-27 10:21:10,25837.75,25838.5,25836.75,25838,49,1.75,0.25,0.5,1,1,,,,
MNQ DEC25,10s,10,5766,2025-10-27 10:21:10,25841.5,25842.5,25835.5,25838,603,7,3.5,1,2.5,-1,37.2,-318.3,-187.23333333,-95.34
MNQ DEC25,1s,1,3670,2025-10-27 10:21:11,25837.75,25838,25836,25837,23,2,0.75,0.25,1,-1,,,,
MNQ DEC25,1s,1,3671,2025-10-27 10:21:12,25837,25838,25837,25837.25,26,1,0.25,0.75,0,1,,,,
MNQ DEC25,1s,1,3672,2025-10-27 10:21:13,25837.75,25838.25,25837.25,25837.5,25,1,0.25,0.5,0.25,-1,,,,
MNQ DEC25,1s,1,3673,2025-10-27 10:21:14,25838,25839.75,25837.25,25839.75,69,2.5,1.75,0,0.75,1,,,,
MNQ DEC25,1s,1,3674,2025-10-27 10:21:15,25839.5,25840.25,25838.5,25838.5,23,1.75,1,0.75,0,-1,,,,
MNQ DEC25,1s,1,3675,2025-10-27 10:21:16,25838.5,25839.25,25838.25,25838.5,31,1,0,0.75,0.25,0,,,,
MNQ DEC25,1s,1,3676,2025-10-27 10:21:17,25838.5,25839,25837.75,25837.75,20,1.25,0.75,0.5,0,-1,,,,
MNQ DEC25,1s,1,3677,2025-10-27 10:21:18,25837.75,25837.75,25836,25836.5,27,1.75,1.25,0,0.5,-1,,,,
MNQ DEC25,1s,1,3678,2025-10-27 10:21:19,25836,25837.75,25833.75,25834,70,4,2,1.75,0.25,-1,,,,
MNQ DEC25,1s,1,3679,2025-10-27 10:21:20,25834,25835.25,25833,25834.75,47,2.25,0.75,0.5,1,1,,,,
MNQ DEC25,10s,10,5767,2025-10-27 10:21:20,25837.75,25840.25,25833,25834.75,361,7.25,3,2.5,1.75,-1,3.8,-33.4,-181.93333333,-115.95
MNQ DEC25,20s,20,5883,2025-10-27 10:21:20,25841.5,25842.5,25833,25834.75,964,9.5,6.75,1,1.75,-1,663.9,96.95,116.48333333,172.05
MNQ DEC25,1s,1,3680,2025-10-27 10:21:21,25834.5,25835.25,25834.25,25834.5,27,1,0,0.75,0.25,0,,,,
MNQ DEC25,1s,1,3681,2025-10-27 10:21:22,25835.25,25835.25,25833.25,25834.25,29,2,1,0,1,-1,,,,
MNQ DEC25,1s,1,3682,2025-10-27 10:21:23,25833.5,25834,25833,25833.5,27,1,0,0.5,0.5,0,,,,
MNQ DEC25,1s,1,3683,2025-10-27 10:21:24,25833.5,25834.75,25833,25834,46,1.75,0.5,0.75,0.5,1,,,,
MNQ DEC25,1s,1,3684,2025-10-27 10:21:25,25833.75,25834.5,25833,25833.75,43,1.5,0,0.75,0.75,0,,,,
MNQ DEC25,1s,1,3685,2025-10-27 10:21:26,25833.75,25834.5,25833.5,25833.5,9,1,0.25,0.75,0,-1,,,,
MNQ DEC25,1s,1,3686,2025-10-27 10:21:27,25833.75,25835.25,25833.75,25835,30,1.5,1.25,0.25,0,1,,,,
MNQ DEC25,1s,1,3687,2025-10-27 10:21:28,25834.5,25835,25833.5,25834.5,28,1.5,0,0.5,1,0,,,,
MNQ DEC25,1s,1,3688,2025-10-27 10:21:29,25834,25834.5,25833.25,25834,19,1.25,0,0.5,0.75,0,,,,
MNQ DEC25,1s,1,3689,2025-10-27 10:21:30,25833.5,25834.5,25833.5,25834.5,13,1,1,0,0,1,,,,
MNQ DEC25,10s,10,5768,2025-10-27 10:21:30,25834.5,25835.25,25833,25834.5,271,2.25,0,0.75,1.5,0,-81.05,-84.85,-145.51666667,-135.99
MNQ DEC25,1s,1,3690,2025-10-27 10:21:31,25834.75,25835.75,25834.5,25834.5,69,1.25,0.25,1,0,-1,,,,
MNQ DEC25,1s,1,3691,2025-10-27 10:21:32,25834.25,25835,25834.25,25834.75,16,0.75,0.5,0.25,0,1,,,,
MNQ DEC25,1s,1,3692,2025-10-27 10:21:33,25835.25,25835.5,25834.75,25834.75,14,0.75,0.5,0.25,0,-1,,,,
MNQ DEC25,1s,1,3693,2025-10-27 10:21:34,25835.25,25836.25,25834.75,25836.25,28,1.5,1,0,0.5,1,,,,
MNQ DEC25,1s,1,3694,2025-10-27 10:21:35,25836.25,25836.5,25835.75,25836,25,0.75,0.25,0.25,0.25,-1,,,,
MNQ DEC25,1s,1,3695,2025-10-27 10:21:36,25836.5,25836.5,25834.25,25835.75,28,2.25,0.75,0,1.5,-1,,,,
MNQ DEC25,1s,1,3696,2025-10-27 10:21:37,25836,25836,25835.25,25835.25,17,0.75,0.75,0,0,-1,,,,
MNQ DEC25,1s,1,3697,2025-10-27 10:21:38,25835.75,25836.75,25834.25,25834.75,56,2.5,1,1,0.5,-1,,,,
MNQ DEC25,1s,1,3698,2025-10-27 10:21:39,25834.5,25835,25834.5,25835,15,0.5,0.5,0,0,1,,,,
MNQ DEC25,1s,1,3699,2025-10-27 10:21:40,25835,25835.5,25834.5,25835.5,23,1,0.5,0,0.5,1,,,,
MNQ DEC25,10s,10,5769,2025-10-27 10:21:40,25834.75,25836.75,25834.25,25835.5,291,2.5,0.75,1.25,0.5,1,-254.25,-173.2,-97.15,-160.77
MNQ DEC25,20s,20,5884,2025-10-27 10:21:40,25834.5,25836.75,25833,25835.5,562,3.75,1,1.25,1.5,1,383.05,-280.85,-16.5,83.44
MNQ DEC25,1s,1,3700,2025-10-27 10:21:41,25834.75,25836.25,25834.75,25835.75,16,1.5,1,0.5,0,1,,,,
MNQ DEC25,1s,1,3701,2025-10-27 10:21:42,25836.25,25836.25,25835,25835.25,30,1.25,1,0,0.25,-1,,,,
MNQ DEC25,1s,1,3702,2025-10-27 10:21:43,25836.25,25836.25,25835.25,25835.25,7,1,1,0,0,-1,,,,
MNQ DEC25,1s,1,3703,2025-10-27 10:21:44,25835.5,25835.5,25834.5,25835.25,12,1,0.25,0,0.75,-1,,,,
MNQ DEC25,1s,1,3704,2025-10-27 10:21:45,25835.25,25835.25,25830.25,25830.25,106,5,5,0,0,-1,,,,
MNQ DEC25,1s,1,3705,2025-10-27 10:21:46,25830.75,25831,25828,25830,188,3,0.75,0.25,2,-1,,,,
MNQ DEC25,1s,1,3706,2025-10-27 10:21:47,25829.5,25830.75,25829.5,25829.5,38,1.25,0,1.25,0,0,,,,
MNQ DEC25,1s,1,3707,2025-10-27 10:21:48,25829,25830.25,25828,25830.25,83,2.25,1.25,0,1,1,,,,
MNQ DEC25,1s,1,3708,2025-10-27 10:21:49,25830.75,25831.25,25830.5,25831,32,0.75,0.25,0.25,0.25,1,,,,
MNQ DEC25,1s,1,3709,2025-10-27 10:21:50,25830.5,25832.25,25830.5,25832,76,1.75,1.5,0.25,0,1,,,,
MNQ DEC25,10s,10,5770,2025-10-27 10:21:50,25834.75,25836.25,25828,25832,588,8.25,2.75,1.5,4,-1,-230.5,23.75,-78.1,-117.2
MNQ DEC25,1s,1,3710,2025-10-27 10:21:51,25831.25,25831.25,25830.25,25830.5,38,1,0.75,0,0.25,-1,,,,
MNQ DEC25,1s,1,3711,2025-10-27 10:21:52,25830.25,25831,25830,25830,28,1,0.25,0.75,0,-1,,,,
MNQ DEC25,1s,1,3712,2025-10-27 10:21:53,25830,25830.5,25829.5,25829.5,36,1,0.5,0.5,0,-1,,,,
MNQ DEC25,1s,1,3713,2025-10-27 10:21:54,25829.75,25830.5,25829.25,25830,43,1.25,0.25,0.5,0.5,1,,,,
MNQ DEC25,1s,1,3714,2025-10-27 10:21:55,25830,25830.25,25828.25,25829.5,26,2,0.5,0.25,1.25,-1,,,,
MNQ DEC25,1s,1,3715,2025-10-27 10:21:56,25829,25830,25828.75,25829.25,50,1.25,0.25,0.75,0.25,1,,,,
MNQ DEC25,1s,1,3716,2025-10-27 10:21:57,25829.75,25830.25,25829.25,25829.5,16,1,0.25,0.5,0.25,-1,,,,
MNQ DEC25,1s,1,3717,2025-10-27 10:21:58,25829.5,25830.25,25829.5,25829.75,25,0.75,0.25,0.5,0,1,,,,
MNQ DEC25,1s,1,3718,2025-10-27 10:21:59,25829.5,25831,25829.5,25831,19,1.5,1.5,0,0,1,,,,
MNQ DEC25,1s,1,3719,2025-10-27 10:22:00,25831,25831.5,25829.75,25830,33,1.75,1,0.5,0.25,-1,,,,
MNQ DEC25,10s,10,5771,2025-10-27 10:22:00,25831.25,25831.5,25828.25,25830,314,3.25,1.25,0.25,1.75,-1,-275.9,-45.4,-64.95,-62.62
MNQ DEC25,20s,20,5885,2025-10-27 10:22:00,25834.75,25836.25,25828,25830,902,8.25,4.75,1.5,2,-1,-192,-575.05,-252.98333333,-101.29
MNQ DEC25,1s,1,3720,2025-10-27 10:22:01,25829.75,25830.25,25829,25829.75,96,1.25,0,0.5,0.75,0,,,,
MNQ DEC25,1s,1,3721,2025-10-27 10:22:02,25830.25,25830.5,25828.25,25829,39,2.25,1.25,0.25,0.75,-1,,,,
MNQ DEC25,1s,1,3722,2025-10-27 10:22:03,25828.75,25830.5,25828.75,25829.5,41,1.75,0.75,1,0,1,,,,
MNQ DEC25,1s,1,3723,2025-10-27 10:22:04,25830,25831.25,25830,25831,39,1.25,1,0.25,0,1,,,,
MNQ DEC25,1s,1,3724,2025-10-27 10:22:05,25831,25833,25830.75,25832,69,2.25,1,1,0.25,1,,,,
MNQ DEC25,1s,1,3725,2025-10-27 10:22:06,25832,25832.25,25830.5,25832,36,1.75,0,0.25,1.5,0,,,,
MNQ DEC25,1s,1,3726,2025-10-27 10:22:07,25831.75,25832.25,25831,25831.5,25,1.25,0.25,0.5,0.5,-1,,,,
MNQ DEC25,1s,1,3727,2025-10-27 10:22:08,25832,25836,25831.75,25835.5,142,4.25,3.5,0.5,0.25,1,,,,
MNQ DEC25,1s,1,3728,2025-10-27 10:22:09,25835.25,25839.25,25835.25,25839,117,4,3.75,0.25,0,1,,,,
MNQ DEC25,1s,1,3729,2025-10-27 10:22:10,25838.75,25839.25,25838,25838.75,66,1.25,0,0.5,0.75,0,,,,
MNQ DEC25,10s,10,5772,2025-10-27 10:22:10,25829.75,25839.25,25828.25,25838.75,670,11,9,0.5,1.5,1,-235.4,40.5,6.28333333,-47.84
MNQ DEC25,1s,1,3730,2025-10-27 10:22:11,25838.5,25839,25837.75,25838.25,57,1.25,0.25,0.5,0.5,-1,,,,
MNQ DEC25,1s,1,3731,2025-10-27 10:22:12,25838.5,25838.5,25837,25837,27,1.5,1.5,0,0,-1,,,,
MNQ DEC25,1s,1,3732,2025-10-27 10:22:13,25837.5,25838.25,25836.75,25837,18,1.5,0.5,0.75,0.25,-1,,,,
MNQ DEC25,1s,1,3733,2025-10-27 10:22:14,25837,25839,25837,25838.75,38,2,1.75,0.25,0,1,,,,
MNQ DEC25,1s,1,3734,2025-10-27 10:22:15,25838.5,25839,25837,25837.5,31,2,1,0.5,0.5,-1,,,,
MNQ DEC25,1s,1,3735,2025-10-27 10:22:16,25837.75,25839.25,25837.5,25838.5,30,1.75,0.75,0.75,0.25,1,,,,
MNQ DEC25,1s,1,3736,2025-10-27 10:22:17,25838.5,25839.25,25838,25838.5,30,1.25,0,0.75,0.5,0,,,,
MNQ DEC25,1s,1,3737,2025-10-27 10:22:18,25838.25,25838.75,25837.5,25838.5,23,1.25,0.25,0.25,0.75,1,,,,
MNQ DEC25,1s,1,3738,2025-10-27 10:22:19,25839,25839.5,25838.5,25838.5,22,1,0.5,0.5,0,-1,,,,
MNQ DEC25,1s,1,3739,2025-10-27 10:22:20,25839,25839.5,25838,25838,14,1.5,1,0.5,0,-1,,,,
MNQ DEC25,10s,10,5773,2025-10-27 10:22:20,25838.5,25839.5,25836.75,25838,290,2.75,0.5,1,1.25,-1,-232.15,3.25,-0.55,-30.22
MNQ DEC25,20s,20,5886,2025-10-27 10:22:20,25829.75,25839.5,25828.25,25838,960,11.25,8.25,1.5,1.5,1,-259.25,-67.25,-307.71666667,-138.36
MNQ DEC25,1s,1,3740,2025-10-27 10:22:21,25838,25838.5,25836.25,25836.5,47,2.25,1.5,0.5,0.25,-1,,,,
MNQ DEC25,1s,1,3741,2025-10-27 10:22:22,25836.25,25836.75,25835.25,25836.25,31,1.5,0,0.5,1,0,,,,
MNQ DEC25,1s,1,3742,2025-10-27 10:22:23,25835.75,25837,25835.25,25836.5,33,1.75,0.75,0.5,0.5,1,,,,
MNQ DEC25,1s,1,3743,2025-10-27 10:22:24,25836,25836,25835.5,25836,14,0.5,0,0,0.5,0,,,,
MNQ DEC25,1s,1,3744,2025-10-27 10:22:25,25836,25836.5,25835.25,25835.5,25,1.25,0.5,0.5,0.25,-1,,,,
MNQ DEC25,1s,1,3745,2025-10-27 10:22:26,25835.75,25838.75,25835.5,25838.5,54,3.25,2.75,0.25,0.25,1,,,,
MNQ DEC25,1s,1,3746,2025-10-27 10:22:27,25838.75,25840,25838.75,25839,41,1.25,0.25,1,0,1,,,,
MNQ DEC25,1s,1,3747,2025-10-27 10:22:28,25839.25,25839.25,25836.75,25837,17,2.5,2.25,0,0.25,-1,,,,
MNQ DEC25,1s,1,3748,2025-10-27 10:22:29,25836.75,25836.75,25833.5,25833.75,75,3.25,3,0,0.25,-1,,,,
MNQ DEC25,1s,1,3749,2025-10-27 10:22:30,25833.75,25834,25833.25,25833.25,16,0.75,0.5,0.25,0,-1,,,,
MNQ DEC25,10s,10,5774,2025-10-27 10:22:30,25838,25840,25833.25,25833.25,353,6.75,4.75,2,0,-1,-214.3,17.85,20.53333333,7.99
MNQ DEC25,1s,1,3750,2025-10-27 10:22:31,25834,25834.25,25833.25,25833.25,15,1,0.75,0.25,0,-1,,,,
MNQ DEC25,1s,1,3751,2025-10-27 10:22:32,25833,25833.25,25831.25,25831.75,29,2,1.25,0.25,0.5,-1,,,,
MNQ DEC25,1s,1,3752,2025-10-27 10:22:33,25831.75,25831.75,25830.75,25830.75,53,1,1,0,0,-1,,,,
MNQ DEC25,1s,1,3753,2025-10-27 10:22:34,25831.5,25831.5,25829.5,25830.75,57,2,0.75,0,1.25,-1,,,,
MNQ DEC25,1s,1,3754,2025-10-27 10:22:35,25831.25,25831.5,25830.5,25831.25,18,1,0,0.25,0.75,0,,,,
MNQ DEC25,1s,1,3755,2025-10-27 10:22:36,25830.75,25830.75,25829.75,25830.75,41,1,0,0,1,0,,,,
MNQ DEC25,1s,1,3756,2025-10-27 10:22:37,25830.5,25831,25829.5,25830,39,1.5,0.5,0.5,0.5,-1,,,,
MNQ DEC25,1s,1,3757,2025-10-27 10:22:38,25830,25830.25,25829.5,25829.5,29,0.75,0.5,0.25,0,-1,,,,
MNQ DEC25,1s,1,3758,2025-10-27 10:22:39,25829.75,25830.5,25829.5,25830.25,19,1,0.5,0.25,0.25,1,,,,
MNQ DEC25,1s,1,3759,2025-10-27 10:22:40,25830.25,25831.5,25829.75,25830,29,1.75,0.25,1.25,0.25,-1,,,,
MNQ DEC25,10s,10,5775,2025-10-27 10:22:40,25834,25834.25,25829.5,25830,329,4.75,4,0.25,0.5,-1,-269.5,-55.2,-11.36666667,-7.8
MNQ DEC25,20s,20,5887,2025-10-27 10:22:40,25838,25840,25829.5,25830,682,10.5,8,2,0.5,-1,-457.35,-198.1,-280.13333333,-204.86
MNQ DEC25,1s,1,3760,2025-10-27 10:22:41,25830.25,25830.5,25829.25,25829.5,21,1.25,0.75,0.25,0.25,-1,,,,
MNQ DEC25,1s,1,3761,2025-10-27 10:22:42,25829.25,25830.25,25828.25,25829.75,54,2,0.5,0.5,1,1,,,,
MNQ DEC25,1s,1,3762,2025-10-27 10:22:43,25830,25830.75,25829.5,25830.5,35,1.25,0.5,0.25,0.5,1,,,,
MNQ DEC25,1s,1,3763,2025-10-27 10:22:44,25830,25830,25828.75,25828.75,33,1.25,1.25,0,0,-1,,,,
MNQ DEC25,1s,1,3764,2025-10-27 10:22:45,25829,25829.25,25825,25826.75,202,4.25,2.25,0.25,1.75,-1,,,,
MNQ DEC25,1s,1,3765,2025-10-27 10:22:46,25826.25,25826.5,25825.25,25826.25,67,1.25,0,0.25,1,0,,,,
MNQ DEC25,1s,1,3766,2025-10-27 10:22:47,25826.25,25828.25,25825.75,25828,60,2.5,1.75,0.25,0.5,1,,,,
MNQ DEC25,1s,1,3767,2025-10-27 10:22:48,25827.5,25827.75,25825.75,25827.5,73,2,0,0.25,1.75,0,,,,
MNQ DEC25,1s,1,3768,2025-10-27 10:22:49,25827,25828.5,25827,25828.25,28,1.5,1.25,0.25,0,1,,,,
MNQ DEC25,1s,1,3769,2025-10-27 10:22:50,25828,25829,25828,25828.75,31,1,0.75,0.25,0,1,,,,
MNQ DEC25,10s,10,5776,2025-10-27 10:22:50,25830.25,25830.75,25825,25828.75,604,5.75,1.5,0.5,3.75,-1,-232.7,36.8,-0.18333333,8.64
MNQ DEC25,1s,1,3770,2025-10-27 10:22:51,25828,25829.25,25827.25,25829.25,35,2,1.25,0,0.75,1,,,,
MNQ DEC25,1s,1,3771,2025-10-27 10:22:52,25829.25,25829.5,25827.75,25827.75,26,1.75,1.5,0.25,0,-1,,,,
MNQ DEC25,1s,1,3772,2025-10-27 10:22:53,25827.25,25828,25826.5,25828,39,1.5,0.75,0,0.75,1,,,,
MNQ DEC25,1s,1,3773,2025-10-27 10:22:54,25828.25,25830,25827.5,25829.75,26,2.5,1.5,0.25,0.75,1,,,,
MNQ DEC25,1s,1,3774,2025-10-27 10:22:55,25829.25,25831.25,25829.25,25830.75,36,2,1.5,0.5,0,1,,,,
MNQ DEC25,1s,1,3775,2025-10-27 10:22:56,25830.5,25831.25,25830.25,25830.75,21,1,0.25,0.5,0.25,1,,,,
MNQ DEC25,1s,1,3776,2025-10-27 10:22:57,25830.75,25831,25829.5,25830.5,37,1.5,0.25,0.25,1,-1,,,,
MNQ DEC25,1s,1,3777,2025-10-27 10:22:58,25831,25831.25,25830,25831,30,1.25,0,0.25,1,0,,,,
MNQ DEC25,1s,1,3778,2025-10-27 10:22:59,25830.75,25830.75,25829,25829.25,39,1.75,1.5,0,0.25,-1,,,,
MNQ DEC25,1s,1,3779,2025-10-27 10:23:00,25829.5,25830,25828.5,25830,20,1.5,0.5,0,1,1,,,,
MNQ DEC25,10s,10,5777,2025-10-27 10:23:00,25828,25831.25,25826.5,25830,309,4.75,2,1.25,1.5,1,-306.7,-74,-30.8,-14.26
MNQ DEC25,20s,20,5888,2025-10-27 10:23:00,25830.25,25831.25,25825,25830,913,6.25,0.25,1,5,-1,-482.05,-24.7,-96.68333333,-229.19
MNQ DEC25,1s,1,3780,2025-10-27 10:23:01,25830,25830,25829,25829.25,43,1,0.75,0,0.25,-1,,,,
MNQ DEC25,1s,1,3781,2025-10-27 10:23:02,25828.75,25828.75,25827.25,25827.75,47,1.5,1,0,0.5,-1,,,,
MNQ DEC25,1s,1,3782,2025-10-27 10:23:03,25828,25828.25,25826.25,25827.25,42,2,0.75,0.25,1,-1,,,,
MNQ DEC25,1s,1,3783,2025-10-27 10:23:04,25827.75,25827.75,25826.5,25827.25,34,1.25,0.5,0,0.75,-1,,,,
MNQ DEC25,1s,1,3784,2025-10-27 10:23:05,25827.5,25827.5,25826,25826.75,22,1.5,0.75,0,0.75,-1,,,,
MNQ DEC25,1s,1,3785,2025-10-27 10:23:06,25826,25826.25,25825,25825.25,87,1.25,0.75,0.25,0.25,-1,,,,
MNQ DEC25,1s,1,3786,2025-10-27 10:23:07,25826.25,25826.75,25824,25824.25,116,2.75,2,0.5,0.25,-1,,,,
MNQ DEC25,1s,1,3787,2025-10-27 10:23:08,25824,25825.25,25823.5,25824.25,104,1.75,0.25,1,0.5,1,,,,
MNQ DEC25,1s,1,3788,2025-10-27 10:23:09,25823.75,25824.75,25823.5,25824.75,58,1.25,1,0,0.25,1,,,,
MNQ DEC25,1s,1,3789,2025-10-27 10:23:10,25824.75,25829.25,25824,25827.5,151,5.25,2.75,1.75,0.75,1,,,,
MNQ DEC25,10s,10,5778,2025-10-27 10:23:10,25830,25830,25823.5,25827.5,704,6.5,2.5,0,4,-1,-227.45,79.25,14.01666667,0.94
MNQ DEC25,1s,1,3790,2025-10-27 10:23:11,25828.25,25829,25827.5,25828.25,72,1.5,0,0.75,0.75,0,,,,
MNQ DEC25,1s,1,3791,2025-10-27 10:23:12,25828.75,25830.5,25828.5,25829.75,65,2,1,0.75,0.25,1,,,,
MNQ DEC25,1s,1,3792,2025-10-27 10:23:13,25830.25,25830.75,25829.5,25830.5,39,1.25,0.25,0.25,0.75,1,,,,
MNQ DEC25,1s,1,3793,2025-10-27 10:23:14,25830.5,25831,25829.75,25831,22,1.25,0.5,0,0.75,1,,,,
MNQ DEC25,1s,1,3794,2025-10-27 10:23:15,25830.25,25830.75,25829.5,25830,51,1.25,0.25,0.5,0.5,-1,,,,
MNQ DEC25,1s,1,3795,2025-10-27 10:23:16,25830.25,25830.5,25829.75,25830.25,16,0.75,0,0.25,0.5,0,,,,
MNQ DEC25,1s,1,3796,2025-10-27 10:23:17,25830.25,25831.25,25829.5,25829.5,21,1.75,0.75,1,0,-1,,,,
MNQ DEC25,1s,1,3797,2025-10-27 10:23:18,25831,25831,25828.5,25828.5,27,2.5,2.5,0,0,-1,,,,
MNQ DEC25,1s,1,3798,2025-10-27 10:23:19,25829,25829.75,25829,25829.25,24,0.75,0.25,0.5,0,1,,,,
MNQ DEC25,1s,1,3799,2025-10-27 10:23:20,25829.5,25830.25,25829.25,25829.25,15,1,0.25,0.75,0,-1,,,,
MNQ DEC25,10s,10,5779,2025-10-27 10:23:20,25828.25,25831.25,25827.5,25829.25,352,3.75,1,2,0.75,1,-179.55,47.9,17.71666667,6.95
MNQ DEC25,20s,20,5889,2025-10-27 10:23:20,25830,25831.25,25823.5,25829.25,1056,7.75,0.75,1.25,5.75,-1,-393.5,88.55,-44.75,-155.31
MNQ DEC25,1s,1,3800,2025-10-27 10:23:21,25829.5,25830.5,25829.25,25829.75,18,1.25,0.25,0.75,0.25,1,,,,
MNQ DEC25,1s,1,3801,2025-10-27 10:23:22,25829.75,25831.25,25829.5,25831,28,1.75,1.25,0.25,0.25,1,,,,
MNQ DEC25,1s,1,3802,2025-10-27 10:23:23,25831.25,25833,25829,25829.5,149,4,1.75,1.75,0.5,-1,,,,
MNQ DEC25,1s,1,3803,2025-10-27 10:23:24,25829,25829.25,25826.25,25826.5,70,3,2.5,0.25,0.25,-1,,,,
MNQ DEC25,1s,1,3804,2025-10-27 10:23:25,25826,25826.75,25825.5,25826.75,29,1.25,0.75,0,0.5,1,,,,
MNQ DEC25,1s,1,3805,2025-10-27 10:23:26,25826.25,25827,25825.25,25825.75,28,1.75,0.5,0.75,0.5,-1,,,,
MNQ DEC25,1s,1,3806,2025-10-27 10:23:27,25825.75,25825.75,25824.25,25824.25,35,1.5,1.5,0,0,-1,,,,
MNQ DEC25,1s,1,3807,2025-10-27 10:23:28,25824.5,25825.25,25824,25825,25,1.25,0.5,0.25,0.5,1,,,,
MNQ DEC25,1s,1,3808,2025-10-27 10:23:29,25824.75,25826.5,25824.75,25826.25,34,1.75,1.5,0.25,0,1,,,,
MNQ DEC25,1s,1,3809,2025-10-27 10:23:30,25825.5,25827.25,25825.5,25827,27,1.75,1.5,0.25,0,1,,,,
MNQ DEC25,10s,10,5780,2025-10-27 10:23:30,25829.5,25833,25824,25827,443,9,2.5,3.5,3,-1,-101,78.55,68.56666667,33.7
MNQ DEC25,1s,1,3810,2025-10-27 10:23:31,25827.25,25828.75,25827.25,25828.75,26,1.5,1.5,0,0,1,,,,
MNQ DEC25,1s,1,3811,2025-10-27 10:23:32,25828.75,25829.25,25828.75,25829.25,14,0.5,0.5,0,0,1,,,,
MNQ DEC25,1s,1,3812,2025-10-27 10:23:33,25828,25828.25,25827.75,25828,11,0.5,0,0.25,0.25,0,,,,
MNQ DEC25,1s,1,3813,2025-10-27 10:23:34,25827.75,25828.5,25827.5,25828.25,18,1,0.5,0.25,0.25,1,,,,
MNQ DEC25,1s,1,3814,2025-10-27 10:23:35,25829,25829,25828,25828.75,22,1,0.25,0,0.75,-1,,,,
MNQ DEC25,1s,1,3815,2025-10-27 10:23:36,25828.5,25828.5,25828,25828.5,8,0.5,0,0,0.5,0,,,,
MNQ DEC25,1s,1,3816,2025-10-27 10:23:37,25828.25,25828.75,25828.25,25828.75,9,0.5,0.5,0,0,1,,,,
MNQ DEC25,1s,1,3817,2025-10-27 10:23:38,25828.25,25828.75,25827,25827,36,1.75,1.25,0.5,0,-1,,,,
MNQ DEC25,1s,1,3818,2025-10-27 10:23:39,25827.25,25828,25827.25,25827.75,28,0.75,0.5,0.25,0,1,,,,
MNQ DEC25,1s,1,3819,2025-10-27 10:23:40,25828.25,25828.25,25827,25827.5,26,1.25,0.75,0,0.5,-1,,,,
MNQ DEC25,10s,10,5781,2025-10-27 10:23:40,25827.25,25829.25,25827,25827.5,198,2.25,0.25,1.75,0.25,1,-82.85,18.15,48.2,29.97
MNQ DEC25,20s,20,5890,2025-10-27 10:23:40,25829.5,25833,25824,25827.5,641,9,2,3.5,3.5,-1,-312.35,81.15,48.33333333,-24.07
MNQ DEC25,1s,1,3820,2025-10-27 10:23:41,25828,25831.5,25828,25831.5,68,3.5,3.5,0,0,1,,,,
MNQ DEC25,1s,1,3821,2025-10-27 10:23:42,25831,25831.25,25829.25,25829.75,16,2,1.25,0.25,0.5,-1,,,,
MNQ DEC25,1s,1,3822,2025-10-27 10:23:43,25829.75,25830,25829.25,25830,12,0.75,0.25,0,0.5,1,,,,
MNQ DEC25,1s,1,3823,2025-10-27 10:23:44,25830,25830,25829.25,25829.5,8,0.75,0.5,0,0.25,-1,,,,
MNQ DEC25,1s,1,3824,2025-10-27 10:23:45,25829,25829,25828.5,25828.75,6,0.5,0.25,0,0.25,-1,,,,
MNQ DEC25,1s,1,3825,2025-10-27 10:23:46,25828.5,25829.5,25828,25829,17,1.5,0.5,0.5,0.5,1,,,,
MNQ DEC25,1s,1,3826,2025-10-27 10:23:47,25829.5,25830,25829,25829.5,23,1,0,0.5,0.5,0,,,,
MNQ DEC25,1s,1,3827,2025-10-27 10:23:48,25829.25,25830,25829.25,25829.75,19,0.75,0.5,0.25,0,1,,,,
MNQ DEC25,1s,1,3828,2025-10-27 10:23:49,25829.75,25830,25828.75,25829,22,1.25,0.75,0.25,0.25,-1,,,,
MNQ DEC25,1s,1,3829,2025-10-27 10:23:50,25829.25,25830,25829.25,25830,5,0.75,0.75,0,0,1,,,,
MNQ DEC25,10s,10,5782,2025-10-27 10:23:50,25828,25831.5,25828,25830,196,3.5,2,1.5,0,1,-87.55,-4.7,30.66666667,43.83
MNQ DEC25,1s,1,3830,2025-10-27 10:23:51,25830,25830.25,25829.75,25829.75,8,0.5,0.25,0.25,0,-1,,,,
MNQ DEC25,1s,1,3831,2025-10-27 10:23:52,25830.25,25833.25,25830.25,25833.25,53,3,3,0,0,1,,,,
MNQ DEC25,1s,1,3832,2025-10-27 10:23:53,25833.5,25835,25832.25,25833.5,80,2.75,0,1.5,1.25,0,,,,
MNQ DEC25,1s,1,3833,2025-10-27 10:23:54,25833.75,25835.25,25833.5,25834.75,45,1.75,1,0.5,0.25,1,,,,
MNQ DEC25,1s,1,3834,2025-10-27 10:23:55,25834.75,25836,25834.75,25836,49,1.25,1.25,0,0,1,,,,
MNQ DEC25,1s,1,3835,2025-10-27 10:23:56,25835.5,25836,25834.5,25835,46,1.5,0.5,0.5,0.5,-1,,,,
MNQ DEC25,1s,1,3836,2025-10-27 10:23:57,25834.75,25835.25,25834.25,25834.5,20,1,0.25,0.5,0.25,-1,,,,
MNQ DEC25,1s,1,3837,2025-10-27 10:23:58,25834.75,25835.25,25833.75,25834.25,26,1.5,0.5,0.5,0.5,-1,,,,
MNQ DEC25,1s,1,3838,2025-10-27 10:23:59,25834.25,25834.75,25833.75,25834.75,16,1,0.5,0,0.5,1,,,,
MNQ DEC25,1s,1,3839,2025-10-27 10:24:00,25834.5,25834.75,25833.25,25834,58,1.5,0.5,0.25,0.75,-1,,,,
MNQ DEC25,10s,10,5783,2025-10-27 10:24:00,25830,25836,25829.75,25834,401,6.25,4,2,0.25,1,-131.55,-44,-10.18333333,19.18
MNQ DEC25,20s,20,5891,2025-10-27 10:24:00,25828,25836,25828,25834,597,8,6,2,0,1,-341.65,-29.3,46.8,-16.48
MNQ DEC25,1s,1,3840,2025-10-27 10:24:01,25833.5,25833.75,25832.25,25833.75,58,1.5,0.25,0,1.25,1,,,,
MNQ DEC25,1s,1,3841,2025-10-27 10:24:02,25833.5,25834,25833,25834,25,1,0.5,0,0.5,1,,,,
MNQ DEC25,1s,1,3842,2025-10-27 10:24:03,25833,25833.75,25831.5,25831.5,19,2.25,1.5,0.75,0,-1,,,,
MNQ DEC25,1s,1,3843,2025-10-27 10:24:04,25831.5,25832.75,25831.25,25831.25,47,1.5,0.25,1.25,0,-1,,,,
MNQ DEC25,1s,1,3844,2025-10-27 10:24:05,25831.25,25831.25,25829.5,25830.5,53,1.75,0.75,0,1,-1,,,,
MNQ DEC25,1s,1,3845,2025-10-27 10:24:06,25830,25832.5,25830,25832.5,38,2.5,2.5,0,0,1,,,,
MNQ DEC25,1s,1,3846,2025-10-27 10:24:07,25832.75,25833.5,25832.75,25833.5,10,0.75,0.75,0,0,1,,,,
MNQ DEC25,1s,1,3847,2025-10-27 10:24:08,25833,25833.25,25832.75,25833.25,24,0.5,0.25,0,0.25,1,,,,
MNQ DEC25,1s,1,3848,2025-10-27 10:24:09,25833.75,25834.5,25833.5,25833.5,27,1,0.25,0.75,0,-1,,,,
MNQ DEC25,1s,1,3849,2025-10-27 10:24:10,25834.25,25834.75,25834,25834,27,0.75,0.25,0.5,0,-1,,,,
MNQ DEC25,10s,10,5784,2025-10-27 10:24:10,25833.5,25834.75,25829.5,25834,328,5.25,0.5,0.75,4,1,-91.35,40.2,-2.83333333,17.64
MNQ DEC25,1s,1,3850,2025-10-27 10:24:11,25833.75,25834.25,25832.5,25833,21,1.75,0.75,0.5,0.5,-1,,,,
MNQ DEC25,1s,1,3851,2025-10-27 10:24:12,25833.5,25834,25833.25,25833.75,8,0.75,0.25,0.25,0.25,1,,,,
MNQ DEC25,1s,1,3852,2025-10-27 10:24:13,25834.25,25837,25834.25,25837,71,2.75,2.75,0,0,1,,,,
MNQ DEC25,1s,1,3853,2025-10-27 10:24:14,25837,25838,25836.25,25838,59,1.75,1,0,0.75,1,,,,
MNQ DEC25,1s,1,3854,2025-10-27 10:24:15,25837.5,25838.5,25837.25,25837.25,52,1.25,0.25,1,0,-1,,,,
MNQ DEC25,1s,1,3855,2025-10-27 10:24:16,25838,25838.5,25836.25,25836.25,53,2.25,1.75,0.5,0,-1,,,,
MNQ DEC25,1s,1,3856,2025-10-27 10:24:17,25836,25836,25834.25,25835.25,46,1.75,0.75,0,1,-1,,,,
MNQ DEC25,1s,1,3857,2025-10-27 10:24:18,25835,25835.25,25834.5,25834.5,39,0.75,0.5,0.25,0,-1,,,,
MNQ DEC25,1s,1,3858,2025-10-27 10:24:19,25834.5,25834.75,25834,25834.5,18,0.75,0,0.25,0.5,0,,,,
MNQ DEC25,1s,1,3859,2025-10-27 10:24:20,25835,25835,25834.25,25834.25,27,0.75,0.75,0,0,-1,,,,
MNQ DEC25,10s,10,5785,2025-10-27 10:24:20,25833.75,25838.5,25832.5,25834.25,394,6,0.5,4.25,1.25,1,-96.55,-5.2,-3,0.89
MNQ DEC25,20s,20,5892,2025-10-27 10:24:20,25833.5,25838.5,25829.5,25834.25,722,9,0.75,4.25,4,1,-295.85,45.8,32.55,32.3
MNQ DEC25,1s,1,3860,2025-10-27 10:24:21,25834.5,25835,25833.75,25834.5,33,1.25,0,0.5,0.75,0,,,,
MNQ DEC25,1s,1,3861,2025-10-27 10:24:22,25834.25,25835,25833.75,25835,28,1.25,0.75,0,0.5,1,,,,
MNQ DEC25,1s,1,3862,2025-10-27 10:24:23,25834.5,25835.25,25834.25,25835.25,35,1,0.75,0,0.25,1,,,,
MNQ DEC25,1s,1,3863,2025-10-27 10:24:24,25835.25,25835.5,25834.25,25834.75,31,1.25,0.5,0.25,0.5,-1,,,,
MNQ DEC25,1s,1,3864,2025-10-27 10:24:25,25835.25,25835.25,25834.5,25835.25,10,0.75,0,0,0.75,0,,,,
MNQ DEC25,1s,1,3865,2025-10-27 10:24:26,25835.25,25837.25,25834.75,25836.75,51,2.5,1.5,0.5,0.5,1,,,,
MNQ DEC25,1s,1,3866,2025-10-27 10:24:27,25836.75,25838.25,25836.75,25838.25,21,1.5,1.5,0,0,1,,,,
MNQ DEC25,1s,1,3867,2025-10-27 10:24:28,25838.25,25838.25,25836,25836.25,59,2.25,2,0,0.25,-1,,,,
MNQ DEC25,1s,1,3868,2025-10-27 10:24:29,25836.5,25836.5,25835.25,25836,37,1.25,0.5,0,0.75,-1,,,,
MNQ DEC25,1s,1,3869,2025-10-27 10:24:30,25836.5,25838,25836,25837.75,15,2,1.25,0.25,0.5,1,,,,
MNQ DEC25,10s,10,5786,2025-10-27 10:24:30,25834.5,25838.25,25833.75,25837.75,320,4.5,3.25,0.5,0.75,1,-58,38.55,24.51666667,4.97
MNQ DEC25,1s,1,3870,2025-10-27 10:24:31,25838.25,25841,25838.25,25838.25,183,2.75,0,2.75,0,0,,,,
MNQ DEC25,1s,1,3871,2025-10-27 10:24:32,25837.5,25838.75,25837.5,25838.5,25,1.25,1,0.25,0,1,,,,
MNQ DEC25,1s,1,3872,2025-10-27 10:24:33,25838.5,25838.5,25837,25838,57,1.5,0.5,0,1,-1,,,,
MNQ DEC25,1s,1,3873,2025-10-27 10:24:34,25838.25,25838.75,25837.75,25838.25,37,1,0,0.5,0.5,0,,,,
MNQ DEC25,1s,1,3874,2025-10-27 10:24:35,25838.5,25838.75,25837.75,25838.25,34,1,0.25,0.25,0.5,-1,,,,
MNQ DEC25,1s,1,3875,2025-10-27 10:24:36,25838.75,25839.25,25838,25838.75,24,1.25,0,0.5,0.75,0,,,,
MNQ DEC25,1s,1,3876,2025-10-27 10:24:37,25838.5,25840.5,25838.5,25839.75,59,2,1.25,0.75,0,1,,,,
MNQ DEC25,1s,1,3877,2025-10-27 10:24:38,25840.25,25840.25,25838.25,25838.25,62,2,2,0,0,-1,,,,
MNQ DEC25,1s,1,3878,2025-10-27 10:24:39,25839,25839.5,25838.75,25839,27,0.75,0,0.5,0.25,0,,,,
MNQ DEC25,1s,1,3879,2025-10-27 10:24:40,25838.75,25839.25,25837,25837.5,32,2.25,1.25,0.5,0.5,-1,,,,
MNQ DEC25,10s,10,5787,2025-10-27 10:24:40,25838.25,25841,25837,25837.5,540,4,0.75,2.75,0.5,-1,1.85,59.85,31.06666667,17.88
MNQ DEC25,20s,20,5893,2025-10-27 10:24:40,25834.5,25841,25833.75,25837.5,860,7.25,3,3.5,0.75,1,-297.95,-2.1,4.8,36.82
MNQ DEC25,1s,1,3880,2025-10-27 10:24:41,25837.75,25838,25837.25,25837.75,37,0.75,0,0.25,0.5,0,,,,
MNQ DEC25,1s,1,3881,2025-10-27 10:24:42,25838,25838,25836.75,25836.75,29,1.25,1.25,0,0,-1,,,,
MNQ DEC25,1s,1,3882,2025-10-27 10:24:43,25837.25,25837.5,25836.75,25837.25,14,0.75,0,0.25,0.5,0,,,,
MNQ DEC25,1s,1,3883,2025-10-27 10:24:44,25837.5,25837.5,25837,25837.5,10,0.5,0,0,0.5,0,,,,
MNQ DEC25,1s,1,3884,2025-10-27 10:24:45,25837.5,25837.5,25835.75,25836,39,1.75,1.5,0,0.25,-1,,,,
MNQ DEC25,1s,1,3885,2025-10-27 10:24:46,25836.5,25836.75,25835.5,25836,19,1.25,0.5,0.25,0.5,-1,,,,
MNQ DEC25,1s,1,3886,2025-10-27 10:24:47,25836,25837.5,25836,25837.5,28,1.5,1.5,0,0,1,,,,
MNQ DEC25,1s,1,3887,2025-10-27 10:24:48,25837.25,25837.25,25836.5,25836.5,17,0.75,0.75,0,0,-1,,,,
MNQ DEC25,1s,1,3888,2025-10-27 10:24:49,25836.5,25837,25835.5,25836.75,11,1.5,0.25,0.25,1,1,,,,
MNQ DEC25,1s,1,3889,2025-10-27 10:24:50,25836.5,25837.25,25836.5,25837,11,0.75,0.5,0.25,0,1,,,,
MNQ DEC25,10s,10,5788,2025-10-27 10:24:50,25837.75,25838,25835.5,25837,215,2.5,0.75,0.25,1.5,-1,-32.55,-34.4,21.33333333,19.8
MNQ DEC25,1s,1,3890,2025-10-27 10:24:51,25837.5,25838,25836.5,25836.5,23,1.5,1,0.5,0,-1,,,,
MNQ DEC25,1s,1,3891,2025-10-27 10:24:52,25837,25837.25,25836.5,25837,6,0.75,0,0.25,0.5,0,,,,
MNQ DEC25,1s,1,3892,2025-10-27 10:24:53,25836.5,25836.5,25835.5,25835.5,23,1,1,0,0,-1,,,,
MNQ DEC25,1s,1,3893,2025-10-27 10:24:54,25835.5,25835.5,25835.25,25835.5,25,0.25,0,0,0.25,0,,,,
MNQ DEC25,1s,1,3894,2025-10-27 10:24:55,25836,25836.25,25835.5,25836,29,0.75,0,0.25,0.5,0,,,,
MNQ DEC25,1s,1,3895,2025-10-27 10:24:56,25835.5,25835.75,25834.5,25834.5,38,1.25,1,0.25,0,-1,,,,
MNQ DEC25,1s,1,3896,2025-10-27 10:24:57,25834.75,25835,25834.25,25834.75,19,0.75,0,0.25,0.5,0,,,,
MNQ DEC25,1s,1,3897,2025-10-27 10:24:58,25835.5,25836.5,25834.5,25836.25,34,2,0.75,0.25,1,1,,,,
MNQ DEC25,1s,1,3898,2025-10-27 10:24:59,25835.75,25836.25,25835.75,25836,13,0.5,0.25,0.25,0,1,,,,
MNQ DEC25,1s,1,3899,2025-10-27 10:25:00,25836.25,25836.75,25836,25836,37,0.75,0.25,0.5,0,-1,,,,
MNQ DEC25,10s,10,5789,2025-10-27 10:25:00,25837.5,25838,25834.25,25836,247,3.75,1.5,0.5,1.75,-1,-46.55,-14,3.81666667,8.96
MNQ DEC25,20s,20,5894,2025-10-27 10:25:00,25837.75,25838,25834.25,25836,462,3.75,1.75,0.25,1.75,-1,-390,-92.05,-16.11666667,0.7
MNQ DEC25,1s,1,3900,2025-10-27 10:25:01,25836.25,25837.75,25836.25,25836.5,31,1.5,0.25,1.25,0,1,,,,
MNQ DEC25,1s,1,3901,2025-10-27 10:25:02,25836.25,25837.5,25836.25,25837.5,58,1.25,1.25,0,0,1,,,,
MNQ DEC25,1s,1,3902,2025-10-27 10:25:03,25837.5,25837.75,25837.25,25837.5,27,0.5,0,0.25,0.25,0,,,,
MNQ DEC25,1s,1,3903,2025-10-27 10:25:04,25837.5,25838.5,25836.75,25837.75,35,1.75,0.25,0.75,0.75,1,,,,
MNQ DEC25,1s,1,3904,2025-10-27 10:25:05,25837.5,25838.25,25836.75,25838.25,46,1.5,0.75,0,0.75,1,,,,
MNQ DEC25,1s,1,3905,2025-10-27 10:25:06,25838.25,25838.75,25837,25838.5,27,1.75,0.25,0.25,1.25,1,,,,
MNQ DEC25,1s,1,3906,2025-10-27 10:25:07,25837.75,25839.5,25837.75,25839.25,33,1.75,1.5,0.25,0,1,,,,
MNQ DEC25,1s,1,3907,2025-10-27 10:25:08,25839,25839.75,25838.75,25839.75,54,1,0.75,0,0.25,1,,,,
MNQ DEC25,1s,1,3908,2025-10-27 10:25:09,25839.75,25841.5,25839.75,25840.5,97,1.75,0.75,1,0,1,,,,
MNQ DEC25,1s,1,3909,2025-10-27 10:25:10,25840.5,25840.5,25839,25839.25,97,1.5,1.25,0,0.25,-1,,,,
MNQ DEC25,10s,10,5790,2025-10-27 10:25:10,25836.25,25841.5,25836.25,25839.25,505,5.25,3,2.25,0,1,-20.2,26.35,-7.35,15.27
MNQ DEC25,1s,1,3910,2025-10-27 10:25:11,25839.5,25840.75,25839.25,25840,30,1.5,0.5,0.75,0.25,1,,,,
MNQ DEC25,1s,1,3911,2025-10-27 10:25:12,25840.5,25840.5,25839.25,25839.25,49,1.25,1.25,0,0,-1,,,,
MNQ DEC25,1s,1,3912,2025-10-27 10:25:13,25838.75,25839.25,25838.25,25839,37,1,0.25,0.25,0.5,1,,,,
MNQ DEC25,1s,1,3913,2025-10-27 10:25:14,25839,25839.75,25838.5,25838.5,31,1.25,0.5,0.75,0,-1,,,,
MNQ DEC25,1s,1,3914,2025-10-27 10:25:15,25839,25841.75,25838.25,25840.5,99,3.5,1.5,1.25,0.75,1,,,,
MNQ DEC25,1s,1,3915,2025-10-27 10:25:16,25840.75,25843.75,25840.75,25841.5,177,3,0.75,2.25,0,1,,,,
MNQ DEC25,1s,1,3916,2025-10-27 10:25:17,25841.75,25841.75,25839,25840.25,102,2.75,1.5,0,1.25,-1,,,,
MNQ DEC25,1s,1,3917,2025-10-27 10:25:18,25840,25843.25,25839.75,25842.75,66,3.5,2.75,0.5,0.25,1,,,,
MNQ DEC25,1s,1,3918,2025-10-27 10:25:19,25841.75,25843.75,25841.75,25843.25,56,2,1.5,0.5,0,1,,,,
MNQ DEC25,1s,1,3919,2025-10-27 10:25:20,25843.25,25843.75,25842.75,25843.25,42,1,0,0.5,0.5,0,,,,
MNQ DEC25,10s,10,5791,2025-10-27 10:25:20,25839.5,25843.75,25838.25,25843.25,689,5.5,3.75,0.5,1.25,1,34.85,55.05,22.46666667,18.57
MNQ DEC25,20s,20,5895,2025-10-27 10:25:20,25836.25,25843.75,25836.25,25843.25,1194,7.5,7,0.5,0,1,-278.25,111.75,5.86666667,6.82
MNQ DEC25,1s,1,3920,2025-10-27 10:25:21,25843.25,25843.75,25842.75,25842.75,51,1,0.5,0.5,0,-1,,,,
MNQ DEC25,1s,1,3921,2025-10-27 10:25:22,25843.25,25846.75,25843,25846,277,3.75,2.75,0.75,0.25,1,,,,
MNQ DEC25,1s,1,3922,2025-10-27 10:25:23,25846.25,25846.5,25844.25,25845.5,113,2.25,0.75,0.25,1.25,-1,,,,
MNQ DEC25,1s,1,3923,2025-10-27 10:25:24,25845.25,25845.75,25843.5,25844,114,2.25,1.25,0.5,0.5,-1,,,,
MNQ DEC25,1s,1,3924,2025-10-27 10:25:25,25844,25844,25840.75,25841,131,3.25,3,0,0.25,-1,,,,
MNQ DEC25,1s,1,3925,2025-10-27 10:25:26,25841.25,25842.25,25840.5,25841.5,85,1.75,0.25,0.75,0.75,1,,,,
MNQ DEC25,1s,1,3926,2025-10-27 10:25:27,25841.75,25842.5,25841.5,25842.5,29,1,0.75,0,0.25,1,,,,
MNQ DEC25,1s,1,3927,2025-10-27 10:25:28,25841.75,25842.5,25841.25,25841.5,19,1.25,0.25,0.75,0.25,-1,,,,
MNQ DEC25,1s,1,3928,2025-10-27 10:25:29,25841.5,25842,25840.25,25840.5,43,1.75,1,0.5,0.25,-1,,,,
MNQ DEC25,1s,1,3929,2025-10-27 10:25:30,25840.75,25842,25840.5,25842,37,1.5,1.25,0,0.25,1,,,,
MNQ DEC25,10s,10,5792,2025-10-27 10:25:30,25843.25,25846.75,25840.25,25842,899,6.5,1.25,3.5,1.75,-1,95.2,60.35,47.25,18.67
MNQ DEC25,1s,1,3930,2025-10-27 10:25:31,25842,25843,25841,25841.5,63,2,0.5,1,0.5,-1,,,,
MNQ DEC25,1s,1,3931,2025-10-27 10:25:32,25841,25842.25,25841,25842.25,25,1.25,1.25,0,0,1,,,,
MNQ DEC25,1s,1,3932,2025-10-27 10:25:33,25842,25843.75,25842,25843,18,1.75,1,0.75,0,1,,,,
MNQ DEC25,1s,1,3933,2025-10-27 10:25:34,25843.25,25844.75,25843.25,25843.5,38,1.5,0.25,1.25,0,1,,,,
MNQ DEC25,1s,1,3934,2025-10-27 10:25:35,25843.5,25844,25843.5,25844,16,0.5,0.5,0,0,1,,,,
MNQ DEC25,1s,1,3935,2025-10-27 10:25:36,25843.5,25843.5,25842.25,25843.5,39,1.25,0,0,1.25,0,,,,
MNQ DEC25,1s,1,3936,2025-10-27 10:25:37,25844.25,25844.25,25842.75,25842.75,18,1.5,1.5,0,0,-1,,,,
MNQ DEC25,1s,1,3937,2025-10-27 10:25:38,25843,25843,25840.75,25841.5,32,2.25,1.5,0,0.75,-1,,,,
MNQ DEC25,1s,1,3938,2025-10-27 10:25:39,25841.75,25842.75,25841.25,25842.5,37,1.5,0.75,0.25,0.5,1,,,,
MNQ DEC25,1s,1,3939,2025-10-27 10:25:40,25842.25,25843,25841.5,25841.5,34,1.5,0.75,0.75,0,-1,,,,
MNQ DEC25,10s,10,5793,2025-10-27 10:25:40,25842,25844.75,25840.75,25841.5,320,4,0.5,2.75,0.75,-1,114.7,19.5,44.96666667,29.45
MNQ DEC25,20s,20,5896,2025-10-27 10:25:40,25843.25,25846.75,25840.25,25841.5,1219,6.5,1.75,3.5,1.25,-1,-188.65,89.6,36.43333333,30.6
MNQ DEC25,1s,1,3940,2025-10-27 10:25:41,25841.25,25841.25,25837.25,25838.5,164,4,2.75,0,1.25,-1,,,,
MNQ DEC25,1s,1,3941,2025-10-27 10:25:42,25838.25,25840.25,25838.25,25840.25,47,2,2,0,0,1,,,,
MNQ DEC25,1s,1,3942,2025-10-27 10:25:43,25840.25,25840.25,25839.25,25839.75,33,1,0.5,0,0.5,-1,,,,
MNQ DEC25,1s,1,3943,2025-10-27 10:25:44,25839.75,25840.75,25839,25840.25,67,1.75,0.5,0.5,0.75,1,,,,
MNQ DEC25,1s,1,3944,2025-10-27 10:25:45,25840,25841.75,25840,25841.75,29,1.75,1.75,0,0,1,,,,
MNQ DEC25,1s,1,3945,2025-10-27 10:25:46,25842.25,25842.25,25839.75,25840.75,38,2.5,1.5,0,1,-1,,,,
MNQ DEC25,1s,1,3946,2025-10-27 10:25:47,25840.5,25841,25840,25840,43,1,0.5,0.5,0,-1,,,,
MNQ DEC25,1s,1,3947,2025-10-27 10:25:48,25840.25,25840.25,25838.5,25839,19,1.75,1.25,0,0.5,-1,,,,
MNQ DEC25,1s,1,3948,2025-10-27 10:25:49,25839.25,25839.25,25835,25836.75,150,4.25,2.5,0,1.75,-1,,,,
MNQ DEC25,1s,1,3949,2025-10-27 10:25:50,25837,25838,25836.75,25836.75,31,1.25,0.25,1,0,-1,,,,
MNQ DEC25,10s,10,5794,2025-10-27 10:25:50,25841.25,25842.25,25835,25836.75,621,7.25,4.5,1,1.75,-1,176.1,61.4,47.08333333,44.53
MNQ DEC25,1s,1,3950,2025-10-27 10:25:51,25836.5,25837.25,25835.25,25836.5,63,2,0,0.75,1.25,0,,,,
MNQ DEC25,1s,1,3951,2025-10-27 10:25:52,25835.75,25836,25835,25835.25,78,1,0.5,0.25,0.25,-1,,,,
MNQ DEC25,1s,1,3952,2025-10-27 10:25:53,25835.25,25836.5,25835,25835.25,38,1.5,0,1.25,0.25,0,,,,
MNQ DEC25,1s,1,3953,2025-10-27 10:25:54,25836.25,25836.25,25835.75,25836.25,14,0.5,0,0,0.5,0,,,,
MNQ DEC25,1s,1,3954,2025-10-27 10:25:55,25836.25,25838,25836.25,25838,18,1.75,1.75,0,0,1,,,,
MNQ DEC25,1s,1,3955,2025-10-27 10:25:56,25837.75,25837.75,25836,25836.25,38,1.75,1.5,0,0.25,-1,,,,
MNQ DEC25,1s,1,3956,2025-10-27 10:25:57,25836,25838,25836,25838,27,2,2,0,0,1,,,,
MNQ DEC25,1s,1,3957,2025-10-27 10:25:58,25837.5,25839.5,25837.25,25839.5,24,2.25,2,0,0.25,1,,,,
MNQ DEC25,1s,1,3958,2025-10-27 10:25:59,25839,25839.25,25838.75,25838.75,17,0.5,0.25,0.25,0,-1,,,,
MNQ DEC25,1s,1,3959,2025-10-27 10:26:00,25838.75,25839.75,25838.5,25839.25,21,1.25,0.5,0.5,0.25,1,,,,
MNQ DEC25,10s,10,5795,2025-10-27 10:26:00,25836.5,25839.75,25835,25839.25,338,4.75,2.75,0.5,1.5,1,142.25,-33.85,15.68333333,32.49
MNQ DEC25,20s,20,5897,2025-10-27 10:26:00,25841.25,25842.25,25835,25839.25,959,7.25,2,1,4.25,-1,-153.05,35.6,78.98333333,28.56
MNQ DEC25,1s,1,3960,2025-10-27 10:26:01,25839.5,25839.75,25837.25,25838.25,43,2.5,1.25,0.25,1,-1,,,,
MNQ DEC25,1s,1,3961,2025-10-27 10:26:02,25838,25838,25836.5,25837.5,24,1.5,0.5,0,1,-1,,,,
MNQ DEC25,1s,1,3962,2025-10-27 10:26:03,25837.75,25837.75,25836.25,25837.5,21,1.5,0.25,0,1.25,-1,,,,
MNQ DEC25,1s,1,3963,2025-10-27 10:26:04,25837.25,25837.5,25836.5,25837,28,1,0.25,0.25,0.5,-1,,,,
MNQ DEC25,1s,1,3964,2025-10-27 10:26:05,25837,25837.75,25837,25837.5,18,0.75,0.5,0.25,0,1,,,,
MNQ DEC25,1s,1,3965,2025-10-27 10:26:06,25838,25840.5,25837.25,25837.25,91,3.25,0.75,2.5,0,-1,,,,
MNQ DEC25,1s,1,3966,2025-10-27 10:26:07,25837.5,25839,25837,25837,50,2,0.5,1.5,0,-1,,,,
MNQ DEC25,1s,1,3967,2025-10-27 10:26:08,25837.75,25838.5,25837.5,25838.5,27,1,0.75,0,0.25,1,,,,
MNQ DEC25,1s,1,3968,2025-10-27 10:26:09,25838.5,25838.5,25837.5,25838.25,20,1,0.25,0,0.75,-1,,,,
MNQ DEC25,1s,1,3969,2025-10-27 10:26:10,25838.5,25838.75,25838.25,25838.5,14,0.5,0,0.25,0.25,0,,,,
MNQ DEC25,10s,10,5796,2025-10-27 10:26:10,25839.5,25840.5,25836.25,25838.5,336,4.25,1,1,2.25,-1,85.05,-57.2,-9.88333333,10.04
MNQ DEC25,1s,1,3970,2025-10-27 10:26:11,25837.75,25842,25837.75,25841.5,50,4.25,3.75,0.5,0,1,,,,
MNQ DEC25,1s,1,3971,2025-10-27 10:26:12,25840.5,25841.75,25840.5,25841,23,1.25,0.5,0.75,0,1,,,,
MNQ DEC25,1s,1,3972,2025-10-27 10:26:13,25841.75,25842,25840.75,25840.75,41,1.25,1,0.25,0,-1,,,,
MNQ DEC25,1s,1,3973,2025-10-27 10:26:14,25841,25841.75,25840.75,25841.25,40,1,0.25,0.5,0.25,1,,,,
MNQ DEC25,1s,1,3974,2025-10-27 10:26:15,25841.75,25841.75,25840.5,25840.5,40,1.25,1.25,0,0,-1,,,,
MNQ DEC25,1s,1,3975,2025-10-27 10:26:16,25841,25841.5,25840.5,25840.5,13,1,0.5,0.5,0,-1,,,,
MNQ DEC25,1s,1,3976,2025-10-27 10:26:17,25840.75,25841.5,25839.5,25841.5,13,2,0.75,0,1.25,1,,,,
MNQ DEC25,1s,1,3977,2025-10-27 10:26:18,25840.75,25841.75,25840.75,25841.25,28,1,0.5,0.5,0,1,,,,
MNQ DEC25,1s,1,3978,2025-10-27 10:26:19,25841.5,25843,25839,25840.25,45,4,1.25,1.5,1.25,-1,,,,
MNQ DEC25,1s,1,3979,2025-10-27 10:26:20,25840.25,25840.25,25837.5,25838.25,54,2.75,2,0,0.75,-1,,,,
MNQ DEC25,10s,10,5797,2025-10-27 10:26:20,25837.75,25843,25837.5,25838.25,347,5.5,0.5,4.75,0.25,1,-27.25,-112.3,-67.78333333,-24.49
MNQ DEC25,20s,20,5898,2025-10-27 10:26:20,25839.5,25843,25836.25,25838.25,683,6.75,1.25,3.5,2,-1,-199.95,-46.9,26.1,19.6
MNQ DEC25,1s,1,3980,2025-10-27 10:26:21,25838.25,25838.25,25836.25,25837.25,59,2,1,0,1,-1,,,,
MNQ DEC25,1s,1,3981,2025-10-27 10:26:22,25837.5,25837.5,25836.5,25837.25,41,1,0.25,0,0.75,-1,,,,
MNQ DEC25,1s,1,3982,2025-10-27 10:26:23,25837.5,25838.25,25837.25,25837.25,25,1,0.25,0.75,0,-1,,,,
MNQ DEC25,1s,1,3983,2025-10-27 10:26:24,25837,25837.75,25837,25837,13,0.75,0,0.75,0,0,,,,
MNQ DEC25,1s,1,3984,2025-10-27 10:26:25,25837,25837.75,25835.75,25837.25,42,2,0.25,0.5,1.25,1,,,,
MNQ DEC25,1s,1,3985,2025-10-27 10:26:26,25837.25,25839.5,25837,25838.75,47,2.5,1.5,0.75,0.25,1,,,,
MNQ DEC25,1s,1,3986,2025-10-27 10:26:27,25839.25,25840.25,25839.25,25840,18,1,0.75,0.25,0,1,,,,
MNQ DEC25,1s,1,3987,2025-10-27 10:26:28,25840.75,25841.75,25840.25,25841.25,83,1.5,0.5,0.5,0.5,1,,,,
MNQ DEC25,1s,1,3988,2025-10-27 10:26:29,25841.25,25841.5,25840.5,25840.75,30,1,0.5,0.25,0.25,-1,,,,
MNQ DEC25,1s,1,3989,2025-10-27 10:26:30,25840.25,25841.75,25840.25,25841.5,25,1.5,1.25,0.25,0,1,,,,
MNQ DEC25,10s,10,5798,2025-10-27 10:26:30,25838.25,25841.75,25835.75,25841.5,383,6,3.25,0.25,2.5,1,1.4,28.65,-46.95,-22.66
MNQ DEC25,1s,1,3990,2025-10-27 10:26:31,25842,25842.25,25841,25841.5,27,1.25,0.5,0.25,0.5,-1,,,,
MNQ DEC25,1s,1,3991,2025-10-27 10:26:32,25841,25841,25839.75,25839.75,17,1.25,1.25,0,0,-1,,,,
MNQ DEC25,1s,1,3992,2025-10-27 10:26:33,25839.25,25841.25,25839.25,25841,18,2,1.75,0.25,0,1,,,,
MNQ DEC25,1s,1,3993,2025-10-27 10:26:34,25841,25841.25,25841,25841.25,4,0.25,0.25,0,0,1,,,,
MNQ DEC25,1s,1,3994,2025-10-27 10:26:35,25841.25,25841.25,25839.75,25840,38,1.5,1.25,0,0.25,-1,,,,
MNQ DEC25,1s,1,3995,2025-10-27 10:26:36,25839.5,25840.5,25839.5,25840.5,10,1,1,0,0,1,,,,
MNQ DEC25,1s,1,3996,2025-10-27 10:26:37,25840,25840.25,25839.25,25840,19,1,0,0.25,0.75,0,,,,
MNQ DEC25,1s,1,3997,2025-10-27 10:26:38,25840.5,25841.5,25840.25,25840.5,20,1.25,0,1,0.25,0,,,,
MNQ DEC25,1s,1,3998,2025-10-27 10:26:39,25841.25,25841.5,25841.25,25841.25,4,0.25,0,0.25,0,0,,,,
MNQ DEC25,1s,1,3999,2025-10-27 10:26:40,25841,25842.25,25841,25841.5,17,1.25,0.5,0.75,0,1,,,,
MNQ DEC25,10s,10,5799,2025-10-27 10:26:40,25842,25842.25,25839.25,25841.5,174,3,0.5,0.25,2.25,-1,-79.1,-80.5,-54.71666667,-51.04
MNQ DEC25,20s,20,5899,2025-10-27 10:26:40,25838.25,25842.25,25835.75,25841.5,557,6.5,3.25,0.75,2.5,1,-111.45,88.5,25.73333333,55.71
MNQ DEC25,1s,1,4000,2025-10-27 10:26:41,25841.25,25841.75,25841,25841.75,14,0.75,0.5,0,0.25,1,,,,
MNQ DEC25,1s,1,4001,2025-10-27 10:26:42,25841.5,25842.25,25841.25,25841.5,6,1,0,0.75,0.25,0,,,,
MNQ DEC25,1s,1,4002,2025-10-27 10:26:43,25841.75,25843,25841.75,25842.75,18,1.25,1,0.25,0,1,,,,
MNQ DEC25,1s,1,4003,2025-10-27 10:26:44,25842.25,25842.75,25840.5,25840.5,24,2.25,1.75,0.5,0,-1,,,,
MNQ DEC25,1s,1,4004,2025-10-27 10:26:45,25840.25,25841.5,25840.25,25841.5,10,1.25,1.25,0,0,1,,,,
MNQ DEC25,1s,1,4005,2025-10-27 10:26:46,25841.25,25841.5,25841.25,25841.5,11,0.25,0.25,0,0,1,,,,
MNQ DEC25,1s,1,4006,2025-10-27 10:26:47,25841.5,25841.75,25840.5,25840.75,12,1.25,0.75,0.25,0.25,-1,,,,
MNQ DEC25,1s,1,4007,2025-10-27 10:26:48,25840.75,25841.75,25840.75,25841.5,5,1,0.75,0.25,0,1,,,,
MNQ DEC25,1s,1,4008,2025-10-27 10:26:49,25841.75,25842,25840.5,25842,156,1.5,0.25,0,1.25,1,,,,
MNQ DEC25,1s,1,4009,2025-10-27 10:26:50,25842,25842.75,25842,25842.75,7,0.75,0.75,0,0,1,,,,
MNQ DEC25,10s,10,5800,2025-10-27 10:26:50,25841.25,25843,25840.25,25842.75,263,2.75,1.5,0.25,1,1,-85.1,-6,-19.28333333,-45.47
MNQ DEC25,1s,1,4010,2025-10-27 10:26:51,25842.25,25843.75,25842.25,25843,37,1.5,0.75,0.75,0,1,,,,
MNQ DEC25,1s,1,4011,2025-10-27 10:26:52,25843.25,25843.25,25841.75,25842.5,27,1.5,0.75,0,0.75,-1,,,,
MNQ DEC25,1s,1,4012,2025-10-27 10:26:53,25842.25,25843,25842.25,25843,7,0.75,0.75,0,0,1,,,,
MNQ DEC25,1s,1,4013,2025-10-27 10:26:54,25842.5,25843,25842.5,25843,4,0.5,0.5,0,0,1,,,,
MNQ DEC25,1s,1,4014,2025-10-27 10:26:55,25843,25846,25842.25,25842.25,111,3.75,0.75,3,0,-1,,,,
MNQ DEC25,1s,1,4015,2025-10-27 10:26:56,25842.75,25843.75,25842.75,25843.5,19,1,0.75,0.25,0,1,,,,
MNQ DEC25,1s,1,4016,2025-10-27 10:26:57,25843.25,25843.25,25841.5,25842.25,11,1.75,1,0,0.75,-1,,,,
MNQ DEC25,1s,1,4017,2025-10-27 10:26:58,25842.5,25843.25,25842.25,25843.25,8,1,0.75,0,0.25,1,,,,
MNQ DEC25,1s,1,4018,2025-10-27 10:26:59,25842.75,25844.5,25842.75,25844.5,13,1.75,1.75,0,0,1,,,,
MNQ DEC25,1s,1,4019,2025-10-27 10:27:00,25844,25845.5,25843.75,25844.75,32,1.75,0.75,0.75,0.25,1,,,,
MNQ DEC25,10s,10,5801,2025-10-27 10:27:00,25842.25,25846,25841.5,25844.75,269,4.5,2.5,1.25,0.75,1,-102.05,-16.95,-34.48333333,-37.42
MNQ DEC25,20s,20,5900,2025-10-27 10:27:00,25841.25,25846,25840.25,25844.75,532,5.75,3.5,1.25,1,1,-83.3,28.15,23.25,38.99
MNQ DEC25,1s,1,4020,2025-10-27 10:27:01,25844.75,25845.75,25844,25845.75,47,1.75,1,0,0.75,1,,,,
MNQ DEC25,1s,1,4021,2025-10-27 10:27:02,25845.5,25845.5,25842.5,25842.5,55,3,3,0,0,-1,,,,
MNQ DEC25,1s,1,4022,2025-10-27 10:27:03,25843,25843.5,25841,25841.75,40,2.5,1.25,0.5,0.75,-1,,,,
MNQ DEC25,1s,1,4023,2025-10-27 10:27:04,25841.5,25841.75,25840.75,25841.25,39,1,0.25,0.25,0.5,-1,,,,
MNQ DEC25,1s,1,4024,2025-10-27 10:27:05,25840.75,25840.75,25839,25839.25,60,1.75,1.5,0,0.25,-1,,,,
MNQ DEC25,1s,1,4025,2025-10-27 10:27:06,25839.5,25839.5,25836.75,25837.75,94,2.75,1.75,0,1,-1,,,,
MNQ DEC25,1s,1,4026,2025-10-27 10:27:07,25837.25,25838,25835.5,25836,82,2.5,1.25,0.75,0.5,-1,,,,
MNQ DEC25,1s,1,4027,2025-10-27 10:27:08,25835.75,25836.25,25835,25835,48,1.25,0.75,0.5,0,-1,,,,
MNQ DEC25,1s,1,4028,2025-10-27 10:27:09,25835,25835.5,25832.25,25834.75,180,3.25,0.25,0.5,2.5,-1,,,,
MNQ DEC25,1s,1,4029,2025-10-27 10:27:10,25834.25,25834.5,25832.75,25833.25,30,1.75,1,0.25,0.5,-1,,,,
MNQ DEC25,10s,10,5802,2025-10-27 10:27:10,25844.75,25845.75,25832.25,25833.25,675,13.5,11.5,1,1,-1,-60.4,41.65,6.23333333,-6.63
MNQ DEC25,1s,1,4030,2025-10-27 10:27:11,25833,25834,25831.5,25832.25,74,2.5,0.75,1,0.75,-1,,,,
MNQ DEC25,1s,1,4031,2025-10-27 10:27:12,25833,25833.5,25831.5,25832,48,2,1,0.5,0.5,-1,,,,
MNQ DEC25,1s,1,4032,2025-10-27 10:27:13,25831.5,25832.25,25830.5,25831.5,92,1.75,0,0.75,1,0,,,,
MNQ DEC25,1s,1,4033,2025-10-27 10:27:14,25831.25,25831.75,25830.75,25831.25,74,1,0,0.5,0.5,0,,,,
MNQ DEC25,1s,1,4034,2025-10-27 10:27:15,25831.5,25832.75,25830.5,25831.75,98,2.25,0.25,1,1,1,,,,
MNQ DEC25,1s,1,4035,2025-10-27 10:27:16,25831.75,25834,25831.75,25833.25,75,2.25,1.5,0.75,0,1,,,,
MNQ DEC25,1s,1,4036,2025-10-27 10:27:17,25833.25,25835,25832.75,25834.5,118,2.25,1.25,0.5,0.5,1,,,,
MNQ DEC25,1s,1,4037,2025-10-27 10:27:18,25834.5,25834.75,25833,25833,35,1.75,1.5,0.25,0,-1,,,,
MNQ DEC25,1s,1,4038,2025-10-27 10:27:19,25833.25,25834.75,25833.25,25834.75,37,1.5,1.5,0,0,1,,,,
MNQ DEC25,1s,1,4039,2025-10-27 10:27:20,25834.75,25835,25834,25834,32,1,0.75,0.25,0,-1,,,,
MNQ DEC25,10s,10,5803,2025-10-27 10:27:20,25833,25835,25830.5,25834,683,4.5,1,1,2.5,1,-14.5,45.9,23.53333333,-3.18
MNQ DEC25,20s,20,5901,2025-10-27 10:27:20,25844.75,25845.75,25830.5,25834,1358,15.25,10.75,1,3.5,-1,-59.05,24.25,46.96666667,25.92
MNQ DEC25,1s,1,4040,2025-10-27 10:27:21,25834,25834.75,25834,25834,23,0.75,0,0.75,0,0,,,,
MNQ DEC25,1s,1,4041,2025-10-27 10:27:22,25834,25835.5,25834,25834.75,40,1.5,0.75,0.75,0,1,,,,
MNQ DEC25,1s,1,4042,2025-10-27 10:27:23,25834.75,25836.25,25834,25834.25,98,2.25,0.5,1.5,0.25,-1,,,,
MNQ DEC25,1s,1,4043,2025-10-27 10:27:24,25834.5,25836,25834,25834.75,41,2,0.25,1.25,0.5,1,,,,
MNQ DEC25,1s,1,4044,2025-10-27 10:27:25,25834.5,25835,25833.75,25834.25,21,1.25,0.25,0.5,0.5,-1,,,,
MNQ DEC25,1s,1,4045,2025-10-27 10:27:26,25834.25,25834.5,25833.5,25833.5,9,1,0.75,0.25,0,-1,,,,
MNQ DEC25,1s,1,4046,2025-10-27 10:27:27,25834.25,25835,25833.75,25834.25,10,1.25,0,0.75,0.5,0,,,,
MNQ DEC25,1s,1,4047,2025-10-27 10:27:28,25834.25,25835.5,25833.75,25835.5,43,1.75,1.25,0,0.5,1,,,,
MNQ DEC25,1s,1,4048,2025-10-27 10:27:29,25835.25,25835.5,25834,25835.5,23,1.5,0.25,0,1.25,1,,,,
MNQ DEC25,1s,1,4049,2025-10-27 10:27:30,25835.75,25838,25835.75,25837.75,77,2.25,2,0.25,0,1,,,,
MNQ DEC25,10s,10,5804,2025-10-27 10:27:30,25834,25838,25833.5,25837.75,385,4.5,3.75,0.25,0.5,1,24.85,39.35,42.3,20.79
MNQ DEC25,1s,1,4050,2025-10-27 10:27:31,25837.75,25839.5,25837,25838,72,2.5,0.25,1.5,0.75,1,,,,
MNQ DEC25,1s,1,4051,2025-10-27 10:27:32,25838.25,25838.5,25837,25837,61,1.5,1.25,0.25,0,-1,,,,
MNQ DEC25,1s,1,4052,2025-10-27 10:27:33,25837.75,25838.75,25837.25,25837.75,41,1.5,0,1,0.5,0,,,,
MNQ DEC25,1s,1,4053,2025-10-27 10:27:34,25838.25,25838.25,25836.75,25837.5,20,1.5,0.75,0,0.75,-1,,,,
MNQ DEC25,1s,1,4054,2025-10-27 10:27:35,25837.75,25837.75,25837,25837,10,0.75,0.75,0,0,-1,,,,
MNQ DEC25,1s,1,4055,2025-10-27 10:27:36,25837,25839.75,25837,25838.75,31,2.75,1.75,1,0,1,,,,
MNQ DEC25,1s,1,4056,2025-10-27 10:27:37,25839,25840,25838.5,25840,21,1.5,1,0,0.5,1,,,,
MNQ DEC25,1s,1,4057,2025-10-27 10:27:38,25840,25841,25840,25840,52,1,0,1,0,0,,,,
MNQ DEC25,1s,1,4058,2025-10-27 10:27:39,25839.5,25840.25,25839.25,25839.75,38,1,0.25,0.5,0.25,1,,,,
MNQ DEC25,1s,1,4059,2025-10-27 10:27:40,25839,25839.5,25838.25,25839.5,28,1.25,0.5,0,0.75,1,,,,
MNQ DEC25,10s,10,5805,2025-10-27 10:27:40,25837.75,25841,25836.75,25839.5,374,4.25,1.75,1.5,1,1,48.05,23.2,36.15,26.63
MNQ DEC25,20s,20,5902,2025-10-27 10:27:40,25834,25841,25833.5,25839.5,759,7.5,5.5,1.5,0.5,1,-51.3,7.75,20.05,20.35
MNQ DEC25,1s,1,4060,2025-10-27 10:27:41,25839,25839.75,25839,25839.5,18,0.75,0.5,0.25,0,1,,,,
MNQ DEC25,1s,1,4061,2025-10-27 10:27:42,25839.75,25839.75,25838.5,25838.5,18,1.25,1.25,0,0,-1,,,,
MNQ DEC25,1s,1,4062,2025-10-27 10:27:43,25838.75,25839,25837.5,25837.75,25,1.5,1,0.25,0.25,-1,,,,
MNQ DEC25,1s,1,4063,2025-10-27 10:27:44,25837.75,25838.25,25837.75,25838.25,7,0.5,0.5,0,0,1,,,,
MNQ DEC25,1s,1,4064,2025-10-27 10:27:45,25838.5,25840.25,25837.25,25840,39,3,1.5,0.25,1.25,1,,,,
MNQ DEC25,1s,1,4065,2025-10-27 10:27:46,25840.25,25841.5,25840,25840.5,16,1.5,0.25,1,0.25,1,,,,
MNQ DEC25,1s,1,4066,2025-10-27 10:27:47,25840.25,25840.5,25838,25838.75,26,2.5,1.5,0.25,0.75,-1,,,,
MNQ DEC25,1s,1,4067,2025-10-27 10:27:48,25838,25840.25,25837.75,25840,22,2.5,2,0.25,0.25,1,,,,
MNQ DEC25,1s,1,4068,2025-10-27 10:27:49,25839.25,25840,25838.25,25838.25,9,1.75,1,0.75,0,-1,,,,
MNQ DEC25,1s,1,4069,2025-10-27 10:27:50,25838.25,25838.75,25838,25838,14,0.75,0.25,0.5,0,-1,,,,
MNQ DEC25,10s,10,5806,2025-10-27 10:27:50,25839,25841.5,25837.25,25838,194,4.25,1,2.5,0.75,-1,39.35,-8.7,17.95,28.28
MNQ DEC25,1s,1,4070,2025-10-27 10:27:51,25838.25,25838.5,25838,25838.25,12,0.5,0,0.25,0.25,0,,,,
MNQ DEC25,1s,1,4071,2025-10-27 10:27:52,25838.25,25838.5,25838.25,25838.5,5,0.25,0.25,0,0,1,,,,
MNQ DEC25,1s,1,4072,2025-10-27 10:27:53,25838.5,25838.75,25838.5,25838.75,10,0.25,0.25,0,0,1,,,,
MNQ DEC25,1s,1,4073,2025-10-27 10:27:54,25838.5,25840.5,25838.5,25840.5,31,2,2,0,0,1,,,,
MNQ DEC25,1s,1,4074,2025-10-27 10:27:55,25840.5,25841,25839.25,25839.25,29,1.75,1.25,0.5,0,-1,,,,
MNQ DEC25,1s,1,4075,2025-10-27 10:27:56,25839.5,25840.5,25839.25,25839.25,18,1.25,0.25,1,0,-1,,,,
MNQ DEC25,1s,1,4076,2025-10-27 10:27:57,25839.5,25839.5,25839,25839,5,0.5,0.5,0,0,-1,,,,
MNQ DEC25,1s,1,4077,2025-10-27 10:27:58,25839.25,25840,25839.25,25840,3,0.75,0.75,0,0,1,,,,
MNQ DEC25,1s,1,4078,2025-10-27 10:27:59,25839.5,25839.5,25836.5,25836.75,58,3,2.75,0,0.25,-1,,,,
MNQ DEC25,1s,1,4079,2025-10-27 10:28:00,25836.5,25837.75,25836.25,25837.5,45,1.5,1,0.25,0.25,1,,,,
MNQ DEC25,10s,10,5807,2025-10-27 10:28:00,25838.25,25841,25836.25,25837.5,216,4.75,0.75,2.75,1.25,-1,-36.25,-75.6,-20.36666667,4.83
MNQ DEC25,20s,20,5903,2025-10-27 10:28:00,25839,25841.5,25836.25,25837.5,410,5.25,1.5,2.5,1.25,-1,-78.2,-26.9,1.7,24.35
MNQ DEC25,1s,1,4080,2025-10-27 10:28:01,25837,25837.75,25836,25837.25,43,1.75,0.25,0.5,1,1,,,,
MNQ DEC25,1s,1,4081,2025-10-27 10:28:02,25837,25837.75,25837,25837.5,7,0.75,0.5,0.25,0,1,,,,
MNQ DEC25,1s,1,4082,2025-10-27 10:28:03,25838,25839.75,25838,25839.75,26,1.75,1.75,0,0,1,,,,
MNQ DEC25,1s,1,4083,2025-10-27 10:28:04,25840,25840.5,25840,25840,11,0.5,0,0.5,0,0,,,,
MNQ DEC25,1s,1,4084,2025-10-27 10:28:05,25840,25841.5,25840,25841.5,23,1.5,1.5,0,0,1,,,,
MNQ DEC25,1s,1,4085,2025-10-27 10:28:06,25841.5,25843.5,25840.75,25843,92,2.75,1.5,0.5,0.75,1,,,,
MNQ DEC25,1s,1,4086,2025-10-27 10:28:07,25843,25847.5,25843,25846.75,276,4.5,3.75,0.75,0,1,,,,
MNQ DEC25,1s,1,4087,2025-10-27 10:28:08,25846.5,25849.75,25846.5,25849.5,306,3.25,3,0.25,0,1,,,,
MNQ DEC25,1s,1,4088,2025-10-27 10:28:09,25849.75,25849.75,25847,25848.5,107,2.75,1.25,0,1.5,-1,,,,
MNQ DEC25,1s,1,4089,2025-10-27 10:28:10,25848,25848.75,25847.75,25848,59,1,0,0.75,0.25,0,,,,
MNQ DEC25,10s,10,5808,2025-10-27 10:28:10,25837,25849.75,25836,25848,950,13.75,11,1.75,1,1,-19.6,16.65,-22.55,-1.02
MNQ DEC25,1s,1,4090,2025-10-27 10:28:11,25847.75,25849,25847,25848,121,2,0.25,1,0.75,1,,,,
MNQ DEC25,1s,1,4091,2025-10-27 10:28:12,25847.75,25848.25,25847,25847.5,33,1.25,0.25,0.5,0.5,-1,,,,
MNQ DEC25,1s,1,4092,2025-10-27 10:28:13,25847.25,25847.25,25845.75,25846,49,1.5,1.25,0,0.25,-1,,,,
MNQ DEC25,1s,1,4093,2025-10-27 10:28:14,25846.5,25846.5,25844.25,25845.25,43,2.25,1.25,0,1,-1,,,,
MNQ DEC25,1s,1,4094,2025-10-27 10:28:15,25845.25,25846,25844.5,25846,30,1.5,0.75,0,0.75,1,,,,
MNQ DEC25,1s,1,4095,2025-10-27 10:28:16,25846.5,25847.5,25846,25847.5,38,1.5,1,0,0.5,1,,,,
MNQ DEC25,1s,1,4096,2025-10-27 10:28:17,25847,25847.75,25846.25,25847.75,47,1.5,0.75,0,0.75,1,,,,
MNQ DEC25,1s,1,4097,2025-10-27 10:28:18,25848,25850,25848,25850,121,2,2,0,0,1,,,,
MNQ DEC25,1s,1,4098,2025-10-27 10:28:19,25849.75,25850,25849.25,25849.5,71,0.75,0.25,0.25,0.25,-1,,,,
MNQ DEC25,1s,1,4099,2025-10-27 10:28:20,25849.75,25849.75,25848,25849,37,1.75,0.75,0,1,-1,,,,
MNQ DEC25,10s,10,5809,2025-10-27 10:28:20,25847.75,25850,25844.25,25849,590,5.75,1.25,1,3.5,1,4.25,23.85,-11.7,-4.12
MNQ DEC25,20s,20,5904,2025-10-27 10:28:20,25837,25850,25836,25849,1540,14,12,1,1,1,69.5,147.7,42.85,36.19
MNQ DEC25,1s,1,4100,2025-10-27 10:28:21,25849,25850,25849,25849.75,50,1,0.75,0.25,0,1,,,,
MNQ DEC25,1s,1,4101,2025-10-27 10:28:22,25849.75,25851.75,25849.25,25851.25,175,2.5,1.5,0.5,0.5,1,,,,
MNQ DEC25,1s,1,4102,2025-10-27 10:28:23,25851.5,25853.5,25851,25853,217,2.5,1.5,0.5,0.5,1,,,,
MNQ DEC25,1s,1,4103,2025-10-27 10:28:24,25853.25,25855.75,25852.5,25855.75,279,3.25,2.5,0,0.75,1,,,,
MNQ DEC25,1s,1,4104,2025-10-27 10:28:25,25855.75,25857.75,25855.5,25856.5,290,2.25,0.75,1.25,0.25,1,,,,
MNQ DEC25,1s,1,4105,2025-10-27 10:28:26,25856.25,25857.5,25855.25,25855.5,120,2.25,0.75,1.25,0.25,-1,,,,
MNQ DEC25,1s,1,4106,2025-10-27 10:28:27,25855,25856.75,25854.5,25855.75,101,2.25,0.75,1,0.5,1,,,,
MNQ DEC25,1s,1,4107,2025-10-27 10:28:28,25856.25,25856.75,25855.5,25856.75,82,1.25,0.5,0,0.75,1,,,,
MNQ DEC25,1s,1,4108,2025-10-27 10:28:29,25856.75,25857.75,25856,25857.25,92,1.75,0.5,0.5,0.75,1,,,,
MNQ DEC25,1s,1,4109,2025-10-27 10:28:30,25857,25858.25,25856.5,25858,101,1.75,1,0.25,0.5,1,,,,
MNQ DEC25,10s,10,5810,2025-10-27 10:28:30,25849,25858.25,25849,25858,1507,9.25,9,0.25,0,1,180.75,176.5,72.33333333,26.54
MNQ DEC25,1s,1,4110,2025-10-27 10:28:31,25857.5,25857.75,25856,25856.5,125,1.75,1,0.25,0.5,-1,,,,
MNQ DEC25,1s,1,4111,2025-10-27 10:28:32,25856.5,25857.25,25856,25856.5,86,1.25,0,0.75,0.5,0,,,,
MNQ DEC25,1s,1,4112,2025-10-27 10:28:33,25857,25857.5,25856,25857.25,81,1.5,0.25,0.25,1,1,,,,
MNQ DEC25,1s,1,4113,2025-10-27 10:28:34,25857.75,25861,25857.75,25859.75,349,3.25,2,1.25,0,1,,,,
MNQ DEC25,1s,1,4114,2025-10-27 10:28:35,25860,25861.5,25859.75,25861.25,175,1.75,1.25,0.25,0.25,1,,,,
MNQ DEC25,1s,1,4115,2025-10-27 10:28:36,25861.25,25862.25,25859.75,25860.5,214,2.5,0.75,1,0.75,-1,,,,
MNQ DEC25,1s,1,4116,2025-10-27 10:28:37,25860,25860.75,25859.25,25859.5,60,1.5,0.5,0.75,0.25,-1,,,,
MNQ DEC25,1s,1,4117,2025-10-27 10:28:38,25860,25861.25,25859.5,25860.5,79,1.75,0.5,0.75,0.5,1,,,,
MNQ DEC25,1s,1,4118,2025-10-27 10:28:39,25860.5,25862,25860.5,25860.5,91,1.5,0,1.5,0,0,,,,
MNQ DEC25,1s,1,4119,2025-10-27 10:28:40,25860.75,25862.5,25860.75,25862.5,62,1.75,1.75,0,0,1,,,,
MNQ DEC25,10s,10,5811,2025-10-27 10:28:40,25857.5,25862.5,25856,25862.5,1322,6.5,5,0,1.5,1,374.7,193.95,131.43333333,67.07
MNQ DEC25,20s,20,5905,2025-10-27 10:28:40,25849,25862.5,25849,25862.5,2829,13.5,13.5,0,0,1,432.55,363.05,161.28333333,103.17
MNQ DEC25,1s,1,4120,2025-10-27 10:28:41,25862.25,25863,25861.5,25862.5,126,1.5,0.25,0.5,0.75,1,,,,
MNQ DEC25,1s,1,4121,2025-10-27 10:28:42,25862.5,25862.75,25861.25,25861.75,67,1.5,0.75,0.25,0.5,-1,,,,
MNQ DEC25,1s,1,4122,2025-10-27 10:28:43,25862,25862,25861,25861.5,36,1,0.5,0,0.5,-1,,,,
MNQ DEC25,1s,1,4123,2025-10-27 10:28:44,25861.5,25861.75,25860.5,25861.75,75,1.25,0.25,0,1,1,,,,
MNQ DEC25,1s,1,4124,2025-10-27 10:28:45,25861.75,25862.75,25861.5,25862.25,46,1.25,0.5,0.5,0.25,1,,,,
MNQ DEC25,1s,1,4125,2025-10-27 10:28:46,25862,25863,25862,25862.5,72,1,0.5,0.5,0,1,,,,
MNQ DEC25,1s,1,4126,2025-10-27 10:28:47,25862,25862.75,25861.5,25862.25,73,1.25,0.25,0.5,0.5,1,,,,
MNQ DEC25,1s,1,4127,2025-10-27 10:28:48,25862.25,25862.25,25860.75,25862,60,1.5,0.25,0,1.25,-1,,,,
MNQ DEC25,1s,1,4128,2025-10-27 10:28:49,25862,25863,25861.75,25862.5,47,1.25,0.5,0.5,0.25,1,,,,
MNQ DEC25,1s,1,4129,2025-10-27 10:28:50,25862.25,25862.75,25861.5,25862,30,1.25,0.25,0.5,0.5,-1,,,,
MNQ DEC25,10s,10,5812,2025-10-27 10:28:50,25862.25,25863,25860.5,25862,632,2.5,0.25,0.75,1.5,-1,471.25,96.55,155.66666667,101.5
MNQ DEC25,1s,1,4130,2025-10-27 10:28:51,25862,25862,25860.5,25861.5,36,1.5,0.5,0,1,-1,,,,
MNQ DEC25,1s,1,4131,2025-10-27 10:28:52,25861.5,25862.25,25860.75,25860.75,65,1.5,0.75,0.75,0,-1,,,,
MNQ DEC25,1s,1,4132,2025-10-27 10:28:53,25860.75,25861,25860,25860.5,45,1,0.25,0.25,0.5,-1,,,,
MNQ DEC25,1s,1,4133,2025-10-27 10:28:54,25860.5,25860.75,25860,25860,50,0.75,0.5,0.25,0,-1,,,,
MNQ DEC25,1s,1,4134,2025-10-27 10:28:55,25860,25861.25,25860,25860.75,55,1.25,0.75,0.5,0,1,,,,
MNQ DEC25,1s,1,4135,2025-10-27 10:28:56,25861,25861.5,25860.25,25860.25,45,1.25,0.75,0.5,0,-1,,,,
MNQ DEC25,1s,1,4136,2025-10-27 10:28:57,25861,25861.5,25860.25,25861.5,61,1.25,0.5,0,0.75,1,,,,
MNQ DEC25,1s,1,4137,2025-10-27 10:28:58,25861.25,25861.75,25860.5,25860.75,44,1.25,0.5,0.5,0.25,-1,,,,
MNQ DEC25,1s,1,4138,2025-10-27 10:28:59,25860.75,25861,25860.5,25860.5,22,0.5,0.25,0.25,0,-1,,,,
MNQ DEC25,1s,1,4139,2025-10-27 10:29:00,25860.5,25861.75,25860,25861.75,93,1.75,1.25,0,0.5,1,,,,
MNQ DEC25,10s,10,5813,2025-10-27 10:29:00,25862,25862.25,25860,25861.75,516,2.25,0.25,0.25,1.75,-1,374.65,-96.6,64.63333333,78.85
MNQ DEC25,20s,20,5906,2025-10-27 10:29:00,25862.25,25863,25860,25861.75,1148,3,0.5,0.75,1.75,-1,381.15,-51.4,153.11666667,88.04
MNQ DEC25,1s,1,4140,2025-10-27 10:29:01,25861.25,25863.5,25861.25,25863,164,2.25,1.75,0.5,0,1,,,,
MNQ DEC25,1s,1,4141,2025-10-27 10:29:02,25863.5,25864.5,25862.25,25863,111,2.25,0.5,1,0.75,-1,,,,
MNQ DEC25,1s,1,4142,2025-10-27 10:29:03,25863,25864.75,25862,25864.5,132,2.75,1.5,0.25,1,1,,,,
MNQ DEC25,1s,1,4143,2025-10-27 10:29:04,25864,25866,25863.5,25865.5,158,2.5,1.5,0.5,0.5,1,,,,
MNQ DEC25,1s,1,4144,2025-10-27 10:29:05,25865.5,25866.5,25865,25865.5,114,1.5,0,1,0.5,0,,,,
MNQ DEC25,1s,1,4145,2025-10-27 10:29:06,25865.25,25866,25864.75,25865,91,1.25,0.25,0.75,0.25,-1,,,,
MNQ DEC25,1s,1,4146,2025-10-27 10:29:07,25865,25865.25,25864.25,25865,70,1,0,0.25,0.75,0,,,,
MNQ DEC25,1s,1,4147,2025-10-27 10:29:08,25865,25866.75,25864.5,25866.5,70,2.25,1.5,0.25,0.5,1,,,,
MNQ DEC25,1s,1,4148,2025-10-27 10:29:09,25866,25866.5,25865,25865.5,67,1.5,0.5,0.5,0.5,-1,,,,
MNQ DEC25,1s,1,4149,2025-10-27 10:29:10,25865.75,25869.25,25865.75,25867.5,266,3.5,1.75,1.75,0,1,,,,
MNQ DEC25,10s,10,5814,2025-10-27 10:29:10,25861.25,25869.25,25861.25,25867.5,1243,8,6.25,1.75,0,1,474.15,99.5,33.15,93.98
MNQ DEC25,1s,1,4150,2025-10-27 10:29:11,25867.5,25867.5,25866.5,25867,58,1,0.5,0,0.5,-1,,,,
MNQ DEC25,1s,1,4151,2025-10-27 10:29:12,25866.75,25867.5,25866.25,25867,70,1.25,0.25,0.5,0.5,1,,,,
MNQ DEC25,1s,1,4152,2025-10-27 10:29:13,25867.5,25867.75,25866.25,25867.5,55,1.5,0,0.25,1.25,0,,,,
MNQ DEC25,1s,1,4153,2025-10-27 10:29:14,25867.25,25867.5,25864.5,25865,84,3,2.25,0.25,0.5,-1,,,,
MNQ DEC25,1s,1,4154,2025-10-27 10:29:15,25865,25865,25863,25864.25,89,2,0.75,0,1.25,-1,,,,
MNQ DEC25,1s,1,4155,2025-10-27 10:29:16,25864.5,25865.5,25864,25865.5,71,1.5,1,0,0.5,1,,,,
MNQ DEC25,1s,1,4156,2025-10-27 10:29:17,25865.5,25866.25,25864.5,25864.5,51,1.75,1,0.75,0,-1,,,,
MNQ DEC25,1s,1,4157,2025-10-27 10:29:18,25865,25865.5,25864,25864,65,1.5,1,0.5,0,-1,,,,
MNQ DEC25,1s,1,4158,2025-10-27 10:29:19,25864.25,25864.75,25862.75,25864,37,2,0.25,0.5,1.25,-1,,,,
MNQ DEC25,1s,1,4159,2025-10-27 10:29:20,25864,25864.25,25863.5,25864,36,0.75,0,0.25,0.5,0,,,,
MNQ DEC25,10s,10,5815,2025-10-27 10:29:20,25867.5,25867.75,25862.75,25864,616,5,3.5,0.25,1.25,-1,282.05,-192.1,-63.06666667,20.26
MNQ DEC25,20s,20,5907,2025-10-27 10:29:20,25861.25,25869.25,25861.25,25864,1859,8,2.75,5.25,0,1,542.3,161.15,157.6,118.72
MNQ DEC25,1s,1,4160,2025-10-27 10:29:21,25864,25865.5,25864,25864.75,48,1.5,0.75,0.75,0,1,,,,
MNQ DEC25,1s,1,4161,2025-10-27 10:29:22,25864.5,25865,25862.75,25863.25,36,2.25,1.25,0.5,0.5,-1,,,,
MNQ DEC25,1s,1,4162,2025-10-27 10:29:23,25863.5,25864,25863,25863.5,46,1,0,0.5,0.5,0,,,,
MNQ DEC25,1s,1,4163,2025-10-27 10:29:24,25863,25863.25,25861.25,25862,88,2,1,0.25,0.75,-1,,,,
MNQ DEC25,1s,1,4164,2025-10-27 10:29:25,25861.75,25863.5,25861.75,25862.5,57,1.75,0.75,1,0,1,,,,
MNQ DEC25,1s,1,4165,2025-10-27 10:29:26,25863,25863,25861.5,25863,33,1.5,0,0,1.5,0,,,,
MNQ DEC25,1s,1,4166,2025-10-27 10:29:27,25863,25863.75,25862,25862,29,1.75,1,0.75,0,-1,,,,
MNQ DEC25,1s,1,4167,2025-10-27 10:29:28,25862,25862.75,25861.75,25862.5,17,1,0.5,0.25,0.25,1,,,,
MNQ DEC25,1s,1,4168,2025-10-27 10:29:29,25863,25864,25861.75,25861.75,150,2.25,1.25,1,0,-1,,,,
MNQ DEC25,1s,1,4169,2025-10-27 10:29:30,25861.75,25863,25861.75,25862.5,14,1.25,0.75,0.5,0,1,,,,
MNQ DEC25,10s,10,5816,2025-10-27 10:29:30,25864,25865.5,25861.25,25862.5,518,4.25,1.5,1.5,1.25,-1,112.15,-169.9,-87.5,-52.51
MNQ DEC25,1s,1,4170,2025-10-27 10:29:31,25862,25865.25,25861.75,25864,86,3.5,2,1.25,0.25,1,,,,
MNQ DEC25,1s,1,4171,2025-10-27 10:29:32,25864.5,25865,25864,25864.25,26,1,0.25,0.5,0.25,-1,,,,
MNQ DEC25,1s,1,4172,2025-10-27 10:29:33,25864,25864.25,25863,25863.75,35,1.25,0.25,0.25,0.75,-1,,,,
MNQ DEC25,1s,1,4173,2025-10-27 10:29:34,25863,25864,25862.75,25863.75,15,1.25,0.75,0.25,0.25,1,,,,
MNQ DEC25,1s,1,4174,2025-10-27 10:29:35,25863.75,25865.75,25863.75,25864.75,33,2,1,1,0,1,,,,
MNQ DEC25,1s,1,4175,2025-10-27 10:29:36,25865.5,25866,25865.25,25865.75,12,0.75,0.25,0.25,0.25,1,,,,
MNQ DEC25,1s,1,4176,2025-10-27 10:29:37,25865.75,25866,25864.25,25864.75,47,1.75,1,0.25,0.5,-1,,,,
MNQ DEC25,1s,1,4177,2025-10-27 10:29:38,25864.5,25865.5,25864.5,25864.5,31,1,0,1,0,0,,,,
MNQ DEC25,1s,1,4178,2025-10-27 10:29:39,25864.5,25867,25864.5,25866.25,37,2.5,1.75,0.75,0,1,,,,
MNQ DEC25,1s,1,4179,2025-10-27 10:29:40,25866.5,25866.5,25865.5,25865.75,29,1,0.75,0,0.25,-1,,,,
MNQ DEC25,10s,10,5817,2025-10-27 10:29:40,25862,25867,25861.75,25865.75,351,5.25,3.75,1.25,0.25,1,55.75,-56.4,-139.46666667,-83.1
MNQ DEC25,20s,20,5908,2025-10-27 10:29:40,25864,25867,25861.25,25865.75,869,5.75,1.75,1.25,2.75,1,636.3,94,67.91666667,142.9
MNQ DEC25,1s,1,4180,2025-10-27 10:29:41,25866,25866.25,25865.25,25866,27,1,0,0.25,0.75,0,,,,
MNQ DEC25,1s,1,4181,2025-10-27 10:29:42,25866.25,25867.75,25866.25,25867,59,1.5,0.75,0.75,0,1,,,,
MNQ DEC25,1s,1,4182,2025-10-27 10:29:43,25867.75,25868,25866.75,25867,38,1.25,0.75,0.25,0.25,-1,,,,
MNQ DEC25,1s,1,4183,2025-10-27 10:29:44,25866.5,25866.75,25866,25866.5,39,0.75,0,0.25,0.5,0,,,,
MNQ DEC25,1s,1,4184,2025-10-27 10:29:45,25866.75,25867,25866,25866.5,14,1,0.25,0.25,0.5,-1,,,,
MNQ DEC25,1s,1,4185,2025-10-27 10:29:46,25866.75,25867.25,25865.25,25866.75,48,2,0,0.5,1.5,0,,,,
MNQ DEC25,1s,1,4186,2025-10-27 10:29:47,25867,25867.75,25866,25866.25,27,1.75,0.75,0.75,0.25,-1,,,,
MNQ DEC25,1s,1,4187,2025-10-27 10:29:48,25866.75,25867,25866,25866,23,1,0.75,0.25,0,-1,,,,
MNQ DEC25,1s,1,4188,2025-10-27 10:29:49,25866,25867.5,25865.75,25867.25,40,1.75,1.25,0.25,0.25,1,,,,
MNQ DEC25,1s,1,4189,2025-10-27 10:29:50,25867.25,25867.5,25865.75,25865.75,27,1.75,1.5,0.25,0,-1,,,,
MNQ DEC25,10s,10,5818,2025-10-27 10:29:50,25866,25868,25865.25,25865.75,342,2.75,0.25,2,0.5,-1,23,-32.75,-86.35,-70.33
MNQ DEC25,1s,1,4190,2025-10-27 10:29:51,25866.5,25866.5,25865.5,25866,31,1,0.5,0,0.5,-1,,,,
MNQ DEC25,1s,1,4191,2025-10-27 10:29:52,25866.25,25866.5,25866,25866,13,0.5,0.25,0.25,0,-1,,,,
MNQ DEC25,1s,1,4192,2025-10-27 10:29:53,25866,25867,25865.75,25866.25,29,1.25,0.25,0.75,0.25,1,,,,
MNQ DEC25,1s,1,4193,2025-10-27 10:29:54,25867,25867.5,25866.25,25866.5,16,1.25,0.5,0.5,0.25,-1,,,,
MNQ DEC25,1s,1,4194,2025-10-27 10:29:55,25866.75,25867.5,25866.25,25867,16,1.25,0.25,0.5,0.5,1,,,,
MNQ DEC25,1s,1,4195,2025-10-27 10:29:56,25866.75,25868.25,25866.5,25868.25,55,1.75,1.5,0,0.25,1,,,,
MNQ DEC25,1s,1,4196,2025-10-27 10:29:57,25868,25869,25867.5,25868.5,61,1.5,0.5,0.5,0.5,1,,,,
MNQ DEC25,1s,1,4197,2025-10-27 10:29:58,25868.5,25868.75,25867.75,25868.5,47,1,0,0.25,0.75,0,,,,
MNQ DEC25,1s,1,4198,2025-10-27 10:29:59,25868.75,25868.75,25867.5,25867.75,62,1.25,1,0,0.25,-1,,,,
MNQ DEC25,1s,1,4199,2025-10-27 10:30:00,25868,25869.5,25868,25868.5,82,1.5,0.5,1,0,1,,,,
MNQ DEC25,10s,10,5819,2025-10-27 10:30:00,25866.5,25869.5,25865.5,25868.5,412,4,2,1,1,1,-155.1,-178.1,-89.08333333,-125.85
MNQ DEC25,20s,20,5909,2025-10-27 10:30:00,25866,25869.5,25865.25,25868.5,754,4.25,2.5,1,0.75,1,494.2,-142.1,37.68333333,84.94
MNQ DEC25,1s,1,4200,2025-10-27 10:30:01,25868.5,25870,25867.25,25868.25,357,2.75,0.25,1.5,1,-1,,,,
MNQ DEC25,1s,1,4201,2025-10-27 10:30:02,25868,25868,25865,25865.25,172,3,2.75,0,0.25,-1,,,,
MNQ DEC25,1s,1,4202,2025-10-27 10:30:03,25865.25,25866,25864.25,25864.75,212,1.75,0.5,0.75,0.5,-1,,,,
MNQ DEC25,1s,1,4203,2025-10-27 10:30:04,25865.5,25866.5,25864.5,25865.25,148,2,0.25,1,0.75,-1,,,,
MNQ DEC25,1s,1,4204,2025-10-27 10:30:05,25865.75,25866,25864.75,25865,56,1.25,0.75,0.25,0.25,-1,,,,
MNQ DEC25,1s,1,4205,2025-10-27 10:30:06,25865,25865,25863.25,25864,81,1.75,1,0,0.75,-1,,,,
MNQ DEC25,1s,1,4206,2025-10-27 10:30:07,25863.75,25864,25863,25863.75,105,1,0,0.25,0.75,0,,,,
MNQ DEC25,1s,1,4207,2025-10-27 10:30:08,25863.25,25863.75,25861.75,25862.5,64,2,0.75,0.5,0.75,-1,,,,
MNQ DEC25,1s,1,4208,2025-10-27 10:30:09,25862.5,25862.5,25861,25861,91,1.5,1.5,0,0,-1,,,,
MNQ DEC25,1s,1,4209,2025-10-27 10:30:10,25860.75,25861.75,25860.25,25860.75,69,1.5,0,1,0.5,0,,,,
MNQ DEC25,10s,10,5820,2025-10-27 10:30:10,25868.5,25870,25860.25,25860.75,1355,9.75,7.75,1.5,0.5,-1,-61.9,93.2,-39.21666667,-68.79
MNQ DEC25,1s,1,4210,2025-10-27 10:30:11,25860.75,25861,25858.5,25859.5,161,2.5,1.25,0.25,1,-1,,,,
MNQ DEC25,1s,1,4211,2025-10-27 10:30:12,25859.25,25860.5,25858,25859,74,2.5,0.25,1.25,1,-1,,,,
MNQ DEC25,1s,1,4212,2025-10-27 10:30:13,25858.75,25859.25,25858,25858.5,64,1.25,0.25,0.5,0.5,-1,,,,
MNQ DEC25,1s,1,4213,2025-10-27 10:30:14,25858.5,25860.75,25858,25860,61,2.75,1.5,0.75,0.5,1,,,,
MNQ DEC25,1s,1,4214,2025-10-27 10:30:15,25860.75,25863.75,25859.5,25863.5,102,4.25,2.75,0.25,1.25,1,,,,
MNQ DEC25,1s,1,4215,2025-10-27 10:30:16,25863.25,25863.25,25861.75,25863,66,1.5,0.25,0,1.25,-1,,,,
MNQ DEC25,1s,1,4216,2025-10-27 10:30:17,25863,25864,25862.5,25863,57,1.5,0,1,0.5,0,,,,
MNQ DEC25,1s,1,4217,2025-10-27 10:30:18,25863.25,25863.75,25862.5,25862.75,26,1.25,0.5,0.5,0.25,-1,,,,
MNQ DEC25,1s,1,4218,2025-10-27 10:30:19,25863,25866,25863,25865.75,125,3,2.75,0.25,0,1,,,,
MNQ DEC25,1s,1,4219,2025-10-27 10:30:20,25865.25,25866.75,25865.25,25865.75,47,1.5,0.5,1,0,1,,,,
MNQ DEC25,10s,10,5821,2025-10-27 10:30:20,25860.75,25866.75,25858,25865.75,783,8.75,5,1,2.75,1,-34.6,27.3,-19.2,-29.35
MNQ DEC25,20s,20,5910,2025-10-27 10:30:20,25868.5,25870,25858,25865.75,2138,12,2.75,1.5,7.75,-1,281.15,-213.05,-87.05,-30.28
MNQ DEC25,1s,1,4220,2025-10-27 10:30:21,25866,25867.5,25865.5,25867,53,2,1,0.5,0.5,1,,,,
MNQ DEC25,1s,1,4221,2025-10-27 10:30:22,25866.75,25867.5,25866.25,25866.25,42,1.25,0.5,0.75,0,-1,,,,
MNQ DEC25,1s,1,4222,2025-10-27 10:30:23,25866,25866.75,25865.75,25865.75,63,1,0.25,0.75,0,-1,,,,
MNQ DEC25,1s,1,4223,2025-10-27 10:30:24,25866,25866.25,25863.75,25864.25,51,2.5,1.75,0.25,0.5,-1,,,,
MNQ DEC25,1s,1,4224,2025-10-27 10:30:25,25864.25,25866.75,25864,25865.75,55,2.75,1.5,1,0.25,1,,,,
MNQ DEC25,1s,1,4225,2025-10-27 10:30:26,25865.5,25865.75,25863,25864.25,116,2.75,1.25,0.25,1.25,-1,,,,
MNQ DEC25,1s,1,4226,2025-10-27 10:30:27,25863.5,25864.75,25862.5,25863.5,46,2.25,0,1.25,1,0,,,,
MNQ DEC25,1s,1,4227,2025-10-27 10:30:28,25863.5,25864.75,25863.5,25864.25,20,1.25,0.75,0.5,0,1,,,,
MNQ DEC25,1s,1,4228,2025-10-27 10:30:29,25863.75,25864,25862.75,25863.5,31,1.25,0.25,0.25,0.75,-1,,,,
MNQ DEC25,1s,1,4229,2025-10-27 10:30:30,25863.25,25864.25,25863,25864.25,33,1.25,1,0,0.25,1,,,,
MNQ DEC25,10s,10,5822,2025-10-27 10:30:30,25866,25867.5,25862.5,25864.25,510,5,1.75,1.5,1.75,-1,5.45,40.05,53.51666667,-10.06
MNQ DEC25,1s,1,4230,2025-10-27 10:30:31,25863.75,25864,25863,25863.25,20,1,0.5,0.25,0.25,-1,,,,
MNQ DEC25,1s,1,4231,2025-10-27 10:30:32,25864,25864.25,25863.25,25863.25,20,1,0.75,0.25,0,-1,,,,
MNQ DEC25,1s,1,4232,2025-10-27 10:30:33,25862.75,25866.25,25862.75,25864.75,141,3.5,2,1.5,0,1,,,,
MNQ DEC25,1s,1,4233,2025-10-27 10:30:34,25864.5,25865.75,25864.5,25865.25,50,1.25,0.75,0.5,0,1,,,,
MNQ DEC25,1s,1,4234,2025-10-27 10:30:35,25865.5,25866.25,25865,25866,42,1.25,0.5,0.25,0.5,1,,,,
MNQ DEC25,1s,1,4235,2025-10-27 10:30:36,25866.25,25866.5,25863.75,25864.5,45,2.75,1.75,0.25,0.75,-1,,,,
MNQ DEC25,1s,1,4236,2025-10-27 10:30:37,25864.5,25864.5,25863,25864,42,1.5,0.5,0,1,-1,,,,
MNQ DEC25,1s,1,4237,2025-10-27 10:30:38,25863.75,25865,25863,25864.25,45,2,0.5,0.75,0.75,1,,,,
MNQ DEC25,1s,1,4238,2025-10-27 10:30:39,25864.75,25865,25864.5,25864.75,13,0.5,0,0.25,0.25,0,,,,
MNQ DEC25,1s,1,4239,2025-10-27 10:30:40,25864.5,25866.25,25864.25,25866.25,40,2,1.75,0,0.25,1,,,,
MNQ DEC25,10s,10,5823,2025-10-27 10:30:40,25863.75,25866.5,25862.75,25866.25,458,3.75,2.5,0.25,1,1,39.9,34.45,33.93333333,3.38
MNQ DEC25,20s,20,5911,2025-10-27 10:30:40,25866,25867.5,25862.5,25866.25,968,5,0.25,1.25,3.5,1,226.6,-54.55,-136.56666667,-30.91
MNQ DEC25,1s,1,4240,2025-10-27 10:30:41,25866.5,25867.25,25866,25866,31,1.25,0.5,0.75,0,-1,,,,
MNQ DEC25,1s,1,4241,2025-10-27 10:30:42,25866.25,25867.25,25866.25,25867.25,23,1,1,0,0,1,,,,
MNQ DEC25,1s,1,4242,2025-10-27 10:30:43,25867.5,25868.25,25867,25867.5,28,1.25,0,0.75,0.5,0,,,,
MNQ DEC25,1s,1,4243,2025-10-27 10:30:44,25868,25868.5,25867,25867.25,45,1.5,0.75,0.5,0.25,-1,,,,
MNQ DEC25,1s,1,4244,2025-10-27 10:30:45,25867.25,25868.5,25866.75,25867.75,32,1.75,0.5,0.75,0.5,1,,,,
MNQ DEC25,1s,1,4245,2025-10-27 10:30:46,25868.25,25868.5,25867.75,25868,12,0.75,0.25,0.25,0.25,-1,,,,
MNQ DEC25,1s,1,4246,2025-10-27 10:30:47,25868.25,25868.5,25868,25868.25,15,0.5,0,0.25,0.25,0,,,,
MNQ DEC25,1s,1,4247,2025-10-27 10:30:48,25868.5,25869.75,25868.25,25869.75,92,1.5,1.25,0,0.25,1,,,,
MNQ DEC25,1s,1,4248,2025-10-27 10:30:49,25869.5,25869.5,25867.25,25867.75,71,2.25,1.75,0,0.5,-1,,,,
MNQ DEC25,1s,1,4249,2025-10-27 10:30:50,25867.5,25868.75,25867,25867.75,56,1.75,0.25,1,0.5,1,,,,
MNQ DEC25,10s,10,5824,2025-10-27 10:30:50,25866.5,25869.75,25866,25867.75,405,3.75,1.25,2,0.5,1,37.5,-2.4,24.03333333,38.52
MNQ DEC25,1s,1,4250,2025-10-27 10:30:51,25867.75,25868,25865.5,25866,38,2.5,1.75,0.25,0.5,-1,,,,
MNQ DEC25,1s,1,4251,2025-10-27 10:30:52,25866.5,25867.5,25866.25,25867,19,1.25,0.5,0.5,0.25,1,,,,
MNQ DEC25,1s,1,4252,2025-10-27 10:30:53,25867.5,25868.25,25867.5,25867.75,15,0.75,0.25,0.5,0,1,,,,
MNQ DEC25,1s,1,4253,2025-10-27 10:30:54,25867.25,25868.25,25866.75,25867.5,57,1.5,0.25,0.75,0.5,1,,,,
MNQ DEC25,1s,1,4254,2025-10-27 10:30:55,25867.5,25867.75,25866.75,25867.75,25,1,0.25,0,0.75,1,,,,
MNQ DEC25,1s,1,4255,2025-10-27 10:30:56,25867.75,25870.5,25867.75,25869,144,2.75,1.25,1.5,0,1,,,,
MNQ DEC25,1s,1,4256,2025-10-27 10:30:57,25869,25870.25,25869,25870.25,45,1.25,1.25,0,0,1,,,,
MNQ DEC25,1s,1,4257,2025-10-27 10:30:58,25869.75,25870.5,25869,25870.5,58,1.5,0.75,0,0.75,1,,,,
MNQ DEC25,1s,1,4258,2025-10-27 10:30:59,25870,25871,25869.25,25869.25,64,1.75,0.75,1,0,-1,,,,
MNQ DEC25,1s,1,4259,2025-10-27 10:31:00,25869.5,25870.75,25869,25870.75,80,1.75,1.25,0,0.5,1,,,,
MNQ DEC25,10s,10,5825,2025-10-27 10:31:00,25867.75,25871,25865.5,25870.75,545,5.5,3,0.25,2.25,1,-133.05,-170.55,-46.16666667,-14.23
MNQ DEC25,20s,20,5912,2025-10-27 10:31:00,25866.5,25871,25865.5,25870.75,950,5.5,4.25,0.25,1,1,33.4,-193.2,-153.6,-101.78
MNQ DEC25,1s,1,4260,2025-10-27 10:31:01,25870.75,25871.5,25869.75,25870.25,130,1.75,0.5,0.75,0.5,-1,,,,
MNQ DEC25,1s,1,4261,2025-10-27 10:31:02,25870,25870,25869,25869.25,52,1,0.75,0,0.25,-1,,,,
MNQ DEC25,1s,1,4262,2025-10-27 10:31:03,25868.75,25869.5,25867.5,25868.25,58,2,0.5,0.75,0.75,-1,,,,
MNQ DEC25,1s,1,4263,2025-10-27 10:31:04,25868.5,25868.75,25867,25867.75,70,1.75,0.75,0.25,0.75,-1,,,,
MNQ DEC25,1s,1,4264,2025-10-27 10:31:05,25867.75,25868.25,25867,25868.25,45,1.25,0.5,0,0.75,1,,,,
MNQ DEC25,1s,1,4265,2025-10-27 10:31:06,25868.5,25868.5,25866.5,25867.75,35,2,0.75,0,1.25,-1,,,,
MNQ DEC25,1s,1,4266,2025-10-27 10:31:07,25868,25868,25866.75,25868,35,1.25,0,0,1.25,0,,,,
MNQ DEC25,1s,1,4267,2025-10-27 10:31:08,25868,25868,25867,25867.5,23,1,0.5,0,0.5,-1,,,,
MNQ DEC25,1s,1,4268,2025-10-27 10:31:09,25867,25868.25,25867,25867,34,1.25,0,1.25,0,0,,,,
MNQ DEC25,1s,1,4269,2025-10-27 10:31:10,25867,25869,25867,25868.5,35,2,1.5,0.5,0,1,,,,
MNQ DEC25,10s,10,5826,2025-10-27 10:31:10,25870.75,25871.5,25866.5,25868.5,517,5,2.25,0.75,2,-1,-202.4,-69.35,-80.76666667,-33.56
MNQ DEC25,1s,1,4270,2025-10-27 10:31:11,25868.5,25869.25,25868.5,25869,19,0.75,0.5,0.25,0,1,,,,
MNQ DEC25,1s,1,4271,2025-10-27 10:31:12,25868.75,25869.5,25866.75,25866.75,97,2.75,2,0.75,0,-1,,,,
MNQ DEC25,1s,1,4272,2025-10-27 10:31:13,25867.25,25868,25865.5,25865.5,37,2.5,1.75,0.75,0,-1,,,,
MNQ DEC25,1s,1,4273,2025-10-27 10:31:14,25866,25867.5,25866,25867.25,51,1.5,1.25,0.25,0,1,,,,
MNQ DEC25,1s,1,4274,2025-10-27 10:31:15,25867.25,25867.5,25866.75,25866.75,36,0.75,0.5,0.25,0,-1,,,,
MNQ DEC25,1s,1,4275,2025-10-27 10:31:16,25867,25868.5,25867,25867.5,27,1.5,0.5,1,0,1,,,,
MNQ DEC25,1s,1,4276,2025-10-27 10:31:17,25867.5,25868,25867,25867.5,22,1,0,0.5,0.5,0,,,,
MNQ DEC25,1s,1,4277,2025-10-27 10:31:18,25867.5,25867.5,25867,25867.25,11,0.5,0.25,0,0.25,-1,,,,
MNQ DEC25,1s,1,4278,2025-10-27 10:31:19,25866.5,25867.5,25866,25866,20,1.5,0.5,1,0,-1,,,,
MNQ DEC25,1s,1,4279,2025-10-27 10:31:20,25865.5,25865.5,25864,25864.75,83,1.5,0.75,0,0.75,-1,,,,
MNQ DEC25,10s,10,5827,2025-10-27 10:31:20,25868.5,25869.5,25864,25864.75,403,5.5,3.75,1,0.75,-1,-233.15,-30.75,-90.21666667,-47.72
MNQ DEC25,20s,20,5913,2025-10-27 10:31:20,25870.75,25871.5,25864,25864.75,920,7.5,6,0.75,0.75,-1,40.6,7.2,-80.18333333,-119.14
MNQ DEC25,1s,1,4280,2025-10-27 10:31:21,25864.5,25865.25,25864,25865,33,1.25,0.5,0.25,0.5,1,,,,
MNQ DEC25,1s,1,4281,2025-10-27 10:31:22,25865,25866.25,25864.5,25865.25,54,1.75,0.25,1,0.5,1,,,,
MNQ DEC25,1s,1,4282,2025-10-27 10:31:23,25864.75,25865,25864.25,25864.75,11,0.75,0,0.25,0.5,0,,,,
MNQ DEC25,1s,1,4283,2025-10-27 10:31:24,25865,25865,25862.25,25862.25,66,2.75,2.75,0,0,-1,,,,
MNQ DEC25,1s,1,4284,2025-10-27 10:31:25,25863,25865.25,25862.25,25865,58,3,2,0.25,0.75,1,,,,
MNQ DEC25,1s,1,4285,2025-10-27 10:31:26,25865,25866,25864.5,25865,19,1.5,0,1,0.5,0,,,,
MNQ DEC25,1s,1,4286,2025-10-27 10:31:27,25865.25,25865.25,25863.5,25863.5,62,1.75,1.75,0,0,-1,,,,
MNQ DEC25,1s,1,4287,2025-10-27 10:31:28,25864.5,25866,25864.5,25866,42,1.5,1.5,0,0,1,,,,
MNQ DEC25,1s,1,4288,2025-10-27 10:31:29,25865.5,25866.5,25865.5,25866.5,28,1,1,0,0,1,,,,
MNQ DEC25,1s,1,4289,2025-10-27 10:31:30,25866.75,25867,25866.25,25866.5,11,0.75,0.25,0.25,0.25,-1,,,,
MNQ DEC25,10s,10,5828,2025-10-27 10:31:30,25864.5,25867,25862.25,25866.5,384,4.75,2,0.5,2.25,1,-219.65,13.5,-28.86666667,-51.91
MNQ DEC25,1s,1,4290,2025-10-27 10:31:31,25867,25867.75,25866.75,25867.75,30,1,0.75,0,0.25,1,,,,
MNQ DEC25,1s,1,4291,2025-10-27 10:31:32,25867.5,25869,25867.5,25869,31,1.5,1.5,0,0,1,,,,
MNQ DEC25,1s,1,4292,2025-10-27 10:31:33,25869.25,25870,25869,25870,35,1,0.75,0,0.25,1,,,,
MNQ DEC25,1s,1,4293,2025-10-27 10:31:34,25870.25,25872.75,25870.25,25872.75,189,2.5,2.5,0,0,1,,,,
MNQ DEC25,1s,1,4294,2025-10-27 10:31:35,25872.75,25873.5,25872,25872.75,105,1.5,0,0.75,0.75,0,,,,
MNQ DEC25,1s,1,4295,2025-10-27 10:31:36,25872.75,25872.75,25871.25,25871.25,104,1.5,1.5,0,0,-1,,,,
MNQ DEC25,1s,1,4296,2025-10-27 10:31:37,25871.5,25871.75,25870.5,25871.5,53,1.25,0,0.25,1,0,,,,
MNQ DEC25,1s,1,4297,2025-10-27 10:31:38,25871.5,25873,25870.75,25872,50,2.25,0.5,1,0.75,1,,,,
MNQ DEC25,1s,1,4298,2025-10-27 10:31:39,25871.25,25872,25870.75,25871.5,46,1.25,0.25,0.5,0.5,1,,,,
MNQ DEC25,1s,1,4299,2025-10-27 10:31:40,25871.75,25872,25871,25871.75,17,1,0,0.25,0.75,0,,,,
MNQ DEC25,10s,10,5829,2025-10-27 10:31:40,25867,25873.5,25866.75,25871.75,660,6.75,4.75,1.75,0.25,1,-172.15,47.5,10.08333333,-41.93
MNQ DEC25,20s,20,5914,2025-10-27 10:31:40,25864.5,25873.5,25862.25,25871.75,1044,11.25,7.25,1.75,2.25,1,69.5,28.9,-52.36666667,-84.94
MNQ DEC25,1s,1,4300,2025-10-27 10:31:41,25872.25,25872.5,25871,25871,28,1.5,1.25,0.25,0,-1,,,,
MNQ DEC25,1s,1,4301,2025-10-27 10:31:42,25870.5,25871,25870,25870.25,54,1,0.25,0.5,0.25,-1,,,,
MNQ DEC25,1s,1,4302,2025-10-27 10:31:43,25870.5,25871.75,25870.25,25870.5,23,1.5,0,1.25,0.25,0,,,,
MNQ DEC25,1s,1,4303,2025-10-27 10:31:44,25870.5,25871,25869.25,25869.25,55,1.75,1.25,0.5,0,-1,,,,
MNQ DEC25,1s,1,4304,2025-10-27 10:31:45,25868.75,25869.5,25867.75,25869,44,1.75,0.25,0.5,1,1,,,,
MNQ DEC25,1s,1,4305,2025-10-27 10:31:46,25868.25,25869.5,25868.25,25868.75,32,1.25,0.5,0.75,0,1,,,,
MNQ DEC25,1s,1,4306,2025-10-27 10:31:47,25868.75,25869,25868,25868,34,1,0.75,0.25,0,-1,,,,
MNQ DEC25,1s,1,4307,2025-10-27 10:31:48,25868,25868.75,25868,25868,20,0.75,0,0.75,0,0,,,,
MNQ DEC25,1s,1,4308,2025-10-27 10:31:49,25868,25868.75,25865.75,25866.25,93,3,1.75,0.75,0.5,-1,,,,
MNQ DEC25,1s,1,4309,2025-10-27 10:31:50,25866,25867.25,25866,25867,41,1.25,1,0.25,0,1,,,,
MNQ DEC25,10s,10,5830,2025-10-27 10:31:50,25872.25,25872.5,25865.75,25867,424,6.75,5.25,0.25,1.25,-1,-142.2,29.95,30.31666667,-1.83
MNQ DEC25,1s,1,4310,2025-10-27 10:31:51,25866.75,25866.75,25865.75,25865.75,14,1,1,0,0,-1,,,,
MNQ DEC25,1s,1,4311,2025-10-27 10:31:52,25865.75,25866,25865,25865.5,36,1,0.25,0.25,0.5,-1,,,,
MNQ DEC25,1s,1,4312,2025-10-27 10:31:53,25865.25,25866,25864.75,25866,38,1.25,0.75,0,0.5,1,,,,
MNQ DEC25,1s,1,4313,2025-10-27 10:31:54,25865.75,25866.75,25865,25865,24,1.75,0.75,1,0,-1,,,,
MNQ DEC25,1s,1,4314,2025-10-27 10:31:55,25864.75,25865,25864.25,25864.75,37,0.75,0,0.25,0.5,0,,,,
MNQ DEC25,1s,1,4315,2025-10-27 10:31:56,25864,25865.5,25863.5,25864.75,31,2,0.75,0.75,0.5,1,,,,
MNQ DEC25,1s,1,4316,2025-10-27 10:31:57,25864.75,25866,25864.5,25864.5,62,1.5,0.25,1.25,0,-1,,,,
MNQ DEC25,1s,1,4317,2025-10-27 10:31:58,25864.25,25864.75,25863.75,25864.25,22,1,0,0.5,0.5,0,,,,
MNQ DEC25,1s,1,4318,2025-10-27 10:31:59,25864.75,25864.75,25864,25864,52,0.75,0.75,0,0,-1,,,,
MNQ DEC25,1s,1,4319,2025-10-27 10:32:00,25864.25,25864.5,25863.25,25864.25,40,1.25,0,0.25,1,0,,,,
MNQ DEC25,10s,10,5831,2025-10-27 10:32:00,25866.75,25866.75,25863.25,25864.25,356,3.5,2.5,0,1,-1,-126.1,16.1,31.18333333,15.26
MNQ DEC25,20s,20,5915,2025-10-27 10:32:00,25872.25,25872.5,25863.25,25864.25,780,9.25,8,0.25,1,-1,-181.4,-250.9,-71.6,-92.51
MNQ DEC25,1s,1,4320,2025-10-27 10:32:01,25864,25864.5,25863,25863,73,1.5,1,0.5,0,-1,,,,
MNQ DEC25,1s,1,4321,2025-10-27 10:32:02,25863.75,25863.75,25862.25,25863.25,70,1.5,0.5,0,1,-1,,,,
MNQ DEC25,1s,1,4322,2025-10-27 10:32:03,25863,25863.75,25863,25863.5,28,0.75,0.5,0.25,0,1,,,,
MNQ DEC25,1s,1,4323,2025-10-27 10:32:04,25864,25864,25859.75,25860,165,4.25,4,0,0.25,-1,,,,
MNQ DEC25,1s,1,4324,2025-10-27 10:32:05,25860.5,25862.25,25860.25,25861.25,88,2,0.75,1,0.25,1,,,,
MNQ DEC25,1s,1,4325,2025-10-27 10:32:06,25861.5,25862.75,25861.5,25862.25,59,1.25,0.75,0.5,0,1,,,,
MNQ DEC25,1s,1,4326,2025-10-27 10:32:07,25861.75,25862.5,25861.75,25862,34,0.75,0.25,0.5,0,1,,,,
MNQ DEC25,1s,1,4327,2025-10-27 10:32:08,25861,25861.5,25859.75,25861,58,1.75,0,0.5,1.25,0,,,,
MNQ DEC25,1s,1,4328,2025-10-27 10:32:09,25860.5,25862,25860.5,25861,43,1.5,0.5,1,0,1,,,,
MNQ DEC25,1s,1,4329,2025-10-27 10:32:10,25861.75,25862.75,25861,25862.25,38,1.75,0.5,0.5,0.75,1,,,,
MNQ DEC25,10s,10,5832,2025-10-27 10:32:10,25864,25864.5,25859.75,25862.25,656,4.75,1.75,0.5,2.5,-1,-76.7,49.4,31.81666667,31.29
MNQ DEC25,1s,1,4330,2025-10-27 10:32:11,25862.25,25862.75,25860.75,25861,45,2,1.25,0.5,0.25,-1,,,,
MNQ DEC25,1s,1,4331,2025-10-27 10:32:12,25860.75,25861.75,25859.75,25860.5,44,2,0.25,1,0.75,-1,,,,
MNQ DEC25,1s,1,4332,2025-10-27 10:32:13,25860.25,25860.25,25858.25,25860,87,2,0.25,0,1.75,-1,,,,
MNQ DEC25,1s,1,4333,2025-10-27 10:32:14,25860,25860.75,25859.5,25860,60,1.25,0,0.75,0.5,0,,,,
MNQ DEC25,1s,1,4334,2025-10-27 10:32:15,25860.5,25860.5,25859,25859.25,27,1.5,1.25,0,0.25,-1,,,,
MNQ DEC25,1s,1,4335,2025-10-27 10:32:16,25859,25859,25856.25,25857.75,181,2.75,1.25,0,1.5,-1,,,,
MNQ DEC25,1s,1,4336,2025-10-27 10:32:17,25858,25860,25857.25,25859.75,45,2.75,1.75,0.25,0.75,1,,,,
MNQ DEC25,1s,1,4337,2025-10-27 10:32:18,25859.75,25863.5,25859.5,25862,106,4,2.25,1.5,0.25,1,,,,
MNQ DEC25,1s,1,4338,2025-10-27 10:32:19,25861.75,25862.5,25861.25,25862.25,53,1.25,0.5,0.25,0.5,1,,,,
MNQ DEC25,1s,1,4339,2025-10-27 10:32:20,25862.5,25862.75,25862,25862,28,0.75,0.5,0.25,0,-1,,,,
MNQ DEC25,10s,10,5833,2025-10-27 10:32:20,25862.25,25863.5,25856.25,25862,676,7.25,0.25,1.25,5.75,-1,-26.3,50.4,38.63333333,38.67
MNQ DEC25,20s,20,5916,2025-10-27 10:32:20,25864,25864.5,25856.25,25862,1332,8.25,2,0.5,5.75,-1,-114.25,67.15,-51.61666667,-68.17
MNQ DEC25,1s,1,4340,2025-10-27 10:32:21,25862,25863.75,25861.75,25863.75,44,2,1.75,0,0.25,1,,,,
MNQ DEC25,1s,1,4341,2025-10-27 10:32:22,25863.5,25864.75,25862.75,25864,71,2,0.5,0.75,0.75,1,,,,
MNQ DEC25,1s,1,4342,2025-10-27 10:32:23,25863.5,25865,25863.25,25863.25,57,1.75,0.25,1.5,0,-1,,,,
MNQ DEC25,1s,1,4343,2025-10-27 10:32:24,25863.75,25864.75,25862.75,25862.75,25,2,1,1,0,-1,,,,
MNQ DEC25,1s,1,4344,2025-10-27 10:32:25,25862.5,25863.25,25862.5,25862.75,16,0.75,0.25,0.5,0,1,,,,
MNQ DEC25,1s,1,4345,2025-10-27 10:32:26,25862.75,25864,25862.75,25864,16,1.25,1.25,0,0,1,,,,
MNQ DEC25,1s,1,4346,2025-10-27 10:32:27,25864.75,25865.25,25864.25,25865.25,22,1,0.5,0,0.5,1,,,,
MNQ DEC25,1s,1,4347,2025-10-27 10:32:28,25864.5,25865,25862.75,25864,55,2.25,0.5,0.5,1.25,-1,,,,
MNQ DEC25,1s,1,4348,2025-10-27 10:32:29,25863.25,25863.5,25862.5,25862.75,40,1,0.5,0.25,0.25,-1,,,,
MNQ DEC25,1s,1,4349,2025-10-27 10:32:30,25862.25,25862.5,25861,25861.75,43,1.5,0.5,0.25,0.75,-1,,,,
MNQ DEC25,10s,10,5834,2025-10-27 10:32:30,25862,25865.25,25861,25861.75,389,4.25,0.25,3.25,0.75,-1,-37.8,-11.5,29.43333333,26.87
MNQ DEC25,1s,1,4350,2025-10-27 10:32:31,25862,25862,25859.5,25859.5,50,2.5,2.5,0,0,-1,,,,
MNQ DEC25,1s,1,4351,2025-10-27 10:32:32,25859.5,25861.5,25859.5,25861.25,88,2,1.75,0.25,0,1,,,,
MNQ DEC25,1s,1,4352,2025-10-27 10:32:33,25862,25863,25862,25863,14,1,1,0,0,1,,,,
MNQ DEC25,1s,1,4353,2025-10-27 10:32:34,25862.75,25863,25862,25862,20,1,0.75,0.25,0,-1,,,,
MNQ DEC25,1s,1,4354,2025-10-27 10:32:35,25861.75,25861.75,25860.75,25861.25,27,1,0.5,0,0.5,-1,,,,
MNQ DEC25,1s,1,4355,2025-10-27 10:32:36,25861,25861,25859,25859.5,37,2,1.5,0,0.5,-1,,,,
MNQ DEC25,1s,1,4356,2025-10-27 10:32:37,25859.25,25860.25,25859,25859.75,42,1.25,0.5,0.5,0.25,1,,,,
MNQ DEC25,1s,1,4357,2025-10-27 10:32:38,25859.5,25859.5,25858.5,25859.25,32,1,0.25,0,0.75,-1,,,,
MNQ DEC25,1s,1,4358,2025-10-27 10:32:39,25859.25,25859.25,25858.75,25859.25,11,0.5,0,0,0.5,0,,,,
MNQ DEC25,1s,1,4359,2025-10-27 10:32:40,25859.25,25859.5,25858.5,25859,23,1,0.25,0.25,0.5,-1,,,,
MNQ DEC25,10s,10,5835,2025-10-27 10:32:40,25862,25863,25858.5,25859,344,4.5,3,1,0.5,-1,-40.2,-2.4,12.16666667,20.4
MNQ DEC25,20s,20,5917,2025-10-27 10:32:40,25862,25865.25,25858.5,25859,733,6.75,3,3.25,0.5,-1,-146.35,-32.1,-71.95,-35.95
MNQ DEC25,1s,1,4360,2025-10-27 10:32:41,25859.5,25861.5,25858.75,25861.5,39,2.75,2,0,0.75,1,,,,
MNQ DEC25,1s,1,4361,2025-10-27 10:32:42,25861.5,25862.25,25861.5,25862.25,24,0.75,0.75,0,0,1,,,,
MNQ DEC25,1s,1,4362,2025-10-27 10:32:43,25862.25,25863.25,25861.75,25863.25,51,1.5,1,0,0.5,1,,,,
MNQ DEC25,1s,1,4363,2025-10-27 10:32:44,25863.5,25863.75,25862.75,25863.5,26,1,0,0.25,0.75,0,,,,
MNQ DEC25,1s,1,4364,2025-10-27 10:32:45,25863.25,25863.75,25863.25,25863.5,30,0.5,0.25,0.25,0,1,,,,
MNQ DEC25,1s,1,4365,2025-10-27 10:32:46,25862.5,25863.5,25862.25,25863.25,17,1.25,0.75,0.25,0.25,1,,,,
MNQ DEC25,1s,1,4366,2025-10-27 10:32:47,25863.25,25864.5,25863.25,25863.5,42,1.25,0.25,1,0,1,,,,
MNQ DEC25,1s,1,4367,2025-10-27 10:32:48,25862.5,25863.75,25862.5,25863.5,17,1.25,1,0.25,0,1,,,,
MNQ DEC25,1s,1,4368,2025-10-27 10:32:49,25864,25864,25863.75,25863.75,21,0.25,0.25,0,0,-1,,,,
MNQ DEC25,1s,1,4369,2025-10-27 10:32:50,25863.25,25863.75,25862.75,25863.75,27,1,0.5,0,0.5,1,,,,
MNQ DEC25,10s,10,5836,2025-10-27 10:32:50,25859.5,25864.5,25858.75,25863.75,294,5.75,4.25,0.75,0.75,1,-41.4,-1.2,-5.03333333,16.94
MNQ DEC25,1s,1,4370,2025-10-27 10:32:51,25864.5,25864.75,25864,25864,9,0.75,0.5,0.25,0,-1,,,,
MNQ DEC25,1s,1,4371,2025-10-27 10:32:52,25864,25865,25863.75,25864,26,1.25,0,1,0.25,0,,,,
MNQ DEC25,1s,1,4372,2025-10-27 10:32:53,25864,25864.25,25864,25864,5,0.25,0,0.25,0,0,,,,
MNQ DEC25,1s,1,4373,2025-10-27 10:32:54,25864.25,25865,25864.25,25864.25,14,0.75,0,0.75,0,0,,,,
MNQ DEC25,1s,1,4374,2025-10-27 10:32:55,25865,25866.5,25865,25865.5,70,1.5,0.5,1,0,1,,,,
MNQ DEC25,1s,1,4375,2025-10-27 10:32:56,25864.75,25866.25,25864.75,25865.5,23,1.5,0.75,0.75,0,1,,,,
MNQ DEC25,1s,1,4376,2025-10-27 10:32:57,25866,25866.75,25865.75,25866.75,56,1,0.75,0,0.25,1,,,,
MNQ DEC25,1s,1,4377,2025-10-27 10:32:58,25866,25866,25865,25866,32,1,0,0,1,0,,,,
MNQ DEC25,1s,1,4378,2025-10-27 10:32:59,25866,25866,25865.25,25865.25,18,0.75,0.75,0,0,-1,,,,
MNQ DEC25,1s,1,4379,2025-10-27 10:33:00,25865.75,25867,25865,25866.75,61,2,1,0.25,0.75,1,,,,
MNQ DEC25,10s,10,5837,2025-10-27 10:33:00,25864.5,25867,25863.75,25866.75,314,3.25,2.25,0.25,0.75,1,-107.95,-66.55,-23.38333333,-6.25
MNQ DEC25,20s,20,5918,2025-10-27 10:33:00,25859.5,25867,25858.75,25866.75,608,8.25,7.25,0.25,0.75,1,-205,-58.65,-7.86666667,-49.12
MNQ DEC25,1s,1,4380,2025-10-27 10:33:01,25866.5,25867.5,25865.25,25866.25,109,2.25,0.25,1,1,-1,,,,
MNQ DEC25,1s,1,4381,2025-10-27 10:33:02,25866.25,25867.75,25865.75,25867.75,39,2,1.5,0,0.5,1,,,,
MNQ DEC25,1s,1,4382,2025-10-27 10:33:03,25867.5,25867.5,25866.25,25867,36,1.25,0.5,0,0.75,-1,,,,
MNQ DEC25,1s,1,4383,2025-10-27 10:33:04,25867.25,25867.75,25866.5,25867.5,26,1.25,0.25,0.25,0.75,1,,,,
MNQ DEC25,1s,1,4384,2025-10-27 10:33:05,25868,25868.75,25867.5,25868.5,55,1.25,0.5,0.25,0.5,1,,,,
MNQ DEC25,1s,1,4385,2025-10-27 10:33:06,25868,25869.5,25868,25868,57,1.5,0,1.5,0,0,,,,
MNQ DEC25,1s,1,4386,2025-10-27 10:33:07,25868.25,25869.5,25868,25869.5,45,1.5,1.25,0,0.25,1,,,,
MNQ DEC25,1s,1,4387,2025-10-27 10:33:08,25869.75,25870.25,25869.5,25870.25,59,0.75,0.5,0,0.25,1,,,,
MNQ DEC25,1s,1,4388,2025-10-27 10:33:09,25869.75,25870.25,25868.75,25869,72,1.5,0.75,0.5,0.25,-1,,,,
MNQ DEC25,1s,1,4389,2025-10-27 10:33:10,25868.75,25869.25,25867.75,25868,81,1.5,0.75,0.5,0.25,-1,,,,
MNQ DEC25,10s,10,5838,2025-10-27 10:33:10,25866.5,25870.25,25865.25,25868,579,5,1.5,2.25,1.25,1,-139.2,-31.25,-33,-22.58
MNQ DEC25,1s,1,4390,2025-10-27 10:33:11,25868,25868.5,25867.5,25867.5,28,1,0.5,0.5,0,-1,,,,
MNQ DEC25,1s,1,4391,2025-10-27 10:33:12,25867.5,25869,25867.5,25869,27,1.5,1.5,0,0,1,,,,
MNQ DEC25,1s,1,4392,2025-10-27 10:33:13,25868.5,25869.25,25868.25,25869.25,43,1,0.75,0,0.25,1,,,,
MNQ DEC25,1s,1,4393,2025-10-27 10:33:14,25868.75,25870,25868.75,25869,52,1.25,0.25,1,0,1,,,,
MNQ DEC25,1s,1,4394,2025-10-27 10:33:15,25869.25,25870.25,25869.25,25869.5,25,1,0.25,0.75,0,1,,,,
MNQ DEC25,1s,1,4395,2025-10-27 10:33:16,25869.25,25870,25869,25869.25,24,1,0,0.75,0.25,0,,,,
MNQ DEC25,1s,1,4396,2025-10-27 10:33:17,25869.25,25870.75,25869,25870.5,46,1.75,1.25,0.25,0.25,1,,,,
MNQ DEC25,1s,1,4397,2025-10-27 10:33:18,25870.5,25871.75,25870,25871.5,40,1.75,1,0.25,0.5,1,,,,
MNQ DEC25,1s,1,4398,2025-10-27 10:33:19,25871,25872,25870.75,25871.75,81,1.25,0.75,0.25,0.25,1,,,,
MNQ DEC25,1s,1,4399,2025-10-27 10:33:20,25872,25878,25871.5,25875.5,857,6.5,3.5,2.5,0.5,1,,,,
MNQ DEC25,10s,10,5839,2025-10-27 10:33:20,25868,25878,25867.5,25875.5,1223,10.5,7.5,2.5,0.5,1,-12.95,126.25,9.48333333,4.97
MNQ DEC25,20s,20,5919,2025-10-27 10:33:20,25866.5,25878,25865.25,25875.5,1802,12.75,9,2.5,1.25,1,-115.65,89.35,-0.46666667,-37.03
MNQ DEC25,1s,1,4400,2025-10-27 10:33:21,25875.5,25876.25,25874.25,25875.75,457,2,0.25,0.5,1.25,1,,,,
MNQ DEC25,1s,1,4401,2025-10-27 10:33:22,25875.75,25876.25,25873.25,25873.75,158,3,2,0.5,0.5,-1,,,,
MNQ DEC25,1s,1,4402,2025-10-27 10:33:23,25874,25874,25872.5,25873.75,51,1.5,0.25,0,1.25,-1,,,,
MNQ DEC25,1s,1,4403,2025-10-27 10:33:24,25873.75,25873.75,25872.25,25873,59,1.5,0.75,0,0.75,-1,,,,
MNQ DEC25,1s,1,4404,2025-10-27 10:33:25,25872,25873.25,25870.25,25873,128,3,1,0.25,1.75,1,,,,
MNQ DEC25,1s,1,4405,2025-10-27 10:33:26,25872.5,25873.5,25872.5,25873.5,26,1,1,0,0,1,,,,
MNQ DEC25,1s,1,4406,2025-10-27 10:33:27,25873.75,25875.5,25873.75,25874.75,44,1.75,1,0.75,0,1,,,,
MNQ DEC25,1s,1,4407,2025-10-27 10:33:28,25874.25,25875.25,25873.5,25873.75,53,1.75,0.5,1,0.25,-1,,,,
MNQ DEC25,1s,1,4408,2025-10-27 10:33:29,25874,25874,25873,25873.5,43,1,0.5,0,0.5,-1,,,,
MNQ DEC25,1s,1,4409,2025-10-27 10:33:30,25873.25,25875,25873.25,25874.75,34,1.75,1.5,0.25,0,1,,,,
MNQ DEC25,10s,10,5840,2025-10-27 10:33:30,25875.5,25876.25,25870.25,25874.75,1053,6,0.75,0.75,4.5,-1,143.95,156.9,83.96666667,36.83
MNQ DEC25,1s,1,4410,2025-10-27 10:33:31,25875.25,25875.25,25873.75,25874,47,1.5,1.25,0,0.25,-1,,,,
MNQ DEC25,1s,1,4411,2025-10-27 10:33:32,25874.25,25874.5,25873.75,25874.25,36,0.75,0,0.25,0.5,0,,,,
MNQ DEC25,1s,1,4412,2025-10-27 10:33:33,25874.5,25874.75,25874,25874.5,30,0.75,0,0.25,0.5,0,,,,
MNQ DEC25,1s,1,4413,2025-10-27 10:33:34,25875,25875.5,25874.75,25875.25,28,0.75,0.25,0.25,0.25,1,,,,
MNQ DEC25,1s,1,4414,2025-10-27 10:33:35,25874.75,25875.75,25874.5,25875,41,1.25,0.25,0.75,0.25,1,,,,
MNQ DEC25,1s,1,4415,2025-10-27 10:33:36,25875,25875,25873.75,25873.75,57,1.25,1.25,0,0,-1,,,,
MNQ DEC25,1s,1,4416,2025-10-27 10:33:37,25873.75,25874.25,25872.75,25873,110,1.5,0.75,0.5,0.25,-1,,,,
MNQ DEC25,1s,1,4417,2025-10-27 10:33:38,25873.25,25874,25873,25873.5,35,1,0.25,0.5,0.25,1,,,,
MNQ DEC25,1s,1,4418,2025-10-27 10:33:39,25873.5,25874.25,25873,25874,44,1.25,0.5,0.25,0.5,1,,,,
MNQ DEC25,1s,1,4419,2025-10-27 10:33:40,25874,25874.75,25873.75,25873.75,30,1,0.25,0.75,0,-1,,,,
MNQ DEC25,10s,10,5841,2025-10-27 10:33:40,25875.25,25875.75,25872.75,25873.75,458,3,1.5,0.5,1,-1,193,49.05,110.73333333,46.88
MNQ DEC25,20s,20,5920,2025-10-27 10:33:40,25875.5,25876.25,25870.25,25873.75,1511,6,1.75,0.75,3.5,-1,-18.4,97.25,42.65,32.6
MNQ DEC25,1s,1,4420,2025-10-27 10:33:41,25874,25874.75,25873.25,25874.25,22,1.5,0.25,0.5,0.75,1,,,,
MNQ DEC25,1s,1,4421,2025-10-27 10:33:42,25874.25,25874.75,25873.5,25874,14,1.25,0.25,0.5,0.5,-1,,,,
MNQ DEC25,1s,1,4422,2025-10-27 10:33:43,25873.25,25874,25873.25,25873.75,23,0.75,0.5,0.25,0,1,,,,
MNQ DEC25,1s,1,4423,2025-10-27 10:33:44,25873.75,25875.25,25873.5,25874.75,41,1.75,1,0.5,0.25,1,,,,
MNQ DEC25,1s,1,4424,2025-10-27 10:33:45,25874.5,25875,25873.75,25875,14,1.25,0.5,0,0.75,1,,,,
MNQ DEC25,1s,1,4425,2025-10-27 10:33:46,25874.5,25875,25874.5,25874.75,6,0.5,0.25,0.25,0,1,,,,
MNQ DEC25,1s,1,4426,2025-10-27 10:33:47,25875.25,25875.25,25874.5,25874.5,46,0.75,0.75,0,0,-1,,,,
MNQ DEC25,1s,1,4427,2025-10-27 10:33:48,25874.75,25874.75,25874.25,25874.25,12,0.5,0.5,0,0,-1,,,,
MNQ DEC25,1s,1,4428,2025-10-27 10:33:49,25874.5,25875.5,25874.5,25875.5,20,1,1,0,0,1,,,,
MNQ DEC25,1s,1,4429,2025-10-27 10:33:50,25875,25875.75,25875,25875.5,29,0.75,0.5,0.25,0,1,,,,
MNQ DEC25,10s,10,5842,2025-10-27 10:33:50,25874,25875.75,25873.25,25875.5,227,2.5,1.5,0.25,0.75,1,189.75,-3.25,67.56666667,59.54
MNQ DEC25,1s,1,4430,2025-10-27 10:33:51,25875.25,25875.5,25874.5,25875,28,1,0.25,0.25,0.5,-1,,,,
MNQ DEC25,1s,1,4431,2025-10-27 10:33:52,25875,25875.5,25874.5,25875.25,46,1,0.25,0.25,0.5,1,,,,
MNQ DEC25,1s,1,4432,2025-10-27 10:33:53,25875,25875.5,25874.5,25875,40,1,0,0.5,0.5,0,,,,
MNQ DEC25,1s,1,4433,2025-10-27 10:33:54,25874.75,25875,25874,25874.5,27,1,0.25,0.25,0.5,-1,,,,
MNQ DEC25,1s,1,4434,2025-10-27 10:33:55,25874.5,25874.75,25874.5,25874.75,18,0.25,0.25,0,0,1,,,,
MNQ DEC25,1s,1,4435,2025-10-27 10:33:56,25874.25,25874.75,25874,25874.5,11,0.75,0.25,0.25,0.25,1,,,,
MNQ DEC25,1s,1,4436,2025-10-27 10:33:57,25874.5,25874.5,25873.75,25874,11,0.75,0.5,0,0.25,-1,,,,
MNQ DEC25,1s,1,4437,2025-10-27 10:33:58,25873.75,25874.5,25873.5,25874,53,1,0.25,0.5,0.25,1,,,,
MNQ DEC25,1s,1,4438,2025-10-27 10:33:59,25874.5,25874.5,25873.75,25873.75,24,0.75,0.75,0,0,-1,,,,
MNQ DEC25,1s,1,4439,2025-10-27 10:34:00,25874,25874.5,25873.75,25874.25,46,0.75,0.25,0.25,0.25,1,,,,
MNQ DEC25,10s,10,5843,2025-10-27 10:34:00,25875.25,25875.5,25873.5,25874.25,304,2,1,0.25,0.75,-1,142.45,-47.3,-0.5,56.33
MNQ DEC25,20s,20,5921,2025-10-27 10:34:00,25874,25875.75,25873.25,25874.25,531,2.5,0.25,1.5,0.75,1,-137.25,-118.85,22.58333333,-4.6
MNQ DEC25,1s,1,4440,2025-10-27 10:34:01,25874.5,25875.25,25874,25875,115,1.25,0.5,0.25,0.5,1,,,,
MNQ DEC25,1s,1,4441,2025-10-27 10:34:02,25875,25876.75,25874.75,25876.5,80,2,1.5,0.25,0.25,1,,,,
MNQ DEC25,1s,1,4442,2025-10-27 10:34:03,25876.75,25878,25876.5,25877,110,1.5,0.25,1,0.25,1,,,,
MNQ DEC25,1s,1,4443,2025-10-27 10:34:04,25877,25877.75,25876.75,25877.5,78,1,0.5,0.25,0.25,1,,,,
MNQ DEC25,1s,1,4444,2025-10-27 10:34:05,25877.5,25878,25877,25877.5,69,1,0,0.5,0.5,0,,,,
MNQ DEC25,1s,1,4445,2025-10-27 10:34:06,25877.25,25877.5,25876.75,25877.25,30,0.75,0,0.25,0.5,0,,,,
MNQ DEC25,1s,1,4446,2025-10-27 10:34:07,25877,25879.25,25877,25878.25,235,2.25,1.25,1,0,1,,,,
MNQ DEC25,1s,1,4447,2025-10-27 10:34:08,25878.25,25879.75,25877.75,25878,223,2,0.25,1.5,0.25,-1,,,,
MNQ DEC25,1s,1,4448,2025-10-27 10:34:09,25878.5,25878.5,25877.25,25877.75,93,1.25,0.75,0,0.5,-1,,,,
MNQ DEC25,1s,1,4449,2025-10-27 10:34:10,25877.25,25877.5,25876.5,25877.25,36,1,0,0.25,0.75,0,,,,
MNQ DEC25,10s,10,5844,2025-10-27 10:34:10,25874.5,25879.75,25874,25877.25,1069,5.75,2.75,2.5,0.5,1,78.45,-64,-38.18333333,18.28
MNQ DEC25,1s,1,4450,2025-10-27 10:34:11,25877.25,25877.75,25876.25,25877.5,40,1.5,0.25,0.25,1,1,,,,
MNQ DEC25,1s,1,4451,2025-10-27 10:34:12,25877.25,25877.5,25876,25876.75,52,1.5,0.5,0.25,0.75,-1,,,,
MNQ DEC25,1s,1,4452,2025-10-27 10:34:13,25877.25,25877.5,25876.75,25877.25,36,0.75,0,0.25,0.5,0,,,,
MNQ DEC25,1s,1,4453,2025-10-27 10:34:14,25877.25,25878.75,25876.75,25878.75,25,2,1.5,0,0.5,1,,,,
MNQ DEC25,1s,1,4454,2025-10-27 10:34:15,25879,25881.25,25879,25879.5,380,2.25,0.5,1.75,0,1,,,,
MNQ DEC25,1s,1,4455,2025-10-27 10:34:16,25879.5,25879.75,25878,25878.5,88,1.75,1,0.25,0.5,-1,,,,
MNQ DEC25,1s,1,4456,2025-10-27 10:34:17,25877.75,25878,25877.25,25877.25,37,0.75,0.5,0.25,0,-1,,,,
MNQ DEC25,1s,1,4457,2025-10-27 10:34:18,25877.75,25877.75,25876.5,25877,62,1.25,0.75,0,0.5,-1,,,,
MNQ DEC25,1s,1,4458,2025-10-27 10:34:19,25876.75,25877.25,25876.25,25876.25,22,1,0.5,0.5,0,-1,,,,
MNQ DEC25,1s,1,4459,2025-10-27 10:34:20,25876.75,25877.5,25876.5,25876.5,33,1,0.25,0.75,0,-1,,,,
MNQ DEC25,10s,10,5845,2025-10-27 10:34:20,25877.25,25881.25,25876,25876.5,775,5.25,0.75,4,0.5,-1,11.35,-67.1,-59.46666667,-26.52
MNQ DEC25,20s,20,5922,2025-10-27 10:34:20,25874.5,25881.25,25874,25876.5,1844,7.25,2,4.75,0.5,1,30.7,167.95,48.78333333,35.41
MNQ DEC25,1s,1,4460,2025-10-27 10:34:21,25876.75,25877.75,25876.25,25877.75,73,1.5,1,0,0.5,1,,,,
MNQ DEC25,1s,1,4461,2025-10-27 10:34:22,25877,25877.75,25877,25877.25,13,0.75,0.25,0.5,0,1,,,,
MNQ DEC25,1s,1,4462,2025-10-27 10:34:23,25877.5,25877.5,25875.5,25876.5,54,2,1,0,1,-1,,,,
MNQ DEC25,1s,1,4463,2025-10-27 10:34:24,25876.25,25876.75,25876,25876.25,23,0.75,0,0.5,0.25,0,,,,
MNQ DEC25,1s,1,4464,2025-10-27 10:34:25,25876,25876.25,25875,25875.25,45,1.25,0.75,0.25,0.25,-1,,,,
MNQ DEC25,1s,1,4465,2025-10-27 10:34:26,25875,25875.75,25874.75,25875.75,54,1,0.75,0,0.25,1,,,,
MNQ DEC25,1s,1,4466,2025-10-27 10:34:27,25875.25,25875.5,25872.25,25873.75,158,3.25,1.5,0.25,1.5,-1,,,,
MNQ DEC25,1s,1,4467,2025-10-27 10:34:28,25873.75,25874.25,25873.5,25874,49,0.75,0.25,0.25,0.25,1,,,,
MNQ DEC25,1s,1,4468,2025-10-27 10:34:29,25874,25874.75,25873.5,25874.75,47,1.25,0.75,0,0.5,1,,,,
MNQ DEC25,1s,1,4469,2025-10-27 10:34:30,25874.75,25875.5,25874,25874,61,1.5,0.75,0.75,0,-1,,,,
MNQ DEC25,10s,10,5846,2025-10-27 10:34:30,25876.75,25877.75,25872.25,25874,577,5.5,2.75,1,1.75,-1,32.15,20.8,-36.76666667,-32.17
MNQ DEC25,1s,1,4470,2025-10-27 10:34:31,25874.5,25874.75,25873.75,25874,14,1,0.5,0.25,0.25,-1,,,,
MNQ DEC25,1s,1,4471,2025-10-27 10:34:32,25874,25874.75,25874,25874.75,29,0.75,0.75,0,0,1,,,,
MNQ DEC25,1s,1,4472,2025-10-27 10:34:33,25874.25,25874.75,25873.75,25874.25,27,1,0,0.5,0.5,0,,,,
MNQ DEC25,1s,1,4473,2025-10-27 10:34:34,25874.5,25875.25,25874.5,25875,15,0.75,0.5,0.25,0,1,,,,
MNQ DEC25,1s,1,4474,2025-10-27 10:34:35,25874.75,25875.5,25874.25,25874.25,7,1.25,0.5,0.75,0,-1,,,,
MNQ DEC25,1s,1,4475,2025-10-27 10:34:36,25874.75,25875.5,25874.5,25875.5,29,1,0.75,0,0.25,1,,,,
MNQ DEC25,1s,1,4476,2025-10-27 10:34:37,25875.25,25875.75,25874.75,25875.75,11,1,0.5,0,0.5,1,,,,
MNQ DEC25,1s,1,4477,2025-10-27 10:34:38,25875.25,25876,25874.75,25876,45,1.25,0.75,0,0.5,1,,,,
MNQ DEC25,1s,1,4478,2025-10-27 10:34:39,25876,25876,25875.5,25876,17,0.5,0,0,0.5,0,,,,
MNQ DEC25,1s,1,4479,2025-10-27 10:34:40,25876.25,25877,25876.25,25876.5,28,0.75,0.25,0.5,0,1,,,,
MNQ DEC25,10s,10,5847,2025-10-27 10:34:40,25874.5,25877,25873.75,25876.5,222,3.25,2,0.5,0.75,1,40.2,8.05,-12.75,-29.91
MNQ DEC25,20s,20,5923,2025-10-27 10:34:40,25876.75,25877.75,25872.25,25876.5,799,5.5,0.25,1,4.25,-1,49.45,18.75,22.61666667,50.89
MNQ DEC25,1s,1,4480,2025-10-27 10:34:41,25876,25876.25,25875.75,25875.75,4,0.5,0.25,0.25,0,-1,,,,
MNQ DEC25,1s,1,4481,2025-10-27 10:34:42,25875.75,25876,25875.5,25876,16,0.5,0.25,0,0.25,1,,,,
MNQ DEC25,1s,1,4482,2025-10-27 10:34:43,25875.75,25876.25,25875.75,25876.25,12,0.5,0.5,0,0,1,,,,
MNQ DEC25,1s,1,4483,2025-10-27 10:34:44,25876.75,25876.75,25875.5,25876,16,1.25,0.75,0,0.5,-1,,,,
MNQ DEC25,1s,1,4484,2025-10-27 10:34:45,25875.75,25876,25875.25,25875.25,12,0.75,0.5,0.25,0,-1,,,,
MNQ DEC25,1s,1,4485,2025-10-27 10:34:46,25875.5,25875.75,25874,25874,45,1.75,1.5,0.25,0,-1,,,,
MNQ DEC25,1s,1,4486,2025-10-27 10:34:47,25874,25874.5,25873.5,25874.5,31,1,0.5,0,0.5,1,,,,
MNQ DEC25,1s,1,4487,2025-10-27 10:34:48,25873.75,25874,25872.5,25872.75,42,1.5,1,0.25,0.25,-1,,,,
MNQ DEC25,1s,1,4488,2025-10-27 10:34:49,25872.75,25873.25,25871.75,25872,64,1.5,0.75,0.5,0.25,-1,,,,
MNQ DEC25,1s,1,4489,2025-10-27 10:34:50,25872.25,25872.75,25871.75,25871.75,62,1,0.5,0.5,0,-1,,,,
MNQ DEC25,10s,10,5848,2025-10-27 10:34:50,25876,25876.75,25871.75,25871.75,304,5,4.25,0.75,0,-1,44.2,4,10.95,-19.65
MNQ DEC25,1s,1,4490,2025-10-27 10:34:51,25872.5,25872.5,25872,25872.25,27,0.5,0.25,0,0.25,-1,,,,
MNQ DEC25,1s,1,4491,2025-10-27 10:34:52,25872,25872.25,25871.5,25872.25,85,0.75,0.25,0,0.5,1,,,,
MNQ DEC25,1s,1,4492,2025-10-27 10:34:53,25872,25872.5,25871.75,25872,35,0.75,0,0.5,0.25,0,,,,
MNQ DEC25,1s,1,4493,2025-10-27 10:34:54,25872,25872,25871,25871.75,37,1,0.25,0,0.75,-1,,,,
MNQ DEC25,1s,1,4494,2025-10-27 10:34:55,25871.5,25871.75,25871.25,25871.5,17,0.5,0,0.25,0.25,0,,,,
MNQ DEC25,1s,1,4495,2025-10-27 10:34:56,25871.25,25871.75,25871,25871,13,0.75,0.25,0.5,0,-1,,,,
MNQ DEC25,1s,1,4496,2025-10-27 10:34:57,25871.75,25872.75,25871.5,25872.25,28,1.25,0.5,0.5,0.25,1,,,,
MNQ DEC25,1s,1,4497,2025-10-27 10:34:58,25872.75,25872.75,25872.25,25872.75,14,0.5,0,0,0.5,0,,,,
MNQ DEC25,1s,1,4498,2025-10-27 10:34:59,25873,25874,25873,25874,31,1,1,0,0,1,,,,
MNQ DEC25,1s,1,4499,2025-10-27 10:35:00,25874,25874.25,25873.5,25873.75,30,0.75,0.25,0.25,0.25,-1,,,,
MNQ DEC25,10s,10,5849,2025-10-27 10:35:00,25872.5,25874.25,25871,25873.75,317,3.25,1.25,0.5,1.5,1,-89.05,-133.25,-40.4,-33.5
MNQ DEC25,20s,20,5924,2025-10-27 10:35:00,25876,25876.75,25871,25873.75,621,5.75,2.25,0.75,2.75,-1,-140.8,-190.25,-1.18333333,-5.03
MNQ DEC25,1s,1,4500,2025-10-27 10:35:01,25874,25875,25873,25873.75,111,2,0.25,1,0.75,-1,,,,
MNQ DEC25,1s,1,4501,2025-10-27 10:35:02,25873.75,25873.75,25872.75,25873,47,1,0.75,0,0.25,-1,,,,
MNQ DEC25,1s,1,4502,2025-10-27 10:35:03,25872.75,25874,25872.75,25873.75,31,1.25,1,0.25,0,1,,,,
MNQ DEC25,1s,1,4503,2025-10-27 10:35:04,25873.5,25874,25873,25873,20,1,0.5,0.5,0,-1,,,,
MNQ DEC25,1s,1,4504,2025-10-27 10:35:05,25873.25,25873.75,25873.25,25873.5,11,0.5,0.25,0.25,0,1,,,,
MNQ DEC25,1s,1,4505,2025-10-27 10:35:06,25874,25874.75,25873.75,25874.25,22,1,0.25,0.5,0.25,1,,,,
MNQ DEC25,1s,1,4506,2025-10-27 10:35:07,25874.75,25876,25874.75,25876,27,1.25,1.25,0,0,1,,,,
MNQ DEC25,1s,1,4507,2025-10-27 10:35:08,25876,25877.25,25875.75,25876.5,49,1.5,0.5,0.75,0.25,1,,,,
MNQ DEC25,1s,1,4508,2025-10-27 10:35:09,25876.75,25878,25876.5,25877.25,54,1.5,0.5,0.75,0.25,1,,,,
MNQ DEC25,1s,1,4509,2025-10-27 10:35:10,25877.75,25878,25877,25877.75,33,1,0,0.25,0.75,0,,,,
MNQ DEC25,10s,10,5850,2025-10-27 10:35:10,25874,25878,25872.75,25877.75,405,5.25,3.75,0.25,1.25,1,-162.1,-73.05,-67.43333333,-34.69
MNQ DEC25,1s,1,4510,2025-10-27 10:35:11,25877.75,25878,25875.25,25875.25,62,2.75,2.5,0.25,0,-1,,,,
MNQ DEC25,1s,1,4511,2025-10-27 10:35:12,25875.75,25875.75,25874.5,25874.75,39,1.25,1,0,0.25,-1,,,,
MNQ DEC25,1s,1,4512,2025-10-27 10:35:13,25875,25875.75,25874.5,25875.25,15,1.25,0.25,0.5,0.5,1,,,,
MNQ DEC25,1s,1,4513,2025-10-27 10:35:14,25875.25,25876,25875,25875.25,31,1,0,0.75,0.25,0,,,,
MNQ DEC25,1s,1,4514,2025-10-27 10:35:15,25876,25876,25874.5,25875.25,21,1.5,0.75,0,0.75,-1,,,,
MNQ DEC25,1s,1,4515,2025-10-27 10:35:16,25874.75,25875.25,25873.75,25874,37,1.5,0.75,0.5,0.25,-1,,,,
MNQ DEC25,1s,1,4516,2025-10-27 10:35:17,25874,25875,25873.75,25873.75,25,1.25,0.25,1,0,-1,,,,
MNQ DEC25,1s,1,4517,2025-10-27 10:35:18,25874,25874,25871.5,25872,63,2.5,2,0,0.5,-1,,,,
MNQ DEC25,1s,1,4518,2025-10-27 10:35:19,25872,25872.75,25871.75,25871.75,50,1,0.25,0.75,0,-1,,,,
MNQ DEC25,1s,1,4519,2025-10-27 10:35:20,25871.75,25872.75,25871.75,25872.25,22,1,0.5,0.5,0,1,,,,
MNQ DEC25,10s,10,5851,2025-10-27 10:35:20,25877.75,25878,25871.5,25872.25,365,6.5,5.5,0.25,0.75,-1,-204.95,-42.85,-83.05,-47.42
MNQ DEC25,20s,20,5925,2025-10-27 10:35:20,25874,25878,25871.5,25872.25,770,6.5,1.75,4,0.75,-1,-186.05,-45.25,-72.25,-33.53
MNQ DEC25,1s,1,4520,2025-10-27 10:35:21,25872.25,25873,25871.75,25873,40,1.25,0.75,0,0.5,1,,,,
MNQ DEC25,1s,1,4521,2025-10-27 10:35:22,25872.75,25873,25872.75,25872.75,12,0.25,0,0.25,0,0,,,,
MNQ DEC25,1s,1,4522,2025-10-27 10:35:23,25872.25,25872.75,25872,25872,31,0.75,0.25,0.5,0,-1,,,,
MNQ DEC25,1s,1,4523,2025-10-27 10:35:24,25872,25873,25872,25872.5,15,1,0.5,0.5,0,1,,,,
MNQ DEC25,1s,1,4524,2025-10-27 10:35:25,25873,25873.5,25872.25,25873.25,36,1.25,0.25,0.25,0.75,1,,,,
MNQ DEC25,1s,1,4525,2025-10-27 10:35:26,25873.75,25875.5,25873.75,25875.5,30,1.75,1.75,0,0,1,,,,
MNQ DEC25,1s,1,4526,2025-10-27 10:35:27,25874.5,25875.25,25874.5,25875,21,0.75,0.5,0.25,0,1,,,,
MNQ DEC25,1s,1,4527,2025-10-27 10:35:28,25875.5,25875.5,25875,25875.5,17,0.5,0,0,0.5,0,,,,
MNQ DEC25,1s,1,4528,2025-10-27 10:35:29,25875.25,25875.75,25874.75,25875.5,48,1,0.25,0.25,0.5,1,,,,
MNQ DEC25,1s,1,4529,2025-10-27 10:35:30,25875.5,25876.5,25875.5,25875.5,29,1,0,1,0,0,,,,
MNQ DEC25,10s,10,5852,2025-10-27 10:35:30,25872.25,25876.5,25871.75,25875.5,279,4.75,3.25,1,0.5,1,-174.7,30.25,-28.55,-42.98
MNQ DEC25,1s,1,4530,2025-10-27 10:35:31,25875.75,25876.25,25875.5,25876,13,0.75,0.25,0.25,0.25,1,,,,
MNQ DEC25,1s,1,4531,2025-10-27 10:35:32,25876.5,25878,25876.5,25877.75,49,1.5,1.25,0.25,0,1,,,,
MNQ DEC25,1s,1,4532,2025-10-27 10:35:33,25877.75,25878,25877.25,25877.5,25,0.75,0.25,0.25,0.25,-1,,,,
MNQ DEC25,1s,1,4533,2025-10-27 10:35:34,25877,25878.5,25877,25877.75,37,1.5,0.75,0.75,0,1,,,,
MNQ DEC25,1s,1,4534,2025-10-27 10:35:35,25877.75,25878.25,25877.5,25877.75,24,0.75,0,0.5,0.25,0,,,,
MNQ DEC25,1s,1,4535,2025-10-27 10:35:36,25877.75,25878.75,25877,25878,68,1.75,0.25,0.75,0.75,1,,,,
MNQ DEC25,1s,1,4536,2025-10-27 10:35:37,25878,25878,25877.5,25877.5,14,0.5,0.5,0,0,-1,,,,
MNQ DEC25,1s,1,4537,2025-10-27 10:35:38,25877.75,25878,25877.75,25878,3,0.25,0.25,0,0,1,,,,
MNQ DEC25,1s,1,4538,2025-10-27 10:35:39,25878.25,25878.5,25878,25878,16,0.5,0.25,0.25,0,-1,,,,
MNQ DEC25,1s,1,4539,2025-10-27 10:35:40,25878.25,25878.25,25877.5,25878,34,0.75,0.25,0,0.5,-1,,,,
MNQ DEC25,10s,10,5853,2025-10-27 10:35:40,25875.75,25878.75,25875.5,25878,283,3.25,2.25,0.75,0.25,1,-159.25,15.45,0.95,-40.69
MNQ DEC25,20s,20,5926,2025-10-27 10:35:40,25872.25,25878.75,25871.75,25878,562,7,5.75,0.75,0.5,1,-150.55,35.5,-66.66666667,-2.66
MNQ DEC25,1s,1,4540,2025-10-27 10:35:41,25878,25878.25,25877.75,25878.25,24,0.5,0.25,0,0.25,1,,,,
MNQ DEC25,1s,1,4541,2025-10-27 10:35:42,25878.5,25879.5,25878.5,25878.75,50,1,0.25,0.75,0,1,,,,
MNQ DEC25,1s,1,4542,2025-10-27 10:35:43,25878.75,25879.75,25878.75,25879.5,58,1,0.75,0.25,0,1,,,,
MNQ DEC25,1s,1,4543,2025-10-27 10:35:44,25879.75,25879.75,25878.25,25878.25,99,1.5,1.5,0,0,-1,,,,
MNQ DEC25,1s,1,4544,2025-10-27 10:35:45,25878.5,25878.75,25877.75,25877.75,18,1,0.75,0.25,0,-1,,,,
MNQ DEC25,1s,1,4545,2025-10-27 10:35:46,25877.75,25878,25877.25,25877.25,38,0.75,0.5,0.25,0,-1,,,,
MNQ DEC25,1s,1,4546,2025-10-27 10:35:47,25877.25,25878.75,25877.25,25878.75,15,1.5,1.5,0,0,1,,,,
MNQ DEC25,1s,1,4547,2025-10-27 10:35:48,25878.5,25879,25878.25,25878.25,20,0.75,0.25,0.5,0,-1,,,,
MNQ DEC25,1s,1,4548,2025-10-27 10:35:49,25878.75,25878.75,25877.75,25877.75,21,1,1,0,0,-1,,,,
MNQ DEC25,1s,1,4549,2025-10-27 10:35:50,25878,25878,25877.5,25877.5,14,0.5,0.5,0,0,-1,,,,
MNQ DEC25,10s,10,5854,2025-10-27 10:35:50,25878,25879.75,25877.25,25877.5,357,2.5,0.5,1.75,0.25,-1,-149.65,9.6,18.43333333,-12.12
MNQ DEC25,1s,1,4550,2025-10-27 10:35:51,25878,25878,25877.25,25878,13,0.75,0,0,0.75,0,,,,
MNQ DEC25,1s,1,4551,2025-10-27 10:35:52,25877.75,25878.25,25877.5,25878,18,0.75,0.25,0.25,0.25,1,,,,
MNQ DEC25,1s,1,4552,2025-10-27 10:35:53,25878,25878.75,25878,25878.75,6,0.75,0.75,0,0,1,,,,
MNQ DEC25,1s,1,4553,2025-10-27 10:35:54,25878.75,25879,25878.25,25879,10,0.75,0.25,0,0.5,1,,,,
MNQ DEC25,1s,1,4554,2025-10-27 10:35:55,25879,25879,25878,25878.5,27,1,0.5,0,0.5,-1,,,,
MNQ DEC25,1s,1,4555,2025-10-27 10:35:56,25878.75,25879.5,25878.75,25879.5,22,0.75,0.75,0,0,1,,,,
MNQ DEC25,1s,1,4556,2025-10-27 10:35:57,25878.75,25879,25878.25,25878.5,15,0.75,0.25,0.25,0.25,-1,,,,
MNQ DEC25,1s,1,4557,2025-10-27 10:35:58,25878.75,25879.5,25878.5,25879.25,29,1,0.5,0.25,0.25,1,,,,
MNQ DEC25,1s,1,4558,2025-10-27 10:35:59,25878.75,25879.75,25878.25,25878.75,32,1.5,0,1,0.5,0,,,,
MNQ DEC25,1s,1,4559,2025-10-27 10:36:00,25879,25880,25879,25879.5,27,1,0.5,0.5,0,1,,,,
MNQ DEC25,10s,10,5855,2025-10-27 10:36:00,25878,25880,25877.25,25879.5,199,2.75,1.5,0.5,0.75,1,-183.6,-33.95,-2.96666667,-4.3
MNQ DEC25,20s,20,5927,2025-10-27 10:36:00,25878,25880,25877.25,25879.5,556,2.75,1.5,0.5,0.75,1,-343,-192.45,-67.4,-74.74
MNQ DEC25,1s,1,4560,2025-10-27 10:36:01,25879.25,25880,25878.25,25879,64,1.75,0.25,0.75,0.75,-1,,,,
MNQ DEC25,1s,1,4561,2025-10-27 10:36:02,25879.25,25879.75,25879,25879.75,28,0.75,0.5,0,0.25,1,,,,
MNQ DEC25,1s,1,4562,2025-10-27 10:36:03,25879.5,25882,25879.5,25881.25,253,2.5,1.75,0.75,0,1,,,,
MNQ DEC25,1s,1,4563,2025-10-27 10:36:04,25881.75,25882,25881,25882,94,1,0.25,0,0.75,1,,,,
MNQ DEC25,1s,1,4564,2025-10-27 10:36:05,25881.75,25883.75,25881.5,25882,302,2.25,0.25,1.75,0.25,1,,,,
MNQ DEC25,1s,1,4565,2025-10-27 10:36:06,25882,25882.5,25881,25881.75,113,1.5,0.25,0.5,0.75,-1,,,,
MNQ DEC25,1s,1,4566,2025-10-27 10:36:07,25882,25883,25881.5,25883,45,1.5,1,0,0.5,1,,,,
MNQ DEC25,1s,1,4567,2025-10-27 10:36:08,25883,25883.25,25882,25882.5,45,1.25,0.5,0.25,0.5,-1,,,,
MNQ DEC25,1s,1,4568,2025-10-27 10:36:09,25881.75,25882.75,25881.5,25881.5,75,1.25,0.25,1,0,-1,,,,
MNQ DEC25,1s,1,4569,2025-10-27 10:36:10,25881.5,25882.5,25881.5,25882.5,27,1,1,0,0,1,,,,
MNQ DEC25,10s,10,5856,2025-10-27 10:36:10,25879.25,25883.75,25878.25,25882.5,1046,5.5,3.25,1.25,1,1,-85,98.6,24.75,23.99
MNQ DEC25,1s,1,4570,2025-10-27 10:36:11,25882.5,25882.5,25881.5,25881.75,39,1,0.75,0,0.25,-1,,,,
MNQ DEC25,1s,1,4571,2025-10-27 10:36:12,25881.5,25882,25880.75,25882,33,1.25,0.5,0,0.75,1,,,,
MNQ DEC25,1s,1,4572,2025-10-27 10:36:13,25881.5,25881.5,25879,25879,73,2.5,2.5,0,0,-1,,,,
MNQ DEC25,1s,1,4573,2025-10-27 10:36:14,25879,25880.75,25879,25880.25,35,1.75,1.25,0.5,0,1,,,,
MNQ DEC25,1s,1,4574,2025-10-27 10:36:15,25880.25,25881.25,25880,25880.75,55,1.25,0.5,0.5,0.25,1,,,,
MNQ DEC25,1s,1,4575,2025-10-27 10:36:16,25880.75,25882.25,25880.75,25882.25,38,1.5,1.5,0,0,1,,,,
MNQ DEC25,1s,1,4576,2025-10-27 10:36:17,25881.75,25882.25,25881.25,25882.25,44,1,0.5,0,0.5,1,,,,
MNQ DEC25,1s,1,4577,2025-10-27 10:36:18,25882.25,25882.25,25881.25,25881.5,8,1,0.75,0,0.25,-1,,,,
MNQ DEC25,1s,1,4578,2025-10-27 10:36:19,25882,25882.25,25881.5,25882.25,20,0.75,0.25,0,0.5,1,,,,
MNQ DEC25,1s,1,4579,2025-10-27 10:36:20,25882,25882.5,25882,25882,11,0.5,0,0.5,0,0,,,,
MNQ DEC25,10s,10,5857,2025-10-27 10:36:20,25882.5,25882.5,25879,25882,356,3.5,0.5,0,3,-1,-71.7,13.3,25.98333333,20.6
MNQ DEC25,20s,20,5928,2025-10-27 10:36:20,25879.25,25883.75,25878.25,25882,1402,5.5,2.75,1.75,1,1,-249.05,93.95,-21,-59.7
MNQ DEC25,1s,1,4580,2025-10-27 10:36:21,25881.75,25882.5,25881.25,25881.25,24,1.25,0.5,0.75,0,-1,,,,
MNQ DEC25,1s,1,4581,2025-10-27 10:36:22,25881.25,25882,25880.75,25881.75,35,1.25,0.5,0.25,0.5,1,,,,
MNQ DEC25,1s,1,4582,2025-10-27 10:36:23,25881.5,25882.5,25881.5,25882.5,23,1,1,0,0,1,,,,
MNQ DEC25,1s,1,4583,2025-10-27 10:36:24,25882.25,25882.25,25881,25881.75,11,1.25,0.5,0,0.75,-1,,,,
MNQ DEC25,1s,1,4584,2025-10-27 10:36:25,25881.75,25883,25881.5,25882,45,1.5,0.25,1,0.25,1,,,,
MNQ DEC25,1s,1,4585,2025-10-27 10:36:26,25882,25885.5,25882,25884.25,299,3.5,2.25,1.25,0,1,,,,
MNQ DEC25,1s,1,4586,2025-10-27 10:36:27,25884.25,25884.5,25883.25,25884,66,1.25,0.25,0.25,0.75,-1,,,,
MNQ DEC25,1s,1,4587,2025-10-27 10:36:28,25883.75,25885.25,25883.5,25885,56,1.75,1.25,0.25,0.25,1,,,,
MNQ DEC25,1s,1,4588,2025-10-27 10:36:29,25885,25885.75,25884.5,25885.5,79,1.25,0.5,0.25,0.5,1,,,,
MNQ DEC25,1s,1,4589,2025-10-27 10:36:30,25885.25,25885.5,25884.5,25884.75,47,1,0.5,0.25,0.25,-1,,,,
MNQ DEC25,10s,10,5858,2025-10-27 10:36:30,25881.75,25885.75,25880.75,25884.75,685,5,3,1,1,1,3.4,75.1,62.33333333,32.53
MNQ DEC25,1s,1,4590,2025-10-27 10:36:31,25885.25,25886,25884.5,25885,73,1.5,0.25,0.75,0.5,-1,,,,
MNQ DEC25,1s,1,4591,2025-10-27 10:36:32,25884.75,25886,25884.25,25885.75,59,1.75,1,0.25,0.5,1,,,,
MNQ DEC25,1s,1,4592,2025-10-27 10:36:33,25885.25,25885.5,25884.5,25885.25,35,1,0,0.25,0.75,0,,,,
MNQ DEC25,1s,1,4593,2025-10-27 10:36:34,25885,25886.25,25885,25885.5,49,1.25,0.5,0.75,0,1,,,,
MNQ DEC25,1s,1,4594,2025-10-27 10:36:35,25885.75,25887.25,25885.25,25886.75,102,2,1,0.5,0.5,1,,,,
MNQ DEC25,1s,1,4595,2025-10-27 10:36:36,25886.5,25887,25885.75,25886.25,104,1.25,0.25,0.5,0.5,-1,,,,
MNQ DEC25,1s,1,4596,2025-10-27 10:36:37,25886,25886.75,25885.75,25886.5,44,1,0.5,0.25,0.25,1,,,,
MNQ DEC25,1s,1,4597,2025-10-27 10:36:38,25886.5,25886.5,25884.75,25885.25,64,1.75,1.25,0,0.5,-1,,,,
MNQ DEC25,1s,1,4598,2025-10-27 10:36:39,25885.25,25885.75,25884.5,25885,43,1.25,0.25,0.5,0.5,-1,,,,
MNQ DEC25,1s,1,4599,2025-10-27 10:36:40,25885,25885.5,25884.75,25884.75,31,0.75,0.25,0.5,0,-1,,,,
MNQ DEC25,10s,10,5859,2025-10-27 10:36:40,25885.25,25887.25,25884.25,25884.75,604,3,0.5,2,0.5,-1,83.75,80.35,56.25,46.68
MNQ DEC25,20s,20,5929,2025-10-27 10:36:40,25881.75,25887.25,25880.75,25884.75,1289,6.5,3,2.5,1,1,-142.2,106.85,2.78333333,-0.28
MNQ DEC25,1s,1,4600,2025-10-27 10:36:41,25885.75,25885.75,25885,25885,16,0.75,0.75,0,0,-1,,,,
MNQ DEC25,1s,1,4601,2025-10-27 10:36:42,25885,25885.75,25884.75,25885.25,17,1,0.25,0.5,0.25,1,,,,
MNQ DEC25,1s,1,4602,2025-10-27 10:36:43,25885.25,25885.25,25884.25,25884.5,35,1,0.75,0,0.25,-1,,,,
MNQ DEC25,1s,1,4603,2025-10-27 10:36:44,25884.25,25884.5,25883.5,25884,58,1,0.25,0.25,0.5,-1,,,,
MNQ DEC25,1s,1,4604,2025-10-27 10:36:45,25883.75,25885.25,25883.5,25884.75,80,1.75,1,0.5,0.25,1,,,,
MNQ DEC25,1s,1,4605,2025-10-27 10:36:46,25885,25885,25884,25884.5,25,1,0.5,0,0.5,-1,,,,
MNQ DEC25,1s,1,4606,2025-10-27 10:36:47,25884.5,25886,25884.25,25885.25,72,1.75,0.75,0.75,0.25,1,,,,
MNQ DEC25,1s,1,4607,2025-10-27 10:36:48,25885.25,25886.25,25885.25,25885.75,26,1,0.5,0.5,0,1,,,,
MNQ DEC25,1s,1,4608,2025-10-27 10:36:49,25885.75,25886.75,25885.5,25886,24,1.25,0.25,0.75,0.25,1,,,,
MNQ DEC25,1s,1,4609,2025-10-27 10:36:50,25886.5,25886.5,25885.5,25885.75,21,1,0.75,0,0.25,-1,,,,
MNQ DEC25,10s,10,5860,2025-10-27 10:36:50,25885.75,25886.75,25883.5,25885.75,374,3.25,0,1,2.25,0,152.7,68.95,74.8,67.26
MNQ DEC25,1s,1,4610,2025-10-27 10:36:51,25885.25,25885.75,25885.25,25885.75,25,0.5,0.5,0,0,1,,,,
MNQ DEC25,1s,1,4611,2025-10-27 10:36:52,25885.25,25885.5,25884.25,25884.25,32,1.25,1,0.25,0,-1,,,,
MNQ DEC25,1s,1,4612,2025-10-27 10:36:53,25884,25884.75,25883,25883.75,46,1.75,0.25,0.75,0.75,-1,,,,
MNQ DEC25,1s,1,4613,2025-10-27 10:36:54,25884.25,25884.25,25883.5,25883.75,28,0.75,0.5,0,0.25,-1,,,,
MNQ DEC25,1s,1,4614,2025-10-27 10:36:55,25884,25884.5,25883.75,25883.75,22,0.75,0.25,0.5,0,-1,,,,
MNQ DEC25,1s,1,4615,2025-10-27 10:36:56,25884,25884.25,25883.5,25884,16,0.75,0,0.25,0.5,0,,,,
MNQ DEC25,1s,1,4616,2025-10-27 10:36:57,25883.75,25884.75,25883.75,25884.75,24,1,1,0,0,1,,,,
MNQ DEC25,1s,1,4617,2025-10-27 10:36:58,25884.75,25885,25884.25,25884.5,24,0.75,0.25,0.25,0.25,-1,,,,
MNQ DEC25,1s,1,4618,2025-10-27 10:36:59,25885,25885,25884.5,25884.5,14,0.5,0.5,0,0,-1,,,,
MNQ DEC25,1s,1,4619,2025-10-27 10:37:00,25884.5,25885,25884.5,25885,20,0.5,0.5,0,0,1,,,,
MNQ DEC25,10s,10,5861,2025-10-27 10:37:00,25885.25,25885.75,25883,25885,251,2.75,0.25,0.5,2,-1,4.05,-148.65,0.21666667,17.81
MNQ DEC25,20s,20,5930,2025-10-27 10:37:00,25885.75,25886.75,25883,25885,625,3.75,0.75,1,2,-1,-95.55,46.65,82.48333333,18.1
MNQ DEC25,1s,1,4620,2025-10-27 10:37:01,25885.25,25885.75,25884.75,25885.25,28,1,0,0.5,0.5,0,,,,
MNQ DEC25,1s,1,4621,2025-10-27 10:37:02,25885,25886,25885,25885.75,31,1,0.75,0.25,0,1,,,,
MNQ DEC25,1s,1,4622,2025-10-27 10:37:03,25886,25886.5,25885.5,25886.25,35,1,0.25,0.25,0.5,1,,,,
MNQ DEC25,1s,1,4623,2025-10-27 10:37:04,25886,25886.5,25885,25885,49,1.5,1,0.5,0,-1,,,,
MNQ DEC25,1s,1,4624,2025-10-27 10:37:05,25885.5,25885.5,25885,25885.25,47,0.5,0.25,0,0.25,-1,,,,
MNQ DEC25,1s,1,4625,2025-10-27 10:37:06,25885.75,25886.25,25885.25,25886,60,1,0.25,0.25,0.5,1,,,,
MNQ DEC25,1s,1,4626,2025-10-27 10:37:07,25885.75,25886,25885.5,25886,13,0.5,0.25,0,0.25,1,,,,
MNQ DEC25,1s,1,4627,2025-10-27 10:37:08,25885.5,25886,25884.75,25884.75,14,1.25,0.75,0.5,0,-1,,,,
MNQ DEC25,1s,1,4628,2025-10-27 10:37:09,25885.75,25885.75,25885,25885.25,32,0.75,0.5,0,0.25,-1,,,,
MNQ DEC25,1s,1,4629,2025-10-27 10:37:10,25885.25,25885.5,25884.5,25884.5,21,1,0.75,0.25,0,-1,,,,
MNQ DEC25,10s,10,5862,2025-10-27 10:37:10,25885.25,25886.5,25884.5,25884.5,330,2,0.75,1.25,0,-1,-6.3,-10.35,-30.01666667,13.08
MNQ DEC25,1s,1,4630,2025-10-27 10:37:11,25885,25885,25884.25,25884.5,35,0.75,0.5,0,0.25,-1,,,,
MNQ DEC25,1s,1,4631,2025-10-27 10:37:12,25884.25,25885.5,25884.25,25885,17,1.25,0.75,0.5,0,1,,,,
MNQ DEC25,1s,1,4632,2025-10-27 10:37:13,25885,25885.5,25885,25885,20,0.5,0,0.5,0,0,,,,
MNQ DEC25,1s,1,4633,2025-10-27 10:37:14,25885.25,25886.25,25885.25,25885.5,34,1,0.25,0.75,0,1,,,,
MNQ DEC25,1s,1,4634,2025-10-27 10:37:15,25885.75,25886.5,25885.75,25886.25,10,0.75,0.5,0.25,0,1,,,,
MNQ DEC25,1s,1,4635,2025-10-27 10:37:16,25886.5,25886.5,25886,25886,19,0.5,0.5,0,0,-1,,,,
MNQ DEC25,1s,1,4636,2025-10-27 10:37:17,25886.25,25886.5,25886,25886,7,0.5,0.25,0.25,0,-1,,,,
MNQ DEC25,1s,1,4637,2025-10-27 10:37:18,25886,25886,25885.5,25885.75,16,0.5,0.25,0,0.25,-1,,,,
MNQ DEC25,1s,1,4638,2025-10-27 10:37:19,25886,25886.25,25885.5,25885.75,27,0.75,0.25,0.25,0.25,-1,,,,
MNQ DEC25,1s,1,4639,2025-10-27 10:37:20,25885.5,25885.75,25884.75,25884.75,20,1,0.75,0.25,0,-1,,,,
MNQ DEC25,10s,10,5863,2025-10-27 10:37:20,25885,25886.5,25884.25,25884.75,205,2.25,0.25,1.5,0.5,-1,-97.35,-91.05,-83.35,-20.15
MNQ DEC25,20s,20,5931,2025-10-27 10:37:20,25885.25,25886.5,25884.25,25884.75,535,2.25,0.5,1.25,0.5,-1,-79.3,16.25,56.58333333,14.25
MNQ DEC25,1s,1,4640,2025-10-27 10:37:21,25885,25885.5,25885,25885,19,0.5,0,0.5,0,0,,,,
MNQ DEC25,1s,1,4641,2025-10-27 10:37:22,25885,25885.25,25884,25884.25,41,1.25,0.75,0.25,0.25,-1,,,,
MNQ DEC25,1s,1,4642,2025-10-27 10:37:23,25884,25884,25881.25,25881.75,191,2.75,2.25,0,0.5,-1,,,,
MNQ DEC25,1s,1,4643,2025-10-27 10:37:24,25882,25882,25880.5,25881,87,1.5,1,0,0.5,-1,,,,
MNQ DEC25,1s,1,4644,2025-10-27 10:37:25,25880.75,25882.75,25880.25,25882,65,2.5,1.25,0.75,0.5,1,,,,
MNQ DEC25,1s,1,4645,2025-10-27 10:37:26,25882,25883.25,25882,25882.75,13,1.25,0.75,0.5,0,1,,,,
MNQ DEC25,1s,1,4646,2025-10-27 10:37:27,25882.5,25883.25,25881.5,25882,40,1.75,0.5,0.75,0.5,-1,,,,
MNQ DEC25,1s,1,4647,2025-10-27 10:37:28,25881.75,25882,25879.25,25880.25,136,2.75,1.5,0.25,1,-1,,,,
MNQ DEC25,1s,1,4648,2025-10-27 10:37:29,25879.75,25880,25879,25879.5,63,1,0.25,0.25,0.5,-1,,,,
MNQ DEC25,1s,1,4649,2025-10-27 10:37:30,25879.5,25881.5,25879.25,25881.25,69,2.25,1.75,0.25,0.25,1,,,,
MNQ DEC25,10s,10,5864,2025-10-27 10:37:30,25885,25885.5,25879,25881.25,724,6.5,3.75,0.5,2.25,-1,-56.1,41.25,-20.05,-27.97
MNQ DEC25,1s,1,4650,2025-10-27 10:37:31,25881,25881,25880.25,25881,28,0.75,0,0,0.75,0,,,,
MNQ DEC25,1s,1,4651,2025-10-27 10:37:32,25880.75,25881.75,25880.75,25881.75,16,1,1,0,0,1,,,,
MNQ DEC25,1s,1,4652,2025-10-27 10:37:33,25881.5,25881.5,25880.75,25880.75,18,0.75,0.75,0,0,-1,,,,
MNQ DEC25,1s,1,4653,2025-10-27 10:37:34,25881.5,25882.75,25881.5,25882.75,52,1.25,1.25,0,0,1,,,,
MNQ DEC25,1s,1,4654,2025-10-27 10:37:35,25883,25883.5,25882.75,25883,44,0.75,0,0.5,0.25,0,,,,
MNQ DEC25,1s,1,4655,2025-10-27 10:37:36,25883.25,25883.25,25882.75,25882.75,16,0.5,0.5,0,0,-1,,,,
MNQ DEC25,1s,1,4656,2025-10-27 10:37:37,25883.25,25883.25,25882.25,25882.5,26,1,0.75,0,0.25,-1,,,,
MNQ DEC25,1s,1,4657,2025-10-27 10:37:38,25882,25883.25,25881.75,25882.75,43,1.5,0.75,0.5,0.25,1,,,,
MNQ DEC25,1s,1,4658,2025-10-27 10:37:39,25883,25883,25882,25882,7,1,1,0,0,-1,,,,
MNQ DEC25,1s,1,4659,2025-10-27 10:37:40,25881.75,25882.75,25881.75,25881.75,50,1,0,1,0,0,,,,
MNQ DEC25,10s,10,5865,2025-10-27 10:37:40,25881,25883.5,25880.25,25881.75,300,3.25,0.75,1.75,0.75,1,-47.15,8.95,-13.61666667,-39.97
MNQ DEC25,20s,20,5932,2025-10-27 10:37:40,25885,25885.5,25879,25881.75,1024,6.5,3.25,0.5,2.75,-1,10.6,89.9,50.93333333,70.72
MNQ DEC25,1s,1,4660,2025-10-27 10:37:41,25882,25882.5,25881.75,25882.25,19,0.75,0.25,0.25,0.25,1,,,,
MNQ DEC25,1s,1,4661,2025-10-27 10:37:42,25881.75,25882.75,25881.75,25882.75,25,1,1,0,0,1,,,,
MNQ DEC25,1s,1,4662,2025-10-27 10:37:43,25882.75,25883.25,25882.5,25882.75,18,0.75,0,0.5,0.25,0,,,,
MNQ DEC25,1s,1,4663,2025-10-27 10:37:44,25882.75,25883.25,25882,25882.5,45,1.25,0.25,0.5,0.5,-1,,,,
MNQ DEC25,1s,1,4664,2025-10-27 10:37:45,25881.5,25883,25881.5,25882.75,21,1.5,1.25,0.25,0,1,,,,
MNQ DEC25,1s,1,4665,2025-10-27 10:37:46,25883.25,25884.25,25883.25,25884.25,12,1,1,0,0,1,,,,
MNQ DEC25,1s,1,4666,2025-10-27 10:37:47,25883.75,25884.25,25883.5,25884.25,16,0.75,0.5,0,0.25,1,,,,
MNQ DEC25,1s,1,4667,2025-10-27 10:37:48,25884.5,25884.75,25884,25884.5,20,0.75,0,0.25,0.5,0,,,,
MNQ DEC25,1s,1,4668,2025-10-27 10:37:49,25884.25,25886,25883.75,25885.5,119,2.25,1.25,0.5,0.5,1,,,,
MNQ DEC25,1s,1,4669,2025-10-27 10:37:50,25885.75,25887,25885.5,25885.75,57,1.5,0,1.25,0.25,0,,,,
MNQ DEC25,10s,10,5866,2025-10-27 10:37:50,25882,25887,25881.5,25885.75,352,5.5,3.75,1.25,0.5,1,-15.7,31.45,27.21666667,-3.95
MNQ DEC25,1s,1,4670,2025-10-27 10:37:51,25885.25,25886.5,25885,25886.5,31,1.5,1.25,0,0.25,1,,,,
MNQ DEC25,1s,1,4671,2025-10-27 10:37:52,25886.5,25886.5,25884.75,25885,79,1.75,1.5,0,0.25,-1,,,,
MNQ DEC25,1s,1,4672,2025-10-27 10:37:53,25885,25885.75,25884.75,25885.25,43,1,0.25,0.5,0.25,1,,,,
MNQ DEC25,1s,1,4673,2025-10-27 10:37:54,25885.25,25885.5,25883,25883.25,120,2.5,2,0.25,0.25,-1,,,,
MNQ DEC25,1s,1,4674,2025-10-27 10:37:55,25883,25883.5,25882,25882.25,47,1.5,0.75,0.5,0.25,-1,,,,
MNQ DEC25,1s,1,4675,2025-10-27 10:37:56,25882.5,25882.75,25882,25882.75,39,0.75,0.25,0,0.5,1,,,,
MNQ DEC25,1s,1,4676,2025-10-27 10:37:57,25882.25,25882.75,25881.5,25881.5,25,1.25,0.75,0.5,0,-1,,,,
MNQ DEC25,1s,1,4677,2025-10-27 10:37:58,25881.75,25882.5,25881.5,25882.5,18,1,0.75,0,0.25,1,,,,
MNQ DEC25,1s,1,4678,2025-10-27 10:37:59,25882.25,25882.5,25881.5,25881.75,51,1,0.5,0.25,0.25,-1,,,,
MNQ DEC25,1s,1,4679,2025-10-27 10:38:00,25881.25,25882.25,25881.25,25882,22,1,0.75,0.25,0,1,,,,
MNQ DEC25,10s,10,5867,2025-10-27 10:38:00,25885.25,25886.5,25881.25,25882,475,5.25,3.25,1.25,0.75,-1,0.65,16.35,18.91666667,1.39
MNQ DEC25,20s,20,5933,2025-10-27 10:38:00,25882,25887,25881.25,25882,827,5.75,0,5,0.75,0,-99.75,-110.35,-1.4,29.86
MNQ DEC25,1s,1,4680,2025-10-27 10:38:01,25881.5,25882,25881.5,25881.5,24,0.5,0,0.5,0,0,,,,
MNQ DEC25,1s,1,4681,2025-10-27 10:38:02,25881.5,25883,25881.5,25882.75,45,1.5,1.25,0.25,0,1,,,,
MNQ DEC25,1s,1,4682,2025-10-27 10:38:03,25882.75,25883.75,25882.75,25883.25,6,1,0.5,0.5,0,1,,,,
MNQ DEC25,1s,1,4683,2025-10-27 10:38:04,25883.75,25884.25,25883.25,25883.5,25,1,0.25,0.5,0.25,-1,,,,
MNQ DEC25,1s,1,4684,2025-10-27 10:38:05,25883.75,25883.75,25883.25,25883.75,8,0.5,0,0,0.5,0,,,,
MNQ DEC25,1s,1,4685,2025-10-27 10:38:06,25883.75,25883.75,25882.75,25882.75,17,1,1,0,0,-1,,,,
MNQ DEC25,1s,1,4686,2025-10-27 10:38:07,25883.5,25883.5,25882.5,25882.5,27,1,1,0,0,-1,,,,
MNQ DEC25,1s,1,4687,2025-10-27 10:38:08,25882.25,25882.25,25881.25,25881.5,21,1,0.75,0,0.25,-1,,,,
MNQ DEC25,1s,1,4688,2025-10-27 10:38:09,25881.75,25881.75,25881,25881.5,30,0.75,0.25,0,0.5,-1,,,,
MNQ DEC25,1s,1,4689,2025-10-27 10:38:10,25881.25,25883.25,25881.25,25883,41,2,1.75,0.25,0,1,,,,
MNQ DEC25,10s,10,5868,2025-10-27 10:38:10,25881.5,25884.25,25881,25883,244,3.25,1.5,1.25,0.5,1,11.45,10.8,19.53333333,21.76
MNQ DEC25,1s,1,4690,2025-10-27 10:38:11,25883,25883,25882.5,25882.75,17,0.5,0.25,0,0.25,-1,,,,
MNQ DEC25,1s,1,4691,2025-10-27 10:38:12,25883.25,25884,25882.75,25882.75,41,1.25,0.5,0.75,0,-1,,,,
MNQ DEC25,1s,1,4692,2025-10-27 10:38:13,25883.25,25883.25,25882.5,25882.75,7,0.75,0.5,0,0.25,-1,,,,
MNQ DEC25,1s,1,4693,2025-10-27 10:38:14,25882.25,25882.25,25881.25,25881.75,13,1,0.5,0,0.5,-1,,,,
MNQ DEC25,1s,1,4694,2025-10-27 10:38:15,25881.75,25882.75,25881.75,25882.75,9,1,1,0,0,1,,,,
MNQ DEC25,1s,1,4695,2025-10-27 10:38:16,25882.25,25882.75,25880.5,25880.75,42,2.25,1.5,0.5,0.25,-1,,,,
MNQ DEC25,1s,1,4696,2025-10-27 10:38:17,25880.5,25880.75,25879.75,25880,46,1,0.5,0.25,0.25,-1,,,,
MNQ DEC25,1s,1,4697,2025-10-27 10:38:18,25880,25880,25878.5,25879.25,75,1.5,0.75,0,0.75,-1,,,,
MNQ DEC25,1s,1,4698,2025-10-27 10:38:19,25879.5,25880.5,25879.25,25880,64,1.25,0.5,0.5,0.25,1,,,,
MNQ DEC25,1s,1,4699,2025-10-27 10:38:20,25879.5,25880.5,25879,25879,27,1.5,0.5,1,0,-1,,,,
MNQ DEC25,10s,10,5869,2025-10-27 10:38:20,25883,25884,25878.5,25879,341,5.5,4,1,0.5,-1,-66.35,-77.8,-16.88333333,-2.05
MNQ DEC25,20s,20,5934,2025-10-27 10:38:20,25881.5,25884.25,25878.5,25879,585,5.75,2.5,2.75,0.5,-1,-217.6,-117.85,-46.1,-15.08
MNQ DEC25,1s,1,4700,2025-10-27 10:38:21,25879,25879.25,25878.75,25879,15,0.5,0,0.25,0.25,0,,,,
MNQ DEC25,1s,1,4701,2025-10-27 10:38:22,25878.75,25879.5,25878,25878,62,1.5,0.75,0.75,0,-1,,,,
MNQ DEC25,1s,1,4702,2025-10-27 10:38:23,25878.75,25879.25,25878,25878.5,81,1.25,0.25,0.5,0.5,-1,,,,
MNQ DEC25,1s,1,4703,2025-10-27 10:38:24,25878.5,25880.5,25878.5,25880.5,61,2,2,0,0,1,,,,
MNQ DEC25,1s,1,4704,2025-10-27 10:38:25,25880.25,25880.75,25879.25,25880.5,29,1.5,0.25,0.25,1,1,,,,
MNQ DEC25,1s,1,4705,2025-10-27 10:38:26,25880,25880.75,25879.75,25879.75,27,1,0.25,0.75,0,-1,,,,
MNQ DEC25,1s,1,4706,2025-10-27 10:38:27,25879.75,25880,25879.25,25880,29,0.75,0.25,0,0.5,1,,,,
MNQ DEC25,1s,1,4707,2025-10-27 10:38:28,25880,25880.25,25879.5,25880,13,0.75,0,0.25,0.5,0,,,,
MNQ DEC25,1s,1,4708,2025-10-27 10:38:29,25879.75,25880.25,25878.5,25878.75,36,1.75,1,0.5,0.25,-1,,,,
MNQ DEC25,1s,1,4709,2025-10-27 10:38:30,25878.5,25879.25,25878.25,25879.25,30,1,0.75,0,0.25,1,,,,
MNQ DEC25,10s,10,5870,2025-10-27 10:38:30,25879,25880.75,25878,25879.25,383,2.75,0.25,1.5,1,1,-48.65,17.7,-16.43333333,-0.3
MNQ DEC25,1s,1,4710,2025-10-27 10:38:31,25879.5,25880,25879.25,25880,30,0.75,0.5,0,0.25,1,,,,
MNQ DEC25,1s,1,4711,2025-10-27 10:38:32,25880,25880.25,25879.25,25880,26,1,0,0.25,0.75,0,,,,
MNQ DEC25,1s,1,4712,2025-10-27 10:38:33,25880,25880.25,25879.25,25880.25,26,1,0.25,0,0.75,1,,,,
MNQ DEC25,1s,1,4713,2025-10-27 10:38:34,25880.5,25880.5,25880,25880.5,14,0.5,0,0,0.5,0,,,,
MNQ DEC25,1s,1,4714,2025-10-27 10:38:35,25880.5,25881,25879.5,25879.75,46,1.5,0.75,0.5,0.25,-1,,,,
MNQ DEC25,1s,1,4715,2025-10-27 10:38:36,25880,25880,25879.5,25879.75,15,0.5,0.25,0,0.25,-1,,,,
MNQ DEC25,1s,1,4716,2025-10-27 10:38:37,25880,25881,25880,25881,84,1,1,0,0,1,,,,
MNQ DEC25,1s,1,4717,2025-10-27 10:38:38,25881,25881.5,25880.75,25880.75,36,0.75,0.25,0.5,0,-1,,,,
MNQ DEC25,1s,1,4718,2025-10-27 10:38:39,25881,25881,25879.75,25880.25,40,1.25,0.75,0,0.5,-1,,,,
MNQ DEC25,1s,1,4719,2025-10-27 10:38:40,25880.5,25881,25880.25,25880.5,41,0.75,0,0.5,0.25,0,,,,
MNQ DEC25,10s,10,5871,2025-10-27 10:38:40,25879.5,25881.5,25879.25,25880.5,358,2.25,1,1,0.25,1,-47.1,1.55,-19.51666667,-6.28
MNQ DEC25,20s,20,5935,2025-10-27 10:38:40,25879,25881.5,25878,25880.5,741,3.5,1.5,1,1,1,-192.45,25.15,-67.68333333,-19.38
MNQ DEC25,1s,1,4720,2025-10-27 10:38:41,25880.75,25880.75,25879.75,25879.75,26,1,1,0,0,-1,,,,
MNQ DEC25,1s,1,4721,2025-10-27 10:38:42,25879.5,25880.5,25879.5,25880.25,33,1,0.75,0.25,0,1,,,,
MNQ DEC25,1s,1,4722,2025-10-27 10:38:43,25880.25,25880.25,25879.25,25879.75,17,1,0.5,0,0.5,-1,,,,
MNQ DEC25,1s,1,4723,2025-10-27 10:38:44,25879.75,25879.75,25879,25879.25,15,0.75,0.5,0,0.25,-1,,,,
MNQ DEC25,1s,1,4724,2025-10-27 10:38:45,25879,25879.25,25879,25879.25,10,0.25,0.25,0,0,1,,,,
MNQ DEC25,1s,1,4725,2025-10-27 10:38:46,25879.25,25880,25879,25879.75,23,1,0.5,0.25,0.25,1,,,,
MNQ DEC25,1s,1,4726,2025-10-27 10:38:47,25880,25880.75,25879.75,25880,19,1,0,0.75,0.25,0,,,,
MNQ DEC25,1s,1,4727,2025-10-27 10:38:48,25879.75,25880.25,25878.75,25878.75,13,1.5,1,0.5,0,-1,,,,
MNQ DEC25,1s,1,4728,2025-10-27 10:38:49,25879.25,25879.25,25878.5,25878.75,18,0.75,0.5,0,0.25,-1,,,,
MNQ DEC25,1s,1,4729,2025-10-27 10:38:50,25878.25,25878.25,25877,25877.25,98,1.25,1,0,0.25,-1,,,,
MNQ DEC25,10s,10,5872,2025-10-27 10:38:50,25880.75,25880.75,25877,25877.25,272,3.75,3.5,0,0.25,-1,-87.35,-40.25,-7,-17.6
MNQ DEC25,1s,1,4730,2025-10-27 10:38:51,25877.25,25877.75,25877,25877.75,58,0.75,0.5,0,0.25,1,,,,
MNQ DEC25,1s,1,4731,2025-10-27 10:38:52,25877.75,25879,25877.25,25879,53,1.75,1.25,0,0.5,1,,,,
MNQ DEC25,1s,1,4732,2025-10-27 10:38:53,25878.75,25879.25,25878.75,25878.75,13,0.5,0,0.5,0,0,,,,
MNQ DEC25,1s,1,4733,2025-10-27 10:38:54,25878.75,25879.75,25878.5,25878.75,22,1.25,0,1,0.25,0,,,,
MNQ DEC25,1s,1,4734,2025-10-27 10:38:55,25878.75,25879.25,25878.75,25879.25,9,0.5,0.5,0,0,1,,,,
MNQ DEC25,1s,1,4735,2025-10-27 10:38:56,25879,25879.75,25878.75,25879.25,9,1,0.25,0.5,0.25,1,,,,
MNQ DEC25,1s,1,4736,2025-10-27 10:38:57,25879.25,25879.5,25878.75,25879.5,18,0.75,0.25,0,0.5,1,,,,
MNQ DEC25,1s,1,4737,2025-10-27 10:38:58,25879.5,25879.75,25879.25,25879.5,7,0.5,0,0.25,0.25,0,,,,
MNQ DEC25,1s,1,4738,2025-10-27 10:38:59,25879.5,25880,25879.25,25879.5,13,0.75,0,0.5,0.25,0,,,,
MNQ DEC25,1s,1,4739,2025-10-27 10:39:00,25880,25880.25,25879.75,25880,28,0.5,0,0.25,0.25,0,,,,
MNQ DEC25,10s,10,5873,2025-10-27 10:39:00,25877.25,25880.25,25877,25880,230,3.25,2.75,0.25,0.25,1,-87.5,-0.15,-12.95,-19.79
MNQ DEC25,20s,20,5936,2025-10-27 10:39:00,25880.75,25880.75,25877,25880,502,3.75,0.75,0,3,-1,-157.55,34.9,-19.26666667,-15.65
MNQ DEC25,1s,1,4740,2025-10-27 10:39:01,25879.75,25880.25,25879.75,25880,17,0.5,0.25,0.25,0,1,,,,
MNQ DEC25,1s,1,4741,2025-10-27 10:39:02,25880,25880.75,25880,25880.75,10,0.75,0.75,0,0,1,,,,
MNQ DEC25,1s,1,4742,2025-10-27 10:39:03,25880.75,25881,25879.75,25880.75,38,1.25,0,0.25,1,0,,,,
MNQ DEC25,1s,1,4743,2025-10-27 10:39:04,25881,25881.5,25880.25,25881.5,50,1.25,0.5,0,0.75,1,,,,
MNQ DEC25,1s,1,4744,2025-10-27 10:39:05,25881,25882,25881,25882,62,1,1,0,0,1,,,,
MNQ DEC25,1s,1,4745,2025-10-27 10:39:06,25882.25,25883,25881.75,25883,39,1.25,0.75,0,0.5,1,,,,
MNQ DEC25,1s,1,4746,2025-10-27 10:39:07,25883,25883.25,25881.75,25881.75,56,1.5,1.25,0.25,0,-1,,,,
MNQ DEC25,1s,1,4747,2025-10-27 10:39:08,25881.75,25882.25,25881.5,25881.75,29,0.75,0,0.5,0.25,0,,,,
MNQ DEC25,1s,1,4748,2025-10-27 10:39:09,25881.75,25882.5,25881.75,25881.75,17,0.75,0,0.75,0,0,,,,
MNQ DEC25,1s,1,4749,2025-10-27 10:39:10,25882,25883,25882,25883,7,1,1,0,0,1,,,,
MNQ DEC25,10s,10,5874,2025-10-27 10:39:10,25879.75,25883.25,25879.75,25883,325,3.5,3.25,0.25,0,1,-89.1,-1.6,-14,-4.55
MNQ DEC25,1s,1,4750,2025-10-27 10:39:11,25882.5,25884,25882.5,25883,34,1.5,0.5,1,0,1,,,,
MNQ DEC25,1s,1,4751,2025-10-27 10:39:12,25883.25,25883.25,25882.25,25883,29,1,0.25,0,0.75,-1,,,,
MNQ DEC25,1s,1,4752,2025-10-27 10:39:13,25883,25883,25881.25,25881.25,27,1.75,1.75,0,0,-1,,,,
MNQ DEC25,1s,1,4753,2025-10-27 10:39:14,25882,25882,25881,25881.5,17,1,0.5,0,0.5,-1,,,,
MNQ DEC25,1s,1,4754,2025-10-27 10:39:15,25881.75,25881.75,25881.25,25881.75,10,0.5,0,0,0.5,0,,,,
MNQ DEC25,1s,1,4755,2025-10-27 10:39:16,25881.25,25882.25,25881.25,25882.25,8,1,1,0,0,1,,,,
MNQ DEC25,1s,1,4756,2025-10-27 10:39:17,25882.5,25883,25882.25,25883,20,0.75,0.5,0,0.25,1,,,,
MNQ DEC25,1s,1,4757,2025-10-27 10:39:18,25883,25883.25,25882.5,25883,14,0.75,0,0.25,0.5,0,,,,
MNQ DEC25,1s,1,4758,2025-10-27 10:39:19,25883.25,25883.25,25883.25,25883.25,4,0,0,0,0,0,,,,
MNQ DEC25,1s,1,4759,2025-10-27 10:39:20,25882.75,25883.25,25882.75,25883.25,6,0.5,0.5,0,0,1,,,,
MNQ DEC25,10s,10,5875,2025-10-27 10:39:20,25882.5,25884,25881,25883.25,169,3,0.75,0.75,1.5,1,-130.4,-41.3,-14.35,-16.35
MNQ DEC25,20s,20,5937,2025-10-27 10:39:20,25879.75,25884,25879.75,25883.25,494,4.25,3.5,0.75,0,1,-251.6,-94.05,-11.33333333,-52.44
MNQ DEC25,1s,1,4760,2025-10-27 10:39:21,25883,25883.25,25883,25883,5,0.25,0,0.25,0,0,,,,
MNQ DEC25,1s,1,4761,2025-10-27 10:39:22,25883.5,25885,25883.25,25884.75,81,1.75,1.25,0.25,0.25,1,,,,
MNQ DEC25,1s,1,4762,2025-10-27 10:39:23,25885,25885,25884,25884.5,16,1,0.5,0,0.5,-1,,,,
MNQ DEC25,1s,1,4763,2025-10-27 10:39:24,25884,25885,25883.75,25884.5,29,1.25,0.5,0.5,0.25,1,,,,
MNQ DEC25,1s,1,4764,2025-10-27 10:39:25,25884.5,25885,25884.5,25885,9,0.5,0.5,0,0,1,,,,
MNQ DEC25,1s,1,4765,2025-10-27 10:39:26,25885.25,25885.75,25884.5,25884.75,46,1.25,0.5,0.5,0.25,-1,,,,
MNQ DEC25,1s,1,4766,2025-10-27 10:39:27,25884.25,25885,25884.25,25884.75,34,0.75,0.5,0.25,0,1,,,,
MNQ DEC25,1s,1,4767,2025-10-27 10:39:28,25884.75,25884.75,25883,25883.25,46,1.75,1.5,0,0.25,-1,,,,
MNQ DEC25,1s,1,4768,2025-10-27 10:39:29,25883,25883.5,25883,25883,15,0.5,0,0.5,0,0,,,,
MNQ DEC25,1s,1,4769,2025-10-27 10:39:30,25883.25,25883.25,25882.75,25882.75,10,0.5,0.5,0,0,-1,,,,
MNQ DEC25,10s,10,5876,2025-10-27 10:39:30,25883,25885.75,25882.75,25882.75,291,3,0.25,2.75,0,-1,-106.05,24.35,-6.18333333,-11.79
MNQ DEC25,1s,1,4770,2025-10-27 10:39:31,25882.75,25885.25,25882.25,25882.25,213,3,0.5,2.5,0,-1,,,,
MNQ DEC25,1s,1,4771,2025-10-27 10:39:32,25882,25883,25880.75,25882.5,36,2.25,0.5,0.5,1.25,1,,,,
MNQ DEC25,1s,1,4772,2025-10-27 10:39:33,25882.25,25882.75,25881.75,25882,34,1,0.25,0.5,0.25,-1,,,,
MNQ DEC25,1s,1,4773,2025-10-27 10:39:34,25881.5,25882,25881.25,25882,22,0.75,0.5,0,0.25,1,,,,
MNQ DEC25,1s,1,4774,2025-10-27 10:39:35,25881.5,25881.5,25880.5,25881,41,1,0.5,0,0.5,-1,,,,
MNQ DEC25,1s,1,4775,2025-10-27 10:39:36,25880.75,25880.75,25880,25880,46,0.75,0.75,0,0,-1,,,,
MNQ DEC25,1s,1,4776,2025-10-27 10:39:37,25880,25881.5,25879.25,25881,69,2.25,1,0.5,0.75,1,,,,
MNQ DEC25,1s,1,4777,2025-10-27 10:39:38,25881,25881.5,25880,25880,19,1.5,1,0.5,0,-1,,,,
MNQ DEC25,1s,1,4778,2025-10-27 10:39:39,25880.5,25880.75,25880.25,25880.75,13,0.5,0.25,0,0.25,1,,,,
MNQ DEC25,1s,1,4779,2025-10-27 10:39:40,25881.5,25881.5,25880.75,25881.25,12,0.75,0.25,0,0.5,-1,,,,
MNQ DEC25,10s,10,5877,2025-10-27 10:39:40,25882.75,25885.25,25879.25,25881.25,505,6,1.5,2.5,2,-1,-66.9,39.15,7.4,4.09
MNQ DEC25,20s,20,5938,2025-10-27 10:39:40,25883,25885.75,25879.25,25881.25,796,6.5,1.75,2.75,2,-1,-267.2,-15.6,-24.91666667,-33.49
MNQ DEC25,1s,1,4780,2025-10-27 10:39:41,25880.75,25881.75,25880.75,25881.75,27,1,1,0,0,1,,,,
MNQ DEC25,1s,1,4781,2025-10-27 10:39:42,25882,25883,25882,25883,23,1,1,0,0,1,,,,
MNQ DEC25,1s,1,4782,2025-10-27 10:39:43,25883,25883.25,25882.25,25882.25,25,1,0.75,0.25,0,-1,,,,
MNQ DEC25,1s,1,4783,2025-10-27 10:39:44,25882.5,25883,25882.25,25882.25,14,0.75,0.25,0.5,0,-1,,,,
MNQ DEC25,1s,1,4784,2025-10-27 10:39:45,25882.75,25882.75,25882,25882,22,0.75,0.75,0,0,-1,,,,
MNQ DEC25,1s,1,4785,2025-10-27 10:39:46,25882.25,25882.25,25881.5,25881.5,12,0.75,0.75,0,0,-1,,,,
MNQ DEC25,1s,1,4786,2025-10-27 10:39:47,25881.25,25881.75,25881.25,25881.25,16,0.5,0,0.5,0,0,,,,
MNQ DEC25,1s,1,4787,2025-10-27 10:39:48,25881.75,25882,25881.5,25881.5,12,0.5,0.25,0.25,0,-1,,,,
MNQ DEC25,1s,1,4788,2025-10-27 10:39:49,25882,25882.5,25882,25882.5,7,0.5,0.5,0,0,1,,,,
MNQ DEC25,1s,1,4789,2025-10-27 10:39:50,25882.5,25883,25882,25882.75,21,1,0.25,0.25,0.5,1,,,,
MNQ DEC25,10s,10,5878,2025-10-27 10:39:50,25880.75,25883.25,25880.75,25882.75,179,2.5,2,0.5,0,1,-51.8,15.1,26.2,7.14
MNQ DEC25,1s,1,4790,2025-10-27 10:39:51,25882.25,25882.25,25882.25,25882.25,7,0,0,0,0,0,,,,
MNQ DEC25,1s,1,4791,2025-10-27 10:39:52,25882.5,25883,25882.5,25883,4,0.5,0.5,0,0,1,,,,
MNQ DEC25,1s,1,4792,2025-10-27 10:39:53,25882.5,25883.25,25882.5,25883.25,10,0.75,0.75,0,0,1,,,,
MNQ DEC25,1s,1,4793,2025-10-27 10:39:54,25883.25,25883.25,25882.5,25882.5,17,0.75,0.75,0,0,-1,,,,
MNQ DEC25,1s,1,4794,2025-10-27 10:39:55,25882.75,25882.75,25882.75,25882.75,1,0,0,0,0,0,,,,
MNQ DEC25,1s,1,4795,2025-10-27 10:39:56,25882.75,25882.75,25881.5,25881.75,43,1.25,1,0,0.25,-1,,,,
MNQ DEC25,1s,1,4796,2025-10-27 10:39:57,25882.25,25882.25,25881.25,25881.25,11,1,1,0,0,-1,,,,
MNQ DEC25,1s,1,4797,2025-10-27 10:39:58,25881.75,25882.25,25881.5,25881.5,9,0.75,0.25,0.5,0,-1,,,,
MNQ DEC25,1s,1,4798,2025-10-27 10:39:59,25881.25,25882,25881.25,25881.25,9,0.75,0,0.75,0,0,,,,
MNQ DEC25,1s,1,4799,2025-10-27 10:40:00,25881,25881.75,25880.75,25881.75,31,1,0.75,0,0.25,1,,,,
MNQ DEC25,10s,10,5879,2025-10-27 10:40:00,25882.25,25883.25,25880.75,25881.75,142,2.5,0.5,1,1,-1,-65.3,-13.5,13.58333333,4.76
MNQ DEC25,20s,20,5939,2025-10-27 10:40:00,25880.75,25883.25,25880.75,25881.75,321,2.5,1,1.5,0,1,-245.95,21.25,-29.46666667,-5.67
MNQ DEC25,1s,1,4800,2025-10-27 10:40:01,25881.75,25882.5,25879,25880.5,154,3.5,1.25,0.75,1.5,-1,,,,
MNQ DEC25,1s,1,4801,2025-10-27 10:40:02,25880.5,25882,25880.5,25881.75,51,1.5,1.25,0.25,0,1,,,,
MNQ DEC25,1s,1,4802,2025-10-27 10:40:03,25882.5,25883.5,25882,25882,34,1.5,0.5,1,0,-1,,,,
MNQ DEC25,1s,1,4803,2025-10-27 10:40:04,25882.5,25882.75,25881.25,25882.75,30,1.5,0.25,0,1.25,1,,,,
MNQ DEC25,1s,1,4804,2025-10-27 10:40:05,25882.25,25882.75,25882,25882,14,0.75,0.25,0.5,0,-1,,,,
MNQ DEC25,1s,1,4805,2025-10-27 10:40:06,25882.25,25882.75,25882.25,25882.75,10,0.5,0.5,0,0,1,,,,
MNQ DEC25,1s,1,4806,2025-10-27 10:40:07,25883,25883,25882.25,25882.25,13,0.75,0.75,0,0,-1,,,,
MNQ DEC25,1s,1,4807,2025-10-27 10:40:08,25882.5,25882.75,25882.25,25882.75,13,0.5,0.25,0,0.25,1,,,,
MNQ DEC25,1s,1,4808,2025-10-27 10:40:09,25882.75,25884.75,25882,25884.5,29,2.75,1.75,0.25,0.75,1,,,,
MNQ DEC25,1s,1,4809,2025-10-27 10:40:10,25884.25,25884.75,25884,25884.25,17,0.75,0,0.5,0.25,0,,,,
MNQ DEC25,10s,10,5880,2025-10-27 10:40:10,25881.75,25884.75,25879,25884.25,365,5.75,2.5,0.5,2.75,1,-25.65,39.65,13.75,20.95
MNQ DEC25,1s,1,4810,2025-10-27 10:40:11,25884.75,25884.75,25883.5,25884,21,1.25,0.75,0,0.5,-1,,,,
MNQ DEC25,1s,1,4811,2025-10-27 10:40:12,25884.5,25884.75,25884,25884.25,17,0.75,0.25,0.25,0.25,-1,,,,
MNQ DEC25,1s,1,4812,2025-10-27 10:40:13,25884.25,25884.5,25883.75,25883.75,20,0.75,0.5,0.25,0,-1,,,,
MNQ DEC25,1s,1,4813,2025-10-27 10:40:14,25883.75,25884,25883,25883.25,32,1,0.5,0.25,0.25,-1,,,,
MNQ DEC25,1s,1,4814,2025-10-27 10:40:15,25883,25883.5,25882.75,25883.25,13,0.75,0.25,0.25,0.25,1,,,,
MNQ DEC25,1s,1,4815,2025-10-27 10:40:16,25883.25,25884,25883,25884,14,1,0.75,0,0.25,1,,,,
MNQ DEC25,1s,1,4816,2025-10-27 10:40:17,25883.75,25884,25883,25883.75,47,1,0,0.25,0.75,0,,,,
MNQ DEC25,1s,1,4817,2025-10-27 10:40:18,25884.25,25884.5,25884,25884.5,17,0.5,0.25,0,0.25,1,,,,
MNQ DEC25,1s,1,4818,2025-10-27 10:40:19,25884.25,25884.75,25883.75,25884.75,33,1,0.5,0,0.5,1,,,,
MNQ DEC25,1s,1,4819,2025-10-27 10:40:20,25884.75,25885,25884.5,25884.5,24,0.5,0.25,0.25,0,-1,,,,
MNQ DEC25,10s,10,5881,2025-10-27 10:40:20,25884.75,25885,25882.75,25884.5,238,2.25,0.25,0.25,1.75,-1,-35.6,-9.95,5.4,14.09
MNQ DEC25,20s,20,5940,2025-10-27 10:40:20,25881.75,25885,25879,25884.5,603,6,2.75,0.5,2.75,1,-228.15,17.8,7.81666667,-7.14
MNQ DEC25,1s,1,4820,2025-10-27 10:40:21,25884.5,25884.5,25883,25883,26,1.5,1.5,0,0,-1,,,,
MNQ DEC25,1s,1,4821,2025-10-27 10:40:22,25882.75,25883.5,25882.75,25883.25,14,0.75,0.5,0.25,0,1,,,,
MNQ DEC25,1s,1,4822,2025-10-27 10:40:23,25883.5,25884,25883.25,25883.25,18,0.75,0.25,0.5,0,-1,,,,
MNQ DEC25,1s,1,4823,2025-10-27 10:40:24,25884,25884,25883.75,25884,12,0.25,0,0,0.25,0,,,,
MNQ DEC25,1s,1,4824,2025-10-27 10:40:25,25884,25884,25880.75,25881.75,39,3.25,2.25,0,1,-1,,,,
MNQ DEC25,1s,1,4825,2025-10-27 10:40:26,25881.5,25883,25881.5,25883,40,1.5,1.5,0,0,1,,,,
MNQ DEC25,1s,1,4826,2025-10-27 10:40:27,25883,25883.5,25882.75,25883.5,27,0.75,0.5,0,0.25,1,,,,
MNQ DEC25,1s,1,4827,2025-10-27 10:40:28,25883,25883.25,25881.75,25882.5,27,1.5,0.5,0.25,0.75,-1,,,,
MNQ DEC25,1s,1,4828,2025-10-27 10:40:29,25883,25884,25882.75,25883.75,27,1.25,0.75,0.25,0.25,1,,,,
MNQ DEC25,1s,1,4829,2025-10-27 10:40:30,25883.5,25884.25,25883.25,25883.75,26,1,0.25,0.5,0.25,1,,,,
MNQ DEC25,10s,10,5882,2025-10-27 10:40:30,25884.5,25884.5,25880.75,25883.75,256,3.75,0.75,0,3,-1,-81.7,-46.1,-5.46666667,-2.96
MNQ DEC25,1s,1,4830,2025-10-27 10:40:31,25884.5,25886,25884.5,25885.5,67,1.5,1,0.5,0,1,,,,
MNQ DEC25,1s,1,4831,2025-10-27 10:40:32,25885.75,25886,25885.25,25885.25,17,0.75,0.5,0.25,0,-1,,,,
MNQ DEC25,1s,1,4832,2025-10-27 10:40:33,25885.5,25885.5,25884.5,25884.5,34,1,1,0,0,-1,,,,
MNQ DEC25,1s,1,4833,2025-10-27 10:40:34,25885,25885,25883.75,25883.75,28,1.25,1.25,0,0,-1,,,,
MNQ DEC25,1s,1,4834,2025-10-27 10:40:35,25883.75,25884.75,25883.5,25884.75,30,1.25,1,0,0.25,1,,,,
MNQ DEC25,1s,1,4835,2025-10-27 10:40:36,25884.5,25886.5,25884.5,25885.75,38,2,1.25,0.75,0,1,,,,
MNQ DEC25,1s,1,4836,2025-10-27 10:40:37,25885.5,25885.5,25884.5,25885.25,47,1,0.25,0,0.75,-1,,,,
MNQ DEC25,1s,1,4837,2025-10-27 10:40:38,25885,25885.25,25884.25,25884.25,26,1,0.75,0.25,0,-1,,,,
MNQ DEC25,1s,1,4838,2025-10-27 10:40:39,25884,25885.25,25884,25884.5,15,1.25,0.5,0.75,0,1,,,,
MNQ DEC25,1s,1,4839,2025-10-27 10:40:40,25884.5,25885,25884.5,25884.75,15,0.5,0.25,0.25,0,1,,,,
MNQ DEC25,10s,10,5883,2025-10-27 10:40:40,25884.5,25886.5,25883.5,25884.75,317,3,0.25,1.75,1,1,-59.7,22,-11.35,-1.58
MNQ DEC25,20s,20,5941,2025-10-27 10:40:40,25884.5,25886.5,25880.75,25884.75,573,5.75,0.25,1.75,3.75,1,-216.05,12.1,17.05,-11.7
MNQ DEC25,1s,1,4840,2025-10-27 10:40:41,25884.5,25884.75,25884.5,25884.75,11,0.25,0.25,0,0,1,,,,
MNQ DEC25,1s,1,4841,2025-10-27 10:40:42,25884.75,25887,25884.75,25886.75,91,2.25,2,0.25,0,1,,,,
MNQ DEC25,1s,1,4842,2025-10-27 10:40:43,25887,25888,25886.25,25886.5,212,1.75,0.5,1,0.25,-1,,,,
MNQ DEC25,1s,1,4843,2025-10-27 10:40:44,25887,25887.75,25887,25887.25,39,0.75,0.25,0.5,0,1,,,,
MNQ DEC25,1s,1,4844,2025-10-27 10:40:45,25887.75,25889,25887.25,25888.5,331,1.75,0.75,0.5,0.5,1,,,,
MNQ DEC25,1s,1,4845,2025-10-27 10:40:46,25888.25,25888.5,25886,25886.25,102,2.5,2,0.25,0.25,-1,,,,
MNQ DEC25,1s,1,4846,2025-10-27 10:40:47,25886,25886.5,25885.75,25885.75,55,0.75,0.25,0.5,0,-1,,,,
MNQ DEC25,1s,1,4847,2025-10-27 10:40:48,25885.75,25886.25,25885.25,25886.25,25,1,0.5,0,0.5,1,,,,
MNQ DEC25,1s,1,4848,2025-10-27 10:40:49,25886,25886.75,25885,25885.75,53,1.75,0.25,0.75,0.75,-1,,,,
MNQ DEC25,1s,1,4849,2025-10-27 10:40:50,25885.75,25886.25,25885.5,25886,37,0.75,0.25,0.25,0.25,1,,,,
MNQ DEC25,10s,10,5884,2025-10-27 10:40:50,25884.5,25889,25884.5,25886,956,4.5,1.5,3,0,1,91.5,151.2,42.36666667,31.36
MNQ DEC25,1s,1,4850,2025-10-27 10:40:51,25885.5,25886,25885,25885,15,1,0.5,0.5,0,-1,,,,
MNQ DEC25,1s,1,4851,2025-10-27 10:40:52,25885,25885.5,25884.5,25884.5,52,1,0.5,0.5,0,-1,,,,
MNQ DEC25,1s,1,4852,2025-10-27 10:40:53,25884.5,25885.25,25884.25,25885,19,1,0.5,0.25,0.25,1,,,,
MNQ DEC25,1s,1,4853,2025-10-27 10:40:54,25885,25885.25,25883.75,25884,39,1.5,1,0.25,0.25,-1,,,,
MNQ DEC25,1s,1,4854,2025-10-27 10:40:55,25884.25,25884.25,25883.25,25884,8,1,0.25,0,0.75,-1,,,,
MNQ DEC25,1s,1,4855,2025-10-27 10:40:56,25884,25884.25,25883.25,25883.75,36,1,0.25,0.25,0.5,-1,,,,
MNQ DEC25,1s,1,4856,2025-10-27 10:40:57,25883.5,25884,25883.5,25884,4,0.5,0.5,0,0,1,,,,
MNQ DEC25,1s,1,4857,2025-10-27 10:40:58,25883.75,25884,25883.25,25883.25,20,0.75,0.5,0.25,0,-1,,,,
MNQ DEC25,1s,1,4858,2025-10-27 10:40:59,25883.5,25883.75,25881.5,25881.5,57,2.25,2,0.25,0,-1,,,,
MNQ DEC25,1s,1,4859,2025-10-27 10:41:00,25881.5,25881.5,25878.5,25879,136,3,2.5,0,0.5,-1,,,,
MNQ DEC25,10s,10,5885,2025-10-27 10:41:00,25885.5,25886,25878.5,25879,386,7.5,6.5,0.5,0.5,-1,91.4,-0.1,57.7,23.41
MNQ DEC25,20s,20,5942,2025-10-27 10:41:00,25884.5,25889,25878.5,25879,1342,10.5,5.5,4.5,0.5,-1,-21.35,194.7,74.86666667,46.05
MNQ DEC25,1s,1,4860,2025-10-27 10:41:01,25878.75,25880.25,25878.5,25879.75,81,1.75,1,0.5,0.25,1,,,,
MNQ DEC25,1s,1,4861,2025-10-27 10:41:02,25880.25,25880.5,25879,25879,54,1.5,1.25,0.25,0,-1,,,,
MNQ DEC25,1s,1,4862,2025-10-27 10:41:03,25879,25879.25,25878.5,25879.25,43,0.75,0.25,0,0.5,1,,,,
MNQ DEC25,1s,1,4863,2025-10-27 10:41:04,25878.75,25880.25,25878.75,25879.25,45,1.5,0.5,1,0,1,,,,
MNQ DEC25,1s,1,4864,2025-10-27 10:41:05,25879.5,25881,25879.25,25880.75,51,1.75,1.25,0.25,0.25,1,,,,
MNQ DEC25,1s,1,4865,2025-10-27 10:41:06,25880.5,25881.25,25880.25,25880.25,21,1,0.25,0.75,0,-1,,,,
MNQ DEC25,1s,1,4866,2025-10-27 10:41:07,25880.5,25881.5,25880.25,25881.25,27,1.25,0.75,0.25,0.25,1,,,,
MNQ DEC25,1s,1,4867,2025-10-27 10:41:08,25881.25,25882.75,25881.25,25882.75,22,1.5,1.5,0,0,1,,,,
MNQ DEC25,1s,1,4868,2025-10-27 10:41:09,25882.5,25883.25,25882.25,25882.75,23,1,0.25,0.5,0.25,1,,,,
MNQ DEC25,1s,1,4869,2025-10-27 10:41:10,25883.25,25883.5,25883,25883,8,0.5,0.25,0.25,0,-1,,,,
MNQ DEC25,10s,10,5886,2025-10-27 10:41:10,25878.75,25883.5,25878.5,25883,375,5,4.25,0.5,0.25,1,117.65,26.25,59.11666667,30.65
MNQ DEC25,1s,1,4870,2025-10-27 10:41:11,25883.5,25884,25883.5,25884,12,0.5,0.5,0,0,1,,,,
MNQ DEC25,1s,1,4871,2025-10-27 10:41:12,25884.25,25884.25,25883.25,25883.25,17,1,1,0,0,-1,,,,
MNQ DEC25,1s,1,4872,2025-10-27 10:41:13,25883.75,25885.5,25883.75,25885,42,1.75,1.25,0.5,0,1,,,,
MNQ DEC25,1s,1,4873,2025-10-27 10:41:14,25885.5,25885.5,25884.75,25884.75,27,0.75,0.75,0,0,-1,,,,
MNQ DEC25,1s,1,4874,2025-10-27 10:41:15,25885,25886,25884.75,25885,21,1.25,0,1,0.25,0,,,,
MNQ DEC25,1s,1,4875,2025-10-27 10:41:16,25885,25885.5,25884.75,25885.5,8,0.75,0.5,0,0.25,1,,,,
MNQ DEC25,1s,1,4876,2025-10-27 10:41:17,25885.25,25885.5,25884.75,25885,13,0.75,0.25,0.25,0.25,-1,,,,
MNQ DEC25,1s,1,4877,2025-10-27 10:41:18,25885.25,25886,25885.25,25886,26,0.75,0.75,0,0,1,,,,
MNQ DEC25,1s,1,4878,2025-10-27 10:41:19,25885.75,25886.25,25885.5,25886,11,0.75,0.25,0.25,0.25,1,,,,
MNQ DEC25,1s,1,4879,2025-10-27 10:41:20,25885.5,25886,25885.25,25885.5,16,0.75,0,0.5,0.25,0,,,,
MNQ DEC25,10s,10,5887,2025-10-27 10:41:20,25883.5,25886.25,25883.25,25885.5,193,3,2,0.75,0.25,1,119.15,1.5,9.21666667,40.17
MNQ DEC25,20s,20,5943,2025-10-27 10:41:20,25878.75,25886.25,25878.5,25885.5,568,7.75,6.75,0.75,0.25,1,-55.4,-34.05,57.58333333,42.36
MNQ DEC25,1s,1,4880,2025-10-27 10:41:21,25885,25886.25,25884.75,25886.25,20,1.5,1.25,0,0.25,1,,,,
MNQ DEC25,1s,1,4881,2025-10-27 10:41:22,25886.25,25886.25,25885.25,25885.25,12,1,1,0,0,-1,,,,
MNQ DEC25,1s,1,4882,2025-10-27 10:41:23,25885.5,25885.5,25883.75,25883.75,15,1.75,1.75,0,0,-1,,,,
MNQ DEC25,1s,1,4883,2025-10-27 10:41:24,25883.75,25884.5,25883.5,25884.25,24,1,0.5,0.25,0.25,1,,,,
MNQ DEC25,1s,1,4884,2025-10-27 10:41:25,25883.5,25884,25883.25,25884,13,0.75,0.5,0,0.25,1,,,,
MNQ DEC25,1s,1,4885,2025-10-27 10:41:26,25883.75,25884,25883.5,25883.75,12,0.5,0,0.25,0.25,0,,,,
MNQ DEC25,1s,1,4886,2025-10-27 10:41:27,25883.5,25883.5,25882.75,25883,8,0.75,0.5,0,0.25,-1,,,,
MNQ DEC25,1s,1,4887,2025-10-27 10:41:28,25883,25883.5,25882.75,25883,17,0.75,0,0.5,0.25,0,,,,
MNQ DEC25,1s,1,4888,2025-10-27 10:41:29,25882.75,25884.25,25882.5,25883.75,17,1.75,1,0.5,0.25,1,,,,
MNQ DEC25,1s,1,4889,2025-10-27 10:41:30,25883.75,25884.25,25883.75,25884.25,6,0.5,0.5,0,0,1,,,,
MNQ DEC25,10s,10,5888,2025-10-27 10:41:30,25885,25886.25,25882.5,25884.25,144,3.75,0.75,1.25,1.75,-1,89.55,-29.6,-0.61666667,29.85
MNQ DEC25,1s,1,4890,2025-10-27 10:41:31,25883.75,25884.5,25883.75,25884.5,5,0.75,0.75,0,0,1,,,,
MNQ DEC25,1s,1,4891,2025-10-27 10:41:32,25884.5,25885.5,25884.5,25885,27,1,0.5,0.5,0,1,,,,
MNQ DEC25,1s,1,4892,2025-10-27 10:41:33,25885.5,25885.5,25885,25885.25,5,0.5,0.25,0,0.25,-1,,,,
MNQ DEC25,1s,1,4893,2025-10-27 10:41:34,25884.75,25886.25,25884.75,25886.25,17,1.5,1.5,0,0,1,,,,
MNQ DEC25,1s,1,4894,2025-10-27 10:41:35,25886.25,25888.25,25885.75,25886.25,88,2.5,0,2,0.5,0,,,,
MNQ DEC25,1s,1,4895,2025-10-27 10:41:36,25886.75,25886.75,25886.25,25886.5,21,0.5,0.25,0,0.25,-1,,,,
MNQ DEC25,1s,1,4896,2025-10-27 10:41:37,25887.25,25888,25887.25,25887.75,14,0.75,0.5,0.25,0,1,,,,
MNQ DEC25,1s,1,4897,2025-10-27 10:41:38,25888,25888,25886.75,25887.5,41,1.25,0.5,0,0.75,-1,,,,
MNQ DEC25,1s,1,4898,2025-10-27 10:41:39,25887.5,25887.5,25886.75,25887.25,16,0.75,0.25,0,0.5,-1,,,,
MNQ DEC25,1s,1,4899,2025-10-27 10:41:40,25887,25887.5,25886.75,25887,9,0.75,0,0.5,0.25,0,,,,
MNQ DEC25,10s,10,5889,2025-10-27 10:41:40,25883.75,25888.25,25883.75,25887,243,4.5,3.25,1.25,0,1,-48.15,-137.7,-55.26666667,-27.93
MNQ DEC25,20s,20,5944,2025-10-27 10:41:40,25885,25888.25,25882.5,25887,387,5.75,2,1.25,2.5,1,-30.5,24.9,61.85,43.09
MNQ DEC25,1s,1,4900,2025-10-27 10:41:41,25887,25887.5,25886.25,25886.5,76,1.25,0.5,0.5,0.25,-1,,,,
MNQ DEC25,1s,1,4901,2025-10-27 10:41:42,25885.75,25885.75,25885.25,25885.25,20,0.5,0.5,0,0,-1,,,,
MNQ DEC25,1s,1,4902,2025-10-27 10:41:43,25885.5,25885.5,25884.5,25884.75,21,1,0.75,0,0.25,-1,,,,
MNQ DEC25,1s,1,4903,2025-10-27 10:41:44,25884.5,25885.5,25884.25,25885.5,26,1.25,1,0,0.25,1,,,,
MNQ DEC25,1s,1,4904,2025-10-27 10:41:45,25885.25,25885.5,25885,25885,4,0.5,0.25,0.25,0,-1,,,,
MNQ DEC25,1s,1,4905,2025-10-27 10:41:46,25885,25885,25885,25885,1,0,0,0,0,0,,,,
MNQ DEC25,1s,1,4906,2025-10-27 10:41:47,25885,25885.25,25885,25885.25,7,0.25,0.25,0,0,1,,,,
MNQ DEC25,1s,1,4907,2025-10-27 10:41:48,25885.25,25886.5,25885.25,25886.5,26,1.25,1.25,0,0,1,,,,
MNQ DEC25,1s,1,4908,2025-10-27 10:41:49,25886.25,25886.5,25886,25886,11,0.5,0.25,0.25,0,-1,,,,
MNQ DEC25,1s,1,4909,2025-10-27 10:41:50,25886,25886,25885,25885,13,1,1,0,0,-1,,,,
MNQ DEC25,10s,10,5890,2025-10-27 10:41:50,25887,25887.5,25884.25,25885,205,3.25,2,0.5,0.75,-1,-75.45,-27.3,-64.86666667,-33.37
MNQ DEC25,1s,1,4910,2025-10-27 10:41:51,25884.75,25885.75,25884.75,25885,23,1,0.25,0.75,0,1,,,,
MNQ DEC25,1s,1,4911,2025-10-27 10:41:52,25885,25885.75,25884.75,25885.75,12,1,0.75,0,0.25,1,,,,
MNQ DEC25,1s,1,4912,2025-10-27 10:41:53,25885.5,25885.5,25885,25885,9,0.5,0.5,0,0,-1,,,,
MNQ DEC25,1s,1,4913,2025-10-27 10:41:54,25885,25885,25884.5,25884.5,34,0.5,0.5,0,0,-1,,,,
MNQ DEC25,1s,1,4914,2025-10-27 10:41:55,25885,25885.5,25884.5,25885,14,1,0,0.5,0.5,0,,,,
MNQ DEC25,1s,1,4915,2025-10-27 10:41:56,25885,25885.25,25885,25885,8,0.25,0,0.25,0,0,,,,
MNQ DEC25,1s,1,4916,2025-10-27 10:41:57,25885.25,25885.25,25884.25,25884.25,15,1,1,0,0,-1,,,,
MNQ DEC25,1s,1,4917,2025-10-27 10:41:58,25884.5,25884.75,25884.25,25884.5,15,0.5,0,0.25,0.25,0,,,,
MNQ DEC25,1s,1,4918,2025-10-27 10:41:59,25884.25,25884.75,25884,25884.75,7,0.75,0.5,0,0.25,1,,,,
MNQ DEC25,1s,1,4919,2025-10-27 10:42:00,25884.25,25885,25884.25,25884.5,12,0.75,0.25,0.5,0,1,,,,
MNQ DEC25,10s,10,5891,2025-10-27 10:42:00,25884.75,25885.75,25884,25884.5,149,1.75,0.25,1,0.5,-1,-110.2,-34.75,-66.58333333,-45.57
MNQ DEC25,20s,20,5945,2025-10-27 10:42:00,25887,25887.5,25884,25884.5,354,3.5,2.5,0.5,0.5,-1,-59.5,-29,-12.71666667,33.73
MNQ DEC25,1s,1,4920,2025-10-27 10:42:01,25885,25886.5,25884.5,25886.5,41,2,1.5,0,0.5,1,,,,
MNQ DEC25,1s,1,4921,2025-10-27 10:42:02,25885.75,25886,25885,25885,9,1,0.75,0.25,0,-1,,,,
MNQ DEC25,1s,1,4922,2025-10-27 10:42:03,25885.75,25886.25,25883.75,25884.5,39,2.5,1.25,0.5,0.75,-1,,,,
MNQ DEC25,1s,1,4923,2025-10-27 10:42:04,25884.5,25885,25884.25,25884.75,10,0.75,0.25,0.25,0.25,1,,,,
MNQ DEC25,1s,1,4924,2025-10-27 10:42:05,25885.25,25885.5,25883,25884,28,2.5,1.25,0.25,1,-1,,,,
MNQ DEC25,1s,1,4925,2025-10-27 10:42:06,25883.75,25884.5,25883.75,25883.75,16,0.75,0,0.75,0,0,,,,
MNQ DEC25,1s,1,4926,2025-10-27 10:42:07,25884.25,25885.75,25884,25885.5,22,1.75,1.25,0.25,0.25,1,,,,
MNQ DEC25,1s,1,4927,2025-10-27 10:42:08,25886,25886,25885.75,25885.75,6,0.25,0.25,0,0,-1,,,,
MNQ DEC25,1s,1,4928,2025-10-27 10:42:09,25885.75,25886,25885.25,25885.25,17,0.75,0.5,0.25,0,-1,,,,
MNQ DEC25,1s,1,4929,2025-10-27 10:42:10,25885.5,25886,25885.5,25886,12,0.5,0.5,0,0,1,,,,
MNQ DEC25,10s,10,5892,2025-10-27 10:42:10,25885,25886.5,25883,25886,200,3.5,1,0.5,2,1,-105.2,5,-19.01666667,-44.87
MNQ DEC25,1s,1,4930,2025-10-27 10:42:11,25886,25886.5,25886,25886.5,5,0.5,0.5,0,0,1,,,,
MNQ DEC25,1s,1,4931,2025-10-27 10:42:12,25886.5,25886.75,25886,25886.75,4,0.75,0.25,0,0.5,1,,,,
MNQ DEC25,1s,1,4932,2025-10-27 10:42:13,25886.5,25886.75,25886,25886,13,0.75,0.5,0.25,0,-1,,,,
MNQ DEC25,1s,1,4933,2025-10-27 10:42:14,25886.25,25886.75,25884.5,25884.5,32,2.25,1.75,0.5,0,-1,,,,
MNQ DEC25,1s,1,4934,2025-10-27 10:42:15,25885.25,25885.25,25884.25,25884.25,14,1,1,0,0,-1,,,,
MNQ DEC25,1s,1,4935,2025-10-27 10:42:16,25884.5,25884.5,25882.5,25882.5,42,2,2,0,0,-1,,,,
MNQ DEC25,1s,1,4936,2025-10-27 10:42:17,25882.75,25883,25882.25,25882.75,59,0.75,0,0.25,0.5,0,,,,
MNQ DEC25,1s,1,4937,2025-10-27 10:42:18,25883,25883.25,25882.25,25882.25,34,1,0.75,0.25,0,-1,,,,
MNQ DEC25,1s,1,4938,2025-10-27 10:42:19,25882.5,25883.25,25882.5,25882.5,31,0.75,0,0.75,0,0,,,,
MNQ DEC25,1s,1,4939,2025-10-27 10:42:20,25883,25883,25881.75,25882.25,15,1.25,0.75,0,0.5,-1,,,,
MNQ DEC25,10s,10,5893,2025-10-27 10:42:20,25886,25886.75,25881.75,25882.25,249,5,3.75,0.75,0.5,-1,-85.15,20.05,-3.23333333,-34.94
MNQ DEC25,20s,20,5946,2025-10-27 10:42:20,25885,25886.75,25881.75,25882.25,449,5,2.75,1.75,0.5,-1,-78.65,-19.15,-7.75,27.48
MNQ DEC25,1s,1,4940,2025-10-27 10:42:21,25881.75,25882,25880.75,25881,70,1.25,0.75,0.25,0.25,-1,,,,
MNQ DEC25,1s,1,4941,2025-10-27 10:42:22,25881.5,25882.25,25881,25881.25,35,1.25,0.25,0.75,0.25,-1,,,,
MNQ DEC25,1s,1,4942,2025-10-27 10:42:23,25881,25881.75,25880.5,25881.75,31,1.25,0.75,0,0.5,1,,,,
MNQ DEC25,1s,1,4943,2025-10-27 10:42:24,25882,25882.75,25881.75,25881.75,31,1,0.25,0.75,0,-1,,,,
MNQ DEC25,1s,1,4944,2025-10-27 10:42:25,25881.25,25882.25,25881.25,25882,11,1,0.75,0.25,0,1,,,,
MNQ DEC25,1s,1,4945,2025-10-27 10:42:26,25882.75,25883,25882.25,25882.25,8,0.75,0.5,0.25,0,-1,,,,
MNQ DEC25,1s,1,4946,2025-10-27 10:42:27,25882.5,25882.5,25881.25,25882,9,1.25,0.5,0,0.75,-1,,,,
MNQ DEC25,1s,1,4947,2025-10-27 10:42:28,25882,25882.75,25882,25882.25,4,0.75,0.25,0.5,0,1,,,,
MNQ DEC25,1s,1,4948,2025-10-27 10:42:29,25882.75,25883,25882.25,25883,11,0.75,0.25,0,0.5,1,,,,
MNQ DEC25,1s,1,4949,2025-10-27 10:42:30,25882.75,25882.75,25882.5,25882.5,10,0.25,0.25,0,0,-1,,,,
MNQ DEC25,10s,10,5894,2025-10-27 10:42:30,25881.75,25883,25880.5,25882.5,220,2.5,0.75,0.5,1.25,1,-84.5,0.65,8.56666667,-7.27
MNQ DEC25,1s,1,4950,2025-10-27 10:42:31,25882.5,25882.5,25881.75,25882.25,40,0.75,0.25,0,0.5,-1,,,,
MNQ DEC25,1s,1,4951,2025-10-27 10:42:32,25882.25,25882.25,25882.25,25882.25,2,0,0,0,0,0,,,,
MNQ DEC25,1s,1,4952,2025-10-27 10:42:33,25882,25882,25881.5,25881.75,21,0.5,0.25,0,0.25,-1,,,,
MNQ DEC25,1s,1,4953,2025-10-27 10:42:34,25881.75,25882.5,25881.75,25882.5,10,0.75,0.75,0,0,1,,,,
MNQ DEC25,1s,1,4954,2025-10-27 10:42:35,25882.25,25882.75,25882,25882.25,11,0.75,0,0.5,0.25,0,,,,
MNQ DEC25,1s,1,4955,2025-10-27 10:42:36,25882.75,25884,25881.5,25881.5,66,2.5,1.25,1.25,0,-1,,,,
MNQ DEC25,1s,1,4956,2025-10-27 10:42:37,25881.75,25882.25,25881.25,25882,13,1,0.25,0.25,0.5,1,,,,
MNQ DEC25,1s,1,4957,2025-10-27 10:42:38,25881.75,25882.25,25881,25881.5,18,1.25,0.25,0.5,0.5,-1,,,,
MNQ DEC25,1s,1,4958,2025-10-27 10:42:39,25881.5,25882,25881.5,25882,13,0.5,0.5,0,0,1,,,,
MNQ DEC25,1s,1,4959,2025-10-27 10:42:40,25882.5,25882.5,25882,25882,5,0.5,0.5,0,0,-1,,,,
MNQ DEC25,10s,10,5895,2025-10-27 10:42:40,25882.5,25884,25881,25882,199,3,0.5,1.5,1,-1,-87.2,-2.7,6,-2.35
MNQ DEC25,20s,20,5947,2025-10-27 10:42:40,25881.75,25884,25880.5,25882,419,3.5,0.25,2,1.25,1,-256.4,-177.75,-75.3,-47.01
MNQ DEC25,1s,1,4960,2025-10-27 10:42:41,25881.75,25882,25881.5,25882,5,0.5,0.25,0,0.25,1,,,,
MNQ DEC25,1s,1,4961,2025-10-27 10:42:42,25881.5,25881.75,25881.5,25881.75,9,0.25,0.25,0,0,1,,,,
MNQ DEC25,1s,1,4962,2025-10-27 10:42:43,25881.25,25881.75,25881.25,25881.5,11,0.5,0.25,0.25,0,1,,,,
MNQ DEC25,1s,1,4963,2025-10-27 10:42:44,25881.75,25881.75,25881.25,25881.5,4,0.5,0.25,0,0.25,-1,,,,
MNQ DEC25,1s,1,4964,2025-10-27 10:42:45,25881.5,25881.5,25880.25,25880.75,21,1.25,0.75,0,0.5,-1,,,,
MNQ DEC25,1s,1,4965,2025-10-27 10:42:46,25880.75,25881.25,25880.25,25880.25,41,1,0.5,0.5,0,-1,,,,
MNQ DEC25,1s,1,4966,2025-10-27 10:42:47,25880.5,25881.25,25880.25,25880.5,24,1,0,0.75,0.25,0,,,,
MNQ DEC25,1s,1,4967,2025-10-27 10:42:48,25880.5,25881.25,25880,25881,39,1.25,0.5,0.25,0.5,1,,,,
MNQ DEC25,1s,1,4968,2025-10-27 10:42:49,25881.5,25882,25880.75,25881.25,29,1.25,0.25,0.5,0.5,-1,,,,
MNQ DEC25,1s,1,4969,2025-10-27 10:42:50,25881.75,25882.25,25881.75,25882,18,0.5,0.25,0.25,0,1,,,,
MNQ DEC25,10s,10,5896,2025-10-27 10:42:50,25881.75,25882.25,25880,25882,201,2.25,0.25,0.25,1.75,1,-72.3,14.9,4.28333333,7.58
MNQ DEC25,1s,1,4970,2025-10-27 10:42:51,25882,25883.5,25881.75,25882.75,41,1.75,0.75,0.75,0.25,1,,,,
MNQ DEC25,1s,1,4971,2025-10-27 10:42:52,25882.25,25883,25882.25,25882.5,17,0.75,0.25,0.5,0,1,,,,
MNQ DEC25,1s,1,4972,2025-10-27 10:42:53,25882.75,25882.75,25882,25882,7,0.75,0.75,0,0,-1,,,,
MNQ DEC25,1s,1,4973,2025-10-27 10:42:54,25882.25,25882.25,25881.5,25881.5,20,0.75,0.75,0,0,-1,,,,
MNQ DEC25,1s,1,4974,2025-10-27 10:42:55,25881.75,25881.75,25881,25881,8,0.75,0.75,0,0,-1,,,,
MNQ DEC25,1s,1,4975,2025-10-27 10:42:56,25881.75,25882.25,25881.5,25882,15,0.75,0.25,0.25,0.25,1,,,,
MNQ DEC25,1s,1,4976,2025-10-27 10:42:57,25882.5,25882.5,25882,25882,9,0.5,0.5,0,0,-1,,,,
MNQ DEC25,1s,1,4977,2025-10-27 10:42:58,25882.5,25882.75,25882,25882,8,0.75,0.5,0.25,0,-1,,,,
MNQ DEC25,1s,1,4978,2025-10-27 10:42:59,25882.5,25882.75,25882,25882.75,14,0.75,0.25,0,0.5,1,,,,
MNQ DEC25,1s,1,4979,2025-10-27 10:43:00,25882,25882,25881.75,25881.75,12,0.25,0.25,0,0,-1,,,,
MNQ DEC25,10s,10,5897,2025-10-27 10:43:00,25882,25883.5,25881,25881.75,151,2.5,0.25,1.5,0.75,-1,-64.4,7.9,6.7,8.16
MNQ DEC25,20s,20,5948,2025-10-27 10:43:00,25881.75,25883.5,25880,25881.75,352,3.5,0,1.75,1.75,0,-247.1,9.3,-62.53333333,-38.34
MNQ DEC25,1s,1,4980,2025-10-27 10:43:01,25881.25,25881.5,25879,25879.5,75,2.5,1.75,0.25,0.5,-1,,,,
MNQ DEC25,1s,1,4981,2025-10-27 10:43:02,25879.25,25881.25,25879,25881,43,2.25,1.75,0.25,0.25,1,,,,
MNQ DEC25,1s,1,4982,2025-10-27 10:43:03,25881,25881.75,25881,25881.75,10,0.75,0.75,0,0,1,,,,
MNQ DEC25,1s,1,4983,2025-10-27 10:43:04,25882,25884.75,25882,25884.75,125,2.75,2.75,0,0,1,,,,
MNQ DEC25,1s,1,4984,2025-10-27 10:43:05,25884.75,25885.5,25884.5,25884.5,54,1,0.25,0.75,0,-1,,,,
MNQ DEC25,1s,1,4985,2025-10-27 10:43:06,25885.25,25885.25,25884.75,25885.25,7,0.5,0,0,0.5,0,,,,
MNQ DEC25,1s,1,4986,2025-10-27 10:43:07,25884.75,25886.25,25884.25,25885.75,75,2,1,0.5,0.5,1,,,,
MNQ DEC25,1s,1,4987,2025-10-27 10:43:08,25885.75,25886.25,25885.5,25886,16,0.75,0.25,0.25,0.25,1,,,,
MNQ DEC25,1s,1,4988,2025-10-27 10:43:09,25886,25886,25885,25885.25,9,1,0.75,0,0.25,-1,,,,
MNQ DEC25,1s,1,4989,2025-10-27 10:43:10,25885,25885.5,25885,25885.25,12,0.5,0.25,0.25,0,1,,,,
MNQ DEC25,10s,10,5898,2025-10-27 10:43:10,25881.25,25886.25,25879,25885.25,426,7.25,4,1,2.25,1,-41.35,23.05,15.28333333,8.76
MNQ DEC25,1s,1,4990,2025-10-27 10:43:11,25885,25885.5,25885,25885.25,16,0.5,0.25,0.25,0,1,,,,
MNQ DEC25,1s,1,4991,2025-10-27 10:43:12,25885.5,25885.5,25884,25884,21,1.5,1.5,0,0,-1,,,,
MNQ DEC25,1s,1,4992,2025-10-27 10:43:13,25884,25884,25883.5,25883.75,16,0.5,0.25,0,0.25,-1,,,,
MNQ DEC25,1s,1,4993,2025-10-27 10:43:14,25883.5,25884.5,25883.5,25884.5,12,1,1,0,0,1,,,,
MNQ DEC25,1s,1,4994,2025-10-27 10:43:15,25884.5,25885,25884.5,25885,5,0.5,0.5,0,0,1,,,,
MNQ DEC25,1s,1,4995,2025-10-27 10:43:16,25885,25885.75,25885,25885.25,13,0.75,0.25,0.5,0,1,,,,
MNQ DEC25,1s,1,4996,2025-10-27 10:43:17,25885.75,25885.75,25885.25,25885.75,7,0.5,0,0,0.5,0,,,,
MNQ DEC25,1s,1,4997,2025-10-27 10:43:18,25886,25886.75,25885.75,25886.5,38,1,0.5,0.25,0.25,1,,,,
MNQ DEC25,1s,1,4998,2025-10-27 10:43:19,25886,25886.5,25886,25886.25,12,0.5,0.25,0.25,0,1,,,,
MNQ DEC25,1s,1,4999,2025-10-27 10:43:20,25886.5,25886.75,25886,25886.25,20,0.75,0.25,0.25,0.25,-1,,,,
MNQ DEC25,10s,10,5899,2025-10-27 10:43:20,25885,25886.75,25883.5,25886.25,160,3.25,1.25,0.5,1.5,1,-54.25,-12.9,6.01666667,6.05
MNQ DEC25,20s,20,5949,2025-10-27 10:43:20,25881.25,25886.75,25879,25886.25,586,7.75,5,0.5,2.25,1,-172.15,74.95,-31.16666667,-28.33
MNQ DEC25,1s,1,5000,2025-10-27 10:43:21,25886,25887,25886,25886.25,23,1,0.25,0.75,0,1,,,,
MNQ DEC25,1s,1,5001,2025-10-27 10:43:22,25886.75,25887.75,25886.5,25886.5,57,1.25,0.25,1,0,-1,,,,
MNQ DEC25,1s,1,5002,2025-10-27 10:43:23,25886.75,25886.75,25885.25,25886,26,1.5,0.75,0,0.75,-1,,,,
MNQ DEC25,1s,1,5003,2025-10-27 10:43:24,25885.5,25885.75,25885.25,25885.75,6,0.5,0.25,0,0.25,1,,,,
MNQ DEC25,1s,1,5004,2025-10-27 10:43:25,25885.5,25885.5,25884.75,25885,19,0.75,0.5,0,0.25,-1,,,,
MNQ DEC25,1s,1,5005,2025-10-27 10:43:26,25884.75,25884.75,25884,25884.75,40,0.75,0,0,0.75,0,,,,
MNQ DEC25,1s,1,5006,2025-10-27 10:43:27,25885,25885,25885,25885,8,0,0,0,0,0,,,,
MNQ DEC25,1s,1,5007,2025-10-27 10:43:28,25885.5,25885.5,25885,25885,2,0.5,0.5,0,0,-1,,,,
MNQ DEC25,1s,1,5008,2025-10-27 10:43:29,25884.75,25885,25884.5,25885,9,0.5,0.25,0,0.25,1,,,,
MNQ DEC25,1s,1,5009,2025-10-27 10:43:30,25884.75,25884.75,25884.5,25884.5,3,0.25,0.25,0,0,-1,,,,
MNQ DEC25,10s,10,5900,2025-10-27 10:43:30,25886,25887.75,25884,25884.5,193,3.75,1.5,1.75,0.5,-1,-46.85,7.4,5.85,8.07
MNQ DEC25,1s,1,5010,2025-10-27 10:43:31,25884.25,25884.5,25884,25884.5,11,0.5,0.25,0,0.25,1,,,,
MNQ DEC25,1s,1,5011,2025-10-27 10:43:32,25884.25,25884.25,25883.75,25883.75,7,0.5,0.5,0,0,-1,,,,
MNQ DEC25,1s,1,5012,2025-10-27 10:43:33,25884.25,25884.75,25884,25884.5,8,0.75,0.25,0.25,0.25,1,,,,
MNQ DEC25,1s,1,5013,2025-10-27 10:43:34,25884.75,25885.25,25884.25,25884.25,27,1,0.5,0.5,0,-1,,,,
MNQ DEC25,1s,1,5014,2025-10-27 10:43:35,25884.75,25885,25884,25884,15,1,0.75,0.25,0,-1,,,,
MNQ DEC25,1s,1,5015,2025-10-27 10:43:36,25883.75,25883.75,25883.25,25883.75,7,0.5,0,0,0.5,0,,,,
MNQ DEC25,1s,1,5016,2025-10-27 10:43:37,25883.75,25884.5,25883.75,25884,13,0.75,0.25,0.5,0,1,,,,
MNQ DEC25,1s,1,5017,2025-10-27 10:43:38,25883,25883,25881.5,25881.5,75,1.5,1.5,0,0,-1,,,,
MNQ DEC25,1s,1,5018,2025-10-27 10:43:39,25881.25,25882.25,25881.25,25882.25,30,1,1,0,0,1,,,,
MNQ DEC25,1s,1,5019,2025-10-27 10:43:40,25882.75,25883.25,25882.5,25882.5,14,0.75,0.25,0.5,0,-1,,,,
MNQ DEC25,10s,10,5901,2025-10-27 10:43:40,25884.25,25885.25,25881.25,25882.5,207,4,1.75,1,1.25,-1,-44.1,2.75,-0.91666667,5.64
MNQ DEC25,20s,20,5950,2025-10-27 10:43:40,25886,25887.75,25881.25,25882.5,400,6.5,3.5,1.75,1.25,-1,-151.7,20.45,34.9,-18.44
MNQ DEC25,1s,1,5020,2025-10-27 10:43:41,25882.25,25883.5,25882.25,25883.5,4,1.25,1.25,0,0,1,,,,
MNQ DEC25,1s,1,5021,2025-10-27 10:43:42,25883.25,25884.25,25883.25,25883.25,13,1,0,1,0,0,,,,
MNQ DEC25,1s,1,5022,2025-10-27 10:43:43,25883.75,25885,25883.75,25885,14,1.25,1.25,0,0,1,,,,
MNQ DEC25,1s,1,5023,2025-10-27 10:43:44,25884.25,25884.25,25884.25,25884.25,1,0,0,0,0,0,,,,
MNQ DEC25,1s,1,5024,2025-10-27 10:43:45,25884.25,25884.25,25884,25884,3,0.25,0.25,0,0,-1,,,,
MNQ DEC25,1s,1,5025,2025-10-27 10:43:46,25884.75,25884.75,25884.25,25884.25,15,0.5,0.5,0,0,-1,,,,
MNQ DEC25,1s,1,5026,2025-10-27 10:43:47,25884,25884.5,25884,25884.5,5,0.5,0.5,0,0,1,,,,
MNQ DEC25,1s,1,5027,2025-10-27 10:43:48,25884.25,25884.5,25884,25884,7,0.5,0.25,0.25,0,-1,,,,
MNQ DEC25,1s,1,5028,2025-10-27 10:43:49,25884.5,25884.75,25883.75,25884,26,1,0.5,0.25,0.25,-1,,,,
MNQ DEC25,1s,1,5029,2025-10-27 10:43:50,25883.5,25883.5,25883.25,25883.5,4,0.25,0,0,0.25,0,,,,
MNQ DEC25,10s,10,5902,2025-10-27 10:43:50,25882.25,25885,25882.25,25883.5,92,2.75,1.25,1.5,0,1,-47.7,-3.6,2.18333333,3.34
MNQ DEC25,1s,1,5030,2025-10-27 10:43:51,25883.5,25884,25883.5,25884,15,0.5,0.5,0,0,1,,,,
MNQ DEC25,1s,1,5031,2025-10-27 10:43:52,25884,25884,25883,25883,19,1,1,0,0,-1,,,,
MNQ DEC25,1s,1,5032,2025-10-27 10:43:53,25883,25883.5,25882.75,25883.25,13,0.75,0.25,0.25,0.25,1,,,,
MNQ DEC25,1s,1,5033,2025-10-27 10:43:54,25883,25883.5,25882.75,25882.75,6,0.75,0.25,0.5,0,-1,,,,
MNQ DEC25,1s,1,5034,2025-10-27 10:43:55,25883.25,25883.5,25883.25,25883.5,2,0.25,0.25,0,0,1,,,,
MNQ DEC25,1s,1,5035,2025-10-27 10:43:56,25883.5,25883.5,25883.5,25883.5,5,0,0,0,0,0,,,,
MNQ DEC25,1s,1,5036,2025-10-27 10:43:57,25884.5,25884.75,25884.25,25884.25,5,0.5,0.25,0.25,0,-1,,,,
MNQ DEC25,1s,1,5037,2025-10-27 10:43:58,25884,25884,25883.5,25883.5,5,0.5,0.5,0,0,-1,,,,
MNQ DEC25,1s,1,5038,2025-10-27 10:43:59,25883.25,25884,25883.25,25883.75,7,0.75,0.5,0.25,0,1,,,,
MNQ DEC25,1s,1,5039,2025-10-27 10:44:00,25883.75,25883.75,25883.5,25883.5,2,0.25,0.25,0,0,-1,,,,
MNQ DEC25,10s,10,5903,2025-10-27 10:44:00,25883.5,25884.75,25882.75,25883.5,79,2,0,1.25,0.75,0,-105.2,-57.5,-19.45,-12.77
MNQ DEC25,20s,20,5951,2025-10-27 10:44:00,25882.25,25885,25882.25,25883.5,171,2.75,1.25,1.5,0,1,-189.1,-37.4,19.33333333,-22.09
MNQ DEC25,1s,1,5040,2025-10-27 10:44:01,25883,25883.5,25883,25883.5,4,0.5,0.5,0,0,1,,,,
MNQ DEC25,1s,1,5041,2025-10-27 10:44:02,25883.5,25883.75,25883.5,25883.5,8,0.25,0,0.25,0,0,,,,
MNQ DEC25,1s,1,5042,2025-10-27 10:44:03,25884.5,25884.5,25883.75,25883.75,7,0.75,0.75,0,0,-1,,,,
MNQ DEC25,1s,1,5043,2025-10-27 10:44:04,25884.25,25884.25,25883.75,25884,7,0.5,0.25,0,0.25,-1,,,,
MNQ DEC25,1s,1,5044,2025-10-27 10:44:05,25884,25884.25,25884,25884.25,2,0.25,0.25,0,0,1,,,,
MNQ DEC25,1s,1,5045,2025-10-27 10:44:06,25884.25,25884.75,25884,25884.75,34,0.75,0.5,0,0.25,1,,,,
MNQ DEC25,1s,1,5046,2025-10-27 10:44:07,25885,25885,25882.5,25882.5,52,2.5,2.5,0,0,-1,,,,
MNQ DEC25,1s,1,5047,2025-10-27 10:44:08,25882.5,25882.75,25882.25,25882.5,13,0.5,0,0.25,0.25,0,,,,
MNQ DEC25,1s,1,5048,2025-10-27 10:44:09,25882.5,25883,25882.25,25883,20,0.75,0.5,0,0.25,1,,,,
MNQ DEC25,1s,1,5049,2025-10-27 10:44:10,25882.5,25882.75,25882.5,25882.75,5,0.25,0.25,0,0,1,,,,
MNQ DEC25,10s,10,5904,2025-10-27 10:44:10,25883,25885,25882.25,25882.75,152,2.75,0.25,2,0.5,-1,-66.6,38.6,-7.5,-2.47
MNQ DEC25,1s,1,5050,2025-10-27 10:44:11,25882.75,25883.25,25882.5,25882.75,19,0.75,0,0.5,0.25,0,,,,
MNQ DEC25,1s,1,5051,2025-10-27 10:44:12,25883,25883.5,25882.75,25883.5,4,0.75,0.5,0,0.25,1,,,,
MNQ DEC25,1s,1,5052,2025-10-27 10:44:13,25883,25883,25881.25,25881.75,44,1.75,1.25,0,0.5,-1,,,,
MNQ DEC25,1s,1,5053,2025-10-27 10:44:14,25882,25882.75,25882,25882.25,7,0.75,0.25,0.5,0,1,,,,
MNQ DEC25,1s,1,5054,2025-10-27 10:44:15,25882.25,25882.5,25882.25,25882.5,2,0.25,0.25,0,0,1,,,,
MNQ DEC25,1s,1,5055,2025-10-27 10:44:16,25882.25,25882.25,25882,25882,4,0.25,0.25,0,0,-1,,,,
MNQ DEC25,1s,1,5056,2025-10-27 10:44:17,25882.25,25883,25882.25,25882.75,24,0.75,0.5,0.25,0,1,,,,
MNQ DEC25,1s,1,5057,2025-10-27 10:44:18,25882.75,25883,25882.75,25882.75,4,0.25,0,0.25,0,0,,,,
MNQ DEC25,1s,1,5058,2025-10-27 10:44:19,25883,25884,25883,25884,74,1,1,0,0,1,,,,
MNQ DEC25,1s,1,5059,2025-10-27 10:44:20,25884.25,25884.25,25884,25884,7,0.25,0.25,0,0,-1,,,,
MNQ DEC25,10s,10,5905,2025-10-27 10:44:20,25882.75,25884.25,25881.25,25884,189,3,1.25,0.25,1.5,1,-57.55,9.05,-3.28333333,-2.14
MNQ DEC25,20s,20,5952,2025-10-27 10:44:20,25883,25885,25881.25,25884,341,3.75,1,1,1.75,1,-170.55,18.55,0.53333333,17.17
MNQ DEC25,1s,1,5060,2025-10-27 10:44:21,25883.5,25884,25883.5,25884,2,0.5,0.5,0,0,1,,,,
MNQ DEC25,1s,1,5061,2025-10-27 10:44:22,25883.5,25883.75,25883.5,25883.75,3,0.25,0.25,0,0,1,,,,
MNQ DEC25,1s,1,5062,2025-10-27 10:44:23,25883.5,25883.75,25883.25,25883.25,4,0.5,0.25,0.25,0,-1,,,,
MNQ DEC25,1s,1,5063,2025-10-27 10:44:24,25883.5,25884,25883.5,25884,11,0.5,0.5,0,0,1,,,,
MNQ DEC25,1s,1,5064,2025-10-27 10:44:25,25884.5,25884.5,25884.5,25884.5,8,0,0,0,0,0,,,,
MNQ DEC25,1s,1,5065,2025-10-27 10:44:26,25884.75,25884.75,25884.25,25884.5,16,0.5,0.25,0,0.25,-1,,,,
MNQ DEC25,1s,1,5066,2025-10-27 10:44:27,25884.25,25884.75,25883.75,25884.5,45,1,0.25,0.25,0.5,1,,,,
MNQ DEC25,1s,1,5067,2025-10-27 10:44:28,25884.75,25884.75,25884.5,25884.5,5,0.25,0.25,0,0,-1,,,,
MNQ DEC25,1s,1,5068,2025-10-27 10:44:29,25884,25884.5,25883.75,25884.5,14,0.75,0.5,0,0.25,1,,,,
MNQ DEC25,1s,1,5069,2025-10-27 10:44:30,25884,25884.5,25884,25884,11,0.5,0,0.5,0,0,,,,
MNQ DEC25,10s,10,5906,2025-10-27 10:44:30,25883.5,25884.75,25883.25,25884,119,1.5,0.5,0.75,0.25,1,-62.35,-4.8,14.28333333,-3.65
MNQ DEC25,1s,1,5070,2025-10-27 10:44:31,25884.5,25884.75,25884.25,25884.75,25,0.5,0.25,0,0.25,1,,,,
MNQ DEC25,1s,1,5071,2025-10-27 10:44:32,25884.75,25884.75,25884.5,25884.75,3,0.25,0,0,0.25,0,,,,
MNQ DEC25,1s,1,5072,2025-10-27 10:44:33,25884.75,25885.5,25884.75,25885.5,18,0.75,0.75,0,0,1,,,,
MNQ DEC25,1s,1,5073,2025-10-27 10:44:34,25885,25885,25884.75,25885,8,0.25,0,0,0.25,0,,,,
MNQ DEC25,1s,1,5074,2025-10-27 10:44:35,25885,25885.25,25884.75,25885.25,32,0.5,0.25,0,0.25,1,,,,
MNQ DEC25,1s,1,5075,2025-10-27 10:44:36,25885.25,25887.25,25885,25887,156,2.25,1.75,0.25,0.25,1,,,,
MNQ DEC25,1s,1,5076,2025-10-27 10:44:37,25887.5,25887.5,25886,25886,27,1.5,1.5,0,0,-1,,,,
MNQ DEC25,1s,1,5077,2025-10-27 10:44:38,25886,25886,25885.5,25886,18,0.5,0,0,0.5,0,,,,
MNQ DEC25,1s,1,5078,2025-10-27 10:44:39,25885.5,25886,25885.5,25885.5,13,0.5,0,0.5,0,0,,,,
MNQ DEC25,1s,1,5079,2025-10-27 10:44:40,25885.75,25886,25885.5,25885.75,14,0.5,0,0.25,0.25,0,,,,
MNQ DEC25,10s,10,5907,2025-10-27 10:44:40,25884.5,25887.5,25884.25,25885.75,314,3.25,1.25,1.75,0.25,1,-24,38.35,14.2,4.74
MNQ DEC25,20s,20,5953,2025-10-27 10:44:40,25883.5,25887.5,25883.25,25885.75,433,4.25,2.25,1.75,0.25,1,-134.65,35.9,5.68333333,22.49
MNQ DEC25,1s,1,5080,2025-10-27 10:44:41,25886,25886.75,25886,25886.5,15,0.75,0.5,0.25,0,1,,,,
MNQ DEC25,1s,1,5081,2025-10-27 10:44:42,25886,25886.25,25885.75,25885.75,11,0.5,0.25,0.25,0,-1,,,,
MNQ DEC25,1s,1,5082,2025-10-27 10:44:43,25885.75,25886,25885.5,25886,12,0.5,0.25,0,0.25,1,,,,
MNQ DEC25,1s,1,5083,2025-10-27 10:44:44,25886.25,25886.25,25886,25886,8,0.25,0.25,0,0,-1,,,,
MNQ DEC25,1s,1,5084,2025-10-27 10:44:45,25886.25,25888,25886.25,25887.75,63,1.75,1.5,0.25,0,1,,,,
MNQ DEC25,1s,1,5085,2025-10-27 10:44:46,25888,25891.5,25887.5,25889.5,713,4,1.5,2,0.5,1,,,,
MNQ DEC25,1s,1,5086,2025-10-27 10:44:47,25889.75,25890,25887.75,25888.25,93,2.25,1.5,0.25,0.5,-1,,,,
MNQ DEC25,1s,1,5087,2025-10-27 10:44:48,25888.25,25888.75,25887.75,25888.25,52,1,0,0.5,0.5,0,,,,
MNQ DEC25,1s,1,5088,2025-10-27 10:44:49,25888,25888.25,25887,25887.75,37,1.25,0.25,0.25,0.75,-1,,,,
MNQ DEC25,1s,1,5089,2025-10-27 10:44:50,25888.25,25889.75,25888.25,25889.75,28,1.5,1.5,0,0,1,,,,
MNQ DEC25,10s,10,5908,2025-10-27 10:44:50,25886,25891.5,25885.5,25889.75,1032,6,3.75,1.75,0.5,1,122.2,146.2,59.91666667,45.48
MNQ DEC25,1s,1,5090,2025-10-27 10:44:51,25889.5,25889.75,25888.5,25889.5,49,1.25,0,0.25,1,0,,,,
MNQ DEC25,1s,1,5091,2025-10-27 10:44:52,25889.25,25890,25889.25,25889.75,90,0.75,0.5,0.25,0,1,,,,
MNQ DEC25,1s,1,5092,2025-10-27 10:44:53,25889.25,25890.25,25889.25,25889.5,33,1,0.25,0.75,0,1,,,,
MNQ DEC25,1s,1,5093,2025-10-27 10:44:54,25889.5,25889.5,25889,25889.25,23,0.5,0.25,0,0.25,-1,,,,
MNQ DEC25,1s,1,5094,2025-10-27 10:44:55,25889.5,25889.75,25889,25889.25,42,0.75,0.25,0.25,0.25,-1,,,,
MNQ DEC25,1s,1,5095,2025-10-27 10:44:56,25889.25,25889.25,25888.75,25889,25,0.5,0.25,0,0.25,-1,,,,
MNQ DEC25,1s,1,5096,2025-10-27 10:44:57,25889.25,25889.5,25888.75,25889,27,0.75,0.25,0.25,0.25,-1,,,,
MNQ DEC25,1s,1,5097,2025-10-27 10:44:58,25889.25,25889.75,25889,25889.5,25,0.75,0.25,0.25,0.25,1,,,,
MNQ DEC25,1s,1,5098,2025-10-27 10:44:59,25889,25889.5,25888.5,25888.5,41,1,0.5,0.5,0,-1,,,,
MNQ DEC25,1s,1,5099,2025-10-27 10:45:00,25888.5,25889.25,25887.75,25889.25,26,1.5,0.75,0,0.75,1,,,,
MNQ DEC25,10s,10,5909,2025-10-27 10:45:00,25889.5,25890.25,25887.75,25889.25,381,2.5,0.25,0.75,1.5,-1,161.1,38.9,74.48333333,45.54
MNQ DEC25,20s,20,5954,2025-10-27 10:45:00,25886,25891.5,25885.5,25889.25,1413,6,3.25,2.25,0.5,1,-10.65,124,59.48333333,32.3
MNQ DEC25,1s,1,5100,2025-10-27 10:45:01,25889.5,25890.75,25888.75,25889.25,248,2,0.25,1.25,0.5,-1,,,,
MNQ DEC25,1s,1,5101,2025-10-27 10:45:02,25889,25889.75,25888.5,25888.5,48,1.25,0.5,0.75,0,-1,,,,
MNQ DEC25,1s,1,5102,2025-10-27 10:45:03,25888.25,25888.5,25887.75,25888.25,43,0.75,0,0.25,0.5,0,,,,
MNQ DEC25,1s,1,5103,2025-10-27 10:45:04,25888,25890,25888,25890,61,2,2,0,0,1,,,,
MNQ DEC25,1s,1,5104,2025-10-27 10:45:05,25889.25,25889.75,25889,25889,36,0.75,0.25,0.5,0,-1,,,,
MNQ DEC25,1s,1,5105,2025-10-27 10:45:06,25889.5,25889.5,25888.5,25889.25,35,1,0.25,0,0.75,-1,,,,
MNQ DEC25,1s,1,5106,2025-10-27 10:45:07,25888.75,25889,25887.75,25888,38,1.25,0.75,0.25,0.25,-1,,,,
MNQ DEC25,1s,1,5107,2025-10-27 10:45:08,25888,25888.5,25887.5,25888.5,21,1,0.5,0,0.5,1,,,,
MNQ DEC25,1s,1,5108,2025-10-27 10:45:09,25888.75,25889.5,25888.25,25889.5,29,1.25,0.75,0,0.5,1,,,,
MNQ DEC25,1s,1,5109,2025-10-27 10:45:10,25889.25,25889.5,25888.5,25889.25,19,1,0,0.25,0.75,0,,,,
MNQ DEC25,10s,10,5910,2025-10-27 10:45:10,25889.5,25890.75,25887.5,25889.25,578,3.25,0.25,1.25,1.75,-1,220.25,59.15,81.41666667,55.56
MNQ DEC25,1s,1,5110,2025-10-27 10:45:11,25889.5,25889.5,25888.25,25888.25,20,1.25,1.25,0,0,-1,,,,
MNQ DEC25,1s,1,5111,2025-10-27 10:45:12,25888.25,25888.5,25886.5,25887,66,2,1.25,0.25,0.5,-1,,,,
MNQ DEC25,1s,1,5112,2025-10-27 10:45:13,25887,25887.75,25886.75,25887.5,21,1,0.5,0.25,0.25,1,,,,
MNQ DEC25,1s,1,5113,2025-10-27 10:45:14,25887.75,25888.25,25887.25,25887.25,61,1,0.5,0.5,0,-1,,,,
MNQ DEC25,1s,1,5114,2025-10-27 10:45:15,25887,25887.75,25886.75,25887.5,14,1,0.5,0.25,0.25,1,,,,
MNQ DEC25,1s,1,5115,2025-10-27 10:45:16,25888,25888.5,25887.75,25888.5,30,0.75,0.5,0,0.25,1,,,,
MNQ DEC25,1s,1,5116,2025-10-27 10:45:17,25888.75,25888.75,25887.75,25888,15,1,0.75,0,0.25,-1,,,,
MNQ DEC25,1s,1,5117,2025-10-27 10:45:18,25887.75,25889.5,25887.5,25889.25,33,2,1.5,0.25,0.25,1,,,,
MNQ DEC25,1s,1,5118,2025-10-27 10:45:19,25889,25889,25888,25888,34,1,1,0,0,-1,,,,
MNQ DEC25,1s,1,5119,2025-10-27 10:45:20,25888.25,25888.5,25887.75,25887.75,30,0.75,0.5,0.25,0,-1,,,,
MNQ DEC25,10s,10,5911,2025-10-27 10:45:20,25889.5,25889.5,25886.5,25887.75,324,3,1.75,0,1.25,-1,252.5,32.25,43.43333333,62.97
MNQ DEC25,20s,20,5955,2025-10-27 10:45:20,25889.5,25890.75,25886.5,25887.75,902,4.25,1.75,1.25,1.25,-1,81.7,92.35,84.08333333,46.68
MNQ DEC25,1s,1,5120,2025-10-27 10:45:21,25887.5,25888.75,25887.5,25888.5,24,1.25,1,0.25,0,1,,,,
MNQ DEC25,1s,1,5121,2025-10-27 10:45:22,25888.75,25888.75,25887.25,25887.25,13,1.5,1.5,0,0,-1,,,,
MNQ DEC25,1s,1,5122,2025-10-27 10:45:23,25887.5,25888,25887,25887,23,1,0.5,0.5,0,-1,,,,
MNQ DEC25,1s,1,5123,2025-10-27 10:45:24,25887.5,25888,25887.5,25887.5,10,0.5,0,0.5,0,0,,,,
MNQ DEC25,1s,1,5124,2025-10-27 10:45:25,25887.5,25888.25,25887,25887,25,1.25,0.5,0.75,0,-1,,,,
MNQ DEC25,1s,1,5125,2025-10-27 10:45:26,25887.25,25887.5,25886.75,25886.75,9,0.75,0.5,0.25,0,-1,,,,
MNQ DEC25,1s,1,5126,2025-10-27 10:45:27,25886.5,25887.25,25886.5,25886.75,14,0.75,0.25,0.5,0,1,,,,
MNQ DEC25,1s,1,5127,2025-10-27 10:45:28,25886.75,25887.5,25886.75,25887.25,36,0.75,0.5,0.25,0,1,,,,
MNQ DEC25,1s,1,5128,2025-10-27 10:45:29,25887.5,25888.5,25887.25,25888.5,23,1.25,1,0,0.25,1,,,,
MNQ DEC25,1s,1,5129,2025-10-27 10:45:30,25888.25,25889,25888.25,25889,11,0.75,0.75,0,0,1,,,,
MNQ DEC25,10s,10,5912,2025-10-27 10:45:30,25887.5,25889,25886.5,25889,188,2.5,1.5,0,1,1,227.9,-24.6,22.26666667,50.38
MNQ DEC25,1s,1,5130,2025-10-27 10:45:31,25889,25889.25,25888.25,25888.75,17,1,0.25,0.25,0.5,-1,,,,
MNQ DEC25,1s,1,5131,2025-10-27 10:45:32,25888.75,25889,25888.5,25888.5,15,0.5,0.25,0.25,0,-1,,,,
MNQ DEC25,1s,1,5132,2025-10-27 10:45:33,25888.75,25889.25,25888.75,25889.25,5,0.5,0.5,0,0,1,,,,
MNQ DEC25,1s,1,5133,2025-10-27 10:45:34,25889,25889.25,25889,25889.25,2,0.25,0.25,0,0,1,,,,
MNQ DEC25,1s,1,5134,2025-10-27 10:45:35,25888.75,25888.75,25888.25,25888.25,4,0.5,0.5,0,0,-1,,,,
MNQ DEC25,1s,1,5135,2025-10-27 10:45:36,25888.5,25889,25887.75,25889,33,1.25,0.5,0,0.75,1,,,,
MNQ DEC25,1s,1,5136,2025-10-27 10:45:37,25888.5,25888.75,25887.75,25888.75,19,1,0.25,0,0.75,1,,,,
MNQ DEC25,1s,1,5137,2025-10-27 10:45:38,25888.75,25888.75,25888.25,25888.75,13,0.5,0,0,0.5,0,,,,
MNQ DEC25,1s,1,5138,2025-10-27 10:45:39,25888.75,25889.25,25888.5,25888.5,21,0.75,0.25,0.5,0,-1,,,,
MNQ DEC25,1s,1,5139,2025-10-27 10:45:40,25889,25889.75,25888.25,25888.25,19,1.5,0.75,0.75,0,-1,,,,
MNQ DEC25,10s,10,5913,2025-10-27 10:45:40,25889,25889.75,25887.75,25888.25,148,2,0.75,0.75,0.5,-1,56.15,-171.75,-54.7,-13.21
MNQ DEC25,20s,20,5956,2025-10-27 10:45:40,25887.5,25889.75,25886.5,25888.25,336,3.25,0.75,1.5,1,1,123,41.3,85.88333333,62.42
MNQ DEC25,1s,1,5140,2025-10-27 10:45:41,25887.75,25889,25887.5,25887.75,47,1.5,0,1.25,0.25,0,,,,
MNQ DEC25,1s,1,5141,2025-10-27 10:45:42,25887.5,25888,25887.5,25888,12,0.5,0.5,0,0,1,,,,
MNQ DEC25,1s,1,5142,2025-10-27 10:45:43,25887.5,25887.75,25887,25887.25,20,0.75,0.25,0.25,0.25,-1,,,,
MNQ DEC25,1s,1,5143,2025-10-27 10:45:44,25887,25887.5,25887,25887.25,27,0.5,0.25,0.25,0,1,,,,
MNQ DEC25,1s,1,5144,2025-10-27 10:45:45,25887.25,25888,25887,25887.75,27,1,0.5,0.25,0.25,1,,,,
MNQ DEC25,1s,1,5145,2025-10-27 10:45:46,25888,25888.5,25888,25888.25,7,0.5,0.25,0.25,0,1,,,,
MNQ DEC25,1s,1,5146,2025-10-27 10:45:47,25888,25888.5,25888,25888.5,8,0.5,0.5,0,0,1,,,,
MNQ DEC25,1s,1,5147,2025-10-27 10:45:48,25888.25,25888.75,25888.25,25888.5,21,0.5,0.25,0.25,0,1,,,,
MNQ DEC25,1s,1,5148,2025-10-27 10:45:49,25889,25889.5,25888.75,25889.5,31,0.75,0.5,0,0.25,1,,,,
MNQ DEC25,1s,1,5149,2025-10-27 10:45:50,25889.25,25889.75,25889.25,25889.5,23,0.5,0.25,0.25,0,1,,,,
MNQ DEC25,10s,10,5914,2025-10-27 10:45:50,25887.75,25889.75,25887,25889.5,223,2.75,1.75,0.25,0.75,1,24.4,-31.75,-76.03333333,-27.34
MNQ DEC25,1s,1,5150,2025-10-27 10:45:51,25889.5,25889.75,25889.25,25889.5,11,0.5,0,0.25,0.25,0,,,,
MNQ DEC25,1s,1,5151,2025-10-27 10:45:52,25889.5,25889.75,25889,25889.75,10,0.75,0.25,0,0.5,1,,,,
MNQ DEC25,1s,1,5152,2025-10-27 10:45:53,25890,25890.25,25889.5,25890.25,47,0.75,0.25,0,0.5,1,,,,
MNQ DEC25,1s,1,5153,2025-10-27 10:45:54,25890,25890.5,25890,25890,10,0.5,0,0.5,0,0,,,,
MNQ DEC25,1s,1,5154,2025-10-27 10:45:55,25890,25890.5,25890,25890,18,0.5,0,0.5,0,0,,,,
MNQ DEC25,1s,1,5155,2025-10-27 10:45:56,25889.75,25890,25889,25889,17,1,0.75,0.25,0,-1,,,,
MNQ DEC25,1s,1,5156,2025-10-27 10:45:57,25889.75,25889.75,25889.25,25889.25,5,0.5,0.5,0,0,-1,,,,
MNQ DEC25,1s,1,5157,2025-10-27 10:45:58,25889.5,25889.5,25888.25,25888.25,31,1.25,1.25,0,0,-1,,,,
MNQ DEC25,1s,1,5158,2025-10-27 10:45:59,25888,25889.25,25888,25889,19,1.25,1,0.25,0,1,,,,
MNQ DEC25,1s,1,5159,2025-10-27 10:46:00,25889.25,25890,25889.25,25889.75,16,0.75,0.5,0.25,0,1,,,,
MNQ DEC25,10s,10,5915,2025-10-27 10:46:00,25889.5,25890.5,25888,25889.75,184,2.5,0.25,0.75,1.5,1,-53.65,-78.05,-93.85,-54.78
MNQ DEC25,20s,20,5957,2025-10-27 10:46:00,25887.75,25890.5,25887,25889.75,407,3.5,2,0.75,0.75,1,140.55,17.55,50.4,62.22
MNQ DEC25,1s,1,5160,2025-10-27 10:46:01,25889.25,25889.75,25889.25,25889.75,12,0.5,0.5,0,0,1,,,,
MNQ DEC25,1s,1,5161,2025-10-27 10:46:02,25889.5,25889.5,25889,25889.25,67,0.5,0.25,0,0.25,-1,,,,
MNQ DEC25,1s,1,5162,2025-10-27 10:46:03,25889.75,25890.25,25889.5,25889.75,20,0.75,0,0.5,0.25,0,,,,
MNQ DEC25,1s,1,5163,2025-10-27 10:46:04,25890,25890,25889.25,25889.25,19,0.75,0.75,0,0,-1,,,,
MNQ DEC25,1s,1,5164,2025-10-27 10:46:05,25889.5,25890,25889.5,25889.75,11,0.5,0.25,0.25,0,1,,,,
MNQ DEC25,1s,1,5165,2025-10-27 10:46:06,25889.75,25891.25,25889.75,25890.75,44,1.5,1,0.5,0,1,,,,
MNQ DEC25,1s,1,5166,2025-10-27 10:46:07,25891,25891.25,25890,25890,21,1.25,1,0.25,0,-1,,,,
MNQ DEC25,1s,1,5167,2025-10-27 10:46:08,25890.25,25890.75,25889.75,25890.25,41,1,0,0.5,0.5,0,,,,
MNQ DEC25,1s,1,5168,2025-10-27 10:46:09,25890.75,25891.75,25890.25,25891.25,68,1.5,0.5,0.5,0.5,1,,,,
MNQ DEC25,1s,1,5169,2025-10-27 10:46:10,25891.75,25891.75,25891.25,25891.25,26,0.5,0.5,0,0,-1,,,,
MNQ DEC25,10s,10,5916,2025-10-27 10:46:10,25889.25,25891.75,25889,25891.25,329,2.75,2,0.5,0.25,1,-59.05,-5.4,-38.4,-62.31
MNQ DEC25,1s,1,5170,2025-10-27 10:46:11,25891.5,25891.5,25890.5,25890.5,46,1,1,0,0,-1,,,,
MNQ DEC25,1s,1,5171,2025-10-27 10:46:12,25890.75,25890.75,25890.25,25890.75,24,0.5,0,0,0.5,0,,,,
MNQ DEC25,1s,1,5172,2025-10-27 10:46:13,25889.75,25890.25,25889.5,25889.75,26,0.75,0,0.5,0.25,0,,,,
MNQ DEC25,1s,1,5173,2025-10-27 10:46:14,25889.75,25889.75,25887.75,25887.75,63,2,2,0,0,-1,,,,
MNQ DEC25,1s,1,5174,2025-10-27 10:46:15,25888,25888,25885.25,25885.5,111,2.75,2.5,0,0.25,-1,,,,
MNQ DEC25,1s,1,5175,2025-10-27 10:46:16,25885.5,25886.75,25885.5,25886,31,1.25,0.5,0.75,0,1,,,,
MNQ DEC25,1s,1,5176,2025-10-27 10:46:17,25886,25886.5,25885,25885.5,31,1.5,0.5,0.5,0.5,-1,,,,
MNQ DEC25,1s,1,5177,2025-10-27 10:46:18,25885.25,25885.75,25884.75,25885,34,1,0.25,0.5,0.25,-1,,,,
MNQ DEC25,1s,1,5178,2025-10-27 10:46:19,25885,25885.5,25884.75,25885,46,0.75,0,0.5,0.25,0,,,,
MNQ DEC25,1s,1,5179,2025-10-27 10:46:20,25885.25,25885.75,25885.25,25885.75,17,0.5,0.5,0,0,1,,,,
MNQ DEC25,10s,10,5917,2025-10-27 10:46:20,25891.5,25891.5,25884.75,25885.75,429,6.75,5.75,0,1,-1,-24.75,34.3,-16.38333333,-50.53
MNQ DEC25,20s,20,5958,2025-10-27 10:46:20,25889.25,25891.75,25884.75,25885.75,758,7,3.5,2.5,1,-1,207.45,66.9,41.91666667,68.42
MNQ DEC25,1s,1,5180,2025-10-27 10:46:21,25885.25,25885.75,25884.75,25885,23,1,0.25,0.5,0.25,-1,,,,
MNQ DEC25,1s,1,5181,2025-10-27 10:46:22,25885,25885.75,25883.5,25883.5,76,2.25,1.5,0.75,0,-1,,,,
MNQ DEC25,1s,1,5182,2025-10-27 10:46:23,25883.5,25883.5,25881.75,25882,119,1.75,1.5,0,0.25,-1,,,,
MNQ DEC25,1s,1,5183,2025-10-27 10:46:24,25881.75,25882,25877.25,25878.5,471,4.75,3.25,0.25,1.25,-1,,,,
MNQ DEC25,1s,1,5184,2025-10-27 10:46:25,25878.5,25879.25,25878,25878.75,114,1.25,0.25,0.5,0.5,1,,,,
MNQ DEC25,1s,1,5185,2025-10-27 10:46:26,25878.25,25879,25877.75,25878,89,1.25,0.25,0.75,0.25,-1,,,,
MNQ DEC25,1s,1,5186,2025-10-27 10:46:27,25878.25,25880,25878,25879.75,66,2,1.5,0.25,0.25,1,,,,
MNQ DEC25,1s,1,5187,2025-10-27 10:46:28,25879.75,25879.75,25878.5,25879,98,1.25,0.75,0,0.5,-1,,,,
MNQ DEC25,1s,1,5188,2025-10-27 10:46:29,25879,25880,25879,25879.25,29,1,0.25,0.75,0,1,,,,
MNQ DEC25,1s,1,5189,2025-10-27 10:46:30,25879.25,25880,25878.5,25878.5,39,1.5,0.75,0.75,0,-1,,,,
MNQ DEC25,10s,10,5918,2025-10-27 10:46:30,25885.25,25885.75,25877.25,25878.5,1124,8.5,6.75,0.5,1.25,-1,135.55,160.3,63.06666667,15.88
MNQ DEC25,1s,1,5190,2025-10-27 10:46:31,25879,25879.75,25878.25,25879,51,1.5,0,0.75,0.75,0,,,,
MNQ DEC25,1s,1,5191,2025-10-27 10:46:32,25879.25,25879.75,25879,25879,32,0.75,0.25,0.5,0,-1,,,,
MNQ DEC25,1s,1,5192,2025-10-27 10:46:33,25879.75,25880.25,25879,25879,33,1.25,0.75,0.5,0,-1,,,,
MNQ DEC25,1s,1,5193,2025-10-27 10:46:34,25879.25,25879.75,25879,25879.25,22,0.75,0,0.5,0.25,0,,,,
MNQ DEC25,1s,1,5194,2025-10-27 10:46:35,25879.5,25879.5,25878.75,25879,28,0.75,0.5,0,0.25,-1,,,,
MNQ DEC25,1s,1,5195,2025-10-27 10:46:36,25879.5,25880.5,25879.5,25880.25,60,1,0.75,0.25,0,1,,,,
MNQ DEC25,1s,1,5196,2025-10-27 10:46:37,25880.25,25881.25,25880,25880.25,61,1.25,0,1,0.25,0,,,,
MNQ DEC25,1s,1,5197,2025-10-27 10:46:38,25881,25881.25,25880.5,25881,35,0.75,0,0.25,0.5,0,,,,
MNQ DEC25,1s,1,5198,2025-10-27 10:46:39,25881,25882.25,25880.5,25882.25,27,1.75,1.25,0,0.5,1,,,,
MNQ DEC25,1s,1,5199,2025-10-27 10:46:40,25882,25882,25881.25,25881.75,33,0.75,0.25,0,0.5,-1,,,,
MNQ DEC25,10s,10,5919,2025-10-27 10:46:40,25879,25882.25,25878.25,25881.75,382,4,2.75,0.5,0.75,1,156.25,20.7,71.76666667,26.37
MNQ DEC25,20s,20,5959,2025-10-27 10:46:40,25885.25,25885.75,25877.25,25881.75,1506,8.5,3.5,0.5,4.5,-1,166.8,-40.65,14.6,35.49
MNQ DEC25,1s,1,5200,2025-10-27 10:46:41,25881.75,25881.75,25880.25,25880.25,25,1.5,1.5,0,0,-1,,,,
MNQ DEC25,1s,1,5201,2025-10-27 10:46:42,25880,25881.25,25879.75,25880.75,30,1.5,0.75,0.5,0.25,1,,,,
MNQ DEC25,1s,1,5202,2025-10-27 10:46:43,25880.25,25880.25,25878.75,25879,64,1.5,1.25,0,0.25,-1,,,,
MNQ DEC25,1s,1,5203,2025-10-27 10:46:44,25878.75,25878.75,25878.25,25878.5,43,0.5,0.25,0,0.25,-1,,,,
MNQ DEC25,1s,1,5204,2025-10-27 10:46:45,25878.5,25878.5,25875.75,25877.25,254,2.75,1.25,0,1.5,-1,,,,
MNQ DEC25,1s,1,5205,2025-10-27 10:46:46,25877.5,25878.25,25877.25,25877.75,81,1,0.25,0.5,0.25,1,,,,
MNQ DEC25,1s,1,5206,2025-10-27 10:46:47,25877.5,25877.5,25876.5,25877,62,1,0.5,0,0.5,-1,,,,
MNQ DEC25,1s,1,5207,2025-10-27 10:46:48,25877,25877.5,25876.5,25877,62,1,0,0.5,0.5,0,,,,
MNQ DEC25,1s,1,5208,2025-10-27 10:46:49,25877.5,25877.75,25876.5,25877.5,56,1.25,0,0.25,1,0,,,,
MNQ DEC25,1s,1,5209,2025-10-27 10:46:50,25877.25,25877.25,25876,25876.75,37,1.25,0.5,0,0.75,-1,,,,
MNQ DEC25,10s,10,5920,2025-10-27 10:46:50,25881.75,25881.75,25875.75,25876.75,714,6,5,0,1,-1,236.2,79.95,86.98333333,57.97
MNQ DEC25,1s,1,5210,2025-10-27 10:46:51,25876.75,25876.75,25873.5,25873.5,315,3.25,3.25,0,0,-1,,,,
MNQ DEC25,1s,1,5211,2025-10-27 10:46:52,25873.5,25874.75,25873,25874.25,166,1.75,0.75,0.5,0.5,1,,,,
MNQ DEC25,1s,1,5212,2025-10-27 10:46:53,25874.25,25875,25873.5,25874.5,129,1.5,0.25,0.5,0.75,1,,,,
MNQ DEC25,1s,1,5213,2025-10-27 10:46:54,25875,25876.5,25874.5,25876.5,75,2,1.5,0,0.5,1,,,,
MNQ DEC25,1s,1,5214,2025-10-27 10:46:55,25876,25877,25875.5,25876,182,1.5,0,1,0.5,0,,,,
MNQ DEC25,1s,1,5215,2025-10-27 10:46:56,25875.75,25876.25,25874.5,25875.5,53,1.75,0.25,0.5,1,-1,,,,
MNQ DEC25,1s,1,5216,2025-10-27 10:46:57,25875.25,25875.25,25874.75,25875.25,18,0.5,0,0,0.5,0,,,,
MNQ DEC25,1s,1,5217,2025-10-27 10:46:58,25875.25,25875.5,25874.75,25875.25,19,0.75,0,0.25,0.5,0,,,,
MNQ DEC25,1s,1,5218,2025-10-27 10:46:59,25875.25,25876,25875.25,25876,33,0.75,0.75,0,0,1,,,,
MNQ DEC25,1s,1,5219,2025-10-27 10:47:00,25876,25877,25875.5,25876.5,41,1.5,0.5,0.5,0.5,1,,,,
MNQ DEC25,10s,10,5921,2025-10-27 10:47:00,25876.75,25877,25873,25876.5,1031,4,0.25,0.25,3.5,-1,335.4,99.2,66.61666667,78.89
MNQ DEC25,20s,20,5960,2025-10-27 10:47:00,25881.75,25881.75,25873,25876.5,1745,8.75,5.25,0,3.5,-1,278.3,111.5,45.91666667,39.32
MNQ DEC25,1s,1,5220,2025-10-27 10:47:01,25876,25877.25,25876,25876.75,54,1.25,0.75,0.5,0,1,,,,
MNQ DEC25,1s,1,5221,2025-10-27 10:47:02,25877,25877.75,25877,25877.5,66,0.75,0.5,0.25,0,1,,,,
MNQ DEC25,1s,1,5222,2025-10-27 10:47:03,25877.75,25878.75,25877.25,25878,85,1.5,0.25,0.75,0.5,1,,,,
MNQ DEC25,1s,1,5223,2025-10-27 10:47:04,25878.5,25879.25,25878.25,25879.25,61,1,0.75,0,0.25,1,,,,
MNQ DEC25,1s,1,5224,2025-10-27 10:47:05,25879,25880.5,25879,25880.5,66,1.5,1.5,0,0,1,,,,
MNQ DEC25,1s,1,5225,2025-10-27 10:47:06,25880.75,25881.25,25878.75,25878.75,99,2.5,2,0.5,0,-1,,,,
MNQ DEC25,1s,1,5226,2025-10-27 10:47:07,25878.5,25878.5,25877.25,25877.75,59,1.25,0.75,0,0.5,-1,,,,
MNQ DEC25,1s,1,5227,2025-10-27 10:47:08,25878,25879,25877.5,25878.75,49,1.5,0.75,0.25,0.5,1,,,,
MNQ DEC25,1s,1,5228,2025-10-27 10:47:09,25878.75,25879.75,25878.75,25879,11,1,0.25,0.75,0,1,,,,
MNQ DEC25,1s,1,5229,2025-10-27 10:47:10,25879.5,25881,25879.25,25880.25,50,1.75,0.75,0.75,0.25,1,,,,
MNQ DEC25,10s,10,5922,2025-10-27 10:47:10,25876,25881.25,25876,25880.25,600,5.25,4.25,1,0,1,344.2,8.8,62.65,73.79
MNQ DEC25,1s,1,5230,2025-10-27 10:47:11,25880.75,25881,25880.5,25880.5,18,0.5,0.25,0.25,0,-1,,,,
MNQ DEC25,1s,1,5231,2025-10-27 10:47:12,25880.5,25881,25880,25880.75,29,1,0.25,0.25,0.5,1,,,,
MNQ DEC25,1s,1,5232,2025-10-27 10:47:13,25880.25,25881.25,25880.25,25880.75,14,1,0.5,0.5,0,1,,,,
MNQ DEC25,1s,1,5233,2025-10-27 10:47:14,25880.75,25881.25,25880.5,25880.5,20,0.75,0.25,0.5,0,-1,,,,
MNQ DEC25,1s,1,5234,2025-10-27 10:47:15,25880.5,25881.25,25880.5,25880.75,25,0.75,0.25,0.5,0,1,,,,
MNQ DEC25,1s,1,5235,2025-10-27 10:47:16,25880.75,25880.75,25879.25,25879.25,22,1.5,1.5,0,0,-1,,,,
MNQ DEC25,1s,1,5236,2025-10-27 10:47:17,25879.5,25879.75,25879.25,25879.25,15,0.5,0.25,0.25,0,-1,,,,
MNQ DEC25,1s,1,5237,2025-10-27 10:47:18,25879.25,25880.25,25879.25,25879.75,14,1,0.5,0.5,0,1,,,,
MNQ DEC25,1s,1,5238,2025-10-27 10:47:19,25880,25880,25878.5,25878.5,13,1.5,1.5,0,0,-1,,,,
MNQ DEC25,1s,1,5239,2025-10-27 10:47:20,25879,25879.75,25879,25879.25,12,0.75,0.25,0.5,0,1,,,,
MNQ DEC25,10s,10,5923,2025-10-27 10:47:20,25880.75,25881.25,25878.5,25879.25,182,2.75,1.5,0.5,0.75,-1,150.65,-193.55,-28.51666667,3.02
MNQ DEC25,20s,20,5961,2025-10-27 10:47:20,25876,25881.25,25876,25879.25,782,5.25,3.25,2,0,1,357.05,78.75,49.86666667,46.81
MNQ DEC25,1s,1,5240,2025-10-27 10:47:21,25879.5,25880,25879.25,25880,12,0.75,0.5,0,0.25,1,,,,
MNQ DEC25,1s,1,5241,2025-10-27 10:47:22,25880,25880.25,25880,25880.25,38,0.25,0.25,0,0,1,,,,
MNQ DEC25,1s,1,5242,2025-10-27 10:47:23,25880.75,25881.5,25880.75,25881.5,70,0.75,0.75,0,0,1,,,,
MNQ DEC25,1s,1,5243,2025-10-27 10:47:24,25881.75,25881.75,25880.75,25881.5,26,1,0.25,0,0.75,-1,,,,
MNQ DEC25,1s,1,5244,2025-10-27 10:47:25,25881,25881.25,25880.75,25881,29,0.5,0,0.25,0.25,0,,,,
MNQ DEC25,1s,1,5245,2025-10-27 10:47:26,25880.25,25881.25,25880.25,25881,10,1,0.75,0.25,0,1,,,,
MNQ DEC25,1s,1,5246,2025-10-27 10:47:27,25880.5,25881.75,25880.25,25881.75,24,1.5,1.25,0,0.25,1,,,,
MNQ DEC25,1s,1,5247,2025-10-27 10:47:28,25881.75,25881.75,25881.5,25881.75,11,0.25,0,0,0.25,0,,,,
MNQ DEC25,1s,1,5248,2025-10-27 10:47:29,25881.75,25882,25880.5,25881.5,79,1.5,0.25,0.25,1,-1,,,,
MNQ DEC25,1s,1,5249,2025-10-27 10:47:30,25881.25,25881.25,25881.25,25881.25,1,0,0,0,0,0,,,,
MNQ DEC25,10s,10,5924,2025-10-27 10:47:30,25879.5,25882,25879.25,25881.25,300,2.75,1.75,0.75,0.25,1,126.85,-23.8,-69.51666667,-5.88
MNQ DEC25,1s,1,5250,2025-10-27 10:47:31,25881.25,25881.25,25879.75,25880,18,1.5,1.25,0,0.25,-1,,,,
MNQ DEC25,1s,1,5251,2025-10-27 10:47:32,25880.25,25880.5,25879.75,25880,15,0.75,0.25,0.25,0.25,-1,,,,
MNQ DEC25,1s,1,5252,2025-10-27 10:47:33,25880.25,25881,25880.25,25881,17,0.75,0.75,0,0,1,,,,
MNQ DEC25,1s,1,5253,2025-10-27 10:47:34,25880.25,25881.25,25880.25,25881.25,11,1,1,0,0,1,,,,
MNQ DEC25,1s,1,5254,2025-10-27 10:47:35,25881.5,25883.75,25881.5,25883.75,109,2.25,2.25,0,0,1,,,,
MNQ DEC25,1s,1,5255,2025-10-27 10:47:36,25883.5,25884,25883.25,25884,33,0.75,0.5,0,0.25,1,,,,
MNQ DEC25,1s,1,5256,2025-10-27 10:47:37,25883.75,25884,25883.25,25883.75,16,0.75,0,0.25,0.5,0,,,,
MNQ DEC25,1s,1,5257,2025-10-27 10:47:38,25883.75,25886,25883.75,25885.75,155,2.25,2,0.25,0,1,,,,
MNQ DEC25,1s,1,5258,2025-10-27 10:47:39,25886,25886.25,25885,25885.25,34,1.25,0.75,0.25,0.25,-1,,,,
MNQ DEC25,1s,1,5259,2025-10-27 10:47:40,25885.75,25886.25,25885.5,25886,32,0.75,0.25,0.25,0.25,1,,,,
MNQ DEC25,10s,10,5925,2025-10-27 10:47:40,25881.25,25886.25,25879.75,25886,440,6.5,4.75,0.25,1.5,1,59.5,-67.35,-94.9,-35.34
MNQ DEC25,20s,20,5962,2025-10-27 10:47:40,25879.5,25886.25,25879.25,25886,740,7,6.5,0.25,0.25,1,453.75,96.7,95.65,62.64
MNQ DEC25,1s,1,5260,2025-10-27 10:47:41,25885.5,25886,25885.25,25885.5,11,0.75,0,0.5,0.25,0,,,,
MNQ DEC25,1s,1,5261,2025-10-27 10:47:42,25886,25886,25885,25885,24,1,1,0,0,-1,,,,
MNQ DEC25,1s,1,5262,2025-10-27 10:47:43,25885.5,25886.25,25885.25,25886,30,1,0.5,0.25,0.25,1,,,,
MNQ DEC25,1s,1,5263,2025-10-27 10:47:44,25886.25,25886.25,25885,25885.25,42,1.25,1,0,0.25,-1,,,,
MNQ DEC25,1s,1,5264,2025-10-27 10:47:45,25885.75,25886.5,25885.75,25885.75,31,0.75,0,0.75,0,0,,,,
MNQ DEC25,1s,1,5265,2025-10-27 10:47:46,25886.25,25886.5,25886,25886.5,11,0.5,0.25,0,0.25,1,,,,
MNQ DEC25,1s,1,5266,2025-10-27 10:47:47,25886,25886.5,25885.75,25886.25,13,0.75,0.25,0.25,0.25,1,,,,
MNQ DEC25,1s,1,5267,2025-10-27 10:47:48,25886,25886.25,25885.25,25885.25,23,1,0.75,0.25,0,-1,,,,
MNQ DEC25,1s,1,5268,2025-10-27 10:47:49,25885.5,25885.75,25885.25,25885.25,5,0.5,0.25,0.25,0,-1,,,,
MNQ DEC25,1s,1,5269,2025-10-27 10:47:50,25885,25885.5,25885,25885.25,21,0.5,0.25,0.25,0,1,,,,
MNQ DEC25,10s,10,5926,2025-10-27 10:47:50,25885.5,25886.5,25885,25885.25,211,1.5,0.25,1,0.25,-1,-109.1,-168.6,-86.58333333,-88.9
MNQ DEC25,1s,1,5270,2025-10-27 10:47:51,25885.5,25885.75,25885.25,25885.75,14,0.5,0.25,0,0.25,1,,,,
MNQ DEC25,1s,1,5271,2025-10-27 10:47:52,25885.5,25885.75,25885.25,25885.75,7,0.5,0.25,0,0.25,1,,,,
MNQ DEC25,1s,1,5272,2025-10-27 10:47:53,25885.5,25885.5,25885.25,25885.5,9,0.25,0,0,0.25,0,,,,
MNQ DEC25,1s,1,5273,2025-10-27 10:47:54,25885.75,25885.75,25884.5,25884.5,12,1.25,1.25,0,0,-1,,,,
MNQ DEC25,1s,1,5274,2025-10-27 10:47:55,25884.5,25885.25,25884.5,25885.25,21,0.75,0.75,0,0,1,,,,
MNQ DEC25,1s,1,5275,2025-10-27 10:47:56,25885,25885,25884.5,25884.5,5,0.5,0.5,0,0,-1,,,,
MNQ DEC25,1s,1,5276,2025-10-27 10:47:57,25884.25,25884.75,25884,25884.25,21,0.75,0,0.5,0.25,0,,,,
MNQ DEC25,1s,1,5277,2025-10-27 10:47:58,25884.25,25884.75,25883.75,25884,50,1,0.25,0.5,0.25,-1,,,,
MNQ DEC25,1s,1,5278,2025-10-27 10:47:59,25883.75,25884.5,25883.75,25884,7,0.75,0.25,0.5,0,1,,,,
MNQ DEC25,1s,1,5279,2025-10-27 10:48:00,25884.25,25885.25,25883.75,25885.25,16,1.5,1,0,0.5,1,,,,
MNQ DEC25,10s,10,5927,2025-10-27 10:48:00,25885.5,25885.75,25883.75,25885.25,162,2,0.25,0.25,1.5,-1,-189.1,-80,-105.31666667,-106.66
MNQ DEC25,20s,20,5963,2025-10-27 10:48:00,25885.5,25886.5,25883.75,25885.25,373,2.75,0.25,1,1.5,-1,386.5,-67.25,36.06666667,35.81
MNQ DEC25,1s,1,5280,2025-10-27 10:48:01,25885.25,25885.75,25885,25885,53,0.75,0.25,0.5,0,-1,,,,
MNQ DEC25,1s,1,5281,2025-10-27 10:48:02,25885.25,25886.5,25885.25,25886.25,20,1.25,1,0.25,0,1,,,,
MNQ DEC25,1s,1,5282,2025-10-27 10:48:03,25886.25,25886.5,25886,25886.25,19,0.5,0,0.25,0.25,0,,,,
MNQ DEC25,1s,1,5283,2025-10-27 10:48:04,25886.5,25886.5,25886,25886,18,0.5,0.5,0,0,-1,,,,
MNQ DEC25,1s,1,5284,2025-10-27 10:48:05,25886.25,25886.75,25886,25886.25,17,0.75,0,0.5,0.25,0,,,,
MNQ DEC25,1s,1,5285,2025-10-27 10:48:06,25886.25,25886.75,25884.25,25884.25,96,2.5,2,0.5,0,-1,,,,
MNQ DEC25,1s,1,5286,2025-10-27 10:48:07,25884,25884.25,25875,25875.25,555,9.25,8.75,0.25,0.25,-1,,,,
MNQ DEC25,1s,1,5287,2025-10-27 10:48:08,25875,25877.25,25875,25875.75,115,2.25,0.75,1.5,0,1,,,,
MNQ DEC25,1s,1,5288,2025-10-27 10:48:09,25875.5,25875.75,25874.25,25875.5,110,1.5,0,0.25,1.25,0,,,,
MNQ DEC25,1s,1,5289,2025-10-27 10:48:10,25875.5,25876,25875,25875.5,69,1,0,0.5,0.5,0,,,,
MNQ DEC25,10s,10,5928,2025-10-27 10:48:10,25885.25,25886.75,25874.25,25875.5,1072,12.5,9.75,1.5,1.25,-1,-13.1,176,-24.2,-32.75
MNQ DEC25,1s,1,5290,2025-10-27 10:48:11,25876,25877.75,25875.5,25877.75,54,2.25,1.75,0,0.5,1,,,,
MNQ DEC25,1s,1,5291,2025-10-27 10:48:12,25877.25,25877.75,25875,25875,86,2.75,2.25,0.5,0,-1,,,,
MNQ DEC25,1s,1,5292,2025-10-27 10:48:13,25875.25,25875.25,25873.25,25873.75,96,2,1.5,0,0.5,-1,,,,
MNQ DEC25,1s,1,5293,2025-10-27 10:48:14,25873.75,25874.5,25873,25873,76,1.5,0.75,0.75,0,-1,,,,
MNQ DEC25,1s,1,5294,2025-10-27 10:48:15,25873.25,25875,25873,25874.25,73,2,1,0.75,0.25,1,,,,
MNQ DEC25,1s,1,5295,2025-10-27 10:48:16,25874.5,25875.25,25873.75,25874.75,59,1.5,0.25,0.5,0.75,1,,,,
MNQ DEC25,1s,1,5296,2025-10-27 10:48:17,25874.75,25876,25874.75,25876,30,1.25,1.25,0,0,1,,,,
MNQ DEC25,1s,1,5297,2025-10-27 10:48:18,25876,25876.5,25875.5,25876,27,1,0,0.5,0.5,0,,,,
MNQ DEC25,1s,1,5298,2025-10-27 10:48:19,25876,25876.5,25874.25,25874.75,46,2.25,1.25,0.5,0.5,-1,,,,
MNQ DEC25,1s,1,5299,2025-10-27 10:48:20,25874.75,25875,25874,25875,48,1,0.25,0,0.75,1,,,,
MNQ DEC25,10s,10,5929,2025-10-27 10:48:20,25876,25877.75,25873,25875,595,4.75,1,1.75,2,-1,35.2,48.3,48.1,-18.33
MNQ DEC25,20s,20,5964,2025-10-27 10:48:20,25885.25,25886.75,25873,25875,1667,13.75,10.25,1.5,2,-1,354.7,-31.8,-0.78333333,37.58
MNQ DEC25,1s,1,5300,2025-10-27 10:48:21,25875.25,25876.25,25874.5,25875.75,38,1.75,0.5,0.5,0.75,1,,,,
MNQ DEC25,1s,1,5301,2025-10-27 10:48:22,25875.75,25878.75,25875.25,25878.75,73,3.5,3,0,0.5,1,,,,
MNQ DEC25,1s,1,5302,2025-10-27 10:48:23,25878.25,25880.5,25878.25,25879,30,2.25,0.75,1.5,0,1,,,,
MNQ DEC25,1s,1,5303,2025-10-27 10:48:24,25879,25879.75,25878.5,25878.75,27,1.25,0.25,0.75,0.25,-1,,,,
MNQ DEC25,1s,1,5304,2025-10-27 10:48:25,25878.5,25879,25877.25,25877.25,26,1.75,1.25,0.5,0,-1,,,,
MNQ DEC25,1s,1,5305,2025-10-27 10:48:26,25877.75,25877.75,25877.25,25877.75,12,0.5,0,0,0.5,0,,,,
MNQ DEC25,1s,1,5306,2025-10-27 10:48:27,25877.5,25878.25,25877.5,25877.5,11,0.75,0,0.75,0,0,,,,
MNQ DEC25,1s,1,5307,2025-10-27 10:48:28,25877.25,25877.5,25876,25876,19,1.5,1.25,0.25,0,-1,,,,
MNQ DEC25,1s,1,5308,2025-10-27 10:48:29,25876.25,25876.75,25875.75,25876.25,24,1,0,0.5,0.5,0,,,,
MNQ DEC25,1s,1,5309,2025-10-27 10:48:30,25876.5,25876.5,25875.75,25876,21,0.75,0.5,0,0.25,-1,,,,
MNQ DEC25,10s,10,5930,2025-10-27 10:48:30,25875.25,25880.5,25874.5,25876,281,6,0.75,4.5,0.75,1,18.25,-16.95,69.11666667,-8.25
MNQ DEC25,1s,1,5310,2025-10-27 10:48:31,25876.25,25876.25,25875.5,25876,13,0.75,0.25,0,0.5,-1,,,,
MNQ DEC25,1s,1,5311,2025-10-27 10:48:32,25875.75,25876.75,25875.25,25876.5,37,1.5,0.75,0.25,0.5,1,,,,
MNQ DEC25,1s,1,5312,2025-10-27 10:48:33,25877,25877,25876.5,25876.5,13,0.5,0.5,0,0,-1,,,,
MNQ DEC25,1s,1,5313,2025-10-27 10:48:34,25876.5,25876.5,25876,25876.5,11,0.5,0,0,0.5,0,,,,
MNQ DEC25,1s,1,5314,2025-10-27 10:48:35,25875.75,25876.25,25875.75,25876.25,25,0.5,0.5,0,0,1,,,,
MNQ DEC25,1s,1,5315,2025-10-27 10:48:36,25876,25876.25,25875.75,25876,22,0.5,0,0.25,0.25,0,,,,
MNQ DEC25,1s,1,5316,2025-10-27 10:48:37,25876.5,25876.5,25876.25,25876.5,11,0.25,0,0,0.25,0,,,,
MNQ DEC25,1s,1,5317,2025-10-27 10:48:38,25876.75,25876.75,25876,25876,25,0.75,0.75,0,0,-1,,,,
MNQ DEC25,1s,1,5318,2025-10-27 10:48:39,25876.5,25876.5,25875.25,25876.25,30,1.25,0.25,0,1,-1,,,,
MNQ DEC25,1s,1,5319,2025-10-27 10:48:40,25876,25876.25,25873.75,25874,91,2.5,2,0.25,0.25,-1,,,,
MNQ DEC25,10s,10,5931,2025-10-27 10:48:40,25876.25,25877,25873.75,25874,278,3.25,2.25,0.75,0.25,-1,33.95,15.7,15.68333333,28.61
MNQ DEC25,20s,20,5965,2025-10-27 10:48:40,25875.25,25880.5,25873.75,25874,559,6.75,1.25,5.25,0.25,-1,107.25,-247.45,-115.5,-34.21
MNQ DEC25,1s,1,5320,2025-10-27 10:48:41,25873.5,25873.75,25873.25,25873.75,31,0.5,0.25,0,0.25,1,,,,
MNQ DEC25,1s,1,5321,2025-10-27 10:48:42,25873.75,25875.5,25873.75,25875,55,1.75,1.25,0.5,0,1,,,,
MNQ DEC25,1s,1,5322,2025-10-27 10:48:43,25874.75,25874.75,25873,25874,68,1.75,0.75,0,1,-1,,,,
MNQ DEC25,1s,1,5323,2025-10-27 10:48:44,25873.75,25874.75,25873.75,25874.75,13,1,1,0,0,1,,,,
MNQ DEC25,1s,1,5324,2025-10-27 10:48:45,25874.25,25874.75,25874.25,25874.5,22,0.5,0.25,0.25,0,1,,,,
MNQ DEC25,1s,1,5325,2025-10-27 10:48:46,25874.75,25874.75,25874,25874.5,17,0.75,0.25,0,0.5,-1,,,,
MNQ DEC25,1s,1,5326,2025-10-27 10:48:47,25875,25875.5,25874.25,25875.25,30,1.25,0.25,0.25,0.75,1,,,,
MNQ DEC25,1s,1,5327,2025-10-27 10:48:48,25874.5,25875,25874.5,25874.75,13,0.5,0.25,0.25,0,1,,,,
MNQ DEC25,1s,1,5328,2025-10-27 10:48:49,25874.5,25875.5,25874.5,25875,17,1,0.5,0.5,0,1,,,,
MNQ DEC25,1s,1,5329,2025-10-27 10:48:50,25875.75,25875.75,25875,25875.75,33,0.75,0,0,0.75,0,,,,
MNQ DEC25,10s,10,5932,2025-10-27 10:48:50,25873.5,25875.75,25873,25875.75,299,2.75,2.25,0,0.5,1,55.8,21.85,6.86666667,48.98
MNQ DEC25,1s,1,5330,2025-10-27 10:48:51,25875.75,25876,25875.5,25875.5,12,0.5,0.25,0.25,0,-1,,,,
MNQ DEC25,1s,1,5331,2025-10-27 10:48:52,25875.75,25876,25875.25,25875.75,13,0.75,0,0.25,0.5,0,,,,
MNQ DEC25,1s,1,5332,2025-10-27 10:48:53,25875,25875.75,25874.75,25875.25,20,1,0.25,0.5,0.25,1,,,,
MNQ DEC25,1s,1,5333,2025-10-27 10:48:54,25875.5,25875.5,25874.25,25874.25,14,1.25,1.25,0,0,-1,,,,
MNQ DEC25,1s,1,5334,2025-10-27 10:48:55,25874.25,25875,25873.75,25874.5,31,1.25,0.25,0.5,0.5,1,,,,
MNQ DEC25,1s,1,5335,2025-10-27 10:48:56,25874.5,25875.5,25873.25,25873.25,33,2.25,1.25,1,0,-1,,,,
MNQ DEC25,1s,1,5336,2025-10-27 10:48:57,25873.25,25873.25,25872.75,25872.75,29,0.5,0.5,0,0,-1,,,,
MNQ DEC25,1s,1,5337,2025-10-27 10:48:58,25873.25,25874.25,25872.75,25873,26,1.5,0.25,1,0.25,-1,,,,
MNQ DEC25,1s,1,5338,2025-10-27 10:48:59,25872.75,25873.25,25871.75,25872.5,119,1.5,0.25,0.5,0.75,-1,,,,
MNQ DEC25,1s,1,5339,2025-10-27 10:49:00,25872.5,25873,25867.5,25869.75,603,5.5,2.75,0.5,2.25,-1,,,,
MNQ DEC25,10s,10,5933,2025-10-27 10:49:00,25875.75,25876,25867.5,25869.75,900,8.5,6,0.25,2.25,-1,-16.2,-72,-11.48333333,-0.62
MNQ DEC25,20s,20,5966,2025-10-27 10:49:00,25873.5,25876,25867.5,25869.75,1199,8.5,3.75,2.5,2.25,-1,153.15,45.9,-77.78333333,-40.78
MNQ DEC25,1s,1,5340,2025-10-27 10:49:01,25870.25,25871.75,25870,25870.75,101,1.75,0.5,1,0.25,1,,,,
MNQ DEC25,1s,1,5341,2025-10-27 10:49:02,25870.75,25871.5,25869.75,25870,83,1.75,0.75,0.75,0.25,-1,,,,
MNQ DEC25,1s,1,5342,2025-10-27 10:49:03,25870,25871.25,25869.5,25870.75,60,1.75,0.75,0.5,0.5,1,,,,
MNQ DEC25,1s,1,5343,2025-10-27 10:49:04,25870.75,25872,25870.75,25871.25,60,1.25,0.5,0.75,0,1,,,,
MNQ DEC25,1s,1,5344,2025-10-27 10:49:05,25871.5,25872.25,25871.25,25872,51,1,0.5,0.25,0.25,1,,,,
MNQ DEC25,1s,1,5345,2025-10-27 10:49:06,25871.75,25872.25,25871.25,25871.75,28,1,0,0.5,0.5,0,,,,
MNQ DEC25,1s,1,5346,2025-10-27 10:49:07,25871.5,25871.5,25869,25870.25,67,2.5,1.25,0,1.25,-1,,,,
MNQ DEC25,1s,1,5347,2025-10-27 10:49:08,25870.75,25870.75,25869.25,25870.25,47,1.5,0.5,0,1,-1,,,,
MNQ DEC25,1s,1,5348,2025-10-27 10:49:09,25869.75,25870,25869.25,25869.75,32,0.75,0,0.25,0.5,0,,,,
MNQ DEC25,1s,1,5349,2025-10-27 10:49:10,25870,25871,25870,25870.5,33,1,0.5,0.5,0,1,,,,
MNQ DEC25,10s,10,5934,2025-10-27 10:49:10,25870.25,25872.25,25869,25870.5,562,3.25,0.25,1.75,1.25,1,-39.75,-23.55,-24.56666667,-14.99
MNQ DEC25,1s,1,5350,2025-10-27 10:49:11,25870.25,25872.75,25870,25872.25,86,2.75,2,0.5,0.25,1,,,,
MNQ DEC25,1s,1,5351,2025-10-27 10:49:12,25872.25,25873.25,25872.25,25872.75,24,1,0.5,0.5,0,1,,,,
MNQ DEC25,1s,1,5352,2025-10-27 10:49:13,25872.5,25874.5,25872.5,25874,55,2,1.5,0.5,0,1,,,,
MNQ DEC25,1s,1,5353,2025-10-27 10:49:14,25874.25,25875.25,25874.25,25875,46,1,0.75,0.25,0,1,,,,
MNQ DEC25,1s,1,5354,2025-10-27 10:49:15,25874.5,25875,25874.25,25875,36,0.75,0.5,0,0.25,1,,,,
MNQ DEC25,1s,1,5355,2025-10-27 10:49:16,25874.5,25874.75,25872.5,25872.5,43,2.25,2,0.25,0,-1,,,,
MNQ DEC25,1s,1,5356,2025-10-27 10:49:17,25873,25873.75,25873,25873.5,14,0.75,0.5,0.25,0,1,,,,
MNQ DEC25,1s,1,5357,2025-10-27 10:49:18,25873.25,25873.5,25872.5,25873.25,32,1,0,0.25,0.75,0,,,,
MNQ DEC25,1s,1,5358,2025-10-27 10:49:19,25873,25875.5,25873,25875,26,2.5,2,0.5,0,1,,,,
MNQ DEC25,1s,1,5359,2025-10-27 10:49:20,25875.75,25876.75,25875.5,25876.25,74,1.25,0.5,0.5,0.25,1,,,,
MNQ DEC25,10s,10,5935,2025-10-27 10:49:20,25870.25,25876.75,25870,25876.25,436,6.75,6,0.5,0.25,1,-21.35,18.4,-25.71666667,-7.92
MNQ DEC25,20s,20,5967,2025-10-27 10:49:20,25870.25,25876.75,25869,25876.25,998,7.75,6,0.5,1.25,1,175.8,22.65,-59.63333333,-55.59
MNQ DEC25,1s,1,5360,2025-10-27 10:49:21,25876.25,25877.75,25876.25,25877.75,30,1.5,1.5,0,0,1,,,,
MNQ DEC25,1s,1,5361,2025-10-27 10:49:22,25877.25,25877.5,25877,25877.5,38,0.5,0.25,0,0.25,1,,,,
MNQ DEC25,1s,1,5362,2025-10-27 10:49:23,25877.75,25878.75,25877,25877.5,79,1.75,0.25,1,0.5,-1,,,,
MNQ DEC25,1s,1,5363,2025-10-27 10:49:24,25878,25878.25,25877.25,25878.25,26,1,0.25,0,0.75,1,,,,
MNQ DEC25,1s,1,5364,2025-10-27 10:49:25,25878,25879,25878,25878.5,26,1,0.5,0.5,0,1,,,,
MNQ DEC25,1s,1,5365,2025-10-27 10:49:26,25878.25,25879.25,25878.25,25878.5,35,1,0.25,0.75,0,1,,,,
MNQ DEC25,1s,1,5366,2025-10-27 10:49:27,25878.5,25879.25,25878.25,25879.25,12,1,0.75,0,0.25,1,,,,
MNQ DEC25,1s,1,5367,2025-10-27 10:49:28,25879,25879.75,25878.5,25878.5,20,1.25,0.5,0.75,0,-1,,,,
MNQ DEC25,1s,1,5368,2025-10-27 10:49:29,25878.75,25878.75,25877.5,25877.5,44,1.25,1.25,0,0,-1,,,,
MNQ DEC25,1s,1,5369,2025-10-27 10:49:30,25877.5,25878.75,25876.75,25878,32,2,0.5,0.75,0.75,1,,,,
MNQ DEC25,10s,10,5936,2025-10-27 10:49:30,25876.25,25879.75,25876.25,25878,342,3.5,1.75,1.75,0,1,-9.2,12.15,2.33333333,-8.63
MNQ DEC25,1s,1,5370,2025-10-27 10:49:31,25878.25,25878.25,25877.25,25877.25,16,1,1,0,0,-1,,,,
MNQ DEC25,1s,1,5371,2025-10-27 10:49:32,25877.25,25877.5,25877,25877.25,17,0.5,0,0.25,0.25,0,,,,
MNQ DEC25,1s,1,5372,2025-10-27 10:49:33,25877.25,25877.5,25876.75,25877.25,13,0.75,0,0.25,0.5,0,,,,
MNQ DEC25,1s,1,5373,2025-10-27 10:49:34,25877,25877.5,25876.5,25877.25,13,1,0.25,0.25,0.5,1,,,,
MNQ DEC25,1s,1,5374,2025-10-27 10:49:35,25877.25,25878,25877,25877.75,38,1,0.5,0.25,0.25,1,,,,
MNQ DEC25,1s,1,5375,2025-10-27 10:49:36,25877.5,25878.75,25877.5,25878.75,11,1.25,1.25,0,0,1,,,,
MNQ DEC25,1s,1,5376,2025-10-27 10:49:37,25878.25,25879,25878,25878.25,9,1,0,0.75,0.25,0,,,,
MNQ DEC25,1s,1,5377,2025-10-27 10:49:38,25878,25878.75,25878,25878.25,7,0.75,0.25,0.5,0,1,,,,
MNQ DEC25,1s,1,5378,2025-10-27 10:49:39,25878.25,25878.25,25878.25,25878.25,7,0,0,0,0,0,,,,
MNQ DEC25,1s,1,5379,2025-10-27 10:49:40,25878.25,25878.25,25877.25,25877.25,7,1,1,0,0,-1,,,,
MNQ DEC25,10s,10,5937,2025-10-27 10:49:40,25878.25,25879,25876.5,25877.25,138,2.5,1,0.75,0.75,-1,-26.85,-17.65,4.3,-16.53
MNQ DEC25,20s,20,5968,2025-10-27 10:49:40,25876.25,25879.75,25876.25,25877.25,480,3.5,1,2.5,0,1,190.8,15,27.85,-39.14
MNQ DEC25,1s,1,5380,2025-10-27 10:49:41,25877,25877.25,25876.75,25876.75,24,0.5,0.25,0.25,0,-1,,,,
MNQ DEC25,1s,1,5381,2025-10-27 10:49:42,25877,25878.25,25877,25878,22,1.25,1,0.25,0,1,,,,
MNQ DEC25,1s,1,5382,2025-10-27 10:49:43,25878,25878.5,25877.75,25878,16,0.75,0,0.5,0.25,0,,,,
MNQ DEC25,1s,1,5383,2025-10-27 10:49:44,25877.75,25878,25877.5,25878,14,0.5,0.25,0,0.25,1,,,,
MNQ DEC25,1s,1,5384,2025-10-27 10:49:45,25877.75,25877.75,25877.25,25877.5,11,0.5,0.25,0,0.25,-1,,,,
MNQ DEC25,1s,1,5385,2025-10-27 10:49:46,25877.75,25878,25877.75,25877.75,10,0.25,0,0.25,0,0,,,,
MNQ DEC25,1s,1,5386,2025-10-27 10:49:47,25877.75,25877.75,25877.25,25877.5,13,0.5,0.25,0,0.25,-1,,,,
MNQ DEC25,1s,1,5387,2025-10-27 10:49:48,25877.5,25878,25877,25877.25,9,1,0.25,0.5,0.25,-1,,,,
MNQ DEC25,1s,1,5388,2025-10-27 10:49:49,25877,25878.25,25877,25878.25,6,1.25,1.25,0,0,1,,,,
MNQ DEC25,1s,1,5389,2025-10-27 10:49:50,25877.75,25877.75,25876,25876,30,1.75,1.75,0,0,-1,,,,
MNQ DEC25,10s,10,5938,2025-10-27 10:49:50,25877,25878.5,25876,25876,155,2.5,1,1.5,0,-1,-127.4,-100.55,-35.35,-22.24
MNQ DEC25,1s,1,5390,2025-10-27 10:49:51,25876.25,25876.25,25873.5,25873.5,41,2.75,2.75,0,0,-1,,,,
MNQ DEC25,1s,1,5391,2025-10-27 10:49:52,25873.75,25874.25,25873.5,25873.5,17,0.75,0.25,0.5,0,-1,,,,
MNQ DEC25,1s,1,5392,2025-10-27 10:49:53,25873.5,25874.25,25873.5,25873.75,15,0.75,0.25,0.5,0,1,,,,
MNQ DEC25,1s,1,5393,2025-10-27 10:49:54,25873.5,25874,25873.5,25874,10,0.5,0.5,0,0,1,,,,
MNQ DEC25,1s,1,5394,2025-10-27 10:49:55,25874,25874.25,25873.5,25873.5,7,0.75,0.5,0.25,0,-1,,,,
MNQ DEC25,1s,1,5395,2025-10-27 10:49:56,25874,25874.5,25874,25874,16,0.5,0,0.5,0,0,,,,
MNQ DEC25,1s,1,5396,2025-10-27 10:49:57,25874.25,25875,25873.75,25874.75,14,1.25,0.5,0.25,0.5,1,,,,
MNQ DEC25,1s,1,5397,2025-10-27 10:49:58,25874.75,25875,25874.5,25874.5,9,0.5,0.25,0.25,0,-1,,,,
MNQ DEC25,1s,1,5398,2025-10-27 10:49:59,25874.75,25875.5,25874.75,25875.25,14,0.75,0.5,0.25,0,1,,,,
MNQ DEC25,1s,1,5399,2025-10-27 10:50:00,25875.25,25876.5,25875,25875.75,32,1.5,0.5,0.75,0.25,1,,,,
MNQ DEC25,10s,10,5939,2025-10-27 10:50:00,25876.25,25876.5,25873.5,25875.75,175,3,0.5,0.25,2.25,-1,-194.45,-67.05,-61.75,-30.94
MNQ DEC25,20s,20,5969,2025-10-27 10:50:00,25877,25878.5,25873.5,25875.75,330,5,1.25,1.5,2.25,-1,-63.8,-254.6,-72.31666667,-83.7
MNQ DEC25,1s,1,5400,2025-10-27 10:50:01,25875.25,25877,25875.25,25876.5,68,1.75,1.25,0.5,0,1,,,,
MNQ DEC25,1s,1,5401,2025-10-27 10:50:02,25876.5,25876.75,25874.75,25874.75,74,2,1.75,0.25,0,-1,,,,
MNQ DEC25,1s,1,5402,2025-10-27 10:50:03,25875.25,25875.25,25874.75,25875.25,6,0.5,0,0,0.5,0,,,,
MNQ DEC25,1s,1,5403,2025-10-27 10:50:04,25874.75,25875.25,25874.75,25875.25,25,0.5,0.5,0,0,1,,,,
MNQ DEC25,1s,1,5404,2025-10-27 10:50:05,25875,25875,25874.25,25874.75,12,0.75,0.25,0,0.5,-1,,,,
MNQ DEC25,1s,1,5405,2025-10-27 10:50:06,25874.75,25874.75,25873.5,25873.5,19,1.25,1.25,0,0,-1,,,,
MNQ DEC25,1s,1,5406,2025-10-27 10:50:07,25874,25874,25873.25,25873.5,19,0.75,0.5,0,0.25,-1,,,,
MNQ DEC25,1s,1,5407,2025-10-27 10:50:08,25873.5,25875,25873.5,25874,24,1.5,0.5,1,0,1,,,,
MNQ DEC25,1s,1,5408,2025-10-27 10:50:09,25874.25,25874.5,25872,25872.25,48,2.5,2,0.25,0.25,-1,,,,
MNQ DEC25,1s,1,5409,2025-10-27 10:50:10,25872.5,25872.75,25871.75,25872.75,32,1,0.25,0,0.75,1,,,,
MNQ DEC25,10s,10,5940,2025-10-27 10:50:10,25875.25,25877,25871.75,25872.75,327,5.25,2.5,1.75,1,-1,-196.9,-2.45,-56.68333333,-35.11
MNQ DEC25,1s,1,5410,2025-10-27 10:50:11,25872,25872.5,25871.5,25871.5,33,1,0.5,0.5,0,-1,,,,
MNQ DEC25,1s,1,5411,2025-10-27 10:50:12,25871.75,25874,25871.25,25873,40,2.75,1.25,1,0.5,1,,,,
MNQ DEC25,1s,1,5412,2025-10-27 10:50:13,25873.5,25873.5,25871.75,25872,45,1.75,1.5,0,0.25,-1,,,,
MNQ DEC25,1s,1,5413,2025-10-27 10:50:14,25872,25873.25,25872,25872.75,49,1.25,0.75,0.5,0,1,,,,
MNQ DEC25,1s,1,5414,2025-10-27 10:50:15,25872.75,25872.75,25872,25872,16,0.75,0.75,0,0,-1,,,,
MNQ DEC25,1s,1,5415,2025-10-27 10:50:16,25872.5,25872.75,25871.5,25871.5,32,1.25,1,0.25,0,-1,,,,
MNQ DEC25,1s,1,5416,2025-10-27 10:50:17,25872,25872,25871.5,25871.5,32,0.5,0.5,0,0,-1,,,,
MNQ DEC25,1s,1,5417,2025-10-27 10:50:18,25871.75,25872.5,25871.25,25871.75,14,1.25,0,0.75,0.5,0,,,,
MNQ DEC25,1s,1,5418,2025-10-27 10:50:19,25871.75,25874.25,25871.5,25874.25,40,2.75,2.5,0,0.25,1,,,,
MNQ DEC25,1s,1,5419,2025-10-27 10:50:20,25874,25875.75,25874,25875.75,64,1.75,1.75,0,0,1,,,,
MNQ DEC25,10s,10,5941,2025-10-27 10:50:20,25872,25875.75,25871.25,25875.75,365,4.5,3.75,0,0.75,1,-159,37.9,-10.53333333,-29.96
MNQ DEC25,20s,20,5970,2025-10-27 10:50:20,25875.25,25877,25871.25,25875.75,692,5.75,0.5,1.25,4,1,-51.8,12,-75.86666667,-31.81
MNQ DEC25,1s,1,5420,2025-10-27 10:50:21,25875.25,25876,25875,25875,22,1,0.25,0.75,0,-1,,,,
MNQ DEC25,1s,1,5421,2025-10-27 10:50:22,25875.25,25875.75,25875,25875,17,0.75,0.25,0.5,0,-1,,,,
MNQ DEC25,1s,1,5422,2025-10-27 10:50:23,25875.25,25875.5,25875.25,25875.5,15,0.25,0.25,0,0,1,,,,
MNQ DEC25,1s,1,5423,2025-10-27 10:50:24,25875.5,25876,25875,25875,21,1,0.5,0.5,0,-1,,,,
MNQ DEC25,1s,1,5424,2025-10-27 10:50:25,25875.25,25876.75,25875,25876.5,25,1.75,1.25,0.25,0.25,1,,,,
MNQ DEC25,1s,1,5425,2025-10-27 10:50:26,25876.75,25877,25874.5,25875,77,2.5,1.75,0.25,0.5,-1,,,,
MNQ DEC25,1s,1,5426,2025-10-27 10:50:27,25874.5,25874.75,25874,25874,10,0.75,0.5,0.25,0,-1,,,,
MNQ DEC25,1s,1,5427,2025-10-27 10:50:28,25874,25874.25,25873.75,25874.25,11,0.5,0.25,0,0.25,1,,,,
MNQ DEC25,1s,1,5428,2025-10-27 10:50:29,25874,25874,25873.5,25874,11,0.5,0,0,0.5,0,,,,
MNQ DEC25,1s,1,5429,2025-10-27 10:50:30,25874,25874.5,25873.75,25874.25,10,0.75,0.25,0.25,0.25,1,,,,
MNQ DEC25,10s,10,5942,2025-10-27 10:50:30,25875.25,25877,25873.5,25874.25,219,3.5,1,1.75,0.75,-1,-123.75,35.25,23.56666667,-19.38
MNQ DEC25,1s,1,5430,2025-10-27 10:50:31,25873.25,25873.5,25872.75,25873.25,7,0.75,0,0.25,0.5,0,,,,
MNQ DEC25,1s,1,5431,2025-10-27 10:50:32,25872.75,25873,25872.5,25872.5,10,0.5,0.25,0.25,0,-1,,,,
MNQ DEC25,1s,1,5432,2025-10-27 10:50:33,25872.5,25873.25,25872.5,25872.75,12,0.75,0.25,0.5,0,1,,,,
MNQ DEC25,1s,1,5433,2025-10-27 10:50:34,25873.25,25873.25,25873,25873.25,7,0.25,0,0,0.25,0,,,,
MNQ DEC25,1s,1,5434,2025-10-27 10:50:35,25873.5,25873.75,25872.75,25873.25,31,1,0.25,0.25,0.5,-1,,,,
MNQ DEC25,1s,1,5435,2025-10-27 10:50:36,25873,25873.75,25873,25873.75,9,0.75,0.75,0,0,1,,,,
MNQ DEC25,1s,1,5436,2025-10-27 10:50:37,25872.5,25872.5,25871,25871,45,1.5,1.5,0,0,-1,,,,
MNQ DEC25,1s,1,5437,2025-10-27 10:50:38,25871.75,25872.25,25871.25,25871.5,6,1,0.25,0.5,0.25,-1,,,,
MNQ DEC25,1s,1,5438,2025-10-27 10:50:39,25871.5,25872,25871.5,25872,17,0.5,0.5,0,0,1,,,,
MNQ DEC25,1s,1,5439,2025-10-27 10:50:40,25872,25873.75,25872,25873.25,27,1.75,1.25,0.5,0,1,,,,
MNQ DEC25,10s,10,5943,2025-10-27 10:50:40,25873.25,25873.75,25871,25873.25,171,2.75,0,0.5,2.25,0,-120,3.75,25.63333333,1.48
MNQ DEC25,20s,20,5971,2025-10-27 10:50:40,25875.25,25877,25871,25873.25,390,6,2,1.75,2.25,-1,-224.55,-172.75,-138.45,-75.54
MNQ DEC25,1s,1,5440,2025-10-27 10:50:41,25873,25873.5,25872.75,25872.75,10,0.75,0.25,0.5,0,-1,,,,
MNQ DEC25,1s,1,5441,2025-10-27 10:50:42,25872.75,25873,25871.5,25871.5,20,1.5,1.25,0.25,0,-1,,,,
MNQ DEC25,1s,1,5442,2025-10-27 10:50:43,25870.75,25870.75,25868,25869,124,2.75,1.75,0,1,-1,,,,
MNQ DEC25,1s,1,5443,2025-10-27 10:50:44,25868.75,25869.25,25868.5,25868.5,53,0.75,0.25,0.5,0,-1,,,,
MNQ DEC25,1s,1,5444,2025-10-27 10:50:45,25869,25869.5,25868.5,25869,43,1,0,0.5,0.5,0,,,,
MNQ DEC25,1s,1,5445,2025-10-27 10:50:46,25868.75,25868.75,25866,25866.75,271,2.75,2,0,0.75,-1,,,,
MNQ DEC25,1s,1,5446,2025-10-27 10:50:47,25866.75,25867.5,25866.75,25867,49,0.75,0.25,0.5,0,1,,,,
MNQ DEC25,1s,1,5447,2025-10-27 10:50:48,25867,25868.5,25866.5,25868.5,50,2,1.5,0,0.5,1,,,,
MNQ DEC25,1s,1,5448,2025-10-27 10:50:49,25868.5,25869.25,25868.25,25868.5,43,1,0,0.75,0.25,0,,,,
MNQ DEC25,1s,1,5449,2025-10-27 10:50:50,25868,25868.25,25867.25,25867.75,44,1,0.25,0.25,0.5,-1,,,,
MNQ DEC25,10s,10,5944,2025-10-27 10:50:50,25873,25873.5,25866,25867.75,707,7.5,5.25,0.5,1.75,-1,-33.95,86.05,41.68333333,32.1
MNQ DEC25,1s,1,5450,2025-10-27 10:50:51,25867.75,25868,25867,25867.75,43,1,0,0.25,0.75,0,,,,
MNQ DEC25,1s,1,5451,2025-10-27 10:50:52,25867.5,25867.5,25865.5,25866.25,98,2,1.25,0,0.75,-1,,,,
MNQ DEC25,1s,1,5452,2025-10-27 10:50:53,25866,25866.25,25865.5,25866,26,0.75,0,0.25,0.5,0,,,,
MNQ DEC25,1s,1,5453,2025-10-27 10:50:54,25866,25866.75,25866,25866.25,38,0.75,0.25,0.5,0,1,,,,
MNQ DEC25,1s,1,5454,2025-10-27 10:50:55,25866.5,25867.5,25866,25867,28,1.5,0.5,0.5,0.5,1,,,,
MNQ DEC25,1s,1,5455,2025-10-27 10:50:56,25867.75,25868,25866.75,25868,31,1.25,0.25,0,1,1,,,,
MNQ DEC25,1s,1,5456,2025-10-27 10:50:57,25867.75,25868.25,25867,25867.25,59,1.25,0.5,0.5,0.25,-1,,,,
MNQ DEC25,1s,1,5457,2025-10-27 10:50:58,25867,25867.5,25866.75,25867,33,0.75,0,0.5,0.25,0,,,,
MNQ DEC25,1s,1,5458,2025-10-27 10:50:59,25867.25,25868.75,25867.25,25868.25,31,1.5,1,0.5,0,1,,,,
MNQ DEC25,1s,1,5459,2025-10-27 10:51:00,25867.75,25868.25,25867.5,25868,26,0.75,0.25,0.25,0.25,1,,,,
MNQ DEC25,10s,10,5945,2025-10-27 10:51:00,25867.75,25868.75,25865.5,25868,413,3.25,0.25,0.75,2.25,1,-15.4,18.55,36.11666667,36.3
MNQ DEC25,20s,20,5972,2025-10-27 10:51:00,25873,25873.5,25865.5,25868,1120,8,5,0.5,2.5,-1,-239.1,-14.55,-58.43333333,-82.98
MNQ DEC25,1s,1,5460,2025-10-27 10:51:01,25868,25868.25,25867.5,25868.25,35,0.75,0.25,0,0.5,1,,,,
MNQ DEC25,1s,1,5461,2025-10-27 10:51:02,25867.5,25867.5,25866.25,25866.25,111,1.25,1.25,0,0,-1,,,,
MNQ DEC25,1s,1,5462,2025-10-27 10:51:03,25866,25866,25864.5,25865,200,1.5,1,0,0.5,-1,,,,
MNQ DEC25,1s,1,5463,2025-10-27 10:51:04,25864.75,25865.5,25863.75,25864.75,102,1.75,0,0.75,1,0,,,,
MNQ DEC25,1s,1,5464,2025-10-27 10:51:05,25864.5,25865.25,25863.5,25864.25,155,1.75,0.25,0.75,0.75,-1,,,,
MNQ DEC25,1s,1,5465,2025-10-27 10:51:06,25864,25864.25,25863.75,25863.75,47,0.5,0.25,0.25,0,-1,,,,
MNQ DEC25,1s,1,5466,2025-10-27 10:51:07,25863.75,25865.25,25863.5,25864.5,58,1.75,0.75,0.75,0.25,1,,,,
MNQ DEC25,1s,1,5467,2025-10-27 10:51:08,25864.5,25865.5,25864.5,25865.25,71,1,0.75,0.25,0,1,,,,
MNQ DEC25,1s,1,5468,2025-10-27 10:51:09,25865.5,25867,25864.75,25866.75,25,2.25,1.25,0.25,0.75,1,,,,
MNQ DEC25,1s,1,5469,2025-10-27 10:51:10,25866,25867.25,25866,25866.75,41,1.25,0.75,0.5,0,1,,,,
MNQ DEC25,10s,10,5946,2025-10-27 10:51:10,25868,25868.25,25863.5,25866.75,845,4.75,1.25,0.25,3.25,-1,48.9,64.3,56.3,41.58
MNQ DEC25,1s,1,5470,2025-10-27 10:51:11,25866.5,25867.25,25865.75,25865.75,36,1.5,0.75,0.75,0,-1,,,,
MNQ DEC25,1s,1,5471,2025-10-27 10:51:12,25865.5,25865.5,25865,25865,21,0.5,0.5,0,0,-1,,,,
MNQ DEC25,1s,1,5472,2025-10-27 10:51:13,25865,25865.75,25864,25864.75,93,1.75,0.25,0.75,0.75,-1,,,,
MNQ DEC25,1s,1,5473,2025-10-27 10:51:14,25865.25,25866,25864.75,25865.75,18,1.25,0.5,0.25,0.5,1,,,,
MNQ DEC25,1s,1,5474,2025-10-27 10:51:15,25865,25865,25863.75,25864.25,18,1.25,0.75,0,0.5,-1,,,,
MNQ DEC25,1s,1,5475,2025-10-27 10:51:16,25864,25865,25864,25865,22,1,1,0,0,1,,,,
MNQ DEC25,1s,1,5476,2025-10-27 10:51:17,25865,25865,25863.5,25864.75,46,1.5,0.25,0,1.25,-1,,,,
MNQ DEC25,1s,1,5477,2025-10-27 10:51:18,25864.25,25865.5,25864.25,25864.5,21,1.25,0.25,1,0,1,,,,
MNQ DEC25,1s,1,5478,2025-10-27 10:51:19,25864.75,25865.25,25864.25,25864.75,36,1,0,0.5,0.5,0,,,,
MNQ DEC25,1s,1,5479,2025-10-27 10:51:20,25864.75,25866.75,25864.75,25866.75,39,2,2,0,0,1,,,,
MNQ DEC25,10s,10,5947,2025-10-27 10:51:20,25866.5,25867.25,25863.5,25866.75,350,3.75,0.25,0.5,3,1,65.7,16.8,33.21666667,37.89
MNQ DEC25,20s,20,5973,2025-10-27 10:51:20,25868,25868.25,25863.5,25866.75,1195,4.75,1.25,0.25,3.25,-1,-134.2,104.9,-27.46666667,-65
MNQ DEC25,1s,1,5480,2025-10-27 10:51:21,25866.75,25866.75,25866.25,25866.25,10,0.5,0.5,0,0,-1,,,,
MNQ DEC25,1s,1,5481,2025-10-27 10:51:22,25866.5,25866.5,25864.75,25865.25,37,1.75,1.25,0,0.5,-1,,,,
MNQ DEC25,1s,1,5482,2025-10-27 10:51:23,25865.5,25865.5,25864.5,25864.75,19,1,0.75,0,0.25,-1,,,,
MNQ DEC25,1s,1,5483,2025-10-27 10:51:24,25864.75,25865.75,25864.5,25865.75,19,1.25,1,0,0.25,1,,,,
MNQ DEC25,1s,1,5484,2025-10-27 10:51:25,25866,25866.25,25865.5,25865.75,14,0.75,0.25,0.25,0.25,-1,,,,
MNQ DEC25,1s,1,5485,2025-10-27 10:51:26,25866,25866.25,25865.25,25865.25,23,1,0.75,0.25,0,-1,,,,
MNQ DEC25,1s,1,5486,2025-10-27 10:51:27,25865.25,25866,25865,25866,14,1,0.75,0,0.25,1,,,,
MNQ DEC25,1s,1,5487,2025-10-27 10:51:28,25865.75,25866,25865.5,25865.75,11,0.5,0,0.25,0.25,0,,,,
MNQ DEC25,1s,1,5488,2025-10-27 10:51:29,25866.25,25867,25866,25866,54,1,0.25,0.75,0,-1,,,,
MNQ DEC25,1s,1,5489,2025-10-27 10:51:30,25866,25867.25,25865.75,25866.75,23,1.5,0.75,0.5,0.25,1,,,,
MNQ DEC25,10s,10,5948,2025-10-27 10:51:30,25866.75,25867.25,25864.5,25866.75,224,2.75,0,0.5,2.25,0,118.7,53,44.7,47.74
MNQ DEC25,1s,1,5490,2025-10-27 10:51:31,25866.75,25867,25865.75,25865.75,21,1.25,1,0.25,0,-1,,,,
MNQ DEC25,1s,1,5491,2025-10-27 10:51:32,25865.5,25865.75,25864.5,25865.5,70,1.25,0,0.25,1,0,,,,
MNQ DEC25,1s,1,5492,2025-10-27 10:51:33,25865.5,25867.25,25865.5,25866.25,25,1.75,0.75,1,0,1,,,,
MNQ DEC25,1s,1,5493,2025-10-27 10:51:34,25866.25,25866.5,25865.25,25866.5,18,1.25,0.25,0,1,1,,,,
MNQ DEC25,1s,1,5494,2025-10-27 10:51:35,25866.25,25867,25866.25,25866.5,11,0.75,0.25,0.5,0,1,,,,
MNQ DEC25,1s,1,5495,2025-10-27 10:51:36,25866,25866,25865.5,25865.75,6,0.5,0.25,0,0.25,-1,,,,
MNQ DEC25,1s,1,5496,2025-10-27 10:51:37,25865.5,25865.5,25865,25865,6,0.5,0.5,0,0,-1,,,,
MNQ DEC25,1s,1,5497,2025-10-27 10:51:38,25865.25,25865.75,25864.25,25864.5,15,1.5,0.75,0.5,0.25,-1,,,,
MNQ DEC25,1s,1,5498,2025-10-27 10:51:39,25864.75,25864.75,25864,25864.75,24,0.75,0,0,0.75,0,,,,
MNQ DEC25,1s,1,5499,2025-10-27 10:51:40,25864.25,25865,25863.75,25864.75,20,1.25,0.5,0.25,0.5,1,,,,
MNQ DEC25,10s,10,5949,2025-10-27 10:51:40,25866.75,25867.25,25863.75,25864.75,216,3.5,2,0.5,1,-1,39.45,-79.25,-3.15,14.68
MNQ DEC25,20s,20,5974,2025-10-27 10:51:40,25866.75,25867.25,25863.75,25864.75,440,3.5,2,0.5,1,-1,-63.55,70.65,53.66666667,0.05
MNQ DEC25,1s,1,5500,2025-10-27 10:51:41,25864.75,25864.75,25864,25864,15,0.75,0.75,0,0,-1,,,,
MNQ DEC25,1s,1,5501,2025-10-27 10:51:42,25864,25865,25863.5,25865,20,1.5,1,0,0.5,1,,,,
MNQ DEC25,1s,1,5502,2025-10-27 10:51:43,25864.75,25866,25864.75,25865.25,23,1.25,0.5,0.75,0,1,,,,
MNQ DEC25,1s,1,5503,2025-10-27 10:51:44,25865.25,25865.75,25865,25865.75,21,0.75,0.5,0,0.25,1,,,,
MNQ DEC25,1s,1,5504,2025-10-27 10:51:45,25865.5,25866,25865.5,25865.5,7,0.5,0,0.5,0,0,,,,
MNQ DEC25,1s,1,5505,2025-10-27 10:51:46,25865.5,25865.5,25865.25,25865.5,8,0.25,0,0,0.25,0,,,,
MNQ DEC25,1s,1,5506,2025-10-27 10:51:47,25865.25,25866,25865,25865.5,19,1,0.25,0.5,0.25,1,,,,
MNQ DEC25,1s,1,5507,2025-10-27 10:51:48,25865.5,25865.5,25864.75,25865,10,0.75,0.5,0,0.25,-1,,,,
MNQ DEC25,1s,1,5508,2025-10-27 10:51:49,25865,25865.5,25864.5,25864.75,34,1,0.25,0.5,0.25,-1,,,,
MNQ DEC25,1s,1,5509,2025-10-27 10:51:50,25865.75,25865.75,25865.5,25865.5,8,0.25,0.25,0,0,-1,,,,
MNQ DEC25,10s,10,5950,2025-10-27 10:51:50,25864.75,25866,25863.5,25865.5,165,2.5,0.75,0.5,1.25,1,-4.35,-43.8,-23.35,2.21
MNQ DEC25,1s,1,5510,2025-10-27 10:51:51,25865.75,25866,25865,25865.25,16,1,0.5,0.25,0.25,-1,,,,
MNQ DEC25,1s,1,5511,2025-10-27 10:51:52,25865,25865.25,25865,25865.25,3,0.25,0.25,0,0,1,,,,
MNQ DEC25,1s,1,5512,2025-10-27 10:51:53,25865.75,25865.75,25865,25865.25,8,0.75,0.5,0,0.25,-1,,,,
MNQ DEC25,1s,1,5513,2025-10-27 10:51:54,25865.25,25865.5,25865.25,25865.5,5,0.25,0.25,0,0,1,,,,
MNQ DEC25,1s,1,5514,2025-10-27 10:51:55,25865.25,25865.25,25864.75,25864.75,5,0.5,0.5,0,0,-1,,,,
MNQ DEC25,1s,1,5515,2025-10-27 10:51:56,25865.25,25865.25,25864.75,25864.75,15,0.5,0.5,0,0,-1,,,,
MNQ DEC25,1s,1,5516,2025-10-27 10:51:57,25864.75,25866.25,25864.75,25865.5,27,1.5,0.75,0.75,0,1,,,,
MNQ DEC25,1s,1,5517,2025-10-27 10:51:58,25865.75,25866,25865.5,25866,13,0.5,0.25,0,0.25,1,,,,
MNQ DEC25,1s,1,5518,2025-10-27 10:51:59,25865.75,25867,25865.5,25866.25,62,1.5,0.5,0.75,0.25,1,,,,
MNQ DEC25,1s,1,5519,2025-10-27 10:52:00,25866.5,25867,25865.75,25866,46,1.25,0.5,0.5,0.25,-1,,,,
MNQ DEC25,10s,10,5951,2025-10-27 10:52:00,25865.75,25867,25864.75,25866,200,2.25,0.25,1,1,1,-129.45,-125.1,-82.71666667,-35.67
MNQ DEC25,20s,20,5975,2025-10-27 10:52:00,25864.75,25867,25863.5,25866,365,3.5,1.25,1,1.25,1,-102.1,-38.55,45.66666667,-10.06
MNQ DEC25,1s,1,5520,2025-10-27 10:52:01,25866.5,25866.75,25866,25866.5,33,0.75,0,0.25,0.5,0,,,,
MNQ DEC25,1s,1,5521,2025-10-27 10:52:02,25866.5,25866.75,25865.25,25865.5,22,1.5,1,0.25,0.25,-1,,,,
MNQ DEC25,1s,1,5522,2025-10-27 10:52:03,25865.75,25866.75,25865,25866.75,40,1.75,1,0,0.75,1,,,,
MNQ DEC25,1s,1,5523,2025-10-27 10:52:04,25866.75,25867.25,25865.75,25866,36,1.5,0.75,0.5,0.25,-1,,,,
MNQ DEC25,1s,1,5524,2025-10-27 10:52:05,25866.25,25868.25,25866.25,25867.5,104,2,1.25,0.75,0,1,,,,
MNQ DEC25,1s,1,5525,2025-10-27 10:52:06,25866.25,25866.5,25864,25864.5,73,2.5,1.75,0.25,0.5,-1,,,,
MNQ DEC25,1s,1,5526,2025-10-27 10:52:07,25864,25864.5,25863.25,25863.75,79,1.25,0.25,0.5,0.5,-1,,,,
MNQ DEC25,1s,1,5527,2025-10-27 10:52:08,25863.75,25864.75,25863.5,25863.5,52,1.25,0.25,1,0,-1,,,,
MNQ DEC25,1s,1,5528,2025-10-27 10:52:09,25863.5,25864,25863.25,25863.5,21,0.75,0,0.5,0.25,0,,,,
MNQ DEC25,1s,1,5529,2025-10-27 10:52:10,25864,25864.25,25863,25863.5,68,1.25,0.5,0.25,0.5,-1,,,,
MNQ DEC25,10s,10,5952,2025-10-27 10:52:10,25866.5,25868.25,25863,25863.5,528,5.25,3,1.75,0.5,-1,-105.3,24.15,-48.25,-34.2
MNQ DEC25,1s,1,5530,2025-10-27 10:52:11,25863.75,25864.25,25863,25863.75,39,1.25,0,0.5,0.75,0,,,,
MNQ DEC25,1s,1,5531,2025-10-27 10:52:12,25864.75,25864.75,25863.75,25863.75,34,1,1,0,0,-1,,,,
MNQ DEC25,1s,1,5532,2025-10-27 10:52:13,25863.5,25864.5,25863.25,25863.5,30,1.25,0,1,0.25,0,,,,
MNQ DEC25,1s,1,5533,2025-10-27 10:52:14,25863.5,25863.5,25862.25,25863,81,1.25,0.5,0,0.75,-1,,,,
MNQ DEC25,1s,1,5534,2025-10-27 10:52:15,25862.75,25863.5,25862.5,25862.75,32,1,0,0.75,0.25,0,,,,
MNQ DEC25,1s,1,5535,2025-10-27 10:52:16,25862.5,25863.25,25862,25862.5,57,1.25,0,0.75,0.5,0,,,,
MNQ DEC25,1s,1,5536,2025-10-27 10:52:17,25862.25,25863,25861.5,25861.75,105,1.5,0.5,0.75,0.25,-1,,,,
MNQ DEC25,1s,1,5537,2025-10-27 10:52:18,25861.75,25862.25,25861,25862.25,159,1.25,0.5,0,0.75,1,,,,
MNQ DEC25,1s,1,5538,2025-10-27 10:52:19,25862,25862.5,25861.75,25861.75,24,0.75,0.25,0.5,0,-1,,,,
MNQ DEC25,1s,1,5539,2025-10-27 10:52:20,25862.25,25863.25,25862,25862.5,90,1.25,0.25,0.75,0.25,1,,,,
MNQ DEC25,10s,10,5953,2025-10-27 10:52:20,25863.75,25864.75,25861,25862.5,651,3.75,1.25,1,1.5,-1,-7.45,97.85,-1.03333333,-25.23
MNQ DEC25,20s,20,5976,2025-10-27 10:52:20,25866.5,25868.25,25861,25862.5,1179,7.25,4,1.75,1.5,-1,13.55,115.65,49.25,47.62
MNQ DEC25,1s,1,5540,2025-10-27 10:52:21,25862.75,25863.25,25862.5,25862.75,12,0.75,0,0.5,0.25,0,,,,
MNQ DEC25,1s,1,5541,2025-10-27 10:52:22,25862.75,25864.5,25862.75,25864.5,42,1.75,1.75,0,0,1,,,,
MNQ DEC25,1s,1,5542,2025-10-27 10:52:23,25864.5,25866.5,25864.5,25866.5,60,2,2,0,0,1,,,,
MNQ DEC25,1s,1,5543,2025-10-27 10:52:24,25866.5,25868.5,25866.5,25868.25,118,2,1.75,0.25,0,1,,,,
MNQ DEC25,1s,1,5544,2025-10-27 10:52:25,25868.25,25868.5,25866.75,25867.5,54,1.75,0.75,0.25,0.75,-1,,,,
MNQ DEC25,1s,1,5545,2025-10-27 10:52:26,25867.25,25871,25866.75,25870,151,4.25,2.75,1,0.5,1,,,,
MNQ DEC25,1s,1,5546,2025-10-27 10:52:27,25870.25,25871,25869.75,25870.25,60,1.25,0,0.75,0.5,0,,,,
MNQ DEC25,1s,1,5547,2025-10-27 10:52:28,25870.25,25870.25,25869,25869.5,61,1.25,0.75,0,0.5,-1,,,,
MNQ DEC25,1s,1,5548,2025-10-27 10:52:29,25869.5,25870.25,25869.5,25869.5,34,0.75,0,0.75,0,0,,,,
MNQ DEC25,1s,1,5549,2025-10-27 10:52:30,25869.75,25869.75,25869,25869.25,11,0.75,0.5,0,0.25,-1,,,,
MNQ DEC25,10s,10,5954,2025-10-27 10:52:30,25862.75,25871,25862.5,25869.25,603,8.5,6.5,1.75,0.25,1,67.9,75.35,65.78333333,5.69
MNQ DEC25,1s,1,5550,2025-10-27 10:52:31,25869.75,25870.75,25869,25870,38,1.75,0.25,0.75,0.75,1,,,,
MNQ DEC25,1s,1,5551,2025-10-27 10:52:32,25869.75,25869.75,25869,25869.5,28,0.75,0.25,0,0.5,-1,,,,
MNQ DEC25,1s,1,5552,2025-10-27 10:52:33,25869.5,25870,25868.25,25868.5,53,1.75,1,0.5,0.25,-1,,,,
MNQ DEC25,1s,1,5553,2025-10-27 10:52:34,25868.75,25870.5,25867.75,25870.5,26,2.75,1.75,0,1,1,,,,
MNQ DEC25,1s,1,5554,2025-10-27 10:52:35,25870.25,25873.5,25870.25,25873.25,125,3.25,3,0.25,0,1,,,,
MNQ DEC25,1s,1,5555,2025-10-27 10:52:36,25872.75,25873.25,25872.25,25872.75,54,1,0,0.5,0.5,0,,,,
MNQ DEC25,1s,1,5556,2025-10-27 10:52:37,25872.75,25872.75,25871.75,25871.75,55,1,1,0,0,-1,,,,
MNQ DEC25,1s,1,5557,2025-10-27 10:52:38,25871.5,25872.5,25871.25,25872.5,15,1.25,1,0,0.25,1,,,,
MNQ DEC25,1s,1,5558,2025-10-27 10:52:39,25872,25872.75,25871.5,25872.75,45,1.25,0.75,0,0.5,1,,,,
MNQ DEC25,1s,1,5559,2025-10-27 10:52:40,25872.25,25872.5,25870.75,25870.75,47,1.75,1.5,0.25,0,-1,,,,
MNQ DEC25,10s,10,5955,2025-10-27 10:52:40,25869.75,25873.5,25867.75,25870.75,486,5.75,1,2.75,2,1,129.6,61.7,78.3,26.79
MNQ DEC25,20s,20,5977,2025-10-27 10:52:40,25862.75,25873.5,25862.5,25870.75,1089,11,8,2.75,0.25,1,-26.75,-40.3,12.26666667,42.47
MNQ DEC25,1s,1,5560,2025-10-27 10:52:41,25871,25871.25,25870,25870.75,51,1.25,0.25,0.25,0.75,-1,,,,
MNQ DEC25,1s,1,5561,2025-10-27 10:52:42,25870.75,25871.25,25870.5,25870.75,23,0.75,0,0.5,0.25,0,,,,
MNQ DEC25,1s,1,5562,2025-10-27 10:52:43,25870.5,25871,25870.25,25870.75,15,0.75,0.25,0.25,0.25,1,,,,
MNQ DEC25,1s,1,5563,2025-10-27 10:52:44,25870.5,25871.25,25869.5,25869.5,43,1.75,1,0.75,0,-1,,,,
MNQ DEC25,1s,1,5564,2025-10-27 10:52:45,25869.5,25869.5,25868.5,25868.75,31,1,0.75,0,0.25,-1,,,,
MNQ DEC25,1s,1,5565,2025-10-27 10:52:46,25869,25869.5,25868.75,25868.75,13,0.75,0.25,0.5,0,-1,,,,
MNQ DEC25,1s,1,5566,2025-10-27 10:52:47,25869,25869,25867.25,25868.25,23,1.75,0.75,0,1,-1,,,,
MNQ DEC25,1s,1,5567,2025-10-27 10:52:48,25868.5,25868.5,25867.75,25868,12,0.75,0.5,0,0.25,-1,,,,
MNQ DEC25,1s,1,5568,2025-10-27 10:52:49,25867.25,25867.75,25866.5,25866.5,35,1.25,0.75,0.5,0,-1,,,,
MNQ DEC25,1s,1,5569,2025-10-27 10:52:50,25867.25,25868.75,25866.75,25868.75,18,2,1.5,0,0.5,1,,,,
MNQ DEC25,10s,10,5956,2025-10-27 10:52:50,25871,25871.25,25866.5,25868.75,264,4.75,2.25,0.25,2.25,-1,146.3,16.7,51.25,55.15
MNQ DEC25,1s,1,5570,2025-10-27 10:52:51,25869.25,25869.25,25868.5,25869.25,40,0.75,0,0,0.75,0,,,,
MNQ DEC25,1s,1,5571,2025-10-27 10:52:52,25868.75,25868.75,25868.25,25868.5,12,0.5,0.25,0,0.25,-1,,,,
MNQ DEC25,1s,1,5572,2025-10-27 10:52:53,25868,25868,25868,25868,9,0,0,0,0,0,,,,
MNQ DEC25,1s,1,5573,2025-10-27 10:52:54,25868,25868.5,25867.75,25868.5,10,0.75,0.5,0,0.25,1,,,,
MNQ DEC25,1s,1,5574,2025-10-27 10:52:55,25867.75,25870,25867.75,25870,23,2.25,2.25,0,0,1,,,,
MNQ DEC25,1s,1,5575,2025-10-27 10:52:56,25870,25871,25869.75,25870.75,18,1.25,0.75,0.25,0.25,1,,,,
MNQ DEC25,1s,1,5576,2025-10-27 10:52:57,25870.75,25870.75,25869.25,25869.5,17,1.5,1.25,0,0.25,-1,,,,
MNQ DEC25,1s,1,5577,2025-10-27 10:52:58,25869,25869.5,25868.75,25869.5,23,0.75,0.5,0,0.25,1,,,,
MNQ DEC25,1s,1,5578,2025-10-27 10:52:59,25868.75,25868.75,25866.75,25866.75,26,2,2,0,0,-1,,,,
MNQ DEC25,1s,1,5579,2025-10-27 10:53:00,25867.25,25868,25867,25867,18,1,0.25,0.75,0,-1,,,,
MNQ DEC25,10s,10,5957,2025-10-27 10:53:00,25869.25,25871,25866.75,25867,196,4.25,2.25,1.75,0.25,-1,77,-69.3,3.03333333,36.46
MNQ DEC25,20s,20,5978,2025-10-27 10:53:00,25871,25871.25,25866.5,25867,460,4.75,4,0.25,0.5,-1,-158.85,-132.1,-18.91666667,-4.93
MNQ DEC25,1s,1,5580,2025-10-27 10:53:01,25867.25,25868.5,25866.75,25868,23,1.75,0.75,0.5,0.5,1,,,,
MNQ DEC25,1s,1,5581,2025-10-27 10:53:02,25868.5,25868.5,25867.5,25868,43,1,0.5,0,0.5,-1,,,,
MNQ DEC25,1s,1,5582,2025-10-27 10:53:03,25867.5,25868,25867.25,25867.75,22,0.75,0.25,0.25,0.25,1,,,,
MNQ DEC25,1s,1,5583,2025-10-27 10:53:04,25867.25,25867.25,25866.25,25866.5,20,1,0.75,0,0.25,-1,,,,
MNQ DEC25,1s,1,5584,2025-10-27 10:53:05,25866.75,25867.25,25865.75,25866.25,41,1.5,0.5,0.5,0.5,-1,,,,
MNQ DEC25,1s,1,5585,2025-10-27 10:53:06,25865.75,25866.25,25865.25,25865.5,40,1,0.25,0.5,0.25,-1,,,,
MNQ DEC25,1s,1,5586,2025-10-27 10:53:07,25865.75,25867,25865.75,25866.75,19,1.25,1,0.25,0,1,,,,
MNQ DEC25,1s,1,5587,2025-10-27 10:53:08,25866.5,25868,25866.5,25868,24,1.5,1.5,0,0,1,,,,
MNQ DEC25,1s,1,5588,2025-10-27 10:53:09,25867.75,25868.75,25867.75,25868,16,1,0.25,0.75,0,1,,,,
MNQ DEC25,1s,1,5589,2025-10-27 10:53:10,25867.5,25868.75,25867.5,25868.75,20,1.25,1.25,0,0,1,,,,
MNQ DEC25,10s,10,5958,2025-10-27 10:53:10,25867.25,25868.75,25865.25,25868.75,268,3.5,1.5,0,2,1,-5.25,-82.25,-44.95,0.44
MNQ DEC25,1s,1,5590,2025-10-27 10:53:11,25869,25869.25,25867,25867,33,2.25,2,0.25,0,-1,,,,
MNQ DEC25,1s,1,5591,2025-10-27 10:53:12,25867.5,25867.75,25866.75,25867,13,1,0.5,0.25,0.25,-1,,,,
MNQ DEC25,1s,1,5592,2025-10-27 10:53:13,25867,25867,25866.75,25866.75,8,0.25,0.25,0,0,-1,,,,
MNQ DEC25,1s,1,5593,2025-10-27 10:53:14,25867.25,25868.5,25865.5,25866.75,47,3,0.5,1.25,1.25,-1,,,,
MNQ DEC25,1s,1,5594,2025-10-27 10:53:15,25867.25,25867.75,25866,25867.75,53,1.75,0.5,0,1.25,1,,,,
MNQ DEC25,1s,1,5595,2025-10-27 10:53:16,25867.5,25868.5,25867.25,25868.25,17,1.25,0.75,0.25,0.25,1,,,,
MNQ DEC25,1s,1,5596,2025-10-27 10:53:17,25868.5,25868.75,25868,25868.25,19,0.75,0.25,0.25,0.25,-1,,,,
MNQ DEC25,1s,1,5597,2025-10-27 10:53:18,25868.5,25868.75,25865.75,25865.75,28,3,2.75,0.25,0,-1,,,,
MNQ DEC25,1s,1,5598,2025-10-27 10:53:19,25866,25866.5,25866,25866,7,0.5,0,0.5,0,0,,,,
MNQ DEC25,1s,1,5599,2025-10-27 10:53:20,25865.75,25865.75,25865,25865.5,42,0.75,0.25,0,0.5,-1,,,,
MNQ DEC25,10s,10,5959,2025-10-27 10:53:20,25869,25869.25,25865,25865.5,267,4.25,3.5,0.25,0.5,-1,-77.05,-71.8,-74.45,-28.99
MNQ DEC25,20s,20,5979,2025-10-27 10:53:20,25867.25,25869.25,25865,25865.5,535,4.25,1.75,2,0.5,-1,-91.3,67.55,-34.95,-5.55
MNQ DEC25,1s,1,5600,2025-10-27 10:53:21,25865.25,25866,25865,25865.25,36,1,0,0.75,0.25,0,,,,
MNQ DEC25,1s,1,5601,2025-10-27 10:53:22,25865.25,25867,25865.25,25867,21,1.75,1.75,0,0,1,,,,
MNQ DEC25,1s,1,5602,2025-10-27 10:53:23,25867,25867,25864.25,25864.75,37,2.75,2.25,0,0.5,-1,,,,
MNQ DEC25,1s,1,5603,2025-10-27 10:53:24,25864.25,25865,25863.5,25864.75,51,1.5,0.5,0.25,0.75,1,,,,
MNQ DEC25,1s,1,5604,2025-10-27 10:53:25,25864.75,25864.75,25863.75,25864.75,34,1,0,0,1,0,,,,
MNQ DEC25,1s,1,5605,2025-10-27 10:53:26,25865,25865,25863.75,25865,30,1.25,0,0,1.25,0,,,,
MNQ DEC25,1s,1,5606,2025-10-27 10:53:27,25864.75,25865,25864,25865,34,1,0.25,0,0.75,1,,,,
MNQ DEC25,1s,1,5607,2025-10-27 10:53:28,25864.75,25864.75,25863.75,25864.25,31,1,0.5,0,0.5,-1,,,,
MNQ DEC25,1s,1,5608,2025-10-27 10:53:29,25864.5,25864.5,25864.25,25864.25,9,0.25,0.25,0,0,-1,,,,
MNQ DEC25,1s,1,5609,2025-10-27 10:53:30,25864.75,25864.75,25863,25863.5,84,1.75,1.25,0,0.5,-1,,,,
MNQ DEC25,10s,10,5960,2025-10-27 10:53:30,25865.25,25867,25863,25863.5,367,4,1.75,1.75,0.5,-1,-102.85,-25.8,-59.95,-46.49
MNQ DEC25,1s,1,5610,2025-10-27 10:53:31,25864,25864,25862.5,25863.25,61,1.5,0.75,0,0.75,-1,,,,
MNQ DEC25,1s,1,5611,2025-10-27 10:53:32,25863,25863.5,25863,25863,16,0.5,0,0.5,0,0,,,,
MNQ DEC25,1s,1,5612,2025-10-27 10:53:33,25863,25863.25,25862.25,25862.5,29,1,0.5,0.25,0.25,-1,,,,
MNQ DEC25,1s,1,5613,2025-10-27 10:53:34,25862.25,25862.75,25862,25862.75,40,0.75,0.5,0,0.25,1,,,,
MNQ DEC25,1s,1,5614,2025-10-27 10:53:35,25862.75,25864.25,25862.5,25864.25,36,1.75,1.5,0,0.25,1,,,,
MNQ DEC25,1s,1,5615,2025-10-27 10:53:36,25864.75,25865,25863.5,25864,40,1.5,0.75,0.25,0.5,-1,,,,
MNQ DEC25,1s,1,5616,2025-10-27 10:53:37,25864,25864.25,25863.25,25864,21,1,0,0.25,0.75,0,,,,
MNQ DEC25,1s,1,5617,2025-10-27 10:53:38,25863.75,25864.5,25863.75,25864,27,0.75,0.25,0.5,0,1,,,,
MNQ DEC25,1s,1,5618,2025-10-27 10:53:39,25864,25864.5,25864,25864,23,0.5,0,0.5,0,0,,,,
MNQ DEC25,1s,1,5619,2025-10-27 10:53:40,25864.25,25865.25,25863.5,25863.75,71,1.75,0.5,1,0.25,-1,,,,
MNQ DEC25,10s,10,5961,2025-10-27 10:53:40,25864,25865.25,25862,25863.75,364,3.25,0.25,1.25,1.75,-1,-82.8,20.05,-25.85,-45.82
MNQ DEC25,20s,20,5980,2025-10-27 10:53:40,25865.25,25867,25862,25863.75,731,5,1.5,1.75,1.75,-1,32.6,123.9,19.78333333,26.94
MNQ DEC25,1s,1,5620,2025-10-27 10:53:41,25863.25,25864.5,25863,25864.25,26,1.5,1,0.25,0.25,1,,,,
MNQ DEC25,1s,1,5621,2025-10-27 10:53:42,25863.75,25863.75,25861.25,25861.25,55,2.5,2.5,0,0,-1,,,,
MNQ DEC25,1s,1,5622,2025-10-27 10:53:43,25862,25862.25,25861.75,25862.25,15,0.5,0.25,0,0.25,1,,,,
MNQ DEC25,1s,1,5623,2025-10-27 10:53:44,25862.5,25863.25,25862.25,25862.25,20,1,0.25,0.75,0,-1,,,,
MNQ DEC25,1s,1,5624,2025-10-27 10:53:45,25862,25863,25862,25863,15,1,1,0,0,1,,,,
MNQ DEC25,1s,1,5625,2025-10-27 10:53:46,25862.25,25863.5,25862,25863,58,1.5,0.75,0.5,0.25,1,,,,
MNQ DEC25,1s,1,5626,2025-10-27 10:53:47,25863.5,25864.75,25863.25,25864,30,1.5,0.5,0.75,0.25,1,,,,
MNQ DEC25,1s,1,5627,2025-10-27 10:53:48,25863.5,25864,25863.5,25863.75,26,0.5,0.25,0.25,0,1,,,,
MNQ DEC25,1s,1,5628,2025-10-27 10:53:49,25863.5,25863.75,25862.75,25863,11,1,0.5,0.25,0.25,-1,,,,
MNQ DEC25,1s,1,5629,2025-10-27 10:53:50,25862.75,25862.75,25861.5,25862.25,44,1.25,0.5,0,0.75,-1,,,,
MNQ DEC25,10s,10,5962,2025-10-27 10:53:50,25863.25,25864.75,25861.25,25862.25,300,3.5,1,1.5,1,-1,-66.05,16.75,3.66666667,-28.61
MNQ DEC25,1s,1,5630,2025-10-27 10:53:51,25862,25862.5,25862,25862.5,18,0.5,0.5,0,0,1,,,,
MNQ DEC25,1s,1,5631,2025-10-27 10:53:52,25862.25,25864,25862.25,25864,15,1.75,1.75,0,0,1,,,,
MNQ DEC25,1s,1,5632,2025-10-27 10:53:53,25864,25864,25863,25864,14,1,0,0,1,0,,,,
MNQ DEC25,1s,1,5633,2025-10-27 10:53:54,25863.75,25864.25,25863.25,25864.25,30,1,0.5,0,0.5,1,,,,
MNQ DEC25,1s,1,5634,2025-10-27 10:53:55,25863.25,25863.25,25862.5,25862.5,47,0.75,0.75,0,0,-1,,,,
MNQ DEC25,1s,1,5635,2025-10-27 10:53:56,25862.25,25862.25,25860.25,25860.5,76,2,1.75,0,0.25,-1,,,,
MNQ DEC25,1s,1,5636,2025-10-27 10:53:57,25860.5,25860.5,25859.25,25860,162,1.25,0.5,0,0.75,-1,,,,
MNQ DEC25,1s,1,5637,2025-10-27 10:53:58,25860,25860,25859,25859.5,78,1,0.5,0,0.5,-1,,,,
MNQ DEC25,1s,1,5638,2025-10-27 10:53:59,25859.25,25860,25859,25860,53,1,0.75,0,0.25,1,,,,
MNQ DEC25,1s,1,5639,2025-10-27 10:54:00,25860,25860.75,25859.75,25860.25,38,1,0.25,0.5,0.25,1,,,,
MNQ DEC25,10s,10,5963,2025-10-27 10:54:00,25862,25864.25,25859,25860.25,531,5.25,1.75,2.25,1.25,-1,-31.45,34.6,23.8,-5.24
MNQ DEC25,20s,20,5981,2025-10-27 10:54:00,25863.25,25864.75,25859,25860.25,831,5.75,3,1.5,1.25,-1,-39.45,-72.05,39.8,-10.6
MNQ DEC25,1s,1,5640,2025-10-27 10:54:01,25860.5,25860.5,25859,25859.5,97,1.5,1,0,0.5,-1,,,,
MNQ DEC25,1s,1,5641,2025-10-27 10:54:02,25859.5,25860.25,25859.5,25859.5,45,0.75,0,0.75,0,0,,,,
MNQ DEC25,1s,1,5642,2025-10-27 10:54:03,25859.5,25860,25859.25,25859.25,34,0.75,0.25,0.5,0,-1,,,,
MNQ DEC25,1s,1,5643,2025-10-27 10:54:04,25859.25,25861.5,25859.25,25861,81,2.25,1.75,0.5,0,1,,,,
MNQ DEC25,1s,1,5644,2025-10-27 10:54:05,25861,25862,25861,25861.25,41,1,0.25,0.75,0,1,,,,
MNQ DEC25,1s,1,5645,2025-10-27 10:54:06,25861.25,25863,25861.25,25863,32,1.75,1.75,0,0,1,,,,
MNQ DEC25,1s,1,5646,2025-10-27 10:54:07,25862.75,25865,25862.75,25864.75,67,2.25,2,0.25,0,1,,,,
MNQ DEC25,1s,1,5647,2025-10-27 10:54:08,25864.75,25865.75,25864,25864.75,48,1.75,0,1,0.75,0,,,,
MNQ DEC25,1s,1,5648,2025-10-27 10:54:09,25864.5,25864.75,25864,25864.5,23,0.75,0,0.25,0.5,0,,,,
MNQ DEC25,1s,1,5649,2025-10-27 10:54:10,25864.25,25864.5,25863.5,25864.25,34,1,0,0.25,0.75,0,,,,
MNQ DEC25,10s,10,5964,2025-10-27 10:54:10,25860.5,25865.75,25859,25864.25,502,6.75,3.75,1.5,1.5,1,25.8,57.25,36.2,20.57
MNQ DEC25,1s,1,5650,2025-10-27 10:54:11,25863.75,25864.25,25862.75,25863.25,23,1.5,0.5,0.5,0.5,-1,,,,
MNQ DEC25,1s,1,5651,2025-10-27 10:54:12,25862.75,25863.25,25861.75,25861.75,17,1.5,1,0.5,0,-1,,,,
MNQ DEC25,1s,1,5652,2025-10-27 10:54:13,25862,25863,25861.5,25862.75,62,1.5,0.75,0.25,0.5,1,,,,
MNQ DEC25,1s,1,5653,2025-10-27 10:54:14,25862.75,25863,25862,25862.25,34,1,0.5,0.25,0.25,-1,,,,
MNQ DEC25,1s,1,5654,2025-10-27 10:54:15,25862.5,25863.75,25862.25,25863.5,32,1.5,1,0.25,0.25,1,,,,
MNQ DEC25,1s,1,5655,2025-10-27 10:54:16,25863,25863.5,25862.75,25863.5,7,0.75,0.5,0,0.25,1,,,,
MNQ DEC25,1s,1,5656,2025-10-27 10:54:17,25863.75,25863.75,25861.75,25861.75,19,2,2,0,0,-1,,,,
MNQ DEC25,1s,1,5657,2025-10-27 10:54:18,25862,25862.5,25862,25862.25,14,0.5,0.25,0.25,0,1,,,,
MNQ DEC25,1s,1,5658,2025-10-27 10:54:19,25862.5,25862.5,25862.5,25862.5,11,0,0,0,0,0,,,,
MNQ DEC25,1s,1,5659,2025-10-27 10:54:20,25862.5,25862.5,25861,25862.5,71,1.5,0,0,1.5,0,,,,
MNQ DEC25,10s,10,5965,2025-10-27 10:54:20,25863.75,25864.25,25861,25862.5,290,3.25,1.25,0.5,1.5,-1,16.55,-9.25,27.53333333,23.88
MNQ DEC25,20s,20,5982,2025-10-27 10:54:20,25860.5,25865.75,25859,25862.5,792,6.75,2,3.25,1.5,1,-101.45,-62,-3.38333333,-14.94
MNQ DEC25,1s,1,5660,2025-10-27 10:54:21,25862.75,25863.25,25862,25863,27,1.25,0.25,0.25,0.75,1,,,,
MNQ DEC25,1s,1,5661,2025-10-27 10:54:22,25862.75,25863.25,25862.75,25863.25,7,0.5,0.5,0,0,1,,,,
MNQ DEC25,1s,1,5662,2025-10-27 10:54:23,25863,25863,25862,25862.5,17,1,0.5,0,0.5,-1,,,,
MNQ DEC25,1s,1,5663,2025-10-27 10:54:24,25862,25863,25862,25862.75,17,1,0.75,0.25,0,1,,,,
MNQ DEC25,1s,1,5664,2025-10-27 10:54:25,25863,25863,25862.75,25863,6,0.25,0,0,0.25,0,,,,
MNQ DEC25,1s,1,5665,2025-10-27 10:54:26,25862.75,25863.25,25862.5,25862.75,17,0.75,0,0.5,0.25,0,,,,
MNQ DEC25,1s,1,5666,2025-10-27 10:54:27,25863.5,25864.75,25863.5,25864.5,36,1.25,1,0.25,0,1,,,,
MNQ DEC25,1s,1,5667,2025-10-27 10:54:28,25863.75,25865.5,25863.75,25865.5,33,1.75,1.75,0,0,1,,,,
MNQ DEC25,1s,1,5668,2025-10-27 10:54:29,25865,25867.25,25865,25866,62,2.25,1,1.25,0,1,,,,
MNQ DEC25,1s,1,5669,2025-10-27 10:54:30,25866.25,25866.75,25865.75,25866,86,1,0.25,0.5,0.25,-1,,,,
MNQ DEC25,10s,10,5966,2025-10-27 10:54:30,25862.75,25867.25,25862,25866,308,5.25,3.25,1.25,0.75,1,32.2,15.65,21.21666667,23
MNQ DEC25,1s,1,5670,2025-10-27 10:54:31,25866,25866.25,25865.25,25866,21,1,0,0.25,0.75,0,,,,
MNQ DEC25,1s,1,5671,2025-10-27 10:54:32,25866,25866,25865.5,25865.5,10,0.5,0.5,0,0,-1,,,,
MNQ DEC25,1s,1,5672,2025-10-27 10:54:33,25866,25866,25865.25,25866,23,0.75,0,0,0.75,0,,,,
MNQ DEC25,1s,1,5673,2025-10-27 10:54:34,25866,25867,25865.5,25866.75,37,1.5,0.75,0.25,0.5,1,,,,
MNQ DEC25,1s,1,5674,2025-10-27 10:54:35,25866.75,25869,25866.75,25868,113,2.25,1.25,1,0,1,,,,
MNQ DEC25,1s,1,5675,2025-10-27 10:54:36,25868.5,25868.5,25867.5,25868.25,43,1,0.25,0,0.75,-1,,,,
MNQ DEC25,1s,1,5676,2025-10-27 10:54:37,25868.25,25868.25,25866.5,25866.5,89,1.75,1.75,0,0,-1,,,,
MNQ DEC25,1s,1,5677,2025-10-27 10:54:38,25867.5,25867.75,25867,25867.5,13,0.75,0,0.25,0.5,0,,,,
MNQ DEC25,1s,1,5678,2025-10-27 10:54:39,25867,25869.25,25867,25868.5,41,2.25,1.5,0.75,0,1,,,,
MNQ DEC25,1s,1,5679,2025-10-27 10:54:40,25868.5,25868.75,25867.75,25868.75,19,1,0.25,0,0.75,1,,,,
MNQ DEC25,10s,10,5967,2025-10-27 10:54:40,25866,25869.25,25865.25,25868.75,409,4,2.75,0.5,0.75,1,51.05,18.85,8.41666667,23.42
MNQ DEC25,20s,20,5983,2025-10-27 10:54:40,25862.75,25869.25,25862,25868.75,717,7.25,6,0.5,0.75,1,-67.25,34.2,-33.28333333,18.32
MNQ DEC25,1s,1,5680,2025-10-27 10:54:41,25868.5,25870.75,25868.5,25870.75,86,2.25,2.25,0,0,1,,,,
MNQ DEC25,1s,1,5681,2025-10-27 10:54:42,25870.5,25872.5,25870.25,25871.5,102,2.25,1,1,0.25,1,,,,
MNQ DEC25,1s,1,5682,2025-10-27 10:54:43,25872.5,25873,25872.25,25872.25,67,0.75,0.25,0.5,0,-1,,,,
MNQ DEC25,1s,1,5683,2025-10-27 10:54:44,25872.25,25872.5,25871,25871.5,58,1.5,0.75,0.25,0.5,-1,,,,
MNQ DEC25,1s,1,5684,2025-10-27 10:54:45,25871,25871.75,25870.5,25870.75,52,1.25,0.25,0.75,0.25,-1,,,,
MNQ DEC25,1s,1,5685,2025-10-27 10:54:46,25871.25,25871.5,25870,25870.25,51,1.5,1,0.25,0.25,-1,,,,
MNQ DEC25,1s,1,5686,2025-10-27 10:54:47,25870,25870.25,25869.5,25869.5,36,0.75,0.5,0.25,0,-1,,,,
MNQ DEC25,1s,1,5687,2025-10-27 10:54:48,25869.5,25870,25869.25,25869.25,24,0.75,0.25,0.5,0,-1,,,,
MNQ DEC25,1s,1,5688,2025-10-27 10:54:49,25869.75,25869.75,25868.5,25868.75,19,1.25,1,0,0.25,-1,,,,
MNQ DEC25,1s,1,5689,2025-10-27 10:54:50,25869.25,25869.25,25868.5,25869.25,13,0.75,0,0,0.75,0,,,,
MNQ DEC25,10s,10,5968,2025-10-27 10:54:50,25868.5,25873,25868.5,25869.25,508,4.5,0.75,3.75,0,1,32.25,-18.8,5.23333333,12.74
MNQ DEC25,1s,1,5690,2025-10-27 10:54:51,25868.75,25869,25868.75,25868.75,5,0.25,0,0.25,0,0,,,,
MNQ DEC25,1s,1,5691,2025-10-27 10:54:52,25869.25,25870.25,25868.75,25869.25,23,1.5,0,1,0.5,0,,,,
MNQ DEC25,1s,1,5692,2025-10-27 10:54:53,25869.5,25870,25868.75,25868.75,13,1.25,0.75,0.5,0,-1,,,,
MNQ DEC25,1s,1,5693,2025-10-27 10:54:54,25868.75,25868.75,25868,25868.25,6,0.75,0.5,0,0.25,-1,,,,
MNQ DEC25,1s,1,5694,2025-10-27 10:54:55,25868.25,25868.75,25868,25868.25,15,0.75,0,0.5,0.25,0,,,,
MNQ DEC25,1s,1,5695,2025-10-27 10:54:56,25868.5,25868.5,25867.5,25867.75,27,1,0.75,0,0.25,-1,,,,
MNQ DEC25,1s,1,5696,2025-10-27 10:54:57,25868.5,25868.75,25866.5,25867.25,22,2.25,1.25,0.25,0.75,-1,,,,
MNQ DEC25,1s,1,5697,2025-10-27 10:54:58,25866.75,25867.75,25866.25,25867.75,44,1.5,1,0,0.5,1,,,,
MNQ DEC25,1s,1,5698,2025-10-27 10:54:59,25867.5,25867.75,25867.5,25867.75,10,0.25,0.25,0,0,1,,,,
MNQ DEC25,1s,1,5699,2025-10-27 10:55:00,25867,25867,25866.75,25866.75,7,0.25,0.25,0,0,-1,,,,
MNQ DEC25,10s,10,5969,2025-10-27 10:55:00,25868.75,25870.25,25866.25,25866.75,172,4,2,1.5,0.5,-1,-31.55,-63.8,-21.25,-11.47
MNQ DEC25,20s,20,5984,2025-10-27 10:55:00,25868.5,25873,25866.25,25866.75,680,6.75,1.75,4.5,0.5,-1,11.1,78.35,16.85,20.48
MNQ DEC25,1s,1,5700,2025-10-27 10:55:01,25867,25867.25,25866.25,25866.25,93,1,0.75,0.25,0,-1,,,,
MNQ DEC25,1s,1,5701,2025-10-27 10:55:02,25867.25,25867.25,25866.5,25867.25,10,0.75,0,0,0.75,0,,,,
MNQ DEC25,1s,1,5702,2025-10-27 10:55:03,25867.75,25867.75,25866.5,25867,24,1.25,0.75,0,0.5,-1,,,,
MNQ DEC25,1s,1,5703,2025-10-27 10:55:04,25867.75,25868.5,25867,25868.25,20,1.5,0.5,0.25,0.75,1,,,,
MNQ DEC25,1s,1,5704,2025-10-27 10:55:05,25868.5,25868.5,25868,25868.25,17,0.5,0.25,0,0.25,-1,,,,
MNQ DEC25,1s,1,5705,2025-10-27 10:55:06,25868.25,25868.75,25868,25868.5,20,0.75,0.25,0.25,0.25,1,,,,
MNQ DEC25,1s,1,5706,2025-10-27 10:55:07,25868.5,25868.75,25868,25868.25,37,0.75,0.25,0.25,0.25,-1,,,,
MNQ DEC25,1s,1,5707,2025-10-27 10:55:08,25868,25868.25,25867.5,25867.75,29,0.75,0.25,0.25,0.25,-1,,,,
MNQ DEC25,1s,1,5708,2025-10-27 10:55:09,25868,25870,25867.5,25869.5,51,2.5,1.5,0.5,0.5,1,,,,
MNQ DEC25,1s,1,5709,2025-10-27 10:55:10,25869.25,25869.5,25868.75,25869.5,19,0.75,0.25,0,0.5,1,,,,
MNQ DEC25,10s,10,5970,2025-10-27 10:55:10,25867,25870,25866.25,25869.5,320,3.75,2.5,0.5,0.75,1,-33.3,-1.75,-28.11666667,-9.97
MNQ DEC25,1s,1,5710,2025-10-27 10:55:11,25869,25870,25868.75,25869.25,42,1.25,0.25,0.75,0.25,1,,,,
MNQ DEC25,1s,1,5711,2025-10-27 10:55:12,25869.75,25871.25,25869.5,25870.75,37,1.75,1,0.5,0.25,1,,,,
MNQ DEC25,1s,1,5712,2025-10-27 10:55:13,25870.75,25871.75,25869.75,25871.25,42,2,0.5,0.5,1,1,,,,
MNQ DEC25,1s,1,5713,2025-10-27 10:55:14,25871.5,25871.75,25871,25871.25,23,0.75,0.25,0.25,0.25,-1,,,,
MNQ DEC25,1s,1,5714,2025-10-27 10:55:15,25871.5,25871.75,25870,25870.75,44,1.75,0.75,0.25,0.75,-1,,,,
MNQ DEC25,1s,1,5715,2025-10-27 10:55:16,25870.75,25870.75,25870.5,25870.5,10,0.25,0.25,0,0,-1,,,,
MNQ DEC25,1s,1,5716,2025-10-27 10:55:17,25870.75,25872.75,25870.75,25872.25,46,2,1.5,0.5,0,1,,,,
MNQ DEC25,1s,1,5717,2025-10-27 10:55:18,25872,25872.75,25871.75,25872.75,31,1,0.75,0,0.25,1,,,,
MNQ DEC25,1s,1,5718,2025-10-27 10:55:19,25872.75,25873,25871.25,25872,46,1.75,0.75,0.25,0.75,-1,,,,
MNQ DEC25,1s,1,5719,2025-10-27 10:55:20,25872.25,25872.25,25871.75,25872.25,31,0.5,0,0,0.5,0,,,,
MNQ DEC25,10s,10,5971,2025-10-27 10:55:20,25869,25873,25868.75,25872.25,352,4.25,3.25,0.75,0.25,1,-32.1,1.2,-21.45,-12.86
MNQ DEC25,20s,20,5985,2025-10-27 10:55:20,25867,25873,25866.25,25872.25,672,6.75,5.25,0.75,0.75,1,-6.35,-17.45,31.7,-7.79
MNQ DEC25,1s,1,5720,2025-10-27 10:55:21,25872.25,25873,25872.25,25872.75,24,0.75,0.5,0.25,0,1,,,,
MNQ DEC25,1s,1,5721,2025-10-27 10:55:22,25872.75,25876,25872.5,25875,256,3.5,2.25,1,0.25,1,,,,
MNQ DEC25,1s,1,5722,2025-10-27 10:55:23,25875.5,25878.25,25873.75,25875.75,436,4.5,0.25,2.5,1.75,1,,,,
MNQ DEC25,1s,1,5723,2025-10-27 10:55:24,25875.75,25876.5,25874.75,25875,153,1.75,0.75,0.75,0.25,-1,,,,
MNQ DEC25,1s,1,5724,2025-10-27 10:55:25,25875.25,25875.5,25873.5,25874,54,2,1.25,0.25,0.5,-1,,,,
MNQ DEC25,1s,1,5725,2025-10-27 10:55:26,25873.5,25873.75,25871.5,25872.75,86,2.25,0.75,0.25,1.25,-1,,,,
MNQ DEC25,1s,1,5726,2025-10-27 10:55:27,25873.75,25874.25,25873.25,25874.25,29,1,0.5,0,0.5,1,,,,
MNQ DEC25,1s,1,5727,2025-10-27 10:55:28,25874.25,25874.25,25872.75,25873.25,28,1.5,1,0,0.5,-1,,,,
MNQ DEC25,1s,1,5728,2025-10-27 10:55:29,25873.25,25874,25873.25,25873.75,43,0.75,0.5,0.25,0,1,,,,
MNQ DEC25,1s,1,5729,2025-10-27 10:55:30,25873.75,25873.75,25872.5,25872.75,20,1.25,1,0,0.25,-1,,,,
MNQ DEC25,10s,10,5972,2025-10-27 10:55:30,25872.25,25878.25,25871.5,25872.75,1129,6.75,0.5,5.5,0.75,1,81.85,113.95,37.8,6.16
MNQ DEC25,1s,1,5730,2025-10-27 10:55:31,25871.75,25872.25,25871.5,25872.25,16,0.75,0.5,0,0.25,1,,,,
MNQ DEC25,1s,1,5731,2025-10-27 10:55:32,25872,25872.75,25871.25,25872.25,37,1.5,0.25,0.5,0.75,1,,,,
MNQ DEC25,1s,1,5732,2025-10-27 10:55:33,25871.75,25873,25871.75,25872.25,25,1.25,0.5,0.75,0,1,,,,
MNQ DEC25,1s,1,5733,2025-10-27 10:55:34,25872.5,25873.25,25872.5,25873.25,25,0.75,0.75,0,0,1,,,,
MNQ DEC25,1s,1,5734,2025-10-27 10:55:35,25873,25873,25872.5,25872.75,12,0.5,0.25,0,0.25,-1,,,,
MNQ DEC25,1s,1,5735,2025-10-27 10:55:36,25872,25872.75,25872,25872.25,36,0.75,0.25,0.5,0,1,,,,
MNQ DEC25,1s,1,5736,2025-10-27 10:55:37,25872.75,25872.75,25872.75,25872.75,1,0,0,0,0,0,,,,
MNQ DEC25,1s,1,5737,2025-10-27 10:55:38,25872.75,25872.75,25872.25,25872.75,28,0.5,0,0,0.5,0,,,,
MNQ DEC25,1s,1,5738,2025-10-27 10:55:39,25873,25873.5,25872.75,25872.75,37,0.75,0.25,0.5,0,-1,,,,
MNQ DEC25,1s,1,5739,2025-10-27 10:55:40,25872.5,25872.5,25871.5,25871.75,11,1,0.75,0,0.25,-1,,,,
MNQ DEC25,10s,10,5973,2025-10-27 10:55:40,25871.75,25873.5,25871.25,25871.75,228,2.25,0,1.75,0.5,0,47,-34.85,26.76666667,2.95
MNQ DEC25,20s,20,5986,2025-10-27 10:55:40,25872.25,25878.25,25871.25,25871.75,1357,7,0.5,6,0.5,-1,90.95,97.3,52.73333333,26.08
MNQ DEC25,1s,1,5740,2025-10-27 10:55:41,25872,25872.75,25872,25872.75,15,0.75,0.75,0,0,1,,,,
MNQ DEC25,1s,1,5741,2025-10-27 10:55:42,25872.5,25872.5,25870.25,25870.25,53,2.25,2.25,0,0,-1,,,,
MNQ DEC25,1s,1,5742,2025-10-27 10:55:43,25870.5,25871.75,25870.25,25871.5,16,1.5,1,0.25,0.25,1,,,,
MNQ DEC25,1s,1,5743,2025-10-27 10:55:44,25872,25872.5,25871.5,25872.5,33,1,0.5,0,0.5,1,,,,
MNQ DEC25,1s,1,5744,2025-10-27 10:55:45,25872.25,25872.5,25871.75,25871.75,13,0.75,0.5,0.25,0,-1,,,,
MNQ DEC25,1s,1,5745,2025-10-27 10:55:46,25872,25872,25871.25,25871.5,15,0.75,0.5,0,0.25,-1,,,,
MNQ DEC25,1s,1,5746,2025-10-27 10:55:47,25871.5,25871.5,25871.25,25871.5,7,0.25,0,0,0.25,0,,,,
MNQ DEC25,1s,1,5747,2025-10-27 10:55:48,25871.25,25873,25871.25,25873,36,1.75,1.75,0,0,1,,,,
MNQ DEC25,1s,1,5748,2025-10-27 10:55:49,25872.75,25875.75,25872.5,25873.25,255,3.25,0.5,2.5,0.25,1,,,,
MNQ DEC25,1s,1,5749,2025-10-27 10:55:50,25873,25874.5,25872.75,25874.25,113,1.75,1.25,0.25,0.25,1,,,,
MNQ DEC25,10s,10,5974,2025-10-27 10:55:50,25872,25875.75,25870.25,25874.25,556,5.5,2.25,1.5,1.75,1,126.15,79.15,52.75,31.54
MNQ DEC25,1s,1,5750,2025-10-27 10:55:51,25874,25874.75,25874,25874.5,20,0.75,0.5,0.25,0,1,,,,
MNQ DEC25,1s,1,5751,2025-10-27 10:55:52,25874.75,25875,25874.25,25874.5,33,0.75,0.25,0.25,0.25,-1,,,,
MNQ DEC25,1s,1,5752,2025-10-27 10:55:53,25875,25875.25,25874.75,25874.75,9,0.5,0.25,0.25,0,-1,,,,
MNQ DEC25,1s,1,5753,2025-10-27 10:55:54,25874.75,25874.75,25874,25874,23,0.75,0.75,0,0,-1,,,,
MNQ DEC25,1s,1,5754,2025-10-27 10:55:55,25874.25,25874.5,25873,25873.75,128,1.5,0.5,0.25,0.75,-1,,,,
MNQ DEC25,1s,1,5755,2025-10-27 10:55:56,25873.25,25873.75,25873,25873.5,41,0.75,0.25,0.25,0.25,1,,,,
MNQ DEC25,1s,1,5756,2025-10-27 10:55:57,25873.75,25876.25,25873.75,25876.25,171,2.5,2.5,0,0,1,,,,
MNQ DEC25,1s,1,5757,2025-10-27 10:55:58,25876.5,25876.5,25874.75,25875.25,34,1.75,1.25,0,0.5,-1,,,,
MNQ DEC25,1s,1,5758,2025-10-27 10:55:59,25875.25,25876,25875.25,25875.5,10,0.75,0.25,0.5,0,1,,,,
MNQ DEC25,1s,1,5759,2025-10-27 10:56:00,25875.75,25876.5,25875.25,25876,28,1.25,0.25,0.5,0.5,1,,,,
MNQ DEC25,10s,10,5975,2025-10-27 10:56:00,25874,25876.5,25873,25876,497,3.5,2,0.5,1,1,161,34.85,26.38333333,38.86
MNQ DEC25,20s,20,5987,2025-10-27 10:56:00,25872,25876.5,25870.25,25876,1053,6.25,4,0.5,1.75,1,140.4,49.45,43.1,48.37
MNQ DEC25,1s,1,5760,2025-10-27 10:56:01,25875.75,25876.5,25875.5,25876.5,41,1,0.75,0,0.25,1,,,,
MNQ DEC25,1s,1,5761,2025-10-27 10:56:02,25876.5,25877.25,25876.25,25876.75,58,1,0.25,0.5,0.25,1,,,,
MNQ DEC25,1s,1,5762,2025-10-27 10:56:03,25876.5,25877,25875.5,25876,52,1.5,0.5,0.5,0.5,-1,,,,
MNQ DEC25,1s,1,5763,2025-10-27 10:56:04,25875.5,25875.75,25874,25874,96,1.75,1.5,0.25,0,-1,,,,
MNQ DEC25,1s,1,5764,2025-10-27 10:56:05,25874.75,25875.25,25874.5,25874.5,21,0.75,0.25,0.5,0,-1,,,,
MNQ DEC25,1s,1,5765,2025-10-27 10:56:06,25874.75,25875.25,25874.25,25874.25,38,1,0.5,0.5,0,-1,,,,
MNQ DEC25,1s,1,5766,2025-10-27 10:56:07,25874,25875.5,25874,25874.75,40,1.5,0.75,0.75,0,1,,,,
MNQ DEC25,1s,1,5767,2025-10-27 10:56:08,25875.25,25875.25,25873,25873,28,2.25,2.25,0,0,-1,,,,
MNQ DEC25,1s,1,5768,2025-10-27 10:56:09,25873,25873,25871.75,25871.75,57,1.25,1.25,0,0,-1,,,,
MNQ DEC25,1s,1,5769,2025-10-27 10:56:10,25872,25872.75,25871.5,25871.75,37,1.25,0.25,0.75,0.25,-1,,,,
MNQ DEC25,10s,10,5976,2025-10-27 10:56:10,25875.75,25877.25,25871.5,25871.75,468,5.75,4,1.5,0.25,-1,174,13,42.33333333,41.22
MNQ DEC25,1s,1,5770,2025-10-27 10:56:11,25871.75,25873.25,25871.75,25873,28,1.5,1.25,0.25,0,1,,,,
MNQ DEC25,1s,1,5771,2025-10-27 10:56:12,25872.5,25873.5,25872.25,25873,19,1.25,0.5,0.5,0.25,1,,,,
MNQ DEC25,1s,1,5772,2025-10-27 10:56:13,25873.5,25873.5,25872.25,25872.25,12,1.25,1.25,0,0,-1,,,,
MNQ DEC25,1s,1,5773,2025-10-27 10:56:14,25872.5,25872.5,25871.5,25872,19,1,0.5,0,0.5,-1,,,,
MNQ DEC25,1s,1,5774,2025-10-27 10:56:15,25872,25872.25,25871.75,25871.75,16,0.5,0.25,0.25,0,-1,,,,
MNQ DEC25,1s,1,5775,2025-10-27 10:56:16,25871.75,25872.5,25871.5,25872,21,1,0.25,0.5,0.25,1,,,,
MNQ DEC25,1s,1,5776,2025-10-27 10:56:17,25872,25873.25,25872,25873.25,14,1.25,1.25,0,0,1,,,,
MNQ DEC25,1s,1,5777,2025-10-27 10:56:18,25872.75,25873,25871.75,25872,22,1.25,0.75,0.25,0.25,-1,,,,
MNQ DEC25,1s,1,5778,2025-10-27 10:56:19,25872,25872.5,25872,25872,11,0.5,0,0.5,0,0,,,,
MNQ DEC25,1s,1,5779,2025-10-27 10:56:20,25872.5,25872.5,25872,25872.25,25,0.5,0.25,0,0.25,-1,,,,
MNQ DEC25,10s,10,5977,2025-10-27 10:56:20,25871.75,25873.5,25871.5,25872.25,187,2,0.5,1.25,0.25,1,-13.95,-187.95,-46.7,-19.16
MNQ DEC25,20s,20,5988,2025-10-27 10:56:20,25875.75,25877.25,25871.5,25872.25,655,5.75,3.5,1.5,0.75,-1,119.25,-21.15,41.86666667,37.3
MNQ DEC25,1s,1,5780,2025-10-27 10:56:21,25872.5,25872.75,25872,25872.5,16,0.75,0,0.25,0.5,0,,,,
MNQ DEC25,1s,1,5781,2025-10-27 10:56:22,25872.25,25873.5,25872.25,25873,9,1.25,0.75,0.5,0,1,,,,
MNQ DEC25,1s,1,5782,2025-10-27 10:56:23,25872.75,25872.75,25872.5,25872.5,13,0.25,0.25,0,0,-1,,,,
MNQ DEC25,1s,1,5783,2025-10-27 10:56:24,25872.5,25872.5,25871.75,25872,10,0.75,0.5,0,0.25,-1,,,,
MNQ DEC25,1s,1,5784,2025-10-27 10:56:25,25872,25872.5,25872,25872,12,0.5,0,0.5,0,0,,,,
MNQ DEC25,1s,1,5785,2025-10-27 10:56:26,25872.25,25874.25,25872.25,25873.5,32,2,1.25,0.75,0,1,,,,
MNQ DEC25,1s,1,5786,2025-10-27 10:56:27,25873.25,25873.75,25873,25873.25,16,0.75,0,0.5,0.25,0,,,,
MNQ DEC25,1s,1,5787,2025-10-27 10:56:28,25872.75,25872.75,25871.25,25871.25,41,1.5,1.5,0,0,-1,,,,
MNQ DEC25,1s,1,5788,2025-10-27 10:56:29,25871.5,25871.75,25870.75,25870.75,41,1,0.75,0.25,0,-1,,,,
MNQ DEC25,1s,1,5789,2025-10-27 10:56:30,25871.5,25871.75,25870.75,25871.25,62,1,0.25,0.25,0.5,-1,,,,
MNQ DEC25,10s,10,5978,2025-10-27 10:56:30,25872.5,25874.25,25870.75,25871.25,252,3.5,1.25,1.75,0.5,-1,-8.35,5.6,-56.45,-11.07
MNQ DEC25,1s,1,5790,2025-10-27 10:56:31,25871.25,25871.25,25869,25870.5,80,2.25,0.75,0,1.5,-1,,,,
MNQ DEC25,1s,1,5791,2025-10-27 10:56:32,25871,25871.25,25870.5,25870.75,23,0.75,0.25,0.25,0.25,-1,,,,
MNQ DEC25,1s,1,5792,2025-10-27 10:56:33,25871.25,25871.5,25870.75,25871.5,21,0.75,0.25,0,0.5,1,,,,
MNQ DEC25,1s,1,5793,2025-10-27 10:56:34,25871,25871.25,25870.5,25871.25,11,0.75,0.25,0,0.5,1,,,,
MNQ DEC25,1s,1,5794,2025-10-27 10:56:35,25871.5,25871.75,25871.25,25871.25,18,0.5,0.25,0.25,0,-1,,,,
MNQ DEC25,1s,1,5795,2025-10-27 10:56:36,25871,25871.5,25868.75,25869.25,52,2.75,1.75,0.5,0.5,-1,,,,
MNQ DEC25,1s,1,5796,2025-10-27 10:56:37,25868.75,25869.25,25868.25,25868.75,34,1,0,0.5,0.5,0,,,,
MNQ DEC25,1s,1,5797,2025-10-27 10:56:38,25868.5,25869.25,25868.5,25869.25,41,0.75,0.75,0,0,1,,,,
MNQ DEC25,1s,1,5798,2025-10-27 10:56:39,25868.75,25869.25,25868.25,25868.25,23,1,0.5,0.5,0,-1,,,,
MNQ DEC25,1s,1,5799,2025-10-27 10:56:40,25868.25,25868.5,25867,25867.75,249,1.5,0.5,0.25,0.75,-1,,,,
MNQ DEC25,10s,10,5979,2025-10-27 10:56:40,25871.25,25871.75,25867,25867.75,552,4.75,3.5,0.5,0.75,-1,-23.4,-15.05,-65.8,-29.91
MNQ DEC25,20s,20,5989,2025-10-27 10:56:40,25872.5,25874.25,25867,25867.75,804,7.25,4.75,1.75,0.75,-1,120.35,1.1,9.8,21.85
MNQ DEC25,1s,1,5800,2025-10-27 10:56:41,25868.25,25868.5,25868,25868.5,26,0.5,0.25,0,0.25,1,,,,
MNQ DEC25,1s,1,5801,2025-10-27 10:56:42,25868.5,25870.75,25868,25869.5,58,2.75,1,1.25,0.5,1,,,,
MNQ DEC25,1s,1,5802,2025-10-27 10:56:43,25869.5,25870.25,25869.25,25870,45,1,0.5,0.25,0.25,1,,,,
MNQ DEC25,1s,1,5803,2025-10-27 10:56:44,25869.5,25869.5,25868.75,25868.75,7,0.75,0.75,0,0,-1,,,,
MNQ DEC25,1s,1,5804,2025-10-27 10:56:45,25869,25869.5,25868.75,25869.5,21,0.75,0.5,0,0.25,1,,,,
MNQ DEC25,1s,1,5805,2025-10-27 10:56:46,25869.5,25870,25868.75,25870,28,1.25,0.5,0,0.75,1,,,,
MNQ DEC25,1s,1,5806,2025-10-27 10:56:47,25870.5,25870.75,25868.75,25869,12,2,1.5,0.25,0.25,-1,,,,
MNQ DEC25,1s,1,5807,2025-10-27 10:56:48,25869,25869,25869,25869,1,0,0,0,0,0,,,,
MNQ DEC25,1s,1,5808,2025-10-27 10:56:49,25869,25869.75,25868.75,25869.75,11,1,0.75,0,0.25,1,,,,
MNQ DEC25,1s,1,5809,2025-10-27 10:56:50,25870.5,25870.75,25870,25870.75,13,0.75,0.25,0,0.5,1,,,,
MNQ DEC25,10s,10,5980,2025-10-27 10:56:50,25868.25,25870.75,25868,25870.75,222,2.75,2.5,0,0.25,1,-71.15,-47.75,-19.06666667,-46.43
MNQ DEC25,1s,1,5810,2025-10-27 10:56:51,25870.5,25870.5,25869.25,25869.25,11,1.25,1.25,0,0,-1,,,,
MNQ DEC25,1s,1,5811,2025-10-27 10:56:52,25869.5,25869.5,25868.75,25868.75,28,0.75,0.75,0,0,-1,,,,
MNQ DEC25,1s,1,5812,2025-10-27 10:56:53,25868.75,25869,25868.5,25868.5,8,0.5,0.25,0.25,0,-1,,,,
MNQ DEC25,1s,1,5813,2025-10-27 10:56:54,25868.5,25869.75,25868.25,25869.75,13,1.5,1.25,0,0.25,1,,,,
MNQ DEC25,1s,1,5814,2025-10-27 10:56:55,25869.5,25869.5,25869.25,25869.5,13,0.25,0,0,0.25,0,,,,
MNQ DEC25,1s,1,5815,2025-10-27 10:56:56,25869.75,25870,25869.75,25870,5,0.25,0.25,0,0,1,,,,
MNQ DEC25,1s,1,5816,2025-10-27 10:56:57,25870.75,25871.25,25870.75,25871,9,0.5,0.25,0.25,0,1,,,,
MNQ DEC25,1s,1,5817,2025-10-27 10:56:58,25871.25,25871.75,25870.75,25870.75,14,1,0.5,0.5,0,-1,,,,
MNQ DEC25,1s,1,5818,2025-10-27 10:56:59,25870.5,25870.75,25870.25,25870.25,5,0.5,0.25,0.25,0,-1,,,,
MNQ DEC25,1s,1,5819,2025-10-27 10:57:00,25870,25870,25869.75,25870,6,0.25,0,0,0.25,0,,,,
MNQ DEC25,10s,10,5981,2025-10-27 10:57:00,25870.5,25871.75,25868.25,25870,112,3.5,0.5,1.25,1.75,-1,-129.75,-58.6,-40.46666667,-60.75
MNQ DEC25,20s,20,5990,2025-10-27 10:57:00,25868.25,25871.75,25868,25870,334,3.75,1.75,1.75,0.25,1,70.65,-49.7,-23.25,15.4
MNQ DEC25,1s,1,5820,2025-10-27 10:57:01,25870.25,25871.25,25869.75,25870.5,19,1.5,0.25,0.75,0.5,1,,,,
MNQ DEC25,1s,1,5821,2025-10-27 10:57:02,25870.5,25871.75,25870.5,25871.75,7,1.25,1.25,0,0,1,,,,
MNQ DEC25,1s,1,5822,2025-10-27 10:57:03,25872,25873.75,25872,25873.5,63,1.75,1.5,0.25,0,1,,,,
MNQ DEC25,1s,1,5823,2025-10-27 10:57:04,25873.25,25873.25,25872.25,25872.75,35,1,0.5,0,0.5,-1,,,,
MNQ DEC25,1s,1,5824,2025-10-27 10:57:05,25872.25,25872.25,25872.25,25872.25,7,0,0,0,0,0,,,,
MNQ DEC25,1s,1,5825,2025-10-27 10:57:06,25872.75,25872.75,25872.25,25872.25,8,0.5,0.5,0,0,-1,,,,
MNQ DEC25,1s,1,5826,2025-10-27 10:57:07,25872.75,25873.5,25872.75,25873.25,16,0.75,0.5,0.25,0,1,,,,
MNQ DEC25,1s,1,5827,2025-10-27 10:57:08,25873.25,25874,25872,25872.25,69,2,1,0.75,0.25,-1,,,,
MNQ DEC25,1s,1,5828,2025-10-27 10:57:09,25872.25,25872.75,25872,25872,6,0.75,0.25,0.5,0,-1,,,,
MNQ DEC25,1s,1,5829,2025-10-27 10:57:10,25872,25872.75,25871.25,25872.25,23,1.5,0.25,0.5,0.75,1,,,,
MNQ DEC25,10s,10,5982,2025-10-27 10:57:10,25870.25,25874,25869.75,25872.25,253,4.25,2,1.75,0.5,1,-114.2,15.55,-30.26666667,-20.05
MNQ DEC25,1s,1,5830,2025-10-27 10:57:11,25872,25872,25870.5,25871,21,1.5,1,0,0.5,-1,,,,
MNQ DEC25,1s,1,5831,2025-10-27 10:57:12,25870.75,25870.75,25870,25870,11,0.75,0.75,0,0,-1,,,,
MNQ DEC25,1s,1,5832,2025-10-27 10:57:13,25870.5,25870.5,25869.75,25870,28,0.75,0.5,0,0.25,-1,,,,
MNQ DEC25,1s,1,5833,2025-10-27 10:57:14,25870,25870.25,25869.5,25869.5,19,0.75,0.5,0.25,0,-1,,,,
MNQ DEC25,1s,1,5834,2025-10-27 10:57:15,25870,25870,25869.75,25869.75,7,0.25,0.25,0,0,-1,,,,
MNQ DEC25,1s,1,5835,2025-10-27 10:57:16,25869.75,25870,25869.75,25869.75,7,0.25,0,0.25,0,0,,,,
MNQ DEC25,1s,1,5836,2025-10-27 10:57:17,25870.5,25871.5,25870.25,25871.5,23,1.25,1,0,0.25,1,,,,
MNQ DEC25,1s,1,5837,2025-10-27 10:57:18,25871.75,25872.25,25871.75,25872.25,18,0.5,0.5,0,0,1,,,,
MNQ DEC25,1s,1,5838,2025-10-27 10:57:19,25872.25,25872.25,25872.25,25872.25,1,0,0,0,0,0,,,,
MNQ DEC25,1s,1,5839,2025-10-27 10:57:20,25871.75,25873.75,25871.75,25873.75,55,2,2,0,0,1,,,,
MNQ DEC25,10s,10,5983,2025-10-27 10:57:20,25872,25873.75,25869.5,25873.75,190,4.25,1.75,0,2.5,1,-109.55,4.65,-12.8,-20.24
MNQ DEC25,20s,20,5991,2025-10-27 10:57:20,25870.25,25874,25869.5,25873.75,443,4.5,3.5,0.25,0.75,1,-114.8,-185.45,-78.01666667,-41.15
MNQ DEC25,1s,1,5840,2025-10-27 10:57:21,25874,25874.75,25873.75,25874,33,1,0,0.75,0.25,0,,,,
MNQ DEC25,1s,1,5841,2025-10-27 10:57:22,25873.5,25873.5,25872.5,25872.5,18,1,1,0,0,-1,,,,
MNQ DEC25,1s,1,5842,2025-10-27 10:57:23,25872.75,25873.25,25872.75,25873,6,0.5,0.25,0.25,0,1,,,,
MNQ DEC25,1s,1,5843,2025-10-27 10:57:24,25873.25,25873.25,25873,25873,7,0.25,0.25,0,0,-1,,,,
MNQ DEC25,1s,1,5844,2025-10-27 10:57:25,25872.5,25872.5,25871.25,25871.75,19,1.25,0.75,0,0.5,-1,,,,
MNQ DEC25,1s,1,5845,2025-10-27 10:57:26,25871.75,25871.75,25871.25,25871.25,5,0.5,0.5,0,0,-1,,,,
MNQ DEC25,1s,1,5846,2025-10-27 10:57:27,25871.5,25871.75,25871,25871,9,0.75,0.5,0.25,0,-1,,,,
MNQ DEC25,1s,1,5847,2025-10-27 10:57:28,25871.25,25871.25,25870,25870,14,1.25,1.25,0,0,-1,,,,
MNQ DEC25,1s,1,5848,2025-10-27 10:57:29,25870.75,25870.75,25870.5,25870.5,5,0.25,0.25,0,0,-1,,,,
MNQ DEC25,1s,1,5849,2025-10-27 10:57:30,25870.5,25871.25,25870.25,25870.5,19,1,0,0.75,0.25,0,,,,
MNQ DEC25,10s,10,5984,2025-10-27 10:57:30,25874,25874.75,25870,25870.5,135,4.75,3.5,0.75,0.5,-1,-174.6,-65.05,-14.95,-30.24
MNQ DEC25,1s,1,5850,2025-10-27 10:57:31,25870.75,25871.25,25870.5,25871.25,11,0.75,0.5,0,0.25,1,,,,
MNQ DEC25,1s,1,5851,2025-10-27 10:57:32,25871.5,25871.75,25871,25871.25,17,0.75,0.25,0.25,0.25,-1,,,,
MNQ DEC25,1s,1,5852,2025-10-27 10:57:33,25871,25872,25870.25,25870.25,62,1.75,0.75,1,0,-1,,,,
MNQ DEC25,1s,1,5853,2025-10-27 10:57:34,25870.5,25871.75,25870.5,25871.75,28,1.25,1.25,0,0,1,,,,
MNQ DEC25,1s,1,5854,2025-10-27 10:57:35,25871.5,25871.5,25871.5,25871.5,3,0,0,0,0,0,,,,
MNQ DEC25,1s,1,5855,2025-10-27 10:57:36,25871.75,25871.75,25870.75,25870.75,7,1,1,0,0,-1,,,,
MNQ DEC25,1s,1,5856,2025-10-27 10:57:37,25871,25871,25871,25871,2,0,0,0,0,0,,,,
MNQ DEC25,1s,1,5857,2025-10-27 10:57:38,25870.75,25870.75,25870.75,25870.75,2,0,0,0,0,0,,,,
MNQ DEC25,1s,1,5858,2025-10-27 10:57:39,25870.75,25870.75,25869.75,25870,36,1,0.75,0,0.25,-1,,,,
MNQ DEC25,1s,1,5859,2025-10-27 10:57:40,25869.75,25870.25,25869.5,25870,17,0.75,0.25,0.25,0.25,1,,,,
MNQ DEC25,10s,10,5985,2025-10-27 10:57:40,25870.75,25872,25869.5,25870,185,2.5,0.75,1.25,0.5,-1,-176.75,-2.15,-20.85,-21.12
MNQ DEC25,20s,20,5992,2025-10-27 10:57:40,25874,25874.75,25869.5,25870,320,5.25,4,0.75,0.5,-1,-221.4,-106.6,-113.91666667,-72.36
MNQ DEC25,1s,1,5860,2025-10-27 10:57:41,25870.25,25870.5,25869.75,25869.75,7,0.75,0.5,0.25,0,-1,,,,
MNQ DEC25,1s,1,5861,2025-10-27 10:57:42,25869.75,25871,25869.75,25870.75,9,1.25,1,0.25,0,1,,,,
MNQ DEC25,1s,1,5862,2025-10-27 10:57:43,25870.75,25870.75,25870.75,25870.75,2,0,0,0,0,0,,,,
MNQ DEC25,1s,1,5863,2025-10-27 10:57:44,25871,25871,25870.25,25870.25,11,0.75,0.75,0,0,-1,,,,
MNQ DEC25,1s,1,5864,2025-10-27 10:57:45,25870,25870,25869.25,25869.25,8,0.75,0.75,0,0,-1,,,,
MNQ DEC25,1s,1,5865,2025-10-27 10:57:46,25869.25,25869.5,25868.5,25869.25,27,1,0,0.25,0.75,0,,,,
MNQ DEC25,1s,1,5866,2025-10-27 10:57:47,25868.25,25868.5,25868.25,25868.5,9,0.25,0.25,0,0,1,,,,
MNQ DEC25,1s,1,5867,2025-10-27 10:57:48,25868.25,25868.5,25868.25,25868.5,16,0.25,0.25,0,0,1,,,,
MNQ DEC25,1s,1,5868,2025-10-27 10:57:49,25868.25,25870.5,25867.75,25870.25,81,2.75,2,0.25,0.5,1,,,,
MNQ DEC25,1s,1,5869,2025-10-27 10:57:50,25870,25870,25868.5,25869.25,20,1.5,0.75,0,0.75,-1,,,,
MNQ DEC25,10s,10,5986,2025-10-27 10:57:50,25870.25,25871,25867.75,25869.25,190,3.25,1,0.75,1.5,-1,-155.25,21.5,-15.23333333,-5.1
MNQ DEC25,1s,1,5870,2025-10-27 10:57:51,25868.75,25869,25868.25,25868.25,13,0.75,0.5,0.25,0,-1,,,,
MNQ DEC25,1s,1,5871,2025-10-27 10:57:52,25868,25868.5,25867.25,25867.75,45,1.25,0.25,0.5,0.5,-1,,,,
MNQ DEC25,1s,1,5872,2025-10-27 10:57:53,25867,25867.5,25867,25867.5,15,0.5,0.5,0,0,1,,,,
MNQ DEC25,1s,1,5873,2025-10-27 10:57:54,25867,25867.75,25866.5,25866.5,31,1.25,0.5,0.75,0,-1,,,,
MNQ DEC25,1s,1,5874,2025-10-27 10:57:55,25867,25867.75,25867,25867,16,0.75,0,0.75,0,0,,,,
MNQ DEC25,1s,1,5875,2025-10-27 10:57:56,25867.5,25868,25867.25,25867.75,39,0.75,0.25,0.25,0.25,1,,,,
MNQ DEC25,1s,1,5876,2025-10-27 10:57:57,25868,25868,25867.25,25867.25,5,0.75,0.75,0,0,-1,,,,
MNQ DEC25,1s,1,5877,2025-10-27 10:57:58,25867.25,25867.25,25866.75,25867,21,0.5,0.25,0,0.25,-1,,,,
MNQ DEC25,1s,1,5878,2025-10-27 10:57:59,25866.5,25866.75,25866,25866.5,35,0.75,0,0.25,0.5,0,,,,
MNQ DEC25,1s,1,5879,2025-10-27 10:58:00,25866.5,25866.5,25865.25,25865.5,45,1.25,1,0,0.25,-1,,,,
MNQ DEC25,10s,10,5987,2025-10-27 10:58:00,25868.75,25869,25865.25,25865.5,265,3.75,3.25,0.25,0.25,-1,-145.65,9.6,9.65,-6.29
MNQ DEC25,20s,20,5993,2025-10-27 10:58:00,25870.25,25871,25865.25,25865.5,455,5.75,4.75,0.75,0.25,-1,-224.4,-3,-98.35,-68.73
MNQ DEC25,1s,1,5880,2025-10-27 10:58:01,25865.25,25865.75,25865,25865.25,61,0.75,0,0.5,0.25,0,,,,
MNQ DEC25,1s,1,5881,2025-10-27 10:58:02,25865,25865.75,25864.5,25865,43,1.25,0,0.75,0.5,0,,,,
MNQ DEC25,1s,1,5882,2025-10-27 10:58:03,25865,25866,25864.75,25865.5,47,1.25,0.5,0.5,0.25,1,,,,
MNQ DEC25,1s,1,5883,2025-10-27 10:58:04,25865.75,25866.5,25865.75,25866.5,42,0.75,0.75,0,0,1,,,,
MNQ DEC25,1s,1,5884,2025-10-27 10:58:05,25866,25866.5,25865,25865,23,1.5,1,0.5,0,-1,,,,
MNQ DEC25,1s,1,5885,2025-10-27 10:58:06,25865.75,25866.25,25865.25,25865.5,26,1,0.25,0.5,0.25,-1,,,,
MNQ DEC25,1s,1,5886,2025-10-27 10:58:07,25865.5,25865.5,25864.75,25865.5,10,0.75,0,0,0.75,0,,,,
MNQ DEC25,1s,1,5887,2025-10-27 10:58:08,25865.25,25866.25,25865.25,25866,24,1,0.75,0.25,0,1,,,,
MNQ DEC25,1s,1,5888,2025-10-27 10:58:09,25866.25,25867,25866,25866,10,1,0.25,0.75,0,-1,,,,
MNQ DEC25,1s,1,5889,2025-10-27 10:58:10,25866.25,25867.5,25866.25,25867,91,1.25,0.75,0.5,0,1,,,,
MNQ DEC25,10s,10,5988,2025-10-27 10:58:10,25865.25,25867.5,25864.5,25867,377,3,1.75,0.5,0.75,1,-101.7,43.95,25.01666667,1.57
MNQ DEC25,1s,1,5890,2025-10-27 10:58:11,25867,25867,25866.25,25866.5,19,0.75,0.5,0,0.25,-1,,,,
MNQ DEC25,1s,1,5891,2025-10-27 10:58:12,25867,25867,25866,25866.25,20,1,0.75,0,0.25,-1,,,,
MNQ DEC25,1s,1,5892,2025-10-27 10:58:13,25866.5,25866.5,25865.75,25866,12,0.75,0.5,0,0.25,-1,,,,
MNQ DEC25,1s,1,5893,2025-10-27 10:58:14,25866.5,25866.5,25866,25866,5,0.5,0.5,0,0,-1,,,,
MNQ DEC25,1s,1,5894,2025-10-27 10:58:15,25866,25866.75,25865.75,25865.75,16,1,0.25,0.75,0,-1,,,,
MNQ DEC25,1s,1,5895,2025-10-27 10:58:16,25865.25,25865.5,25865.25,25865.5,13,0.25,0.25,0,0,1,,,,
MNQ DEC25,1s,1,5896,2025-10-27 10:58:17,25865,25865.25,25864,25864,89,1.25,1,0.25,0,-1,,,,
MNQ DEC25,1s,1,5897,2025-10-27 10:58:18,25864,25864.5,25863.75,25864,37,0.75,0,0.5,0.25,0,,,,
MNQ DEC25,1s,1,5898,2025-10-27 10:58:19,25864,25864.75,25864,25864.25,29,0.75,0.25,0.5,0,1,,,,
MNQ DEC25,1s,1,5899,2025-10-27 10:58:20,25864.5,25864.75,25864,25864,19,0.75,0.5,0.25,0,-1,,,,
MNQ DEC25,10s,10,5989,2025-10-27 10:58:20,25867,25867,25863.75,25864,259,3.25,3,0,0.25,-1,-81.25,20.45,24.66666667,18.67
MNQ DEC25,20s,20,5994,2025-10-27 10:58:20,25865.25,25867.5,25863.75,25864,636,3.75,1.25,2.25,0.25,-1,-267.8,-43.4,-51,-77.63
MNQ DEC25,1s,1,5900,2025-10-27 10:58:21,25864.25,25864.5,25864.25,25864.25,10,0.25,0,0.25,0,0,,,,
MNQ DEC25,1s,1,5901,2025-10-27 10:58:22,25864.25,25864.25,25863,25863,43,1.25,1.25,0,0,-1,,,,
MNQ DEC25,1s,1,5902,2025-10-27 10:58:23,25862.75,25863.25,25862.5,25862.75,26,0.75,0,0.5,0.25,0,,,,
MNQ DEC25,1s,1,5903,2025-10-27 10:58:24,25862.75,25863.25,25862.25,25862.75,54,1,0,0.5,0.5,0,,,,
MNQ DEC25,1s,1,5904,2025-10-27 10:58:25,25863,25863,25860.5,25861,145,2.5,2,0,0.5,-1,,,,
MNQ DEC25,1s,1,5905,2025-10-27 10:58:26,25861.25,25861.5,25860.5,25860.75,57,1,0.5,0.25,0.25,-1,,,,
MNQ DEC25,1s,1,5906,2025-10-27 10:58:27,25860.75,25861.25,25860.5,25860.75,48,0.75,0,0.5,0.25,0,,,,
MNQ DEC25,1s,1,5907,2025-10-27 10:58:28,25861,25861.75,25860.5,25861.75,54,1.25,0.75,0,0.5,1,,,,
MNQ DEC25,1s,1,5908,2025-10-27 10:58:29,25861.25,25863,25861,25862.75,60,2,1.5,0.25,0.25,1,,,,
MNQ DEC25,1s,1,5909,2025-10-27 10:58:30,25863,25863,25861.5,25861.5,29,1.5,1.5,0,0,-1,,,,
MNQ DEC25,10s,10,5990,2025-10-27 10:58:30,25864.25,25864.5,25860.5,25861.5,526,4,2.75,0.25,1,-1,-23.35,57.9,40.76666667,30.68
MNQ DEC25,1s,1,5910,2025-10-27 10:58:31,25861.5,25862,25859.75,25860,104,2.25,1.5,0.5,0.25,-1,,,,
MNQ DEC25,1s,1,5911,2025-10-27 10:58:32,25860.25,25862,25860.25,25861,78,1.75,0.75,1,0,1,,,,
MNQ DEC25,1s,1,5912,2025-10-27 10:58:33,25860.75,25861,25860.5,25860.5,26,0.5,0.25,0.25,0,-1,,,,
MNQ DEC25,1s,1,5913,2025-10-27 10:58:34,25861,25862.5,25860.5,25862,47,2,1,0.5,0.5,1,,,,
MNQ DEC25,1s,1,5914,2025-10-27 10:58:35,25862.25,25862.25,25861.25,25861.75,21,1,0.5,0,0.5,-1,,,,
MNQ DEC25,1s,1,5915,2025-10-27 10:58:36,25861.75,25862,25860.5,25862,48,1.5,0.25,0,1.25,1,,,,
MNQ DEC25,1s,1,5916,2025-10-27 10:58:37,25862,25862.5,25861.75,25861.75,34,0.75,0.25,0.5,0,-1,,,,
MNQ DEC25,1s,1,5917,2025-10-27 10:58:38,25862,25862.25,25860.75,25860.75,22,1.5,1.25,0.25,0,-1,,,,
MNQ DEC25,1s,1,5918,2025-10-27 10:58:39,25861.25,25862.25,25861.25,25861.75,31,1,0.5,0.5,0,1,,,,
MNQ DEC25,1s,1,5919,2025-10-27 10:58:40,25862,25862.25,25861.25,25862.25,23,1,0.25,0,0.75,1,,,,
MNQ DEC25,10s,10,5991,2025-10-27 10:58:40,25861.5,25862.5,25859.75,25862.25,434,2.75,0.75,0.25,1.75,1,21.35,44.7,41.01666667,35.32
MNQ DEC25,20s,20,5995,2025-10-27 10:58:40,25864.25,25864.5,25859.75,25862.25,960,4.75,2,0.25,2.5,-1,-172.35,95.45,16.35,-48.6
MNQ DEC25,1s,1,5920,2025-10-27 10:58:41,25861.75,25862.25,25861.75,25862,18,0.5,0.25,0.25,0,1,,,,
MNQ DEC25,1s,1,5921,2025-10-27 10:58:42,25861.75,25862,25860,25860,79,2,1.75,0.25,0,-1,,,,
MNQ DEC25,1s,1,5922,2025-10-27 10:58:43,25860.5,25860.5,25859.25,25860,49,1.25,0.5,0,0.75,-1,,,,
MNQ DEC25,1s,1,5923,2025-10-27 10:58:44,25860.5,25860.75,25860,25860.25,22,0.75,0.25,0.25,0.25,-1,,,,
MNQ DEC25,1s,1,5924,2025-10-27 10:58:45,25860,25861.5,25860,25860.75,23,1.5,0.75,0.75,0,1,,,,
MNQ DEC25,1s,1,5925,2025-10-27 10:58:46,25860.25,25860.25,25858.25,25859,204,2,1.25,0,0.75,-1,,,,
MNQ DEC25,1s,1,5926,2025-10-27 10:58:47,25859,25859.5,25857.75,25858,106,1.75,1,0.5,0.25,-1,,,,
MNQ DEC25,1s,1,5927,2025-10-27 10:58:48,25858,25858.75,25858,25858.25,54,0.75,0.25,0.5,0,1,,,,
MNQ DEC25,1s,1,5928,2025-10-27 10:58:49,25858.25,25858.5,25857.75,25858,32,0.75,0.25,0.25,0.25,-1,,,,
MNQ DEC25,1s,1,5929,2025-10-27 10:58:50,25858.25,25858.5,25857.75,25858,40,0.75,0.25,0.25,0.25,-1,,,,
MNQ DEC25,10s,10,5992,2025-10-27 10:58:50,25861.75,25862.25,25857.75,25858,627,4.5,3.75,0.5,0.25,-1,118.85,97.5,66.7,52.9
MNQ DEC25,1s,1,5930,2025-10-27 10:58:51,25858.5,25858.5,25858,25858,21,0.5,0.5,0,0,-1,,,,
MNQ DEC25,1s,1,5931,2025-10-27 10:58:52,25858,25859,25857,25858.25,120,2,0.25,0.75,1,1,,,,
MNQ DEC25,1s,1,5932,2025-10-27 10:58:53,25858,25859,25857.75,25857.75,37,1.25,0.25,1,0,-1,,,,
MNQ DEC25,1s,1,5933,2025-10-27 10:58:54,25858.25,25859,25858,25858.5,34,1,0.25,0.5,0.25,1,,,,
MNQ DEC25,1s,1,5934,2025-10-27 10:58:55,25858.5,25858.75,25858,25858.5,34,0.75,0,0.25,0.5,0,,,,
MNQ DEC25,1s,1,5935,2025-10-27 10:58:56,25858.25,25858.75,25858,25858,49,0.75,0.25,0.5,0,-1,,,,
MNQ DEC25,1s,1,5936,2025-10-27 10:58:57,25858,25858.75,25857.25,25857.5,47,1.5,0.5,0.75,0.25,-1,,,,
MNQ DEC25,1s,1,5937,2025-10-27 10:58:58,25857.25,25857.5,25857,25857.5,38,0.5,0.25,0,0.25,1,,,,
MNQ DEC25,1s,1,5938,2025-10-27 10:58:59,25856.75,25857.5,25855,25856.25,333,2.5,0.5,0.75,1.25,-1,,,,
MNQ DEC25,1s,1,5939,2025-10-27 10:59:00,25855.75,25857.5,25855.75,25857.25,71,1.75,1.5,0.25,0,1,,,,
MNQ DEC25,10s,10,5993,2025-10-27 10:59:00,25858.5,25859,25855,25857.25,784,4,1.25,0.5,2.25,-1,172.45,53.6,65.26666667,54.83
MNQ DEC25,20s,20,5996,2025-10-27 10:59:00,25861.75,25862.25,25855,25857.25,1411,7.25,4.5,0.5,2.25,-1,9.65,182,78.01666667,24.89
MNQ DEC25,1s,1,5940,2025-10-27 10:59:01,25857.25,25857.25,25855.75,25856.5,68,1.5,0.75,0,0.75,-1,,,,
MNQ DEC25,1s,1,5941,2025-10-27 10:59:02,25856.5,25857,25856.25,25856.75,46,0.75,0.25,0.25,0.25,1,,,,
MNQ DEC25,1s,1,5942,2025-10-27 10:59:03,25856.75,25856.75,25854,25854.75,159,2.75,2,0,0.75,-1,,,,
MNQ DEC25,1s,1,5943,2025-10-27 10:59:04,25855,25856.25,25854.5,25856.25,69,1.75,1.25,0,0.5,1,,,,
MNQ DEC25,1s,1,5944,2025-10-27 10:59:05,25856.25,25856.25,25853.5,25854.75,89,2.75,1.5,0,1.25,-1,,,,
MNQ DEC25,1s,1,5945,2025-10-27 10:59:06,25854.75,25854.75,25853.5,25853.75,35,1.25,1,0,0.25,-1,,,,
MNQ DEC25,1s,1,5946,2025-10-27 10:59:07,25853.5,25854.5,25853.5,25853.5,64,1,0,1,0,0,,,,
MNQ DEC25,1s,1,5947,2025-10-27 10:59:08,25853.75,25854,25853.5,25853.5,28,0.5,0.25,0.25,0,-1,,,,
MNQ DEC25,1s,1,5948,2025-10-27 10:59:09,25853.5,25853.5,25852.5,25852.5,101,1,1,0,0,-1,,,,
MNQ DEC25,1s,1,5949,2025-10-27 10:59:10,25852.5,25853.25,25851.5,25852,146,1.75,0.5,0.75,0.5,-1,,,,
MNQ DEC25,10s,10,5994,2025-10-27 10:59:10,25857.25,25857.25,25851.5,25852,805,5.75,5.25,0,0.5,-1,269.2,96.75,82.61666667,70.09
MNQ DEC25,1s,1,5950,2025-10-27 10:59:11,25852,25853.5,25850,25853.25,292,3.5,1.25,0.25,2,1,,,,
MNQ DEC25,1s,1,5951,2025-10-27 10:59:12,25853.25,25853.25,25851.25,25852.5,83,2,0.75,0,1.25,-1,,,,
MNQ DEC25,1s,1,5952,2025-10-27 10:59:13,25852,25854.25,25851.75,25853.5,49,2.5,1.5,0.75,0.25,1,,,,
MNQ DEC25,1s,1,5953,2025-10-27 10:59:14,25853.25,25854,25852.75,25854,59,1.25,0.75,0,0.5,1,,,,
MNQ DEC25,1s,1,5954,2025-10-27 10:59:15,25854,25855,25854,25854.75,31,1,0.75,0.25,0,1,,,,
MNQ DEC25,1s,1,5955,2025-10-27 10:59:16,25854.5,25855,25854,25854,48,1,0.5,0.5,0,-1,,,,
MNQ DEC25,1s,1,5956,2025-10-27 10:59:17,25853.75,25855,25853.5,25855,61,1.5,1.25,0,0.25,1,,,,
MNQ DEC25,1s,1,5957,2025-10-27 10:59:18,25854.5,25854.75,25854.25,25854.5,28,0.5,0,0.25,0.25,0,,,,
MNQ DEC25,1s,1,5958,2025-10-27 10:59:19,25854,25855,25854,25854.5,21,1,0.5,0.5,0,1,,,,
MNQ DEC25,1s,1,5959,2025-10-27 10:59:20,25854.5,25854.5,25853.5,25853.5,31,1,1,0,0,-1,,,,
MNQ DEC25,10s,10,5995,2025-10-27 10:59:20,25852,25855,25850,25853.5,703,5,1.5,1.5,2,1,294.3,25.1,58.48333333,63.53
MNQ DEC25,20s,20,5997,2025-10-27 10:59:20,25857.25,25857.25,25850,25853.5,1508,7.25,3.75,0,3.5,-1,226.3,216.65,164.7,89.54
MNQ DEC25,1s,1,5960,2025-10-27 10:59:21,25853.5,25853.75,25853.25,25853.25,20,0.5,0.25,0.25,0,-1,,,,
MNQ DEC25,1s,1,5961,2025-10-27 10:59:22,25853.75,25854,25853.25,25854,27,0.75,0.25,0,0.5,1,,,,
MNQ DEC25,1s,1,5962,2025-10-27 10:59:23,25854,25854.75,25852.25,25853,46,2.5,1,0.75,0.75,-1,,,,
MNQ DEC25,1s,1,5963,2025-10-27 10:59:24,25853.25,25853.75,25853,25853.25,14,0.75,0,0.5,0.25,0,,,,
MNQ DEC25,1s,1,5964,2025-10-27 10:59:25,25853.25,25853.75,25853.25,25853.25,17,0.5,0,0.5,0,0,,,,
MNQ DEC25,1s,1,5965,2025-10-27 10:59:26,25853.25,25853.5,25852.75,25853.25,25,0.75,0,0.25,0.5,0,,,,
MNQ DEC25,1s,1,5966,2025-10-27 10:59:27,25853,25853.5,25852.25,25852.5,47,1.25,0.5,0.5,0.25,-1,,,,
MNQ DEC25,1s,1,5967,2025-10-27 10:59:28,25852,25852.5,25851.5,25852.5,35,1,0.5,0,0.5,1,,,,
MNQ DEC25,1s,1,5968,2025-10-27 10:59:29,25852.75,25853.25,25852.25,25852.5,37,1,0.25,0.5,0.25,-1,,,,
MNQ DEC25,1s,1,5969,2025-10-27 10:59:30,25853,25853,25852.25,25852.25,28,0.75,0.75,0,0,-1,,,,
MNQ DEC25,10s,10,5996,2025-10-27 10:59:30,25853.5,25854.75,25851.5,25852.25,296,3.25,1.25,1.25,0.75,-1,275.3,-19,34.28333333,50.79
MNQ DEC25,1s,1,5970,2025-10-27 10:59:31,25852.75,25854.25,25852.5,25853.25,48,1.75,0.5,1,0.25,1,,,,
MNQ DEC25,1s,1,5971,2025-10-27 10:59:32,25853.75,25855.25,25853.75,25854,97,1.5,0.25,1.25,0,1,,,,
MNQ DEC25,1s,1,5972,2025-10-27 10:59:33,25853.75,25853.75,25853.25,25853.75,38,0.5,0,0,0.5,0,,,,
MNQ DEC25,1s,1,5973,2025-10-27 10:59:34,25853.5,25854.5,25853.5,25854.5,16,1,1,0,0,1,,,,
MNQ DEC25,1s,1,5974,2025-10-27 10:59:35,25854.75,25855.5,25854.25,25854.25,46,1.25,0.5,0.75,0,-1,,,,
MNQ DEC25,1s,1,5975,2025-10-27 10:59:36,25854.5,25855.5,25854.25,25855,64,1.25,0.5,0.5,0.25,1,,,,
MNQ DEC25,1s,1,5976,2025-10-27 10:59:37,25855.25,25856.75,25855,25855.5,89,1.75,0.25,1.25,0.25,1,,,,
MNQ DEC25,1s,1,5977,2025-10-27 10:59:38,25855.25,25855.75,25855.25,25855.5,22,0.5,0.25,0.25,0,1,,,,
MNQ DEC25,1s,1,5978,2025-10-27 10:59:39,25855.5,25855.5,25855,25855.25,30,0.5,0.25,0,0.25,-1,,,,
MNQ DEC25,1s,1,5979,2025-10-27 10:59:40,25855,25855.5,25854.25,25854.5,50,1.25,0.5,0.5,0.25,-1,,,,
MNQ DEC25,10s,10,5997,2025-10-27 10:59:40,25852.75,25856.75,25852.5,25854.5,500,4.25,1.75,2.25,0.25,1,234.25,-41.05,-11.65,23.08
MNQ DEC25,20s,20,5998,2025-10-27 10:59:40,25853.5,25856.75,25851.5,25854.5,796,5.25,1,2.25,2,1,277.7,51.4,150.01666667,100.42
MNQ DEC25,1s,1,5980,2025-10-27 10:59:41,25855.25,25855.5,25854.5,25855,20,1,0.25,0.25,0.5,-1,,,,
MNQ DEC25,1s,1,5981,2025-10-27 10:59:42,25855,25855,25853.75,25854,21,1.25,1,0,0.25,-1,,,,
MNQ DEC25,1s,1,5982,2025-10-27 10:59:43,25854,25854,25853,25854,33,1,0,0,1,0,,,,
MNQ DEC25,1s,1,5983,2025-10-27 10:59:44,25854.25,25855.75,25854.25,25855.25,37,1.5,1,0.5,0,1,,,,
MNQ DEC25,1s,1,5984,2025-10-27 10:59:45,25855.5,25855.5,25853.5,25853.5,24,2,2,0,0,-1,,,,
MNQ DEC25,1s,1,5985,2025-10-27 10:59:46,25853.75,25854.25,25853,25854.25,19,1.25,0.5,0,0.75,1,,,,
MNQ DEC25,1s,1,5986,2025-10-27 10:59:47,25854.25,25854.5,25853.5,25854.5,26,1,0.25,0,0.75,1,,,,
MNQ DEC25,1s,1,5987,2025-10-27 10:59:48,25854.5,25854.75,25853.5,25853.75,12,1.25,0.75,0.25,0.25,-1,,,,
MNQ DEC25,1s,1,5988,2025-10-27 10:59:49,25853.75,25854.25,25853,25854.25,14,1.25,0.5,0,0.75,1,,,,
MNQ DEC25,1s,1,5989,2025-10-27 10:59:50,25853.75,25854.5,25853.75,25854.25,12,0.75,0.5,0.25,0,1,,,,
MNQ DEC25,10s,10,5998,2025-10-27 10:59:50,25855.25,25855.75,25853,25854.25,218,2.75,1,0.5,1.25,-1,122.75,-111.5,-57.18333333,-9.94
MNQ DEC25,1s,1,5990,2025-10-27 10:59:51,25854.5,25855.75,25854.5,25855.75,38,1.25,1.25,0,0,1,,,,
MNQ DEC25,1s,1,5991,2025-10-27 10:59:52,25855.5,25856.75,25854.75,25856.75,50,2,1.25,0,0.75,1,,,,
MNQ DEC25,1s,1,5992,2025-10-27 10:59:53,25857,25857.5,25856,25856.5,49,1.5,0.5,0.5,0.5,-1,,,,
MNQ DEC25,1s,1,5993,2025-10-27 10:59:54,25856.5,25857.25,25856.25,25856.5,18,1,0,0.75,0.25,0,,,,
MNQ DEC25,1s,1,5994,2025-10-27 10:59:55,25856.5,25858.25,25856.5,25858.25,49,1.75,1.75,0,0,1,,,,
MNQ DEC25,1s,1,5995,2025-10-27 10:59:56,25858.25,25859.25,25856.75,25859.25,88,2.5,1,0,1.5,1,,,,
MNQ DEC25,1s,1,5996,2025-10-27 10:59:57,25859.5,25860.25,25858.5,25859.25,146,1.75,0.25,0.75,0.75,-1,,,,
MNQ DEC25,1s,1,5997,2025-10-27 10:59:58,25858.75,25859.25,25858.25,25859.25,54,1,0.5,0,0.5,1,,,,
MNQ DEC25,1s,1,5998,2025-10-27 10:59:59,25859.75,25859.75,25858,25858,53,1.75,1.75,0,0,-1,,,,
