Instrument,Series,SeriesSeconds,BarIndex,Time,Open,High,Low,Close,Volume,Range,Body,UpperWick,LowerWick,Direction,VO,VO_Change,VO_Slope3,VO_Slope5
MNQ DEC25,1s,1,0,2025-11-13 09:19:56,25467.25,25467.25,25466.5,25466.5,14,0.75,0.75,0,0,-1,,,,
MNQ DEC25,1s,1,1,2025-11-13 09:19:57,25467.25,25467.25,25466.5,25467.25,22,0.75,0,0,0.75,0,,,,
MNQ DEC25,1s,1,2,2025-11-13 09:19:58,25467.25,25467.25,25467.25,25467.25,1,0,0,0,0,0,,,,
MNQ DEC25,1s,1,3,2025-11-13 09:19:59,25466.75,25466.75,25466,25466,7,0.75,0.75,0,0,-1,,,,
MNQ DEC25,1s,1,4,2025-11-13 09:20:00,25466.75,25466.75,25465.5,25465.5,14,1.25,1.25,0,0,-1,,,,
MNQ DEC25,10s,10,5399,2025-11-13 09:20:00,25467.5,25467.75,25463.75,25465.5,240,4,2,0.25,1.75,-1,-14,17.9,9.78333333,8.9
MNQ DEC25,20s,20,5699,2025-11-13 09:20:00,25466.75,25469,25463.75,25465.5,416,5.25,1.25,2.25,1.75,-1,-143.6,-74.85,-29.01666667,-7.02
MNQ DEC25,1s,1,5,2025-11-13 09:20:01,25465.5,25467,25464.75,25467,40,2.25,1.5,0,0.75,1,,,,
MNQ DEC25,1s,1,6,2025-11-13 09:20:02,25467,25468,25466.5,25466.5,62,1.5,0.5,1,0,-1,,,,
MNQ DEC25,1s,1,7,2025-11-13 09:20:03,25467,25467,25466,25466,11,1,1,0,0,-1,,,,
MNQ DEC25,1s,1,8,2025-11-13 09:20:04,25466.75,25468.25,25466.75,25468.25,31,1.5,1.5,0,0,1,,,,
MNQ DEC25,1s,1,9,2025-11-13 09:20:05,25468,25468.5,25467.25,25468.5,10,1.25,0.5,0,0.75,1,,,,
MNQ DEC25,1s,1,10,2025-11-13 09:20:06,25468,25468,25467,25467.75,6,1,0.25,0,0.75,-1,,,,
MNQ DEC25,1s,1,11,2025-11-13 09:20:07,25468.75,25469.25,25468.5,25468.5,16,0.75,0.25,0.5,0,-1,,,,
MNQ DEC25,1s,1,12,2025-11-13 09:20:08,25468,25468.5,25467.5,25467.5,10,1,0.5,0.5,0,-1,,,,
MNQ DEC25,1s,1,13,2025-11-13 09:20:09,25467.25,25467.75,25465.5,25465.75,16,2.25,1.5,0.5,0.25,-1,,,,
MNQ DEC25,1s,1,14,2025-11-13 09:20:10,25465.75,25466.25,25464.75,25465,18,1.5,0.75,0.5,0.25,-1,,,,
MNQ DEC25,10s,10,5400,2025-11-13 09:20:10,25465.5,25469.25,25464.75,25465,220,4.5,0.5,3.75,0.25,-1,-10.9,3.1,7.3,5.24
MNQ DEC25,1s,1,15,2025-11-13 09:20:11,25465.25,25466.75,25465.25,25465.5,43,1.5,0.25,1.25,0,1,,,,
MNQ DEC25,1s,1,16,2025-11-13 09:20:12,25465.25,25465.75,25465.25,25465.75,18,0.5,0.5,0,0,1,,,,
MNQ DEC25,1s,1,17,2025-11-13 09:20:13,25465.5,25466,25465.5,25466,5,0.5,0.5,0,0,1,,,,
MNQ DEC25,1s,1,18,2025-11-13 09:20:14,25465.25,25465.25,25464.5,25464.75,17,0.75,0.5,0,0.25,-1,,,,
MNQ DEC25,1s,1,19,2025-11-13 09:20:15,25464.75,25466,25464.5,25466,14,1.5,1.25,0,0.25,1,,,,
MNQ DEC25,1s,1,20,2025-11-13 09:20:16,25466.5,25466.75,25466.25,25466.75,6,0.5,0.25,0,0.25,1,,,,
MNQ DEC25,1s,1,21,2025-11-13 09:20:17,25466.5,25467.5,25466.5,25467.5,4,1,1,0,0,1,,,,
MNQ DEC25,1s,1,22,2025-11-13 09:20:18,25467.25,25467.25,25467,25467,3,0.25,0.25,0,0,-1,,,,
MNQ DEC25,1s,1,23,2025-11-13 09:20:19,25466.75,25467.75,25466.75,25467,10,1,0.25,0.75,0,1,,,,
MNQ DEC25,1s,1,24,2025-11-13 09:20:20,25466.75,25467,25466.75,25467,9,0.25,0.25,0,0,1,,,,
MNQ DEC25,10s,10,5401,2025-11-13 09:20:20,25465.25,25467.75,25464.5,25467,129,3.25,1.75,0.75,0.75,1,-8.25,2.65,7.88333333,7.02
MNQ DEC25,20s,20,5700,2025-11-13 09:20:20,25465.5,25469.25,25464.5,25467,349,4.75,1.5,2.25,1,1,-121.2,22.4,-17.55,-8.32
MNQ DEC25,1s,1,25,2025-11-13 09:20:21,25467.25,25467.25,25466.75,25466.75,5,0.5,0.5,0,0,-1,,,,
MNQ DEC25,1s,1,26,2025-11-13 09:20:22,25467,25467,25466.75,25466.75,4,0.25,0.25,0,0,-1,,,,
MNQ DEC25,1s,1,27,2025-11-13 09:20:23,25466.25,25466.5,25466.25,25466.5,3,0.25,0.25,0,0,1,,,,
MNQ DEC25,1s,1,28,2025-11-13 09:20:24,25466.25,25466.25,25465.25,25465.25,4,1,1,0,0,-1,,,,
MNQ DEC25,1s,1,29,2025-11-13 09:20:25,25465,25466,25464.5,25464.75,41,1.5,0.25,1,0.25,-1,,,,
MNQ DEC25,1s,1,30,2025-11-13 09:20:26,25464.5,25464.75,25464.5,25464.75,3,0.25,0.25,0,0,1,,,,
MNQ DEC25,1s,1,31,2025-11-13 09:20:27,25465.5,25465.5,25464.75,25465,15,0.75,0.5,0,0.25,-1,,,,
MNQ DEC25,1s,1,32,2025-11-13 09:20:28,25464.75,25464.75,25464.5,25464.5,4,0.25,0.25,0,0,-1,,,,
MNQ DEC25,1s,1,33,2025-11-13 09:20:29,25464.75,25465,25464.25,25464.75,17,0.75,0,0.25,0.5,0,,,,
MNQ DEC25,1s,1,34,2025-11-13 09:20:30,25464.75,25465.25,25464.75,25464.75,5,0.5,0,0.5,0,0,,,,
MNQ DEC25,10s,10,5402,2025-11-13 09:20:30,25467.25,25467.25,25464.25,25464.75,101,3,2.5,0,0.5,-1,-20.35,-12.1,-2.11666667,2.49
MNQ DEC25,1s,1,35,2025-11-13 09:20:31,25465.75,25466,25465.25,25465.25,28,0.75,0.5,0.25,0,-1,,,,
MNQ DEC25,1s,1,36,2025-11-13 09:20:32,25464.5,25465,25464,25464.75,11,1,0.25,0.25,0.5,1,,,,
MNQ DEC25,1s,1,37,2025-11-13 09:20:33,25465,25467.5,25464.5,25467,26,3,2,0.5,0.5,1,,,,
MNQ DEC25,1s,1,38,2025-11-13 09:20:34,25467.75,25468.25,25467.25,25467.25,19,1,0.5,0.5,0,-1,,,,
MNQ DEC25,1s,1,39,2025-11-13 09:20:35,25467.25,25467.5,25467,25467.25,13,0.5,0,0.25,0.25,0,,,,
MNQ DEC25,1s,1,40,2025-11-13 09:20:36,25466,25466.25,25466,25466.25,2,0.25,0.25,0,0,1,,,,
MNQ DEC25,1s,1,41,2025-11-13 09:20:38,25465.5,25465.5,25465,25465.25,9,0.5,0.25,0,0.25,-1,,,,
MNQ DEC25,1s,1,42,2025-11-13 09:20:39,25465,25465.5,25465,25465.5,6,0.5,0.5,0,0,1,,,,
MNQ DEC25,1s,1,43,2025-11-13 09:20:40,25465.5,25465.5,25465.5,25465.5,1,0,0,0,0,0,,,,
MNQ DEC25,10s,10,5403,2025-11-13 09:20:40,25465.75,25468.25,25464,25465.5,115,4.25,0.25,2.5,1.5,-1,-32.05,-11.7,-7.05,-0.03
MNQ DEC25,20s,20,5701,2025-11-13 09:20:40,25467.25,25468.25,25464,25465.5,216,4.25,1.75,1,1.5,-1,-126.8,-5.6,-19.35,-14.05
MNQ DEC25,1s,1,44,2025-11-13 09:20:41,25465.25,25466.25,25465.25,25465.75,14,1,0.5,0.5,0,1,,,,
MNQ DEC25,1s,1,45,2025-11-13 09:20:42,25465.5,25465.5,25465.5,25465.5,1,0,0,0,0,0,,,,
MNQ DEC25,1s,1,46,2025-11-13 09:20:43,25465.5,25466.75,25465,25466.75,43,1.75,1.25,0,0.5,1,,,,
MNQ DEC25,1s,1,47,2025-11-13 09:20:44,25467.25,25467.25,25467.25,25467.25,2,0,0,0,0,0,,,,
MNQ DEC25,1s,1,48,2025-11-13 09:20:45,25467.25,25468.25,25467.25,25467.5,46,1,0.25,0.75,0,1,,,,
MNQ DEC25,1s,1,49,2025-11-13 09:20:46,25468.25,25469.5,25467.75,25469.5,22,1.75,1.25,0,0.5,1,,,,
MNQ DEC25,1s,1,50,2025-11-13 09:20:47,25469.25,25469.25,25468.75,25468.75,3,0.5,0.5,0,0,-1,,,,
MNQ DEC25,1s,1,51,2025-11-13 09:20:48,25469,25469.5,25469,25469.5,4,0.5,0.5,0,0,1,,,,
MNQ DEC25,1s,1,52,2025-11-13 09:20:49,25469,25469.5,25468.75,25469.5,17,0.75,0.5,0,0.25,1,,,,
MNQ DEC25,1s,1,53,2025-11-13 09:20:50,25469,25469.5,25468,25468,14,1.5,1,0.5,0,-1,,,,
MNQ DEC25,10s,10,5404,2025-11-13 09:20:50,25465.25,25469.5,25465,25468,166,4.5,2.75,1.5,0.25,1,-41.65,-9.6,-11.13333333,-5.53
MNQ DEC25,1s,1,54,2025-11-13 09:20:51,25468.75,25468.75,25468.75,25468.75,2,0,0,0,0,0,,,,
MNQ DEC25,1s,1,55,2025-11-13 09:20:52,25469,25470,25468.75,25469.5,36,1.25,0.5,0.5,0.25,1,,,,
MNQ DEC25,1s,1,56,2025-11-13 09:20:53,25469.5,25469.5,25469.25,25469.25,2,0.25,0.25,0,0,-1,,,,
MNQ DEC25,1s,1,57,2025-11-13 09:20:54,25470,25472.5,25470,25471,54,2.5,1,1.5,0,1,,,,
MNQ DEC25,1s,1,58,2025-11-13 09:20:55,25471,25471,25469.75,25470.5,9,1.25,0.5,0,0.75,-1,,,,
MNQ DEC25,1s,1,59,2025-11-13 09:20:56,25470.5,25471,25470.25,25470.25,12,0.75,0.25,0.5,0,-1,,,,
MNQ DEC25,1s,1,60,2025-11-13 09:20:57,25470.25,25470.25,25469.5,25469.75,6,0.75,0.5,0,0.25,-1,,,,
MNQ DEC25,1s,1,61,2025-11-13 09:20:58,25469.5,25470,25469.5,25469.75,4,0.5,0.25,0.25,0,1,,,,
MNQ DEC25,1s,1,62,2025-11-13 09:20:59,25469.75,25470,25469.5,25470,9,0.5,0.25,0,0.25,1,,,,
MNQ DEC25,1s,1,63,2025-11-13 09:21:00,25469.75,25470,25468.75,25468.75,21,1.25,1,0.25,0,-1,,,,
MNQ DEC25,10s,10,5405,2025-11-13 09:21:00,25468.75,25472.5,25468.75,25468.75,155,3.75,0,3.75,0,0,-54.4,-12.75,-11.35,-8.7
MNQ DEC25,20s,20,5702,2025-11-13 09:21:00,25465.25,25472.5,25465,25468.75,321,7.5,3.5,3.75,0.25,1,-126.05,0.75,5.85,-11.5
MNQ DEC25,1s,1,64,2025-11-13 09:21:01,25468.75,25468.75,25467.5,25468.5,34,1.25,0.25,0,1,-1,,,,
MNQ DEC25,1s,1,65,2025-11-13 09:21:02,25468.5,25472.5,25468.5,25471.5,87,4,3,1,0,1,,,,
MNQ DEC25,1s,1,66,2025-11-13 09:21:03,25471.5,25471.5,25470.5,25470.5,12,1,1,0,0,-1,,,,
MNQ DEC25,1s,1,67,2025-11-13 09:21:04,25470.75,25471.75,25470.75,25471.5,5,1,0.75,0.25,0,1,,,,
MNQ DEC25,1s,1,68,2025-11-13 09:21:05,25472,25472,25470.25,25470.25,19,1.75,1.75,0,0,-1,,,,
MNQ DEC25,1s,1,69,2025-11-13 09:21:06,25470,25470,25469.75,25469.75,5,0.25,0.25,0,0,-1,,,,
MNQ DEC25,1s,1,70,2025-11-13 09:21:07,25470,25470.5,25469.75,25470,19,0.75,0,0.5,0.25,0,,,,
MNQ DEC25,1s,1,71,2025-11-13 09:21:08,25470.25,25471.25,25470.25,25470.5,10,1,0.25,0.75,0,1,,,,
MNQ DEC25,1s,1,72,2025-11-13 09:21:09,25471,25471.75,25470.75,25471.75,19,1,0.75,0,0.25,1,,,,
MNQ DEC25,1s,1,73,2025-11-13 09:21:10,25472,25472,25471.5,25471.5,3,0.5,0.5,0,0,-1,,,,
MNQ DEC25,10s,10,5406,2025-11-13 09:21:10,25468.75,25472.5,25467.5,25471.5,213,5,2.75,1,1.25,1,-39.1,15.3,-2.35,-6.17
MNQ DEC25,1s,1,74,2025-11-13 09:21:11,25472,25472.5,25472,25472.5,10,0.5,0.5,0,0,1,,,,
MNQ DEC25,1s,1,75,2025-11-13 09:21:12,25472,25473,25471.75,25472.5,31,1.25,0.5,0.5,0.25,1,,,,
MNQ DEC25,1s,1,76,2025-11-13 09:21:13,25472.75,25472.75,25472.25,25472.75,7,0.5,0,0,0.5,0,,,,
MNQ DEC25,1s,1,77,2025-11-13 09:21:14,25472.25,25472.5,25472,25472.5,19,0.5,0.25,0,0.25,1,,,,
MNQ DEC25,1s,1,78,2025-11-13 09:21:15,25471.75,25472,25471,25471,18,1,0.75,0.25,0,-1,,,,
MNQ DEC25,1s,1,79,2025-11-13 09:21:16,25471.5,25471.75,25471.25,25471.25,12,0.5,0.25,0.25,0,-1,,,,
MNQ DEC25,1s,1,80,2025-11-13 09:21:17,25471.25,25472.5,25471,25472.5,8,1.5,1.25,0,0.25,1,,,,
MNQ DEC25,1s,1,81,2025-11-13 09:21:18,25473,25473.75,25473,25473.25,11,0.75,0.25,0.5,0,1,,,,
MNQ DEC25,1s,1,82,2025-11-13 09:21:19,25473.75,25474,25472.75,25473.25,32,1.25,0.5,0.25,0.5,-1,,,,
MNQ DEC25,1s,1,83,2025-11-13 09:21:20,25473,25475.75,25473,25474.5,94,2.75,1.5,1.25,0,1,,,,
MNQ DEC25,10s,10,5407,2025-11-13 09:21:20,25472,25475.75,25471,25474.5,242,4.75,2.5,1.25,1,1,-15.85,23.25,8.6,0.9
MNQ DEC25,20s,20,5703,2025-11-13 09:21:20,25468.75,25475.75,25467.5,25474.5,455,8.25,5.75,1.25,1.25,1,-95.3,30.75,8.63333333,-5.31
MNQ DEC25,1s,1,84,2025-11-13 09:21:21,25474.75,25475,25474,25474.25,30,1,0.5,0.25,0.25,-1,,,,
MNQ DEC25,1s,1,85,2025-11-13 09:21:22,25474.25,25474.5,25473.5,25473.5,20,1,0.75,0.25,0,-1,,,,
MNQ DEC25,1s,1,86,2025-11-13 09:21:23,25473.5,25474.25,25473.5,25474,8,0.75,0.5,0.25,0,1,,,,
MNQ DEC25,1s,1,87,2025-11-13 09:21:24,25474,25475,25474,25475,7,1,1,0,0,1,,,,
MNQ DEC25,1s,1,88,2025-11-13 09:21:25,25475.25,25478.75,25475.25,25476.5,189,3.5,1.25,2.25,0,1,,,,
MNQ DEC25,1s,1,89,2025-11-13 09:21:26,25476.75,25477.5,25476.25,25476.75,38,1.25,0,0.75,0.5,0,,,,
MNQ DEC25,1s,1,90,2025-11-13 09:21:27,25476.75,25476.75,25473.25,25475,60,3.5,1.75,0,1.75,-1,,,,
MNQ DEC25,1s,1,91,2025-11-13 09:21:28,25475.25,25475.75,25474.75,25475,24,1,0.25,0.5,0.25,-1,,,,
MNQ DEC25,1s,1,92,2025-11-13 09:21:29,25475.5,25475.5,25474.5,25475,42,1,0.5,0,0.5,-1,,,,
MNQ DEC25,1s,1,93,2025-11-13 09:21:30,25475,25477,25475,25476.75,24,2,1.75,0.25,0,1,,,,
MNQ DEC25,10s,10,5408,2025-11-13 09:21:30,25474.75,25478.75,25473.25,25476.75,442,5.5,2,2,1.5,1,59.6,75.45,38,18.33
MNQ DEC25,1s,1,94,2025-11-13 09:21:31,25476.25,25477,25475.75,25476.5,28,1.25,0.25,0.5,0.5,1,,,,
MNQ DEC25,1s,1,95,2025-11-13 09:21:32,25476.5,25476.5,25475.5,25475.5,27,1,1,0,0,-1,,,,
MNQ DEC25,1s,1,96,2025-11-13 09:21:33,25475.5,25475.5,25474.25,25475,30,1.25,0.5,0,0.75,-1,,,,
MNQ DEC25,1s,1,97,2025-11-13 09:21:34,25475.25,25476,25474,25474,51,2,1.25,0.75,0,-1,,,,
MNQ DEC25,1s,1,98,2025-11-13 09:21:35,25474,25475,25474,25474.75,20,1,0.75,0.25,0,1,,,,
MNQ DEC25,1s,1,99,2025-11-13 09:21:36,25474,25474.75,25473,25473.25,17,1.75,0.75,0.75,0.25,-1,,,,
MNQ DEC25,1s,1,100,2025-11-13 09:21:37,25473.25,25475.5,25473.25,25474.75,34,2.25,1.5,0.75,0,1,,,,
MNQ DEC25,1s,1,101,2025-11-13 09:21:38,25475,25475.5,25475,25475,6,0.5,0,0.5,0,0,,,,
MNQ DEC25,1s,1,102,2025-11-13 09:21:39,25474.5,25474.75,25474.25,25474.25,8,0.5,0.25,0.25,0,-1,,,,
MNQ DEC25,1s,1,103,2025-11-13 09:21:40,25474.5,25475.25,25474.25,25474.75,10,1,0.25,0.5,0.25,1,,,,
MNQ DEC25,10s,10,5409,2025-11-13 09:21:40,25476.25,25477,25473,25474.75,231,4,1.5,0.75,1.75,-1,71.7,12.1,36.93333333,22.67
MNQ DEC25,20s,20,5704,2025-11-13 09:21:40,25474.75,25478.75,25473,25474.75,673,5.75,0,4,1.75,0,-49.45,45.85,25.78333333,18.83
MNQ DEC25,1s,1,104,2025-11-13 09:21:41,25474.75,25474.75,25474.75,25474.75,3,0,0,0,0,0,,,,
MNQ DEC25,1s,1,105,2025-11-13 09:21:42,25474.75,25475.5,25474.5,25475.5,9,1,0.75,0,0.25,1,,,,
MNQ DEC25,1s,1,106,2025-11-13 09:21:43,25474.75,25474.75,25473.75,25473.75,12,1,1,0,0,-1,,,,
MNQ DEC25,1s,1,107,2025-11-13 09:21:44,25474.25,25474.25,25472.5,25472.5,9,1.75,1.75,0,0,-1,,,,
MNQ DEC25,1s,1,108,2025-11-13 09:21:45,25472.5,25472.75,25471.25,25471.25,29,1.5,1.25,0.25,0,-1,,,,
MNQ DEC25,1s,1,109,2025-11-13 09:21:46,25471.25,25472.25,25470.75,25472.25,15,1.5,1,0,0.5,1,,,,
MNQ DEC25,1s,1,110,2025-11-13 09:21:47,25471.75,25472,25471.25,25471.25,4,0.75,0.5,0.25,0,-1,,,,
MNQ DEC25,1s,1,111,2025-11-13 09:21:48,25471.5,25471.5,25470.75,25470.75,6,0.75,0.75,0,0,-1,,,,
MNQ DEC25,1s,1,112,2025-11-13 09:21:49,25470.75,25471.5,25469.5,25471.25,53,2,0.5,0.25,1.25,1,,,,
MNQ DEC25,1s,1,113,2025-11-13 09:21:50,25470.5,25471.25,25470.5,25471.25,7,0.75,0.75,0,0,1,,,,
MNQ DEC25,10s,10,5410,2025-11-13 09:21:50,25474.75,25475.5,25469.5,25471.25,147,6,3.5,0.75,1.75,-1,68.7,-3,28.18333333,24.62
MNQ DEC25,1s,1,114,2025-11-13 09:21:51,25471.25,25471.25,25471,25471,6,0.25,0.25,0,0,-1,,,,
MNQ DEC25,1s,1,115,2025-11-13 09:21:52,25471,25471.75,25471,25471.75,8,0.75,0.75,0,0,1,,,,
MNQ DEC25,1s,1,116,2025-11-13 09:21:53,25471,25471,25469.75,25469.75,17,1.25,1.25,0,0,-1,,,,
MNQ DEC25,1s,1,117,2025-11-13 09:21:54,25469.5,25470.25,25469.5,25469.75,12,0.75,0.25,0.5,0,1,,,,
MNQ DEC25,1s,1,118,2025-11-13 09:21:55,25470.25,25471,25470,25470.5,10,1,0.25,0.5,0.25,1,,,,
MNQ DEC25,1s,1,119,2025-11-13 09:21:56,25471.25,25471.25,25470.5,25470.5,10,0.75,0.75,0,0,-1,,,,
MNQ DEC25,1s,1,120,2025-11-13 09:21:57,25471,25471.5,25469.75,25470.5,43,1.75,0.5,0.5,0.75,-1,,,,
MNQ DEC25,1s,1,121,2025-11-13 09:21:58,25470.75,25470.75,25470.75,25470.75,4,0,0,0,0,0,,,,
MNQ DEC25,1s,1,122,2025-11-13 09:21:59,25471.5,25471.5,25471.25,25471.5,5,0.25,0,0,0.25,0,,,,
MNQ DEC25,1s,1,123,2025-11-13 09:22:00,25471.25,25471.5,25471,25471.25,21,0.5,0,0.25,0.25,0,,,,
MNQ DEC25,10s,10,5411,2025-11-13 09:22:00,25471.25,25471.75,25469.5,25471.25,136,2.25,0,0.5,1.75,0,55.15,-13.55,-1.48333333,18.85
MNQ DEC25,20s,20,5705,2025-11-13 09:22:00,25474.75,25475.5,25469.5,25471.25,283,6,3.5,0.75,1.75,-1,-26.35,23.1,33.23333333,18.97
MNQ DEC25,1s,1,124,2025-11-13 09:22:01,25471.5,25472.25,25471.5,25471.5,18,0.75,0,0.75,0,0,,,,
MNQ DEC25,1s,1,125,2025-11-13 09:22:02,25471.75,25471.75,25471,25471.75,9,0.75,0,0,0.75,0,,,,
MNQ DEC25,1s,1,126,2025-11-13 09:22:03,25471.75,25472.25,25471.75,25472.25,9,0.5,0.5,0,0,1,,,,
MNQ DEC25,1s,1,127,2025-11-13 09:22:04,25471.25,25471.5,25471.25,25471.25,9,0.25,0,0.25,0,0,,,,
MNQ DEC25,1s,1,128,2025-11-13 09:22:05,25471.25,25471.25,25470.75,25471.25,5,0.5,0,0,0.5,0,,,,
MNQ DEC25,1s,1,129,2025-11-13 09:22:06,25470.75,25470.75,25470.75,25470.75,3,0,0,0,0,0,,,,
MNQ DEC25,1s,1,130,2025-11-13 09:22:07,25471.25,25471.25,25470.5,25470.75,23,0.75,0.5,0,0.25,-1,,,,
MNQ DEC25,1s,1,131,2025-11-13 09:22:08,25471,25471,25470.25,25470.5,21,0.75,0.5,0,0.25,-1,,,,
MNQ DEC25,1s,1,132,2025-11-13 09:22:09,25471.25,25471.25,25471.25,25471.25,1,0,0,0,0,0,,,,
MNQ DEC25,1s,1,133,2025-11-13 09:22:10,25471,25471,25470,25470.25,11,1,0.75,0,0.25,-1,,,,
MNQ DEC25,10s,10,5412,2025-11-13 09:22:10,25471.5,25472.25,25470,25470.25,109,2.25,1.25,0.75,0.25,-1,30.85,-24.3,-13.61666667,9.34
MNQ DEC25,1s,1,134,2025-11-13 09:22:11,25471.25,25471.5,25471,25471,7,0.5,0.25,0.25,0,-1,,,,
MNQ DEC25,1s,1,135,2025-11-13 09:22:12,25471.75,25472.5,25471.5,25472,18,1,0.25,0.5,0.25,1,,,,
MNQ DEC25,1s,1,136,2025-11-13 09:22:13,25471.5,25471.5,25471.5,25471.5,1,0,0,0,0,0,,,,
MNQ DEC25,1s,1,137,2025-11-13 09:22:14,25472,25472.5,25472,25472.5,4,0.5,0.5,0,0,1,,,,
MNQ DEC25,1s,1,138,2025-11-13 09:22:15,25471.75,25472.5,25471.75,25472.5,9,0.75,0.75,0,0,1,,,,
MNQ DEC25,1s,1,139,2025-11-13 09:22:16,25472.5,25472.75,25472.5,25472.75,2,0.25,0.25,0,0,1,,,,
MNQ DEC25,1s,1,140,2025-11-13 09:22:18,25472,25472.75,25472,25472.75,7,0.75,0.75,0,0,1,,,,
MNQ DEC25,1s,1,141,2025-11-13 09:22:19,25472.25,25472.5,25472,25472,10,0.5,0.25,0.25,0,-1,,,,
MNQ DEC25,10s,10,5413,2025-11-13 09:22:20,25471.25,25472.75,25471,25472,58,1.75,0.75,0.75,0.25,1,-39.7,-70.55,-36.13333333,-19.86
MNQ DEC25,20s,20,5706,2025-11-13 09:22:20,25471.5,25472.75,25470,25472,167,2.75,0.5,0.75,1.5,1,-18.95,7.4,25.45,21.57
MNQ DEC25,1s,1,142,2025-11-13 09:22:21,25472,25473.25,25472,25472.75,15,1.25,0.75,0.5,0,1,,,,
MNQ DEC25,1s,1,143,2025-11-13 09:22:22,25473.5,25474.25,25472.75,25474,36,1.5,0.5,0.25,0.75,1,,,,
MNQ DEC25,1s,1,144,2025-11-13 09:22:23,25475,25475,25474.25,25475,12,0.75,0,0,0.75,0,,,,
MNQ DEC25,1s,1,145,2025-11-13 09:22:24,25474.25,25474.75,25474.25,25474.5,9,0.5,0.25,0.25,0,1,,,,
MNQ DEC25,1s,1,146,2025-11-13 09:22:25,25475,25475.25,25474.5,25474.5,19,0.75,0.5,0.25,0,-1,,,,
MNQ DEC25,1s,1,147,2025-11-13 09:22:26,25474.25,25475.25,25474.25,25475.25,19,1,1,0,0,1,,,,
MNQ DEC25,1s,1,148,2025-11-13 09:22:27,25474.75,25474.75,25473.25,25473.5,53,1.5,1.25,0,0.25,-1,,,,
MNQ DEC25,1s,1,149,2025-11-13 09:22:28,25473,25474.25,25472.75,25474.25,15,1.5,1.25,0,0.25,1,,,,
MNQ DEC25,1s,1,150,2025-11-13 09:22:29,25474.25,25474.25,25472,25472.5,18,2.25,1.75,0,0.5,-1,,,,
MNQ DEC25,1s,1,151,2025-11-13 09:22:30,25472.25,25472.25,25472,25472,10,0.25,0.25,0,0,-1,,,,
MNQ DEC25,10s,10,5414,2025-11-13 09:22:30,25472,25475.25,25472,25472,206,3.25,0,3.25,0,0,-47,-7.3,-34.05,-23.74
MNQ DEC25,1s,1,152,2025-11-13 09:22:31,25472,25472.75,25472,25472,7,0.75,0,0.75,0,0,,,,
MNQ DEC25,1s,1,153,2025-11-13 09:22:32,25472,25472,25472,25472,1,0,0,0,0,0,,,,
MNQ DEC25,1s,1,154,2025-11-13 09:22:33,25472.5,25472.5,25472.5,25472.5,2,0,0,0,0,0,,,,
MNQ DEC25,1s,1,155,2025-11-13 09:22:34,25472,25472,25471.5,25472,17,0.5,0,0,0.5,0,,,,
MNQ DEC25,1s,1,156,2025-11-13 09:22:35,25472.5,25473.5,25472.25,25473.25,12,1.25,0.75,0.25,0.25,1,,,,
MNQ DEC25,1s,1,157,2025-11-13 09:22:37,25474,25474.25,25473.5,25473.75,20,0.75,0.25,0.25,0.25,-1,,,,
MNQ DEC25,1s,1,158,2025-11-13 09:22:38,25473.75,25474.25,25473.5,25474.25,14,0.75,0.5,0,0.25,1,,,,
MNQ DEC25,1s,1,159,2025-11-13 09:22:39,25474.5,25475,25474.25,25474.25,10,0.75,0.25,0.5,0,-1,,,,
MNQ DEC25,1s,1,160,2025-11-13 09:22:40,25474,25474.75,25473.5,25474.75,24,1.25,0.75,0,0.5,1,,,,
MNQ DEC25,10s,10,5415,2025-11-13 09:22:40,25472,25475,25471.5,25474.75,107,3.5,2.75,0.25,0.5,1,-50.85,-3.85,-27.23333333,-23.91
MNQ DEC25,20s,20,5707,2025-11-13 09:22:40,25472,25475.25,25471.5,25474.75,313,3.75,2.75,0.5,0.5,1,-5.15,13.8,14.76666667,24.18
MNQ DEC25,1s,1,161,2025-11-13 09:22:41,25473.75,25474.25,25473.25,25473.25,13,1,0.5,0.5,0,-1,,,,
MNQ DEC25,1s,1,162,2025-11-13 09:22:42,25473.5,25473.75,25472,25473.5,58,1.75,0,0.25,1.5,0,,,,
MNQ DEC25,1s,1,163,2025-11-13 09:22:43,25473.25,25473.25,25472.75,25472.75,5,0.5,0.5,0,0,-1,,,,
MNQ DEC25,1s,1,164,2025-11-13 09:22:44,25473.5,25474.25,25473.5,25474,21,0.75,0.5,0.25,0,1,,,,
MNQ DEC25,1s,1,165,2025-11-13 09:22:45,25473.75,25473.75,25473.25,25473.25,3,0.5,0.5,0,0,-1,,,,
MNQ DEC25,1s,1,166,2025-11-13 09:22:46,25473.5,25473.5,25471.25,25471.25,16,2.25,2.25,0,0,-1,,,,
MNQ DEC25,1s,1,167,2025-11-13 09:22:47,25471.5,25472.25,25471.5,25471.75,6,0.75,0.25,0.5,0,1,,,,
MNQ DEC25,1s,1,168,2025-11-13 09:22:48,25472.25,25472.25,25472,25472,9,0.25,0.25,0,0,-1,,,,
MNQ DEC25,1s,1,169,2025-11-13 09:22:49,25471.75,25472,25471,25471.25,13,1,0.5,0.25,0.25,-1,,,,
MNQ DEC25,1s,1,170,2025-11-13 09:22:50,25471.5,25471.5,25470,25471,65,1.5,0.5,0,1,-1,,,,
MNQ DEC25,10s,10,5416,2025-11-13 09:22:50,25473.75,25474.25,25470,25471,209,4.25,2.75,0.5,1,-1,-40.6,10.25,-0.3,-19.15
MNQ DEC25,1s,1,171,2025-11-13 09:22:51,25471.5,25472.25,25471,25471,22,1.25,0.5,0.75,0,-1,,,,
MNQ DEC25,1s,1,172,2025-11-13 09:22:52,25471.75,25471.75,25471,25471.5,5,0.75,0.25,0,0.5,-1,,,,
MNQ DEC25,1s,1,173,2025-11-13 09:22:53,25471.5,25471.5,25469.75,25470,10,1.75,1.5,0,0.25,-1,,,,
MNQ DEC25,1s,1,174,2025-11-13 09:22:54,25470.5,25470.75,25470.25,25470.25,11,0.5,0.25,0.25,0,-1,,,,
MNQ DEC25,1s,1,175,2025-11-13 09:22:55,25470.75,25470.75,25468,25469,57,2.75,1.75,0,1,-1,,,,
MNQ DEC25,1s,1,176,2025-11-13 09:22:56,25469.5,25469.75,25469,25469.25,21,0.75,0.25,0.25,0.25,-1,,,,
MNQ DEC25,1s,1,177,2025-11-13 09:22:57,25469.25,25469.75,25469.25,25469.75,5,0.5,0.5,0,0,1,,,,
MNQ DEC25,1s,1,178,2025-11-13 09:22:58,25469.5,25469.75,25468.75,25469.5,17,1,0,0.25,0.75,0,,,,
MNQ DEC25,1s,1,179,2025-11-13 09:22:59,25469.25,25469.25,25468.25,25468.25,6,1,1,0,0,-1,,,,
MNQ DEC25,1s,1,180,2025-11-13 09:23:00,25469,25469,25468.25,25468.25,5,0.75,0.75,0,0,-1,,,,
MNQ DEC25,10s,10,5417,2025-11-13 09:23:00,25471.5,25472.25,25468,25468.25,159,4.25,3.25,0.75,0.25,-1,-30.25,10.35,5.58333333,-12.22
MNQ DEC25,20s,20,5708,2025-11-13 09:23:00,25473.75,25474.25,25468,25468.25,368,6.25,5.5,0.5,0.25,-1,-14.25,-9.1,4.03333333,16.21
MNQ DEC25,1s,1,181,2025-11-13 09:23:01,25468.25,25469.25,25468.25,25469,17,1,0.75,0.25,0,1,,,,
MNQ DEC25,1s,1,182,2025-11-13 09:23:02,25468.5,25468.5,25467.25,25467.25,10,1.25,1.25,0,0,-1,,,,
MNQ DEC25,1s,1,183,2025-11-13 09:23:03,25468.25,25468.25,25467.25,25467.25,20,1,1,0,0,-1,,,,
MNQ DEC25,1s,1,184,2025-11-13 09:23:04,25467.75,25468.75,25467.25,25468.75,15,1.5,1,0,0.5,1,,,,
MNQ DEC25,1s,1,185,2025-11-13 09:23:05,25468.75,25470,25468.25,25469.5,22,1.75,0.75,0.5,0.5,1,,,,
MNQ DEC25,1s,1,186,2025-11-13 09:23:06,25469.5,25469.5,25469,25469,4,0.5,0.5,0,0,-1,,,,
MNQ DEC25,1s,1,187,2025-11-13 09:23:07,25468.5,25469.5,25468,25469,20,1.5,0.5,0.5,0.5,1,,,,
MNQ DEC25,1s,1,188,2025-11-13 09:23:08,25469,25469.5,25469,25469.5,3,0.5,0.5,0,0,1,,,,
MNQ DEC25,1s,1,189,2025-11-13 09:23:09,25470,25470.75,25469.75,25470.75,18,1,0.75,0,0.25,1,,,,
MNQ DEC25,1s,1,190,2025-11-13 09:23:10,25470.5,25471.25,25470.5,25471,7,0.75,0.5,0.25,0,1,,,,
MNQ DEC25,10s,10,5418,2025-11-13 09:23:10,25468.25,25471.25,25467.25,25471,136,4,2.75,0.25,1,1,-12.65,17.6,12.73333333,5.41
MNQ DEC25,1s,1,191,2025-11-13 09:23:11,25471.25,25472.5,25470.75,25472.25,28,1.75,1,0.25,0.5,1,,,,
MNQ DEC25,1s,1,192,2025-11-13 09:23:12,25472,25474,25471.75,25474,20,2.25,2,0,0.25,1,,,,
MNQ DEC25,1s,1,193,2025-11-13 09:23:13,25474,25474.75,25473.75,25474.75,31,1,0.75,0,0.25,1,,,,
MNQ DEC25,1s,1,194,2025-11-13 09:23:14,25474.25,25475,25474.25,25474.5,12,0.75,0.25,0.5,0,1,,,,
MNQ DEC25,1s,1,195,2025-11-13 09:23:16,25474,25474.75,25473.75,25473.75,14,1,0.25,0.75,0,-1,,,,
MNQ DEC25,1s,1,196,2025-11-13 09:23:17,25475,25475,25473.5,25474,12,1.5,1,0,0.5,-1,,,,
MNQ DEC25,1s,1,197,2025-11-13 09:23:18,25474.75,25475,25473.75,25473.75,18,1.25,1,0.25,0,-1,,,,
MNQ DEC25,1s,1,198,2025-11-13 09:23:19,25474,25474.25,25474,25474.25,2,0.25,0.25,0,0,1,,,,
MNQ DEC25,1s,1,199,2025-11-13 09:23:20,25474.5,25474.75,25473.75,25474.75,16,1,0.25,0,0.75,1,,,,
MNQ DEC25,10s,10,5419,2025-11-13 09:23:20,25471.25,25475,25470.75,25474.75,153,4.25,3.5,0.25,0.5,1,-18.9,-6.25,7.23333333,5.62
MNQ DEC25,20s,20,5709,2025-11-13 09:23:20,25468.25,25475,25467.25,25474.75,289,7.75,6.5,0.25,1,1,-80.5,-66.25,-20.51666667,-6.21
MNQ DEC25,1s,1,200,2025-11-13 09:23:21,25474.5,25475.5,25474.5,25475.5,16,1,1,0,0,1,,,,
MNQ DEC25,1s,1,201,2025-11-13 09:23:22,25475.5,25477,25475.5,25476.75,42,1.5,1.25,0.25,0,1,,,,
MNQ DEC25,1s,1,202,2025-11-13 09:23:23,25477,25478.25,25477,25477.75,61,1.25,0.75,0.5,0,1,,,,
MNQ DEC25,1s,1,203,2025-11-13 09:23:24,25477.75,25479.75,25477.75,25479.5,81,2,1.75,0.25,0,1,,,,
MNQ DEC25,1s,1,204,2025-11-13 09:23:25,25479.25,25479.75,25478.25,25479.75,66,1.5,0.5,0,1,1,,,,
MNQ DEC25,1s,1,205,2025-11-13 09:23:26,25479.25,25479.75,25478,25478,33,1.75,1.25,0.5,0,-1,,,,
MNQ DEC25,1s,1,206,2025-11-13 09:23:27,25478,25478,25477.25,25477.5,24,0.75,0.5,0,0.25,-1,,,,
MNQ DEC25,1s,1,207,2025-11-13 09:23:28,25477.25,25477.25,25476.5,25476.75,18,0.75,0.5,0,0.25,-1,,,,
MNQ DEC25,1s,1,208,2025-11-13 09:23:29,25477.25,25477.5,25477,25477,19,0.5,0.25,0.25,0,-1,,,,
MNQ DEC25,1s,1,209,2025-11-13 09:23:30,25477,25477.75,25477,25477,10,0.75,0,0.75,0,0,,,,
MNQ DEC25,10s,10,5420,2025-11-13 09:23:30,25474.5,25479.75,25474.5,25477,370,5.25,2.5,2.75,0,1,26.2,45.1,18.81666667,15.41
MNQ DEC25,1s,1,210,2025-11-13 09:23:31,25477.5,25478,25476.5,25477,19,1.5,0.5,0.5,0.5,-1,,,,
MNQ DEC25,1s,1,211,2025-11-13 09:23:32,25477.25,25477.5,25475.25,25476.75,68,2.25,0.5,0.25,1.5,-1,,,,
MNQ DEC25,1s,1,212,2025-11-13 09:23:33,25476.5,25477.25,25476.5,25477.25,7,0.75,0.75,0,0,1,,,,
MNQ DEC25,1s,1,213,2025-11-13 09:23:34,25476.75,25477.75,25476.5,25477,14,1.25,0.25,0.75,0.25,1,,,,
MNQ DEC25,1s,1,214,2025-11-13 09:23:35,25477,25477.5,25477,25477.5,7,0.5,0.5,0,0,1,,,,
MNQ DEC25,1s,1,215,2025-11-13 09:23:36,25477.5,25478,25477.25,25478,25,0.75,0.5,0,0.25,1,,,,
MNQ DEC25,1s,1,216,2025-11-13 09:23:37,25478,25478,25477.25,25477.5,11,0.75,0.5,0,0.25,-1,,,,
MNQ DEC25,1s,1,217,2025-11-13 09:23:38,25477.5,25477.5,25477.25,25477.25,4,0.25,0.25,0,0,-1,,,,
MNQ DEC25,1s,1,218,2025-11-13 09:23:39,25477.75,25478,25477.5,25478,14,0.5,0.25,0,0.25,1,,,,
MNQ DEC25,1s,1,219,2025-11-13 09:23:40,25478.25,25478.25,25477.5,25477.5,14,0.75,0.75,0,0,-1,,,,
MNQ DEC25,10s,10,5421,2025-11-13 09:23:40,25477.5,25478.25,25475.25,25477.5,183,3,0,0.75,2.25,0,18.3,-7.9,10.31666667,11.78
MNQ DEC25,20s,20,5710,2025-11-13 09:23:40,25474.5,25479.75,25474.5,25477.5,553,5.25,3,2.25,0,1,-38.35,42.15,-11.06666667,-2.4
MNQ DEC25,1s,1,220,2025-11-13 09:23:41,25478.25,25478.5,25478.25,25478.5,5,0.25,0.25,0,0,1,,,,
MNQ DEC25,1s,1,221,2025-11-13 09:23:42,25477.75,25478.75,25477,25478.75,37,1.75,1,0,0.75,1,,,,
MNQ DEC25,1s,1,222,2025-11-13 09:23:43,25479,25479,25477.5,25477.5,4,1.5,1.5,0,0,-1,,,,
MNQ DEC25,1s,1,223,2025-11-13 09:23:44,25478.25,25478.5,25478,25478,8,0.5,0.25,0.25,0,-1,,,,
MNQ DEC25,1s,1,224,2025-11-13 09:23:45,25478.5,25478.5,25477.75,25477.75,4,0.75,0.75,0,0,-1,,,,
MNQ DEC25,1s,1,225,2025-11-13 09:23:46,25477.5,25478,25477.5,25478,6,0.5,0.5,0,0,1,,,,
MNQ DEC25,1s,1,226,2025-11-13 09:23:47,25478,25479,25477.5,25479,11,1.5,1,0,0.5,1,,,,
MNQ DEC25,1s,1,227,2025-11-13 09:23:48,25479,25479.75,25478.5,25479.5,21,1.25,0.5,0.25,0.5,1,,,,
MNQ DEC25,1s,1,228,2025-11-13 09:23:49,25479.5,25479.75,25479.25,25479.75,25,0.5,0.25,0,0.25,1,,,,
MNQ DEC25,1s,1,229,2025-11-13 09:23:50,25479.75,25484.5,25479.75,25484,217,4.75,4.25,0.5,0,1,,,,
MNQ DEC25,10s,10,5422,2025-11-13 09:23:50,25478.25,25484.5,25477,25484,338,7.5,5.75,0.5,1.25,1,42.25,23.95,20.38333333,14.5
MNQ DEC25,1s,1,230,2025-11-13 09:23:51,25484,25484,25483,25483.25,38,1,0.75,0,0.25,-1,,,,
MNQ DEC25,1s,1,231,2025-11-13 09:23:52,25483.25,25483.25,25482.5,25483,26,0.75,0.25,0,0.5,-1,,,,
MNQ DEC25,1s,1,232,2025-11-13 09:23:53,25483.5,25483.5,25482,25482,32,1.5,1.5,0,0,-1,,,,
MNQ DEC25,1s,1,233,2025-11-13 09:23:54,25482.75,25483,25482,25482.25,25,1,0.5,0.25,0.25,-1,,,,
MNQ DEC25,1s,1,234,2025-11-13 09:23:55,25482.75,25482.75,25482.5,25482.75,13,0.25,0,0,0.25,0,,,,
MNQ DEC25,1s,1,235,2025-11-13 09:23:56,25483.25,25483.5,25483,25483,10,0.5,0.25,0.25,0,-1,,,,
MNQ DEC25,1s,1,236,2025-11-13 09:23:57,25483.75,25483.75,25482.75,25483.25,27,1,0.5,0,0.5,-1,,,,
MNQ DEC25,1s,1,237,2025-11-13 09:23:58,25482.5,25483.5,25482.5,25483,25,1,0.5,0.5,0,1,,,,
MNQ DEC25,1s,1,238,2025-11-13 09:23:59,25483.5,25484,25483.25,25483.25,22,0.75,0.25,0.5,0,-1,,,,
MNQ DEC25,1s,1,239,2025-11-13 09:24:00,25483,25483,25482.25,25482.75,15,0.75,0.25,0,0.5,-1,,,,
MNQ DEC25,10s,10,5423,2025-11-13 09:24:00,25484,25484,25482,25482.75,233,2,1.25,0,0.75,-1,55.75,13.5,9.85,13.68
MNQ DEC25,20s,20,5711,2025-11-13 09:24:00,25478.25,25484.5,25477,25482.75,571,7.5,4.5,1.75,1.25,1,26.1,64.45,13.45,9.01
MNQ DEC25,1s,1,240,2025-11-13 09:24:01,25483,25483,25481.5,25481.75,45,1.5,1.25,0,0.25,-1,,,,
MNQ DEC25,1s,1,241,2025-11-13 09:24:02,25482,25483,25482,25482.25,10,1,0.25,0.75,0,1,,,,
MNQ DEC25,1s,1,242,2025-11-13 09:24:03,25482.25,25482.25,25481.25,25482,40,1,0.25,0,0.75,-1,,,,
MNQ DEC25,1s,1,243,2025-11-13 09:24:04,25481.75,25481.75,25481.25,25481.5,13,0.5,0.25,0,0.25,-1,,,,
MNQ DEC25,1s,1,244,2025-11-13 09:24:05,25482,25482.5,25482,25482.5,14,0.5,0.5,0,0,1,,,,
MNQ DEC25,1s,1,245,2025-11-13 09:24:06,25483,25483.25,25482.5,25482.5,6,0.75,0.5,0.25,0,-1,,,,
MNQ DEC25,1s,1,246,2025-11-13 09:24:07,25483,25483.25,25482.5,25482.75,11,0.75,0.25,0.25,0.25,-1,,,,
MNQ DEC25,1s,1,247,2025-11-13 09:24:08,25483.25,25483.5,25482.5,25482.5,4,1,0.75,0.25,0,-1,,,,
MNQ DEC25,1s,1,248,2025-11-13 09:24:09,25482.5,25482.5,25481.75,25481.75,23,0.75,0.75,0,0,-1,,,,
MNQ DEC25,1s,1,249,2025-11-13 09:24:10,25482.25,25482.25,25481.75,25482,5,0.5,0.25,0,0.25,-1,,,,
MNQ DEC25,10s,10,5424,2025-11-13 09:24:10,25483,25483.5,25481.25,25482,171,2.25,1,0.5,0.75,-1,59.1,3.35,13.6,15.6
MNQ DEC25,1s,1,250,2025-11-13 09:24:11,25482.5,25482.75,25482,25482,9,0.75,0.5,0.25,0,-1,,,,
MNQ DEC25,1s,1,251,2025-11-13 09:24:12,25482.75,25483.5,25482.75,25483,8,0.75,0.25,0.5,0,1,,,,
MNQ DEC25,1s,1,252,2025-11-13 09:24:13,25483.75,25484.25,25483.25,25483.25,24,1,0.5,0.5,0,-1,,,,
MNQ DEC25,1s,1,253,2025-11-13 09:24:14,25483.25,25483.5,25482.75,25483,20,0.75,0.25,0.25,0.25,-1,,,,
MNQ DEC25,1s,1,254,2025-11-13 09:24:15,25482.5,25483.5,25482.5,25482.5,6,1,0,1,0,0,,,,
MNQ DEC25,1s,1,255,2025-11-13 09:24:16,25483.25,25483.75,25483,25483.25,6,0.75,0,0.5,0.25,0,,,,
MNQ DEC25,1s,1,256,2025-11-13 09:24:17,25483,25483.25,25482.5,25483,12,0.75,0,0.25,0.5,0,,,,
MNQ DEC25,1s,1,257,2025-11-13 09:24:18,25482.25,25482.5,25481.5,25481.5,9,1,0.75,0.25,0,-1,,,,
MNQ DEC25,1s,1,258,2025-11-13 09:24:19,25481,25481,25479.25,25479.25,59,1.75,1.75,0,0,-1,,,,
MNQ DEC25,1s,1,259,2025-11-13 09:24:20,25479.25,25479.75,25479,25479,17,0.75,0.25,0.5,0,-1,,,,
MNQ DEC25,10s,10,5425,2025-11-13 09:24:20,25482.5,25484.25,25479,25479,170,5.25,3.5,1.75,0,-1,18.35,-40.75,-7.96666667,-1.57
MNQ DEC25,20s,20,5712,2025-11-13 09:24:20,25483,25484.25,25479,25479,341,5.25,4,1.25,0,-1,36.15,10.05,38.88333333,8.26
MNQ DEC25,1s,1,260,2025-11-13 09:24:21,25479.25,25479.5,25479,25479.25,14,0.5,0,0.25,0.25,0,,,,
MNQ DEC25,1s,1,261,2025-11-13 09:24:22,25478.75,25479,25478.25,25479,15,0.75,0.25,0,0.5,1,,,,
MNQ DEC25,1s,1,262,2025-11-13 09:24:23,25478.5,25479,25478,25478,18,1,0.5,0.5,0,-1,,,,
MNQ DEC25,1s,1,263,2025-11-13 09:24:24,25478.5,25478.75,25477.5,25478.25,28,1.25,0.25,0.25,0.75,-1,,,,
MNQ DEC25,1s,1,264,2025-11-13 09:24:25,25478.25,25478.75,25477.75,25478,32,1,0.25,0.5,0.25,-1,,,,
MNQ DEC25,1s,1,265,2025-11-13 09:24:26,25478,25478,25478,25478,3,0,0,0,0,0,,,,
MNQ DEC25,1s,1,266,2025-11-13 09:24:27,25478.25,25479.5,25478.25,25478.75,29,1.25,0.5,0.75,0,1,,,,
MNQ DEC25,1s,1,267,2025-11-13 09:24:28,25478.25,25479.75,25478.25,25479.75,14,1.5,1.5,0,0,1,,,,
MNQ DEC25,1s,1,268,2025-11-13 09:24:29,25480,25480,25479.75,25479.75,5,0.25,0.25,0,0,-1,,,,
MNQ DEC25,1s,1,269,2025-11-13 09:24:30,25479.5,25479.5,25478,25478,31,1.5,1.5,0,0,-1,,,,
MNQ DEC25,10s,10,5426,2025-11-13 09:24:30,25479.25,25480,25477.5,25478,189,2.5,1.25,0.75,0.5,-1,20.75,2.4,-11.66666667,0.49
MNQ DEC25,1s,1,270,2025-11-13 09:24:31,25477.75,25478,25477.25,25477.75,22,0.75,0,0.25,0.5,0,,,,
MNQ DEC25,1s,1,271,2025-11-13 09:24:32,25477.75,25479,25477.5,25479,11,1.5,1.25,0,0.25,1,,,,
MNQ DEC25,1s,1,272,2025-11-13 09:24:33,25479.75,25480.5,25479,25479,23,1.5,0.75,0.75,0,-1,,,,
MNQ DEC25,1s,1,273,2025-11-13 09:24:34,25479.25,25479.75,25478.25,25479.25,44,1.5,0,0.5,1,0,,,,
MNQ DEC25,1s,1,274,2025-11-13 09:24:35,25479.5,25480.5,25479.5,25480,17,1,0.5,0.5,0,1,,,,
MNQ DEC25,1s,1,275,2025-11-13 09:24:36,25479.75,25480.25,25479.75,25479.75,6,0.5,0,0.5,0,0,,,,
MNQ DEC25,1s,1,276,2025-11-13 09:24:37,25480.25,25480.5,25479,25479.75,33,1.5,0.5,0.25,0.75,-1,,,,
MNQ DEC25,1s,1,277,2025-11-13 09:24:38,25479.75,25479.75,25479,25479.5,16,0.75,0.25,0,0.5,-1,,,,
MNQ DEC25,1s,1,278,2025-11-13 09:24:39,25479,25479.25,25479,25479.25,6,0.25,0.25,0,0,1,,,,
MNQ DEC25,1s,1,279,2025-11-13 09:24:40,25479.75,25480.25,25479.75,25480.25,8,0.5,0.5,0,0,1,,,,
MNQ DEC25,10s,10,5427,2025-11-13 09:24:40,25477.75,25480.5,25477.25,25480.25,186,3.25,2.5,0.25,0.5,1,-6.85,-27.6,-21.98333333,-9.82
MNQ DEC25,20s,20,5713,2025-11-13 09:24:40,25479.25,25480.5,25477.25,25480.25,375,3.25,1,0.25,2,1,35.1,-1.05,24.48333333,9.87
MNQ DEC25,1s,1,280,2025-11-13 09:24:41,25480.25,25480.25,25479.5,25479.5,7,0.75,0.75,0,0,-1,,,,
MNQ DEC25,1s,1,281,2025-11-13 09:24:42,25480,25480.25,25480,25480.25,6,0.25,0.25,0,0,1,,,,
MNQ DEC25,1s,1,282,2025-11-13 09:24:43,25480,25481,25480,25480.25,17,1,0.25,0.75,0,1,,,,
MNQ DEC25,1s,1,283,2025-11-13 09:24:44,25480.25,25480.25,25480,25480,6,0.25,0.25,0,0,-1,,,,
MNQ DEC25,1s,1,284,2025-11-13 09:24:45,25480,25480.5,25479.5,25479.5,15,1,0.5,0.5,0,-1,,,,
MNQ DEC25,1s,1,285,2025-11-13 09:24:46,25479.25,25479.75,25478.75,25479.25,14,1,0,0.5,0.5,0,,,,
MNQ DEC25,1s,1,286,2025-11-13 09:24:47,25479.75,25479.75,25479.75,25479.75,1,0,0,0,0,0,,,,
MNQ DEC25,1s,1,287,2025-11-13 09:24:48,25480,25480.25,25479.5,25479.75,7,0.75,0.25,0.25,0.25,-1,,,,
MNQ DEC25,1s,1,288,2025-11-13 09:24:49,25480.25,25481.5,25480.25,25481,20,1.25,0.75,0.5,0,1,,,,
MNQ DEC25,1s,1,289,2025-11-13 09:24:50,25480.5,25482,25480.5,25481.75,20,1.5,1.25,0.25,0,1,,,,
MNQ DEC25,10s,10,5428,2025-11-13 09:24:50,25480.25,25482,25478.75,25481.75,113,3.25,1.5,0.25,1.5,1,-14.4,-7.55,-10.91666667,-14.03
MNQ DEC25,1s,1,290,2025-11-13 09:24:51,25481.25,25481.75,25481.25,25481.5,6,0.5,0.25,0.25,0,1,,,,
MNQ DEC25,1s,1,291,2025-11-13 09:24:52,25482,25482.5,25481.25,25481.75,12,1.25,0.25,0.5,0.5,-1,,,,
MNQ DEC25,1s,1,292,2025-11-13 09:24:53,25481.5,25481.75,25481.25,25481.5,13,0.5,0,0.25,0.25,0,,,,
MNQ DEC25,1s,1,293,2025-11-13 09:24:54,25481.25,25481.25,25481,25481,11,0.25,0.25,0,0,-1,,,,
MNQ DEC25,1s,1,294,2025-11-13 09:24:55,25481.25,25481.25,25481.25,25481.25,1,0,0,0,0,0,,,,
MNQ DEC25,1s,1,295,2025-11-13 09:24:56,25481.25,25482.75,25481,25482.25,15,1.75,1,0.5,0.25,1,,,,
MNQ DEC25,1s,1,296,2025-11-13 09:24:57,25482,25482.5,25482,25482.25,10,0.5,0.25,0.25,0,1,,,,
MNQ DEC25,1s,1,297,2025-11-13 09:24:58,25482.5,25482.75,25481.75,25482,19,1,0.5,0.25,0.25,-1,,,,
MNQ DEC25,1s,1,298,2025-11-13 09:24:59,25482,25482,25481,25481.5,16,1,0.5,0,0.5,-1,,,,
MNQ DEC25,1s,1,299,2025-11-13 09:25:00,25480.75,25481,25479.25,25480,38,1.75,0.75,0.25,0.75,-1,,,,
MNQ DEC25,10s,10,5429,2025-11-13 09:25:00,25481.25,25482.75,25479.25,25480,141,3.5,1.25,1.5,0.75,-1,-15.9,-1.5,-12.21666667,-15
MNQ DEC25,20s,20,5714,2025-11-13 09:25:00,25480.25,25482.75,25478.75,25480,254,4,0.25,2.5,1.25,-1,58.2,23.1,10.7,27.74
MNQ DEC25,1s,1,300,2025-11-13 09:25:01,25480.75,25483.5,25479.75,25481.5,513,3.75,0.75,2,1,1,,,,
MNQ DEC25,1s,1,301,2025-11-13 09:25:02,25481,25483,25481,25482.5,16,2,1.5,0.5,0,1,,,,
MNQ DEC25,1s,1,302,2025-11-13 09:25:03,25482,25482.5,25481.25,25481.75,15,1.25,0.25,0.5,0.5,-1,,,,
MNQ DEC25,1s,1,303,2025-11-13 09:25:04,25482,25482,25479.75,25479.75,14,2.25,2.25,0,0,-1,,,,
MNQ DEC25,1s,1,304,2025-11-13 09:25:05,25479.5,25479.5,25478.5,25478.5,19,1,1,0,0,-1,,,,
MNQ DEC25,1s,1,305,2025-11-13 09:25:06,25478.5,25479.5,25478.5,25479.5,12,1,1,0,0,1,,,,
MNQ DEC25,1s,1,306,2025-11-13 09:25:07,25478.75,25480.25,25478,25478,63,2.25,0.75,1.5,0,-1,,,,
MNQ DEC25,1s,1,307,2025-11-13 09:25:08,25477.5,25477.5,25474.75,25476.5,169,2.75,1,0,1.75,-1,,,,
MNQ DEC25,1s,1,308,2025-11-13 09:25:09,25477,25477,25475.25,25475.25,29,1.75,1.75,0,0,-1,,,,
MNQ DEC25,1s,1,309,2025-11-13 09:25:10,25475.5,25476.5,25475.25,25476,21,1.25,0.5,0.5,0.25,1,,,,
MNQ DEC25,10s,10,5430,2025-11-13 09:25:10,25480.75,25483.5,25474.75,25476,871,8.75,4.75,2.75,1.25,-1,88.1,104,31.65,13.95
MNQ DEC25,1s,1,310,2025-11-13 09:25:11,25476.25,25476.5,25475,25475,31,1.5,1.25,0.25,0,-1,,,,
MNQ DEC25,1s,1,311,2025-11-13 09:25:12,25475,25475.75,25475,25475.5,7,0.75,0.5,0.25,0,1,,,,
MNQ DEC25,1s,1,312,2025-11-13 09:25:13,25475.75,25477.5,25475.75,25475.75,31,1.75,0,1.75,0,0,,,,
MNQ DEC25,1s,1,313,2025-11-13 09:25:14,25476,25477.75,25476,25477.75,25,1.75,1.75,0,0,1,,,,
MNQ DEC25,1s,1,314,2025-11-13 09:25:15,25477.5,25480.75,25477.5,25480,56,3.25,2.5,0.75,0,1,,,,
MNQ DEC25,1s,1,315,2025-11-13 09:25:16,25480.75,25483,25480.5,25483,32,2.5,2.25,0,0.25,1,,,,
MNQ DEC25,1s,1,316,2025-11-13 09:25:17,25483.75,25485.75,25483.5,25485.75,108,2.25,2,0,0.25,1,,,,
MNQ DEC25,1s,1,317,2025-11-13 09:25:18,25485.25,25487.5,25485.25,25487.25,114,2.25,2,0.25,0,1,,,,
MNQ DEC25,1s,1,318,2025-11-13 09:25:19,25487.5,25488.5,25486.5,25487.75,100,2,0.25,0.75,1,1,,,,
MNQ DEC25,1s,1,319,2025-11-13 09:25:20,25487.75,25491.5,25487.5,25490.5,144,4,2.75,1,0.25,1,,,,
MNQ DEC25,10s,10,5431,2025-11-13 09:25:20,25476.25,25491.5,25475,25490.5,648,16.5,14.25,1,1.25,1,154.3,66.2,56.23333333,26.71
MNQ DEC25,20s,20,5715,2025-11-13 09:25:20,25480.75,25491.5,25474.75,25490.5,1519,16.75,9.75,1,6,1,190.05,131.85,51.3,45.68
MNQ DEC25,1s,1,320,2025-11-13 09:25:21,25491,25491.25,25489.75,25490.5,59,1.5,0.5,0.25,0.75,-1,,,,
MNQ DEC25,1s,1,321,2025-11-13 09:25:22,25490,25496.25,25490,25495.75,292,6.25,5.75,0.5,0,1,,,,
MNQ DEC25,1s,1,322,2025-11-13 09:25:23,25495.25,25495.5,25494.25,25494.75,59,1.25,0.5,0.25,0.5,-1,,,,
MNQ DEC25,1s,1,323,2025-11-13 09:25:24,25494.75,25495,25492.75,25493,71,2.25,1.75,0.25,0.25,-1,,,,
MNQ DEC25,1s,1,324,2025-11-13 09:25:25,25493.5,25494,25492.75,25492.75,65,1.25,0.75,0.5,0,-1,,,,
MNQ DEC25,1s,1,325,2025-11-13 09:25:26,25492.75,25493.5,25492.25,25492.25,38,1.25,0.5,0.75,0,-1,,,,
MNQ DEC25,1s,1,326,2025-11-13 09:25:27,25492.25,25492.75,25491,25491,48,1.75,1.25,0.5,0,-1,,,,
MNQ DEC25,1s,1,327,2025-11-13 09:25:28,25491.25,25492,25491.25,25491.75,29,0.75,0.5,0.25,0,1,,,,
MNQ DEC25,1s,1,328,2025-11-13 09:25:29,25491.25,25491.5,25490.25,25490.25,42,1.25,1,0.25,0,-1,,,,
MNQ DEC25,1s,1,329,2025-11-13 09:25:30,25490.25,25490.5,25489.25,25490.25,40,1.25,0,0.25,1,0,,,,
MNQ DEC25,10s,10,5432,2025-11-13 09:25:30,25491,25496.25,25489.25,25490.25,743,7,0.75,5.25,1,-1,234,79.7,83.3,48.17
MNQ DEC25,1s,1,330,2025-11-13 09:25:31,25490,25490.75,25489,25489.5,49,1.75,0.5,0.75,0.5,-1,,,,
MNQ DEC25,1s,1,331,2025-11-13 09:25:32,25489,25489.75,25489,25489,15,0.75,0,0.75,0,0,,,,
MNQ DEC25,1s,1,332,2025-11-13 09:25:33,25488.5,25489,25487.75,25487.75,32,1.25,0.75,0.5,0,-1,,,,
MNQ DEC25,1s,1,333,2025-11-13 09:25:34,25488,25489,25487.75,25488.75,33,1.25,0.75,0.25,0.25,1,,,,
MNQ DEC25,1s,1,334,2025-11-13 09:25:35,25488.75,25488.75,25487.75,25487.75,22,1,1,0,0,-1,,,,
MNQ DEC25,1s,1,335,2025-11-13 09:25:36,25488,25488,25487,25487,8,1,1,0,0,-1,,,,
MNQ DEC25,1s,1,336,2025-11-13 09:25:37,25487.75,25488.5,25487.25,25488.5,23,1.25,0.75,0,0.5,1,,,,
MNQ DEC25,1s,1,337,2025-11-13 09:25:38,25488.25,25489.75,25488.25,25488.75,23,1.5,0.5,1,0,1,,,,
MNQ DEC25,1s,1,338,2025-11-13 09:25:39,25488.75,25489,25488.25,25488.5,22,0.75,0.25,0.25,0.25,-1,,,,
MNQ DEC25,1s,1,339,2025-11-13 09:25:40,25488,25488.5,25488,25488.5,3,0.5,0.5,0,0,1,,,,
MNQ DEC25,10s,10,5433,2025-11-13 09:25:40,25490,25490.75,25487,25488.5,230,3.75,1.5,0.75,1.5,-1,248.8,14.8,53.56666667,52.64
MNQ DEC25,20s,20,5716,2025-11-13 09:25:40,25491,25496.25,25487,25488.5,973,9.25,2.5,5.25,1.5,-1,238.7,48.65,67.86666667,42.52
MNQ DEC25,1s,1,340,2025-11-13 09:25:41,25488.75,25490.75,25488.75,25490.5,55,2,1.75,0.25,0,1,,,,
MNQ DEC25,1s,1,341,2025-11-13 09:25:42,25491,25491.75,25490.25,25491.25,42,1.5,0.25,0.5,0.75,1,,,,
MNQ DEC25,1s,1,342,2025-11-13 09:25:43,25490.75,25492,25490.5,25490.5,24,1.5,0.25,1.25,0,-1,,,,
MNQ DEC25,1s,1,343,2025-11-13 09:25:44,25490.75,25491.5,25490.75,25491,18,0.75,0.25,0.5,0,1,,,,
MNQ DEC25,1s,1,344,2025-11-13 09:25:45,25490.5,25490.5,25489.5,25490.5,19,1,0,0,1,0,,,,
MNQ DEC25,1s,1,345,2025-11-13 09:25:46,25490.25,25490.5,25488.75,25488.75,16,1.75,1.5,0.25,0,-1,,,,
MNQ DEC25,1s,1,346,2025-11-13 09:25:47,25489.5,25490.25,25489.5,25490.25,10,0.75,0.75,0,0,1,,,,
MNQ DEC25,1s,1,347,2025-11-13 09:25:48,25490.25,25490.25,25489.5,25490.25,15,0.75,0,0,0.75,0,,,,
MNQ DEC25,1s,1,348,2025-11-13 09:25:49,25490.5,25490.5,25488.5,25489,24,2,1.5,0,0.5,-1,,,,
MNQ DEC25,1s,1,349,2025-11-13 09:25:50,25489,25489,25488.25,25488.75,6,0.75,0.25,0,0.5,-1,,,,
MNQ DEC25,10s,10,5434,2025-11-13 09:25:50,25488.75,25492,25488.25,25488.75,229,3.75,0,3.25,0.5,0,265.25,16.45,36.98333333,56.23
MNQ DEC25,1s,1,350,2025-11-13 09:25:51,25488.25,25488.25,25486.5,25486.5,29,1.75,1.75,0,0,-1,,,,
MNQ DEC25,1s,1,351,2025-11-13 09:25:52,25487,25487,25486.5,25486.75,10,0.5,0.25,0,0.25,-1,,,,
MNQ DEC25,1s,1,352,2025-11-13 09:25:53,25486.75,25488.75,25486.5,25488.5,23,2.25,1.75,0.25,0.25,1,,,,
MNQ DEC25,1s,1,353,2025-11-13 09:25:54,25489,25489,25488.5,25488.75,11,0.5,0.25,0,0.25,-1,,,,
MNQ DEC25,1s,1,354,2025-11-13 09:25:55,25488.25,25489.5,25488.25,25489,30,1.25,0.75,0.5,0,1,,,,
MNQ DEC25,1s,1,355,2025-11-13 09:25:56,25489.25,25490,25489,25490,36,1,0.75,0,0.25,1,,,,
MNQ DEC25,1s,1,356,2025-11-13 09:25:57,25489.75,25490,25486.75,25487.25,73,3.25,2.5,0.25,0.5,-1,,,,
MNQ DEC25,1s,1,357,2025-11-13 09:25:58,25487,25487.25,25486.5,25486.5,11,0.75,0.5,0.25,0,-1,,,,
MNQ DEC25,1s,1,358,2025-11-13 09:25:59,25486.25,25487,25486.25,25486.5,17,0.75,0.25,0.5,0,1,,,,
MNQ DEC25,1s,1,359,2025-11-13 09:26:00,25487.25,25487.25,25485.5,25485.5,18,1.75,1.75,0,0,-1,,,,
MNQ DEC25,10s,10,5435,2025-11-13 09:26:00,25488.25,25490,25485.5,25485.5,258,4.5,2.75,1.75,0,-1,135.1,-130.15,-32.96666667,9.4
MNQ DEC25,20s,20,5717,2025-11-13 09:26:00,25488.75,25492,25485.5,25485.5,487,6.5,3.25,3.25,0,-1,261.05,22.35,67.61666667,44.98
MNQ DEC25,1s,1,360,2025-11-13 09:26:01,25486.25,25487.25,25486.25,25487.25,20,1,1,0,0,1,,,,
MNQ DEC25,1s,1,361,2025-11-13 09:26:02,25487.5,25487.75,25486.25,25487,18,1.5,0.5,0.25,0.75,-1,,,,
MNQ DEC25,1s,1,362,2025-11-13 09:26:03,25486.25,25486.5,25485,25485,17,1.5,1.25,0.25,0,-1,,,,
MNQ DEC25,1s,1,363,2025-11-13 09:26:04,25485,25485,25483.25,25483.75,54,1.75,1.25,0,0.5,-1,,,,
MNQ DEC25,1s,1,364,2025-11-13 09:26:05,25483.75,25484,25482.75,25484,45,1.25,0.25,0,1,1,,,,
MNQ DEC25,1s,1,365,2025-11-13 09:26:06,25484.25,25484.25,25484,25484,11,0.25,0.25,0,0,-1,,,,
MNQ DEC25,1s,1,366,2025-11-13 09:26:07,25484,25484.5,25483,25483,18,1.5,1,0.5,0,-1,,,,
MNQ DEC25,1s,1,367,2025-11-13 09:26:08,25482.5,25484,25482.5,25482.5,44,1.5,0,1.5,0,0,,,,
MNQ DEC25,1s,1,368,2025-11-13 09:26:09,25482.25,25484,25481.75,25483.5,39,2.25,1.25,0.5,0.5,1,,,,
MNQ DEC25,1s,1,369,2025-11-13 09:26:10,25483.5,25484.25,25483.5,25484,7,0.75,0.5,0.25,0,1,,,,
MNQ DEC25,10s,10,5436,2025-11-13 09:26:10,25486.25,25487.75,25481.75,25484,273,6,2.25,1.5,2.25,-1,56.9,-78.2,-63.96666667,-19.48
MNQ DEC25,1s,1,370,2025-11-13 09:26:11,25484.5,25484.5,25483.25,25483.25,23,1.25,1.25,0,0,-1,,,,
MNQ DEC25,1s,1,371,2025-11-13 09:26:12,25483.75,25485,25483.25,25485,31,1.75,1.25,0,0.5,1,,,,
MNQ DEC25,1s,1,372,2025-11-13 09:26:13,25484.75,25487.5,25484.5,25487.5,29,3,2.75,0,0.25,1,,,,
MNQ DEC25,1s,1,373,2025-11-13 09:26:14,25487,25487,25485,25485.25,23,2,1.75,0,0.25,-1,,,,
MNQ DEC25,1s,1,374,2025-11-13 09:26:15,25484.75,25485.25,25484.5,25484.75,13,0.75,0,0.5,0.25,0,,,,
MNQ DEC25,1s,1,375,2025-11-13 09:26:16,25485.25,25485.25,25484.5,25485,20,0.75,0.25,0,0.5,-1,,,,
MNQ DEC25,1s,1,376,2025-11-13 09:26:17,25485.25,25485.75,25484.75,25485.75,12,1,0.5,0,0.5,1,,,,
MNQ DEC25,1s,1,377,2025-11-13 09:26:18,25485.75,25486.25,25485,25486.25,14,1.25,0.5,0,0.75,1,,,,
MNQ DEC25,1s,1,378,2025-11-13 09:26:19,25485.75,25485.75,25484,25484.25,25,1.75,1.5,0,0.25,-1,,,,
MNQ DEC25,1s,1,379,2025-11-13 09:26:20,25483.5,25484,25483.5,25484,12,0.5,0.5,0,0,1,,,,
MNQ DEC25,10s,10,5437,2025-11-13 09:26:20,25484.5,25487.5,25483.25,25484,202,4.25,0.5,3,0.75,-1,-53.45,-110.35,-106.23333333,-57.49
MNQ DEC25,20s,20,5718,2025-11-13 09:26:20,25486.25,25487.75,25481.75,25484,475,6,2.25,1.5,2.25,-1,271.7,10.65,27.21666667,47.32
MNQ DEC25,1s,1,380,2025-11-13 09:26:21,25484.25,25485.75,25484.25,25485.5,12,1.5,1.25,0.25,0,1,,,,
MNQ DEC25,1s,1,381,2025-11-13 09:26:22,25485.5,25485.5,25484.5,25485,15,1,0.5,0,0.5,-1,,,,
MNQ DEC25,1s,1,382,2025-11-13 09:26:23,25485,25485.25,25484.75,25484.75,13,0.5,0.25,0.25,0,-1,,,,
MNQ DEC25,1s,1,383,2025-11-13 09:26:24,25485.25,25486.25,25485.25,25485.75,12,1,0.5,0.5,0,1,,,,
MNQ DEC25,1s,1,384,2025-11-13 09:26:25,25486,25486,25484,25484,32,2,2,0,0,-1,,,,
MNQ DEC25,1s,1,385,2025-11-13 09:26:26,25484.5,25486.25,25484.5,25486,15,1.75,1.5,0.25,0,1,,,,
MNQ DEC25,1s,1,386,2025-11-13 09:26:27,25486,25486.25,25485.5,25485.5,11,0.75,0.5,0.25,0,-1,,,,
MNQ DEC25,1s,1,387,2025-11-13 09:26:28,25486,25486.75,25486,25486.25,24,0.75,0.25,0.5,0,1,,,,
MNQ DEC25,1s,1,388,2025-11-13 09:26:29,25485.5,25486.75,25485.5,25486.75,38,1.25,1.25,0,0,1,,,,
MNQ DEC25,1s,1,389,2025-11-13 09:26:30,25485.75,25485.75,25485.25,25485.5,12,0.5,0.25,0,0.25,-1,,,,
MNQ DEC25,10s,10,5438,2025-11-13 09:26:30,25484.25,25486.75,25484,25485.5,184,2.75,1.25,1.25,0.25,1,-65.05,-11.6,-66.71666667,-62.77
MNQ DEC25,1s,1,390,2025-11-13 09:26:31,25485.75,25485.75,25484.75,25484.75,6,1,1,0,0,-1,,,,
MNQ DEC25,1s,1,391,2025-11-13 09:26:32,25485.5,25485.5,25484.5,25484.75,7,1,0.75,0,0.25,-1,,,,
MNQ DEC25,1s,1,392,2025-11-13 09:26:33,25485.25,25485.25,25485.25,25485.25,1,0,0,0,0,0,,,,
MNQ DEC25,1s,1,393,2025-11-13 09:26:34,25485.5,25486.5,25485.5,25486,22,1,0.5,0.5,0,1,,,,
MNQ DEC25,1s,1,394,2025-11-13 09:26:35,25486,25486.25,25486,25486.25,2,0.25,0.25,0,0,1,,,,
MNQ DEC25,1s,1,395,2025-11-13 09:26:36,25485.5,25486,25485.5,25485.75,5,0.5,0.25,0.25,0,1,,,,
MNQ DEC25,1s,1,396,2025-11-13 09:26:37,25486.25,25486.25,25485.5,25485.75,4,0.75,0.5,0,0.25,-1,,,,
MNQ DEC25,1s,1,397,2025-11-13 09:26:38,25485.75,25486.25,25485.5,25485.5,4,0.75,0.25,0.5,0,-1,,,,
MNQ DEC25,1s,1,398,2025-11-13 09:26:39,25485.5,25486.5,25485.5,25485.75,16,1,0.25,0.75,0,1,,,,
MNQ DEC25,1s,1,399,2025-11-13 09:26:40,25486.25,25486.25,25485.5,25485.5,6,0.75,0.75,0,0,-1,,,,
MNQ DEC25,10s,10,5439,2025-11-13 09:26:40,25485.75,25486.5,25484.5,25485.5,73,2,0.25,0.75,1,-1,-92.25,-27.2,-49.71666667,-71.5
MNQ DEC25,20s,20,5719,2025-11-13 09:26:40,25484.25,25486.75,25484,25485.5,257,2.75,1.25,1.25,0.25,1,280.25,8.55,13.85,44.41
MNQ DEC25,1s,1,400,2025-11-13 09:26:41,25485,25485,25483.75,25484.25,39,1.25,0.75,0,0.5,-1,,,,
MNQ DEC25,1s,1,401,2025-11-13 09:26:42,25484.25,25484.5,25484,25484.5,7,0.5,0.25,0,0.25,1,,,,
MNQ DEC25,1s,1,402,2025-11-13 09:26:43,25484.5,25484.5,25483.25,25483.75,13,1.25,0.75,0,0.5,-1,,,,
MNQ DEC25,1s,1,403,2025-11-13 09:26:44,25483.25,25483.25,25482.5,25482.5,24,0.75,0.75,0,0,-1,,,,
MNQ DEC25,1s,1,404,2025-11-13 09:26:45,25482.25,25484.75,25482.25,25484.5,22,2.5,2.25,0.25,0,1,,,,
MNQ DEC25,1s,1,405,2025-11-13 09:26:46,25483.75,25483.75,25483.5,25483.5,8,0.25,0.25,0,0,-1,,,,
MNQ DEC25,1s,1,406,2025-11-13 09:26:47,25484,25485,25483.75,25485,21,1.25,1,0,0.25,1,,,,
MNQ DEC25,1s,1,407,2025-11-13 09:26:48,25484.75,25486,25484.25,25484.25,15,1.75,0.5,1.25,0,-1,,,,
MNQ DEC25,1s,1,408,2025-11-13 09:26:49,25484,25484.5,25484,25484,5,0.5,0,0.5,0,0,,,,
MNQ DEC25,1s,1,409,2025-11-13 09:26:50,25484,25484,25483.75,25483.75,7,0.25,0.25,0,0,-1,,,,
MNQ DEC25,10s,10,5440,2025-11-13 09:26:50,25485,25486,25482.25,25483.75,161,3.75,1.25,1,1.5,-1,-101.2,-8.95,-15.91666667,-47.26
MNQ DEC25,1s,1,410,2025-11-13 09:26:51,25484.25,25488.75,25484.25,25487,93,4.5,2.75,1.75,0,1,,,,
MNQ DEC25,1s,1,411,2025-11-13 09:26:52,25487.5,25487.75,25486.75,25487.75,18,1,0.25,0,0.75,1,,,,
MNQ DEC25,1s,1,412,2025-11-13 09:26:53,25487.75,25488.25,25487.25,25488.25,14,1,0.5,0,0.5,1,,,,
MNQ DEC25,1s,1,413,2025-11-13 09:26:54,25488.25,25488.25,25487.25,25487.25,22,1,1,0,0,-1,,,,
MNQ DEC25,1s,1,414,2025-11-13 09:26:55,25487.25,25487.25,25486.25,25486.25,13,1,1,0,0,-1,,,,
MNQ DEC25,1s,1,415,2025-11-13 09:26:56,25486,25487,25486,25486.5,7,1,0.5,0.5,0,1,,,,
MNQ DEC25,1s,1,416,2025-11-13 09:26:57,25486.25,25487.25,25486.25,25487.25,10,1,1,0,0,1,,,,
MNQ DEC25,1s,1,417,2025-11-13 09:26:58,25486.75,25487.25,25486.75,25486.75,4,0.5,0,0.5,0,0,,,,
MNQ DEC25,1s,1,418,2025-11-13 09:26:59,25487,25490,25487,25489.75,56,3,2.75,0.25,0,1,,,,
MNQ DEC25,1s,1,419,2025-11-13 09:27:00,25489.5,25490,25489.5,25489.5,10,0.5,0,0.5,0,0,,,,
MNQ DEC25,10s,10,5441,2025-11-13 09:27:00,25484.25,25490,25484.25,25489.5,247,5.75,5.25,0.5,0,1,-109.6,-8.4,-14.85,-33.3
MNQ DEC25,20s,20,5720,2025-11-13 09:27:00,25485,25490,25482.25,25489.5,408,7.75,4.5,0.5,2.75,1,55.1,-225.15,-68.65,-26.99
MNQ DEC25,1s,1,420,2025-11-13 09:27:01,25489.75,25491.75,25489.5,25490.5,58,2.25,0.75,1.25,0.25,1,,,,
MNQ DEC25,1s,1,421,2025-11-13 09:27:02,25491.5,25491.75,25490.75,25491,48,1,0.5,0.25,0.25,-1,,,,
MNQ DEC25,1s,1,422,2025-11-13 09:27:03,25491,25491,25490,25490.75,25,1,0.25,0,0.75,-1,,,,
MNQ DEC25,1s,1,423,2025-11-13 09:27:04,25491,25492,25490.5,25491.75,27,1.5,0.75,0.25,0.5,1,,,,
MNQ DEC25,1s,1,424,2025-11-13 09:27:05,25491.25,25492.25,25491.25,25491.5,19,1,0.25,0.75,0,1,,,,
MNQ DEC25,1s,1,425,2025-11-13 09:27:06,25491,25491.75,25491,25491.75,7,0.75,0.75,0,0,1,,,,
MNQ DEC25,1s,1,426,2025-11-13 09:27:07,25492,25493.25,25492,25492.5,29,1.25,0.5,0.75,0,1,,,,
MNQ DEC25,1s,1,427,2025-11-13 09:27:08,25492.25,25493,25492,25492,22,1,0.25,0.75,0,-1,,,,
MNQ DEC25,1s,1,428,2025-11-13 09:27:09,25492.5,25492.5,25491.5,25491.5,22,1,1,0,0,-1,,,,
MNQ DEC25,1s,1,429,2025-11-13 09:27:10,25492,25494,25491.25,25493.5,32,2.75,1.5,0.5,0.75,1,,,,
MNQ DEC25,10s,10,5442,2025-11-13 09:27:10,25489.75,25494,25489.5,25493.5,289,4.5,3.75,0.5,0.25,1,-89.75,19.85,0.83333333,-7.26
MNQ DEC25,1s,1,430,2025-11-13 09:27:11,25494,25494.25,25493,25493.25,24,1.25,0.75,0.25,0.25,-1,,,,
MNQ DEC25,1s,1,431,2025-11-13 09:27:12,25493.5,25493.5,25492,25492,47,1.5,1.5,0,0,-1,,,,
MNQ DEC25,1s,1,432,2025-11-13 09:27:13,25492.25,25492.75,25491.25,25491.75,21,1.5,0.5,0.5,0.5,-1,,,,
MNQ DEC25,1s,1,433,2025-11-13 09:27:14,25491.5,25492,25490.5,25490.5,26,1.5,1,0.5,0,-1,,,,
MNQ DEC25,1s,1,434,2025-11-13 09:27:15,25491.25,25491.75,25490.75,25490.75,16,1,0.5,0.5,0,-1,,,,
MNQ DEC25,1s,1,435,2025-11-13 09:27:16,25490.5,25491.25,25490.5,25491.25,4,0.75,0.75,0,0,1,,,,
MNQ DEC25,1s,1,436,2025-11-13 09:27:17,25491.25,25491.5,25490.75,25490.75,22,0.75,0.5,0.25,0,-1,,,,
MNQ DEC25,1s,1,437,2025-11-13 09:27:18,25491.25,25492,25490.75,25491.25,31,1.25,0,0.75,0.5,0,,,,
MNQ DEC25,1s,1,438,2025-11-13 09:27:19,25491.5,25491.5,25489.5,25489.5,30,2,2,0,0,-1,,,,
MNQ DEC25,1s,1,439,2025-11-13 09:27:20,25489.25,25489.25,25488,25488.75,24,1.25,0.5,0,0.75,-1,,,,
MNQ DEC25,10s,10,5443,2025-11-13 09:27:20,25494,25494.25,25488,25488.75,245,6.25,5.25,0.25,0.75,-1,-78.15,11.6,7.68333333,-2.62
MNQ DEC25,20s,20,5721,2025-11-13 09:27:20,25489.75,25494.25,25488,25488.75,534,6.25,1,4.5,0.75,-1,-48.6,-103.7,-106.76666667,-57.46
MNQ DEC25,1s,1,440,2025-11-13 09:27:21,25489,25489.75,25488.25,25489.75,17,1.5,0.75,0,0.75,1,,,,
MNQ DEC25,1s,1,441,2025-11-13 09:27:22,25489.25,25490,25489,25489.75,17,1,0.5,0.25,0.25,1,,,,
MNQ DEC25,1s,1,442,2025-11-13 09:27:23,25489.5,25490,25489.25,25490,6,0.75,0.5,0,0.25,1,,,,
MNQ DEC25,1s,1,443,2025-11-13 09:27:24,25489.5,25489.5,25488.5,25489.25,31,1,0.25,0,0.75,-1,,,,
MNQ DEC25,1s,1,444,2025-11-13 09:27:25,25490,25490.5,25489.75,25490.5,11,0.75,0.5,0,0.25,1,,,,
MNQ DEC25,1s,1,445,2025-11-13 09:27:26,25490.5,25491.25,25486.75,25487,64,4.5,3.5,0.75,0.25,-1,,,,
MNQ DEC25,1s,1,446,2025-11-13 09:27:27,25487,25488,25486.5,25488,22,1.5,1,0,0.5,1,,,,
MNQ DEC25,1s,1,447,2025-11-13 09:27:28,25488.25,25488.25,25487.5,25487.75,36,0.75,0.5,0,0.25,-1,,,,
MNQ DEC25,1s,1,448,2025-11-13 09:27:29,25487.5,25488,25485.5,25486,59,2.5,1.5,0.5,0.5,-1,,,,
MNQ DEC25,1s,1,449,2025-11-13 09:27:30,25485.75,25486.5,25484.25,25485,45,2.25,0.75,0.75,0.75,-1,,,,
MNQ DEC25,10s,10,5444,2025-11-13 09:27:30,25489,25491.25,25484.25,25485,308,7,4,2.25,0.75,-1,-38,40.15,23.86666667,10.85
MNQ DEC25,1s,1,450,2025-11-13 09:27:31,25484.5,25485.25,25484,25484.25,22,1.25,0.25,0.75,0.25,-1,,,,
MNQ DEC25,1s,1,451,2025-11-13 09:27:32,25484,25484,25483.25,25484,27,0.75,0,0,0.75,0,,,,
MNQ DEC25,1s,1,452,2025-11-13 09:27:33,25483.75,25484.25,25483.25,25484.25,18,1,0.5,0,0.5,1,,,,
MNQ DEC25,1s,1,453,2025-11-13 09:27:34,25484.25,25486,25484,25486,17,2,1.75,0,0.25,1,,,,
MNQ DEC25,1s,1,454,2025-11-13 09:27:35,25485.25,25485.5,25484.75,25485.5,16,0.75,0.25,0,0.5,1,,,,
MNQ DEC25,1s,1,455,2025-11-13 09:27:36,25484.75,25484.75,25483.75,25484.25,12,1,0.5,0,0.5,-1,,,,
MNQ DEC25,1s,1,456,2025-11-13 09:27:37,25484.25,25484.75,25483.75,25484,15,1,0.25,0.5,0.25,-1,,,,
MNQ DEC25,1s,1,457,2025-11-13 09:27:38,25483.75,25484,25483,25483,6,1,0.75,0.25,0,-1,,,,
MNQ DEC25,1s,1,458,2025-11-13 09:27:39,25483.25,25483.5,25482.75,25483.5,13,0.75,0.25,0,0.5,1,,,,
MNQ DEC25,1s,1,459,2025-11-13 09:27:40,25483.5,25483.5,25483,25483,6,0.5,0.5,0,0,-1,,,,
MNQ DEC25,10s,10,5445,2025-11-13 09:27:40,25484.5,25486,25482.75,25483,152,3.25,1.5,1.5,0.25,-1,-38.9,-0.9,16.95,12.46
MNQ DEC25,20s,20,5722,2025-11-13 09:27:40,25489,25491.25,25482.75,25483,460,8.5,6,2.25,0.25,-1,-60.95,-12.35,-113.73333333,-64.4
MNQ DEC25,1s,1,460,2025-11-13 09:27:41,25483,25483,25472.75,25474.5,320,10.25,8.5,0,1.75,-1,,,,
MNQ DEC25,1s,1,461,2025-11-13 09:27:42,25474.25,25475.75,25473.25,25475.25,79,2.5,1,0.5,1,1,,,,
MNQ DEC25,1s,1,462,2025-11-13 09:27:43,25475.25,25476.25,25474.25,25474.75,56,2,0.5,1,0.5,-1,,,,
MNQ DEC25,1s,1,463,2025-11-13 09:27:44,25475,25475.25,25471.5,25472,102,3.75,3,0.25,0.5,-1,,,,
MNQ DEC25,1s,1,464,2025-11-13 09:27:45,25472.25,25472.75,25470.25,25472,127,2.5,0.25,0.5,1.75,-1,,,,
MNQ DEC25,1s,1,465,2025-11-13 09:27:46,25471.75,25472.25,25470.5,25471.75,94,1.75,0,0.5,1.25,0,,,,
MNQ DEC25,1s,1,466,2025-11-13 09:27:47,25472.25,25473.25,25472.25,25473.25,63,1,1,0,0,1,,,,
MNQ DEC25,1s,1,467,2025-11-13 09:27:48,25472.75,25473.75,25472,25473,51,1.75,0.25,0.75,0.75,1,,,,
MNQ DEC25,1s,1,468,2025-11-13 09:27:49,25472.5,25472.5,25471.5,25471.5,19,1,1,0,0,-1,,,,
MNQ DEC25,1s,1,469,2025-11-13 09:27:50,25472.25,25473,25471.5,25472.25,56,1.5,0,0.75,0.75,0,,,,
MNQ DEC25,10s,10,5446,2025-11-13 09:27:50,25483,25483,25470.25,25472.25,967,12.75,10.75,0,2,-1,66.2,105.1,48.11666667,35.16
MNQ DEC25,1s,1,470,2025-11-13 09:27:51,25472.25,25472.75,25468.5,25468.5,164,4.25,3.75,0.5,0,-1,,,,
MNQ DEC25,1s,1,471,2025-11-13 09:27:52,25468.75,25471.25,25468.75,25471.25,53,2.5,2.5,0,0,1,,,,
MNQ DEC25,1s,1,472,2025-11-13 09:27:53,25471.5,25471.5,25469.25,25469.25,25,2.25,2.25,0,0,-1,,,,
MNQ DEC25,1s,1,473,2025-11-13 09:27:54,25469.75,25470.25,25468,25469.25,81,2.25,0.5,0.5,1.25,-1,,,,
MNQ DEC25,1s,1,474,2025-11-13 09:27:55,25469.25,25469.5,25468,25468.5,66,1.5,0.75,0.25,0.5,-1,,,,
MNQ DEC25,1s,1,475,2025-11-13 09:27:56,25468.5,25469.5,25467,25469,62,2.5,0.5,0.5,1.5,1,,,,
MNQ DEC25,1s,1,476,2025-11-13 09:27:57,25469.25,25470,25468,25468,34,2,1.25,0.75,0,-1,,,,
MNQ DEC25,1s,1,477,2025-11-13 09:27:58,25468.5,25469.25,25468.25,25468.5,38,1,0,0.75,0.25,0,,,,
MNQ DEC25,1s,1,478,2025-11-13 09:27:59,25469,25470.25,25468.5,25470,68,1.75,1,0.25,0.5,1,,,,
MNQ DEC25,1s,1,479,2025-11-13 09:28:00,25469.5,25471,25468.25,25468.25,75,2.75,1.25,1.5,0,-1,,,,
MNQ DEC25,10s,10,5447,2025-11-13 09:28:00,25472.25,25472.75,25467,25468.25,666,5.75,4,0.5,1.25,-1,117.6,51.4,51.86666667,41.47
MNQ DEC25,20s,20,5723,2025-11-13 09:28:00,25483,25483,25467,25468.25,1633,16,14.75,0,1.25,-1,111.75,172.7,18.88333333,-31.99
MNQ DEC25,1s,1,480,2025-11-13 09:28:01,25469.25,25475.75,25467.25,25470.5,448,8.5,1.25,5.25,2,1,,,,
MNQ DEC25,1s,1,481,2025-11-13 09:28:02,25470.5,25471,25469,25469.5,49,2,1,0.5,0.5,-1,,,,
MNQ DEC25,1s,1,482,2025-11-13 09:28:03,25469.25,25469.75,25467.75,25468.25,46,2,1,0.5,0.5,-1,,,,
MNQ DEC25,1s,1,483,2025-11-13 09:28:04,25468.25,25472.25,25468.25,25470.5,72,4,2.25,1.75,0,1,,,,
MNQ DEC25,1s,1,484,2025-11-13 09:28:05,25471.25,25471.5,25470,25470.25,38,1.5,1,0.25,0.25,-1,,,,
MNQ DEC25,1s,1,485,2025-11-13 09:28:06,25471.25,25471.5,25471,25471.5,7,0.5,0.25,0,0.25,1,,,,
MNQ DEC25,1s,1,486,2025-11-13 09:28:07,25471.5,25471.5,25469.5,25469.75,23,2,1.75,0,0.25,-1,,,,
MNQ DEC25,1s,1,487,2025-11-13 09:28:08,25470.5,25471.5,25470,25471.25,22,1.5,0.75,0.25,0.5,1,,,,
MNQ DEC25,1s,1,488,2025-11-13 09:28:09,25471,25473.25,25470.25,25472.25,39,3,1.25,1,0.75,1,,,,
MNQ DEC25,1s,1,489,2025-11-13 09:28:10,25471.75,25472.25,25470.75,25470.75,14,1.5,1,0.5,0,-1,,,,
MNQ DEC25,10s,10,5448,2025-11-13 09:28:10,25469.25,25475.75,25467.25,25470.75,758,8.5,1.5,5,2,1,187.95,70.35,75.61666667,53.22
MNQ DEC25,1s,1,490,2025-11-13 09:28:11,25470.75,25471.25,25469,25469.25,44,2.25,1.5,0.5,0.25,-1,,,,
MNQ DEC25,1s,1,491,2025-11-13 09:28:12,25469.5,25471.5,25469.5,25470.75,21,2,1.25,0.75,0,1,,,,
MNQ DEC25,1s,1,492,2025-11-13 09:28:13,25471.5,25471.5,25470.5,25471.5,8,1,0,0,1,0,,,,
MNQ DEC25,1s,1,493,2025-11-13 09:28:14,25472,25473,25471.75,25472.5,28,1.25,0.5,0.5,0.25,1,,,,
MNQ DEC25,1s,1,494,2025-11-13 09:28:15,25471.5,25472.75,25471.5,25472,21,1.25,0.5,0.75,0,1,,,,
MNQ DEC25,1s,1,495,2025-11-13 09:28:16,25472.25,25472.5,25471.75,25471.75,10,0.75,0.5,0.25,0,-1,,,,
MNQ DEC25,1s,1,496,2025-11-13 09:28:17,25472,25472.25,25471.25,25471.5,19,1,0.5,0.25,0.25,-1,,,,
MNQ DEC25,1s,1,497,2025-11-13 09:28:18,25471.75,25471.75,25470,25470,17,1.75,1.75,0,0,-1,,,,
MNQ DEC25,1s,1,498,2025-11-13 09:28:19,25470.5,25471.75,25470,25471.75,16,1.75,1.25,0,0.5,1,,,,
MNQ DEC25,1s,1,499,2025-11-13 09:28:20,25471.25,25472,25470,25470,69,2,1.25,0.75,0,-1,,,,
MNQ DEC25,10s,10,5449,2025-11-13 09:28:20,25470.75,25473,25469,25470,253,4,0.75,2.25,1,-1,171.35,-16.6,35.05,41.87
MNQ DEC25,20s,20,5724,2025-11-13 09:28:20,25469.25,25475.75,25467.25,25470,1011,8.5,0.75,5.75,2,1,245.65,133.9,98.08333333,-6.92
MNQ DEC25,1s,1,500,2025-11-13 09:28:21,25469.75,25470,25469.25,25470,12,0.75,0.25,0,0.5,1,,,,
MNQ DEC25,1s,1,501,2025-11-13 09:28:22,25469.75,25469.75,25468.5,25468.75,19,1.25,1,0,0.25,-1,,,,
MNQ DEC25,1s,1,502,2025-11-13 09:28:23,25468.25,25468.25,25466.5,25467.25,55,1.75,1,0,0.75,-1,,,,
MNQ DEC25,1s,1,503,2025-11-13 09:28:24,25467.5,25467.75,25464.25,25466.25,149,3.5,1.25,0.25,2,-1,,,,
MNQ DEC25,1s,1,504,2025-11-13 09:28:25,25466,25466,25461,25462.5,215,5,3.5,0,1.5,-1,,,,
MNQ DEC25,1s,1,505,2025-11-13 09:28:26,25462.75,25463.25,25461,25461.5,71,2.25,1.25,0.5,0.5,-1,,,,
MNQ DEC25,1s,1,506,2025-11-13 09:28:27,25461.5,25462.25,25459.25,25460,140,3,1.5,0.75,0.75,-1,,,,
MNQ DEC25,1s,1,507,2025-11-13 09:28:28,25459.5,25460.25,25455,25456.5,204,5.25,3,0.75,1.5,-1,,,,
MNQ DEC25,1s,1,508,2025-11-13 09:28:29,25456.25,25457.75,25455.75,25455.75,94,2,0.5,1.5,0,-1,,,,
MNQ DEC25,1s,1,509,2025-11-13 09:28:30,25455.75,25457,25455,25455.5,99,2,0.25,1.25,0.5,-1,,,,
MNQ DEC25,10s,10,5450,2025-11-13 09:28:30,25469.75,25470,25455,25455.5,1058,15,14.25,0.25,0.5,-1,343.2,171.85,75.2,76.42
MNQ DEC25,1s,1,510,2025-11-13 09:28:31,25455.25,25458.5,25455.25,25458.5,96,3.25,3.25,0,0,1,,,,
MNQ DEC25,1s,1,511,2025-11-13 09:28:32,25458.25,25460.25,25457.75,25459.5,88,2.5,1.25,0.75,0.5,1,,,,
MNQ DEC25,1s,1,512,2025-11-13 09:28:33,25459.25,25460.25,25457.5,25457.5,38,2.75,1.75,1,0,-1,,,,
MNQ DEC25,1s,1,513,2025-11-13 09:28:34,25458,25458,25456,25456.75,55,2,1.25,0,0.75,-1,,,,
MNQ DEC25,1s,1,514,2025-11-13 09:28:35,25457.25,25458,25456.25,25456.75,54,1.75,0.5,0.75,0.5,-1,,,,
MNQ DEC25,1s,1,515,2025-11-13 09:28:36,25456.5,25457.75,25455.75,25457.75,31,2,1.25,0,0.75,1,,,,
MNQ DEC25,1s,1,516,2025-11-13 09:28:37,25457.75,25458,25456,25456.25,54,2,1.5,0.25,0.25,-1,,,,
MNQ DEC25,1s,1,517,2025-11-13 09:28:38,25455.5,25456.75,25455.5,25456.25,29,1.25,0.75,0.5,0,1,,,,
MNQ DEC25,1s,1,518,2025-11-13 09:28:39,25456.5,25456.75,25455.5,25455.75,37,1.25,0.75,0.25,0.25,-1,,,,
MNQ DEC25,1s,1,519,2025-11-13 09:28:40,25456.5,25456.75,25455,25455.25,39,1.75,1.25,0.25,0.25,-1,,,,
MNQ DEC25,10s,10,5451,2025-11-13 09:28:40,25455.25,25460.25,25455,25455.25,521,5.25,0,5,0.25,0,260.35,-82.85,24.13333333,38.83
MNQ DEC25,20s,20,5725,2025-11-13 09:28:40,25469.75,25470,25455,25455.25,1579,15,14.5,0.25,0.25,-1,415.05,169.4,158.66666667,71.99
MNQ DEC25,1s,1,520,2025-11-13 09:28:41,25455.5,25455.75,25455,25455.75,16,0.75,0.25,0,0.5,1,,,,
MNQ DEC25,1s,1,521,2025-11-13 09:28:42,25456.25,25457,25452,25453,159,5,3.25,0.75,1,-1,,,,
MNQ DEC25,1s,1,522,2025-11-13 09:28:43,25452.75,25453.25,25450.5,25451.5,118,2.75,1.25,0.5,1,-1,,,,
MNQ DEC25,1s,1,523,2025-11-13 09:28:44,25451.75,25453.75,25451.25,25453.75,90,2.5,2,0,0.5,1,,,,
MNQ DEC25,1s,1,524,2025-11-13 09:28:45,25454,25457.25,25454,25456.25,114,3.25,2.25,1,0,1,,,,
MNQ DEC25,1s,1,525,2025-11-13 09:28:46,25455.5,25456.5,25454.75,25456.25,65,1.75,0.75,0.25,0.75,1,,,,
MNQ DEC25,1s,1,526,2025-11-13 09:28:47,25456.75,25457.5,25456.25,25456.25,32,1.25,0.5,0.75,0,-1,,,,
MNQ DEC25,1s,1,527,2025-11-13 09:28:48,25456.25,25456.75,25455.75,25455.75,22,1,0.5,0.5,0,-1,,,,
MNQ DEC25,1s,1,528,2025-11-13 09:28:49,25456.5,25457.25,25454.75,25455.25,11,2.5,1.25,0.75,0.5,-1,,,,
MNQ DEC25,1s,1,529,2025-11-13 09:28:50,25454.75,25457.75,25454.5,25457.75,73,3.25,3,0,0.25,1,,,,
MNQ DEC25,10s,10,5452,2025-11-13 09:28:50,25455.5,25457.75,25450.5,25457.75,700,7.25,2.25,0,5,1,269.3,8.95,32.65,30.34
MNQ DEC25,1s,1,530,2025-11-13 09:28:51,25457,25458.25,25457,25457.25,25,1.25,0.25,1,0,1,,,,
MNQ DEC25,1s,1,531,2025-11-13 09:28:52,25458,25458,25457,25457.25,8,1,0.75,0,0.25,-1,,,,
MNQ DEC25,1s,1,532,2025-11-13 09:28:53,25457.75,25457.75,25457,25457.25,15,0.75,0.5,0,0.25,-1,,,,
MNQ DEC25,1s,1,533,2025-11-13 09:28:54,25456.5,25457.5,25456.25,25457.25,36,1.25,0.75,0.25,0.25,1,,,,
MNQ DEC25,1s,1,534,2025-11-13 09:28:55,25457.75,25458.75,25456.75,25458.5,37,2,0.75,0.25,1,1,,,,
MNQ DEC25,1s,1,535,2025-11-13 09:28:56,25458.5,25459.25,25458.25,25459.25,34,1,0.75,0,0.25,1,,,,
MNQ DEC25,1s,1,536,2025-11-13 09:28:57,25459,25460.5,25459,25460.5,43,1.5,1.5,0,0,1,,,,
MNQ DEC25,1s,1,537,2025-11-13 09:28:58,25460.5,25461.25,25459.75,25460.5,51,1.5,0,0.75,0.75,0,,,,
MNQ DEC25,1s,1,538,2025-11-13 09:28:59,25460.75,25461.5,25459.25,25461.5,72,2.25,0.75,0,1.5,1,,,,
MNQ DEC25,1s,1,539,2025-11-13 09:29:00,25461.25,25464,25461.25,25463,83,2.75,1.75,1,0,1,,,,
MNQ DEC25,10s,10,5453,2025-11-13 09:29:00,25457,25464,25456.25,25463,404,7.75,6,1,0.75,1,189.8,-79.5,-51.13333333,0.37
MNQ DEC25,20s,20,5726,2025-11-13 09:29:00,25455.5,25464,25450.5,25463,1104,13.5,7.5,1,5,1,482.2,67.15,123.48333333,106.16
MNQ DEC25,1s,1,540,2025-11-13 09:29:01,25463,25464.25,25462.75,25462.75,35,1.5,0.25,1.25,0,-1,,,,
MNQ DEC25,1s,1,541,2025-11-13 09:29:02,25463.25,25463.25,25461.25,25461.25,35,2,2,0,0,-1,,,,
MNQ DEC25,1s,1,542,2025-11-13 09:29:03,25461.5,25461.5,25459.75,25461.5,29,1.75,0,0,1.75,0,,,,
MNQ DEC25,1s,1,543,2025-11-13 09:29:04,25462,25462.25,25461,25461,21,1.25,1,0.25,0,-1,,,,
MNQ DEC25,1s,1,544,2025-11-13 09:29:05,25460.5,25461,25459.5,25459.5,33,1.5,1,0.5,0,-1,,,,
MNQ DEC25,1s,1,545,2025-11-13 09:29:06,25459.5,25460.25,25459.25,25459.75,9,1,0.25,0.5,0.25,1,,,,
MNQ DEC25,1s,1,546,2025-11-13 09:29:07,25460.5,25460.75,25459.25,25459.25,22,1.5,1.25,0.25,0,-1,,,,
MNQ DEC25,1s,1,547,2025-11-13 09:29:08,25459.25,25460.5,25458.5,25459.75,10,2,0.5,0.75,0.75,1,,,,
MNQ DEC25,1s,1,548,2025-11-13 09:29:09,25459.75,25460.5,25459,25459.25,18,1.5,0.5,0.75,0.25,-1,,,,
MNQ DEC25,1s,1,549,2025-11-13 09:29:10,25459.75,25461.75,25459.75,25461.75,39,2,2,0,0,1,,,,
MNQ DEC25,10s,10,5454,2025-11-13 09:29:10,25463,25464.25,25458.5,25461.75,251,5.75,1.25,1.25,3.25,-1,188.3,-1.5,-24.01666667,3.39
MNQ DEC25,1s,1,550,2025-11-13 09:29:11,25462.25,25462.75,25461,25462.75,24,1.75,0.5,0,1.25,1,,,,
MNQ DEC25,1s,1,551,2025-11-13 09:29:12,25462.5,25465.25,25462,25465.25,51,3.25,2.75,0,0.5,1,,,,
MNQ DEC25,1s,1,552,2025-11-13 09:29:13,25465.25,25465.5,25462.75,25464,52,2.75,1.25,0.25,1.25,-1,,,,
MNQ DEC25,1s,1,553,2025-11-13 09:29:14,25464.25,25465,25463.75,25464,14,1.25,0.25,0.75,0.25,-1,,,,
MNQ DEC25,1s,1,554,2025-11-13 09:29:15,25464,25467.25,25463,25466.5,95,4.25,2.5,0.75,1,1,,,,
MNQ DEC25,1s,1,555,2025-11-13 09:29:16,25466.25,25467.5,25465,25466.75,57,2.5,0.5,0.75,1.25,1,,,,
MNQ DEC25,1s,1,556,2025-11-13 09:29:17,25467.25,25469,25466.5,25468.5,51,2.5,1.25,0.5,0.75,1,,,,
MNQ DEC25,1s,1,557,2025-11-13 09:29:18,25468.75,25470.5,25468.5,25469.25,155,2,0.5,1.25,0.25,1,,,,
MNQ DEC25,1s,1,558,2025-11-13 09:29:19,25469,25469,25465.75,25465.75,60,3.25,3.25,0,0,-1,,,,
MNQ DEC25,1s,1,559,2025-11-13 09:29:20,25465.5,25467.75,25464.5,25467.25,43,3.25,1.75,0.5,1,1,,,,
MNQ DEC25,10s,10,5455,2025-11-13 09:29:20,25462.25,25470.5,25461,25467.25,602,9.5,5,3.25,1.25,1,79.9,-108.4,-63.13333333,-52.66
MNQ DEC25,20s,20,5727,2025-11-13 09:29:20,25463,25470.5,25458.5,25467.25,853,12,4.25,3.25,4.5,1,533.8,51.6,96.05,118.95
MNQ DEC25,1s,1,560,2025-11-13 09:29:21,25467,25468.5,25466.5,25467.5,58,2,0.5,1,0.5,1,,,,
MNQ DEC25,1s,1,561,2025-11-13 09:29:22,25468.5,25468.75,25468,25468,17,0.75,0.5,0.25,0,-1,,,,
MNQ DEC25,1s,1,562,2025-11-13 09:29:23,25468.75,25470.25,25468.25,25469.5,42,2,0.75,0.75,0.5,1,,,,
MNQ DEC25,1s,1,563,2025-11-13 09:29:24,25470,25470.25,25469.25,25469.75,45,1,0.25,0.25,0.5,-1,,,,
MNQ DEC25,1s,1,564,2025-11-13 09:29:25,25469.75,25469.75,25467,25467.25,35,2.75,2.5,0,0.25,-1,,,,
MNQ DEC25,1s,1,565,2025-11-13 09:29:26,25466.5,25468,25466.5,25467.5,35,1.5,1,0.5,0,1,,,,
MNQ DEC25,1s,1,566,2025-11-13 09:29:27,25466.5,25466.5,25465.75,25465.75,17,0.75,0.75,0,0,-1,,,,
MNQ DEC25,1s,1,567,2025-11-13 09:29:28,25465.5,25466.5,25465.25,25465.25,20,1.25,0.25,1,0,-1,,,,
MNQ DEC25,1s,1,568,2025-11-13 09:29:29,25466,25466,25465.5,25465.5,12,0.5,0.5,0,0,-1,,,,
MNQ DEC25,1s,1,569,2025-11-13 09:29:30,25465,25465,25461.5,25461.75,48,3.5,3.25,0,0.25,-1,,,,
MNQ DEC25,10s,10,5456,2025-11-13 09:29:30,25467,25470.25,25461.5,25461.75,329,8.75,5.25,3.25,0.25,-1,38.7,-41.2,-50.36666667,-44.33
MNQ DEC25,1s,1,570,2025-11-13 09:29:31,25461.5,25464.5,25461.5,25461.75,60,3,0.25,2.75,0,1,,,,
MNQ DEC25,1s,1,571,2025-11-13 09:29:32,25462.25,25463,25461.75,25463,24,1.25,0.75,0,0.5,1,,,,
MNQ DEC25,1s,1,572,2025-11-13 09:29:33,25461.75,25463,25461,25462.5,39,2,0.75,0.5,0.75,1,,,,
MNQ DEC25,1s,1,573,2025-11-13 09:29:34,25462.5,25462.5,25462,25462.25,13,0.5,0.25,0,0.25,-1,,,,
MNQ DEC25,1s,1,574,2025-11-13 09:29:35,25463,25464.75,25462.25,25464.75,53,2.5,1.75,0,0.75,1,,,,
MNQ DEC25,1s,1,575,2025-11-13 09:29:36,25464,25465.5,25463.5,25465,46,2,1,0.5,0.5,1,,,,
MNQ DEC25,1s,1,576,2025-11-13 09:29:37,25464.5,25466.5,25464.5,25466.5,27,2,2,0,0,1,,,,
MNQ DEC25,1s,1,577,2025-11-13 09:29:38,25466.5,25466.5,25465,25465,20,1.5,1.5,0,0,-1,,,,
MNQ DEC25,1s,1,578,2025-11-13 09:29:39,25464.5,25466.25,25464.5,25465.25,10,1.75,0.75,1,0,1,,,,
MNQ DEC25,1s,1,579,2025-11-13 09:29:40,25466,25467.25,25465,25467.25,32,2.25,1.25,0,1,1,,,,
MNQ DEC25,10s,10,5457,2025-11-13 09:29:40,25461.5,25467.25,25461,25467.25,324,6.25,5.75,0,0.5,1,-42.6,-81.3,-76.96666667,-62.38
MNQ DEC25,20s,20,5728,2025-11-13 09:29:40,25467,25470.25,25461,25467.25,653,9.25,0.25,3,6,1,323.55,-210.25,-30.5,42.36
MNQ DEC25,1s,1,580,2025-11-13 09:29:41,25466.75,25468.25,25466.5,25468,13,1.75,1.25,0.25,0.25,1,,,,
MNQ DEC25,1s,1,581,2025-11-13 09:29:42,25468.25,25469.25,25468,25469,24,1.25,0.75,0.25,0.25,1,,,,
MNQ DEC25,1s,1,582,2025-11-13 09:29:43,25468.75,25469,25468,25469,21,1,0.25,0,0.75,1,,,,
MNQ DEC25,1s,1,583,2025-11-13 09:29:44,25469,25469,25467.75,25467.75,20,1.25,1.25,0,0,-1,,,,
MNQ DEC25,1s,1,584,2025-11-13 09:29:45,25468,25468.25,25467.5,25467.5,17,0.75,0.5,0.25,0,-1,,,,
MNQ DEC25,1s,1,585,2025-11-13 09:29:46,25467.25,25467.25,25465.5,25465.75,49,1.75,1.5,0,0.25,-1,,,,
MNQ DEC25,1s,1,586,2025-11-13 09:29:47,25466,25466.25,25464.25,25464.5,18,2,1.5,0.25,0.25,-1,,,,
MNQ DEC25,1s,1,587,2025-11-13 09:29:48,25464.5,25466.25,25464.5,25466,35,1.75,1.5,0.25,0,1,,,,
MNQ DEC25,1s,1,588,2025-11-13 09:29:49,25466.75,25467.75,25466.75,25467.5,39,1,0.75,0.25,0,1,,,,
MNQ DEC25,1s,1,589,2025-11-13 09:29:50,25466.75,25467.25,25466,25466.25,12,1.25,0.5,0.5,0.25,-1,,,,
MNQ DEC25,10s,10,5458,2025-11-13 09:29:50,25466.75,25469.25,25464.25,25466.25,248,5,0.5,2.5,2,-1,-77,-34.4,-52.3,-53.36
MNQ DEC25,1s,1,590,2025-11-13 09:29:51,25466.25,25466.5,25465.5,25465.5,25,1,0.75,0.25,0,-1,,,,
MNQ DEC25,1s,1,591,2025-11-13 09:29:52,25466.25,25467.75,25465.75,25467.75,46,2,1.5,0,0.5,1,,,,
MNQ DEC25,1s,1,592,2025-11-13 09:29:53,25466.75,25468,25466.75,25468,26,1.25,1.25,0,0,1,,,,
MNQ DEC25,1s,1,593,2025-11-13 09:29:54,25467.5,25469,25467.5,25469,19,1.5,1.5,0,0,1,,,,
MNQ DEC25,1s,1,594,2025-11-13 09:29:55,25469.25,25474,25469.25,25472.25,124,4.75,3,1.75,0,1,,,,
MNQ DEC25,1s,1,595,2025-11-13 09:29:56,25473,25473,25471,25471.5,34,2,1.5,0,0.5,-1,,,,
MNQ DEC25,1s,1,596,2025-11-13 09:29:57,25471.75,25474.5,25471.5,25474.5,60,3,2.75,0,0.25,1,,,,
MNQ DEC25,1s,1,597,2025-11-13 09:29:58,25474.25,25478.25,25474,25478.25,161,4.25,4,0,0.25,1,,,,
MNQ DEC25,1s,1,598,2025-11-13 09:29:59,25478.25,25480.25,25476.75,25477,133,3.5,1.25,2,0.25,-1,,,,
MNQ DEC25,1s,1,599,2025-11-13 09:30:00,25477.75,25478.75,25476.25,25478.25,157,2.5,0.5,0.5,1.5,1,,,,
MNQ DEC25,10s,10,5459,2025-11-13 09:30:00,25466.25,25480.25,25465.5,25478.25,785,14.75,12,2,0.75,1,-5.8,71.2,-14.83333333,-38.82
MNQ DEC25,20s,20,5729,2025-11-13 09:30:00,25466.75,25480.25,25464.25,25478.25,1033,16,11.5,2,2.5,1,290.75,-32.8,-63.81666667,9.02
MNQ DEC25,1s,1,600,2025-11-13 09:30:01,25477.25,25482.75,25473.75,25481.5,499,9,4.25,1.25,3.5,1,,,,
MNQ DEC25,1s,1,601,2025-11-13 09:30:02,25482.25,25489,25480.75,25486,562,8.25,3.75,3,1.5,1,,,,
MNQ DEC25,1s,1,602,2025-11-13 09:30:03,25486.25,25495.75,25485.5,25490.75,559,10.25,4.5,5,0.75,1,,,,
MNQ DEC25,1s,1,603,2025-11-13 09:30:04,25490.75,25501.5,25490.75,25501,620,10.75,10.25,0.5,0,1,,,,
MNQ DEC25,1s,1,604,2025-11-13 09:30:05,25500.25,25501.5,25489,25489.25,358,12.5,11,1.25,0.25,-1,,,,
MNQ DEC25,1s,1,605,2025-11-13 09:30:06,25489.25,25494,25488.5,25494,227,5.5,4.75,0,0.75,1,,,,
MNQ DEC25,1s,1,606,2025-11-13 09:30:07,25494.25,25498,25493.5,25494.5,172,4.5,0.25,3.5,0.75,1,,,,
MNQ DEC25,1s,1,607,2025-11-13 09:30:08,25494.25,25494.5,25488.75,25490.25,157,5.75,4,0.25,1.5,-1,,,,
MNQ DEC25,1s,1,608,2025-11-13 09:30:09,25490.75,25491.75,25486,25486,95,5.75,4.75,1,0,-1,,,,
MNQ DEC25,1s,1,609,2025-11-13 09:30:10,25486,25487,25480.25,25483,138,6.75,3,1,2.75,-1,,,,
MNQ DEC25,10s,10,5460,2025-11-13 09:30:10,25477.25,25501.5,25473.75,25483,3387,27.75,5.75,18.5,3.5,1,389.9,395.7,144.16666667,62
MNQ DEC25,1s,1,610,2025-11-13 09:30:11,25482.25,25484.75,25480.75,25482.75,133,4,0.5,2,1.5,1,,,,
MNQ DEC25,1s,1,611,2025-11-13 09:30:12,25481.5,25487.75,25481,25487.25,130,6.75,5.75,0.5,0.5,1,,,,
MNQ DEC25,1s,1,612,2025-11-13 09:30:13,25488.5,25491,25487.75,25489.25,136,3.25,0.75,1.75,0.75,1,,,,
MNQ DEC25,1s,1,613,2025-11-13 09:30:14,25489.25,25493.75,25488.25,25491.5,123,5.5,2.25,2.25,1,1,,,,
MNQ DEC25,1s,1,614,2025-11-13 09:30:15,25492,25492.75,25487.75,25487.75,85,5,4.25,0.75,0,-1,,,,
MNQ DEC25,1s,1,615,2025-11-13 09:30:16,25488,25492,25486.25,25490.5,88,5.75,2.5,1.5,1.75,1,,,,
MNQ DEC25,1s,1,616,2025-11-13 09:30:17,25489.5,25492,25485.75,25485.75,132,6.25,3.75,2.5,0,-1,,,,
MNQ DEC25,1s,1,617,2025-11-13 09:30:18,25485.75,25490.25,25484.75,25488.5,116,5.5,2.75,1.75,1,1,,,,
MNQ DEC25,1s,1,618,2025-11-13 09:30:19,25487.75,25487.75,25481.75,25482.75,107,6,5,0,1,-1,,,,
MNQ DEC25,1s,1,619,2025-11-13 09:30:20,25483.25,25485.25,25482,25485.25,92,3.25,2,0,1.25,1,,,,
MNQ DEC25,10s,10,5461,2025-11-13 09:30:20,25482.25,25493.75,25480.75,25485.25,1142,13,3,8.5,1.5,1,507.75,117.85,194.91666667,93.81
MNQ DEC25,20s,20,5730,2025-11-13 09:30:20,25477.25,25501.5,25473.75,25485.25,4529,27.75,8,16.25,3.5,1,681.95,391.2,49.38333333,53.38
MNQ DEC25,1s,1,620,2025-11-13 09:30:21,25485.75,25488,25479.5,25480.25,221,8.5,5.5,2.25,0.75,-1,,,,
MNQ DEC25,1s,1,621,2025-11-13 09:30:22,25480.5,25481,25476,25477,175,5,3.5,0.5,1,-1,,,,
MNQ DEC25,1s,1,622,2025-11-13 09:30:23,25476,25478.25,25471.75,25473.75,263,6.5,2.25,2.25,2,-1,,,,
MNQ DEC25,1s,1,623,2025-11-13 09:30:24,25474.25,25478.5,25473.5,25476.75,174,5,2.5,1.75,0.75,1,,,,
MNQ DEC25,1s,1,624,2025-11-13 09:30:25,25476.75,25480.5,25476,25479.75,128,4.5,3,0.75,0.75,1,,,,
MNQ DEC25,1s,1,625,2025-11-13 09:30:26,25480,25480,25471.75,25473.5,124,8.25,6.5,0,1.75,-1,,,,
MNQ DEC25,1s,1,626,2025-11-13 09:30:27,25474.75,25475.5,25470.5,25472.25,160,5,2.5,0.75,1.75,-1,,,,
MNQ DEC25,1s,1,627,2025-11-13 09:30:28,25473,25479.75,25469,25479.25,222,10.75,6.25,0.5,4,1,,,,
MNQ DEC25,1s,1,628,2025-11-13 09:30:29,25479.25,25479.25,25476.25,25477.25,114,3,2,0,1,-1,,,,
MNQ DEC25,1s,1,629,2025-11-13 09:30:30,25478.75,25482.5,25478.25,25479,105,4.25,0.25,3.5,0.5,1,,,,
MNQ DEC25,10s,10,5462,2025-11-13 09:30:30,25485.75,25488,25469,25479,1686,19,6.75,2.25,10,-1,710.3,202.55,238.7,150.58
MNQ DEC25,1s,1,630,2025-11-13 09:30:31,25479.75,25481.25,25478,25481.25,129,3.25,1.5,0,1.75,1,,,,
MNQ DEC25,1s,1,631,2025-11-13 09:30:32,25480.5,25487.5,25478.75,25484.75,172,8.75,4.25,2.75,1.75,1,,,,
MNQ DEC25,1s,1,632,2025-11-13 09:30:33,25483.75,25486,25482.25,25482.5,99,3.75,1.25,2.25,0.25,-1,,,,
MNQ DEC25,1s,1,633,2025-11-13 09:30:34,25483,25485.25,25480.25,25480.75,200,5,2.25,2.25,0.5,-1,,,,
MNQ DEC25,1s,1,634,2025-11-13 09:30:35,25481,25482,25477,25477.75,66,5,3.25,1,0.75,-1,,,,
MNQ DEC25,1s,1,635,2025-11-13 09:30:36,25477.25,25477.5,25473.5,25474,97,4,3.25,0.25,0.5,-1,,,,
MNQ DEC25,1s,1,636,2025-11-13 09:30:37,25474.25,25477.5,25474.25,25475,120,3.25,0.75,2.5,0,1,,,,
MNQ DEC25,1s,1,637,2025-11-13 09:30:38,25473.5,25476.25,25473.25,25474,68,3,0.5,2.25,0.25,1,,,,
MNQ DEC25,1s,1,638,2025-11-13 09:30:39,25474.5,25477.5,25472.75,25476.5,73,4.75,2,1,1.75,1,,,,
MNQ DEC25,1s,1,639,2025-11-13 09:30:40,25475.25,25476.5,25474,25476,85,2.5,0.75,0.5,1.25,1,,,,
MNQ DEC25,10s,10,5463,2025-11-13 09:30:40,25479.75,25487.5,25472.75,25476,1109,14.75,3.75,7.75,3.25,-1,839.3,129,149.8,183.26
MNQ DEC25,20s,20,5731,2025-11-13 09:30:40,25485.75,25488,25469,25476,2795,19,9.75,2.25,7,-1,908.95,227,195.13333333,85.35
MNQ DEC25,1s,1,640,2025-11-13 09:30:41,25476.25,25477.25,25471.5,25471.75,87,5.75,4.5,1,0.25,-1,,,,
MNQ DEC25,1s,1,641,2025-11-13 09:30:42,25472.75,25473.75,25470.5,25472,107,3.25,0.75,1,1.5,-1,,,,
MNQ DEC25,1s,1,642,2025-11-13 09:30:43,25472,25473,25469.5,25471,85,3.5,1,1,1.5,-1,,,,
MNQ DEC25,1s,1,643,2025-11-13 09:30:44,25470.5,25475,25470,25470.5,117,5,0,4.5,0.5,0,,,,
MNQ DEC25,1s,1,644,2025-11-13 09:30:45,25470.75,25471.75,25467.75,25470,170,4,0.75,1,2.25,-1,,,,
MNQ DEC25,1s,1,645,2025-11-13 09:30:46,25469.5,25472.25,25466.25,25471,133,6,1.5,1.25,3.25,1,,,,
MNQ DEC25,1s,1,646,2025-11-13 09:30:47,25471,25471.75,25468.5,25470.25,151,3.25,0.75,0.75,1.75,-1,,,,
MNQ DEC25,1s,1,647,2025-11-13 09:30:48,25469.75,25474.25,25469.75,25471,142,4.5,1.25,3.25,0,1,,,,
MNQ DEC25,1s,1,648,2025-11-13 09:30:49,25470.25,25475.5,25470,25475.5,70,5.5,5.25,0,0.25,1,,,,
MNQ DEC25,1s,1,649,2025-11-13 09:30:50,25475.5,25476,25472.75,25473,52,3.25,2.5,0.5,0.25,-1,,,,
MNQ DEC25,10s,10,5464,2025-11-13 09:30:50,25476.25,25477.25,25466.25,25473,1114,11,3.25,1,6.75,-1,864.8,25.5,119.01666667,174.12
MNQ DEC25,1s,1,650,2025-11-13 09:30:51,25473,25473.25,25470.75,25471.75,43,2.5,1.25,0.25,1,-1,,,,
MNQ DEC25,1s,1,651,2025-11-13 09:30:52,25470.5,25471.75,25468.5,25468.5,43,3.25,2,1.25,0,-1,,,,
MNQ DEC25,1s,1,652,2025-11-13 09:30:53,25468.5,25473.75,25468.5,25473.75,101,5.25,5.25,0,0,1,,,,
MNQ DEC25,1s,1,653,2025-11-13 09:30:54,25473.5,25473.5,25466.5,25468,70,7,5.5,0,1.5,-1,,,,
MNQ DEC25,1s,1,654,2025-11-13 09:30:55,25467,25469.5,25466.25,25467,69,3.25,0,2.5,0.75,0,,,,
MNQ DEC25,1s,1,655,2025-11-13 09:30:56,25466.25,25468.5,25461.75,25462.75,214,6.75,3.5,2.25,1,-1,,,,
MNQ DEC25,1s,1,656,2025-11-13 09:30:57,25463.25,25465.75,25462.25,25464,183,3.5,0.75,1.75,1,1,,,,
MNQ DEC25,1s,1,657,2025-11-13 09:30:58,25465.5,25465.75,25460,25462,271,5.75,3.5,0.25,2,-1,,,,
MNQ DEC25,1s,1,658,2025-11-13 09:30:59,25461.5,25461.5,25455.5,25457,235,6,4.5,0,1.5,-1,,,,
MNQ DEC25,1s,1,659,2025-11-13 09:31:00,25457.25,25459.25,25455.75,25458.25,223,3.5,1,1,1.5,1,,,,
MNQ DEC25,10s,10,5465,2025-11-13 09:31:00,25473,25473.75,25455.5,25458.25,1452,18.25,14.75,0.75,2.75,-1,412.8,-452,-99.16666667,4.58
MNQ DEC25,20s,20,5732,2025-11-13 09:31:00,25476.25,25477.25,25455.5,25458.25,2566,21.75,18,1,2.75,-1,1140.3,231.35,283.18333333,121.3
MNQ DEC25,1s,1,660,2025-11-13 09:31:01,25458.5,25459,25455.5,25457,270,3.5,1.5,0.5,1.5,-1,,,,
MNQ DEC25,1s,1,661,2025-11-13 09:31:02,25456.75,25465,25456.5,25464.5,260,8.5,7.75,0.5,0.25,1,,,,
MNQ DEC25,1s,1,662,2025-11-13 09:31:03,25465,25465.5,25461.75,25462.5,157,3.75,2.5,0.5,0.75,-1,,,,
MNQ DEC25,1s,1,663,2025-11-13 09:31:04,25463.5,25464.75,25460.75,25462,107,4,1.5,1.25,1.25,-1,,,,
MNQ DEC25,1s,1,664,2025-11-13 09:31:05,25462.5,25463.5,25456.5,25456.75,106,7,5.75,1,0.25,-1,,,,
MNQ DEC25,1s,1,665,2025-11-13 09:31:06,25457.5,25457.5,25448.5,25450,460,9,7.5,0,1.5,-1,,,,
MNQ DEC25,1s,1,666,2025-11-13 09:31:07,25450.25,25452.5,25447.75,25448.25,336,4.75,2,2.25,0.5,-1,,,,
MNQ DEC25,1s,1,667,2025-11-13 09:31:08,25447.75,25449,25446.75,25446.75,247,2.25,1,1.25,0,-1,,,,
MNQ DEC25,1s,1,668,2025-11-13 09:31:09,25447.25,25450.75,25444,25450.75,353,6.75,3.5,0,3.25,1,,,,
MNQ DEC25,1s,1,669,2025-11-13 09:31:10,25450.75,25453,25446.25,25446.5,218,6.75,4.25,2.25,0.25,-1,,,,
MNQ DEC25,10s,10,5466,2025-11-13 09:31:10,25458.5,25465.5,25444,25446.5,2514,21.5,12,7,2.5,-1,609.85,197.05,-76.48333333,20.42
MNQ DEC25,1s,1,670,2025-11-13 09:31:11,25446.25,25452.75,25446.25,25452.75,184,6.5,6.5,0,0,1,,,,
MNQ DEC25,1s,1,671,2025-11-13 09:31:12,25452,25454.25,25449.75,25452,149,4.5,0,2.25,2.25,0,,,,
MNQ DEC25,1s,1,672,2025-11-13 09:31:13,25452.25,25454.25,25449.25,25449.25,114,5,3,2,0,-1,,,,
MNQ DEC25,1s,1,673,2025-11-13 09:31:14,25449.5,25450.25,25441,25441.5,347,9.25,8,0.75,0.5,-1,,,,
MNQ DEC25,1s,1,674,2025-11-13 09:31:15,25441,25446.5,25440.75,25446,180,5.75,5,0.5,0.25,1,,,,
MNQ DEC25,1s,1,675,2025-11-13 09:31:16,25446,25446.5,25442.5,25445,243,4,1,0.5,2.5,-1,,,,
MNQ DEC25,1s,1,676,2025-11-13 09:31:17,25444.5,25444.75,25440.5,25443.75,188,4.25,0.75,0.25,3.25,-1,,,,
MNQ DEC25,1s,1,677,2025-11-13 09:31:18,25443.5,25443.75,25437.5,25439.25,300,6.25,4.25,0.25,1.75,-1,,,,
MNQ DEC25,1s,1,678,2025-11-13 09:31:19,25439.5,25442.5,25436.25,25441.5,285,6.25,2,1,3.25,1,,,,
MNQ DEC25,1s,1,679,2025-11-13 09:31:20,25440.75,25441.25,25430.5,25436.75,643,10.75,4,0.5,6.25,-1,,,,
MNQ DEC25,10s,10,5467,2025-11-13 09:31:20,25446.25,25454.25,25430.5,25436.75,2633,23.75,9.5,8,6.25,-1,700.9,91.05,-54.63333333,-1.88
MNQ DEC25,20s,20,5733,2025-11-13 09:31:20,25458.5,25465.5,25430.5,25436.75,5147,35,21.75,7,6.25,-1,1800.5,660.2,372.85,295.39
MNQ DEC25,1s,1,680,2025-11-13 09:31:21,25437,25440,25436.25,25438.75,234,3.75,1.75,1.25,0.75,1,,,,
MNQ DEC25,1s,1,681,2025-11-13 09:31:22,25437.5,25441.25,25436.5,25438,202,4.75,0.5,3.25,1,1,,,,
MNQ DEC25,1s,1,682,2025-11-13 09:31:23,25438,25439.75,25434,25437.5,307,5.75,0.5,1.75,3.5,-1,,,,
MNQ DEC25,1s,1,683,2025-11-13 09:31:24,25437.5,25440.75,25435,25436,143,5.75,1.5,3.25,1,-1,,,,
MNQ DEC25,1s,1,684,2025-11-13 09:31:25,25436.5,25439.25,25435,25438.5,162,4.25,2,0.75,1.5,1,,,,
MNQ DEC25,1s,1,685,2025-11-13 09:31:26,25438.5,25441.25,25438,25440.5,196,3.25,2,0.75,0.5,1,,,,
MNQ DEC25,1s,1,686,2025-11-13 09:31:27,25439.75,25440,25436.5,25436.5,158,3.5,3.25,0.25,0,-1,,,,
MNQ DEC25,1s,1,687,2025-11-13 09:31:28,25436.5,25439.25,25436,25436.75,143,3.25,0.25,2.5,0.5,1,,,,
MNQ DEC25,1s,1,688,2025-11-13 09:31:29,25438,25438.5,25434.75,25435.5,85,3.75,2.5,0.5,0.75,-1,,,,
MNQ DEC25,1s,1,689,2025-11-13 09:31:30,25435.5,25441,25434.75,25440.25,149,6.25,4.75,0.75,0.75,1,,,,
MNQ DEC25,10s,10,5468,2025-11-13 09:31:30,25437,25441.25,25434,25440.25,1779,7.25,3.25,1,3,1,783.85,82.95,123.68333333,-11.09
MNQ DEC25,1s,1,690,2025-11-13 09:31:31,25440.25,25441,25438,25440.25,126,3,0,0.75,2.25,0,,,,
MNQ DEC25,1s,1,691,2025-11-13 09:31:32,25441,25442.25,25437.75,25438.5,148,4.5,2.5,1.25,0.75,-1,,,,
MNQ DEC25,1s,1,692,2025-11-13 09:31:33,25438.25,25446.75,25438,25445.25,217,8.75,7,1.5,0.25,1,,,,
MNQ DEC25,1s,1,693,2025-11-13 09:31:34,25445,25450,25444.5,25449.5,264,5.5,4.5,0.5,0.5,1,,,,
MNQ DEC25,1s,1,694,2025-11-13 09:31:35,25449.75,25450.75,25446,25448,350,4.75,1.75,1,2,-1,,,,
MNQ DEC25,1s,1,695,2025-11-13 09:31:36,25448.25,25451.5,25448,25449.25,122,3.5,1,2.25,0.25,1,,,,
MNQ DEC25,1s,1,696,2025-11-13 09:31:37,25449.75,25450,25446.75,25447.25,148,3.25,2.5,0.25,0.5,-1,,,,
MNQ DEC25,1s,1,697,2025-11-13 09:31:38,25447.5,25448.75,25443.75,25444.5,95,5,3,1.25,0.75,-1,,,,
MNQ DEC25,1s,1,698,2025-11-13 09:31:39,25445.5,25455,25445.5,25452.5,203,9.5,7,2.5,0,1,,,,
MNQ DEC25,1s,1,699,2025-11-13 09:31:40,25452.25,25455.5,25451.25,25453.75,176,4.25,1.5,1.75,1,1,,,,
MNQ DEC25,10s,10,5469,2025-11-13 09:31:40,25440.25,25455.5,25437.75,25453.75,1849,17.75,13.5,1.75,2.5,1,851.05,67.2,80.4,-2.75
MNQ DEC25,20s,20,5734,2025-11-13 09:31:40,25437,25455.5,25434,25453.75,3628,21.5,16.75,1.75,3,1,2150.8,350.3,413.95,372.01
MNQ DEC25,1s,1,700,2025-11-13 09:31:41,25453.75,25454.5,25451.5,25452.25,152,3,1.5,0.75,0.75,-1,,,,
MNQ DEC25,1s,1,701,2025-11-13 09:31:42,25452,25452.75,25448.5,25449.25,220,4.25,2.75,0.75,0.75,-1,,,,
MNQ DEC25,1s,1,702,2025-11-13 09:31:43,25448.75,25449,25445,25447.75,146,4,1,0.25,2.75,-1,,,,
MNQ DEC25,1s,1,703,2025-11-13 09:31:44,25447.5,25448.5,25445.75,25446.25,83,2.75,1.25,1,0.5,-1,,,,
MNQ DEC25,1s,1,704,2025-11-13 09:31:45,25446,25450.5,25445.75,25450,92,4.75,4,0.5,0.25,1,,,,
MNQ DEC25,1s,1,705,2025-11-13 09:31:46,25449.5,25451.75,25448,25449.25,78,3.75,0.25,2.25,1.25,-1,,,,
MNQ DEC25,1s,1,706,2025-11-13 09:31:47,25449.25,25450.5,25445,25446,148,5.5,3.25,1.25,1,-1,,,,
MNQ DEC25,1s,1,707,2025-11-13 09:31:48,25446.25,25447,25444.5,25444.75,44,2.5,1.5,0.75,0.25,-1,,,,
MNQ DEC25,1s,1,708,2025-11-13 09:31:49,25445.25,25446,25443.5,25444,63,2.5,1.25,0.75,0.5,-1,,,,
MNQ DEC25,1s,1,709,2025-11-13 09:31:50,25444,25446,25441.75,25445.75,81,4.25,1.75,0.25,2.25,1,,,,
MNQ DEC25,10s,10,5470,2025-11-13 09:31:50,25453.75,25454.5,25441.75,25445.75,1107,12.75,8,0.75,4,-1,779.6,-71.45,26.23333333,73.36
MNQ DEC25,1s,1,710,2025-11-13 09:31:51,25445.5,25448.5,25445.5,25446.75,67,3,1.25,1.75,0,1,,,,
MNQ DEC25,1s,1,711,2025-11-13 09:31:52,25446.75,25452.75,25446.5,25451.5,111,6.25,4.75,1.25,0.25,1,,,,
MNQ DEC25,1s,1,712,2025-11-13 09:31:53,25451.75,25453,25448.75,25449.5,81,4.25,2.25,1.25,0.75,-1,,,,
MNQ DEC25,1s,1,713,2025-11-13 09:31:54,25449.5,25452.75,25449.25,25451,73,3.5,1.5,1.75,0.25,1,,,,
MNQ DEC25,1s,1,714,2025-11-13 09:31:55,25451.75,25454.5,25451.25,25452.75,110,3.25,1,1.75,0.5,1,,,,
MNQ DEC25,1s,1,715,2025-11-13 09:31:56,25453.75,25461.5,25453.75,25461.25,308,7.75,7.5,0.25,0,1,,,,
MNQ DEC25,1s,1,716,2025-11-13 09:31:57,25461.5,25465,25460.75,25463,270,4.25,1.5,2,0.75,1,,,,
MNQ DEC25,1s,1,717,2025-11-13 09:31:58,25462,25469.5,25461.5,25467.25,417,8,5.25,2.25,0.5,1,,,,
MNQ DEC25,1s,1,718,2025-11-13 09:31:59,25468,25471,25466.75,25468.25,213,4.25,0.25,2.75,1.25,1,,,,
MNQ DEC25,1s,1,719,2025-11-13 09:32:00,25467.75,25469.75,25465.75,25468.5,164,4,0.75,1.25,2,1,,,,
MNQ DEC25,10s,10,5471,2025-11-13 09:32:00,25445.5,25471,25445.5,25468.5,1814,25.5,23,2.5,0,1,574.95,-204.65,-69.63333333,-6.98
MNQ DEC25,20s,20,5735,2025-11-13 09:32:00,25453.75,25471,25441.75,25468.5,2921,29.25,14.75,2.5,12,1,1759.1,-391.7,206.26666667,215.43
MNQ DEC25,1s,1,720,2025-11-13 09:32:01,25469,25469,25462,25463.75,207,7,5.25,0,1.75,-1,,,,
MNQ DEC25,1s,1,721,2025-11-13 09:32:02,25463.25,25463.75,25459.75,25460,146,4,3.25,0.5,0.25,-1,,,,
MNQ DEC25,1s,1,722,2025-11-13 09:32:03,25460.25,25466.25,25460.25,25464.75,181,6,4.5,1.5,0,1,,,,
MNQ DEC25,1s,1,723,2025-11-13 09:32:04,25464.75,25465.75,25462.75,25463.5,62,3,1.25,1,0.75,-1,,,,
MNQ DEC25,1s,1,724,2025-11-13 09:32:05,25463.5,25465.5,25459,25461,110,6.5,2.5,2,2,-1,,,,
MNQ DEC25,1s,1,725,2025-11-13 09:32:06,25461.25,25463,25458.5,25461.75,72,4.5,0.5,1.25,2.75,1,,,,
MNQ DEC25,1s,1,726,2025-11-13 09:32:07,25460.75,25466.5,25458.25,25466.25,134,8.25,5.5,0.25,2.5,1,,,,
MNQ DEC25,1s,1,727,2025-11-13 09:32:08,25465,25466.75,25463.75,25465,56,3,0,1.75,1.25,0,,,,
MNQ DEC25,1s,1,728,2025-11-13 09:32:09,25465,25465.25,25460.5,25460.5,117,4.75,4.5,0.25,0,-1,,,,
MNQ DEC25,1s,1,729,2025-11-13 09:32:10,25460,25462.25,25457.5,25457.5,100,4.75,2.5,2.25,0,-1,,,,
MNQ DEC25,10s,10,5472,2025-11-13 09:32:10,25469,25469,25457.5,25457.5,1185,11.5,11.5,0,0,-1,261.1,-313.85,-196.65,-87.96
MNQ DEC25,1s,1,730,2025-11-13 09:32:11,25457.75,25460.25,25457.25,25460.25,85,3,2.5,0,0.5,1,,,,
MNQ DEC25,1s,1,731,2025-11-13 09:32:12,25460.5,25461,25458.5,25460.75,66,2.5,0.25,0.25,2,1,,,,
MNQ DEC25,1s,1,732,2025-11-13 09:32:13,25461,25462,25458.5,25458.5,52,3.5,2.5,1,0,-1,,,,
MNQ DEC25,1s,1,733,2025-11-13 09:32:14,25458,25464.25,25455.75,25464.25,117,8.5,6.25,0,2.25,1,,,,
MNQ DEC25,1s,1,734,2025-11-13 09:32:15,25464.5,25471,25464.5,25468.25,202,6.5,3.75,2.75,0,1,,,,
MNQ DEC25,1s,1,735,2025-11-13 09:32:16,25468.25,25469.25,25466,25468.25,128,3.25,0,1,2.25,0,,,,
MNQ DEC25,1s,1,736,2025-11-13 09:32:17,25468.5,25473.75,25468.5,25471.75,249,5.25,3.25,2,0,1,,,,
MNQ DEC25,1s,1,737,2025-11-13 09:32:18,25471.25,25472.5,25469.75,25471.25,132,2.75,0,1.25,1.5,0,,,,
MNQ DEC25,1s,1,738,2025-11-13 09:32:19,25470.75,25471.5,25468.5,25469,96,3,1.75,0.75,0.5,-1,,,,
MNQ DEC25,1s,1,739,2025-11-13 09:32:20,25469,25470,25466.25,25467.75,61,3.75,1.25,1,1.5,-1,,,,
MNQ DEC25,10s,10,5473,2025-11-13 09:32:20,25457.75,25473.75,25455.75,25467.75,1188,18,10,6,2,1,103.7,-157.4,-225.3,-136.03
MNQ DEC25,20s,20,5736,2025-11-13 09:32:20,25469,25473.75,25455.75,25467.75,2373,18,1.25,4.75,12,-1,1604.7,-154.4,-65.26666667,139.15
MNQ DEC25,1s,1,740,2025-11-13 09:32:21,25468.25,25469.25,25465,25465,81,4.25,3.25,1,0,-1,,,,
MNQ DEC25,1s,1,741,2025-11-13 09:32:22,25464.25,25467.75,25462.5,25467,55,5.25,2.75,0.75,1.75,1,,,,
MNQ DEC25,1s,1,742,2025-11-13 09:32:23,25467,25468,25465.75,25467.5,61,2.25,0.5,0.5,1.25,1,,,,
MNQ DEC25,1s,1,743,2025-11-13 09:32:24,25467.25,25472.25,25467,25471.5,120,5.25,4.25,0.75,0.25,1,,,,
MNQ DEC25,1s,1,744,2025-11-13 09:32:25,25471.75,25472,25468.75,25469.5,54,3.25,2.25,0.25,0.75,-1,,,,
MNQ DEC25,1s,1,745,2025-11-13 09:32:26,25468.5,25468.5,25463.25,25463.75,56,5.25,4.75,0,0.5,-1,,,,
MNQ DEC25,1s,1,746,2025-11-13 09:32:27,25463.75,25466,25463,25463.5,77,3,0.25,2.25,0.5,-1,,,,
MNQ DEC25,1s,1,747,2025-11-13 09:32:28,25463.5,25463.5,25454,25454,177,9.5,9.5,0,0,-1,,,,
MNQ DEC25,1s,1,748,2025-11-13 09:32:29,25454,25458.25,25453.5,25456.5,67,4.75,2.5,1.75,0.5,1,,,,
MNQ DEC25,1s,1,749,2025-11-13 09:32:30,25456,25456,25451.25,25452.25,121,4.75,3.75,0,1,-1,,,,
MNQ DEC25,10s,10,5474,2025-11-13 09:32:30,25468.25,25472.25,25451.25,25452.25,869,21,16,4,1,-1,-123.2,-226.9,-232.71666667,-194.85
MNQ DEC25,1s,1,750,2025-11-13 09:32:31,25452.25,25453.25,25450,25453.25,154,3.25,1,0,2.25,1,,,,
MNQ DEC25,1s,1,751,2025-11-13 09:32:32,25453.25,25454.25,25451.5,25452.5,93,2.75,0.75,1,1,-1,,,,
MNQ DEC25,1s,1,752,2025-11-13 09:32:33,25452,25455,25450.25,25454.75,180,4.75,2.75,0.25,1.75,1,,,,
MNQ DEC25,1s,1,753,2025-11-13 09:32:34,25454.5,25460.5,25454.25,25458.25,102,6.25,3.75,2.25,0.25,1,,,,
MNQ DEC25,1s,1,754,2025-11-13 09:32:35,25459.5,25459.75,25455.5,25455.5,46,4.25,4,0.25,0,-1,,,,
MNQ DEC25,1s,1,755,2025-11-13 09:32:36,25455.5,25456.75,25451.75,25454,115,5,1.5,1.25,2.25,-1,,,,
MNQ DEC25,1s,1,756,2025-11-13 09:32:37,25452.25,25453.75,25449.75,25450,101,4,2.25,1.5,0.25,-1,,,,
MNQ DEC25,1s,1,757,2025-11-13 09:32:38,25450,25451,25448.75,25449,58,2.25,1,1,0.25,-1,,,,
MNQ DEC25,1s,1,758,2025-11-13 09:32:39,25449.25,25453.25,25448.75,25452.5,51,4.5,3.25,0.75,0.5,1,,,,
MNQ DEC25,1s,1,759,2025-11-13 09:32:40,25452,25454,25450.5,25450.75,92,3.5,1.25,2,0.25,-1,,,,
MNQ DEC25,10s,10,5475,2025-11-13 09:32:40,25452.25,25460.5,25448.75,25450.75,992,11.75,1.5,8.25,2,-1,-165.7,-42.5,-142.26666667,-189.06
MNQ DEC25,20s,20,5737,2025-11-13 09:32:40,25468.25,25472.25,25448.75,25450.75,1861,23.5,17.5,4,2,-1,1395,-209.7,-251.93333333,50.94
MNQ DEC25,1s,1,760,2025-11-13 09:32:41,25451,25452.5,25447.5,25452.5,95,5,1.5,0,3.5,1,,,,
MNQ DEC25,1s,1,761,2025-11-13 09:32:42,25453.75,25455.75,25452,25455,76,3.75,1.25,0.75,1.75,1,,,,
MNQ DEC25,1s,1,762,2025-11-13 09:32:43,25455.25,25460.5,25454.75,25459.25,114,5.75,4,1.25,0.5,1,,,,
MNQ DEC25,1s,1,763,2025-11-13 09:32:44,25460.75,25464.75,25460.75,25462.75,126,4,2,2,0,1,,,,
MNQ DEC25,1s,1,764,2025-11-13 09:32:45,25462.5,25463.25,25459,25459,101,4.25,3.5,0.75,0,-1,,,,
MNQ DEC25,1s,1,765,2025-11-13 09:32:46,25459.25,25461.75,25459.25,25461,41,2.5,1.75,0.75,0,1,,,,
MNQ DEC25,1s,1,766,2025-11-13 09:32:47,25460.75,25461,25457.5,25459,33,3.5,1.75,0.25,1.5,-1,,,,
MNQ DEC25,1s,1,767,2025-11-13 09:32:48,25459.5,25462,25458.75,25461.25,75,3.25,1.75,0.75,0.75,1,,,,
MNQ DEC25,1s,1,768,2025-11-13 09:32:49,25462.25,25462.25,25458.5,25459.25,48,3.75,3,0,0.75,-1,,,,
MNQ DEC25,1s,1,769,2025-11-13 09:32:50,25458.75,25462.25,25458.75,25461.5,41,3.5,2.75,0.75,0,1,,,,
MNQ DEC25,10s,10,5476,2025-11-13 09:32:50,25451,25464.75,25447.5,25461.5,750,17.25,10.5,3.25,3.5,1,-399.55,-233.85,-167.75,-194.9
MNQ DEC25,1s,1,770,2025-11-13 09:32:51,25461.5,25461.5,25458.25,25458.5,41,3.25,3,0,0.25,-1,,,,
MNQ DEC25,1s,1,771,2025-11-13 09:32:52,25458.5,25461.75,25458.5,25461.75,42,3.25,3.25,0,0,1,,,,
MNQ DEC25,1s,1,772,2025-11-13 09:32:53,25461.5,25461.75,25458.75,25459.75,68,3,1.75,0.25,1,-1,,,,
MNQ DEC25,1s,1,773,2025-11-13 09:32:54,25459.25,25459.25,25454.75,25454.75,51,4.5,4.5,0,0,-1,,,,
MNQ DEC25,1s,1,774,2025-11-13 09:32:55,25454.5,25454.5,25452.5,25452.75,74,2,1.75,0,0.25,-1,,,,
MNQ DEC25,1s,1,775,2025-11-13 09:32:56,25452.75,25454.75,25452.5,25452.75,69,2.25,0,2,0.25,0,,,,
MNQ DEC25,1s,1,776,2025-11-13 09:32:57,25453.5,25455,25451.5,25454.25,98,3.5,0.75,0.75,2,1,,,,
MNQ DEC25,1s,1,777,2025-11-13 09:32:58,25454.25,25456.25,25453.25,25453.25,51,3,1,2,0,-1,,,,
MNQ DEC25,1s,1,778,2025-11-13 09:32:59,25454,25454,25449.75,25450.25,78,4.25,3.75,0,0.5,-1,,,,
MNQ DEC25,1s,1,779,2025-11-13 09:33:00,25450,25452.5,25449.75,25452.5,59,2.75,2.5,0,0.25,1,,,,
MNQ DEC25,10s,10,5477,2025-11-13 09:33:00,25461.5,25461.75,25449.75,25452.5,631,12,9,0.25,2.75,-1,-525.7,-126.15,-134.16666667,-157.36
MNQ DEC25,20s,20,5738,2025-11-13 09:33:00,25451,25464.75,25447.5,25452.5,1381,17.25,1.5,12.25,3.5,1,596.5,-798.5,-387.53333333,-240.8
MNQ DEC25,1s,1,780,2025-11-13 09:33:01,25452.75,25456.75,25451.75,25456.5,192,5,3.75,0.25,1,1,,,,
MNQ DEC25,1s,1,781,2025-11-13 09:33:02,25456,25457.75,25453.5,25453.5,101,4.25,2.5,1.75,0,-1,,,,
MNQ DEC25,1s,1,782,2025-11-13 09:33:03,25453.5,25455.5,25452.5,25454.25,62,3,0.75,1.25,1,1,,,,
MNQ DEC25,1s,1,783,2025-11-13 09:33:04,25454.75,25455.75,25453.25,25454.75,40,2.5,0,1,1.5,0,,,,
MNQ DEC25,1s,1,784,2025-11-13 09:33:05,25455.5,25457.75,25453.5,25457.75,105,4.25,2.25,0,2,1,,,,
MNQ DEC25,1s,1,785,2025-11-13 09:33:06,25457.25,25461.75,25457,25459.25,127,4.75,2,2.5,0.25,1,,,,
MNQ DEC25,1s,1,786,2025-11-13 09:33:07,25460.5,25461.5,25457,25459.5,68,4.5,1,1,2.5,-1,,,,
MNQ DEC25,1s,1,787,2025-11-13 09:33:08,25460.25,25462.75,25460.25,25460.25,102,2.5,0,2.5,0,0,,,,
MNQ DEC25,1s,1,788,2025-11-13 09:33:09,25460.75,25460.75,25455.25,25457.25,123,5.5,3.5,0,2,-1,,,,
MNQ DEC25,1s,1,789,2025-11-13 09:33:10,25458.25,25464.75,25458.25,25461,182,6.5,2.75,3.75,0,1,,,,
MNQ DEC25,10s,10,5478,2025-11-13 09:33:10,25452.75,25464.75,25451.75,25461,1102,13,8.25,3.75,1,1,-585.6,-59.9,-139.96666667,-137.86
MNQ DEC25,1s,1,790,2025-11-13 09:33:11,25460,25462.5,25458.25,25460.25,112,4.25,0.25,2.25,1.75,1,,,,
MNQ DEC25,1s,1,791,2025-11-13 09:33:12,25460.5,25461.25,25457.5,25458.25,66,3.75,2.25,0.75,0.75,-1,,,,
MNQ DEC25,1s,1,792,2025-11-13 09:33:13,25458.5,25458.5,25455.5,25455.75,59,3,2.75,0,0.25,-1,,,,
MNQ DEC25,1s,1,793,2025-11-13 09:33:14,25456.25,25459,25453.75,25458.25,113,5.25,2,0.75,2.5,1,,,,
MNQ DEC25,1s,1,794,2025-11-13 09:33:15,25456.75,25458.5,25455.75,25458.5,17,2.75,1.75,0,1,1,,,,
MNQ DEC25,1s,1,795,2025-11-13 09:33:16,25457.75,25457.75,25453.25,25453.25,38,4.5,4.5,0,0,-1,,,,
MNQ DEC25,1s,1,796,2025-11-13 09:33:17,25452.5,25457.5,25452,25456.75,56,5.5,4.25,0.75,0.5,1,,,,
MNQ DEC25,1s,1,797,2025-11-13 09:33:18,25457.5,25461,25456.5,25459,63,4.5,1.5,2,1,1,,,,
MNQ DEC25,1s,1,798,2025-11-13 09:33:19,25460.25,25462.75,25458.5,25459,127,4.25,1.25,2.5,0.5,-1,,,,
MNQ DEC25,1s,1,799,2025-11-13 09:33:20,25459,25459.75,25457.75,25459.25,31,2,0.25,0.5,1.25,1,,,,
MNQ DEC25,10s,10,5479,2025-11-13 09:33:20,25460,25462.75,25452,25459.25,682,10.75,0.75,2.75,7.25,-1,-617.85,-32.25,-72.76666667,-98.93
MNQ DEC25,20s,20,5739,2025-11-13 09:33:20,25452.75,25464.75,25451.75,25459.25,1784,13,6.5,5.5,1,1,151.35,-445.15,-484.45,-399.89
MNQ DEC25,1s,1,800,2025-11-13 09:33:21,25458.25,25458.25,25451.5,25452,72,6.75,6.25,0,0.5,-1,,,,
MNQ DEC25,1s,1,801,2025-11-13 09:33:22,25452.75,25453.25,25450.25,25452.25,73,3,0.5,0.5,2,-1,,,,
MNQ DEC25,1s,1,802,2025-11-13 09:33:23,25453.5,25453.75,25450.5,25451.75,79,3.25,1.75,0.25,1.25,-1,,,,
MNQ DEC25,1s,1,803,2025-11-13 09:33:24,25451,25454.25,25450.75,25454,61,3.5,3,0.25,0.25,1,,,,
MNQ DEC25,1s,1,804,2025-11-13 09:33:25,25454,25456.25,25453.5,25456.25,57,2.75,2.25,0,0.5,1,,,,
MNQ DEC25,1s,1,805,2025-11-13 09:33:26,25456,25460,25455.75,25459.25,83,4.25,3.25,0.75,0.25,1,,,,
MNQ DEC25,1s,1,806,2025-11-13 09:33:27,25457.75,25461.5,25457.75,25460.5,64,3.75,2.75,1,0,1,,,,
MNQ DEC25,1s,1,807,2025-11-13 09:33:28,25460.5,25460.75,25456.25,25457.75,42,4.5,2.75,0.25,1.5,-1,,,,
MNQ DEC25,1s,1,808,2025-11-13 09:33:29,25458,25465.25,25458,25463.75,156,7.25,5.75,1.5,0,1,,,,
MNQ DEC25,1s,1,809,2025-11-13 09:33:30,25464.5,25470,25464.25,25469.25,295,5.75,4.75,0.75,0.25,1,,,,
MNQ DEC25,10s,10,5480,2025-11-13 09:33:30,25458.25,25470,25450.25,25469.25,982,19.75,11,0.75,8,1,-499.6,118.25,8.7,-66.78
MNQ DEC25,1s,1,810,2025-11-13 09:33:31,25469.5,25470.25,25467.75,25468.25,100,2.5,1.25,0.75,0.5,-1,,,,
MNQ DEC25,1s,1,811,2025-11-13 09:33:32,25468.25,25469,25467,25468.5,82,2,0.25,0.5,1.25,1,,,,
MNQ DEC25,1s,1,812,2025-11-13 09:33:33,25468,25472,25468,25469,130,4,1,3,0,1,,,,
MNQ DEC25,1s,1,813,2025-11-13 09:33:34,25469,25471.25,25467.75,25469.5,89,3.5,0.5,1.75,1.25,1,,,,
MNQ DEC25,1s,1,814,2025-11-13 09:33:35,25469.25,25480,25469.25,25475.5,520,10.75,6.25,4.5,0,1,,,,
MNQ DEC25,1s,1,815,2025-11-13 09:33:36,25475.25,25476.75,25472.75,25474.25,196,4,1,1.5,1.5,-1,,,,
MNQ DEC25,1s,1,816,2025-11-13 09:33:37,25474.5,25476.25,25472.5,25474.5,172,3.75,0,1.75,2,0,,,,
MNQ DEC25,1s,1,817,2025-11-13 09:33:38,25474,25475.25,25469.75,25471.5,122,5.5,2.5,1.25,1.75,-1,,,,
MNQ DEC25,1s,1,818,2025-11-13 09:33:39,25472.25,25473.25,25469.5,25470.25,73,3.75,2,1,0.75,-1,,,,
MNQ DEC25,1s,1,819,2025-11-13 09:33:40,25469.75,25472.25,25469.75,25471,60,2.5,1.25,1.25,0,1,,,,
MNQ DEC25,10s,10,5481,2025-11-13 09:33:40,25469.5,25480,25467,25471,1544,13,1.5,9,2.5,1,-360.9,138.7,74.9,7.73
MNQ DEC25,20s,20,5740,2025-11-13 09:33:40,25458.25,25480,25450.25,25471,2526,29.75,12.75,9,8,1,-33.55,-184.9,-476.18333333,-358.53
MNQ DEC25,1s,1,820,2025-11-13 09:33:41,25471,25471.75,25468,25468,94,3.75,3,0.75,0,-1,,,,
MNQ DEC25,1s,1,821,2025-11-13 09:33:42,25468,25468.5,25466,25467.75,74,2.5,0.25,0.5,1.75,-1,,,,
MNQ DEC25,1s,1,822,2025-11-13 09:33:43,25467.25,25468.25,25462,25462,93,6.25,5.25,1,0,-1,,,,
MNQ DEC25,1s,1,823,2025-11-13 09:33:44,25463,25466,25461.25,25461.75,65,4.75,1.25,3,0.5,-1,,,,
MNQ DEC25,1s,1,824,2025-11-13 09:33:45,25461.25,25463.5,25461,25462.5,58,2.5,1.25,1,0.25,1,,,,
MNQ DEC25,1s,1,825,2025-11-13 09:33:46,25461.75,25464,25461.25,25463.5,60,2.75,1.75,0.5,0.5,1,,,,
MNQ DEC25,1s,1,826,2025-11-13 09:33:47,25464,25464.5,25461.75,25462,99,2.75,2,0.5,0.25,-1,,,,
MNQ DEC25,1s,1,827,2025-11-13 09:33:48,25461.5,25461.5,25459.25,25460.75,125,2.25,0.75,0,1.5,-1,,,,
MNQ DEC25,1s,1,828,2025-11-13 09:33:49,25460.75,25461.75,25458.25,25458.25,148,3.5,2.5,1,0,-1,,,,
MNQ DEC25,1s,1,829,2025-11-13 09:33:50,25459,25461.25,25457.5,25457.5,39,3.75,1.5,2.25,0,-1,,,,
MNQ DEC25,10s,10,5482,2025-11-13 09:33:50,25471,25471.75,25457.5,25457.5,855,14.25,13.5,0.75,0,-1,-274.55,86.35,114.43333333,50.23
MNQ DEC25,1s,1,830,2025-11-13 09:33:51,25458.5,25459.75,25457.25,25459.25,29,2.5,0.75,0.5,1.25,1,,,,
MNQ DEC25,1s,1,831,2025-11-13 09:33:52,25458.75,25462.75,25458.75,25462.25,39,4,3.5,0.5,0,1,,,,
MNQ DEC25,1s,1,832,2025-11-13 09:33:53,25461.25,25462,25458.25,25458.25,27,3.75,3,0.75,0,-1,,,,
MNQ DEC25,1s,1,833,2025-11-13 09:33:54,25458.75,25461,25458.75,25461,32,2.25,2.25,0,0,1,,,,
MNQ DEC25,1s,1,834,2025-11-13 09:33:55,25462,25462,25458.75,25459.25,49,3.25,2.75,0,0.5,-1,,,,
MNQ DEC25,1s,1,835,2025-11-13 09:33:56,25458.75,25459.5,25454,25454.5,115,5.5,4.25,0.75,0.5,-1,,,,
MNQ DEC25,1s,1,836,2025-11-13 09:33:57,25454.75,25454.75,25451.5,25452.75,88,3.25,2,0,1.25,-1,,,,
MNQ DEC25,1s,1,837,2025-11-13 09:33:58,25453,25454.5,25452.5,25454,64,2,1,0.5,0.5,1,,,,
MNQ DEC25,1s,1,838,2025-11-13 09:33:59,25454,25455,25452.5,25454.25,90,2.5,0.25,0.75,1.5,1,,,,
MNQ DEC25,1s,1,839,2025-11-13 09:34:00,25454.25,25455.75,25453.25,25455.75,54,2.5,1.5,0,1,1,,,,
MNQ DEC25,10s,10,5483,2025-11-13 09:34:00,25458.5,25462.75,25451.5,25455.75,587,11.25,2.75,4.25,4.25,-1,-351.45,-76.9,49.38333333,46.83
MNQ DEC25,20s,20,5741,2025-11-13 09:34:00,25471,25471.75,25451.5,25455.75,1442,20.25,15.25,0.75,4.25,-1,-265.15,-231.6,-287.21666667,-373.97
MNQ DEC25,1s,1,840,2025-11-13 09:34:01,25455.25,25457,25453.75,25455.5,69,3.25,0.25,1.5,1.5,1,,,,
MNQ DEC25,1s,1,841,2025-11-13 09:34:02,25456,25456,25448.25,25449,200,7.75,7,0,0.75,-1,,,,
MNQ DEC25,1s,1,842,2025-11-13 09:34:03,25448.5,25448.75,25446.5,25446.5,138,2.25,2,0.25,0,-1,,,,
MNQ DEC25,1s,1,843,2025-11-13 09:34:04,25446.25,25449.5,25445.5,25448.25,178,4,2,1.25,0.75,1,,,,
MNQ DEC25,1s,1,844,2025-11-13 09:34:05,25447.75,25449.75,25445.75,25446,124,4,1.75,2,0.25,-1,,,,
MNQ DEC25,1s,1,845,2025-11-13 09:34:06,25446.25,25446.25,25444,25444.75,147,2.25,1.5,0,0.75,-1,,,,
MNQ DEC25,1s,1,846,2025-11-13 09:34:07,25444.75,25446,25442.75,25443.75,170,3.25,1,1.25,1,-1,,,,
MNQ DEC25,1s,1,847,2025-11-13 09:34:08,25443.75,25448,25442.5,25448,132,5.5,4.25,0,1.25,1,,,,
MNQ DEC25,1s,1,848,2025-11-13 09:34:09,25448.25,25449.25,25444.5,25444.5,77,4.75,3.75,1,0,-1,,,,
MNQ DEC25,1s,1,849,2025-11-13 09:34:10,25444.25,25445.5,25444,25444,53,1.5,0.25,1.25,0,-1,,,,
MNQ DEC25,10s,10,5484,2025-11-13 09:34:10,25455.25,25457,25442.5,25444,1288,14.5,11.25,1.75,1.5,-1,-238.95,112.5,40.65,75.78
MNQ DEC25,1s,1,850,2025-11-13 09:34:11,25444.25,25454.5,25444.25,25454,131,10.25,9.75,0.5,0,1,,,,
MNQ DEC25,1s,1,851,2025-11-13 09:34:12,25454,25457.25,25451.75,25457,180,5.5,3,0.25,2.25,1,,,,
MNQ DEC25,1s,1,852,2025-11-13 09:34:13,25456.75,25456.75,25452.25,25453.75,80,4.5,3,0,1.5,-1,,,,
MNQ DEC25,1s,1,853,2025-11-13 09:34:14,25453.75,25454.75,25447,25447.75,65,7.75,6,1,0.75,-1,,,,
MNQ DEC25,1s,1,854,2025-11-13 09:34:15,25447.5,25449.25,25447.25,25448.25,56,2,0.75,1,0.25,1,,,,
MNQ DEC25,1s,1,855,2025-11-13 09:34:16,25449,25452.5,25449,25451,65,3.5,2,1.5,0,1,,,,
MNQ DEC25,1s,1,856,2025-11-13 09:34:17,25451.25,25452,25450.25,25450.5,51,1.75,0.75,0.75,0.25,-1,,,,
MNQ DEC25,1s,1,857,2025-11-13 09:34:18,25450.5,25452.5,25449.75,25450.25,84,2.75,0.25,2,0.5,-1,,,,
MNQ DEC25,1s,1,858,2025-11-13 09:34:19,25450.5,25452.25,25449.5,25451.75,43,2.75,1.25,0.5,1,1,,,,
MNQ DEC25,1s,1,859,2025-11-13 09:34:20,25451,25452.5,25449.75,25451.25,93,2.75,0.25,1.25,1.25,1,,,,
MNQ DEC25,10s,10,5485,2025-11-13 09:34:20,25444.25,25457.25,25444.25,25451.25,848,13,7,6,0,1,-235.55,3.4,13,52.81
MNQ DEC25,20s,20,5742,2025-11-13 09:34:20,25455.25,25457.25,25442.5,25451.25,2136,14.75,4,2,8.75,-1,-293.95,-28.8,-148.43333333,-337.79
MNQ DEC25,1s,1,860,2025-11-13 09:34:21,25449.75,25452.75,25448.25,25452.75,52,4.5,3,0,1.5,1,,,,
MNQ DEC25,1s,1,861,2025-11-13 09:34:22,25451.25,25452,25447.25,25448,60,4.75,3.25,0.75,0.75,-1,,,,
MNQ DEC25,1s,1,862,2025-11-13 09:34:23,25448.25,25449.5,25445.75,25445.75,39,3.75,2.5,1.25,0,-1,,,,
MNQ DEC25,1s,1,863,2025-11-13 09:34:24,25445.75,25447.25,25443.75,25445.75,82,3.5,0,1.5,2,0,,,,
MNQ DEC25,1s,1,864,2025-11-13 09:34:25,25445.75,25449.25,25445.25,25448.75,39,4,3,0.5,0.5,1,,,,
MNQ DEC25,1s,1,865,2025-11-13 09:34:26,25448.5,25448.75,25447.25,25448.25,27,1.5,0.25,0.25,1,-1,,,,
MNQ DEC25,1s,1,866,2025-11-13 09:34:27,25449.25,25456.75,25449.25,25456.75,118,7.5,7.5,0,0,1,,,,
MNQ DEC25,1s,1,867,2025-11-13 09:34:28,25455.75,25459.75,25455.75,25456.75,120,4,1,3,0,1,,,,
MNQ DEC25,1s,1,868,2025-11-13 09:34:29,25456.75,25457,25454.25,25456,97,2.75,0.75,0.25,1.75,-1,,,,
MNQ DEC25,1s,1,869,2025-11-13 09:34:30,25455.75,25456,25451,25451,70,5,4.75,0.25,0,-1,,,,
MNQ DEC25,10s,10,5486,2025-11-13 09:34:30,25449.75,25459.75,25443.75,25451,704,16,1.25,8.75,6,1,-313.05,-77.5,12.8,9.57
MNQ DEC25,1s,1,870,2025-11-13 09:34:31,25450.25,25452.25,25450.25,25451.25,69,2,1,1,0,1,,,,
MNQ DEC25,1s,1,871,2025-11-13 09:34:32,25450.75,25450.75,25446.75,25450.75,57,4,0,0,4,0,,,,
MNQ DEC25,1s,1,872,2025-11-13 09:34:33,25450.5,25451.5,25449.25,25450.75,48,2.25,0.25,0.75,1.25,1,,,,
MNQ DEC25,1s,1,873,2025-11-13 09:34:34,25451,25451,25448.5,25449.5,24,2.5,1.5,0,1,-1,,,,
MNQ DEC25,1s,1,874,2025-11-13 09:34:35,25449.25,25449.75,25445.25,25445.5,65,4.5,3.75,0.5,0.25,-1,,,,
MNQ DEC25,1s,1,875,2025-11-13 09:34:36,25446,25446,25444.5,25445.25,51,1.5,0.75,0,0.75,-1,,,,
MNQ DEC25,1s,1,876,2025-11-13 09:34:37,25446.25,25447,25444.25,25444.25,49,2.75,2,0.75,0,-1,,,,
MNQ DEC25,1s,1,877,2025-11-13 09:34:38,25444.5,25446.25,25443.5,25444.5,80,2.75,0,1.75,1,0,,,,
MNQ DEC25,1s,1,878,2025-11-13 09:34:39,25444,25444.75,25438.75,25438.75,215,6,5.25,0.75,0,-1,,,,
MNQ DEC25,1s,1,879,2025-11-13 09:34:40,25439.25,25441.25,25438.25,25440.75,135,3,1.5,0.5,1,1,,,,
MNQ DEC25,10s,10,5487,2025-11-13 09:34:40,25450.25,25452.25,25438.25,25440.75,793,14,9.5,2,2.5,-1,-233.45,79.6,1.83333333,8.22
MNQ DEC25,20s,20,5743,2025-11-13 09:34:40,25449.75,25459.75,25438.25,25440.75,1497,21.5,9,10,2.5,-1,-263.95,30,-76.8,-172.09
MNQ DEC25,1s,1,880,2025-11-13 09:34:41,25441.25,25443.75,25440.25,25442.75,127,3.5,1.5,1,1,1,,,,
MNQ DEC25,1s,1,881,2025-11-13 09:34:42,25443.5,25443.75,25440.5,25441.5,77,3.25,2,0.25,1,-1,,,,
MNQ DEC25,1s,1,882,2025-11-13 09:34:43,25441.5,25441.5,25440,25441,95,1.5,0.5,0,1,-1,,,,
MNQ DEC25,1s,1,883,2025-11-13 09:34:44,25440.75,25445.75,25440.75,25442,128,5,1.25,3.75,0,1,,,,
MNQ DEC25,1s,1,884,2025-11-13 09:34:45,25442.75,25442.75,25434,25435.25,330,8.75,7.5,0,1.25,-1,,,,
MNQ DEC25,1s,1,885,2025-11-13 09:34:46,25434.75,25435.75,25433.5,25434,180,2.25,0.75,1,0.5,-1,,,,
MNQ DEC25,1s,1,886,2025-11-13 09:34:47,25433.5,25436,25433.25,25434.25,154,2.75,0.75,1.75,0.25,1,,,,
MNQ DEC25,1s,1,887,2025-11-13 09:34:48,25434,25434.75,25431,25432,349,3.75,2,0.75,1,-1,,,,
MNQ DEC25,1s,1,888,2025-11-13 09:34:49,25432,25434,25432,25432.5,113,2,0.5,1.5,0,1,,,,
MNQ DEC25,1s,1,889,2025-11-13 09:34:50,25432,25433,25431,25431,109,2,1,1,0,-1,,,,
MNQ DEC25,10s,10,5488,2025-11-13 09:34:50,25441.25,25445.75,25431,25431,1662,14.75,10.25,4.5,0,-1,-12.6,220.85,74.31666667,67.77
MNQ DEC25,1s,1,890,2025-11-13 09:34:51,25431.25,25432,25428.5,25429.5,335,3.5,1.75,0.75,1,-1,,,,
MNQ DEC25,1s,1,891,2025-11-13 09:34:52,25429.25,25429.75,25426.25,25427.25,266,3.5,2,0.5,1,-1,,,,
MNQ DEC25,1s,1,892,2025-11-13 09:34:53,25427.25,25433,25426.5,25431.75,330,6.5,4.5,1.25,0.75,1,,,,
MNQ DEC25,1s,1,893,2025-11-13 09:34:54,25432.5,25435.25,25430.75,25435.25,235,4.5,2.75,0,1.75,1,,,,
MNQ DEC25,1s,1,894,2025-11-13 09:34:55,25434.5,25439,25434.5,25436.75,196,4.5,2.25,2.25,0,1,,,,
MNQ DEC25,1s,1,895,2025-11-13 09:34:56,25436.75,25438.25,25436,25436.5,98,2.25,0.25,1.5,0.5,-1,,,,
MNQ DEC25,1s,1,896,2025-11-13 09:34:57,25436.25,25438.75,25436,25437.75,108,2.75,1.5,1,0.25,1,,,,
MNQ DEC25,1s,1,897,2025-11-13 09:34:58,25437.5,25438.5,25436.5,25437.25,80,2,0.25,1,0.75,-1,,,,
MNQ DEC25,1s,1,898,2025-11-13 09:34:59,25436.75,25438.5,25435.5,25436.25,76,3,0.5,1.75,0.75,-1,,,,
MNQ DEC25,1s,1,899,2025-11-13 09:35:00,25435.75,25435.75,25433.5,25433.5,63,2.25,2.25,0,0,-1,,,,
MNQ DEC25,10s,10,5489,2025-11-13 09:35:00,25431.25,25439,25426.25,25433.5,1787,12.75,2.25,5.5,5,1,90.3,102.9,134.45,65.85
MNQ DEC25,20s,20,5744,2025-11-13 09:35:00,25441.25,25445.75,25426.25,25433.5,3449,19.5,7.75,4.5,7.25,-1,-52.85,211.1,70.76666667,-40.84
MNQ DEC25,1s,1,900,2025-11-13 09:35:01,25434,25436.25,25431.5,25436.25,293,4.75,2.25,0,2.5,1,,,,
MNQ DEC25,1s,1,901,2025-11-13 09:35:02,25436,25444.75,25435.75,25441,314,9,5,3.75,0.25,1,,,,
MNQ DEC25,1s,1,902,2025-11-13 09:35:03,25441.25,25443,25438,25438.25,175,5,3,1.75,0.25,-1,,,,
MNQ DEC25,1s,1,903,2025-11-13 09:35:04,25438,25438,25433.5,25433.75,136,4.5,4.25,0,0.25,-1,,,,
MNQ DEC25,1s,1,904,2025-11-13 09:35:05,25434,25435.25,25431.75,25432.75,166,3.5,1.25,1.25,1,-1,,,,
MNQ DEC25,1s,1,905,2025-11-13 09:35:06,25432,25432,25423.5,25423.5,655,8.5,8.5,0,0,-1,,,,
MNQ DEC25,1s,1,906,2025-11-13 09:35:07,25423.25,25423.5,25418.75,25418.75,746,4.75,4.5,0.25,0,-1,,,,
MNQ DEC25,1s,1,907,2025-11-13 09:35:08,25418.75,25421.25,25417.75,25417.75,428,3.5,1,2.5,0,-1,,,,
MNQ DEC25,1s,1,908,2025-11-13 09:35:09,25417.5,25419,25415.25,25416.75,410,3.75,0.75,1.5,1.5,-1,,,,
MNQ DEC25,1s,1,909,2025-11-13 09:35:10,25416.75,25416.75,25411.75,25412.5,440,5,4.25,0,0.75,-1,,,,
MNQ DEC25,10s,10,5490,2025-11-13 09:35:10,25434,25444.75,25411.75,25412.5,3763,33,21.5,10.75,0.75,-1,540.5,450.2,257.98333333,155.21
MNQ DEC25,1s,1,910,2025-11-13 09:35:11,25412.5,25414.25,25409,25412.5,527,5.25,0,1.75,3.5,0,,,,
MNQ DEC25,1s,1,911,2025-11-13 09:35:12,25413,25418.25,25411.75,25416.5,306,6.5,3.5,1.75,1.25,1,,,,
MNQ DEC25,1s,1,912,2025-11-13 09:35:13,25416.5,25421.25,25416.5,25420.25,260,4.75,3.75,1,0,1,,,,
MNQ DEC25,1s,1,913,2025-11-13 09:35:14,25420,25421.75,25419,25419.75,209,2.75,0.25,1.75,0.75,-1,,,,
MNQ DEC25,1s,1,914,2025-11-13 09:35:15,25420,25421.75,25417,25417.25,167,4.75,2.75,1.75,0.25,-1,,,,
MNQ DEC25,1s,1,915,2025-11-13 09:35:16,25418.25,25420.25,25416.5,25418.25,122,3.75,0,2,1.75,0,,,,
MNQ DEC25,1s,1,916,2025-11-13 09:35:17,25417.75,25417.75,25413,25413.5,146,4.75,4.25,0,0.5,-1,,,,
MNQ DEC25,1s,1,917,2025-11-13 09:35:18,25413.5,25419,25413.25,25417.75,220,5.75,4.25,1.25,0.25,1,,,,
MNQ DEC25,1s,1,918,2025-11-13 09:35:19,25418.5,25420.25,25417,25418.25,188,3.25,0.25,1.75,1.25,-1,,,,
MNQ DEC25,1s,1,919,2025-11-13 09:35:20,25418,25418.25,25413.25,25414.25,131,5,3.75,0.25,1,-1,,,,
MNQ DEC25,10s,10,5491,2025-11-13 09:35:20,25412.5,25421.75,25409,25414.25,2276,12.75,1.75,7.5,3.5,1,831.8,291.3,281.46666667,228.97
MNQ DEC25,20s,20,5745,2025-11-13 09:35:20,25434,25444.75,25409,25414.25,6039,35.75,19.75,10.75,5.25,-1,426.75,479.6,240.23333333,92.06
MNQ DEC25,1s,1,920,2025-11-13 09:35:21,25414.25,25414.25,25408.5,25410,280,5.75,4.25,0,1.5,-1,,,,
MNQ DEC25,1s,1,921,2025-11-13 09:35:22,25409.75,25410.75,25405.5,25407.25,274,5.25,2.5,1,1.75,-1,,,,
MNQ DEC25,1s,1,922,2025-11-13 09:35:23,25407.25,25408,25405,25406.5,230,3,0.75,0.75,1.5,-1,,,,
MNQ DEC25,1s,1,923,2025-11-13 09:35:24,25406.75,25407.25,25403.5,25406.25,295,3.75,0.5,0.5,2.75,-1,,,,
MNQ DEC25,1s,1,924,2025-11-13 09:35:25,25406.25,25406.75,25401.25,25403.5,293,5.5,2.75,0.5,2.25,-1,,,,
MNQ DEC25,1s,1,925,2025-11-13 09:35:26,25404,25407.75,25403.25,25405.25,257,4.5,1.25,2.5,0.75,1,,,,
MNQ DEC25,1s,1,926,2025-11-13 09:35:27,25405.75,25406.75,25403,25404.5,235,3.75,1.25,1,1.5,-1,,,,
MNQ DEC25,1s,1,927,2025-11-13 09:35:28,25404.5,25405.75,25401.75,25404.5,174,4,0,1.25,2.75,0,,,,
MNQ DEC25,1s,1,928,2025-11-13 09:35:29,25403.5,25406.25,25402.5,25404.25,160,3.75,0.75,2,1,1,,,,
MNQ DEC25,1s,1,929,2025-11-13 09:35:30,25404.25,25405,25402.75,25403.75,198,2.25,0.5,0.75,1,-1,,,,
MNQ DEC25,10s,10,5492,2025-11-13 09:35:30,25414.25,25414.25,25401.25,25403.75,2396,13,10.5,0,2.5,-1,1091.85,260.05,333.85,265.06
MNQ DEC25,1s,1,930,2025-11-13 09:35:31,25405,25407.75,25403.25,25403.75,147,4.5,1.25,2.75,0.5,-1,,,,
MNQ DEC25,1s,1,931,2025-11-13 09:35:32,25404.25,25405,25400,25401.5,308,5,2.75,0.75,1.5,-1,,,,
MNQ DEC25,1s,1,932,2025-11-13 09:35:33,25401.5,25404.5,25401.25,25402,145,3.25,0.5,2.5,0.25,1,,,,
MNQ DEC25,1s,1,933,2025-11-13 09:35:34,25402.5,25406.5,25402.5,25404.25,177,4,1.75,2.25,0,1,,,,
MNQ DEC25,1s,1,934,2025-11-13 09:35:35,25404.25,25405.5,25400.75,25401,139,4.75,3.25,1.25,0.25,-1,,,,
MNQ DEC25,1s,1,935,2025-11-13 09:35:36,25401,25403,25399.25,25402.5,350,3.75,1.5,0.5,1.75,1,,,,
MNQ DEC25,1s,1,936,2025-11-13 09:35:37,25402.5,25402.75,25398.25,25398.5,176,4.5,4,0.25,0.25,-1,,,,
MNQ DEC25,1s,1,937,2025-11-13 09:35:38,25399.25,25399.75,25396.25,25397.5,248,3.5,1.75,0.5,1.25,-1,,,,
MNQ DEC25,1s,1,938,2025-11-13 09:35:39,25398.25,25401.5,25397.25,25398,283,4.25,0.25,3.25,0.75,-1,,,,
MNQ DEC25,1s,1,939,2025-11-13 09:35:40,25398.5,25398.75,25396,25397.25,141,2.75,1.25,0.25,1.25,-1,,,,
MNQ DEC25,10s,10,5493,2025-11-13 09:35:40,25405,25407.75,25396,25397.25,2114,11.75,7.75,2.75,1.25,-1,1135.95,44.1,198.48333333,229.71
MNQ DEC25,20s,20,5746,2025-11-13 09:35:40,25414.25,25414.25,25396,25397.25,4510,18.25,17,0,1.25,-1,870.05,443.3,378,227.04
MNQ DEC25,1s,1,940,2025-11-13 09:35:41,25396.5,25397.5,25392.5,25393.25,211,5,3.25,1,0.75,-1,,,,
MNQ DEC25,1s,1,941,2025-11-13 09:35:42,25393.25,25396.5,25392.25,25395.25,205,4.25,2,1.25,1,1,,,,
MNQ DEC25,1s,1,942,2025-11-13 09:35:43,25394.5,25396.5,25392.75,25394.5,145,3.75,0,2,1.75,0,,,,
MNQ DEC25,1s,1,943,2025-11-13 09:35:44,25394.5,25401.5,25393.5,25401.5,205,8,7,0,1,1,,,,
MNQ DEC25,1s,1,944,2025-11-13 09:35:45,25400.75,25403.5,25400,25401.75,222,3.5,1,1.75,0.75,1,,,,
MNQ DEC25,1s,1,945,2025-11-13 09:35:46,25401.75,25402.5,25399,25399.5,139,3.5,2.25,0.75,0.5,-1,,,,
MNQ DEC25,1s,1,946,2025-11-13 09:35:47,25399.25,25402.5,25398.5,25402.25,103,4,3,0.25,0.75,1,,,,
MNQ DEC25,1s,1,947,2025-11-13 09:35:48,25402,25405,25401.5,25403.75,204,3.5,1.75,1.25,0.5,1,,,,
MNQ DEC25,1s,1,948,2025-11-13 09:35:49,25403.75,25404.5,25401.75,25402.25,164,2.75,1.5,0.75,0.5,-1,,,,
MNQ DEC25,1s,1,949,2025-11-13 09:35:50,25403,25406.25,25400.5,25403.25,305,5.75,0.25,3,2.5,1,,,,
MNQ DEC25,10s,10,5494,2025-11-13 09:35:50,25396.5,25406.25,25392.25,25403.25,1903,14,6.75,3,4.25,1,1107.45,-28.5,91.88333333,203.43
MNQ DEC25,1s,1,950,2025-11-13 09:35:51,25403.25,25403.25,25396.25,25397.5,163,7,5.75,0,1.25,-1,,,,
MNQ DEC25,1s,1,951,2025-11-13 09:35:52,25397.25,25398.5,25396,25397,80,2.5,0.25,1.25,1,-1,,,,
MNQ DEC25,1s,1,952,2025-11-13 09:35:53,25397,25399,25396.5,25397.25,90,2.5,0.25,1.75,0.5,1,,,,
MNQ DEC25,1s,1,953,2025-11-13 09:35:54,25398.25,25399.25,25396.75,25398,119,2.5,0.25,1,1.25,-1,,,,
MNQ DEC25,1s,1,954,2025-11-13 09:35:55,25397.75,25401.75,25397.25,25400,125,4.5,2.25,1.75,0.5,1,,,,
MNQ DEC25,1s,1,955,2025-11-13 09:35:56,25400.25,25403.25,25399.75,25402.25,100,3.5,2,1,0.5,1,,,,
MNQ DEC25,1s,1,956,2025-11-13 09:35:57,25402,25408.75,25402,25405.25,248,6.75,3.25,3.5,0,1,,,,
MNQ DEC25,1s,1,957,2025-11-13 09:35:58,25405.25,25406.25,25403.75,25405.25,76,2.5,0,1,1.5,0,,,,
MNQ DEC25,1s,1,958,2025-11-13 09:35:59,25405.5,25406.25,25401,25401.5,105,5.25,4,0.75,0.5,-1,,,,
MNQ DEC25,1s,1,959,2025-11-13 09:36:00,25401.5,25403,25401,25401.75,94,2,0.25,1.25,0.5,1,,,,
MNQ DEC25,10s,10,5495,2025-11-13 09:36:00,25403.25,25408.75,25396,25401.75,1200,12.75,1.5,5.5,5.75,-1,584.45,-523,-169.13333333,8.79
MNQ DEC25,20s,20,5747,2025-11-13 09:36:00,25396.5,25408.75,25392.25,25401.75,3103,16.5,5.25,7,4.25,1,950.95,80.9,334.6,248.98
MNQ DEC25,1s,1,960,2025-11-13 09:36:01,25402.25,25404,25398,25398,239,6,4.25,1.75,0,-1,,,,
MNQ DEC25,1s,1,961,2025-11-13 09:36:02,25398.25,25401.25,25396.5,25399.25,224,4.75,1,2,1.75,1,,,,
MNQ DEC25,1s,1,962,2025-11-13 09:36:03,25399.25,25401.75,25397.75,25398.5,141,4,0.75,2.5,0.75,-1,,,,
MNQ DEC25,1s,1,963,2025-11-13 09:36:04,25399.25,25401,25398.25,25399.25,75,2.75,0,1.75,1,0,,,,
MNQ DEC25,1s,1,964,2025-11-13 09:36:05,25399,25399.5,25397.25,25398.25,65,2.25,0.75,0.5,1,-1,,,,
MNQ DEC25,1s,1,965,2025-11-13 09:36:06,25398.25,25400,25396.25,25400,97,3.75,1.75,0,2,1,,,,
MNQ DEC25,1s,1,966,2025-11-13 09:36:07,25399,25399.75,25395.5,25396.25,89,4.25,2.75,0.75,0.75,-1,,,,
MNQ DEC25,1s,1,967,2025-11-13 09:36:08,25397.5,25399.25,25394.5,25395.75,98,4.75,1.75,1.75,1.25,-1,,,,
MNQ DEC25,1s,1,968,2025-11-13 09:36:09,25395.25,25396.5,25392.75,25393.75,153,3.75,1.5,1.25,1,-1,,,,
MNQ DEC25,1s,1,969,2025-11-13 09:36:10,25394.25,25395,25391.25,25392.25,238,3.75,2,0.75,1,-1,,,,
MNQ DEC25,10s,10,5496,2025-11-13 09:36:10,25402.25,25404,25391.25,25392.25,1419,12.75,10,1.75,1,-1,379.6,-204.85,-252.11666667,-90.44
MNQ DEC25,1s,1,970,2025-11-13 09:36:11,25393,25394.5,25391.75,25393,200,2.75,0,1.5,1.25,0,,,,
MNQ DEC25,1s,1,971,2025-11-13 09:36:12,25393,25396.75,25392,25395.25,218,4.75,2.25,1.5,1,1,,,,
MNQ DEC25,1s,1,972,2025-11-13 09:36:13,25395.25,25398.25,25394.5,25397.25,155,3.75,2,1,0.75,1,,,,
MNQ DEC25,1s,1,973,2025-11-13 09:36:14,25397.5,25397.75,25393.25,25393.75,125,4.5,3.75,0.25,0.5,-1,,,,
MNQ DEC25,1s,1,974,2025-11-13 09:36:15,25393.75,25393.75,25387.5,25388,458,6.25,5.75,0,0.5,-1,,,,
MNQ DEC25,1s,1,975,2025-11-13 09:36:16,25387.5,25389.25,25387,25389,197,2.25,1.5,0.25,0.5,1,,,,
MNQ DEC25,1s,1,976,2025-11-13 09:36:17,25389.25,25390.25,25386.75,25386.75,170,3.5,2.5,1,0,-1,,,,
MNQ DEC25,1s,1,977,2025-11-13 09:36:18,25386.75,25389.25,25386.25,25388.25,287,3,1.5,1,0.5,1,,,,
MNQ DEC25,1s,1,978,2025-11-13 09:36:19,25387.75,25389.75,25387,25388.75,145,2.75,1,1,0.75,1,,,,
MNQ DEC25,1s,1,979,2025-11-13 09:36:20,25389.25,25389.5,25387.25,25387.25,112,2.25,2,0.25,0,-1,,,,
MNQ DEC25,10s,10,5497,2025-11-13 09:36:20,25393,25398.25,25386.25,25387.25,2067,12,5.75,5.25,1,-1,242,-137.6,-288.48333333,-169.97
MNQ DEC25,20s,20,5748,2025-11-13 09:36:20,25402.25,25404,25386.25,25387.25,3486,17.75,15,1.75,1,-1,1207.1,256.15,260.11666667,294.21
MNQ DEC25,1s,1,980,2025-11-13 09:36:21,25387.5,25391.75,25386.25,25391.5,149,5.5,4,0.25,1.25,1,,,,
MNQ DEC25,1s,1,981,2025-11-13 09:36:22,25392.25,25392.25,25389,25390,78,3.25,2.25,0,1,-1,,,,
MNQ DEC25,1s,1,982,2025-11-13 09:36:23,25389.5,25391.25,25388.75,25389.5,66,2.5,0,1.75,0.75,0,,,,
MNQ DEC25,1s,1,983,2025-11-13 09:36:24,25389.5,25390,25387.5,25388,110,2.5,1.5,0.5,0.5,-1,,,,
MNQ DEC25,1s,1,984,2025-11-13 09:36:25,25387.75,25387.75,25385.75,25386.25,124,2,1.5,0,0.5,-1,,,,
MNQ DEC25,1s,1,985,2025-11-13 09:36:26,25387.75,25388.25,25384.25,25385.5,189,4,2.25,0.5,1.25,-1,,,,
MNQ DEC25,1s,1,986,2025-11-13 09:36:27,25386.25,25387,25383.25,25386.25,172,3.75,0,0.75,3,0,,,,
MNQ DEC25,1s,1,987,2025-11-13 09:36:28,25385.75,25387.25,25384.5,25385.5,114,2.75,0.25,1.5,1,-1,,,,
MNQ DEC25,1s,1,988,2025-11-13 09:36:29,25385.5,25386.5,25383.5,25385.25,146,3,0.25,1,1.75,-1,,,,
MNQ DEC25,1s,1,989,2025-11-13 09:36:30,25385,25386.5,25383,25384,88,3.5,1,1.5,1,-1,,,,
MNQ DEC25,10s,10,5498,2025-11-13 09:36:30,25387.5,25392.25,25383,25384,1236,9.25,3.5,4.75,1,-1,59.7,-182.3,-174.91666667,-215.25
MNQ DEC25,1s,1,990,2025-11-13 09:36:31,25383.5,25384.5,25381.75,25382.25,130,2.75,1.25,1,0.5,-1,,,,
MNQ DEC25,1s,1,991,2025-11-13 09:36:32,25382,25382.5,25376.5,25379.25,516,6,2.75,0.5,2.75,-1,,,,
MNQ DEC25,1s,1,992,2025-11-13 09:36:33,25379,25380.25,25376.5,25376.5,190,3.75,2.5,1.25,0,-1,,,,
MNQ DEC25,1s,1,993,2025-11-13 09:36:34,25377,25377,25371.5,25374.5,453,5.5,2.5,0,3,-1,,,,
MNQ DEC25,1s,1,994,2025-11-13 09:36:35,25373.75,25376.25,25372.75,25374.5,155,3.5,0.75,1.75,1,1,,,,
MNQ DEC25,1s,1,995,2025-11-13 09:36:36,25374.5,25377.75,25374.5,25375.25,187,3.25,0.75,2.5,0,1,,,,
MNQ DEC25,1s,1,996,2025-11-13 09:36:37,25375.5,25375.5,25371.5,25371.75,156,4,3.75,0,0.25,-1,,,,
MNQ DEC25,1s,1,997,2025-11-13 09:36:38,25372.25,25375.5,25372,25375.25,122,3.5,3,0.25,0.25,1,,,,
MNQ DEC25,1s,1,998,2025-11-13 09:36:39,25374.5,25374.5,25369.75,25370.75,250,4.75,3.75,0,1,-1,,,,
MNQ DEC25,1s,1,999,2025-11-13 09:36:40,25370.75,25372,25368.25,25368.5,154,3.75,2.25,1.25,0.25,-1,,,,
MNQ DEC25,10s,10,5499,2025-11-13 09:36:40,25383.5,25384.5,25368.25,25368.5,2313,16.25,15,1,0.25,-1,60.15,0.45,-106.48333333,-209.46
MNQ DEC25,20s,20,5749,2025-11-13 09:36:40,25387.5,25392.25,25368.25,25368.5,3549,24,19,4.75,0.25,-1,1101.3,-105.8,77.08333333,230.83
MNQ DEC25,1s,1,1000,2025-11-13 09:36:41,25368.75,25370.5,25367.75,25368.25,297,2.75,0.5,1.75,0.5,-1,,,,
MNQ DEC25,1s,1,1001,2025-11-13 09:36:42,25368,25370.25,25366.25,25369.25,269,4,1.25,1,1.75,1,,,,
MNQ DEC25,1s,1,1002,2025-11-13 09:36:43,25369,25369,25365,25367.75,257,4,1.25,0,2.75,-1,,,,
MNQ DEC25,1s,1,1003,2025-11-13 09:36:44,25367,25368.5,25365,25365,174,3.5,2,1.5,0,-1,,,,
MNQ DEC25,1s,1,1004,2025-11-13 09:36:45,25365.25,25367.25,25364.25,25365,191,3,0.25,2,0.75,-1,,,,
MNQ DEC25,1s,1,1005,2025-11-13 09:36:46,25365.5,25368.25,25364.75,25368.25,121,3.5,2.75,0,0.75,1,,,,
MNQ DEC25,1s,1,1006,2025-11-13 09:36:47,25368,25368.75,25366.25,25366.5,106,2.5,1.5,0.75,0.25,-1,,,,
MNQ DEC25,1s,1,1007,2025-11-13 09:36:48,25367.5,25367.5,25364,25365.75,229,3.5,1.75,0,1.75,-1,,,,
MNQ DEC25,1s,1,1008,2025-11-13 09:36:49,25365.75,25368,25365.75,25366.25,117,2.25,0.5,1.75,0,1,,,,
MNQ DEC25,1s,1,1009,2025-11-13 09:36:50,25366.5,25374.25,25366.5,25372.75,261,7.75,6.25,1.5,0,1,,,,
MNQ DEC25,10s,10,5500,2025-11-13 09:36:50,25368.75,25374.25,25364,25372.75,2022,10.25,4,1.5,4.75,1,172.55,112.4,-23.15,-82.38
MNQ DEC25,1s,1,1010,2025-11-13 09:36:51,25372.25,25373.5,25370.5,25372.25,171,3,0,1.25,1.75,0,,,,
MNQ DEC25,1s,1,1011,2025-11-13 09:36:52,25372.25,25375,25371.5,25374.25,204,3.5,2,0.75,0.75,1,,,,
MNQ DEC25,1s,1,1012,2025-11-13 09:36:53,25374,25378.25,25374,25377,232,4.25,3,1.25,0,1,,,,
MNQ DEC25,1s,1,1013,2025-11-13 09:36:54,25377,25379.25,25373.75,25374.75,301,5.5,2.25,2.25,1,-1,,,,
MNQ DEC25,1s,1,1014,2025-11-13 09:36:55,25374.75,25376.25,25374.25,25375.25,89,2,0.5,1,0.5,1,,,,
MNQ DEC25,1s,1,1015,2025-11-13 09:36:56,25375,25376.5,25372.25,25372.25,130,4.25,2.75,1.5,0,-1,,,,
MNQ DEC25,1s,1,1016,2025-11-13 09:36:57,25372.5,25373.75,25372,25372.25,76,1.75,0.25,1.25,0.25,-1,,,,
MNQ DEC25,1s,1,1017,2025-11-13 09:36:58,25372.75,25374,25371,25371,84,3,1.75,1.25,0,-1,,,,
MNQ DEC25,1s,1,1018,2025-11-13 09:36:59,25371,25371.5,25366.5,25366.5,190,5,4.5,0.5,0,-1,,,,
MNQ DEC25,1s,1,1019,2025-11-13 09:37:00,25366.5,25367,25365.5,25366.5,104,1.5,0,0.5,1,0,,,,
MNQ DEC25,10s,10,5501,2025-11-13 09:37:00,25372.25,25379.25,25365.5,25366.5,1581,13.75,5.75,7,1,-1,203.1,30.55,47.8,-35.3
MNQ DEC25,20s,20,5750,2025-11-13 09:37:00,25368.75,25379.25,25364,25366.5,3603,15.25,2.25,10.5,2.5,-1,660.4,-440.9,-96.85,46.73
MNQ DEC25,1s,1,1020,2025-11-13 09:37:01,25366.5,25369.25,25365.5,25368,237,3.75,1.5,1.25,1,1,,,,
MNQ DEC25,1s,1,1021,2025-11-13 09:37:02,25367.5,25372,25366.5,25370.5,137,5.5,3,1.5,1,1,,,,
MNQ DEC25,1s,1,1022,2025-11-13 09:37:03,25370,25371,25368.75,25369.5,128,2.25,0.5,1,0.75,-1,,,,
MNQ DEC25,1s,1,1023,2025-11-13 09:37:04,25369.25,25375,25369.25,25374.5,243,5.75,5.25,0.5,0,1,,,,
MNQ DEC25,1s,1,1024,2025-11-13 09:37:05,25374.75,25375,25370.25,25372.25,114,4.75,2.5,0.25,2,-1,,,,
MNQ DEC25,1s,1,1025,2025-11-13 09:37:06,25372.75,25373,25369.75,25372.75,88,3.25,0,0.25,3,0,,,,
MNQ DEC25,1s,1,1026,2025-11-13 09:37:07,25371.75,25372.25,25368.5,25369.5,94,3.75,2.25,0.5,1,-1,,,,
MNQ DEC25,1s,1,1027,2025-11-13 09:37:08,25370,25370.25,25367.5,25368,119,2.75,2,0.25,0.5,-1,,,,
MNQ DEC25,1s,1,1028,2025-11-13 09:37:09,25368.25,25372.5,25367.5,25372,76,5,3.75,0.5,0.75,1,,,,
MNQ DEC25,1s,1,1029,2025-11-13 09:37:10,25371.75,25373,25371,25372.25,82,2,0.5,0.75,0.75,1,,,,
MNQ DEC25,10s,10,5502,2025-11-13 09:37:10,25366.5,25375,25365.5,25372.25,1318,9.5,5.75,2.75,1,1,30.15,-172.95,-10,-42.37
MNQ DEC25,1s,1,1030,2025-11-13 09:37:11,25372.25,25372.75,25368.25,25368.75,117,4.5,3.5,0.5,0.5,-1,,,,
MNQ DEC25,1s,1,1031,2025-11-13 09:37:12,25368.75,25370.5,25367,25369.5,94,3.5,0.75,1,1.75,1,,,,
MNQ DEC25,1s,1,1032,2025-11-13 09:37:13,25370,25370.5,25367.75,25369.25,72,2.75,0.75,0.5,1.5,-1,,,,
MNQ DEC25,1s,1,1033,2025-11-13 09:37:14,25369.5,25372,25367.5,25368.5,75,4.5,1,2.5,1,-1,,,,
MNQ DEC25,1s,1,1034,2025-11-13 09:37:15,25369.25,25369.25,25363,25366.75,244,6.25,2.5,0,3.75,-1,,,,
MNQ DEC25,1s,1,1035,2025-11-13 09:37:16,25367,25367,25363.25,25365,122,3.75,2,0,1.75,-1,,,,
MNQ DEC25,1s,1,1036,2025-11-13 09:37:17,25366,25366.5,25363.75,25364.25,95,2.75,1.75,0.5,0.5,-1,,,,
MNQ DEC25,1s,1,1037,2025-11-13 09:37:18,25364.25,25364.5,25359.5,25360.5,309,5,3.75,0.25,1,-1,,,,
MNQ DEC25,1s,1,1038,2025-11-13 09:37:19,25360.75,25368,25360.75,25368,232,7.25,7.25,0,0,1,,,,
MNQ DEC25,1s,1,1039,2025-11-13 09:37:20,25367.5,25367.5,25362.5,25364,111,5,3.5,0,1.5,-1,,,,
MNQ DEC25,10s,10,5503,2025-11-13 09:37:20,25372.25,25372.75,25359.5,25364,1471,13.25,8.25,0.5,4.5,-1,32.95,2.8,-46.53333333,-5.35
MNQ DEC25,20s,20,5751,2025-11-13 09:37:20,25366.5,25375,25359.5,25364,2789,15.5,2.5,8.5,4.5,-1,316.5,-343.9,-296.86666667,-110.71
MNQ DEC25,1s,1,1040,2025-11-13 09:37:21,25364,25365,25360.5,25363.75,112,4.5,0.25,1,3.25,-1,,,,
MNQ DEC25,1s,1,1041,2025-11-13 09:37:22,25364.25,25364.25,25362,25363.25,63,2.25,1,0,1.25,-1,,,,
MNQ DEC25,1s,1,1042,2025-11-13 09:37:23,25363,25363.75,25359.25,25362,156,4.5,1,0.75,2.75,-1,,,,
MNQ DEC25,1s,1,1043,2025-11-13 09:37:24,25361.25,25363.75,25360.75,25360.75,115,3,0.5,2.5,0,-1,,,,
MNQ DEC25,1s,1,1044,2025-11-13 09:37:25,25361.25,25363.25,25360.75,25361.25,84,2.5,0,2,0.5,0,,,,
MNQ DEC25,1s,1,1045,2025-11-13 09:37:26,25361.25,25363,25359.75,25361.25,160,3.25,0,1.75,1.5,0,,,,
MNQ DEC25,1s,1,1046,2025-11-13 09:37:27,25361.75,25361.75,25356,25358.25,226,5.75,3.5,0,2.25,-1,,,,
MNQ DEC25,1s,1,1047,2025-11-13 09:37:28,25358.5,25366,25358.5,25365.75,241,7.5,7.25,0.25,0,1,,,,
MNQ DEC25,1s,1,1048,2025-11-13 09:37:29,25365.25,25365.25,25362.5,25364.5,116,2.75,0.75,0,2,-1,,,,
MNQ DEC25,1s,1,1049,2025-11-13 09:37:30,25363.75,25364.5,25362,25363,79,2.5,0.75,0.75,1,-1,,,,
MNQ DEC25,10s,10,5504,2025-11-13 09:37:30,25364,25366,25356,25363,1352,10,1,2,7,-1,-162.45,-195.4,-121.85,-44.52
MNQ DEC25,1s,1,1050,2025-11-13 09:37:31,25364.75,25366.75,25362,25362.75,116,4.75,2,2,0.75,-1,,,,
MNQ DEC25,1s,1,1051,2025-11-13 09:37:32,25363,25367,25363,25367,115,4,4,0,0,1,,,,
MNQ DEC25,1s,1,1052,2025-11-13 09:37:33,25366.75,25367.25,25363.75,25364,118,3.5,2.75,0.5,0.25,-1,,,,
MNQ DEC25,1s,1,1053,2025-11-13 09:37:34,25364.75,25365.5,25362.25,25363.75,228,3.25,1,0.75,1.5,-1,,,,
MNQ DEC25,1s,1,1054,2025-11-13 09:37:35,25363,25363,25358,25359.25,169,5,3.75,0,1.25,-1,,,,
MNQ DEC25,1s,1,1055,2025-11-13 09:37:36,25359.5,25360,25355.25,25356.5,187,4.75,3,0.5,1.25,-1,,,,
MNQ DEC25,1s,1,1056,2025-11-13 09:37:37,25356.25,25358.75,25355.75,25357.5,175,3,1.25,1.25,0.5,1,,,,
MNQ DEC25,1s,1,1057,2025-11-13 09:37:38,25357.5,25362.5,25356.75,25361.75,138,5.75,4.25,0.75,0.75,1,,,,
MNQ DEC25,1s,1,1058,2025-11-13 09:37:39,25361.5,25364,25361.5,25361.5,88,2.5,0,2.5,0,0,,,,
MNQ DEC25,1s,1,1059,2025-11-13 09:37:40,25361.75,25362.5,25358.5,25359,72,4,2.75,0.75,0.5,-1,,,,
MNQ DEC25,10s,10,5505,2025-11-13 09:37:40,25364.75,25367.25,25355.25,25359,1406,12,5.75,2.5,3.75,-1,-313.55,-151.1,-114.56666667,-97.22
MNQ DEC25,20s,20,5752,2025-11-13 09:37:40,25364,25367.25,25355.25,25359,2758,12,5,3.25,3.75,-1,237.9,-78.6,-287.8,-142.61
MNQ DEC25,1s,1,1060,2025-11-13 09:37:41,25358.75,25360.5,25358.5,25359.5,64,2,0.75,1,0.25,1,,,,
MNQ DEC25,1s,1,1061,2025-11-13 09:37:42,25360.25,25360.5,25358.25,25358.5,119,2.25,1.75,0.25,0.25,-1,,,,
MNQ DEC25,1s,1,1062,2025-11-13 09:37:43,25358.25,25359.25,25357.75,25358.5,98,1.5,0.25,0.75,0.5,1,,,,
MNQ DEC25,1s,1,1063,2025-11-13 09:37:44,25358.25,25359.25,25356.25,25357.75,147,3,0.5,1,1.5,-1,,,,
MNQ DEC25,1s,1,1064,2025-11-13 09:37:45,25358.25,25362,25357.5,25362,114,4.5,3.75,0,0.75,1,,,,
MNQ DEC25,1s,1,1065,2025-11-13 09:37:46,25361.5,25363.25,25360.25,25362.25,94,3,0.75,1,1.25,1,,,,
MNQ DEC25,1s,1,1066,2025-11-13 09:37:47,25362,25363.5,25360.25,25361,91,3.25,1,1.5,0.75,-1,,,,
MNQ DEC25,1s,1,1067,2025-11-13 09:37:48,25360.75,25362.5,25359,25360.5,59,3.5,0.25,1.75,1.5,-1,,,,
MNQ DEC25,1s,1,1068,2025-11-13 09:37:49,25360.25,25364.5,25360,25363,77,4.5,2.75,1.5,0.25,1,,,,
MNQ DEC25,1s,1,1069,2025-11-13 09:37:50,25364,25365.5,25363.25,25363.25,90,2.25,0.75,1.5,0,-1,,,,
MNQ DEC25,10s,10,5506,2025-11-13 09:37:50,25358.75,25365.5,25356.25,25363.25,953,9.25,4.5,2.25,2.5,1,-451.6,-138.05,-161.51666667,-130.94
MNQ DEC25,1s,1,1070,2025-11-13 09:37:51,25363.75,25366.5,25363.5,25364.5,127,3,0.75,2,0.25,1,,,,
MNQ DEC25,1s,1,1071,2025-11-13 09:37:52,25364,25366.25,25362.75,25366.25,88,3.5,2.25,0,1.25,1,,,,
MNQ DEC25,1s,1,1072,2025-11-13 09:37:53,25365,25366,25363,25365.25,97,3,0.25,0.75,2,1,,,,
MNQ DEC25,1s,1,1073,2025-11-13 09:37:54,25365,25365.25,25362.25,25362.25,72,3,2.75,0.25,0,-1,,,,
MNQ DEC25,1s,1,1074,2025-11-13 09:37:55,25362.75,25365.75,25362.75,25365.5,73,3,2.75,0.25,0,1,,,,
MNQ DEC25,1s,1,1075,2025-11-13 09:37:56,25365.25,25366.75,25365,25365.75,75,1.75,0.5,1,0.25,1,,,,
MNQ DEC25,1s,1,1076,2025-11-13 09:37:57,25365,25372.25,25364.75,25372.25,255,7.5,7.25,0,0.25,1,,,,
MNQ DEC25,1s,1,1077,2025-11-13 09:37:58,25372.5,25376.25,25372,25375.75,419,4.25,3.25,0.5,0.5,1,,,,
MNQ DEC25,1s,1,1078,2025-11-13 09:37:59,25375.5,25379.25,25374.25,25374.75,362,5,0.75,3.75,0.5,-1,,,,
MNQ DEC25,1s,1,1079,2025-11-13 09:38:00,25374.75,25375.25,25372,25372.5,157,3.25,2.25,0.5,0.5,-1,,,,
MNQ DEC25,10s,10,5507,2025-11-13 09:38:00,25363.75,25379.25,25362.25,25372.5,1725,17,8.75,6.75,1.5,1,-416.8,34.8,-84.78333333,-89.39
MNQ DEC25,20s,20,5753,2025-11-13 09:38:00,25358.75,25379.25,25356.25,25372.5,2678,23,13.75,6.75,2.5,1,199.75,-38.15,-153.55,-201.47
MNQ DEC25,1s,1,1080,2025-11-13 09:38:01,25372.75,25372.75,25365,25367.75,296,7.75,5,0,2.75,-1,,,,
MNQ DEC25,1s,1,1081,2025-11-13 09:38:02,25367.5,25368.25,25365,25365.25,188,3.25,2.25,0.75,0.25,-1,,,,
MNQ DEC25,1s,1,1082,2025-11-13 09:38:03,25365.5,25366,25363,25363.5,119,3,2,0.5,0.5,-1,,,,
MNQ DEC25,1s,1,1083,2025-11-13 09:38:04,25363.5,25365,25362.25,25363.25,169,2.75,0.25,1.5,1,-1,,,,
MNQ DEC25,1s,1,1084,2025-11-13 09:38:05,25363.75,25364.75,25362,25364.5,159,2.75,0.75,0.25,1.75,1,,,,
MNQ DEC25,1s,1,1085,2025-11-13 09:38:06,25364,25364,25362,25363.75,62,2,0.25,0,1.75,-1,,,,
MNQ DEC25,1s,1,1086,2025-11-13 09:38:07,25363.75,25365,25362.75,25364.5,69,2.25,0.75,0.5,1,1,,,,
MNQ DEC25,1s,1,1087,2025-11-13 09:38:08,25364.5,25366.5,25364,25365.5,70,2.5,1,1,0.5,1,,,,
MNQ DEC25,1s,1,1088,2025-11-13 09:38:09,25366.25,25367.5,25364.75,25367,77,2.75,0.75,0.5,1.5,1,,,,
MNQ DEC25,1s,1,1089,2025-11-13 09:38:10,25366.25,25366.75,25363.5,25365.25,91,3.25,1,0.5,1.75,-1,,,,
MNQ DEC25,10s,10,5508,2025-11-13 09:38:10,25372.75,25372.75,25362,25365.25,1300,10.75,7.5,0,3.25,-1,-432.9,-16.1,-39.78333333,-93.17
MNQ DEC25,1s,1,1090,2025-11-13 09:38:11,25365.5,25367,25363,25363.5,55,4,2,1.5,0.5,-1,,,,
MNQ DEC25,1s,1,1091,2025-11-13 09:38:12,25363.75,25364.5,25361.25,25362.75,81,3.25,1,0.75,1.5,-1,,,,
MNQ DEC25,1s,1,1092,2025-11-13 09:38:13,25363.25,25364.75,25362,25363.5,57,2.75,0.25,1.25,1.25,1,,,,
MNQ DEC25,1s,1,1093,2025-11-13 09:38:14,25363.75,25364,25361.75,25364,66,2.25,0.25,0,2,1,,,,
MNQ DEC25,1s,1,1094,2025-11-13 09:38:15,25364.5,25369.75,25364,25369.75,69,5.75,5.25,0,0.5,1,,,,
MNQ DEC25,1s,1,1095,2025-11-13 09:38:16,25369.5,25372,25368,25368.75,160,4,0.75,2.5,0.75,-1,,,,
MNQ DEC25,1s,1,1096,2025-11-13 09:38:17,25369,25371.75,25369,25371.25,53,2.75,2.25,0.5,0,1,,,,
MNQ DEC25,1s,1,1097,2025-11-13 09:38:18,25370.5,25371.5,25369.25,25370.75,75,2.25,0.25,0.75,1.25,1,,,,
MNQ DEC25,1s,1,1098,2025-11-13 09:38:19,25371,25372.25,25367.5,25368.5,85,4.75,2.5,1.25,1,-1,,,,
MNQ DEC25,1s,1,1099,2025-11-13 09:38:20,25368.25,25371.5,25366.75,25370.25,116,4.75,2,1.25,1.5,1,,,,
MNQ DEC25,10s,10,5509,2025-11-13 09:38:20,25365.5,25372.25,25361.25,25370.25,817,11,4.75,2,4.25,1,-491.4,-58.5,-13.26666667,-65.79
MNQ DEC25,20s,20,5754,2025-11-13 09:38:20,25372.75,25372.75,25361.25,25370.25,2117,11.5,2.5,0,9,-1,-11.1,-210.85,-109.2,-222.48
MNQ DEC25,1s,1,1100,2025-11-13 09:38:21,25370.5,25372.75,25368.5,25368.5,74,4.25,2,2.25,0,-1,,,,
MNQ DEC25,1s,1,1101,2025-11-13 09:38:22,25368.5,25368.5,25364.75,25365.25,72,3.75,3.25,0,0.5,-1,,,,
MNQ DEC25,1s,1,1102,2025-11-13 09:38:23,25365.5,25368.25,25365.5,25367,57,2.75,1.5,1.25,0,1,,,,
MNQ DEC25,1s,1,1103,2025-11-13 09:38:24,25367,25368.75,25365.25,25366.5,56,3.5,0.5,1.75,1.25,-1,,,,
MNQ DEC25,1s,1,1104,2025-11-13 09:38:25,25366.5,25366.75,25364.75,25365.5,53,2,1,0.25,0.75,-1,,,,
MNQ DEC25,1s,1,1105,2025-11-13 09:38:26,25366.75,25366.75,25362.75,25364.5,108,4,2.25,0,1.75,-1,,,,
MNQ DEC25,1s,1,1106,2025-11-13 09:38:27,25365.25,25367.5,25364.25,25365,64,3.25,0.25,2.25,0.75,-1,,,,
MNQ DEC25,1s,1,1107,2025-11-13 09:38:28,25365.25,25367.75,25364.5,25366.25,55,3.25,1,1.5,0.75,1,,,,
MNQ DEC25,1s,1,1108,2025-11-13 09:38:29,25366,25366,25360.5,25360.5,199,5.5,5.5,0,0,-1,,,,
MNQ DEC25,1s,1,1109,2025-11-13 09:38:30,25361.25,25362.75,25360.5,25361.75,70,2.25,0.5,1,0.75,1,,,,
MNQ DEC25,10s,10,5510,2025-11-13 09:38:30,25370.5,25372.75,25360.5,25361.75,808,12.25,8.75,2.25,1.25,-1,-463.25,28.15,-15.48333333,-29.94
MNQ DEC25,1s,1,1110,2025-11-13 09:38:31,25362,25362,25360,25361.25,72,2,0.75,0,1.25,-1,,,,
MNQ DEC25,1s,1,1111,2025-11-13 09:38:32,25360.75,25361,25359,25359.75,129,2,1,0.25,0.75,-1,,,,
MNQ DEC25,1s,1,1112,2025-11-13 09:38:33,25359.75,25362.75,25359.5,25361,93,3.25,1.25,1.75,0.25,1,,,,
MNQ DEC25,1s,1,1113,2025-11-13 09:38:34,25360.75,25361,25359,25361,64,2,0.25,0,1.75,1,,,,
MNQ DEC25,1s,1,1114,2025-11-13 09:38:35,25360.75,25362,25359.25,25360,66,2.75,0.75,1.25,0.75,-1,,,,
MNQ DEC25,1s,1,1115,2025-11-13 09:38:36,25361.25,25364.25,25361,25362.75,89,3.25,1.5,1.5,0.25,1,,,,
MNQ DEC25,1s,1,1116,2025-11-13 09:38:37,25362.75,25364.25,25362.5,25364.25,56,1.75,1.5,0,0.25,1,,,,
MNQ DEC25,1s,1,1117,2025-11-13 09:38:38,25363.25,25366.5,25363.25,25364.25,121,3.25,1,2.25,0,1,,,,
MNQ DEC25,1s,1,1118,2025-11-13 09:38:39,25364.75,25366.5,25363,25363,37,3.5,1.75,1.75,0,-1,,,,
MNQ DEC25,1s,1,1119,2025-11-13 09:38:40,25363.25,25364.75,25363,25363.75,48,1.75,0.5,1,0.25,1,,,,
MNQ DEC25,10s,10,5511,2025-11-13 09:38:40,25362,25366.5,25359,25363.75,775,7.5,1.75,2.75,3,1,-423.8,39.45,3.03333333,5.56
MNQ DEC25,20s,20,5755,2025-11-13 09:38:40,25370.5,25372.75,25359,25363.75,1583,13.75,6.75,2.25,4.75,-1,-348.2,-337.1,-195.36666667,-201.72
MNQ DEC25,1s,1,1120,2025-11-13 09:38:41,25363.75,25366.25,25363.25,25366.25,46,3,2.5,0,0.5,1,,,,
MNQ DEC25,1s,1,1121,2025-11-13 09:38:42,25366.25,25367,25363,25363,113,4,3.25,0.75,0,-1,,,,
MNQ DEC25,1s,1,1122,2025-11-13 09:38:43,25363.25,25364,25362.25,25363,42,1.75,0.25,0.75,0.75,-1,,,,
MNQ DEC25,1s,1,1123,2025-11-13 09:38:44,25362.5,25364.5,25362,25364.5,59,2.5,2,0,0.5,1,,,,
MNQ DEC25,1s,1,1124,2025-11-13 09:38:45,25365,25369.5,25364.75,25368,73,4.75,3,1.5,0.25,1,,,,
MNQ DEC25,1s,1,1125,2025-11-13 09:38:46,25367.75,25368.5,25363.5,25364.5,79,5,3.25,0.75,1,-1,,,,
MNQ DEC25,1s,1,1126,2025-11-13 09:38:47,25365,25365.5,25361.25,25362.5,67,4.25,2.5,0.5,1.25,-1,,,,
MNQ DEC25,1s,1,1127,2025-11-13 09:38:48,25362.25,25366,25362.25,25363,46,3.75,0.75,3,0,1,,,,
MNQ DEC25,1s,1,1128,2025-11-13 09:38:49,25362.25,25362.5,25359.25,25359.75,59,3.25,2.5,0.25,0.5,-1,,,,
MNQ DEC25,1s,1,1129,2025-11-13 09:38:50,25360,25361.5,25359,25361.5,67,2.5,1.5,0,1,1,,,,
MNQ DEC25,10s,10,5512,2025-11-13 09:38:50,25363.75,25369.5,25359,25361.5,651,10.5,2.25,5.75,2.5,-1,-551.35,-127.55,-19.98333333,-26.91
MNQ DEC25,1s,1,1130,2025-11-13 09:38:51,25361.75,25363,25361,25361.5,89,2,0.25,1.25,0.5,-1,,,,
MNQ DEC25,1s,1,1131,2025-11-13 09:38:52,25360.5,25362.25,25360.5,25361.25,40,1.75,0.75,1,0,1,,,,
MNQ DEC25,1s,1,1132,2025-11-13 09:38:53,25361.5,25365,25361,25365,93,4,3.5,0,0.5,1,,,,
MNQ DEC25,1s,1,1133,2025-11-13 09:38:54,25365.75,25370.5,25365.75,25370.5,124,4.75,4.75,0,0,1,,,,
MNQ DEC25,1s,1,1134,2025-11-13 09:38:55,25370.5,25374,25369.75,25371.75,166,4.25,1.25,2.25,0.75,1,,,,
MNQ DEC25,1s,1,1135,2025-11-13 09:38:56,25371.25,25371.25,25366.5,25366.75,100,4.75,4.5,0,0.25,-1,,,,
MNQ DEC25,1s,1,1136,2025-11-13 09:38:57,25365.75,25366.25,25362.75,25363.25,89,3.5,2.5,0.5,0.5,-1,,,,
MNQ DEC25,1s,1,1137,2025-11-13 09:38:58,25363,25364.25,25362,25364,25,2.25,1,0.25,1,1,,,,
MNQ DEC25,1s,1,1138,2025-11-13 09:38:59,25364.5,25365.25,25363.75,25364.75,30,1.5,0.25,0.5,0.75,1,,,,
MNQ DEC25,1s,1,1139,2025-11-13 09:39:00,25364.5,25365.5,25363.5,25364,49,2,0.5,1,0.5,-1,,,,
MNQ DEC25,10s,10,5513,2025-11-13 09:39:00,25361.75,25374,25360.5,25364,805,13.5,2.25,10,1.25,1,-584.9,-33.55,-40.55,-30.4
MNQ DEC25,20s,20,5756,2025-11-13 09:39:00,25363.75,25374,25359,25364,1456,15,0.25,10,4.75,1,-568.95,-220.75,-256.23333333,-177.09
MNQ DEC25,1s,1,1140,2025-11-13 09:39:01,25363.5,25364.75,25362.75,25363.25,78,2,0.25,1.25,0.5,-1,,,,
MNQ DEC25,1s,1,1141,2025-11-13 09:39:02,25363.25,25366.5,25363.25,25366.5,93,3.25,3.25,0,0,1,,,,
MNQ DEC25,1s,1,1142,2025-11-13 09:39:03,25366,25367.75,25365,25365.75,88,2.75,0.25,1.75,0.75,-1,,,,
MNQ DEC25,1s,1,1143,2025-11-13 09:39:04,25366.25,25366.25,25363.5,25365,61,2.75,1.25,0,1.5,-1,,,,
MNQ DEC25,1s,1,1144,2025-11-13 09:39:05,25365,25367.5,25364.25,25365.5,62,3.25,0.5,2,0.75,1,,,,
MNQ DEC25,1s,1,1145,2025-11-13 09:39:06,25365,25367.25,25364.75,25367.25,49,2.5,2.25,0,0.25,1,,,,
MNQ DEC25,1s,1,1146,2025-11-13 09:39:07,25367.75,25368,25365.75,25368,54,2.25,0.25,0,2,1,,,,
MNQ DEC25,1s,1,1147,2025-11-13 09:39:08,25367.75,25372.75,25367.75,25372.5,130,5,4.75,0.25,0,1,,,,
MNQ DEC25,1s,1,1148,2025-11-13 09:39:09,25371,25372.75,25370.5,25372.5,89,2.25,1.5,0.25,0.5,1,,,,
MNQ DEC25,1s,1,1149,2025-11-13 09:39:10,25371.75,25375.25,25371.5,25373.75,162,3.75,2,1.5,0.25,1,,,,
MNQ DEC25,10s,10,5514,2025-11-13 09:39:10,25363.5,25375.25,25362.75,25373.75,866,12.5,10.25,1.5,0.75,1,-523.25,61.65,-33.15,-6.37
MNQ DEC25,1s,1,1150,2025-11-13 09:39:11,25372.75,25376.75,25372.25,25375.5,167,4.5,2.75,1.25,0.5,1,,,,
MNQ DEC25,1s,1,1151,2025-11-13 09:39:12,25376,25376.25,25372.75,25372.75,102,3.5,3.25,0.25,0,-1,,,,
MNQ DEC25,1s,1,1152,2025-11-13 09:39:13,25372.75,25377,25372.75,25376.25,138,4.25,3.5,0.75,0,1,,,,
MNQ DEC25,1s,1,1153,2025-11-13 09:39:14,25376.5,25377.5,25374.25,25375.75,134,3.25,0.75,1,1.5,-1,,,,
MNQ DEC25,1s,1,1154,2025-11-13 09:39:15,25375.75,25376.75,25373.5,25375.5,131,3.25,0.25,1,2,-1,,,,
MNQ DEC25,1s,1,1155,2025-11-13 09:39:16,25375,25376.75,25373.25,25375.75,80,3.5,0.75,1,1.75,1,,,,
MNQ DEC25,1s,1,1156,2025-11-13 09:39:17,25375.5,25381.25,25375.5,25379,1211,5.75,3.5,2.25,0,1,,,,
MNQ DEC25,1s,1,1157,2025-11-13 09:39:18,25379.25,25381,25377,25377.5,160,4,1.75,1.75,0.5,-1,,,,
MNQ DEC25,1s,1,1158,2025-11-13 09:39:19,25377.5,25382,25377.5,25380.5,168,4.5,3,1.5,0,1,,,,
MNQ DEC25,1s,1,1159,2025-11-13 09:39:20,25380.25,25386.5,25380,25384.75,319,6.5,4.5,1.75,0.25,1,,,,
MNQ DEC25,10s,10,5515,2025-11-13 09:39:20,25372.75,25386.5,25372.25,25384.75,2610,14.25,12,1.75,0.5,1,-233.35,289.9,106,45.98
MNQ DEC25,20s,20,5757,2025-11-13 09:39:20,25363.5,25386.5,25362.75,25384.75,3476,23.75,21.25,1.75,0.75,1,-506.1,62.85,-165,-148.8
MNQ DEC25,1s,1,1160,2025-11-13 09:39:21,25384.5,25386.5,25383,25383,258,3.5,1.5,2,0,-1,,,,
MNQ DEC25,1s,1,1161,2025-11-13 09:39:22,25383.25,25385.25,25381.75,25382.5,167,3.5,0.75,2,0.75,-1,,,,
MNQ DEC25,1s,1,1162,2025-11-13 09:39:23,25382.75,25384,25381.75,25383,151,2.25,0.25,1,1,1,,,,
MNQ DEC25,1s,1,1163,2025-11-13 09:39:24,25383,25385.5,25382.5,25384.25,119,3,1.25,1.25,0.5,1,,,,
MNQ DEC25,1s,1,1164,2025-11-13 09:39:25,25384.25,25385,25383,25383.75,112,2,0.5,0.75,0.75,-1,,,,
MNQ DEC25,1s,1,1165,2025-11-13 09:39:26,25383.25,25383.75,25381.25,25381.25,80,2.5,2,0.5,0,-1,,,,
MNQ DEC25,1s,1,1166,2025-11-13 09:39:27,25381.25,25381.25,25377.25,25378.75,201,4,2.5,0,1.5,-1,,,,
MNQ DEC25,1s,1,1167,2025-11-13 09:39:28,25379.5,25381,25376.75,25378,117,4.25,1.5,1.5,1.25,-1,,,,
MNQ DEC25,1s,1,1168,2025-11-13 09:39:29,25377.75,25377.75,25373.25,25374.5,260,4.5,3.25,0,1.25,-1,,,,
MNQ DEC25,1s,1,1169,2025-11-13 09:39:30,25373.5,25374.25,25370,25371,187,4.25,2.5,0.75,1,-1,,,,
MNQ DEC25,10s,10,5516,2025-11-13 09:39:30,25384.5,25386.5,25370,25371,1652,16.5,13.5,2,1,-1,-69.6,163.75,171.76666667,70.84
MNQ DEC25,1s,1,1170,2025-11-13 09:39:31,25371,25371.5,25367.75,25367.75,125,3.75,3.25,0.5,0,-1,,,,
MNQ DEC25,1s,1,1171,2025-11-13 09:39:32,25367.5,25370.25,25365.75,25369.75,162,4.5,2.25,0.5,1.75,1,,,,
MNQ DEC25,1s,1,1172,2025-11-13 09:39:33,25370,25371,25366.5,25369,280,4.5,1,1,2.5,-1,,,,
MNQ DEC25,1s,1,1173,2025-11-13 09:39:34,25369,25370.25,25368,25369.75,50,2.25,0.75,0.5,1,1,,,,
MNQ DEC25,1s,1,1174,2025-11-13 09:39:35,25369,25370.25,25368.5,25369.75,40,1.75,0.75,0.5,0.5,1,,,,
MNQ DEC25,1s,1,1175,2025-11-13 09:39:36,25369.75,25372.5,25369,25370.5,38,3.5,0.75,2,0.75,1,,,,
MNQ DEC25,1s,1,1176,2025-11-13 09:39:37,25370.25,25371.75,25368.25,25369.25,70,3.5,1,1.5,1,-1,,,,
MNQ DEC25,1s,1,1177,2025-11-13 09:39:38,25369.25,25369.25,25361.5,25362,179,7.75,7.25,0,0.5,-1,,,,
MNQ DEC25,1s,1,1178,2025-11-13 09:39:39,25361.25,25362.5,25360.25,25361,117,2.25,0.25,1.25,0.75,-1,,,,
MNQ DEC25,1s,1,1179,2025-11-13 09:39:40,25361.25,25362.75,25359.25,25361.25,189,3.5,0,1.5,2,0,,,,
MNQ DEC25,10s,10,5517,2025-11-13 09:39:40,25371,25372.5,25359.25,25361.25,1250,13.25,9.75,1.5,2,-1,91.05,160.65,204.76666667,128.48
MNQ DEC25,20s,20,5758,2025-11-13 09:39:40,25384.5,25386.5,25359.25,25361.25,2902,27.25,23.25,2,2,-1,-537.35,-31.25,-63.05,-147.42
MNQ DEC25,1s,1,1180,2025-11-13 09:39:41,25362,25362.75,25360.25,25361.75,93,2.5,0.25,0.75,1.5,-1,,,,
MNQ DEC25,1s,1,1181,2025-11-13 09:39:42,25362.5,25363,25359.25,25359.25,122,3.75,3.25,0.5,0,-1,,,,
MNQ DEC25,1s,1,1182,2025-11-13 09:39:43,25359.5,25362.5,25359.5,25361.5,93,3,2,1,0,1,,,,
MNQ DEC25,1s,1,1183,2025-11-13 09:39:44,25361.5,25362.5,25359.5,25361,71,3,0.5,1,1.5,-1,,,,
MNQ DEC25,1s,1,1184,2025-11-13 09:39:45,25360.5,25362.25,25359,25359.5,78,3.25,1,1.75,0.5,-1,,,,
MNQ DEC25,1s,1,1185,2025-11-13 09:39:46,25359.5,25360.75,25358.25,25359.5,105,2.5,0,1.25,1.25,0,,,,
MNQ DEC25,1s,1,1186,2025-11-13 09:39:47,25359,25359.25,25355.25,25355.75,347,4,3.25,0.25,0.5,-1,,,,
MNQ DEC25,1s,1,1187,2025-11-13 09:39:48,25356,25357.25,25353.75,25354.25,310,3.5,1.75,1.25,0.5,-1,,,,
MNQ DEC25,1s,1,1188,2025-11-13 09:39:49,25354.75,25360.25,25353.5,25359,235,6.75,4.25,1.25,1.25,1,,,,
MNQ DEC25,1s,1,1189,2025-11-13 09:39:50,25358.25,25358.5,25355.5,25357,109,3,1.25,0.25,1.5,-1,,,,
MNQ DEC25,10s,10,5518,2025-11-13 09:39:50,25362,25363,25353.5,25357,1563,9.5,5,1,3.5,-1,226.3,135.25,153.21666667,162.24
MNQ DEC25,1s,1,1190,2025-11-13 09:39:51,25357,25358.5,25355,25358.25,201,3.5,1.25,0.25,2,1,,,,
MNQ DEC25,1s,1,1191,2025-11-13 09:39:52,25357.75,25362.5,25357.5,25361.75,123,5,4,0.75,0.25,1,,,,
MNQ DEC25,1s,1,1192,2025-11-13 09:39:53,25361.25,25362,25359.25,25359.75,106,2.75,1.5,0.75,0.5,-1,,,,
MNQ DEC25,1s,1,1193,2025-11-13 09:39:54,25359.5,25360.25,25358.5,25359.25,48,1.75,0.25,0.75,0.75,-1,,,,
MNQ DEC25,1s,1,1194,2025-11-13 09:39:55,25359,25360,25357.5,25360,111,2.5,1,0,1.5,1,,,,
MNQ DEC25,1s,1,1195,2025-11-13 09:39:56,25358.5,25359,25356.25,25357.5,84,2.75,1,0.5,1.25,-1,,,,
MNQ DEC25,1s,1,1196,2025-11-13 09:39:57,25357.25,25360.5,25357,25358.75,126,3.5,1.5,1.75,0.25,1,,,,
MNQ DEC25,1s,1,1197,2025-11-13 09:39:58,25359.25,25362.75,25358.75,25362.25,93,4,3,0.5,0.5,1,,,,
MNQ DEC25,1s,1,1198,2025-11-13 09:39:59,25362.75,25365.5,25360.5,25361.25,142,5,1.5,2.75,0.75,-1,,,,
MNQ DEC25,1s,1,1199,2025-11-13 09:40:00,25361.25,25362.5,25360,25360.75,75,2.5,0.5,1.25,0.75,-1,,,,
MNQ DEC25,10s,10,5519,2025-11-13 09:40:00,25357,25365.5,25355,25360.75,1109,10.5,3.75,4.75,2,1,335.1,108.8,134.9,171.67
MNQ DEC25,20s,20,5759,2025-11-13 09:40:00,25362,25365.5,25353.5,25360.75,2672,12,1.25,3.5,7.25,-1,-470.75,66.6,32.73333333,-91.93
MNQ DEC25,1s,1,1200,2025-11-13 09:40:01,25360.5,25360.5,25351.25,25353.5,523,9.25,7,0,2.25,-1,,,,
MNQ DEC25,1s,1,1201,2025-11-13 09:40:02,25353.5,25354.25,25351.25,25351.75,186,3,1.75,0.75,0.5,-1,,,,
MNQ DEC25,1s,1,1202,2025-11-13 09:40:03,25351.5,25351.5,25346.5,25349,614,5,2.5,0,2.5,-1,,,,
MNQ DEC25,1s,1,1203,2025-11-13 09:40:04,25349,25349.75,25347,25347.25,340,2.75,1.75,0.75,0.25,-1,,,,
MNQ DEC25,1s,1,1204,2025-11-13 09:40:05,25348.5,25351.5,25347.5,25348.75,263,4,0.25,2.75,1,1,,,,
MNQ DEC25,1s,1,1205,2025-11-13 09:40:06,25349,25352.5,25346.5,25352.5,204,6,3.5,0,2.5,1,,,,
MNQ DEC25,1s,1,1206,2025-11-13 09:40:07,25352.5,25352.5,25349,25349.25,156,3.5,3.25,0,0.25,-1,,,,
MNQ DEC25,1s,1,1207,2025-11-13 09:40:08,25348.25,25348.5,25343.75,25343.75,309,4.75,4.5,0.25,0,-1,,,,
MNQ DEC25,1s,1,1208,2025-11-13 09:40:09,25343.5,25345.25,25341.25,25344,345,4,0.5,1.25,2.25,1,,,,
MNQ DEC25,1s,1,1209,2025-11-13 09:40:10,25344.25,25350.5,25343,25349.75,317,7.5,5.5,0.75,1.25,1,,,,
MNQ DEC25,10s,10,5520,2025-11-13 09:40:10,25360.5,25360.5,25341.25,25349.75,3257,19.25,10.75,0,8.5,-1,402.75,67.65,103.9,127.22
MNQ DEC25,1s,1,1210,2025-11-13 09:40:11,25350,25350,25346.25,25346.75,188,3.75,3.25,0,0.5,-1,,,,
MNQ DEC25,1s,1,1211,2025-11-13 09:40:12,25346.25,25349.75,25346.25,25349.75,95,3.5,3.5,0,0,1,,,,
MNQ DEC25,1s,1,1212,2025-11-13 09:40:13,25349.25,25351.25,25347.25,25348,140,4,1.25,2,0.75,-1,,,,
MNQ DEC25,1s,1,1213,2025-11-13 09:40:14,25348.25,25354,25348.25,25352.75,174,5.75,4.5,1.25,0,1,,,,
MNQ DEC25,1s,1,1214,2025-11-13 09:40:15,25352.5,25354.75,25352.25,25354.75,145,2.5,2.25,0,0.25,1,,,,
MNQ DEC25,1s,1,1215,2025-11-13 09:40:16,25353.75,25354.5,25348.75,25351.75,146,5.75,2,0.75,3,-1,,,,
MNQ DEC25,1s,1,1216,2025-11-13 09:40:17,25352.25,25353,25348.5,25349.25,83,4.5,3,0.75,0.75,-1,,,,
MNQ DEC25,1s,1,1217,2025-11-13 09:40:18,25349,25349.75,25344.5,25345.75,144,5.25,3.25,0.75,1.25,-1,,,,
MNQ DEC25,1s,1,1218,2025-11-13 09:40:19,25346,25347.5,25344.5,25346.25,69,3,0.25,1.25,1.5,1,,,,
MNQ DEC25,1s,1,1219,2025-11-13 09:40:20,25346.25,25346.5,25342.75,25343.75,233,3.75,2.5,0.25,1,-1,,,,
MNQ DEC25,10s,10,5521,2025-11-13 09:40:20,25350,25354.75,25342.75,25343.75,1417,12,6.25,4.75,1,-1,363.95,-38.8,45.88333333,86.71
MNQ DEC25,20s,20,5760,2025-11-13 09:40:20,25360.5,25360.5,25341.25,25343.75,4674,19.25,16.75,0,2.5,-1,40.05,510.8,182.05,77.65
MNQ DEC25,1s,1,1220,2025-11-13 09:40:21,25344.5,25346.5,25343.5,25344,116,3,0.5,2,0.5,-1,,,,
MNQ DEC25,1s,1,1221,2025-11-13 09:40:22,25344,25346,25343.75,25344,66,2.25,0,2,0.25,0,,,,
MNQ DEC25,1s,1,1222,2025-11-13 09:40:23,25343.5,25349.5,25343.5,25347.25,187,6,3.75,2.25,0,1,,,,
MNQ DEC25,1s,1,1223,2025-11-13 09:40:24,25347.75,25349.5,25346.75,25347.75,98,2.75,0,1.75,1,0,,,,
MNQ DEC25,1s,1,1224,2025-11-13 09:40:25,25349,25353.5,25349,25352.5,137,4.5,3.5,1,0,1,,,,
MNQ DEC25,1s,1,1225,2025-11-13 09:40:26,25351.75,25352.75,25348,25348.5,82,4.75,3.25,1,0.5,-1,,,,
MNQ DEC25,1s,1,1226,2025-11-13 09:40:27,25348.25,25350,25348.25,25348.75,76,1.75,0.5,1.25,0,1,,,,
MNQ DEC25,1s,1,1227,2025-11-13 09:40:28,25349.25,25352.5,25349,25349.75,87,3.5,0.5,2.75,0.25,1,,,,
MNQ DEC25,1s,1,1228,2025-11-13 09:40:29,25349.75,25350.75,25347.25,25348.75,153,3.5,1,1,1.5,-1,,,,
MNQ DEC25,1s,1,1229,2025-11-13 09:40:30,25348,25353,25347,25353,76,6,5,0,1,1,,,,
MNQ DEC25,10s,10,5522,2025-11-13 09:40:30,25344.5,25353.5,25343.5,25353,1078,10,8.5,0.5,1,1,341.55,-22.4,2.15,50.1
MNQ DEC25,1s,1,1230,2025-11-13 09:40:31,25353.25,25354,25349.25,25349.25,83,4.75,4,0.75,0,-1,,,,
MNQ DEC25,1s,1,1231,2025-11-13 09:40:32,25349,25350.75,25348,25350.5,66,2.75,1.5,0.25,1,1,,,,
MNQ DEC25,1s,1,1232,2025-11-13 09:40:33,25350.25,25356.25,25350.25,25356,143,6,5.75,0.25,0,1,,,,
MNQ DEC25,1s,1,1233,2025-11-13 09:40:34,25356.75,25358,25354.5,25357,183,3.5,0.25,1,2.25,1,,,,
MNQ DEC25,1s,1,1234,2025-11-13 09:40:35,25356.75,25362.25,25356.25,25358.75,306,6,2,3.5,0.5,1,,,,
MNQ DEC25,1s,1,1235,2025-11-13 09:40:36,25359.25,25359.5,25355.25,25355.25,139,4.25,4,0.25,0,-1,,,,
MNQ DEC25,1s,1,1236,2025-11-13 09:40:37,25356,25356,25350.25,25350.75,137,5.75,5.25,0,0.5,-1,,,,
MNQ DEC25,1s,1,1237,2025-11-13 09:40:38,25351.5,25354.5,25350.5,25354,100,4,2.5,0.5,1,1,,,,
MNQ DEC25,1s,1,1238,2025-11-13 09:40:39,25353,25353.5,25350.75,25353,52,2.75,0,0.5,2.25,0,,,,
MNQ DEC25,1s,1,1239,2025-11-13 09:40:40,25353.25,25356,25353.25,25354,58,2.75,0.75,2,0,1,,,,
MNQ DEC25,10s,10,5523,2025-11-13 09:40:40,25353.25,25362.25,25348,25354,1267,14.25,0.75,8.25,5.25,1,292.55,-49,-36.73333333,13.25
MNQ DEC25,20s,20,5761,2025-11-13 09:40:40,25344.5,25362.25,25343.5,25354,2345,18.75,9.5,8.25,1,1,172.7,132.65,236.68333333,148.33
MNQ DEC25,1s,1,1240,2025-11-13 09:40:41,25354.5,25357.75,25353.5,25356.75,72,4.25,2.25,1,1,1,,,,
MNQ DEC25,1s,1,1241,2025-11-13 09:40:42,25356.75,25356.75,25352.5,25353.5,62,4.25,3.25,0,1,-1,,,,
MNQ DEC25,1s,1,1242,2025-11-13 09:40:43,25353.25,25355.75,25353.25,25355.5,29,2.5,2.25,0.25,0,1,,,,
MNQ DEC25,1s,1,1243,2025-11-13 09:40:44,25354.75,25357.5,25353.25,25357.5,72,4.25,2.75,0,1.5,1,,,,
MNQ DEC25,1s,1,1244,2025-11-13 09:40:45,25358,25359.5,25357,25358.75,58,2.5,0.75,0.75,1,1,,,,
MNQ DEC25,1s,1,1245,2025-11-13 09:40:46,25359.25,25361.5,25358.25,25359.25,88,3.25,0,2.25,1,0,,,,
MNQ DEC25,1s,1,1246,2025-11-13 09:40:47,25359,25366.5,25359,25366.25,222,7.5,7.25,0.25,0,1,,,,
MNQ DEC25,1s,1,1247,2025-11-13 09:40:48,25366.5,25367.5,25364,25365,190,3.5,1.5,1,1,-1,,,,
MNQ DEC25,1s,1,1248,2025-11-13 09:40:49,25365.75,25365.75,25363.5,25364,150,2.25,1.75,0,0.5,-1,,,,
MNQ DEC25,1s,1,1249,2025-11-13 09:40:50,25364.5,25365,25360.5,25360.5,105,4.5,4,0.5,0,-1,,,,
MNQ DEC25,10s,10,5524,2025-11-13 09:40:50,25354.5,25367.5,25352.5,25360.5,1048,15,6,7,2,1,295.55,3,-22.8,-7.91
MNQ DEC25,1s,1,1250,2025-11-13 09:40:51,25360.25,25360.25,25354.75,25356,191,5.5,4.25,0,1.25,-1,,,,
MNQ DEC25,1s,1,1251,2025-11-13 09:40:52,25356,25358.75,25355.75,25357.75,32,3,1.75,1,0.25,1,,,,
MNQ DEC25,1s,1,1252,2025-11-13 09:40:53,25357.5,25363.75,25357.25,25363.25,97,6.5,5.75,0.5,0.25,1,,,,
MNQ DEC25,1s,1,1253,2025-11-13 09:40:54,25363.25,25363.75,25360.5,25361.75,56,3.25,1.5,0.5,1.25,-1,,,,
MNQ DEC25,1s,1,1254,2025-11-13 09:40:55,25361.75,25363.75,25360.5,25362.75,36,3.25,1,1,1.25,1,,,,
MNQ DEC25,1s,1,1255,2025-11-13 09:40:56,25362.75,25364.75,25362.25,25363.75,57,2.5,1,1,0.5,1,,,,
MNQ DEC25,1s,1,1256,2025-11-13 09:40:57,25364,25364.75,25360,25360,98,4.75,4,0.75,0,-1,,,,
MNQ DEC25,1s,1,1257,2025-11-13 09:40:58,25361.5,25362.25,25358.75,25359.75,145,3.5,1.75,0.75,1,-1,,,,
MNQ DEC25,1s,1,1258,2025-11-13 09:40:59,25359.25,25361.75,25359,25359.75,68,2.75,0.5,2,0.25,1,,,,
MNQ DEC25,1s,1,1259,2025-11-13 09:41:00,25360,25363.25,25360,25362.75,68,3.25,2.75,0.5,0,1,,,,
MNQ DEC25,10s,10,5525,2025-11-13 09:41:00,25360.25,25364.75,25354.75,25362.75,848,10,2.5,2,5.5,1,-158.35,-453.9,-166.63333333,-112.22
MNQ DEC25,20s,20,5762,2025-11-13 09:41:00,25354.5,25367.5,25352.5,25362.75,1896,15,8.25,4.75,2,1,-131.3,-304,113.15,74.96
MNQ DEC25,1s,1,1260,2025-11-13 09:41:01,25362.25,25368.75,25362,25367.5,247,6.75,5.25,1.25,0.25,1,,,,
MNQ DEC25,1s,1,1261,2025-11-13 09:41:02,25367.25,25367.25,25362.75,25363.75,93,4.5,3.5,0,1,-1,,,,
MNQ DEC25,1s,1,1262,2025-11-13 09:41:03,25363.75,25366.75,25363.25,25366.75,102,3.5,3,0,0.5,1,,,,
MNQ DEC25,1s,1,1263,2025-11-13 09:41:04,25366.5,25376,25365.5,25373,536,10.5,6.5,3,1,1,,,,
MNQ DEC25,1s,1,1264,2025-11-13 09:41:05,25373,25373.75,25370.75,25372.75,264,3,0.25,0.75,2,-1,,,,
MNQ DEC25,1s,1,1265,2025-11-13 09:41:06,25371.75,25373.5,25368,25372,160,5.5,0.25,1.5,3.75,1,,,,
MNQ DEC25,1s,1,1266,2025-11-13 09:41:07,25372.25,25374.25,25371.25,25371.25,137,3,1,2,0,-1,,,,
MNQ DEC25,1s,1,1267,2025-11-13 09:41:08,25371,25373.5,25369.5,25371.5,140,4,0.5,2,1.5,1,,,,
MNQ DEC25,1s,1,1268,2025-11-13 09:41:09,25372.25,25372.5,25365,25366.5,146,7.5,5.75,0.25,1.5,-1,,,,
MNQ DEC25,1s,1,1269,2025-11-13 09:41:10,25366.25,25367.5,25365.75,25366.5,96,1.75,0.25,1,0.5,1,,,,
MNQ DEC25,10s,10,5526,2025-11-13 09:41:10,25362.25,25376,25362,25366.5,1921,14,4.25,9.5,0.25,1,-105.95,52.4,-132.83333333,-93.98
MNQ DEC25,1s,1,1270,2025-11-13 09:41:11,25366.75,25369.5,25365.5,25368.75,92,4,2,0.75,1.25,1,,,,
MNQ DEC25,1s,1,1271,2025-11-13 09:41:12,25368.5,25369,25364.5,25365.5,62,4.5,3,0.5,1,-1,,,,
MNQ DEC25,1s,1,1272,2025-11-13 09:41:13,25365.25,25368.25,25365,25365.5,55,3.25,0.25,2.75,0.25,1,,,,
MNQ DEC25,1s,1,1273,2025-11-13 09:41:14,25366,25367.5,25361.75,25362.25,126,5.75,3.75,1.5,0.5,-1,,,,
MNQ DEC25,1s,1,1274,2025-11-13 09:41:15,25362.25,25367.75,25362,25366.75,251,5.75,4.5,1,0.25,1,,,,
MNQ DEC25,1s,1,1275,2025-11-13 09:41:16,25366.5,25368.5,25365.75,25366,41,2.75,0.5,2,0.25,-1,,,,
MNQ DEC25,1s,1,1276,2025-11-13 09:41:17,25365.5,25366.5,25363.75,25364.5,100,2.75,1,1,0.75,-1,,,,
MNQ DEC25,1s,1,1277,2025-11-13 09:41:18,25363.5,25366.75,25363,25364.5,143,3.75,1,2.25,0.5,1,,,,
MNQ DEC25,1s,1,1278,2025-11-13 09:41:19,25364.75,25365.5,25362.75,25364.5,57,2.75,0.25,0.75,1.75,-1,,,,
MNQ DEC25,1s,1,1279,2025-11-13 09:41:20,25363.75,25363.75,25359.5,25360.25,162,4.25,3.5,0,0.75,-1,,,,
MNQ DEC25,10s,10,5527,2025-11-13 09:41:20,25366.75,25369.5,25359.5,25360.25,1089,10,6.5,2.75,0.75,-1,-71.95,34,-122.5,-82.7
MNQ DEC25,20s,20,5763,2025-11-13 09:41:20,25362.25,25376,25359.5,25360.25,3010,16.5,2,13.75,0.75,-1,-185.35,-54.05,-75.13333333,70.4
MNQ DEC25,1s,1,1280,2025-11-13 09:41:21,25360.5,25362.25,25360,25361.5,70,2.25,1,0.75,0.5,1,,,,
MNQ DEC25,1s,1,1281,2025-11-13 09:41:22,25361.75,25363.25,25356.25,25356.25,132,7,5.5,1.5,0,-1,,,,
MNQ DEC25,1s,1,1282,2025-11-13 09:41:23,25356,25356.25,25352.5,25353.5,249,3.75,2.5,0.25,1,-1,,,,
MNQ DEC25,1s,1,1283,2025-11-13 09:41:24,25352.5,25354.25,25349.25,25350.5,235,5,2,1.75,1.25,-1,,,,
MNQ DEC25,1s,1,1284,2025-11-13 09:41:25,25351.5,25353,25350,25351.25,118,3,0.25,1.5,1.25,-1,,,,
MNQ DEC25,1s,1,1285,2025-11-13 09:41:26,25351,25356,25350.5,25353.75,144,5.5,2.75,2.25,0.5,1,,,,
MNQ DEC25,1s,1,1286,2025-11-13 09:41:27,25353.5,25356,25352.5,25352.75,137,3.5,0.75,2.5,0.25,-1,,,,
MNQ DEC25,1s,1,1287,2025-11-13 09:41:28,25352.75,25354,25350.75,25353.25,121,3.25,0.5,0.75,2,1,,,,
MNQ DEC25,1s,1,1288,2025-11-13 09:41:29,25353.75,25354.25,25352,25352.75,60,2.25,1,0.5,0.75,-1,,,,
MNQ DEC25,1s,1,1289,2025-11-13 09:41:30,25352.25,25355.5,25352.25,25355.25,80,3.25,3,0.25,0,1,,,,
MNQ DEC25,10s,10,5528,2025-11-13 09:41:30,25360.5,25363.25,25349.25,25355.25,1346,14,5.25,2.75,6,-1,-58.45,13.5,33.3,-70.2
MNQ DEC25,1s,1,1290,2025-11-13 09:41:31,25354.5,25354.5,25350.75,25351.5,72,3.75,3,0,0.75,-1,,,,
MNQ DEC25,1s,1,1291,2025-11-13 09:41:32,25351.5,25355.25,25351,25353.75,87,4.25,2.25,1.5,0.5,1,,,,
MNQ DEC25,1s,1,1292,2025-11-13 09:41:33,25353.25,25355,25352.25,25352.25,71,2.75,1,1.75,0,-1,,,,
MNQ DEC25,1s,1,1293,2025-11-13 09:41:34,25352.5,25354.5,25351,25352.25,113,3.5,0.25,2,1.25,-1,,,,
MNQ DEC25,1s,1,1294,2025-11-13 09:41:35,25352,25353.5,25351.25,25353,110,2.25,1,0.5,0.75,1,,,,
MNQ DEC25,1s,1,1295,2025-11-13 09:41:36,25352,25357.25,25351,25351.25,103,6.25,0.75,5.25,0.25,-1,,,,
MNQ DEC25,1s,1,1296,2025-11-13 09:41:37,25351.25,25352.75,25344.75,25345,229,8,6.25,1.5,0.25,-1,,,,
MNQ DEC25,1s,1,1297,2025-11-13 09:41:38,25346,25351.25,25345.5,25351.25,106,5.75,5.25,0,0.5,1,,,,
MNQ DEC25,1s,1,1298,2025-11-13 09:41:39,25351,25351.25,25349,25350,132,2.25,1,0.25,1,-1,,,,
MNQ DEC25,1s,1,1299,2025-11-13 09:41:40,25350,25351,25349.5,25349.75,65,1.5,0.25,1,0.25,-1,,,,
MNQ DEC25,10s,10,5529,2025-11-13 09:41:40,25354.5,25357.25,25344.75,25349.75,1088,12.5,4.75,2.75,5,-1,-64,-5.55,13.98333333,-71.91
MNQ DEC25,20s,20,5764,2025-11-13 09:41:40,25360.5,25363.25,25344.75,25349.75,2434,18.5,10.75,2.75,5,-1,-182.2,3.15,-118.3,57.71
MNQ DEC25,1s,1,1300,2025-11-13 09:41:41,25349.75,25354.25,25348.25,25354.25,205,6,4.5,0,1.5,1,,,,
MNQ DEC25,1s,1,1301,2025-11-13 09:41:42,25354,25354.75,25352.75,25353,43,2,1,0.75,0.25,-1,,,,
MNQ DEC25,1s,1,1302,2025-11-13 09:41:43,25353.25,25354.5,25352,25352.5,69,2.5,0.75,1.25,0.5,-1,,,,
MNQ DEC25,1s,1,1303,2025-11-13 09:41:44,25352.75,25355.25,25352.5,25354.25,29,2.75,1.5,1,0.25,1,,,,
MNQ DEC25,1s,1,1304,2025-11-13 09:41:45,25353.75,25357.5,25353.5,25355,99,4,1.25,2.5,0.25,1,,,,
MNQ DEC25,1s,1,1305,2025-11-13 09:41:46,25354.75,25356.5,25354.75,25355.25,28,1.75,0.5,1.25,0,1,,,,
MNQ DEC25,1s,1,1306,2025-11-13 09:41:47,25354.75,25357.5,25354.75,25355,53,2.75,0.25,2.5,0,1,,,,
MNQ DEC25,1s,1,1307,2025-11-13 09:41:48,25355.25,25355.5,25351.75,25351.75,64,3.75,3.5,0.25,0,-1,,,,
MNQ DEC25,1s,1,1308,2025-11-13 09:41:49,25352.5,25352.5,25350.75,25352,38,1.75,0.5,0,1.25,-1,,,,
MNQ DEC25,1s,1,1309,2025-11-13 09:41:50,25352.5,25352.75,25350.5,25350.5,50,2.25,2,0.25,0,-1,,,,
MNQ DEC25,10s,10,5530,2025-11-13 09:41:50,25349.75,25357.5,25348.25,25350.5,678,9.25,0.75,7,1.5,1,-91.5,-27.5,-6.51666667,13.37
MNQ DEC25,1s,1,1310,2025-11-13 09:41:51,25351,25351,25349,25350,67,2,1,0,1,-1,,,,
MNQ DEC25,1s,1,1311,2025-11-13 09:41:52,25349.75,25349.75,25347.5,25347.75,91,2.25,2,0,0.25,-1,,,,
MNQ DEC25,1s,1,1312,2025-11-13 09:41:53,25348.25,25349.25,25346.75,25348.25,76,2.5,0,1,1.5,0,,,,
MNQ DEC25,1s,1,1313,2025-11-13 09:41:54,25347.75,25349.75,25345.75,25347,73,4,0.75,2,1.25,-1,,,,
MNQ DEC25,1s,1,1314,2025-11-13 09:41:55,25347,25347.25,25345,25345.25,65,2.25,1.75,0.25,0.25,-1,,,,
MNQ DEC25,1s,1,1315,2025-11-13 09:41:56,25345.75,25347.75,25345.25,25345.25,139,2.5,0.5,2,0,-1,,,,
MNQ DEC25,1s,1,1316,2025-11-13 09:41:57,25345,25347.25,25344.5,25345,75,2.75,0,2.25,0.5,0,,,,
MNQ DEC25,1s,1,1317,2025-11-13 09:41:58,25345,25347.75,25343.75,25346,96,4,1,1.75,1.25,1,,,,
MNQ DEC25,1s,1,1318,2025-11-13 09:41:59,25346,25348,25345.5,25346.5,108,2.5,0.5,1.5,0.5,1,,,,
MNQ DEC25,1s,1,1319,2025-11-13 09:42:00,25346.75,25346.75,25344,25345.5,76,2.75,1.25,0,1.5,-1,,,,
MNQ DEC25,10s,10,5531,2025-11-13 09:42:00,25351,25351,25343.75,25345.5,866,7.25,5.5,0,1.75,-1,-307.05,-215.55,-82.86666667,-40.22
MNQ DEC25,20s,20,5765,2025-11-13 09:42:00,25349.75,25357.5,25343.75,25345.5,1544,13.75,4.25,7.75,1.75,-1,-583.45,-401.25,-150.71666667,-124.7
MNQ DEC25,1s,1,1320,2025-11-13 09:42:01,25345.5,25346,25340,25342.5,435,6,3,0.5,2.5,-1,,,,
MNQ DEC25,1s,1,1321,2025-11-13 09:42:02,25341.75,25342.75,25339.75,25339.75,224,3,2,1,0,-1,,,,
MNQ DEC25,1s,1,1322,2025-11-13 09:42:03,25340,25340.75,25337.5,25339.25,326,3.25,0.75,0.75,1.75,-1,,,,
MNQ DEC25,1s,1,1323,2025-11-13 09:42:04,25339.5,25341.75,25336,25339.5,479,5.75,0,2.25,3.5,0,,,,
MNQ DEC25,1s,1,1324,2025-11-13 09:42:05,25338.75,25341.5,25337.25,25338.5,196,4.25,0.25,2.75,1.25,-1,,,,
MNQ DEC25,1s,1,1325,2025-11-13 09:42:06,25337.75,25339.25,25336.75,25339.25,136,2.5,1.5,0,1,1,,,,
MNQ DEC25,1s,1,1326,2025-11-13 09:42:07,25338.75,25339.25,25336.75,25338,97,2.5,0.75,0.5,1.25,-1,,,,
MNQ DEC25,1s,1,1327,2025-11-13 09:42:08,25338,25342.75,25334.75,25334.75,239,8,3.25,4.75,0,-1,,,,
MNQ DEC25,1s,1,1328,2025-11-13 09:42:09,25334.75,25336.25,25333.75,25334,173,2.5,0.75,1.5,0.25,-1,,,,
MNQ DEC25,1s,1,1329,2025-11-13 09:42:10,25334.5,25336,25333.75,25336,159,2.25,1.5,0,0.75,1,,,,
MNQ DEC25,10s,10,5532,2025-11-13 09:42:10,25345.5,25346,25333.75,25336,2464,12.25,9.5,0.5,2.25,-1,-122.7,184.35,-19.56666667,-10.15
MNQ DEC25,1s,1,1330,2025-11-13 09:42:11,25336.25,25338.75,25335.25,25338.25,188,3.5,2,0.5,1,1,,,,
MNQ DEC25,1s,1,1331,2025-11-13 09:42:12,25337.25,25338.25,25332.5,25335.75,224,5.75,1.5,1,3.25,-1,,,,
MNQ DEC25,1s,1,1332,2025-11-13 09:42:13,25335.5,25336.5,25334.25,25335,150,2.25,0.5,1,0.75,-1,,,,
MNQ DEC25,1s,1,1333,2025-11-13 09:42:14,25335,25337,25334.25,25336,75,2.75,1,1,0.75,1,,,,
MNQ DEC25,1s,1,1334,2025-11-13 09:42:15,25335.5,25335.75,25334.25,25335,55,1.5,0.5,0.25,0.75,-1,,,,
MNQ DEC25,1s,1,1335,2025-11-13 09:42:16,25335,25336.25,25333.25,25334.5,98,3,0.5,1.25,1.25,-1,,,,
MNQ DEC25,1s,1,1336,2025-11-13 09:42:17,25334.75,25334.75,25330.75,25331.25,153,4,3.5,0,0.5,-1,,,,
MNQ DEC25,1s,1,1337,2025-11-13 09:42:18,25331.5,25332,25330,25330.25,165,2,1.25,0.5,0.25,-1,,,,
MNQ DEC25,1s,1,1338,2025-11-13 09:42:19,25330.5,25333,25329.5,25331.5,223,3.5,1,1.5,1,1,,,,
MNQ DEC25,1s,1,1339,2025-11-13 09:42:20,25331,25334,25330.5,25333.5,113,3.5,2.5,0.5,0.5,1,,,,
MNQ DEC25,10s,10,5533,2025-11-13 09:42:20,25336.25,25338.75,25329.5,25333.5,1444,9.25,2.75,2.5,4,-1,-135.05,-12.35,-14.51666667,-15.32
MNQ DEC25,20s,20,5766,2025-11-13 09:42:20,25345.5,25346,25329.5,25333.5,3908,16.5,12,0.5,4,-1,-240.75,342.7,-18.46666667,-82.69
MNQ DEC25,1s,1,1340,2025-11-13 09:42:21,25332.5,25334,25331,25331.75,107,3,0.75,1.5,0.75,-1,,,,
MNQ DEC25,1s,1,1341,2025-11-13 09:42:22,25330.5,25331.25,25328.75,25331.25,154,2.5,0.75,0,1.75,1,,,,
MNQ DEC25,1s,1,1342,2025-11-13 09:42:23,25330.75,25331,25329.25,25330.25,104,1.75,0.5,0.25,1,-1,,,,
MNQ DEC25,1s,1,1343,2025-11-13 09:42:24,25330.75,25330.75,25326,25328,229,4.75,2.75,0,2,-1,,,,
MNQ DEC25,1s,1,1344,2025-11-13 09:42:25,25328,25331.25,25327.75,25330,153,3.5,2,1.25,0.25,1,,,,
MNQ DEC25,1s,1,1345,2025-11-13 09:42:26,25330.5,25331.25,25328.75,25329.75,132,2.5,0.75,0.75,1,-1,,,,
MNQ DEC25,1s,1,1346,2025-11-13 09:42:27,25328.75,25329.75,25326.5,25327.25,82,3.25,1.5,1,0.75,-1,,,,
MNQ DEC25,1s,1,1347,2025-11-13 09:42:28,25327,25328,25320.75,25322.25,478,7.25,4.75,1,1.5,-1,,,,
MNQ DEC25,1s,1,1348,2025-11-13 09:42:29,25321.75,25322.25,25320.25,25321.5,236,2,0.25,0.5,1.25,-1,,,,
MNQ DEC25,1s,1,1349,2025-11-13 09:42:30,25321.5,25322.5,25319.75,25319.75,283,2.75,1.75,1,0,-1,,,,
MNQ DEC25,10s,10,5534,2025-11-13 09:42:30,25332.5,25334,25319.75,25319.75,1958,14.25,12.75,1.5,0,-1,-15.65,119.4,97.13333333,9.67
MNQ DEC25,1s,1,1350,2025-11-13 09:42:31,25320,25322.5,25320,25321.5,177,2.5,1.5,1,0,1,,,,
MNQ DEC25,1s,1,1351,2025-11-13 09:42:32,25321.5,25322.25,25317.75,25320.75,301,4.5,0.75,0.75,3,-1,,,,
MNQ DEC25,1s,1,1352,2025-11-13 09:42:33,25321,25322.25,25320.5,25320.5,121,1.75,0.5,1.25,0,-1,,,,
MNQ DEC25,1s,1,1353,2025-11-13 09:42:34,25320.75,25322,25319.25,25321.25,191,2.75,0.5,0.75,1.5,1,,,,
MNQ DEC25,1s,1,1354,2025-11-13 09:42:35,25321,25347.5,25320,25344.5,1980,27.5,23.5,3,1,1,,,,
MNQ DEC25,1s,1,1355,2025-11-13 09:42:36,25345.75,25347.25,25340.75,25344.25,541,6.5,1.5,1.5,3.5,-1,,,,
MNQ DEC25,1s,1,1356,2025-11-13 09:42:37,25343.5,25349.25,25340.5,25346.25,497,8.75,2.75,3,3,1,,,,
MNQ DEC25,1s,1,1357,2025-11-13 09:42:38,25346.75,25349.5,25345.75,25348.25,223,3.75,1.5,1.25,1,1,,,,
MNQ DEC25,1s,1,1358,2025-11-13 09:42:39,25348,25349,25345,25348.5,148,4,0.5,0.5,3,1,,,,
MNQ DEC25,1s,1,1359,2025-11-13 09:42:40,25349.5,25352.25,25348,25349,200,4.25,0.5,2.75,1,-1,,,,
MNQ DEC25,10s,10,5535,2025-11-13 09:42:40,25320,25352.25,25317.75,25349,4379,34.5,29,3.25,2.25,1,636.1,651.75,252.93333333,145.52
MNQ DEC25,20s,20,5767,2025-11-13 09:42:40,25332.5,25352.25,25317.75,25349,6337,34.5,16.5,3.25,14.75,1,485.75,726.5,222.65,123.41
MNQ DEC25,1s,1,1360,2025-11-13 09:42:41,25349.25,25351.75,25348.5,25350.5,185,3.25,1.25,1.25,0.75,1,,,,
MNQ DEC25,1s,1,1361,2025-11-13 09:42:42,25351,25351,25348.5,25348.5,141,2.5,2.5,0,0,-1,,,,
MNQ DEC25,1s,1,1362,2025-11-13 09:42:43,25349.5,25350.5,25345.5,25346,186,5,3.5,1,0.5,-1,,,,
MNQ DEC25,1s,1,1363,2025-11-13 09:42:44,25346.75,25348,25346.25,25347,103,1.75,0.25,1,0.5,1,,,,
MNQ DEC25,1s,1,1364,2025-11-13 09:42:45,25346.25,25350.25,25345.5,25348.75,137,4.75,2.5,1.5,0.75,1,,,,
MNQ DEC25,1s,1,1365,2025-11-13 09:42:46,25348.5,25349.75,25342.5,25346.75,281,7.25,1.75,1.25,4.25,-1,,,,
MNQ DEC25,1s,1,1366,2025-11-13 09:42:47,25347.25,25347.25,25344.5,25345.75,98,2.75,1.5,0,1.25,-1,,,,
MNQ DEC25,1s,1,1367,2025-11-13 09:42:48,25345.25,25346.5,25344,25344.75,97,2.5,0.5,1.25,0.75,-1,,,,
MNQ DEC25,1s,1,1368,2025-11-13 09:42:49,25345,25346.5,25343.5,25345.75,127,3,0.75,0.75,1.5,1,,,,
MNQ DEC25,1s,1,1369,2025-11-13 09:42:50,25345.75,25348.5,25345.5,25346,101,3,0.25,2.5,0.25,1,,,,
MNQ DEC25,10s,10,5536,2025-11-13 09:42:50,25349.25,25351.75,25342.5,25346,1456,9.25,3.25,2.5,3.5,-1,763.9,127.8,299.65,214.19
MNQ DEC25,1s,1,1370,2025-11-13 09:42:51,25346,25349.75,25345.75,25348.75,71,4,2.75,1,0.25,1,,,,
MNQ DEC25,1s,1,1371,2025-11-13 09:42:52,25349,25349,25345,25345.75,141,4,3.25,0,0.75,-1,,,,
MNQ DEC25,1s,1,1372,2025-11-13 09:42:53,25345.5,25346.25,25342,25344.25,101,4.25,1.25,0.75,2.25,-1,,,,
MNQ DEC25,1s,1,1373,2025-11-13 09:42:54,25344.25,25345.25,25342.75,25344.75,94,2.5,0.5,0.5,1.5,1,,,,
MNQ DEC25,1s,1,1374,2025-11-13 09:42:55,25345.25,25347.25,25343.75,25346,93,3.5,0.75,1.25,1.5,1,,,,
MNQ DEC25,1s,1,1375,2025-11-13 09:42:56,25345.75,25345.75,25342.75,25345.75,71,3,0,0,3,0,,,,
MNQ DEC25,1s,1,1376,2025-11-13 09:42:57,25345.25,25345.75,25343.25,25344.75,66,2.5,0.5,0.5,1.5,-1,,,,
MNQ DEC25,1s,1,1377,2025-11-13 09:42:58,25344.75,25345.75,25344.5,25345.25,33,1.25,0.5,0.5,0.25,1,,,,
MNQ DEC25,1s,1,1378,2025-11-13 09:42:59,25345.5,25345.5,25343.25,25344.25,42,2.25,1.25,0,1,-1,,,,
MNQ DEC25,1s,1,1379,2025-11-13 09:43:00,25344.25,25347.5,25342.75,25347,96,4.75,2.75,0.5,1.5,1,,,,
MNQ DEC25,10s,10,5537,2025-11-13 09:43:00,25346,25349.75,25342,25347,808,7.75,1,2.75,4,1,454.8,-309.1,156.81666667,115.5
MNQ DEC25,20s,20,5768,2025-11-13 09:43:00,25349.25,25351.75,25342,25347,2264,9.75,2.25,2.5,5,-1,397.65,-88.1,327.03333333,116.6
MNQ DEC25,1s,1,1380,2025-11-13 09:43:01,25346.25,25348.25,25344.75,25347,129,3.5,0.75,1.25,1.5,1,,,,
MNQ DEC25,1s,1,1381,2025-11-13 09:43:02,25346,25346.25,25339.5,25341.25,194,6.75,4.75,0.25,1.75,-1,,,,
MNQ DEC25,1s,1,1382,2025-11-13 09:43:03,25341.25,25341.5,25339,25340.25,119,2.5,1,0.25,1.25,-1,,,,
MNQ DEC25,1s,1,1383,2025-11-13 09:43:04,25340.25,25341,25339.5,25340,72,1.5,0.25,0.75,0.5,-1,,,,
MNQ DEC25,1s,1,1384,2025-11-13 09:43:05,25340,25342.25,25338,25338,110,4.25,2,2.25,0,-1,,,,
MNQ DEC25,1s,1,1385,2025-11-13 09:43:06,25337.75,25338.5,25336.5,25336.5,125,2,1.25,0.75,0,-1,,,,
MNQ DEC25,1s,1,1386,2025-11-13 09:43:07,25336.25,25337,25334.25,25334.25,161,2.75,2,0.75,0,-1,,,,
MNQ DEC25,1s,1,1387,2025-11-13 09:43:08,25333.75,25335.5,25331,25333.75,257,4.5,0,1.75,2.75,0,,,,
MNQ DEC25,1s,1,1388,2025-11-13 09:43:09,25334,25334.75,25330.5,25331.25,125,4.25,2.75,0.75,0.75,-1,,,,
MNQ DEC25,1s,1,1389,2025-11-13 09:43:10,25331.75,25332.25,25330.25,25331,88,2,0.75,0.5,0.75,-1,,,,
MNQ DEC25,10s,10,5538,2025-11-13 09:43:10,25346.25,25348.25,25330.25,25331,1380,18,15.25,2,0.75,-1,451.15,-3.65,-61.65,117.24
MNQ DEC25,1s,1,1390,2025-11-13 09:43:11,25330.25,25331,25328.5,25328.75,134,2.5,1.5,0.75,0.25,-1,,,,
MNQ DEC25,1s,1,1391,2025-11-13 09:43:12,25328.5,25328.5,25325.25,25328,190,3.25,0.5,0,2.75,-1,,,,
MNQ DEC25,1s,1,1392,2025-11-13 09:43:13,25328,25328.75,25326,25326,135,2.75,2,0.75,0,-1,,,,
MNQ DEC25,1s,1,1393,2025-11-13 09:43:14,25326.25,25327.75,25325.5,25326.5,73,2.25,0.25,1.25,0.75,1,,,,
MNQ DEC25,1s,1,1394,2025-11-13 09:43:15,25326,25326.75,25325.25,25325.25,90,1.5,0.75,0.75,0,-1,,,,
MNQ DEC25,1s,1,1395,2025-11-13 09:43:16,25325.25,25327.5,25324.75,25325.75,195,2.75,0.5,1.75,0.5,1,,,,
MNQ DEC25,1s,1,1396,2025-11-13 09:43:17,25326.5,25326.75,25323,25323.5,119,3.75,3,0.25,0.5,-1,,,,
MNQ DEC25,1s,1,1397,2025-11-13 09:43:18,25324,25325.75,25322.75,25324.5,78,3,0.5,1.25,1.25,1,,,,
MNQ DEC25,1s,1,1398,2025-11-13 09:43:19,25324.75,25324.75,25322,25323.25,114,2.75,1.5,0,1.25,-1,,,,
MNQ DEC25,1s,1,1399,2025-11-13 09:43:20,25323,25324.5,25321.25,25321.25,76,3.25,1.75,1.5,0,-1,,,,
MNQ DEC25,10s,10,5539,2025-11-13 09:43:20,25330.25,25331,25321.25,25321.25,1204,9.75,9,0.75,0,-1,295.6,-155.55,-156.1,62.25
MNQ DEC25,20s,20,5769,2025-11-13 09:43:20,25346.25,25348.25,25321.25,25321.25,2584,27,25,2,0,-1,475.9,78.25,238.88333333,131.62
MNQ DEC25,1s,1,1400,2025-11-13 09:43:21,25321,25321.5,25319.5,25319.75,154,2,1.25,0.5,0.25,-1,,,,
MNQ DEC25,1s,1,1401,2025-11-13 09:43:22,25320,25322,25319.75,25321.75,126,2.25,1.75,0.25,0.25,1,,,,
MNQ DEC25,1s,1,1402,2025-11-13 09:43:23,25321.75,25322.75,25319,25320.25,129,3.75,1.5,1,1.25,-1,,,,
MNQ DEC25,1s,1,1403,2025-11-13 09:43:24,25319.75,25321.5,25319.25,25320.5,71,2.25,0.75,1,0.5,1,,,,
MNQ DEC25,1s,1,1404,2025-11-13 09:43:25,25321,25321.25,25319.5,25320.75,67,1.75,0.25,0.25,1.25,-1,,,,
MNQ DEC25,1s,1,1405,2025-11-13 09:43:26,25321.25,25321.5,25316,25316.5,209,5.5,4.75,0.25,0.5,-1,,,,
MNQ DEC25,1s,1,1406,2025-11-13 09:43:27,25316.25,25316.25,25311,25313.5,553,5.25,2.75,0,2.5,-1,,,,
MNQ DEC25,1s,1,1407,2025-11-13 09:43:28,25313.5,25313.5,25310.5,25310.75,218,3,2.75,0,0.25,-1,,,,
MNQ DEC25,1s,1,1408,2025-11-13 09:43:29,25310.5,25310.5,25308.25,25309.25,314,2.25,1.25,0,1,-1,,,,
MNQ DEC25,1s,1,1409,2025-11-13 09:43:30,25309,25310,25308,25309,187,2,0,1,1,0,,,,
MNQ DEC25,10s,10,5540,2025-11-13 09:43:30,25321,25322.75,25308,25309,2028,14.75,12,1.75,1,-1,-113.15,-408.75,-189.31666667,-149.85
MNQ DEC25,1s,1,1410,2025-11-13 09:43:31,25308.75,25309.25,25306.75,25308.25,187,2.5,0.5,0.5,1.5,-1,,,,
MNQ DEC25,1s,1,1411,2025-11-13 09:43:32,25308.75,25309,25305,25305.75,218,4,3,0.25,0.75,-1,,,,
MNQ DEC25,1s,1,1412,2025-11-13 09:43:33,25306,25307.25,25304,25304.75,291,3.25,1.25,1.25,0.75,-1,,,,
MNQ DEC25,1s,1,1413,2025-11-13 09:43:34,25305.25,25307,25304.5,25306.75,169,2.5,1.5,0.25,0.75,1,,,,
MNQ DEC25,1s,1,1414,2025-11-13 09:43:35,25306.25,25308.5,25306,25307.25,151,2.5,1,1.25,0.25,1,,,,
MNQ DEC25,1s,1,1415,2025-11-13 09:43:36,25307.25,25308.75,25304.75,25308.75,168,4,1.5,0,2.5,1,,,,
MNQ DEC25,1s,1,1416,2025-11-13 09:43:37,25308,25311,25307.75,25311,158,3.25,3,0,0.25,1,,,,
MNQ DEC25,1s,1,1417,2025-11-13 09:43:38,25311,25313.5,25310.25,25313,188,3.25,2,0.5,0.75,1,,,,
MNQ DEC25,1s,1,1418,2025-11-13 09:43:39,25312.5,25313.5,25310.75,25313,208,2.75,0.5,0.5,1.75,1,,,,
MNQ DEC25,1s,1,1419,2025-11-13 09:43:40,25313.25,25317.25,25312.25,25317,316,5,3.75,0.25,1,1,,,,
MNQ DEC25,10s,10,5541,2025-11-13 09:43:40,25308.75,25317.25,25304,25317,2054,13.25,8.25,0.25,4.75,1,-25.4,87.75,-158.85,-157.86
MNQ DEC25,20s,20,5770,2025-11-13 09:43:40,25321,25322.75,25304,25317,4082,18.75,4,1.75,13,-1,959.55,483.65,157.93333333,308.6
MNQ DEC25,1s,1,1420,2025-11-13 09:43:41,25315.75,25317,25314.25,25314.5,202,2.75,1.25,1.25,0.25,-1,,,,
MNQ DEC25,1s,1,1421,2025-11-13 09:43:42,25314.75,25316.75,25314,25314.5,129,2.75,0.25,2,0.5,-1,,,,
MNQ DEC25,1s,1,1422,2025-11-13 09:43:43,25315,25316.25,25313,25313.25,184,3.25,1.75,1.25,0.25,-1,,,,
MNQ DEC25,1s,1,1423,2025-11-13 09:43:44,25313.25,25314,25309.75,25310,122,4.25,3.25,0.75,0.25,-1,,,,
MNQ DEC25,1s,1,1424,2025-11-13 09:43:45,25310,25312.25,25309,25309.75,133,3.25,0.25,2.25,0.75,-1,,,,
MNQ DEC25,1s,1,1425,2025-11-13 09:43:46,25310.5,25311,25305.5,25306.5,111,5.5,4,0.5,1,-1,,,,
MNQ DEC25,1s,1,1426,2025-11-13 09:43:47,25306,25308.75,25306,25307,129,2.75,1,1.75,0,1,,,,
MNQ DEC25,1s,1,1427,2025-11-13 09:43:48,25306.75,25306.75,25303,25304,184,3.75,2.75,0,1,-1,,,,
MNQ DEC25,1s,1,1428,2025-11-13 09:43:49,25303,25304.25,25302.25,25303,145,2,0,1.25,0.75,0,,,,
MNQ DEC25,1s,1,1429,2025-11-13 09:43:50,25303,25303.5,25301,25301.25,136,2.5,1.75,0.5,0.25,-1,,,,
MNQ DEC25,10s,10,5542,2025-11-13 09:43:50,25315.75,25317,25301,25301.25,1475,16,14.5,1.25,0.25,-1,88.15,113.55,-69.15,-73.33
MNQ DEC25,1s,1,1430,2025-11-13 09:43:51,25301.25,25302.25,25300.25,25300.5,126,2,0.75,1,0.25,-1,,,,
MNQ DEC25,1s,1,1431,2025-11-13 09:43:52,25301.25,25303.5,25299.5,25302.75,470,4,1.5,0.75,1.75,1,,,,
MNQ DEC25,1s,1,1432,2025-11-13 09:43:53,25302.5,25303.75,25301.5,25301.5,114,2.25,1,1.25,0,-1,,,,
MNQ DEC25,1s,1,1433,2025-11-13 09:43:54,25301.25,25302,25298,25302,258,4,0.75,0,3.25,1,,,,
MNQ DEC25,1s,1,1434,2025-11-13 09:43:55,25302.25,25305.25,25302,25303.75,138,3.25,1.5,1.5,0.25,1,,,,
MNQ DEC25,1s,1,1435,2025-11-13 09:43:56,25303.25,25307.5,25302,25307.5,133,5.5,4.25,0,1.25,1,,,,
MNQ DEC25,1s,1,1436,2025-11-13 09:43:57,25307.75,25310,25305.5,25308.25,244,4.5,0.5,1.75,2.25,1,,,,
MNQ DEC25,1s,1,1437,2025-11-13 09:43:58,25307.75,25308.5,25305.25,25306.75,183,3.25,1,0.75,1.5,-1,,,,
MNQ DEC25,1s,1,1438,2025-11-13 09:43:59,25306.5,25308.5,25305.75,25308.25,94,2.75,1.75,0.25,0.75,1,,,,
MNQ DEC25,1s,1,1439,2025-11-13 09:44:00,25308,25309.25,25307.25,25308.25,150,2,0.25,1,0.75,1,,,,
MNQ DEC25,10s,10,5543,2025-11-13 09:44:00,25301.25,25310,25298,25308.25,1910,12,7,1.75,3.25,1,162,73.85,91.71666667,-57.83
MNQ DEC25,20s,20,5771,2025-11-13 09:44:00,25315.75,25317,25298,25308.25,3385,19,7.5,1.25,10.25,-1,825.15,-134.4,142.5,213.18
MNQ DEC25,1s,1,1440,2025-11-13 09:44:01,25308.25,25308.5,25306.5,25307.5,193,2,0.75,0.25,1,-1,,,,
MNQ DEC25,1s,1,1441,2025-11-13 09:44:02,25307,25308.75,25303.75,25305.5,94,5,1.5,1.75,1.75,-1,,,,
MNQ DEC25,1s,1,1442,2025-11-13 09:44:03,25305.25,25311.25,25303,25310.5,185,8.25,5.25,0.75,2.25,1,,,,
MNQ DEC25,1s,1,1443,2025-11-13 09:44:04,25311,25311,25307.5,25309,95,3.5,2,0,1.5,-1,,,,
MNQ DEC25,1s,1,1444,2025-11-13 09:44:05,25308.75,25309.75,25306.5,25309.75,71,3.25,1,0,2.25,1,,,,
MNQ DEC25,1s,1,1445,2025-11-13 09:44:06,25310,25311.25,25308,25308.25,107,3.25,1.75,1.25,0.25,-1,,,,
MNQ DEC25,1s,1,1446,2025-11-13 09:44:07,25308,25310.75,25306,25306,215,4.75,2,2.75,0,-1,,,,
MNQ DEC25,1s,1,1447,2025-11-13 09:44:08,25306.75,25308.25,25305.25,25308.25,133,3,1.5,0,1.5,1,,,,
MNQ DEC25,1s,1,1448,2025-11-13 09:44:09,25308.5,25309.25,25305.75,25307,172,3.5,1.5,0.75,1.25,-1,,,,
MNQ DEC25,1s,1,1449,2025-11-13 09:44:10,25307.25,25307.5,25305,25306.5,52,2.5,0.75,0.25,1.5,-1,,,,
MNQ DEC25,10s,10,5544,2025-11-13 09:44:10,25308.25,25311.25,25303,25306.5,1317,8.25,1.75,3,3.5,-1,171.15,9.15,65.51666667,-24.89
MNQ DEC25,1s,1,1450,2025-11-13 09:44:11,25306,25306.5,25304.5,25305,55,2,1,0.5,0.5,-1,,,,
MNQ DEC25,1s,1,1451,2025-11-13 09:44:12,25305,25305,25302.25,25302.5,121,2.75,2.5,0,0.25,-1,,,,
MNQ DEC25,1s,1,1452,2025-11-13 09:44:13,25302,25302.5,25297,25298,330,5.5,4,0.5,1,-1,,,,
MNQ DEC25,1s,1,1453,2025-11-13 09:44:14,25297.75,25301,25297.75,25298.25,173,3.25,0.5,2.75,0,1,,,,
MNQ DEC25,1s,1,1454,2025-11-13 09:44:15,25298.75,25299.75,25297.25,25297.25,128,2.5,1.5,1,0,-1,,,,
MNQ DEC25,1s,1,1455,2025-11-13 09:44:16,25296.75,25298.25,25293,25293.75,295,5.25,3,1.5,0.75,-1,,,,
MNQ DEC25,1s,1,1456,2025-11-13 09:44:17,25294,25295.25,25293,25293.25,174,2.25,0.75,1.25,0.25,-1,,,,
MNQ DEC25,1s,1,1457,2025-11-13 09:44:18,25293,25296.5,25292,25294.25,268,4.5,1.25,2.25,1,1,,,,
MNQ DEC25,1s,1,1458,2025-11-13 09:44:19,25294.75,25296,25290,25296,348,6,1.25,0,4.75,1,,,,
MNQ DEC25,1s,1,1459,2025-11-13 09:44:20,25295.5,25296.75,25293.5,25293.5,135,3.25,2,1.25,0,-1,,,,
MNQ DEC25,10s,10,5545,2025-11-13 09:44:20,25306,25306.5,25290,25293.5,2027,16.5,12.5,0.5,3.5,-1,112,-59.15,7.95,45.03
MNQ DEC25,20s,20,5772,2025-11-13 09:44:20,25308.25,25311.25,25290,25293.5,3344,21.25,14.75,3,3.5,-1,197.25,-627.9,-92.88333333,-57.7
MNQ DEC25,1s,1,1460,2025-11-13 09:44:21,25293.75,25293.75,25290,25291,163,3.75,2.75,0,1,-1,,,,
MNQ DEC25,1s,1,1461,2025-11-13 09:44:22,25291.25,25296,25291.25,25296,222,4.75,4.75,0,0,1,,,,
MNQ DEC25,1s,1,1462,2025-11-13 09:44:23,25295.5,25296,25293.25,25296,122,2.75,0.5,0,2.25,1,,,,
MNQ DEC25,1s,1,1463,2025-11-13 09:44:24,25296,25300,25294,25298.5,241,6,2.5,1.5,2,1,,,,
MNQ DEC25,1s,1,1464,2025-11-13 09:44:25,25298.5,25298.75,25295,25295.75,134,3.75,2.75,0.25,0.75,-1,,,,
MNQ DEC25,1s,1,1465,2025-11-13 09:44:26,25297,25299.75,25297,25298.25,102,2.75,1.25,1.5,0,1,,,,
MNQ DEC25,1s,1,1466,2025-11-13 09:44:27,25298.5,25303.75,25298,25303.25,166,5.75,4.75,0.5,0.5,1,,,,
MNQ DEC25,1s,1,1467,2025-11-13 09:44:28,25303.5,25305,25302.25,25302.75,145,2.75,0.75,1.5,0.5,-1,,,,
MNQ DEC25,1s,1,1468,2025-11-13 09:44:29,25302.5,25306.75,25302.5,25303.75,300,4.25,1.25,3,0,1,,,,
MNQ DEC25,1s,1,1469,2025-11-13 09:44:30,25303.25,25304.5,25301,25301.75,129,3.5,1.5,1.25,0.75,-1,,,,
MNQ DEC25,10s,10,5546,2025-11-13 09:44:30,25293.75,25306.75,25290,25301.75,1724,16.75,8,5,3.75,1,55.85,-56.15,-35.38333333,16.25
MNQ DEC25,1s,1,1470,2025-11-13 09:44:31,25301.5,25303.25,25300,25300.25,141,3.25,1.25,1.75,0.25,-1,,,,
MNQ DEC25,1s,1,1471,2025-11-13 09:44:32,25300.75,25300.75,25294.25,25296.25,191,6.5,4.5,0,2,-1,,,,
MNQ DEC25,1s,1,1472,2025-11-13 09:44:33,25295.5,25296.25,25293.25,25295.75,135,3,0.25,0.5,2.25,1,,,,
MNQ DEC25,1s,1,1473,2025-11-13 09:44:34,25296,25296,25293.25,25293.5,81,2.75,2.5,0,0.25,-1,,,,
MNQ DEC25,1s,1,1474,2025-11-13 09:44:35,25294,25294.25,25292.25,25292.75,77,2,1.25,0.25,0.5,-1,,,,
MNQ DEC25,1s,1,1475,2025-11-13 09:44:36,25292.25,25293.75,25290.75,25291.75,145,3,0.5,1.5,1,-1,,,,
MNQ DEC25,1s,1,1476,2025-11-13 09:44:37,25291.75,25293,25290.75,25291.25,71,2.25,0.5,1.25,0.5,-1,,,,
MNQ DEC25,1s,1,1477,2025-11-13 09:44:38,25291,25291,25288,25288.5,226,3,2.5,0,0.5,-1,,,,
MNQ DEC25,1s,1,1478,2025-11-13 09:44:39,25289,25290.5,25288,25290.5,99,2.5,1.5,0,1,1,,,,
MNQ DEC25,1s,1,1479,2025-11-13 09:44:40,25290.25,25293.5,25289,25293.25,155,4.5,3,0.25,1.25,1,,,,
MNQ DEC25,10s,10,5547,2025-11-13 09:44:40,25301.5,25303.25,25288,25293.25,1321,15.25,8.25,1.75,5.25,-1,13.45,-42.4,-52.56666667,-14.94
MNQ DEC25,20s,20,5773,2025-11-13 09:44:40,25293.75,25306.75,25288,25293.25,3045,18.75,0.5,13,5.25,-1,335.1,137.85,-208.15,-12.51
MNQ DEC25,1s,1,1480,2025-11-13 09:44:41,25293.75,25296.75,25293,25296,179,3.75,2.25,0.75,0.75,1,,,,
MNQ DEC25,1s,1,1481,2025-11-13 09:44:42,25295.75,25298.5,25295.75,25298.5,114,2.75,2.75,0,0,1,,,,
MNQ DEC25,1s,1,1482,2025-11-13 09:44:43,25298.75,25300,25298,25298,218,2,0.75,1.25,0,-1,,,,
MNQ DEC25,1s,1,1483,2025-11-13 09:44:44,25298.25,25299.5,25297,25297,131,2.5,1.25,1.25,0,-1,,,,
MNQ DEC25,1s,1,1484,2025-11-13 09:44:45,25297.5,25298,25294,25294.25,116,4,3.25,0.5,0.25,-1,,,,
MNQ DEC25,1s,1,1485,2025-11-13 09:44:46,25294,25294.25,25292.5,25292.5,75,1.75,1.5,0.25,0,-1,,,,
MNQ DEC25,1s,1,1486,2025-11-13 09:44:47,25292.25,25293.25,25291,25291.25,91,2.25,1,1,0.25,-1,,,,
MNQ DEC25,1s,1,1487,2025-11-13 09:44:48,25290.75,25292.25,25290,25291.5,89,2.25,0.75,0.75,0.75,1,,,,
MNQ DEC25,1s,1,1488,2025-11-13 09:44:49,25291.5,25292.25,25290.5,25292,59,1.75,0.5,0.25,1,1,,,,
MNQ DEC25,1s,1,1489,2025-11-13 09:44:50,25292.25,25292.5,25289.5,25292.5,110,3,0.25,0,2.75,1,,,,
MNQ DEC25,10s,10,5548,2025-11-13 09:44:50,25293.75,25300,25289.5,25292.5,1182,10.5,1.25,6.25,3,-1,-123.95,-137.4,-78.65,-57.19
MNQ DEC25,1s,1,1490,2025-11-13 09:44:51,25293,25293.25,25291.5,25292,59,1.75,1,0.25,0.5,-1,,,,
MNQ DEC25,1s,1,1491,2025-11-13 09:44:52,25291.25,25292.75,25290.5,25292.75,83,2.25,1.5,0,0.75,1,,,,
MNQ DEC25,1s,1,1492,2025-11-13 09:44:53,25293,25294.5,25292.25,25292.75,135,2.25,0.25,1.5,0.5,-1,,,,
MNQ DEC25,1s,1,1493,2025-11-13 09:44:54,25292.75,25293,25284,25288.25,405,9,4.5,0.25,4.25,-1,,,,
MNQ DEC25,1s,1,1494,2025-11-13 09:44:55,25288.75,25289.5,25288,25288.75,122,1.5,0,0.75,0.75,0,,,,
MNQ DEC25,1s,1,1495,2025-11-13 09:44:56,25288.5,25289.25,25285.75,25288,303,3.5,0.5,0.75,2.25,-1,,,,
MNQ DEC25,1s,1,1496,2025-11-13 09:44:57,25288,25290.75,25288,25290,119,2.75,2,0.75,0,1,,,,
MNQ DEC25,1s,1,1497,2025-11-13 09:44:58,25290.75,25292.5,25290.5,25292.5,96,2,1.75,0,0.25,1,,,,
MNQ DEC25,1s,1,1498,2025-11-13 09:44:59,25292.25,25292.25,25290,25291.75,90,2.25,0.5,0,1.75,-1,,,,
MNQ DEC25,1s,1,1499,2025-11-13 09:45:00,25292,25293.5,25291.5,25292.5,120,2,0.5,1,0.5,1,,,,
MNQ DEC25,10s,10,5549,2025-11-13 09:45:00,25293,25294.5,25284,25292.5,1532,10.5,0.5,1.5,8.5,-1,-103.15,20.8,-53,-54.86
MNQ DEC25,20s,20,5774,2025-11-13 09:45:00,25293.75,25300,25284,25292.5,2714,16,1.25,6.25,8.5,-1,331.25,-3.85,-164.63333333,-28.93
MNQ DEC25,1s,1,1500,2025-11-13 09:45:01,25292,25293.25,25285.25,25286.5,719,8,5.5,1.25,1.25,-1,,,,
MNQ DEC25,1s,1,1501,2025-11-13 09:45:02,25286.5,25290.75,25286,25290,231,4.75,3.5,0.75,0.5,1,,,,
MNQ DEC25,1s,1,1502,2025-11-13 09:45:03,25290,25292.25,25289,25292.25,196,3.25,2.25,0,1,1,,,,
MNQ DEC25,1s,1,1503,2025-11-13 09:45:04,25292.5,25294,25289.25,25289.75,153,4.75,2.75,1.5,0.5,-1,,,,
MNQ DEC25,1s,1,1504,2025-11-13 09:45:05,25289.75,25293,25286.5,25287,191,6.5,2.75,3.25,0.5,-1,,,,
MNQ DEC25,1s,1,1505,2025-11-13 09:45:06,25287,25287.75,25284.5,25287.75,194,3.25,0.75,0,2.5,1,,,,
MNQ DEC25,1s,1,1506,2025-11-13 09:45:07,25288.5,25288.5,25280.75,25280.75,440,7.75,7.75,0,0,-1,,,,
MNQ DEC25,1s,1,1507,2025-11-13 09:45:08,25281.75,25288.5,25280.75,25286.75,349,7.75,5,1.75,1,1,,,,
MNQ DEC25,1s,1,1508,2025-11-13 09:45:09,25287,25295,25287,25294.75,240,8,7.75,0.25,0,1,,,,
MNQ DEC25,1s,1,1509,2025-11-13 09:45:10,25294.5,25295,25290.75,25292.5,247,4.25,2,0.5,1.75,-1,,,,
MNQ DEC25,10s,10,5550,2025-11-13 09:45:10,25292,25295,25280.75,25292.5,2960,14.25,0.5,2.5,11.25,1,-30.65,72.5,-14.7,-28.53
MNQ DEC25,1s,1,1510,2025-11-13 09:45:11,25292.25,25294.75,25292.25,25294.25,113,2.5,2,0.5,0,1,,,,
MNQ DEC25,1s,1,1511,2025-11-13 09:45:12,25294.25,25296.75,25289.5,25295,299,7.25,0.75,1.75,4.75,1,,,,
MNQ DEC25,1s,1,1512,2025-11-13 09:45:13,25295,25296.5,25293.25,25296,203,3.25,1,0.5,1.75,1,,,,
MNQ DEC25,1s,1,1513,2025-11-13 09:45:14,25296.25,25300,25295,25300,299,5,3.75,0,1.25,1,,,,
MNQ DEC25,1s,1,1514,2025-11-13 09:45:15,25300.25,25306.25,25299.5,25305.25,505,6.75,5,1,0.75,1,,,,
MNQ DEC25,1s,1,1515,2025-11-13 09:45:16,25305,25305.5,25301.25,25303,337,4.25,2,0.5,1.75,-1,,,,
MNQ DEC25,1s,1,1516,2025-11-13 09:45:17,25303,25304.5,25299,25300,270,5.5,3,1.5,1,-1,,,,
MNQ DEC25,1s,1,1517,2025-11-13 09:45:18,25300.25,25304.5,25300.25,25304.25,274,4.25,4,0.25,0,1,,,,
MNQ DEC25,1s,1,1518,2025-11-13 09:45:19,25304,25310.5,25304,25307.75,442,6.5,3.75,2.75,0,1,,,,
MNQ DEC25,1s,1,1519,2025-11-13 09:45:20,25307.75,25307.75,25302.75,25303.75,322,5,4,0,1,-1,,,,
MNQ DEC25,10s,10,5551,2025-11-13 09:45:20,25292.25,25310.5,25289.5,25303.75,3064,21,11.5,6.75,2.75,1,127.45,158.1,83.8,14.32
MNQ DEC25,20s,20,5775,2025-11-13 09:45:20,25292,25310.5,25280.75,25303.75,6024,29.75,11.75,6.75,11.25,1,497.6,166.35,100.11666667,-92.39
MNQ DEC25,1s,1,1520,2025-11-13 09:45:21,25304,25308.5,25303.5,25304.5,184,5,0.5,4,0.5,1,,,,
MNQ DEC25,1s,1,1521,2025-11-13 09:45:22,25304.25,25306.25,25303.75,25305,126,2.5,0.75,1.25,0.5,1,,,,
MNQ DEC25,1s,1,1522,2025-11-13 09:45:23,25305.25,25311,25304.25,25308.25,184,6.75,3,2.75,1,1,,,,
MNQ DEC25,1s,1,1523,2025-11-13 09:45:24,25309,25314.25,25308.5,25311.75,295,5.75,2.75,2.5,0.5,1,,,,
MNQ DEC25,1s,1,1524,2025-11-13 09:45:25,25311.75,25311.75,25308,25308.5,271,3.75,3.25,0,0.5,-1,,,,
MNQ DEC25,1s,1,1525,2025-11-13 09:45:26,25308.5,25311.75,25308.5,25309.5,248,3.25,1,2.25,0,1,,,,
MNQ DEC25,1s,1,1526,2025-11-13 09:45:27,25309.25,25309.5,25306.5,25307.75,193,3,1.5,0.25,1.25,-1,,,,
MNQ DEC25,1s,1,1527,2025-11-13 09:45:28,25307.75,25311.25,25307.5,25309.5,198,3.75,1.75,1.75,0.25,1,,,,
MNQ DEC25,1s,1,1528,2025-11-13 09:45:29,25309.75,25311,25307.25,25308.5,93,3.75,1.25,1.25,1.25,-1,,,,
MNQ DEC25,1s,1,1529,2025-11-13 09:45:30,25308,25310.5,25305.25,25305.75,138,5.25,2.25,2.5,0.5,-1,,,,
MNQ DEC25,10s,10,5552,2025-11-13 09:45:30,25304,25314.25,25303.5,25305.75,1930,10.75,1.75,8.5,0.5,1,275.95,148.5,126.36666667,52.5
MNQ DEC25,1s,1,1530,2025-11-13 09:45:31,25306,25306.5,25303,25303,259,3.5,3,0.5,0,-1,,,,
MNQ DEC25,1s,1,1531,2025-11-13 09:45:32,25303.25,25304.25,25301,25301.5,192,3.25,1.75,1,0.5,-1,,,,
MNQ DEC25,1s,1,1532,2025-11-13 09:45:33,25302.25,25302.75,25298.5,25301,150,4.25,1.25,0.5,2.5,-1,,,,
MNQ DEC25,1s,1,1533,2025-11-13 09:45:34,25301,25304.75,25300.25,25302.5,127,4.5,1.5,2.25,0.75,1,,,,
MNQ DEC25,1s,1,1534,2025-11-13 09:45:35,25302.75,25304,25301,25304,122,3,1.25,0,1.75,1,,,,
MNQ DEC25,1s,1,1535,2025-11-13 09:45:36,25303.75,25305.5,25302.75,25304.25,124,2.75,0.5,1.25,1,1,,,,
MNQ DEC25,1s,1,1536,2025-11-13 09:45:37,25303.75,25304.25,25300.75,25300.75,97,3.5,3,0.5,0,-1,,,,
MNQ DEC25,1s,1,1537,2025-11-13 09:45:38,25300.75,25301.5,25297.25,25298.75,108,4.25,2,0.75,1.5,-1,,,,
MNQ DEC25,1s,1,1538,2025-11-13 09:45:39,25298.5,25299.5,25297.25,25297.25,118,2.25,1.25,1,0,-1,,,,
MNQ DEC25,1s,1,1539,2025-11-13 09:45:40,25297,25298,25295,25295.75,180,3,1.25,1,0.75,-1,,,,
MNQ DEC25,10s,10,5553,2025-11-13 09:45:40,25306,25306.5,25295,25295.75,1477,11.5,10.25,0.5,0.75,-1,333.3,57.35,121.31666667,91.45
MNQ DEC25,20s,20,5776,2025-11-13 09:45:40,25304,25314.25,25295,25295.75,3407,19.25,8.25,10.25,0.75,-1,404.45,-93.15,23.11666667,-84.14
MNQ DEC25,1s,1,1540,2025-11-13 09:45:41,25296,25297.25,25295.25,25295.25,124,2,0.75,1.25,0,-1,,,,
MNQ DEC25,1s,1,1541,2025-11-13 09:45:42,25295.25,25298.5,25294,25297.5,165,4.5,2.25,1,1.25,1,,,,
MNQ DEC25,1s,1,1542,2025-11-13 09:45:43,25297.75,25302,25297.75,25301.25,120,4.25,3.5,0.75,0,1,,,,
MNQ DEC25,1s,1,1543,2025-11-13 09:45:44,25301.5,25302.5,25298.75,25299,147,3.75,2.5,1,0.25,-1,,,,
MNQ DEC25,1s,1,1544,2025-11-13 09:45:45,25299.5,25299.5,25294.25,25296.25,136,5.25,3.25,0,2,-1,,,,
MNQ DEC25,1s,1,1545,2025-11-13 09:45:46,25296.75,25298.5,25294.5,25297.75,72,4,1,0.75,2.25,1,,,,
MNQ DEC25,1s,1,1546,2025-11-13 09:45:47,25298.25,25300.75,25297.5,25300.25,77,3.25,2,0.5,0.75,1,,,,
MNQ DEC25,1s,1,1547,2025-11-13 09:45:48,25299.5,25304,25299.5,25302,103,4.5,2.5,2,0,1,,,,
MNQ DEC25,1s,1,1548,2025-11-13 09:45:49,25300.75,25302.75,25300.5,25302,124,2.25,1.25,0.75,0.25,1,,,,
MNQ DEC25,1s,1,1549,2025-11-13 09:45:50,25302.5,25302.75,25299.25,25299.25,71,3.5,3.25,0.25,0,-1,,,,
MNQ DEC25,10s,10,5554,2025-11-13 09:45:50,25296,25304,25294,25299.25,1139,10,3.25,4.75,2,1,295.65,-37.65,56.06666667,79.76
MNQ DEC25,1s,1,1550,2025-11-13 09:45:51,25298.75,25301,25297.75,25298.25,161,3.25,0.5,2.25,0.5,-1,,,,
MNQ DEC25,1s,1,1551,2025-11-13 09:45:52,25299,25303,25298.5,25300.5,179,4.5,1.5,2.5,0.5,1,,,,
MNQ DEC25,1s,1,1552,2025-11-13 09:45:53,25299.75,25300.5,25297.75,25298.75,83,2.75,1,0.75,1,-1,,,,
MNQ DEC25,1s,1,1553,2025-11-13 09:45:54,25298.5,25299.5,25293,25293.75,168,6.5,4.75,1,0.75,-1,,,,
MNQ DEC25,1s,1,1554,2025-11-13 09:45:55,25293.75,25295.5,25292.75,25295,66,2.75,1.25,0.5,1,1,,,,
MNQ DEC25,1s,1,1555,2025-11-13 09:45:56,25295.25,25298,25294.75,25298,87,3.25,2.75,0,0.5,1,,,,
MNQ DEC25,1s,1,1556,2025-11-13 09:45:57,25297.75,25298.5,25296.5,25298,94,2,0.25,0.5,1.25,1,,,,
MNQ DEC25,1s,1,1557,2025-11-13 09:45:58,25298.5,25303,25298,25301,88,5,2.5,2,0.5,1,,,,
MNQ DEC25,1s,1,1558,2025-11-13 09:45:59,25301,25302.5,25298.25,25299.25,141,4.25,1.75,1.5,1,-1,,,,
MNQ DEC25,1s,1,1559,2025-11-13 09:46:00,25299,25300.25,25296.5,25297.5,70,3.75,1.5,1.25,1,-1,,,,
MNQ DEC25,10s,10,5555,2025-11-13 09:46:00,25298.75,25303,25292.75,25297.5,1137,10.25,1.25,4.25,4.75,-1,93.15,-202.5,-60.93333333,24.76
MNQ DEC25,20s,20,5777,2025-11-13 09:46:00,25296,25304,25292.75,25297.5,2276,11.25,1.5,6.5,3.25,1,250.85,-153.6,-26.8,10.72
MNQ DEC25,1s,1,1560,2025-11-13 09:46:01,25297.25,25300.25,25297,25298,148,3.25,0.75,2.25,0.25,1,,,,
MNQ DEC25,1s,1,1561,2025-11-13 09:46:02,25297.75,25298.5,25293.75,25296,162,4.75,1.75,0.75,2.25,-1,,,,
MNQ DEC25,1s,1,1562,2025-11-13 09:46:03,25296.5,25301,25296.25,25300.25,282,4.75,3.75,0.75,0.25,1,,,,
MNQ DEC25,1s,1,1563,2025-11-13 09:46:04,25300.25,25301.75,25298.25,25298.25,146,3.5,2,1.5,0,-1,,,,
MNQ DEC25,1s,1,1564,2025-11-13 09:46:05,25299,25304.25,25299,25303.25,120,5.25,4.25,1,0,1,,,,
MNQ DEC25,1s,1,1565,2025-11-13 09:46:06,25302.5,25304.25,25301,25301.5,131,3.25,1,1.75,0.5,-1,,,,
MNQ DEC25,1s,1,1566,2025-11-13 09:46:07,25301.75,25304,25300.5,25303,89,3.5,1.25,1,1.25,1,,,,
MNQ DEC25,1s,1,1567,2025-11-13 09:46:08,25302.5,25305.5,25301,25301.25,95,4.5,1.25,3,0.25,-1,,,,
MNQ DEC25,1s,1,1568,2025-11-13 09:46:09,25301.5,25303,25297.75,25297.75,80,5.25,3.75,1.5,0,-1,,,,
MNQ DEC25,1s,1,1569,2025-11-13 09:46:10,25298.25,25301.5,25296.25,25301,98,5.25,2.75,0.5,2,1,,,,
MNQ DEC25,10s,10,5556,2025-11-13 09:46:10,25297.25,25305.5,25293.75,25301,1351,11.75,3.75,4.5,3.5,1,-244.2,-337.35,-192.5,-74.33
MNQ DEC25,1s,1,1570,2025-11-13 09:46:11,25301.25,25302.5,25300,25300.75,173,2.5,0.5,1.25,0.75,-1,,,,
MNQ DEC25,1s,1,1571,2025-11-13 09:46:12,25300.75,25301,25299,25299,117,2,1.75,0.25,0,-1,,,,
MNQ DEC25,1s,1,1572,2025-11-13 09:46:13,25299.5,25301.75,25298.25,25300.75,75,3.5,1.25,1,1.25,1,,,,
MNQ DEC25,1s,1,1573,2025-11-13 09:46:14,25300.25,25302.75,25300,25301.75,68,2.75,1.5,1,0.25,1,,,,
MNQ DEC25,1s,1,1574,2025-11-13 09:46:15,25301.5,25301.75,25299,25299.75,77,2.75,1.75,0.25,0.75,-1,,,,
MNQ DEC25,1s,1,1575,2025-11-13 09:46:16,25299.5,25299.75,25297,25297.75,88,2.75,1.75,0.25,0.75,-1,,,,
MNQ DEC25,1s,1,1576,2025-11-13 09:46:17,25297.5,25300.75,25297.5,25299.25,61,3.25,1.75,1.5,0,1,,,,
MNQ DEC25,1s,1,1577,2025-11-13 09:46:18,25299.75,25300,25298.25,25299.25,66,1.75,0.5,0.25,1,-1,,,,
MNQ DEC25,1s,1,1578,2025-11-13 09:46:19,25300.25,25302,25297.25,25301.25,41,4.75,1,0.75,3,1,,,,
MNQ DEC25,1s,1,1579,2025-11-13 09:46:20,25301.75,25303.25,25299.5,25300,178,3.75,1.75,1.5,0.5,-1,,,,
MNQ DEC25,10s,10,5557,2025-11-13 09:46:20,25301.25,25303.25,25297,25300,944,6.25,1.25,2,3,-1,-448.2,-204,-247.95,-144.83
MNQ DEC25,20s,20,5778,2025-11-13 09:46:20,25297.25,25305.5,25293.75,25300,2295,11.75,2.75,5.5,3.5,1,131.2,-119.65,-122.13333333,-40.78
MNQ DEC25,1s,1,1580,2025-11-13 09:46:21,25299.75,25299.75,25296.75,25296.75,80,3,3,0,0,-1,,,,
MNQ DEC25,1s,1,1581,2025-11-13 09:46:22,25297.75,25302.75,25297.75,25302.5,116,5,4.75,0.25,0,1,,,,
MNQ DEC25,1s,1,1582,2025-11-13 09:46:23,25303.25,25303.25,25300.25,25302.75,57,3,0.5,0,2.5,-1,,,,
MNQ DEC25,1s,1,1583,2025-11-13 09:46:24,25302.75,25306.75,25302.75,25306.75,187,4,4,0,0,1,,,,
MNQ DEC25,1s,1,1584,2025-11-13 09:46:25,25306,25306.5,25304.25,25304.75,106,2.25,1.25,0.5,0.5,-1,,,,
MNQ DEC25,1s,1,1585,2025-11-13 09:46:26,25305,25312.25,25303.25,25310.5,286,9,5.5,1.75,1.75,1,,,,
MNQ DEC25,1s,1,1586,2025-11-13 09:46:27,25310.5,25312.75,25310.25,25311.25,148,2.5,0.75,1.5,0.25,1,,,,
MNQ DEC25,1s,1,1587,2025-11-13 09:46:28,25312,25315,25311.5,25314.5,260,3.5,2.5,0.5,0.5,1,,,,
MNQ DEC25,1s,1,1588,2025-11-13 09:46:29,25314.25,25314.75,25313.5,25314,113,1.25,0.25,0.5,0.5,-1,,,,
MNQ DEC25,1s,1,1589,2025-11-13 09:46:30,25313.25,25313.25,25311.25,25312,118,2,1.25,0,0.75,-1,,,,
MNQ DEC25,10s,10,5558,2025-11-13 09:46:30,25299.75,25315,25296.75,25312,1471,18.25,12.25,3,3,1,-453.95,-5.75,-182.36666667,-157.45
MNQ DEC25,1s,1,1590,2025-11-13 09:46:31,25311.25,25311.75,25309,25310,125,2.75,1.25,0.5,1,-1,,,,
MNQ DEC25,1s,1,1591,2025-11-13 09:46:32,25310,25310.25,25307.75,25309,135,2.5,1,0.25,1.25,-1,,,,
MNQ DEC25,1s,1,1592,2025-11-13 09:46:33,25309.25,25311.5,25306,25307.25,143,5.5,2,2.25,1.25,-1,,,,
MNQ DEC25,1s,1,1593,2025-11-13 09:46:34,25306.5,25309.75,25306.5,25307.5,86,3.25,1,2.25,0,1,,,,
MNQ DEC25,1s,1,1594,2025-11-13 09:46:35,25307.5,25310,25306.25,25309.25,55,3.75,1.75,0.75,1.25,1,,,,
MNQ DEC25,1s,1,1595,2025-11-13 09:46:36,25310,25312.25,25309.5,25311.75,83,2.75,1.75,0.5,0.5,1,,,,
MNQ DEC25,1s,1,1596,2025-11-13 09:46:37,25312.25,25313.5,25312.25,25312.75,82,1.25,0.5,0.75,0,1,,,,
MNQ DEC25,1s,1,1597,2025-11-13 09:46:38,25312.5,25314.25,25311.5,25313.5,161,2.75,1,0.75,1,1,,,,
MNQ DEC25,1s,1,1598,2025-11-13 09:46:39,25313.25,25315,25312,25314.5,113,3,1.25,0.5,1.25,1,,,,
MNQ DEC25,1s,1,1599,2025-11-13 09:46:40,25314.25,25317,25313.5,25314.5,215,3.5,0.25,2.5,0.75,1,,,,
MNQ DEC25,10s,10,5559,2025-11-13 09:46:40,25311.25,25317,25306,25314.5,1198,11,3.25,2.5,5.25,1,-441.85,12.1,-65.88333333,-147.5
MNQ DEC25,20s,20,5779,2025-11-13 09:46:40,25299.75,25317,25296.75,25314.5,2669,20.25,14.75,2.5,3,1,122.35,-8.85,-94.03333333,-41.78
MNQ DEC25,1s,1,1600,2025-11-13 09:46:41,25315.75,25318.25,25315.25,25316.75,253,3,1,1.5,0.5,1,,,,
MNQ DEC25,1s,1,1601,2025-11-13 09:46:42,25316.25,25317.5,25314,25316,159,3.5,0.25,1.25,2,-1,,,,
MNQ DEC25,1s,1,1602,2025-11-13 09:46:43,25316,25317.25,25311.25,25311.5,152,6,4.5,1.25,0.25,-1,,,,
MNQ DEC25,1s,1,1603,2025-11-13 09:46:44,25312.25,25314,25311,25312,148,3,0.25,1.75,1,-1,,,,
MNQ DEC25,1s,1,1604,2025-11-13 09:46:45,25311,25312.5,25310.25,25310.75,108,2.25,0.25,1.5,0.5,-1,,,,
MNQ DEC25,1s,1,1605,2025-11-13 09:46:46,25311.25,25311.25,25306.75,25307.75,124,4.5,3.5,0,1,-1,,,,
MNQ DEC25,1s,1,1606,2025-11-13 09:46:47,25307,25308.25,25306.5,25307.5,80,1.75,0.5,0.75,0.5,1,,,,
MNQ DEC25,1s,1,1607,2025-11-13 09:46:48,25306.5,25307,25303.5,25305.75,156,3.5,0.75,0.5,2.25,-1,,,,
MNQ DEC25,1s,1,1608,2025-11-13 09:46:49,25305.5,25306.25,25300.75,25302.5,180,5.5,3,0.75,1.75,-1,,,,
MNQ DEC25,1s,1,1609,2025-11-13 09:46:50,25302,25302.75,25300,25300,80,2.75,2,0.75,0,-1,,,,
MNQ DEC25,10s,10,5560,2025-11-13 09:46:50,25315.75,25318.25,25300,25300,1440,18.25,15.75,2.5,0,-1,-351.85,90,32.11666667,-89
MNQ DEC25,1s,1,1610,2025-11-13 09:46:51,25300,25303.5,25297.75,25303.5,242,5.75,3.5,0,2.25,1,,,,
MNQ DEC25,1s,1,1611,2025-11-13 09:46:52,25303.25,25308.25,25302.5,25308.25,159,5.75,5,0,0.75,1,,,,
MNQ DEC25,1s,1,1612,2025-11-13 09:46:53,25308,25311.25,25307.5,25310.25,127,3.75,2.25,1,0.5,1,,,,
MNQ DEC25,1s,1,1613,2025-11-13 09:46:54,25309.25,25310.25,25308.5,25308.75,78,1.75,0.5,1,0.25,-1,,,,
MNQ DEC25,1s,1,1614,2025-11-13 09:46:55,25308.75,25310,25307.75,25309.5,46,2.25,0.75,0.5,1,1,,,,
MNQ DEC25,1s,1,1615,2025-11-13 09:46:56,25310,25313.25,25310,25312.5,115,3.25,2.5,0.75,0,1,,,,
MNQ DEC25,1s,1,1616,2025-11-13 09:46:57,25312.75,25313.5,25310.75,25311.25,91,2.75,1.5,0.75,0.5,-1,,,,
MNQ DEC25,1s,1,1617,2025-11-13 09:46:58,25311,25311.75,25310,25310.5,70,1.75,0.5,0.75,0.5,-1,,,,
MNQ DEC25,1s,1,1618,2025-11-13 09:46:59,25311,25311.25,25309.5,25310.75,73,1.75,0.25,0.25,1.25,-1,,,,
MNQ DEC25,1s,1,1619,2025-11-13 09:47:00,25310.25,25311.25,25309,25310.75,89,2.25,0.5,0.5,1.25,1,,,,
MNQ DEC25,10s,10,5561,2025-11-13 09:47:00,25300,25313.5,25297.75,25310.75,1090,15.75,10.75,2.75,2.25,1,-355.85,-4,32.7,-22.33
MNQ DEC25,20s,20,5780,2025-11-13 09:47:00,25315.75,25318.25,25297.75,25310.75,2530,20.5,5,2.5,13,-1,-469.25,-591.6,-240.03333333,-193.37
MNQ DEC25,1s,1,1620,2025-11-13 09:47:01,25311,25312,25308.75,25310.75,131,3.25,0.25,1,2,-1,,,,
MNQ DEC25,1s,1,1621,2025-11-13 09:47:02,25311.25,25315.25,25307.75,25314.75,183,7.5,3.5,0.5,3.5,1,,,,
MNQ DEC25,1s,1,1622,2025-11-13 09:47:03,25314.75,25317,25313,25314.75,128,4,0,2.25,1.75,0,,,,
MNQ DEC25,1s,1,1623,2025-11-13 09:47:04,25315.5,25318.75,25315,25317.5,120,3.75,2,1.25,0.5,1,,,,
MNQ DEC25,1s,1,1624,2025-11-13 09:47:05,25317.75,25320,25317.75,25320,224,2.25,2.25,0,0,1,,,,
MNQ DEC25,1s,1,1625,2025-11-13 09:47:06,25319.75,25322,25318.75,25319.75,322,3.25,0,2.25,1,0,,,,
MNQ DEC25,1s,1,1626,2025-11-13 09:47:07,25319.75,25325,25318.5,25324.25,304,6.5,4.5,0.75,1.25,1,,,,
MNQ DEC25,1s,1,1627,2025-11-13 09:47:08,25323.75,25325,25322.5,25325,150,2.5,1.25,0,1.25,1,,,,
MNQ DEC25,1s,1,1628,2025-11-13 09:47:09,25325,25327.5,25322.5,25322.75,276,5,2.25,2.5,0.25,-1,,,,
MNQ DEC25,1s,1,1629,2025-11-13 09:47:10,25323.5,25326.75,25323,25326.75,174,3.75,3.25,0,0.5,1,,,,
MNQ DEC25,10s,10,5562,2025-11-13 09:47:10,25311,25327.5,25307.75,25326.75,2012,19.75,15.75,0.75,3.25,1,-169.1,186.75,90.91666667,55.82
MNQ DEC25,1s,1,1630,2025-11-13 09:47:11,25326,25326.75,25322,25322.5,162,4.75,3.5,0.75,0.5,-1,,,,
MNQ DEC25,1s,1,1631,2025-11-13 09:47:12,25323,25324,25321.25,25321.5,195,2.75,1.5,1,0.25,-1,,,,
MNQ DEC25,1s,1,1632,2025-11-13 09:47:13,25321.75,25325,25321.25,25322.5,197,3.75,0.75,2.5,0.5,1,,,,
MNQ DEC25,1s,1,1633,2025-11-13 09:47:14,25321.75,25324.25,25320.5,25321,128,3.75,0.75,2.5,0.5,-1,,,,
MNQ DEC25,1s,1,1634,2025-11-13 09:47:15,25321,25324,25319,25323.25,234,5,2.25,0.75,2,1,,,,
MNQ DEC25,1s,1,1635,2025-11-13 09:47:16,25323.5,25326,25322.5,25323.25,176,3.5,0.25,2.5,0.75,-1,,,,
MNQ DEC25,1s,1,1636,2025-11-13 09:47:17,25324,25326.25,25323.5,25323.5,229,2.75,0.5,2.25,0,-1,,,,
MNQ DEC25,1s,1,1637,2025-11-13 09:47:18,25323.25,25323.25,25320,25320.25,98,3.25,3,0,0.25,-1,,,,
MNQ DEC25,1s,1,1638,2025-11-13 09:47:19,25320.5,25321,25318.75,25320.25,93,2.25,0.25,0.5,1.5,-1,,,,
MNQ DEC25,1s,1,1639,2025-11-13 09:47:20,25320.25,25321.75,25317.75,25320.5,234,4,0.25,1.25,2.5,1,,,,
MNQ DEC25,10s,10,5563,2025-11-13 09:47:20,25326,25326.75,25317.75,25320.5,1746,9,5.5,0.75,2.75,-1,-105.9,63.2,81.98333333,69.61
MNQ DEC25,20s,20,5781,2025-11-13 09:47:20,25311,25327.5,25307.75,25320.5,3758,19.75,9.5,7,3.25,1,-469.7,-0.45,-200.3,-174.83
MNQ DEC25,1s,1,1640,2025-11-13 09:47:21,25320.75,25321.75,25314.5,25315.75,227,7.25,5,1,1.25,-1,,,,
MNQ DEC25,1s,1,1641,2025-11-13 09:47:22,25316.5,25316.75,25312.5,25314.75,195,4.25,1.75,0.25,2.25,-1,,,,
MNQ DEC25,1s,1,1642,2025-11-13 09:47:23,25314.75,25322.5,25314.75,25321.5,106,7.75,6.75,1,0,1,,,,
MNQ DEC25,1s,1,1643,2025-11-13 09:47:24,25321,25322.5,25319.5,25321.25,85,3,0.25,1.25,1.5,1,,,,
MNQ DEC25,1s,1,1644,2025-11-13 09:47:25,25321.5,25322,25317.75,25321,286,4.25,0.5,0.5,3.25,-1,,,,
MNQ DEC25,1s,1,1645,2025-11-13 09:47:26,25320.5,25325,25320.5,25324.5,160,4.5,4,0.5,0,1,,,,
MNQ DEC25,1s,1,1646,2025-11-13 09:47:27,25324,25325,25323.25,25324.75,93,1.75,0.75,0.25,0.75,1,,,,
MNQ DEC25,1s,1,1647,2025-11-13 09:47:28,25324.25,25324.75,25322.25,25322.25,78,2.5,2,0.5,0,-1,,,,
MNQ DEC25,1s,1,1648,2025-11-13 09:47:29,25322.5,25324,25321,25323,96,3,0.5,1,1.5,1,,,,
MNQ DEC25,1s,1,1649,2025-11-13 09:47:30,25323.25,25324.25,25316.5,25317.5,204,7.75,5.75,1,1,-1,,,,
MNQ DEC25,10s,10,5564,2025-11-13 09:47:30,25320.75,25325,25312.5,25317.5,1530,12.5,3.25,4.25,5,-1,-50.15,55.75,101.9,78.34
MNQ DEC25,1s,1,1650,2025-11-13 09:47:31,25318,25318.75,25314.75,25317.75,152,4,0.25,0.75,3,-1,,,,
MNQ DEC25,1s,1,1651,2025-11-13 09:47:32,25317.75,25320.75,25317.25,25317.75,123,3.5,0,3,0.5,0,,,,
MNQ DEC25,1s,1,1652,2025-11-13 09:47:33,25317.75,25319.5,25316.75,25318.75,58,2.75,1,0.75,1,1,,,,
MNQ DEC25,1s,1,1653,2025-11-13 09:47:34,25318.75,25319.75,25318,25319,137,1.75,0.25,0.75,0.75,1,,,,
MNQ DEC25,1s,1,1654,2025-11-13 09:47:35,25318,25319.5,25315.25,25318.25,84,4.25,0.25,1.25,2.75,1,,,,
MNQ DEC25,1s,1,1655,2025-11-13 09:47:36,25317.5,25318.75,25313.75,25318.75,125,5,1.25,0,3.75,1,,,,
MNQ DEC25,1s,1,1656,2025-11-13 09:47:37,25319,25320.25,25316.25,25317.5,59,4,1.5,1.25,1.25,-1,,,,
MNQ DEC25,1s,1,1657,2025-11-13 09:47:38,25318.25,25318.25,25314.25,25314.25,53,4,4,0,0,-1,,,,
MNQ DEC25,1s,1,1658,2025-11-13 09:47:39,25314.5,25318.5,25313.5,25317,86,5,2.5,1.5,1,1,,,,
MNQ DEC25,1s,1,1659,2025-11-13 09:47:40,25318,25318.25,25309.5,25310.25,189,8.75,7.75,0.25,0.75,-1,,,,
MNQ DEC25,10s,10,5565,2025-11-13 09:47:40,25318,25320.75,25309.5,25310.25,1066,11.25,7.75,2.75,0.75,-1,-76.9,-26.75,30.73333333,54.99
MNQ DEC25,20s,20,5782,2025-11-13 09:47:40,25320.75,25325,25309.5,25310.25,2596,15.5,10.5,4.25,0.75,-1,-440.7,29,-187.68333333,-138.31
MNQ DEC25,1s,1,1660,2025-11-13 09:47:41,25310,25310,25305.75,25307.5,233,4.25,2.5,0,1.75,-1,,,,
MNQ DEC25,1s,1,1661,2025-11-13 09:47:42,25307.5,25307.5,25303.5,25304,154,4,3.5,0,0.5,-1,,,,
MNQ DEC25,1s,1,1662,2025-11-13 09:47:43,25303.75,25307.5,25303.5,25305.25,115,4,1.5,2.25,0.25,1,,,,
MNQ DEC25,1s,1,1663,2025-11-13 09:47:44,25305.25,25307.75,25304.5,25307.75,117,3.25,2.5,0,0.75,1,,,,
MNQ DEC25,1s,1,1664,2025-11-13 09:47:45,25307,25309.25,25306,25308,93,3.25,1,1.25,1,1,,,,
MNQ DEC25,1s,1,1665,2025-11-13 09:47:46,25307.5,25314,25307.5,25313.25,143,6.5,5.75,0.75,0,1,,,,
MNQ DEC25,1s,1,1666,2025-11-13 09:47:47,25313.25,25315.75,25312.75,25313,84,3,0.25,2.5,0.25,-1,,,,
MNQ DEC25,1s,1,1667,2025-11-13 09:47:48,25313.25,25313.25,25310.75,25311,49,2.5,2.25,0,0.25,-1,,,,
MNQ DEC25,1s,1,1668,2025-11-13 09:47:49,25311.25,25315.5,25310.5,25315.5,79,5,4.25,0,0.75,1,,,,
MNQ DEC25,1s,1,1669,2025-11-13 09:47:50,25315.75,25316.5,25313.25,25314.25,121,3.25,1.5,0.75,1,-1,,,,
MNQ DEC25,10s,10,5566,2025-11-13 09:47:50,25310,25316.5,25303.5,25314.25,1188,13,4.25,2.25,6.5,1,-30.5,46.4,25.13333333,65.07
MNQ DEC25,1s,1,1670,2025-11-13 09:47:51,25313,25314.75,25312.5,25314.25,49,2.25,1.25,0.5,0.5,1,,,,
MNQ DEC25,1s,1,1671,2025-11-13 09:47:52,25312.5,25313.25,25311.5,25311.5,39,1.75,1,0.75,0,-1,,,,
MNQ DEC25,1s,1,1672,2025-11-13 09:47:53,25311.75,25312.5,25309,25309.75,119,3.5,2,0.75,0.75,-1,,,,
MNQ DEC25,1s,1,1673,2025-11-13 09:47:54,25309.75,25310.5,25307.75,25310.25,69,2.75,0.5,0.25,2,1,,,,
MNQ DEC25,1s,1,1674,2025-11-13 09:47:55,25310.5,25310.5,25307.25,25307.5,66,3.25,3,0,0.25,-1,,,,
MNQ DEC25,1s,1,1675,2025-11-13 09:47:56,25306.5,25307.25,25305.25,25306,94,2,0.5,0.75,0.75,-1,,,,
MNQ DEC25,1s,1,1676,2025-11-13 09:47:57,25305.75,25307.5,25304.75,25305.75,90,2.75,0,1.75,1,0,,,,
MNQ DEC25,1s,1,1677,2025-11-13 09:47:58,25305.75,25308.75,25305.75,25308.75,65,3,3,0,0,1,,,,
MNQ DEC25,1s,1,1678,2025-11-13 09:47:59,25308.25,25309.5,25307.75,25309.5,43,1.75,1.25,0,0.5,1,,,,
MNQ DEC25,1s,1,1679,2025-11-13 09:48:00,25309.25,25310.25,25307.75,25308.5,64,2.5,0.75,1,0.75,-1,,,,
MNQ DEC25,10s,10,5567,2025-11-13 09:48:00,25313,25314.75,25304.75,25308.5,698,10,4.5,1.75,3.75,-1,-262.15,-231.65,-70.66666667,-18.61
MNQ DEC25,20s,20,5783,2025-11-13 09:48:00,25310,25316.5,25303.5,25308.5,1886,13,1.5,6.5,5,-1,-466.3,-25.6,0.98333333,-119.5
MNQ DEC25,1s,1,1680,2025-11-13 09:48:01,25308,25309,25305.5,25307,187,3.5,1,1,1.5,-1,,,,
MNQ DEC25,1s,1,1681,2025-11-13 09:48:02,25307,25312,25306,25312,121,6,5,0,1,1,,,,
MNQ DEC25,1s,1,1682,2025-11-13 09:48:03,25311.25,25312.25,25310.25,25311.75,108,2,0.5,0.5,1,1,,,,
MNQ DEC25,1s,1,1683,2025-11-13 09:48:04,25311.25,25311.75,25308.5,25311,60,3.25,0.25,0.5,2.5,-1,,,,
MNQ DEC25,1s,1,1684,2025-11-13 09:48:05,25309.5,25310.75,25309,25310.25,37,1.75,0.75,0.5,0.5,1,,,,
MNQ DEC25,1s,1,1685,2025-11-13 09:48:06,25309.75,25313.5,25308.5,25312.5,88,5,2.75,1,1.25,1,,,,
MNQ DEC25,1s,1,1686,2025-11-13 09:48:07,25313.25,25315.75,25312.25,25315,169,3.5,1.75,0.75,1,1,,,,
MNQ DEC25,1s,1,1687,2025-11-13 09:48:08,25315.5,25317.25,25311.5,25311.5,152,5.75,4,1.75,0,-1,,,,
MNQ DEC25,1s,1,1688,2025-11-13 09:48:09,25311.25,25314.5,25311.25,25312.25,85,3.25,1,2.25,0,1,,,,
MNQ DEC25,1s,1,1689,2025-11-13 09:48:10,25312.5,25312.5,25309.5,25310,75,3,2.5,0,0.5,-1,,,,
MNQ DEC25,10s,10,5568,2025-11-13 09:48:10,25308,25317.25,25305.5,25310,1082,11.75,2,7.25,2.5,1,-389.95,-127.8,-104.35,-56.81
MNQ DEC25,1s,1,1690,2025-11-13 09:48:11,25309.25,25309.5,25300.5,25302.5,253,9,6.75,0.25,2,-1,,,,
MNQ DEC25,1s,1,1691,2025-11-13 09:48:12,25302.75,25306.25,25301.25,25305.25,264,5,2.5,1,1.5,1,,,,
MNQ DEC25,1s,1,1692,2025-11-13 09:48:13,25305.25,25307.25,25303.25,25303.5,211,4,1.75,2,0.25,-1,,,,
MNQ DEC25,1s,1,1693,2025-11-13 09:48:14,25302.75,25306.25,25301.25,25305.5,206,5,2.75,0.75,1.5,1,,,,
MNQ DEC25,1s,1,1694,2025-11-13 09:48:15,25305.5,25307.75,25304.5,25304.75,85,3.25,0.75,2.25,0.25,-1,,,,
MNQ DEC25,1s,1,1695,2025-11-13 09:48:16,25304.75,25307,25304.5,25305.25,83,2.5,0.5,1.75,0.25,1,,,,
MNQ DEC25,1s,1,1696,2025-11-13 09:48:17,25304.25,25305.5,25303,25303.75,72,2.5,0.5,1.25,0.75,-1,,,,
MNQ DEC25,1s,1,1697,2025-11-13 09:48:18,25304.25,25304.5,25301.75,25303.75,81,2.75,0.5,0.25,2,-1,,,,
MNQ DEC25,1s,1,1698,2025-11-13 09:48:19,25303.75,25306.5,25302.25,25306,85,4.25,2.25,0.5,1.5,1,,,,
MNQ DEC25,1s,1,1699,2025-11-13 09:48:20,25306,25307.25,25304.75,25306.5,63,2.5,0.5,0.75,1.25,1,,,,
MNQ DEC25,10s,10,5569,2025-11-13 09:48:20,25309.25,25309.5,25300.5,25306.5,1403,9,2.75,0.25,6,-1,-408.9,-18.95,-126.13333333,-71.75
MNQ DEC25,20s,20,5784,2025-11-13 09:48:20,25308,25317.25,25300.5,25306.5,2485,16.75,1.5,9.25,6,-1,-505.65,-39.35,-11.98333333,-125.6
MNQ DEC25,1s,1,1700,2025-11-13 09:48:21,25306.25,25310.75,25306.25,25310.5,95,4.5,4.25,0.25,0,1,,,,
MNQ DEC25,1s,1,1701,2025-11-13 09:48:22,25311,25311.25,25301.75,25302.25,121,9.5,8.75,0.25,0.5,-1,,,,
MNQ DEC25,1s,1,1702,2025-11-13 09:48:23,25302.75,25303.5,25300.5,25303,95,3,0.25,0.5,2.25,1,,,,
MNQ DEC25,1s,1,1703,2025-11-13 09:48:24,25303,25307.25,25302.25,25306.25,85,5,3.25,1,0.75,1,,,,
MNQ DEC25,1s,1,1704,2025-11-13 09:48:25,25305.75,25306.5,25304,25304.5,46,2.5,1.25,0.75,0.5,-1,,,,
MNQ DEC25,1s,1,1705,2025-11-13 09:48:26,25304.5,25307.25,25303.75,25306.25,65,3.5,1.75,1,0.75,1,,,,
MNQ DEC25,1s,1,1706,2025-11-13 09:48:27,25305.25,25310,25305,25310,90,5,4.75,0,0.25,1,,,,
MNQ DEC25,1s,1,1707,2025-11-13 09:48:28,25310,25312,25308.75,25310.75,72,3.25,0.75,1.25,1.25,1,,,,
MNQ DEC25,1s,1,1708,2025-11-13 09:48:29,25310.75,25312,25310,25311,44,2,0.25,1,0.75,1,,,,
MNQ DEC25,1s,1,1709,2025-11-13 09:48:30,25310.25,25316.5,25309.5,25315.5,97,7,5.25,1,0.75,1,,,,
MNQ DEC25,10s,10,5570,2025-11-13 09:48:30,25306.25,25316.5,25300.5,25315.5,810,16,9.25,1,5.75,1,-352.6,56.3,-30.15,-55.14
MNQ DEC25,1s,1,1710,2025-11-13 09:48:31,25315,25315,25313,25314.25,89,2,0.75,0,1.25,-1,,,,
MNQ DEC25,1s,1,1711,2025-11-13 09:48:32,25314.75,25316.25,25312,25312.75,45,4.25,2,1.5,0.75,-1,,,,
MNQ DEC25,1s,1,1712,2025-11-13 09:48:33,25311.25,25311.25,25309.5,25310.75,71,1.75,0.5,0,1.25,-1,,,,
MNQ DEC25,1s,1,1713,2025-11-13 09:48:34,25310.75,25313.5,25310.75,25312.25,85,2.75,1.5,1.25,0,1,,,,
MNQ DEC25,1s,1,1714,2025-11-13 09:48:35,25311.75,25314.5,25311.25,25314,45,3.25,2.25,0.5,0.5,1,,,,
MNQ DEC25,1s,1,1715,2025-11-13 09:48:36,25314,25316.5,25313,25314,74,3.5,0,2.5,1,0,,,,
MNQ DEC25,1s,1,1716,2025-11-13 09:48:37,25315,25319,25314.75,25315.5,151,4.25,0.5,3.5,0.25,1,,,,
MNQ DEC25,1s,1,1717,2025-11-13 09:48:38,25315.75,25315.75,25313.75,25314.25,77,2,1.5,0,0.5,-1,,,,
MNQ DEC25,1s,1,1718,2025-11-13 09:48:39,25314.75,25316,25312.5,25314,60,3.5,0.75,1.25,1.5,-1,,,,
MNQ DEC25,1s,1,1719,2025-11-13 09:48:40,25314,25314,25306.25,25306.25,107,7.75,7.75,0,0,-1,,,,
MNQ DEC25,10s,10,5571,2025-11-13 09:48:40,25315,25319,25306.25,25306.25,804,12.75,8.75,4,0,-1,-316.4,36.2,24.51666667,-57.18
MNQ DEC25,20s,20,5785,2025-11-13 09:48:40,25306.25,25319,25300.5,25306.25,1614,18.5,0,12.75,5.75,0,-692.35,-186.7,-83.88333333,-44.62
MNQ DEC25,1s,1,1720,2025-11-13 09:48:41,25306.25,25308.25,25305.75,25307.75,88,2.5,1.5,0.5,0.5,1,,,,
MNQ DEC25,1s,1,1721,2025-11-13 09:48:42,25307.25,25310,25306.75,25309.75,36,3.25,2.5,0.25,0.5,1,,,,
MNQ DEC25,1s,1,1722,2025-11-13 09:48:43,25310,25313.25,25309.75,25313,60,3.5,3,0.25,0.25,1,,,,
MNQ DEC25,1s,1,1723,2025-11-13 09:48:44,25312.5,25315,25311.75,25313.5,38,3.25,1,1.5,0.75,1,,,,
MNQ DEC25,1s,1,1724,2025-11-13 09:48:45,25313.25,25314.75,25312.25,25314.25,52,2.5,1,0.5,1,1,,,,
MNQ DEC25,1s,1,1725,2025-11-13 09:48:46,25314.25,25314.25,25309.75,25310.5,49,4.5,3.75,0,0.75,-1,,,,
MNQ DEC25,1s,1,1726,2025-11-13 09:48:47,25310.75,25312.25,25310.5,25311,25,1.75,0.25,1.25,0.25,1,,,,
MNQ DEC25,1s,1,1727,2025-11-13 09:48:48,25311.75,25314,25311.75,25314,45,2.25,2.25,0,0,1,,,,
MNQ DEC25,1s,1,1728,2025-11-13 09:48:49,25314.25,25316.25,25314,25315.5,42,2.25,1.25,0.75,0.25,1,,,,
MNQ DEC25,1s,1,1729,2025-11-13 09:48:50,25315.75,25316.25,25314.5,25316,30,1.75,0.25,0.25,1.25,1,,,,
MNQ DEC25,10s,10,5572,2025-11-13 09:48:50,25306.25,25316.25,25305.75,25316,465,10.5,9.75,0.25,0.5,1,-289.75,26.65,39.71666667,-5.52
MNQ DEC25,1s,1,1730,2025-11-13 09:48:51,25315.75,25321.5,25315.5,25320.75,141,6,5,0.75,0.25,1,,,,
MNQ DEC25,1s,1,1731,2025-11-13 09:48:52,25320.5,25324.75,25319.5,25323.25,209,5.25,2.75,1.5,1,1,,,,
MNQ DEC25,1s,1,1732,2025-11-13 09:48:53,25323,25323.5,25321.5,25322,103,2,1,0.5,0.5,-1,,,,
MNQ DEC25,1s,1,1733,2025-11-13 09:48:54,25322,25323,25320.75,25321.25,93,2.25,0.75,1,0.5,-1,,,,
MNQ DEC25,1s,1,1734,2025-11-13 09:48:55,25320.75,25323.5,25320.5,25320.5,74,3,0.25,2.75,0,-1,,,,
MNQ DEC25,1s,1,1735,2025-11-13 09:48:56,25321,25322.75,25319.5,25322.5,129,3.25,1.5,0.25,1.5,1,,,,
MNQ DEC25,1s,1,1736,2025-11-13 09:48:57,25322.25,25325.5,25322.25,25323.75,130,3.25,1.5,1.75,0,1,,,,
MNQ DEC25,1s,1,1737,2025-11-13 09:48:58,25323.75,25324.75,25323,25324.75,67,1.75,1,0,0.75,1,,,,
MNQ DEC25,1s,1,1738,2025-11-13 09:48:59,25324.5,25327,25324.25,25326.5,92,2.75,2,0.5,0.25,1,,,,
MNQ DEC25,1s,1,1739,2025-11-13 09:49:00,25326.75,25329,25325.75,25326.75,204,3.25,0,2.25,1,0,,,,
MNQ DEC25,10s,10,5573,2025-11-13 09:49:00,25315.75,25329,25315.5,25326.75,1242,13.5,11,2.25,0.25,1,-246,43.75,35.53333333,28.79
MNQ DEC25,20s,20,5786,2025-11-13 09:49:00,25306.25,25329,25305.75,25326.75,1707,23.25,20.5,2.25,0.5,1,-992.5,-300.15,-175.4,-104.56
MNQ DEC25,1s,1,1740,2025-11-13 09:49:01,25325.5,25328.5,25324.5,25328,197,4,2.5,0.5,1,1,,,,
MNQ DEC25,1s,1,1741,2025-11-13 09:49:02,25327.75,25328,25324.5,25326.5,120,3.5,1.25,0.25,2,-1,,,,
MNQ DEC25,1s,1,1742,2025-11-13 09:49:03,25327,25332,25327,25330.5,383,5,3.5,1.5,0,1,,,,
MNQ DEC25,1s,1,1743,2025-11-13 09:49:04,25330,25331.5,25328,25329.75,162,3.5,0.25,1.5,1.75,-1,,,,
MNQ DEC25,1s,1,1744,2025-11-13 09:49:05,25329.25,25331.25,25328.5,25328.75,133,2.75,0.5,2,0.25,-1,,,,
MNQ DEC25,1s,1,1745,2025-11-13 09:49:06,25329.25,25332,25328,25329.5,172,4,0.25,2.5,1.25,1,,,,
MNQ DEC25,1s,1,1746,2025-11-13 09:49:07,25329,25329.5,25327.5,25328,105,2,1,0.5,0.5,-1,,,,
MNQ DEC25,1s,1,1747,2025-11-13 09:49:08,25328,25331,25328,25329.75,154,3,1.75,1.25,0,1,,,,
MNQ DEC25,1s,1,1748,2025-11-13 09:49:09,25329.25,25335,25329.25,25334.25,275,5.75,5,0.75,0,1,,,,
MNQ DEC25,1s,1,1749,2025-11-13 09:49:10,25334,25334.5,25331.5,25333.75,155,3,0.25,0.5,2.25,-1,,,,
MNQ DEC25,10s,10,5574,2025-11-13 09:49:10,25325.5,25335,25324.5,25333.75,1856,10.5,8.25,1.25,1,1,-191.25,54.75,41.71666667,43.53
MNQ DEC25,1s,1,1750,2025-11-13 09:49:11,25334.5,25336,25333.25,25334.5,171,2.75,0,1.5,1.25,0,,,,
MNQ DEC25,1s,1,1751,2025-11-13 09:49:12,25334.75,25335,25332.5,25333.5,128,2.5,1.25,0.25,1,-1,,,,
MNQ DEC25,1s,1,1752,2025-11-13 09:49:13,25334,25339.25,25334,25337.25,421,5.25,3.25,2,0,1,,,,
MNQ DEC25,1s,1,1753,2025-11-13 09:49:14,25337.5,25338.25,25336,25337,153,2.25,0.5,0.75,1,-1,,,,
MNQ DEC25,1s,1,1754,2025-11-13 09:49:15,25336.5,25340,25335.75,25339.5,186,4.25,3,0.5,0.75,1,,,,
MNQ DEC25,1s,1,1755,2025-11-13 09:49:16,25339.75,25340,25338,25338,172,2,1.75,0.25,0,-1,,,,
MNQ DEC25,1s,1,1756,2025-11-13 09:49:17,25338.25,25343.5,25337.75,25342.75,523,5.75,4.5,0.75,0.5,1,,,,
MNQ DEC25,1s,1,1757,2025-11-13 09:49:18,25342.5,25343.75,25338.5,25338.5,181,5.25,4,1.25,0,-1,,,,
MNQ DEC25,1s,1,1758,2025-11-13 09:49:19,25338.75,25341.5,25338.25,25341,142,3.25,2.25,0.5,0.5,1,,,,
MNQ DEC25,1s,1,1759,2025-11-13 09:49:20,25341,25341.75,25339.25,25339.5,129,2.5,1.5,0.75,0.25,-1,,,,
MNQ DEC25,10s,10,5575,2025-11-13 09:49:20,25334.5,25343.75,25332.5,25339.5,2206,11.25,5,4.25,2,1,34.5,225.75,108.08333333,77.42
MNQ DEC25,20s,20,5787,2025-11-13 09:49:20,25325.5,25343.75,25324.5,25339.5,4062,19.25,14,4.25,1,1,-585.55,406.95,-26.63333333,-28.97
MNQ DEC25,1s,1,1760,2025-11-13 09:49:21,25339,25341.75,25336.5,25337.5,162,5.25,1.5,2.75,1,-1,,,,
MNQ DEC25,1s,1,1761,2025-11-13 09:49:22,25337.75,25338.5,25335.75,25336.25,178,2.75,1.5,0.75,0.5,-1,,,,
MNQ DEC25,1s,1,1762,2025-11-13 09:49:23,25336,25340.25,25335.5,25336.75,101,4.75,0.75,3.5,0.5,1,,,,
MNQ DEC25,1s,1,1763,2025-11-13 09:49:24,25336.5,25337.25,25334,25337,191,3.25,0.5,0.25,2.5,1,,,,
MNQ DEC25,1s,1,1764,2025-11-13 09:49:25,25336.25,25337.5,25335.25,25335.75,80,2.25,0.5,1.25,0.5,-1,,,,
MNQ DEC25,1s,1,1765,2025-11-13 09:49:26,25335.5,25335.5,25333,25333,155,2.5,2.5,0,0,-1,,,,
MNQ DEC25,1s,1,1766,2025-11-13 09:49:27,25333.5,25333.75,25331.25,25331.25,136,2.5,2.25,0.25,0,-1,,,,
MNQ DEC25,1s,1,1767,2025-11-13 09:49:28,25331.75,25332.75,25329.75,25330.25,143,3,1.5,1,0.5,-1,,,,
MNQ DEC25,1s,1,1768,2025-11-13 09:49:29,25330.25,25332.25,25329.5,25332.25,84,2.75,2,0,0.75,1,,,,
MNQ DEC25,1s,1,1769,2025-11-13 09:49:30,25331.75,25332.5,25329.5,25331,87,3,0.75,0.75,1.5,-1,,,,
MNQ DEC25,10s,10,5576,2025-11-13 09:49:30,25339,25341.75,25329.5,25331,1317,12.25,8,2.75,1.5,-1,138.8,104.3,128.26666667,91.04
MNQ DEC25,1s,1,1770,2025-11-13 09:49:31,25330.5,25331.5,25328.25,25330.75,133,3.25,0.25,0.75,2.25,1,,,,
MNQ DEC25,1s,1,1771,2025-11-13 09:49:32,25331.25,25333.5,25330.75,25330.75,141,2.75,0.5,2.25,0,-1,,,,
MNQ DEC25,1s,1,1772,2025-11-13 09:49:33,25330.5,25332,25330.5,25331.25,60,1.5,0.75,0.75,0,1,,,,
MNQ DEC25,1s,1,1773,2025-11-13 09:49:34,25332,25333,25325.25,25326,169,7.75,6,1,0.75,-1,,,,
MNQ DEC25,1s,1,1774,2025-11-13 09:49:35,25326.25,25327.75,25324.25,25325.25,94,3.5,1,1.5,1,-1,,,,
MNQ DEC25,1s,1,1775,2025-11-13 09:49:36,25325,25326.5,25324.25,25324.25,118,2.25,0.75,1.5,0,-1,,,,
MNQ DEC25,1s,1,1776,2025-11-13 09:49:37,25324.5,25325,25320.25,25321.5,223,4.75,3,0.5,1.25,-1,,,,
MNQ DEC25,1s,1,1777,2025-11-13 09:49:38,25321.5,25321.5,25312.5,25312.5,357,9,9,0,0,-1,,,,
MNQ DEC25,1s,1,1778,2025-11-13 09:49:39,25312.25,25313.75,25310.75,25313,296,3,0.75,0.75,1.5,1,,,,
MNQ DEC25,1s,1,1779,2025-11-13 09:49:40,25313,25313.5,25310.25,25312,176,3.25,1,0.5,1.75,-1,,,,
MNQ DEC25,10s,10,5577,2025-11-13 09:49:40,25330.5,25333.5,25310.25,25312,1767,23.25,18.5,3,1.75,-1,358.05,219.25,183.1,129.56
MNQ DEC25,20s,20,5788,2025-11-13 09:49:40,25339,25341.75,25310.25,25312,3084,31.5,27,2.75,1.75,-1,-386.95,198.6,101.8,15.87
MNQ DEC25,1s,1,1780,2025-11-13 09:49:41,25312,25315.75,25311.5,25312.5,177,4.25,0.5,3.25,0.5,1,,,,
MNQ DEC25,1s,1,1781,2025-11-13 09:49:42,25312.75,25315.25,25311.75,25314,89,3.5,1.25,1.25,1,1,,,,
MNQ DEC25,1s,1,1782,2025-11-13 09:49:43,25313.5,25314.5,25310.75,25311.75,100,3.75,1.75,1,1,-1,,,,
MNQ DEC25,1s,1,1783,2025-11-13 09:49:44,25312,25313.5,25310.5,25313,79,3,1,0.5,1.5,1,,,,
MNQ DEC25,1s,1,1784,2025-11-13 09:49:45,25313,25315.25,25312.75,25312.75,84,2.5,0.25,2.25,0,-1,,,,
MNQ DEC25,1s,1,1785,2025-11-13 09:49:46,25312.75,25314,25311,25311.25,161,3,1.5,1.25,0.25,-1,,,,
MNQ DEC25,1s,1,1786,2025-11-13 09:49:47,25311,25313.75,25308.75,25309.75,212,5,1.25,2.75,1,-1,,,,
MNQ DEC25,1s,1,1787,2025-11-13 09:49:48,25310,25310.25,25308.5,25309.25,101,1.75,0.75,0.25,0.75,-1,,,,
MNQ DEC25,1s,1,1788,2025-11-13 09:49:49,25309.5,25309.75,25307.25,25308.75,121,2.5,0.75,0.25,1.5,-1,,,,
MNQ DEC25,1s,1,1789,2025-11-13 09:49:50,25309.25,25311,25309.25,25311,90,1.75,1.75,0,0,1,,,,
MNQ DEC25,10s,10,5578,2025-11-13 09:49:50,25312,25315.75,25307.25,25311,1214,8.5,1,3.75,3.75,-1,365.3,7.25,110.26666667,122.26
MNQ DEC25,1s,1,1790,2025-11-13 09:49:51,25311.25,25315.25,25310.75,25314.5,126,4.5,3.25,0.75,0.5,1,,,,
MNQ DEC25,1s,1,1791,2025-11-13 09:49:52,25314.5,25314.5,25312,25313.25,59,2.5,1.25,0,1.25,-1,,,,
MNQ DEC25,1s,1,1792,2025-11-13 09:49:53,25313.5,25317.75,25313.5,25316,90,4.25,2.5,1.75,0,1,,,,
MNQ DEC25,1s,1,1793,2025-11-13 09:49:54,25315.5,25321.25,25315.25,25320.75,123,6,5.25,0.5,0.25,1,,,,
MNQ DEC25,1s,1,1794,2025-11-13 09:49:55,25320.75,25322,25319.25,25320.5,138,2.75,0.25,1.25,1.25,-1,,,,
MNQ DEC25,1s,1,1795,2025-11-13 09:49:56,25320.25,25322.75,25319.5,25322.25,153,3.25,2,0.5,0.75,1,,,,
MNQ DEC25,1s,1,1796,2025-11-13 09:49:57,25321.75,25322.25,25320,25320.5,104,2.25,1.25,0.5,0.5,-1,,,,
MNQ DEC25,1s,1,1797,2025-11-13 09:49:58,25320,25320.25,25318.5,25318.75,46,1.75,1.25,0.25,0.25,-1,,,,
MNQ DEC25,1s,1,1798,2025-11-13 09:49:59,25319,25319.25,25317,25317.5,50,2.25,1.5,0.25,0.5,-1,,,,
MNQ DEC25,1s,1,1799,2025-11-13 09:50:00,25317.5,25319,25317,25317.5,45,2,0,1.5,0.5,0,,,,
MNQ DEC25,10s,10,5579,2025-11-13 09:50:00,25311.25,25322.75,25310.75,25317.5,934,12,6.25,5.25,0.5,1,194.1,-171.2,18.43333333,77.07
MNQ DEC25,20s,20,5789,2025-11-13 09:50:00,25312,25322.75,25307.25,25317.5,2148,15.5,5.5,5.25,4.75,1,-432.55,-45.6,186.65,14.62
MNQ DEC25,1s,1,1800,2025-11-13 09:50:01,25317.5,25317.75,25314.75,25317.5,157,3,0,0.25,2.75,0,,,,
MNQ DEC25,1s,1,1801,2025-11-13 09:50:02,25318.25,25319.5,25317,25318.25,59,2.5,0,1.25,1.25,0,,,,
MNQ DEC25,1s,1,1802,2025-11-13 09:50:03,25317.5,25322,25316.75,25322,74,5.25,4.5,0,0.75,1,,,,
MNQ DEC25,1s,1,1803,2025-11-13 09:50:04,25322,25324.5,25321.25,25324,88,3.25,2,0.5,0.75,1,,,,
MNQ DEC25,1s,1,1804,2025-11-13 09:50:05,25323.75,25332,25323.25,25331.5,238,8.75,7.75,0.5,0.5,1,,,,
MNQ DEC25,1s,1,1805,2025-11-13 09:50:06,25331.5,25332.75,25329.25,25331.75,159,3.5,0.25,1,2.25,1,,,,
MNQ DEC25,1s,1,1806,2025-11-13 09:50:07,25332.25,25335.75,25332.25,25335.5,170,3.5,3.25,0.25,0,1,,,,
MNQ DEC25,1s,1,1807,2025-11-13 09:50:08,25334.25,25335,25330.25,25331,162,4.75,3.25,0.75,0.75,-1,,,,
MNQ DEC25,1s,1,1808,2025-11-13 09:50:09,25330.75,25334.5,25328.5,25334.5,91,6,3.75,0,2.25,1,,,,
MNQ DEC25,1s,1,1809,2025-11-13 09:50:10,25334.5,25335.75,25333.25,25335.75,77,2.5,1.25,0,1.25,1,,,,
MNQ DEC25,10s,10,5580,2025-11-13 09:50:10,25317.5,25335.75,25314.75,25335.75,1275,21,18.25,0,2.75,1,16.15,-177.95,-113.96666667,-3.67
MNQ DEC25,1s,1,1810,2025-11-13 09:50:11,25335.75,25339.5,25335.5,25336.5,287,4,0.75,3,0.25,1,,,,
MNQ DEC25,1s,1,1811,2025-11-13 09:50:12,25336.75,25339,25336.25,25337,80,2.75,0.25,2,0.5,1,,,,
MNQ DEC25,1s,1,1812,2025-11-13 09:50:13,25337.5,25337.5,25334.25,25335,70,3.25,2.5,0,0.75,-1,,,,
MNQ DEC25,1s,1,1813,2025-11-13 09:50:14,25335,25337.75,25334.5,25337.5,126,3.25,2.5,0.25,0.5,1,,,,
MNQ DEC25,1s,1,1814,2025-11-13 09:50:15,25337.5,25341,25336.75,25338.5,185,4.25,1,2.5,0.75,1,,,,
MNQ DEC25,1s,1,1815,2025-11-13 09:50:16,25338.25,25338.75,25336.5,25338.5,120,2.25,0.25,0.25,1.75,1,,,,
MNQ DEC25,1s,1,1816,2025-11-13 09:50:17,25337.75,25337.75,25331.5,25334,123,6.25,3.75,0,2.5,-1,,,,
MNQ DEC25,1s,1,1817,2025-11-13 09:50:18,25334.5,25336.75,25332,25334.25,103,4.75,0.25,2.25,2.25,-1,,,,
MNQ DEC25,1s,1,1818,2025-11-13 09:50:19,25333.5,25336.25,25333.25,25335.25,66,3,1.75,1,0.25,1,,,,
MNQ DEC25,1s,1,1819,2025-11-13 09:50:20,25334.75,25338.75,25334.75,25338.25,109,4,3.5,0.5,0,1,,,,
MNQ DEC25,10s,10,5581,2025-11-13 09:50:20,25335.75,25341,25331.5,25338.25,1269,9.5,2.5,2.75,4.25,1,-2.4,-18.55,-122.56666667,-28.24
MNQ DEC25,20s,20,5790,2025-11-13 09:50:20,25317.5,25341,25314.75,25338.25,2544,26.25,20.75,2.75,2.75,1,-169.65,262.9,138.63333333,104.54
MNQ DEC25,1s,1,1820,2025-11-13 09:50:21,25338.5,25340.25,25338,25338.25,115,2.25,0.25,1.75,0.25,-1,,,,
MNQ DEC25,1s,1,1821,2025-11-13 09:50:22,25340,25341.5,25338.5,25340.75,71,3,0.75,0.75,1.5,1,,,,
MNQ DEC25,1s,1,1822,2025-11-13 09:50:23,25340.75,25343,25340,25340.5,87,3,0.25,2.25,0.5,-1,,,,
MNQ DEC25,1s,1,1823,2025-11-13 09:50:24,25340.5,25343.5,25340.5,25340.5,127,3,0,3,0,0,,,,
MNQ DEC25,1s,1,1824,2025-11-13 09:50:25,25340.75,25342.75,25339.5,25339.5,187,3.25,1.25,2,0,-1,,,,
MNQ DEC25,1s,1,1825,2025-11-13 09:50:26,25340.25,25342.25,25338.75,25340.75,142,3.5,0.5,1.5,1.5,1,,,,
MNQ DEC25,1s,1,1826,2025-11-13 09:50:27,25340.25,25344,25340.25,25343.5,104,3.75,3.25,0.5,0,1,,,,
MNQ DEC25,1s,1,1827,2025-11-13 09:50:28,25343.25,25346.75,25342.75,25344.5,256,4,1.25,2.25,0.5,1,,,,
MNQ DEC25,1s,1,1828,2025-11-13 09:50:29,25344,25344,25341.75,25342,109,2.25,2,0,0.25,-1,,,,
MNQ DEC25,1s,1,1829,2025-11-13 09:50:30,25341.25,25342.25,25339.25,25342,79,3,0.75,0.25,2,1,,,,
MNQ DEC25,10s,10,5582,2025-11-13 09:50:30,25338.5,25346.75,25338,25342,1277,8.75,3.5,4.75,0.5,1,-63.65,-61.25,-85.91666667,-84.34
MNQ DEC25,1s,1,1830,2025-11-13 09:50:31,25341.75,25344.25,25340.75,25343.5,97,3.5,1.75,0.75,1,1,,,,
MNQ DEC25,1s,1,1831,2025-11-13 09:50:32,25343.75,25343.75,25340,25340,105,3.75,3.75,0,0,-1,,,,
MNQ DEC25,1s,1,1832,2025-11-13 09:50:33,25339.25,25339.5,25330,25336.25,498,9.5,3,0.25,6.25,-1,,,,
MNQ DEC25,1s,1,1833,2025-11-13 09:50:34,25336.5,25340.25,25336.25,25338,86,4,1.5,2.25,0.25,1,,,,
MNQ DEC25,1s,1,1834,2025-11-13 09:50:35,25338.5,25339.25,25337,25339,107,2.25,0.5,0.25,1.5,1,,,,
MNQ DEC25,1s,1,1835,2025-11-13 09:50:36,25338.75,25340.5,25337.75,25337.75,91,2.75,1,1.75,0,-1,,,,
MNQ DEC25,1s,1,1836,2025-11-13 09:50:37,25337.25,25338.5,25333,25337.5,77,5.5,0.25,1,4.25,1,,,,
MNQ DEC25,1s,1,1837,2025-11-13 09:50:38,25338,25338,25333.25,25334,52,4.75,4,0,0.75,-1,,,,
MNQ DEC25,1s,1,1838,2025-11-13 09:50:39,25333.5,25335.25,25333.25,25333.75,62,2,0.25,1.5,0.25,1,,,,
MNQ DEC25,1s,1,1839,2025-11-13 09:50:40,25333.75,25333.75,25330.75,25331.25,66,3,2.5,0,0.5,-1,,,,
MNQ DEC25,10s,10,5583,2025-11-13 09:50:40,25341.75,25344.25,25330,25331.25,1241,14.25,10.5,2.5,1.25,-1,-33,30.65,-16.38333333,-79.66
MNQ DEC25,20s,20,5791,2025-11-13 09:50:40,25338.5,25346.75,25330,25331.25,2518,16.75,7.25,8.25,1.25,-1,35.9,205.55,140.95,205.68
MNQ DEC25,1s,1,1840,2025-11-13 09:50:41,25331.25,25334.25,25329.5,25333.75,91,4.75,2.5,0.5,1.75,1,,,,
MNQ DEC25,1s,1,1841,2025-11-13 09:50:42,25333.75,25334,25330.25,25332.5,84,3.75,1.25,0.25,2.25,-1,,,,
MNQ DEC25,1s,1,1842,2025-11-13 09:50:43,25333.75,25333.75,25331,25332,66,2.75,1.75,0,1,-1,,,,
MNQ DEC25,1s,1,1843,2025-11-13 09:50:44,25332,25334.5,25332,25334.5,74,2.5,2.5,0,0,1,,,,
MNQ DEC25,1s,1,1844,2025-11-13 09:50:45,25334,25334,25329,25329.5,71,5,4.5,0,0.5,-1,,,,
MNQ DEC25,1s,1,1845,2025-11-13 09:50:46,25329,25333.25,25328.25,25332,121,5,3,1.25,0.75,1,,,,
MNQ DEC25,1s,1,1846,2025-11-13 09:50:47,25332.75,25337,25332.25,25335.25,68,4.75,2.5,1.75,0.5,1,,,,
MNQ DEC25,1s,1,1847,2025-11-13 09:50:48,25335.75,25337.5,25335.75,25336.25,68,1.75,0.5,1.25,0,1,,,,
MNQ DEC25,1s,1,1848,2025-11-13 09:50:49,25335.5,25337.25,25335,25337.25,46,2.25,1.75,0,0.5,1,,,,
MNQ DEC25,1s,1,1849,2025-11-13 09:50:50,25337,25337.25,25335.5,25336.5,57,1.75,0.5,0.25,1,-1,,,,
MNQ DEC25,10s,10,5584,2025-11-13 09:50:50,25331.25,25337.5,25328.25,25336.5,746,9.25,5.25,1,3,1,-31.4,1.6,-9.66666667,-45.1
MNQ DEC25,1s,1,1850,2025-11-13 09:50:51,25337,25337,25335.25,25335.5,35,1.75,1.5,0,0.25,-1,,,,
MNQ DEC25,1s,1,1851,2025-11-13 09:50:52,25335.25,25337.75,25334.5,25336.5,63,3.25,1.25,1.25,0.75,1,,,,
MNQ DEC25,1s,1,1852,2025-11-13 09:50:53,25336.75,25337.25,25334.25,25336.75,31,3,0,0.5,2.5,0,,,,
MNQ DEC25,1s,1,1853,2025-11-13 09:50:54,25337.75,25342.25,25337.75,25341,136,4.5,3.25,1.25,0,1,,,,
MNQ DEC25,1s,1,1854,2025-11-13 09:50:55,25341,25342.25,25339.75,25342.25,64,2.5,1.25,0,1.25,1,,,,
MNQ DEC25,1s,1,1855,2025-11-13 09:50:56,25342,25342.25,25340,25340,77,2.25,2,0.25,0,-1,,,,
MNQ DEC25,1s,1,1856,2025-11-13 09:50:57,25339.5,25341.5,25339.5,25341,32,2,1.5,0.5,0,1,,,,
MNQ DEC25,1s,1,1857,2025-11-13 09:50:58,25341.25,25342.25,25339,25339,92,3.25,2.25,1,0,-1,,,,
MNQ DEC25,1s,1,1858,2025-11-13 09:50:59,25338.75,25340.75,25338.5,25339.5,48,2.25,0.75,1.25,0.25,1,,,,
MNQ DEC25,1s,1,1859,2025-11-13 09:51:00,25339.5,25341,25339,25340.5,43,2,1,0.5,0.5,1,,,,
MNQ DEC25,10s,10,5585,2025-11-13 09:51:00,25337,25342.25,25334.25,25340.5,621,8,3.5,1.75,2.75,1,-139.95,-108.55,-25.43333333,-31.22
MNQ DEC25,20s,20,5792,2025-11-13 09:51:00,25331.25,25342.25,25328.25,25340.5,1367,14,9.25,1.75,3,1,-404.25,-440.15,9.43333333,36.26
MNQ DEC25,1s,1,1860,2025-11-13 09:51:01,25340,25345,25338.25,25344,167,6.75,4,1,1.75,1,,,,
MNQ DEC25,1s,1,1861,2025-11-13 09:51:02,25343.75,25345,25342.25,25344.25,110,2.75,0.5,0.75,1.5,1,,,,
MNQ DEC25,1s,1,1862,2025-11-13 09:51:03,25343.75,25346.75,25343,25344.5,188,3.75,0.75,2.25,0.75,1,,,,
MNQ DEC25,1s,1,1863,2025-11-13 09:51:04,25344.75,25349,25344.75,25347,277,4.25,2.25,2,0,1,,,,
MNQ DEC25,1s,1,1864,2025-11-13 09:51:05,25347.5,25348,25344,25346,107,4,1.5,0.5,2,-1,,,,
MNQ DEC25,1s,1,1865,2025-11-13 09:51:06,25345.75,25349.25,25345.75,25349.25,160,3.5,3.5,0,0,1,,,,
MNQ DEC25,1s,1,1866,2025-11-13 09:51:07,25349.25,25351.75,25349,25351.25,411,2.75,2,0.5,0.25,1,,,,
MNQ DEC25,1s,1,1867,2025-11-13 09:51:08,25351,25351,25348,25348.5,162,3,2.5,0,0.5,-1,,,,
MNQ DEC25,1s,1,1868,2025-11-13 09:51:09,25348,25348,25345,25345.75,140,3,2.25,0,0.75,-1,,,,
MNQ DEC25,1s,1,1869,2025-11-13 09:51:10,25346.75,25346.75,25344.5,25345.25,68,2.25,1.5,0,0.75,-1,,,,
MNQ DEC25,10s,10,5586,2025-11-13 09:51:10,25340,25351.75,25338.25,25345.25,1790,13.5,5.25,6.5,1.75,1,-65.85,74.1,-10.95,-12.69
MNQ DEC25,1s,1,1870,2025-11-13 09:51:11,25345.5,25348.5,25342.75,25343.25,162,5.75,2.25,3,0.5,-1,,,,
MNQ DEC25,1s,1,1871,2025-11-13 09:51:12,25343.5,25343.75,25340.5,25342.75,97,3.25,0.75,0.25,2.25,-1,,,,
MNQ DEC25,1s,1,1872,2025-11-13 09:51:13,25343.5,25344,25342,25343,91,2,0.5,0.5,1,-1,,,,
MNQ DEC25,1s,1,1873,2025-11-13 09:51:14,25343.25,25345.5,25341.5,25342,100,4,1.25,2.25,0.5,-1,,,,
MNQ DEC25,1s,1,1874,2025-11-13 09:51:15,25342,25342.5,25339,25341,201,3.5,1,0.5,2,-1,,,,
MNQ DEC25,1s,1,1875,2025-11-13 09:51:16,25341.5,25341.5,25335.75,25336,142,5.75,5.5,0,0.25,-1,,,,
MNQ DEC25,1s,1,1876,2025-11-13 09:51:17,25336,25337,25335,25335.5,144,2,0.5,1,0.5,-1,,,,
MNQ DEC25,1s,1,1877,2025-11-13 09:51:18,25336,25337.75,25333,25333.75,172,4.75,2.25,1.75,0.75,-1,,,,
MNQ DEC25,1s,1,1878,2025-11-13 09:51:19,25334.5,25337,25333.5,25335,209,3.5,0.5,2,1,1,,,,
MNQ DEC25,1s,1,1879,2025-11-13 09:51:20,25335.25,25337,25333.5,25336.25,62,3.5,1,0.75,1.75,1,,,,
MNQ DEC25,10s,10,5587,2025-11-13 09:51:20,25345.5,25348.5,25333,25336.25,1380,15.5,9.25,3,3.25,-1,-79.35,-13.5,-15.98333333,-3.14
MNQ DEC25,20s,20,5793,2025-11-13 09:51:20,25340,25351.75,25333,25336.25,3170,18.75,3.75,11.75,3.25,-1,-393.3,10.95,-74.55,-1.27
MNQ DEC25,1s,1,1880,2025-11-13 09:51:21,25336.5,25337,25332,25333.25,92,5,3.25,0.5,1.25,-1,,,,
MNQ DEC25,1s,1,1881,2025-11-13 09:51:22,25333,25335.5,25331.25,25331.25,151,4.25,1.75,2.5,0,-1,,,,
MNQ DEC25,1s,1,1882,2025-11-13 09:51:23,25331.75,25333.75,25331.25,25333,106,2.5,1.25,0.75,0.5,1,,,,
MNQ DEC25,1s,1,1883,2025-11-13 09:51:24,25332.5,25333.75,25329.5,25331.25,108,4.25,1.25,1.25,1.75,-1,,,,
MNQ DEC25,1s,1,1884,2025-11-13 09:51:25,25330.75,25333.25,25330.5,25331,74,2.75,0.25,2.25,0.25,1,,,,
MNQ DEC25,1s,1,1885,2025-11-13 09:51:26,25331,25333.25,25329,25332.75,97,4.25,1.75,0.5,2,1,,,,
MNQ DEC25,1s,1,1886,2025-11-13 09:51:27,25332.25,25334.25,25331.5,25334,135,2.75,1.75,0.25,0.75,1,,,,
MNQ DEC25,1s,1,1887,2025-11-13 09:51:28,25334,25335,25333,25334.5,96,2,0.5,0.5,1,1,,,,
MNQ DEC25,1s,1,1888,2025-11-13 09:51:29,25335,25340.25,25334.25,25338.75,122,6,3.75,1.5,0.75,1,,,,
MNQ DEC25,1s,1,1889,2025-11-13 09:51:30,25339,25339,25336.5,25337.75,49,2.5,1.25,0,1.25,-1,,,,
MNQ DEC25,10s,10,5588,2025-11-13 09:51:30,25336.5,25340.25,25329,25337.75,1030,11.25,1.25,2.5,7.5,1,-118.95,-39.6,7,-17.19
MNQ DEC25,1s,1,1890,2025-11-13 09:51:31,25336.5,25339,25335.5,25338.5,85,3.5,2,0.5,1,1,,,,
MNQ DEC25,1s,1,1891,2025-11-13 09:51:32,25338.5,25342.5,25338,25341.75,75,4.5,3.25,0.75,0.5,1,,,,
MNQ DEC25,1s,1,1892,2025-11-13 09:51:33,25342.25,25342.25,25336.5,25337,91,5.75,5.25,0,0.5,-1,,,,
MNQ DEC25,1s,1,1893,2025-11-13 09:51:34,25337.25,25346.25,25337.25,25345,122,9,7.75,1.25,0,1,,,,
MNQ DEC25,1s,1,1894,2025-11-13 09:51:35,25345.75,25345.75,25343.25,25344.25,61,2.5,1.5,0,1,-1,,,,
MNQ DEC25,1s,1,1895,2025-11-13 09:51:36,25344.75,25348.5,25344.25,25344.75,133,4.25,0,3.75,0.5,0,,,,
MNQ DEC25,1s,1,1896,2025-11-13 09:51:37,25344.75,25347,25344.75,25346,57,2.25,1.25,1,0,1,,,,
MNQ DEC25,1s,1,1897,2025-11-13 09:51:38,25346.5,25350.5,25346,25347.75,162,4.5,1.25,2.75,0.5,1,,,,
MNQ DEC25,1s,1,1898,2025-11-13 09:51:39,25347.25,25350,25346.75,25348.25,108,3.25,1,1.75,0.5,1,,,,
MNQ DEC25,1s,1,1899,2025-11-13 09:51:40,25347.75,25348,25344.5,25346.5,119,3.5,1.25,0.25,2,-1,,,,
MNQ DEC25,10s,10,5589,2025-11-13 09:51:40,25336.5,25350.5,25335.5,25346.5,1013,15,10,4,1,1,-46.05,72.9,6.6,-2.93
MNQ DEC25,20s,20,5794,2025-11-13 09:51:40,25336.5,25350.5,25329,25346.5,2043,21.5,10,4,7.5,1,-380.75,12.55,-138.88333333,10.36
MNQ DEC25,1s,1,1900,2025-11-13 09:51:41,25347.5,25352,25346,25352,213,6,4.5,0,1.5,1,,,,
MNQ DEC25,1s,1,1901,2025-11-13 09:51:42,25351.75,25352.75,25347.75,25352.25,267,5,0.5,0.5,4,1,,,,
MNQ DEC25,1s,1,1902,2025-11-13 09:51:43,25352.75,25359.75,25352,25359.25,816,7.75,6.5,0.5,0.75,1,,,,
MNQ DEC25,1s,1,1903,2025-11-13 09:51:44,25359.25,25361.75,25358.25,25358.75,358,3.5,0.5,2.5,0.5,-1,,,,
MNQ DEC25,1s,1,1904,2025-11-13 09:51:45,25358.5,25362.5,25357.5,25361.75,395,5,3.25,0.75,1,1,,,,
MNQ DEC25,1s,1,1905,2025-11-13 09:51:46,25361.75,25362,25358.5,25359.25,211,3.5,2.5,0.25,0.75,-1,,,,
MNQ DEC25,1s,1,1906,2025-11-13 09:51:47,25359.25,25361.5,25358.25,25360.75,104,3.25,1.5,0.75,1,1,,,,
MNQ DEC25,1s,1,1907,2025-11-13 09:51:48,25360.25,25361.25,25359.25,25359.75,115,2,0.5,1,0.5,-1,,,,
MNQ DEC25,1s,1,1908,2025-11-13 09:51:49,25360,25362.75,25360,25362.25,97,2.75,2.25,0.5,0,1,,,,
MNQ DEC25,1s,1,1909,2025-11-13 09:51:50,25362.25,25362.25,25358.25,25360.25,201,4,2,0,2,-1,,,,
MNQ DEC25,10s,10,5590,2025-11-13 09:51:50,25347.5,25362.75,25346,25360.25,2777,16.75,12.75,2.5,1.5,1,286.8,332.85,122.05,85.35
MNQ DEC25,1s,1,1910,2025-11-13 09:51:51,25359.75,25363.25,25359.25,25363.25,87,4,3.5,0,0.5,1,,,,
MNQ DEC25,1s,1,1911,2025-11-13 09:51:52,25363,25367,25362.25,25364.75,226,4.75,1.75,2.25,0.75,1,,,,
MNQ DEC25,1s,1,1912,2025-11-13 09:51:53,25365,25366,25362.75,25362.75,145,3.25,2.25,1,0,-1,,,,
MNQ DEC25,1s,1,1913,2025-11-13 09:51:54,25362.25,25363,25359.75,25361,168,3.25,1.25,0.75,1.25,-1,,,,
MNQ DEC25,1s,1,1914,2025-11-13 09:51:55,25361.25,25363,25360.25,25362.75,118,2.75,1.5,0.25,1,1,,,,
MNQ DEC25,1s,1,1915,2025-11-13 09:51:56,25362.5,25364,25361.25,25362,103,2.75,0.5,1.5,0.75,-1,,,,
MNQ DEC25,1s,1,1916,2025-11-13 09:51:57,25362,25362,25356.75,25358,160,5.25,4,0,1.25,-1,,,,
MNQ DEC25,1s,1,1917,2025-11-13 09:51:58,25358.25,25361.25,25357.75,25359.75,127,3.5,1.5,1.5,0.5,1,,,,
MNQ DEC25,1s,1,1918,2025-11-13 09:51:59,25360.25,25362,25360.25,25361.75,56,1.75,1.5,0.25,0,1,,,,
MNQ DEC25,1s,1,1919,2025-11-13 09:52:00,25362,25365.5,25362,25364.75,135,3.5,2.75,0.75,0,1,,,,
MNQ DEC25,10s,10,5591,2025-11-13 09:52:00,25359.75,25367,25356.75,25364.75,1325,10.25,5,2.25,3,1,167.75,-119.05,95.56666667,46.72
MNQ DEC25,20s,20,5795,2025-11-13 09:52:00,25347.5,25367,25346,25364.75,4102,21,17.25,2.25,1.5,1,26.95,407.7,143.73333333,39.32
MNQ DEC25,1s,1,1920,2025-11-13 09:52:01,25365,25366.75,25364,25366.75,145,2.75,1.75,0,1,1,,,,
MNQ DEC25,1s,1,1921,2025-11-13 09:52:02,25366.25,25371,25366.25,25371,350,4.75,4.75,0,0,1,,,,
MNQ DEC25,1s,1,1922,2025-11-13 09:52:03,25370.75,25372.25,25370,25371,143,2.25,0.25,1.25,0.75,1,,,,
MNQ DEC25,1s,1,1923,2025-11-13 09:52:04,25371.5,25371.5,25367.75,25368.5,143,3.75,3,0,0.75,-1,,,,
MNQ DEC25,1s,1,1924,2025-11-13 09:52:05,25368.75,25369.25,25363.75,25364.5,155,5.5,4.25,0.5,0.75,-1,,,,
MNQ DEC25,1s,1,1925,2025-11-13 09:52:06,25364.25,25364.75,25362,25362.75,175,2.75,1.5,0.5,0.75,-1,,,,
MNQ DEC25,1s,1,1926,2025-11-13 09:52:07,25362.25,25366,25362.25,25364.5,131,3.75,2.25,1.5,0,1,,,,
MNQ DEC25,1s,1,1927,2025-11-13 09:52:08,25364.75,25365.25,25363,25363.75,110,2.25,1,0.5,0.75,-1,,,,
MNQ DEC25,1s,1,1928,2025-11-13 09:52:09,25362.75,25364.25,25362.25,25362.5,68,2,0.25,1.5,0.25,-1,,,,
MNQ DEC25,1s,1,1929,2025-11-13 09:52:10,25363.25,25366.5,25361.5,25363,77,5,0.25,3.25,1.5,-1,,,,
MNQ DEC25,10s,10,5592,2025-11-13 09:52:10,25365,25372.25,25361.5,25363,1497,10.75,2,7.25,1.5,-1,139.55,-28.2,61.86666667,43.78
MNQ DEC25,1s,1,1930,2025-11-13 09:52:11,25363,25367,25361.75,25366,105,5.25,3,1,1.25,1,,,,
MNQ DEC25,1s,1,1931,2025-11-13 09:52:12,25366,25366.25,25363.5,25364.5,77,2.75,1.5,0.25,1,-1,,,,
MNQ DEC25,1s,1,1932,2025-11-13 09:52:13,25363.75,25365.25,25362.25,25362.75,136,3,1,1.5,0.5,-1,,,,
MNQ DEC25,1s,1,1933,2025-11-13 09:52:14,25362.5,25363.5,25360.5,25361.25,70,3,1.25,1,0.75,-1,,,,
MNQ DEC25,1s,1,1934,2025-11-13 09:52:15,25360.75,25361.75,25356.25,25356.75,195,5.5,4,1,0.5,-1,,,,
MNQ DEC25,1s,1,1935,2025-11-13 09:52:16,25356.5,25360.5,25356.5,25360,180,4,3.5,0.5,0,1,,,,
MNQ DEC25,1s,1,1936,2025-11-13 09:52:17,25360.25,25361.25,25358.5,25360.5,79,2.75,0.25,0.75,1.75,1,,,,
MNQ DEC25,1s,1,1937,2025-11-13 09:52:18,25361,25361.25,25358,25361.25,102,3.25,0.25,0,3,1,,,,
MNQ DEC25,1s,1,1938,2025-11-13 09:52:19,25361.25,25362,25360.25,25361.25,69,1.75,0,0.75,1,0,,,,
MNQ DEC25,1s,1,1939,2025-11-13 09:52:20,25361.5,25365.25,25361,25364.5,106,4.25,3,0.75,0.5,1,,,,
MNQ DEC25,10s,10,5593,2025-11-13 09:52:20,25363,25367,25356.25,25364.5,1119,10.75,1.5,2.5,6.75,1,163.5,23.95,-41.1,56.49
MNQ DEC25,20s,20,5796,2025-11-13 09:52:20,25365,25372.25,25356.25,25364.5,2616,16,0.5,7.25,8.25,-1,86.1,59.15,159.8,10.04
MNQ DEC25,1s,1,1940,2025-11-13 09:52:21,25364.5,25368.75,25364.5,25368.75,93,4.25,4.25,0,0,1,,,,
MNQ DEC25,1s,1,1941,2025-11-13 09:52:22,25368.5,25369,25366.75,25368.25,75,2.25,0.25,0.5,1.5,-1,,,,
MNQ DEC25,1s,1,1942,2025-11-13 09:52:23,25367.75,25367.75,25364.5,25365.5,98,3.25,2.25,0,1,-1,,,,
MNQ DEC25,1s,1,1943,2025-11-13 09:52:24,25366.25,25366.25,25363.5,25364.5,92,2.75,1.75,0,1,-1,,,,
MNQ DEC25,1s,1,1944,2025-11-13 09:52:25,25364.25,25364.5,25359.75,25361.5,105,4.75,2.75,0.25,1.75,-1,,,,
MNQ DEC25,1s,1,1945,2025-11-13 09:52:26,25361.25,25362.25,25360.25,25361.25,87,2,0,1,1,0,,,,
MNQ DEC25,1s,1,1946,2025-11-13 09:52:27,25360.75,25362.25,25360,25361.25,75,2.25,0.5,1,0.75,1,,,,
MNQ DEC25,1s,1,1947,2025-11-13 09:52:28,25360.75,25362.25,25360.75,25361.25,50,1.5,0.5,1,0,1,,,,
MNQ DEC25,1s,1,1948,2025-11-13 09:52:29,25361.75,25367.5,25361.75,25366.5,85,5.75,4.75,1,0,1,,,,
MNQ DEC25,1s,1,1949,2025-11-13 09:52:30,25366.75,25367.25,25364.5,25367.25,54,2.75,0.5,0,2.25,1,,,,
MNQ DEC25,10s,10,5594,2025-11-13 09:52:30,25364.5,25369,25359.75,25367.25,814,9.25,2.75,1.75,4.75,1,175.8,12.3,2.68333333,44.37
MNQ DEC25,1s,1,1950,2025-11-13 09:52:31,25367.25,25370,25366.25,25369.75,99,3.75,2.5,0.25,1,1,,,,
MNQ DEC25,1s,1,1951,2025-11-13 09:52:32,25369.25,25370,25367,25367.25,75,3,2,0.75,0.25,-1,,,,
MNQ DEC25,1s,1,1952,2025-11-13 09:52:33,25367.75,25368,25366,25367.75,76,2,0,0.25,1.75,0,,,,
MNQ DEC25,1s,1,1953,2025-11-13 09:52:34,25367.5,25368.75,25366.25,25368.25,73,2.5,0.75,0.5,1.25,1,,,,
MNQ DEC25,1s,1,1954,2025-11-13 09:52:35,25368,25368.5,25365,25366,57,3.5,2,0.5,1,-1,,,,
MNQ DEC25,1s,1,1955,2025-11-13 09:52:36,25365.75,25368.25,25364.75,25367,71,3.5,1.25,1.25,1,1,,,,
MNQ DEC25,1s,1,1956,2025-11-13 09:52:37,25367.25,25369,25366,25367.25,87,3,0,1.75,1.25,0,,,,
MNQ DEC25,1s,1,1957,2025-11-13 09:52:38,25367.25,25367.75,25365.25,25365.5,43,2.5,1.75,0.5,0.25,-1,,,,
MNQ DEC25,1s,1,1958,2025-11-13 09:52:39,25366.5,25371.5,25366.5,25369.75,210,5,3.25,1.75,0,1,,,,
MNQ DEC25,1s,1,1959,2025-11-13 09:52:40,25370,25370.25,25365.5,25366.25,86,4.75,3.75,0.25,0.75,-1,,,,
MNQ DEC25,10s,10,5595,2025-11-13 09:52:40,25367.25,25371.5,25364.75,25366.25,877,6.75,1,4.25,1.5,-1,-137.75,-313.55,-92.43333333,-84.91
MNQ DEC25,20s,20,5797,2025-11-13 09:52:40,25364.5,25371.5,25359.75,25366.25,1691,11.75,1.75,5.25,4.75,1,180.15,94.05,186.96666667,116.88
MNQ DEC25,1s,1,1960,2025-11-13 09:52:41,25366,25368.25,25365.75,25367.5,73,2.5,1.5,0.75,0.25,1,,,,
MNQ DEC25,1s,1,1961,2025-11-13 09:52:42,25367.75,25369,25367.25,25368,32,1.75,0.25,1,0.5,1,,,,
MNQ DEC25,1s,1,1962,2025-11-13 09:52:43,25368,25371.75,25368,25369.5,144,3.75,1.5,2.25,0,1,,,,
MNQ DEC25,1s,1,1963,2025-11-13 09:52:44,25369,25369.75,25366.5,25369.25,121,3.25,0.25,0.5,2.5,1,,,,
MNQ DEC25,1s,1,1964,2025-11-13 09:52:45,25368.5,25370.5,25367.75,25369,62,2.75,0.5,1.5,0.75,1,,,,
MNQ DEC25,1s,1,1965,2025-11-13 09:52:46,25369,25373.75,25366.25,25372.25,238,7.5,3.25,1.5,2.75,1,,,,
MNQ DEC25,1s,1,1966,2025-11-13 09:52:47,25372.75,25376.25,25372.25,25376.25,250,4,3.5,0,0.5,1,,,,
MNQ DEC25,1s,1,1967,2025-11-13 09:52:48,25376.5,25383.75,25376.5,25382.25,1393,7.25,5.75,1.5,0,1,,,,
MNQ DEC25,1s,1,1968,2025-11-13 09:52:49,25381.75,25384.25,25380.75,25381,248,3.5,0.75,2.5,0.25,-1,,,,
MNQ DEC25,1s,1,1969,2025-11-13 09:52:50,25381.25,25382.25,25379.75,25380.25,207,2.5,1,1,0.5,-1,,,,
MNQ DEC25,10s,10,5596,2025-11-13 09:52:50,25366,25384.25,25365.75,25380.25,2768,18.5,14.25,4,0.25,1,78.3,216.05,-28.4,-17.89
MNQ DEC25,1s,1,1970,2025-11-13 09:52:51,25380.25,25382.5,25379.5,25381,160,3,0.75,1.5,0.75,1,,,,
MNQ DEC25,1s,1,1971,2025-11-13 09:52:52,25381.25,25384.25,25381.25,25382,120,3,0.75,2.25,0,1,,,,
MNQ DEC25,1s,1,1972,2025-11-13 09:52:53,25381.75,25383.75,25381.5,25381.5,148,2.25,0.25,2,0,-1,,,,
MNQ DEC25,1s,1,1973,2025-11-13 09:52:54,25382,25382.25,25379.25,25381.25,116,3,0.75,0.25,2,-1,,,,
MNQ DEC25,1s,1,1974,2025-11-13 09:52:55,25380.75,25382,25379.75,25381.25,129,2.25,0.5,0.75,1,1,,,,
MNQ DEC25,1s,1,1975,2025-11-13 09:52:56,25380.75,25383,25380.25,25381.75,90,2.75,1,1.25,0.5,1,,,,
MNQ DEC25,1s,1,1976,2025-11-13 09:52:57,25382.25,25385,25382.25,25384,126,2.75,1.75,1,0,1,,,,
MNQ DEC25,1s,1,1977,2025-11-13 09:52:58,25384.25,25385.75,25383.25,25385.75,98,2.5,1.5,0,1,1,,,,
MNQ DEC25,1s,1,1978,2025-11-13 09:52:59,25385.25,25386.5,25384.5,25384.5,128,2,0.75,1.25,0,-1,,,,
MNQ DEC25,1s,1,1979,2025-11-13 09:53:00,25384,25385.5,25383.25,25384,151,2.25,0,1.5,0.75,0,,,,
MNQ DEC25,10s,10,5597,2025-11-13 09:53:00,25380.25,25386.5,25379.25,25384,1266,7.25,3.75,2.5,1,1,57.15,-21.15,-39.55,-16.48
MNQ DEC25,20s,20,5798,2025-11-13 09:53:00,25366,25386.5,25365.75,25384,4034,20.75,18,2.5,0.25,1,266,85.85,79.68333333,131.86
MNQ DEC25,1s,1,1980,2025-11-13 09:53:01,25384.25,25385,25380.5,25382.5,301,4.5,1.75,0.75,2,-1,,,,
MNQ DEC25,1s,1,1981,2025-11-13 09:53:02,25382.25,25383.25,25379.25,25381.75,210,4,0.5,1,2.5,-1,,,,
MNQ DEC25,1s,1,1982,2025-11-13 09:53:03,25381.25,25384.75,25381.25,25383.5,160,3.5,2.25,1.25,0,1,,,,
MNQ DEC25,1s,1,1983,2025-11-13 09:53:04,25383,25384,25380.75,25381.25,108,3.25,1.75,1,0.5,-1,,,,
MNQ DEC25,1s,1,1984,2025-11-13 09:53:05,25381.25,25385.75,25380,25385,141,5.75,3.75,0.75,1.25,1,,,,
MNQ DEC25,1s,1,1985,2025-11-13 09:53:06,25384.75,25386,25383.75,25385.5,151,2.25,0.75,0.5,1,1,,,,
MNQ DEC25,1s,1,1986,2025-11-13 09:53:07,25385.25,25387.75,25384.25,25386.25,215,3.5,1,1.5,1,1,,,,
MNQ DEC25,1s,1,1987,2025-11-13 09:53:08,25386.5,25387.25,25384,25384.75,122,3.25,1.75,0.75,0.75,-1,,,,
MNQ DEC25,1s,1,1988,2025-11-13 09:53:09,25385.25,25386.5,25380,25380.75,127,6.5,4.5,1.25,0.75,-1,,,,
MNQ DEC25,1s,1,1989,2025-11-13 09:53:10,25380.5,25382.25,25375.25,25376.25,349,7,4.25,1.75,1,-1,,,,
MNQ DEC25,10s,10,5598,2025-11-13 09:53:10,25384.25,25387.75,25375.25,25376.25,1884,12.5,8,3.5,1,-1,176.65,119.5,104.8,2.63
MNQ DEC25,1s,1,1990,2025-11-13 09:53:11,25376.75,25380.25,25375.25,25380.25,175,5,3.5,0,1.5,1,,,,
MNQ DEC25,1s,1,1991,2025-11-13 09:53:12,25380,25381,25377,25378,156,4,2,1,1,-1,,,,
MNQ DEC25,1s,1,1992,2025-11-13 09:53:13,25377.75,25380.5,25377.75,25379.5,108,2.75,1.75,1,0,1,,,,
MNQ DEC25,1s,1,1993,2025-11-13 09:53:14,25379.25,25381.5,25379,25381,73,2.5,1.75,0.5,0.25,1,,,,
MNQ DEC25,1s,1,1994,2025-11-13 09:53:15,25380.75,25381.75,25376,25376,109,5.75,4.75,1,0,-1,,,,
MNQ DEC25,1s,1,1995,2025-11-13 09:53:16,25376,25377.5,25375.5,25377.5,100,2,1.5,0,0.5,1,,,,
MNQ DEC25,1s,1,1996,2025-11-13 09:53:17,25376.75,25378.5,25375.5,25376.25,102,3,0.5,1.75,0.75,-1,,,,
MNQ DEC25,1s,1,1997,2025-11-13 09:53:18,25377.25,25378.25,25374.25,25374.25,104,4,3,1,0,-1,,,,
MNQ DEC25,1s,1,1998,2025-11-13 09:53:19,25374,25377.75,25373.25,25377.25,188,4.5,3.25,0.5,0.75,1,,,,
MNQ DEC25,1s,1,1999,2025-11-13 09:53:20,25377.25,25379,25377.25,25378.5,124,1.75,1.25,0.5,0,1,,,,
MNQ DEC25,10s,10,5599,2025-11-13 09:53:20,25376.75,25381.75,25373.25,25378.5,1239,8.5,1.75,3.25,3.5,1,246.4,69.75,56.03333333,14.12
MNQ DEC25,20s,20,5799,2025-11-13 09:53:20,25384.25,25387.75,25373.25,25378.5,3123,14.5,5.75,3.5,5.25,-1,459.3,193.3,124.4,168.01
MNQ DEC25,1s,1,2000,2025-11-13 09:53:21,25379.5,25380.75,25378,25380.5,104,2.75,1,0.25,1.5,1,,,,
MNQ DEC25,1s,1,2001,2025-11-13 09:53:22,25379.75,25384.25,25379.25,25384.25,118,5,4.5,0,0.5,1,,,,
MNQ DEC25,1s,1,2002,2025-11-13 09:53:23,25383.25,25386.25,25382.5,25382.5,100,3.75,0.75,3,0,-1,,,,
MNQ DEC25,1s,1,2003,2025-11-13 09:53:24,25383.25,25384.25,25380.5,25381.5,108,3.75,1.75,1,1,-1,,,,
MNQ DEC25,1s,1,2004,2025-11-13 09:53:25,25381,25381.5,25377.25,25377.75,114,4.25,3.25,0.5,0.5,-1,,,,
MNQ DEC25,1s,1,2005,2025-11-13 09:53:26,25377.75,25382.25,25377.75,25380.5,142,4.5,2.75,1.75,0,1,,,,
MNQ DEC25,1s,1,2006,2025-11-13 09:53:27,25380,25382.5,25379.75,25381.5,81,2.75,1.5,1,0.25,1,,,,
MNQ DEC25,1s,1,2007,2025-11-13 09:53:28,25381.75,25381.75,25377.75,25378,76,4,3.75,0,0.25,-1,,,,
MNQ DEC25,1s,1,2008,2025-11-13 09:53:29,25377.75,25378.25,25375.25,25377,127,3,0.75,0.5,1.75,-1,,,,
MNQ DEC25,1s,1,2009,2025-11-13 09:53:30,25376.75,25377,25374.5,25375,84,2.5,1.75,0.25,0.5,-1,,,,
MNQ DEC25,10s,10,5600,2025-11-13 09:53:30,25379.5,25386.25,25374.5,25375,1054,11.75,4.5,6.75,0.5,-1,292.85,46.45,78.56666667,86.12
MNQ DEC25,1s,1,2010,2025-11-13 09:53:31,25375,25376.75,25374.5,25376,100,2.25,1,0.75,0.5,1,,,,
MNQ DEC25,1s,1,2011,2025-11-13 09:53:32,25376.25,25376.5,25368.5,25371,332,8,5.25,0.25,2.5,-1,,,,
MNQ DEC25,1s,1,2012,2025-11-13 09:53:33,25371,25373.75,25370.75,25371,163,3,0,2.75,0.25,0,,,,
MNQ DEC25,1s,1,2013,2025-11-13 09:53:34,25370.75,25375.25,25370.75,25374.75,86,4.5,4,0.5,0,1,,,,
MNQ DEC25,1s,1,2014,2025-11-13 09:53:35,25374.75,25374.75,25371.25,25373,95,3.5,1.75,0,1.75,-1,,,,
MNQ DEC25,1s,1,2015,2025-11-13 09:53:36,25373,25373.5,25371.25,25371.75,91,2.25,1.25,0.5,0.5,-1,,,,
MNQ DEC25,1s,1,2016,2025-11-13 09:53:37,25372.25,25372.75,25370.5,25372,154,2.25,0.25,0.5,1.5,-1,,,,
MNQ DEC25,1s,1,2017,2025-11-13 09:53:38,25372.5,25374.25,25371,25371.75,112,3.25,0.75,1.75,0.75,-1,,,,
MNQ DEC25,1s,1,2018,2025-11-13 09:53:39,25371.25,25372,25364.25,25365,344,7.75,6.25,0.75,0.75,-1,,,,
MNQ DEC25,1s,1,2019,2025-11-13 09:53:40,25365.25,25367.5,25364,25366.5,122,3.5,1.25,1,1.25,1,,,,
MNQ DEC25,10s,10,5601,2025-11-13 09:53:40,25375,25376.75,25364,25366.5,1599,12.75,8.5,1.75,2.5,-1,42.55,-250.3,-44.7,-7.15
MNQ DEC25,20s,20,5800,2025-11-13 09:53:40,25379.5,25386.25,25364,25366.5,2653,22.25,13,6.75,2.5,-1,163.35,-295.95,-5.6,27.28
MNQ DEC25,1s,1,2020,2025-11-13 09:53:41,25366.5,25370.5,25365.75,25369.25,121,4.75,2.75,1.25,0.75,1,,,,
MNQ DEC25,1s,1,2021,2025-11-13 09:53:42,25369,25372.5,25368.75,25371,86,3.75,2,1.5,0.25,1,,,,
MNQ DEC25,1s,1,2022,2025-11-13 09:53:43,25371.5,25375.25,25371,25374.5,92,4.25,3,0.75,0.5,1,,,,
MNQ DEC25,1s,1,2023,2025-11-13 09:53:44,25374.5,25374.75,25371,25372.5,74,3.75,2,0.25,1.5,-1,,,,
MNQ DEC25,1s,1,2024,2025-11-13 09:53:45,25371,25374.75,25370.75,25372.5,69,4,1.5,2.25,0.25,1,,,,
MNQ DEC25,1s,1,2025,2025-11-13 09:53:46,25371.75,25377.25,25371.75,25376.5,87,5.5,4.75,0.75,0,1,,,,
MNQ DEC25,1s,1,2026,2025-11-13 09:53:47,25376.5,25377.25,25375,25375.75,63,2.25,0.75,0.75,0.75,-1,,,,
MNQ DEC25,1s,1,2027,2025-11-13 09:53:48,25375.75,25377.75,25375.75,25376.5,49,2,0.75,1.25,0,1,,,,
MNQ DEC25,1s,1,2028,2025-11-13 09:53:49,25376.25,25376.5,25371.25,25372,118,5.25,4.25,0.25,0.75,-1,,,,
MNQ DEC25,1s,1,2029,2025-11-13 09:53:50,25372.25,25374.75,25372.25,25373.5,69,2.5,1.25,1.25,0,1,,,,
MNQ DEC25,10s,10,5602,2025-11-13 09:53:50,25366.5,25377.75,25365.75,25373.5,828,12,7,4.25,0.75,1,-22.6,-65.15,-89.66666667,-15.95
MNQ DEC25,1s,1,2030,2025-11-13 09:53:51,25373,25374.5,25371,25371.25,38,3.5,1.75,1.5,0.25,-1,,,,
MNQ DEC25,1s,1,2031,2025-11-13 09:53:52,25370.5,25372.5,25370.25,25371.25,20,2.25,0.75,1.25,0.25,1,,,,
MNQ DEC25,1s,1,2032,2025-11-13 09:53:53,25371.25,25372.75,25370.75,25370.75,69,2,0.5,1.5,0,-1,,,,
MNQ DEC25,1s,1,2033,2025-11-13 09:53:54,25370.75,25378,25368.25,25378,365,9.75,7.25,0,2.5,1,,,,
MNQ DEC25,1s,1,2034,2025-11-13 09:53:55,25378,25379.5,25376,25377.25,286,3.5,0.75,1.5,1.25,-1,,,,
MNQ DEC25,1s,1,2035,2025-11-13 09:53:56,25377.5,25380.75,25377.25,25380.25,140,3.5,2.75,0.5,0.25,1,,,,
MNQ DEC25,1s,1,2036,2025-11-13 09:53:57,25380,25381.5,25378,25378.5,130,3.5,1.5,1.5,0.5,-1,,,,
MNQ DEC25,1s,1,2037,2025-11-13 09:53:58,25378.75,25380,25376.75,25379,79,3.25,0.25,1,2,1,,,,
MNQ DEC25,1s,1,2038,2025-11-13 09:53:59,25379.75,25380.25,25378.25,25379.5,77,2,0.25,0.5,1.25,-1,,,,
MNQ DEC25,1s,1,2039,2025-11-13 09:54:00,25379.75,25379.75,25376.75,25378.75,84,3,1,0,2,-1,,,,
MNQ DEC25,10s,10,5603,2025-11-13 09:54:00,25373,25381.5,25368.25,25378.75,1288,13.25,5.75,2.75,4.75,1,-144.15,-121.55,-145.66666667,-64.16
MNQ DEC25,20s,20,5801,2025-11-13 09:54:00,25366.5,25381.5,25365.75,25378.75,2116,15.75,12.25,2.75,0.75,1,145.45,-17.9,-40.18333333,11.87
MNQ DEC25,1s,1,2040,2025-11-13 09:54:01,25379,25383.75,25379,25382.75,299,4.75,3.75,1,0,1,,,,
MNQ DEC25,1s,1,2041,2025-11-13 09:54:02,25383,25385,25379.5,25381.5,203,5.5,1.5,2,2,-1,,,,
MNQ DEC25,1s,1,2042,2025-11-13 09:54:03,25381,25381,25374.75,25377.5,242,6.25,3.5,0,2.75,-1,,,,
MNQ DEC25,1s,1,2043,2025-11-13 09:54:04,25377.25,25381.5,25376.75,25381.25,90,4.75,4,0.25,0.5,1,,,,
MNQ DEC25,1s,1,2044,2025-11-13 09:54:05,25380.75,25383.5,25379.25,25383.25,108,4.25,2.5,0.25,1.5,1,,,,
MNQ DEC25,1s,1,2045,2025-11-13 09:54:06,25383,25384.5,25382.75,25384,50,1.75,1,0.5,0.25,1,,,,
MNQ DEC25,1s,1,2046,2025-11-13 09:54:07,25383,25387,25382.25,25385.25,118,4.75,2.25,1.75,0.75,1,,,,
MNQ DEC25,1s,1,2047,2025-11-13 09:54:08,25385,25385,25383,25384.25,88,2,0.75,0,1.25,-1,,,,
MNQ DEC25,1s,1,2048,2025-11-13 09:54:09,25383.75,25383.75,25377.5,25377.75,140,6.25,6,0,0.25,-1,,,,
MNQ DEC25,1s,1,2049,2025-11-13 09:54:10,25378.25,25379.75,25377,25379.25,72,2.75,1,0.5,1.25,1,,,,
MNQ DEC25,10s,10,5604,2025-11-13 09:54:10,25379,25387,25374.75,25379.25,1410,12.25,0.25,7.75,4.25,1,-143.15,1,-61.9,-77.91
MNQ DEC25,1s,1,2050,2025-11-13 09:54:11,25379,25379.25,25377,25378.75,44,2.25,0.25,0.25,1.75,-1,,,,
MNQ DEC25,1s,1,2051,2025-11-13 09:54:12,25378.75,25380.5,25378.25,25378.5,75,2.25,0.25,1.75,0.25,-1,,,,
MNQ DEC25,1s,1,2052,2025-11-13 09:54:13,25377.75,25380,25375.25,25380,199,4.75,2.25,0,2.5,1,,,,
MNQ DEC25,1s,1,2053,2025-11-13 09:54:14,25379.5,25383.25,25379.5,25381.25,88,3.75,1.75,2,0,1,,,,
MNQ DEC25,1s,1,2054,2025-11-13 09:54:15,25380.5,25381.25,25379.75,25379.75,41,1.5,0.75,0.75,0,-1,,,,
MNQ DEC25,1s,1,2055,2025-11-13 09:54:16,25379.75,25381.25,25378.25,25380,83,3,0.25,1.25,1.5,1,,,,
MNQ DEC25,1s,1,2056,2025-11-13 09:54:17,25380.25,25380.75,25378.25,25378.25,86,2.5,2,0.5,0,-1,,,,
MNQ DEC25,1s,1,2057,2025-11-13 09:54:18,25378.25,25378.25,25376.75,25377.25,52,1.5,1,0,0.5,-1,,,,
MNQ DEC25,1s,1,2058,2025-11-13 09:54:19,25377,25377.5,25370,25370.5,340,7.5,6.5,0.5,0.5,-1,,,,
MNQ DEC25,1s,1,2059,2025-11-13 09:54:20,25370.25,25375,25368,25373,218,7,2.75,2,2.25,1,,,,
MNQ DEC25,10s,10,5605,2025-11-13 09:54:20,25379,25383.25,25368,25373,1226,15.25,6,4.25,5,-1,-139,4.15,-38.8,-86.37
MNQ DEC25,20s,20,5802,2025-11-13 09:54:20,25379,25387,25368,25373,2636,19,6,8,5,-1,332.45,187,-42.28333333,30.46
MNQ DEC25,1s,1,2060,2025-11-13 09:54:21,25373,25378.75,25373,25377.75,111,5.75,4.75,1,0,1,,,,
MNQ DEC25,1s,1,2061,2025-11-13 09:54:22,25378,25379.5,25373.75,25373.75,114,5.75,4.25,1.5,0,-1,,,,
MNQ DEC25,1s,1,2062,2025-11-13 09:54:23,25373.75,25373.75,25370.75,25371.75,105,3,2,0,1,-1,,,,
MNQ DEC25,1s,1,2063,2025-11-13 09:54:24,25371.5,25373,25371,25371,91,2,0.5,1.5,0,-1,,,,
MNQ DEC25,1s,1,2064,2025-11-13 09:54:25,25371.5,25372.75,25369.5,25371.75,99,3.25,0.25,1,2,1,,,,
MNQ DEC25,1s,1,2065,2025-11-13 09:54:26,25372.5,25373.25,25371,25373,48,2.25,0.5,0.25,1.5,1,,,,
MNQ DEC25,1s,1,2066,2025-11-13 09:54:27,25372.75,25374,25371.5,25372,61,2.5,0.75,1.25,0.5,-1,,,,
MNQ DEC25,1s,1,2067,2025-11-13 09:54:28,25372.25,25375.25,25370.5,25374.75,86,4.75,2.5,0.5,1.75,1,,,,
MNQ DEC25,1s,1,2068,2025-11-13 09:54:29,25375.25,25376.75,25372.25,25373.25,100,4.5,2,1.5,1,-1,,,,
MNQ DEC25,1s,1,2069,2025-11-13 09:54:30,25373.25,25378,25373.25,25378,73,4.75,4.75,0,0,1,,,,
MNQ DEC25,10s,10,5606,2025-11-13 09:54:30,25373,25379.5,25369.5,25378,888,10,5,1.5,3.5,1,-236.1,-97.1,-30.65,-55.73
MNQ DEC25,1s,1,2070,2025-11-13 09:54:31,25378,25378,25375,25375.25,54,3,2.75,0,0.25,-1,,,,
MNQ DEC25,1s,1,2071,2025-11-13 09:54:32,25375.75,25376.25,25373.75,25374.75,84,2.5,1,0.5,1,-1,,,,
MNQ DEC25,1s,1,2072,2025-11-13 09:54:33,25376.25,25376.25,25369.75,25369.75,92,6.5,6.5,0,0,-1,,,,
MNQ DEC25,1s,1,2073,2025-11-13 09:54:34,25369.5,25371.75,25369.5,25369.5,44,2.25,0,2.25,0,0,,,,
MNQ DEC25,1s,1,2074,2025-11-13 09:54:35,25369.5,25372.75,25369.5,25371.75,44,3.25,2.25,1,0,1,,,,
MNQ DEC25,1s,1,2075,2025-11-13 09:54:36,25372,25373.75,25371.75,25372,47,2,0,1.75,0.25,0,,,,
MNQ DEC25,1s,1,2076,2025-11-13 09:54:37,25371.5,25371.75,25368,25371,100,3.75,0.5,0.25,3,-1,,,,
MNQ DEC25,1s,1,2077,2025-11-13 09:54:38,25370.5,25371,25368.75,25369.25,78,2.25,1.25,0.5,0.5,-1,,,,
MNQ DEC25,1s,1,2078,2025-11-13 09:54:39,25369,25370.5,25369,25369.75,33,1.5,0.75,0.75,0,1,,,,
MNQ DEC25,1s,1,2079,2025-11-13 09:54:40,25369.5,25370.25,25369,25369,72,1.25,0.5,0.75,0,-1,,,,
MNQ DEC25,10s,10,5607,2025-11-13 09:54:40,25378,25378,25368,25369,648,10,9,0,1,-1,-235.5,0.6,-30.78333333,-42.58
MNQ DEC25,20s,20,5803,2025-11-13 09:54:40,25373,25379.5,25368,25369,1536,11.5,4,6.5,1,-1,-149.65,-482.1,-104.33333333,-83.13
MNQ DEC25,1s,1,2080,2025-11-13 09:54:41,25369.5,25373.75,25369.5,25373.5,67,4.25,4,0.25,0,1,,,,
MNQ DEC25,1s,1,2081,2025-11-13 09:54:42,25372.5,25373,25370.5,25372.25,65,2.5,0.25,0.5,1.75,-1,,,,
MNQ DEC25,1s,1,2082,2025-11-13 09:54:43,25372.5,25372.75,25368,25368.75,59,4.75,3.75,0.25,0.75,-1,,,,
MNQ DEC25,1s,1,2083,2025-11-13 09:54:44,25369,25370.5,25363.25,25364,321,7.25,5,1.5,0.75,-1,,,,
MNQ DEC25,1s,1,2084,2025-11-13 09:54:45,25364.25,25365.25,25360,25361.5,327,5.25,2.75,1,1.5,-1,,,,
MNQ DEC25,1s,1,2085,2025-11-13 09:54:46,25361.25,25363.5,25361,25361.75,113,2.5,0.5,1.75,0.25,1,,,,
MNQ DEC25,1s,1,2086,2025-11-13 09:54:47,25361.25,25361.5,25358.75,25359,363,2.75,2.25,0.25,0.25,-1,,,,
MNQ DEC25,1s,1,2087,2025-11-13 09:54:48,25358.75,25358.75,25355.75,25357,277,3,1.75,0,1.25,-1,,,,
MNQ DEC25,1s,1,2088,2025-11-13 09:54:49,25357.25,25358.25,25353.25,25354.75,241,5,2.5,1,1.5,-1,,,,
MNQ DEC25,1s,1,2089,2025-11-13 09:54:50,25354.75,25356,25354.25,25354.75,185,1.75,0,1.25,0.5,0,,,,
MNQ DEC25,10s,10,5608,2025-11-13 09:54:50,25369.5,25373.75,25353.25,25354.75,2018,20.5,14.75,4.25,1.5,-1,-138.9,96.6,0.03333333,1.05
MNQ DEC25,1s,1,2090,2025-11-13 09:54:51,25355.25,25355.25,25352.25,25353,215,3,2.25,0,0.75,-1,,,,
MNQ DEC25,1s,1,2091,2025-11-13 09:54:52,25353.25,25356.75,25352.5,25356.75,154,4.25,3.5,0,0.75,1,,,,
MNQ DEC25,1s,1,2092,2025-11-13 09:54:53,25356.5,25360.75,25355.75,25360.25,169,5,3.75,0.5,0.75,1,,,,
MNQ DEC25,1s,1,2093,2025-11-13 09:54:54,25359.5,25360.25,25356.25,25358.5,124,4,1,0.75,2.25,-1,,,,
MNQ DEC25,1s,1,2094,2025-11-13 09:54:55,25359,25360,25357,25357.5,80,3,1.5,1,0.5,-1,,,,
MNQ DEC25,1s,1,2095,2025-11-13 09:54:56,25357.75,25358.25,25357,25357.5,46,1.25,0.25,0.5,0.5,-1,,,,
MNQ DEC25,1s,1,2096,2025-11-13 09:54:57,25358.25,25358.75,25357,25358.25,43,1.75,0,0.5,1.25,0,,,,
MNQ DEC25,1s,1,2097,2025-11-13 09:54:58,25358.25,25358.25,25354.5,25355,90,3.75,3.25,0,0.5,-1,,,,
MNQ DEC25,1s,1,2098,2025-11-13 09:54:59,25355.5,25355.5,25354,25355.5,88,1.5,0,0,1.5,0,,,,
MNQ DEC25,1s,1,2099,2025-11-13 09:55:00,25355,25357,25354.5,25356,110,2.5,1,1,0.5,1,,,,
MNQ DEC25,10s,10,5609,2025-11-13 09:55:00,25355.25,25360.75,25352.25,25356,1119,8.5,0.75,4.75,3,1,-202.4,-63.5,11.23333333,-11.85
MNQ DEC25,20s,20,5804,2025-11-13 09:55:00,25369.5,25373.75,25352.25,25356,3137,21.5,13.5,4.25,3.75,-1,-179.45,-29.8,-108.3,-127.75
MNQ DEC25,1s,1,2100,2025-11-13 09:55:01,25356.75,25361.75,25356.25,25357,244,5.5,0.25,4.75,0.5,1,,,,
MNQ DEC25,1s,1,2101,2025-11-13 09:55:02,25357,25359,25355.5,25358.5,95,3.5,1.5,0.5,1.5,1,,,,
MNQ DEC25,1s,1,2102,2025-11-13 09:55:03,25358,25358,25353.75,25355.75,117,4.25,2.25,0,2,-1,,,,
MNQ DEC25,1s,1,2103,2025-11-13 09:55:04,25355.5,25357.25,25355.5,25355.75,106,1.75,0.25,1.5,0,1,,,,
MNQ DEC25,1s,1,2104,2025-11-13 09:55:05,25355.75,25356.75,25353,25355.25,127,3.75,0.5,1,2.25,-1,,,,
MNQ DEC25,1s,1,2105,2025-11-13 09:55:06,25355.75,25355.75,25351.75,25352.75,101,4,3,0,1,-1,,,,
MNQ DEC25,1s,1,2106,2025-11-13 09:55:07,25352.5,25355.75,25351.75,25355,137,4,2.5,0.75,0.75,1,,,,
MNQ DEC25,1s,1,2107,2025-11-13 09:55:08,25354.5,25355.75,25353,25354,84,2.75,0.5,1.25,1,-1,,,,
MNQ DEC25,1s,1,2108,2025-11-13 09:55:09,25354.25,25357,25350.25,25353,340,6.75,1.25,2.75,2.75,-1,,,,
MNQ DEC25,1s,1,2109,2025-11-13 09:55:10,25353.25,25354,25351.5,25353,149,2.5,0.25,0.75,1.5,-1,,,,
MNQ DEC25,10s,10,5610,2025-11-13 09:55:10,25356.75,25361.75,25350.25,25353,1500,11.5,3.75,5,2.75,-1,-83.75,118.65,50.58333333,11.05
MNQ DEC25,1s,1,2110,2025-11-13 09:55:11,25351.75,25352.5,25350,25351.75,154,2.5,0,0.75,1.75,0,,,,
MNQ DEC25,1s,1,2111,2025-11-13 09:55:12,25352,25355.75,25351,25355.75,181,4.75,3.75,0,1,1,,,,
MNQ DEC25,1s,1,2112,2025-11-13 09:55:13,25356,25360.5,25355.25,25358.25,154,5.25,2.25,2.25,0.75,1,,,,
MNQ DEC25,1s,1,2113,2025-11-13 09:55:14,25358.25,25358.25,25353,25356.5,130,5.25,1.75,0,3.5,-1,,,,
MNQ DEC25,1s,1,2114,2025-11-13 09:55:15,25357.25,25361,25357.25,25360.75,87,3.75,3.5,0.25,0,1,,,,
MNQ DEC25,1s,1,2115,2025-11-13 09:55:16,25361.25,25367.75,25361.25,25365.75,284,6.5,4.5,2,0,1,,,,
MNQ DEC25,1s,1,2116,2025-11-13 09:55:17,25365.25,25366,25364.25,25365.75,151,1.75,0.5,0.25,1,1,,,,
MNQ DEC25,1s,1,2117,2025-11-13 09:55:18,25366,25371,25365.5,25370.25,306,5.5,4.25,0.75,0.5,1,,,,
MNQ DEC25,1s,1,2118,2025-11-13 09:55:19,25370.5,25371,25366.5,25366.75,165,4.5,3.75,0.5,0.25,-1,,,,
MNQ DEC25,1s,1,2119,2025-11-13 09:55:20,25366.75,25369.25,25365.5,25369.25,129,3.75,2.5,0,1.25,1,,,,
MNQ DEC25,10s,10,5611,2025-11-13 09:55:20,25351.75,25371,25350,25369.25,1741,21,17.5,1.75,1.75,1,66.05,149.8,68.31666667,60.43
MNQ DEC25,20s,20,5805,2025-11-13 09:55:20,25356.75,25371,25350,25369.25,3241,21,12.5,1.75,6.75,1,-143.2,36.25,-158.55,-61.31
MNQ DEC25,1s,1,2120,2025-11-13 09:55:21,25369.5,25374.5,25369.25,25372.5,219,5.25,3,2,0.25,1,,,,
MNQ DEC25,1s,1,2121,2025-11-13 09:55:22,25373,25374.25,25370.5,25372.75,88,3.75,0.25,1.25,2.25,-1,,,,
MNQ DEC25,1s,1,2122,2025-11-13 09:55:23,25372.5,25375.25,25372,25372.5,114,3.25,0,2.75,0.5,0,,,,
MNQ DEC25,1s,1,2123,2025-11-13 09:55:24,25372.75,25374.25,25371,25372,142,3.25,0.75,1.5,1,-1,,,,
MNQ DEC25,1s,1,2124,2025-11-13 09:55:25,25371.5,25377.5,25370.25,25375.75,208,7.25,4.25,1.75,1.25,1,,,,
MNQ DEC25,1s,1,2125,2025-11-13 09:55:26,25375.5,25377.75,25374.5,25377.5,122,3.25,2,0.25,1,1,,,,
MNQ DEC25,1s,1,2126,2025-11-13 09:55:27,25377.25,25382.75,25377,25382.75,265,5.75,5.5,0,0.25,1,,,,
MNQ DEC25,1s,1,2127,2025-11-13 09:55:28,25382.75,25385.75,25380.75,25384.75,328,5,2,1,2,1,,,,
MNQ DEC25,1s,1,2128,2025-11-13 09:55:29,25385.25,25386.75,25384,25385,253,2.75,0.25,1.5,1,-1,,,,
MNQ DEC25,1s,1,2129,2025-11-13 09:55:30,25385,25387,25383.5,25383.75,146,3.5,1.25,2,0.25,-1,,,,
MNQ DEC25,10s,10,5612,2025-11-13 09:55:30,25369.5,25387,25369.25,25383.75,1885,17.75,14.25,3.25,0.25,1,294.05,228,165.48333333,105.91
MNQ DEC25,1s,1,2130,2025-11-13 09:55:31,25383.5,25384.75,25379,25382,176,5.75,1.5,1.25,3,-1,,,,
MNQ DEC25,1s,1,2131,2025-11-13 09:55:32,25381.75,25382.25,25379,25379.25,75,3.25,2.5,0.5,0.25,-1,,,,
MNQ DEC25,1s,1,2132,2025-11-13 09:55:33,25380.25,25382.25,25378,25381.75,71,4.25,1.5,0.5,2.25,1,,,,
MNQ DEC25,1s,1,2133,2025-11-13 09:55:34,25381.75,25381.75,25379.75,25381,89,2,0.75,0,1.25,-1,,,,
MNQ DEC25,1s,1,2134,2025-11-13 09:55:35,25380.25,25380.25,25378,25378.5,58,2.25,1.75,0,0.5,-1,,,,
MNQ DEC25,1s,1,2135,2025-11-13 09:55:36,25379,25379.25,25375.75,25377.75,86,3.5,1.25,0.25,2,-1,,,,
MNQ DEC25,1s,1,2136,2025-11-13 09:55:37,25378,25380,25376.5,25377.5,81,3.5,0.5,2,1,-1,,,,
MNQ DEC25,1s,1,2137,2025-11-13 09:55:38,25377,25378.5,25376.25,25377.5,36,2.25,0.5,1,0.75,1,,,,
MNQ DEC25,1s,1,2138,2025-11-13 09:55:39,25378,25382.25,25378,25380.5,93,4.25,2.5,1.75,0,1,,,,
MNQ DEC25,1s,1,2139,2025-11-13 09:55:40,25381,25381,25377.75,25379.5,70,3.25,1.5,0,1.75,-1,,,,
MNQ DEC25,10s,10,5613,2025-11-13 09:55:40,25383.5,25384.75,25375.75,25379.5,835,9,4,1.25,3.75,-1,71.65,-222.4,51.8,42.11
MNQ DEC25,20s,20,5806,2025-11-13 09:55:40,25369.5,25387,25369.25,25379.5,2720,17.75,10,7.5,0.25,1,-73.05,70.15,25.53333333,-43.7
MNQ DEC25,1s,1,2140,2025-11-13 09:55:41,25379.25,25382.75,25379.25,25382.75,93,3.5,3.5,0,0,1,,,,
MNQ DEC25,1s,1,2141,2025-11-13 09:55:42,25382,25386.25,25382,25385.75,304,4.25,3.75,0.5,0,1,,,,
MNQ DEC25,1s,1,2142,2025-11-13 09:55:43,25385.75,25386.75,25382,25382.75,127,4.75,3,1,0.75,-1,,,,
MNQ DEC25,1s,1,2143,2025-11-13 09:55:44,25382.5,25385.25,25382,25384.75,97,3.25,2.25,0.5,0.5,1,,,,
MNQ DEC25,1s,1,2144,2025-11-13 09:55:45,25385.25,25386.25,25383,25383,68,3.25,2.25,1,0,-1,,,,
MNQ DEC25,1s,1,2145,2025-11-13 09:55:46,25383,25384.5,25379.75,25381.75,104,4.75,1.25,1.5,2,-1,,,,
MNQ DEC25,1s,1,2146,2025-11-13 09:55:47,25381,25381.5,25379.5,25381.5,80,2,0.5,0,1.5,1,,,,
MNQ DEC25,1s,1,2147,2025-11-13 09:55:48,25381.25,25383.25,25378.75,25378.75,79,4.5,2.5,2,0,-1,,,,
MNQ DEC25,1s,1,2148,2025-11-13 09:55:49,25379.75,25379.75,25377.25,25378.25,63,2.5,1.5,0,1,-1,,,,
MNQ DEC25,1s,1,2149,2025-11-13 09:55:50,25377.75,25378,25376.75,25377.25,43,1.25,0.5,0.25,0.5,-1,,,,
MNQ DEC25,10s,10,5614,2025-11-13 09:55:50,25379.25,25386.75,25376.75,25377.25,1058,10,2,7.5,0.5,-1,47.25,-24.4,-6.26666667,49.93
MNQ DEC25,1s,1,2150,2025-11-13 09:55:51,25377.25,25377.5,25372,25372.75,284,5.5,4.5,0.25,0.75,-1,,,,
MNQ DEC25,1s,1,2151,2025-11-13 09:55:52,25372.5,25374.5,25372,25372.75,72,2.5,0.25,1.75,0.5,1,,,,
MNQ DEC25,1s,1,2152,2025-11-13 09:55:53,25373,25376.5,25373,25374.5,95,3.5,1.5,2,0,1,,,,
MNQ DEC25,1s,1,2153,2025-11-13 09:55:54,25374.25,25375.25,25374.25,25374.75,38,1,0.5,0.5,0,1,,,,
MNQ DEC25,1s,1,2154,2025-11-13 09:55:55,25375,25375.75,25373.5,25374.5,46,2.25,0.5,0.75,1,-1,,,,
MNQ DEC25,1s,1,2155,2025-11-13 09:55:56,25375.25,25376.25,25372,25375,101,4.25,0.25,1,3,-1,,,,
MNQ DEC25,1s,1,2156,2025-11-13 09:55:57,25374.25,25375,25373,25374.5,120,2,0.25,0.5,1.25,1,,,,
MNQ DEC25,1s,1,2157,2025-11-13 09:55:58,25373.5,25376.25,25373.5,25374.25,27,2.75,0.75,2,0,1,,,,
MNQ DEC25,1s,1,2158,2025-11-13 09:55:59,25374,25376.25,25373,25375.5,43,3.25,1.5,0.75,1,1,,,,
MNQ DEC25,1s,1,2159,2025-11-13 09:56:00,25375,25375.75,25373.75,25374.5,53,2,0.5,0.75,0.75,-1,,,,
MNQ DEC25,10s,10,5615,2025-11-13 09:56:00,25377.25,25377.5,25372,25374.5,879,5.5,2.75,0.25,2.5,-1,-77.05,-124.3,-123.7,1.34
MNQ DEC25,20s,20,5807,2025-11-13 09:56:00,25379.25,25386.75,25372,25374.5,1937,14.75,4.75,7.5,2.5,-1,-106.6,-33.55,24.28333333,-87.81
MNQ DEC25,1s,1,2160,2025-11-13 09:56:01,25374.25,25374.75,25372.5,25374.75,65,2.25,0.5,0,1.75,1,,,,
MNQ DEC25,1s,1,2161,2025-11-13 09:56:02,25373.5,25374.5,25371.25,25372.75,77,3.25,0.75,1,1.5,-1,,,,
MNQ DEC25,1s,1,2162,2025-11-13 09:56:03,25373,25373,25369.5,25370.75,257,3.5,2.25,0,1.25,-1,,,,
MNQ DEC25,1s,1,2163,2025-11-13 09:56:04,25370.25,25376.25,25368.25,25373,206,8,2.75,3.25,2,1,,,,
MNQ DEC25,1s,1,2164,2025-11-13 09:56:05,25372.75,25374.75,25372.25,25374,68,2.5,1.25,0.75,0.5,1,,,,
MNQ DEC25,1s,1,2165,2025-11-13 09:56:06,25373.5,25374,25369,25369,36,5,4.5,0.5,0,-1,,,,
MNQ DEC25,1s,1,2166,2025-11-13 09:56:07,25368.75,25372,25367.25,25371,140,4.75,2.25,1,1.5,1,,,,
MNQ DEC25,1s,1,2167,2025-11-13 09:56:08,25372,25378.25,25371.25,25377.5,102,7,5.5,0.75,0.75,1,,,,
MNQ DEC25,1s,1,2168,2025-11-13 09:56:09,25377.5,25381.5,25377.25,25380.5,158,4.25,3,1,0.25,1,,,,
MNQ DEC25,1s,1,2169,2025-11-13 09:56:10,25381,25383.5,25380.5,25383.25,130,3,2.25,0.25,0.5,1,,,,
MNQ DEC25,10s,10,5616,2025-11-13 09:56:10,25374.25,25383.5,25367.25,25383.25,1239,16.25,9,0.25,7,1,-101,-23.95,-57.55,-33.41
MNQ DEC25,1s,1,2170,2025-11-13 09:56:11,25383.25,25384.5,25382.5,25382.5,88,2,0.75,1.25,0,-1,,,,
MNQ DEC25,1s,1,2171,2025-11-13 09:56:12,25382.5,25383.75,25380.75,25382.75,149,3,0.25,1,1.75,1,,,,
MNQ DEC25,1s,1,2172,2025-11-13 09:56:13,25382.25,25386.75,25382,25385.25,171,4.75,3,1.5,0.25,1,,,,
MNQ DEC25,1s,1,2173,2025-11-13 09:56:14,25385,25396,25385,25392.5,1285,11,7.5,3.5,0,1,,,,
MNQ DEC25,1s,1,2174,2025-11-13 09:56:15,25392.25,25395.75,25392.25,25393.5,196,3.5,1.25,2.25,0,1,,,,
MNQ DEC25,1s,1,2175,2025-11-13 09:56:16,25393.5,25394.75,25391.5,25392.25,236,3.25,1.25,1.25,0.75,-1,,,,
MNQ DEC25,1s,1,2176,2025-11-13 09:56:17,25391.75,25396.25,25391.75,25393,257,4.5,1.25,3.25,0,1,,,,
MNQ DEC25,1s,1,2177,2025-11-13 09:56:18,25392.5,25395.5,25392.25,25394,162,3.25,1.5,1.5,0.25,1,,,,
MNQ DEC25,1s,1,2178,2025-11-13 09:56:19,25393,25393.5,25388.75,25390,156,4.75,3,0.5,1.25,-1,,,,
MNQ DEC25,1s,1,2179,2025-11-13 09:56:20,25390,25392,25388.75,25390.75,128,3.25,0.75,1.25,1.25,1,,,,
MNQ DEC25,10s,10,5617,2025-11-13 09:56:20,25383.25,25396.25,25380.75,25390.75,2828,15.5,7.5,5.5,2.5,1,9.5,110.5,-12.58333333,-56.91
MNQ DEC25,20s,20,5808,2025-11-13 09:56:20,25374.25,25396.25,25367.25,25390.75,4067,29,16.5,5.5,7,1,350.45,457.05,164.55,100.02
MNQ DEC25,1s,1,2180,2025-11-13 09:56:21,25390,25392,25389.25,25391.25,77,2.75,1.25,0.75,0.75,1,,,,
MNQ DEC25,1s,1,2181,2025-11-13 09:56:22,25391.5,25391.5,25387.25,25389.25,69,4.25,2.25,0,2,-1,,,,
MNQ DEC25,1s,1,2182,2025-11-13 09:56:23,25389.5,25390.75,25386.75,25388.75,129,4,0.75,1.25,2,-1,,,,
MNQ DEC25,1s,1,2183,2025-11-13 09:56:24,25388.75,25389,25384.75,25387,77,4.25,1.75,0.25,2.25,-1,,,,
MNQ DEC25,1s,1,2184,2025-11-13 09:56:25,25386.5,25387.25,25384.75,25384.75,111,2.5,1.75,0.75,0,-1,,,,
MNQ DEC25,1s,1,2185,2025-11-13 09:56:26,25384.5,25385.25,25382.25,25382.5,112,3,2,0.75,0.25,-1,,,,
MNQ DEC25,1s,1,2186,2025-11-13 09:56:27,25382.5,25382.75,25378.5,25381,158,4.25,1.5,0.25,2.5,-1,,,,
MNQ DEC25,1s,1,2187,2025-11-13 09:56:28,25381.5,25382.5,25379.25,25379.75,101,3.25,1.75,1,0.5,-1,,,,
MNQ DEC25,1s,1,2188,2025-11-13 09:56:29,25379.75,25382.25,25378.5,25382.25,81,3.75,2.5,0,1.25,1,,,,
MNQ DEC25,1s,1,2189,2025-11-13 09:56:30,25382,25385.5,25381.25,25384,68,4.25,2,1.5,0.75,1,,,,
MNQ DEC25,10s,10,5618,2025-11-13 09:56:30,25390,25392,25378.5,25384,983,13.5,6,2,5.5,-1,84.15,74.65,53.73333333,2.5
MNQ DEC25,1s,1,2190,2025-11-13 09:56:31,25382.75,25386.75,25382,25385.25,148,4.75,2.5,1.5,0.75,1,,,,
MNQ DEC25,1s,1,2191,2025-11-13 09:56:32,25385,25389.75,25385,25389.75,104,4.75,4.75,0,0,1,,,,
MNQ DEC25,1s,1,2192,2025-11-13 09:56:33,25389.5,25389.75,25384.5,25386,88,5.25,3.5,0.25,1.5,-1,,,,
MNQ DEC25,1s,1,2193,2025-11-13 09:56:34,25386.25,25387.5,25385.75,25386.75,88,1.75,0.5,0.75,0.5,1,,,,
MNQ DEC25,1s,1,2194,2025-11-13 09:56:35,25386.25,25388.25,25385,25386.25,67,3.25,0,2,1.25,0,,,,
MNQ DEC25,1s,1,2195,2025-11-13 09:56:36,25385.5,25387.25,25384.75,25386.75,33,2.5,1.25,0.5,0.75,1,,,,
MNQ DEC25,1s,1,2196,2025-11-13 09:56:37,25386.75,25387,25385.25,25385.75,43,1.75,1,0.25,0.5,-1,,,,
MNQ DEC25,1s,1,2197,2025-11-13 09:56:38,25385.25,25387,25382.75,25386.75,53,4.25,1.5,0.25,2.5,1,,,,
MNQ DEC25,1s,1,2198,2025-11-13 09:56:39,25387.25,25388.75,25387,25387.75,51,1.75,0.5,1,0.25,1,,,,
MNQ DEC25,1s,1,2199,2025-11-13 09:56:40,25387.75,25388,25386.5,25387,30,1.5,0.75,0.25,0.5,-1,,,,
MNQ DEC25,10s,10,5619,2025-11-13 09:56:40,25382.75,25389.75,25382,25387,705,7.75,4.25,2.75,0.75,1,40.25,-43.9,47.08333333,-1.4
MNQ DEC25,20s,20,5809,2025-11-13 09:56:40,25390,25392,25378.5,25387,1688,13.5,3,2,8.5,-1,83.65,-266.8,52.23333333,52.62
MNQ DEC25,1s,1,2200,2025-11-13 09:56:41,25386.5,25394.25,25386.5,25393,171,7.75,6.5,1.25,0,1,,,,
MNQ DEC25,1s,1,2201,2025-11-13 09:56:42,25394,25396.5,25392.5,25392.5,157,4,1.5,2.5,0,-1,,,,
MNQ DEC25,1s,1,2202,2025-11-13 09:56:43,25392.5,25394.5,25392,25392,76,2.5,0.5,2,0,-1,,,,
MNQ DEC25,1s,1,2203,2025-11-13 09:56:44,25392.25,25392.75,25389,25389.75,102,3.75,2.5,0.5,0.75,-1,,,,
MNQ DEC25,1s,1,2204,2025-11-13 09:56:45,25389.5,25390.75,25387.25,25388,98,3.5,1.5,1.25,0.75,-1,,,,
MNQ DEC25,1s,1,2205,2025-11-13 09:56:46,25388,25388.25,25384.75,25385,141,3.5,3,0.25,0.25,-1,,,,
MNQ DEC25,1s,1,2206,2025-11-13 09:56:47,25385.25,25385.25,25381.25,25384.75,206,4,0.5,0,3.5,-1,,,,
MNQ DEC25,1s,1,2207,2025-11-13 09:56:48,25385,25388.25,25384.5,25386,60,3.75,1,2.25,0.5,1,,,,
MNQ DEC25,1s,1,2208,2025-11-13 09:56:49,25386.5,25390.75,25386.5,25387.5,111,4.25,1,3.25,0,1,,,,
MNQ DEC25,1s,1,2209,2025-11-13 09:56:50,25388,25391.25,25387,25390.5,89,4.25,2.5,0.75,1,1,,,,
MNQ DEC25,10s,10,5620,2025-11-13 09:56:50,25386.5,25396.5,25381.25,25390.5,1211,15.25,4,6,5.25,1,98.8,58.55,29.76666667,35.17
MNQ DEC25,1s,1,2210,2025-11-13 09:56:51,25391,25393.25,25390,25390.25,60,3.25,0.75,2.25,0.25,-1,,,,
MNQ DEC25,1s,1,2211,2025-11-13 09:56:52,25390.75,25393.5,25390.75,25391.5,126,2.75,0.75,2,0,1,,,,
MNQ DEC25,1s,1,2212,2025-11-13 09:56:53,25391.75,25392,25388.75,25391.75,68,3.25,0,0.25,3,0,,,,
MNQ DEC25,1s,1,2213,2025-11-13 09:56:54,25391.25,25392.5,25389.5,25392.5,57,3,1.25,0,1.75,1,,,,
MNQ DEC25,1s,1,2214,2025-11-13 09:56:55,25392.25,25393.5,25392.25,25393,30,1.25,0.75,0.5,0,1,,,,
MNQ DEC25,1s,1,2215,2025-11-13 09:56:56,25393,25398.75,25392.25,25397.25,254,6.5,4.25,1.5,0.75,1,,,,
MNQ DEC25,1s,1,2216,2025-11-13 09:56:57,25397.25,25398,25394.25,25397.25,145,3.75,0,0.75,3,0,,,,
MNQ DEC25,1s,1,2217,2025-11-13 09:56:58,25397.5,25398.25,25396.5,25397.25,93,1.75,0.25,0.75,0.75,-1,,,,
MNQ DEC25,1s,1,2218,2025-11-13 09:56:59,25396.75,25399,25396,25397.75,66,3,1,1.25,0.75,1,,,,
MNQ DEC25,1s,1,2219,2025-11-13 09:57:00,25397.75,25397.75,25393.5,25393.75,115,4.25,4,0,0.25,-1,,,,
MNQ DEC25,10s,10,5621,2025-11-13 09:57:00,25391,25399,25388.75,25393.75,1014,10.25,2.75,5.25,2.25,1,83.05,-15.75,-0.36666667,36.81
MNQ DEC25,20s,20,5810,2025-11-13 09:57:00,25386.5,25399,25381.25,25393.75,2225,17.75,7.25,5.25,5.25,1,-103.6,-187.25,1,7.92
MNQ DEC25,1s,1,2220,2025-11-13 09:57:01,25394.25,25397.5,25394.25,25395.75,97,3.25,1.5,1.75,0,1,,,,
MNQ DEC25,1s,1,2221,2025-11-13 09:57:02,25397,25399.25,25396,25396,149,3.25,1,2.25,0,-1,,,,
MNQ DEC25,1s,1,2222,2025-11-13 09:57:03,25396.5,25398.75,25396,25396.75,84,2.75,0.25,2,0.5,1,,,,
MNQ DEC25,1s,1,2223,2025-11-13 09:57:04,25396.75,25403.75,25396.25,25403,529,7.5,6.25,0.75,0.5,1,,,,
MNQ DEC25,1s,1,2224,2025-11-13 09:57:05,25403,25412.5,25401.75,25412,987,10.75,9,0.5,1.25,1,,,,
MNQ DEC25,1s,1,2225,2025-11-13 09:57:06,25411.75,25416.75,25411,25412.25,475,5.75,0.5,4.5,0.75,1,,,,
MNQ DEC25,1s,1,2226,2025-11-13 09:57:07,25412.5,25414.25,25410.75,25411.5,257,3.5,1,1.75,0.75,-1,,,,
MNQ DEC25,1s,1,2227,2025-11-13 09:57:08,25412.5,25414.25,25411.25,25412.5,227,3,0,1.75,1.25,0,,,,
MNQ DEC25,1s,1,2228,2025-11-13 09:57:09,25412.5,25414.5,25411,25412.25,183,3.5,0.25,2,1.25,-1,,,,
MNQ DEC25,1s,1,2229,2025-11-13 09:57:10,25412.25,25413.75,25411.25,25412,174,2.5,0.25,1.5,0.75,-1,,,,
MNQ DEC25,10s,10,5622,2025-11-13 09:57:10,25394.25,25416.75,25394.25,25412,3162,22.5,17.75,4.75,0,1,33.15,-49.9,-2.36666667,4.73
MNQ DEC25,1s,1,2230,2025-11-13 09:57:11,25412,25416.75,25410.75,25416.75,201,6,4.75,0,1.25,1,,,,
MNQ DEC25,1s,1,2231,2025-11-13 09:57:12,25416,25418,25412.5,25415,270,5.5,1,2,2.5,-1,,,,
MNQ DEC25,1s,1,2232,2025-11-13 09:57:13,25415,25415,25413,25414,151,2,1,0,1,-1,,,,
MNQ DEC25,1s,1,2233,2025-11-13 09:57:14,25414.25,25415,25410,25410.5,128,5,3.75,0.75,0.5,-1,,,,
MNQ DEC25,1s,1,2234,2025-11-13 09:57:15,25410.5,25411.75,25409.75,25411.25,110,2,0.75,0.5,0.75,1,,,,
MNQ DEC25,1s,1,2235,2025-11-13 09:57:16,25410,25411,25405.5,25406.5,227,5.5,3.5,1,1,-1,,,,
MNQ DEC25,1s,1,2236,2025-11-13 09:57:17,25406.5,25406.75,25402,25402,177,4.75,4.5,0.25,0,-1,,,,
MNQ DEC25,1s,1,2237,2025-11-13 09:57:18,25402.5,25404.25,25401.75,25403.75,97,2.5,1.25,0.5,0.75,1,,,,
MNQ DEC25,1s,1,2238,2025-11-13 09:57:19,25403.5,25403.5,25397,25400,313,6.5,3.5,0,3,-1,,,,
MNQ DEC25,1s,1,2239,2025-11-13 09:57:20,25400.25,25401.5,25398.25,25399,143,3.25,1.25,1.25,0.75,-1,,,,
MNQ DEC25,10s,10,5623,2025-11-13 09:57:20,25412,25418,25397,25399,1817,21,13,6,2,-1,173.5,140.35,24.9,17.87
MNQ DEC25,20s,20,5811,2025-11-13 09:57:20,25394.25,25418,25394.25,25399,4979,23.75,4.75,19,0,1,225.15,328.75,-41.76666667,59.64
MNQ DEC25,1s,1,2240,2025-11-13 09:57:21,25398.5,25400.75,25398.5,25398.75,100,2.25,0.25,2,0,1,,,,
MNQ DEC25,1s,1,2241,2025-11-13 09:57:22,25398.75,25401.25,25398.25,25401,166,3,2.25,0.25,0.5,1,,,,
MNQ DEC25,1s,1,2242,2025-11-13 09:57:23,25400.5,25402.25,25399.75,25401.75,118,2.5,1.25,0.5,0.75,1,,,,
MNQ DEC25,1s,1,2243,2025-11-13 09:57:24,25402,25402.25,25398,25399.75,175,4.25,2.25,0.25,1.75,-1,,,,
MNQ DEC25,1s,1,2244,2025-11-13 09:57:25,25399.25,25400.5,25398,25400,95,2.5,0.75,0.5,1.25,1,,,,
MNQ DEC25,1s,1,2245,2025-11-13 09:57:26,25399.75,25399.75,25395.25,25397.25,121,4.5,2.5,0,2,-1,,,,
MNQ DEC25,1s,1,2246,2025-11-13 09:57:27,25397.25,25399,25395.5,25397.75,113,3.5,0.5,1.25,1.75,1,,,,
MNQ DEC25,1s,1,2247,2025-11-13 09:57:28,25397.75,25400.5,25397.25,25399,78,3.25,1.25,1.5,0.5,1,,,,
MNQ DEC25,1s,1,2248,2025-11-13 09:57:29,25398.5,25399.25,25396,25396,90,3.25,2.5,0.75,0,-1,,,,
MNQ DEC25,1s,1,2249,2025-11-13 09:57:30,25395.5,25399,25395.25,25397.75,65,3.75,2.25,1.25,0.25,1,,,,
MNQ DEC25,10s,10,5624,2025-11-13 09:57:30,25398.5,25402.25,25395.25,25397.75,1121,7,0.75,3.75,2.5,-1,271.15,97.65,62.7,46.18
MNQ DEC25,1s,1,2250,2025-11-13 09:57:31,25397,25399,25395.5,25396.5,98,3.5,0.5,2,1,-1,,,,
MNQ DEC25,1s,1,2251,2025-11-13 09:57:32,25396.25,25397,25393.5,25395.25,204,3.5,1,0.75,1.75,-1,,,,
MNQ DEC25,1s,1,2252,2025-11-13 09:57:33,25395.75,25395.75,25390.25,25393.75,223,5.5,2,0,3.5,-1,,,,
MNQ DEC25,1s,1,2253,2025-11-13 09:57:34,25394.5,25396.25,25394,25394.75,103,2.25,0.25,1.5,0.5,1,,,,
MNQ DEC25,1s,1,2254,2025-11-13 09:57:35,25394.25,25394.25,25392,25392.5,71,2.25,1.75,0,0.5,-1,,,,
MNQ DEC25,1s,1,2255,2025-11-13 09:57:36,25392.5,25395,25391.75,25393.75,97,3.25,1.25,1.25,0.75,1,,,,
MNQ DEC25,1s,1,2256,2025-11-13 09:57:37,25394,25394.5,25391.5,25393,130,3,1,0.5,1.5,-1,,,,
MNQ DEC25,1s,1,2257,2025-11-13 09:57:38,25393.25,25394,25391,25392,58,3,1.25,0.75,1,-1,,,,
MNQ DEC25,1s,1,2258,2025-11-13 09:57:39,25391.5,25392.75,25389.5,25391,75,3.25,0.5,1.25,1.5,-1,,,,
MNQ DEC25,1s,1,2259,2025-11-13 09:57:40,25391.75,25391.75,25385.75,25389,242,6,2.75,0,3.25,-1,,,,
MNQ DEC25,10s,10,5625,2025-11-13 09:57:40,25397,25399,25385.75,25389,1301,13.25,8,2,3.25,-1,285.4,14.25,84.08333333,37.32
MNQ DEC25,20s,20,5812,2025-11-13 09:57:40,25398.5,25402.25,25385.75,25389,2422,16.5,9.5,3.75,3.25,-1,269.4,44.25,61.91666667,75.2
MNQ DEC25,1s,1,2260,2025-11-13 09:57:41,25389,25390.75,25387.5,25387.5,112,3.25,1.5,1.75,0,-1,,,,
MNQ DEC25,1s,1,2261,2025-11-13 09:57:42,25387.5,25388.25,25385.5,25387.5,82,2.75,0,0.75,2,0,,,,
MNQ DEC25,1s,1,2262,2025-11-13 09:57:43,25387.25,25388.25,25385.5,25387.25,98,2.75,0,1,1.75,0,,,,
MNQ DEC25,1s,1,2263,2025-11-13 09:57:44,25387.25,25390.75,25387,25388,113,3.75,0.75,2.75,0.25,1,,,,
MNQ DEC25,1s,1,2264,2025-11-13 09:57:45,25388.75,25394.75,25388.75,25392,207,6,3.25,2.75,0,1,,,,
MNQ DEC25,1s,1,2265,2025-11-13 09:57:46,25392,25394.25,25390.75,25393.75,108,3.5,1.75,0.5,1.25,1,,,,
MNQ DEC25,1s,1,2266,2025-11-13 09:57:47,25394.25,25396.25,25392.75,25394.25,94,3.5,0,2,1.5,0,,,,
MNQ DEC25,1s,1,2267,2025-11-13 09:57:48,25393.75,25394.25,25388.75,25389,70,5.5,4.75,0.5,0.25,-1,,,,
MNQ DEC25,1s,1,2268,2025-11-13 09:57:49,25389,25389.25,25388.25,25389,37,1,0,0.25,0.75,0,,,,
MNQ DEC25,1s,1,2269,2025-11-13 09:57:50,25389.25,25389.25,25388,25388,41,1.25,1.25,0,0,-1,,,,
MNQ DEC25,10s,10,5626,2025-11-13 09:57:50,25389,25396.25,25385.5,25388,962,10.75,1,7.25,2.5,-1,271.3,-14.1,32.6,37.65
MNQ DEC25,1s,1,2270,2025-11-13 09:57:51,25387.75,25388.75,25386.75,25388,42,2,0.25,0.75,1,1,,,,
MNQ DEC25,1s,1,2271,2025-11-13 09:57:52,25388,25388,25384.75,25385.25,90,3.25,2.75,0,0.5,-1,,,,
MNQ DEC25,1s,1,2272,2025-11-13 09:57:53,25385,25387.75,25384.75,25387.25,82,3,2.25,0.5,0.25,1,,,,
MNQ DEC25,1s,1,2273,2025-11-13 09:57:54,25387.75,25387.75,25386.25,25386.75,62,1.5,1,0,0.5,-1,,,,
MNQ DEC25,1s,1,2274,2025-11-13 09:57:55,25387.25,25390.25,25386,25386.25,134,4.25,1,3,0.25,-1,,,,
MNQ DEC25,1s,1,2275,2025-11-13 09:57:56,25386.75,25389.5,25386.5,25389.25,74,3,2.5,0.25,0.25,1,,,,
MNQ DEC25,1s,1,2276,2025-11-13 09:57:57,25388.5,25394.25,25388,25393.25,129,6.25,4.75,1,0.5,1,,,,
MNQ DEC25,1s,1,2277,2025-11-13 09:57:58,25394,25394.5,25392.5,25394.5,47,2,0.5,0,1.5,1,,,,
MNQ DEC25,1s,1,2278,2025-11-13 09:57:59,25394,25395.75,25394,25394.75,64,1.75,0.75,1,0,1,,,,
MNQ DEC25,1s,1,2279,2025-11-13 09:58:00,25395,25398.75,25395,25396.75,100,3.75,1.75,2,0,1,,,,
MNQ DEC25,10s,10,5627,2025-11-13 09:58:00,25387.75,25398.75,25384.75,25396.75,824,14,9,2,3,1,-205.1,-476.4,-158.75,-47.65
MNQ DEC25,20s,20,5813,2025-11-13 09:58:00,25389,25398.75,25384.75,25396.75,1786,14,7.75,2,4.25,1,-117.6,-387,-4.66666667,-93.61
MNQ DEC25,1s,1,2280,2025-11-13 09:58:01,25396.75,25398.75,25395.5,25396.25,114,3.25,0.5,2,0.75,-1,,,,
MNQ DEC25,1s,1,2281,2025-11-13 09:58:02,25396.5,25399,25395.5,25396,220,3.5,0.5,2.5,0.5,-1,,,,
MNQ DEC25,1s,1,2282,2025-11-13 09:58:03,25396.5,25396.5,25394,25394.75,41,2.5,1.75,0,0.75,-1,,,,
MNQ DEC25,1s,1,2283,2025-11-13 09:58:04,25394.75,25394.75,25391.75,25394.25,69,3,0.5,0,2.5,-1,,,,
MNQ DEC25,1s,1,2284,2025-11-13 09:58:05,25395,25395.5,25393.25,25394.25,59,2.25,0.75,0.5,1,-1,,,,
MNQ DEC25,1s,1,2285,2025-11-13 09:58:06,25395,25399,25394.75,25396.5,122,4.25,1.5,2.5,0.25,1,,,,
MNQ DEC25,1s,1,2286,2025-11-13 09:58:07,25396,25399.5,25395,25399.25,100,4.5,3.25,0.25,1,1,,,,
MNQ DEC25,1s,1,2287,2025-11-13 09:58:08,25399.5,25399.75,25397.75,25398.25,87,2,1.25,0.25,0.5,-1,,,,
MNQ DEC25,1s,1,2288,2025-11-13 09:58:09,25398.25,25398.75,25393.5,25393.75,79,5.25,4.5,0.5,0.25,-1,,,,
MNQ DEC25,1s,1,2289,2025-11-13 09:58:10,25394.5,25395.25,25391.75,25395,46,3.5,0.5,0.25,2.75,1,,,,
MNQ DEC25,10s,10,5628,2025-11-13 09:58:10,25396.75,25399.75,25391.75,25395,937,8,1.75,3,3.25,-1,-327.05,-121.95,-204.15,-100.11
MNQ DEC25,1s,1,2290,2025-11-13 09:58:11,25394,25396.5,25393.25,25396.5,66,3.25,2.5,0,0.75,1,,,,
MNQ DEC25,1s,1,2291,2025-11-13 09:58:12,25397,25399.75,25396.5,25398.5,84,3.25,1.5,1.25,0.5,1,,,,
MNQ DEC25,1s,1,2292,2025-11-13 09:58:13,25398.5,25399,25396.25,25397.75,33,2.75,0.75,0.5,1.5,-1,,,,
MNQ DEC25,1s,1,2293,2025-11-13 09:58:14,25397.5,25398.25,25395.25,25396.25,70,3,1.25,0.75,1,-1,,,,
MNQ DEC25,1s,1,2294,2025-11-13 09:58:15,25395.75,25396.25,25394,25394.75,69,2.25,1,0.5,0.75,-1,,,,
MNQ DEC25,1s,1,2295,2025-11-13 09:58:16,25395,25398.75,25395,25395.75,45,3.75,0.75,3,0,1,,,,
MNQ DEC25,1s,1,2296,2025-11-13 09:58:17,25395.25,25399.5,25395,25399,40,4.5,3.75,0.5,0.25,1,,,,
MNQ DEC25,1s,1,2297,2025-11-13 09:58:18,25399.25,25399.5,25397.75,25398.5,40,1.75,0.75,0.25,0.75,-1,,,,
MNQ DEC25,1s,1,2298,2025-11-13 09:58:19,25398.5,25399,25396.25,25396.75,46,2.75,1.75,0.5,0.5,-1,,,,
MNQ DEC25,1s,1,2299,2025-11-13 09:58:20,25396.25,25398,25396.25,25398,34,1.75,1.75,0,0,1,,,,
MNQ DEC25,10s,10,5629,2025-11-13 09:58:20,25394,25399.75,25393.25,25398,527,6.5,4,1.75,0.75,1,-416.25,-89.2,-229.18333333,-137.48
MNQ DEC25,20s,20,5814,2025-11-13 09:58:20,25396.75,25399.75,25391.75,25398,1464,8,1.25,1.75,5,1,-133.45,-15.85,-119.53333333,-43.42
MNQ DEC25,1s,1,2300,2025-11-13 09:58:21,25398,25398,25395.25,25396.75,46,2.75,1.25,0,1.5,-1,,,,
MNQ DEC25,1s,1,2301,2025-11-13 09:58:22,25395.25,25396.75,25393.75,25396,79,3,0.75,0.75,1.5,1,,,,
MNQ DEC25,1s,1,2302,2025-11-13 09:58:23,25396.25,25397.25,25394.5,25394.5,36,2.75,1.75,1,0,-1,,,,
MNQ DEC25,1s,1,2303,2025-11-13 09:58:24,25394.5,25394.75,25391.25,25394.5,173,3.5,0,0.25,3.25,0,,,,
MNQ DEC25,1s,1,2304,2025-11-13 09:58:25,25394.75,25395,25393.5,25394.5,30,1.5,0.25,0.25,1,-1,,,,
MNQ DEC25,1s,1,2305,2025-11-13 09:58:26,25393.25,25394.25,25387.25,25387.5,224,7,5.75,1,0.25,-1,,,,
MNQ DEC25,1s,1,2306,2025-11-13 09:58:27,25387.75,25389.75,25385.75,25386.75,169,4,1,2,1,-1,,,,
MNQ DEC25,1s,1,2307,2025-11-13 09:58:28,25388,25389.75,25384.25,25386.75,168,5.5,1.25,1.75,2.5,-1,,,,
MNQ DEC25,1s,1,2308,2025-11-13 09:58:29,25385.75,25388.5,25384.75,25386.5,93,3.75,0.75,2,1,1,,,,
MNQ DEC25,1s,1,2309,2025-11-13 09:58:30,25387,25390,25385.75,25388.75,77,4.25,1.75,1.25,1.25,1,,,,
MNQ DEC25,10s,10,5630,2025-11-13 09:58:30,25398,25398,25384.25,25388.75,1095,13.75,9.25,0,4.5,-1,-437.2,-20.95,-77.36666667,-144.52
MNQ DEC25,1s,1,2310,2025-11-13 09:58:31,25388,25391.75,25388,25391,58,3.75,3,0.75,0,1,,,,
MNQ DEC25,1s,1,2311,2025-11-13 09:58:32,25390.25,25390.75,25385.75,25386.25,57,5,4,0.5,0.5,-1,,,,
MNQ DEC25,1s,1,2312,2025-11-13 09:58:33,25386.25,25389.75,25386.25,25389.75,89,3.5,3.5,0,0,1,,,,
MNQ DEC25,1s,1,2313,2025-11-13 09:58:34,25389.75,25390,25388,25389,49,2,0.75,0.25,1,-1,,,,
MNQ DEC25,1s,1,2314,2025-11-13 09:58:35,25389,25390.5,25388.75,25389.5,37,1.75,0.5,1,0.25,1,,,,
MNQ DEC25,1s,1,2315,2025-11-13 09:58:36,25389.5,25391.75,25387.75,25391.75,59,4,2.25,0,1.75,1,,,,
MNQ DEC25,1s,1,2316,2025-11-13 09:58:37,25391.5,25393,25390,25392.75,90,3,1.25,0.25,1.5,1,,,,
MNQ DEC25,1s,1,2317,2025-11-13 09:58:38,25393.25,25395,25392.75,25394.5,81,2.25,1.25,0.5,0.5,1,,,,
MNQ DEC25,1s,1,2318,2025-11-13 09:58:39,25394.5,25399.5,25394.5,25397.75,197,5,3.25,1.75,0,1,,,,
MNQ DEC25,1s,1,2319,2025-11-13 09:58:40,25397.75,25403,25397.75,25401.5,166,5.25,3.75,1.5,0,1,,,,
MNQ DEC25,10s,10,5631,2025-11-13 09:58:40,25388,25403,25385.75,25401.5,883,17.25,13.5,1.5,2.25,1,-410.1,27.1,-27.68333333,-136.28
MNQ DEC25,20s,20,5815,2025-11-13 09:58:40,25398,25403,25384.25,25401.5,1978,18.75,3.5,1.5,13.75,1,-76.65,56.8,-115.35,5.39
MNQ DEC25,1s,1,2320,2025-11-13 09:58:41,25401,25401.75,25398.5,25400,108,3.25,1,0.75,1.5,-1,,,,
MNQ DEC25,1s,1,2321,2025-11-13 09:58:42,25399.5,25400,25394.75,25395.25,63,5.25,4.25,0.5,0.5,-1,,,,
MNQ DEC25,1s,1,2322,2025-11-13 09:58:43,25396,25396,25389.5,25392,147,6.5,4,0,2.5,-1,,,,
MNQ DEC25,1s,1,2323,2025-11-13 09:58:44,25392.25,25393.75,25392,25393.5,29,1.75,1.25,0.25,0.25,1,,,,
MNQ DEC25,1s,1,2324,2025-11-13 09:58:45,25393.25,25394.5,25392,25394.25,47,2.5,1,0.25,1.25,1,,,,
MNQ DEC25,1s,1,2325,2025-11-13 09:58:46,25394,25398,25394,25395.5,87,4,1.5,2.5,0,1,,,,
MNQ DEC25,1s,1,2326,2025-11-13 09:58:47,25395,25397.5,25395,25397.5,38,2.5,2.5,0,0,1,,,,
MNQ DEC25,1s,1,2327,2025-11-13 09:58:48,25396.75,25397.75,25396,25396,31,1.75,0.75,1,0,-1,,,,
MNQ DEC25,1s,1,2328,2025-11-13 09:58:49,25395.75,25396.75,25392,25392.5,47,4.75,3.25,1,0.5,-1,,,,
MNQ DEC25,1s,1,2329,2025-11-13 09:58:50,25393.25,25394.75,25392.75,25394.75,49,2,1.5,0,0.5,1,,,,
MNQ DEC25,10s,10,5632,2025-11-13 09:58:50,25401,25401.75,25389.5,25394.75,646,12.25,6.25,0.75,5.25,-1,-383.75,26.35,10.83333333,-35.73
MNQ DEC25,1s,1,2330,2025-11-13 09:58:51,25394.5,25396,25393.25,25393.25,37,2.75,1.25,1.5,0,-1,,,,
MNQ DEC25,1s,1,2331,2025-11-13 09:58:52,25394,25394,25389.75,25390,91,4.25,4,0,0.25,-1,,,,
MNQ DEC25,1s,1,2332,2025-11-13 09:58:53,25389.75,25395.25,25389.75,25394.25,56,5.5,4.5,1,0,1,,,,
MNQ DEC25,1s,1,2333,2025-11-13 09:58:54,25395,25395.5,25391.75,25391.75,63,3.75,3.25,0.5,0,-1,,,,
MNQ DEC25,1s,1,2334,2025-11-13 09:58:55,25391.5,25392.5,25390,25390,23,2.5,1.5,1,0,-1,,,,
MNQ DEC25,1s,1,2335,2025-11-13 09:58:56,25389.5,25389.75,25388.5,25389.75,52,1.25,0.25,0,1,1,,,,
MNQ DEC25,1s,1,2336,2025-11-13 09:58:57,25390,25390.5,25388.25,25389,54,2.25,1,0.5,0.75,-1,,,,
MNQ DEC25,1s,1,2337,2025-11-13 09:58:58,25388.75,25389.75,25387.5,25387.5,65,2.25,1.25,1,0,-1,,,,
MNQ DEC25,1s,1,2338,2025-11-13 09:58:59,25387.75,25390.5,25387.75,25389,42,2.75,1.25,1.5,0,1,,,,
MNQ DEC25,1s,1,2339,2025-11-13 09:59:00,25389.5,25397.25,25389,25396.25,101,8.25,6.75,1,0.5,1,,,,
MNQ DEC25,10s,10,5633,2025-11-13 09:59:00,25394.5,25397.25,25387.5,25396.25,584,9.75,1.75,1,7,1,-441.8,-58.05,-1.53333333,-22.95
MNQ DEC25,20s,20,5816,2025-11-13 09:59:00,25401,25401.75,25387.5,25396.25,1230,14.25,4.75,0.75,8.75,-1,-757.15,-680.5,-213.18333333,-196.46
MNQ DEC25,1s,1,2340,2025-11-13 09:59:01,25396,25396.75,25395,25395.5,50,1.75,0.5,0.75,0.5,-1,,,,
MNQ DEC25,1s,1,2341,2025-11-13 09:59:02,25395.5,25397.25,25394.25,25396,83,3,0.5,1.25,1.25,1,,,,
MNQ DEC25,1s,1,2342,2025-11-13 09:59:03,25395.5,25395.75,25393.5,25394.5,44,2.25,1,0.25,1,-1,,,,
MNQ DEC25,1s,1,2343,2025-11-13 09:59:04,25394.75,25394.75,25392.5,25394.5,42,2.25,0.25,0,2,-1,,,,
MNQ DEC25,1s,1,2344,2025-11-13 09:59:05,25393.75,25394.75,25393,25393.5,40,1.75,0.25,1,0.5,-1,,,,
MNQ DEC25,1s,1,2345,2025-11-13 09:59:06,25393.75,25395,25392.5,25393,48,2.5,0.75,1.25,0.5,-1,,,,
MNQ DEC25,1s,1,2346,2025-11-13 09:59:07,25392.5,25394.25,25392.5,25393,32,1.75,0.5,1.25,0,1,,,,
MNQ DEC25,1s,1,2347,2025-11-13 09:59:08,25393.5,25396,25392.75,25395.25,69,3.25,1.75,0.75,0.75,1,,,,
MNQ DEC25,1s,1,2348,2025-11-13 09:59:09,25394.25,25394.5,25392.25,25393.75,54,2.25,0.5,0.25,1.5,-1,,,,
MNQ DEC25,1s,1,2349,2025-11-13 09:59:10,25394.5,25395.25,25392.25,25393.75,28,3,0.75,0.75,1.5,-1,,,,
MNQ DEC25,10s,10,5634,2025-11-13 09:59:10,25396,25397.25,25392.25,25393.75,490,5,2.25,1.25,1.5,-1,-420.8,21,-3.56666667,-0.91
MNQ DEC25,1s,1,2350,2025-11-13 09:59:11,25393.75,25395.75,25392.75,25394,58,3,0.25,1.75,1,1,,,,
MNQ DEC25,1s,1,2351,2025-11-13 09:59:12,25392.5,25394.5,25392.25,25393.5,19,2.25,1,1,0.25,1,,,,
MNQ DEC25,1s,1,2352,2025-11-13 09:59:13,25392.75,25393,25386.75,25387.5,91,6.25,5.25,0.25,0.75,-1,,,,
MNQ DEC25,1s,1,2353,2025-11-13 09:59:14,25387.25,25388.25,25386,25387.75,93,2.25,0.5,0.5,1.25,1,,,,
MNQ DEC25,1s,1,2354,2025-11-13 09:59:15,25387.75,25390,25386.25,25390,79,3.75,2.25,0,1.5,1,,,,
MNQ DEC25,1s,1,2355,2025-11-13 09:59:16,25389.75,25391.75,25389,25389.75,62,2.75,0,2,0.75,0,,,,
MNQ DEC25,1s,1,2356,2025-11-13 09:59:17,25390,25390.75,25389.5,25390,26,1.25,0,0.75,0.5,0,,,,
MNQ DEC25,1s,1,2357,2025-11-13 09:59:18,25389.5,25389.75,25384,25386.25,93,5.75,3.25,0.25,2.25,-1,,,,
MNQ DEC25,1s,1,2358,2025-11-13 09:59:19,25385.75,25389.5,25385.5,25389,58,4,3.25,0.5,0.25,1,,,,
MNQ DEC25,1s,1,2359,2025-11-13 09:59:20,25390,25390.5,25386.5,25386.75,48,4,3.25,0.5,0.25,-1,,,,
MNQ DEC25,10s,10,5635,2025-11-13 09:59:20,25393.75,25395.75,25384,25386.75,627,11.75,7,2,2.75,-1,-501.8,-81,-39.35,-12.92
MNQ DEC25,20s,20,5817,2025-11-13 09:59:20,25396,25397.25,25384,25386.75,1117,13.25,9.25,1.25,2.75,-1,-989.45,-232.3,-285.33333333,-251.77
MNQ DEC25,1s,1,2360,2025-11-13 09:59:21,25387,25388.75,25386.5,25387,27,2.25,0,1.75,0.5,0,,,,
MNQ DEC25,1s,1,2361,2025-11-13 09:59:22,25387.5,25389.25,25385.75,25386.25,111,3.5,1.25,1.75,0.5,-1,,,,
MNQ DEC25,1s,1,2362,2025-11-13 09:59:23,25386.25,25388.25,25385.25,25388,43,3,1.75,0.25,1,1,,,,
MNQ DEC25,1s,1,2363,2025-11-13 09:59:24,25387,25389.25,25383.25,25384.25,114,6,2.75,2.25,1,-1,,,,
MNQ DEC25,1s,1,2364,2025-11-13 09:59:25,25384.25,25385.25,25383.5,25383.5,48,1.75,0.75,1,0,-1,,,,
MNQ DEC25,1s,1,2365,2025-11-13 09:59:26,25383.5,25388.75,25383.5,25388.75,111,5.25,5.25,0,0,1,,,,
MNQ DEC25,1s,1,2366,2025-11-13 09:59:27,25388.25,25388.75,25382.75,25383.5,83,6,4.75,0.5,0.75,-1,,,,
MNQ DEC25,1s,1,2367,2025-11-13 09:59:28,25383.5,25383.5,25381.25,25382.25,123,2.25,1.25,0,1,-1,,,,
MNQ DEC25,1s,1,2368,2025-11-13 09:59:29,25381.75,25384,25381.25,25382.75,63,2.75,1,1.25,0.5,1,,,,
MNQ DEC25,1s,1,2369,2025-11-13 09:59:30,25383,25383,25381.25,25382.5,52,1.75,0.5,0,1.25,-1,,,,
MNQ DEC25,10s,10,5636,2025-11-13 09:59:30,25387,25389.25,25381.25,25382.5,775,8,4.5,2.25,1.25,-1,-500.2,1.6,-19.46666667,-18.02
MNQ DEC25,1s,1,2370,2025-11-13 09:59:31,25382.5,25386.5,25382,25385.75,107,4.5,3.25,0.75,0.5,1,,,,
MNQ DEC25,1s,1,2371,2025-11-13 09:59:32,25386.25,25388.25,25385.5,25387.75,76,2.75,1.5,0.5,0.75,1,,,,
MNQ DEC25,1s,1,2372,2025-11-13 09:59:33,25388.25,25389.25,25387,25387.25,79,2.25,1,1,0.25,-1,,,,
MNQ DEC25,1s,1,2373,2025-11-13 09:59:34,25387,25389.5,25386.75,25388,44,2.75,1,1.5,0.25,1,,,,
MNQ DEC25,1s,1,2374,2025-11-13 09:59:35,25387.75,25390.25,25387.75,25390,49,2.5,2.25,0.25,0,1,,,,
MNQ DEC25,1s,1,2375,2025-11-13 09:59:36,25390.25,25390.75,25389,25389.75,73,1.75,0.5,0.5,0.75,-1,,,,
MNQ DEC25,1s,1,2376,2025-11-13 09:59:37,25390,25390,25388.25,25390,76,1.75,0,0,1.75,0,,,,
MNQ DEC25,1s,1,2377,2025-11-13 09:59:38,25390.75,25396.75,25390.5,25394.75,258,6.25,4,2,0.25,1,,,,
MNQ DEC25,1s,1,2378,2025-11-13 09:59:39,25394.25,25395.75,25393.75,25395,49,2,0.75,0.75,0.5,1,,,,
MNQ DEC25,1s,1,2379,2025-11-13 09:59:40,25395.25,25400.75,25395.25,25400.5,227,5.5,5.25,0.25,0,1,,,,
MNQ DEC25,10s,10,5637,2025-11-13 09:59:40,25382.5,25400.75,25382,25400.5,1038,18.75,18,0.25,0.5,1,-332.3,167.9,29.5,10.29
MNQ DEC25,20s,20,5818,2025-11-13 09:59:40,25387,25400.75,25381.25,25400.5,1813,19.5,13.5,0.25,5.75,1,-873,116.45,-265.45,-151.08
MNQ DEC25,1s,1,2380,2025-11-13 09:59:41,25400.5,25400.5,25394.5,25395.75,105,6,4.75,0,1.25,-1,,,,
MNQ DEC25,1s,1,2381,2025-11-13 09:59:42,25395.25,25396.5,25393.75,25396.25,51,2.75,1,0.25,1.5,1,,,,
MNQ DEC25,1s,1,2382,2025-11-13 09:59:43,25396.25,25396.25,25391.5,25393.75,51,4.75,2.5,0,2.25,-1,,,,
MNQ DEC25,1s,1,2383,2025-11-13 09:59:44,25394,25397.75,25393.75,25396.5,35,4,2.5,1.25,0.25,1,,,,
MNQ DEC25,1s,1,2384,2025-11-13 09:59:45,25397,25398,25396.25,25397,47,1.75,0,1,0.75,0,,,,
MNQ DEC25,1s,1,2385,2025-11-13 09:59:46,25397.25,25398.75,25396.75,25398.75,29,2,1.5,0,0.5,1,,,,
MNQ DEC25,1s,1,2386,2025-11-13 09:59:47,25398.5,25398.5,25389.25,25389.75,118,9.25,8.75,0,0.5,-1,,,,
MNQ DEC25,1s,1,2387,2025-11-13 09:59:48,25389.5,25390.75,25388.5,25388.5,62,2.25,1,1.25,0,-1,,,,
MNQ DEC25,1s,1,2388,2025-11-13 09:59:49,25388.5,25389.25,25388,25388.5,33,1.25,0,0.75,0.5,0,,,,
MNQ DEC25,1s,1,2389,2025-11-13 09:59:50,25388.75,25388.75,25386.5,25386.75,65,2.25,2,0,0.25,-1,,,,
MNQ DEC25,10s,10,5638,2025-11-13 09:59:50,25400.5,25400.5,25386.5,25386.75,596,14,13.75,0,0.25,-1,-310.55,21.75,63.75,26.25
MNQ DEC25,1s,1,2390,2025-11-13 09:59:51,25386.75,25387.25,25381.5,25383,201,5.75,3.75,0.5,1.5,-1,,,,
MNQ DEC25,1s,1,2391,2025-11-13 09:59:52,25383,25384.25,25382.5,25384,50,1.75,1,0.25,0.5,1,,,,
MNQ DEC25,1s,1,2392,2025-11-13 09:59:53,25383.75,25383.75,25381.25,25382.5,92,2.5,1.25,0,1.25,-1,,,,
MNQ DEC25,1s,1,2393,2025-11-13 09:59:54,25383.25,25383.25,25381,25381.75,66,2.25,1.5,0,0.75,-1,,,,
MNQ DEC25,1s,1,2394,2025-11-13 09:59:55,25381.75,25383.25,25380.25,25381,66,3,0.75,1.5,0.75,-1,,,,
MNQ DEC25,1s,1,2395,2025-11-13 09:59:56,25381.25,25386.25,25381,25381.5,228,5.25,0.25,4.75,0.25,1,,,,
MNQ DEC25,1s,1,2396,2025-11-13 09:59:57,25380.75,25381.5,25378.75,25380.75,144,2.75,0,0.75,2,0,,,,
MNQ DEC25,1s,1,2397,2025-11-13 09:59:58,25381,25383.25,25381,25382.25,92,2.25,1.25,1,0,1,,,,
MNQ DEC25,1s,1,2398,2025-11-13 09:59:59,25382,25382,25380.5,25381.5,80,1.5,0.5,0,1,-1,,,,
MNQ DEC25,1s,1,2399,2025-11-13 10:00:00,25381,25382.75,25380.25,25381.25,70,2.5,0.25,1.5,0.75,1,,,,
MNQ DEC25,10s,10,5639,2025-11-13 10:00:00,25386.75,25387.25,25378.75,25381.25,1089,8.5,5.5,0.5,2.5,-1,-209.95,100.6,96.75,42.17
MNQ DEC25,20s,20,5819,2025-11-13 10:00:00,25400.5,25400.5,25378.75,25381.25,1685,21.75,19.25,0,2.5,-1,-756.9,116.1,0.08333333,-124.69
MNQ DEC25,1s,1,2400,2025-11-13 10:00:01,25382,25384,25379.75,25382.5,551,4.25,0.5,1.5,2.25,1,,,,
MNQ DEC25,1s,1,2401,2025-11-13 10:00:02,25382.75,25386.25,25379.25,25385.5,320,7,2.75,0.75,3.5,1,,,,
MNQ DEC25,1s,1,2402,2025-11-13 10:00:03,25385.75,25390.25,25383.5,25384,249,6.75,1.75,4.5,0.5,-1,,,,
MNQ DEC25,1s,1,2403,2025-11-13 10:00:04,25384.25,25386.5,25382.75,25385.5,119,3.75,1.25,1,1.5,1,,,,
MNQ DEC25,1s,1,2404,2025-11-13 10:00:05,25384.5,25386.75,25381,25381,104,5.75,3.5,2.25,0,-1,,,,
MNQ DEC25,1s,1,2405,2025-11-13 10:00:06,25381,25387.25,25381,25386.5,214,6.25,5.5,0.75,0,1,,,,
MNQ DEC25,1s,1,2406,2025-11-13 10:00:07,25386.75,25389.25,25385.75,25386,116,3.5,0.75,2.5,0.25,-1,,,,
MNQ DEC25,1s,1,2407,2025-11-13 10:00:08,25386,25387.25,25383.5,25384.25,103,3.75,1.75,1.25,0.75,-1,,,,
MNQ DEC25,1s,1,2408,2025-11-13 10:00:09,25384.75,25386.75,25380.25,25386.75,201,6.5,2,0,4.5,1,,,,
MNQ DEC25,1s,1,2409,2025-11-13 10:00:10,25387.25,25388.75,25385.5,25386.25,70,3.25,1,1.5,0.75,-1,,,,
MNQ DEC25,10s,10,5640,2025-11-13 10:00:10,25382,25390.25,25379.25,25386.25,2047,11,4.25,4,2.75,1,32.25,242.2,121.51666667,106.81
MNQ DEC25,1s,1,2410,2025-11-13 10:00:11,25386,25387.25,25384,25384.75,97,3.25,1.25,1.25,0.75,-1,,,,
MNQ DEC25,1s,1,2411,2025-11-13 10:00:12,25384,25394.25,25383.5,25393.5,176,10.75,9.5,0.75,0.5,1,,,,
MNQ DEC25,1s,1,2412,2025-11-13 10:00:13,25394,25398,25393.25,25395.75,198,4.75,1.75,2.25,0.75,1,,,,
MNQ DEC25,1s,1,2413,2025-11-13 10:00:14,25396,25404.25,25395.25,25401.75,539,9,5.75,2.5,0.75,1,,,,
MNQ DEC25,1s,1,2414,2025-11-13 10:00:15,25401.25,25402,25397.5,25401,156,4.5,0.25,0.75,3.5,-1,,,,
MNQ DEC25,1s,1,2415,2025-11-13 10:00:16,25400.75,25405,25399.75,25405,152,5.25,4.25,0,1,1,,,,
MNQ DEC25,1s,1,2416,2025-11-13 10:00:17,25404.25,25404.75,25403,25404.5,118,1.75,0.25,0.25,1.25,1,,,,
MNQ DEC25,1s,1,2417,2025-11-13 10:00:18,25405,25405,25401,25401.25,150,4,3.75,0,0.25,-1,,,,
MNQ DEC25,1s,1,2418,2025-11-13 10:00:19,25401.5,25402,25399,25400,84,3,1.5,0.5,1,-1,,,,
MNQ DEC25,1s,1,2419,2025-11-13 10:00:20,25400,25404.75,25399.75,25404.25,111,5,4.25,0.5,0.25,1,,,,
MNQ DEC25,10s,10,5641,2025-11-13 10:00:20,25386,25405,25383.5,25404.25,1781,21.5,18.25,0.75,2.5,1,195.1,162.85,168.55,139.06
MNQ DEC25,20s,20,5820,2025-11-13 10:00:20,25382,25405,25379.25,25404.25,3828,25.75,22.25,0.75,2.75,1,-445.65,311.25,181.26666667,-73.8
MNQ DEC25,1s,1,2420,2025-11-13 10:00:21,25404.25,25407.5,25403.25,25404.75,263,4.25,0.5,2.75,1,1,,,,
MNQ DEC25,1s,1,2421,2025-11-13 10:00:22,25405.5,25406.5,25404,25405.25,103,2.5,0.25,1,1.25,-1,,,,
MNQ DEC25,1s,1,2422,2025-11-13 10:00:23,25406,25410,25406,25409,179,4,3,1,0,1,,,,
MNQ DEC25,1s,1,2423,2025-11-13 10:00:24,25409.5,25411.75,25407.75,25409.25,207,4,0.25,2.25,1.5,-1,,,,
MNQ DEC25,1s,1,2424,2025-11-13 10:00:25,25409.5,25413.75,25408.75,25409.75,295,5,0.25,4,0.75,1,,,,
MNQ DEC25,1s,1,2425,2025-11-13 10:00:26,25408.5,25410.25,25402,25403,174,8.25,5.5,1.75,1,-1,,,,
MNQ DEC25,1s,1,2426,2025-11-13 10:00:27,25403.5,25404.25,25399.5,25399.75,193,4.75,3.75,0.75,0.25,-1,,,,
MNQ DEC25,1s,1,2427,2025-11-13 10:00:28,25399.75,25401,25397.25,25397.25,131,3.75,2.5,1.25,0,-1,,,,
MNQ DEC25,1s,1,2428,2025-11-13 10:00:29,25397.25,25400.5,25395,25400.5,150,5.5,3.25,0,2.25,1,,,,
MNQ DEC25,1s,1,2429,2025-11-13 10:00:30,25400,25401.25,25399,25401.25,60,2.25,1.25,0,1,1,,,,
MNQ DEC25,10s,10,5642,2025-11-13 10:00:30,25404.25,25413.75,25395,25401.25,1755,18.75,3,9.5,6.25,-1,408.85,213.75,206.26666667,148.23
MNQ DEC25,1s,1,2430,2025-11-13 10:00:31,25400.75,25400.75,25394.5,25396,102,6.25,4.75,0,1.5,-1,,,,
MNQ DEC25,1s,1,2431,2025-11-13 10:00:32,25395.5,25395.75,25391,25392,128,4.75,3.5,0.25,1,-1,,,,
MNQ DEC25,1s,1,2432,2025-11-13 10:00:33,25391.5,25392,25388.5,25388.5,135,3.5,3,0.5,0,-1,,,,
MNQ DEC25,1s,1,2433,2025-11-13 10:00:34,25389.25,25395.5,25389.25,25395,97,6.25,5.75,0.5,0,1,,,,
MNQ DEC25,1s,1,2434,2025-11-13 10:00:35,25394.5,25399.75,25394,25398.75,59,5.75,4.25,1,0.5,1,,,,
MNQ DEC25,1s,1,2435,2025-11-13 10:00:36,25399.75,25399.75,25396,25396.75,61,3.75,3,0,0.75,-1,,,,
MNQ DEC25,1s,1,2436,2025-11-13 10:00:37,25397,25399.75,25397,25397.75,60,2.75,0.75,2,0,1,,,,
MNQ DEC25,1s,1,2437,2025-11-13 10:00:38,25397.5,25398.25,25393,25395.5,137,5.25,2,0.75,2.5,-1,,,,
MNQ DEC25,1s,1,2438,2025-11-13 10:00:39,25395.75,25396.75,25393.5,25395.25,59,3.25,0.5,1,1.75,-1,,,,
MNQ DEC25,1s,1,2439,2025-11-13 10:00:40,25394.5,25398.25,25393.75,25396.75,97,4.5,2.25,1.5,0.75,1,,,,
MNQ DEC25,10s,10,5643,2025-11-13 10:00:40,25400.75,25400.75,25388.5,25396.75,935,12.25,4,0,8.25,-1,520.75,111.9,162.83333333,166.26
MNQ DEC25,20s,20,5821,2025-11-13 10:00:40,25404.25,25413.75,25388.5,25396.75,2690,25.25,7.5,9.5,8.25,-1,-182.35,263.3,230.21666667,114.96
MNQ DEC25,1s,1,2440,2025-11-13 10:00:41,25397,25399.75,25396.5,25398.25,43,3.25,1.25,1.5,0.5,1,,,,
MNQ DEC25,1s,1,2441,2025-11-13 10:00:42,25398,25398,25392,25392.75,70,6,5.25,0,0.75,-1,,,,
MNQ DEC25,1s,1,2442,2025-11-13 10:00:43,25393.5,25395,25389.75,25390.5,147,5.25,3,1.5,0.75,-1,,,,
MNQ DEC25,1s,1,2443,2025-11-13 10:00:44,25391,25391.25,25388,25389.5,82,3.25,1.5,0.25,1.5,-1,,,,
MNQ DEC25,1s,1,2444,2025-11-13 10:00:45,25389.5,25395.25,25389.25,25393.75,122,6,4.25,1.5,0.25,1,,,,
MNQ DEC25,1s,1,2445,2025-11-13 10:00:46,25393.5,25394.5,25392.5,25393,98,2,0.5,1,0.5,-1,,,,
MNQ DEC25,1s,1,2446,2025-11-13 10:00:47,25393.25,25394.25,25390.5,25393.75,92,3.75,0.5,0.5,2.75,1,,,,
MNQ DEC25,1s,1,2447,2025-11-13 10:00:48,25394,25394.5,25392,25393.5,59,2.5,0.5,0.5,1.5,-1,,,,
MNQ DEC25,1s,1,2448,2025-11-13 10:00:49,25392.75,25395.5,25392.25,25395.25,61,3.25,2.5,0.25,0.5,1,,,,
MNQ DEC25,1s,1,2449,2025-11-13 10:00:50,25395,25396.5,25394,25394.5,37,2.5,0.5,1.5,0.5,-1,,,,
MNQ DEC25,10s,10,5644,2025-11-13 10:00:50,25397,25399.75,25388,25394.5,811,11.75,2.5,2.75,6.5,-1,480.65,-40.1,95.18333333,138.12
MNQ DEC25,1s,1,2450,2025-11-13 10:00:51,25394.25,25397,25393.5,25394.5,52,3.5,0.25,2.5,0.75,1,,,,
MNQ DEC25,1s,1,2451,2025-11-13 10:00:52,25394,25394,25389,25389.75,127,5,4.25,0,0.75,-1,,,,
MNQ DEC25,1s,1,2452,2025-11-13 10:00:53,25389.5,25392.25,25389.25,25390.5,101,3,1,1.75,0.25,1,,,,
MNQ DEC25,1s,1,2453,2025-11-13 10:00:54,25389.25,25393.75,25388.25,25392.25,83,5.5,3,1.5,1,1,,,,
MNQ DEC25,1s,1,2454,2025-11-13 10:00:55,25392.75,25398.5,25392.75,25394.75,128,5.75,2,3.75,0,1,,,,
MNQ DEC25,1s,1,2455,2025-11-13 10:00:56,25395,25396.75,25393.75,25396.25,47,3,1.25,0.5,1.25,1,,,,
MNQ DEC25,1s,1,2456,2025-11-13 10:00:57,25396.25,25399,25395.5,25398.25,33,3.5,2,0.75,0.75,1,,,,
MNQ DEC25,1s,1,2457,2025-11-13 10:00:58,25398.5,25399.5,25396.25,25396.25,47,3.25,2.25,1,0,-1,,,,
MNQ DEC25,1s,1,2458,2025-11-13 10:00:59,25396,25397,25395,25395.5,38,2,0.5,1,0.5,-1,,,,
MNQ DEC25,1s,1,2459,2025-11-13 10:01:00,25396.25,25398.5,25396.25,25397,30,2.25,0.75,1.5,0,1,,,,
MNQ DEC25,10s,10,5645,2025-11-13 10:01:00,25394.25,25399.5,25388.25,25397,686,11.25,2.75,2.5,6,1,239.2,-241.45,-56.55,41.39
MNQ DEC25,20s,20,5822,2025-11-13 10:01:00,25397,25399.75,25388,25397,1497,11.75,0,2.75,9,0,-49.4,132.95,235.83333333,188.01
MNQ DEC25,1s,1,2460,2025-11-13 10:01:01,25396.75,25398.5,25394.75,25397,136,3.75,0.25,1.5,2,1,,,,
MNQ DEC25,1s,1,2461,2025-11-13 10:01:02,25397.5,25400,25392.25,25394,204,7.75,3.5,2.5,1.75,-1,,,,
MNQ DEC25,1s,1,2462,2025-11-13 10:01:03,25393.75,25394,25384,25385.5,264,10,8.25,0.25,1.5,-1,,,,
MNQ DEC25,1s,1,2463,2025-11-13 10:01:04,25385.5,25389.75,25384,25389.75,134,5.75,4.25,0,1.5,1,,,,
MNQ DEC25,1s,1,2464,2025-11-13 10:01:05,25389.5,25389.75,25386,25386.75,74,3.75,2.75,0.25,0.75,-1,,,,
MNQ DEC25,1s,1,2465,2025-11-13 10:01:06,25386.5,25389.75,25386.5,25387.75,62,3.25,1.25,2,0,1,,,,
MNQ DEC25,1s,1,2466,2025-11-13 10:01:07,25386.5,25389,25385.75,25388.5,67,3.25,2,0.5,0.75,1,,,,
MNQ DEC25,1s,1,2467,2025-11-13 10:01:08,25387.25,25391.25,25387.25,25388.5,74,4,1.25,2.75,0,1,,,,
MNQ DEC25,1s,1,2468,2025-11-13 10:01:09,25388.75,25388.75,25385.75,25386.25,96,3,2.5,0,0.5,-1,,,,
MNQ DEC25,1s,1,2469,2025-11-13 10:01:10,25386.25,25386.25,25382.5,25382.5,127,3.75,3.75,0,0,-1,,,,
MNQ DEC25,10s,10,5646,2025-11-13 10:01:10,25396.75,25400,25382.5,25382.5,1238,17.5,14.25,3.25,0,-1,116.8,-122.4,-134.65,-15.66
MNQ DEC25,1s,1,2470,2025-11-13 10:01:11,25382.25,25383,25376,25381,453,7,1.25,0.75,5,-1,,,,
MNQ DEC25,1s,1,2471,2025-11-13 10:01:12,25380.25,25383.25,25378,25382.25,181,5.25,2,1,2.25,1,,,,
MNQ DEC25,1s,1,2472,2025-11-13 10:01:13,25382.5,25383.5,25378.25,25379.25,132,5.25,3.25,1,1,-1,,,,
MNQ DEC25,1s,1,2473,2025-11-13 10:01:14,25379.75,25383.75,25379.25,25382,112,4.5,2.25,1.75,0.5,1,,,,
MNQ DEC25,1s,1,2474,2025-11-13 10:01:15,25382.25,25382.75,25380,25381.25,167,2.75,1,0.5,1.25,-1,,,,
MNQ DEC25,1s,1,2475,2025-11-13 10:01:16,25382.25,25383.25,25375.5,25378.75,255,7.75,3.5,1,3.25,-1,,,,
MNQ DEC25,1s,1,2476,2025-11-13 10:01:17,25378.75,25379,25375.25,25375.25,105,3.75,3.5,0.25,0,-1,,,,
MNQ DEC25,1s,1,2477,2025-11-13 10:01:18,25375,25378.75,25374.5,25377.25,224,4.25,2.25,1.5,0.5,1,,,,
MNQ DEC25,1s,1,2478,2025-11-13 10:01:19,25377.75,25379,25372.5,25372.75,262,6.5,5,1.25,0.25,-1,,,,
MNQ DEC25,1s,1,2479,2025-11-13 10:01:20,25372.75,25379.25,25372.75,25379.25,260,6.5,6.5,0,0,1,,,,
MNQ DEC25,10s,10,5647,2025-11-13 10:01:20,25382.25,25383.75,25372.5,25379.25,2151,11.25,3,1.5,6.75,-1,129.65,12.85,-117,-55.84
MNQ DEC25,20s,20,5823,2025-11-13 10:01:20,25396.75,25400,25372.5,25379.25,3389,27.5,17.5,3.25,6.75,-1,173.15,222.55,206.26666667,209.23
MNQ DEC25,1s,1,2480,2025-11-13 10:01:21,25379.25,25383.25,25378.25,25378.75,227,5,0.5,4,0.5,-1,,,,
MNQ DEC25,1s,1,2481,2025-11-13 10:01:22,25380,25380.25,25376.75,25376.75,88,3.5,3.25,0.25,0,-1,,,,
MNQ DEC25,1s,1,2482,2025-11-13 10:01:23,25377.5,25378.75,25373.75,25376.25,101,5,1.25,1.25,2.5,-1,,,,
MNQ DEC25,1s,1,2483,2025-11-13 10:01:24,25376.75,25378.75,25376.25,25377.25,92,2.5,0.5,1.5,0.5,1,,,,
MNQ DEC25,1s,1,2484,2025-11-13 10:01:25,25377.25,25381.75,25377.25,25379.5,187,4.5,2.25,2.25,0,1,,,,
MNQ DEC25,1s,1,2485,2025-11-13 10:01:26,25379.25,25381.5,25375.75,25376.75,122,5.75,2.5,2.25,1,-1,,,,
MNQ DEC25,1s,1,2486,2025-11-13 10:01:27,25377.5,25379.25,25377.5,25378.75,60,1.75,1.25,0.5,0,1,,,,
MNQ DEC25,1s,1,2487,2025-11-13 10:01:28,25376.75,25380,25376.75,25378.75,71,3.25,2,1.25,0,1,,,,
MNQ DEC25,1s,1,2488,2025-11-13 10:01:29,25377.75,25377.75,25370,25371.75,272,7.75,6,0,1.75,-1,,,,
MNQ DEC25,1s,1,2489,2025-11-13 10:01:30,25372.25,25376.5,25372,25375.75,138,4.5,3.5,0.75,0.25,1,,,,
MNQ DEC25,10s,10,5648,2025-11-13 10:01:30,25379.25,25383.25,25370,25375.75,1358,13.25,3.5,4,5.75,-1,193.2,63.55,-15.33333333,-65.51
MNQ DEC25,1s,1,2490,2025-11-13 10:01:31,25375.5,25375.5,25371.5,25374.5,136,4,1,0,3,-1,,,,
MNQ DEC25,1s,1,2491,2025-11-13 10:01:32,25374.5,25374.75,25371.25,25371.25,139,3.5,3.25,0.25,0,-1,,,,
MNQ DEC25,1s,1,2492,2025-11-13 10:01:33,25371.5,25373.25,25369.25,25371.25,218,4,0.25,1.75,2,-1,,,,
MNQ DEC25,1s,1,2493,2025-11-13 10:01:34,25371.25,25372.75,25370.25,25371.5,84,2.5,0.25,1.25,1,1,,,,
MNQ DEC25,1s,1,2494,2025-11-13 10:01:35,25372,25373.5,25370.75,25372.25,90,2.75,0.25,1.25,1.25,1,,,,
MNQ DEC25,1s,1,2495,2025-11-13 10:01:36,25372.75,25372.75,25369.75,25370.75,103,3,2,0,1,-1,,,,
MNQ DEC25,1s,1,2496,2025-11-13 10:01:37,25370.75,25372.5,25367,25372.5,245,5.5,1.75,0,3.75,1,,,,
MNQ DEC25,1s,1,2497,2025-11-13 10:01:38,25372.25,25372.25,25367.5,25369.5,169,4.75,2.75,0,2,-1,,,,
MNQ DEC25,1s,1,2498,2025-11-13 10:01:39,25369,25372,25368,25368.75,106,4,0.25,3,0.75,-1,,,,
MNQ DEC25,1s,1,2499,2025-11-13 10:01:40,25369.5,25370.25,25364,25365.5,296,6.25,4,0.75,1.5,-1,,,,
MNQ DEC25,10s,10,5649,2025-11-13 10:01:40,25375.5,25375.5,25364,25365.5,1586,11.5,10,0,1.5,-1,295.25,102.05,59.48333333,-37.08
MNQ DEC25,20s,20,5824,2025-11-13 10:01:40,25379.25,25383.25,25364,25365.5,2944,19.25,13.75,4,1.5,-1,434.6,261.45,205.65,238.3
MNQ DEC25,1s,1,2500,2025-11-13 10:01:41,25365,25366.75,25364.25,25364.25,131,2.5,0.75,1.75,0,-1,,,,
MNQ DEC25,1s,1,2501,2025-11-13 10:01:42,25364.25,25366,25362,25362.5,218,4,1.75,1.75,0.5,-1,,,,
MNQ DEC25,1s,1,2502,2025-11-13 10:01:43,25363,25364.25,25361.25,25361.25,126,3,1.75,1.25,0,-1,,,,
MNQ DEC25,1s,1,2503,2025-11-13 10:01:44,25361.25,25363.75,25361,25361.75,159,2.75,0.5,2,0.25,1,,,,
MNQ DEC25,1s,1,2504,2025-11-13 10:01:45,25361,25367,25360.5,25365.5,197,6.5,4.5,1.5,0.5,1,,,,
MNQ DEC25,1s,1,2505,2025-11-13 10:01:46,25365,25366.75,25364.25,25365.75,111,2.5,0.75,1,0.75,1,,,,
MNQ DEC25,1s,1,2506,2025-11-13 10:01:47,25365.25,25366.75,25364,25365.75,99,2.75,0.5,1,1.25,1,,,,
MNQ DEC25,1s,1,2507,2025-11-13 10:01:48,25364.75,25368.5,25364,25368.5,214,4.5,3.75,0,0.75,1,,,,
MNQ DEC25,1s,1,2508,2025-11-13 10:01:49,25368.5,25371,25366,25366,162,5,2.5,2.5,0,-1,,,,
MNQ DEC25,1s,1,2509,2025-11-13 10:01:50,25366.25,25367.5,25365.25,25365.25,96,2.25,1,1.25,0,-1,,,,
MNQ DEC25,10s,10,5650,2025-11-13 10:01:50,25365,25371,25360.5,25365.25,1513,10.5,0.25,5.75,4.5,1,439.75,144.5,103.36666667,40.11
MNQ DEC25,1s,1,2510,2025-11-13 10:01:51,25365.75,25366.75,25363.5,25366.25,107,3.25,0.5,0.5,2.25,1,,,,
MNQ DEC25,1s,1,2511,2025-11-13 10:01:52,25366.25,25366.25,25363.75,25365,58,2.5,1.25,0,1.25,-1,,,,
MNQ DEC25,1s,1,2512,2025-11-13 10:01:53,25364.75,25365.5,25361.25,25362,117,4.25,2.75,0.75,0.75,-1,,,,
MNQ DEC25,1s,1,2513,2025-11-13 10:01:54,25362.75,25371.5,25362,25371.25,180,9.5,8.5,0.25,0.75,1,,,,
MNQ DEC25,1s,1,2514,2025-11-13 10:01:55,25371.25,25374,25369.25,25370,227,4.75,1.25,2.75,0.75,-1,,,,
MNQ DEC25,1s,1,2515,2025-11-13 10:01:56,25370.75,25373.75,25370.25,25371.75,132,3.5,1,2,0.5,1,,,,
MNQ DEC25,1s,1,2516,2025-11-13 10:01:57,25372,25372.75,25368.25,25372.5,169,4.5,0.5,0.25,3.75,1,,,,
MNQ DEC25,1s,1,2517,2025-11-13 10:01:58,25372.5,25372.75,25369.25,25370,53,3.5,2.5,0.25,0.75,-1,,,,
MNQ DEC25,1s,1,2518,2025-11-13 10:01:59,25369.5,25369.5,25367,25367.25,80,2.5,2.25,0,0.25,-1,,,,
MNQ DEC25,1s,1,2519,2025-11-13 10:02:00,25367.25,25369.25,25366.5,25367.25,81,2.75,0,2,0.75,0,,,,
MNQ DEC25,10s,10,5651,2025-11-13 10:02:00,25365.75,25374,25361.25,25367.25,1204,12.75,1.5,6.75,4.5,1,416.9,-22.85,74.56666667,60.02
MNQ DEC25,20s,20,5825,2025-11-13 10:02:00,25365,25374,25360.5,25367.25,2717,13.5,2.25,6.75,4.5,1,238.6,-196,96,136.85
MNQ DEC25,1s,1,2520,2025-11-13 10:02:01,25368,25369.5,25365,25367,138,4.5,1,1.5,2,-1,,,,
MNQ DEC25,1s,1,2521,2025-11-13 10:02:02,25366.75,25368.25,25363.75,25364,75,4.5,2.75,1.5,0.25,-1,,,,
MNQ DEC25,1s,1,2522,2025-11-13 10:02:03,25363.5,25366.25,25362.75,25364.5,91,3.5,1,1.75,0.75,1,,,,
MNQ DEC25,1s,1,2523,2025-11-13 10:02:04,25365.25,25365.25,25359.75,25360.75,234,5.5,4.5,0,1,-1,,,,
MNQ DEC25,1s,1,2524,2025-11-13 10:02:05,25360.75,25366,25360.75,25366,137,5.25,5.25,0,0,1,,,,
MNQ DEC25,1s,1,2525,2025-11-13 10:02:06,25366.5,25368,25364.75,25365.5,84,3.25,1,1.5,0.75,-1,,,,
MNQ DEC25,1s,1,2526,2025-11-13 10:02:07,25366.75,25371,25365.75,25369.25,143,5.25,2.5,1.75,1,1,,,,
MNQ DEC25,1s,1,2527,2025-11-13 10:02:08,25369.5,25371.5,25366.75,25367,124,4.75,2.5,2,0.25,-1,,,,
MNQ DEC25,1s,1,2528,2025-11-13 10:02:09,25367.5,25367.5,25364.5,25365,106,3,2.5,0,0.5,-1,,,,
MNQ DEC25,1s,1,2529,2025-11-13 10:02:10,25364.75,25370.75,25364.5,25369.25,74,6.25,4.5,1.5,0.25,1,,,,
MNQ DEC25,10s,10,5652,2025-11-13 10:02:10,25368,25371.5,25359.75,25369.25,1206,11.75,1.25,2.25,8.25,1,199.9,-217,-31.78333333,14.05
MNQ DEC25,1s,1,2530,2025-11-13 10:02:11,25369.25,25371,25368,25369,127,3,0.25,1.75,1,-1,,,,
MNQ DEC25,1s,1,2531,2025-11-13 10:02:12,25368.75,25369,25366.75,25366.75,88,2.25,2,0.25,0,-1,,,,
MNQ DEC25,1s,1,2532,2025-11-13 10:02:13,25366.5,25368.5,25365.25,25366,119,3.25,0.5,2,0.75,-1,,,,
MNQ DEC25,1s,1,2533,2025-11-13 10:02:14,25365.75,25366,25363,25363.5,67,3,2.25,0.25,0.5,-1,,,,
MNQ DEC25,1s,1,2534,2025-11-13 10:02:15,25363.75,25365.25,25361.5,25365,155,3.75,1.25,0.25,2.25,1,,,,
MNQ DEC25,1s,1,2535,2025-11-13 10:02:16,25366,25367.25,25364,25364.25,89,3.25,1.75,1.25,0.25,-1,,,,
MNQ DEC25,1s,1,2536,2025-11-13 10:02:17,25364,25367.25,25364,25365.75,40,3.25,1.75,1.5,0,1,,,,
MNQ DEC25,1s,1,2537,2025-11-13 10:02:18,25365.5,25367.5,25362.75,25362.75,57,4.75,2.75,2,0,-1,,,,
MNQ DEC25,1s,1,2538,2025-11-13 10:02:19,25362.75,25363.25,25359,25360.5,142,4.25,2.25,0.5,1.5,-1,,,,
MNQ DEC25,1s,1,2539,2025-11-13 10:02:20,25361,25366.5,25360.5,25363,234,6,2,3.5,0.5,1,,,,
MNQ DEC25,10s,10,5653,2025-11-13 10:02:20,25369.25,25371,25359,25363,1118,12,6.25,1.75,4,-1,125.2,-74.7,-104.85,-13.6
MNQ DEC25,20s,20,5826,2025-11-13 10:02:20,25368,25371.5,25359,25363,2324,12.5,5,3.5,4,-1,185.2,-53.4,4.01666667,73.51
MNQ DEC25,1s,1,2540,2025-11-13 10:02:21,25362.75,25365,25360.5,25360.5,126,4.5,2.25,2.25,0,-1,,,,
MNQ DEC25,1s,1,2541,2025-11-13 10:02:22,25361.5,25362.25,25356.5,25356.5,212,5.75,5,0.75,0,-1,,,,
MNQ DEC25,1s,1,2542,2025-11-13 10:02:23,25356.75,25359,25356.25,25356.75,144,2.75,0,2.25,0.5,0,,,,
MNQ DEC25,1s,1,2543,2025-11-13 10:02:24,25356.25,25357.75,25353.75,25357,269,4,0.75,0.75,2.5,1,,,,
MNQ DEC25,1s,1,2544,2025-11-13 10:02:25,25357,25357.75,25354.5,25355,103,3.25,2,0.75,0.5,-1,,,,
MNQ DEC25,1s,1,2545,2025-11-13 10:02:26,25355.5,25357,25354.5,25355.25,161,2.5,0.25,1.5,0.75,-1,,,,
MNQ DEC25,1s,1,2546,2025-11-13 10:02:27,25354.75,25356.5,25353,25353.75,124,3.5,1,1.75,0.75,-1,,,,
MNQ DEC25,1s,1,2547,2025-11-13 10:02:28,25353.75,25354.25,25351,25352.75,232,3.25,1,0.5,1.75,-1,,,,
MNQ DEC25,1s,1,2548,2025-11-13 10:02:29,25352.75,25353.75,25350.75,25353.25,159,3,0.5,0.5,2,1,,,,
MNQ DEC25,1s,1,2549,2025-11-13 10:02:30,25353.5,25353.75,25351,25351.25,109,2.75,2.25,0.25,0.25,-1,,,,
MNQ DEC25,10s,10,5654,2025-11-13 10:02:30,25362.75,25365,25350.75,25351.25,1639,14.25,11.5,2.25,0.5,-1,78.35,-46.85,-112.85,-43.38
MNQ DEC25,1s,1,2550,2025-11-13 10:02:31,25351,25353.25,25350,25351.75,269,3.25,0.75,1.5,1,1,,,,
MNQ DEC25,1s,1,2551,2025-11-13 10:02:32,25352.5,25352.75,25350.5,25351,181,2.25,1.5,0.25,0.5,-1,,,,
MNQ DEC25,1s,1,2552,2025-11-13 10:02:33,25351,25351.5,25348,25349.5,193,3.5,1.5,0.5,1.5,-1,,,,
MNQ DEC25,1s,1,2553,2025-11-13 10:02:34,25350,25350.75,25345,25350.25,452,5.75,0.25,0.5,5,1,,,,
MNQ DEC25,1s,1,2554,2025-11-13 10:02:35,25350,25350.75,25346.75,25348,138,4,2,0.75,1.25,-1,,,,
MNQ DEC25,1s,1,2555,2025-11-13 10:02:36,25348.25,25348.25,25342.25,25343.75,264,6,4.5,0,1.5,-1,,,,
MNQ DEC25,1s,1,2556,2025-11-13 10:02:37,25343,25343.25,25340.25,25342.25,247,3,0.75,0.25,2,-1,,,,
MNQ DEC25,1s,1,2557,2025-11-13 10:02:38,25342,25345.5,25341,25344.75,248,4.5,2.75,0.75,1,1,,,,
MNQ DEC25,1s,1,2558,2025-11-13 10:02:39,25345,25345.75,25342.75,25343.75,115,3,1.25,0.75,1,-1,,,,
MNQ DEC25,1s,1,2559,2025-11-13 10:02:40,25344,25345.25,25342.5,25344,103,2.75,0,1.25,1.5,0,,,,
MNQ DEC25,10s,10,5655,2025-11-13 10:02:40,25351,25353.25,25340.25,25344,2210,13,7,2.25,3.75,-1,138.6,60.25,-20.43333333,-60.23
MNQ DEC25,20s,20,5827,2025-11-13 10:02:40,25362.75,25365,25340.25,25344,3849,24.75,18.75,2.25,3.75,-1,560,374.8,41.8,121.88
MNQ DEC25,1s,1,2560,2025-11-13 10:02:41,25343.5,25344,25341.75,25343.5,108,2.25,0,0.5,1.75,0,,,,
MNQ DEC25,1s,1,2561,2025-11-13 10:02:42,25343.25,25347.5,25342.75,25346.5,158,4.75,3.25,1,0.5,1,,,,
MNQ DEC25,1s,1,2562,2025-11-13 10:02:43,25346.5,25353.25,25346.5,25350.5,247,6.75,4,2.75,0,1,,,,
MNQ DEC25,1s,1,2563,2025-11-13 10:02:44,25351,25354,25351,25352.25,167,3,1.25,1.75,0,1,,,,
MNQ DEC25,1s,1,2564,2025-11-13 10:02:45,25352,25352.75,25348.25,25349.25,122,4.5,2.75,0.75,1,-1,,,,
MNQ DEC25,1s,1,2565,2025-11-13 10:02:46,25349.5,25351.5,25349.5,25350.75,100,2,1.25,0.75,0,1,,,,
MNQ DEC25,1s,1,2566,2025-11-13 10:02:47,25350.25,25351.5,25348.75,25348.75,71,2.75,1.5,1.25,0,-1,,,,
MNQ DEC25,1s,1,2567,2025-11-13 10:02:48,25350.25,25352.25,25349.5,25351,46,2.75,0.75,1.25,0.75,1,,,,
MNQ DEC25,1s,1,2568,2025-11-13 10:02:49,25350.5,25351,25347.75,25347.75,85,3.25,2.75,0.5,0,-1,,,,
MNQ DEC25,1s,1,2569,2025-11-13 10:02:50,25347.5,25349.75,25346.75,25348.75,55,3,1.25,1,0.75,1,,,,
MNQ DEC25,10s,10,5656,2025-11-13 10:02:50,25343.5,25354,25341.75,25348.75,1159,12.25,5.25,5.25,1.75,1,110.4,-28.2,-4.93333333,-61.3
MNQ DEC25,1s,1,2570,2025-11-13 10:02:51,25349,25349.75,25346.25,25346.25,82,3.5,2.75,0.75,0,-1,,,,
MNQ DEC25,1s,1,2571,2025-11-13 10:02:52,25346.5,25348,25344.25,25344.25,45,3.75,2.25,1.5,0,-1,,,,
MNQ DEC25,1s,1,2572,2025-11-13 10:02:53,25345.5,25346.5,25345,25345,51,1.5,0.5,1,0,-1,,,,
MNQ DEC25,1s,1,2573,2025-11-13 10:02:54,25346.5,25346.5,25343.5,25343.75,69,3,2.75,0,0.25,-1,,,,
MNQ DEC25,1s,1,2574,2025-11-13 10:02:55,25343.75,25344.25,25342.25,25343.75,74,2,0,0.5,1.5,0,,,,
MNQ DEC25,1s,1,2575,2025-11-13 10:02:56,25344,25344.25,25342,25343.25,79,2.25,0.75,0.25,1.25,-1,,,,
MNQ DEC25,1s,1,2576,2025-11-13 10:02:57,25342.5,25342.5,25340,25341.5,151,2.5,1,0,1.5,-1,,,,
MNQ DEC25,1s,1,2577,2025-11-13 10:02:58,25341.75,25342.5,25340.25,25341,106,2.25,0.75,0.75,0.75,-1,,,,
MNQ DEC25,1s,1,2578,2025-11-13 10:02:59,25341.5,25343.25,25340.75,25342.25,103,2.5,0.75,1,0.75,1,,,,
MNQ DEC25,1s,1,2579,2025-11-13 10:03:00,25342,25342.75,25341,25341.5,101,1.75,0.5,0.75,0.5,-1,,,,
MNQ DEC25,10s,10,5657,2025-11-13 10:03:00,25349,25349.75,25340,25341.5,861,9.75,7.5,0.75,1.5,-1,50.25,-60.15,-9.36666667,-29.93
MNQ DEC25,20s,20,5828,2025-11-13 10:03:00,25343.5,25354,25340,25341.5,2020,14,2,10.5,1.5,-1,388.55,-171.45,49.98333333,43.08
MNQ DEC25,1s,1,2580,2025-11-13 10:03:01,25341.5,25344.25,25338.75,25342.5,398,5.5,1,1.75,2.75,1,,,,
MNQ DEC25,1s,1,2581,2025-11-13 10:03:02,25343,25347.5,25342,25345.25,256,5.5,2.25,2.25,1,1,,,,
MNQ DEC25,1s,1,2582,2025-11-13 10:03:03,25345.5,25346.25,25343.75,25346,162,2.5,0.5,0.25,1.75,1,,,,
MNQ DEC25,1s,1,2583,2025-11-13 10:03:04,25346.25,25347.5,25343,25343.75,85,4.5,2.5,1.25,0.75,-1,,,,
MNQ DEC25,1s,1,2584,2025-11-13 10:03:05,25343.5,25344.25,25342,25342.75,78,2.25,0.75,0.75,0.75,-1,,,,
MNQ DEC25,1s,1,2585,2025-11-13 10:03:06,25342.75,25344.5,25341.25,25343.5,131,3.25,0.75,1,1.5,1,,,,
MNQ DEC25,1s,1,2586,2025-11-13 10:03:07,25342.75,25345.5,25342.25,25345.5,60,3.25,2.75,0,0.5,1,,,,
MNQ DEC25,1s,1,2587,2025-11-13 10:03:08,25345.25,25351,25345.25,25349.5,191,5.75,4.25,1.5,0,1,,,,
MNQ DEC25,1s,1,2588,2025-11-13 10:03:09,25350.25,25353.25,25349.5,25353,222,3.75,2.75,0.25,0.75,1,,,,
MNQ DEC25,1s,1,2589,2025-11-13 10:03:10,25353.5,25357,25352.5,25356.5,295,4.5,3,0.5,1,1,,,,
MNQ DEC25,10s,10,5658,2025-11-13 10:03:10,25341.5,25357,25338.75,25356.5,1878,18.25,15,0.5,2.75,1,138.15,87.9,-0.15,2.59
MNQ DEC25,1s,1,2590,2025-11-13 10:03:11,25356,25356.25,25353.25,25354,144,3,2,0.25,0.75,-1,,,,
MNQ DEC25,1s,1,2591,2025-11-13 10:03:12,25353,25353,25350,25351.5,195,3,1.5,0,1.5,-1,,,,
MNQ DEC25,1s,1,2592,2025-11-13 10:03:13,25350.5,25351.5,25349.75,25351,50,1.75,0.5,0.5,0.75,1,,,,
MNQ DEC25,1s,1,2593,2025-11-13 10:03:14,25350.25,25351.25,25347.25,25347.75,94,4,2.5,1,0.5,-1,,,,
MNQ DEC25,1s,1,2594,2025-11-13 10:03:15,25347.75,25348,25344,25345.25,117,4,2.5,0.25,1.25,-1,,,,
MNQ DEC25,1s,1,2595,2025-11-13 10:03:16,25344.75,25345.5,25343.25,25343.25,96,2.25,1.5,0.75,0,-1,,,,
MNQ DEC25,1s,1,2596,2025-11-13 10:03:17,25344.75,25346.5,25344.75,25345.25,58,1.75,0.5,1.25,0,1,,,,
MNQ DEC25,1s,1,2597,2025-11-13 10:03:18,25344.75,25351.5,25344.75,25349.75,79,6.75,5,1.75,0,1,,,,
MNQ DEC25,1s,1,2598,2025-11-13 10:03:19,25349.25,25349.75,25348,25349.75,66,1.75,0.5,0,1.25,1,,,,
MNQ DEC25,1s,1,2599,2025-11-13 10:03:20,25350.25,25350.5,25349,25349.25,31,1.5,1,0.25,0.25,-1,,,,
MNQ DEC25,10s,10,5659,2025-11-13 10:03:20,25356,25356.25,25343.25,25349.25,930,13,6.75,0.25,6,-1,4.3,-133.85,-35.36666667,-14.81
MNQ DEC25,20s,20,5829,2025-11-13 10:03:20,25341.5,25357,25338.75,25349.25,2808,18.25,7.75,7.75,2.75,1,305.35,-83.2,40.05,-25.85
MNQ DEC25,1s,1,2600,2025-11-13 10:03:21,25350.25,25351.25,25349,25351,80,2.25,0.75,0.25,1.25,1,,,,
MNQ DEC25,1s,1,2601,2025-11-13 10:03:22,25351,25355,25350.75,25354.5,143,4.25,3.5,0.5,0.25,1,,,,
MNQ DEC25,1s,1,2602,2025-11-13 10:03:23,25354.75,25355,25350.25,25350.25,95,4.75,4.5,0.25,0,-1,,,,
MNQ DEC25,1s,1,2603,2025-11-13 10:03:24,25350.75,25350.75,25347.75,25348.75,64,3,2,0,1,-1,,,,
MNQ DEC25,1s,1,2604,2025-11-13 10:03:25,25348.75,25350,25348,25348.5,29,2,0.25,1.25,0.5,-1,,,,
MNQ DEC25,1s,1,2605,2025-11-13 10:03:26,25347.75,25348,25343.75,25344.25,84,4.25,3.5,0.25,0.5,-1,,,,
MNQ DEC25,1s,1,2606,2025-11-13 10:03:27,25344,25346.25,25343.5,25346,80,2.75,2,0.25,0.5,1,,,,
MNQ DEC25,1s,1,2607,2025-11-13 10:03:28,25345,25347.75,25344.75,25347.75,65,3,2.75,0,0.25,1,,,,
MNQ DEC25,1s,1,2608,2025-11-13 10:03:29,25347.5,25347.5,25345,25345.75,47,2.5,1.75,0,0.75,-1,,,,
MNQ DEC25,1s,1,2609,2025-11-13 10:03:30,25346.25,25346.25,25343.5,25343.75,37,2.75,2.5,0,0.25,-1,,,,
MNQ DEC25,10s,10,5660,2025-11-13 10:03:30,25350.25,25355,25343.5,25343.75,724,11.5,6.5,4.75,0.25,-1,-226.75,-231.05,-92.33333333,-73.07
MNQ DEC25,1s,1,2610,2025-11-13 10:03:31,25344.25,25344.5,25341,25344.25,88,3.5,0,0.25,3.25,0,,,,
MNQ DEC25,1s,1,2611,2025-11-13 10:03:32,25344.5,25345.5,25343.25,25345.5,63,2.25,1,0,1.25,1,,,,
MNQ DEC25,1s,1,2612,2025-11-13 10:03:33,25345.25,25353,25344.75,25352.75,114,8.25,7.5,0.25,0.5,1,,,,
MNQ DEC25,1s,1,2613,2025-11-13 10:03:34,25352.25,25352.75,25351.25,25352.5,68,1.5,0.25,0.25,1,1,,,,
MNQ DEC25,1s,1,2614,2025-11-13 10:03:35,25352,25353,25350.5,25351,31,2.5,1,1,0.5,-1,,,,
MNQ DEC25,1s,1,2615,2025-11-13 10:03:36,25352,25353.75,25351.5,25352.5,82,2.25,0.5,1.25,0.5,1,,,,
MNQ DEC25,1s,1,2616,2025-11-13 10:03:37,25353.5,25353.75,25351.25,25352.5,46,2.5,1,0.25,1.25,-1,,,,
MNQ DEC25,1s,1,2617,2025-11-13 10:03:38,25352.5,25353,25351.5,25352.25,41,1.5,0.25,0.5,0.75,-1,,,,
MNQ DEC25,1s,1,2618,2025-11-13 10:03:39,25352,25354,25350.5,25352.5,63,3.5,0.5,1.5,1.5,1,,,,
MNQ DEC25,1s,1,2619,2025-11-13 10:03:40,25352.5,25355.25,25351.75,25354.5,106,3.5,2,0.75,0.75,1,,,,
MNQ DEC25,10s,10,5661,2025-11-13 10:03:40,25344.25,25355.25,25341,25354.5,702,14.25,10.25,0.75,3.25,1,-264.2,-37.45,-134.11666667,-74.92
MNQ DEC25,20s,20,5830,2025-11-13 10:03:40,25350.25,25355.25,25341,25354.5,1426,14.25,4.25,0.75,9.25,1,87.1,-218.25,-157.63333333,-30.3
MNQ DEC25,1s,1,2620,2025-11-13 10:03:41,25354.5,25356.25,25353,25355,73,3.25,0.5,1.25,1.5,1,,,,
MNQ DEC25,1s,1,2621,2025-11-13 10:03:42,25354.25,25355.25,25352.75,25355.25,55,2.5,1,0,1.5,1,,,,
MNQ DEC25,1s,1,2622,2025-11-13 10:03:43,25353.75,25355,25351.5,25352.25,112,3.5,1.5,1.25,0.75,-1,,,,
MNQ DEC25,1s,1,2623,2025-11-13 10:03:44,25351.75,25352.25,25350,25350.25,56,2.25,1.5,0.5,0.25,-1,,,,
MNQ DEC25,1s,1,2624,2025-11-13 10:03:45,25350,25351.75,25349.5,25351.25,55,2.25,1.25,0.5,0.5,1,,,,
MNQ DEC25,1s,1,2625,2025-11-13 10:03:46,25352,25353.25,25350.5,25351.75,62,2.75,0.25,1.25,1.25,-1,,,,
MNQ DEC25,1s,1,2626,2025-11-13 10:03:47,25351,25352,25349.5,25349.75,40,2.5,1.25,1,0.25,-1,,,,
MNQ DEC25,1s,1,2627,2025-11-13 10:03:48,25349.75,25351,25349.25,25351,59,1.75,1.25,0,0.5,1,,,,
MNQ DEC25,1s,1,2628,2025-11-13 10:03:49,25351,25352,25350,25351,42,2,0,1,1,0,,,,
MNQ DEC25,1s,1,2629,2025-11-13 10:03:50,25351,25352,25350.5,25351.25,40,1.5,0.25,0.75,0.5,1,,,,
MNQ DEC25,10s,10,5662,2025-11-13 10:03:50,25354.5,25356.25,25349.25,25351.25,594,7,3.25,1.75,2,-1,-259.55,4.65,-87.95,-61.96
MNQ DEC25,1s,1,2630,2025-11-13 10:03:51,25350.5,25350.5,25348,25348.5,60,2.5,2,0,0.5,-1,,,,
MNQ DEC25,1s,1,2631,2025-11-13 10:03:52,25348.5,25348.5,25345.75,25348.25,33,2.75,0.25,0,2.5,-1,,,,
MNQ DEC25,1s,1,2632,2025-11-13 10:03:53,25347.75,25348.25,25345,25345.75,43,3.25,2,0.5,0.75,-1,,,,
MNQ DEC25,1s,1,2633,2025-11-13 10:03:54,25346.5,25348.5,25346,25348.25,53,2.5,1.75,0.25,0.5,1,,,,
MNQ DEC25,1s,1,2634,2025-11-13 10:03:55,25348.75,25350.75,25348.25,25350.75,65,2.5,2,0,0.5,1,,,,
MNQ DEC25,1s,1,2635,2025-11-13 10:03:56,25350.25,25350.75,25348,25349,23,2.75,1.25,0.5,1,-1,,,,
MNQ DEC25,1s,1,2636,2025-11-13 10:03:57,25348.75,25352.5,25347.5,25351.75,73,5,3,0.75,1.25,1,,,,
MNQ DEC25,1s,1,2637,2025-11-13 10:03:58,25351.75,25362,25351.75,25361.25,392,10.25,9.5,0.75,0,1,,,,
MNQ DEC25,1s,1,2638,2025-11-13 10:03:59,25360.75,25362,25359.25,25360.75,156,2.75,0,1.25,1.5,0,,,,
MNQ DEC25,1s,1,2639,2025-11-13 10:04:00,25360,25361,25358.25,25359.5,75,2.75,0.5,1,1.25,-1,,,,
MNQ DEC25,10s,10,5663,2025-11-13 10:04:00,25350.5,25362,25345,25359.5,973,17,9,2.5,5.5,1,-442.45,-182.9,-71.9,-116.12
MNQ DEC25,20s,20,5831,2025-11-13 10:04:00,25354.5,25362,25345,25359.5,1567,17,5,2.5,9.5,1,106.3,19.2,-94.08333333,-15.78
MNQ DEC25,1s,1,2640,2025-11-13 10:04:01,25359.25,25360.25,25354.75,25356.25,77,5.5,3,1,1.5,-1,,,,
MNQ DEC25,1s,1,2641,2025-11-13 10:04:02,25356.5,25356.5,25353.75,25354.5,82,2.75,2,0,0.75,-1,,,,
MNQ DEC25,1s,1,2642,2025-11-13 10:04:03,25354.5,25358.5,25354,25357.75,236,4.5,3.25,0.75,0.5,1,,,,
MNQ DEC25,1s,1,2643,2025-11-13 10:04:04,25357.25,25359,25355,25356.25,165,4,1,1.75,1.25,-1,,,,
MNQ DEC25,1s,1,2644,2025-11-13 10:04:05,25356.25,25357.5,25355.75,25356,85,1.75,0.25,1.25,0.25,-1,,,,
MNQ DEC25,1s,1,2645,2025-11-13 10:04:06,25355.5,25357.5,25354,25357,57,3.5,1.5,0.5,1.5,1,,,,
MNQ DEC25,1s,1,2646,2025-11-13 10:04:07,25357.5,25358.5,25356.75,25357,53,1.75,0.5,1,0.25,-1,,,,
MNQ DEC25,1s,1,2647,2025-11-13 10:04:08,25358,25358.25,25353,25354.75,97,5.25,3.25,0.25,1.75,-1,,,,
MNQ DEC25,1s,1,2648,2025-11-13 10:04:09,25354.5,25358.75,25354.5,25357.25,138,4.25,2.75,1.5,0,1,,,,
MNQ DEC25,1s,1,2649,2025-11-13 10:04:10,25357.25,25357.25,25353.75,25354,76,3.5,3.25,0,0.25,-1,,,,
MNQ DEC25,10s,10,5664,2025-11-13 10:04:10,25359.25,25360.25,25353,25354,1066,7.25,5.25,1,1,-1,-428,14.45,-54.6,-86.46
MNQ DEC25,1s,1,2650,2025-11-13 10:04:11,25354.25,25354.5,25351.75,25353,50,2.75,1.25,0.25,1.25,-1,,,,
MNQ DEC25,1s,1,2651,2025-11-13 10:04:12,25353,25353,25348.25,25350,162,4.75,3,0,1.75,-1,,,,
MNQ DEC25,1s,1,2652,2025-11-13 10:04:13,25349,25349.75,25347.25,25349.5,126,2.5,0.5,0.25,1.75,1,,,,
MNQ DEC25,1s,1,2653,2025-11-13 10:04:14,25349.5,25349.5,25345.75,25346,86,3.75,3.5,0,0.25,-1,,,,
MNQ DEC25,1s,1,2654,2025-11-13 10:04:15,25345.75,25348.25,25345,25347.75,73,3.25,2,0.5,0.75,1,,,,
MNQ DEC25,1s,1,2655,2025-11-13 10:04:16,25347.25,25349.75,25347.25,25347.75,54,2.5,0.5,2,0,1,,,,
MNQ DEC25,1s,1,2656,2025-11-13 10:04:17,25349.5,25351.25,25346,25346,94,5.25,3.5,1.75,0,-1,,,,
MNQ DEC25,1s,1,2657,2025-11-13 10:04:18,25346.25,25346.25,25344.5,25344.75,97,1.75,1.5,0,0.25,-1,,,,
MNQ DEC25,1s,1,2658,2025-11-13 10:04:19,25344.75,25345.75,25342.75,25344,82,3,0.75,1,1.25,-1,,,,
MNQ DEC25,1s,1,2659,2025-11-13 10:04:20,25344,25345.25,25340.5,25341,122,4.75,3,1.25,0.5,-1,,,,
MNQ DEC25,10s,10,5665,2025-11-13 10:04:20,25354.25,25354.5,25340.5,25341,946,14,13.25,0.25,0.5,-1,-396.6,31.4,-45.68333333,-33.97
MNQ DEC25,20s,20,5832,2025-11-13 10:04:20,25359.25,25360.25,25340.5,25341,2012,19.75,18.25,1,0.5,-1,-240.6,-346.9,-181.98333333,-160.12
MNQ DEC25,1s,1,2660,2025-11-13 10:04:21,25341.25,25342.5,25334.75,25342.5,400,7.75,1.25,0,6.5,1,,,,
MNQ DEC25,1s,1,2661,2025-11-13 10:04:22,25342.75,25344.25,25341.25,25342.25,147,3,0.5,1.5,1,-1,,,,
MNQ DEC25,1s,1,2662,2025-11-13 10:04:23,25343.25,25345.25,25343,25343.5,120,2.25,0.25,1.75,0.25,1,,,,
MNQ DEC25,1s,1,2663,2025-11-13 10:04:24,25343,25345.25,25343,25344,43,2.25,1,1.25,0,1,,,,
MNQ DEC25,1s,1,2664,2025-11-13 10:04:25,25342.75,25346.75,25342.5,25345,79,4.25,2.25,1.75,0.25,1,,,,
MNQ DEC25,1s,1,2665,2025-11-13 10:04:26,25344.5,25345.25,25344,25344.25,53,1.25,0.25,0.75,0.25,-1,,,,
MNQ DEC25,1s,1,2666,2025-11-13 10:04:27,25344,25346,25342.5,25346,25,3.5,2,0,1.5,1,,,,
MNQ DEC25,1s,1,2667,2025-11-13 10:04:28,25346.25,25346.25,25343.75,25344.75,49,2.5,1.5,0,1,-1,,,,
MNQ DEC25,1s,1,2668,2025-11-13 10:04:29,25344.25,25344.75,25339.75,25340.5,97,5,3.75,0.5,0.75,-1,,,,
MNQ DEC25,1s,1,2669,2025-11-13 10:04:30,25340.75,25341.75,25338.5,25338.75,117,3.25,2,1,0.25,-1,,,,
MNQ DEC25,10s,10,5666,2025-11-13 10:04:30,25341.25,25346.75,25334.75,25338.75,1130,12,2.5,5.5,4,-1,-305.6,91,45.61666667,-8.28
MNQ DEC25,1s,1,2670,2025-11-13 10:04:31,25338.75,25340.75,25337.75,25339.25,90,3,0.5,1.5,1,1,,,,
MNQ DEC25,1s,1,2671,2025-11-13 10:04:32,25339.25,25340,25337.5,25338.5,56,2.5,0.75,0.75,1,-1,,,,
MNQ DEC25,1s,1,2672,2025-11-13 10:04:33,25338.25,25338.5,25335.25,25335.25,131,3.25,3,0.25,0,-1,,,,
MNQ DEC25,1s,1,2673,2025-11-13 10:04:34,25335.25,25335.75,25333.25,25333.75,173,2.5,1.5,0.5,0.5,-1,,,,
MNQ DEC25,1s,1,2674,2025-11-13 10:04:35,25333.75,25333.75,25330,25330.25,336,3.75,3.5,0,0.25,-1,,,,
MNQ DEC25,1s,1,2675,2025-11-13 10:04:36,25329.75,25333,25328.5,25330.25,393,4.5,0.5,2.75,1.25,1,,,,
MNQ DEC25,1s,1,2676,2025-11-13 10:04:37,25330.25,25330.25,25328,25329.25,179,2.25,1,0,1.25,-1,,,,
MNQ DEC25,1s,1,2677,2025-11-13 10:04:38,25329.25,25330,25327.25,25328,155,2.75,1.25,0.75,0.75,-1,,,,
MNQ DEC25,1s,1,2678,2025-11-13 10:04:39,25327.75,25330,25327.75,25329.25,121,2.25,1.5,0.75,0,1,,,,
MNQ DEC25,1s,1,2679,2025-11-13 10:04:40,25329,25330.75,25328.5,25329.5,112,2.25,0.5,1.25,0.5,1,,,,
MNQ DEC25,10s,10,5667,2025-11-13 10:04:40,25338.75,25340.75,25327.25,25329.5,1746,13.5,9.25,2,2.25,-1,-54.95,250.65,124.35,40.92
MNQ DEC25,20s,20,5833,2025-11-13 10:04:40,25341.25,25346.75,25327.25,25329.5,2876,19.5,11.75,5.5,2.25,-1,-123.9,116.7,-70.33333333,-102.49
MNQ DEC25,1s,1,2680,2025-11-13 10:04:41,25329.5,25330.5,25328.5,25328.75,102,2,0.75,1,0.25,-1,,,,
MNQ DEC25,1s,1,2681,2025-11-13 10:04:42,25329.25,25329.75,25326,25328.75,184,3.75,0.5,0.5,2.75,-1,,,,
MNQ DEC25,1s,1,2682,2025-11-13 10:04:43,25328.25,25329.25,25327,25328,106,2.25,0.25,1,1,-1,,,,
MNQ DEC25,1s,1,2683,2025-11-13 10:04:44,25328.25,25328.5,25325.5,25326.25,150,3,2,0.25,0.75,-1,,,,
MNQ DEC25,1s,1,2684,2025-11-13 10:04:45,25326,25329,25325.5,25325.5,125,3.5,0.5,3,0,-1,,,,
MNQ DEC25,1s,1,2685,2025-11-13 10:04:46,25326.5,25327,25324,25325.75,152,3,0.75,0.5,1.75,-1,,,,
MNQ DEC25,1s,1,2686,2025-11-13 10:04:47,25326.25,25326.75,25325,25326.25,61,1.75,0,0.5,1.25,0,,,,
MNQ DEC25,1s,1,2687,2025-11-13 10:04:48,25326,25326,25324,25324,75,2,2,0,0,-1,,,,
MNQ DEC25,1s,1,2688,2025-11-13 10:04:49,25324.5,25326.75,25323.75,25326.25,93,3,1.75,0.5,0.75,1,,,,
MNQ DEC25,1s,1,2689,2025-11-13 10:04:50,25325.75,25326.75,25324.5,25326,64,2.25,0.25,0.75,1.25,1,,,,
MNQ DEC25,10s,10,5668,2025-11-13 10:04:50,25329.5,25330.5,25323.75,25326,1112,6.75,3.5,1,2.25,-1,-14.85,40.1,127.25,85.52
MNQ DEC25,1s,1,2690,2025-11-13 10:04:51,25325.75,25330.75,25325.75,25328.75,191,5,3,2,0,1,,,,
MNQ DEC25,1s,1,2691,2025-11-13 10:04:52,25328.5,25328.75,25325.25,25327.5,113,3.5,1,0.25,2.25,-1,,,,
MNQ DEC25,1s,1,2692,2025-11-13 10:04:53,25327,25330.5,25327,25330,108,3.5,3,0.5,0,1,,,,
MNQ DEC25,1s,1,2693,2025-11-13 10:04:54,25330,25330.5,25328.75,25330,69,1.75,0,0.5,1.25,0,,,,
MNQ DEC25,1s,1,2694,2025-11-13 10:04:55,25329,25330,25327.5,25327.75,58,2.5,1.25,1,0.25,-1,,,,
MNQ DEC25,1s,1,2695,2025-11-13 10:04:56,25327.5,25330,25327.5,25330,94,2.5,2.5,0,0,1,,,,
MNQ DEC25,1s,1,2696,2025-11-13 10:04:57,25329.25,25330,25327.5,25328.75,50,2.5,0.5,0.75,1.25,-1,,,,
MNQ DEC25,1s,1,2697,2025-11-13 10:04:58,25329,25330,25328.5,25330,42,1.5,1,0,0.5,1,,,,
MNQ DEC25,1s,1,2698,2025-11-13 10:04:59,25330,25330.5,25328.75,25330,53,1.75,0,0.5,1.25,0,,,,
MNQ DEC25,1s,1,2699,2025-11-13 10:05:00,25329,25336,25329,25335.25,217,7,6.25,0.75,0,1,,,,
MNQ DEC25,10s,10,5669,2025-11-13 10:05:00,25325.75,25336,25325.25,25335.25,995,10.75,9.5,0.75,0.5,1,0.5,15.35,102.03333333,85.7
MNQ DEC25,20s,20,5834,2025-11-13 10:05:00,25329.5,25336,25323.75,25335.25,2107,12.25,5.75,0.75,5.75,1,-296.25,-172.35,-134.18333333,-120.32
MNQ DEC25,1s,1,2700,2025-11-13 10:05:01,25335,25338.5,25334.75,25335,216,3.75,0,3.5,0.25,0,,,,
MNQ DEC25,1s,1,2701,2025-11-13 10:05:02,25335.25,25336.5,25333.5,25335.75,71,3,0.5,0.75,1.75,1,,,,
MNQ DEC25,1s,1,2702,2025-11-13 10:05:03,25335.25,25336,25334,25335.5,71,2,0.25,0.5,1.25,1,,,,
MNQ DEC25,1s,1,2703,2025-11-13 10:05:04,25335.75,25338.5,25335,25337,115,3.5,1.25,1.5,0.75,1,,,,
MNQ DEC25,1s,1,2704,2025-11-13 10:05:05,25336.75,25338.75,25336.25,25337,102,2.5,0.25,1.75,0.5,1,,,,
MNQ DEC25,1s,1,2705,2025-11-13 10:05:06,25336.5,25346.75,25336.25,25346.25,336,10.5,9.75,0.5,0.25,1,,,,
MNQ DEC25,1s,1,2706,2025-11-13 10:05:07,25346.75,25347.75,25342.25,25342.75,328,5.5,4,1,0.5,-1,,,,
MNQ DEC25,1s,1,2707,2025-11-13 10:05:08,25343.25,25345.75,25342,25343.75,91,3.75,0.5,2,1.25,1,,,,
MNQ DEC25,1s,1,2708,2025-11-13 10:05:09,25344,25346.25,25343.25,25343.75,85,3,0.25,2.25,0.5,-1,,,,
MNQ DEC25,1s,1,2709,2025-11-13 10:05:10,25344,25344,25340.5,25341,97,3.5,3,0,0.5,-1,,,,
MNQ DEC25,10s,10,5670,2025-11-13 10:05:10,25335,25347.75,25333.5,25341,1512,14.25,6,6.75,1.5,1,113.75,113.25,56.23333333,102.07
MNQ DEC25,1s,1,2710,2025-11-13 10:05:11,25341.25,25342.75,25339.25,25340.25,78,3.5,1,1.5,1,-1,,,,
MNQ DEC25,1s,1,2711,2025-11-13 10:05:12,25340.25,25342.25,25339,25341.75,104,3.25,1.5,0.5,1.25,1,,,,
MNQ DEC25,1s,1,2712,2025-11-13 10:05:13,25341.5,25341.5,25338.25,25340.5,92,3.25,1,0,2.25,-1,,,,
MNQ DEC25,1s,1,2713,2025-11-13 10:05:14,25340.5,25341.75,25338,25340,77,3.75,0.5,1.25,2,-1,,,,
MNQ DEC25,1s,1,2714,2025-11-13 10:05:15,25340,25340.75,25338.75,25339.5,73,2,0.5,0.75,0.75,-1,,,,
MNQ DEC25,1s,1,2715,2025-11-13 10:05:16,25339.25,25339.75,25335.75,25336.75,86,4,2.5,0.5,1,-1,,,,
MNQ DEC25,1s,1,2716,2025-11-13 10:05:17,25336.75,25339,25336.5,25337.75,113,2.5,1,1.25,0.25,1,,,,
MNQ DEC25,1s,1,2717,2025-11-13 10:05:18,25336.75,25338.75,25335.25,25337,74,3.5,0.25,1.75,1.5,1,,,,
MNQ DEC25,1s,1,2718,2025-11-13 10:05:19,25337.5,25340,25335.75,25339,81,4.25,1.5,1,1.75,1,,,,
MNQ DEC25,1s,1,2719,2025-11-13 10:05:20,25339.5,25342,25338,25339.25,81,4,0.25,2.5,1.25,-1,,,,
MNQ DEC25,10s,10,5671,2025-11-13 10:05:20,25341.25,25342.75,25335.25,25339.25,859,7.5,2,1.5,4,-1,76.8,-36.95,30.55,76.48
MNQ DEC25,20s,20,5835,2025-11-13 10:05:20,25335,25347.75,25333.5,25339.25,2371,14.25,4.25,8.5,1.5,1,-126.9,169.35,37.9,-42.8
MNQ DEC25,1s,1,2720,2025-11-13 10:05:21,25339,25339,25337,25338.75,67,2,0.25,0,1.75,-1,,,,
MNQ DEC25,1s,1,2721,2025-11-13 10:05:22,25338.75,25338.75,25333.5,25336.25,112,5.25,2.5,0,2.75,-1,,,,
MNQ DEC25,1s,1,2722,2025-11-13 10:05:23,25337,25337.25,25334.25,25334.5,58,3,2.5,0.25,0.25,-1,,,,
MNQ DEC25,1s,1,2723,2025-11-13 10:05:24,25334.5,25339.25,25334.5,25337.5,88,4.75,3,1.75,0,1,,,,
MNQ DEC25,1s,1,2724,2025-11-13 10:05:25,25337.5,25340,25336.75,25339,103,3.25,1.5,1,0.75,1,,,,
MNQ DEC25,1s,1,2725,2025-11-13 10:05:26,25339.25,25339.25,25336.5,25337.25,44,2.75,2,0,0.75,-1,,,,
MNQ DEC25,1s,1,2726,2025-11-13 10:05:27,25337.25,25337.25,25336.25,25336.75,36,1,0.5,0,0.5,-1,,,,
MNQ DEC25,1s,1,2727,2025-11-13 10:05:28,25337,25337.5,25335,25336.5,55,2.5,0.5,0.5,1.5,-1,,,,
MNQ DEC25,1s,1,2728,2025-11-13 10:05:29,25337.5,25339.75,25335.75,25336.75,46,4,0.75,2.25,1,-1,,,,
MNQ DEC25,1s,1,2729,2025-11-13 10:05:30,25337,25338,25335.5,25335.75,55,2.5,1.25,1,0.25,-1,,,,
MNQ DEC25,10s,10,5672,2025-11-13 10:05:30,25339,25340,25333.5,25335.75,664,6.5,3.25,1,2.25,-1,-112.5,-189.3,-37.66666667,-11.51
MNQ DEC25,1s,1,2730,2025-11-13 10:05:31,25335.75,25339.75,25333.75,25339.25,144,6,3.5,0.5,2,1,,,,
MNQ DEC25,1s,1,2731,2025-11-13 10:05:32,25338.75,25338.75,25335.75,25336.25,124,3,2.5,0,0.5,-1,,,,
MNQ DEC25,1s,1,2732,2025-11-13 10:05:33,25336.5,25336.75,25334.5,25336.75,46,2.25,0.25,0,2,1,,,,
MNQ DEC25,1s,1,2733,2025-11-13 10:05:34,25337,25344,25337,25344,127,7,7,0,0,1,,,,
MNQ DEC25,1s,1,2734,2025-11-13 10:05:35,25343.25,25344,25341.5,25344,74,2.5,0.75,0,1.75,1,,,,
MNQ DEC25,1s,1,2735,2025-11-13 10:05:36,25344.5,25354.5,25344.5,25349.5,436,10,5,5,0,1,,,,
MNQ DEC25,1s,1,2736,2025-11-13 10:05:37,25350.25,25351.75,25349,25350,133,2.75,0.25,1.5,1,-1,,,,
MNQ DEC25,1s,1,2737,2025-11-13 10:05:38,25350.5,25352.25,25346,25346.25,100,6.25,4.25,1.75,0.25,-1,,,,
MNQ DEC25,1s,1,2738,2025-11-13 10:05:39,25346,25348.5,25346,25347,66,2.5,1,1.5,0,1,,,,
MNQ DEC25,1s,1,2739,2025-11-13 10:05:40,25347.25,25347.25,25344.25,25344.5,84,3,2.75,0,0.25,-1,,,,
MNQ DEC25,10s,10,5673,2025-11-13 10:05:40,25335.75,25354.5,25333.75,25344.5,1334,20.75,8.75,10,2,1,-78.9,33.6,-64.21666667,-12.81
MNQ DEC25,20s,20,5836,2025-11-13 10:05:40,25339,25354.5,25333.5,25344.5,1998,21,5.5,10,5.5,1,-79.1,47.8,14.93333333,-37.08
MNQ DEC25,1s,1,2740,2025-11-13 10:05:41,25344.75,25345,25340,25341.25,138,5,3.5,0.25,1.25,-1,,,,
MNQ DEC25,1s,1,2741,2025-11-13 10:05:42,25340.5,25342.75,25339.5,25342.25,57,3.25,1.75,0.5,1,1,,,,
MNQ DEC25,1s,1,2742,2025-11-13 10:05:43,25341.75,25342.5,25340.5,25341.25,50,2,0.5,0.75,0.75,-1,,,,
MNQ DEC25,1s,1,2743,2025-11-13 10:05:44,25341.25,25345,25341.25,25342.25,39,3.75,1,2.75,0,1,,,,
MNQ DEC25,1s,1,2744,2025-11-13 10:05:45,25342.5,25343.5,25340,25342.75,48,3.5,0.25,0.75,2.5,1,,,,
MNQ DEC25,1s,1,2745,2025-11-13 10:05:46,25341.75,25341.75,25339.25,25340.5,35,2.5,1.25,0,1.25,-1,,,,
MNQ DEC25,1s,1,2746,2025-11-13 10:05:47,25339.75,25340,25338.5,25339.25,38,1.5,0.5,0.25,0.75,-1,,,,
MNQ DEC25,1s,1,2747,2025-11-13 10:05:48,25339.5,25339.5,25336.5,25337.5,98,3,2,0,1,-1,,,,
MNQ DEC25,1s,1,2748,2025-11-13 10:05:49,25336.75,25338.5,25335,25337.75,78,3.5,1,0.75,1.75,1,,,,
MNQ DEC25,1s,1,2749,2025-11-13 10:05:50,25338.25,25339.5,25336.75,25336.75,65,2.75,1.5,1.25,0,-1,,,,
MNQ DEC25,10s,10,5674,2025-11-13 10:05:50,25344.75,25345,25335,25336.75,646,10,8,0.25,1.75,-1,-99.05,-20.15,-58.61666667,-19.91
MNQ DEC25,1s,1,2750,2025-11-13 10:05:51,25335.75,25338.5,25335,25337.75,72,3.5,2,0.75,0.75,1,,,,
MNQ DEC25,1s,1,2751,2025-11-13 10:05:52,25338,25341.5,25337.75,25340.75,80,3.75,2.75,0.75,0.25,1,,,,
MNQ DEC25,1s,1,2752,2025-11-13 10:05:53,25340.25,25340.5,25338.5,25340.25,71,2,0,0.25,1.75,0,,,,
MNQ DEC25,1s,1,2753,2025-11-13 10:05:54,25341,25342.25,25340.25,25340.5,31,2,0.5,1.25,0.25,-1,,,,
MNQ DEC25,1s,1,2754,2025-11-13 10:05:55,25339.25,25341,25338.5,25340,59,2.5,0.75,1,0.75,1,,,,
MNQ DEC25,1s,1,2755,2025-11-13 10:05:56,25340.5,25344.5,25340,25344.25,55,4.5,3.75,0.25,0.5,1,,,,
MNQ DEC25,1s,1,2756,2025-11-13 10:05:57,25344.75,25346.75,25342.75,25342.75,98,4,2,2,0,-1,,,,
MNQ DEC25,1s,1,2757,2025-11-13 10:05:58,25342,25343.5,25340.5,25341,55,3,1,1.5,0.5,-1,,,,
MNQ DEC25,1s,1,2758,2025-11-13 10:05:59,25340.75,25342.25,25339.25,25341.75,67,3,1,0.5,1.5,1,,,,
MNQ DEC25,1s,1,2759,2025-11-13 10:06:00,25341.75,25342.75,25340.25,25341,37,2.5,0.75,1,0.75,-1,,,,
MNQ DEC25,10s,10,5675,2025-11-13 10:06:00,25335.75,25346.75,25335,25341,625,11.75,5.25,5.75,0.75,1,-197.2,-98.15,-28.23333333,-62.19
MNQ DEC25,20s,20,5837,2025-11-13 10:06:00,25344.75,25346.75,25335,25341,1271,11.75,3.75,2,6,-1,-235,-155.9,20.41666667,1.12
MNQ DEC25,1s,1,2760,2025-11-13 10:06:01,25340.25,25341,25339,25339,84,2,1.25,0.75,0,-1,,,,
MNQ DEC25,1s,1,2761,2025-11-13 10:06:02,25339.25,25339.5,25338,25338.75,55,1.5,0.5,0.25,0.75,-1,,,,
MNQ DEC25,1s,1,2762,2025-11-13 10:06:03,25339,25342,25338.75,25341,63,3.25,2,1,0.25,1,,,,
MNQ DEC25,1s,1,2763,2025-11-13 10:06:04,25341.25,25347,25340,25346.25,94,7,5,0.75,1.25,1,,,,
MNQ DEC25,1s,1,2764,2025-11-13 10:06:05,25346,25346.25,25343.75,25343.75,52,2.5,2.25,0.25,0,-1,,,,
MNQ DEC25,1s,1,2765,2025-11-13 10:06:06,25344,25346.75,25343.75,25345,101,3,1,1.75,0.25,1,,,,
MNQ DEC25,1s,1,2766,2025-11-13 10:06:07,25345,25346.25,25343.25,25344.5,90,3,0.5,1.25,1.25,-1,,,,
MNQ DEC25,1s,1,2767,2025-11-13 10:06:08,25343.25,25344.75,25342.25,25343.75,47,2.5,0.5,1,1,1,,,,
MNQ DEC25,1s,1,2768,2025-11-13 10:06:09,25344,25346.25,25343.75,25344.75,28,2.5,0.75,1.5,0.25,1,,,,
MNQ DEC25,1s,1,2769,2025-11-13 10:06:10,25344.75,25347.75,25344,25345,84,3.75,0.25,2.75,0.75,1,,,,
MNQ DEC25,10s,10,5676,2025-11-13 10:06:10,25340.25,25347.75,25338,25345,698,9.75,4.75,2.75,2.25,1,-206.35,-9.15,-42.48333333,-56.63
MNQ DEC25,1s,1,2770,2025-11-13 10:06:11,25344.75,25346.75,25344.5,25346.25,79,2.25,1.5,0.5,0.25,1,,,,
MNQ DEC25,1s,1,2771,2025-11-13 10:06:12,25346.5,25346.5,25342.5,25345,42,4,1.5,0,2.5,-1,,,,
MNQ DEC25,1s,1,2772,2025-11-13 10:06:13,25344.75,25347.5,25344.5,25347.25,84,3,2.5,0.25,0.25,1,,,,
MNQ DEC25,1s,1,2773,2025-11-13 10:06:14,25347.5,25348.5,25344.75,25346.5,84,3.75,1,1,1.75,-1,,,,
MNQ DEC25,1s,1,2774,2025-11-13 10:06:15,25346.25,25346.5,25343,25346,51,3.5,0.25,0.25,3,-1,,,,
MNQ DEC25,1s,1,2775,2025-11-13 10:06:16,25345.75,25346.25,25343.25,25344.75,48,3,1,0.5,1.5,-1,,,,
MNQ DEC25,1s,1,2776,2025-11-13 10:06:17,25344.75,25351.5,25344.5,25350.5,294,7,5.75,1,0.25,1,,,,
MNQ DEC25,1s,1,2777,2025-11-13 10:06:18,25350.25,25357,25348.75,25356.25,305,8.25,6,0.75,1.5,1,,,,
MNQ DEC25,1s,1,2778,2025-11-13 10:06:19,25355.75,25356.5,25352.5,25352.5,192,4,3.25,0.75,0,-1,,,,
MNQ DEC25,1s,1,2779,2025-11-13 10:06:20,25352.25,25356.75,25352.25,25355.5,148,4.5,3.25,1.25,0,1,,,,
MNQ DEC25,10s,10,5677,2025-11-13 10:06:20,25344.75,25357,25342.5,25355.5,1327,14.5,10.75,1.5,2.25,1,-97.05,109.3,0.66666667,3.09
MNQ DEC25,20s,20,5838,2025-11-13 10:06:20,25340.25,25357,25338,25355.5,2025,19,15.25,1.5,2.25,1,-415.8,-180.8,-96.3,-58.38
MNQ DEC25,1s,1,2780,2025-11-13 10:06:21,25355.5,25358.5,25354.5,25357.75,156,4,2.25,0.75,1,1,,,,
MNQ DEC25,1s,1,2781,2025-11-13 10:06:22,25358.5,25366.5,25357.5,25365,685,9,6.5,1.5,1,1,,,,
MNQ DEC25,1s,1,2782,2025-11-13 10:06:23,25365,25367.25,25364.25,25366.25,154,3,1.25,1,0.75,1,,,,
MNQ DEC25,1s,1,2783,2025-11-13 10:06:24,25366.25,25369,25362,25363,318,7,3.25,2.75,1,-1,,,,
MNQ DEC25,1s,1,2784,2025-11-13 10:06:25,25363,25367.5,25363,25367.25,158,4.5,4.25,0.25,0,1,,,,
MNQ DEC25,1s,1,2785,2025-11-13 10:06:26,25367.5,25369,25366,25367.25,150,3,0.25,1.5,1.25,-1,,,,
MNQ DEC25,1s,1,2786,2025-11-13 10:06:27,25368,25368.5,25365.25,25367.5,118,3.25,0.5,0.5,2.25,-1,,,,
MNQ DEC25,1s,1,2787,2025-11-13 10:06:28,25367.5,25368.75,25366.25,25368,117,2.5,0.5,0.75,1.25,1,,,,
MNQ DEC25,1s,1,2788,2025-11-13 10:06:29,25368.5,25369.25,25360,25361.5,245,9.25,7,0.75,1.5,-1,,,,
MNQ DEC25,1s,1,2789,2025-11-13 10:06:30,25361.5,25362.25,25358,25358,121,4.25,3.5,0.75,0,-1,,,,
MNQ DEC25,10s,10,5678,2025-11-13 10:06:30,25355.5,25369.25,25354.5,25358,2222,14.75,2.5,11.25,1,1,63.35,160.4,86.85,28.45
MNQ DEC25,1s,1,2790,2025-11-13 10:06:31,25358,25360,25357.5,25358.25,116,2.5,0.25,1.75,0.5,1,,,,
MNQ DEC25,1s,1,2791,2025-11-13 10:06:32,25358,25361.75,25357.5,25360,59,4.25,2,1.75,0.5,1,,,,
MNQ DEC25,1s,1,2792,2025-11-13 10:06:33,25359.75,25360.5,25357.75,25360.25,49,2.75,0.5,0.25,2,1,,,,
MNQ DEC25,1s,1,2793,2025-11-13 10:06:34,25359.75,25362,25358.75,25361.5,76,3.25,1.75,0.5,1,1,,,,
MNQ DEC25,1s,1,2794,2025-11-13 10:06:35,25360.75,25364,25360.5,25363.5,32,3.5,2.75,0.5,0.25,1,,,,
MNQ DEC25,1s,1,2795,2025-11-13 10:06:36,25363.75,25366.25,25363.75,25366.25,40,2.5,2.5,0,0,1,,,,
MNQ DEC25,1s,1,2796,2025-11-13 10:06:37,25364.5,25366.75,25363,25363,55,3.75,1.5,2.25,0,-1,,,,
MNQ DEC25,1s,1,2797,2025-11-13 10:06:38,25363,25365,25362.75,25363.25,65,2.25,0.25,1.75,0.25,1,,,,
MNQ DEC25,1s,1,2798,2025-11-13 10:06:39,25364.25,25365.75,25361.5,25365.5,41,4.25,1.25,0.25,2.75,1,,,,
MNQ DEC25,1s,1,2799,2025-11-13 10:06:40,25365.75,25367,25364.5,25365.5,65,2.5,0.25,1.25,1,-1,,,,
MNQ DEC25,10s,10,5679,2025-11-13 10:06:40,25358,25367,25357.5,25365.5,598,9.5,7.5,1.5,0.5,1,70.35,7,92.23333333,33.88
MNQ DEC25,20s,20,5839,2025-11-13 10:06:40,25355.5,25369.25,25354.5,25365.5,2820,14.75,10,3.75,1,1,-329.95,85.85,-83.61666667,-6.74
MNQ DEC25,1s,1,2800,2025-11-13 10:06:41,25366,25367,25364.75,25366,47,2.25,0,1,1.25,0,,,,
MNQ DEC25,1s,1,2801,2025-11-13 10:06:42,25366.25,25367.25,25364,25365,56,3.25,1.25,1,1,-1,,,,
MNQ DEC25,1s,1,2802,2025-11-13 10:06:43,25364.5,25365.75,25363,25364.25,48,2.75,0.25,1.25,1.25,-1,,,,
MNQ DEC25,1s,1,2803,2025-11-13 10:06:44,25364.5,25368.75,25364.25,25368.75,86,4.5,4.25,0,0.25,1,,,,
MNQ DEC25,1s,1,2804,2025-11-13 10:06:45,25368.5,25372,25366.5,25370,252,5.5,1.5,2,2,1,,,,
MNQ DEC25,1s,1,2805,2025-11-13 10:06:46,25370.5,25371.5,25368,25370,156,3.5,0.5,1,2,-1,,,,
MNQ DEC25,1s,1,2806,2025-11-13 10:06:47,25370,25371,25368.5,25369,93,2.5,1,1,0.5,-1,,,,
MNQ DEC25,1s,1,2807,2025-11-13 10:06:48,25369,25371.25,25367.5,25367.5,95,3.75,1.5,2.25,0,-1,,,,
MNQ DEC25,1s,1,2808,2025-11-13 10:06:49,25368.25,25369.25,25365.75,25368.75,141,3.5,0.5,0.5,2.5,1,,,,
MNQ DEC25,1s,1,2809,2025-11-13 10:06:50,25368.75,25369.25,25367.5,25368.25,52,1.75,0.5,0.5,0.75,-1,,,,
MNQ DEC25,10s,10,5680,2025-11-13 10:06:50,25366,25372,25363,25368.25,1026,9,2.25,3.75,3,1,135.45,65.1,77.5,66.53
MNQ DEC25,1s,1,2810,2025-11-13 10:06:51,25368.25,25375.25,25367.5,25373.75,227,7.75,5.5,1.5,0.75,1,,,,
MNQ DEC25,1s,1,2811,2025-11-13 10:06:52,25374.5,25378,25374,25375.25,271,4,0.75,2.75,0.5,1,,,,
MNQ DEC25,1s,1,2812,2025-11-13 10:06:53,25375,25377.75,25374.25,25377.25,150,3.5,2.25,0.5,0.75,1,,,,
MNQ DEC25,1s,1,2813,2025-11-13 10:06:54,25377.5,25379,25376.75,25378.25,164,2.25,0.75,0.75,0.75,1,,,,
MNQ DEC25,1s,1,2814,2025-11-13 10:06:55,25378.5,25378.5,25373.5,25375.5,216,5,3,0,2,-1,,,,
MNQ DEC25,1s,1,2815,2025-11-13 10:06:56,25375.75,25381,25375.5,25378,200,5.5,2.25,3,0.25,1,,,,
MNQ DEC25,1s,1,2816,2025-11-13 10:06:57,25378.25,25382,25377.75,25380.25,149,4.25,2,1.75,0.5,1,,,,
MNQ DEC25,1s,1,2817,2025-11-13 10:06:58,25380.5,25382.75,25380.25,25381.75,157,2.5,1.25,1,0.25,1,,,,
MNQ DEC25,1s,1,2818,2025-11-13 10:06:59,25381.5,25382,25380,25380.75,142,2,0.75,0.5,0.75,-1,,,,
MNQ DEC25,1s,1,2819,2025-11-13 10:07:00,25380.75,25381.25,25374.5,25377,217,6.75,3.75,0.5,2.5,-1,,,,
MNQ DEC25,10s,10,5681,2025-11-13 10:07:00,25368.25,25382.75,25367.5,25377,1893,15.25,8.75,5.75,0.75,1,314.9,179.45,83.85,104.25
MNQ DEC25,20s,20,5840,2025-11-13 10:07:00,25366,25382.75,25363,25377,2919,19.75,11,5.75,3,1,-174.9,155.05,20.03333333,-9.6
MNQ DEC25,1s,1,2820,2025-11-13 10:07:01,25377.5,25380.75,25376.5,25380.75,142,4.25,3.25,0,1,1,,,,
MNQ DEC25,1s,1,2821,2025-11-13 10:07:02,25380.5,25386.25,25379.75,25386.25,272,6.5,5.75,0,0.75,1,,,,
MNQ DEC25,1s,1,2822,2025-11-13 10:07:03,25385.75,25390,25384.25,25389,339,5.75,3.25,1,1.5,1,,,,
MNQ DEC25,1s,1,2823,2025-11-13 10:07:04,25389.25,25389.25,25385.5,25386.25,209,3.75,3,0,0.75,-1,,,,
MNQ DEC25,1s,1,2824,2025-11-13 10:07:05,25386.5,25389,25383,25388,202,6,1.5,1,3.5,1,,,,
MNQ DEC25,1s,1,2825,2025-11-13 10:07:06,25387.75,25388.75,25386.5,25387.5,111,2.25,0.25,1,1,-1,,,,
MNQ DEC25,1s,1,2826,2025-11-13 10:07:07,25387.5,25391.25,25386.5,25388.75,151,4.75,1.25,2.5,1,1,,,,
MNQ DEC25,1s,1,2827,2025-11-13 10:07:08,25388.5,25394.25,25388.5,25393,219,5.75,4.5,1.25,0,1,,,,
MNQ DEC25,1s,1,2828,2025-11-13 10:07:09,25393.25,25393.75,25389.5,25390.25,165,4.25,3,0.5,0.75,-1,,,,
MNQ DEC25,1s,1,2829,2025-11-13 10:07:10,25390.5,25390.5,25383.75,25387.25,228,6.75,3.25,0,3.5,-1,,,,
MNQ DEC25,10s,10,5682,2025-11-13 10:07:10,25377.5,25394.25,25376.5,25387.25,2038,17.75,9.75,7,1,1,384.9,70,104.85,96.39
MNQ DEC25,1s,1,2830,2025-11-13 10:07:11,25387.5,25387.5,25383.25,25383.5,116,4.25,4,0,0.25,-1,,,,
MNQ DEC25,1s,1,2831,2025-11-13 10:07:12,25383,25383.25,25379.75,25380.75,149,3.5,2.25,0.25,1,-1,,,,
MNQ DEC25,1s,1,2832,2025-11-13 10:07:13,25381.5,25383,25380,25380,92,3,1.5,1.5,0,-1,,,,
MNQ DEC25,1s,1,2833,2025-11-13 10:07:14,25379.75,25379.75,25377,25379,148,2.75,0.75,0,2,-1,,,,
MNQ DEC25,1s,1,2834,2025-11-13 10:07:15,25379,25382,25378.25,25379.5,106,3.75,0.5,2.5,0.75,1,,,,
MNQ DEC25,1s,1,2835,2025-11-13 10:07:16,25379.25,25381.5,25378,25378.25,90,3.5,1,2.25,0.25,-1,,,,
MNQ DEC25,1s,1,2836,2025-11-13 10:07:17,25378.25,25380.25,25377.5,25379.75,78,2.75,1.5,0.5,0.75,1,,,,
MNQ DEC25,1s,1,2837,2025-11-13 10:07:18,25380.5,25381.5,25379.25,25380,137,2.25,0.5,1,0.75,-1,,,,
MNQ DEC25,1s,1,2838,2025-11-13 10:07:19,25379.75,25380.5,25377.75,25380.25,72,2.75,0.5,0.25,2,1,,,,
MNQ DEC25,1s,1,2839,2025-11-13 10:07:20,25380.5,25381.5,25375,25375.75,232,6.5,4.75,1,0.75,-1,,,,
MNQ DEC25,10s,10,5683,2025-11-13 10:07:20,25387.5,25387.5,25375,25375.75,1220,12.5,11.75,0,0.75,-1,172.15,-212.75,12.23333333,21.76
MNQ DEC25,20s,20,5841,2025-11-13 10:07:20,25377.5,25394.25,25375,25375.75,3258,19.25,1.75,16.75,0.75,-1,48.7,223.6,154.83333333,25.56
MNQ DEC25,1s,1,2840,2025-11-13 10:07:21,25375.75,25381.25,25375.5,25377.75,168,5.75,2,3.5,0.25,1,,,,
MNQ DEC25,1s,1,2841,2025-11-13 10:07:22,25377.25,25377.25,25375,25376,63,2.25,1.25,0,1,-1,,,,
MNQ DEC25,1s,1,2842,2025-11-13 10:07:23,25376,25379.25,25375.25,25378,98,4,2,1.25,0.75,1,,,,
MNQ DEC25,1s,1,2843,2025-11-13 10:07:24,25378,25380.5,25376.5,25380.25,86,4,2.25,0.25,1.5,1,,,,
MNQ DEC25,1s,1,2844,2025-11-13 10:07:25,25379.25,25379.75,25376.75,25379.5,61,3,0.25,0.25,2.5,1,,,,
MNQ DEC25,1s,1,2845,2025-11-13 10:07:26,25380,25380,25378.25,25379.5,35,1.75,0.5,0,1.25,-1,,,,
MNQ DEC25,1s,1,2846,2025-11-13 10:07:27,25379,25386.5,25378.75,25386.5,153,7.75,7.5,0,0.25,1,,,,
MNQ DEC25,1s,1,2847,2025-11-13 10:07:28,25385.75,25385.75,25381.75,25381.75,95,4,4,0,0,-1,,,,
MNQ DEC25,1s,1,2848,2025-11-13 10:07:29,25382.5,25388.25,25382.5,25385.5,73,5.75,3,2.75,0,1,,,,
MNQ DEC25,1s,1,2849,2025-11-13 10:07:30,25385.75,25385.75,25380.5,25381.25,89,5.25,4.5,0,0.75,-1,,,,
MNQ DEC25,10s,10,5684,2025-11-13 10:07:30,25375.75,25388.25,25375,25381.25,921,13.25,5.5,7,0.75,1,244,71.85,-23.63333333,34.73
MNQ DEC25,1s,1,2850,2025-11-13 10:07:31,25382,25383.25,25380.5,25382.25,64,2.75,0.25,1,1.5,1,,,,
MNQ DEC25,1s,1,2851,2025-11-13 10:07:32,25381.25,25382.25,25380.5,25381.25,35,1.75,0,1,0.75,0,,,,
MNQ DEC25,1s,1,2852,2025-11-13 10:07:33,25380.75,25390.5,25380.75,25388.5,118,9.75,7.75,2,0,1,,,,
MNQ DEC25,1s,1,2853,2025-11-13 10:07:34,25388.25,25388.75,25386.25,25386.75,46,2.5,1.5,0.5,0.5,-1,,,,
MNQ DEC25,1s,1,2854,2025-11-13 10:07:35,25386.75,25387.25,25385,25387,94,2.25,0.25,0.25,1.75,1,,,,
MNQ DEC25,1s,1,2855,2025-11-13 10:07:36,25387,25390.5,25385.75,25389.75,56,4.75,2.75,0.75,1.25,1,,,,
MNQ DEC25,1s,1,2856,2025-11-13 10:07:37,25389.75,25391,25388,25389,83,3,0.75,1.25,1,-1,,,,
MNQ DEC25,1s,1,2857,2025-11-13 10:07:38,25388.75,25388.75,25383.5,25383.5,56,5.25,5.25,0,0,-1,,,,
MNQ DEC25,1s,1,2858,2025-11-13 10:07:39,25384.5,25385,25381.75,25382.75,89,3.25,1.75,0.5,1,-1,,,,
MNQ DEC25,1s,1,2859,2025-11-13 10:07:40,25382.75,25385.25,25382.5,25384.5,155,2.75,1.75,0.75,0.25,1,,,,
MNQ DEC25,10s,10,5685,2025-11-13 10:07:40,25382,25391,25380.5,25384.5,796,10.5,2.5,6.5,1.5,1,205.5,-38.5,-59.8,14.01
MNQ DEC25,20s,20,5842,2025-11-13 10:07:40,25375.75,25391,25375,25384.5,1717,16,8.75,6.5,0.75,1,126.9,78.2,152.28333333,72.38
MNQ DEC25,1s,1,2860,2025-11-13 10:07:41,25383.75,25386,25383.75,25385.75,41,2.25,2,0.25,0,1,,,,
MNQ DEC25,1s,1,2861,2025-11-13 10:07:42,25385.25,25386.25,25384,25386.25,41,2.25,1,0,1.25,1,,,,
MNQ DEC25,1s,1,2862,2025-11-13 10:07:43,25386.75,25391.5,25384.5,25389.5,81,7,2.75,2,2.25,1,,,,
MNQ DEC25,1s,1,2863,2025-11-13 10:07:44,25390,25393.25,25390,25391.5,124,3.25,1.5,1.75,0,1,,,,
MNQ DEC25,1s,1,2864,2025-11-13 10:07:45,25391.75,25396.25,25391.5,25393,289,4.75,1.25,3.25,0.25,1,,,,
MNQ DEC25,1s,1,2865,2025-11-13 10:07:46,25393,25394.75,25391.5,25393.25,159,3.25,0.25,1.5,1.5,1,,,,
MNQ DEC25,1s,1,2866,2025-11-13 10:07:47,25394,25398.75,25393.75,25398.5,168,5,4.5,0.25,0.25,1,,,,
MNQ DEC25,1s,1,2867,2025-11-13 10:07:48,25398.25,25399,25396.5,25397.75,166,2.5,0.5,0.75,1.25,-1,,,,
MNQ DEC25,1s,1,2868,2025-11-13 10:07:49,25397.5,25398.5,25394,25394,127,4.5,3.5,1,0,-1,,,,
MNQ DEC25,1s,1,2869,2025-11-13 10:07:50,25394.25,25398.25,25393.75,25398,106,4.5,3.75,0.25,0.5,1,,,,
MNQ DEC25,10s,10,5686,2025-11-13 10:07:50,25383.75,25399,25383.75,25398,1302,15.25,14.25,1,0,1,78.7,-126.8,-31.15,-47.24
MNQ DEC25,1s,1,2870,2025-11-13 10:07:51,25398.25,25398.75,25395.75,25395.75,116,3,2.5,0.5,0,-1,,,,
MNQ DEC25,1s,1,2871,2025-11-13 10:07:52,25395,25397.75,25394.75,25397.5,84,3,2.5,0.25,0.25,1,,,,
MNQ DEC25,1s,1,2872,2025-11-13 10:07:53,25397,25398,25395.75,25398,60,2.25,1,0,1.25,1,,,,
MNQ DEC25,1s,1,2873,2025-11-13 10:07:54,25398,25406,25397.25,25400,579,8.75,2,6,0.75,1,,,,
MNQ DEC25,1s,1,2874,2025-11-13 10:07:55,25400,25400.25,25397.75,25399,92,2.5,1,0.25,1.25,-1,,,,
MNQ DEC25,1s,1,2875,2025-11-13 10:07:56,25399,25400.5,25397.5,25400.5,67,3,1.5,0,1.5,1,,,,
MNQ DEC25,1s,1,2876,2025-11-13 10:07:57,25400.75,25404,25399.5,25403,131,4.5,2.25,1,1.25,1,,,,
MNQ DEC25,1s,1,2877,2025-11-13 10:07:58,25403,25404.5,25402.5,25403.5,120,2,0.5,1,0.5,1,,,,
MNQ DEC25,1s,1,2878,2025-11-13 10:07:59,25403.25,25405.25,25402.25,25403.25,135,3,0,2,1,0,,,,
MNQ DEC25,1s,1,2879,2025-11-13 10:08:00,25403,25405.25,25402.75,25403.5,126,2.5,0.5,1.75,0.25,1,,,,
MNQ DEC25,10s,10,5687,2025-11-13 10:08:00,25398.25,25406,25394.75,25403.5,1510,11.25,5.25,2.5,3.5,1,-15.1,-93.8,-86.36666667,-80
MNQ DEC25,20s,20,5843,2025-11-13 10:08:00,25383.75,25406,25383.75,25403.5,2812,22.25,19.75,2.5,0,1,313.15,186.25,162.68333333,145.79
MNQ DEC25,1s,1,2880,2025-11-13 10:08:01,25403,25405,25402,25403.5,107,3,0.5,1.5,1,1,,,,
MNQ DEC25,1s,1,2881,2025-11-13 10:08:02,25402.5,25402.5,25398.25,25400.25,181,4.25,2.25,0,2,-1,,,,
MNQ DEC25,1s,1,2882,2025-11-13 10:08:03,25399.75,25400.25,25396.75,25397,184,3.5,2.75,0.5,0.25,-1,,,,
MNQ DEC25,1s,1,2883,2025-11-13 10:08:04,25397.25,25397.75,25395,25396.25,187,2.75,1,0.5,1.25,-1,,,,
MNQ DEC25,1s,1,2884,2025-11-13 10:08:05,25396.75,25397.25,25394,25395.75,115,3.25,1,0.5,1.75,-1,,,,
MNQ DEC25,1s,1,2885,2025-11-13 10:08:06,25395.5,25399.75,25395.5,25398.75,68,4.25,3.25,1,0,1,,,,
MNQ DEC25,1s,1,2886,2025-11-13 10:08:07,25399.25,25400.75,25397.25,25400.5,113,3.5,1.25,0.25,2,1,,,,
MNQ DEC25,1s,1,2887,2025-11-13 10:08:08,25401,25405.5,25400.5,25403.25,140,5,2.25,2.25,0.5,1,,,,
MNQ DEC25,1s,1,2888,2025-11-13 10:08:09,25403.5,25407,25403.5,25407,187,3.5,3.5,0,0,1,,,,
MNQ DEC25,1s,1,2889,2025-11-13 10:08:10,25406.5,25408,25404.25,25407.5,134,3.75,1,0.5,2.25,1,,,,
MNQ DEC25,10s,10,5688,2025-11-13 10:08:10,25403,25408,25394,25407.5,1416,14,4.5,0.5,9,1,8.9,24,-65.53333333,-32.65
MNQ DEC25,1s,1,2890,2025-11-13 10:08:11,25407.75,25409.75,25407.25,25407.25,201,2.5,0.5,2,0,-1,,,,
MNQ DEC25,1s,1,2891,2025-11-13 10:08:12,25407.25,25411.25,25406.5,25411,184,4.75,3.75,0.25,0.75,1,,,,
MNQ DEC25,1s,1,2892,2025-11-13 10:08:13,25410.75,25412.25,25409.75,25409.75,256,2.5,1,1.5,0,-1,,,,
MNQ DEC25,1s,1,2893,2025-11-13 10:08:14,25410,25411.75,25409.5,25409.75,84,2.25,0.25,1.75,0.25,-1,,,,
MNQ DEC25,1s,1,2894,2025-11-13 10:08:15,25409.25,25410.5,25407.25,25408.25,159,3.25,1,1.25,1,-1,,,,
MNQ DEC25,1s,1,2895,2025-11-13 10:08:16,25407.75,25411.25,25407.75,25409.75,110,3.5,2,1.5,0,1,,,,
MNQ DEC25,1s,1,2896,2025-11-13 10:08:17,25410.25,25414.5,25409.5,25410.75,295,5,0.5,3.75,0.75,1,,,,
MNQ DEC25,1s,1,2897,2025-11-13 10:08:18,25411.25,25411.75,25408.25,25409.75,140,3.5,1.5,0.5,1.5,-1,,,,
MNQ DEC25,1s,1,2898,2025-11-13 10:08:19,25409.5,25410.5,25407,25407.25,115,3.5,2.25,1,0.25,-1,,,,
MNQ DEC25,1s,1,2899,2025-11-13 10:08:20,25406.75,25408.25,25405.25,25408.25,203,3,1.5,0,1.5,1,,,,
MNQ DEC25,10s,10,5689,2025-11-13 10:08:20,25407.75,25414.5,25405.25,25408.25,1747,9.25,0.5,6.25,2.5,1,136.5,127.6,19.26666667,-21.5
MNQ DEC25,20s,20,5844,2025-11-13 10:08:20,25403,25414.5,25394,25408.25,3163,20.5,5.25,6.25,9,1,370.8,57.65,107.36666667,140.15
MNQ DEC25,1s,1,2900,2025-11-13 10:08:21,25408.25,25408.75,25406,25407.75,109,2.75,0.5,0.5,1.75,-1,,,,
MNQ DEC25,1s,1,2901,2025-11-13 10:08:22,25407.25,25409.75,25407.25,25409,44,2.5,1.75,0.75,0,1,,,,
MNQ DEC25,1s,1,2902,2025-11-13 10:08:23,25409,25411.5,25408.75,25409.75,93,2.75,0.75,1.75,0.25,1,,,,
MNQ DEC25,1s,1,2903,2025-11-13 10:08:24,25410.5,25411,25408.75,25410.75,68,2.25,0.25,0.25,1.75,1,,,,
MNQ DEC25,1s,1,2904,2025-11-13 10:08:25,25409.5,25412.5,25408.75,25411.75,64,3.75,2.25,0.75,0.75,1,,,,
MNQ DEC25,1s,1,2905,2025-11-13 10:08:26,25412.5,25414,25412,25412,137,2,0.5,1.5,0,-1,,,,
MNQ DEC25,1s,1,2906,2025-11-13 10:08:27,25412.25,25412.5,25409.5,25409.75,139,3,2.5,0.25,0.25,-1,,,,
MNQ DEC25,1s,1,2907,2025-11-13 10:08:28,25410,25411.75,25409.5,25411.25,73,2.25,1.25,0.5,0.5,1,,,,
MNQ DEC25,1s,1,2908,2025-11-13 10:08:29,25412,25415,25411.25,25411.75,125,3.75,0.25,3,0.5,-1,,,,
MNQ DEC25,1s,1,2909,2025-11-13 10:08:30,25411.5,25412.5,25410.5,25411,88,2,0.5,1,0.5,-1,,,,
MNQ DEC25,10s,10,5690,2025-11-13 10:08:30,25408.25,25415,25406,25411,940,9,2.75,4,2.25,1,193.9,57.4,69.66666667,-2.32
MNQ DEC25,1s,1,2910,2025-11-13 10:08:31,25411.25,25411.5,25408.5,25410.25,148,3,1,0.25,1.75,-1,,,,
MNQ DEC25,1s,1,2911,2025-11-13 10:08:32,25410.5,25413,25410,25412.5,58,3,2,0.5,0.5,1,,,,
MNQ DEC25,1s,1,2912,2025-11-13 10:08:33,25413,25424,25413,25422.25,925,11,9.25,1.75,0,1,,,,
MNQ DEC25,1s,1,2913,2025-11-13 10:08:34,25422.5,25422.5,25419.25,25419.25,172,3.25,3.25,0,0,-1,,,,
MNQ DEC25,1s,1,2914,2025-11-13 10:08:35,25419.5,25419.75,25416.25,25417,249,3.5,2.5,0.25,0.75,-1,,,,
MNQ DEC25,1s,1,2915,2025-11-13 10:08:36,25417,25419.75,25416.5,25418.25,138,3.25,1.25,1.5,0.5,1,,,,
MNQ DEC25,1s,1,2916,2025-11-13 10:08:37,25418.25,25419.5,25416.5,25419.25,108,3,1,0.25,1.75,1,,,,
MNQ DEC25,1s,1,2917,2025-11-13 10:08:38,25419.5,25419.75,25417.75,25418.25,81,2,1.25,0.25,0.5,-1,,,,
MNQ DEC25,1s,1,2918,2025-11-13 10:08:39,25417.75,25420.75,25417,25420.25,126,3.75,2.5,0.5,0.75,1,,,,
MNQ DEC25,1s,1,2919,2025-11-13 10:08:40,25420,25424,25419.25,25424,132,4.75,4,0,0.75,1,,,,
MNQ DEC25,10s,10,5691,2025-11-13 10:08:40,25411.25,25424,25408.5,25424,2137,15.5,12.75,0,2.75,1,297,103.1,96.03333333,43.66
MNQ DEC25,20s,20,5845,2025-11-13 10:08:40,25408.25,25424,25406,25424,3077,18,15.75,0,2.25,1,384.4,13.6,85.83333333,111.86
MNQ DEC25,1s,1,2920,2025-11-13 10:08:41,25423.75,25424,25421,25423.5,134,3,0.25,0.25,2.5,-1,,,,
MNQ DEC25,1s,1,2921,2025-11-13 10:08:42,25423.25,25426.75,25422,25426.25,378,4.75,3,0.5,1.25,1,,,,
MNQ DEC25,1s,1,2922,2025-11-13 10:08:43,25427,25435.75,25425.75,25430.75,978,10,3.75,5,1.25,1,,,,
MNQ DEC25,1s,1,2923,2025-11-13 10:08:44,25430.25,25430.75,25428,25429,299,2.75,1.25,0.5,1,-1,,,,
MNQ DEC25,1s,1,2924,2025-11-13 10:08:45,25429,25431,25427,25428.75,230,4,0.25,2,1.75,-1,,,,
MNQ DEC25,1s,1,2925,2025-11-13 10:08:46,25428.75,25429.5,25426,25426.5,228,3.5,2.25,0.75,0.5,-1,,,,
MNQ DEC25,1s,1,2926,2025-11-13 10:08:47,25426.25,25428.75,25426,25426.75,164,2.75,0.5,2,0.25,1,,,,
MNQ DEC25,1s,1,2927,2025-11-13 10:08:48,25426.75,25427.5,25424,25424.25,154,3.5,2.5,0.75,0.25,-1,,,,
MNQ DEC25,1s,1,2928,2025-11-13 10:08:49,25424,25427.5,25423,25424.25,416,4.5,0.25,3.25,1,1,,,,
MNQ DEC25,1s,1,2929,2025-11-13 10:08:50,25424.25,25427,25424,25426.75,125,3,2.5,0.25,0.25,1,,,,
MNQ DEC25,10s,10,5692,2025-11-13 10:08:50,25423.75,25435.75,25421,25426.75,3106,14.75,3,9,2.75,1,494.1,197.1,119.2,101.84
MNQ DEC25,1s,1,2930,2025-11-13 10:08:51,25427,25428.5,25426,25426.75,132,2.5,0.25,1.5,0.75,-1,,,,
MNQ DEC25,1s,1,2931,2025-11-13 10:08:52,25426,25427.5,25425.75,25426.75,45,1.75,0.75,0.75,0.25,1,,,,
MNQ DEC25,1s,1,2932,2025-11-13 10:08:53,25426.75,25426.75,25424.5,25426,146,2.25,0.75,0,1.5,-1,,,,
MNQ DEC25,1s,1,2933,2025-11-13 10:08:54,25426.25,25426.75,25425,25426.75,71,1.75,0.5,0,1.25,1,,,,
MNQ DEC25,1s,1,2934,2025-11-13 10:08:55,25427,25428,25425,25428,75,3,1,0,2,1,,,,
MNQ DEC25,1s,1,2935,2025-11-13 10:08:56,25427.75,25430,25427.5,25429.5,97,2.5,1.75,0.5,0.25,1,,,,
MNQ DEC25,1s,1,2936,2025-11-13 10:08:57,25429,25429.75,25426.75,25427.25,168,3,1.75,0.75,0.5,-1,,,,
MNQ DEC25,1s,1,2937,2025-11-13 10:08:58,25427.75,25428.25,25425,25426.5,98,3.25,1.25,0.5,1.5,-1,,,,
MNQ DEC25,1s,1,2938,2025-11-13 10:08:59,25426.25,25426.25,25423.75,25425.5,95,2.5,0.75,0,1.75,-1,,,,
MNQ DEC25,1s,1,2939,2025-11-13 10:09:00,25425.25,25426.5,25424.25,25425.75,103,2.25,0.5,0.75,1,1,,,,
MNQ DEC25,10s,10,5693,2025-11-13 10:09:00,25427,25430,25423.75,25425.75,1030,6.25,1.25,3,2,-1,432.1,-62,79.4,84.64
MNQ DEC25,20s,20,5846,2025-11-13 10:09:00,25423.75,25435.75,25421,25425.75,4136,14.75,2,10,2.75,1,469.4,85,52.08333333,84.14
MNQ DEC25,1s,1,2940,2025-11-13 10:09:01,25426,25429.5,25425.25,25429.25,319,4.25,3.25,0.25,0.75,1,,,,
MNQ DEC25,1s,1,2941,2025-11-13 10:09:02,25429,25437.25,25429,25436,389,8.25,7,1.25,0,1,,,,
MNQ DEC25,1s,1,2942,2025-11-13 10:09:03,25436.25,25437.25,25434.5,25436,177,2.75,0.25,1,1.5,-1,,,,
MNQ DEC25,1s,1,2943,2025-11-13 10:09:04,25436.75,25437.25,25433.5,25434.25,226,3.75,2.5,0.5,0.75,-1,,,,
MNQ DEC25,1s,1,2944,2025-11-13 10:09:05,25434.5,25435.5,25433,25433,139,2.5,1.5,1,0,-1,,,,
MNQ DEC25,1s,1,2945,2025-11-13 10:09:06,25432.75,25434.75,25432.5,25432.75,96,2.25,0,2,0.25,0,,,,
MNQ DEC25,1s,1,2946,2025-11-13 10:09:07,25433,25434.5,25432.5,25433.75,111,2,0.75,0.75,0.5,1,,,,
MNQ DEC25,1s,1,2947,2025-11-13 10:09:08,25433.75,25440.75,25433.75,25438.5,436,7,4.75,2.25,0,1,,,,
MNQ DEC25,1s,1,2948,2025-11-13 10:09:09,25438.5,25441.5,25438.25,25438.5,164,3.25,0,3,0.25,0,,,,
MNQ DEC25,1s,1,2949,2025-11-13 10:09:10,25439,25440.25,25438.25,25439.5,148,2,0.5,0.75,0.75,1,,,,
MNQ DEC25,10s,10,5694,2025-11-13 10:09:10,25426,25441.5,25425.25,25439.5,2205,16.25,13.5,2,0.75,1,445.75,13.65,49.58333333,61.85
MNQ DEC25,1s,1,2950,2025-11-13 10:09:11,25439,25440,25435.25,25436.5,176,4.75,2.5,1,1.25,-1,,,,
MNQ DEC25,1s,1,2951,2025-11-13 10:09:12,25436.5,25437.75,25436.5,25437,66,1.25,0.5,0.75,0,1,,,,
MNQ DEC25,1s,1,2952,2025-11-13 10:09:13,25437,25437.75,25434.25,25435.75,136,3.5,1.25,0.75,1.5,-1,,,,
MNQ DEC25,1s,1,2953,2025-11-13 10:09:14,25435.25,25437,25434,25436.5,104,3,1.25,0.5,1.25,1,,,,
MNQ DEC25,1s,1,2954,2025-11-13 10:09:15,25436.25,25436.25,25432.5,25432.75,135,3.75,3.5,0,0.25,-1,,,,
MNQ DEC25,1s,1,2955,2025-11-13 10:09:16,25433.5,25433.5,25431.25,25432.75,143,2.25,0.75,0,1.5,-1,,,,
MNQ DEC25,1s,1,2956,2025-11-13 10:09:17,25432.5,25434.25,25431.75,25433.5,82,2.5,1,0.75,0.75,1,,,,
MNQ DEC25,1s,1,2957,2025-11-13 10:09:18,25433.25,25435.25,25431.75,25432.75,139,3.5,0.5,2,1,-1,,,,
MNQ DEC25,1s,1,2958,2025-11-13 10:09:19,25432.5,25434.25,25428.75,25434.25,235,5.5,1.75,0,3.75,1,,,,
MNQ DEC25,1s,1,2959,2025-11-13 10:09:20,25434,25435,25432.25,25433.75,89,2.75,0.25,1,1.5,-1,,,,
MNQ DEC25,10s,10,5695,2025-11-13 10:09:20,25439,25440,25428.75,25433.75,1305,11.25,5.25,1,5,-1,484.75,39,-3.11666667,58.17
MNQ DEC25,20s,20,5847,2025-11-13 10:09:20,25426,25441.5,25425.25,25433.75,3510,16.25,7.75,7.75,0.75,1,844.95,375.55,158.05,143.61
MNQ DEC25,1s,1,2960,2025-11-13 10:09:21,25434.25,25436.5,25433.75,25435,68,2.75,0.75,1.5,0.5,1,,,,
MNQ DEC25,1s,1,2961,2025-11-13 10:09:22,25434.75,25434.75,25430,25432,114,4.75,2.75,0,2,-1,,,,
MNQ DEC25,1s,1,2962,2025-11-13 10:09:23,25432,25432.5,25430,25432,70,2.5,0,0.5,2,0,,,,
MNQ DEC25,1s,1,2963,2025-11-13 10:09:24,25431.75,25432.5,25430.25,25430.25,37,2.25,1.5,0.75,0,-1,,,,
MNQ DEC25,1s,1,2964,2025-11-13 10:09:25,25430.5,25430.5,25428.5,25429.75,103,2,0.75,0,1.25,-1,,,,
MNQ DEC25,1s,1,2965,2025-11-13 10:09:26,25429.5,25432.5,25429,25432.5,71,3.5,3,0,0.5,1,,,,
MNQ DEC25,1s,1,2966,2025-11-13 10:09:27,25432.25,25437.25,25432.25,25436.25,78,5,4,1,0,1,,,,
MNQ DEC25,1s,1,2967,2025-11-13 10:09:28,25436,25439,25435.5,25438.5,80,3.5,2.5,0.5,0.5,1,,,,
MNQ DEC25,1s,1,2968,2025-11-13 10:09:29,25438.5,25439.5,25437,25439,53,2.5,0.5,0.5,1.5,1,,,,
MNQ DEC25,1s,1,2969,2025-11-13 10:09:30,25439.25,25439.75,25436,25436.75,93,3.75,2.5,0.5,0.75,-1,,,,
MNQ DEC25,10s,10,5696,2025-11-13 10:09:30,25434.25,25439.75,25428.5,25436.75,767,11.25,2.5,3,5.75,1,207.3,-277.45,-74.93333333,-17.94
MNQ DEC25,1s,1,2970,2025-11-13 10:09:31,25436.75,25436.75,25434.5,25435,71,2.25,1.75,0,0.5,-1,,,,
MNQ DEC25,1s,1,2971,2025-11-13 10:09:32,25435.25,25436.25,25433.75,25435,112,2.5,0.25,1,1.25,-1,,,,
MNQ DEC25,1s,1,2972,2025-11-13 10:09:33,25435,25435,25432.5,25433.25,113,2.5,1.75,0,0.75,-1,,,,
MNQ DEC25,1s,1,2973,2025-11-13 10:09:34,25433,25434,25431.25,25431.25,66,2.75,1.75,1,0,-1,,,,
MNQ DEC25,1s,1,2974,2025-11-13 10:09:35,25431.5,25433.5,25431.5,25432.25,84,2,0.75,1.25,0,1,,,,
MNQ DEC25,1s,1,2975,2025-11-13 10:09:36,25433,25435.25,25433,25434,70,2.25,1,1.25,0,1,,,,
MNQ DEC25,1s,1,2976,2025-11-13 10:09:37,25434.5,25435.75,25432.5,25434.75,201,3.25,0.25,1,2,1,,,,
MNQ DEC25,1s,1,2977,2025-11-13 10:09:38,25434.25,25434.75,25431.5,25432.75,38,3.25,1.5,0.5,1.25,-1,,,,
MNQ DEC25,1s,1,2978,2025-11-13 10:09:39,25433,25435.5,25433,25434.75,96,2.5,1.75,0.75,0,1,,,,
MNQ DEC25,1s,1,2979,2025-11-13 10:09:40,25434.75,25435.25,25433.75,25434.75,43,1.5,0,0.5,1,0,,,,
MNQ DEC25,10s,10,5697,2025-11-13 10:09:40,25436.75,25436.75,25431.25,25434.75,894,5.5,2,0,3.5,-1,-213.45,-420.75,-219.73333333,-141.51
MNQ DEC25,20s,20,5848,2025-11-13 10:09:40,25434.25,25439.75,25428.5,25434.75,1661,11.25,0.5,5,5.75,1,632.7,-212.25,82.76666667,63.91
MNQ DEC25,1s,1,2980,2025-11-13 10:09:41,25434.75,25435.5,25432.5,25432.5,53,3,2.25,0.75,0,-1,,,,
MNQ DEC25,1s,1,2981,2025-11-13 10:09:42,25433,25433.25,25429.5,25430,90,3.75,3,0.25,0.5,-1,,,,
MNQ DEC25,1s,1,2982,2025-11-13 10:09:43,25429.5,25432,25429.25,25431.5,83,2.75,2,0.5,0.25,1,,,,
MNQ DEC25,1s,1,2983,2025-11-13 10:09:44,25431.25,25431.5,25430,25431,35,1.5,0.25,0.25,1,-1,,,,
MNQ DEC25,1s,1,2984,2025-11-13 10:09:45,25430.5,25433,25430.5,25432,47,2.5,1.5,1,0,1,,,,
MNQ DEC25,1s,1,2985,2025-11-13 10:09:46,25432,25433,25431.5,25432.25,56,1.5,0.25,0.75,0.5,1,,,,
MNQ DEC25,1s,1,2986,2025-11-13 10:09:47,25431.75,25433,25431.75,25433,28,1.25,1.25,0,0,1,,,,
MNQ DEC25,1s,1,2987,2025-11-13 10:09:48,25432.75,25434.75,25432,25434.5,49,2.75,1.75,0.25,0.75,1,,,,
MNQ DEC25,1s,1,2988,2025-11-13 10:09:49,25434.5,25434.75,25433.25,25433.75,22,1.5,0.75,0.25,0.5,-1,,,,
MNQ DEC25,1s,1,2989,2025-11-13 10:09:50,25435,25435.75,25434.25,25435.5,33,1.5,0.5,0.25,0.75,1,,,,
MNQ DEC25,10s,10,5698,2025-11-13 10:09:50,25434.75,25435.75,25429.25,25435.5,496,6.5,0.75,0.25,5.5,1,-233.95,-20.5,-239.56666667,-133.21
MNQ DEC25,1s,1,2990,2025-11-13 10:09:51,25435.5,25440,25434.75,25440,145,5.25,4.5,0,0.75,1,,,,
MNQ DEC25,1s,1,2991,2025-11-13 10:09:52,25439.5,25440,25436.75,25438,115,3.25,1.5,0.5,1.25,-1,,,,
MNQ DEC25,1s,1,2992,2025-11-13 10:09:53,25438.5,25440.5,25437.75,25440,69,2.75,1.5,0.5,0.75,1,,,,
MNQ DEC25,1s,1,2993,2025-11-13 10:09:54,25440,25442.75,25440,25441.25,189,2.75,1.25,1.5,0,1,,,,
MNQ DEC25,1s,1,2994,2025-11-13 10:09:55,25441.25,25442.5,25440.75,25441.5,141,1.75,0.25,1,0.5,1,,,,
MNQ DEC25,1s,1,2995,2025-11-13 10:09:56,25441.25,25442,25439.25,25439.25,118,2.75,2,0.75,0,-1,,,,
MNQ DEC25,1s,1,2996,2025-11-13 10:09:57,25439.25,25439.25,25436.75,25437.75,126,2.5,1.5,0,1,-1,,,,
MNQ DEC25,1s,1,2997,2025-11-13 10:09:58,25438.25,25441,25438,25439.75,116,3,1.5,1.25,0.25,1,,,,
MNQ DEC25,1s,1,2998,2025-11-13 10:09:59,25439.5,25440.25,25438.5,25438.5,46,1.75,1,0.75,0,-1,,,,
MNQ DEC25,1s,1,2999,2025-11-13 10:10:00,25439.25,25439.75,25438.25,25439.75,88,1.5,0.5,0,1,1,,,,
MNQ DEC25,10s,10,5699,2025-11-13 10:10:00,25435.5,25442.75,25434.75,25439.75,1153,8,4.25,3,0.75,1,-472.1,-238.15,-226.46666667,-183.57
MNQ DEC25,20s,20,5849,2025-11-13 10:10:00,25434.75,25442.75,25429.25,25439.75,1649,13.5,5,3,5.5,1,387.85,-244.85,-27.18333333,3.41
MNQ DEC25,1s,1,3000,2025-11-13 10:10:01,25439.75,25441.25,25434.5,25436.5,487,6.75,3.25,1.5,2,-1,,,,
MNQ DEC25,1s,1,3001,2025-11-13 10:10:02,25436.5,25438,25435.5,25436,152,2.5,0.5,1.5,0.5,-1,,,,
MNQ DEC25,1s,1,3002,2025-11-13 10:10:03,25436,25439.25,25436,25438.25,138,3.25,2.25,1,0,1,,,,
MNQ DEC25,1s,1,3003,2025-11-13 10:10:04,25437.5,25440,25437,25439,116,3,1.5,1,0.5,1,,,,
MNQ DEC25,1s,1,3004,2025-11-13 10:10:05,25438.5,25439.5,25437,25439,93,2.5,0.5,0.5,1.5,1,,,,
MNQ DEC25,1s,1,3005,2025-11-13 10:10:06,25438.5,25438.5,25434.75,25434.75,66,3.75,3.75,0,0,-1,,,,
MNQ DEC25,1s,1,3006,2025-11-13 10:10:07,25434.5,25434.75,25432.25,25434,98,2.5,0.5,0.25,1.75,-1,,,,
MNQ DEC25,1s,1,3007,2025-11-13 10:10:08,25433.5,25434.75,25431.5,25432.25,166,3.25,1.25,1.25,0.75,-1,,,,
MNQ DEC25,1s,1,3008,2025-11-13 10:10:09,25432.75,25433.25,25431.5,25432.5,138,1.75,0.25,0.5,1,-1,,,,
MNQ DEC25,1s,1,3009,2025-11-13 10:10:10,25432.25,25436.25,25432.25,25433.25,122,4,1,3,0,1,,,,
MNQ DEC25,10s,10,5700,2025-11-13 10:10:10,25439.75,25441.25,25431.5,25433.25,1576,9.75,6.5,1.5,1.75,-1,-445.4,26.7,-77.31666667,-186.03
MNQ DEC25,1s,1,3010,2025-11-13 10:10:11,25433.5,25433.75,25430.75,25431,90,3,2.5,0.25,0.25,-1,,,,
MNQ DEC25,1s,1,3011,2025-11-13 10:10:12,25431.25,25437.25,25429,25436.25,215,8.25,5,1,2.25,1,,,,
MNQ DEC25,1s,1,3012,2025-11-13 10:10:13,25436,25436,25433.25,25434.75,85,2.75,1.25,0,1.5,-1,,,,
MNQ DEC25,1s,1,3013,2025-11-13 10:10:14,25434.75,25435.25,25431.25,25432.25,79,4,2.5,0.5,1,-1,,,,
MNQ DEC25,1s,1,3014,2025-11-13 10:10:15,25431,25431.5,25429.25,25431,74,2.25,0,0.5,1.75,0,,,,
MNQ DEC25,1s,1,3015,2025-11-13 10:10:16,25431.5,25433.25,25431,25433.25,76,2.25,1.75,0,0.5,1,,,,
MNQ DEC25,1s,1,3016,2025-11-13 10:10:17,25432.5,25433.5,25430.5,25430.5,73,3,2,1,0,-1,,,,
MNQ DEC25,1s,1,3017,2025-11-13 10:10:18,25430,25430,25425.75,25426,230,4.25,4,0,0.25,-1,,,,
MNQ DEC25,1s,1,3018,2025-11-13 10:10:19,25425.5,25428.25,25423.75,25426.75,246,4.5,1.25,1.5,1.75,1,,,,
MNQ DEC25,1s,1,3019,2025-11-13 10:10:20,25426.25,25430.75,25425,25428,266,5.75,1.75,2.75,1.25,1,,,,
MNQ DEC25,10s,10,5701,2025-11-13 10:10:20,25433.5,25437.25,25423.75,25428,1434,13.5,5.5,3.75,4.25,-1,-289.05,156.35,-18.36666667,-99.27
MNQ DEC25,20s,20,5850,2025-11-13 10:10:20,25439.75,25441.25,25423.75,25428,3010,17.5,11.75,1.5,4.25,-1,295.25,-92.6,-183.23333333,-17.83
MNQ DEC25,1s,1,3020,2025-11-13 10:10:21,25428.5,25428.75,25426,25427.5,116,2.75,1,0.25,1.5,-1,,,,
MNQ DEC25,1s,1,3021,2025-11-13 10:10:22,25427.75,25430.75,25427.25,25429.25,120,3.5,1.5,1.5,0.5,1,,,,
MNQ DEC25,1s,1,3022,2025-11-13 10:10:23,25430.25,25430.5,25426,25428.25,159,4.5,2,0.25,2.25,-1,,,,
MNQ DEC25,1s,1,3023,2025-11-13 10:10:24,25427.75,25429.25,25427.75,25429.25,99,1.5,1.5,0,0,1,,,,
MNQ DEC25,1s,1,3024,2025-11-13 10:10:25,25429,25433.5,25428,25433.5,122,5.5,4.5,0,1,1,,,,
MNQ DEC25,1s,1,3025,2025-11-13 10:10:26,25433.25,25434.5,25432.25,25433,90,2.25,0.25,1.25,0.75,-1,,,,
MNQ DEC25,1s,1,3026,2025-11-13 10:10:27,25432.75,25433.25,25429.5,25430,74,3.75,2.75,0.5,0.5,-1,,,,
MNQ DEC25,1s,1,3027,2025-11-13 10:10:28,25430,25430.5,25427.75,25429.25,110,2.75,0.75,0.5,1.5,-1,,,,
MNQ DEC25,1s,1,3028,2025-11-13 10:10:29,25429,25429.5,25428,25428.25,130,1.5,0.75,0.5,0.25,-1,,,,
MNQ DEC25,1s,1,3029,2025-11-13 10:10:30,25428.25,25430.25,25426,25430,174,4.25,1.75,0.25,2.25,1,,,,
MNQ DEC25,10s,10,5702,2025-11-13 10:10:30,25428.5,25434.5,25426,25430,1194,8.5,1.5,4.5,2.5,1,-186.85,102.2,95.08333333,5.32
MNQ DEC25,1s,1,3030,2025-11-13 10:10:31,25429.75,25430,25427.25,25429,99,2.75,0.75,0.25,1.75,-1,,,,
MNQ DEC25,1s,1,3031,2025-11-13 10:10:32,25429,25431.25,25429,25429.25,112,2.25,0.25,2,0,1,,,,
MNQ DEC25,1s,1,3032,2025-11-13 10:10:33,25429.5,25433.5,25428.75,25430.5,95,4.75,1,3,0.75,1,,,,
MNQ DEC25,1s,1,3033,2025-11-13 10:10:34,25431,25432.25,25430.25,25430.75,35,2,0.25,1.25,0.5,-1,,,,
MNQ DEC25,1s,1,3034,2025-11-13 10:10:35,25431.5,25431.5,25428.5,25428.5,118,3,3,0,0,-1,,,,
MNQ DEC25,1s,1,3035,2025-11-13 10:10:36,25428.75,25429,25423.5,25424.75,175,5.5,4,0.25,1.25,-1,,,,
MNQ DEC25,1s,1,3036,2025-11-13 10:10:37,25423.5,25425.25,25422.75,25425.25,93,2.5,1.75,0,0.75,1,,,,
MNQ DEC25,1s,1,3037,2025-11-13 10:10:38,25425,25425.5,25421.5,25423.25,213,4,1.75,0.5,1.75,-1,,,,
MNQ DEC25,1s,1,3038,2025-11-13 10:10:39,25423.75,25426.25,25423,25425,154,3.25,1.25,1.25,0.75,1,,,,
MNQ DEC25,1s,1,3039,2025-11-13 10:10:40,25424.25,25424.25,25419,25422.25,302,5.25,2,0,3.25,-1,,,,
MNQ DEC25,10s,10,5703,2025-11-13 10:10:40,25429.75,25433.5,25419,25422.25,1396,14.5,7.5,3.75,3.25,-1,-15.65,171.2,143.25,43.66
MNQ DEC25,20s,20,5851,2025-11-13 10:10:40,25428.5,25434.5,25419,25422.25,2590,15.5,6.25,6,3.25,-1,-65.1,-360.35,-232.6,-106.9
MNQ DEC25,1s,1,3040,2025-11-13 10:10:41,25421.75,25423.25,25420.5,25421.25,127,2.75,0.5,1.5,0.75,-1,,,,
MNQ DEC25,1s,1,3041,2025-11-13 10:10:42,25421.25,25422,25420.25,25421.25,89,1.75,0,0.75,1,0,,,,
MNQ DEC25,1s,1,3042,2025-11-13 10:10:43,25422.25,25422.5,25416.5,25417,221,6,5.25,0.25,0.5,-1,,,,
MNQ DEC25,1s,1,3043,2025-11-13 10:10:44,25416.75,25418.5,25415.75,25418,159,2.75,1.25,0.5,1,1,,,,
MNQ DEC25,1s,1,3044,2025-11-13 10:10:45,25418,25420.5,25416.75,25419.75,127,3.75,1.75,0.75,1.25,1,,,,
MNQ DEC25,1s,1,3045,2025-11-13 10:10:46,25420.25,25422.25,25419,25420.25,120,3.25,0,2,1.25,0,,,,
MNQ DEC25,1s,1,3046,2025-11-13 10:10:47,25420.25,25421,25416.25,25416.75,284,4.75,3.5,0.75,0.5,-1,,,,
MNQ DEC25,1s,1,3047,2025-11-13 10:10:48,25416.75,25420.25,25416.75,25420.25,155,3.5,3.5,0,0,1,,,,
MNQ DEC25,1s,1,3048,2025-11-13 10:10:49,25420,25420.75,25418.75,25420.25,125,2,0.25,0.5,1.25,1,,,,
MNQ DEC25,1s,1,3049,2025-11-13 10:10:50,25419.75,25420.5,25418.25,25419,97,2.25,0.75,0.75,0.75,-1,,,,
MNQ DEC25,10s,10,5704,2025-11-13 10:10:50,25421.75,25423.25,25415.75,25419,1504,7.5,2.75,1.5,3.25,-1,25.4,41.05,104.81666667,99.5
MNQ DEC25,1s,1,3050,2025-11-13 10:10:51,25419.5,25420.5,25417.25,25419,74,3.25,0.5,1,1.75,-1,,,,
MNQ DEC25,1s,1,3051,2025-11-13 10:10:52,25419.25,25421.5,25419,25420.75,71,2.5,1.5,0.75,0.25,1,,,,
MNQ DEC25,1s,1,3052,2025-11-13 10:10:53,25420.25,25420.75,25418,25419.25,70,2.75,1,0.5,1.25,-1,,,,
MNQ DEC25,1s,1,3053,2025-11-13 10:10:54,25419.5,25420.5,25418.25,25419.25,56,2.25,0.25,1,1,-1,,,,
MNQ DEC25,1s,1,3054,2025-11-13 10:10:55,25419.75,25422,25419.75,25421.25,74,2.25,1.5,0.75,0,1,,,,
MNQ DEC25,1s,1,3055,2025-11-13 10:10:56,25421.5,25422.5,25421,25422,62,1.5,0.5,0.5,0.5,1,,,,
MNQ DEC25,1s,1,3056,2025-11-13 10:10:57,25422.25,25428,25422.25,25426,228,5.75,3.75,2,0,1,,,,
MNQ DEC25,1s,1,3057,2025-11-13 10:10:58,25426.75,25430.5,25426.25,25429.75,160,4.25,3,0.75,0.5,1,,,,
MNQ DEC25,1s,1,3058,2025-11-13 10:10:59,25430,25430,25427.75,25428.5,110,2.25,1.5,0,0.75,-1,,,,
MNQ DEC25,1s,1,3059,2025-11-13 10:11:00,25428.5,25430.25,25428,25429.25,83,2.25,0.75,1,0.5,1,,,,
MNQ DEC25,10s,10,5705,2025-11-13 10:11:00,25419.5,25430.5,25417.25,25429.25,988,13.25,9.75,1.25,2.25,1,-101.8,-127.2,28.35,68.72
MNQ DEC25,20s,20,5852,2025-11-13 10:11:00,25421.75,25430.5,25415.75,25429.25,2492,14.75,7.5,1.25,6,1,-292.7,-227.6,-226.85,-227.53
MNQ DEC25,1s,1,3060,2025-11-13 10:11:01,25429.75,25434.25,25429.5,25430.75,205,4.75,1,3.5,0.25,1,,,,
MNQ DEC25,1s,1,3061,2025-11-13 10:11:02,25431.25,25432.5,25428.25,25428.75,110,4.25,2.5,1.25,0.5,-1,,,,
MNQ DEC25,1s,1,3062,2025-11-13 10:11:03,25429.25,25429.5,25425.25,25425.25,156,4.25,4,0.25,0,-1,,,,
MNQ DEC25,1s,1,3063,2025-11-13 10:11:04,25425.5,25429.25,25425.25,25427.5,109,4,2,1.75,0.25,1,,,,
MNQ DEC25,1s,1,3064,2025-11-13 10:11:05,25427.75,25428,25426.5,25427.25,31,1.5,0.5,0.25,0.75,-1,,,,
MNQ DEC25,1s,1,3065,2025-11-13 10:11:06,25428.25,25429,25425.5,25426,63,3.5,2.25,0.75,0.5,-1,,,,
MNQ DEC25,1s,1,3066,2025-11-13 10:11:07,25425.25,25427.75,25425,25427.75,61,2.75,2.5,0,0.25,1,,,,
MNQ DEC25,1s,1,3067,2025-11-13 10:11:08,25427.5,25429.5,25427,25428.25,84,2.5,0.75,1.25,0.5,1,,,,
MNQ DEC25,1s,1,3068,2025-11-13 10:11:09,25427.25,25427.75,25421.5,25425.25,251,6.25,2,0.5,3.75,-1,,,,
MNQ DEC25,1s,1,3069,2025-11-13 10:11:10,25425,25426.75,25424,25426,83,2.75,1,0.75,1,1,,,,
MNQ DEC25,10s,10,5706,2025-11-13 10:11:10,25429.75,25434.25,25421.5,25426,1153,12.75,3.75,4.5,4.5,-1,-150.55,-48.75,-44.96666667,27.7
MNQ DEC25,1s,1,3070,2025-11-13 10:11:11,25426,25427,25423.5,25424.5,115,3.5,1.5,1,1,-1,,,,
MNQ DEC25,1s,1,3071,2025-11-13 10:11:12,25425,25426.25,25423.5,25425.5,98,2.75,0.5,0.75,1.5,1,,,,
MNQ DEC25,1s,1,3072,2025-11-13 10:11:13,25425.25,25427,25423.5,25425.75,89,3.5,0.5,1.25,1.75,1,,,,
MNQ DEC25,1s,1,3073,2025-11-13 10:11:14,25426,25426,25423,25423.25,60,3,2.75,0,0.25,-1,,,,
MNQ DEC25,1s,1,3074,2025-11-13 10:11:15,25423.5,25423.75,25422,25423.5,80,1.75,0,0.25,1.5,0,,,,
MNQ DEC25,1s,1,3075,2025-11-13 10:11:16,25423.75,25423.75,25419.75,25420.25,77,4,3.5,0,0.5,-1,,,,
MNQ DEC25,1s,1,3076,2025-11-13 10:11:17,25420.5,25421.25,25419.75,25421,92,1.5,0.5,0.25,0.75,1,,,,
MNQ DEC25,1s,1,3077,2025-11-13 10:11:18,25420.75,25423,25420,25420.5,98,3,0.25,2.25,0.5,-1,,,,
MNQ DEC25,1s,1,3078,2025-11-13 10:11:19,25420.75,25422.5,25420,25421,89,2.5,0.25,1.5,0.75,1,,,,
MNQ DEC25,1s,1,3079,2025-11-13 10:11:20,25420.75,25423.5,25420.25,25422.75,92,3.25,2,0.75,0.5,1,,,,
MNQ DEC25,10s,10,5707,2025-11-13 10:11:20,25426,25427,25419.75,25422.75,890,7.25,3.25,1,3,-1,-180.35,-29.8,-68.58333333,1.3
MNQ DEC25,20s,20,5853,2025-11-13 10:11:20,25429.75,25434.25,25419.75,25422.75,2043,14.5,7,4.5,3,-1,-174.65,118.05,-156.63333333,-161.47
MNQ DEC25,1s,1,3080,2025-11-13 10:11:21,25423.5,25427,25423.25,25427,85,3.75,3.5,0,0.25,1,,,,
MNQ DEC25,1s,1,3081,2025-11-13 10:11:22,25426.75,25429.5,25426.5,25428.25,103,3,1.5,1.25,0.25,1,,,,
MNQ DEC25,1s,1,3082,2025-11-13 10:11:23,25428.25,25428.25,25425,25427.25,84,3.25,1,0,2.25,-1,,,,
MNQ DEC25,1s,1,3083,2025-11-13 10:11:24,25427.75,25428.5,25426.5,25428.5,92,2,0.75,0,1.25,1,,,,
MNQ DEC25,1s,1,3084,2025-11-13 10:11:25,25428.5,25428.5,25424.25,25424.25,100,4.25,4.25,0,0,-1,,,,
MNQ DEC25,1s,1,3085,2025-11-13 10:11:26,25424,25424.5,25422.5,25422.75,42,2,1.25,0.5,0.25,-1,,,,
MNQ DEC25,1s,1,3086,2025-11-13 10:11:27,25423,25423.75,25421,25421,76,2.75,2,0.75,0,-1,,,,
MNQ DEC25,1s,1,3087,2025-11-13 10:11:28,25421.5,25422.5,25419.25,25419.75,179,3.25,1.75,1,0.5,-1,,,,
MNQ DEC25,1s,1,3088,2025-11-13 10:11:29,25419.75,25421.75,25419.5,25421.5,69,2.25,1.75,0.25,0.25,1,,,,
MNQ DEC25,1s,1,3089,2025-11-13 10:11:30,25421.75,25425.25,25421,25421,73,4.25,0.75,3.5,0,-1,,,,
MNQ DEC25,10s,10,5708,2025-11-13 10:11:30,25423.5,25429.5,25419.25,25421,903,10.25,2.5,6,1.75,-1,-253.3,-72.95,-50.5,-47.53
MNQ DEC25,1s,1,3090,2025-11-13 10:11:31,25421,25421.75,25419.25,25419.5,91,2.5,1.5,0.75,0.25,-1,,,,
MNQ DEC25,1s,1,3091,2025-11-13 10:11:32,25419.25,25420.5,25414.25,25420.5,317,6.25,1.25,0,5,1,,,,
MNQ DEC25,1s,1,3092,2025-11-13 10:11:33,25420,25421.25,25418.5,25420.5,113,2.75,0.5,0.75,1.5,1,,,,
MNQ DEC25,1s,1,3093,2025-11-13 10:11:34,25420.5,25422.5,25420.25,25421,67,2.25,0.5,1.5,0.25,1,,,,
MNQ DEC25,1s,1,3094,2025-11-13 10:11:35,25421,25423.75,25420,25420,60,3.75,1,2.75,0,-1,,,,
MNQ DEC25,1s,1,3095,2025-11-13 10:11:36,25420.75,25421.25,25420.25,25420.75,36,1,0,0.5,0.5,0,,,,
MNQ DEC25,1s,1,3096,2025-11-13 10:11:37,25421,25422.25,25420.25,25420.5,62,2,0.5,1.25,0.25,-1,,,,
MNQ DEC25,1s,1,3097,2025-11-13 10:11:38,25420.25,25422.75,25418.75,25422.75,28,4,2.5,0,1.5,1,,,,
MNQ DEC25,1s,1,3098,2025-11-13 10:11:39,25421.5,25421.5,25419.25,25419.75,33,2.25,1.75,0,0.5,-1,,,,
MNQ DEC25,1s,1,3099,2025-11-13 10:11:40,25419,25420.25,25418,25418.5,61,2.25,0.5,1.25,0.5,-1,,,,
MNQ DEC25,10s,10,5709,2025-11-13 10:11:40,25421,25423.75,25414.25,25418.5,868,9.5,2.5,2.75,4.25,-1,-336.55,-83.25,-62,-72.39
MNQ DEC25,20s,20,5854,2025-11-13 10:11:40,25423.5,25429.5,25414.25,25418.5,1771,15.25,5,6,4.25,-1,-133.45,41.2,-22.78333333,-104.26
MNQ DEC25,1s,1,3100,2025-11-13 10:11:41,25419,25421.75,25418.25,25421.75,79,3.5,2.75,0,0.75,1,,,,
MNQ DEC25,1s,1,3101,2025-11-13 10:11:42,25421,25422.25,25418.75,25421.5,68,3.5,0.5,0.75,2.25,1,,,,
MNQ DEC25,1s,1,3102,2025-11-13 10:11:43,25420.5,25422.5,25419.25,25422.25,45,3.25,1.75,0.25,1.25,1,,,,
MNQ DEC25,1s,1,3103,2025-11-13 10:11:44,25422,25423.5,25422,25422.25,35,1.5,0.25,1.25,0,1,,,,
MNQ DEC25,1s,1,3104,2025-11-13 10:11:45,25422.25,25424.75,25421.75,25424.25,98,3,2,0.5,0.5,1,,,,
MNQ DEC25,1s,1,3105,2025-11-13 10:11:46,25423.5,25426.75,25423.5,25425,100,3.25,1.5,1.75,0,1,,,,
MNQ DEC25,1s,1,3106,2025-11-13 10:11:47,25425,25427.25,25425,25426.75,58,2.25,1.75,0.5,0,1,,,,
MNQ DEC25,1s,1,3107,2025-11-13 10:11:48,25426.75,25428.75,25425.75,25428.75,76,3,2,0,1,1,,,,
MNQ DEC25,1s,1,3108,2025-11-13 10:11:49,25429,25429.25,25426,25426,63,3.25,3,0.25,0,-1,,,,
MNQ DEC25,1s,1,3109,2025-11-13 10:11:50,25425.5,25425.75,25423.25,25424.75,41,2.5,0.75,0.25,1.5,-1,,,,
MNQ DEC25,10s,10,5710,2025-11-13 10:11:50,25419,25429.25,25418.25,25424.75,663,11,5.75,4.5,0.75,1,-387.7,-51.15,-69.11666667,-57.18
MNQ DEC25,1s,1,3110,2025-11-13 10:11:51,25425.5,25427.75,25424.75,25427,42,3,1.5,0.75,0.75,1,,,,
MNQ DEC25,1s,1,3111,2025-11-13 10:11:52,25427.75,25428,25426,25426.75,47,2,1,0.25,0.75,-1,,,,
MNQ DEC25,1s,1,3112,2025-11-13 10:11:53,25427,25428,25426.25,25427.75,22,1.75,0.75,0.25,0.75,1,,,,
MNQ DEC25,1s,1,3113,2025-11-13 10:11:54,25427.5,25427.5,25425.25,25425.75,32,2.25,1.75,0,0.5,-1,,,,
MNQ DEC25,1s,1,3114,2025-11-13 10:11:55,25426.25,25426.75,25424.75,25425.25,27,2,1,0.5,0.5,-1,,,,
MNQ DEC25,1s,1,3115,2025-11-13 10:11:56,25424.75,25425,25421.25,25423.5,91,3.75,1.25,0.25,2.25,-1,,,,
MNQ DEC25,1s,1,3116,2025-11-13 10:11:57,25423,25425.25,25422,25425,60,3.25,2,0.25,1,1,,,,
MNQ DEC25,1s,1,3117,2025-11-13 10:11:58,25425.25,25425.25,25423.25,25423.75,35,2,1.5,0,0.5,-1,,,,
MNQ DEC25,1s,1,3118,2025-11-13 10:11:59,25424.75,25427.75,25424.75,25427.75,68,3,3,0,0,1,,,,
MNQ DEC25,1s,1,3119,2025-11-13 10:12:00,25428.25,25428.25,25425.25,25426.25,22,3,2,0,1,-1,,,,
MNQ DEC25,10s,10,5711,2025-11-13 10:12:00,25425.5,25428.25,25421.25,25426.25,446,7,0.75,2,4.25,1,-444.55,-56.85,-63.75,-58.8
MNQ DEC25,20s,20,5855,2025-11-13 10:12:00,25419,25429.25,25418.25,25426.25,1109,11,7.25,3,0.75,1,-450.55,-317.1,-52.61666667,-149.16
MNQ DEC25,1s,1,3120,2025-11-13 10:12:01,25426.5,25432,25426.5,25431.5,152,5.5,5,0.5,0,1,,,,
MNQ DEC25,1s,1,3121,2025-11-13 10:12:02,25431.5,25433.5,25430.5,25433,226,3,1.5,0.5,1,1,,,,
MNQ DEC25,1s,1,3122,2025-11-13 10:12:03,25433.25,25438,25432.75,25435.25,328,5.25,2,2.75,0.5,1,,,,
MNQ DEC25,1s,1,3123,2025-11-13 10:12:04,25435.25,25435.5,25434,25434,157,1.5,1.25,0.25,0,-1,,,,
MNQ DEC25,1s,1,3124,2025-11-13 10:12:05,25434.25,25436,25434,25435,99,2,0.75,1,0.25,1,,,,
MNQ DEC25,1s,1,3125,2025-11-13 10:12:06,25434,25435,25433.25,25433.5,75,1.75,0.5,1,0.25,-1,,,,
MNQ DEC25,1s,1,3126,2025-11-13 10:12:07,25433,25433,25430.5,25433,71,2.5,0,0,2.5,0,,,,
MNQ DEC25,1s,1,3127,2025-11-13 10:12:08,25432.75,25433.25,25431.25,25433.25,63,2,0.5,0,1.5,1,,,,
MNQ DEC25,1s,1,3128,2025-11-13 10:12:09,25433.5,25434,25431.5,25433.5,71,2.5,0,0.5,2,0,,,,
MNQ DEC25,1s,1,3129,2025-11-13 10:12:10,25434,25435.5,25432.25,25434.75,81,3.25,0.75,0.75,1.75,1,,,,
MNQ DEC25,10s,10,5712,2025-11-13 10:12:10,25426.5,25438,25426.5,25434.75,1323,11.5,8.25,3.25,0,1,-268.8,175.75,22.58333333,-17.69
MNQ DEC25,1s,1,3130,2025-11-13 10:12:11,25433.75,25434,25430.5,25431.75,100,3.5,2,0.25,1.25,-1,,,,
MNQ DEC25,1s,1,3131,2025-11-13 10:12:12,25432,25432,25428.5,25429.75,120,3.5,2.25,0,1.25,-1,,,,
MNQ DEC25,1s,1,3132,2025-11-13 10:12:13,25430,25433.75,25429.5,25433.5,46,4.25,3.5,0.25,0.5,1,,,,
MNQ DEC25,1s,1,3133,2025-11-13 10:12:14,25433,25433,25429.5,25430.25,82,3.5,2.75,0,0.75,-1,,,,
MNQ DEC25,1s,1,3134,2025-11-13 10:12:15,25429,25432.25,25429,25431.5,135,3.25,2.5,0.75,0,1,,,,
MNQ DEC25,1s,1,3135,2025-11-13 10:12:16,25431.5,25432.5,25430.25,25431,72,2.25,0.5,1,0.75,-1,,,,
MNQ DEC25,1s,1,3136,2025-11-13 10:12:17,25431,25436.5,25431,25436,100,5.5,5,0.5,0,1,,,,
MNQ DEC25,1s,1,3137,2025-11-13 10:12:18,25436,25436,25434.75,25435.25,56,1.25,0.75,0,0.5,-1,,,,
MNQ DEC25,1s,1,3138,2025-11-13 10:12:19,25435.5,25438.5,25435.25,25436.75,66,3.25,1.25,1.75,0.25,1,,,,
MNQ DEC25,1s,1,3139,2025-11-13 10:12:20,25437,25438.25,25435.5,25437.75,169,2.75,0.75,0.5,1.5,1,,,,
MNQ DEC25,10s,10,5713,2025-11-13 10:12:20,25433.75,25438.5,25428.5,25437.75,946,10,4,0.75,5.25,1,-256,12.8,43.9,-0.54
MNQ DEC25,20s,20,5856,2025-11-13 10:12:20,25426.5,25438.5,25426.5,25437.75,2269,12,11.25,0.75,0,1,-528.3,-77.75,-117.88333333,-92.64
MNQ DEC25,1s,1,3140,2025-11-13 10:12:21,25437.25,25438.5,25435.75,25438.5,76,2.75,1.25,0,1.5,1,,,,
MNQ DEC25,1s,1,3141,2025-11-13 10:12:22,25438,25440.25,25436,25439.25,202,4.25,1.25,1,2,1,,,,
MNQ DEC25,1s,1,3142,2025-11-13 10:12:23,25439.75,25439.75,25437.25,25438.25,181,2.5,1.5,0,1,-1,,,,
MNQ DEC25,1s,1,3143,2025-11-13 10:12:24,25438.75,25439,25434.75,25435.5,160,4.25,3.25,0.25,0.75,-1,,,,
MNQ DEC25,1s,1,3144,2025-11-13 10:12:25,25436,25436.25,25432.5,25433.5,84,3.75,2.5,0.25,1,-1,,,,
MNQ DEC25,1s,1,3145,2025-11-13 10:12:26,25434,25434.75,25432.25,25432.25,57,2.5,1.75,0.75,0,-1,,,,
MNQ DEC25,1s,1,3146,2025-11-13 10:12:27,25434,25435.5,25434,25435,42,1.5,1,0.5,0,1,,,,
MNQ DEC25,1s,1,3147,2025-11-13 10:12:28,25435.25,25439.75,25435,25439.25,46,4.75,4,0.5,0.25,1,,,,
MNQ DEC25,1s,1,3148,2025-11-13 10:12:29,25439.5,25444,25438.75,25443.5,259,5.25,4,0.5,0.75,1,,,,
MNQ DEC25,1s,1,3149,2025-11-13 10:12:30,25443,25453,25443,25449,1218,10,6,4,0,1,,,,
MNQ DEC25,10s,10,5714,2025-11-13 10:12:30,25437.25,25453,25432.25,25449,2325,20.75,11.75,4,5,1,29.4,285.4,157.98333333,73.19
MNQ DEC25,1s,1,3150,2025-11-13 10:12:31,25449,25452.25,25447,25451.75,241,5.25,2.75,0.5,2,1,,,,
MNQ DEC25,1s,1,3151,2025-11-13 10:12:32,25452,25454,25449.75,25452.75,198,4.25,0.75,1.25,2.25,1,,,,
MNQ DEC25,1s,1,3152,2025-11-13 10:12:33,25452.25,25452.75,25450.75,25451.75,139,2,0.5,0.5,1,-1,,,,
MNQ DEC25,1s,1,3153,2025-11-13 10:12:34,25451.25,25452.5,25450.25,25450.5,191,2.25,0.75,1.25,0.25,-1,,,,
MNQ DEC25,1s,1,3154,2025-11-13 10:12:35,25450.5,25451.75,25450.25,25451.25,149,1.5,0.75,0.5,0.25,1,,,,
MNQ DEC25,1s,1,3155,2025-11-13 10:12:36,25450.5,25453,25449.75,25452.75,111,3.25,2.25,0.25,0.75,1,,,,
MNQ DEC25,1s,1,3156,2025-11-13 10:12:37,25452.5,25459.75,25452.25,25457.25,552,7.5,4.75,2.5,0.25,1,,,,
MNQ DEC25,1s,1,3157,2025-11-13 10:12:38,25457,25459.25,25456.25,25458.25,238,3,1.25,1,0.75,1,,,,
MNQ DEC25,1s,1,3158,2025-11-13 10:12:39,25458.5,25462,25458.25,25458.75,355,3.75,0.25,3.25,0.25,1,,,,
MNQ DEC25,1s,1,3159,2025-11-13 10:12:40,25459.25,25459.25,25455.25,25457,241,4,2.25,0,1.75,-1,,,,
MNQ DEC25,10s,10,5715,2025-11-13 10:12:40,25449,25462,25447,25457,2415,15,8,5,2,1,324.3,294.9,197.7,142.4
MNQ DEC25,20s,20,5857,2025-11-13 10:12:40,25437.25,25462,25432.25,25457,4740,29.75,19.75,5,5,1,-252.15,276.15,-39.56666667,8.11
MNQ DEC25,1s,1,3160,2025-11-13 10:12:41,25457,25457.25,25454.75,25455,189,2.5,2,0.25,0.25,-1,,,,
MNQ DEC25,1s,1,3161,2025-11-13 10:12:42,25455.5,25455.5,25453.5,25454,134,2,1.5,0,0.5,-1,,,,
MNQ DEC25,1s,1,3162,2025-11-13 10:12:43,25454.25,25458.75,25453.5,25458.25,157,5.25,4,0.5,0.75,1,,,,
MNQ DEC25,1s,1,3163,2025-11-13 10:12:44,25458.25,25461,25458.25,25459.5,134,2.75,1.25,1.5,0,1,,,,
MNQ DEC25,1s,1,3164,2025-11-13 10:12:45,25459.5,25463.75,25459.5,25461.5,211,4.25,2,2.25,0,1,,,,
MNQ DEC25,1s,1,3165,2025-11-13 10:12:46,25462,25463.5,25460.25,25461.75,166,3.25,0.25,1.5,1.5,-1,,,,
MNQ DEC25,1s,1,3166,2025-11-13 10:12:47,25461.5,25464.25,25461.25,25462,169,3,0.5,2.25,0.25,1,,,,
MNQ DEC25,1s,1,3167,2025-11-13 10:12:48,25462.25,25463.25,25461.25,25461.25,161,2,1,1,0,-1,,,,
MNQ DEC25,1s,1,3168,2025-11-13 10:12:49,25461.25,25463,25460.5,25460.75,169,2.5,0.5,1.75,0.25,-1,,,,
MNQ DEC25,1s,1,3169,2025-11-13 10:12:50,25461.25,25461.25,25458.25,25458.75,147,3,2.5,0,0.5,-1,,,,
MNQ DEC25,10s,10,5716,2025-11-13 10:12:50,25457,25464.25,25453.5,25458.75,1637,10.75,1.75,5.5,3.5,1,519,194.7,258.33333333,192.71
MNQ DEC25,1s,1,3170,2025-11-13 10:12:51,25459,25460,25458.5,25459.25,111,1.5,0.25,0.75,0.5,1,,,,
MNQ DEC25,1s,1,3171,2025-11-13 10:12:52,25460.5,25460.5,25457,25458,127,3.5,2.5,0,1,-1,,,,
MNQ DEC25,1s,1,3172,2025-11-13 10:12:53,25458,25459.75,25458,25459,73,1.75,1,0.75,0,1,,,,
MNQ DEC25,1s,1,3173,2025-11-13 10:12:54,25458.5,25459,25456.5,25456.75,86,2.5,1.75,0.5,0.25,-1,,,,
MNQ DEC25,1s,1,3174,2025-11-13 10:12:55,25456.5,25457.75,25456,25456,124,1.75,0.5,1.25,0,-1,,,,
MNQ DEC25,1s,1,3175,2025-11-13 10:12:56,25456,25456.25,25453.5,25455.25,171,2.75,0.75,0.25,1.75,-1,,,,
MNQ DEC25,1s,1,3176,2025-11-13 10:12:57,25455,25456.75,25454.5,25456.75,113,2.25,1.75,0,0.5,1,,,,
MNQ DEC25,1s,1,3177,2025-11-13 10:12:58,25456.75,25457.75,25456.25,25456.25,40,1.5,0.5,1,0,-1,,,,
MNQ DEC25,1s,1,3178,2025-11-13 10:12:59,25456.25,25457.25,25455.25,25455.25,73,2,1,1,0,-1,,,,
MNQ DEC25,1s,1,3179,2025-11-13 10:13:00,25455.25,25455.75,25452,25453.5,143,3.75,1.75,0.5,1.5,-1,,,,
MNQ DEC25,10s,10,5717,2025-11-13 10:13:00,25459,25460.5,25452,25453.5,1061,8.5,5.5,1.5,1.5,-1,458.25,-60.75,142.95,145.41
MNQ DEC25,20s,20,5858,2025-11-13 10:13:00,25457,25464.25,25452,25453.5,2698,12.25,3.5,7.25,1.5,-1,-154.8,97.35,98.58333333,3.97
MNQ DEC25,1s,1,3180,2025-11-13 10:13:01,25453.25,25456.5,25452.5,25456,266,4,2.75,0.5,0.75,1,,,,
MNQ DEC25,1s,1,3181,2025-11-13 10:13:02,25456.25,25457.25,25455,25456.75,118,2.25,0.5,0.5,1.25,1,,,,
MNQ DEC25,1s,1,3182,2025-11-13 10:13:03,25457,25457.75,25454.75,25455.5,141,3,1.5,0.75,0.75,-1,,,,
MNQ DEC25,1s,1,3183,2025-11-13 10:13:04,25455.75,25457.75,25454.5,25455.5,135,3.25,0.25,2,1,-1,,,,
MNQ DEC25,1s,1,3184,2025-11-13 10:13:05,25455,25455.25,25453.5,25454.5,127,1.75,0.5,0.25,1,-1,,,,
MNQ DEC25,1s,1,3185,2025-11-13 10:13:06,25455,25457,25454.75,25456,131,2.25,1,1,0.25,1,,,,
MNQ DEC25,1s,1,3186,2025-11-13 10:13:07,25456.25,25456.5,25451.75,25452.75,103,4.75,3.5,0.25,1,-1,,,,
MNQ DEC25,1s,1,3187,2025-11-13 10:13:08,25452.75,25454.5,25452.25,25453.75,75,2.25,1,0.75,0.5,1,,,,
MNQ DEC25,1s,1,3188,2025-11-13 10:13:09,25453.75,25454.75,25451.25,25453.25,145,3.5,0.5,1,2,-1,,,,
MNQ DEC25,1s,1,3189,2025-11-13 10:13:10,25453,25453.25,25451.25,25451.75,73,2,1.25,0.25,0.5,-1,,,,
MNQ DEC25,10s,10,5718,2025-11-13 10:13:10,25453.25,25457.75,25451.25,25451.75,1314,6.5,1.5,4.5,0.5,-1,490.95,32.7,55.55,149.39
MNQ DEC25,1s,1,3190,2025-11-13 10:13:11,25451.25,25451.75,25450,25451.25,132,1.75,0,0.5,1.25,0,,,,
MNQ DEC25,1s,1,3191,2025-11-13 10:13:12,25451.5,25451.5,25446,25446,225,5.5,5.5,0,0,-1,,,,
MNQ DEC25,1s,1,3192,2025-11-13 10:13:13,25446.5,25447.25,25443.25,25445.5,154,4,1,0.75,2.25,-1,,,,
MNQ DEC25,1s,1,3193,2025-11-13 10:13:14,25444.5,25445.5,25444.25,25444.75,78,1.25,0.25,0.75,0.25,1,,,,
MNQ DEC25,1s,1,3194,2025-11-13 10:13:15,25444,25444.25,25440,25442.25,242,4.25,1.75,0.25,2.25,-1,,,,
MNQ DEC25,1s,1,3195,2025-11-13 10:13:16,25442,25444,25441.25,25443.25,113,2.75,1.25,0.75,0.75,1,,,,
MNQ DEC25,1s,1,3196,2025-11-13 10:13:17,25443.25,25444.5,25442.5,25444,63,2,0.75,0.5,0.75,1,,,,
MNQ DEC25,1s,1,3197,2025-11-13 10:13:18,25444.75,25448.75,25444,25448.25,121,4.75,3.5,0.5,0.75,1,,,,
MNQ DEC25,1s,1,3198,2025-11-13 10:13:19,25448.25,25448.5,25446.75,25446.75,55,1.75,1.5,0.25,0,-1,,,,
MNQ DEC25,1s,1,3199,2025-11-13 10:13:20,25448,25448,25445.25,25447.25,87,2.75,0.75,0,2,-1,,,,
MNQ DEC25,10s,10,5719,2025-11-13 10:13:20,25451.25,25451.75,25440,25447.25,1270,11.75,4,0.5,7.25,-1,274.1,-216.85,-81.63333333,48.94
MNQ DEC25,20s,20,5859,2025-11-13 10:13:20,25453.25,25457.75,25440,25447.25,2584,17.75,6,4.5,7.25,-1,19.6,174.4,182.63333333,30.61
MNQ DEC25,1s,1,3200,2025-11-13 10:13:21,25446.75,25448.75,25446.5,25447.5,64,2.25,0.75,1.25,0.25,1,,,,
MNQ DEC25,1s,1,3201,2025-11-13 10:13:22,25448,25448,25445.5,25448,67,2.5,0,0,2.5,0,,,,
MNQ DEC25,1s,1,3202,2025-11-13 10:13:23,25448.25,25449.25,25448,25448.5,63,1.25,0.25,0.75,0.25,1,,,,
MNQ DEC25,1s,1,3203,2025-11-13 10:13:24,25447.75,25448.25,25446.5,25446.5,71,1.75,1.25,0.5,0,-1,,,,
MNQ DEC25,1s,1,3204,2025-11-13 10:13:25,25446.25,25447.5,25445,25445.5,69,2.5,0.75,1.25,0.5,-1,,,,
MNQ DEC25,1s,1,3205,2025-11-13 10:13:26,25446,25450.5,25445.5,25449.5,98,5,3.5,1,0.5,1,,,,
MNQ DEC25,1s,1,3206,2025-11-13 10:13:27,25450,25450,25448.5,25449,43,1.5,1,0,0.5,-1,,,,
MNQ DEC25,1s,1,3207,2025-11-13 10:13:28,25449,25449.75,25448.25,25448.25,40,1.5,0.75,0.75,0,-1,,,,
MNQ DEC25,1s,1,3208,2025-11-13 10:13:29,25447.75,25447.75,25444.75,25445.75,100,3,2,0,1,-1,,,,
MNQ DEC25,1s,1,3209,2025-11-13 10:13:30,25445.75,25448.75,25445.75,25446.5,85,3,0.75,2.25,0,1,,,,
MNQ DEC25,10s,10,5720,2025-11-13 10:13:30,25446.75,25450.5,25444.75,25446.5,700,5.75,0.25,3.75,1.75,-1,-25.1,-299.2,-161.11666667,-69.88
MNQ DEC25,1s,1,3210,2025-11-13 10:13:31,25447,25447.25,25444.5,25445.25,70,2.75,1.75,0.25,0.75,-1,,,,
MNQ DEC25,1s,1,3211,2025-11-13 10:13:32,25444.75,25445.75,25444.25,25445.5,53,1.5,0.75,0.25,0.5,1,,,,
MNQ DEC25,1s,1,3212,2025-11-13 10:13:33,25445.25,25447,25445,25446.75,89,2,1.5,0.25,0.25,1,,,,
MNQ DEC25,1s,1,3213,2025-11-13 10:13:34,25445.75,25446,25443.5,25443.75,56,2.5,2,0.25,0.25,-1,,,,
MNQ DEC25,1s,1,3214,2025-11-13 10:13:35,25443.5,25444.5,25441.75,25444.5,115,2.75,1,0,1.75,1,,,,
MNQ DEC25,1s,1,3215,2025-11-13 10:13:36,25443.25,25446,25442.75,25445.75,68,3.25,2.5,0.25,0.5,1,,,,
MNQ DEC25,1s,1,3216,2025-11-13 10:13:37,25445.25,25447,25445,25445.75,74,2,0.5,1.25,0.25,1,,,,
MNQ DEC25,1s,1,3217,2025-11-13 10:13:38,25446.25,25446.25,25441.25,25443,62,5,3.25,0,1.75,-1,,,,
MNQ DEC25,1s,1,3218,2025-11-13 10:13:39,25443.25,25444.25,25442.75,25444,40,1.5,0.75,0.25,0.5,1,,,,
MNQ DEC25,1s,1,3219,2025-11-13 10:13:40,25444.25,25444.25,25440.5,25441,94,3.75,3.25,0,0.5,-1,,,,
MNQ DEC25,10s,10,5721,2025-11-13 10:13:40,25447,25447.25,25440.5,25441,721,6.75,6,0.25,0.5,-1,-172.65,-147.55,-221.2,-138.33
MNQ DEC25,20s,20,5860,2025-11-13 10:13:40,25446.75,25450.5,25440.5,25441,1421,10,5.75,3.75,0.5,-1,156.9,137.3,136.35,121.49
MNQ DEC25,1s,1,3220,2025-11-13 10:13:41,25440.75,25441.5,25437.25,25438.25,190,4.25,2.5,0.75,1,-1,,,,
MNQ DEC25,1s,1,3221,2025-11-13 10:13:42,25438.5,25441.75,25438.25,25440.75,145,3.5,2.25,1,0.25,1,,,,
MNQ DEC25,1s,1,3222,2025-11-13 10:13:43,25440.75,25442.25,25440.75,25442,47,1.5,1.25,0.25,0,1,,,,
MNQ DEC25,1s,1,3223,2025-11-13 10:13:44,25442,25444.25,25441.5,25443.75,90,2.75,1.75,0.5,0.5,1,,,,
MNQ DEC25,1s,1,3224,2025-11-13 10:13:45,25442.75,25443.75,25441.5,25443.5,69,2.25,0.75,0.25,1.25,1,,,,
MNQ DEC25,1s,1,3225,2025-11-13 10:13:46,25443,25443.5,25441.75,25443.25,41,1.75,0.25,0.25,1.25,1,,,,
MNQ DEC25,1s,1,3226,2025-11-13 10:13:47,25442.75,25444.5,25442,25444.5,47,2.5,1.75,0,0.75,1,,,,
MNQ DEC25,1s,1,3227,2025-11-13 10:13:48,25444.25,25446.25,25443.5,25443.75,107,2.75,0.5,2,0.25,-1,,,,
MNQ DEC25,1s,1,3228,2025-11-13 10:13:49,25443.5,25445.75,25443,25445.75,27,2.75,2.25,0,0.5,1,,,,
MNQ DEC25,1s,1,3229,2025-11-13 10:13:50,25445.75,25446.25,25444.25,25444.75,62,2,1,0.5,0.5,-1,,,,
MNQ DEC25,10s,10,5722,2025-11-13 10:13:50,25440.75,25446.25,25437.25,25444.75,825,9,4,1.5,3.5,1,-201.4,-28.75,-158.5,-131.93
MNQ DEC25,1s,1,3230,2025-11-13 10:13:51,25445,25445,25441.5,25441.75,68,3.5,3.25,0,0.25,-1,,,,
MNQ DEC25,1s,1,3231,2025-11-13 10:13:52,25442,25444.5,25441.5,25444.5,26,3,2.5,0,0.5,1,,,,
MNQ DEC25,1s,1,3232,2025-11-13 10:13:53,25444.5,25447.25,25444.5,25447.25,35,2.75,2.75,0,0,1,,,,
MNQ DEC25,1s,1,3233,2025-11-13 10:13:54,25447.5,25449,25446,25448,116,3,0.5,1,1.5,1,,,,
MNQ DEC25,1s,1,3234,2025-11-13 10:13:55,25447.25,25448.25,25446.5,25448.25,49,1.75,1,0,0.75,1,,,,
MNQ DEC25,1s,1,3235,2025-11-13 10:13:56,25447.75,25449.25,25446.25,25447,49,3,0.75,1.5,0.75,-1,,,,
MNQ DEC25,1s,1,3236,2025-11-13 10:13:57,25447.75,25447.75,25445.25,25445.25,59,2.5,2.5,0,0,-1,,,,
MNQ DEC25,1s,1,3237,2025-11-13 10:13:58,25445.75,25447,25445.25,25447,23,1.75,1.25,0,0.5,1,,,,
MNQ DEC25,1s,1,3238,2025-11-13 10:13:59,25447.25,25449.25,25446.5,25449.25,19,2.75,2,0,0.75,1,,,,
MNQ DEC25,1s,1,3239,2025-11-13 10:14:00,25449.25,25450,25446.75,25449.25,140,3.25,0,0.75,2.5,0,,,,
MNQ DEC25,10s,10,5723,2025-11-13 10:14:00,25445,25450,25441.5,25449.25,584,8.5,4.25,0.75,3.5,1,-306.8,-105.4,-93.9,-159.55
MNQ DEC25,20s,20,5861,2025-11-13 10:14:00,25440.75,25450,25437.25,25449.25,1409,12.75,8.5,0.75,3.5,1,77.35,-79.55,77.38333333,121.13
MNQ DEC25,1s,1,3240,2025-11-13 10:14:01,25449.25,25459.5,25449.25,25459.25,387,10.25,10,0.25,0,1,,,,
MNQ DEC25,1s,1,3241,2025-11-13 10:14:02,25459,25459.75,25456.5,25458.25,194,3.25,0.75,0.75,1.75,-1,,,,
MNQ DEC25,1s,1,3242,2025-11-13 10:14:03,25458.75,25459.5,25457.75,25458.5,102,1.75,0.25,0.75,0.75,-1,,,,
MNQ DEC25,1s,1,3243,2025-11-13 10:14:04,25458.5,25460.25,25458.25,25460,149,2,1.5,0.25,0.25,1,,,,
MNQ DEC25,1s,1,3244,2025-11-13 10:14:05,25459.5,25460.25,25458.25,25459,163,2,0.5,0.75,0.75,-1,,,,
MNQ DEC25,1s,1,3245,2025-11-13 10:14:06,25459.5,25462,25459,25460,176,3,0.5,2,0.5,1,,,,
MNQ DEC25,1s,1,3246,2025-11-13 10:14:07,25460.25,25465,25460.25,25464,230,4.75,3.75,1,0,1,,,,
MNQ DEC25,1s,1,3247,2025-11-13 10:14:08,25464.25,25467.5,25464.25,25467.5,387,3.25,3.25,0,0,1,,,,
MNQ DEC25,1s,1,3248,2025-11-13 10:14:09,25467,25472.75,25466.75,25471.5,570,6,4.5,1.25,0.25,1,,,,
MNQ DEC25,1s,1,3249,2025-11-13 10:14:10,25471.5,25473.25,25470.5,25472.25,173,2.75,0.75,1,1,1,,,,
MNQ DEC25,10s,10,5724,2025-11-13 10:14:10,25449.25,25473.25,25449.25,25472.25,2531,24,23,1,0,1,-105.95,200.85,22.23333333,-76.01
MNQ DEC25,1s,1,3250,2025-11-13 10:14:11,25472.25,25472.25,25468.25,25469.5,127,4,2.75,0,1.25,-1,,,,
MNQ DEC25,1s,1,3251,2025-11-13 10:14:12,25469.25,25470.5,25467.75,25469.25,147,2.75,0,1.25,1.5,0,,,,
MNQ DEC25,1s,1,3252,2025-11-13 10:14:13,25469.25,25470.75,25468,25469.5,77,2.75,0.25,1.25,1.25,1,,,,
MNQ DEC25,1s,1,3253,2025-11-13 10:14:14,25469.5,25470.25,25467,25468,102,3.25,1.5,0.75,1,-1,,,,
MNQ DEC25,1s,1,3254,2025-11-13 10:14:15,25467.75,25468.25,25465,25466.5,157,3.25,1.25,0.5,1.5,-1,,,,
MNQ DEC25,1s,1,3255,2025-11-13 10:14:16,25466.5,25468.25,25465.75,25466.25,182,2.5,0.25,1.75,0.5,-1,,,,
MNQ DEC25,1s,1,3256,2025-11-13 10:14:17,25466.5,25468.25,25465.75,25468.25,114,2.5,1.75,0,0.75,1,,,,
MNQ DEC25,1s,1,3257,2025-11-13 10:14:18,25467.75,25469.25,25467.5,25468.75,116,1.75,1,0.5,0.25,1,,,,
MNQ DEC25,1s,1,3258,2025-11-13 10:14:19,25469,25469.5,25467,25468.5,72,2.5,0.5,0.5,1.5,-1,,,,
MNQ DEC25,1s,1,3259,2025-11-13 10:14:20,25468.75,25470.5,25468.5,25469,116,2,0.25,1.5,0.25,1,,,,
MNQ DEC25,10s,10,5725,2025-11-13 10:14:20,25472.25,25472.25,25465,25469,1210,7.25,3.25,0,4,-1,-15.05,90.9,62.11666667,2.01
MNQ DEC25,20s,20,5862,2025-11-13 10:14:20,25449.25,25473.25,25449.25,25469,3741,24,19.75,4.25,0,1,-223.65,-301,-81.08333333,5.7
MNQ DEC25,1s,1,3260,2025-11-13 10:14:21,25468.75,25471,25467.5,25470.75,99,3.5,2,0.25,1.25,1,,,,
MNQ DEC25,1s,1,3261,2025-11-13 10:14:22,25470.5,25476,25470.5,25475.5,285,5.5,5,0.5,0,1,,,,
MNQ DEC25,1s,1,3262,2025-11-13 10:14:23,25474.5,25475.25,25473,25473.75,107,2.25,0.75,0.75,0.75,-1,,,,
MNQ DEC25,1s,1,3263,2025-11-13 10:14:24,25473.5,25475,25472.25,25472.5,82,2.75,1,1.5,0.25,-1,,,,
MNQ DEC25,1s,1,3264,2025-11-13 10:14:25,25472.5,25472.75,25470,25471.5,110,2.75,1,0.25,1.5,-1,,,,
MNQ DEC25,1s,1,3265,2025-11-13 10:14:26,25471,25471,25467.25,25468,144,3.75,3,0,0.75,-1,,,,
MNQ DEC25,1s,1,3266,2025-11-13 10:14:27,25467.5,25469.75,25467.5,25468.5,175,2.25,1,1.25,0,1,,,,
MNQ DEC25,1s,1,3267,2025-11-13 10:14:28,25468.25,25468.5,25466.5,25467.75,64,2,0.5,0.25,1.25,-1,,,,
MNQ DEC25,1s,1,3268,2025-11-13 10:14:29,25467.75,25468.5,25464.5,25464.5,195,4,3.25,0.75,0,-1,,,,
MNQ DEC25,1s,1,3269,2025-11-13 10:14:30,25464.25,25467.25,25464,25465.25,109,3.25,1,2,0.25,1,,,,
MNQ DEC25,10s,10,5726,2025-11-13 10:14:30,25468.75,25476,25464,25465.25,1370,12,3.5,7.25,1.25,-1,103.9,118.95,136.9,55.31
MNQ DEC25,1s,1,3270,2025-11-13 10:14:31,25466,25468.25,25465.75,25467.5,122,2.5,1.5,0.75,0.25,1,,,,
MNQ DEC25,1s,1,3271,2025-11-13 10:14:32,25467.5,25468,25466,25467.5,106,2,0,0.5,1.5,0,,,,
MNQ DEC25,1s,1,3272,2025-11-13 10:14:33,25467,25467.75,25464.25,25466.75,81,3.5,0.25,0.75,2.5,-1,,,,
MNQ DEC25,1s,1,3273,2025-11-13 10:14:34,25466.25,25468.25,25465.75,25468,95,2.5,1.75,0.25,0.5,1,,,,
MNQ DEC25,1s,1,3274,2025-11-13 10:14:35,25468.25,25469.5,25467.5,25468,93,2,0.25,1.25,0.5,-1,,,,
MNQ DEC25,1s,1,3275,2025-11-13 10:14:36,25467,25469,25466.25,25468.75,73,2.75,1.75,0.25,0.75,1,,,,
MNQ DEC25,1s,1,3276,2025-11-13 10:14:37,25468.25,25468.75,25465.5,25466,61,3.25,2.25,0.5,0.5,-1,,,,
MNQ DEC25,1s,1,3277,2025-11-13 10:14:38,25466,25468.5,25466,25467.75,59,2.5,1.75,0.75,0,1,,,,
MNQ DEC25,1s,1,3278,2025-11-13 10:14:39,25467.5,25467.75,25466.75,25467.75,23,1,0.25,0,0.75,1,,,,
MNQ DEC25,1s,1,3279,2025-11-13 10:14:40,25467.75,25469,25466.75,25469,83,2.25,1.25,0,1,1,,,,
MNQ DEC25,10s,10,5727,2025-11-13 10:14:40,25466,25469.5,25464.25,25469,796,5.25,3,0.5,1.75,1,102.8,-1.1,69.58333333,60.84
MNQ DEC25,20s,20,5863,2025-11-13 10:14:40,25468.75,25476,25464,25469,2166,12,0.25,7,4.75,1,-297.75,-74.1,-151.55,-28.59
MNQ DEC25,1s,1,3280,2025-11-13 10:14:41,25469.25,25469.25,25467,25468.75,70,2.25,0.5,0,1.75,-1,,,,
MNQ DEC25,1s,1,3281,2025-11-13 10:14:42,25468.25,25469,25465.75,25468,110,3.25,0.25,0.75,2.25,-1,,,,
MNQ DEC25,1s,1,3282,2025-11-13 10:14:43,25468,25469.25,25466.75,25468.75,76,2.5,0.75,0.5,1.25,1,,,,
MNQ DEC25,1s,1,3283,2025-11-13 10:14:44,25468.5,25468.5,25466,25467,59,2.5,1.5,0,1,-1,,,,
MNQ DEC25,1s,1,3284,2025-11-13 10:14:45,25467,25467.5,25465.25,25465.5,52,2.25,1.5,0.5,0.25,-1,,,,
MNQ DEC25,1s,1,3285,2025-11-13 10:14:46,25465.5,25468.5,25465.5,25468.25,77,3,2.75,0.25,0,1,,,,
MNQ DEC25,1s,1,3286,2025-11-13 10:14:47,25468.25,25468.75,25466,25467,63,2.75,1.25,0.5,1,-1,,,,
MNQ DEC25,1s,1,3287,2025-11-13 10:14:48,25467,25468,25466.25,25467.25,73,1.75,0.25,0.75,0.75,1,,,,
MNQ DEC25,1s,1,3288,2025-11-13 10:14:49,25467,25467.75,25463.25,25464,130,4.5,3,0.75,0.75,-1,,,,
MNQ DEC25,1s,1,3289,2025-11-13 10:14:50,25464,25464.5,25462.5,25463.5,83,2,0.5,0.5,1,-1,,,,
MNQ DEC25,10s,10,5728,2025-11-13 10:14:50,25469.25,25469.25,25462.5,25463.5,793,6.75,5.75,0,1,-1,150.1,47.3,55.05,91.38
MNQ DEC25,1s,1,3290,2025-11-13 10:14:51,25462.75,25464,25462.25,25463.5,95,1.75,0.75,0.5,0.5,1,,,,
MNQ DEC25,1s,1,3291,2025-11-13 10:14:52,25464.25,25466.5,25464,25466.25,85,2.5,2,0.25,0.25,1,,,,
MNQ DEC25,1s,1,3292,2025-11-13 10:14:53,25466,25466.25,25464.5,25466,89,1.75,0,0.25,1.5,0,,,,
MNQ DEC25,1s,1,3293,2025-11-13 10:14:54,25465.25,25466.25,25464.75,25464.75,40,1.5,0.5,1,0,-1,,,,
MNQ DEC25,1s,1,3294,2025-11-13 10:14:55,25464.75,25467.75,25464.75,25466.75,74,3,2,1,0,1,,,,
MNQ DEC25,1s,1,3295,2025-11-13 10:14:56,25466.5,25468.5,25466.5,25467.25,55,2,0.75,1.25,0,1,,,,
MNQ DEC25,1s,1,3296,2025-11-13 10:14:57,25467.25,25467.5,25465.5,25466.25,95,2,1,0.25,0.75,-1,,,,
MNQ DEC25,1s,1,3297,2025-11-13 10:14:58,25467.25,25468.5,25466.75,25468,20,1.75,0.75,0.5,0.5,1,,,,
MNQ DEC25,1s,1,3298,2025-11-13 10:14:59,25467.75,25469,25467.5,25468.25,75,1.5,0.5,0.75,0.25,1,,,,
MNQ DEC25,1s,1,3299,2025-11-13 10:15:00,25468.5,25469.75,25467.5,25468.25,90,2.25,0.25,1.25,0.75,-1,,,,
MNQ DEC25,10s,10,5729,2025-11-13 10:15:00,25462.75,25469.75,25462.25,25468.25,718,7.5,5.5,1.5,0.5,1,-205,-355.1,-102.96666667,-19.81
MNQ DEC25,20s,20,5864,2025-11-13 10:15:00,25469.25,25469.75,25462.25,25468.25,1511,7.5,1,0.5,6,-1,-429.75,-132,-169.03333333,-89.87
MNQ DEC25,1s,1,3300,2025-11-13 10:15:01,25468.5,25471.25,25467,25468.25,545,4.25,0.25,2.75,1.25,-1,,,,
MNQ DEC25,1s,1,3301,2025-11-13 10:15:02,25468.25,25470.25,25466.25,25469.25,141,4,1,1,2,1,,,,
MNQ DEC25,1s,1,3302,2025-11-13 10:15:03,25469.75,25472.75,25469.75,25471.25,119,3,1.5,1.5,0,1,,,,
MNQ DEC25,1s,1,3303,2025-11-13 10:15:04,25471.5,25475,25470.75,25475,147,4.25,3.5,0,0.75,1,,,,
MNQ DEC25,1s,1,3304,2025-11-13 10:15:05,25475,25477.75,25474.75,25475.75,277,3,0.75,2,0.25,1,,,,
MNQ DEC25,1s,1,3305,2025-11-13 10:15:06,25475.75,25476.5,25474.75,25475,152,1.75,0.75,0.75,0.25,-1,,,,
MNQ DEC25,1s,1,3306,2025-11-13 10:15:07,25474.75,25477,25474.25,25476,143,2.75,1.25,1,0.5,1,,,,
MNQ DEC25,1s,1,3307,2025-11-13 10:15:08,25475.5,25476,25474.5,25474.75,59,1.5,0.75,0.5,0.25,-1,,,,
MNQ DEC25,1s,1,3308,2025-11-13 10:15:09,25475.5,25475.5,25470.75,25472.25,150,4.75,3.25,0,1.5,-1,,,,
MNQ DEC25,1s,1,3309,2025-11-13 10:15:10,25472.5,25473,25468.25,25468.25,163,4.75,4.25,0.5,0,-1,,,,
MNQ DEC25,10s,10,5730,2025-11-13 10:15:10,25468.5,25477.75,25466.25,25468.25,1896,11.5,0.25,9.25,2,-1,-129.45,75.55,-77.41666667,-22.88
MNQ DEC25,1s,1,3310,2025-11-13 10:15:11,25468.25,25469.25,25466.5,25468.75,119,2.75,0.5,0.5,1.75,1,,,,
MNQ DEC25,1s,1,3311,2025-11-13 10:15:12,25468.5,25469,25465.5,25466.75,143,3.5,1.75,0.5,1.25,-1,,,,
MNQ DEC25,1s,1,3312,2025-11-13 10:15:13,25466.25,25468.25,25466,25467,79,2.25,0.75,1.25,0.25,1,,,,
MNQ DEC25,1s,1,3313,2025-11-13 10:15:14,25467.25,25469.5,25467,25468,108,2.5,0.75,1.5,0.25,1,,,,
MNQ DEC25,1s,1,3314,2025-11-13 10:15:15,25468.5,25468.5,25466.25,25466.75,64,2.25,1.75,0,0.5,-1,,,,
MNQ DEC25,1s,1,3315,2025-11-13 10:15:16,25467,25467.75,25463.25,25465.25,164,4.5,1.75,0.75,2,-1,,,,
MNQ DEC25,1s,1,3316,2025-11-13 10:15:17,25465,25467,25465,25466.5,90,2,1.5,0.5,0,1,,,,
MNQ DEC25,1s,1,3317,2025-11-13 10:15:18,25466.25,25467.5,25464.5,25466,157,3,0.25,1.25,1.5,-1,,,,
MNQ DEC25,1s,1,3318,2025-11-13 10:15:19,25466,25469.5,25466,25467,90,3.5,1,2.5,0,1,,,,
MNQ DEC25,1s,1,3319,2025-11-13 10:15:20,25467,25469,25465.5,25468.5,74,3.5,1.5,0.5,1.5,1,,,,
MNQ DEC25,10s,10,5731,2025-11-13 10:15:20,25468.25,25469.5,25463.25,25468.5,1088,6.25,0.25,1,5,1,-217.95,-88.5,-122.68333333,-64.37
MNQ DEC25,20s,20,5865,2025-11-13 10:15:20,25468.5,25477.75,25463.25,25468.5,2984,14.5,0,9.25,5.25,0,-112.5,317.25,37.05,-53.88
MNQ DEC25,1s,1,3320,2025-11-13 10:15:21,25469,25469.75,25467.25,25468.25,40,2.5,0.75,0.75,1,-1,,,,
MNQ DEC25,1s,1,3321,2025-11-13 10:15:22,25468,25469,25467.5,25468.25,31,1.5,0.25,0.75,0.5,1,,,,
MNQ DEC25,1s,1,3322,2025-11-13 10:15:23,25467.75,25468,25465,25465,57,3,2.75,0.25,0,-1,,,,
MNQ DEC25,1s,1,3323,2025-11-13 10:15:24,25464.5,25465.75,25462.5,25462.75,64,3.25,1.75,1.25,0.25,-1,,,,
MNQ DEC25,1s,1,3324,2025-11-13 10:15:25,25463.5,25466,25463.5,25465.5,62,2.5,2,0.5,0,1,,,,
MNQ DEC25,1s,1,3325,2025-11-13 10:15:26,25465,25470.25,25464.75,25468.25,147,5.5,3.25,2,0.25,1,,,,
MNQ DEC25,1s,1,3326,2025-11-13 10:15:27,25468.5,25469,25466,25466.25,93,3,2.25,0.5,0.25,-1,,,,
MNQ DEC25,1s,1,3327,2025-11-13 10:15:28,25465.25,25467.75,25465.25,25466.5,72,2.5,1.25,1.25,0,1,,,,
MNQ DEC25,1s,1,3328,2025-11-13 10:15:29,25465.5,25466,25463.25,25464,64,2.75,1.5,0.5,0.75,-1,,,,
MNQ DEC25,1s,1,3329,2025-11-13 10:15:30,25463.5,25465,25463.25,25465,52,1.75,1.5,0,0.25,1,,,,
MNQ DEC25,10s,10,5732,2025-11-13 10:15:30,25469,25470.25,25462.5,25465,682,7.75,4,1.25,2.5,-1,-208.7,9.25,-1.23333333,-62.3
MNQ DEC25,1s,1,3330,2025-11-13 10:15:31,25465,25467.5,25464.75,25467.5,121,2.75,2.5,0,0.25,1,,,,
MNQ DEC25,1s,1,3331,2025-11-13 10:15:32,25467.75,25472.25,25467.75,25471,167,4.5,3.25,1.25,0,1,,,,
MNQ DEC25,1s,1,3332,2025-11-13 10:15:33,25470.5,25473.25,25468.75,25473,57,4.5,2.5,0.25,1.75,1,,,,
MNQ DEC25,1s,1,3333,2025-11-13 10:15:34,25472.5,25474.5,25472.5,25474.25,79,2,1.75,0.25,0,1,,,,
MNQ DEC25,1s,1,3334,2025-11-13 10:15:35,25474.25,25475.75,25473.75,25473.75,163,2,0.5,1.5,0,-1,,,,
MNQ DEC25,1s,1,3335,2025-11-13 10:15:36,25474.25,25475.25,25473.25,25474,86,2,0.25,1,0.75,-1,,,,
MNQ DEC25,1s,1,3336,2025-11-13 10:15:37,25473.75,25474,25471.75,25473,101,2.25,0.75,0.25,1.25,-1,,,,
MNQ DEC25,1s,1,3337,2025-11-13 10:15:38,25473,25473,25471,25471.5,43,2,1.5,0,0.5,-1,,,,
MNQ DEC25,1s,1,3338,2025-11-13 10:15:39,25471.25,25471.75,25467.75,25469.75,94,4,1.5,0.5,2,-1,,,,
MNQ DEC25,1s,1,3339,2025-11-13 10:15:40,25469.75,25471,25469,25469.75,59,2,0,1.25,0.75,0,,,,
MNQ DEC25,10s,10,5733,2025-11-13 10:15:40,25465,25475.75,25464.75,25469.75,970,11,4.75,6,0.25,1,-174.5,34.2,-15.01666667,-64.92
MNQ DEC25,20s,20,5866,2025-11-13 10:15:40,25469,25475.75,25462.5,25469.75,1652,13.25,0.75,6,6.5,1,60.3,172.8,119.35,-3.41
MNQ DEC25,1s,1,3340,2025-11-13 10:15:41,25470,25472,25469.25,25470.75,43,2.75,0.75,1.25,0.75,1,,,,
MNQ DEC25,1s,1,3341,2025-11-13 10:15:42,25470.75,25473.5,25470.25,25472.75,112,3.25,2,0.75,0.5,1,,,,
MNQ DEC25,1s,1,3342,2025-11-13 10:15:43,25472.75,25473,25471,25471,30,2,1.75,0.25,0,-1,,,,
MNQ DEC25,1s,1,3343,2025-11-13 10:15:44,25470.75,25473.75,25470.75,25472.75,39,3,2,1,0,1,,,,
MNQ DEC25,1s,1,3344,2025-11-13 10:15:45,25473,25473.25,25472,25472.75,38,1.25,0.25,0.25,0.75,-1,,,,
MNQ DEC25,1s,1,3345,2025-11-13 10:15:46,25472,25472,25467.25,25467.25,80,4.75,4.75,0,0,-1,,,,
MNQ DEC25,1s,1,3346,2025-11-13 10:15:47,25467.25,25469.5,25467.25,25469.5,28,2.25,2.25,0,0,1,,,,
MNQ DEC25,1s,1,3347,2025-11-13 10:15:48,25468.75,25470.25,25468.25,25469.5,58,2,0.75,0.75,0.5,1,,,,
MNQ DEC25,1s,1,3348,2025-11-13 10:15:49,25469,25470.25,25468,25468.5,39,2.25,0.5,1.25,0.5,-1,,,,
MNQ DEC25,1s,1,3349,2025-11-13 10:15:50,25468,25471.5,25467.5,25471.5,67,4,3.5,0,0.5,1,,,,
MNQ DEC25,10s,10,5734,2025-11-13 10:15:50,25470,25473.75,25467.25,25471.5,534,6.5,1.5,2.25,2.75,1,-121.75,52.75,32.06666667,16.65
MNQ DEC25,1s,1,3350,2025-11-13 10:15:51,25470.75,25472.25,25470.75,25471.5,51,1.5,0.75,0.75,0,1,,,,
MNQ DEC25,1s,1,3351,2025-11-13 10:15:52,25471.75,25472.75,25471,25471.25,36,1.75,0.5,1,0.25,-1,,,,
MNQ DEC25,1s,1,3352,2025-11-13 10:15:53,25471.75,25473.25,25471.75,25472.5,51,1.5,0.75,0.75,0,1,,,,
MNQ DEC25,1s,1,3353,2025-11-13 10:15:54,25472.25,25477.5,25471.75,25476.75,163,5.75,4.5,0.75,0.5,1,,,,
MNQ DEC25,1s,1,3354,2025-11-13 10:15:55,25476.25,25477.75,25475,25475.75,96,2.75,0.5,1.5,0.75,-1,,,,
MNQ DEC25,1s,1,3355,2025-11-13 10:15:56,25475.5,25477.25,25474,25477.25,75,3.25,1.75,0,1.5,1,,,,
MNQ DEC25,1s,1,3356,2025-11-13 10:15:57,25477.5,25478.75,25476.5,25477.75,130,2.25,0.25,1,1,1,,,,
MNQ DEC25,1s,1,3357,2025-11-13 10:15:58,25477.5,25479.75,25475.5,25475.5,162,4.25,2,2.25,0,-1,,,,
MNQ DEC25,1s,1,3358,2025-11-13 10:15:59,25476,25476.75,25475,25476.5,134,1.75,0.5,0.25,1,1,,,,
MNQ DEC25,1s,1,3359,2025-11-13 10:16:00,25475.5,25475.5,25471.75,25472,283,3.75,3.5,0,0.25,-1,,,,
MNQ DEC25,10s,10,5735,2025-11-13 10:16:00,25470.75,25479.75,25470.75,25472,1181,9,1.25,7.75,0,1,-203.05,-81.3,1.88333333,-14.72
MNQ DEC25,20s,20,5867,2025-11-13 10:16:00,25470,25479.75,25467.25,25472,1715,12.5,2,7.75,2.75,1,-255.15,-315.45,58.2,-6.3
MNQ DEC25,1s,1,3360,2025-11-13 10:16:01,25472,25473.25,25470.25,25471.25,90,3,0.75,1.25,1,-1,,,,
MNQ DEC25,1s,1,3361,2025-11-13 10:16:02,25471.25,25474.5,25470.75,25473.5,171,3.75,2.25,1,0.5,1,,,,
MNQ DEC25,1s,1,3362,2025-11-13 10:16:03,25473,25473,25471.5,25471.75,49,1.5,1.25,0,0.25,-1,,,,
MNQ DEC25,1s,1,3363,2025-11-13 10:16:04,25472.25,25475.25,25472.25,25473.75,62,3,1.5,1.5,0,1,,,,
MNQ DEC25,1s,1,3364,2025-11-13 10:16:05,25473.75,25476.25,25472.75,25473,44,3.5,0.75,2.5,0.25,-1,,,,
MNQ DEC25,1s,1,3365,2025-11-13 10:16:06,25473.25,25475.25,25473.25,25474.75,36,2,1.5,0.5,0,1,,,,
MNQ DEC25,1s,1,3366,2025-11-13 10:16:07,25474.25,25475.25,25473.75,25475.25,64,1.5,1,0,0.5,1,,,,
MNQ DEC25,1s,1,3367,2025-11-13 10:16:08,25474.5,25476.5,25473.75,25475.5,60,2.75,1,1,0.75,1,,,,
MNQ DEC25,1s,1,3368,2025-11-13 10:16:09,25475.5,25476.75,25474,25474.5,64,2.75,1,1.25,0.5,-1,,,,
MNQ DEC25,1s,1,3369,2025-11-13 10:16:10,25474,25474,25471.25,25472.25,85,2.75,1.75,0,1,-1,,,,
MNQ DEC25,10s,10,5736,2025-11-13 10:16:10,25472,25476.75,25470.25,25472.25,725,6.5,0.25,4.5,1.75,1,-230.05,-27,-18.51666667,-2.42
MNQ DEC25,1s,1,3370,2025-11-13 10:16:11,25472,25474,25470.5,25473.25,109,3.5,1.25,0.75,1.5,1,,,,
MNQ DEC25,1s,1,3371,2025-11-13 10:16:12,25473.75,25477.5,25473.75,25476.75,84,3.75,3,0.75,0,1,,,,
MNQ DEC25,1s,1,3372,2025-11-13 10:16:13,25477.25,25477.5,25475.25,25475.75,49,2.25,1.5,0.25,0.5,-1,,,,
MNQ DEC25,1s,1,3373,2025-11-13 10:16:14,25476.75,25477,25475,25477,58,2,0.25,0,1.75,1,,,,
MNQ DEC25,1s,1,3374,2025-11-13 10:16:15,25477,25477.5,25475.25,25477.25,88,2.25,0.25,0.25,1.75,1,,,,
MNQ DEC25,1s,1,3375,2025-11-13 10:16:16,25476.5,25478.75,25476,25478,97,2.75,1.5,0.75,0.5,1,,,,
MNQ DEC25,1s,1,3376,2025-11-13 10:16:17,25478.5,25479.25,25476.5,25476.75,138,2.75,1.75,0.75,0.25,-1,,,,
MNQ DEC25,1s,1,3377,2025-11-13 10:16:18,25476.5,25478,25476.25,25477,109,1.75,0.5,1,0.25,1,,,,
MNQ DEC25,1s,1,3378,2025-11-13 10:16:19,25477.5,25481.25,25477,25477.5,388,4.25,0,3.75,0.5,0,,,,
MNQ DEC25,1s,1,3379,2025-11-13 10:16:20,25477.75,25479.75,25477.5,25479.5,83,2.25,1.75,0.25,0.25,1,,,,
MNQ DEC25,10s,10,5737,2025-11-13 10:16:20,25472,25481.25,25470.5,25479.5,1203,10.75,7.5,1.75,1.5,1,-132.95,97.1,-3.73333333,15.15
MNQ DEC25,20s,20,5868,2025-11-13 10:16:20,25472,25481.25,25470.25,25479.5,1928,11,7.5,1.75,1.75,1,-316.1,-60.95,-67.86666667,-3.67
MNQ DEC25,1s,1,3380,2025-11-13 10:16:21,25479.25,25488,25478.75,25486,615,9.25,6.75,2,0.5,1,,,,
MNQ DEC25,1s,1,3381,2025-11-13 10:16:22,25485.75,25487,25484.25,25484.5,313,2.75,1.25,1.25,0.25,-1,,,,
MNQ DEC25,1s,1,3382,2025-11-13 10:16:23,25484.25,25485.25,25483,25483.5,196,2.25,0.75,1,0.5,-1,,,,
MNQ DEC25,1s,1,3383,2025-11-13 10:16:24,25483.5,25484,25481.25,25481.25,171,2.75,2.25,0.5,0,-1,,,,
MNQ DEC25,1s,1,3384,2025-11-13 10:16:25,25481.5,25481.75,25480,25480.75,109,1.75,0.75,0.25,0.75,-1,,,,
MNQ DEC25,1s,1,3385,2025-11-13 10:16:26,25480.75,25482.5,25480.5,25482.25,75,2,1.5,0.25,0.25,1,,,,
MNQ DEC25,1s,1,3386,2025-11-13 10:16:27,25482.75,25484.75,25481.5,25483.75,87,3.25,1,1,1.25,1,,,,
MNQ DEC25,1s,1,3387,2025-11-13 10:16:28,25484.5,25484.5,25482.5,25483.25,56,2,1.25,0,0.75,-1,,,,
MNQ DEC25,1s,1,3388,2025-11-13 10:16:29,25483,25485.25,25481.75,25485.25,99,3.5,2.25,0,1.25,1,,,,
MNQ DEC25,1s,1,3389,2025-11-13 10:16:30,25485.25,25487.75,25484.5,25487.25,193,3.25,2,0.5,0.75,1,,,,
MNQ DEC25,10s,10,5738,2025-11-13 10:16:30,25479.25,25488,25478.75,25487.25,1914,9.25,8,0.75,0.5,1,25.85,158.8,76.3,40.07
MNQ DEC25,1s,1,3390,2025-11-13 10:16:31,25486.75,25491.75,25486.25,25490.5,421,5.5,3.75,1.25,0.5,1,,,,
MNQ DEC25,1s,1,3391,2025-11-13 10:16:32,25490.5,25494,25490.5,25491,251,3.5,0.5,3,0,1,,,,
MNQ DEC25,1s,1,3392,2025-11-13 10:16:33,25491,25492.25,25490.5,25491,197,1.75,0,1.25,0.5,0,,,,
MNQ DEC25,1s,1,3393,2025-11-13 10:16:34,25491,25492.25,25489.75,25491,117,2.5,0,1.25,1.25,0,,,,
MNQ DEC25,1s,1,3394,2025-11-13 10:16:35,25491.5,25495,25491.5,25493.25,218,3.5,1.75,1.75,0,1,,,,
MNQ DEC25,1s,1,3395,2025-11-13 10:16:36,25493.75,25496.5,25493.25,25495,263,3.25,1.25,1.5,0.5,1,,,,
MNQ DEC25,1s,1,3396,2025-11-13 10:16:37,25495.25,25495.5,25493.5,25494.5,222,2,0.75,0.25,1,-1,,,,
MNQ DEC25,1s,1,3397,2025-11-13 10:16:38,25494.5,25496,25493.75,25496,112,2.25,1.5,0,0.75,1,,,,
MNQ DEC25,1s,1,3398,2025-11-13 10:16:39,25496,25497,25493,25493,327,4,3,1,0,-1,,,,
MNQ DEC25,1s,1,3399,2025-11-13 10:16:40,25493.75,25493.75,25489.5,25490.75,262,4.25,3,0,1.25,-1,,,,
MNQ DEC25,10s,10,5739,2025-11-13 10:16:40,25486.75,25497,25486.25,25490.75,2390,10.75,4,6.25,0.5,1,341.05,315.2,190.36666667,92.56
MNQ DEC25,20s,20,5869,2025-11-13 10:16:40,25479.25,25497,25478.75,25490.75,4304,18.25,11.5,6.25,0.5,1,109.75,425.85,16.48333333,107.9
MNQ DEC25,1s,1,3400,2025-11-13 10:16:41,25491.25,25492.75,25490.5,25491.75,98,2.25,0.5,1,0.75,1,,,,
MNQ DEC25,1s,1,3401,2025-11-13 10:16:42,25491.5,25492.75,25490.25,25492,88,2.5,0.5,0.75,1.25,1,,,,
MNQ DEC25,1s,1,3402,2025-11-13 10:16:43,25491.75,25493.5,25491,25491.5,68,2.5,0.25,1.75,0.5,-1,,,,
MNQ DEC25,1s,1,3403,2025-11-13 10:16:44,25491.5,25492.25,25490.25,25492.25,132,2,0.75,0,1.25,1,,,,
MNQ DEC25,1s,1,3404,2025-11-13 10:16:45,25491.75,25492.5,25486,25486.75,208,6.5,5,0.75,0.75,-1,,,,
MNQ DEC25,1s,1,3405,2025-11-13 10:16:46,25486.75,25487.25,25485,25486.5,198,2.25,0.25,0.5,1.5,-1,,,,
MNQ DEC25,1s,1,3406,2025-11-13 10:16:47,25486.5,25489,25486.25,25488.5,130,2.75,2,0.5,0.25,1,,,,
MNQ DEC25,1s,1,3407,2025-11-13 10:16:48,25488.5,25490,25488,25488.5,84,2,0,1.5,0.5,0,,,,
MNQ DEC25,1s,1,3408,2025-11-13 10:16:49,25488.5,25488.75,25485.75,25488.25,106,3,0.25,0.25,2.5,-1,,,,
MNQ DEC25,1s,1,3409,2025-11-13 10:16:50,25487.75,25488.25,25485,25486.25,118,3.25,1.5,0.5,1.25,-1,,,,
MNQ DEC25,10s,10,5740,2025-11-13 10:16:50,25491.25,25493.5,25485,25486.25,1230,8.5,5,2.25,1.25,-1,324.35,-16.7,152.43333333,105.48
MNQ DEC25,1s,1,3410,2025-11-13 10:16:51,25486.25,25487.5,25483.5,25484.75,157,4,1.5,1.25,1.25,-1,,,,
MNQ DEC25,1s,1,3411,2025-11-13 10:16:52,25484.5,25484.75,25483.75,25483.75,50,1,0.75,0.25,0,-1,,,,
MNQ DEC25,1s,1,3412,2025-11-13 10:16:53,25483.75,25484.5,25482.5,25483.75,171,2,0,0.75,1.25,0,,,,
MNQ DEC25,1s,1,3413,2025-11-13 10:16:54,25484,25485.5,25483.75,25484.5,108,1.75,0.5,1,0.25,1,,,,
MNQ DEC25,1s,1,3414,2025-11-13 10:16:55,25483.75,25484,25481,25482.75,205,3,1,0.25,1.75,-1,,,,
MNQ DEC25,1s,1,3415,2025-11-13 10:16:56,25482.5,25483.75,25482.5,25483.5,64,1.25,1,0.25,0,1,,,,
MNQ DEC25,1s,1,3416,2025-11-13 10:16:57,25484,25486.25,25483.75,25486,97,2.5,2,0.25,0.25,1,,,,
MNQ DEC25,1s,1,3417,2025-11-13 10:16:58,25485.5,25485.5,25484,25484.25,73,1.5,1.25,0,0.25,-1,,,,
MNQ DEC25,1s,1,3418,2025-11-13 10:16:59,25483.25,25484.5,25481.75,25483,72,2.75,0.25,1.25,1.25,-1,,,,
MNQ DEC25,1s,1,3419,2025-11-13 10:17:00,25482.5,25483,25480,25482.5,117,3,0,0.5,2.5,0,,,,
MNQ DEC25,10s,10,5741,2025-11-13 10:17:00,25486.25,25487.5,25480,25482.5,1114,7.5,3.75,1.25,2.5,-1,382.5,58.15,118.88333333,122.51
MNQ DEC25,20s,20,5870,2025-11-13 10:17:00,25491.25,25493.5,25480,25482.5,2344,13.5,8.75,2.25,2.5,-1,15.05,-94.7,90.06666667,25.51
MNQ DEC25,1s,1,3420,2025-11-13 10:17:01,25483.25,25484.75,25481.75,25483.25,151,3,0,1.5,1.5,0,,,,
MNQ DEC25,1s,1,3421,2025-11-13 10:17:02,25483,25483.25,25480.5,25481,99,2.75,2,0.25,0.5,-1,,,,
MNQ DEC25,1s,1,3422,2025-11-13 10:17:03,25481.5,25481.75,25479.25,25479.25,123,2.5,2.25,0.25,0,-1,,,,
MNQ DEC25,1s,1,3423,2025-11-13 10:17:04,25479.25,25480.5,25478.25,25479.75,191,2.25,0.5,0.75,1,1,,,,
MNQ DEC25,1s,1,3424,2025-11-13 10:17:05,25479.75,25480,25474,25474.5,265,6,5.25,0.25,0.5,-1,,,,
MNQ DEC25,1s,1,3425,2025-11-13 10:17:06,25475,25475,25473,25474.25,162,2,0.75,0,1.25,-1,,,,
MNQ DEC25,1s,1,3426,2025-11-13 10:17:07,25473.25,25474,25471.25,25473.5,248,2.75,0.25,0.5,2,1,,,,
MNQ DEC25,1s,1,3427,2025-11-13 10:17:08,25473.5,25475.75,25473.25,25475,187,2.5,1.5,0.75,0.25,1,,,,
MNQ DEC25,1s,1,3428,2025-11-13 10:17:09,25475.25,25475.25,25472.75,25473.25,121,2.5,2,0,0.5,-1,,,,
MNQ DEC25,1s,1,3429,2025-11-13 10:17:10,25474.25,25474.25,25471.5,25472.75,127,2.75,1.5,0,1.25,-1,,,,
MNQ DEC25,10s,10,5742,2025-11-13 10:17:10,25483.25,25484.75,25471.25,25472.75,1674,13.5,10.5,1.5,1.5,-1,434.25,51.75,31.06666667,113.44
MNQ DEC25,1s,1,3430,2025-11-13 10:17:11,25472.5,25474.25,25470.25,25471,104,4,1.5,1.75,0.75,-1,,,,
MNQ DEC25,1s,1,3431,2025-11-13 10:17:12,25471.5,25472.25,25470.5,25471.75,130,1.75,0.25,0.5,1,1,,,,
MNQ DEC25,1s,1,3432,2025-11-13 10:17:13,25471.75,25475.25,25471.5,25472.75,90,3.75,1,2.5,0.25,1,,,,
MNQ DEC25,1s,1,3433,2025-11-13 10:17:14,25472.5,25474,25471.25,25471.75,109,2.75,0.75,1.5,0.5,-1,,,,
MNQ DEC25,1s,1,3434,2025-11-13 10:17:15,25471.75,25473.5,25470.75,25472,95,2.75,0.25,1.5,1,1,,,,
MNQ DEC25,1s,1,3435,2025-11-13 10:17:16,25472,25472,25464.5,25466.75,451,7.5,5.25,0,2.25,-1,,,,
MNQ DEC25,1s,1,3436,2025-11-13 10:17:17,25467,25471.75,25466.75,25467.75,221,5,0.75,4,0.25,1,,,,
MNQ DEC25,1s,1,3437,2025-11-13 10:17:18,25468.25,25469.25,25465.5,25465.5,183,3.75,2.75,1,0,-1,,,,
MNQ DEC25,1s,1,3438,2025-11-13 10:17:19,25466,25468,25462.5,25465,334,5.5,1,2,2.5,-1,,,,
MNQ DEC25,1s,1,3439,2025-11-13 10:17:20,25465.25,25467.5,25464.5,25464.5,185,3,0.75,2.25,0,-1,,,,
MNQ DEC25,10s,10,5743,2025-11-13 10:17:20,25472.5,25475.25,25462.5,25464.5,1902,12.75,8,2.75,2,-1,365.95,-68.3,13.86666667,68.02
MNQ DEC25,20s,20,5871,2025-11-13 10:17:20,25483.25,25484.75,25462.5,25464.5,3576,22.25,18.75,1.5,2,-1,350.55,335.5,222.21666667,58.05
MNQ DEC25,1s,1,3440,2025-11-13 10:17:21,25464.5,25464.5,25461,25462.75,289,3.5,1.75,0,1.75,-1,,,,
MNQ DEC25,1s,1,3441,2025-11-13 10:17:22,25462.25,25466,25462.25,25465,138,3.75,2.75,1,0,1,,,,
MNQ DEC25,1s,1,3442,2025-11-13 10:17:23,25464.75,25465,25460.75,25463.5,182,4.25,1.25,0.25,2.75,-1,,,,
MNQ DEC25,1s,1,3443,2025-11-13 10:17:24,25463.25,25464,25459.25,25459.75,186,4.75,3.5,0.75,0.5,-1,,,,
MNQ DEC25,1s,1,3444,2025-11-13 10:17:25,25460.75,25461.5,25459.75,25461,101,1.75,0.25,0.5,1,1,,,,
MNQ DEC25,1s,1,3445,2025-11-13 10:17:26,25460.75,25463,25458.5,25459.25,187,4.5,1.5,2.25,0.75,-1,,,,
MNQ DEC25,1s,1,3446,2025-11-13 10:17:27,25460,25462.25,25459.75,25459.75,145,2.5,0.25,2.25,0,-1,,,,
MNQ DEC25,1s,1,3447,2025-11-13 10:17:28,25460.5,25465,25459.5,25464.25,127,5.5,3.75,0.75,1,1,,,,
MNQ DEC25,1s,1,3448,2025-11-13 10:17:29,25464,25466.5,25462,25464.75,141,4.5,0.75,1.75,2,1,,,,
MNQ DEC25,1s,1,3449,2025-11-13 10:17:30,25464.25,25467,25464,25466.75,117,3,2.5,0.25,0.25,1,,,,
MNQ DEC25,10s,10,5744,2025-11-13 10:17:30,25464.5,25467,25458.5,25466.75,1613,8.5,2.25,0.25,6,1,256.45,-109.5,-42.01666667,-16.92
MNQ DEC25,1s,1,3450,2025-11-13 10:17:31,25466.25,25469.25,25465.25,25467.25,268,4,1,2,1,1,,,,
MNQ DEC25,1s,1,3451,2025-11-13 10:17:32,25467.75,25468.75,25465.5,25465.75,79,3.25,2,1,0.25,-1,,,,
MNQ DEC25,1s,1,3452,2025-11-13 10:17:33,25466.25,25466.5,25463.5,25463.5,71,3,2.75,0.25,0,-1,,,,
MNQ DEC25,1s,1,3453,2025-11-13 10:17:34,25463.5,25464.5,25456.75,25456.75,207,7.75,6.75,1,0,-1,,,,
MNQ DEC25,1s,1,3454,2025-11-13 10:17:35,25458.75,25461.75,25458,25461.5,128,3.75,2.75,0.25,0.75,1,,,,
MNQ DEC25,1s,1,3455,2025-11-13 10:17:36,25461.75,25463.25,25461,25463.25,94,2.25,1.5,0,0.75,1,,,,
MNQ DEC25,1s,1,3456,2025-11-13 10:17:37,25463.5,25464,25460.5,25460.75,88,3.5,2.75,0.5,0.25,-1,,,,
MNQ DEC25,1s,1,3457,2025-11-13 10:17:38,25460.75,25461.75,25460,25461.75,64,1.75,1,0,0.75,1,,,,
MNQ DEC25,1s,1,3458,2025-11-13 10:17:39,25461.5,25463.75,25460.75,25462,76,3,0.5,1.75,0.75,1,,,,
MNQ DEC25,1s,1,3459,2025-11-13 10:17:40,25462.5,25465.5,25462.25,25463.5,130,3.25,1,2,0.25,1,,,,
MNQ DEC25,10s,10,5745,2025-11-13 10:17:40,25466.25,25469.25,25456.75,25463.5,1205,12.5,2.75,3,6.75,-1,251.7,-4.75,-60.85,-14.53
MNQ DEC25,20s,20,5872,2025-11-13 10:17:40,25464.5,25469.25,25456.75,25463.5,2818,12.5,1,4.75,6.75,-1,554.85,204.3,148.36666667,162
MNQ DEC25,1s,1,3460,2025-11-13 10:17:41,25463.5,25463.5,25459.5,25459.5,73,4,4,0,0,-1,,,,
MNQ DEC25,1s,1,3461,2025-11-13 10:17:42,25459.5,25462,25459.5,25461.5,38,2.5,2,0.5,0,1,,,,
MNQ DEC25,1s,1,3462,2025-11-13 10:17:43,25462.25,25462.75,25459.25,25460.25,72,3.5,2,0.5,1,-1,,,,
MNQ DEC25,1s,1,3463,2025-11-13 10:17:44,25460.75,25460.75,25457.25,25459,112,3.5,1.75,0,1.75,-1,,,,
MNQ DEC25,1s,1,3464,2025-11-13 10:17:45,25459,25459.75,25453.75,25455.25,307,6,3.75,0.75,1.5,-1,,,,
MNQ DEC25,1s,1,3465,2025-11-13 10:17:46,25455.25,25455.25,25452.25,25454,176,3,1.25,0,1.75,-1,,,,
MNQ DEC25,1s,1,3466,2025-11-13 10:17:47,25454.25,25457,25453.75,25456.5,163,3.25,2.25,0.5,0.5,1,,,,
MNQ DEC25,1s,1,3467,2025-11-13 10:17:48,25457.25,25457.25,25453.25,25454.25,206,4,3,0,1,-1,,,,
MNQ DEC25,1s,1,3468,2025-11-13 10:17:49,25453.75,25457.75,25453.25,25455.25,254,4.5,1.5,2.5,0.5,1,,,,
MNQ DEC25,1s,1,3469,2025-11-13 10:17:50,25455.5,25457,25453.75,25455.75,109,3.25,0.25,1.25,1.75,1,,,,
MNQ DEC25,10s,10,5746,2025-11-13 10:17:50,25463.5,25463.5,25452.25,25455.75,1510,11.25,7.75,0,3.5,-1,323.9,72.2,-14.01666667,-11.72
MNQ DEC25,1s,1,3470,2025-11-13 10:17:51,25455.5,25456.5,25454.5,25454.5,103,2,1,1,0,-1,,,,
MNQ DEC25,1s,1,3471,2025-11-13 10:17:52,25455,25455.25,25451.75,25452,151,3.5,3,0.25,0.25,-1,,,,
MNQ DEC25,1s,1,3472,2025-11-13 10:17:53,25452,25453.25,25451.75,25452.75,40,1.5,0.75,0.5,0.25,1,,,,
MNQ DEC25,1s,1,3473,2025-11-13 10:17:54,25452.75,25453.25,25451.25,25453.25,101,2,0.5,0,1.5,1,,,,
MNQ DEC25,1s,1,3474,2025-11-13 10:17:55,25452.75,25453,25446,25448.25,444,7,4.5,0.25,2.25,-1,,,,
MNQ DEC25,1s,1,3475,2025-11-13 10:17:56,25448.5,25451.5,25447.75,25450.75,149,3.75,2.25,0.75,0.75,1,,,,
MNQ DEC25,1s,1,3476,2025-11-13 10:17:57,25451.25,25451.25,25447.25,25448.5,111,4,2.75,0,1.25,-1,,,,
MNQ DEC25,1s,1,3477,2025-11-13 10:17:58,25448.75,25448.75,25447.25,25447.5,112,1.5,1.25,0,0.25,-1,,,,
MNQ DEC25,1s,1,3478,2025-11-13 10:17:59,25447.5,25450.25,25447.25,25450.25,131,3,2.75,0,0.25,1,,,,
MNQ DEC25,1s,1,3479,2025-11-13 10:18:00,25450.5,25453.75,25450.5,25453.5,241,3.25,3,0.25,0,1,,,,
MNQ DEC25,10s,10,5747,2025-11-13 10:18:00,25455.5,25456.5,25446,25453.5,1583,10.5,2,1,7.5,-1,266.35,-57.55,3.3,-33.58
MNQ DEC25,20s,20,5873,2025-11-13 10:18:00,25463.5,25463.5,25446,25453.5,3093,17.5,10,0,7.5,-1,735.35,180.5,240.1,210.29
MNQ DEC25,1s,1,3480,2025-11-13 10:18:01,25453.5,25456.75,25453.5,25456,192,3.25,2.5,0.75,0,1,,,,
MNQ DEC25,1s,1,3481,2025-11-13 10:18:02,25456,25457.75,25454,25455.25,201,3.75,0.75,1.75,1.25,-1,,,,
MNQ DEC25,1s,1,3482,2025-11-13 10:18:03,25455.25,25460,25454,25459,156,6,3.75,1,1.25,1,,,,
MNQ DEC25,1s,1,3483,2025-11-13 10:18:04,25459,25460.5,25458.5,25460.5,72,2,1.5,0,0.5,1,,,,
MNQ DEC25,1s,1,3484,2025-11-13 10:18:05,25460.5,25463.25,25460.5,25461.75,140,2.75,1.25,1.5,0,1,,,,
MNQ DEC25,1s,1,3485,2025-11-13 10:18:06,25461.5,25462.75,25460.75,25462.75,115,2,1.25,0,0.75,1,,,,
MNQ DEC25,1s,1,3486,2025-11-13 10:18:07,25462.5,25464,25458.75,25459.25,193,5.25,3.25,1.5,0.5,-1,,,,
MNQ DEC25,1s,1,3487,2025-11-13 10:18:08,25459,25459.25,25456.5,25456.5,103,2.75,2.5,0.25,0,-1,,,,
MNQ DEC25,1s,1,3488,2025-11-13 10:18:09,25457.25,25458.5,25455.5,25457.75,74,3,0.5,0.75,1.75,1,,,,
MNQ DEC25,1s,1,3489,2025-11-13 10:18:10,25457.75,25460.5,25457.75,25459,74,2.75,1.25,1.5,0,1,,,,
MNQ DEC25,10s,10,5748,2025-11-13 10:18:10,25453.5,25464,25453.5,25459,1320,10.5,5.5,5,0,1,123.6,-142.75,-42.7,-48.47
MNQ DEC25,1s,1,3490,2025-11-13 10:18:11,25459.25,25459.25,25457.5,25458,92,1.75,1.25,0,0.5,-1,,,,
MNQ DEC25,1s,1,3491,2025-11-13 10:18:12,25457.5,25457.75,25451,25451,94,6.75,6.5,0.25,0,-1,,,,
MNQ DEC25,1s,1,3492,2025-11-13 10:18:13,25451.75,25456.75,25451.75,25456,118,5,4.25,0.75,0,1,,,,
MNQ DEC25,1s,1,3493,2025-11-13 10:18:14,25456,25456.75,25454.5,25456.5,56,2.25,0.5,0.25,1.5,1,,,,
MNQ DEC25,1s,1,3494,2025-11-13 10:18:15,25456,25456.5,25454.5,25454.75,71,2,1.25,0.5,0.25,-1,,,,
MNQ DEC25,1s,1,3495,2025-11-13 10:18:16,25454.25,25457.75,25454,25455,103,3.75,0.75,2.75,0.25,1,,,,
MNQ DEC25,1s,1,3496,2025-11-13 10:18:17,25455.5,25459,25455,25458,95,4,2.5,1,0.5,1,,,,
MNQ DEC25,1s,1,3497,2025-11-13 10:18:18,25458,25458,25457,25457.5,79,1,0.5,0,0.5,-1,,,,
MNQ DEC25,1s,1,3498,2025-11-13 10:18:19,25457.5,25459,25457.5,25458.75,25,1.5,1.25,0.25,0,1,,,,
MNQ DEC25,1s,1,3499,2025-11-13 10:18:20,25458.5,25466.25,25458.25,25464.75,294,8,6.25,1.5,0.25,1,,,,
MNQ DEC25,10s,10,5749,2025-11-13 10:18:20,25459.25,25466.25,25451,25464.75,1027,15.25,5.5,1.5,8.25,1,-9.05,-132.65,-110.98333333,-53.1
MNQ DEC25,20s,20,5874,2025-11-13 10:18:20,25453.5,25466.25,25451,25464.75,2347,15.25,11.25,1.5,2.5,1,315.15,-420.2,-11.8,41.08
MNQ DEC25,1s,1,3500,2025-11-13 10:18:21,25464.25,25468.5,25462.5,25466.5,206,6,2.25,2,1.75,1,,,,
MNQ DEC25,1s,1,3501,2025-11-13 10:18:22,25466,25470,25466,25468.75,190,4,2.75,1.25,0,1,,,,
MNQ DEC25,1s,1,3502,2025-11-13 10:18:23,25468,25468,25464.25,25465,126,3.75,3,0,0.75,-1,,,,
MNQ DEC25,1s,1,3503,2025-11-13 10:18:24,25464.5,25465.5,25463,25463.5,81,2.5,1,1,0.5,-1,,,,
MNQ DEC25,1s,1,3504,2025-11-13 10:18:25,25463.75,25465.5,25463.5,25465.5,51,2,1.75,0,0.25,1,,,,
MNQ DEC25,1s,1,3505,2025-11-13 10:18:26,25465.25,25465.5,25460.5,25461.25,90,5,4,0.25,0.75,-1,,,,
MNQ DEC25,1s,1,3506,2025-11-13 10:18:27,25462,25464,25461.5,25462.5,54,2.5,0.5,1.5,0.5,1,,,,
MNQ DEC25,1s,1,3507,2025-11-13 10:18:28,25461.5,25461.5,25457.75,25459,64,3.75,2.5,0,1.25,-1,,,,
MNQ DEC25,1s,1,3508,2025-11-13 10:18:29,25459,25459.5,25457.75,25458,45,1.75,1,0.5,0.25,-1,,,,
MNQ DEC25,1s,1,3509,2025-11-13 10:18:30,25457.75,25458,25454.75,25455.5,113,3.25,2.25,0.25,0.75,-1,,,,
MNQ DEC25,10s,10,5750,2025-11-13 10:18:30,25464.25,25470,25454.75,25455.5,1020,15.25,8.75,5.75,0.75,-1,-2.25,6.8,-89.53333333,-50.79
MNQ DEC25,1s,1,3510,2025-11-13 10:18:31,25455.25,25458,25454,25456.75,160,4,1.5,1.25,1.25,1,,,,
MNQ DEC25,1s,1,3511,2025-11-13 10:18:32,25456.75,25458.5,25456,25456,82,2.5,0.75,1.75,0,-1,,,,
MNQ DEC25,1s,1,3512,2025-11-13 10:18:33,25456,25456.75,25451.5,25452,115,5.25,4,0.75,0.5,-1,,,,
MNQ DEC25,1s,1,3513,2025-11-13 10:18:34,25453.25,25453.25,25450.75,25451,60,2.5,2.25,0,0.25,-1,,,,
MNQ DEC25,1s,1,3514,2025-11-13 10:18:35,25450.5,25452,25447.75,25450,318,4.25,0.5,1.5,2.25,-1,,,,
MNQ DEC25,1s,1,3515,2025-11-13 10:18:36,25449.75,25451,25448.5,25450.75,134,2.5,1,0.25,1.25,1,,,,
MNQ DEC25,1s,1,3516,2025-11-13 10:18:37,25451,25453.75,25450.75,25453.25,173,3,2.25,0.5,0.25,1,,,,
MNQ DEC25,1s,1,3517,2025-11-13 10:18:38,25453.25,25454.5,25452.5,25453.5,83,2,0.25,1,0.75,1,,,,
MNQ DEC25,1s,1,3518,2025-11-13 10:18:39,25454,25455.75,25453.75,25454.25,50,2,0.25,1.5,0.25,1,,,,
MNQ DEC25,1s,1,3519,2025-11-13 10:18:40,25454,25458,25454,25455.75,73,4,1.75,2.25,0,1,,,,
MNQ DEC25,10s,10,5751,2025-11-13 10:18:40,25455.25,25458.5,25447.75,25455.75,1248,10.75,0.5,2.75,7.5,1,-62.65,-60.4,-62.08333333,-77.31
MNQ DEC25,20s,20,5875,2025-11-13 10:18:40,25464.25,25470,25447.75,25455.75,2268,22.25,8.5,5.75,8,-1,242,-73.15,-104.28333333,45.39
MNQ DEC25,1s,1,3520,2025-11-13 10:18:41,25455.75,25457,25455.25,25455.25,54,1.75,0.5,1.25,0,-1,,,,
MNQ DEC25,1s,1,3521,2025-11-13 10:18:42,25454.75,25455.5,25453.25,25455.25,69,2.25,0.5,0.25,1.5,1,,,,
MNQ DEC25,1s,1,3522,2025-11-13 10:18:43,25455.75,25456.75,25453.25,25454.5,39,3.5,1.25,1,1.25,-1,,,,
MNQ DEC25,1s,1,3523,2025-11-13 10:18:44,25454.25,25455.5,25453,25453.25,52,2.5,1,1.25,0.25,-1,,,,
MNQ DEC25,1s,1,3524,2025-11-13 10:18:45,25453.25,25454.75,25453,25453,61,1.75,0.25,1.5,0,-1,,,,
MNQ DEC25,1s,1,3525,2025-11-13 10:18:46,25453.5,25453.5,25446,25446.75,221,7.5,6.75,0,0.75,-1,,,,
MNQ DEC25,1s,1,3526,2025-11-13 10:18:47,25447.25,25450.25,25447.25,25447.75,86,3,0.5,2.5,0,1,,,,
MNQ DEC25,1s,1,3527,2025-11-13 10:18:48,25448.25,25452.75,25447.5,25451.5,96,5.25,3.25,1.25,0.75,1,,,,
MNQ DEC25,1s,1,3528,2025-11-13 10:18:49,25451.5,25452,25447.5,25447.5,58,4.5,4,0.5,0,-1,,,,
MNQ DEC25,1s,1,3529,2025-11-13 10:18:50,25447.75,25449.25,25446.75,25449,75,2.5,1.25,0.25,1,1,,,,
MNQ DEC25,10s,10,5752,2025-11-13 10:18:50,25455.75,25457,25446,25449,811,11,6.75,1.25,3,-1,-223.5,-160.85,-71.48333333,-97.97
MNQ DEC25,1s,1,3530,2025-11-13 10:18:51,25449.25,25450.75,25448.5,25448.5,51,2.25,0.75,1.5,0,-1,,,,
MNQ DEC25,1s,1,3531,2025-11-13 10:18:52,25448.5,25449,25447.25,25447.25,55,1.75,1.25,0.5,0,-1,,,,
MNQ DEC25,1s,1,3532,2025-11-13 10:18:53,25447.5,25450.5,25447.5,25450.5,70,3,3,0,0,1,,,,
MNQ DEC25,1s,1,3533,2025-11-13 10:18:54,25450.5,25451,25448.5,25449.25,55,2.5,1.25,0.5,0.75,-1,,,,
MNQ DEC25,1s,1,3534,2025-11-13 10:18:55,25449,25449.75,25447,25447,43,2.75,2,0.75,0,-1,,,,
MNQ DEC25,1s,1,3535,2025-11-13 10:18:56,25447,25449.5,25446,25448.5,63,3.5,1.5,1,1,1,,,,
MNQ DEC25,1s,1,3536,2025-11-13 10:18:57,25448,25451,25447.25,25451,58,3.75,3,0,0.75,1,,,,
MNQ DEC25,1s,1,3537,2025-11-13 10:18:58,25449.25,25449.5,25447.75,25448.75,42,1.75,0.5,0.25,1,-1,,,,
MNQ DEC25,1s,1,3538,2025-11-13 10:18:59,25449,25449.5,25447.25,25448,66,2.25,1,0.5,0.75,-1,,,,
MNQ DEC25,1s,1,3539,2025-11-13 10:19:00,25448.25,25450.25,25447.5,25447.75,53,2.75,0.5,2,0.25,-1,,,,
MNQ DEC25,10s,10,5753,2025-11-13 10:19:00,25449.25,25451,25446,25447.75,556,5,1.5,1.75,1.75,-1,-355.6,-132.1,-117.78333333,-95.84
MNQ DEC25,20s,20,5876,2025-11-13 10:19:00,25455.75,25457,25446,25447.75,1367,11,8,1.25,1.75,-1,-154.7,-396.7,-296.68333333,-101.05
MNQ DEC25,1s,1,3540,2025-11-13 10:19:01,25448.75,25449.75,25448,25448.5,36,1.75,0.25,1,0.5,-1,,,,
MNQ DEC25,1s,1,3541,2025-11-13 10:19:02,25448.75,25451.5,25448.25,25448.75,158,3.25,0,2.75,0.5,0,,,,
MNQ DEC25,1s,1,3542,2025-11-13 10:19:03,25449,25450,25448,25449.25,77,2,0.25,0.75,1,1,,,,
MNQ DEC25,1s,1,3543,2025-11-13 10:19:04,25449.75,25450,25447.25,25450,65,2.75,0.25,0,2.5,1,,,,
MNQ DEC25,1s,1,3544,2025-11-13 10:19:05,25449.75,25453.75,25449.5,25453.5,96,4.25,3.75,0.25,0.25,1,,,,
MNQ DEC25,1s,1,3545,2025-11-13 10:19:06,25453,25454.25,25452.75,25454,102,1.5,1,0.25,0.25,1,,,,
MNQ DEC25,1s,1,3546,2025-11-13 10:19:07,25453.5,25455.75,25453,25455.75,74,2.75,2.25,0,0.5,1,,,,
MNQ DEC25,1s,1,3547,2025-11-13 10:19:08,25455,25456.75,25454.5,25455.5,73,2.25,0.5,1.25,0.5,1,,,,
MNQ DEC25,1s,1,3548,2025-11-13 10:19:09,25456,25459.25,25455.25,25456.75,157,4,0.75,2.5,0.75,1,,,,
MNQ DEC25,1s,1,3549,2025-11-13 10:19:10,25456.5,25457.25,25455.25,25457.25,88,2,0.75,0,1.25,1,,,,
MNQ DEC25,10s,10,5754,2025-11-13 10:19:10,25448.75,25459.25,25447.25,25457.25,926,12,8.5,2,1.5,1,-395.4,-39.8,-110.91666667,-77.27
MNQ DEC25,1s,1,3550,2025-11-13 10:19:11,25457.25,25458.5,25455.25,25457.5,49,3.25,0.25,1,2,1,,,,
MNQ DEC25,1s,1,3551,2025-11-13 10:19:12,25457.75,25457.75,25456,25457.5,34,1.75,0.25,0,1.5,-1,,,,
MNQ DEC25,1s,1,3552,2025-11-13 10:19:13,25456.5,25460.25,25456.5,25459.25,103,3.75,2.75,1,0,1,,,,
MNQ DEC25,1s,1,3553,2025-11-13 10:19:14,25459,25459.75,25455.25,25455.25,57,4.5,3.75,0.75,0,-1,,,,
MNQ DEC25,1s,1,3554,2025-11-13 10:19:15,25455.75,25456.25,25453.25,25455,70,3,0.75,0.5,1.75,-1,,,,
MNQ DEC25,1s,1,3555,2025-11-13 10:19:16,25455,25456.5,25454.5,25455.5,45,2,0.5,1,0.5,1,,,,
MNQ DEC25,1s,1,3556,2025-11-13 10:19:17,25454,25456,25452,25456,51,4,2,0,2,1,,,,
MNQ DEC25,1s,1,3557,2025-11-13 10:19:18,25455.5,25457,25454.5,25457,41,2.5,1.5,0,1,1,,,,
MNQ DEC25,1s,1,3558,2025-11-13 10:19:19,25457,25458.5,25456.25,25457.5,47,2.25,0.5,1,0.75,1,,,,
MNQ DEC25,1s,1,3559,2025-11-13 10:19:20,25458.5,25458.5,25455,25457.5,41,3.5,1,0,2.5,-1,,,,
MNQ DEC25,10s,10,5755,2025-11-13 10:19:20,25457.25,25460.25,25452,25457.5,538,8.25,0.25,2.75,5.25,1,-459.65,-64.25,-78.71666667,-91.48
MNQ DEC25,20s,20,5877,2025-11-13 10:19:20,25448.75,25460.25,25447.25,25457.5,1464,13,8.75,2.75,1.5,1,-261.7,-107,-192.28333333,-163.31
MNQ DEC25,1s,1,3560,2025-11-13 10:19:21,25456.75,25456.75,25452.25,25452.5,96,4.5,4.25,0,0.25,-1,,,,
MNQ DEC25,1s,1,3561,2025-11-13 10:19:22,25452.5,25453.5,25450.75,25450.75,61,2.75,1.75,1,0,-1,,,,
MNQ DEC25,1s,1,3562,2025-11-13 10:19:23,25450.25,25450.25,25447.25,25447.5,89,3,2.75,0,0.25,-1,,,,
MNQ DEC25,1s,1,3563,2025-11-13 10:19:24,25447.5,25449.75,25447.5,25449.5,52,2.25,2,0.25,0,1,,,,
MNQ DEC25,1s,1,3564,2025-11-13 10:19:25,25450,25451,25449.75,25449.75,53,1.25,0.25,1,0,-1,,,,
MNQ DEC25,1s,1,3565,2025-11-13 10:19:26,25449.5,25450,25446.75,25447.5,62,3.25,2,0.5,0.75,-1,,,,
MNQ DEC25,1s,1,3566,2025-11-13 10:19:27,25447.25,25450.5,25447,25449.25,79,3.5,2,1.25,0.25,1,,,,
MNQ DEC25,1s,1,3567,2025-11-13 10:19:28,25450,25450.5,25445,25447,156,5.5,3,0.5,2,-1,,,,
MNQ DEC25,1s,1,3568,2025-11-13 10:19:29,25446.5,25446.5,25444,25444.5,186,2.5,2,0,0.5,-1,,,,
MNQ DEC25,1s,1,3569,2025-11-13 10:19:30,25445.5,25446.75,25438.25,25439,422,8.5,6.5,1.25,0.75,-1,,,,
MNQ DEC25,10s,10,5756,2025-11-13 10:19:30,25456.75,25456.75,25438.25,25439,1256,18.5,17.75,0,0.75,-1,-484.6,-24.95,-43,-84.39
MNQ DEC25,1s,1,3570,2025-11-13 10:19:31,25438.75,25440,25434.75,25437,370,5.25,1.75,1.25,2.25,-1,,,,
MNQ DEC25,1s,1,3571,2025-11-13 10:19:32,25437.75,25443.5,25437.5,25443,171,6,5.25,0.5,0.25,1,,,,
MNQ DEC25,1s,1,3572,2025-11-13 10:19:33,25442.75,25443.25,25440,25441.5,118,3.25,1.25,0.5,1.5,-1,,,,
MNQ DEC25,1s,1,3573,2025-11-13 10:19:34,25441,25443.5,25440.5,25443.5,121,3,2.5,0,0.5,1,,,,
MNQ DEC25,1s,1,3574,2025-11-13 10:19:35,25444.25,25447.5,25443.75,25447,127,3.75,2.75,0.5,0.5,1,,,,
MNQ DEC25,1s,1,3575,2025-11-13 10:19:36,25447.25,25447.75,25442.25,25442.25,131,5.5,5,0.5,0,-1,,,,
MNQ DEC25,1s,1,3576,2025-11-13 10:19:37,25442.75,25443.5,25440.75,25441.5,100,2.75,1.25,0.75,0.75,-1,,,,
MNQ DEC25,1s,1,3577,2025-11-13 10:19:38,25441.75,25441.75,25438,25441.5,159,3.75,0.25,0,3.5,-1,,,,
MNQ DEC25,1s,1,3578,2025-11-13 10:19:39,25441.75,25443.5,25441.25,25441.25,49,2.25,0.5,1.75,0,-1,,,,
MNQ DEC25,1s,1,3579,2025-11-13 10:19:40,25441,25442.75,25441,25442,39,1.75,1,0.75,0,1,,,,
MNQ DEC25,10s,10,5757,2025-11-13 10:19:40,25438.75,25447.75,25434.75,25442,1385,13,3.25,5.75,4,1,-378.9,105.7,5.5,-31.08
MNQ DEC25,20s,20,5878,2025-11-13 10:19:40,25456.75,25456.75,25434.75,25442,2641,22,14.75,0,7.25,-1,-349.25,-87.55,-197.08333333,-216.92
MNQ DEC25,1s,1,3580,2025-11-13 10:19:41,25442,25444,25441.75,25444,98,2.25,2,0,0.25,1,,,,
MNQ DEC25,1s,1,3581,2025-11-13 10:19:42,25444,25446.5,25442.25,25442.25,84,4.25,1.75,2.5,0,-1,,,,
MNQ DEC25,1s,1,3582,2025-11-13 10:19:43,25442.5,25442.75,25441,25441.25,41,1.75,1.25,0.25,0.25,-1,,,,
MNQ DEC25,1s,1,3583,2025-11-13 10:19:44,25441.25,25441.75,25438,25439.75,201,3.75,1.5,0.5,1.75,-1,,,,
MNQ DEC25,1s,1,3584,2025-11-13 10:19:45,25440.5,25441,25439,25440.75,41,2,0.25,0.25,1.5,1,,,,
MNQ DEC25,1s,1,3585,2025-11-13 10:19:46,25441.5,25441.5,25438.75,25439.25,141,2.75,2.25,0,0.5,-1,,,,
MNQ DEC25,1s,1,3586,2025-11-13 10:19:47,25439.25,25442.5,25439.25,25441.75,158,3.25,2.5,0.75,0,1,,,,
MNQ DEC25,1s,1,3587,2025-11-13 10:19:48,25442.25,25443,25440.25,25441.25,73,2.75,1,0.75,1,-1,,,,
MNQ DEC25,1s,1,3588,2025-11-13 10:19:49,25441.75,25441.75,25438.75,25440.75,44,3,1,0,2,-1,,,,
MNQ DEC25,1s,1,3589,2025-11-13 10:19:50,25440.75,25442.25,25440,25442,59,2.25,1.25,0.25,0.75,1,,,,
MNQ DEC25,10s,10,5758,2025-11-13 10:19:50,25442,25446.5,25438,25442,940,8.5,0,4.5,4,0,-253.4,125.5,68.75,20.44
MNQ DEC25,1s,1,3590,2025-11-13 10:19:51,25441.25,25441.25,25436.5,25436.5,108,4.75,4.75,0,0,-1,,,,
MNQ DEC25,1s,1,3591,2025-11-13 10:19:52,25436.5,25439.25,25436.5,25438.75,88,2.75,2.25,0.5,0,1,,,,
MNQ DEC25,1s,1,3592,2025-11-13 10:19:53,25438.25,25438.25,25433.25,25434,467,5,4.25,0,0.75,-1,,,,
MNQ DEC25,1s,1,3593,2025-11-13 10:19:54,25433.75,25435.75,25433.75,25434.75,146,2,1,1,0,1,,,,
MNQ DEC25,1s,1,3594,2025-11-13 10:19:55,25435,25438,25434.25,25437.5,148,3.75,2.5,0.5,0.75,1,,,,
MNQ DEC25,1s,1,3595,2025-11-13 10:19:56,25437.5,25438,25435.75,25436.5,100,2.25,1,0.5,0.75,-1,,,,
MNQ DEC25,1s,1,3596,2025-11-13 10:19:57,25436.75,25437.25,25434.75,25435.75,115,2.5,1,0.5,1,-1,,,,
MNQ DEC25,1s,1,3597,2025-11-13 10:19:58,25436.5,25437.5,25435.5,25437.5,80,2,1,0,1,1,,,,
MNQ DEC25,1s,1,3598,2025-11-13 10:19:59,25437,25437.5,25435.5,25436.25,65,2,0.75,0.5,0.75,-1,,,,
MNQ DEC25,1s,1,3599,2025-11-13 10:20:00,25436,25437,25435.5,25436.5,70,1.5,0.5,0.5,0.5,1,,,,
MNQ DEC25,10s,10,5759,2025-11-13 10:20:00,25441.25,25441.25,25433.25,25436.5,1387,8,4.75,0,3.25,-1,-111.05,142.35,124.51666667,56.87
MNQ DEC25,20s,20,5879,2025-11-13 10:20:00,25442,25446.5,25433.25,25436.5,2327,13.25,5.5,4.5,3.25,-1,-340.4,8.85,-61.9,-131.11
MNQ DEC25,1s,1,3600,2025-11-13 10:20:01,25436,25438.25,25435.25,25437,169,3,1,1.25,0.75,1,,,,
MNQ DEC25,1s,1,3601,2025-11-13 10:20:02,25436.75,25440.5,25436.25,25438.5,149,4.25,1.75,2,0.5,1,,,,
MNQ DEC25,1s,1,3602,2025-11-13 10:20:03,25438.25,25438.75,25436.5,25437,89,2.25,1.25,0.5,0.5,-1,,,,
MNQ DEC25,1s,1,3603,2025-11-13 10:20:04,25436.5,25438.25,25434.25,25436,156,4,0.5,1.75,1.75,-1,,,,
MNQ DEC25,1s,1,3604,2025-11-13 10:20:05,25435.5,25436,25431.5,25433.5,179,4.5,2,0.5,2,-1,,,,
MNQ DEC25,1s,1,3605,2025-11-13 10:20:06,25433.25,25434.5,25432.25,25432.5,181,2.25,0.75,1.25,0.25,-1,,,,
MNQ DEC25,1s,1,3606,2025-11-13 10:20:07,25432.75,25433.25,25423.25,25424.25,882,10,8.5,0.5,1,-1,,,,
MNQ DEC25,1s,1,3607,2025-11-13 10:20:08,25424.25,25430.25,25424.25,25429,348,6,4.75,1.25,0,1,,,,
MNQ DEC25,1s,1,3608,2025-11-13 10:20:09,25429,25434.5,25428.75,25432.75,244,5.75,3.75,1.75,0.25,1,,,,
MNQ DEC25,1s,1,3609,2025-11-13 10:20:10,25433,25435,25432.75,25433.75,108,2.25,0.75,1.25,0.25,1,,,,
MNQ DEC25,10s,10,5760,2025-11-13 10:20:10,25436,25440.5,25423.25,25433.75,2505,17.25,2.25,4.5,10.5,-1,218.6,329.65,199.16666667,135.65
MNQ DEC25,1s,1,3610,2025-11-13 10:20:11,25434.25,25438.5,25433.5,25436,168,5,1.75,2.5,0.75,1,,,,
MNQ DEC25,1s,1,3611,2025-11-13 10:20:12,25436,25437.75,25433,25434.25,117,4.75,1.75,1.75,1.25,-1,,,,
MNQ DEC25,1s,1,3612,2025-11-13 10:20:13,25434.25,25437,25434.25,25436.75,78,2.75,2.5,0.25,0,1,,,,
MNQ DEC25,1s,1,3613,2025-11-13 10:20:14,25436.75,25439,25432.5,25436.5,311,6.5,0.25,2.25,4,-1,,,,
MNQ DEC25,1s,1,3614,2025-11-13 10:20:15,25436.75,25437,25434,25434.25,101,3,2.5,0.25,0.25,-1,,,,
MNQ DEC25,1s,1,3615,2025-11-13 10:20:16,25434.75,25436,25432.25,25432.5,72,3.75,2.25,1.25,0.25,-1,,,,
MNQ DEC25,1s,1,3616,2025-11-13 10:20:17,25432.75,25433,25430.5,25430.5,113,2.5,2.25,0.25,0,-1,,,,
MNQ DEC25,1s,1,3617,2025-11-13 10:20:18,25430.75,25431.25,25428.5,25428.5,96,2.75,2.25,0.5,0,-1,,,,
MNQ DEC25,1s,1,3618,2025-11-13 10:20:19,25429.5,25433.25,25429.25,25432.75,69,4,3.25,0.5,0.25,1,,,,
MNQ DEC25,1s,1,3619,2025-11-13 10:20:20,25433.25,25433.25,25428.75,25429.75,111,4.5,3.5,0,1,-1,,,,
MNQ DEC25,10s,10,5761,2025-11-13 10:20:20,25434.25,25439,25428.5,25429.75,1236,10.5,4.5,4.75,1.25,-1,208.5,-10.1,153.96666667,138.62
MNQ DEC25,20s,20,5880,2025-11-13 10:20:20,25436,25440.5,25423.25,25429.75,3741,17.25,6.25,4.5,6.5,-1,-161.8,178.6,33.3,-80.76
MNQ DEC25,1s,1,3620,2025-11-13 10:20:21,25430.25,25432,25428.75,25431.25,110,3.25,1,0.75,1.5,1,,,,
MNQ DEC25,1s,1,3621,2025-11-13 10:20:22,25431.25,25431.75,25429,25429.5,119,2.75,1.75,0.5,0.5,-1,,,,
MNQ DEC25,1s,1,3622,2025-11-13 10:20:23,25430,25431,25429.25,25429.25,68,1.75,0.75,1,0,-1,,,,
MNQ DEC25,1s,1,3623,2025-11-13 10:20:24,25429,25430,25427.25,25429.5,119,2.75,0.5,0.5,1.75,1,,,,
MNQ DEC25,1s,1,3624,2025-11-13 10:20:25,25429.5,25434.5,25428.75,25432.5,148,5.75,3,2,0.75,1,,,,
MNQ DEC25,1s,1,3625,2025-11-13 10:20:26,25432,25433.25,25431.25,25432.5,84,2,0.5,0.75,0.75,1,,,,
MNQ DEC25,1s,1,3626,2025-11-13 10:20:27,25433.5,25433.75,25431,25431,62,2.75,2.5,0.25,0,-1,,,,
MNQ DEC25,1s,1,3627,2025-11-13 10:20:28,25431.25,25432,25429.25,25430.75,95,2.75,0.5,0.75,1.5,-1,,,,
MNQ DEC25,1s,1,3628,2025-11-13 10:20:29,25431,25431.5,25427,25427.25,169,4.5,3.75,0.5,0.25,-1,,,,
MNQ DEC25,1s,1,3629,2025-11-13 10:20:30,25427.75,25429.75,25427.5,25428.5,71,2.25,0.75,1.25,0.25,1,,,,
MNQ DEC25,10s,10,5762,2025-11-13 10:20:30,25430.25,25434.5,25427,25428.5,1045,7.5,1.75,4.25,1.5,-1,171.95,-36.55,94.33333333,110.17
MNQ DEC25,1s,1,3630,2025-11-13 10:20:31,25428.75,25430,25424,25426,150,6,2.75,1.25,2,-1,,,,
MNQ DEC25,1s,1,3631,2025-11-13 10:20:32,25426.25,25427.75,25426,25427,65,1.75,0.75,0.75,0.25,1,,,,
MNQ DEC25,1s,1,3632,2025-11-13 10:20:33,25426.75,25431.25,25426.25,25430.5,67,5,3.75,0.75,0.5,1,,,,
MNQ DEC25,1s,1,3633,2025-11-13 10:20:34,25431,25432.75,25429.75,25432.25,126,3,1.25,0.5,1.25,1,,,,
MNQ DEC25,1s,1,3634,2025-11-13 10:20:35,25432,25432,25429.25,25430.5,77,2.75,1.5,0,1.25,-1,,,,
MNQ DEC25,1s,1,3635,2025-11-13 10:20:36,25429.75,25432,25429,25430.75,67,3,1,1.25,0.75,1,,,,
MNQ DEC25,1s,1,3636,2025-11-13 10:20:37,25431,25431.25,25428.75,25428.75,60,2.5,2.25,0.25,0,-1,,,,
MNQ DEC25,1s,1,3637,2025-11-13 10:20:38,25429.25,25429.5,25423.25,25424,162,6.25,5.25,0.25,0.75,-1,,,,
MNQ DEC25,1s,1,3638,2025-11-13 10:20:39,25423.75,25425.25,25423.5,25424.5,61,1.75,0.75,0.75,0.25,1,,,,
MNQ DEC25,1s,1,3639,2025-11-13 10:20:40,25424.75,25427,25424.25,25426.25,83,2.75,1.5,0.75,0.5,1,,,,
MNQ DEC25,10s,10,5763,2025-11-13 10:20:40,25428.75,25432.75,25423.25,25426.25,918,9.5,2.5,4,3,-1,216.75,44.8,-0.61666667,94.03
MNQ DEC25,20s,20,5881,2025-11-13 10:20:40,25430.25,25434.5,25423.25,25426.25,1963,11.25,4,4.25,3,-1,-70.3,91.5,92.98333333,16.88
MNQ DEC25,1s,1,3640,2025-11-13 10:20:41,25427,25427.5,25424,25425.5,82,3.5,1.5,0.5,1.5,-1,,,,
MNQ DEC25,1s,1,3641,2025-11-13 10:20:42,25424.75,25427,25424.25,25426.5,60,2.75,1.75,0.5,0.5,1,,,,
MNQ DEC25,1s,1,3642,2025-11-13 10:20:43,25426.25,25426.75,25423.75,25426.5,74,3,0.25,0.25,2.5,1,,,,
MNQ DEC25,1s,1,3643,2025-11-13 10:20:44,25427,25431.75,25425.25,25430.75,160,6.5,3.75,1,1.75,1,,,,
MNQ DEC25,1s,1,3644,2025-11-13 10:20:45,25430.75,25431.5,25430,25431,64,1.5,0.25,0.5,0.75,1,,,,
MNQ DEC25,1s,1,3645,2025-11-13 10:20:46,25431,25431.5,25428,25430,120,3.5,1,0.5,2,-1,,,,
MNQ DEC25,1s,1,3646,2025-11-13 10:20:47,25430.25,25431.25,25429.75,25430.75,51,1.5,0.5,0.5,0.5,1,,,,
MNQ DEC25,1s,1,3647,2025-11-13 10:20:48,25430.5,25431.25,25429.5,25429.75,38,1.75,0.75,0.75,0.25,-1,,,,
MNQ DEC25,1s,1,3648,2025-11-13 10:20:49,25429.75,25430.25,25428,25429,27,2.25,0.75,0.5,1,-1,,,,
MNQ DEC25,1s,1,3649,2025-11-13 10:20:50,25429.5,25432.75,25429.5,25432.75,55,3.25,3.25,0,0,1,,,,
MNQ DEC25,10s,10,5764,2025-11-13 10:20:50,25427,25432.75,25423.75,25432.75,731,9,5.75,0,3.25,1,129.65,-87.1,-26.28333333,48.14
MNQ DEC25,1s,1,3650,2025-11-13 10:20:51,25432.75,25434.25,25431.5,25433.5,56,2.75,0.75,0.75,1.25,1,,,,
MNQ DEC25,1s,1,3651,2025-11-13 10:20:52,25432.5,25438.75,25432,25437,243,6.75,4.5,1.75,0.5,1,,,,
MNQ DEC25,1s,1,3652,2025-11-13 10:20:53,25437.75,25441.5,25437.75,25439.5,196,3.75,1.75,2,0,1,,,,
MNQ DEC25,1s,1,3653,2025-11-13 10:20:54,25439.25,25440.25,25437.25,25439.75,172,3,0.5,0.5,2,1,,,,
MNQ DEC25,1s,1,3654,2025-11-13 10:20:55,25439.5,25439.75,25437.5,25437.75,54,2.25,1.75,0.25,0.25,-1,,,,
MNQ DEC25,1s,1,3655,2025-11-13 10:20:56,25438,25441.25,25437.75,25440.5,101,3.5,2.5,0.75,0.25,1,,,,
MNQ DEC25,1s,1,3656,2025-11-13 10:20:57,25440.5,25441.25,25439,25440.25,88,2.25,0.25,0.75,1.25,-1,,,,
MNQ DEC25,1s,1,3657,2025-11-13 10:20:58,25440.25,25443.75,25440.25,25442.25,153,3.5,2,1.5,0,1,,,,
MNQ DEC25,1s,1,3658,2025-11-13 10:20:59,25442.25,25442.25,25438.25,25439.5,148,4,2.75,0,1.25,-1,,,,
MNQ DEC25,1s,1,3659,2025-11-13 10:21:00,25439.5,25439.5,25437,25438,60,2.5,1.5,0,1,-1,,,,
MNQ DEC25,10s,10,5765,2025-11-13 10:21:00,25432.75,25443.75,25431.5,25438,1271,12.25,5.25,5.75,1.25,1,-120.45,-250.1,-97.46666667,-67.81
MNQ DEC25,20s,20,5882,2025-11-13 10:21:00,25427,25443.75,25423.75,25438,2002,20,11,5.75,3.25,1,124.25,194.55,154.88333333,77.19
MNQ DEC25,1s,1,3660,2025-11-13 10:21:01,25437.75,25438.75,25436,25438.5,215,2.75,0.75,0.25,1.75,1,,,,
MNQ DEC25,1s,1,3661,2025-11-13 10:21:02,25438.5,25440.75,25438,25438.5,150,2.75,0,2.25,0.5,0,,,,
MNQ DEC25,1s,1,3662,2025-11-13 10:21:03,25438.5,25442.25,25438.5,25441.75,106,3.75,3.25,0.5,0,1,,,,
MNQ DEC25,1s,1,3663,2025-11-13 10:21:04,25442.25,25449.25,25442.25,25447.25,366,7,5,2,0,1,,,,
MNQ DEC25,1s,1,3664,2025-11-13 10:21:05,25447.5,25447.5,25442,25442.25,212,5.5,5.25,0,0.25,-1,,,,
MNQ DEC25,1s,1,3665,2025-11-13 10:21:06,25441.75,25442,25438.25,25438.5,189,3.75,3.25,0.25,0.25,-1,,,,
MNQ DEC25,1s,1,3666,2025-11-13 10:21:07,25439.75,25442,25438.5,25438.5,139,3.5,1.25,2.25,0,-1,,,,
MNQ DEC25,1s,1,3667,2025-11-13 10:21:08,25439,25439,25434.5,25435.75,134,4.5,3.25,0,1.25,-1,,,,
MNQ DEC25,1s,1,3668,2025-11-13 10:21:09,25435.5,25437,25435.5,25436.75,70,1.5,1.25,0.25,0,1,,,,
MNQ DEC25,1s,1,3669,2025-11-13 10:21:10,25437.5,25441.5,25437.5,25439.75,57,4,2.25,1.75,0,1,,,,
MNQ DEC25,10s,10,5766,2025-11-13 10:21:10,25437.75,25449.25,25434.5,25439.75,1638,14.75,2,9.5,3.25,1,-46.45,74,-87.73333333,-50.99
MNQ DEC25,1s,1,3670,2025-11-13 10:21:11,25439.5,25439.75,25438.5,25439.25,40,1.25,0.25,0.25,0.75,-1,,,,
MNQ DEC25,1s,1,3671,2025-11-13 10:21:12,25439.5,25439.75,25435.25,25435.75,61,4.5,3.75,0.25,0.5,-1,,,,
MNQ DEC25,1s,1,3672,2025-11-13 10:21:13,25436,25437.25,25435,25435.25,47,2.25,0.75,1.25,0.25,-1,,,,
MNQ DEC25,1s,1,3673,2025-11-13 10:21:14,25435.75,25436,25430.75,25431.25,150,5.25,4.5,0.25,0.5,-1,,,,
MNQ DEC25,1s,1,3674,2025-11-13 10:21:15,25432,25432,25429.75,25430.5,91,2.25,1.5,0,0.75,-1,,,,
MNQ DEC25,1s,1,3675,2025-11-13 10:21:16,25430.25,25432.75,25429.5,25431.5,68,3.25,1.25,1.25,0.75,1,,,,
MNQ DEC25,1s,1,3676,2025-11-13 10:21:17,25432.5,25433.5,25431,25433.25,65,2.5,0.75,0.25,1.5,1,,,,
MNQ DEC25,1s,1,3677,2025-11-13 10:21:18,25433,25433,25427.75,25428.5,72,5.25,4.5,0,0.75,-1,,,,
MNQ DEC25,1s,1,3678,2025-11-13 10:21:19,25429,25432,25428.75,25431,69,3.25,2,1,0.25,1,,,,
MNQ DEC25,1s,1,3679,2025-11-13 10:21:20,25430.25,25430.75,25425.5,25426,132,5.25,4.25,0.5,0.5,-1,,,,
MNQ DEC25,10s,10,5767,2025-11-13 10:21:20,25439.5,25439.75,25425.5,25426,795,14.25,13.5,0.25,0.5,-1,-57.05,-10.6,-62.23333333,-45.8
MNQ DEC25,20s,20,5883,2025-11-13 10:21:20,25437.75,25449.25,25425.5,25426,2433,23.75,11.75,11.5,0.5,-1,69.3,-54.95,77.03333333,83.71
MNQ DEC25,1s,1,3680,2025-11-13 10:21:21,25425.75,25426.75,25420.25,25422,379,6.5,3.75,1,1.75,-1,,,,
MNQ DEC25,1s,1,3681,2025-11-13 10:21:22,25422,25423.25,25420.5,25422.75,167,2.75,0.75,0.5,1.5,1,,,,
MNQ DEC25,1s,1,3682,2025-11-13 10:21:23,25422.5,25424,25420,25420.75,213,4,1.75,1.5,0.75,-1,,,,
MNQ DEC25,1s,1,3683,2025-11-13 10:21:24,25421,25424.5,25420.75,25421.75,149,3.75,0.75,2.75,0.25,1,,,,
MNQ DEC25,1s,1,3684,2025-11-13 10:21:25,25422,25424.25,25421.25,25423.75,105,3,1.75,0.5,0.75,1,,,,
MNQ DEC25,1s,1,3685,2025-11-13 10:21:26,25424,25424.75,25422.75,25423,54,2,1,0.75,0.25,-1,,,,
MNQ DEC25,1s,1,3686,2025-11-13 10:21:27,25423,25423.5,25420.25,25422,84,3.25,1,0.5,1.75,-1,,,,
MNQ DEC25,1s,1,3687,2025-11-13 10:21:28,25422.75,25423.25,25417.25,25418.75,339,6,4,0.5,1.5,-1,,,,
MNQ DEC25,1s,1,3688,2025-11-13 10:21:29,25419,25421.5,25418.75,25421.25,105,2.75,2.25,0.25,0.25,1,,,,
MNQ DEC25,1s,1,3689,2025-11-13 10:21:30,25421,25422.5,25418.25,25419,92,4.25,2,1.5,0.75,-1,,,,
MNQ DEC25,10s,10,5768,2025-11-13 10:21:30,25425.75,25426.75,25417.25,25419,1687,9.5,6.75,1,1.75,-1,78.4,135.45,66.28333333,-27.67
MNQ DEC25,1s,1,3690,2025-11-13 10:21:31,25418.75,25420.5,25417.25,25420.25,146,3.25,1.5,0.25,1.5,1,,,,
MNQ DEC25,1s,1,3691,2025-11-13 10:21:32,25420.5,25422.25,25420.5,25421,78,1.75,0.5,1.25,0,1,,,,
MNQ DEC25,1s,1,3692,2025-11-13 10:21:33,25420.75,25427,25420.5,25422.5,283,6.5,1.75,4.5,0.25,1,,,,
MNQ DEC25,1s,1,3693,2025-11-13 10:21:34,25422.25,25423.5,25421.5,25422.25,100,2,0,1.25,0.75,0,,,,
MNQ DEC25,1s,1,3694,2025-11-13 10:21:35,25422.5,25422.5,25416,25416,184,6.5,6.5,0,0,-1,,,,
MNQ DEC25,1s,1,3695,2025-11-13 10:21:36,25416.5,25417.25,25415.25,25415.5,152,2,1,0.75,0.25,-1,,,,
MNQ DEC25,1s,1,3696,2025-11-13 10:21:37,25415.75,25416.5,25414.25,25415.25,151,2.25,0.5,0.75,1,-1,,,,
MNQ DEC25,1s,1,3697,2025-11-13 10:21:38,25414.5,25416.5,25413,25415,241,3.5,0.5,1.5,1.5,1,,,,
MNQ DEC25,1s,1,3698,2025-11-13 10:21:39,25415,25416.75,25414,25416.5,94,2.75,1.5,0.25,1,1,,,,
MNQ DEC25,1s,1,3699,2025-11-13 10:21:40,25416.25,25416.5,25413,25413.25,85,3.5,3,0.25,0.25,-1,,,,
MNQ DEC25,10s,10,5769,2025-11-13 10:21:40,25418.75,25427,25413,25413.25,1514,14,5.5,8.25,0.25,-1,210.65,132.25,85.7,16.2
MNQ DEC25,20s,20,5884,2025-11-13 10:21:40,25425.75,25427,25413,25413.25,3201,14,12.5,1.25,0.25,-1,159.6,90.3,76.63333333,100
MNQ DEC25,1s,1,3700,2025-11-13 10:21:41,25413.25,25413.75,25411,25412.5,218,2.75,0.75,0.5,1.5,-1,,,,
MNQ DEC25,1s,1,3701,2025-11-13 10:21:42,25411.75,25412.25,25407.25,25407.75,431,5,4,0.5,0.5,-1,,,,
MNQ DEC25,1s,1,3702,2025-11-13 10:21:43,25408,25410.5,25407,25410,252,3.5,2,0.5,1,1,,,,
MNQ DEC25,1s,1,3703,2025-11-13 10:21:44,25410.5,25410.5,25407.75,25407.75,142,2.75,2.75,0,0,-1,,,,
MNQ DEC25,1s,1,3704,2025-11-13 10:21:45,25408.25,25411.25,25407.5,25411.25,157,3.75,3,0,0.75,1,,,,
MNQ DEC25,1s,1,3705,2025-11-13 10:21:46,25410.75,25412.25,25408.5,25410.75,222,3.75,0,1.5,2.25,0,,,,
MNQ DEC25,1s,1,3706,2025-11-13 10:21:47,25410.75,25410.75,25408,25409.5,173,2.75,1.25,0,1.5,-1,,,,
MNQ DEC25,1s,1,3707,2025-11-13 10:21:48,25409,25409,25407,25408,64,2,1,0,1,-1,,,,
MNQ DEC25,1s,1,3708,2025-11-13 10:21:49,25407.5,25410.5,25407.5,25410.5,61,3,3,0,0,1,,,,
MNQ DEC25,1s,1,3709,2025-11-13 10:21:50,25410.25,25410.5,25409,25409.75,89,1.5,0.5,0.25,0.75,-1,,,,
MNQ DEC25,10s,10,5770,2025-11-13 10:21:50,25413.25,25413.75,25407,25409.75,1809,6.75,3.5,0.5,2.75,-1,278.8,68.15,111.95,79.85
MNQ DEC25,1s,1,3710,2025-11-13 10:21:51,25409.25,25409.75,25407.5,25408,61,2.25,1.25,0.5,0.5,-1,,,,
MNQ DEC25,1s,1,3711,2025-11-13 10:21:52,25408.25,25408.25,25405,25406.25,192,3.25,2,0,1.25,-1,,,,
MNQ DEC25,1s,1,3712,2025-11-13 10:21:53,25406.5,25409.75,25406,25408.75,115,3.75,2.25,1,0.5,1,,,,
MNQ DEC25,1s,1,3713,2025-11-13 10:21:54,25409,25411.25,25408.5,25411.25,130,2.75,2.25,0,0.5,1,,,,
MNQ DEC25,1s,1,3714,2025-11-13 10:21:55,25411,25413.5,25410.75,25411.5,147,2.75,0.5,2,0.25,1,,,,
MNQ DEC25,1s,1,3715,2025-11-13 10:21:56,25411.75,25412.25,25410.5,25411.25,72,1.75,0.5,0.5,0.75,-1,,,,
MNQ DEC25,1s,1,3716,2025-11-13 10:21:57,25411,25415,25411,25412,110,4,1,3,0,1,,,,
MNQ DEC25,1s,1,3717,2025-11-13 10:21:58,25412.5,25413.25,25411.75,25412.75,61,1.5,0.25,0.5,0.75,1,,,,
MNQ DEC25,1s,1,3718,2025-11-13 10:21:59,25413.25,25413.25,25411.75,25412,100,1.5,1.25,0,0.25,-1,,,,
MNQ DEC25,1s,1,3719,2025-11-13 10:22:00,25411.75,25413.25,25410.5,25413.25,122,2.75,1.5,0,1.25,1,,,,
MNQ DEC25,10s,10,5771,2025-11-13 10:22:00,25409.25,25415,25405,25413.25,1110,10,4,1.75,4.25,1,180.1,-98.7,33.9,45.31
MNQ DEC25,20s,20,5885,2025-11-13 10:22:00,25413.25,25415,25405,25413.25,2919,10,0,1.75,8.25,0,-1.55,-161.15,-41.93333333,32.05
MNQ DEC25,1s,1,3720,2025-11-13 10:22:01,25413.25,25413.75,25410.25,25413,178,3.5,0.25,0.5,2.75,-1,,,,
MNQ DEC25,1s,1,3721,2025-11-13 10:22:02,25413.25,25413.25,25408.5,25410.25,195,4.75,3,0,1.75,-1,,,,
MNQ DEC25,1s,1,3722,2025-11-13 10:22:03,25410.25,25417,25409.75,25416,173,7.25,5.75,1,0.5,1,,,,
MNQ DEC25,1s,1,3723,2025-11-13 10:22:04,25415.5,25417.5,25415.25,25416.25,121,2.25,0.75,1.25,0.25,1,,,,
MNQ DEC25,1s,1,3724,2025-11-13 10:22:05,25416.75,25421,25416.25,25420.25,234,4.75,3.5,0.75,0.5,1,,,,
MNQ DEC25,1s,1,3725,2025-11-13 10:22:06,25419.75,25420.5,25414.75,25414.75,186,5.75,5,0.75,0,-1,,,,
MNQ DEC25,1s,1,3726,2025-11-13 10:22:07,25415.5,25418.25,25415,25418.25,96,3.25,2.75,0,0.5,1,,,,
MNQ DEC25,1s,1,3727,2025-11-13 10:22:08,25417.25,25419.25,25414.75,25418.25,96,4.5,1,1,2.5,1,,,,
MNQ DEC25,1s,1,3728,2025-11-13 10:22:09,25418.5,25418.75,25415,25416.75,63,3.75,1.75,0.25,1.75,-1,,,,
MNQ DEC25,1s,1,3729,2025-11-13 10:22:10,25416.25,25417,25414.75,25414.75,55,2.25,1.5,0.75,0,-1,,,,
MNQ DEC25,10s,10,5772,2025-11-13 10:22:10,25413.25,25421,25408.5,25414.75,1397,12.5,1.5,6.25,4.75,1,271.2,91.1,20.18333333,65.65
MNQ DEC25,1s,1,3730,2025-11-13 10:22:11,25415.25,25415.25,25411.75,25412.25,75,3.5,3,0,0.5,-1,,,,
MNQ DEC25,1s,1,3731,2025-11-13 10:22:12,25412,25412.25,25409,25409,97,3.25,3,0.25,0,-1,,,,
MNQ DEC25,1s,1,3732,2025-11-13 10:22:13,25409.5,25413.25,25407.75,25412,121,5.5,2.5,1.25,1.75,1,,,,
MNQ DEC25,1s,1,3733,2025-11-13 10:22:14,25412.5,25416.25,25412.5,25414,86,3.75,1.5,2.25,0,1,,,,
MNQ DEC25,1s,1,3734,2025-11-13 10:22:15,25414.25,25415.5,25413.75,25414.5,64,1.75,0.25,1,0.5,1,,,,
MNQ DEC25,1s,1,3735,2025-11-13 10:22:16,25414.75,25416.75,25413.75,25416.5,87,3,1.75,0.25,1,1,,,,
MNQ DEC25,1s,1,3736,2025-11-13 10:22:17,25417,25418,25413.75,25417,115,4.25,0,1,3.25,0,,,,
MNQ DEC25,1s,1,3737,2025-11-13 10:22:18,25417,25417.75,25415.25,25415.75,33,2.5,1.25,0.75,0.5,-1,,,,
MNQ DEC25,1s,1,3738,2025-11-13 10:22:19,25415.5,25415.5,25412,25415,117,3.5,0.5,0,3,-1,,,,
MNQ DEC25,1s,1,3739,2025-11-13 10:22:20,25415,25415.5,25413.75,25414.25,35,1.75,0.75,0.5,0.5,-1,,,,
MNQ DEC25,10s,10,5773,2025-11-13 10:22:20,25415.25,25418,25407.75,25414.25,830,10.25,1,2.75,6.5,-1,86.1,-185.1,-64.23333333,1.54
MNQ DEC25,20s,20,5886,2025-11-13 10:22:20,25413.25,25421,25407.75,25414.25,2227,13.25,1,6.75,5.5,1,22.5,24.05,-15.6,18.56
MNQ DEC25,1s,1,3740,2025-11-13 10:22:21,25414.5,25415.5,25413.5,25414,42,2,0.5,1,0.5,-1,,,,
MNQ DEC25,1s,1,3741,2025-11-13 10:22:22,25413.75,25416,25413.75,25415.5,35,2.25,1.75,0.5,0,1,,,,
MNQ DEC25,1s,1,3742,2025-11-13 10:22:23,25415.25,25416.25,25411.25,25411.25,91,5,4,1,0,-1,,,,
MNQ DEC25,1s,1,3743,2025-11-13 10:22:24,25411,25412.5,25410.5,25411,58,2,0,1.5,0.5,0,,,,
MNQ DEC25,1s,1,3744,2025-11-13 10:22:25,25410.5,25410.5,25406,25408.5,103,4.5,2,0,2.5,-1,,,,
MNQ DEC25,1s,1,3745,2025-11-13 10:22:26,25408.5,25410,25406.5,25407,137,3.5,1.5,1.5,0.5,-1,,,,
MNQ DEC25,1s,1,3746,2025-11-13 10:22:27,25406.75,25407.75,25404,25407.75,164,3.75,1,0,2.75,1,,,,
MNQ DEC25,1s,1,3747,2025-11-13 10:22:28,25407.5,25408.25,25406.75,25407,97,1.5,0.5,0.75,0.25,-1,,,,
MNQ DEC25,1s,1,3748,2025-11-13 10:22:29,25407.5,25410.75,25407.25,25407.75,91,3.5,0.25,3,0.25,1,,,,
MNQ DEC25,1s,1,3749,2025-11-13 10:22:30,25408.5,25410,25407.5,25410,71,2.5,1.5,0,1,1,,,,
MNQ DEC25,10s,10,5774,2025-11-13 10:22:30,25414.5,25416.25,25404,25410,889,12.25,4.5,1.75,6,-1,-37.05,-123.15,-72.38333333,-49.54
MNQ DEC25,1s,1,3750,2025-11-13 10:22:31,25409.75,25410.75,25405.5,25407,94,5.25,2.75,1,1.5,-1,,,,
MNQ DEC25,1s,1,3751,2025-11-13 10:22:32,25406.75,25408.25,25405,25407,68,3.25,0.25,1.25,1.75,1,,,,
MNQ DEC25,1s,1,3752,2025-11-13 10:22:33,25406.75,25407.5,25404,25404.25,110,3.5,2.5,0.75,0.25,-1,,,,
MNQ DEC25,1s,1,3753,2025-11-13 10:22:34,25404.75,25405.75,25401.75,25402,260,4,2.75,1,0.25,-1,,,,
MNQ DEC25,1s,1,3754,2025-11-13 10:22:35,25402.25,25403.25,25397.75,25400.5,394,5.5,1.75,1,2.75,-1,,,,
MNQ DEC25,1s,1,3755,2025-11-13 10:22:36,25400.5,25403,25400,25400.75,135,3,0.25,2.25,0.5,1,,,,
MNQ DEC25,1s,1,3756,2025-11-13 10:22:37,25401.25,25403.75,25399.75,25403.5,177,4,2.25,0.25,1.5,1,,,,
MNQ DEC25,1s,1,3757,2025-11-13 10:22:38,25403,25405.25,25402.75,25404,122,2.5,1,1.25,0.25,1,,,,
MNQ DEC25,1s,1,3758,2025-11-13 10:22:39,25404.25,25407,25401.5,25406.25,246,5.5,2,0.75,2.75,1,,,,
MNQ DEC25,1s,1,3759,2025-11-13 10:22:40,25405.5,25407.5,25405,25407.5,82,2.5,2,0,0.5,1,,,,
MNQ DEC25,10s,10,5775,2025-11-13 10:22:40,25409.75,25410.75,25397.75,25407.5,1688,13,2.25,1,9.75,-1,-118.75,-81.7,-129.98333333,-79.51
MNQ DEC25,20s,20,5887,2025-11-13 10:22:40,25414.5,25416.25,25397.75,25407.5,2577,18.5,7,1.75,9.75,-1,94.4,71.9,-21.73333333,-5.97
MNQ DEC25,1s,1,3760,2025-11-13 10:22:41,25407.75,25409.25,25405.75,25407.25,140,3.5,0.5,1.5,1.5,-1,,,,
MNQ DEC25,1s,1,3761,2025-11-13 10:22:42,25406.75,25409,25406.25,25408,57,2.75,1.25,1,0.5,1,,,,
MNQ DEC25,1s,1,3762,2025-11-13 10:22:43,25407.5,25407.5,25404.75,25406.5,42,2.75,1,0,1.75,-1,,,,
MNQ DEC25,1s,1,3763,2025-11-13 10:22:44,25407,25407,25405,25405,48,2,2,0,0,-1,,,,
MNQ DEC25,1s,1,3764,2025-11-13 10:22:45,25405.25,25405.75,25404.25,25405.25,25,1.5,0,0.5,1,0,,,,
MNQ DEC25,1s,1,3765,2025-11-13 10:22:46,25405.25,25407.5,25404.25,25407.5,132,3.25,2.25,0,1,1,,,,
MNQ DEC25,1s,1,3766,2025-11-13 10:22:47,25407.75,25408.75,25405,25405.75,54,3.75,2,1,0.75,-1,,,,
MNQ DEC25,1s,1,3767,2025-11-13 10:22:48,25405.5,25406.25,25404.5,25405,53,1.75,0.5,0.75,0.5,-1,,,,
MNQ DEC25,1s,1,3768,2025-11-13 10:22:49,25405.25,25406.5,25404,25406.5,56,2.5,1.25,0,1.25,1,,,,
MNQ DEC25,1s,1,3769,2025-11-13 10:22:50,25406.25,25406.75,25403.5,25404.5,55,3.25,1.75,0.5,1,-1,,,,
MNQ DEC25,10s,10,5776,2025-11-13 10:22:50,25407.75,25409.25,25403.5,25404.5,662,5.75,3.25,1.5,1,-1,-178.65,-59.9,-88.25,-71.75
MNQ DEC25,1s,1,3770,2025-11-13 10:22:51,25404,25404.25,25397.75,25399.75,275,6.5,4.25,0.25,2,-1,,,,
MNQ DEC25,1s,1,3771,2025-11-13 10:22:52,25400,25400,25396.5,25397.25,130,3.5,2.75,0,0.75,-1,,,,
MNQ DEC25,1s,1,3772,2025-11-13 10:22:53,25397,25398.5,25396,25397.25,97,2.5,0.25,1.25,1,1,,,,
MNQ DEC25,1s,1,3773,2025-11-13 10:22:54,25396.75,25400,25396.5,25397.25,262,3.5,0.5,2.75,0.25,1,,,,
MNQ DEC25,1s,1,3774,2025-11-13 10:22:55,25397.75,25398,25394.5,25397.5,155,3.5,0.25,0.25,3,-1,,,,
MNQ DEC25,1s,1,3775,2025-11-13 10:22:56,25397.25,25399,25396.5,25397,79,2.5,0.25,1.75,0.5,-1,,,,
MNQ DEC25,1s,1,3776,2025-11-13 10:22:57,25396.25,25399.25,25396.25,25398.75,106,3,2.5,0.5,0,1,,,,
MNQ DEC25,1s,1,3777,2025-11-13 10:22:58,25399.25,25400,25398.5,25399.5,57,1.5,0.25,0.5,0.75,1,,,,
MNQ DEC25,1s,1,3778,2025-11-13 10:22:59,25399.5,25404.25,25399.5,25404,149,4.75,4.5,0.25,0,1,,,,
MNQ DEC25,1s,1,3779,2025-11-13 10:23:00,25403.5,25403.5,25401.25,25402.5,121,2.25,1,0,1.25,-1,,,,
MNQ DEC25,10s,10,5777,2025-11-13 10:23:00,25404,25404.25,25394.5,25402.5,1431,9.75,1.5,0.25,8,-1,-174.15,4.5,-45.7,-89.07
MNQ DEC25,20s,20,5888,2025-11-13 10:23:00,25407.75,25409.25,25394.5,25402.5,2093,14.75,5.25,1.5,8,-1,18.15,-76.25,6.56666667,-10.23
MNQ DEC25,1s,1,3780,2025-11-13 10:23:01,25402.5,25404.5,25401.5,25403.75,320,3,1.25,0.75,1,1,,,,
MNQ DEC25,1s,1,3781,2025-11-13 10:23:02,25403.25,25405.25,25402.5,25404.75,145,2.75,1.5,0.5,0.75,1,,,,
MNQ DEC25,1s,1,3782,2025-11-13 10:23:03,25404,25405,25400.25,25401,122,4.75,3,1,0.75,-1,,,,
MNQ DEC25,1s,1,3783,2025-11-13 10:23:04,25401,25402.25,25400,25400.25,78,2.25,0.75,1.25,0.25,-1,,,,
MNQ DEC25,1s,1,3784,2025-11-13 10:23:05,25400,25400.25,25396.75,25398.25,135,3.5,1.75,0.25,1.5,-1,,,,
MNQ DEC25,1s,1,3785,2025-11-13 10:23:06,25398.75,25400.25,25398,25399.25,123,2.25,0.5,1,0.75,1,,,,
MNQ DEC25,1s,1,3786,2025-11-13 10:23:07,25398.25,25400,25393.75,25394.5,270,6.25,3.75,1.75,0.75,-1,,,,
MNQ DEC25,1s,1,3787,2025-11-13 10:23:08,25394.5,25395,25393.75,25394.25,103,1.25,0.25,0.5,0.5,-1,,,,
MNQ DEC25,1s,1,3788,2025-11-13 10:23:09,25394.75,25395.5,25393,25394,92,2.5,0.75,0.75,1,-1,,,,
MNQ DEC25,1s,1,3789,2025-11-13 10:23:10,25393.25,25394.25,25387.75,25387.75,408,6.5,5.5,1,0,-1,,,,
MNQ DEC25,10s,10,5778,2025-11-13 10:23:10,25402.5,25405.25,25387.75,25387.75,1796,17.5,14.75,2.75,0,-1,-23.75,150.4,31.66666667,-21.97
MNQ DEC25,1s,1,3790,2025-11-13 10:23:11,25388.25,25390.5,25387,25387.5,270,3.5,0.75,2.25,0.5,-1,,,,
MNQ DEC25,1s,1,3791,2025-11-13 10:23:12,25387.25,25387.25,25384.25,25387,347,3,0.25,0,2.75,-1,,,,
MNQ DEC25,1s,1,3792,2025-11-13 10:23:13,25386.75,25391.25,25386.5,25390.25,233,4.75,3.5,1,0.25,1,,,,
MNQ DEC25,1s,1,3793,2025-11-13 10:23:14,25390,25392.5,25389.75,25390.75,160,2.75,0.75,1.75,0.25,1,,,,
MNQ DEC25,1s,1,3794,2025-11-13 10:23:15,25391,25391,25388,25388.25,258,3,2.75,0,0.25,-1,,,,
MNQ DEC25,1s,1,3795,2025-11-13 10:23:16,25388,25388.75,25386.5,25387.75,101,2.25,0.25,0.75,1.25,-1,,,,
MNQ DEC25,1s,1,3796,2025-11-13 10:23:17,25387.5,25390.75,25387,25390,151,3.75,2.5,0.75,0.5,1,,,,
MNQ DEC25,1s,1,3797,2025-11-13 10:23:18,25390,25391.5,25389.25,25389.5,86,2.25,0.5,1.5,0.25,-1,,,,
MNQ DEC25,1s,1,3798,2025-11-13 10:23:19,25389.75,25390.5,25387.5,25388.5,136,3,1.25,0.75,1,-1,,,,
MNQ DEC25,1s,1,3799,2025-11-13 10:23:20,25388.5,25390.5,25387.75,25390.5,89,2.75,2,0,0.75,1,,,,
MNQ DEC25,10s,10,5779,2025-11-13 10:23:20,25388.25,25392.5,25384.25,25390.5,1831,8.25,2.25,2,4,1,142.45,166.2,107.03333333,35.9
MNQ DEC25,20s,20,5889,2025-11-13 10:23:20,25402.5,25405.25,25384.25,25390.5,3627,21,12,2.75,6.25,-1,137.2,119.05,38.23333333,-4.48
MNQ DEC25,1s,1,3800,2025-11-13 10:23:21,25389.5,25393.5,25389.5,25393,158,4,3.5,0.5,0,1,,,,
MNQ DEC25,1s,1,3801,2025-11-13 10:23:22,25393.5,25393.5,25390.25,25393.5,118,3.25,0,0,3.25,0,,,,
MNQ DEC25,1s,1,3802,2025-11-13 10:23:23,25393.5,25396,25392.75,25395,156,3.25,1.5,1,0.75,1,,,,
MNQ DEC25,1s,1,3803,2025-11-13 10:23:24,25394.5,25395,25391.5,25392,115,3.5,2.5,0.5,0.5,-1,,,,
MNQ DEC25,1s,1,3804,2025-11-13 10:23:25,25393,25395.25,25391.75,25394.75,101,3.5,1.75,0.5,1.25,1,,,,
MNQ DEC25,1s,1,3805,2025-11-13 10:23:26,25395.5,25399.75,25394.5,25398.5,215,5.25,3,1.25,1,1,,,,
MNQ DEC25,1s,1,3806,2025-11-13 10:23:27,25398.75,25399.75,25397.25,25397.75,105,2.5,1,1,0.5,-1,,,,
MNQ DEC25,1s,1,3807,2025-11-13 10:23:28,25397.5,25397.5,25393,25394.5,117,4.5,3,0,1.5,-1,,,,
MNQ DEC25,1s,1,3808,2025-11-13 10:23:29,25394,25395.75,25394,25394.25,53,1.75,0.25,1.5,0,1,,,,
MNQ DEC25,1s,1,3809,2025-11-13 10:23:30,25393.75,25396.25,25393.75,25394.5,46,2.5,0.75,1.75,0,1,,,,
MNQ DEC25,10s,10,5780,2025-11-13 10:23:30,25389.5,25399.75,25389.5,25394.5,1184,10.25,5,5.25,0,1,107.7,-34.75,93.95,45.29
MNQ DEC25,1s,1,3810,2025-11-13 10:23:31,25393.75,25394.75,25392.5,25394.5,45,2.25,0.75,0.25,1.25,1,,,,
MNQ DEC25,1s,1,3811,2025-11-13 10:23:32,25395.25,25397,25394,25396,68,3,0.75,1,1.25,1,,,,
MNQ DEC25,1s,1,3812,2025-11-13 10:23:33,25396.75,25399.5,25396,25398.75,71,3.5,2,0.75,0.75,1,,,,
MNQ DEC25,1s,1,3813,2025-11-13 10:23:34,25399.75,25401.25,25399,25399.25,177,2.25,0.5,1.5,0.25,-1,,,,
MNQ DEC25,1s,1,3814,2025-11-13 10:23:35,25399.75,25400.75,25398,25398.25,77,2.75,1.5,1,0.25,-1,,,,
MNQ DEC25,1s,1,3815,2025-11-13 10:23:36,25398,25407,25398,25406,522,9,8,1,0,1,,,,
MNQ DEC25,1s,1,3816,2025-11-13 10:23:37,25406.5,25407,25404,25406,216,3,0.5,0.5,2,-1,,,,
MNQ DEC25,1s,1,3817,2025-11-13 10:23:38,25405.5,25406.75,25403.5,25404.75,117,3.25,0.75,1.25,1.25,-1,,,,
MNQ DEC25,1s,1,3818,2025-11-13 10:23:39,25404.25,25406.25,25404.25,25405.25,92,2,1,1,0,1,,,,
MNQ DEC25,1s,1,3819,2025-11-13 10:23:40,25405.25,25413,25405,25412.25,363,8,7,0.75,0.25,1,,,,
MNQ DEC25,10s,10,5781,2025-11-13 10:23:40,25393.75,25413,25392.5,25412.25,1748,20.5,18.5,0.75,1.25,1,299.3,191.6,107.68333333,95.59
MNQ DEC25,20s,20,5890,2025-11-13 10:23:40,25389.5,25413,25389.5,25412.25,2932,23.5,22.75,0.75,0,1,110.4,-26.8,5.33333333,22.39
MNQ DEC25,1s,1,3820,2025-11-13 10:23:41,25412,25412.75,25409.25,25409.75,178,3.5,2.25,0.75,0.5,-1,,,,
MNQ DEC25,1s,1,3821,2025-11-13 10:23:42,25410.25,25411.25,25408.5,25408.5,212,2.75,1.75,1,0,-1,,,,
MNQ DEC25,1s,1,3822,2025-11-13 10:23:43,25408.5,25410.75,25408,25409,172,2.75,0.5,1.75,0.5,1,,,,
MNQ DEC25,1s,1,3823,2025-11-13 10:23:44,25409.25,25410.25,25406.75,25406.75,109,3.5,2.5,1,0,-1,,,,
MNQ DEC25,1s,1,3824,2025-11-13 10:23:45,25406.5,25408,25406,25406.75,57,2,0.25,1.25,0.5,1,,,,
MNQ DEC25,1s,1,3825,2025-11-13 10:23:46,25406,25406.25,25401.5,25401.5,103,4.75,4.5,0.25,0,-1,,,,
MNQ DEC25,1s,1,3826,2025-11-13 10:23:47,25401.25,25403,25400.25,25401.25,131,2.75,0,1.75,1,0,,,,
MNQ DEC25,1s,1,3827,2025-11-13 10:23:48,25401.75,25407.5,25401.5,25407.5,166,6,5.75,0,0.25,1,,,,
MNQ DEC25,1s,1,3828,2025-11-13 10:23:49,25407.5,25407.75,25403,25403.25,110,4.75,4.25,0.25,0.25,-1,,,,
MNQ DEC25,1s,1,3829,2025-11-13 10:23:50,25403.5,25404,25401.25,25401.75,64,2.75,1.75,0.5,0.5,-1,,,,
MNQ DEC25,10s,10,5782,2025-11-13 10:23:50,25412,25412.75,25400.25,25401.75,1302,12.5,10.25,0.75,1.5,-1,260.65,-38.65,39.4,86.96
MNQ DEC25,1s,1,3830,2025-11-13 10:23:51,25402.25,25402.25,25398.75,25398.75,82,3.5,3.5,0,0,-1,,,,
MNQ DEC25,1s,1,3831,2025-11-13 10:23:52,25398.5,25399.5,25398,25399.25,77,1.5,0.75,0.25,0.5,1,,,,
MNQ DEC25,1s,1,3832,2025-11-13 10:23:53,25399.25,25400.25,25397.25,25397.25,52,3,2,1,0,-1,,,,
MNQ DEC25,1s,1,3833,2025-11-13 10:23:54,25397.5,25398.5,25395.75,25396,82,2.75,1.5,1,0.25,-1,,,,
MNQ DEC25,1s,1,3834,2025-11-13 10:23:55,25395.75,25396,25391.75,25394,184,4.25,1.75,0.25,2.25,-1,,,,
MNQ DEC25,1s,1,3835,2025-11-13 10:23:56,25394.25,25395,25393.25,25394,89,1.75,0.25,0.75,0.75,-1,,,,
MNQ DEC25,1s,1,3836,2025-11-13 10:23:57,25394,25394.5,25392.75,25394.25,50,1.75,0.25,0.25,1.25,1,,,,
MNQ DEC25,1s,1,3837,2025-11-13 10:23:58,25394,25395.5,25394,25394.75,39,1.5,0.75,0.75,0,1,,,,
MNQ DEC25,1s,1,3838,2025-11-13 10:23:59,25395,25398,25395,25398,62,3,3,0,0,1,,,,
MNQ DEC25,1s,1,3839,2025-11-13 10:24:00,25397.25,25397.75,25395.5,25396.75,47,2.25,0.5,0.5,1.25,-1,,,,
MNQ DEC25,10s,10,5783,2025-11-13 10:24:00,25402.25,25402.25,25391.75,25396.75,764,10.5,5.5,0,5,-1,61.95,-198.7,-15.25,17.14
MNQ DEC25,20s,20,5891,2025-11-13 10:24:00,25412,25412.75,25391.75,25396.75,2066,21,15.25,0.75,5,-1,153.7,43.3,45.18333333,26.24
MNQ DEC25,1s,1,3840,2025-11-13 10:24:01,25396.25,25398.75,25395.75,25397,136,3,0.75,1.75,0.5,1,,,,
MNQ DEC25,1s,1,3841,2025-11-13 10:24:02,25397,25399.75,25396.25,25399.75,89,3.5,2.75,0,0.75,1,,,,
MNQ DEC25,1s,1,3842,2025-11-13 10:24:03,25399,25400.75,25398,25399.25,88,2.75,0.25,1.5,1,1,,,,
MNQ DEC25,1s,1,3843,2025-11-13 10:24:04,25399.5,25402.25,25398.75,25402.25,110,3.5,2.75,0,0.75,1,,,,
MNQ DEC25,1s,1,3844,2025-11-13 10:24:05,25402.25,25402.25,25399.25,25400.5,92,3,1.75,0,1.25,-1,,,,
MNQ DEC25,1s,1,3845,2025-11-13 10:24:06,25400.25,25401,25398.5,25399.5,72,2.5,0.75,0.75,1,-1,,,,
MNQ DEC25,1s,1,3846,2025-11-13 10:24:07,25399.75,25402,25398.75,25401.75,82,3.25,2,0.25,1,1,,,,
MNQ DEC25,1s,1,3847,2025-11-13 10:24:08,25402,25406,25401.5,25405.25,106,4.5,3.25,0.75,0.5,1,,,,
MNQ DEC25,1s,1,3848,2025-11-13 10:24:09,25405.25,25408.75,25404.5,25408.25,140,4.25,3,0.5,0.75,1,,,,
MNQ DEC25,1s,1,3849,2025-11-13 10:24:10,25408.75,25412.5,25408.75,25412.25,195,3.75,3.5,0.25,0,1,,,,
MNQ DEC25,10s,10,5784,2025-11-13 10:24:10,25396.25,25412.5,25395.75,25412.25,1110,16.75,16,0.25,0.5,1,-101.2,-163.15,-133.5,-48.73
MNQ DEC25,1s,1,3850,2025-11-13 10:24:11,25412,25412,25407.25,25407.75,115,4.75,4.25,0,0.5,-1,,,,
MNQ DEC25,1s,1,3851,2025-11-13 10:24:12,25407.5,25410.5,25407.25,25409.5,119,3.25,2,1,0.25,1,,,,
MNQ DEC25,1s,1,3852,2025-11-13 10:24:13,25409.25,25409.75,25406.5,25407.75,94,3.25,1.5,0.5,1.25,-1,,,,
MNQ DEC25,1s,1,3853,2025-11-13 10:24:14,25407.25,25407.75,25405,25406,76,2.75,1.25,0.5,1,-1,,,,
MNQ DEC25,1s,1,3854,2025-11-13 10:24:15,25407,25407,25403.25,25405.25,71,3.75,1.75,0,2,-1,,,,
MNQ DEC25,1s,1,3855,2025-11-13 10:24:16,25405.75,25407,25404.5,25405.5,30,2.5,0.25,1.25,1,-1,,,,
MNQ DEC25,1s,1,3856,2025-11-13 10:24:17,25406.5,25406.75,25403.75,25404,52,3,2.5,0.25,0.25,-1,,,,
MNQ DEC25,1s,1,3857,2025-11-13 10:24:18,25404,25406,25402.75,25405,55,3.25,1,1,1.25,1,,,,
MNQ DEC25,1s,1,3858,2025-11-13 10:24:19,25403.25,25404.5,25403,25404.25,23,1.5,1,0.25,0.25,1,,,,
MNQ DEC25,1s,1,3859,2025-11-13 10:24:20,25403.75,25405.5,25403.25,25405.25,62,2.25,1.5,0.25,0.5,1,,,,
MNQ DEC25,10s,10,5785,2025-11-13 10:24:20,25412,25412,25402.75,25405.25,697,9.25,6.75,0,2.5,-1,-169.9,-68.7,-143.51666667,-55.52
MNQ DEC25,20s,20,5892,2025-11-13 10:24:20,25396.25,25412.5,25395.75,25405.25,1807,16.75,9,7.25,0.5,1,50.25,-103.45,-28.98333333,-8.83
MNQ DEC25,1s,1,3860,2025-11-13 10:24:21,25404.75,25409.25,25404.5,25407.75,152,4.75,3,1.5,0.25,1,,,,
MNQ DEC25,1s,1,3861,2025-11-13 10:24:22,25408,25410.25,25406.75,25407.75,97,3.5,0.25,2.25,1,-1,,,,
MNQ DEC25,1s,1,3862,2025-11-13 10:24:23,25408,25409,25406.75,25407.75,79,2.25,0.25,1,1,-1,,,,
MNQ DEC25,1s,1,3863,2025-11-13 10:24:24,25408,25409,25406.25,25407.25,45,2.75,0.75,1,1,-1,,,,
MNQ DEC25,1s,1,3864,2025-11-13 10:24:25,25407,25411.75,25407,25411,58,4.75,4,0.75,0,1,,,,
MNQ DEC25,1s,1,3865,2025-11-13 10:24:26,25411,25413,25410.75,25412,85,2.25,1,1,0.25,1,,,,
MNQ DEC25,1s,1,3866,2025-11-13 10:24:27,25412.5,25417.75,25412.5,25416,307,5.25,3.5,1.75,0,1,,,,
MNQ DEC25,1s,1,3867,2025-11-13 10:24:28,25415.5,25417.5,25414.25,25417,118,3.25,1.5,0.5,1.25,1,,,,
MNQ DEC25,1s,1,3868,2025-11-13 10:24:29,25416.75,25419,25415.25,25415.5,167,3.75,1.25,2.25,0.25,-1,,,,
MNQ DEC25,1s,1,3869,2025-11-13 10:24:30,25415.5,25417.75,25415,25415.75,135,2.75,0.25,2,0.5,1,,,,
MNQ DEC25,10s,10,5786,2025-11-13 10:24:30,25404.75,25419,25404.5,25415.75,1243,14.5,11,3.25,0.25,1,-251.15,-81.25,-104.36666667,-110.09
MNQ DEC25,1s,1,3870,2025-11-13 10:24:31,25416.25,25417,25413.25,25413.5,114,3.75,2.75,0.75,0.25,-1,,,,
MNQ DEC25,1s,1,3871,2025-11-13 10:24:32,25413.5,25417.5,25413,25417.5,294,4.5,4,0,0.5,1,,,,
MNQ DEC25,1s,1,3872,2025-11-13 10:24:33,25417.75,25418.75,25417,25418,145,1.75,0.25,0.75,0.75,1,,,,
MNQ DEC25,1s,1,3873,2025-11-13 10:24:34,25418,25418.75,25417,25418,71,1.75,0,0.75,1,0,,,,
MNQ DEC25,1s,1,3874,2025-11-13 10:24:35,25418,25421,25417.5,25420.5,143,3.5,2.5,0.5,0.5,1,,,,
MNQ DEC25,1s,1,3875,2025-11-13 10:24:36,25420.25,25423.5,25420.25,25423.5,235,3.25,3.25,0,0,1,,,,
MNQ DEC25,1s,1,3876,2025-11-13 10:24:37,25422.75,25422.75,25419.75,25421.25,137,3,1.5,0,1.5,-1,,,,
MNQ DEC25,1s,1,3877,2025-11-13 10:24:38,25421.75,25422,25417.5,25417.75,116,4.5,4,0.25,0.25,-1,,,,
MNQ DEC25,1s,1,3878,2025-11-13 10:24:39,25417.25,25417.25,25413,25413.5,152,4.25,3.75,0,0.5,-1,,,,
MNQ DEC25,1s,1,3879,2025-11-13 10:24:40,25414.25,25415.75,25414,25414.5,136,1.75,0.25,1.25,0.25,1,,,,
MNQ DEC25,10s,10,5787,2025-11-13 10:24:40,25416.25,25423.5,25413,25414.5,1543,10.5,1.75,7.25,1.5,-1,-240.35,10.8,-46.38333333,-100.2
MNQ DEC25,20s,20,5893,2025-11-13 10:24:40,25404.75,25423.5,25404.5,25414.5,2786,19,9.75,9,0.25,1,204.2,153.95,31.26666667,37.21
MNQ DEC25,1s,1,3880,2025-11-13 10:24:41,25414,25414,25413,25414,49,1,0,0,1,0,,,,
MNQ DEC25,1s,1,3881,2025-11-13 10:24:42,25413.25,25413.75,25412,25413,54,1.75,0.25,0.5,1,-1,,,,
MNQ DEC25,1s,1,3882,2025-11-13 10:24:43,25412.5,25415.5,25412.5,25413.75,81,3,1.25,1.75,0,1,,,,
MNQ DEC25,1s,1,3883,2025-11-13 10:24:44,25413.75,25413.75,25409.5,25411.75,175,4.25,2,0,2.25,-1,,,,
MNQ DEC25,1s,1,3884,2025-11-13 10:24:45,25411.75,25412.75,25407.25,25407.5,124,5.5,4.25,1,0.25,-1,,,,
MNQ DEC25,1s,1,3885,2025-11-13 10:24:46,25407.5,25409.5,25407,25408.5,120,2.5,1,1,0.5,1,,,,
MNQ DEC25,1s,1,3886,2025-11-13 10:24:47,25408.25,25408.25,25405.75,25408.25,124,2.5,0,0,2.5,0,,,,
MNQ DEC25,1s,1,3887,2025-11-13 10:24:48,25407.75,25410,25406.75,25407.5,55,3.25,0.25,2.25,0.75,-1,,,,
MNQ DEC25,1s,1,3888,2025-11-13 10:24:49,25408,25409.25,25407.25,25408.5,46,2,0.5,0.75,0.75,1,,,,
MNQ DEC25,1s,1,3889,2025-11-13 10:24:50,25409.25,25410,25407.5,25409,62,2.5,0.25,0.75,1.5,-1,,,,
MNQ DEC25,10s,10,5788,2025-11-13 10:24:50,25414,25415.5,25405.75,25409,890,9.75,5,1.5,3.25,-1,-175.3,65.05,-1.8,-47.45
MNQ DEC25,1s,1,3890,2025-11-13 10:24:51,25408,25408.75,25407.25,25408,29,1.5,0,0.75,0.75,0,,,,
MNQ DEC25,1s,1,3891,2025-11-13 10:24:52,25407,25408.75,25407,25408.75,30,1.75,1.75,0,0,1,,,,
MNQ DEC25,1s,1,3892,2025-11-13 10:24:53,25408.5,25410,25405.75,25409.25,102,4.25,0.75,0.75,2.75,1,,,,
MNQ DEC25,1s,1,3893,2025-11-13 10:24:54,25409.75,25409.75,25407.75,25408.5,59,2,1.25,0,0.75,-1,,,,
MNQ DEC25,1s,1,3894,2025-11-13 10:24:55,25409.25,25409.25,25407.5,25407.5,29,1.75,1.75,0,0,-1,,,,
MNQ DEC25,1s,1,3895,2025-11-13 10:24:56,25407,25408.25,25406.25,25407.75,66,2,0.75,0.5,0.75,1,,,,
MNQ DEC25,1s,1,3896,2025-11-13 10:24:57,25407,25409,25407,25408,101,2,1,1,0,1,,,,
MNQ DEC25,1s,1,3897,2025-11-13 10:24:58,25408,25412.25,25408,25411.5,85,4.25,3.5,0.75,0,1,,,,
MNQ DEC25,1s,1,3898,2025-11-13 10:24:59,25412,25412.75,25411.5,25412.25,45,1.25,0.25,0.5,0.5,1,,,,
MNQ DEC25,1s,1,3899,2025-11-13 10:25:00,25411.25,25412,25410.25,25410.5,30,1.75,0.75,0.75,0.25,-1,,,,
MNQ DEC25,10s,10,5789,2025-11-13 10:25:00,25408,25412.75,25405.75,25410.5,576,7,2.5,2.25,2.25,1,-235.2,-59.9,5.31666667,-26.8
MNQ DEC25,20s,20,5894,2025-11-13 10:25:00,25414,25415.5,25405.75,25410.5,1466,9.75,3.5,1.5,4.75,-1,-183.95,-388.15,-112.55,-64.23
MNQ DEC25,1s,1,3900,2025-11-13 10:25:01,25410.25,25411.25,25407.5,25409.25,147,3.75,1,1,1.75,-1,,,,
MNQ DEC25,1s,1,3901,2025-11-13 10:25:02,25409.5,25412.25,25409.5,25411.75,63,2.75,2.25,0.5,0,1,,,,
MNQ DEC25,1s,1,3902,2025-11-13 10:25:03,25411,25411,25406.5,25406.75,128,4.5,4.25,0,0.25,-1,,,,
MNQ DEC25,1s,1,3903,2025-11-13 10:25:04,25407,25409,25406.5,25407,80,2.5,0,2,0.5,0,,,,
MNQ DEC25,1s,1,3904,2025-11-13 10:25:05,25407.25,25408,25402,25403.5,255,6,3.75,0.75,1.5,-1,,,,
MNQ DEC25,1s,1,3905,2025-11-13 10:25:06,25404,25404.5,25402.25,25404.25,85,2.25,0.25,0.25,1.75,1,,,,
MNQ DEC25,1s,1,3906,2025-11-13 10:25:07,25404,25405,25401.5,25403,137,3.5,1,1,1.5,-1,,,,
MNQ DEC25,1s,1,3907,2025-11-13 10:25:08,25403.5,25406,25403.25,25405.5,78,2.75,2,0.5,0.25,1,,,,
MNQ DEC25,1s,1,3908,2025-11-13 10:25:09,25405,25407,25404,25406.75,65,3,1.75,0.25,1,1,,,,
MNQ DEC25,1s,1,3909,2025-11-13 10:25:10,25407.25,25410.5,25406.25,25409.25,92,4.25,2,1.25,1,1,,,,
MNQ DEC25,10s,10,5790,2025-11-13 10:25:10,25410.25,25412.25,25401.5,25409.25,1130,10.75,1,2,7.75,-1,-114.65,120.55,41.9,11.05
MNQ DEC25,1s,1,3910,2025-11-13 10:25:11,25409.25,25409.75,25406.5,25409.5,104,3.25,0.25,0.25,2.75,1,,,,
MNQ DEC25,1s,1,3911,2025-11-13 10:25:12,25409.75,25410.25,25407,25409.5,86,3.25,0.25,0.5,2.5,-1,,,,
MNQ DEC25,1s,1,3912,2025-11-13 10:25:13,25409.75,25409.75,25407.5,25408.25,55,2.25,1.5,0,0.75,-1,,,,
MNQ DEC25,1s,1,3913,2025-11-13 10:25:14,25406.75,25409.25,25405.75,25405.75,50,3.5,1,2.5,0,-1,,,,
MNQ DEC25,1s,1,3914,2025-11-13 10:25:15,25405.75,25405.75,25403.5,25405.5,53,2.25,0.25,0,2,-1,,,,
MNQ DEC25,1s,1,3915,2025-11-13 10:25:16,25404.75,25404.75,25402.75,25403,74,2,1.75,0,0.25,-1,,,,
MNQ DEC25,1s,1,3916,2025-11-13 10:25:17,25403,25407.75,25403,25405.5,65,4.75,2.5,2.25,0,1,,,,
MNQ DEC25,1s,1,3917,2025-11-13 10:25:18,25405.5,25405.75,25402.5,25405.25,92,3.25,0.25,0.25,2.75,-1,,,,
MNQ DEC25,1s,1,3918,2025-11-13 10:25:19,25405,25409.5,25405,25407.5,95,4.5,2.5,2,0,1,,,,
MNQ DEC25,1s,1,3919,2025-11-13 10:25:20,25407,25408,25406,25406,56,2,1,1,0,-1,,,,
MNQ DEC25,10s,10,5791,2025-11-13 10:25:20,25409.25,25410.25,25402.5,25406,730,7.75,3.25,1,3.5,-1,-198.25,-83.6,-7.65,10.58
MNQ DEC25,20s,20,5895,2025-11-13 10:25:20,25410.25,25412.25,25401.5,25406,1860,10.75,4.25,2,4.5,-1,-377.95,-194,-142.73333333,-97.67
MNQ DEC25,1s,1,3920,2025-11-13 10:25:21,25406.75,25407.5,25404.25,25406.5,45,3.25,0.25,0.75,2.25,-1,,,,
MNQ DEC25,1s,1,3921,2025-11-13 10:25:22,25406.25,25411,25406,25411,71,5,4.75,0,0.25,1,,,,
MNQ DEC25,1s,1,3922,2025-11-13 10:25:23,25410,25410.5,25406.75,25409.5,84,3.75,0.5,0.5,2.75,-1,,,,
MNQ DEC25,1s,1,3923,2025-11-13 10:25:24,25410.5,25410.75,25408.5,25410.25,46,2.25,0.25,0.25,1.75,-1,,,,
MNQ DEC25,1s,1,3924,2025-11-13 10:25:25,25410.5,25412,25409,25412,67,3,1.5,0,1.5,1,,,,
MNQ DEC25,1s,1,3925,2025-11-13 10:25:26,25411.25,25413,25409,25409.75,120,4,1.5,1.75,0.75,-1,,,,
MNQ DEC25,1s,1,3926,2025-11-13 10:25:27,25409.5,25410.75,25408,25410.25,92,2.75,0.75,0.5,1.5,1,,,,
MNQ DEC25,1s,1,3927,2025-11-13 10:25:28,25410.25,25411,25408,25410.25,64,3,0,0.75,2.25,0,,,,
MNQ DEC25,1s,1,3928,2025-11-13 10:25:29,25409.75,25410.75,25408.75,25409.5,39,2,0.25,1,0.75,-1,,,,
MNQ DEC25,1s,1,3929,2025-11-13 10:25:30,25408.5,25411.5,25407.75,25410.75,73,3.75,2.25,0.75,0.75,1,,,,
MNQ DEC25,10s,10,5792,2025-11-13 10:25:30,25406.75,25413,25404.25,25410.75,701,8.75,4,2.25,2.5,1,-331.85,-133.6,-32.21666667,-18.3
MNQ DEC25,1s,1,3930,2025-11-13 10:25:31,25410.5,25410.5,25404.25,25408,129,6.25,2.5,0,3.75,-1,,,,
MNQ DEC25,1s,1,3931,2025-11-13 10:25:32,25408.5,25409.25,25406.25,25407.75,61,3,0.75,0.75,1.5,-1,,,,
MNQ DEC25,1s,1,3932,2025-11-13 10:25:33,25407.75,25412.5,25406.75,25411.25,72,5.75,3.5,1.25,1,1,,,,
MNQ DEC25,1s,1,3933,2025-11-13 10:25:34,25411.75,25415.75,25411,25414.75,125,4.75,3,1,0.75,1,,,,
MNQ DEC25,1s,1,3934,2025-11-13 10:25:35,25414.25,25414.75,25411,25413.25,121,3.75,1,0.5,2.25,-1,,,,
MNQ DEC25,1s,1,3935,2025-11-13 10:25:36,25413,25414.75,25409.75,25410,67,5,3,1.75,0.25,-1,,,,
MNQ DEC25,1s,1,3936,2025-11-13 10:25:37,25409.75,25412.75,25409,25411.75,40,3.75,2,1,0.75,1,,,,
MNQ DEC25,1s,1,3937,2025-11-13 10:25:38,25411.25,25412,25409.5,25410.25,49,2.5,1,0.75,0.75,-1,,,,
MNQ DEC25,1s,1,3938,2025-11-13 10:25:39,25410.5,25410.5,25409.5,25409.5,26,1,1,0,0,-1,,,,
MNQ DEC25,1s,1,3939,2025-11-13 10:25:40,25409,25411,25406.75,25411,105,4.25,2,0,2.25,1,,,,
MNQ DEC25,10s,10,5793,2025-11-13 10:25:40,25410.5,25415.75,25404.25,25411,795,11.5,0.5,4.75,6.25,1,-349.1,-17.25,-78.15,-34.76
MNQ DEC25,20s,20,5896,2025-11-13 10:25:40,25406.75,25415.75,25404.25,25411,1496,11.5,4.25,4.75,2.5,1,-498.4,-120.45,-234.2,-130.42
MNQ DEC25,1s,1,3940,2025-11-13 10:25:41,25410.5,25411,25409.25,25409.5,48,1.75,1,0.5,0.25,-1,,,,
MNQ DEC25,1s,1,3941,2025-11-13 10:25:42,25408.75,25410.5,25408.5,25409.75,43,2,1,0.75,0.25,1,,,,
MNQ DEC25,1s,1,3942,2025-11-13 10:25:43,25410.75,25411.75,25407.5,25408.25,135,4.25,2.5,1,0.75,-1,,,,
MNQ DEC25,1s,1,3943,2025-11-13 10:25:44,25408,25410,25407.25,25407.75,41,2.75,0.25,2,0.5,-1,,,,
MNQ DEC25,1s,1,3944,2025-11-13 10:25:45,25407.5,25408.5,25403.75,25403.75,124,4.75,3.75,1,0,-1,,,,
MNQ DEC25,1s,1,3945,2025-11-13 10:25:46,25403.75,25406.25,25403.25,25406,115,3,2.25,0.25,0.5,1,,,,
MNQ DEC25,1s,1,3946,2025-11-13 10:25:47,25405,25405.5,25403.75,25404,45,1.75,1,0.5,0.25,-1,,,,
MNQ DEC25,1s,1,3947,2025-11-13 10:25:48,25404.5,25404.5,25401.75,25403.25,108,2.75,1.25,0,1.5,-1,,,,
MNQ DEC25,1s,1,3948,2025-11-13 10:25:49,25402.25,25409.25,25402.25,25408.75,114,7,6.5,0.5,0,1,,,,
MNQ DEC25,1s,1,3949,2025-11-13 10:25:50,25408.75,25411.75,25408.5,25410.5,66,3.25,1.75,1.25,0.25,1,,,,
MNQ DEC25,10s,10,5794,2025-11-13 10:25:50,25410.5,25411.75,25401.75,25410.5,839,10,0,1.25,8.75,0,-294,55.1,-31.91666667,-11.76
MNQ DEC25,1s,1,3950,2025-11-13 10:25:51,25410.75,25411.5,25409.5,25411.5,24,2,0.75,0,1.25,1,,,,
MNQ DEC25,1s,1,3951,2025-11-13 10:25:52,25411.5,25413.25,25411.5,25412.75,68,1.75,1.25,0.5,0,1,,,,
MNQ DEC25,1s,1,3952,2025-11-13 10:25:53,25412.25,25412.75,25411.25,25412.25,43,1.5,0,0.5,1,0,,,,
MNQ DEC25,1s,1,3953,2025-11-13 10:25:54,25411.25,25416,25410.25,25415.5,125,5.75,4.25,0.5,1,1,,,,
MNQ DEC25,1s,1,3954,2025-11-13 10:25:55,25416,25416,25413.75,25414.75,97,2.25,1.25,0,1,-1,,,,
MNQ DEC25,1s,1,3955,2025-11-13 10:25:56,25414.25,25415,25412.75,25414,69,2.25,0.25,0.75,1.25,-1,,,,
MNQ DEC25,1s,1,3956,2025-11-13 10:25:57,25413.75,25415,25411.5,25411.75,69,3.5,2,1.25,0.25,-1,,,,
MNQ DEC25,1s,1,3957,2025-11-13 10:25:58,25411.5,25413.75,25411,25411,54,2.75,0.5,2.25,0,-1,,,,
MNQ DEC25,1s,1,3958,2025-11-13 10:25:59,25410.25,25410.25,25408,25409.25,46,2.25,1,0,1.25,-1,,,,
MNQ DEC25,1s,1,3959,2025-11-13 10:26:00,25409.75,25410,25407,25408.25,78,3,1.5,0.25,1.25,-1,,,,
MNQ DEC25,10s,10,5795,2025-11-13 10:26:00,25410.75,25416,25407,25408.25,673,9,2.5,5.25,1.25,-1,-334.65,-40.65,-0.93333333,-44
MNQ DEC25,20s,20,5897,2025-11-13 10:26:00,25410.5,25416,25401.75,25408.25,1512,14.25,2.25,5.5,6.5,-1,-559.8,-61.4,-125.28333333,-122.01
MNQ DEC25,1s,1,3960,2025-11-13 10:26:01,25408.25,25410.5,25408,25408.75,70,2.5,0.5,1.75,0.25,1,,,,
MNQ DEC25,1s,1,3961,2025-11-13 10:26:02,25408.25,25414,25408.25,25413,62,5.75,4.75,1,0,1,,,,
MNQ DEC25,1s,1,3962,2025-11-13 10:26:03,25411,25412,25409.25,25411,103,2.75,0,1,1.75,0,,,,
MNQ DEC25,1s,1,3963,2025-11-13 10:26:04,25411.25,25413.5,25411,25412.25,38,2.5,1,1.25,0.25,1,,,,
MNQ DEC25,1s,1,3964,2025-11-13 10:26:05,25412,25413.5,25411,25413,40,2.5,1,0.5,1,1,,,,
MNQ DEC25,1s,1,3965,2025-11-13 10:26:06,25413.75,25414.5,25409,25410,71,5.5,3.75,0.75,1,-1,,,,
MNQ DEC25,1s,1,3966,2025-11-13 10:26:07,25411,25411.5,25409.75,25410.25,61,1.75,0.75,0.5,0.5,-1,,,,
MNQ DEC25,1s,1,3967,2025-11-13 10:26:08,25410.5,25414,25410.5,25412.75,142,3.5,2.25,1.25,0,1,,,,
MNQ DEC25,1s,1,3968,2025-11-13 10:26:09,25413.25,25414.75,25413.25,25414.5,80,1.5,1.25,0.25,0,1,,,,
MNQ DEC25,1s,1,3969,2025-11-13 10:26:10,25414.5,25417.75,25414,25417,132,3.75,2.5,0.75,0.5,1,,,,
MNQ DEC25,10s,10,5796,2025-11-13 10:26:10,25408.25,25417.75,25408,25417,799,9.75,8.75,0.75,0.25,1,-327.7,6.95,7.13333333,-25.89
MNQ DEC25,1s,1,3970,2025-11-13 10:26:11,25416.75,25416.75,25410.75,25410.75,166,6,6,0,0,-1,,,,
MNQ DEC25,1s,1,3971,2025-11-13 10:26:12,25411,25412,25409.5,25411.25,91,2.5,0.25,0.75,1.5,1,,,,
MNQ DEC25,1s,1,3972,2025-11-13 10:26:13,25410.75,25412.5,25410.5,25411.5,48,2,0.75,1,0.25,1,,,,
MNQ DEC25,1s,1,3973,2025-11-13 10:26:14,25412.25,25412.75,25410,25410.75,40,2.75,1.5,0.5,0.75,-1,,,,
MNQ DEC25,1s,1,3974,2025-11-13 10:26:15,25411.75,25412,25410.25,25410.75,36,1.75,1,0.25,0.5,-1,,,,
MNQ DEC25,1s,1,3975,2025-11-13 10:26:16,25409.75,25410.75,25408,25410,76,2.75,0.25,0.75,1.75,1,,,,
MNQ DEC25,1s,1,3976,2025-11-13 10:26:17,25408.5,25409,25405.5,25406.75,106,3.5,1.75,0.5,1.25,-1,,,,
MNQ DEC25,1s,1,3977,2025-11-13 10:26:18,25406.75,25407,25405.5,25406.75,86,1.5,0,0.25,1.25,0,,,,
MNQ DEC25,1s,1,3978,2025-11-13 10:26:19,25407.25,25408.75,25404.75,25405,74,4,2.25,1.5,0.25,-1,,,,
MNQ DEC25,1s,1,3979,2025-11-13 10:26:20,25405.75,25405.75,25398.25,25401.75,598,7.5,4,0,3.5,-1,,,,
MNQ DEC25,10s,10,5797,2025-11-13 10:26:20,25416.75,25416.75,25398.25,25401.75,1321,18.5,15,0,3.5,-1,-198.2,129.5,31.93333333,26.73
MNQ DEC25,20s,20,5898,2025-11-13 10:26:20,25408.25,25417.75,25398.25,25401.75,2120,19.5,6.5,9.5,3.5,-1,-666.95,-107.15,-96.33333333,-174.23
MNQ DEC25,1s,1,3980,2025-11-13 10:26:21,25402,25403.25,25397.25,25398.75,212,6,3.25,1.25,1.5,-1,,,,
MNQ DEC25,1s,1,3981,2025-11-13 10:26:22,25398.5,25402.5,25398,25401,173,4.5,2.5,1.5,0.5,1,,,,
MNQ DEC25,1s,1,3982,2025-11-13 10:26:23,25401.5,25401.5,25397.5,25397.75,131,4,3.75,0,0.25,-1,,,,
MNQ DEC25,1s,1,3983,2025-11-13 10:26:24,25398.25,25398.25,25394.5,25395.75,236,3.75,2.5,0,1.25,-1,,,,
MNQ DEC25,1s,1,3984,2025-11-13 10:26:25,25396.25,25399,25396,25399,166,3,2.75,0,0.25,1,,,,
MNQ DEC25,1s,1,3985,2025-11-13 10:26:26,25398.5,25400.75,25394.5,25398.5,454,6.25,0,2.25,4,0,,,,
MNQ DEC25,1s,1,3986,2025-11-13 10:26:27,25398.75,25400.25,25398.25,25399.75,73,2,1,0.5,0.5,1,,,,
MNQ DEC25,1s,1,3987,2025-11-13 10:26:28,25400.25,25402.75,25399.5,25400.75,75,3.25,0.5,2,0.75,1,,,,
MNQ DEC25,1s,1,3988,2025-11-13 10:26:29,25400.75,25401.75,25400,25401.75,37,1.75,1,0,0.75,1,,,,
MNQ DEC25,1s,1,3989,2025-11-13 10:26:30,25401.75,25401.75,25399,25400.5,39,2.75,1.25,0,1.5,-1,,,,
MNQ DEC25,10s,10,5798,2025-11-13 10:26:30,25402,25403.25,25394.5,25400.5,1596,8.75,1.5,1.25,6,-1,-28,170.2,102.21666667,64.22
MNQ DEC25,1s,1,3990,2025-11-13 10:26:31,25400,25401.5,25398.5,25398.5,63,3,1.5,1.5,0,-1,,,,
MNQ DEC25,1s,1,3991,2025-11-13 10:26:32,25398.5,25399.25,25394.5,25395.25,85,4.75,3.25,0.75,0.75,-1,,,,
MNQ DEC25,1s,1,3992,2025-11-13 10:26:33,25395.5,25396.25,25392.5,25392.5,195,3.75,3,0.75,0,-1,,,,
MNQ DEC25,1s,1,3993,2025-11-13 10:26:34,25392.25,25393.5,25391.25,25392.75,133,2.25,0.5,0.75,1,1,,,,
MNQ DEC25,1s,1,3994,2025-11-13 10:26:35,25392.25,25392.75,25388.25,25388.25,270,4.5,4,0.5,0,-1,,,,
MNQ DEC25,1s,1,3995,2025-11-13 10:26:36,25388,25390,25386,25386,229,4,2,2,0,-1,,,,
MNQ DEC25,1s,1,3996,2025-11-13 10:26:37,25386,25386.75,25380.75,25381.75,557,6,4.25,0.75,1,-1,,,,
MNQ DEC25,1s,1,3997,2025-11-13 10:26:38,25382.25,25382.25,25377.25,25377.75,410,5,4.5,0,0.5,-1,,,,
MNQ DEC25,1s,1,3998,2025-11-13 10:26:39,25377,25379.75,25375.75,25376.25,383,4,0.75,2.75,0.5,-1,,,,
MNQ DEC25,1s,1,3999,2025-11-13 10:26:40,25376.25,25378,25373,25375.75,472,5,0.5,1.75,2.75,-1,,,,
MNQ DEC25,10s,10,5799,2025-11-13 10:26:40,25400,25401.5,25373,25375.75,2797,28.5,24.25,1.5,2.75,-1,315.3,343.3,214.33333333,121.86
MNQ DEC25,20s,20,5899,2025-11-13 10:26:40,25402,25403.25,25373,25375.75,4393,30.25,26.25,1.25,2.75,-1,-184.85,482.1,104.51666667,-0.18
MNQ DEC25,1s,1,4000,2025-11-13 10:26:41,25375.5,25378.25,25374.5,25376.75,177,3.75,1.25,1.5,1,1,,,,
MNQ DEC25,1s,1,4001,2025-11-13 10:26:42,25376,25378,25375.25,25377.25,181,2.75,1.25,0.75,0.75,1,,,,
MNQ DEC25,1s,1,4002,2025-11-13 10:26:43,25377.25,25378.5,25376,25376.75,90,2.5,0.5,1.25,0.75,-1,,,,
MNQ DEC25,1s,1,4003,2025-11-13 10:26:44,25377,25378.25,25375.75,25376.75,132,2.5,0.25,1.25,1,-1,,,,
MNQ DEC25,1s,1,4004,2025-11-13 10:26:45,25376,25376.5,25374.5,25375.25,123,2,0.75,0.5,0.75,-1,,,,
MNQ DEC25,1s,1,4005,2025-11-13 10:26:46,25375.5,25376,25374.5,25375,94,1.5,0.5,0.5,0.5,-1,,,,
MNQ DEC25,1s,1,4006,2025-11-13 10:26:47,25375.75,25377.25,25374.25,25374.75,113,3,1,1.5,0.5,-1,,,,
MNQ DEC25,1s,1,4007,2025-11-13 10:26:48,25375.5,25382,25375.25,25381.5,175,6.75,6,0.5,0.25,1,,,,
MNQ DEC25,1s,1,4008,2025-11-13 10:26:49,25381,25385,25380,25384.25,236,5,3.25,0.75,1,1,,,,
MNQ DEC25,1s,1,4009,2025-11-13 10:26:50,25384.25,25385.5,25383.75,25384.75,116,1.75,0.5,0.75,0.5,1,,,,
MNQ DEC25,10s,10,5800,2025-11-13 10:26:50,25375.5,25385.5,25374.25,25384.75,1437,11.25,9.25,0.75,1.25,1,455.45,140.15,217.88333333,158.02
MNQ DEC25,1s,1,4010,2025-11-13 10:26:51,25385.25,25385.5,25383.25,25384.75,107,2.25,0.5,0.25,1.5,-1,,,,
MNQ DEC25,1s,1,4011,2025-11-13 10:26:52,25384.75,25387,25383.75,25386.25,201,3.25,1.5,0.75,1,1,,,,
MNQ DEC25,1s,1,4012,2025-11-13 10:26:53,25386.75,25389.25,25386.25,25388.25,185,3,1.5,1,0.5,1,,,,
MNQ DEC25,1s,1,4013,2025-11-13 10:26:54,25388.25,25389.5,25387.5,25388,174,2,0.25,1.25,0.5,-1,,,,
MNQ DEC25,1s,1,4014,2025-11-13 10:26:55,25388,25389.25,25386,25388.5,88,3.25,0.5,0.75,2,1,,,,
MNQ DEC25,1s,1,4015,2025-11-13 10:26:56,25387.75,25391.25,25387.75,25391.25,120,3.5,3.5,0,0,1,,,,
MNQ DEC25,1s,1,4016,2025-11-13 10:26:57,25391.75,25392.75,25390.5,25391,131,2.25,0.75,1,0.5,-1,,,,
MNQ DEC25,1s,1,4017,2025-11-13 10:26:58,25391.5,25393.75,25390.5,25391.75,147,3.25,0.25,2,1,1,,,,
MNQ DEC25,1s,1,4018,2025-11-13 10:26:59,25392,25395,25391.75,25393.75,180,3.25,1.75,1.25,0.25,1,,,,
MNQ DEC25,1s,1,4019,2025-11-13 10:27:00,25393.5,25394.25,25392.25,25393.25,94,2,0.25,0.75,1,-1,,,,
MNQ DEC25,10s,10,5801,2025-11-13 10:27:00,25385.25,25395,25383.25,25393.25,1427,11.75,8,1.75,2,1,597.1,141.65,208.36666667,184.96
MNQ DEC25,20s,20,5900,2025-11-13 10:27:00,25375.5,25395,25374.25,25393.25,2864,20.75,17.75,1.75,1.25,1,59.8,244.65,206.53333333,87.55
MNQ DEC25,1s,1,4020,2025-11-13 10:27:01,25393.25,25394.75,25392.75,25393.25,92,2,0,1.5,0.5,0,,,,
MNQ DEC25,1s,1,4021,2025-11-13 10:27:02,25393.25,25394.5,25391.5,25392.25,85,3,1,1.25,0.75,-1,,,,
MNQ DEC25,1s,1,4022,2025-11-13 10:27:03,25392.5,25394.25,25392,25393,49,2.25,0.5,1.25,0.5,1,,,,
MNQ DEC25,1s,1,4023,2025-11-13 10:27:04,25392.75,25394,25391.75,25393.25,38,2.25,0.5,0.75,1,1,,,,
MNQ DEC25,1s,1,4024,2025-11-13 10:27:05,25393.5,25394.5,25389,25389.5,88,5.5,4,1,0.5,-1,,,,
MNQ DEC25,1s,1,4025,2025-11-13 10:27:06,25391,25394.25,25390.75,25394.25,65,3.5,3.25,0,0.25,1,,,,
MNQ DEC25,1s,1,4026,2025-11-13 10:27:07,25393.25,25394.75,25393,25393.5,54,1.75,0.25,1.25,0.25,1,,,,
MNQ DEC25,1s,1,4027,2025-11-13 10:27:08,25393.75,25393.75,25390,25391.75,56,3.75,2,0,1.75,-1,,,,
MNQ DEC25,1s,1,4028,2025-11-13 10:27:09,25391,25391.25,25389.5,25390,36,1.75,1,0.25,0.5,-1,,,,
MNQ DEC25,1s,1,4029,2025-11-13 10:27:10,25390.75,25396.5,25390.75,25394.5,143,5.75,3.75,2,0,1,,,,
MNQ DEC25,10s,10,5802,2025-11-13 10:27:10,25393.25,25396.5,25389,25394.5,706,7.5,1.25,2,4.25,1,503.9,-93.2,62.86666667,140.42
MNQ DEC25,1s,1,4030,2025-11-13 10:27:11,25394.25,25396.25,25393.25,25394.5,88,3,0.25,1.75,1,1,,,,
MNQ DEC25,1s,1,4031,2025-11-13 10:27:12,25394.5,25394.5,25391.5,25391.5,63,3,3,0,0,-1,,,,
MNQ DEC25,1s,1,4032,2025-11-13 10:27:13,25392,25392,25385.75,25386.5,108,6.25,5.5,0,0.75,-1,,,,
MNQ DEC25,1s,1,4033,2025-11-13 10:27:14,25385.75,25387,25385.25,25386.25,82,1.75,0.5,0.75,0.5,1,,,,
MNQ DEC25,1s,1,4034,2025-11-13 10:27:15,25386,25388,25385.75,25387,71,2.25,1,1,0.25,1,,,,
MNQ DEC25,1s,1,4035,2025-11-13 10:27:16,25386.5,25388.75,25386.25,25386.25,135,2.5,0.25,2.25,0,-1,,,,
MNQ DEC25,1s,1,4036,2025-11-13 10:27:17,25386.75,25386.75,25383.5,25385,118,3.25,1.75,0,1.5,-1,,,,
MNQ DEC25,1s,1,4037,2025-11-13 10:27:18,25384.5,25386.5,25384,25385.25,112,2.5,0.75,1.25,0.5,1,,,,
MNQ DEC25,1s,1,4038,2025-11-13 10:27:19,25385.75,25393.25,25385.5,25393.25,165,7.75,7.5,0,0.25,1,,,,
MNQ DEC25,1s,1,4039,2025-11-13 10:27:20,25393.25,25393.75,25392.25,25393.75,43,1.5,0.5,0,1,1,,,,
MNQ DEC25,10s,10,5803,2025-11-13 10:27:20,25394.25,25396.25,25383.5,25393.75,985,12.75,0.5,2,10.25,-1,370.65,-133.25,-28.26666667,79.73
MNQ DEC25,20s,20,5901,2025-11-13 10:27:20,25393.25,25396.5,25383.5,25393.75,1691,13,0.5,2.75,9.75,1,112.4,52.6,259.78333333,122.16
MNQ DEC25,1s,1,4040,2025-11-13 10:27:21,25394,25396.75,25393.25,25394.75,136,3.5,0.75,2,0.75,1,,,,
MNQ DEC25,1s,1,4041,2025-11-13 10:27:22,25395,25396.5,25393.5,25393.75,109,3,1.25,1.5,0.25,-1,,,,
MNQ DEC25,1s,1,4042,2025-11-13 10:27:23,25393.25,25395.5,25392,25395.5,67,3.5,2.25,0,1.25,1,,,,
MNQ DEC25,1s,1,4043,2025-11-13 10:27:24,25395.75,25400.75,25395.75,25399.75,204,5,4,1,0,1,,,,
MNQ DEC25,1s,1,4044,2025-11-13 10:27:25,25399.5,25400.5,25397.5,25398,84,3,1.5,1,0.5,-1,,,,
MNQ DEC25,1s,1,4045,2025-11-13 10:27:26,25398.25,25399.25,25396.5,25397,99,2.75,1.25,1,0.5,-1,,,,
MNQ DEC25,1s,1,4046,2025-11-13 10:27:27,25398,25400.25,25397,25398.25,75,3.25,0.25,2,1,1,,,,
MNQ DEC25,1s,1,4047,2025-11-13 10:27:28,25398.25,25402.5,25398.25,25401.25,138,4.25,3,1.25,0,1,,,,
MNQ DEC25,1s,1,4048,2025-11-13 10:27:29,25401,25401,25397.75,25398.75,125,3.25,2.25,0,1,-1,,,,
MNQ DEC25,1s,1,4049,2025-11-13 10:27:30,25398.75,25399.75,25397.25,25399,177,2.5,0.25,0.75,1.5,1,,,,
MNQ DEC25,10s,10,5804,2025-11-13 10:27:30,25394,25402.5,25392,25399,1214,10.5,5,3.5,2,1,48.85,-321.8,-182.75,-53.29
MNQ DEC25,1s,1,4050,2025-11-13 10:27:31,25398.5,25399.25,25395,25395,77,4.25,3.5,0.75,0,-1,,,,
MNQ DEC25,1s,1,4051,2025-11-13 10:27:32,25395.5,25396.5,25394.5,25396.25,66,2,0.75,0.25,1,1,,,,
MNQ DEC25,1s,1,4052,2025-11-13 10:27:33,25395.5,25396.5,25395,25396.5,31,1.5,1,0,0.5,1,,,,
MNQ DEC25,1s,1,4053,2025-11-13 10:27:34,25395.5,25397,25395,25396,41,2,0.5,1,0.5,1,,,,
MNQ DEC25,1s,1,4054,2025-11-13 10:27:35,25394.75,25396.25,25394,25396,134,2.25,1.25,0.25,0.75,1,,,,
MNQ DEC25,1s,1,4055,2025-11-13 10:27:36,25396.5,25397,25394.5,25395.75,46,2.5,0.75,0.5,1.25,-1,,,,
MNQ DEC25,1s,1,4056,2025-11-13 10:27:37,25396,25397,25395.75,25397,43,1.25,1,0,0.25,1,,,,
MNQ DEC25,1s,1,4057,2025-11-13 10:27:38,25396.5,25399,25395,25396.25,53,4,0.25,2.5,1.25,-1,,,,
MNQ DEC25,1s,1,4058,2025-11-13 10:27:39,25396.5,25397,25393.25,25394,75,3.75,2.5,0.5,0.75,-1,,,,
MNQ DEC25,1s,1,4059,2025-11-13 10:27:40,25394,25394,25388.5,25389,65,5.5,5,0,0.5,-1,,,,
MNQ DEC25,10s,10,5805,2025-11-13 10:27:40,25398.5,25399.25,25388.5,25389,631,10.75,9.5,0.75,0.5,-1,-109.05,-157.9,-204.31666667,-112.9
MNQ DEC25,20s,20,5902,2025-11-13 10:27:40,25394,25402.5,25388.5,25389,1845,14,5,8.5,0.5,-1,186.85,74.45,123.9,149.33
MNQ DEC25,1s,1,4060,2025-11-13 10:27:41,25389.5,25391.25,25387.25,25390.5,90,4,1,0.75,2.25,1,,,,
MNQ DEC25,1s,1,4061,2025-11-13 10:27:42,25391,25391.25,25389.75,25390.75,50,1.5,0.25,0.25,1,-1,,,,
MNQ DEC25,1s,1,4062,2025-11-13 10:27:43,25391,25391,25386.5,25388.25,126,4.5,2.75,0,1.75,-1,,,,
MNQ DEC25,1s,1,4063,2025-11-13 10:27:44,25387.75,25389.25,25387.5,25388.5,82,1.75,0.75,0.75,0.25,1,,,,
MNQ DEC25,1s,1,4064,2025-11-13 10:27:45,25387.25,25390,25387.25,25389.25,42,2.75,2,0.75,0,1,,,,
MNQ DEC25,1s,1,4065,2025-11-13 10:27:46,25389,25389.5,25388,25389.5,67,1.5,0.5,0,1,1,,,,
MNQ DEC25,1s,1,4066,2025-11-13 10:27:47,25389.75,25389.75,25386,25386,36,3.75,3.75,0,0,-1,,,,
MNQ DEC25,1s,1,4067,2025-11-13 10:27:48,25386.75,25386.75,25380.75,25381,203,6,5.75,0,0.25,-1,,,,
MNQ DEC25,1s,1,4068,2025-11-13 10:27:49,25380.5,25383,25380.5,25381.5,122,2.5,1,1.5,0,1,,,,
MNQ DEC25,1s,1,4069,2025-11-13 10:27:50,25381.25,25384.75,25380.75,25384.5,115,4,3.25,0.25,0.5,1,,,,
MNQ DEC25,10s,10,5806,2025-11-13 10:27:50,25389.5,25391.25,25380.5,25384.5,933,10.75,5,1.75,4,-1,-192.35,-83.3,-187.66666667,-157.89
MNQ DEC25,1s,1,4070,2025-11-13 10:27:51,25384.5,25385,25382.5,25382.5,49,2.5,2,0.5,0,-1,,,,
MNQ DEC25,1s,1,4071,2025-11-13 10:27:52,25383,25384.75,25382.25,25384.5,52,2.5,1.5,0.25,0.75,1,,,,
MNQ DEC25,1s,1,4072,2025-11-13 10:27:53,25384.25,25385.25,25382.5,25382.5,43,2.75,1.75,1,0,-1,,,,
MNQ DEC25,1s,1,4073,2025-11-13 10:27:54,25383,25385,25382.25,25385,76,2.75,2,0,0.75,1,,,,
MNQ DEC25,1s,1,4074,2025-11-13 10:27:55,25385.25,25386,25384.5,25385.5,31,1.5,0.25,0.5,0.75,1,,,,
MNQ DEC25,1s,1,4075,2025-11-13 10:27:56,25386.25,25386.5,25385.25,25386.25,37,1.25,0,0.25,1,0,,,,
MNQ DEC25,1s,1,4076,2025-11-13 10:27:57,25386.5,25388.5,25386,25388.5,84,2.5,2,0,0.5,1,,,,
MNQ DEC25,1s,1,4077,2025-11-13 10:27:58,25388.5,25389,25385.25,25385.25,65,3.75,3.25,0.5,0,-1,,,,
MNQ DEC25,1s,1,4078,2025-11-13 10:27:59,25385.5,25385.75,25384,25384.75,58,1.75,0.75,0.25,0.75,-1,,,,
MNQ DEC25,1s,1,4079,2025-11-13 10:28:00,25385,25385.25,25383.5,25384,67,1.75,1,0.25,0.5,-1,,,,
MNQ DEC25,10s,10,5807,2025-11-13 10:28:00,25384.5,25389,25382.25,25384,562,6.75,0.5,4.5,1.75,-1,-172.1,20.25,-73.65,-135.2
MNQ DEC25,20s,20,5903,2025-11-13 10:28:00,25389.5,25391.25,25380.5,25384,1495,10.75,5.5,1.75,3.5,-1,108.75,-78.1,16.31666667,155.14
MNQ DEC25,1s,1,4080,2025-11-13 10:28:01,25383.75,25384,25381.5,25383.5,138,2.5,0.25,0.25,2,-1,,,,
MNQ DEC25,1s,1,4081,2025-11-13 10:28:02,25383,25384,25381.25,25382.75,55,2.75,0.25,1,1.5,-1,,,,
MNQ DEC25,1s,1,4082,2025-11-13 10:28:03,25383,25383.25,25379.25,25380.25,132,4,2.75,0.25,1,-1,,,,
MNQ DEC25,1s,1,4083,2025-11-13 10:28:04,25381,25383.75,25381,25381.5,72,2.75,0.5,2.25,0,1,,,,
MNQ DEC25,1s,1,4084,2025-11-13 10:28:05,25381.75,25383,25380.25,25381.5,48,2.75,0.25,1.25,1.25,-1,,,,
MNQ DEC25,1s,1,4085,2025-11-13 10:28:06,25381.5,25383.75,25380.25,25381,90,3.5,0.5,2.25,0.75,-1,,,,
MNQ DEC25,1s,1,4086,2025-11-13 10:28:07,25380.75,25380.75,25376.75,25377,306,4,3.75,0,0.25,-1,,,,
MNQ DEC25,1s,1,4087,2025-11-13 10:28:08,25377.75,25379.75,25377.5,25378.5,160,2.25,0.75,1.25,0.25,1,,,,
MNQ DEC25,1s,1,4088,2025-11-13 10:28:09,25378.25,25380.5,25377,25379.25,128,3.5,1,1.25,1.25,1,,,,
MNQ DEC25,1s,1,4089,2025-11-13 10:28:10,25379.25,25380,25377.25,25377.75,76,2.75,1.5,0.75,0.5,-1,,,,
MNQ DEC25,10s,10,5808,2025-11-13 10:28:10,25383.75,25384,25376.75,25377.75,1205,7.25,6,0.25,1,-1,-143.85,28.25,-11.6,-102.9
MNQ DEC25,1s,1,4090,2025-11-13 10:28:11,25378.25,25381,25376.5,25376.5,232,4.5,1.75,2.75,0,-1,,,,
MNQ DEC25,1s,1,4091,2025-11-13 10:28:12,25377,25380.25,25376,25380,121,4.25,3,0.25,1,1,,,,
MNQ DEC25,1s,1,4092,2025-11-13 10:28:13,25380.25,25380.5,25378.5,25378.5,87,2,1.75,0.25,0,-1,,,,
MNQ DEC25,1s,1,4093,2025-11-13 10:28:14,25379,25379.5,25377.5,25378.5,102,2,0.5,0.5,1,-1,,,,
MNQ DEC25,1s,1,4094,2025-11-13 10:28:15,25378.5,25378.75,25372.75,25373.5,272,6,5,0.25,0.75,-1,,,,
MNQ DEC25,1s,1,4095,2025-11-13 10:28:16,25373.25,25374,25371.75,25372,164,2.25,1.25,0.75,0.25,-1,,,,
MNQ DEC25,1s,1,4096,2025-11-13 10:28:17,25373,25374.75,25372.5,25373.75,137,2.25,0.75,1,0.5,1,,,,
MNQ DEC25,1s,1,4097,2025-11-13 10:28:18,25374,25374.75,25371.25,25374.75,118,3.5,0.75,0,2.75,1,,,,
MNQ DEC25,1s,1,4098,2025-11-13 10:28:19,25374.25,25374.75,25372.25,25372.75,143,2.5,1.5,0.5,0.5,-1,,,,
MNQ DEC25,1s,1,4099,2025-11-13 10:28:20,25372.5,25373.5,25372,25372.5,86,1.5,0,1,0.5,0,,,,
MNQ DEC25,10s,10,5809,2025-11-13 10:28:20,25378.25,25381,25371.25,25372.5,1462,9.75,5.75,2.75,1.25,-1,-138.55,5.3,17.93333333,-37.48
MNQ DEC25,20s,20,5904,2025-11-13 10:28:20,25383.75,25384,25371.25,25372.5,2667,12.75,11.25,0.25,1.25,-1,-209.75,-318.5,-107.38333333,-4.98
MNQ DEC25,1s,1,4100,2025-11-13 10:28:21,25372.75,25375.5,25372.25,25372.75,109,3.25,0,2.75,0.5,0,,,,
MNQ DEC25,1s,1,4101,2025-11-13 10:28:22,25373.25,25378.25,25373.25,25377.75,140,5,4.5,0.5,0,1,,,,
MNQ DEC25,1s,1,4102,2025-11-13 10:28:23,25377.5,25378,25376.25,25376.25,74,1.75,1.25,0.5,0,-1,,,,
MNQ DEC25,1s,1,4103,2025-11-13 10:28:24,25376,25376.75,25374.75,25375,42,2,1,0.75,0.25,-1,,,,
MNQ DEC25,1s,1,4104,2025-11-13 10:28:25,25374.75,25376,25373.25,25373.25,60,2.75,1.5,1.25,0,-1,,,,
MNQ DEC25,1s,1,4105,2025-11-13 10:28:26,25373.5,25374,25371,25371.25,66,3,2.25,0.5,0.25,-1,,,,
MNQ DEC25,1s,1,4106,2025-11-13 10:28:27,25372,25376.25,25371.5,25376,103,4.75,4,0.25,0.5,1,,,,
MNQ DEC25,1s,1,4107,2025-11-13 10:28:28,25376,25376.75,25374,25374,36,2.75,2,0.75,0,-1,,,,
MNQ DEC25,1s,1,4108,2025-11-13 10:28:29,25373.5,25375,25372.75,25374.5,59,2.25,1,0.5,0.75,1,,,,
MNQ DEC25,1s,1,4109,2025-11-13 10:28:30,25374.5,25377,25374,25374.75,79,3,0.25,2.25,0.5,1,,,,
MNQ DEC25,10s,10,5810,2025-11-13 10:28:30,25372.75,25378.25,25371,25374.75,768,7.25,2,3.5,1.75,1,-93.05,45.5,26.35,3.2
MNQ DEC25,1s,1,4110,2025-11-13 10:28:31,25374,25375.25,25374,25374,27,1.25,0,1.25,0,0,,,,
MNQ DEC25,1s,1,4111,2025-11-13 10:28:32,25374.5,25375.75,25373.25,25373.5,39,2.5,1,1.25,0.25,-1,,,,
MNQ DEC25,1s,1,4112,2025-11-13 10:28:33,25373.75,25376.25,25373.75,25375,115,2.5,1.25,1.25,0,1,,,,
MNQ DEC25,1s,1,4113,2025-11-13 10:28:34,25375,25375,25374,25374.25,53,1,0.75,0,0.25,-1,,,,
MNQ DEC25,1s,1,4114,2025-11-13 10:28:35,25374.5,25375.75,25374,25374.5,60,1.75,0,1.25,0.5,0,,,,
MNQ DEC25,1s,1,4115,2025-11-13 10:28:36,25374,25375,25371.75,25374.75,84,3.25,0.75,0.25,2.25,1,,,,
MNQ DEC25,1s,1,4116,2025-11-13 10:28:37,25375.25,25377.75,25375,25376.5,64,2.75,1.25,1.25,0.25,1,,,,
MNQ DEC25,1s,1,4117,2025-11-13 10:28:38,25376.25,25376.75,25374.75,25375.5,55,2,0.75,0.5,0.75,-1,,,,
MNQ DEC25,1s,1,4118,2025-11-13 10:28:39,25376,25376,25374.25,25375,46,1.75,1,0,0.75,-1,,,,
MNQ DEC25,1s,1,4119,2025-11-13 10:28:40,25374.75,25381.75,25374.75,25380.25,208,7,5.5,1.5,0,1,,,,
MNQ DEC25,10s,10,5811,2025-11-13 10:28:40,25374,25381.75,25371.75,25380.25,751,10,6.25,1.5,2.25,1,-130.5,-37.45,4.45,12.37
MNQ DEC25,20s,20,5905,2025-11-13 10:28:40,25372.75,25381.75,25371,25380.25,1519,10.75,7.5,1.5,1.75,1,-408.75,-199,-198.53333333,-93.71
MNQ DEC25,1s,1,4120,2025-11-13 10:28:41,25380.5,25382,25379.5,25380.75,104,2.5,0.25,1.25,1,1,,,,
MNQ DEC25,1s,1,4121,2025-11-13 10:28:42,25381,25383.75,25381,25382.25,119,2.75,1.25,1.5,0,1,,,,
MNQ DEC25,1s,1,4122,2025-11-13 10:28:43,25382.25,25386.5,25382,25385.75,178,4.5,3.5,0.75,0.25,1,,,,
MNQ DEC25,1s,1,4123,2025-11-13 10:28:44,25385.5,25387,25384.5,25384.5,81,2.5,1,1.5,0,-1,,,,
MNQ DEC25,1s,1,4124,2025-11-13 10:28:45,25384.75,25385.5,25382.75,25383,83,2.75,1.75,0.75,0.25,-1,,,,
MNQ DEC25,1s,1,4125,2025-11-13 10:28:46,25383.75,25383.75,25379.5,25381.25,77,4.25,2.5,0,1.75,-1,,,,
MNQ DEC25,1s,1,4126,2025-11-13 10:28:47,25382,25382,25379.75,25381.25,54,2.25,0.75,0,1.5,-1,,,,
MNQ DEC25,1s,1,4127,2025-11-13 10:28:48,25381.75,25383.5,25381.25,25382.75,23,2.25,1,0.75,0.5,1,,,,
MNQ DEC25,1s,1,4128,2025-11-13 10:28:49,25382.75,25384.5,25382.5,25383.5,53,2,0.75,1,0.25,1,,,,
MNQ DEC25,1s,1,4129,2025-11-13 10:28:50,25383.75,25384.25,25382,25382,37,2.25,1.75,0.5,0,-1,,,,
MNQ DEC25,10s,10,5812,2025-11-13 10:28:50,25380.5,25387,25379.5,25382,809,7.5,1.5,5,1,1,-86.5,44,17.35,17.12
MNQ DEC25,1s,1,4130,2025-11-13 10:28:51,25382.5,25383,25381,25381.75,31,2,0.75,0.5,0.75,-1,,,,
MNQ DEC25,1s,1,4131,2025-11-13 10:28:52,25380.5,25381.75,25379.75,25381.25,46,2,0.75,0.5,0.75,1,,,,
MNQ DEC25,1s,1,4132,2025-11-13 10:28:53,25381,25381.25,25379.25,25380.25,53,2,0.75,0.25,1,-1,,,,
MNQ DEC25,1s,1,4133,2025-11-13 10:28:54,25380.5,25380.75,25378,25378.75,45,2.75,1.75,0.25,0.75,-1,,,,
MNQ DEC25,1s,1,4134,2025-11-13 10:28:55,25378.25,25380,25377.5,25378.5,38,2.5,0.25,1.5,0.75,1,,,,
MNQ DEC25,1s,1,4135,2025-11-13 10:28:56,25378.75,25379.5,25378,25378,57,1.5,0.75,0.75,0,-1,,,,
MNQ DEC25,1s,1,4136,2025-11-13 10:28:57,25378.5,25379.75,25376.75,25377.25,111,3,1.25,1.25,0.5,-1,,,,
MNQ DEC25,1s,1,4137,2025-11-13 10:28:58,25376.75,25378.75,25376.5,25378,38,2.25,1.25,0.75,0.25,1,,,,
MNQ DEC25,1s,1,4138,2025-11-13 10:28:59,25377.5,25377.75,25376.5,25376.5,14,1.25,1,0.25,0,-1,,,,
MNQ DEC25,1s,1,4139,2025-11-13 10:29:00,25376.25,25376.25,25373.5,25374.25,130,2.75,2,0,0.75,-1,,,,
MNQ DEC25,10s,10,5813,2025-11-13 10:29:00,25382.5,25383,25373.5,25374.25,563,9.5,8.25,0.5,0.75,-1,-203.3,-116.8,-36.75,-11.89
MNQ DEC25,20s,20,5906,2025-11-13 10:29:00,25380.5,25387,25373.5,25374.25,1372,13.5,6.25,6.5,0.75,-1,-429.8,-21.05,-179.51666667,-108.44
MNQ DEC25,1s,1,4140,2025-11-13 10:29:01,25374.75,25376.25,25374.25,25376,111,2,1.25,0.25,0.5,1,,,,
MNQ DEC25,1s,1,4141,2025-11-13 10:29:02,25376.25,25381,25376,25380.75,116,5,4.5,0.25,0.25,1,,,,
MNQ DEC25,1s,1,4142,2025-11-13 10:29:03,25380.75,25381.5,25378.75,25380.5,65,2.75,0.25,0.75,1.75,-1,,,,
MNQ DEC25,1s,1,4143,2025-11-13 10:29:04,25381.25,25381.75,25380.5,25381.5,50,1.25,0.25,0.25,0.75,1,,,,
MNQ DEC25,1s,1,4144,2025-11-13 10:29:05,25382.25,25384.5,25381.75,25382.5,93,2.75,0.25,2,0.5,1,,,,
MNQ DEC25,1s,1,4145,2025-11-13 10:29:06,25382,25383.75,25380.75,25383.75,97,3,1.75,0,1.25,1,,,,
MNQ DEC25,1s,1,4146,2025-11-13 10:29:07,25383.5,25389.5,25383.5,25387.5,263,6,4,2,0,1,,,,
MNQ DEC25,1s,1,4147,2025-11-13 10:29:08,25387.25,25387.5,25385.25,25387,98,2.25,0.25,0.25,1.75,-1,,,,
MNQ DEC25,1s,1,4148,2025-11-13 10:29:09,25386.75,25387,25384.25,25385,85,2.75,1.75,0.25,0.75,-1,,,,
MNQ DEC25,1s,1,4149,2025-11-13 10:29:10,25384.5,25384.5,25382.25,25384.5,110,2.25,0,0,2.25,0,,,,
MNQ DEC25,10s,10,5814,2025-11-13 10:29:10,25374.75,25389.5,25374.25,25384.5,1088,15.25,9.75,5,0.5,1,-290.55,-87.25,-53.35,-30.4
MNQ DEC25,1s,1,4150,2025-11-13 10:29:11,25384.75,25385,25383,25383,48,2,1.75,0.25,0,-1,,,,
MNQ DEC25,1s,1,4151,2025-11-13 10:29:12,25382.75,25385,25382.75,25385,28,2.25,2.25,0,0,1,,,,
MNQ DEC25,1s,1,4152,2025-11-13 10:29:13,25384.75,25387,25384.75,25387,52,2.25,2.25,0,0,1,,,,
MNQ DEC25,1s,1,4153,2025-11-13 10:29:14,25386.5,25387.75,25385.5,25386.25,106,2.25,0.25,1.25,0.75,-1,,,,
MNQ DEC25,1s,1,4154,2025-11-13 10:29:15,25386.75,25387.5,25383.5,25384,85,4,2.75,0.75,0.5,-1,,,,
MNQ DEC25,1s,1,4155,2025-11-13 10:29:16,25383.75,25385,25382.5,25385,82,2.5,1.25,0,1.25,1,,,,
MNQ DEC25,1s,1,4156,2025-11-13 10:29:17,25385.25,25389.5,25385,25389.25,66,4.5,4,0.25,0.25,1,,,,
MNQ DEC25,1s,1,4157,2025-11-13 10:29:18,25389.25,25389.25,25385.75,25386.25,71,3.5,3,0,0.5,-1,,,,
MNQ DEC25,1s,1,4158,2025-11-13 10:29:19,25386,25387.25,25384.25,25386,72,3,0,1.25,1.75,0,,,,
MNQ DEC25,1s,1,4159,2025-11-13 10:29:20,25385.75,25387.25,25385.75,25387.25,59,1.5,1.5,0,0,1,,,,
MNQ DEC25,10s,10,5815,2025-11-13 10:29:20,25384.75,25389.5,25382.5,25387.25,669,7,2.5,2.25,2.25,1,-310.15,-19.6,-74.55,-43.42
MNQ DEC25,20s,20,5907,2025-11-13 10:29:20,25374.75,25389.5,25374.25,25387.25,1757,15.25,12.5,2.25,0.5,1,-406.4,23.4,-65.55,-118.65
MNQ DEC25,1s,1,4160,2025-11-13 10:29:21,25387,25388.5,25384.5,25386.5,117,4,0.5,1.5,2,-1,,,,
MNQ DEC25,1s,1,4161,2025-11-13 10:29:22,25386.5,25387,25381,25381.75,123,6,4.75,0.5,0.75,-1,,,,
MNQ DEC25,1s,1,4162,2025-11-13 10:29:23,25381.25,25382.75,25381.25,25382,53,1.5,0.75,0.75,0,1,,,,
MNQ DEC25,1s,1,4163,2025-11-13 10:29:24,25382.5,25384.5,25382.5,25383.75,49,2,1.25,0.75,0,1,,,,
MNQ DEC25,1s,1,4164,2025-11-13 10:29:25,25383.75,25384.25,25381,25382.5,53,3.25,1.25,0.5,1.5,-1,,,,
MNQ DEC25,1s,1,4165,2025-11-13 10:29:26,25381.25,25381.5,25379.25,25381,61,2.25,0.25,0.25,1.75,-1,,,,
MNQ DEC25,1s,1,4166,2025-11-13 10:29:27,25380.25,25380.75,25378.75,25380.5,48,2,0.25,0.25,1.5,1,,,,
MNQ DEC25,1s,1,4167,2025-11-13 10:29:28,25380.75,25383,25380.5,25383,69,2.5,2.25,0,0.25,1,,,,
MNQ DEC25,1s,1,4168,2025-11-13 10:29:29,25383.75,25388.25,25383.75,25386,88,4.5,2.25,2.25,0,1,,,,
MNQ DEC25,1s,1,4169,2025-11-13 10:29:30,25386.25,25390.75,25385.5,25388,337,5.25,1.75,2.75,0.75,1,,,,
MNQ DEC25,10s,10,5816,2025-11-13 10:29:30,25387,25390.75,25378.75,25388,998,12,1,2.75,8.25,1,-270.7,39.45,-22.46666667,-28.04
MNQ DEC25,1s,1,4170,2025-11-13 10:29:31,25388.25,25388.5,25386.5,25387.75,102,2,0.5,0.25,1.25,-1,,,,
MNQ DEC25,1s,1,4171,2025-11-13 10:29:32,25388,25388.5,25387.75,25388.25,29,0.75,0.25,0.25,0.25,1,,,,
MNQ DEC25,1s,1,4172,2025-11-13 10:29:33,25389,25389.75,25386.5,25386.5,82,3.25,2.5,0.75,0,-1,,,,
MNQ DEC25,1s,1,4173,2025-11-13 10:29:34,25385.5,25386.5,25383,25383.5,63,3.5,2,1,0.5,-1,,,,
MNQ DEC25,1s,1,4174,2025-11-13 10:29:35,25383.25,25385.5,25383.25,25384.5,88,2.25,1.25,1,0,1,,,,
MNQ DEC25,1s,1,4175,2025-11-13 10:29:36,25384.25,25385,25382.5,25383.5,47,2.5,0.75,0.75,1,-1,,,,
MNQ DEC25,1s,1,4176,2025-11-13 10:29:37,25383.75,25385,25383.75,25385,32,1.25,1.25,0,0,1,,,,
MNQ DEC25,1s,1,4177,2025-11-13 10:29:38,25384.75,25387.5,25384.75,25387,32,2.75,2.25,0.5,0,1,,,,
MNQ DEC25,1s,1,4178,2025-11-13 10:29:39,25386.25,25386.25,25383.25,25383.25,28,3,3,0,0,-1,,,,
MNQ DEC25,1s,1,4179,2025-11-13 10:29:40,25383,25384.75,25383,25383.75,12,1.75,0.75,1,0,1,,,,
MNQ DEC25,10s,10,5817,2025-11-13 10:29:40,25388.25,25389.75,25382.5,25383.75,515,7.25,4.5,1.5,1.25,-1,-289.2,-18.5,0.45,-40.54
MNQ DEC25,20s,20,5908,2025-11-13 10:29:40,25387,25390.75,25378.75,25383.75,1513,12,3.25,3.75,5,-1,-373.8,32.6,11.65,-96.51
MNQ DEC25,1s,1,4180,2025-11-13 10:29:41,25383.25,25387,25383.25,25387,32,3.75,3.75,0,0,1,,,,
MNQ DEC25,1s,1,4181,2025-11-13 10:29:42,25387.25,25388,25385.75,25386.25,43,2.25,1,0.75,0.5,-1,,,,
MNQ DEC25,1s,1,4182,2025-11-13 10:29:43,25386.25,25386.5,25384.5,25384.5,34,2,1.75,0.25,0,-1,,,,
MNQ DEC25,1s,1,4183,2025-11-13 10:29:44,25385.25,25386.5,25383,25383.5,124,3.5,1.75,1.25,0.5,-1,,,,
MNQ DEC25,1s,1,4184,2025-11-13 10:29:45,25384,25384.25,25383,25383,20,1.25,1,0.25,0,-1,,,,
MNQ DEC25,1s,1,4185,2025-11-13 10:29:46,25382.75,25383.25,25378.5,25380,119,4.75,2.75,0.5,1.5,-1,,,,
MNQ DEC25,1s,1,4186,2025-11-13 10:29:47,25379.75,25381.75,25379.75,25380.5,35,2,0.75,1.25,0,1,,,,
MNQ DEC25,1s,1,4187,2025-11-13 10:29:48,25380.75,25382,25380.5,25380.5,23,1.5,0.25,1.25,0,-1,,,,
MNQ DEC25,1s,1,4188,2025-11-13 10:29:49,25380.75,25383.25,25380.75,25382.5,60,2.5,1.75,0.75,0,1,,,,
MNQ DEC25,1s,1,4189,2025-11-13 10:29:50,25382.25,25384,25381.75,25381.75,39,2.25,0.5,1.75,0,-1,,,,
MNQ DEC25,10s,10,5818,2025-11-13 10:29:50,25383.25,25388,25378.5,25381.75,529,9.5,1.5,4.75,3.25,-1,-242.65,46.55,22.5,-7.87
MNQ DEC25,1s,1,4190,2025-11-13 10:29:51,25382,25382.5,25381,25382.5,43,1.5,0.5,0,1,1,,,,
MNQ DEC25,1s,1,4191,2025-11-13 10:29:52,25381.75,25382,25381,25381,66,1,0.75,0.25,0,-1,,,,
MNQ DEC25,1s,1,4192,2025-11-13 10:29:53,25381,25383,25381,25381.75,47,2,0.75,1.25,0,1,,,,
MNQ DEC25,1s,1,4193,2025-11-13 10:29:54,25382.25,25382.25,25381.25,25381.5,32,1,0.75,0,0.25,-1,,,,
MNQ DEC25,1s,1,4194,2025-11-13 10:29:55,25381.75,25384,25380.5,25383.5,135,3.5,1.75,0.5,1.25,1,,,,
MNQ DEC25,1s,1,4195,2025-11-13 10:29:56,25382.5,25383.25,25381.5,25382.75,26,1.75,0.25,0.5,1,1,,,,
MNQ DEC25,1s,1,4196,2025-11-13 10:29:57,25382.75,25384.25,25382,25382,48,2.25,0.75,1.5,0,-1,,,,
MNQ DEC25,1s,1,4197,2025-11-13 10:29:58,25382.25,25383.5,25382.25,25383.25,47,1.25,1,0.25,0,1,,,,
MNQ DEC25,1s,1,4198,2025-11-13 10:29:59,25383.75,25384.25,25382.75,25384,35,1.5,0.25,0.25,1,1,,,,
MNQ DEC25,1s,1,4199,2025-11-13 10:30:00,25383.75,25385,25383.5,25384.25,24,1.5,0.5,0.75,0.25,1,,,,
MNQ DEC25,10s,10,5819,2025-11-13 10:30:00,25382,25385,25380.5,25384.25,503,4.5,2.25,0.75,1.5,1,-244.95,-2.3,8.58333333,9.12
MNQ DEC25,20s,20,5909,2025-11-13 10:30:00,25383.25,25388,25378.5,25384.25,1032,9.5,1,3.75,4.75,1,-571.05,-197.25,-47.08333333,-72.26
MNQ DEC25,1s,1,4200,2025-11-13 10:30:01,25384.25,25384.5,25380.75,25381.25,245,3.75,3,0.25,0.5,-1,,,,
MNQ DEC25,1s,1,4201,2025-11-13 10:30:02,25381,25382.75,25378.75,25380.75,144,4,0.25,1.75,2,-1,,,,
MNQ DEC25,1s,1,4202,2025-11-13 10:30:03,25380.25,25382.25,25380,25380,72,2.25,0.25,2,0,-1,,,,
MNQ DEC25,1s,1,4203,2025-11-13 10:30:04,25379.5,25380,25377.5,25378.5,112,2.5,1,0.5,1,-1,,,,
MNQ DEC25,1s,1,4204,2025-11-13 10:30:05,25379,25380.75,25379,25380,58,1.75,1,0.75,0,1,,,,
MNQ DEC25,1s,1,4205,2025-11-13 10:30:06,25380,25380.75,25378.5,25378.5,83,2.25,1.5,0.75,0,-1,,,,
MNQ DEC25,1s,1,4206,2025-11-13 10:30:07,25378.75,25379.5,25378,25378,34,1.5,0.75,0.75,0,-1,,,,
MNQ DEC25,1s,1,4207,2025-11-13 10:30:08,25378.75,25379.5,25378.25,25378.5,37,1.25,0.25,0.75,0.25,-1,,,,
MNQ DEC25,1s,1,4208,2025-11-13 10:30:09,25380,25381,25378.25,25378.25,38,2.75,1.75,1,0,-1,,,,
MNQ DEC25,1s,1,4209,2025-11-13 10:30:10,25377.75,25382.5,25377.25,25382,75,5.25,4.25,0.5,0.5,1,,,,
MNQ DEC25,10s,10,5820,2025-11-13 10:30:10,25384.25,25384.5,25377.25,25382,898,7.25,2.25,0.25,4.75,-1,-172.2,72.75,39,27.59
MNQ DEC25,1s,1,4210,2025-11-13 10:30:11,25382.75,25386.25,25382.75,25384,129,3.5,1.25,2.25,0,1,,,,
MNQ DEC25,1s,1,4211,2025-11-13 10:30:12,25382.75,25382.75,25380.75,25382,77,2,0.75,0,1.25,-1,,,,
MNQ DEC25,1s,1,4212,2025-11-13 10:30:13,25381.5,25383,25381,25383,31,2,1.5,0,0.5,1,,,,
MNQ DEC25,1s,1,4213,2025-11-13 10:30:14,25384,25385.75,25383,25384.25,75,2.75,0.25,1.5,1,1,,,,
MNQ DEC25,1s,1,4214,2025-11-13 10:30:15,25385,25385.25,25380.75,25380.75,41,4.5,4.25,0.25,0,-1,,,,
MNQ DEC25,1s,1,4215,2025-11-13 10:30:16,25380.5,25383.25,25380.25,25383.25,44,3,2.75,0,0.25,1,,,,
MNQ DEC25,1s,1,4216,2025-11-13 10:30:17,25383.25,25383.25,25379,25379,81,4.25,4.25,0,0,-1,,,,
MNQ DEC25,1s,1,4217,2025-11-13 10:30:18,25379.25,25381.5,25379,25380.5,66,2.5,1.25,1,0.25,1,,,,
MNQ DEC25,1s,1,4218,2025-11-13 10:30:19,25381.25,25381.25,25377.75,25379.75,120,3.5,1.5,0,2,-1,,,,
MNQ DEC25,1s,1,4219,2025-11-13 10:30:20,25380.5,25382.75,25380.25,25380.25,41,2.5,0.25,2.25,0,-1,,,,
MNQ DEC25,10s,10,5821,2025-11-13 10:30:20,25382.75,25386.25,25377.75,25380.25,705,8.5,2.5,3.5,2.5,-1,-194.7,-22.5,15.98333333,15.2
MNQ DEC25,20s,20,5910,2025-11-13 10:30:20,25384.25,25386.25,25377.25,25380.25,1603,9,4,2,3,-1,-487.8,83.25,-27.13333333,-15.81
MNQ DEC25,1s,1,4220,2025-11-13 10:30:21,25380.25,25380.25,25377,25379.25,75,3.25,1,0,2.25,-1,,,,
MNQ DEC25,1s,1,4221,2025-11-13 10:30:22,25379.25,25379.75,25377,25378,46,2.75,1.25,0.5,1,-1,,,,
MNQ DEC25,1s,1,4222,2025-11-13 10:30:23,25378.75,25381,25378,25379.75,79,3,1,1.25,0.75,1,,,,
MNQ DEC25,1s,1,4223,2025-11-13 10:30:24,25380,25380,25377.75,25378,24,2.25,2,0,0.25,-1,,,,
MNQ DEC25,1s,1,4224,2025-11-13 10:30:25,25378.25,25379.25,25377.5,25378.25,31,1.75,0,1,0.75,0,,,,
MNQ DEC25,1s,1,4225,2025-11-13 10:30:26,25378.25,25380.5,25378.25,25379.5,43,2.25,1.25,1,0,1,,,,
MNQ DEC25,1s,1,4226,2025-11-13 10:30:27,25380,25380,25378.25,25379,27,1.75,1,0,0.75,-1,,,,
MNQ DEC25,1s,1,4227,2025-11-13 10:30:28,25379,25382.25,25378.5,25380.25,78,3.75,1.25,2,0.5,1,,,,
MNQ DEC25,1s,1,4228,2025-11-13 10:30:29,25380,25385,25380,25382.5,74,5,2.5,2.5,0,1,,,,
MNQ DEC25,1s,1,4229,2025-11-13 10:30:30,25382.5,25386,25382.5,25385.75,73,3.5,3.25,0.25,0,1,,,,
MNQ DEC25,10s,10,5822,2025-11-13 10:30:30,25380.25,25386,25377,25385.75,550,9,5.5,0.25,3.25,1,-179.9,14.8,21.68333333,21.86
MNQ DEC25,1s,1,4230,2025-11-13 10:30:31,25385.75,25385.75,25379.75,25381.25,85,6,4.5,0,1.5,-1,,,,
MNQ DEC25,1s,1,4231,2025-11-13 10:30:32,25381.5,25382.5,25380,25381.25,70,2.5,0.25,1,1.25,-1,,,,
MNQ DEC25,1s,1,4232,2025-11-13 10:30:33,25381.25,25382.25,25381,25381.75,15,1.25,0.5,0.5,0.25,1,,,,
MNQ DEC25,1s,1,4233,2025-11-13 10:30:34,25381,25383.25,25379.75,25380,99,3.5,1,2.25,0.25,-1,,,,
MNQ DEC25,1s,1,4234,2025-11-13 10:30:35,25380,25382,25379.75,25381,33,2.25,1,1,0.25,1,,,,
MNQ DEC25,1s,1,4235,2025-11-13 10:30:36,25381.5,25381.5,25379.75,25380,41,1.75,1.5,0,0.25,-1,,,,
MNQ DEC25,1s,1,4236,2025-11-13 10:30:37,25380.75,25384,25380.5,25383,33,3.5,2.25,1,0.25,1,,,,
MNQ DEC25,1s,1,4237,2025-11-13 10:30:38,25382.75,25383,25378.75,25378.75,101,4.25,4,0.25,0,-1,,,,
MNQ DEC25,1s,1,4238,2025-11-13 10:30:39,25379,25382.75,25378.75,25382.25,61,4,3.25,0.5,0.25,1,,,,
MNQ DEC25,1s,1,4239,2025-11-13 10:30:40,25382.5,25384.25,25380.25,25380.25,92,4,2.25,1.75,0,-1,,,,
MNQ DEC25,10s,10,5823,2025-11-13 10:30:40,25385.75,25385.75,25378.75,25380.25,630,7,5.5,0,1.5,-1,-141.95,37.95,10.08333333,20.14
MNQ DEC25,20s,20,5911,2025-11-13 10:30:40,25380.25,25386,25377,25380.25,1180,9,0,5.75,3.25,0,-481.9,5.9,-36.03333333,-10.42
MNQ DEC25,1s,1,4240,2025-11-13 10:30:41,25379.75,25381,25379,25380.75,41,2,1,0.25,0.75,1,,,,
MNQ DEC25,1s,1,4241,2025-11-13 10:30:42,25380.75,25382.25,25379,25382.25,60,3.25,1.5,0,1.75,1,,,,
MNQ DEC25,1s,1,4242,2025-11-13 10:30:43,25382.25,25383.5,25379.25,25380.25,45,4.25,2,1.25,1,-1,,,,
MNQ DEC25,1s,1,4243,2025-11-13 10:30:44,25381,25382.5,25379,25379.25,48,3.5,1.75,1.5,0.25,-1,,,,
MNQ DEC25,1s,1,4244,2025-11-13 10:30:45,25379,25381,25378,25381,87,3,2,0,1,1,,,,
MNQ DEC25,1s,1,4245,2025-11-13 10:30:46,25380.25,25381.25,25378.75,25379,55,2.5,1.25,1,0.25,-1,,,,
MNQ DEC25,1s,1,4246,2025-11-13 10:30:47,25378.75,25379.25,25377,25377.5,82,2.25,1.25,0.5,0.5,-1,,,,
MNQ DEC25,1s,1,4247,2025-11-13 10:30:48,25377.5,25379,25376.5,25378.25,71,2.5,0.75,0.75,1,1,,,,
MNQ DEC25,1s,1,4248,2025-11-13 10:30:49,25377.5,25378.5,25376.5,25377.25,35,2,0.25,1,0.75,-1,,,,
MNQ DEC25,1s,1,4249,2025-11-13 10:30:50,25377.75,25380,25377.75,25379.25,79,2.25,1.5,0.75,0,1,,,,
MNQ DEC25,10s,10,5824,2025-11-13 10:30:50,25379.75,25383.5,25376.5,25379.25,603,7,0.5,3.75,2.75,-1,-91.4,50.55,34.43333333,30.71
MNQ DEC25,1s,1,4250,2025-11-13 10:30:51,25378.75,25380.25,25378,25378.5,53,2.25,0.25,1.5,0.5,-1,,,,
MNQ DEC25,1s,1,4251,2025-11-13 10:30:52,25378,25378.5,25377.25,25377.5,25,1.25,0.5,0.5,0.25,-1,,,,
MNQ DEC25,1s,1,4252,2025-11-13 10:30:53,25378,25378.25,25377.5,25378,22,0.75,0,0.25,0.5,0,,,,
MNQ DEC25,1s,1,4253,2025-11-13 10:30:54,25377.75,25379.5,25377.5,25377.5,41,2,0.25,1.75,0,-1,,,,
MNQ DEC25,1s,1,4254,2025-11-13 10:30:55,25377,25378.25,25376.75,25377.75,33,1.5,0.75,0.5,0.25,1,,,,
MNQ DEC25,1s,1,4255,2025-11-13 10:30:56,25377.75,25378.75,25377,25378.75,39,1.75,1,0,0.75,1,,,,
MNQ DEC25,1s,1,4256,2025-11-13 10:30:57,25379,25382.75,25379,25380.25,97,3.75,1.25,2.5,0,1,,,,
MNQ DEC25,1s,1,4257,2025-11-13 10:30:58,25379.75,25380.5,25379.5,25379.75,36,1,0,0.75,0.25,0,,,,
MNQ DEC25,1s,1,4258,2025-11-13 10:30:59,25379.5,25380,25379,25379.5,45,1,0,0.5,0.5,0,,,,
MNQ DEC25,1s,1,4259,2025-11-13 10:31:00,25379.25,25379.5,25377.25,25377.25,39,2.25,2,0.25,0,-1,,,,
MNQ DEC25,10s,10,5825,2025-11-13 10:31:00,25378.75,25382.75,25376.75,25377.25,430,6,1.5,4,0.5,-1,-174.95,-83.55,1.65,-0.55
MNQ DEC25,20s,20,5912,2025-11-13 10:31:00,25379.75,25383.5,25376.5,25377.25,1033,7,2.5,3.75,0.75,-1,-588,-106.1,-5.65,-36.32
MNQ DEC25,1s,1,4260,2025-11-13 10:31:01,25378,25380.25,25377.75,25380.25,70,2.5,2.25,0,0.25,1,,,,
MNQ DEC25,1s,1,4261,2025-11-13 10:31:02,25378.75,25382.5,25378.5,25382.5,59,4,3.75,0,0.25,1,,,,
MNQ DEC25,1s,1,4262,2025-11-13 10:31:03,25382.75,25382.75,25375.75,25376.75,139,7,6,0,1,-1,,,,
MNQ DEC25,1s,1,4263,2025-11-13 10:31:04,25376.75,25376.75,25373.25,25375.5,149,3.5,1.25,0,2.25,-1,,,,
MNQ DEC25,1s,1,4264,2025-11-13 10:31:05,25375.5,25378.5,25374.5,25378.25,73,4,2.75,0.25,1,1,,,,
MNQ DEC25,1s,1,4265,2025-11-13 10:31:06,25378.25,25378.25,25375.25,25376,81,3,2.25,0,0.75,-1,,,,
MNQ DEC25,1s,1,4266,2025-11-13 10:31:07,25375.75,25377.75,25374.5,25375.75,70,3.25,0,2,1.25,0,,,,
MNQ DEC25,1s,1,4267,2025-11-13 10:31:08,25375.75,25377.25,25374.75,25375.75,30,2.5,0,1.5,1,0,,,,
MNQ DEC25,1s,1,4268,2025-11-13 10:31:09,25375.5,25377.25,25374.5,25377.25,64,2.75,1.75,0,1,1,,,,
MNQ DEC25,1s,1,4269,2025-11-13 10:31:10,25377.25,25379.5,25377,25379,51,2.5,1.75,0.5,0.25,1,,,,
MNQ DEC25,10s,10,5826,2025-11-13 10:31:10,25378,25382.75,25373.25,25379,786,9.5,1,3.75,4.75,1,-151.4,23.55,-3.15,8.66
MNQ DEC25,1s,1,4270,2025-11-13 10:31:11,25377.75,25383.5,25377.75,25382.5,105,5.75,4.75,1,0,1,,,,
MNQ DEC25,1s,1,4271,2025-11-13 10:31:12,25382.5,25382.75,25380,25380.5,33,2.75,2,0.25,0.5,-1,,,,
MNQ DEC25,1s,1,4272,2025-11-13 10:31:13,25380.25,25380.5,25377.25,25377.25,61,3.25,3,0.25,0,-1,,,,
MNQ DEC25,1s,1,4273,2025-11-13 10:31:14,25377.25,25379.5,25377.25,25378.75,52,2.25,1.5,0.75,0,1,,,,
MNQ DEC25,1s,1,4274,2025-11-13 10:31:15,25379.25,25380,25377.75,25379,58,2.25,0.25,0.75,1.25,-1,,,,
MNQ DEC25,1s,1,4275,2025-11-13 10:31:16,25378.75,25378.75,25374.75,25376.75,128,4,2,0,2,-1,,,,
MNQ DEC25,1s,1,4276,2025-11-13 10:31:17,25376.75,25377,25375.25,25375.25,27,1.75,1.5,0.25,0,-1,,,,
MNQ DEC25,1s,1,4277,2025-11-13 10:31:18,25375.75,25377.5,25373.25,25375.25,199,4.25,0.5,1.75,2,-1,,,,
MNQ DEC25,1s,1,4278,2025-11-13 10:31:19,25375.25,25378.5,25375.25,25378,30,3.25,2.75,0.5,0,1,,,,
MNQ DEC25,1s,1,4279,2025-11-13 10:31:20,25377.25,25377.5,25375.75,25376.75,50,1.75,0.5,0.25,1,-1,,,,
MNQ DEC25,10s,10,5827,2025-11-13 10:31:20,25377.75,25383.5,25373.25,25376.75,743,10.25,1,5.75,3.5,-1,-121.85,29.55,-10.15,11.61
MNQ DEC25,20s,20,5913,2025-11-13 10:31:20,25378,25383.5,25373.25,25376.75,1529,10.25,1.25,5.5,3.5,-1,-521.95,66.05,-11.38333333,-29.63
MNQ DEC25,1s,1,4280,2025-11-13 10:31:21,25377,25377.75,25374.75,25377.25,45,3,0.25,0.5,2.25,1,,,,
MNQ DEC25,1s,1,4281,2025-11-13 10:31:22,25377,25377,25375.5,25377,56,1.5,0,0,1.5,0,,,,
MNQ DEC25,1s,1,4282,2025-11-13 10:31:23,25376.25,25376.25,25374.25,25374.5,32,2,1.75,0,0.25,-1,,,,
MNQ DEC25,1s,1,4283,2025-11-13 10:31:24,25375.5,25376.75,25374.75,25374.75,82,2,0.75,1.25,0,-1,,,,
MNQ DEC25,1s,1,4284,2025-11-13 10:31:25,25374,25374.75,25370,25371,360,4.75,3,0.75,1,-1,,,,
MNQ DEC25,1s,1,4285,2025-11-13 10:31:26,25371.25,25373.25,25371,25373,110,2.25,1.75,0.25,0.25,1,,,,
MNQ DEC25,1s,1,4286,2025-11-13 10:31:27,25374,25377.75,25373.5,25375,121,4.25,1,2.75,0.5,1,,,,
MNQ DEC25,1s,1,4287,2025-11-13 10:31:28,25375,25376,25374,25374,59,2,1,1,0,-1,,,,
MNQ DEC25,1s,1,4288,2025-11-13 10:31:29,25373.75,25373.75,25371.25,25372.5,43,2.5,1.25,0,1.25,-1,,,,
MNQ DEC25,1s,1,4289,2025-11-13 10:31:30,25372.75,25373.5,25371,25373.25,29,2.5,0.5,0.25,1.75,1,,,,
MNQ DEC25,10s,10,5828,2025-11-13 10:31:30,25377,25377.75,25370,25373.25,937,7.75,3.75,0.75,3.25,-1,-47.05,74.8,42.63333333,18.98
MNQ DEC25,1s,1,4290,2025-11-13 10:31:31,25373,25379.75,25373,25378.5,224,6.75,5.5,1.25,0,1,,,,
MNQ DEC25,1s,1,4291,2025-11-13 10:31:32,25378.25,25381.5,25378.25,25381.5,81,3.25,3.25,0,0,1,,,,
MNQ DEC25,1s,1,4292,2025-11-13 10:31:33,25381.5,25382,25379,25380.5,107,3,1,0.5,1.5,-1,,,,
MNQ DEC25,1s,1,4293,2025-11-13 10:31:34,25380.75,25381,25377.25,25378.5,36,3.75,2.25,0.25,1.25,-1,,,,
MNQ DEC25,1s,1,4294,2025-11-13 10:31:35,25378.5,25378.75,25377.25,25378.5,45,1.5,0,0.25,1.25,0,,,,
MNQ DEC25,1s,1,4295,2025-11-13 10:31:36,25378.75,25378.75,25375,25375,62,3.75,3.75,0,0,-1,,,,
MNQ DEC25,1s,1,4296,2025-11-13 10:31:37,25375.25,25379.25,25375.25,25379,69,4,3.75,0.25,0,1,,,,
MNQ DEC25,1s,1,4297,2025-11-13 10:31:38,25379.25,25380,25377.25,25377.5,29,2.75,1.75,0.75,0.25,-1,,,,
MNQ DEC25,1s,1,4298,2025-11-13 10:31:39,25377,25378.25,25376.25,25377.75,39,2,0.75,0.5,0.75,1,,,,
MNQ DEC25,1s,1,4299,2025-11-13 10:31:40,25377.75,25381.25,25377.75,25380.25,131,3.5,2.5,1,0,1,,,,
MNQ DEC25,10s,10,5829,2025-11-13 10:31:40,25373,25382,25373,25380.25,823,9,7.25,1.75,0,1,28.9,75.95,60.1,24.06
MNQ DEC25,20s,20,5914,2025-11-13 10:31:40,25377,25382,25370,25380.25,1760,12,3.25,1.75,7,1,-391.05,130.9,30.28333333,36
MNQ DEC25,1s,1,4300,2025-11-13 10:31:41,25380,25382.5,25377.75,25377.75,88,4.75,2.25,2.5,0,-1,,,,
MNQ DEC25,1s,1,4301,2025-11-13 10:31:42,25378.25,25378.75,25377.25,25378.75,32,1.5,0.5,0,1,1,,,,
MNQ DEC25,1s,1,4302,2025-11-13 10:31:43,25377.75,25378.75,25377.75,25378.5,15,1,0.75,0.25,0,1,,,,
MNQ DEC25,1s,1,4303,2025-11-13 10:31:44,25378.25,25378.25,25367.5,25369.5,434,10.75,8.75,0,2,-1,,,,
MNQ DEC25,1s,1,4304,2025-11-13 10:31:45,25369.5,25369.5,25361.5,25364.25,508,8,5.25,0,2.75,-1,,,,
MNQ DEC25,1s,1,4305,2025-11-13 10:31:46,25364.25,25365,25362.75,25364.25,148,2.25,0,0.75,1.5,0,,,,
MNQ DEC25,1s,1,4306,2025-11-13 10:31:47,25364.25,25365,25362.5,25364.25,120,2.5,0,0.75,1.75,0,,,,
MNQ DEC25,1s,1,4307,2025-11-13 10:31:48,25364.25,25365.25,25362.5,25362.75,81,2.75,1.5,1,0.25,-1,,,,
MNQ DEC25,1s,1,4308,2025-11-13 10:31:49,25362.75,25362.75,25357.5,25361,412,5.25,1.75,0,3.5,-1,,,,
MNQ DEC25,1s,1,4309,2025-11-13 10:31:50,25360.75,25362.5,25359.5,25362.5,181,3,1.75,0,1.25,1,,,,
MNQ DEC25,10s,10,5830,2025-11-13 10:31:50,25380,25382.5,25357.5,25362.5,2019,25,17.5,2.5,5,-1,284.15,255.25,135.33333333,91.82
MNQ DEC25,1s,1,4310,2025-11-13 10:31:51,25361.75,25365,25361.25,25363.5,187,3.75,1.75,1.5,0.5,1,,,,
MNQ DEC25,1s,1,4311,2025-11-13 10:31:52,25363.5,25365.5,25362.75,25365,127,2.75,1.5,0.5,0.75,1,,,,
MNQ DEC25,1s,1,4312,2025-11-13 10:31:53,25365.25,25366,25363.5,25365.25,91,2.5,0,0.75,1.75,0,,,,
MNQ DEC25,1s,1,4313,2025-11-13 10:31:54,25364.5,25367.25,25364.25,25366.5,133,3,2,0.75,0.25,1,,,,
MNQ DEC25,1s,1,4314,2025-11-13 10:31:55,25366.25,25372.5,25366.25,25371.75,182,6.25,5.5,0.75,0,1,,,,
MNQ DEC25,1s,1,4315,2025-11-13 10:31:56,25372.75,25373.75,25371.25,25372,157,2.5,0.75,1,0.75,-1,,,,
MNQ DEC25,1s,1,4316,2025-11-13 10:31:57,25371.75,25373.25,25371.25,25372,83,2,0.25,1.25,0.5,1,,,,
MNQ DEC25,1s,1,4317,2025-11-13 10:31:58,25372.75,25374.25,25371.75,25373,84,2.5,0.25,1.25,1,1,,,,
MNQ DEC25,1s,1,4318,2025-11-13 10:31:59,25373.25,25375,25373,25374.75,78,2,1.5,0.25,0.25,1,,,,
MNQ DEC25,1s,1,4319,2025-11-13 10:32:00,25375,25375.25,25371.75,25372,105,3.5,3,0.25,0.25,-1,,,,
MNQ DEC25,10s,10,5831,2025-11-13 10:32:00,25361.75,25375.25,25361.25,25372,1227,14,10.25,3.25,0.5,1,348.55,64.4,131.86666667,99.99
MNQ DEC25,20s,20,5915,2025-11-13 10:32:00,25380,25382.5,25357.5,25372,3246,25,8,2.5,14.5,-1,-131.75,259.3,152.08333333,71.21
MNQ DEC25,1s,1,4320,2025-11-13 10:32:01,25372,25372.75,25370.75,25370.75,94,2,1.25,0.75,0,-1,,,,
MNQ DEC25,1s,1,4321,2025-11-13 10:32:02,25370.5,25370.5,25367,25367.5,96,3.5,3,0,0.5,-1,,,,
MNQ DEC25,1s,1,4322,2025-11-13 10:32:03,25368,25369.5,25367,25369,110,2.5,1,0.5,1,1,,,,
MNQ DEC25,1s,1,4323,2025-11-13 10:32:04,25369,25370,25368,25369.5,93,2,0.5,0.5,1,1,,,,
MNQ DEC25,1s,1,4324,2025-11-13 10:32:05,25369.25,25369.5,25367.5,25369,72,2,0.25,0.25,1.5,-1,,,,
MNQ DEC25,1s,1,4325,2025-11-13 10:32:06,25368.5,25369,25367,25367.5,57,2,1,0.5,0.5,-1,,,,
MNQ DEC25,1s,1,4326,2025-11-13 10:32:07,25366.75,25367.5,25363.5,25364.5,102,4,2.25,0.75,1,-1,,,,
MNQ DEC25,1s,1,4327,2025-11-13 10:32:08,25364.5,25365.75,25363.75,25365,63,2,0.5,0.75,0.75,1,,,,
MNQ DEC25,1s,1,4328,2025-11-13 10:32:09,25364.5,25366.75,25363.5,25366,136,3.25,1.5,0.75,1,1,,,,
MNQ DEC25,1s,1,4329,2025-11-13 10:32:10,25365.75,25366.25,25364.75,25365.25,60,1.5,0.5,0.5,0.5,-1,,,,
MNQ DEC25,10s,10,5832,2025-11-13 10:32:10,25372,25372.75,25363.5,25365.25,883,9.25,6.75,0.75,1.75,-1,372.85,24.3,114.65,98.94
MNQ DEC25,1s,1,4330,2025-11-13 10:32:11,25365.25,25366.5,25362.75,25364.5,159,3.75,0.75,1.25,1.75,-1,,,,
MNQ DEC25,1s,1,4331,2025-11-13 10:32:12,25364.25,25364.25,25360.5,25361.25,125,3.75,3,0,0.75,-1,,,,
MNQ DEC25,1s,1,4332,2025-11-13 10:32:13,25361.5,25363.25,25360.5,25361.75,104,2.75,0.25,1.5,1,1,,,,
MNQ DEC25,1s,1,4333,2025-11-13 10:32:14,25361.25,25362.5,25360,25361.5,106,2.5,0.25,1,1.25,1,,,,
MNQ DEC25,1s,1,4334,2025-11-13 10:32:15,25361.75,25363.5,25361,25362.5,118,2.5,0.75,1,0.75,1,,,,
MNQ DEC25,1s,1,4335,2025-11-13 10:32:16,25362.25,25363.75,25362,25363,121,1.75,0.75,0.75,0.25,1,,,,
MNQ DEC25,1s,1,4336,2025-11-13 10:32:17,25363.25,25363.25,25361.5,25362.75,64,1.75,0.5,0,1.25,-1,,,,
MNQ DEC25,1s,1,4337,2025-11-13 10:32:18,25363.5,25364,25361.5,25362.75,84,2.5,0.75,0.5,1.25,-1,,,,
MNQ DEC25,1s,1,4338,2025-11-13 10:32:19,25362.75,25365.75,25361,25363.25,125,4.75,0.5,2.5,1.75,1,,,,
MNQ DEC25,1s,1,4339,2025-11-13 10:32:20,25364,25365.5,25363.5,25363.5,49,2,0.5,1.5,0,-1,,,,
MNQ DEC25,10s,10,5833,2025-11-13 10:32:20,25365.25,25366.5,25360,25363.5,1055,6.5,1.75,1.25,3.5,-1,371.85,-1,29.23333333,83.78
MNQ DEC25,20s,20,5916,2025-11-13 10:32:20,25372,25372.75,25360,25363.5,1938,12.75,8.5,0.75,3.5,-1,-2.25,129.5,173.23333333,95.93
MNQ DEC25,1s,1,4340,2025-11-13 10:32:21,25363.75,25364.5,25361.5,25362.75,49,3,1,0.75,1.25,-1,,,,
MNQ DEC25,1s,1,4341,2025-11-13 10:32:22,25363.75,25369.75,25363.75,25367.25,138,6,3.5,2.5,0,1,,,,
MNQ DEC25,1s,1,4342,2025-11-13 10:32:23,25367,25370,25366.25,25369.5,45,3.75,2.5,0.5,0.75,1,,,,
MNQ DEC25,1s,1,4343,2025-11-13 10:32:24,25369.5,25369.5,25367.25,25369.25,45,2.25,0.25,0,2,-1,,,,
MNQ DEC25,1s,1,4344,2025-11-13 10:32:25,25369,25369,25366.75,25368,46,2.25,1,0,1.25,-1,,,,
MNQ DEC25,1s,1,4345,2025-11-13 10:32:26,25368,25368,25364.75,25364.75,61,3.25,3.25,0,0,-1,,,,
MNQ DEC25,1s,1,4346,2025-11-13 10:32:27,25364.75,25369.25,25364.75,25368.25,66,4.5,3.5,1,0,1,,,,
MNQ DEC25,1s,1,4347,2025-11-13 10:32:28,25368.25,25369.25,25367.25,25368.5,53,2,0.25,0.75,1,1,,,,
MNQ DEC25,1s,1,4348,2025-11-13 10:32:29,25369.25,25372.75,25369.25,25372.75,107,3.5,3.5,0,0,1,,,,
MNQ DEC25,1s,1,4349,2025-11-13 10:32:30,25372.5,25372.5,25365.75,25367.25,91,6.75,5.25,0,1.5,-1,,,,
MNQ DEC25,10s,10,5834,2025-11-13 10:32:30,25363.75,25372.75,25361.5,25367.25,701,11.25,3.5,5.5,2.25,1,366.8,-5.05,6.08333333,67.58
MNQ DEC25,1s,1,4350,2025-11-13 10:32:31,25367,25367,25365.5,25365.75,39,1.5,1.25,0,0.25,-1,,,,
MNQ DEC25,1s,1,4351,2025-11-13 10:32:32,25366,25366.5,25365,25366.25,52,1.5,0.25,0.25,1,1,,,,
MNQ DEC25,1s,1,4352,2025-11-13 10:32:33,25365.75,25368,25365.5,25367.25,86,2.5,1.5,0.75,0.25,1,,,,
MNQ DEC25,1s,1,4353,2025-11-13 10:32:34,25367.75,25367.75,25365.25,25366.75,56,2.5,1,0,1.5,-1,,,,
MNQ DEC25,1s,1,4354,2025-11-13 10:32:35,25366.25,25366.25,25363.25,25363.75,70,3,2.5,0,0.5,-1,,,,
MNQ DEC25,1s,1,4355,2025-11-13 10:32:36,25363.25,25364.25,25362.5,25363,63,1.75,0.25,1,0.5,-1,,,,
MNQ DEC25,1s,1,4356,2025-11-13 10:32:37,25363,25366.5,25362.75,25365,107,3.75,2,1.5,0.25,1,,,,
MNQ DEC25,1s,1,4357,2025-11-13 10:32:38,25364.5,25369.25,25364.5,25368.5,164,4.75,4,0.75,0,1,,,,
MNQ DEC25,1s,1,4358,2025-11-13 10:32:39,25368,25368.25,25366.5,25368.25,82,1.75,0.25,0,1.5,1,,,,
MNQ DEC25,1s,1,4359,2025-11-13 10:32:40,25367.75,25369.5,25366.5,25368.25,111,3,0.5,1.25,1.25,1,,,,
MNQ DEC25,10s,10,5835,2025-11-13 10:32:40,25367,25369.5,25362.5,25368.25,830,7,1.25,1.25,4.5,1,120.95,-245.85,-83.96666667,-32.64
MNQ DEC25,20s,20,5917,2025-11-13 10:32:40,25363.75,25372.75,25361.5,25368.25,1531,11.25,4.5,4.5,2.25,1,96.4,98.65,162.48333333,136.88
MNQ DEC25,1s,1,4360,2025-11-13 10:32:41,25368.25,25369.75,25367,25368.25,117,2.75,0,1.5,1.25,0,,,,
MNQ DEC25,1s,1,4361,2025-11-13 10:32:42,25369.5,25370.75,25368.75,25369.5,51,2,0,1.25,0.75,0,,,,
MNQ DEC25,1s,1,4362,2025-11-13 10:32:43,25370.25,25371,25369.75,25369.75,51,1.25,0.5,0.75,0,-1,,,,
MNQ DEC25,1s,1,4363,2025-11-13 10:32:44,25370.25,25371.5,25367.75,25369,52,3.75,1.25,1.25,1.25,-1,,,,
MNQ DEC25,1s,1,4364,2025-11-13 10:32:45,25369.25,25369.25,25366.5,25367,46,2.75,2.25,0,0.5,-1,,,,
MNQ DEC25,1s,1,4365,2025-11-13 10:32:46,25366.5,25366.5,25364.25,25365,102,2.25,1.5,0,0.75,-1,,,,
MNQ DEC25,1s,1,4366,2025-11-13 10:32:47,25365.75,25368.5,25365.75,25368.5,55,2.75,2.75,0,0,1,,,,
MNQ DEC25,1s,1,4367,2025-11-13 10:32:48,25368,25369.5,25368,25368.75,21,1.5,0.75,0.75,0,1,,,,
MNQ DEC25,1s,1,4368,2025-11-13 10:32:49,25368.25,25368.5,25367.25,25367.75,44,1.25,0.5,0.25,0.5,-1,,,,
MNQ DEC25,1s,1,4369,2025-11-13 10:32:50,25368,25368.25,25366.5,25367.5,19,1.75,0.5,0.25,1,-1,,,,
MNQ DEC25,10s,10,5836,2025-11-13 10:32:50,25368.25,25371.5,25364.25,25367.5,558,7.25,0.75,3.25,3.25,-1,9.15,-111.8,-120.9,-67.88
MNQ DEC25,1s,1,4370,2025-11-13 10:32:51,25367,25370.25,25367,25369,50,3.25,2,1.25,0,1,,,,
MNQ DEC25,1s,1,4371,2025-11-13 10:32:52,25369,25377.75,25368.5,25373,332,9.25,4,4.75,0.5,1,,,,
MNQ DEC25,1s,1,4372,2025-11-13 10:32:53,25373.5,25373.75,25372.25,25373.5,49,1.5,0,0.25,1.25,0,,,,
MNQ DEC25,1s,1,4373,2025-11-13 10:32:54,25373.25,25373.25,25371,25371.5,61,2.25,1.75,0,0.5,-1,,,,
MNQ DEC25,1s,1,4374,2025-11-13 10:32:55,25371.25,25371.75,25369.25,25370.5,101,2.5,0.75,0.5,1.25,-1,,,,
MNQ DEC25,1s,1,4375,2025-11-13 10:32:56,25370,25371,25369.25,25370,75,1.75,0,1,0.75,0,,,,
MNQ DEC25,1s,1,4376,2025-11-13 10:32:57,25370.5,25370.5,25369.5,25369.75,17,1,0.75,0,0.25,-1,,,,
MNQ DEC25,1s,1,4377,2025-11-13 10:32:58,25369.75,25371.25,25369.5,25371.25,45,1.75,1.5,0,0.25,1,,,,
MNQ DEC25,1s,1,4378,2025-11-13 10:32:59,25371.25,25371.25,25369.25,25370.5,51,2,0.75,0,1.25,-1,,,,
MNQ DEC25,1s,1,4379,2025-11-13 10:33:00,25371.5,25371.75,25369.5,25369.75,119,2.25,1.75,0.25,0.25,-1,,,,
MNQ DEC25,10s,10,5837,2025-11-13 10:33:00,25367,25377.75,25367,25369.75,900,10.75,2.75,8,0,1,-6.7,-15.85,-124.5,-75.91
MNQ DEC25,20s,20,5918,2025-11-13 10:33:00,25368.25,25377.75,25364.25,25369.75,1458,13.5,1.5,8,4,1,115.3,18.9,82.35,127.45
MNQ DEC25,1s,1,4380,2025-11-13 10:33:01,25369.5,25369.5,25368,25368,66,1.5,1.5,0,0,-1,,,,
MNQ DEC25,1s,1,4381,2025-11-13 10:33:02,25368.25,25370.25,25368.25,25368.5,66,2,0.25,1.75,0,1,,,,
MNQ DEC25,1s,1,4382,2025-11-13 10:33:03,25368.5,25369.25,25367,25368,78,2.25,0.5,0.75,1,-1,,,,
MNQ DEC25,1s,1,4383,2025-11-13 10:33:04,25368,25369.25,25367,25367,27,2.25,1,1.25,0,-1,,,,
MNQ DEC25,1s,1,4384,2025-11-13 10:33:05,25366.75,25369,25366.5,25369,59,2.5,2.25,0,0.25,1,,,,
MNQ DEC25,1s,1,4385,2025-11-13 10:33:06,25368.25,25369,25366.5,25367.5,52,2.5,0.75,0.75,1,-1,,,,
MNQ DEC25,1s,1,4386,2025-11-13 10:33:07,25367.75,25371.75,25367.25,25371.25,54,4.5,3.5,0.5,0.5,1,,,,
MNQ DEC25,1s,1,4387,2025-11-13 10:33:08,25371.25,25373.25,25370.5,25372.5,75,2.75,1.25,0.75,0.75,1,,,,
MNQ DEC25,1s,1,4388,2025-11-13 10:33:09,25372.25,25372.25,25369.25,25371.25,47,3,1,0,2,-1,,,,
MNQ DEC25,1s,1,4389,2025-11-13 10:33:10,25371,25371,25367.75,25368.5,73,3.25,2.5,0,0.75,-1,,,,
MNQ DEC25,10s,10,5838,2025-11-13 10:33:10,25369.5,25373.25,25366.5,25368.5,597,6.75,1,3.75,2,-1,-101.7,-95,-74.21666667,-94.71
MNQ DEC25,1s,1,4390,2025-11-13 10:33:11,25368.75,25369.5,25367.25,25367.5,24,2.25,1.25,0.75,0.25,-1,,,,
MNQ DEC25,1s,1,4391,2025-11-13 10:33:12,25368.25,25368.25,25363.75,25364,107,4.5,4.25,0,0.25,-1,,,,
MNQ DEC25,1s,1,4392,2025-11-13 10:33:13,25363.75,25365.25,25363.5,25365.25,73,1.75,1.5,0,0.25,1,,,,
MNQ DEC25,1s,1,4393,2025-11-13 10:33:14,25365.25,25366.25,25364.5,25364.75,45,1.75,0.5,1,0.25,-1,,,,
MNQ DEC25,1s,1,4394,2025-11-13 10:33:15,25365,25365.5,25358.25,25359.25,251,7.25,5.75,0.5,1,-1,,,,
MNQ DEC25,1s,1,4395,2025-11-13 10:33:16,25359.25,25361.25,25358.5,25360,116,2.75,0.75,1.25,0.75,1,,,,
MNQ DEC25,1s,1,4396,2025-11-13 10:33:17,25360.25,25361,25358.75,25359.75,50,2.25,0.5,0.75,1,-1,,,,
MNQ DEC25,1s,1,4397,2025-11-13 10:33:18,25358.75,25360,25357,25360,151,3,1.25,0,1.75,1,,,,
MNQ DEC25,1s,1,4398,2025-11-13 10:33:19,25360.5,25361,25357.75,25358.5,85,3.25,2,0.5,0.75,-1,,,,
MNQ DEC25,1s,1,4399,2025-11-13 10:33:20,25358,25361.5,25358,25361.5,126,3.5,3.5,0,0,1,,,,
MNQ DEC25,10s,10,5839,2025-11-13 10:33:20,25368.75,25369.5,25357,25361.5,1028,12.5,7.25,0.75,4.5,-1,-62.55,39.15,-23.9,-85.87
MNQ DEC25,20s,20,5919,2025-11-13 10:33:20,25369.5,25373.25,25357,25361.5,1625,16.25,8,3.75,4.5,-1,226.7,111.4,76.31666667,123.55
MNQ DEC25,1s,1,4400,2025-11-13 10:33:21,25361.75,25363,25360.5,25362,51,2.5,0.25,1,1.25,1,,,,
MNQ DEC25,1s,1,4401,2025-11-13 10:33:22,25361.5,25362,25359.5,25361.5,76,2.5,0,0.5,2,0,,,,
MNQ DEC25,1s,1,4402,2025-11-13 10:33:23,25362,25362,25357.25,25358.75,61,4.75,3.25,0,1.5,-1,,,,
MNQ DEC25,1s,1,4403,2025-11-13 10:33:24,25358.75,25359.75,25357.25,25357.25,92,2.5,1.5,1,0,-1,,,,
MNQ DEC25,1s,1,4404,2025-11-13 10:33:25,25358,25358.5,25354,25356.5,327,4.5,1.5,0.5,2.5,-1,,,,
MNQ DEC25,1s,1,4405,2025-11-13 10:33:26,25356,25358.25,25355.25,25356.5,119,3,0.5,1.75,0.75,1,,,,
MNQ DEC25,1s,1,4406,2025-11-13 10:33:27,25357,25358,25355.5,25356.75,93,2.5,0.25,1,1.25,-1,,,,
MNQ DEC25,1s,1,4407,2025-11-13 10:33:28,25356.75,25360.75,25356.5,25360.5,79,4.25,3.75,0.25,0.25,1,,,,
MNQ DEC25,1s,1,4408,2025-11-13 10:33:29,25361,25363.25,25359.75,25360.75,138,3.5,0.25,2.25,1,-1,,,,
MNQ DEC25,1s,1,4409,2025-11-13 10:33:30,25360.75,25362.25,25359.75,25361,56,2.5,0.25,1.25,1,1,,,,
MNQ DEC25,10s,10,5840,2025-11-13 10:33:30,25361.75,25363.25,25354,25361,1092,9.25,0.75,1.5,7,-1,-19.85,42.7,-4.38333333,-28.16
MNQ DEC25,1s,1,4410,2025-11-13 10:33:31,25362,25362,25359,25359.75,72,3,2.25,0,0.75,-1,,,,
MNQ DEC25,1s,1,4411,2025-11-13 10:33:32,25359.5,25361,25359,25360,39,2,0.5,1,0.5,1,,,,
MNQ DEC25,1s,1,4412,2025-11-13 10:33:33,25360.25,25362,25359,25360.5,53,3,0.25,1.5,1.25,1,,,,
MNQ DEC25,1s,1,4413,2025-11-13 10:33:34,25362,25362.75,25360.75,25361.75,62,2,0.25,0.75,1,-1,,,,
MNQ DEC25,1s,1,4414,2025-11-13 10:33:35,25361.75,25362.25,25360.75,25361.5,28,1.5,0.25,0.5,0.75,-1,,,,
MNQ DEC25,1s,1,4415,2025-11-13 10:33:36,25362,25362,25359.5,25360,41,2.5,2,0,0.5,-1,,,,
MNQ DEC25,1s,1,4416,2025-11-13 10:33:37,25359.5,25360,25357.25,25359.5,110,2.75,0,0.5,2.25,0,,,,
MNQ DEC25,1s,1,4417,2025-11-13 10:33:38,25360.25,25365.25,25359.75,25365.25,77,5.5,5,0,0.5,1,,,,
MNQ DEC25,1s,1,4418,2025-11-13 10:33:39,25365.5,25367,25364.75,25366,105,2.25,0.5,1,0.75,1,,,,
MNQ DEC25,1s,1,4419,2025-11-13 10:33:40,25365.75,25366,25363,25363,68,3,2.75,0.25,0,-1,,,,
MNQ DEC25,10s,10,5841,2025-11-13 10:33:40,25362,25367,25357.25,25363,655,9.75,1,4,4.75,1,2.05,21.9,34.58333333,-1.42
MNQ DEC25,20s,20,5920,2025-11-13 10:33:40,25361.75,25367,25354,25363,1747,13,1.25,4,7.75,1,-17.25,-243.95,-37.88333333,22.9
MNQ DEC25,1s,1,4420,2025-11-13 10:33:41,25363.25,25364.25,25361.75,25362,53,2.5,1.25,1,0.25,-1,,,,
MNQ DEC25,1s,1,4421,2025-11-13 10:33:42,25362,25367,25361,25367,65,6,5,0,1,1,,,,
MNQ DEC25,1s,1,4422,2025-11-13 10:33:43,25367.25,25369.5,25366.75,25367,94,2.75,0.25,2.25,0.25,-1,,,,
MNQ DEC25,1s,1,4423,2025-11-13 10:33:44,25367.5,25368.25,25366.25,25367,105,2,0.5,0.75,0.75,-1,,,,
MNQ DEC25,1s,1,4424,2025-11-13 10:33:45,25366.25,25367.25,25364.5,25365.25,62,2.75,1,1,0.75,-1,,,,
MNQ DEC25,1s,1,4425,2025-11-13 10:33:46,25365.25,25366,25363.5,25364.25,88,2.5,1,0.75,0.75,-1,,,,
MNQ DEC25,1s,1,4426,2025-11-13 10:33:47,25364.75,25365,25361.25,25362,43,3.75,2.75,0.25,0.75,-1,,,,
MNQ DEC25,1s,1,4427,2025-11-13 10:33:48,25361.5,25362.75,25359,25359,111,3.75,2.5,1.25,0,-1,,,,
MNQ DEC25,1s,1,4428,2025-11-13 10:33:49,25359.75,25362.25,25359.5,25361,41,2.75,1.25,1.25,0.25,1,,,,
MNQ DEC25,1s,1,4429,2025-11-13 10:33:50,25361,25361,25357,25357.25,79,4,3.75,0,0.25,-1,,,,
MNQ DEC25,10s,10,5842,2025-11-13 10:33:50,25363.25,25369.5,25357,25357.25,741,12.5,6,6.25,0.25,-1,-39.3,-41.35,7.75,-6.52
MNQ DEC25,1s,1,4430,2025-11-13 10:33:51,25357.25,25357.25,25356,25357.25,59,1.25,0,0,1.25,0,,,,
MNQ DEC25,1s,1,4431,2025-11-13 10:33:52,25356.75,25357.25,25355,25357.25,70,2.25,0.5,0,1.75,1,,,,
MNQ DEC25,1s,1,4432,2025-11-13 10:33:53,25357.25,25358.75,25356.5,25358,50,2.25,0.75,0.75,0.75,1,,,,
MNQ DEC25,1s,1,4433,2025-11-13 10:33:54,25358.75,25359,25357.25,25357.25,41,1.75,1.5,0.25,0,-1,,,,
MNQ DEC25,1s,1,4434,2025-11-13 10:33:55,25357.25,25359.25,25357,25359.25,32,2.25,2,0,0.25,1,,,,
MNQ DEC25,1s,1,4435,2025-11-13 10:33:56,25359,25359.5,25357.5,25357.75,27,2,1.25,0.5,0.25,-1,,,,
MNQ DEC25,1s,1,4436,2025-11-13 10:33:57,25357.25,25358.25,25356.75,25358,29,1.5,0.75,0.25,0.5,1,,,,
MNQ DEC25,1s,1,4437,2025-11-13 10:33:58,25357.75,25359,25356.75,25358.75,23,2.25,1,0.25,1,1,,,,
MNQ DEC25,1s,1,4438,2025-11-13 10:33:59,25357.75,25358,25355.5,25356.25,53,2.5,1.5,0.25,0.75,-1,,,,
MNQ DEC25,1s,1,4439,2025-11-13 10:34:00,25356,25356.5,25355.25,25355.5,35,1.25,0.5,0.5,0.25,-1,,,,
MNQ DEC25,10s,10,5843,2025-11-13 10:34:00,25357.25,25359.5,25355,25355.5,419,4.5,1.75,2.25,0.5,-1,-64.35,-25.05,-14.83333333,7.47
MNQ DEC25,20s,20,5921,2025-11-13 10:34:00,25363.25,25369.5,25355,25355.5,1160,14.5,7.75,6.25,0.5,-1,-146.3,-129.05,-87.2,-28.81
MNQ DEC25,1s,1,4440,2025-11-13 10:34:01,25355.75,25357.5,25355,25356,121,2.5,0.25,1.5,0.75,1,,,,
MNQ DEC25,1s,1,4441,2025-11-13 10:34:02,25356,25357.25,25354,25355.5,110,3.25,0.5,1.25,1.5,-1,,,,
MNQ DEC25,1s,1,4442,2025-11-13 10:34:03,25355.25,25356.75,25354.5,25354.5,91,2.25,0.75,1.5,0,-1,,,,
MNQ DEC25,1s,1,4443,2025-11-13 10:34:04,25355,25355,25348,25349.25,513,7,5.75,0,1.25,-1,,,,
MNQ DEC25,1s,1,4444,2025-11-13 10:34:05,25349,25349,25344,25346,489,5,3,0,2,-1,,,,
MNQ DEC25,1s,1,4445,2025-11-13 10:34:06,25345.75,25346.5,25343.25,25345.5,229,3.25,0.25,0.75,2.25,-1,,,,
MNQ DEC25,1s,1,4446,2025-11-13 10:34:07,25345.5,25348.25,25345.5,25345.75,172,2.75,0.25,2.5,0,1,,,,
MNQ DEC25,1s,1,4447,2025-11-13 10:34:08,25346.5,25347.75,25341.5,25347,348,6.25,0.5,0.75,5,1,,,,
MNQ DEC25,1s,1,4448,2025-11-13 10:34:09,25347.25,25350.5,25347.25,25350.5,127,3.25,3.25,0,0,1,,,,
MNQ DEC25,1s,1,4449,2025-11-13 10:34:10,25350,25351,25348.25,25349.25,126,2.75,0.75,1,1,-1,,,,
MNQ DEC25,10s,10,5844,2025-11-13 10:34:10,25355.75,25357.5,25341.5,25349.25,2326,16,6.5,1.75,7.75,-1,109.1,173.45,35.68333333,34.33
MNQ DEC25,1s,1,4450,2025-11-13 10:34:11,25349.25,25349.5,25347,25348.75,66,2.5,0.5,0.25,1.75,-1,,,,
MNQ DEC25,1s,1,4451,2025-11-13 10:34:12,25349,25349.5,25347.75,25348.75,76,1.75,0.25,0.5,1,-1,,,,
MNQ DEC25,1s,1,4452,2025-11-13 10:34:13,25349,25350.25,25346.75,25347.5,106,3.5,1.5,1.25,0.75,-1,,,,
MNQ DEC25,1s,1,4453,2025-11-13 10:34:14,25347.75,25348.5,25346.25,25346.25,78,2.25,1.5,0.75,0,-1,,,,
MNQ DEC25,1s,1,4454,2025-11-13 10:34:15,25346.75,25347.25,25343.25,25344,68,4,2.75,0.5,0.75,-1,,,,
MNQ DEC25,1s,1,4455,2025-11-13 10:34:16,25344,25344,25339.5,25340.25,369,4.5,3.75,0,0.75,-1,,,,
MNQ DEC25,1s,1,4456,2025-11-13 10:34:17,25340.5,25340.5,25338.25,25339.5,219,2.25,1,0,1.25,-1,,,,
MNQ DEC25,1s,1,4457,2025-11-13 10:34:18,25339.5,25339.5,25335.75,25337.25,217,3.75,2.25,0,1.5,-1,,,,
MNQ DEC25,1s,1,4458,2025-11-13 10:34:19,25337,25339,25336.25,25339,114,2.75,2,0,0.75,1,,,,
MNQ DEC25,1s,1,4459,2025-11-13 10:34:20,25339.25,25340.75,25338.5,25339,108,2.25,0.25,1.5,0.5,-1,,,,
MNQ DEC25,10s,10,5845,2025-11-13 10:34:20,25349.25,25350.25,25335.75,25339,1421,14.5,10.25,1,3.25,-1,125.35,16.25,54.88333333,29.04
MNQ DEC25,20s,20,5922,2025-11-13 10:34:20,25355.75,25357.5,25335.75,25339,3747,21.75,16.75,1.75,3.25,-1,201.8,348.1,-8.3,21.08
MNQ DEC25,1s,1,4460,2025-11-13 10:34:21,25339,25339.75,25337.5,25337.5,156,2.25,1.5,0.75,0,-1,,,,
MNQ DEC25,1s,1,4461,2025-11-13 10:34:22,25337.25,25337.75,25335.75,25336.75,67,2,0.5,0.5,1,-1,,,,
MNQ DEC25,1s,1,4462,2025-11-13 10:34:23,25336.25,25337.5,25335.25,25337,134,2.25,0.75,0.5,1,1,,,,
MNQ DEC25,1s,1,4463,2025-11-13 10:34:24,25337.25,25337.5,25333.75,25334.5,183,3.75,2.75,0.25,0.75,-1,,,,
MNQ DEC25,1s,1,4464,2025-11-13 10:34:25,25335,25335,25331,25332.5,274,4,2.5,0,1.5,-1,,,,
MNQ DEC25,1s,1,4465,2025-11-13 10:34:26,25332.25,25334.75,25331.75,25333.5,212,3,1.25,1.25,0.5,1,,,,
MNQ DEC25,1s,1,4466,2025-11-13 10:34:27,25334,25334,25332.5,25332.75,75,1.5,1.25,0,0.25,-1,,,,
MNQ DEC25,1s,1,4467,2025-11-13 10:34:28,25332.5,25333,25331,25331.25,100,2,1.25,0.5,0.25,-1,,,,
MNQ DEC25,1s,1,4468,2025-11-13 10:34:29,25331.5,25332,25327.25,25327.25,254,4.75,4.25,0.5,0,-1,,,,
MNQ DEC25,1s,1,4469,2025-11-13 10:34:30,25327.25,25328.25,25325.5,25326.5,182,2.75,0.75,1,1,-1,,,,
MNQ DEC25,10s,10,5846,2025-11-13 10:34:30,25339,25339.75,25325.5,25326.5,1637,14.25,12.5,0.75,1,-1,279.2,153.85,114.51666667,55.43
MNQ DEC25,1s,1,4470,2025-11-13 10:34:31,25326.5,25327,25325.75,25326.5,142,1.25,0,0.5,0.75,0,,,,
MNQ DEC25,1s,1,4471,2025-11-13 10:34:32,25326,25327.25,25320.5,25323,681,6.75,3,1.25,2.5,-1,,,,
MNQ DEC25,1s,1,4472,2025-11-13 10:34:33,25323,25325.5,25322.75,25323.75,178,2.75,0.75,1.75,0.25,1,,,,
MNQ DEC25,1s,1,4473,2025-11-13 10:34:34,25324.25,25325,25321.75,25322.5,183,3.25,1.75,0.75,0.75,-1,,,,
MNQ DEC25,1s,1,4474,2025-11-13 10:34:35,25322.5,25322.75,25317.5,25321.5,639,5.25,1,0.25,4,-1,,,,
MNQ DEC25,1s,1,4475,2025-11-13 10:34:36,25321.5,25322.25,25320.75,25321.75,205,1.5,0.25,0.5,0.75,1,,,,
MNQ DEC25,1s,1,4476,2025-11-13 10:34:37,25321,25324,25320.25,25323,216,3.75,2,1,0.75,1,,,,
MNQ DEC25,1s,1,4477,2025-11-13 10:34:38,25323,25323,25320.75,25321.5,144,2.25,1.5,0,0.75,-1,,,,
MNQ DEC25,1s,1,4478,2025-11-13 10:34:39,25320.5,25320.75,25317.75,25318.25,104,3,2.25,0.25,0.5,-1,,,,
MNQ DEC25,1s,1,4479,2025-11-13 10:34:40,25318.75,25318.75,25317,25317.75,99,1.75,1,0,0.75,-1,,,,
MNQ DEC25,10s,10,5847,2025-11-13 10:34:40,25326.5,25327.25,25317,25317.75,2591,10.25,8.75,0.75,0.75,-1,556.8,277.6,149.23333333,119.22
MNQ DEC25,20s,20,5923,2025-11-13 10:34:40,25339,25339.75,25317,25317.75,4228,22.75,21.25,0.75,0.75,-1,619.15,417.35,212.13333333,100.77
MNQ DEC25,1s,1,4480,2025-11-13 10:34:41,25317,25319.75,25315.5,25318.75,191,4.25,1.75,1,1.5,1,,,,
MNQ DEC25,1s,1,4481,2025-11-13 10:34:42,25318.75,25320.25,25317.75,25318,137,2.5,0.75,1.5,0.25,-1,,,,
MNQ DEC25,1s,1,4482,2025-11-13 10:34:43,25318,25318.25,25316.5,25317,138,1.75,1,0.25,0.5,-1,,,,
MNQ DEC25,1s,1,4483,2025-11-13 10:34:44,25316.75,25319.5,25316,25319.25,193,3.5,2.5,0.25,0.75,1,,,,
MNQ DEC25,1s,1,4484,2025-11-13 10:34:45,25319.75,25320,25317.25,25319,140,2.75,0.75,0.25,1.75,-1,,,,
MNQ DEC25,1s,1,4485,2025-11-13 10:34:46,25318,25319,25316.75,25318.5,127,2.25,0.5,0.5,1.25,1,,,,
MNQ DEC25,1s,1,4486,2025-11-13 10:34:47,25318,25322,25317.75,25321.25,130,4.25,3.25,0.75,0.25,1,,,,
MNQ DEC25,1s,1,4487,2025-11-13 10:34:48,25321.75,25323,25321.25,25322.25,189,1.75,0.5,0.75,0.5,1,,,,
MNQ DEC25,1s,1,4488,2025-11-13 10:34:49,25322.25,25323.75,25321.5,25322.5,180,2.25,0.25,1.25,0.75,1,,,,
MNQ DEC25,1s,1,4489,2025-11-13 10:34:50,25322,25322.25,25319.25,25319.5,114,3,2.5,0.25,0.25,-1,,,,
MNQ DEC25,10s,10,5848,2025-11-13 10:34:50,25317,25323.75,25315.5,25319.5,1539,8.25,2.5,4.25,1.5,1,750.7,193.9,208.45,163.01
MNQ DEC25,1s,1,4490,2025-11-13 10:34:51,25320,25320.75,25318.5,25319,71,2.25,1,0.75,0.5,-1,,,,
MNQ DEC25,1s,1,4491,2025-11-13 10:34:52,25318.75,25320.5,25318.75,25320.25,102,1.75,1.5,0.25,0,1,,,,
MNQ DEC25,1s,1,4492,2025-11-13 10:34:53,25320,25322.25,25320,25321.75,171,2.25,1.75,0.5,0,1,,,,
MNQ DEC25,1s,1,4493,2025-11-13 10:34:54,25322.25,25324.75,25321.5,25322.5,221,3.25,0.25,2.25,0.75,1,,,,
MNQ DEC25,1s,1,4494,2025-11-13 10:34:55,25322,25322,25320.25,25321.5,108,1.75,0.5,0,1.25,-1,,,,
MNQ DEC25,1s,1,4495,2025-11-13 10:34:56,25321.5,25323,25321,25321.5,118,2,0,1.5,0.5,0,,,,
MNQ DEC25,1s,1,4496,2025-11-13 10:34:57,25321,25321.25,25319.75,25320.5,110,1.5,0.5,0.25,0.75,-1,,,,
MNQ DEC25,1s,1,4497,2025-11-13 10:34:58,25320.5,25321,25319.25,25320,68,1.75,0.5,0.5,0.75,-1,,,,
MNQ DEC25,1s,1,4498,2025-11-13 10:34:59,25320.5,25320.5,25317.75,25318.25,165,2.75,2.25,0,0.5,-1,,,,
MNQ DEC25,1s,1,4499,2025-11-13 10:35:00,25318.25,25319,25317,25318,88,2,0.25,0.75,1,-1,,,,
MNQ DEC25,10s,10,5849,2025-11-13 10:35:00,25320,25324.75,25317,25318,1222,7.75,2,4.75,1,-1,509.95,-240.75,76.91666667,80.17
MNQ DEC25,20s,20,5924,2025-11-13 10:35:00,25317,25324.75,25315.5,25318,2761,9.25,1,6.75,1.5,1,841.65,222.5,329.31666667,122.99
MNQ DEC25,1s,1,4500,2025-11-13 10:35:01,25317.75,25318,25315,25317,362,3,0.75,0.25,2,-1,,,,
MNQ DEC25,1s,1,4501,2025-11-13 10:35:02,25317.25,25320.25,25316.5,25317.5,213,3.75,0.25,2.75,0.75,1,,,,
MNQ DEC25,1s,1,4502,2025-11-13 10:35:03,25318.25,25320.5,25316.25,25320.5,214,4.25,2.25,0,2,1,,,,
MNQ DEC25,1s,1,4503,2025-11-13 10:35:04,25320,25322.5,25319.5,25322,98,3,2,0.5,0.5,1,,,,
MNQ DEC25,1s,1,4504,2025-11-13 10:35:05,25321.75,25322.5,25319.25,25322.25,153,3.25,0.5,0.25,2.5,1,,,,
MNQ DEC25,1s,1,4505,2025-11-13 10:35:06,25322.75,25323.75,25321.5,25322.75,127,2.25,0,1,1.25,0,,,,
MNQ DEC25,1s,1,4506,2025-11-13 10:35:07,25322.75,25329.5,25322.5,25327.5,310,7,4.75,2,0.25,1,,,,
MNQ DEC25,1s,1,4507,2025-11-13 10:35:08,25328,25330.75,25326.75,25329.25,260,4,1.25,1.5,1.25,1,,,,
MNQ DEC25,1s,1,4508,2025-11-13 10:35:09,25329,25329.5,25324,25327.25,332,5.5,1.75,0.5,3.25,-1,,,,
MNQ DEC25,1s,1,4509,2025-11-13 10:35:10,25327.25,25327.75,25325.75,25326.5,216,2,0.75,0.5,0.75,-1,,,,
MNQ DEC25,10s,10,5850,2025-11-13 10:35:10,25317.75,25330.75,25315,25326.5,2285,15.75,8.75,4.25,2.75,1,669.45,159.5,37.55,108.82
MNQ DEC25,1s,1,4510,2025-11-13 10:35:11,25327.5,25328.25,25326,25327,77,2.25,0.5,0.75,1,-1,,,,
MNQ DEC25,1s,1,4511,2025-11-13 10:35:12,25326.5,25328.5,25325.75,25328,165,2.75,1.5,0.5,0.75,1,,,,
MNQ DEC25,1s,1,4512,2025-11-13 10:35:13,25328,25330.75,25327.25,25330.75,119,3.5,2.75,0,0.75,1,,,,
MNQ DEC25,1s,1,4513,2025-11-13 10:35:14,25330.5,25331,25328.75,25330,224,2.25,0.5,0.5,1.25,-1,,,,
MNQ DEC25,1s,1,4514,2025-11-13 10:35:15,25329.75,25329.75,25327.75,25328.75,105,2,1,0,1,-1,,,,
MNQ DEC25,1s,1,4515,2025-11-13 10:35:16,25328.5,25330.75,25328.25,25328.5,50,2.5,0,2.25,0.25,0,,,,
MNQ DEC25,1s,1,4516,2025-11-13 10:35:17,25329,25329.5,25327.25,25329.25,88,2.25,0.25,0.25,1.75,1,,,,
MNQ DEC25,1s,1,4517,2025-11-13 10:35:18,25329.25,25329.25,25323.25,25323.5,127,6,5.75,0,0.25,-1,,,,
MNQ DEC25,1s,1,4518,2025-11-13 10:35:19,25323.25,25324,25321.75,25323,94,2.25,0.25,0.75,1.25,-1,,,,
MNQ DEC25,1s,1,4519,2025-11-13 10:35:20,25323,25324.75,25322,25323.5,119,2.75,0.5,1.25,1,1,,,,
MNQ DEC25,10s,10,5851,2025-11-13 10:35:20,25327.5,25331,25321.75,25323.5,1168,9.25,4,3.5,1.75,-1,578.6,-90.85,-57.36666667,59.88
MNQ DEC25,20s,20,5925,2025-11-13 10:35:20,25317.75,25331,25315,25323.5,3453,16,5.75,7.5,2.75,1,1086.15,244.5,294.78333333,220.68
MNQ DEC25,1s,1,4520,2025-11-13 10:35:21,25323.25,25325.75,25322.5,25325,90,3.25,1.75,0.75,0.75,1,,,,
MNQ DEC25,1s,1,4521,2025-11-13 10:35:22,25325.25,25325.75,25321,25321.5,65,4.75,3.75,0.5,0.5,-1,,,,
MNQ DEC25,1s,1,4522,2025-11-13 10:35:23,25321.5,25322,25320.75,25321.25,57,1.25,0.25,0.5,0.5,-1,,,,
MNQ DEC25,1s,1,4523,2025-11-13 10:35:24,25321.25,25321.5,25319.5,25320,121,2,1.25,0.25,0.5,-1,,,,
MNQ DEC25,1s,1,4524,2025-11-13 10:35:25,25320,25322.25,25319.25,25320.75,40,3,0.75,1.5,0.75,1,,,,
MNQ DEC25,1s,1,4525,2025-11-13 10:35:26,25320,25324,25320,25323.25,95,4,3.25,0.75,0,1,,,,
MNQ DEC25,1s,1,4526,2025-11-13 10:35:27,25323.75,25328,25323.75,25325.25,100,4.25,1.5,2.75,0,1,,,,
MNQ DEC25,1s,1,4527,2025-11-13 10:35:28,25324.25,25326,25324,25325,59,2,0.75,1,0.25,1,,,,
MNQ DEC25,1s,1,4528,2025-11-13 10:35:29,25325,25326.75,25324.5,25325.75,79,2.25,0.75,1,0.5,1,,,,
MNQ DEC25,1s,1,4529,2025-11-13 10:35:30,25325.75,25327.5,25325.75,25325.75,47,1.75,0,1.75,0,0,,,,
MNQ DEC25,10s,10,5852,2025-11-13 10:35:30,25323.25,25328,25319.25,25325.75,753,8.75,2.5,2.25,4,1,217.5,-361.1,-97.48333333,-67.86
MNQ DEC25,1s,1,4530,2025-11-13 10:35:31,25325.5,25328.25,25325.5,25328.25,68,2.75,2.75,0,0,1,,,,
MNQ DEC25,1s,1,4531,2025-11-13 10:35:32,25327.5,25331,25327.25,25330.75,139,3.75,3.25,0.25,0.25,1,,,,
MNQ DEC25,1s,1,4532,2025-11-13 10:35:33,25331.25,25331.75,25327.75,25327.75,106,4,3.5,0.5,0,-1,,,,
MNQ DEC25,1s,1,4533,2025-11-13 10:35:34,25328,25328,25325.75,25326.5,57,2.25,1.5,0,0.75,-1,,,,
MNQ DEC25,1s,1,4534,2025-11-13 10:35:35,25326.25,25329,25326.25,25329,36,2.75,2.75,0,0,1,,,,
MNQ DEC25,1s,1,4535,2025-11-13 10:35:36,25328.75,25330,25328.75,25329.75,33,1.25,1,0.25,0,1,,,,
MNQ DEC25,1s,1,4536,2025-11-13 10:35:37,25330.25,25333.75,25330.25,25331.25,212,3.5,1,2.5,0,1,,,,
MNQ DEC25,1s,1,4537,2025-11-13 10:35:38,25330.5,25330.75,25328.25,25329,107,2.5,1.5,0.25,0.75,-1,,,,
MNQ DEC25,1s,1,4538,2025-11-13 10:35:39,25328.5,25329,25326.25,25326.75,75,2.75,1.75,0.5,0.5,-1,,,,
MNQ DEC25,1s,1,4539,2025-11-13 10:35:40,25327,25328.5,25326.25,25328.5,49,2.25,1.5,0,0.75,1,,,,
MNQ DEC25,10s,10,5853,2025-11-13 10:35:40,25325.5,25333.75,25325.5,25328.5,882,8.25,3,5.25,0,1,94.75,-122.75,-191.56666667,-131.19
MNQ DEC25,20s,20,5926,2025-11-13 10:35:40,25323.25,25333.75,25319.25,25328.5,1635,14.5,5.25,5.25,4,1,1168,81.85,182.95,262.86
MNQ DEC25,1s,1,4540,2025-11-13 10:35:41,25328.25,25329.25,25327.75,25328.25,39,1.5,0,1,0.5,0,,,,
MNQ DEC25,1s,1,4541,2025-11-13 10:35:42,25328.5,25333.75,25328,25332.5,126,5.75,4,1.25,0.5,1,,,,
MNQ DEC25,1s,1,4542,2025-11-13 10:35:43,25333,25333,25331.25,25332.5,55,1.75,0.5,0,1.25,-1,,,,
MNQ DEC25,1s,1,4543,2025-11-13 10:35:44,25332.75,25333.25,25331,25331.5,62,2.25,1.25,0.5,0.5,-1,,,,
MNQ DEC25,1s,1,4544,2025-11-13 10:35:45,25331.75,25332.5,25330,25331.5,38,2.5,0.25,0.75,1.5,-1,,,,
MNQ DEC25,1s,1,4545,2025-11-13 10:35:46,25331,25331.5,25330,25330.75,70,1.5,0.25,0.5,0.75,-1,,,,
MNQ DEC25,1s,1,4546,2025-11-13 10:35:47,25331.25,25332.75,25329.75,25332.75,45,3,1.5,0,1.5,1,,,,
MNQ DEC25,1s,1,4547,2025-11-13 10:35:48,25332.75,25337.25,25332.75,25336,173,4.5,3.25,1.25,0,1,,,,
MNQ DEC25,1s,1,4548,2025-11-13 10:35:49,25335.25,25335.5,25333.25,25334.75,152,2.25,0.5,0.25,1.5,-1,,,,
MNQ DEC25,1s,1,4549,2025-11-13 10:35:50,25335,25335.5,25333,25333.25,86,2.5,1.75,0.5,0.25,-1,,,,
MNQ DEC25,10s,10,5854,2025-11-13 10:35:50,25328.25,25337.25,25327.75,25333.25,846,9.5,5,4,0.5,1,12.3,-82.45,-188.76666667,-99.53
MNQ DEC25,1s,1,4550,2025-11-13 10:35:51,25333,25335.5,25332.25,25333.5,99,3.25,0.5,2,0.75,1,,,,
MNQ DEC25,1s,1,4551,2025-11-13 10:35:52,25335.25,25335.75,25332.75,25334.25,55,3,1,0.5,1.5,-1,,,,
MNQ DEC25,1s,1,4552,2025-11-13 10:35:53,25334.5,25334.75,25331.75,25331.75,99,3,2.75,0.25,0,-1,,,,
MNQ DEC25,1s,1,4553,2025-11-13 10:35:54,25331.5,25332,25329,25329.75,77,3,1.75,0.5,0.75,-1,,,,
MNQ DEC25,1s,1,4554,2025-11-13 10:35:55,25329.5,25331.5,25328.5,25329.5,64,3,0,2,1,0,,,,
MNQ DEC25,1s,1,4555,2025-11-13 10:35:56,25329.25,25330,25328.25,25329.75,66,1.75,0.5,0.25,1,1,,,,
MNQ DEC25,1s,1,4556,2025-11-13 10:35:57,25329,25330,25327.5,25329.5,48,2.5,0.5,0.5,1.5,1,,,,
MNQ DEC25,1s,1,4557,2025-11-13 10:35:58,25329,25329,25326.5,25327.25,104,2.5,1.75,0,0.75,-1,,,,
MNQ DEC25,1s,1,4558,2025-11-13 10:35:59,25327.5,25327.5,25325,25326.5,90,2.5,1,0,1.5,-1,,,,
MNQ DEC25,1s,1,4559,2025-11-13 10:36:00,25325.5,25327.25,25325,25326.5,60,2.25,1,0.75,0.5,1,,,,
MNQ DEC25,10s,10,5855,2025-11-13 10:36:00,25333,25335.75,25325,25326.5,762,10.75,6.5,2.75,1.5,-1,-288.9,-301.2,-168.8,-191.67
MNQ DEC25,20s,20,5927,2025-11-13 10:36:00,25328.25,25337.25,25325,25326.5,1608,12.25,1.75,9,1.5,-1,747.65,-420.35,-31.33333333,109.17
MNQ DEC25,1s,1,4560,2025-11-13 10:36:01,25326.5,25327,25325.5,25326.25,75,1.5,0.25,0.5,0.75,-1,,,,
MNQ DEC25,1s,1,4561,2025-11-13 10:36:02,25326.25,25330.5,25326.25,25330,89,4.25,3.75,0.5,0,1,,,,
MNQ DEC25,1s,1,4562,2025-11-13 10:36:03,25329.75,25330.25,25328.75,25329.5,53,1.5,0.25,0.5,0.75,-1,,,,
MNQ DEC25,1s,1,4563,2025-11-13 10:36:04,25330.25,25331.5,25329.25,25330.5,93,2.25,0.25,1,1,1,,,,
MNQ DEC25,1s,1,4564,2025-11-13 10:36:05,25329.75,25329.75,25325.75,25325.75,98,4,4,0,0,-1,,,,
MNQ DEC25,1s,1,4565,2025-11-13 10:36:06,25326.25,25328.75,25326,25327.75,42,2.75,1.5,1,0.25,1,,,,
MNQ DEC25,1s,1,4566,2025-11-13 10:36:07,25327.25,25329.25,25327,25328.25,49,2.25,1,1,0.25,1,,,,
MNQ DEC25,1s,1,4567,2025-11-13 10:36:08,25328.25,25330,25327,25329.75,58,3,1.5,0.25,1.25,1,,,,
MNQ DEC25,1s,1,4568,2025-11-13 10:36:09,25330.25,25332,25328,25330.25,226,4,0,1.75,2.25,0,,,,
MNQ DEC25,1s,1,4569,2025-11-13 10:36:10,25330.75,25333.75,25328.25,25331.5,322,5.5,0.75,2.25,2.5,1,,,,
MNQ DEC25,10s,10,5856,2025-11-13 10:36:10,25326.5,25333.75,25325.5,25331.5,1105,8.25,5,2.25,1,1,-328.85,-39.95,-141.2,-181.49
MNQ DEC25,1s,1,4570,2025-11-13 10:36:11,25331.25,25333,25330.75,25331.5,140,2.25,0.25,1.5,0.5,1,,,,
MNQ DEC25,1s,1,4571,2025-11-13 10:36:12,25332,25332.25,25330.5,25330.75,62,1.75,1.25,0.25,0.25,-1,,,,
MNQ DEC25,1s,1,4572,2025-11-13 10:36:13,25331.5,25331.5,25330,25331,61,1.5,0.5,0,1,-1,,,,
MNQ DEC25,1s,1,4573,2025-11-13 10:36:14,25331.25,25331.5,25326.25,25329.75,169,5.25,1.5,0.25,3.5,-1,,,,
MNQ DEC25,1s,1,4574,2025-11-13 10:36:15,25330,25335.5,25329.75,25334.75,128,5.75,4.75,0.75,0.25,1,,,,
MNQ DEC25,1s,1,4575,2025-11-13 10:36:16,25334.75,25335.25,25331,25331.5,152,4.25,3.25,0.5,0.5,-1,,,,
MNQ DEC25,1s,1,4576,2025-11-13 10:36:17,25332,25334.75,25331.5,25334.5,79,3.25,2.5,0.25,0.5,1,,,,
MNQ DEC25,1s,1,4577,2025-11-13 10:36:18,25334.75,25336.25,25333.25,25335.75,128,3,1,0.5,1.5,1,,,,
MNQ DEC25,1s,1,4578,2025-11-13 10:36:19,25336,25336.25,25332.75,25333.75,73,3.5,2.25,0.25,1,-1,,,,
MNQ DEC25,1s,1,4579,2025-11-13 10:36:20,25333,25335.25,25333,25335.25,79,2.25,2.25,0,0,1,,,,
MNQ DEC25,10s,10,5857,2025-11-13 10:36:20,25331.25,25336.25,25326.25,25335.25,1071,10,4,1,5,1,-273.8,55.05,-95.36666667,-98.26
MNQ DEC25,20s,20,5928,2025-11-13 10:36:20,25326.5,25336.25,25325.5,25335.25,2176,10.75,8.75,1,1,1,304.1,-443.55,-260.68333333,-63.01
MNQ DEC25,1s,1,4580,2025-11-13 10:36:21,25335.25,25340.5,25335.25,25338.75,238,5.25,3.5,1.75,0,1,,,,
MNQ DEC25,1s,1,4581,2025-11-13 10:36:22,25338.75,25340.5,25338.25,25340.25,215,2.25,1.5,0.25,0.5,1,,,,
MNQ DEC25,1s,1,4582,2025-11-13 10:36:23,25340.5,25341.25,25336.5,25337,113,4.75,3.5,0.75,0.5,-1,,,,
MNQ DEC25,1s,1,4583,2025-11-13 10:36:24,25336,25336,25333.5,25333.75,119,2.5,2.25,0,0.25,-1,,,,
MNQ DEC25,1s,1,4584,2025-11-13 10:36:25,25333.5,25336.5,25333.5,25335.5,114,3,2,1,0,1,,,,
MNQ DEC25,1s,1,4585,2025-11-13 10:36:26,25335.75,25336.25,25333.25,25335,74,3,0.75,0.5,1.75,-1,,,,
MNQ DEC25,1s,1,4586,2025-11-13 10:36:27,25333.75,25333.75,25330.75,25330.75,91,3,3,0,0,-1,,,,
MNQ DEC25,1s,1,4587,2025-11-13 10:36:28,25330.25,25331.25,25329.25,25330,103,2,0.25,1,0.75,-1,,,,
MNQ DEC25,1s,1,4588,2025-11-13 10:36:29,25330,25330,25326.5,25327,112,3.5,3,0,0.5,-1,,,,
MNQ DEC25,1s,1,4589,2025-11-13 10:36:30,25327.75,25329.75,25327.25,25329,74,2.5,1.25,0.75,0.5,1,,,,
MNQ DEC25,10s,10,5858,2025-11-13 10:36:30,25335.25,25341.25,25326.5,25329,1253,14.75,6.25,6,2.5,-1,-232.4,41.4,18.83333333,-65.43
MNQ DEC25,1s,1,4590,2025-11-13 10:36:31,25329.5,25330.75,25328.5,25328.5,97,2.25,1,1.25,0,-1,,,,
MNQ DEC25,1s,1,4591,2025-11-13 10:36:32,25328.5,25330.5,25328.5,25330.5,61,2,2,0,0,1,,,,
MNQ DEC25,1s,1,4592,2025-11-13 10:36:33,25330.75,25332.5,25330,25332.5,43,2.5,1.75,0,0.75,1,,,,
MNQ DEC25,1s,1,4593,2025-11-13 10:36:34,25332.5,25333,25330,25330,44,3,2.5,0.5,0,-1,,,,
MNQ DEC25,1s,1,4594,2025-11-13 10:36:35,25329,25329,25322.75,25325.25,200,6.25,3.75,0,2.5,-1,,,,
MNQ DEC25,1s,1,4595,2025-11-13 10:36:36,25325.5,25328.5,25325.5,25326.5,153,3,1,2,0,1,,,,
MNQ DEC25,1s,1,4596,2025-11-13 10:36:37,25326,25327,25325.5,25326.5,34,1.5,0.5,0.5,0.5,1,,,,
MNQ DEC25,1s,1,4597,2025-11-13 10:36:38,25326.75,25331.25,25326.5,25331,83,4.75,4.25,0.25,0.25,1,,,,
MNQ DEC25,1s,1,4598,2025-11-13 10:36:39,25330.5,25331.5,25328.75,25331.25,23,2.75,0.75,0.25,1.75,1,,,,
MNQ DEC25,1s,1,4599,2025-11-13 10:36:40,25330.5,25331,25325.5,25325.5,65,5.5,5,0.5,0,-1,,,,
MNQ DEC25,10s,10,5859,2025-11-13 10:36:40,25329.5,25333,25322.75,25325.5,803,10.25,4,3.5,2.75,-1,-229.75,2.65,33.03333333,-48.41
MNQ DEC25,20s,20,5929,2025-11-13 10:36:40,25335.25,25341.25,25322.75,25325.5,2056,18.5,9.75,6,2.75,-1,111.9,-192.2,-352.03333333,-145.95
MNQ DEC25,1s,1,4600,2025-11-13 10:36:41,25325.75,25326,25323,25325,101,3,0.75,0.25,2,-1,,,,
MNQ DEC25,1s,1,4601,2025-11-13 10:36:42,25324.25,25325.25,25323.25,25324.5,72,2,0.25,0.75,1,1,,,,
MNQ DEC25,1s,1,4602,2025-11-13 10:36:43,25324.75,25328.5,25324.75,25328.5,67,3.75,3.75,0,0,1,,,,
MNQ DEC25,1s,1,4603,2025-11-13 10:36:44,25328.5,25329,25325.25,25326.25,66,3.75,2.25,0.5,1,-1,,,,
MNQ DEC25,1s,1,4604,2025-11-13 10:36:45,25326,25327.75,25324.25,25327.5,84,3.5,1.5,0.25,1.75,1,,,,
MNQ DEC25,1s,1,4605,2025-11-13 10:36:46,25327.25,25331.5,25327.25,25329.75,140,4.25,2.5,1.75,0,1,,,,
MNQ DEC25,1s,1,4606,2025-11-13 10:36:47,25328.5,25329.5,25326.5,25327.75,75,3,0.75,1,1.25,-1,,,,
MNQ DEC25,1s,1,4607,2025-11-13 10:36:48,25327.75,25328.75,25325.75,25328.5,72,3,0.75,0.25,2,1,,,,
MNQ DEC25,1s,1,4608,2025-11-13 10:36:49,25328.75,25328.75,25325.75,25326.75,67,3,2,0,1,-1,,,,
MNQ DEC25,1s,1,4609,2025-11-13 10:36:50,25326.75,25328.25,25326.5,25327.25,40,1.75,0.5,1,0.25,1,,,,
MNQ DEC25,10s,10,5860,2025-11-13 10:36:50,25325.75,25331.5,25323,25327.25,784,8.5,1.5,4.25,2.75,1,-209.95,19.8,21.28333333,15.79
MNQ DEC25,1s,1,4610,2025-11-13 10:36:51,25327.25,25328.5,25326.75,25327.5,47,1.75,0.25,1,0.5,1,,,,
MNQ DEC25,1s,1,4611,2025-11-13 10:36:52,25327.25,25328,25326.25,25326.5,56,1.75,0.75,0.75,0.25,-1,,,,
MNQ DEC25,1s,1,4612,2025-11-13 10:36:53,25325.75,25328.5,25324.5,25325.75,184,4,0,2.75,1.25,0,,,,
MNQ DEC25,1s,1,4613,2025-11-13 10:36:54,25326,25327.75,25325.5,25327.75,44,2.25,1.75,0,0.5,1,,,,
MNQ DEC25,1s,1,4614,2025-11-13 10:36:55,25327,25327,25325.5,25327,29,1.5,0,0,1.5,0,,,,
MNQ DEC25,1s,1,4615,2025-11-13 10:36:56,25327.25,25331.25,25327.25,25331,157,4,3.75,0.25,0,1,,,,
MNQ DEC25,1s,1,4616,2025-11-13 10:36:57,25330.75,25337.75,25330.75,25337.75,149,7,7,0,0,1,,,,
MNQ DEC25,1s,1,4617,2025-11-13 10:36:58,25337.25,25337.5,25334.25,25334.25,117,3.25,3,0.25,0,-1,,,,
MNQ DEC25,1s,1,4618,2025-11-13 10:36:59,25334.5,25336,25333,25334,140,3,0.5,1.5,1,-1,,,,
MNQ DEC25,1s,1,4619,2025-11-13 10:37:00,25333.5,25334,25331.25,25331.25,73,2.75,2.25,0.5,0,-1,,,,
MNQ DEC25,10s,10,5861,2025-11-13 10:37:00,25327.25,25337.75,25324.5,25331.25,996,13.25,4,6.5,2.75,1,-248.8,-38.85,-5.46666667,16.01
MNQ DEC25,20s,20,5930,2025-11-13 10:37:00,25325.75,25337.75,25323,25331.25,1780,14.75,5.5,6.5,2.75,1,-231.55,-343.45,-326.4,-263.54
MNQ DEC25,1s,1,4620,2025-11-13 10:37:01,25332,25332.5,25330.75,25331.5,73,1.75,0.5,0.5,0.75,-1,,,,
MNQ DEC25,1s,1,4621,2025-11-13 10:37:02,25331.25,25333,25330.25,25332,44,2.75,0.75,1,1,1,,,,
MNQ DEC25,1s,1,4622,2025-11-13 10:37:03,25332.25,25332.75,25331,25331.75,30,1.75,0.5,0.5,0.75,-1,,,,
MNQ DEC25,1s,1,4623,2025-11-13 10:37:04,25331.5,25331.75,25330.5,25330.5,22,1.25,1,0.25,0,-1,,,,
MNQ DEC25,1s,1,4624,2025-11-13 10:37:05,25330,25330.5,25329.25,25329.75,48,1.25,0.25,0.5,0.5,-1,,,,
MNQ DEC25,1s,1,4625,2025-11-13 10:37:06,25329.5,25329.75,25326.75,25327,139,3,2.5,0.25,0.25,-1,,,,
MNQ DEC25,1s,1,4626,2025-11-13 10:37:07,25326.5,25326.75,25321,25322.75,297,5.75,3.75,0.25,1.75,-1,,,,
MNQ DEC25,1s,1,4627,2025-11-13 10:37:08,25322.75,25323.5,25320.5,25323.25,110,3,0.5,0.25,2.25,1,,,,
MNQ DEC25,1s,1,4628,2025-11-13 10:37:09,25323.25,25324.25,25321.75,25324.25,58,2.5,1,0,1.5,1,,,,
MNQ DEC25,1s,1,4629,2025-11-13 10:37:10,25323.25,25328.75,25323,25325.75,202,5.75,2.5,3,0.25,1,,,,
MNQ DEC25,10s,10,5862,2025-11-13 10:37:10,25332,25333,25320.5,25325.75,1023,12.5,6.25,1,5.25,-1,-272.5,-23.7,-14.25,0.26
MNQ DEC25,1s,1,4630,2025-11-13 10:37:11,25326,25326.25,25323.75,25326,117,2.5,0,0.25,2.25,0,,,,
MNQ DEC25,1s,1,4631,2025-11-13 10:37:12,25326,25326,25324,25324.25,45,2,1.75,0,0.25,-1,,,,
MNQ DEC25,1s,1,4632,2025-11-13 10:37:13,25324.5,25324.5,25323,25324.5,40,1.5,0,0,1.5,0,,,,
MNQ DEC25,1s,1,4633,2025-11-13 10:37:14,25324.5,25326.5,25324.5,25325.75,74,2,1.25,0.75,0,1,,,,
MNQ DEC25,1s,1,4634,2025-11-13 10:37:15,25326,25326,25323,25324.75,63,3,1.25,0,1.75,-1,,,,
MNQ DEC25,1s,1,4635,2025-11-13 10:37:16,25325,25326,25323,25323.5,58,3,1.5,1,0.5,-1,,,,
MNQ DEC25,1s,1,4636,2025-11-13 10:37:17,25323.75,25325,25323.5,25324.25,20,1.5,0.5,0.75,0.25,1,,,,
MNQ DEC25,1s,1,4637,2025-11-13 10:37:18,25324.25,25326.75,25324.25,25326.75,63,2.5,2.5,0,0,1,,,,
MNQ DEC25,1s,1,4638,2025-11-13 10:37:19,25326.25,25326.5,25322,25322.75,46,4.5,3.5,0.25,0.75,-1,,,,
MNQ DEC25,1s,1,4639,2025-11-13 10:37:20,25323.25,25323.5,25322.5,25322.5,23,1,0.75,0.25,0,-1,,,,
MNQ DEC25,10s,10,5863,2025-11-13 10:37:20,25326,25326.75,25322,25322.5,549,4.75,3.5,0.75,0.5,-1,-419.8,-147.3,-69.95,-37.48
MNQ DEC25,20s,20,5931,2025-11-13 10:37:20,25332,25333,25320.5,25322.5,1572,12.5,9.5,1,2,-1,-263.75,-32.2,-189.28333333,-286.35
MNQ DEC25,1s,1,4640,2025-11-13 10:37:21,25322.5,25325.25,25322.5,25323.5,68,2.75,1,1.75,0,1,,,,
MNQ DEC25,1s,1,4641,2025-11-13 10:37:22,25324.25,25328.25,25324.25,25327.5,54,4,3.25,0.75,0,1,,,,
MNQ DEC25,1s,1,4642,2025-11-13 10:37:23,25328,25328.75,25326.75,25327.25,49,2,0.75,0.75,0.5,-1,,,,
MNQ DEC25,1s,1,4643,2025-11-13 10:37:24,25327.25,25327.25,25324.25,25324.75,71,3,2.5,0,0.5,-1,,,,
MNQ DEC25,1s,1,4644,2025-11-13 10:37:25,25324.75,25324.75,25321.75,25323,60,3,1.75,0,1.25,-1,,,,
MNQ DEC25,1s,1,4645,2025-11-13 10:37:26,25322.5,25323,25321.5,25321.75,131,1.5,0.75,0.5,0.25,-1,,,,
MNQ DEC25,1s,1,4646,2025-11-13 10:37:27,25321.75,25322.25,25320,25321,137,2.25,0.75,0.5,1,-1,,,,
MNQ DEC25,1s,1,4647,2025-11-13 10:37:28,25321.75,25323,25320.75,25321.5,65,2.25,0.25,1.25,0.75,-1,,,,
MNQ DEC25,1s,1,4648,2025-11-13 10:37:29,25322.75,25324.5,25322.5,25324.5,50,2,1.75,0,0.25,1,,,,
MNQ DEC25,1s,1,4649,2025-11-13 10:37:30,25323.5,25324,25321.25,25321.25,44,2.75,2.25,0.5,0,-1,,,,
MNQ DEC25,10s,10,5864,2025-11-13 10:37:30,25322.5,25328.75,25320,25321.25,729,8.75,1.25,6.25,1.25,-1,-354.75,65.05,-35.31666667,-25
MNQ DEC25,1s,1,4650,2025-11-13 10:37:31,25321.75,25322,25320.5,25322,20,1.5,0.25,0,1.25,1,,,,
MNQ DEC25,1s,1,4651,2025-11-13 10:37:32,25321.75,25323.25,25321.25,25321.25,40,2,0.5,1.5,0,-1,,,,
MNQ DEC25,1s,1,4652,2025-11-13 10:37:33,25321.75,25322,25319.5,25320.25,95,2.5,1.5,0.25,0.75,-1,,,,
MNQ DEC25,1s,1,4653,2025-11-13 10:37:34,25320.25,25321,25316.25,25316.75,214,4.75,3.5,0.75,0.5,-1,,,,
MNQ DEC25,1s,1,4654,2025-11-13 10:37:35,25316.25,25317.25,25315,25315.5,285,2.25,0.75,1,0.5,-1,,,,
MNQ DEC25,1s,1,4655,2025-11-13 10:37:36,25315.5,25316.5,25314,25314.25,150,2.5,1.25,1,0.25,-1,,,,
MNQ DEC25,1s,1,4656,2025-11-13 10:37:37,25314.25,25315.75,25310.25,25310.75,386,5.5,3.5,1.5,0.5,-1,,,,
MNQ DEC25,1s,1,4657,2025-11-13 10:37:38,25311.25,25312.25,25309.5,25312.25,397,2.75,1,0,1.75,1,,,,
MNQ DEC25,1s,1,4658,2025-11-13 10:37:39,25312.5,25312.5,25308,25308,321,4.5,4.5,0,0,-1,,,,
MNQ DEC25,1s,1,4659,2025-11-13 10:37:40,25308.5,25308.5,25298,25300,1139,10.5,8.5,0,2,-1,,,,
MNQ DEC25,10s,10,5865,2025-11-13 10:37:40,25321.75,25323.25,25298,25300,3047,25.25,21.75,1.5,2,-1,16.55,371.3,96.35,45.3
MNQ DEC25,20s,20,5932,2025-11-13 10:37:40,25322.5,25328.75,25298,25300,3776,30.75,22.5,6.25,2,-1,32.7,296.45,-26.4,-142.99
MNQ DEC25,1s,1,4660,2025-11-13 10:37:41,25299.75,25302.5,25296.5,25299.5,484,6,0.25,2.75,3,-1,,,,
MNQ DEC25,1s,1,4661,2025-11-13 10:37:42,25299.5,25301.25,25298.75,25299,226,2.5,0.5,1.75,0.25,-1,,,,
MNQ DEC25,1s,1,4662,2025-11-13 10:37:43,25298.75,25301.75,25298,25300.75,259,3.75,2,1,0.75,1,,,,
MNQ DEC25,1s,1,4663,2025-11-13 10:37:44,25301.5,25302,25299.5,25300.5,246,2.5,1,0.5,1,-1,,,,
MNQ DEC25,1s,1,4664,2025-11-13 10:37:45,25300.5,25300.75,25298,25298,129,2.75,2.5,0.25,0,-1,,,,
MNQ DEC25,1s,1,4665,2025-11-13 10:37:46,25298.25,25301.25,25297.75,25300.25,294,3.5,2,1,0.5,1,,,,
MNQ DEC25,1s,1,4666,2025-11-13 10:37:47,25299.75,25300.5,25298.5,25299.75,101,2,0,0.75,1.25,0,,,,
MNQ DEC25,1s,1,4667,2025-11-13 10:37:48,25299.75,25301.75,25297.5,25298.75,250,4.25,1,2,1.25,-1,,,,
MNQ DEC25,1s,1,4668,2025-11-13 10:37:49,25298.75,25298.75,25296.5,25298,97,2.25,0.75,0,1.5,-1,,,,
MNQ DEC25,1s,1,4669,2025-11-13 10:37:50,25298,25299.25,25296.5,25296.5,154,2.75,1.5,1.25,0,-1,,,,
MNQ DEC25,10s,10,5866,2025-11-13 10:37:50,25299.75,25302.5,25296.5,25296.5,2240,6,3.25,2.75,0,-1,235.2,218.65,218.33333333,96.8
MNQ DEC25,1s,1,4670,2025-11-13 10:37:51,25296.5,25298.75,25296,25297.5,167,2.75,1,1.25,0.5,1,,,,
MNQ DEC25,1s,1,4671,2025-11-13 10:37:52,25297.5,25298,25295.25,25295.75,140,2.75,1.75,0.5,0.5,-1,,,,
MNQ DEC25,1s,1,4672,2025-11-13 10:37:53,25295.75,25297.5,25295.5,25296.25,109,2,0.5,1.25,0.25,1,,,,
MNQ DEC25,1s,1,4673,2025-11-13 10:37:54,25296.75,25297.5,25295.25,25297.25,56,2.25,0.5,0.25,1.5,1,,,,
MNQ DEC25,1s,1,4674,2025-11-13 10:37:55,25296.75,25297.75,25295.75,25297.75,112,2,1,0,1,1,,,,
MNQ DEC25,1s,1,4675,2025-11-13 10:37:56,25297,25298.5,25296.25,25296.25,97,2.25,0.75,1.5,0,-1,,,,
MNQ DEC25,1s,1,4676,2025-11-13 10:37:57,25296.25,25297.25,25294,25294.5,137,3.25,1.75,1,0.5,-1,,,,
MNQ DEC25,1s,1,4677,2025-11-13 10:37:58,25295,25295.25,25293,25294.25,133,2.25,0.75,0.25,1.25,-1,,,,
MNQ DEC25,1s,1,4678,2025-11-13 10:37:59,25294.25,25295.25,25293,25294.5,172,2.25,0.25,0.75,1.25,1,,,,
MNQ DEC25,1s,1,4679,2025-11-13 10:38:00,25295,25296,25293.25,25294,106,2.75,1,1,0.75,-1,,,,
MNQ DEC25,10s,10,5867,2025-11-13 10:38:00,25296.5,25298.75,25293,25294,1229,5.75,2.5,2.25,1,-1,344.5,109.3,233.08333333,123.4
MNQ DEC25,20s,20,5933,2025-11-13 10:38:00,25299.75,25302.5,25293,25294,3469,9.5,5.75,2.75,1,-1,194.3,161.6,141.95,-21.96
MNQ DEC25,1s,1,4680,2025-11-13 10:38:01,25294,25299,25294,25298,358,5,4,1,0,1,,,,
MNQ DEC25,1s,1,4681,2025-11-13 10:38:02,25298,25299,25293.75,25293.75,351,5.25,4.25,1,0,-1,,,,
MNQ DEC25,1s,1,4682,2025-11-13 10:38:03,25293.75,25294.5,25290.5,25292,312,4,1.75,0.75,1.5,-1,,,,
MNQ DEC25,1s,1,4683,2025-11-13 10:38:04,25292.75,25293.5,25291,25292.25,159,2.5,0.5,0.75,1.25,-1,,,,
MNQ DEC25,1s,1,4684,2025-11-13 10:38:05,25292,25292.5,25290.5,25290.5,66,2,1.5,0.5,0,-1,,,,
MNQ DEC25,1s,1,4685,2025-11-13 10:38:06,25290.75,25291.25,25289,25291,264,2.25,0.25,0.25,1.75,1,,,,
MNQ DEC25,1s,1,4686,2025-11-13 10:38:07,25291,25297.75,25290.25,25297.75,214,7.5,6.75,0,0.75,1,,,,
MNQ DEC25,1s,1,4687,2025-11-13 10:38:08,25297,25299.5,25296.75,25299.25,222,2.75,2.25,0.25,0.25,1,,,,
MNQ DEC25,1s,1,4688,2025-11-13 10:38:09,25298.5,25298.75,25297,25298.25,128,1.75,0.25,0.25,1.25,-1,,,,
MNQ DEC25,1s,1,4689,2025-11-13 10:38:10,25298.25,25304.5,25298.25,25303.5,374,6.25,5.25,1,0,1,,,,
MNQ DEC25,10s,10,5868,2025-11-13 10:38:10,25294,25304.5,25289,25303.5,2448,15.5,9.5,1,5,1,678.85,334.35,220.76666667,219.73
MNQ DEC25,1s,1,4690,2025-11-13 10:38:11,25303.5,25303.75,25300,25300.75,187,3.75,2.75,0.25,0.75,-1,,,,
MNQ DEC25,1s,1,4691,2025-11-13 10:38:12,25300.25,25303.75,25300.25,25302.25,99,3.5,2,1.5,0,1,,,,
MNQ DEC25,1s,1,4692,2025-11-13 10:38:13,25303,25303,25300.25,25300.25,169,2.75,2.75,0,0,-1,,,,
MNQ DEC25,1s,1,4693,2025-11-13 10:38:14,25300,25302.5,25300,25301.25,112,2.5,1.25,1.25,0,1,,,,
MNQ DEC25,1s,1,4694,2025-11-13 10:38:15,25301,25302,25300,25301.25,65,2,0.25,0.75,1,1,,,,
MNQ DEC25,1s,1,4695,2025-11-13 10:38:16,25301.5,25302.5,25300.75,25301.75,75,1.75,0.25,0.75,0.75,1,,,,
MNQ DEC25,1s,1,4696,2025-11-13 10:38:17,25301.5,25303.25,25301,25302,57,2.25,0.5,1.25,0.5,1,,,,
MNQ DEC25,1s,1,4697,2025-11-13 10:38:18,25302.5,25302.5,25300.25,25300.5,157,2.25,2,0,0.25,-1,,,,
MNQ DEC25,1s,1,4698,2025-11-13 10:38:19,25300.75,25302,25300.25,25300.75,76,1.75,0,1.25,0.5,0,,,,
MNQ DEC25,1s,1,4699,2025-11-13 10:38:20,25300,25302,25300,25300.5,53,2,0.5,1.5,0,1,,,,
MNQ DEC25,10s,10,5869,2025-11-13 10:38:20,25303.5,25303.75,25300,25300.5,1050,3.75,3,0.25,0.5,-1,751.65,72.8,172.15,221.28
MNQ DEC25,20s,20,5934,2025-11-13 10:38:20,25294,25304.5,25289,25300.5,3498,15.5,6.5,4,5,1,395.8,201.5,219.85,56.78
MNQ DEC25,1s,1,4700,2025-11-13 10:38:21,25302,25302.75,25301.5,25301.5,74,1.25,0.5,0.75,0,-1,,,,
MNQ DEC25,1s,1,4701,2025-11-13 10:38:22,25302.25,25305.75,25301,25305.75,90,4.75,3.5,0,1.25,1,,,,
MNQ DEC25,1s,1,4702,2025-11-13 10:38:23,25306,25306,25302.25,25302.75,126,3.75,3.25,0,0.5,-1,,,,
MNQ DEC25,1s,1,4703,2025-11-13 10:38:24,25302.25,25303.25,25301.75,25302,89,1.5,0.25,1,0.25,-1,,,,
MNQ DEC25,1s,1,4704,2025-11-13 10:38:25,25301.5,25302.25,25300.75,25301.5,67,1.5,0,0.75,0.75,0,,,,
MNQ DEC25,1s,1,4705,2025-11-13 10:38:26,25301.25,25301.25,25299.25,25300.75,91,2,0.5,0,1.5,-1,,,,
MNQ DEC25,1s,1,4706,2025-11-13 10:38:27,25300.75,25302.25,25298.75,25299.75,86,3.5,1,1.5,1,-1,,,,
MNQ DEC25,1s,1,4707,2025-11-13 10:38:28,25299.75,25300.25,25298.25,25299.25,65,2,0.5,0.5,1,-1,,,,
MNQ DEC25,1s,1,4708,2025-11-13 10:38:29,25299.5,25300.5,25298.25,25300.25,169,2.25,0.75,0.25,1.25,1,,,,
MNQ DEC25,1s,1,4709,2025-11-13 10:38:30,25299.75,25299.75,25297.75,25298,43,2,1.75,0,0.25,-1,,,,
MNQ DEC25,10s,10,5870,2025-11-13 10:38:30,25302,25306,25297.75,25298,900,8.25,4,4,0.25,-1,391.5,-360.15,15.66666667,74.99
MNQ DEC25,1s,1,4710,2025-11-13 10:38:31,25297.75,25298.25,25296.5,25298,116,1.75,0.25,0.25,1.25,1,,,,
MNQ DEC25,1s,1,4711,2025-11-13 10:38:32,25297.25,25302,25297.25,25302,62,4.75,4.75,0,0,1,,,,
MNQ DEC25,1s,1,4712,2025-11-13 10:38:33,25301.5,25303.5,25300.5,25301,73,3,0.5,2,0.5,-1,,,,
MNQ DEC25,1s,1,4713,2025-11-13 10:38:34,25300.75,25301.75,25300.75,25301.25,76,1,0.5,0.5,0,1,,,,
MNQ DEC25,1s,1,4714,2025-11-13 10:38:35,25301.5,25302,25299,25299,74,3,2.5,0.5,0,-1,,,,
MNQ DEC25,1s,1,4715,2025-11-13 10:38:36,25299.5,25300.25,25299,25300,24,1.25,0.5,0.25,0.5,1,,,,
MNQ DEC25,1s,1,4716,2025-11-13 10:38:37,25300.25,25301,25299.25,25300.25,53,1.75,0,0.75,1,0,,,,
MNQ DEC25,1s,1,4717,2025-11-13 10:38:38,25300.75,25300.75,25299.25,25299.5,25,1.5,1.25,0,0.25,-1,,,,
MNQ DEC25,1s,1,4718,2025-11-13 10:38:39,25298.75,25299,25294.5,25295.75,127,4.5,3,0.25,1.25,-1,,,,
MNQ DEC25,1s,1,4719,2025-11-13 10:38:40,25295.75,25296.5,25295,25296.25,151,1.5,0.5,0.25,0.75,1,,,,
MNQ DEC25,10s,10,5871,2025-11-13 10:38:40,25297.75,25303.5,25294.5,25296.25,781,9,1.5,5.75,1.75,-1,119.05,-272.45,-186.6,-23.23
MNQ DEC25,20s,20,5935,2025-11-13 10:38:40,25302,25306,25294.5,25296.25,1681,11.5,5.75,4,1.75,-1,454.25,58.45,140.51666667,137.16
MNQ DEC25,1s,1,4720,2025-11-13 10:38:41,25295.5,25300.5,25295.5,25300.5,73,5,5,0,0,1,,,,
MNQ DEC25,1s,1,4721,2025-11-13 10:38:42,25300,25300.5,25298.5,25299.75,66,2,0.25,0.5,1.25,-1,,,,
MNQ DEC25,1s,1,4722,2025-11-13 10:38:43,25300.25,25301.25,25299,25300.25,76,2.25,0,1,1.25,0,,,,
MNQ DEC25,1s,1,4723,2025-11-13 10:38:44,25300.5,25301.5,25299.25,25300.5,149,2.25,0,1,1.25,0,,,,
MNQ DEC25,1s,1,4724,2025-11-13 10:38:45,25300.75,25303,25300.75,25301.75,73,2.25,1,1.25,0,1,,,,
MNQ DEC25,1s,1,4725,2025-11-13 10:38:46,25301,25301,25297.75,25298.75,129,3.25,2.25,0,1,-1,,,,
MNQ DEC25,1s,1,4726,2025-11-13 10:38:47,25298.75,25301.5,25298,25300,129,3.5,1.25,1.5,0.75,1,,,,
MNQ DEC25,1s,1,4727,2025-11-13 10:38:48,25300.25,25300.25,25298.75,25299.25,44,1.5,1,0,0.5,-1,,,,
MNQ DEC25,1s,1,4728,2025-11-13 10:38:49,25298.75,25301,25298.75,25299.75,56,2.25,1,1.25,0,1,,,,
MNQ DEC25,1s,1,4729,2025-11-13 10:38:50,25300.75,25301.5,25298,25301.5,78,3.5,0.75,0,2.75,1,,,,
MNQ DEC25,10s,10,5872,2025-11-13 10:38:50,25295.5,25303,25295.5,25301.5,873,7.5,6,1.5,0,1,41.85,-77.2,-236.6,-60.53
MNQ DEC25,1s,1,4730,2025-11-13 10:38:51,25301.75,25303,25301.25,25301.75,57,1.75,0,1.25,0.5,0,,,,
MNQ DEC25,1s,1,4731,2025-11-13 10:38:52,25302,25303,25300.75,25302,68,2.25,0,1,1.25,0,,,,
MNQ DEC25,1s,1,4732,2025-11-13 10:38:53,25302,25302,25299,25301.75,57,3,0.25,0,2.75,-1,,,,
MNQ DEC25,1s,1,4733,2025-11-13 10:38:54,25301.5,25302,25299.25,25299.5,58,2.75,2,0.5,0.25,-1,,,,
MNQ DEC25,1s,1,4734,2025-11-13 10:38:55,25299.5,25300.75,25299,25299.75,45,1.75,0.25,1,0.5,1,,,,
MNQ DEC25,1s,1,4735,2025-11-13 10:38:56,25299.75,25302.75,25299.25,25302.25,83,3.5,2.5,0.5,0.5,1,,,,
MNQ DEC25,1s,1,4736,2025-11-13 10:38:57,25302.25,25302.5,25301.25,25302.5,69,1.25,0.25,0,1,1,,,,
MNQ DEC25,1s,1,4737,2025-11-13 10:38:58,25302,25304,25301.75,25302.5,120,2.25,0.5,1.5,0.25,1,,,,
MNQ DEC25,1s,1,4738,2025-11-13 10:38:59,25302,25303.25,25301.25,25302.25,62,2,0.25,1,0.75,1,,,,
MNQ DEC25,1s,1,4739,2025-11-13 10:39:00,25302.75,25303.5,25301.25,25302.25,69,2.25,0.5,0.75,1,-1,,,,
MNQ DEC25,10s,10,5873,2025-11-13 10:39:00,25301.75,25304,25299,25302.25,688,5,0.5,1.75,2.75,1,-300.45,-342.3,-230.65,-195.86
MNQ DEC25,20s,20,5936,2025-11-13 10:39:00,25295.5,25304,25295.5,25302.25,1561,8.5,6.75,1.75,0,1,470.9,16.65,92.2,146.93
MNQ DEC25,1s,1,4740,2025-11-13 10:39:01,25302.5,25309.5,25302.5,25307,230,7,4.5,2.5,0,1,,,,
MNQ DEC25,1s,1,4741,2025-11-13 10:39:02,25307.75,25310.75,25307.5,25309,254,3.25,1.25,1.75,0.25,1,,,,
MNQ DEC25,1s,1,4742,2025-11-13 10:39:03,25309.5,25309.75,25306.25,25307.75,157,3.5,1.75,0.25,1.5,-1,,,,
MNQ DEC25,1s,1,4743,2025-11-13 10:39:04,25308.25,25308.5,25306.25,25307.75,124,2.25,0.5,0.25,1.5,-1,,,,
MNQ DEC25,1s,1,4744,2025-11-13 10:39:05,25307.75,25308.25,25306.25,25307.75,55,2,0,0.5,1.5,0,,,,
MNQ DEC25,1s,1,4745,2025-11-13 10:39:06,25308,25309,25306.5,25309,75,2.5,1,0,1.5,1,,,,
MNQ DEC25,1s,1,4746,2025-11-13 10:39:07,25309.5,25317.25,25309.5,25317.25,381,7.75,7.75,0,0,1,,,,
MNQ DEC25,1s,1,4747,2025-11-13 10:39:08,25317,25317.75,25315.25,25316.25,232,2.5,0.75,0.75,1,-1,,,,
MNQ DEC25,1s,1,4748,2025-11-13 10:39:09,25315.75,25316,25311.25,25311.25,114,4.75,4.5,0.25,0,-1,,,,
MNQ DEC25,1s,1,4749,2025-11-13 10:39:10,25311,25312,25310.25,25311.75,79,1.75,0.75,0.25,0.75,1,,,,
MNQ DEC25,10s,10,5874,2025-11-13 10:39:10,25302.5,25317.75,25302.5,25311.75,1701,15.25,9.25,6,0,1,-213,87.45,-110.68333333,-192.93
MNQ DEC25,1s,1,4750,2025-11-13 10:39:11,25311.5,25314.5,25311.25,25314.5,127,3.25,3,0,0.25,1,,,,
MNQ DEC25,1s,1,4751,2025-11-13 10:39:12,25314.75,25315.5,25313.5,25315.5,74,2,0.75,0,1.25,1,,,,
MNQ DEC25,1s,1,4752,2025-11-13 10:39:13,25315.5,25315.5,25312.5,25313,109,3,2.5,0,0.5,-1,,,,
MNQ DEC25,1s,1,4753,2025-11-13 10:39:14,25313,25313.25,25310.75,25313,99,2.5,0,0.25,2.25,0,,,,
MNQ DEC25,1s,1,4754,2025-11-13 10:39:15,25312.5,25312.75,25311,25312,57,1.75,0.5,0.25,1,-1,,,,
MNQ DEC25,1s,1,4755,2025-11-13 10:39:16,25311.75,25312.75,25311.25,25311.5,72,1.5,0.25,1,0.25,-1,,,,
MNQ DEC25,1s,1,4756,2025-11-13 10:39:17,25311.75,25316.75,25311.75,25316.25,136,5,4.5,0.5,0,1,,,,
MNQ DEC25,1s,1,4757,2025-11-13 10:39:18,25316,25319,25316,25318,100,3,2,1,0,1,,,,
MNQ DEC25,1s,1,4758,2025-11-13 10:39:19,25318,25322,25317.5,25320.5,272,4.5,2.5,1.5,0.5,1,,,,
MNQ DEC25,1s,1,4759,2025-11-13 10:39:20,25320.5,25321.5,25319.5,25320.25,191,2,0.25,1,0.75,-1,,,,
MNQ DEC25,10s,10,5875,2025-11-13 10:39:20,25311.5,25322,25310.75,25320.25,1237,11.25,8.75,1.75,0.75,1,-169.35,43.65,-70.4,-112.17
MNQ DEC25,20s,20,5937,2025-11-13 10:39:20,25302.5,25322,25302.5,25320.25,2938,19.5,17.75,1.75,0,1,232.95,-237.95,-54.28333333,40.05
MNQ DEC25,1s,1,4760,2025-11-13 10:39:21,25320.25,25320.5,25318.25,25319.75,143,2.25,0.5,0.25,1.5,-1,,,,
MNQ DEC25,1s,1,4761,2025-11-13 10:39:22,25319.5,25321.5,25319,25320.25,72,2.5,0.75,1.25,0.5,1,,,,
MNQ DEC25,1s,1,4762,2025-11-13 10:39:23,25320.25,25322.75,25319.25,25322.25,121,3.5,2,0.5,1,1,,,,
MNQ DEC25,1s,1,4763,2025-11-13 10:39:24,25322.25,25323.25,25319.75,25321.25,125,3.5,1,1,1.5,-1,,,,
MNQ DEC25,1s,1,4764,2025-11-13 10:39:25,25321.75,25324.5,25321,25323.25,199,3.5,1.5,1.25,0.75,1,,,,
MNQ DEC25,1s,1,4765,2025-11-13 10:39:26,25322.75,25322.75,25319.5,25320.25,117,3.25,2.5,0,0.75,-1,,,,
MNQ DEC25,1s,1,4766,2025-11-13 10:39:27,25320.25,25320.75,25318.5,25319.25,83,2.25,1,0.5,0.75,-1,,,,
MNQ DEC25,1s,1,4767,2025-11-13 10:39:28,25319,25319.75,25316.5,25317,103,3.25,2,0.75,0.5,-1,,,,
MNQ DEC25,1s,1,4768,2025-11-13 10:39:29,25317,25320,25317,25319.25,94,3,2.25,0.75,0,1,,,,
MNQ DEC25,1s,1,4769,2025-11-13 10:39:30,25318.75,25324.75,25318.75,25323.5,127,6,4.75,1.25,0,1,,,,
MNQ DEC25,10s,10,5876,2025-11-13 10:39:30,25320.25,25324.75,25316.5,25323.5,1184,8.25,3.25,1.25,3.75,1,-92.7,76.65,69.25,-42.35
MNQ DEC25,1s,1,4770,2025-11-13 10:39:31,25324,25329.25,25323.5,25327.75,256,5.75,3.75,1.5,0.5,1,,,,
MNQ DEC25,1s,1,4771,2025-11-13 10:39:32,25328.25,25329,25326.25,25327,253,2.75,1.25,0.75,0.75,-1,,,,
MNQ DEC25,1s,1,4772,2025-11-13 10:39:33,25326.75,25328,25325.5,25326.75,152,2.5,0,1.25,1.25,0,,,,
MNQ DEC25,1s,1,4773,2025-11-13 10:39:34,25327.25,25328.25,25325.5,25326,216,2.75,1.25,1,0.5,-1,,,,
MNQ DEC25,1s,1,4774,2025-11-13 10:39:35,25325.75,25327,25324,25325.5,155,3,0.25,1.25,1.5,-1,,,,
MNQ DEC25,1s,1,4775,2025-11-13 10:39:36,25325.5,25326.25,25323.75,25325,128,2.5,0.5,0.75,1.25,-1,,,,
MNQ DEC25,1s,1,4776,2025-11-13 10:39:37,25325.25,25328.5,25325.25,25328.25,71,3.25,3,0.25,0,1,,,,
MNQ DEC25,1s,1,4777,2025-11-13 10:39:38,25328,25331.25,25327.25,25331,149,4,3,0.25,0.75,1,,,,
MNQ DEC25,1s,1,4778,2025-11-13 10:39:39,25330.5,25331,25328.5,25329,113,2.5,1.5,0.5,0.5,-1,,,,
MNQ DEC25,1s,1,4779,2025-11-13 10:39:40,25329,25329.25,25326.75,25326.75,159,2.5,2.25,0.25,0,-1,,,,
MNQ DEC25,10s,10,5877,2025-11-13 10:39:40,25324,25331.25,25323.5,25326.75,1652,7.75,2.75,4.5,0.5,1,34.05,126.75,82.35,-1.56
MNQ DEC25,20s,20,5938,2025-11-13 10:39:40,25320.25,25331.25,25316.5,25326.75,2836,14.75,6.5,4.5,3.75,1,37.45,-195.5,-138.93333333,-31.37
MNQ DEC25,1s,1,4780,2025-11-13 10:39:41,25326.75,25327.25,25325.25,25326.5,82,2,0.25,0.5,1.25,-1,,,,
MNQ DEC25,1s,1,4781,2025-11-13 10:39:42,25326.75,25329.25,25326,25329,123,3.25,2.25,0.25,0.75,1,,,,
MNQ DEC25,1s,1,4782,2025-11-13 10:39:43,25328.75,25330.25,25326.5,25326.75,86,3.75,2,1.5,0.25,-1,,,,
MNQ DEC25,1s,1,4783,2025-11-13 10:39:44,25326.75,25330.25,25326.75,25329.25,142,3.5,2.5,1,0,1,,,,
MNQ DEC25,1s,1,4784,2025-11-13 10:39:45,25329,25329.5,25327.25,25328.75,120,2.25,0.25,0.5,1.5,-1,,,,
MNQ DEC25,1s,1,4785,2025-11-13 10:39:46,25328.5,25329.5,25325.75,25328.5,147,3.75,0,1,2.75,0,,,,
MNQ DEC25,1s,1,4786,2025-11-13 10:39:47,25328.25,25328.75,25326.5,25326.5,62,2.25,1.75,0.5,0,-1,,,,
MNQ DEC25,1s,1,4787,2025-11-13 10:39:48,25326.75,25327.5,25325.75,25326.25,65,1.75,0.5,0.75,0.5,-1,,,,
MNQ DEC25,1s,1,4788,2025-11-13 10:39:49,25326.5,25328.75,25326.5,25328,56,2.25,1.5,0.75,0,1,,,,
MNQ DEC25,1s,1,4789,2025-11-13 10:39:50,25327.25,25327.25,25324.75,25325.5,86,2.5,1.75,0,0.75,-1,,,,
MNQ DEC25,10s,10,5878,2025-11-13 10:39:50,25326.75,25330.25,25324.75,25325.5,969,5.5,1.25,3.5,0.75,-1,104.45,70.4,91.26666667,80.98
MNQ DEC25,1s,1,4790,2025-11-13 10:39:51,25326,25326.25,25324.5,25325.25,49,1.75,0.75,0.25,0.75,-1,,,,
MNQ DEC25,1s,1,4791,2025-11-13 10:39:52,25325.5,25326,25324.5,25325.25,35,1.5,0.25,0.5,0.75,-1,,,,
MNQ DEC25,1s,1,4792,2025-11-13 10:39:53,25325.25,25326.25,25323.5,25324.25,58,2.75,1,1,0.75,-1,,,,
MNQ DEC25,1s,1,4793,2025-11-13 10:39:54,25323,25323.5,25321.75,25322.75,107,1.75,0.25,0.5,1,-1,,,,
MNQ DEC25,1s,1,4794,2025-11-13 10:39:55,25322.75,25323.75,25321.25,25321.75,82,2.5,1,1,0.5,-1,,,,
MNQ DEC25,1s,1,4795,2025-11-13 10:39:56,25322,25324.75,25322,25322.75,82,2.75,0.75,2,0,1,,,,
MNQ DEC25,1s,1,4796,2025-11-13 10:39:57,25323,25323.5,25322.25,25322.75,42,1.25,0.25,0.5,0.5,-1,,,,
MNQ DEC25,1s,1,4797,2025-11-13 10:39:58,25323,25323.75,25321.5,25321.5,36,2.25,1.5,0.75,0,-1,,,,
MNQ DEC25,1s,1,4798,2025-11-13 10:39:59,25321.5,25322.5,25320.5,25321,90,2,0.5,1,0.5,-1,,,,
MNQ DEC25,1s,1,4799,2025-11-13 10:40:00,25321.25,25321.25,25319.25,25319.5,96,2,1.75,0,0.25,-1,,,,
MNQ DEC25,10s,10,5879,2025-11-13 10:40:00,25326,25326.25,25319.25,25319.5,677,7,6.5,0.25,0.25,-1,-94.05,-198.5,-0.45,23.79
MNQ DEC25,20s,20,5939,2025-11-13 10:40:00,25326.75,25330.25,25319.25,25319.5,1646,11,7.25,3.5,0.25,-1,-334,-371.45,-268.3,-145.96
MNQ DEC25,1s,1,4800,2025-11-13 10:40:01,25319.25,25321.5,25316.75,25321.5,199,4.75,2.25,0,2.5,1,,,,
MNQ DEC25,1s,1,4801,2025-11-13 10:40:02,25321.75,25321.75,25319.5,25320,109,2.25,1.75,0,0.5,-1,,,,
MNQ DEC25,1s,1,4802,2025-11-13 10:40:03,25320,25320,25318.25,25319.5,42,1.75,0.5,0,1.25,-1,,,,
MNQ DEC25,1s,1,4803,2025-11-13 10:40:04,25319.25,25320.5,25318.5,25320.25,80,2,1,0.25,0.75,1,,,,
MNQ DEC25,1s,1,4804,2025-11-13 10:40:05,25319.75,25321.25,25318.25,25319.75,75,3,0,1.5,1.5,0,,,,
MNQ DEC25,1s,1,4805,2025-11-13 10:40:06,25319.25,25319.5,25317.5,25317.75,86,2,1.5,0.25,0.25,-1,,,,
MNQ DEC25,1s,1,4806,2025-11-13 10:40:07,25317.5,25317.5,25314.5,25315.25,221,3,2.25,0,0.75,-1,,,,
MNQ DEC25,1s,1,4807,2025-11-13 10:40:08,25315.5,25316,25313.25,25313.75,184,2.75,1.75,0.5,0.5,-1,,,,
MNQ DEC25,1s,1,4808,2025-11-13 10:40:09,25313.5,25314.25,25311,25311,186,3.25,2.5,0.75,0,-1,,,,
MNQ DEC25,1s,1,4809,2025-11-13 10:40:10,25311.75,25312.75,25310,25312.25,148,2.75,0.5,0.5,1.75,1,,,,
MNQ DEC25,10s,10,5880,2025-11-13 10:40:10,25319.25,25321.75,25310,25312.25,1330,11.75,7,2.5,2.25,-1,-102.75,-8.7,-45.6,13.32
MNQ DEC25,1s,1,4810,2025-11-13 10:40:11,25312.5,25313.25,25309.5,25311.25,139,3.75,1.25,0.75,1.75,-1,,,,
MNQ DEC25,1s,1,4811,2025-11-13 10:40:12,25310.5,25312.25,25309.5,25312.25,102,2.75,1.75,0,1,1,,,,
MNQ DEC25,1s,1,4812,2025-11-13 10:40:13,25312,25312.75,25308.75,25309.5,91,4,2.5,0.75,0.75,-1,,,,
MNQ DEC25,1s,1,4813,2025-11-13 10:40:14,25310,25310,25307,25308.75,169,3,1.25,0,1.75,-1,,,,
MNQ DEC25,1s,1,4814,2025-11-13 10:40:15,25308.5,25312.25,25308,25310.75,150,4.25,2.25,1.5,0.5,1,,,,
MNQ DEC25,1s,1,4815,2025-11-13 10:40:16,25310.75,25312,25309.5,25312,64,2.5,1.25,0,1.25,1,,,,
MNQ DEC25,1s,1,4816,2025-11-13 10:40:17,25311.5,25312.25,25309.5,25309.5,95,2.75,2,0.75,0,-1,,,,
MNQ DEC25,1s,1,4817,2025-11-13 10:40:18,25309,25312,25308.75,25310.75,70,3.25,1.75,1.25,0.25,1,,,,
MNQ DEC25,1s,1,4818,2025-11-13 10:40:19,25310.75,25311.75,25309,25309,51,2.75,1.75,1,0,-1,,,,
MNQ DEC25,1s,1,4819,2025-11-13 10:40:20,25309,25313.75,25309,25313,140,4.75,4,0.75,0,1,,,,
MNQ DEC25,10s,10,5881,2025-11-13 10:40:20,25312.5,25313.75,25307,25313,1071,6.75,0.5,0.75,5.5,1,-129.1,-26.35,-77.85,-7.28
MNQ DEC25,20s,20,5940,2025-11-13 10:40:20,25319.25,25321.75,25307,25313,2401,14.75,6.25,2.5,6,-1,-222.7,111.3,-151.88333333,-135.39
MNQ DEC25,1s,1,4820,2025-11-13 10:40:21,25312.75,25315.5,25312.5,25315.25,147,3,2.5,0.25,0.25,1,,,,
MNQ DEC25,1s,1,4821,2025-11-13 10:40:22,25315.75,25318.25,25314.75,25316,159,3.5,0.25,2.25,1,1,,,,
MNQ DEC25,1s,1,4822,2025-11-13 10:40:23,25316.25,25317.75,25315.5,25316.5,75,2.25,0.25,1.25,0.75,1,,,,
MNQ DEC25,1s,1,4823,2025-11-13 10:40:24,25316.5,25317.5,25312.75,25312.75,48,4.75,3.75,1,0,-1,,,,
MNQ DEC25,1s,1,4824,2025-11-13 10:40:25,25313,25317,25313,25317,51,4,4,0,0,1,,,,
MNQ DEC25,1s,1,4825,2025-11-13 10:40:26,25317.5,25317.5,25314.5,25317,94,3,0.5,0,2.5,-1,,,,
MNQ DEC25,1s,1,4826,2025-11-13 10:40:27,25316.5,25317.5,25316,25316.25,57,1.5,0.25,1,0.25,-1,,,,
MNQ DEC25,1s,1,4827,2025-11-13 10:40:28,25315.75,25318.75,25315.5,25318.25,74,3.25,2.5,0.5,0.25,1,,,,
MNQ DEC25,1s,1,4828,2025-11-13 10:40:29,25317.75,25318.75,25316,25317.75,55,2.75,0,1,1.75,0,,,,
MNQ DEC25,1s,1,4829,2025-11-13 10:40:30,25318,25318.5,25316.75,25316.75,43,1.75,1.25,0.5,0,-1,,,,
MNQ DEC25,10s,10,5882,2025-11-13 10:40:30,25312.75,25318.75,25312.5,25316.75,803,6.25,4,2,0.25,1,-287.9,-158.8,-64.61666667,-64.39
MNQ DEC25,1s,1,4830,2025-11-13 10:40:31,25316.5,25320,25316.25,25318.25,157,3.75,1.75,1.75,0.25,1,,,,
MNQ DEC25,1s,1,4831,2025-11-13 10:40:32,25317.75,25318.5,25316.75,25318.5,31,1.75,0.75,0,1,1,,,,
MNQ DEC25,1s,1,4832,2025-11-13 10:40:33,25318,25318,25316.25,25317,23,1.75,1,0,0.75,-1,,,,
MNQ DEC25,1s,1,4833,2025-11-13 10:40:34,25317.5,25317.5,25312.75,25313.5,171,4.75,4,0,0.75,-1,,,,
MNQ DEC25,1s,1,4834,2025-11-13 10:40:35,25313.75,25314.75,25312,25313.25,51,2.75,0.5,1,1.25,-1,,,,
MNQ DEC25,1s,1,4835,2025-11-13 10:40:36,25314,25314.75,25313,25313.25,25,1.75,0.75,0.75,0.25,-1,,,,
MNQ DEC25,1s,1,4836,2025-11-13 10:40:37,25313,25314.5,25312.5,25314.25,38,2,1.25,0.25,0.5,1,,,,
MNQ DEC25,1s,1,4837,2025-11-13 10:40:38,25314.75,25318.5,25314.25,25317.5,71,4.25,2.75,1,0.5,1,,,,
MNQ DEC25,1s,1,4838,2025-11-13 10:40:39,25317,25317,25315.5,25316,28,1.5,1,0,0.5,-1,,,,
MNQ DEC25,1s,1,4839,2025-11-13 10:40:40,25316.25,25316.75,25315.5,25316.75,28,1.25,0.5,0,0.75,1,,,,
MNQ DEC25,10s,10,5883,2025-11-13 10:40:40,25316.5,25320,25312,25316.75,623,8,0.25,3.25,4.5,1,-360.8,-72.9,-86.01666667,-93.05
MNQ DEC25,20s,20,5941,2025-11-13 10:40:40,25312.75,25320,25312,25316.75,1426,8,4,3.25,0.75,1,-263,-40.3,-100.15,-146.78
MNQ DEC25,1s,1,4840,2025-11-13 10:40:41,25317.5,25318.5,25316.75,25317.25,24,1.75,0.25,1,0.5,-1,,,,
MNQ DEC25,1s,1,4841,2025-11-13 10:40:42,25316.75,25319.75,25316,25318.75,83,3.75,2,1,0.75,1,,,,
MNQ DEC25,1s,1,4842,2025-11-13 10:40:43,25319,25320,25318.25,25318.25,55,1.75,0.75,1,0,-1,,,,
MNQ DEC25,1s,1,4843,2025-11-13 10:40:44,25318.5,25320.25,25318,25320.25,38,2.25,1.75,0,0.5,1,,,,
MNQ DEC25,1s,1,4844,2025-11-13 10:40:45,25320.25,25323.75,25320.25,25323.5,206,3.5,3.25,0.25,0,1,,,,
MNQ DEC25,1s,1,4845,2025-11-13 10:40:46,25323.5,25324.5,25323,25323.5,183,1.5,0,1,0.5,0,,,,
MNQ DEC25,1s,1,4846,2025-11-13 10:40:47,25323.75,25325,25322,25324,98,3,0.25,1,1.75,1,,,,
MNQ DEC25,1s,1,4847,2025-11-13 10:40:48,25324,25327.25,25323,25326.75,89,4.25,2.75,0.5,1,1,,,,
MNQ DEC25,1s,1,4848,2025-11-13 10:40:49,25326.25,25330.25,25326.25,25328.5,196,4,2.25,1.75,0,1,,,,
MNQ DEC25,1s,1,4849,2025-11-13 10:40:50,25328.75,25328.75,25326.75,25327.75,165,2,1,0,1,-1,,,,
MNQ DEC25,10s,10,5884,2025-11-13 10:40:50,25317.5,25330.25,25316,25327.75,1137,14.25,10.25,2.5,1.5,1,-289.2,71.6,-53.36666667,-39.03
MNQ DEC25,1s,1,4850,2025-11-13 10:40:51,25328,25329.75,25327,25329.5,190,2.75,1.5,0.25,1,1,,,,
MNQ DEC25,1s,1,4851,2025-11-13 10:40:52,25329.5,25331.5,25328.5,25330.5,146,3,1,1,1,1,,,,
MNQ DEC25,1s,1,4852,2025-11-13 10:40:53,25330.5,25331.25,25328,25328.75,138,3.25,1.75,0.75,0.75,-1,,,,
MNQ DEC25,1s,1,4853,2025-11-13 10:40:54,25328.75,25330.25,25328.5,25328.75,88,1.75,0,1.5,0.25,0,,,,
MNQ DEC25,1s,1,4854,2025-11-13 10:40:55,25328.25,25328.25,25325,25325.75,156,3.25,2.5,0,0.75,-1,,,,
MNQ DEC25,1s,1,4855,2025-11-13 10:40:56,25325.75,25327,25324,25326.75,92,3,1,0.25,1.75,1,,,,
MNQ DEC25,1s,1,4856,2025-11-13 10:40:57,25326.75,25330.25,25326.75,25330,105,3.5,3.25,0.25,0,1,,,,
MNQ DEC25,1s,1,4857,2025-11-13 10:40:58,25329.75,25331.25,25329.75,25330.5,71,1.5,0.75,0.75,0,1,,,,
MNQ DEC25,1s,1,4858,2025-11-13 10:40:59,25329.5,25332.75,25329.5,25332,156,3.25,2.5,0.75,0,1,,,,
MNQ DEC25,1s,1,4859,2025-11-13 10:41:00,25331.5,25332,25329.5,25330.5,119,2.5,1,0.5,1,-1,,,,
MNQ DEC25,10s,10,5885,2025-11-13 10:41:00,25328,25332.75,25324,25330.5,1261,8.75,2.5,2.25,4,1,-213.7,75.5,24.73333333,-22.19
MNQ DEC25,20s,20,5942,2025-11-13 10:41:00,25317.5,25332.75,25316,25330.5,2398,16.75,13,2.25,1.5,1,-303.55,-40.55,10.15,-107.3
MNQ DEC25,1s,1,4860,2025-11-13 10:41:01,25330.25,25332.5,25329.5,25330,112,3,0.25,2.25,0.5,-1,,,,
MNQ DEC25,1s,1,4861,2025-11-13 10:41:02,25331.5,25333.75,25330.25,25333.25,130,3.5,1.75,0.5,1.25,1,,,,
MNQ DEC25,1s,1,4862,2025-11-13 10:41:03,25332.75,25335.75,25332.5,25333.75,236,3.25,1,2,0.25,1,,,,
MNQ DEC25,1s,1,4863,2025-11-13 10:41:04,25334,25334.5,25330.75,25331,141,3.75,3,0.5,0.25,-1,,,,
MNQ DEC25,1s,1,4864,2025-11-13 10:41:05,25330,25330.25,25327,25328.75,156,3.25,1.25,0.25,1.75,-1,,,,
MNQ DEC25,1s,1,4865,2025-11-13 10:41:06,25329,25329.25,25325.25,25325.25,92,4,3.75,0.25,0,-1,,,,
MNQ DEC25,1s,1,4866,2025-11-13 10:41:07,25325.25,25328.25,25325.25,25327.5,79,3,2.25,0.75,0,1,,,,
MNQ DEC25,1s,1,4867,2025-11-13 10:41:08,25327,25328.5,25325.5,25328.5,124,3,1.5,0,1.5,1,,,,
MNQ DEC25,1s,1,4868,2025-11-13 10:41:09,25328.25,25328.75,25326.5,25327.25,46,2.25,1,0.5,0.75,-1,,,,
MNQ DEC25,1s,1,4869,2025-11-13 10:41:10,25326.25,25326.5,25323.5,25323.5,108,3,2.75,0.25,0,-1,,,,
MNQ DEC25,10s,10,5886,2025-11-13 10:41:10,25330.25,25335.75,25323.5,25323.5,1224,12.25,6.75,5.5,0,-1,-132.3,81.4,76.16666667,-0.64
MNQ DEC25,1s,1,4870,2025-11-13 10:41:11,25323.75,25324.5,25322.25,25322.5,122,2.25,1.25,0.75,0.25,-1,,,,
MNQ DEC25,1s,1,4871,2025-11-13 10:41:12,25322.25,25322.25,25316.5,25318.5,260,5.75,3.75,0,2,-1,,,,
MNQ DEC25,1s,1,4872,2025-11-13 10:41:13,25318.75,25320,25317.5,25319,87,2.5,0.25,1,1.25,1,,,,
MNQ DEC25,1s,1,4873,2025-11-13 10:41:14,25319,25321,25317,25317,123,4,2,2,0,-1,,,,
MNQ DEC25,1s,1,4874,2025-11-13 10:41:15,25316.75,25318.25,25316.75,25317.5,58,1.5,0.75,0.75,0,1,,,,
MNQ DEC25,1s,1,4875,2025-11-13 10:41:16,25317.75,25318.25,25316.75,25316.75,62,1.5,1,0.5,0,-1,,,,
MNQ DEC25,1s,1,4876,2025-11-13 10:41:17,25316.5,25317.5,25315,25315.5,143,2.5,1,1,0.5,-1,,,,
MNQ DEC25,1s,1,4877,2025-11-13 10:41:18,25315.75,25317.25,25315.25,25316.25,44,2,0.5,1,0.5,1,,,,
MNQ DEC25,1s,1,4878,2025-11-13 10:41:19,25316,25317,25313,25313,89,4,3,1,0,-1,,,,
MNQ DEC25,1s,1,4879,2025-11-13 10:41:20,25313.5,25316,25313.25,25314.25,97,2.75,0.75,1.75,0.25,1,,,,
MNQ DEC25,10s,10,5887,2025-11-13 10:41:20,25323.75,25324.5,25313,25314.25,1085,11.5,9.5,0.75,1.25,-1,-68.7,63.6,73.5,43.84
MNQ DEC25,20s,20,5943,2025-11-13 10:41:20,25330.25,25335.75,25313,25314.25,2309,22.75,16,5.5,1.25,-1,-313,-9.45,-30.1,-70.09
MNQ DEC25,1s,1,4880,2025-11-13 10:41:21,25314.75,25314.75,25313.25,25313.75,61,1.5,1,0,0.5,-1,,,,
MNQ DEC25,1s,1,4881,2025-11-13 10:41:22,25314,25314,25310.75,25312.25,144,3.25,1.75,0,1.5,-1,,,,
MNQ DEC25,1s,1,4882,2025-11-13 10:41:23,25311.75,25312.75,25309.75,25310.25,176,3,1.5,1,0.5,-1,,,,
MNQ DEC25,1s,1,4883,2025-11-13 10:41:24,25310,25310.25,25307,25308.75,177,3.25,1.25,0.25,1.75,-1,,,,
MNQ DEC25,1s,1,4884,2025-11-13 10:41:25,25308.25,25309.5,25306.25,25309,91,3.25,0.75,0.5,2,1,,,,
MNQ DEC25,1s,1,4885,2025-11-13 10:41:26,25309.5,25309.75,25307.75,25307.75,141,2,1.75,0.25,0,-1,,,,
MNQ DEC25,1s,1,4886,2025-11-13 10:41:27,25306.75,25307.75,25306.25,25306.75,59,1.5,0,1,0.5,0,,,,
MNQ DEC25,1s,1,4887,2025-11-13 10:41:28,25307,25308,25306.25,25307.5,74,1.75,0.5,0.5,0.75,1,,,,
MNQ DEC25,1s,1,4888,2025-11-13 10:41:29,25307.5,25309.5,25307.5,25308.25,111,2,0.75,1.25,0,1,,,,
MNQ DEC25,1s,1,4889,2025-11-13 10:41:30,25308,25309.25,25307.5,25308.25,65,1.75,0.25,1,0.5,1,,,,
MNQ DEC25,10s,10,5888,2025-11-13 10:41:30,25314.75,25314.75,25306.25,25308.25,1099,8.5,6.5,0,2,-1,93.95,162.65,102.55,90.95
MNQ DEC25,1s,1,4890,2025-11-13 10:41:31,25308.75,25311,25308,25310.5,88,3,1.75,0.5,0.75,1,,,,
MNQ DEC25,1s,1,4891,2025-11-13 10:41:32,25311.25,25313.75,25311.25,25313.75,97,2.5,2.5,0,0,1,,,,
MNQ DEC25,1s,1,4892,2025-11-13 10:41:33,25314,25317.25,25313.75,25316.25,129,3.5,2.25,1,0.25,1,,,,
MNQ DEC25,1s,1,4893,2025-11-13 10:41:34,25316.75,25317.25,25313.75,25313.75,128,3.5,3,0.5,0,-1,,,,
MNQ DEC25,1s,1,4894,2025-11-13 10:41:35,25313.75,25316.5,25313.75,25316,73,2.75,2.25,0.5,0,1,,,,
MNQ DEC25,1s,1,4895,2025-11-13 10:41:36,25315,25315.5,25312.75,25313,68,2.75,2,0.5,0.25,-1,,,,
MNQ DEC25,1s,1,4896,2025-11-13 10:41:37,25313.5,25313.5,25311.5,25311.75,23,2,1.75,0,0.25,-1,,,,
MNQ DEC25,1s,1,4897,2025-11-13 10:41:38,25311.5,25314.5,25311.5,25314.25,52,3,2.75,0.25,0,1,,,,
MNQ DEC25,1s,1,4898,2025-11-13 10:41:39,25314,25315.5,25313.25,25314.5,24,2.25,0.5,1,0.75,1,,,,
MNQ DEC25,1s,1,4899,2025-11-13 10:41:40,25314.5,25315,25312.75,25313.75,56,2.25,0.75,0.5,1,-1,,,,
MNQ DEC25,10s,10,5889,2025-11-13 10:41:40,25308.75,25317.25,25308,25313.75,738,9.25,5,3.5,0.75,1,29.75,-64.2,54.01666667,63.79
MNQ DEC25,20s,20,5944,2025-11-13 10:41:40,25314.75,25317.25,25306.25,25313.75,1837,11,1,2.5,7.5,-1,-228.6,84.4,11.46666667,21.08
MNQ DEC25,1s,1,4900,2025-11-13 10:41:41,25313,25313.5,25309.25,25311.75,51,4.25,1.25,0.5,2.5,-1,,,,
MNQ DEC25,1s,1,4901,2025-11-13 10:41:42,25311.75,25312.25,25309.25,25309.25,47,3,2.5,0.5,0,-1,,,,
MNQ DEC25,1s,1,4902,2025-11-13 10:41:43,25310.25,25310.75,25309,25310.25,41,1.75,0,0.5,1.25,0,,,,
MNQ DEC25,1s,1,4903,2025-11-13 10:41:44,25310,25310.75,25308.5,25309,42,2.25,1,0.75,0.5,-1,,,,
MNQ DEC25,1s,1,4904,2025-11-13 10:41:45,25308.5,25309.5,25307.25,25308.5,32,2.25,0,1,1.25,0,,,,
MNQ DEC25,1s,1,4905,2025-11-13 10:41:46,25307.5,25308.75,25305.5,25306,102,3.25,1.5,1.25,0.5,-1,,,,
MNQ DEC25,1s,1,4906,2025-11-13 10:41:47,25306.5,25307,25303,25303.5,189,4,3,0.5,0.5,-1,,,,
MNQ DEC25,1s,1,4907,2025-11-13 10:41:48,25303.25,25306,25302.25,25305.5,219,3.75,2.25,0.5,1,1,,,,
MNQ DEC25,1s,1,4908,2025-11-13 10:41:49,25305,25307,25304.5,25307,102,2.5,2,0,0.5,1,,,,
MNQ DEC25,1s,1,4909,2025-11-13 10:41:50,25307.25,25307.25,25305.25,25305.5,66,2,1.75,0,0.25,-1,,,,
MNQ DEC25,10s,10,5890,2025-11-13 10:41:50,25313,25313.5,25302.25,25305.5,891,11.25,7.5,0.5,3.25,-1,-43.8,-73.55,8.3,33.98
MNQ DEC25,1s,1,4910,2025-11-13 10:41:51,25306,25308,25306,25307.5,76,2,1.5,0.5,0,1,,,,
MNQ DEC25,1s,1,4911,2025-11-13 10:41:52,25307,25312.75,25307,25310.75,110,5.75,3.75,2,0,1,,,,
MNQ DEC25,1s,1,4912,2025-11-13 10:41:53,25310.25,25312.5,25310.25,25312.5,53,2.25,2.25,0,0,1,,,,
MNQ DEC25,1s,1,4913,2025-11-13 10:41:54,25312.5,25312.5,25309.25,25310,82,3.25,2.5,0,0.75,-1,,,,
MNQ DEC25,1s,1,4914,2025-11-13 10:41:55,25310.25,25311.25,25309.5,25310.25,51,1.75,0,1,0.75,0,,,,
MNQ DEC25,1s,1,4915,2025-11-13 10:41:56,25310.25,25313,25310.25,25313,51,2.75,2.75,0,0,1,,,,
MNQ DEC25,1s,1,4916,2025-11-13 10:41:57,25312,25312.25,25309.25,25310,31,3,2,0.25,0.75,-1,,,,
MNQ DEC25,1s,1,4917,2025-11-13 10:41:58,25310,25313.25,25310,25312.5,64,3.25,2.5,0.75,0,1,,,,
MNQ DEC25,1s,1,4918,2025-11-13 10:41:59,25313,25313.5,25312.25,25312.75,44,1.25,0.25,0.5,0.5,-1,,,,
MNQ DEC25,1s,1,4919,2025-11-13 10:42:00,25312,25312,25310,25310.75,59,2,1.25,0,0.75,-1,,,,
MNQ DEC25,10s,10,5891,2025-11-13 10:42:00,25306,25313.5,25306,25310.75,621,7.5,4.75,2.75,0,1,-156.4,-112.6,-83.45,-4.82
MNQ DEC25,20s,20,5945,2025-11-13 10:42:00,25313,25313.5,25302.25,25310.75,1512,11.25,2.25,0.5,8.5,-1,-309.35,-80.75,-1.93333333,-17.33
MNQ DEC25,1s,1,4920,2025-11-13 10:42:01,25310.75,25312,25309.25,25310.75,128,2.75,0,1.25,1.5,0,,,,
MNQ DEC25,1s,1,4921,2025-11-13 10:42:02,25311,25312.5,25310.5,25311.25,46,2,0.25,1.25,0.5,1,,,,
MNQ DEC25,1s,1,4922,2025-11-13 10:42:03,25311.25,25312.5,25310,25311.25,40,2.5,0,1.25,1.25,0,,,,
MNQ DEC25,1s,1,4923,2025-11-13 10:42:04,25311.75,25313.25,25311.75,25312.25,25,1.5,0.5,1,0,1,,,,
MNQ DEC25,1s,1,4924,2025-11-13 10:42:05,25312,25312.5,25310.5,25312.5,69,2,0.5,0,1.5,1,,,,
MNQ DEC25,1s,1,4925,2025-11-13 10:42:06,25312.25,25312.75,25311,25312.75,28,1.75,0.5,0,1.25,1,,,,
MNQ DEC25,1s,1,4926,2025-11-13 10:42:07,25311.5,25315.75,25311.5,25314.25,120,4.25,2.75,1.5,0,1,,,,
MNQ DEC25,1s,1,4927,2025-11-13 10:42:08,25313.75,25313.75,25308.25,25309,221,5.5,4.75,0,0.75,-1,,,,
MNQ DEC25,1s,1,4928,2025-11-13 10:42:09,25308.75,25310.75,25307.5,25310.25,104,3.25,1.5,0.5,1.25,1,,,,
MNQ DEC25,1s,1,4929,2025-11-13 10:42:10,25310.5,25311,25309.75,25309.75,56,1.25,0.75,0.5,0,-1,,,,
MNQ DEC25,10s,10,5892,2025-11-13 10:42:10,25310.75,25315.75,25307.5,25309.75,837,8.25,1,5,2.25,-1,-204.2,-47.8,-77.98333333,-27.1
MNQ DEC25,1s,1,4930,2025-11-13 10:42:11,25310.25,25311.25,25309.5,25311.25,100,1.75,1,0,0.75,1,,,,
MNQ DEC25,1s,1,4931,2025-11-13 10:42:12,25312,25312.25,25309,25311,48,3.25,1,0.25,2,-1,,,,
MNQ DEC25,1s,1,4932,2025-11-13 10:42:13,25310.75,25312.25,25310,25311.25,73,2.25,0.5,1,0.75,1,,,,
MNQ DEC25,1s,1,4933,2025-11-13 10:42:14,25310.5,25311,25309.75,25310,30,1.25,0.5,0.5,0.25,-1,,,,
MNQ DEC25,1s,1,4934,2025-11-13 10:42:15,25310.75,25314.75,25310.75,25314.25,62,4,3.5,0.5,0,1,,,,
MNQ DEC25,1s,1,4935,2025-11-13 10:42:16,25313.75,25315,25313.25,25314,35,1.75,0.25,1,0.5,1,,,,
MNQ DEC25,1s,1,4936,2025-11-13 10:42:17,25313,25316.25,25312,25315,103,4.25,2,1.25,1,1,,,,
MNQ DEC25,1s,1,4937,2025-11-13 10:42:18,25314.75,25316.75,25313.5,25315.25,83,3.25,0.5,1.5,1.25,1,,,,
MNQ DEC25,1s,1,4938,2025-11-13 10:42:19,25315,25316,25314.5,25315,68,1.5,0,1,0.5,0,,,,
MNQ DEC25,1s,1,4939,2025-11-13 10:42:20,25314.75,25314.75,25313,25313.25,22,1.75,1.5,0,0.25,-1,,,,
MNQ DEC25,10s,10,5893,2025-11-13 10:42:20,25310.25,25316.75,25309,25313.25,624,7.75,3,3.5,1.25,1,-296,-91.8,-84.06666667,-77.99
MNQ DEC25,20s,20,5946,2025-11-13 10:42:20,25310.75,25316.75,25307.5,25313.25,1461,9.25,2.5,3.5,3.25,1,-293.65,15.7,6.45,-6.13
MNQ DEC25,1s,1,4940,2025-11-13 10:42:21,25313,25314,25311.75,25313.75,50,2.25,0.75,0.25,1.25,1,,,,
MNQ DEC25,1s,1,4941,2025-11-13 10:42:22,25314.25,25317.25,25314,25317,93,3.25,2.75,0.25,0.25,1,,,,
MNQ DEC25,1s,1,4942,2025-11-13 10:42:23,25317,25319.25,25316.5,25317.75,96,2.75,0.75,1.5,0.5,1,,,,
MNQ DEC25,1s,1,4943,2025-11-13 10:42:24,25318.25,25321,25318.25,25320.75,98,2.75,2.5,0.25,0,1,,,,
MNQ DEC25,1s,1,4944,2025-11-13 10:42:25,25320.75,25320.75,25317,25317.75,96,3.75,3,0,0.75,-1,,,,
MNQ DEC25,1s,1,4945,2025-11-13 10:42:26,25317.5,25319,25315.75,25319,72,3.25,1.5,0,1.75,1,,,,
MNQ DEC25,1s,1,4946,2025-11-13 10:42:27,25319,25319.5,25317,25318.5,70,2.5,0.5,0.5,1.5,-1,,,,
MNQ DEC25,1s,1,4947,2025-11-13 10:42:28,25317.75,25317.75,25316,25316.25,47,1.75,1.5,0,0.25,-1,,,,
MNQ DEC25,1s,1,4948,2025-11-13 10:42:29,25316.5,25316.5,25314,25316.5,101,2.5,0,0,2.5,0,,,,
MNQ DEC25,1s,1,4949,2025-11-13 10:42:30,25315.75,25316,25313.75,25314,35,2.25,1.75,0.25,0.25,-1,,,,
MNQ DEC25,10s,10,5894,2025-11-13 10:42:30,25313,25321,25311.75,25314,758,9.25,1,7,1.25,1,-244.85,51.15,-29.48333333,-54.92
MNQ DEC25,1s,1,4950,2025-11-13 10:42:31,25313.75,25314.75,25312,25314.75,98,2.75,1,0,1.75,1,,,,
MNQ DEC25,1s,1,4951,2025-11-13 10:42:32,25315,25315.25,25312.25,25312.5,75,3,2.5,0.25,0.25,-1,,,,
MNQ DEC25,1s,1,4952,2025-11-13 10:42:33,25311.75,25313.5,25310.5,25313,143,3,1.25,0.5,1.25,1,,,,
MNQ DEC25,1s,1,4953,2025-11-13 10:42:34,25313.75,25314.25,25311.5,25311.75,68,2.75,2,0.5,0.25,-1,,,,
MNQ DEC25,1s,1,4954,2025-11-13 10:42:35,25311.5,25311.75,25305.5,25305.75,198,6.25,5.75,0.25,0.25,-1,,,,
MNQ DEC25,1s,1,4955,2025-11-13 10:42:36,25305.75,25306.5,25305.25,25305.75,81,1.25,0,0.75,0.5,0,,,,
MNQ DEC25,1s,1,4956,2025-11-13 10:42:37,25305.75,25307.5,25305.5,25306.75,85,2,1,0.75,0.25,1,,,,
MNQ DEC25,1s,1,4957,2025-11-13 10:42:38,25306.5,25307.75,25306.5,25307,86,1.25,0.5,0.75,0,1,,,,
MNQ DEC25,1s,1,4958,2025-11-13 10:42:39,25307.5,25308.5,25306.25,25306.75,48,2.25,0.75,1,0.5,-1,,,,
MNQ DEC25,1s,1,4959,2025-11-13 10:42:40,25306.5,25307.25,25303,25303.75,130,4.25,2.75,0.75,0.75,-1,,,,
MNQ DEC25,10s,10,5895,2025-11-13 10:42:40,25313.75,25315.25,25303,25303.75,1012,12.25,10,1.5,0.75,-1,-209.4,35.45,-1.73333333,-33.12
MNQ DEC25,20s,20,5947,2025-11-13 10:42:40,25313,25321,25303,25303.75,1770,18,9.25,8,0.75,-1,-427.35,-133.7,-66.25,-24.76
MNQ DEC25,1s,1,4960,2025-11-13 10:42:41,25303.5,25303.5,25300,25301.25,309,3.5,2.25,0,1.25,-1,,,,
MNQ DEC25,1s,1,4961,2025-11-13 10:42:42,25300.75,25303.25,25300,25302.5,155,3.25,1.75,0.75,0.75,1,,,,
MNQ DEC25,1s,1,4962,2025-11-13 10:42:43,25302.75,25303,25300.75,25301.75,62,2.25,1,0.25,1,-1,,,,
MNQ DEC25,1s,1,4963,2025-11-13 10:42:44,25301.5,25303,25301,25302,93,2,0.5,1,0.5,1,,,,
MNQ DEC25,1s,1,4964,2025-11-13 10:42:45,25302.25,25304.25,25302,25303.25,51,2.25,1,1,0.25,1,,,,
MNQ DEC25,1s,1,4965,2025-11-13 10:42:46,25303.5,25307.5,25302.5,25307,95,5,3.5,0.5,1,1,,,,
MNQ DEC25,1s,1,4966,2025-11-13 10:42:47,25307.25,25307.5,25306,25307,59,1.5,0.25,0.25,1,-1,,,,
MNQ DEC25,1s,1,4967,2025-11-13 10:42:48,25306.25,25306.75,25305.25,25306.25,36,1.5,0,0.5,1,0,,,,
MNQ DEC25,1s,1,4968,2025-11-13 10:42:49,25306.5,25306.75,25304.25,25304.75,40,2.5,1.75,0.25,0.5,-1,,,,
MNQ DEC25,1s,1,4969,2025-11-13 10:42:50,25305,25306.25,25304.75,25305.25,29,1.5,0.25,1,0.25,1,,,,
MNQ DEC25,10s,10,5896,2025-11-13 10:42:50,25303.5,25307.5,25300,25305.25,929,7.5,1.75,2.25,3.5,1,-135.05,74.35,53.65,4.27
MNQ DEC25,1s,1,4970,2025-11-13 10:42:51,25305.5,25305.5,25301.25,25301.25,48,4.25,4.25,0,0,-1,,,,
MNQ DEC25,1s,1,4971,2025-11-13 10:42:52,25301.75,25302.75,25300,25300.5,98,2.75,1.25,1,0.5,-1,,,,
MNQ DEC25,1s,1,4972,2025-11-13 10:42:53,25301,25301.5,25298.75,25299.5,160,2.75,1.5,0.5,0.75,-1,,,,
MNQ DEC25,1s,1,4973,2025-11-13 10:42:54,25299.5,25301,25299,25300.5,99,2,1,0.5,0.5,1,,,,
MNQ DEC25,1s,1,4974,2025-11-13 10:42:55,25300.25,25302,25300.25,25300.75,69,1.75,0.5,1.25,0,1,,,,
MNQ DEC25,1s,1,4975,2025-11-13 10:42:56,25300.25,25301,25298,25300,139,3,0.25,0.75,2,-1,,,,
MNQ DEC25,1s,1,4976,2025-11-13 10:42:57,25299.75,25300,25297,25298.75,108,3,1,0.25,1.75,-1,,,,
MNQ DEC25,1s,1,4977,2025-11-13 10:42:58,25298.75,25299.5,25298.25,25298.5,68,1.25,0.25,0.75,0.25,-1,,,,
MNQ DEC25,1s,1,4978,2025-11-13 10:42:59,25298,25300,25298,25300,61,2,2,0,0,1,,,,
MNQ DEC25,1s,1,4979,2025-11-13 10:43:00,25300,25301,25299.25,25299.75,60,1.75,0.25,1,0.5,-1,,,,
MNQ DEC25,10s,10,5897,2025-11-13 10:43:00,25305.5,25305.5,25297,25299.75,910,8.5,5.75,0,2.75,-1,-83.35,51.7,53.83333333,24.17
MNQ DEC25,20s,20,5948,2025-11-13 10:43:00,25303.5,25307.5,25297,25299.75,1839,10.5,3.75,4,2.75,-1,-504.5,-77.15,-65.05,-38.3
MNQ DEC25,1s,1,4980,2025-11-13 10:43:01,25299.5,25305.5,25299.5,25303,195,6,3.5,2.5,0,1,,,,
MNQ DEC25,1s,1,4981,2025-11-13 10:43:02,25303.5,25304.5,25302.25,25302.25,49,2.25,1.25,1,0,-1,,,,
MNQ DEC25,1s,1,4982,2025-11-13 10:43:03,25302.75,25303.5,25302,25302.75,47,1.5,0,0.75,0.75,0,,,,
MNQ DEC25,1s,1,4983,2025-11-13 10:43:04,25302.5,25303.25,25302,25302.75,41,1.25,0.25,0.5,0.5,1,,,,
MNQ DEC25,1s,1,4984,2025-11-13 10:43:05,25302,25302.25,25301,25302.25,28,1.25,0.25,0,1,1,,,,
MNQ DEC25,1s,1,4985,2025-11-13 10:43:06,25302.5,25302.5,25298.75,25298.75,82,3.75,3.75,0,0,-1,,,,
MNQ DEC25,1s,1,4986,2025-11-13 10:43:07,25299.75,25300.25,25298.25,25298.75,93,2,1,0.5,0.5,-1,,,,
MNQ DEC25,1s,1,4987,2025-11-13 10:43:08,25299,25300,25297.25,25297.5,74,2.75,1.5,1,0.25,-1,,,,
MNQ DEC25,1s,1,4988,2025-11-13 10:43:09,25297.75,25297.75,25294.75,25296,234,3,1.75,0,1.25,-1,,,,
MNQ DEC25,1s,1,4989,2025-11-13 10:43:10,25296,25296.25,25292.25,25292.75,301,4,3.25,0.25,0.5,-1,,,,
MNQ DEC25,10s,10,5898,2025-11-13 10:43:10,25299.5,25305.5,25292.25,25292.75,1144,13.25,6.75,6,0.5,-1,11.9,95.25,73.76666667,61.58
MNQ DEC25,1s,1,4990,2025-11-13 10:43:11,25292.5,25293.75,25291.25,25293,177,2.5,0.5,0.75,1.25,1,,,,
MNQ DEC25,1s,1,4991,2025-11-13 10:43:12,25293,25294.5,25292,25293.75,113,2.5,0.75,0.75,1,1,,,,
MNQ DEC25,1s,1,4992,2025-11-13 10:43:13,25293.75,25296.5,25293.25,25295.75,107,3.25,2,0.75,0.5,1,,,,
MNQ DEC25,1s,1,4993,2025-11-13 10:43:14,25295.75,25296.25,25293.75,25296,83,2.5,0.25,0.25,2,1,,,,
MNQ DEC25,1s,1,4994,2025-11-13 10:43:15,25295.75,25296,25293.75,25294.25,103,2.25,1.5,0.25,0.5,-1,,,,
MNQ DEC25,1s,1,4995,2025-11-13 10:43:16,25294.75,25295.5,25294,25295,45,1.5,0.25,0.5,0.75,1,,,,
MNQ DEC25,1s,1,4996,2025-11-13 10:43:17,25294.5,25295.75,25293.5,25294,64,2.25,0.5,1.25,0.5,-1,,,,
MNQ DEC25,1s,1,4997,2025-11-13 10:43:18,25293.75,25296,25293.5,25294.75,69,2.5,1,1.25,0.25,1,,,,
MNQ DEC25,1s,1,4998,2025-11-13 10:43:19,25295.25,25299.75,25295.25,25299.25,133,4.5,4,0.5,0,1,,,,
MNQ DEC25,1s,1,4999,2025-11-13 10:43:20,25299.5,25299.5,25298.25,25299.25,115,1.25,0.25,0,1,-1,,,,
MNQ DEC25,10s,10,5899,2025-11-13 10:43:20,25292.5,25299.75,25291.25,25299.25,1009,8.5,6.75,0.5,1.25,1,45.5,33.6,60.18333333,58.07
MNQ DEC25,20s,20,5949,2025-11-13 10:43:20,25299.5,25305.5,25291.25,25299.25,2153,14.25,0.25,6,8,-1,-446.15,58.35,-50.83333333,-43.51
MNQ DEC25,1s,1,5000,2025-11-13 10:43:21,25299.5,25299.5,25297.25,25298,80,2.25,1.5,0,0.75,-1,,,,
MNQ DEC25,1s,1,5001,2025-11-13 10:43:22,25297.75,25301,25297,25299.75,141,4,2,1.25,0.75,1,,,,
MNQ DEC25,1s,1,5002,2025-11-13 10:43:23,25299.75,25301,25298.5,25299.5,56,2.5,0.25,1.25,1,-1,,,,
MNQ DEC25,1s,1,5003,2025-11-13 10:43:24,25299.5,25301,25299.5,25301,81,1.5,1.5,0,0,1,,,,
MNQ DEC25,1s,1,5004,2025-11-13 10:43:25,25300.75,25303.5,25300,25302.5,145,3.5,1.75,1,0.75,1,,,,
MNQ DEC25,1s,1,5005,2025-11-13 10:43:26,25303.25,25304.5,25302,25304,92,2.5,0.75,0.5,1.25,1,,,,
MNQ DEC25,1s,1,5006,2025-11-13 10:43:27,25304,25304.25,25302.25,25302.5,72,2,1.5,0.25,0.25,-1,,,,
MNQ DEC25,1s,1,5007,2025-11-13 10:43:28,25302.5,25303.25,25302,25302.75,66,1.25,0.25,0.5,0.5,1,,,,
MNQ DEC25,1s,1,5008,2025-11-13 10:43:29,25302.25,25303.5,25301.25,25301.5,86,2.25,0.75,1.25,0.25,-1,,,,
MNQ DEC25,1s,1,5009,2025-11-13 10:43:30,25301.25,25302,25299.75,25302,40,2.25,0.75,0,1.5,1,,,,
MNQ DEC25,10s,10,5900,2025-11-13 10:43:30,25299.5,25304.5,25297,25302,859,7.5,2.5,2.5,2.5,1,38.45,-7.05,40.6,49.57
MNQ DEC25,1s,1,5010,2025-11-13 10:43:31,25301.25,25302.5,25300.5,25302.25,98,2,1,0.25,0.75,1,,,,
MNQ DEC25,1s,1,5011,2025-11-13 10:43:32,25302,25304.5,25302,25303,42,2.5,1,1.5,0,1,,,,
MNQ DEC25,1s,1,5012,2025-11-13 10:43:33,25303.25,25306,25303,25306,82,3,2.75,0,0.25,1,,,,
MNQ DEC25,1s,1,5013,2025-11-13 10:43:34,25305,25307.5,25305,25306.75,146,2.5,1.75,0.75,0,1,,,,
MNQ DEC25,1s,1,5014,2025-11-13 10:43:35,25306.75,25308.75,25305.75,25307.5,139,3,0.75,1.25,1,1,,,,
MNQ DEC25,1s,1,5015,2025-11-13 10:43:36,25307,25307.75,25305.5,25307.5,96,2.25,0.5,0.25,1.5,1,,,,
MNQ DEC25,1s,1,5016,2025-11-13 10:43:37,25308,25308,25302.75,25303.5,81,5.25,4.5,0,0.75,-1,,,,
MNQ DEC25,1s,1,5017,2025-11-13 10:43:38,25302.75,25303.25,25300,25301.75,111,3.25,1,0.5,1.75,-1,,,,
MNQ DEC25,1s,1,5018,2025-11-13 10:43:39,25301.25,25304.5,25301.25,25303.5,39,3.25,2.25,1,0,1,,,,
MNQ DEC25,1s,1,5019,2025-11-13 10:43:40,25303.5,25306.75,25303.5,25305,73,3.25,1.5,1.75,0,1,,,,
MNQ DEC25,10s,10,5901,2025-11-13 10:43:40,25301.25,25308.75,25300,25305,907,8.75,3.75,3.75,1.25,1,42.25,3.8,10.11666667,35.46
MNQ DEC25,20s,20,5950,2025-11-13 10:43:40,25299.5,25308.75,25297,25305,1766,11.75,5.5,3.75,2.5,1,-394.65,51.5,10.9,-17.06
MNQ DEC25,1s,1,5020,2025-11-13 10:43:41,25304.75,25305.5,25303.5,25305.5,43,2,0.75,0,1.25,1,,,,
MNQ DEC25,1s,1,5021,2025-11-13 10:43:42,25305.5,25306.25,25304.75,25305.75,56,1.5,0.25,0.5,0.75,1,,,,
MNQ DEC25,1s,1,5022,2025-11-13 10:43:43,25305.5,25306.5,25305,25306.25,46,1.5,0.75,0.25,0.5,1,,,,
MNQ DEC25,1s,1,5023,2025-11-13 10:43:44,25305.75,25309.5,25305.75,25309.5,58,3.75,3.75,0,0,1,,,,
MNQ DEC25,1s,1,5024,2025-11-13 10:43:45,25308.75,25308.75,25306.25,25306.75,119,2.5,2,0,0.5,-1,,,,
MNQ DEC25,1s,1,5025,2025-11-13 10:43:46,25307.5,25307.5,25305.25,25307,74,2.25,0.5,0,1.75,-1,,,,
MNQ DEC25,1s,1,5026,2025-11-13 10:43:47,25307,25307.25,25305.5,25305.5,54,1.75,1.5,0.25,0,-1,,,,
MNQ DEC25,1s,1,5027,2025-11-13 10:43:48,25306.25,25306.5,25301.75,25302.5,94,4.75,3.75,0.25,0.75,-1,,,,
MNQ DEC25,1s,1,5028,2025-11-13 10:43:49,25302.25,25302.5,25300.5,25301.75,98,2,0.5,0.25,1.25,-1,,,,
MNQ DEC25,1s,1,5029,2025-11-13 10:43:50,25302,25302.75,25300,25301,112,2.75,1,0.75,1,-1,,,,
MNQ DEC25,10s,10,5902,2025-11-13 10:43:50,25304.75,25309.5,25300,25301,754,9.5,3.75,4.75,1,-1,13.5,-28.75,-10.66666667,19.37
MNQ DEC25,1s,1,5030,2025-11-13 10:43:51,25301.5,25301.5,25296.5,25297.5,144,5,4,0,1,-1,,,,
MNQ DEC25,1s,1,5031,2025-11-13 10:43:52,25298,25299.25,25297.25,25298.5,54,2,0.5,0.75,0.75,1,,,,
MNQ DEC25,1s,1,5032,2025-11-13 10:43:53,25297,25297,25296,25296.75,63,1,0.25,0,0.75,-1,,,,
MNQ DEC25,1s,1,5033,2025-11-13 10:43:54,25296.75,25298,25296,25296.25,95,2,0.5,1.25,0.25,-1,,,,
MNQ DEC25,1s,1,5034,2025-11-13 10:43:55,25295.75,25296.75,25295.75,25295.75,40,1,0,1,0,0,,,,
MNQ DEC25,1s,1,5035,2025-11-13 10:43:56,25295.5,25296.25,25294.5,25295.25,100,1.75,0.25,0.75,0.75,-1,,,,
MNQ DEC25,1s,1,5036,2025-11-13 10:43:57,25295,25295.5,25293.5,25294.5,94,2,0.5,0.5,1,-1,,,,
MNQ DEC25,1s,1,5037,2025-11-13 10:43:58,25294,25295.75,25293.75,25295.25,50,2,1.25,0.5,0.25,1,,,,
MNQ DEC25,1s,1,5038,2025-11-13 10:43:59,25295,25298,25294.5,25297.25,68,3.5,2.25,0.75,0.5,1,,,,
MNQ DEC25,1s,1,5039,2025-11-13 10:44:00,25297.25,25298.25,25296.5,25296.5,37,1.75,0.75,1,0,-1,,,,
MNQ DEC25,10s,10,5903,2025-11-13 10:44:00,25301.5,25301.5,25293.5,25296.5,745,8,5,0,3,-1,-72.4,-85.9,-36.95,-16.86
MNQ DEC25,20s,20,5951,2025-11-13 10:44:00,25304.75,25309.5,25293.5,25296.5,1499,16,8.25,4.75,3,-1,-383.4,11.25,40.36666667,-17.95
MNQ DEC25,1s,1,5040,2025-11-13 10:44:01,25296.5,25297,25295.25,25296.75,75,1.75,0.25,0.25,1.25,1,,,,
MNQ DEC25,1s,1,5041,2025-11-13 10:44:02,25296.25,25297.25,25294.5,25296.25,56,2.75,0,1,1.75,0,,,,
MNQ DEC25,1s,1,5042,2025-11-13 10:44:03,25295.75,25297.25,25294.75,25295.25,137,2.5,0.5,1.5,0.5,-1,,,,
MNQ DEC25,1s,1,5043,2025-11-13 10:44:04,25295,25296.75,25294.75,25295,85,2,0,1.75,0.25,0,,,,
MNQ DEC25,1s,1,5044,2025-11-13 10:44:05,25294.5,25295.5,25294.5,25295.5,52,1,1,0,0,1,,,,
MNQ DEC25,1s,1,5045,2025-11-13 10:44:06,25295.5,25296,25293.75,25294,125,2.25,1.5,0.5,0.25,-1,,,,
MNQ DEC25,1s,1,5046,2025-11-13 10:44:07,25293.75,25295.25,25293,25295.25,84,2.25,1.5,0,0.75,1,,,,
MNQ DEC25,1s,1,5047,2025-11-13 10:44:08,25295.5,25295.5,25294,25294.75,61,1.5,0.75,0,0.75,-1,,,,
MNQ DEC25,1s,1,5048,2025-11-13 10:44:09,25293.75,25295.75,25293.75,25294.75,43,2,1,1,0,1,,,,
MNQ DEC25,1s,1,5049,2025-11-13 10:44:10,25295.5,25296.75,25294,25294.5,60,2.75,1,1.25,0.5,-1,,,,
MNQ DEC25,10s,10,5904,2025-11-13 10:44:10,25296.5,25297.25,25293,25294.5,778,4.25,2,0.75,1.5,-1,-100.65,-28.25,-47.63333333,-29.23
MNQ DEC25,1s,1,5050,2025-11-13 10:44:11,25294,25294.5,25291.5,25292.5,90,3,1.5,0.5,1,-1,,,,
MNQ DEC25,1s,1,5051,2025-11-13 10:44:12,25292,25296.5,25290,25296.5,246,6.5,4.5,0,2,1,,,,
MNQ DEC25,1s,1,5052,2025-11-13 10:44:13,25296.25,25296.5,25293,25293,67,3.5,3.25,0.25,0,-1,,,,
MNQ DEC25,1s,1,5053,2025-11-13 10:44:14,25293.25,25295.75,25293,25295.25,43,2.75,2,0.5,0.25,1,,,,
MNQ DEC25,1s,1,5054,2025-11-13 10:44:15,25295,25296,25295,25295.75,16,1,0.75,0.25,0,1,,,,
MNQ DEC25,1s,1,5055,2025-11-13 10:44:16,25296,25296,25295,25295.75,40,1,0.25,0,0.75,-1,,,,
MNQ DEC25,1s,1,5056,2025-11-13 10:44:17,25295.25,25298,25295.25,25296.25,94,2.75,1,1.75,0,1,,,,
MNQ DEC25,1s,1,5057,2025-11-13 10:44:18,25296,25296.75,25295,25295.5,43,1.75,0.5,0.75,0.5,-1,,,,
MNQ DEC25,1s,1,5058,2025-11-13 10:44:19,25295,25295.75,25294.5,25295.5,33,1.25,0.5,0.25,0.5,1,,,,
MNQ DEC25,1s,1,5059,2025-11-13 10:44:20,25295.25,25295.75,25293,25293.25,47,2.75,2,0.5,0.25,-1,,,,
MNQ DEC25,10s,10,5905,2025-11-13 10:44:20,25294,25298,25290,25293.25,719,8,0.75,4,3.25,-1,-101.55,-0.9,-38.35,-28
MNQ DEC25,20s,20,5952,2025-11-13 10:44:20,25296.5,25298,25290,25293.25,1497,8,3.25,1.5,3.25,-1,-324.05,59.35,40.7,20.66
MNQ DEC25,1s,1,5060,2025-11-13 10:44:21,25292.75,25293.75,25291.25,25292.25,62,2.5,0.5,1,1,-1,,,,
MNQ DEC25,1s,1,5061,2025-11-13 10:44:22,25292.25,25293.75,25291.75,25292,58,2,0.25,1.5,0.25,-1,,,,
MNQ DEC25,1s,1,5062,2025-11-13 10:44:23,25291.75,25293.25,25291.75,25293.25,50,1.5,1.5,0,0,1,,,,
MNQ DEC25,1s,1,5063,2025-11-13 10:44:24,25292.75,25292.75,25290.25,25290.75,74,2.5,2,0,0.5,-1,,,,
MNQ DEC25,1s,1,5064,2025-11-13 10:44:25,25291.25,25291.75,25290.75,25290.75,84,1,0.5,0.5,0,-1,,,,
MNQ DEC25,1s,1,5065,2025-11-13 10:44:26,25291.5,25292,25290.25,25291.25,69,1.75,0.25,0.5,1,-1,,,,
MNQ DEC25,1s,1,5066,2025-11-13 10:44:27,25291.25,25294.25,25291,25294,135,3.25,2.75,0.25,0.25,1,,,,
MNQ DEC25,1s,1,5067,2025-11-13 10:44:28,25294.25,25295.5,25293.75,25295,80,1.75,0.75,0.5,0.5,1,,,,
MNQ DEC25,1s,1,5068,2025-11-13 10:44:29,25295.25,25296.25,25294.5,25294.5,43,1.75,0.75,1,0,-1,,,,
MNQ DEC25,1s,1,5069,2025-11-13 10:44:30,25294.25,25296.75,25294.25,25294.75,74,2.5,0.5,2,0,1,,,,
MNQ DEC25,10s,10,5906,2025-11-13 10:44:30,25292.75,25296.75,25290.25,25294.75,729,6.5,2,2,2.5,1,-112.4,-10.85,-13.33333333,-30.93
MNQ DEC25,1s,1,5070,2025-11-13 10:44:31,25294.25,25295,25293.5,25294,56,1.5,0.25,0.75,0.5,-1,,,,
MNQ DEC25,1s,1,5071,2025-11-13 10:44:32,25294.75,25297,25294.5,25296,35,2.5,1.25,1,0.25,1,,,,
MNQ DEC25,1s,1,5072,2025-11-13 10:44:33,25295.75,25296.25,25295,25295,20,1.25,0.75,0.5,0,-1,,,,
MNQ DEC25,1s,1,5073,2025-11-13 10:44:34,25294.75,25296,25294.25,25294.25,27,1.75,0.5,1.25,0,-1,,,,
MNQ DEC25,1s,1,5074,2025-11-13 10:44:35,25294,25294.5,25291.75,25292.5,95,2.75,1.5,0.5,0.75,-1,,,,
MNQ DEC25,1s,1,5075,2025-11-13 10:44:36,25292.75,25293.5,25292.5,25293.25,44,1,0.5,0.25,0.25,1,,,,
MNQ DEC25,1s,1,5076,2025-11-13 10:44:37,25293.5,25293.75,25292.75,25293.25,33,1,0.25,0.25,0.5,-1,,,,
MNQ DEC25,1s,1,5077,2025-11-13 10:44:38,25293.25,25293.75,25291.25,25291.75,69,2.5,1.5,0.5,0.5,-1,,,,
MNQ DEC25,1s,1,5078,2025-11-13 10:44:39,25291.25,25292.25,25290.25,25292,57,2,0.75,0.25,1,1,,,,
MNQ DEC25,1s,1,5079,2025-11-13 10:44:40,25292.5,25293.25,25291.25,25291.5,39,2,1,0.75,0.25,-1,,,,
MNQ DEC25,10s,10,5907,2025-11-13 10:44:40,25294.25,25297,25290.25,25291.5,475,6.75,2.75,2.75,1.25,-1,-137.7,-25.3,-12.35,-30.24
MNQ DEC25,20s,20,5953,2025-11-13 10:44:40,25292.75,25297,25290.25,25291.5,1204,6.75,1.25,4.25,1.25,-1,-337.8,-13.75,18.95,33.34
MNQ DEC25,1s,1,5080,2025-11-13 10:44:41,25292.25,25293.5,25292,25293.5,16,1.5,1.25,0,0.25,1,,,,
MNQ DEC25,1s,1,5081,2025-11-13 10:44:42,25292.75,25293.25,25291.5,25291.5,18,1.75,1.25,0.5,0,-1,,,,
MNQ DEC25,1s,1,5082,2025-11-13 10:44:43,25291.25,25292,25291,25291,22,1,0.25,0.75,0,-1,,,,
MNQ DEC25,1s,1,5083,2025-11-13 10:44:44,25291.5,25292.25,25288,25290.5,343,4.25,1,0.75,2.5,-1,,,,
MNQ DEC25,1s,1,5084,2025-11-13 10:44:45,25290.25,25292.75,25290,25291,99,2.75,0.75,1.75,0.25,1,,,,
MNQ DEC25,1s,1,5085,2025-11-13 10:44:46,25291,25291.5,25290.75,25291,29,0.75,0,0.5,0.25,0,,,,
MNQ DEC25,1s,1,5086,2025-11-13 10:44:47,25291.25,25291.25,25289.5,25289.75,34,1.75,1.5,0,0.25,-1,,,,
MNQ DEC25,1s,1,5087,2025-11-13 10:44:48,25289.5,25291,25289.25,25291,51,1.75,1.5,0,0.25,1,,,,
MNQ DEC25,1s,1,5088,2025-11-13 10:44:49,25291.25,25291.5,25290,25291,51,1.5,0.25,0.25,1,-1,,,,
MNQ DEC25,1s,1,5089,2025-11-13 10:44:50,25291.5,25291.5,25289,25290.5,67,2.5,1,0,1.5,-1,,,,
MNQ DEC25,10s,10,5908,2025-11-13 10:44:50,25292.25,25293.5,25288,25290.5,730,5.5,1.75,1.25,2.5,-1,-122.25,15.45,-6.9,-9.97
MNQ DEC25,1s,1,5090,2025-11-13 10:44:51,25290.5,25291,25289.75,25289.75,21,1.25,0.75,0.5,0,-1,,,,
MNQ DEC25,1s,1,5091,2025-11-13 10:44:52,25290,25290.5,25287.5,25288.25,108,3,1.75,0.5,0.75,-1,,,,
MNQ DEC25,1s,1,5092,2025-11-13 10:44:53,25288,25288.75,25287.25,25288.75,107,1.5,0.75,0,0.75,1,,,,
MNQ DEC25,1s,1,5093,2025-11-13 10:44:54,25288,25290,25287.75,25289.25,89,2.25,1.25,0.75,0.25,1,,,,
MNQ DEC25,1s,1,5094,2025-11-13 10:44:55,25289.5,25291,25288.5,25290.5,87,2.5,1,0.5,1,1,,,,
MNQ DEC25,1s,1,5095,2025-11-13 10:44:56,25291,25293.5,25289.75,25291.5,136,3.75,0.5,2,1.25,1,,,,
MNQ DEC25,1s,1,5096,2025-11-13 10:44:57,25291.75,25293.75,25291.5,25293.25,142,2.25,1.5,0.5,0.25,1,,,,
MNQ DEC25,1s,1,5097,2025-11-13 10:44:58,25293.25,25296.75,25293.25,25293.5,207,3.5,0.25,3.25,0,1,,,,
MNQ DEC25,1s,1,5098,2025-11-13 10:44:59,25293.25,25293.75,25292.75,25293.25,31,1,0,0.5,0.5,0,,,,
MNQ DEC25,1s,1,5099,2025-11-13 10:45:00,25293.25,25294.75,25293,25294.5,106,1.75,1.25,0.25,0.25,1,,,,
MNQ DEC25,10s,10,5909,2025-11-13 10:45:00,25290.5,25296.75,25287.25,25294.5,1034,9.5,4,2.25,3.25,1,-85.85,36.4,8.85,2.96
MNQ DEC25,20s,20,5954,2025-11-13 10:45:00,25292.25,25296.75,25287.25,25294.5,1764,9.5,2.25,2.25,5,1,-328.9,8.9,18.16666667,23.45
MNQ DEC25,1s,1,5100,2025-11-13 10:45:01,25294.5,25296,25292.75,25295,169,3.25,0.5,1,1.75,1,,,,
MNQ DEC25,1s,1,5101,2025-11-13 10:45:02,25295,25297.5,25294.75,25296.5,111,2.75,1.5,1,0.25,1,,,,
MNQ DEC25,1s,1,5102,2025-11-13 10:45:03,25296.75,25297.25,25294.5,25296,84,2.75,0.75,0.5,1.5,-1,,,,
MNQ DEC25,1s,1,5103,2025-11-13 10:45:04,25295.5,25296.25,25293.5,25294.25,76,2.75,1.25,0.75,0.75,-1,,,,
MNQ DEC25,1s,1,5104,2025-11-13 10:45:05,25294.5,25296.75,25294.25,25294.75,58,2.5,0.25,2,0.25,1,,,,
MNQ DEC25,1s,1,5105,2025-11-13 10:45:06,25295,25295.25,25293,25294,52,2.25,1,0.25,1,-1,,,,
MNQ DEC25,1s,1,5106,2025-11-13 10:45:07,25294,25295.5,25293.5,25295,42,2,1,0.5,0.5,1,,,,
MNQ DEC25,1s,1,5107,2025-11-13 10:45:08,25295.25,25295.75,25293.25,25293.5,49,2.5,1.75,0.5,0.25,-1,,,,
MNQ DEC25,1s,1,5108,2025-11-13 10:45:09,25294,25295,25290.75,25291.25,142,4.25,2.75,1,0.5,-1,,,,
MNQ DEC25,1s,1,5109,2025-11-13 10:45:10,25290.75,25293,25289.5,25293,87,3.5,2.25,0,1.25,1,,,,
MNQ DEC25,10s,10,5910,2025-11-13 10:45:10,25294.5,25297.5,25289.5,25293,870,8,1.5,3,3.5,-1,-54.6,31.25,27.7,9.39
MNQ DEC25,1s,1,5110,2025-11-13 10:45:11,25293,25293.75,25291.75,25292.75,81,2,0.25,0.75,1,-1,,,,
MNQ DEC25,1s,1,5111,2025-11-13 10:45:12,25292.5,25292.5,25290.75,25291.75,85,1.75,0.75,0,1,-1,,,,
MNQ DEC25,1s,1,5112,2025-11-13 10:45:13,25291.75,25292.75,25289.5,25289.5,125,3.25,2.25,1,0,-1,,,,
MNQ DEC25,1s,1,5113,2025-11-13 10:45:14,25289.5,25290,25285,25287,333,5,2.5,0.5,2,-1,,,,
MNQ DEC25,1s,1,5114,2025-11-13 10:45:15,25287,25290.5,25287,25289,149,3.5,2,1.5,0,1,,,,
MNQ DEC25,1s,1,5115,2025-11-13 10:45:16,25288.5,25289.25,25286.25,25286.5,77,3,2,0.75,0.25,-1,,,,
MNQ DEC25,1s,1,5116,2025-11-13 10:45:17,25286.75,25288,25286.25,25286.5,75,1.75,0.25,1.25,0.25,-1,,,,
MNQ DEC25,1s,1,5117,2025-11-13 10:45:18,25286.5,25288.75,25286.25,25288.75,86,2.5,2.25,0,0.25,1,,,,
MNQ DEC25,1s,1,5118,2025-11-13 10:45:19,25288.25,25288.5,25286.25,25288.5,85,2.25,0.25,0,2,1,,,,
MNQ DEC25,1s,1,5119,2025-11-13 10:45:20,25287.75,25289,25287.75,25288.25,60,1.25,0.5,0.75,0,1,,,,
MNQ DEC25,10s,10,5911,2025-11-13 10:45:20,25293,25293.75,25285,25288.25,1156,8.75,4.75,0.75,3.25,-1,4.05,58.65,42.1,23.29
MNQ DEC25,20s,20,5955,2025-11-13 10:45:20,25294.5,25297.5,25285,25288.25,2026,12.5,6.25,3,3.25,-1,-294.15,34.75,9.96666667,20.1
MNQ DEC25,1s,1,5120,2025-11-13 10:45:21,25288,25288.5,25286.75,25288,39,1.75,0,0.5,1.25,0,,,,
MNQ DEC25,1s,1,5121,2025-11-13 10:45:22,25288,25288.25,25285.5,25286.75,82,2.75,1.25,0.25,1.25,-1,,,,
MNQ DEC25,1s,1,5122,2025-11-13 10:45:23,25287,25287,25285.25,25285.75,70,1.75,1.25,0,0.5,-1,,,,
MNQ DEC25,1s,1,5123,2025-11-13 10:45:24,25285.75,25287.5,25285.5,25286,95,2,0.25,1.5,0.25,1,,,,
MNQ DEC25,1s,1,5124,2025-11-13 10:45:25,25285.75,25285.75,25270.25,25274.5,1726,15.5,11.25,0,4.25,-1,,,,
MNQ DEC25,1s,1,5125,2025-11-13 10:45:26,25273.75,25274.75,25272.5,25273.5,535,2.25,0.25,1,1,-1,,,,
MNQ DEC25,1s,1,5126,2025-11-13 10:45:27,25273.5,25274.75,25271,25272.5,364,3.75,1,1.25,1.5,-1,,,,
MNQ DEC25,1s,1,5127,2025-11-13 10:45:28,25272,25274.75,25271.75,25273.75,270,3,1.75,1,0.25,1,,,,
MNQ DEC25,1s,1,5128,2025-11-13 10:45:29,25274.25,25275,25273.25,25274.25,203,1.75,0,0.75,1,0,,,,
MNQ DEC25,1s,1,5129,2025-11-13 10:45:30,25273.75,25274.75,25272.5,25274.75,206,2.25,1,0,1.25,1,,,,
MNQ DEC25,10s,10,5912,2025-11-13 10:45:30,25288,25288.5,25270.25,25274.75,3590,18.25,13.25,0.5,4.5,-1,489.4,485.35,191.75,125.42
MNQ DEC25,1s,1,5130,2025-11-13 10:45:31,25274.75,25275.25,25273,25273.5,186,2.25,1.25,0.5,0.5,-1,,,,
MNQ DEC25,1s,1,5131,2025-11-13 10:45:32,25273.25,25273.75,25266,25269.5,822,7.75,3.75,0.5,3.5,-1,,,,
MNQ DEC25,1s,1,5132,2025-11-13 10:45:33,25269.5,25273.75,25269,25272.25,361,4.75,2.75,1.5,0.5,1,,,,
MNQ DEC25,1s,1,5133,2025-11-13 10:45:34,25271.75,25272.75,25270,25271.75,225,2.75,0,1,1.75,0,,,,
MNQ DEC25,1s,1,5134,2025-11-13 10:45:35,25272,25273.75,25272,25272.75,138,1.75,0.75,1,0,1,,,,
MNQ DEC25,1s,1,5135,2025-11-13 10:45:36,25272.5,25274.25,25271.5,25271.75,143,2.75,0.75,1.75,0.25,-1,,,,
MNQ DEC25,1s,1,5136,2025-11-13 10:45:37,25272,25273,25271.75,25272,126,1.25,0,1,0.25,0,,,,
MNQ DEC25,1s,1,5137,2025-11-13 10:45:38,25272.25,25273,25271.25,25271.25,140,1.75,1,0.75,0,-1,,,,
MNQ DEC25,1s,1,5138,2025-11-13 10:45:39,25271.25,25273,25270.5,25270.5,109,2.5,0.75,1.75,0,-1,,,,
MNQ DEC25,1s,1,5139,2025-11-13 10:45:40,25270.25,25271.5,25269.75,25271.25,92,1.75,1,0.25,0.5,1,,,,
MNQ DEC25,10s,10,5913,2025-11-13 10:45:40,25274.75,25275.25,25266,25271.25,2342,9.25,3.5,0.5,5.25,-1,725.9,236.5,260.16666667,169.63
MNQ DEC25,20s,20,5956,2025-11-13 10:45:40,25288,25288.5,25266,25271.25,5932,22.5,16.75,0.5,5.25,-1,373.9,668.05,237.23333333,151.46
MNQ DEC25,1s,1,5140,2025-11-13 10:45:41,25270.75,25273.25,25270,25272.5,97,3.25,1.75,0.75,0.75,1,,,,
MNQ DEC25,1s,1,5141,2025-11-13 10:45:42,25273,25273.25,25270.75,25271,63,2.5,2,0.25,0.25,-1,,,,
MNQ DEC25,1s,1,5142,2025-11-13 10:45:43,25271.25,25271.5,25269.5,25269.5,94,2,1.75,0.25,0,-1,,,,
MNQ DEC25,1s,1,5143,2025-11-13 10:45:44,25269.75,25270,25268.25,25268.75,98,1.75,1,0.25,0.5,-1,,,,
MNQ DEC25,1s,1,5144,2025-11-13 10:45:45,25269,25269.75,25268,25269,76,1.75,0,0.75,1,0,,,,
MNQ DEC25,1s,1,5145,2025-11-13 10:45:46,25269,25269,25266,25267.75,129,3,1.25,0,1.75,-1,,,,
MNQ DEC25,1s,1,5146,2025-11-13 10:45:47,25268,25268.25,25265.75,25268,173,2.5,0,0.25,2.25,0,,,,
MNQ DEC25,1s,1,5147,2025-11-13 10:45:48,25268,25270,25267.25,25270,196,2.75,2,0,0.75,1,,,,
MNQ DEC25,1s,1,5148,2025-11-13 10:45:49,25270,25270.25,25268,25268.5,153,2.25,1.5,0.25,0.5,-1,,,,
MNQ DEC25,1s,1,5149,2025-11-13 10:45:50,25268.5,25269.25,25267.25,25268.25,96,2,0.25,0.75,1,-1,,,,
MNQ DEC25,10s,10,5914,2025-11-13 10:45:50,25270.75,25273.25,25265.75,25268.25,1175,7.5,2.5,2.5,2.5,-1,733.25,7.35,243.06666667,163.82
MNQ DEC25,1s,1,5150,2025-11-13 10:45:51,25268,25268.25,25266.25,25267.75,137,2,0.25,0.25,1.5,-1,,,,
MNQ DEC25,1s,1,5151,2025-11-13 10:45:52,25267,25268.25,25266.25,25266.75,62,2,0.25,1.25,0.5,-1,,,,
MNQ DEC25,1s,1,5152,2025-11-13 10:45:53,25266.5,25268.75,25265.75,25268.25,135,3,1.75,0.5,0.75,1,,,,
MNQ DEC25,1s,1,5153,2025-11-13 10:45:54,25268.25,25270.25,25268.25,25268.75,141,2,0.5,1.5,0,1,,,,
MNQ DEC25,1s,1,5154,2025-11-13 10:45:55,25269,25269,25265.5,25266.25,103,3.5,2.75,0,0.75,-1,,,,
MNQ DEC25,1s,1,5155,2025-11-13 10:45:56,25266.25,25266.75,25265.5,25266,74,1.25,0.25,0.5,0.5,-1,,,,
MNQ DEC25,1s,1,5156,2025-11-13 10:45:57,25266.25,25266.5,25261.5,25262.5,249,5,3.75,0.25,1,-1,,,,
MNQ DEC25,1s,1,5157,2025-11-13 10:45:58,25262.25,25264,25261.75,25262.5,165,2.25,0.25,1.5,0.5,1,,,,
MNQ DEC25,1s,1,5158,2025-11-13 10:45:59,25262.75,25263,25259,25262.25,419,4,0.5,0.25,3.25,-1,,,,
MNQ DEC25,1s,1,5159,2025-11-13 10:46:00,25261.75,25262.25,25260.5,25261.5,274,1.75,0.25,0.5,1,-1,,,,
MNQ DEC25,10s,10,5915,2025-11-13 10:46:00,25268,25270.25,25259,25261.5,1759,11.25,6.5,2.25,2.5,-1,873.7,140.45,128.1,185.66
MNQ DEC25,20s,20,5957,2025-11-13 10:46:00,25270.75,25273.25,25259,25261.5,2934,14.25,9.25,2.5,2.5,-1,661.5,287.6,330.13333333,197.11
MNQ DEC25,1s,1,5160,2025-11-13 10:46:01,25261.25,25261.75,25257.75,25258.5,484,4,2.75,0.5,0.75,-1,,,,
MNQ DEC25,1s,1,5161,2025-11-13 10:46:02,25258,25259.75,25255.25,25256,344,4.5,2,1.75,0.75,-1,,,,
MNQ DEC25,1s,1,5162,2025-11-13 10:46:03,25255.75,25259,25255.25,25259,260,3.75,3.25,0,0.5,1,,,,
MNQ DEC25,1s,1,5163,2025-11-13 10:46:04,25259.25,25260.25,25256.75,25257,140,3.5,2.25,1,0.25,-1,,,,
MNQ DEC25,1s,1,5164,2025-11-13 10:46:05,25256.75,25257.25,25255,25256,283,2.25,0.75,0.5,1,-1,,,,
MNQ DEC25,1s,1,5165,2025-11-13 10:46:06,25255.5,25259,25255.25,25257.75,187,3.75,2.25,1.25,0.25,1,,,,
MNQ DEC25,1s,1,5166,2025-11-13 10:46:07,25257.5,25259.25,25255.5,25256,138,3.75,1.5,1.75,0.5,-1,,,,
MNQ DEC25,1s,1,5167,2025-11-13 10:46:08,25256.25,25256.25,25253.75,25254.75,145,2.5,1.5,0,1,-1,,,,
MNQ DEC25,1s,1,5168,2025-11-13 10:46:09,25254.5,25255.75,25251.25,25251.75,231,4.5,2.75,1.25,0.5,-1,,,,
MNQ DEC25,1s,1,5169,2025-11-13 10:46:10,25252,25254.5,25251.5,25253,261,3,1,1.5,0.5,1,,,,
MNQ DEC25,10s,10,5916,2025-11-13 10:46:10,25261.25,25261.75,25251.25,25253,2473,10.5,8.25,0.5,1.75,-1,1059.9,186.2,111.33333333,211.17
MNQ DEC25,1s,1,5170,2025-11-13 10:46:11,25253.25,25255.5,25252.5,25255.5,139,3,2.25,0,0.75,1,,,,
MNQ DEC25,1s,1,5171,2025-11-13 10:46:12,25255.5,25257,25252.75,25257,156,4.25,1.5,0,2.75,1,,,,
MNQ DEC25,1s,1,5172,2025-11-13 10:46:13,25256.5,25257.5,25255,25255.75,235,2.5,0.75,1,0.75,-1,,,,
MNQ DEC25,1s,1,5173,2025-11-13 10:46:14,25255.75,25258.5,25255.75,25258,85,2.75,2.25,0.5,0,1,,,,
MNQ DEC25,1s,1,5174,2025-11-13 10:46:15,25258,25260.75,25257.75,25259,315,3,1,1.75,0.25,1,,,,
MNQ DEC25,1s,1,5175,2025-11-13 10:46:16,25258.5,25261.75,25258.5,25260.5,183,3.25,2,1.25,0,1,,,,
MNQ DEC25,1s,1,5176,2025-11-13 10:46:17,25260.75,25260.75,25258.5,25259.5,183,2.25,1.25,0,1,-1,,,,
MNQ DEC25,1s,1,5177,2025-11-13 10:46:18,25259.5,25262.25,25258.25,25260.5,142,4,1,1.75,1.25,1,,,,
MNQ DEC25,1s,1,5178,2025-11-13 10:46:19,25260.25,25260.75,25257.5,25260.25,158,3.25,0,0.5,2.75,0,,,,
MNQ DEC25,1s,1,5179,2025-11-13 10:46:20,25260.5,25264,25260.25,25263.25,159,3.75,2.75,0.75,0.25,1,,,,
MNQ DEC25,10s,10,5917,2025-11-13 10:46:20,25253.25,25264,25252.5,25263.25,1755,11.5,10,0.75,0.75,1,650.65,-409.25,-27.53333333,32.25
MNQ DEC25,20s,20,5958,2025-11-13 10:46:20,25261.25,25264,25251.25,25263.25,4228,12.75,2,0.75,10,1,1196.7,535.2,496.95,306.9
MNQ DEC25,1s,1,5180,2025-11-13 10:46:21,25263,25263.5,25260.75,25261.5,253,2.75,1.5,0.5,0.75,-1,,,,
MNQ DEC25,1s,1,5181,2025-11-13 10:46:22,25261.5,25262.75,25260,25262.75,83,2.75,1.25,0,1.5,1,,,,
MNQ DEC25,1s,1,5182,2025-11-13 10:46:23,25262.5,25264.75,25262.5,25264.25,124,2.25,1.75,0.5,0,1,,,,
MNQ DEC25,1s,1,5183,2025-11-13 10:46:24,25264.5,25265.5,25262,25263,115,3.5,1.5,1,1,-1,,,,
MNQ DEC25,1s,1,5184,2025-11-13 10:46:25,25263.25,25263.25,25260.75,25260.75,40,2.5,2.5,0,0,-1,,,,
MNQ DEC25,1s,1,5185,2025-11-13 10:46:26,25260.75,25264.75,25260.75,25263.5,98,4,2.75,1.25,0,1,,,,
MNQ DEC25,1s,1,5186,2025-11-13 10:46:27,25263.25,25263.75,25261.75,25262.75,65,2,0.5,0.5,1,-1,,,,
MNQ DEC25,1s,1,5187,2025-11-13 10:46:28,25263,25263.5,25261.5,25262.75,86,2,0.25,0.5,1.25,-1,,,,
MNQ DEC25,1s,1,5188,2025-11-13 10:46:29,25262.75,25263.75,25260.25,25263.75,77,3.5,1,0,2.5,1,,,,
MNQ DEC25,1s,1,5189,2025-11-13 10:46:30,25263.25,25264.25,25262.75,25263.75,37,1.5,0.5,0.5,0.5,1,,,,
MNQ DEC25,10s,10,5918,2025-11-13 10:46:30,25263,25265.5,25260,25263.75,978,5.5,0.75,1.75,3,1,386.15,-264.5,-162.51666667,-67.95
MNQ DEC25,1s,1,5190,2025-11-13 10:46:31,25263.75,25267.5,25263.5,25266.25,219,4,2.5,1.25,0.25,1,,,,
MNQ DEC25,1s,1,5191,2025-11-13 10:46:32,25266.5,25266.5,25262.5,25263.75,334,4,2.75,0,1.25,-1,,,,
MNQ DEC25,1s,1,5192,2025-11-13 10:46:33,25264.25,25266.75,25262.25,25265.5,170,4.5,1.25,1.25,2,1,,,,
MNQ DEC25,1s,1,5193,2025-11-13 10:46:34,25264.75,25264.75,25260.5,25260.5,112,4.25,4.25,0,0,-1,,,,
MNQ DEC25,1s,1,5194,2025-11-13 10:46:35,25261,25261.5,25259.25,25260.5,95,2.25,0.5,0.5,1.25,-1,,,,
MNQ DEC25,1s,1,5195,2025-11-13 10:46:36,25260,25260.5,25258,25259,119,2.5,1,0.5,1,-1,,,,
MNQ DEC25,1s,1,5196,2025-11-13 10:46:37,25259.25,25259.25,25255.5,25257,160,3.75,2.25,0,1.5,-1,,,,
MNQ DEC25,1s,1,5197,2025-11-13 10:46:38,25256.5,25258.75,25255.75,25257.75,77,3,1.25,1,0.75,1,,,,
MNQ DEC25,1s,1,5198,2025-11-13 10:46:39,25258,25258,25255.75,25256,37,2.25,2,0,0.25,-1,,,,
MNQ DEC25,1s,1,5199,2025-11-13 10:46:40,25256,25256.5,25255.5,25255.5,50,1,0.5,0.5,0,-1,,,,
MNQ DEC25,10s,10,5919,2025-11-13 10:46:40,25263.75,25267.5,25255.5,25255.5,1373,12,8.25,3.75,0,-1,407.55,21.4,-217.45,-65.14
MNQ DEC25,20s,20,5959,2025-11-13 10:46:40,25263,25267.5,25255.5,25255.5,2351,12,7.5,4.5,0,-1,1278.85,82.15,301.65,321.55
MNQ DEC25,1s,1,5200,2025-11-13 10:46:41,25255.5,25256,25254.75,25254.75,79,1.25,0.75,0.5,0,-1,,,,
MNQ DEC25,1s,1,5201,2025-11-13 10:46:42,25255.5,25256,25254,25255.75,54,2,0.25,0.25,1.5,1,,,,
MNQ DEC25,1s,1,5202,2025-11-13 10:46:43,25255.5,25258.25,25255,25257.5,74,3.25,2,0.75,0.5,1,,,,
MNQ DEC25,1s,1,5203,2025-11-13 10:46:44,25258.25,25258.75,25256.75,25257.5,83,2,0.75,0.5,0.75,-1,,,,
MNQ DEC25,1s,1,5204,2025-11-13 10:46:45,25257.5,25258.25,25255.5,25256,114,2.75,1.5,0.75,0.5,-1,,,,
MNQ DEC25,1s,1,5205,2025-11-13 10:46:46,25255.5,25257.25,25255.5,25256.25,22,1.75,0.75,1,0,1,,,,
MNQ DEC25,1s,1,5206,2025-11-13 10:46:47,25256.25,25256.75,25254.75,25255.25,56,2,1,0.5,0.5,-1,,,,
MNQ DEC25,1s,1,5207,2025-11-13 10:46:48,25255.5,25255.75,25254.5,25255,33,1.25,0.5,0.25,0.5,-1,,,,
MNQ DEC25,1s,1,5208,2025-11-13 10:46:49,25254.5,25254.5,25252.75,25252.75,62,1.75,1.75,0,0,-1,,,,
MNQ DEC25,1s,1,5209,2025-11-13 10:46:50,25253,25254,25251,25253.5,157,3,0.5,0.5,2,1,,,,
MNQ DEC25,10s,10,5920,2025-11-13 10:46:50,25255.5,25258.75,25251,25253.5,734,7.75,2,3.25,2.5,-1,208.8,-198.75,-147.28333333,-132.98
MNQ DEC25,1s,1,5210,2025-11-13 10:46:51,25253,25254.25,25252.25,25252.75,62,2,0.25,1.25,0.5,-1,,,,
MNQ DEC25,1s,1,5211,2025-11-13 10:46:52,25252.75,25252.75,25250,25250.5,205,2.75,2.25,0,0.5,-1,,,,
MNQ DEC25,1s,1,5212,2025-11-13 10:46:53,25250.75,25251.75,25250.25,25250.75,100,1.5,0,1,0.5,0,,,,
MNQ DEC25,1s,1,5213,2025-11-13 10:46:54,25250.5,25252.75,25250.5,25252.25,88,2.25,1.75,0.5,0,1,,,,
MNQ DEC25,1s,1,5214,2025-11-13 10:46:55,25252.25,25252.5,25251.5,25251.5,44,1,0.75,0.25,0,-1,,,,
MNQ DEC25,1s,1,5215,2025-11-13 10:46:56,25251.25,25252.75,25250.75,25252,71,2,0.75,0.75,0.5,1,,,,
MNQ DEC25,1s,1,5216,2025-11-13 10:46:57,25252.25,25254,25251.25,25253.75,95,2.75,1.5,0.25,1,1,,,,
MNQ DEC25,1s,1,5217,2025-11-13 10:46:58,25253.75,25256.25,25253.75,25254.75,78,2.5,1,1.5,0,1,,,,
MNQ DEC25,1s,1,5218,2025-11-13 10:46:59,25254.75,25254.75,25253.25,25253.75,39,1.5,1,0,0.5,-1,,,,
MNQ DEC25,1s,1,5219,2025-11-13 10:47:00,25253.75,25254.75,25253.5,25254.25,24,1.25,0.5,0.5,0.25,1,,,,
MNQ DEC25,10s,10,5921,2025-11-13 10:47:00,25253,25256.25,25250,25254.25,806,6.25,1.25,2,3,1,-119.55,-328.35,-168.56666667,-235.89
MNQ DEC25,20s,20,5960,2025-11-13 10:47:00,25255.5,25258.75,25250,25254.25,1540,8.75,1.25,3.25,4.25,-1,1224.7,-54.15,187.73333333,303.77
MNQ DEC25,1s,1,5220,2025-11-13 10:47:01,25254,25254,25252,25253.75,132,2,0.25,0,1.75,-1,,,,
MNQ DEC25,1s,1,5221,2025-11-13 10:47:02,25253.25,25254.5,25253,25253.5,56,1.5,0.25,1,0.25,1,,,,
MNQ DEC25,1s,1,5222,2025-11-13 10:47:03,25254,25254,25250,25250.25,113,4,3.75,0,0.25,-1,,,,
MNQ DEC25,1s,1,5223,2025-11-13 10:47:04,25250.5,25250.5,25246,25247.75,567,4.5,2.75,0,1.75,-1,,,,
MNQ DEC25,1s,1,5224,2025-11-13 10:47:05,25247.75,25248,25245,25246.25,318,3,1.5,0.25,1.25,-1,,,,
MNQ DEC25,1s,1,5225,2025-11-13 10:47:06,25246.75,25247.25,25245.5,25246,146,1.75,0.75,0.5,0.5,-1,,,,
MNQ DEC25,1s,1,5226,2025-11-13 10:47:07,25245.5,25246.5,25244.75,25246.5,159,1.75,1,0,0.75,1,,,,
MNQ DEC25,1s,1,5227,2025-11-13 10:47:08,25246.25,25246.75,25244.25,25245,134,2.5,1.25,0.5,0.75,-1,,,,
MNQ DEC25,1s,1,5228,2025-11-13 10:47:09,25244.75,25245.5,25242.5,25243.75,287,3,1,0.75,1.25,-1,,,,
MNQ DEC25,1s,1,5229,2025-11-13 10:47:10,25243.5,25244,25242,25242.5,147,2,1,0.5,0.5,-1,,,,
MNQ DEC25,10s,10,5922,2025-11-13 10:47:10,25254,25254.5,25242,25242.5,2059,12.5,11.5,0.5,0.5,-1,-124,-4.45,-177.18333333,-154.93
MNQ DEC25,1s,1,5230,2025-11-13 10:47:11,25242.5,25242.5,25239.5,25242,394,3,0.5,0,2.5,-1,,,,
MNQ DEC25,1s,1,5231,2025-11-13 10:47:12,25242.5,25242.75,25239.75,25240.25,139,3,2.25,0.25,0.5,-1,,,,
MNQ DEC25,1s,1,5232,2025-11-13 10:47:13,25240.75,25241,25237.5,25238,274,3.5,2.75,0.25,0.5,-1,,,,
MNQ DEC25,1s,1,5233,2025-11-13 10:47:14,25237.5,25238.75,25234.75,25235.75,266,4,1.75,1.25,1,-1,,,,
MNQ DEC25,1s,1,5234,2025-11-13 10:47:15,25236,25236.25,25234.5,25235.25,168,1.75,0.75,0.25,0.75,-1,,,,
MNQ DEC25,1s,1,5235,2025-11-13 10:47:16,25235.5,25235.5,25234,25234.5,158,1.5,1,0,0.5,-1,,,,
MNQ DEC25,1s,1,5236,2025-11-13 10:47:17,25234.75,25237.5,25234.75,25236,255,2.75,1.25,1.5,0,1,,,,
MNQ DEC25,1s,1,5237,2025-11-13 10:47:18,25235.75,25240.5,25235.75,25240.5,157,4.75,4.75,0,0,1,,,,
MNQ DEC25,1s,1,5238,2025-11-13 10:47:19,25240.5,25242.25,25240,25241,145,2.25,0.5,1.25,0.5,1,,,,
MNQ DEC25,1s,1,5239,2025-11-13 10:47:20,25241.25,25243.75,25240.75,25243.75,144,3,2.5,0,0.5,1,,,,
MNQ DEC25,10s,10,5923,2025-11-13 10:47:20,25242.5,25243.75,25234,25243.75,2100,9.75,1.25,0,8.5,1,32.65,156.65,-58.71666667,-70.7
MNQ DEC25,20s,20,5961,2025-11-13 10:47:20,25254,25254.5,25234,25243.75,4159,20.5,10.25,0.5,9.75,-1,733.45,-491.25,-154.41666667,71.91
MNQ DEC25,1s,1,5240,2025-11-13 10:47:21,25243.75,25245.25,25243.25,25244.75,199,2,1,0.5,0.5,1,,,,
MNQ DEC25,1s,1,5241,2025-11-13 10:47:22,25245,25245,25243.25,25243.75,136,1.75,1.25,0,0.5,-1,,,,
MNQ DEC25,1s,1,5242,2025-11-13 10:47:23,25244.25,25244.25,25242.25,25243.5,95,2,0.75,0,1.25,-1,,,,
MNQ DEC25,1s,1,5243,2025-11-13 10:47:24,25243,25244.5,25242.5,25243,54,2,0,1.5,0.5,0,,,,
MNQ DEC25,1s,1,5244,2025-11-13 10:47:25,25243.5,25243.5,25239.25,25239.25,113,4.25,4.25,0,0,-1,,,,
MNQ DEC25,1s,1,5245,2025-11-13 10:47:26,25239.25,25241.5,25239.25,25240,52,2.25,0.75,1.5,0,1,,,,
MNQ DEC25,1s,1,5246,2025-11-13 10:47:27,25240,25240,25237.75,25238.5,137,2.25,1.5,0,0.75,-1,,,,
MNQ DEC25,1s,1,5247,2025-11-13 10:47:28,25238,25242.75,25238,25242,80,4.75,4,0.75,0,1,,,,
MNQ DEC25,1s,1,5248,2025-11-13 10:47:29,25241.75,25245,25241.25,25244,179,3.75,2.25,1,0.5,1,,,,
MNQ DEC25,1s,1,5249,2025-11-13 10:47:30,25244.25,25246.25,25243.75,25244,191,2.5,0.25,2,0.25,-1,,,,
MNQ DEC25,10s,10,5924,2025-11-13 10:47:30,25243.75,25246.25,25237.75,25244,1236,8.5,0.25,2.25,6,1,-17.65,-50.3,33.96666667,-85.04
MNQ DEC25,1s,1,5250,2025-11-13 10:47:31,25244.25,25244.25,25240.25,25241.25,218,4,3,0,1,-1,,,,
MNQ DEC25,1s,1,5251,2025-11-13 10:47:32,25242,25242.5,25240.75,25241.5,52,1.75,0.5,0.5,0.75,-1,,,,
MNQ DEC25,1s,1,5252,2025-11-13 10:47:33,25241.5,25241.5,25239.25,25240,151,2.25,1.5,0,0.75,-1,,,,
MNQ DEC25,1s,1,5253,2025-11-13 10:47:34,25239.5,25242.75,25239.25,25240.25,110,3.5,0.75,2.5,0.25,1,,,,
MNQ DEC25,1s,1,5254,2025-11-13 10:47:35,25240.25,25240.75,25240,25240,43,0.75,0.25,0.5,0,-1,,,,
MNQ DEC25,1s,1,5255,2025-11-13 10:47:36,25240.25,25240.5,25238.5,25239,61,2,1.25,0.25,0.5,-1,,,,
MNQ DEC25,1s,1,5256,2025-11-13 10:47:37,25238.75,25240.5,25237.75,25240.5,102,2.75,1.75,0,1,1,,,,
MNQ DEC25,1s,1,5257,2025-11-13 10:47:38,25240.5,25240.5,25238.5,25239.25,46,2,1.25,0,0.75,-1,,,,
MNQ DEC25,1s,1,5258,2025-11-13 10:47:39,25239.75,25240,25237,25237.75,65,3,2,0.25,0.75,-1,,,,
MNQ DEC25,1s,1,5259,2025-11-13 10:47:40,25237.75,25238.5,25236.75,25237.25,49,1.75,0.5,0.75,0.5,-1,,,,
MNQ DEC25,10s,10,5925,2025-11-13 10:47:40,25244.25,25244.25,25236.75,25237.25,897,7.5,7,0,0.5,-1,6.05,23.7,43.35,-40.55
MNQ DEC25,20s,20,5962,2025-11-13 10:47:40,25243.75,25246.25,25236.75,25237.25,2133,9.5,6.5,2.5,0.5,-1,586.5,-146.95,-230.78333333,-15
MNQ DEC25,1s,1,5260,2025-11-13 10:47:41,25237.25,25237.5,25235.25,25235.5,144,2.25,1.75,0.25,0.25,-1,,,,
MNQ DEC25,1s,1,5261,2025-11-13 10:47:42,25235.5,25236.75,25234.75,25235.75,194,2,0.25,1,0.75,1,,,,
MNQ DEC25,1s,1,5262,2025-11-13 10:47:43,25235.25,25237,25235,25236.5,63,2,1.25,0.5,0.25,1,,,,
MNQ DEC25,1s,1,5263,2025-11-13 10:47:44,25236.75,25238.5,25235.75,25238.25,180,2.75,1.5,0.25,1,1,,,,
MNQ DEC25,1s,1,5264,2025-11-13 10:47:45,25238.25,25238.75,25238,25238.75,69,0.75,0.5,0,0.25,1,,,,
MNQ DEC25,1s,1,5265,2025-11-13 10:47:46,25238.5,25241,25237.75,25240.5,132,3.25,2,0.5,0.75,1,,,,
MNQ DEC25,1s,1,5266,2025-11-13 10:47:47,25239.75,25240.5,25239.5,25239.75,75,1,0,0.75,0.25,0,,,,
MNQ DEC25,1s,1,5267,2025-11-13 10:47:48,25239.25,25239.25,25236.25,25236.75,75,3,2.5,0,0.5,-1,,,,
MNQ DEC25,1s,1,5268,2025-11-13 10:47:49,25236.75,25239.75,25236.25,25238.75,96,3.5,2,1,0.5,1,,,,
MNQ DEC25,1s,1,5269,2025-11-13 10:47:50,25238.5,25240,25237.5,25239.5,70,2.5,1,0.5,1,1,,,,
MNQ DEC25,10s,10,5926,2025-11-13 10:47:50,25237.25,25241,25234.75,25239.5,1098,6.25,2.25,1.5,2.5,1,46,39.95,4.45,33.11
MNQ DEC25,1s,1,5270,2025-11-13 10:47:51,25239.5,25240.5,25238.5,25238.5,74,2,1,1,0,-1,,,,
MNQ DEC25,1s,1,5271,2025-11-13 10:47:52,25238.75,25239,25237.5,25238.25,41,1.5,0.5,0.25,0.75,-1,,,,
MNQ DEC25,1s,1,5272,2025-11-13 10:47:53,25238.5,25238.75,25237.75,25238.25,31,1,0.25,0.25,0.5,-1,,,,
MNQ DEC25,1s,1,5273,2025-11-13 10:47:54,25239,25240.5,25239,25240.5,46,1.5,1.5,0,0,1,,,,
MNQ DEC25,1s,1,5274,2025-11-13 10:47:55,25240,25240.75,25238.5,25238.75,120,2.25,1.25,0.75,0.25,-1,,,,
MNQ DEC25,1s,1,5275,2025-11-13 10:47:56,25240,25240,25237.75,25238,63,2.25,2,0,0.25,-1,,,,
MNQ DEC25,1s,1,5276,2025-11-13 10:47:57,25238,25238.25,25237.25,25238,41,1,0,0.25,0.75,0,,,,
MNQ DEC25,1s,1,5277,2025-11-13 10:47:58,25237.5,25237.75,25236.25,25237.75,41,1.5,0.25,0,1.25,1,,,,
MNQ DEC25,1s,1,5278,2025-11-13 10:47:59,25237.5,25238.5,25236.25,25238.5,51,2.25,1,0,1.25,1,,,,
MNQ DEC25,1s,1,5279,2025-11-13 10:48:00,25238,25238,25236.25,25237,52,1.75,1,0,0.75,-1,,,,
MNQ DEC25,10s,10,5927,2025-11-13 10:48:00,25239.5,25240.75,25236.25,25237,560,4.5,2.5,1.25,0.75,-1,-258.05,-304.05,-80.13333333,-26.81
MNQ DEC25,20s,20,5963,2025-11-13 10:48:00,25237.25,25241,25234.75,25237,1658,6.25,0.25,3.75,2.25,-1,105.05,-481.45,-373.21666667,-218.33
MNQ DEC25,1s,1,5280,2025-11-13 10:48:01,25236.75,25238.75,25236.5,25238.75,176,2.25,2,0,0.25,1,,,,
MNQ DEC25,1s,1,5281,2025-11-13 10:48:02,25238.5,25239.25,25237,25237.75,83,2.25,0.75,0.75,0.75,-1,,,,
MNQ DEC25,1s,1,5282,2025-11-13 10:48:03,25237.25,25237.25,25231,25235.25,489,6.25,2,0,4.25,-1,,,,
MNQ DEC25,1s,1,5283,2025-11-13 10:48:04,25235.5,25236,25234,25235.5,132,2,0,0.5,1.5,0,,,,
MNQ DEC25,1s,1,5284,2025-11-13 10:48:05,25235.5,25235.75,25234,25234.75,62,1.75,0.75,0.25,0.75,-1,,,,
MNQ DEC25,1s,1,5285,2025-11-13 10:48:06,25234.5,25234.75,25232.5,25234.5,91,2.25,0,0.25,2,0,,,,
MNQ DEC25,1s,1,5286,2025-11-13 10:48:07,25234,25234,25231,25232.5,91,3,1.5,0,1.5,-1,,,,
MNQ DEC25,1s,1,5287,2025-11-13 10:48:08,25232.25,25232.75,25232,25232.5,68,0.75,0.25,0.25,0.25,1,,,,
MNQ DEC25,1s,1,5288,2025-11-13 10:48:09,25232.75,25236.5,25232,25235.75,134,4.5,3,0.75,0.75,1,,,,
MNQ DEC25,1s,1,5289,2025-11-13 10:48:10,25236,25239,25235.5,25238.5,131,3.5,2.5,0.5,0.5,1,,,,
MNQ DEC25,10s,10,5928,2025-11-13 10:48:10,25236.75,25239.25,25231,25238.5,1457,8.25,1.75,0.75,5.75,1,-423,-164.95,-143.01666667,-91.13
MNQ DEC25,1s,1,5290,2025-11-13 10:48:11,25239,25239.25,25236.25,25236.5,150,3,2.5,0.25,0.25,-1,,,,
MNQ DEC25,1s,1,5291,2025-11-13 10:48:12,25236.25,25236.25,25232.25,25232.25,132,4,4,0,0,-1,,,,
MNQ DEC25,1s,1,5292,2025-11-13 10:48:13,25232.75,25234.5,25232.25,25233,95,2.25,0.25,1.5,0.5,1,,,,
MNQ DEC25,1s,1,5293,2025-11-13 10:48:14,25232.75,25232.75,25230.5,25231.25,141,2.25,1.5,0,0.75,-1,,,,
MNQ DEC25,1s,1,5294,2025-11-13 10:48:15,25231,25233.5,25231,25233.5,147,2.5,2.5,0,0,1,,,,
MNQ DEC25,1s,1,5295,2025-11-13 10:48:16,25234,25237.75,25232.5,25237,139,5.25,3,0.75,1.5,1,,,,
MNQ DEC25,1s,1,5296,2025-11-13 10:48:17,25237.25,25241.75,25236,25240.75,206,5.75,3.5,1,1.25,1,,,,
MNQ DEC25,1s,1,5297,2025-11-13 10:48:18,25240.75,25241.75,25239.75,25240.5,131,2,0.25,1,0.75,-1,,,,
MNQ DEC25,1s,1,5298,2025-11-13 10:48:19,25240,25243.5,25240,25243,148,3.5,3,0.5,0,1,,,,
MNQ DEC25,1s,1,5299,2025-11-13 10:48:20,25242.75,25243.25,25240.75,25242.75,169,2.5,0,0.5,2,0,,,,
MNQ DEC25,10s,10,5929,2025-11-13 10:48:20,25239,25243.5,25230.5,25242.75,1458,13,3.75,0.75,8.5,1,-399.8,23.2,-148.6,-76.43
MNQ DEC25,20s,20,5964,2025-11-13 10:48:20,25236.75,25243.5,25230.5,25242.75,2915,13,6,0.75,6.25,1,163.95,58.9,-189.83333333,-222.98
MNQ DEC25,1s,1,5300,2025-11-13 10:48:21,25242.25,25244.25,25240.5,25243.75,93,3.75,1.5,0.5,1.75,1,,,,
MNQ DEC25,1s,1,5301,2025-11-13 10:48:22,25244.25,25246.5,25244.25,25245.25,171,2.25,1,1.25,0,1,,,,
MNQ DEC25,1s,1,5302,2025-11-13 10:48:23,25245.25,25245.5,25242.75,25245.5,355,2.75,0.25,0,2.5,1,,,,
MNQ DEC25,1s,1,5303,2025-11-13 10:48:24,25245.5,25246.5,25243.5,25244.5,182,3,1,1,1,-1,,,,
MNQ DEC25,1s,1,5304,2025-11-13 10:48:25,25244.5,25244.75,25239,25239.5,146,5.75,5,0.25,0.5,-1,,,,
MNQ DEC25,1s,1,5305,2025-11-13 10:48:26,25239.5,25241.5,25238.25,25238.25,73,3.25,1.25,2,0,-1,,,,
MNQ DEC25,1s,1,5306,2025-11-13 10:48:27,25239,25239.5,25237.5,25239.25,126,2,0.25,0.25,1.5,1,,,,
MNQ DEC25,1s,1,5307,2025-11-13 10:48:28,25238.5,25239.5,25237,25237,97,2.5,1.5,1,0,-1,,,,
MNQ DEC25,1s,1,5308,2025-11-13 10:48:29,25237,25239,25236.75,25238.25,44,2.25,1.25,0.75,0.25,1,,,,
MNQ DEC25,1s,1,5309,2025-11-13 10:48:30,25238.75,25239.25,25238,25239,54,1.25,0.25,0.25,0.75,1,,,,
MNQ DEC25,10s,10,5930,2025-11-13 10:48:30,25242.25,25246.5,25236.75,25239,1341,9.75,3.25,4.25,2.25,-1,-334.55,65.25,-25.5,-68.12
MNQ DEC25,1s,1,5310,2025-11-13 10:48:31,25239.25,25240,25237.25,25237.5,59,2.75,1.75,0.75,0.25,-1,,,,
MNQ DEC25,1s,1,5311,2025-11-13 10:48:32,25238,25239.25,25237.25,25237.25,111,2,0.75,1.25,0,-1,,,,
MNQ DEC25,1s,1,5312,2025-11-13 10:48:33,25237.25,25237.75,25236.25,25237.25,91,1.5,0,0.5,1,0,,,,
MNQ DEC25,1s,1,5313,2025-11-13 10:48:34,25236.5,25238.25,25236.5,25237.75,66,1.75,1.25,0.5,0,1,,,,
MNQ DEC25,1s,1,5314,2025-11-13 10:48:35,25237.75,25243.25,25237.75,25242.75,85,5.5,5,0.5,0,1,,,,
MNQ DEC25,1s,1,5315,2025-11-13 10:48:36,25242.5,25242.5,25240.25,25241.75,100,2.25,0.75,0,1.5,-1,,,,
MNQ DEC25,1s,1,5316,2025-11-13 10:48:37,25241.5,25243.5,25241.5,25243,48,2,1.5,0.5,0,1,,,,
MNQ DEC25,1s,1,5317,2025-11-13 10:48:38,25243.5,25244.5,25242.5,25243.75,273,2,0.25,0.75,1,1,,,,
MNQ DEC25,1s,1,5318,2025-11-13 10:48:39,25243.75,25246.25,25242.25,25242.75,285,4,1,2.5,0.5,-1,,,,
MNQ DEC25,1s,1,5319,2025-11-13 10:48:40,25242.75,25246,25242.75,25245.25,79,3.25,2.5,0.75,0,1,,,,
MNQ DEC25,10s,10,5931,2025-11-13 10:48:40,25239.25,25246.25,25236.25,25245.25,1197,10,6,1,3,1,-316.8,17.75,35.4,-72.56
MNQ DEC25,20s,20,5965,2025-11-13 10:48:40,25242.25,25246.5,25236.25,25245.25,2538,10.25,3,1.25,6,1,312.25,148.3,-91.41666667,-182.49
MNQ DEC25,1s,1,5320,2025-11-13 10:48:41,25245.75,25251.5,25245,25250.25,571,6.5,4.5,1.25,0.75,1,,,,
MNQ DEC25,1s,1,5321,2025-11-13 10:48:42,25250,25250,25244.75,25245.25,216,5.25,4.75,0,0.5,-1,,,,
MNQ DEC25,1s,1,5322,2025-11-13 10:48:43,25245,25245.5,25244,25245,88,1.5,0,0.5,1,0,,,,
MNQ DEC25,1s,1,5323,2025-11-13 10:48:44,25245,25246.5,25242.75,25242.75,82,3.75,2.25,1.5,0,-1,,,,
MNQ DEC25,1s,1,5324,2025-11-13 10:48:45,25242.75,25242.75,25240.5,25241.25,112,2.25,1.5,0,0.75,-1,,,,
MNQ DEC25,1s,1,5325,2025-11-13 10:48:46,25241.25,25243.25,25241.25,25242.5,78,2,1.25,0.75,0,1,,,,
MNQ DEC25,1s,1,5326,2025-11-13 10:48:47,25243.25,25244,25241.75,25244,67,2.25,0.75,0,1.5,1,,,,
MNQ DEC25,1s,1,5327,2025-11-13 10:48:48,25244,25246.25,25244,25244.5,107,2.25,0.5,1.75,0,1,,,,
MNQ DEC25,1s,1,5328,2025-11-13 10:48:49,25244.5,25245.5,25244,25244.5,75,1.5,0,1,0.5,0,,,,
MNQ DEC25,1s,1,5329,2025-11-13 10:48:50,25244,25244.75,25243,25243.25,94,1.75,0.75,0.75,0.25,-1,,,,
MNQ DEC25,10s,10,5932,2025-11-13 10:48:50,25245.75,25251.5,25240.5,25243.25,1490,11,2.5,5.75,2.75,-1,-25.8,291,124.66666667,46.45
MNQ DEC25,1s,1,5330,2025-11-13 10:48:51,25244.25,25246,25244.25,25244.75,112,1.75,0.5,1.25,0,1,,,,
MNQ DEC25,1s,1,5331,2025-11-13 10:48:52,25245.25,25246.75,25245,25245,41,1.75,0.25,1.5,0,-1,,,,
MNQ DEC25,1s,1,5332,2025-11-13 10:48:53,25245.5,25245.5,25243.75,25245,77,1.75,0.5,0,1.25,-1,,,,
MNQ DEC25,1s,1,5333,2025-11-13 10:48:54,25245,25248,25243.75,25247.5,76,4.25,2.5,0.5,1.25,1,,,,
MNQ DEC25,1s,1,5334,2025-11-13 10:48:55,25247.25,25247.25,25246.25,25246.25,42,1,1,0,0,-1,,,,
MNQ DEC25,1s,1,5335,2025-11-13 10:48:56,25245.5,25246.25,25244.25,25244.25,72,2,1.25,0.75,0,-1,,,,
MNQ DEC25,1s,1,5336,2025-11-13 10:48:57,25243.75,25244,25241.25,25242.25,84,2.75,1.5,0.25,1,-1,,,,
MNQ DEC25,1s,1,5337,2025-11-13 10:48:58,25241.25,25243.25,25241.25,25242.75,41,2,1.5,0.5,0,1,,,,
MNQ DEC25,1s,1,5338,2025-11-13 10:48:59,25242.75,25246,25242.75,25245.5,48,3.25,2.75,0.5,0,1,,,,
MNQ DEC25,1s,1,5339,2025-11-13 10:49:00,25245,25245.75,25243.75,25245.25,71,2,0.25,0.5,1.25,1,,,,
MNQ DEC25,10s,10,5933,2025-11-13 10:49:00,25244.25,25248,25241.25,25245.25,664,6.75,1,2.75,3,1,-100.5,-74.7,78.01666667,64.5
MNQ DEC25,20s,20,5966,2025-11-13 10:49:00,25245.75,25251.5,25240.5,25245.25,2154,11,0.5,5.75,4.75,-1,-123.4,-435.65,-76.15,-171.37
MNQ DEC25,1s,1,5340,2025-11-13 10:49:01,25245.25,25247.25,25244.75,25246,102,2.5,0.75,1.25,0.5,1,,,,
MNQ DEC25,1s,1,5341,2025-11-13 10:49:02,25246.25,25248.25,25245.5,25246.75,110,2.75,0.5,1.5,0.75,1,,,,
MNQ DEC25,1s,1,5342,2025-11-13 10:49:03,25246.75,25247.25,25244.25,25244.5,71,3,2.25,0.5,0.25,-1,,,,
MNQ DEC25,1s,1,5343,2025-11-13 10:49:04,25244.5,25244.75,25240.75,25241.25,85,4,3.25,0.25,0.5,-1,,,,
MNQ DEC25,1s,1,5344,2025-11-13 10:49:05,25240.5,25240.5,25237.5,25238.25,208,3,2.25,0,0.75,-1,,,,
MNQ DEC25,1s,1,5345,2025-11-13 10:49:06,25238.5,25240,25238,25238.75,76,2,0.25,1.25,0.5,1,,,,
MNQ DEC25,1s,1,5346,2025-11-13 10:49:07,25238.75,25239.5,25237.5,25238.5,49,2,0.25,0.75,1,-1,,,,
MNQ DEC25,1s,1,5347,2025-11-13 10:49:08,25238.75,25239,25237.75,25238.25,50,1.25,0.5,0.25,0.5,-1,,,,
MNQ DEC25,1s,1,5348,2025-11-13 10:49:09,25238,25240.75,25238,25238.75,104,2.75,0.75,2,0,1,,,,
MNQ DEC25,1s,1,5349,2025-11-13 10:49:10,25240.25,25241.5,25239.5,25239.75,63,2,0.5,1.25,0.25,-1,,,,
MNQ DEC25,10s,10,5934,2025-11-13 10:49:10,25245.25,25248.25,25237.5,25239.75,918,10.75,5.5,3,2.25,-1,-195.65,-95.15,40.38333333,40.83
MNQ DEC25,1s,1,5350,2025-11-13 10:49:11,25239.5,25240,25238.5,25239.5,32,1.5,0,0.5,1,0,,,,
MNQ DEC25,1s,1,5351,2025-11-13 10:49:12,25239,25239,25236.5,25236.5,114,2.5,2.5,0,0,-1,,,,
MNQ DEC25,1s,1,5352,2025-11-13 10:49:13,25236.25,25237.25,25235.25,25235.75,84,2,0.5,1,0.5,-1,,,,
MNQ DEC25,1s,1,5353,2025-11-13 10:49:14,25235,25237,25234.25,25234.75,116,2.75,0.25,2,0.5,-1,,,,
MNQ DEC25,1s,1,5354,2025-11-13 10:49:15,25234.5,25234.75,25232,25232.75,141,2.75,1.75,0.25,0.75,-1,,,,
MNQ DEC25,1s,1,5355,2025-11-13 10:49:16,25232.75,25234.25,25231.25,25232.25,164,3,0.5,1.5,1,-1,,,,
MNQ DEC25,1s,1,5356,2025-11-13 10:49:17,25232.25,25233.25,25231.25,25232.5,96,2,0.25,0.75,1,1,,,,
MNQ DEC25,1s,1,5357,2025-11-13 10:49:18,25232.25,25233.5,25231.75,25232.5,103,1.75,0.25,1,0.5,1,,,,
MNQ DEC25,1s,1,5358,2025-11-13 10:49:19,25232,25233,25231.5,25232.25,77,1.5,0.25,0.75,0.5,1,,,,
MNQ DEC25,1s,1,5359,2025-11-13 10:49:20,25232.75,25233.25,25231,25232.25,81,2.25,0.5,0.5,1.25,-1,,,,
MNQ DEC25,10s,10,5935,2025-11-13 10:49:20,25239.5,25240,25231,25232.25,1008,9,7.25,0.5,1.25,-1,-224.7,-29.05,-66.3,21.97
MNQ DEC25,20s,20,5967,2025-11-13 10:49:20,25245.25,25248.25,25231,25232.25,1926,17.25,13,3,1.25,-1,-172.6,-49.2,-112.18333333,-151.82
MNQ DEC25,1s,1,5360,2025-11-13 10:49:21,25232.25,25235,25232,25235,83,3,2.75,0,0.25,1,,,,
MNQ DEC25,1s,1,5361,2025-11-13 10:49:22,25235.25,25239.5,25235.25,25239.5,147,4.25,4.25,0,0,1,,,,
MNQ DEC25,1s,1,5362,2025-11-13 10:49:23,25239.25,25240,25238.75,25239,68,1.25,0.25,0.75,0.25,-1,,,,
MNQ DEC25,1s,1,5363,2025-11-13 10:49:24,25239,25240.25,25238.5,25239.5,67,1.75,0.5,0.75,0.5,1,,,,
MNQ DEC25,1s,1,5364,2025-11-13 10:49:25,25239.5,25239.75,25238,25238.5,51,1.75,1,0.25,0.5,-1,,,,
MNQ DEC25,1s,1,5365,2025-11-13 10:49:26,25238.25,25240,25238.25,25239.75,44,1.75,1.5,0.25,0,1,,,,
MNQ DEC25,1s,1,5366,2025-11-13 10:49:27,25239.5,25239.5,25238.5,25238.5,33,1,1,0,0,-1,,,,
MNQ DEC25,1s,1,5367,2025-11-13 10:49:28,25239,25240.25,25237,25237.75,90,3.25,1.25,1.25,0.75,-1,,,,
MNQ DEC25,1s,1,5368,2025-11-13 10:49:29,25238,25238,25234.75,25235.25,102,3.25,2.75,0,0.5,-1,,,,
MNQ DEC25,1s,1,5369,2025-11-13 10:49:30,25235.5,25235.5,25232.25,25232.75,79,3.25,2.75,0,0.5,-1,,,,
MNQ DEC25,10s,10,5936,2025-11-13 10:49:30,25232.25,25240.25,25232,25232.75,764,8.25,0.5,7.5,0.25,1,-225.85,-1.15,-41.78333333,18.19
MNQ DEC25,1s,1,5370,2025-11-13 10:49:31,25233,25234,25232.75,25233.5,67,1.25,0.5,0.5,0.25,1,,,,
MNQ DEC25,1s,1,5371,2025-11-13 10:49:32,25232.75,25233,25227.5,25227.75,640,5.5,5,0.25,0.25,-1,,,,
MNQ DEC25,1s,1,5372,2025-11-13 10:49:33,25228.25,25229.75,25228,25229,213,1.75,0.75,0.75,0.25,1,,,,
MNQ DEC25,1s,1,5373,2025-11-13 10:49:34,25229,25229.25,25227.5,25228,170,1.75,1,0.25,0.5,-1,,,,
MNQ DEC25,1s,1,5374,2025-11-13 10:49:35,25227.75,25228.75,25227,25228.75,224,1.75,1,0,0.75,1,,,,
MNQ DEC25,1s,1,5375,2025-11-13 10:49:36,25228.25,25229.5,25228,25229.5,75,1.5,1.25,0,0.25,1,,,,
MNQ DEC25,1s,1,5376,2025-11-13 10:49:37,25229.75,25230.75,25228.75,25230.5,65,2,0.75,0.25,1,1,,,,
MNQ DEC25,1s,1,5377,2025-11-13 10:49:38,25229.75,25233,25229.25,25232.75,240,3.75,3,0.25,0.5,1,,,,
MNQ DEC25,1s,1,5378,2025-11-13 10:49:39,25233,25234.25,25232,25233.75,108,2.25,0.75,0.5,1,1,,,,
MNQ DEC25,1s,1,5379,2025-11-13 10:49:40,25234,25237.25,25233.25,25237.25,148,4,3.25,0,0.75,1,,,,
MNQ DEC25,10s,10,5937,2025-11-13 10:49:40,25233,25237.25,25227,25237.25,1950,10.25,4.25,0,6,1,-143.6,82.25,17.35,-23.56
MNQ DEC25,20s,20,5968,2025-11-13 10:49:40,25232.25,25240.25,25227,25237.25,2714,13.25,5,3,5.25,1,-5.15,167.45,-105.8,-22.04
MNQ DEC25,1s,1,5380,2025-11-13 10:49:41,25237,25238,25236,25236,158,2,1,1,0,-1,,,,
MNQ DEC25,1s,1,5381,2025-11-13 10:49:42,25235.75,25237,25234.5,25236.25,89,2.5,0.5,0.75,1.25,1,,,,
MNQ DEC25,1s,1,5382,2025-11-13 10:49:43,25236,25237.75,25235.75,25237.75,53,2,1.75,0,0.25,1,,,,
MNQ DEC25,1s,1,5383,2025-11-13 10:49:44,25237.25,25239,25235.75,25236,122,3.25,1.25,1.75,0.25,-1,,,,
MNQ DEC25,1s,1,5384,2025-11-13 10:49:45,25235.5,25237.75,25235.5,25237.25,95,2.25,1.75,0.5,0,1,,,,
MNQ DEC25,1s,1,5385,2025-11-13 10:49:46,25236.75,25239.25,25236,25239.25,84,3.25,2.5,0,0.75,1,,,,
MNQ DEC25,1s,1,5386,2025-11-13 10:49:47,25239.25,25239.5,25237.75,25238.75,82,1.75,0.5,0.25,1,-1,,,,
MNQ DEC25,1s,1,5387,2025-11-13 10:49:48,25238.25,25239.25,25237,25237.5,72,2.25,0.75,1,0.5,-1,,,,
MNQ DEC25,1s,1,5388,2025-11-13 10:49:49,25237.75,25238,25236.5,25237.25,40,1.5,0.5,0.25,0.75,-1,,,,
MNQ DEC25,1s,1,5389,2025-11-13 10:49:50,25237.75,25238,25236.75,25237.5,16,1.25,0.25,0.25,0.75,-1,,,,
MNQ DEC25,10s,10,5938,2025-11-13 10:49:50,25237,25239.5,25234.5,25237.5,811,5,0.5,2,2.5,1,-105.85,37.75,39.61666667,-1.07
MNQ DEC25,1s,1,5390,2025-11-13 10:49:51,25237.25,25238.25,25236.25,25237.5,47,2,0.25,0.75,1,1,,,,
MNQ DEC25,1s,1,5391,2025-11-13 10:49:52,25237.75,25239.75,25237.75,25239.5,47,2,1.75,0.25,0,1,,,,
MNQ DEC25,1s,1,5392,2025-11-13 10:49:53,25239.25,25240.25,25239,25239.5,78,1.25,0.25,0.75,0.25,1,,,,
MNQ DEC25,1s,1,5393,2025-11-13 10:49:54,25239.25,25239.75,25238.25,25238.25,53,1.5,1,0.5,0,-1,,,,
MNQ DEC25,1s,1,5394,2025-11-13 10:49:55,25238.25,25239.25,25238,25239.25,25,1.25,1,0,0.25,1,,,,
MNQ DEC25,1s,1,5395,2025-11-13 10:49:56,25239.5,25241,25238.25,25240.5,64,2.75,1,0.5,1.25,1,,,,
MNQ DEC25,1s,1,5396,2025-11-13 10:49:57,25240.5,25241,25239.25,25239.75,47,1.75,0.75,0.5,0.5,-1,,,,
MNQ DEC25,1s,1,5397,2025-11-13 10:49:58,25239.75,25240.5,25239,25240.5,55,1.5,0.75,0,0.75,1,,,,
MNQ DEC25,1s,1,5398,2025-11-13 10:49:59,25240.5,25241.25,25240,25240.25,74,1.25,0.25,0.75,0.25,-1,,,,
MNQ DEC25,1s,1,5399,2025-11-13 10:50:00,25241,25241.75,25240,25240.75,80,1.75,0.25,0.75,0.75,-1,,,,
MNQ DEC25,10s,10,5939,2025-11-13 10:50:00,25237.25,25241.75,25236.25,25240.75,570,5.5,3.5,1,1,1,-135.3,-29.45,30.18333333,12.07
MNQ DEC25,20s,20,5969,2025-11-13 10:50:00,25237,25241.75,25234.5,25240.75,1381,7.25,3.75,1,2.5,1,-273.35,-268.2,-49.98333333,-87.46
MNQ DEC25,1s,1,5400,2025-11-13 10:50:01,25241.25,25244.5,25236.5,25236.75,493,8,4.5,3.25,0.25,-1,,,,
MNQ DEC25,1s,1,5401,2025-11-13 10:50:02,25236.75,25238.75,25235.75,25237.75,83,3,1,1,1,1,,,,
MNQ DEC25,1s,1,5402,2025-11-13 10:50:03,25238.25,25238.75,25236.25,25238,70,2.5,0.25,0.5,1.75,-1,,,,
MNQ DEC25,1s,1,5403,2025-11-13 10:50:04,25238.25,25238.5,25234.5,25235.25,149,4,3,0.25,0.75,-1,,,,
MNQ DEC25,1s,1,5404,2025-11-13 10:50:05,25234.75,25237.25,25234.25,25236.25,75,3,1.5,1,0.5,1,,,,
MNQ DEC25,1s,1,5405,2025-11-13 10:50:06,25236.5,25237.75,25235.25,25236.5,144,2.5,0,1.25,1.25,0,,,,
MNQ DEC25,1s,1,5406,2025-11-13 10:50:07,25236.5,25236.5,25233.5,25233.75,60,3,2.75,0,0.25,-1,,,,
MNQ DEC25,1s,1,5407,2025-11-13 10:50:08,25234,25234.75,25233.25,25234,34,1.5,0,0.75,0.75,0,,,,
MNQ DEC25,1s,1,5408,2025-11-13 10:50:09,25233.75,25234,25229.25,25229.25,198,4.75,4.5,0.25,0,-1,,,,
MNQ DEC25,1s,1,5409,2025-11-13 10:50:10,25229,25229,25225.25,25227.25,385,3.75,1.75,0,2,-1,,,,
MNQ DEC25,10s,10,5940,2025-11-13 10:50:10,25241.25,25244.5,25225.25,25227.25,1691,19.25,14,3.25,2,-1,-46.55,88.75,32.35,35.63
MNQ DEC25,1s,1,5410,2025-11-13 10:50:11,25227.25,25228.25,25225.75,25225.75,134,2.5,1.5,1,0,-1,,,,
MNQ DEC25,1s,1,5411,2025-11-13 10:50:12,25225.25,25227,25225.25,25226.75,102,1.75,1.5,0.25,0,1,,,,
MNQ DEC25,1s,1,5412,2025-11-13 10:50:13,25225.25,25227,25224.25,25226.75,199,2.75,1.5,0.25,1,1,,,,
MNQ DEC25,1s,1,5413,2025-11-13 10:50:14,25226.75,25227.25,25224.25,25224.5,79,3,2.25,0.5,0.25,-1,,,,
MNQ DEC25,1s,1,5414,2025-11-13 10:50:15,25224.75,25226.5,25223,25225.5,373,3.5,0.75,1,1.75,1,,,,
MNQ DEC25,1s,1,5415,2025-11-13 10:50:16,25225.5,25225.75,25223,25224,178,2.75,1.5,0.25,1,-1,,,,
MNQ DEC25,1s,1,5416,2025-11-13 10:50:17,25223.5,25224.5,25222.5,25223.25,73,2,0.25,1,0.75,-1,,,,
MNQ DEC25,1s,1,5417,2025-11-13 10:50:18,25223.5,25224.25,25222.25,25223.25,243,2,0.25,0.75,1,-1,,,,
MNQ DEC25,1s,1,5418,2025-11-13 10:50:19,25223.25,25224.75,25222.5,25224.25,143,2.25,1,0.5,0.75,1,,,,
MNQ DEC25,1s,1,5419,2025-11-13 10:50:20,25223.75,25225.25,25223,25225.25,81,2.25,1.5,0,0.75,1,,,,
MNQ DEC25,10s,10,5941,2025-11-13 10:50:20,25227.25,25228.25,25222.25,25225.25,1605,6,2,1,3,-1,81.7,128.25,62.51666667,61.51
MNQ DEC25,20s,20,5970,2025-11-13 10:50:20,25241.25,25244.5,25222.25,25225.25,3296,22.25,16,3.25,3,-1,-198.25,75.1,-8.55,-102.1
MNQ DEC25,1s,1,5420,2025-11-13 10:50:21,25225.25,25228,25225,25227.75,135,3,2.5,0.25,0.25,1,,,,
MNQ DEC25,1s,1,5421,2025-11-13 10:50:22,25227.25,25228.25,25225.75,25225.75,157,2.5,1.5,1,0,-1,,,,
MNQ DEC25,1s,1,5422,2025-11-13 10:50:23,25225.5,25226.25,25224.75,25225.75,59,1.5,0.25,0.5,0.75,1,,,,
MNQ DEC25,1s,1,5423,2025-11-13 10:50:24,25225.25,25226.25,25224.75,25225.25,90,1.5,0,1,0.5,0,,,,
MNQ DEC25,1s,1,5424,2025-11-13 10:50:25,25225,25226.25,25224.5,25224.75,55,1.75,0.25,1.25,0.25,-1,,,,
MNQ DEC25,1s,1,5425,2025-11-13 10:50:26,25225,25225.75,25224.25,25225,46,1.5,0,0.75,0.75,0,,,,
MNQ DEC25,1s,1,5426,2025-11-13 10:50:27,25225.25,25225.25,25222.5,25223,52,2.75,2.25,0,0.5,-1,,,,
MNQ DEC25,1s,1,5427,2025-11-13 10:50:28,25223,25224.5,25222.75,25224,111,1.75,1,0.5,0.25,1,,,,
MNQ DEC25,1s,1,5428,2025-11-13 10:50:29,25223.75,25225.5,25223,25225.5,86,2.5,1.75,0,0.75,1,,,,
MNQ DEC25,1s,1,5429,2025-11-13 10:50:30,25225.5,25225.75,25223.25,25223.75,72,2.5,1.75,0.25,0.5,-1,,,,
MNQ DEC25,10s,10,5942,2025-11-13 10:50:30,25225.25,25228.25,25222.5,25223.75,863,5.75,1.5,3,1.25,-1,-75.9,-157.6,19.8,13.54
MNQ DEC25,1s,1,5430,2025-11-13 10:50:31,25224.5,25225.5,25223.25,25223.75,43,2.25,0.75,1,0.5,-1,,,,
MNQ DEC25,1s,1,5431,2025-11-13 10:50:32,25223.75,25227,25222.5,25226.75,98,4.5,3,0.25,1.25,1,,,,
MNQ DEC25,1s,1,5432,2025-11-13 10:50:33,25226.75,25232,25226.25,25229.75,311,5.75,3,2.25,0.5,1,,,,
MNQ DEC25,1s,1,5433,2025-11-13 10:50:34,25229.5,25230,25227,25227.25,109,3,2.25,0.5,0.25,-1,,,,
MNQ DEC25,1s,1,5434,2025-11-13 10:50:35,25227.75,25228.5,25226.5,25227.5,101,2,0.25,0.75,1,-1,,,,
MNQ DEC25,1s,1,5435,2025-11-13 10:50:36,25227.5,25235.75,25227.5,25235.25,314,8.25,7.75,0.5,0,1,,,,
MNQ DEC25,1s,1,5436,2025-11-13 10:50:37,25235.25,25236.25,25234,25234.75,163,2.25,0.5,1,0.75,-1,,,,
MNQ DEC25,1s,1,5437,2025-11-13 10:50:38,25234.5,25236.75,25234.5,25236.75,130,2.25,2.25,0,0,1,,,,
MNQ DEC25,1s,1,5438,2025-11-13 10:50:39,25236.5,25237,25234.25,25236.25,145,2.75,0.25,0.5,2,-1,,,,
MNQ DEC25,1s,1,5439,2025-11-13 10:50:40,25235.75,25238,25235.5,25235.5,95,2.5,0.25,2.25,0,-1,,,,
MNQ DEC25,10s,10,5943,2025-11-13 10:50:40,25224.5,25238,25222.5,25235.5,1509,15.5,11,2.5,2,1,93.25,169.15,46.6,39.82
MNQ DEC25,20s,20,5971,2025-11-13 10:50:40,25225.25,25238,25222.5,25235.5,2372,15.5,10.25,2.5,2.75,1,-198.3,-0.05,-64.38333333,-14.98
MNQ DEC25,1s,1,5440,2025-11-13 10:50:41,25235.75,25236.25,25234,25234.25,104,2.25,1.5,0.5,0.25,-1,,,,
MNQ DEC25,1s,1,5441,2025-11-13 10:50:42,25234.25,25235.75,25233.5,25235.25,73,2.25,1,0.5,0.75,1,,,,
MNQ DEC25,1s,1,5442,2025-11-13 10:50:43,25235.75,25239.5,25235.25,25237.5,112,4.25,1.75,2,0.5,1,,,,
MNQ DEC25,1s,1,5443,2025-11-13 10:50:44,25237.5,25239,25237.25,25237.75,42,1.75,0.25,1.25,0.25,1,,,,
MNQ DEC25,1s,1,5444,2025-11-13 10:50:45,25238.25,25238.75,25235.75,25236,97,3,2.25,0.5,0.25,-1,,,,
MNQ DEC25,1s,1,5445,2025-11-13 10:50:46,25236.75,25237.25,25233.5,25235.25,126,3.75,1.5,0.5,1.75,-1,,,,
MNQ DEC25,1s,1,5446,2025-11-13 10:50:47,25235.5,25238.25,25235.5,25237.25,64,2.75,1.75,1,0,1,,,,
MNQ DEC25,1s,1,5447,2025-11-13 10:50:48,25237,25239,25237,25238.75,62,2,1.75,0.25,0,1,,,,
MNQ DEC25,1s,1,5448,2025-11-13 10:50:49,25238.75,25240.5,25235.75,25236.25,132,4.75,2.5,1.75,0.5,-1,,,,
MNQ DEC25,1s,1,5449,2025-11-13 10:50:50,25236.25,25236.5,25235,25235.25,61,1.5,1,0.25,0.25,-1,,,,
MNQ DEC25,10s,10,5944,2025-11-13 10:50:50,25235.75,25240.5,25233.5,25235.25,873,7,0.5,4.75,1.75,-1,172,78.75,30.1,61.46
MNQ DEC25,1s,1,5450,2025-11-13 10:50:51,25235,25235.25,25233.25,25233.5,78,2,1.5,0.25,0.25,-1,,,,
MNQ DEC25,1s,1,5451,2025-11-13 10:50:52,25233.5,25234,25232.75,25232.75,36,1.25,0.75,0.5,0,-1,,,,
MNQ DEC25,1s,1,5452,2025-11-13 10:50:53,25233,25235,25232.75,25234.75,69,2.25,1.75,0.25,0.25,1,,,,
MNQ DEC25,1s,1,5453,2025-11-13 10:50:54,25234.25,25234.75,25232.25,25234.5,53,2.5,0.25,0.25,2,1,,,,
MNQ DEC25,1s,1,5454,2025-11-13 10:50:55,25234.75,25235,25234.25,25235,28,0.75,0.25,0,0.5,1,,,,
MNQ DEC25,1s,1,5455,2025-11-13 10:50:56,25234.75,25236.75,25234,25235,68,2.75,0.25,1.75,0.75,1,,,,
MNQ DEC25,1s,1,5456,2025-11-13 10:50:57,25234.75,25235.5,25234,25234.5,46,1.5,0.25,0.75,0.5,-1,,,,
MNQ DEC25,1s,1,5457,2025-11-13 10:50:58,25234.75,25235,25233.5,25234.75,36,1.5,0,0.25,1.25,0,,,,
MNQ DEC25,1s,1,5458,2025-11-13 10:50:59,25235.5,25235.75,25234.25,25234.25,46,1.5,1.25,0.25,0,-1,,,,
MNQ DEC25,1s,1,5459,2025-11-13 10:51:00,25234,25234.5,25232.75,25234.5,58,1.75,0.5,0,1.25,1,,,,
MNQ DEC25,10s,10,5945,2025-11-13 10:51:00,25235,25236.75,25232.25,25234.5,518,4.5,0.5,1.75,2.25,-1,-43.65,-215.65,10.75,0.58
MNQ DEC25,20s,20,5972,2025-11-13 10:51:00,25235.75,25240.5,25232.25,25234.5,1391,8.25,1.25,4.75,2.25,-1,-300,-101.7,-8.88333333,-25.48
MNQ DEC25,1s,1,5460,2025-11-13 10:51:01,25234,25237.75,25233.25,25236.25,88,4.5,2.25,1.5,0.75,1,,,,
MNQ DEC25,1s,1,5461,2025-11-13 10:51:02,25236.75,25243.5,25236.25,25242.75,302,7.25,6,0.75,0.5,1,,,,
MNQ DEC25,1s,1,5462,2025-11-13 10:51:03,25243.25,25248.25,25243.25,25246.75,397,5,3.5,1.5,0,1,,,,
MNQ DEC25,1s,1,5463,2025-11-13 10:51:04,25246.5,25247.5,25243.75,25247.5,408,3.75,1,0,2.75,1,,,,
MNQ DEC25,1s,1,5464,2025-11-13 10:51:05,25247.5,25247.75,25243.25,25243.5,241,4.5,4,0.25,0.25,-1,,,,
MNQ DEC25,1s,1,5465,2025-11-13 10:51:06,25243.75,25246.5,25243,25244.5,140,3.5,0.75,2,0.75,1,,,,
MNQ DEC25,1s,1,5466,2025-11-13 10:51:07,25244.5,25245.25,25238.75,25238.75,223,6.5,5.75,0.75,0,-1,,,,
MNQ DEC25,1s,1,5467,2025-11-13 10:51:08,25238.5,25238.5,25236,25237.75,128,2.5,0.75,0,1.75,-1,,,,
MNQ DEC25,1s,1,5468,2025-11-13 10:51:09,25237,25237.5,25235.5,25236.75,86,2,0.25,0.5,1.25,-1,,,,
MNQ DEC25,1s,1,5469,2025-11-13 10:51:10,25237,25237.5,25235.25,25236,83,2.25,1,0.5,0.75,-1,,,,
MNQ DEC25,10s,10,5946,2025-11-13 10:51:10,25234,25248.25,25233.25,25236,2096,15,2,12.25,0.75,1,4.65,48.3,-29.53333333,-15.41
MNQ DEC25,1s,1,5470,2025-11-13 10:51:11,25236.25,25236.75,25233.75,25235.75,176,3,0.5,0.5,2,-1,,,,
MNQ DEC25,1s,1,5471,2025-11-13 10:51:12,25235.5,25236.75,25235.5,25235.5,42,1.25,0,1.25,0,0,,,,
MNQ DEC25,1s,1,5472,2025-11-13 10:51:13,25236.25,25236.5,25231.25,25231.5,175,5.25,4.75,0.25,0.25,-1,,,,
MNQ DEC25,1s,1,5473,2025-11-13 10:51:14,25231.5,25233.25,25231.5,25231.75,94,1.75,0.25,1.5,0,1,,,,
MNQ DEC25,1s,1,5474,2025-11-13 10:51:15,25231.25,25234.5,25230.5,25234.5,63,4,3.25,0,0.75,1,,,,
MNQ DEC25,1s,1,5475,2025-11-13 10:51:16,25234.75,25236,25232,25232.5,69,4,2.25,1.25,0.5,-1,,,,
MNQ DEC25,1s,1,5476,2025-11-13 10:51:17,25232.75,25233,25230.75,25231.5,66,2.25,1.25,0.25,0.75,-1,,,,
MNQ DEC25,1s,1,5477,2025-11-13 10:51:18,25232,25233.5,25229.75,25230.5,81,3.75,1.5,1.5,0.75,-1,,,,
MNQ DEC25,1s,1,5478,2025-11-13 10:51:19,25230.5,25231.25,25229.75,25230.5,92,1.5,0,0.75,0.75,0,,,,
MNQ DEC25,1s,1,5479,2025-11-13 10:51:20,25230.5,25232.25,25230,25230.5,90,2.25,0,1.75,0.5,0,,,,
MNQ DEC25,10s,10,5947,2025-11-13 10:51:20,25236.25,25236.75,25229.75,25230.5,948,7,5.75,0.5,0.75,-1,2.25,-2.4,-56.58333333,15.63
MNQ DEC25,20s,20,5973,2025-11-13 10:51:20,25234,25248.25,25229.75,25230.5,3044,18.5,3.5,14.25,0.75,-1,-326,-26,-42.58333333,-64.17
MNQ DEC25,1s,1,5480,2025-11-13 10:51:21,25230.5,25231,25229,25229.5,77,2,1,0.5,0.5,-1,,,,
MNQ DEC25,1s,1,5481,2025-11-13 10:51:22,25229.5,25230,25228,25230,229,2,0.5,0,1.5,1,,,,
MNQ DEC25,1s,1,5482,2025-11-13 10:51:23,25229.5,25230.75,25229.5,25229.75,37,1.25,0.25,1,0,1,,,,
MNQ DEC25,1s,1,5483,2025-11-13 10:51:24,25230.5,25230.75,25228.5,25228.5,36,2.25,2,0.25,0,-1,,,,
MNQ DEC25,1s,1,5484,2025-11-13 10:51:25,25227.75,25229.75,25227.25,25228.25,118,2.5,0.5,1.5,0.5,1,,,,
MNQ DEC25,1s,1,5485,2025-11-13 10:51:26,25228.5,25234,25228.5,25233.75,121,5.5,5.25,0.25,0,1,,,,
MNQ DEC25,1s,1,5486,2025-11-13 10:51:27,25234,25234,25231.75,25232.75,90,2.25,1.25,0,1,-1,,,,
MNQ DEC25,1s,1,5487,2025-11-13 10:51:28,25233,25235.75,25233,25235.25,53,2.75,2.25,0.5,0,1,,,,
MNQ DEC25,1s,1,5488,2025-11-13 10:51:29,25235.5,25235.75,25232.25,25232.25,51,3.5,3.25,0.25,0,-1,,,,
MNQ DEC25,1s,1,5489,2025-11-13 10:51:30,25232.5,25234.75,25232,25234,72,2.75,1.5,0.75,0.5,1,,,,
MNQ DEC25,10s,10,5948,2025-11-13 10:51:30,25230.5,25235.75,25227.25,25234,884,8.5,3.5,1.75,3.25,1,-94.1,-96.35,-16.81666667,-37.47
MNQ DEC25,1s,1,5490,2025-11-13 10:51:31,25234.5,25234.5,25232.5,25233.25,34,2,1.25,0,0.75,-1,,,,
MNQ DEC25,1s,1,5491,2025-11-13 10:51:32,25232.75,25236,25232.75,25235.25,44,3.25,2.5,0.75,0,1,,,,
MNQ DEC25,1s,1,5492,2025-11-13 10:51:33,25235,25237.25,25234.25,25237.25,75,3,2.25,0,0.75,1,,,,
MNQ DEC25,1s,1,5493,2025-11-13 10:51:34,25236.75,25238.25,25236.25,25238,64,2,1.25,0.25,0.5,1,,,,
MNQ DEC25,1s,1,5494,2025-11-13 10:51:35,25238.5,25240.25,25237.25,25238.25,104,3,0.25,1.75,1,-1,,,,
MNQ DEC25,1s,1,5495,2025-11-13 10:51:36,25238.5,25238.5,25236.5,25236.75,77,2,1.75,0,0.25,-1,,,,
MNQ DEC25,1s,1,5496,2025-11-13 10:51:37,25236.25,25237.25,25234.5,25234.5,77,2.75,1.75,1,0,-1,,,,
MNQ DEC25,1s,1,5497,2025-11-13 10:51:38,25234.25,25234.25,25230.75,25231,101,3.5,3.25,0,0.25,-1,,,,
MNQ DEC25,1s,1,5498,2025-11-13 10:51:39,25231.25,25233.25,25230.25,25232.75,123,3,1.5,0.5,1,1,,,,
MNQ DEC25,1s,1,5499,2025-11-13 10:51:40,25233,25234.5,25232.25,25234,41,2.25,1,0.5,0.75,1,,,,
MNQ DEC25,10s,10,5949,2025-11-13 10:51:40,25234.5,25240.25,25230.25,25234,740,10,0.5,5.75,3.75,-1,-84.8,9.3,-29.81666667,-51.36
MNQ DEC25,20s,20,5974,2025-11-13 10:51:40,25230.5,25240.25,25227.25,25234,1624,13,3.5,6.25,3.25,1,-270.4,55.6,-24.03333333,0.59
MNQ DEC25,1s,1,5500,2025-11-13 10:51:41,25234,25234,25231.5,25231.75,44,2.5,2.25,0,0.25,-1,,,,
MNQ DEC25,1s,1,5501,2025-11-13 10:51:42,25232.5,25236.25,25232.5,25236.25,51,3.75,3.75,0,0,1,,,,
MNQ DEC25,1s,1,5502,2025-11-13 10:51:43,25236.75,25237.5,25236.25,25236.5,29,1.25,0.25,0.75,0.25,-1,,,,
MNQ DEC25,1s,1,5503,2025-11-13 10:51:44,25236.25,25236.5,25234,25234.75,50,2.5,1.5,0.25,0.75,-1,,,,
MNQ DEC25,1s,1,5504,2025-11-13 10:51:45,25235,25236.25,25234.5,25234.75,43,1.75,0.25,1.25,0.25,-1,,,,
MNQ DEC25,1s,1,5505,2025-11-13 10:51:46,25234.75,25234.75,25233.5,25234.25,32,1.25,0.5,0,0.75,-1,,,,
MNQ DEC25,1s,1,5506,2025-11-13 10:51:47,25234.25,25234.75,25233.75,25234.5,39,1,0.25,0.25,0.5,1,,,,
MNQ DEC25,1s,1,5507,2025-11-13 10:51:48,25234.25,25237,25233.75,25236.25,35,3.25,2,0.75,0.5,1,,,,
MNQ DEC25,1s,1,5508,2025-11-13 10:51:49,25235.5,25236,25234,25234,20,2,1.5,0.5,0,-1,,,,
MNQ DEC25,1s,1,5509,2025-11-13 10:51:50,25234,25235,25232.75,25233.5,55,2.25,0.5,1,0.75,-1,,,,
MNQ DEC25,10s,10,5950,2025-11-13 10:51:50,25234,25237.5,25231.5,25233.5,398,6,0.5,3.5,2,-1,-61.65,23.15,-21.3,-3.6
MNQ DEC25,1s,1,5510,2025-11-13 10:51:51,25234,25234.75,25233.75,25234.25,37,1,0.25,0.5,0.25,1,,,,
MNQ DEC25,1s,1,5511,2025-11-13 10:51:52,25233.5,25236.25,25233,25235.25,57,3.25,1.75,1,0.5,1,,,,
MNQ DEC25,1s,1,5512,2025-11-13 10:51:53,25234.75,25235,25233.5,25233.5,26,1.5,1.25,0.25,0,-1,,,,
MNQ DEC25,1s,1,5513,2025-11-13 10:51:54,25233.5,25238.25,25232.75,25238.25,72,5.5,4.75,0,0.75,1,,,,
MNQ DEC25,1s,1,5514,2025-11-13 10:51:55,25238.25,25238.5,25236.75,25238.5,50,1.75,0.25,0,1.5,1,,,,
MNQ DEC25,1s,1,5515,2025-11-13 10:51:56,25238.75,25238.75,25235.75,25237,79,3,1.75,0,1.25,-1,,,,
MNQ DEC25,1s,1,5516,2025-11-13 10:51:57,25236.25,25236.25,25234,25234,60,2.25,2.25,0,0,-1,,,,
MNQ DEC25,1s,1,5517,2025-11-13 10:51:58,25234,25234,25230,25230.25,262,4,3.75,0,0.25,-1,,,,
MNQ DEC25,1s,1,5518,2025-11-13 10:51:59,25230.25,25232,25230,25232,74,2,1.75,0,0.25,1,,,,
MNQ DEC25,1s,1,5519,2025-11-13 10:52:00,25231.25,25232.75,25231.25,25231.75,115,1.5,0.5,1,0,1,,,,
MNQ DEC25,10s,10,5951,2025-11-13 10:52:00,25234,25238.75,25230,25231.75,832,8.75,2.25,4.75,1.75,-1,-296.2,-234.55,-67.36666667,-60.17
MNQ DEC25,20s,20,5975,2025-11-13 10:52:00,25234,25238.75,25230,25231.75,1230,8.75,2.25,4.75,1.75,-1,-643.8,-373.4,-114.6,-89.11
MNQ DEC25,1s,1,5520,2025-11-13 10:52:01,25231.5,25233.25,25231,25231.75,71,2.25,0.25,1.5,0.5,1,,,,
MNQ DEC25,1s,1,5521,2025-11-13 10:52:02,25231.5,25231.5,25229,25229,108,2.5,2.5,0,0,-1,,,,
MNQ DEC25,1s,1,5522,2025-11-13 10:52:03,25229,25229.75,25228.25,25229.25,117,1.5,0.25,0.5,0.75,1,,,,
MNQ DEC25,1s,1,5523,2025-11-13 10:52:04,25229.25,25230.25,25229,25230,57,1.25,0.75,0.25,0.25,1,,,,
MNQ DEC25,1s,1,5524,2025-11-13 10:52:05,25230.25,25231,25228.5,25228.5,69,2.5,1.75,0.75,0,-1,,,,
MNQ DEC25,1s,1,5525,2025-11-13 10:52:06,25229,25229,25227.75,25228.5,51,1.25,0.5,0,0.75,-1,,,,
MNQ DEC25,1s,1,5526,2025-11-13 10:52:07,25228.25,25230.5,25228,25230,97,2.5,1.75,0.5,0.25,1,,,,
MNQ DEC25,1s,1,5527,2025-11-13 10:52:08,25229.5,25230,25228.25,25228.75,27,1.75,0.75,0.5,0.5,-1,,,,
MNQ DEC25,1s,1,5528,2025-11-13 10:52:09,25228,25229.5,25228,25229.25,52,1.5,1.25,0.25,0,1,,,,
MNQ DEC25,1s,1,5529,2025-11-13 10:52:10,25228.75,25230,25228.5,25230,38,1.5,1.25,0,0.25,1,,,,
MNQ DEC25,10s,10,5952,2025-11-13 10:52:10,25231.5,25233.25,25227.75,25230,687,5.5,1.5,1.75,2.25,-1,-308.25,-12.05,-74.48333333,-62.1
MNQ DEC25,1s,1,5530,2025-11-13 10:52:11,25229,25229.75,25228.5,25229.5,49,1.25,0.5,0.25,0.5,1,,,,
MNQ DEC25,1s,1,5531,2025-11-13 10:52:12,25229,25230.75,25228.5,25228.75,85,2.25,0.25,1.75,0.25,-1,,,,
MNQ DEC25,1s,1,5532,2025-11-13 10:52:13,25229,25229.75,25228,25228.75,31,1.75,0.25,0.75,0.75,-1,,,,
MNQ DEC25,1s,1,5533,2025-11-13 10:52:14,25227.75,25234.5,25227.75,25233.25,249,6.75,5.5,1.25,0,1,,,,
MNQ DEC25,1s,1,5534,2025-11-13 10:52:15,25232.5,25232.5,25231,25231.75,73,1.5,0.75,0,0.75,-1,,,,
MNQ DEC25,1s,1,5535,2025-11-13 10:52:16,25231.75,25232.75,25230.75,25231.75,57,2,0,1,1,0,,,,
MNQ DEC25,1s,1,5536,2025-11-13 10:52:17,25231,25231.5,25229.25,25230.5,48,2.25,0.5,0.5,1.25,-1,,,,
MNQ DEC25,1s,1,5537,2025-11-13 10:52:18,25230.5,25232.25,25230.25,25231.25,36,2,0.75,1,0.25,1,,,,
MNQ DEC25,1s,1,5538,2025-11-13 10:52:19,25230,25230.75,25229.75,25229.75,17,1,0.25,0.75,0,-1,,,,
MNQ DEC25,1s,1,5539,2025-11-13 10:52:20,25230.25,25232.5,25230.25,25232.25,45,2.25,2,0.25,0,1,,,,
MNQ DEC25,10s,10,5953,2025-11-13 10:52:20,25229,25234.5,25227.75,25232.25,690,6.75,3.25,2.25,1.25,1,-348.35,-40.1,-95.56666667,-50.85
MNQ DEC25,20s,20,5976,2025-11-13 10:52:20,25231.5,25234.5,25227.75,25232.25,1377,6.75,0.75,2.25,3.75,1,-615.05,28.75,-96.35,-83.35
MNQ DEC25,1s,1,5540,2025-11-13 10:52:21,25231.75,25232.25,25230,25230,52,2.25,1.75,0.5,0,-1,,,,
MNQ DEC25,1s,1,5541,2025-11-13 10:52:22,25230.75,25232.75,25230.75,25232.5,52,2,1.75,0.25,0,1,,,,
MNQ DEC25,1s,1,5542,2025-11-13 10:52:23,25232,25232,25230,25231.25,40,2,0.75,0,1.25,-1,,,,
MNQ DEC25,1s,1,5543,2025-11-13 10:52:24,25231.25,25232.5,25231.25,25232,21,1.25,0.75,0.5,0,1,,,,
MNQ DEC25,1s,1,5544,2025-11-13 10:52:25,25231.25,25231.25,25229.25,25230,61,2,1.25,0,0.75,-1,,,,
MNQ DEC25,1s,1,5545,2025-11-13 10:52:26,25230.25,25231,25228.75,25229.5,96,2.25,0.75,0.75,0.75,-1,,,,
MNQ DEC25,1s,1,5546,2025-11-13 10:52:27,25229.5,25231.25,25229.5,25230.75,30,1.75,1.25,0.5,0,1,,,,
MNQ DEC25,1s,1,5547,2025-11-13 10:52:28,25230.5,25230.5,25227,25228.25,235,3.5,2.25,0,1.25,-1,,,,
MNQ DEC25,1s,1,5548,2025-11-13 10:52:29,25227.5,25228,25226.75,25227.25,67,1.25,0.25,0.5,0.5,-1,,,,
MNQ DEC25,1s,1,5549,2025-11-13 10:52:30,25227.5,25229.5,25227.25,25227.75,40,2.25,0.25,1.75,0.25,1,,,,
MNQ DEC25,10s,10,5954,2025-11-13 10:52:30,25231.75,25232.75,25226.75,25227.75,694,6,4,1,1,-1,-346.35,2,-16.71666667,-52.31
MNQ DEC25,1s,1,5550,2025-11-13 10:52:31,25227.75,25228,25224.5,25226.5,154,3.5,1.25,0.25,2,-1,,,,
MNQ DEC25,1s,1,5551,2025-11-13 10:52:32,25226.75,25227.5,25225.25,25227.25,149,2.25,0.5,0.25,1.5,1,,,,
MNQ DEC25,1s,1,5552,2025-11-13 10:52:33,25227,25227,25223.5,25224.25,122,3.5,2.75,0,0.75,-1,,,,
MNQ DEC25,1s,1,5553,2025-11-13 10:52:34,25224.25,25226,25224,25225.5,117,2,1.25,0.5,0.25,1,,,,
MNQ DEC25,1s,1,5554,2025-11-13 10:52:35,25225.25,25229,25225.25,25229,143,3.75,3.75,0,0,1,,,,
MNQ DEC25,1s,1,5555,2025-11-13 10:52:36,25228.5,25229.75,25228,25228.75,104,1.75,0.25,1,0.5,1,,,,
MNQ DEC25,1s,1,5556,2025-11-13 10:52:37,25228.75,25230.5,25228.75,25229.75,80,1.75,1,0.75,0,1,,,,
MNQ DEC25,1s,1,5557,2025-11-13 10:52:38,25230,25231.5,25229.5,25231,87,2,1,0.5,0.5,1,,,,
MNQ DEC25,1s,1,5558,2025-11-13 10:52:39,25231.25,25233.75,25231,25233.5,59,2.75,2.25,0.25,0.25,1,,,,
MNQ DEC25,1s,1,5559,2025-11-13 10:52:40,25233.5,25235.5,25233.25,25233.25,140,2.25,0.25,2,0,-1,,,,
MNQ DEC25,10s,10,5955,2025-11-13 10:52:40,25227.75,25235.5,25223.5,25233.25,1155,12,5.5,2.25,4.25,1,-202.3,144.05,35.31666667,-28.13
MNQ DEC25,20s,20,5977,2025-11-13 10:52:40,25231.75,25235.5,25223.5,25233.25,1849,12,1.5,2.25,8.25,1,-469.2,145.85,-66.26666667,-33.84
MNQ DEC25,1s,1,5560,2025-11-13 10:52:41,25233.5,25235,25233,25234.25,60,2,0.75,0.75,0.5,1,,,,
MNQ DEC25,1s,1,5561,2025-11-13 10:52:42,25234,25234.75,25233,25234.75,97,1.75,0.75,0,1,1,,,,
MNQ DEC25,1s,1,5562,2025-11-13 10:52:43,25234.25,25234.25,25232.25,25232.25,127,2,2,0,0,-1,,,,
MNQ DEC25,1s,1,5563,2025-11-13 10:52:44,25232.5,25232.5,25229.75,25229.75,35,2.75,2.75,0,0,-1,,,,
MNQ DEC25,1s,1,5564,2025-11-13 10:52:45,25229.25,25230.75,25229.25,25230,50,1.5,0.75,0.75,0,1,,,,
MNQ DEC25,1s,1,5565,2025-11-13 10:52:46,25231.75,25233.5,25231.75,25233,30,1.75,1.25,0.5,0,1,,,,
MNQ DEC25,1s,1,5566,2025-11-13 10:52:47,25233.25,25234,25231.5,25232,60,2.5,1.25,0.75,0.5,-1,,,,
MNQ DEC25,1s,1,5567,2025-11-13 10:52:48,25231.25,25232.75,25231.25,25232,34,1.5,0.75,0.75,0,1,,,,
MNQ DEC25,1s,1,5568,2025-11-13 10:52:49,25232.5,25232.5,25229.5,25229.5,35,3,3,0,0,-1,,,,
MNQ DEC25,1s,1,5569,2025-11-13 10:52:50,25229.5,25231.25,25229.25,25230.75,60,2,1.25,0.5,0.25,1,,,,
MNQ DEC25,10s,10,5956,2025-11-13 10:52:50,25233.5,25235,25229.25,25230.75,588,5.75,2.75,1.5,1.5,-1,-242.3,-40,35.35,10.78
MNQ DEC25,1s,1,5570,2025-11-13 10:52:51,25230.25,25230.25,25227.5,25227.75,72,2.75,2.5,0,0.25,-1,,,,
MNQ DEC25,1s,1,5571,2025-11-13 10:52:52,25228,25231.25,25228,25230.75,71,3.25,2.75,0.5,0,1,,,,
MNQ DEC25,1s,1,5572,2025-11-13 10:52:53,25230.75,25231,25229.5,25230,30,1.5,0.75,0.25,0.5,-1,,,,
MNQ DEC25,1s,1,5573,2025-11-13 10:52:54,25230,25230.75,25229.25,25230.75,32,1.5,0.75,0,0.75,1,,,,
MNQ DEC25,1s,1,5574,2025-11-13 10:52:55,25230.5,25232,25230.25,25231,55,1.75,0.5,1,0.25,1,,,,
MNQ DEC25,1s,1,5575,2025-11-13 10:52:56,25230,25230.25,25228.75,25229.5,43,1.5,0.5,0.25,0.75,-1,,,,
MNQ DEC25,1s,1,5576,2025-11-13 10:52:57,25229.5,25233,25229.5,25231.25,245,3.5,1.75,1.75,0,1,,,,
MNQ DEC25,1s,1,5577,2025-11-13 10:52:58,25231,25233.5,25229.75,25233,163,3.75,2,0.5,1.25,1,,,,
MNQ DEC25,1s,1,5578,2025-11-13 10:52:59,25232.75,25233,25231.5,25232.75,23,1.5,0,0.25,1.25,0,,,,
MNQ DEC25,1s,1,5579,2025-11-13 10:53:00,25232.75,25233.25,25232,25232,46,1.25,0.75,0.5,0,-1,,,,
MNQ DEC25,10s,10,5957,2025-11-13 10:53:00,25230.25,25233.5,25227.5,25232,780,6,1.75,1.5,2.75,1,-165.2,77.1,60.38333333,28.61
MNQ DEC25,20s,20,5978,2025-11-13 10:53:00,25233.5,25235,25227.5,25232,1368,7.5,1.5,1.5,4.5,-1,-661.4,-192.2,-5.86666667,-67.08
MNQ DEC25,1s,1,5580,2025-11-13 10:53:01,25232,25233.75,25231,25232.5,85,2.75,0.5,1.25,1,1,,,,
MNQ DEC25,1s,1,5581,2025-11-13 10:53:02,25232,25234.25,25231.25,25234.25,49,3,2.25,0,0.75,1,,,,
MNQ DEC25,1s,1,5582,2025-11-13 10:53:03,25234.5,25235.5,25234.25,25235,60,1.25,0.5,0.5,0.25,1,,,,
MNQ DEC25,1s,1,5583,2025-11-13 10:53:04,25235,25237,25235,25235.75,110,2,0.75,1.25,0,1,,,,
MNQ DEC25,1s,1,5584,2025-11-13 10:53:05,25236.25,25236.25,25233.5,25235.25,207,2.75,1,0,1.75,-1,,,,
MNQ DEC25,1s,1,5585,2025-11-13 10:53:06,25235,25241.75,25234.25,25240.75,315,7.5,5.75,1,0.75,1,,,,
MNQ DEC25,1s,1,5586,2025-11-13 10:53:07,25241.25,25241.5,25238.25,25240.25,160,3.25,1,0.25,2,-1,,,,
MNQ DEC25,1s,1,5587,2025-11-13 10:53:08,25239.75,25240.5,25237.75,25237.75,123,2.75,2,0.75,0,-1,,,,
MNQ DEC25,1s,1,5588,2025-11-13 10:53:09,25238,25238,25234.5,25236.25,337,3.5,1.75,0,1.75,-1,,,,
MNQ DEC25,1s,1,5589,2025-11-13 10:53:10,25236,25236,25233.5,25235,85,2.5,1,0,1.5,-1,,,,
MNQ DEC25,10s,10,5958,2025-11-13 10:53:10,25232,25241.75,25231,25235,1531,10.75,3,6.75,1,1,-33,132.2,56.43333333,63.07
MNQ DEC25,1s,1,5590,2025-11-13 10:53:11,25235.25,25235.5,25232.5,25233.25,85,3,2,0.25,0.75,-1,,,,
MNQ DEC25,1s,1,5591,2025-11-13 10:53:12,25233.25,25235,25231.75,25234.75,44,3.25,1.5,0.25,1.5,1,,,,
MNQ DEC25,1s,1,5592,2025-11-13 10:53:13,25234.5,25235.75,25234,25235.75,45,1.75,1.25,0,0.5,1,,,,
MNQ DEC25,1s,1,5593,2025-11-13 10:53:14,25235.5,25236.5,25232.25,25232.75,76,4.25,2.75,1,0.5,-1,,,,
MNQ DEC25,1s,1,5594,2025-11-13 10:53:15,25231.5,25232.5,25229.25,25231.25,86,3.25,0.25,1,2,-1,,,,
MNQ DEC25,1s,1,5595,2025-11-13 10:53:16,25231.25,25232.25,25229.75,25232,73,2.5,0.75,0.25,1.5,1,,,,
MNQ DEC25,1s,1,5596,2025-11-13 10:53:17,25232.5,25232.5,25231,25231,33,1.5,1.5,0,0,-1,,,,
MNQ DEC25,1s,1,5597,2025-11-13 10:53:18,25231,25232.25,25230.75,25231.25,53,1.5,0.25,1,0.25,1,,,,
MNQ DEC25,1s,1,5598,2025-11-13 10:53:19,25231.25,25231.25,25230.75,25231.25,25,0.5,0,0,0.5,0,,,,
MNQ DEC25,1s,1,5599,2025-11-13 10:53:20,25230.5,25235.75,25229.75,25234.5,97,6,4,1.25,0.75,1,,,,
MNQ DEC25,10s,10,5959,2025-11-13 10:53:20,25235.25,25236.5,25229.25,25234.5,617,7.25,0.75,1.25,5.25,-1,-50.75,-17.75,63.85,59.12
MNQ DEC25,20s,20,5979,2025-11-13 10:53:20,25232,25241.75,25229.25,25234.5,2148,12.5,2.5,7.25,2.75,1,-546.45,114.95,22.86666667,-55.21
MNQ DEC25,1s,1,5600,2025-11-13 10:53:21,25235,25235,25233,25233.25,29,2,1.75,0,0.25,-1,,,,
MNQ DEC25,1s,1,5601,2025-11-13 10:53:22,25233.25,25233.25,25232.25,25232.25,46,1,1,0,0,-1,,,,
MNQ DEC25,1s,1,5602,2025-11-13 10:53:23,25232,25233,25231,25231,26,2,1,1,0,-1,,,,
MNQ DEC25,1s,1,5603,2025-11-13 10:53:24,25230.75,25230.75,25228.75,25230.25,50,2,0.5,0,1.5,-1,,,,
MNQ DEC25,1s,1,5604,2025-11-13 10:53:25,25229.75,25229.75,25227.25,25228.75,66,2.5,1,0,1.5,-1,,,,
MNQ DEC25,1s,1,5605,2025-11-13 10:53:26,25228.25,25230.5,25228,25230,160,2.5,1.75,0.5,0.25,1,,,,
MNQ DEC25,1s,1,5606,2025-11-13 10:53:27,25229.5,25229.5,25225.5,25225.75,97,4,3.75,0,0.25,-1,,,,
MNQ DEC25,1s,1,5607,2025-11-13 10:53:28,25225.75,25229.75,25225.25,25229,240,4.5,3.25,0.75,0.5,1,,,,
MNQ DEC25,1s,1,5608,2025-11-13 10:53:29,25229,25230,25227.5,25230,93,2.5,1,0,1.5,1,,,,
MNQ DEC25,1s,1,5609,2025-11-13 10:53:30,25229.5,25230.75,25229,25230.25,39,1.75,0.75,0.5,0.5,1,,,,
MNQ DEC25,10s,10,5960,2025-11-13 10:53:30,25235,25235,25225.25,25230.25,846,9.75,4.75,0,5,-1,-70.3,-19.55,31.63333333,26.4
MNQ DEC25,1s,1,5610,2025-11-13 10:53:31,25230.25,25233,25229.75,25232.5,49,3.25,2.25,0.5,0.5,1,,,,
MNQ DEC25,1s,1,5611,2025-11-13 10:53:32,25232.25,25233,25231.5,25233,79,1.5,0.75,0,0.75,1,,,,
MNQ DEC25,1s,1,5612,2025-11-13 10:53:33,25233,25235.75,25232.75,25235.5,73,3,2.5,0.25,0.25,1,,,,
MNQ DEC25,1s,1,5613,2025-11-13 10:53:34,25235.5,25235.75,25233.5,25233.75,58,2.25,1.75,0.25,0.25,-1,,,,
MNQ DEC25,1s,1,5614,2025-11-13 10:53:35,25234.75,25234.75,25231.75,25233,64,3,1.75,0,1.25,-1,,,,
MNQ DEC25,1s,1,5615,2025-11-13 10:53:36,25233,25234,25232.25,25232.5,68,1.75,0.5,1,0.25,-1,,,,
MNQ DEC25,1s,1,5616,2025-11-13 10:53:37,25232.25,25233.5,25232,25233,30,1.5,0.75,0.5,0.25,1,,,,
MNQ DEC25,1s,1,5617,2025-11-13 10:53:38,25233.75,25234,25232.5,25233,74,1.5,0.75,0.25,0.5,-1,,,,
MNQ DEC25,1s,1,5618,2025-11-13 10:53:39,25233,25233,25229.75,25229.75,66,3.25,3.25,0,0,-1,,,,
MNQ DEC25,1s,1,5619,2025-11-13 10:53:40,25231.5,25233.75,25231,25233.25,40,2.75,1.75,0.5,0.5,1,,,,
MNQ DEC25,10s,10,5961,2025-11-13 10:53:40,25230.25,25235.75,25229.75,25233.25,601,6,3,2.5,0.5,1,-17.5,52.8,5.16666667,44.96
MNQ DEC25,20s,20,5980,2025-11-13 10:53:40,25235,25235.75,25225.25,25233.25,1447,10.5,1.75,0.75,8,-1,-498.4,48.05,-9.73333333,29.08
MNQ DEC25,1s,1,5620,2025-11-13 10:53:41,25233.25,25233.25,25228.75,25230.75,111,4.5,2.5,0,2,-1,,,,
MNQ DEC25,1s,1,5621,2025-11-13 10:53:42,25231.25,25231.25,25230.25,25231,20,1,0.25,0,0.75,-1,,,,
MNQ DEC25,1s,1,5622,2025-11-13 10:53:43,25230.75,25230.75,25229.5,25229.75,25,1.25,1,0,0.25,-1,,,,
MNQ DEC25,1s,1,5623,2025-11-13 10:53:44,25229.75,25230,25229,25229,11,1,0.75,0.25,0,-1,,,,
MNQ DEC25,1s,1,5624,2025-11-13 10:53:45,25228.75,25229.25,25227.25,25228.75,38,2,0,0.5,1.5,0,,,,
MNQ DEC25,1s,1,5625,2025-11-13 10:53:46,25227.75,25230,25227.75,25229,69,2.25,1.25,1,0,1,,,,
MNQ DEC25,1s,1,5626,2025-11-13 10:53:47,25229.25,25229.25,25226.5,25228,62,2.75,1.25,0,1.5,-1,,,,
MNQ DEC25,1s,1,5627,2025-11-13 10:53:48,25227.75,25228,25226.25,25226.75,195,1.75,1,0.25,0.5,-1,,,,
MNQ DEC25,1s,1,5628,2025-11-13 10:53:49,25227.25,25227.25,25224.25,25226.75,91,3,0.5,0,2.5,-1,,,,
MNQ DEC25,1s,1,5629,2025-11-13 10:53:50,25226.5,25229.25,25226.25,25229.25,190,3,2.75,0,0.25,1,,,,
MNQ DEC25,10s,10,5962,2025-11-13 10:53:50,25233.25,25233.25,25224.25,25229.25,812,9,4,0,5,-1,-8.55,8.95,14.06666667,31.33
MNQ DEC25,1s,1,5630,2025-11-13 10:53:51,25229.25,25232.25,25229.25,25232,88,3,2.75,0.25,0,1,,,,
MNQ DEC25,1s,1,5631,2025-11-13 10:53:52,25231.75,25232.5,25231.25,25232,70,1.25,0.25,0.5,0.5,1,,,,
MNQ DEC25,1s,1,5632,2025-11-13 10:53:53,25232.25,25233.25,25231.25,25231.5,29,2,0.75,1,0.25,-1,,,,
MNQ DEC25,1s,1,5633,2025-11-13 10:53:54,25232,25232,25230,25231,59,2,1,0,1,-1,,,,
MNQ DEC25,1s,1,5634,2025-11-13 10:53:55,25230,25230.5,25229,25230,49,1.5,0,0.5,1,0,,,,
MNQ DEC25,1s,1,5635,2025-11-13 10:53:56,25229.75,25231,25229.75,25230.25,30,1.25,0.5,0.75,0,1,,,,
MNQ DEC25,1s,1,5636,2025-11-13 10:53:57,25230.25,25232,25229,25230.5,114,3,0.25,1.5,1.25,1,,,,
MNQ DEC25,1s,1,5637,2025-11-13 10:53:58,25230.5,25231.25,25229.75,25230.25,35,1.5,0.25,0.75,0.5,-1,,,,
MNQ DEC25,1s,1,5638,2025-11-13 10:53:59,25230.5,25230.75,25229.75,25229.75,26,1,0.75,0.25,0,-1,,,,
MNQ DEC25,1s,1,5639,2025-11-13 10:54:00,25230.5,25231,25230,25230.25,15,1,0.25,0.5,0.25,-1,,,,
MNQ DEC25,10s,10,5963,2025-11-13 10:54:00,25229.25,25233.25,25229,25230.25,515,4.25,1,3,0.25,1,-162.05,-153.5,-30.58333333,-25.81
MNQ DEC25,20s,20,5981,2025-11-13 10:54:00,25233.25,25233.25,25224.25,25230.25,1327,9,3,0,6,-1,-366.8,131.6,98.2,49.65
MNQ DEC25,1s,1,5640,2025-11-13 10:54:01,25229.5,25230,25229,25229.25,73,1,0.25,0.5,0.25,-1,,,,
MNQ DEC25,1s,1,5641,2025-11-13 10:54:02,25229.5,25229.75,25220.75,25221,681,9,8.5,0.25,0.25,-1,,,,
MNQ DEC25,1s,1,5642,2025-11-13 10:54:03,25221.25,25221.5,25216.25,25221.5,747,5.25,0.25,0,5,1,,,,
MNQ DEC25,1s,1,5643,2025-11-13 10:54:04,25221.25,25221.75,25219.5,25220,137,2.25,1.25,0.5,0.5,-1,,,,
MNQ DEC25,1s,1,5644,2025-11-13 10:54:05,25219.75,25220,25217.5,25218.75,168,2.5,1,0.25,1.25,-1,,,,
MNQ DEC25,1s,1,5645,2025-11-13 10:54:06,25218,25219.5,25217.5,25218.5,100,2,0.5,1,0.5,1,,,,
MNQ DEC25,1s,1,5646,2025-11-13 10:54:07,25218.25,25218.75,25216.25,25216.25,310,2.5,2,0.5,0,-1,,,,
MNQ DEC25,1s,1,5647,2025-11-13 10:54:08,25216.25,25216.5,25214.5,25216,339,2,0.25,0.25,1.5,-1,,,,
MNQ DEC25,1s,1,5648,2025-11-13 10:54:09,25216,25217.5,25215.25,25216.5,139,2.25,0.5,1,0.75,1,,,,
MNQ DEC25,1s,1,5649,2025-11-13 10:54:10,25216.5,25217,25216,25217,92,1,0.5,0,0.5,1,,,,
MNQ DEC25,10s,10,5964,2025-11-13 10:54:10,25229.5,25230,25214.5,25217,2786,15.5,12.5,0.5,2.5,-1,176.1,338.15,64.53333333,45.37
MNQ DEC25,1s,1,5650,2025-11-13 10:54:11,25216.5,25218,25215.25,25217.25,128,2.75,0.75,0.75,1.25,1,,,,
MNQ DEC25,1s,1,5651,2025-11-13 10:54:12,25216.5,25217,25214.75,25214.75,148,2.25,1.75,0.5,0,-1,,,,
MNQ DEC25,1s,1,5652,2025-11-13 10:54:13,25214.75,25216.5,25213.25,25213.5,132,3.25,1.25,1.75,0.25,-1,,,,
MNQ DEC25,1s,1,5653,2025-11-13 10:54:14,25213.25,25214,25212.5,25212.75,166,1.5,0.5,0.75,0.25,-1,,,,
MNQ DEC25,1s,1,5654,2025-11-13 10:54:15,25213.25,25213.25,25205,25207.5,686,8.25,5.75,0,2.5,-1,,,,
MNQ DEC25,1s,1,5655,2025-11-13 10:54:16,25207.75,25208.75,25207,25208.5,333,1.75,0.75,0.25,0.75,1,,,,
MNQ DEC25,1s,1,5656,2025-11-13 10:54:17,25208.5,25209,25207,25208.25,155,2,0.25,0.5,1.25,-1,,,,
MNQ DEC25,1s,1,5657,2025-11-13 10:54:18,25208.25,25208.5,25206.5,25207.75,119,2,0.5,0.25,1.25,-1,,,,
MNQ DEC25,1s,1,5658,2025-11-13 10:54:19,25207.5,25207.75,25204.5,25207.5,145,3.25,0,0.25,3,0,,,,
MNQ DEC25,1s,1,5659,2025-11-13 10:54:20,25207,25209,25207,25209,132,2,2,0,0,1,,,,
MNQ DEC25,10s,10,5965,2025-11-13 10:54:20,25216.5,25218,25204.5,25209,2144,13.5,7.5,1.5,4.5,-1,354.4,178.3,120.98333333,84.94
MNQ DEC25,20s,20,5982,2025-11-13 10:54:20,25229.5,25230,25204.5,25209,4930,25.5,20.5,0.5,4.5,-1,109.55,476.35,218.66666667,115.75
MNQ DEC25,1s,1,5660,2025-11-13 10:54:21,25208.5,25211.5,25208.5,25211,130,3,2.5,0.5,0,1,,,,
MNQ DEC25,1s,1,5661,2025-11-13 10:54:22,25211.75,25213,25210.25,25213,163,2.75,1.25,0,1.5,1,,,,
MNQ DEC25,1s,1,5662,2025-11-13 10:54:23,25212.5,25214.25,25210.5,25210.75,217,3.75,1.75,1.75,0.25,-1,,,,
MNQ DEC25,1s,1,5663,2025-11-13 10:54:24,25210.75,25211.25,25209.25,25210.25,208,2,0.5,0.5,1,-1,,,,
MNQ DEC25,1s,1,5664,2025-11-13 10:54:25,25210.5,25211.25,25209.25,25210,119,2,0.5,0.75,0.75,-1,,,,
MNQ DEC25,1s,1,5665,2025-11-13 10:54:26,25210.25,25211.5,25208,25211,196,3.5,0.75,0.5,2.25,1,,,,
MNQ DEC25,1s,1,5666,2025-11-13 10:54:27,25211.5,25212.5,25210,25210.75,228,2.5,0.75,1,0.75,-1,,,,
MNQ DEC25,1s,1,5667,2025-11-13 10:54:28,25210.75,25211.25,25209.5,25210.25,123,1.75,0.5,0.5,0.75,-1,,,,
MNQ DEC25,1s,1,5668,2025-11-13 10:54:29,25210,25211,25209,25209.75,246,2,0.25,1,0.75,-1,,,,
MNQ DEC25,1s,1,5669,2025-11-13 10:54:30,25210,25210.25,25208.25,25208.5,50,2,1.5,0.25,0.25,-1,,,,
MNQ DEC25,10s,10,5966,2025-11-13 10:54:30,25208.5,25214.25,25208,25208.5,1680,6.25,0,5.75,0.5,0,591,236.6,251.01666667,121.7
MNQ DEC25,1s,1,5670,2025-11-13 10:54:31,25208.25,25209.5,25208,25209.5,62,1.5,1.25,0,0.25,1,,,,
MNQ DEC25,1s,1,5671,2025-11-13 10:54:32,25210,25212,25210,25212,91,2,2,0,0,1,,,,
MNQ DEC25,1s,1,5672,2025-11-13 10:54:33,25212.5,25213.5,25212,25213,112,1.5,0.5,0.5,0.5,1,,,,
MNQ DEC25,1s,1,5673,2025-11-13 10:54:34,25213,25213.5,25212,25213.25,72,1.5,0.25,0.25,1,1,,,,
MNQ DEC25,1s,1,5674,2025-11-13 10:54:35,25212.75,25212.75,25211,25211.25,79,1.75,1.5,0,0.25,-1,,,,
MNQ DEC25,1s,1,5675,2025-11-13 10:54:36,25211.25,25212.25,25209.5,25209.5,139,2.75,1.75,1,0,-1,,,,
MNQ DEC25,1s,1,5676,2025-11-13 10:54:37,25210,25210,25207.5,25207.75,119,2.5,2.25,0,0.25,-1,,,,
MNQ DEC25,1s,1,5677,2025-11-13 10:54:38,25207.75,25209.75,25207.5,25209,107,2.25,1.25,0.75,0.25,1,,,,
MNQ DEC25,1s,1,5678,2025-11-13 10:54:39,25208.75,25209.25,25207.75,25208.5,58,1.5,0.25,0.5,0.75,-1,,,,
MNQ DEC25,1s,1,5679,2025-11-13 10:54:40,25209.25,25209.75,25208.25,25209,55,1.5,0.25,0.5,0.75,-1,,,,
MNQ DEC25,10s,10,5967,2025-11-13 10:54:40,25208.25,25213.5,25207.5,25209,894,6,0.75,4.5,0.75,1,610.1,19.1,144.66666667,123.73
MNQ DEC25,20s,20,5983,2025-11-13 10:54:40,25208.5,25214.25,25207.5,25209,2574,6.75,0.5,5.25,1,1,304.95,195.4,267.78333333,193.27
MNQ DEC25,1s,1,5680,2025-11-13 10:54:41,25208.75,25209.25,25206.25,25209,159,3,0.25,0.25,2.5,1,,,,
MNQ DEC25,1s,1,5681,2025-11-13 10:54:42,25209,25210.25,25209,25209.75,49,1.25,0.75,0.5,0,1,,,,
MNQ DEC25,1s,1,5682,2025-11-13 10:54:43,25209.5,25210,25207.75,25207.75,80,2.25,1.75,0.5,0,-1,,,,
MNQ DEC25,1s,1,5683,2025-11-13 10:54:44,25207.25,25207.5,25206.25,25206.5,62,1.25,0.75,0.25,0.25,-1,,,,
MNQ DEC25,1s,1,5684,2025-11-13 10:54:45,25207,25208,25206.75,25207.75,47,1.25,0.75,0.25,0.25,1,,,,
MNQ DEC25,1s,1,5685,2025-11-13 10:54:46,25207.25,25209,25207.25,25209,66,1.75,1.75,0,0,1,,,,
MNQ DEC25,1s,1,5686,2025-11-13 10:54:47,25209,25210.75,25208,25210.25,89,2.75,1.25,0.5,1,1,,,,
MNQ DEC25,1s,1,5687,2025-11-13 10:54:48,25209.75,25212.25,25209.5,25212.25,108,2.75,2.5,0,0.25,1,,,,
MNQ DEC25,1s,1,5688,2025-11-13 10:54:49,25212,25212.5,25211.25,25212.25,95,1.25,0.25,0.25,0.75,1,,,,
MNQ DEC25,1s,1,5689,2025-11-13 10:54:50,25212.5,25214,25211.75,25213.25,93,2.25,0.75,0.75,0.75,1,,,,
MNQ DEC25,10s,10,5968,2025-11-13 10:54:50,25208.75,25214,25206.25,25213.25,848,7.75,4.5,0.75,2.5,1,678.5,68.4,108.03333333,168.11
MNQ DEC25,1s,1,5690,2025-11-13 10:54:51,25213,25213.25,25211.75,25212,89,1.5,1,0.25,0.25,-1,,,,
MNQ DEC25,1s,1,5691,2025-11-13 10:54:52,25211.75,25213.25,25211.5,25211.75,55,1.75,0,1.5,0.25,0,,,,
MNQ DEC25,1s,1,5692,2025-11-13 10:54:53,25212.5,25213.25,25210.25,25210.25,82,3,2.25,0.75,0,-1,,,,
MNQ DEC25,1s,1,5693,2025-11-13 10:54:54,25210.25,25210.75,25209.5,25209.5,54,1.25,0.75,0.5,0,-1,,,,
MNQ DEC25,1s,1,5694,2025-11-13 10:54:55,25210,25211.75,25209.25,25211.25,80,2.5,1.25,0.5,0.75,1,,,,
MNQ DEC25,1s,1,5695,2025-11-13 10:54:56,25211.25,25211.25,25209,25210,77,2.25,1.25,0,1,-1,,,,
MNQ DEC25,1s,1,5696,2025-11-13 10:54:57,25209.5,25211,25209.5,25210.75,67,1.5,1.25,0.25,0,1,,,,
MNQ DEC25,1s,1,5697,2025-11-13 10:54:58,25211,25212.5,25211,25211.75,64,1.5,0.75,0.75,0,1,,,,
MNQ DEC25,1s,1,5698,2025-11-13 10:54:59,25211.75,25211.75,25210.25,25211,55,1.5,0.75,0,0.75,-1,,,,
MNQ DEC25,1s,1,5699,2025-11-13 10:55:00,25211.5,25212.25,25210.5,25212,57,1.75,0.5,0.25,1,1,,,,
MNQ DEC25,10s,10,5969,2025-11-13 10:55:00,25213,25213.25,25209,25212,680,4.25,1,0.25,3,-1,260.3,-418.2,-110.23333333,16.84
MNQ DEC25,20s,20,5984,2025-11-13 10:55:00,25208.75,25214,25206.25,25212,1528,7.75,3.25,2,2.5,1,250.3,-54.65,205.7,159.35
MNQ DEC25,1s,1,5700,2025-11-13 10:55:01,25212.25,25213.75,25211.25,25212,132,2.5,0.25,1.5,0.75,-1,,,,
MNQ DEC25,1s,1,5701,2025-11-13 10:55:02,25211.5,25211.5,25207.5,25208.25,139,4,3.25,0,0.75,-1,,,,
MNQ DEC25,1s,1,5702,2025-11-13 10:55:03,25208,25211,25208,25208.75,103,3,0.75,2.25,0,1,,,,
MNQ DEC25,1s,1,5703,2025-11-13 10:55:04,25209.25,25211,25209,25210,52,2,0.75,1,0.25,1,,,,
MNQ DEC25,1s,1,5704,2025-11-13 10:55:05,25210,25211,25209,25210,85,2,0,1,1,0,,,,
MNQ DEC25,1s,1,5705,2025-11-13 10:55:06,25210,25210.75,25209.75,25209.75,41,1,0.25,0.75,0,-1,,,,
MNQ DEC25,1s,1,5706,2025-11-13 10:55:07,25210.25,25210.25,25205.75,25206,150,4.5,4.25,0,0.25,-1,,,,
MNQ DEC25,1s,1,5707,2025-11-13 10:55:08,25206.25,25207.75,25206.25,25207,59,1.5,0.75,0.75,0,1,,,,
MNQ DEC25,1s,1,5708,2025-11-13 10:55:09,25207.25,25207.25,25205,25206,111,2.25,1.25,0,1,-1,,,,
MNQ DEC25,1s,1,5709,2025-11-13 10:55:10,25205.75,25206.75,25204.5,25205.75,192,2.25,0,1,1.25,0,,,,
MNQ DEC25,10s,10,5970,2025-11-13 10:55:10,25212.25,25213.75,25204.5,25205.75,1064,9.25,6.5,1.5,1.25,-1,11,-249.3,-199.7,-68.68
MNQ DEC25,1s,1,5710,2025-11-13 10:55:11,25205.5,25206.25,25205.25,25206.25,34,1,0.75,0,0.25,1,,,,
MNQ DEC25,1s,1,5711,2025-11-13 10:55:12,25206,25209,25205.75,25209,99,3.25,3,0,0.25,1,,,,
MNQ DEC25,1s,1,5712,2025-11-13 10:55:13,25208.5,25209,25207.5,25207.5,106,1.5,1,0.5,0,-1,,,,
MNQ DEC25,1s,1,5713,2025-11-13 10:55:14,25207.5,25207.5,25200,25201.25,519,7.5,6.25,0,1.25,-1,,,,
MNQ DEC25,1s,1,5714,2025-11-13 10:55:15,25201,25202.5,25200.5,25201,107,2,0,1.5,0.5,0,,,,
MNQ DEC25,1s,1,5715,2025-11-13 10:55:16,25200.5,25204.25,25200.5,25203.25,154,3.75,2.75,1,0,1,,,,
MNQ DEC25,1s,1,5716,2025-11-13 10:55:17,25202.75,25203.25,25201.5,25202,105,1.75,0.75,0.5,0.5,-1,,,,
MNQ DEC25,1s,1,5717,2025-11-13 10:55:18,25201.75,25203.25,25201,25201,50,2.25,0.75,1.5,0,-1,,,,
MNQ DEC25,1s,1,5718,2025-11-13 10:55:19,25201,25203,25200.5,25200.5,64,2.5,0.5,2,0,-1,,,,
MNQ DEC25,1s,1,5719,2025-11-13 10:55:20,25200.75,25204.25,25200.5,25203.75,120,3.75,3,0.5,0.25,1,,,,
MNQ DEC25,10s,10,5971,2025-11-13 10:55:20,25205.5,25209,25200,25203.75,1358,9,1.75,3.5,3.75,-1,-79.7,-90.7,-252.73333333,-134.14
MNQ DEC25,20s,20,5985,2025-11-13 10:55:20,25212.25,25213.75,25200,25203.75,2422,13.75,8.5,1.5,3.75,-1,451.1,200.8,113.85,189.9
MNQ DEC25,1s,1,5720,2025-11-13 10:55:21,25204,25205.5,25203,25203.5,133,2.5,0.5,1.5,0.5,-1,,,,
MNQ DEC25,1s,1,5721,2025-11-13 10:55:22,25204,25204.75,25202.5,25204.25,113,2.25,0.25,0.5,1.5,1,,,,
MNQ DEC25,1s,1,5722,2025-11-13 10:55:23,25204.75,25207.25,25204.25,25205.75,143,3,1,1.5,0.5,1,,,,
MNQ DEC25,1s,1,5723,2025-11-13 10:55:24,25205.25,25205.5,25202.25,25203.25,88,3.25,2,0.25,1,-1,,,,
MNQ DEC25,1s,1,5724,2025-11-13 10:55:25,25203,25203,25202.25,25202.5,43,0.75,0.5,0,0.25,-1,,,,
MNQ DEC25,1s,1,5725,2025-11-13 10:55:26,25202.5,25203.5,25201.5,25201.5,66,2,1,1,0,-1,,,,
MNQ DEC25,1s,1,5726,2025-11-13 10:55:27,25201.5,25201.75,25200.25,25201.5,70,1.5,0,0.25,1.25,0,,,,
MNQ DEC25,1s,1,5727,2025-11-13 10:55:28,25201.25,25204.25,25201.25,25203.75,89,3,2.5,0.5,0,1,,,,
MNQ DEC25,1s,1,5728,2025-11-13 10:55:29,25203.75,25204,25202,25202.5,32,2,1.25,0.25,0.5,-1,,,,
MNQ DEC25,1s,1,5729,2025-11-13 10:55:30,25203,25203,25201.75,25201.75,61,1.25,1.25,0,0,-1,,,,
MNQ DEC25,10s,10,5972,2025-11-13 10:55:30,25204,25207.25,25200.25,25201.75,838,7,2.25,3.25,1.5,-1,-98.45,-18.75,-119.58333333,-141.71
MNQ DEC25,1s,1,5730,2025-11-13 10:55:31,25202.25,25203,25201.5,25202,50,1.5,0.25,0.75,0.5,-1,,,,
MNQ DEC25,1s,1,5731,2025-11-13 10:55:32,25202,25202,25201.25,25202,79,0.75,0,0,0.75,0,,,,
MNQ DEC25,1s,1,5732,2025-11-13 10:55:33,25201.75,25201.75,25200.25,25201.25,68,1.5,0.5,0,1,-1,,,,
MNQ DEC25,1s,1,5733,2025-11-13 10:55:34,25201,25201.25,25200.25,25200.25,72,1,0.75,0.25,0,-1,,,,
MNQ DEC25,1s,1,5734,2025-11-13 10:55:35,25200.75,25201.25,25200,25201.25,64,1.25,0.5,0,0.75,1,,,,
MNQ DEC25,1s,1,5735,2025-11-13 10:55:36,25200.5,25201,25199.75,25200.5,288,1.25,0,0.5,0.75,0,,,,
MNQ DEC25,1s,1,5736,2025-11-13 10:55:37,25200.75,25202,25197,25201.25,271,5,0.5,0.75,3.75,1,,,,
MNQ DEC25,1s,1,5737,2025-11-13 10:55:38,25201.25,25203.75,25201.25,25202.5,125,2.5,1.25,1.25,0,1,,,,
MNQ DEC25,1s,1,5738,2025-11-13 10:55:39,25202.5,25204.5,25202.25,25203.5,125,2.25,1,1,0.25,1,,,,
MNQ DEC25,1s,1,5739,2025-11-13 10:55:40,25203,25203.75,25202.5,25203.75,79,1.25,0.75,0,0.5,1,,,,
MNQ DEC25,10s,10,5973,2025-11-13 10:55:40,25202.25,25204.5,25197,25203.75,1221,7.5,1.5,0.75,5.25,1,-50.4,48.05,-20.46666667,-145.78
MNQ DEC25,20s,20,5986,2025-11-13 10:55:40,25204,25207.25,25197,25203.75,2059,10.25,0.25,3.25,6.75,-1,602.25,151.15,99.1,193.81
MNQ DEC25,1s,1,5740,2025-11-13 10:55:41,25203.5,25203.75,25202,25202.25,74,1.75,1.25,0.25,0.25,-1,,,,
MNQ DEC25,1s,1,5741,2025-11-13 10:55:42,25203,25206.5,25202.75,25206.5,132,3.75,3.5,0,0.25,1,,,,
MNQ DEC25,1s,1,5742,2025-11-13 10:55:43,25206.75,25211,25206.5,25210.75,202,4.5,4,0.25,0.25,1,,,,
MNQ DEC25,1s,1,5743,2025-11-13 10:55:44,25210.5,25213.25,25209.5,25212.5,286,3.75,2,0.75,1,1,,,,
MNQ DEC25,1s,1,5744,2025-11-13 10:55:45,25212.75,25216,25210.75,25215,269,5.25,2.25,1,2,1,,,,
MNQ DEC25,1s,1,5745,2025-11-13 10:55:46,25215.5,25217.5,25213.5,25214.25,200,4,1.25,2,0.75,-1,,,,
MNQ DEC25,1s,1,5746,2025-11-13 10:55:47,25214.25,25215,25212.75,25212.75,129,2.25,1.5,0.75,0,-1,,,,
MNQ DEC25,1s,1,5747,2025-11-13 10:55:48,25212.5,25213.25,25211.5,25212.75,138,1.75,0.25,0.5,1,1,,,,
MNQ DEC25,1s,1,5748,2025-11-13 10:55:49,25212.5,25213.25,25211,25213.25,85,2.25,0.75,0,1.5,1,,,,
MNQ DEC25,1s,1,5749,2025-11-13 10:55:50,25212.75,25216.25,25212.75,25215.5,80,3.5,2.75,0.75,0,1,,,,
MNQ DEC25,10s,10,5974,2025-11-13 10:55:50,25203.5,25217.5,25202,25215.5,1595,15.5,12,2,1.5,1,87.55,137.95,55.75,-34.55
MNQ DEC25,1s,1,5750,2025-11-13 10:55:51,25215.75,25218.5,25214.25,25218,270,4.25,2.25,0.5,1.5,1,,,,
MNQ DEC25,1s,1,5751,2025-11-13 10:55:52,25217.5,25219.25,25216.75,25218.5,134,2.5,1,0.75,0.75,1,,,,
MNQ DEC25,1s,1,5752,2025-11-13 10:55:53,25218.75,25219.75,25217.75,25219.5,139,2,0.75,0.25,1,1,,,,
MNQ DEC25,1s,1,5753,2025-11-13 10:55:54,25219.5,25219.75,25217.5,25218.5,109,2.25,1,0.25,1,-1,,,,
MNQ DEC25,1s,1,5754,2025-11-13 10:55:55,25218.25,25219.5,25217,25218.25,120,2.5,0,1.25,1.25,0,,,,
MNQ DEC25,1s,1,5755,2025-11-13 10:55:56,25218.75,25219.25,25217.75,25218.25,90,1.5,0.5,0.5,0.5,-1,,,,
MNQ DEC25,1s,1,5756,2025-11-13 10:55:57,25217.5,25218,25216.25,25216.5,104,1.75,1,0.5,0.25,-1,,,,
MNQ DEC25,1s,1,5757,2025-11-13 10:55:58,25216.75,25217,25214.75,25216.5,193,2.25,0.25,0.25,1.75,-1,,,,
MNQ DEC25,1s,1,5758,2025-11-13 10:55:59,25215.5,25215.5,25213.75,25215.5,167,1.75,0,0,1.75,0,,,,
MNQ DEC25,1s,1,5759,2025-11-13 10:56:00,25215,25218,25215,25217.25,76,3,2.25,0.75,0,1,,,,
MNQ DEC25,10s,10,5975,2025-11-13 10:56:00,25215.75,25219.75,25213.75,25217.25,1402,6,1.5,2.5,2,1,142.8,55.25,80.41666667,26.36
MNQ DEC25,20s,20,5987,2025-11-13 10:56:00,25203.5,25219.75,25202,25217.25,2997,17.75,13.75,2.5,1.5,1,162.1,-440.15,-29.4,10.51
MNQ DEC25,1s,1,5760,2025-11-13 10:56:01,25217,25218.25,25216.75,25218.25,100,1.5,1.25,0,0.25,1,,,,
MNQ DEC25,1s,1,5761,2025-11-13 10:56:02,25218.5,25221.5,25218.25,25221.5,167,3.25,3,0,0.25,1,,,,
MNQ DEC25,1s,1,5762,2025-11-13 10:56:03,25221.25,25221.5,25217.75,25220,105,3.75,1.25,0.25,2.25,-1,,,,
MNQ DEC25,1s,1,5763,2025-11-13 10:56:04,25219.5,25223,25219.5,25222.5,213,3.5,3,0.5,0,1,,,,
MNQ DEC25,1s,1,5764,2025-11-13 10:56:05,25222.25,25224,25221.25,25224,179,2.75,1.75,0,1,1,,,,
MNQ DEC25,1s,1,5765,2025-11-13 10:56:06,25223.75,25226.75,25223.25,25226.25,226,3.5,2.5,0.5,0.5,1,,,,
MNQ DEC25,1s,1,5766,2025-11-13 10:56:07,25225.75,25226,25222.5,25225.5,185,3.5,0.25,0.25,3,-1,,,,
MNQ DEC25,1s,1,5767,2025-11-13 10:56:08,25225.75,25226.5,25223.75,25224.25,193,2.75,1.5,0.75,0.5,-1,,,,
MNQ DEC25,1s,1,5768,2025-11-13 10:56:09,25224.25,25227,25223.75,25226.25,115,3.25,2,0.75,0.5,1,,,,
MNQ DEC25,1s,1,5769,2025-11-13 10:56:10,25226.5,25226.75,25224.5,25226.75,131,2.25,0.25,0,2,1,,,,
MNQ DEC25,10s,10,5976,2025-11-13 10:56:10,25217,25227,25216.75,25226.75,1614,10.25,9.75,0.25,0.25,1,142.7,-0.1,64.36666667,44.48
MNQ DEC25,1s,1,5770,2025-11-13 10:56:11,25225.75,25226.75,25225,25226.25,153,1.75,0.5,0.5,0.75,1,,,,
MNQ DEC25,1s,1,5771,2025-11-13 10:56:12,25226,25226.25,25223.5,25224.25,159,2.75,1.75,0.25,0.75,-1,,,,
MNQ DEC25,1s,1,5772,2025-11-13 10:56:13,25224.5,25226.5,25224,25225.25,150,2.5,0.75,1.25,0.5,1,,,,
MNQ DEC25,1s,1,5773,2025-11-13 10:56:14,25226,25226.75,25224.75,25226,124,2,0,0.75,1.25,0,,,,
MNQ DEC25,1s,1,5774,2025-11-13 10:56:15,25226.5,25227,25224.5,25224.75,177,2.5,1.75,0.5,0.25,-1,,,,
MNQ DEC25,1s,1,5775,2025-11-13 10:56:16,25224.75,25229.25,25224.5,25229.25,125,4.75,4.5,0,0.25,1,,,,
MNQ DEC25,1s,1,5776,2025-11-13 10:56:17,25229,25232.25,25228.5,25230.5,355,3.75,1.5,1.75,0.5,1,,,,
MNQ DEC25,1s,1,5777,2025-11-13 10:56:18,25230.5,25230.75,25222.75,25223.75,327,8,6.75,0.25,1,-1,,,,
MNQ DEC25,1s,1,5778,2025-11-13 10:56:19,25223,25225,25223,25224.5,80,2,1.5,0.5,0,1,,,,
MNQ DEC25,1s,1,5779,2025-11-13 10:56:20,25224.5,25224.5,25220.5,25222.5,177,4,2,0,2,-1,,,,
MNQ DEC25,10s,10,5977,2025-11-13 10:56:20,25225.75,25232.25,25220.5,25222.5,1827,11.75,3.25,6.5,2,-1,288.15,145.45,66.86666667,77.32
MNQ DEC25,20s,20,5988,2025-11-13 10:56:20,25217,25232.25,25216.75,25222.5,3441,15.5,5.5,9.75,0.25,1,299.15,137.05,-50.65,-1.16
MNQ DEC25,1s,1,5780,2025-11-13 10:56:21,25223,25225.75,25221.75,25225.25,191,4,2.25,0.5,1.25,1,,,,
MNQ DEC25,1s,1,5781,2025-11-13 10:56:22,25226,25226.5,25224,25226,131,2.5,0,0.5,2,0,,,,
MNQ DEC25,1s,1,5782,2025-11-13 10:56:23,25226,25226.75,25225.25,25226.25,147,1.5,0.25,0.5,0.75,1,,,,
MNQ DEC25,1s,1,5783,2025-11-13 10:56:24,25226.5,25227.75,25224.5,25227.25,189,3.25,0.75,0.5,2,1,,,,
MNQ DEC25,1s,1,5784,2025-11-13 10:56:25,25227.25,25228.75,25226.5,25228.25,117,2.25,1,0.5,0.75,1,,,,
MNQ DEC25,1s,1,5785,2025-11-13 10:56:26,25228.5,25228.75,25224.5,25225.5,137,4.25,3,0.25,1,-1,,,,
MNQ DEC25,1s,1,5786,2025-11-13 10:56:27,25225.5,25227.25,25224.5,25224.75,117,2.75,0.75,1.75,0.25,-1,,,,
MNQ DEC25,1s,1,5787,2025-11-13 10:56:28,25225,25225,25222.75,25223.25,92,2.25,1.75,0,0.5,-1,,,,
MNQ DEC25,1s,1,5788,2025-11-13 10:56:29,25222.75,25222.75,25220.75,25222,75,2,0.75,0,1.25,-1,,,,
MNQ DEC25,1s,1,5789,2025-11-13 10:56:30,25220.75,25222.25,25220.5,25222,60,1.75,1.25,0.25,0.25,1,,,,
MNQ DEC25,10s,10,5978,2025-11-13 10:56:30,25223,25228.75,25220.5,25222,1256,8.25,1,5.75,1.5,-1,308.9,20.75,55.36666667,71.86
MNQ DEC25,1s,1,5790,2025-11-13 10:56:31,25221.75,25225,25221.75,25223.5,70,3.25,1.75,1.5,0,1,,,,
MNQ DEC25,1s,1,5791,2025-11-13 10:56:32,25223.5,25226.25,25223.25,25224.75,97,3,1.25,1.5,0.25,1,,,,
MNQ DEC25,1s,1,5792,2025-11-13 10:56:33,25225,25225.25,25223.5,25224.75,69,1.75,0.25,0.25,1.25,-1,,,,
MNQ DEC25,1s,1,5793,2025-11-13 10:56:34,25224.25,25224.25,25221.75,25222.75,84,2.5,1.5,0,1,-1,,,,
MNQ DEC25,1s,1,5794,2025-11-13 10:56:35,25223,25227.25,25223,25227,79,4.25,4,0.25,0,1,,,,
MNQ DEC25,1s,1,5795,2025-11-13 10:56:36,25226.5,25229.5,25225.75,25227.25,92,3.75,0.75,2.25,0.75,1,,,,
MNQ DEC25,1s,1,5796,2025-11-13 10:56:37,25227.75,25227.75,25226.75,25227,44,1,0.75,0,0.25,-1,,,,
MNQ DEC25,1s,1,5797,2025-11-13 10:56:38,25226,25226,25222,25222.75,111,4,3.25,0,0.75,-1,,,,
MNQ DEC25,1s,1,5798,2025-11-13 10:56:39,25223,25226,25223,25225.25,53,3,2.25,0.75,0,1,,,,
MNQ DEC25,1s,1,5799,2025-11-13 10:56:40,25224.75,25227,25223.5,25226.5,53,3.5,1.75,0.5,1.25,1,,,,
MNQ DEC25,10s,10,5979,2025-11-13 10:56:40,25221.75,25229.5,25221.75,25226.5,752,7.75,4.75,3,0,1,133.55,-175.35,-3.05,9.2
MNQ DEC25,20s,20,5989,2025-11-13 10:56:40,25223,25229.5,25220.5,25226.5,2008,9,3.5,3,2.5,1,363.8,64.65,-79.48333333,22.7
MNQ DEC25,1s,1,5800,2025-11-13 10:56:41,25226.25,25227.25,25225.25,25225.75,51,2,0.5,1,0.5,-1,,,,
MNQ DEC25,1s,1,5801,2025-11-13 10:56:42,25226.25,25227.5,25225.5,25226.5,72,2,0.25,1,0.75,1,,,,
MNQ DEC25,1s,1,5802,2025-11-13 10:56:43,25226,25227,25225,25226.25,104,2,0.25,0.75,1,1,,,,
MNQ DEC25,1s,1,5803,2025-11-13 10:56:44,25225.75,25225.75,25222.5,25224.5,68,3.25,1.25,0,2,-1,,,,
MNQ DEC25,1s,1,5804,2025-11-13 10:56:45,25225.25,25225.75,25223.75,25224.75,64,2,0.5,0.5,1,-1,,,,
MNQ DEC25,1s,1,5805,2025-11-13 10:56:46,25223,25224.5,25222.75,25224.5,60,1.75,1.5,0,0.25,1,,,,
MNQ DEC25,1s,1,5806,2025-11-13 10:56:47,25224.75,25229.25,25224,25229,155,5.25,4.25,0.25,0.75,1,,,,
MNQ DEC25,1s,1,5807,2025-11-13 10:56:48,25229,25229,25227,25227,61,2,2,0,0,-1,,,,
MNQ DEC25,1s,1,5808,2025-11-13 10:56:49,25227,25227,25222.5,25224.75,109,4.5,2.25,0,2.25,-1,,,,
MNQ DEC25,1s,1,5809,2025-11-13 10:56:50,25225,25226,25224.25,25224.75,45,1.75,0.25,1,0.5,-1,,,,
MNQ DEC25,10s,10,5980,2025-11-13 10:56:50,25226.25,25229.25,25222.5,25224.75,789,6.75,1.5,3,2.25,-1,13.8,-119.75,-91.45,-25.8
MNQ DEC25,1s,1,5810,2025-11-13 10:56:51,25224,25224.75,25223.25,25223.75,55,1.5,0.25,0.75,0.5,-1,,,,
MNQ DEC25,1s,1,5811,2025-11-13 10:56:52,25224.25,25227,25224,25227,56,3,2.75,0,0.25,1,,,,
MNQ DEC25,1s,1,5812,2025-11-13 10:56:53,25227,25228.5,25226.5,25227.25,66,2,0.25,1.25,0.5,1,,,,
MNQ DEC25,1s,1,5813,2025-11-13 10:56:54,25228.5,25229.5,25227.25,25227.25,121,2.25,1.25,1,0,-1,,,,
MNQ DEC25,1s,1,5814,2025-11-13 10:56:55,25227.5,25227.5,25226,25227,38,1.5,0.5,0,1,-1,,,,
MNQ DEC25,1s,1,5815,2025-11-13 10:56:56,25226.5,25228,25224,25225,77,4,1.5,1.5,1,-1,,,,
MNQ DEC25,1s,1,5816,2025-11-13 10:56:57,25224.5,25224.75,25223,25223,57,1.75,1.5,0.25,0,-1,,,,
MNQ DEC25,1s,1,5817,2025-11-13 10:56:58,25223,25223.75,25218.75,25219,213,5,4,0.75,0.25,-1,,,,
MNQ DEC25,1s,1,5818,2025-11-13 10:56:59,25218.75,25219.5,25216.5,25216.5,174,3,2.25,0.75,0,-1,,,,
MNQ DEC25,1s,1,5819,2025-11-13 10:57:00,25217,25219.5,25216.5,25219.25,127,3,2.25,0.25,0.5,1,,,,
MNQ DEC25,10s,10,5981,2025-11-13 10:57:00,25224,25229.5,25216.5,25219.25,984,13,4.75,5.5,2.75,-1,-131.35,-145.15,-146.75,-54.81
MNQ DEC25,20s,20,5990,2025-11-13 10:57:00,25226.25,25229.5,25216.5,25219.25,1773,13,7,3.25,2.75,-1,310.15,-53.65,49.35,-28.19
MNQ DEC25,1s,1,5820,2025-11-13 10:57:01,25218.75,25220.25,25217,25217,142,3.25,1.75,1.5,0,-1,,,,
MNQ DEC25,1s,1,5821,2025-11-13 10:57:02,25216.75,25217.5,25214.75,25216,257,2.75,0.75,0.75,1.25,-1,,,,
MNQ DEC25,1s,1,5822,2025-11-13 10:57:03,25215.75,25216,25210.75,25214.75,395,5.25,1,0.25,4,-1,,,,
MNQ DEC25,1s,1,5823,2025-11-13 10:57:04,25215,25216.75,25214.5,25216.25,136,2.25,1.25,0.5,0.5,1,,,,
MNQ DEC25,1s,1,5824,2025-11-13 10:57:05,25216.5,25216.5,25214.25,25214.75,103,2.25,1.75,0,0.5,-1,,,,
MNQ DEC25,1s,1,5825,2025-11-13 10:57:06,25214.75,25216.75,25214.5,25215,122,2.25,0.25,1.75,0.25,1,,,,
MNQ DEC25,1s,1,5826,2025-11-13 10:57:07,25215,25215.25,25212,25212.5,110,3.25,2.5,0.25,0.5,-1,,,,
MNQ DEC25,1s,1,5827,2025-11-13 10:57:08,25211.75,25213.5,25211.75,25213,115,1.75,1.25,0.5,0,1,,,,
MNQ DEC25,1s,1,5828,2025-11-13 10:57:09,25212.75,25214.25,25212.5,25214,84,1.75,1.25,0.25,0.25,1,,,,
MNQ DEC25,1s,1,5829,2025-11-13 10:57:10,25214,25215.25,25212.25,25212.25,82,3,1.75,1.25,0,-1,,,,
MNQ DEC25,10s,10,5982,2025-11-13 10:57:10,25218.75,25220.25,25210.75,25212.25,1546,9.5,6.5,1.5,1.5,-1,-224.25,-92.9,-119.26666667,-102.48
MNQ DEC25,1s,1,5830,2025-11-13 10:57:11,25212.25,25214.25,25212,25213.5,93,2.25,1.25,0.75,0.25,1,,,,
MNQ DEC25,1s,1,5831,2025-11-13 10:57:12,25213.5,25215.75,25212.75,25213.5,95,3,0,2.25,0.75,0,,,,
MNQ DEC25,1s,1,5832,2025-11-13 10:57:13,25213,25213.75,25209.5,25211.25,149,4.25,1.75,0.75,1.75,-1,,,,
MNQ DEC25,1s,1,5833,2025-11-13 10:57:14,25211,25212.5,25208.25,25212,160,4.25,1,0.5,2.75,1,,,,
MNQ DEC25,1s,1,5834,2025-11-13 10:57:15,25211.5,25213,25211,25211.5,88,2,0,1.5,0.5,0,,,,
MNQ DEC25,1s,1,5835,2025-11-13 10:57:16,25211.5,25211.5,25209.5,25210.5,76,2,1,0,1,-1,,,,
MNQ DEC25,1s,1,5836,2025-11-13 10:57:17,25210.75,25210.75,25208.75,25208.75,65,2,2,0,0,-1,,,,
MNQ DEC25,1s,1,5837,2025-11-13 10:57:18,25208.25,25209.5,25207.25,25209.5,101,2.25,1.25,0,1,1,,,,
MNQ DEC25,1s,1,5838,2025-11-13 10:57:19,25209.25,25210.5,25206.75,25208.75,124,3.75,0.5,1.25,2,-1,,,,
MNQ DEC25,1s,1,5839,2025-11-13 10:57:20,25208.5,25212,25208.5,25212,107,3.5,3.5,0,0,1,,,,
MNQ DEC25,10s,10,5983,2025-11-13 10:57:20,25212.25,25215.75,25206.75,25212,1058,9,0.25,3.5,5.25,-1,-291,-66.75,-101.6,-119.98
MNQ DEC25,20s,20,5991,2025-11-13 10:57:20,25218.75,25220.25,25206.75,25212,2604,13.5,6.75,1.5,5.25,-1,407.55,97.4,36.13333333,-38.94
MNQ DEC25,1s,1,5840,2025-11-13 10:57:21,25212,25213.25,25210.75,25212.25,92,2.5,0.25,1,1.25,1,,,,
MNQ DEC25,1s,1,5841,2025-11-13 10:57:22,25212.5,25213.25,25211,25212.5,52,2.25,0,0.75,1.5,0,,,,
MNQ DEC25,1s,1,5842,2025-11-13 10:57:23,25212.5,25212.75,25212.25,25212.25,14,0.5,0.25,0.25,0,-1,,,,
MNQ DEC25,1s,1,5843,2025-11-13 10:57:24,25214,25218.5,25214,25217.75,146,4.5,3.75,0.75,0,1,,,,
MNQ DEC25,1s,1,5844,2025-11-13 10:57:25,25217.25,25218.75,25215.25,25216.75,217,3.5,0.5,1.5,1.5,-1,,,,
MNQ DEC25,1s,1,5845,2025-11-13 10:57:26,25217,25217.25,25215.5,25216.5,60,1.75,0.5,0.25,1,-1,,,,
MNQ DEC25,1s,1,5846,2025-11-13 10:57:27,25216.75,25217.5,25215.5,25216,59,2,0.75,0.75,0.5,-1,,,,
MNQ DEC25,1s,1,5847,2025-11-13 10:57:28,25216.25,25218.5,25216.25,25218.25,53,2.25,2,0.25,0,1,,,,
MNQ DEC25,1s,1,5848,2025-11-13 10:57:29,25218.25,25218.75,25215.5,25216.25,83,3.25,2,0.5,0.75,-1,,,,
MNQ DEC25,1s,1,5849,2025-11-13 10:57:30,25216.5,25220.5,25216,25220,141,4.5,3.5,0.5,0.5,1,,,,
MNQ DEC25,10s,10,5984,2025-11-13 10:57:30,25212,25220.5,25210.75,25220,917,9.75,8,0.5,1.25,1,-164.55,126.45,-11.06666667,-59.62
MNQ DEC25,1s,1,5850,2025-11-13 10:57:31,25220,25221.25,25219.5,25220.25,84,1.75,0.25,1,0.5,1,,,,
MNQ DEC25,1s,1,5851,2025-11-13 10:57:32,25219.75,25219.75,25216,25217.5,117,3.75,2.25,0,1.5,-1,,,,
MNQ DEC25,1s,1,5852,2025-11-13 10:57:33,25217.25,25218,25216,25218,78,2,0.75,0,1.25,1,,,,
MNQ DEC25,1s,1,5853,2025-11-13 10:57:34,25218,25220.5,25216.75,25219.75,48,3.75,1.75,0.75,1.25,1,,,,
MNQ DEC25,1s,1,5854,2025-11-13 10:57:35,25219.5,25220.25,25218,25218,59,2.25,1.5,0.75,0,-1,,,,
MNQ DEC25,1s,1,5855,2025-11-13 10:57:36,25218.25,25222.75,25218.25,25221.5,95,4.5,3.25,1.25,0,1,,,,
MNQ DEC25,1s,1,5856,2025-11-13 10:57:37,25221.75,25222,25220.5,25221.5,59,1.5,0.25,0.25,1,-1,,,,
MNQ DEC25,1s,1,5857,2025-11-13 10:57:38,25221.5,25221.5,25218.25,25219,73,3.25,2.5,0,0.75,-1,,,,
MNQ DEC25,1s,1,5858,2025-11-13 10:57:39,25219.5,25220.75,25218.5,25219,89,2.25,0.5,1.25,0.5,-1,,,,
MNQ DEC25,1s,1,5859,2025-11-13 10:57:40,25219.75,25220.5,25219.5,25220,26,1,0.25,0.5,0.25,1,,,,
MNQ DEC25,10s,10,5985,2025-11-13 10:57:40,25220,25222.75,25216,25220,728,6.75,0,2.75,4,0,-105.95,58.6,39.43333333,-23.95
MNQ DEC25,20s,20,5992,2025-11-13 10:57:40,25212,25222.75,25210.75,25220,1645,12,8,2.75,1.25,1,124.45,-283.1,-79.78333333,-7.53
MNQ DEC25,1s,1,5860,2025-11-13 10:57:41,25220.75,25222.5,25219,25222.5,125,3.5,1.75,0,1.75,1,,,,
MNQ DEC25,1s,1,5861,2025-11-13 10:57:42,25222.25,25222.25,25217,25217.5,91,5.25,4.75,0,0.5,-1,,,,
MNQ DEC25,1s,1,5862,2025-11-13 10:57:43,25217.25,25217.5,25216.75,25217.5,19,0.75,0.25,0,0.5,1,,,,
MNQ DEC25,1s,1,5863,2025-11-13 10:57:44,25216.5,25218.5,25216.25,25217.5,74,2.25,1,1,0.25,1,,,,
MNQ DEC25,1s,1,5864,2025-11-13 10:57:45,25217,25218,25216.5,25216.75,64,1.5,0.25,1,0.25,-1,,,,
MNQ DEC25,1s,1,5865,2025-11-13 10:57:46,25217.25,25219.75,25215.75,25218.5,96,4,1.25,1.25,1.5,1,,,,
MNQ DEC25,1s,1,5866,2025-11-13 10:57:47,25219,25225.5,25219,25223.75,123,6.5,4.75,1.75,0,1,,,,
MNQ DEC25,1s,1,5867,2025-11-13 10:57:48,25224.75,25227.5,25224.25,25225.25,159,3.25,0.5,2.25,0.5,1,,,,
MNQ DEC25,1s,1,5868,2025-11-13 10:57:49,25224.75,25225.25,25222.25,25222.25,121,3,2.5,0.5,0,-1,,,,
MNQ DEC25,1s,1,5869,2025-11-13 10:57:50,25222.25,25223.5,25222,25223.25,108,1.5,1,0.25,0.25,1,,,,
MNQ DEC25,10s,10,5986,2025-11-13 10:57:50,25220.75,25227.5,25215.75,25223.25,980,11.75,2.5,4.25,5,1,-71.75,34.2,73.08333333,11.92
MNQ DEC25,1s,1,5870,2025-11-13 10:57:51,25223,25223.75,25222.25,25223.5,38,1.5,0.5,0.25,0.75,1,,,,
MNQ DEC25,1s,1,5871,2025-11-13 10:57:52,25223.25,25223.75,25222.5,25223.25,29,1.25,0,0.5,0.75,0,,,,
MNQ DEC25,1s,1,5872,2025-11-13 10:57:53,25224,25224,25222.5,25222.75,97,1.5,1.25,0,0.25,-1,,,,
MNQ DEC25,1s,1,5873,2025-11-13 10:57:54,25222.75,25222.75,25221,25221,65,1.75,1.75,0,0,-1,,,,
MNQ DEC25,1s,1,5874,2025-11-13 10:57:55,25221.5,25222.25,25219.75,25221.75,50,2.5,0.25,0.5,1.75,1,,,,
MNQ DEC25,1s,1,5875,2025-11-13 10:57:56,25222.75,25224.75,25222.25,25223.25,48,2.5,0.5,1.5,0.5,1,,,,
MNQ DEC25,1s,1,5876,2025-11-13 10:57:57,25222.5,25225,25222.5,25225,38,2.5,2.5,0,0,1,,,,
MNQ DEC25,1s,1,5877,2025-11-13 10:57:58,25224.75,25225.25,25223.25,25223.25,54,2,1.5,0.5,0,-1,,,,
MNQ DEC25,1s,1,5878,2025-11-13 10:57:59,25223.5,25223.5,25220.5,25221,53,3,2.5,0,0.5,-1,,,,
MNQ DEC25,1s,1,5879,2025-11-13 10:58:00,25221.5,25223,25220.75,25220.75,103,2.25,0.75,1.5,0,-1,,,,
MNQ DEC25,10s,10,5987,2025-11-13 10:58:00,25223,25225.25,25219.75,25220.75,575,5.5,2.25,2.25,1,-1,-250,-178.25,-28.48333333,-5.15
MNQ DEC25,20s,20,5993,2025-11-13 10:58:00,25220.75,25227.5,25215.75,25220.75,1555,11.75,0,6.75,5,0,-178.3,-302.75,-162.81666667,-95.49
MNQ DEC25,1s,1,5880,2025-11-13 10:58:01,25220.75,25221.75,25218,25220.5,166,3.75,0.25,1,2.5,-1,,,,
MNQ DEC25,1s,1,5881,2025-11-13 10:58:02,25220.25,25221.5,25217,25220.5,108,4.5,0.25,1,3.25,1,,,,
MNQ DEC25,1s,1,5882,2025-11-13 10:58:03,25220.5,25221,25218.25,25218.5,44,2.75,2,0.5,0.25,-1,,,,
MNQ DEC25,1s,1,5883,2025-11-13 10:58:04,25218.5,25219,25215.25,25217,87,3.75,1.5,0.5,1.75,-1,,,,
MNQ DEC25,1s,1,5884,2025-11-13 10:58:05,25216.25,25218.75,25216.25,25218.25,47,2.5,2,0.5,0,1,,,,
MNQ DEC25,1s,1,5885,2025-11-13 10:58:06,25218,25218,25215.75,25217.75,56,2.25,0.25,0,2,-1,,,,
MNQ DEC25,1s,1,5886,2025-11-13 10:58:07,25218,25218.75,25217.5,25217.75,27,1.25,0.25,0.75,0.25,-1,,,,
MNQ DEC25,1s,1,5887,2025-11-13 10:58:08,25217.5,25220.75,25217.25,25218,150,3.5,0.5,2.75,0.25,1,,,,
MNQ DEC25,1s,1,5888,2025-11-13 10:58:09,25218,25218.25,25216.25,25216.5,63,2,1.5,0.25,0.25,-1,,,,
MNQ DEC25,1s,1,5889,2025-11-13 10:58:10,25216.5,25224.5,25215.25,25224.25,357,9.25,7.75,0.25,1.25,1,,,,
MNQ DEC25,10s,10,5988,2025-11-13 10:58:10,25220.75,25224.5,25215.25,25224.25,1105,9.25,3.5,0.25,5.5,1,-253.45,-3.45,-49.16666667,7.51
MNQ DEC25,1s,1,5890,2025-11-13 10:58:11,25224,25226.75,25223.5,25224.25,130,3.25,0.25,2.5,0.5,1,,,,
MNQ DEC25,1s,1,5891,2025-11-13 10:58:12,25224.25,25225.5,25222.25,25225.5,67,3.25,1.25,0,2,1,,,,
MNQ DEC25,1s,1,5892,2025-11-13 10:58:13,25225.25,25226.75,25224.75,25225.5,67,2,0.25,1.25,0.5,1,,,,
MNQ DEC25,1s,1,5893,2025-11-13 10:58:14,25226.25,25226.5,25225.5,25226.5,45,1,0.25,0,0.75,1,,,,
MNQ DEC25,1s,1,5894,2025-11-13 10:58:15,25225.75,25226.5,25223.25,25223.5,74,3.25,2.25,0.75,0.25,-1,,,,
MNQ DEC25,1s,1,5895,2025-11-13 10:58:16,25223.75,25225,25222.25,25225,80,2.75,1.25,0,1.5,1,,,,
MNQ DEC25,1s,1,5896,2025-11-13 10:58:17,25225,25226.5,25224.75,25225.75,59,1.75,0.75,0.75,0.25,1,,,,
MNQ DEC25,1s,1,5897,2025-11-13 10:58:18,25225,25225.25,25224.25,25225.25,47,1,0.25,0,0.75,1,,,,
MNQ DEC25,1s,1,5898,2025-11-13 10:58:19,25225,25226.25,25224.75,25225.5,40,1.5,0.5,0.75,0.25,1,,,,
MNQ DEC25,1s,1,5899,2025-11-13 10:58:20,25225,25226.25,25224.25,25224.5,61,2,0.5,1.25,0.25,-1,,,,
MNQ DEC25,10s,10,5989,2025-11-13 10:58:20,25224,25226.75,25222.25,25224.5,670,4.5,0.5,2.25,1.75,1,-302.35,-48.9,-76.86666667,-27.56
MNQ DEC25,20s,20,5994,2025-11-13 10:58:20,25220.75,25226.75,25215.25,25224.5,1775,11.5,3.75,2.25,5.5,1,-232.45,-54.15,-213.33333333,-119.25
MNQ DEC25,1s,1,5900,2025-11-13 10:58:21,25225,25232.5,25224.75,25232.25,547,7.75,7.25,0.25,0.25,1,,,,
MNQ DEC25,1s,1,5901,2025-11-13 10:58:22,25232.5,25232.5,25227.75,25228,145,4.75,4.5,0,0.25,-1,,,,
MNQ DEC25,1s,1,5902,2025-11-13 10:58:23,25228.5,25229,25227.5,25227.75,71,1.5,0.75,0.5,0.25,-1,,,,
MNQ DEC25,1s,1,5903,2025-11-13 10:58:24,25228.25,25228.25,25225.75,25227,204,2.5,1.25,0,1.25,-1,,,,
MNQ DEC25,1s,1,5904,2025-11-13 10:58:25,25227,25231.75,25226.75,25230.25,107,5,3.25,1.5,0.25,1,,,,
MNQ DEC25,1s,1,5905,2025-11-13 10:58:26,25231,25231.5,25229.25,25230.5,66,2.25,0.5,0.5,1.25,-1,,,,
MNQ DEC25,1s,1,5906,2025-11-13 10:58:27,25230.5,25231,25228,25228.75,163,3,1.75,0.5,0.75,-1,,,,
MNQ DEC25,1s,1,5907,2025-11-13 10:58:28,25227.5,25230,25226,25228.5,215,4,1,1.5,1.5,1,,,,
MNQ DEC25,1s,1,5908,2025-11-13 10:58:29,25229,25232.5,25228.25,25232.25,109,4.25,3.25,0.25,0.75,1,,,,
MNQ DEC25,1s,1,5909,2025-11-13 10:58:30,25232.75,25236.75,25232.75,25236.25,326,4,3.5,0.5,0,1,,,,
MNQ DEC25,10s,10,5990,2025-11-13 10:58:30,25225,25236.75,25224.75,25236.25,1953,12,11.25,0.5,0.25,1,-101.8,200.55,49.4,0.83
MNQ DEC25,1s,1,5910,2025-11-13 10:58:31,25236.25,25236.25,25233,25233,145,3.25,3.25,0,0,-1,,,,
MNQ DEC25,1s,1,5911,2025-11-13 10:58:32,25233.5,25236.25,25233.5,25234.75,98,2.75,1.25,1.5,0,1,,,,
MNQ DEC25,1s,1,5912,2025-11-13 10:58:33,25235.25,25236.5,25234,25234.5,116,2.5,0.75,1.25,0.5,-1,,,,
MNQ DEC25,1s,1,5913,2025-11-13 10:58:34,25234.5,25235.25,25231.75,25233,315,3.5,1.5,0.75,1.25,-1,,,,
MNQ DEC25,1s,1,5914,2025-11-13 10:58:35,25232.75,25235,25232.75,25233.25,66,2.25,0.5,1.75,0,1,,,,
MNQ DEC25,1s,1,5915,2025-11-13 10:58:36,25233.5,25233.5,25229.75,25230.5,189,3.75,3,0,0.75,-1,,,,
MNQ DEC25,1s,1,5916,2025-11-13 10:58:37,25230.25,25231.25,25228.5,25229.25,136,2.75,1,1,0.75,-1,,,,
MNQ DEC25,1s,1,5917,2025-11-13 10:58:38,25229.75,25230.75,25227.5,25230.5,135,3.25,0.75,0.25,2.25,1,,,,
MNQ DEC25,1s,1,5918,2025-11-13 10:58:39,25230.75,25232.75,25230,25230,115,2.75,0.75,2,0,-1,,,,
MNQ DEC25,1s,1,5919,2025-11-13 10:58:40,25230,25230.25,25229,25229,83,1.25,1,0.25,0,-1,,,,
MNQ DEC25,10s,10,5991,2025-11-13 10:58:40,25236.25,25236.5,25227.5,25229,1398,9,7.25,0.25,1.5,-1,-20.2,81.6,77.75,10.31
MNQ DEC25,20s,20,5995,2025-11-13 10:58:40,25225,25236.75,25224.75,25229,3351,12,4,7.75,0.25,1,-22.9,209.55,-49.11666667,-66.61
MNQ DEC25,1s,1,5920,2025-11-13 10:58:41,25229.5,25234.25,25229.5,25233.25,141,4.75,3.75,1,0,1,,,,
MNQ DEC25,1s,1,5921,2025-11-13 10:58:42,25233.5,25234.5,25232.5,25234.5,65,2,1,0,1,1,,,,
MNQ DEC25,1s,1,5922,2025-11-13 10:58:43,25233.75,25236.75,25233,25236,147,3.75,2.25,0.75,0.75,1,,,,
MNQ DEC25,1s,1,5923,2025-11-13 10:58:44,25236,25236.25,25234.25,25234.75,78,2,1.25,0.25,0.5,-1,,,,
MNQ DEC25,1s,1,5924,2025-11-13 10:58:45,25234.75,25235.75,25234.5,25235.25,98,1.25,0.5,0.5,0.25,1,,,,
MNQ DEC25,1s,1,5925,2025-11-13 10:58:46,25235.25,25238.5,25235,25237.5,118,3.5,2.25,1,0.25,1,,,,
MNQ DEC25,1s,1,5926,2025-11-13 10:58:47,25238,25238,25235,25237.5,132,3,0.5,0,2.5,-1,,,,
MNQ DEC25,1s,1,5927,2025-11-13 10:58:48,25237.25,25238.5,25235.5,25235.5,105,3,1.75,1.25,0,-1,,,,
MNQ DEC25,1s,1,5928,2025-11-13 10:58:49,25235.5,25236.25,25233.25,25234.5,108,3,1,0.75,1.25,-1,,,,
MNQ DEC25,1s,1,5929,2025-11-13 10:58:50,25235,25235.75,25234,25234,38,1.75,1,0.75,0,-1,,,,
MNQ DEC25,10s,10,5992,2025-11-13 10:58:50,25229.5,25238.5,25229.5,25234,1030,9,4.5,4.5,0,1,61.2,81.4,121.18333333,62.24
MNQ DEC25,1s,1,5930,2025-11-13 10:58:51,25234.25,25236.5,25234,25236.25,80,2.5,2,0.25,0.25,1,,,,
MNQ DEC25,1s,1,5931,2025-11-13 10:58:52,25235.75,25236.75,25233.75,25234,53,3,1.75,1,0.25,-1,,,,
MNQ DEC25,1s,1,5932,2025-11-13 10:58:53,25234,25235.75,25233.5,25235.75,99,2.25,1.75,0,0.5,1,,,,
MNQ DEC25,1s,1,5933,2025-11-13 10:58:54,25235.5,25241,25235.5,25239.5,368,5.5,4,1.5,0,1,,,,
MNQ DEC25,1s,1,5934,2025-11-13 10:58:55,25239.75,25243,25239.5,25243,360,3.5,3.25,0,0.25,1,,,,
MNQ DEC25,1s,1,5935,2025-11-13 10:58:56,25242.75,25245,25242.5,25244,288,2.5,1.25,1,0.25,1,,,,
MNQ DEC25,1s,1,5936,2025-11-13 10:58:57,25243.75,25244.25,25242.5,25243.75,143,1.75,0,0.5,1.25,0,,,,
MNQ DEC25,1s,1,5937,2025-11-13 10:58:58,25243.25,25243.25,25240.25,25241.25,130,3,2,0,1,-1,,,,
MNQ DEC25,1s,1,5938,2025-11-13 10:58:59,25240.75,25242.75,25239,25242,188,3.75,1.25,0.75,1.75,1,,,,
MNQ DEC25,1s,1,5939,2025-11-13 10:59:00,25242,25242.75,25241.25,25242.75,82,1.5,0.75,0,0.75,1,,,,
MNQ DEC25,10s,10,5993,2025-11-13 10:59:00,25234.25,25245,25233.5,25242.75,1791,11.5,8.5,2.25,0.75,1,169.9,108.7,90.56666667,84.67
MNQ DEC25,20s,20,5996,2025-11-13 10:59:00,25229.5,25245,25229.5,25242.75,2821,15.5,13.25,2.25,0,1,-51.7,-28.8,42.2,-91.85
MNQ DEC25,1s,1,5940,2025-11-13 10:59:01,25242.5,25243.25,25240.25,25242,137,3,0.5,0.75,1.75,-1,,,,
MNQ DEC25,1s,1,5941,2025-11-13 10:59:02,25241.75,25243.25,25240,25242.75,127,3.25,1,0.5,1.75,1,,,,
MNQ DEC25,1s,1,5942,2025-11-13 10:59:03,25243,25243.75,25241.25,25242.75,129,2.5,0.25,0.75,1.5,-1,,,,
MNQ DEC25,1s,1,5943,2025-11-13 10:59:04,25242.25,25242.25,25240,25241.75,75,2.25,0.5,0,1.75,-1,,,,
MNQ DEC25,1s,1,5944,2025-11-13 10:59:05,25241,25242.5,25239.5,25242.5,89,3,1.5,0,1.5,1,,,,
MNQ DEC25,1s,1,5945,2025-11-13 10:59:06,25241.5,25242,25239.5,25239.75,73,2.5,1.75,0.5,0.25,-1,,,,
MNQ DEC25,1s,1,5946,2025-11-13 10:59:07,25240,25241.25,25239.5,25240.75,75,1.75,0.75,0.5,0.5,1,,,,
MNQ DEC25,1s,1,5947,2025-11-13 10:59:08,25240.5,25241,25239.75,25240.75,86,1.25,0.25,0.25,0.75,1,,,,
MNQ DEC25,1s,1,5948,2025-11-13 10:59:09,25241.25,25242.75,25240.5,25241.75,157,2.25,0.5,1,0.75,1,,,,
MNQ DEC25,1s,1,5949,2025-11-13 10:59:10,25242,25244,25242,25242.75,119,2,0.75,1.25,0,1,,,,
MNQ DEC25,10s,10,5994,2025-11-13 10:59:10,25242.5,25244,25239.5,25242.75,1067,4.5,0.25,1.25,3,1,275.7,105.8,98.63333333,115.61
MNQ DEC25,1s,1,5950,2025-11-13 10:59:11,25242.5,25244.5,25240.25,25240.5,85,4.25,2,2,0.25,-1,,,,
MNQ DEC25,1s,1,5951,2025-11-13 10:59:12,25241,25241.75,25238.5,25241,230,3.25,0,0.75,2.5,0,,,,
MNQ DEC25,1s,1,5952,2025-11-13 10:59:13,25240,25241.75,25239.75,25241.25,87,2,1.25,0.5,0.25,1,,,,
MNQ DEC25,1s,1,5953,2025-11-13 10:59:14,25241,25241.5,25239.25,25241.5,85,2.25,0.5,0,1.75,1,,,,
MNQ DEC25,1s,1,5954,2025-11-13 10:59:15,25241,25241,25239.75,25239.75,43,1.25,1.25,0,0,-1,,,,
MNQ DEC25,1s,1,5955,2025-11-13 10:59:16,25239.25,25243.75,25237.5,25242.25,331,6.25,3,1.5,1.75,1,,,,
MNQ DEC25,1s,1,5956,2025-11-13 10:59:17,25242.75,25243,25241.75,25242.5,48,1.25,0.25,0.25,0.75,-1,,,,
MNQ DEC25,1s,1,5957,2025-11-13 10:59:18,25242.5,25244,25240.5,25241.25,75,3.5,1.25,1.5,0.75,-1,,,,
MNQ DEC25,1s,1,5958,2025-11-13 10:59:19,25241.25,25242,25239.25,25241.5,89,2.75,0.25,0.5,2,1,,,,
MNQ DEC25,1s,1,5959,2025-11-13 10:59:20,25241.75,25243.25,25241.25,25243.25,132,2,1.5,0,0.5,1,,,,
MNQ DEC25,10s,10,5995,2025-11-13 10:59:20,25242.5,25244.5,25237.5,25243.25,1205,7,0.75,1.25,5,1,135.95,-139.75,24.91666667,47.55
MNQ DEC25,20s,20,5997,2025-11-13 10:59:20,25242.5,25244.5,25237.5,25243.25,2272,7,0.75,1.25,5,1,52.55,104.25,95,-14.38
MNQ DEC25,1s,1,5960,2025-11-13 10:59:21,25242.75,25244.5,25242.5,25244,64,2,1.25,0.5,0.25,1,,,,
MNQ DEC25,1s,1,5961,2025-11-13 10:59:22,25243,25243.25,25241.75,25242,63,1.5,1,0.25,0.25,-1,,,,
MNQ DEC25,1s,1,5962,2025-11-13 10:59:23,25241.5,25242.25,25240.75,25241.75,30,1.5,0.25,0.5,0.75,1,,,,
MNQ DEC25,1s,1,5963,2025-11-13 10:59:24,25242.5,25247,25241.5,25246,181,5.5,3.5,1,1,1,,,,
MNQ DEC25,1s,1,5964,2025-11-13 10:59:25,25246.25,25247.25,25244.75,25246.25,117,2.5,0,1,1.5,0,,,,
MNQ DEC25,1s,1,5965,2025-11-13 10:59:26,25246,25246.75,25244.75,25246,106,2,0,0.75,1.25,0,,,,
MNQ DEC25,1s,1,5966,2025-11-13 10:59:27,25245.5,25247.5,25244.75,25245,80,2.75,0.5,2,0.25,-1,,,,
MNQ DEC25,1s,1,5967,2025-11-13 10:59:28,25245.25,25246.5,25244.25,25246,75,2.25,0.75,0.5,1,1,,,,
MNQ DEC25,1s,1,5968,2025-11-13 10:59:29,25246,25247.75,25245.5,25246,91,2.25,0,1.75,0.5,0,,,,
MNQ DEC25,1s,1,5969,2025-11-13 10:59:30,25246,25248.75,25243.75,25247.75,293,5,1.75,1,2.25,1,,,,
MNQ DEC25,10s,10,5996,2025-11-13 10:59:30,25242.75,25248.75,25240.75,25247.75,1100,8,5,1,2,1,102.05,-33.9,-22.61666667,24.45
MNQ DEC25,1s,1,5970,2025-11-13 10:59:31,25248,25249,25246,25247.5,119,3,0.5,1,1.5,-1,,,,
MNQ DEC25,1s,1,5971,2025-11-13 10:59:32,25247,25247.5,25244.75,25247.5,121,2.75,0.5,0,2.25,1,,,,
MNQ DEC25,1s,1,5972,2025-11-13 10:59:33,25246.5,25248.75,25246.5,25247.75,57,2.25,1.25,1,0,1,,,,
MNQ DEC25,1s,1,5973,2025-11-13 10:59:34,25248,25253.5,25248,25252.5,560,5.5,4.5,1,0,1,,,,
MNQ DEC25,1s,1,5974,2025-11-13 10:59:35,25251.75,25251.75,25249.5,25250,148,2.25,1.75,0,0.5,-1,,,,
MNQ DEC25,1s,1,5975,2025-11-13 10:59:36,25249.75,25251.25,25249,25250.25,79,2.25,0.5,1,0.75,1,,,,
MNQ DEC25,1s,1,5976,2025-11-13 10:59:37,25249.75,25251.25,25249.75,25250.75,71,1.5,1,0.5,0,1,,,,
MNQ DEC25,1s,1,5977,2025-11-13 10:59:38,25251,25251.75,25250,25251.5,108,1.75,0.5,0.25,1,1,,,,
MNQ DEC25,1s,1,5978,2025-11-13 10:59:39,25251,25252.5,25249.5,25251.25,71,3,0.25,1.25,1.5,1,,,,
MNQ DEC25,1s,1,5979,2025-11-13 10:59:40,25251,25252.75,25250.25,25252.75,56,2.5,1.75,0,0.75,1,,,,
MNQ DEC25,10s,10,5997,2025-11-13 10:59:40,25248,25253.5,25244.75,25252.75,1390,8.75,4.75,0.75,3.25,1,195.9,93.85,-26.6,26.94
MNQ DEC25,20s,20,5998,2025-11-13 10:59:40,25242.75,25253.5,25240.75,25252.75,2490,12.75,10,0.75,2,1,183.45,130.9,68.78333333,72.35
MNQ DEC25,1s,1,5980,2025-11-13 10:59:41,25252.5,25253.25,25251.25,25251.75,101,2,0.75,0.75,0.5,-1,,,,
MNQ DEC25,1s,1,5981,2025-11-13 10:59:42,25252.25,25254,25251.75,25253.75,68,2.25,1.5,0.25,0.5,1,,,,
MNQ DEC25,1s,1,5982,2025-11-13 10:59:43,25253.5,25254,25252.25,25253.5,97,1.75,0,0.5,1.25,0,,,,
MNQ DEC25,1s,1,5983,2025-11-13 10:59:44,25253.25,25255.75,25253.25,25254.75,183,2.5,1.5,1,0,1,,,,
MNQ DEC25,1s,1,5984,2025-11-13 10:59:45,25255,25255.5,25253.25,25255.5,88,2.25,0.5,0,1.75,1,,,,
MNQ DEC25,1s,1,5985,2025-11-13 10:59:46,25255.5,25257,25255,25256.75,159,2,1.25,0.25,0.5,1,,,,
MNQ DEC25,1s,1,5986,2025-11-13 10:59:47,25257,25258.5,25256.5,25257.25,186,2,0.25,1.25,0.5,1,,,,
MNQ DEC25,1s,1,5987,2025-11-13 10:59:48,25257.25,25258.5,25256.25,25257.75,127,2.25,0.5,0.75,1,1,,,,
MNQ DEC25,1s,1,5988,2025-11-13 10:59:49,25258.5,25259.25,25258,25258.5,90,1.25,0,0.75,0.5,0,,,,
MNQ DEC25,1s,1,5989,2025-11-13 10:59:50,25258.5,25260.25,25258.25,25260.25,142,2,1.75,0,0.25,1,,,,
MNQ DEC25,10s,10,5998,2025-11-13 10:59:50,25252.5,25260.25,25251.25,25260.25,1241,9,7.75,0,1.25,1,86.65,-109.25,-16.43333333,-16.65
MNQ DEC25,1s,1,5990,2025-11-13 10:59:51,25259.5,25260.25,25257.5,25257.75,151,2.75,1.75,0.75,0.25,-1,,,,
MNQ DEC25,1s,1,5991,2025-11-13 10:59:52,25257.5,25258,25257,25257.5,95,1,0,0.5,0.5,0,,,,
MNQ DEC25,1s,1,5992,2025-11-13 10:59:53,25258,25259.75,25258,25259,121,1.75,1,0.75,0,1,,,,
MNQ DEC25,1s,1,5993,2025-11-13 10:59:54,25259.25,25259.75,25258,25258.75,69,1.75,0.5,0.5,0.75,-1,,,,
MNQ DEC25,1s,1,5994,2025-11-13 10:59:55,25258.25,25260.75,25257.5,25260.25,223,3.25,2,0.5,0.75,1,,,,
MNQ DEC25,1s,1,5995,2025-11-13 10:59:56,25260,25260,25258.75,25259.25,93,1.25,0.75,0,0.5,-1,,,,
MNQ DEC25,1s,1,5996,2025-11-13 10:59:57,25259,25260.25,25258.5,25259.75,126,1.75,0.75,0.5,0.5,1,,,,
MNQ DEC25,1s,1,5997,2025-11-13 10:59:58,25259.25,25260.25,25258.75,25260,97,1.5,0.75,0.25,0.5,1,,,,
MNQ DEC25,1s,1,5998,2025-11-13 10:59:59,25260.5,25261.25,25259,25259,59,2.25,1.5,0.75,0,-1,,,,
